MetricX,MetricY,N,RCentered,PCentered,RDetrended,PDetrended,BatchValid,BatchSameDirection,BatchOppositeDirection,MedianBatchR,AbsRDetrended
NL_RobustP2P,MaxAbsSettlePositionErrorDeg,0,NaN,NaN,NaN,NaN,0,0,0,NaN,NaN
MeanDC,MaxAbsSettlePositionErrorDeg,0,NaN,NaN,NaN,NaN,0,0,0,NaN,NaN
RMS_AC,MaxAbsSettlePositionErrorDeg,0,NaN,NaN,NaN,NaN,0,0,0,NaN,NaN
A1,MaxAbsSettlePositionErrorDeg,0,NaN,NaN,NaN,NaN,0,0,0,NaN,NaN
A2,MaxAbsSettlePositionErrorDeg,0,NaN,NaN,NaN,NaN,0,0,0,NaN,NaN
A3,MaxAbsSettlePositionErrorDeg,0,NaN,NaN,NaN,NaN,0,0,0,NaN,NaN
A6,MaxAbsSettlePositionErrorDeg,0,NaN,NaN,NaN,NaN,0,0,0,NaN,NaN
A9,MaxAbsSettlePositionErrorDeg,0,NaN,NaN,NaN,NaN,0,0,0,NaN,NaN
A12,MaxAbsSettlePositionErrorDeg,0,NaN,NaN,NaN,NaN,0,0,0,NaN,NaN
A18,MaxAbsSettlePositionErrorDeg,0,NaN,NaN,NaN,NaN,0,0,0,NaN,NaN
A27,MaxAbsSettlePositionErrorDeg,0,NaN,NaN,NaN,NaN,0,0,0,NaN,NaN
A36,MaxAbsSettlePositionErrorDeg,0,NaN,NaN,NaN,NaN,0,0,0,NaN,NaN
A45,MaxAbsSettlePositionErrorDeg,0,NaN,NaN,NaN,NaN,0,0,0,NaN,NaN
A72,MaxAbsSettlePositionErrorDeg,0,NaN,NaN,NaN,NaN,0,0,0,NaN,NaN
A108,MaxAbsSettlePositionErrorDeg,0,NaN,NaN,NaN,NaN,0,0,0,NaN,NaN
Residual_RMS_H6,MaxAbsSettlePositionErrorDeg,0,NaN,NaN,NaN,NaN,0,0,0,NaN,NaN
Residual_RMS_H36,MaxAbsSettlePositionErrorDeg,0,NaN,NaN,NaN,NaN,0,0,0,NaN,NaN
Residual_RMS_Full,MaxAbsSettlePositionErrorDeg,0,NaN,NaN,NaN,NaN,0,0,0,NaN,NaN
Residual_RMS_Extended,MaxAbsSettlePositionErrorDeg,0,NaN,NaN,NaN,NaN,0,0,0,NaN,NaN
Fitted_P2P,MaxAbsSettlePositionErrorDeg,0,NaN,NaN,NaN,NaN,0,0,0,NaN,NaN
Fitted_P2P_Extended,MaxAbsSettlePositionErrorDeg,0,NaN,NaN,NaN,NaN,0,0,0,NaN,NaN
FitExplainedRatio,MaxAbsSettlePositionErrorDeg,0,NaN,NaN,NaN,NaN,0,0,0,NaN,NaN
FitExplainedRatio_Extended,MaxAbsSettlePositionErrorDeg,0,NaN,NaN,NaN,NaN,0,0,0,NaN,NaN
Motor_Error_P2P_Deg,MaxAbsSettlePositionErrorDeg,0,NaN,NaN,NaN,NaN,0,0,0,NaN,NaN
Motor_System_INL_Deg,MaxAbsSettlePositionErrorDeg,0,NaN,NaN,NaN,NaN,0,0,0,NaN,NaN
CrestFactor,MaxAbsSettlePositionErrorDeg,0,NaN,NaN,NaN,NaN,0,0,0,NaN,NaN
P99_AbsDeviation,MaxAbsSettlePositionErrorDeg,0,NaN,NaN,NaN,NaN,0,0,0,NaN,NaN
TrackingError_RMS_Deg,MaxAbsSettlePositionErrorDeg,0,NaN,NaN,NaN,NaN,0,0,0,NaN,NaN
TrackingError_MaxAbs_Deg,MaxAbsSettlePositionErrorDeg,0,NaN,NaN,NaN,NaN,0,0,0,NaN,NaN
ClosureErrorDeg,MaxAbsSettlePositionErrorDeg,0,NaN,NaN,NaN,NaN,0,0,0,NaN,NaN
AbsClosureErrorDeg,MaxAbsSettlePositionErrorDeg,0,NaN,NaN,NaN,NaN,0,0,0,NaN,NaN
ShadowP2P,MaxAbsSettlePositionErrorDeg,0,NaN,NaN,NaN,NaN,0,0,0,NaN,NaN
BackoffFeedforwardTargetErrorRaw,MaxAbsSettlePositionErrorDeg,0,NaN,NaN,NaN,NaN,0,0,0,NaN,NaN
ForwardFeedforwardTargetErrorRaw,MaxAbsSettlePositionErrorDeg,0,NaN,NaN,NaN,NaN,0,0,0,NaN,NaN
BackoffTargetErrorRaw,MaxAbsSettlePositionErrorDeg,0,NaN,NaN,NaN,NaN,0,0,0,NaN,NaN
ApproachTargetErrorRaw,MaxAbsSettlePositionErrorDeg,0,NaN,NaN,NaN,NaN,0,0,0,NaN,NaN
ApproachReturnErrorRaw,MaxAbsSettlePositionErrorDeg,0,NaN,NaN,NaN,NaN,0,0,0,NaN,NaN
AbsApproachReturnErrorRaw,MaxAbsSettlePositionErrorDeg,0,NaN,NaN,NaN,NaN,0,0,0,NaN,NaN
BackoffObservedDeltaRaw,MaxAbsSettlePositionErrorDeg,0,NaN,NaN,NaN,NaN,0,0,0,NaN,NaN
ApproachObservedDeltaRaw,MaxAbsSettlePositionErrorDeg,0,NaN,NaN,NaN,NaN,0,0,0,NaN,NaN
AnalysisStartRaw,MaxAbsSettlePositionErrorDeg,0,NaN,NaN,NaN,NaN,0,0,0,NaN,NaN
MaxAbsSettlePositionErrorDeg,MotorActiveDurationMs,0,NaN,NaN,NaN,NaN,0,0,0,NaN,NaN
MaxAbsSettlePositionErrorDeg,TimeSincePreviousRunMs,0,NaN,NaN,NaN,NaN,0,0,0,NaN,NaN
BackoffFeedforwardTargetErrorRaw,BackoffTargetErrorRaw,80,1,0,1,0,8,8,0,1,1
BackoffFeedforwardTargetErrorRaw,BackoffObservedDeltaRaw,80,1,0,1,0,8,8,0,1,1
ForwardFeedforwardTargetErrorRaw,ApproachTargetErrorRaw,80,1,0,1,0,8,8,0,1,1
ForwardFeedforwardTargetErrorRaw,ApproachObservedDeltaRaw,80,1,0,1,0,8,8,0,1,1
BackoffTargetErrorRaw,BackoffObservedDeltaRaw,80,1,0,1,0,8,8,0,1,1
ApproachTargetErrorRaw,ApproachObservedDeltaRaw,80,1,0,1,0,8,8,0,1,1
Motor_Error_P2P_Deg,Motor_System_INL_Deg,80,0.999996475928053,1.07001087949217e-202,0.999996218663213,1.67035687165129e-201,8,8,0,0.999997005115756,0.999996218663213
RMS_AC,Residual_RMS_H6,80,0.99929352451774,6.36462148008201e-113,0.9991975721672,9.12109604394964e-111,8,8,0,0.999561136101981,0.9991975721672
Motor_System_INL_Deg,ShadowP2P,80,0.98981280094349,8.445959821004e-68,0.98958734803698,1.97506815241981e-67,8,8,0,0.992226845007105,0.98958734803698
Motor_Error_P2P_Deg,ShadowP2P,80,0.989787426951763,9.30205357042242e-68,0.989584705169447,1.99461521559961e-67,8,8,0,0.992343211765882,0.989584705169447
Residual_RMS_Extended,FitExplainedRatio_Extended,80,-0.971575950285146,1.43940013506508e-50,-0.966434407939394,8.55702734736518e-48,8,8,0,-0.982083651133402,0.966434407939394
A36,Residual_RMS_Full,80,0.931133947571585,6.50947127033566e-36,0.896190372521656,2.96103154590017e-29,8,8,0,0.925898021759953,0.896190372521656
Residual_RMS_H36,FitExplainedRatio,80,0.819375424483606,1.54762745178763e-20,0.822677696366559,8.05696968614397e-21,8,8,0,0.771808148818871,0.822677696366559
RMS_AC,Residual_RMS_H36,80,0.724311123361881,3.11993296973782e-14,0.797177201307608,9.04656670317616e-19,8,8,0,0.835874044604657,0.797177201307608
Residual_RMS_H6,Residual_RMS_H36,80,0.72497137581923,2.88163615376093e-14,0.796763779521441,9.71164895180777e-19,8,8,0,0.83820215347259,0.796763779521441
A1,FitExplainedRatio,80,0.831760683389655,1.244999019272e-21,0.773740553281026,3.96929526129849e-17,8,8,0,0.814723152167345,0.773740553281026
A1,Residual_RMS_H36,80,0.738738819105921,5.20787108930522e-15,0.721111876478181,4.57031526355798e-14,8,8,0,0.722203218317711,0.721111876478181
RMS_AC,Residual_RMS_Full,80,0.666477062370663,1.50051521189486e-11,0.71215006588145,1.29542324222216e-13,8,8,0,0.782399884710934,0.71215006588145
A2,FitExplainedRatio,80,0.568634319439235,3.74349897103266e-08,0.710297127148681,1.59893257709971e-13,8,7,1,0.641146834630753,0.710297127148681
RMS_AC,Fitted_P2P_Extended,80,0.632838032452719,3.01753917174168e-10,0.708240183392058,2.01596126345304e-13,8,8,0,0.791874982890289,0.708240183392058
Residual_RMS_H6,Residual_RMS_Full,80,0.6610948876944,2.48845010054721e-11,0.705113593824257,2.85644281752965e-13,8,8,0,0.772884491713541,0.705113593824257
Residual_RMS_H6,Fitted_P2P_Extended,80,0.628464328826177,4.3414198889985e-10,0.698414907411431,5.93677960422019e-13,8,7,1,0.789635833124589,0.698414907411431
NL_RobustP2P,Residual_RMS_H36,80,0.735298232727211,8.065776915444e-15,0.693724932092421,9.79193848326044e-13,8,8,0,0.703342393865792,0.693724932092421
Fitted_P2P,FitExplainedRatio,80,0.752923822015683,7.95897548786874e-16,0.691907980506057,1.18564786746773e-12,8,7,1,0.541758274841282,0.691907980506057
Residual_RMS_H36,Fitted_P2P,80,0.719812350653834,5.3289298131554e-14,0.678845921509208,4.50646968280747e-12,8,7,1,0.693429312565023,0.678845921509208
RMS_AC,A36,80,0.64934936416913,7.24716381027086e-11,0.672153496526435,8.70148027402483e-12,8,8,0,0.716124729716403,0.672153496526435
NL_RobustP2P,RMS_AC,80,0.550351339646647,1.23302931377081e-07,0.671776533994829,9.02545732051802e-12,8,8,0,0.717613693942342,0.671776533994829
A36,Residual_RMS_H6,80,0.647390964614558,8.62219799955302e-11,0.671207287650038,9.53673564602579e-12,8,8,0,0.713138085310179,0.671207287650038
NL_RobustP2P,Residual_RMS_H6,80,0.547579618930201,1.46819296514753e-07,0.66713960482048,1.40891328440499e-11,8,8,0,0.708216673790697,0.66713960482048
A72,Residual_RMS_Full,80,0.698740544639111,5.73201333469685e-13,0.66495096723022,1.73376279546594e-11,8,7,1,0.599193713416544,0.66495096723022
A72,A108,80,0.737549979299945,6.06235939325963e-15,0.662872448514106,2.10799172844992e-11,8,7,1,0.65699069140556,0.662872448514106
MeanDC,AnalysisStartRaw,80,0.581843345457466,1.51095468965469e-08,0.657794309851322,3.37639773946552e-11,8,7,1,0.637947629294611,0.657794309851322
Motor_Error_P2P_Deg,CrestFactor,80,0.655178842989953,4.2885269106414e-11,0.646945931247858,8.96783391163461e-11,8,8,0,0.742620800178923,0.646945931247858
Motor_System_INL_Deg,CrestFactor,80,0.655025485243675,4.34876687793004e-11,0.646907780839945,8.99807355448478e-11,8,8,0,0.74250173096838,0.646907780839945
A2,Residual_RMS_H36,80,0.61139527108366,1.70295584194495e-09,0.645920032739467,9.8159004641721e-11,8,8,0,0.647058992573906,0.645920032739467
A2,Fitted_P2P,80,0.556721316097117,8.20584909693956e-08,0.643618492820323,1.20069259682967e-10,8,6,2,0.622636822489416,0.643618492820323
CrestFactor,ShadowP2P,80,0.644556370192395,1.10627764700472e-10,0.636522195661328,2.21124515175338e-10,8,8,0,0.713067895995085,0.636522195661328
A108,Residual_RMS_Full,80,0.659882155613238,2.78492984907137e-11,0.63215339083986,3.19555563043725e-10,8,8,0,0.682214178249409,0.63215339083986
Residual_RMS_H36,Fitted_P2P_Extended,80,0.59461802867316,6.04170674419555e-09,0.621633361016705,7.57674463494817e-10,8,8,0,0.689900015452974,0.621633361016705
Fitted_P2P,Fitted_P2P_Extended,80,0.628850041528007,4.20532112792295e-10,0.608510275348022,2.12843056475904e-09,8,8,0,0.791138772254663,0.608510275348022
A1,Residual_RMS_H6,80,0.435404257157141,5.42759412758151e-05,0.607289948193103,2.33742231323446e-09,8,8,0,0.630564378020296,0.607289948193103
NL_RobustP2P,Motor_System_INL_Deg,80,0.640053923097959,1.63495207528456e-10,0.600921570669825,3.78661549263218e-09,8,8,0,0.753799006140215,0.600921570669825
NL_RobustP2P,Motor_Error_P2P_Deg,80,0.640030764073489,1.63821315840507e-10,0.600669502814142,3.85877708198001e-09,8,8,0,0.753367790682529,0.600669502814142
RMS_AC,A1,80,0.424716658381693,8.61526809021168e-05,0.5959172009197,5.49158126118626e-09,8,8,0,0.61901076577511,0.5959172009197
NL_RobustP2P,ShadowP2P,80,0.620616931592279,8.22187306557947e-10,0.589438920363629,8.80307745088616e-09,8,8,0,0.741674821278677,0.589438920363629
ForwardFeedforwardTargetErrorRaw,BackoffObservedDeltaRaw,80,-0.540322578559653,2.3017840959409e-07,-0.579063856286883,1.83491598345383e-08,8,6,2,-0.491649206297218,0.579063856286883
ApproachTargetErrorRaw,BackoffObservedDeltaRaw,80,-0.540322578559653,2.3017840959409e-07,-0.579063856286883,1.83491598345383e-08,8,6,2,-0.491649206297218,0.579063856286883
BackoffFeedforwardTargetErrorRaw,ForwardFeedforwardTargetErrorRaw,80,-0.540322578559653,2.3017840959409e-07,-0.579063856286883,1.83491598345385e-08,8,6,2,-0.491649206297217,0.579063856286883
BackoffFeedforwardTargetErrorRaw,ApproachTargetErrorRaw,80,-0.540322578559653,2.3017840959409e-07,-0.579063856286883,1.83491598345385e-08,8,6,2,-0.491649206297217,0.579063856286883
BackoffFeedforwardTargetErrorRaw,ApproachObservedDeltaRaw,80,-0.540322578559654,2.30178409594089e-07,-0.579063856286883,1.83491598345385e-08,8,6,2,-0.491649206297217,0.579063856286883
ForwardFeedforwardTargetErrorRaw,BackoffTargetErrorRaw,80,-0.540322578559653,2.3017840959409e-07,-0.579063856286883,1.83491598345385e-08,8,6,2,-0.491649206297217,0.579063856286883
BackoffTargetErrorRaw,ApproachTargetErrorRaw,80,-0.540322578559653,2.3017840959409e-07,-0.579063856286883,1.83491598345385e-08,8,6,2,-0.491649206297217,0.579063856286883
BackoffTargetErrorRaw,ApproachObservedDeltaRaw,80,-0.540322578559654,2.30178409594089e-07,-0.579063856286883,1.83491598345385e-08,8,6,2,-0.491649206297217,0.579063856286883
BackoffObservedDeltaRaw,ApproachObservedDeltaRaw,80,-0.540322578559653,2.3017840959409e-07,-0.579063856286882,1.83491598345388e-08,8,6,2,-0.491649206297217,0.579063856286882
BackoffFeedforwardTargetErrorRaw,ApproachReturnErrorRaw,80,0.609421661558549,1.9841163914403e-09,0.578272750847314,1.93858465254831e-08,8,7,1,0.671420705419247,0.578272750847314
BackoffTargetErrorRaw,ApproachReturnErrorRaw,80,0.609421661558549,1.9841163914403e-09,0.578272750847314,1.93858465254831e-08,8,7,1,0.671420705419247,0.578272750847314
ApproachReturnErrorRaw,BackoffObservedDeltaRaw,80,0.609421661558548,1.9841163914403e-09,0.578272750847314,1.93858465254833e-08,8,7,1,0.671420705419245,0.578272750847314
A72,Fitted_P2P_Extended,80,0.387808045761459,0.000379074195803796,0.563861777494368,5.14561312378423e-08,8,7,1,0.331411872532133,0.563861777494368
ClosureErrorDeg,AnalysisStartRaw,80,-0.438077390766328,4.82349164503487e-05,-0.553001203412021,1.04196372437709e-07,8,8,0,-0.489502281960561,0.553001203412021
RMS_AC,TrackingError_RMS_Deg,80,0.504497870437808,1.82811832411609e-06,0.551651969239498,1.13543611362624e-07,8,8,0,0.671823430699699,0.551651969239498
Residual_RMS_H6,TrackingError_RMS_Deg,80,0.500609484540151,2.25758421078797e-06,0.546422437005527,1.57845210036638e-07,8,8,0,0.670137547716876,0.546422437005527
NL_RobustP2P,A1,80,0.620055105021269,8.6006644199489e-10,0.538191398796549,2.62147461111186e-07,8,8,0,0.557474649657047,0.538191398796549
NL_RobustP2P,Fitted_P2P_Extended,80,0.480896355305794,6.32869400639094e-06,0.53711367129626,2.79872367361235e-07,8,8,0,0.521504034474343,0.53711367129626
Motor_System_INL_Deg,TrackingError_MaxAbs_Deg,80,0.535568947524842,3.07266123496293e-07,0.528299584896628,4.73887258603207e-07,8,8,0,0.547885140316407,0.528299584896628
Motor_Error_P2P_Deg,TrackingError_MaxAbs_Deg,80,0.53519218467793,3.14322487358692e-07,0.528069832487332,4.80341973077061e-07,8,8,0,0.547702853884596,0.528069832487332
Residual_RMS_Full,Fitted_P2P_Extended,80,0.327088134936593,0.00306203424576013,0.522092846484748,6.8059710264937e-07,8,7,1,0.592647972265201,0.522092846484748
TrackingError_MaxAbs_Deg,ShadowP2P,80,0.528272199227598,4.74652310083296e-07,0.519171521210841,8.05030832375834e-07,8,8,0,0.530354472157636,0.519171521210841
Residual_RMS_H6,FitExplainedRatio,80,0.365928952294886,0.000843741309221534,0.515117467083445,1.01365485958417e-06,8,6,2,0.467902063750681,0.515117467083445
A36,A72,80,0.56214693674429,5.76168849385697e-08,0.510025077472336,1.34828739508944e-06,8,6,2,0.389403102280218,0.510025077472336
RMS_AC,A72,80,0.38713721305528,0.00038881322296288,0.508800279851897,1.44305352624204e-06,8,6,2,0.259871797323746,0.508800279851897
RMS_AC,FitExplainedRatio,80,0.359609430682898,0.00105231044136805,0.507219544819076,1.57465779014599e-06,8,6,2,0.463367342595404,0.507219544819076
A72,Residual_RMS_H6,80,0.38725401553963,0.000387101192418595,0.506048413954662,1.67936796872774e-06,8,7,1,0.268092028232959,0.506048413954662
Fitted_P2P_Extended,ShadowP2P,80,0.480555222464125,6.43900946918121e-06,0.479956930762376,6.6368523108804e-06,8,7,1,0.615892808789921,0.479956930762376
Fitted_P2P_Extended,Motor_System_INL_Deg,80,0.48159532260466,6.10817658252023e-06,0.47962309059546,6.74971017325022e-06,8,7,1,0.611912330167826,0.47962309059546
Fitted_P2P_Extended,Motor_Error_P2P_Deg,80,0.481667094070295,6.08594614128875e-06,0.479510883252788,6.78804531310157e-06,8,7,1,0.611854712229321,0.479510883252788
NL_RobustP2P,P99_AbsDeviation,80,0.472728950670174,9.52377796497488e-06,0.472750239764085,9.5137665547538e-06,8,8,0,0.486583446347184,0.472750239764085
RMS_AC,Fitted_P2P,80,0.423782708329474,8.96369639533748e-05,0.472430876712961,9.66499044849087e-06,8,7,1,0.621872727027988,0.472430876712961
MeanDC,ClosureErrorDeg,80,-0.441055935690805,4.22429326984744e-05,-0.472302284133699,9.7265145536721e-06,8,7,1,-0.376236472995215,0.472302284133699
A1,Fitted_P2P,80,0.57292297673393,2.80056900357196e-08,0.466217855688043,1.30944970080587e-05,8,7,1,0.471821110893211,0.466217855688043
Residual_RMS_H6,Fitted_P2P,80,0.420509252738719,0.000102906009820522,0.465886368313808,1.33061872649497e-05,8,7,1,0.622362118669748,0.465886368313808
A36,A108,80,0.508665849934433,1.4538288426867e-06,0.46490954830066,1.39487536332063e-05,8,7,1,0.441185068988796,0.46490954830066
A1,A3,80,-0.373059115394499,0.000654055064309512,-0.464127120617311,1.44842522212265e-05,8,6,2,-0.521971288661214,0.464127120617311
RMS_AC,A108,80,0.341985644154886,0.00190369206879528,0.463505338595035,1.49234449087329e-05,8,8,0,0.376913060783065,0.463505338595035
A108,Residual_RMS_H6,80,0.340460273166449,0.00200076566356374,0.459521770693968,1.80462493386202e-05,8,8,0,0.374205720789856,0.459521770693968
NL_RobustP2P,A72,80,0.0126364952974519,0.911418235981206,0.449790222351761,2.84249967106443e-05,8,8,0,0.372946689190237,0.449790222351761
ApproachReturnErrorRaw,AbsApproachReturnErrorRaw,80,0.305977569975843,0.00577646851604292,0.447209885013638,3.19903751736037e-05,8,6,2,1,0.447209885013638
AbsApproachReturnErrorRaw,ApproachObservedDeltaRaw,80,0.440776327289311,4.27744815301147e-05,0.444051540600397,3.6920974325835e-05,8,8,0,0.523884274340284,0.444051540600397
ForwardFeedforwardTargetErrorRaw,AbsApproachReturnErrorRaw,80,0.440776327289311,4.27744815301146e-05,0.444051540600397,3.6920974325835e-05,8,8,0,0.523884274340284,0.444051540600397
ApproachTargetErrorRaw,AbsApproachReturnErrorRaw,80,0.440776327289311,4.27744815301146e-05,0.444051540600397,3.6920974325835e-05,8,8,0,0.523884274340284,0.444051540600397
MeanDC,ApproachReturnErrorRaw,80,0.408208560260488,0.000170729851293233,0.441303761109558,4.17769474602671e-05,8,7,1,0.576097460767484,0.441303761109558
MeanDC,ForwardFeedforwardTargetErrorRaw,80,0.364804650835927,0.000877848020854291,0.439822279127709,4.46353622698054e-05,8,7,1,0.576766419925038,0.439822279127709
MeanDC,ApproachTargetErrorRaw,80,0.364804650835927,0.000877848020854291,0.439822279127709,4.46353622698054e-05,8,7,1,0.576766419925038,0.439822279127709
MeanDC,ApproachObservedDeltaRaw,80,0.364804650835927,0.000877848020854291,0.439822279127709,4.46353622698057e-05,8,7,1,0.576766419925038,0.439822279127709
Residual_RMS_H36,Motor_Error_P2P_Deg,80,0.471790780730105,9.97488868306157e-06,0.438548371175981,4.72376246557518e-05,8,8,0,0.463557051586581,0.438548371175981
Residual_RMS_H36,Motor_System_INL_Deg,80,0.471357008326607,1.0190159402518e-05,0.438180696445085,4.80145077792567e-05,8,8,0,0.463545896900864,0.438180696445085
A1,A6,80,-0.393442897166391,0.000305673055664722,-0.432946142052028,6.04441992199733e-05,8,5,3,-0.338122821577359,0.432946142052028
A18,P99_AbsDeviation,80,-0.376445964663616,0.000578354250049385,-0.431559553422129,6.42045827546164e-05,8,5,3,-0.459726266146061,0.431559553422129
Residual_RMS_Full,TrackingError_RMS_Deg,80,0.345676343025897,0.00168612785841964,0.431032678232402,6.56895153964098e-05,8,6,2,0.485902393457519,0.431032678232402
Residual_RMS_H36,TrackingError_RMS_Deg,80,0.387185714607743,0.000388101471728618,0.430732045721656,6.65510264921422e-05,8,7,1,0.588496771864294,0.430732045721656
Residual_RMS_H36,ShadowP2P,80,0.463270446878702,1.50925754866571e-05,0.429505087303578,7.01769147789211e-05,8,8,0,0.437836749522708,0.429505087303578
RMS_AC,A2,80,0.474696445043403,8.63905709138209e-06,0.428063502702575,7.46708738833404e-05,8,7,1,0.389136276154085,0.428063502702575
A2,Residual_RMS_H6,80,0.47192146296747,9.91087368555188e-06,0.427530397615241,7.6399285602684e-05,8,7,1,0.381336136623844,0.427530397615241
NL_RobustP2P,CrestFactor,80,0.419618205156916,0.000106820399658646,0.426808650790053,7.87984372180004e-05,8,7,1,0.509603030928749,0.426808650790053
A108,Fitted_P2P_Extended,80,0.227778053620062,0.0421495920164477,0.424737399561231,8.60767457368274e-05,8,7,1,0.418989537952334,0.424737399561231
A9,Residual_RMS_Full,80,0.230821445050373,0.0394039737380844,0.420795810491069,0.000101675641903702,8,7,1,0.324278024467187,0.420795810491069
NL_RobustP2P,Residual_RMS_Full,80,0.0689316463506918,0.543477180718762,0.420379957638006,0.000103465650902242,8,7,1,0.524432794579221,0.420379957638006
Fitted_P2P_Extended,TrackingError_RMS_Deg,80,0.361634636967432,0.00098086965564392,0.419537688773176,0.000107180811885201,8,7,1,0.547129261180161,0.419537688773176
A6,FitExplainedRatio_Extended,80,-0.356634278145413,0.00116584109582653,-0.418477264487004,0.000112033712752362,8,7,1,-0.288522685766318,0.418477264487004
Fitted_P2P_Extended,TrackingError_MaxAbs_Deg,80,0.293531883152529,0.00822738463338189,0.418215050701731,0.000113264640254568,8,7,1,0.387287694051581,0.418215050701731
NL_RobustP2P,FitExplainedRatio,80,0.56017550479517,6.55645465579381e-08,0.413826445533179,0.000135813944919013,8,8,0,0.437951591993255,0.413826445533179
NL_RobustP2P,A108,80,0.0535844506349387,0.636876664695555,0.41356945078472,0.000137255020737313,8,6,2,0.484082409823336,0.41356945078472
TrackingError_RMS_Deg,TrackingError_MaxAbs_Deg,80,0.375394957539365,0.000600942638255723,0.410787875176085,0.000153782144232294,8,7,1,0.474851486157214,0.410787875176085
Fitted_P2P,ShadowP2P,80,0.412775884720874,0.000141794486678657,0.408367657316742,0.000169636582615543,8,7,1,0.489449967988982,0.408367657316742
A6,Residual_RMS_Extended,80,0.334323406738665,0.00243791123821908,0.407054899137718,0.000178853957987982,8,7,1,0.352376516388093,0.407054899137718
CrestFactor,TrackingError_MaxAbs_Deg,80,0.357690092999661,0.00112433988425716,0.403053698639656,0.000209872296858241,8,8,0,0.219339845082818,0.403053698639656
RMS_AC,Motor_System_INL_Deg,80,0.322047701541309,0.00357760623390932,0.402059168516116,0.000218315161988714,8,7,1,0.457156041057918,0.402059168516116
RMS_AC,Motor_Error_P2P_Deg,80,0.321747335921578,0.00361064206926996,0.4018414476764,0.000220204685655116,8,7,1,0.456790732750364,0.4018414476764
Residual_RMS_H6,Motor_System_INL_Deg,80,0.320922464675528,0.00370276961308072,0.398018781202391,0.000255930822050135,8,8,0,0.454059593969129,0.398018781202391
Residual_RMS_H6,Motor_Error_P2P_Deg,80,0.320630115792647,0.00373592069547095,0.397803278320094,0.000258095419818592,8,8,0,0.453676921002622,0.397803278320094
A36,Fitted_P2P_Extended,80,0.241447894999794,0.0309574948750823,0.396295644782388,0.000273715769351469,8,6,2,0.503606428976582,0.396295644782388
A108,TrackingError_MaxAbs_Deg,80,0.362937215326433,0.000937277439168363,0.394480448268866,0.000293673584610209,8,6,2,0.378490828958433,0.394480448268866
A2,AnalysisStartRaw,80,0.183507743942039,0.103232621331075,0.393356258493738,0.000306695138095153,8,5,3,0.0877076576928266,0.393356258493738
Fitted_P2P,Motor_Error_P2P_Deg,80,0.401838371303657,0.000220231491951219,0.393114743459826,0.000309560894043355,8,7,1,0.479072260604727,0.393114743459826
Fitted_P2P,Motor_System_INL_Deg,80,0.401220166331086,0.000225679647945245,0.39267271020529,0.000314869702528381,8,7,1,0.478764332924943,0.39267271020529
RMS_AC,ShadowP2P,80,0.318166117984637,0.00402600675057719,0.392632604634881,0.00031535548090367,8,8,0,0.442038888177937,0.392632604634881
A1,FitExplainedRatio_Extended,80,0.380639057161592,0.000495740696203933,0.390405268912612,0.000343439297998669,8,6,2,0.208742600182413,0.390405268912612
Residual_RMS_H6,ShadowP2P,80,0.316588195312329,0.0042221461526578,0.388221043546636,0.000373190083245779,8,8,0,0.433395858277581,0.388221043546636
A6,ClosureErrorDeg,80,0.336226734594693,0.00229395221004841,0.386265430663388,0.000401812125789341,8,7,1,0.513243164805564,0.386265430663388
A12,A36,80,0.364262104897051,0.00089475084467455,0.375007500231933,0.000609471004870907,8,6,2,0.304232624139353,0.375007500231933
FitExplainedRatio,FitExplainedRatio_Extended,80,0.300205063299095,0.00681882112795809,0.370763610152899,0.000710386499174312,8,5,3,0.275491828509911,0.370763610152899
A2,Fitted_P2P_Extended,80,0.270538135022548,0.01521883600149,0.369194763770032,0.000751391315124509,8,5,3,0.256167290312017,0.369194763770032
RMS_AC,A9,80,0.23984899623749,0.0321213831134226,0.366711895679725,0.000820706626009228,8,7,1,0.1927410079041,0.366711895679725
MeanDC,TrackingError_RMS_Deg,80,-0.332667383674816,0.0025697048916703,-0.364247055291134,0.000895223897525286,8,6,2,-0.943385911451079,0.364247055291134
Residual_RMS_Extended,ClosureErrorDeg,80,0.266005367182359,0.0170829158913538,0.362049921932921,0.000966775847289662,8,8,0,0.370133271760933,0.362049921932921
Residual_RMS_H36,P99_AbsDeviation,80,0.3937146175609,0.000302487800143274,0.360888168750279,0.00100667287609852,8,7,1,0.406887406079374,0.360888168750279
A9,Residual_RMS_H6,80,0.238239641778291,0.0333297980183595,0.360645788264262,0.00101518281868559,8,7,1,0.187787288499673,0.360645788264262
A72,TrackingError_MaxAbs_Deg,80,0.238730607744737,0.0329571686334973,0.3595394600545,0.00105486099131165,8,8,0,0.225265898556154,0.3595394600545
A6,Residual_RMS_H6,80,-0.35663640423064,0.0011657561487312,-0.357193534185527,0.00114368850154946,8,6,2,-0.368696460505405,0.357193534185527
NL_RobustP2P,BackoffObservedDeltaRaw,80,0.241629091712999,0.0308278641958383,0.350387882908605,0.00144106212926516,8,7,1,0.282426268826066,0.350387882908605
NL_RobustP2P,BackoffFeedforwardTargetErrorRaw,80,0.241629091712999,0.0308278641958383,0.350387882908605,0.00144106212926517,8,7,1,0.282426268826067,0.350387882908605
NL_RobustP2P,BackoffTargetErrorRaw,80,0.241629091712999,0.0308278641958383,0.350387882908605,0.00144106212926517,8,7,1,0.282426268826067,0.350387882908605
A36,TrackingError_RMS_Deg,80,0.278907452592504,0.0122350885258336,0.350239812932369,0.00144824535237996,8,6,2,0.568002174003885,0.350239812932369
A3,FitExplainedRatio,80,-0.351166169524414,0.00140383233591327,-0.35010849270165,0.00145464306363667,8,7,1,-0.269023763496107,0.35010849270165
A9,A45,80,0.324769440969273,0.00329032618632659,0.348288994312618,0.00154595320547151,8,7,1,0.415192488684826,0.348288994312618
A9,Residual_RMS_H36,80,0.261492142952874,0.0191308526197307,0.34463113293416,0.00174534437601343,8,6,2,0.457590456360522,0.34463113293416
FitExplainedRatio_Extended,ClosureErrorDeg,80,-0.25271460965918,0.023720980439645,-0.341488358706605,0.00193486262121427,8,7,1,-0.301475103281283,0.341488358706605
FitExplainedRatio,AnalysisStartRaw,80,-0.0185017850905796,0.870601562534143,0.336065060714411,0.00230587680460013,8,5,3,0.464787143968869,0.336065060714411
ClosureErrorDeg,AbsClosureErrorDeg,80,-0.268365391108084,0.0160892208696412,-0.331758109738316,0.00264475401051904,8,4,4,-0.0995016502880706,0.331758109738316
ApproachReturnErrorRaw,ApproachObservedDeltaRaw,80,0.33786254352692,0.0021763783994585,0.330285831356301,0.00277044423822153,8,6,2,0.516205164083586,0.330285831356301
ForwardFeedforwardTargetErrorRaw,ApproachReturnErrorRaw,80,0.33786254352692,0.0021763783994585,0.330285831356301,0.00277044423822154,8,6,2,0.516205164083586,0.330285831356301
ApproachTargetErrorRaw,ApproachReturnErrorRaw,80,0.33786254352692,0.0021763783994585,0.330285831356301,0.00277044423822154,8,6,2,0.516205164083586,0.330285831356301
NL_RobustP2P,AbsClosureErrorDeg,80,-0.36998714963957,0.000730418882672314,-0.329914419032215,0.00280298548828922,8,6,2,-0.441721601097418,0.329914419032215
FitExplainedRatio,ClosureErrorDeg,80,-0.298936275452042,0.00706899405041508,-0.32988493259825,0.00280558354487967,8,5,3,-0.306644781704191,0.32988493259825
RMS_AC,A6,80,-0.330037198573083,0.00279219050029579,-0.329165631881568,0.00286963287112174,8,6,2,-0.343131652860757,0.329165631881568
Fitted_P2P_Extended,FitExplainedRatio,80,0.335294428584202,0.0023634849616827,0.328205268764172,0.00295718673540532,8,7,1,0.243142422795686,0.328205268764172
A1,Residual_RMS_Extended,80,-0.338844274328836,0.00210844514140539,-0.328057792251073,0.00297084142282676,8,6,2,-0.0519154600113407,0.328057792251073
Motor_Error_P2P_Deg,P99_AbsDeviation,80,0.331937737656106,0.00262977413631749,0.327495235971564,0.00302344732840961,8,7,1,0.293154566520292,0.327495235971564
Motor_System_INL_Deg,P99_AbsDeviation,80,0.33184183915772,0.0026377619975588,0.327444561120104,0.00302822670776487,8,7,1,0.293531330594894,0.327444561120104
A72,TrackingError_RMS_Deg,80,0.279693379233491,0.0119829720866669,0.325536101108939,0.00321321467710714,8,5,3,0.264775474715997,0.325536101108939
A108,TrackingError_RMS_Deg,80,0.313084880344372,0.00468828454015618,0.325138720393843,0.00325297971179309,8,7,1,0.183122572887764,0.325138720393843
RMS_AC,TrackingError_MaxAbs_Deg,80,0.244472004287259,0.0288530902166407,0.32331049461983,0.00344164752379574,8,7,1,0.343504865681749,0.32331049461983
Residual_RMS_H6,TrackingError_MaxAbs_Deg,80,0.24266403730453,0.0300961775731434,0.320991902810479,0.00369493427502869,8,7,1,0.337841953968715,0.320991902810479
NL_RobustP2P,Fitted_P2P,80,0.42788360873164,7.52500240643877e-05,0.319846802223427,0.0038260526800744,8,7,1,0.377755788425259,0.319846802223427
A2,ClosureErrorDeg,80,-0.301081475696719,0.0066506018835221,-0.316859204916087,0.00418786627251446,8,6,2,-0.272985825612233,0.316859204916087
Residual_RMS_Full,TrackingError_MaxAbs_Deg,80,0.189467301677683,0.0923248825528827,0.31571693370449,0.00433404864103118,8,7,1,0.367613900767704,0.31571693370449
CrestFactor,P99_AbsDeviation,80,0.322771587658451,0.00349909455204388,0.31553079019798,0.00435829544623795,8,5,3,0.35049071438328,0.31553079019798
Residual_RMS_Extended,FitExplainedRatio,80,-0.261563800759022,0.0190967620329215,-0.315356469523497,0.0043811114762041,8,5,3,-0.165497942279062,0.315356469523497
A6,FitExplainedRatio,80,-0.26432261458433,0.0178232888452572,-0.312318998981582,0.00479607753252839,8,5,3,-0.147988117305845,0.312318998981582
Residual_RMS_H6,BackoffObservedDeltaRaw,80,0.371259096136543,0.00069786611568922,0.311568909063984,0.00490377375184715,8,6,2,0.304996967322495,0.311568909063984
Residual_RMS_H6,BackoffFeedforwardTargetErrorRaw,80,0.371259096136543,0.000697866115689217,0.311568909063984,0.00490377375184715,8,6,2,0.304996967322495,0.311568909063984
Residual_RMS_H6,BackoffTargetErrorRaw,80,0.371259096136543,0.000697866115689217,0.311568909063984,0.00490377375184715,8,6,2,0.304996967322495,0.311568909063984
RMS_AC,BackoffObservedDeltaRaw,80,0.370438500055,0.000718712500127419,0.311230815651648,0.00495301379542665,8,6,2,0.309680233178287,0.311230815651648
RMS_AC,BackoffFeedforwardTargetErrorRaw,80,0.370438500055,0.000718712500127428,0.311230815651647,0.00495301379542668,8,6,2,0.309680233178288,0.311230815651647
RMS_AC,BackoffTargetErrorRaw,80,0.370438500055,0.000718712500127428,0.311230815651647,0.00495301379542668,8,6,2,0.309680233178288,0.311230815651647
NL_RobustP2P,TrackingError_RMS_Deg,80,0.234737259177134,0.0360918708887854,0.311100077219352,0.0049721718249731,8,7,1,0.330948993958565,0.311100077219352
P99_AbsDeviation,ShadowP2P,80,0.318285676971591,0.00401148126266732,0.309468975767179,0.00521677178280391,8,7,1,0.303048372674049,0.309468975767179
A1,A2,80,0.233450030558081,0.0371539650753209,0.30899821945222,0.00528932072786965,8,7,1,0.35091218315912,0.30899821945222
A36,FitExplainedRatio_Extended,80,0.0233475330897183,0.837128331434379,0.308222759686417,0.00541077754017167,8,7,1,0.339083835639611,0.308222759686417
A72,Motor_System_INL_Deg,80,0.10795354824889,0.340509729957333,0.306993518375148,0.00560837059059925,8,7,1,0.293763150256465,0.306993518375148
A12,Fitted_P2P_Extended,80,0.343099932284904,0.00183548271166652,0.306325148236517,0.00571846388036413,8,7,1,0.323990502158352,0.306325148236517
A72,Motor_Error_P2P_Deg,80,0.107110659657303,0.344315343483996,0.306305717531077,0.00572169287580286,8,7,1,0.293445501413977,0.306305717531077
A72,ShadowP2P,80,0.123108404001591,0.27662612756014,0.303906898850409,0.00613292990229806,8,8,0,0.276574275797779,0.303906898850409
A9,A108,80,0.175744468400411,0.118918249631288,0.297489992666241,0.0073639894306113,8,6,2,0.143457900327879,0.297489992666241
A2,A18,80,-0.269601778021345,0.0155888180820454,-0.297234593372098,0.0074171928119084,8,8,0,-0.266191972349953,0.297234593372098
RMS_AC,P99_AbsDeviation,80,0.26923167189287,0.0157371834271245,0.297211007154403,0.00742212317299429,8,8,0,0.257639452483197,0.297211007154403
Residual_RMS_H6,FitExplainedRatio_Extended,80,0.0920677741285676,0.416650473524855,0.295386437605581,0.00781236787366887,8,4,4,0.132440066905753,0.295386437605581
Residual_RMS_H6,P99_AbsDeviation,80,0.268355857061868,0.016093132753089,0.295224004474266,0.0078479679349627,8,8,0,0.257744871370915,0.295224004474266
Motor_System_INL_Deg,MotorActiveDurationMs,80,0.173082756298247,0.124698499257411,0.29149415092167,0.00870558285283137,8,7,1,0.244681044268699,0.29149415092167
Motor_Error_P2P_Deg,MotorActiveDurationMs,80,0.172655978451591,0.125644954506683,0.291078511105273,0.00880605874875706,8,7,1,0.245276275866174,0.291078511105273
A18,AnalysisStartRaw,80,0.21590983445065,0.0544152236030196,0.289621748610229,0.00916627824479728,8,6,2,0.388805925830085,0.289621748610229
A27,A45,80,0.27702727687203,0.0128570045048863,0.286590003573801,0.00995752418980262,8,7,1,0.246753190711529,0.286590003573801
Residual_RMS_Full,ClosureErrorDeg,80,0.23818005629679,0.0333752613221549,0.286499332646104,0.0099820795626929,8,5,3,0.249179536065112,0.286499332646104
A72,P99_AbsDeviation,80,0.122082105365625,0.280680748418943,0.285305484588618,0.0103103625521922,8,7,1,0.370926785739523,0.285305484588618
P99_AbsDeviation,MotorActiveDurationMs,80,0.226537994893594,0.0433129403985914,0.284926466375615,0.0104165363744262,8,4,4,0.116004553501004,0.284926466375615
A12,A45,80,-0.227111690485864,0.0427714689032542,-0.282584316830238,0.0110940430455138,8,4,4,0.0332406189907586,0.282584316830238
Fitted_P2P_Extended,P99_AbsDeviation,80,0.284862149983148,0.0104346475843726,0.282548334980945,0.011104743922212,8,8,0,0.258778286018212,0.282548334980945
A6,Residual_RMS_H36,80,-0.302569312552509,0.00637339107545051,-0.282152502017411,0.011223058021138,8,5,3,-0.183164086887783,0.282152502017411
RMS_AC,FitExplainedRatio_Extended,80,0.0773674930718334,0.495157780895445,0.281488364710539,0.0114240347547924,8,4,4,0.122053261076753,0.281488364710539
MotorActiveDurationMs,TimeSincePreviousRunMs,80,0.0634586766273312,0.576009723655067,0.28111020301946,0.0115398653334289,8,6,2,0.118361188654573,0.28111020301946
A1,P99_AbsDeviation,80,0.330032762302479,0.00279257989560806,0.280881338120216,0.0116104617073027,8,6,2,0.367019856656014,0.280881338120216
Residual_RMS_Full,BackoffFeedforwardTargetErrorRaw,80,0.380786622023221,0.000493040436791257,0.278931887717974,0.0122271811422513,8,5,3,0.309951273212106,0.278931887717974
Residual_RMS_Full,BackoffTargetErrorRaw,80,0.380786622023221,0.000493040436791257,0.278931887717974,0.0122271811422513,8,5,3,0.309951273212106,0.278931887717974
Residual_RMS_Full,BackoffObservedDeltaRaw,80,0.380786622023221,0.000493040436791257,0.278931887717974,0.0122271811422513,8,5,3,0.309951273212106,0.278931887717974
A1,TrackingError_RMS_Deg,80,0.206875421147003,0.0655921735390934,0.278668243372616,0.0123127332898407,8,6,2,0.564837235620834,0.278668243372616
ShadowP2P,MotorActiveDurationMs,80,0.156719019616793,0.165054454949182,0.276775611590533,0.0129422957335652,8,7,1,0.197907129671246,0.276775611590533
FitExplainedRatio,P99_AbsDeviation,80,0.321374102327987,0.00365207120023807,0.276053433349243,0.0131897778366239,8,7,1,0.26104857186322,0.276053433349243
A108,ShadowP2P,80,0.144913919479742,0.199656090063429,0.274575011402346,0.0137092401933325,8,6,2,0.314265503916605,0.274575011402346
A2,FitExplainedRatio_Extended,80,0.0505197741935896,0.65629423630306,0.274556924017123,0.0137157035852699,8,4,4,-0.0318907399937912,0.274556924017123
NL_RobustP2P,MeanDC,80,-0.29312572025591,0.00832081716019365,-0.273152486553596,0.014225694663409,8,7,1,-0.330049172022657,0.273152486553596
A108,Motor_System_INL_Deg,80,0.127909743074182,0.258179054993849,0.270176732126659,0.0153607285617426,8,5,3,0.294803750838208,0.270176732126659
A108,Motor_Error_P2P_Deg,80,0.127215119483547,0.260794788205351,0.269750711542826,0.0155294561458434,8,5,3,0.294117006004319,0.269750711542826
NL_RobustP2P,A9,80,0.212041873160853,0.0589932481713661,0.26942711502551,0.0156586846078552,8,6,2,0.256208969843831,0.26942711502551
A9,Fitted_P2P_Extended,80,0.272400898533766,0.0145052962042796,0.268803791012837,0.0159102255569398,8,6,2,0.131748183852447,0.268803791012837
A2,TimeSincePreviousRunMs,80,-0.174456469887679,0.121689042659938,-0.267822594279812,0.0163132433294901,8,6,2,-0.436500894678849,0.267822594279812
NL_RobustP2P,A36,80,-0.0217920418639977,0.847844782961666,0.267109729343387,0.0166115346923666,8,6,2,0.285822578112462,0.267109729343387
A72,Residual_RMS_H36,80,0.00183128105611611,0.987137304570707,0.266340149348209,0.0169388182935538,8,6,2,0.0895125081212792,0.266340149348209
P99_AbsDeviation,ApproachReturnErrorRaw,80,0.157095709577226,0.16402836096303,0.265309990227034,0.0173855947243455,8,6,2,0.160592286848953,0.265309990227034
A1,CrestFactor,80,0.345904465086989,0.0016734470110823,0.264675759409237,0.0176656678157612,8,6,2,0.336083395969769,0.264675759409237
A27,TrackingError_MaxAbs_Deg,80,-0.240340215607855,0.0317599588576303,-0.26400994705246,0.0179638504146899,8,8,0,-0.24931172198461,0.26400994705246
A45,P99_AbsDeviation,80,0.248024807420636,0.0265363090008964,0.263587279374219,0.0181553760371208,8,5,3,0.282996887892492,0.263587279374219
TrackingError_RMS_Deg,MotorActiveDurationMs,80,-0.311296954290646,0.00494334698773951,-0.263386973021318,0.0182467525629722,8,6,2,-0.212080030811386,0.263386973021318
A12,Residual_RMS_Full,80,0.277146810541038,0.0128166647672772,0.260805949330272,0.0194599533401982,8,6,2,0.204880099607717,0.260805949330272
A45,CrestFactor,80,0.238664737848063,0.0330069580044336,0.260536912121201,0.0195903016591273,8,6,2,0.327681704718159,0.260536912121201
ApproachReturnErrorRaw,AnalysisStartRaw,80,0.27179964816964,0.0147323787260607,0.260385638337859,0.0196639216054696,8,7,1,0.298829784545836,0.260385638337859
A18,A108,80,-0.244014682325458,0.0291633577179924,-0.260072021530885,0.019817303565867,8,6,2,-0.250930678417817,0.260072021530885
A9,TrackingError_RMS_Deg,80,0.173631443257824,0.123489711216861,0.25956745077129,0.0200662257893537,8,4,4,0.0492650330910188,0.25956745077129
A108,Residual_RMS_H36,80,0.0051240692168332,0.964019598871113,0.258354696314456,0.0206754876439085,8,6,2,0.233839069929531,0.258354696314456
FitExplainedRatio,Motor_Error_P2P_Deg,80,0.333192916299542,0.00252720484950134,0.257599747573016,0.021062689153456,8,8,0,0.231119164241914,0.257599747573016
FitExplainedRatio,Motor_System_INL_Deg,80,0.332395791479372,0.00259191887349403,0.256964824221452,0.0213931113766904,8,8,0,0.231248965162479,0.256964824221452
FitExplainedRatio,ShadowP2P,80,0.325425240326072,0.00322426436107914,0.256591430839187,0.0215894892538694,8,8,0,0.16470005531261,0.256591430839187
Residual_RMS_Full,Motor_System_INL_Deg,80,0.0431350011104929,0.704007777265335,0.25590179454278,0.0219562350788629,8,5,3,0.273606065642488,0.25590179454278
Residual_RMS_Full,Motor_Error_P2P_Deg,80,0.042220502682942,0.710001425297025,0.255141989751509,0.022366436730858,8,5,3,0.272662833613257,0.255141989751509
CrestFactor,AbsClosureErrorDeg,80,-0.254499370632263,0.0227184549327823,-0.254775046431103,0.0225668694272681,8,7,1,-0.300380532744714,0.254775046431103
NL_RobustP2P,TrackingError_MaxAbs_Deg,80,0.284854233902748,0.0104368786150182,0.252270270415291,0.0239763434373172,8,8,0,0.211401255360353,0.252270270415291
A45,Residual_RMS_H36,80,0.219845366828903,0.0500597341842469,0.251961612205157,0.0241551028945639,8,6,2,0.370728506985683,0.251961612205157
MeanDC,A9,80,-0.268356828330055,0.0160927341977024,-0.251670818100936,0.0243245516467494,8,5,3,-0.240137767273157,0.251670818100936
A1,BackoffObservedDeltaRaw,80,0.0971570939979096,0.391249546135431,0.249832709984595,0.0254191796761344,8,6,2,0.212553995324131,0.249832709984595
A1,BackoffFeedforwardTargetErrorRaw,80,0.0971570939979096,0.391249546135431,0.249832709984595,0.0254191796761346,8,6,2,0.212553995324132,0.249832709984595
A1,BackoffTargetErrorRaw,80,0.0971570939979096,0.391249546135431,0.249832709984595,0.0254191796761346,8,6,2,0.212553995324132,0.249832709984595
A1,AbsClosureErrorDeg,80,-0.25393541846816,0.0230312589036877,-0.248954904307319,0.0259565020631446,8,5,3,-0.406441947174442,0.248954904307319
A3,ClosureErrorDeg,80,0.249980955888766,0.0253293734141481,0.246768862474755,0.0273366234206953,8,6,2,0.252725070882482,0.246768862474755
Residual_RMS_H36,CrestFactor,80,0.268474926825331,0.0160443363936257,0.246486599153799,0.0275192710499927,8,6,2,0.32852456951351,0.246486599153799
MeanDC,A1,80,-0.359366770893079,0.0010611798256417,-0.245194225461716,0.0283687805287762,8,5,3,-0.488318167612882,0.245194225461716
Residual_RMS_Full,ShadowP2P,80,0.0458058785576127,0.686606879723219,0.245134644674872,0.028408472808063,8,6,2,0.274797419419604,0.245134644674872
A3,BackoffFeedforwardTargetErrorRaw,80,-0.202820406454159,0.0711791032126985,-0.244500309219399,0.0288339788205097,8,6,2,-0.410594061488483,0.244500309219399
A3,BackoffTargetErrorRaw,80,-0.202820406454159,0.0711791032126985,-0.244500309219399,0.0288339788205097,8,6,2,-0.410594061488483,0.244500309219399
A3,BackoffObservedDeltaRaw,80,-0.202820406454159,0.0711791032126985,-0.244500309219399,0.0288339788205097,8,6,2,-0.410594061488482,0.244500309219399
Residual_RMS_H36,AnalysisStartRaw,80,-0.0268033013482468,0.813428552712849,0.243117691026638,0.0297800973383312,8,5,3,0.272951294975003,0.243117691026638
A12,AbsClosureErrorDeg,80,0.060738181642814,0.592509315498328,0.242698367213,0.0300721599636426,8,5,3,0.202535128431928,0.242698367213
A108,P99_AbsDeviation,80,0.101856826437777,0.368632408853077,0.24023464486484,0.0318373447747461,8,6,2,0.243122729276789,0.24023464486484
Residual_RMS_Full,FitExplainedRatio,80,-0.453113659906543,2.43775212143966e-05,-0.240216917944265,0.0318503545688136,8,6,2,-0.364229673324784,0.240216917944265
Fitted_P2P,AbsApproachReturnErrorRaw,80,-0.190609790125006,0.090341461173942,-0.239878746483129,0.0320993958880984,8,7,1,-0.282851821934348,0.239878746483129
A3,A6,80,0.192244098442746,0.0875628339750057,0.239848386388304,0.0321218339610912,8,5,3,0.334201593021443,0.239848386388304
NL_RobustP2P,ForwardFeedforwardTargetErrorRaw,80,-0.203279897092703,0.0705274263670864,-0.23486397545177,0.0359887033750419,8,5,3,-0.222166860350905,0.23486397545177
NL_RobustP2P,ApproachTargetErrorRaw,80,-0.203279897092703,0.0705274263670864,-0.23486397545177,0.0359887033750419,8,5,3,-0.222166860350905,0.23486397545177
NL_RobustP2P,ApproachObservedDeltaRaw,80,-0.203279897092703,0.0705274263670864,-0.23486397545177,0.0359887033750419,8,5,3,-0.222166860350904,0.23486397545177
A9,ClosureErrorDeg,80,0.239321021653203,0.0325136984838749,0.234530791374623,0.0362604985810961,8,5,3,0.335147618433249,0.234530791374623
A12,Residual_RMS_H6,80,0.338224725239364,0.002151090661844,0.234530070111403,0.0362610888079345,8,6,2,0.0866970748467021,0.234530070111403
A36,BackoffObservedDeltaRaw,80,0.344897602187241,0.0017300720873275,0.231898434728049,0.0384687453046296,8,5,3,0.273387730791972,0.231898434728049
A36,BackoffFeedforwardTargetErrorRaw,80,0.344897602187241,0.00173007208732751,0.231898434728049,0.0384687453046296,8,5,3,0.273387730791973,0.231898434728049
A36,BackoffTargetErrorRaw,80,0.344897602187241,0.00173007208732751,0.231898434728049,0.0384687453046296,8,5,3,0.273387730791973,0.231898434728049
RMS_AC,A12,80,0.337008960307364,0.00223703612394429,0.231742909514508,0.0386026452191183,8,6,2,0.0856016329003956,0.231742909514508
Residual_RMS_H36,Residual_RMS_Full,80,0.0390040593447082,0.731220023886612,0.230791288814318,0.0394304306003826,8,6,2,0.355526315974825,0.230791288814318
AbsApproachReturnErrorRaw,MotorActiveDurationMs,80,-0.0730986416162696,0.519324530576329,-0.228964715888371,0.0410607285298221,8,4,4,-0.0567788697505438,0.228964715888371
A45,Fitted_P2P_Extended,80,0.178286901694542,0.113591497198026,0.228593057082836,0.0413992149259199,8,7,1,0.300796314592974,0.228593057082836
A27,A36,80,-0.194313953363737,0.0841412255668942,-0.227987886169178,0.0419553279087212,8,6,2,-0.237204632972787,0.227987886169178
Residual_RMS_H36,TrackingError_MaxAbs_Deg,80,0.21176604780177,0.0593313357275114,0.227739355894197,0.0421854999602355,8,5,3,0.169587979027963,0.227739355894197
A27,A108,80,-0.183929856336873,0.102428390280673,-0.2267523609953,0.0431099542591675,8,5,3,-0.18392309165607,0.2267523609953
MeanDC,TrackingError_MaxAbs_Deg,80,0.216117563052608,0.0541778263573922,0.226637461929036,0.0432186554728478,8,3,5,-0.105686270566562,0.226637461929036
A1,Motor_Error_P2P_Deg,80,0.315381457370292,0.00437783442771122,0.226148759584247,0.0436835367593623,8,7,1,0.288564392017623,0.226148759584247
A1,Motor_System_INL_Deg,80,0.314987982527453,0.00442969073227211,0.226081759388439,0.043747592726247,8,7,1,0.288876153518895,0.226081759388439
A36,TrackingError_MaxAbs_Deg,80,0.0916728219972912,0.41866076598327,0.225692806833086,0.0441209915137364,8,6,2,0.234873152921965,0.225692806833086
AnalysisStartRaw,MotorActiveDurationMs,80,0.241869243170569,0.0306567609109662,0.22488682890818,0.0449031391299756,8,7,1,0.33970182440483,0.22488682890818
A12,Fitted_P2P,80,0.273953063506044,0.0139330087256735,0.224451074361777,0.045330762795116,8,5,3,0.302412159636575,0.224451074361777
A6,AnalysisStartRaw,80,-0.100780036901419,0.373742611074721,-0.224029456826678,0.0457477116599432,8,6,2,-0.423029432011615,0.224029456826678
RMS_AC,AbsClosureErrorDeg,80,-0.230305510265012,0.0398586586597853,-0.223844132918685,0.0459319831816558,8,6,2,-0.272541309633538,0.223844132918685
FitExplainedRatio_Extended,ApproachReturnErrorRaw,80,0.182488301019183,0.105195219828338,0.223783325447441,0.0459925787607234,8,6,2,0.223555913830084,0.223783325447441
NL_RobustP2P,MotorActiveDurationMs,80,0.135700576136309,0.230061175597499,0.223580378938223,0.0461952961444315,8,7,1,0.283200790147817,0.223580378938223
A3,Residual_RMS_H36,80,-0.289278979808979,0.00925288697018966,-0.223059602625434,0.0467188620784988,8,6,2,-0.216845137591011,0.223059602625434
A3,AbsClosureErrorDeg,80,0.218334761632264,0.0516963680682226,0.221327564732834,0.0484955164607291,8,6,2,0.253063109768151,0.221327564732834
A1,Fitted_P2P_Extended,80,0.275244503033644,0.0134718508724921,0.221048496960673,0.0487869109772086,8,7,1,0.437052448316474,0.221048496960673
Residual_RMS_H36,AbsClosureErrorDeg,80,-0.254121776246128,0.0229274896495704,-0.220873838216981,0.0489700168543659,8,6,2,-0.316250455584313,0.220873838216981
FitExplainedRatio,TrackingError_RMS_Deg,80,0.158475673258742,0.16030962255718,0.220108200552199,0.0497793700796062,8,6,2,0.362148132637435,0.220108200552199
NL_RobustP2P,A2,80,0.225439728976606,0.0443653627856307,0.219722531688273,0.0501912065022676,8,6,2,0.181200635685401,0.219722531688273
A108,CrestFactor,80,0.0818341390611306,0.470516647070068,0.219438523404934,0.0504962717569844,8,5,3,0.129082270106981,0.219438523404934
Residual_RMS_H6,AbsClosureErrorDeg,80,-0.22575476603982,0.0440613339518266,-0.218461761613658,0.0515571033611018,8,6,2,-0.2579494345986,0.218461761613658
A1,ShadowP2P,80,0.299375417286235,0.00698150676681463,0.216257234171028,0.0540186838273835,8,7,1,0.226397089272377,0.216257234171028
A3,FitExplainedRatio_Extended,80,0.021899759996569,0.847101753022348,-0.215049425898839,0.0554075978548848,8,4,4,-0.0199622265467851,0.215049425898839
A45,AbsApproachReturnErrorRaw,80,0.180210517239562,0.109685186738491,0.211425255286395,0.0597512311458775,8,7,1,0.241252482840581,0.211425255286395
AbsClosureErrorDeg,ShadowP2P,80,-0.262158327268837,0.0188159240495119,-0.210494344814947,0.0609105501128597,8,5,3,-0.21844236212658,0.210494344814947
Residual_RMS_Extended,ApproachReturnErrorRaw,80,-0.164273977996539,0.145365361938166,-0.209761787046184,0.0618356396906821,8,6,2,-0.209284779836737,0.209761787046184
A27,AbsApproachReturnErrorRaw,80,0.177935892581913,0.114315746461694,0.209300905657887,0.0624234713814228,8,5,3,0.158263857624197,0.209300905657887
Residual_RMS_H36,BackoffObservedDeltaRaw,80,0.159986283874426,0.15631086770359,0.209143234658151,0.0626256104819783,8,7,1,0.241484525435742,0.209143234658151
Residual_RMS_H36,BackoffFeedforwardTargetErrorRaw,80,0.159986283874426,0.15631086770359,0.209143234658151,0.0626256104819792,8,7,1,0.241484525435742,0.209143234658151
Residual_RMS_H36,BackoffTargetErrorRaw,80,0.159986283874426,0.15631086770359,0.209143234658151,0.0626256104819792,8,7,1,0.241484525435742,0.209143234658151
A18,CrestFactor,80,-0.145661602083482,0.197321418499614,-0.207300547014282,0.0650275710954656,8,6,2,-0.132834895601193,0.207300547014282
NL_RobustP2P,ClosureErrorDeg,80,0.100416036649281,0.375479749957642,0.206757401706673,0.065749613968737,8,6,2,0.240104242248365,0.206757401706673
Residual_RMS_Extended,ApproachObservedDeltaRaw,80,-0.279457190937094,0.0120582596443751,-0.204735274334413,0.0684949405673167,8,7,1,-0.251584669146798,0.204735274334413
Residual_RMS_Extended,ForwardFeedforwardTargetErrorRaw,80,-0.279457190937094,0.0120582596443751,-0.204735274334413,0.0684949405673167,8,7,1,-0.251584669146798,0.204735274334413
Residual_RMS_Extended,ApproachTargetErrorRaw,80,-0.279457190937094,0.0120582596443751,-0.204735274334413,0.0684949405673167,8,7,1,-0.251584669146798,0.204735274334413
Motor_Error_P2P_Deg,AbsApproachReturnErrorRaw,80,-0.144745644876189,0.200184251295866,-0.202727377072544,0.0713116303434706,8,6,2,-0.277138705203122,0.202727377072544
Motor_System_INL_Deg,AbsApproachReturnErrorRaw,80,-0.14485294685384,0.19984734859172,-0.202671022899499,0.071392007373863,8,6,2,-0.27777955131506,0.202671022899499
MeanDC,Residual_RMS_Full,80,0.047044646449147,0.678590545803432,-0.20248652222781,0.0716556671493803,8,6,2,-0.264416407042828,0.20248652222781
A3,Residual_RMS_Extended,80,-0.0448455130311509,0.692845543471666,0.201342563468034,0.0733079459704857,8,5,3,0.0579181233603142,0.201342563468034
A2,ShadowP2P,80,0.149756337304323,0.184882433390171,0.199378998353647,0.0762151525604298,8,7,1,0.15662789225905,0.199378998353647
A2,Residual_RMS_Extended,80,0.0327146493417542,0.773285040220826,-0.199128001190697,0.0765933286717537,8,4,4,0.0311052765730947,0.199128001190697
A3,A72,80,0.281524025905333,0.0114131641584895,0.197891362382632,0.0784785233085827,8,7,1,0.190238651796143,0.197891362382632
A9,AnalysisStartRaw,80,-0.132941179896702,0.239764987390441,-0.197845428865152,0.0785492535375198,8,4,4,-0.141998848570233,0.197845428865152
CrestFactor,AnalysisStartRaw,80,-0.188237048120497,0.0944988481539905,-0.197018169789243,0.0798318288471613,8,5,3,-0.114695525838591,0.197018169789243
Residual_RMS_H6,CrestFactor,80,0.107995930047822,0.340319077995752,0.195685232580823,0.0819334593753644,8,6,2,0.254401165521964,0.195685232580823
MeanDC,MotorActiveDurationMs,80,0.209104655223971,0.0626751512504888,0.195458424511292,0.0822954071980407,8,5,3,0.217817904345374,0.195458424511292
MeanDC,AbsApproachReturnErrorRaw,80,0.150134982150797,0.183761602966742,0.195275277356917,0.0825886062685216,8,5,3,0.266779137888713,0.195275277356917
A2,TrackingError_RMS_Deg,80,0.226206764646847,0.0436281433965197,0.195232234969246,0.082657632896579,8,6,2,0.299097208532852,0.195232234969246
ShadowP2P,AbsApproachReturnErrorRaw,80,-0.14552475605005,0.197747254570746,-0.195088551300561,0.082888388969782,8,7,1,-0.230491626113519,0.195088551300561
A45,AnalysisStartRaw,80,0.189150452779105,0.092880979930844,0.194590211668587,0.0836926917330745,8,7,1,0.255444001128494,0.194590211668587
RMS_AC,CrestFactor,80,0.103179665574407,0.36241319256306,0.194000400554354,0.0846526201733201,8,6,2,0.248798113723415,0.194000400554354
MeanDC,AbsClosureErrorDeg,80,0.177689288182964,0.114826701779343,0.192264460703053,0.08752864575143,8,6,2,0.394524688980823,0.192264460703053
A27,Residual_RMS_Full,80,-0.166404556296933,0.14014537214571,-0.19212531317141,0.0877624849907284,8,6,2,-0.251951264919887,0.19212531317141
A18,BackoffFeedforwardTargetErrorRaw,80,0.0909370232983223,0.422420846697188,0.191606593750956,0.0886385568334562,8,4,4,0.0667254145548103,0.191606593750956
A18,BackoffTargetErrorRaw,80,0.0909370232983223,0.422420846697188,0.191606593750956,0.0886385568334562,8,4,4,0.0667254145548103,0.191606593750956
A18,BackoffObservedDeltaRaw,80,0.0909370232983223,0.422420846697188,0.191606593750956,0.0886385568334573,8,4,4,0.0667254145548092,0.191606593750956
A18,FitExplainedRatio_Extended,80,-0.14420562848003,0.201885947752361,-0.191538452298955,0.0887541535709142,8,5,3,-0.198326369123475,0.191538452298955
A2,P99_AbsDeviation,80,0.182863451624293,0.104469642812999,0.191054315665957,0.0895788875878919,8,4,4,-0.0356314371257259,0.191054315665957
A3,Fitted_P2P_Extended,80,0.237215525839412,0.0341184587636191,0.190697377605766,0.0901908030334546,8,5,3,0.215861475669606,0.190697377605766
A2,Motor_Error_P2P_Deg,80,0.132010015739144,0.243102501161753,0.19065162213732,0.0902694816956464,8,7,1,0.185966499888104,0.19065162213732
A2,A3,80,-0.352689083466606,0.0013334879593153,-0.190201031422002,0.0910471893527018,8,6,2,-0.332906913265277,0.190201031422002
A2,Motor_System_INL_Deg,80,0.131550021212453,0.244762992226139,0.189927716991674,0.0915214908903756,8,7,1,0.184567304096928,0.189927716991674
MeanDC,CrestFactor,80,-0.299331949888421,0.00699012375788539,-0.189572685807237,0.092140506445061,8,6,2,-0.111688365217577,0.189572685807237
A6,A36,80,-0.137903900228042,0.222512075486357,-0.189547940127992,0.0921837744773486,8,7,1,-0.255940400900738,0.189547940127992
A9,A36,80,0.0524429627687215,0.64408140891884,0.188795392401545,0.0935072707548701,8,4,4,0.0527069689662573,0.188795392401545
A36,Residual_RMS_Extended,80,0.0813046665240037,0.473402449920713,-0.188296261837747,0.0943932989302485,8,6,2,-0.126869754326054,0.188296261837747
Fitted_P2P,ApproachReturnErrorRaw,80,-0.25767097707151,0.0210258938845311,-0.187940935250991,0.0950280656520215,8,6,2,-0.378748685153988,0.187940935250991
A9,AbsClosureErrorDeg,80,-0.155496294431887,0.168417776469189,-0.187742561272463,0.095383903049339,8,6,2,-0.378090704643028,0.187742561272463
P99_AbsDeviation,TrackingError_MaxAbs_Deg,80,0.176511380415155,0.117291625516634,0.187255856144249,0.0962613735883293,8,7,1,0.326030697432678,0.187255856144249
ClosureErrorDeg,ForwardFeedforwardTargetErrorRaw,80,-0.161275330772729,0.152957687151302,-0.186616318542454,0.0974239974927411,8,5,3,-0.0702307012096595,0.186616318542454
ClosureErrorDeg,ApproachTargetErrorRaw,80,-0.161275330772729,0.152957687151302,-0.186616318542454,0.0974239974927411,8,5,3,-0.0702307012096595,0.186616318542454
ClosureErrorDeg,ApproachObservedDeltaRaw,80,-0.161275330772729,0.152957687151302,-0.186616318542454,0.0974239974927419,8,5,3,-0.0702307012096589,0.186616318542454
RMS_AC,ApproachReturnErrorRaw,80,0.158890568274772,0.159203873421159,0.18572342457831,0.0990655772773776,8,5,3,0.205068384361429,0.18572342457831
A18,ForwardFeedforwardTargetErrorRaw,80,-0.111265154536555,0.32581508367608,-0.18483086750286,0.100728094077685,8,4,4,-0.0853685926101729,0.18483086750286
A18,ApproachTargetErrorRaw,80,-0.111265154536555,0.32581508367608,-0.18483086750286,0.100728094077685,8,4,4,-0.0853685926101729,0.18483086750286
A18,ApproachObservedDeltaRaw,80,-0.111265154536555,0.32581508367608,-0.184830867502859,0.100728094077686,8,4,4,-0.0853685926101728,0.184830867502859
Residual_RMS_Extended,AbsApproachReturnErrorRaw,80,-0.178733789337031,0.112674552591512,-0.184151299943484,0.102008443449787,8,5,3,-0.103439866564667,0.184151299943484
A3,AnalysisStartRaw,80,0.00665380785960624,0.953288674724503,-0.183237744754244,0.103749614149417,8,6,2,-0.186624833204191,0.183237744754244
Residual_RMS_H6,ApproachReturnErrorRaw,80,0.15773816825848,0.162289205717267,0.182847843283839,0.104499752923541,8,5,3,0.199930461157796,0.182847843283839
A12,A72,80,0.0892459081229716,0.431135955593245,0.181506904004847,0.107111887468113,8,6,2,0.0843328172306849,0.181506904004847
FitExplainedRatio_Extended,ApproachObservedDeltaRaw,80,0.245511946164833,0.0281579075345017,0.181233241475256,0.107651158454742,8,7,1,0.253621864929898,0.181233241475256
FitExplainedRatio_Extended,ForwardFeedforwardTargetErrorRaw,80,0.245511946164833,0.0281579075345017,0.181233241475256,0.107651158454742,8,7,1,0.253621864929897,0.181233241475256
FitExplainedRatio_Extended,ApproachTargetErrorRaw,80,0.245511946164833,0.0281579075345017,0.181233241475256,0.107651158454742,8,7,1,0.253621864929897,0.181233241475256
Motor_Error_P2P_Deg,AbsClosureErrorDeg,80,-0.242605348546285,0.0301372743609948,-0.180679477827743,0.108748835081119,8,5,3,-0.182618423259103,0.180679477827743
Motor_System_INL_Deg,AbsClosureErrorDeg,80,-0.242257040697857,0.030382151185787,-0.180324165696264,0.109457698541414,8,5,3,-0.182492042668094,0.180324165696264
P99_AbsDeviation,TrackingError_RMS_Deg,80,0.185480961720582,0.0995150601912498,0.179824854753785,0.110459893255043,8,7,1,0.297032651686395,0.179824854753785
A6,AbsApproachReturnErrorRaw,80,-0.172654473164112,0.125648302433781,-0.178844684802991,0.112447900652129,8,5,3,-0.0825386812408651,0.178844684802991
A27,CrestFactor,80,0.198853320908953,0.077008905739694,0.178772952844765,0.112594468578445,8,6,2,0.265686350040697,0.178772952844765
Fitted_P2P,TrackingError_RMS_Deg,80,0.155827504723515,0.167501783117726,0.178183505415549,0.113804469141405,8,6,2,0.510648356944694,0.178183505415549
Residual_RMS_H6,ForwardFeedforwardTargetErrorRaw,80,-0.273315700363167,0.0141655967874872,-0.177744101979633,0.114712977580678,8,7,1,-0.265333650676294,0.177744101979633
Residual_RMS_H6,ApproachTargetErrorRaw,80,-0.273315700363167,0.0141655967874872,-0.177744101979633,0.114712977580678,8,7,1,-0.265333650676294,0.177744101979633
Residual_RMS_H6,ApproachObservedDeltaRaw,80,-0.273315700363167,0.0141655967874872,-0.177744101979632,0.114712977580679,8,7,1,-0.265333650676293,0.177744101979632
RMS_AC,A18,80,-0.214267397349727,0.0563223535724461,-0.176362557720213,0.117605932405241,8,6,2,-0.206390918885738,0.176362557720213
A9,MotorActiveDurationMs,80,-0.0485718936295706,0.668756352917349,-0.176251128370826,0.117841690246667,8,5,3,-0.119263148354069,0.176251128370826
A36,ClosureErrorDeg,80,0.147729505648376,0.190966489608245,0.176159409820876,0.118036017442577,8,5,3,0.190320255434233,0.176159409820876
FitExplainedRatio,TimeSincePreviousRunMs,80,-0.140284408440151,0.214553242235052,-0.17509512770239,0.120309012989179,8,7,1,-0.351283808721116,0.17509512770239
Fitted_P2P_Extended,AnalysisStartRaw,80,0.0419219842849653,0.711961759292529,0.174677575690404,0.121209904032409,8,5,3,0.145837985110163,0.174677575690404
RMS_AC,ForwardFeedforwardTargetErrorRaw,80,-0.271118505889463,0.0149933408560895,-0.174479345768522,0.121639403132977,8,7,1,-0.242847832651366,0.174479345768522
RMS_AC,ApproachTargetErrorRaw,80,-0.271118505889463,0.0149933408560895,-0.174479345768522,0.121639403132977,8,7,1,-0.242847832651366,0.174479345768522
RMS_AC,ApproachObservedDeltaRaw,80,-0.271118505889463,0.0149933408560895,-0.174479345768522,0.121639403132979,8,7,1,-0.242847832651365,0.174479345768522
TrackingError_RMS_Deg,TimeSincePreviousRunMs,80,-0.10956041466338,0.333328313530734,-0.17360491402408,0.123547949463267,8,5,3,-0.152428971863995,0.17360491402408
A18,Residual_RMS_H6,80,-0.211749638493807,0.0593514987021632,-0.173008204985846,0.12486343577062,8,6,2,-0.208756321052478,0.173008204985846
TrackingError_MaxAbs_Deg,ApproachReturnErrorRaw,80,0.165713832851681,0.141821941897839,0.172811328089716,0.125299805956792,8,5,3,0.22222493687202,0.172811328089716
A1,A18,80,-0.0589949289474121,0.60319245612161,-0.171799544281522,0.12756079519813,8,6,2,-0.198824945307485,0.171799544281522
A3,TimeSincePreviousRunMs,80,0.103091495581911,0.362825700546814,0.171714980082998,0.127751167173858,8,5,3,0.0517838504164253,0.171714980082998
NL_RobustP2P,ApproachReturnErrorRaw,80,0.0787329796405887,0.487553831828115,0.17063073911056,0.130211262369386,8,5,3,0.258109605769568,0.17063073911056
Motor_System_INL_Deg,TimeSincePreviousRunMs,80,0.23529839969716,0.035636881648042,0.170561068707176,0.130370565551594,8,4,4,-0.00792793240925713,0.170561068707176
Motor_Error_P2P_Deg,TimeSincePreviousRunMs,80,0.234822570572404,0.0360223864801193,0.169995519591294,0.131669200738126,8,4,4,-0.00816222205894294,0.169995519591294
Residual_RMS_Full,ForwardFeedforwardTargetErrorRaw,80,-0.226892097419377,0.0429780608828958,-0.169698730550955,0.13235462046326,8,6,2,-0.144548623918668,0.169698730550955
Residual_RMS_Full,ApproachTargetErrorRaw,80,-0.226892097419377,0.0429780608828958,-0.169698730550955,0.13235462046326,8,6,2,-0.144548623918668,0.169698730550955
Residual_RMS_Full,ApproachObservedDeltaRaw,80,-0.226892097419377,0.0429780608828958,-0.169698730550954,0.13235462046326,8,6,2,-0.144548623918668,0.169698730550954
ShadowP2P,TimeSincePreviousRunMs,80,0.231016642590456,0.0392330789626566,0.169179549156128,0.133560156754829,8,4,4,-0.0249855878411249,0.169179549156128
A36,FitExplainedRatio,80,-0.38675097345685,0.00039452404357345,-0.168806111821417,0.134432414617987,8,6,2,-0.334829767465693,0.168806111821417
A36,TimeSincePreviousRunMs,80,0.147985857147695,0.190189101072573,0.168385797878709,0.135419323301142,8,6,2,0.37160108499977,0.168385797878709
A9,Motor_Error_P2P_Deg,80,0.187499512898421,0.0958213014717436,0.167782700346039,0.136844987150307,8,4,4,-0.0159955526391519,0.167782700346039
A9,Motor_System_INL_Deg,80,0.18735103306656,0.096089284755827,0.167738395136915,0.136950166374582,8,4,4,-0.0159435585499699,0.167738395136915
ForwardFeedforwardTargetErrorRaw,AnalysisStartRaw,80,0.217013580032379,0.0531635288112215,0.167655762936733,0.137146496090741,8,5,3,0.0764737050579535,0.167655762936733
ApproachTargetErrorRaw,AnalysisStartRaw,80,0.217013580032379,0.0531635288112215,0.167655762936733,0.137146496090741,8,5,3,0.0764737050579535,0.167655762936733
ApproachObservedDeltaRaw,AnalysisStartRaw,80,0.217013580032379,0.0531635288112209,0.167655762936733,0.137146496090741,8,5,3,0.0764737050579565,0.167655762936733
TrackingError_RMS_Deg,AnalysisStartRaw,80,-0.160005550941655,0.156260349298377,-0.167281380995443,0.138038675697901,8,4,4,-0.224709347501978,0.167281380995443
A12,ForwardFeedforwardTargetErrorRaw,80,-0.224856301632701,0.0449329877256858,-0.167007951401756,0.138693045107373,8,4,4,0.0378608059554466,0.167007951401756
A12,ApproachTargetErrorRaw,80,-0.224856301632701,0.0449329877256858,-0.167007951401756,0.138693045107373,8,4,4,0.0378608059554466,0.167007951401756
A12,ApproachObservedDeltaRaw,80,-0.224856301632701,0.0449329877256858,-0.167007951401756,0.138693045107374,8,4,4,0.0378608059554462,0.167007951401756
MeanDC,A12,80,0.140514197869507,0.213795770911714,0.166649449701528,0.139554554890229,8,4,4,0.162088268353849,0.166649449701528
A9,ApproachReturnErrorRaw,80,0.201980073255599,0.0723834283735947,0.166314444954781,0.140363244378342,8,5,3,0.210153954230682,0.166314444954781
A3,ForwardFeedforwardTargetErrorRaw,80,0.185982111782409,0.0985877708557821,0.165644466669901,0.141991143314696,8,6,2,0.234847353334733,0.165644466669901
A3,ApproachTargetErrorRaw,80,0.185982111782409,0.0985877708557821,0.165644466669901,0.141991143314696,8,6,2,0.234847353334733,0.165644466669901
A3,ApproachObservedDeltaRaw,80,0.185982111782409,0.0985877708557821,0.165644466669901,0.141991143314696,8,6,2,0.234847353334733,0.165644466669901
A12,ApproachReturnErrorRaw,80,0.0273497872702722,0.809695445632283,-0.16519901786237,0.143081328984438,8,4,4,-0.03971549835205,0.16519901786237
A12,FitExplainedRatio_Extended,80,0.00987397604720066,0.930729005671893,0.164345381415555,0.145188089228955,8,6,2,0.0959459726632992,0.164345381415555
MeanDC,Residual_RMS_Extended,80,0.00527679689897349,0.9629479146571,-0.16391323656283,0.146263457568789,8,7,1,-0.165259254221638,0.16391323656283
A3,Residual_RMS_H6,80,-0.221112608259357,0.0487198405976281,-0.16345197784695,0.147417856374895,8,5,3,-0.140554662971368,0.16345197784695
A9,A18,80,-0.124260324249617,0.272122066541473,-0.16334705799272,0.14768139164449,8,6,2,-0.072777027371627,0.16334705799272
Fitted_P2P_Extended,CrestFactor,80,0.271062159832094,0.0150151061115707,0.162249274196269,0.150459987110661,8,6,2,0.296612663928674,0.162249274196269
A18,A36,80,-0.258466300241554,0.0206187672277143,-0.160189600293925,0.155778382386218,8,5,3,-0.0954118636979787,0.160189600293925
MeanDC,RMS_AC,80,-0.081328279268299,0.47327354950181,-0.159198839878002,0.158385961092134,8,6,2,-0.43044155521767,0.159198839878002
A18,Residual_RMS_Full,80,-0.245343844971599,0.0282693116170019,-0.158251280802338,0.160910024465555,8,6,2,-0.0729092300983639,0.158251280802338
Residual_RMS_H36,TimeSincePreviousRunMs,80,-0.105095780468522,0.353519811085422,-0.158096200561401,0.161325941654078,8,6,2,-0.254004616863934,0.158096200561401
A12,A27,80,-0.151230049664374,0.180547871865422,-0.15722831247657,0.163668277875206,8,5,3,-0.250831836244357,0.15722831247657
MeanDC,Residual_RMS_H6,80,-0.0825635725482739,0.466556639277381,-0.15676950664892,0.164916655237305,8,6,2,-0.424894407437875,0.15676950664892
A9,BackoffObservedDeltaRaw,80,0.115505292972525,0.30760003016624,0.154622893302912,0.170850921275007,8,5,3,0.082908862693606,0.154622893302912
A9,BackoffFeedforwardTargetErrorRaw,80,0.115505292972525,0.30760003016624,0.154622893302911,0.170850921275008,8,5,3,0.0829088626936057,0.154622893302911
A9,BackoffTargetErrorRaw,80,0.115505292972525,0.30760003016624,0.154622893302911,0.170850921275008,8,5,3,0.0829088626936057,0.154622893302911
A1,ApproachReturnErrorRaw,80,0.0205420963225866,0.856476329552702,0.154063286747324,0.172423399862061,8,5,3,0.236123527463945,0.154063286747324
A27,TimeSincePreviousRunMs,80,0.117400624625172,0.299676024874707,0.153888830323958,0.172915781219006,8,5,3,0.118918580266659,0.153888830323958
A27,P99_AbsDeviation,80,0.164185180957722,0.145586044341606,0.153240238624637,0.17475539090422,8,3,5,-0.0649744169352064,0.153240238624637
Fitted_P2P,AnalysisStartRaw,80,-0.11774121061362,0.29826638367475,0.153187360085679,0.174906000200754,8,4,4,-0.0110847000519143,0.153187360085679
Residual_RMS_Full,ApproachReturnErrorRaw,80,0.21213666140344,0.0588774260345283,0.153113722583809,0.175115893657302,8,5,3,0.170355650973436,0.153113722583809
MeanDC,Residual_RMS_H36,80,-0.222539845226562,0.0472462762602362,-0.152363772188933,0.177264028712655,8,7,1,-0.416419797517496,0.152363772188933
A3,A27,80,-0.0884428092631405,0.435310242318558,-0.152303127249887,0.177438575616971,8,5,3,-0.126880060939932,0.152303127249887
ApproachObservedDeltaRaw,TimeSincePreviousRunMs,80,0.0722609194317664,0.524136115587332,0.152206327925206,0.177717441270014,8,6,2,0.232643185666,0.152206327925206
ForwardFeedforwardTargetErrorRaw,TimeSincePreviousRunMs,80,0.0722609194317663,0.524136115587332,0.152206327925206,0.177717441270014,8,6,2,0.232643185666,0.152206327925206
ApproachTargetErrorRaw,TimeSincePreviousRunMs,80,0.0722609194317663,0.524136115587332,0.152206327925206,0.177717441270014,8,6,2,0.232643185666,0.152206327925206
A6,BackoffFeedforwardTargetErrorRaw,80,-0.173820375944535,0.123075564714208,-0.152199067502313,0.177738370451022,8,4,4,-0.0927938064516516,0.152199067502313
A6,BackoffTargetErrorRaw,80,-0.173820375944535,0.123075564714208,-0.152199067502313,0.177738370451022,8,4,4,-0.0927938064516516,0.152199067502313
A6,BackoffObservedDeltaRaw,80,-0.173820375944535,0.123075564714208,-0.152199067502313,0.177738370451022,8,4,4,-0.0927938064516512,0.152199067502313
Residual_RMS_Full,AbsClosureErrorDeg,80,-0.085034498071042,0.453278040775803,-0.151485761866999,0.179803356261303,8,5,3,-0.328772318759727,0.151485761866999
NL_RobustP2P,A6,80,-0.178870270898295,0.112395656996872,-0.151122398917,0.180861971681576,8,4,4,-0.0475838973643762,0.151122398917
A2,BackoffFeedforwardTargetErrorRaw,80,-0.0756212501113002,0.504971813650908,-0.150799442387725,0.18180667060839,8,5,3,-0.322803104131824,0.150799442387725
A2,BackoffTargetErrorRaw,80,-0.0756212501113002,0.504971813650908,-0.150799442387725,0.18180667060839,8,5,3,-0.322803104131824,0.150799442387725
A2,BackoffObservedDeltaRaw,80,-0.0756212501113002,0.504971813650908,-0.150799442387725,0.18180667060839,8,5,3,-0.322803104131824,0.150799442387725
Residual_RMS_H6,AnalysisStartRaw,80,-0.00197492736045495,0.986128446462623,0.150615376443813,0.182346696034849,8,6,2,0.198357567341054,0.150615376443813
A12,Residual_RMS_Extended,80,0.0273481659527939,0.809706514801929,-0.149644649171372,0.185213987929606,8,6,2,-0.0855626425149391,0.149644649171372
A3,A12,80,0.0360334553936344,0.750998011507324,0.149337731486713,0.186127316524143,8,6,2,0.212693349123119,0.149337731486713
A6,MotorActiveDurationMs,80,-0.0465789457837736,0.681600072403267,-0.149168535651507,0.186632204707559,8,5,3,-0.102113554155515,0.149168535651507
FitExplainedRatio_Extended,AnalysisStartRaw,80,0.176135077088262,0.118087613378697,0.14912719269081,0.186755724711163,8,5,3,0.298523790345526,0.14912719269081
Fitted_P2P_Extended,BackoffObservedDeltaRaw,80,0.166662090287349,0.139524109962795,0.148464180300852,0.188744697071976,8,6,2,0.221350793203008,0.148464180300852
Fitted_P2P_Extended,BackoffFeedforwardTargetErrorRaw,80,0.166662090287349,0.139524109962795,0.148464180300852,0.188744697071976,8,6,2,0.221350793203008,0.148464180300852
Fitted_P2P_Extended,BackoffTargetErrorRaw,80,0.166662090287349,0.139524109962795,0.148464180300852,0.188744697071976,8,6,2,0.221350793203008,0.148464180300852
CrestFactor,ClosureErrorDeg,80,0.134800884154148,0.233194500850647,0.147689150393569,0.191089075954185,8,5,3,0.18161603628241,0.147689150393569
MeanDC,A108,80,0.019966042726342,0.860460027778966,-0.147414516938723,0.19192483299271,8,4,4,-0.0732254824561574,0.147414516938723
A108,AnalysisStartRaw,80,0.0773815041173409,0.495079443789827,-0.147287167008603,0.192313274108902,8,5,3,-0.27736034881383,0.147287167008603
A27,Fitted_P2P_Extended,80,-0.104857525259917,0.354618213640131,-0.147006108415765,0.193172560363554,8,6,2,-0.114603622230982,0.147006108415765
RMS_AC,A3,80,-0.211568796738043,0.0595740779527356,-0.146569260654179,0.194513628609112,8,5,3,-0.137102170785016,0.146569260654179
A36,A45,80,-0.130070590861871,0.250156300344509,-0.14651645461795,0.194676189249685,8,5,3,-0.15697426187467,0.14651645461795
RMS_AC,AnalysisStartRaw,80,-0.00599291534551081,0.957923845861665,0.145157466492592,0.198893441202139,8,6,2,0.180974863962663,0.145157466492592
A72,BackoffFeedforwardTargetErrorRaw,80,0.21448357783789,0.056068258189263,0.143913597865615,0.202810489380033,8,5,3,0.0577217131329279,0.143913597865615
A72,BackoffTargetErrorRaw,80,0.21448357783789,0.056068258189263,0.143913597865615,0.202810489380033,8,5,3,0.0577217131329279,0.143913597865615
A72,BackoffObservedDeltaRaw,80,0.21448357783789,0.056068258189263,0.143913597865615,0.202810489380033,8,5,3,0.0577217131329282,0.143913597865615
A1,A45,80,0.111904357460531,0.323026007697584,0.143399083330567,0.204446745080141,8,6,2,0.14933900022851,0.143399083330567
A36,Motor_System_INL_Deg,80,-0.0544714213077371,0.631301466791699,0.142796227011914,0.206375898656603,8,5,3,0.213179028247562,0.142796227011914
A45,ApproachReturnErrorRaw,80,0.142399942598215,0.207651057539208,0.142531202400187,0.207228072239289,8,7,1,0.0843374261055542,0.142531202400187
A9,A72,80,0.134244955823001,0.23514538066283,0.142193213568714,0.208318487401788,8,5,3,0.026064855260524,0.142193213568714
A27,A72,80,-0.119150231846963,0.29248084262305,-0.141995716908054,0.208957533351079,8,4,4,-0.0642993982118049,0.141995716908054
A36,Motor_Error_P2P_Deg,80,-0.0553860303436257,0.62557400885028,0.14198040406614,0.209007139695689,8,5,3,0.212644356305759,0.14198040406614
A12,CrestFactor,80,-0.10117749607235,0.37185137468687,-0.141350109559752,0.211056259540002,8,5,3,-0.215421146400123,0.141350109559752
A18,Residual_RMS_Extended,80,0.0881869721989442,0.436644799860511,0.141265534914395,0.211332296377118,8,5,3,0.130410650440586,0.141265534914395
Residual_RMS_Full,CrestFactor,80,-0.0551742601803952,0.626898200766589,0.141162187026616,0.211669953161244,8,5,3,0.14366313561655,0.141162187026616
TrackingError_MaxAbs_Deg,ApproachObservedDeltaRaw,80,0.161489825276977,0.152404972746642,0.140715910238135,0.213132412951074,8,4,4,0.0534435533960167,0.140715910238135
TrackingError_MaxAbs_Deg,ForwardFeedforwardTargetErrorRaw,80,0.161489825276977,0.152404972746642,0.140715910238135,0.213132412951074,8,4,4,0.0534435533960177,0.140715910238135
TrackingError_MaxAbs_Deg,ApproachTargetErrorRaw,80,0.161489825276977,0.152404972746642,0.140715910238135,0.213132412951074,8,4,4,0.0534435533960177,0.140715910238135
MeanDC,TimeSincePreviousRunMs,80,0.119709223707756,0.290206198488473,0.140522679410398,0.213767848852693,8,5,3,0.0652224444902248,0.140522679410398
A9,ShadowP2P,80,0.156795218078424,0.164846510904327,0.140440001927905,0.214040141197288,8,3,5,-0.00664255389985903,0.140440001927905
Residual_RMS_Full,TimeSincePreviousRunMs,80,0.146207739389853,0.195628509216919,0.139859262348218,0.21595968017223,8,6,2,0.454516221741079,0.139859262348218
A9,A12,80,-0.147634913152689,0.191253920766697,-0.139225514950129,0.218068262514325,8,5,3,-0.0454080096449596,0.139225514950129
A12,ShadowP2P,80,0.168027009154672,0.136266102776616,0.13890504676888,0.219140019214129,8,4,4,0.0823267941795044,0.13890504676888
P99_AbsDeviation,BackoffObservedDeltaRaw,80,0.0756497776590576,0.504810682882649,0.138754755662994,0.21964392025935,8,6,2,0.557141524125533,0.138754755662994
P99_AbsDeviation,BackoffFeedforwardTargetErrorRaw,80,0.0756497776590576,0.504810682882649,0.138754755662994,0.219643920259351,8,6,2,0.557141524125531,0.138754755662994
P99_AbsDeviation,BackoffTargetErrorRaw,80,0.0756497776590576,0.504810682882649,0.138754755662994,0.219643920259351,8,6,2,0.557141524125531,0.138754755662994
A36,ForwardFeedforwardTargetErrorRaw,80,-0.217610817501815,0.0524961316708695,-0.13833045079428,0.221070943346135,8,5,3,-0.0738987510996489,0.13833045079428
A36,ApproachTargetErrorRaw,80,-0.217610817501815,0.0524961316708695,-0.13833045079428,0.221070943346135,8,5,3,-0.0738987510996489,0.13833045079428
A36,ApproachObservedDeltaRaw,80,-0.217610817501815,0.0524961316708695,-0.13833045079428,0.221070943346135,8,5,3,-0.0738987510996477,0.13833045079428
A36,ShadowP2P,80,-0.0496419188703992,0.66189921561102,0.137831921716464,0.222755908991099,8,5,3,0.154986317817714,0.137831921716464
A18,Fitted_P2P_Extended,80,-0.157928580203767,0.161776385534034,-0.137784501739031,0.22291665075306,8,4,4,-0.133445656385747,0.137784501739031
A27,TrackingError_RMS_Deg,80,-0.137492130916958,0.223909512306599,-0.137765222207751,0.222982026770653,8,6,2,-0.199680420368984,0.137765222207751
ApproachReturnErrorRaw,TimeSincePreviousRunMs,80,0.143971522950419,0.202626863949023,0.137683511255039,0.223259254259868,8,6,2,0.150245369262681,0.137683511255039
A6,A9,80,-0.171156855383897,0.129013062987028,-0.137516384058089,0.223827033365652,8,6,2,-0.132742247323586,0.137516384058089
A2,AbsApproachReturnErrorRaw,80,-0.114239638962473,0.312966515520328,-0.137465304876942,0.224000765859908,8,6,2,-0.141372417418771,0.137465304876942
A1,ForwardFeedforwardTargetErrorRaw,80,-0.0935345306658244,0.409233777200605,-0.135083853534336,0.232205831105938,8,7,1,-0.220280251318561,0.135083853534336
A1,ApproachTargetErrorRaw,80,-0.0935345306658244,0.409233777200605,-0.135083853534336,0.232205831105938,8,7,1,-0.220280251318561,0.135083853534336
A1,ApproachObservedDeltaRaw,80,-0.0935345306658244,0.409233777200605,-0.135083853534335,0.232205831105938,8,7,1,-0.220280251318561,0.135083853534335
MeanDC,FitExplainedRatio_Extended,80,-0.0292277902427334,0.796899420540571,0.134689304445089,0.233585153937855,8,6,2,0.124210857942682,0.134689304445089
FitExplainedRatio_Extended,AbsApproachReturnErrorRaw,80,0.117965498988363,0.297340458675262,0.132548400588839,0.241168918360978,8,5,3,0.0859290225248096,0.132548400588839
A6,TrackingError_RMS_Deg,80,-0.141452322090856,0.210722997091169,-0.132416407611063,0.241641979165823,8,3,5,0.0128642293795148,0.132416407611063
P99_AbsDeviation,AnalysisStartRaw,80,0.0147418722153744,0.896734844035474,0.131171719262674,0.246134425593438,8,5,3,0.0124265923833478,0.131171719262674
Fitted_P2P_Extended,MotorActiveDurationMs,80,0.00837873805616582,0.941198557328724,0.130953079725165,0.24692944926443,8,3,5,-0.0471134808734845,0.130953079725165
A12,TrackingError_MaxAbs_Deg,80,0.0568952126004661,0.616171617490371,0.130630615570248,0.248105219304466,8,7,1,0.167963553074668,0.130630615570248
NL_RobustP2P,AbsApproachReturnErrorRaw,80,0.00681782132491578,0.95213859985781,-0.130510978539738,0.248542415687185,8,6,2,-0.323588144696344,0.130510978539738
Residual_RMS_H36,FitExplainedRatio_Extended,80,0.0616307213920142,0.587072733147913,0.130485018364447,0.248637353153637,8,4,4,0.0765626211457121,0.130485018364447
A36,ApproachReturnErrorRaw,80,0.180738831257612,0.108630770262876,0.130051310907331,0.250227119019815,8,5,3,0.177868096789671,0.130051310907331
A72,CrestFactor,80,0.0544298277930913,0.631562453595035,0.129616561257004,0.251827677394192,8,5,3,0.156128360463539,0.129616561257004
A72,ApproachReturnErrorRaw,80,0.19753774437484,0.0790243506902043,0.129264907043953,0.253127425789234,8,4,4,0.0709685242602384,0.129264907043953
Residual_RMS_Extended,P99_AbsDeviation,80,-0.119206181007842,0.292252647549864,-0.128448951191449,0.256160905769074,8,3,5,0.0382682445213322,0.128448951191449
Residual_RMS_H6,Residual_RMS_Extended,80,0.0628712584971008,0.579554314350508,-0.127650988019969,0.259151352213001,8,3,5,0.172673557625939,0.127650988019969
Residual_RMS_Extended,AnalysisStartRaw,80,-0.161675726871025,0.151927144197009,-0.127600485906309,0.259341408527611,8,5,3,-0.291557177547791,0.127600485906309
A6,A18,80,-0.11497606020739,0.30983671410008,-0.126492324817759,0.263535626696166,8,7,1,-0.198501631049501,0.126492324817759
FitExplainedRatio_Extended,P99_AbsDeviation,80,0.116695100643479,0.302609937038548,0.126152322030939,0.264831633605631,8,5,3,0.0315444472476718,0.126152322030939
Residual_RMS_Full,AnalysisStartRaw,80,-0.00266964302223844,0.981249648253986,-0.125674824279631,0.266658998193108,8,5,3,-0.266018929688753,0.125674824279631
RMS_AC,A27,80,-0.1213402628552,0.283636082155744,-0.125572396272459,0.267052091426588,8,6,2,-0.147276816999716,0.125572396272459
Residual_RMS_Extended,Motor_System_INL_Deg,80,0.0727457176899743,0.52134887390227,0.125235354842216,0.268348330287687,8,6,2,0.180590908148189,0.125235354842216
Residual_RMS_Extended,Motor_Error_P2P_Deg,80,0.0723714177870833,0.523500171077939,0.125095098771784,0.268888992461405,8,6,2,0.181328131270886,0.125095098771784
A3,Residual_RMS_Full,80,0.075728685302663,0.504365131102469,0.124860518895107,0.269794894146179,8,5,3,0.177756192492379,0.124860518895107
A1,A9,80,0.149595218600817,0.185360863856605,0.124627510386723,0.270696757762159,8,5,3,0.124706301131653,0.124627510386723
A27,Residual_RMS_H6,80,-0.120139691771519,0.288462520559153,-0.124382631157572,0.271646748598841,8,6,2,-0.147347371789183,0.124382631157572
A12,AnalysisStartRaw,80,-0.00262055603963572,0.981594352234927,0.123979430904501,0.273215806845654,8,6,2,0.232264075562541,0.123979430904501
Fitted_P2P,FitExplainedRatio_Extended,80,0.120700883396964,0.286199747346771,0.123959809879122,0.27329231703124,8,4,4,0.0025849291122188,0.123959809879122
A1,A36,80,-0.197695727621531,0.078780122481842,0.123835664927977,0.273776740586376,8,6,2,0.278562167327885,0.123835664927977
Residual_RMS_Full,Residual_RMS_Extended,80,0.284214382569389,0.010618593165342,0.12361643343666,0.274633604151522,8,6,2,0.118924806887898,0.12361643343666
A108,FitExplainedRatio,80,-0.411077352844539,0.000151980288663557,-0.123512291519854,0.275041270063659,8,6,2,-0.212079653735565,0.123512291519854
A12,Motor_Error_P2P_Deg,80,0.170330045029524,0.130899868409224,0.123071887211082,0.276769720002889,8,4,4,0.0485976420461829,0.123071887211082
A12,Motor_System_INL_Deg,80,0.17025651589547,0.131068674846688,0.123045199137327,0.276874695167357,8,4,4,0.0482025074303056,0.123045199137327
A45,FitExplainedRatio,80,0.0823000519044562,0.467985164984475,0.123014644318052,0.276994912497738,8,5,3,0.21597209366017,0.123014644318052
A6,Residual_RMS_Full,80,-0.11108011811599,0.326625322246725,-0.1224461997542,0.279237807172075,8,6,2,-0.273184657472082,0.1224461997542
Residual_RMS_H36,ForwardFeedforwardTargetErrorRaw,80,-0.164395261659095,0.145064348301241,-0.122219722629102,0.280134775316256,8,7,1,-0.288876804302981,0.122219722629102
Residual_RMS_H36,ApproachTargetErrorRaw,80,-0.164395261659095,0.145064348301241,-0.122219722629102,0.280134775316256,8,7,1,-0.288876804302981,0.122219722629102
Residual_RMS_H36,ApproachObservedDeltaRaw,80,-0.164395261659095,0.145064348301241,-0.122219722629102,0.280134775316256,8,7,1,-0.288876804302981,0.122219722629102
FitExplainedRatio,CrestFactor,80,0.202892548254185,0.0710764683124206,0.121325547221577,0.283694914169771,8,6,2,0.170102014136781,0.121325547221577
A18,A45,80,-0.090317346565278,0.425602517767869,-0.121086969511384,0.284649860831275,8,7,1,-0.0968398625210755,0.121086969511384
A12,P99_AbsDeviation,80,-0.121730178164783,0.282080180929284,-0.120386839042854,0.287464548229256,8,3,5,0.0774286417255029,0.120386839042854
FitExplainedRatio,AbsClosureErrorDeg,80,-0.161420030693625,0.152584657196365,-0.120072766242003,0.28873315717935,8,5,3,-0.185557994156376,0.120072766242003
Residual_RMS_H36,ApproachReturnErrorRaw,80,0.0240513398220232,0.832289100421143,0.119828633073267,0.289721816596761,8,4,4,0.0216042168840959,0.119828633073267
Residual_RMS_Extended,ShadowP2P,80,0.0734674167846118,0.51721352502899,0.119733621477655,0.290107185965045,8,6,2,0.17650001616426,0.119733621477655
A72,AnalysisStartRaw,80,0.289714087793975,0.00914306820234967,0.119699790339971,0.290244487537058,8,4,4,0.0739147148598896,0.119699790339971
TrackingError_RMS_Deg,ClosureErrorDeg,80,0.136403917562488,0.227632208044354,0.11899075790576,0.293131919121417,8,5,3,0.28110089084942,0.11899075790576
A1,A27,80,0.125177973585912,0.26856943623523,0.118968284894475,0.293223745211429,8,4,4,0.053444946922818,0.118968284894475
MeanDC,A36,80,0.111027664137464,0.326855241355723,-0.118643499394907,0.294552952123545,8,5,3,-0.349369476517696,0.118643499394907
A3,TrackingError_RMS_Deg,80,0.0561889242469217,0.620564318489166,0.118548919849866,0.294940768751733,8,3,5,-0.0395398550242877,0.118548919849866
Fitted_P2P_Extended,ApproachReturnErrorRaw,80,0.0746191346337425,0.510648833622571,0.117679264069997,0.298522448736469,8,4,4,0.0827929636107957,0.117679264069997
A45,ForwardFeedforwardTargetErrorRaw,80,0.134199585316826,0.235305094712207,0.117585827162019,0.298908956026265,8,5,3,0.199370748550376,0.117585827162019
A45,ApproachTargetErrorRaw,80,0.134199585316826,0.235305094712207,0.117585827162019,0.298908956026265,8,5,3,0.199370748550376,0.117585827162019
A45,ApproachObservedDeltaRaw,80,0.134199585316826,0.235305094712207,0.117585827162019,0.298908956026265,8,5,3,0.199370748550378,0.117585827162019
A3,ApproachReturnErrorRaw,80,-0.0516228035905546,0.649278390312956,-0.117308124350511,0.300059622677417,8,5,3,-0.0492799406529099,0.117308124350511
A72,FitExplainedRatio,80,-0.413274538773977,0.00013892610939493,-0.11669198162306,0.302622948894315,8,5,3,-0.168178710978036,0.11669198162306
A18,TrackingError_RMS_Deg,80,-0.110505222049682,0.329150862088015,-0.116319069812577,0.304181283517718,8,5,3,-0.101920995081169,0.116319069812577
A45,AbsClosureErrorDeg,80,-0.115887136594635,0.305992778695384,-0.116246581782176,0.304484804127104,8,5,3,-0.175305358341257,0.116246581782176
A18,Residual_RMS_H36,80,-0.0580431720979819,0.609060707218534,-0.116224073640687,0.304579089925646,8,6,2,-0.162117629623082,0.116224073640687
A72,ClosureErrorDeg,80,0.164499184381886,0.144806795410049,0.116067770643404,0.305234361787326,8,5,3,0.22389145364857,0.116067770643404
A9,TrackingError_MaxAbs_Deg,80,0.10769529239158,0.341672928119756,0.11547718608229,0.307718553464148,8,4,4,-0.0119061710924717,0.11547718608229
A27,AbsClosureErrorDeg,80,-0.105802911577128,0.350272236944121,-0.114614882066778,0.311369184722244,8,6,2,-0.20595635031219,0.114614882066778
A108,ClosureErrorDeg,80,0.133852596147815,0.236529062145387,0.114506883728154,0.311828369573564,8,4,4,0.041158213222346,0.114506883728154
AbsClosureErrorDeg,AbsApproachReturnErrorRaw,80,0.115422689923486,0.307948441494711,0.113477234996815,0.316228174649772,8,6,2,0.159852927347612,0.113477234996815
Residual_RMS_Full,P99_AbsDeviation,80,0.00165000326407237,0.988410485096448,0.113427798142033,0.316440424288696,8,7,1,0.182832544070577,0.113427798142033
ClosureErrorDeg,TimeSincePreviousRunMs,80,-0.131690876221615,0.244253705945441,-0.113056560870349,0.3180372034044,8,4,4,-0.104643273185991,0.113056560870349
A36,AbsClosureErrorDeg,80,-0.0579788200538641,0.609458380423036,-0.113034733578518,0.318131248595993,8,5,3,-0.230351749419297,0.113034733578518
A9,TimeSincePreviousRunMs,80,-0.148712127803373,0.187999093406535,-0.112097495555805,0.322186287655617,8,4,4,0.00719707592630491,0.112097495555805
RMS_AC,Residual_RMS_Extended,80,0.0786318720346837,0.488114739883178,-0.111874005843533,0.323158096662533,8,3,5,0.183655032742723,0.111874005843533
A6,TimeSincePreviousRunMs,80,-0.135910947481571,0.22933277796036,-0.111214693659799,0.326035914868101,8,5,3,-0.118450071716395,0.111214693659799
NL_RobustP2P,A18,80,-0.00970774824572248,0.93189237327824,-0.110407027885933,0.329583470195343,8,5,3,-0.157527797831213,0.110407027885933
A9,Residual_RMS_Extended,80,-0.0619948975028248,0.584861012829009,0.110347542283723,0.329845717912438,8,5,3,0.0316017511098714,0.110347542283723
A108,FitExplainedRatio_Extended,80,-0.0315155564238585,0.781383764243394,0.10959740968124,0.33316411220676,8,6,2,0.142841511082912,0.10959740968124
A6,ApproachReturnErrorRaw,80,-0.125294950115883,0.268118822951406,-0.109107365403819,0.335343312130005,8,4,4,-0.0395415718675438,0.109107365403819
A108,ApproachReturnErrorRaw,80,0.150251560315703,0.183417514427446,0.108432732756836,0.33835805694194,8,4,4,0.0473671215390057,0.108432732756836
A72,MotorActiveDurationMs,80,-0.013085723088385,0.908282555626114,0.10822982347744,0.339268129414498,8,5,3,0.0347833397762906,0.10822982347744
A1,ClosureErrorDeg,80,-0.113069584421839,0.317981098567148,-0.108196350737075,0.339418406488866,8,5,3,-0.231062881420577,0.108196350737075
RMS_AC,AbsApproachReturnErrorRaw,80,-0.147268523586369,0.192370187558524,-0.107866893496577,0.340899749932598,8,6,2,-0.265190547018262,0.107866893496577
A6,A108,80,-0.108282335550931,0.339032458915404,-0.106565004356494,0.346793094658385,8,6,2,-0.176947489113293,0.106565004356494
A6,A72,80,-0.103415966042001,0.361309069540061,-0.106129238105759,0.348779826257364,8,6,2,-0.157211794634433,0.106129238105759
A12,A18,80,-0.00671178328798489,0.952882135599344,0.105184661777839,0.353110591824215,8,4,4,0.0390560679221445,0.105184661777839
P99_AbsDeviation,ForwardFeedforwardTargetErrorRaw,80,0.076923118285126,0.49764568824352,0.104596699297277,0.355823091854035,8,4,4,-0.0769327914823693,0.104596699297277
P99_AbsDeviation,ApproachTargetErrorRaw,80,0.076923118285126,0.49764568824352,0.104596699297277,0.355823091854035,8,4,4,-0.0769327914823693,0.104596699297277
P99_AbsDeviation,ApproachObservedDeltaRaw,80,0.076923118285126,0.49764568824352,0.104596699297277,0.355823091854035,8,4,4,-0.0769327914823695,0.104596699297277
A18,Fitted_P2P,80,-0.0707823938467294,0.532682574233766,-0.104523843286039,0.356160099979948,8,6,2,-0.150029198410084,0.104523843286039
Residual_RMS_H6,AbsApproachReturnErrorRaw,80,-0.144736318720366,0.200213552403504,-0.10442017091501,0.356639994576116,8,6,2,-0.274367824251448,0.10442017091501
Fitted_P2P,TrackingError_MaxAbs_Deg,80,0.0123306071624695,0.913554160464287,0.104023813502972,0.358478395940969,8,6,2,0.339919957753842,0.104023813502972
Motor_System_INL_Deg,ClosureErrorDeg,80,0.0512887769904097,0.651399792159922,0.102691957573579,0.364698570549769,8,5,3,0.262765192997698,0.102691957573579
Residual_RMS_H36,AbsApproachReturnErrorRaw,80,-0.0369494878073031,0.744881349482674,-0.102508565717166,0.365560216001147,8,5,3,-0.1831324773352,0.102508565717166
Fitted_P2P,TimeSincePreviousRunMs,80,-0.070702422135777,0.533146805554867,-0.102376153463708,0.36618311370225,8,5,3,-0.191811754207133,0.102376153463708
Motor_Error_P2P_Deg,ClosureErrorDeg,80,0.0506782655876907,0.655284298947264,0.102039018060485,0.367772005023358,8,5,3,0.262272411456111,0.102039018060485
A108,BackoffObservedDeltaRaw,80,0.164713050855756,0.144277848844723,0.102007781822406,0.36791943164835,8,5,3,0.104909642424516,0.102007781822406
A108,BackoffFeedforwardTargetErrorRaw,80,0.164713050855756,0.144277848844723,0.102007781822406,0.36791943164835,8,5,3,0.104909642424516,0.102007781822406
A108,BackoffTargetErrorRaw,80,0.164713050855756,0.144277848844723,0.102007781822406,0.36791943164835,8,5,3,0.104909642424516,0.102007781822406
Residual_RMS_H36,ClosureErrorDeg,80,-0.116854016914055,0.301947456816714,-0.10167756221072,0.369480185661556,8,4,4,0.00346536670096732,0.10167756221072
Fitted_P2P,BackoffFeedforwardTargetErrorRaw,80,-0.0997577273039693,0.378633831408342,-0.101504615568196,0.370299210795917,8,4,4,-0.0578941912050997,0.101504615568196
Fitted_P2P,BackoffTargetErrorRaw,80,-0.0997577273039693,0.378633831408342,-0.101504615568196,0.370299210795917,8,4,4,-0.0578941912050997,0.101504615568196
Fitted_P2P,BackoffObservedDeltaRaw,80,-0.0997577273039692,0.378633831408342,-0.101504615568196,0.370299210795917,8,4,4,-0.0578941912051,0.101504615568196
RMS_AC,A45,80,0.0757944513825043,0.503993938576805,0.101079325418846,0.372317959661268,8,6,2,0.295181601842001,0.101079325418846
A2,Residual_RMS_Full,80,0.00667174241369993,0.953162911582508,-0.100584606848064,0.374674665771208,8,4,4,-0.0418266144711214,0.100584606848064
A2,A6,80,-0.084945730256295,0.45375142144145,-0.100320105490944,0.375938380598684,8,5,3,-0.123947058371784,0.100320105490944
A9,CrestFactor,80,0.197234742014167,0.079494455309757,0.0991956561607068,0.381339434225389,8,5,3,0.0787034184503474,0.0991956561607068
A6,Fitted_P2P,80,0.0280755687509255,0.804744120632232,0.0984691154811686,0.384853923187084,8,5,3,0.11469307630483,0.0984691154811686
ShadowP2P,ApproachObservedDeltaRaw,80,-0.0748250007092986,0.509479931144125,-0.0980208324463153,0.387032053733117,8,5,3,-0.190028345562056,0.0980208324463153
ShadowP2P,ForwardFeedforwardTargetErrorRaw,80,-0.0748250007092986,0.509479931144125,-0.0980208324463151,0.387032053733117,8,5,3,-0.190028345562056,0.0980208324463151
ShadowP2P,ApproachTargetErrorRaw,80,-0.0748250007092986,0.509479931144125,-0.0980208324463151,0.387032053733117,8,5,3,-0.190028345562056,0.0980208324463151
AbsApproachReturnErrorRaw,TimeSincePreviousRunMs,80,0.0225740935138832,0.842453315005491,0.0976868429455854,0.388659634521566,8,6,2,0.175190377347092,0.0976868429455854
A36,Residual_RMS_H36,80,-0.046436902584491,0.682518999390897,0.0974603948084889,0.389765471182072,8,6,2,0.171630068527446,0.0974603948084889
A2,ApproachReturnErrorRaw,80,-0.125006727383609,0.269230024783544,-0.0965534930798326,0.394213004783797,8,5,3,-0.240890359973798,0.0965534930798326
Motor_System_INL_Deg,ApproachObservedDeltaRaw,80,-0.0691259091771402,0.54233913447617,-0.0964686036066072,0.394630846574962,8,5,3,-0.196533034586918,0.0964686036066072
Motor_System_INL_Deg,ForwardFeedforwardTargetErrorRaw,80,-0.0691259091771402,0.54233913447617,-0.096468603606607,0.394630846574962,8,5,3,-0.196533034586917,0.096468603606607
Motor_System_INL_Deg,ApproachTargetErrorRaw,80,-0.0691259091771402,0.54233913447617,-0.096468603606607,0.394630846574962,8,5,3,-0.196533034586917,0.096468603606607
NL_RobustP2P,A45,80,0.0886375008269162,0.434296194730561,0.0964012895956498,0.394962365333717,8,5,3,0.109457183128058,0.0964012895956498
A6,P99_AbsDeviation,80,-0.117654001939192,0.298626914740978,-0.0963816412433654,0.395059163792559,8,3,5,0.135379879724096,0.0963816412433654
Fitted_P2P,CrestFactor,80,0.19042797686713,0.0906548297617597,0.0961052772227311,0.396422172742391,8,6,2,0.105556575564954,0.0961052772227311
A45,Residual_RMS_H6,80,0.0712283624716816,0.5300974351048,0.0960897344844086,0.396498911080378,8,6,2,0.292548177634371,0.0960897344844086
Motor_Error_P2P_Deg,ApproachObservedDeltaRaw,80,-0.068598587692462,0.545431040092561,-0.0958725633114231,0.397572058251856,8,5,3,-0.197072736889713,0.0958725633114231
Motor_Error_P2P_Deg,ForwardFeedforwardTargetErrorRaw,80,-0.068598587692462,0.545431040092561,-0.0958725633114229,0.397572058251856,8,5,3,-0.197072736889712,0.0958725633114229
Motor_Error_P2P_Deg,ApproachTargetErrorRaw,80,-0.068598587692462,0.545431040092561,-0.0958725633114229,0.397572058251856,8,5,3,-0.197072736889712,0.0958725633114229
MeanDC,A18,80,0.0522512559432944,0.64529465395679,0.0943447627158185,0.405170063094838,8,5,3,0.161331698155601,0.0943447627158185
A3,A108,80,0.128224805613722,0.256998529384467,0.0941895124033311,0.405946882796668,8,4,4,0.00171800119780935,0.0941895124033311
A45,ShadowP2P,80,0.104152134305719,0.357882574356239,0.093579769848651,0.409006255491957,8,6,2,0.159132080248429,0.093579769848651
ClosureErrorDeg,ShadowP2P,80,0.0510792061757696,0.652732191402404,0.0930563266336558,0.411643324081565,8,5,3,0.260151238867819,0.0930563266336558
A6,A45,80,-0.0884928269037109,0.435049598515735,-0.0924451884793626,0.41473467567613,8,6,2,-0.142639544327826,0.0924451884793626
A36,AnalysisStartRaw,80,0.00242458912251204,0.982970525519993,-0.0911497700861697,0.421331678283355,8,5,3,-0.0730537695066509,0.0911497700861697
TrackingError_MaxAbs_Deg,MotorActiveDurationMs,80,-0.0814474542775964,0.472623269991926,-0.0908090403090086,0.4230768409405,8,6,2,-0.261015331158074,0.0908090403090086
MeanDC,Fitted_P2P,80,-0.244371437421738,0.0289210791468136,-0.090462010309293,0.424858530743268,8,6,2,-0.388031029525608,0.090462010309293
A12,AbsApproachReturnErrorRaw,80,-0.23562727983505,0.0353724530124525,-0.0903876325395114,0.425240952937797,8,4,4,-0.00713965463027797,0.0903876325395114
A45,Residual_RMS_Extended,80,0.0866752990598657,0.444577363726337,0.0902177979280227,0.426114916481197,8,4,4,-0.0613901678082727,0.0902177979280227
A3,P99_AbsDeviation,80,0.047390804163936,0.676356797970091,0.0901036942931553,0.426702666821361,8,5,3,0.221748653605506,0.0901036942931553
Fitted_P2P,ClosureErrorDeg,80,-0.0949084725601762,0.402356785925963,-0.0893302072063711,0.430699116307755,8,3,5,0.045142439530251,0.0893302072063711
A18,AbsApproachReturnErrorRaw,80,0.156244429233134,0.166353962830498,0.089126888097489,0.431753148181312,8,5,3,0.130195226358089,0.089126888097489
Motor_System_INL_Deg,TrackingError_RMS_Deg,80,0.0650000966202794,0.566756547541857,0.0887148647268166,0.433893618067247,8,5,3,0.146554175699521,0.0887148647268166
Motor_Error_P2P_Deg,TrackingError_RMS_Deg,80,0.0643136394953844,0.570868726670395,0.0880063384461211,0.437588454560616,8,5,3,0.146160177304169,0.0880063384461211
FitExplainedRatio,BackoffObservedDeltaRaw,80,-0.0313026154775362,0.782824437895833,0.0875459476610386,0.4399987942026,8,4,4,0.120139195453091,0.0875459476610386
FitExplainedRatio,BackoffFeedforwardTargetErrorRaw,80,-0.0313026154775362,0.782824437895833,0.0875459476610385,0.4399987942026,8,4,4,0.120139195453092,0.0875459476610385
FitExplainedRatio,BackoffTargetErrorRaw,80,-0.0313026154775362,0.782824437895833,0.0875459476610385,0.4399987942026,8,4,4,0.120139195453092,0.0875459476610385
TrackingError_RMS_Deg,ForwardFeedforwardTargetErrorRaw,80,-0.124082631611671,0.272813622683873,-0.086973694502469,0.443005166319316,8,6,2,-0.258180476059666,0.086973694502469
TrackingError_RMS_Deg,ApproachTargetErrorRaw,80,-0.124082631611671,0.272813622683873,-0.086973694502469,0.443005166319316,8,6,2,-0.258180476059666,0.086973694502469
TrackingError_RMS_Deg,ApproachObservedDeltaRaw,80,-0.124082631611671,0.272813622683873,-0.0869736945024686,0.443005166319322,8,6,2,-0.258180476059666,0.0869736945024686
ClosureErrorDeg,ApproachReturnErrorRaw,80,-0.0853552608082257,0.451569758871842,-0.0869675485466438,0.443037516899824,8,7,1,-0.0982316227379553,0.0869675485466438
Fitted_P2P_Extended,FitExplainedRatio_Extended,80,0.133719784332715,0.236998707753995,0.0868962586812705,0.443412863425389,8,4,4,-0.0122917512898609,0.0868962586812705
AbsClosureErrorDeg,TimeSincePreviousRunMs,80,0.00787298637216706,0.944742140930279,0.0862047638005665,0.447062868723859,8,4,4,0.0305714065374902,0.0862047638005665
ClosureErrorDeg,BackoffObservedDeltaRaw,80,0.0595452118238955,0.59981099566227,0.0861831325580858,0.447177317308481,8,4,4,0.0202466717292835,0.0861831325580858
ClosureErrorDeg,BackoffFeedforwardTargetErrorRaw,80,0.0595452118238956,0.59981099566227,0.0861831325580857,0.447177317308481,8,4,4,0.0202466717292834,0.0861831325580857
ClosureErrorDeg,BackoffTargetErrorRaw,80,0.0595452118238956,0.59981099566227,0.0861831325580857,0.447177317308481,8,4,4,0.0202466717292834,0.0861831325580857
A36,MotorActiveDurationMs,80,-0.0199904381910783,0.860291249601902,0.0861663636281951,0.447266051160598,8,6,2,0.101555996598344,0.0861663636281951
A108,MotorActiveDurationMs,80,-0.185148733976997,0.100133540059739,-0.0858259539571884,0.449069471781448,8,6,2,-0.226840619273321,0.0858259539571884
Residual_RMS_Extended,TrackingError_MaxAbs_Deg,80,0.12374586378709,0.274127510327923,0.0854228868884014,0.451210059889716,8,5,3,0.157177198669485,0.0854228868884014
A45,Motor_Error_P2P_Deg,80,0.0954875410200686,0.399478853848621,0.0852452384556576,0.452155300751463,8,6,2,0.158447436894314,0.0852452384556576
A18,ClosureErrorDeg,80,0.0705232818237225,0.534187432584092,0.0851204696145137,0.452819832732324,8,6,2,0.225851251148384,0.0851204696145137
A2,A45,80,0.0657796311690191,0.562103751385564,0.0850416609947573,0.453239854285255,8,5,3,0.0625444051034605,0.0850416609947573
MeanDC,P99_AbsDeviation,80,0.0167323520827199,0.882884510284911,0.0850344553888513,0.453278268325527,8,4,4,-0.0125039122918402,0.0850344553888513
A45,Motor_System_INL_Deg,80,0.0952693529350008,0.400561805537426,0.0849164109472371,0.453907835397165,8,6,2,0.157461395252097,0.0849164109472371
A27,ForwardFeedforwardTargetErrorRaw,80,0.072474936036619,0.522904751135102,0.0845127817271223,0.456064162871714,8,6,2,0.173307753730213,0.0845127817271223
A27,ApproachTargetErrorRaw,80,0.072474936036619,0.522904751135102,0.0845127817271223,0.456064162871714,8,6,2,0.173307753730213,0.0845127817271223
A27,ApproachObservedDeltaRaw,80,0.0724749360366189,0.522904751135102,0.0845127817271222,0.456064162871714,8,6,2,0.173307753730213,0.0845127817271222
A12,ClosureErrorDeg,80,-0.148984395209554,0.1871828149981,-0.0844663075403299,0.456312806301088,8,6,2,-0.224912028855978,0.0844663075403299
Fitted_P2P_Extended,AbsClosureErrorDeg,80,0.0280477263000087,0.804933923266852,0.0843707492646963,0.456824291262265,8,3,5,-0.101412652781827,0.0843707492646963
ClosureErrorDeg,AbsApproachReturnErrorRaw,80,-0.0591764523445794,0.602076074687304,-0.0836867560481806,0.460494640112535,8,5,3,-0.179563922534692,0.0836867560481806
NL_RobustP2P,A3,80,-0.187058915870974,0.0966182279769895,-0.0832329697913848,0.462938580621926,8,5,3,-0.187286777118023,0.0832329697913848
Residual_RMS_Extended,TimeSincePreviousRunMs,80,0.0220329653857452,0.846183098654118,-0.0825671029655526,0.466537517272445,8,5,3,-0.248712247895975,0.0825671029655526
BackoffObservedDeltaRaw,MotorActiveDurationMs,80,-0.0342806772589955,0.762744489158945,0.0824491543643476,0.467176600016806,8,5,3,0.240740477329607,0.0824491543643476
BackoffFeedforwardTargetErrorRaw,MotorActiveDurationMs,80,-0.0342806772589954,0.762744489158945,0.0824491543643474,0.467176600016806,8,5,3,0.240740477329606,0.0824491543643474
BackoffTargetErrorRaw,MotorActiveDurationMs,80,-0.0342806772589954,0.762744489158945,0.0824491543643474,0.467176600016806,8,5,3,0.240740477329606,0.0824491543643474
NL_RobustP2P,Residual_RMS_Extended,80,0.0908686534209392,0.422771213076145,0.0817863742651166,0.470776589735065,8,7,1,0.206870618266693,0.0817863742651166
Fitted_P2P_Extended,TimeSincePreviousRunMs,80,0.108201575138583,0.339394948593174,0.0813733718178941,0.473027444851326,8,5,3,0.260442027358654,0.0813733718178941
A2,A36,80,0.0365239126854618,0.747721124510621,-0.0812308004720658,0.473805802086944,8,3,5,0.189927492305416,0.0812308004720658
CrestFactor,ApproachReturnErrorRaw,80,-0.0902355977086292,0.426023271197575,-0.080787470304067,0.476230534368149,8,4,4,-0.0227662482116666,0.080787470304067
MeanDC,A45,80,0.0821273248462869,0.468922792935863,0.0803846916877007,0.478439243712009,8,5,3,0.0971218241784845,0.0803846916877007
BackoffFeedforwardTargetErrorRaw,AnalysisStartRaw,80,0.0601889512099627,0.595865965791884,0.0799962191596162,0.480574691872325,8,6,2,0.147604890319073,0.0799962191596162
BackoffTargetErrorRaw,AnalysisStartRaw,80,0.0601889512099627,0.595865965791884,0.0799962191596162,0.480574691872325,8,6,2,0.147604890319073,0.0799962191596162
BackoffObservedDeltaRaw,AnalysisStartRaw,80,0.0601889512099628,0.595865965791884,0.0799962191596161,0.480574691872325,8,6,2,0.147604890319072,0.0799962191596161
Fitted_P2P,P99_AbsDeviation,80,0.156806438083636,0.164815908083915,0.0787781310436975,0.487303458584995,8,5,3,0.115826059655195,0.0787781310436975
MeanDC,Motor_System_INL_Deg,80,-0.155983355027582,0.167072036260492,-0.0785859659335066,0.488369522775069,8,4,4,-0.103467968626419,0.0785859659335066
MeanDC,Motor_Error_P2P_Deg,80,-0.155972816965961,0.167101068629376,-0.078234816492575,0.49032075690164,8,4,4,-0.103158862157794,0.078234816492575
A2,ForwardFeedforwardTargetErrorRaw,80,-0.0429005339550288,0.705542781109812,0.0779786550946472,0.491746759491573,8,2,6,-0.165988316299513,0.0779786550946472
A2,ApproachTargetErrorRaw,80,-0.0429005339550288,0.705542781109812,0.0779786550946472,0.491746759491573,8,2,6,-0.165988316299513,0.0779786550946472
A2,ApproachObservedDeltaRaw,80,-0.0429005339550288,0.705542781109812,0.077978655094647,0.491746759491573,8,2,6,-0.16598831629951,0.077978655094647
A36,AbsApproachReturnErrorRaw,80,-0.189515712358778,0.0922401489994127,-0.0777341822578968,0.49310972691681,8,6,2,-0.181500019999793,0.0777341822578968
TrackingError_MaxAbs_Deg,AbsApproachReturnErrorRaw,80,0.111574097365676,0.324465141653965,0.077286473894034,0.495610894230707,8,4,4,0.0543602720565383,0.077286473894034
A45,Fitted_P2P,80,0.0289760435073753,0.798611706782827,0.07667805303626,0.49902051395272,8,6,2,0.17989283197339,0.07667805303626
TrackingError_RMS_Deg,AbsApproachReturnErrorRaw,80,0.0559901835191716,0.621802774993573,0.075847273845105,0.503695903949553,8,4,4,-0.00355776266622566,0.075847273845105
FitExplainedRatio_Extended,TimeSincePreviousRunMs,80,-0.0142373668739696,0.90025041332603,0.0756513307899535,0.504801911171358,8,5,3,0.217916040022602,0.0756513307899535
FitExplainedRatio,AbsApproachReturnErrorRaw,80,0.0530442377438603,0.640282191294513,-0.0756284311078383,0.504931251072707,8,5,3,-0.160895394075056,0.0756284311078383
A3,ShadowP2P,80,0.0485332974136205,0.669004203737112,0.0755174408598096,0.505558378659526,8,5,3,0.042611248919211,0.0755174408598096
A2,AbsClosureErrorDeg,80,-0.0892168122256834,0.431286789498079,-0.075274819984733,0.50693065710372,8,6,2,-0.163871023891354,0.075274819984733
FitExplainedRatio,ApproachReturnErrorRaw,80,-0.0738301952675791,0.51514110650973,0.0752118370934074,0.507287205717114,8,4,4,-0.0939750676698814,0.0752118370934074
CrestFactor,TimeSincePreviousRunMs,80,0.0734983776447945,0.517036492076535,0.0741483887469305,0.513326873327945,8,6,2,0.158423752465757,0.0741483887469305
A27,FitExplainedRatio,80,0.0737980832857432,0.515324379558948,0.0738798903551401,0.514857546667419,8,5,3,0.249749938780312,0.0738798903551401
A3,TrackingError_MaxAbs_Deg,80,0.00249858507046684,0.982450884576976,0.0738375325951173,0.515099234763084,8,6,2,0.0532070734380203,0.0738375325951173
AbsClosureErrorDeg,AnalysisStartRaw,80,0.119112785159173,0.292633638768256,0.073410407983021,0.51753957955389,8,5,3,0.26946762812068,0.073410407983021
MeanDC,A2,80,0.0993316724090502,0.380683637386913,0.072200725423411,0.524482709827211,8,1,7,-0.0894584361021013,0.072200725423411
ForwardFeedforwardTargetErrorRaw,MotorActiveDurationMs,80,0.054588000851021,0.630570205470884,-0.0718088174708798,0.526742108755778,8,4,4,-0.0835858348725172,0.0718088174708798
ApproachTargetErrorRaw,MotorActiveDurationMs,80,0.054588000851021,0.630570205470884,-0.0718088174708798,0.526742108755778,8,4,4,-0.0835858348725172,0.0718088174708798
ApproachObservedDeltaRaw,MotorActiveDurationMs,80,0.0545880008510211,0.630570205470884,-0.0718088174708797,0.526742108755778,8,4,4,-0.0835858348725167,0.0718088174708797
Residual_RMS_Extended,Fitted_P2P_Extended,80,0.00217931536199379,0.984693024558292,0.0717913084880947,0.526843163855489,8,5,3,0.221221614353054,0.0717913084880947
A1,A108,80,-0.241307882715602,0.0310579756002076,0.071271410827631,0.529848228577999,8,3,5,-0.0174602663562761,0.071271410827631
Fitted_P2P,ApproachObservedDeltaRaw,80,-0.155046164518417,0.169668556138686,-0.0703770059561295,0.535037895035775,8,6,2,-0.314883977486526,0.0703770059561295
Fitted_P2P,ForwardFeedforwardTargetErrorRaw,80,-0.155046164518417,0.169668556138686,-0.0703770059561293,0.535037895035785,8,6,2,-0.314883977486526,0.0703770059561293
Fitted_P2P,ApproachTargetErrorRaw,80,-0.155046164518417,0.169668556138686,-0.0703770059561293,0.535037895035785,8,6,2,-0.314883977486526,0.0703770059561293
MeanDC,ShadowP2P,80,-0.14896179778182,0.187250465981333,-0.0692116105126468,0.541837442639979,8,5,3,-0.0860915139741556,0.0692116105126468
FitExplainedRatio_Extended,Motor_System_INL_Deg,80,-0.031378854249358,0.782308552506695,-0.0690928100114225,0.542532956311378,8,6,2,-0.0658546813461894,0.0690928100114225
FitExplainedRatio_Extended,Motor_Error_P2P_Deg,80,-0.0310609298050711,0.78446047201238,-0.0690005071499169,0.543073641480445,8,6,2,-0.0660534124996162,0.0690005071499169
A45,A108,80,-0.0199243567452849,0.860748443546445,-0.0677900528786415,0.550188411299122,8,5,3,-0.100321373409534,0.0677900528786415
A6,ForwardFeedforwardTargetErrorRaw,80,0.0733666993623179,0.517789636031623,0.06705270058388,0.554544345939073,8,6,2,0.181978210521568,0.06705270058388
A6,ApproachTargetErrorRaw,80,0.0733666993623179,0.517789636031623,0.06705270058388,0.554544345939073,8,6,2,0.181978210521568,0.06705270058388
A6,ApproachObservedDeltaRaw,80,0.073366699362318,0.517789636031623,0.0670527005838795,0.554544345939073,8,6,2,0.181978210521566,0.0670527005838795
A108,TimeSincePreviousRunMs,80,0.18572097661244,0.0990701074163399,0.0669382384353668,0.555222015185433,8,5,3,0.0422575367793021,0.0669382384353668
Residual_RMS_H6,MotorActiveDurationMs,80,-0.0533027142379742,0.638651811079747,0.0664460528197251,0.558140495762203,8,4,4,0.0157877048338526,0.0664460528197251
A45,A72,80,-0.0299668861575227,0.791877933345902,-0.0662234293665394,0.559462969645858,8,4,4,0.0776467658977793,0.0662234293665394
RMS_AC,MotorActiveDurationMs,80,-0.0524577714803896,0.643987728420905,0.0659109974232981,0.561321453147881,8,4,4,0.0227632166770676,0.0659109974232981
A12,TimeSincePreviousRunMs,80,0.14110445013741,0.211858756721749,0.0658249108087443,0.561834048598102,8,5,3,0.191560765616162,0.0658249108087443
FitExplainedRatio_Extended,ShadowP2P,80,-0.031133416016147,0.783969695292382,-0.0655567092331107,0.563432452968269,8,6,2,-0.084782675940476,0.0655567092331107
TrackingError_MaxAbs_Deg,AnalysisStartRaw,80,0.0447377804144511,0.693546674448339,0.0655315913277217,0.563582258492616,8,3,5,-0.146067651823205,0.0655315913277217
A45,ClosureErrorDeg,80,-0.0669217208847116,0.555319839528527,-0.0655307062123878,0.563587537746151,8,5,3,-0.142057713776091,0.0655307062123878
TrackingError_RMS_Deg,AbsClosureErrorDeg,80,0.0770794160789963,0.496769885330935,0.0651503696901929,0.565858207637357,8,4,4,-0.122276741869374,0.0651503696901929
A1,AbsApproachReturnErrorRaw,80,0.0585824930440093,0.605732352786606,-0.0647113745927844,0.568484421471724,8,5,3,-0.092819367024995,0.0647113745927844
A9,P99_AbsDeviation,80,0.0646678086124801,0.568745358912763,0.0644588767100282,0.569997531109619,8,5,3,0.111005733794138,0.0644588767100282
A6,A12,80,-0.0678311159762701,0.549946316246388,-0.0639617997813167,0.572981786786528,8,6,2,-0.14713770502319,0.0639617997813167
A18,ShadowP2P,80,-0.00825982137488438,0.942031655076464,-0.0637840174025988,0.574050884822088,8,4,4,-0.0130669967714208,0.0637840174025988
TrackingError_RMS_Deg,ShadowP2P,80,0.0528217670691837,0.641686824443157,0.063492500141213,0.575805932185085,8,6,2,0.11411494079999,0.063492500141213
A18,Motor_Error_P2P_Deg,80,-0.00522433585160774,0.963316024483593,-0.0633943155529734,0.5763976004419,8,3,5,0.0499787832170676,0.0633943155529734
A18,Motor_System_INL_Deg,80,-0.00527047958128397,0.962992241741605,-0.063393675275345,0.576401459729399,8,3,5,0.0491038743185944,0.063393675275345
A3,AbsApproachReturnErrorRaw,80,-0.0430580929886729,0.704511147522265,0.0628268603592586,0.579822628407942,8,3,5,-0.0206473198113212,0.0628268603592586
A45,FitExplainedRatio_Extended,80,-0.065507855405628,0.563723839037482,-0.0622385361077916,0.583383466953255,8,3,5,0.12986875495443,0.0622385361077916
CrestFactor,ApproachObservedDeltaRaw,80,-0.0271163894437278,0.811289298334075,-0.0618208578004015,0.585917519717175,8,4,4,-0.0350229252169563,0.0618208578004015
CrestFactor,ForwardFeedforwardTargetErrorRaw,80,-0.0271163894437278,0.811289298334075,-0.0618208578004014,0.585917519717175,8,4,4,-0.0350229252169582,0.0618208578004014
CrestFactor,ApproachTargetErrorRaw,80,-0.0271163894437278,0.811289298334075,-0.0618208578004014,0.585917519717175,8,4,4,-0.0350229252169582,0.0618208578004014
A72,Fitted_P2P,80,-0.169365349217899,0.133127776441868,0.0617282002871344,0.586480350565461,8,6,2,0.136291903454884,0.0617282002871344
A18,FitExplainedRatio,80,0.0392858549890064,0.729352690249206,-0.0607212978461842,0.592612374893727,8,5,3,-0.0807859515663395,0.0607212978461842
A108,AbsClosureErrorDeg,80,-0.00882253299821252,0.938090015548967,-0.0604529107767773,0.594251702005014,8,4,4,-0.0414420733884925,0.0604529107767773
A72,Residual_RMS_Extended,80,0.0727481790941405,0.521334741707733,0.0595863963226525,0.599558257765386,8,4,4,0.159035452077784,0.0595863963226525
A2,A9,80,-0.107453809771536,0.342762831649252,0.0595312216666561,0.599896860152973,8,5,3,0.18363110732301,0.0595312216666561
MeanDC,A3,80,-0.110208753345712,0.330458096734472,-0.0593880727655705,0.600775748784503,8,4,4,0.0226295889967418,0.0593880727655705
A1,A12,80,-0.0288596683645263,0.79940356823158,-0.0593547988181874,0.600980121905579,8,5,3,-0.137328241022674,0.0593547988181874
AbsClosureErrorDeg,ApproachReturnErrorRaw,80,-0.0783713620435261,0.489561525327405,-0.0592334196479054,0.601725910213683,8,5,3,-0.0860710058046923,0.0592334196479054
P99_AbsDeviation,AbsClosureErrorDeg,80,-0.0651915866083519,0.565611928065277,-0.0589225118025243,0.603638081214924,8,6,2,-0.0904309837950205,0.0589225118025243
ClosureErrorDeg,MotorActiveDurationMs,80,-0.0629128013201805,0.579303307742644,-0.058742367177364,0.604747245447751,8,6,2,-0.0481250977298754,0.058742367177364
A3,Motor_System_INL_Deg,80,0.038454350186288,0.734867189368114,0.0585932850961817,0.605665832494415,8,4,4,0.00302204803797427,0.0585932850961817
A72,TimeSincePreviousRunMs,80,0.0652920874832993,0.565011626392572,0.0582535593112506,0.6077613784539,8,4,4,0.131934036606018,0.0582535593112506
Residual_RMS_Extended,AbsClosureErrorDeg,80,-0.0854360233000638,0.451140206566364,-0.0581041582356525,0.608683938665512,8,5,3,-0.256128924695331,0.0581041582356525
A3,Motor_Error_P2P_Deg,80,0.0379140802922668,0.73845745072143,0.0577882526371129,0.610636684011729,8,4,4,0.00285381543950868,0.0577882526371129
A6,AbsClosureErrorDeg,80,-0.0369547975086676,0.744845940319109,-0.0575511649994934,0.612104009887594,8,4,4,-0.0271453192895384,0.0575511649994934
FitExplainedRatio_Extended,MotorActiveDurationMs,80,0.0309037925221897,0.785524677534555,-0.056642264541503,0.617743268699346,8,4,4,-0.130066714271886,0.056642264541503
A3,CrestFactor,80,0.0858216789887442,0.449092145379866,-0.0562696441858093,0.62006161150884,8,4,4,0.00398493019292505,0.0562696441858093
Residual_RMS_Full,MotorActiveDurationMs,80,-0.0611596148510621,0.589939485875244,0.0559326357039046,0.62216158163408,8,6,2,0.117687528725763,0.0559326357039046
FitExplainedRatio,TrackingError_MaxAbs_Deg,80,0.0412060899181063,0.716670542573319,0.055895477143807,0.622393309473619,8,5,3,0.0780031673556995,0.055895477143807
Motor_System_INL_Deg,BackoffObservedDeltaRaw,80,0.0587261667613199,0.604847036565164,0.0558708915793686,0.622546649896968,8,6,2,0.130956281388188,0.0558708915793686
Motor_System_INL_Deg,BackoffFeedforwardTargetErrorRaw,80,0.0587261667613199,0.604847036565164,0.0558708915793684,0.622546649896968,8,6,2,0.130956281388188,0.0558708915793684
Motor_System_INL_Deg,BackoffTargetErrorRaw,80,0.0587261667613199,0.604847036565164,0.0558708915793684,0.622546649896968,8,6,2,0.130956281388188,0.0558708915793684
Motor_Error_P2P_Deg,BackoffObservedDeltaRaw,80,0.0583604155010388,0.607101910736771,0.0555009513826036,0.624855906512597,8,5,3,0.130530972284244,0.0555009513826036
Motor_Error_P2P_Deg,BackoffFeedforwardTargetErrorRaw,80,0.0583604155010388,0.607101910736771,0.0555009513826034,0.624855906512597,8,5,3,0.130530972284245,0.0555009513826034
Motor_Error_P2P_Deg,BackoffTargetErrorRaw,80,0.0583604155010388,0.607101910736771,0.0555009513826034,0.624855906512597,8,5,3,0.130530972284245,0.0555009513826034
Residual_RMS_Extended,MotorActiveDurationMs,80,-0.0654811410658383,0.563883205411907,0.0554408904460496,0.625231163288631,8,5,3,0.121818049088103,0.0554408904460496
A3,Fitted_P2P,80,-0.0976816350652115,0.388685045615499,-0.0552111461779051,0.626667468863444,8,5,3,-0.108513051146809,0.0552111461779051
A1,Residual_RMS_Full,80,-0.254738166165177,0.022587098653141,0.0542664202242161,0.632588222804762,8,6,2,0.175669559961222,0.0542664202242161
A3,A9,80,0.187668894187283,0.0955163110166046,0.054258624682966,0.632637175620892,8,3,5,-0.0993792748113917,0.054258624682966
Fitted_P2P_Extended,ApproachObservedDeltaRaw,80,-0.11865192449609,0.294518421866902,-0.0541656638259272,0.633221053428262,8,5,3,-0.10386026291517,0.0541656638259272
Fitted_P2P_Extended,ForwardFeedforwardTargetErrorRaw,80,-0.11865192449609,0.294518421866902,-0.0541656638259272,0.633221053428262,8,5,3,-0.103860262915171,0.0541656638259272
Fitted_P2P_Extended,ApproachTargetErrorRaw,80,-0.11865192449609,0.294518421866902,-0.0541656638259272,0.633221053428262,8,5,3,-0.103860262915171,0.0541656638259272
P99_AbsDeviation,ClosureErrorDeg,80,-0.04876014050116,0.667548007903103,-0.0541137756509611,0.633547055334018,8,4,4,0.00803381982001957,0.0541137756509611
A2,TrackingError_MaxAbs_Deg,80,0.0356036357175979,0.753873388751904,0.0539162077518413,0.634788968883419,8,4,4,0.0520632829960002,0.0539162077518413
Residual_RMS_Full,AbsApproachReturnErrorRaw,80,-0.182794846418777,0.104602039814175,-0.0537811137110648,0.635638752094394,8,6,2,-0.125910434547332,0.0537811137110648
A3,MotorActiveDurationMs,80,0.105351123670429,0.352344973784992,0.0535683532641872,0.636978035056549,8,4,4,-0.0267011769154743,0.0535683532641872
MeanDC,A72,80,0.038176082606503,0.736715659943307,-0.0520583802282854,0.64651623147958,8,3,5,0.0725021255730175,0.0520583802282854
ShadowP2P,ApproachReturnErrorRaw,80,-0.0240707842764507,0.832155491900077,-0.0518455016995471,0.64786558219578,8,4,4,0.0550686718680105,0.0518455016995471
A27,AnalysisStartRaw,80,0.0350243010195412,0.757754275509036,0.0514963121691549,0.650081409986782,8,5,3,0.0862334535106807,0.0514963121691549
A18,TrackingError_MaxAbs_Deg,80,0.023523992293443,0.835914458896845,-0.0511439034959726,0.652320745709239,8,5,3,-0.209286459306578,0.0511439034959726
TrackingError_RMS_Deg,BackoffFeedforwardTargetErrorRaw,80,0.0317042388868657,0.780107828133088,0.0505332659008393,0.656208240552287,8,5,3,0.0963290733579765,0.0505332659008393
TrackingError_RMS_Deg,BackoffTargetErrorRaw,80,0.0317042388868657,0.780107828133088,0.0505332659008393,0.656208240552287,8,5,3,0.0963290733579765,0.0505332659008393
TrackingError_RMS_Deg,BackoffObservedDeltaRaw,80,0.0317042388868657,0.780107828133088,0.0505332659008393,0.656208240552287,8,5,3,0.0963290733579774,0.0505332659008393
A6,TrackingError_MaxAbs_Deg,80,0.0160166670566724,0.887860633982219,0.0499525368172628,0.659913820138912,8,5,3,0.123556179691987,0.0499525368172628
AbsClosureErrorDeg,BackoffObservedDeltaRaw,80,-0.0861797329367878,0.44719530582593,-0.0492103028365302,0.664661873796493,8,4,4,-0.024516838637275,0.0492103028365302
AbsClosureErrorDeg,BackoffFeedforwardTargetErrorRaw,80,-0.0861797329367878,0.44719530582593,-0.0492103028365302,0.664661873796493,8,4,4,-0.0245168386372747,0.0492103028365302
AbsClosureErrorDeg,BackoffTargetErrorRaw,80,-0.0861797329367878,0.44719530582593,-0.0492103028365302,0.664661873796493,8,4,4,-0.0245168386372747,0.0492103028365302
FitExplainedRatio_Extended,TrackingError_RMS_Deg,80,-0.000642775559659344,0.995485054483689,0.0482386181138716,0.670897690956223,8,4,4,0.0615595704908845,0.0482386181138716
A27,Residual_RMS_Extended,80,-0.0663627200864856,0.558635351504333,-0.0475921299305494,0.675058929264083,8,5,3,-0.105095870034698,0.0475921299305494
A2,A108,80,0.00809841490679879,0.943162523983043,0.0474481665712201,0.675986908632348,8,4,4,0.112436765368911,0.0474481665712201
P99_AbsDeviation,TimeSincePreviousRunMs,80,0.0381451025604809,0.736921546276511,0.0465438494565601,0.681827079765847,8,4,4,-0.0641024937337908,0.0465438494565601
A1,TimeSincePreviousRunMs,80,-0.06768703696298,0.550795987034939,-0.0459561922759017,0.685632300731781,8,5,3,-0.051156111031152,0.0459561922759017
A12,A108,80,-0.0394276628455109,0.728413587329472,0.0428093752046202,0.706139894804928,8,3,5,-0.102959320792427,0.0428093752046202
A6,Fitted_P2P_Extended,80,-0.102398676526854,0.366077114227967,-0.0426056348507656,0.707475088502568,8,4,4,0.00334634694475582,0.0426056348507656
A36,CrestFactor,80,-0.143418687459916,0.204384228119952,0.042438693896216,0.70856977886236,8,4,4,0.0168869435744662,0.042438693896216
A45,TimeSincePreviousRunMs,80,-0.0361352857004737,0.750317289227419,-0.0417288736820216,0.713230889252368,8,4,4,-0.0333324460055452,0.0417288736820216
MeanDC,Fitted_P2P_Extended,80,-0.094642072402058,0.403684861025016,0.041594693374886,0.714113185935378,8,4,4,-0.0496710442504378,0.041594693374886
A27,ApproachReturnErrorRaw,80,-0.0120582319501657,0.915456590270366,0.0405366746342015,0.721083191544309,8,5,3,0.158263857624197,0.0405366746342015
ShadowP2P,BackoffObservedDeltaRaw,80,0.0415112189053497,0.714662257886573,0.0399424788723144,0.725007657274614,8,5,3,0.127080143668459,0.0399424788723144
ShadowP2P,BackoffFeedforwardTargetErrorRaw,80,0.0415112189053497,0.714662257886573,0.0399424788723143,0.725007657274614,8,5,3,0.12708014366846,0.0399424788723143
ShadowP2P,BackoffTargetErrorRaw,80,0.0415112189053497,0.714662257886573,0.0399424788723143,0.725007657274614,8,5,3,0.12708014366846,0.0399424788723143
CrestFactor,TrackingError_RMS_Deg,80,0.0131208414962503,0.908037482058461,0.0391632222602069,0.730165129750009,8,5,3,0.0494304244799152,0.0391632222602069
A18,MotorActiveDurationMs,80,0.0781471315530149,0.490808636952282,0.0390714663202355,0.73077320543636,8,5,3,0.221962395650231,0.0390714663202355
A1,A72,80,-0.297728718614166,0.00731456317941398,-0.0388363034971064,0.732332409595036,8,5,3,-0.0594622061453787,0.0388363034971064
CrestFactor,MotorActiveDurationMs,80,0.0324520925992778,0.775056324099611,0.0387213008609298,0.733095308705961,8,5,3,0.208791912085784,0.0387213008609298
A27,MotorActiveDurationMs,80,0.00397509478021183,0.972083819234795,-0.0385672819724731,0.734117437001767,8,6,2,-0.194295436807822,0.0385672819724731
NL_RobustP2P,A12,80,0.081088208339064,0.474584962902159,-0.038447502019626,0.734912662217099,8,5,3,-0.172459080411361,0.038447502019626
A27,BackoffFeedforwardTargetErrorRaw,80,-0.0718320285512123,0.526608158309075,-0.0380348546880244,0.737654378659958,8,4,4,-0.000831520979698911,0.0380348546880244
A27,BackoffTargetErrorRaw,80,-0.0718320285512123,0.526608158309075,-0.0380348546880244,0.737654378659958,8,4,4,-0.000831520979698911,0.0380348546880244
A27,BackoffObservedDeltaRaw,80,-0.0718320285512123,0.526608158309075,-0.0380348546880241,0.737654378659958,8,4,4,-0.000831520979698221,0.0380348546880241
A45,TrackingError_RMS_Deg,80,0.0340888802092369,0.764033155297696,0.0378139976110761,0.739123148319342,8,5,3,0.0980869392616331,0.0378139976110761
A3,A18,80,-0.0699019683536009,0.537804420224586,-0.0375254394955977,0.74104355778,8,4,4,-0.0489416235719644,0.0375254394955977
A72,ForwardFeedforwardTargetErrorRaw,80,-0.0449661708478266,0.69206060064975,-0.0373232468502362,0.742390132544271,8,4,4,0.0868976858752927,0.0373232468502362
A72,ApproachTargetErrorRaw,80,-0.0449661708478266,0.69206060064975,-0.0373232468502362,0.742390132544271,8,4,4,0.0868976858752927,0.0373232468502362
A72,ApproachObservedDeltaRaw,80,-0.0449661708478266,0.69206060064975,-0.0373232468502362,0.742390132544271,8,4,4,0.0868976858752928,0.0373232468502362
A18,ApproachReturnErrorRaw,80,-0.00312154754332715,0.978076404265865,0.0368715929421401,0.745400872957193,8,5,3,0.130195226358089,0.0368715929421401
FitExplainedRatio_Extended,BackoffObservedDeltaRaw,80,-0.0436646819770687,0.700544433900824,0.0366450835934706,0.74691223223204,8,4,4,0.00305807856722833,0.0366450835934706
FitExplainedRatio_Extended,BackoffFeedforwardTargetErrorRaw,80,-0.0436646819770687,0.700544433900824,0.0366450835934705,0.74691223223204,8,4,4,0.00305807856722791,0.0366450835934705
FitExplainedRatio_Extended,BackoffTargetErrorRaw,80,-0.0436646819770687,0.700544433900824,0.0366450835934705,0.74691223223204,8,4,4,0.00305807856722791,0.0366450835934705
A72,FitExplainedRatio_Extended,80,0.0107683690533147,0.924472027902708,0.0364993201352927,0.747885328591857,8,4,4,-0.033807343227174,0.0364993201352927
AbsClosureErrorDeg,MotorActiveDurationMs,80,0.00453934993918631,0.968123123988578,-0.0363302507409328,0.749014505625227,8,5,3,-0.146214070447045,0.0363302507409328
A2,MotorActiveDurationMs,80,-0.149027486867954,0.187053858529041,-0.0354719811753259,0.754754793964395,8,6,2,-0.0160437531121863,0.0354719811753259
A18,A72,80,-0.119517445422836,0.290985261453369,-0.0353373780196135,0.755656263528654,8,3,5,0.139333971365276,0.0353373780196135
A9,A27,80,0.0563463368895626,0.619584146553343,0.03475455477537,0.759563321615101,8,3,5,-0.0180366794706638,0.03475455477537
A2,A27,80,-0.0636960289902705,0.574580347469021,-0.0337698836285519,0.766177881539975,8,4,4,-0.0215296441789877,0.0337698836285519
A1,AnalysisStartRaw,80,-0.21718051743725,0.0529762845575063,-0.0324618405677573,0.774990540895829,8,4,4,-0.0595783921303561,0.0324618405677573
Motor_System_INL_Deg,ApproachReturnErrorRaw,80,0.000554491388571234,0.996105169645881,-0.0318513186942443,0.779113626058079,8,3,5,0.0717376938507371,0.0318513186942443
Motor_Error_P2P_Deg,ApproachReturnErrorRaw,80,0.00064224557007709,0.9954887771668,-0.0316831608504521,0.780250336364438,8,3,5,0.0709753208868982,0.0316831608504521
A3,A36,80,0.00142246214443106,0.990008630548619,0.03162319682322,0.780655791674625,8,5,3,0.116393061326612,0.03162319682322
A108,Fitted_P2P,80,-0.233511497002727,0.03710266237407,0.0314150208256495,0.782063856719375,8,4,4,0.149204821365465,0.0314150208256495
A6,A27,80,-0.0255089488459389,0.822286873557678,-0.0311326129620626,0.783975132006706,8,3,5,0.109723378335001,0.0311326129620626
A2,CrestFactor,80,-0.138439320816966,0.220704171425593,-0.0307057641400986,0.786866376055409,8,5,3,-0.0187389790495986,0.0307057641400986
Fitted_P2P_Extended,AbsApproachReturnErrorRaw,80,-0.126850208497462,0.262176105012096,-0.0300906010385123,0.791038223407264,8,5,3,-0.0783699453098716,0.0300906010385123
Residual_RMS_Extended,TrackingError_RMS_Deg,80,0.0769483760649351,0.497504103593787,0.030086574318203,0.791065550876249,8,5,3,0.0988424787472526,0.030086574318203
NL_RobustP2P,AnalysisStartRaw,80,-0.250991725215765,0.0247242045553494,-0.0297596596154854,0.793285005588708,8,4,4,-0.0234919485692399,0.0297596596154854
P99_AbsDeviation,AbsApproachReturnErrorRaw,80,0.0286000464629509,0.801170863989801,-0.0296164707306967,0.79425764686505,8,5,3,-0.0721043104708362,0.0296164707306967
AnalysisStartRaw,TimeSincePreviousRunMs,80,-0.00955999367564561,0.932926573360041,0.0294777436003979,0.7952002800193,8,4,4,-0.00116957066558622,0.0294777436003979
FitExplainedRatio_Extended,TrackingError_MaxAbs_Deg,80,-0.0872503771503475,0.441550159101787,-0.0294150170096761,0.795626595558153,8,4,4,-0.104498700339267,0.0294150170096761
TrackingError_RMS_Deg,ApproachReturnErrorRaw,80,-0.081452159049314,0.472597608265161,-0.0285294300253953,0.801651736609281,8,6,2,-0.115033300832016,0.0285294300253953
TrackingError_MaxAbs_Deg,BackoffObservedDeltaRaw,80,0.0121171602377219,0.915044959576997,0.0276389054224508,0.807722157253639,8,3,5,-0.0493628938633079,0.0276389054224508
TrackingError_MaxAbs_Deg,BackoffFeedforwardTargetErrorRaw,80,0.0121171602377219,0.915044959576997,0.0276389054224508,0.807722157253639,8,3,5,-0.0493628938633088,0.0276389054224508
TrackingError_MaxAbs_Deg,BackoffTargetErrorRaw,80,0.0121171602377219,0.915044959576997,0.0276389054224508,0.807722157253639,8,3,5,-0.0493628938633088,0.0276389054224508
A18,AbsClosureErrorDeg,80,0.0190463641749918,0.866827247432915,0.0273001658915729,0.810034241007818,8,4,4,0.0606310445343109,0.0273001658915729
FitExplainedRatio,ForwardFeedforwardTargetErrorRaw,80,-0.0411972998932896,0.716728424935471,-0.0261252088263311,0.818066455225154,8,7,1,-0.298682268467402,0.0261252088263311
FitExplainedRatio,ApproachTargetErrorRaw,80,-0.0411972998932896,0.716728424935471,-0.0261252088263311,0.818066455225154,8,7,1,-0.298682268467402,0.0261252088263311
FitExplainedRatio,ApproachObservedDeltaRaw,80,-0.0411972998932896,0.716728424935471,-0.026125208826331,0.818066455225154,8,7,1,-0.298682268467402,0.026125208826331
A12,TrackingError_RMS_Deg,80,-0.0328964819112443,0.772059022681508,0.0257950845459925,0.820326656028363,8,6,2,0.215407632291277,0.0257950845459925
Residual_RMS_Extended,CrestFactor,80,-0.116812251101703,0.302121475764232,0.0255444296179568,0.822043747610258,8,5,3,0.0945756562201471,0.0255444296179568
A36,P99_AbsDeviation,80,-0.0610730636498774,0.590466849633821,0.0254235388764663,0.82287219941444,8,4,4,0.0272588662224345,0.0254235388764663
A9,AbsApproachReturnErrorRaw,80,0.0626129664543275,0.5811160667323,0.0253089624233177,0.823657558816906,8,3,5,-0.159805600557367,0.0253089624233177
Fitted_P2P_Extended,ClosureErrorDeg,80,-0.0189744184787632,0.867325712807839,-0.0249513544643215,0.826109877869973,8,3,5,0.116193199534909,0.0249513544643215
ApproachReturnErrorRaw,MotorActiveDurationMs,80,0.0130904648787445,0.908249464574307,0.0235960382118659,0.835418961056184,8,5,3,0.0856848751662307,0.0235960382118659
A6,CrestFactor,80,-0.0709106817625748,0.531938289263394,-0.0231753981611638,0.838312823545065,8,2,6,0.173591490745865,0.0231753981611638
FitExplainedRatio_Extended,CrestFactor,80,0.112025173453625,0.322500563792621,-0.0229321754323574,0.839987095917154,8,5,3,-0.0803635126941761,0.0229321754323574
A108,Residual_RMS_Extended,80,0.104070749746663,0.358260389762333,-0.022493255836501,0.843010279299803,8,5,3,-0.0678020161761367,0.022493255836501
A2,A72,80,-0.0500738232709589,0.659139222320028,0.0220383094828568,0.846146247220856,8,3,5,-0.0744741132040325,0.0220383094828568
NL_RobustP2P,A27,80,-0.00456262371059919,0.96795977351937,-0.0216880579709965,0.848562180276777,8,5,3,-0.0539996074092484,0.0216880579709965
A72,AbsApproachReturnErrorRaw,80,-0.204724663823533,0.0685095858007176,-0.0216686460561488,0.848696119043487,8,6,2,-0.214629186536229,0.0216686460561488
Residual_RMS_H36,MotorActiveDurationMs,80,-0.0594351968315392,0.600486359047659,0.0215196571074871,0.849724258682378,8,3,5,-0.0391294219146448,0.0215196571074871
A45,BackoffObservedDeltaRaw,80,0.014262630392759,0.9000743220858,0.0214767733532155,0.850020236478091,8,5,3,0.0852358128517416,0.0214767733532155
A45,BackoffFeedforwardTargetErrorRaw,80,0.014262630392759,0.9000743220858,0.021476773353215,0.850020236478091,8,5,3,0.0852358128517414,0.021476773353215
A45,BackoffTargetErrorRaw,80,0.014262630392759,0.9000743220858,0.021476773353215,0.850020236478091,8,5,3,0.0852358128517414,0.021476773353215
Residual_RMS_Full,Fitted_P2P,80,-0.185369837870873,0.0997215964242696,-0.020038453347748,0.859959078659534,8,2,6,0.258423708313362,0.020038453347748
A18,A27,80,-0.0114851868102802,0.919460615087221,-0.0196262041023487,0.862811822269841,8,3,5,0.0699736214976368,0.0196262041023487
Residual_RMS_Extended,Fitted_P2P,80,-0.0316348008142159,0.78057732506909,-0.0179754738861035,0.87425201767083,8,3,5,0.192069509834277,0.0179754738861035
Residual_RMS_Full,FitExplainedRatio_Extended,80,-0.168878681910294,0.134262571503216,0.0179751338204024,0.874254377198224,8,5,3,0.0785399926341514,0.0179751338204024
A9,Fitted_P2P,80,-0.011820653222294,0.91711636903908,0.0176234781444428,0.876694904135053,8,4,4,0.0523116830333752,0.0176234781444428
MeanDC,A6,80,0.0673094228893496,0.553025874537751,0.0175297317525353,0.877345708934188,8,2,6,-0.134175224325325,0.0175297317525353
A2,A12,80,0.0925640438820835,0.414132411332518,-0.0172423111927487,0.879341540633095,8,4,4,0.0197181940107026,0.0172423111927487
TrackingError_MaxAbs_Deg,ClosureErrorDeg,80,-0.0412637288609307,0.716291029375316,-0.017171171352405,0.879835648144104,8,3,5,0.0307479206677486,0.017171171352405
NL_RobustP2P,FitExplainedRatio_Extended,80,-0.0258393190829463,0.820023718268289,0.0169748668898226,0.881199334104251,8,3,5,-0.0714674447769932,0.0169748668898226
A6,ShadowP2P,80,-0.0441465890492218,0.697398754383333,0.0168361170219775,0.882163408989645,8,4,4,0.12628102342186,0.0168361170219775
A108,AbsApproachReturnErrorRaw,80,-0.130814759856701,0.247433322093522,-0.0165000334806204,0.884499323221008,8,6,2,-0.166055449843079,0.0165000334806204
A27,Residual_RMS_H36,80,0.0214499383705107,0.850205458397626,0.0163698186311164,0.88540463400979,8,5,3,0.16700177830625,0.0163698186311164
CrestFactor,BackoffFeedforwardTargetErrorRaw,80,-0.0578310626978799,0.610371897435444,-0.016345748082014,0.885571999133158,8,5,3,-0.0322452710680556,0.016345748082014
CrestFactor,BackoffTargetErrorRaw,80,-0.0578310626978799,0.610371897435444,-0.016345748082014,0.885571999133158,8,5,3,-0.0322452710680556,0.016345748082014
CrestFactor,BackoffObservedDeltaRaw,80,-0.0578310626978799,0.610371897435444,-0.0163457480820137,0.885571999133158,8,5,3,-0.0322452710680565,0.0163457480820137
MeanDC,FitExplainedRatio,80,-0.161845197661336,0.151492523692558,0.015228867592728,0.893343174306843,8,3,5,-0.384082000766875,0.015228867592728
FitExplainedRatio,MotorActiveDurationMs,80,-0.00648307444555977,0.954485971685874,0.0150074459802034,0.894885027399217,8,5,3,0.0398459122898657,0.0150074459802034
Fitted_P2P,MotorActiveDurationMs,80,-0.110105364131253,0.330914749899592,-0.0149303407801077,0.895422035509257,8,5,3,-0.106348820021391,0.0149303407801077
MeanDC,A27,80,-0.0282659197053647,0.803446796599856,-0.0144873415395993,0.898508258454762,8,4,4,0.0613151311361698,0.0144873415395993
Residual_RMS_H6,TimeSincePreviousRunMs,80,0.0274245509961598,0.809185054192078,-0.0139179076763999,0.902477513569159,8,2,6,0.192644713743407,0.0139179076763999
A12,MotorActiveDurationMs,80,-0.101251885349904,0.37149805461147,0.0138872904113895,0.902691000719976,8,5,3,0.0944299942806106,0.0138872904113895
A18,TimeSincePreviousRunMs,80,-0.00632612368589575,0.955586704372875,0.0127033305833783,0.910951628368037,8,4,4,0.0406413982517929,0.0127033305833783
A9,ForwardFeedforwardTargetErrorRaw,80,0.0772466049487512,0.49583394765753,-0.0126891985107685,0.911050288307114,8,4,4,-0.0922466287688159,0.0126891985107685
A9,ApproachTargetErrorRaw,80,0.0772466049487512,0.49583394765753,-0.0126891985107685,0.911050288307114,8,4,4,-0.0922466287688159,0.0126891985107685
A9,ApproachObservedDeltaRaw,80,0.0772466049487513,0.495833947657522,-0.0126891985107682,0.911050288307114,8,4,4,-0.092246628768816,0.0126891985107682
BackoffObservedDeltaRaw,TimeSincePreviousRunMs,80,0.0678437005755789,0.549872131729182,-0.0126346753098592,0.911430942564342,8,4,4,0.0699155654941212,0.0126346753098592
BackoffFeedforwardTargetErrorRaw,TimeSincePreviousRunMs,80,0.0678437005755789,0.549872131729182,-0.0126346753098589,0.911430942564342,8,4,4,0.0699155654941224,0.0126346753098589
BackoffTargetErrorRaw,TimeSincePreviousRunMs,80,0.0678437005755789,0.549872131729182,-0.0126346753098589,0.911430942564342,8,4,4,0.0699155654941224,0.0126346753098589
A1,MotorActiveDurationMs,80,0.0248451837087028,0.826838271991123,0.0124577426600594,0.912666336435662,8,6,2,0.159739319781133,0.0124577426600594
A27,Fitted_P2P,80,0.0297497736121253,0.793352148277141,0.0120499195548576,0.915514656485692,8,3,5,-0.120272778418896,0.0120499195548576
A12,FitExplainedRatio,80,0.0639511710638706,0.573045676755136,0.0119819973065124,0.915989143708582,8,3,5,-0.125985409728097,0.0119819973065124
A36,Fitted_P2P,80,-0.157165231514014,0.163839501266159,-0.0119416311000313,0.916271145481511,8,3,5,0.240574797720335,0.0119416311000313
RMS_AC,TimeSincePreviousRunMs,80,0.0283086994244319,0.803155307256189,-0.011893931011107,0.916604395701329,8,2,6,0.198404631854483,0.011893931011107
TrackingError_MaxAbs_Deg,TimeSincePreviousRunMs,80,0.09279490318748,0.412964051597069,0.0118692377093865,0.916776917763256,8,2,6,-0.152543630305624,0.0118692377093865
A9,FitExplainedRatio_Extended,80,0.141737608202116,0.20979480138245,0.0107468679530948,0.924622392691841,8,4,4,0.0307413169894176,0.0107468679530948
A3,A45,80,-0.00183317484887123,0.987124003932768,0.0105365927403267,0.926093059934411,8,4,4,-0.00479647605181636,0.0105365927403267
Motor_Error_P2P_Deg,AnalysisStartRaw,80,-0.0887775718536288,0.433567465762385,0.00985590474254639,0.930855473138418,8,5,3,0.0631830029358693,0.00985590474254639
A108,ForwardFeedforwardTargetErrorRaw,80,-0.0360685345621807,0.750763490365808,-0.00965862600202752,0.932236189326182,8,4,4,0.00257665014820352,0.00965862600202752
A108,ApproachTargetErrorRaw,80,-0.0360685345621807,0.750763490365808,-0.00965862600202752,0.932236189326182,8,4,4,0.00257665014820352,0.00965862600202752
A108,ApproachObservedDeltaRaw,80,-0.0360685345621807,0.750763490365808,-0.00965862600202735,0.932236189326182,8,4,4,0.00257665014820404,0.00965862600202735
A1,TrackingError_MaxAbs_Deg,80,0.0134318655879813,0.905867379814053,0.00946723297639246,0.933575903678405,8,5,3,0.0983138630694313,0.00946723297639246
Motor_System_INL_Deg,AnalysisStartRaw,80,-0.0888835299445136,0.433016672571416,0.00936170474279993,0.934314660162365,8,5,3,0.0635556621001513,0.00936170474279993
Residual_RMS_H6,ClosureErrorDeg,80,-0.0196044459449153,0.862962436685149,-0.00918589711779149,0.935545534465444,8,4,4,-0.0175271097119232,0.00918589711779149
ShadowP2P,AnalysisStartRaw,80,-0.0802265464035845,0.479307960165619,0.0090746453384372,0.93632451496592,8,5,3,0.105623460830314,0.0090746453384372
A27,FitExplainedRatio_Extended,80,0.0274207357161803,0.809211098136171,0.00901371165816728,0.93675119553569,8,5,3,0.0944792890221689,0.00901371165816728
RMS_AC,ClosureErrorDeg,80,-0.00541762186869413,0.961959809435915,0.00831649559602646,0.941634603170152,8,4,4,-0.00428026812538417,0.00831649559602646
A45,MotorActiveDurationMs,80,0.00449630983549534,0.968425210887762,-0.00828655534589161,0.941844358735536,8,5,3,-0.150790961321985,0.00828655534589161
A45,Residual_RMS_Full,80,0.000568521132872632,0.996006623422957,0.00765335880345996,0.94628131448913,8,5,3,0.166370390418064,0.00765335880345996
A6,Motor_Error_P2P_Deg,80,-0.0555384814772821,0.624621469353193,0.00761697776597643,0.946536295838302,8,4,4,0.0801451180945174,0.00761697776597643
A6,Motor_System_INL_Deg,80,-0.0556325545387846,0.624033992129464,0.00737013432412694,0.948266471527344,8,4,4,0.0807597807746038,0.00737013432412694
A45,TrackingError_MaxAbs_Deg,80,0.0535089087137665,0.637352434376196,0.00664531447570651,0.953348233595151,8,4,4,-0.0932830217610504,0.00664531447570651
A9,FitExplainedRatio,80,-0.0134108866387808,0.906013734327302,-0.00653252519958757,0.954139179424799,8,4,4,-0.0473167083651789,0.00653252519958757
A27,ShadowP2P,80,-0.00302725167612286,0.978738517228563,-0.00618816663276953,0.956554298382436,8,3,5,0.0326190552228457,0.00618816663276953
CrestFactor,AbsApproachReturnErrorRaw,80,-0.0212936494256279,0.851284365482658,0.00493970460454014,0.965313362938605,8,4,4,0.0133912732134754,0.00493970460454014
A27,ClosureErrorDeg,80,-0.00221959565905572,0.984410140640833,-0.00486917078442827,0.965808352301438,8,4,4,-0.0375554085074832,0.00486917078442827
Fitted_P2P,AbsClosureErrorDeg,80,-0.0649326127998602,0.567160187234907,-0.00457949463074559,0.967841363249696,8,5,3,-0.127625946980746,0.00457949463074559
FitExplainedRatio_Extended,AbsClosureErrorDeg,80,0.0381536129052023,0.736864986617463,0.00434515589207637,0.969486154638279,8,4,4,0.0228669411848592,0.00434515589207637
Residual_RMS_Extended,BackoffObservedDeltaRaw,80,0.0885437216632068,0.434784474706471,-0.00421992335992159,0.970365197189448,8,3,5,0.110612768372254,0.00421992335992159
Residual_RMS_Extended,BackoffFeedforwardTargetErrorRaw,80,0.0885437216632068,0.434784474706471,-0.00421992335992149,0.970365197189448,8,3,5,0.110612768372254,0.00421992335992149
Residual_RMS_Extended,BackoffTargetErrorRaw,80,0.0885437216632068,0.434784474706471,-0.00421992335992149,0.970365197189448,8,3,5,0.110612768372254,0.00421992335992149
NL_RobustP2P,TimeSincePreviousRunMs,80,0.0569441709378623,0.615867621814871,-0.00379934124606559,0.973317634340686,8,4,4,-0.0160528734900766,0.00379934124606559
A12,Residual_RMS_H36,80,0.096170738801303,0.396099069263206,-0.00311186645680052,0.978144380832122,8,4,4,-0.0208814236711713,0.00311186645680052
Residual_RMS_H36,Residual_RMS_Extended,80,0.0497084581453653,0.661473715685582,0.00268420039634782,0.98114742252565,8,6,2,0.150036170653307,0.00268420039634782
TrackingError_MaxAbs_Deg,AbsClosureErrorDeg,80,-0.043569403057629,0.701166971957955,-0.00255963836539632,0.982022139672225,8,4,4,0.0251151600887525,0.00255963836539632
BackoffFeedforwardTargetErrorRaw,AbsApproachReturnErrorRaw,80,-0.0977486769354715,0.388358000383505,0.00246396448878467,0.982694008774184,8,4,4,0.252771181980271,0.00246396448878467
BackoffTargetErrorRaw,AbsApproachReturnErrorRaw,80,-0.0977486769354715,0.388358000383505,0.00246396448878467,0.982694008774184,8,4,4,0.252771181980271,0.00246396448878467
AbsApproachReturnErrorRaw,BackoffObservedDeltaRaw,80,-0.0977486769354715,0.388358000383505,0.00246396448878441,0.982694008774184,8,4,4,0.252771181980272,0.00246396448878441
A27,Motor_Error_P2P_Deg,80,0.00709872602789685,0.95016910310136,0.00231127071273514,0.983766324448359,8,3,5,-0.0200301159104895,0.00231127071273514
AbsClosureErrorDeg,ApproachObservedDeltaRaw,80,0.0191282559149227,0.866259935532209,-0.00225935998209226,0.984130882234818,8,3,5,0.0487187366518776,0.00225935998209226
AbsClosureErrorDeg,ForwardFeedforwardTargetErrorRaw,80,0.0191282559149227,0.866259935532209,-0.00225935998209171,0.984130882234818,8,3,5,0.0487187366518785,0.00225935998209171
AbsClosureErrorDeg,ApproachTargetErrorRaw,80,0.0191282559149227,0.866259935532209,-0.00225935998209171,0.984130882234818,8,3,5,0.0487187366518785,0.00225935998209171
A27,Motor_System_INL_Deg,80,0.00668997463056423,0.953035062301175,0.0018944971361867,0.98669332220965,8,3,5,-0.0200845437652108,0.0018944971361867
A12,BackoffFeedforwardTargetErrorRaw,80,0.213866501117241,0.0567960489818222,0.00166179362358122,0.98832767615627,8,3,5,-0.116036480824179,0.00166179362358122
A12,BackoffTargetErrorRaw,80,0.213866501117241,0.0567960489818222,0.00166179362358122,0.98832767615627,8,3,5,-0.116036480824179,0.00166179362358122
A12,BackoffObservedDeltaRaw,80,0.213866501117241,0.0567960489818222,0.00166179362358101,0.98832767615627,8,3,5,-0.116036480824178,0.00166179362358101
AbsApproachReturnErrorRaw,AnalysisStartRaw,80,-0.107158786759042,0.344097337431636,0.00140190044499898,0.990153048615145,8,5,3,0.219956763823643,0.00140190044499898
MeanDC,BackoffFeedforwardTargetErrorRaw,80,0.0576461891088535,0.611515725805239,0.00101808075535604,0.992848914710085,8,5,3,0.0598384198941652,0.00101808075535604
MeanDC,BackoffTargetErrorRaw,80,0.0576461891088535,0.611515725805239,0.00101808075535604,0.992848914710085,8,5,3,0.0598384198941652,0.00101808075535604
MeanDC,BackoffObservedDeltaRaw,80,0.0576461891088536,0.611515725805239,0.00101808075535581,0.992848914710085,8,5,3,0.0598384198941648,0.00101808075535581
A72,AbsClosureErrorDeg,80,0.065444815740158,0.564099940974587,-0.000397853881786857,0.997205409616056,8,5,3,-0.0758736620966009,0.000397853881786857
