point_index,sweep_angle_deg,a1_raw_mean_error_deg,a1_raw_pointwise_sd_deg,a1_centered_mean_error_deg,a1_centered_pointwise_sd_deg,a1_top_selection_rate,a1_bottom_selection_rate,b_raw_mean_error_deg,b_raw_pointwise_sd_deg,b_centered_mean_error_deg,b_centered_pointwise_sd_deg,b_top_selection_rate,b_bottom_selection_rate,a2_raw_mean_error_deg,a2_raw_pointwise_sd_deg,a2_centered_mean_error_deg,a2_centered_pointwise_sd_deg,a2_top_selection_rate,a2_bottom_selection_rate,a_average_raw_mean_error_deg,a_average_centered_mean_error_deg,b_minus_a_raw_error_deg,b_minus_a_centered_error_deg,b_aligned_source_index,b_aligned_source_angle_deg,b_aligned_centered_mean_error_deg,b_minus_a_aligned_centered_error_deg
0,0.0,0.002235,0.0006010407640085655,0.011889958333333334,0.0024887998093712864,0.0,0.0,0.00037333333333333316,0.013417802850442145,0.015327388888888889,0.011632757555129382,0.0,0.0,0.002235,0.0006010407640085655,0.011889958333333334,0.0024887998093712864,0.0,0.0,0.002235,0.011889958333333334,-0.0018616666666666669,0.0034374305555555547,0,0.0,0.015327388888888889,0.0034374305555555547
1,1.0,0.08445,0.008131727983645294,0.09410495833333334,0.011221568557025146,0.0,0.0,0.08532,0.0005999999999999964,0.10027405555555556,0.0017058780739215886,0.0,0.0,0.08445,0.008131727983645294,0.09410495833333334,0.011221568557025146,0.0,0.0,0.08445,0.09410495833333334,0.0008699999999999958,0.006169097222222225,1,1.0,0.10027405555555556,0.006169097222222225
2,2.0,0.079525,0.006625590539717943,0.08917995833333334,0.003535749966338091,0.0,0.0,0.07971,0.017242728902351855,0.09466405555555556,0.01591208225436737,0.0,0.0,0.079525,0.006625590539717943,0.08917995833333334,0.003535749966338091,0.0,0.0,0.079525,0.08917995833333334,0.0001850000000000046,0.00548409722222222,2,2.0,0.09466405555555556,0.00548409722222222
3,3.0,0.07191,0.008739839815465734,0.08156495833333333,0.005649999242085883,0.0,0.0,0.07658,0.02046589602240762,0.09153405555555556,0.02047105162045983,0.0,0.0,0.07191,0.008739839815465734,0.08156495833333333,0.005649999242085883,0.0,0.0,0.07191,0.08156495833333333,0.004669999999999994,0.009969097222222237,3,3.0,0.09153405555555556,0.009969097222222237
4,4.0,0.08837,0.00466690475583121,0.09802495833333333,0.001577064182451358,0.0,0.0,0.06549,0.016575656849729965,0.08044405555555556,0.014616507866973853,0.0,0.0,0.08837,0.00466690475583121,0.09802495833333333,0.001577064182451358,0.0,0.0,0.08837,0.09802495833333333,-0.022879999999999998,-0.017580902777777768,4,4.0,0.08044405555555556,-0.017580902777777768
5,5.0,0.012705000000000001,0.03812012657376678,0.022359958333333332,0.04120996714714663,0.0,0.0,-0.08074333333333333,0.009837262491838542,-0.06578927777777778,0.01165557501335629,0.0,0.0,0.012705000000000001,0.03812012657376678,0.022359958333333332,0.04120996714714663,0.0,0.0,0.012705000000000001,0.022359958333333332,-0.09344833333333333,-0.08814923611111111,5,5.0,-0.06578927777777778,-0.08814923611111111
6,6.0,-0.080625,0.017543319241238243,-0.07097004166666668,0.01445347866785839,0.0,0.0,-0.07957000000000002,0.006197039615816571,-0.06461594444444445,0.007852022138898561,0.0,0.0,-0.080625,0.017543319241238243,-0.07097004166666668,0.01445347866785839,0.0,0.0,-0.080625,-0.07097004166666668,0.0010549999999999865,0.00635409722222223,6,6.0,-0.06461594444444445,0.00635409722222223
7,7.0,-0.071935,0.012027886347983172,-0.06228004166666667,0.00893804577460332,0.0,0.0,-0.09871333333333333,0.011114213122544186,-0.08375927777777777,0.01222493794589012,0.0,0.0,-0.071935,0.012027886347983172,-0.06228004166666667,0.00893804577460332,0.0,0.0,-0.071935,-0.06228004166666667,-0.026778333333333335,-0.021479236111111098,7,7.0,-0.08375927777777777,-0.021479236111111098
8,8.0,-0.09239,0.0015273506473629393,-0.08273504166666668,0.004617191220742791,0.0,0.0,-0.12966,0.03998618261349788,-0.11470594444444444,0.040220465257858995,0.0,0.0,-0.09239,0.0015273506473629393,-0.08273504166666668,0.004617191220742791,0.0,0.0,-0.09239,-0.08273504166666668,-0.03727,-0.03197090277777777,8,8.0,-0.11470594444444444,-0.03197090277777777
9,9.0,-0.09729,0.0035779603128039367,-0.08763504166666666,0.0066678008861837884,0.0,0.0,-0.08614333333333334,0.0050261051852635704,-0.07118927777777778,0.005769763812109721,0.0,0.0,-0.09729,0.0035779603128039367,-0.08763504166666666,0.0066678008861837884,0.0,0.0,-0.09729,-0.08763504166666666,0.011146666666666666,0.01644576388888888,9,9.0,-0.07118927777777778,0.01644576388888888
10,10.0,-0.08836,0.010380327547818516,-0.07870504166666667,0.007290486974438665,0.0,0.0,-0.08632666666666666,0.0027808332084706794,-0.07137261111111111,0.0010057432314119032,0.0,0.0,-0.08836,0.010380327547818516,-0.07870504166666667,0.007290486974438665,0.0,0.0,-0.08836,-0.07870504166666667,0.0020333333333333314,0.007332430555555561,10,10.0,-0.07137261111111111,0.007332430555555561
11,11.0,0.09058,0.008188296526140216,0.10023495833333333,0.005098455952760364,0.0,0.0,0.08210666666666666,0.010693967146636152,0.09706072222222221,0.00876598552504558,0.0,0.0,0.09058,0.008188296526140216,0.10023495833333333,0.005098455952760364,0.0,0.0,0.09058,0.10023495833333333,-0.008473333333333333,-0.0031742361111111173,11,11.0,0.09706072222222221,-0.0031742361111111173
12,12.0,0.08832000000000001,0.005586143571373729,0.09797495833333333,0.0024963029979938765,0.0,0.0,0.08223,0.021027439216414343,0.09718405555555555,0.01929023682254194,0.3333333333333333,0.0,0.08832000000000001,0.005586143571373729,0.09797495833333333,0.0024963029979938765,0.0,0.0,0.08832000000000001,0.09797495833333333,-0.006090000000000012,-0.0007909027777777827,12,12.0,0.09718405555555555,-0.0007909027777777827
13,13.0,0.061625,0.0004879036790187151,0.07127995833333334,0.0035777442523985668,0.0,0.0,0.07983,0.011844277099088828,0.09478405555555557,0.013730165269814487,0.0,0.0,0.061625,0.0004879036790187151,0.07127995833333334,0.0035777442523985668,0.0,0.0,0.061625,0.07127995833333334,0.018205,0.02350409722222223,13,13.0,0.09478405555555557,0.02350409722222223
14,14.0,0.062645,0.022563777387662732,0.07229995833333333,0.01947393681428288,0.0,0.0,0.07931666666666666,0.015263568826894102,0.09427072222222223,0.01335017503017918,0.0,0.0,0.062645,0.022563777387662732,0.07229995833333333,0.01947393681428288,0.0,0.0,0.062645,0.07229995833333333,0.016671666666666654,0.021970763888888897,14,14.0,0.09427072222222223,0.021970763888888897
15,15.0,0.06073,0.015966471119192246,0.07038495833333333,0.012876630545812394,0.0,0.0,0.07939,0.013574671266737918,0.09434405555555554,0.011680086971840278,0.0,0.0,0.06073,0.015966471119192246,0.07038495833333333,0.012876630545812394,0.0,0.0,0.06073,0.07038495833333333,0.018660000000000003,0.02395909722222221,15,15.0,0.09434405555555554,0.02395909722222221
16,16.0,-0.079565,0.01782616195371286,-0.06991004166666667,0.014736321380333008,0.0,0.0,-0.06343,0.018160790181046643,-0.048475944444444447,0.016446176252747018,0.0,0.0,-0.079565,0.01782616195371286,-0.06991004166666667,0.014736321380333008,0.0,0.0,-0.079565,-0.06991004166666667,0.016134999999999997,0.021434097222222226,16,16.0,-0.048475944444444447,0.021434097222222226
17,17.0,-0.075875,0.011660190821766172,-0.06622004166666667,0.014750031395146024,0.0,0.0,-0.07293666666666666,0.005826185144100152,-0.0579826111111111,0.00437687274239112,0.0,0.0,-0.075875,0.011660190821766172,-0.06622004166666667,0.014750031395146024,0.0,0.0,-0.075875,-0.06622004166666667,0.0029383333333333345,0.00823743055555557,17,17.0,-0.0579826111111111,0.00823743055555557
18,18.0,-0.09021,0.0043699199077328575,-0.08055504166666666,0.0012800793343530055,0.0,0.0,-0.08474333333333334,0.012035124982040419,-0.06978927777777778,0.013629821247004995,0.0,0.0,-0.09021,0.0043699199077328575,-0.08055504166666666,0.0012800793343530055,0.0,0.0,-0.09021,-0.08055504166666666,0.005466666666666661,0.010765763888888877,18,18.0,-0.06978927777777778,0.010765763888888877
19,19.0,-0.088065,0.003528462838120878,-0.07841004166666667,0.0004386222647410262,0.0,0.0,-0.09040666666666668,0.009441553544482676,-0.07545261111111111,0.009230302751913144,0.0,0.0,-0.088065,0.003528462838120878,-0.07841004166666667,0.0004386222647410262,0.0,0.0,-0.088065,-0.07841004166666667,-0.0023416666666666724,0.002957430555555557,19,19.0,-0.07545261111111111,0.002957430555555557
20,20.0,-0.09119,0.008697413408594529,-0.08153504166666667,0.01178725398197438,0.0,0.0,-0.09089666666666667,0.010416320527582347,-0.07594261111111111,0.008460800592718932,0.0,0.0,-0.09119,0.008697413408594529,-0.08153504166666667,0.01178725398197438,0.0,0.0,-0.09119,-0.08153504166666667,0.000293333333333326,0.005592430555555555,20,20.0,-0.07594261111111111,0.005592430555555555
21,21.0,0.07439499999999999,0.03554625789024774,0.08404995833333333,0.03245641731686789,0.0,0.0,0.08391,0.007541273102069702,0.09886405555555555,0.007917420104693032,0.0,0.0,0.07439499999999999,0.03554625789024774,0.08404995833333333,0.03245641731686789,0.0,0.0,0.07439499999999999,0.08404995833333333,0.00951500000000001,0.014814097222222225,21,21.0,0.09886405555555555,0.014814097222222225
22,22.0,0.074595,0.02208294477645588,0.08424995833333333,0.025172785349835726,0.0,0.0,0.07732666666666667,0.012719238708874573,0.09228072222222222,0.012683169885183268,0.0,0.0,0.074595,0.02208294477645588,0.08424995833333333,0.025172785349835726,0.0,0.0,0.074595,0.08424995833333333,0.002731666666666674,0.00803076388888889,22,22.0,0.09228072222222222,0.00803076388888889
23,23.0,0.07377,0.012911769824466356,0.08342495833333333,0.01600161039784621,0.0,0.0,0.09246666666666666,0.011152763484147475,0.10742072222222222,0.009194007045822947,0.0,0.0,0.07377,0.012911769824466356,0.08342495833333333,0.01600161039784621,0.0,0.0,0.07377,0.08342495833333333,0.018696666666666653,0.023995763888888896,23,23.0,0.10742072222222222,0.023995763888888896
24,24.0,0.07167499999999999,0.002793071785686859,0.08132995833333333,0.0002967687876929925,0.0,0.0,0.06857333333333333,0.02455945099820705,0.08352738888888889,0.026149119392497457,0.0,0.0,0.07167499999999999,0.002793071785686859,0.08132995833333333,0.0002967687876929925,0.0,0.0,0.07167499999999999,0.08132995833333333,-0.0031016666666666554,0.00219743055555556,24,24.0,0.08352738888888889,0.00219743055555556
25,25.0,-0.078325,0.003684026329981917,-0.06867004166666667,0.006773866903361769,0.0,0.0,-0.08079000000000001,0.01272614631379036,-0.06583594444444445,0.011230990210760468,0.0,0.0,-0.078325,0.003684026329981917,-0.06867004166666667,0.006773866903361769,0.0,0.0,-0.078325,-0.06867004166666667,-0.002465000000000009,0.0028340972222222205,25,25.0,-0.06583594444444445,0.0028340972222222205
26,26.0,-0.08454999999999999,0.0138451507756326,-0.07489504166666666,0.010755310202252748,0.0,0.0,-0.07561333333333332,0.011220438197028374,-0.06065927777777778,0.010231914261150298,0.0,0.0,-0.08454999999999999,0.0138451507756326,-0.07489504166666666,0.010755310202252748,0.0,0.0,-0.08454999999999999,-0.07489504166666666,0.008936666666666662,0.014235763888888885,26,26.0,-0.06065927777777778,0.014235763888888885
27,27.0,-0.09165999999999999,0.016998847019724598,-0.08200504166666667,0.013909006446344746,0.0,0.0,-0.10062666666666666,0.01962333899552605,-0.08567261111111112,0.019302960524310426,0.0,0.0,-0.09165999999999999,0.016998847019724598,-0.08200504166666667,0.013909006446344746,0.0,0.0,-0.09165999999999999,-0.08200504166666667,-0.008966666666666664,-0.003667569444444449,27,27.0,-0.08567261111111112,-0.003667569444444449
28,28.0,-0.183365,0.018632263684265515,-0.17371004166666665,0.015542423110885674,0.0,0.0,-0.20222666666666667,0.021659645272564674,-0.18727261111111113,0.02260207914484313,0.0,0.0,-0.183365,0.018632263684265515,-0.17371004166666665,0.015542423110885674,0.0,0.0,-0.183365,-0.17371004166666665,-0.018861666666666665,-0.013562569444444478,28,28.0,-0.18727261111111113,-0.013562569444444478
29,29.0,-0.09251999999999999,0.013350176028802013,-0.08286504166666667,0.01026033545542216,0.0,0.0,-0.07627,0.00404471259794809,-0.061315944444444444,0.0030861362940266617,0.0,0.0,-0.09251999999999999,0.013350176028802013,-0.08286504166666667,0.01026033545542216,0.0,0.0,-0.09251999999999999,-0.08286504166666667,0.016249999999999987,0.021549097222222223,29,29.0,-0.061315944444444444,0.021549097222222223
30,30.0,-0.10506,0.005713422791987307,-0.09540504166666666,0.008803263365367159,0.0,0.0,-0.09329666666666665,0.005007996938231221,-0.07834261111111111,0.00593385367594541,0.0,0.0,-0.10506,0.005713422791987307,-0.09540504166666666,0.008803263365367159,0.0,0.0,-0.10506,-0.09540504166666666,0.011763333333333348,0.01706243055555555,30,30.0,-0.07834261111111111,0.01706243055555555
31,31.0,0.06974,0.026870057685088804,0.07939495833333333,0.023780217111708947,0.0,0.0,0.09355333333333334,0.014147545134521867,0.10850738888888889,0.012490506950959808,0.3333333333333333,0.0,0.06974,0.026870057685088804,0.07939495833333333,0.023780217111708947,0.0,0.0,0.06974,0.07939495833333333,0.02381333333333334,0.029112430555555555,31,31.0,0.10850738888888889,0.029112430555555555
32,32.0,0.077945,0.0074034079990231575,0.08759995833333334,0.010493248572403009,0.0,0.0,0.08279666666666667,0.006314082144962428,0.09775072222222221,0.007501413533667263,0.0,0.0,0.077945,0.0074034079990231575,0.08759995833333334,0.010493248572403009,0.0,0.0,0.077945,0.08759995833333334,0.004851666666666671,0.010150763888888872,32,32.0,0.09775072222222221,0.010150763888888872
33,33.0,0.080335,0.009948992411294722,0.08998995833333334,0.013038832984674575,0.0,0.0,0.09495666666666668,0.01519308175892348,0.10991072222222222,0.017078681805845226,0.6666666666666666,0.0,0.080335,0.009948992411294722,0.08998995833333334,0.013038832984674575,0.0,0.0,0.080335,0.08998995833333334,0.014621666666666672,0.019920763888888873,33,33.0,0.10991072222222222,0.019920763888888873
34,34.0,0.086035,0.007219560235914648,0.09568995833333332,0.004129719662534797,0.0,0.0,0.06316333333333334,0.01130771565495584,0.07811738888888889,0.009881015804886649,0.0,0.0,0.086035,0.007219560235914648,0.09568995833333332,0.004129719662534797,0.0,0.0,0.086035,0.09568995833333332,-0.022871666666666665,-0.017572569444444436,34,34.0,0.07811738888888889,-0.017572569444444436
35,35.0,-0.078325,0.03025709916697237,-0.06867004166666667,0.03334693974035222,0.0,0.0,-0.07964666666666667,0.007649995642700283,-0.06469261111111112,0.009439139408911399,0.0,0.0,-0.078325,0.03025709916697237,-0.06867004166666667,0.03334693974035222,0.0,0.0,-0.078325,-0.06867004166666667,-0.0013216666666666654,0.00397743055555555,35,35.0,-0.06469261111111112,0.00397743055555555
36,36.0,-0.078515,0.007827672067735079,-0.06886004166666668,0.0047378314943552265,0.0,0.0,-0.0692,0.016653696286410412,-0.054245944444444444,0.015292926324240296,0.0,0.0,-0.078515,0.007827672067735079,-0.06886004166666668,0.0047378314943552265,0.0,0.0,-0.078515,-0.06886004166666668,0.009315000000000004,0.014614097222222233,36,36.0,-0.054245944444444444,0.014614097222222233
37,37.0,-0.086845,0.0035001785668734076,-0.07719004166666667,0.00041033799349355564,0.0,0.0,-0.08139333333333333,0.012413224131277628,-0.06643927777777776,0.010756866644292205,0.0,0.0,-0.086845,0.0035001785668734076,-0.07719004166666667,0.00041033799349355564,0.0,0.0,-0.086845,-0.07719004166666667,0.005451666666666674,0.010750763888888903,37,37.0,-0.06643927777777776,0.010750763888888903
38,38.0,-0.08025499999999999,0.007035712472806148,-0.07060004166666667,0.0039458718994262966,0.0,0.0,-0.16305,0.01800910603000604,-0.14809594444444443,0.017381874227762467,0.0,0.0,-0.08025499999999999,0.007035712472806148,-0.07060004166666667,0.0039458718994262966,0.0,0.0,-0.08025499999999999,-0.07060004166666667,-0.08279500000000001,-0.07749590277777776,38,38.0,-0.14809594444444443,-0.07749590277777776
39,39.0,-0.10167000000000001,0.004893178925810906,-0.09201504166666667,0.001803338352431054,0.0,0.0,-0.08339999999999999,0.002835189588016997,-0.06844594444444445,0.00436490861591725,0.0,0.0,-0.10167000000000001,0.004893178925810906,-0.09201504166666667,0.001803338352431054,0.0,0.0,-0.10167000000000001,-0.09201504166666667,0.018270000000000022,0.023569097222222224,39,39.0,-0.06844594444444445,0.023569097222222224
40,40.0,-0.090595,0.0027082189719444772,-0.08094004166666666,0.00038162160143537477,0.0,0.0,-0.08416333333333333,0.0055412032387680355,-0.06920927777777777,0.007500485540044713,0.0,0.0,-0.090595,0.0027082189719444772,-0.08094004166666666,0.00038162160143537477,0.0,0.0,-0.090595,-0.08094004166666666,0.006431666666666669,0.011730763888888884,40,40.0,-0.06920927777777777,0.011730763888888884
41,41.0,0.078405,0.023992133085659555,0.08805995833333333,0.0270819736590394,0.0,0.0,0.07967333333333333,0.004668365167093653,0.09462738888888889,0.005292437791874767,0.0,0.0,0.078405,0.023992133085659555,0.08805995833333333,0.0270819736590394,0.0,0.0,0.078405,0.08805995833333333,0.0012683333333333296,0.006567430555555559,41,41.0,0.09462738888888889,0.006567430555555559
42,42.0,0.09125,0.0033799704140717018,0.10090495833333332,0.0002901298406918499,0.0,0.0,0.08613333333333334,0.009910813959172746,0.1010873888888889,0.00847354507359213,0.0,0.0,0.09125,0.0033799704140717018,0.10090495833333332,0.0002901298406918499,0.0,0.0,0.09125,0.10090495833333332,-0.005116666666666658,0.00018243055555557108,42,42.0,0.1010873888888889,0.00018243055555557108
43,43.0,0.068715,0.012551145366061224,0.07836995833333334,0.009461304792681369,0.0,0.0,0.07818666666666667,0.002890697724310405,0.09314072222222221,0.0043166624199178355,0.0,0.0,0.068715,0.012551145366061224,0.07836995833333334,0.009461304792681369,0.0,0.0,0.068715,0.07836995833333334,0.00947166666666667,0.014770763888888871,43,43.0,0.09314072222222221,0.014770763888888871
44,44.0,0.08098,0.01982727414447079,0.09063495833333333,0.016737433571090938,0.0,0.0,0.06123666666666666,0.022990751038914174,0.07619072222222223,0.02376896910312495,0.0,0.0,0.08098,0.01982727414447079,0.09063495833333333,0.016737433571090938,0.0,0.0,0.08098,0.09063495833333333,-0.019743333333333335,-0.014444236111111106,44,44.0,0.07619072222222223,-0.014444236111111106
45,45.0,-0.05674,0.013859292911256331,-0.047085041666666674,0.016949133484636184,0.0,0.0,-0.07840333333333334,0.008556367998942856,-0.06344927777777777,0.010488048727680362,0.0,0.0,-0.05674,0.013859292911256331,-0.047085041666666674,0.016949133484636184,0.0,0.0,-0.05674,-0.047085041666666674,-0.02166333333333334,-0.016364236111111097,45,45.0,-0.06344927777777777,-0.016364236111111097
46,46.0,-0.07725499999999999,0.009326738443850556,-0.06760004166666667,0.006236897870470705,0.0,0.0,-0.09126333333333332,0.01512236864162931,-0.07630927777777778,0.016823157254305346,0.0,0.0,-0.07725499999999999,0.009326738443850556,-0.06760004166666667,0.006236897870470705,0.0,0.0,-0.07725499999999999,-0.06760004166666667,-0.014008333333333331,-0.008709236111111116,46,46.0,-0.07630927777777778,-0.008709236111111116
47,47.0,-0.07244,0.002305168106668144,-0.06278504166666667,0.005395008680047996,0.0,0.0,-0.06741,0.014574621778969085,-0.05245594444444444,0.012820424676740437,0.0,0.0,-0.07244,0.002305168106668144,-0.06278504166666667,0.005395008680047996,0.0,0.0,-0.07244,-0.06278504166666667,0.005030000000000007,0.010329097222222229,47,47.0,-0.05245594444444444,0.010329097222222229
48,48.0,-0.08768000000000001,0.010634885989045682,-0.07802504166666667,0.013724726562425535,0.0,0.0,-0.09001333333333333,0.007178623359205668,-0.07505927777777778,0.007159514803763493,0.0,0.0,-0.08768000000000001,0.010634885989045682,-0.07802504166666667,0.013724726562425535,0.0,0.0,-0.08768000000000001,-0.07802504166666667,-0.002333333333333326,0.0029657638888888893,48,48.0,-0.07505927777777778,0.0029657638888888893
49,49.0,-0.07961,0.0068447936418857755,-0.06995504166666666,0.009934634215265628,0.0,0.0,-0.08750999999999999,0.016546093194467384,-0.07255594444444445,0.014594361963244484,0.0,0.0,-0.07961,0.0068447936418857755,-0.06995504166666666,0.009934634215265628,0.0,0.0,-0.07961,-0.06995504166666666,-0.00789999999999999,-0.0026009027777777888,49,49.0,-0.07255594444444445,-0.0026009027777777888
50,50.0,-0.077805,0.0067245854890840605,-0.06815004166666666,0.0036347449157042087,0.0,0.0,-0.08834333333333333,0.008231235225246167,-0.07338927777777778,0.009622961515896226,0.0,0.0,-0.077805,0.0067245854890840605,-0.06815004166666666,0.0036347449157042087,0.0,0.0,-0.077805,-0.06815004166666666,-0.01053833333333333,-0.005239236111111115,50,50.0,-0.07338927777777778,-0.005239236111111115
51,51.0,0.092145,0.001152584053334077,0.10179995833333333,0.004242424626713929,0.0,0.0,0.08039666666666667,0.01193044145592833,0.09535072222222223,0.01384252933305253,0.0,0.0,0.092145,0.001152584053334077,0.10179995833333333,0.004242424626713929,0.0,0.0,0.092145,0.10179995833333333,-0.011748333333333333,-0.0064492361111111035,51,51.0,0.09535072222222223,-0.0064492361111111035
52,52.0,0.082005,0.01730290293563482,0.09165995833333333,0.020392743509014672,0.0,0.0,0.07727333333333333,0.00597415544937804,0.09222738888888889,0.0044769568040476555,0.0,0.0,0.082005,0.01730290293563482,0.09165995833333333,0.020392743509014672,0.0,0.0,0.082005,0.09165995833333333,-0.004731666666666662,0.0005674305555555537,52,52.0,0.09222738888888889,0.0005674305555555537
53,53.0,0.077815,0.008817621561396245,0.08746995833333333,0.005727780988016392,0.0,0.0,0.08356333333333332,0.008235061222197032,0.09851738888888889,0.006408741339658038,0.0,0.0,0.077815,0.008817621561396245,0.08746995833333333,0.005727780988016392,0.0,0.0,0.077815,0.08746995833333333,0.0057483333333333275,0.011047430555555557,53,53.0,0.09851738888888889,0.011047430555555557
54,54.0,0.08623,0.000424264068711921,0.09588495833333333,0.003514104642091773,0.0,0.0,0.07378666666666667,0.009102858525393736,0.08874072222222222,0.009981019654144557,0.0,0.0,0.08623,0.000424264068711921,0.09588495833333333,0.003514104642091773,0.0,0.0,0.08623,0.09588495833333333,-0.012443333333333334,-0.007144236111111105,54,54.0,0.08874072222222222,-0.007144236111111105
55,55.0,0.07391500000000001,0.017345329342506013,0.08356995833333333,0.014255488769126157,0.0,0.0,0.07937666666666666,0.018306808387409675,0.09433072222222222,0.01826933327564035,0.0,0.0,0.07391500000000001,0.017345329342506013,0.08356995833333333,0.014255488769126157,0.0,0.0,0.07391500000000001,0.08356995833333333,0.005461666666666656,0.010760763888888886,55,55.0,0.09433072222222222,0.010760763888888886
56,56.0,-0.08354,0.00311126983722081,-0.07388504166666666,0.006201110410600662,0.0,0.0,-0.08109,0.005641391672273785,-0.06613594444444444,0.004940293457632942,0.0,0.0,-0.08354,0.00311126983722081,-0.07388504166666666,0.006201110410600662,0.0,0.0,-0.08354,-0.07388504166666666,0.0024500000000000077,0.007749097222222223,56,56.0,-0.06613594444444444,0.007749097222222223
57,57.0,-0.07747000000000001,0.011624835482706838,-0.06781504166666667,0.01471467605608669,0.0,0.0,-0.08830666666666666,0.0028154277354130947,-0.07335261111111112,0.0009814442321722581,0.0,0.0,-0.07747000000000001,0.011624835482706838,-0.06781504166666667,0.01471467605608669,0.0,0.0,-0.07747000000000001,-0.06781504166666667,-0.010836666666666647,-0.005537569444444446,57,57.0,-0.07335261111111112,-0.005537569444444446
58,58.0,-0.095785,0.011066221125569467,-0.08613004166666666,0.007976380552189615,0.0,0.0,-0.09169333333333334,0.01026869189981535,-0.07673927777777778,0.011202522806283805,0.0,0.0,-0.095785,0.011066221125569467,-0.08613004166666666,0.007976380552189615,0.0,0.0,-0.095785,-0.08613004166666666,0.00409166666666666,0.009390763888888876,58,58.0,-0.07673927777777778,0.009390763888888876
59,59.0,-0.087805,0.0031607673119038687,-0.07815004166666667,0.0062506078852837205,0.0,0.0,-0.07567333333333333,0.0045092386644901925,-0.060719277777777775,0.002845605969985956,0.0,0.0,-0.087805,0.0031607673119038687,-0.07815004166666667,0.0062506078852837205,0.0,0.0,-0.087805,-0.07815004166666667,0.012131666666666666,0.017430763888888895,59,59.0,-0.060719277777777775,0.017430763888888895
60,60.0,-0.09386,0.0012445079348883318,-0.08420504166666667,0.00184533263849152,0.0,0.0,-0.08283,0.01554512463764765,-0.06787594444444445,0.01620073810056463,0.0,0.0,-0.09386,0.0012445079348883318,-0.08420504166666667,0.00184533263849152,0.0,0.0,-0.09386,-0.08420504166666667,0.011029999999999998,0.016329097222222227,60,60.0,-0.06787594444444445,0.016329097222222227
61,61.0,0.07364,0.021368766927457462,0.08329495833333334,0.024458607500837316,0.0,0.0,0.08223666666666667,0.009490101861062049,0.09719072222222223,0.00784851249195794,0.0,0.0,0.07364,0.021368766927457462,0.08329495833333334,0.024458607500837316,0.0,0.0,0.07364,0.08329495833333334,0.008596666666666669,0.013895763888888898,61,61.0,0.09719072222222223,0.013895763888888898
62,62.0,0.07243,0.0102813325984524,0.08208495833333332,0.013371173171832252,0.0,0.0,0.08262666666666667,0.004998463097126288,0.09758072222222221,0.006636196158005794,0.0,0.0,0.07243,0.0102813325984524,0.08208495833333332,0.013371173171832252,0.0,0.0,0.07243,0.08208495833333332,0.010196666666666673,0.015495763888888889,62,62.0,0.09758072222222221,0.015495763888888889
63,63.0,0.06655,0.03488864858374425,0.07620495833333332,0.0317988080103644,0.0,0.0,0.08720666666666667,0.006421513321120909,0.10216072222222222,0.008023755909296798,0.0,0.0,0.06655,0.03488864858374425,0.07620495833333332,0.0317988080103644,0.0,0.0,0.06655,0.07620495833333332,0.02065666666666667,0.0259557638888889,63,63.0,0.10216072222222222,0.0259557638888889
64,64.0,0.05944,0.01049346463280837,0.06909495833333333,0.007403624059428518,0.0,0.0,0.06915,0.021874926285590086,0.08410405555555556,0.021234878201329733,0.0,0.0,0.05944,0.01049346463280837,0.06909495833333333,0.007403624059428518,0.0,0.0,0.05944,0.06909495833333333,0.009710000000000003,0.015009097222222226,64,64.0,0.08410405555555556,0.015009097222222226
65,65.0,-0.0877,0.0036486709909225837,-0.07804504166666668,0.0005588304175427319,0.0,0.0,-0.08689333333333334,0.021041885213386496,-0.07193927777777777,0.02159342212091394,0.0,0.0,-0.0877,0.0036486709909225837,-0.07804504166666668,0.0005588304175427319,0.0,0.0,-0.0877,-0.07804504166666668,0.0008066666666666639,0.006105763888888907,65,65.0,-0.07193927777777777,0.006105763888888907
66,66.0,-0.051895,0.009652007563196376,-0.04224004166666667,0.012741848136576228,0.0,0.0,-0.07857666666666667,0.00460175328905553,-0.06362261111111112,0.006130022476193872,0.0,0.0,-0.051895,0.009652007563196376,-0.04224004166666667,0.012741848136576228,0.0,0.0,-0.051895,-0.04224004166666667,-0.026681666666666673,-0.021382569444444444,66,66.0,-0.06362261111111112,-0.021382569444444444
67,67.0,-0.341475,0.1335795420339507,-0.3318200416666666,0.13048970146057082,0.0,1.0,-0.4925466666666667,0.0272938845409248,-0.4775926111111111,0.027006785731712713,0.0,1.0,-0.341475,0.1335795420339507,-0.3318200416666666,0.13048970146057082,0.0,1.0,-0.341475,-0.3318200416666666,-0.15107166666666672,-0.1457725694444445,67,67.0,-0.4775926111111111,-0.1457725694444445
68,68.0,-0.3627,0.03693925824918525,-0.3530450416666666,0.03384941767580539,0.0,1.0,-0.46778000000000003,0.01842655420853286,-0.45282594444444446,0.016610318479881283,0.0,1.0,-0.3627,0.03693925824918525,-0.3530450416666666,0.03384941767580539,0.0,1.0,-0.3627,-0.3530450416666666,-0.10508,-0.09978090277777785,68,68.0,-0.45282594444444446,-0.09978090277777785
69,69.0,-0.145615,0.03950605586489241,-0.13596004166666667,0.03641621529151256,0.0,0.0,-0.20156,0.02940912613458619,-0.18660594444444445,0.027552553692953532,0.0,0.0,-0.145615,0.03950605586489241,-0.13596004166666667,0.03641621529151256,0.0,0.0,-0.145615,-0.13596004166666667,-0.055944999999999995,-0.05064590277777778,69,69.0,-0.18660594444444445,-0.05064590277777778
70,70.0,-0.097275,0.005069955621107553,-0.08762004166666668,0.001980115047727701,0.0,0.0,-0.09959333333333333,0.007895266514395401,-0.08463927777777779,0.009030417487751408,0.0,0.0,-0.097275,0.005069955621107553,-0.08762004166666668,0.001980115047727701,0.0,0.0,-0.097275,-0.08762004166666668,-0.002318333333333325,0.0029807638888888904,70,70.0,-0.08463927777777779,0.0029807638888888904
71,71.0,0.089645,0.012579429637308681,0.09929995833333333,0.009489589063928829,0.0,0.0,0.02978666666666667,0.047684545015479946,0.04474072222222222,0.04588310262083633,0.0,0.0,0.089645,0.012579429637308681,0.09929995833333333,0.009489589063928829,0.0,0.0,0.089645,0.09929995833333333,-0.05985833333333333,-0.054559236111111103,71,71.0,0.04474072222222222,-0.054559236111111103
72,72.0,0.09158,0.006321534623807728,0.10123495833333333,0.00941137519718758,0.0,0.0,0.09166666666666667,0.007963945839427425,0.10662072222222223,0.009923664114002,0.0,0.0,0.09158,0.006321534623807728,0.10123495833333333,0.00941137519718758,0.0,0.0,0.09158,0.10123495833333333,8.666666666667933e-05,0.005385763888888895,72,72.0,0.10662072222222223,0.005385763888888895
73,73.0,0.083635,0.0026092240225783596,0.09328995833333334,0.005699064595958212,0.0,0.0,0.08580333333333334,0.00759201115208173,0.1007573888888889,0.00858390648589801,0.0,0.0,0.083635,0.0026092240225783596,0.09328995833333334,0.005699064595958212,0.0,0.0,0.083635,0.09328995833333334,0.0021683333333333416,0.007467430555555557,73,73.0,0.1007573888888889,0.007467430555555557
74,74.0,0.06024,0.005091168824543136,0.06989495833333334,0.002001328251163279,0.0,0.0,0.07797333333333333,0.010752866284546334,0.09292738888888889,0.011555349026065701,0.0,0.0,0.06024,0.005091168824543136,0.06989495833333334,0.002001328251163279,0.0,0.0,0.06024,0.06989495833333334,0.017733333333333323,0.023032430555555553,74,74.0,0.09292738888888889,0.023032430555555553
75,75.0,-0.07286000000000001,0.02979747975920111,-0.06320504166666667,0.03288732033258096,0.0,0.0,-0.0877,0.017951437268363776,-0.07274594444444445,0.018985455939358124,0.0,0.0,-0.07286000000000001,0.02979747975920111,-0.06320504166666667,0.03288732033258096,0.0,0.0,-0.07286000000000001,-0.06320504166666667,-0.014839999999999992,-0.009540902777777777,75,75.0,-0.07274594444444445,-0.009540902777777777
76,76.0,-0.07424,0.005600285706997464,-0.06458504166666668,0.002510445133617612,0.0,0.0,-0.08213999999999999,0.007508814819929972,-0.06718594444444444,0.0067864206326373805,0.0,0.0,-0.07424,0.005600285706997464,-0.06458504166666668,0.002510445133617612,0.0,0.0,-0.07424,-0.06458504166666668,-0.00789999999999999,-0.002600902777777761,76,76.0,-0.06718594444444444,-0.002600902777777761
77,77.0,-0.08457,0.01716855264720938,-0.07491504166666667,0.01407871207382953,0.0,0.0,-0.08919333333333333,0.004913922397976322,-0.07423927777777778,0.006769822170877806,0.0,0.0,-0.08457,0.01716855264720938,-0.07491504166666667,0.01407871207382953,0.0,0.0,-0.08457,-0.07491504166666667,-0.0046233333333333265,0.0006757638888888889,77,77.0,-0.07423927777777778,0.0006757638888888889
78,78.0,-0.09049,0.008923687578574225,-0.08083504166666666,0.012013528151954077,0.0,0.0,-0.10152333333333334,0.013041021176784177,-0.08656927777777779,0.011417041697138428,0.0,0.0,-0.09049,0.008923687578574225,-0.08083504166666666,0.012013528151954077,0.0,0.0,-0.09049,-0.08083504166666666,-0.01103333333333334,-0.005734236111111124,78,78.0,-0.08656927777777779,-0.005734236111111124
79,79.0,-0.089755,0.0012515790027001848,-0.08010004166666668,0.001838261570679667,0.0,0.0,-0.08361999999999999,0.0025509410028458188,-0.06866594444444445,0.004496913200899013,0.0,0.0,-0.089755,0.0012515790027001848,-0.08010004166666668,0.001838261570679667,0.0,0.0,-0.089755,-0.08010004166666668,0.0061350000000000154,0.011434097222222231,79,79.0,-0.06866594444444445,0.011434097222222231
80,80.0,-0.10137,0.0007212489168102736,-0.09171504166666666,0.0023685916565695784,0.0,0.0,-0.08127333333333332,0.006810259417476942,-0.06631927777777778,0.006463953425882292,0.0,0.0,-0.10137,0.0007212489168102736,-0.09171504166666666,0.0023685916565695784,0.0,0.0,-0.10137,-0.09171504166666666,0.02009666666666668,0.02539576388888888,80,80.0,-0.06631927777777778,0.02539576388888888
81,81.0,0.08407500000000001,0.0026375082938258202,0.09372995833333334,0.005727348867205672,0.0,0.0,0.08417000000000001,0.00970583844909856,0.09912405555555555,0.008887287362843228,0.0,0.0,0.08407500000000001,0.0026375082938258202,0.09372995833333334,0.005727348867205672,0.0,0.0,0.08407500000000001,0.09372995833333334,9.499999999999786e-05,0.005394097222222213,81,81.0,0.09912405555555555,0.005394097222222213
82,82.0,0.08580499999999999,0.005621498910433052,0.09545995833333333,0.008711339483812903,0.0,0.0,0.07722333333333332,0.004229755706105652,0.09217738888888889,0.006056632315328909,0.0,0.0,0.08580499999999999,0.005621498910433052,0.09545995833333333,0.008711339483812903,0.0,0.0,0.08580499999999999,0.09545995833333333,-0.008581666666666668,-0.0032825694444444387,82,82.0,0.09217738888888889,-0.0032825694444444387
83,83.0,0.07367499999999999,0.005013387078612621,0.08332995833333333,0.0019235465052327694,0.0,0.0,0.09713,0.019551562597398705,0.11208405555555556,0.02151174392441843,0.3333333333333333,0.0,0.07367499999999999,0.005013387078612621,0.08332995833333333,0.0019235465052327694,0.0,0.0,0.07367499999999999,0.08332995833333333,0.023455000000000004,0.028754097222222233,83,83.0,0.11208405555555556,0.028754097222222233
84,84.0,0.059655,0.007997377695219857,0.06930995833333334,0.004907537121840001,0.0,0.0,0.07862999999999999,0.012334467965826493,0.09358405555555556,0.010452030770396177,0.0,0.0,0.059655,0.007997377695219857,0.06930995833333334,0.004907537121840001,0.0,0.0,0.059655,0.06930995833333334,0.018974999999999992,0.02427409722222222,84,84.0,0.09358405555555556,0.02427409722222222
85,85.0,-0.08382,0.009644936495384508,-0.07416504166666667,0.006555095922004656,0.0,0.0,0.032716666666666665,0.019114406434240467,0.04767072222222222,0.020679847893347175,0.0,0.0,-0.08382,0.009644936495384508,-0.07416504166666667,0.006555095922004656,0.0,0.0,-0.08382,-0.07416504166666667,0.11653666666666668,0.12183576388888889,85,85.0,0.04767072222222222,0.12183576388888889
86,86.0,-0.08146,0.006703372285648472,-0.07180504166666667,0.009793212859028323,0.0,0.0,-0.09349,0.007452590153765336,-0.07853594444444445,0.006475772283654906,0.0,0.0,-0.08146,0.006703372285648472,-0.07180504166666667,0.009793212859028323,0.0,0.0,-0.08146,-0.07180504166666667,-0.012029999999999999,-0.0067309027777777836,86,86.0,-0.07853594444444445,-0.0067309027777777836
87,87.0,-0.06358,0.008244865068635142,-0.05392504166666667,0.00515502449525529,0.0,0.0,-0.09709333333333332,0.011224693017331618,-0.08213927777777778,0.012939128727441759,0.0,0.0,-0.06358,0.008244865068635142,-0.05392504166666667,0.00515502449525529,0.0,0.0,-0.06358,-0.05392504166666667,-0.033513333333333326,-0.02821423611111111,87,87.0,-0.08213927777777778,-0.02821423611111111
88,88.0,-0.07983,0.003280975464705584,-0.07017504166666666,0.006370816038085436,0.0,0.0,-0.08567999999999999,0.007639626954243254,-0.07072594444444444,0.00957376679048754,0.0,0.0,-0.07983,0.003280975464705584,-0.07017504166666666,0.006370816038085436,0.0,0.0,-0.07983,-0.07017504166666666,-0.005849999999999994,-0.0005509027777777786,88,88.0,-0.07072594444444444,-0.0005509027777777786
89,89.0,-0.08967,0.0007919595949289402,-0.08001504166666668,0.002297880978450912,0.0,0.0,-0.08537666666666666,0.003257826473790975,-0.0704226111111111,0.005217952717171934,0.0,0.0,-0.08967,0.0007919595949289402,-0.08001504166666668,0.002297880978450912,0.0,0.0,-0.08967,-0.08001504166666668,0.0042933333333333434,0.009592430555555573,89,89.0,-0.0704226111111111,0.009592430555555573
90,90.0,-0.041855,0.02153140148713037,-0.032200041666666665,0.018441560913750522,0.0,0.0,-0.004836666666666667,0.028003552155634354,0.01011738888888889,0.026401805746383202,0.0,0.0,-0.041855,0.02153140148713037,-0.032200041666666665,0.018441560913750522,0.0,0.0,-0.041855,-0.032200041666666665,0.037018333333333334,0.042317430555555556,90,90.0,0.01011738888888889,0.042317430555555556
91,91.0,0.08052000000000001,0.013703729419395287,0.09017495833333333,0.016793569992775138,0.0,0.0,0.08022,0.004569595168064676,0.09517405555555557,0.006237844179128437,0.0,0.0,0.08052000000000001,0.013703729419395287,0.09017495833333333,0.016793569992775138,0.0,0.0,0.08052000000000001,0.09017495833333333,-0.0003000000000000086,0.004999097222222235,91,91.0,0.09517405555555557,0.004999097222222235
92,92.0,0.07219,0.007424621202458746,0.08184495833333333,0.010514461775838597,0.0,0.0,0.07128666666666666,0.01058131056785186,0.08624072222222223,0.01223951288077439,0.0,0.0,0.07219,0.007424621202458746,0.08184495833333333,0.010514461775838597,0.0,0.0,0.07219,0.08184495833333333,-0.0009033333333333393,0.004395763888888904,92,92.0,0.08624072222222223,0.004395763888888904
93,93.0,0.07783000000000001,0.01537250142299554,0.08748495833333333,0.018462341996375392,0.0,0.0,0.07372,0.0035078340895772202,0.08867405555555556,0.004142841148398556,0.0,0.0,0.07783000000000001,0.01537250142299554,0.08748495833333333,0.018462341996375392,0.0,0.0,0.07783000000000001,0.08748495833333333,-0.004110000000000016,0.0011890972222222268,93,93.0,0.08867405555555556,0.0011890972222222268
94,94.0,0.06117,0.016574582951012672,0.07082495833333333,0.019664423524392523,0.0,0.0,0.0655,0.003949531617799761,0.08045405555555556,0.004333060119948309,0.0,0.0,0.06117,0.016574582951012672,0.07082495833333333,0.019664423524392523,0.0,0.0,0.06117,0.07082495833333333,0.0043300000000000005,0.00962909722222223,94,94.0,0.08045405555555556,0.00962909722222223
95,95.0,0.063905,0.004080006127446382,0.07355995833333334,0.007169846700826229,0.0,0.0,0.06544333333333334,0.02397724824356067,0.08039738888888888,0.022072614757325613,0.0,0.0,0.063905,0.004080006127446382,0.07355995833333334,0.007169846700826229,0.0,0.0,0.063905,0.07355995833333334,0.001538333333333336,0.006837430555555538,95,95.0,0.08039738888888888,0.006837430555555538
96,96.0,-0.079545,0.0005444722215136463,-0.06989004166666667,0.0025453683518662056,0.0,0.0,-0.07905333333333332,0.0026597430953634077,-0.06409927777777778,0.0023852735698628807,0.0,0.0,-0.079545,0.0005444722215136463,-0.06989004166666667,0.0025453683518662056,0.0,0.0,-0.079545,-0.06989004166666667,0.0004916666666666819,0.0057907638888888835,96,96.0,-0.06409927777777778,0.0057907638888888835
97,97.0,-0.08465,0.01964342638136229,-0.07499504166666668,0.02273326695474214,0.0,0.0,-0.07768333333333334,0.003953635457820222,-0.06272927777777777,0.004463801257869027,0.0,0.0,-0.08465,0.01964342638136229,-0.07499504166666668,0.02273326695474214,0.0,0.0,-0.08465,-0.07499504166666668,0.006966666666666663,0.012265763888888906,97,97.0,-0.06272927777777777,0.012265763888888906
98,98.0,-0.093585,0.0009263098833543812,-0.08393004166666668,0.0021635306900254707,0.0,0.0,-0.10064666666666666,0.023494893771484334,-0.08569261111111111,0.021658133447911225,0.0,0.0,-0.093585,0.0009263098833543812,-0.08393004166666668,0.0021635306900254707,0.0,0.0,-0.093585,-0.08393004166666668,-0.0070616666666666605,-0.0017625694444444312,98,98.0,-0.08569261111111111,-0.0017625694444444312
99,99.0,-0.08744,0.008343860018001263,-0.07778504166666667,0.005254019444621412,0.0,0.0,-0.09577666666666666,0.012470574699400714,-0.08082261111111111,0.014399871430860363,0.0,0.0,-0.08744,0.008343860018001263,-0.07778504166666667,0.005254019444621412,0.0,0.0,-0.08744,-0.07778504166666667,-0.008336666666666659,-0.0030375694444444434,99,99.0,-0.08082261111111111,-0.0030375694444444434
100,100.0,-0.084065,0.005621498910433052,-0.07441004166666666,0.008711339483812903,0.0,0.0,-0.08112666666666667,0.006991082415000793,-0.06617261111111111,0.007928320720526563,0.0,0.0,-0.084065,0.005621498910433052,-0.07441004166666666,0.008711339483812903,0.0,0.0,-0.084065,-0.07441004166666666,0.0029383333333333345,0.00823743055555555,100,100.0,-0.06617261111111111,0.00823743055555555
101,101.0,0.08652,0.03155110457654375,0.09617495833333334,0.0346409451499236,0.5,0.0,0.09305333333333332,0.01814964554291167,0.10800738888888889,0.018069630876226733,0.3333333333333333,0.0,0.08652,0.03155110457654375,0.09617495833333334,0.0346409451499236,0.5,0.0,0.08652,0.09617495833333334,0.0065333333333333216,0.011832430555555551,101,101.0,0.10800738888888889,0.011832430555555551
102,102.0,0.081455,0.008492352442050431,0.09110995833333332,0.011582193015430283,0.0,0.0,0.07707666666666667,0.0032302063917547664,0.09203072222222224,0.001537134600763445,0.0,0.0,0.081455,0.008492352442050431,0.09110995833333332,0.011582193015430283,0.0,0.0,0.081455,0.09110995833333332,-0.004378333333333331,0.0009207638888889119,102,102.0,0.09203072222222224,0.0009207638888889119
103,103.0,0.09119,0.030631865761001246,0.10084495833333333,0.027542025187621395,0.5,0.0,0.07643,0.0019636445706899246,0.09138405555555557,0.001636514589939982,0.0,0.0,0.09119,0.030631865761001246,0.10084495833333333,0.027542025187621395,0.5,0.0,0.09119,0.10084495833333333,-0.014759999999999995,-0.009460902777777766,103,103.0,0.09138405555555557,-0.009460902777777766
104,104.0,0.06221,0.002418305191657997,0.07186495833333334,0.005508145765037849,0.0,0.0,0.06666,0.015180622516879867,0.08161405555555555,0.017064944623498966,0.0,0.0,0.06221,0.002418305191657997,0.07186495833333334,0.005508145765037849,0.0,0.0,0.06221,0.07186495833333334,0.004449999999999996,0.009749097222222211,104,104.0,0.08161405555555555,0.009749097222222211
105,105.0,-0.09817500000000001,0.012862272349783299,-0.08852004166666667,0.009772431776403447,0.0,0.0,-0.07854333333333334,0.007742463001741333,-0.06358927777777777,0.009140588724218413,0.0,0.0,-0.09817500000000001,0.012862272349783299,-0.08852004166666667,0.009772431776403447,0.0,0.0,-0.09817500000000001,-0.08852004166666667,0.019631666666666672,0.0249307638888889,105,105.0,-0.06358927777777777,0.0249307638888889
106,106.0,-0.088325,0.010670241328104997,-0.07867004166666666,0.013760081901484849,0.0,0.0,-0.07112666666666667,0.0062011799952374665,-0.05617261111111111,0.008130393013787342,0.0,0.0,-0.088325,0.010670241328104997,-0.07867004166666666,0.013760081901484849,0.0,0.0,-0.088325,-0.07867004166666666,0.01719833333333333,0.022497430555555552,106,106.0,-0.05617261111111111,0.022497430555555552
107,107.0,-0.28081500000000004,0.1374686293304767,-0.27116004166666663,0.13437878875709686,0.0,1.0,-0.3252366666666667,0.021057961281504296,-0.31028261111111116,0.021008130172302845,0.0,1.0,-0.28081500000000004,0.1374686293304767,-0.27116004166666663,0.13437878875709686,0.0,1.0,-0.28081500000000004,-0.27116004166666663,-0.04442166666666664,-0.03912256944444453,107,107.0,-0.31028261111111116,-0.03912256944444453
108,108.0,-0.23770999999999998,0.07261986642785842,-0.22805504166666662,0.06953002585447855,0.0,1.0,-0.2742866666666667,0.02644956395355761,-0.2593326111111111,0.02449137019221211,0.0,1.0,-0.23770999999999998,0.07261986642785842,-0.22805504166666662,0.06953002585447855,0.0,1.0,-0.23770999999999998,-0.22805504166666662,-0.0365766666666667,-0.031277569444444486,108,108.0,-0.2593326111111111,-0.031277569444444486
109,109.0,-0.083305,0.009637865427572645,-0.07365004166666667,0.012727706000952497,0.0,0.0,-0.08691666666666668,0.00609714960726185,-0.07196261111111112,0.004159365870842671,0.0,0.0,-0.083305,0.009637865427572645,-0.07365004166666667,0.012727706000952497,0.0,0.0,-0.083305,-0.07365004166666667,-0.0036116666666666797,0.0016874305555555497,109,109.0,-0.07196261111111112,0.0016874305555555497
110,110.0,-0.08194499999999999,0.01291884089227822,-0.07229004166666667,0.01600868146565807,0.0,0.0,-0.08795000000000001,0.005561321785331252,-0.07299594444444445,0.006111361050696918,0.0,0.0,-0.08194499999999999,0.01291884089227822,-0.07229004166666667,0.01600868146565807,0.0,0.0,-0.08194499999999999,-0.07229004166666667,-0.006005000000000024,-0.000705902777777781,110,110.0,-0.07299594444444445,-0.000705902777777781
111,111.0,0.080635,0.012225876246715407,0.09028995833333334,0.015315716820095259,0.0,0.0,0.09901333333333333,0.004541325063605705,0.1139673888888889,0.0064697566073726445,0.3333333333333333,0.0,0.080635,0.012225876246715407,0.09028995833333334,0.015315716820095259,0.0,0.0,0.080635,0.09028995833333334,0.01837833333333333,0.02367743055555556,111,111.0,0.1139673888888889,0.02367743055555556
112,112.0,0.08487,0.007170062761231599,0.09452495833333333,0.01025990333461145,0.0,0.0,0.08035333333333333,0.00047815618090048386,0.09530738888888889,0.002217012630339853,0.0,0.0,0.08487,0.007170062761231599,0.09452495833333333,0.01025990333461145,0.0,0.0,0.08487,0.09452495833333333,-0.004516666666666669,0.0007824305555555605,112,112.0,0.09530738888888889,0.0007824305555555605
113,113.0,0.08763499999999999,0.011999602076735711,0.09728995833333333,0.015089442650115562,0.0,0.0,0.07758,0.008056345325270014,0.09253405555555556,0.00925311650218922,0.0,0.0,0.08763499999999999,0.011999602076735711,0.09728995833333333,0.015089442650115562,0.0,0.0,0.08763499999999999,0.09728995833333333,-0.010054999999999994,-0.004755902777777765,113,113.0,0.09253405555555556,-0.004755902777777765
114,114.0,0.06079999999999999,0.025102290732122435,0.07045495833333333,0.028192131305502285,0.0,0.0,0.0643,0.017738737271857877,0.07925405555555555,0.015981592432225047,0.0,0.0,0.06079999999999999,0.025102290732122435,0.07045495833333333,0.028192131305502285,0.0,0.0,0.06079999999999999,0.07045495833333333,0.003500000000000003,0.008799097222222219,114,114.0,0.07925405555555555,0.008799097222222219
115,115.0,0.014475000000000002,0.08708020010312334,0.024129958333333333,0.09017004067650318,0.0,0.0,0.03554,0.04636515609808728,0.05049405555555556,0.04475976494952157,0.0,0.0,0.014475000000000002,0.08708020010312334,0.024129958333333333,0.09017004067650318,0.0,0.0,0.014475000000000002,0.024129958333333333,0.021065,0.02636409722222223,115,115.0,0.05049405555555556,0.02636409722222223
116,116.0,-0.085505,0.0014354267658086943,-0.07585004166666667,0.0045252673391885465,0.0,0.0,-0.08611333333333333,0.006707490837364848,-0.07115927777777777,0.005008279755983837,0.0,0.0,-0.085505,0.0014354267658086943,-0.07585004166666667,0.0045252673391885465,0.0,0.0,-0.085505,-0.07585004166666667,-0.0006083333333333357,0.0046907638888889075,116,116.0,-0.07115927777777777,0.0046907638888889075
117,117.0,-0.081055,0.0051406662992262,-0.07140004166666666,0.002050825725846348,0.0,0.0,-0.08456999999999999,0.007882074600002209,-0.06961594444444444,0.008813125092268653,0.0,0.0,-0.081055,0.0051406662992262,-0.07140004166666666,0.002050825725846348,0.0,0.0,-0.081055,-0.07140004166666666,-0.0035149999999999904,0.0017840972222222251,117,117.0,-0.06961594444444444,0.0017840972222222251
118,118.0,-0.09190999999999999,0.0026445793616376926,-0.08225504166666667,0.00044526121174215904,0.0,0.0,-0.07853,0.013568039652064703,-0.06357594444444443,0.011612155915379646,0.0,0.0,-0.09190999999999999,0.0026445793616376926,-0.08225504166666667,0.00044526121174215904,0.0,0.0,-0.09190999999999999,-0.08225504166666667,0.013379999999999989,0.018679097222222232,118,118.0,-0.06357594444444443,0.018679097222222232
119,119.0,-0.08034,0.006194255403194159,-0.07068504166666667,0.0031044148298143073,0.0,0.0,-0.07414333333333332,0.013392301271003923,-0.05918927777777777,0.012390876078917354,0.0,0.0,-0.08034,0.006194255403194159,-0.07068504166666667,0.0031044148298143073,0.0,0.0,-0.08034,-0.07068504166666667,0.00619666666666667,0.011495763888888899,119,119.0,-0.05918927777777777,0.011495763888888899
120,120.0,-0.088795,6.363961030679404e-05,-0.07914004166666666,0.0030262009630730577,0.0,0.0,-0.08666,0.014029893085836406,-0.07170594444444445,0.014741765460485914,0.0,0.0,-0.088795,6.363961030679404e-05,-0.07914004166666666,0.0030262009630730577,0.0,0.0,-0.088795,-0.07914004166666666,0.002134999999999998,0.0074340972222222135,120,120.0,-0.07170594444444445,0.0074340972222222135
121,121.0,0.09382,0.008640844866099617,0.10347495833333334,0.01173068543947947,0.5,0.0,0.08755,0.006102360199136065,0.10250405555555557,0.004388962545443804,0.0,0.0,0.09382,0.008640844866099617,0.10347495833333334,0.01173068543947947,0.5,0.0,0.09382,0.10347495833333334,-0.006269999999999998,-0.0009709027777777685,121,121.0,0.10250405555555557,-0.0009709027777777685
122,122.0,0.06012,0.006972072862499354,0.06977495833333333,0.010061913435879206,0.0,0.0,0.08193,0.017407524235226554,0.09688405555555556,0.019300845879643536,0.0,0.0,0.06012,0.006972072862499354,0.06977495833333333,0.010061913435879206,0.0,0.0,0.06012,0.06977495833333333,0.021810000000000003,0.027109097222222225,122,122.0,0.09688405555555556,0.027109097222222225
123,123.0,0.08049,0.0032809754647055746,0.09014495833333333,0.006370816038085426,0.0,0.0,0.08037,0.004084899019559719,0.09532405555555556,0.006043385732699631,0.0,0.0,0.08049,0.0032809754647055746,0.09014495833333333,0.006370816038085426,0.0,0.0,0.08049,0.09014495833333333,-0.00012000000000000899,0.005179097222222234,123,123.0,0.09532405555555556,0.005179097222222234
124,124.0,0.061585,0.01273499312916972,0.07123995833333333,0.01582483370254957,0.0,0.0,0.03007333333333333,0.0679347262696578,0.04502738888888889,0.06989501864703773,0.0,0.0,0.061585,0.01273499312916972,0.07123995833333333,0.01582483370254957,0.0,0.0,0.061585,0.07123995833333333,-0.031511666666666674,-0.026212569444444438,124,124.0,0.04502738888888889,-0.026212569444444438
125,125.0,-0.086985,0.012027886347983182,-0.07733004166666667,0.015117726921363032,0.0,0.0,-0.08431,0.0049050688068568455,-0.06935594444444444,0.006843447839826048,0.0,0.0,-0.086985,0.012027886347983182,-0.07733004166666667,0.015117726921363032,0.0,0.0,-0.086985,-0.07733004166666667,0.0026750000000000107,0.007974097222222226,125,125.0,-0.06935594444444444,0.007974097222222226
126,126.0,-0.08035,0.011653119753954309,-0.07069504166666667,0.008563279180574458,0.0,0.0,-0.07519333333333333,0.006977279794685985,-0.060239277777777774,0.005589223609647579,0.0,0.0,-0.08035,0.011653119753954309,-0.07069504166666667,0.008563279180574458,0.0,0.0,-0.08035,-0.07069504166666667,0.0051566666666666705,0.010455763888888893,126,126.0,-0.060239277777777774,0.010455763888888893
127,127.0,-0.09811500000000001,0.018207999615553604,-0.08846004166666667,0.021297840188933458,0.0,0.0,-0.08644333333333333,0.0010744921280927751,-0.07148927777777779,0.0030163657313576316,0.0,0.0,-0.09811500000000001,0.018207999615553604,-0.08846004166666667,0.021297840188933458,0.0,0.0,-0.09811500000000001,-0.08846004166666667,0.011671666666666677,0.01697076388888888,127,127.0,-0.07148927777777779,0.01697076388888888
128,128.0,-0.08865,0.0050063160108007486,-0.07899504166666667,0.001916475437420897,0.0,0.0,-0.09008,0.01649190104263301,-0.07512594444444444,0.016899680700559527,0.0,0.0,-0.08865,0.0050063160108007486,-0.07899504166666667,0.001916475437420897,0.0,0.0,-0.08865,-0.07899504166666667,-0.0014299999999999868,0.0038690972222222286,128,128.0,-0.07512594444444444,0.0038690972222222286
129,129.0,-0.08516,0.0006222539674441561,-0.07550504166666666,0.0024675866059356956,0.0,0.0,-0.09575,0.0055478193914366,-0.08079594444444445,0.005942848129640806,0.0,0.0,-0.08516,0.0006222539674441561,-0.07550504166666666,0.0024675866059356956,0.0,0.0,-0.08516,-0.07550504166666666,-0.010590000000000002,-0.005290902777777787,129,129.0,-0.08079594444444445,-0.005290902777777787
130,130.0,0.04988,0.038127197641578646,0.05953495833333333,0.03503735706819879,0.0,0.0,-0.011423333333333334,0.060901738344100925,0.003530722222222222,0.05896970799583628,0.0,0.0,0.04988,0.038127197641578646,0.05953495833333333,0.03503735706819879,0.0,0.0,0.04988,0.05953495833333333,-0.061303333333333335,-0.05600423611111111,130,130.0,0.003530722222222222,-0.05600423611111111
131,131.0,0.076515,0.013993643199681776,0.08616995833333332,0.01708348377306163,0.0,0.0,0.08520666666666667,0.0026584644690748377,0.10016072222222222,0.0041991371471844325,0.0,0.0,0.076515,0.013993643199681776,0.08616995833333332,0.01708348377306163,0.0,0.0,0.076515,0.08616995833333332,0.008691666666666667,0.013990763888888896,131,131.0,0.10016072222222222,0.013990763888888896
132,132.0,0.08846,0.010974297244015222,0.09811495833333334,0.00788445667063537,0.0,0.0,0.09189333333333333,0.007296289011088673,0.1068473888888889,0.005666755440753431,0.0,0.0,0.08846,0.010974297244015222,0.09811495833333334,0.00788445667063537,0.0,0.0,0.08846,0.09811495833333334,0.00343333333333333,0.00873243055555556,132,132.0,0.1068473888888889,0.00873243055555556
133,133.0,0.09204000000000001,0.024989153647132587,0.10169495833333334,0.021899313073752737,0.5,0.0,0.08660000000000001,0.014059519906454841,0.10155405555555556,0.015441469723614676,0.0,0.0,0.09204000000000001,0.024989153647132587,0.10169495833333334,0.021899313073752737,0.5,0.0,0.09204000000000001,0.10169495833333334,-0.00544,-0.00014090277777777105,133,133.0,0.10155405555555556,-0.00014090277777777105
134,134.0,0.0548,0.03453509519315098,0.06445495833333334,0.03762493576653083,0.0,0.0,0.06804666666666666,0.009678643155594347,0.08300072222222223,0.007736095555739394,0.0,0.0,0.0548,0.03453509519315098,0.06445495833333334,0.03762493576653083,0.0,0.0,0.0548,0.06445495833333334,0.013246666666666657,0.018545763888888886,134,134.0,0.08300072222222223,0.018545763888888886
135,135.0,0.067245,0.007445834405894349,0.07689995833333334,0.010535674979274195,0.0,0.0,0.06193666666666667,0.01673269354686607,0.07689072222222222,0.01731393371128127,0.0,0.0,0.067245,0.007445834405894349,0.07689995833333334,0.010535674979274195,0.0,0.0,0.067245,0.07689995833333334,-0.005308333333333332,-9.236111111116108e-06,135,135.0,0.07689072222222222,-9.236111111116108e-06
136,136.0,-0.080235,0.0035284628381208683,-0.07058004166666668,0.0004386222647410164,0.0,0.0,-0.07992666666666666,0.01282360843652571,-0.0649726111111111,0.014511008120380649,0.0,0.0,-0.080235,0.0035284628381208683,-0.07058004166666668,0.0004386222647410164,0.0,0.0,-0.080235,-0.07058004166666668,0.000308333333333341,0.00560743055555557,136,136.0,-0.0649726111111111,0.00560743055555557
137,137.0,-0.08856,0.007297341981845167,-0.07890504166666668,0.010387182555225019,0.0,0.0,-0.08725,0.015365959130493613,-0.07229594444444444,0.01410644287404312,0.0,0.0,-0.08856,0.007297341981845167,-0.07890504166666668,0.010387182555225019,0.0,0.0,-0.08856,-0.07890504166666668,0.0013100000000000056,0.006609097222222235,137,137.0,-0.07229594444444444,0.006609097222222235
138,138.0,-0.087285,0.009355022715098018,-0.07763004166666668,0.01244486328847787,0.0,0.0,-0.07368333333333334,0.005801209643973691,-0.058729277777777776,0.006040244476543961,0.0,0.0,-0.087285,0.009355022715098018,-0.07763004166666668,0.01244486328847787,0.0,0.0,-0.087285,-0.07763004166666668,0.013601666666666665,0.0189007638888889,138,138.0,-0.058729277777777776,0.0189007638888889
139,139.0,-0.09386,0.009418662325404812,-0.08420504166666667,0.00632882175202496,0.0,0.0,-0.08377,0.00687635804768775,-0.06881594444444444,0.008817429204754885,0.0,0.0,-0.09386,0.009418662325404812,-0.08420504166666667,0.00632882175202496,0.0,0.0,-0.09386,-0.08420504166666667,0.010090000000000002,0.015389097222222231,139,139.0,-0.06881594444444444,0.015389097222222231
140,140.0,-0.08141999999999999,0.007679179643685903,-0.07176504166666667,0.010769020217065755,0.0,0.0,-0.08251333333333333,0.0021350019515994226,-0.06755927777777777,0.003946109406431977,0.0,0.0,-0.08141999999999999,0.007679179643685903,-0.07176504166666667,0.010769020217065755,0.0,0.0,-0.08141999999999999,-0.07176504166666667,-0.001093333333333335,0.004205763888888894,140,140.0,-0.06755927777777777,0.004205763888888894
141,141.0,0.089735,0.006710443353460335,0.09938995833333333,0.009800283926840186,0.0,0.0,0.10103333333333332,0.012545526427110718,0.11598738888888889,0.012237858904181,0.3333333333333333,0.0,0.089735,0.006710443353460335,0.09938995833333333,0.009800283926840186,0.0,0.0,0.089735,0.09938995833333333,0.011298333333333327,0.016597430555555556,141,141.0,0.11598738888888889,0.016597430555555556
142,142.0,0.08007,0.00253144227664784,0.08972495833333333,0.0056212828500276915,0.0,0.0,0.0699,0.017854444824748822,0.08485405555555554,0.018967812297057872,0.0,0.0,0.08007,0.00253144227664784,0.08972495833333333,0.0056212828500276915,0.0,0.0,0.08007,0.08972495833333333,-0.010169999999999998,-0.004870902777777783,142,142.0,0.08485405555555554,-0.004870902777777783
143,143.0,0.07641500000000001,0.0029769195487953687,0.08606995833333334,0.0060667601221752205,0.0,0.0,0.06464333333333333,0.026733096216737282,0.07959738888888888,0.026485778332757663,0.0,0.0,0.07641500000000001,0.0029769195487953687,0.08606995833333334,0.0060667601221752205,0.0,0.0,0.07641500000000001,0.08606995833333334,-0.01177166666666668,-0.006472569444444451,143,143.0,0.07959738888888888,-0.006472569444444451
144,144.0,0.03813,0.022330432149871175,0.047784958333333336,0.02542027272325103,0.0,0.0,0.031036666666666667,0.05322004259048778,0.045990722222222225,0.05128895902414928,0.0,0.0,0.03813,0.022330432149871175,0.047784958333333336,0.02542027272325103,0.0,0.0,0.03813,0.047784958333333336,-0.00709333333333333,-0.001794236111111111,144,144.0,0.045990722222222225,-0.001794236111111111
145,145.0,-0.07097999999999999,0.0019516147160748701,-0.06132504166666666,0.005041455289454722,0.0,0.0,-0.08140666666666667,0.004041192068354751,-0.06645261111111112,0.002448791085589832,0.0,0.0,-0.07097999999999999,0.0019516147160748701,-0.06132504166666666,0.005041455289454722,0.0,0.0,-0.07097999999999999,-0.06132504166666666,-0.010426666666666681,-0.005127569444444452,145,145.0,-0.06645261111111112,-0.005127569444444452
146,146.0,-0.068315,0.003882016228714142,-0.05866004166666667,0.006971856802093994,0.0,0.0,-0.07894666666666666,0.007250112642803099,-0.06399261111111111,0.005331756954823484,0.0,0.0,-0.068315,0.003882016228714142,-0.05866004166666667,0.006971856802093994,0.0,0.0,-0.068315,-0.05866004166666667,-0.010631666666666664,-0.005332569444444442,146,146.0,-0.06399261111111111,-0.005332569444444442
147,147.0,-0.202305,0.0032597622612699664,-0.19265004166666666,0.006349602834649809,0.0,0.5,-0.16500333333333334,0.009696970317234823,-0.15004927777777777,0.010949239243120324,0.0,0.0,-0.202305,0.0032597622612699664,-0.19265004166666666,0.006349602834649809,0.0,0.5,-0.202305,-0.19265004166666666,0.03730166666666668,0.04260076388888889,147,147.0,-0.15004927777777777,0.04260076388888889
148,148.0,-0.15345,0.015938186847944784,-0.14379504166666668,0.012848346274564942,0.0,0.0,-0.14188,0.018510032414882475,-0.12692594444444447,0.01658264785862277,0.0,0.0,-0.15345,0.015938186847944784,-0.14379504166666668,0.012848346274564942,0.0,0.0,-0.15345,-0.14379504166666668,0.011569999999999997,0.016869097222222212,148,148.0,-0.12692594444444447,0.016869097222222212
149,149.0,-0.09378,0.0015132085117392138,-0.08412504166666668,0.004603049085119066,0.0,0.0,-0.08713,0.009986535935948962,-0.07217594444444445,0.011925917947561746,0.0,0.0,-0.09378,0.0015132085117392138,-0.08412504166666668,0.004603049085119066,0.0,0.0,-0.09378,-0.08412504166666668,0.006650000000000003,0.011949097222222232,149,149.0,-0.07217594444444445,0.011949097222222232
150,150.0,-0.089485,0.008379215357060588,-0.07983004166666666,0.011469055930440439,0.0,0.0,-0.09309,0.007140903304204591,-0.07813594444444444,0.00709081177791042,0.0,0.0,-0.089485,0.008379215357060588,-0.07983004166666666,0.011469055930440439,0.0,0.0,-0.089485,-0.07983004166666666,-0.003605000000000011,0.0016940972222222184,150,150.0,-0.07813594444444444,0.0016940972222222184
151,151.0,0.08463499999999999,0.0021708178182427034,0.09428995833333333,0.005260658391622555,0.0,0.0,0.07883,0.004655620259428388,0.09378405555555556,0.00409494186673942,0.0,0.0,0.08463499999999999,0.0021708178182427034,0.09428995833333333,0.005260658391622555,0.0,0.0,0.08463499999999999,0.09428995833333333,-0.005804999999999991,-0.0005059027777777614,151,151.0,0.09378405555555556,-0.0005059027777777614
152,152.0,0.082645,0.018816111447374027,0.09229995833333332,0.015726270873994173,0.0,0.0,0.07983,0.012122899818112823,0.09478405555555554,0.013920718292561777,0.0,0.0,0.082645,0.018816111447374027,0.09229995833333332,0.015726270873994173,0.0,0.0,0.082645,0.09229995833333332,-0.002814999999999998,0.0024840972222222174,152,152.0,0.09478405555555554,0.0024840972222222174
153,153.0,0.0813,0.010875302294649104,0.09095495833333334,0.013965142868028956,0.0,0.0,0.07515000000000001,0.012974991329476868,0.09010405555555556,0.014218248602989739,0.0,0.0,0.0813,0.010875302294649104,0.09095495833333334,0.013965142868028956,0.0,0.0,0.0813,0.09095495833333334,-0.006149999999999989,-0.0008509027777777733,153,153.0,0.09010405555555556,-0.0008509027777777733
154,154.0,0.053925,0.0015344217151748117,0.06357995833333333,0.00155541885820504,0.0,0.0,0.07151333333333333,0.004473134620524324,0.08646738888888889,0.006427193702696015,0.0,0.0,0.053925,0.0015344217151748117,0.06357995833333333,0.00155541885820504,0.0,0.0,0.053925,0.06357995833333333,0.01758833333333333,0.02288743055555556,154,154.0,0.08646738888888889,0.02288743055555556
155,155.0,-0.07980499999999999,0.018985817074858802,-0.07015004166666666,0.015895976501478948,0.0,0.0,-0.09067333333333334,0.011216636453649256,-0.07571927777777777,0.012847867527457094,0.0,0.0,-0.07980499999999999,0.018985817074858802,-0.07015004166666666,0.015895976501478948,0.0,0.0,-0.07980499999999999,-0.07015004166666666,-0.010868333333333355,-0.005569236111111112,155,155.0,-0.07571927777777777,-0.005569236111111112
156,156.0,-0.06597,0.0066185194719060895,-0.05631504166666667,0.009708360045285943,0.0,0.0,-0.08044666666666667,0.006599866160259112,-0.06549261111111111,0.008508548054931963,0.0,0.0,-0.06597,0.0066185194719060895,-0.05631504166666667,0.009708360045285943,0.0,0.0,-0.06597,-0.05631504166666667,-0.014476666666666665,-0.009177569444444443,156,156.0,-0.06549261111111111,-0.009177569444444443
157,157.0,-0.08455,0.0005374011537017837,-0.07489504166666666,0.002552439419678068,0.0,0.0,-0.09434666666666668,0.015120133376836771,-0.07939261111111111,0.01521641116991701,0.0,0.0,-0.08455,0.0005374011537017837,-0.07489504166666666,0.002552439419678068,0.0,0.0,-0.08455,-0.07489504166666666,-0.009796666666666676,-0.004497569444444446,157,157.0,-0.07939261111111111,-0.004497569444444446
158,158.0,-0.082605,0.003938584771209064,-0.07295004166666666,0.007028425344588916,0.0,0.0,-0.09985,0.027042017306406714,-0.08489594444444444,0.0261127603545933,0.0,0.0,-0.082605,0.003938584771209064,-0.07295004166666666,0.007028425344588916,0.0,0.0,-0.082605,-0.07295004166666666,-0.017244999999999996,-0.011945902777777781,158,158.0,-0.08489594444444444,-0.011945902777777781
159,159.0,-0.08725,0.004398204178980318,-0.07759504166666667,0.0013083636056004664,0.0,0.0,-0.08328,0.016340253975994378,-0.06832594444444444,0.01790277357477755,0.0,0.0,-0.08725,0.004398204178980318,-0.07759504166666667,0.0013083636056004664,0.0,0.0,-0.08725,-0.07759504166666667,0.003969999999999987,0.00926909722222223,159,159.0,-0.06832594444444444,0.00926909722222223
160,160.0,-0.08702,0.0005374011537017837,-0.07736504166666666,0.0036272417270816356,0.0,0.0,-0.08841333333333334,0.00956792732692579,-0.07345927777777778,0.01104471464863412,0.0,0.0,-0.08702,0.0005374011537017837,-0.07736504166666666,0.0036272417270816356,0.0,0.0,-0.08702,-0.07736504166666666,-0.0013933333333333436,0.0039057638888888857,160,160.0,-0.07345927777777778,0.0039057638888888857
161,161.0,0.078055,0.009637865427572645,0.08770995833333334,0.012727706000952497,0.0,0.0,0.08014,0.008133652316149244,0.09509405555555556,0.009107648525813515,0.0,0.0,0.078055,0.009637865427572645,0.08770995833333334,0.012727706000952497,0.0,0.0,0.078055,0.08770995833333334,0.0020850000000000035,0.007384097222222219,161,161.0,0.09509405555555556,0.007384097222222219
162,162.0,0.06988,0.0023193102422918795,0.07953495833333332,0.005409150815671731,0.0,0.0,0.07960666666666667,0.00687189445010132,0.09456072222222223,0.004956299022767536,0.0,0.0,0.06988,0.0023193102422918795,0.07953495833333332,0.005409150815671731,0.0,0.0,0.06988,0.07953495833333332,0.009726666666666675,0.015025763888888904,162,162.0,0.09456072222222223,0.015025763888888904
163,163.0,0.065825,0.0055649303679381305,0.07547995833333333,0.008654770941317983,0.0,0.0,0.07349666666666667,0.013931289722539453,0.08845072222222222,0.012110124689824062,0.0,0.0,0.065825,0.0055649303679381305,0.07547995833333333,0.008654770941317983,0.0,0.0,0.065825,0.07547995833333333,0.007671666666666674,0.01297076388888889,163,163.0,0.08845072222222222,0.01297076388888889
164,164.0,0.059525,0.0008414570696119891,0.06917995833333335,0.0022483835037678626,0.0,0.0,0.04606,0.03785640236472557,0.06101405555555555,0.037544584252189456,0.0,0.0,0.059525,0.0008414570696119891,0.06917995833333335,0.0022483835037678626,0.0,0.0,0.059525,0.06917995833333335,-0.013465000000000005,-0.008165902777777796,164,164.0,0.06101405555555555,-0.008165902777777796
165,165.0,-0.076935,0.017882730496207793,-0.06728004166666668,0.014792889922827939,0.0,0.0,-0.08191333333333334,0.005475256462790878,-0.06695927777777778,0.006121894541795385,0.0,0.0,-0.076935,0.017882730496207793,-0.06728004166666668,0.014792889922827939,0.0,0.0,-0.076935,-0.06728004166666668,-0.004978333333333335,0.00032076388888889473,165,165.0,-0.06695927777777778,0.00032076388888889473
166,166.0,-0.087495,0.007162991693419727,-0.07784004166666667,0.004073151120039874,0.0,0.0,-0.08647,0.00856506275516998,-0.07151594444444444,0.0076023411600767725,0.0,0.0,-0.087495,0.007162991693419727,-0.07784004166666667,0.004073151120039874,0.0,0.0,-0.087495,-0.07784004166666667,0.0010249999999999981,0.0063240972222222275,166,166.0,-0.07151594444444444,0.0063240972222222275
167,167.0,-0.08361,0.003337544007200506,-0.07395504166666667,0.0002477034338206539,0.0,0.0,-0.08339999999999999,0.010414528313850802,-0.06844594444444445,0.010611109063554194,0.0,0.0,-0.08361,0.003337544007200506,-0.07395504166666667,0.0002477034338206539,0.0,0.0,-0.08361,-0.07395504166666667,0.00021000000000001573,0.005509097222222217,167,167.0,-0.06844594444444445,0.005509097222222217
168,168.0,-0.08779999999999999,0.0009899494936611655,-0.07814504166666666,0.0020998910797186865,0.0,0.0,-0.08972666666666666,0.01323200791011452,-0.07477261111111111,0.01426488252094702,0.0,0.0,-0.08779999999999999,0.0009899494936611655,-0.07814504166666666,0.0020998910797186865,0.0,0.0,-0.08779999999999999,-0.07814504166666666,-0.0019266666666666737,0.0033724305555555556,168,168.0,-0.07477261111111111,0.0033724305555555556
169,169.0,-0.090925,0.004080006127446387,-0.08127004166666667,0.0009901655540665354,0.0,0.0,-0.08060333333333333,0.004670592396402547,-0.06564927777777778,0.006600813081463504,0.0,0.0,-0.090925,0.004080006127446387,-0.08127004166666667,0.0009901655540665354,0.0,0.0,-0.090925,-0.08127004166666667,0.010321666666666673,0.015620763888888889,169,169.0,-0.06564927777777778,0.015620763888888889
170,170.0,0.08501500000000001,0.005041671349860092,0.09466995833333333,0.008131511923239944,0.0,0.0,0.08603,0.010404772943221782,0.10098405555555556,0.012365047086345086,0.0,0.0,0.08501500000000001,0.005041671349860092,0.09466995833333333,0.008131511923239944,0.0,0.0,0.08501500000000001,0.09466995833333333,0.0010149999999999881,0.006314097222222231,170,170.0,0.10098405555555556,0.006314097222222231
171,171.0,0.073325,0.004221427483683691,0.08297995833333333,0.001131586910303839,0.0,0.0,0.08427666666666667,0.018265963794263172,0.09923072222222222,0.016953899092761245,0.0,0.0,0.073325,0.004221427483683691,0.08297995833333333,0.001131586910303839,0.0,0.0,0.073325,0.08297995833333333,0.010951666666666665,0.016250763888888894,171,171.0,0.09923072222222222,0.016250763888888894
172,172.0,0.0842,0.015669486271093894,0.09385495833333334,0.012579645697714041,0.0,0.0,0.08477333333333333,0.0010462472620434114,0.0997273888888889,0.0024944545168071905,0.0,0.0,0.0842,0.015669486271093894,0.09385495833333334,0.012579645697714041,0.0,0.0,0.0842,0.09385495833333334,0.0005733333333333285,0.005872430555555558,172,172.0,0.0997273888888889,0.005872430555555558
173,173.0,0.080855,0.010557104243115154,0.09050995833333333,0.007467263669735302,0.0,0.0,0.08063333333333333,0.01469616389855983,0.09558738888888889,0.016589522513481468,0.0,0.0,0.080855,0.010557104243115154,0.09050995833333333,0.007467263669735302,0.0,0.0,0.080855,0.09050995833333333,-0.00022166666666666168,0.005077430555555554,173,173.0,0.09558738888888889,0.005077430555555554
174,174.0,0.0827,0.018384776310850233,0.09235495833333332,0.01529493573747038,0.0,0.0,0.07466666666666667,0.017892762037576344,0.08962072222222223,0.01662075957626411,0.0,0.0,0.0827,0.018384776310850233,0.09235495833333332,0.01529493573747038,0.0,0.0,0.0827,0.09235495833333332,-0.008033333333333323,-0.0027342361111110935,174,174.0,0.08962072222222223,-0.0027342361111110935
175,175.0,0.05663,0.00506288455329568,0.06628495833333334,0.008152725126675532,0.0,0.0,0.061386666666666666,0.03111740081262144,0.07634072222222223,0.032533046626174816,0.0,0.0,0.05663,0.00506288455329568,0.06628495833333334,0.008152725126675532,0.0,0.0,0.05663,0.06628495833333334,0.004756666666666666,0.010055763888888888,175,175.0,0.07634072222222223,0.010055763888888888
176,176.0,-0.09412999999999999,0.008824692629208116,-0.08447504166666667,0.005734852055828265,0.0,0.0,-0.08944333333333333,0.017549342817704983,-0.07448927777777777,0.017000319441533962,0.0,0.0,-0.09412999999999999,0.008824692629208116,-0.08447504166666667,0.005734852055828265,0.0,0.0,-0.09412999999999999,-0.08447504166666667,0.004686666666666658,0.009985763888888902,176,176.0,-0.07448927777777777,0.009985763888888902
177,177.0,-0.095305,0.01545028316892607,-0.08565004166666668,0.01854012374230592,0.0,0.0,-0.08386,0.013657594956653243,-0.06890594444444444,0.01547206728637766,0.0,0.0,-0.095305,0.01545028316892607,-0.08565004166666668,0.01854012374230592,0.0,0.0,-0.095305,-0.08565004166666668,0.011444999999999997,0.01674409722222224,177,177.0,-0.06890594444444444,0.01674409722222224
178,178.0,-0.09552,0.010451038225937173,-0.08586504166666667,0.013540878799317025,0.0,0.0,-0.08515,0.010554245591230098,-0.07019594444444444,0.011806834532157768,0.0,0.0,-0.09552,0.010451038225937173,-0.08586504166666667,0.013540878799317025,0.0,0.0,-0.09552,-0.08586504166666667,0.01036999999999999,0.015669097222222234,178,178.0,-0.07019594444444444,0.015669097222222234
179,179.0,-0.085345,0.0032597622612699864,-0.07569004166666668,0.00016992168789013436,0.0,0.0,-0.09131666666666667,0.007093746071951927,-0.0763626111111111,0.008514861159093669,0.0,0.0,-0.085345,0.0032597622612699864,-0.07569004166666668,0.00016992168789013436,0.0,0.0,-0.085345,-0.07569004166666668,-0.005971666666666667,-0.0006725694444444236,179,179.0,-0.0763626111111111,-0.0006725694444444236
180,180.0,0.10208,0.0035638181771802013,0.11173495833333333,0.00047397760380034966,0.5,0.0,0.08016,0.00281980495779407,0.09511405555555556,0.0029920534574060216,0.0,0.0,0.10208,0.0035638181771802013,0.11173495833333333,0.00047397760380034966,0.5,0.0,0.10208,0.11173495833333333,-0.02192000000000001,-0.016620902777777766,180,180.0,0.09511405555555556,-0.016620902777777766
181,181.0,0.082985,0.0075872557621316575,0.09263995833333333,0.01067709633551151,0.0,0.0,0.08043,0.008112773878273695,0.09538405555555556,0.0071525302440447885,0.0,0.0,0.082985,0.0075872557621316575,0.09263995833333333,0.01067709633551151,0.0,0.0,0.082985,0.09263995833333333,-0.0025550000000000017,0.0027440972222222276,181,181.0,0.09538405555555556,0.0027440972222222276
182,182.0,0.082855,0.01885853785424522,0.09250995833333334,0.021948378427625075,0.0,0.0,0.08569333333333333,0.01023875643490621,0.1006473888888889,0.012169408777877689,0.0,0.0,0.082855,0.01885853785424522,0.09250995833333334,0.021948378427625075,0.0,0.0,0.082855,0.09250995833333334,0.0028383333333333316,0.008137430555555561,182,182.0,0.1006473888888889,0.008137430555555561
183,183.0,0.06362000000000001,0.02842569260369921,0.07327495833333333,0.025335852030319357,0.0,0.0,0.06967,0.025685334336932424,0.08462405555555556,0.023730899711435237,0.0,0.0,0.06362000000000001,0.02842569260369921,0.07327495833333333,0.025335852030319357,0.0,0.0,0.06362000000000001,0.07327495833333333,0.006049999999999986,0.01134909722222223,183,183.0,0.08462405555555556,0.01134909722222223
184,184.0,0.073685,0.002199102089490164,0.08333995833333332,0.005288942662870015,0.0,0.0,0.07590666666666666,0.01623188323434263,0.09086072222222223,0.015645695378984453,0.0,0.0,0.073685,0.002199102089490164,0.08333995833333332,0.005288942662870015,0.0,0.0,0.073685,0.08333995833333332,0.0022216666666666635,0.007520763888888907,184,184.0,0.09086072222222223,0.007520763888888907
185,185.0,-0.07592,0.00933380951166242,-0.06626504166666666,0.006243968938282568,0.0,0.0,-0.08265666666666667,0.009246568732958906,-0.0677026111111111,0.009578353923925307,0.0,0.0,-0.07592,0.00933380951166242,-0.06626504166666666,0.006243968938282568,0.0,0.0,-0.07592,-0.06626504166666666,-0.006736666666666669,-0.0014375694444444392,185,185.0,-0.0677026111111111,-0.0014375694444444392
186,186.0,-0.088335,0.004080006127446377,-0.07868004166666667,0.0009901655540665254,0.0,0.0,-0.08190333333333333,0.0052451533183819656,-0.06694927777777777,0.00701239390910264,0.0,0.0,-0.088335,0.004080006127446377,-0.07868004166666667,0.0009901655540665254,0.0,0.0,-0.088335,-0.07868004166666667,0.006431666666666669,0.011730763888888898,186,186.0,-0.06694927777777777,0.011730763888888898
187,187.0,-0.07482,0.001668772003600253,-0.06516504166666667,0.004758612576980105,0.0,0.0,-0.13055666666666665,0.008491079632963841,-0.1156026111111111,0.008279207960157235,0.0,0.0,-0.07482,0.001668772003600253,-0.06516504166666667,0.004758612576980105,0.0,0.0,-0.07482,-0.06516504166666667,-0.05573666666666666,-0.05043756944444443,187,187.0,-0.1156026111111111,-0.05043756944444443
188,188.0,-0.08322,0.006279108216936541,-0.07356504166666666,0.009368948790316392,0.0,0.0,-0.09392,0.012320742672420356,-0.07896594444444445,0.010699874869609854,0.0,0.0,-0.08322,0.006279108216936541,-0.07356504166666666,0.009368948790316392,0.0,0.0,-0.08322,-0.07356504166666666,-0.010700000000000001,-0.005400902777777786,188,188.0,-0.07896594444444445,-0.005400902777777786
189,189.0,-0.07860500000000001,0.004504270196158308,-0.06895004166666667,0.00759411076953816,0.0,0.0,-0.09036666666666666,0.019055614220836157,-0.07541261111111112,0.01710011349873892,0.0,0.0,-0.07860500000000001,0.004504270196158308,-0.06895004166666667,0.00759411076953816,0.0,0.0,-0.07860500000000001,-0.06895004166666667,-0.011761666666666656,-0.006462569444444455,189,189.0,-0.07541261111111112,-0.006462569444444455
190,190.0,0.03313,0.03008032247167573,0.04278495833333333,0.026990481898295875,0.0,0.0,0.0036766666666666684,0.044930373171534345,0.018630722222222226,0.04297871525538061,0.0,0.0,0.03313,0.03008032247167573,0.04278495833333333,0.026990481898295875,0.0,0.0,0.03313,0.04278495833333333,-0.02945333333333333,-0.024154236111111105,190,190.0,0.018630722222222226,-0.024154236111111105
191,191.0,0.098245,0.0042638538905548865,0.10789995833333332,0.0011740133171750352,0.5,0.0,0.09157,0.0077275351827086475,0.10652405555555555,0.008033505323385565,0.3333333333333333,0.0,0.098245,0.0042638538905548865,0.10789995833333332,0.0011740133171750352,0.5,0.0,0.098245,0.10789995833333332,-0.006675,-0.001375902777777771,191,191.0,0.10652405555555555,-0.001375902777777771
192,192.0,0.08322,0.014721963184303924,0.09287495833333334,0.011632122610924072,0.0,0.0,0.0873,0.016247572126320907,0.10225405555555556,0.018079591471625252,0.0,0.0,0.08322,0.014721963184303924,0.09287495833333334,0.011632122610924072,0.0,0.0,0.08322,0.09287495833333334,0.00408,0.009379097222222216,192,192.0,0.10225405555555556,0.009379097222222216
193,193.0,0.08473,0.004511341263970171,0.09438495833333332,0.0014215006905903191,0.0,0.0,0.07722,0.020812681230442175,0.09217405555555556,0.02008526318536326,0.0,0.0,0.08473,0.004511341263970171,0.09438495833333332,0.0014215006905903191,0.0,0.0,0.08473,0.09438495833333332,-0.007510000000000003,-0.0022109027777777596,193,193.0,0.09217405555555556,-0.0022109027777777596
194,194.0,0.064345,0.00826607827207074,0.07399995833333334,0.005176237698690883,0.0,0.0,0.07412666666666666,0.020087539255302857,0.08908072222222223,0.02046712513066253,0.0,0.0,0.064345,0.00826607827207074,0.07399995833333334,0.005176237698690883,0.0,0.0,0.064345,0.07399995833333334,0.00978166666666666,0.01508076388888889,194,194.0,0.08908072222222223,0.01508076388888889
195,195.0,0.017075000000000003,0.07257036895317538,0.026729958333333335,0.06948052837979553,0.0,0.0,-0.03989666666666667,0.0290570995340783,-0.024942611111111113,0.02864004801948911,0.0,0.0,0.017075000000000003,0.07257036895317538,0.026729958333333335,0.06948052837979553,0.0,0.0,0.017075000000000003,0.026729958333333335,-0.05697166666666667,-0.05167256944444445,195,195.0,-0.024942611111111113,-0.05167256944444445
196,196.0,-0.09425,0.01711198410471445,-0.08459504166666668,0.020201824678094303,0.0,0.0,-0.09025,0.006656763477847172,-0.07529594444444444,0.005635053041530678,0.0,0.0,-0.09425,0.01711198410471445,-0.08459504166666668,0.020201824678094303,0.0,0.0,-0.09425,-0.08459504166666668,0.0040000000000000036,0.009299097222222233,196,196.0,-0.07529594444444444,0.009299097222222233
197,197.0,-0.08978,0.016617009357883863,-0.08012504166666667,0.01352716878450401,0.0,0.0,-0.09099,0.010831431115046619,-0.07603594444444445,0.01263323403667124,0.0,0.0,-0.08978,0.016617009357883863,-0.08012504166666667,0.01352716878450401,0.0,0.0,-0.08978,-0.08012504166666667,-0.0012100000000000027,0.004089097222222227,197,197.0,-0.07603594444444445,0.004089097222222227
198,198.0,-0.08745,0.005331585130146562,-0.07779504166666668,0.008421425703526414,0.0,0.0,-0.09634666666666668,0.016076944154077705,-0.08139261111111111,0.015357240348259103,0.0,0.0,-0.08745,0.005331585130146562,-0.07779504166666668,0.008421425703526414,0.0,0.0,-0.08745,-0.07779504166666668,-0.008896666666666678,-0.0035975694444444345,198,198.0,-0.08139261111111111,-0.0035975694444444345
199,199.0,-0.08235,0.01305319118070366,-0.07269504166666667,0.009963350607323809,0.0,0.0,-0.08414666666666666,0.013657167837195722,-0.06919261111111111,0.015377373692206127,0.0,0.0,-0.08235,0.01305319118070366,-0.07269504166666667,0.009963350607323809,0.0,0.0,-0.08235,-0.07269504166666667,-0.0017966666666666548,0.0035024305555555607,199,199.0,-0.06919261111111111,0.0035024305555555607
200,200.0,0.010665000000000001,0.04745393608542921,0.020319958333333332,0.044364095512049354,0.0,0.0,0.013479999999999999,0.029692337395361784,0.028434055555555556,0.02774867189019599,0.0,0.0,0.010665000000000001,0.04745393608542921,0.020319958333333332,0.044364095512049354,0.0,0.0,0.010665000000000001,0.020319958333333332,0.002814999999999998,0.008114097222222224,200,200.0,0.028434055555555556,0.008114097222222224
201,201.0,0.08760000000000001,0.004072935059634515,0.09725495833333334,0.0009830944862546627,0.0,0.0,0.07473,0.025015888950824832,0.08968405555555554,0.026727869932229868,0.0,0.0,0.08760000000000001,0.004072935059634515,0.09725495833333334,0.0009830944862546627,0.0,0.0,0.08760000000000001,0.09725495833333334,-0.012870000000000006,-0.007570902777777791,201,201.0,0.08968405555555554,-0.007570902777777791
202,202.0,0.085465,0.010938941904955899,0.09511995833333334,0.007849101331576047,0.0,0.0,0.06602999999999999,0.009902504733651984,0.08098405555555556,0.010229001309065521,0.0,0.0,0.085465,0.010938941904955899,0.09511995833333334,0.007849101331576047,0.0,0.0,0.085465,0.09511995833333334,-0.019435000000000008,-0.014135902777777778,202,202.0,0.08098405555555556,-0.014135902777777778
203,203.0,0.06644,0.00405879292401078,0.07609495833333332,0.0009689523506309275,0.0,0.0,0.06646,0.03138398795564388,0.08141405555555555,0.030797127580755132,0.0,0.0,0.06644,0.00405879292401078,0.07609495833333332,0.0009689523506309275,0.0,0.0,0.06644,0.07609495833333332,2.0000000000006124e-05,0.005319097222222222,203,203.0,0.08141405555555555,0.005319097222222222
204,204.0,0.054715,0.00202939646200539,0.06436995833333334,0.005119237035385246,0.0,0.0,0.07375666666666666,0.0253319903152779,0.08871072222222222,0.024288628683736338,0.0,0.0,0.054715,0.00202939646200539,0.06436995833333334,0.005119237035385246,0.0,0.0,0.054715,0.06436995833333334,0.019041666666666665,0.02434076388888888,204,204.0,0.08871072222222222,0.02434076388888888
205,205.0,0.07576,0.023716361440996803,0.08541495833333333,0.020626520867616953,0.0,0.0,0.026763333333333333,0.10471066055246397,0.041717388888888894,0.10327684845169414,0.3333333333333333,0.0,0.07576,0.023716361440996803,0.08541495833333333,0.020626520867616953,0.0,0.0,0.07576,0.08541495833333333,-0.04899666666666666,-0.04369756944444444,205,205.0,0.041717388888888894,-0.04369756944444444
206,206.0,-0.084455,0.00654073772597557,-0.07480004166666668,0.009630578299355421,0.0,0.0,-0.08659,0.002707341869805139,-0.07163594444444445,0.001415870561714891,0.0,0.0,-0.084455,0.00654073772597557,-0.07480004166666668,0.009630578299355421,0.0,0.0,-0.084455,-0.07480004166666668,-0.002134999999999998,0.0031640972222222313,206,206.0,-0.07163594444444445,0.0031640972222222313
207,207.0,-0.08787500000000001,0.004164858941188759,-0.07822004166666667,0.0072546995145686115,0.0,0.0,-0.08715666666666666,0.007957916393964778,-0.0722026111111111,0.00981608668364661,0.0,0.0,-0.08787500000000001,0.004164858941188759,-0.07822004166666667,0.0072546995145686115,0.0,0.0,-0.08787500000000001,-0.07822004166666667,0.0007183333333333486,0.006017430555555564,207,207.0,-0.0722026111111111,0.006017430555555564
208,208.0,-0.084705,0.004900249993622769,-0.07505004166666668,0.00799009056700262,0.0,0.0,-0.08335333333333333,0.014665586702663259,-0.06839927777777778,0.0129712993867563,0.0,0.0,-0.084705,0.004900249993622769,-0.07505004166666668,0.00799009056700262,0.0,0.0,-0.084705,-0.07505004166666668,0.0013516666666666677,0.006650763888888897,208,208.0,-0.06839927777777778,0.006650763888888897
209,209.0,-0.092485,0.02984697723388417,-0.08283004166666666,0.03293681780726402,0.0,0.0,-0.07535666666666667,0.0029019705948429776,-0.06040261111111111,0.003841494862792893,0.0,0.0,-0.092485,0.02984697723388417,-0.08283004166666666,0.03293681780726402,0.0,0.0,-0.092485,-0.08283004166666666,0.01712833333333333,0.02242743055555555,209,209.0,-0.06040261111111111,0.02242743055555555
210,210.0,0.085145,0.009793428919433684,0.09479995833333332,0.012883269492813536,0.0,0.0,0.08404333333333332,0.0011184066046538389,0.09899738888888888,0.003034380405870505,0.0,0.0,0.085145,0.009793428919433684,0.09479995833333332,0.012883269492813536,0.0,0.0,0.085145,0.09479995833333332,-0.0011016666666666813,0.004197430555555562,210,210.0,0.09899738888888888,0.004197430555555562
211,211.0,0.08339,0.00015556349186103901,0.09304495833333334,0.002934277081518813,0.0,0.0,0.08774666666666668,0.007471414413170596,0.10270072222222222,0.009119615610976996,0.0,0.0,0.08339,0.00015556349186103901,0.09304495833333334,0.002934277081518813,0.0,0.0,0.08339,0.09304495833333334,0.004356666666666675,0.009655763888888877,211,211.0,0.10270072222222222,0.009655763888888877
212,212.0,0.08348,0.01772009593653488,0.09313495833333332,0.020809936509914733,0.0,0.0,0.07755333333333332,0.0055826278161214835,0.09250738888888888,0.0067914007721184295,0.0,0.0,0.08348,0.01772009593653488,0.09313495833333332,0.020809936509914733,0.0,0.0,0.08348,0.09313495833333332,-0.005926666666666677,-0.000627569444444448,212,212.0,0.09250738888888888,-0.000627569444444448
213,213.0,0.065155,0.0004313351365237936,0.07480995833333334,0.0035211757099036455,0.0,0.0,0.07477,0.008555355048155508,0.08972405555555556,0.007728081011104732,0.0,0.0,0.065155,0.0004313351365237936,0.07480995833333334,0.0035211757099036455,0.0,0.0,0.065155,0.07480995833333334,0.009614999999999999,0.014914097222222214,213,213.0,0.08972405555555556,0.014914097222222214
214,214.0,0.095355,0.006710443353460335,0.10500995833333332,0.003620602780080483,0.0,0.0,0.05143333333333333,0.02448561686650621,0.06638738888888888,0.025899397343970464,0.0,0.0,0.095355,0.006710443353460335,0.10500995833333332,0.003620602780080483,0.0,0.0,0.095355,0.10500995833333332,-0.043921666666666664,-0.038622569444444435,214,214.0,0.06638738888888888,-0.038622569444444435
215,215.0,0.085055,0.009496444071335331,0.09470995833333334,0.006406603497955479,0.0,0.0,0.06081333333333333,0.02622538528474526,0.07576738888888888,0.025847751686081107,0.0,0.0,0.085055,0.009496444071335331,0.09470995833333334,0.006406603497955479,0.0,0.0,0.085055,0.09470995833333334,-0.024241666666666675,-0.01894256944444446,215,215.0,0.07576738888888888,-0.01894256944444446
216,216.0,-0.0802,0.00115965512114593,-0.07054504166666667,0.0019301854522339218,0.0,0.0,-0.08485,0.012766718450721783,-0.06989594444444444,0.012949315232979942,0.0,0.0,-0.0802,0.00115965512114593,-0.07054504166666667,0.0019301854522339218,0.0,0.0,-0.0802,-0.07054504166666667,-0.004650000000000001,0.000649097222222228,216,216.0,-0.06989594444444444,0.000649097222222228
217,217.0,-0.085125,0.014135064555919081,-0.07547004166666667,0.011045223982539229,0.0,0.0,-0.09456333333333333,0.008421379538610838,-0.07960927777777778,0.010379040605565394,0.0,0.0,-0.085125,0.014135064555919081,-0.07547004166666667,0.011045223982539229,0.0,0.0,-0.085125,-0.07547004166666667,-0.009438333333333326,-0.004139236111111111,217,217.0,-0.07960927777777778,-0.004139236111111111
218,218.0,-0.093065,0.015775552288271873,-0.08341004166666666,0.018865392861651724,0.0,0.0,-0.07860333333333333,0.004394113486624277,-0.06364927777777778,0.0024699351099838384,0.0,0.0,-0.093065,0.015775552288271873,-0.08341004166666666,0.018865392861651724,0.0,0.0,-0.093065,-0.08341004166666666,0.014461666666666664,0.01976076388888888,218,218.0,-0.06364927777777778,0.01976076388888888
219,219.0,-0.08196999999999999,0.00012727922061357827,-0.07231504166666666,0.0029625613527662735,0.0,0.0,-0.08093333333333334,0.006603122998501035,-0.06597927777777778,0.0049676404529467606,0.0,0.0,-0.08196999999999999,0.00012727922061357827,-0.07231504166666666,0.0029625613527662735,0.0,0.0,-0.08196999999999999,-0.07231504166666666,0.001036666666666644,0.006335763888888887,219,219.0,-0.06597927777777778,0.006335763888888887
220,220.0,-0.06950500000000001,0.024190122984391795,-0.05985004166666667,0.02110028241101194,0.0,0.0,-0.06779,0.02077106882180116,-0.05283594444444445,0.018822303156473638,0.0,0.0,-0.06950500000000001,0.024190122984391795,-0.05985004166666667,0.02110028241101194,0.0,0.0,-0.06950500000000001,-0.05985004166666667,0.0017150000000000082,0.007014097222222224,220,220.0,-0.05283594444444445,0.007014097222222224
221,221.0,0.091795,0.006257895013500944,0.10144995833333334,0.009347735586880795,0.0,0.0,0.08893,0.006730200591364274,0.10388405555555556,0.008186262544502883,0.0,0.0,0.091795,0.006257895013500944,0.10144995833333334,0.009347735586880795,0.0,0.0,0.091795,0.10144995833333334,-0.0028650000000000064,0.002434097222222223,221,221.0,0.10388405555555556,0.002434097222222223
222,222.0,0.0802,0.01739482681718907,0.08985495833333333,0.014304986243809215,0.0,0.0,0.07832,0.004600945554991933,0.09327405555555557,0.0033047197734247,0.0,0.0,0.0802,0.01739482681718907,0.08985495833333333,0.014304986243809215,0.0,0.0,0.0802,0.08985495833333333,-0.0018799999999999928,0.0034190972222222366,222,222.0,0.09327405555555557,0.0034190972222222366
223,223.0,0.073575,0.00535279833358216,0.08322995833333333,0.008442638906962011,0.0,0.0,0.06366000000000001,0.0313789595111119,0.07861405555555556,0.029446561929154492,0.0,0.0,0.073575,0.00535279833358216,0.08322995833333333,0.008442638906962011,0.0,0.0,0.073575,0.08322995833333333,-0.009914999999999993,-0.004615902777777764,223,223.0,0.07861405555555556,-0.004615902777777764
224,224.0,0.074035,0.01044396715812531,0.08368995833333334,0.013533807731505162,0.0,0.0,-0.007933333333333332,0.062260492556141356,0.007020722222222224,0.06222948801727341,0.0,0.0,0.074035,0.01044396715812531,0.08368995833333334,0.013533807731505162,0.0,0.0,0.074035,0.08368995833333334,-0.08196833333333334,-0.07666923611111112,224,224.0,0.007020722222222224,-0.07666923611111112
225,225.0,-0.08168500000000001,0.004164858941188759,-0.07203004166666667,0.0010750183678089077,0.0,0.0,-0.08231666666666666,0.019685792677292258,-0.06736261111111112,0.017770399107716488,0.0,0.0,-0.08168500000000001,0.004164858941188759,-0.07203004166666667,0.0010750183678089077,0.0,0.0,-0.08168500000000001,-0.07203004166666667,-0.0006316666666666554,0.004667430555555546,225,225.0,-0.06736261111111112,0.004667430555555546
226,226.0,-0.075255,0.005437651147324552,-0.06560004166666666,0.008527491720704404,0.0,0.0,-0.08433333333333333,0.006460110938159914,-0.06937927777777778,0.0045002954227445265,0.0,0.0,-0.075255,0.005437651147324552,-0.06560004166666666,0.008527491720704404,0.0,0.0,-0.075255,-0.06560004166666666,-0.009078333333333327,-0.0037792361111111117,226,226.0,-0.06937927777777778,-0.0037792361111111117
227,227.0,-0.140015,0.025759900038625928,-0.13036004166666668,0.022670059465246077,0.0,0.0,-0.19829333333333335,0.022816367663003094,-0.18333927777777778,0.020948329541007372,0.0,0.0,-0.140015,0.025759900038625928,-0.13036004166666668,0.022670059465246077,0.0,0.0,-0.140015,-0.13036004166666668,-0.05827833333333335,-0.052979236111111105,227,227.0,-0.18333927777777778,-0.052979236111111105
228,228.0,-0.09221,0.0051194530957906015,-0.08255504166666666,0.0020296125224107497,0.0,0.0,-0.10372999999999999,0.02925608825526748,-0.08877594444444444,0.02762696862774926,0.0,0.0,-0.09221,0.0051194530957906015,-0.08255504166666666,0.0020296125224107497,0.0,0.0,-0.09221,-0.08255504166666666,-0.011519999999999989,-0.006220902777777773,228,228.0,-0.08877594444444444,-0.006220902777777773
229,229.0,-0.08601500000000001,0.004080006127446387,-0.07636004166666667,0.007169846700826239,0.0,0.0,-0.09131,0.014526334706318728,-0.07635594444444445,0.01438795970412521,0.0,0.0,-0.08601500000000001,0.004080006127446387,-0.07636004166666667,0.007169846700826239,0.0,0.0,-0.08601500000000001,-0.07636004166666667,-0.005294999999999994,4.097222222221308e-06,229,229.0,-0.07635594444444445,4.097222222221308e-06
230,230.0,-0.0157,0.033686567055727125,-0.006045041666666667,0.030596726482347274,0.0,0.0,-0.03776,0.04070408947513751,-0.022805944444444445,0.03874593374368145,0.0,0.0,-0.0157,0.033686567055727125,-0.006045041666666667,0.030596726482347274,0.0,0.0,-0.0157,-0.006045041666666667,-0.022060000000000003,-0.016760902777777777,230,230.0,-0.022805944444444445,-0.016760902777777777
231,231.0,0.088665,0.0033870414818835647,0.09831995833333333,0.006476882055263416,0.0,0.0,0.08212333333333334,0.008323204511084257,0.0970773888888889,0.00887480340957714,0.0,0.0,0.088665,0.0033870414818835647,0.09831995833333333,0.006476882055263416,0.0,0.0,0.088665,0.09831995833333333,-0.006541666666666654,-0.0012425694444444385,231,231.0,0.0970773888888889,-0.0012425694444444385
232,232.0,0.07367,0.0005656854249492346,0.08332495833333334,0.0036555259983290862,0.0,0.0,0.08422666666666667,0.012161234860544934,0.09918072222222223,0.013465177908746606,0.0,0.0,0.07367,0.0005656854249492346,0.08332495833333334,0.0036555259983290862,0.0,0.0,0.07367,0.08332495833333334,0.010556666666666673,0.015855763888888888,232,232.0,0.09918072222222223,0.015855763888888888
233,233.0,0.093035,0.007573113626507932,0.10268995833333333,0.010662954199887784,0.0,0.0,0.08014,0.014113599824282959,0.09509405555555556,0.013205983934177453,0.0,0.0,0.093035,0.007573113626507932,0.10268995833333333,0.010662954199887784,0.0,0.0,0.093035,0.10268995833333333,-0.012895000000000004,-0.007595902777777774,233,233.0,0.09509405555555556,-0.007595902777777774
234,234.0,0.07733000000000001,0.046697331829559596,0.08698495833333333,0.04978717240293945,0.5,0.0,0.03599,0.05023824340081966,0.050944055555555555,0.050585176353055775,0.0,0.0,0.07733000000000001,0.046697331829559596,0.08698495833333333,0.04978717240293945,0.5,0.0,0.07733000000000001,0.08698495833333333,-0.04134000000000001,-0.03604090277777778,234,234.0,0.050944055555555555,-0.03604090277777778
235,235.0,0.07486,0.04825296674817,0.08451495833333333,0.05134280732154985,0.5,0.0,0.06813666666666666,0.015288787830738363,0.08309072222222223,0.014155865490349374,0.0,0.0,0.07486,0.04825296674817,0.08451495833333333,0.05134280732154985,0.5,0.0,0.07486,0.08451495833333333,-0.006723333333333331,-0.0014242361111111018,235,235.0,0.08309072222222223,-0.0014242361111111018
236,236.0,-0.08667,0.0058689862838483455,-0.07701504166666667,0.0027791457104684937,0.0,0.0,-0.08988333333333333,0.005608318226824628,-0.07492927777777779,0.006344754088814705,0.0,0.0,-0.08667,0.0058689862838483455,-0.07701504166666667,0.0027791457104684937,0.0,0.0,-0.08667,-0.07701504166666667,-0.003213333333333332,0.0020857638888888835,236,236.0,-0.07492927777777779,0.0020857638888888835
237,237.0,-0.07599,0.002375878784786801,-0.06633504166666668,0.0054657193581666525,0.0,0.0,-0.07773000000000001,0.009774338852321414,-0.06277594444444444,0.01172569933961665,0.0,0.0,-0.07599,0.002375878784786801,-0.06633504166666668,0.0054657193581666525,0.0,0.0,-0.07599,-0.06633504166666668,-0.0017400000000000054,0.003559097222222238,237,237.0,-0.06277594444444444,0.003559097222222238
238,238.0,-0.09587,0.01482095813367004,-0.08621504166666666,0.011731117560290188,0.0,0.0,-0.08415666666666666,0.003925994566136496,-0.0692026111111111,0.00408227945621585,0.0,0.0,-0.09587,0.01482095813367004,-0.08621504166666666,0.011731117560290188,0.0,0.0,-0.09587,-0.08621504166666666,0.01171333333333334,0.017012430555555555,238,238.0,-0.0692026111111111,0.017012430555555555
239,239.0,-0.0739,0.006236681810065355,-0.06424504166666667,0.0031468412366855033,0.0,0.0,-0.08453333333333334,0.005892218031720595,-0.06957927777777778,0.005363262015558342,0.0,0.0,-0.0739,0.006236681810065355,-0.06424504166666667,0.0031468412366855033,0.0,0.0,-0.0739,-0.06424504166666667,-0.010633333333333342,-0.0053342361111111125,239,239.0,-0.06957927777777778,-0.0053342361111111125
240,240.0,-0.003465000000000001,0.03515027809278328,0.006189958333333334,0.03206043751940343,0.0,0.0,-0.004433333333333333,0.01612032981465743,0.010520722222222223,0.014223808776632142,0.0,0.0,-0.003465000000000001,0.03515027809278328,0.006189958333333334,0.03206043751940343,0.0,0.0,-0.003465000000000001,0.006189958333333334,-0.0009683333333333323,0.004330763888888889,240,240.0,0.010520722222222223,0.004330763888888889
241,241.0,0.07608000000000001,0.006604377336282354,0.08573495833333333,0.009694217909662206,0.0,0.0,0.08169666666666665,0.0018669315288283414,0.09665072222222222,0.0014748013059308399,0.0,0.0,0.07608000000000001,0.006604377336282354,0.08573495833333333,0.009694217909662206,0.0,0.0,0.07608000000000001,0.08573495833333333,0.005616666666666645,0.010915763888888888,241,241.0,0.09665072222222222,0.010915763888888888
242,242.0,0.09623999999999999,0.003818376618407358,0.10589495833333333,0.0007285360450275063,0.0,0.0,0.06888666666666667,0.02108901214692934,0.08384072222222222,0.021641836952295733,0.0,0.0,0.09623999999999999,0.003818376618407358,0.10589495833333333,0.0007285360450275063,0.0,0.0,0.09623999999999999,0.10589495833333333,-0.027353333333333327,-0.02205423611111111,242,242.0,0.08384072222222222,-0.02205423611111111
243,243.0,0.06856,0.012148094500784882,0.07821495833333333,0.01523793507416473,0.0,0.0,0.06957,0.006680561353658843,0.08452405555555555,0.007946618847925052,0.0,0.0,0.06856,0.012148094500784882,0.07821495833333333,0.01523793507416473,0.0,0.0,0.06856,0.07821495833333333,0.0010100000000000109,0.0063090972222222125,243,243.0,0.08452405555555555,0.0063090972222222125
244,244.0,0.06555,0.007254915574973981,0.07520495833333334,0.004165075001594129,0.0,0.0,0.06453333333333333,0.0089778301016077,0.07948738888888889,0.007329012856280908,0.0,0.0,0.06555,0.007254915574973981,0.07520495833333334,0.004165075001594129,0.0,0.0,0.06555,0.07520495833333334,-0.0010166666666666657,0.00428243055555555,244,244.0,0.07948738888888889,0.00428243055555555
245,245.0,0.045505,0.0688368451485104,0.05515995833333333,0.06574700457513055,0.0,0.0,-0.0477,0.04729793124440011,-0.032745944444444446,0.048597164714995665,0.0,0.0,0.045505,0.0688368451485104,0.05515995833333333,0.06574700457513055,0.0,0.0,0.045505,0.05515995833333333,-0.093205,-0.08790590277777777,245,245.0,-0.032745944444444446,-0.08790590277777777
246,246.0,-0.07692,0.005670996385116111,-0.06726504166666666,0.008760836958495962,0.0,0.0,-0.08772666666666668,0.0007829005896876913,-0.07277261111111112,0.00147653122131937,0.0,0.0,-0.07692,0.005670996385116111,-0.06726504166666666,0.008760836958495962,0.0,0.0,-0.07692,-0.06726504166666666,-0.010806666666666673,-0.005507569444444457,246,246.0,-0.07277261111111112,-0.005507569444444457
247,247.0,-0.08516,0.012756206332605317,-0.07550504166666666,0.009666365759225465,0.0,0.0,-0.09130666666666666,0.003521453298473991,-0.07635261111111112,0.00221078580870588,0.0,0.0,-0.08516,0.012756206332605317,-0.07550504166666666,0.009666365759225465,0.0,0.0,-0.08516,-0.07550504166666666,-0.006146666666666661,-0.0008475694444444598,247,247.0,-0.07635261111111112,-0.0008475694444444598
248,248.0,-0.0833,0.0036062445840513878,-0.07364504166666666,0.0005164040106715359,0.0,0.0,-0.09447333333333334,0.00642554537244375,-0.07951927777777777,0.0073566984218298,0.0,0.0,-0.0833,0.0036062445840513878,-0.07364504166666666,0.0005164040106715359,0.0,0.0,-0.0833,-0.07364504166666666,-0.01117333333333334,-0.005874236111111111,248,248.0,-0.07951927777777777,-0.005874236111111111
249,249.0,-0.08136,0.0069862149981230895,-0.07170504166666666,0.0038963744247432377,0.0,0.0,-0.09308,0.006261381636667738,-0.07812594444444444,0.008157918545994828,0.0,0.0,-0.08136,0.0069862149981230895,-0.07170504166666666,0.0038963744247432377,0.0,0.0,-0.08136,-0.07170504166666666,-0.011719999999999994,-0.006420902777777779,249,249.0,-0.07812594444444444,-0.006420902777777779
250,250.0,0.09182499999999999,0.01294712516352569,0.10147995833333333,0.009857284590145838,0.5,0.0,0.08771666666666667,0.007679806855210183,0.10267072222222222,0.008585675894106526,0.0,0.0,0.09182499999999999,0.01294712516352569,0.10147995833333333,0.009857284590145838,0.5,0.0,0.09182499999999999,0.10147995833333333,-0.004108333333333325,0.0011907638888888905,250,250.0,0.10267072222222222,0.0011907638888888905
251,251.0,0.08957000000000001,0.0034082546853191624,0.09922495833333334,0.0003184141119393106,0.0,0.0,0.07306666666666667,0.006914566749503057,0.08802072222222222,0.007267764175741913,0.0,0.0,0.08957000000000001,0.0034082546853191624,0.09922495833333334,0.0003184141119393106,0.0,0.0,0.08957000000000001,0.09922495833333334,-0.016503333333333342,-0.011204236111111113,251,251.0,0.08802072222222222,-0.011204236111111113
252,252.0,0.083225,0.003712310601229368,0.09287995833333333,0.00680215117460922,0.0,0.0,0.07417,0.007894358745332005,0.08912405555555557,0.009385100751414313,0.0,0.0,0.083225,0.003712310601229368,0.09287995833333333,0.00680215117460922,0.0,0.0,0.083225,0.09287995833333333,-0.009054999999999994,-0.0037559027777777643,252,252.0,0.08912405555555557,-0.0037559027777777643
253,253.0,0.07356499999999999,0.0033021886681411723,0.08321995833333333,0.006392029241521024,0.0,0.0,0.08349666666666666,0.01154506532390931,0.09845072222222223,0.013466031750823905,0.0,0.0,0.07356499999999999,0.0033021886681411723,0.08321995833333333,0.006392029241521024,0.0,0.0,0.07356499999999999,0.08321995833333333,0.009931666666666672,0.015230763888888901,253,253.0,0.09845072222222223,0.015230763888888901
254,254.0,0.059324999999999996,0.009369164850721753,0.06897995833333333,0.006279324277341901,0.0,0.0,0.07565333333333334,0.014011628503972452,0.09060738888888888,0.012057481587185134,0.0,0.0,0.059324999999999996,0.009369164850721753,0.06897995833333333,0.006279324277341901,0.0,0.0,0.059324999999999996,0.06897995833333333,0.01632833333333334,0.02162743055555555,254,254.0,0.09060738888888888,0.02162743055555555
255,255.0,0.06627,0.012020815280171309,0.07592495833333333,0.008930974706791456,0.0,0.0,0.032453333333333334,0.025514390710603563,0.047407388888888895,0.02500816384487225,0.0,0.0,0.06627,0.012020815280171309,0.07592495833333333,0.008930974706791456,0.0,0.0,0.06627,0.07592495833333333,-0.03381666666666666,-0.02851756944444444,255,255.0,0.047407388888888895,-0.02851756944444444
256,256.0,-0.09775,0.005176021638285533,-0.08809504166666667,0.008265862211665385,0.0,0.0,-0.08226333333333334,0.011229787768846452,-0.06730927777777777,0.01081186020600514,0.0,0.0,-0.09775,0.005176021638285533,-0.08809504166666667,0.008265862211665385,0.0,0.0,-0.09775,-0.08809504166666667,0.015486666666666662,0.020785763888888892,256,256.0,-0.06730927777777777,0.020785763888888892
257,257.0,-0.08907999999999999,0.008499423509862294,-0.07942504166666667,0.011589264083242146,0.0,0.0,-0.08496999999999999,0.009521402207658285,-0.07001594444444444,0.01053122328563854,0.0,0.0,-0.08907999999999999,0.008499423509862294,-0.07942504166666667,0.011589264083242146,0.0,0.0,-0.08907999999999999,-0.07942504166666667,0.0041100000000000025,0.009409097222222232,257,257.0,-0.07001594444444444,0.009409097222222232
258,258.0,-0.080875,0.0029344931419241728,-0.07122004166666666,0.006024333715304025,0.0,0.0,-0.09050333333333332,0.005112204351679743,-0.07554927777777777,0.007071908551348915,0.0,0.0,-0.080875,0.0029344931419241728,-0.07122004166666666,0.006024333715304025,0.0,0.0,-0.080875,-0.07122004166666666,-0.009628333333333322,-0.004329236111111107,258,258.0,-0.07554927777777777,-0.004329236111111107
259,259.0,-0.09121499999999999,0.007035712472806148,-0.08156004166666667,0.010125553046186,0.0,0.0,-0.08198,0.0070141072133237305,-0.06702594444444444,0.0075474331915469295,0.0,0.0,-0.09121499999999999,0.007035712472806148,-0.08156004166666667,0.010125553046186,0.0,0.0,-0.09121499999999999,-0.08156004166666667,0.009234999999999993,0.014534097222222223,259,259.0,-0.06702594444444444,0.014534097222222223
260,260.0,0.021945,0.049504545750870196,0.03159995833333333,0.04641470517749034,0.0,0.0,-0.018236666666666665,0.05014264884639954,-0.0032826111111111094,0.048257619571107656,0.0,0.0,0.021945,0.049504545750870196,0.03159995833333333,0.04641470517749034,0.0,0.0,0.021945,0.03159995833333333,-0.040181666666666664,-0.03488256944444444,260,260.0,-0.0032826111111111094,-0.03488256944444444
261,261.0,0.07619999999999999,0.00487903679018718,0.08585495833333333,0.007968877363567032,0.0,0.0,0.08251000000000001,0.0048674120433758235,0.09746405555555555,0.006782932420812457,0.0,0.0,0.07619999999999999,0.00487903679018718,0.08585495833333333,0.007968877363567032,0.0,0.0,0.07619999999999999,0.08585495833333333,0.006310000000000024,0.011609097222222226,261,261.0,0.09746405555555555,0.011609097222222226
262,262.0,0.09842000000000001,0.0032809754647055746,0.10807495833333333,0.006370816038085426,0.5,0.0,0.0677,0.021882020016442728,0.08265405555555556,0.023498176383209397,0.0,0.0,0.09842000000000001,0.0032809754647055746,0.10807495833333333,0.006370816038085426,0.5,0.0,0.09842000000000001,0.10807495833333333,-0.03072000000000001,-0.025420902777777768,262,262.0,0.08265405555555556,-0.025420902777777768
263,263.0,0.074735,0.007728677118368961,0.08438995833333332,0.004638836544989109,0.0,0.0,0.07821666666666667,0.018256246419604806,0.09317072222222222,0.01764582922086619,0.0,0.0,0.074735,0.007728677118368961,0.08438995833333332,0.004638836544989109,0.0,0.0,0.074735,0.08438995833333332,0.0034816666666666746,0.008780763888888904,263,263.0,0.09317072222222222,0.008780763888888904
264,264.0,0.069,0.01329360748630709,0.07865495833333333,0.01020376691292724,0.0,0.0,0.0038133333333333357,0.0934682076073642,0.018767388888888892,0.09434722233150139,0.3333333333333333,0.0,0.069,0.01329360748630709,0.07865495833333333,0.01020376691292724,0.0,0.0,0.069,0.07865495833333333,-0.06518666666666667,-0.05988756944444444,264,264.0,0.018767388888888892,-0.05988756944444444
265,265.0,-0.08302,0.01711198410471445,-0.07336504166666666,0.014022143531334597,0.0,0.0,-0.08454333333333335,0.021543663414872908,-0.06958927777777778,0.02104903769251374,0.0,0.0,-0.08302,0.01711198410471445,-0.07336504166666666,0.014022143531334597,0.0,0.0,-0.08302,-0.07336504166666666,-0.0015233333333333487,0.0037757638888888806,265,265.0,-0.06958927777777778,0.0037757638888888806
266,266.0,-0.083405,0.02032931995911325,-0.07375004166666667,0.0172394793857334,0.0,0.0,-0.08075,0.014390187629075587,-0.06579594444444443,0.01299131496221729,0.0,0.0,-0.083405,0.02032931995911325,-0.07375004166666667,0.0172394793857334,0.0,0.0,-0.083405,-0.07375004166666667,0.0026550000000000046,0.007954097222222234,266,266.0,-0.06579594444444443,0.007954097222222234
267,267.0,-0.09584000000000001,0.01344917097816813,-0.08618504166666667,0.01035933040478828,0.0,0.0,-0.07856333333333333,0.008199544702807184,-0.06360927777777776,0.006260056620508735,0.0,0.0,-0.09584000000000001,0.01344917097816813,-0.08618504166666667,0.01035933040478828,0.0,0.0,-0.09584000000000001,-0.08618504166666667,0.017276666666666676,0.022575763888888906,267,267.0,-0.06360927777777776,0.022575763888888906
268,268.0,-0.08233499999999999,0.0006434671708797639,-0.07268004166666667,0.002446373402500088,0.0,0.0,-0.08478999999999999,0.00938392774908247,-0.06983594444444445,0.0075960115632977415,0.0,0.0,-0.08233499999999999,0.0006434671708797639,-0.07268004166666667,0.002446373402500088,0.0,0.0,-0.08233499999999999,-0.07268004166666667,-0.002454999999999999,0.0028440972222222166,268,268.0,-0.06983594444444445,0.0028440972222222166
269,269.0,-0.081865,0.006102331521639914,-0.07221004166666667,0.009192172095019767,0.0,0.0,-0.08592666666666667,0.0069855732286859115,-0.07097261111111111,0.005028087885157159,0.0,0.0,-0.081865,0.006102331521639914,-0.07221004166666667,0.009192172095019767,0.0,0.0,-0.081865,-0.07221004166666667,-0.004061666666666672,0.0012374305555555576,269,269.0,-0.07097261111111111,0.0012374305555555576
270,270.0,0.069965,0.021602112165249023,0.07961995833333332,0.018512271591869172,0.0,0.0,0.06757666666666666,0.02042039748225615,0.08253072222222223,0.01859641491742062,0.0,0.0,0.069965,0.021602112165249023,0.07961995833333332,0.018512271591869172,0.0,0.0,0.069965,0.07961995833333332,-0.0023883333333333395,0.0029107638888889037,270,270.0,0.08253072222222223,0.0029107638888889037
271,271.0,0.09379499999999999,0.009001469324504754,0.10344995833333333,0.005911628751124902,0.0,0.0,0.07208333333333333,0.008353169059305178,0.0870373888888889,0.007160561353132538,0.0,0.0,0.09379499999999999,0.009001469324504754,0.10344995833333333,0.005911628751124902,0.0,0.0,0.09379499999999999,0.10344995833333333,-0.021711666666666657,-0.016412569444444428,271,271.0,0.0870373888888889,-0.016412569444444428
272,272.0,0.07386999999999999,0.015429069965490462,0.08352495833333333,0.018518910538870312,0.0,0.0,0.08868333333333334,0.023240856983625484,0.10363738888888889,0.022454188881730282,0.3333333333333333,0.0,0.07386999999999999,0.015429069965490462,0.08352495833333333,0.018518910538870312,0.0,0.0,0.07386999999999999,0.08352495833333333,0.014813333333333345,0.02011243055555556,272,272.0,0.10363738888888889,0.02011243055555556
273,273.0,0.077685,0.020046477246638623,0.08733995833333333,0.023136317820018473,0.0,0.0,0.05618000000000001,0.014477938389149196,0.07113405555555556,0.01441566268191102,0.0,0.0,0.077685,0.020046477246638623,0.08733995833333333,0.023136317820018473,0.0,0.0,0.077685,0.08733995833333333,-0.021504999999999996,-0.016205902777777767,273,273.0,0.07113405555555556,-0.016205902777777767
274,274.0,0.069765,0.019678781720421624,0.07941995833333333,0.01658894114704177,0.0,0.0,0.06618333333333333,0.015349805644806492,0.08113738888888888,0.01361251213662463,0.0,0.0,0.069765,0.019678781720421624,0.07941995833333333,0.01658894114704177,0.0,0.0,0.069765,0.07941995833333333,-0.0035816666666666636,0.001717430555555552,274,274.0,0.08113738888888888,0.001717430555555552
275,275.0,0.050034999999999996,0.015775552288271877,0.059689958333333334,0.012685711714892032,0.0,0.0,0.008663333333333334,0.046559409718480466,0.023617388888888886,0.04730291175560593,0.0,0.0,0.050034999999999996,0.015775552288271877,0.059689958333333334,0.012685711714892032,0.0,0.0,0.050034999999999996,0.059689958333333334,-0.04137166666666666,-0.03607256944444445,275,275.0,0.023617388888888886,-0.03607256944444445
276,276.0,-0.092345,0.012126881297349288,-0.08269004166666666,0.009037040723969438,0.0,0.0,-0.08134666666666666,0.0023225919429235393,-0.06639261111111111,0.0042428185734875445,0.0,0.0,-0.092345,0.012126881297349288,-0.08269004166666666,0.009037040723969438,0.0,0.0,-0.092345,-0.08269004166666666,0.010998333333333332,0.016297430555555548,276,276.0,-0.06639261111111111,0.016297430555555548
277,277.0,-0.07513500000000001,0.0006010407640085678,-0.06548004166666667,0.002488799809371284,0.0,0.0,-0.08100333333333333,0.00697862689454977,-0.06604927777777779,0.005932087322611358,0.0,0.0,-0.07513500000000001,0.0006010407640085678,-0.06548004166666667,0.002488799809371284,0.0,0.0,-0.07513500000000001,-0.06548004166666667,-0.005868333333333323,-0.000569236111111121,277,277.0,-0.06604927777777779,-0.000569236111111121
278,278.0,-0.091155,0.0044901280605345725,-0.08150004166666666,0.0014002874871547211,0.0,0.0,-0.09150333333333334,0.014026547448796273,-0.07654927777777777,0.01355332743083892,0.0,0.0,-0.091155,0.0044901280605345725,-0.08150004166666666,0.0014002874871547211,0.0,0.0,-0.091155,-0.08150004166666666,-0.0003483333333333394,0.00495076388888889,278,278.0,-0.07654927777777777,0.00495076388888889
279,279.0,-0.09393,0.005133595231414327,-0.08427504166666666,0.008223435804794179,0.0,0.0,-0.08687333333333334,0.01026924697012071,-0.07191927777777778,0.009558871010903244,0.0,0.0,-0.09393,0.005133595231414327,-0.08427504166666666,0.008223435804794179,0.0,0.0,-0.09393,-0.08427504166666666,0.0070566666666666555,0.012355763888888885,279,279.0,-0.07191927777777778,0.012355763888888885
280,280.0,0.07486,0.02343351872852218,0.08451495833333333,0.020343678155142327,0.0,0.0,0.05654,0.019154015244851403,0.07149405555555556,0.017228800548396272,0.0,0.0,0.07486,0.02343351872852218,0.08451495833333333,0.020343678155142327,0.0,0.0,0.07486,0.08451495833333333,-0.018319999999999996,-0.013020902777777774,280,280.0,0.07149405555555556,-0.013020902777777774
281,281.0,0.0806,8.485281374238224e-05,0.09025495833333333,0.003174693387122234,0.0,0.0,0.07654666666666667,0.005671087491243044,0.09150072222222222,0.0037309543763817217,0.0,0.0,0.0806,8.485281374238224e-05,0.09025495833333333,0.003174693387122234,0.0,0.0,0.0806,0.09025495833333333,-0.004053333333333339,0.00124576388888889,281,281.0,0.09150072222222222,0.00124576388888889
282,282.0,0.075915,0.019961624432896237,0.08556995833333333,0.023051465006276084,0.0,0.0,0.07414,0.009276082147113618,0.08909405555555555,0.010751990281017115,0.0,0.0,0.075915,0.019961624432896237,0.08556995833333333,0.023051465006276084,0.0,0.0,0.075915,0.08556995833333333,-0.0017749999999999988,0.0035240972222222167,282,282.0,0.08909405555555555,0.0035240972222222167
283,283.0,0.062195,0.032972389206728715,0.07184995833333332,0.02988254863334886,0.0,0.0,0.07265333333333333,0.01069192374333699,0.08760738888888887,0.008983992523914582,0.0,0.0,0.062195,0.032972389206728715,0.07184995833333332,0.02988254863334886,0.0,0.0,0.062195,0.07184995833333332,0.010458333333333333,0.01575743055555555,283,283.0,0.08760738888888887,0.01575743055555555
284,284.0,0.011425000000000001,0.07757668496397614,0.021079958333333332,0.07448684439059629,0.0,0.0,0.03138333333333333,0.07636397863740033,0.046337388888888886,0.07456941448895324,0.0,0.0,0.011425000000000001,0.07757668496397614,0.021079958333333332,0.07448684439059629,0.0,0.0,0.011425000000000001,0.021079958333333332,0.01995833333333333,0.025257430555555554,284,284.0,0.046337388888888886,0.025257430555555554
285,285.0,0.056870000000000004,0.02527199635960721,0.06652495833333333,0.022182155786227356,0.0,0.0,0.06208,0.0012957237359869588,0.07703405555555555,0.0016950920993588055,0.0,0.0,0.056870000000000004,0.02527199635960721,0.06652495833333333,0.022182155786227356,0.0,0.0,0.056870000000000004,0.06652495833333333,0.005209999999999999,0.010509097222222222,285,285.0,0.07703405555555555,0.010509097222222222
286,286.0,-0.09584000000000001,0.000933380951166244,-0.08618504166666667,0.004023221524546096,0.0,0.0,-0.09018,0.007408670595997636,-0.07522594444444443,0.009305070541423328,0.0,0.0,-0.09584000000000001,0.000933380951166244,-0.08618504166666667,0.004023221524546096,0.0,0.0,-0.09584000000000001,-0.08618504166666667,0.005660000000000012,0.010959097222222242,286,286.0,-0.07522594444444443,0.010959097222222242
287,287.0,-0.100375,0.008025661966467314,-0.09072004166666667,0.004935821393087462,0.0,0.0,-0.09242666666666666,0.01717363192028213,-0.0774726111111111,0.016634961827521173,0.0,0.0,-0.100375,0.008025661966467314,-0.09072004166666667,0.004935821393087462,0.0,0.0,-0.100375,-0.09072004166666667,0.007948333333333349,0.013247430555555564,287,287.0,-0.0774726111111111,0.013247430555555564
288,288.0,-0.08047499999999999,0.005225519112968582,-0.07082004166666667,0.008315359686348434,0.0,0.0,-0.09041333333333335,0.012680159042115103,-0.07545927777777778,0.011336059696716977,0.0,0.0,-0.08047499999999999,0.005225519112968582,-0.07082004166666667,0.008315359686348434,0.0,0.0,-0.08047499999999999,-0.07082004166666667,-0.009938333333333355,-0.004639236111111111,288,288.0,-0.07545927777777778,-0.004639236111111111
289,289.0,-0.091275,0.003712310601229368,-0.08162004166666667,0.0006224700278495162,0.0,0.0,-0.09079,0.0009412226091632067,-0.07583594444444446,0.002272232383161193,0.0,0.0,-0.091275,0.003712310601229368,-0.08162004166666667,0.0006224700278495162,0.0,0.0,-0.091275,-0.08162004166666667,0.0004849999999999993,0.005784097222222215,289,289.0,-0.07583594444444446,0.005784097222222215
290,290.0,0.088345,0.012862272349783299,0.09799995833333333,0.01595211292316315,0.0,0.0,0.08561999999999999,0.007688218259128708,0.10057405555555556,0.005895787620814803,0.0,0.0,0.088345,0.012862272349783299,0.09799995833333333,0.01595211292316315,0.0,0.0,0.088345,0.09799995833333333,-0.002725000000000019,0.002574097222222224,290,290.0,0.10057405555555556,0.002574097222222224
291,291.0,0.081665,0.00017677669529663704,0.09131995833333334,0.003266617268676489,0.0,0.0,0.07760666666666667,0.012575453603482199,0.09256072222222222,0.010620325037021013,0.0,0.0,0.081665,0.00017677669529663704,0.09131995833333334,0.003266617268676489,0.0,0.0,0.081665,0.09131995833333334,-0.0040583333333333305,0.001240763888888885,291,291.0,0.09256072222222222,0.001240763888888885
292,292.0,0.078705,0.00013435028842544101,0.08835995833333332,0.003224190861805293,0.0,0.0,0.08966333333333333,0.002205092590648598,0.10461738888888888,0.0018126449375851488,0.0,0.0,0.078705,0.00013435028842544101,0.08835995833333332,0.003224190861805293,0.0,0.0,0.078705,0.08835995833333332,0.010958333333333334,0.016257430555555563,292,292.0,0.10461738888888888,0.016257430555555563
293,293.0,0.082825,0.010656099192481271,0.09247995833333333,0.013745939765861123,0.0,0.0,0.08403666666666666,0.015469797456118593,0.09899072222222222,0.013585840525372886,0.0,0.0,0.082825,0.010656099192481271,0.09247995833333333,0.013745939765861123,0.0,0.0,0.082825,0.09247995833333333,0.0012116666666666664,0.006510763888888882,293,293.0,0.09899072222222222,0.006510763888888882
294,294.0,0.066835,0.018731258633631644,0.07648995833333333,0.021821099207011495,0.0,0.0,0.07855,0.006675934391529026,0.09350405555555556,0.004716251395473804,0.0,0.0,0.066835,0.018731258633631644,0.07648995833333333,0.021821099207011495,0.0,0.0,0.066835,0.07648995833333333,0.01171499999999999,0.017014097222222233,294,294.0,0.09350405555555556,0.017014097222222233
295,295.0,0.08034,0.019445436482630054,0.08999495833333332,0.016355595909250203,0.0,0.0,0.08890666666666668,0.011451743680913107,0.10386072222222222,0.012215291873657453,0.0,0.0,0.08034,0.019445436482630054,0.08999495833333332,0.016355595909250203,0.0,0.0,0.08034,0.08999495833333332,0.00856666666666668,0.013865763888888896,295,295.0,0.10386072222222222,0.013865763888888896
296,296.0,-0.075685,0.004659833688019348,-0.06603004166666666,0.0015699931146394954,0.0,0.0,-0.07806333333333333,0.014005000297512787,-0.06310927777777778,0.014987091575485058,0.0,0.0,-0.075685,0.004659833688019348,-0.06603004166666666,0.0015699931146394954,0.0,0.0,-0.075685,-0.06603004166666666,-0.0023783333333333295,0.002920763888888886,296,296.0,-0.06310927777777778,0.002920763888888886
297,297.0,-0.07356,0.0013152186130069787,-0.06390504166666666,0.0017746219603728731,0.0,0.0,-0.08066666666666666,0.008122292369358134,-0.06571261111111111,0.006999324134258945,0.0,0.0,-0.07356,0.0013152186130069787,-0.06390504166666666,0.0017746219603728731,0.0,0.0,-0.07356,-0.06390504166666666,-0.007106666666666664,-0.0018075694444444484,297,297.0,-0.06571261111111111,-0.0018075694444444484
298,298.0,-0.096025,0.002354665581351203,-0.08637004166666667,0.005444506154731055,0.0,0.0,-0.07678333333333333,0.005184036393905169,-0.061829277777777775,0.006929910894310721,0.0,0.0,-0.096025,0.002354665581351203,-0.08637004166666667,0.005444506154731055,0.0,0.0,-0.096025,-0.08637004166666667,0.01924166666666667,0.0245407638888889,298,298.0,-0.061829277777777775,0.0245407638888889
299,299.0,-0.090255,0.0005868986283848326,-0.08060004166666668,0.002502941944995019,0.0,0.0,-0.08426,0.015968916682104643,-0.06930594444444445,0.015443488002059419,0.0,0.0,-0.090255,0.0005868986283848326,-0.08060004166666668,0.002502941944995019,0.0,0.0,-0.090255,-0.08060004166666668,0.005995,0.01129409722222223,299,299.0,-0.06930594444444445,0.01129409722222223
300,300.0,0.074235,0.007191275964667187,0.08388995833333333,0.0041014353912873355,0.0,0.0,0.08884666666666667,0.006155812970951386,0.10380072222222221,0.007574674947391599,0.0,0.0,0.074235,0.007191275964667187,0.08388995833333333,0.0041014353912873355,0.0,0.0,0.074235,0.08388995833333333,0.014611666666666676,0.019910763888888877,300,300.0,0.10380072222222221,0.019910763888888877
301,301.0,0.08601,0.017069557697843254,0.09566495833333333,0.020159398271223105,0.0,0.0,0.06984333333333333,0.011549131280461457,0.08479738888888888,0.011928119904139575,0.0,0.0,0.08601,0.017069557697843254,0.09566495833333333,0.020159398271223105,0.0,0.0,0.08601,0.09566495833333333,-0.016166666666666676,-0.010867569444444447,301,301.0,0.08479738888888888,-0.010867569444444447
302,302.0,0.092255,0.0025950818869546243,0.10190995833333333,0.0004947586864252276,0.0,0.0,0.07394666666666666,0.02282179075649703,0.08890072222222223,0.023271170576554298,0.0,0.0,0.092255,0.0025950818869546243,0.10190995833333333,0.0004947586864252276,0.0,0.0,0.092255,0.10190995833333333,-0.018308333333333343,-0.0130092361111111,302,302.0,0.08890072222222223,-0.0130092361111111
303,303.0,0.06343,0.012628927111991735,0.07308495833333332,0.015718767685371587,0.0,0.0,0.006246666666666668,0.06074839284568221,0.02120072222222223,0.06251700430463147,0.0,0.0,0.06343,0.012628927111991735,0.07308495833333332,0.015718767685371587,0.0,0.0,0.06343,0.07308495833333332,-0.057183333333333336,-0.05188423611111109,303,303.0,0.02120072222222223,-0.05188423611111109
304,304.0,-0.004074999999999995,0.12561751967779017,0.005579958333333336,0.12870736025117002,0.0,0.0,-0.008830000000000001,0.0680623162991093,0.006124055555555554,0.06990082036557843,0.0,0.0,-0.004074999999999995,0.12561751967779017,0.005579958333333336,0.12870736025117002,0.0,0.0,-0.004074999999999995,0.005579958333333336,-0.004755000000000006,0.0005440972222222175,304,304.0,0.006124055555555554,0.0005440972222222175
305,305.0,-0.09851,0.007339768388716364,-0.08885504166666666,0.010429608962096215,0.0,0.0,-0.06925333333333333,0.025280079773080888,-0.05429927777777779,0.02641212549827105,0.0,0.0,-0.09851,0.007339768388716364,-0.08885504166666666,0.010429608962096215,0.0,0.0,-0.09851,-0.08885504166666666,0.029256666666666667,0.034555763888888875,305,305.0,-0.05429927777777779,0.034555763888888875
306,306.0,-0.083845,0.0068377225740739135,-0.07419004166666666,0.0037478820006940613,0.0,0.0,-0.08794333333333333,0.009685810928019054,-0.07298927777777778,0.00944131405653882,0.0,0.0,-0.083845,0.0068377225740739135,-0.07419004166666666,0.0037478820006940613,0.0,0.0,-0.083845,-0.07419004166666666,-0.004098333333333329,0.0012007638888888866,306,306.0,-0.07298927777777778,0.0012007638888888866
307,307.0,-0.09664500000000001,0.018816111447374037,-0.08699004166666667,0.015726270873994183,0.0,0.0,-0.13161,0.035107054846568946,-0.11665594444444445,0.0367906519377285,0.0,0.0,-0.09664500000000001,0.018816111447374037,-0.08699004166666667,0.015726270873994183,0.0,0.0,-0.09664500000000001,-0.08699004166666667,-0.034964999999999996,-0.02966590277777778,307,307.0,-0.11665594444444445,-0.02966590277777778
308,308.0,-0.07758999999999999,0.004638620484583749,-0.06793504166666667,0.0015487799112038974,0.0,0.0,-0.09629333333333333,0.018221408653925013,-0.08133927777777777,0.020143557889497347,0.0,0.0,-0.07758999999999999,0.004638620484583749,-0.06793504166666667,0.0015487799112038974,0.0,0.0,-0.07758999999999999,-0.06793504166666667,-0.018703333333333336,-0.013404236111111106,308,308.0,-0.08133927777777777,-0.013404236111111106
309,309.0,-0.09729,0.0030688434303496235,-0.08763504166666666,2.0997143030228156e-05,0.0,0.0,-0.0842,0.004653138725634554,-0.06924594444444444,0.0031508089795017073,0.0,0.0,-0.09729,0.0030688434303496235,-0.08763504166666666,2.0997143030228156e-05,0.0,0.0,-0.09729,-0.08763504166666666,0.013090000000000004,0.01838909722222222,309,309.0,-0.06924594444444444,0.01838909722222222
310,310.0,0.010775000000000002,0.03560282643274267,0.020429958333333335,0.03251298585936282,0.0,0.0,-0.01837,0.043080857698054247,-0.0034159444444444467,0.04114080656048846,0.0,0.0,0.010775000000000002,0.03560282643274267,0.020429958333333335,0.03251298585936282,0.0,0.0,0.010775000000000002,0.020429958333333335,-0.029145000000000004,-0.023845902777777782,310,310.0,-0.0034159444444444467,-0.023845902777777782
311,311.0,0.079115,0.006752869760331531,0.08876995833333334,0.003663029186951679,0.0,0.0,0.08404333333333332,0.0032259003911053004,0.09899738888888888,0.001273322863298038,0.0,0.0,0.079115,0.006752869760331531,0.08876995833333334,0.003663029186951679,0.0,0.0,0.079115,0.08876995833333334,0.004928333333333312,0.010227430555555542,311,311.0,0.09899738888888888,0.010227430555555542
312,312.0,0.07468,0.0066892301500247366,0.08433495833333332,0.009779070723404589,0.0,0.0,0.07783,0.01910077485339273,0.09278405555555556,0.02090033452690219,0.0,0.0,0.07468,0.0066892301500247366,0.08433495833333332,0.009779070723404589,0.0,0.0,0.07468,0.08433495833333332,0.00315,0.008449097222222243,312,312.0,0.09278405555555556,0.008449097222222243
313,313.0,0.06451499999999999,0.007601397897755383,0.07416995833333333,0.010691238471135235,0.0,0.0,0.06249,0.019341248667032847,0.07744405555555556,0.02111507614380403,0.0,0.0,0.06451499999999999,0.007601397897755383,0.07416995833333333,0.010691238471135235,0.0,0.0,0.06451499999999999,0.07416995833333333,-0.002024999999999992,0.0032740972222222303,313,313.0,0.07744405555555556,0.0032740972222222303
314,314.0,0.07785,0.013675445148147827,0.08750495833333333,0.01676528572152768,0.0,0.0,0.04636666666666667,0.05864339036356385,0.061320722222222214,0.058608319090976774,0.0,0.0,0.07785,0.013675445148147827,0.08750495833333333,0.01676528572152768,0.0,0.0,0.07785,0.08750495833333333,-0.031483333333333335,-0.026184236111111113,314,314.0,0.061320722222222214,-0.026184236111111113
315,315.0,0.052505,0.05967274126433275,0.062159958333333334,0.0565829006909529,0.0,0.0,-0.02076333333333333,0.07942668086564698,-0.0058092777777777735,0.07750660304847708,0.0,0.0,0.052505,0.05967274126433275,0.062159958333333334,0.0565829006909529,0.0,0.0,0.052505,0.062159958333333334,-0.07326833333333334,-0.06796923611111111,315,315.0,-0.0058092777777777735,-0.06796923611111111
316,316.0,-0.09098999999999999,0.003775950211536162,-0.08133504166666666,0.0006861096381563102,0.0,0.0,-0.07739333333333333,0.0012643707262244438,-0.062439277777777774,0.0013604474357021819,0.0,0.0,-0.09098999999999999,0.003775950211536162,-0.08133504166666666,0.0006861096381563102,0.0,0.0,-0.09098999999999999,-0.08133504166666666,0.01359666666666666,0.01889576388888889,316,316.0,-0.062439277777777774,0.01889576388888889
317,317.0,-0.08534,0.006194255403194149,-0.07568504166666667,0.0031044148298142974,0.0,0.0,-0.08558,0.006071746042120012,-0.07062594444444445,0.004588033166447232,0.0,0.0,-0.08534,0.006194255403194149,-0.07568504166666667,0.0031044148298142974,0.0,0.0,-0.08534,-0.07568504166666667,-0.0002400000000000041,0.005059097222222225,317,317.0,-0.07062594444444445,0.005059097222222225
318,318.0,-0.09576499999999999,0.009058037866999675,-0.08611004166666666,0.0059681972936198235,0.0,0.0,-0.09309666666666666,0.0014654805810154349,-0.07814261111111111,0.0029494703861273077,0.0,0.0,-0.09576499999999999,0.009058037866999675,-0.08611004166666666,0.0059681972936198235,0.0,0.0,-0.09576499999999999,-0.08611004166666666,0.002668333333333328,0.007967430555555557,318,318.0,-0.07814261111111111,0.007967430555555557
319,319.0,-0.084885,0.015125014049580245,-0.07523004166666666,0.0182148546229601,0.0,0.0,-0.08257333333333333,0.009241565523943084,-0.06761927777777778,0.008022059170588295,0.0,0.0,-0.084885,0.015125014049580245,-0.07523004166666666,0.0182148546229601,0.0,0.0,-0.084885,-0.07523004166666666,0.00231166666666667,0.007610763888888886,319,319.0,-0.06761927777777778,0.007610763888888886
320,320.0,0.04695,0.04883279430874297,0.05660495833333333,0.04574295373536312,0.0,0.0,0.007293333333333333,0.03161834330469156,0.02224738888888889,0.029658411894674965,0.0,0.0,0.04695,0.04883279430874297,0.05660495833333333,0.04574295373536312,0.0,0.0,0.04695,0.05660495833333333,-0.039656666666666666,-0.034357569444444444,320,320.0,0.02224738888888889,-0.034357569444444444
321,321.0,0.092025,0.00023334523779155853,0.10167995833333332,0.00332318581117141,0.0,0.0,0.07672333333333334,0.004311871210197882,0.09167738888888889,0.0028788302992665774,0.0,0.0,0.092025,0.00023334523779155853,0.10167995833333332,0.00332318581117141,0.0,0.0,0.092025,0.10167995833333332,-0.015301666666666658,-0.010002569444444429,321,321.0,0.09167738888888889,-0.010002569444444429
322,322.0,0.09099,0.002220315292925762,0.10064495833333334,0.0008695252804540899,0.0,0.0,0.08660000000000001,0.001010148503933955,0.10155405555555556,0.0025885944282945375,0.0,0.0,0.09099,0.002220315292925762,0.10064495833333334,0.0008695252804540899,0.0,0.0,0.09099,0.10064495833333334,-0.004389999999999991,0.0009090972222222243,322,322.0,0.10155405555555556,0.0009090972222222243
323,323.0,0.08925,0.0005374011537017738,0.09890495833333333,0.0036272417270816256,0.0,0.0,0.07533000000000001,0.011166776616374125,0.09028405555555556,0.009395939253077934,0.0,0.0,0.08925,0.0005374011537017738,0.09890495833333333,0.0036272417270816256,0.0,0.0,0.08925,0.09890495833333333,-0.013919999999999988,-0.008620902777777772,323,323.0,0.09028405555555556,-0.008620902777777772
324,324.0,0.079895,0.014757318523363247,0.08954995833333332,0.017847159096743098,0.0,0.0,0.017406666666666668,0.04401571802587495,0.03236072222222222,0.042567969244006014,0.0,0.0,0.079895,0.014757318523363247,0.08954995833333332,0.017847159096743098,0.0,0.0,0.079895,0.08954995833333332,-0.062488333333333326,-0.0571892361111111,324,324.0,0.03236072222222222,-0.0571892361111111
325,325.0,0.07605,0.013986572131869913,0.08570495833333333,0.010896731558490063,0.0,0.0,0.08201,0.02130648023489567,0.09696405555555555,0.023262305620485348,0.0,0.0,0.07605,0.013986572131869913,0.08570495833333333,0.010896731558490063,0.0,0.0,0.07605,0.08570495833333333,0.005959999999999993,0.011259097222222222,325,325.0,0.09696405555555555,0.011259097222222222
326,326.0,-0.083235,0.0019162593770155466,-0.07358004166666667,0.005006099950395399,0.0,0.0,-0.08731,0.01554165049150186,-0.07235594444444444,0.0138308745807976,0.0,0.0,-0.083235,0.0019162593770155466,-0.07358004166666667,0.005006099950395399,0.0,0.0,-0.083235,-0.07358004166666667,-0.004074999999999995,0.0012240972222222202,326,326.0,-0.07235594444444444,0.0012240972222222202
327,327.0,-0.096665,0.009694433970067567,-0.08701004166666668,0.012784274543447419,0.0,0.0,-0.09549999999999999,0.008352406838750135,-0.08054594444444445,0.010285345994438333,0.0,0.0,-0.096665,0.009694433970067567,-0.08701004166666668,0.012784274543447419,0.0,0.0,-0.096665,-0.08701004166666668,0.0011650000000000132,0.006464097222222229,327,327.0,-0.08054594444444445,0.006464097222222229
328,328.0,-0.09243499999999999,0.008718626612030126,-0.08278004166666666,0.005628786038650275,0.0,0.0,-0.08908,0.006274240989952491,-0.07412594444444444,0.007023530016450089,0.0,0.0,-0.09243499999999999,0.008718626612030126,-0.08278004166666666,0.005628786038650275,0.0,0.0,-0.09243499999999999,-0.08278004166666666,0.003354999999999983,0.008654097222222226,328,328.0,-0.07412594444444444,0.008654097222222226
329,329.0,-0.08343500000000001,0.009199459223236988,-0.07378004166666667,0.006109618649857137,0.0,0.0,-0.09262,0.011283953207985224,-0.07766594444444445,0.013113075111962696,0.0,0.0,-0.08343500000000001,0.009199459223236988,-0.07378004166666667,0.006109618649857137,0.0,0.0,-0.08343500000000001,-0.07378004166666667,-0.009184999999999985,-0.0038859027777777833,329,329.0,-0.07766594444444445,-0.0038859027777777833
330,330.0,0.09076000000000001,0.005260874452027905,0.10041495833333333,0.008350715025407757,0.0,0.0,0.09715666666666667,0.006431456548351499,0.11211072222222222,0.004728281988063102,0.3333333333333333,0.0,0.09076000000000001,0.005260874452027905,0.10041495833333333,0.008350715025407757,0.0,0.0,0.09076000000000001,0.10041495833333333,0.006396666666666662,0.011695763888888891,330,330.0,0.11211072222222222,0.011695763888888891
331,331.0,0.06745999999999999,0.0043416356364853964,0.07711495833333333,0.0012517950631055449,0.0,0.0,0.08653,0.008932815905413028,0.10148405555555556,0.009790963521010235,0.0,0.0,0.06745999999999999,0.0043416356364853964,0.07711495833333333,0.0012517950631055449,0.0,0.0,0.06745999999999999,0.07711495833333333,0.019070000000000004,0.024369097222222233,331,331.0,0.10148405555555556,0.024369097222222233
332,332.0,0.08255,0.012133952365161162,0.09220495833333334,0.00904411179178131,0.0,0.0,0.08050333333333333,0.0157101697423463,0.09545738888888888,0.01530337281279949,0.0,0.0,0.08255,0.012133952365161162,0.09220495833333334,0.00904411179178131,0.0,0.0,0.08255,0.09220495833333334,-0.002046666666666669,0.0032524305555555466,332,332.0,0.09545738888888888,0.0032524305555555466
333,333.0,0.06905,0.020435385976291225,0.07870495833333334,0.017345545402911368,0.0,0.0,0.08560333333333332,0.020225000206015652,0.10055738888888889,0.018318844547586557,0.3333333333333333,0.0,0.06905,0.020435385976291225,0.07870495833333334,0.017345545402911368,0.0,0.0,0.06905,0.07870495833333334,0.016553333333333323,0.021852430555555552,333,333.0,0.10055738888888889,0.021852430555555552
334,334.0,0.059844999999999995,0.034485597718467924,0.06949995833333333,0.03139575714508807,0.0,0.0,0.08023,0.01603284441388988,0.09518405555555555,0.01798247005968677,0.0,0.0,0.059844999999999995,0.034485597718467924,0.06949995833333333,0.03139575714508807,0.0,0.0,0.059844999999999995,0.06949995833333333,0.020385,0.025684097222222216,334,334.0,0.09518405555555555,0.025684097222222216
335,335.0,0.087065,0.00224152849636136,0.09671995833333333,0.0008483120770184919,0.0,0.0,0.013896666666666668,0.06977017008244521,0.028850722222222226,0.0682749087187866,0.0,0.0,0.087065,0.00224152849636136,0.09671995833333333,0.0008483120770184919,0.0,0.0,0.087065,0.09671995833333333,-0.07316833333333334,-0.0678692361111111,335,335.0,0.028850722222222226,-0.0678692361111111
336,336.0,-0.069455,0.009708576105691293,-0.05980004166666667,0.00661873553231144,0.0,0.0,-0.09243666666666667,0.00500591982889592,-0.07748261111111111,0.0058499420702523815,0.0,0.0,-0.069455,0.009708576105691293,-0.05980004166666667,0.00661873553231144,0.0,0.0,-0.069455,-0.05980004166666667,-0.022981666666666664,-0.01768256944444444,336,336.0,-0.07748261111111111,-0.01768256944444444
337,337.0,-0.09392,0.012798632739476514,-0.08426504166666668,0.009708792166096662,0.0,0.0,-0.08181666666666666,0.009335578896529837,-0.06686261111111112,0.00969565438183392,0.0,0.0,-0.09392,0.012798632739476514,-0.08426504166666668,0.009708792166096662,0.0,0.0,-0.09392,-0.08426504166666668,0.012103333333333341,0.017402430555555556,337,337.0,-0.06686261111111112,0.017402430555555556
338,338.0,-0.079545,0.010118698038779498,-0.06989004166666667,0.007028857465399645,0.0,0.0,-0.08398666666666667,0.015296621631371202,-0.06903261111111111,0.016930818038344484,0.0,0.0,-0.079545,0.010118698038779498,-0.06989004166666667,0.007028857465399645,0.0,0.0,-0.079545,-0.06989004166666667,-0.004441666666666663,0.0008574305555555523,338,338.0,-0.06903261111111111,0.0008574305555555523
339,339.0,-0.09209,0.013746155826266484,-0.08243504166666667,0.010656315252886631,0.0,0.0,-0.09143666666666667,0.015201714815550684,-0.07648261111111111,0.016549783248086418,0.0,0.0,-0.09209,0.013746155826266484,-0.08243504166666667,0.010656315252886631,0.0,0.0,-0.09209,-0.08243504166666667,0.0006533333333333391,0.0059524305555555546,339,339.0,-0.07648261111111111,0.0059524305555555546
340,340.0,-0.037855,0.03937877664427883,-0.028200041666666665,0.036288936070898975,0.0,0.0,-0.07603666666666667,0.02455808285134109,-0.06108261111111111,0.022649674783114748,0.0,0.0,-0.037855,0.03937877664427883,-0.028200041666666665,0.036288936070898975,0.0,0.0,-0.037855,-0.028200041666666665,-0.03818166666666667,-0.03288256944444444,340,340.0,-0.06108261111111111,-0.03288256944444444
341,341.0,0.09717,0.0027152900397563397,0.10682495833333333,0.00037455053362351205,0.0,0.0,0.08425666666666666,0.002327194305023398,0.09921072222222223,0.004140003422271508,0.0,0.0,0.09717,0.0027152900397563397,0.10682495833333333,0.00037455053362351205,0.0,0.0,0.09717,0.10682495833333333,-0.012913333333333346,-0.007614236111111103,341,341.0,0.09921072222222223,-0.007614236111111103
342,342.0,0.063615,0.009468159800087871,0.07326995833333333,0.012558000373467722,0.0,0.0,0.07590999999999999,0.0050662708178698885,0.09086405555555555,0.006787638396606468,0.0,0.0,0.063615,0.009468159800087871,0.07326995833333333,0.012558000373467722,0.0,0.0,0.063615,0.07326995833333333,0.012294999999999986,0.017594097222222216,342,342.0,0.09086405555555555,0.017594097222222216
343,343.0,0.080045,0.02032931995911324,0.08969995833333333,0.023419160532493093,0.0,0.0,0.05098666666666666,0.03707991684636487,0.06594072222222222,0.038959671221273834,0.0,0.0,0.080045,0.02032931995911324,0.08969995833333333,0.023419160532493093,0.0,0.0,0.080045,0.08969995833333333,-0.029058333333333346,-0.02375923611111111,343,343.0,0.06594072222222222,-0.02375923611111111
344,344.0,0.006975,0.04503563089377121,0.016629958333333333,0.048125471467151064,0.0,0.0,-0.03538,0.06562261729007766,-0.020425944444444444,0.06756687677983099,0.0,0.0,0.006975,0.04503563089377121,0.016629958333333333,0.048125471467151064,0.0,0.0,0.006975,0.016629958333333333,-0.042355000000000004,-0.037055902777777774,344,344.0,-0.020425944444444444,-0.037055902777777774
345,345.0,-0.07794000000000001,0.012515790027001896,-0.06828504166666667,0.009425949453622044,0.0,0.0,-0.08598,0.009263190595037971,-0.07102594444444445,0.010040459706318105,0.0,0.0,-0.07794000000000001,0.012515790027001896,-0.06828504166666667,0.009425949453622044,0.0,0.0,-0.07794000000000001,-0.06828504166666667,-0.008039999999999992,-0.002740902777777776,345,345.0,-0.07102594444444445,-0.002740902777777776
346,346.0,-0.07704,0.017889801564019654,-0.06738504166666667,0.020979642137399505,0.0,0.0,-0.09906333333333334,0.029568960640058567,-0.08410927777777777,0.029659332595375197,0.0,0.0,-0.07704,0.017889801564019654,-0.06738504166666667,0.020979642137399505,0.0,0.0,-0.07704,-0.06738504166666667,-0.02202333333333334,-0.016724236111111096,346,346.0,-0.08410927777777777,-0.016724236111111096
347,347.0,-0.199675,0.040524289629801036,-0.19002004166666667,0.037434449056421196,0.0,0.5,-0.28146333333333334,0.04485785364162371,-0.2665092777777778,0.04422635185425564,0.0,1.0,-0.199675,0.040524289629801036,-0.19002004166666667,0.037434449056421196,0.0,0.5,-0.199675,-0.19002004166666667,-0.08178833333333335,-0.07648923611111111,347,347.0,-0.2665092777777778,-0.07648923611111111
348,348.0,-0.13318,0.032498627663333716,-0.12352504166666667,0.029408787089953863,0.0,0.0,-0.18948,0.019696931233062678,-0.17452594444444444,0.018320133627083558,0.0,0.0,-0.13318,0.032498627663333716,-0.12352504166666667,0.029408787089953863,0.0,0.0,-0.13318,-0.12352504166666667,-0.05630000000000002,-0.051000902777777773,348,348.0,-0.17452594444444444,-0.051000902777777773
349,349.0,-0.09562999999999999,0.0062791082169365514,-0.08597504166666667,0.0031892676435566992,0.0,0.0,-0.08888666666666667,0.006851002359752426,-0.07393261111111112,0.008119194165185067,0.0,0.0,-0.09562999999999999,0.0062791082169365514,-0.08597504166666667,0.0031892676435566992,0.0,0.0,-0.09562999999999999,-0.08597504166666667,0.006743333333333323,0.012042430555555553,349,349.0,-0.07393261111111112,0.012042430555555553
350,350.0,-0.075975,0.005847773080412747,-0.06632004166666666,0.0089376136537926,0.0,0.0,-0.09018999999999999,0.007406240611808391,-0.07523594444444444,0.005828323277350747,0.0,0.0,-0.075975,0.005847773080412747,-0.06632004166666666,0.0089376136537926,0.0,0.0,-0.075975,-0.06632004166666666,-0.014214999999999992,-0.008915902777777776,350,350.0,-0.07523594444444444,-0.008915902777777776
351,351.0,0.0959,0.0039032294321497403,0.10555495833333334,0.0008133888587698885,0.0,0.0,0.08823666666666667,0.018705139222506027,0.10319072222222221,0.02066281158944407,0.3333333333333333,0.0,0.0959,0.0039032294321497403,0.10555495833333334,0.0008133888587698885,0.0,0.0,0.0959,0.10555495833333334,-0.0076633333333333276,-0.002364236111111126,351,351.0,0.10319072222222221,-0.002364236111111126
352,352.0,0.08899,0.011992531008923848,0.09864495833333334,0.008902690435543996,0.0,0.0,0.07893,0.011319439032036877,0.09388405555555557,0.013107815861910526,0.0,0.0,0.08899,0.011992531008923848,0.09864495833333334,0.008902690435543996,0.0,0.0,0.08899,0.09864495833333334,-0.01006,-0.00476090277777777,352,352.0,0.09388405555555557,-0.00476090277777777
353,353.0,0.0795,0.021057639943735385,0.08915495833333334,0.02414748051711524,0.0,0.0,0.08268333333333333,0.023671979920009505,0.09763738888888888,0.023203252442103355,0.0,0.0,0.0795,0.021057639943735385,0.08915495833333334,0.02414748051711524,0.0,0.0,0.0795,0.08915495833333334,0.0031833333333333297,0.008482430555555545,353,353.0,0.09763738888888888,0.008482430555555545
354,354.0,0.071685,0.012042028483606897,0.08133995833333332,0.008952187910227045,0.0,0.0,0.06543333333333333,0.020402245791415544,0.0803873888888889,0.019847701672227772,0.0,0.0,0.071685,0.012042028483606897,0.08133995833333332,0.008952187910227045,0.0,0.0,0.071685,0.08133995833333332,-0.006251666666666669,-0.000952569444444426,354,354.0,0.0803873888888889,-0.000952569444444426
355,355.0,0.070285,0.004532554467405769,0.07993995833333334,0.007622395040785621,0.0,0.0,0.07987333333333334,0.008160774064592974,0.09482738888888888,0.00988989739879247,0.0,0.0,0.070285,0.004532554467405769,0.07993995833333334,0.007622395040785621,0.0,0.0,0.070285,0.07993995833333334,0.009588333333333338,0.01488743055555554,355,355.0,0.09482738888888888,0.01488743055555554
356,356.0,-0.086365,0.016015968593875305,-0.07671004166666667,0.012926128020495453,0.0,0.0,-0.07938666666666666,0.005506090567120502,-0.06443261111111111,0.004412776274357321,0.0,0.0,-0.086365,0.016015968593875305,-0.07671004166666667,0.012926128020495453,0.0,0.0,-0.086365,-0.07671004166666667,0.006978333333333336,0.012277430555555566,356,356.0,-0.06443261111111111,0.012277430555555566
357,357.0,-0.079345,0.0003040559159102153,-0.06969004166666667,0.0027857846574696364,0.0,0.0,-0.08224666666666668,0.002801594783928135,-0.06729261111111111,0.00465411359298629,0.0,0.0,-0.079345,0.0003040559159102153,-0.06969004166666667,0.0027857846574696364,0.0,0.0,-0.079345,-0.06969004166666667,-0.0029016666666666774,0.002397430555555566,357,357.0,-0.06729261111111111,0.002397430555555566
358,358.0,-0.08946,0.01616446101792447,-0.07980504166666666,0.013074620444544618,0.0,0.0,-0.08584666666666667,0.005723026588557255,-0.07089261111111111,0.007672402456045362,0.0,0.0,-0.08946,0.01616446101792447,-0.07980504166666666,0.013074620444544618,0.0,0.0,-0.08946,-0.07980504166666666,0.0036133333333333295,0.008912430555555545,358,358.0,-0.07089261111111111,0.008912430555555545
359,359.0,-0.091965,0.0026092240225783596,-0.08231004166666667,0.005699064595958212,0.0,0.0,-0.08839999999999999,0.0061142129501678315,-0.07344594444444445,0.007911724001110827,0.0,0.0,-0.091965,0.0026092240225783596,-0.08231004166666667,0.005699064595958212,0.0,0.0,-0.091965,-0.08231004166666667,0.0035650000000000126,0.008864097222222214,359,359.0,-0.07344594444444445,0.008864097222222214
