Group,Order,PeriodMechanicalDeg,AmplitudeMeanDeg,AmplitudeSDDeg,EnergyRatioMean,PhaseCircularMeanDeg,PhaseCoherence
ALL,1,360.0,0.2383119646592458,0.038625285204798764,0.05261903124228022,-30.255989258084742,0.9555229867891166
ALL,2,180.0,0.23439465220336872,0.03369890677687745,0.04948057986220915,-27.937426471752186,0.4937913064045883
ALL,3,120.0,0.03925612048352077,0.029382267101484772,0.0022417904803056924,2.2124071344798715,0.6378729898222328
ALL,4,90.0,0.028754707437843346,0.010201575570412248,0.000808114526563714,63.71965476183043,0.55023140746422
ALL,5,72.0,0.03631603197644041,0.007541382846711942,0.001243167042703185,-28.596151759701723,0.7097179558653746
ALL,6,60.0,0.03553308972304361,0.018715112159887904,0.0014997483048041801,-114.44297160624974,0.053912008937402695
ALL,7,51.42857142857143,0.04149764016273923,0.021044896167025803,0.002008047509803466,-8.528278618925176,0.7202519715714779
ALL,8,45.0,0.03069940028247803,0.01617759435344914,0.001116764188466746,-14.892102408083689,0.3975448565052048
ALL,9,40.0,0.2928460812618296,0.11764417257793675,0.08484334185229567,55.27317745332567,0.5909121027260018
ALL,10,36.0,0.03131354704102273,0.0026138262146877004,0.0008850037065354234,-16.030425709568252,0.2853481360228513
ALL,11,32.72727272727273,0.03934052513686863,0.003846345977699302,0.0014067493910306307,-43.881290044161,0.2147630976254266
ALL,12,30.0,0.02756333219390735,0.005135449085327931,0.0006966331352350433,-113.27471754446672,0.37625878000297336
ALL,13,27.692307692307693,0.029479456995569957,0.006646564484774772,0.0008179579730013627,15.262198456613204,0.27532897011336477
ALL,14,25.714285714285715,0.024189931649294543,0.00897436610221813,0.0005850468226559747,42.605666371910274,0.3652075100875574
ALL,15,24.0,0.019636259355136517,0.006652124982330229,0.0003745597505201884,85.56380872593714,0.5878101981705698
ALL,16,22.5,0.0204607852117451,0.011098983728370381,0.0004642642885449758,80.48097367842739,0.63762911579442
ALL,17,21.176470588235293,0.01423149883758013,0.00479173771326693,0.00020040809970952724,66.37650900195084,0.7912444015330822
ALL,18,20.0,0.13655863516602257,0.06710513532944164,0.021109432742304993,-17.363358393922177,0.3699110488335989
ALL,19,18.94736842105263,0.013065302088997036,0.0036373895171162157,0.0001663396476043805,79.45985918808117,0.6768677640982177
ALL,20,18.0,0.01198104338132952,0.00455024084837719,0.00014250333244709604,98.08634216493391,0.6209038566839294
ALL,21,17.142857142857142,0.007996774457795452,0.0018701374424895706,5.93352200160992e-05,88.24987481403996,0.5609658443360903
ALL,22,16.363636363636363,0.012753354385810416,0.006733350670168646,0.0001761282873686264,102.68977376353585,0.9661196469921657
ALL,23,15.652173913043478,0.009650006986633927,0.00518656698530411,0.00010274795683974835,107.55123147915316,0.7566663072208837
ALL,24,15.0,0.014106813198473924,0.005513396418576479,0.0002101799089257739,129.9653042265088,0.6163904801021629
ALL,25,14.4,0.00601070784533276,0.003273775716753928,4.311815209076369e-05,36.21738532463273,0.5800577754532865
ALL,26,13.846153846153847,0.008352137915261048,0.002328502718160034,6.545547802813696e-05,96.02050560415917,0.7590807568388284
ALL,27,13.333333333333334,0.07568653229205365,0.032921683904265836,0.005783835095168953,126.60379757072376,0.7426102918321725
ALL,28,12.857142857142858,0.00869927389809719,0.0018415300175490257,6.941529720392034e-05,33.85407999925625,0.8970869531701449
ALL,29,12.413793103448276,0.010062137310901711,0.0037996879701540907,0.00010288746247480776,113.21458353489294,0.8664200193704357
ALL,30,12.0,0.006334822168345805,0.0026713192057573063,4.1716322288114394e-05,122.09584608348233,0.5213913107595584
ALL,31,11.612903225806452,0.007397785659623994,0.002929909126072621,5.4837967615298254e-05,80.62615364066684,0.8950397765345648
ALL,32,11.25,0.006366776916086626,0.003176338196601954,4.5354559687067376e-05,93.4542646659842,0.5458078324800654
ALL,33,10.909090909090908,0.005411073210097672,0.002551398864576423,3.212815828651591e-05,89.04867812864433,0.7573706627233864
ALL,34,10.588235294117647,0.010337016703881086,0.0038122607970423003,0.00010448405814344458,89.5069436545667,0.5458379980567762
ALL,35,10.285714285714286,0.009857476804986196,0.003968280298458779,0.00010303263625032269,57.76260119177652,0.8814110946926685
ALL,36,10.0,0.8907375509617749,0.022902718715753508,0.7069517434014709,97.13950377747467,0.9995981074033358
ALL,37,9.72972972972973,0.006550380678322168,0.0024148275822683495,4.337494781061562e-05,107.62564803699432,0.8307974525351117
ALL,38,9.473684210526315,0.006366154561366315,0.0032610807193584833,4.523806076283795e-05,145.37510543922767,0.545598311207631
ALL,39,9.23076923076923,0.004957922932079786,0.0023322276471467664,2.604512687493804e-05,79.20950962455174,0.777523107272338
ALL,40,9.0,0.004797693273993584,0.0019227429859851742,2.381281832565891e-05,58.2770033210347,0.75762999229093
ALL,41,8.78048780487805,0.003895294167760536,0.0012310000305604952,1.4935217614072573e-05,99.18758068000366,0.8305244274823141
ALL,42,8.571428571428571,0.004144751384545864,0.0021529264759346228,1.9763905583525062e-05,143.64241408673814,0.6956698420233028
ALL,43,8.372093023255815,0.005459170336392566,0.0018529534323647088,2.9958855630751838e-05,75.8725759928138,0.8448219434431722
ALL,44,8.181818181818182,0.00564721786423336,0.0029276103416362304,3.4635202161875886e-05,96.95419613281804,0.6221722047790993
ALL,45,8.0,0.08017549556551182,0.034915312562025645,0.00649105440714004,-109.23190890539426,0.5411076620428126
ALL,46,7.826086956521739,0.009089071283384488,0.003926818882664998,8.361617775498275e-05,103.57777159402166,0.628757992244705
ALL,47,7.659574468085107,0.009178077342559831,0.004417238855117671,8.820544705861037e-05,115.93774856935383,0.571245983949565
ALL,48,7.5,0.009519459994483975,0.003749119252798774,9.331547406945936e-05,75.61937406548643,0.8034529916435956
ALL,49,7.346938775510204,0.009591837306552416,0.0032872199418214052,9.031933240570675e-05,134.20700486592418,0.5500118068437347
ALL,50,7.2,0.007374127764628013,0.0023816580689218457,5.364318187010476e-05,132.88417236773387,0.4924624884523158
ALL,51,7.0588235294117645,0.007796700300788344,0.002426936254307711,5.8634838414019764e-05,164.389246574356,0.3272535602167784
ALL,52,6.923076923076923,0.0063456219110566495,0.0013010070606199588,3.725374112907821e-05,147.61585619262374,0.33310685938221835
ALL,53,6.7924528301886795,0.005229850616494732,0.0018881289819388848,2.8290313255905677e-05,166.8107481748887,0.5664127541231938
ALL,54,6.666666666666667,0.07610377157374218,0.029274353787409314,0.006079053906745039,165.28497965782347,0.7063500546227727
ALL,55,6.545454545454546,0.0044572151835356975,0.002197618378831144,2.245392958286803e-05,156.78192169040219,0.22898366240574722
ALL,56,6.428571428571429,0.0061018942646430385,0.0022346203843440294,3.78700987369888e-05,163.68031835928997,0.3537928136632039
ALL,57,6.315789473684211,0.004613940333631885,0.0017660128714314502,2.2218806714368497e-05,120.11631968056764,0.6977585705616586
ALL,58,6.206896551724138,0.004726529631358594,0.0019535793735860375,2.2536200227377988e-05,29.318744832483564,0.5220541170234976
ALL,59,6.101694915254237,0.004042946601595229,0.0019508226268637058,1.8454029527536686e-05,80.92027377066383,0.48916978200294303
ALL,60,6.0,0.0049341999392308765,0.0038340547278550843,3.611781835296175e-05,88.54839536901532,0.43578150937495225
ALL,61,5.901639344262295,0.004707073025732537,0.0016884330611091737,2.2129901336630604e-05,107.52435498062921,0.7758790581469229
ALL,62,5.806451612903226,0.0027487282550154512,0.0018536171749753904,1.0171042824294896e-05,109.35412316958374,0.4174477306108206
ALL,63,5.714285714285714,0.03895402050662928,0.02093264373236138,0.0016468345189134578,-42.99051317477216,0.7346448610274859
ALL,64,5.625,0.0037832794370835582,0.0014174854276850105,1.4318513758467352e-05,167.23744092954428,0.7325639010830639
ALL,65,5.538461538461538,0.0023903986447828592,0.001355392331992495,6.878466478728075e-06,143.5015386565159,0.3232358585850114
ALL,66,5.454545454545454,0.004410306104528078,0.0025362944087219228,2.381968375738238e-05,52.61251035204628,0.43123627392555597
ALL,67,5.373134328358209,0.003475986124454875,0.0017089232977542136,1.3260202538392547e-05,-145.38930919324625,0.1366519480548382
ALL,68,5.294117647058823,0.0034884798909579004,0.0018564138236948399,1.4306020491403792e-05,125.06018201401524,0.611954529318839
ALL,69,5.217391304347826,0.002628469327166081,0.0012793817735111419,7.726047122234874e-06,37.769428194372416,0.6553820549943193
ALL,70,5.142857142857143,0.004775012978205547,0.0018027326581391983,2.3696617798713224e-05,9.834294251109391,0.2797976540567127
ALL,71,5.070422535211268,0.003872216195616713,0.0024743786723466607,1.9098403824063702e-05,142.25733250164265,0.5364668329833646
ALL,72,5.0,0.18412812052219724,0.011789925671640887,0.030343053564493683,-73.85357752261227,0.9967436195596724
ALL,73,4.931506849315069,0.0038599521811798253,0.0026494341258426228,2.0077391014731208e-05,123.59193785224845,0.6763728387743793
ALL,74,4.864864864864865,0.004079606377404353,0.0018407360589117482,1.8028863666466084e-05,72.37429237476589,0.6348550158365392
ALL,75,4.8,0.004289578359541262,0.0018930148815815776,1.97140937066397e-05,120.91973935440826,0.8028676084555564
ALL,76,4.7368421052631575,0.003794518515213186,0.0020063468354700165,1.6438656267721238e-05,139.99830838312496,0.4653242671411438
ALL,77,4.675324675324675,0.0032140164873265325,0.0015049716027156772,1.1384753333732236e-05,128.41312298667592,0.7010014768834029
ALL,78,4.615384615384615,0.003712402018632447,0.0022296048352664585,1.723068154701903e-05,82.51571801679079,0.5083122226341416
ALL,79,4.556962025316456,0.003697386812444677,0.0014419861142113035,1.4089264408814517e-05,149.54069514765462,0.6897698772032244
ALL,80,4.5,0.0032145043532533007,0.0023785052040189146,1.4773897391959649e-05,131.43868012616724,0.39618892814400075
ALL,81,4.444444444444445,0.03893545606707589,0.013426879946761422,0.0014528138577620346,82.83838088430912,0.5922224006301336
ALL,82,4.390243902439025,0.0039641602087294526,0.0015683534805448435,1.6182413635374764e-05,-146.61739277619176,0.20070421459616838
ALL,83,4.337349397590361,0.004140239004449177,0.0017052651587453076,1.788763397799921e-05,1.9143681504685763,0.0644379168209344
ALL,84,4.285714285714286,0.004434089517839888,0.0016838870265179578,1.972803356869099e-05,-125.93784107113376,0.48733435437546585
ALL,85,4.235294117647059,0.0037453211834043627,0.002091555915953714,1.667393853464603e-05,1.0515594052006418,0.25705660460876845
ALL,86,4.186046511627907,0.0038217840020529784,0.0018041656607339423,1.5695111908802163e-05,78.27204559267771,0.5400603247906623
ALL,87,4.137931034482759,0.0033400449098890195,0.0016522860387320592,1.2366439200250812e-05,66.78116029481022,0.5428875463867712
ALL,88,4.090909090909091,0.0033481215570035153,0.0013405109958733682,1.1358120873238881e-05,70.9079560102814,0.625743719257052
ALL,89,4.044943820224719,0.002859322379443053,0.001382077850563124,9.113136617642487e-06,73.34647289437632,0.5967912976756767
ALL,90,4.0,0.027069955548410317,0.017352144869398487,0.0009492461387435336,-168.3881220520878,0.08278019793698893
ALL,91,3.956043956043956,0.0036642722583103185,0.001682450059563515,1.4349498164645939e-05,87.40796058895675,0.7017981241224591
ALL,92,3.9130434782608696,0.004653378338809846,0.0020364884940692234,2.2191470825182337e-05,99.36574499761727,0.7235869174694858
ALL,93,3.870967741935484,0.002630768570145791,0.0012657076145504936,7.751446846487672e-06,116.08728288636492,0.451744766745917
ALL,94,3.8297872340425534,0.004274268501951902,0.0023755199949659256,2.0632444478638636e-05,134.6669382323353,0.6829809248287674
ALL,95,3.789473684210526,0.004021843142165512,0.002203631347237948,1.8342065846769167e-05,132.1206795411838,0.6223330125321551
ALL,96,3.75,0.003732521580778658,0.0018867023133158666,1.590327358914801e-05,132.24725076000695,0.5058798334423922
ALL,97,3.711340206185567,0.0027943645701716444,0.001675051397437054,9.382547670833003e-06,155.98809014063343,0.4931449457590844
ALL,98,3.673469387755102,0.0029986760707062816,0.0016692136991725453,1.0432255859946099e-05,117.20650609669475,0.6944088645165561
ALL,99,3.6363636363636362,0.023598950186033425,0.009619962388179379,0.0005531006211822234,144.98993723884985,0.8191710899273071
ALL,100,3.6,0.0025811808455323453,0.001221410329330926,7.414591315484971e-06,104.39084605914135,0.6397628641684304
ALL,101,3.5643564356435644,0.0033724737667868683,0.0022471837363818407,1.5065124645784278e-05,127.63657879997187,0.7664535755133355
ALL,102,3.5294117647058822,0.004476427131227029,0.0020952924438201476,2.1440780186605822e-05,164.95723331743744,0.5319422806855565
ALL,103,3.495145631067961,0.004051762196742971,0.001510482595315241,1.6721112906199186e-05,126.46745399231156,0.7545035829316801
ALL,104,3.4615384615384617,0.0026939703264961474,0.001721746104791678,9.436785556645956e-06,127.27929234961837,0.5404339570489007
ALL,105,3.4285714285714284,0.0029307027997104705,0.0019435144238599612,1.1386116442177804e-05,169.0145604015068,0.6832251378567791
ALL,106,3.3962264150943398,0.0037459163153170847,0.002614586511767219,1.9111528871006858e-05,136.14935538542622,0.6858604908024939
ALL,107,3.364485981308411,0.0034692915496314777,0.0018879768522560311,1.4351549177645727e-05,135.19738285852458,0.4673848343862595
ALL,108,3.3333333333333335,0.11364230803881163,0.006484484555557736,0.011609048330484994,102.53678164609762,0.9961419991583069
ALL,109,3.302752293577982,0.0025359152073454,0.0014462258124399855,7.73510835306304e-06,75.03946399042418,0.3361572605130238
ALL,110,3.272727272727273,0.003418991566504403,0.0013468071551029825,1.216892780197194e-05,168.34384436868407,0.44223542123963777
ALL,111,3.2432432432432434,0.0029824183609345775,0.0016107270462560669,1.0465533960651957e-05,112.4397135609199,0.2973690388516178
ALL,112,3.2142857142857144,0.0037169998453678867,0.0021078127804294695,1.6625909573342525e-05,87.60904824570022,0.272503034218681
ALL,113,3.185840707964602,0.0026758646106392506,0.0015370803809315959,8.721759403419563e-06,133.18521212720447,0.2775287842482035
ALL,114,3.1578947368421053,0.0027115415505554333,0.0019499479588613072,1.0146536269984041e-05,176.4110350962496,0.5051308177914929
ALL,115,3.130434782608696,0.0033488293582485825,0.001577265424663603,1.2384101111337912e-05,75.33252686265658,0.4734385485469359
ALL,116,3.103448275862069,0.003250969825605433,0.0022713910495860716,1.4507326118613558e-05,135.0392509795134,0.5299260909369685
ALL,117,3.076923076923077,0.01910616534267514,0.010273808404043813,0.0003965225159784365,-108.32086866766025,0.3875875979384522
ALL,118,3.0508474576271185,0.0034979914099206024,0.0013579840681177326,1.2507814975534417e-05,119.82602954226012,0.8405985860255577
ALL,119,3.0252100840336134,0.0033748223193019837,0.001351933750990133,1.176661545753229e-05,122.73079612450123,0.6556014562693329
ALL,120,3.0,0.004454798121224459,0.0023881854093848595,2.3336906284332748e-05,109.60737651263247,0.7509559113031905
ALL,121,2.975206611570248,0.004045857370022646,0.0018095963857276607,1.7831549361725672e-05,150.5956766450954,0.7933083016780084
ALL,122,2.9508196721311477,0.0034879239423727276,0.001530161383829671,1.3084741375839797e-05,169.4692785559552,0.7973793580640285
ALL,123,2.926829268292683,0.0030814953126299953,0.0019026582553693457,1.2050171305241227e-05,-171.3373917615136,0.4375216027887522
ALL,124,2.903225806451613,0.0035650348537617526,0.0018694550514025898,1.4862122834759096e-05,-166.99369632361572,0.6739282128429391
ALL,125,2.88,0.003441915364466793,0.0015289466251901167,1.2936869740633544e-05,-173.55435575238127,0.7844180761604976
ALL,126,2.857142857142857,0.023885032970711744,0.011004104835070886,0.0006341191376178721,-174.6728276035793,0.7323175868491093
ALL,127,2.8346456692913384,0.0033393389938833596,0.0015920080054354236,1.2423116190272653e-05,-149.39813823619073,0.5978460269387386
ALL,128,2.8125,0.0030901099370775446,0.0018227254897507067,1.1780444618357808e-05,-152.9498041575047,0.5046742092812359
ALL,129,2.7906976744186047,0.003448096074288973,0.0019069571987316808,1.4157755725892874e-05,136.69701376234516,0.6142596391071938
ALL,130,2.769230769230769,0.003461663950957361,0.0017764390071037066,1.3945482822301492e-05,161.89396516690857,0.1703519668149072
ALL,131,2.7480916030534353,0.0030136705818381852,0.001751073596076788,1.119435984811041e-05,-160.87033873812558,0.3364319338641963
ALL,132,2.727272727272727,0.0029572261559434776,0.002009720293614634,1.1799021197399244e-05,158.5421131906073,0.4781274862195486
ALL,133,2.706766917293233,0.0032431706292544798,0.0020550313655431614,1.345015768375428e-05,156.5421585301172,0.5601833192339893
ALL,134,2.6865671641791047,0.002932456720675087,0.0017757443773628637,1.0851016232825258e-05,168.31120719769066,0.44030482580646163
ALL,135,2.6666666666666665,0.013372633863271597,0.006288938645188029,0.00018522432467688133,-35.32321244458993,0.7591321645719777
ALL,136,2.6470588235294117,0.003103135313782205,0.0015843495919802607,1.1030330343518881e-05,-171.27812684905962,0.6608638647692315
ALL,137,2.627737226277372,0.0025375909530315722,0.0013685907520272036,7.505078883718951e-06,-154.0720754464262,0.4725164682734517
ALL,138,2.608695652173913,0.0032041905413747566,0.002178439764634765,1.3821449335903513e-05,173.73421354404593,0.26914234030615275
ALL,139,2.5899280575539567,0.0030365278621370664,0.0015862093747469792,1.0769300275646715e-05,-126.86143844099396,0.5003834229837575
ALL,140,2.5714285714285716,0.0026832350765215677,0.001421336645562965,8.295516645372457e-06,-158.14364900919426,0.5981664934114077
ALL,141,2.5531914893617023,0.0026346763417338503,0.0015834685958712254,8.613958750912525e-06,151.26371128693586,0.09556123788073942
ALL,142,2.535211267605634,0.002761726032805547,0.0017109328929115286,9.658550101443413e-06,-151.9887219811927,0.15718907071414157
ALL,143,2.5174825174825175,0.0028937030138005367,0.0020200855974299332,1.139731257466012e-05,157.791233245321,0.4071774604409353
ALL,144,2.5,0.01790863282645294,0.005391639729196965,0.0003202319581468246,-64.26388423670576,0.9295161342829922
ALL,145,2.4827586206896552,0.0028061917996018994,0.0013873480692344446,8.932223401601123e-06,-176.31413743994287,0.6181412970696649
ALL,146,2.4657534246575343,0.0035493366361747645,0.0020205913476617067,1.5292920693847766e-05,154.28703490033374,0.42993313017703205
ALL,147,2.4489795918367347,0.0031891901821649153,0.0016321300314514852,1.1738578336329278e-05,-147.85068569825978,0.5863282517447386
ALL,148,2.4324324324324325,0.003378361237161694,0.00161189600007066,1.2684142781711812e-05,-162.33920267442647,0.4691455122990126
ALL,149,2.4161073825503356,0.0030134457713998104,0.0014848563967641674,1.0293449184956028e-05,-171.72396425741337,0.45955237011514943
ALL,150,2.4,0.0027786889824927717,0.0013807880572636578,8.708471862833666e-06,156.61520408353476,0.3724431904246816
ALL,151,2.384105960264901,0.0038268928815322957,0.0018235723005301774,1.6435520651737077e-05,-144.08668791986534,0.7232008412592226
ALL,152,2.3684210526315788,0.0030048871539769028,0.0021029634207917307,1.2443716478176798e-05,-127.9128353824105,0.46548516430244746
ALL,153,2.3529411764705883,0.01037754700636585,0.004467059962929319,0.00010940123010880008,53.18985613292599,0.19154074594324572
ALL,154,2.3376623376623376,0.002827704992901339,0.0019510312141800775,1.0939949182422749e-05,-96.83260810227695,0.47991007672376357
ALL,155,2.3225806451612905,0.0032174671666159935,0.0018990142995999044,1.2858979521427505e-05,-96.77662828313966,0.34911825283197523
ALL,156,2.3076923076923075,0.0032804940750800816,0.002028383640941772,1.3620737411745205e-05,-127.65449157803232,0.28838114689800926
ALL,157,2.2929936305732483,0.0032949747269425734,0.0025849688750613714,1.6262027547017697e-05,-40.18276896592674,0.2143626666884606
ALL,158,2.278481012658228,0.0028960431717153915,0.002030331636891831,1.1508236562918969e-05,-17.55777869247508,0.23759490908562747
ALL,159,2.2641509433962264,0.0029978822397584816,0.001480512042607955,1.017197198293196e-05,117.0478556646065,0.00777081732113025
ALL,160,2.25,0.0028417395222274247,0.0015927690113552745,9.666710563063743e-06,33.821690179530236,0.1680428507970233
ALL,161,2.2360248447204967,0.002767850264567838,0.0014103122447949388,8.641262683289987e-06,54.3966974425162,0.1542020997579596
ALL,162,2.2222222222222223,0.010084569584658237,0.007077696450299223,0.00013841050137004932,-162.07717920548149,0.3363260818227447
ALL,163,2.208588957055215,0.0028755257680870257,0.0013338076973802486,9.043703640686307e-06,77.0078512962638,0.08931542841838477
ALL,164,2.1951219512195124,0.0032286447668670648,0.0017532877234683352,1.2217075913870039e-05,-179.60728658513145,0.2303545926905247
ALL,165,2.1818181818181817,0.0023609910688463386,0.00160850531257928,7.478122490490055e-06,-107.61394799051924,0.32459388278871576
ALL,166,2.1686746987951806,0.003550319734754291,0.0016364380752370798,1.3865864639774853e-05,-137.28285968968999,0.2742817016791487
ALL,167,2.155688622754491,0.0033302864566911493,0.0017533399530178235,1.2913778787303131e-05,-156.27265610918596,0.3792197231043571
ALL,168,2.142857142857143,0.003270006212347436,0.001846912868283559,1.289334962553591e-05,-141.84283815555406,0.21592399520602545
ALL,169,2.1301775147928996,0.0034090175049914526,0.0018021356452702561,1.3579837184275956e-05,-114.77782336970272,0.3707742262436293
ALL,170,2.1176470588235294,0.0029163828967073485,0.0013735251298123807,9.44704462333328e-06,-126.3987414254294,0.17171457143301053
ALL,171,2.1052631578947367,0.007417259773429712,0.004242650912354746,6.15902231531926e-05,-171.82200612594852,0.5013590902574959
ALL,172,2.0930232558139537,0.0030322366773670364,0.0017726059008648983,1.131710021459946e-05,-12.94439018925626,0.04644253264790661
ALL,173,2.0809248554913293,0.002933645398768195,0.0020430573558428244,1.1819998142848239e-05,-17.047287377164977,0.1887775127514761
ALL,174,2.0689655172413794,0.002875132921442679,0.0016606167180091053,1.0061234198184186e-05,59.79852281770477,0.2541585632797796
ALL,175,2.057142857142857,0.0026183927599785404,0.001310407287795168,7.716004349074175e-06,-122.04798503246546,0.049348685242590534
ALL,176,2.0454545454545454,0.002456654471536804,0.0017004824964164335,8.129529213865096e-06,75.42886000715706,0.06876348932091379
ALL,177,2.0338983050847457,0.002755332224820889,0.0017994038353208932,9.933180432385502e-06,77.98591565754161,0.09782534233909264
ALL,178,2.0224719101123596,0.0034608838697682636,0.001986202765717985,1.4578980256675356e-05,79.98405757027109,0.1208983518226939
ALL,179,2.011173184357542,0.003377544965305102,0.001978869580243124,1.409660754885816e-05,-44.41233115160303,0.17120993684378627
P03,1,360.0,0.23457486616780338,0.004233358988689067,0.052549241932431566,-13.012570746725695,0.9998995824283574
P03,2,180.0,0.1773290512141597,0.0035775856610366866,0.030033947855172088,32.63680506810424,0.9999299006927509
P03,3,120.0,0.061698130834242595,0.004021762406028671,0.0036469327432784833,69.07065916758883,0.9977747165010465
P03,4,90.0,0.012879417339981797,0.00337285169283412,0.0001679860775497628,166.00922354358963,0.9880588270374682
P03,5,72.0,0.03434555344084518,0.0015688649842017434,0.0011283821337522623,-16.689919874373878,0.9974794204194855
P03,6,60.0,0.05400363599831241,0.0010979121346372067,0.0027853556597509754,22.738440256747797,0.9997283650012715
P03,7,51.42857142857143,0.055151563593189824,0.00163475593087512,0.0029060912275524205,20.404016937153052,0.9993985270069545
P03,8,45.0,0.03991280351530395,0.0015513721657940988,0.001522817468016073,28.980934200734175,0.9995022495072708
P03,9,40.0,0.19190473894393292,0.0007702673621823091,0.03516010023379279,83.15036480737639,0.9999812227860891
P03,10,36.0,0.03133281115741677,0.001612924560186373,0.0009397686283139365,40.051131648634325,0.9990486957104837
P03,11,32.72727272727273,0.04425833172215121,0.002258029861979544,0.0018750222074418537,46.98205049022191,0.9995470695498709
P03,12,30.0,0.0248568723914697,0.008395056848559434,0.0006492811096178595,67.89564735283147,0.9911817651146795
P03,13,27.692307692307693,0.038506925236020756,0.0021416156915373776,0.0014195348747181162,89.84106058939196,0.9992255250798757
P03,14,25.714285714285715,0.03045470029825556,0.0018073720405633958,0.0008881088272529169,107.51805557592856,0.9991033218642096
P03,15,24.0,0.02148565927451071,0.0015648622181402404,0.0004427645463311208,104.15710190476476,0.9976013005976294
P03,16,22.5,0.0208725139255189,0.0023811503945153478,0.0004208486152939775,118.98868108650008,0.9970248597867046
P03,17,21.176470588235293,0.0076920171907158535,0.00196875398016627,5.981774688989376e-05,99.87264824829556,0.9934427621183182
P03,18,20.0,0.09349383466799872,0.002544157883082773,0.00835059731885748,-86.39044759780721,0.9999796494019215
P03,19,18.94736842105263,0.011185829898319066,0.001862008058221012,0.00012242723355934242,93.82428984310373,0.9895596498255825
P03,20,18.0,0.012617817799320311,0.0018482876202687434,0.0001548550280546048,119.15553264581118,0.9858140895452533
P03,21,17.142857142857142,0.007887549681335423,0.0016141516767926582,6.16413076121413e-05,100.3139128273378,0.9946980000987051
P03,22,16.363636363636363,0.008856732346488237,0.0013176336493159165,7.638008237755942e-05,101.91617166976653,0.9926741028322404
P03,23,15.652173913043478,0.009337059178817043,0.002315795650872584,8.780677186122025e-05,69.1444121134192,0.9661655400676188
P03,24,15.0,0.018360091979918412,0.007687155837298721,0.00037188324805336045,91.50978275630135,0.9677238018901829
P03,25,14.4,0.006483482241223011,0.0022419178869215275,4.449089422933884e-05,93.93221350792386,0.7793086288271959
P03,26,13.846153846153847,0.006841858734898919,0.0018518973202754482,4.7669422213074094e-05,126.16783248186474,0.9639518845884143
P03,27,13.333333333333334,0.03716825857739896,0.0009678943593769398,0.0013197914173453673,100.05739778245456,0.9996501256064597
P03,28,12.857142857142858,0.007259216856913194,0.0013232125498690902,5.178487776208428e-05,70.65225635866057,0.9668224736107905
P03,29,12.413793103448276,0.013886016757463255,0.0019528934318784822,0.0001873423005380069,87.4578894172388,0.9944952017427074
P03,30,12.0,0.007847299042917888,0.0027696031072904975,6.536303185092818e-05,85.52959823375092,0.8625468079951831
P03,31,11.612903225806452,0.00729836742801958,0.0019091361831319656,5.3912131762680067e-05,65.60857649016148,0.9585430621733325
P03,32,11.25,0.009781425174644438,0.0025806401283132137,9.686930034477382e-05,99.30236076749485,0.9812014666691792
P03,33,10.909090909090908,0.008402928999472214,0.0016270829478378377,6.962982769875118e-05,91.47948145261304,0.9593650925918487
P03,34,10.588235294117647,0.0050848202658267646,0.002146796755938843,2.863217052966043e-05,113.40366161344541,0.8772746493142672
P03,35,10.285714285714286,0.010474032050673873,0.0029269833805798126,0.00011221066025955283,82.89863623502066,0.9763568407630385
P03,36,10.0,0.9083257654375616,0.0026703694928957443,0.7876684546817284,99.85514379492128,0.9999908904760934
P03,37,9.72972972972973,0.0064158392258665915,0.0018833225250753207,4.230827350857984e-05,147.66969529730912,0.9739288754175955
P03,38,9.473684210526315,0.008877922843286281,0.0021420713179076513,7.914479288229882e-05,136.79646669150404,0.985277423657
P03,39,9.23076923076923,0.00428410202024336,0.001451735247367642,1.9301127361821122e-05,135.66970926160894,0.6255141146810792
P03,40,9.0,0.005321370293492365,0.0021114869891917217,3.088614527690305e-05,63.94407112457778,0.6794646773548104
P03,41,8.78048780487805,0.004927728187654171,0.000956183931472125,2.3984360165530815e-05,131.32492788978482,0.9275339696546796
P03,42,8.571428571428571,0.006578670172642148,0.0022185738135012518,4.5512484403221725e-05,119.1045689537532,0.971732615674916
P03,43,8.372093023255815,0.00540889838008734,0.0019307182668178062,3.113408031323574e-05,99.39438327290452,0.9206044224745581
P03,44,8.181818181818182,0.004209369662250158,0.0011970552050933855,1.8158649467682892e-05,123.76390916266746,0.7862549026889997
P03,45,8.0,0.04499994121037212,0.0030684651759124333,0.0019416695087381124,-77.15976196522865,0.997313150611895
P03,46,7.826086956521739,0.004853290666599517,0.0022298785873195535,2.6782451508036036e-05,164.7595052568397,0.8541982460880466
P03,47,7.659574468085107,0.003247709988716544,0.0015526526277736014,1.218470064817369e-05,-178.27807385442216,0.5176866237711667
P03,48,7.5,0.005391044953682646,0.002990881005363536,3.552228554920695e-05,112.24602652543744,0.8622380011271826
P03,49,7.346938775510204,0.00485540332335868,0.002415265414098114,2.7506192921857963e-05,52.45898894403159,0.4612526371174056
P03,50,7.2,0.005323085338330759,0.0030185205341583337,3.487432248328451e-05,44.47014705487129,0.7227733733444179
P03,51,7.0588235294117645,0.004597786495696911,0.0017098587475727043,2.269722347181093e-05,53.315546039442005,0.8747998272512547
P03,52,6.923076923076923,0.006316680512896473,0.0015404445118301574,4.012281661806884e-05,49.20980639729849,0.9694369531602871
P03,53,6.7924528301886795,0.006666846412424715,0.001098696074897911,4.3454114354739864e-05,80.19124177747473,0.9773221474436017
P03,54,6.666666666666667,0.0699137953915246,0.0026112272791544463,0.004671959350338717,125.99149034748902,0.9995853293874849
P03,55,6.545454545454546,0.004465530992214377,0.002617044111070429,2.5028147288233403e-05,71.59367204394744,0.6113236820152207
P03,56,6.428571428571429,0.0060379738408534315,0.003601852526264571,4.599225616470655e-05,86.89304503281828,0.6866563393811713
P03,57,6.315789473684211,0.004741966889296069,0.002005706194812263,2.491500762803609e-05,94.38272977309107,0.8946110648491933
P03,58,6.206896551724138,0.003468402211123414,0.0018367096438904594,1.4386674748697038e-05,85.97053593617086,0.7681803848795739
P03,59,6.101694915254237,0.0046138995067409195,0.0011494437742397903,2.1472358338232283e-05,118.22885627215284,0.828216760183546
P03,60,6.0,0.005483231431692772,0.002457124636487269,3.39807275671562e-05,68.09543024065441,0.31830953912749577
P03,61,5.901639344262295,0.004162678268814941,0.0021743921192262316,2.0615460613435192e-05,88.98973103430555,0.6579388441681229
P03,62,5.806451612903226,0.0037132502876130397,0.00238109697299157,1.8030481137991748e-05,96.52583411871407,0.6699887218321685
P03,63,5.714285714285714,0.016436808572013344,0.002319630035566111,0.0002628284697004519,-67.21122535691546,0.9824650012315852
P03,64,5.625,0.003508671902525678,0.0011074334614851002,1.2801483582642143e-05,147.06649363528115,0.6023091933431167
P03,65,5.538461538461538,0.003520048031526438,0.0017978358162540572,1.4574024085769481e-05,90.24121201951101,0.5105726978002013
P03,66,5.454545454545454,0.004872377980578337,0.0020220836508400924,2.6189297572403445e-05,66.72046423211948,0.886853546536835
P03,67,5.373134328358209,0.0035803214739133843,0.001876528821237277,1.5252254155606568e-05,150.8129148692164,0.6592943387273529
P03,68,5.294117647058823,0.0036681598384462805,0.0018152460863417644,1.5727385004671793e-05,68.25749052687658,0.41073795273538755
P03,69,5.217391304347826,0.003605658330326421,0.0016341493291323038,1.4737097336752576e-05,41.64682731588574,0.7184532854349311
P03,70,5.142857142857143,0.005628991605952449,0.0011417020167970046,3.135838138086306e-05,54.25447245006998,0.6647401126194492
P03,71,5.070422535211268,0.002771847028864775,0.0019372839230987454,1.0554403327515196e-05,61.39284524008828,0.5842487165463427
P03,72,5.0,0.19828790065446747,0.0030600354320147235,0.0375402595617715,-66.11456468942848,0.9999394866174068
P03,73,4.931506849315069,0.006000388725815377,0.0023102762130701227,3.899659551509346e-05,120.90400291739736,0.9522649854758954
P03,74,4.864864864864865,0.0055482639427032006,0.0022330156649114983,3.365468279358539e-05,92.45172077449503,0.8737716857273622
P03,75,4.8,0.005678934618736689,0.0025749134692565675,3.6503800364688756e-05,109.95269441241157,0.8323366807910079
P03,76,4.7368421052631575,0.00510544529597296,0.0024933970098776127,3.02241286989023e-05,110.21599973319545,0.6824434074595205
P03,77,4.675324675324675,0.003946722165931929,0.0020145365197158293,1.8353945746209843e-05,69.78572158194335,0.9267030979687226
P03,78,4.615384615384615,0.004166260925173996,0.0016980555047117385,1.9053814790684496e-05,40.27075760517186,0.7808082615967646
P03,79,4.556962025316456,0.0041931208318261425,0.0021122652698795197,2.0614078935753448e-05,77.65093651583982,0.8811670485040417
P03,80,4.5,0.004647125034152147,0.0026393757728570733,2.6526120787566262e-05,46.64845512313651,0.6861861321079884
P03,81,4.444444444444445,0.025128103711000948,0.0027261825962711364,0.0006091481883489097,110.32393655143899,0.9924120752636651
P03,82,4.390243902439025,0.0037153699673648324,0.0016543846913249789,1.5571593322528245e-05,80.4587164581839,0.8025567450352252
P03,83,4.337349397590361,0.005240310388550807,0.001175481734873431,2.742033265914016e-05,91.86226700908557,0.8310799897359386
P03,84,4.285714285714286,0.003741009549580366,0.0024642293919259627,1.8565803139521247e-05,95.84233002567649,0.5016521686427143
P03,85,4.235294117647059,0.004943539890069404,0.003594646114295165,3.437837515830849e-05,99.99218876038107,0.7845770888122414
P03,86,4.186046511627907,0.004677604426577883,0.0016466689943206148,2.3223981055711306e-05,115.47451663805066,0.8213454341967025
P03,87,4.137931034482759,0.00456883511228226,0.0015000276397507616,2.1866593967055506e-05,159.68068483962335,0.57122780127113
P03,88,4.090909090909091,0.0025049590755206975,0.0015595185043586395,8.101539619891424e-06,152.6672729608921,0.7281433916871971
P03,89,4.044943820224719,0.003193635610612227,0.0013255202837658359,1.1263085101970539e-05,173.18974489808502,0.19619950513611856
P03,90,4.0,0.019278638268975294,0.0037638626541139637,0.0003665504294038302,-82.60281600976076,0.9868050927233736
P03,91,3.956043956043956,0.004099952150333199,0.002061898697050043,1.9664194504287056e-05,102.6397563058919,0.667528954358133
P03,92,3.9130434782608696,0.0033015593485601533,0.001624436461948023,1.2667825831416071e-05,41.61352269164132,0.39539410216252246
P03,93,3.870967741935484,0.0033745286762830117,0.0012815578200097886,1.225460702348245e-05,84.35845312414145,0.6113456916013261
P03,94,3.8297872340425534,0.003928121259795511,0.002638786977614661,2.074088316934266e-05,108.03959423302373,0.5250651617645207
P03,95,3.789473684210526,0.004596417815897203,0.0024338004036434167,2.5209091351889464e-05,95.8671327348149,0.5283947675284956
P03,96,3.75,0.005245331240168948,0.002795067711295523,3.29819957222852e-05,89.6311277342227,0.7301886213591888
P03,97,3.711340206185567,0.003603329010393644,0.0022075076137976495,1.6547253099395116e-05,107.25463294960808,0.7039936066683987
P03,98,3.673469387755102,0.003944070189906171,0.0017508326921651094,1.7449316485131252e-05,115.97709903287937,0.7760259336525107
P03,99,3.6363636363636362,0.012663825991060307,0.0023171483170496177,0.00015786866442549664,112.97162457117128,0.9791143607999236
P03,100,3.6,0.0036667974898712146,0.0013111542199451744,1.4322984329345972e-05,101.80414298150248,0.5636906645377574
P03,101,3.5643564356435644,0.005771085112000678,0.002628928326810265,3.77452709530239e-05,135.25220074273986,0.8654201760447534
P03,102,3.5294117647058822,0.005024731189591558,0.0024313219473489217,2.9178382886677995e-05,117.52280194194982,0.6924049800708265
P03,103,3.495145631067961,0.005002935554450418,0.0016893188587819754,2.633232241377094e-05,73.58521908142671,0.9574965044303286
P03,104,3.4615384615384617,0.004890648773135678,0.0016214498105308552,2.5133921770414003e-05,124.35320364095537,0.8883770070299226
P03,105,3.4285714285714284,0.0052758630095441,0.0018856534451934324,2.9674901781060284e-05,159.8177262378047,0.6734284814856887
P03,106,3.3962264150943398,0.007042225540304647,0.0028400146698686506,5.4209069785123076e-05,168.1749194236919,0.8533180254015298
P03,107,3.364485981308411,0.005313476587491069,0.0014456751999199677,2.8753062386903454e-05,152.47391226869482,0.9060816694865097
P03,108,3.3333333333333335,0.12366429660424683,0.0017009769832907128,0.014601135228725082,110.88336699156265,0.9998984766405241
P03,109,3.302752293577982,0.003547716911157158,0.001151246164926663,1.3147205648399398e-05,61.087721141846274,0.2713913436644395
P03,110,3.272727272727273,0.0037547329516326804,0.0016879968048435267,1.587058406218931e-05,-176.04198335398445,0.22622750569517708
P03,111,3.2432432432432434,0.0038159930601180956,0.002047980220345484,1.748456614053867e-05,28.33694189872002,0.15331307813165604
P03,112,3.2142857142857144,0.0038039881369807326,0.0017915808607839787,1.659586063210642e-05,122.27980675489934,0.795175191605849
P03,113,3.185840707964602,0.0036139061496670245,0.0018791844396831186,1.5478220051321443e-05,116.22911149804104,0.7304329524017782
P03,114,3.1578947368421053,0.0038838246267600797,0.002702136056787193,2.0629393852034355e-05,148.97590051256796,0.5602296989393514
P03,115,3.130434782608696,0.0038399261376306517,0.0016031489902930845,1.6277331316632997e-05,97.40258807702307,0.632649643037383
P03,116,3.103448275862069,0.005278898438645588,0.002895830481923172,3.394203906519047e-05,142.6335970509738,0.8347489279099102
P03,117,3.076923076923077,0.007895288511354777,0.0025323442809104526,6.499603443175774e-05,-69.3659701400675,0.9462721314822667
P03,118,3.0508474576271185,0.0040877968955196214,0.0016071544624961986,1.8165467074786237e-05,144.795886928013,0.8294260527897396
P03,119,3.0252100840336134,0.0029414484267041305,0.0016137281248502033,1.0519417067984771e-05,159.6229548080357,0.3991764794023636
P03,120,3.0,0.004315819828639551,0.0017122952628370366,2.0310694942687902e-05,125.57521844967926,0.8410106342424514
P03,121,2.975206611570248,0.004787725150365912,0.0030711657506656918,3.0030887945453956e-05,126.64242675688983,0.5963803368579332
P03,122,2.9508196721311477,0.003777156055746211,0.001994687360416208,1.7023254350789545e-05,-178.68204288568595,0.7400063350056479
P03,123,2.926829268292683,0.0034177799589963365,0.0019314789258707105,1.4324990437758464e-05,174.2266221342711,0.7566170372020171
P03,124,2.903225806451613,0.004526989625632938,0.0019144119382022904,2.269290403506446e-05,168.26732684164836,0.6206414113746516
P03,125,2.88,0.004198565592857492,0.001568683918838512,1.8949867292996594e-05,145.5676392873364,0.8909937328714623
P03,126,2.857142857142857,0.021746111982876588,0.0032863405323577586,0.0004607233561476581,155.97842035019593,0.9925035915271809
P03,127,2.8346456692913384,0.003532835823499646,0.0019482732763063896,1.5200661916007225e-05,-150.82370220208065,0.500600888203092
P03,128,2.8125,0.00433140709065593,0.002671328403684509,2.40808051498271e-05,-177.62848724167466,0.5751323343696585
P03,129,2.7906976744186047,0.004108942967043687,0.003060120048584087,2.4141391462450815e-05,-128.9211713592845,0.4575274611045461
P03,130,2.769230769230769,0.005114387181160125,0.0017160998601073517,2.7500225915253435e-05,-179.27968042297525,0.6878078067903927
P03,131,2.7480916030534353,0.0038111446311478087,0.0016719998470097115,1.6245421890803835e-05,-177.32454007334943,0.41384010919606135
P03,132,2.727272727272727,0.00384622584644162,0.002808787260821769,2.0909061629358093e-05,-143.56893699651823,0.5195480113373336
P03,133,2.706766917293233,0.003996362088338179,0.0027757111426735177,2.1936687365973013e-05,-142.82627571251894,0.5443400563958933
P03,134,2.6865671641791047,0.003909280027226998,0.0020712122227089934,1.8258582571027e-05,-122.63605566256517,0.4593686603567074
P03,135,2.6666666666666665,0.007464545545201542,0.002934367636228835,6.067731297622958e-05,-68.60321024773597,0.8887756136663458
P03,136,2.6470588235294117,0.0034668100565515996,0.0019357809449423726,1.468010509359588e-05,-133.59420923501753,0.32150118313472126
P03,137,2.627737226277372,0.0030366417968476682,0.001852492695970942,1.1754278491404648e-05,-93.11402173026418,0.472197430378932
P03,138,2.608695652173913,0.003623220927758889,0.0026095293386616323,1.8408034511707833e-05,-134.7511553846797,0.6487505822796487
P03,139,2.5899280575539567,0.003935195967942369,0.0014783568969034629,1.6669673256297655e-05,-127.90168968862451,0.8397292765360095
P03,140,2.5714285714285716,0.002828534088118061,0.0019107787252944858,1.0790115283529437e-05,-108.45701594784147,0.2666853965876689
P03,141,2.5531914893617023,0.002808318526281232,0.0015424819716499379,9.561405886220952e-06,-43.833687466671336,0.23087860853380462
P03,142,2.535211267605634,0.0032398889097548004,0.002475176165628388,1.530604863822123e-05,91.29791496482618,0.11461964714721581
P03,143,2.5174825174825175,0.0023763330194920837,0.0011641008931656464,6.567085716450386e-06,-118.20842850529692,0.20805058056451486
P03,144,2.5,0.026293706029008206,0.0023297077002652415,0.0006644363152720055,-30.55291789994851,0.9986951536247165
P03,145,2.4827586206896552,0.003547607357546178,0.0013151779441455088,1.3487721864007464e-05,-153.88849391094624,0.48691239791202595
P03,146,2.4657534246575343,0.004574635283006242,0.0022145556404710174,2.4155312965127306e-05,157.08767847674494,0.4062081276213519
P03,147,2.4489795918367347,0.004337149831713842,0.0018764459645333029,2.097072441515117e-05,-135.04211493913851,0.7608426342365814
P03,148,2.4324324324324325,0.003890342207115662,0.0018730599819479015,1.7472347799993387e-05,-98.27803714090084,0.5896485846574425
P03,149,2.4161073825503356,0.003137937268345373,0.0013647205954550035,1.1009614424536685e-05,-92.16444387699546,0.39308607948511903
P03,150,2.4,0.003198769360174289,0.001681192777115769,1.2186669660270568e-05,-151.84298818081285,0.23548889757173616
P03,151,2.384105960264901,0.0054868208309882096,0.0019854752339008006,3.2094884586964836e-05,-120.36779961816532,0.8009042267747751
P03,152,2.3684210526315788,0.00508148875864007,0.002750951754078992,3.12039423693044e-05,-83.34954055980363,0.7040470568177454
P03,153,2.3529411764705883,0.003970326025068351,0.0023865537909048143,1.9940482377687692e-05,175.83718581526267,0.4185327685764234
P03,154,2.3376623376623376,0.003931004716341351,0.0027552076500592286,2.134476531340335e-05,-71.72767255729744,0.38310218059338536
P03,155,2.3225806451612905,0.003985465349857652,0.0012240570342828244,1.6438014985835016e-05,-75.27900524843439,0.36029896576135145
P03,156,2.3076923076923075,0.004145896159701644,0.0019672317683473847,1.9697135768623047e-05,-64.20192308287761,0.7973539038293084
P03,157,2.2929936305732483,0.004589336795037543,0.0031783005861701556,2.8793324252467436e-05,-43.92284573214915,0.7271820114398073
P03,158,2.278481012658228,0.0036623814672361544,0.002378505467104068,1.764071799153977e-05,-36.00867047322791,0.6010470802927873
P03,159,2.2641509433962264,0.0037863074966589397,0.001698544803655421,1.6142766771189456e-05,-4.139647815817961,0.6512101798341638
P03,160,2.25,0.004090325818314309,0.001956842360635036,1.9264637344384463e-05,2.7229793376167204,0.48225569343897146
P03,161,2.2360248447204967,0.0032464424630203057,0.0017558160885204042,1.2706503833831928e-05,-12.680205021358608,0.40755889659878086
P03,162,2.2222222222222223,0.004468765844784058,0.0026629932686025315,2.513691993782839e-05,-78.60450734417189,0.6629422840836205
P03,163,2.208588957055215,0.003110620594987069,0.0012309692112449859,1.0551748031983502e-05,-39.827552493040166,0.3996568245603613
P03,164,2.1951219512195124,0.0038127816299399265,0.002564581908303536,1.9562096198018796e-05,21.985280209926366,0.19684304355334664
P03,165,2.1818181818181817,0.0029967057598017078,0.001782125547107177,1.1297836149452942e-05,-54.979969373362984,0.09323917885369164
P03,166,2.1686746987951806,0.0037366027083479093,0.001688363398181592,1.5760369870634342e-05,-15.20622957572908,0.5014256924913107
P03,167,2.155688622754491,0.0037313636893064306,0.001975640522608313,1.663158648002581e-05,-101.1329296364583,0.41335657369174855
P03,168,2.142857142857143,0.003543634967675815,0.0015536617933984286,1.402863978219467e-05,-95.48126922341773,0.40200960511126915
P03,169,2.1301775147928996,0.003905631488199883,0.0017206563821560229,1.7123459160343057e-05,-54.86238830775866,0.378928194113313
P03,170,2.1176470588235294,0.003225550048533799,0.001409782384426885,1.1659227385992308e-05,-60.048182753852174,0.25151311402784565
P03,171,2.1052631578947367,0.003632045266041188,0.0021067903653788143,1.6414290394535206e-05,-127.7954707500757,0.10338265408695217
P03,172,2.0930232558139537,0.0038793957042508103,0.00246863209245989,1.9611965492360214e-05,-57.957796353563495,0.45337138558791623
P03,173,2.0809248554913293,0.004723753326359112,0.0026495313525875626,2.7327751715897253e-05,-58.48963995289331,0.5408043046047416
P03,174,2.0689655172413794,0.0034006928956643325,0.0017616680965444268,1.370348804530754e-05,17.783314521536013,0.6647046734546652
P03,175,2.057142857142857,0.0029984587387985283,0.0015280377056079446,1.0601245086614996e-05,-9.741063792794758,0.44015754089074477
P03,176,2.0454545454545454,0.003956006279273892,0.002078578142677543,1.8672192419272156e-05,-33.71860267630507,0.5191053264268134
P03,177,2.0338983050847457,0.004569632017004005,0.002086530240231094,2.364110821311279e-05,-21.383295927056977,0.8049161779138844
P03,178,2.0224719101123596,0.005182555854090068,0.0026331986107761794,3.1602258787261734e-05,6.716648678572643,0.6847725918099511
P03,179,2.011173184357542,0.004580785844388132,0.001613871130693001,2.2295388247144536e-05,-11.478469296054405,0.8005516287863625
P02_R1,1,360.0,0.2101831576032716,0.006393507296068172,0.03705174537592495,-46.50852715129587,0.9997875756156528
P02_R1,2,180.0,0.2527014876951618,0.002519315251781341,0.05352714252520816,-88.65150822346364,0.9998810125320859
P02_R1,3,120.0,0.0100997116094893,0.0029033463852504273,9.181055428624112e-05,-41.21080749960706,0.9281319594702575
P02_R1,4,90.0,0.03556682257144352,0.006490965339331044,0.0010921902790741605,55.46656682688329,0.9907029736923071
P02_R1,5,72.0,0.030115086156539923,0.0025686529802704107,0.0007651265155772819,-65.5646384735589,0.9960017654405017
P02_R1,6,60.0,0.015757367174783665,0.0030557578965287853,0.00021526148798123616,-124.43180199400187,0.9910952949391727
P02_R1,7,51.42857142857143,0.02122624945587672,0.0012790838440060923,0.00037876007631464407,-50.61079237563605,0.9947304731887552
P02_R1,8,45.0,0.014638813867751793,0.0012902585574459465,0.000180874067886912,-73.61058391667194,0.988959980301428
P02_R1,9,40.0,0.40753283486822756,0.0016104115123053951,0.13920566630036685,8.329174399199688,0.9999886623345974
P02_R1,10,36.0,0.029193386142739735,0.0014633006126178751,0.0007158281708185983,-63.85559354357987,0.9965331332268333
P02_R1,11,32.72727272727273,0.03605269302922247,0.0017316278848491834,0.0010919215711556734,-67.56926952314406,0.995467648693464
P02_R1,12,30.0,0.031249897800109883,0.0039681939957105705,0.0008302965263447438,-135.94595064419806,0.9986855525371808
P02_R1,13,27.692307692307693,0.029232860833653652,0.0012090912618358126,0.0007173824453676424,-10.141863185523293,0.9969714961283233
P02_R1,14,25.714285714285715,0.028140484542209,0.0013425621799824294,0.0006650033877431323,26.807926832288057,0.9978661941859875
P02_R1,15,24.0,0.023945642248126606,0.0013671043879439203,0.0004820187921326869,44.681587138179665,0.9960803385624457
P02_R1,16,22.5,0.028958054188372016,0.0018189130529184744,0.000705353061716728,46.52875213351816,0.9987893927021546
P02_R1,17,21.176470588235293,0.014716686549632702,0.0018251689503757612,0.00018395567928004464,76.36186792910017,0.9949345739706142
P02_R1,18,20.0,0.10036415094093902,0.0011285337909715597,0.008443935895244914,50.68745067612383,0.9998877608236046
P02_R1,19,18.94736842105263,0.010846183107271062,0.0009619259484998672,9.926657550116974e-05,41.04022812700891,0.9931609026352464
P02_R1,20,18.0,0.015635275417704275,0.0018235512937859997,0.00020742052043115603,56.760793824521095,0.9947672401906736
P02_R1,21,17.142857142857142,0.00843939863598288,0.0009673296365017446,6.0413392297586464e-05,55.38504573020475,0.9877184407271902
P02_R1,22,16.363636363636363,0.018696933107607946,0.0022255712684623855,0.0002967581183652929,112.25081150403959,0.9980255314557492
P02_R1,23,15.652173913043478,0.01273256962260046,0.0018901871206518845,0.0001386324872344629,131.8497187012075,0.9931215500813448
P02_R1,24,15.0,0.009996486804936472,0.0019520751730943695,8.660504474479634e-05,120.45346979513576,0.9866935522625672
P02_R1,25,14.4,0.00385584050252485,0.0012604428983370665,1.3658259768332736e-05,-4.266611558700589,0.7825520392116038
P02_R1,26,13.846153846153847,0.009996456297865212,0.0014143188092908356,8.524072317971241e-05,107.6354878498685,0.9903205489791483
P02_R1,27,13.333333333333334,0.10724814799781726,0.000992515668736415,0.00964157202370766,166.5398078796339,0.999867861567881
P02_R1,28,12.857142857142858,0.010063731239734072,0.0015335585346176754,8.665938468637677e-05,12.238686975538997,0.9925184907418315
P02_R1,29,12.413793103448276,0.0112534060462092,0.0015166877143469554,0.00010789281655452425,104.92488819484808,0.9914509825549171
P02_R1,30,12.0,0.007185712889256332,0.0017706272502915523,4.5604898295063164e-05,115.97165011427387,0.9936365154389194
P02_R1,31,11.612903225806452,0.00952150225135212,0.002184233983750404,7.959940573705284e-05,82.79939842170903,0.9952056576726296
P02_R1,32,11.25,0.0054069183223707466,0.002206738760325956,2.8171303108445575e-05,86.40524440822503,0.9300680958807523
P02_R1,33,10.909090909090908,0.005746226348116285,0.0017003485292823506,2.984690727006621e-05,104.64081014364177,0.9911949411012312
P02_R1,34,10.588235294117647,0.013194700526167672,0.0010866924969052537,0.00014681044738075425,98.87485222538004,0.9854345676678419
P02_R1,35,10.285714285714286,0.006614417451510393,0.0017579421409171312,3.901327596495995e-05,64.15732072154785,0.9743205132381009
P02_R1,36,10.0,0.9009667667985546,0.0014133355710120397,0.6803664682163453,96.1007669537474,0.9999920175469601
P02_R1,37,9.72972972972973,0.005338264758503521,0.0014856115990567473,2.5537036803051637e-05,105.53334482913026,0.9454452309908639
P02_R1,38,9.473684210526315,0.00700176653606846,0.0023831726941819383,4.5393869535417306e-05,137.9037789743691,0.973892411811365
P02_R1,39,9.23076923076923,0.005069940541337002,0.0017749139235556748,2.392527458257524e-05,68.1939267777599,0.9594842068358743
P02_R1,40,9.0,0.004979408653980803,0.0016808487796471888,2.293761959846389e-05,47.36078523259915,0.9227201676478869
P02_R1,41,8.78048780487805,0.00350125419309309,0.0009157398966246664,1.0900384216143737e-05,75.77788658222507,0.9618940482066889
P02_R1,42,8.571428571428571,0.003354749648855683,0.0010001344141548243,1.0186935147873294e-05,147.9627926578264,0.929044920797719
P02_R1,43,8.372093023255815,0.004566862193750828,0.001427183672857616,1.9013287080650812e-05,85.22672220477409,0.9559548361113819
P02_R1,44,8.181818181818182,0.007429308991152533,0.0014661892723670995,4.7891484468964504e-05,103.1419690323119,0.9715194105639537
P02_R1,45,8.0,0.11414786213881797,0.0018491587782790858,0.010923257801312935,-159.0102511550969,0.9999222462034616
P02_R1,46,7.826086956521739,0.01233570365829386,0.0011606455854302853,0.00012859528372619454,107.41205394000139,0.9938636727593365
P02_R1,47,7.659574468085107,0.013568711136201972,0.0006957226631486823,0.00015466435181228888,129.77932044749932,0.9888619551359217
P02_R1,48,7.5,0.010488506691400208,0.0020751423199266168,9.541603344929498e-05,41.97174639187826,0.9946700447756844
P02_R1,49,7.346938775510204,0.010509615724952754,0.0011022608779889859,9.346715409721347e-05,172.9264055136954,0.9970091196993681
P02_R1,50,7.2,0.00722705455428492,0.001047330508311256,4.4589809908651595e-05,176.25251226232757,0.9881957615135791
P02_R1,51,7.0588235294117645,0.008747119134621933,0.0014847239629502478,6.577160391140276e-05,-134.99484546541396,0.9920505040012896
P02_R1,52,6.923076923076923,0.0067090773218389105,0.001277075021197493,3.896773204175935e-05,-147.12784765832598,0.9833770820949903
P02_R1,53,6.7924528301886795,0.0034905571782973357,0.0012740078441502872,1.1449353131437024e-05,-149.41840539687843,0.9279190627235159
P02_R1,54,6.666666666666667,0.055297347894134596,0.001058551995040758,0.0025638926799154064,-150.4171443716082,0.9994988464820379
P02_R1,55,6.545454545454546,0.0031016248168168796,0.0014328632526581131,9.618096108334953e-06,-123.72265313707109,0.7719844518878899
P02_R1,56,6.428571428571429,0.005835188586504525,0.0013162214825627662,2.9856733878326883e-05,-138.88250129195282,0.9834809064515145
P02_R1,57,6.315789473684211,0.0037191579713332194,0.0010608911266235534,1.2450379719811673e-05,155.84654699672183,0.903377129395579
P02_R1,58,6.206896551724138,0.005775053583876583,0.001191163278954732,2.9020634837803416e-05,-17.565777849711914,0.9670721169650515
P02_R1,59,6.101694915254237,0.0024735055579019555,0.0014912045588179911,6.797261085281562e-06,41.10896849176609,0.524852117992001
P02_R1,60,6.0,0.0019459553130702662,0.0009866260031676578,3.909389838018171e-06,95.44377800510658,0.318022536378554
P02_R1,61,5.901639344262295,0.005145802288744414,0.0008878345212133289,2.2791593373620383e-05,93.51603923622656,0.9481472267891312
P02_R1,62,5.806451612903226,0.001512097903697366,0.0007177908241838325,2.304699172481895e-06,60.20197056122914,0.29748184983264225
P02_R1,63,5.714285714285714,0.05878621136857929,0.0013436167420035224,0.002897920522837276,-3.411654763295558,0.9995242110082463
P02_R1,64,5.625,0.004480269943476502,0.0012954963013249955,1.8095752031999156e-05,-176.65029583708724,0.9329021035523233
P02_R1,65,5.538461538461538,0.0015911332329122444,0.000835884330846209,2.6502617334801544e-06,118.7530176990107,0.05561507769563809
P02_R1,66,5.454545454545454,0.0024475206005729914,0.0013948126683658115,6.480252306498181e-06,-27.2907001363411,0.6118498749923822
P02_R1,67,5.373134328358209,0.003349599857200426,0.0017417684679033125,1.168347549103004e-05,-116.83176542501457,0.8778375741769042
P02_R1,68,5.294117647058823,0.002315006825746178,0.001144717261982967,5.481903925804659e-06,158.1984526976552,0.6613144197652213
P02_R1,69,5.217391304347826,0.002491207790031731,0.0007685423655274018,5.652809069846765e-06,21.100305082737933,0.7237567466832214
P02_R1,70,5.142857142857143,0.003948998781130238,0.0019858691802220356,1.607898933300781e-05,-51.86041944206172,0.8624827254549913
P02_R1,71,5.070422535211268,0.0024856958390440985,0.001071164739294331,6.0406252629974675e-06,159.20663453250305,0.414800312860117
P02_R1,72,5.0,0.1858874589200848,0.0018623326257252513,0.02896442201718909,-75.93322153344891,0.9999280440776988
P02_R1,73,4.931506849315069,0.0021931185091853757,0.0010523218896830626,4.868888158074756e-06,98.05726836142264,0.4063622337335748
P02_R1,74,4.864864864864865,0.0035421409614429613,0.0015215115365996934,1.2259376605862617e-05,41.39408663140055,0.8227657220605828
P02_R1,75,4.8,0.004189370876370347,0.0011721010980922804,1.5753013365154364e-05,122.44201601386683,0.9361355814823707
P02_R1,76,4.7368421052631575,0.0030144279824427704,0.0016932209484614449,9.771358958051915e-06,129.0686342790363,0.8840113954371355
P02_R1,77,4.675324675324675,0.003225006706729004,0.001264120990689906,9.923403958578286e-06,150.41364910172067,0.9043305105235139
P02_R1,78,4.615384615384615,0.0023376894162234546,0.0016038329758979947,6.509209545001986e-06,114.83901471450818,0.27372572002160755
P02_R1,79,4.556962025316456,0.003846372093806593,0.0011864767474422794,1.3464382136608064e-05,157.78450871755442,0.9406733207705043
P02_R1,80,4.5,0.0019346080040229501,0.0013469780617437089,4.513375702765961e-06,-148.0864854241189,0.1993613500268009
P02_R1,81,4.444444444444445,0.05214339796627675,0.0009684999182158913,0.0022796160539428033,37.08799812995941,0.9996731187268407
P02_R1,82,4.390243902439025,0.003639774697427445,0.0010341741724195928,1.1907384160760868e-05,-88.59656801104384,0.8943908504713012
P02_R1,83,4.337349397590361,0.0037376356210860546,0.0018402944809045652,1.4275459610575352e-05,-47.09710778741135,0.9005572577330322
P02_R1,84,4.285714285714286,0.005474662602575878,0.001314259518394418,2.6422303873461067e-05,-143.63159984661755,0.9482996473935887
P02_R1,85,4.235294117647059,0.0027974095206666277,0.000448649824226699,6.708409687534367e-06,2.3628909907607847,0.8448197056169208
P02_R1,86,4.186046511627907,0.004697961348058641,0.0014091071602201325,1.9991684598731625e-05,39.13457752752075,0.98507231865464
P02_R1,87,4.137931034482759,0.004088412419211112,0.0006967449575575753,1.438059871590462e-05,78.9591211695407,0.934800406066569
P02_R1,88,4.090909090909091,0.004173708816921083,0.0011168498066090255,1.553050445231246e-05,54.00330993866857,0.9306301146957777
P02_R1,89,4.044943820224719,0.0026535526908501627,0.0014630954998086474,7.517403471189556e-06,52.49294768822932,0.892262021851562
P02_R1,90,4.0,0.016095786767624926,0.0015530958107593056,0.00021890189679686528,105.79498983543726,0.9960802807060074
P02_R1,91,3.956043956043956,0.0038496623408733758,0.0009490755766249503,1.3091003860311705e-05,72.12639337864357,0.9222446021981089
P02_R1,92,3.9130434782608696,0.005252418737425113,0.0014185323430734671,2.4650511828265178e-05,88.05215378006882,0.9925573350841791
P02_R1,93,3.870967741935484,0.0017352010621699957,0.0010709851612154778,3.3994675137658508e-06,67.24063536391598,0.44265069638662996
P02_R1,94,3.8297872340425534,0.005450763590324185,0.0015537787421250513,2.6739433810838515e-05,139.9394771039823,0.9523305749919164
P02_R1,95,3.789473684210526,0.004869508759625454,0.0013319952430274119,2.1238716050752853e-05,144.97243034820698,0.97757391820391
P02_R1,96,3.75,0.003261871988617722,0.0011730155042126219,9.952419969457238e-06,115.9003352996666,0.8598460245131567
P02_R1,97,3.711340206185567,0.003275635449279271,0.0016907359397186853,1.1159182305208167e-05,-163.4552409821014,0.8315358855126963
P02_R1,98,3.673469387755102,0.0028686886119779517,0.0016834099992350316,9.023306869392854e-06,135.06574082758965,0.8383463758836038
P02_R1,99,3.6363636363636362,0.03323145677135284,0.0008050482943713302,0.0009260722468831297,178.9119303320599,0.9996565141481207
P02_R1,100,3.6,0.0018436080321463592,0.0008132521221054264,3.3537121873948673e-06,83.71125839565485,0.5007193507244888
P02_R1,101,3.5643564356435644,0.002150047330074707,0.001421671597613079,5.396662171069521e-06,139.0461189982655,0.738366389494738
P02_R1,102,3.5294117647058822,0.005675269379198539,0.0015827076326631086,2.8868299073763447e-05,160.45326244418712,0.9851217335452335
P02_R1,103,3.495145631067961,0.003859964186197442,0.0016293088704281882,1.4475748668696553e-05,148.16473912097365,0.8332057172368602
P02_R1,104,3.4615384615384617,0.001570122256634291,0.0010825691525215007,2.9485843806480146e-06,102.81664123515351,0.19356612385926367
P02_R1,105,3.4285714285714284,0.0017021619732460942,0.0010976083393635036,3.3340605211490293e-06,-171.97868249680278,0.8616723499794293
P02_R1,106,3.3962264150943398,0.003239310158159904,0.0009720234387331767,9.513624721025286e-06,134.00754341846505,0.9669909679294392
P02_R1,107,3.364485981308411,0.002297971463130355,0.0009259506538199878,5.0729352441305105e-06,166.2820626604199,0.803895948653968
P02_R1,108,3.3333333333333335,0.10811607150510076,0.0029950097092956793,0.00980412352491699,99.25958832772513,0.9998543336241945
P02_R1,109,3.302752293577982,0.0012593420483958018,0.0008969045365444308,1.934816971292439e-06,46.73084580733477,0.437843774167411
P02_R1,110,3.272727272727273,0.003006354942391551,0.0011676833935349766,8.6033104331315e-06,-158.52942579898775,0.9009898339391994
P02_R1,111,3.2432432432432434,0.0018780253788752374,0.0010101067070648385,3.7223343943874663e-06,161.7619242399284,0.08478003348059311
P02_R1,112,3.2142857142857144,0.0020927168247584006,0.001029172792982984,4.4649523215739976e-06,-51.40210244959193,0.2997045115430345
P02_R1,113,3.185840707964602,0.0019350092434164735,0.000597896784181946,3.40598482923458e-06,-68.13058737448682,0.2631697487618245
P02_R1,114,3.1578947368421053,0.002018036890318478,0.0010105014432155311,4.1825854557832995e-06,137.41417570682793,0.32165930877045007
P02_R1,115,3.130434782608696,0.0018171653095028655,0.001095134709154067,3.6716022231293206e-06,22.75485476800237,0.5793240353477239
P02_R1,116,3.103448275862069,0.001738390365139499,0.0013658501398871284,3.937628152238378e-06,149.80206399107493,0.3441913265917481
P02_R1,117,3.076923076923077,0.029556019350643236,0.0012553901948117393,0.0007333032168649776,-147.32061759129147,0.998418024599114
P02_R1,118,3.0508474576271185,0.0035961030090300994,0.0009455930438701194,1.1515278913440482e-05,108.58637653894047,0.9205647660570977
P02_R1,119,3.0252100840336134,0.003512773186586264,0.001062475547401405,1.1189163162694131e-05,109.82555877970613,0.8423790653083183
P02_R1,120,3.0,0.0034970778487401393,0.0013861575835611565,1.1709764719490969e-05,64.23194451899647,0.9283791159685895
P02_R1,121,2.975206611570248,0.00333376598142468,0.000990121405765223,1.0042562445520857e-05,161.9256729156172,0.927869914569585
P02_R1,122,2.9508196721311477,0.0027179878859742027,0.001287333271822023,7.432589690351643e-06,177.881986984277,0.8147129536344152
P02_R1,123,2.926829268292683,0.0015784269582999975,0.0007792736598887914,2.547057671465004e-06,-78.78835701981134,0.6025250309258484
P02_R1,124,2.903225806451613,0.0020965257606787506,0.0011438584146760836,4.664383383364931e-06,-126.93016199106732,0.7919350623759146
P02_R1,125,2.88,0.0022847951422949476,0.0006612193392919696,4.706069035450117e-06,-140.90622842038607,0.7821907843261295
P02_R1,126,2.857142857142857,0.016430902475715325,0.0011766419264838868,0.00022731347600427645,-134.14618903262817,0.993335695786408
P02_R1,127,2.8346456692913384,0.002279282382488726,0.0009059501440117441,4.971584902854955e-06,-138.537837903667,0.7372621907668652
P02_R1,128,2.8125,0.002229816971179955,0.001048839105535822,4.998482898509846e-06,-127.49138803937333,0.5295185791667331
P02_R1,129,2.7906976744186047,0.0029741515917187677,0.0009683069058423735,8.114887574813318e-06,113.05740509769858,0.9505657324454484
P02_R1,130,2.769230769230769,0.0019194111105586818,0.0008384046778608365,3.6211978168931423e-06,19.509496654419497,0.38913085590945395
P02_R1,131,2.7480916030534353,0.0014225281885946394,0.00045319677150947995,1.849554870490856e-06,-81.09189208915325,0.44713530283819236
P02_R1,132,2.727272727272727,0.0013941772411248017,0.0007173832733975177,2.01557006220671e-06,135.71098260817573,0.49172416243517175
P02_R1,133,2.706766917293233,0.0026415914346516562,0.0016497875156767819,7.925063839002714e-06,103.65645172088274,0.6173998627714371
P02_R1,134,2.6865671641791047,0.0014486768464799951,0.0007183010449933371,2.1491076355233158e-06,117.2931706262394,0.4120554403304329
P02_R1,135,2.6666666666666665,0.019558390409562098,0.0009708121179870064,0.0003212910514357156,0.5051090628820339,0.9982564495564618
P02_R1,136,2.6470588235294117,0.002578880713476109,0.0013675916773857732,6.982120437775514e-06,168.85846736695834,0.8612645475275585
P02_R1,137,2.627737226277372,0.0017846038087187097,0.0007722752533971651,3.118521385624123e-06,162.63294242111803,0.5402524729961884
P02_R1,138,2.608695652173913,0.0014175687006696487,0.001062714456025978,2.5338018526723736e-06,49.22645477991268,0.3184688135952372
P02_R1,139,2.5899280575539567,0.00202755391585011,0.001158328400777554,4.452496146090732e-06,-56.7283264662544,0.4482558991668542
P02_R1,140,2.5714285714285716,0.0024105599670652786,0.0009981713219197207,5.622279136133619e-06,176.20493023401247,0.7895533866801057
P02_R1,141,2.5531914893617023,0.0016667651585267785,0.0009248766500688393,2.974012851927052e-06,94.8836149855843,0.7296327989979958
P02_R1,142,2.535211267605634,0.0016898621784848082,0.0009164221753952326,3.0275316377926896e-06,33.23128714004168,0.08546945459813658
P02_R1,143,2.5174825174825175,0.001591002046195947,0.0009565228927748589,2.8099006840307176e-06,115.81792936074378,0.6953283454526461
P02_R1,144,2.5,0.013388552544420364,0.0010458132114621857,0.00015103421539689051,-79.5490496466431,0.9906580029237433
P02_R1,145,2.4827586206896552,0.001797508722538786,0.0009296928502730607,3.357969600212298e-06,148.82025141565578,0.8920396975538435
P02_R1,146,2.4657534246575343,0.0019276012637227918,0.0011099974982900522,4.0497164318725205e-06,115.01022299238473,0.5816332388113352
P02_R1,147,2.4489795918367347,0.001897508676198069,0.0011506565369193494,4.008891473631146e-06,-168.40033915903328,0.6718326375418451
P02_R1,148,2.4324324324324325,0.002440209923507166,0.0011646586254423729,6.006907792507588e-06,147.80561779495196,0.8980923269056507
P02_R1,149,2.4161073825503356,0.002364087861746822,0.0010677824095438253,5.541649254572825e-06,142.2209831607949,0.8120633242749369
P02_R1,150,2.4,0.0017873796464471163,0.0006492975700214242,2.993467672949351e-06,125.72000815734573,0.6697699407347655
P02_R1,151,2.384105960264901,0.0023849814558391633,0.0013232263589136799,6.09030687299423e-06,-167.4961911914341,0.6650470125529345
P02_R1,152,2.3684210526315788,0.0021207225426935084,0.0010402071858907468,4.582384368660737e-06,170.71806128069557,0.5858568004984577
P02_R1,153,2.3529411764705883,0.0150099377184344,0.0012324847842310545,0.0001899360846950604,45.04649144134934,0.9972866841491402
P02_R1,154,2.3376623376623376,0.00152050338385495,0.0007779751364869642,2.3949031905297014e-06,-85.94002976550561,0.3672976569387668
P02_R1,155,2.3225806451612905,0.0021229315989909855,0.000986995003714471,4.5152068421606445e-06,-56.14024256428446,0.17361194870311678
P02_R1,156,2.3076923076923075,0.0018212160414434408,0.0013845950123817846,4.229534563360791e-06,154.68914765919763,0.6119039759359732
P02_R1,157,2.2929936305732483,0.00164120651240246,0.0009451001685946775,2.925695890236673e-06,88.43359973927247,0.4460632477772343
P02_R1,158,2.278481012658228,0.0013299414933490342,0.0005019660661648978,1.6727453278084983e-06,48.65203595673046,0.5280201795671242
P02_R1,159,2.2641509433962264,0.002204577497648675,0.0009816087480557434,4.807318916883853e-06,146.92667295714088,0.7235693187991744
P02_R1,160,2.25,0.002038477292448483,0.0012947931026698692,4.751743568399272e-06,131.3464290477266,0.6349616849562774
P02_R1,161,2.2360248447204967,0.0027716626057776236,0.001473264515364441,8.067174650205713e-06,99.37538415602879,0.894301683810292
P02_R1,162,2.2222222222222223,0.006828262955894797,0.0016752773807739616,4.117530183661238e-05,136.42331926985557,0.989320520069246
P02_R1,163,2.208588957055215,0.0025120423876736266,0.0010421691125348238,6.102919150501886e-06,127.0556037268586,0.6931439979769628
P02_R1,164,2.1951219512195124,0.002265712460278531,0.001345434344939856,5.677973375246899e-06,152.87232010304044,0.7899878376317394
P02_R1,165,2.1818181818181817,0.0013167269959764854,0.0005886597795207829,1.7143019734208427e-06,-120.2172434401137,0.09011103227195315
P02_R1,166,2.1686746987951806,0.002527982629275438,0.0012762863524514194,6.585179059693937e-06,-176.9481045170417,0.9209895040076008
P02_R1,167,2.155688622754491,0.00282316160687521,0.0010339905253317423,7.476018757809666e-06,160.73183122763425,0.8545650604158613
P02_R1,168,2.142857142857143,0.0020196448365962178,0.000932760860346022,4.077396974265641e-06,157.69908914492575,0.7494142850653057
P02_R1,169,2.1301775147928996,0.0028948996768665388,0.0010977077653973953,7.934480532648516e-06,-170.28439642080852,0.760045733911182
P02_R1,170,2.1176470588235294,0.0023050689787626625,0.0009693417132282339,5.161717892820105e-06,-177.82797266535226,0.8694977476705918
P02_R1,171,2.1052631578947367,0.012044750900762555,0.0012074686714441249,0.00012268122733131683,160.06571535087994,0.9957196105858509
P02_R1,172,2.0930232558139537,0.0020903612905348637,0.0008793103055889176,4.245921121020888e-06,148.04901322456405,0.5550582597844498
P02_R1,173,2.0809248554913293,0.0014958074174828036,0.0009613984638127298,2.5704617204433314e-06,141.88901991664895,0.4044667096908045
P02_R1,174,2.0689655172413794,0.0018331010197588653,0.0010665471651045118,3.672620019667456e-06,123.55487719019068,0.6854697784758289
P02_R1,175,2.057142857142857,0.00233814101687582,0.0009985685964022794,5.3279581672244096e-06,174.90607531856486,0.8284520263803629
P02_R1,176,2.0454545454545454,0.0016567031106439335,0.0009790815800256383,3.0241794341989265e-06,153.4190973954588,0.7642615538605437
P02_R1,177,2.0338983050847457,0.0019154274836000508,0.0008703860387997106,3.6472862610265734e-06,151.35235567740187,0.7142299728072347
P02_R1,178,2.0224719101123596,0.002500325075215803,0.0009612832330324691,5.9419494680022515e-06,164.71896891602023,0.774594397164688
P02_R1,179,2.011173184357542,0.0017548588843431731,0.000572615135570587,2.827016547324504e-06,-164.6908664963939,0.7198057222366724
P02_R2,1,360.0,0.2077860072057557,0.009834576205440525,0.03618074813596055,-47.8800965446992,0.9955784070934242
P02_R2,2,180.0,0.250879209805575,0.00427679936957567,0.052662863713822304,-87.93780071258219,0.9986397680496146
P02_R2,3,120.0,0.011680148136516173,0.004843295325238463,0.00013216325213666973,-48.15684957269608,0.9118583337191161
P02_R2,4,90.0,0.034523506112572454,0.003059021407311089,0.0010044439262284867,64.99046694576374,0.9901591974690817
P02_R2,5,72.0,0.03278945325230993,0.0032993271696964365,0.0009082008446291425,-63.74239762430371,0.9911866658127484
P02_R2,6,60.0,0.019001094436307913,0.0056791307955138814,0.0003273795050471623,-131.01107594901603,0.987818847980777
P02_R2,7,51.42857142857143,0.021476624557290935,0.002608765348567335,0.00039116286337435207,-50.60645657891312,0.9844350321493632
P02_R2,8,45.0,0.01626099401351393,0.002793532855788596,0.00022739851168256515,-71.53307590876805,0.9917418246739534
P02_R2,9,40.0,0.40952529011370703,0.0014179369770653102,0.1403073290654127,8.35975596499245,0.9999858790467245
P02_R2,10,36.0,0.030221867200859797,0.0020430174180430033,0.000767454628896563,-62.14733568732182,0.9979251412879219
P02_R2,11,32.72727272727273,0.0363531342800036,0.0013852352173258928,0.001106859515428776,-64.89450898081452,0.9987726050317568
P02_R2,12,30.0,0.02628626787154429,0.0011430491927104111,0.0005789533682185511,-134.28822256911897,0.9990800612502335
P02_R2,13,27.692307692307693,0.029618181251933273,0.001933548940074012,0.0007368916695412542,-7.363968290708345,0.9990043585799053
P02_R2,14,25.714285714285715,0.02906412921268442,0.0012656339379287904,0.0007078023681692783,28.569237655863706,0.9987408310980307
P02_R2,15,24.0,0.02439924668440832,0.001439928995169871,0.0004997335589657166,45.579462236835504,0.9972879464217317
P02_R2,16,22.5,0.029311777924123573,0.0018556525359216145,0.0007210635142439299,46.46168917033415,0.9984298220867854
P02_R2,17,21.176470588235293,0.01420331710019224,0.0013941085408742504,0.0001701843350827913,77.9691336807865,0.9964677697440689
P02_R2,18,20.0,0.10120525041133592,0.0011156337713547296,0.008570077341141926,51.16576344694549,0.9998500184490919
P02_R2,19,18.94736842105263,0.011330350258197347,0.0010603069515243626,0.00010824346744521673,41.7144015018296,0.9951513055239939
P02_R2,20,18.0,0.014768280666889283,0.0012529929551996339,0.00018365859563943936,62.27294217921138,0.9929472795405299
P02_R2,21,17.142857142857142,0.00950898258755114,0.0013738529065176247,7.709847234540442e-05,56.114447978025595,0.9907349456228827
P02_R2,22,16.363636363636363,0.01923006408481753,0.0013207621345739794,0.0003108190053039981,111.32180940503105,0.997160747090635
P02_R2,23,15.652173913043478,0.014565484136740312,0.0018557217546616351,0.00018005299871966702,131.66548065387403,0.9964819493976137
P02_R2,24,15.0,0.01073637027128634,0.001543227571003867,9.823498043405444e-05,118.18402662012512,0.9934317017945276
P02_R2,25,14.4,0.003197121908320113,0.0013344887183473666,9.86681716266399e-06,-17.061919061066938,0.6537152416383086
P02_R2,26,13.846153846153847,0.00996401146148969,0.0020874262744871785,8.63975796210663e-05,111.21574545200629,0.9955143756755461
P02_R2,27,13.333333333333334,0.10847325826193857,0.0013758536207454113,0.009844768564339912,166.66346242821973,0.9999746639709601
P02_R2,28,12.857142857142858,0.009485416439935944,0.0013238572728037738,7.6627759690343e-05,11.48953815292291,0.9841257329593371
P02_R2,29,12.413793103448276,0.010646241108565437,0.0008131847200096156,9.533996513833168e-05,102.59166098679044,0.9887053016276175
P02_R2,30,12.0,0.0071421937302775405,0.001871118722840181,4.536193874141303e-05,117.43564308444776,0.954341002845309
P02_R2,31,11.612903225806452,0.009280795826066555,0.0008568145767040877,7.259926454919604e-05,91.64625207989545,0.9624210358570984
P02_R2,32,11.25,0.00733958099227474,0.0015597868699165787,4.690629070209104e-05,86.5560482020696,0.9930287573083234
P02_R2,33,10.909090909090908,0.005067548557925463,0.0012085413786084142,2.2579086220726636e-05,96.24225948670689,0.9574162238086582
P02_R2,34,10.588235294117647,0.013660653260769134,0.0016181883082954291,0.00015819500331177243,107.27741028215986,0.9867247382452035
P02_R2,35,10.285714285714286,0.00795812941703442,0.003594055341515264,6.298978111204366e-05,66.73146306697998,0.9519569227316811
P02_R2,36,10.0,0.9015897542172251,0.0019794761902248445,0.6800357785851456,96.04298673225466,0.9999860949218224
P02_R2,37,9.72972972972973,0.007262663163598559,0.003688719764589716,5.468626185972376e-05,107.77938962809509,0.9053183260267246
P02_R2,38,9.473684210526315,0.007322128208658374,0.0028199158278048695,5.104076963000535e-05,138.4497621465966,0.9361107587369252
P02_R2,39,9.23076923076923,0.006775506582193979,0.002912398240428175,4.491687948013744e-05,67.08560287479789,0.956877067064832
P02_R2,40,9.0,0.00452127545894985,0.0018995753555306144,1.9795205584405195e-05,31.474964294653137,0.8765797931236037
P02_R2,41,8.78048780487805,0.00414879491401777,0.0012610358641407578,1.562634563619929e-05,86.27731371528624,0.9010823675113885
P02_R2,42,8.571428571428571,0.004027310348112088,0.0018307971065995323,1.614145905557062e-05,114.6193368345936,0.8162877948346933
P02_R2,43,8.372093023255815,0.004826236537314939,0.0018052825966325772,2.1893702077515043e-05,84.55850648174811,0.8519737649234372
P02_R2,44,8.181818181818182,0.008284683776952602,0.001835712768495461,6.006458532839853e-05,114.09896507039714,0.9772015182407111
P02_R2,45,8.0,0.11502950962246332,0.0016877055767106348,0.011071469324809997,-159.17407928771016,0.9999453487989747
P02_R2,46,7.826086956521739,0.01294153677423005,0.0012654916914573702,0.00014140443792041556,112.88151371998342,0.9920628596857207
P02_R2,47,7.659574468085107,0.012543656607999411,0.002033077512053078,0.00013475328047131348,131.75620217327193,0.9930332262147985
P02_R2,48,7.5,0.008192599575194543,0.0016139850485717045,5.81296054682045e-05,45.36292071154472,0.9836103736441313
P02_R2,49,7.346938775510204,0.01094984298078051,0.0018552152705208441,0.00010289505086256624,173.89652817539195,0.9882502997840504
P02_R2,50,7.2,0.007123687794405015,0.001611158629804914,4.448602899331432e-05,-173.08292355429876,0.9456691055840357
P02_R2,51,7.0588235294117645,0.008407862461671009,0.0017696368341736336,6.150964738703585e-05,-143.29029331185316,0.9816142088105572
P02_R2,52,6.923076923076923,0.00632259409764308,0.0013496860847081052,3.479092836635295e-05,-152.09556212578084,0.9819651273152368
P02_R2,53,6.7924528301886795,0.004000720267932755,0.0014466332198661703,1.5000939802825462e-05,-145.508379488543,0.9121522777996548
P02_R2,54,6.666666666666667,0.05427349342241854,0.001315155846271793,0.002465822032959441,-149.4998839513658,0.9993810932027128
P02_R2,55,6.545454545454546,0.0037897730286663134,0.0016324282546554385,1.4046141645443117e-05,-146.3389743070235,0.9519244276781006
P02_R2,56,6.428571428571429,0.00578631953669388,0.0016563282567436095,3.0042618217265644e-05,-139.10905929976107,0.9545385126116761
P02_R2,57,6.315789473684211,0.0034823886526999305,0.0008829378066604594,1.0743308516133094e-05,164.82151899239543,0.8054613236294011
P02_R2,58,6.206896551724138,0.006505663150134004,0.001341897516806657,3.679610875803432e-05,-19.88699870081844,0.9824016455175077
P02_R2,59,6.101694915254237,0.002816111784627712,0.0012160176260354399,7.773412794084168e-06,-3.1021389516261912,0.70047056053302
P02_R2,60,6.0,0.0020053616339490506,0.0011744997133236177,4.401660293258812e-06,123.48184173037279,0.16411304467254823
P02_R2,61,5.901639344262295,0.004784841451481619,0.00201704812797465,2.2237415104114297e-05,90.00246882771653,0.9238538705546577
P02_R2,62,5.806451612903226,0.0014145482721232858,0.0007394515927198727,2.0920775031414935e-06,-88.92286627516701,0.09391934127290774
P02_R2,63,5.714285714285714,0.060187296946059524,0.002475231269641713,0.0030351816513007855,-4.084843463369687,0.9998063345197529
P02_R2,64,5.625,0.003954180244402177,0.0017694731386669593,1.5462377095132805e-05,-159.60482088000444,0.874587809855962
P02_R2,65,5.538461538461538,0.0021368709135590027,0.000993933539016772,4.57651204036258e-06,-139.4332134824232,0.6827164812605356
P02_R2,66,5.454545454545454,0.002648699445184525,0.0012047708843350726,6.966827532095975e-06,-30.056207665960947,0.2834741561539003
P02_R2,67,5.373134328358209,0.003761550220262232,0.002032953729675774,1.4947305961304031e-05,-82.44091158651949,0.6443977020643515
P02_R2,68,5.294117647058823,0.0023194435398753177,0.0011336070896894044,5.468315150394305e-06,150.0352130439543,0.8308505866752877
P02_R2,69,5.217391304347826,0.002178711428314211,0.0012391196769027681,5.134225566444046e-06,3.81817762523158,0.5924070507445299
P02_R2,70,5.142857142857143,0.003383588006172988,0.0011450798488379637,1.0593878963197236e-05,-50.30727647095393,0.7649839712378025
P02_R2,71,5.070422535211268,0.0033884613134180135,0.0026074577710690078,1.4831715407966761e-05,168.1758100400884,0.78622093180016
P02_R2,72,5.0,0.18546136498487537,0.002386996169861197,0.028778772577474226,-76.28946813609602,0.9999044038703128
P02_R2,73,4.931506849315069,0.0028108095611011252,0.0028027745939842637,1.260643466219712e-05,142.71539241705256,0.5596190822710075
P02_R2,74,4.864864864864865,0.003960612145138721,0.0017475903285772286,1.547458534362214e-05,25.729703675869363,0.8980032063201253
P02_R2,75,4.8,0.004302904887015422,0.0013880660684749515,1.694029387837909e-05,131.12856972971267,0.726795397635538
P02_R2,76,4.7368421052631575,0.004629761123520411,0.0012441244135135941,1.9087611447828413e-05,145.204050912306,0.9271080752934475
P02_R2,77,4.675324675324675,0.0022812861909794558,0.0010543941422096843,5.195405424556914e-06,136.19225537328103,0.6870421835648616
P02_R2,78,4.615384615384615,0.002029358642049088,0.0009736705245533763,4.165734959867762e-06,125.66337682783944,0.3516085441529192
P02_R2,79,4.556962025316456,0.0033740036466565182,0.0012134553243376668,1.0642247122655558e-05,162.44238215998448,0.7923675873996358
P02_R2,80,4.5,0.0017058836993608013,0.0005438811135047059,2.6579642491843762e-06,159.47086086437983,0.6536635048060907
P02_R2,81,4.444444444444445,0.051944356345315176,0.0022147040733707713,0.0022611370536798846,35.56846195051988,0.9994428774461732
P02_R2,82,4.390243902439025,0.004328290737780538,0.0017221967433802418,1.7919529488264932e-05,-95.96222919619379,0.9660799314958963
P02_R2,83,4.337349397590361,0.0042913942474438,0.0018607540655114078,1.800774444314877e-05,-32.22311389802884,0.716887788157149
P02_R2,84,4.285714285714286,0.004756215441072393,0.0009399130958148447,1.9583286052095702e-05,-135.1992864399122,0.9531784936769612
P02_R2,85,4.235294117647059,0.0039000368237300104,0.001233530338879645,1.3873461735556525e-05,-9.913761731869808,0.920243608768416
P02_R2,86,4.186046511627907,0.004086354913531596,0.00166275431571201,1.604968179991022e-05,42.053935562804305,0.94069424370481
P02_R2,87,4.137931034482759,0.0029193825578220337,0.0015143497481954235,8.859282124796457e-06,51.309725733203884,0.932741152906505
P02_R2,88,4.090909090909091,0.003698212328100746,0.0009827173574744404,1.215497180688309e-05,45.54603242435064,0.898753599765984
P02_R2,89,4.044943820224719,0.0021041610754135307,0.0008006417360942271,4.1956027031536554e-06,53.42633446239777,0.7612549965425186
P02_R2,90,4.0,0.016499057877952812,0.0019863323987551885,0.00023091863863723577,108.1354752589168,0.9937345088891127
P02_R2,91,3.956043956043956,0.004177684723665206,0.0018314633185529654,1.713232178577643e-05,73.63279618518102,0.9593308803835793
P02_R2,92,3.9130434782608696,0.006823135925472026,0.0014560838804353671,4.054051246488014e-05,96.51705671047682,0.9583886885776765
P02_R2,93,3.870967741935484,0.002235560877882754,0.0010026283466382443,4.945826787164311e-06,95.54775453084233,0.7481781666732714
P02_R2,94,3.8297872340425534,0.006065296345291315,0.001257941057599756,3.1958821552239997e-05,135.26756494149404,0.9469203056606247
P02_R2,95,3.789473684210526,0.005205566125177681,0.001593593635519909,2.45860042650331e-05,140.86392072026115,0.9374644537582951
P02_R2,96,3.75,0.0029019576451163845,0.0014431962257454478,8.617404947397596e-06,125.62751730100284,0.8089401773129086
P02_R2,97,3.711340206185567,0.0030021623859425245,0.0007924423035205574,8.022934609121606e-06,-179.49344276110946,0.530644159191813
P02_R2,98,3.673469387755102,0.0034664640995882103,0.0015092520570895134,1.1808194456778467e-05,143.8213457249929,0.9033106108507236
P02_R2,99,3.6363636363636362,0.03257531389180396,0.0007241906269087166,0.0008881625523357615,179.44060328361851,0.9984045306311523
P02_R2,100,3.6,0.00227332898949046,0.0011891391710791728,5.395686819452157e-06,120.82444229803293,0.6336166212872439
P02_R2,101,3.5643564356435644,0.0026923548266980703,0.0012517556886886857,7.228806925488739e-06,117.88010606832026,0.6046393073788042
P02_R2,102,3.5294117647058822,0.004704122419016317,0.0016997113968953853,2.067028000841128e-05,155.1988236549317,0.9703977343167065
P02_R2,103,3.495145631067961,0.003981628745160545,0.001191974879315748,1.4324126503635206e-05,160.9664308094654,0.9203034874150822
P02_R2,104,3.4615384615384617,0.0018931488841227428,0.0008620910772119844,3.5520844385517966e-06,-177.9550806574102,0.42344208979065134
P02_R2,105,3.4285714285714284,0.0021711006422165894,0.001264736660745914,5.147285453926808e-06,165.4229757438094,0.619395440112145
P02_R2,106,3.3962264150943398,0.002725337925556009,0.001488629170315582,7.880405248269392e-06,105.57055381007451,0.8332535718874953
P02_R2,107,3.364485981308411,0.002489574870888102,0.0011415696910279927,6.1608936909032805e-06,155.07538544435437,0.648146918808524
P02_R2,108,3.3333333333333335,0.11032204309987159,0.0017605672949968832,0.010183780154216802,99.06587086582974,0.9998550692839745
P02_R2,109,3.302752293577982,0.0024063826784899347,0.0016635015009555713,6.961370536978271e-06,57.25287328093028,0.25629296552831343
P02_R2,110,3.272727272727273,0.002912456603362364,0.0013708226751014626,8.54278486665226e-06,-162.48076250887632,0.8309526168301896
P02_R2,111,3.2432432432432434,0.002666681685990991,0.0010760219854539061,6.82404263749438e-06,149.9296752495788,0.2785296248290528
P02_R2,112,3.2142857142857144,0.0030405267120471677,0.0019600852899185205,1.0643627923482705e-05,-16.9114041430295,0.769019466653606
P02_R2,113,3.185840707964602,0.0016878133469830103,0.0012216877475554227,3.5017857833024728e-06,-131.1542570805599,0.5542437446551527
P02_R2,114,3.1578947368421053,0.0022498022415393727,0.0016951391698556452,6.4232176632446316e-06,-162.01705980954438,0.4888708748566347
P02_R2,115,3.130434782608696,0.0035460496104701275,0.0013457579331106625,1.1875510522258691e-05,23.11174539837015,0.6918249329638854
P02_R2,116,3.103448275862069,0.002291092673368011,0.0013409994304541702,5.757125948130883e-06,51.72677948034809,0.3188056018824423
P02_R2,117,3.076923076923077,0.02858920984544331,0.0013063240863860819,0.0006849667684338234,-147.72920851776718,0.9988337645029967
P02_R2,118,3.0508474576271185,0.003694098251377339,0.0014457041803111993,1.3008538585651736e-05,95.99446056658415,0.9114162570352681
P02_R2,119,3.0252100840336134,0.003059135502117479,0.0015070545457254285,9.523171430811458e-06,127.84618132366161,0.523387028858662
P02_R2,120,3.0,0.002461760705132757,0.0015602657769416424,6.905362507475377e-06,97.34791852646137,0.7992314626112476
P02_R2,121,2.975206611570248,0.0035523512998709428,0.0010552932717044067,1.1388594750604507e-05,178.2920926153869,0.9461690580131267
P02_R2,122,2.9508196721311477,0.003197921843568522,0.0012656435813562582,9.74653101233734e-06,-178.4795881452962,0.8311513138050092
P02_R2,123,2.926829268292683,0.0020285141027149177,0.0010063693276901342,4.2048664879698835e-06,-145.4106770916266,0.2531947447060231
P02_R2,124,2.903225806451613,0.002644872903999757,0.000987281798809845,6.572879493278478e-06,-160.98116757546845,0.6651006015614899
P02_R2,125,2.88,0.002886923852123524,0.0013305557802861534,8.30685065204869e-06,-158.84524466448818,0.8941580276616935
P02_R2,126,2.857142857142857,0.015453795262058445,0.002258275188428385,0.00020356581485561553,-132.85633548659928,0.9950785641804284
P02_R2,127,2.8346456692913384,0.0030746422071700466,0.0013736695349574775,9.360667980581034e-06,-98.22082743034093,0.7075859627118174
P02_R2,128,2.8125,0.0023662150467810552,0.0012571488786870645,5.877337070149631e-06,-88.96145766548551,0.6413594212639431
P02_R2,129,2.7906976744186047,0.0024190553602269284,0.001032920183575142,5.705176782166952e-06,120.11014149214995,0.7101613418468931
P02_R2,130,2.769230769230769,0.0025223923989208456,0.0009769590045993549,6.041401198782665e-06,-19.155122912034972,0.6399452446804339
P02_R2,131,2.7480916030534353,0.002052920545337928,0.0007637626061539728,3.963984742464802e-06,-99.94641334139928,0.47857090319102774
P02_R2,132,2.727272727272727,0.0020386168969681456,0.0007613930677728244,3.9121914209017405e-06,114.88948236246503,0.29517884752776236
P02_R2,133,2.706766917293233,0.002082692370410013,0.0014070844292959734,5.124850718100744e-06,132.10190951317196,0.7760081252387049
P02_R2,134,2.6865671641791047,0.0018795462175368721,0.0004777274127799144,3.1239960523283427e-06,129.7891092938574,0.49096000834849646
P02_R2,135,2.6666666666666665,0.019176760581593587,0.0011116134393327748,0.00030850893130569677,1.441735831359284,0.9964859319621888
P02_R2,136,2.6470588235294117,0.0022155155118326435,0.0007591745343080227,4.5357290433813e-06,179.9861673995519,0.649948557929314
P02_R2,137,2.627737226277372,0.002585487237208782,0.0011881161507271308,6.670195132077039e-06,-177.69984365562658,0.6031437947761141
P02_R2,138,2.608695652173913,0.002328101485708563,0.0008575082657554787,5.0861657862890185e-06,67.11742646681763,0.3891021989238296
P02_R2,139,2.5899280575539567,0.00197996782540612,0.0007478969681918021,3.696705996717123e-06,-127.44698132536716,0.15213976689025893
P02_R2,140,2.5714285714285716,0.0023426359134825483,0.0014117293554185713,6.095188958716286e-06,-174.71217825995672,0.6368120486909375
P02_R2,141,2.5531914893617023,0.001968357225051922,0.0014479186627346333,4.828716012871928e-06,85.70254358754173,0.4055359079975648
P02_R2,142,2.535211267605634,0.002363758328265659,0.0008846925938226022,5.2591568146832005e-06,-50.102128940683365,0.4216907314530137
P02_R2,143,2.5174825174825175,0.002033146124286446,0.0012200522701965768,4.580571777108206e-06,110.71181866377245,0.40879816161573523
P02_R2,144,2.5,0.014433060011078505,0.0014595263006735384,0.00017588114088041862,-66.6302104828136,0.993337071800323
P02_R2,145,2.4827586206896552,0.002383908622321408,0.0010254893403682716,5.546259448838283e-06,-168.02428856614912,0.4433217815885195
P02_R2,146,2.4657534246575343,0.0027667615607654445,0.001245389554710805,7.576469799635027e-06,101.17457174472668,0.5895039048165976
P02_R2,147,2.4489795918367347,0.002601992178967549,0.0010685834543420853,6.5282007957554975e-06,152.63801101681733,0.27537264660196636
P02_R2,148,2.4324324324324325,0.003009718076960351,0.0016089062649298819,9.54732698359361e-06,145.95800467533,0.8326146196222152
P02_R2,149,2.4161073825503356,0.0020126265397667873,0.0007897726768391736,3.8634096194449155e-06,145.5832096279013,0.6197482899087338
P02_R2,150,2.4,0.0027002794448723858,0.0013162108636917088,7.392144420000797e-06,80.13599611088478,0.495141534445135
P02_R2,151,2.384105960264901,0.0032916415384368963,0.0007375629159911629,9.480107737552011e-06,-173.85231620354955,0.7698181395320851
P02_R2,152,2.3684210526315788,0.00138701106086692,0.0009897627763473028,2.341565250193054e-06,176.5578418473565,0.30448716862827435
P02_R2,153,2.3529411764705883,0.01289572656678308,0.0008603521903846824,0.00013966299703481073,46.826262565568854,0.9959327915712004
P02_R2,154,2.3376623376623376,0.0016587668978311533,0.0007429440807985543,2.720002593062129e-06,-86.76259025493019,0.32628341871285943
P02_R2,155,2.3225806451612905,0.0015064784651150993,0.0009102804421101093,2.5237158999979148e-06,152.75874526544501,0.12114512911860391
P02_R2,156,2.3076923076923075,0.002239726984389581,0.0014719476450491423,5.830042457106584e-06,133.1903957528964,0.6827279488773476
P02_R2,157,2.2929936305732483,0.0014226468347090702,0.0005790100534822997,1.941761633245581e-06,72.94325427648025,0.5094815541102572
P02_R2,158,2.278481012658228,0.0019086334156143356,0.0015071254103870882,4.761727517215183e-06,79.57585371914341,0.6307384963324322
P02_R2,159,2.2641509433962264,0.0023841406484411192,0.0011544313070448672,5.77608646259705e-06,119.64138895870191,0.6756816125742718
P02_R2,160,2.25,0.0023727392949562756,0.001064188430226349,5.553649467672903e-06,77.5994778386699,0.5767627852688243
P02_R2,161,2.2360248447204967,0.0024689709428814617,0.0010522618009076287,5.9446264649741e-06,71.85191530639374,0.7153504851301966
P02_R2,162,2.2222222222222223,0.007419884749549006,0.0015369214558357683,4.7829560952391294e-05,144.31191990327875,0.9435444638034288
P02_R2,163,2.208588957055215,0.00251880857331317,0.0014120659425446303,6.832845587393012e-06,117.42035578646657,0.8805506281651688
P02_R2,164,2.1951219512195124,0.0032468654126033844,0.001187336552331838,9.892663525516421e-06,147.57771442161703,0.8664103789110643
P02_R2,165,2.1818181818181817,0.0015979457300419162,0.0012639869896889859,3.3456734090813173e-06,-156.9015779027025,0.4089655668834679
P02_R2,166,2.1686746987951806,0.003119528260865414,0.001019034539127189,8.914000724699472e-06,158.18677292478273,0.8015388994471865
P02_R2,167,2.155688622754491,0.0019634604807498264,0.0012190584083985436,4.332426416988295e-06,151.46948655874704,0.9000216101319686
P02_R2,168,2.142857142857143,0.002275042507345249,0.0013051686652989184,5.6054577361638026e-06,122.34624158001104,0.5673134526150152
P02_R2,169,2.1301775147928996,0.0018949709588691132,0.0012226667632163025,4.125148584698502e-06,-169.03714428689565,0.7237767984180514
P02_R2,170,2.1176470588235294,0.0020956695057815417,0.0012475346592095433,4.8526230439946985e-06,154.9589637769198,0.5463554379637542
P02_R2,171,2.1052631578947367,0.010595611897434541,0.0012418920138249595,9.504547257218769e-05,165.31409835916443,0.9899934978837185
P02_R2,172,2.0930232558139537,0.0021632838458974556,0.0009648936611763013,4.624057160868685e-06,149.5632010971198,0.5841569150051023
P02_R2,173,2.0809248554913293,0.0018459208493658476,0.0008784603618411293,3.4302348056702827e-06,131.75250224478785,0.23429166534424753
P02_R2,174,2.0689655172413794,0.0022212814119213107,0.0011603908855587813,5.143419436255983e-06,167.9510528763958,0.7300026171493139
P02_R2,175,2.057142857142857,0.0022071398658669254,0.0013382742085340136,5.422901086218914e-06,156.4615870135894,0.5828529676374892
P02_R2,176,2.0454545454545454,0.0020434423653059664,0.00163103310645026,5.496827665378048e-06,141.44596167821305,0.4758612738951234
P02_R2,177,2.0338983050847457,0.002115235799450607,0.001096334879541785,4.647188017724009e-06,153.02740576833227,0.676133886386561
P02_R2,178,2.0224719101123596,0.002739179701498327,0.0012644809294963845,7.4640668799830004e-06,146.64366783910376,0.8058670480908923
P02_R2,179,2.011173184357542,0.00248639351923765,0.001577763888239179,7.050727967840169e-06,-161.21576380854435,0.5975504950240702
P04,1,360.0,0.3007038276601525,0.007357504594967212,0.08469438952480383,-13.704560236202175,0.9998817077296649
P04,2,180.0,0.2566688600985784,0.006298698995789576,0.061698365354634056,32.28676557505715,0.9977295592128615
P04,3,120.0,0.07354649135383504,0.006117331784902512,0.005096255371521375,27.285436809212417,0.9976537912042314
P04,4,90.0,0.032049083727375624,0.002736568430716731,0.0009678378234024463,1.2683156021474975,0.9532457634102234
P04,5,72.0,0.04801403505606662,0.0036874621579491415,0.0021709586768540534,46.49491914162045,0.9973472402769396
P04,6,60.0,0.05337026128277046,0.0020462095894369097,0.002670996566437346,78.61592032280163,0.9997755948221841
P04,7,51.42857142857143,0.06813612304459943,0.0032404364812620144,0.004356175871972448,48.95190415882494,0.9996339674704117
P04,8,45.0,0.05198498973334244,0.0025001861433289647,0.002535966706281434,86.02575308392198,0.9988976364263857
P04,9,40.0,0.16242146112145095,0.0023775148491121047,0.02470027180961031,138.73167845841525,0.9999313595139288
P04,10,36.0,0.034506123663074637,0.0017449458543862993,0.001116963398112596,124.98649463366434,0.99945382152331
P04,11,32.72727272727273,0.04069794151609722,0.001801797654563905,0.0015531942700962196,150.09359711394492,0.999416289623448
P04,12,30.0,0.027860290712505544,0.0012658783263150585,0.0007280015367590187,-63.32982623814325,0.9974048745909039
P04,13,27.692307692307693,0.020559860660672145,0.0016148038414726307,0.00039802290237843797,-156.02797270039753,0.9985906035323473
P04,14,25.714285714285715,0.009100412544029197,0.001411726053292361,7.927270745857163e-05,-113.72440813348956,0.9738125223454586
P04,15,24.0,0.008714489213500433,0.0017838070479900773,7.372210465122949e-05,-177.90866745923975,0.9810526629230266
P04,16,22.5,0.0027007948089659067,0.001862194681156785,9.791962925268164e-06,157.498224395506,0.5086534958446127
P04,17,21.176470588235293,0.02031397450977973,0.00120816623252065,0.00038767463758537926,-1.1756217467525254,0.9965320803343927
P04,18,20.0,0.25117130464381654,0.001958290913634908,0.059073120413975645,-84.90486370396157,0.9999875308413585
P04,19,18.94736842105263,0.01889884509220066,0.0011240795826512647,0.000335421313911793,158.8452201015294,0.9979306375265816
P04,20,18.0,0.004902799641404212,0.0013494156585465375,2.4079185663183996e-05,-172.65668028570747,0.8835806555079668
P04,21,17.142857142857142,0.006151166926312367,0.0017805156381308937,3.818770780926459e-05,-156.82086799398422,0.9429469655027294
P04,22,16.363636363636363,0.004229688004327956,0.0021389069764947166,2.055594342765524e-05,84.17439878193719,0.9510975267507967
P04,23,15.652173913043478,0.001964915008377892,0.0010261576280102367,4.499569543643273e-06,82.19652343773062,0.5033811131798507
P04,24,15.0,0.017334303737754478,0.0018356348554139225,0.00028399636247088426,-126.22402917612563,0.9965314914648016
P04,25,14.4,0.010506386729263066,0.0011776203204538886,0.00010445663720271921,58.344164930008105,0.9908872520457176
P04,26,13.846153846153847,0.006606225166790375,0.0013767838913926317,4.251418709869503e-05,22.087402214842037,0.9828295518937848
P04,27,13.333333333333334,0.049856464331059794,0.0013237818822975566,0.0023292083752828705,69.58170151420187,0.9997245476016381
P04,28,12.857142857142858,0.007988731055805555,0.0017943263721350456,6.258916667687734e-05,43.16834053140955,0.994452068116153
P04,29,12.413793103448276,0.004462885331368955,0.0016582833244030407,2.0974767668368234e-05,164.03981359392424,0.9769663154719395
P04,30,12.0,0.003164083010931458,0.0011723371017600054,1.0535420265053206e-05,-109.82851880890188,0.8859348401138766
P04,31,11.612903225806452,0.0034904771330577225,0.001457303671427379,1.3241068412264076e-05,82.76127973241587,0.7156866163321783
P04,32,11.25,0.0029391831750565814,0.0012933960431866056,9.471344592959064e-06,-97.31144276700908,0.7143144878596251
P04,33,10.909090909090908,0.002427588934876724,0.0010570525462422079,6.456811956519609e-06,20.337253094284563,0.458270595918688
P04,34,10.588235294117647,0.009407892762760774,0.00126968391611714,8.429861135159113e-05,-33.49981669494526,0.9741517648130132
P04,35,10.285714285714286,0.014383328300726094,0.0021879719635820895,0.00019791682766473435,15.270082454681491,0.9943110729010548
P04,36,10.0,0.8520679173937584,0.0027587396444237826,0.6797362721226643,96.55996990427471,0.9999450399499514
P04,37,9.72972972972973,0.007184755565319998,0.0018014766748393968,5.096821907110725e-05,68.3686769474876,0.939498660601443
P04,38,9.473684210526315,0.0022628006574521445,0.0008251784452533217,5.372811003630309e-06,-63.99356964345292,0.7880438356760981
P04,39,9.23076923076923,0.0037021425845448,0.0019720578880461745,1.6037226075218373e-05,70.42678460766429,0.8976709438149539
P04,40,9.0,0.004368718689551318,0.002120683691575604,2.1632302842863504e-05,95.33601970563359,0.8345002357719732
P04,41,8.78048780487805,0.0030033993762771114,0.0009546441403216953,9.229780438416447e-06,105.81222763043763,0.7808764030633869
P04,42,8.571428571428571,0.002618275368573535,0.0009650184662291459,7.214743727434607e-06,-145.86842999717928,0.7740455275474901
P04,43,8.372093023255815,0.007034684234417156,0.0013281555112505273,4.779435305160577e-05,34.88477255509878,0.9932214491242163
P04,44,8.181818181818182,0.0026655090265781454,0.0025989751367503874,1.242608938245761e-05,-1.6198130572288576,0.755854708209819
P04,45,8.0,0.04652466929039383,0.0013628749308832546,0.0020278209936991165,-20.957557086968965,0.9997394449943008
P04,46,7.826086956521739,0.006225754034414527,0.0012850710911008747,3.7682537865284805e-05,21.32214640345605,0.9842311014125986
P04,47,7.659574468085107,0.0073522316373213934,0.0008587394966018883,5.121945530266543e-05,35.04881632026341,0.991912932339353
P04,48,7.5,0.014005688757658508,0.0008675908636613257,0.000184193971811131,107.85443300670127,0.9980124456692473
P04,49,7.346938775510204,0.012052487197117717,0.001302262178818177,0.00013740893174118933,80.92839722553116,0.9959204545213081
P04,50,7.2,0.009822683371491357,0.0005884265514479487,9.06225660951686e-05,86.02338413970426,0.9887221290363002
P04,51,7.0588235294117645,0.00943403311116352,0.001223237927162061,8.456087888582951e-05,107.4391274269095,0.9842825537426022
P04,52,6.923076923076923,0.006034135711848134,0.0011193926872129596,3.513348749013171e-05,93.81107990950963,0.9751298604552138
P04,53,6.7924528301886795,0.006761278607324124,0.0007650783298185198,4.325684573462036e-05,146.56526493042176,0.9846797333776158
P04,54,6.666666666666667,0.12493044958689101,0.00138322114498025,0.014614541563766594,114.52554398676148,0.9997794508264662
P04,55,6.545454545454546,0.006471931896445221,0.0015212354465974744,4.112333328946065e-05,78.92388634546674,0.9688050580979529
P04,56,6.428571428571429,0.006748095094520318,0.0018791534872923906,4.558878668765614e-05,86.09521462474538,0.985903231861528
P04,57,6.315789473684211,0.006512247821198322,0.0011191192269095597,4.0766530993493135e-05,74.02493106635212,0.9795658757266388
P04,58,6.206896551724138,0.0031569995803003743,0.0008429178149766844,9.941382564977183e-06,95.1191413180972,0.88582669228794
P04,59,6.101694915254237,0.006268269557110327,0.0010927522113704205,3.7773085892548735e-05,113.77407107802979,0.9782832848359687
P04,60,6.0,0.010302251378211417,0.0018718635189600471,0.00010217949571341384,87.3430919055416,0.9948379791793079
P04,61,5.901639344262295,0.004734970093889173,0.0014893048553544985,2.2875136255352545e-05,154.08552765326627,0.9871796593539356
P04,62,5.806451612903226,0.004355016556628115,0.0007614091778189477,1.8256913483564456e-05,130.0564912879245,0.9740314910553666
P04,63,5.714285714285714,0.020405765139864963,0.001363337646094626,0.0003914074318153174,-103.15602298010513,0.9933482579232378
P04,64,5.625,0.003189995657929875,0.0012743434955980923,1.0914442324095305e-05,131.5186272234165,0.9070824150014358
P04,65,5.538461538461538,0.0023135424011337512,0.0009144460519871118,5.713068055300082e-06,126.95681750899168,0.8180717680037013
P04,66,5.454545454545454,0.007672626391776458,0.000773614565934307,5.564235761853191e-05,95.38401644928751,0.982747630056357
P04,67,5.373134328358209,0.0032124729464434593,0.0013302344210382995,1.1157774545629547e-05,61.04487427233552,0.9030161765717467
P04,68,5.294117647058823,0.0056513093597638266,0.0008725160254857903,3.054647788474441e-05,103.13961148433815,0.9874028122628582
P04,69,5.217391304347826,0.0022382997599919626,0.000905825901255538,5.38005651589611e-06,72.00125147730571,0.8708215315243207
P04,70,5.142857142857143,0.006138473519566512,0.0013187526140914585,3.6755221517784784e-05,108.46865045579139,0.9685124765302626
P04,71,5.070422535211268,0.006842860601139965,0.0011336162735110396,4.496687129777539e-05,149.00251275663845,0.9557988138699447
P04,72,5.0,0.1668757575293613,0.004990666252401063,0.026088760101539914,-77.05813054878114,0.9994351596325928
P04,73,4.931506849315069,0.004435491928617422,0.002519707353326578,2.383764572355949e-05,126.02469092929266,0.8596417631245798
P04,74,4.864864864864865,0.0032674084603325298,0.0009278837236344432,1.0726809922794191e-05,135.30360218531467,0.8720368963907306
P04,75,4.8,0.0029871030560425895,0.0012476840653686298,9.659267218336588e-06,121.27925710269645,0.7432553548615017
P04,76,4.7368421052631575,0.002428439658916603,0.0011736039305727535,6.6715259661023325e-06,-78.97135954414816,0.6717460826337183
P04,77,4.675324675324675,0.003403050885665742,0.0012015130709115223,1.2066258205583905e-05,152.54483298628406,0.8792010954428048
P04,78,4.615384615384615,0.006316299091083251,0.0014588287517131383,3.919396689252187e-05,90.64125708836545,0.9772028846927328
P04,79,4.556962025316456,0.0033760506774894545,0.0010676568754498757,1.1636349440241003e-05,-176.54257085365978,0.9421647135971892
P04,80,4.5,0.004570400675477305,0.002601212665113056,2.539812882832199e-05,142.569921593682,0.9299747791840118
P04,81,4.444444444444445,0.026525966245710665,0.0017730067180814024,0.0006613541350765412,166.35422248016252,0.9985865453744125
P04,82,4.390243902439025,0.004173205432344994,0.001872112268143668,1.9331147569945005e-05,139.38029478966422,0.9550792359427632
P04,83,4.337349397590361,0.003291615760716047,0.001421230362377175,1.1846999199132564e-05,166.76459866358854,0.9604286851373525
P04,84,4.285714285714286,0.0037644704781309136,0.0011196331144074315,1.4340741209685946e-05,-67.64050631438238,0.9119305299233841
P04,85,4.235294117647059,0.003340298499151409,0.0012287261180911706,1.1735507557184736e-05,-132.93878690146886,0.8608357747646382
P04,86,4.186046511627907,0.0018252153200437927,0.0006851485080278383,3.5151001808555006e-06,169.6975819821662,0.6811782075343911
P04,87,4.137931034482759,0.001783549550240671,0.0012700242062587117,4.359281993246664e-06,13.550737955177327,0.6477447011043226
P04,88,4.090909090909091,0.0030156060074715343,0.0011555989981344313,9.645467613868556e-06,65.56896181748264,0.6990923397090867
P04,89,4.044943820224719,0.003485940140896292,0.0015803326716537097,1.3476455194256199e-05,97.1159097301688,0.9519331308300654
P04,90,4.0,0.056406339279088225,0.0015992648378259607,0.0029806135901362034,-82.5796964756814,0.9992633244704666
P04,91,3.956043956043956,0.0025297898183694943,0.0013370257445555873,7.510472508208566e-06,128.317353932306,0.4521874969727962
P04,92,3.9130434782608696,0.003236399343782095,0.0011442534119838598,1.0907033176167951e-05,136.81945017578047,0.948419605853443
P04,93,3.870967741935484,0.0031777836642474036,0.0010656399531633175,1.0405886061538073e-05,-171.7451496469597,0.963596538930134
P04,94,3.8297872340425534,0.0016528928123965975,0.0007894195450279606,3.0906393821333798e-06,155.2395400263603,0.39240167804658205
P04,95,3.789473684210526,0.001415879867961711,0.0007333521499746931,2.3344517194012515e-06,117.62217748527796,0.18961351348196995
P04,96,3.75,0.003520925449211579,0.0007407493422545895,1.2061273717452016e-05,-128.0091974737938,0.8418011255015013
P04,97,3.711340206185567,0.0012963314350711386,0.0005223900932602662,1.8008206696071247e-06,125.50763847955638,0.4568178401476908
P04,98,3.673469387755102,0.0017154813813527933,0.0009012186341586064,3.4482056284818236e-06,58.7652225387262,0.757100178893229
P04,99,3.6363636363636362,0.015925204089916593,0.001888318162361261,0.000240299021084506,107.73979772055851,0.9971138123207322
P04,100,3.6,0.0025409888706213477,0.0008056208122329701,6.58598192574689e-06,105.82409853794658,0.9200327630899454
P04,101,3.5643564356435644,0.0028764077983740154,0.0015946694483906687,9.889758533554956e-06,117.53333510045131,0.902350803293478
P04,102,3.5294117647058822,0.0025015855371017005,0.001182038865077779,7.046158777570574e-06,-84.68004115080205,0.8019077849224623
P04,103,3.495145631067961,0.003362520301163478,0.001173910770639222,1.1752254038694054e-05,122.32162484224506,0.909960467090332
P04,104,3.4615384615384617,0.0024219613920918783,0.0008612860360968738,6.112551636970017e-06,112.8111435880943,0.8820051794461249
P04,105,3.4285714285714284,0.002573685573835098,0.001198948659531665,7.38821801257509e-06,157.08636184052486,0.6492754509696853
P04,106,3.3962264150943398,0.001976791637247777,0.0011846616199445695,4.843015729609681e-06,137.43067429063868,0.33638451019822035
P04,107,3.364485981308411,0.0037761432770163847,0.0021727811891258768,1.741930538864566e-05,27.211520550856406,0.9510012919155394
P04,108,3.3333333333333335,0.11246682094602736,0.0028160509892486566,0.011847154414081105,100.96259870432573,0.9993973094726166
P04,109,3.302752293577982,0.0029302191913387057,0.0010133251179217445,8.897040255582047e-06,112.91602200352243,0.5722805680187122
P04,110,3.272727272727273,0.004002421768631016,0.0008890907311607148,1.5659031845914686e-05,82.58003071136596,0.9609774087389592
P04,111,3.2432432432432434,0.0035689733187539868,0.0014999739382305691,1.3831192670187313e-05,107.26261605969707,0.9011381269453714
P04,112,3.2142857142857144,0.005930767707685248,0.0014993188784363945,3.479919741620698e-05,117.35790373947586,0.9848710359391256
P04,113,3.185840707964602,0.0034667297024904933,0.0012204276003654796,1.2501046949819759e-05,101.78390873261851,0.833317816882856
P04,114,3.1578947368421053,0.0026945024436038035,0.0017268257013253923,9.35094810887388e-06,-164.6579821899615,0.8654995708009531
P04,115,3.130434782608696,0.004192176375390684,0.001221366909792712,1.771196038333063e-05,130.68363634399918,0.9349975991280579
P04,116,3.103448275862069,0.0036954978252686324,0.0013971768620381834,1.439251130889451e-05,142.36729426795995,0.9299172219122698
P04,117,3.076923076923077,0.01038414366325923,0.0015050692128323112,0.00010282404418318726,29.36365073092577,0.9915070111560332
P04,118,3.0508474576271185,0.0026139674837553487,0.0010562939558155682,7.341975328259218e-06,132.56439872601177,0.8959310797215643
P04,119,3.0252100840336134,0.00398593216180006,0.0010772406440382961,1.58347101686388e-05,116.89715666057894,0.9657554783935554
P04,120,3.0,0.007544534102385386,0.001168631723480073,5.442180296767674e-05,147.7784767107313,0.9693961115879702
P04,121,2.975206611570248,0.00450958704842905,0.0009897350846022315,1.9864152305323374e-05,127.2597385175966,0.9591261676772858
P04,122,2.9508196721311477,0.004258629984201974,0.0011845382717003694,1.8136590449880667e-05,141.7560856444961,0.9561847407213402
P04,123,2.926829268292683,0.00530126023050873,0.0009968860357039446,2.7123770623771556e-05,155.9695495797444,0.9701360408136667
P04,124,2.903225806451613,0.004991751124735563,0.001602972871364193,2.5518324427328517e-05,172.71395830233817,0.9217023083138016
P04,125,2.88,0.004397376870591209,0.001407539722990044,1.9784691982038777e-05,-177.56239049001815,0.9428352174153218
P04,126,2.857142857142857,0.04190932216219663,0.0008141468240924232,0.0016448739034639382,129.931984678587,0.9992684918778947
P04,127,2.8346456692913384,0.00447059556237502,0.0012997469757920859,2.0159549961647398e-05,167.4642623207603,0.9911918508701736
P04,128,2.8125,0.0034330006396932388,0.0011545684978099128,1.2165153354944655e-05,169.62038797170294,0.9277480023018667
P04,129,2.7906976744186047,0.004290234378166507,0.0012999322118927808,1.8669567084140412e-05,144.42852725253144,0.9492139630924519
P04,130,2.769230769230769,0.004290465113189789,0.0012849795880529413,1.861910635827673e-05,162.11863097591163,0.9784826124889577
P04,131,2.7480916030534353,0.0047680889622723635,0.0013181687262942695,2.271847788868215e-05,149.80700616087933,0.977170187564312
P04,132,2.727272727272727,0.0045498846392393434,0.0010816032628855748,2.035926167713043e-05,155.8545389150736,0.9706336989022419
P04,133,2.706766917293233,0.004252036623618072,0.0014947883424409945,1.8814028811940653e-05,177.29361692838157,0.9568335347249841
P04,134,2.6865671641791047,0.004492323791456484,0.0010900883363085083,1.9872378672422373e-05,179.9871940001231,0.9738161108689304
P04,135,2.6666666666666665,0.0072908389167291605,0.0008774376944700888,5.042000298988341e-05,-80.62236933642555,0.9750705170536751
P04,136,2.6470588235294117,0.004151334973268468,0.0014611387337286421,1.7923366799322833e-05,-159.52778960448893,0.9566352839671055
P04,137,2.627737226277372,0.0027436309693511284,0.0013116097725816693,8.47732052576999e-06,-138.49084839595474,0.7423227382321709
P04,138,2.608695652173913,0.005447871051361924,0.0013045679113545376,2.9257795192944828e-05,-178.7375698839143,0.972917876761337
P04,139,2.5899280575539567,0.004203393739349668,0.0014263997111840405,1.825832570348135e-05,-152.13140078212356,0.9482155524630513
P04,140,2.5714285714285716,0.0031512103374203826,0.0012788616957679516,1.0674483203110482e-05,-138.5286104935194,0.9533425395370712
P04,141,2.5531914893617023,0.004095264457075469,0.0012633496516638507,1.709170025263017e-05,-120.82254737824539,0.9172608575286677
P04,142,2.535211267605634,0.0037533947147169212,0.001461738886902823,1.5041463315076538e-05,-171.52979149856728,0.9043420896357938
P04,143,2.5174825174825175,0.0055743308652276705,0.001713070120326661,3.163169212105117e-05,-167.7252471325824,0.9846454097227435
P04,144,2.5,0.017519212721304696,0.0017042342566905438,0.00028957616103798394,-79.28939600006089,0.9724452930861913
P04,145,2.4827586206896552,0.003495742496001226,0.001492365081576119,1.3336942693346443e-05,-159.324809374397,0.8907442523207085
P04,146,2.4657534246575343,0.00492834843720458,0.0017666373461490243,2.5390183578756206e-05,-147.59302041745704,0.9654999334777821
P04,147,2.4489795918367347,0.003920110041780201,0.001123226324241643,1.54464966607793e-05,-127.80966689160628,0.8883996412893695
P04,148,2.4324324324324325,0.004173174741063595,0.0012974799510357122,1.7709988550752666e-05,-105.22986905404606,0.9642758326020346
P04,149,2.4161073825503356,0.004539131415740259,0.0013201297763503893,2.0759123441269687e-05,-132.14153949407643,0.9704276327341202
P04,150,2.4,0.0034283274784772957,0.0012319534364191966,1.2261605698113945e-05,-158.9114098749602,0.9148484798310924
P04,151,2.384105960264901,0.004144127700864912,0.0015399082941466042,1.807678340943724e-05,-123.88120182070818,0.9387660625878675
P04,152,2.3684210526315788,0.003430326253707114,0.0008746904916719721,1.1646973924548995e-05,-111.26937696463916,0.9469384377951968
P04,153,2.3529411764705883,0.009634197715177572,0.00118243544816247,8.806535632764144e-05,-120.97019483715185,0.9902190061102943
P04,154,2.3376623376623376,0.004200544973577904,0.0009397070064921877,1.7300125632695813e-05,-114.8072703781903,0.9364994931476802
P04,155,2.3225806451612905,0.0052549932525002355,0.0015728935770700924,2.7958980357716447e-05,-104.4884106213775,0.9807180856957486
P04,156,2.3076923076923075,0.004915137114785662,0.0015825081935566978,2.4726236857890404e-05,-91.87513159454758,0.9552553376316787
P04,157,2.2929936305732483,0.005526708765621222,0.0018154960991350483,3.1387328412121096e-05,-91.76892224766688,0.9822494379713372
P04,158,2.278481012658228,0.004683216310662042,0.0012932432056938596,2.195775541511242e-05,-92.59430815399384,0.9510322052100278
P04,159,2.2641509433962264,0.0036165033162851947,0.0014433621326291363,1.396171578105748e-05,-73.03299075229084,0.9487230896302087
P04,160,2.25,0.002865415683190631,0.0012887742079309358,9.096811871798338e-06,-61.606218188422375,0.7829535770605119
P04,161,2.2360248447204967,0.0025843250465919622,0.0013664069011798815,7.846745784148205e-06,-96.79174922255658,0.9780145314176247
P04,162,2.2222222222222223,0.02162136478840508,0.0014879525850334686,0.0004395002227533652,-85.86386378850236,0.9991275469686066
P04,163,2.208588957055215,0.003360631516374238,0.0015820185459087539,1.268730179286683e-05,-50.77001323490736,0.9433073984053111
P04,164,2.1951219512195124,0.0035892195646464197,0.0014033812643576716,1.3735570556698046e-05,-69.93242639518935,0.9632314681347565
P04,165,2.1818181818181817,0.0035325857895652443,0.0015028846362357916,1.3554678430005116e-05,-91.54350972537286,0.9231713728840745
P04,166,2.1686746987951806,0.004817165340528403,0.0017021076685696404,2.420390890407166e-05,-66.5404288338309,0.9391827110398924
P04,167,2.155688622754491,0.004803160049833129,0.001382919487847555,2.3215083494388758e-05,-72.52535512743138,0.9610140845371999
P04,168,2.142857142857143,0.005241702537772462,0.0015981894916085979,2.786190400951953e-05,-68.3467603235011,0.9652135384076252
P04,169,2.1301775147928996,0.004940567896030275,0.0016406620784174585,2.513626045941375e-05,-51.18490717592057,0.989227961716368
P04,170,2.1176470588235294,0.004039243053751392,0.0010104159514126856,1.6114610170526012e-05,-32.69626682492707,0.987133060185402
P04,171,2.1052631578947367,0.0033966310294805623,0.001289478727378759,1.2219902314730708e-05,-92.01772315920456,0.794536005341426
P04,172,2.0930232558139537,0.003995905868785015,0.0014709229291894122,1.6786457084148053e-05,-15.1027362040553,0.9478763364090365
P04,173,2.0809248554913293,0.0036691000018650166,0.0012643074863274192,1.3951544329382086e-05,-11.431707591440656,0.9320293100910332
P04,174,2.0689655172413794,0.0040454563584262065,0.0016888031012356032,1.772540929150576e-05,-2.829336657364834,0.9724551961582895
P04,175,2.057142857142857,0.0029298314183728883,0.0013321342312965939,9.511913056238377e-06,-25.92939837936875,0.9128763346377011
P04,176,2.0454545454545454,0.0021704661309234234,0.0010495245639526509,5.324917336611254e-06,-6.926272036544955,0.6981302543978872
P04,177,2.0338983050847457,0.002421033599228894,0.0016422244729821654,7.797139237678635e-06,2.7660085347023475,0.5619811690342776
P04,178,2.0224719101123596,0.0034214748482688574,0.0016550350139288475,1.3307645891454442e-05,-16.941798580579878,0.8617566739989333
P04,179,2.011173184357542,0.004688141613251455,0.0020547417438977643,2.421329743312343e-05,3.707610471880047,0.9666664682862789
