point_index,sweep_angle_deg,a1_raw_mean_error_deg,a1_raw_pointwise_sd_deg,a1_centered_mean_error_deg,a1_centered_pointwise_sd_deg,a1_top_selection_rate,a1_bottom_selection_rate,b_raw_mean_error_deg,b_raw_pointwise_sd_deg,b_centered_mean_error_deg,b_centered_pointwise_sd_deg,b_top_selection_rate,b_bottom_selection_rate,a2_raw_mean_error_deg,a2_raw_pointwise_sd_deg,a2_centered_mean_error_deg,a2_centered_pointwise_sd_deg,a2_top_selection_rate,a2_bottom_selection_rate,a_average_raw_mean_error_deg,a_average_centered_mean_error_deg,b_minus_a_raw_error_deg,b_minus_a_centered_error_deg,b_aligned_source_index,b_aligned_source_angle_deg,b_aligned_centered_mean_error_deg,b_minus_a_aligned_centered_error_deg
0,0.0,0.004536666666666667,0.0017188465124417982,0.028730435185185182,0.008169305196229732,0.0,0.0,-0.0014200000000000003,0.01534421715174808,-0.28531463888888886,0.011313237094463953,0.0,0.0,0.0016866666666666664,0.006860250238390239,-0.24250072222222221,0.029771303556520228,0.0,0.0,0.0031116666666666667,-0.10688514351851852,-0.0045316666666666665,-0.17842949537037034,0,0.0,-0.28531463888888886,-0.17842949537037034
1,1.0,0.5055633333333334,0.009875790263737569,0.5297571018518519,0.002897100143418928,0.0,0.0,0.51404,0.029175225791756926,0.2301453611111111,0.025144245734472798,0.0,0.0,0.5097566666666666,0.018219111760273427,0.2655692777777778,0.01523467877570508,0.0,0.0,0.50766,0.39766318981481485,0.006380000000000052,-0.16751782870370374,1,1.0,0.2301453611111111,-0.16751782870370374
2,2.0,0.7714500000000001,0.009286587101836706,0.7956437685185186,0.0017444731721655015,0.0,0.0,0.7894300000000001,0.03327644512263892,0.5055353611111111,0.029245465065354755,0.0,0.0,0.7853433333333334,0.023996875491057886,0.5411559444444444,0.015100271682950554,0.0,0.0,0.7783966666666667,0.6683998564814815,0.01103333333333334,-0.1628644953703704,2,2.0,0.5055353611111111,-0.1628644953703704
3,3.0,0.9621166666666667,0.010856488075493562,0.9863104351851852,0.005764806915937028,0.0,0.0,0.99123,0.00951765727477087,0.7073353611111112,0.0054866772174867445,0.0,0.0,0.9856166666666667,0.019118301005406665,0.7414292777777778,0.016444533063504577,0.0,0.0,0.9738666666666667,0.8638698564814815,0.017363333333333397,-0.15653449537037034,3,3.0,0.7073353611111112,-0.15653449537037034
4,4.0,0.91223,0.010516886421370154,0.9364237685185186,0.002341296170824272,0.0,0.0,0.96634,0.010832875887777909,0.6824453611111111,0.014863855945061956,0.0,0.0,0.9400333333333334,0.04245210988082137,0.6958459444444444,0.02013324974897185,0.0,0.0,0.9261316666666667,0.8161348564814814,0.04020833333333329,-0.13368949537037034,4,4.0,0.6824453611111111,-0.13368949537037034
5,5.0,0.19575,0.010578738110001587,0.21994376851851852,0.0027205554954753096,0.0,0.0,0.28972,0.01046518036156089,0.005825361111111121,0.006434200304276763,0.0,0.0,0.26964333333333335,0.04047599453173859,0.025455944444444444,0.017730009608915978,0.0,0.0,0.23269666666666666,0.12269985648148148,0.057023333333333315,-0.11687449537037035,5,5.0,0.005825361111111121,-0.11687449537037035
6,6.0,-0.5706266666666666,0.015169885738967664,-0.5464328981481481,0.007602013243352691,0.0,0.0,-0.5259400000000001,0.012473363620130691,-0.8098346388888888,0.008442383562846564,0.0,0.0,-0.45904666666666666,0.04482383778006222,-0.7032340555555555,0.049754894037996406,0.0,0.0,-0.5148366666666666,-0.6248334768518518,-0.011103333333333465,-0.1850011620370371,6,6.0,-0.8098346388888888,-0.1850011620370371
7,7.0,-0.7449866666666667,0.005934326695871507,-0.7207928981481482,0.005839173059498695,0.0,0.0,-0.71761,0.006279108216936541,-1.0015046388888889,0.0022481281596523363,0.0,0.0,-0.62444,0.0377594279617687,-0.8686273888888888,0.019641639263423865,0.0,0.0,-0.6847133333333333,-0.7947101435185184,-0.032896666666666685,-0.20679449537037042,7,7.0,-1.0015046388888889,-0.20679449537037042
8,8.0,-0.5848866666666667,0.004567990075879448,-0.5606928981481482,0.009256447696779791,0.0,0.0,-0.543015,0.024190122984391764,-0.8269096388888889,0.02015914292710764,0.0,0.0,-0.45056999999999997,0.04641495556391278,-0.6947573888888888,0.028370723758226354,0.0,0.0,-0.5177283333333333,-0.6277251435185185,-0.02528666666666668,-0.19918449537037042,8,8.0,-0.8269096388888889,-0.19918449537037042
9,9.0,-0.32072,0.01955484850363202,-0.2965262314814815,0.010638015321559701,0.0,0.0,-0.27027999999999996,0.036444283502354645,-0.5541746388888888,0.032413303445070554,0.0,0.0,-0.16080666666666665,0.02679535842890207,-0.40499405555555557,0.008802728769410548,0.0,0.0,-0.24076333333333333,-0.35076014351851853,-0.029516666666666636,-0.20341449537037032,9,9.0,-0.5541746388888888,-0.20341449537037032
10,10.0,0.15281999999999998,0.014950120400852964,0.1770137685185185,0.006041710090286684,0.0,0.0,0.205685,0.033057242020471105,-0.07820963888888888,0.02902626196318698,0.0,0.0,0.27934,0.037805215248692875,0.035152611111111114,0.019875811609117788,0.0,0.0,0.21608,0.10608318981481481,-0.010394999999999988,-0.18429282870370367,10,10.0,-0.07820963888888888,-0.18429282870370367
11,11.0,0.5463466666666666,0.007770008580003842,0.5705404351851852,0.0045212712261328706,0.0,0.0,0.600265,0.01465832357399715,0.3163703611111111,0.010627343516713022,0.0,0.0,0.6423666666666666,0.0340609018279513,0.3981792777777778,0.01675959811766339,0.0,0.0,0.5943566666666666,0.4843598564814815,0.005908333333333404,-0.1679894953703704,11,11.0,0.3163703611111111,-0.1679894953703704
12,12.0,0.7855133333333333,0.004060016420328074,0.8097071018518518,0.011002458718491502,0.0,0.0,0.855665,0.03433003422660695,0.5717703611111111,0.030299054169322742,0.0,0.0,0.8930866666666667,0.038646314615152264,0.6488992777777778,0.016056704498226427,0.0,0.0,0.8392999999999999,0.7293031898148148,0.016365000000000074,-0.15753282870370366,12,12.0,0.5717703611111111,-0.15753282870370366
13,13.0,0.9632766666666667,0.0165062725451064,0.9874704351851852,0.011150108452398867,0.0,0.0,1.059505,0.009581296885077684,0.775610361111111,0.005550316827793636,0.0,0.0,1.08972,0.0353346190017665,0.8455326111111111,0.006730926294932145,0.0,0.0,1.0264983333333333,0.9165015231481481,0.03300666666666663,-0.1408911620370371,13,13.0,0.775610361111111,-0.1408911620370371
14,14.0,0.9567866666666666,0.014714640102066152,0.9809804351851851,0.008046813113154493,0.0,0.0,1.0637050000000001,0.009256027765731782,0.7798103611111111,0.0052250477084477345,0.0,0.0,1.1075066666666666,0.045106609641308,0.8633192777777777,0.027255108433691083,0.0,0.0,1.0321466666666665,0.9221498564814814,0.03155833333333358,-0.14233949537037027,14,14.0,0.7798103611111111,-0.14233949537037027
15,15.0,0.28956333333333334,0.005442144185275994,0.31375710185185185,0.008571155313472288,0.0,0.0,0.42964,0.024748737341529145,0.1457453611111111,0.02071775728424502,0.0,0.0,0.4179866666666667,0.03910620709469703,0.1737992777777778,0.03034844365237107,0.0,0.0,0.353775,0.2437781898148148,0.07586500000000002,-0.0980328287037037,15,15.0,0.1457453611111111,-0.0980328287037037
16,16.0,-0.5074533333333333,0.02289689134649795,-0.4832595648148148,0.016749180847307477,0.0,0.0,-0.38666,0.011568266940211947,-0.6705546388888889,0.00753728688292782,0.0,0.0,-0.32658000000000004,0.03626663893994038,-0.5707673888888888,0.032062319116388634,0.0,0.0,-0.4170166666666667,-0.5270134768518517,0.0303566666666667,-0.14354116203703715,16,16.0,-0.6705546388888889,-0.14354116203703715
17,17.0,-0.6754566666666667,0.016538834098367754,-0.6512628981481482,0.008200766635361827,0.0,0.0,-0.5784499999999999,0.00960251008851334,-0.8623446388888889,0.005571530031229214,0.0,0.0,-0.5242933333333334,0.018936526432620452,-0.7684807222222222,0.02120849425371897,0.0,0.0,-0.599875,-0.7098718101851852,0.02142500000000014,-0.1524728287037037,17,17.0,-0.8623446388888889,-0.1524728287037037
18,18.0,-0.5539433333333333,0.010435019565546235,-0.5297495648148147,0.005247349452631767,0.0,0.0,-0.45146,0.0036910973977937406,-0.735354638888889,0.0003398826594903467,0.0,0.0,-0.42517999999999995,0.04439446699758878,-0.6693673888888889,0.022375440620342562,0.0,0.0,-0.4895616666666667,-0.5995584768518518,0.0381016666666667,-0.13579616203703715,18,18.0,-0.735354638888889,-0.13579616203703715
19,19.0,-0.33386,0.017377419256034553,-0.3096662314814815,0.009911332640163051,0.0,0.0,-0.234465,0.002156675682618968,-0.5183596388888889,0.006187655739903095,0.0,0.0,-0.23528000000000002,0.028676832112351586,-0.4794673888888889,0.0226215579065886,0.0,0.0,-0.28457,-0.3945668101851852,0.05010499999999998,-0.12379282870370373,19,19.0,-0.5183596388888889,-0.12379282870370373
20,20.0,0.03512666666666667,0.012658445138852295,0.059320435185185184,0.0036929555538185712,0.0,0.0,0.15373,0.009772215715998086,-0.13016463888888888,0.013803195773282213,0.0,0.0,0.13762333333333335,0.023427271145682618,-0.10656405555555555,0.020600028827084123,0.0,0.0,0.08637500000000001,-0.023621810185185183,0.067355,-0.1065428287037037,20,20.0,-0.13016463888888888,-0.1065428287037037
21,21.0,0.5155866666666666,0.005093881951256179,0.5397804351851853,0.006304446459993467,0.0,0.0,0.661375,0.008973185053257273,0.3774803611111111,0.0130041651105414,0.0,0.0,0.6133333333333333,0.020327324795292985,0.36914594444444443,0.017189369798383744,0.0,0.0,0.56446,0.4544631898148148,0.09691500000000008,-0.07698282870370371,21,21.0,0.3774803611111111,-0.07698282870370371
22,22.0,0.80064,0.007662369085341692,0.8248337685185185,0.00797196241235248,0.0,0.0,0.970045,0.009298454172603096,0.6861503611111112,0.005267474115319049,0.0,0.0,0.9049299999999999,0.02928517030853671,0.6607426111111111,0.012223993308200013,0.0,0.0,0.8527849999999999,0.7427881898148148,0.11726000000000014,-0.0566378287037036,22,22.0,0.6861503611111112,-0.0566378287037036
23,23.0,1.0405266666666666,0.003344702278728794,1.064720435185185,0.005763009476174643,0.0,0.0,1.1758549999999999,0.03925149742366538,0.8919603611111111,0.03522051736638133,0.0,0.0,1.13657,0.04270834578861614,0.8923826111111111,0.021422985531096905,0.0,0.0,1.0885483333333332,0.9785515231481481,0.08730666666666664,-0.08659116203703698,23,23.0,0.8919603611111111,-0.08659116203703698
24,24.0,1.1086433333333334,0.020378975276822305,1.132837101851852,0.026820215340441766,0.0,0.0,1.2552050000000001,0.02078186829907265,0.9713103611111111,0.0167508882417886,0.0,0.0,1.1517233333333332,0.029700091470117308,0.9075359444444445,0.014970947018179703,0.0,0.0,1.1301833333333333,1.0201865231481482,0.1250216666666668,-0.04887616203703704,24,24.0,0.9713103611111111,-0.04887616203703704
25,25.0,0.55649,0.10629097845066623,0.5806837685185186,0.11032979655199204,0.0,0.0,0.7171799999999999,0.005374011537017719,0.4332853611111111,0.0013430314797335924,0.0,0.0,0.6341366666666667,0.0361241779606586,0.38994927777777777,0.0197041809553491,0.0,0.0,0.5953133333333334,0.48531652314814816,0.12186666666666657,-0.05203116203703706,25,25.0,0.4332853611111111,-0.05203116203703706
26,26.0,-0.4482333333333333,0.016643768603694705,-0.4240395648148148,0.011519622505400265,0.0,0.0,-0.24762,0.026756920600098967,-0.531514638888889,0.0227259405428149,0.0,0.0,-0.27471,0.04519272507826896,-0.5188973888888889,0.01864001942235005,0.0,0.0,-0.36147166666666664,-0.4714684768518519,0.11385166666666663,-0.060046162037037054,26,26.0,-0.531514638888889,-0.060046162037037054
27,27.0,-0.7484033333333334,0.011481795736440061,-0.7242095648148149,0.010341235843845475,0.0,0.0,-0.572845,0.031289475067504735,-0.8567396388888889,0.02725849501022061,0.0,0.0,-0.60258,0.05110694766858999,-0.8467673888888889,0.01950658437009947,0.0,0.0,-0.6754916666666667,-0.785488476851852,0.10264666666666666,-0.07125116203703696,27,27.0,-0.8567396388888889,-0.07125116203703696
28,28.0,-0.6707766666666667,0.0156826220171671,-0.6465828981481482,0.010932581138601705,0.0,0.0,-0.532805,0.013724942622830914,-0.816699638888889,0.009693962565546789,0.0,0.0,-0.5238133333333334,0.03606976064979266,-0.7680007222222223,0.013249370830304356,0.0,0.0,-0.597295,-0.7072918101851853,0.06449000000000005,-0.10940782870370369,28,28.0,-0.816699638888889,-0.10940782870370369
29,29.0,-0.45605333333333337,0.01164881682117687,-0.43185956481481486,0.008075448002724155,0.0,0.0,-0.30269,0.010422753954689693,-0.5865846388888889,0.01445373401197374,0.0,0.0,-0.3173633333333334,0.03498068800543141,-0.5615507222222222,0.016534225636506833,0.0,0.0,-0.3867083333333334,-0.4967051435185186,0.08401833333333336,-0.08987949537037032,29,29.0,-0.5865846388888889,-0.08987949537037032
30,30.0,-0.009976666666666667,0.014021862691287962,0.014217101851851849,0.015599386306194448,0.0,0.0,0.133975,0.00712056528654853,-0.14991963888888887,0.003089585229264404,0.0,0.0,0.12654666666666667,0.029662984228383583,-0.11764072222222222,0.014416770111730126,0.0,0.0,0.058285000000000003,-0.051711810185185184,0.07569000000000001,-0.09820782870370369,30,30.0,-0.14991963888888887,-0.09820782870370369
31,31.0,0.34714,0.018092188922294607,0.3713337685185185,0.012552238743815343,0.0,0.0,0.483565,0.021432406537764258,0.1996703611111111,0.017401426480480132,0.0,0.0,0.4790666666666667,0.03113189736160217,0.23487927777777776,0.005517221765529349,0.0,0.0,0.4131033333333334,0.3031065231481481,0.07046166666666664,-0.10343616203703701,31,31.0,0.1996703611111111,-0.10343616203703701
32,32.0,0.5149566666666666,0.002852110329796719,0.5391504351851852,0.010756288078258184,0.0,0.0,0.65831,0.012020815280171319,0.3744153611111111,0.007989835222887192,0.0,0.0,0.6388566666666667,0.02248786413453557,0.39466927777777777,0.01509982183151062,0.0,0.0,0.5769066666666667,0.46690985648148153,0.08140333333333327,-0.09249449537037041,32,32.0,0.3744153611111111,-0.09249449537037041
33,33.0,0.63192,0.020509158929609923,0.6561137685185185,0.017279851714048805,0.0,0.0,0.794145,0.0022698127676087716,0.5102503611111111,0.006300792824892819,0.0,0.0,0.7936633333333334,0.020981537916304735,0.5494759444444445,0.016730150266942485,0.0,0.0,0.7127916666666667,0.6027948564814816,0.08135333333333328,-0.09254449537037046,33,33.0,0.5102503611111111,-0.09254449537037046
34,34.0,0.39408666666666664,0.03132565934395211,0.41828043518518515,0.02679630179500796,0.0,0.0,0.579025,0.0060599051147686885,0.29513036111111113,0.010090885172052816,0.0,0.0,0.57248,0.04881166663821265,0.32829261111111113,0.025833282756058625,0.0,0.0,0.4832833333333333,0.37328652314814814,0.09574166666666672,-0.07815616203703701,34,34.0,0.29513036111111113,-0.07815616203703701
35,35.0,-0.6289699999999999,0.018104300594057727,-0.6047762314814814,0.011473583462969983,0.0,0.0,-0.45209,0.006858935777509501,-0.7359846388888889,0.0028279557202253356,0.0,0.0,-0.4622,0.08652371755767317,-0.7063873888888889,0.05599573321948566,0.0,0.0,-0.545585,-0.6555818101851851,0.093495,-0.08040282870370374,35,35.0,-0.7359846388888889,-0.08040282870370374
36,36.0,-1.2796233333333333,0.016608318197015998,-1.2554295648148148,0.01001756797942895,0.0,0.0,-1.1403050000000001,0.023327452711344256,-1.424199638888889,0.019296472654060207,0.0,1.0,-1.12068,0.052275968666300174,-1.3648673888888887,0.019158685734297878,0.0,0.0,-1.2001516666666667,-1.3101484768518517,0.059846666666666604,-0.11405116203703725,36,36.0,-1.424199638888889,-0.11405116203703725
37,37.0,-1.26948,0.0021243116532185533,-1.2452862314814814,0.00956300954973936,0.0,0.0,-1.112425,0.0005586143571372639,-1.396319638888889,0.003472365700146784,0.0,1.0,-1.0814733333333333,0.040662426554908614,-1.3256607222222223,0.010965750982998967,0.0,0.0,-1.1754766666666665,-1.2854734768518519,0.0630516666666665,-0.11084616203703712,37,37.0,-1.396319638888889,-0.11084616203703712
38,38.0,-1.10302,0.012273292141882766,-1.0788262314814814,0.007477941170429556,0.0,0.0,-0.9063300000000001,0.005458864350760189,-1.1902246388888889,0.009489844408044316,0.0,0.0,-0.8866066666666667,0.031339523502014764,-1.1307940555555556,0.004228138040297249,0.0,0.0,-0.9948133333333333,-1.1048101435185185,0.08848333333333325,-0.08541449537037038,38,38.0,-1.1902246388888889,-0.08541449537037038
39,39.0,-0.8483300000000001,0.015492795099658396,-0.8241362314814814,0.007255574196862896,0.0,0.0,-0.625505,0.009340880579474253,-0.9093996388888889,0.005309900522190205,0.0,0.0,-0.63088,0.03514740957737856,-0.875067388888889,0.0059926284957278145,0.0,0.0,-0.7396050000000001,-0.8496018101851852,0.11410000000000009,-0.05979782870370365,39,39.0,-0.9093996388888889,-0.05979782870370365
40,40.0,-0.47618333333333335,0.009425759032212397,-0.45198956481481484,0.002973724451150179,0.0,0.0,-0.23926999999999998,0.014736105319927648,-0.5231646388888889,0.010705125262643582,0.0,0.0,-0.24141333333333334,0.02797254070214814,-0.4856007222222223,0.0057593156575554945,0.0,0.0,-0.35879833333333333,-0.4687951435185186,0.11952833333333335,-0.05436949537037028,40,40.0,-0.5231646388888889,-0.05436949537037028
41,41.0,-0.005866666666666667,0.010030081422068982,0.018327101851851848,0.0012446137584265298,0.0,0.0,0.24669,0.004596194077712563,-0.03720463888888889,0.0005652140204284366,0.0,0.0,0.23825,0.03901451396595887,-0.005937388888888904,0.006172427188628469,0.0,0.0,0.11619166666666667,0.006194856481481471,0.13049833333333333,-0.04339949537037036,41,41.0,-0.03720463888888889,-0.04339949537037036
42,42.0,0.26985,0.017411866643183328,0.2940437685185185,0.008463292699361908,0.0,0.0,0.559175,0.021969807691466062,0.27528036111111115,0.017938827634181934,0.0,0.0,0.52352,0.03985219818278537,0.27933261111111113,0.021251387697408988,0.0,0.0,0.39668499999999995,0.2866881898148148,0.16249000000000002,-0.01140782870370366,42,42.0,0.27528036111111115,-0.01140782870370366
43,43.0,0.43695,0.02698016123005939,0.4611437685185185,0.02001414573311046,0.0,0.0,0.74367,0.0031254119728445257,0.4597753611111111,0.0009055680844396009,0.0,0.0,0.6843566666666666,0.023571290446925762,0.44016927777777776,0.021263505242003183,0.0,0.0,0.5606533333333333,0.45065652314814814,0.18301666666666672,0.009118837962962978,43,43.0,0.4597753611111111,0.009118837962962978
44,44.0,0.39574,0.006945912467055693,0.4199337685185185,0.011318174567362598,0.0,0.0,0.67981,0.008032733034279206,0.39591536111111114,0.004001752976995079,0.0,0.0,0.6280833333333333,0.037786142080574105,0.38389594444444447,0.004470260079312796,0.0,0.0,0.5119116666666667,0.4019148564814815,0.16789833333333337,-0.005999495370370367,44,44.0,0.39591536111111114,-0.005999495370370367
45,45.0,-0.27646666666666664,0.0263180438736114,-0.25227289814814813,0.019243683467768485,0.0,0.0,0.0037549999999999997,0.0009545941546018392,-0.2801396388888889,0.004985574211885939,0.0,0.0,-0.038196666666666663,0.02979573347533726,-0.2823840555555555,0.03159954880407539,0.0,0.0,-0.15733166666666665,-0.2673284768518518,0.16108666666666666,-0.012811162037037083,45,45.0,-0.2801396388888889,-0.012811162037037083
46,46.0,-0.97987,0.01786678202699075,-0.9556762314814815,0.01147002771640383,0.0,0.0,-0.733535,0.0038678740930903972,-1.0174296388888888,0.00016310596419372923,0.0,0.0,-0.7175266666666666,0.011974265461118395,-0.9617140555555556,0.02138176391120419,0.0,0.0,-0.8486983333333333,-0.9586951435185185,0.11516333333333328,-0.05873449537037034,46,46.0,-1.0174296388888888,-0.05873449537037034
47,47.0,-1.11217,0.01193544301649506,-1.0879762314814816,0.004599199656651118,0.0,0.0,-0.855315,0.025547768004269958,-1.139209638888889,0.029578748061554007,0.0,0.0,-0.8312499999999999,0.024130584327777926,-1.0754373888888888,0.02025457935625719,0.0,0.0,-0.9717100000000001,-1.0817068101851852,0.11639500000000003,-0.05750282870370382,47,47.0,-1.139209638888889,-0.05750282870370382
48,48.0,-0.9259033333333333,0.022614686231149313,-0.9017095648148148,0.016072516989854044,0.0,0.0,-0.686415,0.0018738329701443802,-0.9703096388888889,0.0021571470871396678,0.0,0.0,-0.67847,0.02022759501275425,-0.9226573888888888,0.015884529376409974,0.0,0.0,-0.8021866666666666,-0.9121834768518517,0.1157716666666666,-0.05812616203703713,48,48.0,-0.9703096388888889,-0.05812616203703713
49,49.0,-0.6604,0.006573248816224776,-0.6362062314814815,0.005831714702437663,0.0,0.0,-0.367875,0.005069955621107553,-0.651769638888889,0.009100935678391679,0.0,0.0,-0.38664666666666664,0.025486844318850732,-0.6308340555555555,0.009554376682327722,0.0,0.0,-0.5235233333333333,-0.6335201435185185,0.15564833333333333,-0.01824949537037046,49,49.0,-0.651769638888889,-0.01824949537037046
50,50.0,-0.18432666666666667,0.010719423180998739,-0.16013289814814816,0.0017706804457602956,0.0,0.0,0.134015,0.01590283150888545,-0.1498796388888889,0.011871851451601334,0.0,0.0,0.11416666666666665,0.018112551817271165,-0.13002072222222225,0.017058620357755502,0.0,0.0,-0.03508000000000001,-0.1450768101851852,0.169095,-0.004802828703703688,50,50.0,-0.1498796388888889,-0.004802828703703688
51,51.0,0.22266333333333332,0.011917526309319948,0.24685710185185186,0.002888609299549231,0.0,0.0,0.5668,0.012388510806388298,0.2829053611111111,0.008357530749104171,0.0,0.0,0.5186366666666666,0.025664536491690888,0.2744492777777778,0.008020714910573589,0.0,0.0,0.37065,0.26065318981481483,0.19615,0.022252171296296253,51,51.0,0.2829053611111111,0.022252171296296253
52,52.0,0.45384,0.01119449418240951,0.47803376851851853,0.003621687948022292,0.0,0.0,0.84358,0.017974654377762037,0.5596853611111111,0.01394367432047799,0.0,0.0,0.7748733333333333,0.05184672635117222,0.5306859444444445,0.019356503469521218,0.0,0.0,0.6143566666666667,0.5043598564814815,0.22922333333333333,0.055325504629629596,52,52.0,0.5596853611111111,0.055325504629629596
53,53.0,0.6774,0.017923222366527748,0.7015937685185185,0.013509771617181615,0.0,0.0,1.048065,0.0011667261889579104,0.7641703611111111,0.005197706246241958,0.0,0.0,1.023,0.03898632965540613,0.7788126111111112,0.005723483099285641,0.0,0.0,0.8502,0.7402031898148149,0.19786500000000007,0.02396717129629622,53,53.0,0.7641703611111111,0.02396717129629622
54,54.0,0.69387,0.02718794585841303,0.7180637685185185,0.018154633085847183,0.0,0.0,1.1343100000000002,0.02317896028729505,0.8504153611111112,0.019147980230011002,0.0,0.0,1.0212700000000001,0.028335297775036704,0.7770826111111111,0.012625568080025634,0.0,0.0,0.85757,0.7475731898148148,0.2767400000000001,0.10284217129629636,54,54.0,0.8504153611111112,0.10284217129629636
55,55.0,0.08552666666666668,0.029353789079662837,0.10972043518518519,0.02308207298364858,0.0,0.0,0.49298,0.02351837154226458,0.20908536111111112,0.027549351599548706,0.0,0.0,0.45672666666666667,0.021900879738798913,0.21253927777777779,0.013331508777621848,0.0,0.0,0.2711266666666667,0.16112985648148148,0.2218533333333333,0.047955504629629636,55,55.0,0.20908536111111112,0.047955504629629636
56,56.0,-0.68458,0.021960027322387336,-0.6603862314814815,0.012931379286816829,0.0,0.0,-0.282975,0.001746553749530792,-0.566869638888889,0.0022844263077533736,0.0,0.0,-0.38498666666666664,0.02552375821334572,-0.6291740555555556,0.01584911783065639,0.0,0.0,-0.5347833333333333,-0.6447801435185185,0.2518083333333333,0.07791050462962956,56,56.0,-0.566869638888889,0.07791050462962956
57,57.0,-0.9375100000000001,0.01321131711828917,-0.9133162314814814,0.005268112748051547,0.0,0.0,-0.49138000000000004,0.0238436406616104,-0.7752746388888889,0.02787462071889449,0.0,0.0,-0.61139,0.025614134769693084,-0.8555773888888889,0.017576098872206666,0.0,0.0,-0.7744500000000001,-0.8844468101851852,0.28307000000000004,0.1091721712962963,57,57.0,-0.7752746388888889,0.1091721712962963
58,58.0,-0.8424366666666666,0.011847705825742485,-0.8182428981481481,0.0057186937676067615,0.0,0.0,-0.360425,0.020046477246638612,-0.6443196388888889,0.024077457303922738,0.0,0.0,-0.4803633333333333,0.03685629706486169,-0.7245507222222223,0.017540731389446042,0.0,0.0,-0.6614,-0.7713968101851851,0.300975,0.12707717129629625,58,58.0,-0.6443196388888889,0.12707717129629625
59,59.0,-0.6534833333333333,0.016491168343490244,-0.6292895648148148,0.007692255080435123,0.0,0.0,-0.14087,0.015754339084836276,-0.42476463888888893,0.019785319142120422,0.0,0.0,-0.24725,0.06184236007786248,-0.49143738888888894,0.03160408877220071,0.0,0.0,-0.45036666666666664,-0.5603634768518518,0.30949666666666664,0.1355988379629629,59,59.0,-0.42476463888888893,0.1355988379629629
60,60.0,-0.29046666666666665,0.017496634914558096,-0.26627289814814814,0.010957936409384268,0.0,0.0,0.20517,0.007424621202458756,-0.07872463888888889,0.011455601259742883,0.0,0.0,0.10279333333333333,0.04972321020744068,-0.14139405555555556,0.016525144869394517,0.0,0.0,-0.09383666666666665,-0.20383347685185185,0.29900666666666664,0.12510883796296296,60,60.0,-0.07872463888888889,0.12510883796296296
61,61.0,0.19752666666666666,0.0142865752835777,0.22172043518518522,0.01119835913824638,0.0,0.0,0.66957,0.004030508652763348,0.3856753611111111,0.008061488710047474,0.0,0.0,0.57716,0.042571681902410195,0.3329726111111111,0.009905697429539567,0.0,0.0,0.3873433333333333,0.27734652314814817,0.2822266666666667,0.10832883796296294,61,61.0,0.3856753611111111,0.10832883796296294
62,62.0,0.4937833333333333,0.010848190325272365,0.5179771018518519,0.013497594654723492,0.0,0.0,0.94104,0.012346084399517142,0.6571453611111111,0.008315104342233095,0.0,0.0,0.8783666666666666,0.03423471678476886,0.6341792777777777,0.00322257262809767,0.0,0.0,0.686075,0.5760781898148148,0.254965,0.08106717129629626,62,62.0,0.6571453611111111,0.08106717129629626
63,63.0,0.7039966666666667,0.03288806673146559,0.7281904351851852,0.038149522552716926,0.0,0.0,1.145615,0.006625590539718021,0.8617203611111112,0.01065657059700207,0.0,0.0,1.0776466666666666,0.05309857468269112,0.8334592777777777,0.02105743658977159,0.0,0.0,0.8908216666666666,0.7808248564814815,0.2547933333333334,0.08089550462962969,63,63.0,0.8617203611111112,0.08089550462962969
64,64.0,0.7301933333333332,0.025339724413129178,0.7543871018518519,0.02339914290493231,0.0,0.0,1.185915,0.024854803358707156,0.9020203611111111,0.028885783415991205,0.0,0.0,1.1016333333333332,0.05958408875977998,0.8574459444444443,0.03215200033364143,0.0,0.0,0.9159133333333332,0.8059165231481481,0.2700016666666668,0.09610383796296296,64,64.0,0.9020203611111111,0.09610383796296296
65,65.0,0.07163333333333334,0.023191973467847304,0.09582710185185185,0.018755482526358887,0.0,0.0,0.58192,0.02708218971944477,0.2980253611111111,0.031113169776728896,0.0,0.0,0.4867166666666667,0.04843435385481397,0.24252927777777777,0.033738676913876144,0.0,0.0,0.279175,0.1691781898148148,0.302745,0.1288471712962963,65,65.0,0.2980253611111111,0.1288471712962963
66,66.0,-0.8848766666666666,0.007113299749998804,-0.8606828981481481,0.009517062473782905,0.0,0.0,-0.37709499999999996,0.03916664460992286,-0.6609896388888888,0.04319762466720695,0.0,0.0,-0.45587333333333335,0.047202682480271534,-0.7000607222222222,0.037399763151493445,0.0,0.0,-0.6703749999999999,-0.7803718101851851,0.29328,0.11938217129629625,66,66.0,-0.6609896388888888,0.11938217129629625
67,67.0,-1.1776766666666667,0.01949353824561706,-1.1534828981481482,0.011462298274822562,0.0,0.0,-0.69794,0.029260078605499316,-0.9818346388888889,0.03329105866278352,0.0,0.0,-0.7288100000000001,0.04203159644838625,-0.9729973888888889,0.017183164189566058,0.0,0.0,-0.9532433333333334,-1.0632401435185186,0.25530333333333344,0.0814055046296297,67,67.0,-0.9818346388888889,0.0814055046296297
68,68.0,-1.0843999999999998,0.021941324025682746,-1.0602062314814813,0.013003963241325349,0.0,0.0,-0.59326,0.029910616844190965,-0.8771546388888889,0.03394159690147517,0.0,0.0,-0.6262,0.04138139195338892,-0.8703873888888888,0.023080109935204877,0.0,0.0,-0.8553,-0.9652968101851851,0.26203999999999994,0.0881421712962962,68,68.0,-0.8771546388888889,0.0881421712962962
69,69.0,-0.8812066666666666,0.002210799252155974,-0.8570128981481481,0.008488053668205148,0.0,0.0,-0.334625,0.03301481561359991,-0.618519638888889,0.037045795670884035,0.0,0.0,-0.43335999999999997,0.05293172583621283,-0.6775473888888888,0.022198712078732787,0.0,0.0,-0.6572833333333332,-0.7672801435185184,0.3226583333333332,0.14876050462962942,69,69.0,-0.618519638888889,0.14876050462962942
70,70.0,-0.4501033333333333,0.01450309392279223,-0.4259095648148148,0.00697939725193065,0.0,0.0,0.11409,0.03549676041556469,-0.16980463888888886,0.03952774047284881,0.0,0.0,0.02443333333333333,0.06461889068479382,-0.21975405555555558,0.03400779338637,0.0,0.0,-0.212835,-0.3228318101851852,0.326925,0.15302717129629634,70,70.0,-0.16980463888888886,0.15302717129629634
71,71.0,-0.09127666666666667,0.01952034152706692,-0.06708289814814815,0.010823846721573117,0.0,0.0,0.49643000000000004,0.022316290014247463,0.21253536111111115,0.02634727007153159,0.0,0.0,0.3853866666666667,0.06348870949494356,0.14119927777777777,0.03409956007225231,0.0,0.0,0.14705500000000002,0.03705818981481481,0.349375,0.17547717129629634,71,71.0,0.21253536111111115,0.17547717129629634
72,72.0,0.09021000000000001,0.018576735450557505,0.11440376851851852,0.011031036781814232,0.0,0.0,0.70407,0.026672067786356557,0.4201753611111111,0.030703047843640682,0.0,0.0,0.5863466666666667,0.05279842453457618,0.34215927777777777,0.02179472029998266,0.0,0.0,0.33827833333333335,0.22828152314814815,0.3657916666666666,0.19189383796296294,72,72.0,0.4201753611111111,0.19189383796296294
73,73.0,0.21351333333333333,0.025430700606419273,0.23770710185185187,0.017586475677093417,0.0,0.0,0.8434,0.02470631093465795,0.5595053611111112,0.028737290991942,0.0,0.0,0.7155433333333333,0.056960944807239025,0.47135594444444445,0.02546107292207781,0.0,0.0,0.4645283333333333,0.3545315231481482,0.3788716666666667,0.20497383796296298,73,73.0,0.5595053611111112,0.20497383796296298
74,74.0,-0.006623333333333333,0.021598963709709162,0.017570435185185182,0.012677692740498148,0.0,0.0,0.623135,0.024600244917480057,0.3392403611111111,0.028631224974764183,0.0,0.0,0.5500566666666666,0.06619771622445396,0.3058692777777778,0.035850188026920984,0.0,0.0,0.27171666666666666,0.1617198564814815,0.35141833333333333,0.17752050462962962,74,74.0,0.3392403611111111,0.17752050462962962
75,75.0,-1.07136,0.0013263860674780001,-1.0471662314814816,0.007953803910608166,0.0,0.0,-0.417025,0.04306987404207258,-0.700919638888889,0.04710085409935675,0.0,0.0,-0.4754933333333333,0.05372387768332934,-0.7196807222222222,0.03423310007887141,0.0,0.0,-0.7734266666666667,-0.8834234768518519,0.3564016666666667,0.18250383796296288,75,75.0,-0.700919638888889,0.18250383796296288
76,76.0,-1.7305,0.022219052635069736,-1.7063062314814814,0.014949008336994045,0.0,1.0,-1.093825,0.02263448806578145,-1.3777196388888888,0.0266654681230655,0.0,1.0,-1.1343266666666667,0.056114609802914335,-1.3785140555555557,0.03256064286508796,0.0,0.6666666666666666,-1.4324133333333333,-1.5424101435185187,0.33858833333333327,0.16469050462962986,76,76.0,-1.3777196388888888,0.16469050462962986
77,77.0,-1.7107533333333336,0.01811970290411338,-1.686559564814815,0.010176996563614168,0.0,1.0,-1.083725,0.01465832357399707,-1.3676196388888888,0.01868930363128112,0.0,0.5,-1.1269966666666666,0.05087475438106142,-1.3711840555555554,0.02165090999906946,0.0,0.0,-1.418875,-1.5288718101851853,0.33515000000000006,0.16125217129629643,77,77.0,-1.3676196388888888,0.16125217129629643
78,78.0,-1.5263366666666667,0.010996091729943622,-1.5021428981481482,0.006287726542585402,0.0,0.6666666666666666,-0.892155,0.01877368504050281,-1.1760496388888888,0.022804665097786937,0.0,0.0,-0.9491866666666667,0.04391380686450824,-1.1933740555555556,0.019353911108008513,0.0,0.0,-1.2377616666666666,-1.347758476851852,0.3456066666666666,0.1717088379629632,78,78.0,-1.1760496388888888,0.1717088379629632
79,79.0,-1.2544133333333332,0.017810059891346156,-1.2302195648148146,0.0109660429736647,0.0,0.0,-0.5867800000000001,0.005374011537017719,-0.870674638888889,0.009404991594301845,0.0,0.0,-0.6571066666666666,0.04315768568092288,-0.9012940555555556,0.019153208808883666,0.0,0.0,-0.9557599999999999,-1.065756810185185,0.36897999999999986,0.19508217129629613,79,79.0,-0.870674638888889,0.19508217129629613
80,80.0,-0.8652433333333334,0.018415689868515196,-0.8410495648148147,0.012893159863975722,0.0,0.0,-0.18701,0.03146625176280137,-0.4709046388888889,0.03549723182008552,0.0,0.0,-0.25848333333333334,0.0594894144645359,-0.5026707222222222,0.03545669971025736,0.0,0.0,-0.5618633333333334,-0.6718601435185185,0.37485333333333337,0.20095550462962963,80,80.0,-0.4709046388888889,0.20095550462962963
81,81.0,-0.38588333333333336,0.014026012738242236,-0.36168956481481485,0.01167942147540952,0.0,0.0,0.30986,0.016206887424795667,0.025965361111111113,0.020237867482079792,0.0,0.0,0.24133333333333332,0.04780316446986886,-0.002854055555555568,0.023803281721902395,0.0,0.0,-0.07227500000000002,-0.1822718101851852,0.38213500000000006,0.20823717129629632,81,81.0,0.025965361111111113,0.20823717129629632
82,82.0,-0.10630333333333335,0.016981125796993953,-0.08210956481481482,0.011801294003918548,0.0,0.0,0.620255,0.028814601333351855,0.3363603611111111,0.03284558139063598,0.0,0.0,0.5200600000000001,0.05431289625862354,0.2758726111111111,0.02804529744021327,0.0,0.0,0.20687833333333336,0.09688152314814814,0.4133766666666666,0.239478837962963,82,82.0,0.3363603611111111,0.239478837962963
83,83.0,0.10009000000000001,0.02046511910544378,0.12428376851851852,0.014914509983143741,0.0,0.0,0.78285,0.026997336905702378,0.49895536111111116,0.031028316962986545,0.0,0.0,0.72503,0.051471529994745614,0.4808426111111111,0.027508695769782942,0.0,0.0,0.41256,0.3025631898148148,0.37029000000000006,0.19639217129629638,83,83.0,0.49895536111111116,0.19639217129629638
84,84.0,0.08227666666666666,0.01235805944852724,0.10647043518518517,0.012613576323427227,0.0,0.0,0.77977,0.026431651480753125,0.4958753611111111,0.030462631538037212,0.0,0.0,0.6928899999999999,0.06756158597901621,0.44870261111111115,0.044652030598457515,0.0,0.0,0.3875833333333333,0.27758652314814813,0.3921866666666667,0.21828883796296294,84,84.0,0.4958753611111111,0.21828883796296294
85,85.0,-0.59077,0.029675752728448218,-0.5665762314814814,0.02329722892400071,0.0,0.0,0.11743,0.03228649562897776,-0.16646463888888888,0.03631747568626187,0.0,0.0,0.019013333333333333,0.05799365166406866,-0.22517405555555556,0.029206849285342264,0.0,0.0,-0.28587833333333335,-0.3958751435185185,0.4033083333333334,0.2294105046296296,85,85.0,-0.16646463888888888,0.2294105046296296
86,86.0,-1.2843600000000002,0.015216500911839098,-1.2601662314814817,0.009172796812893475,0.0,0.0,-0.58026,0.00936209378290983,-0.8641546388888889,0.013393073840194036,0.0,0.0,-0.68339,0.04629595230687022,-0.927577388888889,0.021477459467467274,0.0,0.0,-0.983875,-1.0938718101851852,0.40361500000000006,0.22971717129629632,86,86.0,-0.8641546388888889,0.22971717129629632
87,87.0,-1.3621400000000001,0.02202209118135697,-1.3379462314814816,0.018733501733631207,0.0,0.0,-0.674685,0.004617407281148181,-0.9585796388888889,0.008648387338432307,0.0,0.0,-0.81441,0.043917545468753184,-1.0585973888888889,0.012296348019682265,0.0,0.0,-1.088275,-1.1982718101851852,0.4135900000000001,0.23969217129629639,87,87.0,-0.9585796388888889,0.23969217129629639
88,88.0,-1.1901666666666666,0.01988955085800926,-1.165972898148148,0.014028141431379272,0.0,0.0,-0.511415,0.012989551570396876,-0.7953096388888888,0.017020531627680923,0.0,0.0,-0.6435333333333334,0.04773750133106398,-0.8877207222222223,0.014950190983879674,0.0,0.0,-0.9168499999999999,-1.026846810185185,0.405435,0.23153717129629625,88,88.0,-0.7953096388888888,0.23153717129629625
89,89.0,-0.9337766666666667,0.02451725990671335,-0.9095828981481481,0.020068757804023493,0.0,0.0,-0.23211500000000002,0.02378000105130361,-0.5160096388888888,0.027810981108587755,0.0,0.0,-0.3585133333333333,0.04260772973690729,-0.6027007222222222,0.011725685630701142,0.0,0.0,-0.646145,-0.7561418101851851,0.41402999999999995,0.24013217129629627,89,89.0,-0.5160096388888888,0.24013217129629627
90,90.0,-0.46038,0.015371229618999263,-0.4361862314814815,0.007834405687845061,0.0,0.0,0.23489,0.005911412690719542,-0.04900463888888888,0.009942392748003669,0.0,0.0,0.12524666666666667,0.032907172976926066,-0.11894072222222223,0.011674596110502661,0.0,0.0,-0.16756666666666667,-0.27756347685185184,0.4024566666666667,0.22855883796296295,90,90.0,-0.04900463888888888,0.22855883796296295
91,91.0,-0.05966,0.014124386712349671,-0.03546623148148148,0.009351344198299623,0.0,0.0,0.643955,0.0203293199591132,0.3600603611111111,0.024360300016397326,0.0,0.0,0.5220533333333334,0.04388678198880996,0.27786594444444446,0.010754290921871773,0.0,0.0,0.2311966666666667,0.12119985648148149,0.41275833333333334,0.23886050462962963,91,91.0,0.3600603611111111,0.23886050462962963
92,92.0,0.16098333333333334,0.013964312848591346,0.18517710185185185,0.006403448252213467,0.0,0.0,0.881425,0.00416485894118873,0.5975303611111111,0.008195838998472935,0.0,0.0,0.7293799999999999,0.042155050705698346,0.4851926111111111,0.012927125804508386,0.0,0.0,0.44518166666666664,0.3351848564814815,0.43624333333333337,0.26234550462962963,92,92.0,0.5975303611111111,0.26234550462962963
93,93.0,0.3611066666666667,0.02647689055258061,0.3853004351851852,0.021603305017217234,0.0,0.0,1.09175,0.003478965363437682,0.8078553611111111,0.0005520146938463661,0.0,0.0,0.9417300000000001,0.04917682482633459,0.697542611111111,0.01703983181349668,0.0,0.0,0.6514183333333334,0.5414215231481481,0.44033166666666657,0.26643383796296305,93,93.0,0.8078553611111111,0.26643383796296305
94,94.0,0.40297333333333335,0.01849139349355081,0.42716710185185186,0.0125523667452662,0.0,0.0,1.13605,0.0142411305730971,0.8521553611111111,0.018272110630381148,0.0,0.0,0.96348,0.06247813457522561,0.7192926111111112,0.032233624729965694,0.0,0.0,0.6832266666666666,0.5732298564814815,0.45282333333333336,0.2789255046296296,94,94.0,0.8521553611111111,0.2789255046296296
95,95.0,-0.2147133333333333,0.023762294361726378,-0.1905195648148148,0.01620484342549169,0.0,0.0,0.566225,0.013852221843444463,0.2823303611111111,0.01788320190072859,0.0,0.0,0.34444,0.05133435789020838,0.10025261111111111,0.02006550416508193,0.0,0.0,0.06486333333333336,-0.045133476851851845,0.5013616666666666,0.32746383796296297,95,95.0,0.2823303611111111,0.32746383796296297
96,96.0,-0.9893166666666667,0.02657222861058765,-0.965122898148148,0.022072345330926297,0.0,0.0,-0.21927000000000002,0.004101219330881975,-0.5031646388888888,0.008132199388166122,0.0,0.0,-0.3899533333333333,0.05609558301090501,-0.6341407222222222,0.02591432208921093,0.0,0.0,-0.689635,-0.7996318101851851,0.470365,0.2964671712962963,96,96.0,-0.5031646388888888,0.2964671712962963
97,97.0,-1.21572,0.012438516792608267,-1.1915262314814814,0.008174351366286912,0.0,0.0,-0.477295,0.007162991693419746,-0.7611896388888889,0.011193971750703911,0.0,0.0,-0.66095,0.04625485163742283,-0.905137388888889,0.013515210994736774,0.0,0.0,-0.9383349999999999,-1.0483318101851853,0.4610399999999999,0.2871421712962964,97,97.0,-0.7611896388888889,0.2871421712962964
98,98.0,-1.09434,0.01362445228256907,-1.0701462314814816,0.01051983483623863,0.0,0.0,-0.38644500000000004,0.012650140315427346,-0.6703396388888889,0.01668112037271151,0.0,0.0,-0.5711233333333333,0.057493812130813934,-0.8153107222222222,0.025141667222605787,0.0,0.0,-0.8327316666666666,-0.9427284768518519,0.4462866666666666,0.272388837962963,98,98.0,-0.6703396388888889,0.272388837962963
99,99.0,-0.89689,0.012746556397709927,-0.8726962314814815,0.004957821904555881,0.0,0.0,-0.17172500000000002,0.004532554467405769,-0.4556196388888889,0.008563534524689876,0.0,0.0,-0.38564333333333334,0.03950064472047681,-0.6298307222222223,0.016825819912629908,0.0,0.0,-0.6412666666666667,-0.7512634768518518,0.46954166666666663,0.2956438379629629,99,99.0,-0.4556196388888889,0.2956438379629629
100,100.0,-0.5256366666666666,0.01718232328101566,-0.5014428981481481,0.008145572711390717,0.0,0.0,0.19977,0.004398204178980328,-0.08412463888888888,0.008429184236264455,0.0,0.0,-0.04343666666666667,0.03097370712932718,-0.28762405555555554,0.014974641904790162,0.0,0.0,-0.28453666666666666,-0.3945334768518518,0.48430666666666666,0.3104088379629629,100,100.0,-0.08412463888888888,0.3104088379629629
101,101.0,-0.03341,0.011089053160662547,-0.009216231481481485,0.0043457172063186824,0.0,0.0,0.68402,0.0015556349186103902,0.4001253611111111,0.005586614975894516,0.0,0.0,0.42356333333333335,0.041436068024528275,0.17937594444444446,0.010250174505778925,0.0,0.0,0.19507666666666668,0.08507985648148149,0.4889433333333333,0.3150455046296296,101,101.0,0.4001253611111111,0.3150455046296296
102,102.0,0.25472,0.012785175008579274,0.2789137685185185,0.010780232178161642,0.0,0.0,0.974425,0.026410438277317545,0.6905303611111111,0.02237945822003334,0.0,0.0,0.7362066666666666,0.06010606153569981,0.4920192777777777,0.0304013792707763,0.0,0.0,0.49546333333333326,0.3854665231481481,0.47896166666666673,0.305063837962963,102,102.0,0.6905303611111111,0.305063837962963
103,103.0,0.4830733333333333,0.016781246477342887,0.5072671018518519,0.009608336763046406,0.0,0.0,1.1960449999999998,0.005777062402294101,0.912150361111111,0.0017460823450100528,0.0,0.0,0.9638266666666667,0.0411724329294898,0.7196392777777777,0.028986086986480416,0.0,0.0,0.72345,0.6134531898148148,0.47259499999999977,0.29869717129629625,103,103.0,0.912150361111111,0.29869717129629625
104,104.0,0.5287700000000001,0.026803509098623654,0.5529637685185186,0.02096994127802848,0.0,0.0,1.22568,0.027492311652532984,0.9417853611111111,0.02346133159524894,0.0,0.0,1.0505133333333334,0.056930727496961896,0.8063259444444445,0.033420485279059144,0.0,0.0,0.7896416666666668,0.6796448564814815,0.4360383333333333,0.26214050462962957,104,104.0,0.9417853611111111,0.26214050462962957
105,105.0,-0.06276333333333334,0.02611557070663656,-0.03856956481481482,0.018587395442438693,0.0,0.0,0.5354949999999999,0.07142485596765316,0.25160036111111106,0.07545583602493729,0.0,0.0,0.4737133333333334,0.05665992616773631,0.22952594444444444,0.02605724843512894,0.0,0.0,0.20547500000000002,0.0954781898148148,0.3300199999999999,0.15612217129629624,105,105.0,0.25160036111111106,0.15612217129629624
106,106.0,-1.0319633333333333,0.01995534598380429,-1.0077695648148148,0.011555042016377864,0.0,0.0,-0.35858,0.021496046148071032,-0.6424746388888889,0.02552702620535508,0.0,0.0,-0.5479733333333333,0.0671232838390177,-0.7921607222222221,0.0473691190974203,0.0,0.0,-0.7899683333333334,-0.8999651435185185,0.4313883333333334,0.25749050462962964,106,106.0,-0.6424746388888889,0.25749050462962964
107,107.0,-1.3592566666666668,0.01382588273251784,-1.3350628981481483,0.005980249884866332,0.0,0.0,-0.63083,0.003577960312803976,-0.9147246388888889,0.0004530197444802289,0.0,0.0,-0.8237533333333333,0.049628012586978916,-1.0679407222222224,0.020408286400083006,0.0,0.0,-1.0915050000000002,-1.2015018101851853,0.46067500000000017,0.28677717129629643,107,107.0,-0.9147246388888889,0.28677717129629643
108,108.0,-1.2519133333333332,0.01713350324169972,-1.2277195648148147,0.009384186071390585,0.0,0.0,-0.543365,0.019296944058580907,-0.8272596388888889,0.023327924115864956,0.0,0.0,-0.7311200000000001,0.05233537140405142,-0.9753073888888889,0.021371353188816628,0.0,0.0,-0.9915166666666666,-1.1015134768518517,0.4481516666666666,0.2742538379629629,108,108.0,-0.8272596388888889,0.2742538379629629
109,109.0,-1.0556433333333333,0.006480311206518814,-1.0314495648148148,0.005413744098766021,0.0,0.0,-0.29495,0.0349169328549917,-0.5788446388888888,0.038947912912275826,0.0,0.0,-0.5150533333333334,0.044098447062604545,-0.7592407222222223,0.014593784375511424,0.0,0.0,-0.7853483333333333,-0.8953451435185185,0.4903983333333333,0.31650050462962964,109,109.0,-0.5788446388888888,0.31650050462962964
110,110.0,-0.6096833333333334,0.0013754029712536335,-0.5854895648148147,0.008491112831152848,0.0,0.0,0.185915,0.009496444071335331,-0.09797963888888889,0.013527424128619459,0.0,0.0,-0.04640666666666667,0.030597353371383827,-0.29059405555555556,0.019098725129326977,0.0,0.0,-0.32804500000000003,-0.4380418101851852,0.51396,0.3400621712962963,110,110.0,-0.09797963888888889,0.3400621712962963
111,111.0,-0.24107,0.010876823984969159,-0.2168762314814815,0.008082756370032092,0.0,0.0,0.546295,0.019551502499808006,0.2624003611111111,0.015520522442523879,0.0,0.0,0.28316,0.051606901670222374,0.03897261111111111,0.019341728397403394,0.0,0.0,0.021045000000000008,-0.08895181018518519,0.52525,0.35135217129629626,111,111.0,0.2624003611111111,0.35135217129629626
112,112.0,-0.07658,0.023154345164569004,-0.05238623148148149,0.01450002485567084,0.0,0.0,0.7038249999999999,0.01566241520328203,0.4199303611111111,0.011631435145997904,0.0,0.0,0.4650066666666666,0.055714764051670654,0.22081927777777777,0.023654616854010373,0.0,0.0,0.19421333333333332,0.08421652314814813,0.5096116666666666,0.33571383796296295,112,112.0,0.4199303611111111,0.33571383796296295
113,113.0,0.07037666666666667,0.026877604679980942,0.0945704351851852,0.023295047891730872,0.0,0.0,0.833375,0.006300321420372119,0.5494803611111111,0.010331301477656325,0.0,0.0,0.5910433333333334,0.04697907761262808,0.3468559444444445,0.024842059231137904,0.0,0.0,0.33071,0.22071318981481486,0.5026649999999999,0.32876717129629623,113,113.0,0.5494803611111111,0.32876717129629623
114,114.0,-0.17952333333333334,0.002657900173696024,-0.15532956481481483,0.006949817795391907,0.0,0.0,0.586975,0.011829896449250955,0.3030803611111111,0.015860876506535084,0.0,0.0,0.35988333333333333,0.05699602822419588,0.11569594444444443,0.029970496435087424,0.0,0.0,0.09018,-0.019816810185185198,0.49679500000000004,0.3228971712962963,114,114.0,0.3030803611111111,0.3228971712962963
115,115.0,-1.157,0.014230674615070089,-1.1328062314814815,0.021435854866802682,0.0,0.0,-0.48218,0.005091168824543131,-0.7660746388888888,0.0010601887672590045,0.0,0.0,-0.6631866666666667,0.030096302652208497,-0.9073740555555556,0.021414362273147133,0.0,0.0,-0.9100933333333334,-1.0200901435185186,0.4279133333333334,0.25401550462962974,115,115.0,-0.7660746388888888,0.25401550462962974
116,116.0,-1.6834933333333335,0.009508429593436285,-1.659299564814815,0.0013246283127443088,0.0,1.0,-1.04053,0.006816509370638384,-1.324424638888889,0.010847489427922432,0.0,0.0,-1.2511599999999998,0.02387226214668392,-1.4953473888888889,0.02528079433327092,0.0,1.0,-1.4673266666666667,-1.577323476851852,0.4267966666666667,0.2528988379629631,116,116.0,-1.324424638888889,0.2528988379629631
117,117.0,-1.5867700000000002,0.008756854458080271,-1.5625762314814817,0.006328034931386793,0.0,1.0,-0.94623,0.0001697056274847841,-1.230124638888889,0.004200685684768832,0.0,0.0,-1.1860566666666668,0.029114113988465022,-1.4302440555555556,0.01016528267405102,0.0,1.0,-1.3864133333333335,-1.4964101435185186,0.4401833333333335,0.26628550462962974,117,117.0,-1.230124638888889,0.26628550462962974
118,118.0,-1.3704,0.013020280334923704,-1.3462062314814816,0.0076366677203233545,0.0,0.0,-0.7442,0.011483414126469554,-1.0280946388888887,0.007452434069185349,0.0,0.0,-0.9625866666666667,0.022606030906227946,-1.2067740555555557,0.016339199351696376,0.0,0.0,-1.1664933333333334,-1.2764901435185187,0.4222933333333334,0.24839550462963,118,118.0,-1.0280946388888887,0.24839550462963
119,119.0,-1.0952733333333333,0.018499952252190685,-1.0710795648148148,0.012684634784311727,0.0,0.0,-0.479035,0.0004737615433949896,-0.7629296388888889,0.003557218513889176,0.0,0.0,-0.6931366666666667,0.027937912114782883,-0.9373240555555555,0.02459404373824928,0.0,0.0,-0.894205,-1.0042018101851853,0.41517000000000004,0.2412721712962964,119,119.0,-0.7629296388888889,0.2412721712962964
120,120.0,-0.6638000000000001,0.00954741849925935,-0.6396062314814815,0.0077028983530417995,0.0,0.0,-0.08609,0.007636753236814716,-0.3699846388888889,0.011667733294098863,0.0,0.0,-0.28151333333333334,0.015485791337007379,-0.5257007222222222,0.026651988390675445,0.0,0.0,-0.4726566666666667,-0.5826534768518519,0.3865666666666667,0.212668837962963,120,120.0,-0.3699846388888889,0.212668837962963
121,121.0,-0.15838666666666668,0.010297117719698715,-0.13419289814814817,0.0015469939728741757,0.0,0.0,0.43066499999999996,0.0072478445071621385,0.1467703611111111,0.011278824564446264,0.0,0.0,0.24037666666666668,0.026755130972083343,-0.0038107222222222292,0.0068564829345848155,0.0,0.0,0.040995000000000004,-0.0690018101851852,0.38966999999999996,0.2157721712962963,121,121.0,0.1467703611111111,0.2157721712962963
122,122.0,0.14449,0.012554875546973767,0.16868376851851852,0.004337360914653152,0.0,0.0,0.75333,0.0033234018715768,0.4694353611111111,0.007354381928860927,0.0,0.0,0.5240066666666666,0.03953942631517728,0.27981927777777776,0.00927843811143925,0.0,0.0,0.3342483333333333,0.22425152314814814,0.41908166666666674,0.24518383796296297,122,122.0,0.4694353611111111,0.24518383796296297
123,123.0,0.37992333333333334,0.02697507429708643,0.40411710185185185,0.019189211995774502,0.0,0.0,0.967745,0.007290270914033334,0.6838503611111111,0.01132125097131754,0.0,0.0,0.7503666666666667,0.04465611305670633,0.5061792777777777,0.017133493511217183,0.0,0.0,0.565145,0.45514818981481475,0.40259999999999996,0.22870217129629633,123,123.0,0.6838503611111111,0.22870217129629633
124,124.0,0.39728,0.01213430261696154,0.42147376851851853,0.006729828025998607,0.0,0.0,0.94159,0.024084056967213795,0.6576953611111112,0.02811503702449784,0.0,0.0,0.7990333333333334,0.03577936043773469,0.5548459444444444,0.021288913113768577,0.0,0.0,0.5981566666666667,0.4881598564814814,0.34343333333333337,0.16953550462962974,124,124.0,0.6576953611111112,0.16953550462962974
125,125.0,-0.22589,0.032266870006246354,-0.2016962314814815,0.02361999126172491,0.0,0.0,0.288085,0.029861119369507895,0.004190361111111096,0.03389209942679202,0.0,0.0,0.12542999999999999,0.007254570972841879,-0.11875738888888891,0.02628226587684443,0.0,0.0,-0.05023000000000001,-0.1602268101851852,0.338315,0.1644171712962963,125,125.0,0.004190361111111096,0.1644171712962963
126,126.0,-0.9389633333333333,0.02409583020635176,-0.9147695648148148,0.016631110987150685,0.0,0.0,-0.44289999999999996,0.043289077144240434,-0.7267946388888888,0.0473200572015246,0.0,0.0,-0.60435,0.02784298654957833,-0.8485373888888889,0.02016421652909565,0.0,0.0,-0.7716566666666667,-0.8816534768518518,0.3287566666666667,0.15485883796296296,126,126.0,-0.7267946388888888,0.15485883796296296
127,127.0,-1.0630866666666667,0.02276206566490251,-1.0388928981481482,0.016200452139331748,0.0,0.0,-0.58771,0.0023334523779155853,-0.8716046388888888,0.0016975276793685411,0.0,0.0,-0.7497766666666666,0.03847337564255745,-0.9939640555555557,0.005232472557556981,0.0,0.0,-0.9064316666666667,-1.016428476851852,0.3187216666666668,0.14482383796296305,127,127.0,-0.8716046388888888,0.14482383796296305
128,128.0,-0.9037066666666668,0.009984835168060271,-0.8795128981481483,0.00825062644536754,0.0,0.0,-0.391415,0.0012940054095713807,-0.6753096388888888,0.0027369746477127455,0.0,0.0,-0.5929366666666667,0.0292798673721951,-0.8371240555555556,0.013888394852018928,0.0,0.0,-0.7483216666666668,-0.8583184768518519,0.35690666666666676,0.18300883796296308,128,128.0,-0.6753096388888888,0.18300883796296308
129,129.0,-0.6378966666666667,0.01835081015468619,-0.6137028981481482,0.015429911313092085,0.0,0.0,-0.13781500000000002,0.00535279833358216,-0.4217096388888889,0.001321818276298014,0.0,0.0,-0.3303,0.03612895376287557,-0.5744873888888888,0.002848053118462959,0.0,0.0,-0.4840983333333333,-0.5940951435185184,0.3462833333333333,0.17238550462962954,129,129.0,-0.4217096388888889,0.17238550462962954
130,130.0,-0.16241333333333333,0.022648905786667346,-0.13821956481481482,0.01567336430949128,0.0,0.0,0.327145,0.01803829398806881,0.04325036111111111,0.014007313930784684,0.0,0.0,0.14292333333333332,0.032961760167402064,-0.10126405555555555,0.004478321816016418,0.0,0.0,-0.009745000000000004,-0.11974181018518518,0.33689,0.16299217129629628,130,130.0,0.04325036111111111,0.16299217129629628
131,131.0,0.22625666666666666,0.018190990443989936,0.2504504351851852,0.009162042585231216,0.0,0.0,0.7452099999999999,0.0009050966799188225,0.4613153611111111,0.003125883377365304,0.0,0.0,0.55943,0.04631670433007946,0.31524261111111107,0.013548637135603487,0.0,0.0,0.3928433333333333,0.2828465231481482,0.3523666666666666,0.17846883796296292,131,131.0,0.4613153611111111,0.17846883796296292
132,132.0,0.43288333333333334,0.01762390800399653,0.45707710185185185,0.017661910682687184,0.0,0.0,0.97458,0.0027152900397563887,0.6906853611111111,0.006746270097040594,0.0,0.0,0.8128466666666667,0.02595088694694908,0.5686592777777778,0.009146935045809278,0.0,0.0,0.622865,0.5128681898148149,0.351715,0.17781717129629626,132,132.0,0.6906853611111111,0.17781717129629626
133,133.0,0.6725033333333333,0.010986411303666626,0.6966971018518519,0.005357169605812615,0.0,0.0,1.16449,0.010705596667164438,0.8805953611111111,0.00667461660988039,0.0,0.0,0.9981300000000001,0.04432571601226541,0.753942611111111,0.014227518519835244,0.0,0.0,0.8353166666666667,0.7253198564814815,0.3291733333333333,0.1552755046296297,133,133.0,0.8805953611111111,0.1552755046296297
134,134.0,0.7493299999999999,0.016364672315692698,0.7735237685185186,0.013273240456043892,0.0,0.0,1.23511,0.00603869191133311,0.951215361111111,0.0020077118540490625,0.0,0.0,1.0568666666666666,0.054651420231621874,0.8126792777777777,0.02160739665431025,0.0,0.0,0.9030983333333333,0.7931015231481482,0.3320116666666666,0.15811383796296286,134,134.0,0.951215361111111,0.15811383796296286
135,135.0,0.16111333333333333,0.02673621202289758,0.18530710185185184,0.02332939574673258,0.0,0.0,0.67218,0.03979596964517897,0.3882853611111111,0.03576498958789484,0.0,0.0,0.4544066666666667,0.04831562307715109,0.21021927777777774,0.01912036414137872,0.0,0.0,0.30776000000000003,0.19776318981481478,0.36441999999999997,0.19052217129629634,135,135.0,0.3882853611111111,0.19052217129629634
136,136.0,-0.6522,0.013482967032519194,-0.6280062314814815,0.02246301475595345,0.0,0.0,-0.243255,0.023695148237561216,-0.5271496388888889,0.01966416818027711,0.0,0.0,-0.37626333333333334,0.035558740603870286,-0.6204507222222222,0.002319653688000275,0.0,0.0,-0.5142316666666666,-0.6242284768518518,0.27097666666666664,0.0970788379629629,136,136.0,-0.5271496388888889,0.0970788379629629
137,137.0,-0.8736566666666666,0.01822780659688192,-0.8494628981481481,0.00977703718850662,0.0,0.0,-0.5325,0.040701066325097714,-0.8163946388888889,0.036670086267813665,0.0,0.0,-0.61629,0.02398725494924334,-0.8604773888888889,0.015100123257739325,0.0,0.0,-0.7449733333333333,-0.8549701435185185,0.2124733333333333,0.038575504629629664,137,137.0,-0.8163946388888889,0.038575504629629664
138,138.0,-0.7738266666666668,0.015460240403478006,-0.749632898148148,0.011101157412975661,0.0,0.0,-0.417145,0.015577562389539638,-0.7010396388888889,0.011546582332255433,0.0,0.0,-0.5462666666666667,0.015856283717609634,-0.7904540555555556,0.025259714218472836,0.0,0.0,-0.6600466666666667,-0.7700434768518518,0.24290166666666668,0.06900383796296294,138,138.0,-0.7010396388888889,0.06900383796296294
139,139.0,-0.5478933333333333,0.012368792719313099,-0.5236995648148147,0.016865975155463158,0.0,0.0,-0.21609499999999998,0.02844690580713482,-0.49998963888888887,0.024415925749850673,0.0,0.0,-0.3490233333333333,0.046325721077316584,-0.5932107222222222,0.015523671383801374,0.0,0.0,-0.4484583333333333,-0.5584551435185184,0.2323633333333333,0.05846550462962957,139,139.0,-0.49998963888888887,0.05846550462962957
140,140.0,-0.1837966666666667,0.0049884299467200435,-0.15960289814814813,0.004501334532594895,0.0,0.0,0.147675,0.03034195198071476,-0.13621963888888888,0.02631097192343063,0.0,0.0,-0.0015033333333333333,0.028074417773719426,-0.2456907222222222,0.005628281774418631,0.0,0.0,-0.09265000000000001,-0.20264681018518516,0.240325,0.06642717129629627,140,140.0,-0.13621963888888888,0.06642717129629627
141,141.0,0.2809833333333333,0.01129790393539142,0.3051771018518518,0.010505780105726859,0.0,0.0,0.616365,0.02800849960279917,0.3324703611111111,0.023977519545515046,0.0,0.0,0.4808733333333333,0.032939199039037574,0.23668594444444446,0.011402514374715206,0.0,0.0,0.3809283333333333,0.27093152314814817,0.23543666666666674,0.061538837962962945,141,141.0,0.3324703611111111,0.061538837962962945
142,142.0,0.5591233333333333,0.01785092808044819,0.5833171018518519,0.01803208390055222,0.0,0.0,0.931705,0.018731258633631575,0.6478103611111111,0.014700278576347528,0.0,0.0,0.7331533333333334,0.036285950908489836,0.48896594444444447,0.01353925040634031,0.0,0.0,0.6461383333333334,0.5361415231481482,0.28556666666666664,0.1116688379629629,142,142.0,0.6478103611111111,0.1116688379629629
143,143.0,0.7691666666666667,0.011601557366721636,0.7933604351851852,0.009535732384634545,0.0,0.0,1.11661,0.039838396052049974,0.8327153611111111,0.035807415994765925,0.0,0.0,0.9289333333333333,0.030027454659583334,0.6847459444444445,0.003521386668002615,0.0,0.0,0.84905,0.7390531898148148,0.26756000000000013,0.09366217129629628,143,143.0,0.8327153611111111,0.09366217129629628
144,144.0,0.7898366666666666,0.005013564932593713,0.8140304351851851,0.004837009682326875,0.0,0.0,1.13083,0.034139115395686585,0.8469353611111111,0.030108135338402536,0.0,0.0,0.9390666666666666,0.013333665412531283,0.6948792777777778,0.022953547726489904,0.0,0.0,0.8644516666666666,0.7544548564814815,0.2663783333333334,0.09248050462962965,144,144.0,0.8469353611111111,0.09248050462962965
145,145.0,0.11159333333333334,0.02152911129919982,0.13578710185185186,0.013251022489558143,0.0,0.0,0.488525,0.03383505947977626,0.2046303611111111,0.029804079422492136,0.0,0.0,0.2867866666666667,0.03362150700568513,0.04259927777777778,0.005752931586883709,0.0,0.0,0.19919,0.08919318981481482,0.289335,0.11543717129629628,145,145.0,0.2046303611111111,0.11543717129629628
146,146.0,-0.7935166666666666,0.014949917502559468,-0.7693228981481481,0.014031990981598628,0.0,0.0,-0.430115,0.04445580333319827,-0.7140096388888888,0.0404248232759141,0.0,0.0,-0.6467266666666667,0.04574768008689981,-0.8909140555555556,0.015499677161835998,0.0,0.0,-0.7201216666666667,-0.8301184768518519,0.29000666666666663,0.11610883796296312,146,146.0,-0.7140096388888888,0.11610883796296312
147,147.0,-0.99998,0.008559246462160115,-0.9757862314814815,0.012794305698828409,0.0,0.0,-0.679905,0.06460834659701481,-0.9637996388888889,0.06057736653973077,0.0,0.0,-0.8963800000000001,0.03957077330555975,-1.140567388888889,0.01140739391842111,0.0,0.0,-0.94818,-1.0581768101851852,0.26827500000000004,0.0943771712962963,147,147.0,-0.9637996388888889,0.0943771712962963
148,148.0,-0.8685299999999999,0.008943774371035981,-0.8443362314814814,0.01252169580428594,0.0,0.0,-0.587405,0.047906484425388654,-0.871299638888889,0.04387550436810453,0.0,0.0,-0.7749233333333333,0.046618766964960964,-1.0191107222222222,0.014181880347002627,0.0,0.0,-0.8217266666666666,-0.9317234768518519,0.23432166666666665,0.06042383796296291,148,148.0,-0.871299638888889,0.06042383796296291
149,149.0,-0.6622733333333334,0.014259419109253142,-0.6380795648148148,0.008650256926192776,0.0,0.0,-0.31708000000000003,0.04678218464330202,-0.6009746388888889,0.04275120458601794,0.0,0.0,-0.55204,0.05048456100631162,-0.796227388888889,0.020355280734684296,0.0,0.0,-0.6071566666666667,-0.7171534768518519,0.29007666666666665,0.11617883796296302,149,149.0,-0.6009746388888889,0.11617883796296302
150,150.0,-0.2182833333333333,0.007140989660637613,-0.1940895648148148,0.0031634848752306005,0.0,0.0,0.116855,0.028871169875846737,-0.1670396388888889,0.024840189818562612,0.0,0.0,-0.12386000000000001,0.03648,-0.3680473888888889,0.005955962153732821,0.0,0.0,-0.17107166666666665,-0.2810684768518518,0.28792666666666666,0.11402883796296293,150,150.0,-0.1670396388888889,0.11402883796296293
151,151.0,0.151,0.015183846679942478,0.17519376851851853,0.01355945771750663,0.0,0.0,0.441285,0.02658014390480233,0.1573903611111111,0.022549163847518202,0.0,0.0,0.20790666666666668,0.04152151530632443,-0.03628072222222223,0.008499027095237836,0.0,0.0,0.17945333333333335,0.06945652314814815,0.26183166666666663,0.08793383796296295,151,151.0,0.1573903611111111,0.08793383796296295
152,152.0,0.30670333333333333,0.010029677628584753,0.33089710185185184,0.017117994506006366,0.0,0.0,0.641845,0.039619192949882275,0.3579503611111111,0.03558821289259815,0.0,0.0,0.41856,0.03187594861333541,0.1743726111111111,0.007715262932729006,0.0,0.0,0.3626316666666667,0.2526348564814815,0.2792133333333333,0.10531550462962963,152,152.0,0.3579503611111111,0.10531550462962963
153,153.0,0.45809000000000005,0.00418878263938343,0.48228376851851856,0.007193232813907253,0.0,0.0,0.75238,0.038664598795280385,0.4684853611111111,0.03463361873799626,0.0,0.0,0.5452499999999999,0.037016369351950226,0.30106261111111104,0.009217688078364917,0.0,0.0,0.50167,0.3916731898148148,0.2507100000000001,0.0768121712962963,153,153.0,0.4684853611111111,0.0768121712962963
154,154.0,0.24171666666666666,0.025443037030459498,0.26591043518518515,0.01653634429573007,0.0,0.0,0.47455,0.06914090106442064,0.19065536111111112,0.06510992100713651,0.0,0.0,0.3225533333333333,0.046227312633694506,0.07836594444444445,0.014974290519606826,0.0,0.0,0.28213499999999997,0.1721381898148148,0.19241500000000006,0.01851717129629632,154,154.0,0.19065536111111112,0.01851717129629632
155,155.0,-0.75527,0.019692595054994655,-0.7310762314814814,0.02330792667345322,0.0,0.0,-0.53018,0.026884199820712495,-0.8140746388888889,0.02285321976342829,0.0,0.0,-0.6901666666666667,0.052694540830463016,-0.9343540555555556,0.02660166268631906,0.0,0.0,-0.7227183333333334,-0.8327151435185185,0.19253833333333337,0.01864050462962963,155,155.0,-0.8140746388888889,0.01864050462962963
156,156.0,-1.3526633333333333,0.012466187602203504,-1.3284695648148148,0.006935226516386431,0.0,0.0,-1.12088,0.0339694097682018,-1.4047746388888889,0.029938429710917754,0.0,1.0,-1.28902,0.027461702423557097,-1.5332073888888889,0.01107034534285305,0.0,1.0,-1.3208416666666667,-1.4308384768518518,0.1999616666666666,0.026063837962962966,156,156.0,-1.4047746388888889,0.026063837962962966
157,157.0,-1.3194766666666666,0.00992693977685636,-1.2952828981481481,0.00917214645706707,0.0,0.0,-1.06381,0.026884199820712495,-1.3477046388888887,0.02285321976342845,0.0,0.5,-1.2133200000000002,0.04317361115311068,-1.457507388888889,0.01279275921106364,0.0,1.0,-1.2663983333333335,-1.3763951435185184,0.2025883333333336,0.028690504629629743,157,157.0,-1.3477046388888887,0.028690504629629743
158,158.0,-1.1109833333333332,0.007416146798259409,-1.0867895648148147,0.014249639484727378,0.0,0.0,-0.87894,0.039060578592744935,-1.162834638888889,0.0350295985354608,0.0,0.0,-0.9872033333333333,0.034882660926788975,-1.2313907222222222,0.009858053879331731,0.0,0.0,-1.0490933333333332,-1.1590901435185184,0.17015333333333316,-0.003744495370370693,158,158.0,-1.162834638888889,-0.003744495370370693
159,159.0,-0.8325833333333333,0.015401371151080421,-0.8083895648148148,0.020838261347824967,0.0,0.0,-0.605165,0.02960656092828072,-0.8890596388888888,0.02557558087099659,0.0,0.0,-0.7220633333333333,0.03560328683328734,-0.9662507222222222,0.008003405275882895,0.0,0.0,-0.7773233333333334,-0.8873201435185185,0.1721583333333334,-0.0017394953703703253,159,159.0,-0.8890596388888888,-0.0017394953703703253
160,160.0,-0.4334733333333333,0.001749066417644949,-0.4092795648148148,0.010786679215599983,0.0,0.0,-0.185915,0.023737574644432394,-0.4698096388888889,0.019706594587148265,0.0,0.0,-0.31781333333333334,0.036721792349139665,-0.5620007222222222,0.008374803391325888,0.0,0.0,-0.37564333333333333,-0.4856401435185185,0.18972833333333333,0.015830504629629594,160,160.0,-0.4698096388888889,0.015830504629629594
161,161.0,0.05824666666666667,0.0070758061967053105,0.08244043518518518,0.005896719723732611,0.0,0.0,0.311675,0.0345704505322103,0.027780361111111096,0.030539470474926174,0.0,0.0,0.20131333333333334,0.043988130596029344,-0.04287405555555556,0.010660037701050075,0.0,0.0,0.12978,0.01978318981481481,0.18189499999999997,0.007997171296296287,161,161.0,0.027780361111111096,0.007997171296296287
162,162.0,0.3634633333333333,0.01028007944197579,0.3876571018518518,0.0024021456420130786,0.0,0.0,0.64105,0.02995304325106212,0.3571553611111111,0.025922063193777992,0.0,0.0,0.5131633333333333,0.03615766078348177,0.26897594444444445,0.0069540609565784586,0.0,0.0,0.43831333333333333,0.32831652314814813,0.20273666666666668,0.028838837962962993,162,162.0,0.3571553611111111,0.028838837962962993
163,163.0,0.5744833333333333,0.0046124433149181965,0.5986771018518519,0.012783039927832262,0.0,0.0,0.838805,0.045318473606245815,0.5549103611111111,0.041287493548961614,0.0,0.0,0.7238133333333333,0.04448352766287016,0.4796259444444444,0.012510148942582056,0.0,0.0,0.6491483333333333,0.5391515231481481,0.1896566666666667,0.015758837962963068,163,163.0,0.5549103611111111,0.015758837962963068
164,164.0,0.5904133333333333,0.0052734270956687245,0.6146071018518519,0.004773250676297655,0.0,0.0,0.84604,0.05105310960166876,0.5621453611111111,0.047022129544384554,0.0,0.0,0.7415766666666667,0.03879202796108154,0.49738927777777775,0.015912739311599308,0.0,0.0,0.665995,0.5559981898148147,0.180045,0.006147171296296383,164,164.0,0.5621453611111111,0.006147171296296383
165,165.0,-0.02724,0.0022345469339443277,-0.003046231481481485,0.010360179574460665,0.0,0.0,0.194455,0.06223246781222805,-0.08943963888888888,0.05820148775494392,0.0,0.0,0.10833666666666668,0.053665352261336494,-0.13585072222222225,0.021983819653681375,0.0,0.0,0.04054833333333334,-0.06944847685185186,0.15390666666666664,-0.01999116203703702,165,165.0,-0.08943963888888888,-0.01999116203703702
166,166.0,-0.8007,0.011064768411494237,-0.7765062314814815,0.012312150964418345,0.0,0.0,-0.555785,0.05110260707635183,-0.8396796388888889,0.04707162701906778,0.0,0.0,-0.6720799999999999,0.03488070526809913,-0.9162673888888889,0.019535258925537927,0.0,0.0,-0.7363899999999999,-0.8463868101851852,0.1806049999999999,0.006707171296296388,166,166.0,-0.8396796388888889,0.006707171296296388
167,167.0,-0.9448633333333333,0.008445598459158139,-0.9206695648148148,0.008196120349167372,0.0,0.0,-0.70355,0.06093846240265661,-0.9874446388888889,0.056907482345372566,0.0,0.0,-0.7667033333333334,0.020488526870747273,-1.0108907222222223,0.01990182709811752,0.0,0.0,-0.8557833333333333,-0.9657801435185185,0.15223333333333333,-0.021664495370370407,167,167.0,-0.9874446388888889,-0.021664495370370407
168,168.0,-0.7960433333333333,0.004278625168594881,-0.7718495648148148,0.005884352829536931,0.0,0.0,-0.574095,0.04643570232052058,-0.8579896388888889,0.04240472226323645,0.0,0.0,-0.60193,0.03009214515450837,-0.846117388888889,0.014955819423259405,0.0,0.0,-0.6989866666666666,-0.8089834768518519,0.12489166666666662,-0.049006162037037004,168,168.0,-0.8579896388888889,-0.049006162037037004
169,169.0,-0.54124,0.004588758001899853,-0.5170462314814814,0.009810392844301257,0.0,0.0,-0.2883,0.0598636600952531,-0.5721946388888889,0.05583268003796903,0.0,0.0,-0.3447066666666667,0.023624471069916754,-0.5888940555555556,0.00972909484821611,0.0,0.0,-0.4429733333333334,-0.5529701435185186,0.15467333333333338,-0.019224495370370298,169,169.0,-0.5721946388888889,-0.019224495370370298
170,170.0,-0.06544666666666667,0.009443740431276867,-0.04125289814814815,0.01040507632877648,0.0,0.0,0.20395000000000002,0.05277845014776392,-0.07994463888888888,0.04874747009047979,0.0,0.0,0.12644333333333332,0.02753295540499301,-0.11774405555555556,0.014838324699874965,0.0,0.0,0.03049833333333333,-0.07949847685185185,0.1734516666666667,-0.00044616203703702617,170,170.0,-0.07994463888888888,-0.00044616203703702617
171,171.0,0.33461333333333326,0.007686639924787258,0.3588071018518518,0.008267796214288178,0.0,0.0,0.629545,0.050621774465144966,0.34565036111111114,0.04659079440786084,0.0,0.0,0.5426833333333333,0.042400700858987415,0.29849594444444444,0.021803779779586342,0.0,0.0,0.4386483333333333,0.3286515231481481,0.19089666666666671,0.01699883796296303,171,171.0,0.34565036111111114,0.01699883796296303
172,172.0,0.55257,0.007130336597945416,0.5767637685185186,0.01609472818221905,0.0,0.0,0.86972,0.06089603599578553,0.585825361111111,0.056865055938501406,0.0,0.0,0.7991566666666667,0.04631199556630373,0.5549692777777778,0.022080899178023344,0.0,0.0,0.6758633333333334,0.5658665231481482,0.19385666666666668,0.019958837962962828,172,172.0,0.585825361111111,0.019958837962962828
173,173.0,0.7522566666666667,0.010753884569462972,0.7764504351851853,0.019468835385765534,0.0,0.0,1.078705,0.041471812716591075,0.7948103611111111,0.037440832659307026,0.0,0.0,1.0171333333333334,0.01727581353607789,0.7729459444444444,0.016055504738217395,0.0,0.0,0.884695,0.7746981898148149,0.19401000000000002,0.020112171296296277,173,173.0,0.7948103611111111,0.020112171296296277
174,174.0,0.7666433333333332,0.00632466863427114,0.790837101851852,0.010429715550446222,0.0,0.0,1.098965,0.04458308255381186,0.8150703611111111,0.04055210249652781,0.0,0.0,1.0383133333333332,0.013982708369029715,0.7941259444444445,0.034489777989025305,0.0,0.0,0.9024783333333333,0.7924815231481482,0.1964866666666667,0.02258883796296285,174,174.0,0.8150703611111111,0.02258883796296285
175,175.0,0.10829666666666667,0.017146528317223086,0.1324904351851852,0.02360654065791069,0.0,0.0,0.45279,0.10033845225037108,0.16889536111111111,0.09630747219308694,0.0,0.0,0.40791666666666665,0.02136450873138284,0.16372927777777777,0.03618043250169944,0.0,0.0,0.25810666666666665,0.14810985648148148,0.19468333333333337,0.020785504629629636,175,175.0,0.16889536111111111,0.020785504629629636
176,176.0,-0.6474633333333334,0.008596774588956814,-0.6232695648148149,0.01753997948814942,0.0,0.0,-0.281155,0.05968688339995647,-0.5650496388888888,0.05565590334267234,0.0,0.0,-0.3794766666666667,0.03611120924772989,-0.6236640555555556,0.02075788491176377,0.0,0.0,-0.5134700000000001,-0.6234668101851852,0.2323150000000001,0.05841717129629642,176,176.0,-0.5650496388888888,0.05841717129629642
177,177.0,-0.8394166666666667,0.01968146674750977,-0.8152228981481482,0.0231005045295287,0.0,0.0,-0.5259699999999999,0.07858784766107287,-0.8098646388888888,0.07455686760378878,0.0,0.0,-0.5638033333333333,0.03571174783363777,-0.8079907222222222,0.011549681196130633,0.0,0.0,-0.7016100000000001,-0.8116068101851852,0.17564000000000013,0.001742171296296391,177,177.0,-0.8098646388888888,0.001742171296296391
178,178.0,-0.7299633333333334,0.010226633528846759,-0.7057695648148149,0.01921376919902989,0.0,0.0,-0.407135,0.052092556570012924,-0.6910296388888889,0.04806157651272884,0.0,0.0,-0.4456366666666667,0.0440226013921637,-0.6898240555555555,0.012476046556369415,0.0,0.0,-0.5878000000000001,-0.6977968101851852,0.18066500000000008,0.006767171296296337,178,178.0,-0.6910296388888889,0.006767171296296337
179,179.0,-0.5203866666666667,0.022348962690320412,-0.4961928981481482,0.02920830413820505,0.0,0.0,-0.18887500000000002,0.009369164850721763,-0.4727696388888889,0.005338184793437656,0.0,0.0,-0.23087666666666665,0.05463599942650755,-0.4750640555555556,0.021315206593442684,0.0,0.0,-0.37563166666666664,-0.4856284768518519,0.18675666666666663,0.012858837962962999,179,179.0,-0.4727696388888889,0.012858837962962999
180,180.0,-0.15564,0.009492333748873354,-0.1314462314814815,0.01519176155514579,0.0,0.0,0.19025,0.024946727240261382,-0.09364463888888888,0.020915747182977253,0.0,0.0,0.11684333333333334,0.03634616394247587,-0.12734405555555556,0.01536573773978355,0.0,0.0,-0.01939833333333333,-0.12939514351851852,0.20964833333333333,0.03575050462962964,180,180.0,-0.09364463888888888,0.03575050462962964
181,181.0,0.3170566666666667,0.00894103088761767,0.3412504351851852,0.014682527546949242,0.0,0.0,0.67099,0.014113851352483473,0.3870953611111111,0.010082871295199346,0.0,0.0,0.6010933333333334,0.022934808334349178,0.35690594444444446,0.018271908612494846,0.0,0.0,0.459075,0.34907818981481487,0.21191499999999996,0.038017171296296226,181,181.0,0.3870953611111111,0.038017171296296226
182,182.0,0.6081366666666667,0.01353073661458735,0.6323304351851852,0.019267387173674048,0.0,0.0,0.958035,0.027923646789056778,0.6741403611111111,0.023892666731772573,0.0,0.0,0.9182933333333333,0.02159502334644108,0.6741059444444444,0.013188664373410722,0.0,0.0,0.763215,0.6532181898148148,0.19482,0.020922171296296255,182,182.0,0.6741403611111111,0.020922171296296255
183,183.0,0.84031,0.014954995820795113,0.8645037685185185,0.01927585001681188,0.0,0.0,1.1843249999999999,0.02546291519052749,0.9004303611111111,0.02143193513324344,0.0,0.0,1.178,0.032458014418630034,0.9338126111111111,0.008990957303438503,0.0,0.0,1.009155,0.8991581898148149,0.17516999999999983,0.0012721712962961984,183,183.0,0.9004303611111111,0.0012721712962961984
184,184.0,0.8938799999999999,0.00912293264252238,0.9180737685185184,0.015025024902311232,0.0,0.0,1.235535,0.032972389206728674,0.9516403611111112,0.028941409149444628,0.0,0.0,1.2490833333333333,0.03784942579925533,1.0048959444444445,0.006730311195465565,0.0,0.0,1.0714816666666667,0.9614848564814815,0.16405333333333338,-0.009844495370370354,184,184.0,0.9516403611111112,-0.009844495370370354
185,185.0,0.32165333333333335,0.02464229156010726,0.34584710185185186,0.028522527053519906,0.0,0.0,0.6785,0.012388510806388298,0.3946053611111111,0.008357530749104171,0.0,0.0,0.6468733333333333,0.04931475066684752,0.40268594444444444,0.016172220194210593,0.0,0.0,0.4842633333333333,0.3742665231481481,0.19423666666666667,0.020338837962962986,185,185.0,0.3946053611111111,0.020338837962962986
186,186.0,-0.6583666666666667,0.013467577114437952,-0.6341728981481481,0.015122335424313347,0.0,0.0,-0.26437,0.029132799384885767,-0.5482646388888889,0.02510181932760164,0.0,0.0,-0.35074999999999995,0.04082824512515813,-0.5949373888888889,0.01867772718920788,0.0,0.0,-0.5045583333333333,-0.6145551435185186,0.24018833333333334,0.06629050462962971,186,186.0,-0.5482646388888889,0.06629050462962971
187,187.0,-0.9382299999999999,0.015808513529108267,-0.9140362314814814,0.024476085686589946,0.0,0.0,-0.543305,0.019721208127292788,-0.8271996388888889,0.015690228070008742,0.0,0.0,-0.6294566666666667,0.03937232826914524,-0.8736440555555557,0.011274210697133732,0.0,0.0,-0.7838433333333332,-0.8938401435185186,0.2405383333333332,0.06664050462962967,187,187.0,-0.8271996388888889,0.06664050462962967
188,188.0,-0.86194,0.005450055045593574,-0.8377462314814815,0.011750218720591486,0.0,0.0,-0.45059000000000005,0.025158859274617362,-0.7344846388888889,0.021127879217333275,0.0,0.0,-0.5348333333333334,0.028468467351322833,-0.7790207222222222,0.0073610552465909335,0.0,0.0,-0.6983866666666667,-0.8083834768518519,0.24779666666666667,0.07389883796296293,188,188.0,-0.7344846388888889,0.07389883796296293
189,189.0,-0.6686433333333334,0.018645675995611802,-0.6444495648148147,0.026879808275817423,0.0,0.0,-0.240175,0.0338350594797763,-0.5240696388888889,0.029804079422492216,0.0,0.0,-0.33494,0.0322598186603707,-0.5791273888888889,0.004830649675541419,0.0,0.0,-0.5017916666666666,-0.6117884768518518,0.2616166666666666,0.08771883796296287,189,189.0,-0.5240696388888889,0.08771883796296287
190,190.0,-0.23290999999999998,0.0177959012134817,-0.20871623148148147,0.0268239171052743,0.0,0.0,0.184845,0.02041417277285563,-0.09904963888888887,0.016383192715571506,0.0,0.0,0.12003666666666668,0.03394588683969434,-0.12415072222222223,0.009019595421391502,0.0,0.0,-0.05643666666666665,-0.16643347685185184,0.24128166666666667,0.06738383796296296,190,190.0,-0.09904963888888887,0.06738383796296296
191,191.0,0.12902666666666665,0.007775836503768154,0.1532204351851852,0.01562827316472836,0.0,0.0,0.5578000000000001,0.03254105407020496,0.27390536111111113,0.028510074012920834,0.0,0.0,0.4785566666666667,0.03938679262561669,0.2343692777777778,0.006339818426161562,0.0,0.0,0.3037916666666667,0.19379485648148148,0.2540083333333334,0.08011050462962965,191,191.0,0.27390536111111113,0.08011050462962965
192,192.0,0.29694,0.004817291770279243,0.3211337685185185,0.012995560630186344,0.0,0.0,0.743195,0.046746829304242656,0.4593003611111111,0.04271584924695853,0.0,0.0,0.64569,0.023796854834200243,0.40150261111111113,0.015582177600958372,0.0,0.0,0.471315,0.3613181898148148,0.27188000000000007,0.09798217129629633,192,192.0,0.4593003611111111,0.09798217129629633
193,193.0,0.4104833333333333,0.01700972173003817,0.4346771018518518,0.02501545047158958,0.0,0.0,0.83673,0.03029245450603169,0.5528353611111111,0.02626147444874764,0.0,0.0,0.77529,0.04806939462901526,0.5311026111111111,0.02039176316307447,0.0,0.0,0.5928866666666667,0.48288985648148147,0.2438433333333333,0.06994550462962962,193,193.0,0.5528353611111111,0.06994550462962962
194,194.0,0.17749,0.010913601605336335,0.20168376851851852,0.016195773968112268,0.0,0.0,0.62958,0.030646007896625003,0.3456853611111111,0.026615027839340874,0.0,0.0,0.56661,0.030600717311853966,0.3224226111111111,0.023824065678520828,0.0,0.0,0.37205,0.2620531898148148,0.25753000000000004,0.0836321712962963,194,194.0,0.3456853611111111,0.0836321712962963
195,195.0,-0.8727433333333333,0.0012606479815290821,-0.8485495648148148,0.00997590019052758,0.0,0.0,-0.433045,0.0012091525958289888,-0.7169396388888889,0.0052401326531131154,0.0,0.0,-0.47888000000000003,0.01663008117839475,-0.7230673888888889,0.02275713651580359,0.0,0.0,-0.6758116666666667,-0.7858084768518518,0.2427666666666667,0.06886883796296295,195,195.0,-0.7169396388888889,0.06886883796296295
196,196.0,-1.5129000000000001,0.008118663683143996,-1.4887062314814816,0.016130159751002203,0.0,0.3333333333333333,-1.05722,0.01920502017702668,-1.3411146388888888,0.015174040119742634,0.0,0.0,-1.13792,0.030737789445566797,-1.3821073888888888,0.015830426993224515,0.0,0.3333333333333333,-1.3254100000000002,-1.4354068101851851,0.26819000000000015,0.0942921712962963,196,196.0,-1.3411146388888888,0.0942921712962963
197,197.0,-1.4731233333333333,0.00881680403169611,-1.4489295648148148,0.01749410078824129,0.0,0.0,-1.02771,0.00811758584802152,-1.311604638888889,0.004086605790737471,0.0,0.0,-1.0992833333333334,0.014328071514803791,-1.3434707222222222,0.025854186328953654,0.0,0.0,-1.2862033333333334,-1.3962001435185185,0.25849333333333346,0.08459550462962961,197,197.0,-1.311604638888889,0.08459550462962961
198,198.0,-1.28369,0.008240655313747883,-1.2594962314814815,0.015601861222073831,0.0,0.0,-0.857695,0.012650140315427308,-1.1415896388888889,0.008619160258143103,0.0,0.0,-0.8805733333333333,0.012845015894631396,-1.1247607222222222,0.02187802737550539,0.0,0.0,-1.0821316666666667,-1.1921284768518519,0.22443666666666673,0.05053883796296299,198,198.0,-1.1415896388888889,0.05053883796296299
199,199.0,-0.9884666666666666,0.006838247826258789,-0.9642728981481481,0.011509116932863757,0.0,0.0,-0.56128,0.021920310216782913,-0.8451746388888889,0.017889330159498708,0.0,0.0,-0.60244,0.02122005655034878,-0.8466273888888889,0.016593102873015464,0.0,0.0,-0.7954533333333333,-0.9054501435185185,0.23417333333333334,0.060275504629629606,199,199.0,-0.8451746388888889,0.060275504629629606
200,200.0,-0.5874666666666667,0.012423551558766625,-0.5632728981481482,0.021462525812238342,0.0,0.0,-0.14447,0.02692662622758371,-0.42836463888888887,0.022895646170299606,0.0,0.0,-0.20389666666666664,0.03454357296709958,-0.4480840555555556,0.0043097697681518145,0.0,0.0,-0.39568166666666665,-0.5056784768518519,0.25121166666666667,0.07731383796296298,200,200.0,-0.42836463888888887,0.07731383796296298
201,201.0,-0.09088333333333333,0.003885889001674305,-0.06668956481481482,0.011985617510640338,0.0,0.0,0.34738,0.0211000663506066,0.06348536111111111,0.017069086293322475,0.0,0.0,0.2991333333333333,0.037113264924192965,0.05494594444444443,0.007117575091047333,0.0,0.0,0.104125,-0.005871810185185195,0.24325500000000003,0.0693571712962963,201,201.0,0.06348536111111111,0.0693571712962963
202,202.0,0.20524,0.006730668614632574,0.22943376851851852,0.011625588036910687,0.0,0.0,0.6770050000000001,0.02304460999886959,0.39311036111111114,0.019013629941585463,0.0,0.0,0.5910466666666667,0.034149223026788376,0.34685927777777775,0.01921845916499803,0.0,0.0,0.39814333333333335,0.28814652314814815,0.27886166666666673,0.10496383796296299,202,202.0,0.39311036111111114,0.10496383796296299
203,203.0,0.4276766666666667,0.0017438558808953574,0.4518704351851852,0.007296301452732458,0.0,0.0,0.873935,0.022224366132693237,0.5900403611111111,0.018193386075409188,0.0,0.0,0.80414,0.042637709835308915,0.5599526111111112,0.009644162996285338,0.0,0.0,0.6159083333333333,0.5059115231481481,0.25802666666666674,0.084128837962963,203,203.0,0.5900403611111111,0.084128837962963
204,204.0,0.4020566666666667,0.014911962759252523,0.4262504351851852,0.015941602435843135,0.0,0.0,0.87439,0.02528613849523095,0.5904953611111111,0.021255158437946745,0.0,0.0,0.79777,0.050255567850736704,0.5535826111111111,0.018755458017720463,0.0,0.0,0.5999133333333333,0.48991652314814815,0.2744766666666667,0.10057883796296296,204,204.0,0.5904953611111111,0.10057883796296296
205,205.0,-0.24247,0.009831891984760612,-0.21827623148148145,0.015557158962411449,0.0,0.0,0.169405,0.008845905832643724,-0.11448963888888888,0.004814925775359598,0.0,0.0,0.16103,0.006858141147570522,-0.08315738888888889,0.02683692988131233,0.0,0.0,-0.04071999999999999,-0.15071681018518518,0.210125,0.036227171296296296,205,205.0,-0.11448963888888888,0.036227171296296296
206,206.0,-0.92265,0.019626107612055934,-0.8984562314814815,0.020792126440703038,0.0,0.0,-0.52362,0.01985555841571825,-0.807514638888889,0.015824578358434125,0.0,0.0,-0.5063666666666666,0.01849003605549033,-0.7505540555555555,0.014939211906888515,0.0,0.0,-0.7145083333333333,-0.8245051435185184,0.19088833333333333,0.016990504629629477,206,206.0,-0.807514638888889,0.016990504629629477
207,207.0,-0.98635,0.005331294401925315,-0.9621562314814814,0.013359379371960422,0.0,0.0,-0.619845,0.007813529932111353,-0.9037396388888889,0.0037825498748273053,0.0,0.0,-0.5616866666666667,0.034496795986487395,-0.8058740555555555,0.020064088501572146,0.0,0.0,-0.7740183333333333,-0.8840151435185184,0.15417333333333327,-0.019724495370370465,207,207.0,-0.9037396388888889,-0.019724495370370465
208,208.0,-0.7940066666666666,0.013352738795218526,-0.7698128981481481,0.0067841329026632315,0.0,0.0,-0.46091,0.009192388155425125,-0.7448046388888888,0.005161408098141,0.0,0.0,-0.41644333333333333,0.012628698798107959,-0.6606307222222222,0.021493563439861824,0.0,0.0,-0.605225,-0.7152218101851852,0.14431500000000003,-0.029582828703703656,208,208.0,-0.7448046388888888,-0.029582828703703656
209,209.0,-0.5105766666666667,0.013710785292365047,-0.48638289814814817,0.01564880835246279,0.0,0.0,-0.17346,0.009842926394116732,-0.4573546388888889,0.005811946336832567,0.0,0.0,-0.11757333333333332,0.020694661952622793,-0.36176072222222216,0.02606361418953908,0.0,0.0,-0.314075,-0.42407181018518514,0.140615,-0.03328282870370375,209,209.0,-0.4573546388888889,-0.03328282870370375
210,210.0,-0.04109666666666666,0.013635462343952012,-0.01690289814814815,0.013619815142606588,0.0,0.0,0.31942499999999996,0.0047871129086329255,0.0355303611111111,0.000756132851348799,0.0,0.0,0.36582333333333333,0.01744461043799299,0.12163594444444444,0.02457679802191551,0.0,0.0,0.16236333333333333,0.052366523148148145,0.15706166666666663,-0.016836162037037042,210,210.0,0.0355303611111111,-0.016836162037037042
211,211.0,0.36539666666666665,0.014255729842183911,0.38959043518518516,0.007638016769222474,0.0,0.0,0.74362,0.005911412690719561,0.4597253611111111,0.001880432633435435,0.0,0.0,0.75999,0.022895648058091717,0.5158026111111111,0.015483701624935542,0.0,0.0,0.5626933333333334,0.4526965231481481,0.18092666666666657,0.007028837962962997,211,211.0,0.4597253611111111,0.007028837962962997
212,212.0,0.6013966666666667,0.011376336551514845,0.6255904351851852,0.014051090799896047,0.0,0.0,0.98523,0.006731656556895992,0.701335361111111,0.0027006764996118653,0.0,0.0,0.9916766666666668,0.020694372020753207,0.7474892777777778,0.015953341740108734,0.0,0.0,0.7965366666666667,0.6865398564814815,0.18869333333333338,0.01479550462962953,212,212.0,0.701335361111111,0.01479550462962953
213,213.0,0.8281466666666667,0.008461384835435244,0.8523404351851852,0.012706539978392191,0.0,0.0,1.201445,0.03568767924648506,0.9175503611111111,0.03165669918920102,0.0,0.0,1.20929,0.018417372233844872,0.9651026111111111,0.015111271001732677,0.0,0.0,1.0187183333333334,0.9087215231481481,0.1827266666666667,0.008828837962962965,213,213.0,0.9175503611111111,0.008828837962962965
214,214.0,0.8910933333333334,0.005576919699380063,0.9152871018518519,0.009961497283535563,0.0,0.0,1.241425,0.03983132498423821,0.9575303611111111,0.03580034492695417,0.0,0.0,1.2592766666666666,0.031096857290300695,1.0150892777777776,0.004673483849101023,0.0,0.0,1.075185,0.9651881898148147,0.16623999999999994,-0.007657828703703573,214,214.0,0.9575303611111111,-0.007657828703703573
215,215.0,0.31290666666666667,0.012886048010671608,0.3371004351851852,0.005621857383881419,0.0,0.0,0.6803600000000001,0.07837571562671689,0.39646536111111114,0.07434473556943276,0.0,0.0,0.7143566666666666,0.036973631595142685,0.4701692777777778,0.007408875188959948,0.0,0.0,0.5136316666666667,0.40363485648148145,0.16672833333333337,-0.007169495370370316,215,215.0,0.39646536111111114,-0.007169495370370316
216,216.0,-0.47375666666666666,0.029128414535180794,-0.44956289814814815,0.029149332869570038,0.0,0.0,-0.20087,0.006731656556895933,-0.4847646388888889,0.0027006764996118262,0.0,0.0,-0.05204333333333333,0.02764645426331075,-0.29623072222222224,0.008368327020446913,0.0,0.0,-0.2629,-0.37289681018518517,0.06203000000000003,-0.11186782870370371,216,216.0,-0.4847646388888889,-0.11186782870370371
217,217.0,-0.71456,0.01163622361421436,-0.6903662314814815,0.005509178980328607,0.0,0.0,-0.404085,0.013852221843444503,-0.6879796388888888,0.01788320190072859,0.0,0.0,-0.29771,0.023962748172945438,-0.5418973888888888,0.015469603543330015,0.0,0.0,-0.506135,-0.6161318101851851,0.10204999999999997,-0.07184782870370365,217,217.0,-0.6879796388888888,-0.07184782870370365
218,218.0,-0.6000366666666667,0.002261865012182032,-0.5758428981481482,0.008797212283628295,0.0,0.0,-0.30108500000000005,0.013979501064058052,-0.5849796388888888,0.018010481121342216,0.0,0.0,-0.16693333333333335,0.02706036461937152,-0.41112072222222223,0.006390601011470529,0.0,0.0,-0.383485,-0.4934818101851852,0.08239999999999997,-0.0914978287037036,218,218.0,-0.5849796388888888,-0.0914978287037036
219,219.0,-0.38421666666666665,0.01417672858360961,-0.36002289814814814,0.014000873001229376,0.0,0.0,-0.07761000000000001,0.0015980613254815961,-0.36150463888888884,0.005629041382765713,0.0,0.0,0.05019333333333333,0.032718368439354266,-0.19399405555555557,0.0032703983208009235,0.0,0.0,-0.16701166666666667,-0.27700847685185187,0.08940166666666666,-0.08449616203703697,219,219.0,-0.36150463888888884,-0.08449616203703697
220,220.0,-0.002933333333333333,0.014293398243011818,0.021260435185185184,0.010909396518100628,0.0,0.0,0.3064,0.013463313113791866,0.022505361111111094,0.01749429317107599,0.0,0.0,0.44329666666666667,0.03574252975564729,0.1991092777777778,0.010278989501731055,0.0,0.0,0.22018166666666666,0.11018485648148149,0.08621833333333334,-0.0876794953703704,220,220.0,0.022505361111111094,-0.0876794953703704
221,221.0,0.49121,0.004500433312471136,0.5154037685185185,0.005931194697301264,0.0,0.0,0.80789,0.02343351872852215,0.5239953611111111,0.027464498785806195,0.0,0.0,0.9312533333333333,0.026556476297380508,0.6870659444444445,0.011713096654269235,0.0,0.0,0.7112316666666666,0.6012348564814816,0.0966583333333334,-0.07723949537037045,221,221.0,0.5239953611111111,-0.07723949537037045
222,222.0,0.7709533333333333,0.0020576766833818685,0.7951471018518519,0.010767624651235179,0.0,0.0,1.14758,0.006816509370638384,0.8636853611111112,0.010847489427922432,0.0,0.0,1.2204766666666667,0.037931586222215034,0.9762892777777777,0.0046377459394537955,0.0,0.0,0.9957149999999999,0.8857181898148148,0.15186500000000014,-0.0220328287037036,222,222.0,0.8636853611111112,-0.0220328287037036
223,223.0,1.01711,0.011875659981659957,1.0413037685185185,0.007020053971268027,0.0,0.0,1.3638599999999999,0.023263813101037364,1.079965361111111,0.027294793158321413,0.0,0.0,1.4563233333333334,0.02095532947327081,1.2121359444444444,0.014506414937653084,0.0,0.0,1.2367166666666667,1.1267198564814813,0.12714333333333316,-0.04675449537037024,223,223.0,1.079965361111111,-0.04675449537037024
224,224.0,1.0906366666666667,0.029831343136596064,1.1148304351851852,0.025423012396912997,0.0,0.0,1.384585,0.0044052752467921615,1.100690361111111,0.0003742951895081133,0.0,0.0,1.5214866666666669,0.014207946133531468,1.2772992777777776,0.03310788592128313,0.0,0.0,1.306061666666667,1.1960648564814815,0.07852333333333306,-0.09537449537037057,224,224.0,1.100690361111111,-0.09537449537037057
225,225.0,0.5239433333333333,0.048797215426019266,0.5481371018518518,0.04329533916815348,0.0,0.0,0.873355,0.009751002512562468,0.5894603611111111,0.005720022455278421,0.0,0.0,0.9943233333333333,0.01848122380507669,0.7501359444444445,0.018232372023989193,0.0,0.0,0.7591333333333333,0.6491365231481482,0.11422166666666667,-0.05967616203703707,225,225.0,0.5894603611111111,-0.05967616203703707
226,226.0,-0.45996,0.01565205098381678,-0.43576623148148147,0.013796886725456287,0.0,0.0,-0.134,0.006858935777509521,-0.4178946388888889,0.002827955720225375,0.0,0.0,0.005653333333333332,0.050157897018648354,-0.23853405555555554,0.01868855389920165,0.0,0.0,-0.22715333333333332,-0.3371501435185185,0.09315333333333331,-0.08074449537037037,226,226.0,-0.4178946388888889,-0.08074449537037037
227,227.0,-0.7807,0.02103443129728017,-0.7565062314814814,0.017403384847448647,0.0,0.0,-0.446655,0.00026162950903904874,-0.7305496388888889,0.004292609566323214,0.0,0.0,-0.2981533333333333,0.03790875404617426,-0.5423407222222223,0.01377961489177349,0.0,0.0,-0.5394266666666666,-0.6494234768518519,0.09277166666666659,-0.08112616203703704,227,227.0,-0.7305496388888889,-0.08112616203703704
228,228.0,-0.6656666666666666,0.012869908054579642,-0.6414728981481481,0.004538665560969609,0.0,0.0,-0.348175,0.0007283199846221265,-0.6320696388888889,0.004759300041906253,0.0,0.0,-0.19661666666666666,0.03835357914632393,-0.4408040555555555,0.013492422643387987,0.0,0.0,-0.43114166666666665,-0.5411384768518518,0.08296666666666663,-0.0909311620370371,228,228.0,-0.6320696388888889,-0.0909311620370371
229,229.0,-0.44881,0.01805927185686069,-0.4246162314814815,0.019053812012402166,0.0,0.0,-0.12061,0.0033658282784479665,-0.4045046388888889,0.007396808335732083,0.0,0.0,0.013183333333333333,0.038057274381297114,-0.23100405555555556,0.011878205165532191,0.0,0.0,-0.21781333333333333,-0.3278101435185185,0.09720333333333334,-0.07669449537037037,229,229.0,-0.4045046388888889,-0.07669449537037037
230,230.0,-0.00032333333333333405,0.022951676046278915,0.023870435185185182,0.019573967197111335,0.0,0.0,0.33444,0.007382194795587559,0.05054536111111113,0.003351214738303433,0.0,0.0,0.47741666666666666,0.03145651972697127,0.23322927777777777,0.020309950035745386,0.0,0.0,0.23854666666666666,0.12854985648148148,0.09589333333333336,-0.07800449537037035,230,230.0,0.05054536111111113,-0.07800449537037035
231,231.0,0.34696333333333335,0.025777269702847386,0.37115710185185186,0.022570300798391847,0.0,0.0,0.698885,0.0038395898218429856,0.4149903611111111,0.00019139023544114092,0.0,0.0,0.8253366666666667,0.036785394293568904,0.5811492777777778,0.007540056340714024,0.0,0.0,0.5861500000000001,0.4761531898148148,0.11273499999999992,-0.06116282870370371,231,231.0,0.4149903611111111,-0.06116282870370371
232,232.0,0.5176999999999999,0.022159442682522474,0.5418937685185186,0.023297495036628684,0.0,0.0,0.884735,0.011433916651786407,0.600840361111111,0.015464896709070534,0.0,0.0,1.0170066666666666,0.020242268482888275,0.7728192777777778,0.019941269884867975,0.0,0.0,0.7673533333333333,0.6573565231481482,0.11738166666666672,-0.05651616203703713,232,232.0,0.600840361111111,-0.05651616203703713
233,233.0,0.6608666666666667,0.02551084736603892,0.6850604351851852,0.026482327522335692,0.0,0.0,0.995115,0.009751002512562546,0.7112203611111111,0.013781982569846673,0.0,0.0,1.11418,0.03489846414958689,0.869992611111111,0.003995693954333567,0.0,0.0,0.8875233333333333,0.7775265231481481,0.10759166666666664,-0.06630616203703699,233,233.0,0.7112203611111111,-0.06630616203703699
234,234.0,0.4272033333333334,0.04278506086630394,0.4513971018518519,0.03524553013530619,0.0,0.0,0.7422500000000001,0.029175225791756926,0.45835536111111114,0.03320620584904105,0.0,0.0,0.85783,0.00654706804607985,0.6136426111111112,0.036526401108711457,0.0,0.0,0.6425166666666666,0.5325198564814815,0.09973333333333345,-0.07416449537037034,234,234.0,0.45835536111111114,-0.07416449537037034
235,235.0,-0.6126933333333333,0.03448646304469821,-0.5884995648148147,0.03965488336048403,0.0,0.0,-0.273225,0.01117935821055931,-0.5571196388888888,0.007148378153275184,0.0,0.0,-0.14807,0.01965788391460281,-0.3922573888888889,0.013723046679826477,0.0,0.0,-0.3803816666666667,-0.49037847685185176,0.10715666666666668,-0.06674116203703706,235,235.0,-0.5571196388888888,-0.06674116203703706
236,236.0,-1.09552,0.03130440384354896,-1.0713262314814815,0.027348202129280085,0.0,0.0,-0.7863150000000001,0.0290833019102027,-1.0702096388888889,0.03311428196748683,0.0,0.0,-0.6799499999999999,0.019990367680460516,-0.924137388888889,0.021513079333254883,0.0,0.0,-0.8877349999999999,-0.9977318101851853,0.10141999999999984,-0.07247782870370356,236,236.0,-1.0702096388888889,-0.07247782870370356
237,237.0,-1.0109666666666666,0.0266609308414641,-0.9867728981481481,0.026615043591023988,0.0,0.0,-0.7050799999999999,0.026063955954536144,-0.9889746388888889,0.03009493601182027,0.0,0.0,-0.6182866666666667,0.03883567990049011,-0.8624740555555556,0.00879596245185686,0.0,0.0,-0.8146266666666666,-0.9246234768518518,0.10954666666666668,-0.06435116203703717,237,237.0,-0.9889746388888889,-0.06435116203703717
238,238.0,-0.8033833333333332,0.02497865155154163,-0.7791895648148147,0.019943766706535186,0.0,0.0,-0.490085,0.03034195198071476,-0.7739796388888889,0.03437293203799896,0.0,0.0,-0.40606666666666663,0.041639649774383725,-0.6502540555555556,0.010987732220224708,0.0,0.0,-0.604725,-0.7147218101851851,0.11463999999999996,-0.059257828703703774,238,238.0,-0.7739796388888889,-0.059257828703703774
239,239.0,-0.5183533333333333,0.02107269639446581,-0.49415956481481477,0.017568994229109357,0.0,0.0,-0.22885499999999998,0.028871169875846737,-0.5127496388888889,0.032902149933130884,0.0,0.0,-0.12070666666666667,0.03844227143826615,-0.36489405555555554,0.01599786479360529,0.0,0.0,-0.31953,-0.4295268101851851,0.090675,-0.08322282870370379,239,239.0,-0.5127496388888889,-0.08322282870370379
240,240.0,-0.1108,0.021008500660446943,-0.08660623148148149,0.017417063384112225,0.0,0.0,0.18692,0.018681761158948585,-0.09697463888888888,0.02271274121623271,0.0,0.0,0.27535,0.05334511036636816,0.0311626111111111,0.022734335184645477,0.0,0.0,0.08227499999999999,-0.027721810185185193,0.10464500000000002,-0.0692528287037037,240,240.0,-0.09697463888888888,-0.0692528287037037
241,241.0,0.39744,0.026835735503242676,0.4216337685185185,0.023469677233106192,0.0,0.0,0.692565,0.026933697295395565,0.4086703611111111,0.03096467735267969,0.0,0.0,0.7884933333333333,0.05171066073193548,0.5443059444444444,0.02434317432644744,0.0,0.0,0.5929666666666666,0.48296985648148144,0.09959833333333334,-0.07429949537037034,241,241.0,0.4086703611111111,-0.07429949537037034
242,242.0,0.69043,0.027798467583663628,0.7146237685185186,0.021982405419728113,0.0,0.0,1.00784,0.029047946571143454,0.7239453611111111,0.03307892662842758,0.0,0.0,1.0977966666666668,0.041693209678955394,0.8536092777777777,0.00839690747696434,0.0,0.0,0.8941133333333333,0.7841165231481482,0.11372666666666675,-0.060171162037037096,242,242.0,0.7239453611111111,-0.060171162037037096
243,243.0,0.9061266666666666,0.018503862659816045,0.9303204351851853,0.018911632631215015,0.0,0.0,1.212645,0.03478258256656616,0.9287503611111111,0.03881356262385021,0.0,0.0,1.3116700000000001,0.03529663865016051,1.067482611111111,0.0023335688950208646,0.0,0.0,1.1088983333333333,0.9989015231481482,0.10374666666666665,-0.07015116203703708,243,243.0,0.9287503611111111,-0.07015116203703708
244,244.0,0.9363,0.03287815232034795,0.9604937685185185,0.029010552533777663,0.0,0.0,1.233035,0.036168511857691925,0.9491403611111111,0.040199491914975974,0.0,0.0,1.32357,0.05099068444333734,1.0793826111111111,0.017690781078762458,0.0,0.0,1.129935,1.0199381898148148,0.10310000000000019,-0.07079782870370366,244,244.0,0.9491403611111111,-0.07079782870370366
245,245.0,0.32686333333333334,0.030895437095683452,0.35105710185185185,0.025175439372021532,0.0,0.0,0.56952,0.03607658797613762,0.2856253611111111,0.04010756803342175,0.0,0.0,0.7639566666666666,0.019988407473666696,0.5197692777777777,0.01978259854459711,0.0,0.0,0.54541,0.4354131898148148,0.024110000000000076,-0.14978782870370372,245,245.0,0.2856253611111111,-0.14978782870370372
246,246.0,-0.3599666666666667,0.03507829718406145,-0.3357728981481482,0.033471463402375376,0.0,0.0,-0.140565,0.02045659917972683,-0.4244596388888889,0.024487579237010955,0.0,0.0,-0.015603333333333335,0.012128917236642904,-0.2597907222222222,0.021323482801545522,0.0,0.0,-0.18778500000000004,-0.29778181018518524,0.04722000000000004,-0.12667782870370364,246,246.0,-0.4244596388888889,-0.12667782870370364
247,247.0,-0.4766866666666667,0.021273035357779455,-0.4524928981481482,0.01733474556160095,0.0,0.0,-0.26846000000000003,0.03577960312803933,-0.5523546388888889,0.03981058318532341,0.0,0.0,-0.11788,0.027830865958500102,-0.36206738888888895,0.0060321012930844384,0.0,0.0,-0.29728333333333334,-0.4072801435185186,0.028823333333333312,-0.14507449537037032,247,247.0,-0.5523546388888889,-0.14507449537037032
248,248.0,-0.29889000000000004,0.02305390422466442,-0.27469623148148153,0.020786691782472656,0.0,0.0,-0.069885,0.03850196423560752,-0.35377963888888886,0.04253294429289164,0.0,0.0,0.04496,0.027622975943949267,-0.1992273888888889,0.005856996353747239,0.0,0.0,-0.12696500000000002,-0.23696181018518522,0.05708000000000002,-0.11681782870370364,248,248.0,-0.35377963888888886,-0.11681782870370364
249,249.0,-0.02431,0.027661455131644825,-0.00011623148148148336,0.022703444861801255,0.0,0.0,0.21417,0.026063955954536144,-0.06972463888888888,0.03009493601182027,0.0,0.0,0.30412,0.028756134997596612,0.05993261111111111,0.018933735710484463,0.0,0.0,0.139905,0.029908189814814815,0.074265,-0.0996328287037037,249,249.0,-0.06972463888888888,-0.0996328287037037
250,250.0,0.45481666666666665,0.026506754485099305,0.47901043518518516,0.02284240374951402,0.0,0.0,0.686065,0.03379263307290511,0.40217036111111115,0.03782361313018923,0.0,0.0,0.7628166666666667,0.04264745049042597,0.5186292777777778,0.01826112307636175,0.0,0.0,0.6088166666666667,0.49881985648148147,0.07724833333333336,-0.09664949537037032,250,250.0,0.40217036111111115,-0.09664949537037032
251,251.0,0.8642166666666666,0.029113753336410177,0.8884104351851851,0.026202991700487455,0.0,0.0,1.0819100000000001,0.023645650762878088,0.7980153611111112,0.027676630820162137,0.0,0.0,1.1843066666666668,0.03872894051395333,0.9401192777777778,0.011570935783199201,0.0,0.0,1.0242616666666668,0.9142648564814815,0.0576483333333333,-0.11624949537037033,251,251.0,0.7980153611111112,-0.11624949537037033
252,252.0,1.11623,0.029136350148911985,1.1404237685185186,0.028767023452471972,0.0,0.0,1.343905,0.007205418100290864,1.0600103611111111,0.011236398157574911,0.0,0.0,1.41264,0.025380994858358125,1.168452611111111,0.018002682019602423,0.0,0.0,1.264435,1.1544381898148148,0.07946999999999993,-0.0944278287037037,252,252.0,1.0600103611111111,-0.0944278287037037
253,253.0,1.3298333333333334,0.02363849050454217,1.3540271018518517,0.023108807323348798,0.0,0.0,1.537325,0.020499025586598062,1.253430361111111,0.02453000564388211,0.0,0.0,1.63556,0.03691570397540867,1.3913726111111113,0.03373554293091142,0.6666666666666666,0.0,1.4826966666666666,1.3726998564814816,0.0546283333333335,-0.11926949537037057,253,253.0,1.253430361111111,-0.11926949537037057
254,254.0,1.3888133333333332,0.03282636186563068,1.4130071018518517,0.030197773327899777,0.0,0.0,1.63382,0.0034931074990615053,1.349925361111111,0.0075240875563455534,1.0,0.0,1.6873566666666668,0.051455835755853184,1.4431692777777778,0.024745210449230455,1.0,0.0,1.5380850000000001,1.4280881898148148,0.0957349999999999,-0.07816282870370372,254,254.0,1.349925361111111,-0.07816282870370372
255,255.0,0.84092,0.039331538235873806,0.8651137685185185,0.03429506580129384,0.0,0.0,1.043945,0.0037123106012293583,0.7600503611111111,0.0003186694560546898,0.0,0.0,1.1602166666666667,0.028624179173093022,0.9160292777777778,0.008913058501062554,0.0,0.0,1.0005683333333333,0.8905715231481481,0.04337666666666662,-0.130521162037037,255,255.0,0.7600503611111111,-0.130521162037037
256,256.0,-0.03003,0.03144855004606731,-0.0058362314814814865,0.026046962757116765,0.0,0.0,0.1376,0.043289077144240434,-0.14629463888888888,0.04732005720152457,0.0,0.0,0.2813333333333333,0.029881268937803393,0.03714594444444443,0.010289325059336848,0.0,0.0,0.12565166666666666,0.015654856481481474,0.011948333333333339,-0.16194949537037034,256,256.0,-0.14629463888888888,-0.16194949537037034
257,257.0,-0.33404666666666666,0.016918065295220188,-0.30985289814814815,0.014547137960853659,0.0,0.0,-0.13494499999999998,0.04048186322292984,-0.41883963888888887,0.04451284328021395,0.0,0.0,0.02594,0.03668703722024988,-0.21824738888888887,0.012074287851510815,0.0,0.0,-0.15405333333333332,-0.2640501435185185,0.01910833333333334,-0.15478949537037034,257,257.0,-0.41883963888888887,-0.15478949537037034
258,258.0,-0.2339266666666667,0.0206763544497896,-0.20973289814814813,0.016891387830847697,0.0,0.0,-0.05856,0.029047946571143377,-0.3424546388888889,0.033078926628427506,0.0,0.0,0.11031,0.03720714850670501,-0.1338773888888889,0.015688224968959927,0.0,0.0,-0.06180833333333335,-0.1718051435185185,0.003248333333333346,-0.17064949537037039,258,258.0,-0.3424546388888889,-0.17064949537037039
259,259.0,-0.019469999999999998,0.01898117751879477,0.004723768518518516,0.015484641682560635,0.0,0.0,0.18524000000000002,0.032541054070204904,-0.09865463888888888,0.03657203412748903,0.0,0.0,0.32776,0.028239506015509546,0.08357261111111113,0.010990983332766094,0.0,0.0,0.154145,0.04414818981481482,0.03109500000000001,-0.1428028287037037,259,259.0,-0.09865463888888888,-0.1428028287037037
260,260.0,0.36850999999999995,0.02212758685442222,0.39270376851851846,0.017919207602258794,0.0,0.0,0.590025,0.031331901474375895,0.3061303611111111,0.03536288153166002,0.0,0.0,0.6713066666666667,0.03542317367675196,0.42711927777777775,0.005038690351120583,0.0,0.0,0.5199083333333333,0.4099115231481481,0.07011666666666672,-0.10378116203703702,260,260.0,0.3061303611111111,-0.10378116203703702
261,261.0,0.86047,0.015826480973356035,0.8846637685185185,0.013294062312157167,0.0,0.0,1.065555,0.02865903784149074,0.7816603611111111,0.032690017898774786,0.0,0.0,1.15198,0.0399064618827577,0.9077926111111111,0.008535709070918681,0.0,0.0,1.006225,0.8962281898148148,0.059330000000000105,-0.11456782870370363,261,261.0,0.7816603611111111,-0.11456782870370363
262,262.0,1.1384266666666667,0.014863156910069043,1.1626204351851852,0.0069018006024379,0.0,0.0,1.361665,0.038629243456221214,1.0777703611111111,0.04266022351350526,0.0,0.0,1.4527400000000001,0.055800393367789136,1.2085526111111111,0.023258964482276805,0.0,0.0,1.2955833333333335,1.1855865231481482,0.06608166666666637,-0.10781616203703703,262,262.0,1.0777703611111111,-0.10781616203703703
263,263.0,1.36627,0.01902111195487795,1.3904637685185186,0.013943487248475684,0.0,0.0,1.57492,0.039484842661456895,1.291025361111111,0.04351582271874094,0.0,0.0,1.68101,0.05046563087884661,1.436822611111111,0.017178604996365133,1.0,0.0,1.5236399999999999,1.413643189814815,0.051280000000000214,-0.12261782870370386,263,263.0,1.291025361111111,-0.12261782870370386
264,264.0,1.4133933333333333,0.04207350749977158,1.4375871018518518,0.033669147908844774,0.3333333333333333,0.0,1.6374499999999999,0.0314238253559302,1.353555361111111,0.035454805413214247,1.0,0.0,1.6979766666666667,0.0189121504153635,1.4537892777777779,0.018110601588542406,1.0,0.0,1.555685,1.4456881898148148,0.08176499999999987,-0.09213282870370376,264,264.0,1.353555361111111,-0.09213282870370376
265,265.0,0.76715,0.01965061831088272,0.7913437685185185,0.027283145239293892,0.0,0.0,1.05176,0.03090056633785202,0.7678653611111111,0.03493154639513607,0.0,0.0,1.1010166666666665,0.041179904484266686,0.8568292777777778,0.020966514802285837,0.0,0.0,0.9340833333333333,0.8240865231481482,0.11767666666666676,-0.05622116203703709,265,265.0,0.7678653611111111,-0.05622116203703709
266,266.0,-0.12856,0.03026550676925797,-0.1043662314814815,0.021459145777074598,0.0,0.0,0.16171,0.021708178182427013,-0.12218463888888889,0.017677198125142887,0.0,0.0,0.18019666666666667,0.036817475922900175,-0.06399072222222223,0.02235508326878867,0.0,0.0,0.025818333333333332,-0.08417847685185187,0.13589166666666666,-0.03800616203703702,266,266.0,-0.12218463888888889,-0.03800616203703702
267,267.0,-0.39563,0.021394510978285992,-0.37143623148148147,0.019154658933811044,0.0,0.0,-0.09686,0.01070559666716433,-0.38075463888888883,0.014736576724448447,0.0,0.0,-0.06020333333333333,0.031563271904752416,-0.30439072222222224,0.0018871257271392368,0.0,0.0,-0.22791666666666666,-0.33791347685185186,0.13105666666666665,-0.04284116203703697,267,267.0,-0.38075463888888883,-0.04284116203703697
268,268.0,-0.27592,0.02471623757775443,-0.2517262314814815,0.020356436566942696,0.0,0.0,0.00018000000000000004,0.0016404877323527903,-0.28371463888888887,0.005671467789636909,0.0,0.0,0.04945666666666667,0.03313814166988446,-0.19473072222222224,0.0014771580856600345,0.0,0.0,-0.11323166666666666,-0.22322847685185188,0.11341166666666666,-0.060486162037036995,268,268.0,-0.28371463888888887,-0.060486162037036995
269,269.0,-0.06278333333333334,0.02469227072047715,-0.03858956481481482,0.017381416837474295,0.0,0.0,0.24942,0.027746870093760125,-0.03447463888888888,0.03177785015104425,0.0,0.0,0.2662333333333333,0.04652743312641837,0.022045944444444427,0.01411937547442553,0.0,0.0,0.10172499999999998,-0.008271810185185196,0.14769500000000002,-0.026202828703703683,269,269.0,-0.03447463888888888,-0.026202828703703683
270,270.0,0.38816333333333336,0.02933328200753085,0.41235710185185187,0.02207404293425246,0.0,0.0,0.70621,0.017564532444673823,0.4223153611111111,0.021595512501957948,0.0,0.0,0.7076600000000001,0.03714010904668967,0.4634726111111111,0.005724989680633891,0.0,0.0,0.5479116666666667,0.4379148564814815,0.15829833333333332,-0.015599495370370364,270,270.0,0.4223153611111111,-0.015599495370370364
271,271.0,0.7544366666666665,0.018043720052509517,0.7786304351851853,0.010574362610170342,0.0,0.0,1.08868,0.0383251875403109,0.8047853611111111,0.04235616759759494,0.0,0.0,1.0765366666666667,0.025028792086981163,0.8323492777777778,0.008864535859819753,0.0,0.0,0.9154866666666666,0.8054898564814815,0.17319333333333353,-0.0007044953703704282,271,271.0,0.8047853611111111,-0.0007044953703704282
272,272.0,0.9574766666666666,0.02318942934471075,0.9816704351851852,0.018444502060994603,0.0,0.0,1.299985,0.039619192949882275,1.0160903611111112,0.043650173007166324,0.0,0.0,1.2679433333333334,0.03918319197479102,1.0237559444444446,0.028478285210139166,0.0,0.0,1.11271,1.002713189814815,0.18727499999999986,0.01337717129629623,272,272.0,1.0160903611111112,0.01337717129629623
273,273.0,1.08543,0.034390109043153594,1.1096237685185184,0.02693652131985618,0.0,0.0,1.41116,0.01747967963093135,1.1272653611111112,0.0215106596882154,0.0,0.0,1.3853333333333335,0.044350249529549746,1.1411459444444445,0.030199353486623358,0.0,0.0,1.2353816666666666,1.1253848564814815,0.17577833333333337,0.0018805046296297423,273,273.0,1.1272653611111112,0.0018805046296297423
274,274.0,0.8774033333333334,0.027198327767223758,0.9015971018518519,0.022366626181456142,0.0,0.0,1.1842700000000002,0.026672067786356557,0.9003753611111112,0.030703047843640602,0.0,0.0,1.1899,0.05214975838870208,0.945712611111111,0.021446172422266593,0.0,0.0,1.0336516666666666,0.9236548564814815,0.15061833333333352,-0.02327949537037033,274,274.0,0.9003753611111112,-0.02327949537037033
275,275.0,-0.13388999999999998,0.0903108919233998,-0.10969623148148148,0.08442399142445998,0.0,0.0,0.11377000000000001,0.04842267237565477,-0.1701246388888889,0.05245365243293891,0.0,0.0,0.19077666666666668,0.03690021318818271,-0.05341072222222223,0.009292650869192152,0.0,0.0,0.028443333333333348,-0.08155347685185185,0.08532666666666666,-0.08857116203703705,275,275.0,-0.1701246388888889,-0.08857116203703705
276,276.0,-0.7358166666666667,0.010390862973465363,-0.7116228981481482,0.002379164960162408,0.0,0.0,-0.49176,0.03288046532517445,-0.7756546388888889,0.036911445382458496,0.0,0.0,-0.47007333333333334,0.04640862132549654,-0.7142607222222223,0.013355624144449739,0.0,0.0,-0.6029450000000001,-0.7129418101851852,0.11118500000000009,-0.06271282870370365,276,276.0,-0.7756546388888889,-0.06271282870370365
277,277.0,-0.6988499999999999,0.033263341684202426,-0.6746562314814813,0.029246313884232843,0.0,0.0,-0.41568,0.028524687553065357,-0.6995746388888888,0.03255566761034948,0.0,0.0,-0.43174666666666667,0.02771772417305095,-0.6759340555555555,0.006977377763492174,0.0,0.0,-0.5652983333333332,-0.6752951435185184,0.14961833333333324,-0.02427949537037044,277,277.0,-0.6995746388888888,-0.02427949537037044
278,278.0,-0.50405,0.0185849293783969,-0.47985623148148154,0.014463808175103246,0.0,0.0,-0.24826,0.045184123317820395,-0.5321546388888889,0.04921510337510452,0.0,0.0,-0.23091666666666666,0.019729055561109172,-0.4751040555555555,0.015879791522177125,0.0,0.0,-0.36748333333333333,-0.47748014351851853,0.11922333333333332,-0.05467449537037039,278,278.0,-0.5321546388888889,-0.05467449537037039
279,279.0,-0.2531133333333333,0.019326593940302395,-0.2289195648148148,0.012845324653145265,0.0,0.0,0.01199,0.0443214530447728,-0.2719046388888889,0.04835243310205691,0.0,0.0,0.033383333333333334,0.04141405719478995,-0.21080405555555556,0.00848059236394277,0.0,0.0,-0.10986499999999999,-0.2198618101851852,0.12185499999999999,-0.05204282870370369,279,279.0,-0.2719046388888889,-0.05204282870370369
280,280.0,0.15370666666666666,0.02022323993165618,0.17790043518518517,0.013726741749439764,0.0,0.0,0.43918,0.042765818126162376,0.15528536111111113,0.04679679818344651,0.0,0.0,0.4349966666666667,0.04483892208041284,0.19080927777777776,0.011587615570993996,0.0,0.0,0.2943516666666667,0.18435485648148148,0.14482833333333334,-0.029069495370370346,280,280.0,0.15528536111111113,-0.029069495370370346
281,281.0,0.6538499999999999,0.018606248950285533,0.6780437685185184,0.015327006429595155,0.0,0.0,0.93634,0.03201779505212694,0.6524453611111112,0.03604877510941107,0.0,0.0,0.94525,0.0446786257622143,0.701062611111111,0.011535234797929499,0.0,0.0,0.79955,0.6895531898148147,0.13678999999999997,-0.03710782870370355,281,281.0,0.6524453611111112,-0.03710782870370355
282,282.0,0.9323133333333334,0.016978234105269427,0.956507101851852,0.015034606517294949,0.0,0.0,1.278535,0.03034195198071476,0.9946403611111111,0.03437293203799881,0.0,0.0,1.25075,0.03759054801409521,1.006562611111111,0.010704516292929176,0.0,0.0,1.0915316666666668,0.9815348564814814,0.1870033333333332,0.013105504629629672,282,282.0,0.9946403611111111,0.013105504629629672
283,283.0,1.1434499999999999,0.01484064351704476,1.1676437685185184,0.012466073703971545,0.0,0.0,1.49359,0.02027982248443021,1.2096953611111112,0.02431080254171426,0.0,0.0,1.4494033333333334,0.050279690067992,1.2052159444444444,0.02346926481022057,0.0,0.0,1.2964266666666666,1.1864298564814812,0.19716333333333336,0.02326550462962995,283,283.0,1.2096953611111112,0.02326550462962995
284,284.0,1.1571833333333332,0.0496516689883969,1.1813771018518517,0.04114995725753011,0.0,0.0,1.4652699999999999,0.020633375875023445,1.181375361111111,0.024664355932307494,0.0,0.0,1.4346333333333334,0.023332403076694277,1.1904459444444446,0.010508611080602573,0.0,0.0,1.2959083333333332,1.1859115231481483,0.16936166666666663,-0.004536162037037217,284,284.0,1.181375361111111,-0.004536162037037217
285,285.0,0.5001,0.04684793805494537,0.5242937685185185,0.03794796197841292,0.0,0.0,0.82214,0.024946727240261382,0.5382453611111111,0.028977707297545428,0.0,0.0,0.7966533333333333,0.04642428279826552,0.5524659444444444,0.015344876593726582,0.0,0.0,0.6483766666666666,0.5383798564814815,0.17376333333333338,-0.00013449537037035775,285,285.0,0.5382453611111111,-0.00013449537037035775
286,286.0,-0.26058,0.018120231786596986,-0.2363862314814815,0.01297297748028421,0.0,0.0,0.086975,0.028489332214006003,-0.1969196388888889,0.03252031227129012,0.0,0.0,0.014829999999999998,0.04346930756292306,-0.2293573888888889,0.011083025379632894,0.0,0.0,-0.12287499999999998,-0.2328718101851852,0.20984999999999998,0.035952171296296326,286,286.0,-0.1969196388888889,0.035952171296296326
287,287.0,-0.39734,0.02776021073407044,-0.3731462314814815,0.01925917797754173,0.0,0.0,-0.08734,0.0474751492888648,-0.37123463888888886,0.05150612934614895,0.0,0.0,-0.12463333333333333,0.04766739591516757,-0.36882072222222223,0.014971314308408026,0.0,0.0,-0.2609866666666667,-0.37098347685185185,0.1736466666666667,-0.00025116203703701157,287,287.0,-0.37123463888888886,-0.00025116203703701157
288,288.0,-0.25565666666666664,0.025552583691934805,-0.23146289814814813,0.016826141947936496,0.0,0.0,0.024815,0.03042680479445714,-0.25907963888888885,0.03445778485174126,0.0,0.0,0.03450333333333334,0.04438492687087964,-0.20968405555555555,0.011298431560719113,0.0,0.0,-0.11057666666666666,-0.22057347685185186,0.13539166666666666,-0.038506162037036995,288,288.0,-0.25907963888888885,-0.038506162037036995
289,289.0,0.010436666666666665,0.01705881981068249,0.03463043518518518,0.008181285650137518,0.0,0.0,0.30667,0.0356098975005545,0.022775361111111114,0.039640877557838634,0.0,0.0,0.28480666666666665,0.04743225941628053,0.04061927777777777,0.018583141752645603,0.0,0.0,0.14762166666666665,0.03762485648148148,0.15904833333333335,-0.014849495370370364,289,289.0,0.022775361111111114,-0.014849495370370364
290,290.0,0.4848033333333333,0.013037646771305514,0.5089971018518519,0.006736789382594784,0.0,0.0,0.78467,0.026063955954536144,0.5007753611111112,0.03009493601182031,0.0,0.0,0.75002,0.03573527808762649,0.5058326111111111,0.0036024852392369387,0.0,0.0,0.6174116666666667,0.5074148564814815,0.1672583333333333,-0.006639495370370341,290,290.0,0.5007753611111112,-0.006639495370370341
291,291.0,0.88621,0.014568908675669566,0.9104037685185186,0.005974402827764906,0.0,0.0,1.177765,0.02998839859012152,0.8938703611111112,0.03401937864740557,0.0,0.0,1.1312266666666666,0.02664454978665116,0.8870392777777777,0.009787998527620322,0.0,0.0,1.0087183333333334,0.8987215231481481,0.16904666666666657,-0.004851162037036949,291,291.0,0.8938703611111112,-0.004851162037036949
292,292.0,1.1272566666666668,0.025484913838059862,1.1514504351851853,0.017821223112415147,0.0,0.0,1.422975,0.017175623715021186,1.139080361111111,0.02120660377230523,0.0,0.0,1.3804100000000001,0.041988792552298995,1.1362226111111111,0.008733125755104829,0.0,0.0,1.2538333333333336,1.1438365231481482,0.16914166666666652,-0.004756162037037104,292,292.0,1.139080361111111,-0.004756162037037104
293,293.0,1.3293066666666666,0.021730210153915575,1.3535004351851851,0.012894784007937851,0.0,0.0,1.633085,0.017826161953712987,1.3491903611111111,0.021857142010997036,1.0,0.0,1.6170233333333333,0.032939249131292155,1.3728359444444445,0.0046780979823270365,0.3333333333333333,0.0,1.4731649999999998,1.363168189814815,0.15992000000000006,-0.013977828703703787,293,293.0,1.3491903611111111,-0.013977828703703787
294,294.0,1.3438533333333333,0.025481119153862402,1.3680471018518519,0.01649021077679789,0.0,0.0,1.662415,0.01389464825031562,1.3785203611111112,0.017925628307599667,1.0,0.0,1.63863,0.04710623844035946,1.394442611111111,0.017017800195972144,1.0,0.0,1.4912416666666668,1.3812448564814814,0.17117333333333318,-0.002724495370370228,294,294.0,1.3785203611111112,-0.002724495370370228
295,295.0,0.73456,0.014734463003448751,0.7587537685185186,0.00780978970648484,0.0,0.0,1.05026,0.017309974003446724,0.7663653611111111,0.021340954060730773,0.0,0.0,1.02696,0.03483561970167893,0.7827726111111112,0.008612738444306265,0.0,0.0,0.88076,0.7707631898148148,0.16949999999999998,-0.0043978287037037544,295,295.0,0.7663653611111111,-0.0043978287037037544
296,296.0,-0.035826666666666666,0.021221226009194974,-0.011632898148148151,0.012551513966534438,0.0,0.0,0.213835,0.006257895013500944,-0.07005963888888887,0.01028887507078507,0.0,0.0,0.19244666666666665,0.03473371608874197,-0.05174072222222223,0.0018807606053071577,0.0,0.0,0.07830999999999999,-0.03168681018518519,0.135525,-0.03837282870370368,296,296.0,-0.07005963888888887,-0.03837282870370368
297,297.0,-0.24914333333333336,0.012603730929107198,-0.22494956481481485,0.007413202647996162,0.0,0.0,-0.020720000000000002,0.01411385135248349,-0.3046146388888889,0.010082871295199346,0.0,0.0,-0.04264333333333333,0.03170858138317344,-0.2868307222222222,0.012722074239465638,0.0,0.0,-0.14589333333333335,-0.2558901435185185,0.12517333333333336,-0.04872449537037038,297,297.0,-0.3046146388888889,-0.04872449537037038
298,298.0,-0.14048333333333332,0.02021130954028791,-0.11628956481481482,0.011204079485230728,0.0,0.0,0.07999,0.006689230150024747,-0.20390463888888888,0.00265825009274063,0.0,0.0,0.052366666666666666,0.04811944755848028,-0.1918207222222222,0.015119981551613832,0.0,0.0,-0.044058333333333324,-0.1540551435185185,0.12404833333333333,-0.04984949537037037,298,298.0,-0.20390463888888888,-0.04984949537037037
299,299.0,0.06229666666666667,0.00992043009820307,0.08649043518518518,0.004908880433598721,0.0,0.0,0.26843,0.01985555841571825,-0.015464638888888882,0.023886538473002376,0.0,0.0,0.24106666666666668,0.0337348815520869,-0.003120722222222224,0.02118012383000805,0.0,0.0,0.15168166666666666,0.04168485648148148,0.11674833333333334,-0.05714949537037036,299,299.0,-0.015464638888888882,-0.05714949537037036
300,300.0,0.4230766666666667,0.007297289451113567,0.4472704351851852,0.0019302416803865614,0.0,0.0,0.62738,0.03529877051683251,0.3434853611111111,0.03932975057411663,0.0,0.0,0.5954766666666668,0.03696355818009589,0.3512892777777778,0.016359198199552862,0.0,0.0,0.5092766666666667,0.3992798564814815,0.11810333333333334,-0.0557944953703704,300,300.0,0.3434853611111111,-0.0557944953703704
301,301.0,0.8988866666666667,0.008062917172669819,0.9230804351851852,0.01042087992926981,0.0,0.0,1.10556,0.04251125968493536,0.8216653611111111,0.04654223974221941,0.0,0.0,1.0518433333333332,0.048101950410906674,0.8076559444444444,0.019932805090799616,0.0,0.0,0.975365,0.8653681898148149,0.13019500000000006,-0.04370282870370379,301,301.0,0.8216653611111111,-0.04370282870370379
302,302.0,1.1682733333333335,0.01110088434915584,1.192467101851852,0.0024876461022192674,0.0,0.0,1.408785,0.04458308255381186,1.124890361111111,0.0486140626110959,0.0,0.0,1.3194,0.05347621246872297,1.075212611111111,0.02019532627887045,0.0,0.0,1.2438366666666667,1.1338398564814816,0.16494833333333325,-0.008949495370370597,302,302.0,1.124890361111111,-0.008949495370370597
303,303.0,1.4000266666666665,0.007960466904229474,1.424220435185185,0.005694221842284103,0.0,0.0,1.60065,0.018299923497107937,1.3167553611111111,0.022330903554391986,0.0,0.0,1.5519833333333333,0.048300820213877695,1.3077959444444442,0.015323511878411206,0.0,0.0,1.4760049999999998,1.3660081898148146,0.12464500000000012,-0.04925282870370351,303,303.0,1.3167553611111111,-0.04925282870370351
304,304.0,1.43553,0.017615947320538842,1.4597237685185185,0.008842499315714193,0.6666666666666666,0.0,1.6362,0.048903504986861544,1.352305361111111,0.05293448504414559,1.0,0.0,1.60197,0.03051441626510333,1.357782611111111,0.004230944031645826,0.0,0.0,1.5187499999999998,1.408753189814815,0.11745000000000028,-0.056447828703703795,304,304.0,1.352305361111111,-0.056447828703703795
305,305.0,0.8574,0.005153290211117536,0.8815937685185186,0.008512306824929351,0.0,0.0,1.039005,0.030469231201328384,0.7551103611111112,0.03450021125861243,0.0,0.0,1.03288,0.014358025630287749,0.7886926111111111,0.02262558895265428,0.0,0.0,0.9451400000000001,0.8351431898148148,0.09386499999999987,-0.08003282870370365,305,305.0,0.7551103611111112,-0.08003282870370365
306,306.0,-0.07627333333333333,0.047718766049986386,-0.05207956481481482,0.03868067045840039,0.0,0.0,0.065765,0.012042028483606903,-0.21812963888888887,0.00801104842632279,0.0,0.0,0.08022,0.03780561995259435,-0.16396738888888887,0.004475670298529841,0.0,0.0,0.001973333333333334,-0.10802347685185185,0.06379166666666666,-0.11010616203703702,306,306.0,-0.21812963888888887,-0.11010616203703702
307,307.0,-0.3793333333333333,0.004078876479293439,-0.3551395648148148,0.004971871730068777,0.0,0.0,-0.22592,0.016093750339805823,-0.5098146388888889,0.020124730397089948,0.0,0.0,-0.22778333333333334,0.03139674558506557,-0.47197072222222225,0.002189084133459475,0.0,0.0,-0.3035583333333333,-0.4135551435185185,0.07763833333333331,-0.09625949537037037,307,307.0,-0.5098146388888889,-0.09625949537037037
308,308.0,-0.2784233333333333,0.008037924690698061,-0.2542295648148148,0.001832383814789254,0.0,0.0,-0.118805,0.017048344494407664,-0.40269963888888893,0.01301736443712355,0.0,0.0,-0.11627,0.030690891156823708,-0.3604573888888889,0.007599084678727768,0.0,0.0,-0.19734666666666664,-0.3073434768518518,0.07854166666666665,-0.09535616203703712,308,308.0,-0.40269963888888893,-0.09535616203703712
309,309.0,-0.05411666666666667,0.018323144744648315,-0.02992289814814815,0.009283938718555115,0.0,0.0,0.11465,0.009192388155425116,-0.1692446388888889,0.00516140809814098,0.0,0.0,0.11094333333333332,0.015486876164460454,-0.13324405555555557,0.017926566510164842,0.0,0.0,0.02841333333333333,-0.08158347685185185,0.08623666666666667,-0.08766116203703705,309,309.0,-0.1692446388888889,-0.08766116203703705
310,310.0,0.4054333333333333,0.015490514301769754,0.4296271018518518,0.010113578513667105,0.0,0.0,0.5592349999999999,0.00013435028842546064,0.2753403611111111,0.003896629768858666,0.0,0.0,0.5521666666666666,0.02856773763064432,0.3079792777777777,0.020380192069453355,0.0,0.0,0.47879999999999995,0.36880318981481475,0.08043499999999998,-0.09346282870370365,310,310.0,0.2753403611111111,-0.09346282870370365
311,311.0,0.7743533333333333,0.014868619079569335,0.7985471018518518,0.007093786351205772,0.0,0.0,0.936705,0.005437651147324533,0.6528103611111111,0.0014066710900404846,0.0,0.0,0.9040533333333333,0.03724826215185525,0.6598659444444444,0.01267156527685455,0.0,0.0,0.8392033333333333,0.7292065231481482,0.09750166666666671,-0.07639616203703703,311,311.0,0.6528103611111111,-0.07639616203703703
312,312.0,0.9649066666666667,0.00315503301620338,0.9891004351851852,0.0069087484113527315,0.0,0.0,1.1784050000000001,0.0048295393155042,0.8945103611111112,0.008860519372788247,0.0,0.0,1.0561133333333332,0.04249538131766011,0.8119259444444444,0.028162158266586315,0.0,0.0,1.01051,0.9005131898148149,0.16789500000000013,-0.006002828703703722,312,312.0,0.8945103611111112,-0.006002828703703722
313,313.0,1.0982066666666668,0.011404360277250655,1.1224004351851853,0.002505336559832833,0.0,0.0,1.32428,0.005953839097590639,1.0403853611111111,0.009984819154874688,0.0,0.0,1.1897166666666668,0.044093843485608485,0.9455292777777777,0.01109067310396092,0.0,0.0,1.1439616666666668,1.0339648564814814,0.18031833333333314,0.006420504629629731,313,313.0,1.0403853611111111,0.006420504629629731
314,314.0,0.9029933333333333,0.0056857394711095546,0.9271871018518518,0.004700599526407765,0.0,0.0,1.09784,0.03426639461630006,0.813945361111111,0.03829737467358411,0.0,0.0,0.9769100000000001,0.037825841695856594,0.732722611111111,0.02544802899831186,0.0,0.0,0.9399516666666667,0.8299548564814814,0.1578883333333332,-0.01600949537037033,314,314.0,0.813945361111111,-0.01600949537037033
315,315.0,-0.09067666666666667,0.010896188936198445,-0.06648289814814816,0.00822682172104677,0.0,0.0,0.00879,0.0265023621588718,-0.2751046388888889,0.03053334221615594,0.0,0.0,-0.0377,0.03759079009544758,-0.28188738888888887,0.022343969716160473,0.0,0.0,-0.06418833333333333,-0.17418514351851852,0.07297833333333334,-0.1009194953703704,315,315.0,-0.2751046388888889,-0.1009194953703704
316,316.0,-0.7326466666666667,0.013362860222771665,-0.7084528981481482,0.005054941071960968,0.0,0.0,-0.6744049999999999,0.01618567422136005,-0.9582996388888888,0.012154694164075922,0.0,0.0,-0.7173466666666667,0.041910621963093496,-0.9615340555555556,0.012284902077981203,0.0,0.0,-0.7249966666666667,-0.8349934768518519,0.05059166666666681,-0.12330616203703693,316,316.0,-0.9582996388888888,-0.12330616203703693
317,317.0,-0.71541,0.020728461110270567,-0.6912162314814815,0.015592652132889179,0.0,0.0,-0.630465,0.0047022600948904945,-0.9143596388888889,0.00873324015217462,0.0,0.0,-0.7333366666666666,0.03913155035688384,-0.9775240555555555,0.010506689927482082,0.0,0.0,-0.7243733333333333,-0.8343701435185185,0.09390833333333326,-0.07998949537037048,317,317.0,-0.9143596388888889,-0.07998949537037048
318,318.0,-0.5410966666666667,0.010280648487976494,-0.5169028981481482,0.003747382652065028,0.0,0.0,-0.473175,0.019551502499808044,-0.7570696388888889,0.02358248255709221,0.0,0.0,-0.5332233333333333,0.023289144109076534,-0.7774107222222222,0.012415092468847387,0.0,0.0,-0.53716,-0.6471568101851852,0.06398499999999996,-0.10991282870370367,318,318.0,-0.7570696388888889,-0.10991282870370367
319,319.0,-0.29190999999999995,0.008535801075470294,-0.26771623148148144,0.008515404308504318,0.0,0.0,-0.229125,0.006554879861599296,-0.5130196388888889,0.0025238998043151696,0.0,0.0,-0.29213333333333336,0.02354220111487735,-0.5363207222222223,0.009788146227227424,0.0,0.0,-0.2920216666666666,-0.4020184768518519,0.06289666666666663,-0.11100116203703703,319,319.0,-0.5130196388888889,-0.11100116203703703
320,320.0,0.11139,0.012880170806320855,0.13558376851851853,0.01385215202829769,0.0,0.0,0.17212,0.0001697056274847841,-0.11177463888888889,0.0038612744297993424,0.0,0.0,0.09120333333333334,0.024760107700358115,-0.15298405555555558,0.012499575088734794,0.0,0.0,0.10129666666666667,-0.008700143518518527,0.07082333333333332,-0.10307449537037036,320,320.0,-0.11177463888888889,-0.10307449537037036
321,321.0,0.5868933333333334,0.007833851755894648,0.6110871018518519,0.006433423191678,0.0,0.0,0.65848,0.01747967963093143,0.3745853611111111,0.013448699573647303,0.0,0.0,0.5788766666666666,0.024200149448574307,0.33468927777777774,0.013048424060187315,0.0,0.0,0.582885,0.47288818981481484,0.07559499999999997,-0.09830282870370372,321,321.0,0.3745853611111111,-0.09830282870370372
322,322.0,0.8657433333333334,0.007455416375584448,0.8899371018518519,0.009059393732284333,0.0,0.0,0.9331050000000001,0.009666149698820077,0.6492103611111112,0.00563516964153595,0.0,0.0,0.8563466666666667,0.03063374337774172,0.6121592777777778,0.00332355948896619,0.0,0.0,0.8610450000000001,0.7510481898148149,0.07206000000000001,-0.10183782870370373,322,322.0,0.6492103611111112,-0.10183782870370373
323,323.0,1.07245,0.006239999999999955,1.0966437685185184,0.00824085498083011,0.0,0.0,1.11383,0.004143645737753152,0.8299353611111111,0.00011266568046910383,0.0,0.0,1.04063,0.021585244960389067,0.796442611111111,0.025071158300127037,0.0,0.0,1.05654,0.9465431898148147,0.05729000000000006,-0.11660782870370356,323,323.0,0.8299353611111111,-0.11660782870370356
324,324.0,1.02492,0.012184042842997593,1.0491137685185186,0.004608393608233261,0.0,0.0,1.05878,0.023475945135393306,0.7748853611111112,0.019444965078109257,0.0,0.0,0.9776000000000001,0.025717200469724536,0.7334126111111111,0.010700428945661108,0.0,0.0,1.00126,0.8912631898148149,0.057520000000000016,-0.11637782870370372,324,324.0,0.7748853611111112,-0.11637782870370372
325,325.0,0.36136666666666667,0.015535495915268786,0.3855604351851852,0.009008210492547068,0.0,0.0,0.38348000000000004,0.05170364784036037,0.09958536111111113,0.047672667783076245,0.0,0.0,0.2974033333333333,0.06726135988317017,0.053215944444444434,0.044564482658515654,0.0,0.0,0.329385,0.2193881898148148,0.05409500000000006,-0.11980282870370368,325,325.0,0.09958536111111113,-0.11980282870370368
326,326.0,-0.28412,0.023036334343814337,-0.25992623148148153,0.014356537660343107,0.0,0.0,-0.31076000000000004,0.023956777746600207,-0.5946546388888889,0.01992579768931604,0.0,0.0,-0.3645433333333334,0.027945075296612342,-0.6087307222222222,0.008462363664355781,0.0,0.0,-0.3243316666666667,-0.4343284768518519,0.013571666666666649,-0.16032616203703703,326,326.0,-0.5946546388888889,-0.16032616203703703
327,327.0,-0.3318466666666666,0.009846676258176324,-0.3076528981481481,0.017966420717763006,0.0,0.0,-0.41942999999999997,0.021580898961813463,-0.703324638888889,0.017549918904529376,0.0,0.0,-0.4075933333333333,0.07177460298276357,-0.6517807222222222,0.0474226043811157,0.0,0.0,-0.36971999999999994,-0.47971681018518514,-0.04971000000000003,-0.22360782870370383,327,327.0,-0.703324638888889,-0.22360782870370383
328,328.0,-0.14552666666666667,0.006940924530156878,-0.12133289814814814,0.0065874440598002884,0.0,0.0,-0.27405,0.02650236215887181,-0.5579446388888889,0.022471382101587646,0.0,0.0,-0.22046000000000002,0.06032957069298604,-0.4646473888888889,0.0320403610294722,0.0,0.0,-0.18299333333333334,-0.29299014351851854,-0.09105666666666667,-0.26495449537037036,328,328.0,-0.5579446388888889,-0.26495449537037036
329,329.0,0.15197666666666668,0.013735535422157122,0.1761704351851852,0.011343117879246398,0.0,0.0,0.020874999999999998,0.027966073195927952,-0.2630196388888889,0.02393509313864383,0.0,0.0,0.028690000000000004,0.039122459022919304,-0.2154973888888889,0.011213836798003318,0.0,0.0,0.09033333333333333,-0.019663476851851852,-0.06945833333333334,-0.24335616203703705,329,329.0,-0.2630196388888889,-0.24335616203703705
330,330.0,0.6371833333333333,0.01614437776234604,0.6613771018518518,0.01497154495727361,0.0,0.0,0.521575,0.015747268017024422,0.23768036111111113,0.011716287959740295,0.0,0.0,0.49827,0.03526396460978262,0.25408261111111113,0.006109301438428685,0.0,0.0,0.5677266666666667,0.45772985648148146,-0.0461516666666667,-0.22004949537037033,330,330.0,0.23768036111111113,-0.22004949537037033
331,331.0,1.0414233333333334,0.025044868403194594,1.0656171018518519,0.024958373162281004,0.0,0.0,0.940035,0.031289475067504735,0.6561403611111111,0.02725849501022061,0.0,0.0,0.9153633333333334,0.0355159236587384,0.6711759444444444,0.0022238822183609386,0.0,0.0,0.9783933333333334,0.8683965231481481,-0.038358333333333494,-0.212256162037037,331,331.0,0.6561403611111111,-0.212256162037037
332,332.0,1.2856466666666666,0.01890114899505677,1.3098404351851851,0.013297644325645492,0.0,0.0,1.21677,0.03172081020402861,0.9328753611111111,0.02768983014674456,0.0,0.0,1.1885366666666668,0.033090972082024585,0.9443492777777779,0.0021111420445466926,0.0,0.0,1.2370916666666667,1.1270948564814816,-0.020321666666666793,-0.19421949537037042,332,332.0,0.9328753611111111,-0.19421949537037042
333,333.0,1.5003866666666668,0.02219439193430026,1.5245804351851853,0.01976305308876006,1.0,0.0,1.45755,0.023688077169749244,1.1736553611111111,0.0196570971124652,0.0,0.0,1.4130666666666667,0.03519999195075659,1.168879277777778,0.00640179661492923,0.0,0.0,1.4567266666666667,1.3467298564814816,0.000823333333333176,-0.17307449537037045,333,333.0,1.1736553611111111,-0.17307449537037045
334,334.0,1.58083,0.014423304059749984,1.6050237685185185,0.021153076594816744,1.0,0.0,1.508945,0.020414172772855593,1.2250503611111112,0.016383192715571544,0.0,0.0,1.4749566666666667,0.018392684234046244,1.230769277777778,0.015684202487748575,0.0,0.0,1.5278933333333333,1.4178965231481482,-0.018948333333333345,-0.19284616203703697,334,334.0,1.2250503611111112,-0.19284616203703697
335,335.0,1.01227,0.018442632675407255,1.0364637685185185,0.02744866704380627,0.0,0.0,0.8852850000000001,0.008761053018901333,0.6013903611111112,0.004730072961617206,0.0,0.0,0.9112133333333333,0.02766696465702977,0.6670259444444445,0.005703978743827043,0.0,0.0,0.9617416666666667,0.8517448564814816,-0.07645666666666662,-0.25035449537037036,335,335.0,0.6013903611111112,-0.25035449537037036
336,336.0,0.19946333333333333,0.022445178398340544,0.22365710185185184,0.013571294473462801,0.0,0.0,0.04819,0.03249862766333372,-0.23570463888888887,0.028467647606049598,0.0,0.0,-0.00808,0.020187283125770044,-0.2522673888888889,0.01961600810729814,0.0,0.0,0.09569166666666666,-0.014305143518518526,-0.047501666666666664,-0.22139949537037035,336,336.0,-0.23570463888888887,-0.22139949537037035
337,337.0,-0.05322333333333334,0.029261992982934935,-0.029029564814814817,0.030095505338103443,0.0,0.0,-0.21991,0.018992888142670663,-0.5038046388888888,0.014961908085386498,0.0,0.0,-0.2582,0.023060650467842402,-0.5023873888888889,0.010412055654599389,0.0,0.0,-0.15571166666666666,-0.26570847685185184,-0.06419833333333333,-0.23809616203703698,337,337.0,-0.5038046388888888,-0.23809616203703698
338,338.0,0.040606666666666666,0.011153763191557068,0.06480043518518518,0.009158744692019232,0.0,0.0,-0.133785,0.03884137549057706,-0.4176796388888889,0.034810395433292916,0.0,0.0,-0.14878666666666665,0.026137523473606556,-0.3929740555555556,0.008157441092444186,0.0,0.0,-0.05408999999999999,-0.1640868101851852,-0.07969499999999999,-0.2535928287037037,338,338.0,-0.4176796388888889,-0.2535928287037037
339,339.0,0.20554666666666666,0.01566273390354741,0.2297404351851852,0.015867356835487817,0.0,0.0,0.069615,0.02714582932975156,-0.2142796388888889,0.023114849272467437,0.0,0.0,0.055946666666666665,0.031696126472068056,-0.1882407222222222,0.0027123652365965384,0.0,0.0,0.13074666666666665,0.02074985648148149,-0.061131666666666654,-0.23502949537037038,339,339.0,-0.2142796388888889,-0.23502949537037038
340,340.0,0.57432,0.015021687654854211,0.5985137685185186,0.010620821425836886,0.0,0.0,0.45282,0.0233062395079086,0.16892536111111112,0.01927525945062447,0.0,0.0,0.40110333333333337,0.028086413678740364,0.15691594444444446,0.009693181991541355,0.0,0.0,0.4877116666666667,0.3777148564814815,-0.03489166666666671,-0.2087894953703704,340,340.0,0.16892536111111112,-0.2087894953703704
341,341.0,1.02421,0.010698579344941048,1.0484037685185186,0.015352231261414717,0.0,0.0,0.900145,0.027881220382185545,0.6162503611111111,0.023850240324901417,0.0,0.0,0.8759966666666666,0.021125894852841928,0.6318092777777778,0.01643052250839637,0.0,0.0,0.9501033333333333,0.8401065231481482,-0.04995833333333333,-0.22385616203703707,341,341.0,0.6162503611111111,-0.22385616203703707
342,342.0,1.28538,0.008926639905361947,1.3095737685185185,0.0015871023503943589,0.0,0.0,1.20767,0.029825764030448648,0.9237753611111111,0.025794783973164603,0.0,0.0,1.1545833333333333,0.030291223701483787,0.9103959444444444,0.010871191052452265,0.0,0.0,1.2199816666666665,1.1099848564814814,-0.012311666666666499,-0.18620949537037024,342,342.0,0.9237753611111111,-0.18620949537037024
343,343.0,1.47176,0.007333805287843353,1.4959537685185185,0.0038138472823186593,1.0,0.0,1.39142,0.04410932101041675,1.107525361111111,0.0400783409531327,0.0,0.0,1.36961,0.04064993480929573,1.1254226111111112,0.008045526235052574,0.0,0.0,1.420685,1.3106881898148148,-0.029264999999999874,-0.20316282870370372,343,343.0,1.107525361111111,-0.20316282870370372
344,344.0,1.5279333333333334,0.006697031680777237,1.5521271018518519,0.01156112171686246,1.0,0.0,1.418335,0.023299168440096607,1.1344403611111111,0.01926818838281256,0.0,0.0,1.41101,0.035254235206567675,1.166822611111111,0.002922924269940829,0.0,0.0,1.4694716666666667,1.3594748564814814,-0.05113666666666683,-0.22503449537037024,344,344.0,1.1344403611111111,-0.22503449537037024
345,345.0,0.9088533333333334,0.024426510871046116,0.9330471018518519,0.017708151961954268,0.0,0.0,0.79211,0.03081571352410971,0.5082153611111111,0.02678473346682554,0.0,0.0,0.8964033333333333,0.04524093868757959,0.6522159444444444,0.01391209859794417,0.0,0.0,0.9026283333333334,0.7926315231481482,-0.11051833333333339,-0.2844161620370371,345,345.0,0.5082153611111111,-0.2844161620370371
346,346.0,-0.07485,0.0232453027513087,-0.05065623148148149,0.029911453802729977,0.0,0.0,-0.1586,0.019982837636331838,-0.44249463888888885,0.015951857579047712,0.0,0.0,-0.10469666666666667,0.030720765506955284,-0.3488840555555555,0.027221281715456635,0.0,0.0,-0.08977333333333334,-0.19977014351851852,-0.06882666666666665,-0.24272449537037033,346,346.0,-0.44249463888888885,-0.24272449537037033
347,347.0,-0.3840166666666667,0.02806671753756276,-0.35982289814814816,0.02622120441375003,0.0,0.0,-0.49063,0.04276581812616242,-0.7745246388888889,0.03873483806887825,0.0,0.0,-0.41974,0.020504572660750574,-0.6639273888888889,0.015561170314779823,0.0,0.0,-0.40187833333333334,-0.5118751435185185,-0.08875166666666667,-0.2626494953703704,347,347.0,-0.7745246388888889,-0.2626494953703704
348,348.0,-0.3152066666666667,0.023083419013078053,-0.2910128981481482,0.027040484223082514,0.0,0.0,-0.43872,0.0370241110629276,-0.7226146388888889,0.0329931310056434,0.0,0.0,-0.3470433333333333,0.02580583331987816,-0.5912307222222223,0.012018006081571834,0.0,0.0,-0.331125,-0.44112181018518526,-0.107595,-0.2814928287037036,348,348.0,-0.7226146388888889,-0.2814928287037036
349,349.0,-0.11273333333333334,0.025024972194456742,-0.08853956481481483,0.025381203848084805,0.0,0.0,-0.20825,0.014325983386839453,-0.4921446388888889,0.010295003329555288,0.0,0.0,-0.14603666666666668,0.03947972813145164,-0.39022405555555556,0.01395100335535555,0.0,0.0,-0.129385,-0.2393818101851852,-0.07886499999999999,-0.2527628287037037,349,349.0,-0.4921446388888889,-0.2527628287037037
350,350.0,0.33437333333333336,0.02759994625598631,0.35856710185185187,0.026580007567654166,0.0,0.0,0.21881,0.03193294223838449,-0.0650846388888889,0.027901962181100363,0.0,0.0,0.2886166666666667,0.019447735943634515,0.044429277777777776,0.02126888268650359,0.0,0.0,0.311495,0.20149818981481482,-0.09268500000000002,-0.2665828287037037,350,350.0,-0.0650846388888889,-0.2665828287037037
351,351.0,0.6818633333333333,0.022242125198220865,0.7060571018518519,0.019608922064172068,0.0,0.0,0.5858749999999999,0.02304460999886959,0.3019803611111111,0.019013629941585463,0.0,0.0,0.6659766666666668,0.036980489901207794,0.4217892777777778,0.015376503653989146,0.0,0.0,0.6739200000000001,0.5639231898148148,-0.08804500000000015,-0.2619428287037037,351,351.0,0.3019803611111111,-0.2619428287037037
352,352.0,0.8538600000000001,0.019614861712487254,0.8780537685185186,0.016192758643348484,0.0,0.0,0.78244,0.03302188668141175,0.49854536111111114,0.028990906624127656,0.0,0.0,0.8594366666666667,0.026630526343527892,0.6152492777777778,0.011460883239137468,0.0,0.0,0.8566483333333335,0.7466515231481482,-0.07420833333333343,-0.24810616203703706,352,352.0,0.49854536111111114,-0.24810616203703706
353,353.0,0.9647633333333333,0.028697319270854112,0.9889571018518518,0.02665223385607244,0.0,0.0,0.872495,0.04971667778522614,0.588600361111111,0.045685697727942016,0.0,0.0,0.9863266666666667,0.02695255151805358,0.7421392777777779,0.008656605307767882,0.0,0.0,0.975545,0.8655481898148149,-0.10304999999999997,-0.2769478287037038,353,353.0,0.588600361111111,-0.2769478287037038
354,354.0,0.70939,0.02857613689776837,0.7335837685185185,0.027337309502126768,0.0,0.0,0.6298250000000001,0.02615587983609037,0.34593036111111114,0.02212489977880624,0.0,0.0,0.7358833333333333,0.015280917293583326,0.4916959444444444,0.024624202184685192,0.0,0.0,0.7226366666666666,0.6126398564814814,-0.09281166666666651,-0.2667094953703703,354,354.0,0.34593036111111114,-0.2667094953703703
355,355.0,-0.39876666666666666,0.020544180035555887,-0.37457289814814815,0.016016779415728655,0.0,0.0,-0.47528000000000004,0.045056844097206845,-0.7591746388888889,0.04102586403992268,0.0,0.0,-0.30139333333333335,0.021832728490349833,-0.5455807222222222,0.012640155805519505,0.0,0.0,-0.35008,-0.4600768101851852,-0.12520000000000003,-0.2990978287037037,355,355.0,-0.7591746388888889,-0.2990978287037037
356,356.0,-0.96155,0.02491024086595708,-0.9373562314814814,0.024344754208694266,0.0,0.0,-1.012635,0.0395343401361398,-1.296529638888889,0.03550336007885576,0.0,0.0,-0.9065566666666666,0.01085385799305174,-1.1507440555555555,0.02266596078334756,0.0,0.0,-0.9340533333333333,-1.0440501435185183,-0.07858166666666666,-0.2524794953703706,356,356.0,-1.296529638888889,-0.2524794953703706
357,357.0,-0.89561,0.021994115122004797,-0.8714162314814814,0.017800700329030902,0.0,0.0,-0.94598,0.03254105407020496,-1.229874638888889,0.028510074012920834,0.0,0.0,-0.85671,0.010555751986476356,-1.1008973888888889,0.022793821937315176,0.0,0.0,-0.87616,-0.9861568101851852,-0.06982,-0.24371782870370384,357,357.0,-1.229874638888889,-0.24371782870370384
358,358.0,-0.7153333333333333,0.015380183137184474,-0.6911395648148148,0.013214609335472114,0.0,0.0,-0.7565299999999999,0.03857974598153807,-1.0404246388888887,0.034548765924253946,0.0,0.0,-0.7037566666666667,0.02933060063028599,-0.9479440555555555,0.011003051453474536,0.0,0.0,-0.709545,-0.8195418101851851,-0.046984999999999943,-0.22088282870370357,358,358.0,-1.0404246388888887,-0.22088282870370357
359,359.0,-0.4708666666666667,0.017241071119084593,-0.4466728981481482,0.015595049875838369,0.0,0.0,-0.47848500000000005,0.034485597718467945,-0.7623796388888888,0.03045461766118378,0.0,0.0,-0.45017666666666667,0.026804634549520232,-0.6943640555555556,0.006827615974768903,0.0,0.0,-0.4605216666666667,-0.5705184768518519,-0.01796333333333333,-0.19186116203703696,359,359.0,-0.7623796388888888,-0.19186116203703696
