"Seq","Phase","EncoderRaw","TravelRaw","TravelMilliDeg","DeltaRaw","VelocityRawPerSecond","AccelerationRawPerSecond2","PowerPpm","ScheduledTick","SampleTick","LatenessTicks","LoopCycles","SpiLatencyCycles","PwmCounterAtCs"
"0","ALIGN_RAMP","55309","-2","-10.986328125","-2","-2000","-2000000","0","12009","12009","0","2897","1336","181"
"1","ALIGN_RAMP","55312","1","5.4931640625","3","3000","5000000","180","12010","12010","0","2902","1336","1591"
"2","ALIGN_RAMP","55310","-1","-5.4931640625","-2","-2000","-5000000","360","12011","12011","0","2902","1336","1501"
"3","ALIGN_RAMP","55312","1","5.4931640625","2","2000","4000000","540","12012","12012","0","2902","1336","1411"
"4","ALIGN_RAMP","55311","0","0","-1","-1000","-3000000","720","12013","12013","0","2902","1336","1321"
"5","ALIGN_RAMP","55309","-2","-10.986328125","-2","-2000","-1000000","900","12014","12014","0","2902","1336","1231"
"6","ALIGN_RAMP","55310","-1","-5.4931640625","1","1000","3000000","1080","12015","12015","0","2902","1336","1141"
"7","ALIGN_RAMP","55309","-2","-10.986328125","-1","-1000","-2000000","1260","12016","12016","0","2902","1336","1051"
"8","ALIGN_RAMP","55311","0","0","2","2000","3000000","1440","12017","12017","0","2902","1336","961"
"9","ALIGN_RAMP","55309","-2","-10.986328125","-2","-2000","-4000000","1620","12018","12018","0","2902","1336","871"
"10","ALIGN_RAMP","55311","0","0","2","2000","4000000","1800","12019","12019","0","2902","1336","781"
"11","ALIGN_RAMP","55311","0","0","0","0","-2000000","1980","12020","12020","0","2902","1336","691"
"12","ALIGN_RAMP","55313","2","10.986328125","2","2000","2000000","2160","12021","12021","0","2902","1336","601"
"13","ALIGN_RAMP","55310","-1","-5.4931640625","-3","-3000","-5000000","2340","12022","12022","0","2902","1336","511"
"14","ALIGN_RAMP","55310","-1","-5.4931640625","0","0","3000000","2520","12023","12023","0","2902","1336","421"
"15","ALIGN_RAMP","55309","-2","-10.986328125","-1","-1000","-1000000","2700","12024","12024","0","2902","1336","331"
"16","ALIGN_RAMP","55311","0","0","2","2000","3000000","2880","12025","12025","0","2902","1336","241"
"17","ALIGN_RAMP","55312","1","5.4931640625","1","1000","-1000000","3060","12026","12026","0","2902","1336","151"
"18","ALIGN_RAMP","55309","-2","-10.986328125","-3","-3000","-4000000","3240","12027","12027","0","2902","1336","61"
"19","ALIGN_RAMP","55309","-2","-10.986328125","0","0","3000000","3420","12028","12028","0","2902","1336","2126"
"20","ALIGN_RAMP","55311","0","0","2","2000","2000000","3600","12029","12029","0","2902","1336","2036"
"21","ALIGN_RAMP","55310","-1","-5.4931640625","-1","-1000","-3000000","3780","12030","12030","0","2902","1336","1946"
"22","ALIGN_RAMP","55308","-3","-16.4794921875","-2","-2000","-1000000","3960","12031","12031","0","2902","1336","1856"
"23","ALIGN_RAMP","55310","-1","-5.4931640625","2","2000","4000000","4140","12032","12032","0","2902","1336","1766"
"24","ALIGN_RAMP","55311","0","0","1","1000","-1000000","4320","12033","12033","0","2902","1336","1676"
"25","ALIGN_RAMP","55314","3","16.4794921875","3","3000","2000000","4500","12034","12034","0","2902","1336","1586"
"26","ALIGN_RAMP","55309","-2","-10.986328125","-5","-5000","-8000000","4680","12035","12035","0","2902","1336","1496"
"27","ALIGN_RAMP","55312","1","5.4931640625","3","3000","8000000","4860","12036","12036","0","2902","1336","1406"
"28","ALIGN_RAMP","55312","1","5.4931640625","0","0","-3000000","5040","12037","12037","0","2902","1336","1316"
"29","ALIGN_RAMP","55310","-1","-5.4931640625","-2","-2000","-2000000","5220","12038","12038","0","2902","1336","1226"
"30","ALIGN_RAMP","55308","-3","-16.4794921875","-2","-2000","0","5400","12039","12039","0","2902","1336","1136"
"31","ALIGN_RAMP","55309","-2","-10.986328125","1","1000","3000000","5580","12040","12040","0","2902","1336","1046"
"32","ALIGN_RAMP","55312","1","5.4931640625","3","3000","2000000","5760","12041","12041","0","2902","1336","956"
"33","ALIGN_RAMP","55311","0","0","-1","-1000","-4000000","5940","12042","12042","0","2902","1336","866"
"34","ALIGN_RAMP","55310","-1","-5.4931640625","-1","-1000","0","6120","12043","12043","0","2902","1336","776"
"35","ALIGN_RAMP","55311","0","0","1","1000","2000000","6300","12044","12044","0","2902","1336","686"
"36","ALIGN_RAMP","55312","1","5.4931640625","1","1000","0","6480","12045","12045","0","2902","1336","596"
"37","ALIGN_RAMP","55315","4","21.97265625","3","3000","2000000","6660","12046","12046","0","2902","1336","506"
"38","ALIGN_RAMP","55311","0","0","-4","-4000","-7000000","6840","12047","12047","0","2902","1336","416"
"39","ALIGN_RAMP","55312","1","5.4931640625","1","1000","5000000","7020","12048","12048","0","2902","1336","326"
"40","ALIGN_RAMP","55311","0","0","-1","-1000","-2000000","7200","12049","12049","0","2902","1336","236"
"41","ALIGN_RAMP","55311","0","0","0","0","1000000","7380","12050","12050","0","2902","1336","146"
"42","ALIGN_RAMP","55310","-1","-5.4931640625","-1","-1000","-1000000","7560","12051","12051","0","2902","1336","56"
"43","ALIGN_RAMP","55312","1","5.4931640625","2","2000","3000000","7740","12052","12052","0","2902","1336","2121"
"44","ALIGN_RAMP","55311","0","0","-1","-1000","-3000000","7920","12053","12053","0","2902","1336","2031"
"45","ALIGN_RAMP","55311","0","0","0","0","1000000","8100","12054","12054","0","2902","1336","1941"
"46","ALIGN_RAMP","55307","-4","-21.97265625","-4","-4000","-4000000","8280","12055","12055","0","2902","1336","1851"
"47","ALIGN_RAMP","55310","-1","-5.4931640625","3","3000","7000000","8460","12056","12056","0","2902","1336","1761"
"48","ALIGN_RAMP","55308","-3","-16.4794921875","-2","-2000","-5000000","8640","12057","12057","0","2902","1336","1671"
"49","ALIGN_RAMP","55309","-2","-10.986328125","1","1000","3000000","8820","12058","12058","0","2902","1336","1581"
"50","ALIGN_RAMP","55310","-1","-5.4931640625","1","1000","0","9000","12059","12059","0","2902","1336","1491"
"51","ALIGN_RAMP","55312","1","5.4931640625","2","2000","1000000","9180","12060","12060","0","2902","1336","1401"
"52","ALIGN_RAMP","55311","0","0","-1","-1000","-3000000","9360","12061","12061","0","2902","1336","1311"
"53","ALIGN_RAMP","55313","2","10.986328125","2","2000","3000000","9540","12062","12062","0","2902","1336","1221"
"54","ALIGN_RAMP","55313","2","10.986328125","0","0","-2000000","9720","12063","12063","0","2902","1336","1131"
"55","ALIGN_RAMP","55311","0","0","-2","-2000","-2000000","9900","12064","12064","0","2902","1336","1041"
"56","ALIGN_RAMP","55306","-5","-27.4658203125","-5","-5000","-3000000","10080","12065","12065","0","2902","1336","951"
"57","ALIGN_RAMP","55314","3","16.4794921875","8","8000","13000000","10260","12066","12066","0","2902","1336","861"
"58","ALIGN_RAMP","55310","-1","-5.4931640625","-4","-4000","-12000000","10440","12067","12067","0","2902","1336","771"
"59","ALIGN_RAMP","55309","-2","-10.986328125","-1","-1000","3000000","10620","12068","12068","0","2902","1336","681"
"60","ALIGN_RAMP","55309","-2","-10.986328125","0","0","1000000","10800","12069","12069","0","2902","1336","591"
"61","ALIGN_RAMP","55309","-2","-10.986328125","0","0","0","10980","12070","12070","0","2902","1336","501"
"62","ALIGN_RAMP","55313","2","10.986328125","4","4000","4000000","11160","12071","12071","0","2902","1336","411"
"63","ALIGN_RAMP","55311","0","0","-2","-2000","-6000000","11340","12072","12072","0","2902","1336","321"
"64","ALIGN_RAMP","55308","-3","-16.4794921875","-3","-3000","-1000000","11520","12073","12073","0","2902","1336","231"
"65","ALIGN_RAMP","55307","-4","-21.97265625","-1","-1000","2000000","11700","12074","12074","0","2902","1336","141"
"66","ALIGN_RAMP","55310","-1","-5.4931640625","3","3000","4000000","11880","12075","12075","0","2902","1336","51"
"67","ALIGN_RAMP","55312","1","5.4931640625","2","2000","-1000000","12060","12076","12076","0","2902","1336","2116"
"68","ALIGN_RAMP","55310","-1","-5.4931640625","-2","-2000","-4000000","12240","12077","12077","0","2902","1336","2026"
"69","ALIGN_RAMP","55311","0","0","1","1000","3000000","12420","12078","12078","0","2902","1336","1936"
"70","ALIGN_RAMP","55310","-1","-5.4931640625","-1","-1000","-2000000","12600","12079","12079","0","2902","1336","1846"
"71","ALIGN_RAMP","55308","-3","-16.4794921875","-2","-2000","-1000000","12780","12080","12080","0","2902","1336","1756"
"72","ALIGN_RAMP","55311","0","0","3","3000","5000000","12960","12081","12081","0","2902","1336","1666"
"73","ALIGN_RAMP","55310","-1","-5.4931640625","-1","-1000","-4000000","13140","12082","12082","0","2902","1336","1576"
"74","ALIGN_RAMP","55309","-2","-10.986328125","-1","-1000","0","13320","12083","12083","0","2902","1336","1486"
"75","ALIGN_RAMP","55311","0","0","2","2000","3000000","13500","12084","12084","0","2902","1336","1396"
"76","ALIGN_RAMP","55310","-1","-5.4931640625","-1","-1000","-3000000","13680","12085","12085","0","2902","1336","1306"
"77","ALIGN_RAMP","55310","-1","-5.4931640625","0","0","1000000","13860","12086","12086","0","2902","1336","1216"
"78","ALIGN_RAMP","55309","-2","-10.986328125","-1","-1000","-1000000","14040","12087","12087","0","2902","1336","1126"
"79","ALIGN_RAMP","55308","-3","-16.4794921875","-1","-1000","0","14220","12088","12088","0","2902","1336","1036"
"80","ALIGN_RAMP","55312","1","5.4931640625","4","4000","5000000","14400","12089","12089","0","2902","1336","946"
"81","ALIGN_RAMP","55308","-3","-16.4794921875","-4","-4000","-8000000","14580","12090","12090","0","2902","1336","856"
"82","ALIGN_RAMP","55310","-1","-5.4931640625","2","2000","6000000","14760","12091","12091","0","2902","1336","766"
"83","ALIGN_RAMP","55310","-1","-5.4931640625","0","0","-2000000","14940","12092","12092","0","2902","1336","676"
"84","ALIGN_RAMP","55310","-1","-5.4931640625","0","0","0","15120","12093","12093","0","2902","1336","586"
"85","ALIGN_RAMP","55311","0","0","1","1000","1000000","15300","12094","12094","0","2902","1336","496"
"86","ALIGN_RAMP","55307","-4","-21.97265625","-4","-4000","-5000000","15480","12095","12095","0","2902","1336","406"
"87","ALIGN_RAMP","55313","2","10.986328125","6","6000","10000000","15660","12096","12096","0","2902","1336","316"
"88","ALIGN_RAMP","55311","0","0","-2","-2000","-8000000","15840","12097","12097","0","2902","1336","226"
"89","ALIGN_RAMP","55311","0","0","0","0","2000000","16020","12098","12098","0","2902","1336","136"
"90","ALIGN_RAMP","55312","1","5.4931640625","1","1000","1000000","16200","12099","12099","0","2902","1336","46"
"91","ALIGN_RAMP","55311","0","0","-1","-1000","-2000000","16380","12100","12100","0","2902","1336","2111"
"92","ALIGN_RAMP","55309","-2","-10.986328125","-2","-2000","-1000000","16560","12101","12101","0","2902","1336","2021"
"93","ALIGN_RAMP","55312","1","5.4931640625","3","3000","5000000","16740","12102","12102","0","2902","1336","1931"
"94","ALIGN_RAMP","55308","-3","-16.4794921875","-4","-4000","-7000000","16920","12103","12103","0","2902","1336","1841"
"95","ALIGN_RAMP","55311","0","0","3","3000","7000000","17100","12104","12104","0","2902","1336","1751"
"96","ALIGN_RAMP","55311","0","0","0","0","-3000000","17280","12105","12105","0","2902","1336","1661"
"97","ALIGN_RAMP","55307","-4","-21.97265625","-4","-4000","-4000000","17460","12106","12106","0","2902","1336","1571"
"98","ALIGN_RAMP","55313","2","10.986328125","6","6000","10000000","17640","12107","12107","0","2902","1336","1481"
"99","ALIGN_RAMP","55311","0","0","-2","-2000","-8000000","17820","12108","12108","0","2902","1336","1391"
"100","ALIGN_RAMP","55312","1","5.4931640625","1","1000","3000000","18000","12109","12109","0","2902","1336","1301"
"101","ALIGN_RAMP","55310","-1","-5.4931640625","-2","-2000","-3000000","18180","12110","12110","0","2902","1336","1211"
"102","ALIGN_RAMP","55311","0","0","1","1000","3000000","18360","12111","12111","0","2902","1336","1121"
"103","ALIGN_RAMP","55313","2","10.986328125","2","2000","1000000","18540","12112","12112","0","2902","1336","1031"
"104","ALIGN_RAMP","55310","-1","-5.4931640625","-3","-3000","-5000000","18720","12113","12113","0","2902","1336","941"
"105","ALIGN_RAMP","55308","-3","-16.4794921875","-2","-2000","1000000","18900","12114","12114","0","2902","1336","851"
"106","ALIGN_RAMP","55313","2","10.986328125","5","5000","7000000","19080","12115","12115","0","2902","1336","761"
"107","ALIGN_RAMP","55312","1","5.4931640625","-1","-1000","-6000000","19260","12116","12116","0","2902","1336","671"
"108","ALIGN_RAMP","55309","-2","-10.986328125","-3","-3000","-2000000","19440","12117","12117","0","2902","1336","581"
"109","ALIGN_RAMP","55314","3","16.4794921875","5","5000","8000000","19620","12118","12118","0","2902","1336","491"
"110","ALIGN_RAMP","55312","1","5.4931640625","-2","-2000","-7000000","19800","12119","12119","0","2902","1336","401"
"111","ALIGN_RAMP","55311","0","0","-1","-1000","1000000","19980","12120","12120","0","2902","1336","311"
"112","ALIGN_RAMP","55312","1","5.4931640625","1","1000","2000000","20160","12121","12121","0","2902","1336","221"
"113","ALIGN_RAMP","55312","1","5.4931640625","0","0","-1000000","20340","12122","12122","0","2902","1336","131"
"114","ALIGN_RAMP","55312","1","5.4931640625","0","0","0","20520","12123","12123","0","2902","1336","41"
"115","ALIGN_RAMP","55311","0","0","-1","-1000","-1000000","20700","12124","12124","0","2902","1336","2106"
"116","ALIGN_RAMP","55307","-4","-21.97265625","-4","-4000","-3000000","20880","12125","12125","0","2902","1336","2016"
"117","ALIGN_RAMP","55312","1","5.4931640625","5","5000","9000000","21060","12126","12126","0","2902","1336","1926"
"118","ALIGN_RAMP","55310","-1","-5.4931640625","-2","-2000","-7000000","21240","12127","12127","0","2902","1336","1836"
"119","ALIGN_RAMP","55312","1","5.4931640625","2","2000","4000000","21420","12128","12128","0","2902","1336","1746"
"120","ALIGN_RAMP","55310","-1","-5.4931640625","-2","-2000","-4000000","21600","12129","12129","0","2902","1336","1656"
"121","ALIGN_RAMP","55308","-3","-16.4794921875","-2","-2000","0","21780","12130","12130","0","2902","1336","1566"
"122","ALIGN_RAMP","55309","-2","-10.986328125","1","1000","3000000","21960","12131","12131","0","2902","1336","1476"
"123","ALIGN_RAMP","55309","-2","-10.986328125","0","0","-1000000","22140","12132","12132","0","2902","1336","1386"
"124","ALIGN_RAMP","55307","-4","-21.97265625","-2","-2000","-2000000","22320","12133","12133","0","2902","1336","1296"
"125","ALIGN_RAMP","55309","-2","-10.986328125","2","2000","4000000","22500","12134","12134","0","2902","1336","1206"
"126","ALIGN_RAMP","55309","-2","-10.986328125","0","0","-2000000","22680","12135","12135","0","2902","1336","1116"
"127","ALIGN_RAMP","55312","1","5.4931640625","3","3000","3000000","22860","12136","12136","0","2902","1336","1026"
"128","ALIGN_RAMP","55311","0","0","-1","-1000","-4000000","23040","12137","12137","0","2902","1336","936"
"129","ALIGN_RAMP","55308","-3","-16.4794921875","-3","-3000","-2000000","23220","12138","12138","0","2902","1336","846"
"130","ALIGN_RAMP","55311","0","0","3","3000","6000000","23400","12139","12139","0","2902","1336","756"
"131","ALIGN_RAMP","55311","0","0","0","0","-3000000","23580","12140","12140","0","2902","1336","666"
"132","ALIGN_RAMP","55312","1","5.4931640625","1","1000","1000000","23760","12141","12141","0","2902","1336","576"
"133","ALIGN_RAMP","55311","0","0","-1","-1000","-2000000","23940","12142","12142","0","2902","1336","486"
"134","ALIGN_RAMP","55309","-2","-10.986328125","-2","-2000","-1000000","24120","12143","12143","0","2902","1336","396"
"135","ALIGN_RAMP","55307","-4","-21.97265625","-2","-2000","0","24300","12144","12144","0","2902","1336","306"
"136","ALIGN_RAMP","55308","-3","-16.4794921875","1","1000","3000000","24480","12145","12145","0","2902","1336","216"
"137","ALIGN_RAMP","55312","1","5.4931640625","4","4000","3000000","24660","12146","12146","0","2902","1336","126"
"138","ALIGN_RAMP","55310","-1","-5.4931640625","-2","-2000","-6000000","24840","12147","12147","0","2902","1336","36"
"139","ALIGN_RAMP","55309","-2","-10.986328125","-1","-1000","1000000","25020","12148","12148","0","2902","1336","2101"
"140","ALIGN_RAMP","55312","1","5.4931640625","3","3000","4000000","25200","12149","12149","0","2902","1336","2011"
"141","ALIGN_RAMP","55309","-2","-10.986328125","-3","-3000","-6000000","25380","12150","12150","0","2902","1336","1921"
"142","ALIGN_RAMP","55312","1","5.4931640625","3","3000","6000000","25560","12151","12151","0","2902","1336","1831"
"143","ALIGN_RAMP","55309","-2","-10.986328125","-3","-3000","-6000000","25740","12152","12152","0","2902","1336","1741"
"144","ALIGN_RAMP","55311","0","0","2","2000","5000000","25920","12153","12153","0","2902","1336","1651"
"145","ALIGN_RAMP","55310","-1","-5.4931640625","-1","-1000","-3000000","26100","12154","12154","0","2902","1336","1561"
"146","ALIGN_RAMP","55310","-1","-5.4931640625","0","0","1000000","26280","12155","12155","0","2902","1336","1471"
"147","ALIGN_RAMP","55309","-2","-10.986328125","-1","-1000","-1000000","26460","12156","12156","0","2902","1336","1381"
"148","ALIGN_RAMP","55312","1","5.4931640625","3","3000","4000000","26640","12157","12157","0","2902","1336","1291"
"149","ALIGN_RAMP","55311","0","0","-1","-1000","-4000000","26820","12158","12158","0","2902","1336","1201"
"150","ALIGN_RAMP","55308","-3","-16.4794921875","-3","-3000","-2000000","27000","12159","12159","0","2902","1336","1111"
"151","ALIGN_RAMP","55312","1","5.4931640625","4","4000","7000000","27180","12160","12160","0","2902","1336","1021"
"152","ALIGN_RAMP","55310","-1","-5.4931640625","-2","-2000","-6000000","27360","12161","12161","0","2902","1336","931"
"153","ALIGN_RAMP","55309","-2","-10.986328125","-1","-1000","1000000","27540","12162","12162","0","2902","1336","841"
"154","ALIGN_RAMP","55309","-2","-10.986328125","0","0","1000000","27720","12163","12163","0","2902","1336","751"
"155","ALIGN_RAMP","55309","-2","-10.986328125","0","0","0","27900","12164","12164","0","2902","1336","661"
"156","ALIGN_RAMP","55312","1","5.4931640625","3","3000","3000000","28080","12165","12165","0","2902","1336","571"
"157","ALIGN_RAMP","55309","-2","-10.986328125","-3","-3000","-6000000","28260","12166","12166","0","2902","1336","481"
"158","ALIGN_RAMP","55308","-3","-16.4794921875","-1","-1000","2000000","28440","12167","12167","0","2902","1336","391"
"159","ALIGN_RAMP","55311","0","0","3","3000","4000000","28620","12168","12168","0","2902","1336","301"
"160","ALIGN_RAMP","55311","0","0","0","0","-3000000","28800","12169","12169","0","2902","1336","211"
"161","ALIGN_RAMP","55308","-3","-16.4794921875","-3","-3000","-3000000","28980","12170","12170","0","2902","1336","121"
"162","ALIGN_RAMP","55311","0","0","3","3000","6000000","29160","12171","12171","0","2902","1336","31"
"163","ALIGN_RAMP","55309","-2","-10.986328125","-2","-2000","-5000000","29340","12172","12172","0","2902","1336","2096"
"164","ALIGN_RAMP","55308","-3","-16.4794921875","-1","-1000","1000000","29520","12173","12173","0","2902","1336","2006"
"165","ALIGN_RAMP","55311","0","0","3","3000","4000000","29700","12174","12174","0","2902","1336","1916"
"166","ALIGN_RAMP","55310","-1","-5.4931640625","-1","-1000","-4000000","29880","12175","12175","0","2902","1336","1826"
"167","ALIGN_RAMP","55308","-3","-16.4794921875","-2","-2000","-1000000","30060","12176","12176","0","2902","1336","1736"
"168","ALIGN_RAMP","55313","2","10.986328125","5","5000","7000000","30240","12177","12177","0","2902","1336","1646"
"169","ALIGN_RAMP","55309","-2","-10.986328125","-4","-4000","-9000000","30420","12178","12178","0","2902","1336","1556"
"170","ALIGN_RAMP","55311","0","0","2","2000","6000000","30600","12179","12179","0","2902","1336","1466"
"171","ALIGN_RAMP","55308","-3","-16.4794921875","-3","-3000","-5000000","30780","12180","12180","0","2902","1336","1376"
"172","ALIGN_RAMP","55311","0","0","3","3000","6000000","30960","12181","12181","0","2902","1336","1286"
"173","ALIGN_RAMP","55308","-3","-16.4794921875","-3","-3000","-6000000","31140","12182","12182","0","2902","1336","1196"
"174","ALIGN_RAMP","55311","0","0","3","3000","6000000","31320","12183","12183","0","2902","1336","1106"
"175","ALIGN_RAMP","55309","-2","-10.986328125","-2","-2000","-5000000","31500","12184","12184","0","2902","1336","1016"
"176","ALIGN_RAMP","55310","-1","-5.4931640625","1","1000","3000000","31680","12185","12185","0","2902","1336","926"
"177","ALIGN_RAMP","55306","-5","-27.4658203125","-4","-4000","-5000000","31860","12186","12186","0","2902","1336","836"
"178","ALIGN_RAMP","55309","-2","-10.986328125","3","3000","7000000","32040","12187","12187","0","2902","1336","746"
"179","ALIGN_RAMP","55310","-1","-5.4931640625","1","1000","-2000000","32220","12188","12188","0","2902","1336","656"
"180","ALIGN_RAMP","55307","-4","-21.97265625","-3","-3000","-4000000","32400","12189","12189","0","2902","1336","566"
"181","ALIGN_RAMP","55309","-2","-10.986328125","2","2000","5000000","32580","12190","12190","0","2902","1336","476"
"182","ALIGN_RAMP","55310","-1","-5.4931640625","1","1000","-1000000","32760","12191","12191","0","2902","1336","386"
"183","ALIGN_RAMP","55310","-1","-5.4931640625","0","0","-1000000","32940","12192","12192","0","2902","1336","296"
"184","ALIGN_RAMP","55311","0","0","1","1000","1000000","33120","12193","12193","0","2902","1336","206"
"185","ALIGN_RAMP","55312","1","5.4931640625","1","1000","0","33300","12194","12194","0","2902","1336","116"
"186","ALIGN_RAMP","55309","-2","-10.986328125","-3","-3000","-4000000","33480","12195","12195","0","2902","1336","26"
"187","ALIGN_RAMP","55311","0","0","2","2000","5000000","33660","12196","12196","0","2902","1336","2091"
"188","ALIGN_RAMP","55308","-3","-16.4794921875","-3","-3000","-5000000","33840","12197","12197","0","2902","1336","2001"
"189","ALIGN_RAMP","55308","-3","-16.4794921875","0","0","3000000","34020","12198","12198","0","2902","1336","1911"
"190","ALIGN_RAMP","55307","-4","-21.97265625","-1","-1000","-1000000","34200","12199","12199","0","2902","1336","1821"
"191","ALIGN_RAMP","55311","0","0","4","4000","5000000","34380","12200","12200","0","2902","1336","1731"
"192","ALIGN_RAMP","55309","-2","-10.986328125","-2","-2000","-6000000","34560","12201","12201","0","2902","1336","1641"
"193","ALIGN_RAMP","55306","-5","-27.4658203125","-3","-3000","-1000000","34740","12202","12202","0","2902","1336","1551"
"194","ALIGN_RAMP","55309","-2","-10.986328125","3","3000","6000000","34920","12203","12203","0","2902","1336","1461"
"195","ALIGN_RAMP","55309","-2","-10.986328125","0","0","-3000000","35100","12204","12204","0","2902","1336","1371"
"196","ALIGN_RAMP","55304","-7","-38.4521484375","-5","-5000","-5000000","35280","12205","12205","0","2902","1336","1281"
"197","ALIGN_RAMP","55310","-1","-5.4931640625","6","6000","11000000","35460","12206","12206","0","2902","1336","1191"
"198","ALIGN_RAMP","55310","-1","-5.4931640625","0","0","-6000000","35640","12207","12207","0","2902","1336","1101"
"199","ALIGN_RAMP","55307","-4","-21.97265625","-3","-3000","-3000000","35820","12208","12208","0","2902","1336","1011"
"200","ALIGN_RAMP","55309","-2","-10.986328125","2","2000","5000000","36000","12209","12209","0","2902","1336","987"
"201","ALIGN_RAMP","55306","-5","-27.4658203125","-3","-3000","-5000000","36180","12210","12210","0","2902","1336","831"
"202","ALIGN_RAMP","55308","-3","-16.4794921875","2","2000","5000000","36360","12211","12211","0","2902","1336","741"
"203","ALIGN_RAMP","55306","-5","-27.4658203125","-2","-2000","-4000000","36540","12212","12212","0","2902","1336","651"
"204","ALIGN_RAMP","55302","-9","-49.4384765625","-4","-4000","-2000000","36720","12213","12213","0","2902","1336","561"
"205","ALIGN_RAMP","55309","-2","-10.986328125","7","7000","11000000","36900","12214","12214","0","2902","1336","471"
"206","ALIGN_RAMP","55307","-4","-21.97265625","-2","-2000","-9000000","37080","12215","12215","0","2902","1336","381"
"207","ALIGN_RAMP","55309","-2","-10.986328125","2","2000","4000000","37260","12216","12216","0","2902","1336","291"
"208","ALIGN_RAMP","55306","-5","-27.4658203125","-3","-3000","-5000000","37440","12217","12217","0","2902","1336","201"
"209","ALIGN_RAMP","55307","-4","-21.97265625","1","1000","4000000","37620","12218","12218","0","2902","1336","111"
"210","ALIGN_RAMP","55307","-4","-21.97265625","0","0","-1000000","37800","12219","12219","0","2902","1336","21"
"211","ALIGN_RAMP","55309","-2","-10.986328125","2","2000","2000000","37980","12220","12220","0","2902","1336","2086"
"212","ALIGN_RAMP","55303","-8","-43.9453125","-6","-6000","-8000000","38160","12221","12221","0","2902","1336","1996"
"213","ALIGN_RAMP","55304","-7","-38.4521484375","1","1000","7000000","38340","12222","12222","0","2902","1336","1906"
"214","ALIGN_RAMP","55304","-7","-38.4521484375","0","0","-1000000","38520","12223","12223","0","2902","1336","1816"
"215","ALIGN_RAMP","55304","-7","-38.4521484375","0","0","0","38700","12224","12224","0","2902","1336","1726"
"216","ALIGN_RAMP","55307","-4","-21.97265625","3","3000","3000000","38880","12225","12225","0","2902","1336","1636"
"217","ALIGN_RAMP","55302","-9","-49.4384765625","-5","-5000","-8000000","39060","12226","12226","0","2902","1336","1546"
"218","ALIGN_RAMP","55307","-4","-21.97265625","5","5000","10000000","39240","12227","12227","0","2902","1336","1456"
"219","ALIGN_RAMP","55305","-6","-32.958984375","-2","-2000","-7000000","39420","12228","12228","0","2902","1336","1366"
"220","ALIGN_RAMP","55306","-5","-27.4658203125","1","1000","3000000","39600","12229","12229","0","2902","1336","1276"
"221","ALIGN_RAMP","55304","-7","-38.4521484375","-2","-2000","-3000000","39780","12230","12230","0","2902","1336","1186"
"222","ALIGN_RAMP","55305","-6","-32.958984375","1","1000","3000000","39960","12231","12231","0","2902","1336","1096"
"223","ALIGN_RAMP","55303","-8","-43.9453125","-2","-2000","-3000000","40140","12232","12232","0","2902","1336","1006"
"224","ALIGN_RAMP","55303","-8","-43.9453125","0","0","2000000","40320","12233","12233","0","2902","1336","916"
"225","ALIGN_RAMP","55306","-5","-27.4658203125","3","3000","3000000","40500","12234","12234","0","2902","1336","826"
"226","ALIGN_RAMP","55303","-8","-43.9453125","-3","-3000","-6000000","40680","12235","12235","0","2902","1336","736"
"227","ALIGN_RAMP","55308","-3","-16.4794921875","5","5000","8000000","40860","12236","12236","0","2902","1336","646"
"228","ALIGN_RAMP","55306","-5","-27.4658203125","-2","-2000","-7000000","41040","12237","12237","0","2902","1336","556"
"229","ALIGN_RAMP","55305","-6","-32.958984375","-1","-1000","1000000","41220","12238","12238","0","2902","1336","466"
"230","ALIGN_RAMP","55302","-9","-49.4384765625","-3","-3000","-2000000","41400","12239","12239","0","2902","1336","376"
"231","ALIGN_RAMP","55307","-4","-21.97265625","5","5000","8000000","41580","12240","12240","0","2902","1336","286"
"232","ALIGN_RAMP","55301","-10","-54.931640625","-6","-6000","-11000000","41760","12241","12241","0","2902","1336","196"
"233","ALIGN_RAMP","55304","-7","-38.4521484375","3","3000","9000000","41940","12242","12242","0","2902","1336","106"
"234","ALIGN_RAMP","55305","-6","-32.958984375","1","1000","-2000000","42120","12243","12243","0","2902","1336","16"
"235","ALIGN_RAMP","55306","-5","-27.4658203125","1","1000","0","42300","12244","12244","0","2902","1336","2081"
"236","ALIGN_RAMP","55300","-11","-60.4248046875","-6","-6000","-7000000","42480","12245","12245","0","2902","1336","1991"
"237","ALIGN_RAMP","55303","-8","-43.9453125","3","3000","9000000","42660","12246","12246","0","2902","1336","1901"
"238","ALIGN_RAMP","55301","-10","-54.931640625","-2","-2000","-5000000","42840","12247","12247","0","2902","1336","1811"
"239","ALIGN_RAMP","55299","-12","-65.91796875","-2","-2000","0","43020","12248","12248","0","2902","1336","1721"
"240","ALIGN_RAMP","55302","-9","-49.4384765625","3","3000","5000000","43200","12249","12249","0","2902","1336","1631"
"241","ALIGN_RAMP","55301","-10","-54.931640625","-1","-1000","-4000000","43380","12250","12250","0","2902","1336","1541"
"242","ALIGN_RAMP","55301","-10","-54.931640625","0","0","1000000","43560","12251","12251","0","2902","1336","1451"
"243","ALIGN_RAMP","55301","-10","-54.931640625","0","0","0","43740","12252","12252","0","2902","1336","1361"
"244","ALIGN_RAMP","55305","-6","-32.958984375","4","4000","4000000","43920","12253","12253","0","2902","1336","1271"
"245","ALIGN_RAMP","55301","-10","-54.931640625","-4","-4000","-8000000","44100","12254","12254","0","2902","1336","1181"
"246","ALIGN_RAMP","55304","-7","-38.4521484375","3","3000","7000000","44280","12255","12255","0","2902","1336","1091"
"247","ALIGN_RAMP","55303","-8","-43.9453125","-1","-1000","-4000000","44460","12256","12256","0","2902","1336","1001"
"248","ALIGN_RAMP","55299","-12","-65.91796875","-4","-4000","-3000000","44640","12257","12257","0","2902","1336","911"
"249","ALIGN_RAMP","55300","-11","-60.4248046875","1","1000","5000000","44820","12258","12258","0","2902","1336","821"
"250","ALIGN_RAMP","55301","-10","-54.931640625","1","1000","0","45000","12259","12259","0","2902","1336","731"
"251","ALIGN_RAMP","55298","-13","-71.4111328125","-3","-3000","-4000000","45180","12260","12260","0","2902","1336","641"
"252","ALIGN_RAMP","55301","-10","-54.931640625","3","3000","6000000","45360","12261","12261","0","2902","1336","551"
"253","ALIGN_RAMP","55300","-11","-60.4248046875","-1","-1000","-4000000","45540","12262","12262","0","2902","1336","461"
"254","ALIGN_RAMP","55299","-12","-65.91796875","-1","-1000","0","45720","12263","12263","0","2902","1336","371"
"255","ALIGN_RAMP","55301","-10","-54.931640625","2","2000","3000000","45900","12264","12264","0","2902","1336","281"
"256","ALIGN_RAMP","55299","-12","-65.91796875","-2","-2000","-4000000","46080","12265","12265","0","2902","1336","191"
"257","ALIGN_RAMP","55298","-13","-71.4111328125","-1","-1000","1000000","46260","12266","12266","0","2902","1336","101"
"258","ALIGN_RAMP","55299","-12","-65.91796875","1","1000","2000000","46440","12267","12267","0","2902","1336","11"
"259","ALIGN_RAMP","55299","-12","-65.91796875","0","0","-1000000","46620","12268","12268","0","2902","1336","2076"
"260","ALIGN_RAMP","55297","-14","-76.904296875","-2","-2000","-2000000","46800","12269","12269","0","2902","1336","1986"
"261","ALIGN_RAMP","55299","-12","-65.91796875","2","2000","4000000","46980","12270","12270","0","2902","1336","1896"
"262","ALIGN_RAMP","55298","-13","-71.4111328125","-1","-1000","-3000000","47160","12271","12271","0","2902","1336","1806"
"263","ALIGN_RAMP","55296","-15","-82.3974609375","-2","-2000","-1000000","47340","12272","12272","0","2902","1336","1716"
"264","ALIGN_RAMP","55297","-14","-76.904296875","1","1000","3000000","47520","12273","12273","0","2902","1336","1626"
"265","ALIGN_RAMP","55298","-13","-71.4111328125","1","1000","0","47700","12274","12274","0","2902","1336","1536"
"266","ALIGN_RAMP","55295","-16","-87.890625","-3","-3000","-4000000","47880","12275","12275","0","2902","1336","1446"
"267","ALIGN_RAMP","55295","-16","-87.890625","0","0","3000000","48060","12276","12276","0","2902","1336","1356"
"268","ALIGN_RAMP","55295","-16","-87.890625","0","0","0","48240","12277","12277","0","2902","1336","1266"
"269","ALIGN_RAMP","55298","-13","-71.4111328125","3","3000","3000000","48420","12278","12278","0","2902","1336","1176"
"270","ALIGN_RAMP","55299","-12","-65.91796875","1","1000","-2000000","48600","12279","12279","0","2902","1336","1086"
"271","ALIGN_RAMP","55298","-13","-71.4111328125","-1","-1000","-2000000","48780","12280","12280","0","2902","1336","996"
"272","ALIGN_RAMP","55299","-12","-65.91796875","1","1000","2000000","48960","12281","12281","0","2902","1336","906"
"273","ALIGN_RAMP","55299","-12","-65.91796875","0","0","-1000000","49140","12282","12282","0","2902","1336","816"
"274","ALIGN_RAMP","55296","-15","-82.3974609375","-3","-3000","-3000000","49320","12283","12283","0","2902","1336","726"
"275","ALIGN_RAMP","55294","-17","-93.3837890625","-2","-2000","1000000","49500","12284","12284","0","2902","1336","636"
"276","ALIGN_RAMP","55296","-15","-82.3974609375","2","2000","4000000","49680","12285","12285","0","2902","1336","546"
"277","ALIGN_RAMP","55295","-16","-87.890625","-1","-1000","-3000000","49860","12286","12286","0","2902","1336","456"
"278","ALIGN_RAMP","55296","-15","-82.3974609375","1","1000","2000000","50040","12287","12287","0","2902","1336","366"
"279","ALIGN_RAMP","55295","-16","-87.890625","-1","-1000","-2000000","50220","12288","12288","0","2902","1336","276"
"280","ALIGN_RAMP","55298","-13","-71.4111328125","3","3000","4000000","50400","12289","12289","0","2902","1336","186"
"281","ALIGN_RAMP","55297","-14","-76.904296875","-1","-1000","-4000000","50580","12290","12290","0","2902","1336","96"
"282","ALIGN_RAMP","55296","-15","-82.3974609375","-1","-1000","0","50760","12291","12291","0","2902","1336","6"
"283","ALIGN_RAMP","55292","-19","-104.3701171875","-4","-4000","-3000000","50940","12292","12292","0","2902","1336","2071"
"284","ALIGN_RAMP","55293","-18","-98.876953125","1","1000","5000000","51120","12293","12293","0","2902","1336","1981"
"285","ALIGN_RAMP","55296","-15","-82.3974609375","3","3000","2000000","51300","12294","12294","0","2902","1336","1891"
"286","ALIGN_RAMP","55293","-18","-98.876953125","-3","-3000","-6000000","51480","12295","12295","0","2902","1336","1801"
"287","ALIGN_RAMP","55295","-16","-87.890625","2","2000","5000000","51660","12296","12296","0","2902","1336","1711"
"288","ALIGN_RAMP","55292","-19","-104.3701171875","-3","-3000","-5000000","51840","12297","12297","0","2902","1336","1621"
"289","ALIGN_RAMP","55293","-18","-98.876953125","1","1000","4000000","52020","12298","12298","0","2902","1336","1531"
"290","ALIGN_RAMP","55295","-16","-87.890625","2","2000","1000000","52200","12299","12299","0","2902","1336","1441"
"291","ALIGN_RAMP","55294","-17","-93.3837890625","-1","-1000","-3000000","52380","12300","12300","0","2902","1336","1351"
"292","ALIGN_RAMP","55295","-16","-87.890625","1","1000","2000000","52560","12301","12301","0","2902","1336","1261"
"293","ALIGN_RAMP","55294","-17","-93.3837890625","-1","-1000","-2000000","52740","12302","12302","0","2902","1336","1171"
"294","ALIGN_RAMP","55295","-16","-87.890625","1","1000","2000000","52920","12303","12303","0","2902","1336","1081"
"295","ALIGN_RAMP","55292","-19","-104.3701171875","-3","-3000","-4000000","53100","12304","12304","0","2902","1336","991"
"296","ALIGN_RAMP","55292","-19","-104.3701171875","0","0","3000000","53280","12305","12305","0","2902","1336","901"
"297","ALIGN_RAMP","55292","-19","-104.3701171875","0","0","0","53460","12306","12306","0","2902","1336","811"
"298","ALIGN_RAMP","55296","-15","-82.3974609375","4","4000","4000000","53640","12307","12307","0","2902","1336","721"
"299","ALIGN_RAMP","55290","-21","-115.3564453125","-6","-6000","-10000000","53820","12308","12308","0","2902","1336","631"
"300","ALIGN_RAMP","55295","-16","-87.890625","5","5000","11000000","54000","12309","12309","0","2902","1336","541"
"301","ALIGN_RAMP","55292","-19","-104.3701171875","-3","-3000","-8000000","54180","12310","12310","0","2902","1336","451"
"302","ALIGN_RAMP","55290","-21","-115.3564453125","-2","-2000","1000000","54360","12311","12311","0","2902","1336","361"
"303","ALIGN_RAMP","55292","-19","-104.3701171875","2","2000","4000000","54540","12312","12312","0","2902","1336","271"
"304","ALIGN_RAMP","55290","-21","-115.3564453125","-2","-2000","-4000000","54720","12313","12313","0","2902","1336","181"
"305","ALIGN_RAMP","55292","-19","-104.3701171875","2","2000","4000000","54900","12314","12314","0","2902","1336","91"
"306","ALIGN_RAMP","55292","-19","-104.3701171875","0","0","-2000000","55080","12315","12315","0","2902","1336","1"
"307","ALIGN_RAMP","55289","-22","-120.849609375","-3","-3000","-3000000","55260","12316","12316","0","2902","1336","2066"
"308","ALIGN_RAMP","55290","-21","-115.3564453125","1","1000","4000000","55440","12317","12317","0","2902","1336","1976"
"309","ALIGN_RAMP","55289","-22","-120.849609375","-1","-1000","-2000000","55620","12318","12318","0","2902","1336","1886"
"310","ALIGN_RAMP","55293","-18","-98.876953125","4","4000","5000000","55800","12319","12319","0","2902","1336","1796"
"311","ALIGN_RAMP","55288","-23","-126.3427734375","-5","-5000","-9000000","55980","12320","12320","0","2902","1336","1706"
"312","ALIGN_RAMP","55290","-21","-115.3564453125","2","2000","7000000","56160","12321","12321","0","2902","1336","1616"
"313","ALIGN_RAMP","55287","-24","-131.8359375","-3","-3000","-5000000","56340","12322","12322","0","2902","1336","1526"
"314","ALIGN_RAMP","55291","-20","-109.86328125","4","4000","7000000","56520","12323","12323","0","2902","1336","1436"
"315","ALIGN_RAMP","55288","-23","-126.3427734375","-3","-3000","-7000000","56700","12324","12324","0","2902","1336","1346"
"316","ALIGN_RAMP","55286","-25","-137.3291015625","-2","-2000","1000000","56880","12325","12325","0","2902","1336","1256"
"317","ALIGN_RAMP","55288","-23","-126.3427734375","2","2000","4000000","57060","12326","12326","0","2902","1336","1166"
"318","ALIGN_RAMP","55285","-26","-142.822265625","-3","-3000","-5000000","57240","12327","12327","0","2902","1336","1076"
"319","ALIGN_RAMP","55290","-21","-115.3564453125","5","5000","8000000","57420","12328","12328","0","2902","1336","986"
"320","ALIGN_RAMP","55292","-19","-104.3701171875","2","2000","-3000000","57600","12329","12329","0","2902","1336","896"
"321","ALIGN_RAMP","55289","-22","-120.849609375","-3","-3000","-5000000","57780","12330","12330","0","2902","1336","806"
"322","ALIGN_RAMP","55283","-28","-153.80859375","-6","-6000","-3000000","57960","12331","12331","0","2902","1336","716"
"323","ALIGN_RAMP","55287","-24","-131.8359375","4","4000","10000000","58140","12332","12332","0","2902","1336","626"
"324","ALIGN_RAMP","55285","-26","-142.822265625","-2","-2000","-6000000","58320","12333","12333","0","2902","1336","536"
"325","ALIGN_RAMP","55287","-24","-131.8359375","2","2000","4000000","58500","12334","12334","0","2902","1336","446"
"326","ALIGN_RAMP","55287","-24","-131.8359375","0","0","-2000000","58680","12335","12335","0","2902","1336","356"
"327","ALIGN_RAMP","55284","-27","-148.3154296875","-3","-3000","-3000000","58860","12336","12336","0","2902","1336","266"
"328","ALIGN_RAMP","55285","-26","-142.822265625","1","1000","4000000","59040","12337","12337","0","2902","1336","176"
"329","ALIGN_RAMP","55287","-24","-131.8359375","2","2000","1000000","59220","12338","12338","0","2902","1336","86"
"330","ALIGN_RAMP","55287","-24","-131.8359375","0","0","-2000000","59400","12339","12339","0","2902","1336","2151"
"331","ALIGN_RAMP","55283","-28","-153.80859375","-4","-4000","-4000000","59580","12340","12340","0","2902","1336","2061"
"332","ALIGN_RAMP","55286","-25","-137.3291015625","3","3000","7000000","59760","12341","12341","0","2902","1336","1971"
"333","ALIGN_RAMP","55281","-30","-164.794921875","-5","-5000","-8000000","59940","12342","12342","0","2902","1336","1881"
"334","ALIGN_RAMP","55279","-32","-175.78125","-2","-2000","3000000","60120","12343","12343","0","2902","1336","1791"
"335","ALIGN_RAMP","55284","-27","-148.3154296875","5","5000","7000000","60300","12344","12344","0","2902","1336","1701"
"336","ALIGN_RAMP","55282","-29","-159.3017578125","-2","-2000","-7000000","60480","12345","12345","0","2902","1336","1611"
"337","ALIGN_RAMP","55280","-31","-170.2880859375","-2","-2000","0","60660","12346","12346","0","2902","1336","1521"
"338","ALIGN_RAMP","55284","-27","-148.3154296875","4","4000","6000000","60840","12347","12347","0","2902","1336","1431"
"339","ALIGN_RAMP","55278","-33","-181.2744140625","-6","-6000","-10000000","61020","12348","12348","0","2902","1336","1341"
"340","ALIGN_RAMP","55280","-31","-170.2880859375","2","2000","8000000","61200","12349","12349","0","2902","1336","1251"
"341","ALIGN_RAMP","55279","-32","-175.78125","-1","-1000","-3000000","61380","12350","12350","0","2902","1336","1161"
"342","ALIGN_RAMP","55278","-33","-181.2744140625","-1","-1000","0","61560","12351","12351","0","2902","1336","1071"
"343","ALIGN_RAMP","55281","-30","-164.794921875","3","3000","4000000","61740","12352","12352","0","2902","1336","981"
"344","ALIGN_RAMP","55279","-32","-175.78125","-2","-2000","-5000000","61920","12353","12353","0","2902","1336","891"
"345","ALIGN_RAMP","55280","-31","-170.2880859375","1","1000","3000000","62100","12354","12354","0","2902","1336","801"
"346","ALIGN_RAMP","55282","-29","-159.3017578125","2","2000","1000000","62280","12355","12355","0","2902","1336","711"
"347","ALIGN_RAMP","55280","-31","-170.2880859375","-2","-2000","-4000000","62460","12356","12356","0","2902","1336","621"
"348","ALIGN_RAMP","55275","-36","-197.75390625","-5","-5000","-3000000","62640","12357","12357","0","2902","1336","531"
"349","ALIGN_RAMP","55280","-31","-170.2880859375","5","5000","10000000","62820","12358","12358","0","2902","1336","441"
"350","ALIGN_RAMP","55280","-31","-170.2880859375","0","0","-5000000","63000","12359","12359","0","2902","1336","351"
"351","ALIGN_RAMP","55281","-30","-164.794921875","1","1000","1000000","63180","12360","12360","0","2902","1336","261"
"352","ALIGN_RAMP","55280","-31","-170.2880859375","-1","-1000","-2000000","63360","12361","12361","0","2902","1336","171"
"353","ALIGN_RAMP","55276","-35","-192.2607421875","-4","-4000","-3000000","63540","12362","12362","0","2902","1336","81"
"354","ALIGN_RAMP","55275","-36","-197.75390625","-1","-1000","3000000","63720","12363","12363","0","2902","1336","2146"
"355","ALIGN_RAMP","55276","-35","-192.2607421875","1","1000","2000000","63900","12364","12364","0","2902","1336","2056"
"356","ALIGN_RAMP","55278","-33","-181.2744140625","2","2000","1000000","64080","12365","12365","0","2902","1336","1966"
"357","ALIGN_RAMP","55277","-34","-186.767578125","-1","-1000","-3000000","64260","12366","12366","0","2902","1336","1876"
"358","ALIGN_RAMP","55270","-41","-225.2197265625","-7","-7000","-6000000","64440","12367","12367","0","2902","1336","1786"
"359","ALIGN_RAMP","55272","-39","-214.2333984375","2","2000","9000000","64620","12368","12368","0","2902","1336","1696"
"360","ALIGN_RAMP","55273","-38","-208.740234375","1","1000","-1000000","64800","12369","12369","0","2902","1336","1606"
"361","ALIGN_RAMP","55271","-40","-219.7265625","-2","-2000","-3000000","64980","12370","12370","0","2902","1336","1516"
"362","ALIGN_RAMP","55270","-41","-225.2197265625","-1","-1000","1000000","65160","12371","12371","0","2902","1336","1426"
"363","ALIGN_RAMP","55272","-39","-214.2333984375","2","2000","3000000","65340","12372","12372","0","2902","1336","1336"
"364","ALIGN_RAMP","55267","-44","-241.69921875","-5","-5000","-7000000","65520","12373","12373","0","2902","1336","1246"
"365","ALIGN_RAMP","55269","-42","-230.712890625","2","2000","7000000","65700","12374","12374","0","2902","1336","1156"
"366","ALIGN_RAMP","55263","-48","-263.671875","-6","-6000","-8000000","65880","12375","12375","0","2902","1336","1066"
"367","ALIGN_RAMP","55267","-44","-241.69921875","4","4000","10000000","66060","12376","12376","0","2902","1336","976"
"368","ALIGN_RAMP","55263","-48","-263.671875","-4","-4000","-8000000","66240","12377","12377","0","2902","1336","886"
"369","ALIGN_RAMP","55262","-49","-269.1650390625","-1","-1000","3000000","66420","12378","12378","0","2902","1336","796"
"370","ALIGN_RAMP","55263","-48","-263.671875","1","1000","2000000","66600","12379","12379","0","2902","1336","706"
"371","ALIGN_RAMP","55265","-46","-252.685546875","2","2000","1000000","66780","12380","12380","0","2902","1336","616"
"372","ALIGN_RAMP","55263","-48","-263.671875","-2","-2000","-4000000","66960","12381","12381","0","2902","1336","526"
"373","ALIGN_RAMP","55261","-50","-274.658203125","-2","-2000","0","67140","12382","12382","0","2902","1336","436"
"374","ALIGN_RAMP","55261","-50","-274.658203125","0","0","2000000","67320","12383","12383","0","2902","1336","346"
"375","ALIGN_RAMP","55260","-51","-280.1513671875","-1","-1000","-1000000","67500","12384","12384","0","2902","1336","256"
"376","ALIGN_RAMP","55254","-57","-313.1103515625","-6","-6000","-5000000","67680","12385","12385","0","2902","1336","166"
"377","ALIGN_RAMP","55258","-53","-291.1376953125","4","4000","10000000","67860","12386","12386","0","2902","1336","76"
"378","ALIGN_RAMP","55256","-55","-302.1240234375","-2","-2000","-6000000","68040","12387","12387","0","2902","1336","2141"
"379","ALIGN_RAMP","55252","-59","-324.0966796875","-4","-4000","-2000000","68220","12388","12388","0","2902","1336","2051"
"380","ALIGN_RAMP","55252","-59","-324.0966796875","0","0","4000000","68400","12389","12389","0","2902","1336","1961"
"381","ALIGN_RAMP","55250","-61","-335.0830078125","-2","-2000","-2000000","68580","12390","12390","0","2902","1336","1871"
"382","ALIGN_RAMP","55250","-61","-335.0830078125","0","0","2000000","68760","12391","12391","0","2902","1336","1781"
"383","ALIGN_RAMP","55244","-67","-368.0419921875","-6","-6000","-6000000","68940","12392","12392","0","2902","1336","1691"
"384","ALIGN_RAMP","55243","-68","-373.53515625","-1","-1000","5000000","69120","12393","12393","0","2902","1336","1601"
"385","ALIGN_RAMP","55239","-72","-395.5078125","-4","-4000","-3000000","69300","12394","12394","0","2902","1336","1511"
"386","ALIGN_RAMP","55236","-75","-411.9873046875","-3","-3000","1000000","69480","12395","12395","0","2902","1336","1421"
"387","ALIGN_RAMP","55239","-72","-395.5078125","3","3000","6000000","69660","12396","12396","0","2902","1336","1331"
"388","ALIGN_RAMP","55235","-76","-417.48046875","-4","-4000","-7000000","69840","12397","12397","0","2902","1336","1241"
"389","ALIGN_RAMP","55234","-77","-422.9736328125","-1","-1000","3000000","70020","12398","12398","0","2902","1336","1151"
"390","ALIGN_RAMP","55232","-79","-433.9599609375","-2","-2000","-1000000","70200","12399","12399","0","2902","1336","1061"
"391","ALIGN_RAMP","55228","-83","-455.9326171875","-4","-4000","-2000000","70380","12400","12400","0","2902","1336","971"
"392","ALIGN_RAMP","55221","-90","-494.384765625","-7","-7000","-3000000","70560","12401","12401","0","2902","1336","881"
"393","ALIGN_RAMP","55216","-95","-521.8505859375","-5","-5000","2000000","70740","12402","12402","0","2902","1336","791"
"394","ALIGN_RAMP","55209","-102","-560.302734375","-7","-7000","-2000000","70920","12403","12403","0","2902","1336","701"
"395","ALIGN_RAMP","55203","-108","-593.26171875","-6","-6000","1000000","71100","12404","12404","0","2902","1336","611"
"396","ALIGN_RAMP","55195","-116","-637.20703125","-8","-8000","-2000000","71280","12405","12405","0","2902","1336","521"
"397","ALIGN_RAMP","55187","-124","-681.15234375","-8","-8000","0","71460","12406","12406","0","2902","1336","431"
"398","ALIGN_RAMP","55177","-134","-736.083984375","-10","-10000","-2000000","71640","12407","12407","0","2902","1336","341"
"399","ALIGN_RAMP","55161","-150","-823.974609375","-16","-16000","-6000000","71820","12408","12408","0","2902","1336","251"
"400","ALIGN_RAMP","55139","-172","-944.82421875","-22","-22000","-6000000","72000","12409","12409","0","2902","1336","227"
"401","ALIGN_RAMP","55118","-193","-1060.1806640625","-21","-21000","1000000","72180","12410","12410","0","2902","1336","71"
"402","ALIGN_RAMP","55090","-221","-1213.9892578125","-28","-28000","-7000000","72360","12411","12411","0","2902","1336","2136"
"403","ALIGN_RAMP","55056","-255","-1400.7568359375","-34","-34000","-6000000","72540","12412","12412","0","2902","1336","2046"
"404","ALIGN_RAMP","55019","-292","-1604.00390625","-37","-37000","-3000000","72720","12413","12413","0","2902","1336","1956"
"405","ALIGN_RAMP","54983","-328","-1801.7578125","-36","-36000","1000000","72900","12414","12414","0","2902","1336","1866"
"406","ALIGN_RAMP","54938","-373","-2048.9501953125","-45","-45000","-9000000","73080","12415","12415","0","2902","1336","1776"
"407","ALIGN_RAMP","54902","-409","-2246.7041015625","-36","-36000","9000000","73260","12416","12416","0","2902","1336","1686"
"408","ALIGN_RAMP","54873","-438","-2406.005859375","-29","-29000","7000000","73440","12417","12417","0","2902","1336","1596"
"409","ALIGN_RAMP","54858","-453","-2488.4033203125","-15","-15000","14000000","73620","12418","12418","0","2902","1336","1506"
"410","ALIGN_RAMP","54848","-463","-2543.3349609375","-10","-10000","5000000","73800","12419","12419","0","2902","1336","1416"
"411","ALIGN_RAMP","54852","-459","-2521.3623046875","4","4000","14000000","73980","12420","12420","0","2902","1336","1326"
"412","ALIGN_RAMP","54863","-448","-2460.9375","11","11000","7000000","74160","12421","12421","0","2902","1336","1236"
"413","ALIGN_RAMP","54878","-433","-2378.5400390625","15","15000","4000000","74340","12422","12422","0","2902","1336","1146"
"414","ALIGN_RAMP","54890","-421","-2312.6220703125","12","12000","-3000000","74520","12423","12423","0","2902","1336","1056"
"415","ALIGN_RAMP","54900","-411","-2257.6904296875","10","10000","-2000000","74700","12424","12424","0","2902","1336","966"
"416","ALIGN_RAMP","54907","-404","-2219.23828125","7","7000","-3000000","74880","12425","12425","0","2902","1336","876"
"417","ALIGN_RAMP","54905","-406","-2230.224609375","-2","-2000","-9000000","75060","12426","12426","0","2902","1336","786"
"418","ALIGN_RAMP","54900","-411","-2257.6904296875","-5","-5000","-3000000","75240","12427","12427","0","2902","1336","696"
"419","ALIGN_RAMP","54891","-420","-2307.12890625","-9","-9000","-4000000","75420","12428","12428","0","2902","1336","606"
"420","ALIGN_RAMP","54890","-421","-2312.6220703125","-1","-1000","8000000","75600","12429","12429","0","2902","1336","516"
"421","ALIGN_RAMP","54889","-422","-2318.115234375","-1","-1000","0","75780","12430","12430","0","2902","1336","426"
"422","ALIGN_RAMP","54886","-425","-2334.5947265625","-3","-3000","-2000000","75960","12431","12431","0","2902","1336","336"
"423","ALIGN_RAMP","54892","-419","-2301.6357421875","6","6000","9000000","76140","12432","12432","0","2902","1336","246"
"424","ALIGN_RAMP","54891","-420","-2307.12890625","-1","-1000","-7000000","76320","12433","12433","0","2902","1336","156"
"425","ALIGN_RAMP","54892","-419","-2301.6357421875","1","1000","2000000","76500","12434","12434","0","2902","1336","66"
"426","ALIGN_RAMP","54895","-416","-2285.15625","3","3000","2000000","76680","12435","12435","0","2902","1336","2131"
"427","ALIGN_RAMP","54895","-416","-2285.15625","0","0","-3000000","76860","12436","12436","0","2902","1336","2041"
"428","ALIGN_RAMP","54891","-420","-2307.12890625","-4","-4000","-4000000","77040","12437","12437","0","2902","1336","1951"
"429","ALIGN_RAMP","54891","-420","-2307.12890625","0","0","4000000","77220","12438","12438","0","2902","1336","1861"
"430","ALIGN_RAMP","54886","-425","-2334.5947265625","-5","-5000","-5000000","77400","12439","12439","0","2902","1336","1771"
"431","ALIGN_RAMP","54889","-422","-2318.115234375","3","3000","8000000","77580","12440","12440","0","2902","1336","1681"
"432","ALIGN_RAMP","54890","-421","-2312.6220703125","1","1000","-2000000","77760","12441","12441","0","2902","1336","1591"
"433","ALIGN_RAMP","54885","-426","-2340.087890625","-5","-5000","-6000000","77940","12442","12442","0","2902","1336","1501"
"434","ALIGN_RAMP","54888","-423","-2323.6083984375","3","3000","8000000","78120","12443","12443","0","2902","1336","1411"
"435","ALIGN_RAMP","54892","-419","-2301.6357421875","4","4000","1000000","78300","12444","12444","0","2902","1336","1321"
"436","ALIGN_RAMP","54892","-419","-2301.6357421875","0","0","-4000000","78480","12445","12445","0","2902","1336","1231"
"437","ALIGN_RAMP","54891","-420","-2307.12890625","-1","-1000","-1000000","78660","12446","12446","0","2902","1336","1141"
"438","ALIGN_RAMP","54888","-423","-2323.6083984375","-3","-3000","-2000000","78840","12447","12447","0","2902","1336","1051"
"439","ALIGN_RAMP","54888","-423","-2323.6083984375","0","0","3000000","79020","12448","12448","0","2902","1336","961"
"440","ALIGN_RAMP","54889","-422","-2318.115234375","1","1000","1000000","79200","12449","12449","0","2902","1336","871"
"441","ALIGN_RAMP","54886","-425","-2334.5947265625","-3","-3000","-4000000","79380","12450","12450","0","2902","1336","781"
"442","ALIGN_RAMP","54888","-423","-2323.6083984375","2","2000","5000000","79560","12451","12451","0","2902","1336","691"
"443","ALIGN_RAMP","54891","-420","-2307.12890625","3","3000","1000000","79740","12452","12452","0","2902","1336","601"
"444","ALIGN_RAMP","54890","-421","-2312.6220703125","-1","-1000","-4000000","79920","12453","12453","0","2902","1336","511"
"445","ALIGN_RAMP","54888","-423","-2323.6083984375","-2","-2000","-1000000","80100","12454","12454","0","2902","1336","421"
"446","ALIGN_RAMP","54892","-419","-2301.6357421875","4","4000","6000000","80280","12455","12455","0","2902","1336","331"
"447","ALIGN_RAMP","54887","-424","-2329.1015625","-5","-5000","-9000000","80460","12456","12456","0","2902","1336","241"
"448","ALIGN_RAMP","54889","-422","-2318.115234375","2","2000","7000000","80640","12457","12457","0","2902","1336","151"
"449","ALIGN_RAMP","54887","-424","-2329.1015625","-2","-2000","-4000000","80820","12458","12458","0","2902","1336","61"
"450","ALIGN_RAMP","54891","-420","-2307.12890625","4","4000","6000000","81000","12459","12459","0","2902","1336","2126"
"451","ALIGN_RAMP","54889","-422","-2318.115234375","-2","-2000","-6000000","81180","12460","12460","0","2902","1336","2036"
"452","ALIGN_RAMP","54891","-420","-2307.12890625","2","2000","4000000","81360","12461","12461","0","2902","1336","1946"
"453","ALIGN_RAMP","54891","-420","-2307.12890625","0","0","-2000000","81540","12462","12462","0","2902","1336","1856"
"454","ALIGN_RAMP","54888","-423","-2323.6083984375","-3","-3000","-3000000","81720","12463","12463","0","2902","1336","1766"
"455","ALIGN_RAMP","54884","-427","-2345.5810546875","-4","-4000","-1000000","81900","12464","12464","0","2902","1336","1676"
"456","ALIGN_RAMP","54888","-423","-2323.6083984375","4","4000","8000000","82080","12465","12465","0","2902","1336","1586"
"457","ALIGN_RAMP","54888","-423","-2323.6083984375","0","0","-4000000","82260","12466","12466","0","2902","1336","1496"
"458","ALIGN_RAMP","54886","-425","-2334.5947265625","-2","-2000","-2000000","82440","12467","12467","0","2902","1336","1406"
"459","ALIGN_RAMP","54885","-426","-2340.087890625","-1","-1000","1000000","82620","12468","12468","0","2902","1336","1316"
"460","ALIGN_RAMP","54886","-425","-2334.5947265625","1","1000","2000000","82800","12469","12469","0","2902","1336","1226"
"461","ALIGN_RAMP","54883","-428","-2351.07421875","-3","-3000","-4000000","82980","12470","12470","0","2902","1336","1136"
"462","ALIGN_RAMP","54887","-424","-2329.1015625","4","4000","7000000","83160","12471","12471","0","2902","1336","1046"
"463","ALIGN_RAMP","54884","-427","-2345.5810546875","-3","-3000","-7000000","83340","12472","12472","0","2902","1336","956"
"464","ALIGN_RAMP","54888","-423","-2323.6083984375","4","4000","7000000","83520","12473","12473","0","2902","1336","866"
"465","ALIGN_RAMP","54885","-426","-2340.087890625","-3","-3000","-7000000","83700","12474","12474","0","2902","1336","776"
"466","ALIGN_RAMP","54885","-426","-2340.087890625","0","0","3000000","83880","12475","12475","0","2902","1336","686"
"467","ALIGN_RAMP","54885","-426","-2340.087890625","0","0","0","84060","12476","12476","0","2902","1336","596"
"468","ALIGN_RAMP","54886","-425","-2334.5947265625","1","1000","1000000","84240","12477","12477","0","2902","1336","506"
"469","ALIGN_RAMP","54883","-428","-2351.07421875","-3","-3000","-4000000","84420","12478","12478","0","2902","1336","416"
"470","ALIGN_RAMP","54887","-424","-2329.1015625","4","4000","7000000","84600","12479","12479","0","2902","1336","326"
"471","ALIGN_RAMP","54887","-424","-2329.1015625","0","0","-4000000","84780","12480","12480","0","2902","1336","236"
"472","ALIGN_RAMP","54884","-427","-2345.5810546875","-3","-3000","-3000000","84960","12481","12481","0","2902","1336","146"
"473","ALIGN_RAMP","54886","-425","-2334.5947265625","2","2000","5000000","85140","12482","12482","0","2902","1336","56"
"474","ALIGN_RAMP","54882","-429","-2356.5673828125","-4","-4000","-6000000","85320","12483","12483","0","2902","1336","2121"
"475","ALIGN_RAMP","54884","-427","-2345.5810546875","2","2000","6000000","85500","12484","12484","0","2902","1336","2031"
"476","ALIGN_RAMP","54882","-429","-2356.5673828125","-2","-2000","-4000000","85680","12485","12485","0","2902","1336","1941"
"477","ALIGN_RAMP","54884","-427","-2345.5810546875","2","2000","4000000","85860","12486","12486","0","2902","1336","1851"
"478","ALIGN_RAMP","54880","-431","-2367.5537109375","-4","-4000","-6000000","86040","12487","12487","0","2902","1336","1761"
"479","ALIGN_RAMP","54880","-431","-2367.5537109375","0","0","4000000","86220","12488","12488","0","2902","1336","1671"
"480","ALIGN_RAMP","54885","-426","-2340.087890625","5","5000","5000000","86400","12489","12489","0","2902","1336","1581"
"481","ALIGN_RAMP","54882","-429","-2356.5673828125","-3","-3000","-8000000","86580","12490","12490","0","2902","1336","1491"
"482","ALIGN_RAMP","54884","-427","-2345.5810546875","2","2000","5000000","86760","12491","12491","0","2902","1336","1401"
"483","ALIGN_RAMP","54881","-430","-2362.060546875","-3","-3000","-5000000","86940","12492","12492","0","2902","1336","1311"
"484","ALIGN_RAMP","54880","-431","-2367.5537109375","-1","-1000","2000000","87120","12493","12493","0","2902","1336","1221"
"485","ALIGN_RAMP","54887","-424","-2329.1015625","7","7000","8000000","87300","12494","12494","0","2902","1336","1131"
"486","ALIGN_RAMP","54883","-428","-2351.07421875","-4","-4000","-11000000","87480","12495","12495","0","2902","1336","1041"
"487","ALIGN_RAMP","54880","-431","-2367.5537109375","-3","-3000","1000000","87660","12496","12496","0","2902","1336","951"
"488","ALIGN_RAMP","54880","-431","-2367.5537109375","0","0","3000000","87840","12497","12497","0","2902","1336","861"
"489","ALIGN_RAMP","54880","-431","-2367.5537109375","0","0","0","88020","12498","12498","0","2902","1336","771"
"490","ALIGN_RAMP","54882","-429","-2356.5673828125","2","2000","2000000","88200","12499","12499","0","2902","1336","681"
"491","ALIGN_RAMP","54879","-432","-2373.046875","-3","-3000","-5000000","88380","12500","12500","0","2902","1336","591"
"492","ALIGN_RAMP","54880","-431","-2367.5537109375","1","1000","4000000","88560","12501","12501","0","2902","1336","501"
"493","ALIGN_RAMP","54880","-431","-2367.5537109375","0","0","-1000000","88740","12502","12502","0","2902","1336","411"
"494","ALIGN_RAMP","54881","-430","-2362.060546875","1","1000","1000000","88920","12503","12503","0","2902","1336","321"
"495","ALIGN_RAMP","54878","-433","-2378.5400390625","-3","-3000","-4000000","89100","12504","12504","0","2902","1336","231"
"496","ALIGN_RAMP","54879","-432","-2373.046875","1","1000","4000000","89280","12505","12505","0","2902","1336","141"
"497","ALIGN_RAMP","54878","-433","-2378.5400390625","-1","-1000","-2000000","89460","12506","12506","0","2902","1336","51"
"498","ALIGN_RAMP","54875","-436","-2395.01953125","-3","-3000","-2000000","89640","12507","12507","0","2902","1336","2116"
"499","ALIGN_RAMP","54878","-433","-2378.5400390625","3","3000","6000000","89820","12508","12508","0","2902","1336","2026"
"500","ALIGN_RAMP","54877","-434","-2384.033203125","-1","-1000","-4000000","90000","12509","12509","0","2903","1336","1936"
"501","ALIGN_HOLD","54875","-436","-2395.01953125","-2","-2000","-1000000","90000","12510","12510","0","2903","1336","1846"
"502","ALIGN_HOLD","54878","-433","-2378.5400390625","3","3000","5000000","90000","12511","12511","0","2903","1336","1756"
"503","ALIGN_HOLD","54878","-433","-2378.5400390625","0","0","-3000000","90000","12512","12512","0","2903","1336","1666"
"504","ALIGN_HOLD","54875","-436","-2395.01953125","-3","-3000","-3000000","90000","12513","12513","0","2903","1336","1576"
"505","ALIGN_HOLD","54878","-433","-2378.5400390625","3","3000","6000000","90000","12514","12514","0","2903","1336","1486"
"506","ALIGN_HOLD","54879","-432","-2373.046875","1","1000","-2000000","90000","12515","12515","0","2903","1336","1396"
"507","ALIGN_HOLD","54876","-435","-2389.5263671875","-3","-3000","-4000000","90000","12516","12516","0","2903","1336","1306"
"508","ALIGN_HOLD","54875","-436","-2395.01953125","-1","-1000","2000000","90000","12517","12517","0","2903","1336","1216"
"509","ALIGN_HOLD","54874","-437","-2400.5126953125","-1","-1000","0","90000","12518","12518","0","2903","1336","1126"
"510","ALIGN_HOLD","54878","-433","-2378.5400390625","4","4000","5000000","90000","12519","12519","0","2903","1336","1036"
"511","ALIGN_HOLD","54878","-433","-2378.5400390625","0","0","-4000000","90000","12520","12520","0","2903","1336","946"
"512","ALIGN_HOLD","54876","-435","-2389.5263671875","-2","-2000","-2000000","90000","12521","12521","0","2903","1336","856"
"513","ALIGN_HOLD","54875","-436","-2395.01953125","-1","-1000","1000000","90000","12522","12522","0","2903","1336","766"
"514","ALIGN_HOLD","54877","-434","-2384.033203125","2","2000","3000000","90000","12523","12523","0","2903","1336","676"
"515","ALIGN_HOLD","54878","-433","-2378.5400390625","1","1000","-1000000","90000","12524","12524","0","2903","1336","586"
"516","ALIGN_HOLD","54876","-435","-2389.5263671875","-2","-2000","-3000000","90000","12525","12525","0","2903","1336","496"
"517","ALIGN_HOLD","54878","-433","-2378.5400390625","2","2000","4000000","90000","12526","12526","0","2903","1336","406"
"518","ALIGN_HOLD","54874","-437","-2400.5126953125","-4","-4000","-6000000","90000","12527","12527","0","2903","1336","316"
"519","ALIGN_HOLD","54875","-436","-2395.01953125","1","1000","5000000","90000","12528","12528","0","2903","1336","226"
"520","ALIGN_HOLD","54879","-432","-2373.046875","4","4000","3000000","90000","12529","12529","0","2903","1336","136"
"521","ALIGN_HOLD","54878","-433","-2378.5400390625","-1","-1000","-5000000","90000","12530","12530","0","2903","1336","46"
"522","ALIGN_HOLD","54876","-435","-2389.5263671875","-2","-2000","-1000000","90000","12531","12531","0","2903","1336","2111"
"523","ALIGN_HOLD","54877","-434","-2384.033203125","1","1000","3000000","90000","12532","12532","0","2903","1336","2021"
"524","ALIGN_HOLD","54876","-435","-2389.5263671875","-1","-1000","-2000000","90000","12533","12533","0","2903","1336","1931"
"525","ALIGN_HOLD","54874","-437","-2400.5126953125","-2","-2000","-1000000","90000","12534","12534","0","2903","1336","1841"
"526","ALIGN_HOLD","54875","-436","-2395.01953125","1","1000","3000000","90000","12535","12535","0","2903","1336","1751"
"527","ALIGN_HOLD","54877","-434","-2384.033203125","2","2000","1000000","90000","12536","12536","0","2903","1336","1661"
"528","ALIGN_HOLD","54878","-433","-2378.5400390625","1","1000","-1000000","90000","12537","12537","0","2903","1336","1571"
"529","ALIGN_HOLD","54875","-436","-2395.01953125","-3","-3000","-4000000","90000","12538","12538","0","2903","1336","1481"
"530","ALIGN_HOLD","54876","-435","-2389.5263671875","1","1000","4000000","90000","12539","12539","0","2903","1336","1391"
"531","ALIGN_HOLD","54876","-435","-2389.5263671875","0","0","-1000000","90000","12540","12540","0","2903","1336","1301"
"532","ALIGN_HOLD","54875","-436","-2395.01953125","-1","-1000","-1000000","90000","12541","12541","0","2903","1336","1211"
"533","ALIGN_HOLD","54876","-435","-2389.5263671875","1","1000","2000000","90000","12542","12542","0","2903","1336","1121"
"534","ALIGN_HOLD","54878","-433","-2378.5400390625","2","2000","1000000","90000","12543","12543","0","2903","1336","1031"
"535","ALIGN_HOLD","54874","-437","-2400.5126953125","-4","-4000","-6000000","90000","12544","12544","0","2903","1336","941"
"536","ALIGN_HOLD","54876","-435","-2389.5263671875","2","2000","6000000","90000","12545","12545","0","2903","1336","851"
"537","ALIGN_HOLD","54876","-435","-2389.5263671875","0","0","-2000000","90000","12546","12546","0","2903","1336","761"
"538","ALIGN_HOLD","54874","-437","-2400.5126953125","-2","-2000","-2000000","90000","12547","12547","0","2903","1336","671"
"539","ALIGN_HOLD","54876","-435","-2389.5263671875","2","2000","4000000","90000","12548","12548","0","2903","1336","581"
"540","ALIGN_HOLD","54877","-434","-2384.033203125","1","1000","-1000000","90000","12549","12549","0","2903","1336","491"
"541","ALIGN_HOLD","54875","-436","-2395.01953125","-2","-2000","-3000000","90000","12550","12550","0","2903","1336","401"
"542","ALIGN_HOLD","54878","-433","-2378.5400390625","3","3000","5000000","90000","12551","12551","0","2903","1336","311"
"543","ALIGN_HOLD","54877","-434","-2384.033203125","-1","-1000","-4000000","90000","12552","12552","0","2903","1336","221"
"544","ALIGN_HOLD","54875","-436","-2395.01953125","-2","-2000","-1000000","90000","12553","12553","0","2903","1336","131"
"545","ALIGN_HOLD","54876","-435","-2389.5263671875","1","1000","3000000","90000","12554","12554","0","2903","1336","41"
"546","ALIGN_HOLD","54873","-438","-2406.005859375","-3","-3000","-4000000","90000","12555","12555","0","2903","1336","2106"
"547","ALIGN_HOLD","54874","-437","-2400.5126953125","1","1000","4000000","90000","12556","12556","0","2903","1336","2016"
"548","ALIGN_HOLD","54878","-433","-2378.5400390625","4","4000","3000000","90000","12557","12557","0","2903","1336","1926"
"549","ALIGN_HOLD","54875","-436","-2395.01953125","-3","-3000","-7000000","90000","12558","12558","0","2903","1336","1836"
"550","ALIGN_HOLD","54877","-434","-2384.033203125","2","2000","5000000","90000","12559","12559","0","2903","1336","1746"
"551","ALIGN_HOLD","54874","-437","-2400.5126953125","-3","-3000","-5000000","90000","12560","12560","0","2903","1336","1656"
"552","ALIGN_HOLD","54877","-434","-2384.033203125","3","3000","6000000","90000","12561","12561","0","2903","1336","1566"
"553","ALIGN_HOLD","54878","-433","-2378.5400390625","1","1000","-2000000","90000","12562","12562","0","2903","1336","1476"
"554","ALIGN_HOLD","54878","-433","-2378.5400390625","0","0","-1000000","90000","12563","12563","0","2903","1336","1386"
"555","ALIGN_HOLD","54874","-437","-2400.5126953125","-4","-4000","-4000000","90000","12564","12564","0","2903","1336","1296"
"556","ALIGN_HOLD","54874","-437","-2400.5126953125","0","0","4000000","90000","12565","12565","0","2903","1336","1206"
"557","ALIGN_HOLD","54873","-438","-2406.005859375","-1","-1000","-1000000","90000","12566","12566","0","2903","1336","1116"
"558","ALIGN_HOLD","54876","-435","-2389.5263671875","3","3000","4000000","90000","12567","12567","0","2903","1336","1026"
"559","ALIGN_HOLD","54874","-437","-2400.5126953125","-2","-2000","-5000000","90000","12568","12568","0","2903","1336","936"
"560","ALIGN_HOLD","54878","-433","-2378.5400390625","4","4000","6000000","90000","12569","12569","0","2903","1336","846"
"561","ALIGN_HOLD","54880","-431","-2367.5537109375","2","2000","-2000000","90000","12570","12570","0","2903","1336","756"
"562","ALIGN_HOLD","54875","-436","-2395.01953125","-5","-5000","-7000000","90000","12571","12571","0","2903","1336","666"
"563","ALIGN_HOLD","54875","-436","-2395.01953125","0","0","5000000","90000","12572","12572","0","2903","1336","576"
"564","ALIGN_HOLD","54871","-440","-2416.9921875","-4","-4000","-4000000","90000","12573","12573","0","2903","1336","486"
"565","ALIGN_HOLD","54876","-435","-2389.5263671875","5","5000","9000000","90000","12574","12574","0","2903","1336","396"
"566","ALIGN_HOLD","54879","-432","-2373.046875","3","3000","-2000000","90000","12575","12575","0","2903","1336","306"
"567","ALIGN_HOLD","54876","-435","-2389.5263671875","-3","-3000","-6000000","90000","12576","12576","0","2903","1336","216"
"568","ALIGN_HOLD","54874","-437","-2400.5126953125","-2","-2000","1000000","90000","12577","12577","0","2903","1336","126"
"569","ALIGN_HOLD","54876","-435","-2389.5263671875","2","2000","4000000","90000","12578","12578","0","2903","1336","36"
"570","ALIGN_HOLD","54877","-434","-2384.033203125","1","1000","-1000000","90000","12579","12579","0","2903","1336","2101"
"571","ALIGN_HOLD","54876","-435","-2389.5263671875","-1","-1000","-2000000","90000","12580","12580","0","2903","1336","2011"
"572","ALIGN_HOLD","54875","-436","-2395.01953125","-1","-1000","0","90000","12581","12581","0","2903","1336","1921"
"573","ALIGN_HOLD","54880","-431","-2367.5537109375","5","5000","6000000","90000","12582","12582","0","2903","1336","1831"
"574","ALIGN_HOLD","54878","-433","-2378.5400390625","-2","-2000","-7000000","90000","12583","12583","0","2903","1336","1741"
"575","ALIGN_HOLD","54877","-434","-2384.033203125","-1","-1000","1000000","90000","12584","12584","0","2903","1336","1651"
"576","ALIGN_HOLD","54877","-434","-2384.033203125","0","0","1000000","90000","12585","12585","0","2903","1336","1561"
"577","ALIGN_HOLD","54876","-435","-2389.5263671875","-1","-1000","-1000000","90000","12586","12586","0","2903","1336","1471"
"578","ALIGN_HOLD","54873","-438","-2406.005859375","-3","-3000","-2000000","90000","12587","12587","0","2903","1336","1381"
"579","ALIGN_HOLD","54875","-436","-2395.01953125","2","2000","5000000","90000","12588","12588","0","2903","1336","1291"
"580","ALIGN_HOLD","54875","-436","-2395.01953125","0","0","-2000000","90000","12589","12589","0","2903","1336","1201"
"581","ALIGN_HOLD","54875","-436","-2395.01953125","0","0","0","90000","12590","12590","0","2903","1336","1111"
"582","ALIGN_HOLD","54875","-436","-2395.01953125","0","0","0","90000","12591","12591","0","2903","1336","1021"
"583","ALIGN_HOLD","54874","-437","-2400.5126953125","-1","-1000","-1000000","90000","12592","12592","0","2903","1336","931"
"584","ALIGN_HOLD","54875","-436","-2395.01953125","1","1000","2000000","90000","12593","12593","0","2903","1336","841"
"585","ALIGN_HOLD","54878","-433","-2378.5400390625","3","3000","2000000","90000","12594","12594","0","2903","1336","751"
"586","ALIGN_HOLD","54872","-439","-2411.4990234375","-6","-6000","-9000000","90000","12595","12595","0","2903","1336","661"
"587","ALIGN_HOLD","54878","-433","-2378.5400390625","6","6000","12000000","90000","12596","12596","0","2903","1336","571"
"588","ALIGN_HOLD","54875","-436","-2395.01953125","-3","-3000","-9000000","90000","12597","12597","0","2903","1336","481"
"589","ALIGN_HOLD","54879","-432","-2373.046875","4","4000","7000000","90000","12598","12598","0","2903","1336","391"
"590","ALIGN_HOLD","54874","-437","-2400.5126953125","-5","-5000","-9000000","90000","12599","12599","0","2903","1336","301"
"591","ALIGN_HOLD","54876","-435","-2389.5263671875","2","2000","7000000","90000","12600","12600","0","2903","1336","211"
"592","ALIGN_HOLD","54878","-433","-2378.5400390625","2","2000","0","90000","12601","12601","0","2903","1336","121"
"593","ALIGN_HOLD","54876","-435","-2389.5263671875","-2","-2000","-4000000","90000","12602","12602","0","2903","1336","31"
"594","ALIGN_HOLD","54874","-437","-2400.5126953125","-2","-2000","0","90000","12603","12603","0","2903","1336","2096"
"595","ALIGN_HOLD","54877","-434","-2384.033203125","3","3000","5000000","90000","12604","12604","0","2903","1336","2006"
"596","ALIGN_HOLD","54880","-431","-2367.5537109375","3","3000","0","90000","12605","12605","0","2903","1336","1916"
"597","ALIGN_HOLD","54872","-439","-2411.4990234375","-8","-8000","-11000000","90000","12606","12606","0","2903","1336","1826"
"598","ALIGN_HOLD","54877","-434","-2384.033203125","5","5000","13000000","90000","12607","12607","0","2903","1336","1736"
"599","ALIGN_HOLD","54875","-436","-2395.01953125","-2","-2000","-7000000","90000","12608","12608","0","2903","1336","1646"
"600","ALIGN_HOLD","54876","-435","-2389.5263671875","1","1000","3000000","90000","12609","12609","0","2903","1336","1622"
"601","ALIGN_HOLD","54876","-435","-2389.5263671875","0","0","-1000000","90000","12610","12610","0","2903","1336","1466"
"602","ALIGN_HOLD","54875","-436","-2395.01953125","-1","-1000","-1000000","90000","12611","12611","0","2903","1336","1376"
"603","ALIGN_HOLD","54878","-433","-2378.5400390625","3","3000","4000000","90000","12612","12612","0","2903","1336","1286"
"604","ALIGN_HOLD","54878","-433","-2378.5400390625","0","0","-3000000","90000","12613","12613","0","2903","1336","1196"
"605","ALIGN_HOLD","54875","-436","-2395.01953125","-3","-3000","-3000000","90000","12614","12614","0","2903","1336","1106"
"606","ALIGN_HOLD","54878","-433","-2378.5400390625","3","3000","6000000","90000","12615","12615","0","2903","1336","1016"
"607","ALIGN_HOLD","54876","-435","-2389.5263671875","-2","-2000","-5000000","90000","12616","12616","0","2903","1336","926"
"608","ALIGN_HOLD","54877","-434","-2384.033203125","1","1000","3000000","90000","12617","12617","0","2903","1336","836"
"609","ALIGN_HOLD","54876","-435","-2389.5263671875","-1","-1000","-2000000","90000","12618","12618","0","2903","1336","746"
"610","ALIGN_HOLD","54879","-432","-2373.046875","3","3000","4000000","90000","12619","12619","0","2903","1336","656"
"611","ALIGN_HOLD","54877","-434","-2384.033203125","-2","-2000","-5000000","90000","12620","12620","0","2903","1336","566"
"612","ALIGN_HOLD","54879","-432","-2373.046875","2","2000","4000000","90000","12621","12621","0","2903","1336","476"
"613","ALIGN_HOLD","54878","-433","-2378.5400390625","-1","-1000","-3000000","90000","12622","12622","0","2903","1336","386"
"614","ALIGN_HOLD","54878","-433","-2378.5400390625","0","0","1000000","90000","12623","12623","0","2903","1336","296"
"615","ALIGN_HOLD","54876","-435","-2389.5263671875","-2","-2000","-2000000","90000","12624","12624","0","2903","1336","206"
"616","ALIGN_HOLD","54875","-436","-2395.01953125","-1","-1000","1000000","90000","12625","12625","0","2903","1336","116"
"617","ALIGN_HOLD","54873","-438","-2406.005859375","-2","-2000","-1000000","90000","12626","12626","0","2903","1336","26"
"618","ALIGN_HOLD","54877","-434","-2384.033203125","4","4000","6000000","90000","12627","12627","0","2903","1336","2091"
"619","ALIGN_HOLD","54874","-437","-2400.5126953125","-3","-3000","-7000000","90000","12628","12628","0","2903","1336","2001"
"620","ALIGN_HOLD","54880","-431","-2367.5537109375","6","6000","9000000","90000","12629","12629","0","2903","1336","1911"
"621","ALIGN_HOLD","54876","-435","-2389.5263671875","-4","-4000","-10000000","90000","12630","12630","0","2903","1336","1821"
"622","ALIGN_HOLD","54875","-436","-2395.01953125","-1","-1000","3000000","90000","12631","12631","0","2903","1336","1731"
"623","ALIGN_HOLD","54877","-434","-2384.033203125","2","2000","3000000","90000","12632","12632","0","2903","1336","1641"
"624","ALIGN_HOLD","54877","-434","-2384.033203125","0","0","-2000000","90000","12633","12633","0","2903","1336","1551"
"625","ALIGN_HOLD","54877","-434","-2384.033203125","0","0","0","90000","12634","12634","0","2903","1336","1461"
"626","ALIGN_HOLD","54880","-431","-2367.5537109375","3","3000","3000000","90000","12635","12635","0","2903","1336","1371"
"627","ALIGN_HOLD","54877","-434","-2384.033203125","-3","-3000","-6000000","90000","12636","12636","0","2903","1336","1281"
"628","ALIGN_HOLD","54877","-434","-2384.033203125","0","0","3000000","90000","12637","12637","0","2903","1336","1191"
"629","ALIGN_HOLD","54875","-436","-2395.01953125","-2","-2000","-2000000","90000","12638","12638","0","2903","1336","1101"
"630","ALIGN_HOLD","54876","-435","-2389.5263671875","1","1000","3000000","90000","12639","12639","0","2903","1336","1011"
"631","ALIGN_HOLD","54877","-434","-2384.033203125","1","1000","0","90000","12640","12640","0","2903","1336","921"
"632","ALIGN_HOLD","54874","-437","-2400.5126953125","-3","-3000","-4000000","90000","12641","12641","0","2903","1336","831"
"633","ALIGN_HOLD","54877","-434","-2384.033203125","3","3000","6000000","90000","12642","12642","0","2903","1336","741"
"634","ALIGN_HOLD","54876","-435","-2389.5263671875","-1","-1000","-4000000","90000","12643","12643","0","2903","1336","651"
"635","ALIGN_HOLD","54879","-432","-2373.046875","3","3000","4000000","90000","12644","12644","0","2903","1336","561"
"636","ALIGN_HOLD","54879","-432","-2373.046875","0","0","-3000000","90000","12645","12645","0","2903","1336","471"
"637","ALIGN_HOLD","54876","-435","-2389.5263671875","-3","-3000","-3000000","90000","12646","12646","0","2903","1336","381"
"638","ALIGN_HOLD","54875","-436","-2395.01953125","-1","-1000","2000000","90000","12647","12647","0","2903","1336","291"
"639","ALIGN_HOLD","54873","-438","-2406.005859375","-2","-2000","-1000000","90000","12648","12648","0","2903","1336","201"
"640","ALIGN_HOLD","54878","-433","-2378.5400390625","5","5000","7000000","90000","12649","12649","0","2903","1336","111"
"641","ALIGN_HOLD","54873","-438","-2406.005859375","-5","-5000","-10000000","90000","12650","12650","0","2903","1336","21"
"642","ALIGN_HOLD","54876","-435","-2389.5263671875","3","3000","8000000","90000","12651","12651","0","2903","1336","2086"
"643","ALIGN_HOLD","54878","-433","-2378.5400390625","2","2000","-1000000","90000","12652","12652","0","2903","1336","1996"
"644","ALIGN_HOLD","54875","-436","-2395.01953125","-3","-3000","-5000000","90000","12653","12653","0","2903","1336","1906"
"645","ALIGN_HOLD","54878","-433","-2378.5400390625","3","3000","6000000","90000","12654","12654","0","2903","1336","1816"
"646","ALIGN_HOLD","54875","-436","-2395.01953125","-3","-3000","-6000000","90000","12655","12655","0","2903","1336","1726"
"647","ALIGN_HOLD","54876","-435","-2389.5263671875","1","1000","4000000","90000","12656","12656","0","2903","1336","1636"
"648","ALIGN_HOLD","54878","-433","-2378.5400390625","2","2000","1000000","90000","12657","12657","0","2903","1336","1546"
"649","ALIGN_HOLD","54876","-435","-2389.5263671875","-2","-2000","-4000000","90000","12658","12658","0","2903","1336","1456"
"650","ALIGN_HOLD","54876","-435","-2389.5263671875","0","0","2000000","90000","12659","12659","0","2903","1336","1366"
"651","ALIGN_HOLD","54875","-436","-2395.01953125","-1","-1000","-1000000","90000","12660","12660","0","2903","1336","1276"
"652","ALIGN_HOLD","54875","-436","-2395.01953125","0","0","1000000","90000","12661","12661","0","2903","1336","1186"
"653","ALIGN_HOLD","54877","-434","-2384.033203125","2","2000","2000000","90000","12662","12662","0","2903","1336","1096"
"654","ALIGN_HOLD","54876","-435","-2389.5263671875","-1","-1000","-3000000","90000","12663","12663","0","2903","1336","1006"
"655","ALIGN_HOLD","54875","-436","-2395.01953125","-1","-1000","0","90000","12664","12664","0","2903","1336","916"
"656","ALIGN_HOLD","54876","-435","-2389.5263671875","1","1000","2000000","90000","12665","12665","0","2903","1336","826"
"657","ALIGN_HOLD","54880","-431","-2367.5537109375","4","4000","3000000","90000","12666","12666","0","2903","1336","736"
"658","ALIGN_HOLD","54884","-427","-2345.5810546875","4","4000","0","90000","12667","12667","0","2903","1336","646"
"659","ALIGN_HOLD","54880","-431","-2367.5537109375","-4","-4000","-8000000","90000","12668","12668","0","2903","1336","556"
"660","ALIGN_HOLD","54875","-436","-2395.01953125","-5","-5000","-1000000","90000","12669","12669","0","2903","1336","466"
"661","ALIGN_HOLD","54879","-432","-2373.046875","4","4000","9000000","90000","12670","12670","0","2903","1336","376"
"662","ALIGN_HOLD","54874","-437","-2400.5126953125","-5","-5000","-9000000","90000","12671","12671","0","2903","1336","286"
"663","ALIGN_HOLD","54878","-433","-2378.5400390625","4","4000","9000000","90000","12672","12672","0","2903","1336","196"
"664","ALIGN_HOLD","54876","-435","-2389.5263671875","-2","-2000","-6000000","90000","12673","12673","0","2903","1336","106"
"665","ALIGN_HOLD","54876","-435","-2389.5263671875","0","0","2000000","90000","12674","12674","0","2903","1336","16"
"666","ALIGN_HOLD","54876","-435","-2389.5263671875","0","0","0","90000","12675","12675","0","2903","1336","2081"
"667","ALIGN_HOLD","54875","-436","-2395.01953125","-1","-1000","-1000000","90000","12676","12676","0","2903","1336","1991"
"668","ALIGN_HOLD","54873","-438","-2406.005859375","-2","-2000","-1000000","90000","12677","12677","0","2903","1336","1901"
"669","ALIGN_HOLD","54876","-435","-2389.5263671875","3","3000","5000000","90000","12678","12678","0","2903","1336","1811"
"670","ALIGN_HOLD","54881","-430","-2362.060546875","5","5000","2000000","90000","12679","12679","0","2903","1336","1721"
"671","ALIGN_HOLD","54875","-436","-2395.01953125","-6","-6000","-11000000","90000","12680","12680","0","2903","1336","1631"
"672","ALIGN_HOLD","54876","-435","-2389.5263671875","1","1000","7000000","90000","12681","12681","0","2903","1336","1541"
"673","ALIGN_HOLD","54876","-435","-2389.5263671875","0","0","-1000000","90000","12682","12682","0","2903","1336","1451"
"674","ALIGN_HOLD","54876","-435","-2389.5263671875","0","0","0","90000","12683","12683","0","2903","1336","1361"
"675","ALIGN_HOLD","54875","-436","-2395.01953125","-1","-1000","-1000000","90000","12684","12684","0","2903","1336","1271"
"676","ALIGN_HOLD","54874","-437","-2400.5126953125","-1","-1000","0","90000","12685","12685","0","2903","1336","1181"
"677","ALIGN_HOLD","54872","-439","-2411.4990234375","-2","-2000","-1000000","90000","12686","12686","0","2903","1336","1091"
"678","ALIGN_HOLD","54873","-438","-2406.005859375","1","1000","3000000","90000","12687","12687","0","2903","1336","1001"
"679","ALIGN_HOLD","54878","-433","-2378.5400390625","5","5000","4000000","90000","12688","12688","0","2903","1336","911"
"680","ALIGN_HOLD","54874","-437","-2400.5126953125","-4","-4000","-9000000","90000","12689","12689","0","2903","1336","821"
"681","ALIGN_HOLD","54877","-434","-2384.033203125","3","3000","7000000","90000","12690","12690","0","2903","1336","731"
"682","ALIGN_HOLD","54874","-437","-2400.5126953125","-3","-3000","-6000000","90000","12691","12691","0","2903","1336","641"
"683","ALIGN_HOLD","54878","-433","-2378.5400390625","4","4000","7000000","90000","12692","12692","0","2903","1336","551"
"684","ALIGN_HOLD","54877","-434","-2384.033203125","-1","-1000","-5000000","90000","12693","12693","0","2903","1336","461"
"685","ALIGN_HOLD","54876","-435","-2389.5263671875","-1","-1000","0","90000","12694","12694","0","2903","1336","371"
"686","ALIGN_HOLD","54877","-434","-2384.033203125","1","1000","2000000","90000","12695","12695","0","2903","1336","281"
"687","ALIGN_HOLD","54875","-436","-2395.01953125","-2","-2000","-3000000","90000","12696","12696","0","2903","1336","191"
"688","ALIGN_HOLD","54874","-437","-2400.5126953125","-1","-1000","1000000","90000","12697","12697","0","2903","1336","101"
"689","ALIGN_HOLD","54872","-439","-2411.4990234375","-2","-2000","-1000000","90000","12698","12698","0","2903","1336","11"
"690","ALIGN_HOLD","54875","-436","-2395.01953125","3","3000","5000000","90000","12699","12699","0","2903","1336","2076"
"691","ALIGN_HOLD","54876","-435","-2389.5263671875","1","1000","-2000000","90000","12700","12700","0","2903","1336","1986"
"692","ALIGN_HOLD","54876","-435","-2389.5263671875","0","0","-1000000","90000","12701","12701","0","2903","1336","1896"
"693","ALIGN_HOLD","54875","-436","-2395.01953125","-1","-1000","-1000000","90000","12702","12702","0","2903","1336","1806"
"694","ALIGN_HOLD","54876","-435","-2389.5263671875","1","1000","2000000","90000","12703","12703","0","2903","1336","1716"
"695","ALIGN_HOLD","54875","-436","-2395.01953125","-1","-1000","-2000000","90000","12704","12704","0","2903","1336","1626"
"696","ALIGN_HOLD","54875","-436","-2395.01953125","0","0","1000000","90000","12705","12705","0","2903","1336","1536"
"697","ALIGN_HOLD","54876","-435","-2389.5263671875","1","1000","1000000","90000","12706","12706","0","2903","1336","1446"
"698","ALIGN_HOLD","54877","-434","-2384.033203125","1","1000","0","90000","12707","12707","0","2903","1336","1356"
"699","ALIGN_HOLD","54872","-439","-2411.4990234375","-5","-5000","-6000000","90000","12708","12708","0","2903","1336","1266"
"700","ALIGN_HOLD","54875","-436","-2395.01953125","3","3000","8000000","90000","12709","12709","0","2903","1336","1176"
"701","ALIGN_HOLD","54877","-434","-2384.033203125","2","2000","-1000000","90000","12710","12710","0","2903","1336","1086"
"702","ALIGN_HOLD","54880","-431","-2367.5537109375","3","3000","1000000","90000","12711","12711","0","2903","1336","996"
"703","ALIGN_HOLD","54871","-440","-2416.9921875","-9","-9000","-12000000","90000","12712","12712","0","2903","1336","906"
"704","ALIGN_HOLD","54877","-434","-2384.033203125","6","6000","15000000","90000","12713","12713","0","2903","1336","816"
"705","ALIGN_HOLD","54873","-438","-2406.005859375","-4","-4000","-10000000","90000","12714","12714","0","2903","1336","726"
"706","ALIGN_HOLD","54877","-434","-2384.033203125","4","4000","8000000","90000","12715","12715","0","2903","1336","636"
"707","ALIGN_HOLD","54877","-434","-2384.033203125","0","0","-4000000","90000","12716","12716","0","2903","1336","546"
"708","ALIGN_HOLD","54873","-438","-2406.005859375","-4","-4000","-4000000","90000","12717","12717","0","2903","1336","456"
"709","ALIGN_HOLD","54876","-435","-2389.5263671875","3","3000","7000000","90000","12718","12718","0","2903","1336","366"
"710","ALIGN_HOLD","54874","-437","-2400.5126953125","-2","-2000","-5000000","90000","12719","12719","0","2903","1336","276"
"711","ALIGN_HOLD","54874","-437","-2400.5126953125","0","0","2000000","90000","12720","12720","0","2903","1336","186"
"712","ALIGN_HOLD","54881","-430","-2362.060546875","7","7000","7000000","90000","12721","12721","0","2903","1336","96"
"713","ALIGN_HOLD","54879","-432","-2373.046875","-2","-2000","-9000000","90000","12722","12722","0","2903","1336","6"
"714","ALIGN_HOLD","54874","-437","-2400.5126953125","-5","-5000","-3000000","90000","12723","12723","0","2903","1336","2071"
"715","ALIGN_HOLD","54875","-436","-2395.01953125","1","1000","6000000","90000","12724","12724","0","2903","1336","1981"
"716","ALIGN_HOLD","54877","-434","-2384.033203125","2","2000","1000000","90000","12725","12725","0","2903","1336","1891"
"717","ALIGN_HOLD","54877","-434","-2384.033203125","0","0","-2000000","90000","12726","12726","0","2903","1336","1801"
"718","ALIGN_HOLD","54874","-437","-2400.5126953125","-3","-3000","-3000000","90000","12727","12727","0","2903","1336","1711"
"719","ALIGN_HOLD","54875","-436","-2395.01953125","1","1000","4000000","90000","12728","12728","0","2903","1336","1621"
"720","ALIGN_HOLD","54875","-436","-2395.01953125","0","0","-1000000","90000","12729","12729","0","2903","1336","1531"
"721","ALIGN_HOLD","54876","-435","-2389.5263671875","1","1000","1000000","90000","12730","12730","0","2903","1336","1441"
"722","ALIGN_HOLD","54874","-437","-2400.5126953125","-2","-2000","-3000000","90000","12731","12731","0","2903","1336","1351"
"723","ALIGN_HOLD","54878","-433","-2378.5400390625","4","4000","6000000","90000","12732","12732","0","2903","1336","1261"
"724","ALIGN_HOLD","54874","-437","-2400.5126953125","-4","-4000","-8000000","90000","12733","12733","0","2903","1336","1171"
"725","ALIGN_HOLD","54876","-435","-2389.5263671875","2","2000","6000000","90000","12734","12734","0","2903","1336","1081"
"726","ALIGN_HOLD","54876","-435","-2389.5263671875","0","0","-2000000","90000","12735","12735","0","2903","1336","991"
"727","ALIGN_HOLD","54876","-435","-2389.5263671875","0","0","0","90000","12736","12736","0","2903","1336","901"
"728","ALIGN_HOLD","54876","-435","-2389.5263671875","0","0","0","90000","12737","12737","0","2903","1336","811"
"729","ALIGN_HOLD","54874","-437","-2400.5126953125","-2","-2000","-2000000","90000","12738","12738","0","2903","1336","721"
"730","ALIGN_HOLD","54879","-432","-2373.046875","5","5000","7000000","90000","12739","12739","0","2903","1336","631"
"731","ALIGN_HOLD","54877","-434","-2384.033203125","-2","-2000","-7000000","90000","12740","12740","0","2903","1336","541"
"732","ALIGN_HOLD","54878","-433","-2378.5400390625","1","1000","3000000","90000","12741","12741","0","2903","1336","451"
"733","ALIGN_HOLD","54875","-436","-2395.01953125","-3","-3000","-4000000","90000","12742","12742","0","2903","1336","361"
"734","ALIGN_HOLD","54877","-434","-2384.033203125","2","2000","5000000","90000","12743","12743","0","2903","1336","271"
"735","ALIGN_HOLD","54877","-434","-2384.033203125","0","0","-2000000","90000","12744","12744","0","2903","1336","181"
"736","ALIGN_HOLD","54881","-430","-2362.060546875","4","4000","4000000","90000","12745","12745","0","2903","1336","91"
"737","ALIGN_HOLD","54879","-432","-2373.046875","-2","-2000","-6000000","90000","12746","12746","0","2903","1336","1"
"738","ALIGN_HOLD","54877","-434","-2384.033203125","-2","-2000","0","90000","12747","12747","0","2903","1336","2066"
"739","ALIGN_HOLD","54875","-436","-2395.01953125","-2","-2000","0","90000","12748","12748","0","2903","1336","1976"
"740","ALIGN_HOLD","54875","-436","-2395.01953125","0","0","2000000","90000","12749","12749","0","2903","1336","1886"
"741","ALIGN_HOLD","54877","-434","-2384.033203125","2","2000","2000000","90000","12750","12750","0","2903","1336","1796"
"742","ALIGN_HOLD","54877","-434","-2384.033203125","0","0","-2000000","90000","12751","12751","0","2903","1336","1706"
"743","ALIGN_HOLD","54875","-436","-2395.01953125","-2","-2000","-2000000","90000","12752","12752","0","2903","1336","1616"
"744","ALIGN_HOLD","54877","-434","-2384.033203125","2","2000","4000000","90000","12753","12753","0","2903","1336","1526"
"745","ALIGN_HOLD","54876","-435","-2389.5263671875","-1","-1000","-3000000","90000","12754","12754","0","2903","1336","1436"
"746","ALIGN_HOLD","54879","-432","-2373.046875","3","3000","4000000","90000","12755","12755","0","2903","1336","1346"
"747","ALIGN_HOLD","54874","-437","-2400.5126953125","-5","-5000","-8000000","90000","12756","12756","0","2903","1336","1256"
"748","ALIGN_HOLD","54872","-439","-2411.4990234375","-2","-2000","3000000","90000","12757","12757","0","2903","1336","1166"
"749","ALIGN_HOLD","54877","-434","-2384.033203125","5","5000","7000000","90000","12758","12758","0","2903","1336","1076"
"750","ALIGN_HOLD","54873","-438","-2406.005859375","-4","-4000","-9000000","90000","12759","12759","0","2903","1336","986"
"751","ALIGN_HOLD","54874","-437","-2400.5126953125","1","1000","5000000","90000","12760","12760","0","2903","1336","896"
"752","ALIGN_HOLD","54873","-438","-2406.005859375","-1","-1000","-2000000","90000","12761","12761","0","2903","1336","806"
"753","ALIGN_HOLD","54876","-435","-2389.5263671875","3","3000","4000000","90000","12762","12762","0","2903","1336","716"
"754","ALIGN_HOLD","54873","-438","-2406.005859375","-3","-3000","-6000000","90000","12763","12763","0","2903","1336","626"
"755","ALIGN_HOLD","54875","-436","-2395.01953125","2","2000","5000000","90000","12764","12764","0","2903","1336","536"
"756","ALIGN_HOLD","54879","-432","-2373.046875","4","4000","2000000","90000","12765","12765","0","2903","1336","446"
"757","ALIGN_HOLD","54876","-435","-2389.5263671875","-3","-3000","-7000000","90000","12766","12766","0","2903","1336","356"
"758","ALIGN_HOLD","54879","-432","-2373.046875","3","3000","6000000","90000","12767","12767","0","2903","1336","266"
"759","ALIGN_HOLD","54877","-434","-2384.033203125","-2","-2000","-5000000","90000","12768","12768","0","2903","1336","176"
"760","ALIGN_HOLD","54875","-436","-2395.01953125","-2","-2000","0","90000","12769","12769","0","2903","1336","86"
"761","ALIGN_HOLD","54880","-431","-2367.5537109375","5","5000","7000000","90000","12770","12770","0","2903","1336","2151"
"762","ALIGN_HOLD","54878","-433","-2378.5400390625","-2","-2000","-7000000","90000","12771","12771","0","2903","1336","2061"
"763","ALIGN_HOLD","54876","-435","-2389.5263671875","-2","-2000","0","90000","12772","12772","0","2903","1336","1971"
"764","ALIGN_HOLD","54873","-438","-2406.005859375","-3","-3000","-1000000","90000","12773","12773","0","2903","1336","1881"
"765","ALIGN_HOLD","54877","-434","-2384.033203125","4","4000","7000000","90000","12774","12774","0","2903","1336","1791"
"766","ALIGN_HOLD","54873","-438","-2406.005859375","-4","-4000","-8000000","90000","12775","12775","0","2903","1336","1701"
"767","ALIGN_HOLD","54875","-436","-2395.01953125","2","2000","6000000","90000","12776","12776","0","2903","1336","1611"
"768","ALIGN_HOLD","54873","-438","-2406.005859375","-2","-2000","-4000000","90000","12777","12777","0","2903","1336","1521"
"769","ALIGN_HOLD","54874","-437","-2400.5126953125","1","1000","3000000","90000","12778","12778","0","2903","1336","1431"
"770","ALIGN_HOLD","54879","-432","-2373.046875","5","5000","4000000","90000","12779","12779","0","2903","1336","1341"
"771","ALIGN_HOLD","54874","-437","-2400.5126953125","-5","-5000","-10000000","90000","12780","12780","0","2903","1336","1251"
"772","ALIGN_HOLD","54876","-435","-2389.5263671875","2","2000","7000000","90000","12781","12781","0","2903","1336","1161"
"773","ALIGN_HOLD","54878","-433","-2378.5400390625","2","2000","0","90000","12782","12782","0","2903","1336","1071"
"774","ALIGN_HOLD","54874","-437","-2400.5126953125","-4","-4000","-6000000","90000","12783","12783","0","2903","1336","981"
"775","ALIGN_HOLD","54877","-434","-2384.033203125","3","3000","7000000","90000","12784","12784","0","2903","1336","891"
"776","ALIGN_HOLD","54874","-437","-2400.5126953125","-3","-3000","-6000000","90000","12785","12785","0","2903","1336","801"
"777","ALIGN_HOLD","54875","-436","-2395.01953125","1","1000","4000000","90000","12786","12786","0","2903","1336","711"
"778","ALIGN_HOLD","54874","-437","-2400.5126953125","-1","-1000","-2000000","90000","12787","12787","0","2903","1336","621"
"779","ALIGN_HOLD","54876","-435","-2389.5263671875","2","2000","3000000","90000","12788","12788","0","2903","1336","531"
"780","ALIGN_HOLD","54876","-435","-2389.5263671875","0","0","-2000000","90000","12789","12789","0","2903","1336","441"
"781","ALIGN_HOLD","54880","-431","-2367.5537109375","4","4000","4000000","90000","12790","12790","0","2903","1336","351"
"782","ALIGN_HOLD","54877","-434","-2384.033203125","-3","-3000","-7000000","90000","12791","12791","0","2903","1336","261"
"783","ALIGN_HOLD","54876","-435","-2389.5263671875","-1","-1000","2000000","90000","12792","12792","0","2903","1336","171"
"784","ALIGN_HOLD","54878","-433","-2378.5400390625","2","2000","3000000","90000","12793","12793","0","2903","1336","81"
"785","ALIGN_HOLD","54877","-434","-2384.033203125","-1","-1000","-3000000","90000","12794","12794","0","2903","1336","2146"
"786","ALIGN_HOLD","54875","-436","-2395.01953125","-2","-2000","-1000000","90000","12795","12795","0","2903","1336","2056"
"787","ALIGN_HOLD","54875","-436","-2395.01953125","0","0","2000000","90000","12796","12796","0","2903","1336","1966"
"788","ALIGN_HOLD","54874","-437","-2400.5126953125","-1","-1000","-1000000","90000","12797","12797","0","2903","1336","1876"
"789","ALIGN_HOLD","54874","-437","-2400.5126953125","0","0","1000000","90000","12798","12798","0","2903","1336","1786"
"790","ALIGN_HOLD","54876","-435","-2389.5263671875","2","2000","2000000","90000","12799","12799","0","2903","1336","1696"
"791","ALIGN_HOLD","54877","-434","-2384.033203125","1","1000","-1000000","90000","12800","12800","0","2903","1336","1606"
"792","ALIGN_HOLD","54874","-437","-2400.5126953125","-3","-3000","-4000000","90000","12801","12801","0","2903","1336","1516"
"793","ALIGN_HOLD","54879","-432","-2373.046875","5","5000","8000000","90000","12802","12802","0","2903","1336","1426"
"794","ALIGN_HOLD","54878","-433","-2378.5400390625","-1","-1000","-6000000","90000","12803","12803","0","2903","1336","1336"
"795","ALIGN_HOLD","54876","-435","-2389.5263671875","-2","-2000","-1000000","90000","12804","12804","0","2903","1336","1246"
"796","ALIGN_HOLD","54876","-435","-2389.5263671875","0","0","2000000","90000","12805","12805","0","2903","1336","1156"
"797","ALIGN_HOLD","54874","-437","-2400.5126953125","-2","-2000","-2000000","90000","12806","12806","0","2903","1336","1066"
"798","ALIGN_HOLD","54873","-438","-2406.005859375","-1","-1000","1000000","90000","12807","12807","0","2903","1336","976"
"799","ALIGN_HOLD","54875","-436","-2395.01953125","2","2000","3000000","90000","12808","12808","0","2903","1336","886"
"800","ALIGN_HOLD","54875","-436","-2395.01953125","0","0","-2000000","90000","12809","12809","0","2903","1336","862"
"801","ALIGN_HOLD","54876","-435","-2389.5263671875","1","1000","1000000","90000","12810","12810","0","2903","1336","706"
"802","ALIGN_HOLD","54873","-438","-2406.005859375","-3","-3000","-4000000","90000","12811","12811","0","2903","1336","616"
"803","ALIGN_HOLD","54875","-436","-2395.01953125","2","2000","5000000","90000","12812","12812","0","2903","1336","526"
"804","ALIGN_HOLD","54875","-436","-2395.01953125","0","0","-2000000","90000","12813","12813","0","2903","1336","436"
"805","ALIGN_HOLD","54876","-435","-2389.5263671875","1","1000","1000000","90000","12814","12814","0","2903","1336","346"
"806","ALIGN_HOLD","54876","-435","-2389.5263671875","0","0","-1000000","90000","12815","12815","0","2903","1336","256"
"807","ALIGN_HOLD","54876","-435","-2389.5263671875","0","0","0","90000","12816","12816","0","2903","1336","166"
"808","ALIGN_HOLD","54875","-436","-2395.01953125","-1","-1000","-1000000","90000","12817","12817","0","2903","1336","76"
"809","ALIGN_HOLD","54876","-435","-2389.5263671875","1","1000","2000000","90000","12818","12818","0","2903","1336","2141"
"810","ALIGN_HOLD","54875","-436","-2395.01953125","-1","-1000","-2000000","90000","12819","12819","0","2903","1336","2051"
"811","ALIGN_HOLD","54878","-433","-2378.5400390625","3","3000","4000000","90000","12820","12820","0","2903","1336","1961"
"812","ALIGN_HOLD","54876","-435","-2389.5263671875","-2","-2000","-5000000","90000","12821","12821","0","2903","1336","1871"
"813","ALIGN_HOLD","54875","-436","-2395.01953125","-1","-1000","1000000","90000","12822","12822","0","2903","1336","1781"
"814","ALIGN_HOLD","54875","-436","-2395.01953125","0","0","1000000","90000","12823","12823","0","2903","1336","1691"
"815","ALIGN_HOLD","54873","-438","-2406.005859375","-2","-2000","-2000000","90000","12824","12824","0","2903","1336","1601"
"816","ALIGN_HOLD","54875","-436","-2395.01953125","2","2000","4000000","90000","12825","12825","0","2903","1336","1511"
"817","ALIGN_HOLD","54875","-436","-2395.01953125","0","0","-2000000","90000","12826","12826","0","2903","1336","1421"
"818","ALIGN_HOLD","54876","-435","-2389.5263671875","1","1000","1000000","90000","12827","12827","0","2903","1336","1331"
"819","ALIGN_HOLD","54875","-436","-2395.01953125","-1","-1000","-2000000","90000","12828","12828","0","2903","1336","1241"
"820","ALIGN_HOLD","54876","-435","-2389.5263671875","1","1000","2000000","90000","12829","12829","0","2903","1336","1151"
"821","ALIGN_HOLD","54876","-435","-2389.5263671875","0","0","-1000000","90000","12830","12830","0","2903","1336","1061"
"822","ALIGN_HOLD","54873","-438","-2406.005859375","-3","-3000","-3000000","90000","12831","12831","0","2903","1336","971"
"823","ALIGN_HOLD","54876","-435","-2389.5263671875","3","3000","6000000","90000","12832","12832","0","2903","1336","881"
"824","ALIGN_HOLD","54876","-435","-2389.5263671875","0","0","-3000000","90000","12833","12833","0","2903","1336","791"
"825","ALIGN_HOLD","54873","-438","-2406.005859375","-3","-3000","-3000000","90000","12834","12834","0","2903","1336","701"
"826","ALIGN_HOLD","54876","-435","-2389.5263671875","3","3000","6000000","90000","12835","12835","0","2903","1336","611"
"827","ALIGN_HOLD","54877","-434","-2384.033203125","1","1000","-2000000","90000","12836","12836","0","2903","1336","521"
"828","ALIGN_HOLD","54876","-435","-2389.5263671875","-1","-1000","-2000000","90000","12837","12837","0","2903","1336","431"
"829","ALIGN_HOLD","54875","-436","-2395.01953125","-1","-1000","0","90000","12838","12838","0","2903","1336","341"
"830","ALIGN_HOLD","54877","-434","-2384.033203125","2","2000","3000000","90000","12839","12839","0","2903","1336","251"
"831","ALIGN_HOLD","54876","-435","-2389.5263671875","-1","-1000","-3000000","90000","12840","12840","0","2903","1336","161"
"832","ALIGN_HOLD","54876","-435","-2389.5263671875","0","0","1000000","90000","12841","12841","0","2903","1336","71"
"833","ALIGN_HOLD","54876","-435","-2389.5263671875","0","0","0","90000","12842","12842","0","2903","1336","2136"
"834","ALIGN_HOLD","54878","-433","-2378.5400390625","2","2000","2000000","90000","12843","12843","0","2903","1336","2046"
"835","ALIGN_HOLD","54875","-436","-2395.01953125","-3","-3000","-5000000","90000","12844","12844","0","2903","1336","1956"
"836","ALIGN_HOLD","54877","-434","-2384.033203125","2","2000","5000000","90000","12845","12845","0","2903","1336","1866"
"837","ALIGN_HOLD","54876","-435","-2389.5263671875","-1","-1000","-3000000","90000","12846","12846","0","2903","1336","1776"
"838","ALIGN_HOLD","54876","-435","-2389.5263671875","0","0","1000000","90000","12847","12847","0","2903","1336","1686"
"839","ALIGN_HOLD","54875","-436","-2395.01953125","-1","-1000","-1000000","90000","12848","12848","0","2903","1336","1596"
"840","ALIGN_HOLD","54875","-436","-2395.01953125","0","0","1000000","90000","12849","12849","0","2903","1336","1506"
"841","ALIGN_HOLD","54878","-433","-2378.5400390625","3","3000","3000000","90000","12850","12850","0","2903","1336","1416"
"842","ALIGN_HOLD","54879","-432","-2373.046875","1","1000","-2000000","90000","12851","12851","0","2903","1336","1326"
"843","ALIGN_HOLD","54877","-434","-2384.033203125","-2","-2000","-3000000","90000","12852","12852","0","2903","1336","1236"
"844","ALIGN_HOLD","54876","-435","-2389.5263671875","-1","-1000","1000000","90000","12853","12853","0","2903","1336","1146"
"845","ALIGN_HOLD","54877","-434","-2384.033203125","1","1000","2000000","90000","12854","12854","0","2903","1336","1056"
"846","ALIGN_HOLD","54874","-437","-2400.5126953125","-3","-3000","-4000000","90000","12855","12855","0","2903","1336","966"
"847","ALIGN_HOLD","54877","-434","-2384.033203125","3","3000","6000000","90000","12856","12856","0","2903","1336","876"
"848","ALIGN_HOLD","54875","-436","-2395.01953125","-2","-2000","-5000000","90000","12857","12857","0","2903","1336","786"
"849","ALIGN_HOLD","54879","-432","-2373.046875","4","4000","6000000","90000","12858","12858","0","2903","1336","696"
"850","ALIGN_HOLD","54877","-434","-2384.033203125","-2","-2000","-6000000","90000","12859","12859","0","2903","1336","606"
"851","ALIGN_HOLD","54876","-435","-2389.5263671875","-1","-1000","1000000","90000","12860","12860","0","2903","1336","516"
"852","ALIGN_HOLD","54876","-435","-2389.5263671875","0","0","1000000","90000","12861","12861","0","2903","1336","426"
"853","ALIGN_HOLD","54874","-437","-2400.5126953125","-2","-2000","-2000000","90000","12862","12862","0","2903","1336","336"
"854","ALIGN_HOLD","54875","-436","-2395.01953125","1","1000","3000000","90000","12863","12863","0","2903","1336","246"
"855","ALIGN_HOLD","54872","-439","-2411.4990234375","-3","-3000","-4000000","90000","12864","12864","0","2903","1336","156"
"856","ALIGN_HOLD","54875","-436","-2395.01953125","3","3000","6000000","90000","12865","12865","0","2903","1336","66"
"857","ALIGN_HOLD","54876","-435","-2389.5263671875","1","1000","-2000000","90000","12866","12866","0","2903","1336","2131"
"858","ALIGN_HOLD","54877","-434","-2384.033203125","1","1000","0","90000","12867","12867","0","2903","1336","2041"
"859","ALIGN_HOLD","54877","-434","-2384.033203125","0","0","-1000000","90000","12868","12868","0","2903","1336","1951"
"860","ALIGN_HOLD","54876","-435","-2389.5263671875","-1","-1000","-1000000","90000","12869","12869","0","2903","1336","1861"
"861","ALIGN_HOLD","54875","-436","-2395.01953125","-1","-1000","0","90000","12870","12870","0","2903","1336","1771"
"862","ALIGN_HOLD","54876","-435","-2389.5263671875","1","1000","2000000","90000","12871","12871","0","2903","1336","1681"
"863","ALIGN_HOLD","54877","-434","-2384.033203125","1","1000","0","90000","12872","12872","0","2903","1336","1591"
"864","ALIGN_HOLD","54876","-435","-2389.5263671875","-1","-1000","-2000000","90000","12873","12873","0","2903","1336","1501"
"865","ALIGN_HOLD","54873","-438","-2406.005859375","-3","-3000","-2000000","90000","12874","12874","0","2903","1336","1411"
"866","ALIGN_HOLD","54875","-436","-2395.01953125","2","2000","5000000","90000","12875","12875","0","2903","1336","1321"
"867","ALIGN_HOLD","54877","-434","-2384.033203125","2","2000","0","90000","12876","12876","0","2903","1336","1231"
"868","ALIGN_HOLD","54873","-438","-2406.005859375","-4","-4000","-6000000","90000","12877","12877","0","2903","1336","1141"
"869","ALIGN_HOLD","54876","-435","-2389.5263671875","3","3000","7000000","90000","12878","12878","0","2903","1336","1051"
"870","ALIGN_HOLD","54873","-438","-2406.005859375","-3","-3000","-6000000","90000","12879","12879","0","2903","1336","961"
"871","ALIGN_HOLD","54878","-433","-2378.5400390625","5","5000","8000000","90000","12880","12880","0","2903","1336","871"
"872","ALIGN_HOLD","54875","-436","-2395.01953125","-3","-3000","-8000000","90000","12881","12881","0","2903","1336","781"
"873","ALIGN_HOLD","54880","-431","-2367.5537109375","5","5000","8000000","90000","12882","12882","0","2903","1336","691"
"874","ALIGN_HOLD","54874","-437","-2400.5126953125","-6","-6000","-11000000","90000","12883","12883","0","2903","1336","601"
"875","ALIGN_HOLD","54876","-435","-2389.5263671875","2","2000","8000000","90000","12884","12884","0","2903","1336","511"
"876","ALIGN_HOLD","54878","-433","-2378.5400390625","2","2000","0","90000","12885","12885","0","2903","1336","421"
"877","ALIGN_HOLD","54878","-433","-2378.5400390625","0","0","-2000000","90000","12886","12886","0","2903","1336","331"
"878","ALIGN_HOLD","54876","-435","-2389.5263671875","-2","-2000","-2000000","90000","12887","12887","0","2903","1336","241"
"879","ALIGN_HOLD","54875","-436","-2395.01953125","-1","-1000","1000000","90000","12888","12888","0","2903","1336","151"
"880","ALIGN_HOLD","54872","-439","-2411.4990234375","-3","-3000","-2000000","90000","12889","12889","0","2903","1336","61"
"881","ALIGN_HOLD","54874","-437","-2400.5126953125","2","2000","5000000","90000","12890","12890","0","2903","1336","2126"
"882","ALIGN_HOLD","54873","-438","-2406.005859375","-1","-1000","-3000000","90000","12891","12891","0","2903","1336","2036"
"883","ALIGN_HOLD","54875","-436","-2395.01953125","2","2000","3000000","90000","12892","12892","0","2903","1336","1946"
"884","ALIGN_HOLD","54877","-434","-2384.033203125","2","2000","0","90000","12893","12893","0","2903","1336","1856"
"885","ALIGN_HOLD","54876","-435","-2389.5263671875","-1","-1000","-3000000","90000","12894","12894","0","2903","1336","1766"
"886","ALIGN_HOLD","54872","-439","-2411.4990234375","-4","-4000","-3000000","90000","12895","12895","0","2903","1336","1676"
"887","ALIGN_HOLD","54875","-436","-2395.01953125","3","3000","7000000","90000","12896","12896","0","2903","1336","1586"
"888","ALIGN_HOLD","54874","-437","-2400.5126953125","-1","-1000","-4000000","90000","12897","12897","0","2903","1336","1496"
"889","ALIGN_HOLD","54876","-435","-2389.5263671875","2","2000","3000000","90000","12898","12898","0","2903","1336","1406"
"890","ALIGN_HOLD","54877","-434","-2384.033203125","1","1000","-1000000","90000","12899","12899","0","2903","1336","1316"
"891","ALIGN_HOLD","54876","-435","-2389.5263671875","-1","-1000","-2000000","90000","12900","12900","0","2903","1336","1226"
"892","ALIGN_HOLD","54871","-440","-2416.9921875","-5","-5000","-4000000","90000","12901","12901","0","2903","1336","1136"
"893","ALIGN_HOLD","54875","-436","-2395.01953125","4","4000","9000000","90000","12902","12902","0","2903","1336","1046"
"894","ALIGN_HOLD","54872","-439","-2411.4990234375","-3","-3000","-7000000","90000","12903","12903","0","2903","1336","956"
"895","ALIGN_HOLD","54875","-436","-2395.01953125","3","3000","6000000","90000","12904","12904","0","2903","1336","866"
"896","ALIGN_HOLD","54877","-434","-2384.033203125","2","2000","-1000000","90000","12905","12905","0","2903","1336","776"
"897","ALIGN_HOLD","54878","-433","-2378.5400390625","1","1000","-1000000","90000","12906","12906","0","2903","1336","686"
"898","ALIGN_HOLD","54880","-431","-2367.5537109375","2","2000","1000000","90000","12907","12907","0","2903","1336","596"
"899","ALIGN_HOLD","54876","-435","-2389.5263671875","-4","-4000","-6000000","90000","12908","12908","0","2903","1336","506"
"900","ALIGN_HOLD","54873","-438","-2406.005859375","-3","-3000","1000000","90000","12909","12909","0","2903","1336","416"
"901","ALIGN_HOLD","54876","-435","-2389.5263671875","3","3000","6000000","90000","12910","12910","0","2903","1336","326"
"902","ALIGN_HOLD","54874","-437","-2400.5126953125","-2","-2000","-5000000","90000","12911","12911","0","2903","1336","236"
"903","ALIGN_HOLD","54879","-432","-2373.046875","5","5000","7000000","90000","12912","12912","0","2903","1336","146"
"904","ALIGN_HOLD","54874","-437","-2400.5126953125","-5","-5000","-10000000","90000","12913","12913","0","2903","1336","56"
"905","ALIGN_HOLD","54875","-436","-2395.01953125","1","1000","6000000","90000","12914","12914","0","2903","1336","2121"
"906","ALIGN_HOLD","54874","-437","-2400.5126953125","-1","-1000","-2000000","90000","12915","12915","0","2903","1336","2031"
"907","ALIGN_HOLD","54877","-434","-2384.033203125","3","3000","4000000","90000","12916","12916","0","2903","1336","1941"
"908","ALIGN_HOLD","54879","-432","-2373.046875","2","2000","-1000000","90000","12917","12917","0","2903","1336","1851"
"909","ALIGN_HOLD","54872","-439","-2411.4990234375","-7","-7000","-9000000","90000","12918","12918","0","2903","1336","1761"
"910","ALIGN_HOLD","54875","-436","-2395.01953125","3","3000","10000000","90000","12919","12919","0","2903","1336","1671"
"911","ALIGN_HOLD","54876","-435","-2389.5263671875","1","1000","-2000000","90000","12920","12920","0","2903","1336","1581"
"912","ALIGN_HOLD","54877","-434","-2384.033203125","1","1000","0","90000","12921","12921","0","2903","1336","1491"
"913","ALIGN_HOLD","54873","-438","-2406.005859375","-4","-4000","-5000000","90000","12922","12922","0","2903","1336","1401"
"914","ALIGN_HOLD","54872","-439","-2411.4990234375","-1","-1000","3000000","90000","12923","12923","0","2903","1336","1311"
"915","ALIGN_HOLD","54876","-435","-2389.5263671875","4","4000","5000000","90000","12924","12924","0","2903","1336","1221"
"916","ALIGN_HOLD","54878","-433","-2378.5400390625","2","2000","-2000000","90000","12925","12925","0","2903","1336","1131"
"917","ALIGN_HOLD","54876","-435","-2389.5263671875","-2","-2000","-4000000","90000","12926","12926","0","2903","1336","1041"
"918","ALIGN_HOLD","54876","-435","-2389.5263671875","0","0","2000000","90000","12927","12927","0","2903","1336","951"
"919","ALIGN_HOLD","54875","-436","-2395.01953125","-1","-1000","-1000000","90000","12928","12928","0","2903","1336","861"
"920","ALIGN_HOLD","54875","-436","-2395.01953125","0","0","1000000","90000","12929","12929","0","2903","1336","771"
"921","ALIGN_HOLD","54877","-434","-2384.033203125","2","2000","2000000","90000","12930","12930","0","2903","1336","681"
"922","ALIGN_HOLD","54878","-433","-2378.5400390625","1","1000","-1000000","90000","12931","12931","0","2903","1336","591"
"923","ALIGN_HOLD","54874","-437","-2400.5126953125","-4","-4000","-5000000","90000","12932","12932","0","2903","1336","501"
"924","ALIGN_HOLD","54879","-432","-2373.046875","5","5000","9000000","90000","12933","12933","0","2903","1336","411"
"925","ALIGN_HOLD","54877","-434","-2384.033203125","-2","-2000","-7000000","90000","12934","12934","0","2903","1336","321"
"926","ALIGN_HOLD","54875","-436","-2395.01953125","-2","-2000","0","90000","12935","12935","0","2903","1336","231"
"927","ALIGN_HOLD","54875","-436","-2395.01953125","0","0","2000000","90000","12936","12936","0","2903","1336","141"
"928","ALIGN_HOLD","54877","-434","-2384.033203125","2","2000","2000000","90000","12937","12937","0","2903","1336","51"
"929","ALIGN_HOLD","54875","-436","-2395.01953125","-2","-2000","-4000000","90000","12938","12938","0","2903","1336","2116"
"930","ALIGN_HOLD","54871","-440","-2416.9921875","-4","-4000","-2000000","90000","12939","12939","0","2903","1336","2026"
"931","ALIGN_HOLD","54877","-434","-2384.033203125","6","6000","10000000","90000","12940","12940","0","2903","1336","1936"
"932","ALIGN_HOLD","54874","-437","-2400.5126953125","-3","-3000","-9000000","90000","12941","12941","0","2903","1336","1846"
"933","ALIGN_HOLD","54877","-434","-2384.033203125","3","3000","6000000","90000","12942","12942","0","2903","1336","1756"
"934","ALIGN_HOLD","54879","-432","-2373.046875","2","2000","-1000000","90000","12943","12943","0","2903","1336","1666"
"935","ALIGN_HOLD","54874","-437","-2400.5126953125","-5","-5000","-7000000","90000","12944","12944","0","2903","1336","1576"
"936","ALIGN_HOLD","54872","-439","-2411.4990234375","-2","-2000","3000000","90000","12945","12945","0","2903","1336","1486"
"937","ALIGN_HOLD","54876","-435","-2389.5263671875","4","4000","6000000","90000","12946","12946","0","2903","1336","1396"
"938","ALIGN_HOLD","54876","-435","-2389.5263671875","0","0","-4000000","90000","12947","12947","0","2903","1336","1306"
"939","ALIGN_HOLD","54874","-437","-2400.5126953125","-2","-2000","-2000000","90000","12948","12948","0","2903","1336","1216"
"940","ALIGN_HOLD","54874","-437","-2400.5126953125","0","0","2000000","90000","12949","12949","0","2903","1336","1126"
"941","ALIGN_HOLD","54878","-433","-2378.5400390625","4","4000","4000000","90000","12950","12950","0","2903","1336","1036"
"942","ALIGN_HOLD","54878","-433","-2378.5400390625","0","0","-4000000","90000","12951","12951","0","2903","1336","946"
"943","ALIGN_HOLD","54874","-437","-2400.5126953125","-4","-4000","-4000000","90000","12952","12952","0","2903","1336","856"
"944","ALIGN_HOLD","54877","-434","-2384.033203125","3","3000","7000000","90000","12953","12953","0","2903","1336","766"
"945","ALIGN_HOLD","54873","-438","-2406.005859375","-4","-4000","-7000000","90000","12954","12954","0","2903","1336","676"
"946","ALIGN_HOLD","54879","-432","-2373.046875","6","6000","10000000","90000","12955","12955","0","2903","1336","586"
"947","ALIGN_HOLD","54875","-436","-2395.01953125","-4","-4000","-10000000","90000","12956","12956","0","2903","1336","496"
"948","ALIGN_HOLD","54877","-434","-2384.033203125","2","2000","6000000","90000","12957","12957","0","2903","1336","406"
"949","ALIGN_HOLD","54875","-436","-2395.01953125","-2","-2000","-4000000","90000","12958","12958","0","2903","1336","316"
"950","ALIGN_HOLD","54877","-434","-2384.033203125","2","2000","4000000","90000","12959","12959","0","2903","1336","226"
"951","ALIGN_HOLD","54879","-432","-2373.046875","2","2000","0","90000","12960","12960","0","2903","1336","136"
"952","ALIGN_HOLD","54874","-437","-2400.5126953125","-5","-5000","-7000000","90000","12961","12961","0","2903","1336","46"
"953","ALIGN_HOLD","54875","-436","-2395.01953125","1","1000","6000000","90000","12962","12962","0","2903","1336","2111"
"954","ALIGN_HOLD","54875","-436","-2395.01953125","0","0","-1000000","90000","12963","12963","0","2903","1336","2021"
"955","ALIGN_HOLD","54879","-432","-2373.046875","4","4000","4000000","90000","12964","12964","0","2903","1336","1931"
"956","ALIGN_HOLD","54874","-437","-2400.5126953125","-5","-5000","-9000000","90000","12965","12965","0","2903","1336","1841"
"957","ALIGN_HOLD","54877","-434","-2384.033203125","3","3000","8000000","90000","12966","12966","0","2903","1336","1751"
"958","ALIGN_HOLD","54878","-433","-2378.5400390625","1","1000","-2000000","90000","12967","12967","0","2903","1336","1661"
"959","ALIGN_HOLD","54870","-441","-2422.4853515625","-8","-8000","-9000000","90000","12968","12968","0","2903","1336","1571"
"960","ALIGN_HOLD","54878","-433","-2378.5400390625","8","8000","16000000","90000","12969","12969","0","2903","1336","1481"
"961","ALIGN_HOLD","54873","-438","-2406.005859375","-5","-5000","-13000000","90000","12970","12970","0","2903","1336","1391"
"962","ALIGN_HOLD","54876","-435","-2389.5263671875","3","3000","8000000","90000","12971","12971","0","2903","1336","1301"
"963","ALIGN_HOLD","54876","-435","-2389.5263671875","0","0","-3000000","90000","12972","12972","0","2903","1336","1211"
"964","ALIGN_HOLD","54876","-435","-2389.5263671875","0","0","0","90000","12973","12973","0","2903","1336","1121"
"965","ALIGN_HOLD","54877","-434","-2384.033203125","1","1000","1000000","90000","12974","12974","0","2903","1336","1031"
"966","ALIGN_HOLD","54873","-438","-2406.005859375","-4","-4000","-5000000","90000","12975","12975","0","2903","1336","941"
"967","ALIGN_HOLD","54875","-436","-2395.01953125","2","2000","6000000","90000","12976","12976","0","2903","1336","851"
"968","ALIGN_HOLD","54876","-435","-2389.5263671875","1","1000","-1000000","90000","12977","12977","0","2903","1336","761"
"969","ALIGN_HOLD","54875","-436","-2395.01953125","-1","-1000","-2000000","90000","12978","12978","0","2903","1336","671"
"970","ALIGN_HOLD","54876","-435","-2389.5263671875","1","1000","2000000","90000","12979","12979","0","2903","1336","581"
"971","ALIGN_HOLD","54875","-436","-2395.01953125","-1","-1000","-2000000","90000","12980","12980","0","2903","1336","491"
"972","ALIGN_HOLD","54874","-437","-2400.5126953125","-1","-1000","0","90000","12981","12981","0","2903","1336","401"
"973","ALIGN_HOLD","54878","-433","-2378.5400390625","4","4000","5000000","90000","12982","12982","0","2903","1336","311"
"974","ALIGN_HOLD","54877","-434","-2384.033203125","-1","-1000","-5000000","90000","12983","12983","0","2903","1336","221"
"975","ALIGN_HOLD","54879","-432","-2373.046875","2","2000","3000000","90000","12984","12984","0","2903","1336","131"
"976","ALIGN_HOLD","54877","-434","-2384.033203125","-2","-2000","-4000000","90000","12985","12985","0","2903","1336","41"
"977","ALIGN_HOLD","54877","-434","-2384.033203125","0","0","2000000","90000","12986","12986","0","2903","1336","2106"
"978","ALIGN_HOLD","54877","-434","-2384.033203125","0","0","0","90000","12987","12987","0","2903","1336","2016"
"979","ALIGN_HOLD","54874","-437","-2400.5126953125","-3","-3000","-3000000","90000","12988","12988","0","2903","1336","1926"
"980","ALIGN_HOLD","54877","-434","-2384.033203125","3","3000","6000000","90000","12989","12989","0","2903","1336","1836"
"981","ALIGN_HOLD","54875","-436","-2395.01953125","-2","-2000","-5000000","90000","12990","12990","0","2903","1336","1746"
"982","ALIGN_HOLD","54876","-435","-2389.5263671875","1","1000","3000000","90000","12991","12991","0","2903","1336","1656"
"983","ALIGN_HOLD","54879","-432","-2373.046875","3","3000","2000000","90000","12992","12992","0","2903","1336","1566"
"984","ALIGN_HOLD","54872","-439","-2411.4990234375","-7","-7000","-10000000","90000","12993","12993","0","2903","1336","1476"
"985","ALIGN_HOLD","54876","-435","-2389.5263671875","4","4000","11000000","90000","12994","12994","0","2903","1336","1386"
"986","ALIGN_HOLD","54876","-435","-2389.5263671875","0","0","-4000000","90000","12995","12995","0","2903","1336","1296"
"987","ALIGN_HOLD","54875","-436","-2395.01953125","-1","-1000","-1000000","90000","12996","12996","0","2903","1336","1206"
"988","ALIGN_HOLD","54876","-435","-2389.5263671875","1","1000","2000000","90000","12997","12997","0","2903","1336","1116"
"989","ALIGN_HOLD","54876","-435","-2389.5263671875","0","0","-1000000","90000","12998","12998","0","2903","1336","1026"
"990","ALIGN_HOLD","54875","-436","-2395.01953125","-1","-1000","-1000000","90000","12999","12999","0","2903","1336","936"
"991","ALIGN_HOLD","54879","-432","-2373.046875","4","4000","5000000","90000","13000","13000","0","2903","1336","846"
"992","ALIGN_HOLD","54875","-436","-2395.01953125","-4","-4000","-8000000","90000","13001","13001","0","2903","1336","756"
"993","ALIGN_HOLD","54876","-435","-2389.5263671875","1","1000","5000000","90000","13002","13002","0","2903","1336","666"
"994","ALIGN_HOLD","54874","-437","-2400.5126953125","-2","-2000","-3000000","90000","13003","13003","0","2903","1336","576"
"995","ALIGN_HOLD","54876","-435","-2389.5263671875","2","2000","4000000","90000","13004","13004","0","2903","1336","486"
"996","ALIGN_HOLD","54877","-434","-2384.033203125","1","1000","-1000000","90000","13005","13005","0","2903","1336","396"
"997","ALIGN_HOLD","54873","-438","-2406.005859375","-4","-4000","-5000000","90000","13006","13006","0","2903","1336","306"
"998","ALIGN_HOLD","54875","-436","-2395.01953125","2","2000","6000000","90000","13007","13007","0","2903","1336","216"
"999","ALIGN_HOLD","54875","-436","-2395.01953125","0","0","-2000000","90000","13008","13008","0","2903","1336","126"
"1000","ALIGN_HOLD","54879","-432","-2373.046875","4","4000","4000000","90000","13009","13009","0","2903","1336","102"
