"Seq","Phase","EncoderRaw","TravelRaw","TravelMilliDeg","DeltaRaw","VelocityRawPerSecond","AccelerationRawPerSecond2","PowerPpm","ScheduledTick","SampleTick","LatenessTicks","LoopCycles","SpiLatencyCycles","PwmCounterAtCs"
"0","ALIGN_RAMP","35094","-2","-10.986328125","-2","-2000","-2000000","0","237373","237373","0","2897","1336","409"
"1","ALIGN_RAMP","35097","1","5.4931640625","3","3000","5000000","180","237374","237374","0","2902","1336","1691"
"2","ALIGN_RAMP","35097","1","5.4931640625","0","0","-3000000","360","237375","237375","0","2902","1336","1601"
"3","ALIGN_RAMP","35096","0","0","-1","-1000","-1000000","540","237376","237376","0","2902","1336","1511"
"4","ALIGN_RAMP","35096","0","0","0","0","1000000","720","237377","237377","0","2902","1336","1421"
"5","ALIGN_RAMP","35093","-3","-16.4794921875","-3","-3000","-3000000","900","237378","237378","0","2902","1336","1331"
"6","ALIGN_RAMP","35096","0","0","3","3000","6000000","1080","237379","237379","0","2902","1336","1241"
"7","ALIGN_RAMP","35094","-2","-10.986328125","-2","-2000","-5000000","1260","237380","237380","0","2902","1336","1151"
"8","ALIGN_RAMP","35094","-2","-10.986328125","0","0","2000000","1440","237381","237381","0","2902","1336","1061"
"9","ALIGN_RAMP","35096","0","0","2","2000","2000000","1620","237382","237382","0","2902","1336","971"
"10","ALIGN_RAMP","35098","2","10.986328125","2","2000","0","1800","237383","237383","0","2902","1336","881"
"11","ALIGN_RAMP","35092","-4","-21.97265625","-6","-6000","-8000000","1980","237384","237384","0","2902","1336","791"
"12","ALIGN_RAMP","35092","-4","-21.97265625","0","0","6000000","2160","237385","237385","0","2902","1336","701"
"13","ALIGN_RAMP","35096","0","0","4","4000","4000000","2340","237386","237386","0","2902","1336","611"
"14","ALIGN_RAMP","35095","-1","-5.4931640625","-1","-1000","-5000000","2520","237387","237387","0","2902","1336","521"
"15","ALIGN_RAMP","35096","0","0","1","1000","2000000","2700","237388","237388","0","2902","1336","431"
"16","ALIGN_RAMP","35096","0","0","0","0","-1000000","2880","237389","237389","0","2902","1336","341"
"17","ALIGN_RAMP","35095","-1","-5.4931640625","-1","-1000","-1000000","3060","237390","237390","0","2902","1336","251"
"18","ALIGN_RAMP","35095","-1","-5.4931640625","0","0","1000000","3240","237391","237391","0","2902","1336","161"
"19","ALIGN_RAMP","35097","1","5.4931640625","2","2000","2000000","3420","237392","237392","0","2902","1336","71"
"20","ALIGN_RAMP","35097","1","5.4931640625","0","0","-2000000","3600","237393","237393","0","2902","1336","2136"
"21","ALIGN_RAMP","35097","1","5.4931640625","0","0","0","3780","237394","237394","0","2902","1336","2046"
"22","ALIGN_RAMP","35096","0","0","-1","-1000","-1000000","3960","237395","237395","0","2902","1336","1956"
"23","ALIGN_RAMP","35092","-4","-21.97265625","-4","-4000","-3000000","4140","237396","237396","0","2902","1336","1866"
"24","ALIGN_RAMP","35096","0","0","4","4000","8000000","4320","237397","237397","0","2902","1336","1776"
"25","ALIGN_RAMP","35096","0","0","0","0","-4000000","4500","237398","237398","0","2902","1336","1686"
"26","ALIGN_RAMP","35095","-1","-5.4931640625","-1","-1000","-1000000","4680","237399","237399","0","2902","1336","1596"
"27","ALIGN_RAMP","35095","-1","-5.4931640625","0","0","1000000","4860","237400","237400","0","2902","1336","1506"
"28","ALIGN_RAMP","35095","-1","-5.4931640625","0","0","0","5040","237401","237401","0","2902","1336","1416"
"29","ALIGN_RAMP","35097","1","5.4931640625","2","2000","2000000","5220","237402","237402","0","2902","1336","1326"
"30","ALIGN_RAMP","35092","-4","-21.97265625","-5","-5000","-7000000","5400","237403","237403","0","2902","1336","1236"
"31","ALIGN_RAMP","35094","-2","-10.986328125","2","2000","7000000","5580","237404","237404","0","2902","1336","1146"
"32","ALIGN_RAMP","35094","-2","-10.986328125","0","0","-2000000","5760","237405","237405","0","2902","1336","1056"
"33","ALIGN_RAMP","35094","-2","-10.986328125","0","0","0","5940","237406","237406","0","2902","1336","966"
"34","ALIGN_RAMP","35095","-1","-5.4931640625","1","1000","1000000","6120","237407","237407","0","2902","1336","876"
"35","ALIGN_RAMP","35094","-2","-10.986328125","-1","-1000","-2000000","6300","237408","237408","0","2902","1336","786"
"36","ALIGN_RAMP","35097","1","5.4931640625","3","3000","4000000","6480","237409","237409","0","2902","1336","696"
"37","ALIGN_RAMP","35096","0","0","-1","-1000","-4000000","6660","237410","237410","0","2902","1336","606"
"38","ALIGN_RAMP","35093","-3","-16.4794921875","-3","-3000","-2000000","6840","237411","237411","0","2902","1336","516"
"39","ALIGN_RAMP","35096","0","0","3","3000","6000000","7020","237412","237412","0","2902","1336","426"
"40","ALIGN_RAMP","35097","1","5.4931640625","1","1000","-2000000","7200","237413","237413","0","2902","1336","336"
"41","ALIGN_RAMP","35093","-3","-16.4794921875","-4","-4000","-5000000","7380","237414","237414","0","2902","1336","246"
"42","ALIGN_RAMP","35095","-1","-5.4931640625","2","2000","6000000","7560","237415","237415","0","2902","1336","156"
"43","ALIGN_RAMP","35097","1","5.4931640625","2","2000","0","7740","237416","237416","0","2902","1336","66"
"44","ALIGN_RAMP","35097","1","5.4931640625","0","0","-2000000","7920","237417","237417","0","2902","1336","2131"
"45","ALIGN_RAMP","35096","0","0","-1","-1000","-1000000","8100","237418","237418","0","2902","1336","2041"
"46","ALIGN_RAMP","35096","0","0","0","0","1000000","8280","237419","237419","0","2902","1336","1951"
"47","ALIGN_RAMP","35097","1","5.4931640625","1","1000","1000000","8460","237420","237420","0","2902","1336","1861"
"48","ALIGN_RAMP","35096","0","0","-1","-1000","-2000000","8640","237421","237421","0","2902","1336","1771"
"49","ALIGN_RAMP","35092","-4","-21.97265625","-4","-4000","-3000000","8820","237422","237422","0","2902","1336","1681"
"50","ALIGN_RAMP","35095","-1","-5.4931640625","3","3000","7000000","9000","237423","237423","0","2902","1336","1591"
"51","ALIGN_RAMP","35098","2","10.986328125","3","3000","0","9180","237424","237424","0","2902","1336","1501"
"52","ALIGN_RAMP","35096","0","0","-2","-2000","-5000000","9360","237425","237425","0","2902","1336","1411"
"53","ALIGN_RAMP","35096","0","0","0","0","2000000","9540","237426","237426","0","2902","1336","1321"
"54","ALIGN_RAMP","35095","-1","-5.4931640625","-1","-1000","-1000000","9720","237427","237427","0","2902","1336","1231"
"55","ALIGN_RAMP","35095","-1","-5.4931640625","0","0","1000000","9900","237428","237428","0","2902","1336","1141"
"56","ALIGN_RAMP","35095","-1","-5.4931640625","0","0","0","10080","237429","237429","0","2902","1336","1051"
"57","ALIGN_RAMP","35098","2","10.986328125","3","3000","3000000","10260","237430","237430","0","2902","1336","961"
"58","ALIGN_RAMP","35095","-1","-5.4931640625","-3","-3000","-6000000","10440","237431","237431","0","2902","1336","871"
"59","ALIGN_RAMP","35094","-2","-10.986328125","-1","-1000","2000000","10620","237432","237432","0","2902","1336","781"
"60","ALIGN_RAMP","35094","-2","-10.986328125","0","0","1000000","10800","237433","237433","0","2902","1336","691"
"61","ALIGN_RAMP","35095","-1","-5.4931640625","1","1000","1000000","10980","237434","237434","0","2902","1336","601"
"62","ALIGN_RAMP","35097","1","5.4931640625","2","2000","1000000","11160","237435","237435","0","2902","1336","511"
"63","ALIGN_RAMP","35094","-2","-10.986328125","-3","-3000","-5000000","11340","237436","237436","0","2902","1336","421"
"64","ALIGN_RAMP","35095","-1","-5.4931640625","1","1000","4000000","11520","237437","237437","0","2902","1336","331"
"65","ALIGN_RAMP","35093","-3","-16.4794921875","-2","-2000","-3000000","11700","237438","237438","0","2902","1336","241"
"66","ALIGN_RAMP","35093","-3","-16.4794921875","0","0","2000000","11880","237439","237439","0","2902","1336","151"
"67","ALIGN_RAMP","35094","-2","-10.986328125","1","1000","1000000","12060","237440","237440","0","2902","1336","61"
"68","ALIGN_RAMP","35097","1","5.4931640625","3","3000","2000000","12240","237441","237441","0","2902","1336","2126"
"69","ALIGN_RAMP","35093","-3","-16.4794921875","-4","-4000","-7000000","12420","237442","237442","0","2902","1336","2036"
"70","ALIGN_RAMP","35098","2","10.986328125","5","5000","9000000","12600","237443","237443","0","2902","1336","1946"
"71","ALIGN_RAMP","35094","-2","-10.986328125","-4","-4000","-9000000","12780","237444","237444","0","2902","1336","1856"
"72","ALIGN_RAMP","35097","1","5.4931640625","3","3000","7000000","12960","237445","237445","0","2902","1336","1766"
"73","ALIGN_RAMP","35095","-1","-5.4931640625","-2","-2000","-5000000","13140","237446","237446","0","2902","1336","1676"
"74","ALIGN_RAMP","35091","-5","-27.4658203125","-4","-4000","-2000000","13320","237447","237447","0","2902","1336","1586"
"75","ALIGN_RAMP","35096","0","0","5","5000","9000000","13500","237448","237448","0","2902","1336","1496"
"76","ALIGN_RAMP","35093","-3","-16.4794921875","-3","-3000","-8000000","13680","237449","237449","0","2902","1336","1406"
"77","ALIGN_RAMP","35096","0","0","3","3000","6000000","13860","237450","237450","0","2902","1336","1316"
"78","ALIGN_RAMP","35096","0","0","0","0","-3000000","14040","237451","237451","0","2902","1336","1226"
"79","ALIGN_RAMP","35101","5","27.4658203125","5","5000","5000000","14220","237452","237452","0","2902","1336","1136"
"80","ALIGN_RAMP","35099","3","16.4794921875","-2","-2000","-7000000","14400","237453","237453","0","2902","1336","1046"
"81","ALIGN_RAMP","35093","-3","-16.4794921875","-6","-6000","-4000000","14580","237454","237454","0","2902","1336","956"
"82","ALIGN_RAMP","35098","2","10.986328125","5","5000","11000000","14760","237455","237455","0","2902","1336","866"
"83","ALIGN_RAMP","35095","-1","-5.4931640625","-3","-3000","-8000000","14940","237456","237456","0","2902","1336","776"
"84","ALIGN_RAMP","35093","-3","-16.4794921875","-2","-2000","1000000","15120","237457","237457","0","2902","1336","686"
"85","ALIGN_RAMP","35097","1","5.4931640625","4","4000","6000000","15300","237458","237458","0","2902","1336","596"
"86","ALIGN_RAMP","35095","-1","-5.4931640625","-2","-2000","-6000000","15480","237459","237459","0","2902","1336","506"
"87","ALIGN_RAMP","35093","-3","-16.4794921875","-2","-2000","0","15660","237460","237460","0","2902","1336","416"
"88","ALIGN_RAMP","35096","0","0","3","3000","5000000","15840","237461","237461","0","2902","1336","326"
"89","ALIGN_RAMP","35094","-2","-10.986328125","-2","-2000","-5000000","16020","237462","237462","0","2902","1336","236"
"90","ALIGN_RAMP","35096","0","0","2","2000","4000000","16200","237463","237463","0","2902","1336","146"
"91","ALIGN_RAMP","35097","1","5.4931640625","1","1000","-1000000","16380","237464","237464","0","2902","1336","56"
"92","ALIGN_RAMP","35095","-1","-5.4931640625","-2","-2000","-3000000","16560","237465","237465","0","2902","1336","2121"
"93","ALIGN_RAMP","35095","-1","-5.4931640625","0","0","2000000","16740","237466","237466","0","2902","1336","2031"
"94","ALIGN_RAMP","35095","-1","-5.4931640625","0","0","0","16920","237467","237467","0","2902","1336","1941"
"95","ALIGN_RAMP","35096","0","0","1","1000","1000000","17100","237468","237468","0","2902","1336","1851"
"96","ALIGN_RAMP","35091","-5","-27.4658203125","-5","-5000","-6000000","17280","237469","237469","0","2902","1336","1761"
"97","ALIGN_RAMP","35099","3","16.4794921875","8","8000","13000000","17460","237470","237470","0","2902","1336","1671"
"98","ALIGN_RAMP","35095","-1","-5.4931640625","-4","-4000","-12000000","17640","237471","237471","0","2902","1336","1581"
"99","ALIGN_RAMP","35093","-3","-16.4794921875","-2","-2000","2000000","17820","237472","237472","0","2902","1336","1491"
"100","ALIGN_RAMP","35095","-1","-5.4931640625","2","2000","4000000","18000","237473","237473","0","2902","1336","1401"
"101","ALIGN_RAMP","35098","2","10.986328125","3","3000","1000000","18180","237474","237474","0","2902","1336","1311"
"102","ALIGN_RAMP","35094","-2","-10.986328125","-4","-4000","-7000000","18360","237475","237475","0","2902","1336","1221"
"103","ALIGN_RAMP","35092","-4","-21.97265625","-2","-2000","2000000","18540","237476","237476","0","2902","1336","1131"
"104","ALIGN_RAMP","35094","-2","-10.986328125","2","2000","4000000","18720","237477","237477","0","2902","1336","1041"
"105","ALIGN_RAMP","35096","0","0","2","2000","0","18900","237478","237478","0","2902","1336","951"
"106","ALIGN_RAMP","35095","-1","-5.4931640625","-1","-1000","-3000000","19080","237479","237479","0","2902","1336","861"
"107","ALIGN_RAMP","35098","2","10.986328125","3","3000","4000000","19260","237480","237480","0","2902","1336","771"
"108","ALIGN_RAMP","35094","-2","-10.986328125","-4","-4000","-7000000","19440","237481","237481","0","2902","1336","681"
"109","ALIGN_RAMP","35098","2","10.986328125","4","4000","8000000","19620","237482","237482","0","2902","1336","591"
"110","ALIGN_RAMP","35097","1","5.4931640625","-1","-1000","-5000000","19800","237483","237483","0","2902","1336","501"
"111","ALIGN_RAMP","35094","-2","-10.986328125","-3","-3000","-2000000","19980","237484","237484","0","2902","1336","411"
"112","ALIGN_RAMP","35096","0","0","2","2000","5000000","20160","237485","237485","0","2902","1336","321"
"113","ALIGN_RAMP","35097","1","5.4931640625","1","1000","-1000000","20340","237486","237486","0","2902","1336","231"
"114","ALIGN_RAMP","35095","-1","-5.4931640625","-2","-2000","-3000000","20520","237487","237487","0","2902","1336","141"
"115","ALIGN_RAMP","35096","0","0","1","1000","3000000","20700","237488","237488","0","2902","1336","51"
"116","ALIGN_RAMP","35093","-3","-16.4794921875","-3","-3000","-4000000","20880","237489","237489","0","2902","1336","2116"
"117","ALIGN_RAMP","35096","0","0","3","3000","6000000","21060","237490","237490","0","2902","1336","2026"
"118","ALIGN_RAMP","35097","1","5.4931640625","1","1000","-2000000","21240","237491","237491","0","2902","1336","1936"
"119","ALIGN_RAMP","35098","2","10.986328125","1","1000","0","21420","237492","237492","0","2902","1336","1846"
"120","ALIGN_RAMP","35096","0","0","-2","-2000","-3000000","21600","237493","237493","0","2902","1336","1756"
"121","ALIGN_RAMP","35094","-2","-10.986328125","-2","-2000","0","21780","237494","237494","0","2902","1336","1666"
"122","ALIGN_RAMP","35096","0","0","2","2000","4000000","21960","237495","237495","0","2902","1336","1576"
"123","ALIGN_RAMP","35093","-3","-16.4794921875","-3","-3000","-5000000","22140","237496","237496","0","2902","1336","1486"
"124","ALIGN_RAMP","35097","1","5.4931640625","4","4000","7000000","22320","237497","237497","0","2902","1336","1396"
"125","ALIGN_RAMP","35100","4","21.97265625","3","3000","-1000000","22500","237498","237498","0","2902","1336","1306"
"126","ALIGN_RAMP","35099","3","16.4794921875","-1","-1000","-4000000","22680","237499","237499","0","2902","1336","1216"
"127","ALIGN_RAMP","35097","1","5.4931640625","-2","-2000","-1000000","22860","237500","237500","0","2902","1336","1126"
"128","ALIGN_RAMP","35098","2","10.986328125","1","1000","3000000","23040","237501","237501","0","2902","1336","1036"
"129","ALIGN_RAMP","35096","0","0","-2","-2000","-3000000","23220","237502","237502","0","2902","1336","946"
"130","ALIGN_RAMP","35094","-2","-10.986328125","-2","-2000","0","23400","237503","237503","0","2902","1336","856"
"131","ALIGN_RAMP","35098","2","10.986328125","4","4000","6000000","23580","237504","237504","0","2902","1336","766"
"132","ALIGN_RAMP","35095","-1","-5.4931640625","-3","-3000","-7000000","23760","237505","237505","0","2902","1336","676"
"133","ALIGN_RAMP","35098","2","10.986328125","3","3000","6000000","23940","237506","237506","0","2902","1336","586"
"134","ALIGN_RAMP","35095","-1","-5.4931640625","-3","-3000","-6000000","24120","237507","237507","0","2902","1336","496"
"135","ALIGN_RAMP","35096","0","0","1","1000","4000000","24300","237508","237508","0","2902","1336","406"
"136","ALIGN_RAMP","35098","2","10.986328125","2","2000","1000000","24480","237509","237509","0","2902","1336","316"
"137","ALIGN_RAMP","35100","4","21.97265625","2","2000","0","24660","237510","237510","0","2902","1336","226"
"138","ALIGN_RAMP","35095","-1","-5.4931640625","-5","-5000","-7000000","24840","237511","237511","0","2902","1336","136"
"139","ALIGN_RAMP","35100","4","21.97265625","5","5000","10000000","25020","237512","237512","0","2902","1336","46"
"140","ALIGN_RAMP","35094","-2","-10.986328125","-6","-6000","-11000000","25200","237513","237513","0","2902","1336","2111"
"141","ALIGN_RAMP","35097","1","5.4931640625","3","3000","9000000","25380","237514","237514","0","2902","1336","2021"
"142","ALIGN_RAMP","35098","2","10.986328125","1","1000","-2000000","25560","237515","237515","0","2902","1336","1931"
"143","ALIGN_RAMP","35096","0","0","-2","-2000","-3000000","25740","237516","237516","0","2902","1336","1841"
"144","ALIGN_RAMP","35096","0","0","0","0","2000000","25920","237517","237517","0","2902","1336","1751"
"145","ALIGN_RAMP","35099","3","16.4794921875","3","3000","3000000","26100","237518","237518","0","2902","1336","1661"
"146","ALIGN_RAMP","35094","-2","-10.986328125","-5","-5000","-8000000","26280","237519","237519","0","2902","1336","1571"
"147","ALIGN_RAMP","35097","1","5.4931640625","3","3000","8000000","26460","237520","237520","0","2902","1336","1481"
"148","ALIGN_RAMP","35098","2","10.986328125","1","1000","-2000000","26640","237521","237521","0","2902","1336","1391"
"149","ALIGN_RAMP","35094","-2","-10.986328125","-4","-4000","-5000000","26820","237522","237522","0","2902","1336","1301"
"150","ALIGN_RAMP","35096","0","0","2","2000","6000000","27000","237523","237523","0","2902","1336","1211"
"151","ALIGN_RAMP","35096","0","0","0","0","-2000000","27180","237524","237524","0","2902","1336","1121"
"152","ALIGN_RAMP","35100","4","21.97265625","4","4000","4000000","27360","237525","237525","0","2902","1336","1031"
"153","ALIGN_RAMP","35095","-1","-5.4931640625","-5","-5000","-9000000","27540","237526","237526","0","2902","1336","941"
"154","ALIGN_RAMP","35095","-1","-5.4931640625","0","0","5000000","27720","237527","237527","0","2902","1336","851"
"155","ALIGN_RAMP","35096","0","0","1","1000","1000000","27900","237528","237528","0","2902","1336","761"
"156","ALIGN_RAMP","35097","1","5.4931640625","1","1000","0","28080","237529","237529","0","2902","1336","671"
"157","ALIGN_RAMP","35099","3","16.4794921875","2","2000","1000000","28260","237530","237530","0","2902","1336","581"
"158","ALIGN_RAMP","35098","2","10.986328125","-1","-1000","-3000000","28440","237531","237531","0","2902","1336","491"
"159","ALIGN_RAMP","35098","2","10.986328125","0","0","1000000","28620","237532","237532","0","2902","1336","401"
"160","ALIGN_RAMP","35097","1","5.4931640625","-1","-1000","-1000000","28800","237533","237533","0","2902","1336","311"
"161","ALIGN_RAMP","35098","2","10.986328125","1","1000","2000000","28980","237534","237534","0","2902","1336","221"
"162","ALIGN_RAMP","35096","0","0","-2","-2000","-3000000","29160","237535","237535","0","2902","1336","131"
"163","ALIGN_RAMP","35095","-1","-5.4931640625","-1","-1000","1000000","29340","237536","237536","0","2902","1336","41"
"164","ALIGN_RAMP","35093","-3","-16.4794921875","-2","-2000","-1000000","29520","237537","237537","0","2902","1336","2106"
"165","ALIGN_RAMP","35098","2","10.986328125","5","5000","7000000","29700","237538","237538","0","2902","1336","2016"
"166","ALIGN_RAMP","35099","3","16.4794921875","1","1000","-4000000","29880","237539","237539","0","2902","1336","1926"
"167","ALIGN_RAMP","35095","-1","-5.4931640625","-4","-4000","-5000000","30060","237540","237540","0","2902","1336","1836"
"168","ALIGN_RAMP","35095","-1","-5.4931640625","0","0","4000000","30240","237541","237541","0","2902","1336","1746"
"169","ALIGN_RAMP","35101","5","27.4658203125","6","6000","6000000","30420","237542","237542","0","2902","1336","1656"
"170","ALIGN_RAMP","35095","-1","-5.4931640625","-6","-6000","-12000000","30600","237543","237543","0","2902","1336","1566"
"171","ALIGN_RAMP","35095","-1","-5.4931640625","0","0","6000000","30780","237544","237544","0","2902","1336","1476"
"172","ALIGN_RAMP","35101","5","27.4658203125","6","6000","6000000","30960","237545","237545","0","2902","1336","1386"
"173","ALIGN_RAMP","35096","0","0","-5","-5000","-11000000","31140","237546","237546","0","2902","1336","1296"
"174","ALIGN_RAMP","35099","3","16.4794921875","3","3000","8000000","31320","237547","237547","0","2902","1336","1206"
"175","ALIGN_RAMP","35097","1","5.4931640625","-2","-2000","-5000000","31500","237548","237548","0","2902","1336","1116"
"176","ALIGN_RAMP","35096","0","0","-1","-1000","1000000","31680","237549","237549","0","2902","1336","1026"
"177","ALIGN_RAMP","35096","0","0","0","0","1000000","31860","237550","237550","0","2902","1336","936"
"178","ALIGN_RAMP","35100","4","21.97265625","4","4000","4000000","32040","237551","237551","0","2902","1336","846"
"179","ALIGN_RAMP","35098","2","10.986328125","-2","-2000","-6000000","32220","237552","237552","0","2902","1336","756"
"180","ALIGN_RAMP","35102","6","32.958984375","4","4000","6000000","32400","237553","237553","0","2902","1336","666"
"181","ALIGN_RAMP","35097","1","5.4931640625","-5","-5000","-9000000","32580","237554","237554","0","2902","1336","576"
"182","ALIGN_RAMP","35098","2","10.986328125","1","1000","6000000","32760","237555","237555","0","2902","1336","486"
"183","ALIGN_RAMP","35099","3","16.4794921875","1","1000","0","32940","237556","237556","0","2902","1336","396"
"184","ALIGN_RAMP","35098","2","10.986328125","-1","-1000","-2000000","33120","237557","237557","0","2902","1336","306"
"185","ALIGN_RAMP","35098","2","10.986328125","0","0","1000000","33300","237558","237558","0","2902","1336","216"
"186","ALIGN_RAMP","35101","5","27.4658203125","3","3000","3000000","33480","237559","237559","0","2902","1336","126"
"187","ALIGN_RAMP","35099","3","16.4794921875","-2","-2000","-5000000","33660","237560","237560","0","2902","1336","36"
"188","ALIGN_RAMP","35101","5","27.4658203125","2","2000","4000000","33840","237561","237561","0","2902","1336","2101"
"189","ALIGN_RAMP","35099","3","16.4794921875","-2","-2000","-4000000","34020","237562","237562","0","2902","1336","2011"
"190","ALIGN_RAMP","35100","4","21.97265625","1","1000","3000000","34200","237563","237563","0","2902","1336","1921"
"191","ALIGN_RAMP","35099","3","16.4794921875","-1","-1000","-2000000","34380","237564","237564","0","2902","1336","1831"
"192","ALIGN_RAMP","35099","3","16.4794921875","0","0","1000000","34560","237565","237565","0","2902","1336","1741"
"193","ALIGN_RAMP","35099","3","16.4794921875","0","0","0","34740","237566","237566","0","2902","1336","1651"
"194","ALIGN_RAMP","35100","4","21.97265625","1","1000","1000000","34920","237567","237567","0","2902","1336","1561"
"195","ALIGN_RAMP","35099","3","16.4794921875","-1","-1000","-2000000","35100","237568","237568","0","2902","1336","1471"
"196","ALIGN_RAMP","35099","3","16.4794921875","0","0","1000000","35280","237569","237569","0","2902","1336","1381"
"197","ALIGN_RAMP","35097","1","5.4931640625","-2","-2000","-2000000","35460","237570","237570","0","2902","1336","1291"
"198","ALIGN_RAMP","35097","1","5.4931640625","0","0","2000000","35640","237571","237571","0","2902","1336","1201"
"199","ALIGN_RAMP","35098","2","10.986328125","1","1000","1000000","35820","237572","237572","0","2902","1336","1111"
"200","ALIGN_RAMP","35101","5","27.4658203125","3","3000","2000000","36000","237573","237573","0","2902","1336","1087"
"201","ALIGN_RAMP","35101","5","27.4658203125","0","0","-3000000","36180","237574","237574","0","2902","1336","931"
"202","ALIGN_RAMP","35101","5","27.4658203125","0","0","0","36360","237575","237575","0","2902","1336","841"
"203","ALIGN_RAMP","35103","7","38.4521484375","2","2000","2000000","36540","237576","237576","0","2902","1336","751"
"204","ALIGN_RAMP","35102","6","32.958984375","-1","-1000","-3000000","36720","237577","237577","0","2902","1336","661"
"205","ALIGN_RAMP","35102","6","32.958984375","0","0","1000000","36900","237578","237578","0","2902","1336","571"
"206","ALIGN_RAMP","35102","6","32.958984375","0","0","0","37080","237579","237579","0","2902","1336","481"
"207","ALIGN_RAMP","35102","6","32.958984375","0","0","0","37260","237580","237580","0","2902","1336","391"
"208","ALIGN_RAMP","35104","8","43.9453125","2","2000","2000000","37440","237581","237581","0","2902","1336","301"
"209","ALIGN_RAMP","35101","5","27.4658203125","-3","-3000","-5000000","37620","237582","237582","0","2902","1336","211"
"210","ALIGN_RAMP","35101","5","27.4658203125","0","0","3000000","37800","237583","237583","0","2902","1336","121"
"211","ALIGN_RAMP","35103","7","38.4521484375","2","2000","2000000","37980","237584","237584","0","2902","1336","31"
"212","ALIGN_RAMP","35103","7","38.4521484375","0","0","-2000000","38160","237585","237585","0","2902","1336","2096"
"213","ALIGN_RAMP","35101","5","27.4658203125","-2","-2000","-2000000","38340","237586","237586","0","2902","1336","2006"
"214","ALIGN_RAMP","35104","8","43.9453125","3","3000","5000000","38520","237587","237587","0","2902","1336","1916"
"215","ALIGN_RAMP","35105","9","49.4384765625","1","1000","-2000000","38700","237588","237588","0","2902","1336","1826"
"216","ALIGN_RAMP","35105","9","49.4384765625","0","0","-1000000","38880","237589","237589","0","2902","1336","1736"
"217","ALIGN_RAMP","35106","10","54.931640625","1","1000","1000000","39060","237590","237590","0","2902","1336","1646"
"218","ALIGN_RAMP","35101","5","27.4658203125","-5","-5000","-6000000","39240","237591","237591","0","2902","1336","1556"
"219","ALIGN_RAMP","35106","10","54.931640625","5","5000","10000000","39420","237592","237592","0","2902","1336","1466"
"220","ALIGN_RAMP","35104","8","43.9453125","-2","-2000","-7000000","39600","237593","237593","0","2902","1336","1376"
"221","ALIGN_RAMP","35107","11","60.4248046875","3","3000","5000000","39780","237594","237594","0","2902","1336","1286"
"222","ALIGN_RAMP","35104","8","43.9453125","-3","-3000","-6000000","39960","237595","237595","0","2902","1336","1196"
"223","ALIGN_RAMP","35103","7","38.4521484375","-1","-1000","2000000","40140","237596","237596","0","2902","1336","1106"
"224","ALIGN_RAMP","35104","8","43.9453125","1","1000","2000000","40320","237597","237597","0","2902","1336","1016"
"225","ALIGN_RAMP","35101","5","27.4658203125","-3","-3000","-4000000","40500","237598","237598","0","2902","1336","926"
"226","ALIGN_RAMP","35102","6","32.958984375","1","1000","4000000","40680","237599","237599","0","2902","1336","836"
"227","ALIGN_RAMP","35105","9","49.4384765625","3","3000","2000000","40860","237600","237600","0","2902","1336","746"
"228","ALIGN_RAMP","35106","10","54.931640625","1","1000","-2000000","41040","237601","237601","0","2902","1336","656"
"229","ALIGN_RAMP","35103","7","38.4521484375","-3","-3000","-4000000","41220","237602","237602","0","2902","1336","566"
"230","ALIGN_RAMP","35107","11","60.4248046875","4","4000","7000000","41400","237603","237603","0","2902","1336","476"
"231","ALIGN_RAMP","35104","8","43.9453125","-3","-3000","-7000000","41580","237604","237604","0","2902","1336","386"
"232","ALIGN_RAMP","35106","10","54.931640625","2","2000","5000000","41760","237605","237605","0","2902","1336","296"
"233","ALIGN_RAMP","35101","5","27.4658203125","-5","-5000","-7000000","41940","237606","237606","0","2902","1336","206"
"234","ALIGN_RAMP","35108","12","65.91796875","7","7000","12000000","42120","237607","237607","0","2902","1336","116"
"235","ALIGN_RAMP","35107","11","60.4248046875","-1","-1000","-8000000","42300","237608","237608","0","2902","1336","26"
"236","ALIGN_RAMP","35104","8","43.9453125","-3","-3000","-2000000","42480","237609","237609","0","2902","1336","2091"
"237","ALIGN_RAMP","35107","11","60.4248046875","3","3000","6000000","42660","237610","237610","0","2902","1336","2001"
"238","ALIGN_RAMP","35109","13","71.4111328125","2","2000","-1000000","42840","237611","237611","0","2902","1336","1911"
"239","ALIGN_RAMP","35110","14","76.904296875","1","1000","-1000000","43020","237612","237612","0","2902","1336","1821"
"240","ALIGN_RAMP","35106","10","54.931640625","-4","-4000","-5000000","43200","237613","237613","0","2902","1336","1731"
"241","ALIGN_RAMP","35105","9","49.4384765625","-1","-1000","3000000","43380","237614","237614","0","2902","1336","1641"
"242","ALIGN_RAMP","35103","7","38.4521484375","-2","-2000","-1000000","43560","237615","237615","0","2902","1336","1551"
"243","ALIGN_RAMP","35110","14","76.904296875","7","7000","9000000","43740","237616","237616","0","2902","1336","1461"
"244","ALIGN_RAMP","35102","6","32.958984375","-8","-8000","-15000000","43920","237617","237617","0","2902","1336","1371"
"245","ALIGN_RAMP","35106","10","54.931640625","4","4000","12000000","44100","237618","237618","0","2902","1336","1281"
"246","ALIGN_RAMP","35108","12","65.91796875","2","2000","-2000000","44280","237619","237619","0","2902","1336","1191"
"247","ALIGN_RAMP","35107","11","60.4248046875","-1","-1000","-3000000","44460","237620","237620","0","2902","1336","1101"
"248","ALIGN_RAMP","35106","10","54.931640625","-1","-1000","0","44640","237621","237621","0","2902","1336","1011"
"249","ALIGN_RAMP","35106","10","54.931640625","0","0","1000000","44820","237622","237622","0","2902","1336","921"
"250","ALIGN_RAMP","35108","12","65.91796875","2","2000","2000000","45000","237623","237623","0","2902","1336","831"
"251","ALIGN_RAMP","35108","12","65.91796875","0","0","-2000000","45180","237624","237624","0","2902","1336","741"
"252","ALIGN_RAMP","35105","9","49.4384765625","-3","-3000","-3000000","45360","237625","237625","0","2902","1336","651"
"253","ALIGN_RAMP","35104","8","43.9453125","-1","-1000","2000000","45540","237626","237626","0","2902","1336","561"
"254","ALIGN_RAMP","35106","10","54.931640625","2","2000","3000000","45720","237627","237627","0","2902","1336","471"
"255","ALIGN_RAMP","35104","8","43.9453125","-2","-2000","-4000000","45900","237628","237628","0","2902","1336","381"
"256","ALIGN_RAMP","35107","11","60.4248046875","3","3000","5000000","46080","237629","237629","0","2902","1336","291"
"257","ALIGN_RAMP","35105","9","49.4384765625","-2","-2000","-5000000","46260","237630","237630","0","2902","1336","201"
"258","ALIGN_RAMP","35108","12","65.91796875","3","3000","5000000","46440","237631","237631","0","2902","1336","111"
"259","ALIGN_RAMP","35107","11","60.4248046875","-1","-1000","-4000000","46620","237632","237632","0","2902","1336","21"
"260","ALIGN_RAMP","35106","10","54.931640625","-1","-1000","0","46800","237633","237633","0","2902","1336","2086"
"261","ALIGN_RAMP","35108","12","65.91796875","2","2000","3000000","46980","237634","237634","0","2902","1336","1996"
"262","ALIGN_RAMP","35107","11","60.4248046875","-1","-1000","-3000000","47160","237635","237635","0","2902","1336","1906"
"263","ALIGN_RAMP","35110","14","76.904296875","3","3000","4000000","47340","237636","237636","0","2902","1336","1816"
"264","ALIGN_RAMP","35105","9","49.4384765625","-5","-5000","-8000000","47520","237637","237637","0","2902","1336","1726"
"265","ALIGN_RAMP","35104","8","43.9453125","-1","-1000","4000000","47700","237638","237638","0","2902","1336","1636"
"266","ALIGN_RAMP","35108","12","65.91796875","4","4000","5000000","47880","237639","237639","0","2902","1336","1546"
"267","ALIGN_RAMP","35106","10","54.931640625","-2","-2000","-6000000","48060","237640","237640","0","2902","1336","1456"
"268","ALIGN_RAMP","35109","13","71.4111328125","3","3000","5000000","48240","237641","237641","0","2902","1336","1366"
"269","ALIGN_RAMP","35106","10","54.931640625","-3","-3000","-6000000","48420","237642","237642","0","2902","1336","1276"
"270","ALIGN_RAMP","35109","13","71.4111328125","3","3000","6000000","48600","237643","237643","0","2902","1336","1186"
"271","ALIGN_RAMP","35111","15","82.3974609375","2","2000","-1000000","48780","237644","237644","0","2902","1336","1096"
"272","ALIGN_RAMP","35106","10","54.931640625","-5","-5000","-7000000","48960","237645","237645","0","2902","1336","1006"
"273","ALIGN_RAMP","35107","11","60.4248046875","1","1000","6000000","49140","237646","237646","0","2902","1336","916"
"274","ALIGN_RAMP","35108","12","65.91796875","1","1000","0","49320","237647","237647","0","2902","1336","826"
"275","ALIGN_RAMP","35107","11","60.4248046875","-1","-1000","-2000000","49500","237648","237648","0","2902","1336","736"
"276","ALIGN_RAMP","35106","10","54.931640625","-1","-1000","0","49680","237649","237649","0","2902","1336","646"
"277","ALIGN_RAMP","35109","13","71.4111328125","3","3000","4000000","49860","237650","237650","0","2902","1336","556"
"278","ALIGN_RAMP","35108","12","65.91796875","-1","-1000","-4000000","50040","237651","237651","0","2902","1336","466"
"279","ALIGN_RAMP","35110","14","76.904296875","2","2000","3000000","50220","237652","237652","0","2902","1336","376"
"280","ALIGN_RAMP","35107","11","60.4248046875","-3","-3000","-5000000","50400","237653","237653","0","2902","1336","286"
"281","ALIGN_RAMP","35106","10","54.931640625","-1","-1000","2000000","50580","237654","237654","0","2902","1336","196"
"282","ALIGN_RAMP","35108","12","65.91796875","2","2000","3000000","50760","237655","237655","0","2902","1336","106"
"283","ALIGN_RAMP","35106","10","54.931640625","-2","-2000","-4000000","50940","237656","237656","0","2902","1336","16"
"284","ALIGN_RAMP","35106","10","54.931640625","0","0","2000000","51120","237657","237657","0","2902","1336","2081"
"285","ALIGN_RAMP","35106","10","54.931640625","0","0","0","51300","237658","237658","0","2902","1336","1991"
"286","ALIGN_RAMP","35106","10","54.931640625","0","0","0","51480","237659","237659","0","2902","1336","1901"
"287","ALIGN_RAMP","35110","14","76.904296875","4","4000","4000000","51660","237660","237660","0","2902","1336","1811"
"288","ALIGN_RAMP","35107","11","60.4248046875","-3","-3000","-7000000","51840","237661","237661","0","2902","1336","1721"
"289","ALIGN_RAMP","35105","9","49.4384765625","-2","-2000","1000000","52020","237662","237662","0","2902","1336","1631"
"290","ALIGN_RAMP","35106","10","54.931640625","1","1000","3000000","52200","237663","237663","0","2902","1336","1541"
"291","ALIGN_RAMP","35106","10","54.931640625","0","0","-1000000","52380","237664","237664","0","2902","1336","1451"
"292","ALIGN_RAMP","35106","10","54.931640625","0","0","0","52560","237665","237665","0","2902","1336","1361"
"293","ALIGN_RAMP","35107","11","60.4248046875","1","1000","1000000","52740","237666","237666","0","2902","1336","1271"
"294","ALIGN_RAMP","35110","14","76.904296875","3","3000","2000000","52920","237667","237667","0","2902","1336","1181"
"295","ALIGN_RAMP","35106","10","54.931640625","-4","-4000","-7000000","53100","237668","237668","0","2902","1336","1091"
"296","ALIGN_RAMP","35107","11","60.4248046875","1","1000","5000000","53280","237669","237669","0","2902","1336","1001"
"297","ALIGN_RAMP","35111","15","82.3974609375","4","4000","3000000","53460","237670","237670","0","2902","1336","911"
"298","ALIGN_RAMP","35107","11","60.4248046875","-4","-4000","-8000000","53640","237671","237671","0","2902","1336","821"
"299","ALIGN_RAMP","35108","12","65.91796875","1","1000","5000000","53820","237672","237672","0","2902","1336","731"
"300","ALIGN_RAMP","35106","10","54.931640625","-2","-2000","-3000000","54000","237673","237673","0","2902","1336","641"
"301","ALIGN_RAMP","35103","7","38.4521484375","-3","-3000","-1000000","54180","237674","237674","0","2902","1336","551"
"302","ALIGN_RAMP","35108","12","65.91796875","5","5000","8000000","54360","237675","237675","0","2902","1336","461"
"303","ALIGN_RAMP","35110","14","76.904296875","2","2000","-3000000","54540","237676","237676","0","2902","1336","371"
"304","ALIGN_RAMP","35105","9","49.4384765625","-5","-5000","-7000000","54720","237677","237677","0","2902","1336","281"
"305","ALIGN_RAMP","35107","11","60.4248046875","2","2000","7000000","54900","237678","237678","0","2902","1336","191"
"306","ALIGN_RAMP","35105","9","49.4384765625","-2","-2000","-4000000","55080","237679","237679","0","2902","1336","101"
"307","ALIGN_RAMP","35109","13","71.4111328125","4","4000","6000000","55260","237680","237680","0","2902","1336","11"
"308","ALIGN_RAMP","35107","11","60.4248046875","-2","-2000","-6000000","55440","237681","237681","0","2902","1336","2076"
"309","ALIGN_RAMP","35109","13","71.4111328125","2","2000","4000000","55620","237682","237682","0","2902","1336","1986"
"310","ALIGN_RAMP","35107","11","60.4248046875","-2","-2000","-4000000","55800","237683","237683","0","2902","1336","1896"
"311","ALIGN_RAMP","35109","13","71.4111328125","2","2000","4000000","55980","237684","237684","0","2902","1336","1806"
"312","ALIGN_RAMP","35107","11","60.4248046875","-2","-2000","-4000000","56160","237685","237685","0","2902","1336","1716"
"313","ALIGN_RAMP","35112","16","87.890625","5","5000","7000000","56340","237686","237686","0","2902","1336","1626"
"314","ALIGN_RAMP","35109","13","71.4111328125","-3","-3000","-8000000","56520","237687","237687","0","2902","1336","1536"
"315","ALIGN_RAMP","35107","11","60.4248046875","-2","-2000","1000000","56700","237688","237688","0","2902","1336","1446"
"316","ALIGN_RAMP","35108","12","65.91796875","1","1000","3000000","56880","237689","237689","0","2902","1336","1356"
"317","ALIGN_RAMP","35111","15","82.3974609375","3","3000","2000000","57060","237690","237690","0","2902","1336","1266"
"318","ALIGN_RAMP","35108","12","65.91796875","-3","-3000","-6000000","57240","237691","237691","0","2902","1336","1176"
"319","ALIGN_RAMP","35110","14","76.904296875","2","2000","5000000","57420","237692","237692","0","2902","1336","1086"
"320","ALIGN_RAMP","35108","12","65.91796875","-2","-2000","-4000000","57600","237693","237693","0","2902","1336","996"
"321","ALIGN_RAMP","35109","13","71.4111328125","1","1000","3000000","57780","237694","237694","0","2902","1336","906"
"322","ALIGN_RAMP","35109","13","71.4111328125","0","0","-1000000","57960","237695","237695","0","2902","1336","816"
"323","ALIGN_RAMP","35108","12","65.91796875","-1","-1000","-1000000","58140","237696","237696","0","2902","1336","726"
"324","ALIGN_RAMP","35110","14","76.904296875","2","2000","3000000","58320","237697","237697","0","2902","1336","636"
"325","ALIGN_RAMP","35109","13","71.4111328125","-1","-1000","-3000000","58500","237698","237698","0","2902","1336","546"
"326","ALIGN_RAMP","35105","9","49.4384765625","-4","-4000","-3000000","58680","237699","237699","0","2902","1336","456"
"327","ALIGN_RAMP","35112","16","87.890625","7","7000","11000000","58860","237700","237700","0","2902","1336","366"
"328","ALIGN_RAMP","35109","13","71.4111328125","-3","-3000","-10000000","59040","237701","237701","0","2902","1336","276"
"329","ALIGN_RAMP","35111","15","82.3974609375","2","2000","5000000","59220","237702","237702","0","2902","1336","186"
"330","ALIGN_RAMP","35107","11","60.4248046875","-4","-4000","-6000000","59400","237703","237703","0","2902","1336","96"
"331","ALIGN_RAMP","35103","7","38.4521484375","-4","-4000","0","59580","237704","237704","0","2902","1336","6"
"332","ALIGN_RAMP","35112","16","87.890625","9","9000","13000000","59760","237705","237705","0","2902","1336","2071"
"333","ALIGN_RAMP","35105","9","49.4384765625","-7","-7000","-16000000","59940","237706","237706","0","2902","1336","1981"
"334","ALIGN_RAMP","35108","12","65.91796875","3","3000","10000000","60120","237707","237707","0","2902","1336","1891"
"335","ALIGN_RAMP","35106","10","54.931640625","-2","-2000","-5000000","60300","237708","237708","0","2902","1336","1801"
"336","ALIGN_RAMP","35110","14","76.904296875","4","4000","6000000","60480","237709","237709","0","2902","1336","1711"
"337","ALIGN_RAMP","35112","16","87.890625","2","2000","-2000000","60660","237710","237710","0","2902","1336","1621"
"338","ALIGN_RAMP","35109","13","71.4111328125","-3","-3000","-5000000","60840","237711","237711","0","2902","1336","1531"
"339","ALIGN_RAMP","35107","11","60.4248046875","-2","-2000","1000000","61020","237712","237712","0","2902","1336","1441"
"340","ALIGN_RAMP","35109","13","71.4111328125","2","2000","4000000","61200","237713","237713","0","2902","1336","1351"
"341","ALIGN_RAMP","35106","10","54.931640625","-3","-3000","-5000000","61380","237714","237714","0","2902","1336","1261"
"342","ALIGN_RAMP","35112","16","87.890625","6","6000","9000000","61560","237715","237715","0","2902","1336","1171"
"343","ALIGN_RAMP","35111","15","82.3974609375","-1","-1000","-7000000","61740","237716","237716","0","2902","1336","1081"
"344","ALIGN_RAMP","35108","12","65.91796875","-3","-3000","-2000000","61920","237717","237717","0","2902","1336","991"
"345","ALIGN_RAMP","35105","9","49.4384765625","-3","-3000","0","62100","237718","237718","0","2902","1336","901"
"346","ALIGN_RAMP","35110","14","76.904296875","5","5000","8000000","62280","237719","237719","0","2902","1336","811"
"347","ALIGN_RAMP","35109","13","71.4111328125","-1","-1000","-6000000","62460","237720","237720","0","2902","1336","721"
"348","ALIGN_RAMP","35108","12","65.91796875","-1","-1000","0","62640","237721","237721","0","2902","1336","631"
"349","ALIGN_RAMP","35107","11","60.4248046875","-1","-1000","0","62820","237722","237722","0","2902","1336","541"
"350","ALIGN_RAMP","35107","11","60.4248046875","0","0","1000000","63000","237723","237723","0","2902","1336","451"
"351","ALIGN_RAMP","35109","13","71.4111328125","2","2000","2000000","63180","237724","237724","0","2902","1336","361"
"352","ALIGN_RAMP","35110","14","76.904296875","1","1000","-1000000","63360","237725","237725","0","2902","1336","271"
"353","ALIGN_RAMP","35110","14","76.904296875","0","0","-1000000","63540","237726","237726","0","2902","1336","181"
"354","ALIGN_RAMP","35110","14","76.904296875","0","0","0","63720","237727","237727","0","2902","1336","91"
"355","ALIGN_RAMP","35113","17","93.3837890625","3","3000","3000000","63900","237728","237728","0","2902","1336","1"
"356","ALIGN_RAMP","35109","13","71.4111328125","-4","-4000","-7000000","64080","237729","237729","0","2902","1336","2066"
"357","ALIGN_RAMP","35110","14","76.904296875","1","1000","5000000","64260","237730","237730","0","2902","1336","1976"
"358","ALIGN_RAMP","35108","12","65.91796875","-2","-2000","-3000000","64440","237731","237731","0","2902","1336","1886"
"359","ALIGN_RAMP","35105","9","49.4384765625","-3","-3000","-1000000","64620","237732","237732","0","2902","1336","1796"
"360","ALIGN_RAMP","35109","13","71.4111328125","4","4000","7000000","64800","237733","237733","0","2902","1336","1706"
"361","ALIGN_RAMP","35106","10","54.931640625","-3","-3000","-7000000","64980","237734","237734","0","2902","1336","1616"
"362","ALIGN_RAMP","35105","9","49.4384765625","-1","-1000","2000000","65160","237735","237735","0","2902","1336","1526"
"363","ALIGN_RAMP","35105","9","49.4384765625","0","0","1000000","65340","237736","237736","0","2902","1336","1436"
"364","ALIGN_RAMP","35107","11","60.4248046875","2","2000","2000000","65520","237737","237737","0","2902","1336","1346"
"365","ALIGN_RAMP","35108","12","65.91796875","1","1000","-1000000","65700","237738","237738","0","2902","1336","1256"
"366","ALIGN_RAMP","35109","13","71.4111328125","1","1000","0","65880","237739","237739","0","2902","1336","1166"
"367","ALIGN_RAMP","35106","10","54.931640625","-3","-3000","-4000000","66060","237740","237740","0","2902","1336","1076"
"368","ALIGN_RAMP","35111","15","82.3974609375","5","5000","8000000","66240","237741","237741","0","2902","1336","986"
"369","ALIGN_RAMP","35109","13","71.4111328125","-2","-2000","-7000000","66420","237742","237742","0","2902","1336","896"
"370","ALIGN_RAMP","35109","13","71.4111328125","0","0","2000000","66600","237743","237743","0","2902","1336","806"
"371","ALIGN_RAMP","35106","10","54.931640625","-3","-3000","-3000000","66780","237744","237744","0","2902","1336","716"
"372","ALIGN_RAMP","35107","11","60.4248046875","1","1000","4000000","66960","237745","237745","0","2902","1336","626"
"373","ALIGN_RAMP","35109","13","71.4111328125","2","2000","1000000","67140","237746","237746","0","2902","1336","536"
"374","ALIGN_RAMP","35107","11","60.4248046875","-2","-2000","-4000000","67320","237747","237747","0","2902","1336","446"
"375","ALIGN_RAMP","35104","8","43.9453125","-3","-3000","-1000000","67500","237748","237748","0","2902","1336","356"
"376","ALIGN_RAMP","35108","12","65.91796875","4","4000","7000000","67680","237749","237749","0","2902","1336","266"
"377","ALIGN_RAMP","35109","13","71.4111328125","1","1000","-3000000","67860","237750","237750","0","2902","1336","176"
"378","ALIGN_RAMP","35108","12","65.91796875","-1","-1000","-2000000","68040","237751","237751","0","2902","1336","86"
"379","ALIGN_RAMP","35106","10","54.931640625","-2","-2000","-1000000","68220","237752","237752","0","2902","1336","2151"
"380","ALIGN_RAMP","35104","8","43.9453125","-2","-2000","0","68400","237753","237753","0","2902","1336","2061"
"381","ALIGN_RAMP","35106","10","54.931640625","2","2000","4000000","68580","237754","237754","0","2902","1336","1971"
"382","ALIGN_RAMP","35110","14","76.904296875","4","4000","2000000","68760","237755","237755","0","2902","1336","1881"
"383","ALIGN_RAMP","35107","11","60.4248046875","-3","-3000","-7000000","68940","237756","237756","0","2902","1336","1791"
"384","ALIGN_RAMP","35109","13","71.4111328125","2","2000","5000000","69120","237757","237757","0","2902","1336","1701"
"385","ALIGN_RAMP","35111","15","82.3974609375","2","2000","0","69300","237758","237758","0","2902","1336","1611"
"386","ALIGN_RAMP","35109","13","71.4111328125","-2","-2000","-4000000","69480","237759","237759","0","2902","1336","1521"
"387","ALIGN_RAMP","35110","14","76.904296875","1","1000","3000000","69660","237760","237760","0","2902","1336","1431"
"388","ALIGN_RAMP","35108","12","65.91796875","-2","-2000","-3000000","69840","237761","237761","0","2902","1336","1341"
"389","ALIGN_RAMP","35104","8","43.9453125","-4","-4000","-2000000","70020","237762","237762","0","2902","1336","1251"
"390","ALIGN_RAMP","35109","13","71.4111328125","5","5000","9000000","70200","237763","237763","0","2902","1336","1161"
"391","ALIGN_RAMP","35106","10","54.931640625","-3","-3000","-8000000","70380","237764","237764","0","2902","1336","1071"
"392","ALIGN_RAMP","35108","12","65.91796875","2","2000","5000000","70560","237765","237765","0","2902","1336","981"
"393","ALIGN_RAMP","35107","11","60.4248046875","-1","-1000","-3000000","70740","237766","237766","0","2902","1336","891"
"394","ALIGN_RAMP","35106","10","54.931640625","-1","-1000","0","70920","237767","237767","0","2902","1336","801"
"395","ALIGN_RAMP","35107","11","60.4248046875","1","1000","2000000","71100","237768","237768","0","2902","1336","711"
"396","ALIGN_RAMP","35106","10","54.931640625","-1","-1000","-2000000","71280","237769","237769","0","2902","1336","621"
"397","ALIGN_RAMP","35108","12","65.91796875","2","2000","3000000","71460","237770","237770","0","2902","1336","531"
"398","ALIGN_RAMP","35106","10","54.931640625","-2","-2000","-4000000","71640","237771","237771","0","2902","1336","441"
"399","ALIGN_RAMP","35107","11","60.4248046875","1","1000","3000000","71820","237772","237772","0","2902","1336","351"
"400","ALIGN_RAMP","35105","9","49.4384765625","-2","-2000","-3000000","72000","237773","237773","0","2902","1336","327"
"401","ALIGN_RAMP","35110","14","76.904296875","5","5000","7000000","72180","237774","237774","0","2902","1336","171"
"402","ALIGN_RAMP","35106","10","54.931640625","-4","-4000","-9000000","72360","237775","237775","0","2902","1336","81"
"403","ALIGN_RAMP","35110","14","76.904296875","4","4000","8000000","72540","237776","237776","0","2902","1336","2146"
"404","ALIGN_RAMP","35107","11","60.4248046875","-3","-3000","-7000000","72720","237777","237777","0","2902","1336","2056"
"405","ALIGN_RAMP","35107","11","60.4248046875","0","0","3000000","72900","237778","237778","0","2902","1336","1966"
"406","ALIGN_RAMP","35105","9","49.4384765625","-2","-2000","-2000000","73080","237779","237779","0","2902","1336","1876"
"407","ALIGN_RAMP","35106","10","54.931640625","1","1000","3000000","73260","237780","237780","0","2902","1336","1786"
"408","ALIGN_RAMP","35109","13","71.4111328125","3","3000","2000000","73440","237781","237781","0","2902","1336","1696"
"409","ALIGN_RAMP","35107","11","60.4248046875","-2","-2000","-5000000","73620","237782","237782","0","2902","1336","1606"
"410","ALIGN_RAMP","35104","8","43.9453125","-3","-3000","-1000000","73800","237783","237783","0","2902","1336","1516"
"411","ALIGN_RAMP","35107","11","60.4248046875","3","3000","6000000","73980","237784","237784","0","2902","1336","1426"
"412","ALIGN_RAMP","35109","13","71.4111328125","2","2000","-1000000","74160","237785","237785","0","2902","1336","1336"
"413","ALIGN_RAMP","35105","9","49.4384765625","-4","-4000","-6000000","74340","237786","237786","0","2902","1336","1246"
"414","ALIGN_RAMP","35109","13","71.4111328125","4","4000","8000000","74520","237787","237787","0","2902","1336","1156"
"415","ALIGN_RAMP","35105","9","49.4384765625","-4","-4000","-8000000","74700","237788","237788","0","2902","1336","1066"
"416","ALIGN_RAMP","35107","11","60.4248046875","2","2000","6000000","74880","237789","237789","0","2902","1336","976"
"417","ALIGN_RAMP","35106","10","54.931640625","-1","-1000","-3000000","75060","237790","237790","0","2902","1336","886"
"418","ALIGN_RAMP","35105","9","49.4384765625","-1","-1000","0","75240","237791","237791","0","2902","1336","796"
"419","ALIGN_RAMP","35107","11","60.4248046875","2","2000","3000000","75420","237792","237792","0","2902","1336","706"
"420","ALIGN_RAMP","35109","13","71.4111328125","2","2000","0","75600","237793","237793","0","2902","1336","616"
"421","ALIGN_RAMP","35104","8","43.9453125","-5","-5000","-7000000","75780","237794","237794","0","2902","1336","526"
"422","ALIGN_RAMP","35104","8","43.9453125","0","0","5000000","75960","237795","237795","0","2902","1336","436"
"423","ALIGN_RAMP","35106","10","54.931640625","2","2000","2000000","76140","237796","237796","0","2902","1336","346"
"424","ALIGN_RAMP","35107","11","60.4248046875","1","1000","-1000000","76320","237797","237797","0","2902","1336","256"
"425","ALIGN_RAMP","35108","12","65.91796875","1","1000","0","76500","237798","237798","0","2902","1336","166"
"426","ALIGN_RAMP","35104","8","43.9453125","-4","-4000","-5000000","76680","237799","237799","0","2902","1336","76"
"427","ALIGN_RAMP","35107","11","60.4248046875","3","3000","7000000","76860","237800","237800","0","2902","1336","2141"
"428","ALIGN_RAMP","35106","10","54.931640625","-1","-1000","-4000000","77040","237801","237801","0","2902","1336","2051"
"429","ALIGN_RAMP","35104","8","43.9453125","-2","-2000","-1000000","77220","237802","237802","0","2902","1336","1961"
"430","ALIGN_RAMP","35107","11","60.4248046875","3","3000","5000000","77400","237803","237803","0","2902","1336","1871"
"431","ALIGN_RAMP","35105","9","49.4384765625","-2","-2000","-5000000","77580","237804","237804","0","2902","1336","1781"
"432","ALIGN_RAMP","35106","10","54.931640625","1","1000","3000000","77760","237805","237805","0","2902","1336","1691"
"433","ALIGN_RAMP","35106","10","54.931640625","0","0","-1000000","77940","237806","237806","0","2902","1336","1601"
"434","ALIGN_RAMP","35103","7","38.4521484375","-3","-3000","-3000000","78120","237807","237807","0","2902","1336","1511"
"435","ALIGN_RAMP","35106","10","54.931640625","3","3000","6000000","78300","237808","237808","0","2902","1336","1421"
"436","ALIGN_RAMP","35107","11","60.4248046875","1","1000","-2000000","78480","237809","237809","0","2902","1336","1331"
"437","ALIGN_RAMP","35104","8","43.9453125","-3","-3000","-4000000","78660","237810","237810","0","2902","1336","1241"
"438","ALIGN_RAMP","35107","11","60.4248046875","3","3000","6000000","78840","237811","237811","0","2902","1336","1151"
"439","ALIGN_RAMP","35104","8","43.9453125","-3","-3000","-6000000","79020","237812","237812","0","2902","1336","1061"
"440","ALIGN_RAMP","35105","9","49.4384765625","1","1000","4000000","79200","237813","237813","0","2902","1336","971"
"441","ALIGN_RAMP","35108","12","65.91796875","3","3000","2000000","79380","237814","237814","0","2902","1336","881"
"442","ALIGN_RAMP","35108","12","65.91796875","0","0","-3000000","79560","237815","237815","0","2902","1336","791"
"443","ALIGN_RAMP","35106","10","54.931640625","-2","-2000","-2000000","79740","237816","237816","0","2902","1336","701"
"444","ALIGN_RAMP","35107","11","60.4248046875","1","1000","3000000","79920","237817","237817","0","2902","1336","611"
"445","ALIGN_RAMP","35105","9","49.4384765625","-2","-2000","-3000000","80100","237818","237818","0","2902","1336","521"
"446","ALIGN_RAMP","35106","10","54.931640625","1","1000","3000000","80280","237819","237819","0","2902","1336","431"
"447","ALIGN_RAMP","35107","11","60.4248046875","1","1000","0","80460","237820","237820","0","2902","1336","341"
"448","ALIGN_RAMP","35105","9","49.4384765625","-2","-2000","-3000000","80640","237821","237821","0","2902","1336","251"
"449","ALIGN_RAMP","35105","9","49.4384765625","0","0","2000000","80820","237822","237822","0","2902","1336","161"
"450","ALIGN_RAMP","35107","11","60.4248046875","2","2000","2000000","81000","237823","237823","0","2902","1336","71"
"451","ALIGN_RAMP","35105","9","49.4384765625","-2","-2000","-4000000","81180","237824","237824","0","2902","1336","2136"
"452","ALIGN_RAMP","35107","11","60.4248046875","2","2000","4000000","81360","237825","237825","0","2902","1336","2046"
"453","ALIGN_RAMP","35109","13","71.4111328125","2","2000","0","81540","237826","237826","0","2902","1336","1956"
"454","ALIGN_RAMP","35104","8","43.9453125","-5","-5000","-7000000","81720","237827","237827","0","2902","1336","1866"
"455","ALIGN_RAMP","35103","7","38.4521484375","-1","-1000","4000000","81900","237828","237828","0","2902","1336","1776"
"456","ALIGN_RAMP","35107","11","60.4248046875","4","4000","5000000","82080","237829","237829","0","2902","1336","1686"
"457","ALIGN_RAMP","35106","10","54.931640625","-1","-1000","-5000000","82260","237830","237830","0","2902","1336","1596"
"458","ALIGN_RAMP","35107","11","60.4248046875","1","1000","2000000","82440","237831","237831","0","2902","1336","1506"
"459","ALIGN_RAMP","35104","8","43.9453125","-3","-3000","-4000000","82620","237832","237832","0","2902","1336","1416"
"460","ALIGN_RAMP","35104","8","43.9453125","0","0","3000000","82800","237833","237833","0","2902","1336","1326"
"461","ALIGN_RAMP","35106","10","54.931640625","2","2000","2000000","82980","237834","237834","0","2902","1336","1236"
"462","ALIGN_RAMP","35107","11","60.4248046875","1","1000","-1000000","83160","237835","237835","0","2902","1336","1146"
"463","ALIGN_RAMP","35105","9","49.4384765625","-2","-2000","-3000000","83340","237836","237836","0","2902","1336","1056"
"464","ALIGN_RAMP","35104","8","43.9453125","-1","-1000","1000000","83520","237837","237837","0","2902","1336","966"
"465","ALIGN_RAMP","35106","10","54.931640625","2","2000","3000000","83700","237838","237838","0","2902","1336","876"
"466","ALIGN_RAMP","35103","7","38.4521484375","-3","-3000","-5000000","83880","237839","237839","0","2902","1336","786"
"467","ALIGN_RAMP","35104","8","43.9453125","1","1000","4000000","84060","237840","237840","0","2902","1336","696"
"468","ALIGN_RAMP","35108","12","65.91796875","4","4000","3000000","84240","237841","237841","0","2902","1336","606"
"469","ALIGN_RAMP","35107","11","60.4248046875","-1","-1000","-5000000","84420","237842","237842","0","2902","1336","516"
"470","ALIGN_RAMP","35107","11","60.4248046875","0","0","1000000","84600","237843","237843","0","2902","1336","426"
"471","ALIGN_RAMP","35107","11","60.4248046875","0","0","0","84780","237844","237844","0","2902","1336","336"
"472","ALIGN_RAMP","35105","9","49.4384765625","-2","-2000","-2000000","84960","237845","237845","0","2902","1336","246"
"473","ALIGN_RAMP","35103","7","38.4521484375","-2","-2000","0","85140","237846","237846","0","2902","1336","156"
"474","ALIGN_RAMP","35103","7","38.4521484375","0","0","2000000","85320","237847","237847","0","2902","1336","66"
"475","ALIGN_RAMP","35105","9","49.4384765625","2","2000","2000000","85500","237848","237848","0","2902","1336","2131"
"476","ALIGN_RAMP","35109","13","71.4111328125","4","4000","2000000","85680","237849","237849","0","2902","1336","2041"
"477","ALIGN_RAMP","35105","9","49.4384765625","-4","-4000","-8000000","85860","237850","237850","0","2902","1336","1951"
"478","ALIGN_RAMP","35105","9","49.4384765625","0","0","4000000","86040","237851","237851","0","2902","1336","1861"
"479","ALIGN_RAMP","35104","8","43.9453125","-1","-1000","-1000000","86220","237852","237852","0","2902","1336","1771"
"480","ALIGN_RAMP","35108","12","65.91796875","4","4000","5000000","86400","237853","237853","0","2902","1336","1681"
"481","ALIGN_RAMP","35105","9","49.4384765625","-3","-3000","-7000000","86580","237854","237854","0","2902","1336","1591"
"482","ALIGN_RAMP","35106","10","54.931640625","1","1000","4000000","86760","237855","237855","0","2902","1336","1501"
"483","ALIGN_RAMP","35105","9","49.4384765625","-1","-1000","-2000000","86940","237856","237856","0","2902","1336","1411"
"484","ALIGN_RAMP","35105","9","49.4384765625","0","0","1000000","87120","237857","237857","0","2902","1336","1321"
"485","ALIGN_RAMP","35106","10","54.931640625","1","1000","1000000","87300","237858","237858","0","2902","1336","1231"
"486","ALIGN_RAMP","35106","10","54.931640625","0","0","-1000000","87480","237859","237859","0","2902","1336","1141"
"487","ALIGN_RAMP","35105","9","49.4384765625","-1","-1000","-1000000","87660","237860","237860","0","2902","1336","1051"
"488","ALIGN_RAMP","35109","13","71.4111328125","4","4000","5000000","87840","237861","237861","0","2902","1336","961"
"489","ALIGN_RAMP","35104","8","43.9453125","-5","-5000","-9000000","88020","237862","237862","0","2902","1336","871"
"490","ALIGN_RAMP","35105","9","49.4384765625","1","1000","6000000","88200","237863","237863","0","2902","1336","781"
"491","ALIGN_RAMP","35105","9","49.4384765625","0","0","-1000000","88380","237864","237864","0","2902","1336","691"
"492","ALIGN_RAMP","35105","9","49.4384765625","0","0","0","88560","237865","237865","0","2902","1336","601"
"493","ALIGN_RAMP","35106","10","54.931640625","1","1000","1000000","88740","237866","237866","0","2902","1336","511"
"494","ALIGN_RAMP","35106","10","54.931640625","0","0","-1000000","88920","237867","237867","0","2902","1336","421"
"495","ALIGN_RAMP","35101","5","27.4658203125","-5","-5000","-5000000","89100","237868","237868","0","2902","1336","331"
"496","ALIGN_RAMP","35104","8","43.9453125","3","3000","8000000","89280","237869","237869","0","2902","1336","241"
"497","ALIGN_RAMP","35103","7","38.4521484375","-1","-1000","-4000000","89460","237870","237870","0","2902","1336","151"
"498","ALIGN_RAMP","35102","6","32.958984375","-1","-1000","0","89640","237871","237871","0","2902","1336","61"
"499","ALIGN_RAMP","35107","11","60.4248046875","5","5000","6000000","89820","237872","237872","0","2902","1336","2126"
"500","ALIGN_RAMP","35107","11","60.4248046875","0","0","-5000000","90000","237873","237873","0","2903","1336","2036"
"501","ALIGN_HOLD","35105","9","49.4384765625","-2","-2000","-2000000","90000","237874","237874","0","2903","1336","1946"
"502","ALIGN_HOLD","35105","9","49.4384765625","0","0","2000000","90000","237875","237875","0","2903","1336","1856"
"503","ALIGN_HOLD","35106","10","54.931640625","1","1000","1000000","90000","237876","237876","0","2903","1336","1766"
"504","ALIGN_HOLD","35106","10","54.931640625","0","0","-1000000","90000","237877","237877","0","2903","1336","1676"
"505","ALIGN_HOLD","35104","8","43.9453125","-2","-2000","-2000000","90000","237878","237878","0","2903","1336","1586"
"506","ALIGN_HOLD","35105","9","49.4384765625","1","1000","3000000","90000","237879","237879","0","2903","1336","1496"
"507","ALIGN_HOLD","35106","10","54.931640625","1","1000","0","90000","237880","237880","0","2903","1336","1406"
"508","ALIGN_HOLD","35103","7","38.4521484375","-3","-3000","-4000000","90000","237881","237881","0","2903","1336","1316"
"509","ALIGN_HOLD","35104","8","43.9453125","1","1000","4000000","90000","237882","237882","0","2903","1336","1226"
"510","ALIGN_HOLD","35105","9","49.4384765625","1","1000","0","90000","237883","237883","0","2903","1336","1136"
"511","ALIGN_HOLD","35106","10","54.931640625","1","1000","0","90000","237884","237884","0","2903","1336","1046"
"512","ALIGN_HOLD","35105","9","49.4384765625","-1","-1000","-2000000","90000","237885","237885","0","2903","1336","956"
"513","ALIGN_HOLD","35107","11","60.4248046875","2","2000","3000000","90000","237886","237886","0","2903","1336","866"
"514","ALIGN_HOLD","35107","11","60.4248046875","0","0","-2000000","90000","237887","237887","0","2903","1336","776"
"515","ALIGN_HOLD","35105","9","49.4384765625","-2","-2000","-2000000","90000","237888","237888","0","2903","1336","686"
"516","ALIGN_HOLD","35105","9","49.4384765625","0","0","2000000","90000","237889","237889","0","2903","1336","596"
"517","ALIGN_HOLD","35105","9","49.4384765625","0","0","0","90000","237890","237890","0","2903","1336","506"
"518","ALIGN_HOLD","35105","9","49.4384765625","0","0","0","90000","237891","237891","0","2903","1336","416"
"519","ALIGN_HOLD","35106","10","54.931640625","1","1000","1000000","90000","237892","237892","0","2903","1336","326"
"520","ALIGN_HOLD","35102","6","32.958984375","-4","-4000","-5000000","90000","237893","237893","0","2903","1336","236"
"521","ALIGN_HOLD","35109","13","71.4111328125","7","7000","11000000","90000","237894","237894","0","2903","1336","146"
"522","ALIGN_HOLD","35103","7","38.4521484375","-6","-6000","-13000000","90000","237895","237895","0","2903","1336","56"
"523","ALIGN_HOLD","35105","9","49.4384765625","2","2000","8000000","90000","237896","237896","0","2903","1336","2121"
"524","ALIGN_HOLD","35104","8","43.9453125","-1","-1000","-3000000","90000","237897","237897","0","2903","1336","2031"
"525","ALIGN_HOLD","35105","9","49.4384765625","1","1000","2000000","90000","237898","237898","0","2903","1336","1941"
"526","ALIGN_HOLD","35106","10","54.931640625","1","1000","0","90000","237899","237899","0","2903","1336","1851"
"527","ALIGN_HOLD","35103","7","38.4521484375","-3","-3000","-4000000","90000","237900","237900","0","2903","1336","1761"
"528","ALIGN_HOLD","35107","11","60.4248046875","4","4000","7000000","90000","237901","237901","0","2903","1336","1671"
"529","ALIGN_HOLD","35106","10","54.931640625","-1","-1000","-5000000","90000","237902","237902","0","2903","1336","1581"
"530","ALIGN_HOLD","35106","10","54.931640625","0","0","1000000","90000","237903","237903","0","2903","1336","1491"
"531","ALIGN_HOLD","35104","8","43.9453125","-2","-2000","-2000000","90000","237904","237904","0","2903","1336","1401"
"532","ALIGN_HOLD","35106","10","54.931640625","2","2000","4000000","90000","237905","237905","0","2903","1336","1311"
"533","ALIGN_HOLD","35104","8","43.9453125","-2","-2000","-4000000","90000","237906","237906","0","2903","1336","1221"
"534","ALIGN_HOLD","35109","13","71.4111328125","5","5000","7000000","90000","237907","237907","0","2903","1336","1131"
"535","ALIGN_HOLD","35106","10","54.931640625","-3","-3000","-8000000","90000","237908","237908","0","2903","1336","1041"
"536","ALIGN_HOLD","35106","10","54.931640625","0","0","3000000","90000","237909","237909","0","2903","1336","951"
"537","ALIGN_HOLD","35108","12","65.91796875","2","2000","2000000","90000","237910","237910","0","2903","1336","861"
"538","ALIGN_HOLD","35104","8","43.9453125","-4","-4000","-6000000","90000","237911","237911","0","2903","1336","771"
"539","ALIGN_HOLD","35107","11","60.4248046875","3","3000","7000000","90000","237912","237912","0","2903","1336","681"
"540","ALIGN_HOLD","35104","8","43.9453125","-3","-3000","-6000000","90000","237913","237913","0","2903","1336","591"
"541","ALIGN_HOLD","35106","10","54.931640625","2","2000","5000000","90000","237914","237914","0","2903","1336","501"
"542","ALIGN_HOLD","35104","8","43.9453125","-2","-2000","-4000000","90000","237915","237915","0","2903","1336","411"
"543","ALIGN_HOLD","35105","9","49.4384765625","1","1000","3000000","90000","237916","237916","0","2903","1336","321"
"544","ALIGN_HOLD","35107","11","60.4248046875","2","2000","1000000","90000","237917","237917","0","2903","1336","231"
"545","ALIGN_HOLD","35107","11","60.4248046875","0","0","-2000000","90000","237918","237918","0","2903","1336","141"
"546","ALIGN_HOLD","35104","8","43.9453125","-3","-3000","-3000000","90000","237919","237919","0","2903","1336","51"
"547","ALIGN_HOLD","35103","7","38.4521484375","-1","-1000","2000000","90000","237920","237920","0","2903","1336","2116"
"548","ALIGN_HOLD","35105","9","49.4384765625","2","2000","3000000","90000","237921","237921","0","2903","1336","2026"
"549","ALIGN_HOLD","35104","8","43.9453125","-1","-1000","-3000000","90000","237922","237922","0","2903","1336","1936"
"550","ALIGN_HOLD","35104","8","43.9453125","0","0","1000000","90000","237923","237923","0","2903","1336","1846"
"551","ALIGN_HOLD","35104","8","43.9453125","0","0","0","90000","237924","237924","0","2903","1336","1756"
"552","ALIGN_HOLD","35104","8","43.9453125","0","0","0","90000","237925","237925","0","2903","1336","1666"
"553","ALIGN_HOLD","35104","8","43.9453125","0","0","0","90000","237926","237926","0","2903","1336","1576"
"554","ALIGN_HOLD","35106","10","54.931640625","2","2000","2000000","90000","237927","237927","0","2903","1336","1486"
"555","ALIGN_HOLD","35108","12","65.91796875","2","2000","0","90000","237928","237928","0","2903","1336","1396"
"556","ALIGN_HOLD","35108","12","65.91796875","0","0","-2000000","90000","237929","237929","0","2903","1336","1306"
"557","ALIGN_HOLD","35105","9","49.4384765625","-3","-3000","-3000000","90000","237930","237930","0","2903","1336","1216"
"558","ALIGN_HOLD","35106","10","54.931640625","1","1000","4000000","90000","237931","237931","0","2903","1336","1126"
"559","ALIGN_HOLD","35103","7","38.4521484375","-3","-3000","-4000000","90000","237932","237932","0","2903","1336","1036"
"560","ALIGN_HOLD","35105","9","49.4384765625","2","2000","5000000","90000","237933","237933","0","2903","1336","946"
"561","ALIGN_HOLD","35106","10","54.931640625","1","1000","-1000000","90000","237934","237934","0","2903","1336","856"
"562","ALIGN_HOLD","35107","11","60.4248046875","1","1000","0","90000","237935","237935","0","2903","1336","766"
"563","ALIGN_HOLD","35106","10","54.931640625","-1","-1000","-2000000","90000","237936","237936","0","2903","1336","676"
"564","ALIGN_HOLD","35103","7","38.4521484375","-3","-3000","-2000000","90000","237937","237937","0","2903","1336","586"
"565","ALIGN_HOLD","35105","9","49.4384765625","2","2000","5000000","90000","237938","237938","0","2903","1336","496"
"566","ALIGN_HOLD","35103","7","38.4521484375","-2","-2000","-4000000","90000","237939","237939","0","2903","1336","406"
"567","ALIGN_HOLD","35106","10","54.931640625","3","3000","5000000","90000","237940","237940","0","2903","1336","316"
"568","ALIGN_HOLD","35105","9","49.4384765625","-1","-1000","-4000000","90000","237941","237941","0","2903","1336","226"
"569","ALIGN_HOLD","35104","8","43.9453125","-1","-1000","0","90000","237942","237942","0","2903","1336","136"
"570","ALIGN_HOLD","35106","10","54.931640625","2","2000","3000000","90000","237943","237943","0","2903","1336","46"
"571","ALIGN_HOLD","35103","7","38.4521484375","-3","-3000","-5000000","90000","237944","237944","0","2903","1336","2111"
"572","ALIGN_HOLD","35104","8","43.9453125","1","1000","4000000","90000","237945","237945","0","2903","1336","2021"
"573","ALIGN_HOLD","35104","8","43.9453125","0","0","-1000000","90000","237946","237946","0","2903","1336","1931"
"574","ALIGN_HOLD","35103","7","38.4521484375","-1","-1000","-1000000","90000","237947","237947","0","2903","1336","1841"
"575","ALIGN_HOLD","35104","8","43.9453125","1","1000","2000000","90000","237948","237948","0","2903","1336","1751"
"576","ALIGN_HOLD","35106","10","54.931640625","2","2000","1000000","90000","237949","237949","0","2903","1336","1661"
"577","ALIGN_HOLD","35106","10","54.931640625","0","0","-2000000","90000","237950","237950","0","2903","1336","1571"
"578","ALIGN_HOLD","35108","12","65.91796875","2","2000","2000000","90000","237951","237951","0","2903","1336","1481"
"579","ALIGN_HOLD","35105","9","49.4384765625","-3","-3000","-5000000","90000","237952","237952","0","2903","1336","1391"
"580","ALIGN_HOLD","35106","10","54.931640625","1","1000","4000000","90000","237953","237953","0","2903","1336","1301"
"581","ALIGN_HOLD","35105","9","49.4384765625","-1","-1000","-2000000","90000","237954","237954","0","2903","1336","1211"
"582","ALIGN_HOLD","35104","8","43.9453125","-1","-1000","0","90000","237955","237955","0","2903","1336","1121"
"583","ALIGN_HOLD","35109","13","71.4111328125","5","5000","6000000","90000","237956","237956","0","2903","1336","1031"
"584","ALIGN_HOLD","35105","9","49.4384765625","-4","-4000","-9000000","90000","237957","237957","0","2903","1336","941"
"585","ALIGN_HOLD","35106","10","54.931640625","1","1000","5000000","90000","237958","237958","0","2903","1336","851"
"586","ALIGN_HOLD","35106","10","54.931640625","0","0","-1000000","90000","237959","237959","0","2903","1336","761"
"587","ALIGN_HOLD","35106","10","54.931640625","0","0","0","90000","237960","237960","0","2903","1336","671"
"588","ALIGN_HOLD","35107","11","60.4248046875","1","1000","1000000","90000","237961","237961","0","2903","1336","581"
"589","ALIGN_HOLD","35104","8","43.9453125","-3","-3000","-4000000","90000","237962","237962","0","2903","1336","491"
"590","ALIGN_HOLD","35106","10","54.931640625","2","2000","5000000","90000","237963","237963","0","2903","1336","401"
"591","ALIGN_HOLD","35107","11","60.4248046875","1","1000","-1000000","90000","237964","237964","0","2903","1336","311"
"592","ALIGN_HOLD","35108","12","65.91796875","1","1000","0","90000","237965","237965","0","2903","1336","221"
"593","ALIGN_HOLD","35106","10","54.931640625","-2","-2000","-3000000","90000","237966","237966","0","2903","1336","131"
"594","ALIGN_HOLD","35107","11","60.4248046875","1","1000","3000000","90000","237967","237967","0","2903","1336","41"
"595","ALIGN_HOLD","35106","10","54.931640625","-1","-1000","-2000000","90000","237968","237968","0","2903","1336","2106"
"596","ALIGN_HOLD","35105","9","49.4384765625","-1","-1000","0","90000","237969","237969","0","2903","1336","2016"
"597","ALIGN_HOLD","35104","8","43.9453125","-1","-1000","0","90000","237970","237970","0","2903","1336","1926"
"598","ALIGN_HOLD","35103","7","38.4521484375","-1","-1000","0","90000","237971","237971","0","2903","1336","1836"
"599","ALIGN_HOLD","35103","7","38.4521484375","0","0","1000000","90000","237972","237972","0","2903","1336","1746"
"600","ALIGN_HOLD","35103","7","38.4521484375","0","0","0","90000","237973","237973","0","2903","1336","1722"
"601","ALIGN_HOLD","35109","13","71.4111328125","6","6000","6000000","90000","237974","237974","0","2903","1336","1566"
"602","ALIGN_HOLD","35104","8","43.9453125","-5","-5000","-11000000","90000","237975","237975","0","2903","1336","1476"
"603","ALIGN_HOLD","35103","7","38.4521484375","-1","-1000","4000000","90000","237976","237976","0","2903","1336","1386"
"604","ALIGN_HOLD","35105","9","49.4384765625","2","2000","3000000","90000","237977","237977","0","2903","1336","1296"
"605","ALIGN_HOLD","35104","8","43.9453125","-1","-1000","-3000000","90000","237978","237978","0","2903","1336","1206"
"606","ALIGN_HOLD","35105","9","49.4384765625","1","1000","2000000","90000","237979","237979","0","2903","1336","1116"
"607","ALIGN_HOLD","35105","9","49.4384765625","0","0","-1000000","90000","237980","237980","0","2903","1336","1026"
"608","ALIGN_HOLD","35104","8","43.9453125","-1","-1000","-1000000","90000","237981","237981","0","2903","1336","936"
"609","ALIGN_HOLD","35105","9","49.4384765625","1","1000","2000000","90000","237982","237982","0","2903","1336","846"
"610","ALIGN_HOLD","35111","15","82.3974609375","6","6000","5000000","90000","237983","237983","0","2903","1336","756"
"611","ALIGN_HOLD","35108","12","65.91796875","-3","-3000","-9000000","90000","237984","237984","0","2903","1336","666"
"612","ALIGN_HOLD","35105","9","49.4384765625","-3","-3000","0","90000","237985","237985","0","2903","1336","576"
"613","ALIGN_HOLD","35107","11","60.4248046875","2","2000","5000000","90000","237986","237986","0","2903","1336","486"
"614","ALIGN_HOLD","35106","10","54.931640625","-1","-1000","-3000000","90000","237987","237987","0","2903","1336","396"
"615","ALIGN_HOLD","35101","5","27.4658203125","-5","-5000","-4000000","90000","237988","237988","0","2903","1336","306"
"616","ALIGN_HOLD","35109","13","71.4111328125","8","8000","13000000","90000","237989","237989","0","2903","1336","216"
"617","ALIGN_HOLD","35105","9","49.4384765625","-4","-4000","-12000000","90000","237990","237990","0","2903","1336","126"
"618","ALIGN_HOLD","35105","9","49.4384765625","0","0","4000000","90000","237991","237991","0","2903","1336","36"
"619","ALIGN_HOLD","35104","8","43.9453125","-1","-1000","-1000000","90000","237992","237992","0","2903","1336","2101"
"620","ALIGN_HOLD","35103","7","38.4521484375","-1","-1000","0","90000","237993","237993","0","2903","1336","2011"
"621","ALIGN_HOLD","35107","11","60.4248046875","4","4000","5000000","90000","237994","237994","0","2903","1336","1921"
"622","ALIGN_HOLD","35101","5","27.4658203125","-6","-6000","-10000000","90000","237995","237995","0","2903","1336","1831"
"623","ALIGN_HOLD","35105","9","49.4384765625","4","4000","10000000","90000","237996","237996","0","2903","1336","1741"
"624","ALIGN_HOLD","35104","8","43.9453125","-1","-1000","-5000000","90000","237997","237997","0","2903","1336","1651"
"625","ALIGN_HOLD","35104","8","43.9453125","0","0","1000000","90000","237998","237998","0","2903","1336","1561"
"626","ALIGN_HOLD","35104","8","43.9453125","0","0","0","90000","237999","237999","0","2903","1336","1471"
"627","ALIGN_HOLD","35107","11","60.4248046875","3","3000","3000000","90000","238000","238000","0","2903","1336","1381"
"628","ALIGN_HOLD","35105","9","49.4384765625","-2","-2000","-5000000","90000","238001","238001","0","2903","1336","1291"
"629","ALIGN_HOLD","35105","9","49.4384765625","0","0","2000000","90000","238002","238002","0","2903","1336","1201"
"630","ALIGN_HOLD","35105","9","49.4384765625","0","0","0","90000","238003","238003","0","2903","1336","1111"
"631","ALIGN_HOLD","35105","9","49.4384765625","0","0","0","90000","238004","238004","0","2903","1336","1021"
"632","ALIGN_HOLD","35106","10","54.931640625","1","1000","1000000","90000","238005","238005","0","2903","1336","931"
"633","ALIGN_HOLD","35107","11","60.4248046875","1","1000","0","90000","238006","238006","0","2903","1336","841"
"634","ALIGN_HOLD","35107","11","60.4248046875","0","0","-1000000","90000","238007","238007","0","2903","1336","751"
"635","ALIGN_HOLD","35105","9","49.4384765625","-2","-2000","-2000000","90000","238008","238008","0","2903","1336","661"
"636","ALIGN_HOLD","35105","9","49.4384765625","0","0","2000000","90000","238009","238009","0","2903","1336","571"
"637","ALIGN_HOLD","35107","11","60.4248046875","2","2000","2000000","90000","238010","238010","0","2903","1336","481"
"638","ALIGN_HOLD","35104","8","43.9453125","-3","-3000","-5000000","90000","238011","238011","0","2903","1336","391"
"639","ALIGN_HOLD","35106","10","54.931640625","2","2000","5000000","90000","238012","238012","0","2903","1336","301"
"640","ALIGN_HOLD","35105","9","49.4384765625","-1","-1000","-3000000","90000","238013","238013","0","2903","1336","211"
"641","ALIGN_HOLD","35106","10","54.931640625","1","1000","2000000","90000","238014","238014","0","2903","1336","121"
"642","ALIGN_HOLD","35105","9","49.4384765625","-1","-1000","-2000000","90000","238015","238015","0","2903","1336","31"
"643","ALIGN_HOLD","35104","8","43.9453125","-1","-1000","0","90000","238016","238016","0","2903","1336","2096"
"644","ALIGN_HOLD","35108","12","65.91796875","4","4000","5000000","90000","238017","238017","0","2903","1336","2006"
"645","ALIGN_HOLD","35104","8","43.9453125","-4","-4000","-8000000","90000","238018","238018","0","2903","1336","1916"
"646","ALIGN_HOLD","35108","12","65.91796875","4","4000","8000000","90000","238019","238019","0","2903","1336","1826"
"647","ALIGN_HOLD","35105","9","49.4384765625","-3","-3000","-7000000","90000","238020","238020","0","2903","1336","1736"
"648","ALIGN_HOLD","35104","8","43.9453125","-1","-1000","2000000","90000","238021","238021","0","2903","1336","1646"
"649","ALIGN_HOLD","35105","9","49.4384765625","1","1000","2000000","90000","238022","238022","0","2903","1336","1556"
"650","ALIGN_HOLD","35105","9","49.4384765625","0","0","-1000000","90000","238023","238023","0","2903","1336","1466"
"651","ALIGN_HOLD","35103","7","38.4521484375","-2","-2000","-2000000","90000","238024","238024","0","2903","1336","1376"
"652","ALIGN_HOLD","35106","10","54.931640625","3","3000","5000000","90000","238025","238025","0","2903","1336","1286"
"653","ALIGN_HOLD","35104","8","43.9453125","-2","-2000","-5000000","90000","238026","238026","0","2903","1336","1196"
"654","ALIGN_HOLD","35106","10","54.931640625","2","2000","4000000","90000","238027","238027","0","2903","1336","1106"
"655","ALIGN_HOLD","35103","7","38.4521484375","-3","-3000","-5000000","90000","238028","238028","0","2903","1336","1016"
"656","ALIGN_HOLD","35102","6","32.958984375","-1","-1000","2000000","90000","238029","238029","0","2903","1336","926"
"657","ALIGN_HOLD","35104","8","43.9453125","2","2000","3000000","90000","238030","238030","0","2903","1336","836"
"658","ALIGN_HOLD","35106","10","54.931640625","2","2000","0","90000","238031","238031","0","2903","1336","746"
"659","ALIGN_HOLD","35106","10","54.931640625","0","0","-2000000","90000","238032","238032","0","2903","1336","656"
"660","ALIGN_HOLD","35107","11","60.4248046875","1","1000","1000000","90000","238033","238033","0","2903","1336","566"
"661","ALIGN_HOLD","35106","10","54.931640625","-1","-1000","-2000000","90000","238034","238034","0","2903","1336","476"
"662","ALIGN_HOLD","35108","12","65.91796875","2","2000","3000000","90000","238035","238035","0","2903","1336","386"
"663","ALIGN_HOLD","35105","9","49.4384765625","-3","-3000","-5000000","90000","238036","238036","0","2903","1336","296"
"664","ALIGN_HOLD","35106","10","54.931640625","1","1000","4000000","90000","238037","238037","0","2903","1336","206"
"665","ALIGN_HOLD","35108","12","65.91796875","2","2000","1000000","90000","238038","238038","0","2903","1336","116"
"666","ALIGN_HOLD","35102","6","32.958984375","-6","-6000","-8000000","90000","238039","238039","0","2903","1336","26"
"667","ALIGN_HOLD","35109","13","71.4111328125","7","7000","13000000","90000","238040","238040","0","2903","1336","2091"
"668","ALIGN_HOLD","35107","11","60.4248046875","-2","-2000","-9000000","90000","238041","238041","0","2903","1336","2001"
"669","ALIGN_HOLD","35106","10","54.931640625","-1","-1000","1000000","90000","238042","238042","0","2903","1336","1911"
"670","ALIGN_HOLD","35103","7","38.4521484375","-3","-3000","-2000000","90000","238043","238043","0","2903","1336","1821"
"671","ALIGN_HOLD","35106","10","54.931640625","3","3000","6000000","90000","238044","238044","0","2903","1336","1731"
"672","ALIGN_HOLD","35107","11","60.4248046875","1","1000","-2000000","90000","238045","238045","0","2903","1336","1641"
"673","ALIGN_HOLD","35103","7","38.4521484375","-4","-4000","-5000000","90000","238046","238046","0","2903","1336","1551"
"674","ALIGN_HOLD","35107","11","60.4248046875","4","4000","8000000","90000","238047","238047","0","2903","1336","1461"
"675","ALIGN_HOLD","35105","9","49.4384765625","-2","-2000","-6000000","90000","238048","238048","0","2903","1336","1371"
"676","ALIGN_HOLD","35105","9","49.4384765625","0","0","2000000","90000","238049","238049","0","2903","1336","1281"
"677","ALIGN_HOLD","35106","10","54.931640625","1","1000","1000000","90000","238050","238050","0","2903","1336","1191"
"678","ALIGN_HOLD","35101","5","27.4658203125","-5","-5000","-6000000","90000","238051","238051","0","2903","1336","1101"
"679","ALIGN_HOLD","35107","11","60.4248046875","6","6000","11000000","90000","238052","238052","0","2903","1336","1011"
"680","ALIGN_HOLD","35107","11","60.4248046875","0","0","-6000000","90000","238053","238053","0","2903","1336","921"
"681","ALIGN_HOLD","35103","7","38.4521484375","-4","-4000","-4000000","90000","238054","238054","0","2903","1336","831"
"682","ALIGN_HOLD","35102","6","32.958984375","-1","-1000","3000000","90000","238055","238055","0","2903","1336","741"
"683","ALIGN_HOLD","35100","4","21.97265625","-2","-2000","-1000000","90000","238056","238056","0","2903","1336","651"
"684","ALIGN_HOLD","35109","13","71.4111328125","9","9000","11000000","90000","238057","238057","0","2903","1336","561"
"685","ALIGN_HOLD","35102","6","32.958984375","-7","-7000","-16000000","90000","238058","238058","0","2903","1336","471"
"686","ALIGN_HOLD","35104","8","43.9453125","2","2000","9000000","90000","238059","238059","0","2903","1336","381"
"687","ALIGN_HOLD","35105","9","49.4384765625","1","1000","-1000000","90000","238060","238060","0","2903","1336","291"
"688","ALIGN_HOLD","35105","9","49.4384765625","0","0","-1000000","90000","238061","238061","0","2903","1336","201"
"689","ALIGN_HOLD","35107","11","60.4248046875","2","2000","2000000","90000","238062","238062","0","2903","1336","111"
"690","ALIGN_HOLD","35106","10","54.931640625","-1","-1000","-3000000","90000","238063","238063","0","2903","1336","21"
"691","ALIGN_HOLD","35103","7","38.4521484375","-3","-3000","-2000000","90000","238064","238064","0","2903","1336","2086"
"692","ALIGN_HOLD","35103","7","38.4521484375","0","0","3000000","90000","238065","238065","0","2903","1336","1996"
"693","ALIGN_HOLD","35107","11","60.4248046875","4","4000","4000000","90000","238066","238066","0","2903","1336","1906"
"694","ALIGN_HOLD","35108","12","65.91796875","1","1000","-3000000","90000","238067","238067","0","2903","1336","1816"
"695","ALIGN_HOLD","35106","10","54.931640625","-2","-2000","-3000000","90000","238068","238068","0","2903","1336","1726"
"696","ALIGN_HOLD","35105","9","49.4384765625","-1","-1000","1000000","90000","238069","238069","0","2903","1336","1636"
"697","ALIGN_HOLD","35108","12","65.91796875","3","3000","4000000","90000","238070","238070","0","2903","1336","1546"
"698","ALIGN_HOLD","35106","10","54.931640625","-2","-2000","-5000000","90000","238071","238071","0","2903","1336","1456"
"699","ALIGN_HOLD","35104","8","43.9453125","-2","-2000","0","90000","238072","238072","0","2903","1336","1366"
"700","ALIGN_HOLD","35102","6","32.958984375","-2","-2000","0","90000","238073","238073","0","2903","1336","1276"
"701","ALIGN_HOLD","35104","8","43.9453125","2","2000","4000000","90000","238074","238074","0","2903","1336","1186"
"702","ALIGN_HOLD","35107","11","60.4248046875","3","3000","1000000","90000","238075","238075","0","2903","1336","1096"
"703","ALIGN_HOLD","35107","11","60.4248046875","0","0","-3000000","90000","238076","238076","0","2903","1336","1006"
"704","ALIGN_HOLD","35103","7","38.4521484375","-4","-4000","-4000000","90000","238077","238077","0","2903","1336","916"
"705","ALIGN_HOLD","35105","9","49.4384765625","2","2000","6000000","90000","238078","238078","0","2903","1336","826"
"706","ALIGN_HOLD","35107","11","60.4248046875","2","2000","0","90000","238079","238079","0","2903","1336","736"
"707","ALIGN_HOLD","35107","11","60.4248046875","0","0","-2000000","90000","238080","238080","0","2903","1336","646"
"708","ALIGN_HOLD","35104","8","43.9453125","-3","-3000","-3000000","90000","238081","238081","0","2903","1336","556"
"709","ALIGN_HOLD","35104","8","43.9453125","0","0","3000000","90000","238082","238082","0","2903","1336","466"
"710","ALIGN_HOLD","35107","11","60.4248046875","3","3000","3000000","90000","238083","238083","0","2903","1336","376"
"711","ALIGN_HOLD","35106","10","54.931640625","-1","-1000","-4000000","90000","238084","238084","0","2903","1336","286"
"712","ALIGN_HOLD","35103","7","38.4521484375","-3","-3000","-2000000","90000","238085","238085","0","2903","1336","196"
"713","ALIGN_HOLD","35106","10","54.931640625","3","3000","6000000","90000","238086","238086","0","2903","1336","106"
"714","ALIGN_HOLD","35103","7","38.4521484375","-3","-3000","-6000000","90000","238087","238087","0","2903","1336","16"
"715","ALIGN_HOLD","35106","10","54.931640625","3","3000","6000000","90000","238088","238088","0","2903","1336","2081"
"716","ALIGN_HOLD","35105","9","49.4384765625","-1","-1000","-4000000","90000","238089","238089","0","2903","1336","1991"
"717","ALIGN_HOLD","35105","9","49.4384765625","0","0","1000000","90000","238090","238090","0","2903","1336","1901"
"718","ALIGN_HOLD","35103","7","38.4521484375","-2","-2000","-2000000","90000","238091","238091","0","2903","1336","1811"
"719","ALIGN_HOLD","35104","8","43.9453125","1","1000","3000000","90000","238092","238092","0","2903","1336","1721"
"720","ALIGN_HOLD","35106","10","54.931640625","2","2000","1000000","90000","238093","238093","0","2903","1336","1631"
"721","ALIGN_HOLD","35107","11","60.4248046875","1","1000","-1000000","90000","238094","238094","0","2903","1336","1541"
"722","ALIGN_HOLD","35107","11","60.4248046875","0","0","-1000000","90000","238095","238095","0","2903","1336","1451"
"723","ALIGN_HOLD","35106","10","54.931640625","-1","-1000","-1000000","90000","238096","238096","0","2903","1336","1361"
"724","ALIGN_HOLD","35105","9","49.4384765625","-1","-1000","0","90000","238097","238097","0","2903","1336","1271"
"725","ALIGN_HOLD","35104","8","43.9453125","-1","-1000","0","90000","238098","238098","0","2903","1336","1181"
"726","ALIGN_HOLD","35106","10","54.931640625","2","2000","3000000","90000","238099","238099","0","2903","1336","1091"
"727","ALIGN_HOLD","35107","11","60.4248046875","1","1000","-1000000","90000","238100","238100","0","2903","1336","1001"
"728","ALIGN_HOLD","35105","9","49.4384765625","-2","-2000","-3000000","90000","238101","238101","0","2903","1336","911"
"729","ALIGN_HOLD","35105","9","49.4384765625","0","0","2000000","90000","238102","238102","0","2903","1336","821"
"730","ALIGN_HOLD","35104","8","43.9453125","-1","-1000","-1000000","90000","238103","238103","0","2903","1336","731"
"731","ALIGN_HOLD","35105","9","49.4384765625","1","1000","2000000","90000","238104","238104","0","2903","1336","641"
"732","ALIGN_HOLD","35106","10","54.931640625","1","1000","0","90000","238105","238105","0","2903","1336","551"
"733","ALIGN_HOLD","35104","8","43.9453125","-2","-2000","-3000000","90000","238106","238106","0","2903","1336","461"
"734","ALIGN_HOLD","35104","8","43.9453125","0","0","2000000","90000","238107","238107","0","2903","1336","371"
"735","ALIGN_HOLD","35108","12","65.91796875","4","4000","4000000","90000","238108","238108","0","2903","1336","281"
"736","ALIGN_HOLD","35104","8","43.9453125","-4","-4000","-8000000","90000","238109","238109","0","2903","1336","191"
"737","ALIGN_HOLD","35106","10","54.931640625","2","2000","6000000","90000","238110","238110","0","2903","1336","101"
"738","ALIGN_HOLD","35107","11","60.4248046875","1","1000","-1000000","90000","238111","238111","0","2903","1336","11"
"739","ALIGN_HOLD","35104","8","43.9453125","-3","-3000","-4000000","90000","238112","238112","0","2903","1336","2076"
"740","ALIGN_HOLD","35104","8","43.9453125","0","0","3000000","90000","238113","238113","0","2903","1336","1986"
"741","ALIGN_HOLD","35105","9","49.4384765625","1","1000","1000000","90000","238114","238114","0","2903","1336","1896"
"742","ALIGN_HOLD","35106","10","54.931640625","1","1000","0","90000","238115","238115","0","2903","1336","1806"
"743","ALIGN_HOLD","35103","7","38.4521484375","-3","-3000","-4000000","90000","238116","238116","0","2903","1336","1716"
"744","ALIGN_HOLD","35104","8","43.9453125","1","1000","4000000","90000","238117","238117","0","2903","1336","1626"
"745","ALIGN_HOLD","35106","10","54.931640625","2","2000","1000000","90000","238118","238118","0","2903","1336","1536"
"746","ALIGN_HOLD","35107","11","60.4248046875","1","1000","-1000000","90000","238119","238119","0","2903","1336","1446"
"747","ALIGN_HOLD","35107","11","60.4248046875","0","0","-1000000","90000","238120","238120","0","2903","1336","1356"
"748","ALIGN_HOLD","35105","9","49.4384765625","-2","-2000","-2000000","90000","238121","238121","0","2903","1336","1266"
"749","ALIGN_HOLD","35105","9","49.4384765625","0","0","2000000","90000","238122","238122","0","2903","1336","1176"
"750","ALIGN_HOLD","35106","10","54.931640625","1","1000","1000000","90000","238123","238123","0","2903","1336","1086"
"751","ALIGN_HOLD","35108","12","65.91796875","2","2000","1000000","90000","238124","238124","0","2903","1336","996"
"752","ALIGN_HOLD","35104","8","43.9453125","-4","-4000","-6000000","90000","238125","238125","0","2903","1336","906"
"753","ALIGN_HOLD","35103","7","38.4521484375","-1","-1000","3000000","90000","238126","238126","0","2903","1336","816"
"754","ALIGN_HOLD","35102","6","32.958984375","-1","-1000","0","90000","238127","238127","0","2903","1336","726"
"755","ALIGN_HOLD","35108","12","65.91796875","6","6000","7000000","90000","238128","238128","0","2903","1336","636"
"756","ALIGN_HOLD","35106","10","54.931640625","-2","-2000","-8000000","90000","238129","238129","0","2903","1336","546"
"757","ALIGN_HOLD","35105","9","49.4384765625","-1","-1000","1000000","90000","238130","238130","0","2903","1336","456"
"758","ALIGN_HOLD","35105","9","49.4384765625","0","0","1000000","90000","238131","238131","0","2903","1336","366"
"759","ALIGN_HOLD","35105","9","49.4384765625","0","0","0","90000","238132","238132","0","2903","1336","276"
"760","ALIGN_HOLD","35106","10","54.931640625","1","1000","1000000","90000","238133","238133","0","2903","1336","186"
"761","ALIGN_HOLD","35108","12","65.91796875","2","2000","1000000","90000","238134","238134","0","2903","1336","96"
"762","ALIGN_HOLD","35105","9","49.4384765625","-3","-3000","-5000000","90000","238135","238135","0","2903","1336","6"
"763","ALIGN_HOLD","35105","9","49.4384765625","0","0","3000000","90000","238136","238136","0","2903","1336","2071"
"764","ALIGN_HOLD","35106","10","54.931640625","1","1000","1000000","90000","238137","238137","0","2903","1336","1981"
"765","ALIGN_HOLD","35104","8","43.9453125","-2","-2000","-3000000","90000","238138","238138","0","2903","1336","1891"
"766","ALIGN_HOLD","35106","10","54.931640625","2","2000","4000000","90000","238139","238139","0","2903","1336","1801"
"767","ALIGN_HOLD","35103","7","38.4521484375","-3","-3000","-5000000","90000","238140","238140","0","2903","1336","1711"
"768","ALIGN_HOLD","35104","8","43.9453125","1","1000","4000000","90000","238141","238141","0","2903","1336","1621"
"769","ALIGN_HOLD","35105","9","49.4384765625","1","1000","0","90000","238142","238142","0","2903","1336","1531"
"770","ALIGN_HOLD","35106","10","54.931640625","1","1000","0","90000","238143","238143","0","2903","1336","1441"
"771","ALIGN_HOLD","35104","8","43.9453125","-2","-2000","-3000000","90000","238144","238144","0","2903","1336","1351"
"772","ALIGN_HOLD","35105","9","49.4384765625","1","1000","3000000","90000","238145","238145","0","2903","1336","1261"
"773","ALIGN_HOLD","35103","7","38.4521484375","-2","-2000","-3000000","90000","238146","238146","0","2903","1336","1171"
"774","ALIGN_HOLD","35108","12","65.91796875","5","5000","7000000","90000","238147","238147","0","2903","1336","1081"
"775","ALIGN_HOLD","35103","7","38.4521484375","-5","-5000","-10000000","90000","238148","238148","0","2903","1336","991"
"776","ALIGN_HOLD","35108","12","65.91796875","5","5000","10000000","90000","238149","238149","0","2903","1336","901"
"777","ALIGN_HOLD","35104","8","43.9453125","-4","-4000","-9000000","90000","238150","238150","0","2903","1336","811"
"778","ALIGN_HOLD","35104","8","43.9453125","0","0","4000000","90000","238151","238151","0","2903","1336","721"
"779","ALIGN_HOLD","35102","6","32.958984375","-2","-2000","-2000000","90000","238152","238152","0","2903","1336","631"
"780","ALIGN_HOLD","35106","10","54.931640625","4","4000","6000000","90000","238153","238153","0","2903","1336","541"
"781","ALIGN_HOLD","35105","9","49.4384765625","-1","-1000","-5000000","90000","238154","238154","0","2903","1336","451"
"782","ALIGN_HOLD","35105","9","49.4384765625","0","0","1000000","90000","238155","238155","0","2903","1336","361"
"783","ALIGN_HOLD","35105","9","49.4384765625","0","0","0","90000","238156","238156","0","2903","1336","271"
"784","ALIGN_HOLD","35106","10","54.931640625","1","1000","1000000","90000","238157","238157","0","2903","1336","181"
"785","ALIGN_HOLD","35108","12","65.91796875","2","2000","1000000","90000","238158","238158","0","2903","1336","91"
"786","ALIGN_HOLD","35108","12","65.91796875","0","0","-2000000","90000","238159","238159","0","2903","1336","1"
"787","ALIGN_HOLD","35104","8","43.9453125","-4","-4000","-4000000","90000","238160","238160","0","2903","1336","2066"
"788","ALIGN_HOLD","35107","11","60.4248046875","3","3000","7000000","90000","238161","238161","0","2903","1336","1976"
"789","ALIGN_HOLD","35107","11","60.4248046875","0","0","-3000000","90000","238162","238162","0","2903","1336","1886"
"790","ALIGN_HOLD","35105","9","49.4384765625","-2","-2000","-2000000","90000","238163","238163","0","2903","1336","1796"
"791","ALIGN_HOLD","35106","10","54.931640625","1","1000","3000000","90000","238164","238164","0","2903","1336","1706"
"792","ALIGN_HOLD","35105","9","49.4384765625","-1","-1000","-2000000","90000","238165","238165","0","2903","1336","1616"
"793","ALIGN_HOLD","35105","9","49.4384765625","0","0","1000000","90000","238166","238166","0","2903","1336","1526"
"794","ALIGN_HOLD","35104","8","43.9453125","-1","-1000","-1000000","90000","238167","238167","0","2903","1336","1436"
"795","ALIGN_HOLD","35106","10","54.931640625","2","2000","3000000","90000","238168","238168","0","2903","1336","1346"
"796","ALIGN_HOLD","35108","12","65.91796875","2","2000","0","90000","238169","238169","0","2903","1336","1256"
"797","ALIGN_HOLD","35106","10","54.931640625","-2","-2000","-4000000","90000","238170","238170","0","2903","1336","1166"
"798","ALIGN_HOLD","35106","10","54.931640625","0","0","2000000","90000","238171","238171","0","2903","1336","1076"
"799","ALIGN_HOLD","35105","9","49.4384765625","-1","-1000","-1000000","90000","238172","238172","0","2903","1336","986"
"800","ALIGN_HOLD","35108","12","65.91796875","3","3000","4000000","90000","238173","238173","0","2903","1336","962"
"801","ALIGN_HOLD","35107","11","60.4248046875","-1","-1000","-4000000","90000","238174","238174","0","2903","1336","806"
"802","ALIGN_HOLD","35105","9","49.4384765625","-2","-2000","-1000000","90000","238175","238175","0","2903","1336","716"
"803","ALIGN_HOLD","35107","11","60.4248046875","2","2000","4000000","90000","238176","238176","0","2903","1336","626"
"804","ALIGN_HOLD","35104","8","43.9453125","-3","-3000","-5000000","90000","238177","238177","0","2903","1336","536"
"805","ALIGN_HOLD","35107","11","60.4248046875","3","3000","6000000","90000","238178","238178","0","2903","1336","446"
"806","ALIGN_HOLD","35103","7","38.4521484375","-4","-4000","-7000000","90000","238179","238179","0","2903","1336","356"
"807","ALIGN_HOLD","35107","11","60.4248046875","4","4000","8000000","90000","238180","238180","0","2903","1336","266"
"808","ALIGN_HOLD","35103","7","38.4521484375","-4","-4000","-8000000","90000","238181","238181","0","2903","1336","176"
"809","ALIGN_HOLD","35104","8","43.9453125","1","1000","5000000","90000","238182","238182","0","2903","1336","86"
"810","ALIGN_HOLD","35107","11","60.4248046875","3","3000","2000000","90000","238183","238183","0","2903","1336","2151"
"811","ALIGN_HOLD","35104","8","43.9453125","-3","-3000","-6000000","90000","238184","238184","0","2903","1336","2061"
"812","ALIGN_HOLD","35105","9","49.4384765625","1","1000","4000000","90000","238185","238185","0","2903","1336","1971"
"813","ALIGN_HOLD","35104","8","43.9453125","-1","-1000","-2000000","90000","238186","238186","0","2903","1336","1881"
"814","ALIGN_HOLD","35105","9","49.4384765625","1","1000","2000000","90000","238187","238187","0","2903","1336","1791"
"815","ALIGN_HOLD","35105","9","49.4384765625","0","0","-1000000","90000","238188","238188","0","2903","1336","1701"
"816","ALIGN_HOLD","35106","10","54.931640625","1","1000","1000000","90000","238189","238189","0","2903","1336","1611"
"817","ALIGN_HOLD","35107","11","60.4248046875","1","1000","0","90000","238190","238190","0","2903","1336","1521"
"818","ALIGN_HOLD","35105","9","49.4384765625","-2","-2000","-3000000","90000","238191","238191","0","2903","1336","1431"
"819","ALIGN_HOLD","35105","9","49.4384765625","0","0","2000000","90000","238192","238192","0","2903","1336","1341"
"820","ALIGN_HOLD","35105","9","49.4384765625","0","0","0","90000","238193","238193","0","2903","1336","1251"
"821","ALIGN_HOLD","35103","7","38.4521484375","-2","-2000","-2000000","90000","238194","238194","0","2903","1336","1161"
"822","ALIGN_HOLD","35102","6","32.958984375","-1","-1000","1000000","90000","238195","238195","0","2903","1336","1071"
"823","ALIGN_HOLD","35106","10","54.931640625","4","4000","5000000","90000","238196","238196","0","2903","1336","981"
"824","ALIGN_HOLD","35106","10","54.931640625","0","0","-4000000","90000","238197","238197","0","2903","1336","891"
"825","ALIGN_HOLD","35106","10","54.931640625","0","0","0","90000","238198","238198","0","2903","1336","801"
"826","ALIGN_HOLD","35102","6","32.958984375","-4","-4000","-4000000","90000","238199","238199","0","2903","1336","711"
"827","ALIGN_HOLD","35106","10","54.931640625","4","4000","8000000","90000","238200","238200","0","2903","1336","621"
"828","ALIGN_HOLD","35104","8","43.9453125","-2","-2000","-6000000","90000","238201","238201","0","2903","1336","531"
"829","ALIGN_HOLD","35105","9","49.4384765625","1","1000","3000000","90000","238202","238202","0","2903","1336","441"
"830","ALIGN_HOLD","35105","9","49.4384765625","0","0","-1000000","90000","238203","238203","0","2903","1336","351"
"831","ALIGN_HOLD","35105","9","49.4384765625","0","0","0","90000","238204","238204","0","2903","1336","261"
"832","ALIGN_HOLD","35104","8","43.9453125","-1","-1000","-1000000","90000","238205","238205","0","2903","1336","171"
"833","ALIGN_HOLD","35107","11","60.4248046875","3","3000","4000000","90000","238206","238206","0","2903","1336","81"
"834","ALIGN_HOLD","35104","8","43.9453125","-3","-3000","-6000000","90000","238207","238207","0","2903","1336","2146"
"835","ALIGN_HOLD","35105","9","49.4384765625","1","1000","4000000","90000","238208","238208","0","2903","1336","2056"
"836","ALIGN_HOLD","35104","8","43.9453125","-1","-1000","-2000000","90000","238209","238209","0","2903","1336","1966"
"837","ALIGN_HOLD","35105","9","49.4384765625","1","1000","2000000","90000","238210","238210","0","2903","1336","1876"
"838","ALIGN_HOLD","35107","11","60.4248046875","2","2000","1000000","90000","238211","238211","0","2903","1336","1786"
"839","ALIGN_HOLD","35103","7","38.4521484375","-4","-4000","-6000000","90000","238212","238212","0","2903","1336","1696"
"840","ALIGN_HOLD","35106","10","54.931640625","3","3000","7000000","90000","238213","238213","0","2903","1336","1606"
"841","ALIGN_HOLD","35104","8","43.9453125","-2","-2000","-5000000","90000","238214","238214","0","2903","1336","1516"
"842","ALIGN_HOLD","35107","11","60.4248046875","3","3000","5000000","90000","238215","238215","0","2903","1336","1426"
"843","ALIGN_HOLD","35105","9","49.4384765625","-2","-2000","-5000000","90000","238216","238216","0","2903","1336","1336"
"844","ALIGN_HOLD","35107","11","60.4248046875","2","2000","4000000","90000","238217","238217","0","2903","1336","1246"
"845","ALIGN_HOLD","35108","12","65.91796875","1","1000","-1000000","90000","238218","238218","0","2903","1336","1156"
"846","ALIGN_HOLD","35104","8","43.9453125","-4","-4000","-5000000","90000","238219","238219","0","2903","1336","1066"
"847","ALIGN_HOLD","35106","10","54.931640625","2","2000","6000000","90000","238220","238220","0","2903","1336","976"
"848","ALIGN_HOLD","35102","6","32.958984375","-4","-4000","-6000000","90000","238221","238221","0","2903","1336","886"
"849","ALIGN_HOLD","35103","7","38.4521484375","1","1000","5000000","90000","238222","238222","0","2903","1336","796"
"850","ALIGN_HOLD","35105","9","49.4384765625","2","2000","1000000","90000","238223","238223","0","2903","1336","706"
"851","ALIGN_HOLD","35103","7","38.4521484375","-2","-2000","-4000000","90000","238224","238224","0","2903","1336","616"
"852","ALIGN_HOLD","35102","6","32.958984375","-1","-1000","1000000","90000","238225","238225","0","2903","1336","526"
"853","ALIGN_HOLD","35103","7","38.4521484375","1","1000","2000000","90000","238226","238226","0","2903","1336","436"
"854","ALIGN_HOLD","35105","9","49.4384765625","2","2000","1000000","90000","238227","238227","0","2903","1336","346"
"855","ALIGN_HOLD","35105","9","49.4384765625","0","0","-2000000","90000","238228","238228","0","2903","1336","256"
"856","ALIGN_HOLD","35103","7","38.4521484375","-2","-2000","-2000000","90000","238229","238229","0","2903","1336","166"
"857","ALIGN_HOLD","35103","7","38.4521484375","0","0","2000000","90000","238230","238230","0","2903","1336","76"
"858","ALIGN_HOLD","35101","5","27.4658203125","-2","-2000","-2000000","90000","238231","238231","0","2903","1336","2141"
"859","ALIGN_HOLD","35108","12","65.91796875","7","7000","9000000","90000","238232","238232","0","2903","1336","2051"
"860","ALIGN_HOLD","35109","13","71.4111328125","1","1000","-6000000","90000","238233","238233","0","2903","1336","1961"
"861","ALIGN_HOLD","35107","11","60.4248046875","-2","-2000","-3000000","90000","238234","238234","0","2903","1336","1871"
"862","ALIGN_HOLD","35106","10","54.931640625","-1","-1000","1000000","90000","238235","238235","0","2903","1336","1781"
"863","ALIGN_HOLD","35106","10","54.931640625","0","0","1000000","90000","238236","238236","0","2903","1336","1691"
"864","ALIGN_HOLD","35105","9","49.4384765625","-1","-1000","-1000000","90000","238237","238237","0","2903","1336","1601"
"865","ALIGN_HOLD","35104","8","43.9453125","-1","-1000","0","90000","238238","238238","0","2903","1336","1511"
"866","ALIGN_HOLD","35105","9","49.4384765625","1","1000","2000000","90000","238239","238239","0","2903","1336","1421"
"867","ALIGN_HOLD","35107","11","60.4248046875","2","2000","1000000","90000","238240","238240","0","2903","1336","1331"
"868","ALIGN_HOLD","35108","12","65.91796875","1","1000","-1000000","90000","238241","238241","0","2903","1336","1241"
"869","ALIGN_HOLD","35105","9","49.4384765625","-3","-3000","-4000000","90000","238242","238242","0","2903","1336","1151"
"870","ALIGN_HOLD","35105","9","49.4384765625","0","0","3000000","90000","238243","238243","0","2903","1336","1061"
"871","ALIGN_HOLD","35105","9","49.4384765625","0","0","0","90000","238244","238244","0","2903","1336","971"
"872","ALIGN_HOLD","35102","6","32.958984375","-3","-3000","-3000000","90000","238245","238245","0","2903","1336","881"
"873","ALIGN_HOLD","35103","7","38.4521484375","1","1000","4000000","90000","238246","238246","0","2903","1336","791"
"874","ALIGN_HOLD","35104","8","43.9453125","1","1000","0","90000","238247","238247","0","2903","1336","701"
"875","ALIGN_HOLD","35106","10","54.931640625","2","2000","1000000","90000","238248","238248","0","2903","1336","611"
"876","ALIGN_HOLD","35105","9","49.4384765625","-1","-1000","-3000000","90000","238249","238249","0","2903","1336","521"
"877","ALIGN_HOLD","35104","8","43.9453125","-1","-1000","0","90000","238250","238250","0","2903","1336","431"
"878","ALIGN_HOLD","35105","9","49.4384765625","1","1000","2000000","90000","238251","238251","0","2903","1336","341"
"879","ALIGN_HOLD","35107","11","60.4248046875","2","2000","1000000","90000","238252","238252","0","2903","1336","251"
"880","ALIGN_HOLD","35104","8","43.9453125","-3","-3000","-5000000","90000","238253","238253","0","2903","1336","161"
"881","ALIGN_HOLD","35106","10","54.931640625","2","2000","5000000","90000","238254","238254","0","2903","1336","71"
"882","ALIGN_HOLD","35106","10","54.931640625","0","0","-2000000","90000","238255","238255","0","2903","1336","2136"
"883","ALIGN_HOLD","35107","11","60.4248046875","1","1000","1000000","90000","238256","238256","0","2903","1336","2046"
"884","ALIGN_HOLD","35102","6","32.958984375","-5","-5000","-6000000","90000","238257","238257","0","2903","1336","1956"
"885","ALIGN_HOLD","35103","7","38.4521484375","1","1000","6000000","90000","238258","238258","0","2903","1336","1866"
"886","ALIGN_HOLD","35102","6","32.958984375","-1","-1000","-2000000","90000","238259","238259","0","2903","1336","1776"
"887","ALIGN_HOLD","35105","9","49.4384765625","3","3000","4000000","90000","238260","238260","0","2903","1336","1686"
"888","ALIGN_HOLD","35106","10","54.931640625","1","1000","-2000000","90000","238261","238261","0","2903","1336","1596"
"889","ALIGN_HOLD","35104","8","43.9453125","-2","-2000","-3000000","90000","238262","238262","0","2903","1336","1506"
"890","ALIGN_HOLD","35105","9","49.4384765625","1","1000","3000000","90000","238263","238263","0","2903","1336","1416"
"891","ALIGN_HOLD","35105","9","49.4384765625","0","0","-1000000","90000","238264","238264","0","2903","1336","1326"
"892","ALIGN_HOLD","35105","9","49.4384765625","0","0","0","90000","238265","238265","0","2903","1336","1236"
"893","ALIGN_HOLD","35106","10","54.931640625","1","1000","1000000","90000","238266","238266","0","2903","1336","1146"
"894","ALIGN_HOLD","35104","8","43.9453125","-2","-2000","-3000000","90000","238267","238267","0","2903","1336","1056"
"895","ALIGN_HOLD","35102","6","32.958984375","-2","-2000","0","90000","238268","238268","0","2903","1336","966"
"896","ALIGN_HOLD","35104","8","43.9453125","2","2000","4000000","90000","238269","238269","0","2903","1336","876"
"897","ALIGN_HOLD","35104","8","43.9453125","0","0","-2000000","90000","238270","238270","0","2903","1336","786"
"898","ALIGN_HOLD","35104","8","43.9453125","0","0","0","90000","238271","238271","0","2903","1336","696"
"899","ALIGN_HOLD","35104","8","43.9453125","0","0","0","90000","238272","238272","0","2903","1336","606"
"900","ALIGN_HOLD","35106","10","54.931640625","2","2000","2000000","90000","238273","238273","0","2903","1336","516"
"901","ALIGN_HOLD","35105","9","49.4384765625","-1","-1000","-3000000","90000","238274","238274","0","2903","1336","426"
"902","ALIGN_HOLD","35107","11","60.4248046875","2","2000","3000000","90000","238275","238275","0","2903","1336","336"
"903","ALIGN_HOLD","35108","12","65.91796875","1","1000","-1000000","90000","238276","238276","0","2903","1336","246"
"904","ALIGN_HOLD","35106","10","54.931640625","-2","-2000","-3000000","90000","238277","238277","0","2903","1336","156"
"905","ALIGN_HOLD","35104","8","43.9453125","-2","-2000","0","90000","238278","238278","0","2903","1336","66"
"906","ALIGN_HOLD","35103","7","38.4521484375","-1","-1000","1000000","90000","238279","238279","0","2903","1336","2131"
"907","ALIGN_HOLD","35105","9","49.4384765625","2","2000","3000000","90000","238280","238280","0","2903","1336","2041"
"908","ALIGN_HOLD","35105","9","49.4384765625","0","0","-2000000","90000","238281","238281","0","2903","1336","1951"
"909","ALIGN_HOLD","35104","8","43.9453125","-1","-1000","-1000000","90000","238282","238282","0","2903","1336","1861"
"910","ALIGN_HOLD","35104","8","43.9453125","0","0","1000000","90000","238283","238283","0","2903","1336","1771"
"911","ALIGN_HOLD","35104","8","43.9453125","0","0","0","90000","238284","238284","0","2903","1336","1681"
"912","ALIGN_HOLD","35106","10","54.931640625","2","2000","2000000","90000","238285","238285","0","2903","1336","1591"
"913","ALIGN_HOLD","35102","6","32.958984375","-4","-4000","-6000000","90000","238286","238286","0","2903","1336","1501"
"914","ALIGN_HOLD","35102","6","32.958984375","0","0","4000000","90000","238287","238287","0","2903","1336","1411"
"915","ALIGN_HOLD","35105","9","49.4384765625","3","3000","3000000","90000","238288","238288","0","2903","1336","1321"
"916","ALIGN_HOLD","35108","12","65.91796875","3","3000","0","90000","238289","238289","0","2903","1336","1231"
"917","ALIGN_HOLD","35105","9","49.4384765625","-3","-3000","-6000000","90000","238290","238290","0","2903","1336","1141"
"918","ALIGN_HOLD","35104","8","43.9453125","-1","-1000","2000000","90000","238291","238291","0","2903","1336","1051"
"919","ALIGN_HOLD","35107","11","60.4248046875","3","3000","4000000","90000","238292","238292","0","2903","1336","961"
"920","ALIGN_HOLD","35106","10","54.931640625","-1","-1000","-4000000","90000","238293","238293","0","2903","1336","871"
"921","ALIGN_HOLD","35104","8","43.9453125","-2","-2000","-1000000","90000","238294","238294","0","2903","1336","781"
"922","ALIGN_HOLD","35104","8","43.9453125","0","0","2000000","90000","238295","238295","0","2903","1336","691"
"923","ALIGN_HOLD","35103","7","38.4521484375","-1","-1000","-1000000","90000","238296","238296","0","2903","1336","601"
"924","ALIGN_HOLD","35106","10","54.931640625","3","3000","4000000","90000","238297","238297","0","2903","1336","511"
"925","ALIGN_HOLD","35106","10","54.931640625","0","0","-3000000","90000","238298","238298","0","2903","1336","421"
"926","ALIGN_HOLD","35110","14","76.904296875","4","4000","4000000","90000","238299","238299","0","2903","1336","331"
"927","ALIGN_HOLD","35105","9","49.4384765625","-5","-5000","-9000000","90000","238300","238300","0","2903","1336","241"
"928","ALIGN_HOLD","35106","10","54.931640625","1","1000","6000000","90000","238301","238301","0","2903","1336","151"
"929","ALIGN_HOLD","35107","11","60.4248046875","1","1000","0","90000","238302","238302","0","2903","1336","61"
"930","ALIGN_HOLD","35105","9","49.4384765625","-2","-2000","-3000000","90000","238303","238303","0","2903","1336","2126"
"931","ALIGN_HOLD","35104","8","43.9453125","-1","-1000","1000000","90000","238304","238304","0","2903","1336","2036"
"932","ALIGN_HOLD","35109","13","71.4111328125","5","5000","6000000","90000","238305","238305","0","2903","1336","1946"
"933","ALIGN_HOLD","35107","11","60.4248046875","-2","-2000","-7000000","90000","238306","238306","0","2903","1336","1856"
"934","ALIGN_HOLD","35105","9","49.4384765625","-2","-2000","0","90000","238307","238307","0","2903","1336","1766"
"935","ALIGN_HOLD","35105","9","49.4384765625","0","0","2000000","90000","238308","238308","0","2903","1336","1676"
"936","ALIGN_HOLD","35105","9","49.4384765625","0","0","0","90000","238309","238309","0","2903","1336","1586"
"937","ALIGN_HOLD","35106","10","54.931640625","1","1000","1000000","90000","238310","238310","0","2903","1336","1496"
"938","ALIGN_HOLD","35104","8","43.9453125","-2","-2000","-3000000","90000","238311","238311","0","2903","1336","1406"
"939","ALIGN_HOLD","35102","6","32.958984375","-2","-2000","0","90000","238312","238312","0","2903","1336","1316"
"940","ALIGN_HOLD","35104","8","43.9453125","2","2000","4000000","90000","238313","238313","0","2903","1336","1226"
"941","ALIGN_HOLD","35106","10","54.931640625","2","2000","0","90000","238314","238314","0","2903","1336","1136"
"942","ALIGN_HOLD","35106","10","54.931640625","0","0","-2000000","90000","238315","238315","0","2903","1336","1046"
"943","ALIGN_HOLD","35105","9","49.4384765625","-1","-1000","-1000000","90000","238316","238316","0","2903","1336","956"
"944","ALIGN_HOLD","35107","11","60.4248046875","2","2000","3000000","90000","238317","238317","0","2903","1336","866"
"945","ALIGN_HOLD","35108","12","65.91796875","1","1000","-1000000","90000","238318","238318","0","2903","1336","776"
"946","ALIGN_HOLD","35104","8","43.9453125","-4","-4000","-5000000","90000","238319","238319","0","2903","1336","686"
"947","ALIGN_HOLD","35105","9","49.4384765625","1","1000","5000000","90000","238320","238320","0","2903","1336","596"
"948","ALIGN_HOLD","35103","7","38.4521484375","-2","-2000","-3000000","90000","238321","238321","0","2903","1336","506"
"949","ALIGN_HOLD","35107","11","60.4248046875","4","4000","6000000","90000","238322","238322","0","2903","1336","416"
"950","ALIGN_HOLD","35105","9","49.4384765625","-2","-2000","-6000000","90000","238323","238323","0","2903","1336","326"
"951","ALIGN_HOLD","35104","8","43.9453125","-1","-1000","1000000","90000","238324","238324","0","2903","1336","236"
"952","ALIGN_HOLD","35104","8","43.9453125","0","0","1000000","90000","238325","238325","0","2903","1336","146"
"953","ALIGN_HOLD","35106","10","54.931640625","2","2000","2000000","90000","238326","238326","0","2903","1336","56"
"954","ALIGN_HOLD","35107","11","60.4248046875","1","1000","-1000000","90000","238327","238327","0","2903","1336","2121"
"955","ALIGN_HOLD","35105","9","49.4384765625","-2","-2000","-3000000","90000","238328","238328","0","2903","1336","2031"
"956","ALIGN_HOLD","35103","7","38.4521484375","-2","-2000","0","90000","238329","238329","0","2903","1336","1941"
"957","ALIGN_HOLD","35106","10","54.931640625","3","3000","5000000","90000","238330","238330","0","2903","1336","1851"
"958","ALIGN_HOLD","35106","10","54.931640625","0","0","-3000000","90000","238331","238331","0","2903","1336","1761"
"959","ALIGN_HOLD","35103","7","38.4521484375","-3","-3000","-3000000","90000","238332","238332","0","2903","1336","1671"
"960","ALIGN_HOLD","35105","9","49.4384765625","2","2000","5000000","90000","238333","238333","0","2903","1336","1581"
"961","ALIGN_HOLD","35105","9","49.4384765625","0","0","-2000000","90000","238334","238334","0","2903","1336","1491"
"962","ALIGN_HOLD","35104","8","43.9453125","-1","-1000","-1000000","90000","238335","238335","0","2903","1336","1401"
"963","ALIGN_HOLD","35107","11","60.4248046875","3","3000","4000000","90000","238336","238336","0","2903","1336","1311"
"964","ALIGN_HOLD","35103","7","38.4521484375","-4","-4000","-7000000","90000","238337","238337","0","2903","1336","1221"
"965","ALIGN_HOLD","35103","7","38.4521484375","0","0","4000000","90000","238338","238338","0","2903","1336","1131"
"966","ALIGN_HOLD","35107","11","60.4248046875","4","4000","4000000","90000","238339","238339","0","2903","1336","1041"
"967","ALIGN_HOLD","35106","10","54.931640625","-1","-1000","-5000000","90000","238340","238340","0","2903","1336","951"
"968","ALIGN_HOLD","35109","13","71.4111328125","3","3000","4000000","90000","238341","238341","0","2903","1336","861"
"969","ALIGN_HOLD","35104","8","43.9453125","-5","-5000","-8000000","90000","238342","238342","0","2903","1336","771"
"970","ALIGN_HOLD","35104","8","43.9453125","0","0","5000000","90000","238343","238343","0","2903","1336","681"
"971","ALIGN_HOLD","35108","12","65.91796875","4","4000","4000000","90000","238344","238344","0","2903","1336","591"
"972","ALIGN_HOLD","35104","8","43.9453125","-4","-4000","-8000000","90000","238345","238345","0","2903","1336","501"
"973","ALIGN_HOLD","35108","12","65.91796875","4","4000","8000000","90000","238346","238346","0","2903","1336","411"
"974","ALIGN_HOLD","35109","13","71.4111328125","1","1000","-3000000","90000","238347","238347","0","2903","1336","321"
"975","ALIGN_HOLD","35103","7","38.4521484375","-6","-6000","-7000000","90000","238348","238348","0","2903","1336","231"
"976","ALIGN_HOLD","35104","8","43.9453125","1","1000","7000000","90000","238349","238349","0","2903","1336","141"
"977","ALIGN_HOLD","35103","7","38.4521484375","-1","-1000","-2000000","90000","238350","238350","0","2903","1336","51"
"978","ALIGN_HOLD","35103","7","38.4521484375","0","0","1000000","90000","238351","238351","0","2903","1336","2116"
"979","ALIGN_HOLD","35106","10","54.931640625","3","3000","3000000","90000","238352","238352","0","2903","1336","2026"
"980","ALIGN_HOLD","35104","8","43.9453125","-2","-2000","-5000000","90000","238353","238353","0","2903","1336","1936"
"981","ALIGN_HOLD","35104","8","43.9453125","0","0","2000000","90000","238354","238354","0","2903","1336","1846"
"982","ALIGN_HOLD","35105","9","49.4384765625","1","1000","1000000","90000","238355","238355","0","2903","1336","1756"
"983","ALIGN_HOLD","35107","11","60.4248046875","2","2000","1000000","90000","238356","238356","0","2903","1336","1666"
"984","ALIGN_HOLD","35105","9","49.4384765625","-2","-2000","-4000000","90000","238357","238357","0","2903","1336","1576"
"985","ALIGN_HOLD","35107","11","60.4248046875","2","2000","4000000","90000","238358","238358","0","2903","1336","1486"
"986","ALIGN_HOLD","35105","9","49.4384765625","-2","-2000","-4000000","90000","238359","238359","0","2903","1336","1396"
"987","ALIGN_HOLD","35103","7","38.4521484375","-2","-2000","0","90000","238360","238360","0","2903","1336","1306"
"988","ALIGN_HOLD","35105","9","49.4384765625","2","2000","4000000","90000","238361","238361","0","2903","1336","1216"
"989","ALIGN_HOLD","35105","9","49.4384765625","0","0","-2000000","90000","238362","238362","0","2903","1336","1126"
"990","ALIGN_HOLD","35105","9","49.4384765625","0","0","0","90000","238363","238363","0","2903","1336","1036"
"991","ALIGN_HOLD","35105","9","49.4384765625","0","0","0","90000","238364","238364","0","2903","1336","946"
"992","ALIGN_HOLD","35104","8","43.9453125","-1","-1000","-1000000","90000","238365","238365","0","2903","1336","856"
"993","ALIGN_HOLD","35104","8","43.9453125","0","0","1000000","90000","238366","238366","0","2903","1336","766"
"994","ALIGN_HOLD","35104","8","43.9453125","0","0","0","90000","238367","238367","0","2903","1336","676"
"995","ALIGN_HOLD","35103","7","38.4521484375","-1","-1000","-1000000","90000","238368","238368","0","2903","1336","586"
"996","ALIGN_HOLD","35104","8","43.9453125","1","1000","2000000","90000","238369","238369","0","2903","1336","496"
"997","ALIGN_HOLD","35107","11","60.4248046875","3","3000","2000000","90000","238370","238370","0","2903","1336","406"
"998","ALIGN_HOLD","35104","8","43.9453125","-3","-3000","-6000000","90000","238371","238371","0","2903","1336","316"
"999","ALIGN_HOLD","35104","8","43.9453125","0","0","3000000","90000","238372","238372","0","2903","1336","226"
"1000","ALIGN_HOLD","35102","6","32.958984375","-2","-2000","-2000000","90000","238373","238373","0","2903","1336","202"
