:020000040800F2
:10000000000002203D8900081188000813880008BC
:1000100015880008178800081988000800000000EB
:1000200000000000000000000000000081DB00086C
:100030001B8800080000000011DC000805C2000851
:100040008D8900088D8900088D8900088D89000838
:100050008D8900088D8900088D8900088D89000828
:100060008D8900088D8900088D8900088D89000818
:100070001D8800088D890008298800088D890008DE
:1000800035880008418800084D8800088D890008DF
:100090008D8900088D8900088D8900088D890008E8
:1000A0008D8900088D8900088D8900088D890008D8
:1000B000598800088D8900088D8900088D890008FD
:1000C0008D8900086588000871880008E1880008AB
:1000D0008D8900088D8900087D88000889880008BE
:1000E0008D8900088D8900088D8900088D89000898
:1000F0008D890008958800088D890008B18800085E
:100100008D8900088D8900088D8900088D89000877
:100110008D8900088D8900088D8900088D89000867
:10012000BD8800088D890008C9880008D5880008A6
:100130008D89000800000000000000008D89000883
:100140008D8900088D8900088D8900088D89000837
:100150008D8900088D8900088D8900088D89000827
:100160008D8900088D8900088D8900088D89000817
:100170008D8900088D890008000000000000000043
:080180008D8900088D8900083B
:1001900010B5054C237833B9044B13B10448AFF3C1
:1001A00000800123237010BD6000002000000000CB
:1001B0007CFE000808B5034B1BB103490348AFF3AD
:1001C000008008BD00000000640000207CFE0008E4
:1001D000034613F8012B002AFBD1181A0138704787
:1001E00001F0FF01102A2BDB10F0070F08D010F8E8
:1001F000013B013A8B422DD010F0070F42B3F6D1EC
:10020000F0B441EA012141EA014122F007047FF004
:1002100000070023F0E80256083C85EA010586EA5B
:10022000010685FA47F5A3FA87F586FA47F6A5FA97
:1002300087F68EB9EED1F0BC01F0FF0102F00702A3
:1002400032B110F8013B013A83EA010313B1F8D14E
:100250000020704701387047002D06BF354603382F
:10026000073815F0010F07D1013015F4807F02BF68
:10027000013015F4C03F0130F0BC0138704700BFB9
:1002800081F0004102E000BF83F0004330B54FEA47
:1002900041044FEA430594EA050F08BF90EA020FB4
:1002A0001FBF54EA000C55EA020C7FEA645C7FEA47
:1002B000655C00F0E2804FEA5454D4EB5555B8BF6A
:1002C0006D420CDD2C4480EA020281EA030382EADB
:1002D000000083EA010180EA020281EA0303362D6D
:1002E00088BF30BD11F0004F4FEA01314FF4801C40
:1002F0004CEA113102D0404261EB410113F0004F52
:100300004FEA03334CEA133302D0524263EB430308
:1003100094EA050F00F0A780A4F10104D5F1200EA6
:100320000DDB02FA0EFC22FA05F2801841F1000101
:1003300003FA0EF2801843FA05F359410EE0A5F1D5
:1003400020050EF1200E012A03FA0EFC28BF4CF006
:10035000020C43FA05F3C01851EBE37101F00045BC
:1003600007D54FF0000EDCF1000C7EEB00006EEBC9
:100370000101B1F5801F1BD3B1F5001F0CD3490853
:100380005FEA30004FEA3C0C04F101044FEA4452AA
:1003900012F5800F80F09A80BCF1004F08BF5FEA31
:1003A000500C50F1000041EB045141EA050130BD11
:1003B0005FEA4C0C404141EB0101013C28BFB1F523
:1003C000801FE9D291F0000F04BF01460020B1FA6E
:1003D00081F308BF2033A3F10B03B3F120020CDA41
:1003E0000C3208DD02F1140CC2F10C0201FA0CF01F
:1003F00021FA02F10CE002F11402D8BFC2F1200C84
:1004000001FA02F120FA0CFCDCBF41EA0C01904039
:10041000E41AA2BF01EB0451294330BD6FEA040482
:100420001F3C1CDA0C340EDC04F11404C4F120026D
:1004300020FA04F001FA02F340EA030021FA04F37F
:1004400045EA030130BDC4F10C04C4F1200220FAD6
:1004500002F001FA04F340EA0300294630BD21FA14
:1004600004F0294630BD94F0000F83F4801306BFDA
:1004700081F480110134013D4EE77FEA645C18BFCE
:100480007FEA655C29D094EA050F08BF90EA020F65
:1004900005D054EA000C04BF1946104630BD91EA5D
:1004A000030F1EBF0021002030BD5FEA545C05D160
:1004B0004000494128BF41F0004130BD14F580049F
:1004C0003CBF01F5801130BD01F0004545F0FE4113
:1004D00041F470014FF0000030BD7FEA645C1ABF48
:1004E000194610467FEA655C1CBF0B46024650EA7F
:1004F000013406BF52EA033591EA030F41F40021AB
:1005000030BD00BF90F0000F04BF0021704730B530
:100510004FF4806404F132044FF000054FF0000105
:1005200050E700BF90F0000F04BF0021704730B5C6
:100530004FF4806404F1320410F0004548BF40429B
:100540004FF000013EE700BF42004FEAE2014FEAF0
:1005500031014FEA02701FBF12F07F4393F07F4FCB
:1005600081F06051704732F07F4208BF704793F0CE
:100570007F4F04BF41F40021704730B54FF46074E1
:1005800001F0004521F000411CE700BF50EA0102E4
:1005900008BF704730B54FF000050AE050EA01028D
:1005A00008BF704730B511F0004502D5404261EBFD
:1005B00041014FF4806404F132045FEA915C3FF43E
:1005C000D8AE4FF003025FEADC0C18BF03325FEADB
:1005D000DC0C18BF033202EBDC02C2F1200300FA8C
:1005E00003FC20FA02F001FA03FE40EA0E0021FAB1
:1005F00002F11444BDE600BF70B54FF0FF0C4CF49F
:10060000E06C1CEA11541DBF1CEA135594EA0C0F50
:1006100095EA0C0F00F0DEF82C4481EA030621EA8B
:100620004C5123EA4C5350EA013518BF52EA0335C6
:1006300041F4801143F4801338D0A0FB02CE4FF078
:100640000005E1FB02E506F00042E0FB03E54FF0A8
:100650000006E1FB03569CF0000F18BF4EF0010EA0
:10066000A4F1FF04B6F5007F64F5407404D25FEA9C
:100670004E0E6D4146EB060642EAC62141EA55514F
:100680004FEAC52040EA5E504FEACE2EB4F1FD0C91
:1006900088BFBCF5E06F1ED8BEF1004F08BF5FEA0F
:1006A000500E50F1000041EB045170BD06F00046C1
:1006B00046EA010140EA020081EA0301B4EB5C046E
:1006C000C2BFD4EB0C0541EA045170BD41F4801166
:1006D0004FF0000E013C00F3AB8014F1360FDEBF8B
:1006E000002001F0004170BDC4F10004203C35DA67
:1006F0000C341BDC04F11404C4F1200500FA05F3EA
:1007000020FA04F001FA05F240EA020001F000428A
:1007100021F0004110EBD37021FA04F642EB060100
:100720005EEA430E08BF20EAD37070BDC4F10C042A
:10073000C4F1200500FA04F320FA05F001FA04F2EE
:1007400040EA020001F0004110EBD37041F10001DA
:100750005EEA430E08BF20EAD37070BDC4F12005E5
:1007600000FA05F24EEA020E20FA04F301FA05F24D
:1007700043EA020321FA04F001F0004121FA04F2F5
:1007800020EA020000EBD3705EEA430E08BF20EAC5
:10079000D37070BD94F0000F0FD101F000464000FF
:1007A00041EB010111F4801F08BF013CF7D041EA81
:1007B000060195F0000F18BF704703F00046520085
:1007C00043EB030313F4801F08BF013DF7D043EA56
:1007D0000603704794EA0C0F0CEA135518BF95EA0C
:1007E0000C0F0CD050EA410618BF52EA4306D1D193
:1007F00081EA030101F000414FF0000070BD50EAB2
:10080000410606BF1046194652EA430619D094EA3B
:100810000C0F02D150EA013613D195EA0C0F05D125
:1008200052EA03361CBF104619460AD181EA030179
:1008300001F0004141F0FE4141F470014FF0000031
:1008400070BD41F0FE4141F4780170BD70B54FF0CC
:10085000FF0C4CF4E06C1CEA11541DBF1CEA13554C
:1008600094EA0C0F95EA0C0F00F0A7F8A4EB05042E
:1008700081EA030E52EA03354FEA013100F0888025
:100880004FEA03334FF0805545EA131343EA1263EE
:100890004FEA022245EA111545EA10654FEA0026A3
:1008A0000EF000419D4208BF964244F1FD0404F55C
:1008B000407402D25B084FEA3202B61A65EB0305B8
:1008C0005B084FEA32024FF480104FF4002CB6EB75
:1008D000020E75EB030E22BFB61A754640EA0C00F5
:1008E0005B084FEA3202B6EB020E75EB030E22BF35
:1008F000B61A754640EA5C005B084FEA3202B6EB76
:10090000020E75EB030E22BFB61A754640EA9C0034
:100910005B084FEA3202B6EB020E75EB030E22BF04
:10092000B61A754640EADC0055EA060E18D04FEAC2
:10093000051545EA16754FEA06164FEAC30343EA62
:1009400052734FEAC2025FEA1C1CC0D111F4801F2F
:100950000BD141EA00014FF000004FF0004CB6E728
:1009600011F4801F04BF01430020B4F1FD0C88BFC7
:10097000BCF5E06F3FF6AFAEB5EB030C04BFB6EBD2
:10098000020C5FEA500C50F1000041EB045170BDC5
:100990000EF0004E4EEA113114EB5C04C2BFD4EBF2
:1009A0000C0541EA045170BD41F480114FF0000E76
:1009B000013C90E645EA060E8DE60CEA135594EAF2
:1009C0000C0F08BF95EA0C0F3FF43BAF94EA0C0FF5
:1009D0000AD150EA01347FF434AF95EA0C0F7FF46A
:1009E00025AF104619462CE795EA0C0F06D152EABE
:1009F00003353FF4FDAE1046194622E750EA4106A2
:100A000018BF52EA43067FF4C5AE50EA41047FF4B2
:100A10000DAF52EA43057FF4EBAE12E74FF0FF3C17
:100A200006E000BF4FF0010C02E000BF4FF0010CE8
:100A30004DF804CD4FEA410C7FEA6C5C4FEA430C61
:100A400018BF7FEA6C5C1BD001B050EA410C0CBFB0
:100A500052EA430C91EA030F02BF90EA020F002012
:100A6000704710F1000F91EA030F58BF994208BF79
:100A700090422CBFD8176FEAE37040F00100704736
:100A80004FEA410C7FEA6C5C02D150EA013C07D18D
:100A90004FEA430C7FEA6C5CD6D152EA033CD3D0D8
:100AA0005DF8040B704700BF8446104662468C46D2
:100AB0001946634600E000BF01B5FFF7B7FF002805
:100AC00048BF10F1000F01BD4DF808EDFFF7F4FF2E
:100AD0000CBF012000205DF808FB00BF4DF808EDB9
:100AE000FFF7EAFF34BF012000205DF808FB00BFDC
:100AF0004DF808EDFFF7E0FF94BF012000205DF8FE
:100B000008FB00BF4DF808EDFFF7CEFF94BF0120B2
:100B100000205DF808FB00BF4DF808EDFFF7C4FFAB
:100B200034BF012000205DF808FB00BF4FEA410CF4
:100B30007FEA6C5C02D150EA013C0AD14FEA430CD7
:100B40007FEA6C5C02D152EA033C02D14FF0000014
:100B500070474FF0010070474A0011D212F50012A1
:100B600011D20DD56FF47873B3EB62520ED44FEA05
:100B7000C12343F0004343EA505323FA02F0704785
:100B80004FF00000704750EA013002D14FF0FF30C3
:100B900070474FF0000070474FEA4102B2F1E04366
:100BA00024BFB3F5001CDCF1FE5C0DD901F0004C54
:100BB0004FEAC0024CEA5070B2F1004F40EB8300A4
:100BC00008BF20F00100704711F0804F21D113F1D0
:100BD0003872BCBF01F00040704741F480114FEA09
:100BE0005252C2F11802C2F1200C10FA0CF320FA92
:100BF00002F018BF40F001004FEAC1234FEAD323AF
:100C000003FA0CFC40EA0C0023FA02F34FEA430318
:100C1000CCE77FEA625307D150EA01331EBF4FF0A1
:100C2000FE4040F44000704701F0004040F0FE40BC
:100C300040F40000704700BF80F0004002E000BFB9
:100C400081F0004142001FBF5FEA410392EA030FB7
:100C50007FEA226C7FEA236C6AD04FEA1262D2EB01
:100C60001363C1BFD218414048404140B8BF5B4206
:100C7000192B88BF704710F0004F40F4000020F09F
:100C80007F4018BF404211F0004F41F4000121F0B5
:100C90007F4118BF494292EA030F3FD0A2F10102FF
:100CA00041FA03FC10EB0C00C3F1200301FA03F13D
:100CB00000F0004302D5494260EB4000B0F5000F60
:100CC00013D3B0F1807F06D340084FEA310102F11F
:100CD0000102FE2A51D2B1F1004F40EBC25008BFD1
:100CE00020F0010040EA03007047490040EB00009B
:100CF000013A28BFB0F5000FEDD2B0FA80FCACF19C
:100D0000080CB2EB0C0200FA0CF0AABF00EBC250C8
:100D100052421843BCBFD0401843704792F0000FB6
:100D200081F4000106BF80F400000132013BB5E709
:100D30004FEA41037FEA226C18BF7FEA236C21D07F
:100D400092EA030F04D092F0000F08BF08467047E4
:100D500090EA010F1CBF0020704712F07F4F04D1B2
:100D6000400028BF40F00040704712F100723CBFC5
:100D700000F50000704700F0004343F0FE4040F4EF
:100D8000000070477FEA226216BF08467FEA2363AD
:100D90000146420206BF5FEA412390EA010F40F498
:100DA000800070474FF0000304E000BF10F00043E4
:100DB00048BF40425FEA000C08BF704743F09643CB
:100DC00001464FF000001CE050EA010208BF7047E6
:100DD0004FF000030AE000BF50EA010208BF70476D
:100DE00011F0004302D5404261EB41015FEA010C82
:100DF00002BF84460146002043F0B64308BFA3F17A
:100E00008053A3F50003BCFA8CF2083AA3EBC2535B
:100E100010DB01FA02FC634400FA02FCC2F120027A
:100E2000BCF1004F20FA02F243EB020008BF20F0B1
:100E30000100704702F1200201FA02FCC2F1200217
:100E400050EA4C0021FA02F243EB020008BF20EA0C
:100E5000DC7070477BB972B90029BEBF00204FF02B
:100E6000004106E008BF00281CBF6FF000414FF0B2
:100E7000FF3000F0D3B9ADF1080C6DE904CE0029C4
:100E800009DB002B1ADB00F04DF8DDF804E0DDE9AA
:100E9000022304B07047404261EB4101002B1BDB91
:100EA00000F040F8DDF804E0DDE9022304B0404240
:100EB00061EB4101524263EB43037047524263EBE3
:100EC000430300F02FF8DDF804E0DDE9022304B06D
:100ED000404261EB41017047524263EB430300F033
:100EE00021F8DDF804E0DDE9022304B0524263EBAF
:100EF0004303704753B94AB9002908BF00281CBFF3
:100F00004FF0FF314FF0FF3000F088B9ADF1080C21
:100F10006DE904CE00F006F8DDF804E0DDE9022317
:100F200004B070472DE9F047089D0F4604468C46F3
:100F3000002B48D18A42164661D9B2FA82F34BB1EE
:100F4000C3F1200201FA03FC20FA02F29E4042EAB9
:100F50000C0C9C404FEA164EB7B2BCFBFEF1220CC3
:100F60000EFB11CC42EA0C4201FB07F0904209D97A
:100F7000B21801F1FF3C80F0EE80904240F2EB802D
:100F800002393244121AA4B2B2FBFEF00EFB102258
:100F900044EA024400FB07F7A74209D9341900F1DB
:100FA000FF3280F0DA80A74240F2D7803444023822
:100FB00040EA0140E41B00211DB1DC400023C5E9EB
:100FC0000043BDE8F0878B4206D90DB1C5E90001A9
:100FD00000210846BDE8F087B3FA83F1002948D123
:100FE000BB4202D3824200F20781841A67EB0302FC
:100FF00001209446002DE4D0C5E9004CE1E7002A29
:1010000000F09280B2FA82F3002B40F0A8808A1A96
:101010004FEA164E1FFA86FC0121200CB2FBFEF7A8
:101020000EFB172240EA02420CFB07F0904207D960
:10103000B21807F1FF3802D2904200F2E280474630
:10104000121AA4B2B2FBFEF00EFB102244EA0244D4
:101050000CFB00FCA44507D9341900F1FF3202D281
:10106000A44500F2CB801046A4EB0C0440EA0740F4
:10107000A2E7C1F120068B4022FA06FC4CEA030CE1
:1010800007FA01F420FA06F3F7404FEA1C4923431C
:1010900000FA01F81FFA8CFEB7FBF9F01C0C09FBF3
:1010A000107744EA074400FB0EF7A74202FA01F268
:1010B0000AD91CEB040400F1FF3A80F09B80A742A0
:1010C00040F2988002386444E41B9FB2B4FBF9F309
:1010D00009FB134447EA044403FB0EFEA64509D965
:1010E0001CEB040403F1FF3780F08280A6457FD912
:1010F000023B644443EA0040A4EB0E04A0FB02E779
:10110000BC427346B94663D360D05DB1B8EB03020D
:1011100064EB090404FA06F622FA01F31E43CC40FC
:10112000C5E9006400214CE76208480842EAC17141
:101130000B0C43EA00438AB242EA0342B3FBF6F1E6
:10114000E407B4463746B6461F23B0FBF6F0D21B81
:1011500041EA004161E7614614E7104628E7C3F120
:10116000200120FA01F29E4027FA01F19F403A4304
:101170004FEA164E1FFA86FCB1FBFEF70EFB171066
:10118000110C41EA004107FB0CF8884504FA03F40E
:101190003AD9711807F1FF3001D288451FD8A1EB69
:1011A0000801B1FBFEF808FB0CF70EFB181192B218
:1011B00042EA0142BA422FD2B21808F1FF31C6D238
:1011C000BA42C4D2A8F102013244C0E7F0459CD231
:1011D000BEEB020367EB0C070138B94695E7A6EBB7
:1011E00008084144B81EB1FBFEF808FB0CF7DCE729
:1011F0003B467FE7504667E70846FBE63444023843
:1012000032E7023F32441BE7A1EB08013846B1FB4D
:10121000FEF808FB0CF7C8E7414698E7704700BFA7
:1012200006F01EBD06F070BD06F08CBD004870478C
:1012300050FF0008004870475CFF000800487047F6
:1012400079FF00080B480C4B0C4A10F8011B11B138
:101250004B405343F9E783F0FF03094907485343E1
:1012600011F8012B12B153404343F9E783F0FF0318
:101270005843704750FF0008C59D1C819301000131
:101280005CFF000808B5054800224FF4006108F033
:1012900085F8BDE8084001F09FBE00BF0000024095
:1012A00008B5054800224FF4006108F077F8BDE862
:1012B000084001F091BE00BF000002400248012238
:1012C000402108F06BB800BF000402400248002231
:1012D000402108F063B800BF0004024037B5002386
:1012E00004460D46ADF80430FFF7F0FFD2238DF829
:1012F000003012488DF801400A230222694609F0A5
:101300003BFB0446FFF7DAFF34B1032C0CBF022489
:101310000324204603B030BDFFF7D8FF07480A2357
:10132000022201A909F0C5FC0446FFF7C7FF002C03
:10133000EBD19DF805302B70EBE700BF580600207D
:10134000084B834210B50BD1074C2378012B07D1F2
:10135000064B5A68064B1A60FFF7B0FF0223237052
:1013600010BD00BF5806002080000020001000E0E3
:101370007C000020084B834210B50BD1074C23782A
:10138000012B07D1064B5A68064B1A60FFF796FFF0
:101390000323237010BD00BF5806002080000020EA
:1013A000001000E07C0000200048704790FF00081B
:1013B00007EE900A9FED057A9FED050AF8EE677A31
:1013C00067EE877A27EE800A704700BF0000B443BB
:1013D0000000803713B5044610B9002002B010BDDC
:1013E0000DF107011A20FFF779FF0028F5D19DF8CC
:1013F0000730DA092270C3F380026270C3F340023F
:1014000003F00103A270E3700120E7E72DE9F04744
:1014100007460C4619B100230B604B608B60002F10
:101420006DD0384B5968384B1A68536A1CB1238108
:1014300001232160A372354E317801F0FF0319B109
:1014400003252846BDE8F0873149DFF8C880DFF87A
:10145000D4900B70C9F800304B7088F8003088F8D1
:101460000130012333703CB1264B5B682360536A23
:10147000238140F201136381FFF728FF254A2449A5
:101480002548022309F0B2FC054638B1FFF716FFE4
:101490000023032D3370D3D10225D2E7DFF864A0F7
:1014A0001E4B1F4A1B68DAF80410B3FBF2F342F23A
:1014B000107253433278012A0ED03378DBB214B164
:1014C000D9F8002062600022022B3270B8D1B8F83F
:1014D00000305BBA3B80B4E7DAF80420521A93423A
:1014E000E8D804230C48337009F004FDFFF7E6FE4A
:1014F00014B1DAF80430636000233370CCE70125BF
:101500009FE700BF001000E0500500208000002091
:1015100083000020810000205806002000000020E9
:1015200040420F007C00002009B1FFF7D7BE012028
:10153000704700001FB5D723ADF808300023ADF881
:101540000C30FFF7C3FE0A23009303AA022302A96B
:10155000054809F0BEFA0446FFF7B0FEB4FA84F07D
:10156000400904B010BD00BF5806002013B5002389
:10157000044601A80193FFF72DFF30B914B90020EC
:1015800002B010BD01982060F9E79DF805302BB935
:101590009DF8063013B99DF8073033B1FFF7CAFF45
:1015A00001A8FFF717FF0028E8D00CB101982060D0
:1015B0009DF8043063B99DF8050058B99DF80630D0
:1015C0001BB99DF8070080F0010000F00100D7E78B
:1015D0000020FAE71846F8E730B548B100230024A8
:1015E0000025C0E90245C0E90433037043808361EC
:1015F00030BD70B5049D002838D0002D36D0002BAA
:1016000034DB047864B901230370436941800133FA
:10161000C0E902140261436129606C60002070BD62
:1016200044880C1BB4F5004F0CDDA4F5803484EA2B
:10163000E476A6EBE476B3420ADA83690133836188
:101640000420ECE714F5004FB8BF04F58034EEE752
:10165000D0E90236026142694180E31846EBE47446
:101660000132C0E9023442612B60D6E70120D6E79F
:101670002DE9F7430446002800F08680342200213B
:101680000CF04EFD002001A98DF804008DF8050036
:101690008DF80600FFF722FE04F10806002843D06B
:1016A00000259DF805209DF8043043EA022363805D
:1016B0004FF000089DF80630A371A4F82A80B146C7
:1016C00020270DF1070138468DF80780FFF706FE49
:1016D00010B18DF8078000259DF8073009F8013F0B
:1016E00013B1638D013363850137FFB2402FE8D119
:1016F000264904F128074FF0FF3316F8012F082080
:10170000534043F300020A40013882EA5303F8D100
:10171000B742F2D1DB43E36225706DBB84F83050F1
:10172000052003B0BDE8F0830DF105010120FFF7AE
:10173000D5FD0028B4D1211D0920FFF7F5FE0028B2
:10174000AED1611D0D20FFF7EFFE0028A8D10DF1ED
:1017500006011A20FFF7C2FD0028A1D1E11D1C20BF
:10176000FFF7E2FE00289BD131461F20FFF7DCFE89
:10177000B0FA80F56D0994E7638D002B14BF022346
:10178000012384F83030CCE70120CAE72083B8ED8C
:10179000024678B103786BB190F8301051B183797B
:1017A00013F0870008D1012908D1538D002B18BFF1
:1017B00003207047012070470220704703207047C4
:1017C00038B505460C46FFF7E3FFE8B9ECB16A8887
:1017D00023889A421BD12A79A3789A4219D16A792F
:1017E000E3789A4217D1AA7923799A4215D1EA79F6
:1017F00063799A4213D12A7AA3799A4211D1EA6A7B
:10180000A3689A4218BF0B2038BD0420FCE70520CE
:10181000FAE70620F8E70720F6E70820F4E70920B2
:10182000F2E70A20F0E700000B289ABF024B53F8BA
:1018300020000248704700BFC4360108ACFF000812
:101840002DE9F04F95B00021342207A80CF068FC78
:10185000012605233E4A8DF8213007A812928DF803
:101860001C608DF84C60FFF793FF3A4A044607CAA4
:1018700004AD85E80700294607A8FFF7A1FF00216E
:10188000039007A8FFF79CFF2946834607A8ADF8F9
:101890001E60FFF795FF00272946824607A8ADF88E
:1018A0001E708DF82060FFF78BFF4FF48061ADF85C
:1018B00020108146294607A8FFF782FF05238DF8EF
:1018C000213029460823804607A88DF82230FFF7EB
:1018D00077FF4FF480710290ADF8221007A82946D7
:1018E000FFF76EFF2946019007A88DF823708DF849
:1018F0002460FFF765FF039A8DF8247001461648AF
:10190000129044EA020010F0FF001ED1BBF1040F58
:10191000029B17D1BAF1050F14D1B9F1060F11D1FD
:10192000B8F1070F0ED1082B0CD1019B092B09D15F
:101930000A2907D1294607A8FFF742FFA0F10B03A8
:101940005842584115B0BDE8F08F3846FAE700BF5D
:10195000AD550A1998FE0008AC550A19074AD2F885
:10196000FC3043F08073C2F8FC30054B00225A6013
:101970001A6842F001021A60704700BF00ED00E0F3
:10198000001000E008B5FFF799FCBDE80840FFF73C
:10199000E5BF0000034B044A1B68B3FBF2F3584356
:1019A000704700BF0000002040420F0070B50446A1
:1019B000049868B1002B0CDA561E63F10045A6426C
:1019C0008D410FDBA41A61EB0301C0E90041012046
:1019D00070BD52EA0305F5D003F10045944271EB66
:1019E0000505EEE70020F3E72DE9F0410546012467
:1019F0008C4201D3BDE8F08155F8087F6E682B4614
:101A0000224653E902EC774576EB0C0805DA013AF9
:101A1000C3E900ECA3F10803F3D100EBC20340F8E3
:101A2000327001345E60E3E7014B5868704700BFD5
:101A3000001000E0034A53685B1A002B00DB70477C
:101A400000BFF8E7001000E0806E7047D0F88C30DF
:101A5000072B9FBF5A1C00EB8303C0F88C20D9666C
:101A6000836E5B1A002BB8BF8166704770B5D0B12A
:101A7000C9B1C2B1D0E91843A34214D25C1C446678
:101A800000EB83050024146094605460AC6914601A
:101A9000C41830F8133094F8586096720B80AB6B12
:101AA0008366207C70BD0120FCE738B504460D46F6
:101AB000902200210CF034FB25662A4604F15800E0
:101AC0000121BDE838400CF02BBB08461146FFF75A
:101AD0009DBC10B5044640B1382200210CF020FB1B
:101AE0002046BDE81040FFF777BD10BD2DE9F04757
:101AF00089468AB090461C460546002866D0002BD1
:101B000064D0002A62D0002960DB20220021184620
:101B100001260CF005FB4FF0000A267707AF2B6A71
:101B2000ADF80EA00133012E2B62C7E900AAC7F859
:101B300008A0667706D9AB6A0133AB62A37F43F096
:101B40000103A37739460DF10E00FFF75FFC8446D1
:101B500097E8070004F1100383E80700604690B19E
:101B6000EB6A0133EB62A37F43F002030136F6B266
:101B7000B045A3772077D2D243F00803A3776B6BED
:101B800001336B631FE000220023CDE9042304AB83
:101B90000093079ABDF80E104B462846FFF729FD23
:101BA00030B12B6B01332B63A37F43F00403DDE7DC
:101BB000BDF80E302380DDE904232077C4E9022339
:101BC0006B6A01336B620AB0BDE8F0870120FAE767
:101BD00008B5FFF701F99FED057A9FED050A07EEBD
:101BE000900A67EE877A27EE800A08BD0000B443AA
:101BF000000080372DE9F843089F84460020B7B3E2
:101C0000012A73F100051DDBB1F1004F08BF8445C7
:101C100018D0540844EAC374D4F1FF386FF000457B
:101C200081424FEA630EA5EB63050DDBE0458D4174
:101C300008DB1CEB04004EEB0101FFF70BF9C7E9D1
:101C400000010120BDE8F883DCF1000961EB4106E9
:101C5000C845B541F6DBB4EB0C006EEB0101FFF7B4
:101C6000F9F8404261EB4101C7E90001E9E7384674
:101C7000E8E7F7B50346084661B192B3490803EBBC
:101C8000C10510F0010053F83130696804D0C2E991
:101C90000031012003B0F0BD012B55E9024671F17E
:101CA000000512DBDD43A5426FF00045A5EB010501
:101CB000B541EFDBE01800924FF000034FF0020255
:101CC00046EB0101FFF796FFE4E753EA0105F1D087
:101CD0005F424FF0004565EB0105BC4276EB050520
:101CE000E7E71046D6E72DE9FF419446DDE90A27EC
:101CF0000C9E044688461AB9002004B0BDE8F08165
:101D0000002FF9D0002EF7D000200021CDE90201EC
:101D10004FF0FF3003F500454FF6FF71604571EB62
:101D20000505E9D308F50045A042A941E4D319040B
:101D300002AB00934FEA0C40002341EA1C41FFF73D
:101D400059FF0028D8D0DDE90232012B4FEA0841C3
:101D500072F1000541EA14414FEA04440FDBDD4310
:101D6000A5426FF00045A5EB02058D41C4DBC7E934
:101D700000321B1942EB0102C6E90032BDE753EA0B
:101D80000205F4D0D3F1000C4FF0004565EB0205DD
:101D9000644571EB0505E9E72DE9F04385B0DDE920
:101DA0000C540E9EDEB104F500474FF000084FF0D2
:101DB0000009B7F5803FCDE9028910D202AF009744
:101DC000FFF7F4FD58B1DDE9020123042A0443EAD8
:101DD00015430C9605B0BDE8F043FFF7E7BD0020C2
:101DE00005B0BDE8F08300002DE9F04F2DED028B2A
:101DF00099B0DDE9245808932A9C289B0D93299BD0
:101E00000C900592099334B19022002120460CF0E9
:101E100087F90123E3700C9B002B00F06082002DFA
:101E200000F05D82B8F1000F00F05982002C00F044
:101E30005682D8F80030002B00F05182D8F80430D8
:101E4000002B00F04C82AB68002B00F04882EA685F
:101E5000934200F244826A69002A40F34082AA69F0
:101E6000002AC0F23C822878012800F2388206D18C
:101E70006A68002A44DDD8F80820002A40D0269A53
:101E800052B1279A934200F22A82402B00F2278215
:101E9000099A002AC0F223824FF0FF306FF0004110
:101EA000C4E9060100204FF00041059AA260C4E990
:101EB00008019FED9B8B0027089AE2602365A770BD
:101EC0003E46BA46D4F85490994511D304F13003F4
:101ED000029304F12803CDE9009305980899D4E909
:101EE0000423FFF700FF002840F01E81207009E165
:101EF000A26DEB689A4208D3002323700720E0709C
:101F000019B0BDEC028BBDE8F08F2B78012B2FD1DF
:101F100094F801B0BBF1000F2ED0A36F6A69F31AD9
:101F2000934203D9002323700820E8E7D8F808304B
:101F3000D8F80C0031469847B146D8F80030D8F8A8
:101F40000C00ADF838A014AA0EA9CDE914AACDF85A
:101F500058A09847A26D511C9DF85A20A1650346D0
:101F600062B9636E84F800A0013363660620C6E799
:101F70004FF00009CB46E0E7D946DEE7149AE26766
:101F8000012945D1A2672978012902D16E686170C3
:101F90001644D8F80420D8F80C0006939047A26F96
:101FA0006969821A8A428346C4F88020BAD8069B9F
:101FB0008DED108B002B40D09A1ED2B2012A02D890
:101FC000E26D0132E2652371A36E0137BB422B69DA
:101FD00038BFA766BB428FD3D4F85490AB689945FD
:101FE000BFF474AF2A78012A7FF46CAFBBEB060B09
:101FF0003FF568AFE26E6968BBFBF1FB0BF1010BCB
:1020000012EB0B02BFF478AFE2660BFB016659E7F7
:10201000BBF1000FBDD0A2EB0901002908DAA9EB42
:102020000201626F8A4238BF61676E684E44B0E752
:10203000FBD0226F01322267F3E710AB0093AB694C
:10204000149ABDF838100C98FFF7D3FA0428034609
:1020500003D1226E01322266B5E70028B3D1DDE953
:102060001023CDE9062312AB0093DDE90601059AA2
:10207000089B8DED128BFFF799FC002840D0DDE91D
:102080001232012B72F10007D4E904102BDBDF437D
:102090008F426FF00047A7EB0207874130DBC9187A
:1020A00040EB0200C4E904102699676D61BBD4E9D6
:1020B0000601834272EB0101D4E90801B8BFC4E90B
:1020C000063298429141B8BFC4E908321FB9DDE930
:1020D0000623C4E91023DDE9062301376765C4E957
:1020E0001223002778E753EA0207D8D0D3F1000C77
:1020F0004FF0004767EB0207614570EB0707CDE73C
:10210000002323700920FAE62799B942CFD92699EE
:10211000269801EBC70140F837304A60C7E700BF97
:102120000000000000000000269B002B00F0B9809A
:1021300009F1FF333F2BC4F8849000F2B280269857
:102140004946FFF751FC4FF0000A4FF0000B0EAA72
:10215000CDE90EABFFF78DFD002800F0A280269D93
:10216000634E05EBC9030C932F460DF15008DDE9D2
:102170000E23CDF80080F7E80201CDE90A23CDE96E
:1021800014ABFFF713FC002800F08F80DDE9143258
:10219000002A02DA5B4262EB4202C6E900320C9B83
:1021A000BB4206F10806E2D151484946FFF71CFC44
:1021B0000026002710AACDE91067FFF75AFD002876
:1021C0006FD0DDE910014B4B83424B4B8B41CDE986
:1021D000126766D340F2072612ABA0FB06070093F6
:1021E0006422002306FB0171FFF704FD002858D08C
:1021F000DDE912AB0D9B9A45099B9FED3B7B7BEB89
:1022000003034FF00007BCBFDDF834A0DDF824B0B5
:102210000697B846B946D5E9006114AB009330463D
:10222000DDE90A2309918DED147BFFF7BFFB08352B
:10223000099900283ED0DDE91432002A02DA5B4217
:1022400062EB42029A457BEB020244DB012E71F104
:10225000000334DBF343BB426FF00043A3EB010305
:1022600073EB08031DDBF619374641EB080809F14B
:1022700001090C9BAB42CED1069BC4E92239B9F1CE
:10228000000F0ED004F13803029314ABCDE9009394
:10229000059808993A464346FFF725FD08B1012302
:1022A000A37001232370002029E64FF0FF336FF065
:1022B000004272E74FF0FF336FF00042C2E756EA88
:1022C0000103D0D072424FF0004363EB0103974209
:1022D00078EB0303C6E7069B01330693C9E70120A9
:1022E0000EE600BFAFF30080000000000000000019
:1022F000880000205E77026D05233F00F0B51F4681
:102300000D4B054616460FCB8DB008AC84E80F0088
:10231000189B0693DDE91623CDE90423149B039350
:10232000139BCDE90143129B009332463B4628465E
:10233000FFF75AFD0DB0F0BDA4FE00082DE9F04FE7
:102340000022ADF5297D0023CDE91423CDE9162324
:1023500016AC022314AD00930294019501220023D0
:1023600064200021FFF7BFFC78B12B68159AA3F514
:10237000004313432ED12368179AA3F5C9031343CF
:102380000CBF012300230A9300E00A90022300936C
:10239000CDE901544FF0FF324FF0FF336FF063008F
:1023A0004FF0FF31FFF79FFCB0B12A68159BB3F1E6
:1023B000FF3F08BF12F5004F40F0A383179B226830
:1023C000B3F1FF3F08BF12F5C90F0CBF0123002373
:1023D0000B9302E00023D6E70B9001220023CDE906
:1023E000182300220023CDE9002318AC4FF4C802C3
:1023F0000023029410461946FFF7CEFC002840F057
:10240000828300230D93CB4BCB4E0FCB1DAD0DF52F
:10241000047885E80F0002214046FFF746FBC74BD2
:1024200084934FF47A714FF48263CDE98A1340F2BA
:10243000ED3040F2154321AFCDE9920340F2E33392
:1024400028A89E93C5F80C80FFF7C6F801233B70BF
:1024500028240223C7E90143C7E903331423C7E94A
:1024600005630022002360AE0024CDE90423CDE9FA
:102470000244CDE9007506966422002328A8FFF7E0
:10248000B3FC90BB347884B3B36D022B40F0588317
:10249000736D022B40F05483F46E002C40F0508397
:1024A000D6E91032643B13431FD1D6E91232653BA3
:1024B00013431AD1D6E90632134316D1D6E90832AE
:1024C000013B134311D1D6E90C32A3F5C9031343E1
:1024D00040F03683A79B012B40F032839F9CA4F5EC
:1024E000826BDBF1000444EB0B0404214046FFF750
:1024F000DCFA934B8493A3F1041385934FF47A7C15
:102500004FF48263CDE98AC34FF4876E4FF48C6336
:10251000CDE98CE340F2ED3940F21543CDE99293D9
:1025200040F23D4A40F26543CDE994A328A840F229
:10253000E3339E93FFF750F80423C7E902333B616E
:10254000002200234FF00009CDE90423CDE90299D0
:10255000CDE9007506966422002328A8FFF744FC05
:10256000002840F0EF82D6E90623B3F1FF3F08BF11
:1025700012F1040F40F0E982D6E90832043B13431C
:1025800040F0E382D6E91013D6E912029A4208BF5E
:1025900088420CBF01234B46089304214046FFF7B5
:1025A00084FA664B849303F1021385934FF47A7B8C
:1025B0004FF482634FF48762CDE98AB34FF48C63A2
:1025C000CDE98C2340F2ED3140F21543CDE9921371
:1025D00040F23D4040F26543CDE9940340F2E333DD
:1025E00028A89E934FF00009FEF7F6FF0022002373
:1025F000CDE90423CDE90299CDE900750696642260
:10260000002328A8FFF7F0FB002840F0A082D6E9BD
:102610000632134340F09E82D6E90832033B13434F
:1026200040F09882D6E91232D6E910105B1AA3F175
:10263000030362EB000213430CBF01234B460993D3
:1026400003214046FFF731FA6423ADF812326623C6
:102650004FF47A7CADF814324FF48263CDE98AC32B
:102660004FF487638C9340F2ED3940F21543CDE986
:10267000929340F23D430226949328A840F2E3331C
:102680008DF820629E9360AFFEF7A6FF4FF0000921
:1026900021AB032200200021CDE92422CDE9040151
:1026A000CDE90035CDE9029906976422002328A8D8
:1026B0002396FFF799FB0646002840F04D829DF8CF
:1026C0008131002B00F04A82769B032B15D1759B3C
:1026D000022B12D1779B012B0FD19DF88431022B55
:1026E0000BD1A79B022B08D19F9BB3F5826F04D11E
:1026F000A09EA6F587677E427E4103214046FFF7F4
:10270000D4F90E4B84936623ADF814324FF47A7BE0
:1027100040F26543CDE98AB34FF4916340F2ED3165
:102720008C9340F26A43CDE9921340F28D43949327
:1027300028A807E0B4FE0008A08601006400650038
:102740006400680040F2E3339E930DF5C079FEF714
:1027500043FF4FF0000A21AB032200200021CDE906
:102760000401CDE900352392CDE902AACDF81890F5
:102770006422002328A8FFF737FB0746002840F013
:10278000EF817B9B022B13D17C9B012B10D17D9B76
:10279000552B0DD1A79B022B0AD19F9BB3F5826FBE
:1027A00006D1A09FA7F5916ADAF1000747EB0A0767
:1027B00002214046FFF779F9BA4B84936FF00F0E70
:1027C0001023CDE98AE36FF00A081523CDE992833F
:1027D00028A86FF01F039E934FF02009FEF7FCFE20
:1027E0000222CDE9229221AB00200DF5C078002114
:1027F0004FF00009CDE92422CDE90401CDE90035EF
:10280000CDE90299CDF818804FF6FE72002328A872
:10281000FFF7EAFAB8B9809B252B40F0A3817B999A
:10282000002940F09F81DDE97032A3F57F43FE3B34
:10283000134340F09981DDE97232A3F10113134390
:1028400008BF4FF00109082184A8FFF72EF9964B25
:102850008493013B8593954B86930DF5097803F599
:102860008013879342464FF47A7342F8043F591D10
:102870002833B3F5A56F1162F7D140F2E33328A8EE
:102880009E932825FEF7A8FE0822CDE92252CDE925
:102890002422039230AA21AB0020002102920DF5E0
:1028A000C07A1DAACDE90032CDE90401CDF818A007
:1028B0006422002328A8FFF797FA0546002840F075
:1028C00055819DF88231002B00F05281819B082BAD
:1028D00015D1829B012B12D1839B072B0FD1DDE9F0
:1028E0006E32A3F5C803134309D1DDE96C32A3F5B9
:1028F000CB03A3F5C04313430CBF012500250821DA
:1029000084A8FFF7D2F84FF06413CDE9843386939F
:1029100003F58033879342464FF47A7342F8043FBD
:10292000591D2833B3F5A56F1162F7D140F2E33397
:1029300028A89E93FEF750FE00220023CDE9042331
:102940000823039340AB02931DAB0DF5C07A0193AE
:1029500021AB0093CDF818A06422002328A8FFF72C
:1029600043FA002840F006819DF882313BB1829BFA
:10297000012B40F00181839BD81F434243410C93BC
:10298000082184A8FFF791F84FF06413CDE9843350
:10299000869303F5803387934FF47A7348F8043FA6
:1029A0005A1D2833B3F5A56FC8F82020F6D10DF1D4
:1029B000A00840F2E33340469E93FEF70DFE092245
:1029C0000023CDE904230823039350AB02931DABEE
:1029D0000DF5C07B019321AB0093CDF818B06422B4
:1029E00000234046FFF700FA002840F0C7809DF81A
:1029F0008231002B00F0C280829B002B40F0C1800E
:102A0000839BA3F10801D1F1000A4AEB010A404679
:102A1000FEF7E2FD00220023CDE91A230DF1680B39
:102A20000A231A466421CDF800B04046FEF7E1FDC6
:102A3000B8F802300F93D8F808301293D8F80C3059
:102A40001393D8F810301093D8F814300E901193D7
:102A5000CDF800B00A231422C8214046FEF7C9FD74
:102A6000042840F09080B8F802300F9A934240F06A
:102A70008A80D8E90223DDE91210834208BF8A4226
:102A800040F08180D8F81030109A93427BD1D8F86A
:102A90001430119A934276D1D8F818305A1E534206
:102AA000534105E0FEFF010064006500640063001F
:102AB0000A9A002A69D00B9A002A68D00D9A002A37
:102AC00067D0002C67D0089A002A66D0099A002A9D
:102AD00065D0002E65D0002F65D0B9F1000F64D00D
:102AE0004DB10C9A12EA0A0505D00E9A002A14BFBD
:102AF000002503F0010505F001000DF5297DBDE875
:102B0000F08F002364E42368199A13437FF479ACAF
:102B10004FF480320023CDE9002302944FF4C80221
:102B200000234FF4C8000121FFF736F900283FF4D5
:102B300068AC2368199A13430CBF0123002361E496
:102B40000024D2E4CDF8209027E5089025E5CDF8C3
:102B5000249075E5099073E54E46CEE51E46CCE51A
:102B6000574625E681466EE689466CE60025C6E6B0
:102B70001D46C4E6002302E70C9001E74FF0000A6F
:102B800045E7824643E7002392E70A9DB3E70B9DA2
:102B9000B1E70D9DAFE72546ADE7089DABE7099D81
:102BA000A9E73546A7E73D46A5E74D46A3E700BFA1
:102BB0002DE9F04F2DED048BADF5217D1AA8FEF720
:102BC00088FFFEF7F1FB354A0346602128A80BF089
:102BD00035FA5F28A8BF5F2082B228A93223304887
:102BE00009F010F9FEF722FB0446FEF723FB054629
:102BF000FEF724FB0646FEF725FB2A4B0746D3F8D3
:102C00000080FEF7D1FB284A0095CDE903802346DA
:102C10004FF48071CDE9016760A80BF00FFAFF282F
:102C2000A8BFFF2082B232231D4860A909F0EAF84C
:102C30001E481F4C012106F0ABFB00280CBF0125EC
:102C4000002503D123780BB9FEF7ECFA194825705B
:102C50004FF4804106F0A7FBFEF7E6FA18B1C82052
:102C600009F057FBE4E712AC234603224FF400417E
:102C70001AA8FEF73BFF074610B3A37F0193637FBB
:102C800000930D4A0346602140A80BF0D7F9322388
:102C900082B240A9024809F0B5F8E0E7A4000108B3
:102CA0003804002000000020BF000108000002409E
:102CB000B302002000080240410101080000C842A0
:102CC00026885FED028A3046FEF772FBB6EE008A78
:102CD000F0EE487AE0EE287A11AD28461197FCEE26
:102CE000E77A17EE904AFEF775FB9DF844309DF8A1
:102CF00045209DF846109DF8475018B113B90AB900
:102D000001B9BDB1CDE903326422B4FBF2F302FB99
:102D10001344CDE90515CDE900349B4A02903346B2
:102D2000802140A80BF08AF9322382B240A997484B
:102D300009F068F8DFF87CB295499BF80040954AA5
:102D4000DFF87482DFF87492934DDFF874A2002CE0
:102D500040F0F4809FED8A7B01238BF800308F4B8D
:102D60000E8083ED007B8AED007B8D4B1460C8F8EC
:102D70000040C9F800402C601C60D8F80030A34225
:102D8000B8BFC8F800402046FDF7CCFBDAE90023C5
:102D900006460F46FDF77AFACAE90001DFF8FCA102
:102DA000CDE90E0132463B4630463946FDF724FC5C
:102DB000DAE90023FDF76AFA06460F46CAE900671A
:102DC000DFF8DCA1DAF8000001301828CAF80000AA
:102DD0007FF645AFFDF796FB02460B46CDE90C01A9
:102DE000DDE90E01FDF732FDDDE90C23CDE90E0131
:102DF00030463946FDF72AFDDDE90E2306460F462B
:102E000010461946FDF7F8FB02460B463046394698
:102E1000FDF73AFA02460B4643EC192B0022002339
:102E2000FDF77AFE002800F0A280B0EE490AF0EE2D
:102E3000690A0BF061FE57EC106BD9F80030D8F836
:102E40000000C01A2B6840F2DA22934200F392800D
:102E500004F6396841F6724398458CBF4FF000087C
:102E60004FF0010880B2FEF7A3FAB0EE489A4D4B3E
:102E7000002230463946A0EE289AFDF707FAFDF702
:102E80006BFE80B2FEF794FAF0EE487AE0EE287A14
:102E90002888BCEEC99AFCEEE77A17EE907AFEF726
:102EA00087FAF0EE487AE0EE287A002CA0B2B8BF9C
:102EB0004042FCEEE77AB8BF80B217EE909AFEF778
:102EC00077FAA0EE288A64233748B7FBF3F6FCEEC6
:102ED000C87A03FB1671354FCDF8288017EE90CADB
:102EE00030EA240028BF384619EE102ADAF80040EC
:102EF0000994B9FBF3F403FB1497B2FBF3F5CDE9A6
:102F00000747BCFBF3F403FB152203FB14C3CDE915
:102F10000310CDE90543CDE901260523244A009598
:102F2000802140A80BF08AF8322382B240A91748CA
:102F300008F068FF00238BF8003090E60C880E80C4
:102F4000341B116823B2002B01FA84F4B8BF5B4232
:102F500014602A689BB29A4207DBD9F800309C4281
:102F6000BFF60BAFC9F8004007E72B60F5E7002676
:102F7000002762E74FF0000874E700BFAFF300805E
:102F80000000000000000000840101083804002057
:102F9000B0020020AC020020A0020020900200201D
:102FA000880200200000E03F4A310108A200010829
:102FB000DC010108B2020020A8020020A4020020C7
:102FC000980200200268034B9A4201D105F0FABC36
:102FD000704700BF0020004007B572B6064C074896
:102FE0004FF4005106F0DFF900230193019BA34247
:102FF000F5D8019B0133F8E71FA107000008024044
:1030000010B594B0102200210AA80BF089F8142200
:10301000002103A80BF084F81F4B002101911A6CCA
:1030200042F080521A641B6C03F080530193019BA1
:103030001A4B02911A6842F480421A601B6803F42A
:1030400080430293029B01214FF480330224CDE997
:1030500008134FF48003CDE90E43A822042308A8E7
:10306000CDE91032CDE9124307F08EF808B1FFF731
:10307000B3FF0F23CDE9033405904FF4A0524FF472
:103080008053052103A8CDE9062307F059FA00284B
:10309000EDD114B010BD00BF0038024000700040F8
:1030A00080B5BAB000246D4D05F072FCFFF7A8FFA3
:1030B0001422002132A80BF033F802942B6B6848DD
:1030C00043F004032B632B6B03F004030293029B76
:1030D00003942B6B43F080032B632B6B03F0800373
:1030E0000393039B04942B6B43F001032B632B6B23
:1030F00003F001030493049B05942B6B43F002033C
:103100002B632B6B03F00203224605934EF207015B
:10311000059B06F043F9224652484FF4006106F041
:103120003DF922465048402106F038F901264EF27A
:1031300007034B4832A9CDE93236CDE9344406F0D5
:103140004FF84848349632A9CDE9326406F048F881
:103150004FF40063434832A9CDE93236CDE9344417
:1031600006F03EF84023404832A9CDE93236CDE999
:10317000344406F035F800942B6B43F400132B63B2
:103180002B6B03F400130093009B01942B6B43F40F
:1031900080032B632B6B03F48003224605210193EC
:1031A0000C20019B05F0FCFD0C2005F02BFE2246B7
:1031B00005210E2005F0F4FD0E2005F023FE224629
:1031C0000521102005F0ECFD102005F01BFE224625
:1031D0000521112005F0E4FD112005F013FE224623
:1031E00005212F2005F0DCFD2F2005F00BFE2246E7
:1031F0000521382005F0D4FD382005F003FE2246D5
:1032000005213A2005F0CCFD3A2005F0FBFD2246D1
:1032100005213B2005F0C4FD3B2005F0F3FD102205
:10322000214618A80AF07CFF104A114B13604FF496
:103230008033C2E9013482F820400E4BD462D4605E
:1032400010460224166116769362D46182F83060CB
:10325000566105F0C9FB78B1FFF7BEFE00380240A9
:10326000000802400000024000040240180800204C
:10327000002001400100000F0523C8481A9318A937
:10328000CDE9186605F0E8FC0028E5D1C34804261E
:1032900018A9CDE9186405F0DFFC05460028DBD14C
:1032A0000146102214A80AF03BFF1C22294623A83D
:1032B000CDE90A550AF034FF2022294632A80AF047
:1032C0002FFFB74CB74BA560C4E90035204640F648
:1032D0006A03C4E90335C4E905550AAF08F05AF991
:1032E0000028B9D14FF4805314A92046149308F054
:1032F0002BFB0028B0D1204608F078F90028ABD18C
:10330000CDE90A003946204608F026FC024600288E
:10331000A2D17023CDE92330CDE92500CDE92700E6
:10332000299023A9204608F0E9F9002894D13246D3
:1033300023A9204608F0E2F900288DD1082223A90C
:10334000204608F0DBF9002886D100234FF4005214
:1033500032A92046CDE93233CDE934333693379262
:10336000399308F037FC054600287FF475AF2046F6
:1033700005F0CCF8102229460CA80AF0D1FE8A4CA0
:103380001022294610A8CDE908550AF0C9FE4FF0D1
:103390008043C4E9003520464FF0FF33C4E90335CC
:1033A00008AEA560A56108F0F5F800287FF454AFD9
:1033B0004FF480530CA920460C9308F0C5FA00285E
:1033C0007FF44AAF204608F03DF900287FF444AF6F
:1033D000CDE908003146204608F0BEFB0246002831
:1033E0007FF43AAF0123CDE911301090139010A96A
:1033F000204608F013FA00287FF42EAF022304229F
:1034000010A92046CDE9103308F008FA0346002839
:103410007FF422AF6548DFF8C8C1654A03624FF404
:103420008044C0E90233C0E90443C0E90633C0E97F
:1034300000C205F0C1FF034600287FF40DAF5D48D0
:103440005D4F03614FF46122C0E900720C22C0E9B4
:103450000233C0E90523C36108F0A6FC0346002837
:103460007FF4FAAE5548564E564A0362C0E90062F0
:10347000C0E90233C0E90443C0E9063305F09CFF0C
:1034800000287FF4E9AE5049504B0B604FF4827036
:10349000002301220224C1E90103C1E90442CB60F7
:1034A0004FF4007518220B624B628B6208460A23A8
:1034B000C1E90652CB6207F003FA054600287FF403
:1034C000CBAE0146CDE906001C221CA80AF028FE5E
:1034D000294620222AA80AF023FE3D4C3D49A5603A
:1034E0005323C4E90013204640F2E733C4E903350F
:1034F000C4E9055506AE08F079F800287FF4ACAEB3
:10350000CDE906003146204608F026FB0246002899
:103510007FF4A2AE6023CDE91C30CDE91E00CDE9D9
:10352000200022901CA9204608F0E8F800287FF42B
:1035300093AECDE92A00CDE92C002E904FF4005334
:1035400031902AA920462F9308F044FB0546002815
:103550007FF482AE204604F0D9FF1F481F4A056160
:103560004FF46123C0E900230C23C0E90255C0E9F0
:103570000535C56108F018FC044600287FF46CAEE0
:10358000FEF700FAFEF75CF900283FF465AEFEF79F
:10359000D5FE00283FF460AE24E000BF18080020EC
:1035A0005005002000000140080500201007002001
:1035B000A086010038040020004800406407002075
:1035C00000540040801A06005806002000300140D8
:1035D000C0040020000401407C040020004400409E
:1035E0000058004000F01CF800F048F800283FF4B4
:1035F00033AE08F015FE074A0748214608F043FE9F
:10360000064B1860FDF70CFE00283FF425AE08F0CD
:1036100019FEFEE7F4360108B12B0008B4020020C1
:1036200008B500F0B3F90448044904F099FBBDE87B
:1036300008400348FEF74DBA9808002018370108E3
:103640006008002000F046B900F054B900F062B9FB
:1036500008B5044804F07CFBBDE808400248FEF7CA
:1036600038BA00BF980800206008002008B5FFF7AE
:10367000EFFFBDE8084000F081B9000070B52DED06
:10368000068B84B004F00EFC00284AD0284C294D4B
:103690002046B0EE000A04F075FB0123B6EE000AE6
:1036A0007B202B706B6200F035F9FFF7DFFF94EDA4
:1036B00007AAD4ED089A94ED099AD4ED0A8A94EDFC
:1036C0000B8A2E786C6A01A800F086F9B5EE40AA44
:1036D000F1EE10FABDF80420DDED027A9DF80C3011
:1036E00023D1F5EE409AF1EE10FA1ED1B5EE409AD4
:1036F000F1EE10FA19D1F5EE408AF1EE10FA14D17C
:10370000B5EE408AF1EE10FA0FD176B96CB962B914
:10371000F5EE407AF1EE10FA07D183F0010000F0E7
:10372000010004B0BDEC068B70BD0020F7E700BFC0
:1037300098080020600800201FB50446D8B10F4B40
:10374000DA6902601A6A42605A6A82609A6ADB6ABF
:1037500003610B4BC2601A785B6A8361027501A832
:1037600000F03AF9BDF80430A383029B23629DF870
:103770000C3084F8243004B010BD00BF980800203D
:103780006008002030B52DED028B054689B0B0EE03
:10379000408AC8B31D486B4603224FF40051FEF720
:1037A000A5F9044628BBDDE90201FEF711FADFEDB9
:1037B000187A9FED187A30EE480AB4EEE70AF1EE77
:1037C00010FA1BDCDFED147A9FED127AB4EEE70AF3
:1037D000F1EE10FA15D4114885ED000A04F0D2FA82
:1037E000FDEEC07AB7EE000A17EE903A98B200F0FC
:1037F00091F8204609B0BDEC028B30BD30EE470A8F
:10380000DBE730EE070AE1E70124F2E76008002079
:10381000000034430000B443000034C39808002083
:1038200042F6AB23B0FBF3F202FB130080B2704709
:10383000062070470C20704708B5044804F028FBA8
:10384000FDEEC07A17EE900A08BD00BF9808002070
:10385000004870476002010808B507EE900A9FED26
:10386000197AF8EEE77A2DED028B67EE877AB0EEE3
:10387000408A9FED150A87EE800A0BF0CDF9F6EE2F
:10388000007AE0EE277A67EE887AF5EEC07AF1EEFC
:1038900010FA14D4B7EE000AF4EEC07AF1EE10FA82
:1038A000D8BFB0EE670ADFED097A20EE270ABDEC3B
:1038B000028BBCEEC00A10EE103A98B208BD9FED24
:1038C000040AF0E7DB0FC94000AC2A4600A0064519
:1038D0000000000008B5012204484FF4006105F023
:1038E0005DFD034B01221A7208BD00BF00000240BB
:1038F000C808002008B5002204484FF4006105F014
:103900004DFD034B00221A7208BD00BF00000240AB
:10391000C808002070B542F6AB250446B0FBF5F0B0
:1039200005FB10402DED028B80B2B0EE408AFFF710
:1039300093FF104B1E6804F63963B0EE480A7063BB
:10394000B3FBF5F005FB1030FFF786FF04F5E353FA
:103950001233B063B0EE480AB3FBF5F005FB10304C
:10396000FFF77AFF044BF06383ED018ABDEC028B15
:103970001C8070BD50050020C80800209FED020A81
:103980000020FFF7C7BF00BF0000000008B5FFF729
:10399000B1FF012211460E4805F000FD0C4800223F
:1039A000022105F0FBFC00220948042105F0F6FC89
:1039B0000021084808F0CEF80421064808F0CAF8AB
:1039C0000448082108F0C6F8BDE80840FFF7D6BF54
:1039D0000008024050050020034618B1024A07CAF9
:1039E00083E80700704700BFC8080020164B17483F
:1039F000D3F8101AD3F8142AD3F8183A814207D111
:103A000013498A4202D1134A93421BD000207047C7
:103A10001148814207D10E498A42F7D10D4A93429B
:103A2000F4D1012309E00D488142EFD10C498A42CB
:103A3000ECD10C4A9342E9D102230B481C2202FB31
:103A4000030070470023F8E70070FF1F27003C00C9
:103A500004473432353535382C0025003A004C0007
:103A60000B513430393336310838010809289ABFF0
:103A7000024B53F820000248704700BF8837010806
:103A8000740201080346B0B3D0ED007AF5EE407A37
:103A9000F1EE10FA2FD1D0ED017AF5EE407AF1EE89
:103AA00010FA28D1D0ED027AF5EE407AF1EE10FA54
:103AB00021D1D0ED037AF5EE407AF1EE10FA1AD169
:103AC000D0ED047AF5EE407AF1EE10FA13D1027DD2
:103AD0008AB9806978B99A8B52B9D3ED087AF5EE34
:103AE000407AF1EE10FA06D193F8240080F001003C
:103AF00000F0010070470020FAE700000FB400B5A5
:103B0000ADF2747D0DF5EF6340F26C7153F8042B48
:103B1000009301A80AF0F6FA021E0ADD40F26B7368
:103B20009A4228BF1A460648C82392B201A908F053
:103B300069F90DF2747D5DF804EB04B0704700BFC5
:103B4000380400200FB400B5A3B024AB802153F893
:103B5000042B019302A80AF0D5FA021E08DD802A80
:103B600028BF7F220548642392B202A908F04AF9CF
:103B700023B05DF804EB04B0704700BF38040020A8
:103B800073B5034600250846012611460A22013571
:103B9000AB4202FB06F6FAD107EE906AB5EEC00A18
:103BA000F1EE10FAF8EEE76A4CBFB1EE407AB0EEF3
:103BB000407AF6EE007AE6EE877AB5EEC00AFDEEC0
:103BC000E77AF1EE10FA17EE904A94FBF6F306FB53
:103BD0001344CDE9005407D553EA040204D0034A44
:103BE0000AF02CFA02B070BD014AF9E77C02010824
:103BF0007D0201082DE9F04F8FB09B469DF86030A3
:103C0000199C03920293824680B17CB14722002125
:103C1000601C0AF085FA0322227006AB40F21D7187
:103C20005046FDF763FF064628B16070032528461D
:103C30000FB0BDE8F08F06AF0FCF04F108050FC538
:103C400097E80F0085E80F000123A362DDE90878FB
:103C500004F0C4FEB1460190012008F05AFB06AB07
:103C6000032240F21D715046FDF740FF054630B17A
:103C7000032360702370D9E71F469046ECE70DF1EF
:103C8000180EBEE80F0004F1080CACE80F009EE827
:103C90000F008CE80F00A36A0133A362DDE908324C
:103CA000DF1B62EB0808B8F1000F02DA7F4268EB15
:103CB00048080399B3EB010C029962EB0B00C4E9CD
:103CC0000EC079B30028614602DA494260EB400039
:103CD00040F28F3C614570F1000034BF01210021AA
:103CE0000A2F78F1000821D209F10109E1B101366A
:103CF000E06A4845206B38BFC4F82C90B04200D22F
:103D00002663E06A84F84110072894BF0020012050
:103D1000082E84F840000DD1012384F8423000239E
:103D2000237084E70121DBE70E46E1E74FF000094D
:103D30004E46E6E7CDE9043204F050FE019BC01A7E
:103D40006328DDE9043297D9002384F8423094F8DF
:103D500040302BB194F8413013B90225257066E745
:103D60000125FBE72DE9F0412DED0A8B9FED3E9AF1
:103D70009FED3EBADFED3EBA9FED3ECA0D46F0EE36
:103D800040AA16461C4680460027B0EE498AB0EE8F
:103D900049AAAF4212DB002D267033DCDFED327A08
:103DA00084ED01AA84ED02AA84ED03AA0023BDECF0
:103DB0000A8BC4ED047A2375BDE8F08107EE907A92
:103DC000B8EEE77AF8EC018A27EE0B7A78EEEA8A09
:103DD000C7EE0B7A013767EEAB7AC7EE8C9A07EE27
:103DE000906AF8EEE77A69EEA79AB0EE690A0AF0EF
:103DF000DBFEA0EE288AB0EE690A0AF00DFFA0EE05
:103E0000289AC6E707EE905AF8EEE77AB0EE007A05
:103E1000C7EE278A28EE888A68EE898A84ED018AAF
:103E200028EEA80AC4ED028AA8EE080A0AF09AFE53
:103E3000F0EE480AB0EE409A84ED030AB0EE680A4C
:103E40000AF08EFEDFED0B7A9FED097A20EE270A4D
:103E5000C0EE077A9FED087AB4EEC79AF1EE10FA39
:103E6000ACBF01230023A2E7000000000000B44320
:103E7000DB0F494000003443CDCC4C3D036A10B504
:103E80000C681C1B1368234413604C68436A1C1B9A
:103E90005368234453608C68836A1C1B93682344D3
:103EA0009360CC68C36A1C1BD3682344D3600C693D
:103EB000036B49691C1B136923441361436B591A33
:103EC00053690B44536110BD06EE902A07EE103A79
:103ED000F8EEE66AB8EEC77ABAEE0E6AC6EE877AF0
:103EE000091AF1EE086AA7EEA66AF2EE046AE7EE96
:103EF000866A27EEA77A27EE277A07EE901A27EE32
:103F0000267A06EE900AF8EEE77AB8EEE60AA7EE11
:103F1000270A0AF0BBBE2DE9F047002986B00E46FD
:103F200090460F4602DA404261EB41070546EA46F9
:103F30000024E946284639460A220023FCF7DAFF26
:103F4000AC4630320AF8012BBCF10A0F3A4672F146
:103F500000022346054604F101040F4602D3172C44
:103F6000E8D11623002E09DA172C07D004F1180225
:103F70000DEB02042D2204F8182C9C1C09EB040202
:103F800008F1FF31012312F8010D01F8010F9C42E5
:103F900003D00133182BF6D11724002308F804307E
:103FA00006B0BDE8F0872DE9F04F002487B08946C0
:103FB00016461470A0F1080725464FF07C0AA34668
:103FC0004C4502D107B0BDE8F08FF7E902016A461F
:103FD000FFF7A1FF6846FCF7FBF8002C0CBF2B464F
:103FE0006B1C0344B3F5806FECD214B106F805A046
:103FF00001356846FCF7ECF88046024670194544E6
:1040000069460AF027F9013406F805B0D8E7000040
:10401000384B0022F0B583F8B020C3F8A820002860
:1040200061D0D0E90862D0E90A54D0E90C10C3E9A4
:10403000AF62D3F8EC72D3F8D4223A44D3F81877AD
:104040003A44D3F830773A44D3F848773A44B61A2A
:10405000C3F8A862D3F8DC22D3F8F4623244D3F870
:1040600020673244D3F838673244D3F8506732447B
:10407000C3E9B154AD1AC3F8AC52D3F8E022D3F877
:10408000F8522A44D3F824572A44D3F83C572A44F8
:10409000D3F854572A44A41AC3F8B042D3F8E42200
:1040A000D3F8FC422244D3F828472244D3F84047AF
:1040B0002244D3F858472244C3E9B310891AC3F8FD
:1040C000B412D3F8E822D3F800130A44D3F82C171B
:1040D0000A44D3F844170A44D3F85C170A44801AF8
:1040E000C3F8B802F0BD014604460546024606463E
:1040F0009DE700BFD81000202DE9F043002900F013
:10410000AB805B4BD3F89443002C00F0A5800125D5
:1041100083F82953D3F83053D1F858C0D3F840630B
:10412000D1F85CE0D1F86080D1F86490CF6E0135B1
:10413000C3F83053D3F83C536544C3F83C534D6D3A
:104140002E44C3F84063D3F844637644C3F8446311
:10415000D3F848634644C3F84863D3F84C634E44ED
:10416000C3F84C63D3F854633E44C3F854630F6FF1
:10417000D3F858633E44C3F858634F6FD3F85C6379
:10418000B74288BFC3F85C73D3F860638F6EB742E1
:1041900088BFC3F8607304EB800707F580578E6F04
:1041A000C7F84067D1F88060C7F8106DBCF1FF0F09
:1041B00004EB000642F2C85728BF4FF0FF0C06F888
:1041C00007C0FF2D42F23C7728BFFF25F555BEF111
:1041D000FF0F42F6B00528BF4FF0FF0E06F805E0CE
:1041E000B8F1FF0F42F6242528BF4FF0FF0806F86C
:1041F0000580B9F1FF0F42F6983528BF4FF0FF094F
:1042000006F8059042F60C5572554ABB0D783DB341
:10421000D1E90C6704EBC004C4E9006708B9C3E93D
:10422000DA67D3F834230132C3F834238B789BB197
:10423000A0B1B0F5B47F0FD10E4B01221A70D1F8A6
:1042400084205A60D1F888209A60D1F88C20DA60F6
:10425000D1E90E01C3E90401BDE8F083064BECE7A8
:10426000D3F8501383F82C230131C3F85013F3E72C
:10427000D810002088140020701400200E4A30B599
:104280000121151F814200DB30BDD2ED007A4B1EAB
:10429000144634ED017AF4EEC77AF1EE10FA03D544
:1042A000013B84ED017AF4D205EB8303C3ED017A7F
:1042B00001310432E6E700BF0C0B0020084B00225E
:1042C000C0B293F8C810814206D001320C2A03F123
:1042D0001803F6D10020704703F1C800704700BFF3
:1042E000D81000202DE9F04788462DED0A8B0446B2
:1042F000F0EE409A002852D0DFF8C090DFED2B8A14
:10430000DFED2BAA9FED2BBADFED2BBA0027561855
:1043100007EE907AB8EEE77AC24627EE2A7AB0EE38
:10432000699AC7EE2A7A67EE8B7A87EEABCA1AF8DB
:10433000010BFFF7C3FF0546D0B1037808EE103A32
:10434000B8EE488A28EE0C8AB0EE480A0AF02CFC37
:10435000B0EE40AAB0EE480A0AF05EFCD5ED027A53
:1043600095ED017A60EE277AE7EE0A7A39EE279A20
:104370005645DCD1F9EC017A013777EEC97ABC42B7
:10438000E7EEA78AC4D107EE904AB8EEE70A88EEB6
:10439000800ABDEC0A8BBDE8F0470AF0E3BBBDEC38
:1043A0000A8B9FED020ABDE8F08700BF0000000005
:1043B0000000B443DB0F494000003443181F0020C5
:1043C0002DE9F04715462DED0C8B0E4614220021E9
:1043D0001F460446F0EE40BAF0EE60AA09F0A0FED7
:1043E00007EB0508A94619F801AB5046FFF766FF31
:1043F00030B94E4B2361BDEC0C8B2046BDE8F087F5
:10440000B6EB4A0F01D84A4BF4E7C145EBD13A4627
:104410002946B0EE6B0A3046FFF764FF9FED45BAC0
:104420009FED458ADFED45CA9FED45DAF0EE409AF3
:10443000002707EE907AB8EEE7AAA9462AEE2CAA42
:10444000F0EE6B8A2AEE0DAA19F8010BFFF736FF82
:104450000646D0B1037809EE103AB8EE499A29EE33
:104460000A9AB0EE490A0AF09FFBB0EE40CAB0EEDD
:10447000490A0AF0D1FBD6ED027A96ED017A60EE98
:10448000277AE7EE0C7A78EEA78AC845DCD1F4EEFD
:10449000C88AF1EE10FAB4EEE8BAC8BFB0EE688A86
:1044A0000137F1EE10FAC8BFB0EE68BAB7F5805F19
:1044B000BFD1DFED247AF4EEE7AAF1EE10FA38EE80
:1044C0004B8A2FDD89EEAA7AF7EE007AE7EE477A7B
:1044D0009FED1D7AF0EEE76AF4EE476AF1EE10FA0E
:1044E00006D89FED1A7AF4EEC77AF1EE10FA05D5E8
:1044F000174BC4ED009A84ED018A7BE79FED157A96
:10450000B4EEE77AF1EE10FAC8BFF0EE477A012375
:1045100023730123C4ED009A84ED018AC4ED027A6D
:10452000637368E7DFED0B7A0023F1E78702010888
:104530009A020108286B6E4E286B6ECEDB0FC940C5
:1045400000008039BD378635FFFF7F7F6F1283BA49
:10455000AE02010800000000B5EEC00AF1EE10FA4C
:10456000DFED126A4CBFB1EE407AB0EE407AF6EE63
:10457000007AE7EE267A07B5FDEEE77A642117EEBA
:10458000902AB5EEC00A92FBF1F3F1EE10FA01FBAE
:104590001322009208D553EA020105D0044A1021E3
:1045A00009F04CFD03B000BD024AF8E70000C84224
:1045B000C1020108C20201082DE9F04F91B01F4667
:1045C0009DF86C3007930B684B4C02939342CCBF21
:1045D0004FF0FF330123059306900491934607F0B3
:1045E0004BFED4F87C32DDF868904FF000080133C0
:1045F0000546C4F87C32CDF804800126CDF80C8045
:104600000298282332465946FFF75EFCDDF80CA0DD
:10461000049BB7EE000A186080B2FFF717F808ABEA
:104620000698032240F21D71FDF760FAD4F880323B
:104630000133C4F8803298B107B13E6011B0BDE8D3
:10464000F08F401B002847DDD4F884320133C4F8D2
:104650008432D4F88832984288BFC4F888023BE09C
:10466000BAF1000F1FD00A9B01990B9AB3EB080314
:1046700062EB01020599012911D113F1090F72F1C1
:10468000FF3210DA5B42D4F88C220132C4F88C225B
:10469000D4F890229A4238BFC4F8903203E00A2B33
:1046A00072F10002EFDADDE90A8301931A9B3BB154
:1046B000079BB34222BF019BC9F80080C9F80430B0
:1046C0000136292E12D007F0D7FD01352B1A002B09
:1046D000B7DD284607F029FE4FF0010A282E09F120
:1046E0000809CDF80CA08BD1584691E7002FA5D032
:1046F00028233B60A2E700BFD81000202DE9F04F2F
:10470000AFB01F90FFF772F90546002800F08680D1
:10471000D0F80CA00125FFF769F9044600B1103468
:1047200021A8FCF7A5FF00287BD19DF88460002E0E
:1047300078D0214621A8FDF743F8012607463846E0
:10474000FDF772F8032F9CBF3B4B33F917803B4BAF
:10475000D3F8102A1B9288BF4FF4FF78D3F8142A9D
:10476000D3F8183A1D93002CB8FA88F714BF012328
:10477000002381464FEA57171C921E9354D023887A
:10478000A178E07894F804C094F805E01A93A3792E
:10479000A468BDF8AEB0CDF85CB09DF88CB0CDF893
:1047A00058B09DF88BB0CDF854B09DF88AB0CDF8D4
:1047B00050B0CDE90EE39DF889B01A9BCDF84CB00E
:1047C0009DF888B0CDF848B0CDE90993BDF886B022
:1047D0001E9B2C9A1892CDE90C0C0B91CDE9104B35
:1047E000CDE90773CDE90567CDE903A51D9B0293CC
:1047F0001C9B01931B9B0093114A124B1F9912485B
:10480000FFF77CF9B8F1000F04D010484A46414642
:10481000FFF798F938462FB0BDE8F08FDFF830A0E9
:1048200079E7002601278AE72346A646A4462046C4
:1048300021461A94ADE700BF343701080070FF1F0E
:10484000ED020108D8020108FA0201084D0501082D
:10485000CC0201082DE9F04F2DED028BC14CC24A6C
:10486000217BC24BADF6FC7D002908BF1A464A9257
:10487000FFF7BCF8002801F08081C36849934FF02E
:10488000010B94ED2E0A64A8FFF766FE94ED040A6E
:104890001422ECA90520FFF773F994ED050A142200
:1048A000F1A90520FFF76CF994ED060A18220DF521
:1048B000A8610320FFF764F994ED070A14220DF5AF
:1048C00080610520FFF75CF994ED080A14220DF2CF
:1048D00014410520FFF754F994ED0E0A1422F6A9AD
:1048E0000520FFF74DF994ED0F0A1422FBA90520CE
:1048F000FFF746F994ED100A18220DF5AB6103207D
:10490000FFF73EF994ED110A14220DF5856105209B
:10491000FFF736F994ED120A14220DF23C410520FE
:10492000FFF72EF994ED0C0A14220DF58A6103208D
:10493000FFF726F994ED160A14220DF264410320C4
:10494000FFF71EF994ED1B0A14220DF58F61052067
:10495000FFF716F914220DF28C4194ED1C0A052084
:10496000FFF70EF9824B94F8EC16824A002918BF23
:104970001A4694F88F304E92002B01F003817E4945
:1049800068A809F05FFC7C496CA809F05BFC7A49D7
:1049900062A809F057FC94F8A430002B01F00981BB
:1049A000D4F8A030754A102170A809F047FB94F89C
:1049B0008C30002B41F0038194F88E30704D002B29
:1049C00001F001816A4E6F4B94F8A402D3F8102ACB
:1049D0004C92D3F8142AD3F8183A4F93B4F83032E3
:1049E0005093B4F832325193B4F83432529363682E
:1049F0005393A368549394F82833559394F8C83389
:104A00004D925693D4E92A23579394F8B030589393
:104A100094F878325993FFF729F8D4F8A8325B93C9
:104A2000D4F8AC325C93D4F8B0325D93D4F8B4329D
:104A30005E93D4F8B8325F93D4F804336093002ABD
:104A4000D4F80833B4F8B2705A90619341F3BE8041
:104A5000D4F80C13D4F81003A1EB020EDEF100031E
:104A600043EB0E034B93D4F81433474CA0EB0208EE
:104A7000D8F10000A3EB020940EB0800B4F810C421
:104A8000D9F1000343EB0903364C94F80D8094F8F8
:104A90000E9094F86040032C96BFDFF80CE1DFF82D
:104AA000FCE05EF824E070AC469462AC45946CACDB
:104AB000449468AC43942B4CD4F89C10429194F8E5
:104AC0008FA0CDF804A1DFF8E4A0CDE93F6A94F807
:104AD0008D60CDE93D562D4D3C95D4F888503B95E1
:104AE000D4F884503A95D4F880503995E56F3895CC
:104AF000A56E3795656ECDE935E5CDE93389CDE90C
:104B00002D034B9B2C93619B2B9340F28E300923FA
:104B1000CDE929301E4B2893609B27931D4B26938C
:104B20005F9B25935E9B24935D9B23935C9B2293C9
:104B30005B9B194D21935A9B2093599B1F93CDE961
:104B400031C5589B1E9364ADCDE92F75579B134D0E
:104B50001348CDE91C23084A1992124A18924E9A1A
:104B6000179225E0D810002082050108830501086E
:104B7000713601085A36010893050108A805010895
:104B8000960501080070FF1FD82000200F0C0108B7
:104B9000400C0108580C0108260C01087402010899
:104BA000AF050108C7FF000878370108FE0B0108B0
:104BB000B84A1692B84A1592569A1492B74A139266
:104BC000559A1292B64A1192B64A1092B64A0F926C
:104BD0004A9A0E92549A0D92539A0C92529A0B92B0
:104BE00006220A92519A0992509A00234FF4B47601
:104BF000CDE91A36CDE90732AC4B0693499B0393B6
:104C00004F9B02934D9B01934C9BA94A0093CDE986
:104C100004B5A84B0521FEF771FFB727B623CDE9F0
:104C20000237A54B01960093D4E901230521A3483F
:104C3000FEF764FFD4E90167FEF70AFED4F890326C
:104C40000F93D4F88C320E93D4F888320D93D4F8A5
:104C500084320C93D4F880320B93D4F87C320A93CC
:104C6000D4F89C320993D4F898320893D4F894324B
:104C700007934FF0280C0123CDE9053C904B03939B
:104C80004A9B0490CDE90153499B8E4800933246DC
:104C90003B460521FEF732FFD4E9012394F860B0CA
:104CA0004B93BBF1030F236D98BF874D4C93A36FBC
:104CB00094F834C0A17B94F82400A66A94F84CE0E0
:104CC00094F80D80A78D94F85CA0B4F8549098BF28
:104CD00055F82B5020930DF28C4B636FCDF878B0C4
:104CE0000DF58F6BCDF874B01F93A36E1C93636E9C
:104CF000CDF864A0CDE91A534C9BDFF8F0A10DF27A
:104D00006445CDE917950DF23C45CDE915E3CDE9B4
:104D10000B0614950DF214400DF5856513950A9058
:104D20000DF5AB650DF5806012950990FBAD0DF5A5
:104D3000A86011950890F6ADF1A8CDE90FC54A9B82
:104D400007900DF58A65ECA8CDE90510CDE90D7544
:104D50005E495F4D0293499B5E4803910195009324
:104D600005214B9BCDF81080FEF7C8FE44F620636A
:104D700040F21D72CDE9093202216023CDE90731ED
:104D800040230693544B0593544B0493544B039385
:104D9000424B5448CDE90153499B0093D4E9012388
:104DA0000521FEF7ABFEAAF2CE534D934E4B4B932B
:104DB000AAF2CE56B4234FF0000B4C935D46A6F5F5
:104DC0006464D4F8A8309D42C0F234870DF5AE6219
:104DD000D4E9C801FFF79FF8D4E9C801FCF7F8FE51
:104DE0000DF5946105201422FEF7CAFE63684B930B
:104DF000A3684C93D4F804334F93D4F8BC32509347
:104E0000D4F8C0325193D4F8C4325293D4F8C83293
:104E10005393D4F8CC325493D4F8D0325593D4F879
:104E2000D4325693D4F8D8325793D4F8DC3258930E
:104E3000D4F8E0325993D4F8E4325A93D4F8E832F3
:104E40005B93D4F8EC325C93D4F8F0325D93D4F8F1
:104E5000A830002BD4E9BD67D4E9BFCED4E9C28124
:104E6000D4E9C405D4E9C69A41F33080A1EB030B21
:104E7000DBF1000444EB0B04A0EB030BDBF10002BD
:104E800042EB0B02A5EB030BDBF1000343EB0B033F
:104E90002EE000BF690C01088F0C01089F0C01086F
:104EA000B00C0108BC0C0108DA0C0108F60C010872
:104EB000ED020108D8020108A50D0108FC0C01084B
:104EC000640F0108C20D010878370108260C01089B
:104ED000740201087E0F0108CD130108D7130108E1
:104EE000ED1301088D12010857360020E62400203A
:104EF0000DF5946BCDF888B00DF5AE6BCDE9203B88
:104F00005D9B13935C9B12935B9B11935A9B109335
:104F1000599B0F93589B0E93579B0D93569B0C9345
:104F2000559BCDE91E42CDE91A05CDE91881CDE9A1
:104F30001467CDE91C9ACDE916CE0B93549B0A93C6
:104F4000539B0993529B0893519B0793509B069345
:104F50004F9B0593C74B0493C74B03934A9B029304
:104F6000C64B0193499B0093C548C64EDDE94B23D0
:104F70000521FEF7C3FD00250DF5CF692F46344608
:104F80000DF5E76896ED350A102249460420FEF734
:104F9000F7FD96ED360A102208EB07110420FEF704
:104FA000EFFD96F8DC3013B10123BB401D43013700
:104FB0000C2F06F1180609F11009E3D194ED7D0AD2
:104FC000102274A90420FEF7DBFD94ED7E0A102266
:104FD00078A90420FEF7D4FD94ED830A10227CA961
:104FE0000420FEF7CDFD94ED840A102280A9042050
:104FF000FEF7C6FD94ED890A102284A90420FEF76D
:10500000BFFD94ED8A0A102288A90420FEF7B8FD9E
:1050100094F8143294F8FC2194ED300A5B0343EACF
:1050200002332B4310228CA904204B93FEF7A8FDDA
:1050300094ED310A102290A90420FEF7A1FD94ED11
:10504000900A102294A90420FEF79AFD94ED910A8B
:10505000102298A90420FEF793FD94ED920A1022E5
:105060009CA90420FEF78CFD94ED930A1022A0A9C0
:105070000420FEF785FD94ED940A1022A4A90420D3
:10508000FEF77EFD94ED960A1022A8A90420FEF7F3
:1050900077FD94ED970A1022ACA90420FEF770FD6D
:1050A0000DF5347894ED980A1022B0A90420FEF78B
:1050B00067FD0DF53879414694ED9A0A10220420D7
:1050C000FEF75EFD0DF53C7A494694ED9B0A1022F1
:1050D0000420FEF755FD0DF5407B94ED9C0A10224F
:1050E00051460420FEF74CFDC4AD94ED9D0A1022FC
:1050F00059460420FEF744FDC8AE294694ED8E0AB9
:1051000010220420FEF73CFD314694ED8F0A102258
:105110000420FEF735FD5C4BCCAF93ED000A394619
:1051200010220420FEF72CFD574B93ED000AF6EEFB
:10513000007A20EE270AD0A910220420FEF720FDD5
:10514000D4F8A032CDF8F4A0CDE93EB394F878328B
:10515000CDF8E880CDE93B93D0A9B0ABCDE938716B
:105160003793ACAB3693A8AB359394F86432349351
:10517000A4AB3393A0AB32939CAB319398AB3093F9
:1051800094AB2F9394F854322C95CDE92D6394F879
:1051900037322B934B9B2A9394F83632299388AB62
:1051A000289384AB2793B4F83432269306232593AF
:1051B000B4F832322493B4F83032239380AB229384
:1051C0007CAB219378AB209374AB1F930DF5FD63FB
:1051D0001E930DF5FB631D930DF5F9631C930DF5FF
:1051E000F7631B930DF5F5631A930DF5F3631993AC
:1051F0000DF5F16318930DF5EF6317930DF5ED635E
:1052000016930DF5EB6315930DF5E96314930DF506
:10521000E76313930DF5E56312930DF5E3631193C3
:105220000DF5E16310930DF5DF630F930DF5DD636D
:105230000E930DF5DB630D930DF5D9630C930DF50E
:10524000D7630B930DF5D5630A930DF5D3630993DB
:105250000DF5D16308930DF5CF63079390AB0693DB
:105260008CAB0593D4F8AC300493D4F8A8300393F6
:105270000CE000BF580C0108400C01087402010842
:10528000AB150108D8100020041F00204A9B029390
:10529000C54B0193499B0093D4E90123C3480521E1
:1052A0000DF2B445FEF72AFC0DF5996694EDDE0A81
:1052B000142229460520FEF763FC0DF2DC4794ED2D
:1052C000DF0A142231460520FEF75AFC0DF59E68D0
:1052D00094EDE00A142239460520FEF751FC0DF248
:1052E000045994EDE10A142241460520FEF748FCDA
:1052F00094EDE20A142249460520FEF741FC94EDA4
:10530000E30A14220DF5A3610520FEF739FC94EDA4
:10531000E40A14220DF22C510520FEF731FCD4F8DA
:105320003433002B40F3D785D4E9DA010DF5B162AF
:10533000FEF7F1FD0DF5B76200200021FEF7EBFD51
:105340009B4C94F82A33002B00F0D185D4E9DC0182
:105350000DF5B462FEF7DFFD4E9B1E93954B1D933A
:10536000D4F864331C93D4F860331B93D4F85C33C3
:105370001A93D4F858331993D4F854331893D4F8B3
:1053800050331793D4F84C331693D4F8483315930D
:10539000D4F844331493D4F840331393D4F83C3303
:1053A0001293D4F834331193D4F8303310930DF2B0
:1053B0002C530F930DF5A3630E9394F82B337E4873
:1053C000CDE90C930DF5B4630B930DF5B7630A9318
:1053D0000DF5B163CDE90883CDE906670595D4F8ED
:1053E0003833049394F82A330393744B02936E4B2F
:1053F0000193499B0093D4E901230521FEF77EFB2D
:10540000D4F89433002B40F08F856D4DDFF8CC91AC
:1054100005F54078A5F5767A2B78002B00F0A5806D
:105420006B78002B00F0EC85D5E918010DF5C96209
:10543000FEF771FDD5E906010DF5CC62FEF76BFDB7
:10544000D5E908010DF5FF62FEF765FD0DF6F832AE
:10545000D5E90A01FEF75FFDD5E90601FBF79EF8E5
:10546000584B0022FBF7C8F8574B0022FBF7C4F853
:10547000FBF792FB142200EE100A0DF5C061052027
:10548000FEF77EFBD5E90801FCF7A2FB14220DF51F
:10549000C3610520FEF774FBD5E90A01FCF798FB10
:1054A00014220DF5C6610520FEF76AFBDAE9012337
:1054B0004B93D9F8003055932B694C936B684E93FE
:1054C000AB684F93EB685093D5E923735193D5F8AC
:1054D00094305293D5F89C30A8785393D5F89830EF
:1054E0005493FEF7C3FA6B78D5F8A0B0D5E92161E3
:1054F000CDE91903549B3548CDE917B3539B169357
:10550000529B1593519BCDE913730DF5C663CDE9FD
:10551000111610930DF6F8330F930DF5C3630E9328
:105520000DF5FF630D930DF5C0630C930DF5CC6382
:105530000B930DF5C9630A93509B09934F9B0893F6
:105540004E9B07934C9B06934FF4B4730593559B66
:1055500004931F4B03934A9B0293134B0193499B64
:10556000009305214B9BFEF7C9FAC035A84509F108
:1055700004097FF451AF0E4B93F8C85393F8CA63F4
:10558000D3F8D47393F8CC03002D00F05E85002E81
:1055900000F05E85042F40F05B850E490E4B00281D
:1055A00018BF19461CE000BF74020108FA18010870
:1055B000D8100020690C01080D1E01089F0C01087D
:1055C000B0140020008076400000F03D9A210108D0
:1055D0008F0C0108FF350108FD350108B0370108BF
:1055E000FEF744FAD4E90128D4F8D093CDE90B01B1
:1055F00094F8CB33CDF82090CDE909730423CDE99D
:10560000066394F8C933CB48CDE90453CA4B0393DE
:105610004A9BCA4D0293CA4B0193499B00932E4665
:1056200043460521FEF76AFAF6E804010DF5BA6271
:10563000FEF771FC56E902010DF5BD62FEF76BFC49
:10564000D6E900010DF5C062FEF765FCD5E906015B
:105650000DF5C362FEF75FFCD5E908010DF5C662E2
:10566000FEF759FCD5E9C8010DF5C962FEF753FCF8
:10567000D5E9CE010DF5CC62FEF74DFCD5E9D4019C
:105680000DF5FF62FEF747FCD5E9D6010DF6F832BD
:10569000FEF741FC94F8D83662684B9203F1FF386C
:1056A000D8F1000BA2684C924BEB080B052B96BF70
:1056B000A44AA34852F82300A34B93F8082AD3F82E
:1056C0003C8A93F850EA93F8515A042A96BF9F49AE
:1056D0009B4F51F82270D3F80C2A4E9293F8202A4F
:1056E000042A96BF9949DFF858C251F822C0D3F86E
:1056F000242A4F92D3F8382A509293F8D926002AB8
:1057000000F0A98493F8DC36032B00F2A784904ABA
:1057100052F823308C4991F8DA26002A00F0A1844F
:1057200091F8DD26032A00F29F84894C54F8222048
:1057300091F8DB46002C00F09A8491F8DE160329DC
:1057400000F29884824C54F821100DF5C664299417
:105750000DF5C36428940DF5C06427940DF5BD6460
:1057600026940DF5BA69784CCDF8949094F8EC66CF
:10577000249694F8EB66239694F8EA66229694F8B9
:10578000E866219694F8E9662096D4F8E4661F96B8
:10579000D4F8E066CDF860E0CDE91B322823CDE9EE
:1057A0001953509B14930DF5FF6ACDE91D16694BF3
:1057B0000DF6F8350026CDE9158ACDE91266179564
:1057C00011934F9ACDF810B04FF0010ECDE9093387
:1057D0000823CDE90EC2CDE9073E0DF5C962B62317
:1057E000CDE905030D925C4B4E9A03934A9B0293BD
:1057F000CDE90B72499B524F584800930521DDE9D2
:105800004B230DF5CC680197CDF84080FEF776F973
:10581000524694F8781704F5F060FEF7C4FB94F84C
:10582000C0182A4604F6C800FEF7BDFBCDF80CA050
:1058300094F878374A48CDE90173499B0093D4E93D
:1058400001230521FEF75AF9039594F8C03845481D
:10585000CDE90173499B0093D4E901230521FEF7AB
:105860004DF904F6512B04F6582A1BF8011F013696
:1058700089B12A465046FEF796FB04959BF8003006
:105880000197CDE90263499B0093D4E9012336488F
:105890000521FEF733F9032E0AF5A07AE5D1D4E904
:1058A000012394F82C034B93D4E9CCB6FEF7DEF831
:1058B0002E4994F82AE32E4B94F829A3BEF1000F49
:1058C00018BF1946499B0093CDE90501CDE9017A3E
:1058D000CDE903B64B9B27480521FEF70FF9277B3F
:1058E000002F40F00D8194F8B030002B00F0F283CF
:1058F00094F88D30002B00F00381D4AEB4F8B410CE
:105900001D48D4F800A09FED1D8AFEF71BF994ED09
:105910002E0A3046FEF720FE31461948FEF712F9EE
:1059200000963346D4F8BC20B4F8B2101548FEF700
:1059300009F929E0BB2301088F0C0108C8170020D2
:105940007402010850370108D81000203C370108C4
:1059500068370108C7FF0008690C0108C524010861
:1059600068290108E92901086A2A0108FD350108AA
:10597000FF350108F22A0108952B01080000B44305
:10598000A82B0108C82B01080AF10106D4F8A83099
:105990009F42C0F27283904F0093D4F8183E8F4814
:1059A00032466421FEF7CEF8B7EC010A0DF55C7AB9
:1059B000D8A8FEF7D1FD97ED000A5046FEF7CCFDC2
:1059C000CDF804A0B4F8263E0093B4F8242E844801
:1059D000D8AB3146FEF7B6F80120FEF76FFC8246E1
:1059E0000620FEF76BFC0746BAF1000F00F0668355
:1059F0009AED030AE0A8FEF7AFFDBAF1000F00F040
:105A000060839AED040AE4A8FEF7A6FD7548E4ABAE
:105A1000E0AA3146FEF796F8002F00F0558397ED87
:105A2000030AE8A8FEF798FD002F00F0508397EDD9
:105A3000040A6D4F4846FEF78FFD4B46E8AA3146F3
:105A40006A48FEF77FF894ED8E0A0DF5BD60FEF70B
:105A500083FD0DF5BD6394F8372265483146FEF7A6
:105A600071F897ED000A0DF5C060FEF775FD0DF5B4
:105A7000C06231465F48FEF765F897ED020A0DF502
:105A8000C360FEF769FD0DF5C96997ED030A0DF5D1
:105A9000C660FEF761FD97ED040A4846FEF75CFD1F
:105AA0000DF5C6630DF5C36231465348CDF800903D
:105AB000FEF748F897ED010A4046FEF74DFD4246D5
:105AC00031464E48FEF73EF817ED010A0DF5FF602E
:105AD000FEF742FD4A480DF5FF623146FEF732F807
:105AE0000DF5FF6231464748FEF72CF828469FED3A
:105AF000460AFEF731FD45482A463146FEF722F8B0
:105B0000D4E92A59002DD4E9012894F878A240F369
:105B1000F582D4F80C63D4F81013D4F81473731B03
:105B20005E42A1EB0500A7EB050C5E4141424141FD
:105B3000DCF1000747EB0C0794F8A402FDF796FF91
:105B400094F8B0C0324B334CBCF1000F18BF1C4668
:105B50004A9B0093CDE90704CDE90517CDE903A6DB
:105B6000CDE901592C4843460521FDF7C7FF0DF645
:105B7000FC7DBDEC028BBDE8F08F284B499383463A
:105B8000FEF77FBED4F89030254A102168A808F0AF
:105B900055FAD4F89430224A10216CA808F04EFA35
:105BA00094F898301F4A082162A808F047FAFEF7D7
:105BB000F2BE1D4970A808F045FBFEF7F8BE1B4D6C
:105BC000194EFEF700BF1A4EFEF7FDBE0023BC467D
:105BD00018464B93FEF758BFF41E00202B2C0108EB
:105BE0005A2C01089C2C0108041F0020EC2C0108F1
:105BF000542D0108892D0108CE2D0108022E01081F
:105C0000262E01081C2E010800000000462E010867
:105C1000FF350108FD350108B12E0108CC0201084D
:105C2000A8050108AC0501089305010886050108CF
:105C30005A3601083AF8020F0DF5CC67FBF7B8FBAE
:105C40000DF5CF68142239460520FDF799FFB6EC13
:105C5000010A142241460520FDF792FFCDE906789E
:105C6000BAF800300593B4F8B220D6F8B438A34897
:105C700013449BB2CDE903534A9B0293A04B01937B
:105C8000499B0093D4E901230521FDF75BFF4B9B62
:105C90009C4801334B9393F8743105934B9B1B78CD
:105CA0000493BAF8883E0393D6F8843ECDE90153B5
:105CB0004A9B0093D4E901230521FDF743FFD4F863
:105CC0009433002B52D0D4F8082395424EDA591958
:105CD00042F6F4728F5C05F5BA7203EBC203D3E9A6
:105CE00000890DF6F83240464946FEF714F9404661
:105CF0004946FBF76DFF14220DF5FF610520FDF706
:105D00003FFFD4F894C343F268100CEB0501D4E9CB
:105D1000012311F800E001F53A510978032996BFF3
:105D20007948774850F8210005F58B5110313CF83F
:105D300011100B910DF5FF610A910DF6F8310991E3
:105D4000C7F380010891C7F3400107914A99029176
:105D50006B49019107F0010749990091CDE90507C9
:105D6000CDE9035E69480521FDF7C8FED4F89473B8
:105D7000002F63D0D4F834339D425FDA0022002331
:105D80000DF5C961C1E90023237B4FF4B472002BE8
:105D900040F095804C9800235946FBF7ABF8EB0098
:105DA0004F93C317CDE900030DF5C968CDF80880FE
:105DB00007EBC501D7E90023D1E90001FBF7ECFFB0
:105DC00000283BD0524FD7F89433EA0013440DF526
:105DD000FF69D3E900014A46FEF79DF80DF6F83257
:105DE000D8E90001FEF797F8D8E90001FAF7D6FBE9
:105DF000484B0022FAF700FC474B0022FAF7FCFB65
:105E0000FAF7CAFE142200EE100A0DF5E76105202C
:105E1000FDF7B6FE0DF5E76306930DF6F833CDE911
:105E200004934A9B0293364B0193499B039500933D
:105E3000D7E9012339480521FDF784FED4F89413EE
:105E4000002932D0D4F830339D422EDA01EB85039D
:105E500003F580532944D3F84087D3F8109D42F6C8
:105E60000C53D4E90127C85CFDF700FE42F69833D5
:105E70000990CB5C089342F624232948CB5C079316
:105E800042F6B003CB5C069342F23C73CB5C0593C5
:105E900042F2C853CB5CCDE903934A9B0093CDE912
:105EA00001583B460521FDF74DFE4C9B13F5803311
:105EB00005F101054C934BF1000BFEF782BF4C98A6
:105EC00000235946FBF716F8404268E700221446C3
:105ED0001346FFF70DB813490DF5B16008F0B2F99C
:105EE00010490DF5B76008F0ADF9FFF729BA0D4973
:105EF0000DF5B46008F0A6F9FFF72EBA03140108F7
:105F0000740201082D1401086837010855140108AE
:105F1000D8100020008076400000F03D45150108B3
:105F200073150108930501084FF4B4730027CDF8E9
:105F30004C36DFF8F481CDF848760DF5C9634B9304
:105F40004B9BD8F8342353F8046B4B93964246DAB4
:105F50006C4A02F11805002E08BF1546D8F89423A4
:105F600002EBC60152F836A0D1F804B00DF5CC62B0
:105F700050465946FDF7CFFF2A780DF6F839002A2A
:105F800034D0D5E904010DF5FF62FDF7C4FFD5E972
:105F90000401B0EB0A004A4661EB0B01FDF7BBFFC1
:105FA0000DF5FF620A920DF5CC6309220993CDF835
:105FB0002C900892EA680792AA6806926A6805928D
:105FC0002A784A9B0293CDE903624F4B0193499B88
:105FD0000093D8E901234D480521FDF78FFD7B1C77
:105FE000022B4FF00107ABD1FFF70FBA48490DF56F
:105FF000FF6008F027F94649484608F023F9CFE743
:1060000043490DF5C96008F01DF941490DF5CC6013
:1060100008F018F93E490DF5FF6008F013F93C4906
:106020000DF6F83008F00EF939490DF5C06008F0AA
:1060300009F937490DF5C36008F004F934490DF545
:10604000C66008F0FFF8FFF731BA3249FFF7C8BA67
:106050003149FFF7C5BA2E4BFFF75CBB2A4BFFF760
:1060600059BB2B4AFFF764BB274AFFF761BB28499E
:10607000FFF76BBB2449FFF768BBBAF1000F18DBD1
:1060800007EE907AB8EEE70A0DF5FF6020EE080AF9
:1060900080EE080AFEF760FA4D9B284693ED000A51
:1060A000FEF75AFA1D482B460DF5FF623146FDF703
:1060B00049FD4D9B043301374D9367E49FED180A6A
:1060C00098E49FED170A9EE49FED150AA9E49FED61
:1060D000140AAEE4D4F8183ED4F8A86094F8A402E8
:1060E00094F87822F51AFDF7C1FC21680346CDE942
:1060F00000560C480131FDF725FD01E500210E4653
:106100000F4619E570140020740201089920010857
:10611000930501089F050108FD350108062C0108BB
:1061200000000000702E0108D810002000000000C0
:106130002DE9F04F2DED0C8BADF28C4DCDE9250105
:10614000139336482C9200232293FDF7FBFC344B2B
:10615000139A3448344C002A08BF1846FEF7CEFA8A
:1061600050B90A23237000230B930B980DF28C4D2A
:10617000BDEC0C8BBDE8F08F2C4B1A6801321692E7
:106180001A60FDF761FA70A8FDF7D6FAFDF76EFA0E
:106190007AA8FDF7D1FA7AA8FDF774FC0B9028B91C
:1061A0000A2323482370FDF7CDFCDCE7FDF74AFA0C
:1061B00002F014FC1F4B1C901B7817935BB31E4B13
:1061C0001B68C31A1C22002152A81D9307F0A8FFC8
:1061D00002F004FC0546FDF72FFBDFED188A124B99
:1061E0002890C8AF02263846B0EE680AC7ED008A8C
:1061F0001E70FDF7C7FA044620B302F0EFFB00243F
:10620000FDF71AFB03230A93A3465D469FED0B8A15
:10621000DDF828B012E1179BD4E700BFAC2F0108CE
:106220009C2F0108852F01084C390020040900200B
:10623000BE2F0108D4080020D8080020000000006C
:10624000CDCC4C3DD7ED009A19962F46DAAEC6ED6F
:10625000008A3046B0EE680AFDF794FA0A900028EA
:10626000CBD196ED009A1FED0A7AF0EEC97AF4EEE2
:10627000C77AF1EE10FA40F12981013440F2F513AA
:106280009C4240F03B8102F0A9FB431B2993FDF7A0
:10629000D3FAC44B2A9003221A7002F09FFBC24B20
:1062A0000A9A1A60C14B8146FEA81A60FDF744FAAB
:1062B000BDF8144442F6AB26B4FBF6F306FB1344D8
:1062C000A4B241F255539C4240F24481351BB7239E
:1062D000B635B5FBF3F528235D4305F0CDFFDFF8B8
:1062E000CCA2DFF8C4B207464FF00108454580F064
:1062F0003781B7EE000A0020FDF7A8F9C82006F0A4
:1063000008F802F06BFBAA4CAA4BA64FA0EB0905BC
:1063100042F66802002120461D6007F001FFA64BEF
:10632000002143F2E022184607F0FAFEA34AC4F81F
:1063300094524FF0010384F8283384F8C83384F86A
:10634000CB33169B63601368C4F894030133136066
:10635000A360954B1B68C4F89832944B1B68C4F833
:106360009C32FDF767FAA4F83002FDF761FAA4F851
:10637000320200EB4000400084ADA4F8340228460D
:10638000FBF7A7FB0023319306233B70032260AB8E
:1063900040F21D712846FBF7A9FB4FF00509834623
:1063A000002800F0248184F8A402284684F8D896B6
:1063B000FDF72EFE7E4D01247AA86C73FDF762FB7B
:1063C00070AFA8730FCF05F110060FC60FCF0FC621
:1063D00097E8030086E803007AAE0FCE05F1380790
:1063E0000FC70FCE0FC7299B539396E80300199B45
:1063F0005493289B5793CDED559A2A9B589352AEB0
:1064000087E803000FCE05F160070FC78DED569AA0
:1064100096E8070087E8070095F8B0300B93BBF1CA
:10642000000F7FF4F2AE002B01F0058205F628651F
:1064300095ED008A38EE288A00250124FDF704F93D
:10644000584B08221A7002F0C9FA5D4B18605D4B78
:1064500001221A701C9BC01A7CB3554B259ADA672F
:10646000269AC3F880202C9AC3F884200A22C3F805
:106470008820139A83F88C2082F0010283F88D2003
:106480009DF8E02483F88E209DF8E42483F88F2083
:106490004D4AC3F89020DDF8E824C3F894209DF815
:1064A000EC2483F898201D9AC3F8A020179AC3F80B
:1064B0009C0083F8A420FEF7CDF9BBF1010F41F059
:1064C000BE81384B41480A221A706CE69DEDC87AAD
:1064D000B0EEC77A77EEC77A9FED3D7AF4EEC77AD1
:1064E000F1EE10FA09DD02F079FAFDF7A5F9DDF811
:1064F00028B001230A935C4687E60A9C02F06EFAF4
:10650000C31BB3F5FA7F80460FD396ED000AFEA8B1
:10651000FEF722F8FDF790F94FF4FA730090224647
:106520002C48FEA9FDF70EFB4746199B0133199332
:10653000A8EB050844F61F63984507D902F04EFA08
:106540004FF0000BFDF778F90223D3E7022005F0A6
:10655000E0FE7CE60CB92646B8E60A9E2546B6E67D
:10656000B8F1010F0AD005F087FE01373B1A002B66
:1065700032DD384605F0D9FE454536D02B46424639
:1065800031462046FDF7A0FCB7EE000A80B2FDF7C9
:106590005DF8DBF800300133CBF8003008F101087A
:1065A000A4E600BF4C3900204439002040390020C7
:1065B000D8100020483900200000001000090020F9
:1065C000D8080020D4080020C0D401003D300108C4
:1065D0000000B442FF2F0108C01B0028C2BFDAF838
:1065E00000300133CAF80030C6E73046CCE74FF040
:1065F0000103D5E9091284F8D936D5E90B36286AA2
:106600004496CDE94223A4AE6B6B87F80090CDE9A8
:1066100040014593CDE900B6DDE962232846FDF748
:10662000E9FA04F5E362804684F8DC0640A92846CE
:10663000FDF724FCB8F1000F11D0B8F1030F14BF1F
:106640000223052384F8D836FDF7E2FCB8F1030FE6
:106650007FF4B0AE96F801B084F8A4B2AAE633692C
:106660000D9373690F934FF004033B70D5E9092331
:10667000EE6A296ACDF8C8B0CDE948362B6B4A934B
:106680006B6B4B930DF1C80A282304F5F066CDE936
:10669000461201936FF0B502534631A90096FDF7FB
:1066A0008BFF04F5E662804646A92846FDF7E6FB27
:1066B000329B0893C4F8E03684F87837B8F1000FBD
:1066C00007D084F8A48284F8D896C346FDF7A0FCCE
:1066D00070E64FF0010384F8DA36D5E909234E93CA
:1066E000EB6A4F932B6B50936B6B296A51930D9B05
:1066F00087F80090CDE94C12B3F1B6024FF00103D8
:1067000000930F9B0DF5367863F10003CDF80480FC
:10671000FDF770FAA6F16802824684F8DD064CA9FE
:106720002846FDF7ABFBBAF1000F0FD0BAF1030F0B
:1067300014BF0323052384F8D836FDF769FCBAF1AA
:10674000030F7FF437AE98F801B085E7D8E904630A
:106750001093DDE90F120D9BCDF8CCB0F31A62EB6C
:106760000102C4F8F036B63342F1000104F5E068E6
:1067700048E90231C4F8F4264FF00403D20F84F83C
:10678000EA263B70D5E909234893EB6A49932B6BC2
:106790004A936B6B296A4B9328230DF1CC0A019322
:1067A00004F6C803CDE9461200935A46534631A970
:1067B000FDF702FF04F5E9620C9046A92846FDF7B3
:1067C0005DFB0C9BDDF8CCA0C4F8E4A684F8C0A85F
:1067D00043B184F8A43284F8D896FDF719FCDDF8AB
:1067E00030B0E7E54FF0010384F8DB36D5E9092343
:1067F00087F80090EF6A296ACDE93C372B6B3E930E
:106800006B6B3F9301230093109BCDE93A12C8AF05
:1068100016F1B60243F100030197FDF7EBF904F519
:106820003B72814684F8DE063AA92846FDF726FB2E
:1068300004F5EC623AA9FDF721FBB9F1000F0FD086
:10684000B9F1030F14BF0423052384F8D836FDF7EC
:10685000DFFBB9F1030F7FF4ADAD97F801B0FBE6B4
:106860003B690E930DF54A7C7B691493BCE80F00DD
:1068700060AD0FC59CE80F0085E80F00482239463F
:1068800092A807F0E7FC4FF0010384F8D8360E9B7E
:10689000109A9E1B149BC4F8006763EB0200B6F1CC
:1068A000B60140F1FF32012E70F10003ACBF0123AD
:1068B0000023BAF1280FC8F80400C4F80817C4F878
:1068C0000C2784F8E83640F04D82089BA3F1280499
:1068D000634263411A46B24DD5F8241785F8E9366C
:1068E000D5F820370B43D5F828170B43D5F82C17CC
:1068F0000B43D5F838170B43D5F83C170B43D5F8A5
:1069000040170B43D5F844170B43D5F850170B43EA
:10691000D5F854170B43D5F858170B43D5F85C1727
:106920000B43D5F868170B43D5F86C170B43D5F814
:1069300070170B43D5F874170B43B3FA83F3012E8A
:106940004FEA531370F1000885F8EB36C0F20D8260
:1069500012B195F8EA261A4085F8EC26DDE90D23F8
:106960000F99904CBDF88001A5F8B2009B1A149ABB
:10697000C5F8103762EB01026260FCF751FF149911
:10698000A5F8B4000E98DFED88AADFED88BA9FED78
:1069900088DAFBF71DF984AF0E9BC5F8BC300FCF2A
:1069A00068AE0FC697E80F0086E80F0095F8283309
:1069B0000F9340216023CDE95B1385ED2E0A02235E
:1069C000002544F620605D93B0EE40AA8DF8645136
:1069D0005A95FAF7DFFF40F21D735F9304F5527387
:1069E0001B9304F5E6630D9304F6FE432493714B69
:1069F000119304F6FE431A9304F5E66312936E4B6B
:106A00005E9034951593089521952095B0EE6ABA5D
:106A10000C95AA46A4F5E2689DF8883233B1604A25
:106A2000D2F80C330133C2F80C3301239DF88922CC
:106A30003AB15B49D1F81023013243F00203C1F8A7
:106A400010239DF88A223AB15549D1F81423013216
:106A500043F00403C1F814239DF84852012D40F07F
:106A60008681D8F818230132C8F81823DDE9A0641C
:106A7000002C3246274602DA724264EB4407D8E91A
:106A8000C8019042B94138BFC8E9C827D8F80823DF
:106A90000132C8F80823D8F89423F2B10AF5BA7184
:106AA00002EBC101C1E900649C9C4FF6FF700AF53E
:106AB0008B511031A04228BF204622F811005244C9
:106AC00002F53A510D7042F6F47153540C9943F2A9
:106AD0006813FF2928BFFF21D154DDE99634CDE9A1
:106AE0001E340F9BF3B1BAF1000F1BD0002200231C
:106AF000CDE9DA23DAAB0093989ABDF8501240F250
:106B00001D7368A8FAF775FD044658B1902200215C
:106B1000FEA807F005FB2246FEA95046FDF7ECFA59
:106B200000230F93254B9FED208A06221A704024E4
:106B300060AD2B46032240F21D7184A8FAF7D6FF00
:106B40008146002840F02681D5E90201FBF740F894
:106B5000013C38EE008AECD107EE90AA9FED187A3E
:106B6000349B0C93F8EEE77A184667EE877AD917CC
:106B7000C7EE87DAFBF72CF82B46032240F21D7193
:106B800084A89FED107AF0EE4A7AD8EE077A30EEBC
:106B9000678AFAF7ABFF8146002840F0FB8013E0DC
:106BA000D8100020E817002000000000286B6E4E6F
:106BB000286B6ECE57360020B40001004C390020FF
:106BC0000000B4430000803C2D882846FAF7F0FB13
:106BD000129B0C9AA3EC018A12931A9B129923F828
:106BE000025F1A93129BC3F8B428649AC1F8842EEA
:106BF0001A99BDF89821A1F8882E11999DF89D2128
:106C000001F8012FB4EEC8DA9DF89E3181F8743195
:106C1000F1EE10FA0F9B48BF2095F4EEC8BA44BFBE
:106C2000B0EE40BAB0EE48DAF1EE10FAC2BF2195EC
:106C3000F0EE40AAF0EE48BA1191002B00F0CC81A2
:106C4000BAF1000F00F09B80BAF5B47F00F0978096
:106C5000002300200021CDE90134DAAD59ABCDE9A4
:106C6000040100930695DDE91E2368A8FBF746FBA7
:106C70002946074602465046FDF73EFA002F40F0EF
:106C80002782BB4C94F8C833002B00F0A581BAF5DD
:106C9000B47F40F0A181012684F8C96384F8CB73E6
:106CA00001F09CFE30221090394604F5767007F012
:106CB00037FA0C9BC4F8E8339022294604F581602A
:106CC00084F8D86307F0C6FAD4F8D0333344C4F854
:106CD000D0339DF86833002B55D004F57C730293B4
:106CE0004FF480320023CDE90023DDE9E601D4E949
:106CF000DA23FBF751F8002800F0D180DDE9E0103D
:106D0000DDE9E2325B1A62EB0002C4E9FE32DDE942
:106D1000EA10DDE9EC325B1AC4F80034D4F8D4335D
:106D200084F8D96333449FED90CB62EB0002C4F842
:106D3000D433904BC4F80424239304F59665239B25
:106D400053F8042F2393109B18929F1801F046FECE
:106D5000109B189AC31A9A4240F2A380381A05F081
:106D6000D8FAF3E75B465A46B5E50022F4E5022D72
:106D700002BFD8F81C230132C8F81C2376E67E4BEC
:106D80004024092066E73346794A82F8DA3382F8EC
:106D9000CC339946764CD4F81423D4F80833D4F87D
:106DA000EC52C4F8A8A09B1AC4F8183E04F61C6361
:106DB00083ED00BA04F56263C3ED00AA209BA4F83A
:106DC000243E219BA4F8263EDDE98C73C4E9AF7311
:106DD000D4F8D43284F8A4922B44D4F81857FB1A70
:106DE0005B1BD4F830575B1BD4F848575B1BDDE9BD
:106DF0008E60D4F8DC52C4F8A832D4F8F432DDE95D
:106E000090122B44D4F82057F31AC4E9B312C4E902
:106E1000B1605B1BD4F838575B1BD4F850575B1B31
:106E2000C4F8AC32D4F8F852D4F8E0322B44D4F899
:106E30002457C01AD4F83C37401BC01AD4F8543732
:106E4000C01AC4F8B002D4F8E432D4F8FC02034407
:106E5000C91AD4F82837C91AD4F84037C91AD4F84F
:106E60005837C91AC4F8B412D4F8E832D4F8001369
:106E70000B44D21AD4F82C37D21AD4F84437D21A89
:106E8000D4F85C37D21AC4F8B822B9F1000F00F078
:106E90004581002384F8B030CB46FFF78BBA092335
:106EA00072E701F09BFD109BC31A2B93FEAB0027EA
:106EB000069359ABCDE9017700938DED04CBDDE965
:106EC0001E2368A8FBF71AFA279001F087FD3946C0
:106ED0002D90C022A5F1180007F022F9279B05F894
:106EE000163C189B45F8143C2B9B109A45F8103C17
:106EF0002D9B9B1A012745F80C3C0C9B45F8083C40
:106F000005F8187C9022FEA905F1180007F0A2F9F7
:106F1000D4F8D0333B44C4F8D033279B23B99DF831
:106F2000F8333BB905F8167C15F8163C002B46D013
:106F30000F4A2CE74FF480320023CDE9002302955D
:106F40000DF58561D4E9DA23D1E90001FAF724FFD0
:106F5000A0B9C02303FB0643092683F8DA6333464E
:106F6000E6E700BFAFF30080000000000000000073
:106F7000D8100020C037010808090020DDF81034BF
:106F8000DDF81824DDF8141405F8177CD21ADDF8A2
:106F90001C3463EB0103C5E90223DDF84024DDF86E
:106FA0003834DDF83C14D31ADDF8442462EB0102D6
:106FB000C5E90432D4F8D4330133C4F8D4330136EC
:106FC000042E05F1C0057FF4BAAE4E4B012283F8C2
:106FD000CA23002283F8CC238C9ADFED4B7A0C92E3
:106FE000DDE98D42F4EEE7DAF1EE10FADDE98F76B5
:106FF000919D10920AF1010ABFF6CCAE159808993E
:107000004FF4B4720023F9F775FF404BCDF80C54E0
:107010000421BAF1030F19700C9BD8BF1B99CDF84E
:107020000474DAAD0246CCBF00214FF02809CDE947
:10703000FE344FF00000109BCDF800342860D4BF20
:107040002B460B46CDE9001984A834A9CDF8086475
:10705000FDF7B2FABAF1030FDEBF119B2A68A3F560
:10706000D95384ADD8BF03F80E2C8146284AFEA917
:107070002846FCF703FFDDE98CE3DDE98EC7DDE997
:107080009062B9F1000F7FF485AE191B0C911F4976
:1070900005240C70CDE93AE3CDE93E62349B0E9AAB
:1070A0000121009114999A1892AE41EBE373019675
:1070B000CDE93CC7FCF79EFD3AAC0746154A214690
:1070C0002846FCF7DBFE032F05D19DF8499261E6C7
:1070D00000230F9380E71B9B03F5A0731B93159B65
:1070E00013F580331593089B159A43F10003089319
:1070F0000899094B494508BF9A427FF48DAC4FF47B
:10710000BA7A47E6D81000200000B9434C39002075
:10711000AC130020C4130020B4007501D74B072224
:107120001A7001F05BFCBAF5B47F5346A8BF4FF468
:10713000B473BAF5B47F0890C4F8AC30C0F2BB8128
:10714000D4F80823924540F0B681D4F81463A6EB36
:107150000A02564256410D9ADFEDD37A0024A3422B
:1071600040F0AB81BAF1000F00F0AD8107EE104A9C
:10717000B8EEC77A87EE878AC14B0D9A9FEDCAAAEF
:1071800083ED308AB0EE4A7A00239C4240F09E8123
:10719000BAF1000F00F0AB8107EE904AB8EEE70AB3
:1071A00087EE000A07F0DEFCDFEDB67AB4EEE70A00
:1071B000F1EE10FA40F3A081CAEE007AB04BDFF88E
:1071C000CC82002783ED310AC3ED9A7AAC4D18F8D2
:1071D000012B05F1C8033B44B0EE480A214605F5F2
:1071E00064601837FCF7BEFDB7F5907FEED105F56A
:1071F000F4730422B0EE480A214605F56460FCF7FA
:10720000B1FD082205F50073B0EE480A214605F5E8
:107210006460FCF7A7FDB5F834221AB1B4EB420F55
:1072200000F26D81964B002283F83622944BD3ED09
:10723000357A93F8C82083F83722C3ED8E7A00227E
:10724000012395ED3B7AB4EEE77AF1EE10FAC4BF74
:1072500095F8E020229203F10103C4BF0B9AF0EEEF
:10726000477A0C2B05F11805EBD1854B22B1229AF8
:10727000C3ED8E7A83F83722DFED827A93ED31AA5F
:107280007F4DB4EEE7AAF1EE10FAC9BF93ED8E7A06
:107290009FED857AF6EE007A67EE277AC4BF6AEE34
:1072A0000A6A67EE877A4FF00607C8BF87EEA67AAC
:1072B00001222FA920468DF8BC700DF1D408B0EE44
:1072C000480A85ED8F7AFDF70DF8242385ED900AA5
:1072D000012230A92046B0EE480A8DF8C030FDF7F3
:1072E00001F83B4685ED910A674AF0EE4A0AB0EE96
:1072F000480A21464046FDF763F8359BC5F84832F9
:10730000369BC5F84C32379BC5F850329DF8E130BA
:107310000BB19DF8E03085F85432DAAF0C235B4AAC
:10732000F0EE4A0AB0EE480A21463846FDF748F822
:10733000DA9BC5F85832DB9BC5F85C32DC9BC5F89C
:1073400060329DF875330BB19DF874334C4A0D993A
:1073500082F864324E4B0B931A4600239C4240F055
:10736000DB802046FCF78AFF07EE904A9FED490A32
:10737000B8EEE78A28EE000A07F0B8FDBDEEC00AB5
:10738000DFED497A3E4A10EE103A013B9C42D8BFED
:1073900004F1FF33BAF1000F00F0C8803C4923EA42
:1073A000E37301EB83031B68C2F86C3200230D9A70
:1073B0000133B2EC017A9C42E7EE077A0D92F6DCDB
:1073C00087EE880A07F0CEFB314D3349A7003A46D5
:1073D0002846B0EE408A06F03DFF2046FCF74EFFFF
:1073E0009FED317A052C234607EB0502A8BF052344
:1073F000F0EE476A0021F5EC017A013176EEA76ADA
:1074000072ED017A8B4237EE277AF4D107EE903A8B
:10741000F8EEE77A214B9FED225A87EE276A1F4448
:10742000611E043386EEA77AD3ED007AD7ED006AA9
:1074300076EEE76A07EE901A36EE476AF8EEE75AFC
:10744000B6EE007AF0EE477AE5EE857A9FED155AB2
:10745000A5EE857AFDEEE77ABDEEC77A17EE902AA3
:1074600017EE100A22EAE2728442C8BF014603EB1B
:10747000820203EB8103D2ED005A17E04C39002061
:10748000D8100020BD378635F4370108FA370108D7
:10749000080B0020A4707D3F181F0020040B002063
:1074A000CDCC4C3D3333733F0000000093ED007AA8
:1074B00077EE657A46E04E464DE6B2EC017A01344D
:1074C00077EE877A4BE61FED088A55E6F2EC017AF3
:1074D00077EEC87A0133A7EEA77AF0EEE77AF4EEFA
:1074E000CA7AF1EE10FAC8BFB0EE67AA4DE61FEDFA
:1074F000120AF0EE407A61E65FED157A5EE601234E
:1075000085F83632B0EE480A05F50673214605F5D2
:107510006460FCF727FC89E6F1EC017A77EEC87A23
:107520000133F0EEE77AE2EC017A17E7C2ED9B7ADD
:10753000B0EE677AF0EE675AB0EE678AF0EE676AEF
:10754000B0EE676AD24C9FEDD3AA9FEDD3BA84ED1B
:10755000028A2346A3EC016AC4ED035A84ED047A3F
:10756000C4ED057A04F6CC05C3ED006A0027F0EE01
:107570004AAAA4F62864BA455BD1BAF1000F00F01C
:107580008B8007EE90AAB8EEE70A8AEE800A07F031
:10759000E9FA84ED9C0A84ED9DAABAF1000F11D09E
:1075A000F2EE0E7AB4EEE70AF1EE10FA77D8F3EEC7
:1075B0000E7AB4EEE7AAF1EE10FA94BF4FF0010A8A
:1075C0004FF0000AB54C0AF0010384F878320AEA59
:1075D000060384F8B03001F001FA089BC01AC4F821
:1075E000A00201F0FBF90023A4F82A3394F8283311
:1075F0008246ABB194F8293393B1D4F894337BB17C
:1076000094F82C6366B9D4F83413D4F8A8209142C6
:1076100006D1D4F8AC20002A02DDB1F5B47F41DCFC
:1076200001F0DCF99D4BA0EB0A00C3F86403FEF700
:10763000C1BE249B33F8020F2493F9F7B9FE55F825
:10764000040FB4F8B230184480B2B0EE408AF9F7B3
:10765000AFFEDFED937A38EE400AB4EEE70AF1EEC2
:1076600010FA13DCDFED8F7AB4EEE70AF1EE10FAD0
:107670000FD4E0EE00AA0137B0EEC00AB4EECA0A99
:10768000F1EE10FAC8BFB0EE40AA74E730EE4B0A34
:10769000E3E730EE0B0AE7E79FED7E0A79E74FF06C
:1076A000000A8FE7D3E90023C4E9DA23DFF8009268
:1076B0009FED7D8ADFED7DAA9FED76AAB425374642
:1076C000D4F834339F424BDBD4F8AC509FED717A41
:1076D000C4F8385307EE905AB8EEE70A00238AEE52
:1076E00000BA84EDDEBA9D4200F39B8087EE000A6B
:1076F00007F038FA694C6E48FEAB24222946B0EEFA
:1077000040AA84EDDF0AB0EE4B0AFCF72BFBD4ED68
:10771000317A77EECA7A0DF2044393ED007AC4ED24
:10772000E37AD4ED657A84EDE07A77EEC77A9FED5F
:10773000617AC4EDE47AD4EDE27AF0EEE77AF4EE21
:10774000C77AF1EE10FA94BF0123002338EE6A8A5B
:1077500084F82B33012384EDE18A84F82A331CE07A
:1077600000220023CDE9FE23D4F8943303EBC708AD
:10777000FEAB02934FF4B472002328463146F9F76A
:10778000B9FBCDE90001D4E9DA23D8E90001FAF721
:1077900003FB50B9092384F82C3301F01FF9A0EB47
:1077A0000A00C4F86403FEF705BEDDE9FE231046B7
:1077B0001946CDE90823F8F7F1FE3F4B0022F8F710
:1077C0001BFF3E4B0022F8F717FFF9F7E5F9D4F855
:1077D000AC309F4207EE900A11DAF4EEE7AAF1EE20
:1077E00010FAF4EEC87AC8BFF0EE67AA3AEE27AAFC
:1077F000F1EE10FAC9F80000C8BFB0EE678AB7F51D
:10780000B47F02BFDDE90823C4EDE27AC4E9DC23DA
:1078100015F5803507F1010709F1040946F1000665
:107820004EE70B9AF2EC017A77EECB7A0B92A7EE49
:10783000A77A013357E79FED178AFEF7FDBDBBF12D
:10784000020F09D11E4B1F480A221A7044F620610C
:10785000FCF778F9FEF787BCBBF1030F05D1184B95
:1078600019480A221A70FEF79EBC45B1144B0A2231
:1078700028461A70FCF7FAF801461448E8E70B9B13
:1078800043BB0F4B12480A221A70FEF78CBC00BF94
:10789000001F0020000000000000B443D8100020AA
:1078A00000003443000034C3286B6ECE286B6E4E4C
:1078B000080B0020CDCC4C3E008076400000F03D0F
:1078C0004C3900205230010895300108D4300108AD
:1078D00008310108139B5BB10E4B0193169B00937B
:1078E0000D48DDE925230521FCF708F9FEF73DBC2D
:1078F000B0EE480AFEA8FCF72FFEFEA90748FCF7E9
:1079000021F90748FEA9FCF71DF90648FCF71AF90A
:10791000FEF72BBC0F0C01084B310108E8310108C0
:10792000DE3101080D3201082DE9F04FDFF85081FA
:10793000424F98F80030DFF84C913C68DFF848B1CE
:10794000DFF848A13E4E89B0012C0393D9F80030EE
:1079500002939BF8003001939AF80030009325467B
:1079600038BF0125013D012C8CBF002301232A468D
:1079700030682146FEF7DCFB00233A688BF80030C4
:10798000304F90B903233B702F4B30480A211970B8
:107990002F49304B012C98BF0B46009331682B4682
:1079A000FCF7D0F809B0BDE8F08F012C06D82A49C1
:1079B0000B6801330B6001238AF800300A2A1ED9B4
:1079C000264B1B7804ACABB19FED250A1022214653
:1079D0000520FCF7D5F803233B701F4B02941B686E
:1079E00001930B23009331681E480A230122FCF700
:1079F00085F8D7E71C49204606F024FCEBE71B4B33
:107A00001B4819681B4B19600023C9F8003088F81F
:107A1000003002233B700C4B092119700C490D4BAF
:107A2000012C98BF0B46144902911449CDE900314D
:107A30002B463168FCF786F8B4E700BFF008002059
:107A4000F4080020FC0800204C39002019320108FD
:107A50008605010896050108E0080020DC080020E2
:107A6000000000006232010893050108D8080020D8
:107A70000B330108EC080020FE0B0108C0D4010004
:107A8000E6080020E8080020E5080020E4080020BF
:107A90002DE9F04F5C4E5D4FDFF8B8A15C4DDFF88B
:107AA000B89187B0FBF7D0FD01235A483370FCF73B
:107AB00025FE00233B7033700022DAF800008DF8B9
:107AC000132064230DF1130104F0C5FC0446C8B96A
:107AD0009DF81380B8F1010F14D105A886F8008035
:107AE000F9F744FD00285DD10A2333709DF8173063
:107AF00000939DF815209DF816309DF81410464807
:107B0000FCF720F82B78022B2FD1DFF85081D8F822
:107B100000B000F063FF414BA0EB0B00984224D96A
:107B200000F05CFFD8F800303D49C01A3D4B1860AA
:107B3000A0F5EA33C03BB3F5967F3B4B94BF0122DF
:107B400000221A700A6802F1010356D90321297034
:107B50000A2131704FF49671CDE90101334900914A
:107B6000334934480968FBF7EDFF2B78032B03D02A
:107B7000002CA1D1002B9FD100242C70FBF764FDB9
:107B8000204605F05FFD834606F04CFA804606F07D
:107B90004FFA5B46024641462748FBF7D3FF3C704D
:107BA000347089E72B78013B012BABD9D9F8001051
:107BB0001F4B1E4A214885F8008001311960184B7F
:107BC000C9F80010C3F800801D4B1C701D4B83F8D2
:107BD0000080144B1C60144B1C701B4B1C601B4B17
:107BE0001C700B23CDE901320A23194A0093434646
:107BF000FBF784FFFFF798FE84E70B6001232B70EF
:107C0000FFF792FEB1E700BF4C3900204D3900204C
:107C1000FC0800207533010880330108BFD401003F
:107C2000F0080020E8080020E6080020C0D4010089
:107C3000F408002050340108DF340108CB33010878
:107C4000E4080020E5080020E0080020DC0800200F
:107C50000F0C010854390020F8080020EC0800201F
:107C60002DE9F047204E33689BBBDFF89890D9F898
:107C7000004074BB1D4D1E4FB620A04682462146D3
:107C800028464FF4B4720023F9F734F9A0EB0A0A3E
:107C900015F58035AAF1B60A44F10004BAF1010FD6
:107CA00017D8444508BFBD42E8D10121002208464B
:107CB00004F065FB306060B10E4A0F48002104F00B
:107CC000E2FA0446C9F8000030B9306804F0F3FB6A
:107CD00034600020BDE8F087084B01201870084B85
:107CE00083F80080F6E700BF54390020B40002009A
:107CF000B4007301D0370108917A00084D39002093
:107D00004C390020503900200C4B73B5186880B1F5
:107D10000B4D2B7803F0FF065BB901243346324646
:107D20000DF107012C708DF8074004F063FB18B1CA
:107D30002E70002002B070BD2046FBE754390020B1
:107D40004D390020014B1878704700BF4D39002095
:107D500028B10023C361036243628362C362704738
:107D600070B40C46064658B151B105460FCC0FC54C
:107D700094E8070085E80700304670BCFFF7E8BFCD
:107D800070BC704700287DD0D0ED017AD0ED076A35
:107D900090ED026A90ED007AE7EE806AD0ED037A0A
:107DA000F4EEE76AF1EE10FAC8BFF0EE676AF1EEA2
:107DB000677AF4EEE67AF1EE10FAD8BFF0EE667A62
:107DC000D0ED086AC0ED077A70EE666A20EE077A99
:107DD00066EE866A90ED056AB5EEC06AF1EE10FABD
:107DE00043D4F7EE005AB4EEE56AF1EE10FAD8BFCC
:107DF000F0EE465A90ED0A6A80ED080A76EEC66A01
:107E000037EE277AA6EEA56AD0ED047A80ED0A6AED
:107E100037EE067AB4EEE77AF1EE10FAC8BFB0EEAC
:107E2000677AF1EE677AF4EEC77AF1EE10FAD8BF0E
:107E3000F0EE477A90ED067AB5EEC07AF1EE10FAE0
:107E40000ADDD0ED0B6A37EEE66AB4EEC67AF1EEE3
:107E500010FA0DD576EE877A90ED090AC0ED0B7A0F
:107E600030EE670A80ED090A7047DFED085AC1E776
:107E7000F1EE475AF4EEC65AF1EE10FAC8BF76EEAC
:107E8000C77AE9E79FED010A704700BF00000000D4
:107E900010B190ED090A70479FED010A704700BFCD
:107EA00000000000F0B59B4D0FCDB1B001AC0FC488
:107EB00095E8070001AF84E807000FCF24AE0FC696
:107EC00094E80700B0EE000A002486E8070024A822
:107ED0002C942D942E942B942F94FFF753FFF0EEB7
:107EE000401ABFEE000AFFF74DFF05F10C0CBCE88D
:107EF0000F0008AF0FC79CE807000DF1200E87E8C0
:107F00000700BEE80F000DF1900CACE80F0097E8F9
:107F10000700B0EE402A86E80700B7EE000A24A862
:107F20002C942D942E942B942F94FFF72BFF05F176
:107F3000280CBCE80F000FAF0FC79CE807000DF13D
:107F40003C0E87E80700BEE80F000DF1900CACE88E
:107F50000F0097E80700F0EE402A86E80700B0EE31
:107F6000000A24A82C942D942E942B942F94FFF780
:107F700009FFB0EE403AB0EE000AFFF703FF05F14B
:107F8000440CBCE80F0016AF0FC79CE807000DF1CA
:107F9000580E87E80700BEE80F000DF1900CACE822
:107FA0000F0097E80700F0EE403A86E80700B1EED0
:107FB000000A24A89DED2B1A2C942D942E942B941A
:107FC0002F94FFF7DFFE6035B0EE404AB1EE000AB5
:107FD000FFF7D8FE0FCD1DAF0FC795E807000DF1D5
:107FE000740C87E80700BCE80F0024AD0FC597E8C4
:107FF0000700F0EE404A86E80700B0EE000A24A829
:108000002C942D942E942B942F94FFF7BBFEB0EE5E
:10801000405AB0EE000AFFF7B5FEF0EE007A71EEBE
:10802000A71ADFED3D7AF0EEE11AF4EEE71AF1EE71
:1080300010FA6DD5B7EE007A32EE072AB0EEC22AFA
:10804000B4EEE72AF1EE10FA62D5B1EE047A72EEE0
:10805000872AF0EEE22AF4EEE72AF1EE10FA57D57D
:10806000B0EE087A33EE073AB0EEC33AB4EEE73A30
:10807000F1EE10FA4CD5F1EE086A73EEA63AF0EE86
:10808000E33AF4EEE73AF1EE10FA41D531EE471A51
:10809000B0EEC11AB4EEE71AF1EE10FA38D5B1EE2F
:1080A000006A34EE064AB0EEC44AB4EEE74AF1EE96
:1080B00010FA2DD5B1EE0C6A74EE864AF0EEE44A61
:1080C000F4EEE74AF1EE10FA22D535EE075AB0EE9B
:1080D000C55AB4EEE75AF1EE10FA19D5B2EE027AAB
:1080E00030EE070AB0EEC00AB4EEE70AF1EE10FA7D
:1080F0000ED59DED2F7A37EE667AB0EEC77AB4EEE4
:10810000E77AF1EE10FA4CBF0120002031B0F0BD4B
:108110000020FBE7C4FE000817B7D13882B00E4B31
:1081200000220092596C41F480415964596C01F469
:108130008041009100990192196C41F080511964BD
:108140001B6C03F080530193019B0F216FF0010022
:1081500002B000F025BE00BF0038024070B50646F0
:1081600088B01422002103A805F0DAFF3268244BFE
:108170009A4242D103F58C33002501955A6C21486F
:10818000214C42F480725A645A6C02F4807201925B
:10819000019A02951A6B42F001021A631B6B03F0FD
:1081A00001030293029B1222032303A9CDE90323B7
:1081B00001F016F8154B4FF48061C4E900354FF417
:1081C00000634FF40050C4E904134FF48073C4E912
:1081D00006032046C4E90255C4E9085500F036FEFE
:1081E00008B1FAF7F9FEB463122000220521A66354
:1081F00000F0D6FD122000F005FE08B070BD00BFF3
:108200000020014000000240B80700201064024036
:1082100070B514228AB0064600210DEB020005F06D
:108220007FFF33683C4A934225D13C4C3C480025B3
:108230000195236B43F002032363236B03F00203D6
:108240000193019B4FF4C0761223CDE905634FF0F3
:10825000030C042305A9CDE908C300F0C1FF029572
:10826000236C43F400132364236C03F40013029380
:10827000029B0AB070BD2B4A9342FAD1274C284882
:1082800000250395236B43F002032363236B03F064
:1082900002030393039B4FF440621223CDE90523AD
:1082A0000123079305A90423099300F099FF04957E
:1082B000236C1D4843F480032364236C1B4C03F49C
:1082C00080030493049B4FF06063C4E900034023E0
:1082D000C4E9023520464FF48063C4E90435C4E99B
:1082E0000655C4E9085500F0B1FD08B1FAF774FE6F
:1082F0007463002205212120A66300F051FD212096
:1083000000F080FD00220521222000F049FD2220FE
:1083100000F078FDADE700BF005400400038024097
:108320000004024000580040B8600240B00600203F
:1083300070B5064688B01422002103A805F0F0FEAF
:108340003268344B9A4263D1002503F5843301959A
:108350005A6C42F480525A645A6C02F48052019270
:10836000019A02951A6B42F002021A631B6B03F02A
:1083700002030293029B38200223CDE90303012468
:108380000323CDE905432448244C052303A907937F
:1083900000F026FFDFF890C04FF0C063C4E900C3CF
:1083A0004FF48063C4E9043520464FF40033C4E938
:1083B0000255C4E90655C4E9083500F047FD08B187
:1083C000FAF70AFE164AF464A663164C4FF0C0632F
:1083D000C4E9002300234FF48062C4E90423402150
:1083E0004FF400322046C4E90213C4E90633C4E95D
:1083F000082300F02BFD08B1FAF7EEFD2320B4644A
:1084000000220521A66300F0CBFC232000F0FAFC3B
:1084100008B070BD0030014000040240F8050020A3
:1084200058640240980500204064024010B504469C
:1084300088B01422002103A805F072FE2368204AA8
:1084400093420DD1002300931E4B5A6C42F001025F
:108450005A645B6C03F001030093009B08B010BDED
:10846000B3F1804FFAD103F50E33002401941A6C56
:10847000154842F001021A641A6C02F001020192DE
:10848000019A02941A6B42F001021A631B6B03F00B
:1084900001030293029B4FF400420223CDE9032320
:1084A00003A901230593079300F09AFE22460521B4
:1084B0001C2000F075FC1C2000F0A4FCCEE700BFDF
:1084C00000000140003802400000024007B50E4B9A
:1084D00002689A4216D1002203F59A330192596C30
:1084E00041F0020159645B6C03F002030193052122
:1084F0002D20019B00F054FC2D2003B05DF804EB0F
:1085000000F080BC03B000BD0004014010B504467B
:1085100088B01422002103A805F002FE23681A4A3D
:10852000934218D100230193184B19481A6B42F05B
:1085300001021A631B6B03F0010301934FF4E06126
:10854000019B0223CDE903130123079303A900F044
:1085500047FE08B010BD0F4A9342FAD100230293A0
:108560000A4B0D481A6B42F004021A631B6B03F0AE
:1085700004030293029B40220223CDE90323032339
:10858000079303A9E3E700BF000001400038024061
:1085900000000240000401400008024070B51422AF
:1085A0008AB0054600210DEB020005F0B9FD2B68ED
:1085B000624A934260D1624B6248634C0026019646
:1085C0001A6C42F400321A641A6C02F400320192FE
:1085D000019A02961A6B42F001021A631B6B03F0B8
:1085E00001030293029B0C220223CDE90523032100
:1085F0000723CDE9081305A900F0F2FD53484FF019
:108600000063C4E900034023C4E9023620464FF466
:108610008063C4E90436C4E90666C4E9086600F06C
:1086200015FC08B1FAF7D8FC6C63DFF83CE1A563F0
:10863000474C4FF000634FF48062C4E900E300232D
:10864000C4E9042320464FF48072C4E90233C4E92C
:108650000723A361636200F0F9FB08B1FAF7BCFCE1
:10866000AC63262000220521A56300F099FB26209B
:1086700000F0C8FB0AB070BD364A9342FAD1304BC5
:10868000354C002603961A6C42F480221A641A6C48
:1086900002F480220392039A04961A6B42F00402B9
:1086A0001A631B6B03F004030493049B4FF44061B3
:1086B0000223CDE9051303200723CDE9080305A90B
:1086C000264800F08DFDDFF8A4C04FF00063C4E938
:1086D00000C34023C4E9023620464FF48063C4E956
:1086E0000436C4E90666C4E9086600F0AFFB08B1C9
:1086F000FAF772FC1A4A6C63A5631A4C4FF00063D8
:10870000C4E9002300234FF48062C4E90423204617
:108710004FF48072C4E90233C4E90723A3616362A2
:1087200000F094FB08B1FAF757FCAC632720002255
:108730000521A56300F034FB272099E700440040A1
:108740000038024000000240D8030020A060024030
:108750007803002000480040180300200008024071
:1087600028600240B8020020886002405860024041
:1087700030B589B000230293204B1A6C42F480720A
:108780001A641B6C03F480730293054601A903A8C5
:10879000029B01F08FFF069B4BBB01F06BFF184A59
:1087A000184B136040F2E733D360174BB0FBF3F381
:1087B000013B53601046002313619360936102F004
:1087C000E9FE044680B90E4802F0B2FD044658B9ED
:1087D0002D2000F017FB0F2D0DD8224629462D2005
:1087E00000F0DEFA094B1D60204609B030BD01F0F3
:1087F00041FF4000D3E70124F6E700BF0038024004
:10880000583900200020004040420F00080000209E
:10881000FEE7FEE7FEE7FEE7FEE77047014800F0EF
:108820001DBC00BFB8020020014800F017BC00BF0B
:1088300018030020014800F011BC00BF780300209D
:10884000014800F00BBC00BFD8030020014800F035
:1088500074B900BF18080020014802F0A8BD00BF8D
:1088600008050020014800F0B3BF00BF100700203A
:10887000014801F0F1BB00BF10070020014803F0E0
:108880007BBB00BF7C040020014803F075BB00BF28
:108890003804002008B5044802F089FDBDE808400E
:1088A000024802F084BD00BFC004002058390020F7
:1088B000014800F0D3BB00BFB0060020014800F023
:1088C000CDBB00BFB8070020014800F0C7BB00BF08
:1088D000F8050020014800F0C1BB00BF980500204A
:1088E000014802F017BC00BF580600200A4A0346A0
:1088F000106810B508B9094810600949094C0344CB
:10890000091B8B4206D905F071FC0C2303604FF064
:10891000FF3010BD1360FCE7A0390020D8EA012029
:108920000000022000040000034AD2F8883043F41B
:108930007003C2F88830704700ED00E0DFF834D0F3
:108940000D480E490E4A002302E0D458C4500433A7
:10895000C4188C42F9D30B4A0B4C002301E013607E
:108960000432A242FBD3FFF7DFFF05F045FCFAF724
:1089700097FB7047000002200000002060000020EC
:10898000A83C010860000020D4EA0120FEE70000B6
:1089900008B50B4B1A6842F400721A601A6842F468
:1089A00080621A601A6842F480721A60032000F034
:1089B000E5F90520FFF7DCFEFFF7B0FB002008BD5E
:1089C000003C0240034A044B11681B780B441360BF
:1089D000704700BFA439002004000020014B186834
:1089E000704700BFA439002038B50446002800F0C5
:1089F0009B80056C25B9FFF7B1FB656484F83C509A
:108A0000236CDB0600F18E80236C23F4885323F063
:108A1000020343F002032364444B5A6822F44032B9
:108A20005A605A6861680A435A60236821695A6823
:108A300022F480725A605A6842EA01225A605A68E7
:108A4000A16822F040725A605A680A435A609A68D4
:108A5000E16822F400629A609A680A439A60344995
:108A6000A26A8A4252D0996821F07061996099682F
:108A70000A439A609A68E16A22F040529A609A68C2
:108A80000A439A609A6822F002029A609A68217EEC
:108A900042EA41029A6094F82020002A3ED05A68A7
:108AA000616A42F400625A605A6822F460425A6075
:108AB0005A68013942EA41325A60DA6AE16922F4BD
:108AC0007002DA62DA6A013942EA0152DA629A68BD
:108AD00022F400729A609A6894F8301042EA4122B7
:108AE0009A609A68616922F480629A609A680020AC
:108AF00042EA81229A606064236C23F0030343F00E
:108B000001032364002384F83C3038BD9A6822F0C6
:108B100070629A609A6822F04052B2E75A6822F472
:108B20000062C9E70120EDE70120EEE700230140E4
:108B30000100000F704770477047036870B51E68EA
:108B40005D68B20704462BD5A80629D5226CD1064C
:108B50005EBF226C42F4007222649A6812F0405F99
:108B600017D1227EAAB9DA6A12F4700F02D09A687D
:108B700052050ED45A6822F020025A60236C23F466
:108B800080732364236CD8045EBF236C43F001031D
:108B900023642046FFF7CEFF23686FF012021A60AD
:108BA000710733D52A0631D5236CDB065EBF236CF3
:108BB00043F40053236423689A6812F4401F1ED1C3
:108BC0009A6B12F4401F02D09A68500517D45A6865
:108BD000510514D49A6812F0405F10D1227E72B908
:108BE0005A6822F080025A60236C23F48053236475
:108BF000236CDA055EBF236C43F001032364204637
:108C000000F0BAF823686FF00C021A60F30710D571
:108C100068060ED523681B68D9070AD5236C43F470
:108C2000803323642046FFF786FF23686FF001023C
:108C30001A60B2060ED56B010CD5636C43F00203CB
:108C4000636423686FF020051D602046FFF774FF02
:108C500023681D6070BD0000F7B50023019390F8F4
:108C60003C30012B05467CD0012380F83C3008685D
:108C70002B688E68092884B230D904EB4402DF687F
:108C80001E3A4FF0070C0CFA02FC27EA0C07DF60D3
:108C9000DF6806FA02F23A43DA604968062901EB16
:108CA00081022AD8596B053A1F26964021EA06010F
:108CB0005963596B04FA02F20A435A632A4A9342EF
:108CC00007D1122834D1D2F8043343F48003C2F818
:108CD0000433002085F83C0003B0F0BD1A6900EBB6
:108CE000400C072707FA0CF722EA07021A611A69F3
:108CF00006FA0CF616431E61CFE70C294FF01F0150
:108D00000BD81E6B233A914026EA01011963196BB7
:108D100004FA02F20A431A63D0E7DE6A413A91404C
:108D200026EA0101D962D96A94400C43DC62C5E7A6
:108D3000A0F11003012BCCD80C4A5368102843F43F
:108D400000035360C5D10A4B0A4A1B68B3FBF2F318
:108D50000A2253430193019B002BBAD0019B013B94
:108D6000F8E70220B8E700BF0020014000230140DF
:108D70000000002040420F00704700000749CA6809
:108D800022F4E0620302120403F4E063120C1343C2
:108D900043F0BF6343F40033CB60704700ED00E065
:108DA000164B30B5DC68C4F30224C4F10703251D5B
:108DB000042B28BF0423062D4FF0FF358CBF033C46
:108DC000002405FA03F321EA0303A54022EA050281
:108DD000A340002843EA0203ACBF00F16040084A08
:108DE0004FEA0313B8BF00F00F00DBB2AABF00F5D3
:108DF0006140135480F8003330BD00BF00ED00E047
:108E000014ED00E0002807DB4109044A00F01F00D0
:108E10000123834042F82130704700BF00E100E0A9
:108E2000036810B5084C0246D9B210391820B1FBBE
:108E3000F0F0205CD06523F47F7020F003005F2900
:108E400088BF0430906510BD7438010870B50446C1
:108E5000FFF7C4FD0546002C60D0022384F83530AE
:108E60002268002384F83430136823F00103136070
:108E700022681368D8072ED413683248A1691840B5
:108E8000D4E901352B43E5682B4325692B436569FC
:108E90002B43E5690B432B43256A2B430343606A4D
:108EA000042802BFD4E90B5635432B4313605369A2
:108EB000042823F0070343EA000335D1A06AE56ADA
:108EC00003438DB391B9012820D030F002012BD19A
:108ED000E90129D51DE0FFF781FD401B0528C7D911
:108EE00020230320636584F8350070BDB1F5005F71
:108EF00016D1032818D801A151F820F0138F0008CB
:108F0000D18E0008138F00080D8F0008B5F1C07FC7
:108F10000AD140236365012384F835300120E4E75A
:108F20000228F6D90328D3D053612046FFF778FFF3
:108F3000E26D3F239340836000200123606584F845
:108F40003530D2E73F8010F070B590F83440866D30
:108F5000012C30D0012480F8344090F83540012CA9
:108F60004FF0000425D1022580F83550446504688F
:108F7000256825F48025256063608368402B0EBF3B
:108F8000A260A160E260C26D08BFE1603F23934030
:108F9000B360236843F016032360036C1BB123689E
:108FA00043F008032360236843F00103236000209B
:108FB00070BD80F834400220FAE770B50446866D33
:108FC000FFF70CFD94F83530022B054606D08023C0
:108FD00063650120002384F8343070BD23681A686B
:108FE00022F016021A605A6922F080025A61226C3D
:108FF0000AB9A26C1AB11A6822F008021A601A683B
:1090000022F001021A602368186810F0010007D1ED
:10901000E26D3F239340B360012384F83530D9E7F4
:10902000FFF7DCFC401B0528EDD9202303206365F6
:1090300084F83500CEE790F83530022B03D080233A
:109040004365012070470268052380F835301368B6
:1090500023F001031360002070470000F7B50023E0
:1090600001935C4B856D1F68C36D2E6808229A4082
:10907000324204460CD001680868400708D50868E9
:1090800020F004000860AA60626D42F0010262658F
:1090900001229A40324208D021684969090641BF3D
:1090A000AA60626D42F00202626504229A40324276
:1090B00008D021680968880741BFAA60626D42F044
:1090C0000402626510229A40324210D02368196867
:1090D00009070CD5AA601A68500337D51B68190315
:1090E00001D4236C00E0A36C0BB120469847E16DDE
:1090F00020228A4032423AD023681868C60636D504
:10910000AA6094F83520052A1A6827D122F01602A1
:109110001A605A6922F080025A61226C0AB9A26C64
:109120001AB11A6822F008021A603F238B40AB6024
:10913000012384F83530002384F83430236D002B6C
:1091400045D0204603B0BDE8F04018471A68D20564
:109150005EBF1A6822F008021A60C2E7500327D5E2
:109160001B68190331D4636C0BB120469847636DBB
:109170006BB3636DDA0719D522684FF41653B7FB4A
:10918000F3F7052384F83530136823F001031360E7
:10919000019B0133BB42019302D81368DB07F7D46C
:1091A000012384F83530002384F83430E36CC6E7BB
:1091B0001A6812F4807208D1196821F01001196040
:1091C000012384F8353084F83420E36BCCE703B016
:1091D000F0BD00BF0000002090F83500704700008F
:1091E0002DE9F74FDFF8A491664A00230D680124AA
:1091F0009C4004EA0506AC4340F0AF804D6803276D
:1092000005F003044FEA430807FA08FC671E012F24
:109210006FEA0C0C34D8876807EA0C0ECF6807FA9F
:1092200008F747EA0E078760476827EA060EC5F386
:1092300000179F4047EA0E074760C76807EA0C0E11
:109240008F6807FA08F747EA0E07022CC76019D1A2
:109250004FEAD30A00EB8A0A03F0070BDAF8207012
:109260004FEA8B0B4FF00F0E0EFA0BFE27EA0E0E95
:109270000F6907FA0BF747EA0E07CAF8207001E0FA
:10928000032CDAD1076804FA08F407EA0C073C4318
:1092900015F4403F046060D000240194D9F84440A4
:1092A00044F48044C9F84440D9F8444023F003070B
:1092B00007F1804704F4804407F59C37019403F0DC
:1092C000030C019CD7F808E04FEA8C0C0F2404FA39
:1092D0000CF42EEA040E2C4CA04245D004F5806418
:1092E000A04243D004F58064A04241D004F58064DC
:1092F000A0423FD004F58064A0423DD004F58064D4
:10930000A0423BD004F58064A04239D004F58064CB
:10931000A04214BF0824072404FA0CF444EA0E0403
:10932000BC609468F74315F4801F0CBF3C40344385
:109330009460D46815F4001F0CBF3C403443D460E3
:10934000546815F4003F0CBF3C403443546014682B
:10935000ED0354BF3C40344314600133102B7FF4C1
:1093600045AF03B0BDE8F08F0024D5E70124D3E773
:109370000224D1E70324CFE70424CDE70524CBE77B
:109380000624C9E7003C01400000024000380240CA
:1093900000690840003818BF012070470AB1816198
:1093A00070470904FBE7436901EA030221EA03016C
:1093B00041EA02418161704770B5044608B9012055
:1093C00070BD90F83D3003F0FF021BB980F83C20DF
:1093D000FEF71EFF242384F83D3023681A6822F02C
:1093E00001021A601A6842F400421A601A6822F4F4
:1093F00000421A6001F03EF93F4B65689D4294BF00
:109400003E4B3F4B98428CBF00230123002BD6D10B
:109410002268394E51683B4BB0FBF3F321F03F011A
:109420001943B542516088BF4FF49676116A88BFE0
:10943000734321F03F0184BF4FF47A76B3FBF6F318
:1094400001330B431362D169431E2B4821F44F4172
:10945000854221F0FF0132D86D0040F6FC70B3FB6D
:10946000F5F30133034242D0C3F30B031943D16137
:10947000D4E907301168034321F0C0010B431360A6
:109480009168D4E9030321F40341034321F0FF0170
:109490000B439360D4E90530D168034321F0FF0109
:1094A0000B43D360136843F00103136000202023B3
:1094B000206484F83D30206384F83E0080E7A06893
:1094C00050B905EB4505B3FBF5F30133C3F30B03CB
:1094D0007BB143F40043C9E719206843B3FBF0F3C1
:1094E0000133C3F30B0323B143F44043BEE704232A
:1094F000BCE70123BAE700BFA08601007F841E00FD
:10950000FF083D0040420F007047704770477047AA
:1095100070477047704790F83D2008B5036DD2B290
:1095200083B9C36C0268012B836C05D1DBB2136174
:10953000036D0233036508BDC3F307231361036D95
:109540000133F7E7036D012B03D1836C0268DBB2B3
:10955000F4E7036D022BEED1222A05D102681368CD
:1095600043F480731360EAE7438D9BB263B1212A11
:109570000AD1436A026813F8011B11614362438DEB
:10958000013B9BB24385D6E7438D9BB2002BD2D1E2
:10959000212AD0D10268516821F4E061516011683C
:1095A00041F4007111602022036380F83D2080F8AF
:1095B0003E30FFF7AFFFBEE77047704770470000CF
:1095C00037B5002301932D4B806B1B6890F83D202D
:1095D00046F2A811B3FBF1F323214B430193036837
:1095E000D2B2019941BB016C41F020010164446B8E
:1095F0000CB10021E163816B09B10025CD631D68C9
:1096000025F480651D600025458504B1256501B1FF
:109610000D65196821F00101196090F83D1060296D
:1096200011D1202380F83D30002380F83E300364C0
:10963000FFF7C4FF03B030BD0199013901911968EA
:109640008905CED4D3E702F02802282A0ED1196862
:1096500041F001011960196841F48061196000232B
:10966000036380F83D20FFF7A8FFE3E7202380F89D
:109670003D30002380F83E30F5E700BF00000020B9
:1096800010B590F83D2090F83E30102BD9B204462A
:109690000368D2B201D0402913D1222A11D119680E
:1096A00021F400611960596811F4006106D1602A43
:1096B0001EBF202284F83D2084F83E100022226341
:1096C00007E002F028012829EDD10022226384F866
:1096D0003D105A6812F400624FD05A68606B22F451
:1096E00000625A6090F83530012B374B2BD0036560
:1096F000FFF7A1FC50B12268606B136823F00103EF
:109700001360202384F83D30036D9847236C1907BC
:109710001FBF2268536823F4E063536094F83D3020
:10972000226C5207DBB20DD5282B0BD1274BE362FD
:10973000202200232363204684F83D2084F83E3015
:10974000FFF7E7FE10BDA06B0365FFF774FC002870
:10975000DCD023685A69510605D51A69636A1A7004
:10976000636A013363622268A06B136823F001030C
:109770001360202384F83D30C6E794F83D1060293B
:1097800015D1202184F83D1022645A69520605D56E
:109790001A69636A1A70636A013363622268136824
:1097A00023F0010313602046FFF708FFAEE75A6974
:1097B000500605D51A69636A1A70636A01336362D9
:1097C0002046FFF7FAFEA1E7C19500080000FFFF61
:1097D000F0B5036804465A68C66A90F83E0094F8EB
:1097E0003D1010288FB0C5B2C9B202D0402D40F054
:1097F000CF829F69586910F0010F07D1B6F52A0F83
:1098000002D0B6F12A4F51D10FB0F0BD96054DD51B
:10981000E26AB2F52A0F0CD10122E26294F83E20EE
:10982000402A11D1226D52B9626C02F0FE021A6117
:10983000EAE7E26AB2F12A4FF0D10822EDE7626C62
:1098400042F00102D2B2F2E72269B2F5804F1AD19A
:1098500094F83D20212A626C11D102F0FE021A61B7
:10986000626B0AB1D26B2AB9A26B002ACCD0D26B40
:10987000002AC9D05A6842F400625A60C4E742F034
:109880000102D2B2EBE7226D32B9626CD21102F062
:10989000060242F0F002CAE7226D012AB4D1626CDE
:1098A000D21102F0060242F0F102C0E7060703D52A
:1098B000960501D5626CE4E7860740F1E8809605DD
:1098C00040F1E58094F83E10E26A256B94F83D0083
:1098D0002228C9B240F0D380206D40B9402906D17A
:1098E00001905A6901929B690193019B8CE7216D5C
:1098F00089B92069B0F5404F0DD102915A690292A1
:109900009A690292029A1A6842F480721A60236D70
:109910000133236578E7618D89B251B903915A69A2
:1099200003929A690392039A1A6842F400721A60C9
:1099300019E0618D89B2012949D112F5803F1BD10F
:109940001A6822F480621A605A6812F400620CD01D
:109950001A6822F480621A60002204925A69049202
:109960009B690493049B0023D3E705925A690592EF
:109970009A690592059AD7E7082A1CD0202A1AD09E
:10998000122D0DD1012A16D11A6822F480621A60B4
:10999000002206925A6906929B690693069BE2E7AB
:1099A000102AF1D8974941FA02F2D707ECD41A6885
:1099B00042F48062EBE71A6822F480621A600022A7
:1099C00007925A6907929A690792079AACE7618DE4
:1099D00089B2022930D1102A03D88B49D140CE0751
:1099E00015D4196821F480611960196841F4006187
:1099F000196059680D0514D5202A1AD8072A0AD8E3
:109A0000012A0ED15A6842F480525A6009E019685E
:109A100041F48061ECE7A2F108017C4ACA40D0071A
:109A2000F0D4002208925A6908929B690893089B17
:109A300099E712F5803FE4E7196841F48061196005
:109A40005968090510D5202A16D8072A06D8012AF0
:109A50000AD15A6842F480525A6005E0A2F1080126
:109A60006A4ACA40D207F4D4002209925A6909927C
:109A70009B690993099B76E712F5803FE8E700228E
:109A80000A925A690A929B690A930A9BBCE67F076D
:109A900040F18D805E6836053FF5B6AE070600F0F2
:109AA00004063ED550053CD5002E3DD194F83D200E
:109AB000258D94F83E10E06AD2B2C9B2C5B9212A08
:109AC00018D1082858D0202856D010F5803F53D000
:109AD0005A6822F4E0625A6011232363002384F859
:109AE0003E30202384F83D302046FFF70DFD8BE605
:109AF000212A05D040297FF487AE222A7FF484AE44
:109B0000628D92B21AB95A6822F48062B5E694F86E
:109B10003E20402A16D120460FB0BDE8F040FFF7A6
:109B2000FABC002E3FF470AE97057FF56DAE21298B
:109B300039D1E16A94F83D20212A7FF465AE628D27
:109B400092B24AB1626A12F8011B19616262638DB6
:109B5000013B9BB2638557E608290DD020290BD025
:109B600011F5803F08D0596821F4E0615960112354
:109B7000236384F83E20B4E75A6822F4E0625A6016
:109B80001A6842F400721A6000232022236384F8CA
:109B90003D2094F83E2084F83E30402A2046A4D14F
:109BA000FFF7B8FC30E6402D7FF42EAEB3E75968DE
:109BB0000E053FF529AE450600F004017DD55005A0
:109BC0007BD500297CD194F83D20222A7FF41CAE5D
:109BD000628D92B2032A1BD91A69636A1A70636A8A
:109BE00001336362638D013B9BB26385638D9BB2DE
:109BF000032B7FF409AE2268536823F4806353601B
:109C000002E600BFEBFFFEFF1400010001010001AE
:109C1000E06A02283FF477AF012A3FF674AF764A34
:109C20000B91126846F2A811B2FBF1F202EB82022C
:109C30000B920B9A013A0B920B99D1B9226C42F01C
:109C4000200222645A6822F4E0625A601A69636A48
:109C50001A70636A01336362638D013B9BB2638553
:109C6000202384F83D30204684F83E10FFF7A5FC01
:109C7000CAE51A6812F40072DBD1196821F4806118
:109C80001960596821F4E06159601969636A1970B3
:109C9000636A01336362638D013B9BB2638520235A
:109CA00084F83D3094F83E3084F83E20402B69D152
:109CB00022632046FFF780FCA6E500293FF4A4AD0F
:109CC00092057FF5A1ADE26A608D616A80B20428D9
:109CD00009D15A6822F480625A601B690B70636A6A
:109CE0000133636233E7608D80B203280CD158687A
:109CF000042A20F480605860EFD0022AEDD01A6860
:109D000022F480621A60E8E7608D80B20228E4D114
:109D1000042A33D007D8012A07D0022A2ED01A6885
:109D200042F4007204E0102AF9D11A6822F4806229
:109D30001A601B690B70626A531C6362638D013B7E
:109D40009BB2638523681B695370636A2268013381
:109D50006362638D013B9BB26385536823F4407358
:109D60005360202384F83D3094F83E30402B4FF070
:109D7000000384F83E3005D123639AE71A6842F461
:109D80008062D5E7122323632046FFF7BEFB3BE545
:109D9000206C18B35869002587072FD596052DD557
:109DA000226C02B19D6994F83D2002F02802282A15
:109DB00017D15A682F0622F480625A60C5F38001D9
:109DC00054BFE268A269002381F00101C9B284F89E
:109DD0003C3092B22046FFF79BFB15E59D69586920
:109DE000DAE700220C9259690C919B690C930C9B49
:109DF00084F83C2008E500BF00000020C60640F1C2
:109E0000B180950540F1AE8094F83D505A6822F437
:109E1000E0625A6000220D925A690D921A6842F06F
:109E200001021A600D9A1A6822F480621A605A6858
:109E30001005EDB220D505F0F702222A4AD1A06B19
:109E40000268526892B26285628D92B21AB1226C37
:109E500042F0040222645A6822F400625A60FFF75A
:109E6000BBF9012808D0A06B794B0365FFF7E3F835
:109E700010B1A06B036D9847638D9BB213B3236839
:109E80005A69510709D51A69636A1A70636A0133FE
:109E90006362638D013B9BB2638523685A695206F6
:109EA00009D51A69636A1A70636A01336362638D44
:109EB000013B9BB26385638D9BB21BB1236C43F066
:109EC00004032364236C13B320460FB0BDE8F040B5
:109ED000FFF7D6BB606B0268526892B26285628DF2
:109EE00092B21AB1226C42F0040222645A6822F43F
:109EF00000625A60FFF770F90128BDD0606B544BC7
:109F00000365FFF798F80028B6D0606BB2E72A2DFA
:109F100006D12363282384F83D302046FFF7F7FA63
:109F200094F83D30282B0CD14A4BE36220220023C9
:109F30002363204684F83D2084F83E30FFF7E9FA99
:109F400062E4236B222B02D0222D7FF45DAC002330
:109F50002022236384F83D2084F83E302046FFF71A
:109F6000D6FA51E401F0F701212900F0040535D1BA
:109F7000070627D5560525D53DBB94F83D00628DD3
:109F800092B2C0B2002A3FF43FAC626A12F8015BA1
:109F90001D616262628D013A92B26285628D92B2F7
:109FA000002A7FF431AC29287FF42EAC5A6822F4C1
:109FB00080625A6028232163204684F83D30FFF7F1
:109FC000A5FA21E4002D3FF41FAC95057FF51CACEC
:109FD000628D92B2002A3FF417ACB3E5400627D554
:109FE000510525D53DBB94F83D20618D89B2D2B293
:109FF00000293FF409AC1969636A1970636A013377
:10A000006362638D013B9BB26385638D9BB2002BC2
:10A010007FF4FAAB2A2A7FF4F7AB2268536823F463
:10A020008063536022232363282384F83D3095E71F
:10A03000002D3FF4E9AB92057FF5E6AB628D92B25D
:10A04000002A3FF4E1AB1A69636A1A7047E600BF61
:10A05000C19500080000FFFFF8B503685F695E68FE
:10A0600090F83E2017F480750446D2B206D016F45C
:10A0700080751EBF6FF4807159610125B80506D542
:10A08000F10542BF6FF4007145F002055961780592
:10A0900036D5F10534D5608D94F83D10D4F830C034
:10A0A000202A80B2C9B25BD1002859D101F0F70053
:10A0B000212804D0282953D1BCF1210F50D194F884
:10A0C0003D20E16A0829D2B201D020292AD1282ACC
:10A0D00028D12C4AE2625A6822F4E0625A606FF496
:10A0E00080625A611A6822F480621A60002320227A
:10A0F0002363204684F83D2084F83E30FFF709FAB8
:10A100003A053BD5F30539D523686FF4006245F075
:10A1100008055A61236C1D4325642046BDE8F840BC
:10A12000FFF7AEBA212A17D11649E1622263202235
:10A1300084F83D20002284F83E205A6822F4E06230
:10A140005A606FF480625A611A6822F480621A6061
:10A150002046FFF7DBF9D3E76FF480625A61CFE75F
:10A160006FF48061102A596145F0040501D0402A3E
:10A17000C6D11A6842F400721A60C1E7002DC9D135
:10A18000F8BD00BF0000FFFF2DE9F341044640B3D6
:10A190000368DE0710D423689D075BD42368190782
:10A1A00000F19D8023685A0700F1BD80A369002B50
:10A1B00040F0248100202CE08D4B9A6802F00C02C4
:10A1C000042A07D09A6802F00C02082A0BD15B68B7
:10A1D000590208D5864B1B689A03DCD56368002BAF
:10A1E000D9D1012015E06368814DB3F5803F13D1CB
:10A1F0002B6843F480332B60FEF7F0FB7C4E054662
:10A2000033689B03C7D4FEF7E9FB401B6428F7D9EA
:10A21000032002B0BDE8F081B3F5A02F04D12B6874
:10A2200043F480232B60E3E72A6822F480322A601B
:10A230002A6822F480222A60002BDDD1FEF7CEFBB3
:10A2400006462B689F03A6D5FEF7C8FB801B642833
:10A25000F7D9DDE7664B9A6812F00C0F07D09A68C1
:10A2600002F00C02082A11D15B685D020ED4604A2C
:10A270001368990702D5E368012BB2D113682169ED
:10A2800023F0F80343EAC103136087E7E268594B00
:10A29000B2B101221A60FEF7A1FB554D06462B68AC
:10A2A0009B0707D52B68226923F0F80343EAC20312
:10A2B0002B6073E7FEF792FB801B0228EFD9A7E71C
:10A2C0001A60FEF78BFB4A4E054633689F077FF501
:10A2D00065AFFEF783FB401B0228F6D998E7626959
:10A2E000444B82B10122C3F8802EFEF777FB404E2B
:10A2F0000546736F9B073FF555AFFEF76FFB401B9D
:10A300000228F6D984E7C3F8802EFEF767FB384EA3
:10A310000546736F9F077FF545AFFEF75FFB401B58
:10A320000228F6D974E7324B1A6C12F0805228D109
:10A3300001921A6C42F080521A641B6C03F0805335
:10A340000193019B01272C4D2B68D8051BD5A368D1
:10A35000274D012B27D12B6F43F001032B67FEF70D
:10A360003DFB234E054641F28838336F9A0739D5B5
:10A37000002F3FF41BAF1E4A136C23F0805313646D
:10A3800014E70027DFE72B6843F480732B60FEF7A8
:10A3900025FB06462B68D905D9D4FEF71FFB801B89
:10A3A0000228F7D934E7052B04D12B6F43F00403BF
:10A3B0002B67D0E72A6F22F001022A672A6F22F06A
:10A3C00004022A67002BCAD1FEF708FB41F2883845
:10A3D00006462B6F9B07CBD5FEF700FB801B404545
:10A3E000F7D915E7FEF7FAFA401B4045BDD90FE74C
:10A3F000003802400000474200700040374DAA6814
:10A4000002F00C02082A3ED0022B354B4FF000021E
:10A410001A662BD1FEF7E2FA06462B6899011FD483
:10A42000D4E907321343626A43EA8213E26A43EAD9
:10A430000263A26A5208013A43EA02436B60284B66
:10A44000264D01221A66FEF7C9FA04462B689A01C6
:10A450003FF5B0AEFEF7C2FA001B0228F6D9D7E6E8
:10A46000FEF7BCFA801B0228D7D9D1E6FEF7B6FA70
:10A4700004462B689B017FF59DAEFEF7AFFA001BEB
:10A480000228F6D9C4E6012B3FF4ABAE6B68E26953
:10A4900003F4800191427FF4A4AE216A03F03F02ED
:10A4A0008A427FF49EAE616A47F6C0721A40B2EBF0
:10A4B000811F7FF496AEA26A520803F44031013A3C
:10A4C000B1EB024F7FF48DAEE26A03F07063B3EB41
:10A4D000026F14BF012000209BE600BF003802403D
:10A4E00000004742134908B58B6803F00C03042BA6
:10A4F0001CD0082B1CD14A684B68496813F48003B0
:10A5000014BF0D480D48C1F3881118BF002302F095
:10A510003F02A1FB0001F6F7EDFC064B5B68C3F3BD
:10A52000014301335B00B0FBF3F008BD0248FCE7D8
:10A530000248FAE70038024000127A000024F400D2
:10A540002DE9F0410D46044610B90120BDE8F08127
:10A55000434B1A6802F007028A4228D321688F070A
:10A560002DD4C80740D43E4B1A6802F00702AA4215
:10A5700065D8226851076BD4130707D5394A21697A
:10A58000936823F4604343EAC1039360FFF7AAFF93
:10A59000344B354A9B68C3F30313D35CD840334B29
:10A5A0001860334B1868FEF7E3F80020CEE7CAB214
:10A5B0001A701B6803F007038B42C6D1CEE7294B04
:10A5C00011F0040F1EBF9A6842F4E0529A600E0721
:10A5D00042BF9A6842F460429A609A68A06822F08A
:10A5E000F00202439A60BCE762681E4B012A1CD14C
:10A5F0001B6813F4003FA8D01A4EB36823F003037E
:10A600001343B360FEF7EAF941F288380746B368AE
:10A61000626803F00C03B3EB820FA4D0FEF7DEF9FF
:10A62000C01B4045F3D9032090E7911E01291B6808
:10A6300002D813F0007FDEE713F0020FDBE7EAB287
:10A640001A701B6803F00703AB427FF47EAF90E7FC
:10A650000449E0688B6823F4E05303438B608BE785
:10A66000003C02400038024064380108000000202D
:10A6700008000020044B054A9B68C3F38223D35C87
:10A68000034A1068D8407047003802405C3801081F
:10A6900000000020044B054A9B68C3F34233D35C9F
:10A6A000034A1068D8407047003802405C380108FF
:10A6B000000000200F2303600B4B9A6802F0030296
:10A6C00042609A6802F0F00282609A6802F4E052F6
:10A6D000C2609B68DB0803F4E0530361034B1B6813
:10A6E00003F007030B60704700380240003C024053
:10A6F00082B000230093134B45F6C0521B68B3FB96
:10A70000F2F36422534301930368019A9AB9426DAC
:10A7100042F0400242651A6822F040021A605A680C
:10A7200022F0E0025A60DB680093009B072380F868
:10A73000513002B07047019A013A01929A6892072B
:10A74000E3D5E8E70000002003685A6822F08002A1
:10A750005A601A6822F040021A60072380F85130CC
:10A76000704700002DE9F3411C4616460F4605468A
:10A77000FEF734F93444241AFEF730F9244B1B68F1
:10A78000C3F3CB336343804601932A68936837EA67
:10A79000030301D000202EE0731CF7D0FEF71EF952
:10A7A000A0EB0800A04229D32B685A6822F0E002EF
:10A7B0005A606A68B2F5827F0AD1AA68B2F5004F82
:10A7C00002D0B2F5806F03D11A6822F040021A60FD
:10A7D000AA6AB2F5005F07D11A6822F400521A6023
:10A7E0001A6842F400521A60012385F851300023A0
:10A7F00085F85030032002B0BDE8F081019A019B3A
:10A80000002A03F1FF33019308BF1446BDE700BFE0
:10A810000000002038B513464268B2F5827F044636
:10A8200006D00A460121FFF79DFFB8B9002038BDC8
:10A830008268B2F5004F02D0B2F5806F07D125686B
:10A840002868B2F5806F20F04000286003D00A46E7
:10A8500080212046E7E70A460121FAE7636D43F0CD
:10A86000200363650320E2E737B51346124A1568F3
:10A87000124AB5FBF2F54FF47A72554342680195DE
:10A88000B2F5827F04460BD10A468021FFF76AFFAA
:10A8900078B1636D43F020036365032003B030BDDE
:10A8A000019B33B1019B013B019323689B681B060D
:10A8B000F6D40020F2E700BF0000002000366E0151
:10A8C00010B50446002855D0436A002B4ED142688B
:10A8D000B2F5827F00D0C3610023A36294F85130A7
:10A8E00003F0FF0223B984F850202046FDF720FD35
:10A8F0002168A068A269022384F851300B6823F014
:10A9000040030B60636800F4044003F48273034364
:10A91000E06800F400600343206900F00200034394
:10A92000606900F00100034302F400700343E06932
:10A9300000F038000343206A00F080000343A06A5F
:10A9400000F4005003430B60636A120C03F0100321
:10A9500002F004021A434A60CB6923F40063CB611E
:10A9600000200123606584F8513010BD0023C0E948
:10A970000433B1E70120F8E72DE9F7431F4690F8CB
:10A980005030012B04460D46904600F0A080012374
:10A9900080F85030FEF722F894F85130012B8146B0
:10A9A000D8B240F09280002D61D0B8F1000F5ED097
:10A9B000032384F8513000236365C4E91033A4F8FD
:10A9C0003680A363A387E387A36826682563B3F56E
:10A9D000004FA4F8348007D1336823F0400333607C
:10A9E000336843F4804333603368E2685B065EBFDC
:10A9F000336843F040033360B2F5006F63683FD1C2
:10AA000013B1B8F1010F07D135F8023BF3602563AC
:10AA1000E38E013B9BB2E386E38E9BB2A3B94A4629
:10AA200039462046FFF720FF00284BD1A36833B9F1
:10AA300001932368DA6801929B680193019B606D22
:10AA4000003818BF012012E022689368980705D5E6
:10AA5000236B33F8021BD1602363D9E7FDF7BEFFF8
:10AA6000A0EB0900B842D7D3791CD5D0032001232D
:10AA700084F85130002384F8503003B0BDE8F083EF
:10AA800013B1B8F1010F08D12B783373236B013365
:10AA90002363E38E013B9BB2E386E38E9BB2002BE4
:10AAA000BDD023689A68920703D5226B12781A7377
:10AAB000ECE7FDF793FFA0EB0900B842EDD37B1C58
:10AAC000EBD0D3E720236365B0E70220CFE7022075
:10AAD000D3E72DE9F7431E4690F85030DDF8288083
:10AAE000012B04460D46914600F0E180012380F8D9
:10AAF0005030FDF773FF94F851306268012B074620
:10AB0000D9B20AD0B2F5827F40F0CF80A368002B83
:10AB100040F0CB80042940F0C88015B1B9F1000F96
:10AB200009D10120012384F85130002384F85030EA
:10AB300003B0BDE8F083002EF3D094F85130C4F890
:10AB40003890042B1CBF052384F851300023636523
:10AB5000C4E910332368E687E6861968A6874906A4
:10AB600058BF1968256358BF41F04001A68658BFF9
:10AB70001960E168B1F5006F48D10AB1012E07D123
:10AB800035F8022BDA60E38E2563013B9BB2E38646
:10AB90000125E38E9BB263B9E38F9BB24BB93A4672
:10ABA00041462046FFF760FE002872D020236365EF
:10ABB000B7E721688B689A070DD5E38E9BB253B136
:10ABC00045B1236B33F8022BCA602363E38E013B4C
:10ABD0009BB2E38600258A6812F001020CD0E38F55
:10ABE0009BB24BB1A36BC96823F8021BA363E38F2D
:10ABF000013B9BB2E3871546FDF7F0FEC01B4045C5
:10AC0000C7D3B8F1FF3FC4D003208BE70AB1012EB0
:10AC100008D12A781A73236B01332363E38E013B37
:10AC20009BB2E3860125E38E9BB21BB9E38F9BB2F7
:10AC3000002BB4D0226893689B070ED5E38E9BB29D
:10AC40005BB14DB1236B1B781373236B013323630B
:10AC5000E38E013B9BB2E38600252268916811F0E8
:10AC600001010DD0E38F9BB253B1A36BD2681A7070
:10AC7000A36B0133A363E38F013B9BB2E3870D46D4
:10AC8000FDF7ACFEC01B4045CDD3B8F1FF3FCAD0A5
:10AC9000BAE7A368002B7FF445AF23680190DA6818
:10ACA00001929B680193019B3CE702203AE7022056
:10ACB0003EE72DE9F7431D464368B3F5827F04461E
:10ACC000894617460CD1836853B9042380F8513064
:10ACD000134600950A46FFF7FCFE03B0BDE8F0837B
:10ACE00094F85030012B7FD0012384F85030FDF7C9
:10ACF00075FE94F85130012B8046D8B272D1B9F16B
:10AD0000000F5CD0002F5AD0A268C4F838900026FB
:10AD10000423B2F5004F84F85130C4E9106666652B
:10AD20002368E787A7872663A686E68607D11A6881
:10AD300022F040021A601A6822F480421A601A68EF
:10AD400056065EBF1A6842F040021A60E368F3B12B
:10AD5000E38F9BB2FBB123689A68D20736D5DA68D5
:10AD6000A36B23F8022BA363E38F013B9BB2E38722
:10AD7000EEE723689A68D00718D5A26B1B7B137087
:10AD8000A36B0133A363E38F013B9BB2E387E38FA4
:10AD90009BB2002BEDD1424629462046FFF73AFDF3
:10ADA000E8B9606D003818BF012008E0FDF716FE15
:10ADB000A0EB0800A842EAD3691CE8D003200123D5
:10ADC00084F85130002384F8503086E7FDF706FE02
:10ADD000A0EB0800A842BBD36B1CB9D0EEE7202340
:10ADE0006365DEE70220EAE7022076E738B504462D
:10ADF00090F85000012870D0012084F8500094F899
:10AE000051000128C5B208D06068B0F5827F62D1D8
:10AE1000A06800285FD1042D5DD1002933D0002A1D
:10AE200031D0002B2FD094F85100A38604281CBFEA
:10AE3000052084F8510000206065E386E387A3873E
:10AE400094F851302163042BC4E9100018BF244941
:10AE5000E06C12BF234B2449244BA263C0E90F319D
:10AE6000234BC364002321680365E38F0C319BB23D
:10AE7000FEF76AF8034658B1636D43F0100363654B
:10AE8000012384F851300120002384F8503038BD6C
:10AE90002268A06C516841F001015160C0E90F3394
:10AEA000C0E91333E38E216B9BB20C32FEF74CF8F2
:10AEB0000028E1D123681A6852065EBF1A6842F082
:10AEC00040021A605A6842F020025A605A6842F002
:10AED00002025A60D8E70220D6E70220D7E700BF77
:10AEE00029B00008BBB000081DB0000855B000082C
:10AEF00033B000081FB5454B45F6C0521B68B3FB85
:10AF0000F2F3642253430193019B009303685A6850
:10AF100022F020025A605A68110604460AD53C4ABB
:10AF20004264009A002A59D1626D42F04002626583
:10AF3000019A00925A6852060AD5364A2264009A4B
:10AF4000002A53D1626D42F040026265019A00927C
:10AF50005A68900714D5A06C90B100230365FEF7E2
:10AF60002CF808B14023636523685A6822F0020276
:10AF70005A60009A002A41D1626D42F04002626537
:10AF80005A68D20711D5E06C78B100230365FEF74B
:10AF900014F808B14023636523681A6822F0400260
:10AFA0001A605A6822F001025A600022E287E286A3
:10AFB000616D402918BF62650292D9680291996853
:10AFC0000291029903929B680393039B14BF10465E
:10AFD0000120012384F8513004B010BD009A013AD9
:10AFE000009294F85120072A9BD1A1E7009A013AD8
:10AFF000009294F85120072AA1D1A7E7009A013ABC
:10B0000000929A689107B4D5BAE700BF000000200B
:10B0100049A70008F1A600087047704708B5806B83
:10B02000FFF7FBFF08BD704708B5806BFFF7FBFF1C
:10B0300008BD806B026808B5536823F003035360B2
:10B04000436D43F010034365012380F85130F6F758
:10B0500091F908BD38B50546846BFDF7BFFC2B6838
:10B060001B68DB05024624D42368596821F02001BF
:10B070005960A168C9B96168B1F5827F15D1596875
:10B0800021F00301596020466421FFF7C3FB08B19A
:10B09000202363650023E387012384F85130636D27
:10B0A0003BB12046F6F766F938BD596821F0010139
:10B0B000E8E72046FFF7B0FFF6E738B50546846BB2
:10B0C000FDF78CFC2B681B68DB0502461ED421684B
:10B0D0004B6823F020034B6020466421FFF7C4FB3C
:10B0E00018B1636D43F0200363652268536823F051
:10B0F000030353600023E386E387012384F8513080
:10B10000636D1BB12046F6F735F938BD2046F6F7DA
:10B1100017F9FAE7F0B503685D689A68560685B0D6
:10B1200004464FEA9211C2F3801708D4D60706D519
:10B130006E0604D5036C05B0BDE8F04018479607CD
:10B1400004D5280602D5636C2046F4E741EA521183
:10B1500002F4807001F0010101434FEA521657D00A
:10B16000AA0655D57FB194F85120032A4FF000016B
:10B1700048D0626D42F0040262650091DA68009284
:10B180009A680092009AF1070CD5626D42F00102B4
:10B190006265002202929A6802921A6822F04002C6
:10B1A0001A60029A40B1626D42F0080262650022A4
:10B1B00003929A680392039A626D4AB35A6822F026
:10B1C000E0025A60012284F85120AA0722D05A686E
:10B1D000E06C22F003025A6040B1104B0365FDF7AA
:10B1E0002AFF18B1636D43F040036365A06C78B12A
:10B1F0000A4B0365FDF71FFF50B1636D43F0400339
:10B20000636505E00191DA6801929B680193019BF7
:10B2100005B0F0BD2046F6F7ADF8F9E721B2000819
:10B2200008B5806B0023C387C386F6F7A3F808BD73
:10B23000036A23F0010370B50362036A44688269FC
:10B240000D6822F073022A438D6823F002032B431A
:10B250000C4DA84203D005F58065A8420BD1CD68FE
:10B2600023F008032B43D1E9055624F440743543F9
:10B2700023F004032C43446082614A684263036202
:10B2800070BD00BF00000140036A23F4807370B5F5
:10B290000362036A4468C2690D6822F073022A439C
:10B2A0008D6823F4007343EA05230D4DA84203D0B3
:10B2B00005F58065A8420DD1CD6823F4006343EA0B
:10B2C0000523D1E9055624F44054354323F4806323
:10B2D00044EA05144460C2614A68C263036270BDF7
:10B2E00000000140036A23F4805330B50362036A0F
:10B2F0004468C2690D6822F4E64242EA05228D687C
:10B3000023F4005343EA0533084DA84203D005F562
:10B310008065A84204D14D6924F4804444EA851430
:10B320004460C2614A680264036230BD00000140AB
:10B3300090F83D30012B30D1022380F83D30036876
:10B34000DA6842F00102DA60154A93421AD0B3F18A
:10B35000804F17D0A2F57C42934213D002F5806251
:10B3600093420FD002F5806293420BD002F57842EF
:10B37000934207D002F57052934203D0A2F5943263
:10B38000934204D19A6802F00702062A03D01A6891
:10B3900042F001021A60002070470120704700BF90
:10B3A000000001407047704770477047704703685E
:10B3B0001A69910710B504460ED5DA6892070BD5C5
:10B3C0006FF002021A61012202779B699B0777D016
:10B3D000FFF7EAFF0023237723681A69500710D587
:10B3E000DA6851070DD56FF004021A610222227744
:10B3F0009B6913F4407F204668D0FFF7D5FF0023F8
:10B40000237723681A6912070FD5DA6810070CD55D
:10B410006FF008021A6104222277DB69990720463F
:10B420005AD0FFF7C1FF0023237723681A69D20699
:10B4300010D5DA68D0060DD56FF010021A61082217
:10B440002277DB6913F4407F20464BD0FFF7ACFF37
:10B450000023237723681A69D10708D5DA68D20751
:10B4600005D56FF001021A612046F7F7ABFD23689E
:10B470001A69100608D5DA68110605D56FF0800242
:10B480001A61204600F0CDFB23681A69520608D5E0
:10B49000DA68500605D56FF040021A612046FFF7C2
:10B4A00085FF23681A69910622D5DA6892061FD5AE
:10B4B0006FF0200220461A61BDE8104000F0B0BBDA
:10B4C000FFF771FF2046FFF770FF83E7FFF76BFF81
:10B4D0002046FFF76AFF92E7FFF765FF2046FFF778
:10B4E00064FFA0E7FFF75FFF2046FFF75EFFAFE7CF
:10B4F00010BD0000254A0368904212D0B0F1804F81
:10B500000FD0A2F57C4290420BD002F580629042AF
:10B5100007D002F58062904203D002F57842904253
:10B5200008D14A6823F070031343CA6823F44073B8
:10B53000134316E0164A9042F7D002F5806290421B
:10B54000F3D002F580629042EFD0A2F5983290429B
:10B55000EBD002F580629042E7D002F58062904223
:10B56000E3D04A6923F08003134303608B68C3620E
:10B570000B688362054B984203D003F580639842C1
:10B5800001D10B690363012343617047000001404F
:10B590000040014010B5044630B390F83D3003F050
:10B5A000FF021BB980F83C20FCF740FF0223206813
:10B5B00084F83D30211DFFF79DFF012384F84630BC
:10B5C000002084F83E3084F83F3084F8403084F81E
:10B5D000413084F8423084F8433084F8443084F8B1
:10B5E000453084F83D3010BD0120FCE710B504461D
:10B5F00030B390F83D3003F0FF021BB980F83C20D7
:10B60000FCF764FF0223206884F83D30211DFFF71A
:10B6100071FF012384F84630002084F83E3084F81E
:10B620003F3084F8403084F8413084F8423084F868
:10B63000433084F8443084F8453084F83D3010BD00
:10B640000120FCE710B5044630B390F83D3003F01C
:10B65000FF021BB980F83C20FFF7A4FE02232068FC
:10B6600084F83D30211DFFF745FF012384F8463063
:10B67000002084F83E3084F83F3084F8403084F86D
:10B68000413084F8423084F8433084F8443084F800
:10B69000453084F83D3010BD0120FCE7036A23F0FB
:10B6A000100370B50362036A446882690D6822F46E
:10B6B000E64242EA05228D6823F0200343EA05139F
:10B6C0000D4DA84203D005F58065A8420DD1CD6887
:10B6D00023F0800343EA0513D1E9055624F44064BE
:10B6E000354323F0400344EA8504446082614A689C
:10B6F0008263036270BD00BF0000014038B590F85E
:10B700003C30012B04464FD00120082A84F83C002D
:10B710003AD006D8BAB1042A26D0002384F83C30A7
:10B7200038BD0C2AF9D12068FFF7DCFDC3690A692E
:10B7300043F40063C361C36923F48063C361C369D5
:10B7400043EA02232EE02068FFF772FD83690A694D
:10B7500043F008038361836923F0040383618369F1
:10B76000134383610020D8E72068FFF797FF8369C0
:10B770000A6943F400638361836923F4806383610E
:10B78000836943EA0223ECE72068FFF77DFDC36984
:10B790000A6943F00803C361C36923F00403C3616A
:10B7A000C3691343C361DDE70220B9E770B5046ADA
:10B7B000194E24F001040462B0428469056A26D05F
:10B7C000B0F1804F23D0A6F57C46B0421FD006F5DD
:10B7D0008066B0421BD006F58066B04217D006F5F1
:10B7E0007846B04213D006F57056B0420FD0A6F599
:10B7F0009436B0420BD044F0010263F3071201F01B
:10B800000A0125F00A0319438261016270BD24F028
:10B8100003042243F1E700BF00000140F8B590F8AF
:10B820003C30012B05460C4600F082800120082A9E
:10B8300085F83C005CD006D842B3042A36D00023F9
:10B8400085F83C30F8BD0C2AF9D12B68CE68D1E9D7
:10B850000027196A21F480511962D969186A21F404
:10B860004071120341EA072120F4204002F42042F3
:10B8700066F30F310243D9611A62DA69A16822F4D2
:10B880004062DA61DA6942EA01224FE02868CB6857
:10B89000D1E90012FFF78AFF8369A26823F00C0345
:10B8A00083618369134383610020C8E72B68CE68F6
:10B8B000D1E90027196A21F0100119629969186A03
:10B8C00021F44071120141EA072120F0A00002F0AA
:10B8D000A00266F30F31024399611A629A69A16866
:10B8E00022F440629A619A6942EA01229A61DBE796
:10B8F0002B68E768186A20F48070D1E9002118628B
:10B90000DE69186A26F003061202314320F4206033
:10B9100002F4206267F307110243D9611A62DA69FF
:10B92000A16822F00C02DA61DA690A43DA61BBE746
:10B93000022087E710B584680A4324F47F4442EA72
:10B9400003222243826010BD38B590F83C30012BB1
:10B9500004464FF0020000F08E8084F83D00012282
:10B96000206884F83C20836823F47F4323F0770326
:10B9700083600B68602B4FD032D8402B64D016D830
:10B98000202B0DD00AD833F0100109D0012384F800
:10B990003D30002384F83C30104638BD302BF5D1C3
:10B9A000826822F07002134343F0070328E0502B13
:10B9B000ECD14A68CD68016A036A23F0010303628F
:10B9C000836921F00A0123F0F00343EA05130A43D7
:10B9D00083610262836823F0700343F057030FE032
:10B9E000B3F5805F0DD0B3F5005F0CD0702BCDD1D7
:10B9F000CB68D1E90121FFF79DFF836843F077030E
:10BA000083600022C2E7CB68D1E90121FFF792FFF2
:10BA1000836843F48043F3E7036A4D68C96823F001
:10BA2000100303628269036A22F4704223F0A003C8
:10BA300043EA051342EA013282610362836823F01C
:10BA4000700343F06703DBE74A68CD68016A036A65
:10BA500023F001030362836921F00A0123F0F0035C
:10BA600043EA05130A4383610262836823F070038B
:10BA700043F04703C4E702468EE7036A10B501F0BE
:10BA80001F0101248C4023EA04030362036A8A40F5
:10BA90001A43026210BD000008B529B990F83E3083
:10BAA000012B1FD0012035E0042907D190F83F3049
:10BAB000012BF7D1022380F83F3016E008290CBF94
:10BAC00090F8403090F84130013B18BF0123002B23
:10BAD000E8D108294FF002030CBF80F8403080F80D
:10BAE000413002E0022380F83E3000680122FFF777
:10BAF000C4FF164B984203D003F5806398420AD1E5
:10BB0000436C43F400434364836803F00703062B4C
:10BB100017D1002008BDB0F1804FF5D00C4B9842F2
:10BB2000F2D003F580639842EED003F5806398422B
:10BB3000EAD003F59A339842E6D0A3F594339842BD
:10BB4000E2D0036843F001030360E2E70000014034
:10BB500000040040FFF7A0BF30B590F83C30012B47
:10BB600002464FF0020032D0136882F83D005C6854
:10BB70000D68986824F070042C435C60144CA34258
:10BB80001AD0B3F1804F17D0A4F57C44A34213D050
:10BB900004F58064A3420FD004F58064A3420BD067
:10BBA00004F57844A34207D004F57054A34203D0AF
:10BBB000A4F59434A34204D1496820F080000143E5
:10BBC00099600123002082F83D3082F83C0030BDAE
:10BBD0000000014090F83C30012B02461ED0CB689B
:10BBE000886823F440730343486823F48063034365
:10BBF000086823F400630343086923F48053034374
:10BC00004869C96923F40053034323F480430B4379
:10BC1000116800204B6482F83C0070470220704796
:10BC200070477047026802F10C0353E8003F23F4A9
:10BC300090730C3242E8003102680029F2D102F11F
:10BC4000140353E8003F23F0010302F1140C4CE805
:10BC500000310029F3D1036B012B0BD102F10C034E
:10BC600053E8003F23F0100302F10C0C4CE80031C4
:10BC70000029F3D1202380F83E300023036370476E
:10BC80000268C16838B5136923F440530B4313614C
:10BC9000054683680069D168034368690343E8691E
:10BCA00021F4164121F00C0103430B43D360536987
:10BCB000A96923F440730B4353611F4B9A4203D08D
:10BCC00003F580639A4224D1FEF7E4FCEA69192166
:10BCD000B2F5004FD5E90043A0FB01011CD1DA18F1
:10BCE0004FF0000545EB0503F5F704F96422B0FBBE
:10BCF000F2F102FB1103DB003233B3FBF2F303F08A
:10BD000007025B0002EB011203F4F8731344A36013
:10BD100038BDFEF7AFFCD9E79A009B0FF5F7EAF8BC
:10BD20006422B0FBF2F102FB11031B013233B3FBBF
:10BD3000F2F303EB0113EAE700100140F8B5044603
:10BD40000E4617461D462268136836EA030301D1E2
:10BD5000002028E06B1CF7D025B1FCF73FFEC01B8C
:10BD60008542F0D2226802F10C0353E8003F23F42D
:10BD7000D0730C3242E8003021680028F2D101F182
:10BD8000140353E8003F23F0010301F1140040E8DD
:10BD90000032002AF3D1202384F83D3084F83C207F
:10BDA00084F83E300320F8BD10B5044640B390F847
:10BDB0003D3003F0FF021BB980F83C20FCF7EEFB9E
:10BDC0002268242384F83D30D36823F40053D360E1
:10BDD0002046FFF755FF23681A6922F490421A6142
:10BDE0005A6922F02A025A61DA6842F40052DA6093
:10BDF00000202023206484F83D3084F83E3010BDBC
:10BE00000120FCE72DE9F843984690F83D30202BBF
:10BE100004460E46174648D1002944D0002A42D095
:10BE200090F83C30012B40D0012380F83C300025B5
:10BE30002123056480F83D30FCF7D0FDA368A7847A
:10BE4000B3F5805F8146E78403D123690BB935469A
:10BE50001E46002384F83C30E38C9BB253B9434622
:10BE60004A4640212046FFF769FF50B9202384F855
:10BE70003D3007E043464A4680212046FFF75EFFFB
:10BE800010B10320BDE8F88322684EB935F8023BB3
:10BE9000C3F308035360E18C013989B2E184DBE725
:10BEA00016F8013BF6E70120ECE70220EAE77047CD
:10BEB0007047704708B5806B0023C385C384FFF7C4
:10BEC000F8FF08BD704790F83E30222B07B541D1EE
:10BED00081680268836AB1F5805F3DD101690029FC
:10BEE0003DD15268C2F3080223F8022B8362C38D4E
:10BEF000013B9BB2C385002B2CD10268D16821F095
:10BF00002001D160D16821F48071D160516921F0A4
:10BF100001015161202280F83E20026B012A026853
:10BF200027D1036302F10C0353E8003F23F0100311
:10BF300002F10C0C4CE800310029F3D11368DB0648
:10BF400005D501911368019353680193019B818D7D
:10BF5000FFF7B8FF03B000BD39B9016929B95268CC
:10BF6000D2B21A70836A0133C0E7526802F07F02CE
:10BF7000F7E7FFF79DFFEDE703681A6873B516074B
:10BF8000D9685D69044608D1960668D58D0666D5E0
:10BF900002B0BDE87040FFF796BF05F0010001F464
:10BFA000907505435BD0D60705D5CD0542BF236C00
:10BFB00043F001032364530704D518B1236C43F005
:10BFC00002032364960704D518B1236C43F00403DD
:10BFD0002364150707D501F0200303431EBF236C1C
:10BFE00043F008032364236C002B32D0920604D55F
:10BFF0008B0602D52046FFF766FF26687369226C20
:10C0000003F0400302F0080253EA0205204622D062
:10C01000FFF708FE73695E0618D5226802F1140363
:10C0200053E8003F23F04003143242E80031002976
:10C03000F3D1A06B50B1724B0365FCF7FCFF40B12C
:10C04000A06B036D02B0BDE8704018472046FFF7B3
:10C0500030FF02B070BDFFF72CFF2564F9E7206BBD
:10C06000012840F09180D50640F18E80C80640F14D
:10C070008B80002201921A6801925A680192019AFB
:10C080005A6952064CD5A16B0A68526892B2002ACE
:10C09000DFD0A08D9042DCD9E285CA69B2F5807FFD
:10C0A00036D003F10C0252E8002F22F4807203F123
:10C0B0000C0040E800210029F3D103F1140252E8FA
:10C0C000002F22F0010203F1140040E800210029B2
:10C0D000F3D103F1140252E8002F22F0400203F1E1
:10C0E000140040E800210029F3D1202284F83E20EA
:10C0F000216303F10C0252E8002F22F0100203F139
:10C100000C0040E800210029F3D1A06BFCF755FF9B
:10C11000E38DA18DC91A89B22046FFF7D3FE98E7B7
:10C12000E28DE18D89B292B2002992D0A18D891A57
:10C1300089B200298DD003F10C0252E8002F22F4BD
:10C14000907203F10C0545E800200028F3D103F1BB
:10C15000140252E8002F22F0010203F1140545E811
:10C1600000200028F3D1202284F83E20206303F130
:10C170000C0252E8002F22F0100203F10C0545E8F2
:10C1800000200028F3D1C7E7160628D50D0626D5CE
:10C1900094F83D20212A7FF45CAFA168226AB1F5B2
:10C1A000805F17D12169A9B932F8021BC1F30801D8
:10C1B00059602262E28C013A92B2E284002A7FF452
:10C1C00048AFDA6822F08002DA60DA6842F04002B2
:10C1D000DA603EE7511C216212785A60EAE75006A5
:10C1E0007FF537AF4A067FF534AFDA6822F04002B8
:10C1F000DA60202384F83D302046FFF758FE28E718
:10C20000B5BE000808B54FF0E0231B6901F02AFA1B
:10C21000012803D0BDE8084001F02CBD08BD000096
:10C22000EFF305832BB9064B186828B901221A6071
:10C2300070476FF0050070474FF0FF30704700BF48
:10C24000F852002010B5EFF305845CB9084B1A686A
:10C25000012A0AD1074AD47702221A6000F0FAFEB6
:10C26000204610BD6FF00500FBE74FF0FF30F8E708
:10C27000F852002000ED00E0EFF305830BB100F071
:10C2800047BF00F03FBFF0B587B0144600220B4611
:10C290000592EFF30582FAB9F0B15CB3A56925B157
:10C2A000691E372902D9002017E018256268D207D5
:10C2B000F9D466699EB1B208D4E9027C21688FB1D5
:10C2C000BCF1A70F08D9246934B12EB1CDE90147DB
:10C2D000009500F059FE0590059807B0F0BD4FF4A9
:10C2E0000072E9E7BCF1000FF6D12469002CF3D10C
:10C2F0000C4602E018254FF4007205A9CDE9005163
:10C3000092B2214600F078FE01281CBF002305935D
:10C31000E2E708B5EFF3058222B908B101F054F85D
:10C32000002008BD6FF00500FBE737B50546EFF3C9
:10C3300005845CB900F0E6FE291A0029019008DDA9
:10C3400001A800F0F7FF204603B030BD6FF00500F4
:10C35000FAE76FF00300F7E738B50546EFF3058419
:10C360003CB948B100F04CFC284600F061FC204686
:10C3700038BD6FF00500FBE76FF00300F8E7F7B595
:10C3800005460E461446EFF305871FB100252846E3
:10C3900003B0F0BD0028F9D00029F7D0DAB1D2E916
:10C3A000023283B14F2AF1D92269002AEED06669A0
:10C3B0004D43AE42EAD3009700F0A0F905460028AD
:10C3C000E4D0246811E0002AE0D12369002BDDD1FC
:10C3D0006369002BDAD128460022314600F0DCF9EF
:10C3E00005460028D2D0002CEBD12146284600F08B
:10C3F000F5FBCCE773B51C46EFF30586DEB138B329
:10C4000031B32BBB01AA019300F09FFA012803D09E
:10C410006FF0020002B070BD019B0BB90020F9E77C
:10C420004FF0E0234FF08052C3F8042DBFF34F8F3D
:10C43000BFF36F8FF2E758B151B13346224600F097
:10C44000D2F90128EAD0002CE2D06FF00100E1E738
:10C450006FF00300DEE737B51C46EFF30583DBB171
:10C4600030B329B324BB01AA019400F06AFB012870
:10C4700003D06FF0020003B030BD019B0BB9002068
:10C48000F9E74FF0E0234FF08052C3F8042DBFF3DB
:10C490004F8FBFF36F8FF2E750B149B1224600F0E2
:10C4A000B1FA0128EBD0002CE3D06FF00100E2E7F5
:10C4B0006FF00300DFE7FFF74FBF0000034B03609F
:10C4C000034B0B604FF40073136070475052002011
:10C4D000504A0020034B0360034B0B604FF4806312
:10C4E00013607047A8490020A839002000F1080314
:10C4F0004FF0FF32C0E90223436003610023036071
:10C50000704700230361704743684B609A688A60F4
:10C51000516099600368086101330360704730B56A
:10C520000C68631C0AD103695A684A6091608B6089
:10C530005960036808610133036030BD00F10802EF
:10C54000134652681568A542FAD9EDE7D0E9011201
:10C5500003698A6051605968814208BF5A600022AD
:10C5600002611A68013A1A601868704710B50446EB
:10C5700001F018FBA46B01F035FBB4FA84F040091C
:10C5800010BD70B51646026C856B044642B906684C
:10C590009EB9806801F076F8A6600135A56370BD8C
:10C5A0006EB9406801F056FE6368226C1344A268BD
:10C5B0006360934224BF236863600020EDE7C06896
:10C5C00001F048FE226CE36851429B1A2268E36046
:10C5D00093423EBFA3685B18E360022EEDD10DB11C
:10C5E000013DEAE72846D8E7034610B41A6C08462E
:10C5F00062B1DC68A1189C68D960A14228BF1968A3
:10C600005DF8044B28BFD96001F024BE5DF8044BEF
:10C61000704770B5044601F0C5FA94F8455004F12E
:10C6200024066DB2002D01DD636AB3B9FF2384F8DF
:10C63000453001F0D7FA01F0B5FA94F8445004F10E
:10C6400010066DB2002D01DD23697BB9FF2384F84C
:10C650004430BDE8704001F0C5BA304600F064FFD8
:10C6600008B100F0E9FF013D6DB2DBE7304600F0B4
:10C670005BFF08B100F0E0FF013D6DB2E2E738B5C5
:10C680000D46044640B94FF0500383F31188BFF3C1
:10C690006F8FBFF34F8FFEE701F084FAD4E90F31BB
:10C6A000226862604B43D0185B1A1A44A060FF23D3
:10C6B0000020A063E26084F8443084F84530A5B9D6
:10C6C000236973B104F1100000F02EFF48B14FF060
:10C6D000E0234FF08052C3F8042DBFF34F8FBFF318
:10C6E0006F8F01F07FFA012038BD04F11000FFF7D1
:10C6F000FDFE04F12400FFF7F9FEF2E737B50D4621
:10C700001C4640B94FF0500383F31188BFF36F8F7D
:10C71000BFF34F8FFEE743B94FF0500383F3118807
:10C72000BFF36F8FBFF34F8FFEE74AB191B94FF060
:10C73000500383F31188BFF36F8FBFF34F8FFEE772
:10C7400041B14FF0500383F31188BFF36F8FBFF3F4
:10C750004F8FFEE750230193019B502B08D04FF0E1
:10C76000500383F31188BFF36F8FBFF34F8FFEE742
:10C770000121002D08BF2246C4E90F0584F84610A8
:10C7800022602046019BFFF77AFF9DF8183084F85D
:10C790004C30204603B030BDF8B50D46174606466E
:10C7A00040B94FF0500383F31188BFF36F8FBFF38D
:10C7B0004F8FFEE74843503001F05CFB044670B1F8
:10C7C000002380F8463065B100F15003C4E90F65DD
:10C7D000236001212046FFF752FF84F84C70204669
:10C7E000F8BD0346F2E72DE9FF410F4601921E46D0
:10C7F000044640B94FF0500383F31188BFF36F8FA5
:10C80000BFF34F8FFEE751B9036C43B14FF05003B4
:10C8100083F31188BFF36F8FBFF34F8FFEE7022EB4
:10C820000BD1E36B012B08D04FF0500383F3118839
:10C83000BFF36F8FBFF34F8FFEE700F013FF054686
:10C8400050B9019B4BB14FF0500383F31188BFF3F4
:10C850006F8FBFF34F8FFEE700254FF0000839E0E0
:10C86000022E3DD0019B1BB901F0BCF9002050E025
:10C8700015B902A800F098FE01F0B4F900F03AFCF6
:10C8800001F090F994F84430FF2B08BF84F84480FD
:10C8900094F84530FF2B08BF84F8458001F0A2F9D9
:10C8A00001A902A800F08CFE002848D101F07AF915
:10C8B000A26BE36B9A422FD101F094F9019904F134
:10C8C000100000F0F9FD2046FFF7A3FE00F0BEFCCB
:10C8D00050B3012501F066F9A26BE36B9A42BFD217
:10C8E000324639462046FFF74CFE636A1BB104F11D
:10C8F000240000F019FE48B14FF0E0234FF08052C1
:10C90000C3F8042DBFF34F8FBFF36F8F01F06AF9A7
:10C91000012004B0BDE8F08101F064F92046FFF782
:10C9200078FE00F093FCD4E74FF0E0234FF0805204
:10C93000C3F8042DBFF34F8FBFF36F8FC9E72046B5
:10C94000FFF767FE00F082FC90E72DE9F843894687
:10C9500017461E46044640B94FF0500383F3118832
:10C96000BFF36F8FBFF34F8FFEE751B9036C43B135
:10C970004FF0500383F31188BFF36F8FBFF34F8FD6
:10C98000FEE7022E0BD1E36B012B08D04FF05003D2
:10C9900083F31188BFF36F8FBFF34F8FFEE701F072
:10C9A00015FAEFF311884FF0500383F31188BFF3AA
:10C9B0006F8FBFF34F8FA26BE36B9A4201D3022EAE
:10C9C0001ED194F84550A36B6DB2324649462046BD
:10C9D000FFF7D7FD6B1C0ED1636A3BB104F1240055
:10C9E00000F0A2FD10B10FB101233B60012088F3DC
:10C9F0001188BDE8F88301356DB284F84550F5E73C
:10CA00000020F4E72DE9FF410E460192044640B9AB
:10CA10004FF0500383F31188BFF36F8FBFF34F8F35
:10CA2000FEE751B9036C43B14FF0500383F3118813
:10CA3000BFF36F8FBFF34F8FFEE700F013FE054685
:10CA400050B9019B4BB14FF0500383F31188BFF3F2
:10CA50006F8FBFF34F8FFEE700254FF000083DE0DA
:10CA6000019B1BB901F0BEF8002056E015B902A8E1
:10CA700000F09AFD01F0B6F800F03CFB01F092F8EE
:10CA800094F84430FF2B08BF84F8448094F8453074
:10CA9000FF2B08BF84F8458001F0A4F801A902A883
:10CAA00000F08EFD002841D12046FFF75FFDB8B3AE
:10CAB000019904F1240000F0FFFC2046FFF7A9FDD6
:10CAC00000F0C4FB48B94FF0E0234FF08052C3F8A8
:10CAD000042DBFF34F8FBFF36F8F012501F062F874
:10CAE000A76B002FBCD031462046013FFFF77CFDED
:10CAF000A763236973B104F1100000F015FD48B17C
:10CB00004FF0E0234FF08052C3F8042DBFF34F8F56
:10CB1000BFF36F8F01F066F8012004B0BDE8F0812B
:10CB20002046FFF776FD00F091FBD6E72046FFF7A1
:10CB300070FD00F08BFB2046FFF718FD0028CCD0DD
:10CB400092E72DE9F84389469046044640B94FF0F4
:10CB5000500383F31188BFF36F8FBFF34F8FFEE74E
:10CB600051B9036C43B14FF0500383F31188BFF305
:10CB70006F8FBFF34F8FFEE701F028F9EFF31187B6
:10CB80004FF0500383F31188BFF36F8FBFF34F8FC4
:10CB9000A56B0DB394F84460494676B22046FFF782
:10CBA00023FD013D731CA56311D1236953B104F129
:10CBB000100000F0B9FC28B1B8F1000F02D0012339
:10CBC000C8F80030012087F31188BDE8F8830136EA
:10CBD00076B284F84460F5E72846F4E730B5074AB2
:10CBE000002352F8335002EBC3041DB942F833104E
:10CBF000606030BD0133082BF3D1FAE7FC5200200E
:10CC000010B5094A002352F8331081424FEAC30499
:10CC100006D1064A002142F833102244516010BD6B
:10CC20000133082BEFD1FAE700530020FC5200201B
:10CC300010B540B94FF0500383F31188BFF36F8FE5
:10CC4000BFF34F8FFEE7FFF7DBFF90F846301BB9CD
:10CC5000BDE8104001F0A8B910BD70B504460D46FE
:10CC6000164600F09FFF94F84430FF2B04BF0023CA
:10CC700084F8443094F84530FF2B04BF002384F837
:10CC8000453000F0AFFFA36B2BB93246294604F1C3
:10CC9000240000F02BFC2046BDE87040FFF7B9BC33
:10CCA0002DE9F041044600F07DFF304B304E1A680C
:10CCB000304F01321A603568002D4BD134601B684B
:10CCC000012B1FD1B84640460135FFF70FFC382D28
:10CCD00008F11408F7D1DFF8C480274D4046FFF76C
:10CCE00005FC2846FFF702FC2448FFF7FFFB244819
:10CCF000FFF7FCFB2348FFF7F9FB234BC3F8008049
:10CD0000224B1D60224A136801331360214A636479
:10CD10001168E36A14208B4200FB037004F10401E4
:10CD200088BF1360FFF7F0FB00F05CFF1A4B1B6835
:10CD300073B13368DA6AE36A9A4209D24FF0E023AA
:10CD40004FF08052C3F8042DBFF34F8FBFF36F8FA6
:10CD5000BDE8F081104B1B68002BD3D13368DA6A31
:10CD6000E36A9A4298BF3460CCE700BF605300206A
:10CD700034580020D4530020AC530020905300209E
:10CD80007C53002064530020A8530020A4530020AB
:10CD9000445300205853002054530020C053002017
:10CDA000F8B5154B154D1C680646286804300F462B
:10CDB000FFF7CCFB731C07D137B129681048BDE8D9
:10CDC000F8400431FFF7A0BB2B68A4195C6007D3BF
:10CDD0000C4B18682968BDE8F8400431FFF79FBB89
:10CDE000094B186829680431FFF799FB074B1A684B
:10CDF000A24288BF1C60F8BD5C530020345800205C
:10CE000064530020A4530020A85300204053002066
:10CE1000064A13681968064B19B94FF0FF321A60B9
:10CE200070471268D268D2685268F8E7A8530020A9
:10CE30004053002010B50446543001F079F994F8BD
:10CE4000A5303BB9206B01F0AFF82046BDE810409B
:10CE500001F0AAB8012BF8D0022B08D04FF05003F4
:10CE600083F31188BFF36F8FBFF34F8FFEE710BDC1
:10CE700080B5134C134F144D236873B9134B1B68C3
:10CE8000012BF8D94FF0E0234FF08052C3F8042D66
:10CE9000BFF34F8FBFF36F8FEDE700F083FEFB68AA
:10CEA000DE68301DFFF752FB2B68013B2B602368C7
:10CEB000013B236000F096FE3046FFF7BBFFDBE747
:10CEC000785300207C53002060530020D45300206E
:10CED0002DE9F047DDE909949600324607460D46F4
:10CEE000206BA521984601F01BF9236B043E1E44DC
:10CEF00026F00706002D41D06B1E04F133020F35DA
:10CF000013F8011F02F8011F09B1AB42F8D1002349
:10CF100084F84330089D372D28BF37254FF0000A8D
:10CF2000E562E564201DC4F850A0FFF7EAFAC5F1F8
:10CF3000380504F11800FFF7E4FAC4F8A0A04C2269
:10CF400051462461A561646284F8A4A004F15400F0
:10CF500001F0E6F80B4BA36503F16802D033E265FC
:10CF6000236642463946304600F0EEFD2060B9F1B6
:10CF7000000F01D0C9F80040BDE8F08784F83450B4
:10CF8000C8E700BF8CE9012070B586B0DDE90B541D
:10CF900045B94FF0500383F31188BFF36F8FBFF390
:10CFA0004F8FFEE744B94FF0500383F31188BFF36E
:10CFB0006F8FBFF34F8FFEE7A8260596059EA82E1C
:10CFC00008D04FF0500383F31188BFF36F8FBFF386
:10CFD0004F8FFEE72563022584F8A55004AD019527
:10CFE0000A9D02940095059EFFF772FF2046FFF709
:10CFF00057FE049806B070BD2DE9F043074685B092
:10D00000900088461646994600F034FF054620B940
:10D010004FF0FF3005B0BDE8F083A82000F02AFFF4
:10D02000044698B1002380F8A5300D9B0563019359
:10D030000C9B0290009332464B4641463846FFF720
:10D0400047FF2046FFF72CFE0120E3E7284600F0CB
:10D05000ABFFDDE710B588B0002407AA06A905A834
:10D06000CDE90544FFF72AFA059B0293069B079A30
:10D0700019491A48CDE900432346FFF785FF40B31D
:10D0800000F094FB012819D14FF0500383F311886D
:10D09000BFF36F8FBFF34F8F114B124A1B6854338E
:10D0A0001360114B4FF0FF321A60104B1860104B99
:10D0B0001C6008B0BDE8104000F004BE013008D18B
:10D0C0004FF0500383F31188BFF36F8FBFF34F8F7F
:10D0D000FEE708B010BD00BF7D36010871CE000824
:10D0E00034580020100000204053002054530020EA
:10D0F0005C530020024A136801331360704700BF7D
:10D100003C530020014B1868704700BF5C5300205F
:10D1100008B500F05BFE014B186808BD5C530020A9
:10D120003F4B1B682DE9F74F002B73D13D4B1C681B
:10D1300001341C60BCB93C4B1A68126842B14FF014
:10D14000500383F31188BFF36F8FBFF34F8FFEE758
:10D15000364A1968106818601160354A136801333F
:10D160001360FFF755FE334E334F3368DFF8D4803A
:10D170009C424FF000050AD3DFF8ACA0DFF8C8B03E
:10D18000DAF800301B68A3B94FF0FF333360D8F8EA
:10D190000030DB6A14225343F858284B1B680128DF
:10D1A00098BF002B14BF01200020284303B0BDE826
:10D1B000F08FDAF80030DB68D3F80C90D9F804204F
:10D1C000944201D23260E2E709F104031846019368
:10D1D000FFF7BCF9D9F828201AB109F11800FFF7B8
:10D1E000B5F9D9F82C00DBF800201423904288BF51
:10D1F000CBF8000009F1040103FB0070FFF784F98C
:10D20000D8F80010D9F82C20CB6A9A4228BF45F0F4
:10D210000105B5E70A4A1368013313600020C5E72A
:10D220003C5300205C530020A8530020A45300204E
:10D230004853002040530020D45300204C5300207A
:10D240005053002034580020585300202DE9F0415D
:10D25000304C236843B94FF0500383F31188BFF378
:10D260006F8FBFF34F8FFEE700F09CFC2368013BFC
:10D27000236024682CB1002400F0B4FC2046BDE8F3
:10D28000F081254B1B68002BF5D0244D244EDFF890
:10D29000A0801DE0EB68DC68271D04F11800FFF793
:10D2A00055F93846FFF752F9E36A32681420934281
:10D2B00000FB0380394688BF3360FFF725F9194B1F
:10D2C000E26A1B68DB6A9A4202D3174B01221A609A
:10D2D0002B68002BDED10CB1FFF79AFD134D2C68A3
:10D2E00044B1114E0127FFF71BFF00B13760013C2D
:10D2F000F9D12C600C4B1B68002BBCD04FF0E02305
:10D300004FF08052C3F8042DBFF34F8FBFF36F8FE0
:10D310000124B1E73C5300206053002090530020CB
:10D3200058530020345800204C5300205053002004
:10D33000D453002010B540B94FF0500383F3118847
:10D34000BFF36F8FBFF34F8FFEE741B94FF050032C
:10D3500083F31188BFF36F8FBFF34F8FFEE7184B36
:10D360001B6843B14FF0500383F31188BFF36F8FF5
:10D37000BFF34F8FFEE7FFF7BDFE124B04681A683C
:10D3800063182CBF0121002194420FD979B90360A1
:10D39000FFF75CFF48B94FF0E0234FF08052C3F82D
:10D3A000042DBFF34F8FBFF36F8F10BD09B99A42A1
:10D3B000EDD203600021981AFFF7F2FCE8E700BF06
:10D3C0003C5300205C53002008B550B94FF0E023D7
:10D3D0004FF08052C3F8042DBFF34F8FBFF36F8F10
:10D3E00008BD0A4B196841B14FF0500383F311880F
:10D3F000BFF36F8FBFF34F8FFEE7FFF77BFEFFF7A3
:10D40000CFFCFFF723FF0028E0D0E9E73C530020E2
:10D41000F8B5234B1A68234B12B101221A60F8BDEC
:10D42000214C1A6023681B6B1A68B2F1A53F0BD11F
:10D430005A68B2F1A53F07D19A68B2F1A53F03D16E
:10D44000DB68B3F1A53F04D0206821683431F3F7DD
:10D4500019FF164E164D3168142707FB01F3E81823
:10D46000EA5882B142680833526842602B449A42BB
:10D4700004BF52684260D3682360316023680D4A5C
:10D4800054331360CBE741B94FF0500383F3118855
:10D49000BFF36F8FBFF34F8FFEE70139DDE700BFAA
:10D4A0003C5300204C530020345800205853002097
:10D4B000D45300201000002010B50C4640B94FF0A6
:10D4C000500383F31188BFF36F8FBFF34F8FFEE7D5
:10D4D000054B19681831FFF722F820460121BDE8F5
:10D4E0001040FFF75DBC00BF3458002038B50D4632
:10D4F000144640B94FF0500383F31188BFF36F8F88
:10D50000BFF34F8FFEE7074B19681831FEF7FCFF9A
:10D51000002C21460CBF28464FF0FF30BDE83840B4
:10D52000FFF73EBC3458002038B5C368DC6844B906
:10D530004FF0500383F31188BFF36F8FBFF34F8F0A
:10D54000FEE704F118052846FFF700F8104B1B68AA
:10D55000DBB9251D2846FEF7F9FF0E4AE36A11687C
:10D560008B4288BF13600C4A1420294600FB03201D
:10D57000FEF7CAFF094BE26A1B68DB6A9A4283BF67
:10D58000074B01201860002038BD06482946EFE708
:10D590003C53002058530020D4530020345800201E
:10D5A0004C53002090530020034B1B680360034B37
:10D5B0001B684360704700BF485300205C53002045
:10D5C00070B50C46054640B94FF0500383F31188FF
:10D5D000BFF36F8FBFF34F8FFEE741B94FF050039A
:10D5E00083F31188BFF36F8FBFF34F8FFEE700F017
:10D5F000D9FA0F4B196823685A1C10D00D482E68B1
:10D6000000686A68864201D08A420FD9881A83422C
:10D610000AD95B1A134423602846FFF7C5FF00248C
:10D6200000F0E0FA204670BD002323600124F7E7F4
:10D630005C53002048530020014B01221A607047C0
:10D640004C53002008B9064B1868026B0020135C8D
:10D65000A52B02D0C0F38F0070470130F7E700BF61
:10D6600034580020054B1B6833B1054B1868B0FADD
:10D6700080F040094000704701207047545300205B
:10D680003C53002038B508B9002038BD1B4B1C683E
:10D69000844208D04FF0500383F31188BFF36F8F9B
:10D6A000BFF34F8FFEE7236D43B94FF0500383F371
:10D6B0001188BFF36F8FBFF34F8FFEE7E16AE26C13
:10D6C000013B91422365DFD0002BDDD1251D28468B
:10D6D000FEF73CFFE36CE362C3F13802A261084A43
:10D6E00011688B4288BF1360064A142000FB032098
:10D6F0002946FEF709FF0120C7E700BF3458002084
:10D7000058530020D4530020914208B54160006175
:10D710000AD8D21A83699A420DD2084B011D1868A3
:10D72000FEF7FDFE002008BD9A4201D2994202D2C6
:10D73000034B011DF3E70120F5E700BF345900203A
:10D7400038590020F7B5114C00F02CFA2568BDB906
:10D750000F4F104E3846FEF7C9FE3046FEF7C6FEA4
:10D760000D4B0E4A1F600E4B10211E600A200D4B00
:10D770000095FEF7C3FF206010B10B49FFF72EFAAA
:10D7800003B0BDE8F04000F02DBA00BF30590020D2
:10D79000505900203C59002038590020885800205A
:10D7A00034590020385800208236010810B588B05E
:10D7B000FFF7C8FF124B1B68B3B1002407AA06A9E4
:10D7C00005A8CDE90544FEF785FE059B0293069B5F
:10D7D000019302230093079A0A490B482346FFF757
:10D7E000D3FB0A4B186040B94FF0500383F3118804
:10D7F000BFF36F8FBFF34F8FFEE7012008B010BD5E
:10D800003059002087360108DDD800082C59002047
:10D810007FB5154604461A4640B94FF0500383F3CE
:10D820001188BFF36F8FBFF34F8FFEE70D4E306847
:10D8300088B10529CDE9001502940EDCFFF712FF2F
:10D840000346022B4FF0000330680CBF089A1A46BB
:10D850006946FEF7C8FF04B070BD00236946FFF7B4
:10D8600074F8F8E730590020F7B51A4D2B681A689C
:10D870002AB9194A11682960136003B0F0BDDB684A
:10D88000DC681E68271D3846FEF760FE236A2046C6
:10D89000984794F828305B07E8D5A36933449E4243
:10D8A00006D22868636024613946FEF738FEDDE75A
:10D8B00000230093324619462046FFF7A9FF0028AF
:10D8C000D4D14FF0500383F31188BFF36F8FBFF3B0
:10D8D0004F8FFEE738590020345900202DE9F043DE
:10D8E000764F774E87B03B68D3F80080B8F1000FD1
:10D8F00028D0DB68D3F800800024FFF7FBFBFFF79C
:10D9000001FC3368984205461ED3306024B36D4B4A
:10D910001B681C68B4FA84F464096B4B22461868CF
:10D92000A8EB0501FFF799F9FFF790FC88B94FF0D4
:10D93000E0234FF08052C3F8042DBFF34F8FBFF3A5
:10D940006F8F06E00124D8E7FFF78EFF3560FFF701
:10D950007DFCDFF8748138E08045DED8FFF776FC87
:10D960003B68DB68D3F80C9009F10400FEF7EEFD8C
:10D9700099F82830580719D5D9F8181043462A467F
:10D9800041444846FFF7C0FEA0B1009423464246FA
:10D9900021464846FFF73CFF60B94FF0500383F340
:10D9A0001188BFF36F8FBFF34F8FFEE723F00103A2
:10D9B00089F82830D9F8203048469847C9E7039BB2
:10D9C00005999847029B002B0BDAD8F8000000223B
:10D9D00002A9FFF717F8002885D0029B0498002BB6
:10D9E000EDDB049C636993B9FFF78CFB33689842C5
:10D9F000054601D2FFF738FF029B3560092BE4D8BA
:10DA0000DFE803F0090909333A530909333A201DC5
:10DA1000FEF79CFDE8E794F82830A16943F0010384
:10DA200084F82830039B2A4619442046FFF76CFEF1
:10DA30000028CAD0236A2046984794F8283059070E
:10DA4000C3D5A269039900230A44009319462046CE
:10DA5000FFF7DEFE0028B8D14FF0500383F31188A2
:10DA6000BFF36F8FBFF34F8FFEE794F8283023F09A
:10DA7000010384F82830A8E794F828300399A161BD
:10DA800043F0010384F8283041B94FF0500383F389
:10DA90001188BFF36F8FBFF34F8FFEE72B462A46E7
:10DAA00029442046FFF730FE8FE794F828309A0784
:10DAB000DDD4204600F078FA87E700BF385900200F
:10DAC00028590020345900203059002008480068A7
:10DAD000006880F308884FF0000080F3148862B675
:10DAE00061B6BFF34F8FBFF36F8F00DF00BF000041
:10DAF00008ED00E0DFF80C00016841F470010160FE
:10DB00007047000088ED00E082B0002301930D4BC8
:10DB10001B68013308D04FF0500383F31188BFF323
:10DB20006F8FBFF34F8FFEE74FF0500383F31188E1
:10DB3000BFF36F8FBFF34F8F019B002BFCD002B060
:10DB4000704700BF0C0000204FF0807340F8043C89
:10DB5000074B40F80C3C21F001016FF0020340F844
:10DB6000081C40F8202C40F8243C4438704700BF83
:10DB700009DB0008000000000000000000000000B9
:10DB8000074B19680868B0E8F04F80F30988BFF3C5
:10DB90006F8F4FF0000080F311887047AFF3008063
:10DBA000345800204FF0500383F31188BFF36F8F78
:10DBB000BFF34F8F0A4A13680133012B13600ED154
:10DBC0004FF0E023D3F8043DDBB243B14FF05003F4
:10DBD00083F31188BFF36F8FBFF34F8FFEE770475A
:10DBE0000C000020084A136843B94FF0500383F338
:10DBF0001188BFF36F8FBFF34F8FFEE7013B1360B8
:10DC00000BB983F3118870470C000020000000005E
:10DC1000EFF30980BFF36F8F154B1A681EF0100FDA
:10DC200008BF20ED108A20E9F04F106009B44FF0D2
:10DC3000500080F31188BFF34F8FBFF36F8FFFF752
:10DC4000E7FB4FF0000080F3118809BC19680868F1
:10DC5000B0E8F04F1EF0100F08BFB0EC108A80F350
:10DC60000988BFF36F8F7047AFF30080AFF3008078
:10DC70003458002008B54FF0500383F31188BFF3E8
:10DC80006F8FBFF34F8FFFF74BFA28B14FF0E023B0
:10DC90004FF08052C3F8042D002383F3118808BD90
:10DCA0004FF0E022002313619361054B4FF47A712A
:10DCB0001B68B3FBF1F3013B53610723136170470A
:10DCC000000000204FF0E02337B5D3F8001D394A9B
:10DCD000914208D14FF0500383F31188BFF36F8F47
:10DCE000BFF34F8FFEE7D3F8002D334B9A4208D194
:10DCF0004FF0500383F31188BFF36F8FBFF34F8F43
:10DD0000FEE72E4B1A78D2B20192FF221A701B78CE
:10DD10002B4ADBB28DF803309DF8033003F050033B
:10DD20001370284A072313609DF80300000603F1CF
:10DD3000FF310AD4032B11D04FF0500383F3118825
:10DD4000BFF36F8FBFF34F8FFEE79DF80330116075
:10DD50005B00DBB28DF803300B46E5E74FF4407310
:10DD60001360019B154A4FF0E024DBB21370D4F826
:10DD7000203D43F47003C4F8203DD4F8203D43F027
:10DD80007043C4F8203DFFF78BFF0F4B00251D604B
:10DD9000FFF7B0FED4F8343F43F04043C4F8343FBB
:10DDA000FFF794FEFFF734FBFFF7AEFE284603B003
:10DDB00030BD00BF71C20F4170C20F4100E400E0EE
:10DDC00068590020645900200C000020EFF30583FF
:10DDD0000F2B0ED9114A9B5C114A12789A4208D92E
:10DDE0004FF0500383F31188BFF36F8FBFF34F8F52
:10DDF000FEE74FF0E0230B4AD3F80C3D126803F422
:10DE0000E063934208D94FF0500383F31188BFF3C6
:10DE10006F8FBFF34F8FFEE7704700BFF0E300E066
:10DE2000685900206459002010B5104B1A461B6831
:10DE30008342FBD354681119884201BF41681046E0
:10DE400009195160446801198B420CD108490968CD
:10DE50008B4203D0596821444160196801609042A7
:10DE600018BF106010BD1946F8E700BF84590020A4
:10DE7000805900202DE9F0410446FFF73BF9434962
:10DE8000434D0B680BBB434A56071FBFD01D20F004
:10DE9000070002F5C832131A0CBF4FF4C83302460C
:10DEA00013443D4E083B23F00703002070603260AE
:10DEB000C3E90000981AC2E900300B60374B1860C4
:10DEC000374B18604FF000432B602F68274207D074
:10DED000FFF7BCF9F3F7E4F900263046BDE8F0811E
:10DEE000002CF5D004F1080360071CBF23F00703E2
:10DEF0000833002BECD0DFF8A880D8F800509D4202
:10DF0000E6D3254A14686068984201D22668B6B9FB
:10DF10000968A142DCD0216816681160C21A102A73
:10DF200006F1080612D9E01841070BD04FF0500354
:10DF300083F31188BFF36F8FBFF34F8FFEE7224645
:10DF40003446E0E742606360FFF76EFF62681349A2
:10DF5000AD1A1743134A08686760002323601368EB
:10DF6000C8F80050854203F1010338BF0D6013600B
:10DF7000FFF76CF97307B0D04FF0500383F31188AB
:10DF8000BFF36F8FBFF34F8FFEE700BF80590020B4
:10DF90006C5900208C5900208459002078590020A9
:10DFA0007C5900207459002010B5044690B31A4AD9
:10DFB00050F8043C1268134208D14FF0500383F329
:10DFC0001188BFF36F8FBFF34F8FFEE750F8081C27
:10DFD00041B14FF0500383F31188BFF36F8FBFF34C
:10DFE0004F8FFEE723EA020340F8043CFFF782F874
:10DFF0000A4A54F8043C1168A4F108000B44136069
:10E00000FFF712FF064A1368BDE8104001331360A2
:10E01000FFF71CB910BD00BF6C5900207C590020CF
:10E0200070590020014B1868704700BF7C590020D0
:10E03000014B1868704700BF785900200CB430B508
:10E04000184B0C1E1D689DB008DA8B232B604FF017
:10E05000FF301DB0BDE8304002B070474FF402738E
:10E06000ADF814304FF000031B9314BF04F1FF33DD
:10E070002346049307934FF6FF7302900690ADF882
:10E080001630209A21AB02A92846019300F048FAE5
:10E09000431CBCBF8B232B60002CDAD0029B0022D8
:10E0A0001A70D6E71000002030B51446002C9BB043
:10E0B00005461A4605DA8B2303604FF0FF301BB08C
:10E0C00030BD4FF40273ADF80C304FF000031993DC
:10E0D00014BF04F1FF332346029305934FF6FF73F9
:10E0E00000910491ADF80E3069461E9B00F018FABD
:10E0F000431CBCBF8B232B60002CE0D0009B002274
:10E100001A70DCE707B5009313460A460146034838
:10E110000068FFF7C9FF03B000BD00BF100000207A
:10E1200002440346934200D1704703F8011BF9E70C
:10E130002D4B1B68834270B5044653D0C3691BB393
:10E14000DB6863B10025E369DB685959B1B904356F
:10E15000802DF8D1E3692046D96800F089F8E36999
:10E16000196811B1204600F083F8E3699D685DB13C
:10E17000294620462D6800F07BF8F8E70E68204617
:10E1800000F076F83146E1E7616911B1204600F010
:10E190006FF8E16911B1204600F06AF8216B11B106
:10E1A000204600F065F8616B11B1204600F060F880
:10E1B000A16B11B1204600F05BF8A16C11B12046B3
:10E1C00000F056F8616C11B1204600F051F8E16A98
:10E1D00011B1204600F04CF8236A1BB12046BDE87F
:10E1E0007040184770BD00BF10000020014B186838
:10E1F000704700BF1000002070B50D4B0D4D5B1B2C
:10E200009C100026A64209D101F038FE0A4D0B4BA6
:10E210005B1B9C100026A64205D170BD55F8043B3F
:10E2200098470136EEE755F8043B98470136F2E788
:10E23000A03C0108A03C0108A03C0108A43C010846
:10E2400070477047034611F8012B03F8012B002A91
:10E25000F9D170470A44914200F1FF3300D1704771
:10E2600010B511F8014B03F8014F9142F9D110BDDF
:10E2700038B50546002941D051F8043C0C1F002B4D
:10E28000B8BFE41800F0E0F81D4A136833B96360C2
:10E2900014602846BDE8384000F0DCB8A34208D935
:10E2A000206821188B4201BF19685B68091821603A
:10E2B000EDE71A465B680BB1A342FAD91168501812
:10E2C000A0420BD120680144501883421160E0D174
:10E2D00018685B68536008441060DAE702D90C23C1
:10E2E0002B60D6E7206821188B4204BF19685B6851
:10E2F000636004BF091821605460CAE738BD00BFDD
:10E30000D0EA012070B50F4E0C463168054611B9B0
:10E3100000F0ACFB30602146284600F0A7FB431C10
:10E3200003D14FF0FF34204670BDC41C24F0030419
:10E33000A042F8D0211A284600F098FB0130F2D113
:10E34000EFE700BFCCEA01202DE9F843CD1C25F012
:10E35000030508350C2D38BF0C25002D064601DBC2
:10E36000A94204D90C2333600020BDE8F883DFF80C
:10E37000D48000F069F8D8F800301C4644BB294628
:10E380003046FFF7BFFF431C044658D1D8F8004081
:10E390002746002F43D1002C4BD023683946304606
:10E3A00004EB030900F062FB814542D121686D1A3C
:10E3B00029463046FFF7A6FF01303AD023682B44A8
:10E3C0002360D8F800305A6862BBC8F800700FE0CC
:10E3D0002268521B20D40B2A17D96119A342256049
:10E3E00018BF5960636808BFC8F8001062514B60DD
:10E3F000304600F02FF804F10B00231D20F0070039
:10E40000C21A1CBF1B1AA350AFE76268A3420CBF1D
:10E41000C8F800205A60EBE723466468AEE73C4644
:10E420007F68B6E71A465B68A342FBD100235360BE
:10E43000DEE70C233360304600F00CF894E705600B
:10E44000D6E700BFD0EA01200148FFF7F9BE00BFC0
:10E45000C8EA01200148FFF7F4BE00BFC8EA012066
:10E460002DE9F0478E681F46BE4282460C46904614
:10E47000334653D8B1F90C0010F4906F2BD0656976
:10E480002368096905EB4505A3EB010905EBD57583
:10E490007B1C6D104B44AB422A4684BF1D462A4666
:10E4A000430527D511465046FFF74EFF064658B3A1
:10E4B00021694A46FFF7CEFEA38923F4906343F017
:10E4C0008003A381266165614E44A5EB09052660A2
:10E4D000A5603E463B461F4620683A46414600F04E
:10E4E000ABFAA3689B1BA36023683B442360002016
:10E4F000BDE8F087504600F0C9FA06460028E1D191
:10E5000021695046FFF7B4FE0C23CAF80030A389F6
:10E5100043F04003A3814FF0FF30E9E73E46DBE7DD
:10E520002DE9F0471F468B891B069CB006460D4619
:10E53000144610D50B6973B94021FFF705FF286019
:10E54000286130B90C2333604FF0FF301CB0BDE8B8
:10E55000F08740236B610023099320238DF8293035
:10E5600003973023654F8DF82A304FF0010823467A
:10E57000994613F8012B0AB1252AF9D1B9EB040AFF
:10E580000BD05346224629463046FFF769FF01303B
:10E5900000F0A480099A5244099299F80030002BA7
:10E5A00000F09C8000234FF0FF32CDE9052309F1F4
:10E5B0000109049307938DF853301A934C464F4842
:10E5C00014F8011B0522F1F70BFE049BD0B9D80605
:10E5D00044BF20228DF85320190744BF2B228DF809
:10E5E000532099F800202A2A13D0079A4C4600207D
:10E5F0004FF00A0C214611F8013B303B092B49D959
:10E6000068B913E0C01B08FA00F018430490A14653
:10E61000D4E7039A111D12680391002A01DB0792C7
:10E6200004E0524243F002030792049323782E2B16
:10E630000AD163782A2B32D1039B1A1D1B680392DF
:10E6400043EAE37302340593DFF8C0902178032294
:10E650004846F1F7C5FD38B1049BA0EB0900402204
:10E66000824013430134049314F8011B24488DF8AD
:10E6700028100622F1F7B4FD002835D0214818BB38
:10E68000039B073323F0070308330393099B0344D9
:10E6900009936CE70CFB02320C460120AAE7002329
:10E6A0000134059319464FF00A0C204610F8012B4F
:10E6B000303A092A03D9002BC6D00591C4E70CFBD8
:10E6C000012104460123F0E703AB00932A460E4BD9
:10E6D00004A93046AFF30080421CD7D1AB895B065A
:10E6E0003FF532AF099831E703AB00932A46064B5A
:10E6F00004A9304600F07AF8EEE700BF8F36010833
:10E70000993601080000000061E400089536010810
:10E710002DE9F047164698468A680B69DDF8209087
:10E720009342B8BF1346336091F8432007460C4626
:10E730000AB1013333602368990642BF336802335C
:10E740003360256815F0060506D104F1190AE3685F
:10E7500032689B1AAB4226DC94F843302268003BB7
:10E7600018BF012392062BD404F1430241463846D8
:10E77000C84701301ED02368226903F00603042B2A
:10E7800002BFE5683368ED1AA3680CBF25EAE5759A
:10E7900000259342C4BF9B1AED1800261A34B542D7
:10E7A0001AD1002008E00123524641463846C847A6
:10E7B000013003D14FF0FF30BDE8F0870135C6E7E7
:10E7C000E1185A1C302081F84300224494F8451087
:10E7D00082F843100233C7E70123224641463846F8
:10E7E000C8470130E6D00136D9E700002DE9F043F3
:10E7F0000D7E85B0782D90460C9E07460C469946B6
:10E8000001F1430207D8622D0AD8002D00F0D7800D
:10E81000582D00F0BC8004F1420684F842503BE0E1
:10E82000A5F16303152BF6D801A151F823F000BF21
:10E8300089E800089DE8000817E8000817E80008C4
:10E8400017E8000817E800089DE8000817E8000826
:10E8500017E8000817E8000817E80008A5E900080D
:10E86000C7E8000857E9000817E8000817E800089B
:10E87000C7E9000817E80008C7E8000817E800081B
:10E8800017E800085FE9000833681A1D1B6832604A
:10E8900004F1420684F842300123A1E03368206885
:10E8A000191D3160060601D51D6803E04506FBD53C
:10E8B000B3F90050002D03DA2D236D4284F8433064
:10E8C0005B480A2311E021683368080653F8045BAB
:10E8D00002D4490648BFADB23360237E54486F2B43
:10E8E0005CD10823002184F843106668A660002EDE
:10E8F00005DB21682E4321F00401216050D016462B
:10E90000B5FBF3F103FB115C10F80CC006F801CD68
:10E91000AC4663450D46F3D9082B0BD12368DB07C2
:10E9200008D5236961689942DEBF302306F8013CAF
:10E9300006F1FF36921B2261CDF80090434603AAF0
:10E9400021463846FFF7E4FE01304ED14FF0FF304C
:10E9500005B0BDE8F083236843F020032360354809
:10E96000782584F845502368316813F0800F51F8FA
:10E97000045B03D113F0400F18BFADB23160D9076B
:10E9800044BF43F0200323601DB11023AAE72848A9
:10E99000E7E7236823F020032360F6E70A23A1E7D3
:10E9A0001646B9E7336825686169181D30602E0680
:10E9B0001B6801D5196002E06806FBD519800023A9
:10E9C00023611646B8E733681A1D32601E68626814
:10E9D00000213046F1F704FC08B1801B60606368D9
:10E9E0002361002384F84330A6E723693246414679
:10E9F0003846C8470130A9D023689B0713D4E06884
:10EA0000039B9842B8BF1846A2E70123324641460D
:10EA10003846C847013099D00135E36803995B1A3D
:10EA2000AB42F2DCEBE7002504F11906F5E700BF85
:10EA3000A0360108B1360108884210B501EB020486
:10EA400002D98442234607D8431EA14207D011F8B9
:10EA5000012B03F8012FF8E70244824200D110BDD8
:10EA600013F8011D02F8011DF7E7000038B5064D47
:10EA70000023044608462B60F9F738FF431C02D1F7
:10EA80002B6803B1236038BDC4EA01202DE9F041B1
:10EA9000074614460D4621B9BDE8F0411146FFF77F
:10EAA00053BC2AB9FFF7E4FB25462846BDE8F081B0
:10EAB00000F01AF88442064602D8B4EB500FF4D89E
:10EAC00021463846FFF740FC804608B94546ECE74A
:10EAD000B4422246294628BF3246FFF7BBFB2946EF
:10EAE0003846FFF7C5FBF1E751F8043C181F002B2F
:10EAF000BCBF0B58C018704738B52DED028B55ECD4
:10EB0000104B00F0F7F822462B4620462946B0EE7F
:10EB1000408AF0EE608AF2F709F830B9002200234B
:10EB200020462946F1F7DAFF30B9B0EE480AF0EE98
:10EB3000680ABDEC028B38BDFFF758FB00220023AA
:10EB40002121016010461946F1F780FE41EC180BB7
:10EB5000B0EE480AF0EE680ABDEC028B38BD00BF8B
:10EB600000F0D8BA08B52DED028BB0EE408A00F067
:10EB7000B9F9B4EE488AF1EE10FA06D6DFED098A4B
:10EB8000B4EEE88AF1EE10FA02D4BDEC028B08BDB7
:10EB9000FFF72CFB88EEA80ABDEC028B2123036053
:10EBA00008BD00BF0000000010EE103A184923F025
:10EBB00000428A4219D9B2F1FF4F02D330EE400A27
:10EBC000704700B583B0684600F04AFB00F00300D0
:10EBD00001289DED000ADDED010A0FD0022808D0C2
:10EBE00088B900F0CDF903B000BDDFED0A0A00F0EE
:10EBF000C7B900F0C5F9B1EE400AF4E700F042FAF7
:10EC0000B1EE400AEFE7012000F03CFAEBE700BF6D
:10EC1000D80F493F0000000010EE103A194923F0C8
:10EC200000428A421AD9B2F1FF4F02D330EE400AB5
:10EC3000704700B583B0684600F012FB00F0030097
:10EC400001289DED000ADDED010A12D002280AD04C
:10EC500090B9012000F016FA03B000BDDFED0A0AFA
:10EC6000002000F00FBA012000F00CFAB1EE400ACB
:10EC7000F2E700F085F9EFE700F082F9B1EE400A23
:10EC8000EAE700BFD80F493F0000000010EE101A5D
:10EC9000C1F3C7520029A2F17F0CACBF01204FF095
:10ECA000FF30BCF11E0F0FDCBCF1000F1DDBC1F308
:10ECB0001603BCF1160F43F400030ADD963A03FA7B
:10ECC00002F202FB00F07047FDEEC07A17EE900AE8
:10ECD00070474FF4800242FA0CF21A44CCF1170C40
:10ECE00022FA0CF202FB00F07047BCF1FF3F18BFA4
:10ECF000002070472DE9F84F774955EC104BA94398
:10ED000000F0AE80002D2A46234655DD2C1562D03A
:10ED1000C2F31302E107A4F2FF3742F4801203D4D6
:10ED2000520002EBD3725B005200002602EBD3725A
:10ED30007F105B001624B4464FF400110CEB010069
:10ED400090424FEAD3754FEA430303DC00EB010C1A
:10ED5000121A0E44013C05EB42024FEA5101EDD17B
:10ED6000A04620254FF000400AE043D0510001EBBF
:10ED7000D371013D0A464FEA43034FEA500045D0A4
:10ED8000624500EB080EF0DDBEF1000F0EEB00084F
:10ED90000CDBE146A2EB0C019E4588BF01F1FF317F
:10EDA0004900CC46A3EB0E030444E0E7B8F1000FA2
:10EDB000EFDB0CF10109EDE725F00041214346D0DE
:10EDC000002D74D1D90A153A5B050029FAD0CE027C
:10EDD00014467DD40A4600215200D502084601F1AE
:10EDE0000101F9D5C1F1200523FA05F52A438B402D
:10EDF000241A8DE79E4502D94FEA4C01B7E7BEF1D0
:10EE0000000F0EEB000824DB0021CBE7194312D0E2
:10EE1000DFF8C8A0DFF8C8B0DAE90001DBE90023B9
:10EE2000F1F732FADAE9008902460B4640464946D4
:10EE3000F1F75EFE10BB6508711001F17F5101F51D
:10EE4000001101EB075345EAC67243EC102BBDE8F5
:10EE5000F88FB8F1000FD7DB0CF1010C0021A1E70E
:10EE600022462B4620462946F1F7C6FB22462B4672
:10EE7000F1F70CFA41EC100BBDE8F88FB4F1FF3F4D
:10EE8000DAE90001DBE900231ED0F1F7FFF9DAE946
:10EE9000008902460B4640464946F1F71FFEA8B1DD
:10EEA000A31C04F1020508BF01366D08C4E7224621
:10EEB0002B4620462946F1F7E7F902460B46F1F7C3
:10EEC000C5FC41EC100BC2E70136B5E70134B2E7EF
:10EED0004FF0FF300A468BE70000F07F88380108CA
:10EEE00080380108B1EEC00A704700BF10EE102A4A
:10EEF000C2F3C7537F3B162B22F000411BDC002BD3
:10EF000010461EDB1A4919410A4223D0DFED197A57
:10EF100070EE277AF5EEC07AF1EE10FA1ADD002ACB
:10EF200004DD4FF4000242FA03F3184420EA01031F
:10EF300000EE103A7047B1F1FF4F0BD330EE000AEC
:10EF40007047DFED0C7A70EE277AF5EEC07AF1EEBD
:10EF500010FA00DC7047002A06DB11B1B7EE000A98
:10EF6000F8E79FED050A70479FED040A704700BF60
:10EF7000FFFF7F00CAF2497100000000000000801E
:10EF800010EE103A23F00043B3F1485F2CD2FDEEAF
:10EF9000C07A17EE903A002B60D060EE007A9FEDB9
:10EFA000317A9FED315ADFED315A9FED316ADFED55
:10EFB000316AA7EE875A9FED307AE7EE855AA7EEC1
:10EFC000A56AA7EE867AE7EE876A67EEA66A60EE24
:10EFD000C00AB6EE007AE7EEA60AB7EE000AD7EE50
:10EFE000870A30EE600A704760EE007A9FED1D7A66
:10EFF0009FED1D5ADFED1D5A9FED1D6ADFED1D6A65
:10F000001E4AA7EE875A93429FED1B7AE5EE275AD8
:10F01000A5EEA76AA6EE277AE7EE276A66EEA76A4C
:10F02000D5D9174A934214D803F17F4307EE103A1B
:10F03000B7EE006A36EE476A60EEC00AF6EE005A96
:10F0400097EEA57AE7EEA60A37EE607A36EE470A23
:10F050007047B6EE076AB5EE027AEDE7B7EE000A42
:10F06000704700BF4ED747ADF6740F317CF293B4B2
:10F07000010DD037ABAA2A3D610BB6BA9999993EDA
:10F080000000483F10EE103A23F00043B3F1485F10
:10F0900004D2FDEEC07A17EE903A5BB360EE007AD0
:10F0A0009FED157ADFED155A9FED156ADFED156AB4
:10F0B000E7EE875A9FED147AA5EEA76A20EE275A4D
:10F0C000E6EE276AA6EEA77A30B9DFED106AE7EE22
:10F0D000876AA6EE850A704727EE457AF6EE006A43
:10F0E000A0EEA67ADFED0A6AD7EE270AE5EE260A39
:10F0F00030EE600A704700BFD3C92E2F342FD7B22D
:10F100001BEF3836010D50B98988083CABAA2ABEDE
:10F11000ABAA2A3E10B582B0CDED010A019B23F0C7
:10F120000042B2F1FF4FF0EE407A30D810EE100AF4
:10F1300020F00041B1F1FF4F29D8B3F17E5F3ED0FE
:10F140009C1704F0020444EAD07431B37AB3B2F1EC
:10F15000FF4F3FD0B1F1FF4F29D0891AB1F1F45FD1
:10F160004FEAE15233DA002B41DA3C323FDA9FEDCD
:10F17000330A012C4DD0022C42D064B19FED307A7D
:10F18000DFED307A30EE070A30EE670A03E09DEDDE
:10F19000017A37EE270A02B010BD022C0CD09FED89
:10F1A0002A7A032C08BFB0EE470A02B010BD00282F
:10F1B0000ADB9FED260AEEE79FED220AEBE702B09D
:10F1C000BDE8104000F082B99FED210AE3E79FED12
:10F1D0001F0ACEE7B1F1FF4F04F1FF3420D0022C1B
:10F1E00026D81C4B03EB840393ED000AD3E79DED77
:10F1F000017A87EE870A00F03BFA00F067F9B8E77A
:10F200009FED0F7ADFED0F7A30EE070A37EEC00A76
:10F21000C1E710EE103A03F1004300EE103ABAE7EE
:10F22000022C08D80C4B03EB840393ED000AB2E7E1
:10F230009FED020AAFE79FED090AACE7000000006E
:10F240002EBDBB33DB0F4940DB0F49C0DB0FC93F8D
:10F25000DB0FC9BF903801089C380108DB0F493F1C
:10F2600070B510EE103A8B4A23F00044944286B0F9
:10F27000054671D9884A94421E4624D823F000429C
:10F28000002BDFED867A864922F00F02B0EE407A3D
:10F2900040F3E6808A4270EE677A09BF9FED817A7B
:10F2A000DFED816ADFED816A77EEC77A37EEE67AC5
:10F2B00077EEC77A80ED007A77EEE67AC0ED017AD4
:10F2C000012006B070BD7A4A944253D9B4F1FF4F81
:10F2D00049D2E215863AA4EBC25307EE903ABDEE4E
:10F2E000E77ADFED746AB8EEC77A77EEC77A8DED0C
:10F2F000037A67EEA67ABDEEE77AB8EEC77A77EEC4
:10F30000C77A8DED047A67EEA67AF5EE407AF1EED3
:10F3100010FACDED057A40F08E80B5EE407AF1EE30
:10F3200010FA40F08A800123634901910221009183
:10F3300003A8294600F0A4F9002EC2DA95ED007A60
:10F34000D5ED017AB1EE477AF1EE677A85ED007A74
:10F35000C5ED017A4042B4E7002285ED000A426023
:10F36000002006B070BD70EE407AC0ED017AC0EDAD
:10F37000007AF5E700F07CF99FED507A9FED476A3F
:10F38000F6EE007AE0EE077A9FED477AFDEEE77A37
:10F39000F8EEE76A17EE900AA6EEC60A1F2866EE98
:10F3A000877AB1EE666A30EE677A1EDC444A411E07
:10F3B00026F0004352F8212023F0FF03934214D09B
:10F3C00085ED007A30EE470A002E30EE670A85EDB3
:10F3D000010ABFF676AFB1EE477AB1EE400A85ED8D
:10F3E000007A85ED010A40426BE717EE103AC3F34D
:10F3F000C753C3EBD453082B4FEAE452E0DD9FED33
:10F40000297A9FED2A5AF0EE405AE6EE075A70EE3E
:10F41000657AE6EE077AD6EE857A35EEE77A17EE6C
:10F42000103AC3F3C753D21A192A08DCB0EE650AA2
:10F4300085ED007AC6E7032376E7022374E79FEDA4
:10F44000217A9FED215AB0EE650AA6EE070A75EE05
:10F45000C07AE6EE077AD6EE857A30EE677AAFE7C5
:10F460008A4270EE277A09BF9FED0E7ADFED0E6AB1
:10F47000DFED0E6A77EE877A37EEA67A77EEC77AF7
:10F4800080ED007A77EEA67AC0ED017A4FF0FF307A
:10F4900017E700BFD80F493FE3CB1640800FC93FA5
:10F4A000D00FC93F004435374344353708A3852E74
:10F4B000800F4943000080432839010884F9223F26
:10F4C000A838010800A3852E32318D2438B510EEFE
:10F4D000105A25F00044B4F1A14FF0EE407A07D362
:10F4E000B4F1FF4F55D8002D77DD9FED4E0A38BDA2
:10F4F0004D4B9C425CD8B4F1445F4DD34FF0FF3389
:10F5000027EEA76A9FED495A9FED497ADFED495AE8
:10F51000DFED494A66EE066A5A1CA6EE857AE6EEEB
:10F52000A54A9FED465ADFED465AA7EE265AE4EE6D
:10F53000A65A9FED447ADFED444AA5EE267AE5EE21
:10F54000A64A9FED425ADFED425AA7EE265A9FED9A
:10F55000417AA4EEA67AE5EE265A27EE267AA5EEA3
:10F56000867A27EE877A3BD03B493C4A01EB830100
:10F57000D1ED006A37EE667A02EB8303D3ED006AC1
:10F5800037EE677A002D36EEC70AB0DAB1EE400AE0
:10F5900038BD30EE000A38BD9FED317A30EE077A83
:10F5A000F7EE006AB4EEE67AF1EE10FAA6DD38BDA9
:10F5B00000F05EF82B4B9C4215D8A3F5D0039C427B
:10F5C00026D8F0EE007ABFEE007AA0EE277A00236C
:10F5D00030EE270AC7EE007A92E79FED230A38BD86
:10F5E00037EEC70A38BD214B9C420BD8F7EE087A9C
:10F5F000B7EE007AA0EE277A022330EE670AC0EE5B
:10F60000077A7DE7BFEE007AC7EE007A032377E73B
:10F61000F7EE007A30EE677A30EE270A0123C7EE64
:10F62000007A6DE7DB0FC93FFFFFDF3ED769853CFE
:10F6300059DA4B3D21A215BD6BF16EBD356B883D8E
:10F6400095879DBD6E2EBA3D388EE3BD2549123E8D
:10F65000ABAAAA3ECDCC4CBE403C0108503C0108B0
:10F66000CAF24971FFFF973FDB0FC9BFFFFF1B4085
:10F6700010EE103A23F0004300EE103A704700BF3E
:10F680002DE9F04F2DED048BDBB01C46944603931F
:10F690000A46BA4B68991CF1040F53F82170824650
:10F6A00004F1FF39C0F25682BCF1030348BF0CF1EC
:10F6B0000403DB10029301334FEAC30EACEB0E03DD
:10F6C0000593029B17EB0900A3EB090316D4013045
:10F6D0009FEDAB7A699C18441EA9002BA4BF54F877
:10F6E000235007EE905A03F10103ACBFF8EEE77A1E
:10F6F000F0EE477A8342E1EC017AEED1002FC0F2BE
:10F70000E28203991EA800EB81004FEA81087E186F
:10F71000002346AD4C460AEB8101B9F1000F80F29F
:10F72000C8800134B44245F8043B00F10400F4D130
:10F730000DF1280B0BEB8703CDE9062E043B9FED63
:10F74000929ADFED908A059804930AEB080446AE7E
:10F750000BEB87080097CDF820C00DEB8703002F37
:10F7600093ED460A4FEA870515DD73195A4660EE98
:10F77000097AB0EE407AFDEEE77A73ED016AF8EEB1
:10F78000E77AB342A7EEE87A37EEA60ABDEEC77A6B
:10F79000A2EC017AEBD1019000F0B8FAF4EE007A15
:10F7A000B0EE408A20EE270A00F01EFBF2EE007A4F
:10F7B000A0EE678A01980028FDEEC89AF8EEE97A73
:10F7C00038EE678A40F38280791EC0F108035BF847
:10F7D00021E04EFA03FC0CFA03F3AEEB030EC0F18A
:10F7E000070219EE903A4EFA02F26344002A09EE3B
:10F7F000903A4BF821E000F3AF80B5EE408AF1EE8D
:10F8000010FA74D1009B9F420ADD5D44002355F835
:10F81000041D454543EA0103F9D1002B40F0028164
:10F82000009B013B5BF823207B1C9C46002A40F098
:10F83000F780049A012152F8045D0131002DFAD0BD
:10F840003944029D039A05EB030E0EF1804E699D2B
:10F850000EF1FF3E3A4405EB8E0E1EAD06EB83071C
:10F8600005EB8205DEED017AF8EEE77AB9F1000FDB
:10F870000EF1040EE5EC017ADFED417A09DB2A4650
:10F880005346F3EC016A32ED017AA342E6EE877A41
:10F89000F7D10CF1010C8C45E7EC017AE2DD0F4663
:10F8A0005BE70134B442E5EC017A00F104003FF477
:10F8B0003FAFDFED337A83465346F3EC016A3BED0D
:10F8C000017A8B42E6EE877AF7D1EAE700F0918081
:10F8D000F6EE007AB4EEE78AF1EE10FA80F22981B2
:10F8E000B5EE408AF1EE10FA4FF000028AD092464F
:10F8F000DDE9062EDDF820C00197AEEB0C00B0EE7E
:10F90000480A009F009200F001FADFED1E6AB4EE93
:10F91000E60AF1EE10FADDE90023F0EE407AC0F2DB
:10F920009C819FED197A059920EE077A0831BDEE8A
:10F93000C77A0591B8EEC77A5C1CE7EE667ABDEE31
:10F94000C77AFDEEE77A17EE901A4BF8231017EE00
:10F95000103A4BF824307EE00133002F09EE903A44
:10F9600040F39D8159464FF0000E51F8043B002BA7
:10F9700039D0C3F5807341F8043C0CE08C3C01089D
:10F9800000000000000080430000803B0B68C3F1D2
:10F99000FF0341F8043B0EF1010E7745F6DC01232D
:10F9A0009E4600280BDD012800F0BB80022806D10E
:10F9B000791E5BF8213003F03F0C4BF821C0022A7E
:10F9C0007FF41BAFB7EE000A734630EE488A002B77
:10F9D0003FF413AF0992019000F098F90198099A49
:10F9E00038EE408A09E70EF1010E7745BDDC9E46F0
:10F9F000D7E77B1E5BF82320D211002A7FF7FDAEEC
:10FA000019EE903A002F03F1010309EE903AA9DCB8
:10FA1000022A7FF4F2AEF7EE007A37EEC88AECE6FF
:10FA200019460EE73B469246DDE905125C1EA1F140
:10FA300008005BF82410009F059061B903F1804332
:10FA4000013B0BEB8303014653F8040D013C0839DD
:10FA50000028F9D0059105980092B7EE000A00F051
:10FA600055F9002C009AB0EE407AC0F22281601C59
:10FA700046AD5FED3B6A81000BEB800305EB800038
:10FA800073ED017AF8EEE77A5B4567EE877A27EE49
:10FA9000267A60ED017AF3D10DF1C8080E1F2E44CD
:10FAA000C646A4460025002F7DDBDFF85C92DFED23
:10FAB000957A3046002307E0F9EC016AB0EC017A50
:10FAC0009F42E6EE877A03DB9D4203F10103F3DAFE
:10FAD0000CF1FF3CBCF1FF3FEEEC017A05F10105B2
:10FAE000A6F10406E1D1689B022B6ADC002B36DC10
:10FAF0000ED1DFED847A414431ED017A884577EE0D
:10FB0000877AF9D15346002B40F0C680C2ED007AC7
:10FB100019EE903A03F007005BB0BDEC048BBDE832
:10FB2000F08F791E5BF8213003F07F0C4BF821C079
:10FB300045E719EE903A002F03F1010309EE903AE0
:10FB4000C8BF02223FF70EAFF7EE007A37EEC88A41
:10FB5000022252E600234FF0080E0293AEE5DDEDDF
:10FB6000327A9FED687A414471ED016A884537EE3B
:10FB7000267AF9D15346002B40F0848077EEC77A7D
:10FB800082ED007A64B133A90123B1EC017A01332B
:10FB90009C4277EE877AF8DA53460BB1F1EE677A3A
:10FBA000C2ED017AB4E70CF1FF3C0023BCF1FF3F4A
:10FBB0004EF8043B05F10105A6F104067FF473AF8E
:10FBC00091E7689B032BA3D1002C00F08C8008EBFD
:10FBD000840595ED007AA0002B46294671ED017A47
:10FBE000F0EE476A37EE277A884577EEC77A81EDDF
:10FBF000007A77EEA67AC1ED017AEFD1012C72D0AE
:10FC000095ED007A08F1040173ED017AF0EE476A90
:10FC100037EE277A994277EEC77A83ED007A77EE4E
:10FC2000A67AC3ED017AEFD1031DDFED367A4344A6
:10FC300008F1080833ED017A984577EE877AF9D113
:10FC40005346DDED326A9DED337A73B9C2ED006A39
:10FC500082ED017AC2ED027A5AE7FDEEC07A1C46C7
:10FC600017EE901A4BF82310F5E6F1EE666AB1EE46
:10FC7000477AF1EE677AC2ED006A82ED017AC2ED51
:10FC8000027A45E7F1EE476A77EEC77AC2ED006A7D
:10FC9000002C7FF478AF81E7F1EE677A36E7012830
:10FCA00015D002287FF4B4AE0EF03F034BF821309C
:10FCB000AEE6689B022B12DC002B17DC7FF428AF2A
:10FCC000DFED107A1EE7039B4FEA830830E50EF064
:10FCD0007F03022A4BF821307FF48FAD9BE6689BAF
:10FCE000032B7FF415AFDFED077AA9E75346DDED6F
:10FCF000327A1BB14FF0004313604FE700231360CB
:10FD00004EE700BF00000000603C010810EE103A12
:10FD100033F000411A4625D0B1F1FF4F1FD213F046
:10FD2000FF4F20D1DFED297A294A60EE277A9042F1
:10FD300017EE903A31DB4CF2503CC3F3C7516045AB
:10FD40001A46A1F1190114DD002BDFED227A9FED97
:10FD5000210AB8BFDFED207A27EE800A704730EE27
:10FD6000000A704770474CF2503C60454FEAD15151
:10FD7000EADC0144FE29E7DC002915DC11F1160F4D
:10FD800019DB193122F0FF4242EAC15207EE902AF4
:10FD90009FED120A27EE800A7047DFED117A07EE19
:10FDA000103A27EE270A704722F0FF4242EAC15379
:10FDB00000EE103A7047002BDFED097A9FED080A3C
:10FDC000B8BFDFED087A27EE800A70470000004CCC
:10FDD000B03CFFFFCAF24971CAF249F1000000339A
:10FDE0006042A20D6042A28D10EE102AC2F3C753EA
:10FDF0007F3B162B22F000411BDC002B10461EDB44
:10FE00001A4919410A4223D0DFED197A70EE277A98
:10FE1000F5EEC07AF1EE10FA1ADD002A04DA4FF49A
:10FE2000000242FA03F3184420EA010300EE103AFC
:10FE30007047B1F1FF4F0BD330EE000A7047DFED92
:10FE40000C7A70EE277AF5EEC07AF1EE10FA00DC4B
:10FE50007047002A02DB9FED070A704711B99FED3A
:10FE6000060A7047BFEE000AF2E700BFFFFF7F00FF
:10FE7000CAF249710000000000000080F8B500BF20
:10FE8000F8BC08BC9E467047F8B500BFF8BC08BC7B
:04FE90009E467047D3
:10FE98000000000500000000AD550A19CB1A000843
:10FEA800291A0008351A0008000000006D1A000819
:10FEB800491A00084D1A0008000000000000803FA1
:10FEC8000000000000000000000020410000204168
:10FED8000000803F000020410000C84200000000F0
:10FEE80000000000000020410000A0400000803F0A
:10FEF8000000204100000000000000400000000059
:10FF0800000040400000C8420000803F0000C84296
:10FF180000000000000000000000804000002041B8
:10FF28000000C8420000803E0000C8420000204196
:10FF38000000000000000000000020410000C8424E
:10FF48000000803F000040404D4541535552454D0B
:10FF5800454E54004D4541535552454D454E545F0D
:10FF68004D4F54494F4E5F56325F444D415F5031BB
:10FF7800004944455F574F524B545245455F554ED3
:10FF8800545241434B4544005350495F444D415FEF
:10FF9800424C4F434B494E475F5752415050455290
:10FFA8005F563100554E4B4E4F574E5F434F4E46AE
:10FFB80049475F474154455F524553554C54004E9D
:10FFC8004F4E4500434F4E4649475F524541445FB7
:10FFD8004641494C4544005354415455535F4E4F94
:10FFE800545F434C45414E00554E45585045435487
:08FFF80045445F4E4F4E5A458F
:020000040801F1
:10000000524F5F434F5252454354494F4E5F544104
:10001000424C450045585045435445445F434F4E7C
:100020004649475F50524F46494C455F4D495353EF
:10003000494E47005A45524F5F4D49534D41544335
:1000400048004449525F4D49534D4154434800468E
:10005000494C545F4D49534D41544348005354411A
:100060005455535F4D49534D4154434800505254E9
:100070005F4D49534D4154434800524D415049440E
:100080005F4D49534D4154434800434F52524543FD
:1000900054494F4E5F4352435F4D49534D41544382
:1000A00048002D004D4136303020616E676C652070
:1000B0007472616E73706F72743D25730D0A004225
:1000C00055494C445F4D414E49464553542C41706F
:1000D000704D6F64653D25732C41707050726F6672
:1000E000696C653D25732C4D43553D53544D33325A
:1000F00046343035524754782C536F7572636549D6
:10010000643D25732C50726F66696C6546696E6735
:1001100065727072696E743D30782530386C582C79
:1001200053797374656D436C6F636B487A3D256CCE
:10013000752C5472616E73706F72743D25730D0A65
:10014000004D413630302069646C65206163717503
:1001500069736974696F6E206661696C6564207289
:100160006573756C743D256420617474656D70747D
:10017000733D257520666C6167733D30782530329C
:10018000580D0A004D41363030207261773D25759B
:1001900020616E676C653D256C752E2530326C755F
:1001A000206465672053746174757356616C69646B
:1001B0003D2564204E564D423D2564204552524314
:1001C00052433D2564204552524D454D3D25642006
:1001D0004552525041523D25640D0A004D41363082
:1001E00030206E6F69736520286C617374202564FC
:1001F00073293A205032503D256C752E2530326CD3
:1002000075646567205374644465763D256C752E6E
:100210002530326C756465672044726966743D25CB
:1002200073256C752E2530326C75646567204D61C1
:1002300078537465703D256C752E2530326C75646D
:100240006567204E3D256C752076616C69643D259F
:10025000640D0A0064656661756C745461736B00AB
:10026000575241505045445F5049445F534C4557A5
:100270005F563200554E4B4E4F574E002D256C6445
:100280002E25302A6C64004F524445525F4E4F5425
:100290005F434F4D5055544544004F524445525FC3
:1002A00041424F56455F4E595155495354005241B2
:1002B00054494F5F4F55545F4F465F52414E47453B
:1002C000002D256C642E2530326C6400554E4B4E4B
:1002D0004F574E5F4A4947004A756C2032322032F0
:1002E0003032362030383A33383A3537006A696769
:1002F0006D6F746F722D6E6C3200434F4E464947DE
:100300002C5265636F726456657273696F6E3D310E
:100310002C47617465506F6C6963793D504F4C494F
:1003200043595F415F4C4F434B45445F56312C432B
:100330006F6E666967436F6E746578743D25732CC4
:100340004669726D776172653D25732C4275696CE3
:100350006449443D25732C4D43555F5549443D2523
:1003600030386C582530386C582530386C582C4A49
:10037000696749443D25732C4A69674B6E6F776EF8
:100380003D25642C436F6E666967476174655365EC
:100390006C66546573743D312C506F696E74536193
:1003A0006D706C657253656C66546573743D312C69
:1003B000457870656374656443616C6962726174E9
:1003C000696F6E53746174653D5A45524F5F544175
:1003D000424C452C436F6E66696752656164566195
:1003E0006C69643D25642C436F6E66696756616C69
:1003F00069643D25642C506F6C6963794147617471
:10040000655061737365643D25642C41756469743E
:100410004669656C64734C6F636B65643D312C4554
:100420007870656374656450726F66696C65466F59
:10043000756E643D25642C52656A6563745265610E
:10044000736F6E3D25732C45787065637465645ACF
:1004500065726F3D3078253034582C45787065636F
:100460007465644469723D3078253032582C457883
:1004700070656374656446696C743D30782530320C
:10048000582C457870656374656453746174757332
:100490003D3078253032582C45787065637465643A
:1004A0005072743D3078253032582C457870656331
:1004B000746564526D617049643D307825303258FE
:1004C0002C4578706563746564436F727243524360
:1004D00033323D30782530386C582C5A65726F3D78
:1004E0003078253034582C4469723D3078253032CC
:1004F000582C46696C743D3078253032582C537432
:10050000617475733D3078253032582C5072743DCB
:100510003078253032582C526D617049643D307806
:10052000253032582C436F72724E6F6E5A65726F5F
:10053000436F756E743D25752C436F727243524341
:1005400033323D30782530386C580D0A004D6F74C9
:100550006F72204552524F523A2045256420284D53
:100560004136303020636F6E66696720676174655D
:100570002072656A65637465643A20257329210DCC
:100580000A0043435700505245434F4E4449544993
:100590004F4E004E41004F4646494349414C0044AE
:1005A000495341424C454400256C75002564004D7B
:1005B0004554412C536368656D6156657273696F6C
:1005C0006E3D25642C4669726D776172653D2573B9
:1005D0002C4275696C6449443D25732C4D43555F2D
:1005E0005549443D2530386C582530386C582530F5
:1005F000386C582C436F756E74657253636F7065F9
:100600003D424F4F542C4A696749443D25732C4A5B
:1006100069674B6E6F776E3D25642C4D6F746F72FA
:1006200049443D25732C4D6F746F724944536F7567
:100630007263653D25732C4D6F746F72494456612A
:100640006C69643D25642C4D6F746F72506F6C65DE
:10065000436F756E743D25752C4D6F746F72506FBE
:100660006C6550616972733D25752C456C656374CA
:10067000726963616C526970706C654D756C7469F8
:10068000706C653D25752C456C656374726963619A
:100690006C526970706C654F726465723D25752C83
:1006A0005465737449443D256C752C5377656570AA
:1006B00049443D256C752C446972656374696F6E9D
:1006C0003D25732C4D6561737572656D656E745053
:1006D0006F6C6963793D25732C4D65617375726527
:1006E0006D656E74446566696E6974696F6E3D25EB
:1006F000732C416363657074616E63654D6F6465EF
:100700003D25732C4F6666696369616C526573752C
:100710006C74536F757263653D4C45474143592C6A
:10072000536861646F7743616E6F6E6963616C4596
:100730006E61626C65643D25642C536861646F77FB
:10074000436F6E747261637456657273696F6E3D48
:1007500025732C536861646F774F666669636961BE
:100760006C3D302C436C6F7375726550726F6265AF
:10077000456E61626C65643D25642C436C6F7375D6
:10078000726550726F626550726F746F636F6C3D0B
:1007900025732C436C6F7375726550726F62654F71
:1007A0006666696369616C3D302C417070726F617F
:1007B000636850726F746F636F6C3D25732C41706A
:1007C00070726F6163685374727563747572616C73
:1007D00056616C69643D25732C52616D70536F6670
:1007E00074537461727450726F746F636F6C3D25D3
:1007F000732C52616D70536F6674537461727444DC
:10080000656C61794D733D25732C50686173655239
:1008100065666572656E63653D5377656570507298
:100820006F67726573732C537465705261773D25E1
:10083000642C4578706563746564416E616C79738E
:100840006973506F696E74733D25642C43617074D5
:1008500075726564506F696E74733D25642C416ECA
:10086000616C79736973506F696E74733D25642C84
:100870004D6561737572656D656E7456616C696402
:100880003D25642C547261636B696E6756616C69B7
:10089000643D25642C547261636B696E67526D739D
:1008A0004C696D69744465673D31352E302C547246
:1008B00061636B696E674D61784C696D69744465FD
:1008C000673D33302E302C416371756973697469EB
:1008D0006F6E526573756C743D25732C4163715254
:1008E000656164417474656D7074733D256C752C1D
:1008F000416371526574726965733D256C752C4155
:1009000063715472616E73706F72744572726F723C
:10091000733D256C752C4163714A756D7052656A23
:10092000656374733D256C752C4163714661696C18
:10093000656453616D706C65733D256C752C436FF8
:100940006E74696E756F75735377656570436F6EFE
:10095000746578743D25732C436F6E74657874529A
:100960006561637175697265436F756E743D256C61
:10097000752C52616D70466565646261636B456E8E
:1009800061626C65643D312C536574746C65436FB2
:100990006E74726163743D25732C536574746C6559
:1009A00053746162696C6974794C696D69745261E0
:1009B000773D256C642C536574746C655461726763
:1009C0006574546F6C6572616E63655261773D2525
:1009D0006C642C536574746C65506F696E74733DF0
:1009E00025642C536574746C6553746162696C6919
:1009F000747956616C69643D25642C536574746C1C
:100A00006554617267657450726F78696D69747945
:100A100056616C69643D25642C536574746C65562D
:100A2000616C69643D25642C537461727452617702
:100A30003D25752C5374617274416E676C65446515
:100A4000673D25732C416E616C79736973537461D2
:100A500072745261773D25752C436F6E74726F6CA2
:100A60006C65725374617465506F6C6963793D2570
:100A7000732C436F6E74726F6C6C65725265736524
:100A8000744170706C6965643D25642C436F6E74AD
:100A9000726F6C6C657252657365745374617465C2
:100AA00056616C69643D25642C486F6D65526573B1
:100AB000756C743D25732C486F6D65447572617457
:100AC000696F6E4D733D256C752C486F6D65557063
:100AD00064617465436F756E743D256C752C42615D
:100AE00074636849443D256C752C4379636C654F8C
:100AF000726465723D256C752C52756E4F7264651B
:100B0000723D256C752C426174636852756E436F3B
:100B1000756E743D256C752C507265636F6E6469DB
:100B200074696F6E50726F746F636F6C3D25732CB8
:100B300052756E526F6C653D25732C456C69676903
:100B4000626C65466F725374617469737469637320
:100B50003D25642C507265636F6E646974696F6EB5
:100B600056616C69643D25732C546865726D616CC7
:100B700050726F746F636F6C3D25732C466972738E
:100B80007452756E496E42617463683D25642C4DE4
:100B90006F746F72416374697665447572617469CC
:100BA0006F6E4D733D256C752C436F6F6C646F7762
:100BB0006E5461726765744D733D25732C436F6F7E
:100BC0006C646F776E41637475616C4D733D257312
:100BD0002C436F6F6C646F776E56616C69643D2552
:100BE000732C54696D6553696E63655072657669DF
:100BF0006F757352756E4D733D25730D0A00434F2B
:100C00004F4C444F574E5F313230535F5631004F97
:100C10004E455F46554C4C5F53574545505F31320A
:100C200030535F56310052455345545F4245464F5D
:100C300052455F454143485F484F4D455F5631003F
:100C400053544142494C4954595F414E445F5441C9
:100C5000524745545F56310053574545505F434F07
:100C60004E544558545F5631005343555256455FD4
:100C70004C4F434B5F504C55535F43575F4C4F4372
:100C8000414C5F415050524F4143485F5632004300
:100C90004C4F535552455F484F4C445F56310043CB
:100CA000414E4F4E4943414C5F5131365F56310002
:100CB0005245504F52545F4F4E4C590057484F4C7D
:100CC000455F53595354454D5F434F4D4D414E443D
:100CD0005F545241434B494E470057484F4C455F84
:100CE00053595354454D5F5245504F52545F4F4EE8
:100CF0004C595F563100554E5345540047524944B4
:100D00002C536368656D6156657273696F6E3D251E
:100D1000642C5465737449443D256C752C53776578
:100D2000657049443D256C752C50726F746F636F0C
:100D30006C3D25732C4E6F6D696E616C53746570DC
:100D40004465673D312E30303030302C506F696E45
:100D500074735065725265763D25752C52617753D8
:100D60007465704D696E3D25752C526177537465BD
:100D7000704D61783D25752C5461726765745275AC
:100D80006C653D524F554E445F494E4445585F5443
:100D9000494D45535F36353533365F4449565F33E9
:100DA00036300D0A00554E49464F524D5F315F4473
:100DB00045475F524F554E4445445F5241575F5639
:100DC00031004D4F54494F4E5F50524F46494C45AC
:100DD0002C536368656D6156657273696F6E3D254E
:100DE000642C5465737449443D256C752C537765A8
:100DF000657049443D256C752C4A696749443D2519
:100E0000732C4D6F746F7249443D25732C44697285
:100E1000656374696F6E3D25732C50726F66696CE3
:100E2000653D25732C486F6D65436F6E74726F6CF2
:100E30006C65723D25732C46696E616C54617267F6
:100E400065744D6F64653D4F50454E5F4C4F4F503C
:100E50005F554E4348414E4745442C43617074757D
:100E600072654D6F64653D5354415449435F41463B
:100E70005445525F534554544C452C5469636B4D53
:100E8000733D25752C436F6D6D616E647350657293
:100E90004465677265653D25752C506F7765723DB9
:100EA000312E3030302C4C6F636B44757261746935
:100EB0006F6E4D733D256C752C4C6F636B436F6D7E
:100EC0006D616E64733D256C752C4C6F636B54695A
:100ED0006D696E674F76657272756E733D256C75C0
:100EE0002C52616D705365676D656E74733D256C32
:100EF000752C52616D70436F6D6D616E64733D252D
:100F00006C752C52616D7054696D696E674F7665B2
:100F10007272756E733D256C752C4D61784C6174E1
:100F2000656E6573735469636B733D256C752C4FE7
:100F3000627365727665644261636B747261636B40
:100F4000733D256C752C4D61784F627365727665C3
:100F5000644261636B747261636B5261773D256CAF
:100F6000750D0A0053435552564534305F41425384
:100F70004F4C5554455F5449434B5F563200434FE5
:100F80004E54524F4C5F53544154452C5363686543
:100F90006D6156657273696F6E3D25642C5465737F
:100FA0007449443D256C752C537765657049443D03
:100FB000256C752C4A696749443D25732C4D6F7427
:100FC0006F7249443D25732C446972656374696F7F
:100FD0006E3D25732C506F6C6963793D25732C52DF
:100FE000657365744170706C6965643D25642C524D
:100FF00065736574537461746556616C69643D25ED
:10100000642C4265666F7265496E74656772616CC7
:101010005465726D3D25732C4265666F72654C6137
:1010200073744572726F724465673D25732C426517
:10103000666F7265436F6D6D616E645261773D25B9
:10104000732C4265666F726546696C74657265647F
:10105000446572697661746976653D25732C4265D5
:10106000666F72654C6173744F75747075745374E8
:1010700065705261773D25732C4265666F726546D7
:101080006565646261636B496E697469616C697AF4
:1010900065643D25642C4265666F726546656564CE
:1010A0006261636B41636365707465643D256C7553
:1010B0002C4265666F72654F7574707574456C650A
:1010C0006374726963616C506F736974696F6E5297
:1010D00061773D25752C4265666F72654F7574703A
:1010E0007574506F7765723D25732C4265666F721B
:1010F000654F7574707574456E61626C65643D25ED
:10110000642C4166746572496E74656772616C54D3
:1011100065726D3D25732C41667465724C61737404
:101120004572726F724465673D25732C4166746524
:1011300072436F6D6D616E645261773D25732C4112
:101140006674657246696C7465726564446572693B
:101150007661746976653D25732C41667465724CC1
:101160006173744F757470757453746570526177E0
:101170003D25732C416674657246656564626163E2
:101180006B496E697469616C697A65643D25642C8C
:101190004166746572466565646261636B41636351
:1011A00065707465643D256C752C41667465724F7D
:1011B0007574707574456C656374726963616C50A5
:1011C0006F736974696F6E5261773D25752C416646
:1011D0007465724F7574707574506F7765723D25C4
:1011E000732C41667465724F7574707574456E61C9
:1011F000626C65643D25642C486F6D65526573753E
:101200006C743D25732C486F6D654475726174690B
:101210006F6E4D733D256C752C486F6D6555706410
:10122000617465436F756E743D256C752C486F6DE8
:1012300065496E697469616C4572726F7244656765
:101240003D25732C486F6D6546696E616C45727201
:101250006F724465673D25732C486F6D65496E69F3
:101260007469616C436F6D6D616E645261773D2589
:101270006C642C486F6D6546696E616C436F6D6D73
:10128000616E645261773D256C640D0A00534841DC
:10129000444F575F4D4554412C536368656D61560B
:1012A000657273696F6E3D25642C5465737449448F
:1012B0003D256C752C537765657049443D256C75EB
:1012C0002C4A696749443D25732C4D6F746F7249F0
:1012D000443D25732C4F6666696369616C3D302C13
:1012E000436F6E747261637456657273696F6E3D9D
:1012F00025732C5369676E6564436F6E76656E74F3
:10130000696F6E3D25732C5265666572656E636507
:10131000446566696E6974696F6E3D25732C43611F
:101320006E6F6E6963616C4D65616E536F7572634C
:10133000653D25732C4D616446696C746572696EF8
:1013400067456E61626C65643D302C54696D696EF1
:10135000674D6F64653D4241434B5F544F5F42416F
:10136000434B2C52657175697265644163636570A6
:1013700074656453616D706C65733D25752C4D61AA
:10138000785472616E73616374696F6E733D257515
:101390002C4D6178436F6E7365637574697665462D
:1013A00061696C757265733D25752C4D6178456C6E
:1013B000617073656455733D256C752C4D61784A79
:1013C000756D705261773D256C640D0A00414C4C7F
:1013D0005F544945523100504F494E54305F4341AC
:1013E0004E4F4E4943414C5F4D45414E004D4541A6
:1013F00053555245445F4D494E55535F54415247F2
:10140000455400444154412C25642C256C752C25F1
:101410006C752C25732C25732C25732C25642C2599
:10142000752C25752C25732C25730D0A004143510D
:101430002C25642C256C752C256C752C25732C257E
:10144000642C256C752C25752C25752C3078253051
:1014500032580D0A004D4F54494F4E2C5363686566
:101460006D6156657273696F6E3D25642C546573AA
:101470007449443D256C752C537765657049443D2E
:10148000256C752C4A696749443D25732C4D6F7452
:101490006F7249443D25732C446972656374696FAA
:1014A0006E3D25732C506F696E743D25642C52611E
:1014B0006D70416363657074656453616D706C65D4
:1014C000733D25752C536574746C65526573756C2A
:1014D000743D25732C53746162696C69747956612B
:1014E0006C69643D25642C54617267657450726F39
:1014F00078696D69747956616C69643D25642C5313
:101500006574746C6556616C69643D25642C506F1C
:10151000736974696F6E4572726F725261773D259F
:10152000732C506F736974696F6E4572726F724479
:1015300065673D25732C506F6C6C436F756E743D01
:1015400025750D0A00534841444F575F44415441AB
:101550002C25642C256C752C256C752C25732C255D
:10156000732C25732C25642C25732C25732C257343
:101570000D0A00534841444F575F4143512C2564A5
:101580002C256C752C256C752C25732C25642C252D
:101590006C752C256C752C25752C25752C25752CBA
:1015A00025752C25752C25730D0A004D4F54494F78
:1015B0004E5F524553554C542C536368656D6156CC
:1015C000657273696F6E3D25642C5465737449446C
:1015D0003D256C752C537765657049443D256C75C8
:1015E0002C4A696749443D25732C4D6F746F7249CD
:1015F000443D25732C446972656374696F6E3D25A3
:10160000732C436F6E747261637456657273696F85
:101610006E3D25732C436F6E74696E756F757353D1
:1016200077656570436F6E746578743D25732C43E0
:101630006F6E746578745265616371756972654324
:101640006F756E743D256C752C436F6E7465787480
:1016500052656164417474656D7074733D256C7579
:101660002C436F6E74657874416363657074656450
:1016700053616D706C65733D256C752C436F6E7492
:10168000657874526574726965733D256C752C4379
:101690006F6E746578745472616E73706F72744596
:1016A00072726F72733D256C752C436F6E74657822
:1016B000744A756D7052656A656374733D256C7507
:1016C0002C436F6E746578744661696C6564536110
:1016D0006D706C65733D256C752C52616D70526533
:1016E0006164417474656D7074733D256C752C5222
:1016F000616D70416363657074656453616D706C96
:1017000065733D256C752C52616D705265747269FC
:1017100065733D256C752C52616D705472616E73EA
:10172000706F72744572726F72733D256C752C52B6
:10173000616D704A756D7052656A656374733D259D
:101740006C752C52616D704661696C656453616D96
:10175000706C65733D256C752C536574746C6552A3
:10176000656164417474656D7074733D256C752C8E
:10177000536574746C65416363657074656453612B
:101780006D706C65733D256C752C536574746C6558
:10179000526574726965733D256C752C536574745C
:1017A0006C655472616E73706F72744572726F7291
:1017B000733D256C752C536574746C654A756D703A
:1017C00052656A656374733D256C752C536574743A
:1017D0006C654661696C656453616D706C65733DE1
:1017E000256C752C536574746C65506F696E7473D9
:1017F0003D25642C53746162696C69747956616C1F
:101800006964506F696E74733D25642C546172670E
:10181000657450726F78696D69747956616C69642A
:10182000506F696E74733D25642C536574746C65D8
:1018300056616C6964506F696E74733D25642C53F6
:101840006574746C6554696D656F7574506F696EFD
:1018500074733D25642C536574746C6557726F6E98
:1018600067506F736974696F6E506F696E74733D02
:1018700025642C536574746C6553746162696C697A
:10188000747956616C69643D25642C536574746C7D
:101890006554617267657450726F78696D697479A7
:1018A00056616C69643D25642C536574746C65568F
:1018B000616C69643D25642C4D61784162735365A8
:1018C00074746C65506F736974696F6E4572726F72
:1018D000725261773D25732C4D6178416273536577
:1018E00074746C65506F736974696F6E4572726F52
:1018F000724465673D25730D0A00524553554C549B
:101900002C536368656D6156657273696F6E3D2512
:10191000642C5465737449443D256C752C5377656C
:10192000657049443D256C752C4A696749443D25DD
:10193000732C4D6F746F7249443D25732C4469724A
:10194000656374696F6E3D25732C436170747572A5
:101950006564506F696E74733D25642C416E616CD3
:1019600079736973506F696E74733D25642C4D658E
:10197000616E44433D25732C524D535F41433D25D9
:10198000732C41313D25732C41323D25732C41335D
:101990003D25732C41363D25732C41393D25732C53
:1019A0004131323D25732C4131383D25732C413274
:1019B000373D25732C4133363D25732C4134353D5D
:1019C00025732C4137323D25732C413130383D256C
:1019D000732C48315F506861736553776565704457
:1019E00065673D25732C48325F5068617365537796
:1019F0006565704465673D25732C48335F506861A9
:101A0000736553776565704465673D25732C48366B
:101A10005F506861736553776565704465673D2500
:101A2000732C48395F5068617365537765657044FE
:101A300065673D25732C4831325F5068617365538B
:101A4000776565704465673D25732C4831385F5074
:101A50006861736553776565704465673D25732CD0
:101A60004832375F506861736553776565704465C8
:101A7000673D25732C4833365F5068617365537733
:101A80006565704465673D25732C4834355F506843
:101A900061736553776565704465673D25732C48B0
:101AA00037325F5068617365537765657044656769
:101AB0003D25732C483130385F506861736553772A
:101AC0006565704465673D25732C41343D25732C55
:101AD00048345F5068617365537765657044656726
:101AE0003D25732C41383D25732C48385F50686183
:101AF000736553776565704465673D25732C4D6F3D
:101B0000746F72506F6C65436F756E743D25752CE4
:101B10004D6F746F72506F6C6550616972733D25C3
:101B2000752C456C656374726963616C5269707081
:101B30006C654D756C7469706C653D25752C456CD4
:101B4000656374726963616C526970706C654F7221
:101B50006465723D25752C41456C656374726963DB
:101B6000616C363D25732C456C65637472696361E5
:101B70006C365F506861736553776565704465675F
:101B80003D25732C456C656374726963616C5269A1
:101B900070706C6556616C69643D25642C50686199
:101BA000736556616C69644D61736B3D30782530A7
:101BB00034582C446F6D696E616E7453656C656347
:101BC0007465644F726465723D25752C446F6D6950
:101BD0006E616E7453656C6563746564416D706CA1
:101BE00069747564653D25732C446F6D696E616E13
:101BF0007453656C6563746564456E65726779528C
:101C00006174696F3D25732C4C65676163794D6F15
:101C100064656C49643D48534554365F56312C4CDD
:101C200065676163794F72646572733D317C327CA4
:101C3000337C367C31327C31382C4C65676163797A
:101C40004D6F64656C56616C69643D25642C52650A
:101C500073696475616C5F524D535F48363D2573FF
:101C60002C526573696475616C5F524D535F4833E4
:101C7000363D25732C526573696475616C5F524DF6
:101C8000535F46756C6C3D25732C466974746564AE
:101C90005F5032503D25732C4669744578706C61F5
:101CA000696E6564526174696F3D25732C45787463
:101CB000656E6465644D6F64656C49643D48534569
:101CC0005431325F56312C457874656E6465644FCB
:101CD00072646572733D317C327C337C367C397C36
:101CE00031327C31387C32377C33367C34357C374A
:101CF000327C3130382C457874656E6465644D6F84
:101D000064656C56616C69643D25642C5265736929
:101D10006475616C5F524D535F457874656E6465A0
:101D2000643D25732C4669747465645F5032505F5E
:101D3000457874656E6465643D25732C4669744509
:101D400078706C61696E6564526174696F5F457823
:101D500074656E6465643D25732C4D6F746F725F9E
:101D60004572726F725F5032505F4465673D2573F4
:101D70002C4D6F746F725F53797374656D5F494E4C
:101D80004C5F4465673D25732C43726573744661EF
:101D900063746F723D25732C5039395F416273440F
:101DA0006576696174696F6E3D25732C5472616349
:101DB0006B696E6756616C69643D25642C54726171
:101DC000636B696E674572726F725F524D535F4409
:101DD00065673D25732C547261636B696E6745724C
:101DE000726F725F4D61784162735F4465673D2534
:101DF000732C46656174757265436F6D707574659B
:101E000054696D654D733D256C750D0A005348414D
:101E1000444F575F524553554C542C536368656D7E
:101E20006156657273696F6E3D25642C54657374D9
:101E300049443D256C752C537765657049443D25B3
:101E40006C752C4A696749443D25732C4D6F746F3E
:101E50007249443D25732C4F6666696369616C3D28
:101E6000302C436F6E747261637456657273696F60
:101E70006E3D25732C56616C69643D25642C416E62
:101E8000616C79736973506F696E74733D25642C4E
:101E90004D65616E44433D25732C524D535F414364
:101EA0003D25732C4133363D25732C5032503D2552
:101EB000732C506F696E74304D65616E526177514D
:101EC00031363D25732C4572726F723052617751F5
:101ED00031363D25732C436C6F7375726545727294
:101EE0006F725261775131363D25732C436C6F739D
:101EF0007572654572726F724465673D25732C4338
:101F00006C6F737572654C696D69744465673D30BB
:101F10002E32303030302C436C6F737572655661E1
:101F20006C69643D25642C4C65676163794D696E0D
:101F3000757343616E6F6E6963616C524D533D25DD
:101F4000732C4C65676163794D696E757343616E7F
:101F50006F6E6963616C4133363D25732C41747437
:101F6000656D70746564506F696E74733D25642C83
:101F70004361707475726564506F696E74733D254A
:101F8000642C5472616E73616374696F6E733D2566
:101F90006C752C416363657074656453616D706C1E
:101FA00065733D256C752C5370694661696C75725B
:101FB00065733D256C752C4A756D7052656A656355
:101FC00074733D256C752C4D657461646174614951
:101FD0006E76616C69643D256C752C4661696C6533
:101FE00064506F696E74733D256C752C536B69700A
:101FF000706564536C6F74733D256C752C54696DFA
:10200000696E674F76657272756E733D256C752CBF
:102010004D617841627354696D696E674572726F84
:10202000724379636C65733D256C752C4D61784303
:102030006F6E73656375746976654661696C7572F8
:1020400065734F627365727665643D256C752C46C9
:10205000656174757265436F6D7075746554696DF3
:10206000654D733D256C752C417070726F616368AE
:1020700050726F746F636F6C3D25732C417070727A
:102080006F6163685374727563747572616C5661C5
:102090006C69643D25730D0A00534841444F575FF6
:1020A0004D41442C536368656D6156657273696F69
:1020B0006E3D25642C5465737449443D256C752C24
:1020C000537765657049443D256C752C4A696749AD
:1020D000443D25732C4D6F746F7249443D25732C1C
:1020E000446972656374696F6E3D25732C4F666633
:1020F000696369616C3D302C506F696E74496E6420
:1021000065783D25642C436F6D70757465643D255D
:10211000642C43616E646964617465436F756E74A9
:102120003D256C752C52656A6563746564436F75F3
:102130006E743D256C752C526F62757374436F75A8
:102140006E743D256C752C52656A656374466C6FC0
:102150006F7252656C5261773D256C642C506F69CB
:102160006E744D65616E5261775131363D25732C29
:102170004D616446696C74657265644D65616E524B
:1021800061775131363D25732C44656C7461526121
:10219000775131363D25730D0A00434C4F5355524C
:1021A000455F50524F42452C536368656D615665DB
:1021B0007273696F6E3D25642C5465737449443D98
:1021C000256C752C537765657049443D256C752CDD
:1021D0004A696749443D25732C4D6F746F724944B9
:1021E0003D25732C446972656374696F6E3D257378
:1021F0002C4F6666696369616C3D302C50726F7458
:102200006F636F6C3D25732C53746167653D257357
:102210002C506F696E743D25752C436F6D6D616E2A
:10222000645261773D256C642C506F7765723D3147
:102230002E30303030302C4E6F6D696E616C486FCF
:102240006C644D733D256C752C43617074757265BB
:102250005374617274456C61707365644D733D2590
:102260006C752C43617074757265456E64456C6164
:10227000707365644D733D256C752C506F696E7479
:102280004D65616E5261775131363D25732C436C3B
:102290006F737572654572726F7252617751313624
:1022A0003D25732C436C6F737572654572726F7246
:1022B0004465673D25732C57696E646F77503250C3
:1022C0005261773D25732C57696E646F7750325099
:1022D0004465673D25732C57696E646F7744726956
:1022E00066745261773D25732C57696E646F77442D
:1022F000726966744465673D25732C5472616E7310
:10230000616374696F6E733D256C752C4163636501
:102310007074656453616D706C65733D256C752CCC
:102320005370694661696C757265733D256C752CD7
:102330004A756D7052656A656374733D256C752CC2
:102340004D65746164617461496E76616C69643D68
:10235000256C752C536B6970706564536C6F747366
:102360003D256C752C54696D696E674F7665727288
:10237000756E733D256C752C4D6178436F6E73657A
:102380006375746976654661696C757265734F62D1
:102390007365727665643D256C752C416371756952
:1023A000736974696F6E526573756C743D25732C17
:1023B00056616C69643D25640D0A00434C4F5355CA
:1023C00052455F50524F42455F524553554C542C35
:1023D000536368656D6156657273696F6E3D256400
:1023E0002C5465737449443D256C752C5377656591
:1023F0007049443D256C752C4A696749443D2573F5
:102400002C4D6F746F7249443D25732C446972657D
:102410006374696F6E3D25732C4F666669636961ED
:102420006C3D302C50726F746F636F6C3D25732C54
:10243000456E61626C65643D25642C5374617274F1
:1024400065643D25642C436F6D706C6574653D2536
:10245000642C457870656374656453746167657353
:102460003D25752C417474656D7074656453746199
:102470006765733D256C752C56616C696453746196
:102480006765733D256C752C506F73745475726E4F
:1024900054696D696E67436F6D70617261626C65DE
:1024A0003D25642C4163717569736974696F6E525F
:1024B0006573756C743D25732C5374617475733D2D
:1024C00025730D0A00415050524F4143485F524519
:1024D00053554C542C536368656D6156657273692E
:1024E0006F6E3D25642C5465737449443D256C75AD
:1024F0002C537765657049443D256C752C4A696796
:1025000049443D25732C4D6F746F7249443D2573CA
:102510002C446972656374696F6E3D25732C4F6638
:1025200066696369616C3D302C50726F746F636FC4
:102530006C3D25732C537461727465643D312C437A
:102540006F6D706C6574653D25642C537461747592
:10255000733D25732C417070726F616368426163D3
:102560006B6F66665261773D256C642C41707072AA
:102570006F61636852616D70537465705261773D2D
:1025800025642C417070726F61636852616D704494
:10259000656C61794D733D25642C423042536F6602
:1025A00074537461727450726F746F636F6C3D25F5
:1025B000732C423042437265657050726F746F6362
:1025C0006F6C3D25732C4261636B6F666643726569
:1025D0006570526573756C743D25732C4261636B35
:1025E0006F66664372656570497465726174696F80
:1025F0006E733D256C752C4261636B6F666643722A
:10260000656570546F74616C5261773D25732C461B
:102610006F72776172644372656570526573756C31
:10262000743D25732C466F727761726443726565E1
:1026300070497465726174696F6E733D256C752C99
:10264000466F72776172644372656570546F74612E
:102650006C5261773D25732C423042466565646655
:102660006F727761726450726F746F636F6C3D2527
:10267000732C46656564666F72776172644261634C
:102680006B6F6666426961735261773D25642C46C3
:10269000656564666F7277617264466F72776172A6
:1026A00064426961735261773D25642C4261636BBA
:1026B0006F6666457874656E73696F6E5374657086
:1026C0007345786563757465643D256C752C466F3C
:1026D0007277617264457874656E73696F6E537456
:1026E00065707345786563757465643D256C752CFC
:1026F0004261636B6F666646656564666F7277619B
:1027000072645461726765744572726F7252617758
:102710003D25732C466F7277617264466565646609
:102720006F72776172645461726765744572726F1B
:10273000725261773D25732C4261636B6F6666460A
:10274000656564666F7277617264547261636B6908
:102750006E6756616C69643D25642C466F727761C3
:10276000726446656564666F727761726454726103
:10277000636B696E6756616C69643D25642C4170BA
:1027800070726F61636845787065637465645374D3
:102790006570733D25642C417070726F6163684988
:1027A0006E697469616C536574746C655265737598
:1027B0006C743D25732C417070726F616368426167
:1027C000636B6F6666536574746C65526573756C84
:1027D000743D25732C417070726F616368506F692E
:1027E0006E7430536574746C65526573756C743DAA
:1027F00025732C417070726F6163684261636B6F07
:102800006666537465707345786563757465643D79
:10281000256C752C417070726F616368466F7277BA
:10282000617264537465707345786563757465642B
:102830003D256C752C417070726F616368537465CF
:1028400070436F756E7456616C69643D25642C41EC
:102850007070726F616368446972656374696F6EEA
:1028600056616C69643D25642C4261636B6F6666DA
:10287000446972656374696F6E56616C69643D2565
:10288000642C417070726F61636841637175697324
:102890006974696F6E436C65616E3D25642C41708F
:1028A00070726F6163685374727563747572616C72
:1028B00056616C69643D25642C4261636B6F66668A
:1028C0004F6273657276656444656C7461526177BA
:1028D0003D25732C4261636B6F6666546172676558
:1028E000744572726F725261773D25732C4170701E
:1028F000726F6163684F6273657276656444656C7C
:1029000074615261773D25732C417070726F616301
:10291000685461726765744572726F725261773D77
:1029200025732C417070726F6163685265747572A3
:102930006E4572726F725261773D25732C417070D3
:10294000726F6163684D6F74696F6E5175616C6908
:102950006669636174696F6E3D554E43414C4942EF
:1029600052415445440D0A00415050524F41434892
:102970005F53544550532C536368656D61566572BF
:1029800073696F6E3D25642C5465737449443D250D
:102990006C752C537765657049443D256C752C4AE0
:1029A000696749443D25732C4D6F746F7249443DEE
:1029B00025732C4F6666696369616C3D302C4C65EC
:1029C000673D4241434B4F46462C53746570436FFD
:1029D000756E743D25752C556E77726170706564E7
:1029E0005261773D25730D0A00415050524F4143CB
:1029F000485F53544550532C536368656D61566569
:102A00007273696F6E3D25642C5465737449443D3F
:102A1000256C752C537765657049443D256C752C84
:102A20004A696749443D25732C4D6F746F72494460
:102A30003D25732C4F6666696369616C3D302C4C93
:102A400065673D464F52574152442C53746570435D
:102A50006F756E743D25752C556E7772617070655B
:102A6000645261773D25730D0A0053574545505F09
:102A700052414D505F53544550532C536368656D1C
:102A80006156657273696F6E3D25642C546573746D
:102A900049443D256C752C537765657049443D2547
:102AA0006C752C4A696749443D25732C4D6F746FD2
:102AB0007249443D25732C4F6666696369616C3DBC
:102AC000302C546F506F696E74496E6465783D2583
:102AD0006C752C53746570436F756E743D25752C41
:102AE000556E777261707065645261773D25730D24
:102AF0000A00534841444F575F454E442C53636886
:102B0000656D6156657273696F6E3D25642C546501
:102B1000737449443D256C752C5377656570494441
:102B20003D256C752C4A696749443D25732C4D6FD2
:102B3000746F7249443D25732C4F66666963696101
:102B40006C3D302C537461727465643D25642C4176
:102B50007474656D70746564506F696E74733D252F
:102B6000642C4361707475726564506F696E747320
:102B70003D25642C4163717569736974696F6E5288
:102B80006573756C743D25732C5374617475733D56
:102B900025730D0A004D6F746F72206F6666736542
:102BA000743A2025750D0A004D6F746F7220616EA6
:102BB000676C65206F66667365743A2025732064C0
:102BC00065677265650D0A004D41363030207374BB
:102BD000617274207261773D257520636F756E7424
:102BE0003D256C642066696C74657265643D25736F
:102BF00020726177416E676C653D2573206465675F
:102C00007265650D0A004E4C20637572766520254D
:102C1000643A20616E676C653D2573206572726F42
:102C2000723D2573206465670D0A004E4C20706F5D
:102C3000696E7473206E6F7420736574746C656450
:102C40002077697468696E20256C646D7320256433
:102C50003A2025642F25640D0A004E4C20616273D2
:102C60006F6C7574652065787472656D612025647C
:102C70003A206D61785F7261773D25752028257354
:102C80002064656729206D696E5F7261773D2575E7
:102C90002028257320646567290D0A004E4C2068A2
:102CA00061726D6F6E69633120286D6F756E746926
:102CB0006E672F636F6E63656E7472696369747992
:102CC000207369676E6174757265292025643A20E6
:102CD000616D706C69747564653D25732070686101
:102CE00073653D2573206465670D0A004E4C2068AE
:102CF00061726D6F6E6963362028686973746F72D4
:102D00006963616C207265666572656E63652C200F
:102D100073656520524553554C54277320446F6D9D
:102D2000696E616E7453656C65637465644F72643B
:102D30006572292025643A20616D706C6974756430
:102D4000653D25732070686173653D25732064655A
:102D5000670D0A004E4C20646F6D696E616E7420C1
:102D60006861726D6F6E69632025643A206F7264CA
:102D700065723D257520616D706C69747564653D83
:102D80002573206465670D0A004E4C207261772020
:102D90007065616B2D746F2D7065616B20256420EB
:102DA0002873696E676C65206D61782D6D696E2C76
:102DB00020666F7220636F6D70617269736F6E2928
:102DC0003A202573206465677265650D0A004E4CD4
:102DD0002054432070657263656E74696C652025AC
:102DE000643A2050353D2573205039353D257320F8
:102DF00072616E67653D2573206465677265650D58
:102E00000A004E4C20544320726D732025643A20F2
:102E10002573206465677265650D0A004D41363083
:102E20003020526177204E6F6E6C696E6561722042
:102E3000256420416E676C653A20257320646567C0
:102E40007265650D0A004D413630302046696C745C
:102E500065722D526177204D617820446966662045
:102E600025643A202573206465677265650D0A0044
:102E70004E6F6E6C696E65617220256420494E56F6
:102E8000414C49443A20747261636B696E673D2519
:102E900064206163717569736974696F6E3D257330
:102EA00020736574746C65643D25642F25640D0A78
:102EB00000454E442C536368656D615665727369B5
:102EC0006F6E3D25642C5465737449443D256C75C3
:102ED0002C537765657049443D256C752C446972A7
:102EE000656374696F6E3D25732C436170747572F0
:102EF0006564506F696E74733D25642C416E616C1E
:102F000079736973506F696E74733D25642C5472C4
:102F100061636B696E6756616C69643D25642C530F
:102F20006574746C6553746162696C697479566117
:102F30006C69643D25642C536574746C65546172CE
:102F400067657450726F78696D69747956616C69E0
:102F5000643D25642C536574746C6556616C6964BA
:102F60003D25642C4163717569736974696F6E5294
:102F70006573756C743D25732C5374617475733D62
:102F800025730D0A00505245434F4E444954494F52
:102F90004E5F5052455F4D4F544F52004241544393
:102FA000485F5052455F4D4F544F5200476574740F
:102FB000696E6720726573756C74210D0A004D6F20
:102FC000746F72204552524F523A204535303720A7
:102FD00028636F6E74726F6C2D73657373696F6E97
:102FE00020726573657420766572696669636174C1
:102FF000696F6E206661696C656429210D0A004D58
:1030000041363030206D6F76652D746F2D7A657284
:103010006F3A206572726F723D2573206465672078
:10302000736574746C65643D256C642F256C642035
:10303000636D64506F733D256C640D0A004D6F74B1
:103040006F72204552524F523A2045353032210D91
:103050000A004D6F746F72204552524F523A20450C
:1030600035303320286D6F76652D746F2D7A65723B
:103070006F20646964206E6F7420636F6E76657272
:1030800067652077697468696E20256C64206D73AC
:1030900029210D0A004D6F746F72204552524F5214
:1030A0003A204535303420286D6F76652D746F2DAC
:1030B0007A65726F20656E636F64657220616371FB
:1030C0007569736974696F6E206661696C656429DE
:1030D000210D0A004D6F746F72204552524F523AC3
:1030E0002045353035202873776565702061637120
:1030F0007569736974696F6E206661696C65643A9D
:1031000020257329210D0A004D6F746F72204552DE
:10311000524F523A20453530362028737765657016
:10312000206163717569736974696F6E20696E7669
:10313000616C69643B20696E7370656374204D45F2
:1031400054412F454E4429210D0A00505245434F0A
:103150004E444954494F4E5F524553554C542C539D
:103160006368656D6156657273696F6E3D25642C89
:10317000426174636849443D256C752C4379636CE6
:10318000654F726465723D256C752C546573744986
:10319000443D256C752C50726F746F636F6C3D25C8
:1031A000732C52756E526F6C653D505245434F4EB5
:1031B000444954494F4E2C456C696769626C6546B9
:1031C0006F72537461746973746963733D302C5307
:1031D00074617475733D56414C49440D0A004D416C
:1031E00036303020526177204E6F6E6C696E6561AB
:1031F000722046696E616C20417665726167653A3E
:10320000202573206465677265650D0A004D6F7433
:103210006F72204F4B210D0A0042415443482C420B
:103220006174636849443D256C752C5374617475F1
:10323000733D4641494C45442C4379636C654F725C
:103240006465723D256C752C52756E4F72646572A3
:103250003D256C752C52756E526F6C653D25730D56
:103260000A0042415443482C426174636849443D1A
:10327000256C752C5374617475733D434F4D504CE0
:103280004554452C507265636F6E646974696F6E46
:10329000436F756E743D256C752C52756E436F755A
:1032A0006E743D256C752C546F74616C4379636C3E
:1032B00065436F756E743D256C752C507265636F38
:1032C0006E646974696F6E56616C69643D312C502F
:1032D0007265636F6E646974696F6E52756E735553
:1032E0007365643D256C752C507265636F6E6469FF
:1032F00074696F6E53746162696C69747944656C4A
:1033000074614465673D25730D0A0042415443488A
:103310002C426174636849443D256C752C5374617B
:103320007475733D434F4F4C444F574E5F53544158
:1033300052542C4379636C654F726465723D256C01
:10334000752C52756E4F726465723D256C752C52EA
:10335000756E526F6C653D25732C54617267657490
:103360004D733D256C752C50726F746F636F6C3D9F
:1033700025730D0A00424F4F545F534D4F4B45008C
:103380004D413630302053544154555320707265AE
:10339000636865636B206661696C6564204E564D99
:1033A000423D2564204352433D2564204D454D3D1B
:1033B0002564205041523D25643B2062617463685E
:1033C00020726566757365640D0A00424154434876
:1033D0002C426174636849443D256C752C537461BB
:1033E0007475733D53544152542C507265636F6E23
:1033F000646974696F6E50726F746F636F6C3D2592
:10340000732C507265636F6E646974696F6E436F7D
:10341000756E743D256C752C52756E436F756E74A8
:103420003D256C752C546F74616C4379636C6543F6
:103430006F756E743D256C752C436F6F6C646F7780
:103440006E5461726765744D733D256C750D0A008D
:1034500042415443482C426174636849443D256CA1
:10346000752C5374617475733D4641494C45442C29
:10347000526561736F6E3D434F4F4C444F574E5FE3
:10348000494E56414C49442C436F6D706C657465D0
:10349000644379636C654F726465723D256C752C6D
:1034A0004E6578744379636C654F726465723D252F
:1034B0006C752C5461726765744D733D256C752C69
:1034C00041637475616C4D733D256C752C546F6C44
:1034D0006572616E63654D733D256C750D0A005212
:1034E000554E54494D452C46726565486561703DA1
:1034F000256C752C4D696E4576657246726565481A
:103500006561703D256C752C5465737453746163EB
:103510006B486967685761746572576F7264733D71
:10352000256C750D0A004E4F545F52554E004F4B9F
:10353000004143515549534954494F4E5F455252FA
:103540004F52004E4F545F4150504C494341424C02
:103550004500494E495449414C5F534554544C45EC
:103560005F4641494C4544004241434B4F46465F0C
:10357000534554544C455F4641494C454400504FD7
:10358000494E54305F534554544C455F4641494C75
:1035900045440057524F4E475F504F534954494F8F
:1035A0004E00444952454354494F4E5F4552524F95
:1035B0005200494E56414C49445F415247005350D6
:1035C000495F54494D454F5554005350495F45524A
:1035D000524F520053414D504C455F4A554D50009B
:1035E000434F4E4649475F4552524F520054494D52
:1035F000494E475F4D455441444154415F494E5601
:10360000414C4944004143515549534954494F4E57
:103610005F4255444745545F4558434545444544FA
:10362000004143515549534954494F4E5F54494D08
:10363000454F5554004D4154485F4F564552464CF6
:103640004F5700494E495449414C00484F4C445F44
:10365000353000484F4C445F31303000484F4C44C7
:103660005F32303000546573745461736B004A49A3
:103670004731004A494732004A4947330049444CE0
:103680004500546D725100546D72205376630023CF
:103690002D302B2000686C4C00656667454647005E
:1036A0003031323334353637383941424344454678
:1036B000003031323334353637383961626364650E
:1036C00066000000C7FF0008CCFF0008DFFF00080D
:1036D000F0FF00081400010834000108420001084E
:1036E0004F0001085D0001086D0001087A00010823
:1036F0008A000108540201080000000000000000D8
:103700000000000000000000001000001800000091
:10371000000000000000000000000040A69B443BA9
:103720009A99993E0000A0400000C8430000803EE6
:10373000000000410000FB01FD01FC0126350108ED
:103740002E350108C235010811360108313501084E
:10375000433501082E350108523501086835010846
:103760007E350108313501082E350108C2350108C2
:1037700093350108313501082E350108A2350108BD
:10378000C2350108313501082E350108B23501086E
:10379000BE350108CA350108D4350108E0350108F5
:1037A000ED350108053601082136010835360108D6
:1037B000433601084B360108533601085C360108D0
:1037C000000000003200000064000000C80000009B
:1037D0006536010800000000000000000000000045
:1037E0000000000000200000200000000000000099
:1037F00000000000010203060C1201020306090C7E
:10380000121B242D486C000027003C000447343272
:10381000353535386E36010800000005000000001F
:10382000AD550A192C00250004473432353535389A
:10383000733601080000000500000000AD550A19AC
:103840003A004C000B5134303933363178360108A8
:103850000000000500000000AD550A19000000003E
:103860000102030400000000000000000102030444
:1038700006070809000610160006101600000000D2
:1038800059F3F8C21F6EA501000000000000F03FD0
:1038900000000080DB0F4940DB0F49C0DB0F49BF50
:1038A000E4CB1640E4CB16C0000FC93F000F4940DF
:1038B00000CB9640000FC9400053FB4000CB16419F
:1038C00000ED2F41000F49410031624100537B411F
:1038D000003A8A4100CB9641005CA34100EDAF4124
:1038E000007EBC41000FC94100A0D5410031E2413A
:1038F00000C2EE410053FB4100F20342003A0A428B
:103900000083104200CB164200141D42005C23428B
:1039100000A5294200ED2F4200363642007E3C428F
:1039200000C74242000F4942A2000000F900000017
:10393000830000006E0000004E0000004400000004
:103940001500000029000000FC0000002700000016
:1039500057000000D1000000F50000003400000016
:10396000DD000000C0000000DB000000620000007D
:1039700095000000990000003C000000430000009A
:103980009000000041000000FE0000005100000017
:1039900063000000AB000000DE000000BB00000080
:1039A000C500000061000000B70000002400000016
:1039B0006E0000003A000000420000004D000000D0
:1039C000D2000000E00000000600000049000000F6
:1039D0002E000000EA00000009000000D1000000F5
:1039E000920000001C000000FE0000001D0000000E
:1039F000EB0000001C000000B100000029000000E6
:103A0000A70000003E000000E80000008200000067
:103A100035000000F50000002E000000BB00000093
:103A20004400000084000000E90000009C00000049
:103A30007000000026000000B40000005F000000DD
:103A40007E000000410000003900000091000000ED
:103A5000D600000039000000830000005300000081
:103A600039000000F40000009C0000008400000009
:103A70005F0000008B000000BD000000F9000000A6
:103A8000280000003B0000001F000000F8000000BC
:103A900097000000FF000000DE00000005000000AD
:103AA000980000000F000000EF0000002F00000051
:103AB000110000008B0000005A0000000A00000006
:103AC0006D0000001F0000006D00000036000000C7
:103AD0007E000000CF00000027000000CB000000A7
:103AE00009000000B70000004F0000004600000081
:103AF0003F000000660000009E0000005F00000024
:103B0000EA0000002D000000750000002700000002
:103B1000BA000000C7000000EB000000E500000054
:103B2000F10000007B0000003D00000007000000E5
:103B300039000000F70000008A0000005200000079
:103B400092000000EA0000006B000000FB00000093
:103B50005F000000B10000001F0000008D000000A9
:103B60005D00000008000000560000000300000097
:103B70003000000046000000FC0000007B00000058
:103B80006B000000AB000000F0000000CF00000060
:103B9000BC000000200000009A000000F4000000BB
:103BA000360000001D000000A9000000E300000036
:103BB00091000000610000005E000000E6000000CF
:103BC0001B000000080000006500000099000000D4
:103BD000850000005F00000014000000A00000004D
:103BE00068000000400000008D000000FF000000A1
:103BF000D8000000800000004D00000073000000AD
:103C00002700000031000000060000000600000050
:103C10001500000056000000CA00000073000000FC
:103C2000A8000000C900000060000000E2000000E1
:103C30007B000000C00000008C0000006B00000052
:103C40006937AC3168212233B40F14336821A233B1
:103C50003863ED3EDA0F493F5E987B3FDA0FC93F8C
:103C60000000C93F0000F0390000DA370000A2333D
:103C70000000842E0000502B0000C2270000D0223C
:103C80000000C41F0000C61B000044170400000011
:083C900007000000090000001C
:083C980038C5FE7F01000000A9
:043CA000B501000862
:043CA4009101000882
:103CA8000024F4000100000010000000AAAAAAAA3B
:103CB80014000020000000008CE90120F4E9012034
:103CC8005CEA012000000000000000000000000085
:103CD80000000000000000000000000000000000DC
:103CE80000000000000000000000000000000000CC
:103CF80000000000000000000000000000000000BC
:040000050800893D29
:00000001FF
