:020000040800F2
:100000000000022045D6000871D4000879D4000809
:1000100081D4000889D4000891D4000800000000B1
:10002000000000000000000000000000316B01082B
:1000300099D4000800000000816D0108E141010829
:1000400095D6000895D6000895D6000895D60008E4
:1000500095D6000895D6000895D6000895D60008D4
:1000600095D6000895D6000895D6000895D60008C4
:10007000A9D4000895D60008BDD4000895D600087C
:10008000D1D40008E5D40008F9D4000895D60008BA
:1000900095D6000895D6000895D6000895D6000894
:1000A00095D6000895D6000895D6000895D6000884
:1000B0000DD5000895D6000895D6000895D60008FD
:1000C00095D6000821D5000835D5000895D600083A
:1000D00095D6000895D6000849D500085DD50008DA
:1000E00095D6000895D6000895D6000895D6000844
:1000F00095D6000871D5000895D600088DD5000862
:1001000095D6000895D6000895D6000895D6000823
:1001100095D6000895D6000895D6000895D6000813
:10012000A1D5000895D6000895D6000895D60008F8
:1001300095D60008000000000000000095D60008D9
:1001400095D6000895D6000895D6000895D60008E3
:1001500095D6000895D6000895D6000895D60008D3
:1001600095D6000895D6000895D6000895D60008C3
:1001700095D6000895D60008000000000000000099
:0801800095D6000895D6000891
:1001900010B5054C237833B9044B13B10448AFF3C1
:1001A00000800123237010BD6000002000000000CB
:1001B000EC90010808B5034B1BB103490348AFF3AA
:1001C000008008BD0000000064000020EC900108E1
:1001D00001F0FF01102A2BDB10F0070F08D010F8F8
:1001E000013B013A8B422DD010F0070F42B3F6D1FC
:1001F000F0B441EA012141EA014122F007047FF015
:1002000000070023F0E80256083C85EA010586EA6B
:10021000010685FA47F5A3FA87F586FA47F6A5FAA7
:1002200087F68EB9EED1F0BC01F0FF0102F00702B3
:1002300032B110F8013B013A83EA010313B1F8D15E
:100240000020704701387047002D06BF354603383F
:10025000073815F0010F07D1013015F4807F02BF78
:10026000013015F4C03F0130F0BC0138704700BFC9
:1002700081F0004102E000BF83F0004330B54FEA57
:1002800041044FEA430594EA050F08BF90EA020FC4
:100290001FBF54EA000C55EA020C7FEA645C7FEA57
:1002A000655C00F0E2804FEA5454D4EB5555B8BF7A
:1002B0006D420CDD2C4480EA020281EA030382EAEB
:1002C000000083EA010180EA020281EA0303362D7D
:1002D00088BF30BD11F0004F4FEA01314FF4801C50
:1002E0004CEA113102D0404261EB410113F0004F62
:1002F0004FEA03334CEA133302D0524263EB430319
:1003000094EA050F00F0A780A4F10104D5F1200EB6
:100310000DDB02FA0EFC22FA05F2801841F1000111
:1003200003FA0EF2801843FA05F359410EE0A5F1E5
:1003300020050EF1200E012A03FA0EFC28BF4CF016
:10034000020C43FA05F3C01851EBE37101F00045CC
:1003500007D54FF0000EDCF1000C7EEB00006EEBD9
:100360000101B1F5801F1BD3B1F5001F0CD3490863
:100370005FEA30004FEA3C0C04F101044FEA4452BA
:1003800012F5800F80F09A80BCF1004F08BF5FEA41
:10039000500C50F1000041EB045141EA050130BD21
:1003A0005FEA4C0C404141EB0101013C28BFB1F533
:1003B000801FE9D291F0000F04BF01460020B1FA7E
:1003C00081F308BF2033A3F10B03B3F120020CDA51
:1003D0000C3208DD02F1140CC2F10C0201FA0CF02F
:1003E00021FA02F10CE002F11402D8BFC2F1200C94
:1003F00001FA02F120FA0CFCDCBF41EA0C0190404A
:10040000E41AA2BF01EB0451294330BD6FEA040492
:100410001F3C1CDA0C340EDC04F11404C4F120027D
:1004200020FA04F001FA02F340EA030021FA04F38F
:1004300045EA030130BDC4F10C04C4F1200220FAE6
:1004400002F001FA04F340EA0300294630BD21FA24
:1004500004F0294630BD94F0000F83F4801306BFEA
:1004600081F480110134013D4EE77FEA645C18BFDE
:100470007FEA655C29D094EA050F08BF90EA020F75
:1004800005D054EA000C04BF1946104630BD91EA6D
:10049000030F1EBF0021002030BD5FEA545C05D170
:1004A0004000494128BF41F0004130BD14F58004AF
:1004B0003CBF01F5801130BD01F0004545F0FE4123
:1004C00041F470014FF0000030BD7FEA645C1ABF58
:1004D000194610467FEA655C1CBF0B46024650EA8F
:1004E000013406BF52EA033591EA030F41F40021BB
:1004F00030BD00BF90F0000F04BF0021704730B541
:100500004FF4806404F132044FF000054FF0000115
:1005100050E700BF90F0000F04BF0021704730B5D6
:100520004FF4806404F1320410F0004548BF4042AB
:100530004FF000013EE700BF42004FEAE2014FEA00
:1005400031014FEA02701FBF12F07F4393F07F4FDB
:1005500081F06051704732F07F4208BF704793F0DE
:100560007F4F04BF41F40021704730B54FF46074F1
:1005700001F0004521F000411CE700BF50EA0102F4
:1005800008BF704730B54FF000050AE050EA01029D
:1005900008BF704730B511F0004502D5404261EB0D
:1005A00041014FF4806404F132045FEA915C3FF44E
:1005B000D8AE4FF003025FEADC0C18BF03325FEAEB
:1005C000DC0C18BF033202EBDC02C2F1200300FA9C
:1005D00003FC20FA02F001FA03FE40EA0E0021FAC1
:1005E00002F11444BDE600BF70B54FF0FF0C4CF4AF
:1005F000E06C1CEA11541DBF1CEA135594EA0C0F61
:1006000095EA0C0F00F0DEF82C4481EA030621EA9B
:100610004C5123EA4C5350EA013518BF52EA0335D6
:1006200041F4801143F4801338D0A0FB02CE4FF088
:100630000005E1FB02E506F00042E0FB03E54FF0B8
:100640000006E1FB03569CF0000F18BF4EF0010EB0
:10065000A4F1FF04B6F5007F64F5407404D25FEAAC
:100660004E0E6D4146EB060642EAC62141EA55515F
:100670004FEAC52040EA5E504FEACE2EB4F1FD0CA1
:1006800088BFBCF5E06F1ED8BEF1004F08BF5FEA1F
:10069000500E50F1000041EB045170BD06F00046D1
:1006A00046EA010140EA020081EA0301B4EB5C047E
:1006B000C2BFD4EB0C0541EA045170BD41F4801176
:1006C0004FF0000E013C00F3AB8014F1360FDEBF9B
:1006D000002001F0004170BDC4F10004203C35DA77
:1006E0000C341BDC04F11404C4F1200500FA05F3FA
:1006F00020FA04F001FA05F240EA020001F000429B
:1007000021F0004110EBD37021FA04F642EB060110
:100710005EEA430E08BF20EAD37070BDC4F10C043A
:10072000C4F1200500FA04F320FA05F001FA04F2FE
:1007300040EA020001F0004110EBD37041F10001EA
:100740005EEA430E08BF20EAD37070BDC4F12005F5
:1007500000FA05F24EEA020E20FA04F301FA05F25D
:1007600043EA020321FA04F001F0004121FA04F205
:1007700020EA020000EBD3705EEA430E08BF20EAD5
:10078000D37070BD94F0000F0FD101F0004640000F
:1007900041EB010111F4801F08BF013CF7D041EA91
:1007A000060195F0000F18BF704703F00046520095
:1007B00043EB030313F4801F08BF013DF7D043EA66
:1007C0000603704794EA0C0F0CEA135518BF95EA1C
:1007D0000C0F0CD050EA410618BF52EA4306D1D1A3
:1007E00081EA030101F000414FF0000070BD50EAC2
:1007F000410606BF1046194652EA430619D094EA4C
:100800000C0F02D150EA013613D195EA0C0F05D135
:1008100052EA03361CBF104619460AD181EA030189
:1008200001F0004141F0FE4141F470014FF0000041
:1008300070BD41F0FE4141F4780170BD70B54FF0DC
:10084000FF0C4CF4E06C1CEA11541DBF1CEA13555C
:1008500094EA0C0F95EA0C0F00F0A7F8A4EB05043E
:1008600081EA030E52EA03354FEA013100F0888035
:100870004FEA03334FF0805545EA131343EA1263FE
:100880004FEA022245EA111545EA10654FEA0026B3
:100890000EF000419D4208BF964244F1FD0404F56C
:1008A000407402D25B084FEA3202B61A65EB0305C8
:1008B0005B084FEA32024FF480104FF4002CB6EB85
:1008C000020E75EB030E22BFB61A754640EA0C0005
:1008D0005B084FEA3202B6EB020E75EB030E22BF45
:1008E000B61A754640EA5C005B084FEA3202B6EB86
:1008F000020E75EB030E22BFB61A754640EA9C0045
:100900005B084FEA3202B6EB020E75EB030E22BF14
:10091000B61A754640EADC0055EA060E18D04FEAD2
:10092000051545EA16754FEA06164FEAC30343EA72
:1009300052734FEAC2025FEA1C1CC0D111F4801F3F
:100940000BD141EA00014FF000004FF0004CB6E738
:1009500011F4801F04BF01430020B4F1FD0C88BFD7
:10096000BCF5E06F3FF6AFAEB5EB030C04BFB6EBE2
:10097000020C5FEA500C50F1000041EB045170BDD5
:100980000EF0004E4EEA113114EB5C04C2BFD4EB02
:100990000C0541EA045170BD41F480114FF0000E86
:1009A000013C90E645EA060E8DE60CEA135594EA02
:1009B0000C0F08BF95EA0C0F3FF43BAF94EA0C0F05
:1009C0000AD150EA01347FF434AF95EA0C0F7FF47A
:1009D00025AF104619462CE795EA0C0F06D152EACE
:1009E00003353FF4FDAE1046194622E750EA4106B2
:1009F00018BF52EA43067FF4C5AE50EA41047FF4C3
:100A00000DAF52EA43057FF4EBAE12E74FF0FF3C27
:100A100006E000BF4FF0010C02E000BF4FF0010CF8
:100A20004DF804CD4FEA410C7FEA6C5C4FEA430C71
:100A300018BF7FEA6C5C1BD001B050EA410C0CBFC0
:100A400052EA430C91EA030F02BF90EA020F002022
:100A5000704710F1000F91EA030F58BF994208BF89
:100A600090422CBFD8176FEAE37040F00100704746
:100A70004FEA410C7FEA6C5C02D150EA013C07D19D
:100A80004FEA430C7FEA6C5CD6D152EA033CD3D0E8
:100A90005DF8040B704700BF8446104662468C46E2
:100AA0001946634600E000BF01B5FFF7B7FF002815
:100AB00048BF10F1000F01BD4DF808EDFFF7F4FF3E
:100AC0000CBF012000205DF808FB00BF4DF808EDC9
:100AD000FFF7EAFF34BF012000205DF808FB00BFEC
:100AE0004DF808EDFFF7E0FF94BF012000205DF80E
:100AF00008FB00BF4DF808EDFFF7CEFF94BF0120C3
:100B000000205DF808FB00BF4DF808EDFFF7C4FFBB
:100B100034BF012000205DF808FB00BF4FEA410C04
:100B20007FEA6C5C02D150EA013C0AD14FEA430CE7
:100B30007FEA6C5C02D152EA033C02D14FF0000024
:100B400070474FF0010070474A0011D212F50012B1
:100B500011D20DD56FF47873B3EB62520ED44FEA15
:100B6000C12343F0004343EA505323FA02F0704795
:100B70004FF00000704750EA013002D14FF0FF30D3
:100B800070474FF0000070474FEA4102B2F1E04376
:100B900024BFB3F5001CDCF1FE5C0DD901F0004C64
:100BA0004FEAC0024CEA5070B2F1004F40EB8300B4
:100BB00008BF20F00100704711F0804F21D113F1E0
:100BC0003872BCBF01F00040704741F480114FEA19
:100BD0005252C2F11802C2F1200C10FA0CF320FAA2
:100BE00002F018BF40F001004FEAC1234FEAD323BF
:100BF00003FA0CFC40EA0C0023FA02F34FEA430329
:100C0000CCE77FEA625307D150EA01331EBF4FF0B1
:100C1000FE4040F44000704701F0004040F0FE40CC
:100C200040F40000704700BF80F0004002E000BFC9
:100C300081F0004142001FBF5FEA410392EA030FC7
:100C40007FEA226C7FEA236C6AD04FEA1262D2EB11
:100C50001363C1BFD218414048404140B8BF5B4216
:100C6000192B88BF704710F0004F40F4000020F0AF
:100C70007F4018BF404211F0004F41F4000121F0C5
:100C80007F4118BF494292EA030F3FD0A2F101020F
:100C900041FA03FC10EB0C00C3F1200301FA03F14D
:100CA00000F0004302D5494260EB4000B0F5000F70
:100CB00013D3B0F1807F06D340084FEA310102F12F
:100CC0000102FE2A51D2B1F1004F40EBC25008BFE1
:100CD00020F0010040EA03007047490040EB0000AB
:100CE000013A28BFB0F5000FEDD2B0FA80FCACF1AC
:100CF000080CB2EB0C0200FA0CF0AABF00EBC250D9
:100D000052421843BCBFD0401843704792F0000FC6
:100D100081F4000106BF80F400000132013BB5E719
:100D20004FEA41037FEA226C18BF7FEA236C21D08F
:100D300092EA030F04D092F0000F08BF08467047F4
:100D400090EA010F1CBF0020704712F07F4F04D1C2
:100D5000400028BF40F00040704712F100723CBFD5
:100D600000F50000704700F0004343F0FE4040F4FF
:100D7000000070477FEA226216BF08467FEA2363BD
:100D80000146420206BF5FEA412390EA010F40F4A8
:100D9000800070474FF0000304E000BF10F00043F4
:100DA00048BF40425FEA000C08BF704743F09643DB
:100DB00001464FF000001CE050EA010208BF7047F6
:100DC0004FF000030AE000BF50EA010208BF70477D
:100DD00011F0004302D5404261EB41015FEA010C92
:100DE00002BF84460146002043F0B64308BFA3F18A
:100DF0008053A3F50003BCFA8CF2083AA3EBC2536C
:100E000010DB01FA02FC634400FA02FCC2F120028A
:100E1000BCF1004F20FA02F243EB020008BF20F0C1
:100E20000100704702F1200201FA02FCC2F1200227
:100E300050EA4C0021FA02F243EB020008BF20EA1C
:100E4000DC7070477BB972B90029BEBF00204FF03B
:100E5000004106E008BF00281CBF6FF000414FF0C2
:100E6000FF3000F0D3B9ADF1080C6DE904CE0029D4
:100E700009DB002B1ADB00F04DF8DDF804E0DDE9BA
:100E8000022304B07047404261EB4101002B1BDBA1
:100E900000F040F8DDF804E0DDE9022304B0404250
:100EA00061EB4101524263EB43037047524263EBF3
:100EB000430300F02FF8DDF804E0DDE9022304B07D
:100EC000404261EB41017047524263EB430300F043
:100ED00021F8DDF804E0DDE9022304B0524263EBBF
:100EE0004303704753B94AB9002908BF00281CBF03
:100EF0004FF0FF314FF0FF3000F088B9ADF1080C32
:100F00006DE904CE00F006F8DDF804E0DDE9022327
:100F100004B070472DE9F047089D0F4604468C4603
:100F2000002B48D18A42164661D9B2FA82F34BB1FE
:100F3000C3F1200201FA03FC20FA02F29E4042EAC9
:100F40000C0C9C404FEA164EB7B2BCFBFEF1220CD3
:100F50000EFB11CC42EA0C4201FB07F0904209D98A
:100F6000B21801F1FF3C80F0EE80904240F2EB803D
:100F700002393244121AA4B2B2FBFEF00EFB102268
:100F800044EA024400FB07F7A74209D9341900F1EB
:100F9000FF3280F0DA80A74240F2D7803444023832
:100FA00040EA0140E41B00211DB1DC400023C5E9FB
:100FB0000043BDE8F0878B4206D90DB1C5E90001B9
:100FC00000210846BDE8F087B3FA83F1002948D133
:100FD000BB4202D3824200F20781841A67EB03020C
:100FE00001209446002DE4D0C5E9004CE1E7002A39
:100FF00000F09280B2FA82F3002B40F0A8808A1AA7
:101000004FEA164E1FFA86FC0121200CB2FBFEF7B8
:101010000EFB172240EA02420CFB07F0904207D970
:10102000B21807F1FF3802D2904200F2E280474640
:10103000121AA4B2B2FBFEF00EFB102244EA0244E4
:101040000CFB00FCA44507D9341900F1FF3202D291
:10105000A44500F2CB801046A4EB0C0440EA074004
:10106000A2E7C1F120068B4022FA06FC4CEA030CF1
:1010700007FA01F420FA06F3F7404FEA1C4923432C
:1010800000FA01F81FFA8CFEB7FBF9F01C0C09FB03
:10109000107744EA074400FB0EF7A74202FA01F278
:1010A0000AD91CEB040400F1FF3A80F09B80A742B0
:1010B00040F2988002386444E41B9FB2B4FBF9F319
:1010C00009FB134447EA044403FB0EFEA64509D975
:1010D0001CEB040403F1FF3780F08280A6457FD922
:1010E000023B644443EA0040A4EB0E04A0FB02E789
:1010F000BC427346B94663D360D05DB1B8EB03021E
:1011000064EB090404FA06F622FA01F31E43CC400C
:10111000C5E9006400214CE76208480842EAC17151
:101120000B0C43EA00438AB242EA0342B3FBF6F1F6
:10113000E407B4463746B6461F23B0FBF6F0D21B91
:1011400041EA004161E7614614E7104628E7C3F130
:10115000200120FA01F29E4027FA01F19F403A4314
:101160004FEA164E1FFA86FCB1FBFEF70EFB171076
:10117000110C41EA004107FB0CF8884504FA03F41E
:101180003AD9711807F1FF3001D288451FD8A1EB79
:101190000801B1FBFEF808FB0CF70EFB181192B228
:1011A00042EA0142BA422FD2B21808F1FF31C6D248
:1011B000BA42C4D2A8F102013244C0E7F0459CD241
:1011C000BEEB020367EB0C070138B94695E7A6EBC7
:1011D00008084144B81EB1FBFEF808FB0CF7DCE739
:1011E0003B467FE7504667E70846FBE63444023853
:1011F00032E7023F32441BE7A1EB08013846B1FB5E
:10120000FEF808FB0CF7C8E7414698E7704700BFB7
:1012100080B582B000AF7860396000224FF4006181
:1012200004480DF035FC03F015FB00BF0837BD4640
:1012300080BD00BF0000024080B500AF00224FF427
:10124000006103480DF024FC03F004FB00BF80BDE7
:101250000000024080B500AF0022402102480DF09E
:1012600017FC00BF80BD00BF0004024080B500AF86
:101270000122402102480DF00BFC00BF80BD00BFE1
:101280000004024080B500AFFFF7F0FF00F090FDD2
:1012900000BF80BD80B483B000AF0346FB80FB88F5
:1012A00007EE903AF8EE677A9FED087A67EE877A54
:1012B0009FED077AC7EE876AF0EE667AB0EE670AAE
:1012C0000C37BD465DF8047B704700BF0000B44397
:1012D0000000804780B584B000AF78607B68002B49
:1012E00001D100232CE007F10F0319461A2000F06A
:1012F00085F80346002B01D0002321E0FB7B5BB285
:10130000DBB2DB09DAB27B681A70FB7B03F0040303
:10131000002B14BF01230023DAB27B685A70FB7BD9
:1013200003F00203002B14BF01230023DAB27B6811
:101330009A70FB7B03F00103DAB27B68DA70012359
:1013400018461037BD4680BD80B588B002AF7860C2
:1013500039603B68002B04D008220021386816F061
:1013600053F87B68002B01D101233CE00023BB81B3
:1013700000233B811E4B5B687B611E4B1B685B6AD5
:101380007B823B68002B08D03B687A691A603B6817
:101390007A8A9A803B6801229A71FFF75BFF07F116
:1013A000080207F10C010A2300930223124810F0EF
:1013B00063F903467B74FFF759FF7B7C032B01D154
:1013C000022310E07B7C002B01D003230BE03B7A4F
:1013D0001BB21B021AB27B7A1BB213431BB29AB226
:1013E0007B681A80002318461837BD4680BD00BFB1
:1013F000001000E0840200202C02002080B584B0A0
:1014000000AF03463960FB713B68002B01D101231B
:1014100037E000233B81FFF71DFFD2233B73FB79AD
:101420007B7307F10C010A23022218480FF0D7FE44
:101430000346FB73FFF71AFFFB7B002B06D0FB7BF9
:10144000032B01D102231CE003231AE0FFF702FF64
:1014500007F108010A2302220C480FF0FCFF0346A3
:10146000BB73FFF703FFBB7B002B06D0BB7B032BBB
:1014700001D1022305E0032303E07A7A3B681A7066
:10148000002318461037BD4680BD00BF2C02002047
:1014900080B584B002AFD723BB8000233B80FFF729
:1014A000D9FE3A46391D0A2300930223084810F05A
:1014B000E3F80346FB71FFF7D9FEFB79002B0CBF65
:1014C00001230023DBB218460837BD4680BD00BFAC
:1014D0002C02002080B584B000AF78600023FB6050
:1014E00007F10C031846FFF7F5FE034683F00103EE
:1014F000DBB2002B0AD07B68002B05D07B681A4634
:1015000007F10C0318681060002347E07B7B002B79
:1015100005D1BB7B002B02D1FB7B002B17D0FFF743
:10152000B7FF07F10C031846FFF7D4FE034683F01C
:101530000103DBB2002B0AD07B68002B05D07B684F
:101540001A4607F10C0318681060002326E07B6838
:10155000002B05D07B681A4607F10C031868106051
:101560003B7B83F00103DBB2002B13D07B7B83F04A
:101570000103DBB2002B0DD0BB7B83F00103DBB298
:10158000002B07D0FB7B83F00103DBB2002B01D0E3
:10159000012300E0002303F00103DBB218461037FB
:1015A000BD4680BD80B483B000AF78607B68002BFF
:1015B00016D07B6800221A707B6800225A807968F6
:1015C0004FF000024FF00003C1E902237B680022C4
:1015D0001A617B6800225A617B6800229A6100E0F0
:1015E00000BF0C37BD465DF8047B70472DE9B00F96
:1015F00089B000AFF8607A603B600B467B81FB6886
:10160000002B05D03B6C002B02D03B68002B01DA8D
:1016100001236CE0FB681B7883F00103DBB2002B35
:101620001CD0FB6801221A70FB687A895A807B897A
:1016300000229A469346FB68C3E902ABFB687A68CE
:101640001A61FB685B695A1CFB685A61FB68D3E945
:101650000223396CC1E90023002348E07B89FA6842
:1016600052889B1AFB61FB69B3F5004F04DDFB69EF
:10167000A3F58033FB6107E0FB6913F5004F03DA44
:10168000FB6903F58033FB61FB69002BB8BF5B424C
:10169000BB61BA693B689A4206DDFB689B695A1CCC
:1016A000FB689A61042322E0FB68D3E90223F9690D
:1016B000C8170C46054612EB040843EB0509C7E9B9
:1016C0000489FB687A895A80F968D7E90423C1E95B
:1016D0000223FB687A681A61FB685B695A1CFB6825
:1016E0005A61396CD7E90423C1E900230023184665
:1016F0002437BD46BDE8B00F7047000080B487B006
:1017000000AF786039604FF0FF337B6100233B61AD
:101710001DE07A683B6913441B781A467B69534085
:101720007B610023FB600CE07B6903F001035A42FC
:101730000D4B13407A69520853407B61FB680133BB
:10174000FB60FB68072BEFDD3B6901333B613A69C6
:101750003B689A42DDD37B69DB4318461C37BD46A4
:101760005DF8047B704700BF2083B8ED80B586B07C
:1017700000AF78607B68002B01D10123F8E03422B0
:101780000021786815F040FE0023FB730023BB7333
:1017900000237B730123FB75FB7D002B0AD007F12F
:1017A0000F0319460020FFF729FE0346002B01D145
:1017B000012300E00023FB75FB7D03F00103FB75B3
:1017C000FB7D002B0AD007F10E0319460120FFF71D
:1017D00015FE0346002B01D1012300E00023FB7519
:1017E000FB7D03F00103FB75FB7D002B0AD07B68BA
:1017F000043319460920FFF701FE0346002B01D1EF
:10180000012300E00023FB75FB7D03F00103FB7562
:10181000FB7D002B0AD07B68053319460D20FFF7AE
:10182000EDFD0346002B01D1012300E00023FB75F1
:10183000FB7D03F00103FB75FB7D002B0AD007F154
:101840000D0319461A20FFF7D9FD0346002B01D1DD
:10185000012300E00023FB75FB7D03F00103FB7512
:10186000FB7D002B0AD07B68073319461C20FFF74D
:10187000C5FD0346002B01D1012300E00023FB75C9
:10188000FB7D03F00103FB75FB7D002B0AD07B6819
:10189000083319461F20FFF7B1FD0346002B01D185
:1018A000012300E00023FB75FB7D03F00103FB75C2
:1018B000FB7B1AB2BB7B1BB21B021BB213431BB2D6
:1018C0009AB27B685A807A7B7B689A717B68002227
:1018D0005A8500233B6125E000233B733B69DBB263
:1018E0002033DBB207F10C0211461846FFF786FDE4
:1018F0000346002B03D00023FB7500233B73397B89
:101900007A683B69134409330A461A703B7B002B03
:1019100005D07B685B8D01339AB27B685A853B6941
:1019200001333B613B691F2BD6DD7B6809332021E6
:101930001846FFF7E3FE02467B68DA627B68FA7DB1
:101940001A70FB7D83F00103DBB2002B05D07B68AE
:10195000002283F8302005230AE07B685B8D002B92
:1019600001D1012200E002227B6883F830200023AD
:1019700018461837BD4680BD80B483B000AF78608C
:101980007B68002B0BD07B681B7883F00103DBB2F4
:10199000002B04D17B6893F83030002B01D1012358
:1019A00013E07B689B7903F08703002B01D00223AF
:1019B0000BE07B6893F83030012B03D17B685B8DA3
:1019C000002B01D0032300E0002318460C37BD464E
:1019D0005DF8047B704780B584B000AF78603960F3
:1019E0007868FFF7C9FF0346FB73FB7B002B01D030
:1019F000FB7B3DE03B68002B01D1042338E07B6892
:101A00005A883B681B889A4201D0052330E07B68E6
:101A10001A793B689B789A4201D0062328E07B68BC
:101A20005A793B68DB789A4201D0072320E07B6833
:101A30009A793B681B799A4201D0082318E07B68A9
:101A4000DA793B685B799A4201D0092310E07B6820
:101A50001A7A3B689B799A4201D00A2308E07B6896
:101A6000DA6A3B689B689A4201D00B2300E00023AE
:101A700018461037BD4680BD80B483B000AF034622
:101A8000FB71FB790B2B33D801A252F823F000BF76
:101A9000C11A0008C51A0008C91A0008CD1A0008A2
:101AA000D11A0008D51A0008D91A0008DD1A000852
:101AB000E11A0008E51A0008E91A0008ED1A000802
:101AC0000F4B16E00F4B14E00F4B12E00F4B10E0E2
:101AD0000F4B0EE00F4B0CE00F4B0AE00F4B08E0F2
:101AE0000F4B06E00F4B04E00F4B02E00F4B00E002
:101AF0000F4B18460C37BD465DF8047B704700BF9E
:101B000008910108109101082491010838910108F9
:101B10005C9101087C9101088C9101089C9101085D
:101B2000AC910108BC910108CC910108DC9101083D
:101B3000F491010880B594B000AF07F10C03342292
:101B40000021184615F060FC01233B73012387F840
:101B50003C3005237B74954B1B68BB6307F10C037A
:101B60001846FFF709FF0346002B0CBF0123002393
:101B700087F84F308023BB7407F10C031846FFF73A
:101B8000FBFE0346022B0CBF0123002387F84E30D7
:101B90000023BB740123FB86022387F83C3007F146
:101BA0000C031846FFF7E8FE0346032B0CBF012386
:101BB000002387F84D300023FB86012387F83C3053
:101BC00000233B7307F10C031846FFF7D5FE0346CD
:101BD000012B0CBF0123002387F84C3001233B73FA
:101BE00000233B800023BB700523FB7000233B7167
:101BF00000237B710023BB716C4B1B68BB603A46B2
:101C000007F10C0311461846FFF7E5FE0346002BCB
:101C10000CBF0123002387F84B3007F10C03002190
:101C20001846FFF7D8FE0346042B0CBF0123002300
:101C300087F84A300123FB813A4607F10C0311462D
:101C40001846FFF7C8FE0346052B0CBF01230023EF
:101C500087F849303B88FB8101233B743A4607F102
:101C60000C0311461846FFF7B6FE0346062B0CBFC1
:101C70000123002387F84830BB783B7404237B742E
:101C80003A4607F10C0311461846FFF7A4FE034637
:101C9000072B0CBF0123002387F84730FB787B74A8
:101CA0000823BB743A4607F10C0311461846FFF7A8
:101CB00092FE0346082B0CBF0123002387F8463011
:101CC0003B79BB740123FB743A4607F10C031146C0
:101CD0001846FFF780FE0346092B0CBF01230023A3
:101CE00087F845307B79FB7401233B753A4607F151
:101CF0000C0311461846FFF76EFE03460A2B0CBF75
:101D00000123002387F84430BB793B75BB6B83F01C
:101D10000103BB633A4607F10C0311461846FFF76F
:101D20005AFE03460B2B0CBF0123002387F84330D8
:101D300097F84F30002B31D097F84E30002B2DD034
:101D400097F84D30002B29D097F84C30002B25D038
:101D500097F84B30002B21D097F84A30002B1DD03C
:101D600097F84930002B19D097F84830002B15D040
:101D700097F84730002B11D097F84630002B0DD044
:101D800097F84530002B09D097F84430002B05D048
:101D900097F84330002B01D0012300E0002303F02B
:101DA0000103DBB218465037BD4680BDECC00108C8
:101DB00080B400AF094BDB68084A43F08073D360FE
:101DC000074B00225A60064B1B68054A43F001038B
:101DD000136000BFBD465DF8047B7047F0ED00E086
:101DE000001000E080B483B000AF7860074B1B6840
:101DF000074AA2FB03239B0C7A6802FB03F31846F5
:101E00000C37BD465DF8047B704700BF0000002022
:101E100083DE1B4380B582B000AF78607B68002B07
:101E200009D038220021786815F0EEFA7B68184650
:101E3000FFF7B8FB00E000BF0837BD4680BD80B5A6
:101E40008CB002AFF860B9603B601346FB71FB6871
:101E5000002B08D03B68002B05D0FB79002B02D06B
:101E6000BB68002B01DA0123A5E02022002138689D
:101E700015F0CAFA3B6801221A76012387F8273049
:101E800085E00023BB8407F11C0300221A605A601E
:101E9000FB681B6A5A1CFB681A623B6897F827208C
:101EA0005A7697F82730012B0BD9FB689B6A5A1C8E
:101EB000FB689A623B689B7E43F00103DAB23B68A1
:101EC0009A7607F11C0207F1240311461846FFF722
:101ED0003BFA034687F826303B68103307F11C02B3
:101EE00092E8030083E8030097F82630002B10D017
:101EF000FB68DB6A5A1CFB68DA623B689B7E43F036
:101F00000203DAB23B689A763B6897F826201A7685
:101F100038E04FF000024FF00003C7E90423F868EF
:101F2000B98CFA6907F110030093BB68FFF75EFBF9
:101F3000034687F8263097F82630002B10D0FB6830
:101F40001B6B5A1CFB681A633B689B7E43F00403BF
:101F5000DAB23B689A763B6897F826201A7611E049
:101F6000BA8C3B681A80D7E904233968C1E9022397
:101F70003B6800221A76FB685B6A5A1CFB685A624F
:101F8000002318E097F82730013387F8273097F8B7
:101F90002720FB799A427FF674AF3B689B7E43F023
:101FA0000803DAB23B689A76FB685B6B5A1CFB68E5
:101FB0005A633B681B7E18462837BD4680BD00002B
:101FC00080B582B000AFC7E90001D7E90001FEF794
:101FD000FBFE07EE100ADFED077A67EE277A9FED2A
:101FE000067AC7EE876AF0EE667AB0EE670A0837BF
:101FF000BD4680BD0000B443000080472DE9B00F0E
:1020000085B000AFC7E90201C7E900233B6B002B95
:1020100023D0D7E90023012A73F100030DDBD7E9B0
:1020200000236FF00041D2F1FF3861EB0309D7E9DB
:102030000223904579EB03030FDBD7E90023002B44
:102040000DDAD7E900234FF00041544261EB03055C
:10205000D7E90223A242AB4101DA00230BE0D7E922
:102060000201D7E9002310EB020A41EB030B3B6BA3
:10207000C3E900AB012318461437BD46BDE8B00FD5
:1020800070472DE9B00F85B000AFC7E90201C7E97D
:1020900000233B6B002B1FD0D7E90023002B0ADA6B
:1020A000D7E90023541E63F10045D7E90223944287
:1020B00075EB030310DBD7E90023012A73F100035A
:1020C0000CDBD7E9002303F100499046D7E902234E
:1020D000424573EB090301DA00230BE0D7E9020163
:1020E000D7E90023B0EB020A61EB030B3B6BC3E9BA
:1020F00000AB012318461437BD46BDE8B00F70474A
:1021000080B485B000AFC7E902017A607B68002B1C
:1021100009D0D7E90223B3F5004F04DAD7E9022347
:1021200013F5004F01DA00230DE0D7E902014FF06B
:1021300000024FF000030B0443EA104302047968E5
:10214000C1E90023012318461437BD465DF8047B1E
:1021500070472DE9B04F90B000AFC7E90A01C7E959
:1021600008233B6E002B0CD0D7E90823012A73F11A
:10217000000306DBD7E90A2303F1004152EA010319
:1021800001D1002376E0D7E908234FF000004FF09B
:102190000001D80F0021841841EB03054FF0000225
:1021A0004FF00003620842EAC5726B10C7E90E23C4
:1021B000D7E90A23002B24DBD7E90E236FF0004177
:1021C000D2F1FF3A61EB030BD7E90A2392457BEB8F
:1021D000030301DA00234DE0D7E90A01D7E90E2312
:1021E0008418BC6141EB0303FB61D7E90823D7E9FD
:1021F0000601FEF727FE02460B46396EC1E90023B1
:1022000037E0D7E90A2300215042386061EB03032D
:102210007B60D7E90034C7E90C34D7E90E236FF0AF
:102220000041D2F1FF3861EB0309D7E90C23904557
:1022300079EB030301DA00231CE0D7E90C01D7E9AD
:102240000E2384183C6141EB03037B61D7E908232B
:10225000D7E90401FEF7F6FD02460B460021504285
:10226000B86061EB0303FB603B6ED7E90212C3E980
:102270000012012318464037BD46BDE8B08FB0B507
:102280008EB002AFC7E90201C7E900233B6C002B07
:1022900005D07B6C002B02D0BB6C002B01D100233E
:1022A00060E04FF000024FF00003C7E90A234FF04F
:1022B00000024FF00003C7E908234FF000024FF07F
:1022C0000003C7E906234FF000024FF00003C7E9FF
:1022D000042307F128031A46D7E90001FFF710FF8E
:1022E000034683F00103DBB2002B2ED107F120035C
:1022F0001A46D7E90201FFF703FF034683F0010303
:10230000DBB2002B21D1D7E90A013B6C00221C462D
:10231000154607F11803009322462B46FFF719FFD5
:10232000034683F00103DBB2002B0ED1D7E908018D
:10233000D7E9062307F110040094FFF75FFE034678
:1023400083F00103DBB2002B01D000230AE0D7E9C0
:102350000623796CC1E90023D7E90423B96CC1E9EC
:102360000023012318463037BD46B0BD2DE9B04FDC
:1023700092B002AFC7E90801C7E90623FB6E002B44
:1023800009D03B6E012B03D03B6EB3F1FF3F02D16E
:10239000BB6E002B01D1002373E07B6E00223B61FA
:1023A0007A61BB6E0022BB60FA60D7E902234FF06E
:1023B000FF306FF00041FEF795FD02460B4639698C
:1023C0008A4279698B4101D200235AE07B6E002258
:1023D0009A469346BB6E00229846914608FB0BF244
:1023E0000AFB09F31344AAFB08452B441D46C7E921
:1023F0000E453B6E002B0BDAD7E90E23002150422D
:10240000386061EB03037B60D7E90034C7E90E3421
:102410004FF000024FF00003C7E90C234FF0000219
:102420004FF00003C7E90A2307F130031A46D7E942
:102430000E01FFF765FE034683F00103DBB2002BBC
:102440001CD107F128030093D7E90623D7E9080137
:10245000FFF717FE034683F00103DBB2002B0DD11B
:10246000D7E90A01D7E90C23FC6E0094FFF709FEB7
:10247000034683F00103DBB2002B01D0002300E010
:10248000012318464037BD46BDE8B08F80B483B005
:1024900000AF786039607A683B68D31ADB43DB0FA2
:1024A000DBB218460C37BD465DF8047B7047000070
:1024B00080B483B000AF7860034B5B6818460C377C
:1024C000BD465DF8047B7047001000E080B582B027
:1024D00000AF7860396000E000BF084B5B68396886
:1024E0001846FFF7D3FF034683F00103DBB2002B4E
:1024F000F2D100BF00BF0837BD4680BD001000E02C
:1025000080B584B000AFF860B9607A607968B86867
:10251000FEF71AFF034618461037BD4680BD80B44B
:1025200083B000AF78600B46FB707B6800221A70A6
:102530007B68FA78DA70FB7818460C37BD465DF890
:10254000047B704790B59DB004AFF860C7E90023E5
:10255000BB6F002B0AD088220021B86F14F054FF03
:10256000BB6F0122DA70BB6F00221A71FB68002B6F
:102570003ED03B6F002B3BD07B6F002B38D0BB6F26
:10258000002B35D07B6F1B68002B31D07B6F5B68D5
:10259000002B2DD03B6F9B68002B29D03B6FDA6856
:1025A0003B6F9B689A4223D33B6F5B69002B1FD024
:1025B0003B6F5B69002B1BDB3B6F9B69002B17DBC1
:1025C0003B6F1B78002B03D03B6F1B78012B0FD187
:1025D0003B6F1B78012B0DD13B6F5B68002B07D045
:1025E0003B6F5B68002B03DB7B6F9B68002B01D18B
:1025F0000123EAE1B96FD7E90023C1E902233B6F68
:102600009A68BB6F9A64BB6F00229A70B96F4FF0E3
:10261000FF326FF00043C1E90623B96F4FF00002AB
:102620004FF00043C1E908230023FB650023BB658D
:102630009FE1BB6F1A6D3B6FDB689A4205D30721A0
:10264000B86FFFF76CFF0346BFE1002387F85730F0
:1026500000233B653B6F1B78012B1DD1BB6F5B7863
:10266000002B19D0FB6D3B65BB6F1B6F3A6DD21A07
:102670003B6F5B699A4205D90821B86FFFF74FFF9E
:102680000346A2E17B6F9B687A6FD268396D104672
:102690009847012387F857300023FB8607F12C0366
:1026A00000221A605A607B6F1B687A6FD06807F14E
:1026B0002C0207F136019847034687F84E30BB6F6E
:1026C0001B6D5A1CBB6F1A6597F8323083F00103FB
:1026D000DBB2002B0AD0BB6FDB6D5A1CBB6FDA6517
:1026E0000621B86FFFF71BFF03466EE1FA6ABB6F66
:1026F0005A67BB6F1B6D012B0FD1FA6ABB6F1A674C
:102700003B6F1B78012B2DD1BB6F01225A70FA6AE7
:102710003B6F5B681344FB6524E097F85730002B50
:1027200020D0FA6A3B6DD31ABB64BB6C002B02DA73
:10273000BB6C5B4200E0BB6C7B64BB6C002B04DDBC
:10274000BB6F9B6E5A1CBB6F9A66BB6FDB6E7A6C5D
:102750009A4202D9BB6F7A6CDA663B6F5B683A6D5E
:102760001344FB657B6F5B687A6FD26810469847AD
:102770003864BB6F1B6F3A6CD21ABB6F9A67BB6F22
:102780009A6F3B6F5B699A4205D90821B86FFFF7D2
:10279000C6FE034619E197F84E3087F84F304FF0E8
:1027A00000024FF00003C7E9082397F84E30002BD2
:1027B0000DD097F84E30022B03D097F84E30032BF4
:1027C0001CD1BB6F5B6D5A1CBB6F5A6516E0F98E4E
:1027D000FA6A3B6F986907F1200300930346F86893
:1027E000FEF704FF034687F84F3097F84F30042B6D
:1027F00004D1BB6F9B6D5A1CBB6F9A6597F84F3025
:10280000002B19D0BB6F97F84F201A71BB6D0133A5
:10281000BB65BB6F1B6EBA6D9A4202D9BB6FBA6DB6
:102820001A663B6F1B69BA6D9A426CD90721B86F63
:10283000FFF775FE0346C8E00023BB654FF00002BA
:102840004FF00003C7E906234FF000024FF00003EA
:10285000C7E90423D7E9080107F118030093D7E972
:102860000023FFF70EFC034683F00103DBB2002BCD
:102870000FD1BB6FD3E90401D7E9062307F1100498
:102880000094FFF7BBFB034683F00103DBB2002B90
:1028900005D00921B86FFFF742FE034695E0D7E95E
:1028A0000423B96FC1E90423BB6FD3E90623D7E939
:1028B0000601904271EB030304DAD7E90623B96FEE
:1028C000C1E90623BB6FD3E90801D7E9062390428B
:1028D00071EB030304DAD7E90623B96FC1E90823D2
:1028E000BB6FDB6C002B04D1D7E90823B96FC1E9BA
:1028F0000E23D7E90823B96FC1E91023BB6FDB6C46
:102900005A1CBB6FDA64BB6FDA6C3B6F9B689A42F0
:1029100037D23B6F1B78012B2BD1F96D386CFFF749
:10292000B5FD0346002B24D03A6CFB6DD31AFB6334
:102930003B6F5B68FA6BB2FBF3F30133BB63BB6FB6
:102940005B6EDB43BA6B9A4205D90721B86FFFF77C
:10295000E6FD034639E0BB6F5A6EBB6B1A44BB6F92
:102960005A663B6F5B68BA6B02FB03F3FA6D134464
:10297000FB65BB6FDA6C3B6F9B689A42FFF459AE04
:1029800000E000BFBB6FD3E90423B96FC96CB86F17
:102990002830BC6F3034029401900091D7E90001D7
:1029A000FFF76DFC034683F00103DBB2002B05D07B
:1029B0000921B86FFFF7B3FD034606E0BB6F0122A4
:1029C0001A70BB6F0022DA70002318466437BD46C8
:1029D00090BD000090B58DB004AFF860C7E900234A
:1029E0000B4B07F110040FCB84E80F007B6B0293B5
:1029F00007F1100301933B6B0093D7E90023F868BC
:102A0000FFF7A0FD034618462437BD4690BD00BF22
:102A10001092010880B586B000AFF860B9607A60A6
:102A2000FB687B617B69002B0BD0BB68002B08D057
:102A30007B68002B05D07B695A6E7B691B6E9A42BE
:102A400001D301232AE07B695B6E591C7A695166C8
:102A50003B6108220021786814F0D6FC7B693A6952
:102A6000063253F822207B681A607A693B69134466
:102A700058331A787B689A717B693A6933F8122067
:102A8000BB681A807B693A690E3253F822207B6951
:102A90009A667A693B69134410331B7818461837D5
:102AA000BD4680BD80B483B000AF78607B689B6E0C
:102AB00018460C37BD465DF8047B704780B584B07E
:102AC00000AF786039607B68FB60FB68D3F88C30BE
:102AD000072B0CD8FB68D3F88C30591CFA68C2F865
:102AE0008C10FA681A339B0013443A685A60FB68EA
:102AF0009B6E39681846FFF7C9FC034683F0010353
:102B0000DBB2002B02D0FB683A689A6600BF103730
:102B1000BD4680BDB0B48DB000AFF860B9607A60DA
:102B20003B6001233B757B68BB61BB68FB613B6815
:102B30003B623B687B62094BBB621423FB62FB6810
:102B40001D4607F114040FCC0FC594E8070085E873
:102B50000700F8683437BD46B0BC7047A086010056
:102B600080B584B000AF7860396090220021786829
:102B700014F04AFC7B683A681A660023FB600EE09A
:102B80007A68FB681344103300221A707A68FB6875
:102B90001344583301221A70FB680133FB60FA6852
:102BA0003B689A42ECD300BF00BF1037BD4680BDE2
:102BB0002DE9B04FADF5027D04AF4FF000024FF0AC
:102BC0000003C7E96C2307F5D87300934FF00202A6
:102BD0004FF000034FF001004FF00001FFF7B9FA8A
:102BE0000346002B4BD0D7E96C23511E0B4346D133
:102BF00007F5D87300934FF002024FF000034FF037
:102C0000FF304FF0FF31FFF7A4FA0346002B36D018
:102C1000D7E96C23B3F1FF3F08BFB2F1FF3F2ED1DC
:102C200007F5D87300934FF002024FF000034FF006
:102C300003004FF00001FFF78CFA0346002B1ED073
:102C4000D7E96C23911E0B4319D107F5D873009374
:102C50004FF002024FF000036FF002004FF0FF311F
:102C6000FFF777FA0346002B09D0D7E96C23B3F1BD
:102C7000FF3F08BF12F1020F01D1012300E0002342
:102C800087F8F73197F8F73103F0010387F8F73148
:102C90004FF000024FF00003C7E96A234FF0000233
:102CA0004FF00003C7E9682307F5D073029307F5D7
:102CB000D4730193022300934FF001024FF00003FD
:102CC0004FF064004FF00001FFF7D9FA0346002BE4
:102CD0000DD0D7E96A23A2F500410B4307D1D7E90C
:102CE0006823A2F5C9010B4301D1012300E00023B1
:102CF00087F8F63197F8F63103F0010387F8F631DB
:102D000007F5D073029307F5D47301930223009360
:102D10004FF0FF324FF0FF336FF063004FF0FF31A1
:102D2000FFF7ADFA0346002B11D0D7E96A23B3F1C0
:102D3000FF3F08BF12F5004F09D1D7E96823B3F16F
:102D4000FF3F08BF12F5C90F01D1012300E00023A6
:102D500087F8F53197F8F53103F0010387F8F5317D
:102D60004FF4C8024FF00003C7E97A23D7E97A236A
:102D70005D1C1446C7E978454FF001024FF000038F
:102D8000C7E9662307F5CC7303934FF4807302936E
:102D90000023019301230093D7E97A23D7E97A012D
:102DA000FFF7E4FA0346002B1DD0D7E9662313434F
:102DB00019D107F5CC7303934FF4807302934FF44A
:102DC0008073019301230093D7E97A23D7E978012F
:102DD000FFF7CCFA0346002B05D0D7E9662313434F
:102DE00001D1012300E0002387F8DF3197F8DF31BC
:102DF00003F0010387F8DF31CB4B07F5C4740FCB29
:102E000084E80F0007F1500302211846FFF7A8FEDF
:102E100007F5FC73A3F5D47364221A8007F5FC73DD
:102E2000A3F5D47365225A8007F5FC73A3F5D47318
:102E30004FF47A729A6107F5FC73A3F5D4734FF4DB
:102E40008262DA6107F5FC73A3F5D47340F2ED32C8
:102E50009A6307F5FC73A3F5D47340F21542DA6365
:102E600007F5FC73A3F5D47340F2E3329A6607F1D9
:102E70005003C7F8943107F5B4731846FEF792FB78
:102E800007F5FC73A3F5E270022328220221FFF765
:102E900041FE07F5B47107F1E003029307F5C4732F
:102EA000019307F1340300934FF064024FF00003E5
:102EB0000846FFF747FB0346002B5CD107F5FC7380
:102EC000A3F58C731B78002B55D007F5FC73A3F585
:102ED0008C731B6D022B4ED107F5FC73A3F58C731D
:102EE000DB6C022B47D107F5FC73A3F58C735B6E8B
:102EF000002B40D107F5FC73A3F58C73D3E90E23A7
:102F0000A2F164010B4336D107F5FC73A3F58C7372
:102F1000D3E91023A2F165010B432CD107F5FC7313
:102F2000A3F58C73D3E90623134324D107F5FC736F
:102F3000A3F58C73D3E90823511E0B431BD107F56E
:102F4000FC73A3F58C73D3E90C23A2F5C9010B43E1
:102F500011D107F5FC73A3F5D473D3F88C30012B92
:102F600009D107F5FC73A3F5D473DB6EB3F5826F5B
:102F700001D1012300E0002387F8DE3197F8DE312C
:102F800003F0010387F8DE3107F1500304211846EE
:102F9000FFF7E6FD07F5FC73A3F5D47364221A80EE
:102FA00007F5FC73A3F5D47368225A8007F5FC7308
:102FB000A3F5D47360229A8007F5FC73A3F5D4734C
:102FC0006422DA8007F5FC73A3F5D4734FF47A72A8
:102FD0009A6107F5FC73A3F5D4734FF48262DA614A
:102FE00007F5FC73A3F5D4734FF487621A6207F5F3
:102FF000FC73A3F5D4734FF48C625A6207F5FC732B
:10300000A3F5D47340F2ED329A6307F5FC73A3F590
:10301000D47340F21542DA6307F5FC73A3F5D47359
:1030200040F23D421A6407F5FC73A3F5D47340F2F5
:1030300065425A6407F5FC73A3F5D47340F2E3329A
:103040009A6607F15003C7F8943107F5B473184630
:10305000FEF7A8FA07F5FC73A3F5E27407F1080080
:10306000042328220421FFF755FD07F5FC73A3F57F
:10307000F8731D460FCD0FC495E8070084E80700DC
:1030800007F5B47107F1E003029307F5C4730193E8
:1030900007F1340300934FF064024FF00003084639
:1030A000FFF750FA0346002B40D107F5FC73A3F558
:1030B0008C73D3E90623B3F1FF3F08BF12F1040F6D
:1030C00034D107F5FC73A3F58C73D3E90823111FE2
:1030D0000B432BD107F5FC73A3F58C73D3E90801DF
:1030E00007F5FC73A3F58C73D3E90623841A3C60BF
:1030F00061EB03037B60D7E900120B46083B1343E7
:1031000014D107F5FC73A3F58C73D3E9100107F50F
:10311000FC73A3F58C73D3E90E23994208BF904248
:1031200004D1012303E000BF20920108002387F8A7
:10313000DD3197F8DD3103F0010387F8DD3107F168
:10314000500304211846FFF70BFD07F5FC73A3F5A8
:10315000D47364221A8007F5FC73A3F5D473652237
:103160005A8007F5FC73A3F5D47366229A8007F59D
:10317000FC73A3F5D4736722DA8007F5FC73A3F51B
:10318000D4734FF47A729A6107F5FC73A3F5D47384
:103190004FF48262DA6107F5FC73A3F5D4734FF440
:1031A00087621A6207F5FC73A3F5D4734FF48C623F
:1031B0005A6207F5FC73A3F5D47340F2ED329A63BB
:1031C00007F5FC73A3F5D47340F21542DA6307F5F3
:1031D000FC73A3F5D47340F23D421A6407F5FC7307
:1031E000A3F5D47340F265425A6407F5FC73A3F566
:1031F000D47340F2E3329A6607F15003C7F8943172
:1032000007F5B4731846FEF7CDF907F5FC73A3F57F
:10321000E27407F10800042328220421FFF77AFC56
:1032200007F5FC73A3F5F8731D460FCD0FC495E8A1
:10323000070084E8070007F5B47107F1E003029383
:1032400007F5C473019307F1340300934FF0640250
:103250004FF000030846FFF775F90346002B3CD1F9
:1032600007F5FC73A3F58C73D3E90623134334D11C
:1032700007F5FC73A3F58C73D3E90823D11E0B4328
:103280002BD107F5FC73A3F58C73D3E9080107F57F
:10329000FC73A3F58C73D3E90623B0EB020A61EB50
:1032A000030BAAF1030353EA0B0316D107F5FC73D2
:1032B000A3F58C73D3E9100107F5FC73A3F58C73A8
:1032C000D3E90E23B0EB020861EB0309A8F1030375
:1032D00053EA090301D1012300E0002387F8DC3120
:1032E00097F8DC3103F0010387F8DC3107F1500374
:1032F00003211846FFF734FC07F5FC73A3F5D473DC
:1033000002221A7407F5FC73A3F5D47364225A8061
:1033100007F5FC73A3F5D47366229A8007F5FC7356
:10332000A3F5D4734FF47A729A6107F5FC73A3F591
:10333000D4734FF48262DA6107F5FC73A3F5D4739A
:103340004FF487621A6207F5FC73A3F5D47340F259
:10335000ED329A6307F5FC73A3F5D47340F215427E
:10336000DA6307F5FC73A3F5D47340F23D421A64A7
:1033700007F5FC73A3F5D47340F2E3329A6607F1C4
:103380005003C7F8943107F5B4731846FEF70AF9ED
:1033900007F5FC73A3F5E27407F108000323282264
:1033A0000221FFF7B7FB07F5FC73A3F5F8731D4681
:1033B0000FCD0FC495E8070084E8070007F5B47146
:1033C00007F1E003029307F5C473019307F1340397
:1033D00000934FF064024FF000030846FFF7B2F885
:1033E0000346002B3CD107F5FC73A3F58C735B7887
:1033F000002B35D007F5FC73A3F58C731B6D032BE5
:103400002ED107F5FC73A3F58C73DB6C022B27D14F
:1034100007F5FC73A3F58C735B6D012B20D107F5C9
:10342000FC73A3F58C731B79022B19D107F5FC7380
:10343000A3F5D473D3F88C30022B11D107F5FC73AC
:10344000A3F5D473DB6EB3F5826F09D107F5FC7376
:10345000A3F5D4731B6FB3F5876F01D1012300E08F
:10346000002387F8DB3197F8DB3103F0010387F89D
:10347000DB3107F1500303211846FFF771FB07F515
:10348000FC73A3F5D47364221A8007F5FC73A3F5CB
:10349000D47365225A8007F5FC73A3F5D4736622B2
:1034A0009A8007F5FC73A3F5D4734FF47A729A618E
:1034B00007F5FC73A3F5D47340F26542DA6107F5B2
:1034C000FC73A3F5D4734FF491621A6207F5FC7391
:1034D000A3F5D47340F2ED329A6307F5FC73A3F5BC
:1034E000D47340F26A42DA6307F5FC73A3F5D47330
:1034F00040F28D421A6407F5FC73A3F5D47340F2D1
:10350000E3329A6607F15003C7F8943107F5B473B4
:103510001846FEF747F807F5FC73A3F5E27407F1C8
:103520000800032328220321FFF7F4FA07F5FC73B0
:10353000A3F5F8731D460FCD0FC495E8070084E886
:10354000070007F5B47107F1E003029307F5C473B0
:10355000019307F1340300934FF064024FF000032E
:103560000846FEF7EFFF0346002B2ED107F5FC734C
:10357000A3F58C735B6E022B27D107F5FC73A3F5C3
:103580008C739B6E012B20D107F5FC73A3F58C7314
:10359000DB6E552B19D107F5FC73A3F5D473D3F863
:1035A0008C30022B11D107F5FC73A3F5D473DB6EBD
:1035B000B3F5826F09D107F5FC73A3F5D4731B6FC4
:1035C000B3F5916F01D1012300E0002387F8DA31D0
:1035D00097F8DA3103F0010387F8DA3107F1500385
:1035E00002211846FFF7BCFA07F5FC73A3F5D47364
:1035F0004FF6FE721A8007F5FC73A3F5D47301220F
:103600005A8007F5FC73A3F5D4736FF00F029A612B
:1036100007F5FC73A3F5D4731022DA6107F5FC7388
:10362000A3F5D4736FF00A029A6307F5FC73A3F550
:10363000D4731522DA6307F5FC73A3F5D4736FF026
:103640001F029A6607F15003C7F8943107F5B47367
:103650001846FDF7A7FF07F5FC73A3F5E27407F121
:103660000800022320220221FFF754FA07F5FC7319
:10367000A3F5F8731D460FCD0FC495E8070084E845
:10368000070007F5B47107F1E003029307F5C4736F
:10369000019307F1340300934FF6FE724FF00003DD
:1036A0000846FEF74FFF0346002B23D107F5FC73B6
:1036B000A3F58C739B6F252B1CD107F5FC73A3F529
:1036C0008C735B6E002B15D107F5FC73A3F58C731F
:1036D000D3E90E235B4911440B430BD107F5FC736F
:1036E000A3F58C73D3E91023A2F101110B4301D18F
:1036F000012300E0002387F8D93197F8D93103F08E
:10370000010387F8D93107F5B4731846FDF74AFF6E
:103710004FF000024FF00003C7E90A2307F5B47029
:1037200007F1280300930A230A226421FDF75EFFB4
:103730000346002B0CBF0123002387F8D831B7F8CC
:103740006A31A7F8D631D7E95C23C7E97223D7F8E5
:103750007831C7F8C431D7F87C31C7F8C03107F5E4
:10376000B47007F1280300930A231422C821FDF73F
:103770003DFF0346042B1FD1B7F86A31B7F8D621B5
:103780009A4219D1D7E95C23D7E97201994208BF5F
:10379000904211D1D7F87831D7F8C4219A420BD191
:1037A000D7F87C31D7F8C0219A4205D1D7F88031BB
:1037B000012B01D1012300E0002387F8BF3197F8E6
:1037C000BF3103F0010387F8BF3197F8F731002BC1
:1037D0002DD097F8F631002B29D097F8F531002B32
:1037E00025D097F8DF31002B21D097F8DE31002B60
:1037F0001DD097F8DD31002B19D097F8DC31002B64
:1038000015D097F8DB31002B11D097F8DA31002B67
:103810000DD097F8D931002B09D097F8D831002B6B
:1038200005D097F8BF31002B01D0012300E0002321
:1038300003F00103DBB2184607F5FC77BD46BDE88F
:10384000B08F00BF0200FFFF80B500AF09F024FF7A
:1038500000F056F800F014FC00F0BCFB00F0BAF8E1
:1038600000F0AAF900F060FA00F042F900F088FBDD
:1038700000F010F900F06AF900F0D4FA00F056FBFD
:10388000FDF700FDFEF756F9034683F00103DBB2B6
:10389000002B01D000F0DEFFFFF78AF9034683F02A
:1038A0000103DBB2002B01D000F0D4FF00F0ECFFED
:1038B00000F0FEFF034683F00103DBB2002B01D0D2
:1038C00000F0C8FF10F0A6FC0A4A00210A4810F0D8
:1038D000EBFC0346094A136008F086FF034683F0B9
:1038E0000103DBB2002B01D000F0B4FF10F0B6FCF6
:1038F00000BFFDE7F0C00108B141000864050020E9
:1039000080B594B000AF07F12003302200211846A3
:1039100013F07AFD07F10C0300221A605A609A60D6
:10392000DA601A610023BB60284B1B6C274A43F006
:1039300080531364254B1B6C03F08053BB60BB6842
:1039400000237B60224B1B68214A43F480431360B1
:103950001F4B1B6803F480437B607B6801233B6241
:103960004FF480337B620223BB634FF48003FB631D
:1039700004233B64A8237B640223BB640423FB640D
:1039800007F1200318460CF0D7FE0346002B01D0A8
:1039900000F060FF0F23FB6002233B6100237B618B
:1039A0004FF4A053BB614FF48053FB6107F10C034C
:1039B000052118460DF038F90346002B01D000F020
:1039C00049FF00BF5037BD4680BD00BF00380240F0
:1039D0000070004080B584B000AF3B4600221A6002
:1039E0005A609A60DA60284B284A1A60264B4FF4D6
:1039F00080325A60244B00229A60234B01221A61C4
:103A0000214B01221A76204B002283F820201E4BE6
:103A10000022DA621C4B1E4A9A621B4B0022DA60BB
:103A2000194B0222DA61184B012283F83020164B21
:103A300001225A61144809F071FE0346002B01D09F
:103A400000F008FF01233B6001237B600523BB607E
:103A50003B4619460C4809F0D3FF0346002B01D022
:103A600000F0F8FE04233B6002237B603B461946CE
:103A7000054809F0C5FF0346002B01D000F0EAFE1F
:103A800000BF1037BD4680BD7C00002000200140F3
:103A90000100000F80B500AF124B134A1A60114BA2
:103AA000124A5A600F4B00229A600E4B0022DA60D5
:103AB0000C4B4FF480421A610A4B00225A61094BA9
:103AC00000229A61074B0022DA61064B00221A623B
:103AD00004480BF011F80346002B01D000F0BAFEA9
:103AE00000BF80BD2401002000540040801A060061
:103AF00080B500AF124B134A1A60114B124A5A603C
:103B00000F4B00229A600E4B0022DA600C4B4FF4F0
:103B100080421A610A4B00225A61094B00229A61C5
:103B2000074B0022DA61064B00221A6204480AF0B1
:103B3000E3FF0346002B01D000F08CFE00BF80BDE8
:103B40007801002000580040A086010080B500AF39
:103B5000174B184A1A60164B4FF482725A60144B76
:103B600000229A60124B0022DA60114B02221A6185
:103B70000F4B01225A610E4B4FF400729A610C4BAD
:103B80001822DA610A4B00221A62094B00225A629B
:103B9000074B00229A62064B0A22DA6204480DF0B3
:103BA00095FA0346002B01D000F054FE00BF80BD03
:103BB0002C0200200030014080B596B000AF07F124
:103BC000480300221A605A609A60DA6007F14003E5
:103BD00000221A605A6007F1240300221A605A601A
:103BE0009A60DA601A615A619A613B1D20220021B5
:103BF000184613F009FC4A4B4A4A1A60484B002207
:103C00005A60474B00229A60454B40F66A02DA60E0
:103C1000434B00221A61424B00225A61404B002262
:103C20009A613F480DF0FAFF0346002B01D000F0E7
:103C300011FE4FF48053BB6407F14803194638481E
:103C40000EF084FC0346002B01D000F003FE344844
:103C50000EF0A4F80346002B01D000F0FBFD00237A
:103C60003B6400237B6407F1400319462C480FF0A6
:103C700097F90346002B01D000F0ECFD70237B6226
:103C80000023BB620023FB6200233B6300237B63B2
:103C90000023BB630023FB6307F1240300221946C2
:103CA0001F480EF091FB0346002B01D000F0D2FD1F
:103CB00007F124030422194619480EF085FB034638
:103CC000002B01D000F0C6FD07F12403082219469D
:103CD00013480EF079FB0346002B01D000F0BAFD2B
:103CE00000237B600023BB600023FB6000233B615B
:103CF00000237B614FF40053BB6100233B623B1DFB
:103D0000194607480FF0C8F90346002B01D000F010
:103D1000A1FD034809F074F900BF5837BD4680BDC6
:103D2000840200200000014080B58AB000AF07F196
:103D3000180300221A605A609A60DA6007F11003D3
:103D400000221A605A603B4600221A605A609A604C
:103D5000DA60334B4FF080421A60314B00225A60D8
:103D60002F4B00229A602E4B4FF0FF32DA602C4B23
:103D700000221A612A4B00229A6129480DF04EFF59
:103D80000346002B01D000F065FD4FF48053BB616A
:103D900007F11803194622480EF0D8FB0346002B02
:103DA00001D000F057FD1E480EF010F90346002B1D
:103DB00001D000F04FFD00233B6100237B6107F140
:103DC0001003194616480FF0EBF80346002B01D0FC
:103DD00000F040FD00233B6001237B600023BB60BB
:103DE0000023FB603B46002219460D480EF04FFAB7
:103DF0000346002B01D000F02DFD02233B6002237F
:103E00007B603B460422194605480EF040FA034603
:103E1000002B01D000F01EFD00BF2837BD4680BD3D
:103E2000CC02002080B592B000AF07F14003002221
:103E30001A605A6007F1240300221A605A609A60DF
:103E4000DA601A615A619A613B1D202200211846EE
:103E500013F0DAFA334B344A1A60324B53225A6069
:103E6000304B00229A602F4B40F2E732DA602D4B44
:103E700000221A612B4B00225A612A4B00229A61C0
:103E800028480DF08BFF0346002B01D000F0E2FC28
:103E900000233B6400237B6407F14003194621485B
:103EA0000FF07EF80346002B01D000F0D3FC602316
:103EB0007B620023BB620023FB6200233B63002381
:103EC0007B630023BB630023FB6307F12403002211
:103ED000194614480EF078FA0346002B01D000F082
:103EE000B9FC00237B600023BB600023FB60002340
:103EF0003B6100237B614FF40053BB6100233B62B5
:103F00003B1D194607480FF0C7F80346002B01D0A8
:103F100000F0A0FC034809F073F800BF4837BD4625
:103F200080BD00BF140300200004014080B500AF35
:103F3000114B124A1A60104B4FF461225A600E4B1B
:103F400000229A600C4B0022DA600B4B00221A61AF
:103F5000094B0C225A61084B00229A61064B002241
:103F6000DA6105480FF0FEF80346002B01D000F09F
:103F700071FC00BF80BD00BF5C0300200044004016
:103F800080B500AF114B124A1A60104B4FF46122FA
:103F90005A600E4B00229A600C4B0022DA600B4BE9
:103FA00000221A61094B0C225A61084B00229A61C7
:103FB000064B0022DA6105480FF0D4F80346002BC7
:103FC00001D000F047FC00BF80BD00BFA00300206F
:103FD0000048004080B582B000AF00237B60274BD3
:103FE0001B6B264A43F400131363244B1B6B03F42F
:103FF00000137B607B6800233B60204B1B6B1F4AD8
:1040000043F4800313631D4B1B6B03F480033B607D
:104010003B68002205210C2009F0D2FF0C2009F09A
:10402000EBFF002205210E2009F0CAFF0E2009F047
:10403000E3FF00220521102009F0C2FF102009F043
:10404000DBFF00220521112009F0BAFF112009F041
:10405000D3FF002205212F2009F0B2FF2F2009F005
:10406000CBFF00220521382009F0AAFF382009F0F3
:10407000C3FF00BF0837BD4680BD00BF0038024007
:1040800080B58AB000AF07F1140300221A605A60AD
:104090009A60DA601A6100233B61414B1B6B404A16
:1040A00043F0040313633E4B1B6B03F004033B61BB
:1040B0003B690023FB603A4B1B6B394A43F080039A
:1040C0001363374B1B6B03F08003FB60FB6800231B
:1040D000BB60334B1B6B324A43F001031363304B1D
:1040E0001B6B03F00103BB60BB6800237B602C4BA0
:1040F0001B6B2B4A43F002031363294B1B6B03F02A
:1041000002037B607B6800224EF2070125480AF01B
:10411000BFFC00224FF4006123480AF0B9FC0022E2
:10412000402122480AF0B4FC4EF207037B610123D0
:10413000BB610023FB6100233B6207F114031946B6
:1041400018480AF0F1FA01237B610023BB610123C7
:10415000FB6107F11403194613480AF0E5FA4FF41E
:1041600000637B610123BB610023FB6100233B6291
:1041700007F1140319460C480AF0D6FA40237B6174
:104180000123BB610023FB6100233B6207F11403A1
:10419000194606480AF0C8FA00BF2837BD4680BD58
:1041A00000380240000802400000024000040240C3
:1041B000F0B5E3B00CAF07F5AC73A3F5A2731860CC
:1041C00007F1C0031846FDF725FE012189480AF0D2
:1041D00047FC0346002B0CBF0123002387F84F3117
:1041E00097F84F31002B08D0834B1B7883F00103E5
:1041F000DBB2002B01D008F03BFB7F4A97F84F3130
:1042000013704FF480417D480AF05BFC08F05CFBC2
:104210000346002B03D0C82010F0D9F8F9E207F1CB
:10422000180307F1C00003224FF40041FDF707FE19
:10423000034687F84E3197F84E31002B2BD097F874
:104240004E2107F5AC73A3F5A0735B7E194607F505
:10425000AC73A3F5A0739B7E07F13C000193009122
:104260001346674A602113F05DF8C7F85401D7F888
:1042700054315F2B02DD5F23C7F85431D7F8543136
:104280009AB207F13C0132235E480EF0B8FFC82015
:1042900010F09DF8BDE207F5AC73A3F5A0731B8881
:1042A000A7F84C31B7F84C311846FCF7F3FFF0EEA5
:1042B000407A9FED557A67EE877AB6EE007A77EE10
:1042C000877AFCEEE77A17EE903AC7F84831002378
:1042D000C7F8BC3007F1BC031846FCF7FBFF0346E8
:1042E00087F8473197F8473183F00103DBB2002BA1
:1042F0000FD197F8BC30002B0BD197F8BD30002BB5
:1043000007D197F8BE30002B03D197F8BF30002BB0
:1043100042D0B7F84C41D7F848313C4AA2FB0323BE
:104320005909D7F84821394BA3FB02035B096420E4
:1043300000FB03F3D31A97F847213A6197F8BC00C2
:10434000054697F8BD00064697F8BE00F86097F856
:10435000BF00024607F13C000692FA6805920496F7
:1043600003953A690292019300912346284A8021DD
:1043700012F0D8FFC7F85001D7F850317F2B02DD7B
:104380007F23C7F85031D7F850319AB207F13C017A
:1043900032231C480EF033FF1E4B1B7883F00103C1
:1043A000DBB2002B48D01B4B01221A701A4AB7F817
:1043B0004C311380194B00221A60194B00221A60ED
:1043C000174B1B68174A1360174B00221A601749D6
:1043D0004FF000024FF00003C1E9002314494FF0F1
:1043E00000024FF00003C1E90023124B00221A60C3
:1043F00047E000BF000002406805002000080240BE
:104400003C920108A00300200000C8421F85EB5128
:1044100080920108690500206A0500206C050020D3
:10442000700500207405002078050020800500201C
:104430008805002090050020A34B1B88B7F84C216D
:10444000D31A9BB21BB2C7F840319F4AB7F84C3120
:1044500013809E4B1A68D7F8403113449B4A13606F
:10446000D7F84031002BB8BF5B42C7F83C31984BBE
:104470001B68D7F83C219A4203DD954AD7F83C31B6
:104480001360924B1A68934B1B689A4203DA8F4B66
:104490001B68904A13608D4B1A688F4B1B689A42B9
:1044A00003DD8A4B1B688C4A1360884B1B681846D7
:1044B000FCF730F8894BD3E90023FBF7DFFE024617
:1044C0000B468649C1E90023804B1B681846FCF760
:1044D00021F804460D467D4B1B681846FCF71AF878
:1044E00002460B4620462946FCF77EF802460B465C
:1044F000104619467A4BD3E90023FBF7BFFE02466C
:104500000B467749C1E90023764B1B680133754A96
:104510001360744B1B68182B40F278816F4BD3E902
:104520000045704B1B681846FBF7E4FF02460B463C
:1045300020462946FCF782F902460B46C7E94C2380
:10454000674BD3E90045674B1B681846FBF7D2FF62
:1045500002460B4620462946FCF770F902460B46F8
:1045600014461D46D7E94C23D7E94C01FCF73CF82B
:1045700002460B4620462946FBF77EFE02460B46C6
:10458000C7E94A234FF000024FF00003D7E94A0180
:10459000FCF7BAFA0346002B08D097ED4A0B13F04C
:1045A00017FCB0EE407AF0EE607A01E09FED447BBC
:1045B00087ED487B484B1A68464B1B68D31AC7F8EF
:1045C0001C31424B1B68C7F81831414B1B6840F245
:1045D000DA2293420CDCD7F81831434A934207DBC6
:1045E000D7F8183140F63962934201DC012300E02C
:1045F000002387F8173197F8173103F0010387F884
:104600001731D7F81C319BB21846FCF743FEF0EE89
:10461000407A9FED377A67EE877AB6EE007A77EECA
:10462000877AFCEEE77A17EE903AC7F810314FF030
:1046300000022E4BD7E94801FBF720FE02460B464D
:1046400010461946FCF780FA03469BB21846FCF761
:1046500021FEF0EE407A9FED267A67EE877AB6EE7D
:10466000007A77EE877AFCEEE77A17EE903AC7F891
:104670000C31174B1B689BB21846FCF70BFEF0EE93
:10468000407A9FED1B7A67EE877AB6EE007A77EE76
:10469000877AFCEEE77A17EE903AC7F80831D7F838
:1046A0001831DB0F87F8073197F80731002B21D03D
:1046B000D7F818319BB25B429BB21EE0AFF300808B
:1046C00000000000000000006A0500206C050020CA
:1046D000780500207405002070050020800500206A
:1046E0008805002090050020C7F1FFFF0000E03F93
:1046F0000000C842D7F818319BB21846FCF7CAFD33
:10470000F0EE407A1FED067A67EE877AB6EE007A11
:1047100077EE877AFCEEE77A17EE903AC7F8003129
:10472000D7F810313B4AA2FB03235D09D7F81021CB
:10473000384BA3FB02135B09642101FB03F3D31A7B
:10474000D7F80C213349A1FB02125609D7F80C11F6
:10475000304AA2FB01025209642000FB02F28A1ACD
:1047600097F80711002902D02B49396101E02B4944
:104770003961D7F800112748A0FB01014909F96008
:10478000D7F800012349A1FB00414909642404FB37
:1047900001F1411AD7F808011E4CA4FB0040400962
:1047A000B860D7F808411B48A0FB04C040094FF08F
:1047B000640C0CFB00F0201A194C24687C6097F8FC
:1047C000174107F13C0C0A947C6809940890B8687A
:1047D00007900691F9680591396904910392029650
:1047E0000193009505230F4A8021604612F09AFD3F
:1047F000C7F8FC00D7F8FC309AB207F13C0132232D
:1048000009480EF0FCFC094B00221A70C8200FF07A
:10481000DEFDDAE41F85EB51D8920108DC92010835
:1048200090050020E0920108A00300206905002007
:1048300080B582B000AF78607B681B68044A934201
:1048400001D108F04BFF00BF0837BD4680BD00BF57
:104850000020004080B582B000AF72B600BF4FF4B8
:10486000005107480AF02DF900237B6002E07B68C5
:1048700001337B607B68034A9342F8D9EFE700BFBE
:10488000000802401FA1070080B500AF00F0ACF99E
:104890000449054808F024F80448FDF7BBFA00BFB6
:1048A00080BD00BF14C1010894050020B805002098
:1048B00080B588B000AF08F0E5F8034683F0010347
:1048C000DBB2002B01D0002349E0B0EE000A2648FD
:1048D00008F03BF8254B01221A70244B01225A6242
:1048E000B6EE000A7B2000F0CBF900F06DF83B46F5
:1048F000184600F071F8D7ED007AF5EE407AF1EE47
:1049000010FA28D1D7ED017AF5EE407AF1EE10FADF
:1049100021D1D7ED027AF5EE407AF1EE10FA1AD1F4
:104920003B7B83F00103DBB2002B14D03B69002BEF
:1049300011D1BB8A002B0ED1D7ED067AF5EE407A65
:10494000F1EE10FA07D13B7F83F00103DBB2002BBD
:1049500001D0012300E0002303F00103DBB218467D
:104960002037BD4680BD00BF94050020B80500205B
:1049700080B500AF00F060F900BF80BD80B500AF2A
:1049800000F06CF900BF80BD80B582B000AF034677
:1049900087ED000AFB80FB8897ED000A184600F0BF
:1049A0006FF900BF0837BD4680BD000080B500AF7D
:1049B000034807F0B0FF0348FDF72CFA00BF80BDA5
:1049C00094050020B805002080B500AFFFF7EEFF8A
:1049D00000F0B2F900BF80BD80B586B000AF78604E
:1049E0007B68002B22D0134B5A697B681A60114BED
:1049F0009A697B685A600F4BDA697B689A600E4B44
:104A00001A787B681A730C4B5A6A7B681A6107F133
:104A10000C03184600F09CF9BA897B689A823A69BF
:104A20007B689A613A7D7B681A7700E000BF18378F
:104A3000BD4680BD94050020B805002080B58EB02D
:104A400000AF87ED010A38603B68002B01D10123DC
:104A500036E007F1080303224FF400511A48FDF72E
:104A6000EEF9034687F8373097F83730002B02D03D
:104A700097F8373024E0D7E9042310461946FDF7AC
:104A80009FFAB0EE407AD7ED017A77EE677AC7EDFC
:104A90000C7A3B683A6B1A6097ED0C0A0B4807F0EA
:104AA00054FF87ED0B0AD7ED0B7AFDEEE77A17EE90
:104AB000903A9BB2B7EE000A184600F0E1F80023E6
:104AC00018463837BD4680BDB80500209405002043
:104AD00080B483B000AF0346FB80FB88074AA2FB8B
:104AE0000312520B42F6AB2101FB02F29B1A9BB25E
:104AF00018460C37BD465DF8047B70470380FEBF47
:104B000080B400AF06231846BD465DF8047B7047AD
:104B100080B400AF0C231846BD465DF8047B704797
:104B200080B500AF054807F098FFF0EE407AFDEE43
:104B3000E77A17EE903A184680BD00BF9405002032
:104B400080B584B000AF786087ED000A7B6807EE1F
:104B5000903AF8EE677A9FED217A27EE877ADFEDBB
:104B6000206AC7EE267AC7ED027A97ED020A13F0A3
:104B7000BFF9F0EE407AB6EE007A67EE877AB6EECD
:104B8000007A77EE877A97ED007A67EE277AC7ED9D
:104B9000037AD7ED037AF5EEC07AF1EE10FA02D57A
:104BA0004FF00003FB60D7ED037AB7EE007AF4EE26
:104BB000C77AF1EE10FA02DD4FF07E53FB60D7EDBD
:104BC000037A9FED087A67EE877AFCEEE77A17EEB4
:104BD000903A9BB218461037BD4680BDDB0FC940E6
:104BE00000AC2A4600A0064580B500AF00F036F8BC
:104BF000012201210E4809F04BFF002202210C483E
:104C000009F046FF00220421094809F041FF002174
:104C100008480DF013F9042106480DF00FF908219A
:104C200004480DF00BF900F087F800BF80BD00BF0D
:104C3000000802408402002080B500AF01224FF43A
:104C40000061044809F024FF034B01221A7200BFDF
:104C500080BD00BF00000240F005002080B500AF1D
:104C600000224FF40061044809F012FF034B0022B8
:104C70001A7200BF80BD00BF00000240F005002096
:104C800080B586B000AF034687ED000AFB80FB8845
:104C9000264AA2FB0312520B42F6AB2101FB02F2A1
:104CA0009B1A9BB27B61FB8803F639631F4AA2FB08
:104CB0000312520B42F6AB2101FB02F29B1A3B613D
:104CC000FB8803F5E3531233184AA2FB0312520B7D
:104CD00042F6AB2101FB02F29B1AFB6097ED000A42
:104CE0007869FFF72DFF03461A46114B1B685A637C
:104CF00097ED000A3869FFF723FF03461A460C4B6D
:104D00001B689A6397ED000AF868FFF719FF0346DE
:104D10001A46074B1B68DA63064AFB881380054A6C
:104D20003B68536000BF1837BD4680BD0380FEBF9F
:104D300084020020F005002080B500AF9FED030A3B
:104D40000020FFF79DFF00BF80BD00BF00000000F6
:104D500080B483B000AF78607B68002B04D07B68A0
:104D6000044A07CA83E8070000BF0C37BD465DF858
:104D7000047B7047F005002080B483B000AF034689
:104D8000FB71044AFB79137000BF0C37BD465DF818
:104D9000047B70470506002080B485B000AF224B2D
:104DA0001B68BB60214B1B687B60214B1B683B6011
:104DB0000023FB602DE01F49FA681346DB009B1AB5
:104DC0009B000B441B68BA689A421FD11949FA68C4
:104DD0001346DB009B1A9B000B4404331B687A6864
:104DE0009A4213D11349FA681346DB009B1A9B00C1
:104DF0000B4408331B683A689A4207D1FA68134695
:104E0000DB009B1A9B000B4A134406E0FB6801334E
:104E1000FB60FB68022BCED9002318461437BD4631
:104E20005DF8047B704700BF107AFF1F147AFF1FE4
:104E3000187AFF1F28C1010880B584B000AF7860E0
:104E4000FFF7AAFFF860FB68002B05D07B68012202
:104E50001A70FB68DB6803E07B6800221A70024B63
:104E600018461037BD4680BD709301080FB480B559
:104E7000A2B000AF07F194033B60381D3B68D7F840
:104E80009020802112F0B2FAC7F88400D7F884305D
:104E9000002B0EDDD7F884307F2B02D97F23C7F893
:104EA0008430D7F884309AB2391D642304480EF058
:104EB000A6F900BF8837BD46BDE8804004B0704702
:104EC000A00300200FB480B5ADF5EF6D00AF07F281
:104ED000847207F5EF63A3F274731A6007F5EF634A
:104EE000A3F2747307F108001B68D7F8802740F21B
:104EF0006C7112F07BFAC7F87407D7F87437002B7F
:104F000012DDD7F8743740F26B72934203D940F246
:104F10006B73C7F87437D7F874379AB207F1080182
:104F2000C82305480EF06BF900BF07F5EF67BD46D3
:104F3000BDE8804004B07047A003002080B58CB06D
:104F400002AF87ED030AB8607960D7ED037AF5EE1A
:104F5000C07AF1EE10FA4CBF0123002387F8273006
:104F600097F82730002B04D0D7ED037AF1EE677A5B
:104F700001E0D7ED037AC7ED087AD7ED087A9FED07
:104F8000207A67EE877AB6EE007A77EE877AFDEEC2
:104F9000E77A17EE903AFB61FB691A4A82FB03122B
:104FA0005211DB17D31ABB61FB69164A82FB03124D
:104FB0005111DA178A1A642101FB02F29B1A7B61F4
:104FC00097F82730002B0ED0BB69002B02D17B69EC
:104FD000002B08D07B690093BB690B4A7968B868DD
:104FE00012F0A0F908E07B690093BB69074A796871
:104FF000B86812F097F900BF00BF2837BD4680BDE2
:105000000000C8421F85EB517C930108889301087A
:1050100080B58EB002AF87ED030AB86079603A6060
:105020000123FB620023BB6208E0FA6A13469B007F
:1050300013445B00FB62BB6A0133BB62BA6ABB68A4
:105040009A42F2DBD7ED037AF5EEC07AF1EE10FA70
:105050004CBF0123002387F8273097F82730002B17
:1050600004D0D7ED037AF1EE677A01E0D7ED037A49
:10507000C7ED087AFB6A07EE903AB8EEE77AD7ED0B
:10508000087A67EE277AB6EE007A77EE877AFDEE39
:10509000E77A17EE903AFB61FA69FB6A92FBF3F349
:1050A000BB61FB69FA6A93FBF2F2F96A01FB02F257
:1050B0009B1A7B6197F82730002B10D0BB69002B1F
:1050C00002D17B69002B0AD07B690193BB680093F6
:1050D000BB690A4A3968786812F024F90AE07B69EA
:1050E0000193BB680093BB69054A3968786812F080
:1050F00019F900BF00BF3037BD4680BD9493010849
:10510000A0930108B0B590B000AFC7E902017A6082
:105110003B607B68002B71D03B68002B6ED0002376
:10512000FB63D7E902014FF000024FF00003CA0F02
:105130000023134687F82B3097F82B30002B06D02E
:10514000D7E902230021544261EB030501E0D7E9CE
:105150000245C7E90C45D7E90C014FF00A024FF0B0
:105160000003FBF7BFFED2B2FB6B591CF963303270
:10517000D2B240333B4403F8302CD7E90C014FF056
:105180000A024FF00003FBF7ADFE02460B46C7E9EB
:105190000C23D7E90C23134302D0FB6B162BDAD96F
:1051A00097F82B30002B0AD0FB6B162B07D8FB6B24
:1051B0005A1CFA6340333B442D2203F8302C002361
:1051C000FB620DE0FB6B013BFB63FB6A5A1CFA625E
:1051D0007A68134407F11001FA6B0A4412781A70C6
:1051E000FB6B002B04D0FB6A01333A689A42E9D882
:1051F0007A68FB6A134400221A7000E000BF40374F
:10520000BD46B0BD80B582B000AFC7E90001D7E9A7
:105210000001FBF7BBF94FF000020D4BFBF7E4F97F
:1052200002460B46104619464FF00002094BFBF7A9
:1052300005FB02460B4610461946FBF7A5FC034644
:1052400007EE903AB0EE670A0837BD4680BD00BF52
:10525000008076400000F04180B483B000AF7860F9
:105260007B68FF2B02D87B68DBB200E0FF23184687
:105270000C37BD465DF8047B704780B483B000AF47
:1052800078607B68B3F5803F02D27B689BB201E017
:105290004FF6FF7318460C37BD465DF8047B704728
:1052A00080B400AF00231846BD465DF8047B70470C
:1052B00080B483B000AF0346FB71FB79092B2BD878
:1052C00001A252F823F000BFF1520008F552000885
:1052D000F9520008FD520008015300080553000868
:1052E000095300080D530008115300081553000816
:1052F0000D4B12E00D4B10E00D4B0EE00D4B0CE092
:105300000D4B0AE00D4B08E00D4B06E00D4B04E0A1
:105310000D4B02E00D4B00E00D4B18460C37BD461F
:105320005DF8047B704700BFAC930108B09301089F
:10533000BC930108C8930108D4930108E0930108C5
:10534000F093010808940108249401083894010896
:105350004894010880B58EB000AF7861396187ED5F
:10536000030ABA607B604FF000037B634FF00003D9
:105370003B630023FB6258E0FB6A07EE903AF8EECD
:10538000E77A9FED6C7A67EE877A9FED6B7A27EE6E
:10539000877ADFED6A6AC7EE267AC7ED0A7AD7ED1B
:1053A0000A7A9FED677A27EE877ADFED666AC7EEA5
:1053B000267AC7ED097ABB6807EE903AF8EEE77AED
:1053C00097ED097A67EE277AC7ED087AFB6A9B00AA
:1053D0007A69134493ED007AD7ED037A77EE677A12
:1053E000C7ED077A97ED080A12F04AFDB0EE407A51
:1053F000D7ED077A67EE277A97ED0D7A77EE277A61
:10540000C7ED0D7A97ED080A12F072FDB0EE407A02
:10541000D7ED077A67EE277A97ED0C7A77EE277A41
:10542000C7ED0C7AFB6A0133FB62FA6A3B699A4268
:10543000A2DBBB68DAB27B681A703B69002B13DC15
:105440007B684FF000025A607B684FF000029A6060
:105450007B684FF00002DA607B684FF000021A614F
:105460007B6800221A7562E03B6907EE903AF8EE1D
:10547000E77AF0EE006A86EEA77AD7ED0D7A67EE4E
:10548000277A7B68C3ED017A3B6907EE903AF8EE24
:10549000E77AF0EE006A86EEA77AD7ED0C7A67EE2F
:1054A000277A7B68C3ED027A7B6893ED017A7B688B
:1054B000D3ED017A27EE277A7B68D3ED026A7B6809
:1054C000D3ED027A66EEA77A77EE277AB0EE670A16
:1054D00012F0B4FCF0EE407A7B68C3ED037A7B688F
:1054E000D3ED027A7B6893ED017AF0EE470AB0EED5
:1054F000670A12F0A1FCF0EE407A9FED127A27EED7
:10550000877ADFED0F6AC7EE267A7B68C3ED047AEF
:105510007B68D3ED037A9FED0C7AF4EEC77AF1EE57
:1055200010FAACBF01230023DAB27B681A75383752
:10553000BD4680BD0000B4430000804300008047AA
:10554000DB0F494000003443CDCC4C3D80B487B0E4
:1055500000AFF860B9607A6000237B6118E07A6977
:1055600013465B001344DB001A46FB6813441A78A9
:105570007B68DBB29A4208D17A6913465B00134418
:10558000DB001A46FB68134407E07B6901337B614B
:105590007A69BB689A42E2DB002318461C37BD4695
:1055A0005DF8047B7047000080B52DED028B90B054
:1055B00000AF7861396187ED030ABA607B603B69AF
:1055C000002B02DCDFED507A96E04FF00003FB6326
:1055D0000023BB637CE0BB6B07EE903AF8EEE77A02
:1055E0009FED4A7A67EE877A9FED497A27EE877AB0
:1055F000DFED486AC7EE267AC7ED0B7AD7ED0B7A56
:105600009FED457A27EE877ADFED446AC7EE267A6A
:10561000C7ED0A7AFB687B6300233B633BE03B6B8F
:105620007A6813441B781A460C21B868FFF78EFF7E
:1056300038623B6A002B2AD03B6A1B7807EE903A0F
:10564000F8EE677A97ED0A7A67EE277AC7ED077A60
:105650003B6A93ED018A97ED070A12F011FCF0EE18
:10566000407A28EE278A3B6AD3ED028A97ED070A33
:1056700012F03EFCF0EE407A68EEA77A78EE277AD8
:1056800097ED0D7A77EE277AC7ED0D7A00E000BF2F
:105690003B6B01333B633A6B3B6D9A42BFDBBB6BA9
:1056A0009B007A69134493ED007AD7ED0D7A77EE7B
:1056B000677AC7ED097AD7ED097A67EEA77A97ED91
:1056C0000F7A77EE277AC7ED0F7ABB6B0133BB6396
:1056D000BA6B3B699A42FFF67EAF3B6907EE903AA0
:1056E000F8EEE77A97ED0F7AC7EE276AB0EE660A12
:1056F00012F0A4FBF0EE407AB0EE670A4037BD46E8
:10570000BDEC028B80BD00BF000000000000B44370
:105710000000804300008047DB0F49400000344315
:1057200080B52DED028B8EB000AF78613961FA60E3
:10573000BB6087ED010A424B7B63424B3B63002316
:10574000FB626CE0FB6A07EE903AF8EEE77A9FEDB9
:105750003E7A27EE877ADFED3D6AC7EE267AC7EDFF
:10576000087A7B68BB6200237B623BE07B6AFA6855
:1057700013441B781A4639697869FFF7E7FEF86128
:10578000FB69002B2AD0FB691B7807EE903AF8EEF4
:10579000677A97ED087A67EE277AC7ED067AFB6994
:1057A00093ED018A97ED060A12F06AFBF0EE407A5B
:1057B00028EE278AFB69D3ED028A97ED060A12F0DC
:1057C00097FBF0EE407A68EEA77A78EE277A97EDAD
:1057D0000A7A77EE277AC7ED0A7A00E000BF7B6A83
:1057E00001337B627A6ABB689A42BFDB97ED0A7A23
:1057F000D7ED0D7AB4EEE77AF1EE10FA01DDBB6A6F
:105800007B6397ED0A7AD7ED0C7AB4EEE77AF1EE86
:1058100010FA01D5BB6A3B63FB6A0133FB62FB6A8A
:10582000B3F5805F8EDBBB6C7A6B1A60FB6C3A6BF6
:105830001A6000BF3837BD46BDEC028B80BD00BF8B
:10584000286B6ECE286B6E4EDB0FC9400000804582
:10585000B0B594B002AF78613961FA6087ED020AA1
:105860007B60C7ED000A07F1240300221A605A602A
:105870009A60DA601A6100237B642CE07B6CFA6D1D
:1058800013441B781A46B96D7868FFF75FFE03462C
:10589000002B0AD15F4B7B637B691D4607F1240413
:1058A0000FCC0FC523682B60AFE07B6CFA6D1344FF
:1058B0001B785A00FB689A420AD3574B7B637B697B
:1058C0001D4607F124040FCC0FC523682B609CE014
:1058D0007B6C01337B647A6C3B6E9A42CEDB3B6E11
:1058E0000093FB6D7A6897ED020AF9683869FFF753
:1058F0005BFEF0EE407AC7ED097A07F11C030193D5
:1059000007F12003009397ED020A3B6EFA6DB96D23
:105910007868FFF705FF97ED087AD7ED077A77EEFD
:10592000677AC7ED0A7AD7ED007A9FED3C7AF4EEFC
:10593000C77AF1EE10FA57DDD7ED096A97ED007AD4
:10594000C6EE877AC7ED0F7AD7ED0F7A67EEA77AA2
:10595000B7EE007A77EE677AC7ED0E7AD7ED0E7A5A
:10596000F0EEE77A9FED2E7AF4EE477AF1EE10FA38
:1059700011D8D7ED0E7A9FED2B7AF4EEC77AF1EEBF
:1059800010FA08D4D7ED0E7A9FED277AF4EEC77A95
:10599000F1EE10FA0ADD254B7B637B691D4607F1AA
:1059A00024040FCC0FC523682B602EE0BB6B3B6437
:1059B000D7ED107AF5EEC07AF1EE10FA02D54FF07D
:1059C00000033B64D7ED107AB7EE007AF4EEC77AA5
:1059D000F1EE10FA02DD4FF07E533B643B6CFB624C
:1059E000012387F8303005E04FF00003FB6200230D
:1059F00087F83030012387F831307B691D4607F185
:105A000024040FCC0FC523682B6078694837BD4646
:105A1000B0BD00BF5094010864940108BD378635BD
:105A2000FFFF7F7F6F1283BAC520803F7894010803
:105A300080B487B000AF7860396001237B6131E0CA
:105A40007B699B007A6813441B68FB607B69013BA0
:105A50003B610DE03B699B007A681A443B69013366
:105A60009B0079680B4412681A603B69013B3B61FB
:105A70003B69002B0CDB3B699B007A681344D3ED38
:105A8000007A97ED037AB4EEE77AF1EE10FAE1D4FA
:105A90003B6901339B007A681344FA681A607B699A
:105AA00001337B617A693B689A42C9DB00BF00BF62
:105AB0001C37BD465DF8047B70470000B0B594B05C
:105AC00000AFF860B9607A603B6007F11003002214
:105AD0001A605A609A60DA601A615A613B68002B5A
:105AE0000ADCFB681D4607F110040FCC0FC594E8D3
:105AF000030085E80300F2E04FF00003FB6400239D
:105B0000BB6416E0BB6C9B00BA68134493ED007A4B
:105B1000BB6C9B00BA681344D3ED007A67EE277A1A
:105B200097ED137A77EE277AC7ED137ABB6C0133C2
:105B3000BB64BA6C3B689A42E4DB3B6807EE903A80
:105B4000F8EEE77A97ED137AC7EE276AB0EE660AA9
:105B500012F074F9F0EE407AC7ED067A3B689B00CC
:105B60001A46B968786811F0E1FC39687868FFF77F
:105B70005FFF3B6E7B647A6C3B689A4201DD3B6859
:105B80007B647B6C002B01DC01237B644FF0000302
:105B90003B644FF00003FB630023BB631DE0BB6B62
:105BA0009B007A681344D3ED007A97ED107A77EE74
:105BB000277AC7ED107A3B685A1EBB6BD31A9B003D
:105BC0007A681344D3ED007A97ED0F7A77EE277A4F
:105BD000C7ED0F7ABB6B0133BB63BA6B7B6C9A4228
:105BE000DDDB7B6C07EE903AB8EEE77AD7ED106A12
:105BF000C6EE877AC7ED0B7A7B6C07EE903AB8EE6B
:105C0000E77AD7ED0F6AC6EE877AC7ED0A7A97ED85
:105C10000A7AD7ED0B7A77EE677AC7ED047A3B689C
:105C200003F18043013B9B007A68134493ED007AB3
:105C30007B68D3ED007A77EE677AC7ED057A3B682B
:105C4000013B07EE903AF8EEE77A9FED277A67EE90
:105C5000877AB6EE007A77EE877AFDEEE77A17EE6E
:105C6000903A7B633B68013B07EE903AF8EEE77AA7
:105C70009FED1E7A67EE877AB6EE007A77EE877A26
:105C8000FDEEE77A17EE903A3B637B6B002B01DA6F
:105C900000237B633A6B3B689A4202DB3B68013B23
:105CA0003B637B6B9B007A6813441B68FB613B6B17
:105CB0009B007A6813441B683B6297ED087AD7ED26
:105CC000077A77EE677AC7ED097AFB681D4607F118
:105CD00010040FCC0FC594E8030085E80300F868B2
:105CE0005037BD46B0BD00BFCDCC4C3D3333733FC4
:105CF00080B584B000AFF8600B467A60FB72FB6839
:105D0000002B0ED0FB68FA7A1A7007F0FBFC0246F3
:105D10007B68D21AFB685A60FEF702FF0246FB68F6
:105D20009A61FB7A18461037BD4680BD80B483B0B7
:105D300000AF0346FB71FB79032B13D801A252F885
:105D400023F000BF555D0008595D00085D5D000847
:105D5000615D0008074B06E0074B04E0074B02E0DB
:105D6000074B00E0074B18460C37BD465DF8047B37
:105D7000704700BFAC9301088C9401089C94010803
:105D8000A49401084894010880B58EB002AF7860F1
:105D90007B68002B01D10323B3E01C22002178682B
:105DA00011F032FB07F0AEFC7862FEF7B9FE024656
:105DB0007B685A610220FEF7DFFF4FF00003FB61B2
:105DC00007F11C0318469FED510AFEF737FE034604
:105DD000002B06D07A6A03217868FFF789FF034613
:105DE0008FE0FA697B68DA60FA697B681A617B6820
:105DF00001229A600023FB627B6ABB624FF00003C2
:105E0000BB6107F1180318469FED400AFEF716FE26
:105E10000346002B06D07A6A03217868FFF768FFF3
:105E200003466EE0BA697B681A617B689B685A1CFE
:105E30007B689A60D7ED067AF0EEE77A9FED347AC8
:105E4000F4EEC77AF1EE10FA03D5FB6A0133FB6278
:105E500001E00023FB62FB6AB3F5FA7F06DD7A6A94
:105E600000217868FFF744FF03464AE0D7ED067A41
:105E7000B0EEE77AD7ED077AF0EEE77A77EE677A59
:105E80009FED247AF4EEC77AF1EE10FA06DD7A6A15
:105E900001217868FFF72CFF034632E007F032FC5F
:105EA00038623A6ABB6AD31AB3F5FA7F17D33B6AF2
:105EB000BB62D7ED067A07F1080310211846B0EE51
:105EC000670AFFF73BF8FEF72BFE034607F10801D0
:105ED00000934FF4FA73FA6A0F48FEF7C7FF3A6A65
:105EE0007B6AD31A44F61F62934206D97A6A02216A
:105EF0007868FFF7FDFE034603E002200EF067FA24
:105F00007CE718463037BD4680BD00BF000000006A
:105F1000CDCCCC3D0000B442B894010880B582B02D
:105F200000AF0320FEF728FF14237B601AE07B6894
:105F30009BB25B429BB2B7EE000A1846FEF724FD07
:105F40007B6818460EF043FA7B689BB2B7EE000AF6
:105F50001846FEF719FD7B6818460EF038FA7B6884
:105F6000013B7B607B68002BE1DCB7EE000A002080
:105F7000FEF70AFDC8200EF02AFA00BF0837BD461A
:105F800080BDB0B489B000AF7860396007F1080314
:105F900000221A605A609A60DA601A615A613B689E
:105FA000002B11D03B681B6ABB603B685B6AFB60DF
:105FB0003B689B6A3B613B68DB6A7B613B681B6BB0
:105FC000BB613B685B6BFB617B681D4607F10804A6
:105FD0000FCC0FC594E8030085E8030078682437E8
:105FE000BD46B0BC704780B485B000AFF860B96002
:105FF0007A60FB68002B42D0BB68002B3FD07B68E7
:10600000002B3CD07B681A68FB68196ABB681B6868
:10601000CB1A1A447B681A607B685A68FB68596A15
:10602000BB685B68CB1A1A447B685A607B689A68C5
:10603000FB68996ABB689B68CB1A1A447B689A60B4
:106040007B68DA68FB68D96ABB68DB68CB1A1A44DC
:106050007B68DA607B681A69FB68196BBB681B692F
:10606000CB1A1A447B681A617B685A69FB68596BC2
:10607000BB685B69CB1A1A447B685A6100E000BFB9
:106080001437BD465DF8047B704780B590B000AF13
:10609000F860B9607A603B60BB681B687A689A42B6
:1060A00001DB082301E06FF00703BB630023FB6300
:1060B0003EE0BB681A68BB6B1A44BB681A60BB6BD6
:1060C000002B04DDBB681B687A689A4207DBBB6B58
:1060D000002B07DABB681B687A689A4202DDBB684E
:1060E0007A681A60BB681B689BB2B7EE000A184654
:1060F000FEF74AFC01200EF06AF907F110030322B3
:1061000040F21D71F868FBF79AFE034687F83730B6
:10611000FB6B0133FB6397F83730002B08D03B68EB
:10612000002B02D03B68FA6B1A6097F837300BE00F
:10613000BB681B687A689A42BBD13B68002B02D0CF
:106140003B68FA6B1A60002318464037BD4680BD95
:1061500090B482B000AFC7E90001D7E9000100297F
:1061600006DAD7E900010024424264EB010301E0B2
:10617000D7E90023104619460837BD4690BC704742
:1061800080B483B000AF0346FB71FB79032B13D8B7
:1061900001A252F823F000BFA9610008AD61000818
:1061A000B1610008B5610008074B06E0074B04E049
:1061B000074B02E0074B00E0074B18460C37BD4683
:1061C0005DF8047B704700BFAC9301089C94010804
:1061D000F8940108A49401084894010880B483B09D
:1061E00000AF0346FB71FB79052B1BD801A252F8C7
:1061F00023F000BF0D62000811620008156200085C
:10620000196200081D62000821620008094B0AE0BB
:10621000094B08E0094B06E0094B04E0094B02E09A
:10622000094B00E0094B18460C37BD465DF8047B6E
:10623000704700BF08950108AC9301081895010844
:106240003095010848950108A49401084894010874
:106250002DE9B04F96B000AFF860C7E90023FB68A6
:10626000002B02D0FB6F002B01D1032310E1482249
:106270000021F86F11F0C8F8FB6F03221A70FB6F52
:1062800000225A7007F11003032240F21D71F868D2
:10629000FBF7D5FD034687F8473097F84730002BCA
:1062A00005D0FB6F97F847205A700323F0E0FB6F8F
:1062B00003F1080407F110050FCD0FC495E80F0096
:1062C00084E80F00FB6F01229A62D7E90623C7E931
:1062D00014230023FB640023BB6407F013FA386423
:1062E00001200EF074F807F11003032240F21D7133
:1062F000F868FBF7A4FD034687F8473097F8473066
:10630000002B08D0FB6F97F847205A70FB6F0322D1
:106310001A700323BCE0FB6F03F1080407F11005BA
:106320000FCD0FC495E80F0084E80F00FB6F9B6A48
:106330005A1CFB6F9A62D7E90601D7E91423B0EB28
:10634000020A61EB030B50465946FFF701FFC7E90C
:106350000E01D7E90623C7E91423D7E90601D7E9D7
:106360000023B0EB020861EB0309FB6FC3E90E8960
:10637000D7E90E230A2A73F1000334BF0123002357
:1063800087F8373097F8783083F00103DBB2002BC1
:106390000ED1FB6FD3E90E2310461946FFF7D8FE46
:1063A00002460B4640F28F318A4273F1000301D25C
:1063B000012300E0002387F8363097F8363003F0E9
:1063C000010387F8363097F83730002B03D0FB6C89
:1063D0000133FB6401E00023FB6497F83730002BA6
:1063E00007D097F83630002B03D0BB6C0133BB6469
:1063F00001E00023BB64FB6FDB6AFA6C9A4202D9AE
:10640000FB6FFA6CDA62FB6F1B6BBA6C9A4202D9B3
:10641000FB6FBA6C1A63FB6FDB6A072B8CBF01231F
:106420000023DAB2FB6F83F84020FB6F97F8362029
:1064300083F84120BB6C072B08D9FB6F012283F83E
:106440004220FB6F00221A70002321E007F05AF966
:1064500002463B6CD31A632B7FF642AFFB6F0022E0
:1064600083F84220FB6F93F84030002B0CD0FB6F79
:1064700093F8413083F00103DBB2002B04D0FB6FB3
:1064800002221A70022303E0FB6F01221A7001231B
:1064900018465837BD46BDE8B08F000080B483B0C1
:1064A00000AF87ED010A07E0D7ED017A9FED157A7D
:1064B00077EEC77AC7ED017AD7ED017A9FED127AB0
:1064C000F4EEC77AF1EE10FAEEDC07E0D7ED017AD0
:1064D0009FED0C7A77EE877AC7ED017AD7ED017AD6
:1064E0009FED0A7AF4EEC77AF1EE10FAEED47B68EB
:1064F00007EE903AB0EE670A0C37BD465DF8047BB4
:10650000704700BF0000B44300003443000034C3B0
:1065100090B589B000AFF860B9607A603B60FB6805
:10652000002B00F0BB807B68002B00F0B780BB68BD
:10653000002BC0F2B380BB68B3F5967F80F2AE80CB
:106540000023FB777B6893F84030002B0AD0FB7F59
:1065500043F00103FB77FB68D3F8D8325A1CFB6881
:10656000C3F8D8227B6893F84130002B0AD0FB7F18
:1065700043F00203FB77FB68D3F8DC325A1CFB685C
:10658000C3F8DC227B6893F84230002B0AD0FB7FF3
:1065900043F00403FB77FB68D3F8E0325A1CFB6836
:1065A000C3F8E0227B681B78012B07D1FB68D3F886
:1065B000E4325A1CFB68C3F8E4220AE07B681B78CB
:1065C000022B06D1FB68D3F8E8325A1CFB68C3F8EB
:1065D000E8227B68D3E90E2310461946FFF7B8FD81
:1065E000C7E90401FB68D3E9BC2310461946D7E983
:1065F0000423904271EB030304D2D7E90423F96822
:10660000C1E9BC23FB68D3F8D4325A1CFB68C3F839
:10661000D422FB68D3F86433002B40D0FB68D3F856
:1066200064037B68D3E90E23B96801F59671C9004C
:106630000144C1E900237B689A6AFB68D3F864438C
:106640001046FEF71AFE03461A46BB6803F561635F
:1066500024F81320FB68D3F864237B681978BB689F
:10666000134403F516530A461A70FB68D3F86423E3
:10667000BB68134403F51A532C33FA7F1A70FB6876
:10668000D3F864433868FEF7E7FD03461A46BB6853
:10669000234403F51F5318331A7000E000BF24375A
:1066A000BD4690BD90B585B000AFF860B9607A6026
:1066B000FB70FB68002B00F017817B68002B00F05B
:1066C0001381FB68D3F86433002B00F00D81FB6865
:1066D000012283F8F922FB68D3F800335A1CFB68C7
:1066E000C3F80023FB68D3F80C237B681B6D1A44A6
:1066F000FB68C3F80C23FB68D3F810237B68DB6CC2
:106700001A44FB68C3F81023FB68D3F814237B6892
:106710005B6D1A44FB68C3F81423FB68D3F8182395
:106720007B689B6D1A44FB68C3F81823FB68D3F899
:106730001C237B68DB6D1A44FB68C3F81C23FB68D1
:10674000D3F824237B685B6E1A44FB68C3F82423C8
:10675000FB68D3F828237B689B6E1A44FB68C3F858
:1067600028237B68DA6EFB68D3F82C339A4204D96D
:106770007B68DA6EFB68C3F82C237B681A6EFB68B3
:10678000D3F830339A4204D97B681A6EFB68C3F899
:106790003023BB68002B71DBBB68B3F5967F6DDAE5
:1067A000FB68D3F864337A68116FBA6802F59662B1
:1067B00043F82210FB68D3F864337A68916FBA68A3
:1067C00002F2DC5243F822107B681A6DFB68D3F8A2
:1067D00064431046FEF740FD03461A46BB68234457
:1067E00003F5F35318331A707B68DA6CFB68D3F83F
:1067F00064431046FEF730FD03461A46BB68234447
:1068000003F5FD5304331A707B685A6DFB68D3F8A7
:1068100064431046FEF720FD03461A46BB68234436
:1068200003F5035310331A707B689A6DFB68D3F835
:1068300064431046FEF710FD03461A46BB68234426
:1068400003F507533C331A707B68DA6DFB68D3F8A5
:1068500064431046FEF700FD03461A46BB68234416
:1068600003F50C5328331A70FB68D3F86423BB6814
:10687000134403F511531433FA781A70FB78002B84
:1068800026D17B681B78002B22D0BB68002B1FDB36
:10689000BB68B3F5967F1BDAFB68D3F864037B68AB
:1068A000D3E90C23B968C9000144C1E90023BB68DE
:1068B000002B05D17B68D3E90C23F968C1E9CE230D
:1068C000FB68D3F804335A1CFB68C3F804230CE0BC
:1068D000FB68D3F820335A1CFB68C3F82023FB68FD
:1068E000FA7883F8FC2200E000BF1437BD4690BD63
:1068F00080B483B000AF78607B68032B04D8064A6D
:106900007B6852F8233000E0044B18460C37BD4634
:106910005DF8047B704700BF90C1010848940108EE
:1069200080B584B000AF7860396006F0EBFE0246B7
:106930007B68D31AFB60FA683B689A4206D23A68D1
:10694000FB68D31A18460DF042FDEEE700BF103782
:10695000BD4680BD2DE9F0438BB004AFF860B9604F
:106960007A60FB70FB68002B05D07B68002B02D09F
:10697000BB68032B01D9012384E0BB68B82202FB6A
:1069800003F303F55E73FA6813447B61B8220021B8
:10699000786910F039FD7B6901221A707B69FA78F9
:1069A0009A707B69BA6B5A607B69FA6B9A607B69F3
:1069B0003A6CDA607B697A6C1A617B697A68303389
:1069C00011468822184610F0B1FDFB68D3F87033E9
:1069D0005A1CFB68C3F87023FB78002B06D17B6838
:1069E0001B7883F00103DBB2002B08D0FB78002B6F
:1069F00002D17B6901229A707B699B7842E07B68B7
:106A0000D3E90C01FB68D3E9CE237E6918360396DF
:106A10004FF4807602964FF480760196BE6C009615
:106A2000FBF7A4FC034683F00103DBB2002B05D087
:106A30007B6909229A707B699B7823E07B68D3E9A4
:106A400008017B68D3E90623B0EB020861EB030978
:106A50007B69C3E908897B68D3E910017B68D3E9C6
:106A60000E23841A61EB03057B69C3E90A457B6940
:106A700001225A70FB68D3F874335A1CFB68C3F8C0
:106A80007423002318461C37BD46BDE8F083000080
:106A900080B5B2B006AFF860B960C7E9002397F8D7
:106AA000C430002B01D1012301E04FF0FF33C7F8C0
:106AB000A830FB68012283F86923FB68002283F871
:106AC0006B2306F01FFEC7F8A400D7F8A830049384
:106AD000D7F8C030039300230293002301930023CF
:106AE00000930023D7F8BC200021F868FFF732FF9D
:106AF000034687F8A33097F8A330002B07D0FB6834
:106B000097F8A32083F86C2397F8A33069E001235A
:106B1000C7F8AC3058E0354AD7F8AC3052F82330DB
:106B20001946D7F8A400FFF7FBFE06F0EBFD02467E
:106B3000D7F8A430D31AC7F89C3007F1100301939B
:106B4000D7F8B8300093D7E90023B868FBF742FFC5
:106B5000034687F8A33006F0D5FD0246D7F8A430E7
:106B6000D31AC7F89830214AD7F8AC3052F82330FE
:106B700097F8A30007F11001D7F8A8200492D7F8DE
:106B8000C0200392D7F898200292D7F89C20019257
:106B9000009303460A46D7F8AC10F868FFF7DAFE10
:106BA000034687F8A33097F8A330002B07D0FB6883
:106BB00097F8A32083F86C2397F8A33011E0D7F857
:106BC000AC300133C7F8AC30D7F8AC30032BA2D9C6
:106BD000FB68012283F86A23FB68002283F86C2398
:106BE00000231846B037BD4680BD00BFA0C10108D4
:106BF000B0B598B004AF78600B46FB7006F082FD2C
:106C000078637B68002283F8FA227B68002283F88D
:106C1000FB227B6893F8F83283F00103DBB2002B90
:106C200024D17B6893F8F93283F00103DBB2002BA7
:106C30001CD17B68D3F86433002B17D07B6893F8A2
:106C4000FC32002B12D17B68D3F804237B68D3F885
:106C500098309A420AD17B68D3F89C30002B05DD2E
:106C60007B68D3F80433B3F5807F08DC06F04AFD77
:106C700002467B6BD21A7B68C3F834232EE17B6813
:106C8000D3F86433D3E900237968C1E9CE23FB78D4
:106C9000002B01D1012301E04FF0FF333B634FF0A4
:106CA0000003FB648F4BBB648F4B7B6400233B640E
:106CB00071E04FF000024FF00003C7E902237B6848
:106CC000D3F864233B6CDB001344D3E900017B68F9
:106CD000D3E9CE233C6C07F1080503954FF480758A
:106CE000029501943C6B0094FBF740FB034683F054
:106CF0000103DBB2002B0CD07B68092283F8FC2255
:106D000006F000FD02467B6BD21A7B68C3F8342381
:106D1000E4E0D7E9022310461946FEF773FA87ED3F
:106D20000A0A7B68D3F89C303A6C9A4223DA6F4A9D
:106D30003B6C9B001344BA6A1A6097ED137AD7ED47
:106D40000A7A77EE277AC7ED137A97ED0A7AD7EDAC
:106D5000127AB4EEE77AF1EE10FA01D5BB6ABB64A1
:106D600097ED0A7AD7ED117AB4EEE77AF1EE10FAE0
:106D700001DDBB6A7B643B6CB3F5807F08D1D7E94A
:106D800002237968C1E9D0237B68BA6AC3F8582323
:106D90003B6C01333B647B68D3F804333A6C9A4212
:106DA00087DB7B68D3F89C207B68C3F808237B686B
:106DB000D3F8083307EE903AB8EEE77AD7ED136AC6
:106DC000C6EE877A7B68C3EDD27A4FF00003FB638F
:106DD0000023BB6319E0454ABB6B9B00134493ED52
:106DE000007A7B68D3EDD27A77EE677AC7ED0B7ABB
:106DF000D7ED0B7A67EEA77A97ED0F7A77EE277AC1
:106E0000C7ED0F7ABB6B0133BB637B68D3F80833E4
:106E1000BA6B9A42DFDB7B68D3F8083307EE903A0F
:106E2000F8EEE77A97ED0F7AC7EE276AB0EE660ABA
:106E300011F004F8F0EE407A7B68C3EDD37A7B68FA
:106E4000D3F808137B68D3EDD27A07F1100324221C
:106E5000B0EE670A2548FEF77DFAFA697B68C3F849
:106E6000502397ED117AD7ED127A77EE677A7B6827
:106E7000C3EDD57A7B6893ED2D7A7B68D3EDD37A19
:106E800077EE677A7B68C3EDD77A7B6893ED617A9A
:106E90007B68D3EDD47A77EE677A7B68C3EDD87AD6
:106EA0007B68D3EDD67AF0EEE77A9FED117AF4EEB7
:106EB000C77AF1EE10FA94BF01230023DAB27B689F
:106EC00083F8FB227B68012283F8FA2206F01AFC81
:106ED00002467B6BD21A7B68C3F834235037BD4619
:106EE000B0BD00BF286B6E4E286B6ECE40220020D6
:106EF000CDCC4C3E80B582B000AF7860396006F0F2
:106F000001FC02467B68D31A3A689A4294BF012377
:106F10000023DBB218460837BD4680BD80B483B07D
:106F200000AF78607B68002B37D07B68D3ED007AA8
:106F3000F5EE407AF1EE10FA2FD17B68D3ED017AAD
:106F4000F5EE407AF1EE10FA27D17B68D3ED027AA4
:106F5000F5EE407AF1EE10FA1FD17B681B7B83F0CF
:106F60000103DBB2002B18D07B681B69002B14D106
:106F70007B689B8A002B10D17B68D3ED067AF5EEF7
:106F8000407AF1EE10FA08D17B681B7F83F0010391
:106F9000DBB2002B01D0012300E0002303F001034A
:106FA000DBB218460C37BD465DF8047B7047B0B5C0
:106FB00084B000AFF860B9607A603B60FB68002B7A
:106FC00034D0BB68002B31D07B68002B2ED03B68BF
:106FD000002B2BD0FB6801225A737868FFF79EFFC5
:106FE00003461A46FB689A73FB68BA6803F11004FB
:106FF00015460FCD0FC495E80F0084E80F00FB681D
:107000007A6803F1300415460FCD0FC495E80F00E0
:1070100084E80F00FB683A6803F1500415460FCD71
:107020000FC495E8070084E8070000E000BF1037B0
:10703000BD46B0BDB0B588B000AFF861B961FB69BD
:10704000002283F8A020FB690022C3F89820FC6985
:107050003B46B9691846FEF794FF04F522743D4695
:107060000FCD0FC495E8030084E80300FB69D3F853
:107070008822FB69D3F8A032D21AFB69D3F8B83260
:10708000D21AFB69D3F89836D21AFB69D3F8B03616
:10709000D21AFB69D3F8C836D21AFB69C3F8742236
:1070A000FB69D3F89022FB69D3F8A832D21AFB69A6
:1070B000D3F8C032D21AFB69D3F8A036D21AFB69D2
:1070C000D3F8B836D21AFB69D3F8D036D21AFB6996
:1070D000C3F87822FB69D3F89422FB69D3F8AC3269
:1070E000D21AFB69D3F8C432D21AFB69D3F8A4369A
:1070F000D21AFB69D3F8BC36D21AFB69D3F8D4365E
:10710000D21AFB69C3F87C22FB69D3F89822FB6989
:10711000D3F8B032D21AFB69D3F8C832D21AFB695D
:10712000D3F8A836D21AFB69D3F8C036D21AFB6955
:10713000D3F8D836D21AFB69C3F88022FB69D3F89A
:107140009C22FB69D3F8B432D21AFB69D3F8CC3253
:10715000D21AFB69D3F8AC36D21AFB69D3F8C4361D
:10716000D21AFB69D3F8DC36D21AFB69C3F8842241
:1071700000BF2037BD46B0BD2DE9F04FADF28C4DBC
:1071800004AF07F58F64A4F224442060084607F595
:107190008F61A1F22C410A6007F58F62A2F5866229
:1071A000136007F58F63A3F225420346137007F5BA
:1071B0008F63A3F586631A68CA4BD31ADA10CA4BD9
:1071C00002FB03F3C7F81434D7F81434002B08D1AA
:1071D000D7F8142442F6081303FB02F2C34B1344FE
:1071E00000E00023C7F8103407F58F63A3F586632A
:1071F00041F638420021186810F006F9D7F810342B
:10720000002B06D042F608120021D7F8100410F027
:10721000FBF807F58F63A3F586631A68D7F8103477
:10722000C2F86433D7F81034002B14BF01230023B5
:10723000D9B207F58F63A3F586631A680B4682F807
:10724000F83207F58F63A3F586631A68002382F886
:10725000FC32D7F81034002B14BF01230023D9B21D
:1072600007F58F63A3F586631A680B4682F86833C7
:1072700007F58F63A3F586631A68002382F86C33E1
:1072800007F58F63A3F586631A68012382F86B33D1
:1072900007F58F63A3F586631A6807F58F63A3F27A
:1072A00024431B68136007F58F63A3F586631A6890
:1072B00007F58F63A3F225431B78137307F58F63DC
:1072C000A3F586631A6807F58F63A3F22C431B6846
:1072D0005360874B1B685A1C854B1A60844B1A6895
:1072E00007F58F63A3F586631B689A60FDF710FCB2
:1072F0000346194607F58F63A3F586631A680B46A4
:10730000A2F82032FDF7FCFB0346194607F58F6310
:10731000A3F586631A680B46A2F8223207F58F633D
:10732000A3F586631B68B3F822321A4613465B0046
:1073300013445B0099B207F58F63A3F586631A685F
:107340000B46A2F8243207F54A731846FAF762FD95
:1073500007F58F63A3F5EA72002313600620FDF79B
:107360000BFD07F5427307F54A70032240F21D71C9
:10737000FAF765FD034687F8773497F87734002BE2
:107380001ED007F58F63A3F586631B6897F87724F3
:1073900083F8702207F58F63A3F586631B680522C7
:1073A00083F8582607F54A7207F58F63A3F58663BD
:1073B00011461868FFF73EFE97F8773401F02ABFB0
:1073C00007F58F63A3F586631A68012382F859369F
:1073D0000520FDF7D1FC07F58F63A3F5F67207F5DD
:1073E0004A7319461046FEF7CCFD07F58F63A3F5E7
:1073F000B873D3E9020107F54A7407F510730193D6
:107400000023009302460B462046FEF721FF034669
:10741000194607F58F63A3F586631A680B4682F851
:107420005C3607F58F63A3F586631B6803F5D362AB
:1074300007F5237107F54A731846FEF7D4FD07F5E3
:107440008F63A3F586631B6893F85C36002B51D0DD
:1074500007F58F63A3F586631B6893F85C2607F531
:107460008F63A3F21313032A0CBF012200221A70A8
:1074700007F58F63A3F213131B78002B01D00522AD
:1074800000E0022207F58F63A3F586631B6883F88B
:10749000582607F54A7207F58F63A3F586631146F0
:1074A0001868FFF7C7FD07F58F63A3F213131B7866
:1074B000002B14D007F58F63A3F50E735A7807F5E8
:1074C0008F63A3F586631B6883F8702207F58F63CB
:1074D000A3F586631B6893F8703201F09BBE00230E
:1074E00001F098BE080600203752B2DD00000010FF
:1074F000F426002007F58F63A3F50E73D3E9042368
:1075000007F58161C1E900230420FDF735FC6FF028
:10751000FF03C7F8043407F58F63A3F5147207F56A
:107520004A7319461046FEF72CFD07F58F63A3F545
:1075300015720023136007F5097307F5297107F524
:107540004A70D7F80424FEF7A0FD034687F80334F9
:1075500007F58F63A3F586631B6803F5D66207F50D
:107560000A7107F54A731846FEF73DFD07F58F636C
:10757000A3F515731A6807F58F63A3F586631B6877
:10758000C3F8602697F80334002B1ED007F58F63ED
:10759000A3F586631B6897F8032483F8702207F528
:1075A0008F63A3F586631B68052283F8582607F5C9
:1075B0004A7207F58F63A3F5866311461868FFF7D3
:1075C00039FD97F8033401F025BE07F58F63A3F565
:1075D00086631A68012382F85A360520FDF7CCFB32
:1075E00007F58163D3E90023B2F5807843F1FF39D1
:1075F000C7E9FE8907F58F63A3F51B7207F54A7388
:1076000019461046FEF7BDFC07F54A7107F5E07311
:10761000019301230093D7E9FE230846FEF718FEE5
:107620000346194607F58F63A3F586631A680B4670
:1076300082F85D3607F58F63A3F586631B6803F553
:10764000D36207F5037107F54A731846FEF7CBFCC2
:1076500007F58F63A3F586631B6893F85D36002BEF
:1076600049D007F58F63A3F586631B6893F85D2601
:1076700007F58F63A3F58973032A0CBF012200224B
:107680001A7007F58F63A3F589731B78002B01D05F
:10769000052200E0032207F58F63A3F586631B68CC
:1076A00083F8582607F54A7207F58F63A3F58663BA
:1076B00011461868FFF7BEFC07F58F63A3F58973C1
:1076C0001B78002B14D007F58F63A3F52E735A781F
:1076D00007F58F63A3F586631B6883F8702207F5AF
:1076E0008F63A3F586631B6893F8703201F092BD37
:1076F000002301F08FBD07F58F63A3F52E73D3E947
:107700000423C7E9FC23D7E9FC0107F58163D3E92A
:107710000023B0EB020A61EB030B07F58F63A3F5BF
:1077200086631B6803F5CE63C3E900AB07F58F637F
:10773000A3F586631B6803F5CE63D3E9002312F536
:10774000807543F1000607F58F63A3F586631B6818
:1077500003F5D06343E9025607F58F63A3F586630B
:107760001B6803F5CE63D3E900234FF000004FF010
:107770000001D80F0021C1B207F58F63A3F586631E
:107780001A680B4682F86A360420FDF7F5FA07F509
:107790008F63A3F5147407F1300207F54A73194695
:1077A0001046FEF7EEFB07F58F63A3F589632546C8
:1077B0001C460FCC0FC594E8030085E8030007F5CD
:1077C0008F63A3F52F7300221A6007F5DE7307F5A8
:1077D000297107F54A700022FEF757FC034687F827
:1077E000033407F58F63A3F586631B6803F5D9633C
:1077F00007F50A7107F54A701A46FEF7F4FB07F51C
:107800008F63A3F52F731A6807F58F63A3F586635B
:107810001B68C3F8642697F80334002B1ED007F5C5
:107820008F63A3F586631B6897F8032483F870229F
:1078300007F58F63A3F586631B68052283F8582636
:1078400007F54A7207F58F63A3F58663114618683A
:10785000FFF7F0FB97F8033401F0DCBC07F58F630A
:10786000A3F586631A68012382F85B360520FDF7CD
:1078700083FAD7E9FC2312F58071B96043F1000364
:10788000FB60D7E90234C7E9FA3407F58F63A3F543
:10789000E87407F1300307F54A7211461846FEF7FF
:1078A00070FB07F58F63A3F589631D460FCD0FC4E9
:1078B00095E8030084E8030007F54A7107F5B873FB
:1078C000019301230093D7E9FA230846FEF7C0FC91
:1078D00003461A4607F58F63A3F586631B6883F892
:1078E0005E2607F58F63A3F586631B6803F52E728A
:1078F00007F52A7107F54A731846FEF774FB07F57A
:107900008F63A3F586631B6803F5DC6207F52A71B4
:1079100007F54A731846FEF766FB07F58F63A3F574
:1079200086631B6893F85E36002B49D007F58F639A
:10793000A3F586631B6893F85E2607F58F63A3F2B1
:107940001113032A0CBF012200221A7007F58F635E
:10795000A3F211131B78002B01D0052200E00422B2
:1079600007F58F63A3F586631B6883F8582607F530
:107970004A7207F58F63A3F5866311461868FFF70F
:1079800059FB07F58F63A3F211131B78002B14D05A
:1079900007F58F63A3F542735A7807F58F63A3F554
:1079A00086631B6883F8702207F58F63A3F58663EF
:1079B0001B6893F8703201F02DBC002301F02ABC43
:1079C00007F58F63A3F54273D3E90423C7E9F823CE
:1079D00007F58F63A3F5B87207F58F63A3F54273BC
:1079E000154603F108040FCC0FC594E80F0085E895
:1079F0000F0007F58F63A3F5DC7207F58F63A3F51E
:107A000042731046194648231A460FF08FFD07F5BA
:107A10008F63A3F586631B6893F85E3687F8DF33C0
:107A200007F58F63A3F586631B68012283F8582648
:107A3000D7E9F801D7E9FC23841ABC6261EB0303A0
:107A4000FB6207F58F63A3F586631B6803F5D063BC
:107A5000D7E90A12C3E9001207F58F63A3F586631D
:107A60001B6803F5D063D3E90023B2F58071396256
:107A700043F1FF337B6207F58F63A3F586631B68D1
:107A800003F5D263D7E9081243E9021207F58F63C1
:107A9000A3F586631B6803F5D063D3E90023012AAD
:107AA00073F10003ACBF01230023DAB207F58F6343
:107AB000A3F586631B6883F8682607F58F63A3F533
:107AC0002F731B68202B08D107F58F63A3F515735F
:107AD0001B68202B01D1012300E0002303F00103E8
:107AE000DAB207F58F63A3F586631B6883F869260E
:107AF00007F58F63A3F586631B68D3F8A036002BC8
:107B000040F0898007F58F63A3F586631B68D3F87F
:107B1000A436002B7FD107F58F63A3F586631B681E
:107B2000D3F8A836002B76D107F58F63A3F58663CB
:107B30001B68D3F8AC36002B6DD107F58F63A3F526
:107B400086631B68D3F8B836002B64D107F58F63C2
:107B5000A3F586631B68D3F8BC36002B5BD107F511
:107B60008F63A3F586631B68D3F8C036002B52D110
:107B700007F58F63A3F586631B68D3F8C436002B23
:107B800049D107F58F63A3F586631B68D3F8D03618
:107B9000002B40D107F58F63A3F586631B68D3F8EC
:107BA000D436002B37D107F58F63A3F586631B68A6
:107BB000D3F8D836002B2ED107F58F63A3F5866353
:107BC0001B68D3F8DC36002B25D107F58F63A3F5AE
:107BD00086631B68D3F8E836002B1CD107F58F634A
:107BE000A3F586631B68D3F8EC36002B13D107F599
:107BF0008F63A3F586631B68D3F8F036002B0AD198
:107C000007F58F63A3F586631B68D3F8F436002B62
:107C100001D1012300E0002303F00103DAB207F5EC
:107C20008F63A3F586631B6883F86B2607F58F6364
:107C3000A3F586631B6893F86836002B1CD007F504
:107C40008F63A3F586631B6893F86936002B13D006
:107C500007F58F63A3F586631B6893F86A36002BDC
:107C60000AD007F58F63A3F586631B6893F86B361C
:107C7000002B01D0012300E0002303F00103DAB25E
:107C800007F58F63A3F586631B6883F86C26D7E935
:107C9000F80107F58163D3E90023841ABC6161EB25
:107CA0000303FB6107F58F63A3F586631B6803F588
:107CB000D263D7E90612C3E9001207F58F63A3F573
:107CC000B8731A8807F58F63A3F586631B68A3F85A
:107CD000A22007F58F63A3F586631B68B3F8A23073
:107CE0001846FCF7F5FE03461A4607F58F63A3F521
:107CF00086631B68A3F8A420D7E9F801FAF760F9B6
:107D0000F0EE407A07F58F63A3F586631B68C3ED39
:107D10002A7AD7F8E02307F58F63A3F586631B68FB
:107D2000C3F8AC2007F58F63A3F586631B68D3F80F
:107D3000A830C7F8D83307F58F63A3F54A7207F563
:107D40008F63A3F5A87314461D460FCD0FC495E8A5
:107D50000F0084E80F0007F58F63A3F586631B68A7
:107D600093F8F83287F8763407F58F63A3F55173EB
:107D700000221A7007F58F63A3F5517300225A6031
:107D800007F58F63A3F5517340229A6007F58F635F
:107D9000A3F551736022DA6007F58F63A3F5517381
:107DA00002221A6144F62060FAF71CF8024607F531
:107DB0008F63A3F551735A6107F58F63A3F5517370
:107DC00040F21D729A6107F58F63A3F5527300228A
:107DD0001A604FF00003C7F8D4330023C7F870349B
:107DE0000023C7F86C346D4B07F58D6213606C4B44
:107DF00007F2644213604FF0000307F58C621360D2
:107E00004FF0000307F25C4213600023A7F85A34D6
:107E10000023A7F85834BBE207F5307207F58F63EB
:107E2000A3F58660D7F86C34D7F870140068FEF7B5
:107E30006FFB07F58F63A3F5DC73D3E90423C7E970
:107E4000F22397F87634002B41D0D7F87034002B0A
:107E50003DDD4FF000024FF00003C7E9382307F57E
:107E60008F63A3F5DC73198907F58F63A3F5DC73C2
:107E70009A6907F5A87007F1E003009340F21D73BB
:107E8000F9F7B4FB034687F8C73397F8C733002BDD
:107E90001DD007F158038822002118460FF0B4FACC
:107EA00007F58F63A3F5846397F8C723DA7097F813
:107EB000C73307F1580207F58F61A1F58660D7F83F
:107EC00070140068FEF7EEFB002387F87634062076
:107ED000FCF752FF4FF0000307F2544213600023F7
:107EE000C7F850342BE007F5427307F54A700322B8
:107EF00040F21D71F9F7A3FF034687F8773497F82E
:107F00007734002B40F04B8207F58F63A3F5B873ED
:107F1000D3E9022310461946FAF752F8B0EE407A38
:107F200007F25443D3ED007A77EE877A07F2544391
:107F3000C3ED007AD7F850340133C7F85034D7F87E
:107F400050343F2BCFDD07F2544393ED007ADFED41
:107F5000156AC7EE267AC7EDF07A07F58F63A3F5A9
:107F600052731B6807EE903AF8EEE77AF0EEE77A84
:107F70009FED0D7A27EE877ADFED0C6AC7EE267A41
:107F8000C7EDF57A07F58F63A3F225431B78002B25
:107F900010D0D7EDF57AF1EE677A0DE0286B6ECE52
:107FA000286B6E4E000080420000B4430000804702
:107FB0000000B943D7EDF57AC7EDEF7A97EDF07A87
:107FC000D7EDF67A77EE677A97EDEF7A77EE677A04
:107FD000C7EDEE7A07F5427307F54A70032240F2C7
:107FE0001D71F9F72CFF034687F8773497F877343B
:107FF000002B40F0D68107F58F63A3F5B8731B887B
:10800000A7F8B633B7F8B6331846F9F743F987ED52
:10801000EC0A97EDEE7A07F58D63D3ED007AB4EEB6
:10802000E77AF1EE10FA0DDDD7F8B83307F58D6277
:108030001360D7F8B03307F58C621360B7F8B63326
:10804000A7F85A3497EDEE7A07F26443D3ED007A3D
:10805000B4EEE77AF1EE10FA0DD5D7F8B83307F29F
:1080600064421360D7F8B03307F25C421360B7F88C
:10807000B633A7F85834D7F87034B3F5967F6DDA75
:1080800007F58F63A3F586631A68D7F8703403F594
:10809000E4739B001344D7F8B8231A6007F58F6385
:1080A000A3F586631B68D7F8702402F5BD62B7F8A4
:1080B000B61323F8121007F58F63A3F552731968EE
:1080C00007F58F63A3F586631B68D7F8702402F267
:1080D0008A3243F8221007F58F63A3F5B873196944
:1080E00007F58F63A3F586631B68D7F8702402F247
:1080F000B64243F8221007F58F63A3F5B873998A47
:1081000007F58F63A3F586631B68D7F8702402F622
:10811000C43223F8121007F58F63A3F5B873597EA4
:1081200007F58F63A3F586631A68D7F87034134494
:1081300003F5CF530A461A7007F58F63A3F5B8739A
:10814000997E07F58F63A3F586631A68D7F87034B4
:10815000134403F5D8530C330A461A7097F8763453
:10816000002B61D007F5A87107F15803019307F5BB
:108170009A730093D7E9F2230846FAF72BFC0346DB
:1081800087F8AF3397F8AF3307F1580207F58F61DF
:10819000A1F58660D7F870140068FEF783FA97F8A7
:1081A000AF33002B39D107F58F63A3F586631B68C6
:1081B00093F86833002B30D0D7F87034B3F5807F54
:1081C0002BD107F58F63A3F552731B6807F5A871D0
:1081D00007F58F62A2F5866007F58F62A2F225424D
:1081E00012780392029307F15803019307F59A73EB
:1081F0000093D7E9F2230068FEF74AFC034687F8AC
:10820000AE3397F8AE33002B07D097F8AE3387F82C
:108210007734002387F87634C8E097F8AF33002B23
:1082200002D0002387F87634D7F870340133C7F8CA
:108230007034D7EDF57A1FEDA27AF4EEC77AF1EE3D
:1082400010FA80F2B08007F58F63A3F225431B7804
:10825000002B02D14FF4807201E06FF0FF0207F5AE
:108260008F63A3F552731B681344C7F8A833042027
:10827000FCF782FD07F58F63A3F5647307F54A7277
:1082800011461846FDF77DFE07F5987107F54A700F
:108290000023D7F8A823FDF7F8FE034687F87734C4
:1082A00007F58F63A3F586631B6803F5287207F152
:1082B000E80107F54A731846FDF795FE97F87734FD
:1082C000002B72D107F58F63A3F5A8735A6A07F5DF
:1082D0008F63A3F564735B68D31AC7F86C34052009
:1082E000FCF74AFD07F58F63A3F5E87407F1300347
:1082F00007F54A7211461846FDF743FE07F58F63EE
:10830000A3F589631D460FCD0FC495E8030084E8EB
:10831000030007F58F63A3F552731B68DA173B61FF
:108320007A61D7E9F823D7E9044521465118396025
:1083300029464B417B60D7E90034C7E9E83407F5AB
:108340004A7107F53073019301230093D7E9E823BD
:108350000846FDF77DFF034687F8DF3307F58F6397
:10836000A3F586631B6803F52E7207F52A7107F5DE
:108370004A731846FDF737FE97F8DF33032B07D112
:1083800007F58F63A3F5DC735B7887F877340DE02E
:10839000D7F87034B3F5967FFFF63EAD06E000BF28
:1083A00004E000BF02E000BF00E000BFD7F8703477
:1083B000B3F5967FA8BF4FF49673C7F89C3307F5C3
:1083C0008F63A3F586631B68D7F89C23C3F89820B6
:1083D00007F58F63A3F586631B68D3F8D42207F5EE
:1083E0008F63A3F586631B68D3F8E032D21A07F5D2
:1083F0008F63A3F586631B68C3F8F82607F58F63C0
:10840000A3F586631B6803F2FC6307F58C621268B0
:108410001A6007F58F63A3F586631B6803F5E063B5
:1084200007F25C4212681A6007F58F63A3F5866352
:108430001B68B7F85A24A3F8042707F58F63A3F540
:1084400086631B68B7F85824A3F8062707F58F63DF
:10845000A3F586631B6897F8772483F8702207F5E5
:108460008F63A3F586631C6807F1300307F54A7232
:1084700011461846FDF785FD07F58F63A3F589635F
:1084800004F522741D460FCD0FC495E8030084E85F
:10849000030007F58F63A3F586631B68D3F8882272
:1084A00007F58F63A3F586631B68D3F8A032D21A51
:1084B00007F58F63A3F586631B68D3F8B832D21A29
:1084C00007F58F63A3F586631B68D3F89836D21A35
:1084D00007F58F63A3F586631B68D3F8B036D21A0D
:1084E00007F58F63A3F586631B68D3F8C836D21AE5
:1084F00007F58F63A3F586631B68C3F8742207F53D
:108500008F63A3F586631B68D3F8902207F58F630A
:10851000A3F586631B68D3F8A832D21A07F58F63D8
:10852000A3F586631B68D3F8C032D21A07F58F63B0
:10853000A3F586631B68D3F8A036D21A07F58F63BC
:10854000A3F586631B68D3F8B836D21A07F58F6394
:10855000A3F586631B68D3F8D036D21A07F58F636C
:10856000A3F586631B68C3F8782207F58F63A3F52C
:1085700086631B68D3F8942207F58F63A3F586639F
:108580001B68D3F8AC32D21A07F58F63A3F5866364
:108590001B68D3F8C432D21A07F58F63A3F586633C
:1085A0001B68D3F8A436D21A07F58F63A3F5866348
:1085B0001B68D3F8BC36D21A07F58F63A3F5866320
:1085C0001B68D3F8D436D21A07F58F63A3F58663F8
:1085D0001B68C3F87C2207F58F63A3F586631B68CD
:1085E000D3F8982207F58F63A3F586631B68D3F849
:1085F000B032D21A07F58F63A3F586631B68D3F8F0
:10860000C832D21A07F58F63A3F586631B68D3F8C7
:10861000A836D21A07F58F63A3F586631B68D3F8D3
:10862000C036D21A07F58F63A3F586631B68D3F8AB
:10863000D836D21A07F58F63A3F586631B68C3F893
:10864000802207F58F63A3F586631B68D3F89C220D
:1086500007F58F63A3F586631B68D3F8B432D21A8B
:1086600007F58F63A3F586631B68D3F8CC32D21A63
:1086700007F58F63A3F586631B68D3F8AC36D21A6F
:1086800007F58F63A3F586631B68D3F8C436D21A47
:1086900007F58F63A3F586631B68D3F8DC36D21A1F
:1086A00007F58F63A3F586631B68C3F8842297F8E8
:1086B0007734002B0BD007F58F63A3F586631B6817
:1086C000002283F8A02097F8773400F0A3BD07209C
:1086D000FCF752FB05F016F8C7F898034FF48073C7
:1086E000C7F89433012387F893330023C7F84C3439
:1086F0000023C7F8483426E0D7F8483407EE903A0C
:10870000F8EEE77A9FEDAD7A67EE877A9FEDAC7A67
:1087100027EE877ADFEDAB6AC7EE267AC7EDE37AFC
:10872000D7EDE37A9FEDA57AF4EEC77AF1EE10FA71
:1087300010DAD7F84C340133C7F84C34D7F8483442
:108740000133C7F84834D7F84824D7F89C339A4205
:10875000D2DB00E000BF07F58F63A3F586631B68DB
:10876000D7F84C24C3F89C2097F89333002B23D0E0
:10877000D7F89433D7F84C249A421DD1D7F89433C4
:10878000D7F89C239A4217DB07F58F63A3F586631E
:108790001B68D3F8D432D7F89C239A420CD107F542
:1087A0008F63A3F586631B68D3F8E032D7F89C2368
:1087B0009A4201D1012300E0002387F88B3397F818
:1087C0008B3303F0010387F88B334FF0000307F27C
:1087D000444213600023C7F840341BE007F58F6361
:1087E000A3F586631A68D7F8403403F5E4739B0059
:1087F0001344D3ED007A07F2444393ED007A77EE09
:10880000277A07F24443C3ED007AD7F840340133A6
:10881000C7F84034D7F84024D7F84C349A42DDDB0F
:10882000D7F84C34002B0CDDD7F84C3407EE903AD7
:10883000B8EEE77A07F24443D3ED006AC6EE877AD2
:1088400001E0DFED617AC7EDE17A07F58F63A3F50B
:1088500086631B68D7F88423C3F8B0204FF0000369
:1088600007F23C4213604FF0000307F58762136084
:108870000023C7F8343452E007F58F63A3F586630D
:108880001A68D7F8343403F5E4739B00134493ED6E
:10889000007A07F58F63A3F58673D7EDE17A77EE5B
:1088A000677AC3ED007A07F58F63A3F58673D3ED7E
:1088B000007A67EEA77A07F23C4393ED007A77EEF1
:1088C000277A07F23C43C3ED007A07F58F63A3F5DF
:1088D000887307F58F62A2F58672D2ED007AF0EE0A
:1088E000E77AC3ED007A07F58F63A3F5887393EDFC
:1088F000007A07F58763D3ED007AB4EEE77AF1EEFC
:1089000010FA07DD07F58F63A3F588731B6807F579
:1089100087621360D7F834340133C7F83434D7F89A
:108920003424D7F84C349A42A6DBD7F84C34002BC9
:1089300012DDD7F84C3407EE903AF8EEE77A07F2FA
:108940003C4393ED007AC7EE276AB0EE660A0FF05B
:1089500075FAF0EE407A01E0DFED1B7A07F58F63E0
:10896000A3F586631B68C3ED2D7A07F58F63A3F526
:1089700086631B68D3ED2D7A9FED147AF4EEC77AE7
:10898000F1EE10FA0DDD07F58F63A3F586631B6822
:1089900093ED2D7A07F58763D3ED006AC6EE877AEB
:1089A00001E0DFED097A07F58F63A3F586631B68A5
:1089B000C3ED967A0023C7F830342FE00000B443AB
:1089C000000080430000804700000000BD3786356E
:1089D00007F58F63A3F586631B6803F5E4609B4A84
:1089E000D7F8303413441B781C4607F58F63A3F582
:1089F0008661D7F8302413465B001344DB00B8339C
:108A00000A681344224697EDE10AD7F84C14FCF7A4
:108A1000A1FCD7F830340133C7F83034D7F83034FC
:108A20000B2BD5DD07F58F63A3F586631B6803F574
:108A3000E46007F58F63A3F586631B6803F5EC73A9
:108A4000042297EDE10AD7F84C14FCF783FC07F5F4
:108A50008F63A3F586631B6803F5E46007F58F63F6
:108A6000A3F586631B6803F5F873082297EDE10A06
:108A7000D7F84C14FCF76EFC07F58F63A3F58663FB
:108A80001B68B3F82432002B0DD007F58F63A3F5D4
:108A900086631B68B3F824325A00D7F84C349A42E4
:108AA00001D2012300E0002303F00103DAB207F54D
:108AB0008F63A3F586631B6883F8262207F58F630F
:108AC000A3F586631B6893F82632002B1BD007F5AD
:108AD0008F63A3F586631B6803F5E46007F58F6376
:108AE000A3F586631B68B3F824321A4607F58F6333
:108AF000A3F586631B6803F5027397EDE10AD7F8C7
:108B00004C14FCF727FC07F58F63A3F586631B68FD
:108B100093F8B82007F58F63A3F586631B6883F885
:108B2000272207F58F63A3F586631B68D3F8C4205B
:108B300007F58F63A3F586631B68C3F8282201231A
:108B4000C7F82C3449E007F58F63A3F586631968ED
:108B5000D7F82C2413465B001344DB000B44C433CA
:108B600093ED007A07F58F63A3F586631B68D3ED59
:108B70008A7AB4EEE77AF1EE10FA29DD07F58F6311
:108B8000A3F586631968D7F82C2413465B001344B9
:108B9000DB000B44C4331A6807F58F63A3F58663C3
:108BA0001B68C3F8282207F58F63A3F5866319684D
:108BB000D7F82C2413465B001344DB000B44B83376
:108BC0001A7807F58F63A3F586631B6883F827225D
:108BD000D7F82C340133C7F82C34D7F82C340B2BAE
:108BE000B1DD07F58F63A3F586631B68D3ED2D7A9E
:108BF0009FED177AF4EEC77AF1EE10FA2CDD07F547
:108C00008F63A3F586631B68D3ED8A7AB6EE007A8C
:108C100027EE877A07F58F63A3F586631B68D3ED8C
:108C20008A7A67EE276A07F58F63A3F586631B6868
:108C300093ED2D7A07F58F63A3F586631B68D3ED5B
:108C40002D7A27EE277AC6EE877A07E07CC10108E5
:108C5000BD378635000000005FED027A07F58F63AF
:108C6000A3F586631B68C3ED8B7A07F58F63A3F5C5
:108C7000537306221A7007F58F63A3F586631B688A
:108C800003F5E46007F58F63A3F586631B6803F1C2
:108C9000B80207F596730121009197EDE10AD7F824
:108CA0004C14FCF781FCF0EE407A07F58F63A3F5D6
:108CB00086631B68C3ED8C7A07F58F63A3F5547345
:108CC00024221A7007F58F63A3F586631B6803F5EA
:108CD000E46007F58F63A3F586631B6803F1B802B0
:108CE00007F594730121009197EDE10AD7F84C1430
:108CF000FCF75AFCF0EE407A07F58F63A3F5866324
:108D00001B68C3ED8D7A07F58F63A3F586631B6837
:108D100003F5E46107F58F63A3F586631B6803F130
:108D2000B80207F58F63A3F586631B68D3ED2D7A30
:108D300007F58F63A3F5597006230293A64B0193A1
:108D40000C230093F0EE670A134697EDE10AD7F87B
:108D50004C24FCF77DFD07F58F63A3F559731A6862
:108D600007F58F63A3F586631B68C3F8382207F500
:108D70008F63A3F559735A6807F58F63A3F586636C
:108D80001B68C3F83C2207F58F63A3F559739A68F3
:108D900007F58F63A3F586631B68C3F8402207F5C8
:108DA0008F63A3F559735B7B002B08D007F58F63A6
:108DB000A3F559731B7B002B01D0012300E0002396
:108DC00003F00103DAB207F58F63A3F586631B682E
:108DD00083F8442207F58F63A3F586631B6803F5C8
:108DE000E46107F58F63A3F586631B6803F1B8029E
:108DF00007F58F63A3F586631B68D3ED2D7A07F51E
:108E00008F63A3F55E700C230293744B01930C23C4
:108E10000093F0EE670A134697EDE10AD7F84C2469
:108E2000FCF716FD07F58F63A3F55E731A6807F567
:108E30008F63A3F586631B68C3F8482207F58F6329
:108E4000A3F55E735A6807F58F63A3F586631B6805
:108E5000C3F84C2207F58F63A3F55E739A6807F594
:108E60008F63A3F586631B68C3F8502207F58F63F1
:108E7000A3F55E735B7B002B08D007F58F63A3F52A
:108E80005E731B7B002B01D0012300E0002303F065
:108E90000103DAB207F58F63A3F586631B6883F8D5
:108EA00054220023C7F828341EE007F58F63A3F58A
:108EB00086631A68D7F8283403F5E4739B001344DB
:108EC00093ED007AD7EDE17A77EE677AF0EEE77A04
:108ED000434AD7F828349B001344C3ED007AD7F8EF
:108EE00028340133C7F82834D7F82824D7F84C346D
:108EF0009A42DADBD7F84C143948FCF799FDD7F8D9
:108F00004C3407EE903AF8EEE77A9FED367A67EE4A
:108F1000877AB0EE670A0FF021F9F0EE407AFDEEA5
:108F2000E77A17EE903A013BC7F82434D7F82424A7
:108F3000D7F84C349A4204DBD7F84C34013BC7F8DD
:108F40002434D7F82434002B02DA0023C7F8243461
:108F5000D7F84C34002B06DD214AD7F824349B0087
:108F600013441B6801E04FF0000307F58F62A2F580
:108F700086621268C2F85C3207F58F63A3F58663D8
:108F80001B6803F5E46107F58F63A3F586631C682E
:108F900007F1300005230093D7F84C34104AFCF752
:108FA0008DFD07F58F63A3F5896304F5E1641D4624
:108FB0000FCD0FC495E8030084E803004FF00003D1
:108FC00007F5846213604FF0000307F21C42136040
:108FD0000023C7F818348AE088C101087CC1010861
:108FE00040220020A4707D3F0000000007F58F6341
:108FF000A3F586631B68D7F8182402F5BD6233F821
:1090000012301846F8F746F987EDE00A07F58F6346
:10901000A3F586631B68B3F8A22007F58F63A3F559
:1090200086631B68D7F8181401F28A3153F821308F
:109030009BB21344A7F87E3307F58F63A3F58074C2
:10904000B7F87E331846F8F725F984ED000A07F5DE
:109050008F63A3F5807397EDE07AD3ED007A77EE16
:10906000677A07F58F63A3F58274B0EE670AFDF7A0
:1090700015FA84ED000A07F58F63A3F58273D3ED2B
:10908000007A67EEA77A07F5846393ED007A77EEAE
:10909000277A07F58463C3ED007A07F58F63A3F59C
:1090A000847307F58F62A2F58272D2ED007AF0EE3A
:1090B000E77AC3ED007A07F58F63A3F5847393ED28
:1090C000007A07F21C43D3ED007AB4EEE77AF1EEB2
:1090D00010FA07DD07F58F63A3F584731B6807F2A9
:1090E0001C421360D7F818340133C7F81834D7F886
:1090F0001824D7F89C339A42FFF678AFD7F89C3300
:10910000002B12DDD7F89C3307EE903AF8EEE77AA1
:1091100007F5846393ED007AC7EE276AB0EE660A1E
:109120000EF08CFEF0EE407A01E05FED517A07F52B
:109130008F63A3F586631B68C3ED987A07F58F6389
:10914000A3F586631B6807F21C421268C3F8642209
:10915000D7F89C33002B1DDD07F58F63A3F58663DD
:109160001B68D3ED987AB2EE0E7AF4EEC77AF1EE80
:1091700010FA0FD807F58F63A3F586631B68D3ED4C
:10918000997AB3EE0E7AF4EEC77AF1EE10FA01D8BE
:10919000012300E0002303F00103DAB207F58F6337
:1091A000A3F586631B6883F8682297F88B33002B3E
:1091B0000AD007F58F63A3F586631B6893F86832BE
:1091C000002B01D0012300E0002303F00103DAB2F9
:1091D00007F58F63A3F586631B6883F8A02004F06E
:1091E00091FA0246D7F89833D21A07F58F63A3F5A0
:1091F00086631B68C3F86C2207F58F63A3F22543CF
:109200001A7807F58F63A3F5866311461868FDF792
:10921000EFFC0023184607F27C47BD46BDE8F08FFF
:10922000F0B5D7B01CAFF863B9637A630023C7F811
:10923000E43036E1D7F8E430B82202FB03F303F55B
:109240005E73FA6B1344C7F8DC30D7F8DC301B7858
:1092500083F00103DBB2002B40F01D81D7F8DC3036
:109260005B78002B5DD0D7F8DC30D3E9180107F12B
:10927000C4021823FBF746FFD7F8DC30D3E9060118
:1092800007F1AC021823FBF73DFFD7F8DC30D3E938
:10929000080107F194021823FBF734FFD7F8DC30FC
:1092A000D3E90A0107F17C021823FBF72BFFD7F85B
:1092B000DC30D3E9062310461946FBF7A3FFF0EE96
:1092C000407A07F16803142219460520B0EE670AB8
:1092D000FBF79EFED7F8DC30D3E908231046194689
:1092E000F8F76EFEF0EE407A07F1540314221946A7
:1092F0000520B0EE670AFBF78BFED7F8DC30D3E928
:109300000A2310461946F8F75BFEF0EE407A07F1A3
:109310004003142219460520B0EE670AFBF778FED9
:1093200030E007F1C403924A182118460DF0FAFF05
:1093300007F1AC038E4A182118460DF0F3FF07F130
:1093400094038B4A182118460DF0ECFF07F17C03BB
:10935000874A182118460DF0E5FF07F16803844A93
:10936000142118460DF0DEFF07F15403804A142142
:1093700018460DF0D7FF07F140037D4A1421184627
:109380000DF0D0FFFB6B5B683B63FB6B9968F96288
:10939000D7F8E400FDF7ACFAB862D7F8DC301E6904
:1093A000D7F8DC305C687C62D7F8DC309D683D62C1
:1093B000D7F8DC30DA68FA61D7F8DC30D3F88010FF
:1093C000B961D7F8DC30D86F7861D7F8DC30D3F8E2
:1093D00084303B61D7F8DC30D3F88840FC60D7F8A4
:1093E000DC30D3F88C50BD60D7F8DC30D3F8942053
:1093F0007A60D7F8DC30D3F89850D7F8DC30D3F85F
:109400009040D7F8DC309B781846FBF751FF0246B6
:10941000D7F8DC305B781A931992189417957A680C
:109420001692BD681595FC6814943B69139378698E
:109430001290B969119107F14003109307F17C0371
:109440000F9307F154030E9307F194030D9307F163
:1094500068030C9307F1AC030B9307F1C4030A9361
:10946000FA6909923D6A08957C6A079406964FF45A
:1094700080730593B86A04903E4B03937B6B029311
:109480003D4B0193BB6B0093FB6A3A6B05213B4854
:10949000FBF718FD00E000BFD7F8E4300133C7F850
:1094A000E430D7F8E430032B7FF6C4AEFB6B93F8BF
:1094B000683383F00103DBB2002B01D0304B11E0A5
:1094C000FB6B93F86A33002B0BD0FB6BD3F8743330
:1094D000042B06D1FB6B93F86C33002B01D1294B85
:1094E00000E0294BC7F8E030FB6B5E68FB6B9B68C4
:1094F0003B63FB6B93F86833FB62FB6B93F8693358
:10950000BB62FB6B93F86A337B62FB6BD3F87043EF
:10951000FB6BD3F87453FB6B93F86B333B62FB6BC1
:1095200093F86C331846FBF7C3FE0246D7F8E030D9
:109530000C930B923A6A0A920995089404230793B4
:109540007A6A0692BA6A0592FA6A0492094B039300
:109550007B6B0293084B0193BB6B00933B6B3246D2
:1095600005210A48FBF7AEFC00BFEC37BD46F0BD55
:1095700060950108889701084894010864950108DE
:1095800098970108A4970108AC970108B4970108BF
:10959000F0B5ADF6441D46AF07F62803A3F29C7361
:1095A000186007F62803A3F29C731B681B7B002B33
:1095B00001D1AA4B00E0AA4BC7F81438002387F862
:1095C000DB3707F2DB731846FBF736FCC7F81008E9
:1095D00007F62803A3F29C731B68D3ED2A7A07F5DC
:1095E000F96310211846B0EE670AFBF7A7FC07F6EF
:1095F0002803A3F29C731B68D3ED047A07F2B473BB
:10960000142219460520B0EE670AFBF701FD07F6A4
:109610002803A3F29C731B68D3ED057A07F5F46366
:10962000142219460520B0EE670AFBF7F1FC07F695
:109630002803A3F29C731B68D3ED067A07F5F16348
:10964000182219460320B0EE670AFBF7E1FC07F683
:109650002803A3F29C731B68D3ED0C7A07F2747392
:10966000142219460520B0EE670AFBF7D1FC07F675
:109670002803A3F29C731B68D3ED0D7A07F5EC6306
:10968000142219460520B0EE670AFBF7C1FC07F665
:109690002803A3F29C731B68D3ED0E7A07F5E963E8
:1096A000182219460320B0EE670AFBF7B1FC07F653
:1096B0002803A3F29C731B68D3ED0A7A07F2347374
:1096C000142219460320B0EE670AFBF7A1FC07F647
:1096D0002803A3F29C731B68D3ED127A07F5E463A9
:1096E000142219460320B0EE670AFBF791FC07F637
:1096F0002803A3F29C731B68D3ED177A07F20C734F
:10970000142219460520B0EE670AFBF781FC07F624
:109710002803A3F29C731B68D3ED187A07F5DF6367
:10972000142219460520B0EE670AFBF771FC07F614
:109730002803A3F29C731B6893F86C36002B01D0AE
:10974000484B00E0484BC7F80C3807F62803A3F253
:109750009C731B6893F87F30002B15D007F5DD63F1
:10976000424A102118460DF0DDFD07F5DB633F4A44
:10977000102118460DF0D6FD07F5DA633B4A0821A3
:1097800018460DF0CFFD26E007F62803A3F29C73E0
:109790001B68D3F8803007F5DD60354A10210DF0E5
:1097A000C1FD07F62803A3F29C731B68D3F884302D
:1097B00007F5DB602E4A10210DF0B4FD07F62803F3
:1097C000A3F29C731B6893F8883007F5DA60294A86
:1097D00008210DF0A7FD07F62803A3F29C731B6870
:1097E00093F89430002B0DD007F62803A3F29C7356
:1097F0001B68D3F8903007F5D8601D4A10210DF092
:1098000091FD06E007F5D863184A102118460DF0BF
:1098100089FD07F62803A3F29C731B6893F87C303C
:10982000002B01D0144B00E0144BC7F8083807F6A2
:109830002803A3F29C731B6893F87C30002B01D0A3
:109840000A4B1EE007F62803A3F29C731B6893F8EB
:109850007E30002B14D0034B13E000BFC0980108EA
:10986000C4980108C8980108CC98010860950108BF
:10987000D0980108D4980108D8980108E898010800
:10988000924BC7F80438924B1B68BB67914B1B681F
:109890007B67914B1B683B6797F8DB37FB66FBF7F1
:1098A000FFFC0346BB6607F62803A3F29C731B6804
:1098B000B3F820327B6607F62803A3F29C731B687B
:1098C000B3F822323B6607F62803A3F29C731B68A9
:1098D000B3F82432FB6507F62803A3F29C731B68D8
:1098E0005B68BB6507F62803A3F29C731B689B6843
:1098F0007B6507F62803A3F29C731B6893F8F83284
:109900003B6507F62803A3F29C731B6893F8683342
:10991000FB6407F62803A3F29C731B68D3F8983006
:10992000BB6407F62803A3F29C731B68D3F89C3032
:109930007B6407F62803A3F29C731B6893F8A0309E
:109940003B6407F62803A3F29C731B6893F8683204
:10995000FB6307F62803A3F29C731B6893F870322D
:109960001846FBF7A5FCB86307F62803A3F29C731F
:109970001B68D3F874327B6307F62803A3F29C7349
:109980001B68D3F878323B6307F62803A3F29C7375
:109990001B68D3F87C32FB6207F62803A3F29C73A2
:1099A0001B68D3F88032BB6207F62803A3F29C73CE
:1099B0001B68D3F884327B6207F62803A3F29C73FA
:1099C0001B68D3F8D0323B6207F62803A3F29C73DE
:1099D0001B68D3F8D432FB6107F62803A3F29C730B
:1099E0001B68D3F89830002B13DD07F62803A3F289
:1099F0009C731B68D3F8D82207F62803A3F29C7344
:109A00001B68D3F898309A4203D10123C7F88830F5
:109A100002E00023C7F8883007F62803A3F29C73FE
:109A20001B68D3F89830002B13DD07F62803A3F248
:109A30009C731B68D3F8DC2207F62803A3F29C73FF
:109A40001B68D3F898309A4203D10123C7F88430B9
:109A500002E00023C7F8843007F62803A3F29C73C2
:109A60001B68D3F89830002B13DD07F62803A3F208
:109A70009C731B68D3F8E02207F62803A3F29C73BB
:109A80001B68D3F898309A4203D10123C7F880307D
:109A900002E00023C7F8803007F62803A3F29C7386
:109AA0001B68B3F8A230BB6107F62803A3F29C73CE
:109AB0001B68D3F89830002B10DD07F62803A3F2BB
:109AC0009C731B68B3F8D03BFB670FE0CC98010890
:109AD000107AFF1F147AFF1F187AFF1F07F628035A
:109AE000A3F29C731B68B3F8A230FB6707F6280348
:109AF000A3F29C731B685B7B7B6107F62803A3F2D0
:109B00009C731B689B7B3B6107F62803A3F29C7345
:109B10001B6893F850301846FCF708F9F86007F610
:109B20002803A3F29C731B685A6DBA6007F62803DA
:109B3000A3F29C731B68996D796007F62803A3F262
:109B40009C731B68DC6E3C6007F62803A3F29C73D1
:109B50001B681E6F07F62803A3F29C731B685C6FDB
:109B600007F62803A3F29C731B68986F07F6280377
:109B7000A3F29C731B6893F87D301D4607F62803FB
:109B8000A3F29C731B6893F87F30194607F62803ED
:109B9000A3F29C731B68D3F88C2007F5D863449319
:109BA00007F5DA63439307F5DB63429307F5DD635B
:109BB000419340923F91A24B3E93D7F804383D9396
:109BC0003C95D7F808383B939E4B3A93399038949C
:109BD00037963C68369479683591BA683492FA6859
:109BE00033923A6932927B693193974B3093FB6F92
:109BF0002F9307F5F9632E93BB692D93D7F8803027
:109C00002C93D7F884302B93D7F888302A93FB69AC
:109C1000299340F28E332893092327938B4B269365
:109C20003B6A25938A4B24937B6A2393BB6A2293D6
:109C3000FB6A21933B6B20937B6B1F93BB6B1E9343
:109C4000FB6B1D933B6C1C937B6C1B93BB6C1A933F
:109C50004FF4807319934FF480731893D7F80C382E
:109C600017937C4B16937C4B1593FB6C14937B4B97
:109C700013933B6D12937A4B11937A4B10937A4B5B
:109C80000F93D7F814380E937B6D0D93BB6D0C9327
:109C9000FB6D0B9306230A933B6E09937B6E08932F
:109CA000BB6E0793714B0693714B0593FB6E049348
:109CB000D7F8103803933B6F02937B6F0193BB6F10
:109CC00000936C4B6C4A05216C48FBF7FBF807F6D8
:109CD0002803A3F29C731B685B68C7F8883007F6FB
:109CE0002803A3F29C731B689968C7F8841007F6D1
:109CF0002803A3F29C731B685B7BC7F8803007F6D0
:109D00002803A3F29C731B689B7BFB6707F6280361
:109D1000A3F29C731B681B7FBB6707F62803A3F2A3
:109D20009C731B681C6A07F62803A3F29C731B68CC
:109D30009B8C7B6707F62803A3F29C731B6893F840
:109D40002C303B6707F62803A3F29C731B6893F83B
:109D50003C30FB6607F62803A3F29C731B681D6C5E
:109D600007F62803A3F29C731B68B3F84430BB6664
:109D700007F62803A3F29C731B6893F84C307B66AC
:109D800007F62803A3F29C731B6893F8503018461B
:109D9000FBF7CCFF064607F62803A3F29C731B686B
:109DA000586D07F62803A3F29C731B68996D07F69C
:109DB0002803A3F29C731B685A6E07F62803A3F2CC
:109DC0009C731B689B6E1C931B9207F5DF631A93B1
:109DD00007F20C731993189117901696786E1590D8
:109DE00007F5E4631493B86E13901295F86E119012
:109DF00007F5E963109307F5EC630F9307F27473AB
:109E00000E93386F0D9007F234730C93786F0B90AC
:109E10000A94B86F099007F5F163089307F5F463A6
:109E2000079307F2B4730693F86F0590D7F8800094
:109E30000490054B0393D7F81438029320E000BF39
:109E40003C9F0108509F0108689F0108849F0108FA
:109E50009C9F0108B09F010888970108D49F0108C2
:109E6000E89F0108F49F010814A0010830A0010830
:109E700048940108F49801080C9901081C990108FC
:109E80001D4B0193D7F810380093D7F88430D7F8DA
:109E9000882005211948FBF715F807F62803A3F2D7
:109EA0009C731B685A6807F62803A3F29C731B680F
:109EB000996840F21D730A9344F6206309930223C4
:109EC000089360230793402306930D4B05930D4B96
:109ED00004930D4B03930D4B0293074B0193D7F85B
:109EE000103800930B4605210948FAF7EBFF0023D1
:109EF000C7F8243808E300BF4894010838A00108D7
:109F00001CA4010828A4010840A40108D49F01084A
:109F1000DCA2010807F62803A3F29C731B68D7F89C
:109F2000242802F5BD6233F812301846F7F7B2F96B
:109F300007F2EC7383ED000A07F52B731422194620
:109F4000052007F2EC7393ED000AFBF761F807F6C2
:109F50002803A3F29C731A68D7F8243803F5E47336
:109F60009B001344D3ED007A07F52673142219469B
:109F70000520B0EE670AFBF74BF807F62803A3F2BB
:109F80009C731B68B3F8A22007F62803A3F29C7306
:109F90001B68D7F8241801F28A3153F821309BB29C
:109FA0001344A7F8EA3707F62803A3F29C731B684B
:109FB000586807F62803A3F29C731B689C68B7F8DF
:109FC000EA3707F62802A2F29C721268D7F8241822
:109FD00001F5BD6132F81120114607F5267207928E
:109FE00007F52B72069205910493D7F82438039352
:109FF000D7F8143802939E4B0193D7F8103800938A
:10A000002346024605219B48FAF730FF07F628034E
:10A01000A3F29C731B68586807F62803A3F29C738D
:10A020001B689C6807F62803A3F29C731B68D7F88B
:10A03000242802F2B64253F8222007F62803A3F29E
:10A040009C731B68D7F8241801F6C43133F811301B
:10A050001D4607F62803A3F29C731968D7F8243825
:10A060000B4403F5CF531B781E4607F62803A3F2D3
:10A070009C731968D7F824380B4403F5D8530C3374
:10A080001B780593049603950292D7F82438019320
:10A09000D7F8143800932346024605217648FAF78C
:10A0A000E5FE07F62803A3F29C731B68D3F864331C
:10A0B000002B00F0B38007F62803A3F29C731B6803
:10A0C000D3F8D432D7F824289A4280F2A78007F632
:10A0D0002803A3F29C731B68D3F86423D7F82438B1
:10A0E000134403F51A532C331B7887F8E93707F626
:10A0F0002803A3F29C731B68D3F86423D7F8243891
:10A1000003F59673DB001344D3E9002307F5FC61E4
:10A11000C1E9002307F52072182307F5FC61D1E996
:10A120000001FAF7EFFF07F5FC63D3E90001F7F749
:10A1300047FFF0EE407A07F51B73142219460520FD
:10A14000B0EE670AFAF764FF07F62803A3F29C73E0
:10A150001B685D6807F62803A3F29C731B689E6862
:10A1600007F62803A3F29C731B68D3F86423D7F87F
:10A170002438134403F51F5318331B78C7F888306D
:10A1800007F62803A3F29C731B68D3F86423D7F85F
:10A190002438134403F516531B781846FBF7F0FFD9
:10A1A000C7F8840097F8E93703F0010397F8E92727
:10A1B000520802F0010297F8E917890801F001013D
:10A1C00007F62800A0F29C700068D0F86403D7F866
:10A1D000244804F5616430F814000B9007F51B70F7
:10A1E0000A9007F520700990089107920693D7F816
:10A1F00084200592D7F888300493D7F82438039345
:10A20000D7F8143802931A4B0193D7F810380093FB
:10A2100033462A4605211948FAF754FE07F6280363
:10A22000A3F29C731B68D3F86433002B00F0A68064
:10A2300007F62803A3F29C731B68D3F80433D7F8FE
:10A2400024289A4280F29A8007F51A7319464FF033
:10A2500000024FF0000341E9022307F62803A3F2AE
:10A260009C731B681B7B002B0AD101230AE000BFF3
:10A270004894010858A4010884A40108ACA401086A
:10A280004FF0FF33C7F8DC3707F62803A3F29C73BF
:10A290001B68D3F86423D7F82438DB001344D3E9D0
:10A2A000000107F62803A3F29C731B68D3F86433FC
:10A2B000D3E90023D7F8244807F5187503954FF420
:10A2C000807502950194D7F8DC470094F8F74EF8B2
:10A2D0000346002B52D007F62803A3F29C731B6899
:10A2E000D3F86423D7F82438DB001344D3E9000102
:10A2F00007F512721823FAF705FF07F51A7353E9E9
:10A30000020107F50C721823FAF7FCFE07F51A7321
:10A3100053E9022310461946FAF774FFF0EE407A2B
:10A3200007F50773142219460520B0EE670AFAF7FD
:10A330006FFE07F62803A3F29C731B685A6807F6A2
:10A340002803A3F29C731B68996807F507730693AB
:10A3500007F50C73059307F512730493D7F82438A7
:10A360000393D7F814380293644B0193D7F810384D
:10A3700000930B4605216248FAF778FD07F628039B
:10A38000A3F29C731B68D3F86433002B00F0AF80FA
:10A3900007F62803A3F29C731B68D3F80033D7F8A1
:10A3A00024289A4280F2A38007F62803A3F29C7324
:10A3B0001B685E6807F62803A3F29C731B689B6802
:10A3C000C7F8883007F62803A3F29C731B68D3F8FC
:10A3D0006433D7F8242802F5966253F8224007F632
:10A3E0002803A3F29C731B68D3F86433D7F824289E
:10A3F00002F2DC5253F8225007F62803A3F29C73B2
:10A400001B68D3F86423D7F82438134403F5F353B7
:10A4100018331B78C7F8843007F62803A3F29C731F
:10A420001B68D3F86423D7F82438134403F5FD538D
:10A4300004331B78C7F8803007F62803A3F29C7317
:10A440001B68D3F86423D7F82438134403F5035367
:10A4500010331B78FB6707F62803A3F29C731B6875
:10A46000D3F86423D7F82438134403F507533C3357
:10A470001B78BB6707F62803A3F29C731B68D3F80D
:10A480006423D7F82438134403F50C5328331B787E
:10A490007B6707F62803A3F29C731B68D3F8642339
:10A4A000D7F82438134403F5115314331B78184696
:10A4B000FAF7FEFE034609937A6F0892BA6F079285
:10A4C000FA6F0692D7F880200592D7F8842004927C
:10A4D00003950294D7F824380193D7F814380093E1
:10A4E000D7F88830324605210648FAF7BFFCD7F87E
:10A4F00024380133C7F8243806E000BF4894010827
:10A500009CA50108CCA5010807F62803A3F29C73BB
:10A510001B68D3F89830D7F824289A42FFF6FAAC93
:10A5200007F62803A3F29C731B68D3E9BC0107F567
:10A53000D5621823FAF7E6FD07F62803A3F29C7309
:10A540001B68D3E9BC2310461946F7F739FDF0EE36
:10A55000407A07F29463142219460520B0EE670A88
:10A56000FAF756FD07F62803A3F29C731B685B6895
:10A57000C7F8883007F62803A3F29C731B689B6812
:10A58000C7F8843007F62803A3F29C731B68D3F83E
:10A59000D032C7F8803007F62803A3F29C731B68FB
:10A5A000D3F88832FB6707F62803A3F29C731B6875
:10A5B000D3F88C32BB6707F62803A3F29C731B68A1
:10A5C000D3F890327B6707F62803A3F29C731B68CD
:10A5D000D3F894323B6707F62803A3F29C731B68F9
:10A5E000D3F89832FB6607F62803A3F29C731B6826
:10A5F000D3F89C32BB6607F62803A3F29C731B6852
:10A60000D3F8A0327B6607F62803A3F29C731B687D
:10A61000D3F8A4323B6607F62803A3F29C731B68A9
:10A62000D3F8A832FB6507F62803A3F29C731B68D6
:10A63000D3F8AC32BB6507F62803A3F29C731B6802
:10A64000D3F8B0327B6507F62803A3F29C731B682E
:10A65000D3F8B4323B6507F62803A3F29C731B685A
:10A66000D3F8B832FB6407F62803A3F29C731B6887
:10A67000D3F8BC32BB6407F62803A3F29C731B68B3
:10A68000D3F8C0327B6407F62803A3F29C731B68DF
:10A69000D3F8C4323B6407F62803A3F29C731B680B
:10A6A000D3F8C832FB6307F62803A3F29C731B6838
:10A6B000D3F8CC32BB6307F62803A3F29C731B6864
:10A6C000D3F8D4327B6307F62803A3F29C731B688C
:10A6D000D3F8D8323B6307F62803A3F29C731B68B8
:10A6E000D3F8DC32FB6207F62803A3F29C731B68E5
:10A6F000D3F8E06207F62803A3F29C731B68D3F833
:10A70000E45207F62803A3F29C731B68D3F8E842CF
:10A7100007F62803A3F29C731B68D3F89830002B2C
:10A7200011DD07F62803A3F29C731B68D3F8D82227
:10A7300007F62803A3F29C731B68D3F898309A425B
:10A7400001D1012000E0002007F62803A3F29C734A
:10A750001B68D3F89830002B11DD07F62803A3F20D
:10A760009C731B68D3F8DC2207F62803A3F29C73C2
:10A770001B68D3F898309A4201D1012100E00021F2
:10A7800007F62803A3F29C731B68D3F89830002BBC
:10A7900011DD07F62803A3F29C731B68D3F8E022AF
:10A7A00007F62803A3F29C731B68D3F898309A42EB
:10A7B00001D1012200E0002207F29463229307F501
:10A7C000D563219320921F911E901D941C951B967A
:10A7D000FB6A1A933B6B19937B6B1893BB6B1793B4
:10A7E000FB6B16933B6C15937B6C1493BB6C1393B0
:10A7F000FB6C12933B6D11937B6D1093BB6D0F93AC
:10A80000FB6D0E933B6E0D937B6E0C93BB6E0B93A7
:10A81000FB6E0A933B6F09937B6F0893BB6F0793A3
:10A82000FB6F0693D7F8803005930D4B04930D4BC7
:10A830000393D7F8143802930B4B0193D7F81038D1
:10A840000093D7F88430D7F8882005210748FAF715
:10A8500039FB0023C7F820380023C7F81C385EE016
:10A860009C9F0108849F01084894010804A60108E0
:10A8700007F62803A3F29C731968D7F81C2813461F
:10A880005B001344DB000B44C433D3ED007A07F2C2
:10A89000D452D7F81C381B01134410221946042047
:10A8A000B0EE670AFAF7B4FB07F62803A3F29C732D
:10A8B0001968D7F81C2813465B001344DB000B44CF
:10A8C000C833D3ED007A07F21452D7F81C381B01B5
:10A8D0001344102219460420B0EE670AFAF798FBD9
:10A8E00007F62803A3F29C731968D7F81C281346AF
:10A8F0005B001344DB000B44CC331B78002B09D0E6
:10A900000122D7F81C3802FA03F3D7F820281343A2
:10A91000C7F82038D7F81C380133C7F81C38D7F8E7
:10A920001C380B2BA4DD07F62803A3F29C731B68CD
:10A93000D3ED797A07F20453102219460420B0EEC1
:10A94000670AFAF765FB07F62803A3F29C731B68F6
:10A95000D3ED7A7A07F2F443102219460420B0EEC0
:10A96000670AFAF755FB07F62803A3F29C731B68E6
:10A97000D3ED7F7A07F2E443102219460420B0EEAB
:10A98000670AFAF745FB07F62803A3F29C731B68D6
:10A99000D3ED807A07F2D443102219460420B0EE9A
:10A9A000670AFAF735FB07F62803A3F29C731B68C6
:10A9B000D3ED857A07F2C443102219460420B0EE85
:10A9C000670AFAF725FB07F62803A3F29C731B68B6
:10A9D000D3ED867A07F2B443102219460420B0EE74
:10A9E000670AFAF715FB07F62803A3F29C731B68A6
:10A9F00093F8EC31002B05D0D7F8203843F480537E
:10AA0000C7F8203807F62803A3F29C731B6893F855
:10AA10000432002B05D0D7F8203843F40053C7F890
:10AA2000203807F62803A3F29C731B68D3ED2C7A19
:10AA300007F2A443102219460420B0EE670AFAF781
:10AA4000E7FA07F62803A3F29C731B68D3ED2D7A6F
:10AA500007F29443102219460420B0EE670AFAF771
:10AA6000D7FA07F62803A3F29C731B68D3ED8C7A00
:10AA700007F28443102219460420B0EE670AFAF761
:10AA8000C7FA07F62803A3F29C731B68D3ED8D7AEF
:10AA900007F27443102219460420B0EE670AFAF751
:10AAA000B7FA07F62803A3F29C731B68D3ED8E7ADE
:10AAB00007F26443102219460420B0EE670AFAF741
:10AAC000A7FA07F62803A3F29C731B68D3ED8F7ACD
:10AAD00007F25443102219460420B0EE670AFAF731
:10AAE00097FA07F62803A3F29C731B68D3ED907ABC
:10AAF00007F24443102219460420B0EE670AFAF721
:10AB000087FA07F62803A3F29C731B68D3ED927AA9
:10AB100007F23443102219460420B0EE670AFAF710
:10AB200077FA07F62803A3F29C731B68D3ED937A98
:10AB300007F22443102219460420B0EE670AFAF700
:10AB400067FA07F62803A3F29C731B68D3ED947A87
:10AB500007F21443102219460420B0EE670AFAF7F0
:10AB600057FA07F62803A3F29C731B68D3ED967A75
:10AB700007F20443102219460420B0EE670AFAF7E0
:10AB800047FA07F62803A3F29C731B68D3ED977A64
:10AB900007F57D73102219460420B0EE670AFAF714
:10ABA00037FA07F62803A3F29C731B68D3ED987A53
:10ABB00007F57973102219460420B0EE670AFAF7F8
:10ABC00027FA07F62803A3F29C731B68D3ED997A42
:10ABD00007F57573102219460420B0EE670AFAF7DC
:10ABE00017FA07F62803A3F29C731B68D3ED8A7A41
:10ABF00007F57173102219460420B0EE670AFAF7C0
:10AC000007FA07F62803A3F29C731B68D3ED8B7A2F
:10AC100007F56D73102219460420B0EE670AFAF7A3
:10AC2000F7F907F62803A3F29C731B6803F20C7371
:10AC3000D3ED007A07F56973102219460420B0EEAF
:10AC4000670AFAF7E5F907F62803A3F29C731B6875
:10AC500003F20C73D3ED007AF0EE006A87EEA67A69
:10AC600007F56573102219460420B0EE470AFAF77B
:10AC7000CFF907F62803A3F29C731B68586807F600
:10AC80002803A3F29C731B689C6807F62803A3F2B1
:10AC90009C731B68D3F8983007F62802A2F29C72C6
:10ACA0001268D2F89C2007F62801A1F29C7109686D
:10ACB000B1F820120D4607F62801A1F29C7109682F
:10ACC000B1F822120E4607F62801A1F29C7109681C
:10ACD000B1F82412C7F8881007F62801A1F29C7178
:10ACE000096891F82612C7F8841007F62801A1F226
:10ACF0009C71096891F82712C7F8801007F628019F
:10AD0000A1F29C71096891F84412F96707F62801CD
:10AD1000A1F29C71096891F85412B96707F62801ED
:10AD2000A1F29C71096891F86812796707F6280109
:10AD3000A1F29C710968D1F86C123F9107F5757109
:10AD40003E9107F579713D91796F3C9107F57D71E1
:10AD50003B9107F204413A9107F56571399107F586
:10AD60006971389107F21441379107F22441369105
:10AD700007F234413591B96F349107F24441339170
:10AD800007F25441329107F26441319107F2744164
:10AD9000309107F284412F91F96F2E9107F56D7173
:10ADA0002D9107F571712C91D7F880102B91D7F860
:10ADB00020182A91D7F88410299107F2B4412891DC
:10ADC00007F2C4412791D7F88810269106212591D2
:10ADD0002496239507F2D441229107F2E441219170
:10ADE00007F2F441209107F204511F9107F2145128
:10ADF000B0311E9107F21451A0311D9107F2145188
:10AE000090311C9107F2145180311B9107F21451BB
:10AE100070311A9107F214516031199107F21451EF
:10AE20005031189107F214514031179107F2145123
:10AE30003031169107F214512031159107F2145157
:10AE40001031149107F21451139107F2D451B0311B
:10AE5000129107F2D451A031119107F2D4519031DF
:10AE6000109107F2D45180310F9107F2D451703113
:10AE70000E9107F2D45160310D9107F2D451503147
:10AE80000C9107F2D45140310B9107F2D45130317B
:10AE90000A9107F2D4512031099107F2D4511031AF
:10AEA000089107F2D451079107F29441069107F2F5
:10AEB000A441059104920393D7F8143802935F4B91
:10AEC0000193D7F8103800932346024605215C48C9
:10AED000F9F7F8FF07F62803A3F29C731B68D3ED7C
:10AEE000D27A07F56073142219460520B0EE670A7E
:10AEF000FAF78EF807F62803A3F29C731B68D3EDCC
:10AF0000D37A07F55B73142219460520B0EE670A61
:10AF1000FAF77EF807F62803A3F29C731B68D3EDBB
:10AF2000D47A07F55673142219460520B0EE670A45
:10AF3000FAF76EF807F62803A3F29C731B68D3EDAB
:10AF4000D57A07F55173142219460520B0EE670A29
:10AF5000FAF75EF807F62803A3F29C731B68D3ED9B
:10AF6000D67A07F54C73142219460520B0EE670A0D
:10AF7000FAF74EF807F62803A3F29C731B68D3ED8B
:10AF8000D77A07F54773142219460520B0EE670AF1
:10AF9000FAF73EF807F62803A3F29C731B68D3ED7B
:10AFA000D87A07F54273142219460520B0EE670AD5
:10AFB000FAF72EF807F62803A3F29C731B68D3F860
:10AFC0000433002B15DD07F62803A3F29C731B68DE
:10AFD000D3E9CE0107F53C721823FAF793F807F589
:10AFE000307218234FF000004FF00001FAF78AF892
:10AFF0000DE007F53C73134A182118460CF092F93E
:10B0000007F530730F4A182118460CF08BF907F634
:10B010002803A3F29C731B6893F8FA32002B13D019
:10B0200007F62803A3F29C731B68D3E9D00107F548
:10B0300036721823FAF766F80DE000BF489401084D
:10B0400054A901086095010807F53673C14A182113
:10B0500018460CF067F907F62803A3F29C731B68E7
:10B060005B68C7F8883007F62803A3F29C731B6857
:10B070009968C7F8841007F62803A3F29C731B682D
:10B0800093F8FA32C7F8803007F62803A3F29C73CE
:10B090001B68D3F8086307F62803A3F29C731B68A8
:10B0A00093F8FB32FB6707F62803A3F29C731B6837
:10B0B000D3F80003B86707F62803A3F29C731B6854
:10B0C000D3F804437C6707F62803A3F29C731B683C
:10B0D000D3F80C533D6707F62803A3F29C731B6853
:10B0E000D3F81023FA6607F62803A3F29C731B68B3
:10B0F000D3F81413B96607F62803A3F29C731B68F0
:10B10000D3F81803786607F62803A3F29C731B682C
:10B11000D3F81C433C6607F62803A3F29C731B6814
:10B12000D3F82053FD6507F62803A3F29C731B6830
:10B13000D3F8245307F62803A3F29C731B68D3F8B3
:10B14000284307F62803A3F29C731B68D3F82C034B
:10B1500007F62803A3F29C731B68D3F8301307F695
:10B160002803A3F29C731B68D3F83423D7F80C3858
:10B170001E93794B1D931C921B911A90199418954C
:10B18000FD6D17953C6E1694786E1590B96E1491FE
:10B19000FA6E13923D6F12957C6F1194B86F1090F8
:10B1A00007F542730F9307F547730E93F86F0D90F1
:10B1B00007F54C730C9307F536730B9307F5307353
:10B1C0000A9307F53C73099307F55173089307F544
:10B1D0005673079307F55B73069307F56073059342
:10B1E0000496D7F8800003905C4B02935C4B01936C
:10B1F000D7F810380093D7F88430D7F88820052185
:10B200005848F9F75FFE07F62803A3F29C73D7F8B6
:10B210001428D7F810181868FEF702F807F6280364
:10B22000A3F29C731B6803F5CE63D3E9000107F515
:10B2300001721823F9F766FF07F62803A3F29C733F
:10B240001B6803F5D06353E9020107F5F672182372
:10B25000F9F758FF07F62803A3F29C731B6803F560
:10B26000D063D3E9000107F5EA721823F9F74AFF22
:10B2700007F62803A3F29C731B6803F5D26353E916
:10B28000020107F5DE721823F9F73CFF07F62803E1
:10B29000A3F29C731B6803F5D263D3E9000107F5A1
:10B2A000D2721823F9F72EFF07F62803A3F29C7336
:10B2B0001B6893F85836012B0CBF0123002387F835
:10B2C000033807F62803A3F29C731B685B68C7F872
:10B2D000883007F62803A3F29C731B689B68C7F8A5
:10B2E000843097F8036807F62803A3F29C731B6861
:10B2F00093F858361846FAF771FFC7F8800007F63A
:10B300002803A3F29C731B6893F85936002B0BD0CB
:10B3100007F62803A3F29C731B6893F85C36184663
:10B32000FAF72EFF044600E00A4C07F62803A3F2C2
:10B330009C731B6893F85A36002B15D007F6280328
:10B34000A3F29C731B6893F85D361846FAF718FF52
:10B3500005460AE060950108B09F0108D49F0108E6
:10B360004894010868AE0108A04D07F62803A3F22F
:10B370009C731B6893F85B36002B0BD007F62803F1
:10B38000A3F29C731B6893F85E361846FAF7F8FE32
:10B39000024600E0954A07F62803A3F29C731B6857
:10B3A000D3F8601607F62803A3F29C731B68D3F842
:10B3B000640607F62803A3F29C731B6893F86936AA
:10B3C000FB6707F62803A3F29C731B6893F86836A3
:10B3D000BB6707F62803A3F29C731B6893F86A36D1
:10B3E0007B6707F62803A3F29C731B6893F86B3600
:10B3F0003B6707F62803A3F29C731B6893F86C362F
:10B40000FB6607F5D273189307F5DE73179307F5FC
:10B41000EA73169307F5F673159307F50173149302
:10B42000FB6E13933B6F12937B6F1193BB6F109363
:10B43000FB6F0F930E900D910C920B950A942023A5
:10B44000099301230893082307934FF4807306930D
:10B45000D7F8803005930496654B0393D7F81438DA
:10B460000293644B0193D7F810380093D7F88430D7
:10B47000D7F8882005216048F9F724FD07F628034E
:10B48000A3F29C731B685E6807F62803A3F29C7303
:10B490001B689B68C7F8883007F62803A3F29C73E3
:10B4A0001B6893F8F932C7F8843007F62803A3F233
:10B4B0009C731B68D3F8004307F62803A3F29C7320
:10B4C0001B68D3F8045307F62803A3F29C731B6888
:10B4D00093F8FC321846F9F7EBFE024607F628030C
:10B4E000A3F29C731B6893F8FA32002B01D0434BF4
:10B4F00000E0434B0693059204950394D7F88430FB
:10B5000002933C4B0193D7F810380093D7F888305A
:10B51000324605213B48F9F7D5FC012387F802386C
:10B5200007F62803A3F29C731B6893F87D3087F815
:10B53000023807F62803A3F29C731B681B7B002BC1
:10B5400040F07C8207F62803A3F29C731B6893F8F3
:10B55000A030002B00F0728297F80238002B00F028
:10B560006D8207F62803A3F29C731B681B68C7F85B
:10B57000FC3707F62803A3F29C731B68B3F8A430CA
:10B5800019462148F9F772FC07F62803A3F29C73C9
:10B590001B68D3ED2A7A07F5CA7310211846B0EE5E
:10B5A000670AF9F7CBFC07F5CA7319461748F9F78C
:10B5B0005DFC07F62803A3F29C731B68B3F8A23066
:10B5C000184607F62803A3F29C731B68D3F8AC2037
:10B5D00007F5CA7107F5CA7300930B4601460C487C
:10B5E000F9F744FC0023C7F8183867E060950108B4
:10B5F000B09F010848940108F4B00108A49701081D
:10B60000AC970108B4B3010858B401086CB4010840
:10B610008CB401080000B443000080430000804760
:10B62000D7F8FC37002B44DBD7F8183803F00303B6
:10B63000002B3ED1D7F8183807EE903AF8EEE77AAB
:10B640001FED0C7A67EE877A1FED0D7A27EE877A69
:10B650005FED0E6AC7EE267A07F5FE63C3ED007A4A
:10B6600007F1A4031021184607F5FE6393ED000AC5
:10B67000F9F764FC07F62803A3F29C731A68D7F85D
:10B68000183803F5E4739B001344D3ED007A07F1F7
:10B69000940310211846B0EE670AF9F74FFCD7F86B
:10B6A000FC37591C07F1940307F1A402D648F9F7B7
:10B6B000DDFBD7F818380133C7F8183807F6280328
:10B6C000A3F29C731B68D3F89830D7F818289A42D5
:10B6D000A6DBD7F8FC375A1C07F62803A3F29C73A5
:10B6E0001B68D3F8F81607F62803A3F29C731B68AF
:10B6F000D3F8983000930B466421C448F9F7B6FBA1
:10B7000007F62803A3F29C731B6803F2FC63D3EDD6
:10B71000007A07F5C27310211846B0EE670AF9F7F0
:10B720000DFC07F62803A3F29C731B6803F5E06386
:10B73000D3ED007A07F5BA7310211846B0EE670A08
:10B74000F9F7FCFBD7F8FC37591C07F62803A3F2DE
:10B750009C731B68B3F804371C4607F62803A3F252
:10B760009C731B68B3F80637184607F5C27207F5D5
:10B77000BA730193009013462246A548F9F776FB69
:10B7800007F62803A3F29C731B68B83301220C212F
:10B790001846F9F7DBFEC7F8F80707F62803A3F207
:10B7A0009C731B68B83306220C211846F9F7CEFEAD
:10B7B000C7F8F407D7F8F837002B04D0D7F8F837D4
:10B7C000D3ED037A01E0DFED937A07F5B273102130
:10B7D0001846B0EE670AF9F7B1FBD7F8F837002B37
:10B7E00004D0D7F8F837D3ED047A01E0DFED897A99
:10B7F00007F5AA7310211846B0EE670AF9F79EFB09
:10B80000D7F8FC37591C07F5AA7307F5B2728248BE
:10B81000F9F72CFBD7F8F437002B04D0D7F8F4371E
:10B82000D3ED037A01E0DFED7B7A07F5A2731021F7
:10B830001846B0EE670AF9F781FBD7F8F437002B0A
:10B8400004D0D7F8F437D3ED047A01E0DFED717A54
:10B8500007F59A7310211846B0EE670AF9F76EFBE8
:10B86000D7F8FC37591C07F59A7307F5A2726B4895
:10B87000F9F7FCFA07F62803A3F29C731B68D3EDD3
:10B880008A7A07F5927310211846B0EE670AF9F725
:10B8900055FBD7F8FC37591C07F62803A3F29C7315
:10B8A0001B6893F827321A4607F592735C48F9F73C
:10B8B000DDFA07F62803A3F29C731B6803F20C73EE
:10B8C000D3ED007A07F58A7310211846B0EE670AA7
:10B8D000F9F734FBD7F8FC37013307F58A721946BC
:10B8E0005048F9F7C3FA07F62803A3F29C731B68C4
:10B8F00003F21473D3ED007A07F582731021184612
:10B90000B0EE670AF9F71AFB07F62803A3F29C7357
:10B910001B6803F5E363D3ED007A07F1F40310210C
:10B920001846B0EE670AF9F709FB07F62803A3F2F9
:10B930009C731B6803F21C73D3ED007A07F1E403D8
:10B9400010211846B0EE670AF9F7F8FAD7F8FC3775
:10B95000591C07F1F40007F5827207F1E403009324
:10B9600003463148F9F782FA07F62803A3F29C73DD
:10B970001B6803F5E263D3ED007A07F1D4031021CD
:10B980001846B0EE670AF9F7D9FAD7F8FC37013351
:10B9900007F1D40219462548F9F768FA07F6280393
:10B9A000A3F29C731B6803F5E163D3ED007A07F102
:10B9B000C40310211846B0EE670AF9F7BFFAD7F8AA
:10B9C000FC37013307F1C40219461948F9F74EFA5A
:10B9D000D7F8FC37013307F1C40219461548F9F7C7
:10B9E00045FA07F1B403102118469FED0A0AF9F74A
:10B9F000A5FAD7F8FC37013307F1B40219460E480F
:10BA0000F9F734FA66E000BFCCB40108F4B40108D9
:10BA100024B501080000000068B50108B8B50108A8
:10BA200020B6010858B60108A0B60108D4B601082E
:10BA3000F0B6010810B701083CB7010807F6280363
:10BA4000A3F29C731B681B7B002B43D107F62803D2
:10BA5000A3F29C731B6893F8A03083F00103DBB260
:10BA6000002B37D007F62803A3F29C731B681B68D2
:10BA70005C1C07F62803A3F29C731B6893F86832DA
:10BA80001D4607F62803A3F29C731B6893F87032D7
:10BA90001846F9F70DFC014607F62803A3F29C733C
:10BAA0001B68D3F8982007F62803A3F29C731B6841
:10BAB000D3F8F836D31A07F62802A2F29C7212685D
:10BAC000D2F89820019200930B462A4621465B4803
:10BAD000F9F7CCF907F62803A3F29C731B685B689F
:10BAE000C7F8803007F62803A3F29C731B689B6895
:10BAF000FB6707F62803A3F29C731B68D3F89840F2
:10BB000007F62803A3F29C731B68D3F89C5007F632
:10BB10002803A3F29C731B6893F86832BB6707F68F
:10BB20002803A3F29C731B68D3F89830002B11DD17
:10BB300007F62803A3F29C731B68D3F8D82207F6F4
:10BB40002803A3F29C731B68D3F898309A4201D162
:10BB5000012600E0002607F62803A3F29C731B6869
:10BB6000D3F89830002B13DD07F62803A3F29C735B
:10BB70001B68D3F8DC2207F62803A3F29C731B682A
:10BB8000D3F898309A4203D10123C7F8883002E0F5
:10BB90000023C7F8883007F62803A3F29C731B68BC
:10BBA000D3F89830002B13DD07F62803A3F29C731B
:10BBB0001B68D3F8E02207F62803A3F29C731B68E6
:10BBC000D3F898309A4203D10123C7F8843002E0B9
:10BBD0000023C7F8843007F62803A3F29C731B6880
:10BBE00093F870321846F9F763FB024607F628030C
:10BBF000A3F29C731B6893F8A030002B01D0104B6C
:10BC000000E0104B08930792D7F884300693D7F8DA
:10BC1000883005930496BB6F039302950194D7F87F
:10BC200014380093FB6FD7F8802005210648F9F7F8
:10BC300049F900BF07F62C07BD46F0BD68B70108FB
:10BC4000A4970108AC970108ACB70108F0B5C1B0E2
:10BC50001AAF78647B6C002B01D1A04B7B6400236E
:10BC600087F87E3007F17E031846F9F7E5F8C7F844
:10BC70009000F9F791F8C7F88C00D7F88C30002BBA
:10BC800003D0D7F88C30103300E00023C7F8883099
:10BC900007F148031846F5F769FD034687F8873032
:10BCA00097F88730002B05D197F84830002B01D04A
:10BCB000012300E0002387F8863097F8863003F0F0
:10BCC000010387F8863097F88630002B08D007F1FB
:10BCD0004803D7F888101846F5F77DFE034600E0C4
:10BCE000012387F8853097F885301846F5F7C4FEAC
:10BCF000C7F880000023C7F8943097F88530012BEF
:10BD000004D140F2FB13C7F8943019E097F885305E
:10BD1000022B04D140F2FD13C7F8943010E097F8DD
:10BD20008530032B04D14FF4FE73C7F8943007E03D
:10BD300097F88530002B03D04FF4FF73C7F8943089
:10BD4000D7F89430002B0CBF0123002387F87F30F5
:10BD5000634B1B68BB62634B1B687B62624B1B6857
:10BD60003B6297F87E30FB6197F88630BB6197F8AD
:10BD70007F307B6197F87F303B61D7F88830002BAC
:10BD800014BF01230023DBB2FB60D7F88830002BFF
:10BD900004D0D7F888301B883B6401E000233B6463
:10BDA000D7F88830002B04D0D7F888309B78FB6315
:10BDB00001E00023FB63D7F88830002B04D0D7F8CC
:10BDC0008830DB78BB6301E00023BB63D7F88830A1
:10BDD000002B04D0D7F888301B797B6301E0002367
:10BDE0007B63D7F88830002B04D0D7F888305B7994
:10BDF0003B6301E000233B63D7F88830002B04D07D
:10BE0000D7F888309B79FB6201E00023FB62D7F80A
:10BE10008830002B03D0D7F888309C6800E00024DD
:10BE2000B7F84A30BB6097F84C307B6097F84D30DC
:10BE30001E4697F84E301D4697F84F30184697F833
:10BE400050301946B7F872301A467B6F1893179224
:10BE500016911590149513967A681292BB681193F7
:10BE60001094FB6A0F933B6B0E937B6B0D93BB6B34
:10BE70000C93FB6B0B933B6C0A93D7F880300993C0
:10BE8000FB6808933B6907937B690693BB6905933D
:10BE9000FB690493D7F8903003933B6A02937B6A63
:10BEA0000193BB6A0093114B114A796C1148F9F761
:10BEB00009F897F87F3083F00103DBB2002B06D03E
:10BEC000D7F88020D7F894100B48F8F7CFFF97F8F1
:10BED0007F3018469C37BD46F0BD00BF489401082E
:10BEE000107AFF1F147AFF1F187AFF1FF4980108B9
:10BEF0000C99010880B80108D4BA010880B5AEB029
:10BF000002AFF860B9607A603B608848F8F7AEFF2E
:10BF100097F8B830002B01D0854B00E0854B1846D0
:10BF2000FFF794FE034683F00103DBB2002B04D03D
:10BF30000A20F8F721FF002352E27F4B1B680133F0
:10BF40007D4A13607C4B1B68C7F89430F8F716FDE8
:10BF500007F15C031846F8F73FFDF8F735FD07F1E8
:10BF60003C031846F8F738FD07F13C031846FAF78A
:10BF7000D5FF034683F00103DBB2002B07D00A2074
:10BF8000F8F7FAFE6D48F8F771FF002328E2F8F79A
:10BF9000EFFC01F0B7FBC7F89000694B1B7887F8FE
:10BFA0008F3097F88F30002B05D0664B1B68D7F881
:10BFB0009020D31A00E00023C7F888304FF0000328
:10BFC000C7F8AC30002387F8AB30002387F8AA30DD
:10BFD000012387F8A9300023C7F8A4300023C7F84D
:10BFE000A0307EE007F110031846F9F7CDFE0346B6
:10BFF00087F8AB3097F8AB30002B78D1F9F78EFF8C
:10C00000D7F8A43041F6384202FB03F34E4A1344FA
:10C01000D7F894200021D7F8A000FBF7ADF803462D
:10C0200087F8AA30D7F8A43041F6384202FB03F370
:10C03000454A981807F1100307F13C0207F15C012B
:10C04000FAF7B5FF97F8A930002B0DD03E4AD7F884
:10C05000A43041F6384101FB03F31344A0331B78AD
:10C06000002B01D0012300E0002387F8A93097F8C6
:10C07000A93003F0010387F8A93097F8AA30002B04
:10C0800021D1314AD7F8A43041F6384101FB03F3FE
:10C090001344A0331B78002B15D0D7F8A030002B09
:10C0A00011DB294AD7F8A43041F6384101FB03F3EC
:10C0B000134403F5E163D3ED007A97ED2B7A77EE25
:10C0C000277AC7ED2B7AD7F8A4300133C7F8A4300C
:10C0D00097F8AA30002B0CD1D7F8A0300133C7F85D
:10C0E000A030D7F8A030002B7FF77CAF02E000BF74
:10C0F00000E000BFF8F742FC0820F8F73DFE01F031
:10C1000001FBC7F884000F4AD7F8843013600C4B4A
:10C1100001221A70D7F88420D7F89030D31AC7F8C4
:10C1200080300023C7F89C30C5E000BF0CBB01087D
:10C1300020BB010838BB0108F026002048BB0108DD
:10C14000182700201427002008060020A64AD7F848
:10C150009C3041F6384101FB03F313446C33FA6819
:10C160001A60A14AD7F89C3041F6384101FB03F32D
:10C1700013447033BA681A609B4AD7F89C3041F672
:10C18000384101FB03F3134474337A681A60964A0A
:10C19000D7F89C3041F6384101FB03F31344783360
:10C1A0003A681A60904AD7F89C3041F6384101FB52
:10C1B00003F313447C3397F8B8201A7097F8B8301B
:10C1C000002B14BF01230023DBB283F00103DBB299
:10C1D00003F00103D8B2844AD7F89C3041F63841C5
:10C1E00001FB03F313447D3302461A707E4AD7F8ED
:10C1F0009C3041F6384101FB03F313447E3397F83A
:10C20000BC201A70784AD7F89C3041F6384101FBBF
:10C2100003F313447F3397F8C0201A70724AD7F89B
:10C220009C3041F6384101FB03F313448033D7F8C7
:10C23000C4201A606C4AD7F89C3041F6384101FBA3
:10C2400003F313448433D7F8C8201A60664AD7F83A
:10C250009C3041F6384101FB03F31344883397F8CF
:10C26000CC201A70604AD7F89C3041F6384101FB67
:10C2700003F313448C33D7F880201A605A4AD7F856
:10C280009C3041F6384101FB03F313449033D7F857
:10C2900088201A60544AD7F89C3041F6384101FB97
:10C2A00003F31344943397F88F201A70D7F89C3017
:10C2B0000133C7F89C30D7F89C20D7F8A4309A42B5
:10C2C000FFF644AF0023C7F898300FE0D7F8983056
:10C2D00041F6384202FB03F3434A13441846FDF784
:10C2E00057F9D7F898300133C7F89830D7F8982025
:10C2F000D7F8A4309A42E9DB97F8AB30012B07D18D
:10C300000A20F8F739FD3948F8F7B0FD002367E057
:10C3100097F8AB30022B09D10A20F8F72DFD44F62F
:10C3200020613348F8F7A2FD002359E097F8AB30BD
:10C33000032B07D10A20F8F71FFD2E48F8F796FDCA
:10C3400000234DE097F8AA30002B0ED00A20F8F712
:10C3500013FD97F8AA301846F8F7AAFF03461946C6
:10C360002548F8F783FD00233AE097F8A93083F0D9
:10C370000103DBB2002B07D00A20F8F7FDFC1F48B1
:10C38000F8F774FD00232BE097F8B830002B0CD0A1
:10C390001B4B0193D7F894300093BB68FA680521D2
:10C3A0001848F8F78FFD01231AE0D7F8AC30FB6787
:10C3B00007F12C031021184697ED1F0AF8F7BEFD70
:10C3C00007F12C0319461048F8F750FD07F12C032C
:10C3D00019460E48F8F74AFD0D48F8F747FD0123C6
:10C3E0001846B037BD4680BD080600208CBB01084A
:10C3F000A4BB0108E8BB010828BC01085CBC01081B
:10C40000509F0108A0BC010834BD01085CBD0108B3
:10C410008CBD0108B0B58AB006AF444B1B68012B38
:10C4200094BF01230023FB73FB7B002B01D000236F
:10C4300002E03E4B1B68013BBB603D4B1C683B4B25
:10C440001D683C4B1B783C4A12783C4909683C48C3
:10C450000078059004913B49039102920193FB7B84
:10C4600000930A23BA6829462046FFF747FD034692
:10C47000FB71314B00221A70FB7983F00103DBB2B0
:10C48000002B15D0304B03221A700A20F8F774FCE9
:10C49000274B1968254B1A68FB7B002B01D02B4BCF
:10C4A00000E02B4B0093BB682A48F8F7DFFC39E02B
:10C4B000FB7B002B02D01F4B01221A701B4B1B6809
:10C4C0000A2B0CD9204B03221A70194B19680B2325
:10C4D00000930A2301222048F8F7C8FC22E01F4BF2
:10C4E0001B681F4A1360154B00221A60144B002270
:10C4F0001A70154B02221A700920F8F73DFC0C4BFC
:10C5000019680A4B1A68FB7B002B01D00F4B00E027
:10C510000F4B144802900B4801900093BB681248DF
:10C52000F8F7A4FC1037BD46B0BD00BF04270020BB
:10C530000027002012270020112700200C270020B0
:10C5400010270020C0D40100F8260020D898010848
:10C55000E898010898BD0108E4BD010814270020EF
:10C56000082700203C9F010854BE010880B586B012
:10C5700004AF0120F8F700FC3B1D1846F4F7AAFFB2
:10C58000034683F00103DBB2002B0FD00A20F8F73B
:10C59000F3FB3B7919467B791A46BB791846FB7940
:10C5A000009303461D48F8F761FC33E01C4B1B78F1
:10C5B000012B2ED01A4B1B78022B2AD0194B1B684B
:10C5C0000133184A1360174B1B68174A1360174B47
:10C5D00001221A60164B00221A70164B01221A70A3
:10C5E000154B00221A60154B00221A700C4B0122C9
:10C5F0001A700D4B1968124B02930B2301930A23F7
:10C60000009301230F4A1048F8F730FCFFF702FFB0
:10C6100000E000BF0837BD4680BD00BFC0BE0108B6
:10C62000F8260020FC2600200027002004270020F8
:10C6300012270020112700200C270020102700209F
:10C64000C0D40100509F01080CBF010890B587B00D
:10C6500004AF2C4B1B78022B4ED12B4B1B682B4964
:10C660001846FAF747FC034683F00103DBB2002BC0
:10C6700044D101F047F80246234B1B68D31A244AE1
:10C680001360234B1B68A3F5EA33C03B7B607B68D8
:10C69000B3F5967F94BF01230023DAB21D4B1A70C5
:10C6A0001C4B1B7883F00103DBB2002B19D0154B18
:10C6B00003221A700A20F8F75FFB174B1968174B13
:10C6C0001A68164B1B68581C114B1B684FF4967464
:10C6D000029401930D4B009303461148F8F7C6FBF3
:10C6E0000DE00E4B1B6801330C4A1360054B012211
:10C6F0001A70FFF78FFE02E000BF00E000BF0C37AA
:10C70000BD4690BDF826002008270020C0D40100B7
:10C710000C270020102700200027002004270020DD
:10C7200094BF010890B583B000AFF8F727F9002057
:10C7300009F0EEFC78600AF021FD04460AF02AFDBB
:10C7400002467B6821460648F8F790FB054B00221D
:10C750001A700020F8F710FB00BF0C37BD4690BDE3
:10C7600024C001080406002080B584B000AF7860C2
:10C77000F8F704F90120F8F7FFFA1748FFF766FA0F
:10C78000164B00221A700020F8F7F6FA0023FB720D
:10C79000134B186807F10B016423002207F006FF12
:10C7A000F860FB68002B04D1FB7A012B01D1FFF765
:10C7B000DDFEFFF74BFF0B4B1B78032B06D0FB680E
:10C7C000002BE3D1074B1B78002BDFD1054B002258
:10C7D0001A70FFF7A7FFD9E76CC001080406002014
:10C7E000FC050020F826002080B500AF1B4B1B681D
:10C7F000002B03D11A4B1B68002B01D000232AE029
:10C8000000220121012007F0FDFD0346134A1360B9
:10C81000124B1B68002B01D100231CE0114A0021A0
:10C82000114807F041FD03460D4A13600C4B1B688D
:10C83000002B09D1094B1B68184607F015FF074B61
:10C8400000221A60002306E0084B01221A70002023
:10C85000F8F792FA0123184680BD00BFFC050020BE
:10C8600000060020B0C1010869C7000804060020C6
:10C8700080B582B000AF124B1B68002B04D0114B67
:10C880001B78DBB2002B01D0002314E00D4B0122FA
:10C890001A700123FB710A4B1868F91D002300224E
:10C8A00007F024FE0346002B04D0064B00221A702A
:10C8B000002300E0012318460837BD4680BD00BFB5
:10C8C000FC0500200406002080B400AF034B1B7859
:10C8D000DBB21846BD465DF8047B704704060020B5
:10C8E000B0B582B000AF786039607B68002B0ED0A5
:10C8F0003B68002B0BD07A683B6814461D460FCD71
:10C900000FC42B682360786800F005F800E000BFD2
:10C910000837BD46B0BD80B483B000AF78607B6897
:10C92000002B0CD07B684FF000025A617B684FF0FF
:10C9300000029A617B684FF00002DA6100E000BFFC
:10C940000C37BD465DF8047B704780B487B000AFFC
:10C95000786087ED000A7B68002B02D14FF000035E
:10C9600072E07B68D3ED007A97ED007A67EE277A64
:10C97000C7ED047A7B6893ED057A7B68D3ED016A95
:10C98000D7ED007A66EEA77A77EE277A7B68C3ED5B
:10C99000057A7B68D3ED057AB0EEE77A7B68D3ED54
:10C9A000037AB4EEE77AF1EE10FA03DD7B684FF01C
:10C9B00000025A617B6893ED027A7B68D3ED067AB8
:10C9C000D7ED006A76EEE77A67EE277AC7ED037A4D
:10C9D0007B683A689A617B6893ED057AD7ED047AB3
:10C9E00077EE277A97ED037A77EE277AC7ED057A07
:10C9F0007B68D3ED047A97ED057AB4EEE77AF1EE31
:10CA000010FA02DD7B681B697B617B68D3ED047AD9
:10CA1000F1EE677A97ED057AB4EEE77AF1EE10FA67
:10CA200006D57B68D3ED047AF1EE677AC7ED057A17
:10CA30007B6893ED077AD7ED057A77EE677A7B68A6
:10CA4000C3ED077A7B68DB6907EE903AB0EE670AC0
:10CA50001C37BD465DF8047B704780B483B000AFDF
:10CA600078607B68002B02D07B68DB6901E04FF0C7
:10CA7000000307EE903AB0EE670A0C37BD465DF84A
:10CA8000047B7047B0B596B000AF3A4B07F138045D
:10CA90001D460FCD0FC42B68236007F1380207F144
:10CAA000180311461846FFF71BFF07F11803B0EEF5
:10CAB000000A1846FFF749FF87ED150A07F118032A
:10CAC000BFEE000A1846FFF740FF87ED140A07F192
:10CAD00018031846FFF71FFF274B3C1D1D460FCDBF
:10CAE0000FC42B6823603A1D07F11803114618463E
:10CAF000FFF7F6FE07F11803B7EE000A1846FFF736
:10CB000024FF87ED130AD7ED157AB0EE007A77EEA1
:10CB1000877AF0EEE77A9FED197AF4EEC77AF1EEB4
:10CB200010FA1FD5D7ED147AB7EE007A77EE877A30
:10CB3000F0EEE77A9FED117AF4EEC77AF1EE10FA93
:10CB400010D5D7ED137AB1EE047A77EE877AF0EE4E
:10CB5000E77A9FED0A7AF4EEC77AF1EE10FA01D582
:10CB6000012300E0002303F00103DBB2184658372D
:10CB7000BD46B0BDACC00108C0C0010817B7D13870
:10CB800080B582B000AF00237B60124B5B6C114A12
:10CB900043F4804353640F4B5B6C03F480437B602E
:10CBA0007B6800233B600B4B1B6C0A4A43F08053AD
:10CBB0001364084B1B6C03F080533B603B680022FE
:10CBC0000F216FF0010001F0FBF900BF0837BD46EF
:10CBD00080BD00BF0038024080B58AB000AF7860E9
:10CBE00007F1140300221A605A609A60DA601A6131
:10CBF0007B681B68334A93425FD100233B61324B11
:10CC00005B6C314A43F4807353642F4B5B6C03F4C9
:10CC100080733B613B690023FB602B4B1B6B2A4AF3
:10CC200043F001031363284B1B6B03F00103FB600C
:10CC3000FB6812237B610323BB610023FB6107F1C7
:10CC400014031946214801F06FFD214B214A1A6057
:10CC50001F4B00225A601E4B00229A601C4B002280
:10CC6000DA601B4B4FF480621A61194B4FF400627B
:10CC70005A61174B4FF400529A61154B4FF4807272
:10CC8000DA61134B00221A62114B00225A621048DB
:10CC900001F0C0F90346002B01D0F7F7DBFD7B68FC
:10CCA0000B4A9A630A4A7B6893630022052112208B
:10CCB00001F086F9122001F09FF900BF2837BD4628
:10CCC00080BD00BF0020014000380240000002404B
:10CCD000C40000201064024080B58CB000AF7860C2
:10CCE00007F11C0300221A605A609A60DA601A6128
:10CCF0007B681B68524A93422DD10023BB61514B84
:10CD00001B6B504A43F0020313634E4B1B6B03F043
:10CD10000203BB61BB694FF4C073FB6112233B622A
:10CD200000237B620323BB620423FB6207F11C0325
:10CD30001946454801F0F8FC00237B61414B1B6C10
:10CD4000404A43F4001313643E4B1B6C03F400137E
:10CD50007B617B696FE07B681B683C4A93426AD1C8
:10CD600000233B61374B1B6B364A43F002031363CE
:10CD7000344B1B6B03F002033B613B694FF4406390
:10CD8000FB6112233B6201237B620023BB6204230D
:10CD9000FB6207F11C0319462B4801F0C5FC002378
:10CDA000FB60284B1B6C274A43F480031364254B1C
:10CDB0001B6C03F48003FB60FB68254B254A1A605B
:10CDC000234B4FF060625A60214B40229A60204B07
:10CDD0000022DA601E4B4FF480621A611C4B002265
:10CDE0005A611B4B00229A61194B0022DA61184BE1
:10CDF00000221A62164B00225A62154801F00AF905
:10CE00000346002B01D0F7F725FD7B68104A5A63D3
:10CE10000F4A7B68936300220521212001F0D0F89E
:10CE2000212001F0E9F800220521222001F0C8F8B4
:10CE3000222001F0E1F800BF3037BD4680BD00BFC1
:10CE400000540040003802400004024000580040F6
:10CE5000CC010020B860024080B58AB000AF786095
:10CE600007F1140300221A605A609A60DA601A61AE
:10CE70007B681B68194A93422BD100233B61184BF6
:10CE80005B6C174A43F480535364154B5B6C03F49B
:10CE900080533B613B690023FB60114B1B6B104AC5
:10CEA00043F0020313630E4B1B6B03F00203FB60A2
:10CEB000FB6838237B610223BB610123FB610323F1
:10CEC0003B6205237B6207F114031946054801F014
:10CED0002BFC00BF2837BD4680BD00BF003001409D
:10CEE000003802400004024080B58AB000AF78608C
:10CEF00007F1140300221A605A609A60DA601A611E
:10CF00007B681B68274A93420ED100233B61264B66
:10CF10005B6C254A43F001035364234B5B6C03F0C5
:10CF200001033B613B6939E07B681B68B3F1804FCB
:10CF300034D10023FB601C4B1B6C1B4A43F00103E4
:10CF40001364194B1B6C03F00103FB60FB680023A7
:10CF5000BB60154B1B6B144A43F001031363124B68
:10CF60001B6B03F00103BB60BB684FF400437B61A4
:10CF70000223BB610123FB6100233B6201237B622F
:10CF800007F114031946094801F0CEFB00220521E0
:10CF90001C2001F015F81C2001F02EF800BF2837E6
:10CFA000BD4680BD00000140003802400000024044
:10CFB00080B584B000AF78607B681B680E4A9342EE
:10CFC00015D10023FB600D4B5B6C0C4A43F0020350
:10CFD00053640A4B5B6C03F00203FB60FB680022A6
:10CFE00005212D2000F0ECFF2D2001F005F800BFF9
:10CFF0001037BD4680BD00BF00040140003802402C
:10D0000080B58AB000AF786007F1140300221A607F
:10D010005A609A60DA601A617B681B68244A9342FE
:10D020001FD100233B61234B1B6B224A43F00103BA
:10D030001363204B1B6B03F001033B613B694FF40F
:10D04000E0637B610223BB610023FB6100233B6241
:10D0500001237B6207F114031946174801F064FBB2
:10D0600022E07B681B68154A93421DD10023FB60B8
:10D07000104B1B6B0F4A43F0040313630D4B1B6BE8
:10D0800003F00403FB60FB6840237B610223BB6168
:10D090000023FB6100233B6203237B6207F114033F
:10D0A0001946074801F040FB00BF2837BD4680BD48
:10D0B000000001400038024000000240000401402E
:10D0C0000008024080B58CB000AF786007F11C0307
:10D0D00000221A605A609A60DA601A617B681B68E5
:10D0E000984A934240F092800023BB61964B1B6CA0
:10D0F000954A43F400331364934B1B6C03F40033E1
:10D10000BB61BB6900237B618F4B1B6B8E4A43F075
:10D11000010313638C4B1B6B03F001037B617B6981
:10D120000C23FB6102233B6200237B620323BB626F
:10D130000723FB6207F11C031946844801F0F4FA47
:10D14000834B844A1A60824B4FF000625A60804BD6
:10D1500040229A607E4B0022DA607D4B4FF4806261
:10D160001A617B4B00225A61794B00229A61784BFD
:10D170000022DA61764B00221A62754B00225A6255
:10D18000734800F047FF0346002B01D0F7F762FB1E
:10D190007B686F4A5A636E4A7B6893636E4B6F4A33
:10D1A0001A606D4B4FF000625A606B4B00229A6020
:10D1B000694B0022DA60684B4FF480621A61664B5B
:10D1C00000225A61644B00229A61634B4FF48072D3
:10D1D000DA61614B00221A625F4B00225A625E489C
:10D1E00000F018FF0346002B01D0F7F733FB7B68F4
:10D1F000594A9A63584A7B68936300220521262086
:10D2000000F0DEFE262000F0F7FE97E07B681B684A
:10D21000534A934240F0928000233B614A4B1B6C7F
:10D22000494A43F480231364474B1B6C03F4802367
:10D230003B613B690023FB60434B1B6B424A43F05D
:10D2400004031363404B1B6B03F00403FB60FB6898
:10D250004FF44063FB6102233B6200237B620323A4
:10D26000BB620723FB6207F11C0319463D4801F02E
:10D270005BFA3D4B3D4A1A603B4B4FF000625A60EF
:10D28000394B40229A60384B0022DA60364B4FF41B
:10D2900080621A61344B00225A61334B00229A613A
:10D2A000314B0022DA61304B00221A622E4B0022F1
:10D2B0005A622D4800F0AEFE0346002B01D0F7F76E
:10D2C000C9FA7B68284A5A63274A7B689363284BCC
:10D2D000284A1A60264B4FF000625A60244B002205
:10D2E0009A60234B0022DA60214B4FF480621A616E
:10D2F0001F4B00225A611E4B00229A611C4B4FF4B7
:10D300008072DA611A4B00221A62194B00225A62AB
:10D31000174800F07FFE0346002B01D0F7F79AFA7A
:10D320007B68134A9A63124A7B6893630022052143
:10D33000272000F045FE272000F05EFE00BF3037BA
:10D34000BD4680BD0044004000380240000002405D
:10D35000E4030020A06002404404002088600240F2
:10D360000048004000080240A40400205860024029
:10D37000040500202860024080B58EB000AF7860C0
:10D380000023FB620023BB620023FB60334B1B6C5A
:10D39000324A43F480731364304B1B6C03F4807384
:10D3A000FB60FB6807F1100207F1140311461846F1
:10D3B00003F05AFE3B6AFB62FB6A002B03D103F0C9
:10D3C0002BFE786304E003F027FE03465B007B63DB
:10D3D0007B6B234AA2FB03239B0C013BBB62214BCB
:10D3E000214A1A601F4B40F2E732DA601D4ABB6ADD
:10D3F00053601C4B00221A611A4B00229A60194B91
:10D4000000229A61174804F009FC034687F833307C
:10D4100097F83330002B1BD1124804F04FFC034621
:10D4200087F8333097F83330002B11D12D2000F0DE
:10D43000E3FD7B680F2B08D8002279682D2000F0CF
:10D44000BFFD0A4A7B68136002E0012387F833308E
:10D4500097F8333018463837BD4680BD0038024053
:10D4600083DE1B431C270020002000400400002016
:10D4700080B400AF00BFFDE780B400AF00BFFDE7A0
:10D4800080B400AF00BFFDE780B400AF00BFFDE790
:10D4900080B400AF00BFFDE780B400AF00BFBD4661
:10D4A0005DF8047B7047000080B500AF024800F0D3
:10D4B000F1FE00BF80BD00BF0405002080B500AFB5
:10D4C000024800F0E7FE00BF80BD00BFA4040020BA
:10D4D00080B500AF024800F0DDFE00BF80BD00BF98
:10D4E0004404002080B500AF024800F0D3FE00BF26
:10D4F00080BD00BFE403002080B500AF024800F00B
:10D5000050F900BF80BD00BF7C00002080B500AF97
:10D51000024804F0B4FD00BF80BD00BFCC02002073
:10D5200080B500AF024801F02BFC00BF80BD00BFFA
:10D530007801002080B500AF024801F092FD00BFE5
:10D5400080BD00BF7801002080B500AF024805F023
:10D55000E9FE00BF80BD00BF5C03002080B500AFC6
:10D56000024805F0DFFE00BF80BD00BFA003002021
:10D5700080B500AF034804F082FD034804F07FFD4E
:10D5800000BF80BD140300201C27002080B500AF21
:10D59000024800F07FFE00BF80BD00BFCC0100202C
:10D5A00080B500AF024800F075FE00BF80BD00BF2F
:10D5B000C400002080B586B000AF7860144A154BD7
:10D5C000D31A7B617B693B61134B1B68002B02D133
:10D5D000114B124A1A60104B1A687B6813443A695F
:10D5E0009A4207D209F076FF03460C221A604FF0E8
:10D5F000FF3309E0084B1B68FB60074B1A687B6828
:10D600001344054A1360FB6818461837BD4680BDB1
:10D61000000002200004000064270020A0D80120A0
:10D6200080B400AF064BD3F88830054A43F470034A
:10D63000C2F8883000BFBD465DF8047B704700BF6C
:10D6400000ED00E0DFF834D00D480E490E4A00230B
:10D6500002E0D458C4500433C4188C42F9D30B4AA6
:10D660000B4C002301E013600432A242FBD3FFF70E
:10D67000D7FF09F035FFF6F7E7F870470000022002
:10D68000000000206000002050C60108600000205B
:10D690009CD80120FEE7000080B500AF0E4B1B6850
:10D6A0000D4A43F4007313600B4B1B680A4A43F4A2
:10D6B00080631360084B1B68074A43F48073136050
:10D6C000032000F072FC0520FFF756FEFFF758FA22
:10D6D0000023184680BD00BF003C024080B400AF6C
:10D6E000064B1B781A46064B1B681344044A13600A
:10D6F00000BFBD465DF8047B704700BF08000020F6
:10D700006827002080B400AF034B1B681846BD4655
:10D710005DF8047B704700BF6827002080B584B0A7
:10D7200000AF78600023FB737B68002B01D10123DD
:10D7300033E07B681B6C002B09D17868FFF74CFA4B
:10D740007B6800225A647B68002283F83C207B6857
:10D750001B6C03F01003002B18D17B681B6C23F4A7
:10D76000885323F0020343F002027B681A6478684E
:10D7700000F068FA7B6800225A647B681B6C23F017
:10D78000030343F001027B681A6401E00123FB7389
:10D790007B68002283F83C20FB7B18461037BD468F
:10D7A00080BD80B586B000AF786000237B61002328
:10D7B0003B617B681B681B68FB607B681B685B6860
:10D7C000BB60FB6803F002037B61BB6803F02003CE
:10D7D0003B617B69002B49D03B69002B46D07B68BD
:10D7E0001B6C03F01003002B05D17B681B6C43F40A
:10D7F00000727B681A647B681B689B6803F0405367
:10D80000002B2BD17B681B7E002B27D17B681B68EC
:10D81000DB6A03F47003002B06D07B681B689B68EF
:10D8200003F48063002B19D17B681B685A687B68FE
:10D830001B6822F020025A607B681B6C23F4807204
:10D840007B681A647B681B6C03F48053002B05D142
:10D850007B681B6C43F001027B681A64786800F0F7
:10D86000B0F87B681B686FF012021A60FB6803F067
:10D8700004037B61BB6803F080033B617B69002B81
:10D8800057D03B69002B54D07B681B6C03F010030E
:10D89000002B05D17B681B6C43F400527B681A6433
:10D8A0007B681B689B6803F44013002B39D17B68AD
:10D8B0001B689B6B03F44013002B06D07B681B682E
:10D8C0009B6803F48063002B2BD17B681B685B682B
:10D8D00003F48063002B24D17B681B689B6803F0F2
:10D8E0004053002B1DD17B681B7E002B19D17B6818
:10D8F0001B685A687B681B6822F080025A607B684C
:10D900001B6C23F480527B681A647B681B6C03F4E5
:10D910008073002B05D17B681B6C43F001027B6890
:10D920001A64786800F08AFA7B681B686FF00C0252
:10D930001A60FB6803F001037B61BB6803F04003DE
:10D940003B617B69002B17D03B69002B14D07B68AF
:10D950001B681B6803F00103012B0DD17B681B6C56
:10D9600043F480327B681A64786800F034F87B688E
:10D970001B686FF001021A60FB6803F020037B61F3
:10D98000BB6803F080633B617B69002B15D03B696A
:10D99000002B12D07B685B6C43F002027B685A64F8
:10D9A0007B681B686FF020021A60786800F01DF831
:10D9B0007B681B686FF020021A6000BF1837BD46F5
:10D9C00080BD80B483B000AF786000BF0C37BD4627
:10D9D0005DF8047B704780B483B000AF786000BF0F
:10D9E0000C37BD465DF8047B704780B483B000AF50
:10D9F000786000BF0C37BD465DF8047B70470000BF
:10DA000080B485B000AF786039600023BB607B686C
:10DA100093F83C30012B01D1022305E17B68012200
:10DA200083F83C203B681B68092B25D97B681B6861
:10DA3000D9683B681B689BB21A4613465B001344C7
:10DA40001E3B072202FA03F3DA437B681B680A4095
:10DA5000DA607B681B68D9683B689A683B681B681A
:10DA60009BB2184603465B0003441E3B9A407B680A
:10DA70001B680A43DA6022E07B681B6819693B680F
:10DA80001B689BB21A4613465B001344072202FA36
:10DA900003F3DA437B681B680A401A617B681B68E2
:10DAA00019693B689A683B681B689BB21846034635
:10DAB0005B0003449A407B681B680A431A613B6819
:10DAC0005B68062B24D87B681B68596B3B685A68D7
:10DAD00013469B001344053B1F2202FA03F3DA436B
:10DAE0007B681B680A405A637B681B68596B3B68FC
:10DAF0001B689BB218463B685A6813469B00134448
:10DB0000053B00FA03F27B681B680A435A634CE04A
:10DB10003B685B680C2B24D87B681B68196B3B68DF
:10DB20005A6813469B001344233B1F2202FA03F357
:10DB3000DA437B681B680A401A637B681B68196BB1
:10DB40003B681B689BB218463B685A6813469B00AB
:10DB50001344233B00FA03F27B681B680A431A63F1
:10DB600023E07B681B68D96A3B685A6813469B00B0
:10DB70001344413B1F2202FA03F3DA437B681B681C
:10DB80000A40DA627B681B68D96A3B681B689BB2F3
:10DB900018463B685A6813469B001344413B00FA01
:10DBA00003F27B681B680A43DA62224BFB607B68E6
:10DBB0001B68214A934209D13B681B68122B05D18F
:10DBC000FB685B6843F48002FB685A607B681B68F3
:10DBD000194A934223D13B681B68102B03D03B6842
:10DBE0001B68112B1BD1FB685B6843F40002FB68C8
:10DBF0005A603B681B68102B11D1104B1B68104AF0
:10DC0000A2FB03239A0C13469B0013445B00BB60EA
:10DC100002E0BB68013BBB60BB68002BF9D17B68AD
:10DC2000002283F83C20002318461437BD465DF8D7
:10DC3000047B7047002301400020014000000020C9
:10DC400083DE1B4380B485B000AF7860794BFB6006
:10DC5000FB685B6823F44032FB685A60FB685A68D3
:10DC60007B685B681A43FB685A607B681B685A686C
:10DC70007B681B6822F480725A607B681B68596855
:10DC80007B681B691A027B681B680A435A607B68C1
:10DC90001B685A687B681B6822F040725A607B6878
:10DCA0001B6859687B689A687B681B680A435A60DE
:10DCB0007B681B689A687B681B6822F400629A6024
:10DCC0007B681B6899687B68DA687B681B680A4315
:10DCD0009A607B689B6A584A934222D07B681B6893
:10DCE0009A687B681B6822F070629A607B681B6888
:10DCF00099687B689A6A7B681B680A439A607B68AC
:10DD00001B689A687B681B6822F040529A607B68A7
:10DD10001B6899687B68DA6A7B681B680A439A60AB
:10DD20000FE07B681B689A687B681B6822F0706252
:10DD30009A607B681B689A687B681B6822F0405277
:10DD40009A607B681B689A687B681B6822F00202F5
:10DD50009A607B681B6899687B681B7E5A007B68A9
:10DD60001B680A439A607B6893F82030002B1BD015
:10DD70007B681B685A687B681B6842F400625A60C3
:10DD80007B681B685A687B681B6822F460425A6093
:10DD90007B681B6859687B685B6A013B5A037B6838
:10DDA0001B680A435A6007E07B681B685A687B68F7
:10DDB0001B6822F400625A607B681B68DA6A7B6821
:10DDC0001B6822F47002DA627B681B68D96A7B6880
:10DDD000DB69013B1A057B681B680A43DA627B68D2
:10DDE0001B689A687B681B6822F400729A607B68E3
:10DDF0001B6899687B6893F830305A027B681B680F
:10DE00000A439A607B681B689A687B681B6822F4E7
:10DE100080629A607B681B6899687B685B699A027C
:10DE20007B681B680A439A6000BF1437BD465DF8E3
:10DE3000047B7047002301400100000F80B483B0D1
:10DE400000AF786000BF0C37BD465DF8047B7047BB
:10DE500080B485B000AF78607B6803F00703FB6097
:10DE60000C4BDB68BB60BA684FF6FF031340BB6026
:10DE7000FB681A02BB68134343F0BF6343F40033EB
:10DE8000BB60044ABB68D36000BF1437BD465DF871
:10DE9000047B704700ED00E080B400AF044BDB680A
:10DEA0001B0A03F007031846BD465DF8047B704764
:10DEB00000ED00E080B483B000AF0346FB7197F93A
:10DEC0000730002B0BDBFB7903F01F02074997F9A2
:10DED00007305B09012000FA02F241F8232000BF5D
:10DEE0000C37BD465DF8047B704700BF00E100E0E1
:10DEF00080B483B000AF03463960FB7197F90730F7
:10DF0000002B0ADB3B68DAB20C4997F907301201A3
:10DF1000D2B20B4483F800230AE03B68DAB2084926
:10DF2000FB7903F00F03043B1201D2B20B441A76C3
:10DF300000BF0C37BD465DF8047B704700E100E090
:10DF400000ED00E080B489B000AFF860B9607A609D
:10DF5000FB6803F00703FB61FB69C3F10703042BB4
:10DF600028BF0423BB61FB690433062B02D9FB697C
:10DF7000033B00E000237B614FF0FF32BB6902FAF4
:10DF800003F3DA43BB681A407B699A404FF0FF31D4
:10DF90007B6901FA03F3D9437B680B4013431846AE
:10DFA0002437BD465DF8047B704780B582B000AF72
:10DFB00078607868FFF74CFF00BF0837BD4680BD2A
:10DFC00080B586B000AF0346B9607A60FB7300236A
:10DFD0007B61FFF761FF78617A68B9687869FFF75C
:10DFE000B1FF024697F90F3011461846FFF780FF40
:10DFF00000BF1837BD4680BD80B582B000AF034674
:10E00000FB7197F907301846FFF754FF00BF083738
:10E01000BD4680BD80B586B000AF786000237B61CF
:10E02000FFF770FB38617B68002B01D1012399E079
:10E030007B68022283F835207B68002283F8342035
:10E040007B681B681A687B681B6822F001021A60F3
:10E050000FE0FFF757FB02463B69D31A052B08D99F
:10E060007B6820225A657B68032283F835200323CE
:10E0700078E07B681B681B6803F00103002BE8D184
:10E080007B681B681B687B617A69384B13407B6136
:10E090007B685A687B689B681A437B68DB681A4315
:10E0A0007B681B691A437B685B691A437B689B69C1
:10E0B0001A437B68DB691A437B681B6A13437A69DE
:10E0C00013437B617B685B6A042B07D17B68DA6A48
:10E0D0007B681B6B13437A6913437B617B681B6806
:10E0E0007A691A607B681B685B697B617B6923F0D6
:10E0F00007037B617B685B6A7A6913437B617B689A
:10E100005B6A042B17D17B689B6A7A6913437B6136
:10E110007B68DB6A002B0ED0786800F089FA034632
:10E12000002B08D07B6840225A657B68012283F867
:10E130003520012316E07B681B687A695A6178688C
:10E1400000F040FA0346FB607B68DB6D3F229A409B
:10E15000FB689A607B6800225A657B68012283F81D
:10E160003520002318461837BD4680BD3F8010F08B
:10E1700080B584B000AF78607B689B6DFB60FFF773
:10E18000C1FAB8607B6893F83530DBB2022B08D057
:10E190007B6880225A657B68002283F83420012343
:10E1A00052E07B681B681A687B681B6822F01602C5
:10E1B0001A607B681B685A697B681B6822F08002C2
:10E1C0005A617B681B6C002B03D17B689B6C002B16
:10E1D00007D07B681B681A687B681B6822F00802FE
:10E1E0001A607B681B681A687B681B6822F0010252
:10E1F0001A6013E0FFF786FA0246BB68D31A052BB4
:10E200000CD97B6820225A657B68032283F835206D
:10E210007B68002283F83420032315E07B681B68A9
:10E220001B6803F00103002BE4D17B68DB6D3F2208
:10E230009A40FB689A607B68012283F835207B68EE
:10E24000002283F83420002318461037BD4680BDD5
:10E2500080B483B000AF78607B6893F83530DBB270
:10E26000022B04D07B6880225A6501230CE07B6876
:10E27000052283F835207B681B681A687B681B6859
:10E2800022F001021A60002318460C37BD465DF8E3
:10E29000047B704780B586B000AF78600023BB6018
:10E2A0008E4B1B688E4AA2FB03239B0A7B617B6813
:10E2B0009B6D3B613B691B68FB607B68DB6D0822E3
:10E2C0009A40FB681340002B1AD07B681B681B68C0
:10E2D00003F00403002B13D07B681B681A687B686B
:10E2E0001B6822F004021A607B68DB6D08229A40EA
:10E2F0003B699A607B685B6D43F001027B685A65FD
:10E300007B68DB6D01229A40FB681340002B12D022
:10E310007B681B685B6903F08003002B0BD07B6874
:10E32000DB6D01229A403B699A607B685B6D43F02C
:10E3300002027B685A657B68DB6D04229A40FB68A9
:10E340001340002B12D07B681B681B6803F002038C
:10E35000002B0BD07B68DB6D04229A403B699A60EE
:10E360007B685B6D43F004027B685A657B68DB6DFC
:10E3700010229A40FB681340002B43D07B681B6837
:10E380001B6803F00803002B3CD07B68DB6D102278
:10E390009A403B699A607B681B681B6803F4802382
:10E3A000002B18D07B681B681B6803F40023002B2C
:10E3B00008D17B681B6C002B24D07B681B6C7868B1
:10E3C00098471FE07B689B6C002B1BD07B689B6C85
:10E3D0007868984716E07B681B681B6803F48073B5
:10E3E000002B07D17B681B681A687B681B6822F0CA
:10E3F00008021A607B681B6C002B03D07B681B6CC7
:10E40000786898477B68DB6D20229A40FB68134050
:10E41000002B00F08F807B681B681B6803F01003E3
:10E42000002B00F087807B68DB6D20229A403B69DF
:10E430009A607B6893F83530DBB2052B36D17B6868
:10E440001B681A687B681B6822F016021A607B68DA
:10E450001B685A697B681B6822F080025A617B68DE
:10E460001B6C002B03D17B689B6C002B07D07B6857
:10E470001B681A687B681B6822F008021A607B68B8
:10E48000DB6D3F229A403B699A607B68012283F8EA
:10E4900035207B68002283F834207B681B6D002BBD
:10E4A0007ED07B681B6D7868984779E07B681B6835
:10E4B0001B6803F48023002B1DD07B681B681B683E
:10E4C00003F40023002B0DD17B685B6C002B31D053
:10E4D0007B685B6C786898472CE000BF00000020E8
:10E4E000B5814E1B7B68DB6B002B23D07B68DB6B1D
:10E4F000786898471EE07B681B681B6803F480738C
:10E50000002B0FD17B681B681A687B681B6822F0A0
:10E5100010021A607B68012283F835207B68002294
:10E5200083F834207B68DB6B002B03D07B68DB6BCC
:10E53000786898477B685B6D002B32D07B685B6D99
:10E5400003F00103002B22D07B68052283F83520DD
:10E550007B681B681A687B681B6822F001021A60DE
:10E56000BB680133BB607A699A4207D37B681B683A
:10E570001B6803F00103002BF2D100E000BF7B68B1
:10E58000012283F835207B68002283F834207B68E1
:10E59000DB6C002B05D07B68DB6C7868984700E06B
:10E5A00000BF1837BD4680BD80B483B000AF78602F
:10E5B0007B6893F83530DBB218460C37BD465DF802
:10E5C000047B704780B485B000AF78607B681B68BF
:10E5D000DBB2103B144AA2FB03231B09FB60134A66
:10E5E000FB6813441B781A467B68DA65FB68032BCB
:10E5F00009D97B681B6823F47F7323F003031A1D7A
:10E600007B689A6507E07B681B6823F47F7323F0BF
:10E6100003037A6893657B689B6D18461437BD4683
:10E620005DF8047B704700BFABAAAAAAECC1010841
:10E6300080B485B000AF78600023FB737B689B6A71
:10E64000BB607B689B69002B1FD1BB68032B56D82E
:10E6500001A252F823F000BF69E600087BE600083B
:10E6600069E60008FFE600087B68DB6A03F0807358
:10E67000002B46D00123FB7343E07B68DB6AB3F1D8
:10E68000C07F40D10123FB733DE07B689B69B3F5FC
:10E69000005F21D1BB68032B37D801A252F823F0C9
:10E6A000B1E60008B7E60008B1E60008C9E60008D0
:10E6B0000123FB7330E07B68DB6A03F08073002B7F
:10E6C00025D00123FB7322E07B68DB6AB3F1C07FB6
:10E6D0001FD10123FB731CE0BB68022B03D9BB686D
:10E6E000032B03D018E00123FB7315E07B68DB6A82
:10E6F00003F08073002B0ED00123FB730BE000BFEF
:10E700000AE000BF08E000BF06E000BF04E000BF71
:10E7100002E000BF00E000BFFB7B18461437BD4697
:10E720005DF8047B704700BF80B489B000AF7860AB
:10E73000396000237B6100233B610023BB61002320
:10E74000FB616BE10122FB6902FA03F37B613B6829
:10E750001B687A6913403B613A697B699A4240F0D1
:10E760005A813B685B6803F00303012B05D03B68CB
:10E770005B6803F00303022B30D17B689B68BB61AD
:10E78000FB695B00032202FA03F3DB43BA6913401F
:10E79000BB613B68DA68FB695B0002FA03F3BA69A4
:10E7A0001343BB617B68BA699A607B685B68BB6135
:10E7B0000122FB6902FA03F3DB43BA691340BB6130
:10E7C0003B685B681B0903F00102FB6902FA03F373
:10E7D000BA691343BB617B68BA695A603B685B687E
:10E7E00003F00303032B17D07B68DB68BB61FB6975
:10E7F0005B00032202FA03F3DB43BA691340BB61F7
:10E800003B689A68FB695B0002FA03F3BA69134339
:10E81000BB617B68BA69DA603B685B6803F003033D
:10E82000022B23D1FB69DA087B68083253F82230C7
:10E83000BB61FB6903F007039B000F2202FA03F39D
:10E84000DB43BA691340BB613B681A69FB6903F09B
:10E8500007039B0002FA03F3BA691343BB61FB6928
:10E86000DA087B680832B96943F822107B681B68B4
:10E87000BB61FB695B00032202FA03F3DB43BA6965
:10E880001340BB613B685B6803F00302FB695B00FC
:10E8900002FA03F3BA691343BB617B68BA691A6071
:10E8A0003B685B6803F44033002B00F0B480002326
:10E8B000FB60604B5B6C5F4A43F4804353645D4B89
:10E8C0005B6C03F48043FB60FB685B4AFB699B085D
:10E8D000023352F82330BB61FB6903F003039B0052
:10E8E0000F2202FA03F3DB43BA691340BB617B6872
:10E8F000524A93422BD07B68514A934225D07B6881
:10E90000504A93421FD07B684F4A934219D07B688C
:10E910004E4A934213D07B684D4A93420DD07B6898
:10E920004C4A934207D07B684B4A934201D107235C
:10E930000EE008230CE006230AE0052308E0042388
:10E9400006E0032304E0022302E0012300E00023A9
:10E95000FA6902F0030292009340BA691343BB6163
:10E960003549FB699B080233BA6941F823203B4BC8
:10E970009B68BB613B69DB43BA691340BB613B6881
:10E980005B6803F48013002B03D0BA693B6913431F
:10E99000BB61324ABB699360304BDB68BB613B694A
:10E9A000DB43BA691340BB613B685B6803F4001347
:10E9B000002B03D0BA693B691343BB61274ABB698B
:10E9C000D360264B5B68BB613B69DB43BA6913408C
:10E9D000BB613B685B6803F40033002B03D0BA696A
:10E9E0003B691343BB611D4ABB6953601B4B1B68EA
:10E9F000BB613B69DB43BA691340BB613B685B6841
:10EA000003F48033002B03D0BA693B691343BB6125
:10EA1000124ABB691360FB690133FB61FB690F2B71
:10EA20007FF690AE00BF00BF2437BD465DF8047B83
:10EA3000704700BF0038024000380140000002402B
:10EA40000004024000080240000C02400010024096
:10EA50000014024000180240001C0240003C01402B
:10EA600080B485B000AF78600B467B807B681A6904
:10EA70007B881340002B02D00123FB7301E00023AD
:10EA8000FB73FB7B18461437BD465DF8047B70476B
:10EA900080B483B000AF78600B467B8013467B70F8
:10EAA0007B78002B03D07A887B689A6103E07B88AF
:10EAB0001A047B689A6100BF0C37BD465DF8047B81
:10EAC000704780B485B000AF78600B467B807B6870
:10EAD0005B69FB607A88FB6813401A04FB68D943C2
:10EAE0007B880B401A437B689A6100BF1437BD4690
:10EAF0005DF8047B7047000080B584B000AF78609B
:10EB00007B68002B01D101232BE17B6893F83D301A
:10EB1000DBB2002B06D17B68002283F83C207868AA
:10EB2000FEF7DAF87B68242283F83D207B681B68B7
:10EB30001A687B681B6822F001021A607B681B68F8
:10EB40001A687B681B6842F400421A607B681B6885
:10EB50001A687B681B6822F400421A6002F05CFAB3
:10EB6000F8607B685B68814A934207D8FB68804AFB
:10EB7000934294BF01230023DBB206E0FB687D4A89
:10EB8000934294BF01230023DBB2002B01D0012369
:10EB9000E7E0FB68784AA2FB03239B0CBB607B6821
:10EBA0001B685B6823F03F017B681B68BA680A43F7
:10EBB0005A607B681B681B6A23F03F017B685B68B7
:10EBC0006A4A934202D8BB68013309E0BB684FF43C
:10EBD000967202FB03F3694AA2FB03239B090133EC
:10EBE0007A6812680B4313627B681B68DB6923F445
:10EBF0004F4222F0FF027B685B685C498B4219D868
:10EC0000FB68591E7B685B685B00B1FBF3F3591C22
:10EC100040F6FC730B40002B0AD0FB68591E7B6842
:10EC20005B685B00B1FBF3F30133C3F30B0351E00B
:10EC300004234FE07B689B68002B11D1FB68581EB2
:10EC40007B6859680B465B000B44B0FBF3F3013360
:10EC5000C3F30B03002B0CBF01230023DBB212E034
:10EC6000FB68581E7B6859680B469B000B44990053
:10EC70000B44B0FBF3F30133C3F30B03002B0CBFC6
:10EC800001230023DBB2002B01D0012322E07B68AB
:10EC90009B68002B0ED1FB68581E7B6859680B4699
:10ECA0005B000B44B0FBF3F30133C3F30B0343F4FA
:10ECB00000430FE0FB68581E7B6859680B469B00B9
:10ECC0000B4499000B44B0FBF3F30133C3F30B0384
:10ECD00043F44043796809681343CB617B681B6840
:10ECE0001B6823F0C0017B68DA697B681B6A1A43E2
:10ECF0007B681B680A431A607B681B689B6823F467
:10ED0000034323F0FF037A6811697A68D2681143DC
:10ED10007A6812680B4393607B681B68DB6823F09A
:10ED2000FF017B685A697B689B691A437B681B6893
:10ED30000A43DA607B681B681A687B681B6842F0CC
:10ED400001021A607B6800221A647B68202283F823
:10ED50003D207B6800221A637B68002283F83E20F6
:10ED6000002318461037BD4680BD00BFA0860100B5
:10ED70007F841E00FF083D0083DE1B43D34D6210DD
:10ED800080B588B000AF78600023BB617B681B68EA
:10ED90005B687B617B68DB6A3B617B6893F83E3034
:10EDA000FB737B6893F83D30BB73FB7B102B03D068
:10EDB000FB7B402B40F0C1807B681B689B69BB617B
:10EDC0007B681B685B69FB61FB6903F00103002B37
:10EDD0000DD13B69B3F52A0F03D03B69B3F12A4F3C
:10EDE00001D1012300E00023012B00F03281FB69F7
:10EDF00003F00103002B0CD07B695B0A03F00103D5
:10EE0000002B06D0786801F07BFC786800F083FD69
:10EE100092E0FB69DB0803F00103002B09D07B695A
:10EE20005B0A03F00103002B03D0786800F0F9FDC2
:10EE300082E0FB695B0803F00103002B09D07B69CA
:10EE40005B0A03F00103002B03D0786800F013FE87
:10EE500072E0BB699B0803F00103002B3BD07B6889
:10EE60001B685B6803F40063B3F5006F00F0F38088
:10EE7000FB69DB0903F00103002B0FD07B699B0AC0
:10EE800003F00103002B09D0FB699B0803F0010389
:10EE9000002B03D1786800F0F3F94DE0FB699B0883
:10EEA00003F00103002B00F0D6807B695B0A03F0BE
:10EEB0000103002B00F0CF80BB7B212B03D17868AE
:10EEC00000F07AFAC7E0FB7B402B40F0C480786802
:10EED00000F0E8FABFE07B681B685B6803F400633E
:10EEE000B3F5006F00F0B780FB699B0903F00103E5
:10EEF000002B0FD07B699B0A03F00103002B09D084
:10EF0000FB699B0803F00103002B03D1786800F034
:10EF10005DFB11E0FB699B0803F00103002B00F08F
:10EF20009A807B695B0A03F00103002B00F0938059
:10EF3000786800F006FC8EE08DE07B681B6C002B8F
:10EF400004D07B681B685B69FB6107E07B681B681A
:10EF50009B69BB617B681B685B69FB61FB695B0844
:10EF600003F00103002B12D07B695B0A03F001035D
:10EF7000002B0CD07B681B6C002B03D07B681B68BC
:10EF80009B69BB61B969786800F0C4FF66E0FB6902
:10EF90001B0903F00103002B09D07B695B0A03F016
:10EFA0000103002B03D0786800F0FEFF56E0BB7B26
:10EFB000212B02D0BB7B292B25D1FB69DB0903F078
:10EFC0000103002B0FD07B699B0A03F00103002B88
:10EFD00009D0FB699B0803F00103002B03D178687B
:10EFE00000F0DAFE39E0FB699B0803F00103002B17
:10EFF00033D07B695B0A03F00103002B2DD07868C6
:10F0000000F007FF29E0FB699B0903F00103002BD7
:10F010000FD07B699B0A03F00103002B09D0FB6929
:10F020009B0803F00103002B03D1786800F012FF66
:10F0300014E0FB699B0803F00103002B0ED07B69F1
:10F040005B0A03F00103002B08D0786800F040FF52
:10F0500004E000BF02E000BF00E000BF2037BD4673
:10F0600080BD80B58AB000AF78607B681B685B6943
:10F070003B627B681B685B68FB6100237B627B688B
:10F0800093F83E30FB763B6A1B0A03F00103002B2A
:10F090000ED0FB691B0A03F00103002B08D07B6A2A
:10F0A00043F001037B627B681B686FF480725A61D6
:10F0B0003B6A5B0A03F00103002B0ED0FB691B0ABD
:10F0C00003F00103002B08D07B6A43F002037B624C
:10F0D0007B681B686FF400725A613B6A9B0A03F0FD
:10F0E0000103002B3FD0FB691B0A03F00103002B37
:10F0F00039D0FB7EBB767B685B8D9BB27B617B6886
:10F1000093F83D30FB747B681B6BFB60BB7E202B50
:10F1100012D17B69002B0FD1FB7C212B08D0FB7C0B
:10F12000292B05D0FB7C282B06D1FB68212B03D192
:10F13000786801F069F816E07B681B686FF48062FC
:10F140005A617B6A43F004037B62FB7E102B02D082
:10F15000FB7E402B07D17B681B681A687B681B68A5
:10F1600042F400721A603B6ADB0A03F00103002BD1
:10F170000ED0FB691B0A03F00103002B08D07B6A49
:10F1800043F008037B627B681B686FF400625A617E
:10F190007B6A002B08D07B681A6C7B6A1A437B68F9
:10F1A0001A64786801F0A0F800BF2837BD4680BD1A
:10F1B00080B483B000AF786000BF0C37BD465DF807
:10F1C000047B704780B483B000AF786000BF0C3719
:10F1D000BD465DF8047B704780B483B000AF7860B3
:10F1E00000BF0C37BD465DF8047B704780B483B028
:10F1F00000AF786000BF0C37BD465DF8047B7047F8
:10F2000080B483B000AF78600B46FB7013463B8040
:10F2100000BF0C37BD465DF8047B704780B483B0F7
:10F2200000AF786000BF0C37BD465DF8047B7047C7
:10F2300080B483B000AF786000BF0C37BD465DF886
:10F24000047B704780B483B000AF786000BF0C3798
:10F25000BD465DF8047B704780B483B000AF786032
:10F2600000BF0C37BD465DF8047B704780B483B0A7
:10F2700000AF786000BF0C37BD465DF8047B704777
:10F2800080B584B000AF78607B6893F83D30FB7345
:10F290007B6893F83E30BB737B68DB6ABB607B683E
:10F2A0001B8D002B50D1FB7B212B4DD1BB68082B34
:10F2B0001DD0BB68202B1AD0BB6813F5803F16D039
:10F2C0007B681B685A687B681B6822F4E0625A609E
:10F2D0007B6811221A637B68002283F83E207B68DA
:10F2E000202283F83D207868FFF762FF60E07B68AA
:10F2F0001B685A687B681B6822F4E0625A607B686E
:10F300001B681A687B681B6842F400721A607B688D
:10F3100000221A637B68202283F83D207B6893F8E3
:10F320003E30DBB2402B07D17B68002283F83E20C1
:10F330007868FFF77DFF3BE07B68002283F83E2082
:10F340007868FFF735FF33E0FB7B212B05D0BB7BD3
:10F35000402B2DD1FB7B222B2AD17B685B8D9BB26E
:10F36000002B08D17B681B685A687B681B6822F4F5
:10F3700080625A601CE07B6893F83E30DBB2402B21
:10F3800003D1786800F08EF812E07B685B6A1A7827
:10F390007B681B681A617B685B6A5A1C7B685A62CF
:10F3A0007B685B8D9BB2013B9AB27B685A85FFE715
:10F3B00000BF1037BD4680BD80B584B000AF786017
:10F3C0007B68DB6AFB607B6893F83D30DBB2212B06
:10F3D00064D17B685B8D9BB2002B12D07B685B6A2B
:10F3E0001A787B681B681A617B685B6A5A1C7B68A9
:10F3F0005A627B685B8D9BB2013B9AB27B685A85EF
:10F400004CE0FB68082B1DD0FB68202B1AD0FB6852
:10F4100013F5803F16D07B681B685A687B681B68B1
:10F4200022F4E0625A607B6811221A637B68002232
:10F4300083F83E207B68202283F83D207868FFF720
:10F44000B7FE2BE07B681B685A687B681B6822F458
:10F45000E0625A607B681B681A687B681B6842F42C
:10F4600000721A607B6800221A637B68202283F88E
:10F470003D207B6893F83E30DBB2402B07D17B68A0
:10F48000002283F83E207868FFF7D2FE06E07B6812
:10F49000002283F83E207868FFF78AFE00BF10370D
:10F4A000BD4680BD80B584B000AF78607B6893F8BE
:10F4B0003D30FB737B681B6D002B1DD17B68DB6CC3
:10F4C000012B0BD17B689B6CDAB27B681B681A61DD
:10F4D0007B681B6D9A1C7B681A6573E07B689B6C6C
:10F4E0009BB21B12DAB27B681B681A617B681B6DCA
:10F4F0005A1C7B681A6565E07B681B6D012B0BD17C
:10F500007B689B6CDAB27B681B681A617B681B6D39
:10F510005A1C7B681A6555E07B681B6D022B51D124
:10F52000FB7B222B0DD17B681B681A687B681B68EC
:10F5300042F480721A607B681B6D5A1C7B681A65E6
:10F5400040E07B685B8D9BB2002B15D0FB7B212BB1
:10F5500012D17B685B6A1A787B681B681A617B68CA
:10F560005B6A5A1C7B685A627B685B8D9BB2013B6D
:10F570009AB27B685A8525E07B685B8D9BB2002B35
:10F5800020D1FB7B212B1DD17B681B685A687B68CF
:10F590001B6822F4E0625A607B681B681A687B680B
:10F5A0001B6842F400721A607B6800221A637B6851
:10F5B000202283F83D207B68002283F83E20786873
:10F5C000FFF736FE00BF1037BD4680BD80B584B062
:10F5D00000AF78607B6893F83D30DBB2222B40F0BF
:10F5E000AC807B685B8D9BB2FB60FB68032B21D9F1
:10F5F0007B681B681A697B685B6AD2B21A707B6889
:10F600005B6A5A1C7B685A627B685B8D9BB2013BCC
:10F610009AB27B685A857B685B8D9BB2032B40F066
:10F620008C807B681B685A687B681B6822F4806248
:10F630005A6082E07B68DB6A022B75D0FB68012B85
:10F6400002D0FB68002B6FD1786801F027F80346E1
:10F65000002B42D17B681B681A687B681B6822F408
:10F6600080621A607B681B685A687B681B6822F49A
:10F67000E0625A607B681B681A697B685B6AD2B279
:10F680001A707B685B6A5A1C7B685A627B685B8D68
:10F690009BB2013B9AB27B685A857B68202283F833
:10F6A0003D207B6893F83E30DBB2402B0AD17B686B
:10F6B000002283F83E207B6800221A637868FFF7F7
:10F6C000C1FD3AE07B68002283F83E207B6812226D
:10F6D0001A637868FFF776FD2FE07B681B685A682D
:10F6E0007B681B6822F4E0625A607B681B681A69B9
:10F6F0007B685B6AD2B21A707B685B6A5A1C7B6853
:10F700005A627B685B8D9BB2013B9AB27B685A85DB
:10F710007B68202283F83D207B68002283F83E200E
:10F720007868FFF799FD08E07B681B685A687B687A
:10F730001B6822F480625A60FFE700BF1037BD46A5
:10F7400080BD80B584B000AF78607B68DB6AFB6009
:10F750007B685B8D9BB2042B1BD17B681B685A684E
:10F760007B681B6822F480625A607B681B681A6998
:10F770007B685B6AD2B21A707B685B6A5A1C7B68D2
:10F780005A627B685B8D9BB2013B9AB27B685A855B
:10F79000BDE07B685B8D9BB2032B29D17B681B6826
:10F7A0005A687B681B6822F480625A60FB68042BED
:10F7B0000AD0FB68022B07D07B681B681A687B683D
:10F7C0001B6822F480621A607B681B681A697B6878
:10F7D0005B6AD2B21A707B685B6A5A1C7B685A6299
:10F7E0007B685B8D9BB2013B9AB27B685A858EE049
:10F7F0007B685B8D9BB2022B76D1FB68012B02D01C
:10F80000FB68102B08D17B681B681A687B681B6833
:10F8100022F480621A6019E0FB68042B02D0FB68B6
:10F82000022B08D17B681B681A687B681B6842F44E
:10F8300080621A600AE0FB68102B07D07B681B68A7
:10F840001A687B681B6842F400721A607B681B6848
:10F850001A697B685B6AD2B21A707B685B6A5A1C51
:10F860007B685A627B685B8D9BB2013B9AB27B6876
:10F870005A857B681B681A697B685B6AD2B21A700A
:10F880007B685B6A5A1C7B685A627B685B8D9BB2A3
:10F89000013B9AB27B685A857B681B685A687B6813
:10F8A0001B6822F440725A607B68202283F83D2056
:10F8B0007B6893F83E30DBB2402B0AD17B68002294
:10F8C00083F83E207B6800221A637868FFF7BAFC51
:10F8D0001DE07B68002283F83E207B6812221A63B9
:10F8E0007868FFF76FFC12E07B681B681A697B6819
:10F8F0005B6AD2B21A707B685B6A5A1C7B685A6278
:10F900007B685B8D9BB2013B9AB27B685A8500BFD6
:10F910001037BD4680BD80B483B000AF78607B688F
:10F9200093F83E30DBB2402B17D17B681B6D002B68
:10F9300009D17B685B6CDBB21A467B681B6802F0FE
:10F94000FE021A6167E07B685B6CDBB243F0010387
:10F95000DAB27B681B681A615DE07B681B69B3F5EE
:10F96000804F33D17B6893F83D30DBB2212B09D136
:10F970007B685B6CDBB21A467B681B6802F0FE0298
:10F980001A6108E07B685B6CDBB243F00103DAB21A
:10F990007B681B681A617B685B6B002B04D07B68FB
:10F9A0005B6BDB6B002B08D17B689B6B002B32D031
:10F9B0007B689B6BDB6B002B2DD07B681B685A68C8
:10F9C0007B681B6842F400625A6024E07B681B6D10
:10F9D000002B0ED17B685B6C9BB2DB11DBB203F0BA
:10F9E0000603DBB263F00F03DAB27B681B681A61AF
:10F9F00011E07B681B6D012B0DD17B685B6C9BB2AA
:10FA0000DB11DBB203F00603DBB263F00E03DAB204
:10FA10007B681B681A6100BF0C37BD465DF8047B2C
:10FA2000704780B483B000AF78607B685B6CDAB2FB
:10FA30007B681B681A617B685B6B002B04D07B685A
:10FA40005B6BDB6B002B08D17B689B6B002B0CD0B6
:10FA50007B689B6BDB6B002B07D07B681B685A684D
:10FA60007B681B6842F400625A6000BF0C37BD46D9
:10FA70005DF8047B704780B491B000AF78607B681C
:10FA800093F83E3087F83F307B68DB6ABB637B6866
:10FA90001B6B7B637B6893F83D30DBB2222B40F01D
:10FAA00069817B681B6D002B0FD197F83F30402B8D
:10FAB0000BD100233B637B681B685B693B637B68FE
:10FAC0001B689B693B633B6B60E17B681B6D002B94
:10FAD0001DD17B681B69B3F5404F18D10023FB6231
:10FAE0007B681B685B69FB627B681B689B69FB62C8
:10FAF000FB6A7B681B681A687B681B6842F480722B
:10FB00001A607B681B6D5A1C7B681A653EE17B6836
:10FB10005B8D9BB2002B13D10023BB627B681B68FB
:10FB20005B69BB627B681B689B69BB62BB6A7B6865
:10FB30001B681A687B681B6842F400721A6015E142
:10FB40007B685B8D9BB2012B40F08A80BB6B13F509
:10FB5000803F37D17B681B681A687B681B6822F47A
:10FB600080621A607B681B685B6803F40063B3F50E
:10FB7000006F13D17B681B681A687B681B6822F4CE
:10FB800080621A6000237B627B681B685B697B6212
:10FB90007B681B689B697B627B6AE7E000233B62B2
:10FBA0007B681B685B693B627B681B689B693B6287
:10FBB0003B6A7B681B681A687B681B6842F40072AA
:10FBC0001A60D3E0BB6B082B2ED0BB6B202B2BD045
:10FBD0007B6B122B02D1BB6B012B25D1BB6B042B92
:10FBE0000ED0BB6B022B0BD0BB6B102B08D07B68ED
:10FBF0001B681A687B681B6822F480621A6007E041
:10FC00007B681B681A687B681B6842F480621A6014
:10FC10000023FB617B681B685B69FB617B681B6879
:10FC20009B69FB61FB69A1E07B681B681A687B68C4
:10FC30001B6822F480621A600023BB617B681B682A
:10FC40005B69BB617B681B689B69BB61BB697B6847
:10FC50001B681A687B681B6842F400721A6085E0B2
:10FC60007B685B8D9BB2022B4DD1BB6B042B16D0F6
:10FC7000BB6B022B13D0BB6B102B10D07B681B68A7
:10FC80001A687B681B6822F480621A607B681B68B4
:10FC90001A687B681B6842F400621A6007E07B68A0
:10FCA0001B681A687B681B6842F480621A607B6874
:10FCB0001B685B6803F40063B3F5006F17D1BB6B7F
:10FCC00013F5803F0BD0BB6B012B08D0BB6B082B0F
:10FCD00005D0BB6B102B02D0BB6B202B07D17B68F0
:10FCE0001B685A687B681B6842F480525A60002384
:10FCF0007B617B681B685B697B617B681B689B69B8
:10FD00007B617B6932E07B681B681A687B681B68D3
:10FD100042F480621A607B681B685B6803F40063CE
:10FD2000B3F5006F17D1BB6B13F5803F0BD0BB6BE6
:10FD3000012B08D0BB6B082B05D0BB6B102B02D05E
:10FD4000BB6B202B07D17B681B685A687B681B68DC
:10FD500042F480525A6000233B617B681B685B69F8
:10FD60003B617B681B689B693B613B697B68002248
:10FD70001A650BE00023FB607B681B685B69FB6016
:10FD80007B681B689B69FB60FB68FFE700BF44372B
:10FD9000BD465DF8047B704780B584B000AF7860E5
:10FDA0007B6893F83D30FB737B685B8D9BB2002BC7
:10FDB0002BD07B685B6A1A787B681B681A617B684A
:10FDC0005B6A5A1C7B685A627B685B8D9BB2013B05
:10FDD0009AB27B685A857B685B8D9BB2002B14D1ED
:10FDE000FB7B292B11D17B681B685A687B681B68D9
:10FDF00022F480625A607B6821221A637B68282281
:10FE000083F83D207868FFF7E7F900BF1037BD465B
:10FE100080BD80B483B000AF78607B685B8D9BB29F
:10FE2000002B11D07B685B6A1A787B681B681A61AB
:10FE30007B685B6A5A1C7B685A627B685B8D9BB2ED
:10FE4000013B9AB27B685A8500BF0C37BD465DF80E
:10FE5000047B704780B584B000AF78607B6893F80E
:10FE60003D30FB737B685B8D9BB2002B2CD07B6895
:10FE70001B681A697B685B6AD2B21A707B685B6A1E
:10FE80005A1C7B685A627B685B8D9BB2013B9AB2BD
:10FE90007B685A857B685B8D9BB2002B14D1FB7B02
:10FEA0002A2B11D17B681B685A687B681B6822F477
:10FEB00080625A607B6822221A637B68282283F85A
:10FEC0003D207868FFF792F900BF1037BD4680BD2E
:10FED00080B483B000AF78607B685B8D9BB2002BF1
:10FEE00012D07B681B681A697B685B6AD2B21A7091
:10FEF0007B685B6A5A1C7B685A627B685B8D9BB22D
:10FF0000013B9AB27B685A8500BF0C37BD465DF84D
:10FF1000047B704780B584B000AF786039600023FF
:10FF2000FB737B6893F83D30DBB203F02803282B8A
:10FF300027D17B681B685A687B681B6822F4806243
:10FF40005A603B689B0803F00103002B01D1012399
:10FF5000FB733B68DB0903F00103002B03D17B68D3
:10FF6000DB68BB8102E07B689B69BB817B68002208
:10FF700083F83C20BA89FB7B19467868FFF740F983
:10FF80000EE00023BB607B681B685B69BB607B681D
:10FF90001B689B69BB60BB687B68002283F83C20C0
:10FFA00000BF1037BD4680BD80B584B000AF78601B
:10FFB0007B6893F83D30FB737B681B685A687B68ED
:10FFC0001B6822F4E0625A600023BB607B681B68F8
:10FFD0005B69BB607B681B681A687B681B6842F0C2
:10FFE00001021A60BB687B681B681A687B681B6823
:10FFF00022F480621A607B681B685B6803F400630C
:020000040801F1
:10000000B3F5006F72D1FB7B222B02D0FB7B2A2B36
:1000100035D17B689B6B1B685B689AB27B685A859D
:100020007B685B8D9BB2002B05D07B681B6C43F01B
:1000300004027B681A647B681B685A687B681B68CB
:1000400022F400625A607B689B6B1846FEF7ACFA9C
:100050000346012B49D07B689B6B694A1A657B6814
:100060009B6B1846FEF7F4F80346002B3DD07B68E7
:100070009B6B1B6D7A68926B1046984735E07B68E6
:100080005B6B1B685B689AB27B685A857B685B8D8B
:100090009BB2002B05D07B681B6C43F004027B688D
:1000A0001A647B681B685A687B681B6822F40062CC
:1000B0005A607B685B6B1846FEF776FA0346012BA5
:1000C00014D07B685B6B4E4A1A657B685B6B184685
:1000D000FEF7BEF80346002B08D07B685B6B1B6DF8
:1000E0007A68526B1046984700E000BF7B685B8DD2
:1000F0009BB2002B3ED07B681B685B6903F0040356
:10010000042B12D17B681B681A697B685B6AD2B2C8
:100110001A707B685B6A5A1C7B685A627B685B8DCD
:100120009BB2013B9AB27B685A857B681B685B690E
:1001300003F04003402B12D17B681B681A697B686F
:100140005B6AD2B21A707B685B6A5A1C7B685A621F
:100150007B685B8D9BB2013B9AB27B685A857B685A
:100160005B8D9BB2002B05D07B681B6C43F00402B7
:100170007B681A647B681B6C002B03D0786800F0E6
:10018000B3F839E0FB7B2A2B09D17B6800221A6384
:100190007B68282283F83D207868FFF727F87B6882
:1001A00093F83D30DBB2282B11D17B68154ADA6217
:1001B0007B6800221A637B68202283F83D207B68DD
:1001C000002283F83E207868FFF728F814E07B6867
:1001D0001B6B222B02D0FB7B222B0DD17B680022D4
:1001E0001A637B68202283F83D207B68002283F815
:1001F0003E207868FEF7FAFF00BF1037BD4680BD8D
:100200004D0501080000FFFF80B584B000AF7860A5
:100210007B6893F83D30FB737B68DB6ABB60BB682F
:10022000082B02D0BB68202B29D1FB7B282B26D1A1
:100230007B682C4ADA627B681B685A687B681B689B
:1002400022F4E0625A607B681B686FF480625A6136
:100250007B681B681A687B681B6822F480621A60DE
:100260007B6800221A637B68202283F83D207B682C
:10027000002283F83E207868FEF7D0FF2EE0FB7B5B
:10028000212B26D17B68174ADA627B6821221A6308
:100290007B68202283F83D207B68002283F83E2083
:1002A0007B681B685A687B681B6822F4E0625A60AE
:1002B0007B681B686FF480625A617B681B681A68F0
:1002C0007B681B6822F480621A607868FEF784FFFE
:1002D00004E07B681B686FF480625A6100BF1037CE
:1002E000BD4680BD0000FFFF80B584B000AF7860E0
:1002F0007B6893F83D30FB737B6893F83E30BB73AB
:10030000BB7B102B02D0BB7B402B0AD1FB7B222B6B
:1003100007D17B681B681A687B681B6822F400623F
:100320001A60FB7B03F02803282B07D17B6800228F
:100330001A637B68282283F83D2015E07B681B68E0
:100340005B6803F40063B3F5006F0AD0FB7B602B9E
:1003500007D07B68202283F83D207B68002283F849
:100360003E207B6800221A637B681B685B6803F48D
:100370000063B3F5006F62D17B681B685A687B68C5
:100380001B6822F400625A607B685B6B93F835301F
:10039000DBB2012B20D07B685B6B6A4A1A657B68F5
:1003A0005B6B1846FDF754FF0346002B00F0898075
:1003B0007B681B681A687B681B6822F001021A6060
:1003C0007B68202283F83D207B685B6B1B6D7A681D
:1003D000526B1046984774E07B689B6B594A1A65CC
:1003E0007B689B6B1846FDF733FF0346002B68D0F4
:1003F0007B681B685B6903F04003402B0BD17B6873
:100400001B681A697B685B6AD2B21A707B685B6A88
:100410005A1C7B685A627B681B681A687B681B6879
:1004200022F001021A607B68202283F83D207B685D
:100430009B6B1B6D7A68926B1046984741E07B6816
:1004400093F83D30DBB2602B25D17B68202283F806
:100450003D207B6800221A647B681B685B6903F09F
:100460004003402B0BD17B681B681A697B685B6A71
:10047000D2B21A707B685B6A5A1C7B685A627B68CE
:100480001B681A687B681B6822F001021A60786892
:10049000FEF7ECFE15E07B681B685B6903F0400328
:1004A000402B0BD17B681B681A697B685B6AD2B2F0
:1004B0001A707B685B6A5A1C7B685A627868FEF720
:1004C000CBFE7B681B6CBB60BB6803F00103002B99
:1004D0000ED1BB6803F00203002B09D1BB6803F007
:1004E0000403002B04D1BB6803F00803002B07D0E2
:1004F0007B681B685A687B681B6822F4E0625A605C
:100500007B6893F83D30FB737B681B6C03F004033E
:10051000042B13D1FB7B282B10D17B680A4ADA62AB
:100520007B6800221A637B68202283F83D207B6869
:10053000002283F83E207868FEF770FE00BF103777
:10054000BD4680BD4D0501080000FFFF80B586B0A7
:1005500000AF78600023FB607B689B6B7B617B69ED
:1005600093F83D30FB744B4B1B68DB084A4AA2FBF7
:1005700003231A0A13469B001344DA00D31AFB60C4
:10058000FB68002B06D17B691B6C43F020027B6962
:100590001A640AE0FB68013BFB607B691B681B680F
:1005A00003F40073B3F5007FEAD07B695B6B002B2B
:1005B00003D07B695B6B0022DA637B699B6B002B4A
:1005C00003D07B699B6B0022DA637B691B681A6826
:1005D0007B691B6822F480621A607B6900225A855D
:1005E0007B695B6B002B03D07B695B6B00221A6518
:1005F0007B699B6B002B03D07B699B6B00221A6588
:100600007B691B681A687B691B6822F001021A600B
:100610007B6993F83D30DBB2602B0ED17B692022E1
:1006200083F83D207B69002283F83E207B6900220D
:100630001A647869FEF71AFE27E0FB7C03F02803B2
:10064000282B17D17B691B681A687B691B6842F0ED
:1006500001021A607B691B681A687B691B6842F497
:1006600080621A607B6900221A637B69282283F802
:100670003D2007E07B69202283F83D207B69002232
:1006800083F83E207869FEF7E7FD00BF1837BD46C6
:1006900080BD00BF0000002089B5F81480B485B08B
:1006A00000AF78600023FB60134B1B68DB08134A24
:1006B000A2FB03231A0A13469B001344FB60FB684A
:1006C000013BFB60FB68002B07D17B681B6C43F090
:1006D00020027B681A64012308E07B681B681B68A2
:1006E00003F40073B3F5007FE9D0002318461437F4
:1006F000BD465DF8047B70470000002089B5F81402
:1007000080B483B000AF78607B68DB6AB3F52A0FF2
:1007100003D17B680122DA6207E07B68DB6AB3F110
:100720002A4F02D17B680822DA6200BF0C37BD462F
:100730005DF8047B7047000080B586B000AF78603C
:100740007B68002B01D1012367E27B681B6803F003
:100750000103002B75D0884B9B6803F00C03042B1E
:100760000CD0854B9B6803F00C03082B12D1824BF5
:100770005B6803F48003B3F5800F0BD17E4B1B68DD
:1007800003F40033002B5BD07B685B68002B57D1F0
:10079000012342E27B685B68B3F5803F06D1764B6C
:1007A0001B68754A43F4803313601DE07B685B6807
:1007B000B3F5A02F0CD1704B1B686F4A43F4802314
:1007C00013606D4B1B686C4A43F4803313600BE07D
:1007D000694B1B68684A23F480331360664B1B68BF
:1007E000654A23F4802313607B685B68002B13D079
:1007F000FCF788FF386108E0FCF784FF02463B699C
:10080000D31A642B01D9032307E25B4B1B6803F463
:100810000033002BF0D014E0FCF774FF386108E0DF
:10082000FCF770FF02463B69D31A642B01D90323FE
:10083000F3E1514B1B6803F40033002BF0D100E0CF
:1008400000BF7B681B6803F00203002B63D04A4B98
:100850009B6803F00C03002B0BD0474B9B6803F005
:100860000C03082B1CD1444B5B6803F48003002B62
:1008700016D1414B1B6803F00203002B05D07B68A7
:10088000DB68012B01D00123C7E13B4B1B6823F040
:10089000F8027B681B69DB00374913430B603AE0C1
:1008A0007B68DB68002B20D0344B01221A60FCF7F8
:1008B00029FF386108E0FCF725FF02463B69D31A9F
:1008C000022B01D90323A8E12B4B1B6803F0020381
:1008D000002BF0D0284B1B6823F0F8027B681B69C3
:1008E000DB00254913430B6015E0244B00221A60FE
:1008F000FCF708FF386108E0FCF704FF02463B699B
:10090000D31A022B01D9032387E11B4B1B6803F089
:100910000203002BF0D17B681B6803F00803002B57
:1009200036D07B685B69002B16D0154B01221A600C
:10093000FCF7E8FE386108E0FCF7E4FE02463B699C
:10094000D31A022B01D9032367E10B4B5B6F03F032
:100950000203002BF0D01BE0094B00221A60FCF7C9
:10096000D1FE38610EE0FCF7CDFE02463B69D31A9A
:10097000022B07D9032350E1003802400000474210
:10098000800E4742884B5B6F03F00203002BEAD1D5
:100990007B681B6803F00403002B00F097800023A2
:1009A000FB75814B1B6C03F08053002B0FD1002390
:1009B000BB607D4B1B6C7C4A43F0805313647A4BC5
:1009C0001B6C03F08053BB60BB680123FB75774B46
:1009D0001B6803F48073002B18D1744B1B68734A97
:1009E00043F480731360FCF78DFE386108E0FCF778
:1009F00089FE02463B69D31A022B01D903230CE17D
:100A00006A4B1B6803F48073002BF0D07B689B68F3
:100A1000012B06D1644B1B6F634A43F0010313673C
:100A20001CE07B689B68052B0CD15F4B1B6F5E4AFB
:100A300043F0040313675C4B1B6F5B4A43F00103F5
:100A400013670BE0584B1B6F574A23F001031367E2
:100A5000554B1B6F544A23F0040313677B689B6854
:100A6000002B15D0FCF74EFE38610AE0FCF74AFE79
:100A700002463B69D31A41F28832934201D90323DB
:100A8000CBE0494B1B6F03F00203002BEED014E0C8
:100A9000FCF738FE38610AE0FCF734FE02463B6999
:100AA000D31A41F28832934201D90323B5E03E4B79
:100AB0001B6F03F00203002BEED1FB7D012B05D150
:100AC000394B1B6C384A23F0805313647B689B6955
:100AD000002B00F0A180344B9B6803F00C03082B23
:100AE0005CD07B689B69022B41D1314B00221A609C
:100AF000FCF708FE386108E0FCF704FE02463B699B
:100B0000D31A022B01D9032387E0274B1B6803F07C
:100B10000073002BF0D17B68DA697B681B6A1A438B
:100B20007B685B6A9B011A437B689B6A5B08013B9D
:100B30001B041A437B68DB6A1B061B4913434B608B
:100B40001B4B01221A60FCF7DDFD386108E0FCF761
:100B5000D9FD02463B69D31A022B01D903235CE07D
:100B6000114B1B6803F00073002BF0D054E0104BC6
:100B700000221A60FCF7C6FD386108E0FCF7C2FDF0
:100B800002463B69D31A022B01D9032345E0064BE9
:100B90001B6803F00073002BF0D13DE07B689B697C
:100BA000012B07D1012338E00038024000700040DB
:100BB000600047421B4B5B68FB607B689B69012BB5
:100BC00028D0FB6803F480027B68DB699A4221D15C
:100BD000FB6803F03F027B681B6A9A421AD1FA68ED
:100BE00047F6C07313407A68526A9201934211D15A
:100BF000FB6803F440327B689B6A5B08013B1B0483
:100C00009A4207D1FB6803F070627B68DB6A1B06BF
:100C10009A4201D0012300E0002318461837BD4650
:100C200080BD00BF0038024080B584B000AF78605E
:100C300039607B68002B01D10123CCE0684B1B6835
:100C400003F007033A689A420CD9654B3A68D2B26E
:100C50001A70634B1B6803F007033A689A4201D08D
:100C60000123B8E07B681B6803F00203002B20D04F
:100C70007B681B6803F00403002B05D0594B9B686D
:100C8000584A43F4E05393607B681B6803F0080301
:100C9000002B05D0534B9B68524A43F4604393604A
:100CA000504B9B6823F0F0027B689B684D491343CF
:100CB0008B607B681B6803F00103002B44D07B68CA
:100CC0005B68012B07D1474B1B6803F40033002BF3
:100CD00019D101237FE07B685B68022B03D07B681E
:100CE0005B68032B07D13F4B1B6803F00073002B9D
:100CF00009D101236FE03B4B1B6803F00203002B7B
:100D000001D1012367E0374B9B6823F003027B6826
:100D10005B68344913438B60FCF7F4FCF8600AE02D
:100D2000FCF7F0FC0246FB68D31A41F2883293428A
:100D300001D903234FE02B4B9B6803F00C027B6827
:100D40005B689B009A42EBD1254B1B6803F00703BD
:100D50003A689A420CD2224B3A68D2B21A70204BAF
:100D60001B6803F007033A689A4201D0012332E07E
:100D70007B681B6803F00403002B08D0194B9B68A9
:100D800023F4E0527B68DB68164913438B607B6871
:100D90001B6803F00803002B09D0124B9B6823F457
:100DA00060427B681B69DB000E4913438B6000F0D7
:100DB00021F802460B4B9B681B0903F00F030A49FD
:100DC000CB5C22FA03F3094A1360094B1B681846EF
:100DD000FCF7D2FA002318461037BD4680BD00BF8D
:100DE000003C024000380240D4C10108000000204D
:100DF000040000202DE9B04F94B000AF00237B64C5
:100E00000023FB6400233B640023BB64794B9B6895
:100E100003F00C03082B0DD0082B00F2E180002B0F
:100E200002D0042B03D0DBE0734BBB64DBE0734BDD
:100E3000BB64D8E06F4B5B6803F03F037B646D4B92
:100E40005B6803F48003002B63D06A4B5B689B09EB
:100E50000022BB63FA63BB6BC3F308033B6300234D
:100E60007B63D7E90C4522462B464FF000004FF03C
:100E70000001590141EAD261500102460B46214668
:100E8000511A3961294663EB01037B614FF000027F
:100E90004FF00003D7E904AB59468B01514643EAB2
:100EA000916351468A015146B2EB0108594663EB02
:100EB00001094FF000024FF000034FEAC90343EA73
:100EC00058734FEAC80290469946234618EB03032D
:100ED000BB602B4649EB0303FB604FF000024FF071
:100EE0000003D7E9024529464B02214643EAD15384
:100EF00021464A02104619467B6C0022BB62FA6208
:100F0000D7E90A23EFF7EEFF02460B461346FB64D0
:100F100058E0384B5B689B09002218461146C0F325
:100F200008033B6200237B62D7E9088942464B46AF
:100F30004FF000004FF00001590141EAD261500129
:100F400002460B464146B2EB010A494663EB010BF0
:100F50004FF000024FF000034FEA8B1343EA9A630D
:100F60004FEA8A12B2EB0A0463EB0B054FF0000262
:100F70004FF00003EB0043EA5473E20014461D46B1
:100F80004346E3183B604B4645EB03037B604FF061
:100F900000024FF00003D7E9004529468B022146A5
:100FA00043EA915321468A02104619467B6C00227F
:100FB000BB61FA61D7E90623EFF794FF02460B46BF
:100FC0001346FB640B4B5B681B0C03F003030133FC
:100FD0005B003B64FA6C3B6CB2FBF3F3BB6402E076
:100FE000054BBB6400BFBB6C18465037BD46BDE81F
:100FF000B08F00BF003802400024F40000127A00D5
:1010000080B400AF034B1B681846BD465DF8047BF7
:10101000704700BF0000002080B500AFFFF7F0FF71
:101020000246054B9B689B0A03F007030349CB5C10
:1010300022FA03F3184680BD00380240E4C10108DB
:1010400080B500AFFFF7DCFF0246054B9B685B0BEA
:1010500003F007030349CB5C22FA03F3184680BD73
:1010600000380240E4C1010880B483B000AF78606A
:1010700039607B680F221A60124B9B6803F00302F1
:101080007B685A600F4B9B6803F0F0027B689A60A4
:101090000C4B9B6803F4E0527B68DA60094B9B6859
:1010A000DB0803F4E0527B681A61074B1B6803F00E
:1010B00007023B681A6000BF0C37BD465DF8047B31
:1010C000704700BF00380240003C024080B582B04B
:1010D00000AF78607B68002B01D101237BE07B6847
:1010E0005B6A002B08D17B685B68B3F5827F09D00F
:1010F0007B680022DA6105E07B6800221A617B6868
:1011000000225A617B6800229A627B6893F8513012
:10111000DBB2002B06D17B68002283F85020786870
:10112000FBF79AFE7B68022283F851207B681B68DC
:101130001A687B681B6822F040021A607B685B6853
:1011400003F482727B689B6803F404431A437B6850
:10115000DB6803F400631A437B681B6903F0020336
:101160001A437B685B6903F001031A437B689B6940
:1011700003F400731A437B68DB6903F038031A43F6
:101180007B681B6A03F0800342EA03017B689B6A69
:1011900003F400527B681B680A431A607B689B69F2
:1011A0001B0C03F004017B685B6A03F010027B6890
:1011B0001B680A435A607B681B68DA697B681B6896
:1011C00022F40062DA617B6800225A657B680122A2
:1011D00083F85120002318460837BD4680BD80B5EE
:1011E00088B000AFF860B9603B601346FB80002315
:1011F000FB77FB6893F85030012B01D1022326E1E5
:10120000FB68012283F85020FCF77CFAB861FB8868
:10121000FB82FB6893F85130DBB2012B02D0022332
:10122000FB770BE1BB68002B02D0FB88002B02D1BF
:101230000123FB7702E1FB68032283F85120FB685E
:1012400000225A65FB68BA681A63FB68FA889A86B6
:10125000FB68FA88DA86FB6800229A63FB68002242
:101260009A87FB680022DA87FB6800225A64FB68D1
:1012700000221A64FB689B68B3F5004F0FD1FB682E
:101280001B681A68FB681B6822F040021A60FB6842
:101290001B681A68FB681B6842F480421A60FB688E
:1012A0001B681B6803F04003402B07D0FB681B68DA
:1012B0001A68FB681B6842F040021A60FB68DB6832
:1012C000B3F5006F4BD1FB685B68002B02D0FB8A43
:1012D000012B3ED1FB681B6B1A88FB681B68DA6028
:1012E000FB681B6B9A1CFB681A63FB68DB8E9BB266
:1012F000013B9AB2FB68DA862BE0FB681B689B68AF
:1013000003F00203022B12D1FB681B6B1A88FB68E7
:101310001B68DA60FB681B6B9A1CFB681A63FB682E
:10132000DB8E9BB2013B9AB2FB68DA8611E0FCF7D8
:10133000E9F90246BB69D31A3A689A4203D83B6876
:10134000B3F1FF3F02D13B68002B02D10323FB77AF
:1013500074E0FB68DB8E9BB2002BCED14CE0FB68C7
:101360005B68002B02D0FB8A012B40D1FB681A6B13
:10137000FB681B680C3312781A70FB681B6B5A1CD5
:10138000FB681A63FB68DB8E9BB2013B9AB2FB6879
:10139000DA862CE0FB681B689B6803F00203022BD3
:1013A00013D1FB681A6BFB681B680C3312781A7038
:1013B000FB681B6B5A1CFB681A63FB68DB8E9BB2D5
:1013C000013B9AB2FB68DA8611E0FCF79BF9024612
:1013D000BB69D31A3A689A4203D83B68B3F1FF3F1E
:1013E00002D13B68002B02D10323FB7726E0FB6888
:1013F000DB8E9BB2002BCDD1BA693968F86800F05A
:10140000CBFB0346002B02D0FB6820225A65FB6809
:101410009B68002B0AD100233B61FB681B68DB68DB
:101420003B61FB681B689B683B613B69FB685B6DCC
:10143000002B02D00123FB7700E000BFFB680122F4
:1014400083F85120FB68002283F85020FB7F184668
:101450002037BD4680BD80B588B002AFF860B96066
:101460003B601346FB800023FB75FB685B68B3F5AC
:10147000827F12D1FB689B68002B0ED1FB6804228F
:1014800083F85120FA883B6800931346BA68B9681C
:10149000F86800F0F1F80346EAE0FB6893F8503092
:1014A000012B01D10223E3E0FB68012283F85020E5
:1014B000FCF728F93861FB6893F85130DBB2012B57
:1014C00002D00223FB75CAE0BB68002B02D0FB8868
:1014D000002B02D10123FB75C1E0FB68042283F8D5
:1014E0005120FB6800225A65FB68BA689A63FB6862
:1014F000FA889A87FB68FA88DA87FB6800221A6301
:10150000FB6800229A86FB680022DA86FB680022CC
:101510001A64FB6800225A64FB689B68B3F5004FAD
:101520000FD1FB681B681A68FB681B6822F0400239
:101530001A60FB681B681A68FB681B6822F480420B
:101540001A60FB681B681B6803F04003402B07D040
:10155000FB681B681A68FB681B6842F040021A604F
:10156000FB68DB68002B62D12EE0FB681B689B6880
:1015700003F00103012B15D1FB681B6803F10C027A
:10158000FB689B6B1278D2B21A70FB689B6B5A1C7B
:10159000FB689A63FB68DB8F9BB2013B9AB2FB68E6
:1015A000DA8711E0FCF7AEF802463B69D31A3A68D5
:1015B0009A4203D83B68B3F1FF3F02D13B68002B4E
:1015C00002D10323FB754AE0FB68DB8F9BB2002B43
:1015D000CBD131E0FB681B689B6803F00103012B52
:1015E00013D1FB681B68DA68FB689B6B92B21A80A8
:1015F000FB689B6B9A1CFB689A63FB68DB8F9BB252
:10160000013B9AB2FB68DA8711E0FCF77BF80246EF
:101610003B69D31A3A689A4203D83B68B3F1FF3F5B
:1016200002D13B68002B02D10323FB7517E0FB6856
:10163000DB8F9BB2002BCDD13A693968F86800F096
:1016400045FA0346002B02D0FB6820225A65FB684E
:101650005B6D002B02D00123FB7500E000BFFB682F
:10166000012283F85120FB68002283F85020FB7D83
:1016700018461837BD4680BD80B58CB000AFF86005
:10168000B9607A607B800123FB62002387F82B30EE
:10169000FB6893F85030012B01D102238AE1FB68EB
:1016A000012283F85020FCF72DF87862FB6893F84C
:1016B000513087F82330FB685B68FB617B887B8354
:1016C00097F82330012B0FD0FB69B3F5827F07D148
:1016D000FB689B68002B03D197F82330042B03D0C1
:1016E000022387F82B305BE1BB68002B05D07B68B9
:1016F000002B02D07B88002B03D1012387F82B30ED
:101700004EE1FB6893F85130DBB2042B03D0FB6849
:10171000052283F85120FB6800225A65FB687A682D
:101720009A63FB687A88DA87FB687A889A87FB680D
:10173000BA681A63FB687A88DA86FB687A889A86C0
:10174000FB6800221A64FB6800225A64FB681B686D
:101750001B6803F04003402B07D0FB681B681A6826
:10176000FB681B6842F040021A60FB68DB68B3F557
:10177000006F78D1FB685B68002B02D07B8B012B5C
:1017800066D1FB681B6B1A88FB681B68DA60FB6814
:101790001B6B9A1CFB681A63FB68DB8E9BB2013BD8
:1017A0009AB2FB68DA8653E0FB681B689B6803F01B
:1017B0000203022B1BD1FB68DB8E9BB2002B16D0E1
:1017C000FB6A012B13D1FB681B6B1A88FB681B6833
:1017D000DA60FB681B6B9A1CFB681A63FB68DB8E84
:1017E0009BB2013B9AB2FB68DA860023FB62FB687E
:1017F0001B689B6803F00103012B19D1FB68DB8F89
:101800009BB2002B14D0FB681B68DA68FB689B6BEB
:1018100092B21A80FB689B6B9A1CFB689A63FB6808
:10182000DB8F9BB2013B9AB2FB68DA870123FB6234
:10183000FBF768FF02467B6AD31ABA6B9A4207D855
:10184000BB6BB3F1FF3F03D0032387F82B30A7E036
:10185000FB68DB8E9BB2002BA6D1FB68DB8F9BB2B3
:10186000002BA1D17CE0FB685B68002B02D07B8B56
:10187000012B6BD1FB681A6BFB681B680C33127869
:101880001A70FB681B6B5A1CFB681A63FB68DB8EC3
:101890009BB2013B9AB2FB68DA8657E0FB681B6893
:1018A0009B6803F00203022B1CD1FB68DB8E9BB20A
:1018B000002B17D0FB6A012B14D1FB681A6BFB6855
:1018C0001B680C3312781A70FB681B6B5A1CFB6880
:1018D0001A63FB68DB8E9BB2013B9AB2FB68DA8627
:1018E0000023FB62FB681B689B6803F00103012B6C
:1018F00019D1FB68DB8F9BB2002B14D0FB681B68EF
:10190000DA68FB689B6BD2B21A70FB689B6B5A1C3F
:10191000FB689A63FB68DB8F9BB2013B9AB2FB6862
:10192000DA870123FB62FBF7EDFE02467B6AD31ADE
:10193000BA6B9A4203D8BB6BB3F1FF3F02D1BB6BCA
:10194000002B03D1032387F82B3029E0FB68DB8EC3
:101950009BB2002BA2D1FB68DB8F9BB2002B9DD1E9
:101960007A6AB96BF86800F017F90346002B06D0C5
:10197000012387F82B30FB6820225A6510E0FB68B2
:101980009B68002B0BD100237B61FB681B68DB6825
:101990007B61FB681B689B687B617B6900E000BF23
:1019A000FB68012283F85120FB68002283F8502055
:1019B00097F82B3018463037BD4680BD80B588B0CB
:1019C00000AFF860B9603B601346FB71FBF79AFE0D
:1019D0000246BB6A9B1A3A681344FB61FBF792FE0E
:1019E000B861394B1B685B011B0DFA6902FB03F3FD
:1019F0007B6154E03B68B3F1FF3F50D0FBF782FEC0
:101A00000246BB69D31AFA699A4202D9FB69002BD4
:101A10003DD1FB681B685A68FB681B6822F0E00236
:101A20005A60FB685B68B3F5827F11D1FB689B68E5
:101A3000B3F5004F04D0FB689B68B3F5806F07D106
:101A4000FB681B681A68FB681B6822F040021A607A
:101A5000FB689B6AB3F5005F0FD1FB681B681A68CF
:101A6000FB681B6822F400521A60FB681B681A6846
:101A7000FB681B6842F400521A60FB68012283F87D
:101A80005120FB68002283F85020032317E07B6974
:101A9000002B01D10023FB617B69013B7B61FB686B
:101AA0001B689A68BB681340BA689A420CBF01234E
:101AB0000023DBB21A46FB799A429BD100231846D9
:101AC0002037BD4680BD00BF0000002080B586B035
:101AD00002AFF860B9607A60FB685B68B3F5827F3B
:101AE00011D1FB689B68B3F5004F04D0FB689B687D
:101AF000B3F5806F07D1FB681B681A68FB681B6829
:101B000022F040021A60FB685B68B3F5827F2AD13D
:101B1000FB689B68B3F5806F12D07B680093BB684D
:101B200000228021F868FFF749FF0346002B2DD0E3
:101B3000FB685B6D43F02002FB685A65032326E0D7
:101B40007B680093BB6800220121F868FFF736FF2D
:101B50000346002B1AD0FB685B6D43F02002FB6844
:101B60005A65032313E07B680093BB6800220121C0
:101B7000F868FFF723FF0346002B07D0FB685B6D77
:101B800043F02002FB685A65032300E00023184657
:101B90001037BD4680BD000080B588B002AFF86048
:101BA000B9607A601B4B1B681B4AA2FB03235B0DC9
:101BB0004FF47A7202FB03F37B61FB685B68B3F559
:101BC000827F12D17B680093BB6800228021F86875
:101BD000FFF7F4FE0346002B16D0FB685B6D43F065
:101BE0002002FB685A6503230FE07B69002B0AD0B3
:101BF0007B69013B7B61FB681B689B6803F080038A
:101C0000802BF2D000E000BF002318461837BD46F5
:101C100080BD00BF00000020819F5E1680B582B0AD
:101C200000AF78607B68002B01D1012341E07B6825
:101C300093F83D30DBB2002B06D17B68002283F89D
:101C40003C207868FBF750F97B68022283F83D203E
:101C50007B681A687B6804331946104600F066FDFD
:101C60007B68012283F846207B68012283F83E20AE
:101C70007B68012283F83F207B68012283F84020A3
:101C80007B68012283F841207B68012283F842208F
:101C90007B68012283F843207B68012283F844207B
:101CA0007B68012283F845207B68012283F83D2070
:101CB000002318460837BD4680BD000080B485B0BB
:101CC00000AF78607B6893F83D30DBB2012B01D028
:101CD00001234EE07B68022283F83D207B681B686D
:101CE000DA687B681B6842F00102DA607B681B6877
:101CF000234A934222D07B681B68B3F1804F1DD0EA
:101D00007B681B681F4A934218D07B681B681E4A79
:101D1000934213D07B681B681C4A93420ED07B68A9
:101D20001B681B4A934209D07B681B68194A93427F
:101D300004D07B681B68184A934211D17B681B68EA
:101D40009B6803F00703FB60FB68062B10D07B68E1
:101D50001B681A687B681B6842F001021A6007E082
:101D60007B681B681A687B681B6842F001021A6076
:101D7000002318461437BD465DF8047B704700BF4A
:101D8000000001400004004000080040000C00403A
:101D900000040140004001400018004080B582B0BE
:101DA00000AF78607B68002B01D1012341E07B68A4
:101DB00093F83D30DBB2002B06D17B68002283F81C
:101DC0003C207868FBF7F4F87B68022283F83D201A
:101DD0007B681A687B6804331946104600F0A6FC3D
:101DE0007B68012283F846207B68012283F83E202D
:101DF0007B68012283F83F207B68012283F8402022
:101E00007B68012283F841207B68012283F842200D
:101E10007B68012283F843207B68012283F84420F9
:101E20007B68012283F845207B68012283F83D20EE
:101E3000002318460837BD4680BD000080B584B039
:101E400000AF786039603B68002B09D17B6893F85C
:101E50003E30DBB2012B14BF01230023DBB222E0B2
:101E60003B68042B09D17B6893F83F30DBB2012B30
:101E700014BF01230023DBB215E03B68082B09D116
:101E80007B6893F84030DBB2012B14BF01230023A1
:101E9000DBB208E07B6893F84130DBB2012B14BF62
:101EA00001230023DBB2002B01D001237CE03B683F
:101EB000002B04D17B68022283F83E2013E03B68AC
:101EC000042B04D17B68022283F83F200BE03B689F
:101ED000082B04D17B68022283F8402003E07B6852
:101EE000022283F841207B681B680122396818466A
:101EF00001F030F87B681B682D4A934204D07B6860
:101F00001B682C4A934201D1012300E00023002BDF
:101F100007D07B681B685A6C7B681B6842F40042E0
:101F20005A647B681B68224A934222D07B681B68F4
:101F3000B3F1804F1DD07B681B681F4A934218D0B5
:101F40007B681B681D4A934213D07B681B681C4A40
:101F500093420ED07B681B68164A934209D07B6877
:101F60001B68184A934204D07B681B68164A934248
:101F700011D17B681B689B6803F00703FB60FB685B
:101F8000062B10D07B681B681A687B681B6842F0C0
:101F900001021A6007E07B681B681A687B681B688F
:101FA00042F001021A60002318461037BD4680BD7A
:101FB000000001400004014000040040000800400F
:101FC000000C0040004001400018004080B582B085
:101FD00000AF78607B68002B01D1012341E07B6872
:101FE00093F83D30DBB2002B06D17B68002283F8EA
:101FF0003C20786800F039F87B68022283F83D20A5
:102000007B681A687B6804331946104600F08EFB23
:102010007B68012283F846207B68012283F83E20FA
:102020007B68012283F83F207B68012283F84020EF
:102030007B68012283F841207B68012283F84220DB
:102040007B68012283F843207B68012283F84420C7
:102050007B68012283F845207B68012283F83D20BC
:10206000002318460837BD4680BD80B483B000AF5A
:10207000786000BF0C37BD465DF8047B704780B5C3
:1020800082B000AF78607B681B681B6903F00203B5
:10209000022B22D17B681B68DB6803F00203022B52
:1020A0001BD17B681B686FF002021A617B680122FA
:1020B0001A777B681B689B6903F00303002B03D02E
:1020C000786800F014FB05E0786800F006FB78689B
:1020D00000F017FB7B6800221A777B681B681B697E
:1020E00003F00403042B22D17B681B68DB6803F038
:1020F0000403042B1BD17B681B686FF004021A6178
:102100007B6802221A777B681B689B6903F4407323
:10211000002B03D0786800F0EAFA05E0786800F058
:10212000DCFA786800F0EDFA7B6800221A777B68A9
:102130001B681B6903F00803082B22D17B681B680E
:10214000DB6803F00803082B1BD17B681B686FF06A
:1021500008021A617B6804221A777B681B68DB69B6
:1021600003F00303002B03D0786800F0C0FA05E009
:10217000786800F0B2FA786800F0C3FA7B68002251
:102180001A777B681B681B6903F01003102B22D1A0
:102190007B681B68DB6803F01003102B1BD17B6886
:1021A0001B686FF010021A617B6808221A777B683F
:1021B0001B68DB6903F44073002B03D0786800F0E0
:1021C00096FA05E0786800F088FA786800F099FAE5
:1021D0007B6800221A777B681B681B6903F0010388
:1021E000012B0ED17B681B68DB6803F00103012B18
:1021F00007D17B681B686FF001021A617868F2F7FB
:1022000017FB7B681B681B6903F08003802B0ED1D2
:102210007B681B68DB6803F08003802B07D17B6839
:102220001B686FF080021A61786800F091FF7B688C
:102230001B681B6903F04003402B0ED17B681B68B1
:10224000DB6803F04003402B07D17B681B686FF00D
:1022500040021A61786800F05EFA7B681B681B69AF
:1022600003F02003202B0ED17B681B68DB6803F092
:102270002003202B07D17B681B686FF020021A61B6
:10228000786800F05BFF00BF0837BD4680BD80B5B1
:1022900086B000AFF860B9607A600023FB75FB6818
:1022A00093F83C30012B01D1022388E0FB68012226
:1022B00083F83C207B68002B1BD1FB681868BB6847
:1022C0001968BB685A68BB68DB6800F07FFCFB6874
:1022D0001B689A69FB681B6822F00C029A61FB6814
:1022E0001B689969BB689A68FB681B680A439A6116
:1022F00060E07B68042B1CD1FB681868BB68196818
:10230000BB685A68BB68DB6800F003FDFB681B68AC
:102310009A69FB681B6822F440629A61FB681B683B
:102320009969BB689B681A02FB681B680A439A613B
:1023300040E07B68082B1BD1FB681868BB681968F4
:10234000BB685A68BB68DB6800F050FDFB681B681F
:10235000DA69FB681B6822F00C02DA61FB681B6813
:10236000D969BB689A68FB681B680A43DA6121E097
:102370007B680C2B1CD1FB681868BB681968BB68AC
:102380005A68BB68DB6800F06DFDFB681B68DA69A2
:10239000FB681B6822F44062DA61FB681B68D9693C
:1023A000BB689B681A02FB681B680A43DA6101E09C
:1023B0000123FB75FB68002283F83C20FB7D184657
:1023C0001837BD4680BD000080B586B000AFF8600C
:1023D000B9607A600023FB75FB6893F83C30012BF1
:1023E00001D10223AEE0FB68012283F83C207B6828
:1023F0000C2B00F29F8001A252F823F03124010837
:102400003525010835250108352501087124010805
:10241000352501083525010835250108B3240108B3
:10242000352501083525010835250108F324010863
:10243000FB681B68B968184600F018FAFB681B684F
:102440009A69FB681B6842F008029A61FB681B6886
:102450009A69FB681B6822F004029A61FB681B689A
:102460009969BB681A69FB681B680A439A6164E052
:10247000FB681B68B968184600F068FAFB681B68BF
:102480009A69FB681B6842F400629A61FB681B68EA
:102490009A69FB681B6822F480629A61FB681B687A
:1024A0009969BB681B691A02FB681B680A439A6139
:1024B00043E0FB681B68B968184600F0BDFAFB688A
:1024C0001B68DA69FB681B6842F00802DA61FB6886
:1024D0001B68DA69FB681B6822F00402DA61FB689A
:1024E0001B68D969BB681A69FB681B680A43DA6113
:1024F00023E0FB681B68B968184600F011FBFB6815
:102500001B68DA69FB681B6842F40062DA61FB68E9
:102510001B68DA69FB681B6822F48062DA61FB6879
:102520001B68D969BB681B691A02FB681B680A43F0
:10253000DA6102E00123FB7500BFFB68002283F82B
:102540003C20FB7D18461837BD4680BD80B584B061
:1025500000AF786039600023FB737B6893F83C30F0
:10256000012B01D10223B4E07B68012283F83C20D7
:102570007B68022283F83D207B681B689B68BB60F8
:10258000BB6823F07703BB60BB6823F47F43BB6069
:102590007B681B68BA689A603B681B68B3F5005F8C
:1025A0003ED0B3F5005F00F28780B3F5805F00F0A6
:1025B0008680B3F5805F7FD8702B1AD0702B7BD8C4
:1025C000602B50D0602B77D8502B3CD0502B73D839
:1025D000402B58D0402B6FD8302B64D0302B6BD889
:1025E000202B60D0202B67D8002B5CD0102B5AD02A
:1025F00062E07B6818683B6899683B685A683B688A
:10260000DB6800F087FC7B681B689B68BB60BB686D
:1026100043F07703BB607B681B68BA689A604FE041
:102620007B6818683B6899683B685A683B68DB6858
:1026300000F070FC7B681B689A687B681B6842F43A
:1026400080429A603CE07B6818683B6859683B6848
:10265000DB681A4600F02EFB7B681B685021184689
:1026600000F03DFC2CE07B6818683B6859683B68CB
:10267000DB681A4600F08AFB7B681B6860211846FD
:1026800000F02DFC1CE07B6818683B6859683B68CB
:10269000DB681A4600F00EFB7B681B684021184679
:1026A00000F01DFC0CE07B681A683B681B6819464B
:1026B000104600F014FC03E00123FB7300E000BFB0
:1026C0007B68012283F83D207B68002283F83C2050
:1026D000FB7B18461037BD4680BD80B483B000AF89
:1026E000786000BF0C37BD465DF8047B704780B44E
:1026F00083B000AF786000BF0C37BD465DF8047B47
:10270000704780B483B000AF786000BF0C37BD461F
:102710005DF8047B704780B483B000AF786000BF81
:102720000C37BD465DF8047B7047000080B485B06F
:1027300000AF786039607B681B68FB607B68404A4B
:10274000934213D07B68B3F1804F0FD07B683D4A32
:1027500093420BD07B683C4A934207D07B683B4A4C
:10276000934203D07B683A4A934208D1FB6823F036
:102770007003FB603B685B68FA681343FB607B682F
:102780002F4A93422BD07B68B3F1804F27D07B68D0
:102790002C4A934223D07B682B4A93421FD07B68FC
:1027A0002A4A93421BD07B68294A934217D07B6800
:1027B000284A934213D07B68274A93420FD07B6804
:1027C000264A93420BD07B68254A934207D07B6808
:1027D000244A934203D07B68234A934208D1FB6882
:1027E00023F44073FB603B68DB68FA681343FB60CB
:1027F000FB6823F080023B685B691343FB607B68E6
:10280000FA681A603B689A687B68DA623B681A6803
:102810007B689A627B680A4A934203D07B680C4AC1
:10282000934203D13B681A697B681A637B68012273
:102830005A6100BF1437BD465DF8047B704700BF86
:10284000000001400004004000080040000C00406F
:1028500000040140004001400044014000480140A4
:1028600000180040001C00400020004080B487B0E9
:1028700000AF786039607B681B6A23F001027B68D7
:102880001A627B681B6A7B617B685B683B617B6863
:102890009B69FB60FB6823F07003FB60FB6823F01F
:1028A0000303FB603B681B68FA681343FB607B69AA
:1028B00023F002037B613B689B687A6913437B6169
:1028C0007B68204A934203D07B681F4A93420CD115
:1028D0007B6923F008037B613B68DB687A691343FB
:1028E0007B617B6923F004037B617B68154A93421B
:1028F00003D07B68144A934211D13B6923F480735F
:102900003B613B6923F400733B613B685B693A6957
:1029100013433B613B689B693A6913433B617B68A6
:102920003A695A607B68FA689A613B685A687B68C2
:102930005A637B687A691A6200BF1C37BD465DF82E
:10294000047B7047000001400004014080B487B060
:1029500000AF786039607B681B6A23F010027B68E7
:102960001A627B681B6A7B617B685B683B617B6882
:102970009B69FB60FB6823F4E043FB60FB6823F486
:102980004073FB603B681B681B02FA681343FB60E3
:102990007B6923F020037B613B689B681B017A699C
:1029A00013437B617B68224A934203D07B68214AB0
:1029B00093420DD17B6923F080037B613B68DB6828
:1029C0001B017A6913437B617B6923F040037B61C0
:1029D0007B68174A934203D07B68164A934213D10F
:1029E0003B6923F480633B613B6923F400633B61F3
:1029F0003B685B699B003A6913433B613B689B6999
:102A00009B003A6913433B617B683A695A607B6873
:102A1000FA689A613B685A687B689A637B687A694E
:102A20001A6200BF1C37BD465DF8047B704700BFCB
:102A3000000001400004014080B487B000AF78601E
:102A400039607B681B6A23F480727B681A627B683A
:102A50001B6A7B617B685B683B617B68DB69FB6051
:102A6000FB6823F07003FB60FB6823F00303FB604B
:102A70003B681B68FA681343FB607B6923F40073AF
:102A80007B613B689B681B027A6913437B617B68AF
:102A9000214A934203D07B68204A93420DD17B693F
:102AA00023F400637B613B68DB681B027A69134394
:102AB0007B617B6923F480637B617B68164A934268
:102AC00003D07B68154A934213D13B6923F48053AA
:102AD0003B613B6923F400533B613B685B691B012D
:102AE0003A6913433B613B689B691B013A69134395
:102AF0003B617B683A695A607B68FA68DA613B68D7
:102B00005A687B68DA637B687A691A6200BF1C378F
:102B1000BD465DF8047B70470000014000040140A1
:102B200080B487B000AF786039607B681B6A23F49B
:102B300080527B681A627B681B6A3B617B685B68BA
:102B40007B617B68DB69FB60FB6823F4E043FB602F
:102B5000FB6823F44073FB603B681B681B02FA6848
:102B60001343FB603B6923F400533B613B689B6864
:102B70001B033A6913433B617B68124A934203D0BB
:102B80007B68114A934209D17B6923F480437B61BE
:102B90003B685B699B017A6913437B617B687A6957
:102BA0005A607B68FA68DA613B685A687B681A6425
:102BB0007B683A691A6200BF1C37BD465DF8047B2A
:102BC000704700BF000001400004014080B487B09E
:102BD00000AFF860B9607A603B60FB681B6A23F065
:102BE0000102FB681A62FB689B697B61FB681B6AD8
:102BF0003B61FB68284A93421BD0FB68B3F1804FCE
:102C000017D0FB68254A934213D0FB68244A9342AD
:102C10000FD0FB68234A93420BD0FB68224A9342B1
:102C200007D0FB68214A934203D0FB68204A9342B5
:102C300001D1012300E00023002B08D07B6923F0A1
:102C400003037B617A697B6813437B6103E07B69E3
:102C500043F001037B617B6923F0F0037B613B68F8
:102C60001B01DBB27A6913437B613B6923F00A03E2
:102C70003B61BB6803F00A033A6913433B61FB689D
:102C80007A699A61FB683A691A6200BF1C37BD46CF
:102C90005DF8047B704700BF000001400004004065
:102CA00000080040000C00400004014000400140CA
:102CB0000018004080B487B000AFF860B9607A6057
:102CC000FB681B6A7B61FB681B6A23F00102FB68DF
:102CD0001A62FB689B693B613B6923F0F0033B612F
:102CE0007B681B013A6913433B617B6923F00A034C
:102CF0007B617A69BB6813437B61FB683A699A61BF
:102D0000FB687A691A6200BF1C37BD465DF8047B18
:102D1000704780B487B000AFF860B9607A603B60FC
:102D2000FB681B6A23F01002FB681A62FB689B6950
:102D30007B61FB681B6A3B617B6923F440737B61A9
:102D40007B681B027A6913437B617B6923F47043C0
:102D50007B613B681B039BB27A6913437B613B69D0
:102D600023F0A0033B61BB681B0103F0A0033A6999
:102D700013433B61FB687A699A61FB683A691A629E
:102D800000BF1C37BD465DF8047B704780B487B038
:102D900000AFF860B9607A60FB681B6A23F010022C
:102DA000FB681A62FB689B697B61FB681B6A3B617D
:102DB0007B6923F470437B617B681B037A6913434F
:102DC0007B613B6923F0A0033B61BB681B013A694F
:102DD00013433B61FB687A699A61FB683A691A623E
:102DE00000BF1C37BD465DF8047B704780B487B0D8
:102DF00000AFF860B9607A603B60FB681B6A23F43F
:102E00008072FB681A62FB68DB697B61FB681B6A86
:102E10003B617B6923F003037B617A697B68134321
:102E20007B617B6923F0F0037B613B681B01DBB2B4
:102E30007A6913437B613B6923F420633B61BB6880
:102E40001B0203F420633A6913433B61FB687A6910
:102E5000DA61FB683A691A6200BF1C37BD465DF84B
:102E6000047B704780B487B000AFF860B9607A60C7
:102E70003B60FB681B6A23F48052FB681A62FB68A4
:102E8000DB697B61FB681B6A3B617B6923F44073F0
:102E90007B617B681B027A6913437B617B6923F446
:102EA00070437B613B681B039BB27A6913437B6170
:102EB0003B6923F420433B61BB681B0303F42043BD
:102EC0003A6913433B61FB687A69DA61FB683A69E6
:102ED0001A6200BF1C37BD465DF8047B704780B4A2
:102EE00085B000AF786039607B689B68FB60FB68E9
:102EF00023F07003FB603A68FB68134343F0070359
:102F0000FB607B68FA689A6000BF1437BD465DF8C5
:102F1000047B704780B487B000AFF860B9607A6016
:102F20003B60FB689B687B617B6923F47F437B612B
:102F30003B681A027B681A43BB6813437A691343E0
:102F40007B61FB687A699A6000BF1C37BD465DF8FB
:102F5000047B704780B487B000AFF860B9607A60D6
:102F6000BB6803F01F03012202FA03F37B61FB68D5
:102F70001A6A7B69DB431A40FB681A62FB681A6AAB
:102F8000BB6803F01F03796801FA03F31A43FB6877
:102F90001A6200BF1C37BD465DF8047B7047000015
:102FA00080B485B000AF786039607B6893F83C30BE
:102FB000012B01D102235AE07B68012283F83C20D7
:102FC0007B68022283F83D207B681B685B68FB609E
:102FD0007B681B689B68BB60FB6823F07003FB6029
:102FE0003B681B68FA681343FB607B681B68FA68E0
:102FF0005A607B681B68214A934222D07B681B6819
:10300000B3F1804F1DD07B681B681D4A934218D0D6
:103010007B681B681B4A934213D07B681B681A4A63
:1030200093420ED07B681B68184A934209D07B6894
:103030001B68174A934204D07B681B68154A934269
:103040000CD1BB6823F08003BB603B685B68BA6847
:103050001343BB607B681B68BA689A607B68012277
:1030600083F83D207B68002283F83C20002318462B
:103070001437BD465DF8047B704700BF0000014077
:103080000004004000080040000C00400004014023
:10309000004001400018004080B485B000AF786067
:1030A00039600023FB607B6893F83C30012B01D131
:1030B00002233DE07B68012283F83C20FB6823F07B
:1030C000FF023B68DB681343FB60FB6823F440723C
:1030D0003B689B681343FB60FB6823F480623B689A
:1030E0005B681343FB60FB6823F400623B681B686A
:1030F0001343FB60FB6823F480523B681B69134356
:10310000FB60FB6823F400523B685B691343FB6080
:10311000FB6823F480423B68DB691343FB607B68F8
:103120001B68FA685A647B68002283F83C200023FD
:1031300018461437BD465DF8047B704780B483B0F1
:1031400000AF786000BF0C37BD465DF8047B704768
:1031500080B483B000AF786000BF0C37BD465DF827
:10316000047B704780B582B000AF78607B68002B2D
:1031700001D101233FE07B6893F83D30DBB2002BA7
:1031800006D17B68002283F83C207868F9F79AFF23
:103190007B68242283F83D207B681B68DA687B68A3
:1031A0001B6822F40052DA60786800F07BFD7B68CF
:1031B0001B681A697B681B6822F490421A617B685D
:1031C0001B685A697B681B6822F02A025A617B6877
:1031D0001B68DA687B681B6842F40052DA607B681F
:1031E00000221A647B68202283F83D207B6820221D
:1031F00083F83E20002318460837BD4680BD80B5C1
:103200008AB002AFF860B9603B601346FB800023D0
:103210007B61FB6893F83D30DBB2202B7CD1BB682F
:10322000002B02D0FB88002B01D1012375E0FB6845
:1032300093F83C30012B01D102236EE0FB680122A0
:1032400083F83C20FB6800221A64FB68212283F883
:103250003D20FAF757FA7861FB68FA889A84FB6890
:10326000FA88DA84FB689B68B3F5805F08D1FB6855
:103270001B69002B04D10023FB61BB68BB6103E029
:10328000BB68FB610023BB61FB68002283F83C2024
:103290002AE03B6800937B6900228021F86800F0F7
:1032A000F9FA0346002B01D0032336E0FB69002B1B
:1032B0000BD1BB691B881A46FB681B68C2F3080266
:1032C0005A60BB690233BB6107E0FB691A78FB688F
:1032D0001B685A60FB690133FB61FB68DB8C9BB2A6
:1032E000013B9AB2FB68DA84FB68DB8C9BB2002B53
:1032F000CFD13B6800937B6900224021F86800F041
:10330000C9FA0346002B01D0032306E0FB68202204
:1033100083F83D20002300E0022318462037BD46F5
:1033200080BD000080B5BAB000AF78607B681B68D4
:103330001B68C7F8E4307B681B68DB68C7F8E030BF
:103340007B681B685B69C7F8DC300023C7F8D8309E
:103350000023C7F8D430D7F8E43003F00F03C7F8E0
:10336000D830D7F8D830002B0FD1D7F8E43003F09D
:103370002003002B09D0D7F8E03003F02003002B06
:1033800003D0786800F0D3FB56E2D7F8D830002B92
:1033900000F0DE80D7F8DC3003F00103002B06D10B
:1033A000D7F8E03003F49073002B00F0D180D7F809
:1033B000E43003F00103002B0BD0D7F8E03003F426
:1033C0008073002B05D07B681B6C43F001027B6887
:1033D0001A64D7F8E43003F00403002B0BD0D7F8BD
:1033E000DC3003F00103002B05D07B681B6C43F03D
:1033F00002027B681A64D7F8E43003F00203002B62
:103400000BD0D7F8DC3003F00103002B05D07B682C
:103410001B6C43F004027B681A64D7F8E43003F0B5
:103420000803002B11D0D7F8E03003F02003002B65
:1034300005D1D7F8DC3003F00103002B05D07B6801
:103440001B6C43F008027B681A647B681B6C002BC2
:1034500000F0ED81D7F8E43003F02003002B08D012
:10346000D7F8E03003F02003002B02D0786800F09A
:103470005EFB7B681B685B6903F04003402B0CBF5D
:1034800001230023DBB2C7F8D4307B681B6C03F048
:103490000803002B03D1D7F8D430002B4FD0786825
:1034A00000F066FA7B681B685B6903F04003402B01
:1034B00041D17B681B681433C7F89C30D7F89C3027
:1034C00053E8003FC7F89830D7F8983023F040030E
:1034D000C7F8D0307B681B681433D7F8D020C7F802
:1034E000A820C7F8A430D7F8A410D7F8A82041E83E
:1034F0000023C7F8A030D7F8A030002BD9D17B68C3
:103500009B6B002B13D07B689B6B7D4A1A657B6895
:103510009B6B1846FAF79CFE0346002B16D07B687F
:103520009B6B1B6D7A68926B104698470EE078682B
:1035300000F09AF90AE0786800F096F906E07868F9
:1035400000F092F97B6800221A6470E100BF6EE11E
:103550007B681B6B012B40F04A81D7F8E43003F005
:103560001003002B00F04381D7F8E03003F0100384
:10357000002B00F03C810023BB607B681B681B684C
:10358000BB607B681B685B68BB60BB687B681B6853
:103590005B6903F04003402B40F0B4807B689B6B79
:1035A0001B685B68A7F8BE30B7F8BE30002B00F090
:1035B00040817B689B8DB7F8BE209A4280F03981AC
:1035C0007B68B7F8BE20DA857B689B6BDB69B3F557
:1035D000807F00F088807B681B680C33C7F88830D8
:1035E000D7F8883053E8003FC7F88430D7F88430E4
:1035F00023F48073C7F8B8307B681B680C33D7F8A6
:10360000B820C7F89420C7F89030D7F89010D7F8B2
:10361000942041E80023C7F88C30D7F88C30002B79
:10362000D9D17B681B6814337B677B6F53E8003FFD
:103630003B673B6F23F00103C7F8B4307B681B681E
:103640001433D7F8B420C7F88020FB67F96FD7F898
:10365000802041E80023BB67BB6F002BE1D17B6872
:103660001B6814333B663B6E53E8003FFB65FB6D04
:1036700023F04003C7F8B0307B681B681433D7F8D9
:10368000B020FA66BB66B96EFA6E41E800237B662D
:103690007B6E002BE3D17B68202283F83E207B6881
:1036A00000221A637B681B680C33FB64FB6C53E8D5
:1036B000003FBB64BB6C23F01003C7F8AC307B68E1
:1036C0001B680C33D7F8AC20BA657B65796DBA6D91
:1036D00041E800233B653B6D002BE3D17B689B6B8E
:1036E0001846FAF745FD7B689A8D7B68DB8D9BB2A7
:1036F000D31A9BB21946786800F0C0F899E000BF71
:10370000373A01087B689A8D7B68DB8D9BB2D31AB0
:10371000A7F8CE307B68DB8D9BB2002B00F08B804E
:10372000B7F8CE30002B00F086807B681B680C3326
:10373000BB63BB6B53E8003F7B637B6B23F49073ED
:10374000C7F8C8307B681B680C33D7F8C8207A6488
:103750003B64396C7A6C41E80023FB63FB6B002B04
:10376000E3D17B681B6814337B627B6A53E8003FBC
:103770003B623B6A23F00103C7F8C4307B681B68D7
:103780001433D7F8C4203A63FB62F96A3A6B41E814
:103790000023BB62BB6A002BE3D17B68202283F845
:1037A0003E207B6800221A637B681B680C333B61F8
:1037B0003B6953E8003FFB60FB6823F01003C7F848
:1037C000C0307B681B680C33D7F8C020FA61BB613E
:1037D000B969FA6941E800237B617B69002BE3D179
:1037E000B7F8CE301946786800F048F823E0D7F8EB
:1037F000E43003F08003002B09D0D7F8E03003F069
:103800008003002B03D0786800F029F914E0D7F882
:10381000E43003F04003002B0ED0D7F8E03003F083
:103820004003002B08D0786800F069F904E000BF7D
:1038300002E000BF00E000BFE837BD4680BD00BF2A
:1038400080B483B000AF786000BF0C37BD465DF830
:10385000047B704780B483B000AF786000BF0C3742
:10386000BD465DF8047B704780B483B000AF7860DC
:1038700000BF0C37BD465DF8047B704780B483B051
:1038800000AF78600B467B8000BF0C37BD465DF80B
:10389000047B704780B590B000AFF860B9603B60C2
:1038A0001346FB7150E0BB6CB3F1FF3F4CD0BB6CD7
:1038B000002B07D0F9F726FF02463B68D31ABA6CF3
:1038C0009A4241D2FB681B680C33BB62BB6A53E867
:1038D000003F7B627B6A23F4D073FB63FB681B6849
:1038E0000C33FA6B7A633B63396B7A6B41E80023E4
:1038F000FB62FB6A002BE5D1FB681B6814337B611C
:103900007B6953E8003F3B613B6923F00103BB63E4
:10391000FB681B681433BA6B3A62FB61F9693A6A57
:1039200041E80023BB61BB69002BE5D1FB68202285
:1039300083F83D20FB68202283F83E20FB680022AC
:1039400083F83C2003230FE0FB681B681A68BB6800
:103950001340BA689A420CBF01230023DBB21A4617
:10396000FB799A429FD0002318464037BD4680BD60
:1039700080B495B000AF78607B681B680C337B63C4
:103980007B6B53E8003F3B633B6B23F49073FB641A
:103990007B681B680C33FA6C3A64FB63F96B3A6C16
:1039A00041E80023BB63BB6B002BE5D17B681B6840
:1039B00014333B623B6A53E8003FFB61FB6923F031
:1039C0000103BB647B681B681433BA6CFA62BB6288
:1039D000B96AFA6A41E800237B627B6A002BE5D171
:1039E0007B681B6B012B19D17B681B680C33FB6058
:1039F000FB6853E8003FBB60BB6823F010037B64A7
:103A00007B681B680C337A6CBA617B617969BA692F
:103A100041E800233B613B69002BE5D17B68202214
:103A200083F83E207B6800221A6300BF5437BD46EE
:103A30005DF8047B704780B584B000AF78607B6828
:103A40009B6BFB60FB680022DA85FB680022DA844E
:103A5000F868FFF709FF00BF1037BD4680BD80B48E
:103A600085B000AF78607B6893F83D30DBB2212BE6
:103A70003ED17B689B68B3F5805F14D17B681B697E
:103A8000002B10D17B681B6AFB60FB681B881A4601
:103A90007B681B68C2F308025A607B681B6A9A1C29
:103AA0007B681A6208E07B681B6A591C7A6811629D
:103AB0001A787B681B685A607B68DB8C9BB2013B81
:103AC0009BB27A681946D184002B0FD17B681B68A2
:103AD000DA687B681B6822F08002DA607B681B680A
:103AE000DA687B681B6842F04002DA60002300E07D
:103AF000022318461437BD465DF8047B704780B535
:103B000082B000AF78607B681B68DA687B681B68EE
:103B100022F04002DA607B68202283F83D2078683A
:103B2000FFF78EFE002318460837BD4680BD80B5DE
:103B30008CB000AF78607B6893F83E30DBB2222B0C
:103B400040F0AB807B689B68B3F5805F17D17B68E2
:103B50001B69002B13D10023FB627B689B6ABB624D
:103B60007B681B685B689BB2C3F308039AB2BB6AAD
:103B70001A807B689B6A9A1C7B689A6226E07B6845
:103B80009B6AFB620023BB627B689B68B3F5805F26
:103B900007D07B689B68002B0AD17B681B69002BD0
:103BA00006D17B681B685B68DAB2FB6A1A7008E0B2
:103BB0007B681B685B68DBB203F07F03DAB2FB6AE9
:103BC0001A707B689B6A5A1C7B689A627B68DB8DE3
:103BD0009BB2013B9BB27A681946D185002B5AD122
:103BE0007B681B68DA687B681B6822F02002DA6059
:103BF0007B681B68DA687B681B6822F48072DA6075
:103C00007B681B685A697B681B6822F001025A6155
:103C10007B68202283F83E207B681B6B012B35D10B
:103C20007B6800221A637B681B680C337B617B69AD
:103C300053E8003F3B613B6923F010037B627B68E4
:103C40001B680C337A6A3A62FB61F9693A6A41E8A7
:103C50000023BB61BB69002BE5D17B681B681B6837
:103C600003F01003102B0AD10023FB607B681B6854
:103C70001B68FB607B681B685B68FB60FB687B689C
:103C80009B8D19467868FFF7F9FD02E07868FFF729
:103C9000E1FD002302E0002300E002231846303754
:103CA000BD4680BD2DE9B04FC0B000AFC7F8F400ED
:103CB000D7F8F4301B681B6923F44050D7F8F43070
:103CC000D968D7F8F4301A6840EA01031361D7F8CD
:103CD000F4309A68D7F8F4301B691A43D7F8F430F7
:103CE0005B691A43D7F8F430DB691343C7F8F8303F
:103CF000D7F8F4301B68DB6823F4164121F00C017F
:103D0000D7F8F4301A68D7F8F8300B43D360D7F8F7
:103D1000F4301B685B6923F44070D7F8F43099697C
:103D2000D7F8F4301A6840EA01035361D7F8F43049
:103D30001A688F4B9A4205D0D7F8F4301A688D4B29
:103D40009A4204D1FDF77CF9C7F8FC0003E0FDF7C7
:103D500063F9C7F8FC00D7F8F430DB69B3F5004F1E
:103D600040F00C81D7F8FC300022C7F8E830C7F8E3
:103D7000EC20D7E93A4522462B469118B9655B41BC
:103D8000FB65D7E91623214612EB0108294643EBD0
:103D900001094FF000024FF000034FEAC90343EA64
:103DA00058734FEAC80290469946234618EB03031E
:103DB000C7F8E0302B4649EB0303C7F8E430D7F8E7
:103DC000F4305B680022C7F8D830C7F8DC20D7E9A8
:103DD00036120B46DB183B65134642EB03037B654B
:103DE000D7E91423D7E93801EDF77CF802460B46F2
:103DF000614BA3FB02235B091C01D7F8FC300022B6
:103E0000C7F8D030C7F8D420D7E9348942464B46AA
:103E10009118B9645B41FB64D7E91223414612EB68
:103E2000010A494643EB010B4FF000024FF000033B
:103E30004FEACB0343EA5A734FEACA0292469B46C3
:103E400043461AEB0303C7F8C8304B464BEB03035A
:103E5000C7F8CC30D7F8F4305B680022C7F8C03020
:103E6000C7F8C420D7E930120B46DB183B64134671
:103E700042EB03037B64D7E91023D7E93201EDF766
:103E800031F802460B4611463B4BA3FB01235B096D
:103E9000642202FB03F3CB1ADB0003F13202364B40
:103EA000A3FB02235B095B0003F4F8731C44D7F8FF
:103EB000FC300022C7F8B830C7F8BC20D7E92E89FB
:103EC00042464B469118B9635B41FB63D7E90E2329
:103ED00041465118396349464B417B634FF000021C
:103EE0004FF00003D7E90CAB5946CB00514643EAEB
:103EF00051735146CA0010461946034642469B1864
:103F0000C7F8B0304B460A4642EB0303C7F8B4305B
:103F1000D7F8F4305B680022C7F8A830C7F8AC20A7
:103F2000D7E92A120B46DB18BB62134642EB0303A8
:103F3000FB62D7E90A23D7E92C01ECF7D3FF02464D
:103F40000B460D4BA3FB02135B09642101FB03F33A
:103F5000D31ADB003233084AA2FB03235B0903F0C8
:103F60000702D7F8F4301B6822449A6006E100BFCC
:103F700000100140001401401F85EB51D7F8FC30C0
:103F80000022C7F8A030C7F8A420D7E92889424604
:103F90004B46911839625B417B62D7E90823414661
:103FA0005418494643EB01054FF000024FF000035F
:103FB000EB0043EA5473E20014461D464346E318FF
:103FC000C7F898304B4645EB0303C7F89C30D7F849
:103FD000F4305B680022C7F89030C7F894204FF0A7
:103FE00000024FF00003D7E9244529468B00214603
:103FF00043EA917321468A00D7E92601ECF772FF64
:1040000002460B46604BA3FB02235B091C01D7F859
:10401000FC300022C7F88830C7F88C20D7E9228905
:1040200042464B469118B9615B41FB61D7E90623D3
:1040300041465118396149464B417B614FF00002BE
:104040004FF00003D7E904AB5946CB00514643EA91
:1040500051735146CA0010461946034642469B1802
:10406000C7F880304B460A4642EB0303C7F884305A
:10407000D7F8F4305B680022BB67FA674FF00002A4
:104080004FF00003D7E91E8949468B00414643EAB9
:10409000917341468A00D7E92001ECF723FF0246DD
:1040A0000B461146384BA3FB01235B09642202FB3C
:1040B00003F3CB1A1B013233334AA2FB03235B0900
:1040C00003F0F0031C44D7F8FC3000223B677A670A
:1040D000D7E91C8942464B469118B9605B41FB60A9
:1040E000D7E9022341465118396049464B417B606C
:1040F0004FF000024FF00003D7E900AB5946CB0068
:10410000514643EA51735146CA00104619460346C8
:1041100042469B18BB664B460A4642EB0303FB66CE
:10412000D7F8F4305B6800223B667A664FF00002F5
:104130004FF00003D7E9188949468B00414643EA0E
:10414000917341468A00D7E91A01ECF7CBFE02468B
:104150000B460D4BA3FB02135B09642101FB03F328
:10416000D31A1B013233084AA2FB03235B0903F075
:104170000F02D7F8F4301B6822449A6000BF07F59D
:104180008077BD46BDE8B08F1F85EB5180B483B00A
:1041900000AF03463960FB7197F90730002B0ADB4B
:1041A0003B68DAB20C4997F907301201D2B20B44DE
:1041B00083F800230AE03B68DAB20849FB7903F090
:1041C0000F03043B1201D2B20B441A7600BF0C3726
:1041D000BD465DF8047B704700E100E000ED00E0C3
:1041E00080B500AF054B1B6802F004F80346012BB5
:1041F00001D002F0F9FD00BF80BD00BF10E000E07B
:1042000080B500AF00216FF00400FFF7BFFF00BFD3
:1042100080BD000080B483B000AFEFF305833B6046
:104220003B68002B03D06FF005037B600CE00A4B6A
:104230001B68002B05D1084B01221A6000237B600C
:1042400002E04FF0FF337B607B6818460C37BD46B9
:104250005DF8047B704700BF6C27002080B582B0FA
:1042600000AFEFF305833B603B68002B03D06FF09A
:1042700005037B6010E00B4B1B68012B09D1FFF796
:10428000BFFF084B02221A6001F0F4FA00237B60A2
:1042900002E04FF0FF337B607B6818460837BD466D
:1042A00080BD00BF6C27002080B58EB004AFF860E1
:1042B000B9607A6000233B61EFF305837B617B6922
:1042C000002B7FD1FB68002B7CD04FF400733B6246
:1042D0001823FB6100237B624FF0FF33BB617B68D7
:1042E000002B45D07B681B68002B02D07B681B68C5
:1042F0007B627B689B69002B02D07B689B69FB61BA
:10430000FB69002B08D0FB69382B05D87B685B68FC
:1043100003F00103002B01D0002354E07B685B69AC
:10432000002B03D07B685B699B083B627B689B68C2
:10433000002B0ED07B68DB68A72B0AD97B681B6932
:10434000002B06D07B685B69002B02D00123BB6188
:1043500010E07B689B68002B0CD17B68DB68002B2E
:1043600008D17B681B69002B04D10023BB6101E0ED
:104370000023BB61BB69012B10D17B681B697A6884
:10438000926802920193FB690093BB683A6A796A6A
:10439000F86801F07BF803463B6113E0BB69002B32
:1043A00010D13B6A9AB207F110030193FB690093A5
:1043B000BB68796AF86801F0C9F80346012B01D09F
:1043C00000233B613B6918462837BD4680BD80B558
:1043D00084B000AF7860EFF30583BB60BB68002B4F
:1043E00003D06FF00503FB6007E00023FB607B68F0
:1043F000002B02D0786801F007FAFB6818461037E6
:10440000BD4680BD80B58AB002AFF860B9607A6001
:104410000023FB61EFF305833B613B69002B5FD118
:10442000FB68002B5CD0BB68002B59D04FF0FF33EA
:10443000BB617B68002B29D07B689B68002B12D066
:104440007B68DB684F2B0ED97B681B69002B0AD079
:104450007B685A69FB68B96801FB03F39A4202D38F
:104460000123BB6114E07B689B68002B10D17B6843
:10447000DB68002B0CD17B681B69002B08D17B68A3
:104480005B69002B04D10023BB6101E00023BB6109
:10449000BB69012B0BD17B681A697B689B68002183
:1044A0000091B968F86800F055FAF86108E0BB6956
:1044B000002B05D10022B968F86800F0C8FAF8614D
:1044C000FB69002B0CD07B68002B03D07B681B683A
:1044D0007B6101E000237B617969F86900F04EFFA0
:1044E000FB6918462037BD4680BD000080B588B006
:1044F00000AFF860B9603B601346FB71FB68BB61BD
:104500000023FB61EFF305837B617B69002B28D0DF
:10451000BB69002B05D0BB68002B02D03B68002B89
:1045200003D06FF00303FB6138E000233B6107F128
:1045300010020023B968B86900F0EAFB0346012BBA
:1045400003D06FF00203FB6128E03B69002B25D00C
:10455000154B4FF080521A60BFF34F8FBFF36F8F30
:104560001CE0BB69002B02D0BB68002B03D16FF0AD
:104570000303FB6112E000233A68B968B86900F0F0
:10458000C5FA0346012B09D03B68002B03D06FF01E
:104590000103FB6102E06FF00203FB61FB69184657
:1045A0002037BD4680BD00BF04ED00E080B588B077
:1045B00000AFF860B9607A603B60FB68BB610023C4
:1045C000FB61EFF305837B617B69002B28D0BB691E
:1045D000002B05D0BB68002B02D03B68002B03D01A
:1045E0006FF00303FB6137E000233B6107F1100329
:1045F0001A46B968B86900F00BFD0346012B03D0D9
:104600006FF00203FB6127E03B69002B24D0154BC0
:104610004FF080521A60BFF34F8FBFF36F8F1BE0D4
:10462000BB69002B02D0BB68002B03D16FF00303E2
:10463000FB6111E03A68B968B86900F007FC03460D
:10464000012B09D03B68002B03D06FF00103FB6105
:1046500002E06FF00203FB61FB6918462037BD469C
:1046600080BD00BF04ED00E080B586B000AF78608B
:104670007B683B61EFF30583FB60FB68002B03D095
:104680006FF005037B610EE03B69002B03D16FF0F7
:1046900003037B6107E0386900F09AFE00237B6129
:1046A000386900F037FD7B6918461837BD4680BD74
:1046B00080B485B000AFF860B9607A60FB68074AE3
:1046C0001A60BB68064A1A607B684FF400721A6071
:1046D00000BF1437BD465DF8047B7047702700208B
:1046E0001828002080B485B000AFF860B9607A6007
:1046F000FB68074A1A60BB68064A1A607B684FF479
:1047000080621A6000BF1437BD465DF8047B7047B5
:1047100018300020C030002080B483B000AF786033
:104720007B6803F108027B685A607B684FF0FF32B8
:104730009A607B6803F108027B68DA607B6803F1AA
:1047400008027B681A617B6800221A6000BF0C3780
:10475000BD465DF8047B704780B483B000AF7860DD
:104760007B6800221A6100BF0C37BD465DF8047BF0
:10477000704780B485B000AF786039607B685B6853
:10478000FB603B68FA685A60FB689A683B689A600D
:10479000FB689B683A685A60FB683A689A603B68B5
:1047A0007A681A617B681B685A1C7B681A6000BFB4
:1047B0001437BD465DF8047B704780B485B000AF08
:1047C000786039603B681B68BB60BB68B3F1FF3F32
:1047D00003D17B681B69FB600CE07B680833FB60DE
:1047E00002E0FB685B68FB60FB685B681B68BA689B
:1047F0009A42F6D2FB685A683B685A603B685B682D
:104800003A689A603B68FA689A60FB683A685A604E
:104810003B687A681A617B681B685A1C7B681A605F
:1048200000BF1437BD465DF8047B704780B485B087
:1048300000AF78607B681B69FB607B685B687A68A7
:1048400092689A607B689B687A6852685A60FB68D5
:104850005B687A689A4203D17B689A68FB685A6001
:104860007B6800221A61FB681B685A1EFB681A608D
:10487000FB681B6818461437BD465DF8047B70471B
:1048800080B584B000AF786039607B68FB60FB68FE
:10489000002B0BD14FF0500383F31188BFF36F8FC0
:1048A000BFF34F8FBB6000BF00BFFDE702F00CFA03
:1048B000FB681A68FB68DB6BF968096C01FB03F3A2
:1048C0001A44FB689A60FB6800229A63FB681A68C6
:1048D000FB685A60FB681A68FB68DB6B013BF96890
:1048E000096C01FB03F31A44FB68DA60FB68FF22E2
:1048F00083F84420FB68FF2283F845203B68002BA7
:1049000014D1FB681B69002B1AD0FB6810331846C2
:1049100001F072FA0346002B12D00D4B4FF080527B
:104920001A60BFF34F8FBFF36F8F09E0FB6810333E
:104930001846FFF7F1FEFB6824331846FFF7ECFE3C
:1049400002F0F4F9012318461037BD4680BD00BFC0
:1049500004ED00E080B58EB002AFF860B9607A6017
:104960003B60FB68002B0BD14FF0500383F31188A1
:10497000BFF36F8FBFF34F8FBB6200BF00BFFDE778
:104980003B68002B0BD14FF0500383F31188BFF32A
:104990006F8FBFF34F8F7B6200BF00BFFDE77B6867
:1049A000002B02D0BB68002B01D0012300E00023C4
:1049B000002B0BD14FF0500383F31188BFF36F8F9F
:1049C000BFF34F8F3B6200BF00BFFDE77B68002B4A
:1049D00002D1BB68002B01D1012300E00023002B92
:1049E0000BD14FF0500383F31188BFF36F8FBFF3E8
:1049F0004F8FFB6100BF00BFFDE750237B617B69E8
:104A0000502B0BD04FF0500383F31188BFF36F8FFF
:104A1000BFF34F8FBB6100BF00BFFDE77B693B6801
:104A2000FB62FB6A002B0DD0FB6A012283F8462053
:104A300097F83820FB6A009313467A68B968F868DB
:104A400000F040F8FB6A18463037BD4680BD80B59F
:104A50008AB002AFF860B9601346FB71FB68002BA7
:104A60000BD14FF0500383F31188BFF36F8FBFF367
:104A70004F8F3B6100BF00BFFDE7FB68BA6802FBD8
:104A800003F3FB61FB695033184602F03FFAB8614B
:104A9000BB69002B11D0BB697B617B6950337B61A3
:104AA000BB69002283F84620FA79BB69009313465C
:104AB0007A69B968F86800F005F8BB6918462037CC
:104AC000BD4680BD80B584B000AFF860B9607A6043
:104AD000FB70BB68002B03D1BB69BA691A6002E0A6
:104AE000BB697A681A60BB69FA68DA63BB69BA683D
:104AF0001A640121B869FFF7C3FEBB69FA7883F82D
:104B00004C2000BF1037BD4680BD000080B58EB080
:104B100000AFF860B9607A603B6000237B63FB689C
:104B20003B633B6B002B0BD14FF0500383F3118899
:104B3000BFF36F8FBFF34F8FBB6200BF00BFFDE7B6
:104B4000BB68002B03D13B6B1B6C002B01D10123F5
:104B500000E00023002B0BD14FF0500383F31188AA
:104B6000BFF36F8FBFF34F8F7B6200BF00BFFDE7C6
:104B70003B68022B03D13B6BDB6B012B01D1012383
:104B800000E00023002B0BD14FF0500383F311887A
:104B9000BFF36F8FBFF34F8F3B6200BF00BFFDE7D6
:104BA00001F028FB0346002B02D17B68002B01D1CA
:104BB000012300E00023002B0BD14FF0500383F3BF
:104BC0001188BFF36F8FBFF34F8FFB6100BF00BF32
:104BD000FDE702F079F83B6B9A6B3B6BDB6B9A421B
:104BE00002D33B68022B29D13A68B968386B00F0D0
:104BF000B5FAF8623B6B5B6A002B10D03B6B243339
:104C0000184601F0F9F80346002B13D03F4B4FF044
:104C100080521A60BFF34F8FBFF36F8F0AE0FB6AB9
:104C2000002B07D0394B4FF080521A60BFF34F8FE3
:104C3000BFF36F8F02F07AF8012363E07B68002BEB
:104C400003D102F073F800235CE07B6B002B06D1EC
:104C500007F11403184601F033F901237B6302F0D6
:104C600065F800F077FE02F02FF83B6B93F84430C4
:104C70005BB2B3F1FF3F03D13B6B002283F84420CA
:104C80003B6B93F845305BB2B3F1FF3F03D13B6B15
:104C9000002283F8452002F049F83A1D07F1140379
:104CA0001146184601F022F90346002B24D1386B37
:104CB00000F04CFB0346002B18D03B6B10337A6896
:104CC0001146184601F046F8386B00F0D7FA00F0AC
:104CD0004FFE0346002B7FF47CAF0C4B4FF080520D
:104CE0001A60BFF34F8FBFF36F8F72E7386B00F01E
:104CF000C5FA00F03DFE6CE7386B00F0BFFA00F03B
:104D000037FE002318463837BD4680BD04ED00E06D
:104D100080B590B000AFF860B9607A603B60FB6826
:104D2000BB63BB6B002B0BD14FF0500383F3118897
:104D3000BFF36F8FBFF34F8FBB6200BF00BFFDE7B4
:104D4000BB68002B03D1BB6B1B6C002B01D1012373
:104D500000E00023002B0BD14FF0500383F31188A8
:104D6000BFF36F8FBFF34F8F7B6200BF00BFFDE7C4
:104D70003B68022B03D1BB6BDB6B012B01D1012301
:104D800000E00023002B0BD14FF0500383F3118878
:104D9000BFF36F8FBFF34F8F3B6200BF00BFFDE7D4
:104DA00002F072F8EFF311824FF0500383F3118891
:104DB000BFF36F8FBFF34F8FFA61BB61FB697B63FA
:104DC000BB6B9A6BBB6BDB6B9A4202D33B68022BCB
:104DD0002FD1BB6B93F8453087F83330BB6B9B6B9F
:104DE000FB623A68B968B86B00F0B8F997F93330EC
:104DF000B3F1FF3F12D1BB6B5B6A002B16D0BB6BCC
:104E00002433184600F0F8FF0346002B0ED07B68D1
:104E1000002B0BD07B6801221A6007E097F8333033
:104E20000133DBB25AB2BB6B83F845200123FB632D
:104E300001E00023FB637B6B7B617B6983F311885B
:104E400000BFFB6B18464037BD4680BD80B58CB0B7
:104E500000AFF860B9607A600023FB62FB68BB6258
:104E6000BB6A002B0BD14FF0500383F31188BFF3C3
:104E70006F8FBFF34F8F3B6200BF00BFFDE7BB6882
:104E8000002B03D1BB6A1B6C002B01D1012300E076
:104E90000023002B0BD14FF0500383F31188BFF395
:104EA0006F8FBFF34F8FFB6100BF00BFFDE701F0C5
:104EB000A1F90346002B02D17B68002B01D101230D
:104EC00000E00023002B0BD14FF0500383F3118837
:104ED000BFF36F8FBFF34F8FBB6100BF00BFFDE714
:104EE00001F0F2FEBB6A9B6B7B627B6A002B1FD0DA
:104EF000B968B86A00F09CF97B6A5A1EBB6A9A636B
:104F0000BB6A1B69002B0FD0BB6A1033184600F038
:104F100073FF0346002B07D03C4B4FF080521A60C2
:104F2000BFF34F8FBFF36F8F01F000FF012369E0E4
:104F30007B68002B03D101F0F9FE002362E0FB6ADD
:104F4000002B06D107F11003184600F0B9FF01232A
:104F5000FB6201F0EBFE00F0FDFC01F0B5FEBB6A68
:104F600093F844305BB2B3F1FF3F03D1BB6A002238
:104F700083F84420BB6A93F845305BB2B3F1FF3F3E
:104F800003D1BB6A002283F8452001F0CFFE3A1D11
:104F900007F110031146184600F0A8FF0346002B46
:104FA00023D1B86A00F0BCF90346002B17D0BB6AC6
:104FB00024337A681146184600F0CCFEB86A00F037
:104FC0005DF900F0D5FC0346002B89D10F4B4FF063
:104FD00080521A60BFF34F8FBFF36F8F80E7B86ABC
:104FE00000F04CF900F0C4FC7AE7B86A00F046F92A
:104FF00000F0BEFCB86A00F093F90346002B3FF4C2
:105000006FAF002318463037BD4680BD04ED00E089
:1050100080B58EB000AFF860B9607A60FB683B6322
:105020003B6B002B0BD14FF0500383F31188BFF380
:105030006F8FBFF34F8F3B6200BF00BFFDE7BB68C0
:10504000002B03D13B6B1B6C002B01D1012300E033
:105050000023002B0BD14FF0500383F31188BFF3D3
:105060006F8FBFF34F8FFB6100BF00BFFDE701F003
:105070000BFFEFF311824FF0500383F31188BFF35E
:105080006F8FBFF34F8FBA617B61BB69FB623B6B74
:105090009B6BBB62BB6A002B2FD03B6B93F84430F9
:1050A00087F82730B968386B00F0C2F8BB6A5A1E1F
:1050B0003B6B9A6397F92730B3F1FF3F12D13B6BFB
:1050C0001B69002B16D03B6B1033184600F094FE82
:1050D0000346002B0ED07B68002B0BD07B6801228F
:1050E0001A6007E097F827300133DBB25AB23B6B06
:1050F00083F8442001237B6301E000237B63FB6A88
:105100003B613B6983F3118800BF7B6B18463837DE
:10511000BD4680BD80B584B000AF78607B68FB6021
:10512000FB68002B0BD14FF0500383F31188BFF3C2
:105130006F8FBFF34F8FBB6000BF00BFFDE7F86804
:1051400000F046F9FB6893F84630002B02D1F8686E
:1051500001F0B0FF00BF1037BD4680BD80B586B0FE
:1051600000AFF860B9607A6000237B61FB689B6BDD
:105170003B61FB681B6C002B0DD1FB681B68002B8F
:105180004DD1FB689B68184601F052F87861FB68C6
:1051900000229A6043E07B68002B19D1FB685868B5
:1051A000FB681B6C1A46B96802F0C0F9FB685A68C4
:1051B000FB681B6C1A44FB685A60FB685A68FB6802
:1051C0009B689A422BD3FB681A68FB685A6026E0FA
:1051D000FB68D868FB681B6C1A46B96802F0A6F930
:1051E000FB68DA68FB681B6C5B421A44FB68DA6098
:1051F000FB68DA68FB681B689A4207D2FB689A680A
:10520000FB681B6C5B421A44FB68DA607B68022B0C
:1052100005D13B69002B02D03B69013B3B613B69F7
:105220005A1CFB689A637B6918461837BD4680BDD7
:1052300080B582B000AF786039607B681B6C002B52
:1052400018D07B68DA687B681B6C1A447B68DA606C
:105250007B68DA687B689B689A4203D37B681A682C
:105260007B68DA607B68D9687B681B6C1A46386893
:1052700002F05CF900BF0837BD4680BD80B584B040
:1052800000AF786001F020FD7B6893F84530FB7338
:1052900011E07B685B6A002B12D07B6824331846D0
:1052A00000F0AAFD0346002B01D000F083FEFB7B3B
:1052B000013BDBB2FB7397F90F30002BE9DC00E018
:1052C00000BF7B68FF2283F8452001F02FFD01F02D
:1052D000FBFC7B6893F84430BB7311E07B681B696F
:1052E000002B12D07B681033184600F085FD034672
:1052F000002B01D000F05EFEBB7B013BDBB2BB7339
:1053000097F90E30002BE9DC00E000BF7B68FF223C
:1053100083F8442001F00AFD00BF1037BD4680BD70
:1053200080B584B000AF786001F0CEFC7B689B6BE9
:10533000002B02D10123FB6001E00023FB6001F0A0
:10534000F5FCFB6818461037BD4680BD80B584B0BB
:1053500000AF786001F0B8FC7B689A6B7B68DB6B10
:105360009A4202D10123FB6001E00023FB6001F0BF
:10537000DDFCFB6818461037BD4680BD80B485B0A3
:1053800000AF786039600023FB6014E00F4AFB68CF
:1053900052F83330002B0BD10C49FB683A6841F8C6
:1053A00033200A4AFB68DB0013447A685A6006E03F
:1053B000FB680133FB60FB68072BE7D900BF00BF28
:1053C0001437BD465DF8047B704700BFC040002025
:1053D00080B485B000AF78600023FB6016E0104A0F
:1053E000FB68DB0013445B687A689A420BD10C4A75
:1053F000FB68002142F83310094AFB68DB001344C4
:1054000000225A6006E0FB680133FB60FB68072B53
:10541000E5D900BF00BF1437BD465DF8047B704777
:10542000C040002080B586B000AFF860B9607A60F7
:10543000FB687B6101F048FC7B6993F844305BB208
:10544000B3F1FF3F03D17B69002283F844207B69DD
:1054500093F845305BB2B3F1FF3F03D17B69002283
:1054600083F8452001F062FC7B699B6B002B06D121
:105470007B6924337A68B968184600F091FC786932
:10548000FFF7FCFE00BF1837BD4680BD80B58EB06B
:1054900004AFF860B9607A603B607B6B002B0BD186
:1054A0004FF0500383F31188BFF36F8FBFF34F8F1B
:1054B0003B6200BF00BFFDE7BB6B002B0BD14FF081
:1054C000500383F31188BFF36F8FBFF34F8FFB61DE
:1054D00000BF00BFFDE7A8233B613B69A82B0BD0B1
:1054E0004FF0500383F31188BFF36F8FBFF34F8FDB
:1054F000BB6100BF00BFFDE73B69BB6B002B1ED04B
:105500007B6B002B1BD0BB6B7B627B6A7A6B1A6355
:105510007B6A022283F8A520002303937B6A02930F
:1055200007F1140301933B6B00933B687A68B968F9
:10553000F86800F051F8786A00F0F6F801E000230E
:105540007B617B6918462837BD4680BD80B58CB02D
:1055500004AFF860B9603B601346FB80FB889B009A
:10556000184601F0D3FC78617B69002B0ED0A8208F
:1055700001F0CCFCF861FB69002B03D0FB697A6970
:105580001A6305E0786901F095FD01E00023FB61F5
:10559000FB69002B17D0FB69002283F8A520FA884D
:1055A00000230393FB690293FB6A0193BB6A009398
:1055B0003B68B968F86800F00FF8F86900F0B4F8D3
:1055C0000123BB6102E04FF0FF33BB61BB691846AA
:1055D0002037BD4680BD000080B588B000AFF860C0
:1055E000B9607A603B603B6B186B7B689B001A4626
:1055F000A52101F009FF3B6B1A6B7B6803F1804327
:10560000013B9B001344BB61BB6923F00703BB61F3
:10561000BB6903F00703002B0BD04FF0500383F35B
:105620001188BFF36F8FBFF34F8F7B6100BF00BF47
:10563000FDE7BB68002B1FD00023FB6112E0BA68B6
:10564000FB69134419783A6BFB69134434330A46F7
:105650001A70BA68FB6913441B78002B06D0FB69EB
:105660000133FB61FB690F2BE9D900E000BF3B6B05
:10567000002283F8432003E03B6B002283F83420B0
:10568000BB6A372B01D93723BB623B6BBA6ADA623C
:105690003B6BBA6ADA643B6B00221A653B6B0433DE
:1056A0001846FFF759F83B6B18331846FFF754F8C4
:1056B0003B6B3A6B1A61BB6AC3F138023B6B9A6170
:1056C0003B6B3A6B5A623B6B0022C3F8A0203B6BEA
:1056D000002283F8A4203B6B54334C22002118464F
:1056E00001F092FE3B6B0D4A9A653B6B0C4ADA6502
:1056F0003B6B0C4A1A663A68F968B86901F0B6F96A
:1057000002463B6B1A60FB6A002B02D0FB6A3A6BC5
:105710001A6000BF2037BD4680BD00BF54D70120AE
:10572000BCD7012024D8012080B582B000AF7860BA
:1057300001F0CAFA2D4B1B6801332C4A13602C4B25
:105740001B68002B09D12A4A7B681360274B1B6812
:10575000012B10D100F052FC0DE0264B1B68002BF2
:1057600009D1234B1B68DA6A7B68DB6A9A4202D84C
:105770001F4A7B681360204B1B6801331E4A13606D
:105780001D4B1A687B685A647B68DA6A1B4B1B687E
:105790009A4203D97B68DB6A184A13607B68DA6A2D
:1057A00013469B0013449B00154A1A447B6804333C
:1057B00019461046FEF7DDFF01F0B8FA0D4B1B68E5
:1057C000002B0ED00A4B1B68DA6A7B68DB6A9A42B0
:1057D00007D20C4B4FF080521A60BFF34F8FBFF3CC
:1057E0006F8F00BF0837BD4680BD00BFD445002085
:1057F00000410020E0450020F0450020DC4500206D
:105800000441002004ED00E080B584B000AF786072
:105810000023FB607B68002B18D0144B1B68002B07
:105820000BD04FF0500383F31188BFF36F8FBFF39A
:105830004F8FBB6000BF00BFFDE700F08BF8002179
:10584000786800F065FD00F093F8F860FB68002BC5
:1058500007D1074B4FF080521A60BFF34F8FBFF351
:105860006F8F00BF1037BD4680BD00BFFC450020D4
:1058700004ED00E080B58AB004AF0023BB600023D4
:105880007B603A46391D07F108031846FEF710FF02
:1058900039687B68BA680292019300230093002361
:1058A0000A4624492448FFF7F1FD0346234A1360C2
:1058B000224B1B68002B02D001237B6101E00023F7
:1058C0007B617B69012B02D100F076FD78617B69F9
:1058D000012B1BD14FF0500383F31188BFF36F8F5F
:1058E000BFF34F8F3B6100BF154B1B685433154A04
:1058F0001360154B4FF0FF321A60144B01221A60EF
:10590000134B00221A6001F03BF90FE07B69B3F101
:10591000FF3F0BD14FF0500383F31188BFF36F8F1C
:10592000BFF34F8FFB6000BF00BFFDE700BF18371C
:10593000BD4680BDD4C00108CD5F0108F8450020F8
:105940000041002010000020F4450020E045002028
:10595000D845002080B400AF044B1B680133034AD4
:10596000136000BFBD465DF8047B7047FC45002016
:1059700080B584B000AF0023FB600023BB60424BC6
:105980001B68002B0BD14FF0500383F31188BFF33A
:105990006F8FBFF34F8F3B6000BF00BFFDE701F08B
:1059A00093F9394B1B68013B374A1360364B1B6830
:1059B000002B62D1354B1B68002B5ED02FE0344B9F
:1059C000DB68DB68FB60FB6818331846FEF72EFFC8
:1059D000FB6804331846FEF729FFFB68DA6A2D4B93
:1059E0001B689A4203D9FB68DB6A2A4A1360FB688A
:1059F000DA6A13469B0013449B00274A1A44FB684B
:105A0000043319461046FEF7B4FEFB68DA6A234BEE
:105A10001B68DB6A9A4202D3214B01221A601C4B9D
:105A20001B68002BCBD1FB68002B01D000F0C2FB20
:105A30001C4B1B687B607B68002B10D000F046F885
:105A40000346002B02D0164B01221A607B68013BF3
:105A50007B607B68002BF1D1124B00221A60104B47
:105A60001B68002B09D00123BB600F4B4FF0805205
:105A70001A60BFF34F8FBFF36F8F01F057F9BB6808
:105A800018461037BD4680BDFC450020D445002097
:105A900094450020DC450020044100200041002006
:105AA000E8450020E445002004ED00E080B483B028
:105AB00000AF054B1B687B607B6818460C37BD4602
:105AC0005DF8047B704700BFD845002080B586B0E4
:105AD00000AF00237B614F4B1B68002B40F0908090
:105AE0004D4B1B6801333B614B4A3B6913603B697B
:105AF000002B21D1494B1B681B68002B0BD04FF0AA
:105B0000500383F31188BFF36F8FBFF34F8F3B6058
:105B100000BF00BFFDE7414B1B68FB60404B1B68AB
:105B20003E4A13603E4AFB6813603E4B1B680133DC
:105B30003C4A136000F03EFB3B4B1B683A699A42BB
:105B400049D3364B1B681B68002B04D1364B4FF0F2
:105B5000FF321A603FE0314B1B68DB68DB68BB60DB
:105B6000BB685B687B603A697B689A4203D22E4AC5
:105B70007B6813602FE0BB6804331846FEF756FEBF
:105B8000BB689B6A002B04D0BB6818331846FEF72D
:105B90004DFEBB68DA6A254B1B689A4203D9BB6885
:105BA000DB6A224A1360BB68DA6A13469B0013441F
:105BB0009B001F4A1A44BB68043319461046FEF77F
:105BC000D8FDBB68DA6A1B4B1B68DB6A9A42B8D304
:105BD00001237B61B5E7174B1B68DA6A144913464A
:105BE0009B0013449B000B441B68012B01D901232C
:105BF0007B61114B1B68002B07D001237B6104E004
:105C00000E4B1B6801330D4A13607B691846183729
:105C1000BD4680BDFC450020D84500208C450020B5
:105C200090450020EC450020F4450020DC45002094
:105C30000441002000410020E8450020E445002008
:105C400080B586B000AF3D4B1B68002B03D03C4BAA
:105C500001221A606EE03A4B00221A60394B1B6831
:105C60001B6B3B614FF0A533FB603B691B68FA6817
:105C70009A4211D13B6904331B68FA689A420BD1EE
:105C80003B6908331B68FA689A4205D13B690C33BB
:105C90001B68FA689A4208D02A4B1A68294B1B687D
:105CA000343319461046EBF7B3FA274B1B687B6178
:105CB00011E07B69002B0BD14FF0500383F3118867
:105CC000BFF36F8FBFF34F8F7B6000BF00BFFDE757
:105CD0007B69013B7B611D497A6913469B00134434
:105CE0009B000B441B68002BE3D07A6913469B0092
:105CF00013449B00154A1344BB60BB685B685A6839
:105D0000BB685A60BB685A68BB6808339A4204D1C2
:105D1000BB685B685A68BB685A60BB685B68DB68D5
:105D2000084A1360084A7B691360064B1B685433AA
:105D3000074A136000BF1837BD4680BDFC450020F0
:105D4000E845002000410020DC45002004410020FF
:105D50001000002080B584B000AF786039607B68A7
:105D6000002B0BD14FF0500383F31188BFF36F8FDB
:105D7000BFF34F8FFB6000BF00BFFDE7074B1B6801
:105D8000183319467868FEF718FD0121386800F0CD
:105D9000BFFA00BF1037BD4680BD00BF00410020E4
:105DA00080B586B000AFF860B9607A60FB68002B00
:105DB0000BD14FF0500383F31188BFF36F8FBFF304
:105DC0004F8F7B6100BF00BFFDE70A4B1B68183394
:105DD0001946F868FEF7CDFC7B68002B02D04FF027
:105DE000FF33BB607968B86800F092FA00BF1837DB
:105DF000BD4680BD0041002080B586B000AF786010
:105E00007B68DB68DB683B613B69002B0BD14FF0A3
:105E1000500383F31188BFF36F8FBFF34F8FFB6085
:105E200000BF00BFFDE73B6918331846FEF7FEFCD4
:105E30001D4B1B68002B1DD13B6904331846FEF730
:105E4000F5FC3B69DA6A194B1B689A4203D93B6936
:105E5000DB6A164A13603B69DA6A13469B001344F7
:105E60009B00134A1A443B69043319461046FEF757
:105E700080FC05E03B69183319460E48FEF779FCB3
:105E80003B69DA6A0C4B1B68DB6A9A4205D901232D
:105E90007B610A4B01221A6001E000237B617B6970
:105EA00018461837BD4680BDFC450020DC45002063
:105EB000044100209445002000410020E8450020D6
:105EC00080B483B000AF7860064B1A687B681A60B4
:105ED000054B1A687B685A6000BF0C37BD465DF8F9
:105EE000047B7047EC450020D845002080B588B081
:105EF00000AF786039607B68002B0BD14FF0500306
:105F000083F31188BFF36F8FBFF34F8F3B6100BFE7
:105F100000BFFDE73B68002B0BD14FF0500383F32C
:105F20001188BFF36F8FBFF34F8FFB6000BF00BFBF
:105F3000FDE700F0C9FE1D4B1B68BB617B685B6819
:105F4000BA69D31A7B613B681B68B3F1FF3F02D18A
:105F50000023FB6123E07B681A68154B1B689A429B
:105F600007D07B685B68BA699A4202D30123FB6160
:105F700015E03B681B687A699A420BD23B681A6845
:105F80007B69D21A3B681A607868FFF799FF002393
:105F9000FB6104E03B6800221A600123FB6100F012
:105FA000C5FEFB6918462037BD4680BDD845002098
:105FB000EC45002080B400AF034B01221A6000BF03
:105FC000BD465DF8047B7047E845002080B582B08F
:105FD00000AF786000F052F8064B1B68012BF9D92E
:105FE000054B4FF080521A60BFF34F8FBFF36F8F96
:105FF000F0E700BF0441002004ED00E080B582B06E
:1060000000AF00237B600CE07A6813469B001344CA
:106010009B00124A13441846FEF77EFB7B6801334F
:106020007B607B68372BEFD90D48FEF775FB0D4879
:10603000FEF772FB0C48FEF76FFB0C48FEF76CFB9B
:106040000B48FEF769FB0B4B054A1A600A4B054AE1
:106050001A6000BF0837BD4680BD00BF0441002064
:10606000644500207845002094450020A845002084
:10607000C04500208C4500209045002080B582B0AE
:1060800000AF19E000F020FE104BDB68DB687B609E
:106090007B6804331846FEF7C9FB0D4B1B68013BB8
:1060A0000B4A13600B4B1B68013B0A4A136000F05C
:1060B0003DFE786800F048F8064B1B68002BE1D1E4
:1060C00000BF00BF0837BD4680BD00BFA845002007
:1060D000D4450020BC45002080B485B000AF786076
:1060E0000023FB6005E07B6801337B60FB680133C4
:1060F000FB607B681B78A52BF5D0FB689B08FB60D9
:10610000FB689BB218461437BD465DF8047B7047A8
:1061100080B586B000AF78607B68002B02D1094B58
:106120001B6800E07B687B617B691B6B3B613869A6
:10613000FFF7D2FF0346FB60FB6818461837BD46E1
:1061400080BD00BF0041002080B584B000AF786002
:106150007B685433184601F05FF97B6893F8A530EB
:10616000002B08D17B681B6B184600F0A3FF7868F2
:1061700000F0A0FF19E07B6893F8A530012B03D154
:10618000786800F097FF10E07B6893F8A530022B49
:106190000BD04FF0500383F31188BFF36F8FBFF321
:1061A0004F8FFB6000BF00BFFDE700BF1037BD464B
:1061B00080BD000080B483B000AF0C4B1B681B682F
:1061C000002B04D10A4B4FF0FF321A6008E0074B56
:1061D0001B68DB68DB687B607B685B68044A136074
:1061E00000BF0C37BD465DF8047B70478C4500202E
:1061F000F445002080B483B000AF0B4B1B68002B2C
:1062000002D101237B6008E0084B1B68002B02D100
:1062100002237B6001E000237B607B6818460C371B
:10622000BD465DF8047B7047E0450020FC4500203A
:1062300080B586B000AF78607B683B6100237B61EE
:106240007B68002B58D02F4B1B683A699A420BD0C1
:106250004FF0500383F31188BFF36F8FBFF34F8F5D
:10626000FB6000BF00BFFDE73B691B6D002B0BD13E
:106270004FF0500383F31188BFF36F8FBFF34F8F3D
:10628000BB6000BF00BFFDE73B691B6D5A1E3B6949
:106290001A653B69DA6A3B69DB6C9A422CD03B6930
:1062A0001B6D002B28D13B6904331846FEF7BEFA5C
:1062B0003B69DA6C3B69DA623B69DB6AC3F138023D
:1062C0003B699A613B69DA6A0F4B1B689A4203D9B2
:1062D0003B69DB6A0C4A13603B69DA6A13469B0030
:1062E00013449B00094A1A443B690433194610467B
:1062F000FEF73FFA01237B617B6918461837BD46DC
:1063000080BD00BF00410020DC450020044100208A
:1063100080B584B000AF78603960214B1B68FB60AA
:10632000204B1B6804331846FEF780FA7B68B3F1F4
:10633000FF3F0AD13B68002B07D01A4B1B68043380
:1063400019461948FEF715FA26E0FA687B681344E7
:10635000BB60144B1B68BA685A60BA68FB689A4203
:1063600009D2124B1A680F4B1B68043319461046AA
:10637000FEF723FA10E00E4B1A680A4B1B68043331
:1063800019461046FEF719FA0A4B1B68BA689A427A
:1063900002D2084ABB68136000BF1037BD4680BDFB
:1063A000D845002000410020C04500209045002035
:1063B0008C450020F445002080B58AB004AF00234E
:1063C0007B6100F013FB1D4B1B68002B21D00023C9
:1063D000FB600023BB603A1D07F1080107F10C03C5
:1063E0001846FEF77FF97968BB68FA680292019354
:1063F0000223009300230A4611491248FFF746F88A
:106400000346114A1360104B1B68002B01D0012377
:106410007B617B69002B0BD14FF0500383F3118814
:10642000BFF36F8FBFF34F8F3B6100BF00BFFDE72E
:106430007B6918461837BD4680BD00BF3046002036
:10644000DCC00108856501083446002080B58AB0AB
:1064500000AFF860B9607A603B6000237B62FB6844
:10646000002B0BD14FF0500383F31188BFF36F8FD4
:10647000BFF34F8F3B6200BF00BFFDE7194B1B68A6
:10648000002B2AD0BB683B617B687B61FB68BB61EA
:10649000BB68052B18DCFFF7ADFE0346022B09D1C4
:1064A000104B186807F1100100233A6BFEF72EFB22
:1064B000786212E00B4B186807F1100100230022EC
:1064C000FEF724FB786208E0064B186807F110011C
:1064D00000233A68FEF71CFC78627B6A184628376E
:1064E000BD4680BD3046002080B588B002AF7860E0
:1064F0003960234B1B68DB68DB687B617B69043395
:106500001846FEF793F97B6993F8283003F00403EB
:10651000002B23D07B699A697B68D1187B683A6825
:10652000786900F0D5F80346002B20D000230093B3
:1065300000237A6800217869FFF788FF38613B699A
:10654000002B14D14FF0500383F31188BFF36F8FEA
:10655000BFF34F8FFB6000BF00BFFDE77B6993F87F
:10656000283023F00103DAB27B6983F828207B69A5
:106570001B6A7869984700BF1837BD4680BD00BFC9
:106580002846002080B584B000AF786007F108038A
:10659000184600F059F8F860BB681946F86800F032
:1065A00005F800F0D7F800BFF0E7000080B584B030
:1065B00000AF78603960FFF7CDF907F1080318469E
:1065C00000F066F8F860BB68002B30D13B68002B08
:1065D0000AD17A68FB689A4206D8FFF7C9F9F968C8
:1065E0007868FFF781FF24E03B68002B08D0134B4D
:1065F0001B681B68002B01D1012300E000233B60D6
:106600000F4B18687A68FB68D31A3A681946FEF788
:1066100009FFFFF7ADF90346002B0AD1094B4FF0F4
:1066200080521A60BFF34F8FBFF36F8F01E0FFF707
:106630009FF900BF1037BD4680BD00BF2C4600202B
:106640003046002004ED00E080B485B000AF7860F3
:106650000E4B1B681B68002B01D1012200E00022B9
:106660007B681A607B681B68002B05D1074B1B6891
:10667000DB681B68FB6001E00023FB60FB681846D9
:106680001437BD465DF8047B704700BF28460020E4
:1066900080B584B000AF7860FFF708FAF8600B4B64
:1066A0001B68FA689A4205D200F03AF97B68012229
:1066B0001A6002E07B6800221A60044AFB681360DB
:1066C000FB6818461037BD4680BD00BF3846002025
:1066D00080B586B000AFF860B9607A603B60002397
:1066E0007B61FB68BA685A60FB68FA681A61BA682D
:1066F0007B689A4212D87A683B68D21AFB689B6919
:106700009A4202D301237B611BE0104B1A68FB689D
:10671000043319461046FEF750F812E07A683B68D9
:106720009A4206D2BA683B689A4202D301237B613F
:1067300007E0074B1A68FB68043319461046FEF75A
:106740003CF87B6918461837BD4680BD2C460020B2
:106750002846002080B58EB002AFCEE07B68002BCB
:1067600019DA3B1D0433FB62FB6A002B0BD14FF09F
:10677000500383F31188BFF36F8FBFF34F8FFB611B
:1067800000BF00BFFDE7FB6A1B68FA6A5068FA6A3F
:106790009268114698477B68002BC0F2AE80FB6878
:1067A000BB62BB6A5B69002B04D0BB6A043318462A
:1067B000FEF73CF83B461846FFF76AFF78627B68B5
:1067C000092B00F2978001A252F823F0F567010827
:1067D000F5670108F56701086B6801087F68010823
:1067E000CB680108F5670108F56701086B680108C7
:1067F0007F680108BB6A93F8283043F00103DAB2DE
:10680000BB6A83F82820BA68BB6A9B69D118BB6849
:106810007A6AB86AFFF75CFF0346002B6CD0BB6A4C
:106820001B6AB86A9847BB6A93F8283003F00403E0
:10683000002B61D0BA68BB6A9B691A44002300939D
:1068400000230021B86AFFF701FE38623B6A002B83
:1068500052D14FF0500383F31188BFF36F8FBFF312
:106860004F8FBB6100BF00BFFDE7BB6A93F82830C4
:1068700023F00103DAB2BB6A83F828203DE0BB6A4B
:1068800093F8283043F00103DAB2BB6A83F828207A
:10689000BA68BB6A9A61BB6A9B69002B0BD14FF047
:1068A000500383F31188BFF36F8FBFF34F8F7B616A
:1068B00000BF00BFFDE7BB6A9A697B6AD1187B6A9B
:1068C0007A6AB86AFFF704FF17E0BB6A93F82830CA
:1068D00003F00203002B03D1B86A00F0EBFB0CE0DD
:1068E000BB6A93F8283023F00103DAB2BB6A83F85D
:1068F000282002E000BF00E000BF084B1B68391DE4
:1069000000221846FEF7A2FA0346002B7FF426AFBA
:1069100000BF00BF3037BD4680BD00BF30460020FD
:1069200080B588B002AF49E02E4B1B68DB681B685E
:106930003B612C4B1B68DB68DB68FB60FB68043346
:106940001846FDF773FFFB681B6AF8689847FB68F9
:1069500093F8283003F00403002B2FD0FB689B69C9
:106960003A691344BB60BA683B699A420ED9FB6826
:10697000BA685A60FB68FA681A611A4B1A68FB68B1
:10698000043319461046FDF718FF17E00023009363
:1069900000233A690021F868FFF758FD78607B68AA
:1069A000002B0BD14FF0500383F31188BFF36F8F8F
:1069B000BFF34F8F3B6000BF00BFFDE7094B1B6873
:1069C0001B68002BB0D1074B1B687B61064B1B6813
:1069D000044A1360044A7B69136000BF1837BD4640
:1069E00080BD00BF284600202C46002080B582B024
:1069F00002AF00F069F9154B1B68002B20D1144839
:106A0000FDF78AFE1348FDF787FE134B104A1A6004
:106A1000124B104A1A6000230093114B114A1021A7
:106A20000A20FDF797FF0346084A1360074B1B68CF
:106A3000002B05D0054B1B680B491846FEF79EFC42
:106A400000F074F900BFBD4680BD00BF3046002095
:106A50000046002014460020284600202C46002036
:106A6000DC4600203C460020E4C0010880B485B02C
:106A700000AFF860B9607A60FB68043BFB60FB68BC
:106A80004FF080721A60FB68043BFB60BB6823F028
:106A90000102FB681A60FB68043BFB600C4AFB6860
:106AA0001A60FB68143BFB607A68FB681A60FB683D
:106AB000043BFB60FB686FF002021A60FB68203B3E
:106AC000FB60FB6818461437BD465DF8047B7047D1
:106AD000D56A010880B485B000AF00237B60134BFA
:106AE0001B68B3F1FF3F0BD04FF0500383F31188C5
:106AF000BFF36F8FBFF34F8FFB6000BF00BFFDE799
:106B00004FF0500383F31188BFF36F8FBFF34F8FA4
:106B1000BB6000BF00BF7B68002BFCD000BF00BF84
:106B20001437BD465DF8047B704700BF0C000020A1
:106B3000074B19680868B0E8F04F80F30988BFF385
:106B40006F8F4FF0000080F311887047AFF3008023
:106B50000041002000BF00BF08480068006880F3C3
:106B600008884FF0000080F3148862B661B6BFF366
:106B70004F8FBFF36F8F00DF00BF00BF08ED00E055
:106B800080B586B000AF474B1B68474A93420BD194
:106B90004FF0500383F31188BFF36F8FBFF34F8F14
:106BA000FB6000BF00BFFDE73E4B1B683F4A9342BE
:106BB0000BD14FF0500383F31188BFF36F8FBFF3F6
:106BC0004F8F3B6100BF00BFFDE7394B7B617B69A5
:106BD0001B78DBB27B607B69FF221A707B691B78B4
:106BE000DBB2FB70FB78DBB203F05003DAB2314B5F
:106BF0001A70314B07221A6009E02F4B1B68013BCA
:106C00002D4A1360FB78DBB25B00DBB2FB70FB78D4
:106C1000DBB203F08003802BEFD0274B1B68C3F15E
:106C20000703042B0BD04FF0500383F31188BFF3FD
:106C30006F8FBFF34F8FBB6000BF00BFFDE71E4BE0
:106C40001B681B021C4A13601B4B1B6803F4E063A8
:106C5000194A13607B68DAB27B691A70174B1B689C
:106C6000164A43F470031360144B1B68134A43F035
:106C70007043136000F0DAF8114B00221A6000F044
:106C8000F9F8104B1B680F4A43F040431360FFF7BD
:106C900063FFFEF7D5FFFFF71DFF002318461837E7
:106CA000BD4680BD00ED00E071C20F4170C20F41D2
:106CB00000E400E02C4700203047002020ED00E0F9
:106CC0000C00002034EF00E080B483B000AF4FF040
:106CD000500383F31188BFF36F8FBFF34F8F7B6037
:106CE00000BF104B1B6801330E4A13600D4B1B682D
:106CF000012B10D10C4B1B68DBB2002B0BD04FF0DB
:106D0000500383F31188BFF36F8FBFF34F8F3B6046
:106D100000BF00BFFDE700BF0C37BD465DF8047B38
:106D2000704700BF0C00002004ED00E080B483B089
:106D300000AF124B1B68002B0BD14FF0500383F3B5
:106D40001188BFF36F8FBFF34F8F7B6000BF00BF11
:106D5000FDE70A4B1B68013B084A1360074B1B68A1
:106D6000002B05D100233B603B6883F3118800BFF3
:106D700000BF0C37BD465DF8047B70470C00002057
:106D8000EFF30980BFF36F8F154B1A681EF0100FD9
:106D900008BF20ED108A20E9F04F106009B44FF0D1
:106DA000500080F31188BFF34F8FBFF36F8FFEF752
:106DB00047FF4FF0000080F3118809BC196808688C
:106DC000B0E8F04F1EF0100F08BFB0EC108A80F34F
:106DD0000988BFF36F8F7047AFF30080AFF3008077
:106DE0000041002000BF00BF80B582B000AF4FF06F
:106DF000500383F31188BFF36F8FBFF34F8F7B6016
:106E000000BFFEF763FE0346002B03D0064B4FF096
:106E100080521A6000233B603B6883F3118800BFF7
:106E200000BF0837BD4680BD04ED00E080B400AF70
:106E30000B4B00221A600B4B00221A600A4B1B6896
:106E40000A4AA2FB03239B09094A013B1360044B36
:106E500007221A6000BFBD465DF8047B704700BF83
:106E600010E000E018E000E000000020D34D6210C8
:106E700014E000E0DFF80C00016841F470010160EB
:106E8000704700BF88ED00E080B485B000AFEFF33D
:106E90000583FB60FB680F2B15D9184AFB68134468
:106EA0001B78FB72164B1B78FA7A9A420BD24FF082
:106EB000500383F31188BFF36F8FBFF34F8F7B6055
:106EC00000BF00BFFDE70F4B1B6803F4E0620E4BF1
:106ED0001B689A420BD94FF0500383F31188BFF31C
:106EE0006F8FBFF34F8F3B6000BF00BFFDE700BF58
:106EF0001437BD465DF8047B704700BFF0E300E047
:106F00002C4700200CED00E03047002080B58AB00F
:106F100000AF78600023FB61FEF71CFD5F4B1B6830
:106F2000002B01D100F042F95D4B1A687B681340D9
:106F3000002B40F095807B68002B1ED008227B68D8
:106F400013447B607B6803F00703002B15D07B683C
:106F500023F0070308337B607B6803F00703002BF3
:106F60000BD04FF0500383F31188BFF36F8FBFF343
:106F70004F8F7B6100BF00BFFDE77B68002B6FD0A8
:106F8000484B1B687A689A426AD8474B3B62464B2B
:106F90001B687B6204E07B6A3B627B6A1B687B62E6
:106FA0007B6A5B687A689A4203D97B6A1B68002B0C
:106FB000F1D13A4B1B687A6A9A4251D03B6A1B68FE
:106FC00008221344FB617B6A1A683B6A1A607B6A79
:106FD0005A687B68D21A08235B009A4220D97A6AE1
:106FE0007B681344BB61BB6903F00703002B0BD024
:106FF0004FF0500383F31188BFF36F8FBFF34F8FB0
:107000003B6100BF00BFFDE77B6A5A687B68D21A0C
:10701000BB695A607B6A7A685A60B86900F028F9DF
:10702000204B1A687B6A5B68D31A1E4A13601D4B9B
:107030001A681E4B1B689A4203D21A4B1B681B4AE4
:1070400013607B6A5A68164B1B681A437B6A5A6046
:107050007B6A00221A60164B1B680133144A1360C6
:10706000FEF786FCFB69002B01D1EAF7E5F8FB6926
:1070700003F00703002B0BD04FF0500383F311886C
:10708000BFF36F8FBFF34F8FFB6000BF00BFFDE703
:10709000FB6918462837BD4680BD00BF3CD701209C
:1070A00050D7012040D7012034D7012044D70120F8
:1070B00048D7012080B586B000AF78607B687B61DF
:1070C0007B68002B4FD008235B427A6913447B61B5
:1070D0007B693B613B695A68254B1B681340002B59
:1070E0000BD14FF0500383F31188BFF36F8FBFF3C1
:1070F0004F8FFB6000BF00BFFDE73B691B68002BA3
:107100000BD04FF0500383F31188BFF36F8FBFF3A1
:107110004F8FBB6000BF00BFFDE73B695A68144B4F
:107120001B681340002B1ED03B691B68002B1AD133
:107130003B695A680E4B1B68DB431A403B695A6037
:10714000FEF708FC3B695A680A4B1B681344094A5E
:107150001360386900F08CF8074B1B680133064A4E
:107160001360FEF705FC00BF1837BD4680BD00BFA9
:1071700050D7012040D701204CD7012080B400AF68
:10718000034B1B681846BD465DF8047B704700BF83
:1071900040D7012080B400AF034B1B681846BD46A2
:1071A0005DF8047B704700BF44D7012080B485B0F0
:1071B00000AF4FF4C833BB60274BFB60FB6803F0A4
:1071C0000703002B0CD0FB680733FB60FB6823F040
:1071D0000703FB60BA68FB68D31A1F4A1344BB60FD
:1071E000FB687B601D4A7B6813601C4B00225A6061
:1071F0007B68BA681344FB600822FB689B1AFB603B
:10720000FB6823F00703FB60FB68154A1360144B0F
:107210001B6800225A60124B1B6800221A607B68B0
:107220003B603B68FA68D21A3B685A600C4B1A689C
:107230003B681A603B685B680A4A13603B685B689E
:10724000094A1360094B4FF000421A6000BF14371F
:10725000BD465DF8047B70473447002034D70120D9
:107260003CD7012044D7012040D7012050D701202E
:1072700080B485B000AF7860284BFB6002E0FB680B
:107280001B68FB60FB681B687A689A42F7D8FB684A
:10729000BB60FB685B68BA6813447A689A4208D19D
:1072A000FB685A687B685B681A44FB685A60FB6835
:1072B0007B607B68BB607B685B68BA681A44FB686C
:1072C0001B689A4218D1FB681A68154B1B689A42D2
:1072D0000DD07B685A68FB681B685B681A447B6842
:1072E0005A60FB681B681A687B681A6008E00C4BE0
:1072F0001A687B681A6003E0FB681A687B681A608A
:10730000FA687B689A4202D0FB687A681A6000BF0C
:107310001437BD465DF8047B704700BF34D70120A9
:107320003CD701200CB430B5184B0C1E1D689DB025
:1073300008DA8B232B604FF0FF301DB0BDE83040E2
:1073400002B070474FF40273ADF814304FF00003F1
:107350001B9314BF04F1FF332346049307934FF6A6
:10736000FF7302900690ADF81630209A21AB02A967
:107370002846019300F040FA431CBCBF8B232B60CE
:10738000002CDAD0029B00221A70D6E710000020F1
:1073900030B51446002C9BB005461A4605DA8B23FF
:1073A00003604FF0FF301BB030BD4FF40273ADF8F7
:1073B0000C304FF00003199314BF04F1FF33234640
:1073C000029305934FF6FF7300910491ADF80E30D0
:1073D00069461E9B00F010FA431CBCBF8B232B6038
:1073E000002CE0D0009B00221A70DCE707B5009368
:1073F00013460A46014603480068FFF7C9FF03B079
:1074000000BD00BF1000002002440346934200D19B
:10741000704703F8011BF9E72D4B1B68834270B5D9
:10742000044653D0C3691BB3DB6863B10025E3692D
:10743000DB685959B1B90435802DF8D1E36920468C
:10744000D96800F081F8E369196811B1204600F0AD
:107450007BF8E3699D685DB1294620462D6800F000
:1074600073F8F8E70E68204600F06EF83146E1E761
:10747000616911B1204600F067F8E16911B1204659
:1074800000F062F8216B11B1204600F05DF8616BED
:1074900011B1204600F058F8A16B11B1204600F060
:1074A00053F8A16C11B1204600F04EF8616C11B197
:1074B000204600F049F8E16A11B1204600F044F896
:1074C000236A1BB12046BDE87040184770BD00BF5D
:1074D00010000020014B1868704700BF100000200A
:1074E00070B50D4B0D4D5B1B9C100026A64209D1BB
:1074F00001F0FCFD0A4D0B4B5B1B9C100026A642C5
:1075000005D170BD55F8043B98470136EEE755F8B4
:10751000043B98470136F2E748C6010848C601080F
:1075200048C601084CC60108704770470A4491429A
:1075300000F1FF3300D1704710B511F8014B03F88B
:10754000014F9142F9D110BD38B50546002941D00F
:1075500051F8043C0C1F002BB8BFE41800F0E0F811
:107560001D4A136833B9636014602846BDE838408B
:1075700000F0DCB8A34208D9206821188B4201BF73
:1075800019685B6809182160EDE71A465B680BB162
:10759000A342FAD911685018A0420BD120680144C7
:1075A000501883421160E0D118685B68536008444A
:1075B0001060DAE702D90C232B60D6E72068211887
:1075C0008B4204BF19685B68636004BF09182160BF
:1075D0005460CAE738BD00BF98D8012070B50F4E7F
:1075E0000C463168054611B900F0ACFB306021460D
:1075F000284600F0A7FB431C03D14FF0FF34204680
:1076000070BDC41C24F00304A042F8D0211A2846FF
:1076100000F098FB0130F2D1EFE700BF94D80120D1
:107620002DE9F843CD1C25F0030508350C2D38BF96
:107630000C25002D064601DBA94204D90C2333603A
:107640000020BDE8F883DFF8D48000F069F8D8F8AE
:1076500000301C4644BB29463046FFF7BFFF431CA1
:10766000044658D1D8F800402746002F43D1002CBB
:107670004BD023683946304604EB030900F062FB27
:10768000814542D121686D1A29463046FFF7A6FF91
:1076900001303AD023682B442360D8F800305A6870
:1076A00062BBC8F800700FE02268521B20D40B2A7E
:1076B00017D96119A342256018BF5960636808BFD4
:1076C000C8F8001062514B60304600F02FF804F10A
:1076D0000B00231D20F00700C21A1CBF1B1AA35069
:1076E000AFE76268A3420CBFC8F800205A60EBE71E
:1076F00023466468AEE73C467F68B6E71A465B6897
:10770000A342FBD100235360DEE70C2333603046F5
:1077100000F00CF894E70560D6E700BF98D8012088
:107720000148FFF701BF00BF90D801200148FFF7D3
:10773000FCBE00BF90D801202DE9F0478E681F469F
:10774000BE4282460C469046334653D8B1F90C00EF
:1077500010F4906F2BD065692368096905EB450526
:10776000A3EB010905EBD5757B1C6D104B44AB42B7
:107770002A4684BF1D462A46430527D51146504652
:10778000FFF74EFF064658B321694A46FFF7CEFE83
:10779000A38923F4906343F08003A381266165618C
:1077A0004E44A5EB09052660A5603E463B461F46B4
:1077B00020683A46414600F0ABFAA3689B1BA360E1
:1077C00023683B4423600020BDE8F087504600F06A
:1077D000C9FA06460028E1D121695046FFF7B4FEF8
:1077E0000C23CAF80030A38943F04003A3814FF073
:1077F000FF30E9E73E46DBE72DE9F0471F468B897E
:107800001B069CB006460D46144610D50B6973B98D
:107810004021FFF705FF2860286130B90C23336051
:107820004FF0FF301CB0BDE8F08740236B610023B0
:10783000099320238DF8293003973023654F8DF865
:107840002A304FF001082346994613F8012B0AB15C
:10785000252AF9D1B9EB040A0BD053462246294612
:107860003046FFF769FF013000F0A480099A5244C6
:10787000099299F80030002B00F09C8000234FF013
:10788000FF32CDE9052309F10109049307938DF82F
:1078900053301A934C464F4814F8011B0522E8F761
:1078A00097FC049BD0B9D80644BF20228DF8532002
:1078B000190744BF2B228DF8532099F800202A2A5B
:1078C00013D0079A4C4600204FF00A0C214611F8BD
:1078D000013B303B092B49D968B913E0C01B08FABA
:1078E00000F018430490A146D4E7039A111D1268D2
:1078F0000391002A01DB079204E0524243F00203A5
:107900000792049323782E2B0AD163782A2B32D145
:10791000039B1A1D1B68039243EAE3730234059329
:10792000DFF8C090217803224846E8F751FC38B1CF
:10793000049BA0EB090040228240134301340493CE
:1079400014F8011B24488DF828100622E8F740FCA3
:10795000002835D0214818BB039B073323F00703C9
:1079600008330393099B034409936CE70CFB023231
:107970000C460120AAE700230134059319464FF075
:107980000A0C204610F8012B303A092A03D9002BA3
:10799000C6D00591C4E70CFB012104460123F0E7A2
:1079A00003AB00932A460E4B04A93046AFF3008088
:1079B000421CD7D1AB895B063FF532AF099831E75E
:1079C00003AB00932A46064B04A9304600F07AF830
:1079D000EEE700BFF4C10108FEC10108000000008D
:1079E00039770108FAC101082DE9F0471646984693
:1079F0008A680B69DDF820909342B8BF1346336064
:107A000091F8432007460C460AB1013333602368DE
:107A1000990642BF336802333360256815F00605C6
:107A200006D104F1190AE36832689B1AAB4226DCDE
:107A300094F843302268003B18BF012392062BD4F0
:107A400004F1430241463846C84701301ED023683E
:107A5000226903F00603042B02BFE5683368ED1AC0
:107A6000A3680CBF25EAE57500259342C4BF9B1AA5
:107A7000ED1800261A34B5421AD1002008E001237F
:107A8000524641463846C847013003D14FF0FF30D7
:107A9000BDE8F0870135C6E7E1185A1C302081F8AF
:107AA0004300224494F8451082F843100233C7E79C
:107AB0000123224641463846C8470130E6D0013608
:107AC000D9E700002DE9F0430D7E85B0782D904672
:107AD0000C9E07460C46994601F1430207D8622DD9
:107AE0000AD8002D00F0D780582D00F0BC8004F19A
:107AF000420684F842503BE0A5F16303152BF6D80B
:107B000001A151F823F000BF617B0108757B0108DA
:107B1000EF7A0108EF7A0108EF7A0108EF7A01089D
:107B2000757B0108EF7A0108EF7A0108EF7A010806
:107B3000EF7A01087D7C01089F7B01082F7C0108FA
:107B4000EF7A0108EF7A01089F7C0108EF7A0108BB
:107B50009F7B0108EF7A0108EF7A0108377C010862
:107B600033681A1D1B68326004F1420684F8423003
:107B70000123A1E033682068191D3160060601D594
:107B80001D6803E04506FBD5B3F90050002D03DA6C
:107B90002D236D4284F843305B480A2311E02168AD
:107BA0003368080653F8045B02D4490648BFADB2F7
:107BB0003360237E54486F2B5CD10823002184F866
:107BC00043106668A660002E05DB21682E4321F075
:107BD0000401216050D01646B5FBF3F103FB115CA4
:107BE00010F80CC006F801CDAC4663450D46F3D93C
:107BF000082B0BD12368DB0708D5236961689942FC
:107C0000DEBF302306F8013C06F1FF36921B2261ED
:107C1000CDF80090434603AA21463846FFF7E4FE1C
:107C200001304ED14FF0FF3005B0BDE8F08323683E
:107C300043F0200323603548782584F845502368B5
:107C4000316813F0800F51F8045B03D113F0400F3B
:107C500018BFADB23160D90744BF43F020032360A1
:107C60001DB11023AAE72848E7E7236823F0200383
:107C70002360F6E70A23A1E71646B9E733682568CB
:107C80006169181D30602E061B6801D5196002E07D
:107C90006806FBD51980002323611646B8E73368D0
:107CA0001A1D32601E68626800213046E8F790FABB
:107CB00008B1801B606063682361002384F843304F
:107CC000A6E72369324641463846C8470130A9D065
:107CD00023689B0713D4E068039B9842B8BF1846FB
:107CE000A2E70123324641463846C847013099D0C1
:107CF0000135E36803995B1AAB42F2DCEBE7002540
:107D000004F11906F5E700BF05C2010816C2010813
:107D1000884210B501EB020402D98442234607D8F9
:107D2000431EA14207D011F8012B03F8012FF8E7F9
:107D30000244824200D110BD13F8011D02F8011D5A
:107D4000F7E7000038B5064D0023044608462B60CF
:107D5000F5F730FC431C02D12B6803B1236038BD1A
:107D60008CD801202DE9F041074614460D4621B973
:107D7000BDE8F0411146FFF753BC2AB9FFF7E4FB19
:107D800025462846BDE8F08100F01AF884420646F0
:107D900002D8B4EB500FF4D821463846FFF740FC28
:107DA000804608B94546ECE7B4422246294628BF3A
:107DB0003246FFF7BBFB29463846FFF7C5FBF1E724
:107DC00051F8043C181F002BBCBF0B58C01870475B
:107DD00038B52DED028B55EC104B00F0C3F8224660
:107DE0002B4620462946B0EE408AF0EE608AE8F73E
:107DF00095FE30B90022002320462946E8F766FEAA
:107E000030B9B0EE480AF0EE680ABDEC028B38BD1E
:107E1000FFF760FB00220023212101601046194674
:107E2000E8F70CFD41EC180BB0EE480AF0EE680ADA
:107E3000BDEC028B38BD00BF00F0A4BA08B52DED33
:107E4000028BB0EE408A00F085F9B4EE488AF1EE7C
:107E500010FA06D6DFED098AB4EEE88AF1EE10FAE0
:107E600002D4BDEC028B08BDFFF734FB88EEA80AF4
:107E7000BDEC028B2123036008BD00BF00000000A1
:107E800010EE103A184923F000428A4219D9B2F193
:107E9000FF4F02D330EE400A704700B583B068460A
:107EA00000F016FB00F0030001289DED000ADDED57
:107EB000010A0FD0022808D088B900F099F903B060
:107EC00000BDDFED0A0A00F093B900F091F9B1EEC0
:107ED000400AF4E700F00EFAB1EE400AEFE70120A5
:107EE00000F008FAEBE700BFD80F493F00000000A0
:107EF00010EE103A194923F000428A421AD9B2F121
:107F0000FF4F02D330EE400A704700B583B0684699
:107F100000F0DEFA00F0030001289DED000ADDED1F
:107F2000010A12D002280AD090B9012000F0E2F92B
:107F300003B000BDDFED0A0A002000F0DBB901202C
:107F400000F0D8F9B1EE400AF2E700F051F9EFE79E
:107F500000F04EF9B1EE400AEAE700BFD80F493F02
:107F6000000000002DE9F84F774955EC104BA9436C
:107F700000F0AE80002D2A46234655DD2C1562D038
:107F8000C2F31302E107A4F2FF3742F4801203D4D4
:107F9000520002EBD3725B005200002602EBD37258
:107FA0007F105B001624B4464FF400110CEB010067
:107FB00090424FEAD3754FEA430303DC00EB010C18
:107FC000121A0E44013C05EB42024FEA5101EDD179
:107FD000A04620254FF000400AE043D0510001EBBD
:107FE000D371013D0A464FEA43034FEA500045D0A2
:107FF000624500EB080EF0DDBEF1000F0EEB00084D
:108000000CDBE146A2EB0C019E4588BF01F1FF317C
:108010004900CC46A3EB0E030444E0E7B8F1000F9F
:10802000EFDB0CF10109EDE725F00041214346D0DB
:10803000002D74D1D90A153A5B050029FAD0CE0279
:1080400014467DD40A4600215200D502084601F1AB
:108050000101F9D5C1F1200523FA05F52A438B402A
:10806000241A8DE79E4502D94FEA4C01B7E7BEF1CD
:10807000000F0EEB000824DB0021CBE7194312D0E0
:10808000DFF8C8A0DFF8C8B0DAE90001DBE90023B7
:10809000E8F7F2F8DAE9008902460B46404649461D
:1080A000E8F71EFD10BB6508711001F17F5101F565
:1080B000001101EB075345EAC67243EC102BBDE8F3
:1080C000F88FB8F1000FD7DB0CF1010C0021A1E70C
:1080D00022462B4620462946E8F786FA22462B46BA
:1080E000E8F7CCF841EC100BBDE8F88FB4F1FF3F96
:1080F000DAE90001DBE900231ED0E8F7BFF8DAE98E
:10810000008902460B4640464946E8F7DFFCA8B125
:10811000A31C04F1020508BF01366D08C4E722461E
:108120002B4620462946E8F7A7F802460B46E8F713
:1081300085FB41EC100BC2E70136B5E70134B2E72D
:108140004FF0FF300A468BE70000F07F30C2010895
:1081500028C20108B1EEC00A704700BF10EE102A15
:10816000C2F3C7537F3B162B22F000411BDC002BD0
:1081700010461EDB1A4919410A4223D0DFED197A55
:1081800070EE277AF5EEC07AF1EE10FA1ADD002AC9
:1081900004DD4FF4000242FA03F3184420EA01031D
:1081A00000EE103A7047B1F1FF4F0BD330EE000AEA
:1081B0007047DFED0C7A70EE277AF5EEC07AF1EEBB
:1081C00010FA00DC7047002A06DB11B1B7EE000A96
:1081D000F8E79FED050A70479FED040A704700BF5E
:1081E000FFFF7F00CAF2497100000000000000801C
:1081F00010EE103A23F00043B3F1485F2CD2FDEEAD
:10820000C07A17EE903A002B60D060EE007A9FEDB6
:10821000317A9FED315ADFED315A9FED316ADFED52
:10822000316AA7EE875A9FED307AE7EE855AA7EEBE
:10823000A56AA7EE867AE7EE876A67EEA66A60EE21
:10824000C00AB6EE007AE7EEA60AB7EE000AD7EE4D
:10825000870A30EE600A704760EE007A9FED1D7A63
:108260009FED1D5ADFED1D5A9FED1D6ADFED1D6A62
:108270001E4AA7EE875A93429FED1B7AE5EE275AD6
:10828000A5EEA76AA6EE277AE7EE276A66EEA76A4A
:10829000D5D9174A934214D803F17F4307EE103A19
:1082A000B7EE006A36EE476A60EEC00AF6EE005A94
:1082B00097EEA57AE7EEA60A37EE607A36EE470A21
:1082C0007047B6EE076AB5EE027AEDE7B7EE000A40
:1082D000704700BF4ED747ADF6740F317CF293B4B0
:1082E000010DD037ABAA2A3D610BB6BA9999993ED8
:1082F0000000483F10EE103A23F00043B3F1485F0E
:1083000004D2FDEEC07A17EE903A5BB360EE007ACD
:108310009FED157ADFED155A9FED156ADFED156AB1
:10832000E7EE875A9FED147AA5EEA76A20EE275A4A
:10833000E6EE276AA6EEA77A30B9DFED106AE7EE1F
:10834000876AA6EE850A704727EE457AF6EE006A40
:10835000A0EEA67ADFED0A6AD7EE270AE5EE260A36
:1083600030EE600A704700BFD3C92E2F342FD7B22A
:108370001BEF3836010D50B98988083CABAA2ABEDC
:10838000ABAA2A3E10B582B0CDED010A019B23F0C5
:108390000042B2F1FF4FF0EE407A30D810EE100AF2
:1083A00020F00041B1F1FF4F29D8B3F17E5F3ED0FC
:1083B0009C1704F0020444EAD07431B37AB3B2F1EA
:1083C000FF4F3FD0B1F1FF4F29D0891AB1F1F45FCF
:1083D0004FEAE15233DA002B41DA3C323FDA9FEDCB
:1083E000330A012C4DD0022C42D064B19FED307A7B
:1083F000DFED307A30EE070A30EE670A03E09DEDDC
:10840000017A37EE270A02B010BD022C0CD09FED86
:108410002A7A032C08BFB0EE470A02B010BD00282C
:108420000ADB9FED260AEEE79FED220AEBE702B09A
:10843000BDE8104000F082B99FED210AE3E79FED0F
:108440001F0ACEE7B1F1FF4F04F1FF3420D0022C18
:1084500026D81C4B03EB840393ED000AD3E79DED74
:10846000017A87EE870A00F03BFA00F067F9B8E777
:108470009FED0F7ADFED0F7A30EE070A37EEC00A74
:10848000C1E710EE103A03F1004300EE103ABAE7EC
:10849000022C08D80C4B03EB840393ED000AB2E7DF
:1084A0009FED020AAFE79FED090AACE7000000006C
:1084B0002EBDBB33DB0F4940DB0F49C0DB0FC93F8B
:1084C000DB0FC9BF38C2010844C20108DB0F493FB6
:1084D00070B510EE103A8B4A23F00044944286B0F7
:1084E000054671D9884A94421E4624D823F000429A
:1084F000002BDFED867A864922F00F02B0EE407A3B
:1085000040F3E6808A4270EE677A09BF9FED817A78
:10851000DFED816ADFED816A77EEC77A37EEE67AC2
:1085200077EEC77A80ED007A77EEE67AC0ED017AD1
:10853000012006B070BD7A4A944253D9B4F1FF4F7E
:1085400049D2E215863AA4EBC25307EE903ABDEE4B
:10855000E77ADFED746AB8EEC77A77EEC77A8DED09
:10856000037A67EEA67ABDEEE77AB8EEC77A77EEC1
:10857000C77A8DED047A67EEA67AF5EE407AF1EED1
:1085800010FACDED057A40F08E80B5EE407AF1EE2E
:1085900010FA40F08A800123634901910221009181
:1085A00003A8294600F0A4F9002EC2DA95ED007A5E
:1085B000D5ED017AB1EE477AF1EE677A85ED007A72
:1085C000C5ED017A4042B4E7002285ED000A426021
:1085D000002006B070BD70EE407AC0ED017AC0EDAB
:1085E000007AF5E700F07CF99FED507A9FED476A3D
:1085F000F6EE007AE0EE077A9FED477AFDEEE77A35
:10860000F8EEE76A17EE900AA6EEC60A1F2866EE95
:10861000877AB1EE666A30EE677A1EDC444A411E04
:1086200026F0004352F8212023F0FF03934214D098
:1086300085ED007A30EE470A002E30EE670A85EDB0
:10864000010ABFF676AFB1EE477AB1EE400A85ED8A
:10865000007A85ED010A40426BE717EE103AC3F34A
:10866000C753C3EBD453082B4FEAE452E0DD9FED30
:10867000297A9FED2A5AF0EE405AE6EE075A70EE3C
:10868000657AE6EE077AD6EE857A35EEE77A17EE6A
:10869000103AC3F3C753D21A192A08DCB0EE650AA0
:1086A00085ED007AC6E7032376E7022374E79FEDA2
:1086B000217A9FED215AB0EE650AA6EE070A75EE03
:1086C000C07AE6EE077AD6EE857A30EE677AAFE7C3
:1086D0008A4270EE277A09BF9FED0E7ADFED0E6AAF
:1086E000DFED0E6A77EE877A37EEA67A77EEC77AF5
:1086F00080ED007A77EEA67AC0ED017A4FF0FF3078
:1087000017E700BFD80F493FE3CB1640800FC93FA2
:10871000D00FC93F004435374344353708A3852E71
:10872000800F494300008043D0C2010884F9223FF2
:1087300050C2010800A3852E32318D2438B510EEC9
:10874000105A25F00044B4F1A14FF0EE407A07D35F
:10875000B4F1FF4F55D8002D77DD9FED4E0A38BD9F
:108760004D4B9C425CD8B4F1445F4DD34FF0FF3386
:1087700027EEA76A9FED495A9FED497ADFED495AE6
:10878000DFED494A66EE066A5A1CA6EE857AE6EEE9
:10879000A54A9FED465ADFED465AA7EE265AE4EE6B
:1087A000A65A9FED447ADFED444AA5EE267AE5EE1F
:1087B000A64A9FED425ADFED425AA7EE265A9FED98
:1087C000417AA4EEA67AE5EE265A27EE267AA5EEA1
:1087D000867A27EE877A3BD03B493C4A01EB8301FE
:1087E000D1ED006A37EE667A02EB8303D3ED006ABF
:1087F00037EE677A002D36EEC70AB0DAB1EE400ADE
:1088000038BD30EE000A38BD9FED317A30EE077A80
:10881000F7EE006AB4EEE67AF1EE10FAA6DD38BDA6
:1088200000F05EF82B4B9C4215D8A3F5D0039C4278
:1088300026D8F0EE007ABFEE007AA0EE277A002369
:1088400030EE270AC7EE007A92E79FED230A38BD83
:1088500037EEC70A38BD214B9C420BD8F7EE087A99
:10886000B7EE007AA0EE277A022330EE670AC0EE58
:10887000077A7DE7BFEE007AC7EE007A032377E739
:10888000F7EE007A30EE677A30EE270A0123C7EE62
:10889000007A6DE7DB0FC93FFFFFDF3ED769853CFC
:1088A00059DA4B3D21A215BD6BF16EBD356B883D8C
:1088B00095879DBD6E2EBA3D388EE3BD2549123E8B
:1088C000ABAAAA3ECDCC4CBEE8C50108F8C501084C
:1088D000CAF24971FFFF973FDB0FC9BFFFFF1B4083
:1088E00010EE103A23F0004300EE103A704700BF3C
:1088F0002DE9F04F2DED048BDBB01C46944603931D
:108900000A46BA4B68991CF1040F53F8217082464D
:1089100004F1FF39C0F25682BCF1030348BF0CF1E9
:108920000403DB10029301334FEAC30EACEB0E03DA
:108930000593029B17EB0900A3EB090316D4013042
:108940009FEDAB7A699C18441EA9002BA4BF54F874
:10895000235007EE905A03F10103ACBFF8EEE77A1B
:10896000F0EE477A8342E1EC017AEED1002FC0F2BB
:10897000E28203991EA800EB81004FEA81087E186D
:10898000002346AD4C460AEB8101B9F1000F80F29D
:10899000C8800134B44245F8043B00F10400F4D12E
:1089A0000DF1280B0BEB8703CDE9062E043B9FED61
:1089B000929ADFED908A059804930AEB080446AE7C
:1089C0000BEB87080097CDF820C00DEB8703002F35
:1089D00093ED460A4FEA870515DD73195A4660EE96
:1089E000097AB0EE407AFDEEE77A73ED016AF8EEAF
:1089F000E77AB342A7EEE87A37EEA60ABDEEC77A69
:108A0000A2EC017AEBD1019000F0B8FAF4EE007A12
:108A1000B0EE408A20EE270A00F01EFBF2EE007A4C
:108A2000A0EE678A01980028FDEEC89AF8EEE97A70
:108A300038EE678A40F38280791EC0F108035BF844
:108A400021E04EFA03FC0CFA03F3AEEB030EC0F187
:108A5000070219EE903A4EFA02F26344002A09EE38
:108A6000903A4BF821E000F3AF80B5EE408AF1EE8A
:108A700010FA74D1009B9F420ADD5D44002355F833
:108A8000041D454543EA0103F9D1002B40F0028162
:108A9000009B013B5BF823207B1C9C46002A40F096
:108AA000F780049A012152F8045D0131002DFAD0BB
:108AB0003944029D039A05EB030E0EF1804E699D29
:108AC0000EF1FF3E3A4405EB8E0E1EAD06EB83071A
:108AD00005EB8205DEED017AF8EEE77AB9F1000FD9
:108AE0000EF1040EE5EC017ADFED417A09DB2A464E
:108AF0005346F3EC016A32ED017AA342E6EE877A3F
:108B0000F7D10CF1010C8C45E7EC017AE2DD0F4660
:108B10005BE70134B442E5EC017A00F104003FF474
:108B20003FAFDFED337A83465346F3EC016A3BED0A
:108B3000017A8B42E6EE877AF7D1EAE700F091807E
:108B4000F6EE007AB4EEE78AF1EE10FA80F22981AF
:108B5000B5EE408AF1EE10FA4FF000028AD092464C
:108B6000DDE9062EDDF820C00197AEEB0C00B0EE7B
:108B7000480A009F009200F001FADFED1E6AB4EE91
:108B8000E60AF1EE10FADDE90023F0EE407AC0F2D9
:108B90009C819FED197A059920EE077A0831BDEE88
:108BA000C77A0591B8EEC77A5C1CE7EE667ABDEE2F
:108BB000C77AFDEEE77A17EE901A4BF8231017EEFE
:108BC000103A4BF824307EE00133002F09EE903A42
:108BD00040F39D8159464FF0000E51F8043B002BA5
:108BE00039D0C3F5807341F8043C0CE034C6010869
:108BF00000000000000080430000803B0B68C3F1D0
:108C0000FF0341F8043B0EF1010E7745F6DC01232A
:108C10009E4600280BDD012800F0BB80022806D10B
:108C2000791E5BF8213003F03F0C4BF821C0022A7B
:108C30007FF41BAFB7EE000A734630EE488A002B74
:108C40003FF413AF0992019000F098F90198099A46
:108C500038EE408A09E70EF1010E7745BDDC9E46ED
:108C6000D7E77B1E5BF82320D211002A7FF7FDAEE9
:108C700019EE903A002F03F1010309EE903AA9DCB6
:108C8000022A7FF4F2AEF7EE007A37EEC88AECE6FD
:108C900019460EE73B469246DDE905125C1EA1F13E
:108CA00008005BF82410009F059061B903F1804330
:108CB000013B0BEB8303014653F8040D013C0839DB
:108CC0000028F9D0059105980092B7EE000A00F04F
:108CD00055F9002C009AB0EE407AC0F22281601C57
:108CE00046AD5FED3B6A81000BEB800305EB800036
:108CF00073ED017AF8EEE77A5B4567EE877A27EE47
:108D0000267A60ED017AF3D10DF1C8080E1F2E44CA
:108D1000C646A4460025002F7DDBDFF85C92DFED20
:108D2000957A3046002307E0F9EC016AB0EC017A4D
:108D30009F42E6EE877A03DB9D4203F10103F3DAFB
:108D40000CF1FF3CBCF1FF3FEEEC017A05F10105AF
:108D5000A6F10406E1D1689B022B6ADC002B36DC0D
:108D60000ED1DFED847A414431ED017A884577EE0A
:108D7000877AF9D15346002B40F0C680C2ED007AC5
:108D800019EE903A03F007005BB0BDEC048BBDE830
:108D9000F08F791E5BF8213003F07F0C4BF821C077
:108DA00045E719EE903A002F03F1010309EE903ADE
:108DB000C8BF02223FF70EAFF7EE007A37EEC88A3F
:108DC000022252E600234FF0080E0293AEE5DDEDDD
:108DD000327A9FED687A414471ED016A884537EE39
:108DE000267AF9D15346002B40F0848077EEC77A7B
:108DF00082ED007A64B133A90123B1EC017A013329
:108E00009C4277EE877AF8DA53460BB1F1EE677A37
:108E1000C2ED017AB4E70CF1FF3C0023BCF1FF3F47
:108E20004EF8043B05F10105A6F104067FF473AF8B
:108E300091E7689B032BA3D1002C00F08C8008EBFA
:108E4000840595ED007AA0002B46294671ED017A44
:108E5000F0EE476A37EE277A884577EEC77A81EDDC
:108E6000007A77EEA67AC1ED017AEFD1012C72D0AB
:108E700095ED007A08F1040173ED017AF0EE476A8E
:108E800037EE277A994277EEC77A83ED007A77EE4C
:108E9000A67AC3ED017AEFD1031DDFED367A4344A4
:108EA00008F1080833ED017A984577EE877AF9D111
:108EB0005346DDED326A9DED337A73B9C2ED006A37
:108EC00082ED017AC2ED027A5AE7FDEEC07A1C46C5
:108ED00017EE901A4BF82310F5E6F1EE666AB1EE44
:108EE000477AF1EE677AC2ED006A82ED017AC2ED4F
:108EF000027A45E7F1EE476A77EEC77AC2ED006A7B
:108F0000002C7FF478AF81E7F1EE677A36E701282D
:108F100015D002287FF4B4AE0EF03F034BF8213099
:108F2000AEE6689B022B12DC002B17DC7FF428AF27
:108F3000DFED107A1EE7039B4FEA830830E50EF061
:108F40007F03022A4BF821307FF48FAD9BE6689BAC
:108F5000032B7FF415AFDFED077AA9E75346DDED6C
:108F6000327A1BB14FF0004313604FE700231360C8
:108F70004EE700BF0000000008C6010810EE103ADE
:108F800033F000411A4625D0B1F1FF4F1FD213F044
:108F9000FF4F20D1DFED297A294A60EE277A9042EF
:108FA00017EE903A31DB4CF2503CC3F3C7516045A9
:108FB0001A46A1F1190114DD002BDFED227A9FED95
:108FC000210AB8BFDFED207A27EE800A704730EE25
:108FD000000A704770474CF2503C60454FEAD1514F
:108FE000EADC0144FE29E7DC002915DC11F1160F4B
:108FF00019DB193122F0FF4242EAC15207EE902AF2
:109000009FED120A27EE800A7047DFED117A07EE16
:10901000103A27EE270A704722F0FF4242EAC15376
:1090200000EE103A7047002BDFED097A9FED080A39
:10903000B8BFDFED087A27EE800A70470000004CC9
:10904000B03CFFFFCAF24971CAF249F10000003397
:109050006042A20D6042A28D10EE102AC2F3C753E7
:109060007F3B162B22F000411BDC002B10461EDB41
:109070001A4919410A4223D0DFED197A70EE277A96
:10908000F5EEC07AF1EE10FA1ADD002A04DA4FF498
:10909000000242FA03F3184420EA010300EE103AFA
:1090A0007047B1F1FF4F0BD330EE000A7047DFED90
:1090B0000C7A70EE277AF5EEC07AF1EE10FA00DC49
:1090C0007047002A02DB9FED070A704711B99FED38
:1090D000060A7047BFEE000AF2E700BFFFFF7F00FD
:1090E000CAF249710000000000000080F8B500BF1E
:1090F000F8BC08BC9E467047F8B500BFF8BC08BC79
:049100009E467047D0
:109108004E4F4E4500000000434F4E4649475F52C0
:109118004541445F4641494C45440000535441543D
:1091280055535F4E4F545F434C45414E000000007D
:10913800554E45585045435445445F4E4F4E5A4549
:10914800524F5F434F5252454354494F4E5F54412B
:10915800424C450045585045435445445F434F4EA3
:109168004649475F50524F46494C455F4D49535316
:10917800494E47005A45524F5F4D49534D4154435C
:10918800480000004449525F4D49534D41544348FB
:109198000000000046494C545F4D49534D4154432B
:1091A800480000005354415455535F4D49534D41B5
:1091B800544348005052545F4D49534D415443481D
:1091C80000000000524D415049445F4D49534D4104
:1091D80054434800434F5252454354494F4E5F430E
:1091E80052435F4D49534D4154434800554E4B4EF1
:1091F8004F574E5F434F4E4649475F474154455F7F
:10920800524553554C54000001250008B12400086C
:10921800CD24000800000000152A0008A52A00082F
:10922800BD2A00080000000064656661756C74540E
:1092380061736B004D413630302069646C65206184
:1092480063717569736974696F6E206661696C65AD
:109258006420726573756C743D256420617474654F
:109268006D7074733D257520666C6167733D307849
:10927800253032580D0A00004D41363030207261D9
:10928800773D257520616E676C653D256C752E25CB
:1092980030326C7520646567205374617475735639
:1092A800616C69643D2564204E564D423D2564201D
:1092B8004552524352433D2564204552524D454D37
:1092C8003D2564204552525041523D25640D0A0007
:1092D8002D000000000000004D41363030206E6F38
:1092E80069736520286C61737420256473293A209A
:1092F8005032503D256C752E2530326C756465678B
:10930800205374644465763D256C752E2530326C87
:10931800756465672044726966743D2573256C75AC
:109328002E2530326C75646567204D6178537465FD
:10933800703D256C752E2530326C75646567204E3E
:109348003D256C752076616C69643D25640D0A00C5
:109358004A494731000000004A49473200000000EE
:109368004A49473300000000554E4B4E4F574E5F59
:109378004A4947002D256C642E2530326C64000064
:10938800256C642E2530326C640000002D256C6439
:109398002E25302A6C640000256C642E25302A6C3A
:1093A800640000004F4B0000494E56414C49445F51
:1093B800415247005350495F54494D454F55540059
:1093C8005350495F4552524F5200000053414D508F
:1093D8004C455F4A554D5000434F4E4649475F45FF
:1093E80052524F520000000054494D494E475F4DBC
:1093F800455441444154415F494E56414C4944000B
:109408004143515549534954494F4E5F425544478A
:1094180045545F45584345454445440041435155EB
:1094280049534954494F4E5F54494D454F5554008F
:109438004D4154485F4F564552464C4F5700000027
:10944800554E4B4E4F574E004F524445525F4E4F6C
:10945800545F434F4D505554454400004F524445C6
:10946800525F41424F56455F4E595155495354003A
:10947800524154494F5F4F55545F4F465F52414EDA
:1094880047450000444952454354494F4E5F4552B1
:10949800524F520054494D454F5554004143515580
:1094A80049534954494F4E5F4552524F52000000AC
:1094B8004D41363030206D6F76652D746F2D7A658D
:1094C800726F3A206572726F723D2573206465670A
:1094D80020736574746C65643D256C642F256C6419
:1094E80020636D64506F733D256C640D0A000000A5
:1094F80057524F4E475F504F534954494F4E000003
:109508004E4F545F4150504C494341424C45000036
:10951800494E495449414C5F534554544C455F4664
:1095280041494C45440000004241434B4F46465F89
:10953800534554544C455F4641494C45440000004E
:10954800504F494E54305F534554544C455F464143
:10955800494C4544000000004E410000434C4F5325
:109568005552455F50524F42452C536368656D61B3
:1095780056657273696F6E3D25642C546573744922
:10958800443D256C752C537765657049443D256CC1
:10959800752C4A696749443D25732C4D6F746F7269
:1095A80049443D25732C446972656374696F6E3D47
:1095B80025732C4F6666696369616C3D302C507267
:1095C8006F746F636F6C3D25732C53746167653DD1
:1095D80025732C506F696E743D25752C436F6D6D26
:1095E800616E645261773D256C642C506F776572AB
:1095F8003D312E30303030302C4E6F6D696E616CDD
:10960800486F6C644D733D256C752C43617074759F
:1096180072655374617274456C61707365644D73DF
:109628003D256C752C43617074757265456E644593
:109638006C61707365644D733D256C752C506F6952
:109648006E744D65616E5261775131363D25732CCC
:10965800436C6F737572654572726F7252617751A0
:1096680031363D25732C436C6F7375726545727284
:109678006F724465673D25732C57696E646F775028
:1096880032505261773D25732C57696E646F77505D
:1096980032504465673D25732C57696E646F774473
:1096A800726966745261773D25732C57696E646FD1
:1096B8007744726966744465673D25732C547261FA
:1096C8006E73616374696F6E733D256C752C4163AD
:1096D80063657074656453616D706C65733D256C6A
:1096E800752C5370694661696C757265733D256C9C
:1096F800752C4A756D7052656A656374733D256C87
:10970800752C4D65746164617461496E76616C692C
:10971800643D256C752C536B6970706564536C6F70
:1097280074733D256C752C54696D696E674F766549
:109738007272756E733D256C752C4D6178436F6E32
:1097480073656375746976654661696C757265736E
:109758004F627365727665643D256C752C41637143
:109768007569736974696F6E526573756C743D259C
:10977800732C56616C69643D25640D0A0000000075
:10978800434C4F535552455F484F4C445F56310048
:1097980044495341424C45440000000056414C495D
:1097A80044000000494E56414C494400434C4F5335
:1097B8005552455F50524F42455F524553554C54A0
:1097C8002C536368656D6156657273696F6E3D25CC
:1097D800642C5465737449443D256C752C53776526
:1097E800657049443D256C752C4A696749443D2597
:1097F800732C4D6F746F7249443D25732C44697204
:10980800656374696F6E3D25732C4F66666963697D
:10981800616C3D302C50726F746F636F6C3D2573B3
:109828002C456E61626C65643D25642C53746172CD
:109838007465643D25642C436F6D706C6574653D7B
:1098480025642C4578706563746564537461676535
:10985800733D25752C417474656D7074656453741B
:10986800616765733D256C752C56616C696453742A
:10987800616765733D256C752C506F7374547572F0
:109888006E54696D696E67436F6D70617261626C69
:10989800653D25642C4163717569736974696F6EE0
:1098A800526573756C743D25732C537461747573AC
:1098B8003D25730D0A00000043570000434357003D
:1098C8003100000030000000256C750025640000A0
:1098D800505245434F4E444954494F4E00000000F2
:1098E8004F4646494349414C000000004A756C20E8
:1098F800313520323032362031303A30303A33394F
:10990800000000006A69676D6F746F722D6E6C32AB
:10991800000000004D4554412C536368656D615645
:10992800657273696F6E3D25642C4669726D776147
:1099380072653D25732C4275696C6449443D2573F5
:109948002C4D43555F5549443D2530386C582530DA
:10995800386C582530386C582C436F756E746572A6
:1099680053636F70653D424F4F542C4A69674944B1
:109978003D25732C4A69674B6E6F776E3D25642CC5
:109988004D6F746F7249443D25732C4D6F746F721F
:109998004944536F757263653D25732C4D6F746F21
:1099A80072494456616C69643D25642C4D6F746F2F
:1099B80072506F6C65436F756E743D25752C4D6FD5
:1099C800746F72506F6C6550616972733D25752CA8
:1099D800456C656374726963616C526970706C651B
:1099E8004D756C7469706C653D25752C456C6563A7
:1099F80074726963616C526970706C654F726465EA
:109A0800723D25752C5465737449443D256C752C3D
:109A1800537765657049443D256C752C44697265BA
:109A28006374696F6E3D25732C4D6561737572653E
:109A38006D656E74506F6C6963793D25732C4D6547
:109A480061737572656D656E74446566696E697477
:109A5800696F6E3D25732C416363657074616E6335
:109A6800654D6F64653D25732C4F66666963696152
:109A78006C526573756C74536F757263653D4C45B4
:109A8800474143592C536861646F7743616E6F6E29
:109A98006963616C456E61626C65643D25642C5335
:109AA8006861646F77436F6E747261637456657230
:109AB80073696F6E3D25732C536861646F774F66C9
:109AC80066696369616C3D302C436C6F73757265B0
:109AD80050726F6265456E61626C65643D25642CE9
:109AE800436C6F7375726550726F626550726F74F4
:109AF8006F636F6C3D25732C436C6F737572655083
:109B0800726F62654F6666696369616C3D302C41AE
:109B18007070726F61636850726F746F636F6C3DC1
:109B280025732C417070726F61636853747275632A
:109B3800747572616C56616C69643D25732C50684C
:109B48006173655265666572656E63653D537765D9
:109B5800657050726F67726573732C5374657052B9
:109B680061773D25642C4578706563746564416E42
:109B7800616C79736973506F696E74733D25642CD9
:109B88004361707475726564506F696E74733D25B6
:109B9800642C416E616C79736973506F696E74736C
:109BA8003D25642C4D6561737572656D656E7456DF
:109BB800616C69643D25642C547261636B696E67DE
:109BC80056616C69643D25642C547261636B696EDF
:109BD80067526D734C696D69744465673D31352E04
:109BE800302C547261636B696E674D61784C696D96
:109BF80069744465673D33302E302C416371756953
:109C0800736974696F6E526573756C743D25732C36
:109C180041637152656164417474656D7074733D1C
:109C2800256C752C416371526574726965733D25A5
:109C38006C752C4163715472616E73706F727445E8
:109C480072726F72733D256C752C4163714A756D24
:109C58007052656A656374733D256C752C41637138
:109C68004661696C656453616D706C65733D256C04
:109C7800752C436F6E74696E756F75735377656570
:109C880070436F6E746578743D25732C436F6E74E2
:109C9800657874526561637175697265436F756E35
:109CA800743D256C752C52616D7046656564626102
:109CB800636B456E61626C65643D312C53657474E9
:109CC8006C65436F6E74726163743D25732C5365C4
:109CD80074746C6553746162696C6974794C696DEC
:109CE80069745261773D256C642C536574746C6596
:109CF800546172676574546F6C6572616E63655206
:109D080061773D256C642C536574746C65506F697C
:109D18006E74733D25642C536574746C655374615B
:109D280062696C69747956616C69643D25642C5369
:109D38006574746C6554617267657450726F786984
:109D48006D69747956616C69643D25642C5365743A
:109D5800746C6556616C69643D25642C537461723A
:109D6800745261773D25752C5374617274416E6726
:109D78006C654465673D25732C416E616C79736928
:109D88007353746172745261773D25752C436F6EFD
:109D980074726F6C6C65725374617465506F6C6922
:109DA80063793D25732C436F6E74726F6C6C6572AA
:109DB80052657365744170706C6965643D25642CE7
:109DC800436F6E74726F6C6C657252657365745311
:109DD8007461746556616C69643D25642C486F6DC7
:109DE80065526573756C743D25732C486F6D6544B9
:109DF80075726174696F6E4D733D256C752C486F73
:109E08006D65557064617465436F756E743D256C3E
:109E1800752C426174636849443D256C752C4379FF
:109E2800636C654F726465723D256C752C52756E56
:109E38004F726465723D256C752C4261746368527B
:109E4800756E436F756E743D256C752C5072656325
:109E58006F6E646974696F6E50726F746F636F6C44
:109E68003D25732C52756E526F6C653D25732C45DC
:109E78006C696769626C65466F7253746174697363
:109E8800746963733D25642C507265636F6E6469F1
:109E980074696F6E56616C69643D25732C546865EE
:109EA800726D616C50726F746F636F6C3D25732CAB
:109EB800466972737452756E496E42617463683D87
:109EC80025642C4D6F746F724163746976654475AF
:109ED800726174696F6E4D733D256C752C436F6F9D
:109EE8006C646F776E5461726765744D733D25734A
:109EF8002C436F6F6C646F776E41637475616C4D42
:109F0800733D25732C436F6F6C646F776E56616C6D
:109F180069643D25732C54696D6553696E6365509A
:109F2800726576696F757352756E4D733D25730D45
:109F38000A000000434F4F4C444F574E5F313230B8
:109F4800535F5631000000004F4E455F46554C4C5C
:109F58005F53574545505F313230535F56310000EB
:109F680052455345545F4245464F52455F4541432C
:109F7800485F484F4D455F563100000053544142F9
:109F8800494C4954595F414E445F544152474554E6
:109F98005F56310053574545505F434F4E5445581F
:109FA800545F5631000000004449544845525F5000
:109FB8004C55535F43575F4C4F43414C5F415050A2
:109FC800524F4143485F56310000000043414E4F15
:109FD8004E4943414C5F5131365F56310000000015
:109FE8005245504F52545F4F4E4C590057484F4CB2
:109FF800455F53595354454D5F434F4D4D414E4472
:10A008005F545241434B494E4700000057484F4C5C
:10A01800455F53595354454D5F5245504F52545F15
:10A028004F4E4C595F563100554E53455400000071
:10A03800434F4E54524F4C5F53544154452C536335
:10A0480068656D6156657273696F6E3D25642C5441
:10A0580065737449443D256C752C53776565704963
:10A06800443D256C752C4A696749443D25732C4D40
:10A078006F746F7249443D25732C4469726563742B
:10A08800696F6E3D25732C506F6C6963793D25733C
:10A098002C52657365744170706C6965643D256404
:10A0A8002C5265736574537461746556616C696488
:10A0B8003D25642C4265666F7265496E74656772EA
:10A0C800616C5465726D3D25732C4265666F7265CF
:10A0D8004C6173744572726F724465673D25732CC9
:10A0E8004265666F7265436F6D6D616E645261772C
:10A0F8003D25732C4265666F7265466565646261CD
:10A10800636B496E697469616C697A65643D25643D
:10A118002C4265666F7265466565646261636B4172
:10A12800636365707465643D256C752C4265666F64
:10A1380072654F7574707574456C65637472696384
:10A14800616C506F736974696F6E5261773D2575E4
:10A158002C4265666F72654F7574707574506F77B1
:10A1680065723D25732C4265666F72654F75747014
:10A178007574456E61626C65643D25642C41667436
:10A188006572496E74656772616C5465726D3D25C0
:10A19800732C41667465724C6173744572726F7288
:10A1A8004465673D25732C4166746572436F6D6D18
:10A1B800616E645261773D25732C41667465724601
:10A1C8006565646261636B496E697469616C697A1B
:10A1D80065643D25642C41667465724665656462F4
:10A1E80061636B41636365707465643D256C752CB0
:10A1F80041667465724F7574707574456C656374E7
:10A20800726963616C506F736974696F6E526177BC
:10A218003D25752C41667465724F75747075745060
:10A228006F7765723D25732C41667465724F75743E
:10A23800707574456E61626C65643D25642C486F69
:10A248006D65526573756C743D25732C486F6D652B
:10A258004475726174696F6E4D733D256C752C4839
:10A268006F6D65557064617465436F756E743D25D7
:10A278006C752C486F6D65496E697469616C4572BF
:10A28800726F724465673D25732C486F6D6546692A
:10A298006E616C4572726F724465673D25732C4818
:10A2A8006F6D65496E697469616C436F6D6D616E40
:10A2B800645261773D256C642C486F6D6546696E04
:10A2C800616C436F6D6D616E645261773D256C649E
:10A2D8000D0A0000534841444F575F4D4554412CE7
:10A2E800536368656D6156657273696F6E3D256469
:10A2F8002C5465737449443D256C752C53776565FA
:10A308007049443D256C752C4A696749443D25735D
:10A318002C4D6F746F7249443D25732C4F666669E6
:10A328006369616C3D302C436F6E7472616374565F
:10A33800657273696F6E3D25732C5369676E65642A
:10A34800436F6E76656E74696F6E3D25732C52652A
:10A35800666572656E6365446566696E6974696F82
:10A368006E3D25732C43616E6F6E6963616C4D653C
:10A37800616E536F757263653D25732C4D6164463C
:10A38800696C746572696E67456E61626C65643D7F
:10A39800302C54696D696E674D6F64653D42414369
:10A3A8004B5F544F5F4241434B2C52657175697244
:10A3B8006564416363657074656453616D706C6551
:10A3C800733D25752C4D61785472616E73616374A9
:10A3D800696F6E733D25752C4D6178436F6E73659B
:10A3E8006375746976654661696C757265733D2538
:10A3F800752C4D6178456C617073656455733D25A6
:10A408006C752C4D61784A756D705261773D256C7D
:10A41800640D0A00414C4C5F54494552310000001C
:10A42800504F494E54305F43414E4F4E4943414C83
:10A438005F4D45414E0000004D454153555245443E
:10A448005F4D494E55535F544152474554000000F3
:10A45800444154412C25642C256C752C256C752C95
:10A4680025732C25732C25732C25642C25752C25F8
:10A47800752C25732C25730D0A0000004143512CBF
:10A4880025642C256C752C256C752C25732C25645E
:10A498002C256C752C25752C25752C30782530329B
:10A4A800580D0A004D4F54494F4E2C536368656D43
:10A4B8006156657273696F6E3D25642C54657374BB
:10A4C80049443D256C752C537765657049443D2595
:10A4D8006C752C4A696749443D25732C4D6F746F20
:10A4E8007249443D25732C446972656374696F6EC3
:10A4F8003D25732C506F696E743D25642C52616D37
:10A5080070416363657074656453616D706C6573E5
:10A518003D25752C536574746C65526573756C7440
:10A528003D25732C53746162696C69747956616C4A
:10A5380069643D25642C54617267657450726F7844
:10A54800696D69747956616C69643D25642C53653D
:10A5580074746C6556616C69643D25642C506F7326
:10A568006974696F6E4572726F725261773D2573B7
:10A578002C506F736974696F6E4572726F7244659F
:10A58800673D25732C506F6C6C436F756E743D2559
:10A59800750D0A00534841444F575F444154412CBC
:10A5A80025642C256C752C256C752C25732C25732E
:10A5B8002C25732C25642C25732C25732C25730DC1
:10A5C8000A000000534841444F575F4143512C252E
:10A5D800642C256C752C256C752C25732C25642C06
:10A5E800256C752C256C752C25752C25752C2575D9
:10A5F8002C25752C25752C25730D0A004D4F5449B3
:10A608004F4E5F524553554C542C536368656D61EA
:10A6180056657273696F6E3D25642C546573744971
:10A62800443D256C752C537765657049443D256C10
:10A63800752C4A696749443D25732C4D6F746F72B8
:10A6480049443D25732C446972656374696F6E3D96
:10A6580025732C436F6E74726163745665727369E7
:10A668006F6E3D25732C436F6E74696E756F7573CD
:10A678005377656570436F6E746578743D25732CE8
:10A68800436F6E746578745265616371756972653C
:10A69800436F756E743D256C752C436F6E746578C9
:10A6A8007452656164417474656D7074733D256C92
:10A6B800752C436F6E746578744163636570746557
:10A6C8006453616D706C65733D256C752C436F6EBA
:10A6D80074657874526574726965733D256C752C60
:10A6E800436F6E746578745472616E73706F7274B0
:10A6F8004572726F72733D256C752C436F6E74656D
:10A7080078744A756D7052656A656374733D256C1B
:10A71800752C436F6E746578744661696C65645313
:10A72800616D706C65733D256C752C52616D70524E
:10A73800656164417474656D7074733D256C752C26
:10A7480052616D70416363657074656453616D70C7
:10A758006C65733D256C752C52616D705265747211
:10A768006965733D256C752C52616D705472616E0C
:10A7780073706F72744572726F72733D256C752CAD
:10A7880052616D704A756D7052656A656374733D88
:10A79800256C752C52616D704661696C65645361F6
:10A7A8006D706C65733D256C752C536574746C65A0
:10A7B80052656164417474656D7074733D256C7580
:10A7C8002C536574746C6541636365707465645378
:10A7D800616D706C65733D256C752C536574746C74
:10A7E80065526574726965733D256C752C53657483
:10A7F800746C655472616E73706F72744572726FA7
:10A8080072733D256C752C536574746C654A756D4F
:10A818007052656A656374733D256C752C53657455
:10A82800746C654661696C656453616D706C6573C1
:10A838003D256C752C536574746C65506F696E7426
:10A84800733D25642C53746162696C69747956612F
:10A858006C6964506F696E74733D25642C54617221
:10A8680067657450726F78696D69747956616C693F
:10A8780064506F696E74733D25642C536574746CF1
:10A888006556616C6964506F696E74733D25642CFC
:10A89800536574746C6554696D656F7574506F6930
:10A8A8006E74733D25642C536574746C6557726FB0
:10A8B8006E67506F736974696F6E506F696E7473E9
:10A8C8003D25642C536574746C6553746162696CBE
:10A8D80069747956616C69643D25642C5365747498
:10A8E8006C6554617267657450726F78696D6974CC
:10A8F8007956616C69643D25642C536574746C6584
:10A9080056616C69643D25642C4D617841627353CE
:10A918006574746C65506F736974696F6E45727293
:10A928006F725261773D25732C4D61784162735384
:10A938006574746C65506F736974696F6E45727273
:10A948006F724465673D25730D0A000052455355E3
:10A958004C542C536368656D6156657273696F6EEC
:10A968003D25642C5465737449443D256C752C53FE
:10A978007765657049443D256C752C4A696749447B
:10A988003D25732C4D6F746F7249443D25732C44DB
:10A998006972656374696F6E3D25732C43617074C9
:10A9A80075726564506F696E74733D25642C416ED1
:10A9B800616C79736973506F696E74733D25642C8B
:10A9C8004D65616E44433D25732C524D535F4143A1
:10A9D8003D25732C41313D25732C41323D25732C87
:10A9E80041333D25732C41363D25732C41393D2596
:10A9F800732C4131323D25732C4131383D25732C60
:10AA08004132373D25732C4133363D25732C413473
:10AA1800353D25732C4137323D25732C4131303873
:10AA28003D25732C48315F506861736553776565C0
:10AA3800704465673D25732C48325F5068617365C3
:10AA480053776565704465673D25732C48335F50BF
:10AA58006861736553776565704465673D25732C38
:10AA680048365F50686173655377656570446567FC
:10AA78003D25732C48395F50686173655377656568
:10AA8800704465673D25732C4831325F50686173A7
:10AA98006553776565704465673D25732C48313883
:10AAA8005F506861736553776565704465673D25D8
:10AAB800732C4832375F50686173655377656570EA
:10AAC8004465673D25732C4833365F50686173656C
:10AAD80053776565704465673D25732C4834355F49
:10AAE800506861736553776565704465673D257384
:10AAF8002C4837325F5068617365537765657044D9
:10AB080065673D25732C483130385F50686173653F
:10AB180053776565704465673D25732C41343D2541
:10AB2800732C48345F50686173655377656570446A
:10AB380065673D25732C41383D25732C48385F5097
:10AB48006861736553776565704465673D25732C47
:10AB58004D6F746F72506F6C65436F756E743D25E1
:10AB6800752C4D6F746F72506F6C6550616972739C
:10AB78003D25752C456C656374726963616C526917
:10AB880070706C654D756C7469706C653D25752CBD
:10AB9800456C656374726963616C526970706C6549
:10ABA8004F726465723D25752C41456C65637472FE
:10ABB8006963616C363D25732C456C6563747269F5
:10ABC80063616C365F50686173655377656570447F
:10ABD80065673D25732C456C656374726963616CA8
:10ABE800526970706C6556616C69643D25642C50BF
:10ABF8006861736556616C69644D61736B3D30784B
:10AC0800253034582C446F6D696E616E7453656CD1
:10AC180065637465644F726465723D25752C446F75
:10AC28006D696E616E7453656C6563746564416DBE
:10AC3800706C69747564653D25732C446F6D696E1D
:10AC4800616E7453656C6563746564456E6572679F
:10AC580079526174696F3D25732C4C65676163791E
:10AC68004D6F64656C49643D48534554365F5631B1
:10AC78002C4C65676163794F72646572733D317CF2
:10AC8800327C337C367C31327C31382C4C656761C0
:10AC980063794D6F64656C56616C69643D25642CFD
:10ACA800526573696475616C5F524D535F48363DF8
:10ACB80025732C526573696475616C5F524D535FDF
:10ACC8004833363D25732C526573696475616C5F32
:10ACD800524D535F46756C6C3D25732C46697474F0
:10ACE80065645F5032503D25732C46697445787011
:10ACF8006C61696E6564526174696F3D25732C459A
:10AD08007874656E6465644D6F64656C49643D482C
:10AD180053455431325F56312C457874656E6465FD
:10AD2800644F72646572733D317C327C337C367C4F
:10AD3800397C31327C31387C32377C33367C34355F
:10AD48007C37327C3130382C457874656E646564A4
:10AD58004D6F64656C56616C69643D25642C526561
:10AD680073696475616C5F524D535F457874656EA5
:10AD78006465643D25732C4669747465645F50325C
:10AD8800505F457874656E6465643D25732C46692B
:10AD9800744578706C61696E6564526174696F5F3F
:10ADA800457874656E6465643D25732C4D6F746FCA
:10ADB800725F4572726F725F5032505F4465673DD3
:10ADC80025732C4D6F746F725F53797374656D5F63
:10ADD800494E4C5F4465673D25732C437265737417
:10ADE800466163746F723D25732C5039395F416237
:10ADF80073446576696174696F6E3D25732C54726E
:10AE080061636B696E6756616C69643D25642C5497
:10AE18007261636B696E674572726F725F524D53F0
:10AE28005F4465673D25732C547261636B696E6777
:10AE38004572726F725F4D61784162735F446567F6
:10AE48003D25732C46656174757265436F6D707529
:10AE5800746554696D654D733D256C750D0A000068
:10AE6800534841444F575F524553554C542C5363F4
:10AE780068656D6156657273696F6E3D25642C5403
:10AE880065737449443D256C752C53776565704925
:10AE9800443D256C752C4A696749443D25732C4D02
:10AEA8006F746F7249443D25732C4F6666696369F8
:10AEB800616C3D302C436F6E7472616374566572B9
:10AEC80073696F6E3D25732C56616C69643D25640A
:10AED8002C416E616C79736973506F696E74733D40
:10AEE80025642C4D65616E44433D25732C524D53AA
:10AEF8005F41433D25732C4133363D25732C503239
:10AF0800503D25732C506F696E74304D65616E52DB
:10AF180061775131363D25732C4572726F7230520C
:10AF280061775131363D25732C436C6F73757265AB
:10AF38004572726F725261775131363D25732C43D9
:10AF48006C6F737572654572726F724465673D25E3
:10AF5800732C436C6F737572654C696D69744465C5
:10AF6800673D302E32303030302C436C6F73757241
:10AF78006556616C69643D25642C4C65676163792D
:10AF88004D696E757343616E6F6E6963616C524D86
:10AF9800533D25732C4C65676163794D696E7573F4
:10AFA80043616E6F6E6963616C4133363D25732C66
:10AFB800417474656D70746564506F696E74733D27
:10AFC80025642C4361707475726564506F696E7482
:10AFD800733D25642C5472616E73616374696F6E7E
:10AFE800733D256C752C41636365707465645361AA
:10AFF8006D706C65733D256C752C5370694661697D
:10B008006C757265733D256C752C4A756D7052654B
:10B018006A656374733D256C752C4D657461646154
:10B028007461496E76616C69643D256C752C466166
:10B03800696C6564506F696E74733D256C752C532B
:10B048006B6970706564536C6F74733D256C752CF7
:10B0580054696D696E674F76657272756E733D25BA
:10B068006C752C4D617841627354696D696E6745E2
:10B0780072726F724379636C65733D256C752C4DE4
:10B088006178436F6E736563757469766546616947
:10B098006C757265734F627365727665643D256C75
:10B0A800752C46656174757265436F6D707574654E
:10B0B80054696D654D733D256C752C417070726FC8
:10B0C80061636850726F746F636F6C3D25732C41B8
:10B0D8007070726F616368537472756374757261AE
:10B0E8006C56616C69643D25730D0A0041505052DD
:10B0F8004F4143485F524553554C542C5363686540
:10B108006D6156657273696F6E3D25642C54657365
:10B118007449443D256C752C537765657049443DE9
:10B12800256C752C4A696749443D25732C4D6F740D
:10B138006F7249443D25732C446972656374696F65
:10B148006E3D25732C4F6666696369616C3D302CD2
:10B1580050726F746F636F6C3D25732C53746172FA
:10B168007465643D312C436F6D706C6574653D2565
:10B17800642C5374617475733D25732C417070721F
:10B188006F6163684261636B6F66665261773D25E4
:10B198006C642C417070726F61636852616D70539A
:10B1A8007465705261773D25642C417070726F61CF
:10B1B800636852616D7044656C61794D733D2564B7
:10B1C8002C417070726F616368457870656374654F
:10B1D8006453746570733D25642C417070726F619F
:10B1E8006368496E697469616C536574746C6552FF
:10B1F8006573756C743D25732C417070726F616353
:10B20800684261636B6F6666536574746C655265FA
:10B2180073756C743D25732C417070726F6163682F
:10B22800506F696E7430536574746C6552657375CC
:10B238006C743D25732C417070726F616368426154
:10B24800636B6F6666537465707345786563757470
:10B2580065643D256C752C417070726F616368463A
:10B268006F7277617264537465707345786563753E
:10B278007465643D256C752C417070726F616368EC
:10B2880053746570436F756E7456616C69643D25BF
:10B29800642C417070726F6163684469726563748D
:10B2A800696F6E56616C69643D25642C4261636BFD
:10B2B8006F6666446972656374696F6E56616C691E
:10B2C800643D25642C417070726F616368416371DD
:10B2D8007569736974696F6E436C65616E3D256449
:10B2E8002C417070726F6163685374727563747502
:10B2F80072616C56616C69643D25642C4261636BB4
:10B308006F66664F6273657276656444656C7461D6
:10B318005261773D25732C4261636B6F6666546199
:10B32800726765744572726F725261773D25732C2E
:10B33800417070726F6163684F627365727665649D
:10B3480044656C74615261773D25732C417070724D
:10B358006F6163685461726765744572726F725287
:10B3680061773D25732C417070726F616368526517
:10B378007475726E4572726F725261773D25732CC7
:10B38800417070726F6163684D6F74696F6E51754B
:10B39800616C696669636174696F6E3D554E4341BE
:10B3A8004C494252415445440D0A00005348414417
:10B3B8004F575F454E442C536368656D61566572FF
:10B3C80073696F6E3D25642C5465737449443D253B
:10B3D8006C752C537765657049443D256C752C4A0E
:10B3E800696749443D25732C4D6F746F7249443D1C
:10B3F80025732C4F6666696369616C3D302C537404
:10B4080061727465643D25642C417474656D707453
:10B418006564506F696E74733D25642C4361707464
:10B4280075726564506F696E74733D25642C416351
:10B43800717569736974696F6E526573756C743D63
:10B4480025732C5374617475733D25730D0A0000C0
:10B458004D6F746F72206F66667365743A20257538
:10B468000D0A00004D6F746F7220616E676C652065
:10B478006F66667365743A20257320646567726524
:10B48800650D0A004D4136303020737461727420A6
:10B498007261773D257520636F756E743D256C6408
:10B4A8002066696C74657265643D257320726177E6
:10B4B800416E676C653D2573206465677265650D2F
:10B4C8000A0000004E4C2063757276652025643AA8
:10B4D80020616E676C653D2573206572726F723DE1
:10B4E8002573206465670D0A000000004E4C20702B
:10B4F8006F696E7473206E6F7420736574746C65F5
:10B50800642077697468696E20256C646D732025E2
:10B51800643A2025642F25640D0A00004E4C2061F2
:10B5280062736F6C7574652065787472656D6120DF
:10B5380025643A206D61785F7261773D2575202812
:10B5480025732064656729206D696E5F7261773D98
:10B5580025752028257320646567290D0A000000D9
:10B568004E4C206861726D6F6E69633120286D6F73
:10B57800756E74696E672F636F6E63656E7472693A
:10B5880063697479207369676E61747572652920BF
:10B5980025643A20616D706C69747564653D257326
:10B5A8002070686173653D2573206465670D0A0026
:10B5B8004E4C206861726D6F6E6963362028686929
:10B5C80073746F726963616C207265666572656E0B
:10B5D80063652C2073656520524553554C54277379
:10B5E80020446F6D696E616E7453656C6563746534
:10B5F800644F72646572292025643A20616D706C0D
:10B6080069747564653D25732070686173653D25AF
:10B6180073206465670D0A004E4C20646F6D696E77
:10B62800616E74206861726D6F6E69632025643A7B
:10B63800206F726465723D257520616D706C697448
:10B648007564653D2573206465670D0A0000000078
:10B658004E4C20726177207065616B2D746F2D7070
:10B6680065616B202564202873696E676C65206DA1
:10B6780061782D6D696E2C20666F7220636F6D7016
:10B68800617269736F6E293A202573206465677249
:10B6980065650D0A000000004E4C2054432070657B
:10B6A8007263656E74696C652025643A2050353D77
:10B6B8002573205039353D25732072616E67653DCD
:10B6C8002573206465677265650D0A004E4C205429
:10B6D8004320726D732025643A20257320646567C2
:10B6E8007265650D0A0000004E6F6E6C696E6561CB
:10B6F8007220256420416E676C653A2025732064AA
:10B7080065677265650D0A004D413630302052611B
:10B7180077204E6F6E6C696E6561722025642041DA
:10B728006E676C653A202573206465677265650DE0
:10B738000A0000004D413630302046696C7465724D
:10B748002D526177204D6178204469666620256412
:10B758003A202573206465677265650D0A0000004C
:10B768004E6F6E6C696E65617220256420494E5675
:10B77800414C49443A20747261636B696E673D2598
:10B7880064206163717569736974696F6E3D2573AF
:10B7980020736574746C65643D25642F25640D0AF7
:10B7A80000000000454E442C536368656D61566582
:10B7B8007273696F6E3D25642C5465737449443DFA
:10B7C800256C752C537765657049443D256C752C3F
:10B7D800446972656374696F6E3D25732C436170AB
:10B7E8007475726564506F696E74733D25642C417D
:10B7F8006E616C79736973506F696E74733D2564FB
:10B808002C547261636B696E6756616C69643D257F
:10B81800642C536574746C6553746162696C6974E3
:10B828007956616C69643D25642C536574746C6544
:10B8380054617267657450726F78696D697479566E
:10B84800616C69643D25642C536574746C6556613C
:10B858006C69643D25642C41637175697369746909
:10B868006F6E526573756C743D25732C53746174D7
:10B8780075733D25730D0A00434F4E4649472C52B8
:10B8880065636F726456657273696F6E3D312C47DC
:10B89800617465506F6C6963793D504F4C494359E9
:10B8A8005F415F4C4F434B45445F56312C436F6EAD
:10B8B800666967436F6E746578743D25732C4669B5
:10B8C800726D776172653D25732C4275696C6449A8
:10B8D800443D25732C4D43555F5549443D2530382B
:10B8E8006C582530386C582530386C582C4A6967A4
:10B8F80049443D25732C4A69674B6E6F776E3D2529
:10B90800642C436F6E6669674761746553656C663E
:10B91800546573743D312C506F696E7453616D704A
:10B928006C657253656C66546573743D312C45784B
:10B9380070656374656443616C6962726174696F90
:10B948006E53746174653D5A45524F5F5441424C81
:10B95800452C436F6E6669675265616456616C6910
:10B96800643D25642C436F6E66696756616C696433
:10B978003D25642C506F6C6963794147617465504B
:10B9880061737365643D25642C4175646974466907
:10B99800656C64734C6F636B65643D312C457870DE
:10B9A800656374656450726F66696C65466F756E21
:10B9B800643D25642C52656A656374526561736FD2
:10B9C8006E3D25732C45787065637465645A65729D
:10B9D8006F3D3078253034582C4578706563746530
:10B9E800644469723D3078253032582C457870654A
:10B9F8006374656446696C743D3078253032582C20
:10BA080045787065637465645374617475733D300B
:10BA180078253032582C45787065637465645072A7
:10BA2800743D3078253032582C45787065637465DC
:10BA380064526D617049643D3078253032582C4528
:10BA480078706563746564436F727243524333322E
:10BA58003D30782530386C582C5A65726F3D3078F7
:10BA6800253034582C4469723D3078253032582CB2
:10BA780046696C743D3078253032582C53746174A3
:10BA880075733D3078253032582C5072743D3078BB
:10BA9800253032582C526D617049643D307825301C
:10BAA80032582C436F72724E6F6E5A65726F436FC5
:10BAB800756E743D25752C436F7272435243333251
:10BAC8003D30782530386C580D0A00004D6F746F82
:10BAD80072204552524F523A2045256420284D4144
:10BAE80036303020636F6E66696720676174652041
:10BAF80072656A65637465643A20257329210D0AA5
:10BB08000000000047657474696E6720726573757C
:10BB18006C74210D0A000000505245434F4E4449B1
:10BB280054494F4E5F5052455F4D4F544F5200009D
:10BB380042415443485F5052455F4D4F544F520065
:10BB48004D6F746F72204552524F523A204535302E
:10BB5800372028636F6E74726F6C2D736573736909
:10BB68006F6E2072657365742076657269666963A5
:10BB78006174696F6E206661696C656429210D0ABC
:10BB8800000000004D6F746F72204552524F523AB8
:10BB98002045353032210D0A000000004D6F746FCA
:10BBA80072204552524F523A204535303320286D85
:10BBB8006F76652D746F2D7A65726F2064696420C5
:10BBC8006E6F7420636F6E7665726765207769742F
:10BBD80068696E20256C64206D7329210D0A0000A8
:10BBE8004D6F746F72204552524F523A204535308E
:10BBF8003420286D6F76652D746F2D7A65726F20ED
:10BC0800656E636F646572206163717569736974C9
:10BC1800696F6E206661696C656429210D0A0000F0
:10BC28004D6F746F72204552524F523A204535304D
:10BC3800352028737765657020616371756973694C
:10BC480074696F6E206661696C65643A2025732992
:10BC5800210D0A004D6F746F72204552524F523AAF
:10BC6800204535303620287377656570206163710B
:10BC78007569736974696F6E20696E76616C696441
:10BC88003B20696E7370656374204D4554412F45A0
:10BC98004E4429210D0A0000505245434F4E444955
:10BCA80054494F4E5F524553554C542C5363686565
:10BCB8006D6156657273696F6E3D25642C426174BF
:10BCC800636849443D256C752C4379636C654F72F4
:10BCD8006465723D256C752C5465737449443D2523
:10BCE8006C752C50726F746F636F6C3D25732C529A
:10BCF800756E526F6C653D505245434F4E444954E2
:10BD0800494F4E2C456C696769626C65466F725382
:10BD18007461746973746963733D302C537461740E
:10BD280075733D56414C49440D0A00004E6F6E6CC8
:10BD3800696E6561722046696E616C204176657234
:10BD48006167653A202573206465677265650D0A29
:10BD5800000000004D4136303020526177204E6F90
:10BD68006E6C696E6561722046696E616C20417601
:10BD780065726167653A2025732064656772656539
:10BD88000D0A00004D6F746F72204F4B210D0A0091
:10BD980042415443482C426174636849443D256CD0
:10BDA800752C5374617475733D4641494C45442C58
:10BDB8004379636C654F726465723D256C752C52CE
:10BDC800756E4F726465723D256C752C52756E5296
:10BDD8006F6C653D25730D0A000000004241544315
:10BDE800482C426174636849443D256C752C537432
:10BDF800617475733D434F4D504C4554452C5072FA
:10BE080065636F6E646974696F6E436F756E743DB8
:10BE1800256C752C52756E436F756E743D256C7567
:10BE28002C546F74616C4379636C65436F756E74E1
:10BE38003D256C752C507265636F6E646974696F0B
:10BE48006E56616C69643D310D0A000042415443ED
:10BE5800482C426174636849443D256C752C5374C1
:10BE6800617475733D434F4F4C444F574E5F535465
:10BE78004152542C4379636C654F726465723D2559
:10BE88006C752C52756E4F726465723D256C752CFD
:10BE980052756E526F6C653D25732C5461726765DF
:10BEA800744D733D256C752C50726F746F636F6C95
:10BEB8003D25730D0A0000004D41363030205354A3
:10BEC8004154555320707265636865636B206661E1
:10BED800696C6564204E564D423D256420435243AB
:10BEE8003D2564204D454D3D2564205041523D255A
:10BEF800643B20626174636820726566757365646B
:10BF08000D0A000042415443482C42617463684959
:10BF1800443D256C752C5374617475733D535441BD
:10BF280052542C507265636F6E646974696F6E50F9
:10BF3800726F746F636F6C3D25732C507265636FFD
:10BF48006E646974696F6E436F756E743D256C75A8
:10BF58002C52756E436F756E743D256C752C546F3D
:10BF680074616C4379636C65436F756E743D256CC1
:10BF7800752C436F6F6C646F776E5461726765746C
:10BF88004D733D256C750D0A000000004241544375
:10BF9800482C426174636849443D256C752C537480
:10BFA800617475733D4641494C45442C5265617333
:10BFB8006F6E3D434F4F4C444F574E5F494E56416D
:10BFC8004C49442C436F6D706C65746564437963A8
:10BFD8006C654F726465723D256C752C4E6578747E
:10BFE8004379636C654F726465723D256C752C549A
:10BFF80061726765744D733D256C752C416374756A
:10C00800616C4D733D256C752C546F6C6572616E57
:10C0180063654D733D256C750D0A000052554E54ED
:10C02800494D452C46726565486561703D256C75BE
:10C038002C4D696E45766572467265654865617016
:10C048003D256C752C54657374537461636B486932
:10C0580067685761746572576F7264733D256C75B4
:10C068000D0A0000424F4F545F534D4F4B4500009F
:10C07800494E495449414C00484F4C445F353000C3
:10C08800484F4C445F31303000000000484F4C446A
:10C098005F32303000000000546573745461736B74
:10C0A800000000000000803F0000000000000000C9
:10C0B80000002041000020410000C84200000000AC
:10C0C80000000000000020410000A04049444C4509
:10C0D80000000000546D722053766300546D725155
:10C0E80000000000AD550A19309201080000000058
:10C0F8000000000000000000000000000010000028
:10C1080018000000000000000000000000000040CF
:10C11800A69B443B9A99993E0000A0400000C84362
:10C1280027003C0004473432353535385893010828
:10C138000000000500000000AD550A192C0025007C
:10C14800044734323535353860930108000000055E
:10C1580000000000AD550A193A004C000B5134306C
:10C1680039333631689301080000000500000000EB
:10C17800AD550A1901020306090C121B242D486C3F
:10C18800010203060C12000078C0010880C00108F3
:10C1980088C0010894C001080000000032000000B7
:10C1A80064000000C8000000A0C0010800000000F2
:10C1B800000000000000000000000000001A00005D
:10C1C8002000000000000000000000000000000047
:10C1D800000000000102030406070809000000002F
:10C1E800010203040006101600061016232D302B3A
:10C1F8002000686C4C006566674546470030313260
:10C2080033343536373839414243444546003031B6
:10C218003233343536373839616263646566000015
:10C2280059F3F8C21F6EA501000000000000F03F9E
:10C2380000000080DB0F4940DB0F49C0DB0F49BF1E
:10C24800E4CB1640E4CB16C0000FC93F000F4940AD
:10C2580000CB9640000FC9400053FB4000CB16416D
:10C2680000ED2F41000F49410031624100537B41ED
:10C27800003A8A4100CB9641005CA34100EDAF41F2
:10C28800007EBC41000FC94100A0D5410031E24108
:10C2980000C2EE410053FB4100F20342003A0A4259
:10C2A8000083104200CB164200141D42005C23425A
:10C2B80000A5294200ED2F4200363642007E3C425E
:10C2C80000C74242000F4942A2000000F9000000E6
:10C2D800830000006E0000004E00000044000000D3
:10C2E8001500000029000000FC00000027000000E5
:10C2F80057000000D1000000F500000034000000E5
:10C30800DD000000C0000000DB000000620000004B
:10C3180095000000990000003C0000004300000068
:10C328009000000041000000FE00000051000000E5
:10C3380063000000AB000000DE000000BB0000004E
:10C34800C500000061000000B700000024000000E4
:10C358006E0000003A000000420000004D0000009E
:10C36800D2000000E00000000600000049000000C4
:10C378002E000000EA00000009000000D1000000C3
:10C38800920000001C000000FE0000001D000000DC
:10C39800EB0000001C000000B100000029000000B4
:10C3A800A70000003E000000E80000008200000036
:10C3B80035000000F50000002E000000BB00000062
:10C3C8004400000084000000E90000009C00000018
:10C3D8007000000026000000B40000005F000000AC
:10C3E8007E000000410000003900000091000000BC
:10C3F800D600000039000000830000005300000050
:10C4080039000000F40000009C00000084000000D7
:10C418005F0000008B000000BD000000F900000074
:10C42800280000003B0000001F000000F80000008A
:10C4380097000000FF000000DE000000050000007B
:10C44800980000000F000000EF0000002F0000001F
:10C45800110000008B0000005A0000000A000000D4
:10C468006D0000001F0000006D0000003600000095
:10C478007E000000CF00000027000000CB00000075
:10C4880009000000B70000004F000000460000004F
:10C498003F000000660000009E0000005F000000F2
:10C4A800EA0000002D0000007500000027000000D1
:10C4B800BA000000C7000000EB000000E500000023
:10C4C800F10000007B0000003D00000007000000B4
:10C4D80039000000F70000008A0000005200000048
:10C4E80092000000EA0000006B000000FB00000062
:10C4F8005F000000B10000001F0000008D00000078
:10C508005D00000008000000560000000300000065
:10C518003000000046000000FC0000007B00000026
:10C528006B000000AB000000F0000000CF0000002E
:10C53800BC000000200000009A000000F400000089
:10C54800360000001D000000A9000000E300000004
:10C5580091000000610000005E000000E60000009D
:10C568001B000000080000006500000099000000A2
:10C57800850000005F00000014000000A00000001B
:10C5880068000000400000008D000000FF0000006F
:10C59800D8000000800000004D000000730000007B
:10C5A800270000003100000006000000060000001F
:10C5B8001500000056000000CA00000073000000CB
:10C5C800A8000000C900000060000000E2000000B0
:10C5D8007B000000C00000008C0000006B00000021
:10C5E8006937AC3168212233B40F14336821A23380
:10C5F8003863ED3EDA0F493F5E987B3FDA0FC93F5B
:10C608000000C93F0000F0390000DA370000A2330B
:10C618000000842E0000502B0000C2270000D0220A
:10C628000000C41F0000C61B0000441704000000DF
:08C638000700000009000000EA
:08C64000903BFE7F01000000A9
:04C64800B501000830
:04C64C009101000850
:10C650000024F4001000000001000000AAAAAAAA09
:10C66000140000200000000054D70120BCD7012096
:10C6700024D801200000000000000000000000009D
:10C6800000000000000000000000000000000000AA
:10C69000000000000000000000000000000000009A
:10C6A000000000000000000000000000000000008A
:040000050800D645D4
:00000001FF
