:020000040800F2
:100000000000022069CD000895CB00089DCB0008B8
:10001000A5CB0008ADCB0008B5CB00080000000060
:100020000000000000000000000000006162010804
:10003000BDCB000800000000B164010805390108CB
:10004000B9CD0008B9CD0008B9CD0008B9CD000878
:10005000B9CD0008B9CD0008B9CD0008B9CD000868
:10006000B9CD0008B9CD0008B9CD0008B9CD000858
:10007000CDCB0008B9CD0008E1CB0008B9CD000810
:10008000F5CB000809CC00081DCC0008B9CD00084C
:10009000B9CD0008B9CD0008B9CD0008B9CD000828
:1000A000B9CD0008B9CD0008B9CD0008B9CD000818
:1000B00031CC0008B9CD0008B9CD0008B9CD000891
:1000C000B9CD000845CC000859CC0008B9CD0008CE
:1000D000B9CD0008B9CD00086DCC000881CC00086E
:1000E000B9CD0008B9CD0008B9CD0008B9CD0008D8
:1000F000B9CD000895CC0008B9CD0008B1CC0008F6
:10010000B9CD0008B9CD0008B9CD0008B9CD0008B7
:10011000B9CD0008B9CD0008B9CD0008B9CD0008A7
:10012000C5CC0008B9CD0008B9CD0008B9CD00088C
:10013000B9CD00080000000000000000B9CD0008A3
:10014000B9CD0008B9CD0008B9CD0008B9CD000877
:10015000B9CD0008B9CD0008B9CD0008B9CD000867
:10016000B9CD0008B9CD0008B9CD0008B9CD000857
:10017000B9CD0008B9CD0008000000000000000063
:08018000B9CD0008B9CD00085B
:1001900010B5054C237833B9044B13B10448AFF3C1
:1001A00000800123237010BD6000002000000000CB
:1001B0001C88010808B5034B1BB103490348AFF382
:1001C000008008BD00000000640000201C880108B9
:1001D000034613F8012B002AFBD1181A0138704787
:1001E00001F0FF01102A2BDB10F0070F08D010F8E8
:1001F000013B013A8B422DD010F0070F42B3F6D1EC
:10020000F0B441EA012141EA014122F007047FF004
:1002100000070023F0E80256083C85EA010586EA5B
:10022000010685FA47F5A3FA87F586FA47F6A5FA97
:1002300087F68EB9EED1F0BC01F0FF0102F00702A3
:1002400032B110F8013B013A83EA010313B1F8D14E
:100250000020704701387047002D06BF354603382F
:10026000073815F0010F07D1013015F4807F02BF68
:10027000013015F4C03F0130F0BC0138704700BFB9
:1002800081F0004102E000BF83F0004330B54FEA47
:1002900041044FEA430594EA050F08BF90EA020FB4
:1002A0001FBF54EA000C55EA020C7FEA645C7FEA47
:1002B000655C00F0E2804FEA5454D4EB5555B8BF6A
:1002C0006D420CDD2C4480EA020281EA030382EADB
:1002D000000083EA010180EA020281EA0303362D6D
:1002E00088BF30BD11F0004F4FEA01314FF4801C40
:1002F0004CEA113102D0404261EB410113F0004F52
:100300004FEA03334CEA133302D0524263EB430308
:1003100094EA050F00F0A780A4F10104D5F1200EA6
:100320000DDB02FA0EFC22FA05F2801841F1000101
:1003300003FA0EF2801843FA05F359410EE0A5F1D5
:1003400020050EF1200E012A03FA0EFC28BF4CF006
:10035000020C43FA05F3C01851EBE37101F00045BC
:1003600007D54FF0000EDCF1000C7EEB00006EEBC9
:100370000101B1F5801F1BD3B1F5001F0CD3490853
:100380005FEA30004FEA3C0C04F101044FEA4452AA
:1003900012F5800F80F09A80BCF1004F08BF5FEA31
:1003A000500C50F1000041EB045141EA050130BD11
:1003B0005FEA4C0C404141EB0101013C28BFB1F523
:1003C000801FE9D291F0000F04BF01460020B1FA6E
:1003D00081F308BF2033A3F10B03B3F120020CDA41
:1003E0000C3208DD02F1140CC2F10C0201FA0CF01F
:1003F00021FA02F10CE002F11402D8BFC2F1200C84
:1004000001FA02F120FA0CFCDCBF41EA0C01904039
:10041000E41AA2BF01EB0451294330BD6FEA040482
:100420001F3C1CDA0C340EDC04F11404C4F120026D
:1004300020FA04F001FA02F340EA030021FA04F37F
:1004400045EA030130BDC4F10C04C4F1200220FAD6
:1004500002F001FA04F340EA0300294630BD21FA14
:1004600004F0294630BD94F0000F83F4801306BFDA
:1004700081F480110134013D4EE77FEA645C18BFCE
:100480007FEA655C29D094EA050F08BF90EA020F65
:1004900005D054EA000C04BF1946104630BD91EA5D
:1004A000030F1EBF0021002030BD5FEA545C05D160
:1004B0004000494128BF41F0004130BD14F580049F
:1004C0003CBF01F5801130BD01F0004545F0FE4113
:1004D00041F470014FF0000030BD7FEA645C1ABF48
:1004E000194610467FEA655C1CBF0B46024650EA7F
:1004F000013406BF52EA033591EA030F41F40021AB
:1005000030BD00BF90F0000F04BF0021704730B530
:100510004FF4806404F132044FF000054FF0000105
:1005200050E700BF90F0000F04BF0021704730B5C6
:100530004FF4806404F1320410F0004548BF40429B
:100540004FF000013EE700BF42004FEAE2014FEAF0
:1005500031014FEA02701FBF12F07F4393F07F4FCB
:1005600081F06051704732F07F4208BF704793F0CE
:100570007F4F04BF41F40021704730B54FF46074E1
:1005800001F0004521F000411CE700BF50EA0102E4
:1005900008BF704730B54FF000050AE050EA01028D
:1005A00008BF704730B511F0004502D5404261EBFD
:1005B00041014FF4806404F132045FEA915C3FF43E
:1005C000D8AE4FF003025FEADC0C18BF03325FEADB
:1005D000DC0C18BF033202EBDC02C2F1200300FA8C
:1005E00003FC20FA02F001FA03FE40EA0E0021FAB1
:1005F00002F11444BDE600BF70B54FF0FF0C4CF49F
:10060000E06C1CEA11541DBF1CEA135594EA0C0F50
:1006100095EA0C0F00F0DEF82C4481EA030621EA8B
:100620004C5123EA4C5350EA013518BF52EA0335C6
:1006300041F4801143F4801338D0A0FB02CE4FF078
:100640000005E1FB02E506F00042E0FB03E54FF0A8
:100650000006E1FB03569CF0000F18BF4EF0010EA0
:10066000A4F1FF04B6F5007F64F5407404D25FEA9C
:100670004E0E6D4146EB060642EAC62141EA55514F
:100680004FEAC52040EA5E504FEACE2EB4F1FD0C91
:1006900088BFBCF5E06F1ED8BEF1004F08BF5FEA0F
:1006A000500E50F1000041EB045170BD06F00046C1
:1006B00046EA010140EA020081EA0301B4EB5C046E
:1006C000C2BFD4EB0C0541EA045170BD41F4801166
:1006D0004FF0000E013C00F3AB8014F1360FDEBF8B
:1006E000002001F0004170BDC4F10004203C35DA67
:1006F0000C341BDC04F11404C4F1200500FA05F3EA
:1007000020FA04F001FA05F240EA020001F000428A
:1007100021F0004110EBD37021FA04F642EB060100
:100720005EEA430E08BF20EAD37070BDC4F10C042A
:10073000C4F1200500FA04F320FA05F001FA04F2EE
:1007400040EA020001F0004110EBD37041F10001DA
:100750005EEA430E08BF20EAD37070BDC4F12005E5
:1007600000FA05F24EEA020E20FA04F301FA05F24D
:1007700043EA020321FA04F001F0004121FA04F2F5
:1007800020EA020000EBD3705EEA430E08BF20EAC5
:10079000D37070BD94F0000F0FD101F000464000FF
:1007A00041EB010111F4801F08BF013CF7D041EA81
:1007B000060195F0000F18BF704703F00046520085
:1007C00043EB030313F4801F08BF013DF7D043EA56
:1007D0000603704794EA0C0F0CEA135518BF95EA0C
:1007E0000C0F0CD050EA410618BF52EA4306D1D193
:1007F00081EA030101F000414FF0000070BD50EAB2
:10080000410606BF1046194652EA430619D094EA3B
:100810000C0F02D150EA013613D195EA0C0F05D125
:1008200052EA03361CBF104619460AD181EA030179
:1008300001F0004141F0FE4141F470014FF0000031
:1008400070BD41F0FE4141F4780170BD70B54FF0CC
:10085000FF0C4CF4E06C1CEA11541DBF1CEA13554C
:1008600094EA0C0F95EA0C0F00F0A7F8A4EB05042E
:1008700081EA030E52EA03354FEA013100F0888025
:100880004FEA03334FF0805545EA131343EA1263EE
:100890004FEA022245EA111545EA10654FEA0026A3
:1008A0000EF000419D4208BF964244F1FD0404F55C
:1008B000407402D25B084FEA3202B61A65EB0305B8
:1008C0005B084FEA32024FF480104FF4002CB6EB75
:1008D000020E75EB030E22BFB61A754640EA0C00F5
:1008E0005B084FEA3202B6EB020E75EB030E22BF35
:1008F000B61A754640EA5C005B084FEA3202B6EB76
:10090000020E75EB030E22BFB61A754640EA9C0034
:100910005B084FEA3202B6EB020E75EB030E22BF04
:10092000B61A754640EADC0055EA060E18D04FEAC2
:10093000051545EA16754FEA06164FEAC30343EA62
:1009400052734FEAC2025FEA1C1CC0D111F4801F2F
:100950000BD141EA00014FF000004FF0004CB6E728
:1009600011F4801F04BF01430020B4F1FD0C88BFC7
:10097000BCF5E06F3FF6AFAEB5EB030C04BFB6EBD2
:10098000020C5FEA500C50F1000041EB045170BDC5
:100990000EF0004E4EEA113114EB5C04C2BFD4EBF2
:1009A0000C0541EA045170BD41F480114FF0000E76
:1009B000013C90E645EA060E8DE60CEA135594EAF2
:1009C0000C0F08BF95EA0C0F3FF43BAF94EA0C0FF5
:1009D0000AD150EA01347FF434AF95EA0C0F7FF46A
:1009E00025AF104619462CE795EA0C0F06D152EABE
:1009F00003353FF4FDAE1046194622E750EA4106A2
:100A000018BF52EA43067FF4C5AE50EA41047FF4B2
:100A10000DAF52EA43057FF4EBAE12E74FF0FF3C17
:100A200006E000BF4FF0010C02E000BF4FF0010CE8
:100A30004DF804CD4FEA410C7FEA6C5C4FEA430C61
:100A400018BF7FEA6C5C1BD001B050EA410C0CBFB0
:100A500052EA430C91EA030F02BF90EA020F002012
:100A6000704710F1000F91EA030F58BF994208BF79
:100A700090422CBFD8176FEAE37040F00100704736
:100A80004FEA410C7FEA6C5C02D150EA013C07D18D
:100A90004FEA430C7FEA6C5CD6D152EA033CD3D0D8
:100AA0005DF8040B704700BF8446104662468C46D2
:100AB0001946634600E000BF01B5FFF7B7FF002805
:100AC00048BF10F1000F01BD4DF808EDFFF7F4FF2E
:100AD0000CBF012000205DF808FB00BF4DF808EDB9
:100AE000FFF7EAFF34BF012000205DF808FB00BFDC
:100AF0004DF808EDFFF7E0FF94BF012000205DF8FE
:100B000008FB00BF4DF808EDFFF7CEFF94BF0120B2
:100B100000205DF808FB00BF4DF808EDFFF7C4FFAB
:100B200034BF012000205DF808FB00BF4FEA410CF4
:100B30007FEA6C5C02D150EA013C0AD14FEA430CD7
:100B40007FEA6C5C02D152EA033C02D14FF0000014
:100B500070474FF0010070474A0011D212F50012A1
:100B600011D20DD56FF47873B3EB62520ED44FEA05
:100B7000C12343F0004343EA505323FA02F0704785
:100B80004FF00000704750EA013002D14FF0FF30C3
:100B900070474FF0000070474FEA4102B2F1E04366
:100BA00024BFB3F5001CDCF1FE5C0DD901F0004C54
:100BB0004FEAC0024CEA5070B2F1004F40EB8300A4
:100BC00008BF20F00100704711F0804F21D113F1D0
:100BD0003872BCBF01F00040704741F480114FEA09
:100BE0005252C2F11802C2F1200C10FA0CF320FA92
:100BF00002F018BF40F001004FEAC1234FEAD323AF
:100C000003FA0CFC40EA0C0023FA02F34FEA430318
:100C1000CCE77FEA625307D150EA01331EBF4FF0A1
:100C2000FE4040F44000704701F0004040F0FE40BC
:100C300040F40000704700BF80F0004002E000BFB9
:100C400081F0004142001FBF5FEA410392EA030FB7
:100C50007FEA226C7FEA236C6AD04FEA1262D2EB01
:100C60001363C1BFD218414048404140B8BF5B4206
:100C7000192B88BF704710F0004F40F4000020F09F
:100C80007F4018BF404211F0004F41F4000121F0B5
:100C90007F4118BF494292EA030F3FD0A2F10102FF
:100CA00041FA03FC10EB0C00C3F1200301FA03F13D
:100CB00000F0004302D5494260EB4000B0F5000F60
:100CC00013D3B0F1807F06D340084FEA310102F11F
:100CD0000102FE2A51D2B1F1004F40EBC25008BFD1
:100CE00020F0010040EA03007047490040EB00009B
:100CF000013A28BFB0F5000FEDD2B0FA80FCACF19C
:100D0000080CB2EB0C0200FA0CF0AABF00EBC250C8
:100D100052421843BCBFD0401843704792F0000FB6
:100D200081F4000106BF80F400000132013BB5E709
:100D30004FEA41037FEA226C18BF7FEA236C21D07F
:100D400092EA030F04D092F0000F08BF08467047E4
:100D500090EA010F1CBF0020704712F07F4F04D1B2
:100D6000400028BF40F00040704712F100723CBFC5
:100D700000F50000704700F0004343F0FE4040F4EF
:100D8000000070477FEA226216BF08467FEA2363AD
:100D90000146420206BF5FEA412390EA010F40F498
:100DA000800070474FF0000304E000BF10F00043E4
:100DB00048BF40425FEA000C08BF704743F09643CB
:100DC00001464FF000001CE050EA010208BF7047E6
:100DD0004FF000030AE000BF50EA010208BF70476D
:100DE00011F0004302D5404261EB41015FEA010C82
:100DF00002BF84460146002043F0B64308BFA3F17A
:100E00008053A3F50003BCFA8CF2083AA3EBC2535B
:100E100010DB01FA02FC634400FA02FCC2F120027A
:100E2000BCF1004F20FA02F243EB020008BF20F0B1
:100E30000100704702F1200201FA02FCC2F1200217
:100E400050EA4C0021FA02F243EB020008BF20EA0C
:100E5000DC7070477BB972B90029BEBF00204FF02B
:100E6000004106E008BF00281CBF6FF000414FF0B2
:100E7000FF3000F0D3B9ADF1080C6DE904CE0029C4
:100E800009DB002B1ADB00F04DF8DDF804E0DDE9AA
:100E9000022304B07047404261EB4101002B1BDB91
:100EA00000F040F8DDF804E0DDE9022304B0404240
:100EB00061EB4101524263EB43037047524263EBE3
:100EC000430300F02FF8DDF804E0DDE9022304B06D
:100ED000404261EB41017047524263EB430300F033
:100EE00021F8DDF804E0DDE9022304B0524263EBAF
:100EF0004303704753B94AB9002908BF00281CBFF3
:100F00004FF0FF314FF0FF3000F088B9ADF1080C21
:100F10006DE904CE00F006F8DDF804E0DDE9022317
:100F200004B070472DE9F047089D0F4604468C46F3
:100F3000002B48D18A42164661D9B2FA82F34BB1EE
:100F4000C3F1200201FA03FC20FA02F29E4042EAB9
:100F50000C0C9C404FEA164EB7B2BCFBFEF1220CC3
:100F60000EFB11CC42EA0C4201FB07F0904209D97A
:100F7000B21801F1FF3C80F0EE80904240F2EB802D
:100F800002393244121AA4B2B2FBFEF00EFB102258
:100F900044EA024400FB07F7A74209D9341900F1DB
:100FA000FF3280F0DA80A74240F2D7803444023822
:100FB00040EA0140E41B00211DB1DC400023C5E9EB
:100FC0000043BDE8F0878B4206D90DB1C5E90001A9
:100FD00000210846BDE8F087B3FA83F1002948D123
:100FE000BB4202D3824200F20781841A67EB0302FC
:100FF00001209446002DE4D0C5E9004CE1E7002A29
:1010000000F09280B2FA82F3002B40F0A8808A1A96
:101010004FEA164E1FFA86FC0121200CB2FBFEF7A8
:101020000EFB172240EA02420CFB07F0904207D960
:10103000B21807F1FF3802D2904200F2E280474630
:10104000121AA4B2B2FBFEF00EFB102244EA0244D4
:101050000CFB00FCA44507D9341900F1FF3202D281
:10106000A44500F2CB801046A4EB0C0440EA0740F4
:10107000A2E7C1F120068B4022FA06FC4CEA030CE1
:1010800007FA01F420FA06F3F7404FEA1C4923431C
:1010900000FA01F81FFA8CFEB7FBF9F01C0C09FBF3
:1010A000107744EA074400FB0EF7A74202FA01F268
:1010B0000AD91CEB040400F1FF3A80F09B80A742A0
:1010C00040F2988002386444E41B9FB2B4FBF9F309
:1010D00009FB134447EA044403FB0EFEA64509D965
:1010E0001CEB040403F1FF3780F08280A6457FD912
:1010F000023B644443EA0040A4EB0E04A0FB02E779
:10110000BC427346B94663D360D05DB1B8EB03020D
:1011100064EB090404FA06F622FA01F31E43CC40FC
:10112000C5E9006400214CE76208480842EAC17141
:101130000B0C43EA00438AB242EA0342B3FBF6F1E6
:10114000E407B4463746B6461F23B0FBF6F0D21B81
:1011500041EA004161E7614614E7104628E7C3F120
:10116000200120FA01F29E4027FA01F19F403A4304
:101170004FEA164E1FFA86FCB1FBFEF70EFB171066
:10118000110C41EA004107FB0CF8884504FA03F40E
:101190003AD9711807F1FF3001D288451FD8A1EB69
:1011A0000801B1FBFEF808FB0CF70EFB181192B218
:1011B00042EA0142BA422FD2B21808F1FF31C6D238
:1011C000BA42C4D2A8F102013244C0E7F0459CD231
:1011D000BEEB020367EB0C070138B94695E7A6EBB7
:1011E00008084144B81EB1FBFEF808FB0CF7DCE729
:1011F0003B467FE7504667E70846FBE63444023843
:1012000032E7023F32441BE7A1EB08013846B1FB4D
:10121000FEF808FB0CF7C8E7414698E7704700BFA7
:1012200080B582B000AF7860396000224FF4006171
:1012300004480CF0BFFF03F015FB00BF0837BD46A4
:1012400080BD00BF0000024080B500AF00224FF417
:10125000006103480CF0AEFF03F004FB00BF80BD4B
:101260000000024080B500AF0022402102480CF08F
:10127000A1FF00BF80BD00BF0004024080B500AFE9
:101280000122402102480CF095FF00BF80BD00BF45
:101290000004024080B500AFFFF7F0FF00F090FDC2
:1012A00000BF80BD80B483B000AF0346FB80FB88E5
:1012B00007EE903AF8EE677A9FED087A67EE877A44
:1012C0009FED077AC7EE876AF0EE667AB0EE670A9E
:1012D0000C37BD465DF8047B704700BF0000B44387
:1012E0000000804780B584B000AF78607B68002B39
:1012F00001D100232CE007F10F0319461A2000F05A
:1013000085F80346002B01D0002321E0FB7B5BB274
:10131000DBB2DB09DAB27B681A70FB7B03F00403F3
:10132000002B14BF01230023DAB27B685A70FB7BC9
:1013300003F00203002B14BF01230023DAB27B6801
:101340009A70FB7B03F00103DAB27B68DA70012349
:1013500018461037BD4680BD80B588B002AF7860B2
:1013600039603B68002B04D008220021386815F052
:10137000E3FB7B68002B01D101233CE00023BB8110
:1013800000233B811E4B5B687B611E4B1B685B6AC5
:101390007B823B68002B08D03B687A691A603B6807
:1013A0007A8A9A803B6801229A71FFF75BFF07F106
:1013B000080207F10C010A230093022312480FF0E0
:1013C000EDFC03467B74FFF759FF7B7C032B01D1B7
:1013D000022310E07B7C002B01D003230BE03B7A3F
:1013E0001BB21B021AB27B7A1BB213431BB29AB216
:1013F0007B681A80002318461837BD4680BD00BFA1
:10140000001000E0840200202C02002080B584B08F
:1014100000AF03463960FB713B68002B01D101230B
:1014200037E000233B81FFF71DFFD2233B73FB799D
:101430007B7307F10C010A23022218480FF061FAAE
:101440000346FB73FFF71AFFFB7B002B06D0FB7BE9
:10145000032B01D102231CE003231AE0FFF702FF54
:1014600007F108010A2302220C480FF086FB03460D
:10147000BB73FFF703FFBB7B002B06D0BB7B032BAB
:1014800001D1022305E0032303E07A7A3B681A7056
:10149000002318461037BD4680BD00BF2C02002037
:1014A00080B584B002AFD723BB8000233B80FFF719
:1014B000D9FE3A46391D0A230093022308480FF04B
:1014C0006DFC0346FB71FFF7D9FEFB79002B0CBFC7
:1014D00001230023DBB218460837BD4680BD00BF9C
:1014E0002C02002080B584B000AF78600023FB6040
:1014F00007F10C031846FFF7F5FE034683F00103DE
:10150000DBB2002B0AD07B68002B05D07B681A4623
:1015100007F10C0318681060002347E07B7B002B69
:1015200005D1BB7B002B02D1FB7B002B17D0FFF733
:10153000B7FF07F10C031846FFF7D4FE034683F00C
:101540000103DBB2002B0AD07B68002B05D07B683F
:101550001A4607F10C0318681060002326E07B6828
:10156000002B05D07B681A4607F10C031868106041
:101570003B7B83F00103DBB2002B13D07B7B83F03A
:101580000103DBB2002B0DD0BB7B83F00103DBB288
:10159000002B07D0FB7B83F00103DBB2002B01D0D3
:1015A000012300E0002303F00103DBB218461037EB
:1015B000BD4680BD80B483B000AF78607B68002BEF
:1015C00016D07B6800221A707B6800225A807968E6
:1015D0004FF000024FF00003C1E902237B680022B4
:1015E0001A617B6800225A617B6800229A6100E0E0
:1015F00000BF0C37BD465DF8047B70472DE9B00F86
:1016000089B000AFF8607A603B600B467B81FB6875
:10161000002B05D03B6C002B02D03B68002B01DA7D
:1016200001236CE0FB681B7883F00103DBB2002B25
:101630001CD0FB6801221A70FB687A895A807B896A
:1016400000229A469346FB68C3E902ABFB687A68BE
:101650001A61FB685B695A1CFB685A61FB68D3E935
:101660000223396CC1E90023002348E07B89FA6832
:1016700052889B1AFB61FB69B3F5004F04DDFB69DF
:10168000A3F58033FB6107E0FB6913F5004F03DA34
:10169000FB6903F58033FB61FB69002BB8BF5B423C
:1016A000BB61BA693B689A4206DDFB689B695A1CBC
:1016B000FB689A61042322E0FB68D3E90223F969FD
:1016C000C8170C46054612EB040843EB0509C7E9A9
:1016D0000489FB687A895A80F968D7E90423C1E94B
:1016E0000223FB687A681A61FB685B695A1CFB6815
:1016F0005A61396CD7E90423C1E900230023184655
:101700002437BD46BDE8B00F7047000080B487B0F5
:1017100000AF786039604FF0FF337B6100233B619D
:101720001DE07A683B6913441B781A467B69534075
:101730007B610023FB600CE07B6903F001035A42EC
:101740000D4B13407A69520853407B61FB680133AB
:10175000FB60FB68072BEFDD3B6901333B613A69B6
:101760003B689A42DDD37B69DB4318461C37BD4694
:101770005DF8047B704700BF2083B8ED80B586B06C
:1017800000AF78607B68002B01D10123F8E03422A0
:101790000021786815F0D0F90023FB730023BB7398
:1017A00000237B730123FB75FB7D002B0AD007F11F
:1017B0000F0319460020FFF729FE0346002B01D135
:1017C000012300E00023FB75FB7D03F00103FB75A3
:1017D000FB7D002B0AD007F10E0319460120FFF70D
:1017E00015FE0346002B01D1012300E00023FB7509
:1017F000FB7D03F00103FB75FB7D002B0AD07B68AA
:10180000043319460920FFF701FE0346002B01D1DE
:10181000012300E00023FB75FB7D03F00103FB7552
:10182000FB7D002B0AD07B68053319460D20FFF79E
:10183000EDFD0346002B01D1012300E00023FB75E1
:10184000FB7D03F00103FB75FB7D002B0AD007F144
:101850000D0319461A20FFF7D9FD0346002B01D1CD
:10186000012300E00023FB75FB7D03F00103FB7502
:10187000FB7D002B0AD07B68073319461C20FFF73D
:10188000C5FD0346002B01D1012300E00023FB75B9
:10189000FB7D03F00103FB75FB7D002B0AD07B6809
:1018A000083319461F20FFF7B1FD0346002B01D175
:1018B000012300E00023FB75FB7D03F00103FB75B2
:1018C000FB7B1AB2BB7B1BB21B021BB213431BB2C6
:1018D0009AB27B685A807A7B7B689A717B68002217
:1018E0005A8500233B6125E000233B733B69DBB253
:1018F0002033DBB207F10C0211461846FFF786FDD4
:101900000346002B03D00023FB7500233B73397B78
:101910007A683B69134409330A461A703B7B002BF3
:1019200005D07B685B8D01339AB27B685A853B6931
:1019300001333B613B691F2BD6DD7B6809332021D6
:101940001846FFF7E3FE02467B68DA627B68FA7DA1
:101950001A70FB7D83F00103DBB2002B05D07B689E
:10196000002283F8302005230AE07B685B8D002B82
:1019700001D1012200E002227B6883F8302000239D
:1019800018461837BD4680BD80B483B000AF78607C
:101990007B68002B0BD07B681B7883F00103DBB2E4
:1019A000002B04D17B6893F83030002B01D1012348
:1019B00013E07B689B7903F08703002B01D002239F
:1019C0000BE07B6893F83030012B03D17B685B8D93
:1019D000002B01D0032300E0002318460C37BD463E
:1019E0005DF8047B704780B584B000AF78603960E3
:1019F0007868FFF7C9FF0346FB73FB7B002B01D020
:101A0000FB7B3DE03B68002B01D1042338E07B6881
:101A10005A883B681B889A4201D0052330E07B68D6
:101A20001A793B689B789A4201D0062328E07B68AC
:101A30005A793B68DB789A4201D0072320E07B6823
:101A40009A793B681B799A4201D0082318E07B6899
:101A5000DA793B685B799A4201D0092310E07B6810
:101A60001A7A3B689B799A4201D00A2308E07B6886
:101A7000DA6A3B689B689A4201D00B2300E000239E
:101A800018461037BD4680BD80B483B000AF034612
:101A9000FB71FB790B2B33D801A252F823F000BF66
:101AA000D11A0008D51A0008D91A0008DD1A000852
:101AB000E11A0008E51A0008E91A0008ED1A000802
:101AC000F11A0008F51A0008F91A0008FD1A0008B2
:101AD0000F4B16E00F4B14E00F4B12E00F4B10E0D2
:101AE0000F4B0EE00F4B0CE00F4B0AE00F4B08E0E2
:101AF0000F4B06E00F4B04E00F4B02E00F4B00E0F2
:101B00000F4B18460C37BD465DF8047B704700BF8D
:101B1000388801084088010854880108688801084D
:101B20008C880108AC880108BC880108CC880108B1
:101B3000DC880108EC880108FC8801080C89010890
:101B40002489010880B594B000AF07F10C0334225A
:101B50000021184614F0F0FF01233B73012387F89E
:101B60003C3005237B74954B1B68BB6307F10C036A
:101B70001846FFF709FF0346002B0CBF0123002383
:101B800087F84F308023BB7407F10C031846FFF72A
:101B9000FBFE0346022B0CBF0123002387F84E30C7
:101BA0000023BB740123FB86022387F83C3007F136
:101BB0000C031846FFF7E8FE0346032B0CBF012376
:101BC000002387F84D300023FB86012387F83C3043
:101BD00000233B7307F10C031846FFF7D5FE0346BD
:101BE000012B0CBF0123002387F84C3001233B73EA
:101BF00000233B800023BB700523FB7000233B7157
:101C000000237B710023BB716C4B1B68BB603A46A1
:101C100007F10C0311461846FFF7E5FE0346002BBB
:101C20000CBF0123002387F84B3007F10C03002180
:101C30001846FFF7D8FE0346042B0CBF01230023F0
:101C400087F84A300123FB813A4607F10C0311461D
:101C50001846FFF7C8FE0346052B0CBF01230023DF
:101C600087F849303B88FB8101233B743A4607F1F2
:101C70000C0311461846FFF7B6FE0346062B0CBFB1
:101C80000123002387F84830BB783B7404237B741E
:101C90003A4607F10C0311461846FFF7A4FE034627
:101CA000072B0CBF0123002387F84730FB787B7498
:101CB0000823BB743A4607F10C0311461846FFF798
:101CC00092FE0346082B0CBF0123002387F8463001
:101CD0003B79BB740123FB743A4607F10C031146B0
:101CE0001846FFF780FE0346092B0CBF0123002393
:101CF00087F845307B79FB7401233B753A4607F141
:101D00000C0311461846FFF76EFE03460A2B0CBF64
:101D10000123002387F84430BB793B75BB6B83F00C
:101D20000103BB633A4607F10C0311461846FFF75F
:101D30005AFE03460B2B0CBF0123002387F84330C8
:101D400097F84F30002B31D097F84E30002B2DD024
:101D500097F84D30002B29D097F84C30002B25D028
:101D600097F84B30002B21D097F84A30002B1DD02C
:101D700097F84930002B19D097F84830002B15D030
:101D800097F84730002B11D097F84630002B0DD034
:101D900097F84530002B09D097F84430002B05D038
:101DA00097F84330002B01D0012300E0002303F01B
:101DB0000103DBB218465037BD4680BDB8B50108F7
:101DC00080B400AF094BDB68084A43F08073D360EE
:101DD000074B00225A60064B1B68054A43F001037B
:101DE000136000BFBD465DF8047B7047F0ED00E076
:101DF000001000E080B483B000AF7860074B1B6830
:101E0000074AA2FB03239B0C7A6802FB03F31846E4
:101E10000C37BD465DF8047B704700BF0000002012
:101E200083DE1B4380B582B000AF78607B68002BF7
:101E300009D038220021786814F07EFE7B681846AD
:101E4000FFF7B8FB00E000BF0837BD4680BD80B596
:101E50008CB002AFF860B9603B601346FB71FB6861
:101E6000002B08D03B68002B05D0FB79002B02D05B
:101E7000BB68002B01DA0123A5E02022002138688D
:101E800014F05AFE3B6801221A76012387F82730A6
:101E900085E00023BB8407F11C0300221A605A600E
:101EA000FB681B6A5A1CFB681A623B6897F827207C
:101EB0005A7697F82730012B0BD9FB689B6A5A1C7E
:101EC000FB689A623B689B7E43F00103DAB23B6891
:101ED0009A7607F11C0207F1240311461846FFF712
:101EE0003BFA034687F826303B68103307F11C02A3
:101EF00092E8030083E8030097F82630002B10D007
:101F0000FB68DB6A5A1CFB68DA623B689B7E43F025
:101F10000203DAB23B689A763B6897F826201A7675
:101F200038E04FF000024FF00003C7E90423F868DF
:101F3000B98CFA6907F110030093BB68FFF75EFBE9
:101F4000034687F8263097F82630002B10D0FB6820
:101F50001B6B5A1CFB681A633B689B7E43F00403AF
:101F6000DAB23B689A763B6897F826201A7611E039
:101F7000BA8C3B681A80D7E904233968C1E9022387
:101F80003B6800221A76FB685B6A5A1CFB685A623F
:101F9000002318E097F82730013387F8273097F8A7
:101FA0002720FB799A427FF674AF3B689B7E43F013
:101FB0000803DAB23B689A76FB685B6B5A1CFB68D5
:101FC0005A633B681B7E18462837BD4680BD00001B
:101FD00080B582B000AFC7E90001D7E90001FEF784
:101FE000FBFE07EE100ADFED077A67EE277A9FED1A
:101FF000067AC7EE876AF0EE667AB0EE670A0837AF
:10200000BD4680BD0000B443000080472DE9B00FFD
:1020100085B000AFC7E90201C7E900233B6B002B85
:1020200023D0D7E90023012A73F100030DDBD7E9A0
:1020300000236FF00041D2F1FF3861EB0309D7E9CB
:102040000223904579EB03030FDBD7E90023002B34
:102050000DDAD7E900234FF00041544261EB03054C
:10206000D7E90223A242AB4101DA00230BE0D7E912
:102070000201D7E9002310EB020A41EB030B3B6B93
:10208000C3E900AB012318461437BD46BDE8B00FC5
:1020900070472DE9B00F85B000AFC7E90201C7E96D
:1020A00000233B6B002B1FD0D7E90023002B0ADA5B
:1020B000D7E90023541E63F10045D7E90223944277
:1020C00075EB030310DBD7E90023012A73F100034A
:1020D0000CDBD7E9002303F100499046D7E902233E
:1020E000424573EB090301DA00230BE0D7E9020153
:1020F000D7E90023B0EB020A61EB030B3B6BC3E9AA
:1021000000AB012318461437BD46BDE8B00F704739
:1021100080B485B000AFC7E902017A607B68002B0C
:1021200009D0D7E90223B3F5004F04DAD7E9022337
:1021300013F5004F01DA00230DE0D7E902014FF05B
:1021400000024FF000030B0443EA104302047968D5
:10215000C1E90023012318461437BD465DF8047B0E
:1021600070472DE9B04F90B000AFC7E90A01C7E949
:1021700008233B6E002B0CD0D7E90823012A73F10A
:10218000000306DBD7E90A2303F1004152EA010309
:1021900001D1002376E0D7E908234FF000004FF08B
:1021A0000001D80F0021841841EB03054FF0000215
:1021B0004FF00003620842EAC5726B10C7E90E23B4
:1021C000D7E90A23002B24DBD7E90E236FF0004167
:1021D000D2F1FF3A61EB030BD7E90A2392457BEB7F
:1021E000030301DA00234DE0D7E90A01D7E90E2302
:1021F0008418BC6141EB0303FB61D7E90823D7E9ED
:102200000601FEF727FE02460B46396EC1E90023A0
:1022100037E0D7E90A2300215042386061EB03031D
:102220007B60D7E90034C7E90C34D7E90E236FF09F
:102230000041D2F1FF3861EB0309D7E90C23904547
:1022400079EB030301DA00231CE0D7E90C01D7E99D
:102250000E2384183C6141EB03037B61D7E908231B
:10226000D7E90401FEF7F6FD02460B460021504275
:10227000B86061EB0303FB603B6ED7E90212C3E970
:102280000012012318464037BD46BDE8B08FB0B5F7
:102290008EB002AFC7E90201C7E900233B6C002BF7
:1022A00005D07B6C002B02D0BB6C002B01D100232E
:1022B00060E04FF000024FF00003C7E90A234FF03F
:1022C00000024FF00003C7E908234FF000024FF06F
:1022D0000003C7E906234FF000024FF00003C7E9EF
:1022E000042307F128031A46D7E90001FFF710FF7E
:1022F000034683F00103DBB2002B2ED107F120034C
:102300001A46D7E90201FFF703FF034683F00103F2
:10231000DBB2002B21D1D7E90A013B6C00221C461D
:10232000154607F11803009322462B46FFF719FFC5
:10233000034683F00103DBB2002B0ED1D7E908017D
:10234000D7E9062307F110040094FFF75FFE034668
:1023500083F00103DBB2002B01D000230AE0D7E9B0
:102360000623796CC1E90023D7E90423B96CC1E9DC
:102370000023012318463037BD46B0BD2DE9B04FCC
:1023800092B002AFC7E90801C7E90623FB6E002B34
:1023900009D03B6E012B03D03B6EB3F1FF3F02D15E
:1023A000BB6E002B01D1002373E07B6E00223B61EA
:1023B0007A61BB6E0022BB60FA60D7E902234FF05E
:1023C000FF306FF00041FEF795FD02460B4639697C
:1023D0008A4279698B4101D200235AE07B6E002248
:1023E0009A469346BB6E00229846914608FB0BF234
:1023F0000AFB09F31344AAFB08452B441D46C7E911
:102400000E453B6E002B0BDAD7E90E23002150421C
:10241000386061EB03037B60D7E90034C7E90E3411
:102420004FF000024FF00003C7E90C234FF0000209
:102430004FF00003C7E90A2307F130031A46D7E932
:102440000E01FFF765FE034683F00103DBB2002BAC
:102450001CD107F128030093D7E90623D7E9080127
:10246000FFF717FE034683F00103DBB2002B0DD10B
:10247000D7E90A01D7E90C23FC6E0094FFF709FEA7
:10248000034683F00103DBB2002B01D0002300E000
:10249000012318464037BD46BDE8B08F80B483B0F5
:1024A00000AF786039607A683B68D31ADB43DB0F92
:1024B000DBB218460C37BD465DF8047B7047000060
:1024C00080B483B000AF7860034B5B6818460C376C
:1024D000BD465DF8047B7047001000E080B582B017
:1024E00000AF7860396000E000BF084B5B68396876
:1024F0001846FFF7D3FF034683F00103DBB2002B3E
:10250000F2D100BF00BF0837BD4680BD001000E01B
:1025100080B584B000AFF860B9607A607968B86857
:10252000FEF71AFF034618461037BD4680BD80B43B
:1025300083B000AF78600B46FB707B6800221A7096
:102540007B68FA78DA70FB7818460C37BD465DF880
:10255000047B704790B59DB004AFF860C7E90023D5
:10256000BB6F002B0AD088220021B86F14F0E4FA68
:10257000BB6F0122DA70BB6F00221A71FB68002B5F
:102580003ED03B6F002B3BD07B6F002B38D0BB6F16
:10259000002B35D07B6F1B68002B31D07B6F5B68C5
:1025A000002B2DD03B6F9B68002B29D03B6FDA6846
:1025B0003B6F9B689A4223D33B6F5B69002B1FD014
:1025C0003B6F5B69002B1BDB3B6F9B69002B17DBB1
:1025D0003B6F1B78002B03D03B6F1B78012B0FD177
:1025E0003B6F1B78012B0DD13B6F5B68002B07D035
:1025F0003B6F5B68002B03DB7B6F9B68002B01D17B
:102600000123EAE1B96FD7E90023C1E902233B6F57
:102610009A68BB6F9A64BB6F00229A70B96F4FF0D3
:10262000FF326FF00043C1E90623B96F4FF000029B
:102630004FF00043C1E908230023FB650023BB657D
:102640009FE1BB6F1A6D3B6FDB689A4205D3072190
:10265000B86FFFF76CFF0346BFE1002387F85730E0
:1026600000233B653B6F1B78012B1DD1BB6F5B7853
:10267000002B19D0FB6D3B65BB6F1B6F3A6DD21AF7
:102680003B6F5B699A4205D90821B86FFFF74FFF8E
:102690000346A2E17B6F9B687A6FD268396D104662
:1026A0009847012387F857300023FB8607F12C0356
:1026B00000221A605A607B6F1B687A6FD06807F13E
:1026C0002C0207F136019847034687F84E30BB6F5E
:1026D0001B6D5A1CBB6F1A6597F8323083F00103EB
:1026E000DBB2002B0AD0BB6FDB6D5A1CBB6FDA6507
:1026F0000621B86FFFF71BFF03466EE1FA6ABB6F56
:102700005A67BB6F1B6D012B0FD1FA6ABB6F1A673B
:102710003B6F1B78012B2DD1BB6F01225A70FA6AD7
:102720003B6F5B681344FB6524E097F85730002B40
:1027300020D0FA6A3B6DD31ABB64BB6C002B02DA63
:10274000BB6C5B4200E0BB6C7B64BB6C002B04DDAC
:10275000BB6F9B6E5A1CBB6F9A66BB6FDB6E7A6C4D
:102760009A4202D9BB6F7A6CDA663B6F5B683A6D4E
:102770001344FB657B6F5B687A6FD268104698479D
:102780003864BB6F1B6F3A6CD21ABB6F9A67BB6F12
:102790009A6F3B6F5B699A4205D90821B86FFFF7C2
:1027A000C6FE034619E197F84E3087F84F304FF0D8
:1027B00000024FF00003C7E9082397F84E30002BC2
:1027C0000DD097F84E30022B03D097F84E30032BE4
:1027D0001CD1BB6F5B6D5A1CBB6F5A6516E0F98E3E
:1027E000FA6A3B6F986907F1200300930346F86883
:1027F000FEF704FF034687F84F3097F84F30042B5D
:1028000004D1BB6F9B6D5A1CBB6F9A6597F84F3014
:10281000002B19D0BB6F97F84F201A71BB6D013395
:10282000BB65BB6F1B6EBA6D9A4202D9BB6FBA6DA6
:102830001A663B6F1B69BA6D9A426CD90721B86F53
:10284000FFF775FE0346C8E00023BB654FF00002AA
:102850004FF00003C7E906234FF000024FF00003DA
:10286000C7E90423D7E9080107F118030093D7E962
:102870000023FFF70EFC034683F00103DBB2002BBD
:102880000FD1BB6FD3E90401D7E9062307F1100488
:102890000094FFF7BBFB034683F00103DBB2002B80
:1028A00005D00921B86FFFF742FE034695E0D7E94E
:1028B0000423B96FC1E90423BB6FD3E90623D7E929
:1028C0000601904271EB030304DAD7E90623B96FDE
:1028D000C1E90623BB6FD3E90801D7E9062390427B
:1028E00071EB030304DAD7E90623B96FC1E90823C2
:1028F000BB6FDB6C002B04D1D7E90823B96FC1E9AA
:102900000E23D7E90823B96FC1E91023BB6FDB6C35
:102910005A1CBB6FDA64BB6FDA6C3B6F9B689A42E0
:1029200037D23B6F1B78012B2BD1F96D386CFFF739
:10293000B5FD0346002B24D03A6CFB6DD31AFB6324
:102940003B6F5B68FA6BB2FBF3F30133BB63BB6FA6
:102950005B6EDB43BA6B9A4205D90721B86FFFF76C
:10296000E6FD034639E0BB6F5A6EBB6B1A44BB6F82
:102970005A663B6F5B68BA6B02FB03F3FA6D134454
:10298000FB65BB6FDA6C3B6F9B689A42FFF459AEF4
:1029900000E000BFBB6FD3E90423B96FC96CB86F07
:1029A0002830BC6F3034029401900091D7E90001C7
:1029B000FFF76DFC034683F00103DBB2002B05D06B
:1029C0000921B86FFFF7B3FD034606E0BB6F012294
:1029D0001A70BB6F0022DA70002318466437BD46B8
:1029E00090BD000090B58DB004AFF860C7E900233A
:1029F0000B4B07F110040FCB84E80F007B6B0293A5
:102A000007F1100301933B6B0093D7E90023F868AB
:102A1000FFF7A0FD034618462437BD4690BD00BF12
:102A20004089010880B586B000AFF860B9607A606F
:102A3000FB687B617B69002B0BD0BB68002B08D047
:102A40007B68002B05D07B695A6E7B691B6E9A42AE
:102A500001D301232AE07B695B6E591C7A695166B8
:102A60003B6108220021786814F066F87B693A69B6
:102A7000063253F822207B681A607A693B69134456
:102A800058331A787B689A717B693A6933F8122057
:102A9000BB681A807B693A690E3253F822207B6941
:102AA0009A667A693B69134410331B7818461837C5
:102AB000BD4680BD80B483B000AF78607B689B6EFC
:102AC00018460C37BD465DF8047B704780B584B06E
:102AD00000AF786039607B68FB60FB68D3F88C30AE
:102AE000072B0CD8FB68D3F88C30591CFA68C2F855
:102AF0008C10FA681A339B0013443A685A60FB68DA
:102B00009B6E39681846FFF7C9FC034683F0010342
:102B1000DBB2002B02D0FB683A689A6600BF103720
:102B2000BD4680BDB0B48DB000AFF860B9607A60CA
:102B30003B6001233B757B68BB61BB68FB613B6805
:102B40003B623B687B62094BBB621423FB62FB6800
:102B50001D4607F114040FCC0FC594E8070085E863
:102B60000700F8683437BD46B0BC7047A086010046
:102B700080B584B000AF7860396090220021786819
:102B800013F0DAFF7B683A681A660023FB600EE0F8
:102B90007A68FB681344103300221A707A68FB6865
:102BA0001344583301221A70FB680133FB60FA6842
:102BB0003B689A42ECD300BF00BF1037BD4680BDD2
:102BC0002DE9B04FADF5027D04AF4FF000024FF09C
:102BD0000003C7E96C2307F5D87300934FF0020296
:102BE0004FF000034FF001004FF00001FFF7B9FA7A
:102BF0000346002B4BD0D7E96C23511E0B4346D123
:102C000007F5D87300934FF002024FF000034FF026
:102C1000FF304FF0FF31FFF7A4FA0346002B36D008
:102C2000D7E96C23B3F1FF3F08BFB2F1FF3F2ED1CC
:102C300007F5D87300934FF002024FF000034FF0F6
:102C400003004FF00001FFF78CFA0346002B1ED063
:102C5000D7E96C23911E0B4319D107F5D873009364
:102C60004FF002024FF000036FF002004FF0FF310F
:102C7000FFF777FA0346002B09D0D7E96C23B3F1AD
:102C8000FF3F08BF12F1020F01D1012300E0002332
:102C900087F8F73197F8F73103F0010387F8F73138
:102CA0004FF000024FF00003C7E96A234FF0000223
:102CB0004FF00003C7E9682307F5D073029307F5C7
:102CC000D4730193022300934FF001024FF00003ED
:102CD0004FF064004FF00001FFF7D9FA0346002BD4
:102CE0000DD0D7E96A23A2F500410B4307D1D7E9FC
:102CF0006823A2F5C9010B4301D1012300E00023A1
:102D000087F8F63197F8F63103F0010387F8F631CA
:102D100007F5D073029307F5D47301930223009350
:102D20004FF0FF324FF0FF336FF063004FF0FF3191
:102D3000FFF7ADFA0346002B11D0D7E96A23B3F1B0
:102D4000FF3F08BF12F5004F09D1D7E96823B3F15F
:102D5000FF3F08BF12F5C90F01D1012300E0002396
:102D600087F8F53197F8F53103F0010387F8F5316D
:102D70004FF4C8024FF00003C7E97A23D7E97A235A
:102D80005D1C1446C7E978454FF001024FF000037F
:102D9000C7E9662307F5CC7303934FF4807302935E
:102DA0000023019301230093D7E97A23D7E97A011D
:102DB000FFF7E4FA0346002B1DD0D7E9662313433F
:102DC00019D107F5CC7303934FF4807302934FF43A
:102DD0008073019301230093D7E97A23D7E978011F
:102DE000FFF7CCFA0346002B05D0D7E9662313433F
:102DF00001D1012300E0002387F8DF3197F8DF31AC
:102E000003F0010387F8DF31CB4B07F5C4740FCB18
:102E100084E80F0007F1500302211846FFF7A8FECF
:102E200007F5FC73A3F5D47364221A8007F5FC73CD
:102E3000A3F5D47365225A8007F5FC73A3F5D47308
:102E40004FF47A729A6107F5FC73A3F5D4734FF4CB
:102E50008262DA6107F5FC73A3F5D47340F2ED32B8
:102E60009A6307F5FC73A3F5D47340F21542DA6355
:102E700007F5FC73A3F5D47340F2E3329A6607F1C9
:102E80005003C7F8943107F5B4731846FEF792FB68
:102E900007F5FC73A3F5E270022328220221FFF755
:102EA00041FE07F5B47107F1E003029307F5C4731F
:102EB000019307F1340300934FF064024FF00003D5
:102EC0000846FFF747FB0346002B5CD107F5FC7370
:102ED000A3F58C731B78002B55D007F5FC73A3F575
:102EE0008C731B6D022B4ED107F5FC73A3F58C730D
:102EF000DB6C022B47D107F5FC73A3F58C735B6E7B
:102F0000002B40D107F5FC73A3F58C73D3E90E2396
:102F1000A2F164010B4336D107F5FC73A3F58C7362
:102F2000D3E91023A2F165010B432CD107F5FC7303
:102F3000A3F58C73D3E90623134324D107F5FC735F
:102F4000A3F58C73D3E90823511E0B431BD107F55E
:102F5000FC73A3F58C73D3E90C23A2F5C9010B43D1
:102F600011D107F5FC73A3F5D473D3F88C30012B82
:102F700009D107F5FC73A3F5D473DB6EB3F5826F4B
:102F800001D1012300E0002387F8DE3197F8DE311C
:102F900003F0010387F8DE3107F1500304211846DE
:102FA000FFF7E6FD07F5FC73A3F5D47364221A80DE
:102FB00007F5FC73A3F5D47368225A8007F5FC73F8
:102FC000A3F5D47360229A8007F5FC73A3F5D4733C
:102FD0006422DA8007F5FC73A3F5D4734FF47A7298
:102FE0009A6107F5FC73A3F5D4734FF48262DA613A
:102FF00007F5FC73A3F5D4734FF487621A6207F5E3
:10300000FC73A3F5D4734FF48C625A6207F5FC731A
:10301000A3F5D47340F2ED329A6307F5FC73A3F580
:10302000D47340F21542DA6307F5FC73A3F5D47349
:1030300040F23D421A6407F5FC73A3F5D47340F2E5
:1030400065425A6407F5FC73A3F5D47340F2E3328A
:103050009A6607F15003C7F8943107F5B473184620
:10306000FEF7A8FA07F5FC73A3F5E27407F1080070
:10307000042328220421FFF755FD07F5FC73A3F56F
:10308000F8731D460FCD0FC495E8070084E80700CC
:1030900007F5B47107F1E003029307F5C4730193D8
:1030A00007F1340300934FF064024FF00003084629
:1030B000FFF750FA0346002B40D107F5FC73A3F548
:1030C0008C73D3E90623B3F1FF3F08BF12F1040F5D
:1030D00034D107F5FC73A3F58C73D3E90823111FD2
:1030E0000B432BD107F5FC73A3F58C73D3E90801CF
:1030F00007F5FC73A3F58C73D3E90623841A3C60AF
:1031000061EB03037B60D7E900120B46083B1343D6
:1031100014D107F5FC73A3F58C73D3E9100107F5FF
:10312000FC73A3F58C73D3E90E23994208BF904238
:1031300004D1012303E000BF50890108002387F870
:10314000DD3197F8DD3103F0010387F8DD3107F158
:10315000500304211846FFF70BFD07F5FC73A3F598
:10316000D47364221A8007F5FC73A3F5D473652227
:103170005A8007F5FC73A3F5D47366229A8007F58D
:10318000FC73A3F5D4736722DA8007F5FC73A3F50B
:10319000D4734FF47A729A6107F5FC73A3F5D47374
:1031A0004FF48262DA6107F5FC73A3F5D4734FF430
:1031B00087621A6207F5FC73A3F5D4734FF48C622F
:1031C0005A6207F5FC73A3F5D47340F2ED329A63AB
:1031D00007F5FC73A3F5D47340F21542DA6307F5E3
:1031E000FC73A3F5D47340F23D421A6407F5FC73F7
:1031F000A3F5D47340F265425A6407F5FC73A3F556
:10320000D47340F2E3329A6607F15003C7F8943161
:1032100007F5B4731846FEF7CDF907F5FC73A3F56F
:10322000E27407F10800042328220421FFF77AFC46
:1032300007F5FC73A3F5F8731D460FCD0FC495E891
:10324000070084E8070007F5B47107F1E003029373
:1032500007F5C473019307F1340300934FF0640240
:103260004FF000030846FFF775F90346002B3CD1E9
:1032700007F5FC73A3F58C73D3E90623134334D10C
:1032800007F5FC73A3F58C73D3E90823D11E0B4318
:103290002BD107F5FC73A3F58C73D3E9080107F56F
:1032A000FC73A3F58C73D3E90623B0EB020A61EB40
:1032B000030BAAF1030353EA0B0316D107F5FC73C2
:1032C000A3F58C73D3E9100107F5FC73A3F58C7398
:1032D000D3E90E23B0EB020861EB0309A8F1030365
:1032E00053EA090301D1012300E0002387F8DC3110
:1032F00097F8DC3103F0010387F8DC3107F1500364
:1033000003211846FFF734FC07F5FC73A3F5D473CB
:1033100002221A7407F5FC73A3F5D47364225A8051
:1033200007F5FC73A3F5D47366229A8007F5FC7346
:10333000A3F5D4734FF47A729A6107F5FC73A3F581
:10334000D4734FF48262DA6107F5FC73A3F5D4738A
:103350004FF487621A6207F5FC73A3F5D47340F249
:10336000ED329A6307F5FC73A3F5D47340F215426E
:10337000DA6307F5FC73A3F5D47340F23D421A6497
:1033800007F5FC73A3F5D47340F2E3329A6607F1B4
:103390005003C7F8943107F5B4731846FEF70AF9DD
:1033A00007F5FC73A3F5E27407F108000323282254
:1033B0000221FFF7B7FB07F5FC73A3F5F8731D4671
:1033C0000FCD0FC495E8070084E8070007F5B47136
:1033D00007F1E003029307F5C473019307F1340387
:1033E00000934FF064024FF000030846FFF7B2F875
:1033F0000346002B3CD107F5FC73A3F58C735B7877
:10340000002B35D007F5FC73A3F58C731B6D032BD4
:103410002ED107F5FC73A3F58C73DB6C022B27D13F
:1034200007F5FC73A3F58C735B6D012B20D107F5B9
:10343000FC73A3F58C731B79022B19D107F5FC7370
:10344000A3F5D473D3F88C30022B11D107F5FC739C
:10345000A3F5D473DB6EB3F5826F09D107F5FC7366
:10346000A3F5D4731B6FB3F5876F01D1012300E07F
:10347000002387F8DB3197F8DB3103F0010387F88D
:10348000DB3107F1500303211846FFF771FB07F505
:10349000FC73A3F5D47364221A8007F5FC73A3F5BB
:1034A000D47365225A8007F5FC73A3F5D4736622A2
:1034B0009A8007F5FC73A3F5D4734FF47A729A617E
:1034C00007F5FC73A3F5D47340F26542DA6107F5A2
:1034D000FC73A3F5D4734FF491621A6207F5FC7381
:1034E000A3F5D47340F2ED329A6307F5FC73A3F5AC
:1034F000D47340F26A42DA6307F5FC73A3F5D47320
:1035000040F28D421A6407F5FC73A3F5D47340F2C0
:10351000E3329A6607F15003C7F8943107F5B473A4
:103520001846FEF747F807F5FC73A3F5E27407F1B8
:103530000800032328220321FFF7F4FA07F5FC73A0
:10354000A3F5F8731D460FCD0FC495E8070084E876
:10355000070007F5B47107F1E003029307F5C473A0
:10356000019307F1340300934FF064024FF000031E
:103570000846FEF7EFFF0346002B2ED107F5FC733C
:10358000A3F58C735B6E022B27D107F5FC73A3F5B3
:103590008C739B6E012B20D107F5FC73A3F58C7304
:1035A000DB6E552B19D107F5FC73A3F5D473D3F853
:1035B0008C30022B11D107F5FC73A3F5D473DB6EAD
:1035C000B3F5826F09D107F5FC73A3F5D4731B6FB4
:1035D000B3F5916F01D1012300E0002387F8DA31C0
:1035E00097F8DA3103F0010387F8DA3107F1500375
:1035F00002211846FFF7BCFA07F5FC73A3F5D47354
:103600004FF6FE721A8007F5FC73A3F5D4730122FE
:103610005A8007F5FC73A3F5D4736FF00F029A611B
:1036200007F5FC73A3F5D4731022DA6107F5FC7378
:10363000A3F5D4736FF00A029A6307F5FC73A3F540
:10364000D4731522DA6307F5FC73A3F5D4736FF016
:103650001F029A6607F15003C7F8943107F5B47357
:103660001846FDF7A7FF07F5FC73A3F5E27407F111
:103670000800022320220221FFF754FA07F5FC7309
:10368000A3F5F8731D460FCD0FC495E8070084E835
:10369000070007F5B47107F1E003029307F5C4735F
:1036A000019307F1340300934FF6FE724FF00003CD
:1036B0000846FEF74FFF0346002B23D107F5FC73A6
:1036C000A3F58C739B6F252B1CD107F5FC73A3F519
:1036D0008C735B6E002B15D107F5FC73A3F58C730F
:1036E000D3E90E235B4911440B430BD107F5FC735F
:1036F000A3F58C73D3E91023A2F101110B4301D17F
:10370000012300E0002387F8D93197F8D93103F07D
:10371000010387F8D93107F5B4731846FDF74AFF5E
:103720004FF000024FF00003C7E90A2307F5B47019
:1037300007F1280300930A230A226421FDF75EFFA4
:103740000346002B0CBF0123002387F8D831B7F8BC
:103750006A31A7F8D631D7E95C23C7E97223D7F8D5
:103760007831C7F8C431D7F87C31C7F8C03107F5D4
:10377000B47007F1280300930A231422C821FDF72F
:103780003DFF0346042B1FD1B7F86A31B7F8D621A5
:103790009A4219D1D7E95C23D7E97201994208BF4F
:1037A000904211D1D7F87831D7F8C4219A420BD181
:1037B000D7F87C31D7F8C0219A4205D1D7F88031AB
:1037C000012B01D1012300E0002387F8BF3197F8D6
:1037D000BF3103F0010387F8BF3197F8F731002BB1
:1037E0002DD097F8F631002B29D097F8F531002B22
:1037F00025D097F8DF31002B21D097F8DE31002B50
:103800001DD097F8DD31002B19D097F8DC31002B53
:1038100015D097F8DB31002B11D097F8DA31002B57
:103820000DD097F8D931002B09D097F8D831002B5B
:1038300005D097F8BF31002B01D0012300E0002311
:1038400003F00103DBB2184607F5FC77BD46BDE87F
:10385000B08F00BF0200FFFF80B500AF09F0AEFAE5
:1038600000F056F800F014FC00F0BCFB00F0BAF8D1
:1038700000F0AAF900F060FA00F042F900F088FBCD
:1038800000F010F900F06AF900F0D4FA00F056FBED
:10389000FDF700FDFEF756F9034683F00103DBB2A6
:1038A000002B01D000F0DEFFFFF78AF9034683F01A
:1038B0000103DBB2002B01D000F0D4FF00F0ECFFDD
:1038C00000F0FEFF034683F00103DBB2002B01D0C2
:1038D00000F0C8FF10F030F80A4A00210A4810F042
:1038E00075F80346094A136008F010FB034683F09D
:1038F0000103DBB2002B01D000F0B4FF10F040F860
:1039000000BFFDE7BCB50108C14100086405002007
:1039100080B594B000AF07F1200330220021184693
:1039200013F00AF907F10C0300221A605A609A603A
:10393000DA601A610023BB60284B1B6C274A43F0F6
:1039400080531364254B1B6C03F08053BB60BB6832
:1039500000237B60224B1B68214A43F480431360A1
:103960001F4B1B6803F480437B607B6801233B6231
:103970004FF480337B620223BB634FF48003FB630D
:1039800004233B64A8237B640223BB640423FB64FD
:1039900007F1200318460CF061FA0346002B01D012
:1039A00000F060FF0F23FB6002233B6100237B617B
:1039B0004FF4A053BB614FF48053FB6107F10C033C
:1039C000052118460CF0C2FC0346002B01D000F084
:1039D00049FF00BF5037BD4680BD00BF00380240E0
:1039E0000070004080B584B000AF3B4600221A60F2
:1039F0005A609A60DA60284B284A1A60264B4FF4C6
:103A000080325A60244B00229A60234B01221A61B3
:103A1000214B01221A76204B002283F820201E4BD6
:103A20000022DA621C4B1E4A9A621B4B0022DA60AB
:103A3000194B0222DA61184B012283F83020164B11
:103A400001225A61144809F0FBF90346002B01D00A
:103A500000F008FF01233B6001237B600523BB606E
:103A60003B4619460C4809F05DFB0346002B01D08C
:103A700000F0F8FE04233B6002237B603B461946BE
:103A8000054809F04FFB0346002B01D000F0EAFE89
:103A900000BF1037BD4680BD7C00002000200140E3
:103AA0000100000F80B500AF124B134A1A60114B92
:103AB000124A5A600F4B00229A600E4B0022DA60C5
:103AC0000C4B4FF480421A610A4B00225A61094B99
:103AD00000229A61074B0022DA61064B00221A622B
:103AE00004480AF09BFB0346002B01D000F0BAFE0D
:103AF00000BF80BD2401002000540040801A060051
:103B000080B500AF124B134A1A60114B124A5A602B
:103B10000F4B00229A600E4B0022DA600C4B4FF4E0
:103B200080421A610A4B00225A61094B00229A61B5
:103B3000074B0022DA61064B00221A6204480AF0A1
:103B40006DFB0346002B01D000F08CFE00BF80BD52
:103B50007801002000580040A086010080B500AF29
:103B6000174B184A1A60164B4FF482725A60144B66
:103B700000229A60124B0022DA60114B02221A6175
:103B80000F4B01225A610E4B4FF400729A610C4B9D
:103B90001822DA610A4B00221A62094B00225A628B
:103BA000074B00229A62064B0A22DA6204480CF0A4
:103BB0001FFE0346002B01D000F054FE00BF80BD65
:103BC0002C0200200030014080B596B000AF07F114
:103BD000480300221A605A609A60DA6007F14003D5
:103BE00000221A605A6007F1240300221A605A600A
:103BF0009A60DA601A615A619A613B1D20220021A5
:103C0000184612F099FF4A4B4A4A1A60484B002264
:103C10005A60474B00229A60454B40F66A02DA60D0
:103C2000434B00221A61424B00225A61404B002252
:103C30009A613F480DF084FB0346002B01D000F051
:103C400011FE4FF48053BB6407F14803194638480E
:103C50000EF00EF80346002B01D000F003FE3448AE
:103C60000DF02EFC0346002B01D000F0FBFD0023DD
:103C70003B6400237B6407F1400319462C480EF097
:103C800021FD0346002B01D000F0ECFD70237B6288
:103C90000023BB620023FB6200233B6300237B63A2
:103CA0000023BB630023FB6307F1240300221946B2
:103CB0001F480DF01BFF0346002B01D000F0D2FD82
:103CC00007F124030422194619480DF00FFF03469B
:103CD000002B01D000F0C6FD07F12403082219468D
:103CE00013480DF003FF0346002B01D000F0BAFD8E
:103CF00000237B600023BB600023FB6000233B614B
:103D000000237B614FF40053BB6100233B623B1DEA
:103D1000194607480EF052FD0346002B01D000F073
:103D2000A1FD034808F0FEFC00BF5837BD4680BD2A
:103D3000840200200000014080B58AB000AF07F186
:103D4000180300221A605A609A60DA6007F11003C3
:103D500000221A605A603B4600221A605A609A603C
:103D6000DA60334B4FF080421A60314B00225A60C8
:103D70002F4B00229A602E4B4FF0FF32DA602C4B13
:103D800000221A612A4B00229A6129480DF0D8FAC4
:103D90000346002B01D000F065FD4FF48053BB615A
:103DA00007F11803194622480DF062FF0346002B65
:103DB00001D000F057FD1E480DF09AFC0346002B81
:103DC00001D000F04FFD00233B6100237B6107F130
:103DD0001003194616480EF075FC0346002B01D05F
:103DE00000F040FD00233B6001237B600023BB60AB
:103DF0000023FB603B46002219460D480DF0D9FD1B
:103E00000346002B01D000F02DFD02233B6002236E
:103E10007B603B460422194605480DF0CAFD034667
:103E2000002B01D000F01EFD00BF2837BD4680BD2D
:103E3000CC02002080B592B000AF07F14003002211
:103E40001A605A6007F1240300221A605A609A60CF
:103E5000DA601A615A619A613B1D202200211846DE
:103E600012F06AFE334B344A1A60324B53225A60C6
:103E7000304B00229A602F4B40F2E732DA602D4B34
:103E800000221A612B4B00225A612A4B00229A61B0
:103E900028480DF015FB0346002B01D000F0E2FC92
:103EA00000233B6400237B6407F14003194621484B
:103EB0000EF008FC0346002B01D000F0D3FC602379
:103EC0007B620023BB620023FB6200233B63002371
:103ED0007B630023BB630023FB6307F12403002201
:103EE000194614480DF002FE0346002B01D000F0E5
:103EF000B9FC00237B600023BB600023FB60002330
:103F00003B6100237B614FF40053BB6100233B62A4
:103F10003B1D194607480EF051FC0346002B01D00B
:103F200000F0A0FC034808F0FDFB00BF4837BD4689
:103F300080BD00BF140300200004014080B500AF25
:103F4000114B124A1A60104B4FF461225A600E4B0B
:103F500000229A600C4B0022DA600B4B00221A619F
:103F6000094B0C225A61084B00229A61064B002231
:103F7000DA6105480EF088FC0346002B01D000F002
:103F800071FC00BF80BD00BF5C0300200044004006
:103F900080B500AF114B124A1A60104B4FF46122EA
:103FA0005A600E4B00229A600C4B0022DA600B4BD9
:103FB00000221A61094B0C225A61084B00229A61B7
:103FC000064B0022DA6105480EF05EFC0346002B2A
:103FD00001D000F047FC00BF80BD00BFA00300205F
:103FE0000048004080B582B000AF00237B60274BC3
:103FF0001B6B264A43F400131363244B1B6B03F41F
:1040000000137B607B6800233B60204B1B6B1F4AC7
:1040100043F4800313631D4B1B6B03F480033B606D
:104020003B68002205210C2009F05CFB0C2009F004
:1040300075FB002205210E2009F054FB0E2009F02B
:104040006DFB00220521102009F04CFB102009F027
:1040500065FB00220521112009F044FB112009F025
:104060005DFB002205212F2009F03CFB2F2009F0E9
:1040700055FB00220521382009F034FB382009F0D7
:104080004DFB00BF0837BD4680BD00BF0038024071
:1040900080B58AB000AF07F1140300221A605A609D
:1040A0009A60DA601A6100233B61414B1B6B404A06
:1040B00043F0040313633E4B1B6B03F004033B61AB
:1040C0003B690023FB603A4B1B6B394A43F080038A
:1040D0001363374B1B6B03F08003FB60FB6800230B
:1040E000BB60334B1B6B324A43F001031363304B0D
:1040F0001B6B03F00103BB60BB6800237B602C4B90
:104100001B6B2B4A43F002031363294B1B6B03F019
:1041100002037B607B6800224EF2070125480AF00B
:1041200049F800224FF4006123480AF043F80022C6
:10413000402122480AF03EF84EF207037B6101233A
:10414000BB610023FB6100233B6207F114031946A6
:10415000184809F07BFE01237B610023BB6101232A
:10416000FB6107F114031946134809F06FFE4FF481
:1041700000637B610123BB610023FB6100233B6281
:1041800007F1140319460C4809F060FE40237B61D7
:104190000123BB610023FB6100233B6207F1140391
:1041A0001946064809F052FE00BF2837BD4680BDBB
:1041B00000380240000802400000024000040240B3
:1041C000F0B5E3B00CAF07F5AC73A3F5A2731860BC
:1041D00007F1C0031846FDF725FE0121894809F0C3
:1041E000D1FF0346002B0CBF0123002387F84F317A
:1041F00097F84F31002B08D0834B1B7883F00103D5
:10420000DBB2002B01D007F0C5FE7F4A97F84F3193
:1042100013704FF480417D4809F0E5FF07F0E6FE9A
:104220000346002B03D0C8200FF063FCF9E207F12E
:10423000180307F1C00003224FF40041FDF707FE09
:10424000034687F84E3197F84E31002B2BD097F864
:104250004E2107F5AC73A3F5A0735B7E194607F5F5
:10426000AC73A3F5A0739B7E07F13C000193009112
:104270001346674A602112F0EDFBC7F85401D7F8E6
:1042800054315F2B02DD5F23C7F85431D7F8543126
:104290009AB207F13C0132235E480EF042FBC8207F
:1042A0000FF027FCBDE207F5AC73A3F5A0731B88E4
:1042B000A7F84C31B7F84C311846FCF7F3FFF0EE95
:1042C000407A9FED557A67EE877AB6EE007A77EE00
:1042D000877AFCEEE77A17EE903AC7F84831002368
:1042E000C7F8BC3007F1BC031846FCF7FBFF0346D8
:1042F00087F8473197F8473183F00103DBB2002B91
:104300000FD197F8BC30002B0BD197F8BD30002BA4
:1043100007D197F8BE30002B03D197F8BF30002BA0
:1043200042D0B7F84C41D7F848313C4AA2FB0323AE
:104330005909D7F84821394BA3FB02035B096420D4
:1043400000FB03F3D31A97F847213A6197F8BC00B2
:10435000054697F8BD00064697F8BE00F86097F846
:10436000BF00024607F13C000692FA6805920496E7
:1043700003953A690292019300912346284A8021CD
:1043800012F068FBC7F85001D7F850317F2B02DDDF
:104390007F23C7F85031D7F850319AB207F13C016A
:1043A00032231C480EF0BDFA1E4B1B7883F001032C
:1043B000DBB2002B48D01B4B01221A701A4AB7F807
:1043C0004C311380194B00221A60194B00221A60DD
:1043D000174B1B68174A1360174B00221A601749C6
:1043E0004FF000024FF00003C1E9002314494FF0E1
:1043F00000024FF00003C1E90023124B00221A60B3
:1044000047E000BF000002406805002000080240AD
:104410006C890108A00300200000C8421F85EB51F1
:10442000B0890108690500206A0500206C0500209C
:10443000700500207405002078050020800500200C
:104440008805002090050020A34B1B88B7F84C215D
:10445000D31A9BB21BB2C7F840319F4AB7F84C3110
:1044600013809E4B1A68D7F8403113449B4A13605F
:10447000D7F84031002BB8BF5B42C7F83C31984BAE
:104480001B68D7F83C219A4203DD954AD7F83C31A6
:104490001360924B1A68934B1B689A4203DA8F4B56
:1044A0001B68904A13608D4B1A688F4B1B689A42A9
:1044B00003DD8A4B1B688C4A1360884B1B681846C7
:1044C000FCF730F8894BD3E90023FBF7DFFE024607
:1044D0000B468649C1E90023804B1B681846FCF750
:1044E00021F804460D467D4B1B681846FCF71AF868
:1044F00002460B4620462946FCF77EF802460B464C
:10450000104619467A4BD3E90023FBF7BFFE02465B
:104510000B467749C1E90023764B1B680133754A86
:104520001360744B1B68182B40F278816F4BD3E9F2
:104530000045704B1B681846FBF7E4FF02460B462C
:1045400020462946FCF782F902460B46C7E94C2370
:10455000674BD3E90045674B1B681846FBF7D2FF52
:1045600002460B4620462946FCF770F902460B46E8
:1045700014461D46D7E94C23D7E94C01FCF73CF81B
:1045800002460B4620462946FBF77EFE02460B46B6
:10459000C7E94A234FF000024FF00003D7E94A0170
:1045A000FCF7BAFA0346002B08D097ED4A0B12F03D
:1045B000A7FFB0EE407AF0EE607A01E09FED447B19
:1045C00087ED487B484B1A68464B1B68D31AC7F8DF
:1045D0001C31424B1B68C7F81831414B1B6840F235
:1045E000DA2293420CDCD7F81831434A934207DBB6
:1045F000D7F8183140F63962934201DC012300E01C
:10460000002387F8173197F8173103F0010387F873
:104610001731D7F81C319BB21846FCF743FEF0EE79
:10462000407A9FED377A67EE877AB6EE007A77EEBA
:10463000877AFCEEE77A17EE903AC7F810314FF020
:1046400000022E4BD7E94801FBF720FE02460B463D
:1046500010461946FCF780FA03469BB21846FCF751
:1046600021FEF0EE407A9FED267A67EE877AB6EE6D
:10467000007A77EE877AFCEEE77A17EE903AC7F881
:104680000C31174B1B689BB21846FCF70BFEF0EE83
:10469000407A9FED1B7A67EE877AB6EE007A77EE66
:1046A000877AFCEEE77A17EE903AC7F80831D7F828
:1046B0001831DB0F87F8073197F80731002B21D02D
:1046C000D7F818319BB25B429BB21EE0AFF300807B
:1046D00000000000000000006A0500206C050020BA
:1046E000780500207405002070050020800500205A
:1046F0008805002090050020C7F1FFFF0000E03F83
:104700000000C842D7F818319BB21846FCF7CAFD22
:10471000F0EE407A1FED067A67EE877AB6EE007A01
:1047200077EE877AFCEEE77A17EE903AC7F8003119
:10473000D7F810313B4AA2FB03235D09D7F81021BB
:10474000384BA3FB02135B09642101FB03F3D31A6B
:10475000D7F80C213349A1FB02125609D7F80C11E6
:10476000304AA2FB01025209642000FB02F28A1ABD
:1047700097F80711002902D02B49396101E02B4934
:104780003961D7F800112748A0FB01014909F960F8
:10479000D7F800012349A1FB00414909642404FB27
:1047A00001F1411AD7F808011E4CA4FB0040400952
:1047B000B860D7F808411B48A0FB04C040094FF07F
:1047C000640C0CFB00F0201A194C24687C6097F8EC
:1047D000174107F13C0C0A947C6809940890B8686A
:1047E00007900691F9680591396904910392029640
:1047F0000193009505230F4A8021604612F02AF9A3
:10480000C7F8FC00D7F8FC309AB207F13C0132231C
:1048100009480EF086F8094B00221A70C8200FF0E4
:1048200068F9DAE41F85EB51088A01080C8A01084F
:1048300090050020108A0108A003002069050020CF
:1048400080B582B000AF78607B681B68044A9342F1
:1048500001D108F0D5FA00BF0837BD4680BD00BFC2
:104860000020004080B582B000AF72B600BF4FF4A8
:104870000051074809F0B7FC00237B6002E07B6829
:1048800001337B607B68034A9342F8D9EFE700BFAE
:10489000000802401FA1070080B500AF00F0ACF98E
:1048A0000449054807F0AEFB0448FDF7BBFA00BF1A
:1048B00080BD00BFE0B5010894050020B8050020C8
:1048C00080B588B000AF07F06FFC034683F00103AA
:1048D000DBB2002B01D0002349E0B0EE000A2648ED
:1048E00007F0C5FB254B01221A70244B01225A62A6
:1048F000B6EE000A7B2000F0CBF900F06DF83B46E5
:10490000184600F071F8D7ED007AF5EE407AF1EE36
:1049100010FA28D1D7ED017AF5EE407AF1EE10FACF
:1049200021D1D7ED027AF5EE407AF1EE10FA1AD1E4
:104930003B7B83F00103DBB2002B14D03B69002BDF
:1049400011D1BB8A002B0ED1D7ED067AF5EE407A55
:10495000F1EE10FA07D13B7F83F00103DBB2002BAD
:1049600001D0012300E0002303F00103DBB218466D
:104970002037BD4680BD00BF94050020B80500204B
:1049800080B500AF00F060F900BF80BD80B500AF1A
:1049900000F06CF900BF80BD80B582B000AF034667
:1049A00087ED000AFB80FB8897ED000A184600F0AF
:1049B0006FF900BF0837BD4680BD000080B500AF6D
:1049C000034807F03AFB0348FDF72CFA00BF80BD0F
:1049D00094050020B805002080B500AFFFF7EEFF7A
:1049E00000F0B2F900BF80BD80B586B000AF78603E
:1049F0007B68002B22D0134B5A697B681A60114BDD
:104A00009A697B685A600F4BDA697B689A600E4B33
:104A10001A787B681A730C4B5A6A7B681A6107F123
:104A20000C03184600F09CF9BA897B689A823A69AF
:104A30007B689A613A7D7B681A7700E000BF18377F
:104A4000BD4680BD94050020B805002080B58EB01D
:104A500000AF87ED010A38603B68002B01D10123CC
:104A600036E007F1080303224FF400511A48FDF71E
:104A7000EEF9034687F8373097F83730002B02D02D
:104A800097F8373024E0D7E9042310461946FDF79C
:104A90009FFAB0EE407AD7ED017A77EE677AC7EDEC
:104AA0000C7A3B683A6B1A6097ED0C0A0B4807F0DA
:104AB000DEFA87ED0B0AD7ED0B7AFDEEE77A17EEFB
:104AC000903A9BB2B7EE000A184600F0E1F80023D6
:104AD00018463837BD4680BDB80500209405002033
:104AE00080B483B000AF0346FB80FB88074AA2FB7B
:104AF0000312520B42F6AB2101FB02F29B1A9BB24E
:104B000018460C37BD465DF8047B70470380FEBF36
:104B100080B400AF06231846BD465DF8047B70479D
:104B200080B400AF0C231846BD465DF8047B704787
:104B300080B500AF054807F022FBF0EE407AFDEEAD
:104B4000E77A17EE903A184680BD00BF9405002022
:104B500080B584B000AF786087ED000A7B6807EE0F
:104B6000903AF8EE677A9FED217A27EE877ADFEDAB
:104B7000206AC7EE267AC7ED027A97ED020A12F094
:104B80004FFDF0EE407AB6EE007A67EE877AB6EE29
:104B9000007A77EE877A97ED007A67EE277AC7ED8D
:104BA000037AD7ED037AF5EEC07AF1EE10FA02D56A
:104BB0004FF00003FB60D7ED037AB7EE007AF4EE16
:104BC000C77AF1EE10FA02DD4FF07E53FB60D7EDAD
:104BD000037A9FED087A67EE877AFCEEE77A17EEA4
:104BE000903A9BB218461037BD4680BDDB0FC940D6
:104BF00000AC2A4600A0064580B500AF00F036F8AC
:104C0000012201210E4809F0D5FA002202210C48A8
:104C100009F0D0FA00220421094809F0CBFA00215A
:104C200008480CF09DFC042106480CF099FC082172
:104C300004480CF095FC00F087F800BF80BD00BF71
:104C4000000802408402002080B500AF01224FF42A
:104C50000061044809F0AEFA034B01221A7200BF4A
:104C600080BD00BF00000240F005002080B500AF0D
:104C700000224FF40061044809F09CFA034B002223
:104C80001A7200BF80BD00BF00000240F005002086
:104C900080B586B000AF034687ED000AFB80FB8835
:104CA000264AA2FB0312520B42F6AB2101FB02F291
:104CB0009B1A9BB27B61FB8803F639631F4AA2FBF8
:104CC0000312520B42F6AB2101FB02F29B1A3B612D
:104CD000FB8803F5E3531233184AA2FB0312520B6D
:104CE00042F6AB2101FB02F29B1AFB6097ED000A32
:104CF0007869FFF72DFF03461A46114B1B685A636C
:104D000097ED000A3869FFF723FF03461A460C4B5C
:104D10001B689A6397ED000AF868FFF719FF0346CE
:104D20001A46074B1B68DA63064AFB881380054A5C
:104D30003B68536000BF1837BD4680BD0380FEBF8F
:104D400084020020F005002080B500AF9FED030A2B
:104D50000020FFF79DFF00BF80BD00BF00000000E6
:104D600080B483B000AF78607B68002B04D07B6890
:104D7000044A07CA83E8070000BF0C37BD465DF848
:104D8000047B7047F005002080B483B000AF034679
:104D9000FB71044AFB79137000BF0C37BD465DF808
:104DA000047B70470506002080B485B000AF224B1D
:104DB0001B68BB60214B1B687B60214B1B683B6001
:104DC0000023FB602DE01F49FA681346DB009B1AA5
:104DD0009B000B441B68BA689A421FD11949FA68B4
:104DE0001346DB009B1A9B000B4404331B687A6854
:104DF0009A4213D11349FA681346DB009B1A9B00B1
:104E00000B4408331B683A689A4207D1FA68134684
:104E1000DB009B1A9B000B4A134406E0FB6801333E
:104E2000FB60FB68022BCED9002318461437BD4621
:104E30005DF8047B704700BF107AFF1F147AFF1FD4
:104E4000187AFF1FF4B5010880B584B000AF786010
:104E5000FFF7AAFFF860FB68002B05D07B680122F2
:104E60001A70FB68DB6803E07B6800221A70024B53
:104E700018461037BD4680BDA08A01080FB480B522
:104E8000A2B000AF07F194033B60381D3B68D7F830
:104E90009020802111F042FEC7F88400D7F88430BA
:104EA000002B0EDDD7F884307F2B02D97F23C7F883
:104EB0008430D7F884309AB2391D642304480DF049
:104EC00030FD00BF8837BD46BDE8804004B0704764
:104ED000A00300200FB480B5ADF5EF6D00AF07F271
:104EE000847207F5EF63A3F274731A6007F5EF633A
:104EF000A3F2747307F108001B68D7F8802740F20B
:104F00006C7111F00BFEC7F87407D7F87437002BDB
:104F100012DDD7F8743740F26B72934203D940F236
:104F20006B73C7F87437D7F874379AB207F1080172
:104F3000C82305480DF0F5FC00BF07F5EF67BD4637
:104F4000BDE8804004B07047A003002080B58CB05D
:104F500002AF87ED030AB8607960D7ED037AF5EE0A
:104F6000C07AF1EE10FA4CBF0123002387F82730F6
:104F700097F82730002B04D0D7ED037AF1EE677A4B
:104F800001E0D7ED037AC7ED087AD7ED087A9FEDF7
:104F9000207A67EE877AB6EE007A77EE877AFDEEB2
:104FA000E77A17EE903AFB61FB691A4A82FB03121B
:104FB0005211DB17D31ABB61FB69164A82FB03123D
:104FC0005111DA178A1A642101FB02F29B1A7B61E4
:104FD00097F82730002B0ED0BB69002B02D17B69DC
:104FE000002B08D07B690093BB690B4A7968B868CD
:104FF00011F030FD08E07B690093BB69074A7968CE
:10500000B86811F027FD00BF00BF2837BD4680BD3E
:105010000000C8421F85EB51AC8A0108B88A01081C
:1050200080B58EB002AF87ED030AB86079603A6050
:105030000123FB620023BB6208E0FA6A13469B006F
:1050400013445B00FB62BB6A0133BB62BA6ABB6894
:105050009A42F2DBD7ED037AF5EEC07AF1EE10FA60
:105060004CBF0123002387F8273097F82730002B07
:1050700004D0D7ED037AF1EE677A01E0D7ED037A39
:10508000C7ED087AFB6A07EE903AB8EEE77AD7EDFB
:10509000087A67EE277AB6EE007A77EE877AFDEE29
:1050A000E77A17EE903AFB61FA69FB6A92FBF3F339
:1050B000BB61FB69FA6A93FBF2F2F96A01FB02F247
:1050C0009B1A7B6197F82730002B10D0BB69002B0F
:1050D00002D17B69002B0AD07B690193BB680093E6
:1050E000BB690A4A3968786811F0B4FC0AE07B6948
:1050F0000193BB680093BB69054A3968786811F071
:10510000A9FC00BF00BF3037BD4680BDC48A01087E
:10511000D08A0108B0B590B000AFC7E902017A604B
:105120003B607B68002B71D03B68002B6ED0002366
:10513000FB63D7E902014FF000024FF00003CA0FF2
:105140000023134687F82B3097F82B30002B06D01E
:10515000D7E902230021544261EB030501E0D7E9BE
:105160000245C7E90C45D7E90C014FF00A024FF0A0
:105170000003FBF7BFFED2B2FB6B591CF963303260
:10518000D2B240333B4403F8302CD7E90C014FF046
:105190000A024FF00003FBF7ADFE02460B46C7E9DB
:1051A0000C23D7E90C23134302D0FB6B162BDAD95F
:1051B00097F82B30002B0AD0FB6B162B07D8FB6B14
:1051C0005A1CFA6340333B442D2203F8302C002351
:1051D000FB620DE0FB6B013BFB63FB6A5A1CFA624E
:1051E0007A68134407F11001FA6B0A4412781A70B6
:1051F000FB6B002B04D0FB6A01333A689A42E9D872
:105200007A68FB6A134400221A7000E000BF40373E
:10521000BD46B0BD80B582B000AFC7E90001D7E997
:105220000001FBF7BBF94FF000020D4BFBF7E4F96F
:1052300002460B46104619464FF00002094BFBF799
:1052400005FB02460B4610461946FBF7A5FC034634
:1052500007EE903AB0EE670A0837BD4680BD00BF42
:10526000008076400000F04180B483B000AF7860E9
:105270007B68FF2B02D87B68DBB200E0FF23184677
:105280000C37BD465DF8047B704780B483B000AF37
:1052900078607B68B3F5803F02D27B689BB201E007
:1052A0004FF6FF7318460C37BD465DF8047B704718
:1052B00080B400AF00231846BD465DF8047B7047FC
:1052C00080B483B000AF0346FB71FB79092B2BD868
:1052D00001A252F823F000BF015300080553000853
:1052E000095300080D530008115300081553000816
:1052F000195300081D5300082153000825530008C6
:105300000D4B12E00D4B10E00D4B0EE00D4B0CE081
:105310000D4B0AE00D4B08E00D4B06E00D4B04E091
:105320000D4B02E00D4B00E00D4B18460C37BD460F
:105330005DF8047B704700BFDC8A0108E08A010841
:10534000EC8A0108F88A0108048B0108108B010817
:10535000208B0108388B0108548B0108688B0108E9
:10536000788B010880B58EB000AF7861396187ED28
:10537000030ABA607B604FF000037B634FF00003C9
:105380003B630023FB6258E0FB6A07EE903AF8EEBD
:10539000E77A9FED6C7A67EE877A9FED6B7A27EE5E
:1053A000877ADFED6A6AC7EE267AC7ED0A7AD7ED0B
:1053B0000A7A9FED677A27EE877ADFED666AC7EE95
:1053C000267AC7ED097ABB6807EE903AF8EEE77ADD
:1053D00097ED097A67EE277AC7ED087AFB6A9B009A
:1053E0007A69134493ED007AD7ED037A77EE677A02
:1053F000C7ED077A97ED080A12F0DAF8B0EE407AB6
:10540000D7ED077A67EE277A97ED0D7A77EE277A50
:10541000C7ED0D7A97ED080A12F002F9B0EE407A66
:10542000D7ED077A67EE277A97ED0C7A77EE277A31
:10543000C7ED0C7AFB6A0133FB62FA6A3B699A4258
:10544000A2DBBB68DAB27B681A703B69002B13DC05
:105450007B684FF000025A607B684FF000029A6050
:105460007B684FF00002DA607B684FF000021A613F
:105470007B6800221A7562E03B6907EE903AF8EE0D
:10548000E77AF0EE006A86EEA77AD7ED0D7A67EE3E
:10549000277A7B68C3ED017A3B6907EE903AF8EE14
:1054A000E77AF0EE006A86EEA77AD7ED0C7A67EE1F
:1054B000277A7B68C3ED027A7B6893ED017A7B687B
:1054C000D3ED017A27EE277A7B68D3ED026A7B68F9
:1054D000D3ED027A66EEA77A77EE277AB0EE670A06
:1054E00012F044F8F0EE407A7B68C3ED037A7B68F3
:1054F000D3ED027A7B6893ED017AF0EE470AB0EEC5
:10550000670A12F031F8F0EE407A9FED127A27EE3A
:10551000877ADFED0F6AC7EE267A7B68C3ED047ADF
:105520007B68D3ED037A9FED0C7AF4EEC77AF1EE47
:1055300010FAACBF01230023DAB27B681A75383742
:10554000BD4680BD0000B44300008043000080479A
:10555000DB0F494000003443CDCC4C3D80B487B0D4
:1055600000AFF860B9607A6000237B6118E07A6967
:1055700013465B001344DB001A46FB6813441A7899
:105580007B68DBB29A4208D17A6913465B00134408
:10559000DB001A46FB68134407E07B6901337B613B
:1055A0007A69BB689A42E2DB002318461C37BD4685
:1055B0005DF8047B7047000080B52DED028B90B044
:1055C00000AF7861396187ED030ABA607B603B699F
:1055D000002B02DCDFED507A96E04FF00003FB6316
:1055E0000023BB637CE0BB6B07EE903AF8EEE77AF2
:1055F0009FED4A7A67EE877A9FED497A27EE877AA0
:10560000DFED486AC7EE267AC7ED0B7AD7ED0B7A45
:105610009FED457A27EE877ADFED446AC7EE267A5A
:10562000C7ED0A7AFB687B6300233B633BE03B6B7F
:105630007A6813441B781A460C21B868FFF78EFF6E
:1056400038623B6A002B2AD03B6A1B7807EE903AFF
:10565000F8EE677A97ED0A7A67EE277AC7ED077A50
:105660003B6A93ED018A97ED070A11F0A1FFF0EE76
:10567000407A28EE278A3B6AD3ED028A97ED070A23
:1056800011F0CEFFF0EE407A68EEA77A78EE277A36
:1056900097ED0D7A77EE277AC7ED0D7A00E000BF1F
:1056A0003B6B01333B633A6B3B6D9A42BFDBBB6B99
:1056B0009B007A69134493ED007AD7ED0D7A77EE6B
:1056C000677AC7ED097AD7ED097A67EEA77A97ED81
:1056D0000F7A77EE277AC7ED0F7ABB6B0133BB6386
:1056E000BA6B3B699A42FFF67EAF3B6907EE903A90
:1056F000F8EEE77A97ED0F7AC7EE276AB0EE660A02
:1057000011F034FFF0EE407AB0EE670A4037BD4644
:10571000BDEC028B80BD00BF000000000000B44360
:105720000000804300008047DB0F49400000344305
:1057300080B52DED028B8EB000AF78613961FA60D3
:10574000BB6087ED010A424B7B63424B3B63002306
:10575000FB626CE0FB6A07EE903AF8EEE77A9FEDA9
:105760003E7A27EE877ADFED3D6AC7EE267AC7EDEF
:10577000087A7B68BB6200237B623BE07B6AFA6845
:1057800013441B781A4639697869FFF7E7FEF86118
:10579000FB69002B2AD0FB691B7807EE903AF8EEE4
:1057A000677A97ED087A67EE277AC7ED067AFB6984
:1057B00093ED018A97ED060A11F0FAFEF0EE407AB9
:1057C00028EE278AFB69D3ED028A97ED060A11F0CD
:1057D00027FFF0EE407A68EEA77A78EE277A97ED09
:1057E0000A7A77EE277AC7ED0A7A00E000BF7B6A73
:1057F00001337B627A6ABB689A42BFDB97ED0A7A13
:10580000D7ED0D7AB4EEE77AF1EE10FA01DDBB6A5E
:105810007B6397ED0A7AD7ED0C7AB4EEE77AF1EE76
:1058200010FA01D5BB6A3B63FB6A0133FB62FB6A7A
:10583000B3F5805F8EDBBB6C7A6B1A60FB6C3A6BE6
:105840001A6000BF3837BD46BDEC028B80BD00BF7B
:10585000286B6ECE286B6E4EDB0FC9400000804572
:10586000B0B594B002AF78613961FA6087ED020A91
:105870007B60C7ED000A07F1240300221A605A601A
:105880009A60DA601A6100237B642CE07B6CFA6D0D
:1058900013441B781A46B96D7868FFF75FFE03461C
:1058A000002B0AD15F4B7B637B691D4607F1240403
:1058B0000FCC0FC523682B60AFE07B6CFA6D1344EF
:1058C0001B785A00FB689A420AD3574B7B637B696B
:1058D0001D4607F124040FCC0FC523682B609CE004
:1058E0007B6C01337B647A6C3B6E9A42CEDB3B6E01
:1058F0000093FB6D7A6897ED020AF9683869FFF743
:105900005BFEF0EE407AC7ED097A07F11C030193C4
:1059100007F12003009397ED020A3B6EFA6DB96D13
:105920007868FFF705FF97ED087AD7ED077A77EEED
:10593000677AC7ED0A7AD7ED007A9FED3C7AF4EEEC
:10594000C77AF1EE10FA57DDD7ED096A97ED007AC4
:10595000C6EE877AC7ED0F7AD7ED0F7A67EEA77A92
:10596000B7EE007A77EE677AC7ED0E7AD7ED0E7A4A
:10597000F0EEE77A9FED2E7AF4EE477AF1EE10FA28
:1059800011D8D7ED0E7A9FED2B7AF4EEC77AF1EEAF
:1059900010FA08D4D7ED0E7A9FED277AF4EEC77A85
:1059A000F1EE10FA0ADD254B7B637B691D4607F19A
:1059B00024040FCC0FC523682B602EE0BB6B3B6427
:1059C000D7ED107AF5EEC07AF1EE10FA02D54FF06D
:1059D00000033B64D7ED107AB7EE007AF4EEC77A95
:1059E000F1EE10FA02DD4FF07E533B643B6CFB623C
:1059F000012387F8303005E04FF00003FB620023FD
:105A000087F83030012387F831307B691D4607F174
:105A100024040FCC0FC523682B6078694837BD4636
:105A2000B0BD00BF808B0108948B0108BD3786355F
:105A3000FFFF7F7F6F1283BAC520803FA88B0108CC
:105A400080B487B000AF7860396001237B6131E0BA
:105A50007B699B007A6813441B68FB607B69013B90
:105A60003B610DE03B699B007A681A443B69013356
:105A70009B0079680B4412681A603B69013B3B61EB
:105A80003B69002B0CDB3B699B007A681344D3ED28
:105A9000007A97ED037AB4EEE77AF1EE10FAE1D4EA
:105AA0003B6901339B007A681344FA681A607B698A
:105AB00001337B617A693B689A42C9DB00BF00BF52
:105AC0001C37BD465DF8047B70470000B0B594B04C
:105AD00000AFF860B9607A603B6007F11003002204
:105AE0001A605A609A60DA601A615A613B68002B4A
:105AF0000ADCFB681D4607F110040FCC0FC594E8C3
:105B0000030085E80300F2E04FF00003FB6400238C
:105B1000BB6416E0BB6C9B00BA68134493ED007A3B
:105B2000BB6C9B00BA681344D3ED007A67EE277A0A
:105B300097ED137A77EE277AC7ED137ABB6C0133B2
:105B4000BB64BA6C3B689A42E4DB3B6807EE903A70
:105B5000F8EEE77A97ED137AC7EE276AB0EE660A99
:105B600011F004FDF0EE407AC7ED067A3B689B0029
:105B70001A46B968786811F071F839687868FFF7E3
:105B80005FFF3B6E7B647A6C3B689A4201DD3B6849
:105B90007B647B6C002B01DC01237B644FF00003F2
:105BA0003B644FF00003FB630023BB631DE0BB6B52
:105BB0009B007A681344D3ED007A97ED107A77EE64
:105BC000277AC7ED107A3B685A1EBB6BD31A9B002D
:105BD0007A681344D3ED007A97ED0F7A77EE277A3F
:105BE000C7ED0F7ABB6B0133BB63BA6B7B6C9A4218
:105BF000DDDB7B6C07EE903AB8EEE77AD7ED106A02
:105C0000C6EE877AC7ED0B7A7B6C07EE903AB8EE5A
:105C1000E77AD7ED0F6AC6EE877AC7ED0A7A97ED75
:105C20000A7AD7ED0B7A77EE677AC7ED047A3B688C
:105C300003F18043013B9B007A68134493ED007AA3
:105C40007B68D3ED007A77EE677AC7ED057A3B681B
:105C5000013B07EE903AF8EEE77A9FED277A67EE80
:105C6000877AB6EE007A77EE877AFDEEE77A17EE5E
:105C7000903A7B633B68013B07EE903AF8EEE77A97
:105C80009FED1E7A67EE877AB6EE007A77EE877A16
:105C9000FDEEE77A17EE903A3B637B6B002B01DA5F
:105CA00000237B633A6B3B689A4202DB3B68013B13
:105CB0003B637B6B9B007A6813441B68FB613B6B07
:105CC0009B007A6813441B683B6297ED087AD7ED16
:105CD000077A77EE677AC7ED097AFB681D4607F108
:105CE00010040FCC0FC594E8030085E80300F868A2
:105CF0005037BD46B0BD00BFCDCC4C3D3333733FB4
:105D000080B584B000AFF8600B467A60FB72FB6828
:105D1000002B0ED0FB68FA7A1A7007F085F802465D
:105D20007B68D21AFB685A60FEF702FF0246FB68E6
:105D30009A61FB7A18461037BD4680BD80B483B0A7
:105D400000AF0346FB71FB79032B13D801A252F875
:105D500023F000BF655D0008695D00086D5D000807
:105D6000715D0008074B06E0074B04E0074B02E0BB
:105D7000074B00E0074B18460C37BD465DF8047B27
:105D8000704700BFDC8A0108BC8B0108CC8B01087E
:105D9000D48B0108788B010880B58EB002AF786093
:105DA0007B68002B01D10323B3E01C22002178681B
:105DB00010F0C2FE07F038F87862FEF7B9FE02462E
:105DC0007B685A610220FEF7DFFF4FF00003FB61A2
:105DD00007F11C0318469FED510AFEF737FE0346F4
:105DE000002B06D07A6A03217868FFF789FF034603
:105DF0008FE0FA697B68DA60FA697B681A617B6810
:105E000001229A600023FB627B6ABB624FF00003B1
:105E1000BB6107F1180318469FED400AFEF716FE16
:105E20000346002B06D07A6A03217868FFF768FFE3
:105E300003466EE0BA697B681A617B689B685A1CEE
:105E40007B689A60D7ED067AF0EEE77A9FED347AB8
:105E5000F4EEC77AF1EE10FA03D5FB6A0133FB6268
:105E600001E00023FB62FB6AB3F5FA7F06DD7A6A84
:105E700000217868FFF744FF03464AE0D7ED067A31
:105E8000B0EEE77AD7ED077AF0EEE77A77EE677A49
:105E90009FED247AF4EEC77AF1EE10FA06DD7A6A05
:105EA00001217868FFF72CFF034632E006F0BCFFC3
:105EB00038623A6ABB6AD31AB3F5FA7F17D33B6AE2
:105EC000BB62D7ED067A07F1080310211846B0EE41
:105ED000670AFFF73BF8FEF72BFE034607F10801C0
:105EE00000934FF4FA73FA6A0F48FEF7C7FF3A6A55
:105EF0007B6AD31A44F61F62934206D97A6A02215A
:105F00007868FFF7FDFE034603E002200DF0F1FD87
:105F10007CE718463037BD4680BD00BF000000005A
:105F2000CDCCCC3D0000B442E88B010880B582B0F6
:105F300000AF0320FEF728FF14237B601AE07B6884
:105F40009BB25B429BB2B7EE000A1846FEF724FDF7
:105F50007B6818460DF0CDFD7B689BB2B7EE000A5A
:105F60001846FEF719FD7B6818460DF0C2FD7B68E8
:105F7000013B7B607B68002BE1DCB7EE000A002070
:105F8000FEF70AFDC8200DF0B4FD00BF0837BD467E
:105F900080BDB0B489B000AF7860396007F1080304
:105FA00000221A605A609A60DA601A615A613B688E
:105FB000002B11D03B681B6ABB603B685B6AFB60CF
:105FC0003B689B6A3B613B68DB6A7B613B681B6BA0
:105FD000BB613B685B6BFB617B681D4607F1080496
:105FE0000FCC0FC594E8030085E8030078682437D8
:105FF000BD46B0BC704780B485B000AFF860B960F2
:106000007A60FB68002B42D0BB68002B3FD07B68D6
:10601000002B3CD07B681A68FB68196ABB681B6858
:10602000CB1A1A447B681A607B685A68FB68596A05
:10603000BB685B68CB1A1A447B685A607B689A68B5
:10604000FB68996ABB689B68CB1A1A447B689A60A4
:106050007B68DA68FB68D96ABB68DB68CB1A1A44CC
:106060007B68DA607B681A69FB68196BBB681B691F
:10607000CB1A1A447B681A617B685A69FB68596BB2
:10608000BB685B69CB1A1A447B685A6100E000BFA9
:106090001437BD465DF8047B704780B590B000AF03
:1060A000F860B9607A603B60BB681B687A689A42A6
:1060B00001DB082301E06FF00703BB630023FB63F0
:1060C00051E0BB681A68BB6B1A44BB681A60BB6BB3
:1060D000002B04DDBB681B687A689A4207DBBB6B48
:1060E000002B07DABB681B687A689A4202DDBB683E
:1060F0007A681A60BB681B689BB2B7EE000A184644
:10610000FEF74AFC386D0DF0F4FC07F11003032292
:1061100040F21D71F868FBF79AFE034687F83730A6
:10612000FB6B0133FB6397F83730002B08D03B68DB
:10613000002B02D03B68FA6B1A6097F837301EE0EC
:10614000BB6C002B0FD097F84C30FA6B9A420AD8F0
:10615000FB6B03F10053013BDB00BA6CD118D7E9AC
:106160000623C1E90023BB681B687A689A42A8D15C
:106170003B68002B02D03B68FA6B1A60002318467C
:106180004037BD4680BD90B482B000AFC7E9000182
:10619000D7E90001002906DAD7E9000100244242CC
:1061A00064EB010301E0D7E90023104619460837E4
:1061B000BD4690BC7047000080B483B000AF03467A
:1061C000FB71FB79032B13D801A252F823F000BF17
:1061D000E1610008E5610008E9610008ED6100087F
:1061E000074B06E0074B04E0074B02E0074B00E0DB
:1061F000074B18460C37BD465DF8047B704700BF5F
:10620000DC8A0108CC8B0108288C0108D48B01089A
:10621000788B010880B58EB000AFF8607A603B6083
:106220000B46FB727B68002B5AD03B68002B57D083
:1062300000237B637B6800221A70002387F83330C9
:1062400048E097F83330DB00FA681344D3E90001E3
:1062500007F110021823FEF75DFF07F1100318463F
:10626000F9F7B6FF024697F83330002B01D001232F
:1062700000E000231344FB627A6BFB6A13443A6824
:106280009A422FD997F83330002B06D07B6B5A1CDB
:106290007A637A6813447C221A7007F11003184657
:1062A000F9F796FFB8627A687B6B134407F1100127
:1062B000BA6A184610F0D2FC7A6BBB6A13447B634F
:1062C0007A687B6B134400221A7097F833300133DD
:1062D00087F8333097F83320FB7A9A42B1D302E043
:1062E00000BF00E000BF3837BD4680BD2DE9B04F8C
:1062F00096B000AFF860C7E90023FB68002B02D01E
:10630000FB6F002B01D1032310E148220021F86F1D
:1063100010F012FCFB6F03221A70FB6F00225A7000
:1063200007F11003032240F21D71F868FBF78FFD9F
:10633000034687F8473097F84730002B05D0FB6FAE
:1063400097F847205A700323F0E0FB6F03F108042D
:1063500007F110050FCD0FC495E80F0084E80F007A
:10636000FB6F01229A62D7E90623C7E914230023B1
:10637000FB640023BB6406F057FD386401200DF078
:10638000B8FB07F11003032240F21D71F868FBF718
:106390005EFD034687F8473097F84730002B08D05A
:1063A000FB6F97F847205A70FB6F03221A70032384
:1063B000BCE0FB6F03F1080407F110050FCD0FC41B
:1063C00095E80F0084E80F00FB6F9B6A5A1CFB6F77
:1063D0009A62D7E90601D7E91423B0EB020A61EB10
:1063E000030B50465946FFF7CEFEC7E90E01D7E929
:1063F0000623C7E91423D7E90601D7E90023B0EB48
:10640000020861EB0309FB6FC3E90E89D7E90E238C
:106410000A2A73F1000334BF0123002387F83730C1
:1064200097F8783083F00103DBB2002B0ED1FB6FBD
:10643000D3E90E2310461946FFF7A5FE02460B4688
:1064400040F28F318A4273F1000301D2012300E050
:10645000002387F8363097F8363003F0010387F8C9
:10646000363097F83730002B03D0FB6C0133FB64D8
:1064700001E00023FB6497F83730002B07D097F832
:106480003630002B03D0BB6C0133BB6401E000232A
:10649000BB64FB6FDB6AFA6C9A4202D9FB6FFA6C41
:1064A000DA62FB6F1B6BBA6C9A4202D9FB6FBA6C53
:1064B0001A63FB6FDB6A072B8CBF01230023DAB260
:1064C000FB6F83F84020FB6F97F8362083F841205C
:1064D000BB6C072B08D9FB6F012283F84220FB6FAE
:1064E00000221A70002321E006F09EFC02463B6C5D
:1064F000D31A632B7FF642AFFB6F002283F8422052
:10650000FB6F93F84030002B0CD0FB6F93F84130B9
:1065100083F00103DBB2002B04D0FB6F02221A7060
:10652000022303E0FB6F01221A700123184658373B
:10653000BD46BDE8B08F000080B483B000AF87EDEA
:10654000010A07E0D7ED017A9FED157A77EEC77A59
:10655000C7ED017AD7ED017A9FED127AF4EEC77A92
:10656000F1EE10FAEEDC07E0D7ED017A9FED0C7A40
:1065700077EE877AC7ED017AD7ED017A9FED0A7A37
:10658000F4EEC77AF1EE10FAEED47B6807EE903A9B
:10659000B0EE670A0C37BD465DF8047B704700BF5C
:1065A0000000B44300003443000034C390B589B008
:1065B00000AFF860B9607A603B60FB68002B00F0C8
:1065C000BB807B68002B00F0B780BB68002BC0F25B
:1065D000B380BB68B3F5967F80F2AE800023FB7773
:1065E0007B6893F84030002B0AD0FB7F43F0010317
:1065F000FB77FB68D3F8D8325A1CFB68C3F8D82263
:106600007B6893F84130002B0AD0FB7F43F00203F4
:10661000FB77FB68D3F8DC325A1CFB68C3F8DC223A
:106620007B6893F84230002B0AD0FB7F43F00403D1
:10663000FB77FB68D3F8E0325A1CFB68C3F8E02212
:106640007B681B78012B07D1FB68D3F8E4325A1C16
:10665000FB68C3F8E4220AE07B681B78022B06D1B2
:10666000FB68D3F8E8325A1CFB68C3F8E8227B6861
:10667000D3E90E2310461946FFF785FDC7E904014B
:10668000FB68D3E9BC2310461946D7E9042390429E
:1066900071EB030304D2D7E90423F968C1E9BC23F1
:1066A000FB68D3F8D4325A1CFB68C3F8D422FB68C9
:1066B000D3F86433002B40D0FB68D3F864037B68C5
:1066C000D3E90E23B96801F59671C9000144C1E907
:1066D00000237B689A6AFB68D3F864431046FEF790
:1066E000D4FD03461A46BB6803F5616324F8132002
:1066F000FB68D3F864237B681978BB68134403F5FF
:1067000016530A461A70FB68D3F86423BB68134417
:1067100003F51A532C33FA7F1A70FB68D3F86443DD
:106720003868FEF7A1FD03461A46BB68234403F50B
:106730001F5318331A7000E000BF2437BD4690BDC8
:1067400090B585B000AFF860B9607A60FB70FB6807
:10675000002B00F017817B68002B00F01381FB6891
:10676000D3F86433002B00F00D81FB68012283F81D
:10677000F922FB68D3F800335A1CFB68C3F80023E6
:10678000FB68D3F80C237B681B6D1A44FB68C3F8C5
:106790000C23FB68D3F810237B68DB6C1A44FB687E
:1067A000C3F81023FB68D3F814237B685B6D1A448D
:1067B000FB68C3F81423FB68D3F818237B689B6D30
:1067C0001A44FB68C3F81823FB68D3F81C237B68C2
:1067D000DB6D1A44FB68C3F81C23FB68D3F8242341
:1067E0007B685B6E1A44FB68C3F82423FB68D3F80C
:1067F00028237B689B6E1A44FB68C3F828237B68B8
:10680000DA6EFB68D3F82C339A4204D97B68DA6ECF
:10681000FB68C3F82C237B681A6EFB68D3F830330F
:106820009A4204D97B681A6EFB68C3F83023BB68B0
:10683000002B71DBBB68B3F5967F6DDAFB68D3F88C
:1068400064337A68116FBA6802F5966243F82210D1
:10685000FB68D3F864337A68916FBA6802F2DC524D
:1068600043F822107B681A6DFB68D3F86443104626
:10687000FEF7FAFC03461A46BB68234403F5F353BC
:1068800018331A707B68DA6CFB68D3F864431046DF
:10689000FEF7EAFC03461A46BB68234403F5FD53A2
:1068A00004331A707B685A6DFB68D3F86443104652
:1068B000FEF7DAFC03461A46BB68234403F503538C
:1068C00010331A707B689A6DFB68D3F864431046E6
:1068D000FEF7CAFC03461A46BB68234403F5075378
:1068E0003C331A707B68DA6DFB68D3F8644310465A
:1068F000FEF7BAFC03461A46BB68234403F50C5363
:1069000028331A70FB68D3F86423BB68134403F57B
:1069100011531433FA781A70FB78002B26D17B6858
:106920001B78002B22D0BB68002B1FDBBB68B3F5A4
:10693000967F1BDAFB68D3F864037B68D3E90C23EA
:10694000B968C9000144C1E90023BB68002B05D127
:106950007B68D3E90C23F968C1E9CE23FB68D3F83F
:1069600004335A1CFB68C3F804230CE0FB68D3F81B
:1069700020335A1CFB68C3F82023FB68FA7883F89D
:10698000FC2200E000BF1437BD4690BD80B483B048
:1069900000AF78607B68032B04D8064A7B6852F806
:1069A000233000E0044B18460C37BD465DF8047BED
:1069B000704700BF5CB60108788B010880B584B0D1
:1069C00000AF7860396006F02FFA02467B68D31A70
:1069D000FB60FA683B689A4206D23A68FB68D31AB1
:1069E00018460DF086F8EEE700BF1037BD4680BDB3
:1069F0002DE9F0438BB004AFF860B9607A60FB70AA
:106A0000FB68002B05D07B68002B02D0BB68032BF2
:106A100001D9012384E0BB68B82202FB03F303F52C
:106A20005E73FA6813447B61B8220021786910F024
:106A300083F87B6901221A707B69FA789A707B6906
:106A4000BA6B5A607B69FA6B9A607B693A6CDA6060
:106A50007B697A6C1A617B697A68303311468822C7
:106A6000184610F0FBF8FB68D3F870335A1CFB682B
:106A7000C3F87023FB78002B06D17B681B7883F06A
:106A80000103DBB2002B08D0FB78002B02D17B691D
:106A900001229A707B699B7842E07B68D3E90C0104
:106AA000FB68D3E9CE237E69183603964FF48076CF
:106AB00002964FF480760196BE6C0096FBF75EFC62
:106AC000034683F00103DBB2002B05D07B6909226A
:106AD0009A707B699B7823E07B68D3E908017B6827
:106AE000D3E90623B0EB020861EB03097B69C3E934
:106AF00008897B68D3E910017B68D3E90E23841AE7
:106B000061EB03057B69C3E90A457B6901225A7081
:106B1000FB68D3F874335A1CFB68C3F87423002352
:106B200018461C37BD46BDE8F083000080B5B2B002
:106B300006AFF860B960C7E9002397F8C430002BAE
:106B400001D1012301E04FF0FF33C7F8A830FB6803
:106B5000012283F86923FB68002283F86B2306F087
:106B600063F9C7F8A400D7F8A8300493D7F8C03069
:106B70000393002302930023019300230093002337
:106B8000D7F8BC200021F868FFF732FF034687F8EA
:106B9000A33097F8A330002B07D0FB6897F8A32009
:106BA00083F86C2397F8A33069E00123C7F8AC3071
:106BB00058E0354AD7F8AC3052F823301946D7F8A8
:106BC000A400FFF7FBFE06F02FF90246D7F8A43029
:106BD000D31AC7F89C3007F110030193D7F8B830E7
:106BE0000093D7E90023B868FBF7FCFE034687F85B
:106BF000A33006F019F90246D7F8A430D31AC7F823
:106C00009830214AD7F8AC3052F8233097F8A300D7
:106C100007F11001D7F8A8200492D7F8C0200392FA
:106C2000D7F898200292D7F89C200192009303464F
:106C30000A46D7F8AC10F868FFF7DAFE034687F883
:106C4000A33097F8A330002B07D0FB6897F8A32058
:106C500083F86C2397F8A33011E0D7F8AC300133F8
:106C6000C7F8AC30D7F8AC30032BA2D9FB680122AF
:106C700083F86A23FB68002283F86C2300231846FC
:106C8000B037BD4680BD00BF6CB60108B0B598B046
:106C900004AF78600B46FB7006F0C6F878637B683B
:106CA000002283F8FA227B68002283F8FB227B68AB
:106CB00093F8F83283F00103DBB2002B24D17B6818
:106CC00093F8F93283F00103DBB2002B1CD17B680F
:106CD000D3F86433002B17D07B6893F8FC32002B79
:106CE00012D17B68D3F804237B68D3F898309A429A
:106CF0000AD17B68D3F89C30002B05DD7B68D3F884
:106D00000433B3F5807F08DC06F08EF802467B6B17
:106D1000D21A7B68C3F834232EE17B68D3F864333E
:106D2000D3E900237968C1E9CE23FB78002B01D198
:106D3000012301E04FF0FF333B634FF00003FB649E
:106D40008F4BBB648F4B7B6400233B6471E04FF03F
:106D500000024FF00003C7E902237B68D3F86423E5
:106D60003B6CDB001344D3E900017B68D3E9CE23FD
:106D70003C6C07F1080503954FF48075029501946A
:106D80003C6B0094FBF7FAFA034683F00103DBB295
:106D9000002B0CD07B68092283F8FC2206F044F813
:106DA00002467B6BD21A7B68C3F83423E4E0D7E950
:106DB000022310461946FEF72DFA87ED0A0A7B6872
:106DC000D3F89C303A6C9A4223DA6F4A3B6C9B00B2
:106DD0001344BA6A1A6097ED137AD7ED0A7A77EE00
:106DE000277AC7ED137A97ED0A7AD7ED127AB4EEC7
:106DF000E77AF1EE10FA01D5BB6ABB6497ED0A7A27
:106E0000D7ED117AB4EEE77AF1EE10FA01DDBB6A44
:106E10007B643B6CB3F5807F08D1D7E902237968A6
:106E2000C1E9D0237B68BA6AC3F858233B6C0133AD
:106E30003B647B68D3F804333A6C9A4287DB7B6807
:106E4000D3F89C207B68C3F808237B68D3F8083309
:106E500007EE903AB8EEE77AD7ED136AC6EE877A76
:106E60007B68C3EDD27A4FF00003FB630023BB6362
:106E700019E0454ABB6B9B00134493ED007A7B6895
:106E8000D3EDD27A77EE677AC7ED0B7AD7ED0B7A2E
:106E900067EEA77A97ED0F7A77EE277AC7ED0F7A2C
:106EA000BB6B0133BB637B68D3F80833BA6B9A4280
:106EB000DFDB7B68D3F8083307EE903AF8EEE77A29
:106EC00097ED0F7AC7EE276AB0EE660A10F04EFB18
:106ED000F0EE407A7B68C3EDD37A7B68D3F8081371
:106EE0007B68D3EDD27A07F110032422B0EE670A53
:106EF0002548FEF737FAFA697B68C3F8502397ED07
:106F0000117AD7ED127A77EE677A7B68C3EDD57A7E
:106F10007B6893ED2D7A7B68D3EDD37A77EE677A31
:106F20007B68C3EDD77A7B6893ED617A7B68D3ED9C
:106F3000D47A77EE677A7B68C3EDD87A7B68D3ED35
:106F4000D67AF0EEE77A9FED117AF4EEC77AF1EE99
:106F500010FA94BF01230023DAB27B6883F8FB2286
:106F60007B68012283F8FA2205F05EFF02467B6B04
:106F7000D21A7B68C3F834235037BD46B0BD00BF7A
:106F8000286B6E4E286B6ECE58270020CDCC4C3E21
:106F900080B582B000AF7860396005F045FF0246E9
:106FA0007B68D31A3A689A4294BF01230023DBB26C
:106FB00018460837BD4680BD80B483B000AF786006
:106FC0007B68002B37D07B68D3ED007AF5EE407AF2
:106FD000F1EE10FA2FD17B68D3ED017AF5EE407A0D
:106FE000F1EE10FA27D17B68D3ED027AF5EE407A04
:106FF000F1EE10FA1FD17B681B7B83F00103DBB23B
:10700000002B18D07B681B69002B14D17B689B8AEE
:10701000002B10D17B68D3ED067AF5EE407AF1EEC5
:1070200010FA08D17B681B7F83F00103DBB2002BD1
:1070300001D0012300E0002303F00103DBB2184676
:107040000C37BD465DF8047B7047B0B584B000AF27
:10705000F860B9607A603B60FB68002B34D0BB6895
:10706000002B31D07B68002B2ED03B68002B2BD01F
:10707000FB6801225A737868FFF79EFF03461A46A1
:10708000FB689A73FB68BA6803F1100415460FCDCC
:107090000FC495E80F0084E80F00FB687A6803F1DD
:1070A000300415460FCD0FC495E80F0084E80F009B
:1070B000FB683A6803F1500415460FCD0FC495E8FC
:1070C000070084E8070000E000BF1037BD46B0BDF0
:1070D0002DE9B04FADF5427D04AF07F53E74A4F540
:1070E00035742060084607F53E71A1F537710A60D6
:1070F00007F53E72A2F53872136007F53E73A3F2EE
:10710000D52302461A7007F53E73A3F538731B6842
:107110008F4A9B1A1B118F4A02FB03F3C7F8883270
:10712000D7F88832002B08D1D7F8883242F60812F7
:1071300002FB03F3884A134400E00023C7F88432BB
:1071400007F53E73A3F5387342F250120021186818
:107150000FF0F2FCD7F88432002B06D042F608126A
:107160000021D7F884020FF0E7FC07F53E73A3F582
:1071700038731B68D7F88422C3F86423D7F88432A5
:10718000002B14BF01230023DAB207F53E73A3F5E9
:1071900038731B6883F8F82207F53E73A3F538733C
:1071A0001B68002283F8FC22D7F88432002B14BF1E
:1071B00001230023DAB207F53E73A3F538731B6889
:1071C00083F8682307F53E73A3F538731B68002224
:1071D00083F86C2307F53E73A3F538731B6801220F
:1071E00083F86B2307F53E73A3F538731B6807F527
:1071F0003E72A2F5357212681A6007F53E73A3F568
:1072000038731B6807F53E72A2F2D52212781A7302
:1072100007F53E73A3F538731B6807F53E72A2F5B8
:10722000377212685A604D4B1B6801334B4A13602A
:107230004A4B1A6807F53E73A3F538731B689A60CA
:10724000FDF76EFC03461A4607F53E73A3F5387347
:107250001B68A3F82022FDF75BFC03461A4607F5DE
:107260003E73A3F538731B68A3F8222207F53E731B
:10727000A3F538731B68B3F822321A465200134440
:107280005B009AB207F53E73A3F538731B68A3F849
:10729000242207F5E4731846FAF7C4FD07F5D47302
:1072A00007F5E470032240F21D71FAF7D0FD0346A2
:1072B00087F8F73297F8F732002B51D007F53E7375
:1072C000A3F538731B6897F8F72283F8702207F547
:1072D0003E73A3F598731A6A07F53E73A3F53873E6
:1072E0001B68C3F8742207F53E73A3F598739A6A76
:1072F00007F53E73A3F538731B68C3F8782207F5CA
:107300003E73A3F59873DA6A07F53E73A3F53873F5
:107310001B68C3F87C2207F53E73A3F598731A6BBC
:1073200007F53E73A3F538731B68C3F8802207F591
:107330003E73A3F598735A6B07F53E73A3F5387344
:107340001B68C3F8842297F8F73201F0B3BB00BF83
:10735000080600203DBD1EC0000000100C2C0020BF
:1073600007F53E73A3F5D8743B4607F5E472114662
:107370001846FEF70EFE07F53E73A3F53E731D4655
:107380000FCD0FC495E8030084E803000520FDF746
:10739000FBFC07F53E73A3F5A873D3E9022307F5B9
:1073A000E47007F5B071019100210091FEF79EFF96
:1073B000034687F8833207F53E73A3F538731B68DD
:1073C00003F52E7207F5A47107F5E4731846FEF76E
:1073D00012FE97F88332032B40F09C8007F53E7332
:1073E000A3F5CC735A7807F53E73A3F538731B6881
:1073F00083F8702207F53E73A3F538731C683B468B
:1074000007F5E47211461846FEF7C3FD07F53E7313
:10741000A3F53E7304F522741D460FCD0FC495E805
:10742000030084E8030007F53E73A3F538731B6877
:10743000D3F8882207F53E73A3F538731B68D3F899
:10744000B832D21A07F53E73A3F538731B68C3F838
:10745000742207F53E73A3F538731B68D3F89022A6
:1074600007F53E73A3F538731B68D3F8C032D21A00
:1074700007F53E73A3F538731B68C3F8782207F548
:107480003E73A3F538731B68D3F8942207F53E7357
:10749000A3F538731B68D3F8C432D21A07F53E73CC
:1074A000A3F538731B68C3F87C2207F53E73A3F578
:1074B00038731B68D3F8982207F53E73A3F5387329
:1074C0001B68D3F8C832D21A07F53E73A3F5387398
:1074D0001B68C3F8802207F53E73A3F538731B6859
:1074E000D3F89C2207F53E73A3F538731B68D3F8D5
:1074F000CC32D21A07F53E73A3F538731B68C3F874
:10750000842207F53E73A3F538731B6893F8703235
:1075100001F0D0BA07F53E73A3F5CC714FF000022D
:107520004FF00003C1E90E2307F53E73A3F5CC73BA
:10753000012283F8412097F88332002B09D107F507
:107540003E73A3F5CC7393F84030002B01D0012398
:1075500000E0002303F00103DAB207F53E73A3F560
:10756000CC7383F8422007F53E73A3F5A87207F5A4
:107570003E73A3F5CC73154603F108040FCC0FC579
:1075800094E80F0085E80F0007F53E73A3F5A87394
:10759000D3E90223C7E99E2307F53E73A3F5A87339
:1075A0001A8807F53E73A3F538731B68A3F8A22069
:1075B00007F53E73A3F538731B68B3F8A23018467D
:1075C000FDF78EFA03461A4607F53E73A3F53873A6
:1075D0001B68A3F8A420D7E99E01FAF7F9FCF0EEA6
:1075E000407A07F53E73A3F538731B68C3ED2A7A1A
:1075F000D7F8782207F53E73A3F538731B68C3F8F4
:10760000AC2007F53E73A3F538731B68D3F8A83098
:10761000C7F8743207F53E73A3F5E87207F53E73B9
:10762000A3F5987314461D460FCD0FC495E80F00BF
:1076300084E80F0007F53E73A3F538731B6893F8D1
:10764000F83287F8F63207F53E73A3F5F673002299
:107650001A7007F53E73A3F5F67300225A6007F51A
:107660003E73A3F5F67340229A6007F53E73A3F5C7
:10767000F6736022DA6007F53E73A3F5F673022213
:107680001A6144F62060FAF7B5FB024607F53E732F
:10769000A3F5F6735A6107F53E73A3F5F67340F24E
:1076A0001D729A6107F53E73A3F5F87300221A6004
:1076B0004FF00003C7F870320023C7F8F032002300
:1076C000C7F8EC32674BC7F8E832674BC7F8E432CB
:1076D0004FF00003C7F8E0324FF00003C7F8DC3288
:1076E0000023A7F8DA320023A7F8D832FFE207F523
:1076F000B07207F53E73A3F53870D7F8EC32D7F8BF
:10770000F0120068FEF752FF07F53E73A3F5CC7345
:10771000D3E90423C7E99A2397F8F632002B41D026
:10772000D7F8F032002B3DDD4FF000024FF00003A0
:10773000C7E92C2307F53E73A3F5CC73198907F528
:107740003E73A3F5CC739A6907F5947007F1B00303
:10775000009340F21D73F9F751FF034687F8673233
:1077600097F86732002B1DD007F1280388220021EB
:1077700018460FF0E1F907F53E73A3F5347397F857
:107780006722DA7097F8673207F1280207F53E7131
:10779000A1F53870D7F8F0120068FEF7D1FF00238A
:1077A00087F8F6320620FDF7EFFA4FF00003C7F82E
:1077B000D4320023C7F8D03227E007F5D47307F599
:1077C000E470032240F21D71FAF741FB034687F88B
:1077D000F73297F8F732002B40F0908207F53E73AE
:1077E000A3F5A873D3E9022310461946FAF7F0FB74
:1077F000B0EE407AD7EDB57A77EE877AC7EDB57AF5
:10780000D7F8D0320133C7F8D032D7F8D0323F2B77
:10781000D3DD97EDB57ADFED156AC7EE267AC7EDB1
:10782000987A07F53E73A3F5F8731B6807EE903A54
:10783000F8EEE77AF0EEE77A9FED0D7A27EE877A99
:10784000DFED0C6AC7EE267AC7ED9C7A07F53E732A
:10785000A3F2D5231B78002B10D0D7ED9C7AF1EE44
:10786000677A0DE0286B6ECE286B6E4E000080426A
:107870000000B443000080470000B943D7ED9C7A74
:10788000C7ED977A97ED987AD7ED9D7A77EE677A7C
:1078900097ED977A77EE677AC7ED967A07F5D47306
:1078A00007F5E470032240F21D71FAF7D0FA03469F
:1078B00087F8F73297F8F732002B40F0218207F56E
:1078C0003E73A3F5A8731B88A7F85632B7F8563253
:1078D0001846F9F7E7FC87ED940A97ED967AD7ED0D
:1078E000BA7AB4EEE77AF1EE10FA0BDDD7F8583237
:1078F000C7F8E832D7F85032C7F8E032B7F8563256
:10790000A7F8DA3297ED967AD7EDB97AB4EEE77A3E
:10791000F1EE10FA0BD5D7F85832C7F8E432D7F8A1
:107920005032C7F8DC32B7F85632A7F8D832D7F859
:10793000F032B3F5967F6EDA07F53E73A3F5387330
:107940001A68D7F8F03203F20E339B001344D7F8CD
:1079500058221A6007F53E73A3F538731B68D7F8F1
:10796000F02202F67402B7F8561223F8121007F547
:107970003E73A3F5F873196807F53E73A3F53873E2
:107980001B68D7F8F02202F59A6243F8221007F537
:107990003E73A3F5A873196907F53E73A3F5387311
:1079A0001B68D7F8F02202F2FC5243F8221007F5C8
:1079B0003E73A3F5A873998A07F53E73A3F5387350
:1079C0001B68D7F8F02202F5656223F8121007F55C
:1079D0003E73A3F5A873597E07F53E73A3F538737C
:1079E0001A68D7F8F032134403F5F75318330A46F0
:1079F0001A7007F53E73A3F5A873997E07F53E73D9
:107A0000A3F538731A68D7F8F032134403F500531E
:107A100024330A461A7097F8F632002B61D007F526
:107A2000947107F12803019307F586730093D7E952
:107A30009A230846FAF7D6FF034687F84F3297F89D
:107A40004F3207F1280207F53E71A1F53870D7F8DB
:107A5000F0120068FEF774FE97F84F32002B39D110
:107A600007F53E73A3F538731B6893F86833002B52
:107A700030D0D7F8F032B3F5807F2BD107F53E73C5
:107A8000A3F5F8731B6807F5947107F53E72A2F52C
:107A9000387007F53E72A2F2D52212780392029353
:107AA00007F12803019307F586730093D7E99A231A
:107AB0000068FFF73BF8034687F84E3297F84E32DE
:107AC000002B07D097F84E3287F8F732002387F85B
:107AD000F6321AE197F84F32002B02D0002387F8D4
:107AE000F632D7F8F0320133C7F8F032D7ED9C7A8E
:107AF0001FED9F7AF4EEC77AF1EE10FA80F2028160
:107B000007F53E73A3F2D5231B78002B02D14FF467
:107B1000807201E06FF0FF0207F53E73A3F5F87382
:107B20001B681344C7F848320420FDF72DF907F508
:107B30003E73A3F50E7307F5E47211461846FEF77F
:107B400028FA0123C7F8CC32D7F8F032012B02D142
:107B50000823C7F8CC320023C7F8C832002387F8BF
:107B6000C732D7F8F032032B94BF0123002387F8E4
:107B7000473297F84732002B10D0D7F8F032013B4C
:107B800007F53E72A2F538721B0203F51163126805
:107B90001344C7F8C832202387F8C73207F53E736D
:107BA000A3F50F7300221A6097F84732002B02D01A
:107BB00007F1BC0300E0002307F5847107F5E470CA
:107BC000D7F8CC22029297F8C7220192D7F8C822A0
:107BD0000092D7F84822FEF760FA034687F8F7329A
:107BE00097F84732002B11D007F53E73A3F50F73BA
:107BF0001A68D7F8F032013BD1B207F53E72A2F510
:107C00003872126813440A4683F8082907F53E7350
:107C1000A3F538731B6803F5287207F1C00107F557
:107C2000E4731846FEF7E7F997F8F732002B6BD1AB
:107C300007F53E73A3F598735A6A07F53E73A3F5EB
:107C40000E735B68D31AC7F8EC320520FDF79CF879
:107C500007F53E73A3F5D8743B4607F5E472114669
:107C60001846FEF796F907F53E73A3F53E731D46D9
:107C70000FCD0FC495E8030084E8030007F53E73B9
:107C8000A3F5F8731B68DA1798469146D7E99E2347
:107C900012EB080A43EB090BC7E98EAB07F5E47159
:107CA00007F5B073019301230093D7E98E230846AB
:107CB000FEF71CFB034687F8833207F53E73A3F5F6
:107CC00038731B6803F52E7207F5A47107F5E4738A
:107CD0001846FEF790F997F88332032B07D107F582
:107CE0003E73A3F5CC735B7887F8F7320DE0D7F8D5
:107CF000F032B3F5967FFFF6FAAC06E000BF04E081
:107D000000BF02E000BF00E000BFD7F8F032B3F5DB
:107D1000967FA8BF4FF49673C7F8343207F53E73C9
:107D2000A3F538731B68D7F83422C3F8982007F5F9
:107D30003E73A3F538731B68D3F8D42207F53E735E
:107D4000A3F538731B68D3F8E032D21A07F53E73F7
:107D5000A3F538731B68C3F8102C07F53E73A3F521
:107D600038731B6803F61443D7F8E0221A6007F54E
:107D70003E73A3F538731B6803F61843D7F8DC226B
:107D80001A6007F53E73A3F538731B68B7F8DA225B
:107D9000A3F81C2C07F53E73A3F538731B68B7F8DE
:107DA000D822A3F81E2C07F53E73A3F538731B6881
:107DB00097F8F72283F8702207F53E73A3F538731E
:107DC0001C683B4607F5E47211461846FEF7E1F8D9
:107DD00007F53E73A3F53E7304F522741D460FCDDF
:107DE0000FC495E8030084E8030007F53E73A3F58C
:107DF00038731B68D3F8882207F53E73A3F53873F0
:107E00001B68D3F8A032D21A07F53E73A3F5387376
:107E10001B68D3F8B832D21A07F53E73A3F538734E
:107E20001B68D3F89836D21A07F53E73A3F538735A
:107E30001B68D3F8B036D21A07F53E73A3F5387332
:107E40001B68D3F8C836D21A07F53E73A3F538730A
:107E50001B68C3F8742207F53E73A3F538731B68DB
:107E6000D3F8902207F53E73A3F538731B68D3F857
:107E7000A832D21A07F53E73A3F538731B68D3F8FE
:107E8000C032D21A07F53E73A3F538731B68D3F8D6
:107E9000A036D21A07F53E73A3F538731B68D3F8E2
:107EA000B836D21A07F53E73A3F538731B68D3F8BA
:107EB000D036D21A07F53E73A3F538731B68C3F8A2
:107EC000782207F53E73A3F538731B68D3F8942224
:107ED00007F53E73A3F538731B68D3F8AC32D21A9A
:107EE00007F53E73A3F538731B68D3F8C432D21A72
:107EF00007F53E73A3F538731B68D3F8A436D21A7E
:107F000007F53E73A3F538731B68D3F8BC36D21A55
:107F100007F53E73A3F538731B68D3F8D436D21A2D
:107F200007F53E73A3F538731B68C3F87C2207F589
:107F30003E73A3F538731B68D3F8982207F53E7398
:107F4000A3F538731B68D3F8B032D21A07F53E7325
:107F5000A3F538731B68D3F8C832D21A07F53E73FD
:107F6000A3F538731B68D3F8A836D21A07F53E7309
:107F7000A3F538731B68D3F8C036D21A07F53E73E1
:107F8000A3F538731B68D3F8D836D21A07F53E73B9
:107F9000A3F538731B68C3F8802207F53E73A3F579
:107FA00038731B68D3F89C2207F53E73A3F538732A
:107FB0001B68D3F8B432D21A07F53E73A3F53873B1
:107FC0001B68D3F8CC32D21A07F53E73A3F5387389
:107FD0001B68D3F8AC36D21A07F53E73A3F5387395
:107FE0001B68D3F8C436D21A07F53E73A3F538736D
:107FF0001B68D3F8DC36D21A07F53E73A3F5387345
:108000001B68C3F8842297F8F732002B0BD007F5D2
:108010003E73A3F538731B68002283F8A02097F8FD
:10802000F73200F047BD0720FCF7AEFE04F0FCFE7F
:10803000C7F830024FF48073C7F82C32012387F859
:108040002B320023C7F8C0320023C7F8BC3226E029
:10805000D7F8BC3207EE903AF8EEE77A9FEDCD7A8A
:1080600067EE877A9FEDCC7A27EE877ADFEDCB6AD1
:10807000C7EE267AC7ED897AD7ED897A9FEDC57A62
:10808000F4EEC77AF1EE10FA10DAD7F8C032013305
:10809000C7F8C032D7F8BC320133C7F8BC32D7F8C2
:1080A000BC22D7F834329A42D2DB00E000BF07F599
:1080B0003E73A3F538731B68D7F8C022C3F89C2021
:1080C00097F82B32002B23D0D7F82C32D7F8C022C8
:1080D0009A421DD1D7F82C32D7F834229A4217DBB6
:1080E00007F53E73A3F538731B68D3F8D432D7F87D
:1080F00034229A420CD107F53E73A3F538731B68FE
:10810000D3F8E032D7F834229A4201D1012300E0BB
:10811000002387F8233297F8233203F0010387F80E
:1081200023324FF00003C7F8B8320023C7F8B43247
:1081300017E007F53E73A3F538731A68D7F8B43221
:1081400003F20E339B001344D3ED007A97EDAE7A21
:1081500077EE277AC7EDAE7AD7F8B4320133C7F895
:10816000B432D7F8B422D7F8C0329A42E1DBD7F85C
:10817000C032002B0ADDD7F8C03207EE903AB8EED5
:10818000E77AD7EDAE6AC6EE877A01E0DFED867A50
:10819000C7ED877A07F53E73A3F538731B68D7F8E8
:1081A0001C22C3F8B0204FF00003C7F8B0324FF0E4
:1081B0000003C7F8AC320023C7F8A83234E007F553
:1081C0003E73A3F538731A68D7F8A83203F20E335A
:1081D0009B00134493ED007AD7ED877A77EE677AA8
:1081E000C7ED817AD7ED817A67EEA77A97EDAC7A01
:1081F00077EE277AC7EDAC7AD7ED817AF0EEE77AA1
:10820000C7ED807A97ED807AD7EDAB7AB4EEE77A56
:10821000F1EE10FA03DDD7F80032C7F8AC32D7F828
:10822000A8320133C7F8A832D7F8A822D7F8C0324D
:108230009A42C4DBD7F8C032002B10DDD7F8C03229
:1082400007EE903AF8EEE77A97EDAC7AC7EE276A38
:10825000B0EE660A0FF08AF9F0EE407A01E0DFED49
:10826000527A07F53E73A3F538731B68C3ED2D7A78
:1082700007F53E73A3F538731B68D3ED2D7A9FED98
:10828000497AF4EEC77AF1EE10FA0BDD07F53E738A
:10829000A3F538731B6893ED2D7AD7EDAB6AC6EE64
:1082A000877A01E0DFED407A07F53E73A3F5387376
:1082B0001B68C3ED967A0023C7F8A43225E007F5C2
:1082C0003E73A3F538731B6803F63840344AD7F879
:1082D000A43213441B781C4607F53E73A3F538718E
:1082E000D7F8A42213465B001344DB00B8330A68B6
:1082F0001344224697ED870AD7F8C012FDF732F8EB
:10830000D7F8A4320133C7F8A432D7F8A4320B2B24
:10831000D5DD07F53E73A3F538731B6803F63840C7
:1083200007F53E73A3F538731B6803F5EC7304225D
:1083300097ED870AD7F8C012FDF714F807F53E73DA
:10834000A3F538731B6803F6384007F53E73A3F5B1
:1083500038731B6803F5F873082297ED870AD7F87E
:10836000C012FCF7FFFF07F53E73A3F538731B68D7
:10837000B3F82432002B19D007F53E73A3F53873F8
:108380001B68B3F824325A00D7F8C0329A420DD293
:1083900001230CE00000B44300008043000080474C
:1083A00048B60108BD37863500000000002303F001
:1083B0000103DAB207F53E73A3F538731B6883F83F
:1083C000262207F53E73A3F538731B6893F826320F
:1083D000002B1BD007F53E73A3F538731B6803F61B
:1083E000384007F53E73A3F538731B68B3F82432A1
:1083F0001A4607F53E73A3F538731B6803F502733D
:1084000097ED870AD7F8C012FCF7ACFF07F53E736B
:10841000A3F538731B6893F8B82007F53E73A3F5EE
:1084200038731B6883F8272207F53E73A3F538736A
:108430001B68D3F8C42007F53E73A3F538731B6897
:10844000C3F828220123C7F8A03249E007F53E739C
:10845000A3F538731968D7F8A02213465B001344BC
:10846000DB000B44C43393ED007A07F53E73A3F5AC
:1084700038731B68D3ED8A7AB4EEE77AF1EE10FA1E
:1084800029DD07F53E73A3F538731968D7F8A022E4
:1084900013465B001344DB000B44C4331A6807F532
:1084A0003E73A3F538731B68C3F8282207F53E73A3
:1084B000A3F538731968D7F8A02213465B0013445C
:1084C000DB000B44B8331A7807F53E73A3F5387315
:1084D0001B6883F82722D7F8A0320133C7F8A032EF
:1084E000D7F8A0320B2BB1DD07F53E73A3F5387337
:1084F0001B68D3ED2D7A1FED557AF4EEC77AF1EEB5
:1085000010FA26DD07F53E73A3F538731B68D3ED2B
:108510008A7AB6EE007A27EE877A07F53E73A3F5DE
:1085200038731B68D3ED8A7A67EE276A07F53E73C6
:10853000A3F538731B6893ED2D7A07F53E73A3F509
:1085400038731B68D3ED2D7A27EE277AC6EE877A2B
:1085500001E05FED6B7A07F53E73A3F538731B6896
:10856000C3ED8B7A07F53E73A3F5FA7306221A70F2
:1085700007F53E73A3F538731B6803F6384007F51B
:108580003E73A3F538731B6803F1B80207F58273D5
:108590000121009197ED870AD7F8C012FDF70CF87A
:1085A000F0EE407A07F53E73A3F538731B68C3ED10
:1085B0008C7A07F53E73A3F5FC7324221A7007F535
:1085C0003E73A3F538731B6803F6384007F53E7316
:1085D000A3F538731B6803F1B80207F58073012116
:1085E000009197ED870AD7F8C012FCF7E5FFF0EE8F
:1085F000407A07F53E73A3F538731B68C3ED8D7A97
:1086000007F53E73A3F538731B6803F6384107F589
:108610003E73A3F538731B6803F1B80207F53E7388
:10862000A3F538731B68D3ED2D7A07F53E73A3F5D8
:10863000037006230293A54B01930C230093F0EEE5
:10864000670A134697ED870AD7F8C022FDF708F9A5
:1086500007F53E73A3F503731A6807F53E73A3F598
:1086600038731B68C3F8382207F53E73A3F503730C
:108670005A6807F53E73A3F538731B68C3F83C22AC
:1086800007F53E73A3F503739A6807F53E73A3F5E8
:1086900038731B68C3F8402207F53E73A3F50373D4
:1086A0005B7B002B08D007F53E73A3F503731B7BA0
:1086B000002B01D0012300E0002303F00103DAB214
:1086C00007F53E73A3F538731B6883F8442207F55A
:1086D0003E73A3F538731B6803F6384107F53E7304
:1086E000A3F538731B6803F1B80207F53E73A3F5D1
:1086F00038731B68D3ED2D7A07F53E73A3F5087028
:108700000C230293724B01930C230093F0EE670A43
:10871000134697ED870AD7F8C022FDF7A1F807F5B1
:108720003E73A3F508731A6807F53E73A3F5387313
:108730001B68C3F8482207F53E73A3F508735A680F
:1087400007F53E73A3F538731B68C3F84C2207F591
:108750003E73A3F508739A6807F53E73A3F5387363
:108760001B68C3F8502207F53E73A3F508735B7BC3
:10877000002B08D007F53E73A3F508731B7B002B75
:1087800001D0012300E0002303F00103DAB207F572
:108790003E73A3F538731B6883F854220023C7F88F
:1087A0009C321EE007F53E73A3F538731A68D7F8BC
:1087B0009C3203F20E339B00134493ED007AD7ED05
:1087C000877A77EE677AF0EEE77A424AD7F89C32FA
:1087D0009B001344C3ED007AD7F89C320133C7F8ED
:1087E0009C32D7F89C22D7F8C0329A42DADBD7F80D
:1087F000C0123848FDF724F9D7F8C03207EE903A96
:10880000F8EEE77A9FED347A67EE877AB0EE670A82
:108810000FF03CF8F0EE407AFDEEE77A17EE903A72
:10882000013BC7F89832D7F89822D7F8C0329A425D
:1088300004DBD7F8C032013BC7F89832D7F898323A
:10884000002B02DA0023C7F89832D7F8C032002B89
:1088500006DD204AD7F898329B0013441B6801E0DC
:108860004FF0000307F53E72A2F538721268C2F8A5
:108870005C3207F53E73A3F538731B6803F6384185
:1088800007F53E73A3F538731C683846052300933B
:10889000D7F8C0320F4AFDF719F907F53E73A3F573
:1088A0003E7304F542641D460FCD0FC495E80300E6
:1088B00084E803004FF00003C7F894324FF0000340
:1088C000C7F890320023C7F88C3264E054B6010830
:1088D00048B6010858270020A4707D3F0000000022
:1088E00007F53E73A3F538731B68D7F88C2202F6A0
:1088F000740233F812301846F8F7D4FC87ED860A74
:1089000007F53E73A3F538731B68B3F8A22007F58B
:108910003E73A3F538731B68D7F88C1201F59A6182
:1089200053F821309BB21344A7F81632B7F8163229
:108930001846F8F7B7FC87ED840A97ED867AD7EDED
:10894000847A77EE677AB0EE670AFDF7F5FD87ED7A
:10895000830AD7ED837A67EEA77A97EDA57A77EE4B
:10896000277AC7EDA57AD7ED837AF0EEE77AC7EDDF
:10897000827A97ED827AD7EDA47AB4EEE77AF1EEB7
:1089800010FA03DDD7F80832C7F89032D7F88C32E6
:108990000133C7F88C32D7F88C22D7F834329A4298
:1089A0009EDBD7F83432002B10DDD7F8343207EED7
:1089B000903AF8EEE77A97EDA57AC7EE276AB0EE1F
:1089C000660A0EF0D3FDF0EE407A01E05FED3D7AED
:1089D00007F53E73A3F538731B68C3ED987A07F566
:1089E0003E73A3F538731B68D7F89022C3F864224E
:1089F000D7F83432002B1DDD07F53E73A3F538732D
:108A00001B68D3ED987AB2EE0E7AF4EEC77AF1EEE7
:108A100010FA0FD807F53E73A3F538731B68D3ED32
:108A2000997AB3EE0E7AF4EEC77AF1EE10FA01D825
:108A3000012300E0002303F00103DAB207F53E73DF
:108A4000A3F538731B6883F8682297F82332002B4C
:108A50000AD007F53E73A3F538731B6893F86832A4
:108A6000002B01D0012300E0002303F00103DAB260
:108A700007F53E73A3F538731B6883F8A02004F054
:108A8000D3F90246D7F83032D21A07F53E73A3F570
:108A900038731B68C3F86C2207F53E73A3F2D52325
:108AA0001A7807F53E73A3F5387311461868FEF778
:108AB000EDF80023184607F53E77BD46BDE8B08FB8
:108AC000F0B5D7B01CAFF863B9637A630023C7F879
:108AD000E43036E1D7F8E430B82202FB03F303F5C3
:108AE0005E73FA6B1344C7F8DC30D7F8DC301B78C0
:108AF00083F00103DBB2002B40F01D81D7F8DC309E
:108B00005B78002B5DD0D7F8DC30D3E9180107F192
:108B1000C4021823FCF7FEFAD7F8DC30D3E90601CB
:108B200007F1AC021823FCF7F5FAD7F8DC30D3E9EB
:108B3000080107F194021823FCF7ECFAD7F8DC30AF
:108B4000D3E90A0107F17C021823FCF7E3FAD7F80E
:108B5000DC30D3E9062310461946FCF75BFBF0EE48
:108B6000407A07F16803142219460520B0EE670A1F
:108B7000FCF756FAD7F8DC30D3E90823104619463B
:108B8000F9F726FAF0EE407A07F154031422194659
:108B90000520B0EE670AFCF743FAD7F8DC30D3E9DA
:108BA0000A2310461946F9F713FAF0EE407A07F156
:108BB0004003142219460520B0EE670AFCF730FA8C
:108BC00030E007F1C403924A182118460DF042FF25
:108BD00007F1AC038E4A182118460DF03BFF07F150
:108BE00094038B4A182118460DF034FF07F17C03DB
:108BF000874A182118460DF02DFF07F16803844AB3
:108C0000142118460DF026FF07F15403804A142161
:108C100018460DF01FFF07F140037D4A1421184646
:108C20000DF018FFFB6B5B683B63FB6B9968F962A7
:108C3000D7F8E400FDF7AAFEB862D7F8DC301E6969
:108C4000D7F8DC305C687C62D7F8DC309D683D6228
:108C5000D7F8DC30DA68FA61D7F8DC30D3F8801066
:108C6000B961D7F8DC30D86F7861D7F8DC30D3F849
:108C700084303B61D7F8DC30D3F88840FC60D7F80B
:108C8000DC30D3F88C50BD60D7F8DC30D3F89420BA
:108C90007A60D7F8DC30D3F89850D7F8DC30D3F8C6
:108CA0009040D7F8DC309B781846FCF709FB024669
:108CB000D7F8DC305B781A931992189417957A6874
:108CC0001692BD681595FC6814943B6913937869F6
:108CD0001290B969119107F14003109307F17C03D9
:108CE0000F9307F154030E9307F194030D9307F1CB
:108CF00068030C9307F1AC030B9307F1C4030A93C9
:108D0000FA6909923D6A08957C6A079406964FF4C1
:108D100080730593B86A04903E4B03937B6B029378
:108D20003D4B0193BB6B0093FB6A3A6B05213B48BB
:108D3000FCF7D0F800E000BFD7F8E4300133C7F803
:108D4000E430D7F8E430032B7FF6C4AEFB6B93F826
:108D5000683383F00103DBB2002B01D0304B11E00C
:108D6000FB6B93F86A33002B0BD0FB6BD3F8743397
:108D7000042B06D1FB6B93F86C33002B01D1294BEC
:108D800000E0294BC7F8E030FB6B5E68FB6B9B682B
:108D90003B63FB6B93F86833FB62FB6B93F86933BF
:108DA000BB62FB6B93F86A337B62FB6BD3F8704357
:108DB000FB6BD3F87453FB6B93F86B333B62FB6B29
:108DC00093F86C331846FCF77BFA0246D7F8E0308C
:108DD0000C930B923A6A0A9209950894042307931C
:108DE0007A6A0692BA6A0592FA6A0492094B039368
:108DF0007B6B0293084B0193BB6B00933B6B32463A
:108E000005210A48FCF766F800BFEC37BD46F0BD07
:108E1000388C0108608E0108788B01083C8C0108B1
:108E2000708E01087C8E0108848E01088C8E0108EA
:108E3000F0B5ADF69C3D48AF07F67823A3F6EC13EA
:108E4000186007F67823A3F6EC131B681B7B002B36
:108E500001D1A84B00E0A84BC7F8603A002387F87F
:108E6000233A07F623231846FBF7EEFFC7F85C0A00
:108E700007F67823A3F6EC131B68D3ED2A7A07F5DF
:108E8000216310211846B0EE670AFCF75FF807F679
:108E90007823A3F6EC131B68D3ED047A07F6FC13D2
:108EA000142219460520B0EE670AFCF7B9F807F658
:108EB0007823A3F6EC131B68D3ED057A07F6E813C5
:108EC000142219460520B0EE670AFCF7A9F807F648
:108ED0007823A3F6EC131B68D3ED067A07F51D6320
:108EE000182219460320B0EE670AFCF799F807F636
:108EF0007823A3F6EC131B68D3ED0C7A07F6BC13AA
:108F0000142219460520B0EE670AFCF789F807F627
:108F10007823A3F6EC131B68D3ED0D7A07F6A8139C
:108F2000142219460520B0EE670AFCF779F807F617
:108F30007823A3F6EC131B68D3ED0E7A07F51963BB
:108F4000182219460320B0EE670AFCF769F807F605
:108F50007823A3F6EC131B68D3ED0A7A07F67C138B
:108F6000142219460320B0EE670AFCF759F807F6F9
:108F70007823A3F6EC131B68D3ED127A07F6681377
:108F8000142219460320B0EE670AFCF749F807F6E9
:108F90007823A3F6EC131B68D3ED177A07F6541366
:108FA000142219460520B0EE670AFCF739F807F6D7
:108FB0007823A3F6EC131B68D3ED187A07F5146336
:108FC000142219460520B0EE670AFCF729F84B4B2E
:108FD000C7F8583A07F638100823494A08210DF017
:108FE00039FD07F67823A3F6EC131B6893F87F305E
:108FF000002B15D007F62813404A102118460DF013
:1090000029FD07F618133D4A102118460DF022FDE0
:1090100007F51163394A082118460DF01BFD26E0BB
:1090200007F67823A3F6EC131B68D3F8803007F615
:109030002810344A10210DF00DFD07F67823A3F611
:10904000EC131B68D3F8843007F618102D4A102152
:109050000DF000FD07F67823A3F6EC131B6893F8D8
:10906000883007F51160284A08210DF0F3FC07F657
:109070007823A3F6EC131B6893F89430002B0DD0E3
:1090800007F67823A3F6EC131B68D3F8903007F5A6
:1090900010601C4A10210DF0DDFC06E007F510639E
:1090A000164A102118460DF0D5FC07F67823A3F6D2
:1090B000EC131B6893F87C30002B01D0134B00E0BD
:1090C000134BC7F8543A07F67823A3F6EC131B6842
:1090D00093F87C30002B01D0084B1EE007F6782374
:1090E000A3F6EC131B6893F87E30002B14D0094BC9
:1090F00013E000BF988F01089C8F0108388C01088D
:10910000A08F0108A48F0108A88F0108AC8F010867
:10911000BC8F0108C88F0108934BC7F8503A934B96
:109120001B68BB67924B1B687B67924B1B683B6756
:1091300097F8233AFB66FCF7BBF80346BB6607F6D5
:109140007823A3F6EC131B68B3F820327B6607F68E
:109150007823A3F6EC131B68B3F822323B6607F6BC
:109160007823A3F6EC131B68B3F82432FB6507F6EB
:109170007823A3F6EC131B685B68BB6507F67823BE
:10918000A3F6EC131B689B687B6507F67823A3F6B0
:10919000EC131B6893F8F8323B6507F67823A3F6C7
:1091A000EC131B6893F86833FB6407F67823A3F687
:1091B000EC131B68D3F89830BB6407F67823A3F64A
:1091C000EC131B68D3F89C307B6407F67823A3F676
:1091D000EC131B6893F8A0303B6407F67823A3F6E2
:1091E000EC131B6893F86832FB6307F67823A3F649
:1091F000EC131B6893F870321846FCF761F8B863FB
:1092000007F67823A3F6EC131B68D3F874327B635C
:1092100007F67823A3F6EC131B68D3F878323B6388
:1092200007F67823A3F6EC131B68D3F87C32FB62B5
:1092300007F67823A3F6EC131B68D3F88032BB62E1
:1092400007F67823A3F6EC131B68D3F884327B620D
:1092500007F67823A3F6EC131B68D3F8D0323B62F1
:1092600007F67823A3F6EC131B68D3F8D432FB611E
:1092700007F67823A3F6EC131B68D3F89830002B7D
:1092800013DD07F67823A3F6EC131B68D3F8D82276
:1092900007F67823A3F6EC131B68D3F898309A42AC
:1092A00003D10123C7F8883002E00023C7F88830D3
:1092B00007F67823A3F6EC131B68D3F89830002B3D
:1092C00013DD07F67823A3F6EC131B68D3F8DC2232
:1092D00007F67823A3F6EC131B68D3F898309A426C
:1092E00003D10123C7F8843002E00023C7F884309B
:1092F00007F67823A3F6EC131B68D3F89830002BFD
:1093000013DD07F67823A3F6EC131B68D3F8E022ED
:1093100007F67823A3F6EC131B68D3F898309A422B
:1093200003D10123C7F8803002E00023C7F8803062
:1093300007F67823A3F6EC131B68B3F8A230BB61E1
:1093400007F67823A3F6EC131B68D3F89830002BAC
:1093500012DD07F67823A3F6EC131B6803F58053A0
:10936000B3F8E830FB670FE0CC8F0108107AFF1FDD
:10937000147AFF1F187AFF1F07F67823A3F6EC1361
:109380001B68B3F8A230FB6707F67823A3F6EC134B
:109390001B685B7B7B6107F67823A3F6EC131B68E5
:1093A0009B7B3B6107F67823A3F6EC131B6893F8CD
:1093B00050301846FCF7C2FCF86007F67823A3F695
:1093C000EC131B685A6DBA6007F67823A3F6EC130A
:1093D0001B68996D796007F67823A3F6EC131B6878
:1093E000DC6E3C6007F67823A3F6EC131B681E6F57
:1093F00007F67823A3F6EC131B685C6F07F6782357
:10940000A3F6EC131B68986F07F67823A3F6EC130A
:109410001B6893F87D301D4607F67823A3F6EC13FE
:109420001B6893F87F30194607F67823A3F6EC13F0
:109430001B68D3F88C2007F51063469307F511637A
:10944000459307F61813449307F628134393429263
:109450004191A24B4093D7F8503A3F933E95D7F8AD
:10946000543A3D939E4B3C933B903A9439963C68DA
:10947000389479683791BA683692FA6835923A69C1
:1094800034927B693393974B3293FB6F319307F59B
:1094900021633093BB692F93D7F880302E93D7F890
:1094A00084302D93D7F888302C93FB692B9340F2AE
:1094B0008E332A93092329938B4B28933B6A279356
:1094C0008A4B26937B6A2593BB6A2493FB6A23937A
:1094D0003B6B22937B6B2193BB6B2093FB6B1F93A6
:1094E0003B6C1E937B6C1D93BB6C1C934FF4807381
:1094F0001B934FF480731A9307F6381319937C4B20
:109500001893D7F8583A17937A4B16937A4B1593CA
:10951000FB6C1493794B13933B6D1293784B11931F
:10952000784B1093784B0F93D7F8603A0E937B6D7E
:109530000D93BB6D0C93FB6D0B9306230A933B6E4F
:1095400009937B6E0893BB6E0793704B0693704B29
:109550000593FB6E0493D7F85C3A03933B6F029339
:109560007B6F0193BB6F00936A4B6B4A05216B487D
:10957000FBF7B0FC07F67823A3F6EC131B685B68D7
:10958000C7F8883007F67823A3F6EC131B689968B0
:10959000C7F8841007F67823A3F6EC131B685B7BEF
:1095A000C7F8803007F67823A3F6EC131B689B7B83
:1095B000FB6707F67823A3F6EC131B681B7FBB67DA
:1095C00007F67823A3F6EC131B681C6A07F67823CA
:1095D000A3F6EC131B689B8C7B6707F67823A3F636
:1095E000EC131B6893F82C303B6707F67823A3F63F
:1095F000EC131B6893F83C30FB6607F67823A3F660
:10960000EC131B681D6C07F67823A3F6EC131B689C
:10961000B3F84430BB6607F67823A3F6EC131B6857
:1096200093F84C307B6607F67823A3F6EC131B689F
:1096300093F850301846FCF781FB064607F678236E
:10964000A3F6EC131B68586D07F67823A3F6EC130A
:109650001B68996D07F67823A3F6EC131B685A6E06
:1096600007F67823A3F6EC131B689B6E1C931B92E2
:1096700007F514631A9307F654131993189117906A
:109680001696786E159007F668131493B86E1390BB
:109690001295F86E119007F51963109307F6A81349
:1096A0000F9307F6BC130E93386F0D9007F67C13DB
:1096B0000C93786F0B900A94B86F099007F51D63AF
:1096C000089307F6E813079307F6FC130693F86F61
:1096D0000590D7F88000049022E000BF489601086A
:1096E0005C9601087496010890960108A8960108F6
:1096F000BC960108CC960108608E0108D896010836
:10970000EC960108F89601081897010834970108AB
:10971000788B0108D08F0108E88F0108F88F0108C5
:109720001F4B0393D7F8603A02931E4B0193D7F86F
:109730005C3A0093D7F88430D7F8882005211A487E
:10974000FBF7C8FB07F67823A3F6EC131B685A68EF
:1097500007F67823A3F6EC131B68996840F21D7393
:109760000A9344F620630993022308936023079326
:10977000402306930D4B05930D4B04930D4B039320
:109780000D4B0293074B0193D7F85C3A00930B46BD
:1097900005210A48FBF79EFB0023C7F8743A09E34A
:1097A00074960108788B01083C970108209B0108FA
:1097B0002C9B0108449B0108D8960108E0990108F8
:1097C00007F67823A3F6EC131B68D7F8742A02F681
:1097D000740233F812301846F7F764FD07F63823A1
:1097E00083ED000A07F2EC4314221946052007F620
:1097F000382393ED000AFBF713FC07F67823A3F652
:10980000EC131A68D7F8743A03F20E339B00134432
:10981000D3ED007A07F59B63142219460520B0EEBC
:10982000670AFBF7FDFB07F67823A3F6EC131B682A
:10983000B3F8A22007F67823A3F6EC131B68D7F839
:10984000741A01F59A6153F821309BB21344A7F8BA
:10985000363A07F67823A3F6EC131B68586807F628
:109860007823A3F6EC131B689C68B7F8363A07F622
:109870007822A2F6EC121268D7F8741A01F6740175
:1098800032F81120114607F59B62079207F2EC426D
:10989000069205910493D7F8743A0393D7F8603A87
:1098A00002939E4B0193D7F85C3A009323460246FD
:1098B00005219B48FBF7E2FA07F67823A3F6EC13A1
:1098C0001B68586807F67823A3F6EC131B689C689E
:1098D00007F67823A3F6EC131B68D7F8742A02F274
:1098E000FC5253F8222007F67823A3F6EC131B68EA
:1098F000D7F8741A01F5656133F811301D4607F683
:109900007823A3F6EC131968D7F8743A0B4403F5DF
:10991000F75318331B781E4607F67823A3F6EC138B
:109920001968D7F8743A0B4403F5005324331B78B5
:109930000593049603950292D7F8743A0193D7F8E9
:10994000603A00932346024605217648FBF796FAD3
:1099500007F67823A3F6EC131B68D3F86433002BC7
:1099600000F0B38007F67823A3F6EC131B68D3F856
:10997000D432D7F8742A9A4280F2A78007F6782367
:10998000A3F6EC131B68D3F86423D7F8743A134496
:1099900003F51A532C331B7887F8353A07F67823EA
:1099A000A3F6EC131B68D3F86423D7F8743A03F5D5
:1099B0009673DB001344D3E9002307F62821C1E99D
:1099C000002307F59862182307F62821D1E9000142
:1099D000FBF7A0FB07F62823D3E90001F8F7F8FA14
:1099E000F0EE407A07F2AC43142219460520B0EE9F
:1099F000670AFBF715FB07F67823A3F6EC131B6841
:109A00005D6807F67823A3F6EC131B689E6807F6DB
:109A10007823A3F6EC131B68D3F86423D7F8743AC1
:109A2000134403F51F5318331B78C7F8883007F623
:109A30007823A3F6EC131B68D3F86423D7F8743AA1
:109A4000134403F516531B781846FCF7B5FBC7F80B
:109A5000840097F8353A03F0010397F8352A520845
:109A600002F0010297F8351A890801F0010107F6A2
:109A70007820A0F6EC100068D0F86403D7F8744A98
:109A800004F5616430F814000B9007F2AC400A90C2
:109A900007F598600990089107920693D7F88420FB
:109AA0000592D7F888300493D7F8743A0393D7F81F
:109AB000603A0293194B0193D7F85C3A009333460E
:109AC0002A4605211848FBF705FA07F67823A3F67E
:109AD000EC131B68D3F86433002B00F0A58007F665
:109AE0007823A3F6EC131B68D3F80433D7F8742A51
:109AF0009A4280F2998007F5956319464FF000026B
:109B00004FF0000341E9022307F67823A3F6EC1394
:109B10001B681B7B002B09D1012309E0788B01080E
:109B20005C9B0108889B0108B09B01084FF0FF3344
:109B3000C7F8243A07F67823A3F6EC131B68D3F88A
:109B40006423D7F8743ADB001344D3E9000107F625
:109B50007823A3F6EC131B68D3F86433D3E900230E
:109B6000D7F8744A07F5946503954FF4807502950C
:109B70000194D7F8244A0094F8F700FC0346002B20
:109B800052D007F67823A3F6EC131B68D3F86423AE
:109B9000D7F8743ADB001344D3E9000107F591626A
:109BA0001823FBF7B7FA07F5956353E9020107F5A8
:109BB0008E621823FBF7AEFA07F5956353E902238B
:109BC00010461946FBF726FBF0EE407A07F25C439D
:109BD000142219460520B0EE670AFBF721FA07F6B2
:109BE0007823A3F6EC131B685A6807F67823A3F6CC
:109BF000EC131B68996807F25C43069307F58E63C4
:109C0000059307F591630493D7F8743A0393D7F853
:109C1000603A0293644B0193D7F85C3A00930B4689
:109C200005216248FBF72AF907F67823A3F6EC131F
:109C30001B68D3F86433002B00F0AF8007F678235D
:109C4000A3F6EC131B68D3F80033D7F8742A9A42B2
:109C500080F2A38007F67823A3F6EC131B685E68F6
:109C600007F67823A3F6EC131B689B68C7F88830C7
:109C700007F67823A3F6EC131B68D3F86433D7F800
:109C8000742A02F5966253F8224007F67823A3F669
:109C9000EC131B68D3F86433D7F8742A02F2DC5251
:109CA00053F8225007F67823A3F6EC131B68D3F879
:109CB0006423D7F8743A134403F5F35318331B782D
:109CC000C7F8843007F67823A3F6EC131B68D3F8A3
:109CD0006423D7F8743A134403F5FD5304331B7817
:109CE000C7F8803007F67823A3F6EC131B68D3F887
:109CF0006423D7F8743A134403F5035310331B78E5
:109D0000FB6707F67823A3F6EC131B68D3F86423EC
:109D1000D7F8743A134403F507533C331B78BB67F9
:109D200007F67823A3F6EC131B68D3F86423D7F85F
:109D3000743A134403F50C5328331B787B6707F6FA
:109D40007823A3F6EC131B68D3F86423D7F8743A8E
:109D5000134403F5115314331B781846FBF7B0FA7C
:109D6000034609937A6F0892BA6F0792FA6F0692C8
:109D7000D7F880200592D7F88420049203950294A6
:109D8000D7F8743A0193D7F8603A0093D7F888303F
:109D9000324605210648FBF771F8D7F8743A0133CB
:109DA000C7F8743A06E000BF788B0108A09C010850
:109DB000D09C010807F67823A3F6EC131B68D3F8B0
:109DC0009830D7F8742A9A42FFF6FAAC07F678234F
:109DD000A3F6EC131B68D3E9BC0107F6E8021823CD
:109DE000FBF798F907F67823A3F6EC131B68D3E981
:109DF000BC2310461946F8F7EBF8F0EE407A07F668
:109E0000D403142219460520B0EE670AFBF708F9BF
:109E100007F67823A3F6EC131B685B68C7F8883055
:109E200007F67823A3F6EC131B689B68C7F8843009
:109E300007F67823A3F6EC131B68D3F8D032C7F8E3
:109E4000803007F67823A3F6EC131B68D3F888322A
:109E5000FB6707F67823A3F6EC131B68D3F88C3264
:109E6000BB6707F67823A3F6EC131B68D3F8903290
:109E70007B6707F67823A3F6EC131B68D3F89432BC
:109E80003B6707F67823A3F6EC131B68D3F89832E8
:109E9000FB6607F67823A3F6EC131B68D3F89C3215
:109EA000BB6607F67823A3F6EC131B68D3F8A03241
:109EB0007B6607F67823A3F6EC131B68D3F8A4326D
:109EC0003B6607F67823A3F6EC131B68D3F8A83299
:109ED000FB6507F67823A3F6EC131B68D3F8AC32C6
:109EE000BB6507F67823A3F6EC131B68D3F8B032F2
:109EF0007B6507F67823A3F6EC131B68D3F8B4321E
:109F00003B6507F67823A3F6EC131B68D3F8B83249
:109F1000FB6407F67823A3F6EC131B68D3F8BC3276
:109F2000BB6407F67823A3F6EC131B68D3F8C032A2
:109F30007B6407F67823A3F6EC131B68D3F8C432CE
:109F40003B6407F67823A3F6EC131B68D3F8C832FA
:109F5000FB6307F67823A3F6EC131B68D3F8CC3227
:109F6000BB6307F67823A3F6EC131B68D3F8D4324F
:109F70007B6307F67823A3F6EC131B68D3F8D8327B
:109F80003B6307F67823A3F6EC131B68D3F8DC32A7
:109F9000FB6207F67823A3F6EC131B68D3F8E062A4
:109FA00007F67823A3F6EC131B68D3F8E45207F600
:109FB0007823A3F6EC131B68D3F8E84207F678235E
:109FC000A3F6EC131B68D3F89830002B11DD07F6CD
:109FD0007823A3F6EC131B68D3F8D82207F678236E
:109FE000A3F6EC131B68D3F898309A4201D10120F4
:109FF00000E0002007F67823A3F6EC131B68D3F8E3
:10A000009830002B11DD07F67823A3F6EC131B68BC
:10A01000D3F8DC2207F67823A3F6EC131B68D3F8F9
:10A0200098309A4201D1012100E0002107F67823FF
:10A03000A3F6EC131B68D3F89830002B11DD07F65C
:10A040007823A3F6EC131B68D3F8E02207F67823F5
:10A05000A3F6EC131B68D3F898309A4201D1012281
:10A0600000E0002207F6D403229307F6E8032193C9
:10A0700020921F911E901D941C951B96FB6A1A93AB
:10A080003B6B19937B6B1893BB6B1793FB6B16930E
:10A090003B6C15937B6C1493BB6C1393FB6C12930A
:10A0A0003B6D11937B6D1093BB6D0F93FB6D0E9306
:10A0B0003B6E0D937B6E0C93BB6E0B93FB6E0A9302
:10A0C0003B6F09937B6F0893BB6F0793FB6F0693FE
:10A0D000D7F8803005930D4B04930D4B0393D7F8BD
:10A0E000603A02930B4B0193D7F85C3A0093D7F890
:10A0F0008430D7F8882005210748FAF7EBFE0023C3
:10A10000C7F8703A0023C7F86C3A5EE0A8960108D9
:10A1100090960108788B0108089D010807F67823BE
:10A12000A3F6EC131968D7F86C2A13465B001344A6
:10A13000DB000B44C433D3ED007A07F61402D7F8E2
:10A140006C3A1B011344102219460420B0EE670A32
:10A15000FAF766FF07F67823A3F6EC131968D7F829
:10A160006C2A13465B001344DB000B44C833D3ED69
:10A17000007A07F25472D7F86C3A1B01134410228C
:10A1800019460420B0EE670AFAF74AFF07F678236B
:10A19000A3F6EC131968D7F86C2A13465B00134436
:10A1A000DB000B44CC331B78002B09D00122D7F8FD
:10A1B0006C3A02FA03F3D7F8702A1343C7F8703ADF
:10A1C000D7F86C3A0133C7F86C3AD7F86C3A0B2BD6
:10A1D000A4DD07F67823A3F6EC131B68D3ED797A98
:10A1E00007F24473102219460420B0EE670AFAF70A
:10A1F00017FF07F67823A3F6EC131B68D3ED7A7AE2
:10A2000007F23473102219460420B0EE670AFAF7F9
:10A2100007FF07F67823A3F6EC131B68D3ED7F7ACC
:10A2200007F22473102219460420B0EE670AFAF7E9
:10A23000F7FE07F67823A3F6EC131B68D3ED807ABC
:10A2400007F21473102219460420B0EE670AFAF7D9
:10A25000E7FE07F67823A3F6EC131B68D3ED857AA7
:10A2600007F20473102219460420B0EE670AFAF7C9
:10A27000D7FE07F67823A3F6EC131B68D3ED867A96
:10A2800007F2F463102219460420B0EE670AFAF7C9
:10A29000C7FE07F67823A3F6EC131B6893F8EC319E
:10A2A000002B05D0D7F8703A43F48053C7F8703AC2
:10A2B00007F67823A3F6EC131B6893F80432002BFF
:10A2C00005D0D7F8703A43F40053C7F8703A07F650
:10A2D0007823A3F6EC131B68D3ED2C7A07F2E46322
:10A2E000102219460420B0EE670AFAF799FE07F625
:10A2F0007823A3F6EC131B68D3ED2D7A07F2D46311
:10A30000102219460420B0EE670AFAF789FE07F614
:10A310007823A3F6EC131B68D3ED8C7A07F2C463A1
:10A32000102219460420B0EE670AFAF779FE07F604
:10A330007823A3F6EC131B68D3ED8D7A07F2B46390
:10A34000102219460420B0EE670AFAF769FE07F6F4
:10A350007823A3F6EC131B68D3ED8E7A07F2A4637F
:10A36000102219460420B0EE670AFAF759FE07F6E4
:10A370007823A3F6EC131B68D3ED8F7A07F294636E
:10A38000102219460420B0EE670AFAF749FE07F6D4
:10A390007823A3F6EC131B68D3ED907A07F284635D
:10A3A000102219460420B0EE670AFAF739FE07F6C4
:10A3B0007823A3F6EC131B68D3ED927A07F274634B
:10A3C000102219460420B0EE670AFAF729FE07F6B4
:10A3D0007823A3F6EC131B68D3ED937A07F264633A
:10A3E000102219460420B0EE670AFAF719FE07F6A4
:10A3F0007823A3F6EC131B68D3ED947A07F2546329
:10A40000102219460420B0EE670AFAF709FE07F693
:10A410007823A3F6EC131B68D3ED967A07F2446316
:10A42000102219460420B0EE670AFAF7F9FD07F684
:10A430007823A3F6EC131B68D3ED977A07F2346305
:10A44000102219460420B0EE670AFAF7E9FD07F674
:10A450007823A3F6EC131B68D3ED987A07F22463F4
:10A46000102219460420B0EE670AFAF7D9FD07F664
:10A470007823A3F6EC131B68D3ED997A07F21463E3
:10A48000102219460420B0EE670AFAF7C9FD07F654
:10A490007823A3F6EC131B68D3ED8A7A07F20463E2
:10A4A000102219460420B0EE670AFAF7B9FD07F644
:10A4B0007823A3F6EC131B68D3ED8B7A07F2F453E1
:10A4C000102219460420B0EE670AFAF7A9FD07F634
:10A4D0007823A3F6EC131B6803F62443D3ED007A2C
:10A4E00007F2E453102219460420B0EE670AFAF787
:10A4F00097FD07F67823A3F6EC131B6803F62443B5
:10A50000D3ED007AF0EE006A87EEA67A07F2D45314
:10A51000102219460420B0EE470AFAF781FD07F62B
:10A520007823A3F6EC131B68586807F67823A3F684
:10A53000EC131B689C6807F67823A3F6EC131B68E2
:10A54000D3F8983007F67822A2F6EC121268D2F807
:10A550009C2007F67821A1F6EC110968B1F82012C9
:10A560000D4607F67821A1F6EC110968B1F8221220
:10A570000E4607F67821A1F6EC110968B1F824120D
:10A58000C7F8881007F67821A1F6EC11096891F850
:10A590002612C7F8841007F67821A1F6EC11096895
:10A5A00091F82712C7F8801007F67821A1F6EC1170
:10A5B000096891F84412F96707F67821A1F6EC11C1
:10A5C000096891F85412B96707F67821A1F6EC11E1
:10A5D000096891F86812796707F67821A1F6EC11FD
:10A5E0000968D1F86C123F9107F214613E9107F2AD
:10A5F00024613D91796F3C9107F234613B9107F200
:10A6000044613A9107F2D451399107F2E4513891FB
:10A6100007F25461379107F26461369107F2746171
:10A620003591B96F349107F28461339107F29461E7
:10A63000329107F2A461319107F2B461309107F2CF
:10A64000C4612F91F96F2E9107F2F4512D9107F209
:10A6500004612C91D7F880102B91D7F8701A2A91A9
:10A66000D7F88410299107F2F461289107F2047158
:10A670002791D7F8881026910621259124962395B5
:10A6800007F21471229107F22471219107F23471BB
:10A69000209107F244711F9107F25471B0311E915D
:10A6A00007F25471A0311D9107F2547190311C9141
:10A6B00007F2547180311B9107F2547170311A9175
:10A6C00007F254716031199107F2547150311891A9
:10A6D00007F254714031179107F2547130311691DD
:10A6E00007F254712031159107F254711031149111
:10A6F00007F25471139107F61401B031129107F665
:10A700001401A031119107F614019031109107F650
:10A71000140180310F9107F6140170310E9107F684
:10A72000140160310D9107F6140150310C9107F6B8
:10A73000140140310B9107F6140130310A9107F6EC
:10A7400014012031099107F614011031089107F620
:10A750001401079107F2D461069107F2E4610591B3
:10A7600004920393D7F8603A02935F4B0193D7F8B2
:10A770005C3A00932346024605215C48FAF7AAFB9F
:10A7800007F67823A3F6EC131B68D3EDD27A07F50E
:10A79000B863142219460520B0EE670AFAF740FCA8
:10A7A00007F67823A3F6EC131B68D3EDD37A07F2F0
:10A7B000AC53142219460520B0EE670AFAF730FCB4
:10A7C00007F67823A3F6EC131B68D3EDD47A07F5CC
:10A7D000B363142219460520B0EE670AFAF720FC8D
:10A7E00007F67823A3F6EC131B68D3EDD57A07F2AE
:10A7F0008453142219460520B0EE670AFAF710FCBC
:10A8000007F67823A3F6EC131B68D3EDD67A07F589
:10A81000AE63142219460520B0EE670AFAF700FC71
:10A8200007F67823A3F6EC131B68D3EDD77A07F26B
:10A830005C53142219460520B0EE670AFAF7F0FBC4
:10A8400007F67823A3F6EC131B68D3EDD87A07F547
:10A85000A963142219460520B0EE670AFAF7E0FB57
:10A8600007F67823A3F6EC131B68D3F80433002B08
:10A8700015DD07F67823A3F6EC131B68D3E9CE01A8
:10A8800007F5A6621823FAF745FC07F5A06218231E
:10A890004FF000004FF00001FAF73CFC0DE007F527
:10A8A000A663134A182118460CF0D4F807F5A063E4
:10A8B0000F4A182118460CF0CDF807F67823A3F6B6
:10A8C000EC131B6893F8FA32002B13D007F67823A9
:10A8D000A3F6EC131B68D3E9D00107F5A362182394
:10A8E000FAF718FC0DE000BF788B010858A00108AA
:10A8F000388C010807F5A363C24A182118460CF0EA
:10A90000A9F807F67823A3F6EC131B685B68C7F871
:10A91000883007F67823A3F6EC131B689968C7F80C
:10A92000841007F67823A3F6EC131B6893F8FA3229
:10A93000C7F8803007F67823A3F6EC131B68D3F82A
:10A94000086307F67823A3F6EC131B6893F8FB3231
:10A95000FB6707F67823A3F6EC131B68D3F8000314
:10A96000B86707F67823A3F6EC131B68D3F8044303
:10A970007C6707F67823A3F6EC131B68D3F80C5317
:10A980003D6707F67823A3F6EC131B68D3F8102372
:10A99000FA6607F67823A3F6EC131B68D3F81413B2
:10A9A000B96607F67823A3F6EC131B68D3F81803EF
:10A9B000786607F67823A3F6EC131B68D3F81C43DC
:10A9C0003C6607F67823A3F6EC131B68D3F82053F4
:10A9D000FD6507F67823A3F6EC131B68D3F8245320
:10A9E00007F67823A3F6EC131B68D3F8284307F681
:10A9F0007823A3F6EC131B68D3F82C0307F678230F
:10AA0000A3F6EC131B68D3F8301307F67823A3F6EC
:10AA1000EC131B68D3F83423D7F8583A1E937A4BBB
:10AA20001D931C921B911A9019941895FD6D179502
:10AA30003C6E1694786E1590B96E1491FA6E13925E
:10AA40003D6F12957C6F1194B86F109007F5A96354
:10AA50000F9307F25C530E93F86F0D9007F5AE63FA
:10AA60000C9307F5A3630B9307F5A0630A9307F50F
:10AA7000A663099307F28453089307F5B36307931A
:10AA800007F2AC53069307F5B86305930496D7F81D
:10AA9000800003905D4B02935D4B0193D7F85C3AC5
:10AAA0000093D7F88430D7F8882005215948FAF761
:10AAB00011FA07F67823A3F6EC13D7F8602AD7F833
:10AAC0005C1A1868FDF7FCFF0023C7F8683A5AE0E3
:10AAD00007F67823A3F6EC131A68D7F8683A1344FC
:10AAE00003F608131B78002B47D007F67823A3F64C
:10AAF000EC12D7F8683A1B0203F511631268D018FC
:10AB000007F67823A3F6EC131A68D7F8683A1344CB
:10AB100003F60813197807F190024FF42F73FBF72F
:10AB200079FB07F67823A3F6EC131B68586807F641
:10AB30007823A3F6EC131B689C68D7F8683A0133B6
:10AB400007F67822A2F6EC121168D7F8682A0A44B0
:10AB500002F608121278114607F19002049203914E
:10AB600002932B4B0193D7F85C3A0093234602469D
:10AB700005212948FAF7AEF900E000BFD7F8683A96
:10AB80000133C7F8683AD7F8683A022BA0D907F61C
:10AB90007823A3F6EC131B685E6807F67823A3F608
:10ABA000EC131B689B68C7F8883007F67823A3F678
:10ABB000EC131B6893F8F932C7F8843007F6782352
:10ABC000A3F6EC131B68D3F8004307F67823A3F62B
:10ABD000EC131B68D3F8045307F67823A3F6EC13A1
:10ABE0001B6893F8FC321846FAF76AFB024607F630
:10ABF0007823A3F6EC131B6893F8FA32002B0FD0DE
:10AC0000064B0EE0388C0108CC960108D896010856
:10AC1000788B01086CA50108F8A701087C8E010853
:10AC2000C94B0693059204950394D7F88430029398
:10AC3000C64B0193D7F85C3A0093D7F88830324678
:10AC40000521C348FAF746F9012387F84F3A07F67A
:10AC50007823A3F6EC131B6893F87D3087F84F3AFE
:10AC600007F67823A3F6EC131B681B7B002B40F040
:10AC7000648207F67823A3F6EC131B6893F8A030E0
:10AC8000002B00F05A8297F84F3A002B00F05582C3
:10AC900007F67823A3F6EC131B681B68C7F8483A3D
:10ACA00007F67823A3F6EC131B68B3F8A430194613
:10ACB000A848FAF7E3F807F67823A3F6EC131B6825
:10ACC000D3ED2A7A07F24C4310211846B0EE670AFA
:10ACD000FAF73CF907F24C4319469F48FAF7CEF8C9
:10ACE00007F67823A3F6EC131B68B3F8A2301846D6
:10ACF00007F67823A3F6EC131B68D3F8AC2007F211
:10AD00004C4107F24C4300930B4601469348FAF737
:10AD1000B5F80023C7F8643A4DE0D7F8483A002B5D
:10AD200044DBD7F8643A03F00303002B3ED1D7F895
:10AD3000643A07EE903AF8EEE77A9FED897A67EE8B
:10AD4000877A9FED887A27EE877ADFED876AC7EEEC
:10AD5000267A07F63C23C3ED007A07F557731021D6
:10AD6000184607F63C2393ED000AFAF7EFF807F6CA
:10AD70007823A3F6EC131A68D7F8643A03F20E337B
:10AD80009B001344D3ED007A07F553731021184646
:10AD9000B0EE670AFAF7DAF8D7F8483A591C07F51F
:10ADA000537307F557727148FAF768F8D7F8643AA1
:10ADB0000133C7F8643A07F67823A3F6EC131B684F
:10ADC000D3F89830D7F8642A9A42A6DBD7F8483AE5
:10ADD0005A1C07F67823A3F6EC131B68D3F8101C53
:10ADE00007F67823A3F6EC131B68D3F8983000938A
:10ADF0000B4664215E48FAF741F807F67823A3F67C
:10AE0000EC131B6803F61443D3ED007A07F23C43BE
:10AE100010211846B0EE670AFAF798F807F678237B
:10AE2000A3F6EC131B6803F61843D3ED007A07F280
:10AE30002C4310211846B0EE670AFAF787F8D7F8C6
:10AE4000483A591C07F67823A3F6EC131B68B3F8AD
:10AE50001C3C1C4607F67823A3F6EC131B68B3F8DA
:10AE60001E3C184607F23C4207F22C430193009027
:10AE7000134622463F48FAF701F807F67823A3F66F
:10AE8000EC131B68B83301220C211846FAF766FB55
:10AE9000C7F8440A07F67823A3F6EC131B68B83307
:10AEA00006220C211846FAF759FBC7F8400AD7F8D2
:10AEB000443A002B04D0D7F8443AD3ED037A01E0AA
:10AEC000DFED2E7A07F21C4310211846B0EE670A18
:10AED000FAF73CF8D7F8443A002B04D0D7F8443AB4
:10AEE000D3ED047A01E0DFED257A07F20C4310215F
:10AEF0001846B0EE670AFAF729F8D7F8483A591C0D
:10AF000007F20C4307F21C421B48F9F7B7FFD7F8CA
:10AF1000403A002B04D0D7F8403AD3ED037A01E051
:10AF2000DFED167A07F57F7310211846B0EE670A39
:10AF3000FAF70CF8D7F8403A002B21D0D7F8403A6E
:10AF4000D3ED047A1EE000BF848E0108788B0108DF
:10AF500080A8010824A9010838A9010858A90108F6
:10AF60000000B443000080430000804798A9010816
:10AF7000C0A90108F0A9010834AA010800000000D6
:10AF80005FED027A07F57B7310211846B0EE670A71
:10AF9000F9F7DCFFD7F8483A591C07F57B7307F53A
:10AFA0007F72D748F9F76AFF07F67823A3F6EC1308
:10AFB0001B68D3ED8A7A07F5777310211846B0EE37
:10AFC000670AF9F7C3FFD7F8483A591C07F6782300
:10AFD000A3F6EC131B6893F827321A4607F577732C
:10AFE000C848F9F74BFF07F67823A3F6EC131B6864
:10AFF00003F62443D3ED007A07F573731021184646
:10B00000B0EE670AF9F7A2FFD7F8483A013307F51F
:10B0100073721946BC48F9F731FF07F67823A3F697
:10B02000EC131B6803F62C43D3ED007A07F56F731E
:10B0300010211846B0EE670AF9F788FF07F6782363
:10B04000A3F6EC131B6803F54363D3ED007A07F511
:10B050006B7310211846B0EE670AF9F777FF07F611
:10B060007823A3F6EC131B6803F63443D3ED007A80
:10B0700007F5677310211846B0EE670AF9F766FF07
:10B08000D7F8483A591C07F56B7007F56F7207F54A
:10B090006773009303469D48F9F7F0FE07F678239F
:10B0A000A3F6EC131B6803F62843D3ED007A07F5EB
:10B0B000637310211846B0EE670AF9F747FFD7F817
:10B0C000483A013307F5637219469148F9F7D6FEFD
:10B0D00007F67823A3F6EC131B6803F54263D3ED60
:10B0E000007A07F55F7310211846B0EE670AF9F78A
:10B0F0002DFFD7F8483A013307F55F7219468548A6
:10B10000F9F7BCFED7F8483A013307F55F721946E4
:10B110008148F9F7B3FE07F55B73102118469FEDE0
:10B120007F0AF9F713FFD7F8483A013307F55B7246
:10B1300019467B48F9F7A2FE4BE007F67823A3F601
:10B14000EC131B681B7B002B43D107F67823A3F677
:10B15000EC131B6893F8A03083F00103DBB2002BE3
:10B1600037D007F67823A3F6EC131B681B685C1C2A
:10B1700007F67823A3F6EC131B6893F868321D4694
:10B1800007F67823A3F6EC131B6893F87032184681
:10B19000FAF796F8014607F67823A3F6EC131B6836
:10B1A000D3F8982007F67823A3F6EC131B68D3F89E
:10B1B000103CD31A07F67822A2F6EC121268D2F8E5
:10B1C0009820019200930B462A4621465548F9F7EC
:10B1D00055FE07F67823A3F6EC131B685B68C7F8E7
:10B1E000803007F67823A3F6EC131B689B68FB6797
:10B1F00007F67823A3F6EC131B68D3F8984007F6FC
:10B200007823A3F6EC131B68D3F89C5007F6782339
:10B21000A3F6EC131B6893F86832BB6707F6782334
:10B22000A3F6EC131B68D3F89830002B11DD07F65A
:10B230007823A3F6EC131B68D3F8D82207F67823FB
:10B24000A3F6EC131B68D3F898309A4201D101267B
:10B2500000E0002607F67823A3F6EC131B68D3F86A
:10B260009830002B13DD07F67823A3F6EC131B6848
:10B27000D3F8DC2207F67823A3F6EC131B68D3F887
:10B2800098309A4203D10123C7F8883002E00023A6
:10B29000C7F8883007F67823A3F6EC131B68D3F8B9
:10B2A0009830002B13DD07F67823A3F6EC131B6808
:10B2B000D3F8E02207F67823A3F6EC131B68D3F843
:10B2C00098309A4203D10123C7F8843002E000236A
:10B2D000C7F8843007F67823A3F6EC131B6893F8BD
:10B2E00070321846F9F7ECFF024607F67823A3F60A
:10B2F000EC131B6893F8A030002B17D00A4B16E014
:10B3000084AA0108ECAA010824AB01086CAB01086F
:10B31000A0AB0108BCAB0108DCAB010800000000D9
:10B3200008AC010834AC01087C8E01080E4B089370
:10B330000792D7F884300693D7F88830059304969F
:10B34000BB6F039302950194D7F8603A0093FB6FAB
:10B35000D7F8802005210548F9F7BCFD00BF07F6A6
:10B360007C27BD46F0BD00BF848E010878AC010883
:10B37000F0B5C1B01AAF78647B6C002B01D1A04B43
:10B380007B64002387F87E3007F17E031846F9F7C7
:10B390005BFDC7F89000F9F707FDC7F88C00D7F8F8
:10B3A0008C30002B03D0D7F88C30103300E0002312
:10B3B000C7F8883007F148031846F6F7DFF9034667
:10B3C00087F8873097F88730002B05D197F84830F9
:10B3D000002B01D0012300E0002387F8863097F886
:10B3E000863003F0010387F8863097F88630002B0B
:10B3F00008D007F14803D7F888101846F6F7F3FA93
:10B40000034600E0012387F8853097F88530184619
:10B41000F6F73AFBC7F880000023C7F8943097F896
:10B420008530012B04D140F2FB13C7F8943019E0AA
:10B4300097F88530022B04D140F2FD13C7F8943001
:10B4400010E097F88530032B04D14FF4FE73C7F852
:10B45000943007E097F88530002B03D04FF4FF734A
:10B46000C7F89430D7F89430002B0CBF0123002389
:10B4700087F87F30634B1B68BB62634B1B687B6242
:10B48000624B1B683B6297F87E30FB6197F8863011
:10B49000BB6197F87F307B6197F87F303B61D7F8CD
:10B4A0008830002B14BF01230023DBB2FB60D7F8E8
:10B4B0008830002B04D0D7F888301B883B6401E02B
:10B4C00000233B64D7F88830002B04D0D7F88830AD
:10B4D0009B78FB6301E00023FB63D7F88830002BE7
:10B4E00004D0D7F88830DB78BB6301E00023BB636E
:10B4F000D7F88830002B04D0D7F888301B797B63CD
:10B5000001E000237B63D7F88830002B04D0D7F804
:10B5100088305B793B6301E000233B63D7F88830D8
:10B52000002B04D0D7F888309B79FB6201E0002320
:10B53000FB62D7F88830002B03D0D7F888309C689E
:10B5400000E00024B7F84A30BB6097F84C307B60CD
:10B5500097F84D301E4697F84E301D4697F84F30FD
:10B56000184697F850301946B7F872301A467B6F74
:10B570001893179216911590149513967A68129253
:10B58000BB6811931094FB6A0F933B6B0E937B6B1C
:10B590000D93BB6B0C93FB6B0B933B6C0A93D7F82F
:10B5A00080300993FB6808933B6907937B69069396
:10B5B000BB690593FB690493D7F8903003933B6A0A
:10B5C00002937B6A0193BB6A0093114B114A796C19
:10B5D0001148F9F77FFC97F87F3083F00103DBB265
:10B5E000002B06D0D7F88020D7F894100B48F9F735
:10B5F00045FC97F87F3018469C37BD46F0BD00BF2C
:10B60000788B0108107AFF1F147AFF1F187AFF1F2A
:10B61000D08F0108E88F01084CAD0108A0AF0108E8
:10B6200080B5AEB002AFF860B9607A603B60884820
:10B63000F9F724FC97F8B830002B01D0854B00E0D7
:10B64000854B1846FFF794FE034683F00103DBB2F7
:10B65000002B04D00A20F9F797FB002352E27F4B1E
:10B660001B6801337D4A13607C4B1B68C7F894301C
:10B67000F9F78CF907F15C031846F9F7B5F9F9F712
:10B68000ABF907F13C031846F9F7AEF907F13C03B3
:10B690001846FBF791FC034683F00103DBB2002B55
:10B6A00007D00A20F9F770FB6D48F9F7E7FB002394
:10B6B00028E2F9F765F901F0B7FBC7F89000694B8C
:10B6C0001B7887F88F3097F88F30002B05D0664BAA
:10B6D0001B68D7F89020D31A00E00023C7F8883001
:10B6E0004FF00003C7F8AC30002387F8AB300023DD
:10B6F00087F8AA30012387F8A9300023C7F8A430BF
:10B700000023C7F8A0307EE007F110031846FAF7CF
:10B7100043FB034687F8AB3097F8AB30002B78D16A
:10B72000FAF704FCD7F8A43042F2501202FB03F3FC
:10B730004E4A1344D7F894200021D7F8A000FBF715
:10B74000C7FC034687F8AA30D7F8A43042F250125B
:10B7500002FB03F3454A981807F1100307F13C0276
:10B7600007F15C01FBF771FC97F8A930002B0DD0B5
:10B770003E4AD7F8A43042F2501101FB03F31344C0
:10B78000A0331B78002B01D0012300E0002387F8B1
:10B79000A93097F8A93003F0010387F8A93097F88A
:10B7A000AA30002B21D1314AD7F8A43042F25011EF
:10B7B00001FB03F31344A0331B78002B15D0D7F8FB
:10B7C000A030002B11DB294AD7F8A43042F25011E7
:10B7D00001FB03F3134403F54263D3ED007A97EDC5
:10B7E0002B7A77EE277AC7ED2B7AD7F8A43001337E
:10B7F000C7F8A43097F8AA30002B0CD1D7F8A030A6
:10B800000133C7F8A030D7F8A030002B7FF77CAF0A
:10B8100002E000BF00E000BFF9F7B8F80820F9F730
:10B82000B3FA01F001FBC7F884000F4AD7F884305F
:10B8300013600C4B01221A70D7F88420D7F890308F
:10B84000D31AC7F880300023C7F89C30C5E000BF8A
:10B85000D8AF0108ECAF010804B00108082C0020A3
:10B8600014B00108302C00202C2C002008060020E9
:10B87000A64AD7F89C3042F2501101FB03F313445F
:10B880006C33FA681A60A14AD7F89C3042F2501122
:10B8900001FB03F313447033BA681A609B4AD7F86C
:10B8A0009C3042F2501101FB03F3134474337A6865
:10B8B0001A60964AD7F89C3042F2501101FB03F30C
:10B8C000134478333A681A60904AD7F89C3042F2B1
:10B8D000501101FB03F313447C3397F8B8201A701E
:10B8E00097F8B830002B14BF01230023DBB283F09C
:10B8F0000103DBB203F00103D8B2844AD7F89C30CD
:10B9000042F2501101FB03F313447D3302461A70D7
:10B910007E4AD7F89C3042F2501101FB03F31344E6
:10B920007E3397F8BC201A70784AD7F89C3042F2E0
:10B93000501101FB03F313447F3397F8C0201A70B2
:10B94000724AD7F89C3042F2501101FB03F31344C2
:10B950008033D7F8C4201A606C4AD7F89C3042F282
:10B96000501101FB03F313448433D7F8C8201A6045
:10B97000664AD7F89C3042F2501101FB03F313449E
:10B98000883397F8CC201A70604AD7F89C3042F27E
:10B99000501101FB03F313448C33D7F880201A6055
:10B9A0005A4AD7F89C3042F2501101FB03F313447A
:10B9B0009033D7F888201A60544AD7F89C3042F266
:10B9C000501101FB03F31344943397F88F201A703E
:10B9D000D7F89C300133C7F89C30D7F89C20D7F8B3
:10B9E000A4309A42FFF644AF0023C7F898300FE026
:10B9F000D7F8983042F2501202FB03F3434A134443
:10BA00001846FDF715FAD7F898300133C7F8983083
:10BA1000D7F89820D7F8A4309A42E9DB97F8AB30F2
:10BA2000012B07D10A20F9F7AFF93948F9F726FABF
:10BA3000002367E097F8AB30022B09D10A20F9F711
:10BA4000A3F944F620613348F9F718FA002359E0C6
:10BA500097F8AB30032B07D10A20F9F795F92E4858
:10BA6000F9F70CFA00234DE097F8AA30002B0ED01E
:10BA70000A20F9F789F997F8AA301846F9F720FC57
:10BA8000034619462548F9F7F9F900233AE097F8F3
:10BA9000A93083F00103DBB2002B07D00A20F9F7AD
:10BAA00073F91F48F9F7EAF900232BE097F8B8304B
:10BAB000002B0CD01B4B0193D7F894300093BB683C
:10BAC000FA6805211848F9F705FA01231AE0D7F8B2
:10BAD000AC30FB6707F12C031021184697ED1F0AC5
:10BAE000F9F734FA07F12C0319461048F9F7C6F9AB
:10BAF00007F12C0319460E48F9F7C0F90D48F9F77C
:10BB0000BDF901231846B037BD4680BD08060020A8
:10BB100058B0010870B00108B4B00108F4B00108D1
:10BB200028B101085C9601086CB1010800B2010857
:10BB300028B2010858B20108B0B58AB006AF444B2C
:10BB40001B68012B94BF01230023FB73FB7B002B9D
:10BB500001D0002302E03E4B1B68013BBB603D4B24
:10BB60001C683B4B1D683C4B1B783C4A12783C4997
:10BB700009683C480078059004913B490391029282
:10BB80000193FB7B00930A23BA6829462046FFF7FE
:10BB900047FD0346FB71314B00221A70FB7983F09D
:10BBA0000103DBB2002B15D0304B03221A700A20A0
:10BBB000F9F7EAF8274B1968254B1A68FB7B002B2D
:10BBC00001D02B4B00E02B4B0093BB682A48F9F7C0
:10BBD00055F939E0FB7B002B02D01F4B01221A7074
:10BBE0001B4B1B680A2B0CD9204B03221A70194BD4
:10BBF00019680B2300930A2301222048F9F73EF924
:10BC000022E01F4B1B681F4A1360154B00221A606D
:10BC1000144B00221A70154B02221A700920F9F7F2
:10BC2000B3F80C4B19680A4B1A68FB7B002B01D048
:10BC30000F4B00E00F4B144802900B48019000930B
:10BC4000BB681248F9F71AF91037BD46B0BD00BFFE
:10BC50001C2C0020182C00202A2C0020292C00202D
:10BC6000242C0020282C0020C0D40100102C0020FF
:10BC7000AC8F0108BC8F010864B20108B0B20108A2
:10BC80002C2C0020202C00204896010820B301080D
:10BC900080B586B004AF0120F9F776F83B1D184651
:10BCA000F5F720FC034683F00103DBB2002B0FD035
:10BCB0000A20F9F769F83B7919467B791A46BB796E
:10BCC0001846FB79009303461D48F9F7D7F833E08F
:10BCD0001C4B1B78012B2ED01A4B1B78022B2AD021
:10BCE000194B1B680133184A1360174B1B68174A1E
:10BCF0001360174B01221A60164B00221A70164B64
:10BD000001221A70154B00221A60154B00221A707E
:10BD10000C4B01221A700D4B1968124B02930B2326
:10BD200001930A23009301230F4A1048F9F7A6F85C
:10BD3000FFF702FF00E000BF0837BD4680BD00BF2F
:10BD40008CB30108102C0020142C0020182C00208B
:10BD50001C2C00202A2C0020292C0020242C002020
:10BD6000282C0020C0D401005C960108D8B301083B
:10BD700090B587B004AF2C4B1B78022B4ED12B4BC8
:10BD80001B682B491846FBF703F9034683F00103B0
:10BD9000DBB2002B44D101F047F80246234B1B686D
:10BDA000D31A244A1360234B1B68A3F5EA33C03B24
:10BDB0007B607B68B3F5967F94BF01230023DAB2E2
:10BDC0001D4B1A701C4B1B7883F00103DBB2002B58
:10BDD00019D0154B03221A700A20F8F7D5FF174B1C
:10BDE0001968174B1A68164B1B68581C114B1B68B7
:10BDF0004FF49674029401930D4B0093034611483F
:10BE0000F9F73CF80DE00E4B1B6801330C4A136048
:10BE1000054B01221A70FFF78FFE02E000BF00E021
:10BE200000BF0C37BD4690BD102C0020202C0020F8
:10BE3000C0D40100242C0020282C0020182C002025
:10BE40001C2C002060B4010890B583B000AFF8F757
:10BE50009DFD002009F0EEFC78600AF027FD044605
:10BE60000AF030FD02467B6821460648F9F706F8DD
:10BE7000054B00221A700020F8F786FF00BF0C3730
:10BE8000BD4690BDF0B401080406002080B584B022
:10BE900000AF7860F8F77AFD0120F8F775FF1748D2
:10BEA000FFF766FA164B00221A700020F8F76CFFB5
:10BEB0000023FB72134B186807F10B016423002267
:10BEC00007F006FFF860FB68002B04D1FB7A012B1A
:10BED00001D1FFF7DDFEFFF74BFF0B4B1B78032B68
:10BEE00006D0FB68002BE3D1074B1B78002BDFD17A
:10BEF000054B00221A70FFF7A7FFD9E738B50108F4
:10BF000004060020FC050020102C002080B500AFA6
:10BF10001B4B1B68002B03D11A4B1B68002B01D055
:10BF200000232AE000220121012007F0FDFD034645
:10BF3000134A1360124B1B68002B01D100231CE035
:10BF4000114A0021114807F041FD03460D4A1360D4
:10BF50000C4B1B68002B09D1094B1B68184607F0D6
:10BF600015FF074B00221A60002306E0084B012250
:10BF70001A700020F8F708FF0123184680BD00BFA3
:10BF8000FC050020000600207CB601088DBE0008DC
:10BF90000406002080B582B000AF124B1B68002B56
:10BFA00004D0114B1B78DBB2002B01D0002314E02E
:10BFB0000D4B01221A700123FB710A4B1868F91D01
:10BFC0000023002207F024FE0346002B04D0064B7A
:10BFD00000221A70002300E0012318460837BD46EE
:10BFE00080BD00BFFC0500200406002080B400AF27
:10BFF000034B1B78DBB21846BD465DF8047B7047E7
:10C0000004060020B0B582B000AF786039607B686C
:10C01000002B0ED03B68002B0BD07A683B6814468F
:10C020001D460FCD0FC42B682360786800F005F81B
:10C0300000E000BF0837BD46B0BD80B483B000AF9C
:10C0400078607B68002B0CD07B684FF000025A614F
:10C050007B684FF000029A617B684FF00002DA6162
:10C0600000E000BF0C37BD465DF8047B704780B42C
:10C0700087B000AF786087ED000A7B68002B02D1A3
:10C080004FF0000372E07B68D3ED007A97ED007A01
:10C0900067EE277AC7ED047A7B6893ED057A7B68B3
:10C0A000D3ED016AD7ED007A66EEA77A77EE277AAC
:10C0B0007B68C3ED057A7B68D3ED057AB0EEE77A4D
:10C0C0007B68D3ED037AB4EEE77AF1EE10FA03DD84
:10C0D0007B684FF000025A617B6893ED027A7B68BF
:10C0E000D3ED067AD7ED006A76EEE77A67EE277A27
:10C0F000C7ED037A7B683A689A617B6893ED057AAD
:10C10000D7ED047A77EE277A97ED037A77EE277AE0
:10C11000C7ED057A7B68D3ED047A97ED057AB4EE26
:10C12000E77AF1EE10FA02DD7B681B697B617B68C0
:10C13000D3ED047AF1EE677A97ED057AB4EEE77AFB
:10C14000F1EE10FA06D57B68D3ED047AF1EE677A4A
:10C15000C7ED057A7B6893ED077AD7ED057A77EE20
:10C16000677A7B68C3ED077A7B68DB6907EE903AF4
:10C17000B0EE670A1C37BD465DF8047B704780B49B
:10C1800083B000AF78607B68002B02D07B68DB69EE
:10C1900001E04FF0000307EE903AB0EE670A0C376B
:10C1A000BD465DF8047B7047B0B596B000AF3A4B22
:10C1B00007F138041D460FCD0FC42B68236007F12B
:10C1C000380207F1180311461846FFF71BFF07F165
:10C1D0001803B0EE000A1846FFF749FF87ED150A6D
:10C1E00007F11803BFEE000A1846FFF740FF87ED7E
:10C1F000140A07F118031846FFF71FFF274B3C1DD1
:10C200001D460FCD0FC42B6823603A1D07F118039C
:10C2100011461846FFF7F6FE07F11803B7EE000ABD
:10C220001846FFF724FF87ED130AD7ED157AB0EE15
:10C23000007A77EE877AF0EEE77A9FED197AF4EEDE
:10C24000C77AF1EE10FA1FD5D7ED147AB7EE007A5F
:10C2500077EE877AF0EEE77A9FED117AF4EEC77AFF
:10C26000F1EE10FA10D5D7ED137AB1EE047A77EE2D
:10C27000877AF0EEE77A9FED0A7AF4EEC77AF1EE6C
:10C2800010FA01D5012300E0002303F00103DBB223
:10C2900018465837BD46B0BD78B501088CB50108C1
:10C2A00017B7D13880B582B000AF00237B60124B46
:10C2B0005B6C114A43F4804353640F4B5B6C03F493
:10C2C00080437B607B6800233B600B4B1B6C0A4AFE
:10C2D00043F080531364084B1B6C03F080533B60A6
:10C2E0003B6800220F216FF0010001F0FBF900BF55
:10C2F0000837BD4680BD00BF0038024080B58AB017
:10C3000000AF786007F1140300221A605A609A6047
:10C31000DA601A617B681B68334A93425FD100235D
:10C320003B61324B5B6C314A43F4807353642F4B57
:10C330005B6C03F480733B613B690023FB602B4B18
:10C340001B6B2A4A43F001031363284B1B6B03F05A
:10C350000103FB60FB6812237B610323BB610023A5
:10C36000FB6107F114031946214801F06FFD214BD1
:10C37000214A1A601F4B00225A601E4B00229A600D
:10C380001C4B0022DA601B4B4FF480621A61194B80
:10C390004FF400625A61174B4FF400529A61154BEB
:10C3A0004FF48072DA61134B00221A62114B0022A3
:10C3B0005A62104801F0C0F90346002B01D0F8F78B
:10C3C00051FA7B680B4A9A630A4A7B68936300229E
:10C3D0000521122001F086F9122001F09FF900BF1B
:10C3E0002837BD4680BD00BF002001400038024014
:10C3F00000000240C40000201064024080B58CB0F0
:10C4000000AF786007F11C0300221A605A609A603E
:10C41000DA601A617B681B68524A93422DD100236F
:10C42000BB61514B1B6B504A43F0020313634E4BED
:10C430001B6B03F00203BB61BB694FF4C073FB616C
:10C4400012233B6200237B620323BB620423FB6253
:10C4500007F11C031946454801F0F8FC00237B61F5
:10C46000414B1B6C404A43F4001313643E4B1B6C5E
:10C4700003F400137B617B696FE07B681B683C4AB7
:10C4800093426AD100233B61374B1B6B364A43F022
:10C4900002031363344B1B6B03F002033B613B69E4
:10C4A0004FF44063FB6112233B6201237B62002354
:10C4B000BB620423FB6207F11C0319462B4801F001
:10C4C000C5FC0023FB60284B1B6C274A43F4800308
:10C4D0001364254B1B6C03F48003FB60FB68254B46
:10C4E000254A1A60234B4FF060625A60214B40226C
:10C4F0009A60204B0022DA601E4B4FF480621A6172
:10C500001C4B00225A611B4B00229A61194B0022DE
:10C51000DA61184B00221A62164B00225A62154843
:10C5200001F00AF90346002B01D0F8F79BF97B686C
:10C53000104A5A630F4A7B68936300220521212029
:10C5400001F0D0F8212001F0E9F800220521222095
:10C5500001F0C8F8222001F0E1F800BF3037BD46F5
:10C5600080BD00BF0054004000380240000402407B
:10C5700000580040CC010020B860024080B58AB06D
:10C5800000AF786007F1140300221A605A609A60C5
:10C59000DA601A617B681B68194A93422BD1002329
:10C5A0003B61184B5B6C174A43F480535364154B43
:10C5B0005B6C03F480533B613B690023FB60114BD0
:10C5C0001B6B104A43F0020313630E4B1B6B03F00B
:10C5D0000203FB60FB6838237B610223BB610123FC
:10C5E000FB6103233B6205237B6207F114031946B9
:10C5F000054801F02BFC00BF2837BD4680BD00BFB9
:10C6000000300140003802400004024080B58AB08A
:10C6100000AF786007F1140300221A605A609A6034
:10C62000DA601A617B681B68274A93420ED10023A7
:10C630003B61264B5B6C254A43F001035364234B5B
:10C640005B6C03F001033B613B6939E07B681B686D
:10C65000B3F1804F34D10023FB601C4B1B6C1B4A91
:10C6600043F001031364194B1B6C03F00103FB60DF
:10C67000FB680023BB60154B1B6B144A43F001039E
:10C680001363124B1B6B03F00103BB60BB684FF4D9
:10C6900000437B610223BB610123FB6100233B62FA
:10C6A00001237B6207F114031946094801F0CEFB10
:10C6B000002205211C2001F015F81C2001F02EF8A5
:10C6C00000BF2837BD4680BD000001400038024051
:10C6D0000000024080B584B000AF78607B681B68C2
:10C6E0000E4A934215D10023FB600D4B5B6C0C4A44
:10C6F00043F0020353640A4B5B6C03F00203FB60DC
:10C70000FB68002205212D2000F0ECFF2D2001F018
:10C7100005F800BF1037BD4680BD00BF00040140D2
:10C720000038024080B58AB000AF786007F114038A
:10C7300000221A605A609A60DA601A617B681B688E
:10C74000244A93421FD100233B61234B1B6B224A97
:10C7500043F001031363204B1B6B03F001033B61A8
:10C760003B694FF4E0637B610223BB610023FB6103
:10C7700000233B6201237B6207F11403194617482B
:10C7800001F064FB22E07B681B68154A93421DD1CF
:10C790000023FB60104B1B6B0F4A43F00403136331
:10C7A0000D4B1B6B03F00403FB60FB6840237B61B4
:10C7B0000223BB610023FB6100233B6203237B62F6
:10C7C00007F114031946074801F040FB00BF283762
:10C7D000BD4680BD0000014000380240000002401C
:10C7E000000401400008024080B58CB000AF7860C2
:10C7F00007F11C0300221A605A609A60DA601A611D
:10C800007B681B68984A934240F092800023BB618A
:10C81000964B1B6C954A43F400331364934B1B6C8B
:10C8200003F40033BB61BB6900237B618F4B1B6B3F
:10C830008E4A43F0010313638C4B1B6B03F001031F
:10C840007B617B690C23FB6102233B6200237B62DB
:10C850000323BB620723FB6207F11C0319468448CC
:10C8600001F0F4FA834B844A1A60824B4FF0006265
:10C870005A60804B40229A607E4B0022DA607D4BEA
:10C880004FF480621A617B4B00225A61794B00227F
:10C890009A61784B0022DA61764B00221A62754B5E
:10C8A00000225A62734800F047FF0346002B01D074
:10C8B000F7F7D8FF7B686F4A5A636E4A7B689363C9
:10C8C0006E4B6F4A1A606D4B4FF000625A606B4BB3
:10C8D00000229A60694B0022DA60684B4FF4806254
:10C8E0001A61664B00225A61644B00229A61634BC5
:10C8F0004FF48072DA61614B00221A625F4B0022B2
:10C900005A625E4800F018FF0346002B01D0F7F78B
:10C91000A9FF7B68594A9A63584A7B68936300224F
:10C920000521262000F0DEFE262000F0F7FE97E02D
:10C930007B681B68534A934240F0928000233B611E
:10C940004A4B1B6C494A43F480231364474B1B6CCE
:10C9500003F480233B613B690023FB60434B1B6B6B
:10C96000424A43F004031363404B1B6B03F0040380
:10C97000FB60FB684FF44063FB6102233B620023D2
:10C980007B620323BB620723FB6207F11C0319468A
:10C990003D4801F05BFA3D4B3D4A1A603B4B4FF07E
:10C9A00000625A60394B40229A60384B0022DA60AC
:10C9B000364B4FF480621A61344B00225A61334B7C
:10C9C00000229A61314B0022DA61304B00221A6258
:10C9D0002E4B00225A622D4800F0AEFE0346002B7B
:10C9E00001D0F7F73FFF7B68284A5A63274A7B68E4
:10C9F0009363284B284A1A60264B4FF000625A6016
:10CA0000244B00229A60234B0022DA60214B4FF422
:10CA100080621A611F4B00225A611E4B00229A61EC
:10CA20001C4B4FF48072DA611A4B00221A62194BC8
:10CA300000225A62174800F07FFE0346002B01D007
:10CA4000F7F710FF7B68134A9A63124A7B68936377
:10CA500000220521272000F045FE272000F05EFE81
:10CA600000BF3037BD4680BD004400400038024062
:10CA700000000240E4030020A060024044040020C3
:10CA8000886002400048004000080240A4040020E2
:10CA900058600240040500202860024080B58EB036
:10CAA00000AF78600023FB620023BB620023FB60C1
:10CAB000334B1B6C324A43F480731364304B1B6C52
:10CAC00003F48073FB60FB6807F1100207F11403A5
:10CAD0001146184603F05AFE3B6AFB62FB6A002BC4
:10CAE00003D103F02BFE786304E003F027FE034636
:10CAF0005B007B637B6B234AA2FB03239B0C013B04
:10CB0000BB62214B214A1A601F4B40F2E732DA60C8
:10CB10001D4ABB6A53601C4B00221A611A4B00224B
:10CB20009A60194B00229A61174804F009FC0346E9
:10CB300087F8333097F83330002B1BD1124804F0BC
:10CB40004FFC034687F8333097F83330002B11D170
:10CB50002D2000F0E3FD7B680F2B08D800227968B8
:10CB60002D2000F0BFFD0A4A7B68136002E001231C
:10CB700087F8333097F8333018463837BD4680BDD4
:10CB80000038024083DE1B43342C0020002000408C
:10CB90000400002080B400AF00BFFDE780B400AF08
:10CBA00000BFFDE780B400AF00BFFDE780B400AF79
:10CBB00000BFFDE780B400AF00BFFDE780B400AF69
:10CBC00000BFBD465DF8047B7047000080B500AF34
:10CBD000024800F0F1FE00BF80BD00BF0405002048
:10CBE00080B500AF024800F0E7FE00BF80BD00BF87
:10CBF000A404002080B500AF024800F0DDFE00BFB5
:10CC000080BD00BF4404002080B500AF024800F0A2
:10CC1000D3FE00BF80BD00BFE403002080B500AF9D
:10CC2000024800F050F900BF80BD00BF7C0000202A
:10CC300080B500AF024804F0B4FD00BF80BD00BF66
:10CC4000CC02002080B500AF024801F02BFC00BFF1
:10CC500080BD00BF7801002080B500AF024801F020
:10CC600092FD00BF80BD00BF7801002080B500AFFD
:10CC7000024805F0E9FE00BF80BD00BF5C03002054
:10CC800080B500AF024805F0DFFE00BF80BD00BFE9
:10CC9000A003002080B500AF034804F082FD0348E4
:10CCA00004F07FFD00BF80BD14030020342C002061
:10CCB00080B500AF024800F07FFE00BF80BD00BF1E
:10CCC000CC01002080B500AF024800F075FE00BF27
:10CCD00080BD00BFC400002080B586B000AF786082
:10CCE000144A154BD31A7B617B693B61134B1B685C
:10CCF000002B02D1114B124A1A60104B1A687B6844
:10CD000013443A699A4207D209F07CFF03460C2289
:10CD10001A604FF0FF3309E0084B1B68FB60074BBC
:10CD20001A687B681344054A1360FB681846183775
:10CD3000BD4680BD00000220000400007C2C0020C5
:10CD4000B8DD012080B400AF064BD3F88830054A27
:10CD500043F47003C2F8883000BFBD465DF8047B21
:10CD6000704700BF00ED00E0DFF834D00D480E49F9
:10CD70000E4A002302E0D458C4500433C4188C4235
:10CD8000F9D30B4A0B4C002301E013600432A2429A
:10CD9000FBD3FFF7D7FF09F03BFFF6F75DFD7047C8
:10CDA00000000220000000206000002020BB0108DD
:10CDB00060000020B4DD0120FEE7000080B500AF78
:10CDC0000E4B1B680D4A43F4007313600B4B1B683A
:10CDD0000A4A43F480631360084B1B68074A43F414
:10CDE00080731360032000F072FC0520FFF756FEED
:10CDF000FFF758FA0023184680BD00BF003C0240F0
:10CE000080B400AF064B1B781A46064B1B681344D0
:10CE1000044A136000BFBD465DF8047B704700BF45
:10CE200008000020802C002080B400AF034B1B685A
:10CE30001846BD465DF8047B704700BF802C00207B
:10CE400080B584B000AF78600023FB737B68002B53
:10CE500001D1012333E07B681B6C002B09D178687A
:10CE6000FFF74CFA7B6800225A647B68002283F843
:10CE70003C207B681B6C03F01003002B18D17B68EF
:10CE80001B6C23F4885323F0020343F002027B68F7
:10CE90001A64786800F068FA7B6800225A647B683C
:10CEA0001B6C23F0030343F001027B681A6401E06A
:10CEB0000123FB737B68002283F83C20FB7B184630
:10CEC0001037BD4680BD80B586B000AF78600023C6
:10CED0007B6100233B617B681B681B68FB607B6890
:10CEE0001B685B68BB60FB6803F002037B61BB6887
:10CEF00003F020033B617B69002B49D03B69002B89
:10CF000046D07B681B6C03F01003002B05D17B68B7
:10CF10001B6C43F400727B681A647B681B689B6817
:10CF200003F04053002B2BD17B681B7E002B27D1B5
:10CF30007B681B68DB6A03F47003002B06D07B68F8
:10CF40001B689B6803F48063002B19D17B681B6806
:10CF50005A687B681B6822F020025A607B681B6C51
:10CF600023F480727B681A647B681B6C03F4805323
:10CF7000002B05D17B681B6C43F001027B681A64AF
:10CF8000786800F0B0F87B681B686FF012021A60D6
:10CF9000FB6803F004037B61BB6803F080033B6123
:10CFA0007B69002B57D03B69002B54D07B681B6CEE
:10CFB00003F01003002B05D17B681B6C43F4005277
:10CFC0007B681A647B681B689B6803F44013002B22
:10CFD00039D17B681B689B6B03F44013002B06D090
:10CFE0007B681B689B6803F48063002B2BD17B68F4
:10CFF0001B685B6803F48063002B24D17B681B688B
:10D000009B6803F04053002B1DD17B681B7E002BD7
:10D0100019D17B681B685A687B681B6822F0800204
:10D020005A607B681B6C23F480527B681A647B68AF
:10D030001B6C03F48073002B05D17B681B6C43F0E1
:10D0400001027B681A64786800F08AFA7B681B68C2
:10D050006FF00C021A60FB6803F001037B61BB6890
:10D0600003F040033B617B69002B17D03B69002B29
:10D0700014D07B681B681B6803F00103012B0DD1E2
:10D080007B681B6C43F480327B681A64786800F01C
:10D0900034F87B681B686FF001021A60FB6803F0CC
:10D0A00020037B61BB6803F080633B617B69002BDD
:10D0B00015D03B69002B12D07B685B6C43F00202F9
:10D0C0007B685A647B681B686FF020021A6078687E
:10D0D00000F01DF87B681B686FF020021A6000BF2B
:10D0E0001837BD4680BD80B483B000AF786000BF04
:10D0F0000C37BD465DF8047B704780B483B000AF49
:10D10000786000BF0C37BD465DF8047B704780B483
:10D1100083B000AF786000BF0C37BD465DF8047B7C
:10D120007047000080B485B000AF7860396000239C
:10D13000BB607B6893F83C30012B01D1022305E1F1
:10D140007B68012283F83C203B681B68092B25D9AA
:10D150007B681B68D9683B681B689BB21A461346FC
:10D160005B0013441E3B072202FA03F3DA437B6899
:10D170001B680A40DA607B681B68D9683B689A685C
:10D180003B681B689BB2184603465B0003441E3B8A
:10D190009A407B681B680A43DA6022E07B681B6860
:10D1A00019693B681B689BB21A4613465B0013441F
:10D1B000072202FA03F3DA437B681B680A401A610C
:10D1C0007B681B6819693B689A683B681B689BB25F
:10D1D000184603465B0003449A407B681B680A4379
:10D1E0001A613B685B68062B24D87B681B68596B07
:10D1F0003B685A6813469B001344053B1F2202FA02
:10D2000003F3DA437B681B680A405A637B681B6838
:10D21000596B3B681B689BB218463B685A681346BB
:10D220009B001344053B00FA03F27B681B680A432A
:10D230005A634CE03B685B680C2B24D87B681B6806
:10D24000196B3B685A6813469B001344233B1F220B
:10D2500002FA03F3DA437B681B680A401A637B68AF
:10D260001B68196B3B681B689BB218463B685A6881
:10D2700013469B001344233B00FA03F27B681B68B0
:10D280000A431A6323E07B681B68D96A3B685A68C3
:10D2900013469B001344413B1F2202FA03F3DA4377
:10D2A0007B681B680A40DA627B681B68D96A3B6846
:10D2B0001B689BB218463B685A6813469B00134490
:10D2C000413B00FA03F27B681B680A43DA62224B97
:10D2D000FB607B681B68214A934209D13B681B684D
:10D2E000122B05D1FB685B6843F48002FB685A602F
:10D2F0007B681B68194A934223D13B681B68102B3B
:10D3000003D03B681B68112B1BD1FB685B6843F49F
:10D310000002FB685A603B681B68102B11D1104B50
:10D320001B68104AA2FB03239A0C13469B0013446C
:10D330005B00BB6002E0BB68013BBB60BB68002BCD
:10D34000F9D17B68002283F83C200023184614376B
:10D35000BD465DF8047B704700230140002001407A
:10D360000000002083DE1B4380B485B000AF7860EE
:10D37000794BFB60FB685B6823F44032FB685A60C2
:10D38000FB685A687B685B681A43FB685A607B6875
:10D390001B685A687B681B6822F480725A607B683D
:10D3A0001B6859687B681B691A027B681B680A4303
:10D3B0005A607B681B685A687B681B6822F0407261
:10D3C0005A607B681B6859687B689A687B681B6831
:10D3D0000A435A607B681B689A687B681B6822F462
:10D3E00000629A607B681B6899687B68DA687B6872
:10D3F0001B680A439A607B689B6A584A934222D012
:10D400007B681B689A687B681B6822F070629A6070
:10D410007B681B6899687B689A6A7B681B680A430B
:10D420009A607B681B689A687B681B6822F0405290
:10D430009A607B681B6899687B68DA6A7B681B68FE
:10D440000A439A600FE07B681B689A687B681B68D8
:10D4500022F070629A607B681B689A687B681B6820
:10D4600022F040529A607B681B689A687B681B6850
:10D4700022F002029A607B681B6899687B681B7EB9
:10D480005A007B681B680A439A607B6893F82030D7
:10D49000002B1BD07B681B685A687B681B6842F4B2
:10D4A00000625A607B681B685A687B681B6822F4BC
:10D4B00060425A607B681B6859687B685B6A013B05
:10D4C0005A037B681B680A435A6007E07B681B6845
:10D4D0005A687B681B6822F400625A607B681B688C
:10D4E000DA6A7B681B6822F47002DA627B681B6868
:10D4F000D96A7B68DB69013B1A057B681B680A43B4
:10D50000DA627B681B689A687B681B6822F4007289
:10D510009A607B681B6899687B6893F830305A0280
:10D520007B681B680A439A607B681B689A687B6803
:10D530001B6822F480629A607B681B6899687B682C
:10D540005B699A027B681B680A439A6000BF1437C4
:10D55000BD465DF8047B7047002301400100000FC9
:10D5600080B483B000AF786000BF0C37BD465DF873
:10D57000047B704780B485B000AF78607B6803F0AF
:10D580000703FB600C4BDB68BB60BA684FF6FF0318
:10D590001340BB60FB681A02BB68134343F0BF63D0
:10D5A00043F40033BB60044ABB68D36000BF143748
:10D5B000BD465DF8047B704700ED00E080B400AF2D
:10D5C000044BDB681B0A03F007031846BD465DF8F1
:10D5D000047B704700ED00E080B483B000AF0346E9
:10D5E000FB7197F90730002B0BDBFB7903F01F026F
:10D5F000074997F907305B09012000FA02F241F868
:10D60000232000BF0C37BD465DF8047B704700BF88
:10D6100000E100E080B483B000AF03463960FB71E5
:10D6200097F90730002B0ADB3B68DAB20C4997F90F
:10D6300007301201D2B20B4483F800230AE03B68A2
:10D64000DAB20849FB7903F00F03043B1201D2B2AE
:10D650000B441A7600BF0C37BD465DF8047B70475B
:10D6600000E100E000ED00E080B489B000AFF860B8
:10D67000B9607A60FB6803F00703FB61FB69C3F1E3
:10D680000703042B28BF0423BB61FB690433062B6B
:10D6900002D9FB69033B00E000237B614FF0FF32BE
:10D6A000BB6902FA03F3DA43BB681A407B699A400C
:10D6B0004FF0FF317B6901FA03F3D9437B680B40DC
:10D6C000134318462437BD465DF8047B704780B588
:10D6D00082B000AF78607868FFF74CFF00BF083772
:10D6E000BD4680BD80B586B000AF0346B9607A60A4
:10D6F000FB7300237B61FFF761FF78617A68B9688B
:10D700007869FFF7B1FF024697F90F3011461846C6
:10D71000FFF780FF00BF1837BD4680BD80B582B0DF
:10D7200000AF0346FB7197F907301846FFF754FF27
:10D7300000BF0837BD4680BD80B586B000AF7860B9
:10D7400000237B61FFF770FB38617B68002B01D100
:10D75000012399E07B68022283F835207B68002250
:10D7600083F834207B681B681A687B681B6822F08A
:10D7700001021A600FE0FFF757FB02463B69D31A1C
:10D78000052B08D97B6820225A657B68032283F821
:10D790003520032378E07B681B681B6803F00103D6
:10D7A000002BE8D17B681B681B687B617A69384B6A
:10D7B00013407B617B685A687B689B681A437B686F
:10D7C000DB681A437B681B691A437B685B691A43F1
:10D7D0007B689B691A437B68DB691A437B681B6A19
:10D7E00013437A6913437B617B685B6A042B07D11F
:10D7F0007B68DA6A7B681B6B13437A6913437B612E
:10D800007B681B687A691A607B681B685B697B614F
:10D810007B6923F007037B617B685B6A7A6913434A
:10D820007B617B685B6A042B17D17B689B6A7A6992
:10D8300013437B617B68DB6A002B0ED0786800F0B5
:10D8400089FA0346002B08D07B6840225A657B6822
:10D85000012283F83520012316E07B681B687A6972
:10D860005A61786800F040FA0346FB607B68DB6D24
:10D870003F229A40FB689A607B6800225A657B6869
:10D88000012283F83520002318461837BD4680BD95
:10D890003F8010F080B584B000AF78607B689B6DEE
:10D8A000FB60FFF7C1FAB8607B6893F83530DBB2F4
:10D8B000022B08D07B6880225A657B68002283F89F
:10D8C0003420012352E07B681B681A687B681B6860
:10D8D00022F016021A607B681B685A697B681B6815
:10D8E00022F080025A617B681B6C002B03D17B689D
:10D8F0009B6C002B07D07B681B681A687B681B68D1
:10D9000022F008021A607B681B681A687B681B6833
:10D9100022F001021A6013E0FFF786FA0246BB68A4
:10D92000D31A052B0CD97B6820225A657B68032209
:10D9300083F835207B68002283F83420032315E028
:10D940007B681B681B6803F00103002BE4D17B6834
:10D95000DB6D3F229A40FB689A607B68012283F866
:10D9600035207B68002283F83420002318461037C6
:10D97000BD4680BD80B483B000AF78607B6893F80B
:10D980003530DBB2022B04D07B6880225A6501233C
:10D990000CE07B68052283F835207B681B681A68D9
:10D9A0007B681B6822F001021A60002318460C37BE
:10D9B000BD465DF8047B704780B586B000AF7860E7
:10D9C0000023BB608E4B1B688E4AA2FB03239B0A7D
:10D9D0007B617B689B6D3B613B691B68FB607B687F
:10D9E000DB6D08229A40FB681340002B1AD07B683D
:10D9F0001B681B6803F00403002B13D07B681B68B3
:10DA00001A687B681B6822F004021A607B68DB6D71
:10DA100008229A403B699A607B685B6D43F0010283
:10DA20007B685A657B68DB6D01229A40FB68134076
:10DA3000002B12D07B681B685B6903F08003002B0E
:10DA40000BD07B68DB6D01229A403B699A607B6852
:10DA50005B6D43F002027B685A657B68DB6D0422D4
:10DA60009A40FB681340002B12D07B681B681B6830
:10DA700003F00203002B0BD07B68DB6D04229A407D
:10DA80003B699A607B685B6D43F004027B685A6572
:10DA90007B68DB6D10229A40FB681340002B43D05B
:10DAA0007B681B681B6803F00803002B3CD07B6875
:10DAB000DB6D10229A403B699A607B681B681B688B
:10DAC00003F48023002B18D07B681B681B6803F4C9
:10DAD0000023002B08D17B681B6C002B24D07B68B3
:10DAE0001B6C786898471FE07B689B6C002B1BD0F1
:10DAF0007B689B6C7868984716E07B681B681B689E
:10DB000003F48073002B07D17B681B681A687B685D
:10DB10001B6822F008021A607B681B6C002B03D084
:10DB20007B681B6C786898477B68DB6D20229A4085
:10DB3000FB681340002B00F08F807B681B681B681C
:10DB400003F01003002B00F087807B68DB6D202240
:10DB50009A403B699A607B6893F83530DBB2052BBD
:10DB600036D17B681B681A687B681B6822F0160236
:10DB70001A607B681B685A697B681B6822F0800208
:10DB80005A617B681B6C002B03D17B689B6C002B5C
:10DB900007D07B681B681A687B681B6822F0080244
:10DBA0001A607B68DB6D3F229A403B699A607B6814
:10DBB000012283F835207B68002283F834207B68BB
:10DBC0001B6D002B7ED07B681B6D7868984779E0D1
:10DBD0007B681B681B6803F48023002B1DD07B68C7
:10DBE0001B681B6803F40023002B0DD17B685B6C62
:10DBF000002B31D07B685B6C786898472CE000BFC5
:10DC000000000020B5814E1B7B68DB6B002B23D00E
:10DC10007B68DB6B786898471EE07B681B681B6835
:10DC200003F48073002B0FD17B681B681A687B6834
:10DC30001B6822F010021A607B68012283F83520ED
:10DC40007B68002283F834207B68DB6B002B03D0D9
:10DC50007B68DB6B786898477B685B6D002B32D004
:10DC60007B685B6D03F00103002B22D07B680522EB
:10DC700083F835207B681B681A687B681B6822F074
:10DC800001021A60BB680133BB607A699A4207D30C
:10DC90007B681B681B6803F00103002BF2D100E0D6
:10DCA00000BF7B68012283F835207B68002283F85F
:10DCB00034207B68DB6C002B05D07B68DB6C7868DC
:10DCC000984700E000BF1837BD4680BD80B483B0E0
:10DCD00000AF78607B6893F83530DBB218460C37BC
:10DCE000BD465DF8047B704780B485B000AF7860B6
:10DCF0007B681B68DBB2103B144AA2FB03231B09A1
:10DD0000FB60134AFB6813441B781A467B68DA658C
:10DD1000FB68032B09D97B681B6823F47F7323F00E
:10DD200003031A1D7B689A6507E07B681B6823F470
:10DD30007F7323F003037A6893657B689B6D1846B5
:10DD40001437BD465DF8047B704700BFABAAAAAA92
:10DD5000B8B6010880B485B000AF78600023FB73CB
:10DD60007B689B6ABB607B689B69002B1FD1BB688B
:10DD7000032B56D801A252F823F000BF8DDD000816
:10DD80009FDD00088DDD000823DE00087B68DB6A6C
:10DD900003F08073002B46D00123FB7343E07B68C4
:10DDA000DB6AB3F1C07F40D10123FB733DE07B68A8
:10DDB0009B69B3F5005F21D1BB68032B37D801A263
:10DDC00052F823F0D5DD0008DBDD0008D5DD0008C2
:10DDD000EDDD00080123FB7330E07B68DB6A03F0B4
:10DDE0008073002B25D00123FB7322E07B68DB6A64
:10DDF000B3F1C07F1FD10123FB731CE0BB68022B72
:10DE000003D9BB68032B03D018E00123FB7315E093
:10DE10007B68DB6A03F08073002B0ED00123FB7359
:10DE20000BE000BF0AE000BF08E000BF06E000BF53
:10DE300004E000BF02E000BF00E000BFFB7B18462B
:10DE40001437BD465DF8047B704700BF80B489B0CD
:10DE500000AF7860396000237B6100233B610023C1
:10DE6000BB610023FB616BE10122FB6902FA03F352
:10DE70007B613B681B687A6913403B613A697B6947
:10DE80009A4240F05A813B685B6803F00303012B20
:10DE900005D03B685B6803F00303022B30D17B683D
:10DEA0009B68BB61FB695B00032202FA03F3DB435F
:10DEB000BA691340BB613B68DA68FB695B0002FA30
:10DEC00003F3BA691343BB617B68BA699A607B68E4
:10DED0005B68BB610122FB6902FA03F3DB43BA69A9
:10DEE0001340BB613B685B681B0903F00102FB69DF
:10DEF00002FA03F3BA691343BB617B68BA695A60DB
:10DF00003B685B6803F00303032B17D07B68DB6877
:10DF1000BB61FB695B00032202FA03F3DB43BA69CE
:10DF20001340BB613B689A68FB695B0002FA03F32C
:10DF3000BA691343BB617B68BA69DA603B685B68A6
:10DF400003F00303022B23D1FB69DA087B68083254
:10DF500053F82230BB61FB6903F007039B000F22DB
:10DF600002FA03F3DB43BA691340BB613B681A69E9
:10DF7000FB6903F007039B0002FA03F3BA6913433A
:10DF8000BB61FB69DA087B680832B96943F8221083
:10DF90007B681B68BB61FB695B00032202FA03F329
:10DFA000DB43BA691340BB613B685B6803F0030263
:10DFB000FB695B0002FA03F3BA691343BB617B6838
:10DFC000BA691A603B685B6803F44033002B00F0C9
:10DFD000B4800023FB60604B5B6C5F4A43F480437A
:10DFE00053645D4B5B6C03F48043FB60FB685B4AEE
:10DFF000FB699B08023352F82330BB61FB6903F0D5
:10E0000003039B000F2202FA03F3DB43BA691340B8
:10E01000BB617B68524A93422BD07B68514A934242
:10E0200025D07B68504A93421FD07B684F4A934269
:10E0300019D07B684E4A934213D07B684D4A934275
:10E040000DD07B684C4A934207D07B684B4A934281
:10E0500001D107230EE008230CE006230AE0052384
:10E0600008E0042306E0032304E0022302E0012386
:10E0700000E00023FA6902F0030292009340BA69BB
:10E080001343BB613549FB699B080233BA6941F808
:10E0900023203B4B9B68BB613B69DB43BA69134060
:10E0A000BB613B685B6803F48013002B03D0BA6943
:10E0B0003B691343BB61324ABB699360304BDB68F9
:10E0C000BB613B69DB43BA691340BB613B685B687A
:10E0D00003F40013002B03D0BA693B691343BB61FF
:10E0E000274ABB69D360264B5B68BB613B69DB4356
:10E0F000BA691340BB613B685B6803F40033002BD3
:10E1000003D0BA693B691343BB611D4ABB695360C5
:10E110001B4B1B68BB613B69DB43BA691340BB61A6
:10E120003B685B6803F48033002B03D0BA693B691A
:10E130001343BB61124ABB691360FB690133FB6186
:10E14000FB690F2B7FF690AE00BF00BF2437BD46A2
:10E150005DF8047B704700BF003802400038014082
:10E16000000002400004024000080240000C02408F
:10E17000001002400014024000180240001C02403F
:10E18000003C014080B485B000AF78600B467B80D6
:10E190007B681A697B881340002B02D00123FB7334
:10E1A00001E00023FB73FB7B18461437BD465DF886
:10E1B000047B704780B483B000AF78600B467B80EF
:10E1C00013467B707B78002B03D07A887B689A613A
:10E1D00003E07B881A047B689A6100BF0C37BD4658
:10E1E0005DF8047B704780B485B000AF78600B4663
:10E1F0007B807B685B69FB607A88FB6813401A044C
:10E20000FB68D9437B880B401A437B689A6100BF47
:10E210001437BD465DF8047B7047000080B584B0BC
:10E2200000AF78607B68002B01D101232BE17B6874
:10E2300093F83D30DBB2002B06D17B68002283F8D7
:10E240003C207868FEF7DAF87B68242283F83D20CA
:10E250007B681B681A687B681B6822F001021A60E1
:10E260007B681B681A687B681B6842F400421A606E
:10E270007B681B681A687B681B6822F400421A607E
:10E2800002F05CFAF8607B685B68814A934207D8C9
:10E29000FB68804A934294BF01230023DBB206E06F
:10E2A000FB687D4A934294BF01230023DBB2002B1D
:10E2B00001D00123E7E0FB68784AA2FB03239B0C13
:10E2C000BB607B681B685B6823F03F017B681B6851
:10E2D000BA680A435A607B681B681B6A23F03F01D7
:10E2E0007B685B686A4A934202D8BB68013309E0E5
:10E2F000BB684FF4967202FB03F3694AA2FB032347
:10E300009B0901337A6812680B4313627B681B68B0
:10E31000DB6923F44F4222F0FF027B685B685C49B3
:10E320008B4219D8FB68591E7B685B685B00B1FBA8
:10E33000F3F3591C40F6FC730B40002B0AD0FB682A
:10E34000591E7B685B685B00B1FBF3F30133C3F3D9
:10E350000B0351E004234FE07B689B68002B11D135
:10E36000FB68581E7B6859680B465B000B44B0FB8A
:10E37000F3F30133C3F30B03002B0CBF0123002382
:10E38000DBB212E0FB68581E7B6859680B469B00A5
:10E390000B4499000B44B0FBF3F30133C3F30B03BD
:10E3A000002B0CBF01230023DBB2002B01D0012383
:10E3B00022E07B689B68002B0ED1FB68581E7B68AF
:10E3C00059680B465B000B44B0FBF3F30133C3F316
:10E3D0000B0343F400430FE0FB68581E7B68596849
:10E3E0000B469B000B4499000B44B0FBF3F3013345
:10E3F000C3F30B0343F44043796809681343CB61CB
:10E400007B681B681B6823F0C0017B68DA697B6846
:10E410001B6A1A437B681B680A431A607B681B6887
:10E420009B6823F4034323F0FF037A6811697A6839
:10E43000D26811437A6812680B4393607B681B684B
:10E44000DB6823F0FF017B685A697B689B691A438C
:10E450007B681B680A43DA607B681B681A687B6804
:10E460001B6842F001021A607B6800221A647B6814
:10E47000202283F83D207B6800221A637B680022FB
:10E4800083F83E20002318461037BD4680BD00BFEC
:10E49000A08601007F841E00FF083D0083DE1B4331
:10E4A000D34D621080B588B000AF78600023BB61A7
:10E4B0007B681B685B687B617B68DB6A3B617B68B0
:10E4C00093F83E30FB737B6893F83D30BB73FB7B66
:10E4D000102B03D0FB7B402B40F0C1807B681B6876
:10E4E0009B69BB617B681B685B69FB61FB6903F02F
:10E4F0000103002B0DD13B69B3F52A0F03D03B6913
:10E50000B3F12A4F01D1012300E00023012B00F0D9
:10E510003281FB6903F00103002B0CD07B695B0A9D
:10E5200003F00103002B06D0786801F07BFC7868CB
:10E5300000F083FD92E0FB69DB0803F00103002B90
:10E5400009D07B695B0A03F00103002B03D07868D4
:10E5500000F0F9FD82E0FB695B0803F00103002B8A
:10E5600009D07B695B0A03F00103002B03D07868B4
:10E5700000F013FE72E0BB699B0803F00103002B5F
:10E580003BD07B681B685B6803F40063B3F5006FE6
:10E5900000F0F380FB69DB0903F00103002B0FD0CF
:10E5A0007B699B0A03F00103002B09D0FB699B08E0
:10E5B00003F00103002B03D1786800F0F3F94DE07C
:10E5C000FB699B0803F00103002B00F0D6807B69F8
:10E5D0005B0A03F00103002B00F0CF80BB7B212BF3
:10E5E00003D1786800F07AFAC7E0FB7B402B40F05B
:10E5F000C480786800F0E8FABFE07B681B685B685D
:10E6000003F40063B3F5006F00F0B780FB699B096A
:10E6100003F00103002B0FD07B699B0A03F0010379
:10E62000002B09D0FB699B0803F00103002B03D1E9
:10E63000786800F05DFB11E0FB699B0803F00103C3
:10E64000002B00F09A807B695B0A03F00103002B2A
:10E6500000F09380786800F006FC8EE08DE07B6827
:10E660001B6C002B04D07B681B685B69FB6107E0B7
:10E670007B681B689B69BB617B681B685B69FB618E
:10E68000FB695B0803F00103002B12D07B695B0A76
:10E6900003F00103002B0CD07B681B6C002B03D014
:10E6A0007B681B689B69BB61B969786800F0C4FF2F
:10E6B00066E0FB691B0903F00103002B09D07B69AD
:10E6C0005B0A03F00103002B03D0786800F0FEFF23
:10E6D00056E0BB7B212B02D0BB7B292B25D1FB69CC
:10E6E000DB0903F00103002B0FD07B699B0A03F0C9
:10E6F0000103002B09D0FB699B0803F00103002BE9
:10E7000003D1786800F0DAFE39E0FB699B0803F07A
:10E710000103002B33D07B695B0A03F00103002B5C
:10E720002DD0786800F007FF29E0FB699B0903F012
:10E730000103002B0FD07B699B0A03F00103002B20
:10E7400009D0FB699B0803F00103002B03D1786813
:10E7500000F012FF14E0FB699B0803F00103002B9B
:10E760000ED07B695B0A03F00103002B08D07868A8
:10E7700000F040FF04E000BF02E000BF00E000BF87
:10E780002037BD4680BD80B58AB000AF78607B6819
:10E790001B685B693B627B681B685B68FB610023ED
:10E7A0007B627B6893F83E30FB763B6A1B0A03F082
:10E7B0000103002B0ED0FB691B0A03F00103002BA1
:10E7C00008D07B6A43F001037B627B681B686FF4AF
:10E7D00080725A613B6A5B0A03F00103002B0ED082
:10E7E000FB691B0A03F00103002B08D07B6A43F08E
:10E7F00002037B627B681B686FF400725A613B6A9C
:10E800009B0A03F00103002B3FD0FB691B0A03F0B6
:10E810000103002B39D0FB7EBB767B685B8D9BB2FE
:10E820007B617B6893F83D30FB747B681B6BFB60FE
:10E83000BB7E202B12D17B69002B0FD1FB7C212BBF
:10E8400008D0FB7C292B05D0FB7C282B06D1FB684C
:10E85000212B03D1786801F069F816E07B681B680A
:10E860006FF480625A617B6A43F004037B62FB7E33
:10E87000102B02D0FB7E402B07D17B681B681A68E7
:10E880007B681B6842F400721A603B6ADB0A03F083
:10E890000103002B0ED0FB691B0A03F00103002BC0
:10E8A00008D07B6A43F008037B627B681B686FF4C7
:10E8B00000625A617B6A002B08D07B681A6C7B6A05
:10E8C0001A437B681A64786801F0A0F800BF283703
:10E8D000BD4680BD80B483B000AF786000BF0C3708
:10E8E000BD465DF8047B704780B483B000AF7860AC
:10E8F00000BF0C37BD465DF8047B704780B483B021
:10E9000000AF786000BF0C37BD465DF8047B7047F0
:10E9100080B483B000AF786000BF0C37BD465DF8AF
:10E92000047B704780B483B000AF78600B46FB7007
:10E9300013463B8000BF0C37BD465DF8047B704733
:10E9400080B483B000AF786000BF0C37BD465DF87F
:10E95000047B704780B483B000AF786000BF0C3791
:10E96000BD465DF8047B704780B483B000AF78602B
:10E9700000BF0C37BD465DF8047B704780B483B0A0
:10E9800000AF786000BF0C37BD465DF8047B704770
:10E9900080B483B000AF786000BF0C37BD465DF82F
:10E9A000047B704780B584B000AF78607B6893F8D3
:10E9B0003D30FB737B6893F83E30BB737B68DB6A4A
:10E9C000BB607B681B8D002B50D1FB7B212B4DD175
:10E9D000BB68082B1DD0BB68202B1AD0BB6813F571
:10E9E000803F16D07B681B685A687B681B6822F4DE
:10E9F000E0625A607B6811221A637B68002283F808
:10EA00003E207B68202283F83D207868FFF762FF74
:10EA100060E07B681B685A687B681B6822F4E062D0
:10EA20005A607B681B681A687B681B6842F4007236
:10EA30001A607B6800221A637B68202283F83D20DD
:10EA40007B6893F83E30DBB2402B07D17B68002215
:10EA500083F83E207868FFF77DFF3BE07B6800226B
:10EA600083F83E207868FFF735FF33E0FB7B212BEE
:10EA700005D0BB7B402B2DD1FB7B222B2AD17B6881
:10EA80005B8D9BB2002B08D17B681B685A687B6842
:10EA90001B6822F480625A601CE07B6893F83E3069
:10EAA000DBB2402B03D1786800F08EF812E07B686F
:10EAB0005B6A1A787B681B681A617B685B6A5A1C00
:10EAC0007B685A627B685B8D9BB2013B9AB27B6824
:10EAD0005A85FFE700BF1037BD4680BD80B584B0C2
:10EAE00000AF78607B68DB6AFB607B6893F83D3041
:10EAF000DBB2212B64D17B685B8D9BB2002B12D0E3
:10EB00007B685B6A1A787B681B681A617B685B6A42
:10EB10005A1C7B685A627B685B8D9BB2013B9AB240
:10EB20007B685A854CE0FB68082B1DD0FB68202BC6
:10EB30001AD0FB6813F5803F16D07B681B685A68B3
:10EB40007B681B6822F4E0625A607B6811221A63BA
:10EB50007B68002283F83E207B68202283F83D20DA
:10EB60007868FFF7B7FE2BE07B681B685A687B6804
:10EB70001B6822F4E0625A607B681B681A687B6835
:10EB80001B6842F400721A607B6800221A637B687B
:10EB9000202283F83D207B6893F83E30DBB2402B87
:10EBA00007D17B68002283F83E207868FFF7D2FE09
:10EBB00006E07B68002283F83E207868FFF78AFE33
:10EBC00000BF1037BD4680BD80B584B000AF78600F
:10EBD0007B6893F83D30FB737B681B6D002B1DD168
:10EBE0007B68DB6C012B0BD17B689B6CDAB27B689A
:10EBF0001B681A617B681B6D9A1C7B681A6573E041
:10EC00007B689B6C9BB21B12DAB27B681B681A6133
:10EC10007B681B6D5A1C7B681A6565E07B681B6D01
:10EC2000012B0BD17B689B6CDAB27B681B681A6185
:10EC30007B681B6D5A1C7B681A6555E07B681B6DF1
:10EC4000022B51D1FB7B222B0DD17B681B681A68EC
:10EC50007B681B6842F480721A607B681B6D5A1CCB
:10EC60007B681A6540E07B685B8D9BB2002B15D0FA
:10EC7000FB7B212B12D17B685B6A1A787B681B684F
:10EC80001A617B685B6A5A1C7B685A627B685B8D81
:10EC90009BB2013B9AB27B685A8525E07B685B8D0D
:10ECA0009BB2002B20D1FB7B212B1DD17B681B68E5
:10ECB0005A687B681B6822F4E0625A607B681B68B4
:10ECC0001A687B681B6842F400721A607B68002235
:10ECD0001A637B68202283F83D207B68002283F83A
:10ECE0003E207868FFF736FE00BF1037BD4680BD76
:10ECF00080B584B000AF78607B6893F83D30DBB2BC
:10ED0000222B40F0AC807B685B8D9BB2FB60FB6884
:10ED1000032B21D97B681B681A697B685B6AD2B2B6
:10ED20001A707B685B6A5A1C7B685A627B685B8DD1
:10ED30009BB2013B9AB27B685A857B685B8D9BB224
:10ED4000032B40F08C807B681B685A687B681B68CB
:10ED500022F480625A6082E07B68DB6A022B75D005
:10ED6000FB68012B02D0FB68002B6FD1786801F0A3
:10ED700027F80346002B42D17B681B681A687B6822
:10ED80001B6822F480621A607B681B685A687B6883
:10ED90001B6822F4E0625A607B681B681A697B6812
:10EDA0005B6AD2B21A707B685B6A5A1C7B685A62D3
:10EDB0007B685B8D9BB2013B9AB27B685A857B680E
:10EDC000202283F83D207B6893F83E30DBB2402B55
:10EDD0000AD17B68002283F83E207B6800221A63F8
:10EDE0007868FFF7C1FD3AE07B68002283F83E2097
:10EDF0007B6812221A637868FFF776FD2FE07B6844
:10EE00001B685A687B681B6822F4E0625A607B6862
:10EE10001B681A697B685B6AD2B21A707B685B6A8E
:10EE20005A1C7B685A627B685B8D9BB2013B9AB22D
:10EE30007B685A857B68202283F83D207B6800220E
:10EE400083F83E207868FFF799FD08E07B681B682F
:10EE50005A687B681B6822F480625A60FFE700BF33
:10EE60001037BD4680BD80B584B000AF78607B6848
:10EE7000DB6AFB607B685B8D9BB2042B1BD17B68DC
:10EE80001B685A687B681B6822F480625A607B6842
:10EE90001B681A697B685B6AD2B21A707B685B6A0E
:10EEA0005A1C7B685A627B685B8D9BB2013B9AB2AD
:10EEB0007B685A85BDE07B685B8D9BB2032B29D1B3
:10EEC0007B681B685A687B681B6822F480625A6002
:10EED000FB68042B0AD0FB68022B07D07B681B68F9
:10EEE0001A687B681B6822F480621A607B681B6862
:10EEF0001A697B685B6AD2B21A707B685B6A5A1CBB
:10EF00007B685A627B685B8D9BB2013B9AB27B68DF
:10EF10005A858EE07B685B8D9BB2022B76D1FB68B5
:10EF2000012B02D0FB68102B08D17B681B681A6884
:10EF30007B681B6822F480621A6019E0FB68042B6E
:10EF400002D0FB68022B08D17B681B681A687B68BB
:10EF50001B6842F480621A600AE0FB68102B07D03D
:10EF60007B681B681A687B681B6842F400721A6031
:10EF70007B681B681A697B685B6AD2B21A707B680F
:10EF80005B6A5A1C7B685A627B685B8D9BB2013B53
:10EF90009AB27B685A857B681B681A697B685B6AD2
:10EFA000D2B21A707B685B6A5A1C7B685A627B68B3
:10EFB0005B8D9BB2013B9AB27B685A857B681B686C
:10EFC0005A687B681B6822F440725A607B68202272
:10EFD00083F83D207B6893F83E30DBB2402B0AD1AA
:10EFE0007B68002283F83E207B6800221A637868E1
:10EFF000FFF7BAFC1DE07B68002283F83E207B68A7
:10F0000012221A637868FFF76FFC12E07B681B68B6
:10F010001A697B685B6AD2B21A707B685B6A5A1C99
:10F020007B685A627B685B8D9BB2013B9AB27B68BE
:10F030005A8500BF1037BD4680BD80B483B000AF95
:10F0400078607B6893F83E30DBB2402B17D17B6849
:10F050001B6D002B09D17B685B6CDBB21A467B68A9
:10F060001B6802F0FE021A6167E07B685B6CDBB232
:10F0700043F00103DAB27B681B681A615DE07B68CC
:10F080001B69B3F5804F33D17B6893F83D30DBB219
:10F09000212B09D17B685B6CDBB21A467B681B684D
:10F0A00002F0FE021A6108E07B685B6CDBB243F0A1
:10F0B0000103DAB27B681B681A617B685B6B002B0B
:10F0C00004D07B685B6BDB6B002B08D17B689B6B90
:10F0D000002B32D07B689B6BDB6B002B2DD07B68C9
:10F0E0001B685A687B681B6842F400625A6024E01F
:10F0F0007B681B6D002B0ED17B685B6C9BB2DB11B8
:10F10000DBB203F00603DBB263F00F03DAB27B6815
:10F110001B681A6111E07B681B6D012B0DD17B68A8
:10F120005B6C9BB2DB11DBB203F00603DBB263F076
:10F130000E03DAB27B681B681A6100BF0C37BD464C
:10F140005DF8047B704780B483B000AF78607B6863
:10F150005B6CDAB27B681B681A617B685B6B002BA7
:10F1600004D07B685B6BDB6B002B08D17B689B6BEF
:10F17000002B0CD07B689B6BDB6B002B07D07B6874
:10F180001B685A687B681B6842F400625A6000BFC3
:10F190000C37BD465DF8047B704780B491B000AF7A
:10F1A00078607B6893F83E3087F83F307B68DB6A95
:10F1B000BB637B681B6B7B637B6893F83D30DBB282
:10F1C000222B40F069817B681B6D002B0FD197F8D3
:10F1D0003F30402B0BD100233B637B681B685B698E
:10F1E0003B637B681B689B693B633B6B60E17B68AF
:10F1F0001B6D002B1DD17B681B69B3F5404F18D1E7
:10F200000023FB627B681B685B69FB627B681B6891
:10F210009B69FB62FB6A7B681B681A687B681B68DA
:10F2200042F480721A607B681B6D5A1C7B681A65F9
:10F230003EE17B685B8D9BB2002B13D10023BB6248
:10F240007B681B685B69BB627B681B689B69BB62F0
:10F25000BB6A7B681B681A687B681B6842F4007293
:10F260001A6015E17B685B8D9BB2012B40F08A80B0
:10F27000BB6B13F5803F37D17B681B681A687B68CE
:10F280001B6822F480621A607B681B685B6803F469
:10F290000063B3F5006F13D17B681B681A687B6845
:10F2A0001B6822F480621A6000237B627B681B6803
:10F2B0005B697B627B681B689B697B627B6AE7E0BA
:10F2C00000233B627B681B685B693B627B681B6851
:10F2D0009B693B623B6A7B681B681A687B681B689A
:10F2E00042F400721A60D3E0BB6B082B2ED0BB6BCC
:10F2F000202B2BD07B6B122B02D1BB6B012B25D18A
:10F30000BB6B042B0ED0BB6B022B0BD0BB6B102B3B
:10F3100008D07B681B681A687B681B6822F48062CF
:10F320001A6007E07B681B681A687B681B6842F4F8
:10F3300080621A600023FB617B681B685B69FB616C
:10F340007B681B689B69FB61FB69A1E07B681B68AC
:10F350001A687B681B6822F480621A600023BB6114
:10F360007B681B685B69BB617B681B689B69BB61D1
:10F37000BB697B681B681A687B681B6842F4007273
:10F380001A6085E07B685B8D9BB2022B4DD1BB6B15
:10F39000042B16D0BB6B022B13D0BB6B102B10D0E1
:10F3A0007B681B681A687B681B6822F480621A609D
:10F3B0007B681B681A687B681B6842F400621A60ED
:10F3C00007E07B681B681A687B681B6842F48062F0
:10F3D0001A607B681B685B6803F40063B3F5006F19
:10F3E00017D1BB6B13F5803F0BD0BB6B012B08D043
:10F3F000BB6B082B05D0BB6B102B02D0BB6B202B3B
:10F4000007D17B681B685A687B681B6842F480528E
:10F410005A6000237B617B681B685B697B617B684A
:10F420001B689B697B617B6932E07B681B681A689B
:10F430007B681B6842F480621A607B681B685B68AB
:10F4400003F40063B3F5006F17D1BB6B13F5803F76
:10F450000BD0BB6B012B08D0BB6B082B05D0BB6B53
:10F46000102B02D0BB6B202B07D17B681B685A681E
:10F470007B681B6842F480525A6000233B617B68C2
:10F480001B685B693B617B681B689B693B613B69EF
:10F490007B6800221A650BE00023FB607B681B6819
:10F4A0005B69FB607B681B689B69FB60FB68FFE72F
:10F4B00000BF4437BD465DF8047B704780B584B01B
:10F4C00000AF78607B6893F83D30FB737B685B8DA1
:10F4D0009BB2002B2BD07B685B6A1A787B681B6819
:10F4E0001A617B685B6A5A1C7B685A627B685B8D19
:10F4F0009BB2013B9AB27B685A857B685B8D9BB25D
:10F50000002B14D1FB7B292B11D17B681B685A6817
:10F510007B681B6822F480625A607B6821221A6330
:10F520007B68282283F83D207868FFF7E7F900BF61
:10F530001037BD4680BD80B483B000AF78607B6873
:10F540005B8D9BB2002B11D07B685B6A1A787B685D
:10F550001B681A617B685B6A5A1C7B685A627B680D
:10F560005B8D9BB2013B9AB27B685A8500BF0C371A
:10F57000BD465DF8047B704780B584B000AF78600D
:10F580007B6893F83D30FB737B685B8D9BB2002BEF
:10F590002CD07B681B681A697B685B6AD2B21A70D0
:10F5A0007B685B6A5A1C7B685A627B685B8D9BB286
:10F5B000013B9AB27B685A857B685B8D9BB2002BBE
:10F5C00014D1FB7B2A2B11D17B681B685A687B689E
:10F5D0001B6822F480625A607B6822221A637B686F
:10F5E000282283F83D207868FFF792F900BF103792
:10F5F000BD4680BD80B483B000AF78607B685B8D12
:10F600009BB2002B12D07B681B681A697B685B6A0F
:10F61000D2B21A707B685B6A5A1C7B685A627B683C
:10F620005B8D9BB2013B9AB27B685A8500BF0C3759
:10F63000BD465DF8047B704780B584B000AF78604C
:10F6400039600023FB737B6893F83D30DBB203F035
:10F650002803282B27D17B681B685A687B681B68A6
:10F6600022F480625A603B689B0803F00103002B80
:10F6700001D10123FB733B68DB0903F00103002B7D
:10F6800003D17B68DB68BB8102E07B689B69BB813F
:10F690007B68002283F83C20BA89FB7B1946786896
:10F6A000FFF740F90EE00023BB607B681B685B69D5
:10F6B000BB607B681B689B69BB60BB687B68002282
:10F6C00083F83C2000BF1037BD4680BD80B584B0B4
:10F6D00000AF78607B6893F83D30FB737B681B68F4
:10F6E0005A687B681B6822F4E0625A600023BB60A2
:10F6F0007B681B685B69BB607B681B681A687B68FA
:10F700001B6842F001021A60BB687B681B681A68BC
:10F710007B681B6822F480621A607B681B685B68E8
:10F7200003F40063B3F5006F72D1FB7B222B02D090
:10F73000FB7B2A2B35D17B689B6B1B685B689AB27D
:10F740007B685A857B685B8D9BB2002B05D07B68FC
:10F750001B6C43F004027B681A647B681B685A6860
:10F760007B681B6822F400625A607B689B6B1846BA
:10F77000FEF7ACFA0346012B49D07B689B6B694AC4
:10F780001A657B689B6B1846FEF7F4F80346002B5E
:10F790003DD07B689B6B1B6D7A68926B10469847D7
:10F7A00035E07B685B6B1B685B689AB27B685A8547
:10F7B0007B685B8D9BB2002B05D07B681B6C43F094
:10F7C00004027B681A647B681B685A687B681B6844
:10F7D00022F400625A607B685B6B1846FEF776FA8B
:10F7E0000346012B14D07B685B6B4E4A1A657B681D
:10F7F0005B6B1846FEF7BEF80346002B08D07B680B
:10F800005B6B1B6D7A68526B1046984700E000BF37
:10F810007B685B8D9BB2002B3ED07B681B685B696D
:10F8200003F00403042B12D17B681B681A697B6800
:10F830005B6AD2B21A707B685B6A5A1C7B685A6238
:10F840007B685B8D9BB2013B9AB27B685A857B6873
:10F850001B685B6903F04003402B12D17B681B6877
:10F860001A697B685B6AD2B21A707B685B6A5A1C41
:10F870007B685A627B685B8D9BB2013B9AB27B6866
:10F880005A857B685B8D9BB2002B05D07B681B6C17
:10F8900043F004027B681A647B681B6C002B03D066
:10F8A000786800F0B3F839E0FB7B2A2B09D17B683C
:10F8B00000221A637B68282283F83D207868FFF7CE
:10F8C00027F87B6893F83D30DBB2282B11D17B6899
:10F8D000154ADA627B6800221A637B68202283F86B
:10F8E0003D207B68002283F83E207868FFF728F8E7
:10F8F00014E07B681B6B222B02D0FB7B222B0DD1EB
:10F900007B6800221A637B68202283F83D207B6895
:10F91000002283F83E207868FEF7FAFF00BF103718
:10F92000BD4680BD71FC00080000FFFF80B584B0BB
:10F9300000AF78607B6893F83D30FB737B68DB6ACF
:10F94000BB60BB68082B02D0BB68202B29D1FB7B96
:10F95000282B26D17B682C4ADA627B681B685A68A0
:10F960007B681B6822F4E0625A607B681B686FF456
:10F9700080625A617B681B681A687B681B6822F486
:10F9800080621A607B6800221A637B68202283F8F9
:10F990003D207B68002283F83E207868FEF7D0FF88
:10F9A0002EE0FB7B212B26D17B68174ADA627B682D
:10F9B00021221A637B68202283F83D207B68002285
:10F9C00083F83E207B681B685A687B681B6822F4BA
:10F9D000E0625A607B681B686FF480625A617B68E2
:10F9E0001B681A687B681B6822F480621A6078685A
:10F9F000FEF784FF04E07B681B686FF480625A6145
:10FA000000BF1037BD4680BD0000FFFF80B584B049
:10FA100000AF78607B6893F83D30FB737B6893F8A8
:10FA20003E30BB73BB7B102B02D0BB7B402B0AD17B
:10FA3000FB7B222B07D17B681B681A687B681B68DD
:10FA400022F400621A60FB7B03F02803282B07D105
:10FA50007B6800221A637B68282283F83D2015E02A
:10FA60007B681B685B6803F40063B3F5006F0AD022
:10FA7000FB7B602B07D07B68202283F83D207B68CE
:10FA8000002283F83E207B6800221A637B681B6893
:10FA90005B6803F40063B3F5006F62D17B681B6899
:10FAA0005A687B681B6822F400625A607B685B6B53
:10FAB00093F83530DBB2012B20D07B685B6B6A4A50
:10FAC0001A657B685B6B1846FDF754FF0346002BF5
:10FAD00000F089807B681B681A687B681B6822F0CD
:10FAE00001021A607B68202283F83D207B685B6BF3
:10FAF0001B6D7A68526B1046984774E07B689B6B6D
:10FB0000594A1A657B689B6B1846FDF733FF03461D
:10FB1000002B68D07B681B685B6903F04003402BB7
:10FB20000BD17B681B681A697B685B6AD2B21A705A
:10FB30007B685B6A5A1C7B685A627B681B681A6820
:10FB40007B681B6822F001021A607B68202283F820
:10FB50003D207B689B6B1B6D7A68926B10469847C3
:10FB600041E07B6893F83D30DBB2602B25D17B68A8
:10FB7000202283F83D207B6800221A647B681B6882
:10FB80005B6903F04003402B0BD17B681B681A694B
:10FB90007B685B6AD2B21A707B685B6A5A1C7B68AE
:10FBA0005A627B681B681A687B681B6822F0010236
:10FBB0001A607868FEF7ECFE15E07B681B685B69ED
:10FBC00003F04003402B0BD17B681B681A697B68EC
:10FBD0005B6AD2B21A707B685B6A5A1C7B685A6295
:10FBE0007868FEF7CBFE7B681B6CBB60BB6803F0DC
:10FBF0000103002B0ED1BB6803F00203002B09D1D7
:10FC0000BB6803F00403002B04D1BB6803F00803B6
:10FC1000002B07D07B681B685A687B681B6822F43E
:10FC2000E0625A607B6893F83D30FB737B681B6C25
:10FC300003F00403042B13D1FB7B282B10D17B682A
:10FC40000A4ADA627B6800221A637B68202283F802
:10FC50003D207B68002283F83E207868FEF770FE26
:10FC600000BF1037BD4680BD71FC00080000FFFFDB
:10FC700080B586B000AF78600023FB607B689B6B2B
:10FC80007B617B6993F83D30FB744B4B1B68DB0851
:10FC90004A4AA2FB03231A0A13469B001344DA00C4
:10FCA000D31AFB60FB68002B06D17B691B6C43F009
:10FCB00020027B691A640AE0FB68013BFB607B69F8
:10FCC0001B681B6803F40073B3F5007FEAD07B69FF
:10FCD0005B6B002B03D07B695B6B0022DA637B6973
:10FCE0009B6B002B03D07B699B6B0022DA637B69E3
:10FCF0001B681A687B691B6822F480621A607B6942
:10FD000000225A857B695B6B002B03D07B695B6BA0
:10FD100000221A657B699B6B002B03D07B699B6B70
:10FD200000221A657B691B681A687B691B6822F0D0
:10FD300001021A607B6993F83D30DBB2602B0ED173
:10FD40007B69202283F83D207B69002283F83E20D6
:10FD50007B6900221A647869FEF71AFE27E0FB7CB3
:10FD600003F02803282B17D17B691B681A687B696D
:10FD70001B6842F001021A607B691B681A687B6984
:10FD80001B6842F480621A607B6900221A637B69F7
:10FD9000282283F83D2007E07B69202283F83D205C
:10FDA0007B69002283F83E207869FEF7E7FD00BFFB
:10FDB0001837BD4680BD00BF0000002089B5F8148B
:10FDC00080B485B000AF78600023FB60134B1B68E4
:10FDD000DB08134AA2FB03231A0A13469B001344B1
:10FDE000FB60FB68013BFB60FB68002B07D17B6875
:10FDF0001B6C43F020027B681A64012308E07B68D7
:10FE00001B681B6803F40073B3F5007FE9D000237F
:10FE100018461437BD465DF8047B7047000000208B
:10FE200089B5F81480B483B000AF78607B68DB6A72
:10FE3000B3F52A0F03D17B680122DA6207E07B6801
:10FE4000DB6AB3F12A4F02D17B680822DA6200BF75
:10FE50000C37BD465DF8047B7047000080B586B066
:10FE600000AF78607B68002B01D1012367E27B68DB
:10FE70001B6803F00103002B75D0884B9B6803F0CF
:10FE80000C03042B0CD0854B9B6803F00C03082B50
:10FE900012D1824B5B6803F48003B3F5800F0BD162
:10FEA0007E4B1B6803F40033002B5BD07B685B68E0
:10FEB000002B57D1012342E27B685B68B3F5803F9A
:10FEC00006D1764B1B68754A43F4803313601DE0FE
:10FED0007B685B68B3F5A02F0CD1704B1B686F4A31
:10FEE00043F4802313606D4B1B686C4A43F48033EA
:10FEF00013600BE0694B1B68684A23F4803313607E
:10FF0000664B1B68654A23F4802313607B685B683B
:10FF1000002B13D0FCF788FF386108E0FCF784FF62
:10FF200002463B69D31A642B01D9032307E25B4BDA
:10FF30001B6803F40033002BF0D014E0FCF774FFCF
:10FF4000386108E0FCF770FF02463B69D31A642B66
:10FF500001D90323F3E1514B1B6803F40033002B59
:10FF6000F0D100E000BF7B681B6803F00203002BA8
:10FF700063D04A4B9B6803F00C03002B0BD0474B1C
:10FF80009B6803F00C03082B1CD1444B5B6803F403
:10FF90008003002B16D1414B1B6803F00203002B9A
:10FFA00005D07B68DB68012B01D00123C7E13B4B07
:10FFB0001B6823F0F8027B681B69DB003749134399
:10FFC0000B603AE07B68DB68002B20D0344B0122C9
:10FFD0001A60FCF729FF386108E0FCF725FF0246AC
:10FFE0003B69D31A022B01D90323A8E12B4B1B68D1
:10FFF00003F00203002BF0D0284B1B6823F0F8021B
:020000040801F1
:100000007B681B69DB00254913430B6015E0244B1B
:1000100000221A60FCF708FF386108E0FCF704FFD3
:1000200002463B69D31A022B01D9032387E11B4BFC
:100030001B6803F00203002BF0D17B681B6803F000
:100040000803002B36D07B685B69002B16D0154B5C
:1000500001221A60FCF7E8FE386108E0FCF7E4FED4
:1000600002463B69D31A022B01D9032367E10B4BEC
:100070005B6F03F00203002BF0D01BE0094B002262
:100080001A60FCF7D1FE38610EE0FCF7CDFE0246A7
:100090003B69D31A022B07D9032350E100380240F1
:1000A00000004742800E4742884B5B6F03F002031B
:1000B000002BEAD17B681B6803F00403002B00F0DF
:1000C00097800023FB75814B1B6C03F08053002B42
:1000D0000FD10023BB607D4B1B6C7C4A43F08053E7
:1000E00013647A4B1B6C03F08053BB60BB68012325
:1000F000FB75774B1B6803F48073002B18D1744B8E
:100100001B68734A43F480731360FCF78DFE3861FB
:1001100008E0FCF789FE02463B69D31A022B01D99D
:1001200003230CE16A4B1B6803F48073002BF0D0AF
:100130007B689B68012B06D1644B1B6F634A43F0BD
:10014000010313671CE07B689B68052B0CD15F4B98
:100150001B6F5E4A43F0040313675C4B1B6F5B4AE3
:1001600043F0010313670BE0584B1B6F574A23F012
:1001700001031367554B1B6F544A23F004031367A5
:100180007B689B68002B15D0FCF74EFE38610AE0B7
:10019000FCF74AFE02463B69D31A41F28832934289
:1001A00001D90323CBE0494B1B6F03F00203002B63
:1001B000EED014E0FCF738FE38610AE0FCF734FEBC
:1001C00002463B69D31A41F28832934201D9032394
:1001D000B5E03E4B1B6F03F00203002BEED1FB7D1D
:1001E000012B05D1394B1B6C384A23F08053136423
:1001F0007B689B69002B00F0A180344B9B6803F067
:100200000C03082B5CD07B689B69022B41D1314BDE
:1002100000221A60FCF708FE386108E0FCF704FED3
:1002200002463B69D31A022B01D9032387E0274BEF
:100230001B6803F00073002BF0D17B68DA697B68E0
:100240001B6A1A437B685B6A9B011A437B689B6A43
:100250005B08013B1B041A437B68DB6A1B061B49D6
:1002600013434B601B4B01221A60FCF7DDFD386124
:1002700008E0FCF7D9FD02463B69D31A022B01D9ED
:1002800003235CE0114B1B6803F00073002BF0D0DC
:1002900054E0104B00221A60FCF7C6FD386108E0FC
:1002A000FCF7C2FD02463B69D31A022B01D9032396
:1002B00045E0064B1B6803F00073002BF0D13DE0D6
:1002C0007B689B69012B07D1012338E0003802408D
:1002D00000700040600047421B4B5B68FB607B681E
:1002E0009B69012B28D0FB6803F480027B68DB69E3
:1002F0009A4221D1FB6803F03F027B681B6A9A4255
:100300001AD1FA6847F6C07313407A68526A9201AC
:10031000934211D1FB6803F440327B689B6A5B080F
:10032000013B1B049A4207D1FB6803F070627B68B3
:10033000DB6A1B069A4201D0012300E00023184625
:100340001837BD4680BD00BF0038024080B584B07C
:1003500000AF786039607B68002B01D10123CCE0CD
:10036000684B1B6803F007033A689A420CD9654B47
:100370003A68D2B21A70634B1B6803F007033A68FD
:100380009A4201D00123B8E07B681B6803F00203A6
:10039000002B20D07B681B6803F00403002B05D0E2
:1003A000594B9B68584A43F4E05393607B681B6841
:1003B00003F00803002B05D0534B9B68524A43F4CB
:1003C00060439360504B9B6823F0F0027B689B680E
:1003D0004D4913438B607B681B6803F00103002BBE
:1003E00044D07B685B68012B07D1474B1B6803F443
:1003F0000033002B19D101237FE07B685B68022B5F
:1004000003D07B685B68032B07D13F4B1B6803F06D
:100410000073002B09D101236FE03B4B1B6803F0F5
:100420000203002B01D1012367E0374B9B6823F0C7
:1004300003027B685B68344913438B60FCF7F4FC70
:10044000F8600AE0FCF7F0FC0246FB68D31A41F2C0
:100450008832934201D903234FE02B4B9B6803F072
:100460000C027B685B689B009A42EBD1254B1B68B2
:1004700003F007033A689A420CD2224B3A68D2B290
:100480001A70204B1B6803F007033A689A4201D0A8
:10049000012332E07B681B6803F00403002B08D0C3
:1004A000194B9B6823F4E0527B68DB6816491343C1
:1004B0008B607B681B6803F00803002B09D0124B8C
:1004C0009B6823F460427B681B69DB000E49134381
:1004D0008B6000F021F802460B4B9B681B0903F070
:1004E0000F030A49CB5C22FA03F3094A1360094B54
:1004F0001B681846FCF7D2FA002318461037BD4691
:1005000080BD00BF003C024000380240A0B6010898
:1005100000000020040000202DE9B04F94B000AF8F
:1005200000237B640023FB6400233B640023BB6443
:10053000794B9B6803F00C03082B0DD0082B00F2BD
:10054000E180002B02D0042B03D0DBE0734BBB64B3
:10055000DBE0734BBB64D8E06F4B5B6803F03F0399
:100560007B646D4B5B6803F48003002B63D06A4BA4
:100570005B689B090022BB63FA63BB6BC3F3080390
:100580003B6300237B63D7E90C4522462B464FF0A3
:1005900000004FF00001590141EAD26150010246CA
:1005A0000B462146511A3961294663EB01037B61F1
:1005B0004FF000024FF00003D7E904AB59468B011E
:1005C000514643EA916351468A015146B2EB010814
:1005D000594663EB01094FF000024FF000034FEA68
:1005E000C90343EA58734FEAC80290469946234626
:1005F00018EB0303BB602B4649EB0303FB604FF092
:1006000000024FF00003D7E9024529464B0221467C
:1006100043EAD15321464A02104619467B6C002218
:10062000BB62FA62D7E90A23F0F764FC02460B4684
:100630001346FB6458E0384B5B689B090022184660
:100640001146C0F308033B6200237B62D7E90889A7
:1006500042464B464FF000004FF00001590141EA7D
:10066000D261500102460B464146B2EB010A4946AF
:1006700063EB010B4FF000024FF000034FEA8B13C6
:1006800043EA9A634FEA8A12B2EB0A0463EB0B0562
:100690004FF000024FF00003EB0043EA5473E20016
:1006A00014461D464346E3183B604B4645EB0303A7
:1006B0007B604FF000024FF00003D7E90045294668
:1006C0008B02214643EA915321468A02104619467D
:1006D0007B6C0022BB61FA61D7E90623F0F70AFCC4
:1006E00002460B461346FB640B4B5B681B0C03F086
:1006F000030301335B003B64FA6C3B6CB2FBF3F326
:10070000BB6402E0054BBB6400BFBB6C18465037AE
:10071000BD46BDE8B08F00BF003802400024F400A1
:1007200000127A0080B400AF034B1B681846BD4628
:100730005DF8047B704700BF0000002080B500AF6B
:10074000FFF7F0FF0246054B9B689B0A03F0070387
:100750000349CB5C22FA03F3184680BD00380240FF
:10076000B0B6010880B500AFFFF7DCFF0246054BCD
:100770009B685B0B03F007030349CB5C22FA03F38E
:10078000184680BD00380240B0B6010880B483B07E
:1007900000AF786039607B680F221A60124B9B684B
:1007A00003F003027B685A600F4B9B6803F0F00272
:1007B0007B689A600C4B9B6803F4E0527B68DA60BC
:1007C000094B9B68DB0803F4E0527B681A61074B16
:1007D0001B6803F007023B681A6000BF0C37BD4678
:1007E0005DF8047B704700BF00380240003C0240C7
:1007F00080B582B000AF78607B68002B01D1012307
:100800007BE07B685B6A002B08D17B685B68B3F593
:10081000827F09D07B680022DA6105E07B680022D4
:100820001A617B6800225A617B6800229A627B68A9
:1008300093F85130DBB2002B06D17B68002283F89D
:1008400050207868FBF79AFE7B68022283F85120DB
:100850007B681B681A687B681B6822F040021A607C
:100860007B685B6803F482727B689B6803F40443D3
:100870001A437B68DB6803F400631A437B681B69D7
:1008800003F002031A437B685B6903F001031A4318
:100890007B689B6903F400731A437B68DB6903F090
:1008A00038031A437B681B6A03F0800342EA0301A2
:1008B0007B689B6A03F400527B681B680A431A60DA
:1008C0007B689B691B0C03F004017B685B6A03F087
:1008D00010027B681B680A435A607B681B68DA69F0
:1008E0007B681B6822F40062DA617B6800225A652B
:1008F0007B68012283F85120002318460837BD4643
:1009000080BD80B588B000AFF860B9603B60134629
:10091000FB800023FB77FB6893F85030012B01D15B
:10092000022326E1FB68012283F85020FCF77CFAC1
:10093000B861FB88FB82FB6893F85130DBB2012B76
:1009400002D00223FB770BE1BB68002B02D0FB88AF
:10095000002B02D10123FB7702E1FB68032283F81D
:100960005120FB6800225A65FB68BA681A63FB686D
:10097000FA889A86FB68FA88DA86FB6800229A630E
:10098000FB6800229A87FB680022DA87FB68002256
:100990005A64FB6800221A64FB689B68B3F5004F39
:1009A0000FD1FB681B681A68FB681B6822F04002C5
:1009B0001A60FB681B681A68FB681B6842F4804277
:1009C0001A60FB681B681B6803F04003402B07D0CC
:1009D000FB681B681A68FB681B6842F040021A60DB
:1009E000FB68DB68B3F5006F4BD1FB685B68002BDD
:1009F00002D0FB8A012B3ED1FB681B6B1A88FB6877
:100A00001B68DA60FB681B6B9A1CFB681A63FB6847
:100A1000DB8E9BB2013B9AB2FB68DA862BE0FB6867
:100A20001B689B6803F00203022B12D1FB681B6B4F
:100A30001A88FB681B68DA60FB681B6B9A1CFB68F2
:100A40001A63FB68DB8E9BB2013B9AB2FB68DA86C5
:100A500011E0FCF7E9F90246BB69D31A3A689A42F9
:100A600003D83B68B3F1FF3F02D13B68002B02D1B2
:100A70000323FB7774E0FB68DB8E9BB2002BCED1A7
:100A80004CE0FB685B68002B02D0FB8A012B40D155
:100A9000FB681A6BFB681B680C3312781A70FB68D2
:100AA0001B6B5A1CFB681A63FB68DB8E9BB2013B15
:100AB0009AB2FB68DA862CE0FB681B689B6803F03F
:100AC0000203022B13D1FB681A6BFB681B680C3303
:100AD00012781A70FB681B6B5A1CFB681A63FB6860
:100AE000DB8E9BB2013B9AB2FB68DA8611E0FCF721
:100AF0009BF90246BB69D31A3A689A4203D83B680D
:100B0000B3F1FF3F02D13B68002B02D10323FB77F7
:100B100026E0FB68DB8E9BB2002BCDD1BA69396829
:100B2000F86800F0CBFB0346002B02D0FB682022C4
:100B30005A65FB689B68002B0AD100233B61FB6868
:100B40001B68DB683B61FB681B689B683B613B691A
:100B5000FB685B6D002B02D00123FB7700E000BF38
:100B6000FB68012283F85120FB68002283F85020A3
:100B7000FB7F18462037BD4680BD80B588B002AFE8
:100B8000F860B9603B601346FB800023FB75FB688F
:100B90005B68B3F5827F12D1FB689B68002B0ED196
:100BA000FB68042283F85120FA883B6800931346BF
:100BB000BA68B968F86800F0F1F80346EAE0FB6843
:100BC00093F85030012B01D10223E3E0FB680122AE
:100BD00083F85020FCF728F93861FB6893F851300E
:100BE000DBB2012B02D00223FB75CAE0BB68002BED
:100BF00002D0FB88002B02D10123FB75C1E0FB680A
:100C0000042283F85120FB6800225A65FB68BA6809
:100C10009A63FB68FA889A87FB68FA88DA87FB6828
:100C200000221A63FB6800229A86FB680022DA869B
:100C3000FB6800221A64FB6800225A64FB689B6808
:100C4000B3F5004F0FD1FB681B681A68FB681B687F
:100C500022F040021A60FB681B681A68FB681B6878
:100C600022F480421A60FB681B681B6803F0400393
:100C7000402B07D0FB681B681A68FB681B6842F0B2
:100C800040021A60FB68DB68002B62D12EE0FB6833
:100C90001B689B6803F00103012B15D1FB681B68DF
:100CA00003F10C02FB689B6B1278D2B21A70FB68DE
:100CB0009B6B5A1CFB689A63FB68DB8F9BB2013B02
:100CC0009AB2FB68DA8711E0FCF7AEF802463B699E
:100CD000D31A3A689A4203D83B68B3F1FF3F02D176
:100CE0003B68002B02D10323FB754AE0FB68DB8FD6
:100CF0009BB2002BCBD131E0FB681B689B6803F0F3
:100D00000103012B13D1FB681B68DA68FB689B6B3E
:100D100092B21A80FB689B6B9A1CFB689A63FB6813
:100D2000DB8F9BB2013B9AB2FB68DA8711E0FCF7DC
:100D30007BF802463B69D31A3A689A4203D83B686B
:100D4000B3F1FF3F02D13B68002B02D10323FB75B7
:100D500017E0FB68DB8F9BB2002BCDD13A69396875
:100D6000F86800F045FA0346002B02D0FB68202209
:100D70005A65FB685B6D002B02D00123FB7500E018
:100D800000BFFB68012283F85120FB68002283F832
:100D90005020FB7D18461837BD4680BD80B58CB00D
:100DA00000AFF860B9607A607B800123FB620023AA
:100DB00087F82B30FB6893F85030012B01D10223C8
:100DC0008AE1FB68012283F85020FCF72DF8786255
:100DD000FB6893F8513087F82330FB685B68FB6150
:100DE0007B887B8397F82330012B0FD0FB69B3F509
:100DF000827F07D1FB689B68002B03D197F82330D3
:100E0000042B03D0022387F82B305BE1BB68002B57
:100E100005D07B68002B02D07B88002B03D10123F7
:100E200087F82B304EE1FB6893F85130DBB2042B8E
:100E300003D0FB68052283F85120FB6800225A6525
:100E4000FB687A689A63FB687A88DA87FB687A8835
:100E50009A87FB68BA681A63FB687A88DA86FB6847
:100E60007A889A86FB6800221A64FB6800225A641A
:100E7000FB681B681B6803F04003402B07D0FB682E
:100E80001B681A68FB681B6842F040021A60FB6826
:100E9000DB68B3F5006F78D1FB685B68002B02D08C
:100EA0007B8B012B66D1FB681B6B1A88FB681B6868
:100EB000DA60FB681B6B9A1CFB681A63FB68DB8EAD
:100EC0009BB2013B9AB2FB68DA8653E0FB681B6871
:100ED0009B6803F00203022B1BD1FB68DB8E9BB2E5
:100EE000002B16D0FB6A012B13D1FB681B6B1A88F1
:100EF000FB681B68DA60FB681B6B9A1CFB681A6353
:100F0000FB68DB8E9BB2013B9AB2FB68DA8600235A
:100F1000FB62FB681B689B6803F00103012B19D17E
:100F2000FB68DB8F9BB2002B14D0FB681B68DA6870
:100F3000FB689B6B92B21A80FB689B6B9A1CFB68E8
:100F40009A63FB68DB8F9BB2013B9AB2FB68DA873E
:100F50000123FB62FBF768FF02467B6AD31ABA6B78
:100F60009A4207D8BB6BB3F1FF3F03D0032387F846
:100F70002B30A7E0FB68DB8E9BB2002BA6D1FB6871
:100F8000DB8F9BB2002BA1D17CE0FB685B68002B60
:100F900002D07B8B012B6BD1FB681A6BFB681B6843
:100FA0000C3312781A70FB681B6B5A1CFB681A63AF
:100FB000FB68DB8E9BB2013B9AB2FB68DA8657E096
:100FC000FB681B689B6803F00203022B1CD1FB68C3
:100FD000DB8E9BB2002B17D0FB6A012B14D1FB6870
:100FE0001A6BFB681B680C3312781A70FB681B6B5A
:100FF0005A1CFB681A63FB68DB8E9BB2013B9AB2FA
:10100000FB68DA860023FB62FB681B689B6803F0C1
:101010000103012B19D1FB68DB8F9BB2002B14D08D
:10102000FB681B68DA68FB689B6BD2B21A70FB68BE
:101030009B6B5A1CFB689A63FB68DB8F9BB2013B7E
:101040009AB2FB68DA870123FB62FBF7EDFE0246EA
:101050007B6AD31ABA6B9A4203D8BB6BB3F1FF3FDA
:1010600002D1BB6B002B03D1032387F82B3029E07F
:10107000FB68DB8E9BB2002BA2D1FB68DB8F9BB29F
:10108000002B9DD17A6AB96BF86800F017F9034616
:10109000002B06D0012387F82B30FB6820225A65ED
:1010A00010E0FB689B68002B0BD100237B61FB6881
:1010B0001B68DB687B61FB681B689B687B617B69E5
:1010C00000E000BFFB68012283F85120FB6800228A
:1010D00083F8502097F82B3018463037BD4680BD36
:1010E00080B588B000AFF860B9603B601346FB7113
:1010F000FBF79AFE0246BB6A9B1A3A681344FB61EF
:10110000FBF792FEB861394B1B685B011B0DFA6956
:1011100002FB03F37B6154E03B68B3F1FF3F50D027
:10112000FBF782FE0246BB69D31AFA699A4202D9DA
:10113000FB69002B3DD1FB681B685A68FB681B6884
:1011400022F0E0025A60FB685B68B3F5827F11D140
:10115000FB689B68B3F5004F04D0FB689B68B3F550
:10116000806F07D1FB681B681A68FB681B6822F058
:1011700040021A60FB689B6AB3F5005F0FD1FB6801
:101180001B681A68FB681B6822F400521A60FB682F
:101190001B681A68FB681B6842F400521A60FB68FF
:1011A000012283F85120FB68002283F8502003239A
:1011B00017E07B69002B01D10023FB617B69013BB8
:1011C0007B61FB681B689A68BB681340BA689A42E7
:1011D0000CBF01230023DBB21A46FB799A429BD154
:1011E000002318462037BD4680BD00BF0000002008
:1011F00080B586B002AFF860B9607A60FB685B6862
:10120000B3F5827F11D1FB689B68B3F5004F04D022
:10121000FB689B68B3F5806F07D1FB681B681A6891
:10122000FB681B6822F040021A60FB685B68B3F53C
:10123000827F2AD1FB689B68B3F5806F12D07B68F0
:101240000093BB6800228021F868FFF749FF03463E
:10125000002B2DD0FB685B6D43F02002FB685A65C4
:10126000032326E07B680093BB6800220121F86815
:10127000FFF736FF0346002B1AD0FB685B6D43F087
:101280002002FB685A65032313E07B680093BB6868
:1012900000220121F868FFF723FF0346002B07D047
:1012A000FB685B6D43F02002FB685A65032300E096
:1012B000002318461037BD4680BD000080B588B0B9
:1012C00002AFF860B9607A601B4B1B681B4AA2FB37
:1012D00003235B0D4FF47A7202FB03F37B61FB681F
:1012E0005B68B3F5827F12D17B680093BB680022F4
:1012F0008021F868FFF7F4FE0346002B16D0FB6848
:101300005B6D43F02002FB685A6503230FE07B69A5
:10131000002B0AD07B69013B7B61FB681B689B68E3
:1013200003F08003802BF2D000E000BF00231846BA
:101330001837BD4680BD00BF00000020819F5E16AB
:1013400080B582B000AF78607B68002B01D10123AB
:1013500041E07B6893F83D30DBB2002B06D17B681F
:10136000002283F83C207868FBF750F97B68022262
:1013700083F83D207B681A687B6804331946104661
:1013800000F066FD7B68012283F846207B6801221D
:1013900083F83E207B68012283F83F207B6801228E
:1013A00083F840207B68012283F841207B6801227A
:1013B00083F842207B68012283F843207B68012266
:1013C00083F844207B68012283F845207B68012252
:1013D00083F83D20002318460837BD4680BD000035
:1013E00080B485B000AF78607B6893F83D30DBB2A5
:1013F000012B01D001234EE07B68022283F83D20BF
:101400007B681B68DA687B681B6842F00102DA605F
:101410007B681B68234A934222D07B681B68B3F128
:10142000804F1DD07B681B681F4A934218D07B6891
:101430001B681E4A934213D07B681B681C4A934268
:101440000ED07B681B681B4A934209D07B681B68DF
:10145000194A934204D07B681B68184A934211D101
:101460007B681B689B6803F00703FB60FB68062B27
:1014700010D07B681B681A687B681B6842F0010209
:101480001A6007E07B681B681A687B681B6842F07B
:1014900001021A60002318461437BD465DF8047B2C
:1014A000704700BF000001400004004000080040F9
:1014B000000C0040000401400040014000180040C2
:1014C00080B582B000AF78607B68002B01D101232A
:1014D00041E07B6893F83D30DBB2002B06D17B689E
:1014E000002283F83C207868FBF7F4F87B6802223E
:1014F00083F83D207B681A687B68043319461046E0
:1015000000F0A6FC7B68012283F846207B6801225C
:1015100083F83E207B68012283F83F207B6801220C
:1015200083F840207B68012283F841207B680122F8
:1015300083F842207B68012283F843207B680122E4
:1015400083F844207B68012283F845207B680122D0
:1015500083F83D20002318460837BD4680BD0000B3
:1015600080B584B000AF786039603B68002B09D14A
:101570007B6893F83E30DBB2012B14BF01230023BC
:10158000DBB222E03B68042B09D17B6893F83F3043
:10159000DBB2012B14BF01230023DBB215E03B6853
:1015A000082B09D17B6893F84030DBB2012B14BFC4
:1015B00001230023DBB208E07B6893F84130DBB203
:1015C000012B14BF01230023DBB2002B01D0012328
:1015D0007CE03B68002B04D17B68022283F83E202C
:1015E00013E03B68042B04D17B68022283F83F2080
:1015F0000BE03B68082B04D17B68022283F8402073
:1016000003E07B68022283F841207B681B6801228B
:101610003968184601F030F87B681B682D4A934200
:1016200004D07B681B682C4A934201D1012300E05F
:101630000023002B07D07B681B685A6C7B681B68F3
:1016400042F400425A647B681B68224A934222D0CB
:101650007B681B68B3F1804F1DD07B681B681F4AF5
:10166000934218D07B681B681D4A934213D07B6855
:101670001B681C4A93420ED07B681B68164A934233
:1016800009D07B681B68184A934204D07B681B68AA
:10169000164A934211D17B681B689B6803F00703CD
:1016A000FB60FB68062B10D07B681B681A687B68A0
:1016B0001B6842F001021A6007E07B681B681A6829
:1016C0007B681B6842F001021A600023184610373D
:1016D000BD4680BD00000140000401400004004000
:1016E00000080040000C004000400140001800408D
:1016F00080B582B000AF78607B68002B01D10123F8
:1017000041E07B6893F83D30DBB2002B06D17B686B
:10171000002283F83C20786800F039F87B680222C8
:1017200083F83D207B681A687B68043319461046AD
:1017300000F08EFB7B68012283F846207B68012243
:1017400083F83E207B68012283F83F207B680122DA
:1017500083F840207B68012283F841207B680122C6
:1017600083F842207B68012283F843207B680122B2
:1017700083F844207B68012283F845207B6801229E
:1017800083F83D20002318460837BD4680BD80B44D
:1017900083B000AF786000BF0C37BD465DF8047BB6
:1017A000704780B582B000AF78607B681B681B69AA
:1017B00003F00203022B22D17B681B68DB6803F075
:1017C0000203022B1BD17B681B686FF002021A61B7
:1017D0007B6801221A777B681B689B6903F003030F
:1017E000002B03D0786800F014FB05E0786800F067
:1017F00006FB786800F017FB7B6800221A777B688D
:101800001B681B6903F00403042B22D17B681B684F
:10181000DB6803F00403042B1BD17B681B686FF0AB
:1018200004021A617B6802221A777B681B689B6935
:1018300003F44073002B03D0786800F0EAFA05E067
:10184000786800F0DCFA786800F0EDFA7B68002236
:101850001A777B681B681B6903F00803082B22D1E9
:101860007B681B68DB6803F00803082B1BD17B68CF
:101870001B686FF008021A617B6804221A777B6884
:101880001B68DB6903F00303002B03D0786800F0CA
:10189000C0FA05E0786800F0B2FA786800F0C3FAA0
:1018A0007B6800221A777B681B681B6903F01003B2
:1018B000102B22D17B681B68DB6803F01003102B10
:1018C0001BD17B681B686FF010021A617B680822CD
:1018D0001A777B681B68DB6903F44073002B03D025
:1018E000786800F096FA05E0786800F088FA786881
:1018F00000F099FA7B6800221A777B681B681B69E5
:1019000003F00103012B0ED17B681B68DB6803F039
:101910000103012B07D17B681B686FF001021A617C
:101920007868F2F78DFF7B681B681B6903F0800302
:10193000802B0ED17B681B68DB6803F08003802B53
:1019400007D17B681B686FF080021A61786800F02D
:1019500091FF7B681B681B6903F04003402B0ED18D
:101960007B681B68DB6803F04003402B07D17B6872
:101970001B686FF040021A61786800F05EFA7B68BD
:101980001B681B6903F02003202B0ED17B681B68AA
:10199000DB6803F02003202B07D17B681B686FF006
:1019A00020021A61786800F05BFF00BF0837BD466F
:1019B00080BD80B586B000AFF860B9607A60002362
:1019C000FB75FB6893F83C30012B01D1022388E0C2
:1019D000FB68012283F83C207B68002B1BD1FB684D
:1019E0001868BB681968BB685A68BB68DB6800F098
:1019F0007FFCFB681B689A69FB681B6822F00C027D
:101A00009A61FB681B689969BB689A68FB681B68E8
:101A10000A439A6160E07B68042B1CD1FB6818685C
:101A2000BB681968BB685A68BB68DB6800F003FDD7
:101A3000FB681B689A69FB681B6822F440629A6124
:101A4000FB681B689969BB689B681A02FB681B6886
:101A50000A439A6140E07B68082B1BD1FB68186839
:101A6000BB681968BB685A68BB68DB6800F050FD4A
:101A7000FB681B68DA69FB681B6822F00C02DA61FC
:101A8000FB681B68D969BB689A68FB681B680A43D6
:101A9000DA6121E07B680C2B1CD1FB681868BB68FD
:101AA0001968BB685A68BB68DB6800F06DFDFB68AD
:101AB0001B68DA69FB681B6822F44062DA61FB6824
:101AC0001B68D969BB689B681A02FB681B680A43DC
:101AD000DA6101E00123FB75FB68002283F83C20FA
:101AE000FB7D18461837BD4680BD000080B586B026
:101AF00000AFF860B9607A600023FB75FB6893F86B
:101B00003C30012B01D10223AEE0FB68012283F8B7
:101B10003C207B680C2B00F29F8001A252F823F03E
:101B2000551B0108591C0108591C0108591C0108C2
:101B3000951B0108591C0108591C0108591C010872
:101B4000D71B0108591C0108591C0108591C010820
:101B5000171C0108FB681B68B968184600F018FAE2
:101B6000FB681B689A69FB681B6842F008029A616F
:101B7000FB681B689A69FB681B6822F004029A6183
:101B8000FB681B689969BB681A69FB681B680A4394
:101B90009A6164E0FB681B68B968184600F068FA4F
:101BA000FB681B689A69FB681B6842F400629A61D3
:101BB000FB681B689A69FB681B6822F480629A6163
:101BC000FB681B689969BB681B691A02FB681B6884
:101BD0000A439A6143E0FB681B68B968184600F045
:101BE000BDFAFB681B68DA69FB681B6842F00802F3
:101BF000DA61FB681B68DA69FB681B6822F0040283
:101C0000DA61FB681B68D969BB681A69FB681B68E5
:101C10000A43DA6123E0FB681B68B968184600F0E4
:101C200011FBFB681B68DA69FB681B6842F4006201
:101C3000DA61FB681B68DA69FB681B6822F4806262
:101C4000DA61FB681B68D969BB681B691A02FB680B
:101C50001B680A43DA6102E00123FB7500BFFB68E1
:101C6000002283F83C20FB7D18461837BD4680BD16
:101C700080B584B000AF786039600023FB737B6867
:101C800093F83C30012B01D10223B4E07B680122A0
:101C900083F83C207B68022283F83D207B681B6828
:101CA0009B68BB60BB6823F07703BB60BB6823F411
:101CB0007F43BB607B681B68BA689A603B681B689F
:101CC000B3F5005F3ED0B3F5005F00F28780B3F557
:101CD000805F00F08680B3F5805F7FD8702B1AD0CC
:101CE000702B7BD8602B50D0602B77D8502B3CD0FA
:101CF000502B73D8402B58D0402B6FD8302B64D04A
:101D0000302B6BD8202B60D0202B67D8002B5CD0D9
:101D1000102B5AD062E07B6818683B6899683B6872
:101D20005A683B68DB6800F087FC7B681B689B682F
:101D3000BB60BB6843F07703BB607B681B68BA6815
:101D40009A604FE07B6818683B6899683B685A68FE
:101D50003B68DB6800F070FC7B681B689A687B68F6
:101D60001B6842F480429A603CE07B6818683B68DC
:101D700059683B68DB681A4600F02EFB7B681B68DD
:101D80005021184600F03DFC2CE07B6818683B6849
:101D900059683B68DB681A4600F08AFB7B681B6861
:101DA0006021184600F02DFC1CE07B6818683B6839
:101DB00059683B68DB681A4600F00EFB7B681B68BD
:101DC0004021184600F01DFC0CE07B681A683B6857
:101DD0001B681946104600F014FC03E00123FB7356
:101DE00000E000BF7B68012283F83D207B68002271
:101DF00083F83C20FB7B18461037BD4680BD80B47D
:101E000083B000AF786000BF0C37BD465DF8047B3F
:101E1000704780B483B000AF786000BF0C37BD4618
:101E20005DF8047B704780B483B000AF786000BF7A
:101E30000C37BD465DF8047B704780B483B000AFBB
:101E4000786000BF0C37BD465DF8047B704700002A
:101E500080B485B000AF786039607B681B68FB6038
:101E60007B68404A934213D07B68B3F1804F0FD018
:101E70007B683D4A93420BD07B683C4A934207D033
:101E80007B683B4A934203D07B683A4A934208D12D
:101E9000FB6823F07003FB603B685B68FA681343E0
:101EA000FB607B682F4A93422BD07B68B3F1804F55
:101EB00027D07B682C4A934223D07B682B4A9342DD
:101EC0001FD07B682A4A93421BD07B68294A9342E1
:101ED00017D07B68284A934213D07B68274A9342E5
:101EE0000FD07B68264A93420BD07B68254A9342E9
:101EF00007D07B68244A934203D07B68234A9342ED
:101F000008D1FB6823F44073FB603B68DB68FA6828
:101F10001343FB60FB6823F080023B685B6913435B
:101F2000FB607B68FA681A603B689A687B68DA62D3
:101F30003B681A687B689A627B680A4A934203D0BE
:101F40007B680C4A934203D13B681A697B681A6329
:101F50007B6801225A6100BF1437BD465DF8047BDF
:101F6000704700BF0000014000040040000800402E
:101F7000000C0040000401400040014000440140CA
:101F80000048014000180040001C004000200040B4
:101F900080B487B000AF786039607B681B6A23F03B
:101FA00001027B681A627B681B6A7B617B685B68E5
:101FB0003B617B689B69FB60FB6823F07003FB60FF
:101FC000FB6823F00303FB603B681B68FA6813435C
:101FD000FB607B6923F002037B613B689B687A6945
:101FE00013437B617B68204A934203D07B681F4A7E
:101FF00093420CD17B6923F008037B613B68DB686B
:102000007A6913437B617B6923F004037B617B68FE
:10201000154A934203D07B68144A934211D13B691D
:1020200023F480733B613B6923F400733B613B689D
:102030005B693A6913433B613B689B693A691343A7
:102040003B617B683A695A607B68FA689A613B68D1
:102050005A687B685A637B687A691A6200BF1C37CA
:10206000BD465DF8047B704700000140000401405C
:1020700080B487B000AF786039607B681B6A23F05A
:1020800010027B681A627B681B6A7B617B685B68F5
:102090003B617B689B69FB60FB6823F4E043FB606A
:1020A000FB6823F44073FB603B681B681B02FA6803
:1020B0001343FB607B6923F020037B613B689B68D3
:1020C0001B017A6913437B617B68224A934203D0E8
:1020D0007B68214A93420DD17B6923F080037B61A9
:1020E0003B68DB681B017A6913437B617B6923F0E2
:1020F00040037B617B68174A934203D07B68164A92
:10210000934213D13B6923F480633B613B6923F421
:1021100000633B613B685B699B003A6913433B6129
:102120003B689B699B003A6913433B617B683A6952
:102130005A607B68FA689A613B685A687B689A6360
:102140007B687A691A6200BF1C37BD465DF8047B64
:10215000704700BF000001400004014080B487B018
:1021600000AF786039607B681B6A23F480727B68FB
:102170001A627B681B6A7B617B685B683B617B687A
:10218000DB69FB60FB6823F07003FB60FB6823F0F6
:102190000303FB603B681B68FA681343FB607B69C1
:1021A00023F400737B613B689B681B027A691343CD
:1021B0007B617B68214A934203D07B68204A93422B
:1021C0000DD17B6923F400637B613B68DB681B02F4
:1021D0007A6913437B617B6923F480637B617B684D
:1021E000164A934203D07B68154A934213D13B6948
:1021F00023F480533B613B6923F400533B613B680C
:102200005B691B013A6913433B613B689B691B0196
:102210003A6913433B617B683A695A607B68FA68A4
:10222000DA613B685A687B68DA637B687A691A62AC
:1022300000BF1C37BD465DF8047B704700000140BD
:102240000004014080B487B000AF786039607B68DB
:102250001B6A23F480527B681A627B681B6A3B61AD
:102260007B685B687B617B68DB69FB60FB6823F4F0
:10227000E043FB60FB6823F44073FB603B681B6832
:102280001B02FA681343FB603B6923F400533B6174
:102290003B689B681B033A6913433B617B68124AA6
:1022A000934203D07B68114A934209D17B6923F49E
:1022B00080437B613B685B699B017A6913437B6167
:1022C0007B687A695A607B68FA68DA613B685A68A9
:1022D0007B681A647B683A691A6200BF1C37BD4686
:1022E0005DF8047B704700BF00000140000401401E
:1022F00080B487B000AFF860B9607A603B60FB687B
:102300001B6A23F00102FB681A62FB689B697B6110
:10231000FB681B6A3B61FB68284A93421BD0FB6841
:10232000B3F1804F17D0FB68254A934213D0FB6866
:10233000244A93420FD0FB68234A93420BD0FB6898
:10234000224A934207D0FB68214A934203D0FB689C
:10235000204A934201D1012300E00023002B08D042
:102360007B6923F003037B617A697B6813437B619C
:1023700003E07B6943F001037B617B6923F0F00399
:102380007B613B681B01DBB27A6913437B613B696C
:1023900023F00A033B61BB6803F00A033A69134365
:1023A0003B61FB687A699A61FB683A691A6200BF0F
:1023B0001C37BD465DF8047B704700BF000001403C
:1023C0000004004000080040000C004000040140F0
:1023D000004001400018004080B487B000AFF860B2
:1023E000B9607A60FB681B6A7B61FB681B6A23F03B
:1023F0000102FB681A62FB689B693B613B6923F041
:10240000F0033B617B681B013A6913433B617B69C5
:1024100023F00A037B617A69BB6813437B61FB6825
:102420003A699A61FB687A691A6200BF1C37BD4637
:102430005DF8047B704780B487B000AFF860B96086
:102440007A603B60FB681B6A23F01002FB681A622B
:10245000FB689B697B61FB681B6A3B617B6923F4BA
:1024600040737B617B681B027A6913437B617B69E4
:1024700023F470437B613B681B039BB27A6913436F
:102480007B613B6923F0A0033B61BB681B0103F048
:10249000A0033A6913433B61FB687A699A61FB6860
:1024A0003A691A6200BF1C37BD465DF8047B70476D
:1024B00080B487B000AFF860B9607A60FB681B6ACF
:1024C00023F01002FB681A62FB689B697B61FB6862
:1024D0001B6A3B617B6923F470437B617B681B0350
:1024E0007A6913437B613B6923F0A0033B61BB68BE
:1024F0001B013A6913433B61FB687A699A61FB6887
:102500003A691A6200BF1C37BD465DF8047B70470C
:1025100080B487B000AFF860B9607A603B60FB6858
:102520001B6A23F48072FB681A62FB68DB697B61BB
:10253000FB681B6A3B617B6923F003037B617A695B
:102540007B6813437B617B6923F0F0037B613B680D
:102550001B01DBB27A6913437B613B6923F420637F
:102560003B61BB681B0203F420633A6913433B6180
:10257000FB687A69DA61FB683A691A6200BF1C3746
:10258000BD465DF8047B704780B487B000AFF8604B
:10259000B9607A603B60FB681B6A23F48052FB6879
:1025A0001A62FB68DB697B61FB681B6A3B617B69C4
:1025B00023F440737B617B681B027A6913437B6160
:1025C0007B6923F470437B613B681B039BB27A6990
:1025D00013437B613B6923F420433B61BB681B03CE
:1025E00003F420433A6913433B61FB687A69DA617B
:1025F000FB683A691A6200BF1C37BD465DF8047B70
:10260000704780B485B000AF786039607B689B68A4
:10261000FB60FB6823F07003FB603A68FB681343C0
:1026200043F00703FB607B68FA689A6000BF1437C9
:10263000BD465DF8047B704780B487B000AFF8609A
:10264000B9607A603B60FB689B687B617B6923F4BF
:102650007F437B613B681A027B681A43BB68134364
:102660007A6913437B61FB687A699A6000BF1C3703
:10267000BD465DF8047B704780B487B000AFF8605A
:10268000B9607A60BB6803F01F03012202FA03F30A
:102690007B61FB681A6A7B69DB431A40FB681A623C
:1026A000FB681A6ABB6803F01F03796801FA03F339
:1026B0001A43FB681A6200BF1C37BD465DF8047BF5
:1026C0007047000080B485B000AF786039607B68E7
:1026D00093F83C30012B01D102235AE07B680122A0
:1026E00083F83C207B68022283F83D207B681B68CE
:1026F0005B68FB607B681B689B68BB60FB6823F0C2
:102700007003FB603B681B68FA681343FB607B68DF
:102710001B68FA685A607B681B68214A934222D082
:102720007B681B68B3F1804F1DD07B681B681D4A16
:10273000934218D07B681B681B4A934213D07B6876
:102740001B681A4A93420ED07B681B68184A934252
:1027500009D07B681B68174A934204D07B681B68CA
:10276000154A93420CD1BB6823F08003BB603B68E1
:102770005B68BA681343BB607B681B68BA689A6081
:102780007B68012283F83D207B68002283F83C208F
:10279000002318461437BD465DF8047B704700BF20
:1027A000000001400004004000080040000C004010
:1027B00000040140004001400018004080B485B092
:1027C00000AF786039600023FB607B6893F83C3091
:1027D000012B01D102233DE07B68012283F83C20DC
:1027E000FB6823F0FF023B68DB681343FB60FB6878
:1027F00023F440723B689B681343FB60FB6823F43F
:1028000080623B685B681343FB60FB6823F40062F3
:102810003B681B681343FB60FB6823F480523B68F2
:102820001B691343FB60FB6823F400523B685B6940
:102830001343FB60FB6823F480423B68DB6913436E
:10284000FB607B681B68FA685A647B68002283F827
:102850003C20002318461437BD465DF8047B7047C2
:1028600080B483B000AF786000BF0C37BD465DF820
:10287000047B704780B483B000AF786000BF0C3732
:10288000BD465DF8047B704780B582B000AF7860CC
:102890007B68002B01D101233FE07B6893F83D303A
:1028A000DBB2002B06D17B68002283F83C207868DD
:1028B000F9F79AFF7B68242283F83D207B681B6828
:1028C000DA687B681B6822F40052DA60786800F0EE
:1028D0007BFD7B681B681A697B681B6822F4904249
:1028E0001A617B681B685A697B681B6822F02A02A0
:1028F0005A617B681B68DA687B681B6842F4005287
:10290000DA607B6800221A647B68202283F83D200D
:102910007B68202283F83E20002318460837BD46F6
:1029200080BD80B58AB002AFF860B9603B601346E5
:10293000FB8000237B61FB6893F83D30DBB2202BEA
:102940007CD1BB68002B02D0FB88002B01D1012376
:1029500075E0FB6893F83C30012B01D102236EE057
:10296000FB68012283F83C20FB6800221A64FB68A4
:10297000212283F83D20FAF757FA7861FB68FA883C
:102980009A84FB68FA88DA84FB689B68B3F5805FF9
:1029900008D1FB681B69002B04D10023FB61BB68D5
:1029A000BB6103E0BB68FB610023BB61FB680022E5
:1029B00083F83C202AE03B6800937B690022802159
:1029C000F86800F0F9FA0346002B01D0032336E043
:1029D000FB69002B0BD1BB691B881A46FB681B687F
:1029E000C2F308025A60BB690233BB6107E0FB69AE
:1029F0001A78FB681B685A60FB690133FB61FB684E
:102A0000DB8C9BB2013B9AB2FB68DA84FB68DB8CFF
:102A10009BB2002BCFD13B6800937B690022402101
:102A2000F86800F0C9FA0346002B01D0032306E042
:102A3000FB68202283F83D20002300E00223184693
:102A40002037BD4680BD000080B5BAB000AF7860C9
:102A50007B681B681B68C7F8E4307B681B68DB6811
:102A6000C7F8E0307B681B685B69C7F8DC3000237F
:102A7000C7F8D8300023C7F8D430D7F8E43003F0D3
:102A80000F03C7F8D830D7F8D830002B0FD1D7F8BC
:102A9000E43003F02003002B09D0D7F8E03003F036
:102AA0002003002B03D0786800F0D3FB56E2D7F860
:102AB000D830002B00F0DE80D7F8DC3003F00103C3
:102AC000002B06D1D7F8E03003F49073002B00F010
:102AD000D180D7F8E43003F00103002B0BD0D7F8F6
:102AE000E03003F48073002B05D07B681B6C43F04F
:102AF00001027B681A64D7F8E43003F00403002B6A
:102B00000BD0D7F8DC3003F00103002B05D07B6835
:102B10001B6C43F002027B681A64D7F8E43003F0C0
:102B20000203002B0BD0D7F8DC3003F00103002B9D
:102B300005D07B681B6C43F004027B681A64D7F8ED
:102B4000E43003F00803002B11D0D7F8E03003F095
:102B50002003002B05D1D7F8DC3003F00103002B54
:102B600005D07B681B6C43F008027B681A647B68A5
:102B70001B6C002B00F0ED81D7F8E43003F020034C
:102B8000002B08D0D7F8E03003F02003002B02D050
:102B9000786800F05EFB7B681B685B6903F04003AC
:102BA000402B0CBF01230023DBB2C7F8D4307B6875
:102BB0001B6C03F00803002B03D1D7F8D430002B93
:102BC0004FD0786800F066FA7B681B685B6903F099
:102BD0004003402B41D17B681B681433C7F89C30FD
:102BE000D7F89C3053E8003FC7F89830D7F89830B2
:102BF00023F04003C7F8D0307B681B681433D7F844
:102C0000D020C7F8A820C7F8A430D7F8A410D7F868
:102C1000A82041E80023C7F8A030D7F8A030002B47
:102C2000D9D17B689B6B002B13D07B689B6B7D4A53
:102C30001A657B689B6B1846FAF79CFE0346002BCF
:102C400016D07B689B6B1B6D7A68926B1046984719
:102C50000EE0786800F09AF90AE0786800F096F9DA
:102C600006E0786800F092F97B6800221A6470E14F
:102C700000BF6EE17B681B6B012B40F04A81D7F8E7
:102C8000E43003F01003002B00F04381D7F8E0306C
:102C900003F01003002B00F03C810023BB607B6835
:102CA0001B681B68BB607B681B685B68BB60BB689C
:102CB0007B681B685B6903F04003402B40F0B480E5
:102CC0007B689B6B1B685B68A7F8BE30B7F8BE30AB
:102CD000002B00F040817B689B8DB7F8BE209A42A4
:102CE00080F039817B68B7F8BE20DA857B689B6B02
:102CF000DB69B3F5807F00F088807B681B680C334C
:102D0000C7F88830D7F8883053E8003FC7F88430D8
:102D1000D7F8843023F48073C7F8B8307B681B6819
:102D20000C33D7F8B820C7F89420C7F89030D7F8FC
:102D30009010D7F8942041E80023C7F88C30D7F8DA
:102D40008C30002BD9D17B681B6814337B677B6F79
:102D500053E8003F3B673B6F23F00103C7F8B430F3
:102D60007B681B681433D7F8B420C7F88020FB6752
:102D7000F96FD7F8802041E80023BB67BB6F002BB9
:102D8000E1D17B681B6814333B663B6E53E8003F20
:102D9000FB65FB6D23F04003C7F8B0307B681B6810
:102DA0001433D7F8B020FA66BB66B96EFA6E41E804
:102DB00000237B667B6E002BE3D17B68202283F8A7
:102DC0003E207B6800221A637B681B680C33FB641F
:102DD000FB6C53E8003FBB64BB6C23F01003C7F8E7
:102DE000AC307B681B680C33D7F8AC20BA657B65C8
:102DF000796DBA6D41E800233B653B6D002BE3D153
:102E00007B689B6B1846FAF745FD7B689A8D7B685B
:102E1000DB8D9BB2D31A9BB21946786800F0C0F8DC
:102E200099E000BF5B3101087B689A8D7B68DB8D80
:102E30009BB2D31AA7F8CE307B68DB8D9BB2002BF8
:102E400000F08B80B7F8CE30002B00F086807B68D6
:102E50001B680C33BB63BB6B53E8003F7B637B6B2E
:102E600023F49073C7F8C8307B681B680C33D7F81D
:102E7000C8207A643B64396C7A6C41E80023FB63B8
:102E8000FB6B002BE3D17B681B6814337B627B6A8E
:102E900053E8003F3B623B6A23F00103C7F8C430AC
:102EA0007B681B681433D7F8C4203A63FB62F96A65
:102EB0003A6B41E80023BB62BB6A002BE3D17B681D
:102EC000202283F83E207B6800221A637B681B68FF
:102ED0000C333B613B6953E8003FFB60FB6823F028
:102EE0001003C7F8C0307B681B680C33D7F8C020CC
:102EF000FA61BB61B969FA6941E800237B617B69CA
:102F0000002BE3D1B7F8CE301946786800F048F8C6
:102F100023E0D7F8E43003F08003002B09D0D7F882
:102F2000E03003F08003002B03D0786800F029F92B
:102F300014E0D7F8E43003F04003002B0ED0D7F8AC
:102F4000E03003F04003002B08D0786800F069F906
:102F500004E000BF02E000BF00E000BFE837BD466C
:102F600080BD00BF80B483B000AF786000BF0C3775
:102F7000BD465DF8047B704780B483B000AF7860D5
:102F800000BF0C37BD465DF8047B704780B483B04A
:102F900000AF786000BF0C37BD465DF8047B70471A
:102FA00080B483B000AF78600B467B8000BF0C37E5
:102FB000BD465DF8047B704780B590B000AFF86007
:102FC000B9603B601346FB7150E0BB6CB3F1FF3F4F
:102FD0004CD0BB6C002B07D0F9F726FF02463B68AC
:102FE000D31ABA6C9A4241D2FB681B680C33BB629D
:102FF000BB6A53E8003F7B627B6A23F4D073FB63B8
:10300000FB681B680C33FA6B7A633B63396B7A6B32
:1030100041E80023FB62FB6A002BE5D1FB681B68DB
:1030200014337B617B6953E8003F3B613B6923F0CC
:103030000103BB63FB681B681433BA6B3A62FB6124
:10304000F9693A6A41E80023BB61BB69002BE5D10D
:10305000FB68202283F83D20FB68202283F83E2075
:10306000FB68002283F83C2003230FE0FB681B6809
:103070001A68BB681340BA689A420CBF0123002348
:10308000DBB21A46FB799A429FD00023184640379C
:10309000BD4680BD80B495B000AF78607B681B688A
:1030A0000C337B637B6B53E8003F3B633B6B23F448
:1030B0009073FB647B681B680C33FA6C3A64FB63A7
:1030C000F96B3A6C41E80023BB63BB6B002BE5D185
:1030D0007B681B6814333B623B6A53E8003FFB612B
:1030E000FB6923F00103BB647B681B681433BA6C73
:1030F000FA62BB62B96AFA6A41E800237B627B6AC2
:10310000002BE5D17B681B6B012B19D17B681B68F9
:103110000C33FB60FB6853E8003FBB60BB6823F0E7
:1031200010037B647B681B680C337A6CBA617B612B
:103130007969BA6941E800233B613B69002BE5D11D
:103140007B68202283F83E207B6800221A6300BF40
:103150005437BD465DF8047B704780B584B000AF3E
:1031600078607B689B6BFB60FB680022DA85FB68FC
:103170000022DA84F868FFF709FF00BF1037BD4668
:1031800080BD80B485B000AF78607B6893F83D3037
:10319000DBB2212B3ED17B689B68B3F5805F14D1F5
:1031A0007B681B69002B10D17B681B6AFB60FB6886
:1031B0001B881A467B681B68C2F308025A607B684A
:1031C0001B6A9A1C7B681A6208E07B681B6A591CA0
:1031D0007A6811621A787B681B685A607B68DB8C9E
:1031E0009BB2013B9BB27A681946D184002B0FD168
:1031F0007B681B68DA687B681B6822F08002DA60F3
:103200007B681B68DA687B681B6842F04002DA6002
:10321000002300E0022318461437BD465DF8047B06
:10322000704780B582B000AF78607B681B68DA6851
:103230007B681B6822F04002DA607B68202283F8FA
:103240003D207868FFF78EFE002318460837BD46FC
:1032500080BD80B58CB000AF78607B6893F83E305D
:10326000DBB2222B40F0AB807B689B68B3F5805FBC
:1032700017D17B681B69002B13D10023FB627B688D
:103280009B6ABB627B681B685B689BB2C3F30803E5
:103290009AB2BB6A1A807B689B6A9A1C7B689A62A6
:1032A00026E07B689B6AFB620023BB627B689B68AD
:1032B000B3F5805F07D07B689B68002B0AD17B68E1
:1032C0001B69002B06D17B681B685B68DAB2FB6A5E
:1032D0001A7008E07B681B685B68DBB203F07F0351
:1032E000DAB2FB6A1A707B689B6A5A1C7B689A6226
:1032F0007B68DB8D9BB2013B9BB27A681946D18516
:10330000002B5AD17B681B68DA687B681B6822F047
:103310002002DA607B681B68DA687B681B6822F42D
:103320008072DA607B681B685A697B681B6822F0D0
:1033300001025A617B68202283F83E207B681B6B68
:10334000012B35D17B6800221A637B681B680C3324
:103350007B617B6953E8003F3B613B6923F01003CD
:103360007B627B681B680C337A6A3A62FB61F9699D
:103370003A6A41E80023BB61BB69002BE5D17B6859
:103380001B681B6803F01003102B0AD10023FB609D
:103390007B681B681B68FB607B681B685B68FB6065
:1033A000FB687B689B8D19467868FFF7F9FD02E0A2
:1033B0007868FFF7E1FD002302E0002300E002232C
:1033C00018463037BD4680BD2DE9B04FC0B000AFC4
:1033D000C7F8F400D7F8F4301B681B6923F4405099
:1033E000D7F8F430D968D7F8F4301A6840EA010306
:1033F0001361D7F8F4309A68D7F8F4301B691A4390
:10340000D7F8F4305B691A43D7F8F430DB6913431B
:10341000C7F8F830D7F8F4301B68DB6823F416419E
:1034200021F00C01D7F8F4301A68D7F8F8300B43C4
:10343000D360D7F8F4301B685B6923F44070D7F889
:10344000F4309969D7F8F4301A6840EA01035361FF
:10345000D7F8F4301A688F4B9A4205D0D7F8F43079
:103460001A688D4B9A4204D1FDF77CF9C7F8FC002D
:1034700003E0FDF763F9C7F8FC00D7F8F430DB6927
:10348000B3F5004F40F00C81D7F8FC300022C7F8AC
:10349000E830C7F8EC20D7E93A4522462B46911888
:1034A000B9655B41FB65D7E91623214612EB01089C
:1034B000294643EB01094FF000024FF000034FEAA9
:1034C000C90343EA58734FEAC80290469946234617
:1034D00018EB0303C7F8E0302B4649EB0303C7F8AA
:1034E000E430D7F8F4305B680022C7F8D830C7F86A
:1034F000DC20D7E936120B46DB183B65134642EB5E
:1035000003037B65D7E91423D7E93801EDF7F2FC13
:1035100002460B46614BA3FB02235B091C01D7F853
:10352000FC300022C7F8D030C7F8D420D7E934895E
:1035300042464B469118B9645B41FB64D7E91223BC
:10354000414612EB010A494643EB010B4FF00002E2
:103550004FF000034FEACB0343EA5A734FEACA0223
:1035600092469B4643461AEB0303C7F8C8304B46C6
:103570004BEB0303C7F8CC30D7F8F4305B6800227C
:10358000C7F8C030C7F8C420D7E930120B46DB18A3
:103590003B64134642EB03037B64D7E91023D7E96E
:1035A0003201EDF7A7FC02460B4611463B4BA3FB4D
:1035B00001235B09642202FB03F3CB1ADB0003F156
:1035C0003202364BA3FB02235B095B0003F4F87362
:1035D0001C44D7F8FC300022C7F8B830C7F8BC202C
:1035E000D7E92E8942464B469118B9635B41FB638C
:1035F000D7E90E2341465118396349464B417B6355
:103600004FF000024FF00003D7E90CAB5946CB0056
:10361000514643EA51735146CA00104619460346C3
:1036200042469B18C7F8B0304B460A4642EB0303AC
:10363000C7F8B430D7F8F4305B680022C7F8A83078
:10364000C7F8AC20D7E92A120B46DB18BB62134639
:1036500042EB0303FB62D7E90A23D7E92C01EDF71C
:1036600049FC02460B460D4BA3FB02135B09642188
:1036700001FB03F3D31ADB003233084AA2FB032316
:103680005B0903F00702D7F8F4301B6822449A6004
:1036900006E100BF00100140001401401F85EB51FE
:1036A000D7F8FC300022C7F8A030C7F8A420D7E92B
:1036B000288942464B46911839625B417B62D7E9C3
:1036C000082341465418494643EB01054FF00002D8
:1036D0004FF00003EB0043EA5473E20014461D462A
:1036E0004346E318C7F898304B4645EB0303C7F849
:1036F0009C30D7F8F4305B680022C7F89030C7F8E8
:1037000094204FF000024FF00003D7E924452946EA
:103710008B00214643EA917321468A00D7E92601AE
:10372000EDF7E8FB02460B46604BA3FB02235B0967
:103730001C01D7F8FC300022C7F88830C7F88C206D
:10374000D7E9228942464B469118B9615B41FB613A
:10375000D7E9062341465118396149464B417B61FF
:103760004FF000024FF00003D7E904AB5946CB00FD
:10377000514643EA51735146CA0010461946034662
:1037800042469B18C7F880304B460A4642EB03037B
:10379000C7F88430D7F8F4305B680022BB67FA675B
:1037A0004FF000024FF00003D7E91E8949468B0015
:1037B000414643EA917341468A00D7E92001EDF77B
:1037C00099FB02460B461146384BA3FB01235B09CC
:1037D000642202FB03F3CB1A1B013233334AA2FBF0
:1037E00003235B0903F0F0031C44D7F8FC300022EC
:1037F0003B677A67D7E91C8942464B469118B96006
:103800005B41FB60D7E902234146511839604946C4
:103810004B417B604FF000024FF00003D7E900AB53
:103820005946CB00514643EA51735146CA001046EF
:103830001946034642469B18BB664B460A4642EB76
:103840000303FB66D7F8F4305B6800223B667A66B8
:103850004FF000024FF00003D7E9188949468B006A
:10386000414643EA917341468A00D7E91A01EDF7D0
:1038700041FB02460B460D4BA3FB02135B0964217F
:1038800001FB03F3D31A1B013233084AA2FB0323C3
:103890005B0903F00F02D7F8F4301B6822449A60EA
:1038A00000BF07F58077BD46BDE8B08F1F85EB519F
:1038B00080B483B000AF03463960FB7197F90730DD
:1038C000002B0ADB3B68DAB20C4997F9073012018A
:1038D000D2B20B4483F800230AE03B68DAB208490D
:1038E000FB7903F00F03043B1201D2B20B441A76AA
:1038F00000BF0C37BD465DF8047B704700E100E077
:1039000000ED00E080B500AF054B1B6802F004F845
:103910000346012B01D002F0FFFD00BF80BD00BFB8
:1039200010E000E080B500AF00216FF00400FFF769
:10393000BFFF00BF80BD000080B483B000AFEFF3D5
:1039400005833B603B68002B03D06FF005037B6071
:103950000CE00A4B1B68002B05D1084B01221A60B2
:1039600000237B6002E04FF0FF337B607B681846EA
:103970000C37BD465DF8047B704700BF842C0020E7
:1039800080B582B000AFEFF305833B603B68002B4E
:1039900003D06FF005037B6010E00B4B1B68012B1D
:1039A00009D1FFF7BFFF084B02221A6001F0F4FAB9
:1039B00000237B6002E04FF0FF337B607B6818469A
:1039C0000837BD4680BD00BF842C002080B58EB076
:1039D00004AFF860B9607A6000233B61EFF30583C0
:1039E0007B617B69002B7FD1FB68002B7CD04FF47F
:1039F00000733B621823FB6100237B624FF0FF33AF
:103A0000BB617B68002B45D07B681B68002B02D014
:103A10007B681B687B627B689B69002B02D07B689C
:103A20009B69FB61FB69002B08D0FB69382B05D82B
:103A30007B685B6803F00103002B01D0002354E096
:103A40007B685B69002B03D07B685B699B083B62EA
:103A50007B689B68002B0ED07B68DB68A72B0AD99C
:103A60007B681B69002B06D07B685B69002B02D04A
:103A70000123BB6110E07B689B68002B0CD17B6845
:103A8000DB68002B08D17B681B69002B04D1002365
:103A9000BB6101E00023BB61BB69012B10D17B68D6
:103AA0001B697A68926802920193FB690093BB6874
:103AB0003A6A796AF86801F07BF803463B6113E0E3
:103AC000BB69002B10D13B6A9AB207F11003019336
:103AD000FB690093BB68796AF86801F0C9F803468E
:103AE000012B01D000233B613B6918462837BD46B6
:103AF00080BD80B584B000AF7860EFF30583BB6014
:103B0000BB68002B03D06FF00503FB6007E00023C8
:103B1000FB607B68002B02D0786801F007FAFB6835
:103B200018461037BD4680BD80B58AB002AFF86038
:103B3000B9607A600023FB61EFF305833B613B6969
:103B4000002B5FD1FB68002B5CD0BB68002B59D0E9
:103B50004FF0FF33BB617B68002B29D07B689B68EB
:103B6000002B12D07B68DB684F2B0ED97B681B695A
:103B7000002B0AD07B685A69FB68B96801FB03F324
:103B80009A4202D30123BB6114E07B689B68002B3F
:103B900010D17B68DB68002B0CD17B681B69002B84
:103BA00008D17B685B69002B04D10023BB6101E075
:103BB0000023BB61BB69012B0BD17B681A697B6851
:103BC0009B6800210091B968F86800F055FAF86127
:103BD00008E0BB69002B05D10022B968F86800F045
:103BE000C8FAF861FB69002B0CD07B68002B03D06E
:103BF0007B681B687B6101E000237B617969F86960
:103C000000F04EFFFB6918462037BD4680BD00001E
:103C100080B588B000AFF860B9603B601346FB71B7
:103C2000FB68BB610023FB61EFF305837B617B696C
:103C3000002B28D0BB69002B05D0BB68002B02D01D
:103C40003B68002B03D06FF00303FB6138E00023D7
:103C50003B6107F110020023B968B86900F0EAFB84
:103C60000346012B03D06FF00203FB6128E03B69A0
:103C7000002B25D0154B4FF080521A60BFF34F8FA9
:103C8000BFF36F8F1CE0BB69002B02D0BB68002B19
:103C900003D16FF00303FB6112E000233A68B968B7
:103CA000B86900F0C5FA0346012B09D03B68002B28
:103CB00003D06FF00103FB6102E06FF00203FB61D0
:103CC000FB6918462037BD4680BD00BF04ED00E00B
:103CD00080B588B000AFF860B9607A603B60FB687F
:103CE000BB610023FB61EFF305837B617B69002BE4
:103CF00028D0BB69002B05D0BB68002B02D03B68E5
:103D0000002B03D06FF00303FB6137E000233B611E
:103D100007F110031A46B968B86900F00BFD0346B5
:103D2000012B03D06FF00203FB6127E03B69002BFE
:103D300024D0154B4FF080521A60BFF34F8FBFF362
:103D40006F8F1BE0BB69002B02D0BB68002B03D137
:103D50006FF00303FB6111E03A68B968B86900F0DD
:103D600007FC0346012B09D03B68002B03D06FF002
:103D70000103FB6102E06FF00203FB61FB6918467F
:103D80002037BD4680BD00BF04ED00E080B586B0A1
:103D900000AF78607B683B61EFF30583FB60FB68F5
:103DA000002B03D06FF005037B610EE03B69002B15
:103DB00003D16FF003037B6107E0386900F09AFEDE
:103DC00000237B61386900F037FD7B69184618379E
:103DD000BD4680BD80B485B000AFF860B9607A6040
:103DE000FB68074A1A60BB68064A1A607B684FF492
:103DF00000721A6000BF1437BD465DF8047B70473F
:103E0000882C0020302D002080B485B000AFF860F1
:103E1000B9607A60FB68074A1A60BB68064A1A6094
:103E20007B684FF480621A6000BF1437BD465DF8AE
:103E3000047B704730350020D835002080B483B033
:103E400000AF78607B6803F108027B685A607B688A
:103E50004FF0FF329A607B6803F108027B68DA60FA
:103E60007B6803F108027B681A617B6800221A6094
:103E700000BF0C37BD465DF8047B704780B483B04B
:103E800000AF78607B6800221A6100BF0C37BD4626
:103E90005DF8047B704780B485B000AF786039600E
:103EA0007B685B68FB603B68FA685A60FB689A68ED
:103EB0003B689A60FB689B683A685A60FB683A689E
:103EC0009A603B687A681A617B681B685A1C7B6839
:103ED0001A6000BF1437BD465DF8047B704780B49C
:103EE00085B000AF786039603B681B68BB60BB6819
:103EF000B3F1FF3F03D17B681B69FB600CE07B687B
:103F00000833FB6002E0FB685B68FB60FB685B6892
:103F10001B68BA689A42F6D2FB685A683B685A60D6
:103F20003B685B683A689A603B68FA689A60FB682D
:103F30003A685A603B687A681A617B681B685A1C49
:103F40007B681A6000BF1437BD465DF8047B70477C
:103F500080B485B000AF78607B681B69FB607B68CC
:103F60005B687A6892689A607B689B687A68526836
:103F70005A60FB685B687A689A4203D17B689A68EA
:103F8000FB685A607B6800221A61FB681B685A1E36
:103F9000FB681A60FB681B6818461437BD465DF85D
:103FA000047B704780B584B000AF786039607B686F
:103FB000FB60FB68002B0BD14FF0500383F311889B
:103FC000BFF36F8FBFF34F8FBB6000BF00BFFDE734
:103FD00002F012FAFB681A68FB68DB6BF968096C7F
:103FE00001FB03F31A44FB689A60FB6800229A63A2
:103FF000FB681A68FB685A60FB681A68FB68DB6B31
:10400000013BF968096C01FB03F31A44FB68DA60B1
:10401000FB68FF2283F84420FB68FF2283F84520D9
:104020003B68002B14D1FB681B69002B1AD0FB687E
:104030001033184601F072FA0346002B12D00D4BD4
:104040004FF080521A60BFF34F8FBFF36F8F09E0BC
:10405000FB6810331846FFF7F1FEFB68243318465F
:10406000FFF7ECFE02F0FAF9012318461037BD46BF
:1040700080BD00BF04ED00E080B58EB002AFF860F7
:10408000B9607A603B60FB68002B0BD14FF05003A6
:1040900083F31188BFF36F8FBFF34F8FBB6200BFF5
:1040A00000BFFDE73B68002B0BD14FF0500383F3BB
:1040B0001188BFF36F8FBFF34F8F7B6200BF00BFCC
:1040C000FDE77B68002B02D0BB68002B01D00123E9
:1040D00000E00023002B0BD14FF0500383F3118835
:1040E000BFF36F8FBFF34F8F3B6200BF00BFFDE791
:1040F0007B68002B02D1BB68002B01D1012300E0BB
:104100000023002B0BD14FF0500383F31188BFF332
:104110006F8FBFF34F8FFB6100BF00BFFDE75023E0
:104120007B617B69502B0BD04FF0500383F31188D8
:10413000BFF36F8FBFF34F8FBB6100BF00BFFDE7C1
:104140007B693B68FB62FB6A002B0DD0FB6A012296
:1041500083F8462097F83820FB6A009313467A6864
:10416000B968F86800F040F8FB6A18463037BD4679
:1041700080BD80B58AB002AFF860B9601346FB71AC
:10418000FB68002B0BD14FF0500383F31188BFF372
:104190006F8FBFF34F8F3B6100BF00BFFDE7FB6830
:1041A000BA6802FB03F3FB61FB695033184602F067
:1041B00045FAB861BB69002B11D0BB697B617B6993
:1041C00050337B61BB69002283F84620FA79BB69D2
:1041D000009313467A69B968F86800F005F8BB697E
:1041E00018462037BD4680BD80B584B000AFF8606A
:1041F000B9607A60FB70BB68002B03D1BB69BA69F8
:104200001A6002E0BB697A681A60BB69FA68DA630F
:10421000BB69BA681A640121B869FFF7C3FEBB69BC
:10422000FA7883F84C2000BF1037BD4680BD0000EF
:1042300080B58EB000AFF860B9607A603B60002353
:104240007B63FB683B633B6B002B0BD14FF0500350
:1042500083F31188BFF36F8FBFF34F8FBB6200BF33
:1042600000BFFDE7BB68002B03D13B6B1B6C002B31
:1042700001D1012300E00023002B0BD14FF05003AC
:1042800083F31188BFF36F8FBFF34F8F7B6200BF43
:1042900000BFFDE73B68022B03D13B6BDB6B012BBF
:1042A00001D1012300E00023002B0BD14FF050037C
:1042B00083F31188BFF36F8FBFF34F8F3B6200BF53
:1042C00000BFFDE701F028FB0346002B02D17B680D
:1042D000002B01D1012300E00023002B0BD14FF074
:1042E000500383F31188BFF36F8FBFF34F8FFB61D0
:1042F00000BF00BFFDE702F07FF83B6B9A6B3B6BA2
:10430000DB6B9A4202D33B68022B29D13A68B96829
:10431000386B00F0B5FAF8623B6B5B6A002B10D08B
:104320003B6B2433184601F0F9F80346002B13D0F9
:104330003F4B4FF080521A60BFF34F8FBFF36F8F28
:104340000AE0FB6A002B07D0394B4FF080521A600D
:10435000BFF34F8FBFF36F8F02F080F8012363E04C
:104360007B68002B03D102F079F800235CE07B6BC3
:10437000002B06D107F11403184601F033F901238D
:104380007B6302F06BF800F077FE02F035F83B6BD0
:1043900093F844305BB2B3F1FF3F03D13B6B002293
:1043A00083F844203B6B93F845305BB2B3F1FF3F99
:1043B00003D13B6B002283F8452002F04FF83A1DF1
:1043C00007F114031146184601F022F90346002BA9
:1043D00024D1386B00F04CFB0346002B18D03B6B0C
:1043E00010337A681146184601F046F8386B00F031
:1043F000D7FA00F04FFE0346002B7FF47CAF0C4B46
:104400004FF080521A60BFF34F8FBFF36F8F72E788
:10441000386B00F0C5FA00F03DFE6CE7386B00F039
:10442000BFFA00F037FE002318463837BD4680BD7E
:1044300004ED00E080B590B000AFF860B9607A603C
:104440003B60FB68BB63BB6B002B0BD14FF0500391
:1044500083F31188BFF36F8FBFF34F8FBB6200BF31
:1044600000BFFDE7BB68002B03D1BB6B1B6C002BAF
:1044700001D1012300E00023002B0BD14FF05003AA
:1044800083F31188BFF36F8FBFF34F8F7B6200BF41
:1044900000BFFDE73B68022B03D1BB6BDB6B012B3D
:1044A00001D1012300E00023002B0BD14FF050037A
:1044B00083F31188BFF36F8FBFF34F8F3B6200BF51
:1044C00000BFFDE702F078F8EFF311824FF05003E0
:1044D00083F31188BFF36F8FBFF34F8FFA61BB6116
:1044E000FB697B63BB6B9A6BBB6BDB6B9A4202D342
:1044F0003B68022B2FD1BB6B93F8453087F83330E4
:10450000BB6B9B6BFB623A68B968B86B00F0B8F99B
:1045100097F93330B3F1FF3F12D1BB6B5B6A002BCD
:1045200016D0BB6B2433184600F0F8FF0346002B6F
:104530000ED07B68002B0BD07B6801221A6007E04D
:1045400097F833300133DBB25AB2BB6B83F84520A6
:104550000123FB6301E00023FB637B6B7B617B69D1
:1045600083F3118800BFFB6B18464037BD4680BD02
:1045700080B58CB000AFF860B9607A600023FB6250
:10458000FB68BB62BB6A002B0BD14FF0500383F377
:104590001188BFF36F8FBFF34F8F3B6200BF00BF27
:1045A000FDE7BB68002B03D1BB6A1B6C002B01D15C
:1045B000012300E00023002B0BD14FF0500383F3C5
:1045C0001188BFF36F8FBFF34F8FFB6100BF00BF38
:1045D000FDE701F0A1F90346002B02D17B68002B17
:1045E00001D1012300E00023002B0BD14FF0500339
:1045F00083F31188BFF36F8FBFF34F8FBB6100BF91
:1046000000BFFDE701F0F8FEBB6A9B6B7B627B6A33
:10461000002B1FD0B968B86A00F09CF97B6A5A1E5B
:10462000BB6A9A63BB6A1B69002B0FD0BB6A10334D
:10463000184600F073FF0346002B07D03C4B4FF0A9
:1046400080521A60BFF34F8FBFF36F8F01F006FFE8
:10465000012369E07B68002B03D101F0FFFE0023FA
:1046600062E0FB6A002B06D107F11003184600F048
:10467000B9FF0123FB6201F0F1FE00F0FDFC01F047
:10468000BBFEBB6A93F844305BB2B3F1FF3F03D18A
:10469000BB6A002283F84420BB6A93F845305BB2C2
:1046A000B3F1FF3F03D1BB6A002283F8452001F03C
:1046B000D5FE3A1D07F110031146184600F0A8FF79
:1046C0000346002B23D1B86A00F0BCF90346002B47
:1046D00017D0BB6A24337A681146184600F0CCFE26
:1046E000B86A00F05DF900F0D5FC0346002B89D1D3
:1046F0000F4B4FF080521A60BFF34F8FBFF36F8F95
:1047000080E7B86A00F04CF900F0C4FC7AE7B86AB8
:1047100000F046F900F0BEFCB86A00F093F90346D9
:10472000002B3FF46FAF002318463037BD4680BDE5
:1047300004ED00E080B58EB000AFF860B9607A603B
:10474000FB683B633B6B002B0BD14FF0500383F3B3
:104750001188BFF36F8FBFF34F8F3B6200BF00BF65
:10476000FDE7BB68002B03D13B6B1B6C002B01D119
:10477000012300E00023002B0BD14FF0500383F303
:104780001188BFF36F8FBFF34F8FFB6100BF00BF76
:10479000FDE701F011FFEFF311824FF0500383F3B7
:1047A0001188BFF36F8FBFF34F8FBA617B61BB6915
:1047B000FB623B6B9B6BBB62BB6A002B2FD03B6BDE
:1047C00093F8443087F82730B968386B00F0C2F8A6
:1047D000BB6A5A1E3B6B9A6397F92730B3F1FF3FD0
:1047E00012D13B6B1B69002B16D03B6B1033184664
:1047F00000F094FE0346002B0ED07B68002B0BD0FC
:104800007B6801221A6007E097F827300133DBB29A
:104810005AB23B6B83F8442001237B6301E0002301
:104820007B63FB6A3B613B6983F3118800BF7B6B51
:1048300018463837BD4680BD80B584B000AF78607B
:104840007B68FB60FB68002B0BD14FF0500383F3B8
:104850001188BFF36F8FBFF34F8FBB6000BF00BFE6
:10486000FDE7F86800F046F9FB6893F84630002B46
:1048700002D1F86801F0B6FF00BF1037BD4680BD19
:1048800080B586B000AFF860B9607A6000237B61C4
:10489000FB689B6B3B61FB681B6C002B0DD1FB68BD
:1048A0001B68002B4DD1FB689B68184601F052F83D
:1048B0007861FB6800229A6043E07B68002B19D185
:1048C000FB685868FB681B6C1A46B96802F0C6F9A9
:1048D000FB685A68FB681B6C1A44FB685A60FB68EB
:1048E0005A68FB689B689A422BD3FB681A68FB687E
:1048F0005A6026E0FB68D868FB681B6C1A46B968EA
:1049000002F0ACF9FB68DA68FB681B6C5B421A4486
:10491000FB68DA60FB68DA68FB681B689A4207D2BA
:10492000FB689A68FB681B6C5B421A44FB68DA60A0
:104930007B68022B05D13B69002B02D03B69013B10
:104940003B613B695A1CFB689A637B6918461837C0
:10495000BD4680BD80B582B000AF786039607B68AD
:104960001B6C002B18D07B68DA687B681B6C1A44C0
:104970007B68DA607B68DA687B689B689A4203D35D
:104980007B681A687B68DA607B68D9687B681B6C17
:104990001A46386802F062F900BF0837BD4680BD8C
:1049A00080B584B000AF786001F026FD7B6893F895
:1049B0004530FB7311E07B685B6A002B12D07B688B
:1049C0002433184600F0AAFD0346002B01D000F066
:1049D00083FEFB7B013BDBB2FB7397F90F30002BAF
:1049E000E9DC00E000BF7B68FF2283F8452001F08E
:1049F00035FD01F001FD7B6893F84430BB7311E095
:104A00007B681B69002B12D07B681033184600F0BE
:104A100085FD0346002B01D000F05EFEBB7B013B11
:104A2000DBB2BB7397F90E30002BE9DC00E000BF6E
:104A30007B68FF2283F8442001F010FD00BF10378F
:104A4000BD4680BD80B584B000AF786001F0D4FC75
:104A50007B689B6B002B02D10123FB6001E00023EC
:104A6000FB6001F0FBFCFB6818461037BD4680BDBB
:104A700080B584B000AF786001F0BEFC7B689A6BB3
:104A80007B68DB6B9A4202D10123FB6001E00023CB
:104A9000FB6001F0E3FCFB6818461037BD4680BDA3
:104AA00080B485B000AF786039600023FB6014E00B
:104AB0000F4AFB6852F83330002B0BD10C49FB68CE
:104AC0003A6841F833200A4AFB68DB0013447A68ED
:104AD0005A6006E0FB680133FB60FB68072BE7D9EF
:104AE00000BF00BF1437BD465DF8047B704700BFB0
:104AF000D845002080B485B000AF78600023FB600B
:104B000016E0104AFB68DB0013445B687A689A423F
:104B10000BD10C4AFB68002142F83310094AFB68AC
:104B2000DB00134400225A6006E0FB680133FB609F
:104B3000FB68072BE5D900BF00BF1437BD465DF801
:104B4000047B7047D845002080B586B000AFF86080
:104B5000B9607A60FB687B6101F04EFC7B6993F879
:104B600044305BB2B3F1FF3F03D17B69002283F88D
:104B700044207B6993F845305BB2B3F1FF3F03D12A
:104B80007B69002283F8452001F068FC7B699B6B00
:104B9000002B06D17B6924337A68B968184600F087
:104BA00091FC7869FFF7FCFE00BF1837BD4680BD59
:104BB00080B58EB004AFF860B9607A603B607B6B03
:104BC000002B0BD14FF0500383F31188BFF36F8F8D
:104BD000BFF34F8F3B6200BF00BFFDE7BB6B002BF5
:104BE0000BD14FF0500383F31188BFF36F8FBFF3E6
:104BF0004F8FFB6100BF00BFFDE7A8233B613B690E
:104C0000A82B0BD04FF0500383F31188BFF36F8FA5
:104C1000BFF34F8FBB6100BF00BFFDE73B69BB6BBC
:104C2000002B1ED07B6B002B1BD0BB6B7B627B6A87
:104C30007A6B1A637B6A022283F8A5200023039310
:104C40007B6A029307F1140301933B6B00933B686B
:104C50007A68B968F86800F051F8786A00F0F6F8F8
:104C600001E000237B617B6918462837BD4680BD83
:104C700080B58CB004AFF860B9603B601346FB8030
:104C8000FB889B00184601F0D9FC78617B69002BFA
:104C90000ED0A82001F0D2FCF861FB69002B03D0F4
:104CA000FB697A691A6305E0786901F09BFD01E010
:104CB0000023FB61FB69002B17D0FB69002283F8FE
:104CC000A520FA8800230393FB690293FB6A0193F2
:104CD000BB6A00933B68B968F86800F00FF8F869A0
:104CE00000F0B4F80123BB6102E04FF0FF33BB6179
:104CF000BB6918462037BD4680BD000080B588B02E
:104D000000AFF860B9607A603B603B6B186B7B6802
:104D10009B001A46A52101F00FFF3B6B1A6B7B68C5
:104D200003F18043013B9B001344BB61BB6923F04B
:104D30000703BB61BB6903F00703002B0BD04FF0E7
:104D4000500383F31188BFF36F8FBFF34F8F7B61E5
:104D500000BF00BFFDE7BB68002B1FD00023FB6135
:104D600012E0BA68FB69134419783A6BFB69134483
:104D700034330A461A70BA68FB6913441B78002B57
:104D800006D0FB690133FB61FB690F2BE9D900E019
:104D900000BF3B6B002283F8432003E03B6B002203
:104DA00083F83420BB6A372B01D93723BB623B6BB6
:104DB000BA6ADA623B6BBA6ADA643B6B00221A6544
:104DC0003B6B04331846FFF759F83B6B1833184612
:104DD000FFF754F83B6B3A6B1A61BB6AC3F13802B8
:104DE0003B6B9A613B6B3A6B5A623B6B0022C3F898
:104DF000A0203B6B002283F8A4203B6B54334C2251
:104E00000021184601F098FE3B6B0D4A9A653B6BFA
:104E10000C4ADA653B6B0C4A1A663A68F968B8695D
:104E200001F0B6F902463B6B1A60FB6A002B02D018
:104E3000FB6A3A6B1A6000BF2037BD4680BD00BFD9
:104E40006CDC0120D4DC01203CDD012080B582B087
:104E500000AF786001F0D0FA2D4B1B6801332C4A6B
:104E600013602C4B1B68002B09D12A4A7B68136006
:104E7000274B1B68012B10D100F052FC0DE0264B94
:104E80001B68002B09D1234B1B68DA6A7B68DB6A3D
:104E90009A4202D81F4A7B681360204B1B6801337B
:104EA0001E4A13601D4B1A687B685A647B68DA6A75
:104EB0001B4B1B689A4203D97B68DB6A184A136054
:104EC0007B68DA6A13469B0013449B00154A1A4418
:104ED0007B68043319461046FEF7DDFF01F0BEFA89
:104EE0000D4B1B68002B0ED00A4B1B68DA6A7B68DF
:104EF000DB6A9A4207D20C4B4FF080521A60BFF324
:104F00004F8FBFF36F8F00BF0837BD4680BD00BF16
:104F1000EC4A002018460020F84A0020084B0020E8
:104F2000F44A00201C46002004ED00E080B584B067
:104F300000AF78600023FB607B68002B18D0144B17
:104F40001B68002B0BD04FF0500383F31188BFF385
:104F50006F8FBFF34F8FBB6000BF00BFFDE700F056
:104F60008BF80021786800F065FD00F093F8F86098
:104F7000FB68002B07D1074B4FF080521A60BFF33C
:104F80004F8FBFF36F8F00BF1037BD4680BD00BF8E
:104F9000144B002004ED00E080B58AB004AF00237C
:104FA000BB6000237B603A46391D07F108031846B1
:104FB000FEF710FF39687B68BA68029201930023FC
:104FC000009300230A4624492448FFF7F1FD0346D5
:104FD000234A1360224B1B68002B02D001237B6104
:104FE00001E000237B617B69012B02D100F076FD9B
:104FF00078617B69012B1BD14FF0500383F311883B
:10500000BFF36F8FBFF34F8F3B6100BF154B1B6822
:105010005433154A1360154B4FF0FF321A60144B8E
:1050200001221A60134B00221A6001F041F90FE0CF
:105030007B69B3F1FF3F0BD14FF0500383F311882D
:10504000BFF36F8FBFF34F8FFB6000BF00BFFDE763
:1050500000BF1837BD4680BDA0B50108F156010854
:10506000104B002018460020100000200C4B0020A0
:10507000F84A0020F04A002080B400AF044B1B68BF
:105080000133034A136000BFBD465DF8047B7047DF
:10509000144B002080B584B000AF0023FB600023D8
:1050A000BB60424B1B68002B0BD14FF0500383F3C6
:1050B0001188BFF36F8FBFF34F8F3B6000BF00BFFE
:1050C000FDE701F099F9394B1B68013B374A136042
:1050D000364B1B68002B62D1354B1B68002B5ED012
:1050E0002FE0344BDB68DB68FB60FB681833184645
:1050F000FEF72EFFFB6804331846FEF729FFFB6816
:10510000DA6A2D4B1B689A4203D9FB68DB6A2A4A8C
:105110001360FB68DA6A13469B0013449B00274A1E
:105120001A44FB68043319461046FEF7B4FEFB68C8
:10513000DA6A234B1B68DB6A9A4202D3214B0122B5
:105140001A601C4B1B68002BCBD1FB68002B01D0D5
:1051500000F0C2FB1C4B1B687B607B68002B10D0EF
:1051600000F046F80346002B02D0164B01221A60CD
:105170007B68013B7B607B68002BF1D1124B0022E6
:105180001A60104B1B68002B09D00123BB600F4B2A
:105190004FF080521A60BFF34F8FBFF36F8F01F053
:1051A0005DF9BB6818461037BD4680BD144B002022
:1051B000EC4A0020AC4A0020F44A00201C460020A3
:1051C00018460020004B0020FC4A002004ED00E0BF
:1051D00080B483B000AF054B1B687B607B681846CA
:1051E0000C37BD465DF8047B704700BFF04A0020D5
:1051F00080B586B000AF00237B614F4B1B68002B4E
:1052000040F090804D4B1B6801333B614B4A3B693A
:1052100013603B69002B21D1494B1B681B68002B95
:105220000BD04FF0500383F31188BFF36F8FBFF3A0
:105230004F8F3B6000BF00BFFDE7414B1B68FB6029
:10524000404B1B683E4A13603E4AFB6813603E4B6E
:105250001B6801333C4A136000F03EFB3B4B1B686C
:105260003A699A4249D3364B1B681B68002B04D11C
:10527000364B4FF0FF321A603FE0314B1B68DB6862
:10528000DB68BB60BB685B687B603A697B689A429D
:1052900003D22E4A7B6813602FE0BB6804331846A4
:1052A000FEF756FEBB689B6A002B04D0BB68183320
:1052B0001846FEF74DFEBB68DA6A254B1B689A421A
:1052C00003D9BB68DB6A224A1360BB68DA6A1346FB
:1052D0009B0013449B001F4A1A44BB6804331946C1
:1052E0001046FEF7D8FDBB68DA6A1B4B1B68DB6A09
:1052F0009A42B8D301237B61B5E7174B1B68DA6A82
:10530000144913469B0013449B000B441B68012B5C
:1053100001D901237B61114B1B68002B07D00123AE
:105320007B6104E00E4B1B6801330D4A13607B69FF
:1053300018461837BD4680BD144B0020F04A0020A7
:10534000A44A0020A84A0020044B00200C4B002057
:10535000F44A00201C46002018460020004B002084
:10536000FC4A002080B586B000AF3D4B1B68002B87
:1053700003D03C4B01221A606EE03A4B00221A60C7
:10538000394B1B681B6B3B614FF0A533FB603B69DE
:105390001B68FA689A4211D13B6904331B68FA68AA
:1053A0009A420BD13B6908331B68FA689A4205D1CF
:1053B0003B690C331B68FA689A4208D02A4B1A687A
:1053C000294B1B68343319461046EBF729FF274B4E
:1053D0001B687B6111E07B69002B0BD14FF0500300
:1053E00083F31188BFF36F8FBFF34F8F7B6000BFD4
:1053F00000BFFDE77B69013B7B611D497A6913466C
:105400009B0013449B000B441B68002BE3D07A697C
:1054100013469B0013449B00154A1344BB60BB68B2
:105420005B685A68BB685A60BB685A68BB680833D7
:105430009A4204D1BB685B685A68BB685A60BB6813
:105440005B68DB68084A1360084A7B691360064B97
:105450001B685433074A136000BF1837BD4680BD30
:10546000144B0020004B002018460020F44A002076
:105470001C4600201000002080B584B000AF78608A
:1054800039607B68002B0BD14FF0500383F31188F8
:10549000BFF36F8FBFF34F8FFB6000BF00BFFDE70F
:1054A000074B1B68183319467868FEF718FD012171
:1054B000386800F0BFFA00BF1037BD4680BD00BF9E
:1054C0001846002080B586B000AFF860B9607A60F9
:1054D000FB68002B0BD14FF0500383F31188BFF30F
:1054E0006F8FBFF34F8F7B6100BF00BFFDE70A4B9B
:1054F0001B6818331946F868FEF7CDFC7B68002B53
:1055000002D04FF0FF33BB607968B86800F092FAC0
:1055100000BF1837BD4680BD1846002080B586B054
:1055200000AF78607B68DB68DB683B613B69002B20
:105530000BD14FF0500383F31188BFF36F8FBFF38C
:105540004F8FFB6000BF00BFFDE73B691833184673
:10555000FEF7FEFC1D4B1B68002B1DD13B6904337D
:105560001846FEF7F5FC3B69DA6A194B1B689A424C
:1055700003D93B69DB6A164A13603B69DA6A134652
:105580009B0013449B00134A1A443B690433194699
:105590001046FEF780FC05E03B69183319460E48BB
:1055A000FEF779FC3B69DA6A0C4B1B68DB6A9A42AE
:1055B00005D901237B610A4B01221A6001E0002317
:1055C0007B617B6918461837BD4680BD144B0020AF
:1055D000F44A00201C460020AC4A00201846002057
:1055E000004B002080B483B000AF7860064B1A688F
:1055F0007B681A60054B1A687B685A6000BF0C37DD
:10560000BD465DF8047B7047044B0020F04A002043
:1056100080B588B000AF786039607B68002B0BD113
:105620004FF0500383F31188BFF36F8FBFF34F8F99
:105630003B6100BF00BFFDE73B68002B0BD14FF083
:10564000500383F31188BFF36F8FBFF34F8FFB605D
:1056500000BF00BFFDE700F0CFFE1D4B1B68BB6124
:105660007B685B68BA69D31A7B613B681B68B3F1DE
:10567000FF3F02D10023FB6123E07B681A68154BD2
:105680001B689A4207D07B685B68BA699A4202D36A
:105690000123FB6115E03B681B687A699A420BD2D3
:1056A0003B681A687B69D21A3B681A607868FFF712
:1056B00099FF0023FB6104E03B6800221A6001238C
:1056C000FB6100F0CBFEFB6918462037BD4680BD6C
:1056D000F04A0020044B002080B400AF034B0122AD
:1056E0001A6000BFBD465DF8047B7047004B002088
:1056F00080B582B000AF786000F052F8064B1B68AE
:10570000012BF9D9054B4FF080521A60BFF34F8F30
:10571000BFF36F8FF0E700BF1C46002004ED00E0F0
:1057200080B582B000AF00237B600CE07A6813463E
:105730009B0013449B00124A13441846FEF77EFB5D
:105740007B6801337B607B68372BEFD90D48FEF710
:1057500075FB0D48FEF772FB0C48FEF76FFB0C481B
:10576000FEF76CFB0B48FEF769FB0B4B054A1A6012
:105770000A4B054A1A6000BF0837BD4680BD00BF0E
:105780001C4600207C4A0020904A0020AC4A0020A1
:10579000C04A0020D84A0020A44A0020A84A00207D
:1057A00080B582B000AF19E000F026FE104BDB6838
:1057B000DB687B607B6804331846FEF7C9FB0D4B42
:1057C0001B68013B0B4A13600B4B1B68013B0A4AE9
:1057D000136000F043FE786800F048F8064B1B6841
:1057E000002BE1D100BF00BF0837BD4680BD00BF20
:1057F000C04A0020EC4A0020D44A002080B485B082
:1058000000AF78600023FB6005E07B6801337B60BC
:10581000FB680133FB607B681B78A52BF5D0FB6828
:105820009B08FB60FB689BB218461437BD465DF8C9
:10583000047B704780B586B000AF78607B68002B32
:1058400002D1094B1B6800E07B687B617B691B6BA5
:105850003B613869FFF7D2FF0346FB60FB681846DF
:105860001837BD4680BD00BF1846002080B584B003
:1058700000AF78607B685433184601F065F97B68A7
:1058800093F8A530002B08D17B681B6B184600F0FD
:10589000A9FF786800F0A6FF19E07B6893F8A530AF
:1058A000012B03D1786800F09DFF10E07B6893F82E
:1058B000A530022B0BD04FF0500383F31188BFF3B8
:1058C0006F8FBFF34F8FFB6000BF00BFFDE700BFCE
:1058D0001037BD4680BD000080B483B000AF0C4BD4
:1058E0001B681B68002B04D10A4B4FF0FF321A6073
:1058F00008E0074B1B68DB68DB687B607B685B68E4
:10590000044A136000BF0C37BD465DF8047B704746
:10591000A44A00200C4B002080B483B000AF0B4B96
:105920001B68002B02D101237B6008E0084B1B6839
:10593000002B02D102237B6001E000237B607B68A7
:1059400018460C37BD465DF8047B7047F84A0020C6
:10595000144B002080B586B000AF78607B683B6157
:1059600000237B617B68002B58D02F4B1B683A6962
:105970009A420BD04FF0500383F31188BFF36F8F1F
:10598000BFF34F8FFB6000BF00BFFDE73B691B6D9E
:10599000002B0BD14FF0500383F31188BFF36F8FAF
:1059A000BFF34F8FBB6000BF00BFFDE73B691B6DBE
:1059B0005A1E3B691A653B69DA6A3B69DB6C9A429D
:1059C0002CD03B691B6D002B28D13B690433184652
:1059D000FEF7BEFA3B69DA6C3B69DA623B69DB6A67
:1059E000C3F138023B699A613B69DA6A0F4B1B6865
:1059F0009A4203D93B69DB6A0C4A13603B69DA6A55
:105A000013469B0013449B00094A1A443B69043324
:105A100019461046FEF73FFA01237B617B69184661
:105A20001837BD4680BD00BF18460020F44A00204C
:105A30001C46002080B584B000AF78603960214BEF
:105A40001B68FB60204B1B6804331846FEF780FA86
:105A50007B68B3F1FF3F0AD13B68002B07D01A4B9C
:105A60001B68043319461948FEF715FA26E0FA6850
:105A70007B681344BB60144B1B68BA685A60BA68F1
:105A8000FB689A4209D2124B1A680F4B1B68043309
:105A900019461046FEF723FA10E00E4B1A680A4B1F
:105AA0001B68043319461046FEF719FA0A4B1B68A7
:105AB000BA689A4202D2084ABB68136000BF103726
:105AC000BD4680BDF04A002018460020D84A00207C
:105AD000A84A0020A44A00200C4B002080B58AB0C0
:105AE00004AF00237B6100F013FB1D4B1B68002BF0
:105AF00021D00023FB600023BB603A1D07F10801A1
:105B000007F10C031846FEF77FF97968BB68FA685D
:105B1000029201930223009300230A46114912487E
:105B2000FFF746F80346114A1360104B1B68002B21
:105B300001D001237B617B69002B0BD14FF0500317
:105B400083F31188BFF36F8FBFF34F8F3B6100BFAB
:105B500000BFFDE77B6918461837BD4680BD00BF12
:105B6000484B0020A8B50108A95C01084C4B002057
:105B700080B58AB000AFF860B9607A603B600023FE
:105B80007B62FB68002B0BD14FF0500383F311882D
:105B9000BFF36F8FBFF34F8F3B6200BF00BFFDE7C6
:105BA000194B1B68002B2AD0BB683B617B687B616B
:105BB000FB68BB61BB68052B18DCFFF7ADFE034635
:105BC000022B09D1104B186807F1100100233A6B22
:105BD000FEF72EFB786212E00B4B186807F11001FC
:105BE00000230022FEF724FB786208E0064B1868C9
:105BF00007F1100100233A68FEF71CFC78627B6A0B
:105C000018462837BD4680BD484B002080B588B077
:105C100002AF78603960234B1B68DB68DB687B610F
:105C20007B6904331846FEF793F97B6993F82830B3
:105C300003F00403002B23D07B699A697B68D11899
:105C40007B683A68786900F0D5F80346002B20D0CD
:105C50000023009300237A6800217869FFF788FF0A
:105C600038613B69002B14D14FF0500383F3118846
:105C7000BFF36F8FBFF34F8FFB6000BF00BFFDE727
:105C80007B6993F8283023F00103DAB27B6983F84B
:105C900028207B691B6A7869984700BF1837BD4682
:105CA00080BD00BF404B002080B584B000AF78605D
:105CB00007F10803184600F059F8F860BB68194668
:105CC000F86800F005F800F0D7F800BFF0E7000032
:105CD00080B584B000AF78603960FFF7CDF907F187
:105CE0000803184600F066F8F860BB68002B30D156
:105CF0003B68002B0AD17A68FB689A4206D8FFF706
:105D0000C9F9F9687868FFF781FF24E03B68002B48
:105D100008D0134B1B681B68002B01D1012300E046
:105D200000233B600F4B18687A68FB68D31A3A6807
:105D30001946FEF709FFFFF7ADF90346002B0AD11C
:105D4000094B4FF080521A60BFF34F8FBFF36F8F34
:105D500001E0FFF79FF900BF1037BD4680BD00BFCF
:105D6000444B0020484B002004ED00E080B485B097
:105D700000AF78600E4B1B681B68002B01D101221D
:105D800000E000227B681A607B681B68002B05D14D
:105D9000074B1B68DB681B68FB6001E00023FB60AE
:105DA000FB6818461437BD465DF8047B704700BF9A
:105DB000404B002080B584B000AF7860FFF708FA50
:105DC000F8600B4B1B68FA689A4205D200F03AF96A
:105DD0007B6801221A6002E07B6800221A60044A94
:105DE000FB681360FB6818461037BD4680BD00BFD6
:105DF000504B002080B586B000AFF860B9607A6083
:105E00003B6000237B61FB68BA685A60FB68FA68F4
:105E10001A61BA687B689A4212D87A683B68D21ACB
:105E2000FB689B699A4202D301237B611BE0104B04
:105E30001A68FB68043319461046FEF750F812E062
:105E40007A683B689A4206D2BA683B689A4202D3A3
:105E500001237B6107E0074B1A68FB68043319468E
:105E60001046FEF73CF87B6918461837BD4680BDE2
:105E7000444B0020404B002080B58EB002AFCEE0F6
:105E80007B68002B19DA3B1D0433FB62FB6A002B95
:105E90000BD14FF0500383F31188BFF36F8FBFF323
:105EA0004F8FFB6100BF00BFFDE7FB6A1B68FA6A0A
:105EB0005068FA6A9268114698477B68002BC0F2D6
:105EC000AE80FB68BB62BB6A5B69002B04D0BB6A17
:105ED00004331846FEF73CF83B461846FFF76AFFC6
:105EE00078627B68092B00F2978001A252F823F0B8
:105EF000195F0108195F0108195F01088F5F010828
:105F0000A35F0108EF5F0108195F0108195F01082D
:105F10008F5F0108A35F0108BB6A93F8283043F044
:105F20000103DAB2BB6A83F82820BA68BB6A9B69AE
:105F3000D118BB687A6AB86AFFF75CFF0346002B8A
:105F40006CD0BB6A1B6AB86A9847BB6A93F8283062
:105F500003F00403002B61D0BA68BB6A9B691A4442
:105F60000023009300230021B86AFFF701FE386286
:105F70003B6A002B52D14FF0500383F31188BFF3DB
:105F80006F8FBFF34F8FBB6100BF00BFFDE7BB6AE0
:105F900093F8283023F00103DAB2BB6A83F8282093
:105FA0003DE0BB6A93F8283043F00103DAB2BB6AE4
:105FB00083F82820BA68BB6A9A61BB6A9B69002B88
:105FC0000BD14FF0500383F31188BFF36F8FBFF3F2
:105FD0004F8F7B6100BF00BFFDE7BB6A9A697B6A98
:105FE000D1187B6A7A6AB86AFFF704FF17E0BB6AC8
:105FF00093F8283003F00203002B03D1B86A00F0B5
:10600000F1FB0CE0BB6A93F8283023F00103DAB20D
:10601000BB6A83F8282002E000BF00E000BF084B05
:106020001B68391D00221846FEF7A2FA0346002B12
:106030007FF426AF00BF00BF3037BD4680BD00BF34
:10604000484B002080B588B002AF49E02E4B1B685A
:10605000DB681B683B612C4B1B68DB68DB68FB6003
:10606000FB6804331846FDF773FFFB681B6AF8688A
:106070009847FB6893F8283003F00403002B2FD0D7
:10608000FB689B693A691344BB60BA683B699A42F2
:106090000ED9FB68BA685A60FB68FA681A611A4B35
:1060A0001A68FB68043319461046FDF718FF17E01D
:1060B0000023009300233A690021F868FFF758FD98
:1060C00078607B68002B0BD14FF0500383F311886D
:1060D000BFF36F8FBFF34F8F3B6000BF00BFFDE783
:1060E000094B1B681B68002BB0D1074B1B687B61F9
:1060F000064B1B68044A1360044A7B69136000BFA7
:106100001837BD4680BD00BF404B0020444B0020E7
:1061100080B582B002AF00F06FF9154B1B68002B01
:1061200020D11448FDF78AFE1348FDF787FE134B74
:10613000104A1A60124B104A1A6000230093114B48
:10614000114A10210A20FDF797FF0346084A136001
:10615000074B1B68002B05D0054B1B680B491846E5
:10616000FEF79EFC00F07AF900BFBD4680BD00BF7F
:10617000484B0020184B00202C4B0020404B0020A7
:10618000444B0020F44B0020544B0020B0B50108D4
:1061900080B485B000AFF860B9607A60FB68043BFA
:1061A000FB60FB684FF080721A60FB68043BFB6089
:1061B000BB6823F00102FB681A60FB68043BFB60CC
:1061C0000C4AFB681A60FB68143BFB607A68FB684A
:1061D0001A60FB68043BFB60FB686FF002021A6008
:1061E000FB68203BFB60FB6818461437BD465DF832
:1061F000047B7047F961010880B485B000AF0023CB
:106200007B60134B1B68B3F1FF3F0BD04FF0500383
:1062100083F31188BFF36F8FBFF34F8FFB6000BF15
:1062200000BFFDE74FF0500383F31188BFF36F8F7A
:10623000BFF34F8FBB6000BF00BF7B68002BFCD05B
:1062400000BF00BF1437BD465DF8047B704700BF38
:106250000C00002000000000000000000000000012
:10626000074B19680868B0E8F04F80F30988BFF35E
:106270006F8F4FF0000080F311887047AFF30080FC
:106280001846002000BF00BF08480068006880F37F
:1062900008884FF0000080F3148862B661B6BFF33F
:1062A0004F8FBFF36F8F00DF00BF00BF08ED00E02E
:1062B00080B586B000AF474B1B68474A93420BD16D
:1062C0004FF0500383F31188BFF36F8FBFF34F8FED
:1062D000FB6000BF00BFFDE73E4B1B683F4A934297
:1062E0000BD14FF0500383F31188BFF36F8FBFF3CF
:1062F0004F8F3B6100BF00BFFDE7394B7B617B697E
:106300001B78DBB27B607B69FF221A707B691B788C
:10631000DBB2FB70FB78DBB203F05003DAB2314B37
:106320001A70314B07221A6009E02F4B1B68013BA2
:106330002D4A1360FB78DBB25B00DBB2FB70FB78AD
:10634000DBB203F08003802BEFD0274B1B68C3F137
:106350000703042B0BD04FF0500383F31188BFF3D6
:106360006F8FBFF34F8FBB6000BF00BFFDE71E4BB9
:106370001B681B021C4A13601B4B1B6803F4E06381
:10638000194A13607B68DAB27B691A70174B1B6875
:10639000164A43F470031360144B1B68134A43F00E
:1063A0007043136000F0DAF8114B00221A6000F01D
:1063B000F9F8104B1B680F4A43F040431360FFF796
:1063C00063FFFEF7CFFFFFF717FF002318461837CC
:1063D000BD4680BD00ED00E071C20F4170C20F41AB
:1063E00000E400E0444C0020484C002020ED00E098
:1063F0000C00002034EF00E080B483B000AF4FF019
:10640000500383F31188BFF36F8FBFF34F8F7B600F
:1064100000BF104B1B6801330E4A13600D4B1B6805
:10642000012B10D10C4B1B68DBB2002B0BD04FF0B3
:10643000500383F31188BFF36F8FBFF34F8F3B601F
:1064400000BF00BFFDE700BF0C37BD465DF8047B11
:10645000704700BF0C00002004ED00E080B483B062
:1064600000AF124B1B68002B0BD14FF0500383F38E
:106470001188BFF36F8FBFF34F8F7B6000BF00BFEA
:10648000FDE70A4B1B68013B084A1360074B1B687A
:10649000002B05D100233B603B6883F3118800BFCC
:1064A00000BF0C37BD465DF8047B70470C00002030
:1064B000EFF30980BFF36F8F154B1A681EF0100FB2
:1064C00008BF20ED108A20E9F04F106009B44FF0AA
:1064D000500080F31188BFF34F8FBFF36F8FFEF72B
:1064E00041FF4FF0000080F3118809BC196808686B
:1064F000B0E8F04F1EF0100F08BFB0EC108A80F328
:106500000988BFF36F8F7047AFF30080AFF300804F
:106510001846002000BF00BF80B582B000AF4FF02A
:10652000500383F31188BFF36F8FBFF34F8F7B60EE
:1065300000BFFEF75DFE0346002B03D0064B4FF075
:1065400080521A6000233B603B6883F3118800BFD0
:1065500000BF0837BD4680BD04ED00E080B400AF49
:106560000B4B00221A600B4B00221A600A4B1B686F
:106570000A4AA2FB03239B09094A013B1360044B0F
:1065800007221A6000BFBD465DF8047B704700BF5C
:1065900010E000E018E000E000000020D34D6210A1
:1065A00014E000E0DFF80C00016841F470010160C4
:1065B000704700BF88ED00E080B485B000AFEFF316
:1065C0000583FB60FB680F2B15D9184AFB68134441
:1065D0001B78FB72164B1B78FA7A9A420BD24FF05B
:1065E000500383F31188BFF36F8FBFF34F8F7B602E
:1065F00000BF00BFFDE70F4B1B6803F4E0620E4BCA
:106600001B689A420BD94FF0500383F31188BFF3F4
:106610006F8FBFF34F8F3B6000BF00BFFDE700BF30
:106620001437BD465DF8047B704700BFF0E300E01F
:10663000444C00200CED00E0484C002080B58AB0AE
:1066400000AF78600023FB61FEF716FD5F4B1B680F
:10665000002B01D100F042F95D4B1A687B681340B2
:10666000002B40F095807B68002B1ED008227B68B1
:1066700013447B607B6803F00703002B15D07B6815
:1066800023F0070308337B607B6803F00703002BCC
:106690000BD04FF0500383F31188BFF36F8FBFF31C
:1066A0004F8F7B6100BF00BFFDE77B68002B6FD081
:1066B000484B1B687A689A426AD8474B3B62464B04
:1066C0001B687B6204E07B6A3B627B6A1B687B62BF
:1066D0007B6A5B687A689A4203D97B6A1B68002BE5
:1066E000F1D13A4B1B687A6A9A4251D03B6A1B68D7
:1066F00008221344FB617B6A1A683B6A1A607B6A52
:106700005A687B68D21A08235B009A4220D97A6AB9
:106710007B681344BB61BB6903F00703002B0BD0FC
:106720004FF0500383F31188BFF36F8FBFF34F8F88
:106730003B6100BF00BFFDE77B6A5A687B68D21AE5
:10674000BB695A607B6A7A685A60B86900F028F9B8
:10675000204B1A687B6A5B68D31A1E4A13601D4B74
:106760001A681E4B1B689A4203D21A4B1B681B4ABD
:1067700013607B6A5A68164B1B681A437B6A5A601F
:106780007B6A00221A60164B1B680133144A13609F
:10679000FEF780FCFB69002B01D1EAF755FDFB6990
:1067A00003F00703002B0BD04FF0500383F3118845
:1067B000BFF36F8FBFF34F8FFB6000BF00BFFDE7DC
:1067C000FB6918462837BD4680BD00BF54DC012058
:1067D00068DC012058DC01204CDC01205CDC01205D
:1067E00060DC012080B586B000AF78607B687B619B
:1067F0007B68002B4FD008235B427A6913447B618E
:106800007B693B613B695A68254B1B681340002B31
:106810000BD14FF0500383F31188BFF36F8FBFF399
:106820004F8FFB6000BF00BFFDE73B691B68002B7B
:106830000BD04FF0500383F31188BFF36F8FBFF37A
:106840004F8FBB6000BF00BFFDE73B695A68144B28
:106850001B681340002B1ED03B691B68002B1AD10C
:106860003B695A680E4B1B68DB431A403B695A6010
:10687000FEF702FC3B695A680A4B1B681344094A3D
:106880001360386900F08CF8074B1B680133064A27
:106890001360FEF7FFFB00BF1837BD4680BD00BF89
:1068A00068DC012058DC012064DC012080B400AFEA
:1068B000034B1B681846BD465DF8047B704700BF5C
:1068C00058DC012080B400AF034B1B681846BD465E
:1068D0005DF8047B704700BF5CDC012080B485B0AC
:1068E00000AF4FF4C833BB60274BFB60FB6803F07D
:1068F0000703002B0CD0FB680733FB60FB6823F019
:106900000703FB60BA68FB68D31A1F4A1344BB60D5
:10691000FB687B601D4A7B6813601C4B00225A6039
:106920007B68BA681344FB600822FB689B1AFB6013
:10693000FB6823F00703FB60FB68154A1360144BE8
:106940001B6800225A60124B1B6800221A607B6889
:106950003B603B68FA68D21A3B685A600C4B1A6875
:106960003B681A603B685B680A4A13603B685B6877
:10697000094A1360094B4FF000421A6000BF1437F8
:10698000BD465DF8047B70474C4C00204CDC012078
:1069900054DC01205CDC012058DC012068DC012093
:1069A00080B485B000AF7860284BFB6002E0FB68E4
:1069B0001B68FB60FB681B687A689A42F7D8FB6823
:1069C000BB60FB685B68BA6813447A689A4208D176
:1069D000FB685A687B685B681A44FB685A60FB680E
:1069E0007B607B68BB607B685B68BA681A44FB6845
:1069F0001B689A4218D1FB681A68154B1B689A42AB
:106A00000DD07B685A68FB681B685B681A447B681A
:106A10005A60FB681B681A687B681A6008E00C4BB8
:106A20001A687B681A6003E0FB681A687B681A6062
:106A3000FA687B689A4202D0FB687A681A6000BFE5
:106A40001437BD465DF8047B704700BF4CDC012065
:106A500054DC01200CB430B5184B0C1E1D689DB0E1
:106A600008DA8B232B604FF0FF301DB0BDE83040BB
:106A700002B070474FF40273ADF814304FF00003CA
:106A80001B9314BF04F1FF332346049307934FF67F
:106A9000FF7302900690ADF81630209A21AB02A940
:106AA0002846019300F040FA431CBCBF8B232B60A7
:106AB000002CDAD0029B00221A70D6E710000020CA
:106AC00030B51446002C9BB005461A4605DA8B23D8
:106AD00003604FF0FF301BB030BD4FF40273ADF8D0
:106AE0000C304FF00003199314BF04F1FF33234619
:106AF000029305934FF6FF7300910491ADF80E30A9
:106B000069461E9B00F010FA431CBCBF8B232B6010
:106B1000002CE0D0009B00221A70DCE707B5009340
:106B200013460A46014603480068FFF7C9FF03B051
:106B300000BD00BF1000002002440346934200D174
:106B4000704703F8011BF9E72D4B1B68834270B5B2
:106B5000044653D0C3691BB3DB6863B10025E36906
:106B6000DB685959B1B90435802DF8D1E369204665
:106B7000D96800F081F8E369196811B1204600F086
:106B80007BF8E3699D685DB1294620462D6800F0D9
:106B900073F8F8E70E68204600F06EF83146E1E73A
:106BA000616911B1204600F067F8E16911B1204632
:106BB00000F062F8216B11B1204600F05DF8616BC6
:106BC00011B1204600F058F8A16B11B1204600F039
:106BD00053F8A16C11B1204600F04EF8616C11B170
:106BE000204600F049F8E16A11B1204600F044F86F
:106BF000236A1BB12046BDE87040184770BD00BF36
:106C000010000020014B1868704700BF10000020E2
:106C100070B50D4B0D4D5B1B9C100026A64209D193
:106C200001F0FCFD0A4D0B4B5B1B9C100026A6429D
:106C300005D170BD55F8043B98470136EEE755F88D
:106C4000043B98470136F2E718BB010818BB01085E
:106C500018BB01081CBB0108704770470A449142E9
:106C600000F1FF3300D1704710B511F8014B03F864
:106C7000014F9142F9D110BD38B50546002941D0E8
:106C800051F8043C0C1F002BB8BFE41800F0E0F8EA
:106C90001D4A136833B9636014602846BDE8384064
:106CA00000F0DCB8A34208D9206821188B4201BF4C
:106CB00019685B6809182160EDE71A465B680BB13B
:106CC000A342FAD911685018A0420BD120680144A0
:106CD000501883421160E0D118685B685360084423
:106CE0001060DAE702D90C232B60D6E72068211860
:106CF0008B4204BF19685B68636004BF0918216098
:106D00005460CAE738BD00BFB0DD012070B50F4E3A
:106D10000C463168054611B900F0ACFB30602146E5
:106D2000284600F0A7FB431C03D14FF0FF34204658
:106D300070BDC41C24F00304A042F8D0211A2846D8
:106D400000F098FB0130F2D1EFE700BFACDD01208D
:106D50002DE9F843CD1C25F0030508350C2D38BF6F
:106D60000C25002D064601DBA94204D90C23336013
:106D70000020BDE8F883DFF8D48000F069F8D8F887
:106D800000301C4644BB29463046FFF7BFFF431C7A
:106D9000044658D1D8F800402746002F43D1002C94
:106DA0004BD023683946304604EB030900F062FB00
:106DB000814542D121686D1A29463046FFF7A6FF6A
:106DC00001303AD023682B442360D8F800305A6849
:106DD00062BBC8F800700FE02268521B20D40B2A57
:106DE00017D96119A342256018BF5960636808BFAD
:106DF000C8F8001062514B60304600F02FF804F1E3
:106E00000B00231D20F00700C21A1CBF1B1AA35041
:106E1000AFE76268A3420CBFC8F800205A60EBE7F6
:106E200023466468AEE73C467F68B6E71A465B686F
:106E3000A342FBD100235360DEE70C2333603046CE
:106E400000F00CF894E70560D6E700BFB0DD012044
:106E50000148FFF701BF00BFA8DD01200148FFF78F
:106E6000FCBE00BFA8DD01202DE9F0478E681F465B
:106E7000BE4282460C469046334653D8B1F90C00C8
:106E800010F4906F2BD065692368096905EB4505FF
:106E9000A3EB010905EBD5757B1C6D104B44AB4290
:106EA0002A4684BF1D462A46430527D5114650462B
:106EB000FFF74EFF064658B321694A46FFF7CEFE5C
:106EC000A38923F4906343F08003A3812661656165
:106ED0004E44A5EB09052660A5603E463B461F468D
:106EE00020683A46414600F0ABFAA3689B1BA360BA
:106EF00023683B4423600020BDE8F087504600F043
:106F0000C9FA06460028E1D121695046FFF7B4FED0
:106F10000C23CAF80030A38943F04003A3814FF04B
:106F2000FF30E9E73E46DBE72DE9F0471F468B8956
:106F30001B069CB006460D46144610D50B6973B966
:106F40004021FFF705FF2860286130B90C2333602A
:106F50004FF0FF301CB0BDE8F08740236B61002389
:106F6000099320238DF8293003973023654F8DF83E
:106F70002A304FF001082346994613F8012B0AB135
:106F8000252AF9D1B9EB040A0BD0534622462946EB
:106F90003046FFF769FF013000F0A480099A52449F
:106FA000099299F80030002B00F09C8000234FF0EC
:106FB000FF32CDE9052309F10109049307938DF808
:106FC00053301A934C464F4814F8011B0522E9F739
:106FD00007F9049BD0B9D80644BF20228DF853206E
:106FE000190744BF2B228DF8532099F800202A2A34
:106FF00013D0079A4C4600204FF00A0C214611F896
:10700000013B303B092B49D968B913E0C01B08FA92
:1070100000F018430490A146D4E7039A111D1268AA
:107020000391002A01DB079204E0524243F002037D
:107030000792049323782E2B0AD163782A2B32D11E
:10704000039B1A1D1B68039243EAE3730234059302
:10705000DFF8C090217803224846E9F7C1F838B13B
:10706000049BA0EB090040228240134301340493A7
:1070700014F8011B24488DF828100622E9F7B0F80F
:10708000002835D0214818BB039B073323F00703A2
:1070900008330393099B034409936CE70CFB02320A
:1070A0000C460120AAE700230134059319464FF04E
:1070B0000A0C204610F8012B303A092A03D9002B7C
:1070C000C6D00591C4E70CFB012104460123F0E77B
:1070D00003AB00932A460E4B04A93046AFF3008061
:1070E000421CD7D1AB895B063FF532AF099831E737
:1070F00003AB00932A46064B04A9304600F07AF809
:10710000EEE700BFC0B60108CAB6010800000000E3
:10711000696E0108C6B601082DE9F0471646984683
:107120008A680B69DDF820909342B8BF134633603C
:1071300091F8432007460C460AB1013333602368B7
:10714000990642BF336802333360256815F006059F
:1071500006D104F1190AE36832689B1AAB4226DCB7
:1071600094F843302268003B18BF012392062BD4C9
:1071700004F1430241463846C84701301ED0236817
:10718000226903F00603042B02BFE5683368ED1A99
:10719000A3680CBF25EAE57500259342C4BF9B1A7E
:1071A000ED1800261A34B5421AD1002008E0012358
:1071B000524641463846C847013003D14FF0FF30B0
:1071C000BDE8F0870135C6E7E1185A1C302081F888
:1071D0004300224494F8451082F843100233C7E775
:1071E0000123224641463846C8470130E6D00136E1
:1071F000D9E700002DE9F0430D7E85B0782D90464B
:107200000C9E07460C46994601F1430207D8622DB1
:107210000AD8002D00F0D780582D00F0BC8004F172
:10722000420684F842503BE0A5F16303152BF6D8E3
:1072300001A151F823F000BF91720108A572010865
:107240001F7201081F7201081F7201081F720108D6
:10725000A57201081F7201081F7201081F72010840
:107260001F720108AD730108CF7201085F73010836
:107270001F7201081F720108CF7301081F720108F5
:10728000CF7201081F7201081F720108677301089D
:1072900033681A1D1B68326004F1420684F84230DC
:1072A0000123A1E033682068191D3160060601D56D
:1072B0001D6803E04506FBD5B3F90050002D03DA45
:1072C0002D236D4284F843305B480A2311E0216886
:1072D0003368080653F8045B02D4490648BFADB2D0
:1072E0003360237E54486F2B5CD10823002184F83F
:1072F00043106668A660002E05DB21682E4321F04E
:107300000401216050D01646B5FBF3F103FB115C7C
:1073100010F80CC006F801CDAC4663450D46F3D914
:10732000082B0BD12368DB0708D5236961689942D4
:10733000DEBF302306F8013C06F1FF36921B2261C6
:10734000CDF80090434603AA21463846FFF7E4FEF5
:1073500001304ED14FF0FF3005B0BDE8F083236817
:1073600043F0200323603548782584F8455023688E
:10737000316813F0800F51F8045B03D113F0400F14
:1073800018BFADB23160D90744BF43F0200323607A
:107390001DB11023AAE72848E7E7236823F020035C
:1073A0002360F6E70A23A1E71646B9E733682568A4
:1073B0006169181D30602E061B6801D5196002E056
:1073C0006806FBD51980002323611646B8E73368A9
:1073D0001A1D32601E68626800213046E8F700FF1F
:1073E00008B1801B606063682361002384F8433028
:1073F000A6E72369324641463846C8470130A9D03E
:1074000023689B0713D4E068039B9842B8BF1846D3
:10741000A2E70123324641463846C847013099D099
:107420000135E36803995B1AAB42F2DCEBE7002518
:1074300004F11906F5E700BFD1B60108E2B601086C
:10744000884210B501EB020402D98442234607D8D2
:10745000431EA14207D011F8012B03F8012FF8E7D2
:107460000244824200D110BD13F8011D02F8011D33
:10747000F7E7000038B5064D0023044608462B60A8
:10748000F5F72AFC431C02D12B6803B1236038BDF9
:10749000A4DD01202DE9F041074614460D4621B92F
:1074A000BDE8F0411146FFF753BC2AB9FFF7E4FBF2
:1074B00025462846BDE8F08100F01AF884420646C9
:1074C00002D8B4EB500FF4D821463846FFF740FC01
:1074D000804608B94546ECE7B4422246294628BF13
:1074E0003246FFF7BBFB29463846FFF7C5FBF1E7FD
:1074F00051F8043C181F002BBCBF0B58C018704734
:1075000038B52DED028B55EC104B00F0C3F8224638
:107510002B4620462946B0EE408AF0EE608AE9F715
:1075200005FB30B90022002320462946E9F7D6FAA8
:1075300030B9B0EE480AF0EE680ABDEC028B38BDF7
:10754000FFF760FB0022002321210160104619464D
:10755000E9F77CF941EC180BB0EE480AF0EE680A46
:10756000BDEC028B38BD00BF00F0A4BA08B52DED0C
:10757000028BB0EE408A00F085F9B4EE488AF1EE55
:1075800010FA06D6DFED098AB4EEE88AF1EE10FAB9
:1075900002D4BDEC028B08BDFFF734FB88EEA80ACD
:1075A000BDEC028B2123036008BD00BF000000007A
:1075B00010EE103A184923F000428A4219D9B2F16C
:1075C000FF4F02D330EE400A704700B583B06846E3
:1075D00000F016FB00F0030001289DED000ADDED30
:1075E000010A0FD0022808D088B900F099F903B039
:1075F00000BDDFED0A0A00F093B900F091F9B1EE99
:10760000400AF4E700F00EFAB1EE400AEFE701207D
:1076100000F008FAEBE700BFD80F493F0000000078
:1076200010EE103A194923F000428A421AD9B2F1F9
:10763000FF4F02D330EE400A704700B583B0684672
:1076400000F0DEFA00F0030001289DED000ADDEDF8
:10765000010A12D002280AD090B9012000F0E2F904
:1076600003B000BDDFED0A0A002000F0DBB9012005
:1076700000F0D8F9B1EE400AF2E700F051F9EFE777
:1076800000F04EF9B1EE400AEAE700BFD80F493FDB
:10769000000000002DE9F84F774955EC104BA94345
:1076A00000F0AE80002D2A46234655DD2C1562D011
:1076B000C2F31302E107A4F2FF3742F4801203D4AD
:1076C000520002EBD3725B005200002602EBD37231
:1076D0007F105B001624B4464FF400110CEB010040
:1076E00090424FEAD3754FEA430303DC00EB010CF1
:1076F000121A0E44013C05EB42024FEA5101EDD152
:10770000A04620254FF000400AE043D0510001EB95
:10771000D371013D0A464FEA43034FEA500045D07A
:10772000624500EB080EF0DDBEF1000F0EEB000825
:107730000CDBE146A2EB0C019E4588BF01F1FF3155
:107740004900CC46A3EB0E030444E0E7B8F1000F78
:10775000EFDB0CF10109EDE725F00041214346D0B4
:10776000002D74D1D90A153A5B050029FAD0CE0252
:1077700014467DD40A4600215200D502084601F184
:107780000101F9D5C1F1200523FA05F52A438B4003
:10779000241A8DE79E4502D94FEA4C01B7E7BEF1A6
:1077A000000F0EEB000824DB0021CBE7194312D0B9
:1077B000DFF8C8A0DFF8C8B0DAE90001DBE9002390
:1077C000E8F762FDDAE9008902460B464046494681
:1077D000E9F78EF910BB6508711001F17F5101F5D1
:1077E000001101EB075345EAC67243EC102BBDE8CC
:1077F000F88FB8F1000FD7DB0CF1010C0021A1E7E5
:1078000022462B4620462946E8F7F6FE22462B461E
:10781000E8F73CFD41EC100BBDE8F88FB4F1FF3FF9
:10782000DAE90001DBE900231ED0E8F72FFDDAE9F1
:10783000008902460B4640464946E9F74FF9A8B190
:10784000A31C04F1020508BF01366D08C4E72246F7
:107850002B4620462946E8F717FD02460B46E8F777
:10786000F5FF41EC100BC2E70136B5E70134B2E792
:107870004FF0FF300A468BE70000F07F00B70108A9
:10788000F8B60108B1EEC00A704700BF10EE102A2A
:10789000C2F3C7537F3B162B22F000411BDC002BA9
:1078A00010461EDB1A4919410A4223D0DFED197A2E
:1078B00070EE277AF5EEC07AF1EE10FA1ADD002AA2
:1078C00004DD4FF4000242FA03F3184420EA0103F6
:1078D00000EE103A7047B1F1FF4F0BD330EE000AC3
:1078E0007047DFED0C7A70EE277AF5EEC07AF1EE94
:1078F00010FA00DC7047002A06DB11B1B7EE000A6F
:10790000F8E79FED050A70479FED040A704700BF36
:10791000FFFF7F00CAF249710000000000000080F4
:1079200010EE103A23F00043B3F1485F2CD2FDEE85
:10793000C07A17EE903A002B60D060EE007A9FED8F
:10794000317A9FED315ADFED315A9FED316ADFED2B
:10795000316AA7EE875A9FED307AE7EE855AA7EE97
:10796000A56AA7EE867AE7EE876A67EEA66A60EEFA
:10797000C00AB6EE007AE7EEA60AB7EE000AD7EE26
:10798000870A30EE600A704760EE007A9FED1D7A3C
:107990009FED1D5ADFED1D5A9FED1D6ADFED1D6A3B
:1079A0001E4AA7EE875A93429FED1B7AE5EE275AAF
:1079B000A5EEA76AA6EE277AE7EE276A66EEA76A23
:1079C000D5D9174A934214D803F17F4307EE103AF2
:1079D000B7EE006A36EE476A60EEC00AF6EE005A6D
:1079E00097EEA57AE7EEA60A37EE607A36EE470AFA
:1079F0007047B6EE076AB5EE027AEDE7B7EE000A19
:107A0000704700BF4ED747ADF6740F317CF293B488
:107A1000010DD037ABAA2A3D610BB6BA9999993EB0
:107A20000000483F10EE103A23F00043B3F1485FE6
:107A300004D2FDEEC07A17EE903A5BB360EE007AA6
:107A40009FED157ADFED155A9FED156ADFED156A8A
:107A5000E7EE875A9FED147AA5EEA76A20EE275A23
:107A6000E6EE276AA6EEA77A30B9DFED106AE7EEF8
:107A7000876AA6EE850A704727EE457AF6EE006A19
:107A8000A0EEA67ADFED0A6AD7EE270AE5EE260A0F
:107A900030EE600A704700BFD3C92E2F342FD7B203
:107AA0001BEF3836010D50B98988083CABAA2ABEB5
:107AB000ABAA2A3E10B582B0CDED010A019B23F09E
:107AC0000042B2F1FF4FF0EE407A30D810EE100ACB
:107AD00020F00041B1F1FF4F29D8B3F17E5F3ED0D5
:107AE0009C1704F0020444EAD07431B37AB3B2F1C3
:107AF000FF4F3FD0B1F1FF4F29D0891AB1F1F45FA8
:107B00004FEAE15233DA002B41DA3C323FDA9FEDA3
:107B1000330A012C4DD0022C42D064B19FED307A53
:107B2000DFED307A30EE070A30EE670A03E09DEDB4
:107B3000017A37EE270A02B010BD022C0CD09FED5F
:107B40002A7A032C08BFB0EE470A02B010BD002805
:107B50000ADB9FED260AEEE79FED220AEBE702B073
:107B6000BDE8104000F082B99FED210AE3E79FEDE8
:107B70001F0ACEE7B1F1FF4F04F1FF3420D0022CF1
:107B800026D81C4B03EB840393ED000AD3E79DED4D
:107B9000017A87EE870A00F03BFA00F067F9B8E750
:107BA0009FED0F7ADFED0F7A30EE070A37EEC00A4D
:107BB000C1E710EE103A03F1004300EE103ABAE7C5
:107BC000022C08D80C4B03EB840393ED000AB2E7B8
:107BD0009FED020AAFE79FED090AACE70000000045
:107BE0002EBDBB33DB0F4940DB0F49C0DB0FC93F64
:107BF000DB0FC9BF08B7010814B70108DB0F493F05
:107C000070B510EE103A8B4A23F00044944286B0CF
:107C1000054671D9884A94421E4624D823F0004272
:107C2000002BDFED867A864922F00F02B0EE407A13
:107C300040F3E6808A4270EE677A09BF9FED817A51
:107C4000DFED816ADFED816A77EEC77A37EEE67A9B
:107C500077EEC77A80ED007A77EEE67AC0ED017AAA
:107C6000012006B070BD7A4A944253D9B4F1FF4F57
:107C700049D2E215863AA4EBC25307EE903ABDEE24
:107C8000E77ADFED746AB8EEC77A77EEC77A8DEDE2
:107C9000037A67EEA67ABDEEE77AB8EEC77A77EE9A
:107CA000C77A8DED047A67EEA67AF5EE407AF1EEAA
:107CB00010FACDED057A40F08E80B5EE407AF1EE07
:107CC00010FA40F08A80012363490191022100915A
:107CD00003A8294600F0A4F9002EC2DA95ED007A37
:107CE000D5ED017AB1EE477AF1EE677A85ED007A4B
:107CF000C5ED017A4042B4E7002285ED000A4260FA
:107D0000002006B070BD70EE407AC0ED017AC0ED83
:107D1000007AF5E700F07CF99FED507A9FED476A15
:107D2000F6EE007AE0EE077A9FED477AFDEEE77A0D
:107D3000F8EEE76A17EE900AA6EEC60A1F2866EE6E
:107D4000877AB1EE666A30EE677A1EDC444A411EDD
:107D500026F0004352F8212023F0FF03934214D071
:107D600085ED007A30EE470A002E30EE670A85ED89
:107D7000010ABFF676AFB1EE477AB1EE400A85ED63
:107D8000007A85ED010A40426BE717EE103AC3F323
:107D9000C753C3EBD453082B4FEAE452E0DD9FED09
:107DA000297A9FED2A5AF0EE405AE6EE075A70EE15
:107DB000657AE6EE077AD6EE857A35EEE77A17EE43
:107DC000103AC3F3C753D21A192A08DCB0EE650A79
:107DD00085ED007AC6E7032376E7022374E79FED7B
:107DE000217A9FED215AB0EE650AA6EE070A75EEDC
:107DF000C07AE6EE077AD6EE857A30EE677AAFE79C
:107E00008A4270EE277A09BF9FED0E7ADFED0E6A87
:107E1000DFED0E6A77EE877A37EEA67A77EEC77ACD
:107E200080ED007A77EEA67AC0ED017A4FF0FF3050
:107E300017E700BFD80F493FE3CB1640800FC93F7B
:107E4000D00FC93F004435374344353708A3852E4A
:107E5000800F494300008043A0B7010884F9223F06
:107E600020B7010800A3852E32318D2438B510EEDD
:107E7000105A25F00044B4F1A14FF0EE407A07D338
:107E8000B4F1FF4F55D8002D77DD9FED4E0A38BD78
:107E90004D4B9C425CD8B4F1445F4DD34FF0FF335F
:107EA00027EEA76A9FED495A9FED497ADFED495ABF
:107EB000DFED494A66EE066A5A1CA6EE857AE6EEC2
:107EC000A54A9FED465ADFED465AA7EE265AE4EE44
:107ED000A65A9FED447ADFED444AA5EE267AE5EEF8
:107EE000A64A9FED425ADFED425AA7EE265A9FED71
:107EF000417AA4EEA67AE5EE265A27EE267AA5EE7A
:107F0000867A27EE877A3BD03B493C4A01EB8301D6
:107F1000D1ED006A37EE667A02EB8303D3ED006A97
:107F200037EE677A002D36EEC70AB0DAB1EE400AB6
:107F300038BD30EE000A38BD9FED317A30EE077A59
:107F4000F7EE006AB4EEE67AF1EE10FAA6DD38BD7F
:107F500000F05EF82B4B9C4215D8A3F5D0039C4251
:107F600026D8F0EE007ABFEE007AA0EE277A002342
:107F700030EE270AC7EE007A92E79FED230A38BD5C
:107F800037EEC70A38BD214B9C420BD8F7EE087A72
:107F9000B7EE007AA0EE277A022330EE670AC0EE31
:107FA000077A7DE7BFEE007AC7EE007A032377E712
:107FB000F7EE007A30EE677A30EE270A0123C7EE3B
:107FC000007A6DE7DB0FC93FFFFFDF3ED769853CD5
:107FD00059DA4B3D21A215BD6BF16EBD356B883D65
:107FE00095879DBD6E2EBA3D388EE3BD2549123E64
:107FF000ABAAAA3ECDCC4CBEB8BA0108C8BA01089B
:10800000CAF24971FFFF973FDB0FC9BFFFFF1B405B
:1080100010EE103A23F0004300EE103A704700BF14
:108020002DE9F04F2DED048BDBB01C4694460393F5
:108030000A46BA4B68991CF1040F53F82170824626
:1080400004F1FF39C0F25682BCF1030348BF0CF1C2
:108050000403DB10029301334FEAC30EACEB0E03B3
:108060000593029B17EB0900A3EB090316D401301B
:108070009FEDAB7A699C18441EA9002BA4BF54F84D
:10808000235007EE905A03F10103ACBFF8EEE77AF4
:10809000F0EE477A8342E1EC017AEED1002FC0F294
:1080A000E28203991EA800EB81004FEA81087E1846
:1080B000002346AD4C460AEB8101B9F1000F80F276
:1080C000C8800134B44245F8043B00F10400F4D107
:1080D0000DF1280B0BEB8703CDE9062E043B9FED3A
:1080E000929ADFED908A059804930AEB080446AE55
:1080F0000BEB87080097CDF820C00DEB8703002F0E
:1081000093ED460A4FEA870515DD73195A4660EE6E
:10811000097AB0EE407AFDEEE77A73ED016AF8EE87
:10812000E77AB342A7EEE87A37EEA60ABDEEC77A41
:10813000A2EC017AEBD1019000F0B8FAF4EE007AEB
:10814000B0EE408A20EE270A00F01EFBF2EE007A25
:10815000A0EE678A01980028FDEEC89AF8EEE97A49
:1081600038EE678A40F38280791EC0F108035BF81D
:1081700021E04EFA03FC0CFA03F3AEEB030EC0F160
:10818000070219EE903A4EFA02F26344002A09EE11
:10819000903A4BF821E000F3AF80B5EE408AF1EE63
:1081A00010FA74D1009B9F420ADD5D44002355F80C
:1081B000041D454543EA0103F9D1002B40F002813B
:1081C000009B013B5BF823207B1C9C46002A40F06F
:1081D000F780049A012152F8045D0131002DFAD094
:1081E0003944029D039A05EB030E0EF1804E699D02
:1081F0000EF1FF3E3A4405EB8E0E1EAD06EB8307F3
:1082000005EB8205DEED017AF8EEE77AB9F1000FB1
:108210000EF1040EE5EC017ADFED417A09DB2A4626
:108220005346F3EC016A32ED017AA342E6EE877A17
:10823000F7D10CF1010C8C45E7EC017AE2DD0F4639
:108240005BE70134B442E5EC017A00F104003FF44D
:108250003FAFDFED337A83465346F3EC016A3BEDE3
:10826000017A8B42E6EE877AF7D1EAE700F0918057
:10827000F6EE007AB4EEE78AF1EE10FA80F2298188
:10828000B5EE408AF1EE10FA4FF000028AD0924625
:10829000DDE9062EDDF820C00197AEEB0C00B0EE54
:1082A000480A009F009200F001FADFED1E6AB4EE6A
:1082B000E60AF1EE10FADDE90023F0EE407AC0F2B2
:1082C0009C819FED197A059920EE077A0831BDEE61
:1082D000C77A0591B8EEC77A5C1CE7EE667ABDEE08
:1082E000C77AFDEEE77A17EE901A4BF8231017EED7
:1082F000103A4BF824307EE00133002F09EE903A1B
:1083000040F39D8159464FF0000E51F8043B002B7D
:1083100039D0C3F5807341F8043C0CE004BB01087C
:1083200000000000000080430000803B0B68C3F1A8
:10833000FF0341F8043B0EF1010E7745F6DC012303
:108340009E4600280BDD012800F0BB80022806D1E4
:10835000791E5BF8213003F03F0C4BF821C0022A54
:108360007FF41BAFB7EE000A734630EE488A002B4D
:108370003FF413AF0992019000F098F90198099A1F
:1083800038EE408A09E70EF1010E7745BDDC9E46C6
:10839000D7E77B1E5BF82320D211002A7FF7FDAEC2
:1083A00019EE903A002F03F1010309EE903AA9DC8F
:1083B000022A7FF4F2AEF7EE007A37EEC88AECE6D6
:1083C00019460EE73B469246DDE905125C1EA1F117
:1083D00008005BF82410009F059061B903F1804309
:1083E000013B0BEB8303014653F8040D013C0839B4
:1083F0000028F9D0059105980092B7EE000A00F028
:1084000055F9002C009AB0EE407AC0F22281601C2F
:1084100046AD5FED3B6A81000BEB800305EB80000E
:1084200073ED017AF8EEE77A5B4567EE877A27EE1F
:10843000267A60ED017AF3D10DF1C8080E1F2E44A3
:10844000C646A4460025002F7DDBDFF85C92DFEDF9
:10845000957A3046002307E0F9EC016AB0EC017A26
:108460009F42E6EE877A03DB9D4203F10103F3DAD4
:108470000CF1FF3CBCF1FF3FEEEC017A05F1010588
:10848000A6F10406E1D1689B022B6ADC002B36DCE6
:108490000ED1DFED847A414431ED017A884577EEE3
:1084A000877AF9D15346002B40F0C680C2ED007A9E
:1084B00019EE903A03F007005BB0BDEC048BBDE809
:1084C000F08F791E5BF8213003F07F0C4BF821C050
:1084D00045E719EE903A002F03F1010309EE903AB7
:1084E000C8BF02223FF70EAFF7EE007A37EEC88A18
:1084F000022252E600234FF0080E0293AEE5DDEDB6
:10850000327A9FED687A414471ED016A884537EE11
:10851000267AF9D15346002B40F0848077EEC77A53
:1085200082ED007A64B133A90123B1EC017A013301
:108530009C4277EE877AF8DA53460BB1F1EE677A10
:10854000C2ED017AB4E70CF1FF3C0023BCF1FF3F20
:108550004EF8043B05F10105A6F104067FF473AF64
:1085600091E7689B032BA3D1002C00F08C8008EBD3
:10857000840595ED007AA0002B46294671ED017A1D
:10858000F0EE476A37EE277A884577EEC77A81EDB5
:10859000007A77EEA67AC1ED017AEFD1012C72D084
:1085A00095ED007A08F1040173ED017AF0EE476A67
:1085B00037EE277A994277EEC77A83ED007A77EE25
:1085C000A67AC3ED017AEFD1031DDFED367A43447D
:1085D00008F1080833ED017A984577EE877AF9D1EA
:1085E0005346DDED326A9DED337A73B9C2ED006A10
:1085F00082ED017AC2ED027A5AE7FDEEC07A1C469E
:1086000017EE901A4BF82310F5E6F1EE666AB1EE1C
:10861000477AF1EE677AC2ED006A82ED017AC2ED27
:10862000027A45E7F1EE476A77EEC77AC2ED006A53
:10863000002C7FF478AF81E7F1EE677A36E7012806
:1086400015D002287FF4B4AE0EF03F034BF8213072
:10865000AEE6689B022B12DC002B17DC7FF428AF00
:10866000DFED107A1EE7039B4FEA830830E50EF03A
:108670007F03022A4BF821307FF48FAD9BE6689B85
:10868000032B7FF415AFDFED077AA9E75346DDED45
:10869000327A1BB14FF0004313604FE700231360A1
:1086A0004EE700BF00000000D8BA010810EE103AF3
:1086B00033F000411A4625D0B1F1FF4F1FD213F01D
:1086C000FF4F20D1DFED297A294A60EE277A9042C8
:1086D00017EE903A31DB4CF2503CC3F3C751604582
:1086E0001A46A1F1190114DD002BDFED227A9FED6E
:1086F000210AB8BFDFED207A27EE800A704730EEFE
:10870000000A704770474CF2503C60454FEAD15127
:10871000EADC0144FE29E7DC002915DC11F1160F23
:1087200019DB193122F0FF4242EAC15207EE902ACA
:108730009FED120A27EE800A7047DFED117A07EEEF
:10874000103A27EE270A704722F0FF4242EAC1534F
:1087500000EE103A7047002BDFED097A9FED080A12
:10876000B8BFDFED087A27EE800A70470000004CA2
:10877000B03CFFFFCAF24971CAF249F10000003370
:108780006042A20D6042A28D10EE102AC2F3C753C0
:108790007F3B162B22F000411BDC002B10461EDB1A
:1087A0001A4919410A4223D0DFED197A70EE277A6F
:1087B000F5EEC07AF1EE10FA1ADD002A04DA4FF471
:1087C000000242FA03F3184420EA010300EE103AD3
:1087D0007047B1F1FF4F0BD330EE000A7047DFED69
:1087E0000C7A70EE277AF5EEC07AF1EE10FA00DC22
:1087F0007047002A02DB9FED070A704711B99FED11
:10880000060A7047BFEE000AF2E700BFFFFF7F00D5
:10881000CAF249710000000000000080F8B500BFF6
:10882000F8BC08BC9E467047F8B500BFF8BC08BC51
:048830009E467047A9
:108838004E4F4E4500000000434F4E4649475F5299
:108848004541445F4641494C454400005354415416
:1088580055535F4E4F545F434C45414E0000000056
:10886800554E45585045435445445F4E4F4E5A4522
:10887800524F5F434F5252454354494F4E5F544104
:10888800424C450045585045435445445F434F4E7C
:108898004649475F50524F46494C455F4D495353EF
:1088A800494E47005A45524F5F4D49534D41544335
:1088B800480000004449525F4D49534D41544348D4
:1088C8000000000046494C545F4D49534D41544304
:1088D800480000005354415455535F4D49534D418E
:1088E800544348005052545F4D49534D41544348F6
:1088F80000000000524D415049445F4D49534D41DD
:1089080054434800434F5252454354494F4E5F43E6
:1089180052435F4D49534D4154434800554E4B4EC9
:108928004F574E5F434F4E4649475F474154455F57
:10893800524553554C54000011250008C124000825
:10894800DD24000800000000252A0008B52A0008D8
:10895800CD2A00080000000064656661756C7454D7
:1089680061736B004D413630302069646C6520615D
:1089780063717569736974696F6E206661696C6586
:108988006420726573756C743D2564206174746528
:108998006D7074733D257520666C6167733D307822
:1089A800253032580D0A00004D41363030207261B2
:1089B800773D257520616E676C653D256C752E25A4
:1089C80030326C7520646567205374617475735612
:1089D800616C69643D2564204E564D423D256420F6
:1089E8004552524352433D2564204552524D454D10
:1089F8003D2564204552525041523D25640D0A00E0
:108A08002D000000000000004D41363030206E6F10
:108A180069736520286C61737420256473293A2072
:108A28005032503D256C752E2530326C7564656763
:108A3800205374644465763D256C752E2530326C60
:108A4800756465672044726966743D2573256C7585
:108A58002E2530326C75646567204D6178537465D6
:108A6800703D256C752E2530326C75646567204E17
:108A78003D256C752076616C69643D25640D0A009E
:108A88004A494731000000004A49473200000000C7
:108A98004A49473300000000554E4B4E4F574E5F32
:108AA8004A4947002D256C642E2530326C6400003D
:108AB800256C642E2530326C640000002D256C6412
:108AC8002E25302A6C640000256C642E25302A6C13
:108AD800640000004F4B0000494E56414C49445F2A
:108AE800415247005350495F54494D454F55540032
:108AF8005350495F4552524F5200000053414D5068
:108B08004C455F4A554D5000434F4E4649475F45D7
:108B180052524F520000000054494D494E475F4D94
:108B2800455441444154415F494E56414C494400E3
:108B38004143515549534954494F4E5F4255444763
:108B480045545F45584345454445440041435155C4
:108B580049534954494F4E5F54494D454F55540068
:108B68004D4154485F4F564552464C4F5700000000
:108B7800554E4B4E4F574E004F524445525F4E4F45
:108B8800545F434F4D505554454400004F5244459F
:108B9800525F41424F56455F4E5951554953540013
:108BA800524154494F5F4F55545F4F465F52414EB3
:108BB80047450000444952454354494F4E5F45528A
:108BC800524F520054494D454F5554004143515559
:108BD80049534954494F4E5F4552524F5200000085
:108BE8004D41363030206D6F76652D746F2D7A6566
:108BF800726F3A206572726F723D257320646567E3
:108C080020736574746C65643D256C642F256C64F1
:108C180020636D64506F733D256C640D0A0000007D
:108C280057524F4E475F504F534954494F4E0000DB
:108C38004E410000434C4F535552455F50524F42EE
:108C4800452C536368656D6156657273696F6E3D37
:108C580025642C5465737449443D256C752C5377F1
:108C680065657049443D256C752C4A696749443DE2
:108C780025732C4D6F746F7249443D25732C4469DC
:108C880072656374696F6E3D25732C4F6666696300
:108C980069616C3D302C50726F746F636F6C3D2549
:108CA800732C53746167653D25732C506F696E741E
:108CB8003D25752C436F6D6D616E645261773D255E
:108CC8006C642C506F7765723D312E303030303007
:108CD8002C4E6F6D696E616C486F6C644D733D25E9
:108CE8006C752C4361707475726553746172744548
:108CF8006C61707365644D733D256C752C436170B0
:108D080074757265456E64456C61707365644D7306
:108D18003D256C752C506F696E744D65616E52619E
:108D2800775131363D25732C436C6F7375726545E9
:108D380072726F725261775131363D25732C436CD4
:108D48006F737572654572726F724465673D2573FE
:108D58002C57696E646F775032505261773D257396
:108D68002C57696E646F775032504465673D2573A0
:108D78002C57696E646F7744726966745261773DE7
:108D880025732C57696E646F7744726966744465FD
:108D9800673D25732C5472616E73616374696F6EDD
:108DA800733D256C752C416363657074656453610C
:108DB8006D706C65733D256C752C537069466169DF
:108DC8006C757265733D256C752C4A756D705265AE
:108DD8006A656374733D256C752C4D6574616461B7
:108DE8007461496E76616C69643D256C752C536BB2
:108DF8006970706564536C6F74733D256C752C5481
:108E0800696D696E674F76657272756E733D256C14
:108E1800752C4D6178436F6E7365637574697665FB
:108E28004661696C757265734F62736572766564C5
:108E38003D256C752C4163717569736974696F6E32
:108E4800526573756C743D25732C56616C69643D6D
:108E580025640D0A00000000434C4F535552455FEE
:108E6800484F4C445F56310044495341424C4544B5
:108E78000000000056414C4944000000494E56414C
:108E88004C494400434C4F535552455F50524F4252
:108E9800455F524553554C542C536368656D615674
:108EA800657273696F6E3D25642C5465737449440B
:108EB8003D256C752C537765657049443D256C7567
:108EC8002C4A696749443D25732C4D6F746F72496C
:108ED800443D25732C446972656374696F6E3D2542
:108EE800732C4F6666696369616C3D302C50726FF4
:108EF800746F636F6C3D25732C456E61626C65649D
:108F08003D25642C537461727465643D25642C435B
:108F18006F6D706C6574653D25642C45787065636C
:108F28007465645374616765733D25752C41747469
:108F3800656D707465645374616765733D256C7500
:108F48002C56616C69645374616765733D256C7553
:108F58002C506F73745475726E54696D696E6743E3
:108F68006F6D70617261626C653D25642C4163713F
:108F78007569736974696F6E526573756C743D2594
:108F8800732C5374617475733D25730D0A000000CA
:108F9800435700004343570025750000256C7500B2
:108FA80025640000505245434F4E444954494F4EA2
:108FB800000000004F4646494349414C000000006C
:108FC80031000000300000004A756C203135203235
:108FD8003032362031363A31393A34330000000025
:108FE8006A69676D6F746F722D6E6C3200000000D5
:108FF8004D4554412C536368656D615665727369BC
:109008006F6E3D25642C4669726D776172653D25EA
:10901800732C4275696C6449443D25732C4D435546
:109028005F5549443D2530386C582530386C5825F3
:1090380030386C582C436F756E74657253636F705B
:10904800653D424F4F542C4A696749443D25732C6E
:109058004A69674B6E6F776E3D25642C4D6F746F50
:109068007249443D25732C4D6F746F724944536F98
:10907800757263653D25732C4D6F746F7249445644
:10908800616C69643D25642C4D6F746F72506F6C10
:1090980065436F756E743D25752C4D6F746F7250F6
:1090A8006F6C6550616972733D25752C456C6563FD
:1090B80074726963616C526970706C654D756C741B
:1090C80069706C653D25752C456C656374726963C0
:1090D800616C526970706C654F726465723D25757C
:1090E8002C5465737449443D256C752C537765651C
:1090F8007049443D256C752C446972656374696FC9
:109108006E3D25732C4D6561737572656D656E7462
:10911800506F6C6963793D25732C4D656173757269
:10912800656D656E74446566696E6974696F6E3DD8
:1091380025732C416363657074616E63654D6F645C
:10914800653D25732C4F6666696369616C5265736A
:10915800756C74536F757263653D4C45474143594F
:109168002C536861646F7743616E6F6E6963616CDD
:10917800456E61626C65643D25642C536861646F5B
:1091880077436F6E747261637456657273696F6E3C
:109198003D25732C536861646F774F666669636910
:1091A800616C3D302C436C6F7375726550726F62E1
:1091B80065456E61626C65643D25642C436C6F7314
:1091C80075726550726F626550726F746F636F6C01
:1091D8003D25732C436C6F7375726550726F6265B1
:1091E8004F6666696369616C3D302C417070726FBF
:1091F80061636850726F746F636F6C3D25732C41A7
:109208007070726F6163685374727563747572619C
:109218006C56616C69643D25732C52616D70536F97
:109228006674537461727450726F746F636F6C3DBF
:1092380025732C52616D70536F6674537461727428
:1092480044656C61794D733D25732C506861736575
:109258005265666572656E63653D537765657050E6
:10926800726F67726573732C537465705261773DC2
:1092780025642C4578706563746564416E616C790A
:10928800736973506F696E74733D25642C43617004
:109298007475726564506F696E74733D25642C41F2
:1092A8006E616C79736973506F696E74733D256470
:1092B8002C4D6561737572656D656E7456616C6968
:1092C800643D25642C547261636B696E6756616CEA
:1092D80069643D25642C547261636B696E67526DD5
:1092E800734C696D69744465673D31352E302C5473
:1092F8007261636B696E674D61784C696D6974441E
:1093080065673D33302E302C41637175697369741C
:10931800696F6E526573756C743D25732C4163716A
:1093280052656164417474656D7074733D256C7524
:109338002C416371526574726965733D256C752C97
:109348004163715472616E73706F72744572726F9B
:1093580072733D256C752C4163714A756D70526549
:109368006A656374733D256C752C41637146616948
:109378006C656453616D706C65733D256C752C4329
:109388006F6E74696E756F75735377656570436F2B
:109398006E746578743D25732C436F6E74657874AC
:1093A800526561637175697265436F756E743D25A9
:1093B8006C752C52616D70466565646261636B45BE
:1093C8006E61626C65643D312C536574746C6543E1
:1093D8006F6E74726163743D25732C536574746C7D
:1093E8006553746162696C6974794C696D6974520A
:1093F80061773D256C642C536574746C6554617297
:10940800676574546F6C6572616E63655261773D10
:10941800256C642C536574746C65506F696E747335
:109428003D25642C536574746C6553746162696C72
:1094380069747956616C69643D25642C536574744C
:109448006C6554617267657450726F78696D697480
:109458007956616C69643D25642C536574746C6538
:1094680056616C69643D25642C5374617274526151
:10947800773D25752C5374617274416E676C654431
:1094880065673D25732C416E616C797369735374FC
:109498006172745261773D25752C436F6E74726FDB
:1094A8006C6C65725374617465506F6C6963793D57
:1094B80025732C436F6E74726F6C6C657252657392
:1094C80065744170706C6965643D25642C436F6EEA
:1094D80074726F6C6C6572526573657453746174E1
:1094E8006556616C69643D25642C486F6D655265ED
:1094F80073756C743D25732C486F6D654475726186
:1095080074696F6E4D733D256C752C486F6D65558C
:109518007064617465436F756E743D256C752C427B
:109528006174636849443D256C752C4379636C65A7
:109538004F726465723D256C752C52756E4F72645E
:1095480065723D256C752C426174636852756E4373
:109558006F756E743D256C752C507265636F6E6403
:109568006974696F6E50726F746F636F6C3D2573A9
:109578002C52756E526F6C653D25732C456C69676E
:1095880069626C65466F7253746174697374696358
:10959800733D25642C507265636F6E646974696FDE
:1095A8006E56616C69643D25732C546865726D61F3
:1095B8006C50726F746F636F6C3D25732C466972C3
:1095C800737452756E496E42617463683D25642CEC
:1095D8004D6F746F72416374697665447572617416
:1095E800696F6E4D733D256C752C436F6F6C646F9E
:1095F800776E5461726765744D733D25732C436FA4
:109608006F6C646F776E41637475616C4D733D2543
:10961800732C436F6F6C646F776E56616C69643D31
:1096280025732C54696D6553696E63655072657650
:10963800696F757352756E4D733D25730D0A000081
:10964800434F4F4C444F574E5F313230535F563182
:10965800000000004F4E455F46554C4C5F53574540
:1096680045505F313230535F563100005245534503
:10967800545F4245464F52455F454143485F484F16
:109688004D455F563100000053544142494C4954FE
:10969800595F414E445F5441524745545F5631002B
:1096A80053574545505F434F4E544558545F5631C4
:1096B80000000000534F46545F53544152545F56C4
:1096C800310000004449544845525F5631000000BB
:1096D80043414E4F4E4943414C5F5131365F5631FD
:1096E800000000005245504F52545F4F4E4C5900F5
:1096F80057484F4C455F53595354454D5F434F4D61
:109708004D414E445F545241434B494E470000007F
:1097180057484F4C455F53595354454D5F52455038
:109728004F52545F4F4E4C595F563100554E53457A
:1097380054000000434F4E54524F4C5F5354415411
:10974800452C536368656D6156657273696F6E3D2C
:1097580025642C5465737449443D256C752C5377E6
:1097680065657049443D256C752C4A696749443DD7
:1097780025732C4D6F746F7249443D25732C4469D1
:1097880072656374696F6E3D25732C506F6C6963E5
:10979800793D25732C52657365744170706C6965E9
:1097A800643D25642C526573657453746174655601
:1097B800616C69643D25642C4265666F7265496E0B
:1097C80074656772616C5465726D3D25732C4265D2
:1097D800666F72654C6173744572726F7244656727
:1097E8003D25732C4265666F7265436F6D6D616EC2
:1097F800645261773D25732C4265666F72654665D4
:1098080065646261636B496E697469616C697A65E4
:10981800643D25642C4265666F72654665656462C1
:1098280061636B41636365707465643D256C752C79
:109838004265666F72654F7574707574456C6563C3
:1098480074726963616C506F736974696F6E526189
:10985800773D25752C4265666F72654F7574707516
:1098680074506F7765723D25732C4265666F72651B
:109878004F7574707574456E61626C65643D2564DE
:109888002C4166746572496E74656772616C5465C3
:10989800726D3D25732C41667465724C6173744515
:1098A80072726F724465673D25732C4166746572E8
:1098B800436F6D6D616E645261773D25732C41660F
:1098C800746572466565646261636B496E69746943
:1098D800616C697A65643D25642C416674657246DD
:1098E8006565646261636B41636365707465643D5B
:1098F800256C752C41667465724F75747075744566
:109908006C656374726963616C506F736974696FB5
:109918006E5261773D25752C41667465724F75747A
:10992800707574506F7765723D25732C4166746548
:10993800724F7574707574456E61626C65643D250F
:10994800642C486F6D65526573756C743D25732C76
:10995800486F6D654475726174696F6E4D733D250E
:109968006C752C486F6D65557064617465436F75CF
:109978006E743D256C752C486F6D65496E69746908
:10998800616C4572726F724465673D25732C486F30
:109998006D6546696E616C4572726F724465673DAC
:1099A80025732C486F6D65496E697469616C436FE6
:1099B8006D6D616E645261773D256C642C486F6DE6
:1099C8006546696E616C436F6D6D616E6452617757
:1099D8003D256C640D0A0000534841444F575F4DC4
:1099E8004554412C536368656D6156657273696FA0
:1099F8006E3D25642C5465737449443D256C752C63
:109A0800537765657049443D256C752C4A696749EB
:109A1800443D25732C4D6F746F7249443D25732C5A
:109A28004F6666696369616C3D302C436F6E747272
:109A380061637456657273696F6E3D25732C536943
:109A4800676E6564436F6E76656E74696F6E3D25EB
:109A5800732C5265666572656E6365446566696EEA
:109A68006974696F6E3D25732C43616E6F6E69630F
:109A7800616C4D65616E536F757263653D25732C1E
:109A88004D616446696C746572696E67456E6162A2
:109A98006C65643D302C54696D696E674D6F646503
:109AA8003D4241434B5F544F5F4241434B2C52650B
:109AB8007175697265644163636570746564536147
:109AC8006D706C65733D25752C4D61785472616EAF
:109AD80073616374696F6E733D25752C4D617843AE
:109AE8006F6E73656375746976654661696C7572C6
:109AF80065733D25752C4D6178456C61707365649F
:109B080055733D256C752C4D61784A756D705261A1
:109B1800773D256C640D0A00414C4C5F5449455211
:109B280031000000504F494E54305F43414E4F4E74
:109B38004943414C5F4D45414E0000004D4541535E
:109B4800555245445F4D494E55535F544152474520
:109B580054000000444154412C25642C256C752C7C
:109B6800256C752C25732C25732C25732C25642CBA
:109B780025752C25752C25732C25730D0A000000DE
:109B88004143512C25642C256C752C256C752C258E
:109B9800732C25642C256C752C25752C25752C307B
:109BA80078253032580D0A004D4F54494F4E2C53EA
:109BB8006368656D6156657273696F6E3D25642CC7
:109BC8005465737449443D256C752C5377656570ED
:109BD80049443D256C752C4A696749443D25732CD9
:109BE8004D6F746F7249443D25732C4469726563E7
:109BF80074696F6E3D25732C506F696E743D2564D2
:109C08002C52616D70416363657074656453616D56
:109C1800706C65733D25752C536574746C6552655D
:109C280073756C743D25732C53746162696C697427
:109C38007956616C69643D25642C5461726765745A
:109C480050726F78696D69747956616C69643D25E5
:109C5800642C536574746C6556616C69643D256445
:109C68002C506F736974696F6E4572726F725261AE
:109C7800773D25732C506F736974696F6E457272E6
:109C88006F724465673D25732C506F6C6C436F751C
:109C98006E743D25750D0A00534841444F575F4483
:109CA8004154412C25642C256C752C256C752C256C
:109CB800732C25732C25732C25642C25732C257364
:109CC8002C25730D0A000000534841444F575F414B
:109CD80043512C25642C256C752C256C752C25730B
:109CE8002C25642C256C752C256C752C25752C253C
:109CF800752C25752C25752C25752C25730D0A00BA
:109D08004D4F54494F4E5F524553554C542C536355
:109D180068656D6156657273696F6E3D25642C5474
:109D280065737449443D256C752C53776565704996
:109D3800443D256C752C4A696749443D25732C4D73
:109D48006F746F7249443D25732C4469726563745E
:109D5800696F6E3D25732C436F6E74726163745620
:109D6800657273696F6E3D25732C436F6E74696EEF
:109D7800756F75735377656570436F6E7465787426
:109D88003D25732C436F6E746578745265616371F9
:109D980075697265436F756E743D256C752C436FDC
:109DA8006E7465787452656164417474656D70741D
:109DB800733D256C752C436F6E74657874416363CD
:109DC800657074656453616D706C65733D256C7561
:109DD8002C436F6E74657874526574726965733D4F
:109DE800256C752C436F6E746578745472616E734C
:109DF800706F72744572726F72733D256C752C4367
:109E08006F6E746578744A756D7052656A656374AF
:109E1800733D256C752C436F6E7465787446616963
:109E28006C656453616D706C65733D256C752C525F
:109E3800616D7052656164417474656D7074733DD1
:109E4800256C752C52616D7041636365707465642F
:109E580053616D706C65733D256C752C52616D7026
:109E6800526574726965733D256C752C52616D700D
:109E78005472616E73706F72744572726F72733D53
:109E8800256C752C52616D704A756D7052656A65E6
:109E98006374733D256C752C52616D704661696CF5
:109EA800656453616D706C65733D256C752C5365E5
:109EB80074746C6552656164417474656D70747313
:109EC8003D256C752C536574746C654163636570CE
:109ED80074656453616D706C65733D256C752C53A6
:109EE8006574746C65526574726965733D256C752B
:109EF8002C536574746C655472616E73706F7274F0
:109F08004572726F72733D256C752C536574746C51
:109F1800654A756D7052656A656374733D256C7525
:109F28002C536574746C654661696C656453616D26
:109F3800706C65733D256C752C536574746C655035
:109F48006F696E74733D25642C53746162696C6922
:109F5800747956616C6964506F696E74733D2564D9
:109F68002C54617267657450726F78696D69747981
:109F780056616C6964506F696E74733D25642C5327
:109F88006574746C6556616C6964506F696E74733E
:109F98003D25642C536574746C6554696D656F75E3
:109FA80074506F696E74733D25642C536574746CBA
:109FB8006557726F6E67506F736974696F6E506F13
:109FC800696E74733D25642C536574746C655374A1
:109FD8006162696C69747956616C69643D25642CA9
:109FE800536574746C6554617267657450726F78E8
:109FF800696D69747956616C69643D25642C536593
:10A0080074746C6556616C69643D25642C4D617887
:10A01800416273536574746C65506F736974696FCA
:10A028006E4572726F725261773D25732C4D61785F
:10A03800416273536574746C65506F736974696FAA
:10A048006E4572726F724465673D25730D0A000094
:10A05800524553554C542C536368656D615665726F
:10A0680073696F6E3D25642C5465737449443D25AE
:10A078006C752C537765657049443D256C752C4A81
:10A08800696749443D25732C4D6F746F7249443D8F
:10A0980025732C446972656374696F6E3D25732C52
:10A0A8004361707475726564506F696E74733D2591
:10A0B800642C416E616C79736973506F696E747347
:10A0C8003D25642C4D65616E44433D25732C524DEE
:10A0D800535F41433D25732C41313D25732C41325B
:10A0E8003D25732C41333D25732C41363D25732C7A
:10A0F80041393D25732C4131323D25732C4131388E
:10A108003D25732C4132373D25732C4133363D258F
:10A11800732C4134353D25732C4137323D25732C42
:10A12800413130383D25732C48315F506861736583
:10A1380053776565704465673D25732C48325F50D9
:10A148006861736553776565704465673D25732C51
:10A1580048335F5068617365537765657044656718
:10A168003D25732C48365F50686173655377656584
:10A17800704465673D25732C48395F506861736585
:10A1880053776565704465673D25732C4831325FA8
:10A19800506861736553776565704465673D2573DD
:10A1A8002C4831385F506861736553776565704432
:10A1B80065673D25732C4832375F50686173655376
:10A1C800776565704465673D25732C4833365F5065
:10A1D8006861736553776565704465673D25732CC1
:10A1E8004834355F506861736553776565704465B9
:10A1F800673D25732C4837325F5068617365537724
:10A208006565704465673D25732C483130385F506B
:10A218006861736553776565704465673D25732C80
:10A2280041343D25732C48345F506861736553771A
:10A238006565704465673D25732C41383D25732C51
:10A2480048385F5068617365537765657044656722
:10A258003D25732C4D6F746F72506F6C65436F752D
:10A268006E743D25752C4D6F746F72506F6C655010
:10A27800616972733D25752C456C656374726963F9
:10A28800616C526970706C654D756C7469706C6541
:10A298003D25752C456C656374726963616C526900
:10A2A80070706C654F726465723D25752C41456C04
:10A2B800656374726963616C363D25732C456C6502
:10A2C8006374726963616C365F5068617365537754
:10A2D8006565704465673D25732C456C65637472CC
:10A2E8006963616C526970706C6556616C69643D34
:10A2F80025642C506861736556616C69644D61739F
:10A308006B3D3078253034582C446F6D696E616E22
:10A318007453656C65637465644F726465723D253A
:10A32800752C446F6D696E616E7453656C656374EA
:10A338006564416D706C69747564653D25732C4462
:10A348006F6D696E616E7453656C656374656445A1
:10A358006E65726779526174696F3D25732C4C651F
:10A36800676163794D6F64656C49643D4853455432
:10A37800365F56312C4C65676163794F726465723C
:10A38800733D317C327C337C367C31327C31382CE5
:10A398004C65676163794D6F64656C56616C69647F
:10A3A8003D25642C526573696475616C5F524D5329
:10A3B8005F48363D25732C526573696475616C5F1F
:10A3C800524D535F4833363D25732C52657369648B
:10A3D80075616C5F524D535F46756C6C3D25732CEF
:10A3E8004669747465645F5032503D25732C466924
:10A3F800744578706C61696E6564526174696F3D0B
:10A4080025732C457874656E6465644D6F64656C5E
:10A4180049643D4853455431325F56312C45787470
:10A42800656E6465644F72646572733D317C327C1D
:10A43800337C367C397C31327C31387C32377C3322
:10A44800367C34357C37327C3130382C457874652D
:10A458006E6465644D6F64656C56616C69643D2516
:10A46800642C526573696475616C5F524D535F4526
:10A478007874656E6465643D25732C4669747465EB
:10A48800645F5032505F457874656E6465643D253D
:10A49800732C4669744578706C61696E65645261A5
:10A4A80074696F5F457874656E6465643D25732CC7
:10A4B8004D6F746F725F4572726F725F5032505F8A
:10A4C8004465673D25732C4D6F746F725F537973C4
:10A4D80074656D5F494E4C5F4465673D25732C4339
:10A4E80072657374466163746F723D25732C5039BD
:10A4F800395F416273446576696174696F6E3D25A1
:10A50800732C547261636B696E6756616C69643D44
:10A5180025642C547261636B696E674572726F7241
:10A528005F524D535F4465673D25732C54726163D8
:10A538006B696E674572726F725F4D6178416273C5
:10A548005F4465673D25732C466561747572654384
:10A558006F6D7075746554696D654D733D256C75C7
:10A568000D0A0000534841444F575F524553554C1C
:10A57800542C536368656D6156657273696F6E3DDF
:10A5880025642C5465737449443D256C752C5377A8
:10A5980065657049443D256C752C4A696749443D99
:10A5A80025732C4D6F746F7249443D25732C4F668B
:10A5B80066696369616C3D302C436F6E74726163C8
:10A5C8007456657273696F6E3D25732C56616C699C
:10A5D800643D25642C416E616C79736973506F69B1
:10A5E8006E74733D25642C4D65616E44433D25733F
:10A5F8002C524D535F41433D25732C4133363D2545
:10A60800732C5032503D25732C506F696E74304D49
:10A6180065616E5261775131363D25732C457272F2
:10A628006F72305261775131363D25732C436C6F10
:10A63800737572654572726F725261775131363D2A
:10A6480025732C436C6F737572654572726F724413
:10A6580065673D25732C436C6F737572654C696D26
:10A6680069744465673D302E32303030302C436C8D
:10A678006F7375726556616C69643D25642C4C6511
:10A68800676163794D696E757343616E6F6E696357
:10A69800616C524D533D25732C4C65676163794D50
:10A6A800696E757343616E6F6E6963616C413336B1
:10A6B8003D25732C417474656D70746564506F69C1
:10A6C8006E74733D25642C436170747572656450B3
:10A6D8006F696E74733D25642C5472616E73616387
:10A6E80074696F6E733D256C752C41636365707476
:10A6F800656453616D706C65733D256C752C537082
:10A70800694661696C757265733D256C752C4A756F
:10A718006D7052656A656374733D256C752C4D6563
:10A72800746164617461496E76616C69643D256C1D
:10A73800752C4661696C6564506F696E74733D254C
:10A748006C752C536B6970706564536C6F74733DD2
:10A75800256C752C54696D696E674F7665727275D4
:10A768006E733D256C752C4D617841627354696D2B
:10A77800696E674572726F724379636C65733D25C4
:10A788006C752C4D6178436F6E736563757469766B
:10A79800654661696C757265734F6273657276653B
:10A7A800643D256C752C46656174757265436F6DE3
:10A7B8007075746554696D654D733D256C752C41D4
:10A7C8007070726F61636850726F746F636F6C3D05
:10A7D80025732C417070726F61636853747275636E
:10A7E800747572616C56616C69643D25730D0A005D
:10A7F80053574545505F52414D505F535445505350
:10A808002C536368656D6156657273696F6E3D257B
:10A81800642C5465737449443D256C752C537765D5
:10A82800657049443D256C752C4A696749443D2546
:10A83800732C4D6F746F7249443D25732C4F6666B7
:10A84800696369616C3D302C546F506F696E74494F
:10A858006E6465783D256C752C53746570436F750F
:10A868006E743D25752C556E7772617070656452F3
:10A8780061773D25730D0A00534841444F575F45A2
:10A888004E442C536368656D6156657273696F6ECB
:10A898003D25642C5465737449443D256C752C53CF
:10A8A8007765657049443D256C752C4A696749444C
:10A8B8003D25732C4D6F746F7249443D25732C4FA1
:10A8C8006666696369616C3D302C537461727465A6
:10A8D800643D25642C417474656D70746564506FB3
:10A8E800696E74733D25642C436170747572656478
:10A8F800506F696E74733D25642C4163717569737B
:10A908006974696F6E526573756C743D25732C5349
:10A9180074617475733D25730D0A00004D6F746F73
:10A9280072206F66667365743A2025750D0A0000FB
:10A938004D6F746F7220616E676C65206F66667309
:10A9480065743A202573206465677265650D0A0091
:10A958004D41363030207374617274207261773DD6
:10A96800257520636F756E743D256C642066696C6F
:10A9780074657265643D257320726177416E676CFA
:10A98800653D2573206465677265650D0A000000E2
:10A998004E4C2063757276652025643A20616E6797
:10A9A8006C653D2573206572726F723D2573206456
:10A9B80065670D0A000000004E4C20706F696E74C8
:10A9C80073206E6F7420736574746C656420776986
:10A9D8007468696E20256C646D732025643A20259F
:10A9E800642F25640D0A00004E4C206162736F6C61
:10A9F8007574652065787472656D612025643A20E8
:10AA08006D61785F7261773D257520282573206414
:10AA1800656729206D696E5F7261773D257520280D
:10AA2800257320646567290D0A0000004E4C2068D4
:10AA380061726D6F6E69633120286D6F756E746910
:10AA48006E672F636F6E63656E747269636974797C
:10AA5800207369676E6174757265292025643A20D0
:10AA6800616D706C69747564653D257320706861EB
:10AA780073653D2573206465670D0A004E4C206898
:10AA880061726D6F6E6963362028686973746F72BE
:10AA98006963616C207265666572656E63652C20FA
:10AAA80073656520524553554C54277320446F6D88
:10AAB800696E616E7453656C65637465644F726426
:10AAC8006572292025643A20616D706C697475641B
:10AAD800653D25732070686173653D257320646545
:10AAE800670D0A004E4C20646F6D696E616E7420AC
:10AAF8006861726D6F6E69632025643A206F7264B5
:10AB080065723D257520616D706C69747564653D6D
:10AB18002573206465670D0A000000004E4C207202
:10AB28006177207065616B2D746F2D7065616B2086
:10AB38002564202873696E676C65206D61782D6DBA
:10AB4800696E2C20666F7220636F6D706172697315
:10AB58006F6E293A202573206465677265650D0A52
:10AB6800000000004E4C2054432070657263656EEF
:10AB780074696C652025643A2050353D2573205052
:10AB880039353D25732072616E67653D25732064F4
:10AB980065677265650D0A004E4C20544320726D3E
:10ABA800732025643A202573206465677265650DF6
:10ABB8000A0000004E6F6E6C696E65617220256434
:10ABC80020416E676C653A2025732064656772655D
:10ABD800650D0A004D4136303020526177204E6FA6
:10ABE8006E6C696E65617220256420416E676C65C4
:10ABF8003A202573206465677265650D0A000000B8
:10AC08004D413630302046696C7465722D5261773B
:10AC1800204D617820446966662025643A202573B2
:10AC2800206465677265650D0A0000004E6F6E6CE2
:10AC3800696E65617220256420494E56414C49442D
:10AC48003A20747261636B696E673D2564206163A5
:10AC5800717569736974696F6E3D257320736574C6
:10AC6800746C65643D25642F25640D0A000000009E
:10AC7800454E442C536368656D6156657273696F00
:10AC88006E3D25642C5465737449443D256C752CC0
:10AC9800537765657049443D256C752C4469726528
:10ACA8006374696F6E3D25732C43617074757265AA
:10ACB80064506F696E74733D25642C416E616C79C4
:10ACC800736973506F696E74733D25642C54726197
:10ACD800636B696E6756616C69643D25642C5365C6
:10ACE80074746C6553746162696C69747956616CCB
:10ACF80069643D25642C536574746C65546172678E
:10AD0800657450726F78696D69747956616C69649D
:10AD18003D25642C536574746C6556616C69643D9B
:10AD280025642C4163717569736974696F6E526526
:10AD380073756C743D25732C5374617475733D255C
:10AD4800730D0A00434F4E4649472C5265636F7294
:10AD58006456657273696F6E3D312C476174655036
:10AD68006F6C6963793D504F4C4943595F415F4C63
:10AD78004F434B45445F56312C436F6E66696743BA
:10AD88006F6E746578743D25732C4669726D7761B2
:10AD980072653D25732C4275696C6449443D257381
:10ADA8002C4D43555F5549443D2530386C58253066
:10ADB800386C582530386C582C4A696749443D2509
:10ADC800732C4A69674B6E6F776E3D25642C436F11
:10ADD8006E6669674761746553656C66546573741C
:10ADE8003D312C506F696E7453616D706C65725390
:10ADF800656C66546573743D312C45787065637471
:10AE0800656443616C6962726174696F6E537461E1
:10AE180074653D5A45524F5F5441424C452C436F2F
:10AE28006E6669675265616456616C69643D256444
:10AE38002C436F6E66696756616C69643D25642CA6
:10AE4800506F6C69637941476174655061737365CC
:10AE5800643D25642C41756469744669656C647346
:10AE68004C6F636B65643D312C4578706563746520
:10AE78006450726F66696C65466F756E643D2564D3
:10AE88002C52656A656374526561736F6E3D2573F4
:10AE98002C45787065637465645A65726F3D3078C7
:10AEA800253034582C45787065637465644469723C
:10AEB8003D3078253032582C457870656374656468
:10AEC80046696C743D3078253032582C4578706569
:10AED800637465645374617475733D3078253032DA
:10AEE800582C45787065637465645072743D307889
:10AEF800253032582C4578706563746564526D61ED
:10AF08007049643D3078253032582C457870656337
:10AF1800746564436F727243524333323D3078250F
:10AF280030386C582C5A65726F3D3078253034585B
:10AF38002C4469723D3078253032582C46696C743F
:10AF48003D3078253032582C5374617475733D3018
:10AF580078253032582C5072743D3078253032586C
:10AF68002C526D617049643D3078253032582C433D
:10AF78006F72724E6F6E5A65726F436F756E743D65
:10AF880025752C436F727243524333323D30782516
:10AF980030386C580D0A00004D6F746F722045529E
:10AFA800524F523A2045256420284D4136303020F2
:10AFB800636F6E66696720676174652072656A658C
:10AFC800637465643A20257329210D0A0000000086
:10AFD80047657474696E6720726573756C74210DAA
:10AFE8000A000000505245434F4E444954494F4EC1
:10AFF8005F5052455F4D4F544F52000042415443F9
:10B00800485F5052455F4D4F544F52004D6F746F1B
:10B0180072204552524F523A204535303720286326
:10B028006F6E74726F6C2D73657373696F6E2072B7
:10B038006573657420766572696669636174696FA2
:10B048006E206661696C656429210D0A00000000A4
:10B058004D6F746F72204552524F523A2045353029
:10B0680032210D0A000000004D6F746F72204552A6
:10B07800524F523A204535303320286D6F76652D72
:10B08800746F2D7A65726F20646964206E6F742006
:10B09800636F6E76657267652077697468696E207C
:10B0A800256C64206D7329210D0A00004D6F746FA3
:10B0B80072204552524F523A204535303420286D7F
:10B0C8006F76652D746F2D7A65726F20656E636F6C
:10B0D800646572206163717569736974696F6E2044
:10B0E8006661696C656429210D0A00004D6F746FF3
:10B0F80072204552524F523A204535303520287338
:10B1080077656570206163717569736974696F6EBD
:10B11800206661696C65643A20257329210D0A004F
:10B128004D6F746F72204552524F523A2045353058
:10B138003620287377656570206163717569736956
:10B1480074696F6E20696E76616C69643B20696E04
:10B158007370656374204D4554412F454E44292131
:10B168000D0A0000505245434F4E444954494F4E32
:10B178005F524553554C542C536368656D61566551
:10B188007273696F6E3D25642C426174636849442B
:10B198003D256C752C4379636C654F726465723D0F
:10B1A800256C752C5465737449443D256C752C5079
:10B1B800726F746F636F6C3D25732C52756E526F8E
:10B1C8006C653D505245434F4E444954494F4E2CAF
:10B1D800456C696769626C65466F7253746174691E
:10B1E80073746963733D302C5374617475733D5681
:10B1F800414C49440D0A00004E6F6E6C696E6561E2
:10B20800722046696E616C20417665726167653AA5
:10B21800202573206465677265650D0A00000000CB
:10B228004D4136303020526177204E6F6E6C696E1A
:10B238006561722046696E616C204176657261674E
:10B24800653A202573206465677265650D0A0000FC
:10B258004D6F746F72204F4B210D0A0042415443C9
:10B26800482C426174636849443D256C752C5374BD
:10B27800617475733D4641494C45442C4379636C70
:10B28800654F726465723D256C752C52756E4F72F0
:10B298006465723D256C752C52756E526F6C653DF8
:10B2A80025730D0A0000000042415443482C4261B6
:10B2B80074636849443D256C752C537461747573C7
:10B2C8003D434F4D504C4554452C507265636F6E4D
:10B2D800646974696F6E436F756E743D256C752C67
:10B2E80052756E436F756E743D256C752C546F7472
:10B2F800616C4379636C65436F756E743D256C753D
:10B308002C507265636F6E646974696F6E56616CF8
:10B3180069643D310D0A000042415443482C4261A2
:10B3280074636849443D256C752C53746174757356
:10B338003D434F4F4C444F574E5F53544152542C4A
:10B348004379636C654F726465723D256C752C5248
:10B35800756E4F726465723D256C752C52756E5210
:10B368006F6C653D25732C5461726765744D733D30
:10B37800256C752C50726F746F636F6C3D25730D5F
:10B388000A0000004D413630302053544154555383
:10B3980020707265636865636B206661696C6564BB
:10B3A800204E564D423D2564204352433D2564209E
:10B3B8004D454D3D2564205041523D25643B20625A
:10B3C8006174636820726566757365640D0A0000B0
:10B3D80042415443482C426174636849443D256C9A
:10B3E800752C5374617475733D53544152542C50E9
:10B3F8007265636F6E646974696F6E50726F746F93
:10B40800636F6C3D25732C507265636F6E6469744D
:10B41800696F6E436F756E743D256C752C52756E31
:10B42800436F756E743D256C752C546F74616C4355
:10B4380079636C65436F756E743D256C752C436F2D
:10B448006F6C646F776E5461726765744D733D25D8
:10B458006C750D0A0000000042415443482C4261BB
:10B4680074636849443D256C752C53746174757315
:10B478003D4641494C45442C526561736F6E3D43CE
:10B488004F4F4C444F574E5F494E56414C49442C00
:10B49800436F6D706C657465644379636C654F7256
:10B4A8006465723D256C752C4E6578744379636CC0
:10B4B800654F726465723D256C752C5461726765C1
:10B4C800744D733D256C752C41637475616C4D73B7
:10B4D8003D256C752C546F6C6572616E63654D7398
:10B4E8003D256C750D0A000052554E54494D452CAA
:10B4F80046726565486561703D256C752C4D696EB1
:10B508004576657246726565486561703D256C755E
:10B518002C54657374537461636B48696768576129
:10B52800746572576F7264733D256C750D0A00005F
:10B53800424F4F545F534D4F4B450000494E4954BD
:10B5480049414C00484F4C445F353000484F4C440B
:10B558005F31303000000000484F4C445F323030DB
:10B5680000000000546573745461736B00000000A0
:10B578000000803F000000000000000000002041A3
:10B58800000020410000C842000000000000000048
:10B59800000020410000A04049444C450000000044
:10B5A800546D722053766300546D72510000000090
:10B5B800AD550A196089010800000000000000006C
:10B5C800000000000000000000100000180000004B
:10B5D800000000000000000000000040A69B443B63
:10B5E8009A99993E0000A0400000C84327003C00FB
:10B5F8000447343235353538888A0108000000059B
:10B6080000000000AD550A192C002500044734320B
:10B6180035353538908A0108000000050000000023
:10B62800AD550A193A004C000B51343039333631D4
:10B63800988A01080000000500000000AD550A19AD
:10B6480001020306090C121B242D486C0102030693
:10B658000C12000044B501084CB5010854B50108A6
:10B6680060B501080000000032000000640000001E
:10B67800C80000006CB501080000000000000000D0
:10B688000000000000000000001A00002000000078
:10B6980000000000000000000000000000000000A2
:10B6A8000102030406070809000000000102030460
:10B6B8000006101600061016232D302B2000686C8B
:10B6C8004C006566674546470030313233343536BD
:10B6D80037383941424344454600303132333435F6
:10B6E800363738396162636465660000000000001F
:10B6F80059F3F8C21F6EA501000000000000F03FDA
:10B7080000000080DB0F4940DB0F49C0DB0F49BF59
:10B71800E4CB1640E4CB16C0000FC93F000F4940E8
:10B7280000CB9640000FC9400053FB4000CB1641A8
:10B7380000ED2F41000F49410031624100537B4128
:10B74800003A8A4100CB9641005CA34100EDAF412D
:10B75800007EBC41000FC94100A0D5410031E24143
:10B7680000C2EE410053FB4100F20342003A0A4294
:10B778000083104200CB164200141D42005C234295
:10B7880000A5294200ED2F4200363642007E3C4299
:10B7980000C74242000F4942A2000000F900000021
:10B7A800830000006E0000004E000000440000000E
:10B7B8001500000029000000FC0000002700000020
:10B7C80057000000D1000000F50000003400000020
:10B7D800DD000000C0000000DB0000006200000087
:10B7E80095000000990000003C00000043000000A4
:10B7F8009000000041000000FE0000005100000021
:10B8080063000000AB000000DE000000BB00000089
:10B81800C500000061000000B7000000240000001F
:10B828006E0000003A000000420000004D000000D9
:10B83800D2000000E00000000600000049000000FF
:10B848002E000000EA00000009000000D1000000FE
:10B85800920000001C000000FE0000001D00000017
:10B86800EB0000001C000000B100000029000000EF
:10B87800A70000003E000000E80000008200000071
:10B8880035000000F50000002E000000BB0000009D
:10B898004400000084000000E90000009C00000053
:10B8A8007000000026000000B40000005F000000E7
:10B8B8007E000000410000003900000091000000F7
:10B8C800D60000003900000083000000530000008B
:10B8D80039000000F40000009C0000008400000013
:10B8E8005F0000008B000000BD000000F9000000B0
:10B8F800280000003B0000001F000000F8000000C6
:10B9080097000000FF000000DE00000005000000B6
:10B91800980000000F000000EF0000002F0000005A
:10B92800110000008B0000005A0000000A0000000F
:10B938006D0000001F0000006D00000036000000D0
:10B948007E000000CF00000027000000CB000000B0
:10B9580009000000B70000004F000000460000008A
:10B968003F000000660000009E0000005F0000002D
:10B97800EA0000002D00000075000000270000000C
:10B98800BA000000C7000000EB000000E50000005E
:10B99800F10000007B0000003D00000007000000EF
:10B9A80039000000F70000008A0000005200000083
:10B9B80092000000EA0000006B000000FB0000009D
:10B9C8005F000000B10000001F0000008D000000B3
:10B9D8005D000000080000005600000003000000A1
:10B9E8003000000046000000FC0000007B00000062
:10B9F8006B000000AB000000F0000000CF0000006A
:10BA0800BC000000200000009A000000F4000000C4
:10BA1800360000001D000000A9000000E30000003F
:10BA280091000000610000005E000000E6000000D8
:10BA38001B000000080000006500000099000000DD
:10BA4800850000005F00000014000000A000000056
:10BA580068000000400000008D000000FF000000AA
:10BA6800D8000000800000004D00000073000000B6
:10BA7800270000003100000006000000060000005A
:10BA88001500000056000000CA0000007300000006
:10BA9800A8000000C900000060000000E2000000EB
:10BAA8007B000000C00000008C0000006B0000005C
:10BAB8006937AC3168212233B40F14336821A233BB
:10BAC8003863ED3EDA0F493F5E987B3FDA0FC93F96
:10BAD8000000C93F0000F0390000DA370000A23347
:10BAE8000000842E0000502B0000C2270000D02246
:10BAF8000000C41F0000C61B00004417040000001B
:08BB0800070000000900000025
:08BB1000C046FE7F01000000A9
:04BB1800B50100086B
:04BB1C00910100088B
:10BB20000024F4001000000001000000AAAAAAAA44
:10BB300014000020000000006CDC0120D4DC012097
:10BB40003CDD0120000000000000000000000000BB
:10BB500000000000000000000000000000000000E5
:10BB600000000000000000000000000000000000D5
:10BB700000000000000000000000000000000000C5
:040000050800CD69B9
:00000001FF
