point_index,sweep_angle_deg,a1_raw_mean_error_deg,a1_raw_pointwise_sd_deg,a1_centered_mean_error_deg,a1_centered_pointwise_sd_deg,a1_top_selection_rate,a1_bottom_selection_rate,b_raw_mean_error_deg,b_raw_pointwise_sd_deg,b_centered_mean_error_deg,b_centered_pointwise_sd_deg,b_top_selection_rate,b_bottom_selection_rate,a2_raw_mean_error_deg,a2_raw_pointwise_sd_deg,a2_centered_mean_error_deg,a2_centered_pointwise_sd_deg,a2_top_selection_rate,a2_bottom_selection_rate,a_average_raw_mean_error_deg,a_average_centered_mean_error_deg,b_minus_a_raw_error_deg,b_minus_a_centered_error_deg,b_aligned_source_index,b_aligned_source_angle_deg,b_aligned_centered_mean_error_deg,b_minus_a_aligned_centered_error_deg
0,0.0,0.0022233333333333337,0.01641531094232861,-0.39720723148148146,0.021551807027771326,0.0,0.0,0.00724,0.002581065671384593,-0.3103144351851852,0.021751489709206123,0.0,0.0,0.0002599999999999998,0.006244645706523309,-0.3569487314814815,0.01922538920664188,0.0,0.0,0.0012416666666666667,-0.3770779814814815,0.005998333333333333,0.06676354629629627,0,0.0,-0.3103144351851852,0.06676354629629627
1,1.0,0.5019433333333333,0.010237257119626008,0.10251276851851854,0.006662960807167438,0.0,0.0,0.4914233333333333,0.024818167404813216,0.17386889814814813,0.02769582159178121,0.0,0.0,0.48322333333333334,0.02414536049292559,0.12601460185185184,0.00846218496643278,0.0,0.0,0.4925833333333333,0.11426368518518519,-0.0011599999999999944,0.059605212962962936,1,1.0,0.17386889814814813,0.059605212962962936
2,2.0,0.7781399999999999,0.040194884002818086,0.3787094351851852,0.03130823369184275,0.0,0.0,0.7495833333333334,0.03448158977386818,0.43202889814814815,0.022429090430346545,0.0,0.0,0.75191,0.03686418722825722,0.3947012685185185,0.015856096054556037,0.0,0.0,0.765025,0.38670535185185184,-0.015441666666666576,0.04532354629629631,2,2.0,0.43202889814814815,0.04532354629629631
3,3.0,1.0027633333333335,0.008949973929198525,0.6033327685185185,0.020564492869886847,0.0,0.0,0.9543866666666666,0.0233765145676881,0.6368322314814815,0.004108610328196222,0.0,0.0,0.9565533333333334,0.0229440391677955,0.5993446018518519,0.00975534129851777,0.0,0.0,0.9796583333333334,0.6013386851851852,-0.025271666666666803,0.03549354629629631,3,3.0,0.6368322314814815,0.03549354629629631
4,4.0,0.97781,0.019725711647491893,0.5783794351851852,0.014335271243518712,0.0,0.0,0.9647233333333333,0.009055022547367512,0.6471688981481482,0.015522944246766358,0.0,0.0,0.9734966666666667,0.027028350547773587,0.6162879351851852,0.021020347478332146,0.0,0.0,0.9756533333333333,0.5973336851851851,-0.010929999999999995,0.049835212962963005,4,4.0,0.6471688981481482,0.049835212962963005
5,5.0,0.38686,0.06770322813573959,-0.012570564814814814,0.08196430474747142,0.0,0.0,0.32672,0.022522937197443846,0.009165564814814823,0.004916051160651785,0.0,0.0,0.32882,0.03490217901507011,-0.028388731481481466,0.021128039133976994,0.0,0.0,0.35784,-0.02047964814814814,-0.03111999999999998,0.029645212962962963,5,5.0,0.009165564814814823,0.029645212962962963
6,6.0,-0.6030099999999999,0.05790228751957907,-1.0024405648148147,0.04477633696698303,0.0,0.0,-0.6853933333333333,0.02034369025848884,-1.0029477685185186,0.01987379155504568,0.0,0.0,-0.68976,0.03434978311430801,-1.0469687314814815,0.01215050420225771,0.0,0.0,-0.646385,-1.024704648148148,-0.03900833333333331,0.021756879629629466,6,6.0,-1.0029477685185186,0.021756879629629466
7,7.0,-0.7964866666666667,0.005847173106154235,-1.1959172314814814,0.009781903688618376,0.0,0.0,-0.8692233333333333,0.023703063796339383,-1.1867777685185186,0.0038695301460491337,0.0,0.0,-0.82071,0.05066293418269413,-1.1779187314814814,0.0314928492965232,0.0,0.0,-0.8085983333333333,-1.1869179814814814,-0.06062500000000004,0.00014021296296284902,7,7.0,-1.1867777685185186,0.00014021296296284902
8,8.0,-0.6027666666666667,0.012578224569999253,-1.0021972314814815,0.024601370705851656,0.0,0.0,-0.7032366666666666,0.03032886468915925,-1.0207911018518518,0.011366658872401843,0.0,0.0,-0.61626,0.04906283624088605,-0.9734687314814815,0.024953964183676285,0.0,0.0,-0.6095133333333334,-0.9878329814814815,-0.09372333333333327,-0.03295812037037038,8,8.0,-1.0207911018518518,-0.03295812037037038
9,9.0,-0.3195866666666667,0.007245801082926127,-0.7190172314814816,0.008136783202501848,0.0,0.0,-0.43326,0.031725745066113094,-0.7508144351851852,0.00766091139869079,0.0,0.0,-0.32875666666666664,0.01685955021147757,-0.6859653981481482,0.01180832800355136,0.0,0.0,-0.32417166666666664,-0.7024913148148149,-0.10908833333333334,-0.04832312037037034,9,9.0,-0.7508144351851852,-0.04832312037037034
10,10.0,0.15329666666666666,0.012381830774701019,-0.24613389814814815,0.0032199749618415925,0.0,0.0,0.04421,0.025031316385679757,-0.2733444351851852,0.013513226765848957,0.0,0.0,0.15922333333333336,0.00881050698503402,-0.1979853981481481,0.02250961526561753,0.0,0.0,0.15626,-0.22205964814814813,-0.11205000000000001,-0.051284787037037066,10,10.0,-0.2733444351851852,-0.051284787037037066
11,11.0,0.5513433333333333,0.022030774687544084,0.15191276851851848,0.01908772210948601,0.0,0.0,0.4673066666666667,0.01792325956218158,0.14975223148148148,0.00785476606526711,0.0,0.0,0.5498433333333334,0.02045005949461598,0.19263460185185186,0.03379568793936605,0.0,0.0,0.5505933333333333,0.17227368518518515,-0.08328666666666656,-0.022521453703703675,11,11.0,0.14975223148148148,-0.022521453703703675
12,12.0,0.8369566666666667,0.019087171957451757,0.43752610185185187,0.019425890638223517,0.0,0.0,0.72162,0.03424850215702875,0.4040655648148148,0.013493565333262994,0.0,0.0,0.8039533333333333,0.016209843717116236,0.4467446018518519,0.017356236158015077,0.0,0.0,0.8204549999999999,0.4421353518518519,-0.0988349999999999,-0.03806978703703706,12,12.0,0.4040655648148148,-0.03806978703703706
13,13.0,1.1182733333333335,0.007897704307793017,0.7188427685185186,0.010349308352953654,0.0,0.0,0.9732033333333333,0.04094383022304261,0.6556488981481481,0.016637649123779474,0.0,0.0,1.0448199999999999,0.04853223155800694,0.6876112685185186,0.025306439505087295,0.0,0.0,1.0815466666666667,0.7032270185185185,-0.10834333333333335,-0.04757812037037046,13,13.0,0.6556488981481481,-0.04757812037037046
14,14.0,1.2692866666666667,0.015944072043657238,0.8698561018518518,0.01181756518113786,0.0,0.0,1.1388166666666668,0.014195197544709654,0.8212622314814815,0.025863682096846453,0.0,0.0,1.1978533333333334,0.048220581014058086,0.8406446018518517,0.0379605651808633,0.0,0.0,1.23357,0.8552503518518517,-0.09475333333333325,-0.033988120370370245,14,14.0,0.8212622314814815,-0.033988120370370245
15,15.0,0.8372766666666666,0.02747148400311374,0.43784610185185185,0.0301710506875087,0.0,0.0,0.6641933333333333,0.02683560570088429,0.34663889814814813,0.011069104502041207,0.0,0.0,0.8823366666666667,0.05613622834973272,0.5251279351851853,0.06885538417419874,0.0,0.0,0.8598066666666666,0.4814870185185186,-0.1956133333333333,-0.13484812037037047,15,15.0,0.34663889814814813,-0.13484812037037047
16,16.0,-0.2089366666666667,0.041453063015093765,-0.6083672314814815,0.048876828122060054,0.0,0.0,-0.32558,0.02144739378106348,-0.6431344351851852,0.003521425510394473,0.0,0.0,-0.27212,0.0902643988513744,-0.6293287314814814,0.06660483890814682,0.0,0.0,-0.24052833333333334,-0.6188479814814815,-0.08505166666666664,-0.024286453703703748,16,16.0,-0.6431344351851852,-0.024286453703703748
17,17.0,-0.56202,0.047851686490655666,-0.9614505648148147,0.03963894725046636,0.0,0.0,-0.7105,0.014783358887614166,-1.0280544351851852,0.009950653307012843,0.0,0.0,-0.60093,0.05625631786741825,-0.9581387314814815,0.03361143910985895,0.0,0.0,-0.581475,-0.9597946481481481,-0.12902500000000006,-0.06825978703703717,17,17.0,-1.0280544351851852,-0.06825978703703717
18,18.0,-0.5173599999999999,0.016173203145944826,-0.9167905648148148,0.01423819737196514,0.0,0.0,-0.6111266666666667,0.019392125549648583,-0.9286811018518518,0.005187325528996132,0.0,0.0,-0.5142133333333333,0.01813334037990061,-0.8714220648148148,0.008361319675800982,0.0,0.0,-0.5157866666666666,-0.8941063148148147,-0.09534000000000009,-0.03457478703703709,18,18.0,-0.9286811018518518,-0.03457478703703709
19,19.0,-0.2822233333333333,0.011321238153723878,-0.6816538981481481,0.01890744708160717,0.0,0.0,-0.39765333333333336,0.004983877339314556,-0.7152077685185185,0.01935531510969597,0.0,0.0,-0.29560333333333333,0.021689906254599912,-0.6528120648148148,0.007307500982540193,0.0,0.0,-0.28891333333333336,-0.6672329814814815,-0.10874,-0.04797478703703706,19,19.0,-0.7152077685185185,-0.04797478703703706
20,20.0,0.09556000000000002,0.021586414709256378,-0.3038705648148148,0.006674254512072812,0.0,0.0,-0.04260333333333333,0.0376943925980156,-0.3601577685185185,0.0586526787414793,0.0,0.0,0.06585,0.014758468755260486,-0.29135873148148145,0.009666362416601426,0.0,0.0,0.08070500000000001,-0.2976146481481481,-0.12330833333333335,-0.06254312037037041,20,20.0,-0.3601577685185185,-0.06254312037037041
21,21.0,0.5876833333333334,0.02865863627832512,0.18825276851851855,0.015346440233127707,0.0,0.0,0.44623999999999997,0.04029689938444398,0.12868556481481483,0.061065052654368616,0.0,0.0,0.5430233333333333,0.02069118008556628,0.18581460185185186,0.007653047828988642,0.0,0.0,0.5653533333333334,0.1870336851851852,-0.1191133333333334,-0.05834812037037038,21,21.0,0.12868556481481483,-0.05834812037037038
22,22.0,0.8886033333333333,0.0018900088183215823,0.48917276851851854,0.013532936654533888,0.0,0.0,0.7768366666666666,0.048723725569103774,0.4592822314814815,0.025781626477570495,0.0,0.0,0.8199933333333332,0.0291549384038679,0.46278460185185183,0.005541594808106412,0.0,0.0,0.8542983333333333,0.47597868518518516,-0.07746166666666665,-0.01669645370370365,22,22.0,0.4592822314814815,-0.01669645370370365
23,23.0,1.06118,0.03488562454650917,0.6617494351851851,0.04844261338845212,0.0,0.0,1.0244866666666665,0.1129759462599598,0.7069322314814815,0.0919052321261542,0.0,0.0,1.03257,0.024738938942485033,0.6753612685185185,0.007950065173190328,0.0,0.0,1.046875,0.6685553518518519,-0.022388333333333454,0.03837687962962966,23,23.0,0.7069322314814815,0.03837687962962966
24,24.0,1.0238966666666667,0.02014930850757251,0.6244661018518518,0.024948731661803305,0.0,0.0,0.99534,0.031054347521723903,0.6777855648148147,0.00979663154199961,0.0,0.0,0.9878266666666665,0.029790727304537773,0.6306179351851852,0.009107923461277641,0.0,0.0,1.0058616666666667,0.6275420185185185,-0.010521666666666651,0.05024354629629613,24,24.0,0.6777855648148147,0.05024354629629613
25,25.0,0.20554999999999998,0.09361539990834841,-0.19388056481481483,0.08925833351204514,0.0,0.0,0.12668,0.08743210337170208,-0.19087443518518518,0.0898151898258785,0.0,0.0,0.16241333333333333,0.04983124053576565,-0.19479539814814814,0.03621409685568296,0.0,0.0,0.18398166666666665,-0.1943379814814815,-0.05730166666666667,0.003463546296296305,25,25.0,-0.19087443518518518,0.003463546296296305
26,26.0,-0.8477233333333333,0.028800389464959216,-1.247153898148148,0.013983489873156292,0.0,0.6666666666666666,-0.78423,0.033823258270012965,-1.1017844351851853,0.048866603761473025,0.0,0.0,-0.8466333333333332,0.01587952875035443,-1.2038420648148147,0.009838028627549894,0.0,0.0,-0.8471783333333333,-1.2254979814814813,0.06294833333333327,0.12371354629629594,26,26.0,-1.1017844351851853,0.12371354629629594
27,27.0,-0.91642,0.038982134369477534,-1.3158505648148149,0.05403036512218254,0.0,1.0,-0.96986,0.03079854379674464,-1.287414435185185,0.006579273251214361,0.0,1.0,-0.9090933333333333,0.02216505658312948,-1.2663020648148147,0.005989814020377766,0.0,1.0,-0.9127566666666667,-1.2910763148148148,-0.057103333333333395,0.0036618796296297162,27,27.0,-1.287414435185185,0.0036618796296297162
28,28.0,-0.7127633333333333,0.011289385870512812,-1.112193898148148,0.02552403265398228,0.0,0.0,-0.76232,0.01766844928113391,-1.0798744351851852,0.007908500954509472,0.0,0.0,-0.7053666666666666,0.018829557438594612,-1.062575398148148,0.006204486053163442,0.0,0.0,-0.709065,-1.0873846481481482,-0.05325500000000005,0.007510212962962948,28,28.0,-1.0798744351851852,0.007510212962962948
29,29.0,-0.4385966666666667,0.004211796924512553,-0.8380272314814815,0.011190270193146695,0.0,0.0,-0.4750833333333333,0.02396443684573731,-0.7926377685185185,0.005816032410125211,0.0,0.0,-0.47655333333333333,0.02436719379274794,-0.8337620648148149,0.008817062265784107,0.0,0.0,-0.457575,-0.8358946481481482,-0.017508333333333292,0.04325687962962965,29,29.0,-0.7926377685185185,0.04325687962962965
30,30.0,0.08056333333333333,0.019175756395337668,-0.3188672314814815,0.009325701957259184,0.0,0.0,0.03025333333333333,0.02301804147475048,-0.28730110185185187,0.0017229703935671505,0.0,0.0,0.027883333333333333,0.02643509094618994,-0.32932539814814815,0.00222742070952762,0.0,0.0,0.05422333333333333,-0.3240963148148148,-0.02397,0.03679521296296295,30,30.0,-0.28730110185185187,0.03679521296296295
31,31.0,0.51613,0.043764932308870304,0.11669943518518518,0.02905503842255882,0.0,0.0,0.4635833333333334,0.016525684050390562,0.14602889814814815,0.00865055258539384,0.0,0.0,0.44991999999999993,0.024376219969470266,0.09271126851851852,0.0018496516585490414,0.0,0.0,0.4830249999999999,0.10470535185185184,-0.019441666666666524,0.04132354629629631,31,31.0,0.14602889814814815,0.04132354629629631
32,32.0,0.7501433333333333,0.04155411090774694,0.3507127685185185,0.026428421370984216,0.0,0.0,0.6652533333333334,0.018899852733112364,0.34769889814814814,0.006282656354281782,0.0,0.0,0.68569,0.03389345659563219,0.3284812685185185,0.010532729182683458,0.0,0.0,0.7179166666666666,0.33959701851851853,-0.052663333333333284,0.008101879629629605,32,32.0,0.34769889814814814,0.008101879629629605
33,33.0,0.9244866666666667,0.020175096860568772,0.5250561018518519,0.014740191819172433,0.0,0.0,0.89793,0.020230553625642564,0.5803755648148148,0.008930260081613317,0.0,0.0,0.90508,0.024971225440494516,0.5478712685185186,0.007605988604176451,0.0,0.0,0.9147833333333333,0.5364636851851853,-0.016853333333333276,0.0439118796296295,33,33.0,0.5803755648148148,0.0439118796296295
34,34.0,0.9795033333333333,0.04446595589137083,0.5800727685185185,0.050193396118813,0.0,0.0,0.9754233333333332,0.014813049427222372,0.6578688981481481,0.010039658390016052,0.0,0.0,0.97986,0.023074767604463507,0.6226512685185185,0.004535781952942659,0.0,0.0,0.9796816666666666,0.6013620185185184,-0.004258333333333364,0.056506879629629636,34,34.0,0.6578688981481481,0.056506879629629636
35,35.0,0.48498,0.05810691266966434,0.0855494351851852,0.0632293537094453,0.0,0.0,0.38896,0.00807871276875219,0.07140556481481482,0.025197943122906987,0.0,0.0,0.3643633333333334,0.024258858862966602,0.007154601851851868,0.004885344576214011,0.0,0.0,0.42467166666666667,0.04635201851851853,-0.0357116666666667,0.02505354629629629,35,35.0,0.07140556481481482,0.02505354629629629
36,36.0,-0.47133,0.008243439815999152,-0.8707605648148148,0.008041356537213697,0.0,0.0,-0.5723366666666667,0.02878472916901138,-0.8898911018518518,0.0070966421660292435,0.0,0.0,-0.5009333333333333,0.030070346411927698,-0.8581420648148148,0.008489946655953547,0.0,0.0,-0.4861316666666667,-0.8644513148148147,-0.08620500000000003,-0.025439787037037087,36,36.0,-0.8898911018518518,-0.025439787037037087
37,37.0,-0.6934533333333333,0.0318876501695144,-1.0928838981481481,0.01686931051839409,0.0,0.0,-0.7804766666666666,0.04540285490289495,-1.0980311018518518,0.022685637760226616,0.0,0.0,-0.7186733333333333,0.026978540237257733,-1.0758820648148149,0.007251702141094766,0.0,0.0,-0.7060633333333333,-1.0843829814814816,-0.07441333333333333,-0.01364812037037022,37,37.0,-1.0980311018518518,-0.01364812037037022
38,38.0,-0.5672966666666667,0.00440473987124478,-0.9667272314814815,0.012373666147915529,0.0,0.0,-0.6511433333333333,0.026111302788894536,-0.9686977685185184,0.002475655737165651,0.0,0.0,-0.5988600000000001,0.02343077463508191,-0.9560687314814814,0.0016816326828994585,0.0,0.0,-0.5830783333333334,-0.9613979814814815,-0.06806499999999993,-0.007299787037036931,38,38.0,-0.9686977685185184,-0.007299787037036931
39,39.0,-0.33651666666666663,0.008808389939900099,-0.7359472314814814,0.015136521930823243,0.0,0.0,-0.40813000000000005,0.020765521905312185,-0.7256844351851851,0.0038249752523137792,0.0,0.0,-0.37748,0.028242103321105525,-0.7346887314814815,0.003823711203671668,0.0,0.0,-0.3569983333333333,-0.7353179814814814,-0.05113166666666674,0.009633546296296314,39,39.0,-0.7256844351851851,0.009633546296296314
40,40.0,0.06431666666666667,0.006668315629402474,-0.3351138981481481,0.017154765020878395,0.0,0.0,-0.017616666666666666,0.025333064033656354,-0.3351711018518519,0.004765130816602134,0.0,0.0,0.02824,0.028641723062693,-0.3289687314814815,0.004299651101113485,0.0,0.0,0.04627833333333334,-0.3320413148148148,-0.06389500000000001,-0.0031297870370370906,40,40.0,-0.3351711018518519,-0.0031297870370370906
41,41.0,0.5720966666666666,0.00607639970157768,0.17266610185185183,0.01002448483738125,0.0,0.0,0.47092666666666666,0.027094031323030045,0.15337223148148146,0.005922059016560703,0.0,0.0,0.53401,0.026848465505499537,0.17680126851851852,0.002655699558847346,0.0,0.0,0.5530533333333333,0.17473368518518517,-0.08212666666666663,-0.02136145370370371,41,41.0,0.15337223148148146,-0.02136145370370371
42,42.0,0.8774566666666667,0.0012900516785513765,0.47802610185185185,0.016290686922949316,0.0,0.0,0.7661666666666666,0.019362345760091514,0.4486122314814815,0.006517639095908589,0.0,0.0,0.8217966666666667,0.027618617513071382,0.46458793518518515,0.0047033808819759056,0.0,0.0,0.8496266666666668,0.47130701851851853,-0.0834600000000002,-0.022694787037037034,42,42.0,0.4486122314814815,-0.022694787037037034
43,43.0,1.10104,0.00717147125769881,0.7016094351851851,0.011107615341273845,0.0,0.0,0.9937066666666666,0.028828188172920828,0.6761522314814815,0.008470165907207956,0.0,0.0,1.0474133333333333,0.032200405794544466,0.6902046018518518,0.014507811266330089,0.0,0.0,1.0742266666666667,0.6959070185185185,-0.08052000000000004,-0.019754787037037036,43,43.0,0.6761522314814815,-0.019754787037037036
44,44.0,1.13709,0.006154827373696211,0.7376594351851851,0.01836609433357303,0.0,0.0,1.0387166666666667,0.011330473658825304,0.7211622314814815,0.020362200388521254,0.0,0.0,1.0936533333333334,0.03239271728850996,0.7364446018518519,0.008441284490559794,0.0,0.0,1.1153716666666667,0.7370520185185185,-0.07665499999999992,-0.01588978703703703,44,44.0,0.7211622314814815,-0.01588978703703703
45,45.0,0.5107700000000001,0.02160039814447872,0.11133943518518519,0.00922765190505216,0.0,0.0,0.38814333333333334,0.05292794378523819,0.07058889814814816,0.03335211012030739,0.0,0.0,0.45443999999999996,0.044957427639935064,0.09723126851851853,0.026833080917698378,0.0,0.0,0.482605,0.10428535185185187,-0.09446166666666667,-0.03369645370370371,45,45.0,0.07058889814814816,-0.03369645370370371
46,46.0,-0.38498666666666664,0.004942877029962728,-0.7844172314814815,0.02008814414153737,0.0,0.0,-0.5179333333333332,0.022931771264630498,-0.8354877685185184,0.013728486612234175,0.0,0.0,-0.44029333333333337,0.037282570100964516,-0.7975020648148149,0.012900223223686325,0.0,0.0,-0.41264,-0.7909596481481482,-0.10529333333333324,-0.04452812037037013,46,46.0,-0.8354877685185184,-0.04452812037037013
47,47.0,-0.5963166666666667,0.013228606628565747,-0.9957472314814814,0.0029902859945096323,0.0,0.0,-0.6854033333333334,0.02326400080238423,-1.0029577685185187,0.004336912073003151,0.0,0.0,-0.6269166666666667,0.022424772759904007,-0.984125398148148,0.0038538609378574356,0.0,0.0,-0.6116166666666667,-0.9899363148148147,-0.07378666666666667,-0.013021453703704,47,47.0,-1.0029577685185187,-0.013021453703704
48,48.0,-0.44372666666666666,0.010616027191625554,-0.8431572314814816,0.013807279311856694,0.0,0.0,-0.5044033333333333,0.016042722129779988,-0.8219577685185184,0.00987427610264077,0.0,0.0,-0.47947000000000006,0.02739403767245715,-0.8366787314814815,0.007268152591360975,0.0,0.0,-0.46159833333333333,-0.8399179814814816,-0.04280499999999998,0.01796021296296313,48,48.0,-0.8219577685185184,0.01796021296296313
49,49.0,-0.16673666666666667,0.011032793541679875,-0.5661672314814815,0.005440970455316564,0.0,0.0,-0.24281,0.02663296265908095,-0.5603644351851852,0.005825422980611364,0.0,0.0,-0.19945,0.025589316129978935,-0.5566587314814814,0.007962131040269214,0.0,0.0,-0.18309333333333333,-0.5614129814814814,-0.05971666666666667,0.0010485462962962488,49,49.0,-0.5603644351851852,0.0010485462962962488
50,50.0,0.33142,0.0076928473272254725,-0.06801056481481481,0.007474948919389283,0.0,0.0,0.2390133333333333,0.026306357279816086,-0.07854110185185187,0.001989623576737355,0.0,0.0,0.2952033333333333,0.022736341687556783,-0.06200539814814813,0.008651726720109401,0.0,0.0,0.31331166666666665,-0.06500798148148147,-0.07429833333333336,-0.013533120370370397,50,50.0,-0.07854110185185187,-0.013533120370370397
51,51.0,0.7413766666666667,0.014723023919471643,0.34194610185185187,0.011892669141552794,0.0,0.0,0.6461866666666666,0.026822038202443426,0.32863223148148146,0.013060149892625661,0.0,0.0,0.69772,0.021027883868806194,0.34051126851851854,0.007301518002912941,0.0,0.0,0.7195483333333333,0.34122868518518523,-0.07336166666666677,-0.01259645370370377,51,51.0,0.32863223148148146,-0.01259645370370377
52,52.0,0.9744566666666667,0.016364746662668912,0.575026101851852,0.011899188295351039,0.0,0.0,0.8971666666666667,0.022698392747799008,0.5796122314814816,0.0022718843613139333,0.0,0.0,0.9320133333333334,0.036256315771646355,0.5748046018518519,0.01203662032509807,0.0,0.0,0.953235,0.5749153518518519,-0.05606833333333339,0.004696879629629613,52,52.0,0.5796122314814816,0.004696879629629613
53,53.0,1.2324966666666668,0.025460405207563524,0.8330661018518518,0.013001075473863975,0.0,0.0,1.1504633333333334,0.02184275699936559,0.8329088981481481,0.00635265777970119,0.0,0.0,1.18718,0.03806745197672155,0.8299712685185187,0.015278127989681393,0.0,0.0,1.2098383333333333,0.8315186851851852,-0.059374999999999956,0.0013902129629628224,53,53.0,0.8329088981481481,0.0013902129629628224
54,54.0,1.4044133333333333,0.012249597272291636,1.0049827685185184,0.02376205362655313,0.0,0.0,1.3242566666666666,0.019016367511523684,1.0067022314814815,0.009520718953131446,0.0,0.0,1.3462866666666666,0.028439777308082708,0.9890779351851853,0.014717620157818504,0.0,0.0,1.37535,0.9970303518518518,-0.051093333333333435,0.009671879629629676,54,54.0,1.0067022314814815,0.009671879629629676
55,55.0,0.949,0.014389569138789337,0.5495694351851852,0.0007813481673303973,0.0,0.0,0.8961166666666666,0.050822830827624454,0.5785622314814814,0.03328063780932742,0.0,0.0,0.9254533333333334,0.04672277424697009,0.5682446018518519,0.02462171090195511,0.0,0.0,0.9372266666666667,0.5589070185185185,-0.04111000000000009,0.01965521296296291,55,55.0,0.5785622314814814,0.01965521296296291
56,56.0,-0.07732,0.034645321473468826,-0.47675056481481476,0.01977871074785917,0.0,0.0,-0.11656666666666667,0.03318857685007499,-0.4341211018518519,0.0228936219230354,0.0,0.0,-0.09716000000000001,0.029287965105141738,-0.4543687314814815,0.02618056738800698,0.0,0.0,-0.08724000000000001,-0.4655596481481481,-0.029326666666666654,0.03143854629629622,56,56.0,-0.4341211018518519,0.03143854629629622
57,57.0,-0.4709733333333333,0.014477279901049567,-0.8704038981481482,0.008177101267795087,0.0,0.0,-0.54302,0.03239311192213552,-0.8605744351851851,0.014300791843372884,0.0,0.0,-0.5098666666666666,0.025581853594556697,-0.867075398148148,0.0013107187237496338,0.0,0.0,-0.49041999999999997,-0.8687396481481482,-0.05259999999999998,0.008165212962963131,57,57.0,-0.8605744351851851,0.008165212962963131
58,58.0,-0.4010066666666667,0.010431741625123466,-0.8004372314814815,0.006624020874905396,0.0,0.0,-0.4635,0.032745138570480954,-0.7810544351851852,0.009477321973633922,0.0,0.0,-0.42225,0.014692008031579629,-0.7794587314814815,0.010081399408601482,0.0,0.0,-0.4116283333333334,-0.7899479814814815,-0.05187166666666665,0.00889354629629624,58,58.0,-0.7810544351851852,0.00889354629629624
59,59.0,-0.2043366666666667,0.01637028507184078,-0.6037672314814815,0.00783271834792047,0.0,0.0,-0.2764466666666667,0.02425580823912766,-0.5940011018518518,0.008549197170195925,0.0,0.0,-0.25406333333333336,0.022051993862989658,-0.6112720648148148,0.006101143567565635,0.0,0.0,-0.22920000000000001,-0.6075196481481482,-0.04724666666666666,0.013518546296296341,59,59.0,-0.5940011018518518,0.013518546296296341
60,60.0,0.16223666666666667,0.02165988304061989,-0.23719389814814815,0.00970469888361064,0.0,0.0,0.09788000000000001,0.02244828946712867,-0.21967443518518517,0.003274644359440062,0.0,0.0,0.12036333333333334,0.02377247638201232,-0.23684539814814812,0.004899494839664528,0.0,0.0,0.1413,-0.23701964814814813,-0.04342,0.017345212962962958,60,60.0,-0.21967443518518517,0.017345212962962958
61,61.0,0.6483766666666666,0.00717981429657714,0.24894610185185181,0.009431699468600402,0.0,0.0,0.58013,0.018891794515079805,0.26257556481481487,0.012116216995907739,0.0,0.0,0.60282,0.02536933779190936,0.24561126851851856,0.010427076778602096,0.0,0.0,0.6255983333333333,0.2472786851851852,-0.04546833333333322,0.015296879629629667,61,61.0,0.26257556481481487,0.015296879629629667
62,62.0,0.9148066666666667,0.012205229753402163,0.5153761018518519,0.018332103189923312,0.0,0.0,0.8592533333333333,0.024395082154674813,0.5416988981481481,0.007671494623271739,0.0,0.0,0.86157,0.01947462194755012,0.5043612685185185,0.014347962220088389,0.0,0.0,0.8881883333333334,0.5098686851851852,-0.028935000000000044,0.031830212962962845,62,62.0,0.5416988981481481,0.031830212962962845
63,63.0,1.1227166666666666,0.008429794382624893,0.7232861018518518,0.008000294239686045,0.0,0.0,1.0614233333333332,0.03225820257443581,0.7438688981481482,0.009867327020660972,0.0,0.0,1.0649266666666668,0.024162335014094427,0.7077179351851853,0.006721130695950468,0.0,0.0,1.0938216666666667,0.7155020185185186,-0.03239833333333353,0.028366879629629582,63,63.0,0.7438688981481482,0.028366879629629582
64,64.0,1.1137233333333334,0.019965501078944493,0.7142927685185185,0.01055079494351355,0.0,0.0,1.03533,0.031086345877249733,0.7177755648148149,0.012819739341808991,0.0,0.0,1.0519366666666665,0.02897204572227051,0.6947279351851853,0.006427414423030437,0.0,0.0,1.08283,0.7045103518518518,-0.047499999999999876,0.013265212962963013,64,64.0,0.7177755648148149,0.013265212962963013
65,65.0,0.29207333333333335,0.04518623278536653,-0.10735723148148148,0.03744953949125061,0.0,0.0,0.24536333333333335,0.018833311799397717,-0.07219110185185186,0.013681998494753668,0.0,0.0,0.25415666666666664,0.07449718809011072,-0.10305206481481478,0.05848127973072372,0.0,0.0,0.273115,-0.10520464814814813,-0.027751666666666647,0.03301354629629627,65,65.0,-0.07219110185185186,0.03301354629629627
66,66.0,-0.7189733333333334,0.019238025712981374,-1.1184038981481481,0.006454039637604983,0.0,0.0,-0.81014,0.016660720272545265,-1.1276944351851852,0.010124041456011144,0.0,0.0,-0.8066966666666667,0.027937505853839795,-1.1639053981481482,0.02196345361467305,0.0,0.0,-0.762835,-1.1411546481481483,-0.04730499999999993,0.01346021296296307,66,66.0,-1.1276944351851852,0.01346021296296307
67,67.0,-0.85202,0.0027509089406957746,-1.2514505648148149,0.012498286569798855,0.0,0.6666666666666666,-0.92164,0.028052402749140764,-1.2391944351851851,0.004193697534890442,0.0,0.0,-0.8769966666666668,0.037191351593257954,-1.2342053981481482,0.021848612890512147,0.0,0.6666666666666666,-0.8645083333333334,-1.2428279814814815,-0.05713166666666658,0.0036335462962964193,67,67.0,-1.2391944351851851,0.0036335462962964193
68,68.0,-0.6606666666666666,0.01950997266357216,-1.0600972314814816,0.007457813784217916,0.0,0.0,-0.7225933333333333,0.04114334251532482,-1.0401477685185185,0.01702203788707341,0.0,0.0,-0.6941433333333333,0.03676371218108056,-1.0513520648148147,0.02098322255196706,0.0,0.0,-0.677405,-1.0557246481481481,-0.045188333333333275,0.015576879629629614,68,68.0,-1.0401477685185185,0.015576879629629614
69,69.0,-0.37219,0.016375680138546928,-0.7716205648148149,0.005890775530223434,0.0,0.0,-0.4367666666666667,0.022717546815915955,-0.7543211018518519,0.002153699537849018,0.0,0.0,-0.43643666666666664,0.033834641025631315,-0.793645398148148,0.015906555635457346,0.0,0.0,-0.4043133333333333,-0.7826329814814814,-0.03245333333333339,0.028311879629629555,69,69.0,-0.7543211018518519,0.028311879629629555
70,70.0,0.12561999999999998,0.010691697713646782,-0.2738105648148148,0.007940596165187497,0.0,0.0,0.05199,0.027942979440281596,-0.2655644351851852,0.003912853478917845,0.0,0.0,0.05541666666666667,0.03495601569591897,-0.30179206481481485,0.012227306907939129,0.0,0.0,0.09051833333333333,-0.28780131481481486,-0.038528333333333324,0.02223687962962967,70,70.0,-0.2655644351851852,0.02223687962962967
71,71.0,0.5431866666666667,0.010608870502241697,0.14375610185185186,0.004575167620414184,0.0,0.0,0.45753,0.031462878126452445,0.13997556481481482,0.008190420903085624,0.0,0.0,0.4780866666666667,0.039026090418248845,0.12087793518518519,0.01775376962471923,0.0,0.0,0.5106366666666667,0.13231701851851851,-0.053106666666666746,0.007658546296296309,71,71.0,0.13997556481481482,0.007658546296296309
72,72.0,0.80425,0.011255269876817707,0.4048194351851852,0.009223424193187665,0.0,0.0,0.71407,0.02490005421680844,0.39651556481481487,0.005307185497326703,0.0,0.0,0.7404966666666667,0.0018183875641164572,0.3832879351851852,0.025721087183235555,0.0,0.0,0.7723733333333334,0.39405368518518524,-0.058303333333333374,0.0024618796296296264,72,72.0,0.39651556481481487,0.0024618796296296264
73,73.0,1.0443466666666668,0.021535471514070263,0.6449161018518518,0.025815585298622285,0.0,0.0,0.9390866666666667,0.013802696596438456,0.6215322314814814,0.011027325400822552,0.0,0.0,1.00403,0.013622404339910039,0.6468212685185186,0.02502518332449617,0.0,0.0,1.0241883333333335,0.6458686851851851,-0.08510166666666674,-0.024336453703703742,73,73.0,0.6215322314814814,-0.024336453703703742
74,74.0,1.11309,0.03867973241892971,0.7136594351851852,0.03127396016501651,0.0,0.0,1.0041733333333334,0.03215361928824396,0.686618898148148,0.008487327974325963,0.0,0.0,1.0737033333333335,0.07909504303894992,0.7164946018518519,0.055564369385780486,0.0,0.0,1.0933966666666666,0.7150770185185185,-0.08922333333333321,-0.028458120370370432,74,74.0,0.686618898148148,-0.028458120370370432
75,75.0,0.53938,0.07197230578493369,0.13994943518518518,0.08208231878366395,0.0,0.0,0.42033666666666664,0.04258782729059245,0.10278223148148148,0.029402544928516048,0.0,0.0,0.49501,0.045173138035784086,0.13780126851851854,0.022800700418875455,0.0,0.0,0.517195,0.13887535185185185,-0.09685833333333332,-0.036093120370370366,75,75.0,0.10278223148148148,-0.036093120370370366
76,76.0,-0.37567,0.017342061584482954,-0.7751005648148149,0.015074611141575144,0.0,0.0,-0.4586266666666667,0.03451611411114139,-0.776181101851852,0.013894078016246862,0.0,0.0,-0.4250066666666667,0.023225331716325025,-0.7822153981481481,0.00735275783223245,0.0,0.0,-0.40033833333333335,-0.7786579814814816,-0.05828833333333333,0.0024768796296296136,76,76.0,-0.776181101851852,0.0024768796296296136
77,77.0,-0.59922,0.031907405096622966,-0.9986505648148148,0.01676626566660077,0.0,0.0,-0.7220966666666667,0.017766052834924658,-1.0396511018518517,0.03194674776143361,0.0,0.0,-0.6504366666666667,0.024417781089471124,-1.0076453981481481,0.0031725018545672758,0.0,0.0,-0.6248283333333333,-1.0031479814814814,-0.0972683333333334,-0.03650312037037029,77,77.0,-1.0396511018518517,-0.03650312037037029
78,78.0,-0.46171,0.0288014392001511,-0.8611405648148148,0.014039921472664698,0.0,0.0,-0.5593466666666667,0.022753549906186818,-0.8769011018518519,0.021745080791842876,0.0,0.0,-0.52976,0.03614295090332278,-0.8869687314814815,0.015186123614163004,0.0,0.0,-0.49573500000000004,-0.8740546481481481,-0.06361166666666662,-0.002846453703703733,78,78.0,-0.8769011018518519,-0.002846453703703733
79,79.0,-0.24487666666666666,0.017007108317798572,-0.6443072314814815,0.012375722315443326,0.0,0.0,-0.31753333333333333,0.03475568634530664,-0.6350877685185186,0.01051313150810641,0.0,0.0,-0.34032666666666667,0.056671581355502446,-0.6975353981481481,0.04339180853911263,0.0,0.0,-0.29260166666666665,-0.6709213148148148,-0.024931666666666685,0.035833546296296204,79,79.0,-0.6350877685185186,0.035833546296296204
80,80.0,0.16023333333333334,0.015222648696377817,-0.2391972314814815,0.010429553218089483,0.0,0.0,0.08957999999999999,0.0398683985131081,-0.2279744351851852,0.01568586279151222,0.0,0.0,0.06593333333333333,0.059442545649840174,-0.2912753981481481,0.03918675071891161,0.0,0.0,0.11308333333333334,-0.2652363148148148,-0.02350333333333335,0.037261879629629596,80,80.0,-0.2279744351851852,0.037261879629629596
81,81.0,0.6690333333333333,0.014522893421537359,0.2696027685185185,0.01029034168507666,0.0,0.0,0.5748066666666666,0.0305769232156104,0.25725223148148146,0.008775793012350971,0.0,0.0,0.5912033333333333,0.04216588708106748,0.23399460185185184,0.0183708921399379,0.0,0.0,0.6301183333333333,0.25179868518518517,-0.05531166666666676,0.005453546296296297,81,81.0,0.25725223148148146,0.005453546296296297
82,82.0,0.9777033333333334,0.01760676101199011,0.5782727685185185,0.01124774250416824,0.0,0.0,0.8618666666666667,0.026844785961771655,0.5443122314814816,0.00696644263563754,0.0,0.0,0.9621333333333334,0.055585766463487195,0.6049246018518519,0.056141498670922885,0.0,0.0,0.9699183333333334,0.5915986851851852,-0.10805166666666677,-0.04728645370370366,82,82.0,0.5443122314814816,-0.04728645370370366
83,83.0,1.1973433333333334,0.03212216731998842,0.7979127685185184,0.022059676808251646,0.0,0.0,1.0978899999999998,0.02579424548227763,0.7803355648148148,0.001862473299653986,0.0,0.0,1.1821,0.016005258510876988,0.8248912685185186,0.03520394400067155,0.0,0.0,1.1897216666666668,0.8114020185185185,-0.09183166666666698,-0.031066453703703645,83,83.0,0.7803355648148148,-0.031066453703703645
84,84.0,1.2538933333333333,0.023880670705265627,0.8544627685185184,0.014574260398465978,0.0,0.0,1.11323,0.05729496662011427,0.7956755648148147,0.040352453523956125,0.0,0.0,1.1443766666666668,0.022237248780668257,0.7871679351851851,0.033548561292199894,0.0,0.0,1.199135,0.8208153518518517,-0.08590500000000012,-0.02513978703703701,84,84.0,0.7956755648148147,-0.02513978703703701
85,85.0,0.6100133333333333,0.02418495468950342,0.2105827685185185,0.024325967190913587,0.0,0.0,0.6477266666666667,0.07600366920967261,0.33017223148148145,0.07943979672750137,0.0,0.0,0.43961999999999996,0.1279000035183737,0.08241126851851854,0.1074409868893523,0.0,0.0,0.5248166666666666,0.14649701851851854,0.12291000000000007,0.1836752129629629,85,85.0,0.33017223148148145,0.1836752129629629
86,86.0,-0.28936333333333336,0.025289057580964405,-0.6887938981481482,0.01075531692179361,0.0,0.0,-0.4087433333333333,0.02324378698347869,-0.7262977685185185,0.03253358229406215,0.0,0.0,-0.29484,0.09425454047418617,-0.6520487314814815,0.09989605306757714,0.0,0.0,-0.2921016666666667,-0.6704213148148148,-0.11664166666666659,-0.055876453703703644,86,86.0,-0.7262977685185185,-0.055876453703703644
87,87.0,-0.5066433333333333,0.02865261651810064,-0.9060738981481481,0.028468760186082336,0.0,0.0,-0.5895866666666666,0.02179961544003316,-0.9071411018518519,0.011372660517877383,0.0,0.0,-0.5606833333333333,0.010067260468137997,-0.9178920648148149,0.029706742169616145,0.0,0.0,-0.5336633333333334,-0.9119829814814815,-0.055923333333333214,0.004841879629629564,87,87.0,-0.9071411018518519,0.004841879629629564
88,88.0,-0.31832333333333335,0.03085962788714948,-0.7177538981481483,0.01611385433509515,0.0,0.0,-0.4312533333333333,0.026778913968518822,-0.7488077685185185,0.010766748345720393,0.0,0.0,-0.35935999999999996,0.042503003423287604,-0.7165687314814816,0.04496927875885162,0.0,0.0,-0.33884166666666665,-0.7171613148148149,-0.09241166666666667,-0.03164645370370356,88,88.0,-0.7488077685185185,-0.03164645370370356
89,89.0,-0.057850000000000006,0.042659199476783434,-0.4572805648148148,0.02919101303317577,0.0,0.0,-0.16355333333333333,0.02522786620650531,-0.4811077685185185,0.0010589891385786696,0.0,0.0,-0.11865333333333333,0.03353038969850087,-0.4758620648148148,0.022297137628923554,0.0,0.0,-0.08825166666666667,-0.46657131481481484,-0.07530166666666666,-0.014536453703703656,89,89.0,-0.4811077685185185,-0.014536453703703656
90,90.0,0.4077733333333333,0.03088768740668899,0.008342768518518525,0.01611571795022437,0.0,0.0,0.3323466666666666,0.01911415792896285,0.014792231481481474,0.005224437523798293,0.0,0.0,0.35791,0.03983856925141766,0.0007012685185185386,0.018143126939611672,0.0,0.0,0.38284166666666664,0.004522018518518532,-0.05049500000000001,0.010270212962962943,90,90.0,0.014792231481481474,0.010270212962962943
91,91.0,0.8205066666666667,0.02858639944682322,0.42107610185185185,0.013549132531863406,0.0,0.0,0.7564500000000001,0.04287856807310618,0.4388955648148148,0.03177591319367433,0.0,0.0,0.7660399999999999,0.04100109266836683,0.40883126851851853,0.017760159021816144,0.0,0.0,0.7932733333333333,0.41495368518518516,-0.03682333333333321,0.023941879629629625,91,91.0,0.4388955648148148,0.023941879629629625
92,92.0,1.0770166666666665,0.019017377141270952,0.6775861018518518,0.004828651109022534,0.0,0.0,0.9766,0.03371203345987895,0.6590455648148148,0.028830364083389782,0.0,0.0,1.0115066666666666,0.04214583292964241,0.6542979351851852,0.017726829197225357,0.0,0.0,1.0442616666666664,0.6659420185185185,-0.0676616666666664,-0.006896453703703731,92,92.0,0.6590455648148148,-0.006896453703703731
93,93.0,1.31711,0.03432846195214687,0.9176794351851852,0.01921185694977423,0.0,0.0,1.1931566666666666,0.04313225513850787,0.8756022314814814,0.05760925784923876,0.0,0.0,1.2819233333333333,0.020302247002076713,0.9247146018518518,0.008870931506612497,0.0,0.0,1.2995166666666667,0.9211970185185185,-0.10636000000000001,-0.04559478703703712,93,93.0,0.8756022314814814,-0.04559478703703712
94,94.0,1.52159,0.05985577415755305,1.1221594351851853,0.047360133333881546,0.0,0.0,1.3476366666666666,0.10296044110887118,1.0300822314814815,0.11394175231936159,0.0,0.0,1.44893,0.028738705607594825,1.0917212685185185,0.026817173014324173,0.0,0.0,1.48526,1.106940351851852,-0.13762333333333343,-0.07685812037037043,94,94.0,1.0300822314814815,-0.07685812037037043
95,95.0,1.0726066666666667,0.03891811446271947,0.673176101851852,0.05406141116955584,0.0,0.0,1.0125499999999998,0.2233079888853061,0.6949955648148146,0.20056671801454312,0.0,0.0,1.00348,0.049683879679429284,0.6462712685185186,0.029810688736167167,0.0,0.0,1.0380433333333334,0.6597236851851853,-0.02549333333333359,0.0352718796296293,95,95.0,0.6949955648148146,0.0352718796296293
96,96.0,0.004926666666666668,0.036447963363312,-0.3945038981481481,0.05013210500079207,0.0,0.0,-0.14933333333333335,0.06723656173045535,-0.4668877685185185,0.09152100454082814,0.0,0.0,-0.07582666666666667,0.02486639566429629,-0.4330353981481481,0.004934571828268724,0.0,0.0,-0.03545,-0.4137696481481481,-0.11388333333333334,-0.05311812037037039,96,96.0,-0.4668877685185185,-0.05311812037037039
97,97.0,-0.48417333333333334,0.05716297432196244,-0.8836038981481482,0.05139172412979222,0.0,0.0,-0.5009333333333333,0.012873139995095723,-0.8184877685185185,0.03592852022799442,0.0,0.0,-0.5089133333333333,0.029292736869970602,-0.8661220648148148,0.009134536739384202,0.0,0.0,-0.49654333333333334,-0.8748629814814814,-0.004390000000000005,0.056375212962962995,97,97.0,-0.8184877685185185,0.056375212962962995
98,98.0,-0.3790466666666667,0.05536802085440055,-0.7784772314814815,0.04022909100177338,0.0,0.0,-0.44094000000000005,0.015771417184260898,-0.7584944351851851,0.03817749811171099,0.0,0.0,-0.4286266666666667,0.033689322245087285,-0.7858353981481482,0.010680465642965464,0.0,0.0,-0.40383666666666673,-0.7821563148148148,-0.03710333333333332,0.023661879629629734,98,98.0,-0.7584944351851851,0.023661879629629734
99,99.0,-0.24716333333333332,0.04988891894332182,-0.6465938981481482,0.03609986729937757,0.0,0.0,-0.30790333333333336,0.029832325308854723,-0.6254577685185185,0.00550620904031334,0.0,0.0,-0.30582666666666664,0.028005789282456086,-0.6630353981481482,0.005363532984217393,0.0,0.0,-0.276495,-0.6548146481481482,-0.03140833333333337,0.02935687962962963,99,99.0,-0.6254577685185185,0.02935687962962963
100,100.0,0.09109666666666666,0.024663443257852975,-0.30833389814814816,0.02548666776483122,0.0,0.0,0.07786,0.02408512611550955,-0.23969443518518518,0.0032312922445519574,0.0,0.0,0.07881,0.02617260208691524,-0.2783987314814815,0.0026908341606638264,0.0,0.0,0.08495333333333333,-0.2933663148148148,-0.0070933333333333265,0.053671879629629604,100,100.0,-0.23969443518518518,0.053671879629629604
101,101.0,0.5422033333333333,0.0344205321477361,0.14277276851851853,0.04881192179109599,0.0,0.0,0.5515733333333334,0.028945330078154807,0.23401889814814814,0.010692179776172794,0.0,0.0,0.5547366666666667,0.023923788022245398,0.1975279351851852,0.0031518998765899084,0.0,0.0,0.54847,0.17015035185185184,0.003103333333333347,0.06386854629629629,101,101.0,0.23401889814814814,0.06386854629629629
102,102.0,0.82355,0.0362492910275498,0.4241194351851852,0.03828995506457903,0.0,0.0,0.7620833333333333,0.03037882541069242,0.44452889814814817,0.006301654128471902,0.0,0.0,0.78451,0.031106070147159385,0.4273012685185185,0.016557362650030973,0.0,0.0,0.80403,0.42571035185185185,-0.04194666666666669,0.018818546296296312,102,102.0,0.44452889814814817,0.018818546296296312
103,103.0,1.1001866666666666,0.0921420996794264,0.7007561018518519,0.07973806809993865,0.0,0.0,0.9538166666666666,0.03327708570973927,0.6362622314814814,0.009378851768507054,0.0,0.0,0.9812033333333332,0.03164355279252524,0.6239946018518518,0.01320378932207255,0.0,0.0,1.040695,0.6623753518518518,-0.08687833333333328,-0.02611312037037039,103,103.0,0.6362622314814814,-0.02611312037037039
104,104.0,1.0551000000000001,0.12022141697717595,0.6556694351851852,0.11600059359504608,0.0,0.0,0.88139,0.025360526414094805,0.5638355648148149,0.01857671523747249,0.0,0.0,0.9370666666666666,0.013817848361207814,0.5798579351851852,0.01727404573015837,0.0,0.0,0.9960833333333334,0.6177636851851852,-0.11469333333333342,-0.053928120370370314,104,104.0,0.5638355648148149,-0.053928120370370314
105,105.0,0.01256666666666667,0.10581010411739199,-0.3868638981481481,0.09365130847919852,0.0,0.0,0.027793333333333333,0.022746011371959994,-0.28976110185185183,0.00611498821470638,0.0,0.0,0.05956999999999999,0.037245344675543,-0.29763873148148146,0.025294157820909623,0.0,0.0,0.03606833333333333,-0.34225131481481474,-0.008274999999999994,0.05249021296296291,105,105.0,-0.28976110185185183,0.05249021296296291
106,106.0,-0.7413066666666667,0.08396100900616506,-1.1407372314814817,0.09578092504249275,0.0,0.0,-0.93237,0.03500227992574199,-1.2499244351851853,0.012717636086366755,0.0,1.0,-0.8756066666666666,0.021573308353920437,-1.232815398148148,0.008587016020035372,0.0,0.3333333333333333,-0.8084566666666666,-1.1867763148148147,-0.12391333333333343,-0.06314812037037054,106,106.0,-1.2499244351851853,-0.06314812037037054
107,107.0,-0.8749066666666666,0.057127240729212,-1.2743372314814814,0.042677054813461436,0.0,0.6666666666666666,-0.9751200000000001,0.031022557921615724,-1.2926744351851853,0.007419981739475344,0.0,1.0,-0.9102800000000001,0.017840933271552804,-1.2674887314814816,0.00658576578540377,0.0,1.0,-0.8925933333333333,-1.2709129814814815,-0.08252666666666675,-0.02176145370370386,107,107.0,-1.2926744351851853,-0.02176145370370386
108,108.0,-0.6622233333333334,0.025284224989770464,-1.0616538981481483,0.012275742594844864,0.0,0.0,-0.7537433333333334,0.02089005106105138,-1.0712977685185185,0.003753643111263852,0.0,0.0,-0.6985433333333333,0.0234427479902279,-1.0557520648148149,0.0010524772622736494,0.0,0.0,-0.6803833333333333,-1.0587029814814817,-0.07336000000000009,-0.01259478703703687,108,108.0,-1.0712977685185185,-0.01259478703703687
109,109.0,-0.36047,0.03360253115466154,-0.7599005648148148,0.018724244161061245,0.0,0.0,-0.4643933333333334,0.024305876518515707,-0.7819477685185184,0.0064145922357686635,0.0,0.0,-0.4048833333333333,0.027204636247032087,-0.7620920648148148,0.007986774070566239,0.0,0.0,-0.38267666666666666,-0.7609963148148149,-0.08171666666666672,-0.02095145370370355,109,109.0,-0.7819477685185184,-0.02095145370370355
110,110.0,0.14989666666666665,0.03610129683727904,-0.24953389814814816,0.02130844612483246,0.0,0.0,0.033793333333333335,0.028705634174031644,-0.2837611018518518,0.00442147766644674,0.0,0.0,0.10242333333333335,0.035835067089839995,-0.2547853981481481,0.011423871678566032,0.0,0.0,0.12616,-0.2521596481481481,-0.09236666666666665,-0.03160145370370371,110,110.0,-0.2837611018518518,-0.03160145370370371
111,111.0,0.57718,0.032123012000744876,0.17774943518518524,0.01762289771426594,0.0,0.0,0.4613433333333334,0.030934505545318385,0.14378889814814813,0.006739236750338252,0.0,0.0,0.52968,0.027580168599919765,0.17247126851851854,0.007657341367180201,0.0,0.0,0.5534300000000001,0.1751103518518519,-0.0920866666666667,-0.03132145370370376,111,111.0,0.14378889814814813,-0.03132145370370376
112,112.0,0.8049566666666667,0.017024788789683516,0.4055261018518519,0.004858328859849054,0.0,0.0,0.70512,0.025852065681488623,0.38756556481481486,0.005679694862963007,0.0,0.0,0.7499633333333332,0.03584873963381883,0.3927546018518518,0.015177023587043589,0.0,0.0,0.7774599999999999,0.3991403518518518,-0.07233999999999996,-0.01157478703703696,112,112.0,0.38756556481481486,-0.01157478703703696
113,113.0,1.06081,0.024110497713651632,0.661379435185185,0.008963273705189772,0.0,0.0,0.95809,0.028179476574272982,0.6405355648148149,0.005518672255043841,0.0,0.0,1.0112466666666666,0.019582853043755746,0.6540379351851852,0.007473232886541868,0.0,0.0,1.0360283333333333,0.6577086851851851,-0.07793833333333333,-0.01717312037037022,113,113.0,0.6405355648148149,-0.01717312037037022
114,114.0,1.1663433333333335,0.030666108871738738,0.7669127685185185,0.016038699727224513,0.0,0.0,1.05115,0.027664274796206038,0.7335955648148148,0.0037583113248035155,0.0,0.0,1.1217566666666665,0.022200915146302763,0.7645479351851853,0.008735618024873253,0.0,0.0,1.14405,0.7657303518518519,-0.09289999999999998,-0.032134787037037094,114,114.0,0.7335955648148148,-0.032134787037037094
115,115.0,0.5823733333333333,0.03197656381372663,0.18294276851851854,0.026029915498989135,0.0,0.0,0.4945866666666667,0.026870702136961966,0.17703223148148148,0.004597765513578322,0.0,0.0,0.53699,0.03413762879873175,0.17978126851851853,0.010395205993479007,0.0,0.0,0.5596816666666666,0.18136201851851852,-0.06509499999999996,-0.004329787037037042,115,115.0,0.17703223148148148,-0.004329787037037042
116,116.0,-0.30607333333333336,0.042405561349112386,-0.7055038981481482,0.028046723276216563,0.0,0.0,-0.38236333333333333,0.011433329931972278,-0.6999177685185186,0.01419376751708153,0.0,0.0,-0.32971333333333336,0.021477305076134046,-0.6869220648148148,0.015934168930280428,0.0,0.0,-0.31789333333333336,-0.6962129814814815,-0.06446999999999997,-0.0037047870370371383,116,116.0,-0.6999177685185186,-0.0037047870370371383
117,117.0,-0.5171199999999999,0.03792801471208321,-0.9165505648148148,0.023184821326863676,0.0,0.0,-0.5738333333333333,0.022813244691041516,-0.8913877685185185,0.0044262189402172625,0.0,0.0,-0.53156,0.019819679613959452,-0.8887687314814815,0.005382923966083837,0.0,0.0,-0.52434,-0.9026596481481481,-0.04949333333333328,0.011271879629629611,117,117.0,-0.8913877685185185,0.011271879629629611
118,118.0,-0.36404,0.02942538359987852,-0.7634705648148148,0.014464328102562929,0.0,0.0,-0.4312133333333333,0.03309676771730638,-0.7487677685185186,0.011242560599301269,0.0,0.0,-0.39508666666666664,0.020445748539325567,-0.752295398148148,0.009857302620984937,0.0,0.0,-0.3795633333333333,-0.7578829814814814,-0.051649999999999974,0.009115212962962804,118,118.0,-0.7487677685185186,0.009115212962962804
119,119.0,-0.14691666666666667,0.028980207613703075,-0.5463472314814815,0.017725360952164478,0.0,0.0,-0.20971666666666666,0.0300508008767376,-0.5272711018518519,0.005739250534637042,0.0,0.0,-0.16412666666666667,0.01683940715504359,-0.5213353981481481,0.014761111905405348,0.0,0.0,-0.15552166666666667,-0.5338413148148148,-0.05419499999999999,0.006570212962962896,119,119.0,-0.5272711018518519,0.006570212962962896
120,120.0,0.24309333333333336,0.027847729410731742,-0.15633723148148146,0.013283375305080714,0.0,0.0,0.18384,0.027200810649684676,-0.1337144351851852,0.007267688640882515,0.0,0.0,0.2286533333333333,0.02546072727424205,-0.12855539814814815,0.006514001199596439,0.0,0.0,0.23587333333333332,-0.1424463148148148,-0.05203333333333332,0.008731879629629596,120,120.0,-0.1337144351851852,0.008731879629629596
121,121.0,0.7579966666666667,0.021374539371255094,0.35856610185185184,0.006392502194793753,0.0,0.0,0.69102,0.03012874375077722,0.37346556481481485,0.005896832470132817,0.0,0.0,0.73314,0.024774995459131758,0.37593126851851855,0.0037703216974705684,0.0,0.0,0.7455683333333334,0.36724868518518516,-0.05454833333333342,0.00621687962962969,121,121.0,0.37346556481481485,0.00621687962962969
122,122.0,1.09038,0.026814811205749717,0.6909494351851851,0.015941561019434898,0.0,0.0,0.9871433333333334,0.021402713223638993,0.669588898148148,0.0029757839358167206,0.0,0.0,1.0259666666666667,0.02504017039345652,0.6687579351851852,0.0016375911505903133,0.0,0.0,1.0581733333333334,0.6798536851851852,-0.07103000000000004,-0.010264787037037149,122,122.0,0.669588898148148,-0.010264787037037149
123,123.0,1.2980466666666668,0.03959899283230991,0.8986161018518518,0.025625605865561632,0.0,0.0,1.2175900000000002,0.018883858186292377,0.9000355648148148,0.005888534067031476,0.0,0.0,1.2633366666666668,0.016960897185388887,0.9061279351851853,0.011750054044738308,0.0,0.0,1.2806916666666668,0.9023720185185186,-0.06310166666666661,-0.0023364537037037225,123,123.0,0.9000355648148148,-0.0023364537037037225
124,124.0,1.35642,0.018088452117303977,0.9569894351851852,0.0050452866301938185,0.0,0.0,1.29488,0.022546199236234913,0.9773255648148148,0.0044530656871582764,0.0,0.0,1.3495866666666665,0.013946097423054735,0.9923779351851852,0.013480160918460935,0.0,0.0,1.3530033333333331,0.9746836851851852,-0.05812333333333308,0.0026418796296295843,124,124.0,0.9773255648148148,0.0026418796296295843
125,125.0,0.7755133333333334,0.01298201191392661,0.37608276851851846,0.0191746384304912,0.0,0.0,0.7283966666666667,0.029972963372568506,0.41084223148148147,0.018869610700690896,0.0,0.0,0.7701233333333333,0.015720853454355893,0.41291460185185186,0.01578718436705722,0.0,0.0,0.7728183333333334,0.39449868518518516,-0.04442166666666669,0.016343546296296307,125,125.0,0.41084223148148147,0.016343546296296307
126,126.0,-0.1568166666666667,0.022316944982083312,-0.5562472314814815,0.008818167660263483,0.0,0.0,-0.23559333333333332,0.07368700654344246,-0.5531477685185185,0.04946465672237402,0.0,0.0,-0.17259666666666665,0.023225004485109,-0.5298053981481482,0.0019669002588702357,0.0,0.0,-0.16470666666666667,-0.5430263148148149,-0.07088666666666665,-0.010121453703703653,126,126.0,-0.5531477685185185,-0.010121453703703653
127,127.0,-0.35405333333333333,0.034516382100871094,-0.7534838981481481,0.019662352079810923,0.0,0.0,-0.4600033333333333,0.0172328184965006,-0.7775577685185185,0.007100897454709114,0.0,0.0,-0.3684066666666667,0.027223714539594573,-0.7256153981481481,0.0036873576003403964,0.0,0.0,-0.36123000000000005,-0.739549648148148,-0.09877333333333327,-0.03800812037037049,127,127.0,-0.7775577685185185,-0.03800812037037049
128,128.0,-0.1854066666666667,0.03610175803660167,-0.5848372314814815,0.021170158755140434,0.0,0.0,-0.30027,0.03021931336082935,-0.6178244351851852,0.006052911981731699,0.0,0.0,-0.19765666666666667,0.022531214643985203,-0.5548653981481482,0.014452481417678563,0.0,0.0,-0.19153166666666668,-0.5698513148148148,-0.1087383333333333,-0.04797312037037038,128,128.0,-0.6178244351851852,-0.04797312037037038
129,129.0,0.08182666666666667,0.023850832969381456,-0.31760389814814816,0.008847768151058626,0.0,0.0,-0.04229666666666667,0.04125357237056366,-0.3598511018518518,0.018324598260850197,0.0,0.0,0.06491999999999999,0.02494956713051351,-0.2922887314814815,0.0029480796258234366,0.0,0.0,0.07337333333333333,-0.3049463148148148,-0.11567,-0.054904787037036995,129,129.0,-0.3598511018518518,-0.054904787037036995
130,130.0,0.5745533333333334,0.021975801085132987,0.17512276851851852,0.007255882004435716,0.0,0.0,0.4490366666666667,0.03311390241776607,0.13148223148148147,0.01094983587883425,0.0,0.0,0.5513899999999999,0.027732152819426033,0.1941812685185185,0.008644172499575498,0.0,0.0,0.5629716666666666,0.1846520185185185,-0.11393499999999995,-0.053169787037037036,130,130.0,0.13148223148148147,-0.053169787037037036
131,131.0,0.9763566666666668,0.016299884457668216,0.5769261018518519,0.003969486865718236,0.0,0.0,0.8780133333333334,0.028908587536116862,0.5604588981481481,0.019503725129358006,0.0,0.0,0.9476866666666667,0.027045512258660087,0.5904779351851852,0.004888731180405512,0.0,0.0,0.9620216666666668,0.5837020185185186,-0.08400833333333335,-0.023243120370370463,131,131.0,0.5604588981481481,-0.023243120370370463
132,132.0,1.2164300000000001,0.02271717412003524,0.8169994351851853,0.008306809570248224,0.0,0.0,1.1548033333333334,0.026913996978028657,0.8372488981481482,0.002588888817705896,0.0,0.0,1.18793,0.025054588402126984,0.8307212685185186,0.003373166849016927,0.0,0.0,1.20218,0.8238603518518519,-0.04737666666666662,0.013388546296296266,132,132.0,0.8372488981481482,0.013388546296296266
133,133.0,1.48353,0.04490695825815858,1.0840994351851851,0.03035648187624899,0.0,0.0,1.3936966666666668,0.028790853292900705,1.0761422314814815,0.007677294296680899,0.0,0.0,1.4522866666666667,0.01501403454549564,1.0950779351851851,0.01570589351693754,0.0,0.0,1.4679083333333334,1.089588685185185,-0.07421166666666656,-0.013446453703703565,133,133.0,1.0761422314814815,-0.013446453703703565
134,134.0,1.6238133333333333,0.0300099855603653,1.2243827685185185,0.024407956246001863,0.3333333333333333,0.0,1.5090333333333332,0.026390415558178202,1.1914788981481481,0.01476002443837934,0.0,0.0,1.5803633333333333,0.021892369294649962,1.2231546018518518,0.008896747889944542,0.0,0.0,1.6020883333333333,1.2237686851851852,-0.09305500000000011,-0.03228978703703711,134,134.0,1.1914788981481481,-0.03228978703703711
135,135.0,1.1533766666666667,0.03892944558214681,0.7539461018518518,0.023842322707492612,0.0,0.0,1.0263466666666667,0.012290477343591425,0.7087922314814814,0.013095672639636149,0.0,0.0,1.10179,0.05376501743699145,0.7445812685185186,0.029441655738882258,0.0,0.0,1.1275833333333334,0.7492636851851853,-0.10123666666666664,-0.040471453703703864,135,135.0,0.7087922314814814,-0.040471453703703864
136,136.0,0.05137666666666666,0.009399969858107702,-0.3480538981481482,0.01164538541795264,0.0,0.0,-0.012493333333333334,0.024598317693154004,-0.3300477685185185,0.03070579566079168,0.0,0.0,-0.03321333333333333,0.017348044078031775,-0.39042206481481473,0.02616605124114586,0.0,0.0,0.009081666666666665,-0.36923798148148146,-0.021574999999999997,0.039190212962962934,136,136.0,-0.3300477685185185,0.039190212962962934
137,137.0,-0.32638,0.03489987535794362,-0.7258105648148149,0.019973468199164537,0.0,0.0,-0.4378066666666667,0.03289623737349506,-0.7553611018518519,0.01890127928590488,0.0,0.0,-0.34801,0.046714898051906324,-0.7052187314814815,0.029578108137272685,0.0,0.0,-0.337195,-0.7155146481481482,-0.10061166666666665,-0.039846453703703655,137,137.0,-0.7553611018518519,-0.039846453703703655
138,138.0,-0.27120666666666665,0.026951724125430884,-0.6706372314814816,0.013145624189400877,0.0,0.0,-0.36786,0.011424254899117055,-0.6854144351851851,0.01505467774712232,0.0,0.0,-0.30412666666666666,0.023174913879739304,-0.6613353981481481,0.00576494571772739,0.0,0.0,-0.2876666666666666,-0.6659863148148149,-0.0801933333333334,-0.019428120370370228,138,138.0,-0.6854144351851851,-0.019428120370370228
139,139.0,-0.08208666666666666,0.022111016108115278,-0.48151723148148146,0.007047574074031494,0.0,0.0,-0.14917,0.035498942237762524,-0.4667244351851852,0.016241362263702326,0.0,0.0,-0.0805,0.03205389835885801,-0.43770873148148143,0.024917133844721218,0.0,0.0,-0.08129333333333333,-0.45961298148148144,-0.06787666666666667,-0.007111453703703752,139,139.0,-0.4667244351851852,-0.007111453703703752
140,140.0,0.29041333333333336,0.03365107031482557,-0.10901723148148147,0.02048896922861627,0.0,0.0,0.21106,0.04003593510834986,-0.1064944351851852,0.018769914864328694,0.0,0.0,0.2819133333333333,0.02520198669417421,-0.07529539814814813,0.0058032905862401875,0.0,0.0,0.2861633333333333,-0.0921563148148148,-0.07510333333333333,-0.014338120370370397,140,140.0,-0.1064944351851852,-0.014338120370370397
141,141.0,0.7628499999999999,0.03156774778155701,0.36341943518518516,0.017684508426640624,0.0,0.0,0.66626,0.025256064618225896,0.3487055648148148,0.015388818338244148,0.0,0.0,0.7277233333333334,0.02432046943077646,0.3705146018518519,0.011194489875505238,0.0,0.0,0.7452866666666667,0.36696701851851854,-0.07902666666666669,-0.018261453703703745,141,141.0,0.3487055648148148,-0.018261453703703745
142,142.0,1.01984,0.02847593194260725,0.6204094351851851,0.014480195151490806,0.0,0.0,0.92224,0.02185294259361882,0.6046855648148148,0.003364188008805385,0.0,0.0,0.9629133333333333,0.02568988581783371,0.6057046018518518,0.0057158234281402985,0.0,0.0,0.9913766666666667,0.6130570185185185,-0.06913666666666674,-0.008371453703703624,142,142.0,0.6046855648148148,-0.008371453703703624
143,143.0,1.1628566666666666,0.03048918551443007,0.7634261018518518,0.01855559176365253,0.0,0.0,1.1210133333333332,0.03433366472331977,0.803458898148148,0.012975409072095557,0.0,0.0,1.1269633333333333,0.029624213632320037,0.7697546018518521,0.012808858207224728,0.0,0.0,1.1449099999999999,0.766590351851852,-0.023896666666666677,0.03686854629629599,143,143.0,0.803458898148148,0.03686854629629599
144,144.0,1.09418,0.045462771582911614,0.6947494351851852,0.03227125856982975,0.0,0.0,1.00364,0.040055865987393136,0.6860855648148148,0.017503665024557684,0.0,0.0,1.01927,0.01726096173450364,0.6620612685185185,0.01682489493552065,0.0,0.0,1.056725,0.6784053518518518,-0.05308499999999983,0.007680212962962951,144,144.0,0.6860855648148148,0.007680212962962951
145,145.0,0.13906333333333334,0.04918297503540563,-0.2603672314814815,0.0588433041036018,0.0,0.0,0.1262,0.04927692867864231,-0.19135443518518516,0.06579870486831392,0.0,0.0,0.16859666666666664,0.07511525300052802,-0.18861206481481482,0.05069911030392765,0.0,0.0,0.15383,-0.22448964814814815,-0.027629999999999988,0.033135212962962984,145,145.0,-0.19135443518518516,0.033135212962962984
146,146.0,-0.7083033333333333,0.09574970095688726,-1.1077338981481482,0.08230136160531143,0.0,0.0,-0.8103033333333333,0.054750161034770796,-1.1278577685185185,0.03153614155388613,0.0,0.0,-0.7441233333333334,0.03201062531931134,-1.1013320648148148,0.008403219211101522,0.0,0.0,-0.7262133333333334,-1.1045329814814815,-0.08408999999999989,-0.023324787037036998,146,146.0,-1.1278577685185185,-0.023324787037036998
147,147.0,-0.7443466666666666,0.010528914157373191,-1.1437772314814814,0.012215846563926953,0.0,0.0,-0.8291633333333334,0.029115762626682706,-1.1467177685185186,0.010998544370661239,0.0,0.0,-0.7701733333333333,0.01666846523628772,-1.1273820648148147,0.007754889912453318,0.0,0.0,-0.7572599999999999,-1.135579648148148,-0.07190333333333343,-0.011138120370370652,147,147.0,-1.1467177685185186,-0.011138120370370652
148,148.0,-0.5435933333333334,0.027262894808389924,-0.9430238981481481,0.012145190194723147,0.0,0.0,-0.61017,0.01639008236709015,-0.9277244351851852,0.007937589674925166,0.0,0.0,-0.55308,0.014783409620246643,-0.9102887314814815,0.010785580349716627,0.0,0.0,-0.5483366666666667,-0.9266563148148148,-0.061833333333333296,-0.0010681203703704067,148,148.0,-0.9277244351851852,-0.0010681203703704067
149,149.0,-0.2575233333333333,0.02684514170819988,-0.6569538981481481,0.015720196099971367,0.0,0.0,-0.33764666666666665,0.020060332333571462,-0.6552011018518519,0.004429572343215007,0.0,0.0,-0.27342333333333335,0.018214613180996556,-0.6306320648148148,0.006473798369739934,0.0,0.0,-0.26547333333333334,-0.6437929814814815,-0.07217333333333331,-0.011408120370370423,149,149.0,-0.6552011018518519,-0.011408120370370423
150,150.0,0.24636333333333335,0.023874828446155044,-0.15306723148148146,0.01349582689805611,0.0,0.0,0.14056666666666667,0.015827262344869794,-0.17698776851851852,0.00855214589354718,0.0,0.0,0.22207666666666667,0.017962823645889678,-0.1351320648148148,0.006970646155992103,0.0,0.0,0.23422,-0.14409964814814813,-0.09365333333333334,-0.032888120370370394,150,150.0,-0.17698776851851852,-0.032888120370370394
151,151.0,0.65337,0.018368919402076994,0.2539394351851852,0.007997457631629028,0.0,0.0,0.5657966666666666,0.01153718480970695,0.2482422314814815,0.02467221841680917,0.0,0.0,0.6200866666666666,0.023114407483933754,0.26287793518518515,0.010356897476177272,0.0,0.0,0.6367283333333333,0.25840868518518517,-0.07093166666666673,-0.01016645370370367,151,151.0,0.2482422314814815,-0.01016645370370367
152,152.0,0.8930966666666666,0.02174694767854406,0.49366610185185184,0.014607575256215494,0.0,0.0,0.8155933333333333,0.022884427747560884,0.4980388981481482,0.004289777872959306,0.0,0.0,0.8140633333333334,0.049507945153614806,0.45685460185185184,0.031857740668748497,0.0,0.0,0.85358,0.47526035185185184,-0.037986666666666724,0.022778546296296387,152,152.0,0.4980388981481482,0.022778546296296387
153,153.0,1.1086233333333333,0.021922610093995046,0.7091927685185184,0.006944051614796727,0.0,0.0,1.06315,0.049187624459817086,0.7455955648148147,0.03790964292253547,0.0,0.0,1.05535,0.029034309015370116,0.6981412685185185,0.014479992379608871,0.0,0.0,1.0819866666666667,0.7036670185185185,-0.018836666666666613,0.041928546296296165,153,153.0,0.7455955648148147,0.041928546296296165
154,154.0,1.1834433333333334,0.03406579858646107,0.7840127685185186,0.020867378430248107,0.0,0.0,1.1298833333333336,0.04574418032201838,0.8123288981481482,0.02918148849164861,0.0,0.0,1.1831766666666665,0.04460926398555945,0.8259679351851853,0.03219217639684179,0.0,0.0,1.18331,0.804990351851852,-0.05342666666666651,0.007338546296296267,154,154.0,0.8123288981481482,0.007338546296296267
155,155.0,0.62857,0.043041435849655404,0.2291394351851852,0.027907864079119216,0.0,0.0,0.51577,0.023525320401643835,0.1982155648148148,0.008018420935067204,0.0,0.0,0.63129,0.01832858696135631,0.27408126851851855,0.0384983036225433,0.0,0.0,0.62993,0.2516103518518519,-0.11416000000000004,-0.05339478703703707,155,155.0,0.1982155648148148,-0.05339478703703707
156,156.0,-0.31489666666666666,0.07480084580626971,-0.7143272314814815,0.05964855720101119,0.0,0.0,-0.37483666666666665,0.023101766887693515,-0.6923911018518519,0.007193964100348908,0.0,0.0,-0.38996666666666663,0.08327303905426614,-0.7471753981481482,0.07062704042059799,0.0,0.0,-0.35243166666666664,-0.7307513148148148,-0.022405000000000008,0.03836021296296288,156,156.0,-0.6923911018518519,0.03836021296296288
157,157.0,-0.54712,0.036801139927996794,-0.9465505648148148,0.021954033683097743,0.0,0.0,-0.63393,0.03562709502611746,-0.9514844351851851,0.01130846092351177,0.0,0.0,-0.52198,0.09914046852824533,-0.8791887314814816,0.07830420236617201,0.0,0.0,-0.5345500000000001,-0.9128696481481482,-0.09937999999999991,-0.03861478703703691,157,157.0,-0.9514844351851851,-0.03861478703703691
158,158.0,-0.42713333333333336,0.016612147162041777,-0.826563898148148,0.015278624233781924,0.0,0.0,-0.49469,0.016258877575035708,-0.8122444351851851,0.008285478267743921,0.0,0.0,-0.45579,0.05485313026619354,-0.8129987314814815,0.05996080353847996,0.0,0.0,-0.44146166666666664,-0.8197813148148148,-0.05322833333333338,0.007536879629629678,158,158.0,-0.8122444351851851,0.007536879629629678
159,159.0,-0.20288333333333333,0.02407046807466222,-0.6023138981481481,0.018767146282485814,0.0,0.0,-0.28922333333333333,0.025692108386298956,-0.6067777685185185,0.001395140154673767,0.0,0.0,-0.24674666666666667,0.009755010678278808,-0.6039553981481481,0.02559204689211759,0.0,0.0,-0.224815,-0.6031346481481481,-0.06440833333333335,-0.0036431203703704007,159,159.0,-0.6067777685185185,-0.0036431203703704007
160,160.0,0.19613333333333335,0.03943989139606414,-0.2032972314814815,0.028143397188842748,0.0,0.0,0.09775666666666667,0.031098709512346865,-0.2197977685185185,0.00939734807131276,0.0,0.0,0.16607666666666665,0.03141538688816888,-0.19113206481481482,0.03383029173189882,0.0,0.0,0.18110500000000002,-0.19721464814814815,-0.08334833333333334,-0.022583120370370358,160,160.0,-0.2197977685185185,-0.022583120370370358
161,161.0,0.6922066666666667,0.03292950095785439,0.2927761018518518,0.020745033806763902,0.0,0.0,0.5782466666666667,0.01778177812631047,0.2606922314814815,0.012066008750299053,0.0,0.0,0.6643066666666667,0.04309801658235944,0.3070979351851852,0.04436140948127526,0.0,0.0,0.6782566666666667,0.2999370185185185,-0.10001000000000004,-0.03924478703703699,161,161.0,0.2606922314814815,-0.03924478703703699
162,162.0,0.9412533333333334,0.016484141874338897,0.5418227685185185,0.007709873218878776,0.0,0.0,0.8660066666666667,0.02344293994646006,0.5484522314814815,0.004958847390278549,0.0,0.0,0.9194366666666666,0.022137030815656652,0.5622279351851852,0.0057822747156809455,0.0,0.0,0.930345,0.5520253518518519,-0.06433833333333328,-0.003573120370370386,162,162.0,0.5484522314814815,-0.003573120370370386
163,163.0,1.1580366666666666,0.02049501728063023,0.7586061018518518,0.007902143934078065,0.0,0.0,1.0908433333333334,0.04180379448487107,0.7732888981481482,0.034724851320046476,0.0,0.0,1.12462,0.03715383829431362,0.7674112685185186,0.01749255184776833,0.0,0.0,1.1413283333333333,0.7630086851851852,-0.05048499999999989,0.010280212962962998,163,163.0,0.7732888981481482,0.010280212962962998
164,164.0,1.1872666666666667,0.06434881998400076,0.7878361018518518,0.05026685129419452,0.0,0.0,1.1062,0.046337772928788865,0.7886455648148147,0.048773038793792786,0.0,0.0,1.18163,0.06539498222340924,0.8244212685185186,0.04306698761983324,0.0,0.0,1.1844483333333333,0.8061286851851852,-0.07824833333333325,-0.017483120370370475,164,164.0,0.7886455648148147,-0.017483120370370475
165,165.0,0.5625766666666667,0.05735964638431218,0.16314610185185188,0.05923083319971675,0.0,0.0,0.3388466666666667,0.11172076455759393,0.0212922314814815,0.12311237015176221,0.0,0.0,0.49390333333333336,0.006082863908828911,0.13669460185185187,0.029899535591256066,0.0,0.0,0.52824,0.14992035185185187,-0.18939333333333336,-0.12862812037037039,165,165.0,0.0212922314814815,-0.12862812037037039
166,166.0,-0.46496000000000004,0.022371206941065987,-0.8643905648148148,0.011059546678610649,0.0,0.0,-0.4607333333333334,0.18413621190122637,-0.7782877685185184,0.16013865104685612,0.0,0.0,-0.49578666666666665,0.022984145260012034,-0.8529953981481482,0.012968567596972045,0.0,0.0,-0.4803733333333333,-0.8586929814814814,0.019639999999999935,0.08040521296296299,166,166.0,-0.7782877685185184,0.08040521296296299
167,167.0,-0.57821,0.026153475868419526,-0.9776405648148149,0.02344952161233746,0.0,0.0,-0.6679466666666668,0.049254402172124026,-0.9855011018518519,0.024927910061468612,0.0,0.0,-0.5997566666666666,0.02029103332344936,-0.9569653981481482,0.006826408195425059,0.0,0.0,-0.5889833333333333,-0.9673029814814815,-0.0789633333333335,-0.018198120370370385,167,167.0,-0.9855011018518519,-0.018198120370370385
168,168.0,-0.3979266666666667,0.0085227127919069,-0.7973572314814815,0.006911538604718599,0.0,0.0,-0.4955233333333333,0.013512935777740303,-0.8130777685185185,0.012007894137055736,0.0,0.0,-0.40697,0.026178367023173943,-0.7641787314814815,0.018630119263117254,0.0,0.0,-0.40244833333333335,-0.7807679814814815,-0.09307499999999996,-0.03230978703703702,168,168.0,-0.8130777685185185,-0.03230978703703702
169,169.0,-0.13013666666666665,0.03833570702795676,-0.5295672314814814,0.02764097234171814,0.0,0.0,-0.21647000000000002,0.022344464638921188,-0.5340244351851852,0.003596759979131177,0.0,0.0,-0.13954,0.02174976781485264,-0.4967487314814815,0.005322282105782152,0.0,0.0,-0.13483833333333334,-0.5131579814814815,-0.08163166666666669,-0.020866453703703658,169,169.0,-0.5340244351851852,-0.020866453703703658
170,170.0,0.37553333333333333,0.04559390456336609,-0.023897231481481467,0.03090728217042541,0.0,0.0,0.30312333333333336,0.019083923426102222,-0.014431101851851869,0.006844774854620273,0.0,0.0,0.3576533333333333,0.021936591196750076,0.00044460185185185574,0.006917693073682631,0.0,0.0,0.3665933333333333,-0.011726314814814806,-0.06346999999999997,-0.002704787037037063,170,170.0,-0.014431101851851869,-0.002704787037037063
171,171.0,0.8221633333333335,0.04041707724877361,0.42273276851851854,0.02649486112743932,0.0,0.0,0.7363866666666666,0.012239829791844924,0.41883223148148147,0.034431465558346884,0.0,0.0,0.7710733333333334,0.030304523314735304,0.41386460185185187,0.007767733150347676,0.0,0.0,0.7966183333333334,0.4182986851851852,-0.060231666666666794,0.0005335462962962612,171,171.0,0.41883223148148147,0.0005335462962962612
172,172.0,1.0721166666666666,0.022330370201439426,0.6726861018518518,0.03146381961660088,0.0,0.0,0.9701933333333334,0.023604983230947948,0.6526388981481481,0.04785332699776354,0.0,0.0,0.9959333333333333,0.015782374134880126,0.6387246018518519,0.011375483235914276,0.0,0.0,1.034025,0.6557053518518519,-0.06383166666666662,-0.003066453703703731,172,172.0,0.6526388981481481,-0.003066453703703731
173,173.0,1.26941,0.016012872946476596,0.8699794351851852,0.029547974972214158,0.0,0.0,1.2178766666666667,0.027187543716439947,0.9003222314814815,0.0028650586955524843,0.0,0.0,1.2521699999999998,0.01797871241218344,0.8949612685185185,0.011527045799730495,0.0,0.0,1.2607899999999999,0.8824703518518519,-0.04291333333333314,0.01785187962962964,173,173.0,0.9003222314814815,0.01785187962962964
174,174.0,1.3967833333333335,0.01655029103470183,0.9973527685185185,0.03058712645952834,0.0,0.0,1.3346766666666667,0.019877561050927108,1.0171222314814814,0.016425280682400123,0.0,0.0,1.3800966666666667,0.03627698489860116,1.0228879351851852,0.022918605961553064,0.0,0.0,1.3884400000000001,1.0101203518518518,-0.053763333333333385,0.007001879629629615,174,174.0,1.0171222314814814,0.007001879629629615
175,175.0,0.96495,0.0516954127558722,0.5655194351851852,0.04159388584492685,0.0,0.0,0.8734733333333334,0.05155533467385633,0.5559188981481481,0.02939470297197176,0.0,0.0,0.8885366666666666,0.016305043187104167,0.5313279351851853,0.00822526664875726,0.0,0.0,0.9267433333333333,0.5484236851851853,-0.05326999999999982,0.0074952129629628494,175,175.0,0.5559188981481481,0.0074952129629628494
176,176.0,-0.20753333333333335,0.1622238115485311,-0.6069638981481482,0.14814306320948084,0.0,0.0,-0.21309666666666668,0.02841010442313321,-0.5306511018518519,0.018973448751681,0.0,0.0,-0.16906333333333334,0.04542414152555152,-0.5262720648148148,0.02118039148334149,0.0,0.0,-0.18829833333333335,-0.5666179814814816,-0.02479833333333334,0.03596687962962963,176,176.0,-0.5306511018518519,0.03596687962962963
177,177.0,-0.4704266666666667,0.018358761759261807,-0.8698572314814815,0.03047654335798568,0.0,0.0,-0.53998,0.019399404630039533,-0.8575344351851851,0.0050669891742458,0.0,0.0,-0.49226333333333333,0.01515452847611346,-0.8494720648148149,0.009508837310560807,0.0,0.0,-0.481345,-0.8596646481481482,-0.05863499999999999,0.0021302129629631184,177,177.0,-0.8575344351851851,0.0021302129629631184
178,178.0,-0.31927,0.037987159672710456,-0.7187005648148149,0.053076786537291934,0.0,0.0,-0.4388,0.025885447649210164,-0.7563544351851852,0.004902277629693174,0.0,0.0,-0.3975166666666667,0.022240864041968643,-0.7547253981481482,0.005642049442013174,0.0,0.0,-0.35839333333333334,-0.7367129814814816,-0.08040666666666668,-0.019641453703703626,178,178.0,-0.7563544351851852,-0.019641453703703626
179,179.0,-0.1753733333333333,0.021069545161994677,-0.5748038981481481,0.015174493671926265,0.0,0.0,-0.28194,0.019122554745640032,-0.5994944351851852,0.013295914561027605,0.0,0.0,-0.22286333333333333,0.03064381394887609,-0.5800720648148148,0.024691617848952588,0.0,0.0,-0.1991183333333333,-0.5774379814814814,-0.08282166666666671,-0.022056453703703793,179,179.0,-0.5994944351851852,-0.022056453703703793
180,180.0,0.20582,0.025006957031994115,-0.19361056481481484,0.01043690468496457,0.0,0.0,0.09877333333333334,0.02158267206194204,-0.21878110185185184,0.014996074543003933,0.0,0.0,0.16334,0.024616025268105336,-0.19386873148148145,0.011554455868825649,0.0,0.0,0.18458000000000002,-0.19373964814814815,-0.08580666666666668,-0.025041453703703698,180,180.0,-0.21878110185185184,-0.025041453703703698
181,181.0,0.6853199999999999,0.018576791972781486,0.2858894351851852,0.004717209946654123,0.0,0.0,0.6005866666666667,0.025486526505848803,0.2830322314814815,0.008303256017709447,0.0,0.0,0.6400533333333334,0.02814599497856369,0.2828446018518519,0.005200457748603491,0.0,0.0,0.6626866666666666,0.28436701851851853,-0.06209999999999993,-0.001334787037037044,181,181.0,0.2830322314814815,-0.001334787037037044
182,182.0,0.9483133333333335,0.0202163506433118,0.5488827685185185,0.008775858856106001,0.0,0.0,0.8601899999999999,0.02646921230410909,0.5426355648148148,0.0032995662783549956,0.0,0.0,0.8953066666666666,0.02037196439554446,0.5380979351851852,0.007308478850610858,0.0,0.0,0.92181,0.5434903518518519,-0.06162000000000012,-0.0008547870370371191,182,182.0,0.5426355648148148,-0.0008547870370371191
183,183.0,1.1542733333333333,0.00942191240318729,0.7548427685185185,0.008247380361603357,0.0,0.0,1.0322466666666668,0.03708730285870532,0.7146922314814814,0.016533227131583138,0.0,0.0,1.0983933333333333,0.003849640675872633,0.7411846018518519,0.020639457410113787,0.0,0.0,1.1263333333333332,0.7480136851851852,-0.09408666666666643,-0.03332145370370376,183,183.0,0.7146922314814814,-0.03332145370370376
184,184.0,1.12496,0.015909302310283747,0.7255294351851851,0.009643768941810783,0.0,0.0,0.9962766666666667,0.023806218375318086,0.6787222314814815,0.008053518964890415,0.0,0.0,1.04258,0.008000443737693538,0.6853712685185185,0.01652986539174124,0.0,0.0,1.08377,0.7054503518518518,-0.0874933333333332,-0.026728120370370312,184,184.0,0.6787222314814815,-0.026728120370370312
185,185.0,0.27141333333333334,0.021076331116523416,-0.1280172314814815,0.02811980335291728,0.0,0.0,0.18619666666666665,0.03779626216087159,-0.13135776851851852,0.01529083677842771,0.0,0.0,0.25551666666666667,0.04764572418731121,-0.10169206481481481,0.04030714575190581,0.0,0.0,0.263465,-0.11485464814814816,-0.07726833333333336,-0.016503120370370356,185,185.0,-0.13135776851851852,-0.016503120370370356
186,186.0,-0.7231966666666666,0.031965006387193684,-1.1226272314814814,0.017268118561739543,0.0,0.0,-0.8157133333333334,0.022587258207523418,-1.1332677685185184,0.0021110497509966224,0.0,0.0,-0.7741833333333332,0.02147284874750748,-1.1313920648148148,0.0067529208535469,0.0,0.0,-0.7486899999999999,-1.1270096481481482,-0.06702333333333355,-0.006258120370370213,186,186.0,-1.1332677685185184,-0.006258120370370213
187,187.0,-0.8147933333333333,0.02664728941812532,-1.2142238981481481,0.011585237379690427,0.0,0.0,-0.9008166666666666,0.028771524696013826,-1.218371101851852,0.004846293661643653,0.0,0.0,-0.8659333333333333,0.026687977318135818,-1.2231420648148148,0.0054668108008276445,0.0,0.0,-0.8403633333333334,-1.2186829814814815,-0.06045333333333325,0.0003118796296295301,187,187.0,-1.218371101851852,0.0003118796296295301
188,188.0,-0.6209933333333333,0.0237381893440366,-1.0204238981481482,0.010953434348763176,0.0,0.0,-0.6975333333333333,0.024394305346398658,-1.0150877685185185,0.0013230374127845277,0.0,0.0,-0.64952,0.031480655965211386,-1.0067287314814815,0.021286041987184826,0.0,0.0,-0.6352566666666666,-1.0135763148148147,-0.06227666666666676,-0.0015114537037037579,188,188.0,-1.0150877685185185,-0.0015114537037037579
189,189.0,-0.33735,0.015062390248562825,-0.7367805648148148,0.009004951984123433,0.0,0.0,-0.43218666666666666,0.02221666116529064,-0.7497411018518519,0.0022840441179329905,0.0,0.0,-0.37518,0.011995728406395345,-0.7323887314814814,0.014789895945925566,0.0,0.0,-0.356265,-0.7345846481481482,-0.07592166666666667,-0.015156453703703776,189,189.0,-0.7497411018518519,-0.015156453703703776
190,190.0,0.15857666666666667,0.0124366085945218,-0.24085389814814814,0.006090754366651694,0.0,0.0,0.0541,0.01825404338769907,-0.26345443518518524,0.009649540194153806,0.0,0.0,0.12243666666666665,0.022653044681307927,-0.2347720648148148,0.004483976106195963,0.0,0.0,0.14050666666666667,-0.23781298148148147,-0.08640666666666666,-0.02564145370370377,190,190.0,-0.26345443518518524,-0.02564145370370377
191,191.0,0.58035,0.007618897558046088,0.1809194351851852,0.007611495451890203,0.0,0.0,0.46875,0.027862557312637343,0.1511955648148148,0.007010698935890908,0.0,0.0,0.53423,0.030230241481007062,0.17702126851851854,0.006238322636216309,0.0,0.0,0.5572900000000001,0.17897035185185187,-0.08854000000000006,-0.027774787037037063,191,191.0,0.1511955648148148,-0.027774787037037063
192,192.0,0.8118,0.016977158183865745,0.4123694351851852,0.004836148055441078,0.0,0.0,0.71118,0.01648859909149348,0.39362556481481487,0.008530439425488213,0.0,0.0,0.7528799999999999,0.031281417806742706,0.39567126851851847,0.008708938631733864,0.0,0.0,0.7823399999999999,0.4040203518518518,-0.07115999999999989,-0.010394787037036946,192,192.0,0.39362556481481487,-0.010394787037036946
193,193.0,1.04563,0.012498847946910923,0.6461994351851851,0.008651828465239172,0.0,0.0,0.9318233333333333,0.01966423233521547,0.6142688981481482,0.011696996992552246,0.0,0.0,0.9950800000000001,0.023532018612945182,0.6378712685185185,0.006896875833156146,0.0,0.0,1.0203550000000001,0.6420353518518518,-0.08853166666666679,-0.027766453703703564,193,193.0,0.6142688981481482,-0.027766453703703564
194,194.0,1.0949,0.010685705404885601,0.6954694351851852,0.006475919279464949,0.0,0.0,0.9853733333333333,0.034383531426154176,0.667818898148148,0.015577226478256193,0.0,0.0,1.0429599999999999,0.03084743263223058,0.6857512685185186,0.008993262532596049,0.0,0.0,1.06893,0.6906103518518519,-0.08355666666666661,-0.022791453703703946,194,194.0,0.667818898148148,-0.022791453703703946
195,195.0,0.48195000000000005,0.01626814371709322,0.08251943518518517,0.005087881349369028,0.0,0.0,0.39613666666666664,0.009362757784613106,0.07858223148148148,0.02299409363646005,0.0,0.0,0.46603666666666665,0.05587662868618089,0.1088279351851852,0.0759959082418173,0.0,0.0,0.4739933333333334,0.09567368518518518,-0.07785666666666674,-0.0170914537037037,195,195.0,0.07858223148148148,-0.0170914537037037
196,196.0,-0.41894666666666663,0.010483397986022156,-0.8183772314814814,0.010072549028923718,0.0,0.0,-0.5346066666666667,0.033117127492180466,-0.8521611018518519,0.014347126775049155,0.0,0.0,-0.45172999999999996,0.03733886581030548,-0.8089387314814815,0.013099517988680021,0.0,0.0,-0.43533833333333327,-0.8136579814814815,-0.0992683333333334,-0.0385031203703704,196,196.0,-0.8521611018518519,-0.0385031203703704
197,197.0,-0.5859966666666666,0.019209649484916026,-0.9854272314814815,0.004241058541353012,0.0,0.0,-0.6957800000000001,0.02484484453563755,-1.0133344351851852,0.002083450893411521,0.0,0.0,-0.6341866666666667,0.008957702458406058,-0.991395398148148,0.017717990142335487,0.0,0.0,-0.6100916666666667,-0.9884113148148148,-0.08568833333333337,-0.024923120370370366,197,197.0,-1.0133344351851852,-0.024923120370370366
198,198.0,-0.44884999999999997,0.018265461943241405,-0.8482805648148147,0.009290356258133216,0.0,0.0,-0.5720200000000001,0.019775257267605865,-0.8895744351851853,0.012341336721348375,0.0,0.0,-0.48282,0.015403600228518007,-0.8400287314814815,0.009535080106997645,0.0,0.0,-0.465835,-0.8441546481481481,-0.10618500000000008,-0.045419787037037196,198,198.0,-0.8895744351851853,-0.045419787037037196
199,199.0,-0.21701333333333336,0.015789364563950428,-0.6164438981481482,0.0021151240781566646,0.0,0.0,-0.32985333333333333,0.02981846631423776,-0.6474077685185186,0.007321307123432723,0.0,0.0,-0.26271333333333335,0.02165058043871648,-0.6199220648148148,0.007065931667660526,0.0,0.0,-0.23986333333333337,-0.6181829814814814,-0.08998999999999996,-0.029224787037037125,199,199.0,-0.6474077685185186,-0.029224787037037125
200,200.0,0.17661333333333332,0.010955465911285267,-0.22281723148148147,0.012286002414494337,0.0,0.0,0.06809666666666667,0.030839342297353446,-0.2494577685185185,0.008834691370202975,0.0,0.0,0.12358666666666666,0.02771494241980909,-0.23362206481481482,0.0033273346939225418,0.0,0.0,0.15009999999999998,-0.22821964814814816,-0.08200333333333332,-0.021238120370370345,200,200.0,-0.2494577685185185,-0.021238120370370345
201,201.0,0.6740433333333334,0.01195589115596715,0.2746127685185185,0.004917522529583428,0.0,0.0,0.5586133333333333,0.021545868126704334,0.24105889814814815,0.0029860923516636887,0.0,0.0,0.6194266666666667,0.023862349702687163,0.26221793518518516,0.007265476760286906,0.0,0.0,0.6467350000000001,0.26841535185185184,-0.08812166666666676,-0.02735645370370368,201,201.0,0.24105889814814815,-0.02735645370370368
202,202.0,0.9509666666666666,0.014859550239941082,0.5515361018518518,0.004745023636447152,0.0,0.0,0.8344133333333333,0.03275317592743235,0.5168588981481481,0.008436422789139319,0.0,0.0,0.9009433333333333,0.03262568058038536,0.5437346018518517,0.008370285420296768,0.0,0.0,0.925955,0.5476353518518517,-0.09154166666666663,-0.030776453703703632,202,202.0,0.5168588981481481,-0.030776453703703632
203,203.0,1.1700966666666666,0.030835321197181263,0.7706661018518518,0.017137959634144193,0.0,0.0,1.0522866666666666,0.028138945135405005,0.7347322314814814,0.015424240723112288,0.0,0.0,1.11736,0.02922103865368238,0.7601512685185186,0.007151653762295232,0.0,0.0,1.1437283333333332,0.7654086851851851,-0.09144166666666664,-0.030676453703703754,203,203.0,0.7347322314814814,-0.030676453703703754
204,204.0,1.20941,0.008714338758620769,0.8099794351851851,0.008396113830730877,0.0,0.0,1.1177333333333335,0.026239745298560546,0.8001788981481481,0.019984490674837443,0.0,0.0,1.1771433333333334,0.04070451121599835,0.8199346018518519,0.028497507921561437,0.0,0.0,1.1932766666666668,0.8149570185185184,-0.0755433333333333,-0.014778120370370296,204,204.0,0.8001788981481481,-0.014778120370370296
205,205.0,0.5899433333333334,0.0466116834423874,0.19051276851851853,0.047069957153582254,0.0,0.0,0.48107999999999995,0.02442172803058782,0.1635255648148148,0.018554134665373426,0.0,0.0,0.5612266666666667,0.0329403723921472,0.20401793518518518,0.008666526075708532,0.0,0.0,0.575585,0.19726535185185184,-0.09450500000000006,-0.03373978703703703,205,205.0,0.1635255648148148,-0.03373978703703703
206,206.0,-0.3208333333333333,0.022896485174221236,-0.7202638981481481,0.02820952047978355,0.0,0.0,-0.4151833333333333,0.02550238681640081,-0.7327377685185185,0.002885555828618138,0.0,0.0,-0.35839,0.022708509418277536,-0.7155987314814815,0.013635665311241522,0.0,0.0,-0.33961166666666665,-0.7179313148148148,-0.07557166666666665,-0.014806453703703704,206,206.0,-0.7327377685185185,-0.014806453703703704
207,207.0,-0.4291066666666667,0.024519268613344337,-0.8285372314814815,0.00937130454846459,0.0,0.0,-0.5342,0.02916703790239932,-0.8517544351851852,0.014991778621510144,0.0,0.0,-0.4667666666666667,0.03260651826450249,-0.8239753981481481,0.01728177618236136,0.0,0.0,-0.4479366666666667,-0.8262563148148148,-0.0862633333333333,-0.02549812037037047,207,207.0,-0.8517544351851852,-0.02549812037037047
208,208.0,-0.24475333333333335,0.018013243276360134,-0.6441838981481481,0.0034140512557823788,0.0,0.0,-0.3402066666666667,0.028722020007884787,-0.6577611018518519,0.0045856002611313,0.0,0.0,-0.2913733333333333,0.0264937300758752,-0.6485820648148147,0.024454584841630184,0.0,0.0,-0.2680633333333333,-0.6463829814814814,-0.07214333333333339,-0.011378120370370448,208,208.0,-0.6577611018518519,-0.011378120370370448
209,209.0,0.010673333333333333,0.027787913439719314,-0.3887572314814815,0.015013050028634916,0.0,0.0,-0.07458666666666668,0.03429107366842475,-0.39214110185185186,0.011350460491363285,0.0,0.0,-0.04618333333333333,0.01674264415596692,-0.4033920648148148,0.007677538472630021,0.0,0.0,-0.017755,-0.3960746481481482,-0.056831666666666676,0.003933546296296331,209,209.0,-0.39214110185185186,0.003933546296296331
210,210.0,0.49176,0.012384817317990593,0.09232943518518516,0.005855434865028406,0.0,0.0,0.42253,0.024038993323348624,0.10497556481481483,0.001939000132580222,0.0,0.0,0.44116333333333335,0.027503865788891087,0.08395460185185184,0.02615228561746054,0.0,0.0,0.46646166666666666,0.0881420185185185,-0.04393166666666665,0.01683354629629634,210,210.0,0.10497556481481483,0.01683354629629634
211,211.0,0.91818,0.022586927635249596,0.5187494351851852,0.016341863375077557,0.0,0.0,0.8409466666666666,0.029278678818097866,0.5233922314814815,0.006621560192621967,0.0,0.0,0.8826266666666666,0.031416247919402056,0.5254179351851852,0.01672638164194662,0.0,0.0,0.9004033333333332,0.5220836851851852,-0.0594566666666666,0.0013085462962962868,211,211.0,0.5233922314814815,0.0013085462962962868
212,212.0,1.1765233333333334,0.017088710698391792,0.7770927685185186,0.013593291024785552,0.0,0.0,1.0739333333333334,0.023406222107237466,0.7563788981481481,0.002677469893885827,0.0,0.0,1.13208,0.045513414506055255,0.7748712685185186,0.021741044641215086,0.0,0.0,1.1543016666666666,0.7759820185185187,-0.08036833333333315,-0.019603120370370597,212,212.0,0.7563788981481481,-0.019603120370370597
213,213.0,1.4294033333333334,0.015597385464664723,1.0299727685185187,0.019487124903269586,0.0,0.0,1.3332733333333333,0.020022413274461515,1.0157188981481482,0.012512658247612869,0.0,0.0,1.3755566666666665,0.023442760787358966,1.0183479351851854,0.0010124507114711405,0.0,0.0,1.40248,1.024160351851852,-0.06920666666666664,-0.00844145370370386,213,213.0,1.0157188981481482,-0.00844145370370386
214,214.0,1.6025066666666667,0.017435057594781145,1.2030761018518519,0.005364122780038812,0.0,0.0,1.5185133333333332,0.04338322755781704,1.200958898148148,0.030756027779199394,0.3333333333333333,0.0,1.5541366666666665,0.01083023699340569,1.1969279351851851,0.014596256038177994,0.0,0.0,1.5783216666666666,1.2000020185185185,-0.05980833333333346,0.0009568796296295368,214,214.0,1.200958898148148,0.0009568796296295368
215,215.0,1.15609,0.03757991617872506,0.7566594351851852,0.0247096073693509,0.0,0.0,1.0567633333333333,0.02224556659951217,0.739208898148148,0.00922136193118984,0.0,0.0,1.08663,0.027441639892688652,0.7294212685185185,0.037165517301094714,0.0,0.0,1.1213600000000001,0.7430403518518518,-0.06459666666666686,-0.0038314537037037466,215,215.0,0.739208898148148,-0.0038314537037037466
216,216.0,0.09369666666666666,0.02407040991203377,-0.30573389814814816,0.029877622090963722,0.0,0.0,0.010803333333333333,0.013006707244085005,-0.30675110185185184,0.01642245855627783,0.0,0.0,0.11976333333333333,0.03846874098970921,-0.23744539814814813,0.03872640613207119,0.0,0.0,0.10672999999999999,-0.2715896481481481,-0.09592666666666666,-0.035161453703703716,216,216.0,-0.30675110185185184,-0.035161453703703716
217,217.0,-0.28901333333333334,0.016502391745845012,-0.6884438981481482,0.017172519111760327,0.0,0.0,-0.37501999999999996,0.025150918472294413,-0.6925744351851852,0.005813874985539296,0.0,0.0,-0.34419666666666665,0.015975526073758368,-0.7014053981481482,0.009933656005134512,0.0,0.0,-0.316605,-0.6949246481481481,-0.05841499999999994,0.0023502129629628943,217,217.0,-0.6925744351851852,0.0023502129629628943
218,218.0,-0.20208666666666666,0.017222677879276886,-0.6015172314814815,0.017482658305877603,0.0,0.0,-0.28676666666666667,0.020080899714239226,-0.6043211018518518,0.004863189286123289,0.0,0.0,-0.25542,0.0203985514191572,-0.6126287314814814,0.006607037420826064,0.0,0.0,-0.2287533333333333,-0.6070729814814815,-0.05801333333333336,0.002751879629629639,218,218.0,-0.6043211018518518,0.002751879629629639
219,219.0,-0.020560000000000002,0.04296794037419062,-0.4199905648148148,0.028667925301104406,0.0,0.0,-0.1440233333333333,0.03494700177888417,-0.4615777685185185,0.01096752604009094,0.0,0.0,-0.09351666666666665,0.027799309943474012,-0.4507253981481481,0.008882070561624504,0.0,0.0,-0.05703833333333333,-0.4353579814814814,-0.08698499999999998,-0.02621978703703709,219,219.0,-0.4615777685185185,-0.02621978703703709
220,220.0,0.36557,0.029503010015928897,-0.03386056481481481,0.014740167879819356,0.0,0.0,0.2513,0.028671290518565776,-0.06625443518518519,0.004712613878698531,0.0,0.0,0.29539,0.028484053433456422,-0.06181873148148146,0.012518768060714778,0.0,0.0,0.33048,-0.04783964814814813,-0.07917999999999997,-0.018414787037037056,220,220.0,-0.06625443518518519,-0.018414787037037056
221,221.0,0.8435166666666666,0.0053736517688936156,0.4440861018518518,0.010505670499486206,0.0,0.0,0.7320733333333332,0.03498457564889608,0.4145188981481482,0.010736625298968152,0.0,0.0,0.7673133333333334,0.01956323166895829,0.4101046018518519,0.007824297001826328,0.0,0.0,0.805415,0.4270953518518519,-0.07334166666666675,-0.012576453703703694,221,221.0,0.4145188981481482,-0.012576453703703694
222,222.0,1.09621,0.025124583578638653,0.6967794351851851,0.03636950624359689,0.0,0.0,0.9592499999999999,0.022495535112550685,0.6416955648148148,0.020915163926436185,0.0,0.0,1.0264199999999999,0.029607706766988873,0.6692112685185186,0.008950532503226064,0.0,0.0,1.061315,0.6829953518518519,-0.10206500000000007,-0.04129978703703707,222,222.0,0.6416955648148148,-0.04129978703703707
223,223.0,1.28887,0.006470061823506791,0.8894394351851852,0.01855507215659281,0.0,0.0,1.15743,0.01050052855812506,0.8398755648148147,0.015844096196751728,0.0,0.0,1.2174266666666667,0.032180746314113565,0.8602179351851852,0.00967237521379792,0.0,0.0,1.2531483333333333,0.8748286851851852,-0.09571833333333335,-0.03495312037037046,223,223.0,0.8398755648148147,-0.03495312037037046
224,224.0,1.2561933333333333,0.017610185499685498,0.8567627685185185,0.020709480512720188,0.0,0.0,1.0999533333333333,0.03319491728161604,0.782398898148148,0.023438206132281786,0.0,0.0,1.1164666666666667,0.07029025916393633,0.7592579351851853,0.05985487547485024,0.0,0.0,1.1863299999999999,0.8080103518518519,-0.08637666666666655,-0.02561145370370388,224,224.0,0.782398898148148,-0.02561145370370388
225,225.0,0.34268000000000004,0.002140397159407564,-0.05675056481481481,0.013019357850811195,0.0,0.0,0.27006,0.026600060150307924,-0.047494435185185195,0.03639398994740644,0.0,0.0,0.23975666666666665,0.09902375539906237,-0.11745206481481481,0.08720810738495237,0.0,0.0,0.29121833333333336,-0.08710131481481481,-0.021158333333333335,0.03960687962962962,225,225.0,-0.047494435185185195,0.03960687962962962
226,226.0,-0.56495,0.019048860858329554,-0.9643805648148148,0.03234730477288178,0.0,0.0,-0.6769833333333333,0.03244802664775371,-0.9945377685185185,0.012911608867650233,0.0,0.0,-0.5745533333333334,0.0807449728053291,-0.9317620648148148,0.10500590413585137,0.0,0.0,-0.5697516666666667,-0.9480713148148148,-0.10723166666666661,-0.046466453703703725,226,226.0,-0.9945377685185185,-0.046466453703703725
227,227.0,-0.5673133333333333,0.01190021988592367,-0.9667438981481481,0.015181542471384231,0.0,0.0,-0.67389,0.016449215786778396,-0.9914444351851852,0.011248571890231335,0.0,0.0,-0.6777033333333334,0.030058187459215395,-1.034912064814815,0.016069083066865598,0.0,0.0,-0.6225083333333334,-1.0008279814814816,-0.05138166666666655,0.009383546296296341,227,227.0,-0.9914444351851852,0.009383546296296341
228,228.0,-0.3399833333333333,0.02639872976742125,-0.7394138981481482,0.019526156997428316,0.0,0.0,-0.4556266666666667,0.02952990743861776,-0.7731811018518518,0.005469319405089391,0.0,0.0,-0.42336,0.05056216866393293,-0.7805687314814814,0.026912954798390214,0.0,0.0,-0.38167166666666663,-0.7599913148148147,-0.07395500000000005,-0.013189787037037104,228,228.0,-0.7731811018518518,-0.013189787037037104
229,229.0,-0.04389333333333333,0.024935701981964202,-0.44332389814814815,0.030850708971313187,0.0,0.0,-0.16551000000000002,0.027054092111915347,-0.4830644351851852,0.006207428422886336,0.0,0.0,-0.10130666666666667,0.040458623720207455,-0.4585153981481482,0.01673879012007436,0.0,0.0,-0.0726,-0.45091964814814817,-0.09291000000000002,-0.03214478703703705,229,229.0,-0.4830644351851852,-0.03214478703703705
230,230.0,0.45450999999999997,0.020710714618283943,0.055079435185185176,0.027962415568098455,0.0,0.0,0.34611,0.023899604599239725,0.028555564814814822,0.00534751308893847,0.0,0.0,0.40947666666666666,0.04322964299335969,0.05226793518518519,0.01930755403545582,0.0,0.0,0.43199333333333334,0.053673685185185185,-0.08588333333333337,-0.025118120370370364,230,230.0,0.028555564814814822,-0.025118120370370364
231,231.0,0.8995766666666668,0.007355816292794002,0.5001461018518519,0.016339628884654032,0.0,0.0,0.7846066666666666,0.024122898526780175,0.4670522314814815,0.015152527876601386,0.0,0.0,0.8216866666666668,0.0536372075460061,0.46447793518518526,0.03621877051028228,0.0,0.0,0.8606316666666668,0.48231201851851857,-0.07602500000000023,-0.015259787037037065,231,231.0,0.4670522314814815,-0.015259787037037065
232,232.0,1.1633433333333334,0.011930843781281059,0.7639127685185185,0.011723736465728333,0.0,0.0,1.0232933333333334,0.029518557439911088,0.705738898148148,0.005705611227301473,0.0,0.0,1.0521633333333333,0.03200870246250749,0.694954601851852,0.03207388772585208,0.0,0.0,1.1077533333333334,0.7294336851851853,-0.08445999999999998,-0.0236947870370372,232,232.0,0.705738898148148,-0.0236947870370372
233,233.0,1.3975733333333331,0.027286920554238595,0.9981427685185184,0.013457544674356132,0.0,0.0,1.2788899999999999,0.03274467743008014,0.9613355648148149,0.027822827550467232,0.0,0.0,1.27454,0.06338234060051745,0.9173312685185184,0.08108807833757191,0.0,0.0,1.3360566666666664,0.9577370185185183,-0.05716666666666659,0.003598546296296523,233,233.0,0.9613355648148149,0.003598546296296523
234,234.0,1.4761766666666667,0.028089502190913516,1.076746101851852,0.014190590050350593,0.0,0.0,1.3735566666666668,0.018937793782099747,1.0560022314814814,0.036259894533861185,0.0,0.0,1.4123733333333333,0.07776325631899245,1.055164601851852,0.07446407288988799,0.0,0.0,1.444275,1.0659553518518519,-0.07071833333333322,-0.009953120370370439,234,234.0,1.0560022314814814,-0.009953120370370439
235,235.0,0.8950299999999999,0.02970315639793186,0.4955994351851851,0.014620102568903464,0.0,0.0,0.7879033333333334,0.09447375314516371,0.4703488981481481,0.08888691015854167,0.0,0.0,0.87082,0.11830291501057782,0.5136112685185185,0.09658895882025129,0.0,0.0,0.882925,0.5046053518518518,-0.09502166666666656,-0.034256453703703726,235,235.0,0.4703488981481481,-0.034256453703703726
236,236.0,0.07493333333333334,0.05616860896740575,-0.3244972314814815,0.06785579268481444,0.0,0.0,-0.22194333333333335,0.04458463225522147,-0.5394977685185186,0.0468427415217492,0.0,0.0,-0.06328,0.0355644035518663,-0.4204887314814814,0.017189264224838328,0.0,0.0,0.0058266666666666675,-0.37249298148148147,-0.22777000000000003,-0.16700478703703714,236,236.0,-0.5394977685185186,-0.16700478703703714
237,237.0,-0.16479666666666667,0.0172100038737164,-0.5642272314814815,0.006659337037078473,0.0,0.0,-0.2719533333333333,0.027880246292551532,-0.5895077685185185,0.02451354376657168,0.0,0.0,-0.23069333333333333,0.024435597666792045,-0.5879020648148149,0.008786791242088692,0.0,0.0,-0.197745,-0.5760646481481482,-0.07420833333333332,-0.01344312037037032,237,237.0,-0.5895077685185185,-0.01344312037037032
238,238.0,-0.024800000000000003,0.004270878129846367,-0.4242305648148148,0.01838978226904915,0.0,0.0,-0.07285333333333334,0.059923705103517536,-0.3904077685185185,0.0484132378928884,0.0,0.0,-0.09261000000000001,0.03312045893401841,-0.4498187314814815,0.008752401869212563,0.0,0.0,-0.05870500000000001,-0.4370246481481481,-0.014148333333333332,0.046616879629629626,238,238.0,-0.3904077685185185,0.046616879629629626
239,239.0,0.19507666666666665,0.012353304551144735,-0.20435389814814817,0.025053634807911982,0.0,0.0,0.12699333333333332,0.05945704107448783,-0.19056110185185185,0.03686655363951028,0.0,0.0,0.12175333333333332,0.02516784125294288,-0.23545539814814812,0.0021194785038644837,0.0,0.0,0.15841499999999997,-0.21990464814814814,-0.03142166666666665,0.02934354629629629,239,239.0,-0.19056110185185185,0.02934354629629629
240,240.0,0.5911133333333334,0.022092300317833227,0.1916827685185185,0.03057714628691144,0.0,0.0,0.5006533333333333,0.07975895456519808,0.18309889814814814,0.0557677081221681,0.0,0.0,0.5248233333333333,0.020589886676068283,0.16761460185185184,0.008288726427806013,0.0,0.0,0.5579683333333334,0.17964868518518518,-0.057315000000000116,0.0034502129629629674,240,240.0,0.18309889814814814,0.0034502129629629674
241,241.0,1.0965066666666667,0.022059384246468278,0.6970761018518519,0.029356223377285946,0.0,0.0,0.9962766666666667,0.07315246156714979,0.6787222314814815,0.05053084264910843,0.0,0.0,1.0241266666666666,0.01658375208851524,0.6669179351851852,0.013316530675102167,0.0,0.0,1.0603166666666666,0.6819970185185185,-0.06403999999999987,-0.003274787037036986,241,241.0,0.6787222314814815,-0.003274787037036986
242,242.0,1.3732733333333333,0.04209785307273201,0.9738427685185185,0.04887570253881058,0.0,0.0,1.29309,0.022355088906108152,0.9755355648148147,0.006899324794880805,0.0,0.0,1.3023266666666666,0.02487720308502004,0.9451179351851852,0.002351156700870285,0.0,0.0,1.3378,0.9594803518518518,-0.04471000000000003,0.016055212962962973,242,242.0,0.9755355648148147,0.016055212962962973
243,243.0,1.5941966666666667,0.06010941218589094,1.1947661018518518,0.04520225724611306,0.3333333333333333,0.0,1.5463466666666665,0.012856423815872481,1.2287922314814814,0.03393783753580571,0.3333333333333333,0.0,1.5411566666666667,0.014966019288151947,1.1839479351851852,0.010086054057120484,0.0,0.0,1.5676766666666668,1.1893570185185185,-0.021330000000000293,0.03943521296296293,243,243.0,1.2287922314814814,0.03943521296296293
244,244.0,1.7203566666666668,0.11666071160992174,1.3209261018518519,0.10650414643795375,1.0,0.0,1.6053233333333334,0.059927876929967566,1.2877688981481483,0.08425085246208633,1.0,0.0,1.6131066666666667,0.006417026829719018,1.2558979351851853,0.018004424426877903,1.0,0.0,1.6667316666666667,1.2884120185185186,-0.06140833333333329,-0.000643120370370287,244,244.0,1.2877688981481483,-0.000643120370370287
245,245.0,1.1198633333333332,0.18458031052453386,0.7204327685185185,0.19880826059658607,0.0,0.0,1.0567033333333333,0.04657357333653208,0.7391488981481481,0.023473168370844122,0.0,0.0,1.0370066666666666,0.043291752486279984,0.6797979351851852,0.02057447951410897,0.0,0.0,1.0784349999999998,0.7001153518518518,-0.021731666666666483,0.039033546296296295,245,245.0,0.7391488981481481,0.039033546296296295
246,246.0,0.17096,0.09376968006770632,-0.22847056481481479,0.08185853000901233,0.0,0.0,0.04264333333333333,0.014305164568551226,-0.27491110185185186,0.03320316227458857,0.0,0.0,0.04839333333333334,0.021006706865506864,-0.3088153981481481,0.003534216393662451,0.0,0.0,0.10967666666666667,-0.26864298148148147,-0.06703333333333333,-0.006268120370370389,246,246.0,-0.27491110185185186,-0.006268120370370389
247,247.0,-0.0577,0.10165544156610604,-0.4571305648148149,0.08759302991811833,0.0,0.0,-0.16943333333333332,0.03269923597476451,-0.4869877685185185,0.008381385936576976,0.0,0.0,-0.13176333333333334,0.03352196941310778,-0.4889720648148148,0.01797148170014689,0.0,0.0,-0.09473166666666667,-0.4730513148148149,-0.07470166666666665,-0.01393645370370361,247,247.0,-0.4869877685185185,-0.01393645370370361
248,248.0,0.044476666666666664,0.054664508900504484,-0.35495389814814815,0.04314974384988215,0.0,0.0,-0.010356666666666665,0.020330942755645478,-0.32791110185185185,0.004031782660505562,0.0,0.0,-0.00363,0.018988704537171566,-0.36083873148148143,0.016161710387420727,0.0,0.0,0.02042333333333333,-0.35789631481481476,-0.030779999999999995,0.029985212962962915,248,248.0,-0.32791110185185185,0.029985212962962915
249,249.0,0.30055000000000004,0.010742890672440076,-0.09888056481481479,0.005961933081618868,0.0,0.0,0.24776333333333334,0.02471772103842369,-0.06979110185185186,0.0047938994831855635,0.0,0.0,0.22506,0.025761500344506333,-0.13214873148148146,0.0013422048122299429,0.0,0.0,0.262805,-0.11551464814814813,-0.015041666666666675,0.04572354629629627,249,249.0,-0.06979110185185186,0.04572354629629627
250,250.0,0.79854,0.004187349997313316,0.39910943518518516,0.0143012866151084,0.0,0.0,0.7163733333333333,0.037417023309361946,0.3988188981481482,0.013111169804551279,0.0,0.0,0.7088133333333334,0.020542729451884758,0.35160460185185194,0.0042832910459014275,0.0,0.0,0.7536766666666668,0.37535701851851855,-0.037303333333333466,0.023461879629629645,250,250.0,0.3988188981481482,0.023461879629629645
251,251.0,1.22935,0.010805503227522521,0.8299194351851851,0.025954215921989553,0.0,0.0,1.1133633333333333,0.022783042670664798,0.795808898148148,0.004742567053283199,0.0,0.0,1.1328633333333331,0.023493352960642554,0.7756546018518519,0.0013042889572097117,0.0,0.0,1.1811066666666665,0.8027870185185184,-0.06774333333333327,-0.006978120370370378,251,251.0,0.795808898148148,-0.006978120370370378
252,252.0,1.4820933333333333,0.04119395263061478,1.0826627685185184,0.05634892618069884,0.0,0.0,1.3540233333333334,0.029766632885385842,1.036468898148148,0.021393882349333142,0.0,0.0,1.3737166666666667,0.02082050031419348,1.0165079351851851,0.004548433832875601,0.0,0.0,1.427905,1.0495853518518516,-0.07388166666666662,-0.013116453703703623,252,252.0,1.036468898148148,-0.013116453703703623
253,253.0,1.7259233333333333,0.01840433191760391,1.3264927685185184,0.033452460444239426,1.0,0.0,1.6017066666666666,0.02116303932173576,1.2841522314814815,0.010974471384184883,1.0,0.0,1.6289566666666666,0.008752744331541613,1.2717479351851853,0.01870946543861457,1.0,0.0,1.6774399999999998,1.299120351851852,-0.07573333333333321,-0.01496812037037043,253,253.0,1.2841522314814815,-0.01496812037037043
254,254.0,1.84626,0.010224446195271379,1.4468294351851851,0.005004792920872269,1.0,0.0,1.7342933333333335,0.028387901178729955,1.4167388981481481,0.011324848614607495,1.0,0.0,1.7716366666666667,0.03741225645872399,1.4144279351851852,0.01604447218060691,1.0,0.0,1.8089483333333334,1.430628685185185,-0.07465499999999992,-0.013889787037036916,254,254.0,1.4167388981481481,-0.013889787037036916
255,255.0,1.3899433333333333,0.0451227019728799,0.9905127685185184,0.042313750723954546,0.0,0.0,1.2813933333333332,0.022291124541694404,0.9638388981481482,0.020151990335376433,0.0,0.0,1.3055633333333334,0.027757017731257255,0.9483546018518519,0.015120969434144881,0.0,0.0,1.3477533333333334,0.9694336851851852,-0.0663600000000002,-0.005594787037037086,255,255.0,0.9638388981481482,-0.005594787037037086
256,256.0,0.24244,0.025852889587046162,-0.1569905648148148,0.0180666377448333,0.0,0.0,0.17051333333333332,0.016901509794492724,-0.14704110185185185,0.008073069413481238,0.0,0.0,0.17865666666666669,0.04432299215230548,-0.1785520648148148,0.020343091409857662,0.0,0.0,0.21054833333333334,-0.1677713148148148,-0.040035000000000015,0.020730212962962957,256,256.0,-0.14704110185185185,0.020730212962962957
257,257.0,-0.10969333333333332,0.024621154183614814,-0.5091238981481482,0.024964014364667608,0.0,0.0,-0.19688000000000003,0.03806132026086326,-0.5144344351851852,0.013742324528935843,0.0,0.0,-0.17876,0.028281074944209592,-0.5359687314814815,0.014784492687804702,0.0,0.0,-0.14422666666666667,-0.5225463148148148,-0.05265333333333336,0.00811187962962967,257,257.0,-0.5144344351851852,0.00811187962962967
258,258.0,-0.04580666666666666,0.015864004328457974,-0.4452372314814815,0.020865639912067666,0.0,0.0,-0.10115666666666667,0.02929617779392618,-0.4187111018518519,0.01066162399185865,0.0,0.0,-0.11582333333333333,0.020875546300236872,-0.47303206481481475,0.00794532689690702,0.0,0.0,-0.080815,-0.4591346481481481,-0.020341666666666675,0.04042354629629619,258,258.0,-0.4187111018518519,0.04042354629629619
259,259.0,0.13616,0.011302216596756584,-0.2632705648148148,0.005127794735310612,0.0,0.0,0.06191,0.030243186009413756,-0.2556444351851852,0.006086826450324408,0.0,0.0,0.06543,0.025084778252956515,-0.2917787314814815,0.011904001189244267,0.0,0.0,0.100795,-0.27752464814814815,-0.038884999999999996,0.02188021296296294,259,259.0,-0.2556444351851852,0.02188021296296294
260,260.0,0.5191066666666667,0.02068237010918555,0.11967610185185185,0.007391082154972516,0.0,0.0,0.4233,0.03053831036583393,0.1057455648148148,0.008437103133891661,0.0,0.0,0.44420333333333334,0.020854966634673202,0.08699460185185187,0.007236158758124965,0.0,0.0,0.48165500000000006,0.10333535185185186,-0.058355000000000046,0.0024102129629629404,260,260.0,0.1057455648148148,0.0024102129629629404
261,261.0,0.98468,0.018463588491948145,0.5852494351851852,0.005449441022581226,0.0,0.0,0.8972566666666667,0.01913523538745564,0.5797022314814814,0.012633439443092805,0.0,0.0,0.9099733333333333,0.02024911191468243,0.5527646018518518,0.004178543933731143,0.0,0.0,0.9473266666666667,0.5690070185185185,-0.05006999999999995,0.01069521296296283,261,261.0,0.5797022314814814,0.01069521296296283
262,262.0,1.2305300000000001,0.006684915855865318,0.8310994351851853,0.010894166977114721,0.0,0.0,1.1280133333333333,0.01700035391788454,0.8104588981481481,0.026087571892663575,0.0,0.0,1.1463133333333333,0.027597308443638623,0.7891046018518519,0.003930781052653322,0.0,0.0,1.1884216666666667,0.8101020185185186,-0.0604083333333334,0.0003568796296294918,262,262.0,0.8104588981481481,0.0003568796296294918
263,263.0,1.4173566666666666,0.003301853015101283,1.0179261018518517,0.012939048656828458,0.0,0.0,1.31616,0.022469408091892473,0.9986055648148148,0.020099945456330932,0.0,0.0,1.3301266666666667,0.03376344226131773,0.9729179351851852,0.012904327355531375,0.0,0.0,1.3737416666666666,0.9954220185185185,-0.05758166666666664,0.003183546296296247,263,263.0,0.9986055648148148,0.003183546296296247
264,264.0,1.34419,0.02087091996055756,0.9447594351851851,0.0220384417354145,0.0,0.0,1.22156,0.048646055338536894,0.9040055648148148,0.027701360528415462,0.0,0.0,1.2587266666666668,0.032650599279849805,0.9015179351851851,0.02609186063589861,0.0,0.0,1.3014583333333334,0.923138685185185,-0.0798983333333334,-0.019133120370370293,264,264.0,0.9040055648148148,-0.019133120370370293
265,265.0,0.44952333333333333,0.026899617717234075,0.050092768518518536,0.017036291549906213,0.0,0.0,0.38316,0.05135092306862654,0.06560556481481482,0.028634522688002054,0.0,0.0,0.40311666666666673,0.04274003899545874,0.04590793518518521,0.03552169620729221,0.0,0.0,0.42632000000000003,0.04800035185185188,-0.04316000000000003,0.01760521296296294,265,265.0,0.06560556481481482,0.01760521296296294
266,266.0,-0.4500933333333333,0.012564841158300954,-0.8495238981481482,0.002798348447328304,0.0,0.0,-0.5097433333333333,0.02630149108574137,-0.8272977685185184,0.02480780955546194,0.0,0.0,-0.5079333333333333,0.03004514658531944,-0.8651420648148148,0.010223438568572683,0.0,0.0,-0.4790133333333333,-0.8573329814814815,-0.030730000000000035,0.030035212962963076,266,266.0,-0.8272977685185184,0.030035212962963076
267,267.0,-0.47303333333333336,0.019011823514153838,-0.8724638981481482,0.009204251938907716,0.0,0.0,-0.5295,0.022227739426221433,-0.8470544351851852,0.009260178325780521,0.0,0.0,-0.5208133333333334,0.029290299304263412,-0.8780220648148148,0.005363319069676778,0.0,0.0,-0.4969233333333334,-0.8752429814814815,-0.03257666666666659,0.028188546296296302,267,267.0,-0.8470544351851852,0.028188546296296302
268,268.0,-0.22997,0.016734876754849443,-0.6294005648148148,0.00693917005626048,0.0,0.0,-0.3152066666666667,0.02951201506731339,-0.6327611018518519,0.005526279668738186,0.0,0.0,-0.28008,0.013081116160328204,-0.6372887314814815,0.011941204905339613,0.0,0.0,-0.255025,-0.6333446481481482,-0.06018166666666669,0.0005835462962963112,268,268.0,-0.6327611018518519,0.0005835462962963112
269,269.0,0.06978333333333334,0.011385017932938595,-0.3296472314814815,0.01908483888663878,0.0,0.0,-0.0234,0.02139091162152749,-0.3409544351851852,0.004420152726462861,0.0,0.0,-0.0005699999999999999,0.019642074737664553,-0.3577787314814815,0.011826323739963234,0.0,0.0,0.03460666666666667,-0.3437129814814815,-0.058006666666666665,0.0027585462962962937,269,269.0,-0.3409544351851852,0.0027585462962962937
270,270.0,0.57714,0.007319433038152607,0.1777094351851852,0.010143015588885166,0.0,0.0,0.48020666666666667,0.022478746258039698,0.16265223148148147,0.0028399776888921517,0.0,0.0,0.5028199999999999,0.012752646784099361,0.14561126851851852,0.013610157200993355,0.0,0.0,0.5399799999999999,0.16166035185185185,-0.059773333333333234,0.0009918796296296273,270,270.0,0.16265223148148147,0.0009918796296296273
271,271.0,1.0153733333333335,0.013961269044515045,0.6159427685185185,0.0012773791728312714,0.0,0.0,0.9242966666666668,0.022402973760939287,0.6067422314814815,0.011152801190038156,0.0,0.0,0.9418833333333333,0.02436176170422271,0.5846746018518519,0.011832830480654232,0.0,0.0,0.9786283333333334,0.6003086851851852,-0.05433166666666667,0.006433546296296333,271,271.0,0.6067422314814815,0.006433546296296333
272,272.0,1.2691433333333333,0.008721412347397185,0.8697127685185185,0.01225814673758115,0.0,0.0,1.1737866666666668,0.021385757721748614,0.8562322314814814,0.004968731947116316,0.0,0.0,1.1934699999999998,0.04855708702136071,0.8362612685185186,0.027960256692554326,0.0,0.0,1.2313066666666665,0.8529870185185185,-0.057519999999999794,0.0032452129629628734,272,272.0,0.8562322314814814,0.0032452129629628734
273,273.0,1.5078033333333334,0.007722449956673909,1.1083727685185185,0.011982751622230727,0.0,0.0,1.4259833333333332,0.03700613777920264,1.108428898148148,0.012732072288315324,0.0,0.0,1.4545900000000003,0.021445531002985165,1.0973812685185187,0.003533270774945613,0.0,0.0,1.481196666666667,1.1028770185185186,-0.05521333333333378,0.0055518796296294415,273,273.0,1.108428898148148,0.0055518796296294415
274,274.0,1.61872,0.01371083148463284,1.2192894351851853,0.02884463024286287,0.3333333333333333,0.0,1.5319833333333335,0.021662562944705664,1.2144288981481484,0.0032184402760409296,0.0,0.0,1.5445966666666668,0.02198757452138215,1.1873879351851853,0.011896525347009768,0.0,0.0,1.5816583333333334,1.2033386851851853,-0.049674999999999914,0.011090212962963086,274,274.0,1.2144288981481484,0.011090212962963086
275,275.0,1.0303733333333334,0.010447374470810086,0.6309427685185184,0.0058655540892063,0.0,0.0,0.9805299999999999,0.026896425413054384,0.6629755648148148,0.026481118354252275,0.0,0.0,0.97932,0.02104776235137598,0.6221112685185185,0.003966549911751699,0.0,0.0,1.0048466666666667,0.6265270185185184,-0.024316666666666764,0.03644854629629635,275,275.0,0.6629755648148148,0.03644854629629635
276,276.0,0.10822333333333334,0.012345466104336983,-0.2912072314814815,0.008037949645004474,0.0,0.0,0.024436666666666666,0.030545131090459136,-0.2931177685185185,0.011994399199722106,0.0,0.0,0.045836666666666664,0.030492137237873855,-0.3113720648148148,0.009963620858394043,0.0,0.0,0.07703,-0.3012896481481481,-0.05259333333333334,0.00817187962962962,276,276.0,-0.2931177685185185,0.00817187962962962
277,277.0,-0.12902666666666665,0.026601756207689255,-0.5284572314814815,0.012214638987982395,0.0,0.0,-0.21413000000000001,0.014718420431554462,-0.5316844351851852,0.010374177885110858,0.0,0.0,-0.1711933333333333,0.035732899872992864,-0.5284020648148148,0.01304245085177385,0.0,0.0,-0.15010999999999997,-0.5284296481481481,-0.06402000000000005,-0.003254787037037077,277,277.0,-0.5316844351851852,-0.003254787037037077
278,278.0,-0.013073333333333334,0.01578296655680843,-0.41250389814814814,0.001123611800004372,0.0,0.0,-0.08994333333333333,0.025086518956071474,-0.40749776851851854,0.0013159637136439532,0.0,0.0,-0.08136333333333333,0.02719859064976223,-0.4385720648148148,0.0070301246866485085,0.0,0.0,-0.047218333333333334,-0.4255379814814815,-0.042725,0.01804021296296293,278,278.0,-0.40749776851851854,0.01804021296296293
279,279.0,0.17938333333333334,0.011407455164642697,-0.2200472314814815,0.0083693620190991,0.0,0.0,0.10087333333333333,0.02936008401441204,-0.21668110185185185,0.005298310582880634,0.0,0.0,0.11389333333333333,0.014275798868481345,-0.24331539814814818,0.01568335953648216,0.0,0.0,0.14663833333333334,-0.23168131481481485,-0.045765000000000014,0.015000212962963,279,279.0,-0.21668110185185185,0.015000212962963
280,280.0,0.5705,0.029167973875468253,0.17106943518518522,0.014744249593305912,0.0,0.0,0.4939766666666667,0.029685257845154966,0.17642223148148148,0.007851805503340921,0.0,0.0,0.5175266666666666,0.012401839917259568,0.1603179351851852,0.013496818320496599,0.0,0.0,0.5440133333333332,0.1656936851851852,-0.05003666666666656,0.01072854629629627,280,280.0,0.17642223148148148,0.01072854629629627
281,281.0,1.0615966666666667,0.01732063028106464,0.6621661018518519,0.013770417664100688,0.0,0.0,0.98116,0.02705747401366205,0.6636055648148148,0.003985442030793102,0.0,0.0,1.0115366666666665,0.027570154757152347,0.6543279351851852,0.008654170994949443,0.0,0.0,1.0365666666666666,0.6582470185185185,-0.055406666666666604,0.005358546296296285,281,281.0,0.6636055648148148,0.005358546296296285
282,282.0,1.3554466666666667,0.005104667798528424,0.9560161018518518,0.010391936571175344,0.0,0.0,1.2608666666666668,0.026773801249231163,0.9433122314814816,0.005127282737806231,0.0,0.0,1.27356,0.03623833743426975,0.9163512685185186,0.01533932337281375,0.0,0.0,1.3145033333333334,0.9361836851851852,-0.053636666666666555,0.007128546296296334,282,282.0,0.9433122314814816,0.007128546296296334
283,283.0,1.5660300000000003,0.012979202594920906,1.1665994351851852,0.00970051102392321,0.0,0.0,1.4799566666666666,0.02655669846448042,1.1624022314814815,0.0022864761694374514,0.0,0.0,1.49411,0.03852963404965066,1.1369012685185185,0.014271213951407985,0.0,0.0,1.5300700000000003,1.151750351851852,-0.050113333333333676,0.010651879629629546,283,283.0,1.1624022314814815,0.010651879629629546
284,284.0,1.58678,0.013845244671005352,1.1873494351851852,0.00745272341815248,0.0,0.0,1.5127566666666665,0.02722230213140201,1.1952022314814814,0.022641182529385656,0.0,0.0,1.5481066666666667,0.07184522275929925,1.1908979351851852,0.05546557171444122,0.3333333333333333,0.0,1.5674433333333333,1.1891236851851852,-0.05468666666666677,0.006078546296296228,284,284.0,1.1952022314814814,0.006078546296296228
285,285.0,0.8987733333333333,0.012871450319732174,0.4993427685185185,0.0215206023974977,0.0,0.0,0.8430166666666666,0.04088455739436758,0.5254622314814815,0.025574594510656835,0.0,0.0,0.8913766666666666,0.06795521196592162,0.5341679351851852,0.08756523309033895,0.0,0.0,0.895075,0.5167553518518518,-0.05205833333333332,0.008706879629629682,285,285.0,0.5254622314814815,0.008706879629629682
286,286.0,-0.040916666666666664,0.004084266560024375,-0.4403472314814814,0.019151046672761605,0.0,0.0,-0.13686,0.028115652224339385,-0.45441443518518515,0.008871036211096812,0.0,0.0,-0.06738333333333334,0.04520843542231177,-0.42459206481481476,0.02114134193808799,0.0,0.0,-0.054150000000000004,-0.4324696481481481,-0.08271,-0.02194478703703706,286,286.0,-0.45441443518518515,-0.02194478703703706
287,287.0,-0.20246333333333333,0.021775551275073,-0.6018938981481482,0.006742201884761943,0.0,0.0,-0.2765933333333333,0.022802018185532034,-0.5941477685185186,0.001864373426490858,0.0,0.0,-0.22328666666666666,0.03054657809531754,-0.5804953981481481,0.011646658830158993,0.0,0.0,-0.21287499999999998,-0.5911946481481481,-0.06371833333333332,-0.0029531203703704323,287,287.0,-0.5941477685185186,-0.0029531203703704323
288,288.0,-0.052469999999999996,0.013172030974758601,-0.45190056481481483,0.003247880199749304,0.0,0.0,-0.10557,0.029791782424017532,-0.4231244351851852,0.00897620453772281,0.0,0.0,-0.10264,0.010323754162125328,-0.4598487314814815,0.016840504508217898,0.0,0.0,-0.077555,-0.45587464814814815,-0.028014999999999998,0.03275021296296293,288,288.0,-0.4231244351851852,0.03275021296296293
289,289.0,0.20281000000000002,0.011908412992502402,-0.19662056481481482,0.013127450288220528,0.0,0.0,0.14577333333333334,0.027840000598658994,-0.1717811018518519,0.004431548798657984,0.0,0.0,0.15956666666666666,0.019689350759568826,-0.1976420648148148,0.004924027687308496,0.0,0.0,0.18118833333333334,-0.19713131481481483,-0.035415,0.025350212962962942,289,289.0,-0.1717811018518519,0.025350212962962942
290,290.0,0.68567,0.015914619065500735,0.2862394351851852,0.0022048683414287503,0.0,0.0,0.6245566666666668,0.030956203470925404,0.3070022314814815,0.007026217387286418,0.0,0.0,0.6523866666666667,0.026137523473606546,0.2951779351851852,0.0048443773018994295,0.0,0.0,0.6690283333333333,0.2907086851851852,-0.044471666666666576,0.016293546296296257,290,290.0,0.3070022314814815,0.016293546296296257
291,291.0,1.1024500000000002,0.023905014118381123,0.7030194351851852,0.016290925753407483,0.0,0.0,1.0300900000000002,0.02109262667379286,0.7125355648148148,0.004918048293189791,0.0,0.0,1.05591,0.023366336897340117,0.6987012685185187,0.005940670592728203,0.0,0.0,1.07918,0.7008603518518519,-0.049089999999999856,0.011675212962962922,291,291.0,0.7125355648148148,0.011675212962962922
292,292.0,1.3370499999999998,0.01455586823243462,0.9376194351851851,0.01296238082395573,0.0,0.0,1.2618833333333335,0.024468274016230415,0.9443288981481482,0.004297380698285632,0.0,0.0,1.2726933333333335,0.026254988732302583,0.9154846018518518,0.0019199727907532253,0.0,0.0,1.3048716666666667,0.9265520185185184,-0.042988333333333184,0.017776879629629816,292,292.0,0.9443288981481482,0.017776879629629816
293,293.0,1.57315,0.023160053972303255,1.1737194351851852,0.008235848162672216,0.0,0.0,1.5179033333333336,0.026575216524674473,1.200348898148148,0.002294231299343416,0.0,0.0,1.50463,0.051189120914506864,1.1474212685185186,0.03802682395920863,0.0,0.0,1.5388899999999999,1.160570351851852,-0.020986666666666265,0.03977854629629607,293,293.0,1.200348898148148,0.03977854629629607
294,294.0,1.7485133333333334,0.029156517853360573,1.3490827685185185,0.014258617162422027,1.0,0.0,1.6711666666666665,0.020313346187502804,1.3536122314814814,0.004117849215584941,1.0,0.0,1.70089,0.02933301723314534,1.3436812685185187,0.009158060073701636,1.0,0.0,1.7247016666666668,1.3463820185185185,-0.05353500000000033,0.00723021296296289,294,294.0,1.3536122314814814,0.00723021296296289
295,295.0,1.2447000000000001,0.015968130760987638,0.8452694351851853,0.02618428733065204,0.0,0.0,1.1820233333333334,0.03916052391546024,0.8644688981481482,0.05105463227192566,0.0,0.0,1.2413733333333334,0.11040809315142307,0.8841646018518518,0.10234176627829743,0.0,0.0,1.2430366666666668,0.8647170185185185,-0.061013333333333364,-0.0002481203703702528,295,295.0,0.8644688981481482,-0.0002481203703702528
296,296.0,0.13968,0.015459589257156858,-0.2597505648148148,0.018962546651601013,0.0,0.0,0.15608666666666668,0.10832009708882898,-0.16146776851851852,0.08666025005699025,0.0,0.0,0.06579666666666667,0.06164831249380094,-0.2914120648148148,0.07713343222623192,0.0,0.0,0.10273833333333333,-0.2755813148148148,0.053348333333333345,0.11411354629629628,296,296.0,-0.16146776851851852,0.11411354629629628
297,297.0,-0.21794666666666665,0.01926935996169395,-0.6173772314814815,0.014108128460653258,0.0,0.0,-0.29968333333333336,0.03666144341584675,-0.6172377685185185,0.018935753966330605,0.0,0.0,-0.23724333333333333,0.03543532888704907,-0.5944520648148148,0.011031542392352442,0.0,0.0,-0.227595,-0.6059146481481481,-0.07208833333333337,-0.01132312037037042,297,297.0,-0.6172377685185185,-0.01132312037037042
298,298.0,-0.13607666666666665,0.023607567289607227,-0.5355072314814815,0.013734413541500802,0.0,0.0,-0.24936666666666665,0.039677733470213916,-0.5669211018518518,0.015367374099023322,0.0,0.0,-0.12864333333333333,0.018686065218053084,-0.4858520648148148,0.010005809565161151,0.0,0.0,-0.13235999999999998,-0.5106796481481481,-0.11700666666666668,-0.0562414537037037,298,298.0,-0.5669211018518518,-0.0562414537037037
299,299.0,0.0009066666666666664,0.01560868454845998,-0.3985238981481481,0.005566498812778511,0.0,0.0,-0.06217333333333334,0.04320376179609055,-0.3797277685185185,0.018876272869400707,0.0,0.0,-0.03562333333333333,0.01588518282341545,-0.39283206481481475,0.024277365442569084,0.0,0.0,-0.017358333333333333,-0.3956779814814814,-0.04481500000000001,0.015950212962962895,299,299.0,-0.3797277685185185,0.015950212962962895
300,300.0,0.3728833333333333,0.013322838786585002,-0.026547231481481488,0.003850553574352751,0.0,0.0,0.3334566666666667,0.01228009093343096,0.015902231481481493,0.012939716957494522,0.0,0.0,0.32736000000000004,0.015416929006776945,-0.029848731481481466,0.03651011040158264,0.0,0.0,0.35012166666666666,-0.028197981481481477,-0.016664999999999985,0.04410021296296297,300,300.0,0.015902231481481493,0.04410021296296297
301,301.0,0.8434866666666666,0.015272695679981728,0.44405610185185185,0.0066742004830706424,0.0,0.0,0.8166266666666666,0.006532873283122319,0.4990722314814815,0.01965172891591257,0.0,0.0,0.7985033333333332,0.01014770088903558,0.4412946018518518,0.0203385793632995,0.0,0.0,0.8209949999999999,0.4426753518518518,-0.004368333333333307,0.05639687962962969,301,301.0,0.4990722314814815,0.05639687962962969
302,302.0,1.1112066666666667,0.01753421322253529,0.7117761018518518,0.005108926896390695,0.0,0.0,1.04775,0.022891299657293335,0.7301955648148147,0.002188871693801216,0.0,0.0,1.0552433333333333,0.049562764585254285,0.6980346018518518,0.02552249884830398,0.0,0.0,1.083225,0.7049053518518518,-0.035475000000000145,0.025290212962962966,302,302.0,0.7301955648148147,0.025290212962962966
303,303.0,1.2767833333333334,0.02526391959560777,0.8773527685185184,0.035285328388660775,0.0,0.0,1.2118533333333332,0.0317955222214282,0.894298898148148,0.012145016777784406,0.0,0.0,1.27168,0.07240839799360302,0.9144712685185187,0.05166507917058123,0.0,0.0,1.2742316666666667,0.8959120185185185,-0.062378333333333424,-0.0016131203703705355,303,303.0,0.894298898148148,-0.0016131203703705355
304,304.0,1.22276,0.015029973386536579,0.8233294351851851,0.028126338693330147,0.0,0.0,1.16449,0.0357515440226013,0.8469355648148148,0.03852313073715484,0.0,0.0,1.2709566666666667,0.02108426980792386,0.9137479351851852,0.004413770912199855,0.0,0.0,1.2468583333333334,0.8685386851851851,-0.08236833333333338,-0.021603120370370266,304,304.0,0.8469355648148148,-0.021603120370370266
305,305.0,0.5217766666666667,0.022162333661718343,0.12234610185185185,0.010195021954060541,0.0,0.0,0.39109333333333335,0.04376543994218878,0.07353889814814814,0.019779300979935775,0.0,0.0,0.37834666666666666,0.07366780187662268,0.021137935185185197,0.07235469856162181,0.0,0.0,0.4500616666666667,0.07174201851851852,-0.058968333333333345,0.0017968796296296136,305,305.0,0.07353889814814814,0.0017968796296296136
306,306.0,-0.61378,0.06782186446862098,-1.0132105648148146,0.057683530385512626,0.0,0.0,-0.6507566666666666,0.04531724763633966,-0.9683111018518519,0.03371883913794248,0.0,0.0,-0.5476666666666666,0.07392259284774402,-0.9048753981481482,0.05614671768842681,0.0,0.0,-0.5807233333333333,-0.9590429814814814,-0.07003333333333339,-0.009268120370370503,306,306.0,-0.9683111018518519,-0.009268120370370503
307,307.0,-0.6291933333333333,0.02486100225922788,-1.0286238981481481,0.039321906675391774,0.0,0.0,-0.77289,0.08560767080116129,-1.0904444351851852,0.07574349043069808,0.0,0.0,-0.66386,0.01112031024747059,-1.0210687314814815,0.018014857198131975,0.0,0.0,-0.6465266666666667,-1.0248463148148148,-0.12636333333333327,-0.06559812037037038,307,307.0,-1.0904444351851852,-0.06559812037037038
308,308.0,-0.43387000000000003,0.015224352202967466,-0.8333005648148148,0.01028486950777318,0.0,0.0,-0.5576599999999999,0.03554929675816388,-0.8752144351851853,0.011229175200379282,0.0,0.0,-0.46397,0.034985669923555875,-0.8211787314814815,0.015251106148669152,0.0,0.0,-0.44892,-0.8272396481481481,-0.10873999999999995,-0.04797478703703717,308,308.0,-0.8752144351851853,-0.04797478703703717
309,309.0,-0.16801999999999997,0.028460925845797787,-0.5674505648148148,0.017390812907098454,0.0,0.0,-0.22617666666666666,0.02802210258587556,-0.5437311018518519,0.021812437488720287,0.0,0.0,-0.19459,0.021211195157274855,-0.5517987314814814,0.00343912289079255,0.0,0.0,-0.181305,-0.5596246481481482,-0.04487166666666667,0.015893546296296246,309,309.0,-0.5437311018518519,0.015893546296296246
310,310.0,0.30422,0.02655569995311739,-0.09521056481481482,0.016809924175674437,0.0,0.0,0.29095333333333334,0.019448784880638004,-0.026601101851851845,0.022993722060582766,0.0,0.0,0.28308,0.02027654556377886,-0.07412873148148147,0.0042013782635617145,0.0,0.0,0.29364999999999997,-0.08466964814814815,-0.002696666666666625,0.058068546296296306,310,310.0,-0.026601101851851845,0.058068546296296306
311,311.0,0.71699,0.013638339341723402,0.31755943518518515,0.013856313501342246,0.0,0.0,0.7084133333333332,0.021257001983660154,0.39085889814814817,0.029013761199154265,0.0,0.0,0.6970200000000001,0.023307884931928067,0.33981126851851856,0.002438680741297096,0.0,0.0,0.7070050000000001,0.3286853518518519,0.0014083333333331227,0.06217354629629629,311,311.0,0.39085889814814817,0.06217354629629629
312,312.0,0.9489866666666668,0.0015556777729765524,0.5495561018518518,0.01438298054335198,0.0,0.0,0.9197566666666667,0.06412108259639208,0.6022022314814814,0.049025952585182025,0.0,0.0,0.93443,0.029031038562200975,0.5772212685185186,0.007162344249396458,0.0,0.0,0.9417083333333334,0.5633886851851853,-0.021951666666666703,0.038813546296296186,312,312.0,0.6022022314814814,0.038813546296296186
313,313.0,1.1800233333333334,0.027250886835722164,0.7805927685185186,0.029209932458289803,0.0,0.0,1.11863,0.052424485691325504,0.8010755648148148,0.028097921544577874,0.0,0.0,1.1730166666666666,0.026350173307462896,0.8158079351851852,0.001948675133646325,0.0,0.0,1.17652,0.7982003518518519,-0.05789,0.002875212962962892,313,313.0,0.8010755648148148,0.002875212962962892
314,314.0,1.2674666666666665,0.07571986155120289,0.8680361018518518,0.07578243499489108,0.0,0.0,1.2043666666666668,0.07694852716805785,0.8868122314814815,0.05459372029868625,0.0,0.0,1.2234933333333333,0.041325542142037756,0.8662846018518519,0.016949406764954968,0.0,0.0,1.24548,0.8671603518518518,-0.04111333333333311,0.019651879629629665,314,314.0,0.8868122314814815,0.019651879629629665
315,315.0,0.6302066666666667,0.1979707448926061,0.23077610185185185,0.18651335343430625,0.0,0.0,0.6086233333333334,0.024092665550605463,0.2910688981481481,0.04039876664136879,0.0,0.0,0.6583133333333334,0.015969675429805544,0.3011046018518519,0.01630210059625957,0.0,0.0,0.64426,0.2659403518518519,-0.03563666666666665,0.02512854629629624,315,315.0,0.2910688981481481,0.02512854629629624
316,316.0,-0.27386333333333335,0.07401524189876929,-0.6732938981481481,0.08806031304755085,0.0,0.0,-0.34391333333333335,0.01666538428399817,-0.6614677685185185,0.007843437504341879,0.0,0.0,-0.3341166666666667,0.039643916725436386,-0.6913253981481482,0.029203595773000045,0.0,0.0,-0.30399,-0.6823096481481481,-0.039923333333333366,0.02084187962962958,316,316.0,-0.6614677685185185,0.02084187962962958
317,317.0,-0.47325666666666666,0.04237346378729658,-0.8726872314814814,0.028703087750973338,0.0,0.0,-0.5149766666666666,0.03963519185437776,-0.8325311018518518,0.016057383410042567,0.0,0.0,-0.4589733333333333,0.03431365083073112,-0.8161820648148147,0.019862001292217418,0.0,0.0,-0.46611499999999995,-0.8444346481481481,-0.04886166666666669,0.011903546296296308,317,317.0,-0.8325311018518518,0.011903546296296308
318,318.0,-0.31914333333333333,0.045296574189814094,-0.7185738981481481,0.036551421026174355,0.0,0.0,-0.37355333333333335,0.03248922949737854,-0.6911077685185186,0.01616625856687886,0.0,0.0,-0.3375333333333333,0.022596071192429294,-0.6947420648148147,0.001988168629345659,0.0,0.0,-0.3283383333333333,-0.7066579814814814,-0.04521500000000006,0.015550212962962773,318,318.0,-0.6911077685185186,0.015550212962962773
319,319.0,-0.09472666666666667,0.022810248427698753,-0.4941572314814815,0.019127056586477044,0.0,0.0,-0.16650333333333334,0.02408239467605606,-0.4840577685185185,0.0008675832947938509,0.0,0.0,-0.14145,0.01293008507319267,-0.49865873148148143,0.011523937038576907,0.0,0.0,-0.11808833333333332,-0.49640798148148146,-0.048415000000000014,0.012350212962962959,319,319.0,-0.4840577685185185,0.012350212962962959
320,320.0,0.2921766666666667,0.03365918646273752,-0.10725389814814816,0.0192242971155832,0.0,0.0,0.23234,0.01580807704940737,-0.08521443518518519,0.00962715116582787,0.0,0.0,0.2601533333333333,0.027529755417245047,-0.09705539814814813,0.0031098330993995955,0.0,0.0,0.276165,-0.10215464814814815,-0.043825,0.016940212962962956,320,320.0,-0.08521443518518519,0.016940212962962956
321,321.0,0.7781266666666666,0.056033900750646806,0.3786961018518518,0.04124547032206354,0.0,0.0,0.72589,0.0248859619062635,0.4083355648148148,0.004911087468703545,0.0,0.0,0.7613833333333334,0.03193899549662345,0.4041746018518519,0.007643336583478669,0.0,0.0,0.769755,0.39143535185185185,-0.04386499999999993,0.016900212962962957,321,321.0,0.4083355648148148,0.016900212962962957
322,322.0,1.0634866666666667,0.049878001496985985,0.6640561018518518,0.034773192797987365,0.0,0.0,1.0038266666666666,0.03936698405178293,0.6862722314814814,0.018154391432196357,0.0,0.0,1.0415366666666666,0.008671016856939755,0.6843279351851853,0.0189964823877955,0.0,0.0,1.0525116666666667,0.6741920185185186,-0.04868500000000009,0.0120802129629628,322,322.0,0.6862722314814814,0.0120802129629628
323,323.0,1.2964866666666668,0.013307540468972224,0.8970561018518519,0.028255841463499947,0.0,0.0,1.22638,0.03113845050737105,0.9088255648148147,0.008145403619542543,0.0,0.0,1.2722033333333334,0.02493744640762829,0.914994601851852,0.010642206262253331,0.0,0.0,1.284345,0.906025351851852,-0.057965000000000044,0.0028002129629627337,323,323.0,0.9088255648148147,0.0028002129629627337
324,324.0,1.33858,0.0355295299715603,0.9391494351851851,0.05033413959578014,0.0,0.0,1.2714633333333334,0.021368550098996655,0.953908898148148,0.007606710599449401,0.0,0.0,1.2923866666666666,0.025116990929116775,0.9351779351851852,0.00294182332894308,0.0,0.0,1.3154833333333333,0.9371636851851852,-0.04401999999999995,0.01674521296296283,324,324.0,0.953908898148148,0.01674521296296283
325,325.0,0.6617000000000001,0.03552017454912064,0.26226943518518514,0.026044359961264623,0.0,0.0,0.55835,0.03972947394567418,0.2407955648148148,0.018250287900704286,0.0,0.0,0.6034866666666666,0.03252538752011012,0.24627793518518523,0.04005776279392389,0.0,0.0,0.6325933333333333,0.25427368518518517,-0.07424333333333333,-0.013478120370370383,325,325.0,0.2407955648148148,-0.013478120370370383
326,326.0,-0.2533566666666667,0.0313706077934957,-0.6527872314814814,0.04526314604676941,0.0,0.0,-0.32981333333333335,0.030452995473899347,-0.6473677685185185,0.009243990462040445,0.0,0.0,-0.25304,0.05472712946976116,-0.6102487314814815,0.04551657702459348,0.0,0.0,-0.2531983333333333,-0.6315179814814815,-0.07661500000000004,-0.01584978703703699,326,326.0,-0.6473677685185185,-0.01584978703703699
327,327.0,-0.38867999999999997,0.026137974290292666,-0.7881105648148149,0.015611772230621794,0.0,0.0,-0.4396166666666667,0.036040545685842966,-0.7571711018518519,0.01173708966999719,0.0,0.0,-0.37518333333333337,0.03678448903183697,-0.7323920648148148,0.016658096123001502,0.0,0.0,-0.38193166666666667,-0.7602513148148149,-0.05768500000000004,0.0030802129629630137,327,327.0,-0.7571711018518519,0.0030802129629630137
328,328.0,-0.20259666666666667,0.02382974891460951,-0.6020272314814815,0.00870629734069063,0.0,0.0,-0.2643433333333333,0.029017812345752982,-0.5818977685185186,0.012154926833550274,0.0,0.0,-0.22532333333333332,0.028221710319067016,-0.5825320648148148,0.008066869749430093,0.0,0.0,-0.21395999999999998,-0.5922796481481482,-0.050383333333333336,0.010381879629629553,328,328.0,-0.5818977685185186,0.010381879629629553
329,329.0,0.05261,0.020247468977627792,-0.3468205648148148,0.01366507121633398,0.0,0.0,0.006366666666666666,0.021938437349395087,-0.31118776851851854,0.005864404246152702,0.0,0.0,0.03532,0.019773181332299564,-0.3218887314814815,0.0048155731610146245,0.0,0.0,0.043965,-0.3343546481481482,-0.03759833333333333,0.023166879629629655,329,329.0,-0.31118776851851854,0.023166879629629655
330,330.0,0.5191733333333334,0.01944657381991322,0.11974276851851852,0.012924210691397257,0.0,0.0,0.49654333333333334,0.02875720663300476,0.17898889814814814,0.004537638645497155,0.0,0.0,0.51411,0.03255963605447702,0.15690126851851852,0.008160648114387848,0.0,0.0,0.5166416666666667,0.13832201851851852,-0.02009833333333333,0.040666879629629615,330,330.0,0.17898889814814814,0.040666879629629615
331,331.0,0.94857,0.02507508524412229,0.5491394351851852,0.011340750046855733,0.0,0.0,0.9231366666666667,0.03348006172833815,0.6055822314814815,0.012485822212772451,0.0,0.0,0.9325766666666667,0.034200412765540346,0.5753679351851851,0.013666712359632658,0.0,0.0,0.9405733333333334,0.5622536851851851,-0.017436666666666656,0.043328546296296344,331,331.0,0.6055822314814815,0.043328546296296344
332,332.0,1.1905599999999998,0.01975305799110604,0.7911294351851851,0.008245618699428676,0.0,0.0,1.16113,0.02706262367177285,0.8435755648148148,0.015110110260011389,0.0,0.0,1.15437,0.02246667087042491,0.7971612685185185,0.0020103916512228706,0.0,0.0,1.1724649999999999,0.7941453518518518,-0.011334999999999873,0.049430212962963016,332,332.0,0.8435755648148148,0.049430212962963016
333,333.0,1.4452933333333335,0.0161268172102661,1.0458627685185187,0.0017976573632445942,0.0,0.0,1.4061899999999998,0.026434449114744255,1.0886355648148147,0.015806666635481883,0.0,0.0,1.4326999999999999,0.012183008659604618,1.0754912685185187,0.012247031301601905,0.0,0.0,1.4389966666666667,1.0606770185185188,-0.03280666666666687,0.027958546296295905,333,333.0,1.0886355648148147,0.027958546296295905
334,334.0,1.5839333333333334,0.013723236984521273,1.1845027685185185,0.007114096163101072,0.0,0.0,1.5540366666666667,0.016947980213976324,1.2364822314814816,0.01461499922819272,0.3333333333333333,0.0,1.5759866666666664,0.024977762776784766,1.2187779351851853,0.0248299932999688,0.6666666666666666,0.0,1.5799599999999998,1.201640351851852,-0.025923333333333076,0.0348418796296297,334,334.0,1.2364822314814816,0.0348418796296297
335,335.0,1.1518266666666668,0.025928722169311164,0.7523961018518519,0.01924557857966327,0.0,0.0,1.08307,0.02525897266319443,0.7655155648148148,0.04572204496693688,0.0,0.0,1.1224166666666666,0.03998298429748998,0.7652079351851852,0.025258262274151497,0.0,0.0,1.1371216666666668,0.7588020185185185,-0.05405166666666683,0.00671354629629628,335,335.0,0.7655155648148148,0.00671354629629628
336,336.0,0.10661999999999999,0.027616142018754175,-0.2928105648148148,0.02477248327194089,0.0,0.0,0.04577333333333333,0.04018561226774246,-0.27178110185185184,0.021631443472392976,0.0,0.0,0.09663666666666666,0.06195649629646057,-0.2605720648148148,0.040611176058907746,0.0,0.0,0.10162833333333332,-0.2766913148148148,-0.05585499999999999,0.0049102129629629565,336,336.0,-0.27178110185185184,0.0049102129629629565
337,337.0,-0.3493733333333333,0.02945417174753575,-0.7488038981481481,0.015130517217031528,0.0,0.0,-0.36371,0.03747695425191327,-0.6812644351851852,0.013154562172820178,0.0,0.0,-0.36379999999999996,0.03449928839845831,-0.7210087314814815,0.01359558228421506,0.0,0.0,-0.3565866666666666,-0.7349063148148147,-0.00712333333333337,0.05364187962962952,337,337.0,-0.6812644351851852,0.05364187962962952
338,338.0,-0.3069766666666667,0.033990737463805244,-0.7064072314814815,0.019299080254309913,0.0,0.0,-0.32515333333333335,0.02350231974366218,-0.6427077685185185,0.0037367656389010904,0.0,0.0,-0.30533000000000005,0.026935313252308777,-0.6625387314814815,0.003087273857156915,0.0,0.0,-0.3061533333333334,-0.6844729814814815,-0.01899999999999996,0.04176521296296298,338,338.0,-0.6427077685185185,0.04176521296296298
339,339.0,-0.12987,0.03296169140077615,-0.5293005648148148,0.01791679014570573,0.0,0.0,-0.21478333333333333,0.0338475794309332,-0.5323377685185186,0.012878440012761425,0.0,0.0,-0.14329,0.03565214860285422,-0.5004987314814815,0.025350448634692775,0.0,0.0,-0.13658,-0.5148996481481481,-0.07820333333333332,-0.017438120370370402,339,339.0,-0.5323377685185186,-0.017438120370370402
340,340.0,0.24458000000000002,0.033160746372782386,-0.15485056481481482,0.01913606389379698,0.0,0.0,0.15846666666666667,0.02456762571624155,-0.15908776851851852,0.008877132760705059,0.0,0.0,0.24498333333333333,0.020020712608030046,-0.11222539814814814,0.01789391165749182,0.0,0.0,0.24478166666666668,-0.1335379814814815,-0.086315,-0.02554978703703703,340,340.0,-0.15908776851851852,-0.02554978703703703
341,341.0,0.70392,0.029302987902260085,0.3044894351851852,0.017956448113351366,0.0,0.0,0.63318,0.03077211074983319,0.3156255648148148,0.007176592224627993,0.0,0.0,0.7102233333333333,0.026097900937303995,0.35301460185185185,0.003961568392485969,0.0,0.0,0.7070716666666667,0.32875201851851854,-0.07389166666666669,-0.013126453703703744,341,341.0,0.3156255648148148,-0.013126453703703744
342,342.0,0.9342366666666667,0.01277302757114907,0.5348061018518518,0.003302381233359087,0.0,0.0,0.9043800000000001,0.017368842793922673,0.5868255648148148,0.00730599986409426,0.0,0.0,0.90842,0.030362758438587243,0.5512112685185185,0.005951593613121706,0.0,0.0,0.9213283333333333,0.5430086851851852,-0.016948333333333232,0.04381687962962966,342,342.0,0.5868255648148148,0.04381687962962966
343,343.0,1.1043,0.014323822813760306,0.7048694351851852,0.01859927893502951,0.0,0.0,1.0780866666666666,0.050713317120193765,0.7605322314814814,0.02764053471094111,0.0,0.0,1.0795466666666667,0.01656852839975036,0.7223379351851852,0.00786086560817731,0.0,0.0,1.0919233333333334,0.7136036851851852,-0.01383666666666672,0.04692854629629617,343,343.0,0.7605322314814814,0.04692854629629617
344,344.0,1.01412,0.040110732977595966,0.6146894351851852,0.03691326051197942,0.0,0.0,0.9393133333333333,0.03250172508242193,0.6217588981481481,0.013209634889789964,0.0,0.0,0.9962166666666666,0.030054459458345575,0.6390079351851853,0.019427403234687845,0.0,0.0,1.0051683333333332,0.6268486851851852,-0.06585499999999989,-0.005089787037037108,344,344.0,0.6217588981481481,-0.005089787037037108
345,345.0,0.05079999999999999,0.07841729719902363,-0.34863056481481486,0.06963820286119085,0.0,0.0,0.011453333333333334,0.03964753754438393,-0.30610110185185185,0.027478699584696505,0.0,0.0,0.04425000000000001,0.09965250172474348,-0.31295873148148146,0.0762343962058406,0.0,0.0,0.047525,-0.3307946481481482,-0.03607166666666666,0.02469354629629633,345,345.0,-0.30610110185185185,0.02469354629629633
346,346.0,-0.9341833333333334,0.018081176215427278,-1.3336138981481482,0.005385514870609335,0.0,1.0,-0.9483,0.026451292974068386,-1.265854435185185,0.005269624840402791,0.0,1.0,-0.9195933333333333,0.02621375465921152,-1.2768020648148148,0.039186733112096944,0.0,1.0,-0.9268883333333333,-1.3052079814814816,-0.021411666666666718,0.039353546296296615,346,346.0,-1.265854435185185,0.039353546296296615
347,347.0,-0.9566766666666666,0.0380993915087017,-1.3561072314814815,0.023144094802299984,0.0,1.0,-0.99772,0.03006824404583681,-1.3152744351851853,0.005746741793083107,0.0,1.0,-0.9731533333333333,0.022038569221556423,-1.330362064814815,0.010767839322045072,0.0,1.0,-0.964915,-1.3432346481481483,-0.032805000000000084,0.027960212962963027,347,347.0,-1.3152744351851853,0.027960212962963027
348,348.0,-0.7583733333333335,0.028772716822249023,-1.1578038981481482,0.01418519540770897,0.0,0.0,-0.7975466666666667,0.027458471066928256,-1.1151011018518517,0.003968954631385856,0.0,0.0,-0.7804866666666667,0.044954041345949464,-1.1376953981481481,0.021264587038222017,0.0,0.0,-0.7694300000000001,-1.1477496481481482,-0.02811666666666668,0.03264854629629643,348,348.0,-1.1151011018518517,0.03264854629629643
349,349.0,-0.49427333333333334,0.017340398880456392,-0.8937038981481482,0.00341382965620043,0.0,0.0,-0.5358066666666667,0.029675269726378805,-0.8533611018518519,0.005350940860093772,0.0,0.0,-0.5242399999999999,0.03993351599846923,-0.8814487314814814,0.01614014691287174,0.0,0.0,-0.5092566666666667,-0.8875763148148148,-0.026549999999999963,0.034215212962962926,349,349.0,-0.8533611018518519,0.034215212962962926
350,350.0,0.0003533333333333334,0.022415647064792335,-0.3990772314814815,0.011657264558876076,0.0,0.0,-0.04441666666666667,0.029874901394537412,-0.3619711018518519,0.005736953801587884,0.0,0.0,-0.006600000000000001,0.03025268087294083,-0.36380873148148146,0.00687961464377637,0.0,0.0,-0.003123333333333334,-0.3814429814814815,-0.041293333333333335,0.019471879629629596,350,350.0,-0.3619711018518519,0.019471879629629596
351,351.0,0.41956333333333334,0.023559393738662587,0.02013276851851851,0.01832431529859424,0.0,0.0,0.3652766666666667,0.031046588110987886,0.04772223148148149,0.006962142865052831,0.0,0.0,0.42229333333333335,0.007016383208842941,0.06508460185185184,0.023350973069553468,0.0,0.0,0.42092833333333335,0.04260868518518518,-0.055651666666666655,0.0051135462962963105,351,351.0,0.04772223148148149,0.0051135462962963105
352,352.0,0.6628533333333334,0.018949048349015687,0.2634227685185186,0.011481288366345625,0.0,0.0,0.5804233333333334,0.014376064598259602,0.2628688981481481,0.010116234176883855,0.0,0.0,0.6259033333333334,0.016173538058610864,0.26869460185185184,0.009372715690029301,0.0,0.0,0.6443783333333334,0.2660586851851852,-0.06395499999999998,-0.003189787037037095,352,352.0,0.2628688981481481,-0.003189787037037095
353,353.0,0.8943599999999999,0.02965611066879812,0.4949294351851852,0.01718269353683563,0.0,0.0,0.81608,0.022795466654578496,0.4985255648148148,0.009752539746863133,0.0,0.0,0.8655499999999999,0.013493098235764783,0.5083412685185186,0.018602477474853118,0.0,0.0,0.8799549999999999,0.5016353518518519,-0.0638749999999999,-0.003109787037037126,353,353.0,0.4985255648148148,-0.003109787037037126
354,354.0,0.9432866666666667,0.00640386081464403,0.5438561018518518,0.008793065978965574,0.0,0.0,0.8777866666666667,0.02332787245621279,0.5602322314814815,0.018458387929070893,0.0,0.0,0.9308866666666668,0.04663914057241339,0.5736779351851852,0.025120807777370684,0.0,0.0,0.9370866666666667,0.5587670185185185,-0.05930000000000002,0.0014652129629629806,354,354.0,0.5602322314814815,0.0014652129629629806
355,355.0,0.35203999999999996,0.017034673463263112,-0.04739056481481483,0.02078381073931052,0.0,0.0,0.33188666666666666,0.09569377060881931,0.014332231481481475,0.07139785521363189,0.0,0.0,0.30082333333333333,0.013288229127063301,-0.056385398148148136,0.020967471466152042,0.0,0.0,0.3264316666666667,-0.05188798148148148,0.005454999999999988,0.06622021296296296,355,355.0,0.014332231481481475,0.06622021296296296
356,356.0,-0.5038166666666667,0.01362248631246637,-0.9032472314814814,0.01977466218410893,0.0,0.0,-0.5922433333333333,0.024899920347931537,-0.9097977685185185,0.03934053112385161,0.0,0.0,-0.47890000000000005,0.011250417770020811,-0.8361087314814815,0.03043567589801619,0.0,0.0,-0.49135833333333334,-0.8696779814814815,-0.100885,-0.040119787037037,356,356.0,-0.9097977685185185,-0.040119787037037
357,357.0,-0.6917533333333333,0.02071571464693733,-1.091183898148148,0.007036181167476706,0.0,0.0,-0.75954,0.02345272478839083,-1.0770944351851852,0.014695543716557645,0.0,0.0,-0.7206833333333332,0.009530825427702139,-1.077892064814815,0.016122424645293183,0.0,0.0,-0.7062183333333333,-1.0845379814814815,-0.05332166666666671,0.007443546296296288,357,357.0,-1.0770944351851852,0.007443546296296288
358,358.0,-0.5621666666666667,0.026369005163891422,-0.9615972314814815,0.012011795744002091,0.0,0.0,-0.5955199999999999,0.05338298699023875,-0.9130744351851852,0.03850188387328507,0.0,0.0,-0.5698533333333333,0.028798398103598324,-0.9270620648148148,0.019703460026064365,0.0,0.0,-0.56601,-0.9443296481481481,-0.029509999999999925,0.031255212962962964,358,358.0,-0.9130744351851852,0.031255212962962964
359,359.0,-0.36535333333333336,0.030386767405127725,-0.7647838981481482,0.0302275317684134,0.0,0.0,-0.40157,0.0575126942509217,-0.7191244351851852,0.03769255967492102,0.0,0.0,-0.3672066666666667,0.0367270259255134,-0.7244153981481481,0.01463199412875426,0.0,0.0,-0.36628000000000005,-0.7445996481481482,-0.03528999999999993,0.025475212962962956,359,359.0,-0.7191244351851852,0.025475212962962956
