:020000040800F2
:1000000000000220D5890008A9880008AB880008F4
:10001000AD880008AF880008B18800080000000023
:1000200000000000000000000000000011DC0008DB
:10003000B388000800000000A1DC00089DC2000891
:10004000258A0008258A0008258A0008258A0008D4
:10005000258A0008258A0008258A0008258A0008C4
:10006000258A0008258A0008258A0008258A0008B4
:10007000B5880008258A0008C1880008258A00087C
:10008000CD880008D9880008E5880008258A00087E
:10009000258A0008258A0008258A0008258A000884
:1000A000258A0008258A0008258A0008258A000874
:1000B000F1880008258A0008258A0008258A00089A
:1000C000258A0008FD880008098900087989000848
:1000D000258A0008258A000815890008218900085A
:1000E000258A0008258A0008258A0008258A000834
:1000F000258A00082D890008258A000849890008FA
:10010000258A0008258A0008258A0008258A000813
:10011000258A0008258A0008258A0008258A000803
:1001200055890008258A0008618900086D89000842
:10013000258A00080000000000000000258A000851
:10014000258A0008258A0008258A0008258A0008D3
:10015000258A0008258A0008258A0008258A0008C3
:10016000258A0008258A0008258A0008258A0008B3
:10017000258A0008258A0008000000000000000011
:08018000258A0008258A000809
:1001900010B5054C237833B9044B13B10448AFF3C1
:1001A00000800123237010BD6000002000000000CB
:1001B0000CFF000808B5034B1BB103490348AFF31C
:1001C000008008BD00000000640000200CFF000853
:1001D000034613F8012B002AFBD1181A0138704787
:1001E00001F0FF01102A2BDB10F0070F08D010F8E8
:1001F000013B013A8B422DD010F0070F42B3F6D1EC
:10020000F0B441EA012141EA014122F007047FF004
:1002100000070023F0E80256083C85EA010586EA5B
:10022000010685FA47F5A3FA87F586FA47F6A5FA97
:1002300087F68EB9EED1F0BC01F0FF0102F00702A3
:1002400032B110F8013B013A83EA010313B1F8D14E
:100250000020704701387047002D06BF354603382F
:10026000073815F0010F07D1013015F4807F02BF68
:10027000013015F4C03F0130F0BC0138704700BFB9
:1002800081F0004102E000BF83F0004330B54FEA47
:1002900041044FEA430594EA050F08BF90EA020FB4
:1002A0001FBF54EA000C55EA020C7FEA645C7FEA47
:1002B000655C00F0E2804FEA5454D4EB5555B8BF6A
:1002C0006D420CDD2C4480EA020281EA030382EADB
:1002D000000083EA010180EA020281EA0303362D6D
:1002E00088BF30BD11F0004F4FEA01314FF4801C40
:1002F0004CEA113102D0404261EB410113F0004F52
:100300004FEA03334CEA133302D0524263EB430308
:1003100094EA050F00F0A780A4F10104D5F1200EA6
:100320000DDB02FA0EFC22FA05F2801841F1000101
:1003300003FA0EF2801843FA05F359410EE0A5F1D5
:1003400020050EF1200E012A03FA0EFC28BF4CF006
:10035000020C43FA05F3C01851EBE37101F00045BC
:1003600007D54FF0000EDCF1000C7EEB00006EEBC9
:100370000101B1F5801F1BD3B1F5001F0CD3490853
:100380005FEA30004FEA3C0C04F101044FEA4452AA
:1003900012F5800F80F09A80BCF1004F08BF5FEA31
:1003A000500C50F1000041EB045141EA050130BD11
:1003B0005FEA4C0C404141EB0101013C28BFB1F523
:1003C000801FE9D291F0000F04BF01460020B1FA6E
:1003D00081F308BF2033A3F10B03B3F120020CDA41
:1003E0000C3208DD02F1140CC2F10C0201FA0CF01F
:1003F00021FA02F10CE002F11402D8BFC2F1200C84
:1004000001FA02F120FA0CFCDCBF41EA0C01904039
:10041000E41AA2BF01EB0451294330BD6FEA040482
:100420001F3C1CDA0C340EDC04F11404C4F120026D
:1004300020FA04F001FA02F340EA030021FA04F37F
:1004400045EA030130BDC4F10C04C4F1200220FAD6
:1004500002F001FA04F340EA0300294630BD21FA14
:1004600004F0294630BD94F0000F83F4801306BFDA
:1004700081F480110134013D4EE77FEA645C18BFCE
:100480007FEA655C29D094EA050F08BF90EA020F65
:1004900005D054EA000C04BF1946104630BD91EA5D
:1004A000030F1EBF0021002030BD5FEA545C05D160
:1004B0004000494128BF41F0004130BD14F580049F
:1004C0003CBF01F5801130BD01F0004545F0FE4113
:1004D00041F470014FF0000030BD7FEA645C1ABF48
:1004E000194610467FEA655C1CBF0B46024650EA7F
:1004F000013406BF52EA033591EA030F41F40021AB
:1005000030BD00BF90F0000F04BF0021704730B530
:100510004FF4806404F132044FF000054FF0000105
:1005200050E700BF90F0000F04BF0021704730B5C6
:100530004FF4806404F1320410F0004548BF40429B
:100540004FF000013EE700BF42004FEAE2014FEAF0
:1005500031014FEA02701FBF12F07F4393F07F4FCB
:1005600081F06051704732F07F4208BF704793F0CE
:100570007F4F04BF41F40021704730B54FF46074E1
:1005800001F0004521F000411CE700BF50EA0102E4
:1005900008BF704730B54FF000050AE050EA01028D
:1005A00008BF704730B511F0004502D5404261EBFD
:1005B00041014FF4806404F132045FEA915C3FF43E
:1005C000D8AE4FF003025FEADC0C18BF03325FEADB
:1005D000DC0C18BF033202EBDC02C2F1200300FA8C
:1005E00003FC20FA02F001FA03FE40EA0E0021FAB1
:1005F00002F11444BDE600BF70B54FF0FF0C4CF49F
:10060000E06C1CEA11541DBF1CEA135594EA0C0F50
:1006100095EA0C0F00F0DEF82C4481EA030621EA8B
:100620004C5123EA4C5350EA013518BF52EA0335C6
:1006300041F4801143F4801338D0A0FB02CE4FF078
:100640000005E1FB02E506F00042E0FB03E54FF0A8
:100650000006E1FB03569CF0000F18BF4EF0010EA0
:10066000A4F1FF04B6F5007F64F5407404D25FEA9C
:100670004E0E6D4146EB060642EAC62141EA55514F
:100680004FEAC52040EA5E504FEACE2EB4F1FD0C91
:1006900088BFBCF5E06F1ED8BEF1004F08BF5FEA0F
:1006A000500E50F1000041EB045170BD06F00046C1
:1006B00046EA010140EA020081EA0301B4EB5C046E
:1006C000C2BFD4EB0C0541EA045170BD41F4801166
:1006D0004FF0000E013C00F3AB8014F1360FDEBF8B
:1006E000002001F0004170BDC4F10004203C35DA67
:1006F0000C341BDC04F11404C4F1200500FA05F3EA
:1007000020FA04F001FA05F240EA020001F000428A
:1007100021F0004110EBD37021FA04F642EB060100
:100720005EEA430E08BF20EAD37070BDC4F10C042A
:10073000C4F1200500FA04F320FA05F001FA04F2EE
:1007400040EA020001F0004110EBD37041F10001DA
:100750005EEA430E08BF20EAD37070BDC4F12005E5
:1007600000FA05F24EEA020E20FA04F301FA05F24D
:1007700043EA020321FA04F001F0004121FA04F2F5
:1007800020EA020000EBD3705EEA430E08BF20EAC5
:10079000D37070BD94F0000F0FD101F000464000FF
:1007A00041EB010111F4801F08BF013CF7D041EA81
:1007B000060195F0000F18BF704703F00046520085
:1007C00043EB030313F4801F08BF013DF7D043EA56
:1007D0000603704794EA0C0F0CEA135518BF95EA0C
:1007E0000C0F0CD050EA410618BF52EA4306D1D193
:1007F00081EA030101F000414FF0000070BD50EAB2
:10080000410606BF1046194652EA430619D094EA3B
:100810000C0F02D150EA013613D195EA0C0F05D125
:1008200052EA03361CBF104619460AD181EA030179
:1008300001F0004141F0FE4141F470014FF0000031
:1008400070BD41F0FE4141F4780170BD70B54FF0CC
:10085000FF0C4CF4E06C1CEA11541DBF1CEA13554C
:1008600094EA0C0F95EA0C0F00F0A7F8A4EB05042E
:1008700081EA030E52EA03354FEA013100F0888025
:100880004FEA03334FF0805545EA131343EA1263EE
:100890004FEA022245EA111545EA10654FEA0026A3
:1008A0000EF000419D4208BF964244F1FD0404F55C
:1008B000407402D25B084FEA3202B61A65EB0305B8
:1008C0005B084FEA32024FF480104FF4002CB6EB75
:1008D000020E75EB030E22BFB61A754640EA0C00F5
:1008E0005B084FEA3202B6EB020E75EB030E22BF35
:1008F000B61A754640EA5C005B084FEA3202B6EB76
:10090000020E75EB030E22BFB61A754640EA9C0034
:100910005B084FEA3202B6EB020E75EB030E22BF04
:10092000B61A754640EADC0055EA060E18D04FEAC2
:10093000051545EA16754FEA06164FEAC30343EA62
:1009400052734FEAC2025FEA1C1CC0D111F4801F2F
:100950000BD141EA00014FF000004FF0004CB6E728
:1009600011F4801F04BF01430020B4F1FD0C88BFC7
:10097000BCF5E06F3FF6AFAEB5EB030C04BFB6EBD2
:10098000020C5FEA500C50F1000041EB045170BDC5
:100990000EF0004E4EEA113114EB5C04C2BFD4EBF2
:1009A0000C0541EA045170BD41F480114FF0000E76
:1009B000013C90E645EA060E8DE60CEA135594EAF2
:1009C0000C0F08BF95EA0C0F3FF43BAF94EA0C0FF5
:1009D0000AD150EA01347FF434AF95EA0C0F7FF46A
:1009E00025AF104619462CE795EA0C0F06D152EABE
:1009F00003353FF4FDAE1046194622E750EA4106A2
:100A000018BF52EA43067FF4C5AE50EA41047FF4B2
:100A10000DAF52EA43057FF4EBAE12E74FF0FF3C17
:100A200006E000BF4FF0010C02E000BF4FF0010CE8
:100A30004DF804CD4FEA410C7FEA6C5C4FEA430C61
:100A400018BF7FEA6C5C1BD001B050EA410C0CBFB0
:100A500052EA430C91EA030F02BF90EA020F002012
:100A6000704710F1000F91EA030F58BF994208BF79
:100A700090422CBFD8176FEAE37040F00100704736
:100A80004FEA410C7FEA6C5C02D150EA013C07D18D
:100A90004FEA430C7FEA6C5CD6D152EA033CD3D0D8
:100AA0005DF8040B704700BF8446104662468C46D2
:100AB0001946634600E000BF01B5FFF7B7FF002805
:100AC00048BF10F1000F01BD4DF808EDFFF7F4FF2E
:100AD0000CBF012000205DF808FB00BF4DF808EDB9
:100AE000FFF7EAFF34BF012000205DF808FB00BFDC
:100AF0004DF808EDFFF7E0FF94BF012000205DF8FE
:100B000008FB00BF4DF808EDFFF7CEFF94BF0120B2
:100B100000205DF808FB00BF4DF808EDFFF7C4FFAB
:100B200034BF012000205DF808FB00BF4FEA410CF4
:100B30007FEA6C5C02D150EA013C0AD14FEA430CD7
:100B40007FEA6C5C02D152EA033C02D14FF0000014
:100B500070474FF0010070474A0011D212F50012A1
:100B600011D20DD56FF47873B3EB62520ED44FEA05
:100B7000C12343F0004343EA505323FA02F0704785
:100B80004FF00000704750EA013002D14FF0FF30C3
:100B900070474FF0000070474FEA4102B2F1E04366
:100BA00024BFB3F5001CDCF1FE5C0DD901F0004C54
:100BB0004FEAC0024CEA5070B2F1004F40EB8300A4
:100BC00008BF20F00100704711F0804F21D113F1D0
:100BD0003872BCBF01F00040704741F480114FEA09
:100BE0005252C2F11802C2F1200C10FA0CF320FA92
:100BF00002F018BF40F001004FEAC1234FEAD323AF
:100C000003FA0CFC40EA0C0023FA02F34FEA430318
:100C1000CCE77FEA625307D150EA01331EBF4FF0A1
:100C2000FE4040F44000704701F0004040F0FE40BC
:100C300040F40000704700BF80F0004002E000BFB9
:100C400081F0004142001FBF5FEA410392EA030FB7
:100C50007FEA226C7FEA236C6AD04FEA1262D2EB01
:100C60001363C1BFD218414048404140B8BF5B4206
:100C7000192B88BF704710F0004F40F4000020F09F
:100C80007F4018BF404211F0004F41F4000121F0B5
:100C90007F4118BF494292EA030F3FD0A2F10102FF
:100CA00041FA03FC10EB0C00C3F1200301FA03F13D
:100CB00000F0004302D5494260EB4000B0F5000F60
:100CC00013D3B0F1807F06D340084FEA310102F11F
:100CD0000102FE2A51D2B1F1004F40EBC25008BFD1
:100CE00020F0010040EA03007047490040EB00009B
:100CF000013A28BFB0F5000FEDD2B0FA80FCACF19C
:100D0000080CB2EB0C0200FA0CF0AABF00EBC250C8
:100D100052421843BCBFD0401843704792F0000FB6
:100D200081F4000106BF80F400000132013BB5E709
:100D30004FEA41037FEA226C18BF7FEA236C21D07F
:100D400092EA030F04D092F0000F08BF08467047E4
:100D500090EA010F1CBF0020704712F07F4F04D1B2
:100D6000400028BF40F00040704712F100723CBFC5
:100D700000F50000704700F0004343F0FE4040F4EF
:100D8000000070477FEA226216BF08467FEA2363AD
:100D90000146420206BF5FEA412390EA010F40F498
:100DA000800070474FF0000304E000BF10F00043E4
:100DB00048BF40425FEA000C08BF704743F09643CB
:100DC00001464FF000001CE050EA010208BF7047E6
:100DD0004FF000030AE000BF50EA010208BF70476D
:100DE00011F0004302D5404261EB41015FEA010C82
:100DF00002BF84460146002043F0B64308BFA3F17A
:100E00008053A3F50003BCFA8CF2083AA3EBC2535B
:100E100010DB01FA02FC634400FA02FCC2F120027A
:100E2000BCF1004F20FA02F243EB020008BF20F0B1
:100E30000100704702F1200201FA02FCC2F1200217
:100E400050EA4C0021FA02F243EB020008BF20EA0C
:100E5000DC7070477BB972B90029BEBF00204FF02B
:100E6000004106E008BF00281CBF6FF000414FF0B2
:100E7000FF3000F0D3B9ADF1080C6DE904CE0029C4
:100E800009DB002B1ADB00F04DF8DDF804E0DDE9AA
:100E9000022304B07047404261EB4101002B1BDB91
:100EA00000F040F8DDF804E0DDE9022304B0404240
:100EB00061EB4101524263EB43037047524263EBE3
:100EC000430300F02FF8DDF804E0DDE9022304B06D
:100ED000404261EB41017047524263EB430300F033
:100EE00021F8DDF804E0DDE9022304B0524263EBAF
:100EF0004303704753B94AB9002908BF00281CBFF3
:100F00004FF0FF314FF0FF3000F088B9ADF1080C21
:100F10006DE904CE00F006F8DDF804E0DDE9022317
:100F200004B070472DE9F047089D0F4604468C46F3
:100F3000002B48D18A42164661D9B2FA82F34BB1EE
:100F4000C3F1200201FA03FC20FA02F29E4042EAB9
:100F50000C0C9C404FEA164EB7B2BCFBFEF1220CC3
:100F60000EFB11CC42EA0C4201FB07F0904209D97A
:100F7000B21801F1FF3C80F0EE80904240F2EB802D
:100F800002393244121AA4B2B2FBFEF00EFB102258
:100F900044EA024400FB07F7A74209D9341900F1DB
:100FA000FF3280F0DA80A74240F2D7803444023822
:100FB00040EA0140E41B00211DB1DC400023C5E9EB
:100FC0000043BDE8F0878B4206D90DB1C5E90001A9
:100FD00000210846BDE8F087B3FA83F1002948D123
:100FE000BB4202D3824200F20781841A67EB0302FC
:100FF00001209446002DE4D0C5E9004CE1E7002A29
:1010000000F09280B2FA82F3002B40F0A8808A1A96
:101010004FEA164E1FFA86FC0121200CB2FBFEF7A8
:101020000EFB172240EA02420CFB07F0904207D960
:10103000B21807F1FF3802D2904200F2E280474630
:10104000121AA4B2B2FBFEF00EFB102244EA0244D4
:101050000CFB00FCA44507D9341900F1FF3202D281
:10106000A44500F2CB801046A4EB0C0440EA0740F4
:10107000A2E7C1F120068B4022FA06FC4CEA030CE1
:1010800007FA01F420FA06F3F7404FEA1C4923431C
:1010900000FA01F81FFA8CFEB7FBF9F01C0C09FBF3
:1010A000107744EA074400FB0EF7A74202FA01F268
:1010B0000AD91CEB040400F1FF3A80F09B80A742A0
:1010C00040F2988002386444E41B9FB2B4FBF9F309
:1010D00009FB134447EA044403FB0EFEA64509D965
:1010E0001CEB040403F1FF3780F08280A6457FD912
:1010F000023B644443EA0040A4EB0E04A0FB02E779
:10110000BC427346B94663D360D05DB1B8EB03020D
:1011100064EB090404FA06F622FA01F31E43CC40FC
:10112000C5E9006400214CE76208480842EAC17141
:101130000B0C43EA00438AB242EA0342B3FBF6F1E6
:10114000E407B4463746B6461F23B0FBF6F0D21B81
:1011500041EA004161E7614614E7104628E7C3F120
:10116000200120FA01F29E4027FA01F19F403A4304
:101170004FEA164E1FFA86FCB1FBFEF70EFB171066
:10118000110C41EA004107FB0CF8884504FA03F40E
:101190003AD9711807F1FF3001D288451FD8A1EB69
:1011A0000801B1FBFEF808FB0CF70EFB181192B218
:1011B00042EA0142BA422FD2B21808F1FF31C6D238
:1011C000BA42C4D2A8F102013244C0E7F0459CD231
:1011D000BEEB020367EB0C070138B94695E7A6EBB7
:1011E00008084144B81EB1FBFEF808FB0CF7DCE729
:1011F0003B467FE7504667E70846FBE63444023843
:1012000032E7023F32441BE7A1EB08013846B1FB4D
:10121000FEF808FB0CF7C8E7414698E7704700BFA7
:1012200006F06ABD06F0BCBD06F0D8BD00487047A8
:10123000E0FF000800487047ECFF000800487047D6
:10124000090001080B480C4B0C4A10F8011B11B1A6
:101250004B405343F9E783F0FF03094907485343E1
:1012600011F8012B12B153404343F9E783F0FF0318
:1012700058437047E0FF0008C59D1C8193010001A1
:10128000ECFF000808B5054800224FF4006108F0A3
:10129000D1F8BDE8084001F09FBE00BF0000024049
:1012A00008B5054800224FF4006108F0C3F8BDE816
:1012B000084001F091BE00BF000002400248012238
:1012C000402108F0B7B800BF0004024002480022E5
:1012D000402108F0AFB800BF0004024037B500233A
:1012E00004460D46ADF80430FFF7F0FFD2238DF829
:1012F000003012488DF801400A230222694609F0A5
:1013000087FB0446FFF7DAFF34B1032C0CBF02243D
:101310000324204603B030BDFFF7D8FF07480A2357
:10132000022201A909F011FD0446FFF7C7FF002CB6
:10133000EBD19DF805302B70EBE700BF580600207D
:10134000084B834210B50BD1074C2378012B07D1F2
:10135000064B5A68064B1A60FFF7B0FF0223237052
:1013600010BD00BF5806002080000020001000E0E3
:101370007C000020084B834210B50BD1074C23782A
:10138000012B07D1064B5A68064B1A60FFF796FFF0
:101390000323237010BD00BF5806002080000020EA
:1013A000001000E07C000020004870472000010889
:1013B00007EE900A9FED057A9FED050AF8EE677A31
:1013C00067EE877A27EE800A704700BF0000B443BB
:1013D0000000803713B5044610B9002002B010BDDC
:1013E0000DF107011A20FFF779FF0028F5D19DF8CC
:1013F0000730DA092270C3F380026270C3F340023F
:1014000003F00103A270E3700120E7E72DE9F04744
:1014100007460C4619B100230B604B608B60002F10
:101420006DD0384B5968384B1A68536A1CB1238108
:1014300001232160A372354E317801F0FF0319B109
:1014400003252846BDE8F0873149DFF8C880DFF87A
:10145000D4900B70C9F800304B7088F8003088F8D1
:101460000130012333703CB1264B5B682360536A23
:10147000238140F201136381FFF728FF254A2449A5
:101480002548022309F0FEFC054638B1FFF716FF98
:101490000023032D3370D3D10225D2E7DFF864A0F7
:1014A0001E4B1F4A1B68DAF80410B3FBF2F342F23A
:1014B000107253433278012A0ED03378DBB214B164
:1014C000D9F8002062600022022B3270B8D1B8F83F
:1014D00000305BBA3B80B4E7DAF80420521A93423A
:1014E000E8D804230C48337009F050FDFFF7E6FEFE
:1014F00014B1DAF80430636000233370CCE70125BF
:101500009FE700BF001000E0500500208000002091
:1015100083000020810000205806002000000020E9
:1015200040420F007C00002009B1FFF7D7BE012028
:10153000704700001FB5D723ADF808300023ADF881
:101540000C30FFF7C3FE0A23009303AA022302A96B
:10155000054809F00AFB0446FFF7B0FEB4FA84F030
:10156000400904B010BD00BF5806002013B5002389
:10157000044601A80193FFF72DFF30B914B90020EC
:1015800002B010BD01982060F9E79DF805302BB935
:101590009DF8063013B99DF8073033B1FFF7CAFF45
:1015A00001A8FFF717FF0028E8D00CB101982060D0
:1015B0009DF8043063B99DF8050058B99DF80630D0
:1015C0001BB99DF8070080F0010000F00100D7E78B
:1015D0000020FAE71846F8E730B548B100230024A8
:1015E0000025C0E90245C0E90433037043808361EC
:1015F00030BD70B5049D002838D0002D36D0002BAA
:1016000034DB047864B901230370436941800133FA
:10161000C0E902140261436129606C60002070BD62
:1016200044880C1BB4F5004F0CDDA4F5803484EA2B
:10163000E476A6EBE476B3420ADA83690133836188
:101640000420ECE714F5004FB8BF04F58034EEE752
:10165000D0E90236026142694180E31846EBE47446
:101660000132C0E9023442612B60D6E70120D6E79F
:101670002DE9F7430446002800F08680342200213B
:101680000CF096FD002001A98DF804008DF80500EE
:101690008DF80600FFF722FE04F10806002843D06B
:1016A00000259DF805209DF8043043EA022363805D
:1016B0004FF000089DF80630A371A4F82A80B146C7
:1016C00020270DF1070138468DF80780FFF706FE49
:1016D00010B18DF8078000259DF8073009F8013F0B
:1016E00013B1638D013363850137FFB2402FE8D119
:1016F000264904F128074FF0FF3316F8012F082080
:10170000534043F300020A40013882EA5303F8D100
:10171000B742F2D1DB43E36225706DBB84F83050F1
:10172000052003B0BDE8F0830DF105010120FFF7AE
:10173000D5FD0028B4D1211D0920FFF7F5FE0028B2
:10174000AED1611D0D20FFF7EFFE0028A8D10DF1ED
:1017500006011A20FFF7C2FD0028A1D1E11D1C20BF
:10176000FFF7E2FE00289BD131461F20FFF7DCFE89
:10177000B0FA80F56D0994E7638D002B14BF022346
:10178000012384F83030CCE70120CAE72083B8ED8C
:10179000024678B103786BB190F8301051B183797B
:1017A00013F0870008D1012908D1538D002B18BFF1
:1017B00003207047012070470220704703207047C4
:1017C00038B505460C46FFF7E3FFE8B9ECB16A8887
:1017D00023889A421BD12A79A3789A4219D16A792F
:1017E000E3789A4217D1AA7923799A4215D1EA79F6
:1017F00063799A4213D12A7AA3799A4211D1EA6A7B
:10180000A3689A4218BF0B2038BD0420FCE70520CE
:10181000FAE70620F8E70720F6E70820F4E70920B2
:10182000F2E70A20F0E700000B289ABF024B53F8BA
:1018300020000248704700BFFC3601083C00010848
:101840002DE9F04F95B00021342207A80CF0B0FC30
:10185000012605233E4A8DF8213007A812928DF803
:101860001C608DF84C60FFF793FF3A4A044607CAA4
:1018700004AD85E80700294607A8FFF7A1FF00216E
:10188000039007A8FFF79CFF2946834607A8ADF8F9
:101890001E60FFF795FF00272946824607A8ADF88E
:1018A0001E708DF82060FFF78BFF4FF48061ADF85C
:1018B00020108146294607A8FFF782FF05238DF8EF
:1018C000213029460823804607A88DF82230FFF7EB
:1018D00077FF4FF480710290ADF8221007A82946D7
:1018E000FFF76EFF2946019007A88DF823708DF849
:1018F0002460FFF765FF039A8DF8247001461648AF
:10190000129044EA020010F0FF001ED1BBF1040F58
:10191000029B17D1BAF1050F14D1B9F1060F11D1FD
:10192000B8F1070F0ED1082B0CD1019B092B09D15F
:101930000A2907D1294607A8FFF742FFA0F10B03A8
:101940005842584115B0BDE8F08F3846FAE700BF5D
:10195000AD550A1928FF0008AC550A19074AD2F8F4
:10196000FC3043F08073C2F8FC30054B00225A6013
:101970001A6842F001021A60704700BF00ED00E0F3
:10198000001000E008B5FFF799FCBDE80840FFF73C
:10199000E5BF0000034B044A1B68B3FBF2F3584356
:1019A000704700BF0000002040420F0070B50446A1
:1019B000049868B1002B0CDA561E63F10045A6426C
:1019C0008D410FDBA41A61EB0301C0E90041012046
:1019D00070BD52EA0305F5D003F10045944271EB66
:1019E0000505EEE70020F3E72DE9F0410546012467
:1019F0008C4201D3BDE8F08155F8087F6E682B4614
:101A0000224653E902EC774576EB0C0805DA013AF9
:101A1000C3E900ECA3F10803F3D100EBC20340F8E3
:101A2000327001345E60E3E7014B5868704700BFD5
:101A3000001000E0034A53685B1A002B00DB70477C
:101A400000BFF8E7001000E0806E7047D0F88C30DF
:101A5000072B9FBF5A1C00EB8303C0F88C20D9666C
:101A6000836E5B1A002BB8BF8166704770B5D0B12A
:101A7000C9B1C2B1D0E91843A34214D25C1C446678
:101A800000EB83050024146094605460AC6914601A
:101A9000C41830F8133094F8586096720B80AB6B12
:101AA0008366207C70BD0120FCE738B504460D46F6
:101AB000902200210CF07CFB25662A4604F1580098
:101AC0000121BDE838400CF073BB08461146FFF712
:101AD0009DBC10B5044640B1382200210CF068FBD3
:101AE0002046BDE81040FFF777BD10BD2DE9F04757
:101AF00089468AB090461C460546002866D0002BD1
:101B000064D0002A62D0002960DB20220021184620
:101B100001260CF04DFB4FF0000A267707AF2B6A29
:101B2000ADF80EA00133012E2B62C7E900AAC7F859
:101B300008A0667706D9AB6A0133AB62A37F43F096
:101B40000103A37739460DF10E00FFF75FFC8446D1
:101B500097E8070004F1100383E80700604690B19E
:101B6000EB6A0133EB62A37F43F002030136F6B266
:101B7000B045A3772077D2D243F00803A3776B6BED
:101B800001336B631FE000220023CDE9042304AB83
:101B90000093079ABDF80E104B462846FFF729FD23
:101BA00030B12B6B01332B63A37F43F00403DDE7DC
:101BB000BDF80E302380DDE904232077C4E9022339
:101BC0006B6A01336B620AB0BDE8F0870120FAE767
:101BD00008B5FFF701F99FED057A9FED050A07EEBD
:101BE000900A67EE877A27EE800A08BD0000B443AA
:101BF000000080372DE9F843089F84460020B7B3E2
:101C0000012A73F100051DDBB1F1004F08BF8445C7
:101C100018D0540844EAC374D4F1FF386FF000457B
:101C200081424FEA630EA5EB63050DDBE0458D4174
:101C300008DB1CEB04004EEB0101FFF70BF9C7E9D1
:101C400000010120BDE8F883DCF1000961EB4106E9
:101C5000C845B541F6DBB4EB0C006EEB0101FFF7B4
:101C6000F9F8404261EB4101C7E90001E9E7384674
:101C7000E8E7F7B50346084661B192B3490803EBBC
:101C8000C10510F0010053F83130696804D0C2E991
:101C90000031012003B0F0BD012B55E9024671F17E
:101CA000000512DBDD43A5426FF00045A5EB010501
:101CB000B541EFDBE01800924FF000034FF0020255
:101CC00046EB0101FFF796FFE4E753EA0105F1D087
:101CD0005F424FF0004565EB0105BC4276EB050520
:101CE000E7E71046D6E72DE9FF419446DDE90A27EC
:101CF0000C9E044688461AB9002004B0BDE8F08165
:101D0000002FF9D0002EF7D000200021CDE90201EC
:101D10004FF0FF3003F500454FF6FF71604571EB62
:101D20000505E9D308F50045A042A941E4D319040B
:101D300002AB00934FEA0C40002341EA1C41FFF73D
:101D400059FF0028D8D0DDE90232012B4FEA0841C3
:101D500072F1000541EA14414FEA04440FDBDD4310
:101D6000A5426FF00045A5EB02058D41C4DBC7E934
:101D700000321B1942EB0102C6E90032BDE753EA0B
:101D80000205F4D0D3F1000C4FF0004565EB0205DD
:101D9000644571EB0505E9E72DE9F04385B0DDE920
:101DA0000C540E9EDEB104F500474FF000084FF0D2
:101DB0000009B7F5803FCDE9028910D202AF009744
:101DC000FFF7F4FD58B1DDE9020123042A0443EAD8
:101DD00015430C9605B0BDE8F043FFF7E7BD0020C2
:101DE00005B0BDE8F08300002DE9F04F2DED028B2A
:101DF00099B0DDE9245808932A9C289B0D93299BD0
:101E00000C900592099334B19022002120460CF0E9
:101E1000CFF90123E3700C9B002B00F06082002DB2
:101E200000F05D82B8F1000F00F05982002C00F044
:101E30005682D8F80030002B00F05182D8F80430D8
:101E4000002B00F04C82AB68002B00F04882EA685F
:101E5000934200F244826A69002A40F34082AA69F0
:101E6000002AC0F23C822878012800F2388206D18C
:101E70006A68002A44DDD8F80820002A40D0269A53
:101E800052B1279A934200F22A82402B00F2278215
:101E9000099A002AC0F223824FF0FF306FF0004110
:101EA000C4E9060100204FF00041059AA260C4E990
:101EB00008019FED9B8B0027089AE2602365A770BD
:101EC0003E46BA46D4F85490994511D304F13003F4
:101ED000029304F12803CDE9009305980899D4E909
:101EE0000423FFF700FF002840F01E81207009E165
:101EF000A26DEB689A4208D3002323700720E0709C
:101F000019B0BDEC028BBDE8F08F2B78012B2FD1DF
:101F100094F801B0BBF1000F2ED0A36F6A69F31AD9
:101F2000934203D9002323700820E8E7D8F808304B
:101F3000D8F80C0031469847B146D8F80030D8F8A8
:101F40000C00ADF838A014AA0EA9CDE914AACDF85A
:101F500058A09847A26D511C9DF85A20A1650346D0
:101F600062B9636E84F800A0013363660620C6E799
:101F70004FF00009CB46E0E7D946DEE7149AE26766
:101F8000012945D1A2672978012902D16E686170C3
:101F90001644D8F80420D8F80C0006939047A26F96
:101FA0006969821A8A428346C4F88020BAD8069B9F
:101FB0008DED108B002B40D09A1ED2B2012A02D890
:101FC000E26D0132E2652371A36E0137BB422B69DA
:101FD00038BFA766BB428FD3D4F85490AB689945FD
:101FE000BFF474AF2A78012A7FF46CAFBBEB060B09
:101FF0003FF568AFE26E6968BBFBF1FB0BF1010BCB
:1020000012EB0B02BFF478AFE2660BFB016659E7F7
:10201000BBF1000FBDD0A2EB0901002908DAA9EB42
:102020000201626F8A4238BF61676E684E44B0E752
:10203000FBD0226F01322267F3E710AB0093AB694C
:10204000149ABDF838100C98FFF7D3FA0428034609
:1020500003D1226E01322266B5E70028B3D1DDE953
:102060001023CDE9062312AB0093DDE90601059AA2
:10207000089B8DED128BFFF799FC002840D0DDE91D
:102080001232012B72F10007D4E904102BDBDF437D
:102090008F426FF00047A7EB0207874130DBC9187A
:1020A00040EB0200C4E904102699676D61BBD4E9D6
:1020B0000601834272EB0101D4E90801B8BFC4E90B
:1020C000063298429141B8BFC4E908321FB9DDE930
:1020D0000623C4E91023DDE9062301376765C4E957
:1020E0001223002778E753EA0207D8D0D3F1000C77
:1020F0004FF0004767EB0207614570EB0707CDE73C
:10210000002323700920FAE62799B942CFD92699EE
:10211000269801EBC70140F837304A60C7E700BF97
:102120000000000000000000269B002B00F0B9809A
:1021300009F1FF333F2BC4F8849000F2B280269857
:102140004946FFF751FC4FF0000A4FF0000B0EAA72
:10215000CDE90EABFFF78DFD002800F0A280269D93
:10216000634E05EBC9030C932F460DF15008DDE9D2
:102170000E23CDF80080F7E80201CDE90A23CDE96E
:1021800014ABFFF713FC002800F08F80DDE9143258
:10219000002A02DA5B4262EB4202C6E900320C9B83
:1021A000BB4206F10806E2D151484946FFF71CFC44
:1021B0000026002710AACDE91067FFF75AFD002876
:1021C0006FD0DDE910014B4B83424B4B8B41CDE986
:1021D000126766D340F2072612ABA0FB06070093F6
:1021E0006422002306FB0171FFF704FD002858D08C
:1021F000DDE912AB0D9B9A45099B9FED3B7B7BEB89
:1022000003034FF00007BCBFDDF834A0DDF824B0B5
:102210000697B846B946D5E9006114AB009330463D
:10222000DDE90A2309918DED147BFFF7BFFB08352B
:10223000099900283ED0DDE91432002A02DA5B4217
:1022400062EB42029A457BEB020244DB012E71F104
:10225000000334DBF343BB426FF00043A3EB010305
:1022600073EB08031DDBF619374641EB080809F14B
:1022700001090C9BAB42CED1069BC4E92239B9F1CE
:10228000000F0ED004F13803029314ABCDE9009394
:10229000059808993A464346FFF725FD08B1012302
:1022A000A37001232370002029E64FF0FF336FF065
:1022B000004272E74FF0FF336FF00042C2E756EA88
:1022C0000103D0D072424FF0004363EB0103974209
:1022D00078EB0303C6E7069B01330693C9E70120A9
:1022E0000EE600BFAFF30080000000000000000019
:1022F000880000205E77026D05233F00F0B51F4681
:102300000D4B054616460FCB8DB008AC84E80F0088
:10231000189B0693DDE91623CDE90423149B039350
:10232000139BCDE90143129B009332463B4628465E
:10233000FFF75AFD0DB0F0BD34FF00082DE9F04F56
:102340000022ADF5297D0023CDE91423CDE9162324
:1023500016AC022314AD00930294019501220023D0
:1023600064200021FFF7BFFC78B12B68159AA3F514
:10237000004313432ED12368179AA3F5C9031343CF
:102380000CBF012300230A9300E00A90022300936C
:10239000CDE901544FF0FF324FF0FF336FF063008F
:1023A0004FF0FF31FFF79FFCB0B12A68159BB3F1E6
:1023B000FF3F08BF12F5004F40F0A383179B226830
:1023C000B3F1FF3F08BF12F5C90F0CBF0123002373
:1023D0000B9302E00023D6E70B9001220023CDE906
:1023E000182300220023CDE9002318AC4FF4C802C3
:1023F0000023029410461946FFF7CEFC002840F057
:10240000828300230D93CB4BCB4E0FCB1DAD0DF52F
:10241000047885E80F0002214046FFF746FBC74BD2
:1024200084934FF47A714FF48263CDE98A1340F2BA
:10243000ED3040F2154321AFCDE9920340F2E33392
:1024400028A89E93C5F80C80FFF7C6F801233B70BF
:1024500028240223C7E90143C7E903331423C7E94A
:1024600005630022002360AE0024CDE90423CDE9FA
:102470000244CDE9007506966422002328A8FFF7E0
:10248000B3FC90BB347884B3B36D022B40F0588317
:10249000736D022B40F05483F46E002C40F0508397
:1024A000D6E91032643B13431FD1D6E91232653BA3
:1024B00013431AD1D6E90632134316D1D6E90832AE
:1024C000013B134311D1D6E90C32A3F5C9031343E1
:1024D00040F03683A79B012B40F032839F9CA4F5EC
:1024E000826BDBF1000444EB0B0404214046FFF750
:1024F000DCFA934B8493A3F1041385934FF47A7C15
:102500004FF48263CDE98AC34FF4876E4FF48C6336
:10251000CDE98CE340F2ED3940F21543CDE99293D9
:1025200040F23D4A40F26543CDE994A328A840F229
:10253000E3339E93FFF750F80423C7E902333B616E
:10254000002200234FF00009CDE90423CDE90299D0
:10255000CDE9007506966422002328A8FFF744FC05
:10256000002840F0EF82D6E90623B3F1FF3F08BF11
:1025700012F1040F40F0E982D6E90832043B13431C
:1025800040F0E382D6E91013D6E912029A4208BF5E
:1025900088420CBF01234B46089304214046FFF7B5
:1025A00084FA664B849303F1021385934FF47A7B8C
:1025B0004FF482634FF48762CDE98AB34FF48C63A2
:1025C000CDE98C2340F2ED3140F21543CDE9921371
:1025D00040F23D4040F26543CDE9940340F2E333DD
:1025E00028A89E934FF00009FEF7F6FF0022002373
:1025F000CDE90423CDE90299CDE900750696642260
:10260000002328A8FFF7F0FB002840F0A082D6E9BD
:102610000632134340F09E82D6E90832033B13434F
:1026200040F09882D6E91232D6E910105B1AA3F175
:10263000030362EB000213430CBF01234B460993D3
:1026400003214046FFF731FA6423ADF812326623C6
:102650004FF47A7CADF814324FF48263CDE98AC32B
:102660004FF487638C9340F2ED3940F21543CDE986
:10267000929340F23D430226949328A840F2E3331C
:102680008DF820629E9360AFFEF7A6FF4FF0000921
:1026900021AB032200200021CDE92422CDE9040151
:1026A000CDE90035CDE9029906976422002328A8D8
:1026B0002396FFF799FB0646002840F04D829DF8CF
:1026C0008131002B00F04A82769B032B15D1759B3C
:1026D000022B12D1779B012B0FD19DF88431022B55
:1026E0000BD1A79B022B08D19F9BB3F5826F04D11E
:1026F000A09EA6F587677E427E4103214046FFF7F4
:10270000D4F90E4B84936623ADF814324FF47A7BE0
:1027100040F26543CDE98AB34FF4916340F2ED3165
:102720008C9340F26A43CDE9921340F28D43949327
:1027300028A807E044FF0008A086010064006500A7
:102740006400680040F2E3339E930DF5C079FEF714
:1027500043FF4FF0000A21AB032200200021CDE906
:102760000401CDE900352392CDE902AACDF81890F5
:102770006422002328A8FFF737FB0746002840F013
:10278000EF817B9B022B13D17C9B012B10D17D9B76
:10279000552B0DD1A79B022B0AD19F9BB3F5826FBE
:1027A00006D1A09FA7F5916ADAF1000747EB0A0767
:1027B00002214046FFF779F9BA4B84936FF00F0E70
:1027C0001023CDE98AE36FF00A081523CDE992833F
:1027D00028A86FF01F039E934FF02009FEF7FCFE20
:1027E0000222CDE9229221AB00200DF5C078002114
:1027F0004FF00009CDE92422CDE90401CDE90035EF
:10280000CDE90299CDF818804FF6FE72002328A872
:10281000FFF7EAFAB8B9809B252B40F0A3817B999A
:10282000002940F09F81DDE97032A3F57F43FE3B34
:10283000134340F09981DDE97232A3F10113134390
:1028400008BF4FF00109082184A8FFF72EF9964B25
:102850008493013B8593954B86930DF5097803F599
:102860008013879342464FF47A7342F8043F591D10
:102870002833B3F5A56F1162F7D140F2E33328A8EE
:102880009E932825FEF7A8FE0822CDE92252CDE925
:102890002422039230AA21AB0020002102920DF5E0
:1028A000C07A1DAACDE90032CDE90401CDF818A007
:1028B0006422002328A8FFF797FA0546002840F075
:1028C00055819DF88231002B00F05281819B082BAD
:1028D00015D1829B012B12D1839B072B0FD1DDE9F0
:1028E0006E32A3F5C803134309D1DDE96C32A3F5B9
:1028F000CB03A3F5C04313430CBF012500250821DA
:1029000084A8FFF7D2F84FF06413CDE9843386939F
:1029100003F58033879342464FF47A7342F8043FBD
:10292000591D2833B3F5A56F1162F7D140F2E33397
:1029300028A89E93FEF750FE00220023CDE9042331
:102940000823039340AB02931DAB0DF5C07A0193AE
:1029500021AB0093CDF818A06422002328A8FFF72C
:1029600043FA002840F006819DF882313BB1829BFA
:10297000012B40F00181839BD81F434243410C93BC
:10298000082184A8FFF791F84FF06413CDE9843350
:10299000869303F5803387934FF47A7348F8043FA6
:1029A0005A1D2833B3F5A56FC8F82020F6D10DF1D4
:1029B000A00840F2E33340469E93FEF70DFE092245
:1029C0000023CDE904230823039350AB02931DABEE
:1029D0000DF5C07B019321AB0093CDF818B06422B4
:1029E00000234046FFF700FA002840F0C7809DF81A
:1029F0008231002B00F0C280829B002B40F0C1800E
:102A0000839BA3F10801D1F1000A4AEB010A404679
:102A1000FEF7E2FD00220023CDE91A230DF1680B39
:102A20000A231A466421CDF800B04046FEF7E1FDC6
:102A3000B8F802300F93D8F808301293D8F80C3059
:102A40001393D8F810301093D8F814300E901193D7
:102A5000CDF800B00A231422C8214046FEF7C9FD74
:102A6000042840F09080B8F802300F9A934240F06A
:102A70008A80D8E90223DDE91210834208BF8A4226
:102A800040F08180D8F81030109A93427BD1D8F86A
:102A90001430119A934276D1D8F818305A1E534206
:102AA000534105E0FEFF010064006500640063001F
:102AB0000A9A002A69D00B9A002A68D00D9A002A37
:102AC00067D0002C67D0089A002A66D0099A002A9D
:102AD00065D0002E65D0002F65D0B9F1000F64D00D
:102AE0004DB10C9A12EA0A0505D00E9A002A14BFBD
:102AF000002503F0010505F001000DF5297DBDE875
:102B0000F08F002364E42368199A13437FF479ACAF
:102B10004FF480320023CDE9002302944FF4C80221
:102B200000234FF4C8000121FFF736F900283FF4D5
:102B300068AC2368199A13430CBF0123002361E496
:102B40000024D2E4CDF8209027E5089025E5CDF8C3
:102B5000249075E5099073E54E46CEE51E46CCE51A
:102B6000574625E681466EE689466CE60025C6E6B0
:102B70001D46C4E6002302E70C9001E74FF0000A6F
:102B800045E7824643E7002392E70A9DB3E70B9DA2
:102B9000B1E70D9DAFE72546ADE7089DABE7099D81
:102BA000A9E73546A7E73D46A5E74D46A3E700BFA1
:102BB0002DE9F04F2DED048BADF5217D1AA8FEF720
:102BC00088FFFEF7F1FB354A0346602128A80BF089
:102BD0007DFA5F28A8BF5F2082B228A9322330483F
:102BE00009F05CF9FEF722FB0446FEF723FB0546DD
:102BF000FEF724FB0646FEF725FB2A4B0746D3F8D3
:102C00000080FEF7D1FB284A0095CDE903802346DA
:102C10004FF48071CDE9016760A80BF057FAFF28E7
:102C2000A8BFFF2082B232231D4860A909F036F9FF
:102C30001E481F4C012106F0F7FB00280CBF0125A0
:102C4000002503D123780BB9FEF7ECFA194825705B
:102C50004FF4804106F0F3FBFEF7E6FA18B1C82006
:102C600009F0A3FBE4E712AC234603224FF4004132
:102C70001AA8FEF73BFF074610B3A37F0193637FBB
:102C800000930D4A0346602140A80BF01FFA32233F
:102C900082B240A9024809F001F9E0E734010108D5
:102CA00038040020000000204F010108000002400D
:102CB000B302002000080240D10101080000C84210
:102CC00026885FED028A3046FEF772FBB6EE008A78
:102CD000F0EE487AE0EE287A11AD28461197FCEE26
:102CE000E77A17EE904AFEF775FB9DF844309DF8A1
:102CF00045209DF846109DF8475018B113B90AB900
:102D000001B9BDB1CDE903326422B4FBF2F302FB99
:102D10001344CDE90515CDE900349B4A02903346B2
:102D2000802140A80BF0D2F9322382B240A9974803
:102D300009F0B4F8DFF87CB295499BF80040954A59
:102D4000DFF87482DFF87492934DDFF874A2002CE0
:102D500040F0F4809FED8A7B01238BF800308F4B8D
:102D60000E8083ED007B8AED007B8D4B1460C8F8EC
:102D70000040C9F800402C601C60D8F80030A34225
:102D8000B8BFC8F800402046FDF7CCFBDAE90023C5
:102D900006460F46FDF77AFACAE90001DFF8FCA102
:102DA000CDE90E0132463B4630463946FDF724FC5C
:102DB000DAE90023FDF76AFA06460F46CAE900671A
:102DC000DFF8DCA1DAF8000001301828CAF80000AA
:102DD0007FF645AFFDF796FB02460B46CDE90C01A9
:102DE000DDE90E01FDF732FDDDE90C23CDE90E0131
:102DF00030463946FDF72AFDDDE90E2306460F462B
:102E000010461946FDF7F8FB02460B463046394698
:102E1000FDF73AFA02460B4643EC192B0022002339
:102E2000FDF77AFE002800F0A280B0EE490AF0EE2D
:102E3000690A0BF0A9FE57EC106BD9F80030D8F8EE
:102E40000000C01A2B6840F2DA22934200F392800D
:102E500004F6396841F6724398458CBF4FF000087C
:102E60004FF0010880B2FEF7A3FAB0EE489A4D4B3E
:102E7000002230463946A0EE289AFDF707FAFDF702
:102E80006BFE80B2FEF794FAF0EE487AE0EE287A14
:102E90002888BCEEC99AFCEEE77A17EE907AFEF726
:102EA00087FAF0EE487AE0EE287A002CA0B2B8BF9C
:102EB0004042FCEEE77AB8BF80B217EE909AFEF778
:102EC00077FAA0EE288A64233748B7FBF3F6FCEEC6
:102ED000C87A03FB1671354FCDF8288017EE90CADB
:102EE00030EA240028BF384619EE102ADAF80040EC
:102EF0000994B9FBF3F403FB1497B2FBF3F5CDE9A6
:102F00000747BCFBF3F403FB152203FB14C3CDE915
:102F10000310CDE90543CDE901260523244A009598
:102F2000802140A80BF0D2F8322382B240A9174882
:102F300008F0B4FF00238BF8003090E60C880E8078
:102F4000341B116823B2002B01FA84F4B8BF5B4232
:102F500014602A689BB29A4207DBD9F800309C4281
:102F6000BFF60BAFC9F8004007E72B60F5E7002676
:102F7000002762E74FF0000874E700BFAFF300805E
:102F800000000000000000001402010838040020C6
:102F9000B0020020AC020020A0020020900200201D
:102FA000880200200000E03FB4300108320101082F
:102FB0006C020108B2020020A8020020A402002036
:102FC000980200200268034B9A4201D105F046BDE9
:102FD000704700BF0020004007B572B6064C074896
:102FE0004FF4005106F02BFA00230193019BA342FA
:102FF000F5D8019B0133F8E71FA107000008024044
:1030000010B594B0102200210AA80BF0D1F81422B8
:10301000002103A80BF0CCF81F4B002101911A6C82
:1030200042F080521A641B6C03F080530193019BA1
:103030001A4B02911A6842F480421A601B6803F42A
:1030400080430293029B01214FF480330224CDE997
:1030500008134FF48003CDE90E43A822042308A8E7
:10306000CDE91032CDE9124307F0DAF808B1FFF7E5
:10307000B3FF0F23CDE9033405904FF4A0524FF472
:103080008053052103A8CDE9062307F0A5FA0028FF
:10309000EDD114B010BD00BF0038024000700040F8
:1030A00080B5BAB000246D4D05F0BEFCFFF7A8FF57
:1030B0001422002132A80BF07BF802942B6B684895
:1030C00043F004032B632B6B03F004030293029B76
:1030D00003942B6B43F080032B632B6B03F0800373
:1030E0000393039B04942B6B43F001032B632B6B23
:1030F00003F001030493049B05942B6B43F002033C
:103100002B632B6B03F00203224605934EF207015B
:10311000059B06F08FF9224652484FF4006106F0F5
:1031200089F922465048402106F084F901264EF2E2
:1031300007034B4832A9CDE93236CDE9344406F0D5
:103140009BF84848349632A9CDE9326406F094F8E9
:103150004FF40063434832A9CDE93236CDE9344417
:1031600006F08AF84023404832A9CDE93236CDE94D
:10317000344406F081F800942B6B43F400132B6366
:103180002B6B03F400130093009B01942B6B43F40F
:1031900080032B632B6B03F48003224605210193EC
:1031A0000C20019B05F048FE0C2005F077FE22461E
:1031B00005210E2005F040FE0E2005F06FFE224690
:1031C0000521102005F038FE102005F067FE22468C
:1031D0000521112005F030FE112005F05FFE22468A
:1031E00005212F2005F028FE2F2005F057FE22464E
:1031F0000521382005F020FE382005F04FFE22463C
:1032000005213A2005F018FE3A2005F047FE224637
:1032100005213B2005F010FE3B2005F03FFE10226B
:10322000214618A80AF0C4FF104A114B13604FF44E
:103230008033C2E9013482F820400E4BD462D4605E
:1032400010460224166116769362D46182F83060CB
:10325000566105F015FC78B1FFF7BEFE003802405C
:10326000000802400000024000040240180800204C
:10327000002001400100000F0523C8481A9318A937
:10328000CDE9186605F034FD0028E5D1C3480426D1
:1032900018A9CDE9186405F02BFD05460028DBD1FF
:1032A0000146102214A80AF083FF1C22294623A8F5
:1032B000CDE90A550AF07CFF2022294632A80AF0FF
:1032C00077FFB74CB74BA560C4E90035204640F600
:1032D0006A03C4E90335C4E905550AAF08F0A6F945
:1032E0000028B9D14FF4805314A92046149308F054
:1032F00077FB0028B0D1204608F0C4F90028ABD1F4
:10330000CDE90A003946204608F072FC0246002842
:10331000A2D17023CDE92330CDE92500CDE92700E6
:10332000299023A9204608F035FA002894D1324686
:1033300023A9204608F02EFA00288DD1082223A9BF
:10334000204608F027FA002886D100234FF40052C7
:1033500032A92046CDE93233CDE934333693379262
:10336000399308F083FC054600287FF475AF2046AA
:1033700005F018F9102229460CA80AF019FF8A4C0A
:103380001022294610A8CDE908550AF011FF4FF088
:103390008043C4E9003520464FF0FF33C4E90335CC
:1033A00008AEA560A56108F041F900287FF454AF8C
:1033B0004FF480530CA920460C9308F011FB002811
:1033C0007FF44AAF204608F089F900287FF444AF23
:1033D000CDE908003146204608F00AFC02460028E4
:1033E0007FF43AAF0123CDE911301090139010A96A
:1033F000204608F05FFA00287FF42EAF0223042253
:1034000010A92046CDE9103308F054FA03460028ED
:103410007FF422AF6548DFF8C8C1654A03624FF404
:103420008044C0E90233C0E90443C0E90633C0E97F
:1034300000C206F00DF8034600287FF40DAF5D488A
:103440005D4F03614FF46122C0E900720C22C0E9B4
:103450000233C0E90523C36108F0F2FC03460028EB
:103460007FF4FAAE5548564E564A0362C0E90062F0
:10347000C0E90233C0E90443C0E9063305F0E8FFC0
:1034800000287FF4E9AE5049504B0B604FF4827036
:10349000002301220224C1E90103C1E90442CB60F7
:1034A0004FF4007518220B624B628B6208460A23A8
:1034B000C1E90652CB6207F04FFA054600287FF4B7
:1034C000CBAE0146CDE906001C221CA80AF070FE16
:1034D000294620222AA80AF06BFE3D4C3D49A560F2
:1034E0005323C4E90013204640F2E733C4E903350F
:1034F000C4E9055506AE08F0C5F800287FF4ACAE67
:10350000CDE906003146204608F072FB024600284D
:103510007FF4A2AE6023CDE91C30CDE91E00CDE9D9
:10352000200022901CA9204608F034F900287FF4DE
:1035300093AECDE92A00CDE92C002E904FF4005334
:1035400031902AA920462F9308F090FB05460028C9
:103550007FF482AE204605F025F81F481F4A05611A
:103560004FF46123C0E900230C23C0E90255C0E9F0
:103570000535C56108F064FC044600287FF46CAE94
:10358000FEF700FAFEF75CF900283FF465AEFEF79F
:10359000D5FE00283FF460AE24E000BF18080020EC
:1035A0005005002000000140080500201007002001
:1035B000A086010038040020004800406407002075
:1035C00000540040801A06005806002000300140D8
:1035D000C0040020000401407C040020004400409E
:1035E0000058004000F01CF800F048F800283FF4B4
:1035F00033AE08F061FE074A0748214608F08FFE07
:10360000064B1860FDF70CFE00283FF425AE08F0CD
:1036100065FEFEE72C370108B12B0008B40200203C
:1036200008B500F0B3F90448044904F0E5FBBDE82F
:1036300008400348FEF74DBA9808002050370108AB
:103640006008002000F046B900F054B900F062B9FB
:1036500008B5044804F0C8FBBDE808400248FEF77E
:1036600038BA00BF980800206008002008B5FFF7AE
:10367000EFFFBDE8084000F081B9000070B52DED06
:10368000068B84B004F05AFC00284AD0284C294DFF
:103690002046B0EE000A04F0C1FB0123B6EE000A9A
:1036A0007B202B706B6200F035F9FFF7DFFF94EDA4
:1036B00007AAD4ED089A94ED099AD4ED0A8A94EDFC
:1036C0000B8A2E786C6A01A800F086F9B5EE40AA44
:1036D000F1EE10FABDF80420DDED027A9DF80C3011
:1036E00023D1F5EE409AF1EE10FA1ED1B5EE409AD4
:1036F000F1EE10FA19D1F5EE408AF1EE10FA14D17C
:10370000B5EE408AF1EE10FA0FD176B96CB962B914
:10371000F5EE407AF1EE10FA07D183F0010000F0E7
:10372000010004B0BDEC068B70BD0020F7E700BFC0
:1037300098080020600800201FB50446D8B10F4B40
:10374000DA6902601A6A42605A6A82609A6ADB6ABF
:1037500003610B4BC2601A785B6A8361027501A832
:1037600000F03AF9BDF80430A383029B23629DF870
:103770000C3084F8243004B010BD00BF980800203D
:103780006008002030B52DED028B054689B0B0EE03
:10379000408AC8B31D486B4603224FF40051FEF720
:1037A000A5F9044628BBDDE90201FEF711FADFEDB9
:1037B000187A9FED187A30EE480AB4EEE70AF1EE77
:1037C00010FA1BDCDFED147A9FED127AB4EEE70AF3
:1037D000F1EE10FA15D4114885ED000A04F01EFB35
:1037E000FDEEC07AB7EE000A17EE903A98B200F0FC
:1037F00091F8204609B0BDEC028B30BD30EE470A8F
:10380000DBE730EE070AE1E70124F2E76008002079
:10381000000034430000B443000034C39808002083
:1038200042F6AB23B0FBF3F202FB130080B2704709
:10383000062070470C20704708B5044804F074FB5C
:10384000FDEEC07A17EE900A08BD00BF9808002070
:1038500000487047F002010808B507EE900A9FED96
:10386000197AF8EEE77A2DED028B67EE877AB0EEE3
:10387000408A9FED150A87EE800A0BF015FAF6EEE6
:10388000007AE0EE277A67EE887AF5EEC07AF1EEFC
:1038900010FA14D4B7EE000AF4EEC07AF1EE10FA82
:1038A000D8BFB0EE670ADFED097A20EE270ABDEC3B
:1038B000028BBCEEC00A10EE103A98B208BD9FED24
:1038C000040AF0E7DB0FC94000AC2A4600A0064519
:1038D0000000000008B5012204484FF4006105F023
:1038E000A9FD034B01221A7208BD00BF000002406F
:1038F000C808002008B5002204484FF4006105F014
:1039000099FD034B00221A7208BD00BF000002405F
:10391000C808002070B542F6AB250446B0FBF5F0B0
:1039200005FB10402DED028B80B2B0EE408AFFF710
:1039300093FF104B1E6804F63963B0EE480A7063BB
:10394000B3FBF5F005FB1030FFF786FF04F5E353FA
:103950001233B063B0EE480AB3FBF5F005FB10304C
:10396000FFF77AFF044BF06383ED018ABDEC028B15
:103970001C8070BD50050020C80800209FED020A81
:103980000020FFF7C7BF00BF0000000008B5FFF729
:10399000B1FF012211460E4805F04CFD0C480022F3
:1039A000022105F047FD00220948042105F042FDEF
:1039B0000021084808F01AF90421064808F016F911
:1039C0000448082108F012F9BDE80840FFF7D6BF07
:1039D0000008024050050020034618B1024A07CAF9
:1039E00083E80700704700BFC8080020164B17483F
:1039F000D3F8101AD3F8142AD3F8183A814207D111
:103A000013498A4202D1134A93421BD000207047C7
:103A10001148814207D10E498A42F7D10D4A93429B
:103A2000F4D1012309E00D488142EFD10C498A42CB
:103A3000ECD10C4A9342E9D102230B481C2202FB31
:103A4000030070470023F8E70070FF1F27003C00C9
:103A500004473432353535382C0025003A004C0007
:103A60000B513430393336314038010809289ABFB8
:103A7000024B53F820000248704700BFC0370108CE
:103A8000040301080346B0B3D0ED007AF5EE407AA6
:103A9000F1EE10FA2FD1D0ED017AF5EE407AF1EE89
:103AA00010FA28D1D0ED027AF5EE407AF1EE10FA54
:103AB00021D1D0ED037AF5EE407AF1EE10FA1AD169
:103AC000D0ED047AF5EE407AF1EE10FA13D1027DD2
:103AD0008AB9806978B99A8B52B9D3ED087AF5EE34
:103AE000407AF1EE10FA06D193F8240080F001003C
:103AF00000F0010070470020FAE700000FB400B5A5
:103B0000ADF2747D0DF5EF6340F26C7153F8042B48
:103B1000009301A80AF03EFB021E0ADD40F26B731F
:103B20009A4228BF1A460648C82392B201A908F053
:103B3000B5F90DF2747D5DF804EB04B0704700BF79
:103B4000380400200FB400B5A3B024AB802153F893
:103B5000042B019302A80AF01DFB021E08DD802A37
:103B600028BF7F220548642392B202A908F096F983
:103B700023B05DF804EB04B0704700BF38040020A8
:103B800073B5034600250846012611460A22013571
:103B9000AB4202FB06F6FAD107EE906AB5EEC00A18
:103BA000F1EE10FAF8EEE76A4CBFB1EE407AB0EEF3
:103BB000407AF6EE007AE6EE877AB5EEC00AFDEEC0
:103BC000E77AF1EE10FA17EE904A94FBF6F306FB53
:103BD0001344CDE9005407D553EA040204D0034A44
:103BE0000AF074FA02B070BD014AF9E70C0301084B
:103BF0000D0301082DE9F04F8FB09B469DF8603012
:103C0000199C03920293824680B17CB14722002125
:103C1000601C0AF0CDFA0322227006AB40F21D713F
:103C20005046FDF763FF064628B16070032528461D
:103C30000FB0BDE8F08F06AF0FCF04F108050FC538
:103C400097E80F0085E80F000123A362DDE90878FB
:103C500004F010FFB1460190012008F0A6FB06AB6E
:103C6000032240F21D715046FDF740FF054630B17A
:103C7000032360702370D9E71F469046ECE70DF1EF
:103C8000180EBEE80F0004F1080CACE80F009EE827
:103C90000F008CE80F00A36A0133A362DDE908324C
:103CA000DF1B62EB0808B8F1000F02DA7F4268EB15
:103CB00048080399B3EB010C029962EB0B00C4E9CD
:103CC0000EC079B30028614602DA494260EB400039
:103CD00040F28F3C614570F1000034BF01210021AA
:103CE0000A2F78F1000821D209F10109E1B101366A
:103CF000E06A4845206B38BFC4F82C90B04200D22F
:103D00002663E06A84F84110072894BF0020012050
:103D1000082E84F840000DD1012384F8423000239E
:103D2000237084E70121DBE70E46E1E74FF000094D
:103D30004E46E6E7CDE9043204F09CFE019BC01A32
:103D40006328DDE9043297D9002384F8423094F8DF
:103D500040302BB194F8413013B90225257066E745
:103D60000125FBE72DE9F0412DED0A8B9FED3E9AF1
:103D70009FED3EBADFED3EBA9FED3ECA0D46F0EE36
:103D800040AA16461C4680460027B0EE498AB0EE8F
:103D900049AAAF4212DB002D267033DCDFED327A08
:103DA00084ED01AA84ED02AA84ED03AA0023BDECF0
:103DB0000A8BC4ED047A2375BDE8F08107EE907A92
:103DC000B8EEE77AF8EC018A27EE0B7A78EEEA8A09
:103DD000C7EE0B7A013767EEAB7AC7EE8C9A07EE27
:103DE000906AF8EEE77A69EEA79AB0EE690A0AF0EF
:103DF00023FFA0EE288AB0EE690A0AF055FFA0EE74
:103E0000289AC6E707EE905AF8EEE77AB0EE007A05
:103E1000C7EE278A28EE888A68EE898A84ED018AAF
:103E200028EEA80AC4ED028AA8EE080A0AF0E2FE0B
:103E3000F0EE480AB0EE409A84ED030AB0EE680A4C
:103E40000AF0D6FEDFED0B7A9FED097A20EE270A05
:103E5000C0EE077A9FED087AB4EEC79AF1EE10FA39
:103E6000ACBF01230023A2E7000000000000B44320
:103E7000DB0F494000003443CDCC4C3D036A10B504
:103E80000C681C1B1368234413604C68436A1C1B9A
:103E90005368234453608C68836A1C1B93682344D3
:103EA0009360CC68C36A1C1BD3682344D3600C693D
:103EB000036B49691C1B136923441361436B591A33
:103EC00053690B44536110BD06EE902A07EE103A79
:103ED000F8EEE66AB8EEC77ABAEE0E6AC6EE877AF0
:103EE000091AF1EE086AA7EEA66AF2EE046AE7EE96
:103EF000866A27EEA77A27EE277A07EE901A27EE32
:103F0000267A06EE900AF8EEE77AB8EEE60AA7EE11
:103F1000270A0AF003BF2DE9F047002986B00E46B4
:103F200090460F4602DA404261EB41070546EA46F9
:103F30000024E946284639460A220023FCF7DAFF26
:103F4000AC4630320AF8012BBCF10A0F3A4672F146
:103F500000022346054604F101040F4602D3172C44
:103F6000E8D11623002E09DA172C07D004F1180225
:103F70000DEB02042D2204F8182C9C1C09EB040202
:103F800008F1FF31012312F8010D01F8010F9C42E5
:103F900003D00133182BF6D11724002308F804307E
:103FA00006B0BDE8F0872DE9F04F002487B08946C0
:103FB00016461470A0F1080725464FF07C0AA34668
:103FC0004C4502D107B0BDE8F08FF7E902016A461F
:103FD000FFF7A1FF6846FCF7FBF8002C0CBF2B464F
:103FE0006B1C0344B3F5806FECD214B106F805A046
:103FF00001356846FCF7ECF88046024670194544E6
:1040000069460AF06FF9013406F805B0D8E70000F8
:10401000384B0022F0B583F8B020C3F8A820002860
:1040200061D0D0E90862D0E90A54D0E90C10C3E9A4
:10403000AF62D3F8EC72D3F8D4223A44D3F81877AD
:104040003A44D3F830773A44D3F848773A44B61A2A
:10405000C3F8A862D3F8DC22D3F8F4623244D3F870
:1040600020673244D3F838673244D3F8506732447B
:10407000C3E9B154AD1AC3F8AC52D3F8E022D3F877
:10408000F8522A44D3F824572A44D3F83C572A44F8
:10409000D3F854572A44A41AC3F8B042D3F8E42200
:1040A000D3F8FC422244D3F828472244D3F84047AF
:1040B0002244D3F858472244C3E9B310891AC3F8FD
:1040C000B412D3F8E822D3F800130A44D3F82C171B
:1040D0000A44D3F844170A44D3F85C170A44801AF8
:1040E000C3F8B802F0BD014604460546024606463E
:1040F0009DE700BFE81000202DE9F043002900F003
:10410000AB805B4BD3F89443002C00F0A5800125D5
:1041100083F82953D3F83053D1F858C0D3F840630B
:10412000D1F85CE0D1F86080D1F86490CF6E0135B1
:10413000C3F83053D3F83C536544C3F83C534D6D3A
:104140002E44C3F84063D3F844637644C3F8446311
:10415000D3F848634644C3F84863D3F84C634E44ED
:10416000C3F84C63D3F854633E44C3F854630F6FF1
:10417000D3F858633E44C3F858634F6FD3F85C6379
:10418000B74288BFC3F85C73D3F860638F6EB742E1
:1041900088BFC3F8607304EB800707F580578E6F04
:1041A000C7F84067D1F88060C7F8106DBCF1FF0F09
:1041B00004EB000642F2C85728BF4FF0FF0C06F888
:1041C00007C0FF2D42F23C7728BFFF25F555BEF111
:1041D000FF0F42F6B00528BF4FF0FF0E06F805E0CE
:1041E000B8F1FF0F42F6242528BF4FF0FF0806F86C
:1041F0000580B9F1FF0F42F6983528BF4FF0FF094F
:1042000006F8059042F60C5572554ABB0D783DB341
:10421000D1E90C6704EBC004C4E9006708B9C3E93D
:10422000DA67D3F834230132C3F834238B789BB197
:10423000A0B1B0F5B47F0FD10E4B01221A70D1F8A6
:1042400084205A60D1F888209A60D1F88C20DA60F6
:10425000D1E90E01C3E90401BDE8F083064BECE7A8
:10426000D3F8501383F82C230131C3F85013F3E72C
:10427000E810002098140020801400200E4A30B569
:104280000121151F814200DB30BDD2ED007A4B1EAB
:10429000144634ED017AF4EEC77AF1EE10FA03D544
:1042A000013B84ED017AF4D205EB8303C3ED017A7F
:1042B00001310432E6E700BF1C0B0020084B00224E
:1042C000C0B293F8C810814206D001320C2A03F123
:1042D0001803F6D10020704703F1C800704700BFF3
:1042E000E81000202DE9F04788462DED0A8B0446A2
:1042F000F0EE409A002852D0DFF8C090DFED2B8A14
:10430000DFED2BAA9FED2BBADFED2BBA0027561855
:1043100007EE907AB8EEE77AC24627EE2A7AB0EE38
:10432000699AC7EE2A7A67EE8B7A87EEABCA1AF8DB
:10433000010BFFF7C3FF0546D0B1037808EE103A32
:10434000B8EE488A28EE0C8AB0EE480A0AF074FCEF
:10435000B0EE40AAB0EE480A0AF0A6FCD5ED027A0B
:1043600095ED017A60EE277AE7EE0A7A39EE279A20
:104370005645DCD1F9EC017A013777EEC97ABC42B7
:10438000E7EEA78AC4D107EE904AB8EEE70A88EEB6
:10439000800ABDEC0A8BBDE8F0470AF02BBCBDECEF
:1043A0000A8B9FED020ABDE8F08700BF0000000005
:1043B0000000B443DB0F494000003443101F0020CD
:1043C0002DE9F04715462DED0C8B0E4614220021E9
:1043D0001F460446F0EE40BAF0EE60AA09F0E8FE8F
:1043E00007EB0508A94619F801AB5046FFF766FF31
:1043F00030B94E4B2361BDEC0C8B2046BDE8F087F5
:10440000B6EB4A0F01D84A4BF4E7C145EBD13A4627
:104410002946B0EE6B0A3046FFF764FF9FED45BAC0
:104420009FED458ADFED45CA9FED45DAF0EE409AF3
:10443000002707EE907AB8EEE7AAA9462AEE2CAA42
:10444000F0EE6B8A2AEE0DAA19F8010BFFF736FF82
:104450000646D0B1037809EE103AB8EE499A29EE33
:104460000A9AB0EE490A0AF0E7FBB0EE40CAB0EE95
:10447000490A0AF019FCD6ED027A96ED017A60EE4F
:10448000277AE7EE0C7A78EEA78AC845DCD1F4EEFD
:10449000C88AF1EE10FAB4EEE8BAC8BFB0EE688A86
:1044A0000137F1EE10FAC8BFB0EE68BAB7F5805F19
:1044B000BFD1DFED247AF4EEE7AAF1EE10FA38EE80
:1044C0004B8A2FDD89EEAA7AF7EE007AE7EE477A7B
:1044D0009FED1D7AF0EEE76AF4EE476AF1EE10FA0E
:1044E00006D89FED1A7AF4EEC77AF1EE10FA05D5E8
:1044F000174BC4ED009A84ED018A7BE79FED157A96
:10450000B4EEE77AF1EE10FAC8BFF0EE477A012375
:1045100023730123C4ED009A84ED018AC4ED027A6D
:10452000637368E7DFED0B7A0023F1E717030108F7
:104530002A030108286B6E4E286B6ECEDB0FC94034
:1045400000008039BD378635FFFF7F7F6F1283BA49
:104550003E03010800000000B5EEC00AF1EE10FABB
:10456000DFED126A4CBFB1EE407AB0EE407AF6EE63
:10457000007AE7EE267A07B5FDEEE77A642117EEBA
:10458000902AB5EEC00A92FBF1F3F1EE10FA01FBAE
:104590001322009208D553EA020105D0044A1021E3
:1045A00009F094FD03B000BD024AF8E70000C842DC
:1045B00051030108520301082DE9F04F91B01F4645
:1045C0009DF86C3007930B684B4C02939342CCBF21
:1045D0004FF0FF330123059306900491934607F0B3
:1045E00097FED4F87C32DDF868904FF00008013374
:1045F0000546C4F87C32CDF804800126CDF80C8045
:104600000298282332465946FFF75EFCDDF80CA0DD
:10461000049BB7EE000A186080B2FFF717F808ABEA
:104620000698032240F21D71FDF760FAD4F880323B
:104630000133C4F8803298B107B13E6011B0BDE8D3
:10464000F08F401B002847DDD4F884320133C4F8D2
:104650008432D4F88832984288BFC4F888023BE09C
:10466000BAF1000F1FD00A9B01990B9AB3EB080314
:1046700062EB01020599012911D113F1090F72F1C1
:10468000FF3210DA5B42D4F88C220132C4F88C225B
:10469000D4F890229A4238BFC4F8903203E00A2B33
:1046A00072F10002EFDADDE90A8301931A9B3BB154
:1046B000079BB34222BF019BC9F80080C9F80430B0
:1046C0000136292E12D007F023FE01352B1A002BBC
:1046D000B7DD284607F075FE4FF0010A282E09F1D4
:1046E0000809CDF80CA08BD1584691E7002FA5D032
:1046F00028233B60A2E700BFE81000202DE9F04F1F
:10470000AFB01F90FFF772F90546002800F08680D1
:10471000D0F80CA00125FFF769F9044600B1103468
:1047200021A8FCF7A5FF00287BD19DF88460002E0E
:1047300078D0214621A8FDF743F8012607463846E0
:10474000FDF772F8032F9CBF3B4B33F917803B4BAF
:10475000D3F8102A1B9288BF4FF4FF78D3F8142A9D
:10476000D3F8183A1D93002CB8FA88F714BF012328
:10477000002381464FEA57171C921E9354D023887A
:10478000A178E07894F804C094F805E01A93A3792E
:10479000A468BDF8AEB0CDF85CB09DF88CB0CDF893
:1047A00058B09DF88BB0CDF854B09DF88AB0CDF8D4
:1047B00050B0CDE90EE39DF889B01A9BCDF84CB00E
:1047C0009DF888B0CDF848B0CDE90993BDF886B022
:1047D0001E9B2C9A1892CDE90C0C0B91CDE9104B35
:1047E000CDE90773CDE90567CDE903A51D9B0293CC
:1047F0001C9B01931B9B0093114A124B1F9912485B
:10480000FFF77CF9B8F1000F04D010484A46414642
:10481000FFF798F938462FB0BDE8F08FDFF830A0E9
:1048200079E7002601278AE72346A646A4462046C4
:1048300021461A94ADE700BF6C3701080070FF1FD6
:104840007D030108680301088A030108DD050108EA
:104850005C0301082DE9F04F2DED028BC24CC34AD9
:10486000217BC34BADF6EC7D002908BF1A464A9266
:10487000FFF7BCF8002801F06181C36849934FF04D
:10488000010B94ED2E0A64A8FFF766FE94ED040A6E
:104890001422F4A90520FFF773F994ED050A1422F8
:1048A000F9A90520FFF76CF994ED060A18220DF519
:1048B000AC610320FFF764F994ED070A14220DF5AB
:1048C00084610520FFF75CF994ED080A14220DF2CB
:1048D00034410520FFF754F994ED0E0A1422FEA985
:1048E0000520FFF74DF994ED0F0A14220DF20C414B
:1048F0000520FFF745F994ED100A18220DF5AF6178
:104900000320FFF73DF994ED110A14220DF589619A
:104910000520FFF735F994ED120A14220DF25C41DF
:104920000520FFF72DF994ED0C0A14220DF58E6188
:104930000320FFF725F994ED160A14220DF28441A5
:104940000320FFF71DF994ED1B0A14220DF5936166
:104950000520FFF715F914220DF2AC4194ED1C0A65
:104960000520FFF70DF9834B94F8EC16824A0029D5
:1049700018BF1A4694F88F304E92002B01F0E38056
:104980007E4968A809F0A6FC7C496CA809F0A2FC45
:104990007A4962A809F09EFC94F8A430002B01F03B
:1049A000E980D4F8A030764A102170A809F08EFB77
:1049B00094F88C30002B41F0E38094F88E30714DE8
:1049C000002B01F0E1806B4E6F4B94F8A402D3F8FA
:1049D000102A4C92D3F8142AD3F8183A4F93B4F80B
:1049E00030325093B4F832325193B4F83432529397
:1049F00063685393A368549394F82833559394F8B9
:104A0000C8334D925693D4E92A23579394F8B03083
:104A1000589394F878325993FFF728F8D4F8A832CD
:104A20005B93D4F8AC325C93D4F8B0325D93D4F895
:104A3000B4325E93D4F8B8325F93D4F80433609301
:104A4000002AD4F80833B4F8B2705A90619341F355
:104A50009E80D4F80C13D4F81003A1EB020EDEF103
:104A6000000343EB0E034B93D4F81433474CA0EBF5
:104A70000208D8F10000A3EB020940EB0800B4F8EB
:104A8000F8C3D9F1000343EB0903374C94F80D80C8
:104A900094F80E9094F86040032C96BFDFF80CE178
:104AA000DFF8FCE05EF824E070AC469462AC45941C
:104AB0006CAC449468AC43942B4CD4F89C10429159
:104AC00094F88FA0CDF804A1DFF8E4A0CDE93F6A07
:104AD00094F88D60CDE93D562D4D3C95D4F8885025
:104AE0003B95D4F884503A95D4F880503995E56FC9
:104AF0003895A56E3795656ECDE935E5CDE93389F5
:104B0000CDE92D034B9B2C93619B2B9340F28E3070
:104B10000923CDE929301F4B2893609B27931E4B17
:104B200026935F9B25935E9B24935D9B23935C9BC5
:104B300022935B9B194D21935A9B2093599B1F9362
:104B4000CDE931C5589B1E9364ADCDE92F75579BB8
:104B5000134D1448CDE91C23084A1992124A1892A1
:104B60004E9A179226E000BFE810002012060108B6
:104B700013060108AA360108933601082306010826
:104B800038060108260601080070FF1FE8200020F3
:104B90009F0C0108D00C0108E80C0108B60C0108B4
:104BA000040301083F06010857000108B037010857
:104BB0008E0C0108B84A1692B84A1592569A149269
:104BC000B74A1392559A1292B64A1192B64A109267
:104BD000B64A0F924A9A0E92549A0D92539A0C9298
:104BE000529A0B9206220A92519A0992509A0023E5
:104BF0004FF4B476CDE91A36CDE90732AC4B0693C3
:104C0000499B03934F9B02934D9B01934C9BA94A55
:104C10000093CDE904B5A84B0521FEF76FFFB72738
:104C2000B623CDE90237A54B01960093D4E90123C1
:104C30000521A348FEF762FFD4E90167FEF708FEED
:104C4000D4F890320F93D4F88C320E93D4F8883283
:104C50000D93D4F884320C93D4F880320B93D4F8AB
:104C60007C320A93D4F89C320993D4F89832089392
:104C7000D4F8943207934FF0280C0123CDE9053C7A
:104C8000904B03934A9B0490CDE90153499B8E4876
:104C9000009332463B460521FEF730FFD4E901235D
:104CA00094F860B04B93BBF1030F236D98BF874D11
:104CB0004C93A36F94F834C0A17B94F82400A66AA7
:104CC00094F84CE094F80D80A78D94F85CA0B4F8AB
:104CD000549098BF55F82B5020930DF2AC4B636F56
:104CE000CDF878B00DF5936BCDF874B01F93A36E2B
:104CF0001C93636ECDF864A0CDE91A534C9BDFF88A
:104D0000F0A10DF28445CDE917950DF25C45CDE992
:104D100015E3CDE90B0614950DF234400DF58965C8
:104D200013950A900DF5AF650DF584601295099005
:104D30000DF20C450DF5AC6011950890FEADF9A88B
:104D4000CDE90FC54A9B07900DF58E65F4A8CDE916
:104D50000510CDE90D755E495E4D0293499B5E4895
:104D600003910195009305214B9BCDF81080FEF730
:104D7000C5FE44F6206340F21D72CDE909320221DE
:104D80006023CDE9073140230693544B0593544BE0
:104D90000493544B0393424B5348CDE90153499B31
:104DA0000093D4E901230521FEF7A8FEAAF2CE5311
:104DB0004D934E4B4B93AAF2CE56B4234FF0000BBB
:104DC0004C935D46A6F62864D4F8A8309D42C0F204
:104DD0000D870DF5B262D4E9C801FFF79CF8D4E95C
:104DE000C801FCF7F5FE0DF5986105201422FEF7C9
:104DF000C7FE63684B93A3684C93D4F804334F9376
:104E0000D4F8BC325093D4F8C0325193D4F8C432A1
:104E10005293D4F8C8325393D4F8CC325493D4F884
:104E2000D0325593D4F8D4325693D4F8D83257931D
:104E3000D4F8DC325893D4F8E0325993D4F8E43201
:104E40005A93D4F8E8325B93D4F8EC325C93D4F8FC
:104E5000F0325D93D4F8A830002BD4E9BD67D4E9D3
:104E6000BFCED4E9C281D4E9C405D4E9C69A41F3DE
:104E70000980A1EB030BDBF1000444EB0B04A0EB76
:104E8000030BDBF1000242EB0B02A5EB030BDBF1A2
:104E9000000343EB0B032DE0F90C01081F0D010883
:104EA0002F0D0108400D01084C0D01086A0D010885
:104EB000860D01087D03010868030108350E01080D
:104EC0008C0D0108F40F0108520E0108B0370108DB
:104ED000B60C0108040301080E1001085D14010856
:104EE000671401087D1401081D1301084F360020C6
:104EF000DE2400200DF5986BCDF888B00DF5B26B6F
:104F0000CDE9203B5D9B13935C9B12935B9B1193BC
:104F10005A9B1093599B0F93589B0E93579B0D933D
:104F2000569B0C93559BCDE91E42CDE91A05CDE960
:104F30001881CDE91467CDE91C9ACDE916CE0B9303
:104F4000549B0A93539B0993529B0893519B07933D
:104F5000509B06934F9B0593C74B0493C74B0393FA
:104F60004A9B0293C64B0193499B0093C548C64E8A
:104F7000DDE94B230521FEF7C1FD00250DF5CD69C7
:104F80002F4634460DF5E56896ED350A1022494660
:104F90000420FEF7F5FD96ED360A102208EB071106
:104FA0000420FEF7EDFD96F8DC3013B10123BB4081
:104FB0001D4301370C2F06F1180609F11009E3D142
:104FC00094ED7D0A102274A90420FEF7D9FD94ED1A
:104FD0007E0A102278A90420FEF7D2FD94ED830A00
:104FE00010227CA90420FEF7CBFD94ED840A102248
:104FF00080A90420FEF7C4FD94ED890A102284A93B
:105000000420FEF7BDFD94ED8A0A102288A9042031
:10501000FEF7B6FD94F8143294F8FC2194ED300AB2
:105020005B0343EA02332B4310228CA904204B93E9
:10503000FEF7A6FD94ED310A102290A90420FEF798
:105040009FFD94ED900A102294A90420FEF798FD8C
:1050500094ED910A102298A90420FEF791FD94ED99
:10506000920A10229CA90420FEF78AFD94ED930A6F
:105070001022A0A90420FEF783FD94ED940A1022CB
:10508000A4A90420FEF77CFD94ED960A1022A8A99D
:105090000420FEF775FD94ED970A1022ACA90420B8
:1050A000FEF76EFD0DF5347894ED980A1022B0A944
:1050B0000420FEF765FD0DF53879414694ED9A0A16
:1050C00010220420FEF75CFD0DF53C7A494694ED74
:1050D0009B0A10220420FEF753FD0DF5407B51463C
:1050E00094ED9C0A10220420FEF74AFDC4AD94ED15
:1050F0009D0A102259460420FEF742FDC8AE2946FB
:1051000094ED8E0A10220420FEF73AFD314694ED0C
:105110008F0A10220420FEF733FD5C4BCCAF93EDD9
:10512000000A394610220420FEF72AFD574B93ED62
:10513000000AF6EE007A20EE270AD0A910220420F9
:10514000FEF71EFDD4F8A032CDF8F4A0CDE93EB3B1
:1051500094F87832CDF8E880CDE93B93D0A9B0AB94
:10516000CDE938713793ACAB3693A8AB359394F84F
:1051700064323493A4AB3393A0AB32939CAB3193A2
:1051800098AB309394AB2F9394F854322C95CDE98F
:105190002D6394F837322B934B9B2A9394F8363235
:1051A000299388AB289384AB2793B4F834322693A1
:1051B00006232593B4F832322493B4F83032239383
:1051C00080AB22937CAB219378AB209374AB1F937D
:1051D0000DF5FB631E930DF5F9631D930DF5F76354
:1051E0001C930DF5F5631B930DF5F3631A930DF501
:1051F000F16319930DF5EF6318930DF5ED631793B4
:105200000DF5EB6316930DF5E96315930DF5E76363
:1052100014930DF5E56313930DF5E36312930DF508
:10522000E16311930DF5DF6310930DF5DD630F93CB
:105230000DF5DB630E930DF5D9630D930DF5D76373
:105240000C930DF5D5630B930DF5D3630A930DF510
:10525000D16309930DF5CF6308930DF5CD630793E3
:1052600090AB06938CAB0593D4F8AC300493D4F890
:10527000A83003930CE000BFE80C0108D00C010833
:10528000040301083B160108E8100020FC1E002062
:105290004A9B0293DFF83C83499BCDF8048000933E
:1052A000D4E90123C14805210DF2D445FEF726FCBF
:1052B0000DF59D6694EDDE0A142229460520FEF7C1
:1052C0005FFC0DF2FC4794EDDF0A14223146052005
:1052D000FEF756FC0DF5A26994EDE00A142239465A
:1052E0000520FEF74DFC0DF2245A94EDE10A14223C
:1052F00049460520FEF744FC94EDE20A142251468B
:105300000520FEF73DFC94EDE30A14220DF5A7619C
:105310000520FEF735FC94EDE40A14220DF24C5101
:105320000520FEF72DFCD4F83433002B40F3AF8575
:10533000D4E9DA010DF5B562FEF7EDFD0DF5BB62BE
:1053400000200021FEF7E7FD994C94F82A33002B4A
:1053500000F0A985D4E9DC010DF5B862FEF7DBFDAC
:105360004E9B1E93934B1D93D4F864331C93D4F837
:1053700060331B93D4F85C331A93D4F858331993E1
:10538000D4F854331893D4F850331793D4F84C33DB
:105390001693D4F848331593D4F844331493D4F8BF
:1053A00040331393D4F83C331293D4F8343311932D
:1053B000D4F8303310930DF24C530F930DF5A763CF
:1053C0000E9394F82B337C48CDE90CA30DF5B8630C
:1053D0000B930DF5BB630A930DF5B563CDE9089307
:1053E000CDE906670595D4F83833049394F82A3349
:1053F0000393724BCDE90183499B0093D4E90123C8
:105400000521FEF77BFBD4F89433002B40F0688530
:105410006B4D6C4E05F54078A5F576792B78002B11
:1054200000F0A5806B78002B00F0C785D5E9180146
:105430000DF5C762FEF76FFDD5E906010DF5CA62ED
:10544000FEF769FDD5E908010DF5FD62FEF763FD84
:105450000DF6E832D5E90A01FEF75DFDD5E9060152
:10546000FBF79CF8584B0022FBF7C6F8574B00227D
:10547000FBF7C2F8FBF790FB142200EE100A0DF5C3
:10548000BE610520FEF77CFBD5E90801FCF7A0FB17
:1054900014220DF5C1610520FEF772FBD5E90A0162
:1054A000FCF796FB14220DF5C4610520FEF768FB9E
:1054B000D9E901234B93336855932B694C936B685F
:1054C0004E93AB684F93EB685093D5F88830519367
:1054D000D5E923735293D5F89430A8785393D5F82F
:1054E00098305493FEF7C2FA6B78D5F88410D5E95A
:1054F00027ABCDE91903549B1291CDE917B3539B08
:105500001593529BCDF858A0CDE91373519B11937D
:105510000DF5C46310930DF6E8330F930DF5C163D9
:105520000E930DF5FD630D930DF5BE630C930DF514
:10553000CA630B930DF5C7630A93509B09934F9B66
:1055400008934E9B07934C9B06934FF4B4730593BB
:10555000559B04931E4B03934A9B02931D4B01934F
:10556000499B00931C484B9B0521FEF7C7FAC035A9
:10557000A84506F104067FF451AF0D4D95F8C863B8
:1055800095F8CA73D5F8D42395F8CC03002E00F013
:105590003985002F00F03985042A40F036850F49FF
:1055A0000F4B002818BF19461CE000BF8A190108DC
:1055B000E8100020F90C01089D1E01082F0D0108BC
:1055C000C0140020E8370108008076400000F03D5C
:1055D0001F0D0108040301082A22010838360108BA
:1055E00036360108FEF742FAD4E90189D4F8D0A38F
:1055F000CDE90B0194F8CB33CDF820A0CDE90923F8
:105600000423CDE9067394F8C933CF4FCF48CDE9D1
:105610000463CF4B03934A9BCE4E0293499B019662
:1056200042460093B8464B460521FEF767FAF8E874
:1056300004010DF5BE62FEF76EFC58E902010DF59E
:10564000C162FEF768FCD8E900010DF5C462FEF7FF
:1056500062FCD7E906010DF5C762FEF75CFCD7E9ED
:1056600008010DF5CA62FEF756FCD7E9C8010DF531
:10567000FD62FEF750FCD7E9CE010DF6E832FEF7E9
:105680004AFC94F8D83603F1FF38D8F1000C4CEB03
:10569000080C052B9CBFB04A52F8233095F8082A15
:1056A00088BF3346042A96BFAC49AA4851F8220065
:1056B000D5F80C2A4B9295F8202A042A96BFA749C0
:1056C000A44E51F82260D5F8242A4C9295F8D92698
:1056D000D4E901BA002A00F09B8495F8DC26032A5D
:1056E00000F299849E4951F8222095F8DA16002993
:1056F00000F0948495F8DD16032900F29284984C0A
:1057000054F8211095F8DB46002C00F08D8495F8B4
:10571000DE46032C00F28B84914D55F824500DF594
:10572000CA6420940DF5C7641F940DF5C4641E94DB
:105730000DF5C1688B4CCDF874800DF5BE69CDF8C0
:10574000709094F8ECE6CDF86CE094F8EBE6CDF8C8
:1057500068E094F8EAE6CDF864E094F8E8E6CDF87D
:1057600060E094F8E9E6CDF85CE0D4F8E4761697CA
:10577000D4F8E076CDE91221282211924C9ACDE995
:105780000E624B9A734ECDE90B02774A7748CDE90A
:1057900014570DF5FD670DF6E8354FF0010E0D9726
:1057A0001095CDE909220822CDE9072EB622CDE9D0
:1057B00005326F4B03934A9B0293499BCDF810C06F
:1057C0005A460093052153460196FEF797F93A464B
:1057D00094F8781704F5F060FEF7E5FB94F8C0182C
:1057E0002A4604F6C800FEF7DEFB039794F87837E4
:1057F0006048CDE90163499B0093D4E90123052169
:10580000FEF77CF9039594F8C0385B48CDE9016355
:10581000499B0093D4E901230521FEF76FF904F6B3
:10582000372B04F5246A00271BF8011F013789B1C3
:105830002A465046FEF7B7FB04959BF800300196C8
:10584000CDE90273499B0093D4E901234B4805211C
:10585000FEF754F9032F0AF5A07AE5D1D4E9012324
:1058600094F82C034B93D4E9CCB7FEF7FFF84449E6
:1058700094F82AE3434B94F829A3BEF1000F18BF14
:105880001946499B0093CDE90501CDE903B7CDE960
:10589000016A4B9B3C480521FEF730F9277B002F1E
:1058A00040F00F8194F8B030002B00F0F08394F8B2
:1058B0008D30002B00F00581D4AEB4F8B41033481D
:1058C000D4F800A09FED328AFEF73CF994ED2E0A41
:1058D0003046FEF741FE31462E48FEF733F900967A
:1058E0003346D4F8BC20B4F8B2102B48FEF72AF99E
:1058F0000AF10106D4F8A8309F42C0F29B83274FDB
:105900000093D4F8003E264832466421FEF71AF987
:10591000B7EC010A0DF55C7AD8A8FEF71DFE97EDED
:10592000000A5046FEF718FECDF804A0B4F80E3E6B
:105930000093B4F80C2E1B48D8AB3146FEF702F9A1
:105940000120FEF7BBFC2FE0D81700204B240108F4
:105950001F0D010804030108883701087437010886
:10596000A0370108E810002057000108552501085C
:10597000F90C0108D228010853290108D42901088B
:1059800036360108383601085C2A0108FF2A01086A
:105990000000B443122B0108322B0108EC1E00203A
:1059A000952B0108C42B010882460620FEF786FCD1
:1059B0000746BAF1000F00F05E839AED030AE0A8F3
:1059C000FEF7CAFDBAF1000F00F058839AED040A01
:1059D000E4A8FEF7C1FD7148E4ABE0AA3146FEF74A
:1059E000B1F8002F00F04D8397ED030AE8A8FEF709
:1059F000B3FD002F00F0488397ED040A684FECA830
:105A0000FEF7AAFDECABE8AA31466648FEF79AF825
:105A100094ED8E0AF0A8FEF79FFDF0AB94F83722C4
:105A200061483146FEF78EF897ED000A4846FEF7CA
:105A300093FD4A4631465D48FEF784F897ED020A29
:105A40004046FEF789FD0DF5C76997ED030A0DF590
:105A5000C460FEF781FD97ED040A4846FEF77CFD21
:105A60000DF5C463424631465148CDF80090FEF72B
:105A700069F897ED010A0DF5CA60FEF76DFD0DF5A9
:105A8000CA6231464B48FEF75DF817ED010A0DF585
:105A9000FD60FEF761FD48480DF5FD623146FEF7F9
:105AA00051F80DF5FD6231464448FEF74BF82846A3
:105AB0009FED430AFEF750FD42482A463146FEF765
:105AC00041F8D4E92A59002DD4E9012894F878A2A4
:105AD00040F3F182D4F80C63D4F81013D4F81473A3
:105AE000731B5E42A1EB0500A7EB050C5E41414232
:105AF0004141DCF1000747EB0C0794F8A402FDF7E5
:105B0000B5FF94F8B0C0304B304CBCF1000F18BF5B
:105B10001C464A9B0093CDE90704CDE90517CDE962
:105B200003A6CDE901592A4843460521FDF7E6FFC2
:105B30000DF6EC7DBDEC028BBDE8F08F254B499353
:105B40008346FEF79EBED4F89030234A102168A801
:105B500008F0BCFAD4F894301F4A10216CA808F061
:105B6000B5FA94F898301D4A082162A808F0AEFAF8
:105B7000FEF712BF1A4970A808F0ACFBFEF718BF79
:105B8000184D174EFEF720BF174EFEF71DBF00231E
:105B9000BC4618464B93FEF778BF00BF062C0108A1
:105BA000FC1E0020562C0108BE2C0108F32C010815
:105BB000382D01086C2D0108902D0108862D010853
:105BC00000000000B02D0108383601083636010803
:105BD0001B2E01085C030108380601083C06010879
:105BE0002306010816060108933601083AF8020F49
:105BF0000DF5CA67FBF7DCFB0DF5CD6814223946BD
:105C00000520FDF7BDFFB6EC010A14224146052030
:105C1000FDF7B6FFCDE90678BAF800300593B4F881
:105C2000B220D6F8B438A34813449BB2CDE903534D
:105C30004A9B0293A04B0193499B0093D4E9012313
:105C40000521FDF77FFF4B9B9C4801334B9393F855
:105C5000743105934B9B1B780493BAF8883E0393E9
:105C6000D6F8843ECDE901534A9B0093D4E9012341
:105C70000521FDF767FFD4F89433002B52D0D4F8F8
:105C8000082395424EDA591942F6F4728F5C05F5F5
:105C9000BA7203EBC203D3E900890DF6E83240463D
:105CA0004946FEF738F940464946FBF791FF142272
:105CB0000DF5FD610520FDF763FFD4F894C343F2B1
:105CC00068100CEB0501D4E9012311F800E001F59F
:105CD0003A510978032996BF7948774850F821004E
:105CE00005F58B5110313CF811100B910DF5FD614C
:105CF0000A910DF6E8310991C7F380010891C7F3C5
:105D0000400107914A9902916B49019107F00107FF
:105D100049990091CDE90507CDE9035E6948052160
:105D2000FDF7ECFED4F89473002F63D0D4F834332D
:105D30009D425FDA002200230DF5C761C1E900230F
:105D4000237B4FF4B472002B40F095804C980023D5
:105D50005946FBF7CFF8EB004F93C317CDE900038B
:105D60000DF5C768CDF8088007EBC501D7E900231A
:105D7000D1E90001FCF710F800283BD0524FD7F8CA
:105D80009433EA0013440DF5FD69D3E900014A4656
:105D9000FEF7C1F80DF6E832D8E90001FEF7BBF8CE
:105DA000D8E90001FAF7FAFB484B0022FAF724FC85
:105DB000474B0022FAF720FCFAF7EEFE142200EE21
:105DC000100A0DF5E5610520FDF7DAFE0DF5E56336
:105DD00006930DF6E833CDE904934A9B0293364BC4
:105DE0000193499B03950093D7E901233948052185
:105DF000FDF7A8FED4F89413002932D0D4F830333C
:105E00009D422EDA01EB850303F580532944D3F834
:105E10004087D3F8109D42F60C53D4E90127C85CA3
:105E2000FDF724FE42F698330990CB5C089342F6C6
:105E300024232948CB5C079342F6B003CB5C06933E
:105E400042F23C73CB5C059342F2C853CB5CCDE984
:105E500003934A9B0093CDE901583B460521FDF78A
:105E600071FE4C9B13F5803305F101054C934BF10A
:105E7000000BFEF7A9BF4C9800235946FBF73AF8F0
:105E8000404268E7002214461346FFF733B813492F
:105E90000DF5B56008F01EFA10490DF5BB6008F06D
:105EA00019FAFFF751BA0D490DF5B86008F012FA6A
:105EB000FFF756BA9314010804030108BD14010842
:105EC000A0370108E5140108E810002000807640A2
:105ED0000000F03DD515010803160108230601084E
:105EE0004FF4B4720023CDF83C26754FCDF8383608
:105EF0000DF5C7624B929A464B9BD7F8342353F863
:105F0000046B4B93964246DA6E4A02F11805002E56
:105F100008BF1546D7F8942302EBC60152F8363075
:105F2000D1F804B04C930DF5CA6218465946FDF7F6
:105F3000F2FF2A780DF6E839002A34D0D5E90401B9
:105F40000DF5FD62FDF7E7FFD5E904014C9BC01A92
:105F50004A4661EB0B01FDF7DEFF0DF5FD620A928B
:105F60000DF5CA6309220993CDF82C900892EA68CE
:105F70000792AA6806926A6805922A784A9B524854
:105F8000CDE90183CDE90362499B0093D7E9012361
:105F90000521FDF7B3FD0AF10103022B4FF0010AC1
:105FA000AAD1FFF735BA49490DF5FD6008F092F91D
:105FB0004649484608F08EF9CFE744490DF5C760D9
:105FC00008F088F941490DF5CA6008F083F93F49A6
:105FD0000DF5FD6008F07EF93C490DF6E83008F05B
:105FE00079F93A490DF5BE6008F074F937490DF5B5
:105FF000C16008F06FF935490DF5C46008F06AF921
:10600000FFF756BA3249FFF7EDBA3249FFF7EABA5D
:106010002E4AFFF76ABB304AFFF767BB2B49FFF7F1
:1060200071BB2D49FFF76EBB284DFFF778BB2A4D9A
:10603000FFF775BBBAF1000F18DB07EE907AB8EEE8
:10604000E70A0DF5FD6020EE080A80EE080AFEF76B
:1060500083FA4D9B284693ED000AFEF77DFA1F4810
:106060002B460DF5FD623146FDF76CFD4D9B04336B
:1060700001374D933EE49FED1A0AA0E49FED180A04
:10608000A6E49FED170AB1E49FED150AB6E4D4F833
:10609000003ED4F8A86094F8A40294F87822F51A87
:1060A000FDF7E4FC21680346CDE900560D480131B7
:1060B000FDF748FD05E500210E460F461DE500BF32
:1060C000E81000208014002029210108230601087F
:1060D0002F0601083636010804030108702B010859
:1060E00000000000DA2D01082DE9F04F2DED0C8B9A
:1060F000ADF28C4DCDE92501139336482C92002347
:106100002293FDF71FFD344B139A3448344C002A78
:1061100008BF1846FEF7F2FA50B90A23237000238D
:106120000B930B980DF28C4DBDEC0C8BBDE8F08FF2
:106130002C4B1A68013216921A60FDF785FA70A886
:10614000FDF7FAFAFDF792FA7AA8FDF7F5FA7AA8C0
:10615000FDF798FC0B9028B90A2323482370FDF71C
:10616000F1FCDCE7FDF76EFA02F084FC1F4B1C909B
:106170001B7817935BB31E4B1B68C31A1C220021AC
:1061800052A81D9308F014F802F074FC0546FDF7C0
:1061900053FBDFED188A124B2890C8AF0226384611
:1061A000B0EE680AC7ED008A1E70FDF7EBFA0446F0
:1061B00020B302F05FFC0024FDF73EFB03230A93AB
:1061C000A3465D469FED0B8ADDF828B012E1179BD0
:1061D000D4E700BF162F0108062F0108EF2E010893
:1061E0004439002010090020282F0108D40800207D
:1061F000D808002000000000CDCC4C3DD7ED009A1F
:1062000019962F46DAAEC6ED008A3046B0EE680A1F
:10621000FDF7B8FA0A900028CBD196ED009A1FED51
:106220000A7AF0EEC97AF4EEC77AF1EE10FA40F18C
:106230002981013440F2F5139C4240F03B8102F089
:1062400019FC431B2993FDF7F7FAC44B2A9003224C
:106250001A7002F00FFCC24B0A9A1A60C14B8146B9
:10626000FEA81A60FDF768FABDF8144442F6AB26A2
:10627000B4FBF6F306FB1344A4B241F255539C421F
:1062800040F24481351BB723B635B5FBF3F528231F
:106290005D4306F03DF8DFF8CCA2DFF8C4B2074654
:1062A0004FF00108454580F03781B7EE000A002025
:1062B000FDF7CCF9C82006F078F802F0DBFBAA4C19
:1062C000AA4BA64FA0EB090542F65002002120463A
:1062D0001D6007F06DFFA64B002143F2E022184637
:1062E00007F066FFA34AC4F894524FF0010384F804
:1062F000283384F8C83384F8CB33169B6360136863
:10630000C4F8940301331360A360954B1B68C4F871
:106310009832944B1B68C4F89C32FDF78BFAA4F8B2
:106320003002FDF785FAA4F8320200EB400040008D
:1063300084ADA4F834022846FBF7CBFB002331934D
:1063400006233B70032260AB40F21D712846FBF729
:10635000CDFB4FF005098346002800F0248184F826
:10636000A402284684F8D896FDF752FE7E4D0124FB
:106370007AA86C73FDF786FB70AFA8730FCF05F199
:1063800010060FC60FCF0FC697E8030086E803007C
:106390007AAE0FCE05F138070FC70FCE0FC7299B76
:1063A000539396E80300199B5493289B5793CDED84
:1063B000559A2A9B589352AE87E803000FCE05F1F9
:1063C00060070FC78DED569A96E8070087E807002B
:1063D00095F8B0300B93BBF1000F7FF4F2AE002BB9
:1063E00001F0058205F5616595ED008A38EE288A91
:1063F00000250124FDF728F9584B08221A7002F0F5
:1064000039FB5D4B18605D4B01221A701C9BC01A52
:106410007CB3554B259ADA67269AC3F880202C9ACC
:10642000C3F884200A22C3F88820139A83F88C20AA
:1064300082F0010283F88D209DF8E02483F88E20FD
:106440009DF8E42483F88F204D4AC3F89020DDF8AE
:10645000E824C3F894209DF8EC2483F898201D9A32
:10646000C3F8A020179AC3F89C0083F8A420FEF775
:10647000F1F9BBF1010F41F0BE81384B41480A22CE
:106480001A706CE69DEDC87AB0EEC77A77EEC77ADF
:106490009FED3D7AF4EEC77AF1EE10FA09DD02F0D5
:1064A000E9FAFDF7C9F9DDF828B001230A935C4643
:1064B00087E60A9C02F0DEFAC31BB3F5FA7F80463A
:1064C0000FD396ED000AFEA8FEF746F8FDF7B4F9E3
:1064D0004FF4FA73009022462C48FEA9FDF732FBD8
:1064E0004746199B01331993A8EB050844F61F632F
:1064F000984507D902F0BEFA4FF0000BFDF79CF962
:106500000223D3E7022005F050FF7CE60CB92646B3
:10651000B8E60A9E2546B6E6B8F1010F0AD005F0A6
:10652000F7FE01373B1A002B32DD384605F049FFF4
:10653000454536D02B46424631462046FDF7C4FC41
:10654000B7EE000A80B2FDF781F8DBF800300133C6
:10655000CBF8003008F10108A4E600BF4439002060
:106560003C39002038390020E81000204039002054
:10657000000000100C090020D8080020D4080020DA
:10658000C0D40100A72F01080000B442692F010800
:10659000C01B0028C2BFDAF800300133CAF800304F
:1065A000C6E73046CCE74FF00103D5E9091284F87D
:1065B000D936D5E90B36286A4496CDE94223A4AEF4
:1065C0006B6B87F80090CDE940014593CDE900B6AB
:1065D000DDE962232846FDF70DFB04F5E362804602
:1065E00084F8DC0640A92846FDF748FCB8F1000F06
:1065F00011D0B8F1030F14BF0223052384F8D83655
:10660000FDF706FDB8F1030F7FF4B0AE96F801B0C8
:1066100084F8A4B2AAE633690D9373690F934FF01F
:1066200004033B70D5E90923EE6A296ACDF8C8B0A6
:10663000CDE948362B6B4A936B6B4B930DF1C80A2F
:10664000282304F5F066CDE9461201936FF0B502F8
:10665000534631A90096FDF7AFFF04F5E662804688
:1066600046A92846FDF70AFC329B0893C4F8E03699
:1066700084F87837B8F1000F07D084F8A48284F842
:10668000D896C346FDF7C4FC70E64FF0010384F8CA
:10669000DA36D5E909234E93EB6A4F932B6B50936F
:1066A0006B6B296A51930D9B87F80090CDE94C12D2
:1066B000B3F1B6024FF0010300930F9B0DF536784E
:1066C00063F10003CDF80480FDF794FAA6F16802A7
:1066D000824684F8DD064CA92846FDF7CFFBBAF1C7
:1066E000000F0FD0BAF1030F14BF0323052384F862
:1066F000D836FDF78DFCBAF1030F7FF437AE98F86A
:1067000001B085E7D8E904631093DDE90F120D9B12
:10671000CDF8CCB0F31A62EB0102C4F8F036B63310
:1067200042F1000104F5E06848E90231C4F8F426BA
:106730004FF00403D20F84F8EA263B70D5E9092311
:106740004893EB6A49932B6B4A936B6B296A4B9383
:1067500028230DF1CC0A019304F6C803CDE94612B3
:1067600000935A46534631A9FDF726FF04F5E96226
:106770000C9046A92846FDF781FB0C9BDDF8CCA0C8
:10678000C4F8E4A684F8C0A843B184F8A43284F81D
:10679000D896FDF73DFCDDF830B0E7E54FF001039A
:1067A00084F8DB36D5E9092387F80090EF6A296A77
:1067B000CDE93C372B6B3E936B6B3F9301230093EA
:1067C000109BCDE93A12C8AF16F1B60243F10003AF
:1067D0000197FDF70FFA04F53B72814684F8DE0657
:1067E0003AA92846FDF74AFB04F5EC623AA9FDF701
:1067F00045FBB9F1000F0FD0B9F1030F14BF04230B
:10680000052384F8D836FDF703FCB9F1030F7FF4B4
:10681000ADAD97F801B0FBE63B690E930DF54A7CF0
:106820007B691493BCE80F0060AD0FC59CE80F00B6
:1068300085E80F004822394692A807F053FD4FF033
:10684000010384F8D8360E9B109A9E1B149BC4F843
:10685000006763EB0200B6F1B60140F1FF32012E92
:1068600070F10003ACBF01230023BAF1280FC8F870
:106870000400C4F80817C4F80C2784F8E83640F080
:106880004D82089BA3F12804634263411A46B24D2E
:10689000D5F8241785F8E936D5F820370B43D5F815
:1068A00028170B43D5F82C170B43D5F838170B4393
:1068B000D5F83C170B43D5F840170B43D5F84417D0
:1068C0000B43D5F850170B43D5F854170B43D5F8A5
:1068D00058170B43D5F85C170B43D5F868170B43D3
:1068E000D5F86C170B43D5F870170B43D5F8741710
:1068F0000B43B3FA83F3012E4FEA531370F10008F0
:1069000085F8EB36C0F20D8212B195F8EA261A40EE
:1069100085F8EC26DDE90D230F99904CBDF8800138
:10692000A5F8B2009B1A149AC5F8103762EB010261
:106930006260FCF775FF1499A5F8B4000E98DFEDBE
:1069400088AADFED88BA9FED88DAFBF741F984AFBA
:106950000E9BC5F8BC300FCF68AE0FC697E80F008E
:1069600086E80F0095F828330F9340216023CDE986
:106970005B1385ED2E0A0223002544F620605D930B
:10698000B0EE40AA8DF864515A95FBF703F840F237
:106990001D735F9304F54C731B9304F5E3630D9330
:1069A00004F6E6432493714B119304F6E6431A93DD
:1069B00004F5E36312936E4B5E903495159308953E
:1069C00021952095B0EE6ABA0C95AA46A4F5E26826
:1069D0009DF8883233B1604AD2F80C330133C2F8E3
:1069E0000C3301239DF889223AB15B49D1F8102379
:1069F000013243F00203C1F810239DF88A223AB114
:106A00005549D1F81423013243F00403C1F814238B
:106A10009DF84852012D40F08681D8F818230132A4
:106A2000C8F81823DDE9A064002C3246274602DAB4
:106A3000724264EB4407D8E9C8019042B94138BFBB
:106A4000C8E9C827D8F808230132C8F80823D8F8BD
:106A50009423F2B10AF5BA7102EBC101C1E90064F5
:106A60009C9C4FF6FF700AF58B511031A04228BF55
:106A7000204622F81100524402F53A510D7042F6B8
:106A8000F47153540C9943F26813FF2928BFFF2176
:106A9000D154DDE99634CDE91E340F9BF3B1BAF140
:106AA000000F1BD000220023CDE9DA23DAAB0093DC
:106AB000989ABDF8501240F21D7368A8FAF799FD34
:106AC000044658B190220021FEA807F071FB22462F
:106AD000FEA95046FDF710FB00230F93254B9FEDB9
:106AE000208A06221A70402460AD2B46032240F211
:106AF0001D7184A8FAF7FAFF8146002840F026812C
:106B0000D5E90201FBF764F8013C38EE008AECD1CC
:106B100007EE90AA9FED187A349B0C93F8EEE77A73
:106B2000184667EE877AD917C7EE87DAFBF750F871
:106B30002B46032240F21D7184A89FED107AF0EEDF
:106B40004A7AD8EE077A30EE678AFAF7CFFF8146A5
:106B5000002840F0FB8013E0E8100020F817002028
:106B600000000000286B6E4E286B6ECE4F36002062
:106B7000B4000100443900200000B4430000803C10
:106B80002D882846FAF714FC129B0C9AA3EC018A74
:106B900012931A9B129923F8025F1A93129BC3F85F
:106BA000B428649AC1F8842E1A99BDF89821A1F8E6
:106BB000882E11999DF89D2101F8012FB4EEC8DAB5
:106BC0009DF89E3181F87431F1EE10FA0F9B48BFA9
:106BD0002095F4EEC8BA44BFB0EE40BAB0EE48DA41
:106BE000F1EE10FAC2BF2195F0EE40AAF0EE48BADD
:106BF0001191002B00F0CC81BAF1000F00F09B80C6
:106C0000BAF5B47F00F09780002300200021CDE981
:106C10000134DAAD59ABCDE9040100930695DDE905
:106C20001E2368A8FBF76AFB294607460246504622
:106C3000FDF762FA002F40F02782BB4C94F8C8336E
:106C4000002B00F0A581BAF5B47F40F0A1810126A8
:106C500084F8C96384F8CB7301F00CFF30221090E4
:106C6000394604F5767007F0A3FA0C9BC4F8E833B4
:106C70009022294604F5816084F8D86307F032FB3E
:106C8000D4F8D0333344C4F8D0339DF86833002BA4
:106C900055D004F57C7302934FF480320023CDE984
:106CA0000023DDE9E601D4E9DA23FBF775F80028D3
:106CB00000F0D180DDE9E010DDE9E2325B1A62EB41
:106CC0000002C4E9FE32DDE9EA10DDE9EC325B1ACC
:106CD000C4F80034D4F8D43384F8D96333449FED36
:106CE00090CB62EB0002C4F8D433904BC4F8042478
:106CF000239304F59665239B53F8042F2393109B4D
:106D000018929F1801F0B6FE109B189AC31A9A4267
:106D100040F2A380381A05F048FBF3E75B465A4679
:106D2000B5E50022F4E5022D02BFD8F81C2301329C
:106D3000C8F81C2376E67E4B4024092066E73346DC
:106D4000794A82F8DA3382F8CC339946764CD4F813
:106D50001423D4F80833D4F8EC52C4F8A8A09B1A32
:106D6000C4F8003E04F6046383ED00BA04F6086339
:106D7000C3ED00AA209BA4F80C3E219BA4F80E3E74
:106D8000DDE98C73C4E9AF73D4F8D43284F8A492EB
:106D90002B44D4F81857FB1A5B1BD4F830575B1BF5
:106DA000D4F848575B1BDDE98E60D4F8DC52C4F898
:106DB000A832D4F8F432DDE990122B44D4F82057ED
:106DC000F31AC4E9B312C4E9B1605B1BD4F83857B5
:106DD0005B1BD4F850575B1BC4F8AC32D4F8F852A4
:106DE000D4F8E0322B44D4F82457C01AD4F83C37F6
:106DF000401BC01AD4F85437C01AC4F8B002D4F8F3
:106E0000E432D4F8FC020344C91AD4F82837C91A6A
:106E1000D4F84037C91AD4F85837C91AC4F8B4128C
:106E2000D4F8E832D4F800130B44D21AD4F82C3733
:106E3000D21AD4F84437D21AD4F85C37D21AC4F82C
:106E4000B822B9F1000F00F04581002384F8B0307A
:106E5000CB46FFF78BBA092372E701F00BFE109BBC
:106E6000C31A2B93FEAB0027069359ABCDE90177EC
:106E700000938DED04CBDDE91E2368A8FBF73EFAF5
:106E8000279001F0F7FD39462D90C022A5F118009A
:106E900007F08EF9279B05F8163C189B45F8143C23
:106EA0002B9B109A45F8103C2D9B9B1A012745F807
:106EB0000C3C0C9B45F8083C05F8187C9022FEA978
:106EC00005F1180007F00EFAD4F8D0333B44C4F8AB
:106ED000D033279B23B99DF8F8333BB905F8167CCE
:106EE00015F8163C002B46D00F4A2CE74FF48032A1
:106EF0000023CDE9002302950DF58561D4E9DA235D
:106F0000D1E90001FAF748FFA0B9C02303FB06430B
:106F1000092683F8DA633346E6E700BFAFF3008063
:106F20000000000000000000E8100020F837010811
:106F300018090020DDF81034DDF81824DDF81414E9
:106F400005F8177CD21ADDF81C3463EB0103C5E9A0
:106F50000223DDF84024DDF83834DDF83C14D31A80
:106F6000DDF8442462EB0102C5E90432D4F8D433DD
:106F70000133C4F8D4330136042E05F1C0057FF483
:106F8000BAAE4E4B012283F8CA23002283F8CC23E9
:106F90008C9ADFED4B7A0C92DDE98D42F4EEE7DA64
:106FA000F1EE10FADDE98F76919D10920AF1010A57
:106FB000BFF6CCAE159808994FF4B4720023F9F7D8
:106FC00099FF404BCDF80C540421BAF1030F19700E
:106FD0000C9BD8BF1B99CDF80474DAAD0246CCBF28
:106FE00000214FF02809CDE9FE344FF00000109B3E
:106FF000CDF800342860D4BF2B460B46CDE90019EC
:1070000084A834A9CDF80864FDF7D6FABAF1030FC5
:10701000DEBF119B2A68A3F5D95384ADD8BF03F80E
:10702000102C8146284AFEA92846FCF727FFDDE9F7
:107030008CE3DDE98EC7DDE99062B9F1000F7FF4E2
:1070400085AE191B0C911F4905240C70CDE93AE35C
:10705000CDE93E62349B0E9A0121009114999A1851
:1070600092AE41EBE3730196CDE93CC7FCF7C2FD5C
:107070003AAC0746154A21462846FCF7FFFE032F87
:1070800005D19DF8499261E600230F9380E71B9B91
:1070900003F5A0731B93159B13F580331593089B81
:1070A000159A43F1000308930899094B494508BF15
:1070B0009A427FF48DAC4FF4BA7A47E6E81000208C
:1070C0000000B94344390020BC130020D413002031
:1070D000B4007501D74B07221A7001F0CBFCBAF54A
:1070E000B47F5346A8BF4FF4B473BAF5B47F089089
:1070F000C4F8AC30C0F2BB81D4F80823924540F00C
:10710000B681D4F81463A6EB0A02564256410D9A92
:10711000DFEDD37A0024A34240F0AB81BAF1000F37
:1071200000F0AD8107EE104AB8EEC77A87EE878A85
:10713000C14B0D9A9FEDCAAA83ED308AB0EE4A7A10
:1071400000239C4240F09E81BAF1000F00F0AB8119
:1071500007EE904AB8EEE70A87EE000A07F04AFD0C
:10716000DFEDB67AB4EEE70AF1EE10FA40F3A08153
:10717000CAEE007AB04BDFF8CC82002783ED310AEB
:10718000C3ED9A7AAC4D18F8012B05F1C8033B44C6
:10719000B0EE480A214605F628601837FCF7E2FDF4
:1071A000B7F5907FEED105F5F4730422B0EE480AEE
:1071B000214605F62860FCF7D5FD082205F5007389
:1071C000B0EE480A214605F62860FCF7CBFDB5F87D
:1071D00034221AB1B4EB420F00F26D81964B0022BB
:1071E00083F83622944BD3ED357A93F8C82083F890
:1071F0003722C3ED8E7A0022012395ED3B7AB4EE5F
:10720000E77AF1EE10FAC4BF95F8E020229203F17C
:107210000103C4BF0B9AF0EE477A0C2B05F1180559
:10722000EBD1854B22B1229AC3ED8E7A83F83722B7
:10723000DFED827A93ED31AA7F4DB4EEE7AAF1EE4D
:1072400010FAC9BF93ED8E7A9FED857AF6EE007A3B
:1072500067EE277AC4BF6AEE0A6A67EE877A4FF054
:107260000607C8BF87EEA67A01222FA920468DF80F
:10727000BC700DF1D408B0EE480A85ED8F7AFDF7A9
:1072800031F8242385ED900A012230A92046B0EE82
:10729000480A8DF8C030FDF725F83B4685ED910A88
:1072A000674AF0EE4A0AB0EE480A21464046FDF72A
:1072B00087F8359BC5F84832369BC5F84C32379B6A
:1072C000C5F850329DF8E1300BB19DF8E03085F8FB
:1072D0005432DAAF0C235B4AF0EE4A0AB0EE480AA9
:1072E00021463846FDF76CF8DA9BC5F85832DB9B2F
:1072F000C5F85C32DC9BC5F860329DF875330BB184
:107300009DF874334C4A0D9982F864324E4B0B93BE
:107310001A4600239C4240F0DB802046FCF7AEFF7B
:1073200007EE904A9FED490AB8EEE78A28EE000A78
:1073300007F024FEBDEEC00ADFED497A3E4A10EEAA
:10734000103A013B9C42D8BF04F1FF33BAF1000F61
:1073500000F0C8803C4923EAE37301EB83031B6818
:10736000C2F86C3200230D9A0133B2EC017A9C42D0
:10737000E7EE077A0D92F6DC87EE880A07F03AFC12
:10738000314D3349A7003A462846B0EE408A06F010
:10739000A9FF2046FCF772FF9FED317A052C2346AA
:1073A00007EB0502A8BF0523F0EE476A0021F5ECC4
:1073B000017A013176EEA76A72ED017A8B4237EEDF
:1073C000277AF4D107EE903AF8EEE77A214B9FED59
:1073D000225A87EE276A1F44611E043386EEA77A7D
:1073E000D3ED007AD7ED006A76EEE76A07EE901AE1
:1073F00036EE476AF8EEE75AB6EE007AF0EE477AD4
:10740000E5EE857A9FED155AA5EE857AFDEEE77AD1
:10741000BDEEC77A17EE902A17EE100A22EAE27242
:107420008442C8BF014603EB820203EB8103D2ED25
:10743000005A17E044390020E8100020BD37863597
:107440002C38010832380108180B0020A4707D3F49
:10745000101F0020140B0020CDCC4C3D3333733F64
:107460000000000093ED007A77EE657A46E04E4624
:107470004DE6B2EC017A013477EE877A4BE61FEDE8
:10748000088A55E6F2EC017A77EEC87A0133A7EE66
:10749000A77AF0EEE77AF4EECA7AF1EE10FAC8BFF6
:1074A000B0EE67AA4DE61FED120AF0EE407A61E6F3
:1074B0005FED157A5EE6012385F83632B0EE480AB4
:1074C00005F50673214605F62860FCF74BFC89E6B6
:1074D000F1EC017A77EEC87A0133F0EEE77AE2EC6C
:1074E000017A17E7C2ED9B7AB0EE677AF0EE675A41
:1074F000B0EE678AF0EE676AB0EE676AD24C9FED35
:10750000D3AA9FEDD3BA84ED028A2346A3EC016A85
:10751000C4ED035A84ED047AC4ED057A04F6CC0573
:10752000C3ED006A0027F0EE4AAAA4F56164BA45EB
:107530005BD1BAF1000F00F08B8007EE90AAB8EE95
:10754000E70A8AEE800A07F055FB84ED9C0A84ED79
:107550009DAABAF1000F11D0F2EE0E7AB4EEE70A4E
:10756000F1EE10FA77D8F3EE0E7AB4EEE7AAF1EE68
:1075700010FA94BF4FF0010A4FF0000AB54C0AF020
:10758000010384F878320AEA060384F8B03001F087
:1075900071FA089BC01AC4F8A00201F06BFA00232C
:1075A000A4F82A3394F828338246ABB194F82933EF
:1075B00093B1D4F894337BB194F82C6366B9D4F8C2
:1075C0003413D4F8A820914206D1D4F8AC20002A74
:1075D00002DDB1F5B47F41DC01F04CFA9D4BA0EB2C
:1075E0000A00C3F86403FEF7C1BE249B33F8020F00
:1075F0002493F9F7DDFE55F8040FB4F8B2301844BF
:1076000080B2B0EE408AF9F7D3FEDFED937A38EE20
:10761000400AB4EEE70AF1EE10FA13DCDFED8F7AE0
:10762000B4EEE70AF1EE10FA0FD4E0EE00AA01374B
:10763000B0EEC00AB4EECA0AF1EE10FAC8BFB0EE5E
:1076400040AA74E730EE4B0AE3E730EE0B0AE7E7B7
:107650009FED7E0A79E74FF0000A8FE7D3E9002318
:10766000C4E9DA23DFF800929FED7D8ADFED7DAA81
:107670009FED76AAB4253746D4F834339F424BDBCE
:10768000D4F8AC509FED717AC4F8385307EE905A95
:10769000B8EEE70A00238AEE00BA84EDDEBA9D4216
:1076A00000F39B8087EE000A07F0A4FA694C6E484D
:1076B000FEAB24222946B0EE40AA84EDDF0AB0EEEC
:1076C0004B0AFCF74FFBD4ED317A77EECA7A0DF214
:1076D000044393ED007AC4EDE37AD4ED657A84ED4A
:1076E000E07A77EEC77A9FED617AC4EDE47AD4ED63
:1076F000E27AF0EEE77AF4EEC77AF1EE10FA94BF90
:107700000123002338EE6A8A84F82B33012384EDA9
:10771000E18A84F82A331CE000220023CDE9FE230D
:10772000D4F8943303EBC708FEAB02934FF4B47262
:10773000002328463146F9F7DDFBCDE90001D4E905
:10774000DA23D8E90001FAF727FB50B9092384F8B6
:107750002C3301F08FF9A0EB0A00C4F86403FEF7A4
:1077600005BEDDE9FE2310461946CDE90823F8F7EA
:1077700015FF3F4B0022F8F73FFF3E4B0022F8F782
:107780003BFFF9F709FAD4F8AC309F4207EE900AB4
:1077900011DAF4EEE7AAF1EE10FAF4EEC87AC8BFF7
:1077A000F0EE67AA3AEE27AAF1EE10FAC9F8000047
:1077B000C8BFB0EE678AB7F5B47F02BFDDE9082322
:1077C000C4EDE27AC4E9DC2315F5803507F1010741
:1077D00009F1040946F100064EE70B9AF2EC017A32
:1077E00077EECB7A0B92A7EEA77A013357E79FED9E
:1077F000178AFEF7FDBDBBF1020F09D11E4B1F48D2
:107800000A221A7044F62061FCF79CF9FEF787BC47
:10781000BBF1030F05D1184B19480A221A70FEF765
:107820009EBC45B1144B0A2228461A70FCF71EF97B
:1078300001461448E8E70B9B43BB0F4B12480A2252
:107840001A70FEF78CBC00BFF81E0020000000007C
:107850000000B443E810002000003443000034C3AB
:10786000286B6ECE286B6E4E180B0020CDCC4C3E94
:10787000008076400000F03D44390020BC2F010814
:10788000FF2F01083E30010872300108139B5BB1E5
:107890000E4B0193169B00930D48DDE9252305212E
:1078A000FCF72CF9FEF73DBCB0EE480AFEA8FCF749
:1078B00053FEFEA90748FCF745F90748FEA9FCF767
:1078C00041F90648FCF73EF9FEF72BBC9F0C010876
:1078D000B5300108523101084831010877310108FB
:1078E0002DE9F04FDFF824B2704E9BF80040DFF82E
:1078F000209231686E4FDFF81CA26E4D94F00104A7
:1079000004BF6D4B1A686D4B8FB01B780393D9F889
:10791000003002933B7801939AF8003000930CBF3B
:107920008A1A0022234628680592FEF7DDFB002311
:107930003B70059A624F98B903233B70614B6248D4
:107940000A2119706149624B002C18BF0B46009345
:10795000296813463268FCF7F5F80FB0BDE8F08FE0
:10796000DFF85481D8F80030002C7DD0594991F8C7
:107970002A030133C8F80030002848D0564891ED5A
:10798000E27A90F800C0BCF1000F17D05349DFED48
:10799000546AD1ED007A534977EE677A4FF0010CC3
:1079A000C1ED007AF0EEE77A4F49F4EEE67AF1EEB7
:1079B00010FA81F800C088BF4FF0000C474981EDF4
:1079C000007A01210170BCF1000F20D08BF800106B
:1079D0008AF80010454B46481968464B19603749EC
:1079E00000230B70C9F8003002233B70354B09218E
:1079F00019703649364B002C18BF0B463E49029190
:107A00003E49CDE9003113462968326824E0042B51
:107A1000E0D9354B1B7806AC0BB3324B102293EDFB
:107A2000000A21460520FCF7ABF80DF128091022C9
:107A3000494605209FED2A0AFCF7A2F803233B7074
:107A4000204B2F480A221A70CDE9014905230093E3
:107A5000D8F8003032682968FCF774F87DE72949C6
:107A6000204606F037FCE0E73168C91A0929B1D988
:107A70001D4B1B780AACA3B11A4B102293ED000AE0
:107A800021460520FCF77CF803233B700294D8F8CC
:107A9000003001930B23009329681B480A2301221D
:107AA000DAE71849204606F015FCEDE7FC0800204F
:107AB000F108002000090020EC080020F208002056
:107AC0000809002044390020833101081606010806
:107AD00026060108E8100020E0080020DC0800204D
:107AE0008FC2F53CE4080020E8080020D8080020F8
:107AF00024330108F80800208E0C0108C0D40100CE
:107B0000CC310108230601087B320108E10800207E
:107B1000F4080020F00800202DE9F04F5E4E5F4F82
:107B2000DFF8C8A15E4DDFF8C89187B0FBF78CFD88
:107B300001235C483370FCF7E1FD00233B70337098
:107B40000022DAF800008DF8132064230DF11301F0
:107B500004F0CDFC0446C8B99DF81380B8F1010FBC
:107B600014D105A886F80080F9F700FD00285DD142
:107B70000A2333709DF8173000939DF815209DF867
:107B800016309DF814104848FBF7DCFF2B78022BC9
:107B90002FD1DFF86081D8F800B000F06BFF434BC5
:107BA000A0EB0B00984224D900F064FFD8F8003015
:107BB0003F49C01A3F4B1860A0F5EA33C03BB3F50C
:107BC000967F3D4B94BF012200221A700A6802F191
:107BD00001035AD9032129700A2131704FF496719B
:107BE000CDE9010135490091354936480968FBF76F
:107BF000A9FF2B78032B03D0002CA1D1002B9FD100
:107C000000242C70FBF720FD204605F067FD83461D
:107C100006F050FA804606F053FA5B4602464146AB
:107C20002948FBF78FFF3C70347089E72B78013BC4
:107C3000012BABD9D9F80010214B204A234885F8F5
:107C40000080013119601A4BC9F80010C3F8008098
:107C50001F4B1C701F4B83F80080164B1C60164B8B
:107C60001C701D4B1C601D4B1C701D4B1C701D4B54
:107C70001C700B23CDE901320A231B4A00934346B3
:107C8000FBF760FFFFF72CFE80E70B6001232B70F2
:107C9000FFF726FEADE700BF44390020453900203C
:107CA000080900208E33010899330108BFD4010070
:107CB000FC080020F4080020F2080020C0D40100D5
:107CC000000900208934010818350108043401082E
:107CD000F0080020F1080020EC080020E80800204F
:107CE000E1080020E0080020E43301084C390020BE
:107CF00004090020F80800202DE9F047204E3368E1
:107D00009BBBDFF89890D9F8004074BB1D4D1E4F07
:107D1000B620A0468246214628464FF4B47200237E
:107D2000F9F7E8F8A0EB0A0A15F58035AAF1B60ACA
:107D300044F10004BAF1010F17D8444508BFBD4211
:107D4000E8D101210022084604F065FB306060B1F3
:107D50000E4A0F48002104F0E2FA0446C9F8000078
:107D600030B9306804F0F3FB34600020BDE8F087E0
:107D7000084B01201870084B83F80080F6E700BF1D
:107D80004C390020B4000200B40073010838010827
:107D9000197B00084539002044390020483900206B
:107DA0000C4B73B5186880B10B4D2B7803F0FF06B0
:107DB0005BB90124334632460DF107012C708DF872
:107DC000074004F063FB18B12E70002002B070BDB4
:107DD0002046FBE74C39002045390020014B18783C
:107DE000704700BF4539002028B10023C3610362FA
:107DF00043628362C362704770B40C46064658B152
:107E000051B105460FCC0FC594E8070085E807007F
:107E1000304670BCFFF7E8BF70BC704700287DD0CB
:107E2000D0ED017AD0ED076A90ED026A90ED007A0C
:107E3000E7EE806AD0ED037AF4EEE76AF1EE10FA2D
:107E4000C8BFF0EE676AF1EE677AF4EEE67AF1EE1B
:107E500010FAD8BFF0EE667AD0ED086AC0ED077A66
:107E600070EE666A20EE077A66EE866A90ED056A25
:107E7000B5EEC06AF1EE10FA43D4F7EE005AB4EE54
:107E8000E56AF1EE10FAD8BFF0EE465A90ED0A6AB4
:107E900080ED080A76EEC66A37EE277AA6EEA56A66
:107EA000D0ED047A80ED0A6A37EE067AB4EEE77A0E
:107EB000F1EE10FAC8BFB0EE677AF1EE677AF4EE31
:107EC000C77AF1EE10FAD8BFF0EE477A90ED067A55
:107ED000B5EEC07AF1EE10FA0ADDD0ED0B6A37EE9E
:107EE000E66AB4EEC67AF1EE10FA0DD576EE877A30
:107EF00090ED090AC0ED0B7A30EE670A80ED090AB1
:107F00007047DFED085AC1E7F1EE475AF4EEC65A62
:107F1000F1EE10FAC8BF76EEC77AE9E79FED010AE5
:107F2000704700BF0000000010B190ED090A7047D3
:107F30009FED010A704700BF00000000F0B59B4DA7
:107F40000FCDB1B001AC0FC495E8070001AF84E8D4
:107F500007000FCF24AE0FC694E80700B0EE000A6A
:107F6000002486E8070024A82C942D942E942B94AA
:107F70002F94FFF753FFF0EE401ABFEE000AFFF711
:107F80004DFF05F10C0CBCE80F0008AF0FC79CE8D3
:107F900007000DF1200E87E80700BEE80F000DF185
:107FA000900CACE80F0097E80700B0EE402A86E896
:107FB0000700B7EE000A24A82C942D942E942B943D
:107FC0002F94FFF72BFF05F1280CBCE80F000FAF33
:107FD0000FC79CE807000DF13C0E87E80700BEE8DC
:107FE0000F000DF1900CACE80F0097E80700F0EEE1
:107FF000402A86E80700B0EE000A24A82C942D94AD
:108000002E942B942F94FFF709FFB0EE403AB0EE78
:10801000000AFFF703FF05F1440CBCE80F0016AFA0
:108020000FC79CE807000DF1580E87E80700BEE86F
:108030000F000DF1900CACE80F0097E80700F0EE90
:10804000403A86E80700B1EE000A24A89DED2B1AFD
:108050002C942D942E942B942F94FFF7DFFE6035F3
:10806000B0EE404AB1EE000AFFF7D8FE0FCD1DAFCB
:108070000FC795E807000DF1740C87E80700BCE80E
:108080000F0024AD0FC597E80700F0EE404A86E8E0
:108090000700B0EE000A24A82C942D942E942B9463
:1080A0002F94FFF7BBFEB0EE405AB0EE000AFFF788
:1080B000B5FEF0EE007A71EEA71ADFED3D7AF0EE34
:1080C000E11AF4EEE71AF1EE10FA6DD5B7EE007A88
:1080D00032EE072AB0EEC22AB4EEE72AF1EE10FA29
:1080E00062D5B1EE047A72EE872AF0EEE22AF4EE5F
:1080F000E72AF1EE10FA57D5B0EE087A33EE073AD8
:10810000B0EEC33AB4EEE73AF1EE10FA4CD5F1EE28
:10811000086A73EEA63AF0EEE33AF4EEE73AF1EECF
:1081200010FA41D531EE471AB0EEC11AB4EEE71A93
:10813000F1EE10FA38D5B1EE006A34EE064AB0EE30
:10814000C44AB4EEE74AF1EE10FA2DD5B1EE0C6A4E
:1081500074EE864AF0EEE44AF4EEE74AF1EE10FAE5
:1081600022D535EE075AB0EEC55AB4EEE75AF1EE15
:1081700010FA19D5B2EE027A30EE070AB0EEC00A54
:10818000B4EEE70AF1EE10FA0ED59DED2F7A37EE38
:10819000667AB0EEC77AB4EEE77AF1EE10FA4CBF29
:1081A0000120002031B0F0BD0020FBE754FF0008A3
:1081B00017B7D13882B00E4B00220092596C41F4AF
:1081C00080415964596C01F48041009100990192F9
:1081D000196C41F0805119641B6C03F080530193BA
:1081E000019B0F216FF0010002B000F025BE00BF1F
:1081F0000038024070B5064688B01422002103A85A
:1082000005F0D6FF3268244B9A4242D103F58C33F5
:10821000002501955A6C2148214C42F480725A6421
:108220005A6C02F480720192019A02951A6B42F024
:1082300001021A631B6B03F001030293029B1222DB
:10824000032303A9CDE9032301F016F8154B4FF4DE
:108250008061C4E900354FF400634FF40050C4E975
:1082600004134FF48073C4E906032046C4E90255A1
:10827000C4E9085500F036FE08B1FAF7ADFEB46364
:10828000122000220521A66300F0D6FD122000F086
:1082900005FE08B070BD00BF002001400000024094
:1082A000B80700201064024070B514228AB0064658
:1082B00000210DEB020005F07BFF33683C4A93423E
:1082C00025D13C4C3C4800250195236B43F002032B
:1082D0002363236B03F002030193019B4FF4C076E9
:1082E0001223CDE905634FF0030C042305A9CDE962
:1082F00008C300F0C1FF0295236C43F4001323640C
:10830000236C03F400130293029B0AB070BD2B4A46
:108310009342FAD1274C284800250395236B43F05C
:1083200002032363236B03F002030393039B4FF4C5
:1083300040621223CDE905230123079305A90423F5
:10834000099300F099FF0495236C1D4843F48003C2
:108350002364236C1B4C03F480030493049B4FF0B1
:108360006063C4E900034023C4E9023520464FF4AA
:108370008063C4E90435C4E90655C4E9085500F032
:10838000B1FD08B1FAF728FE74630022052121200F
:10839000A66300F051FD212000F080FD00220521A0
:1083A000222000F049FD222000F078FDADE700BF5B
:1083B00000540040003802400004024000580040D1
:1083C000B8600240B006002070B5064688B014229E
:1083D000002103A805F0ECFE3268344B9A4263D1C9
:1083E000002503F5843301955A6C42F480525A6497
:1083F0005A6C02F480520192019A02951A6B42F073
:1084000002021A631B6B03F002030293029B3820E3
:108410000223CDE9030301240323CDE905432448C6
:10842000244C052303A9079300F026FFDFF890C032
:108430004FF0C063C4E900C34FF48063C4E904355E
:1084400020464FF40033C4E90255C4E90655C4E997
:10845000083500F047FD08B1FAF7BEFD164AF4648E
:10846000A663164C4FF0C063C4E9002300234FF409
:108470008062C4E9042340214FF400322046C4E95D
:108480000213C4E90633C4E9082300F02BFD08B148
:10849000FAF7A2FD2320B46400220521A66300F0B0
:1084A000CBFC232000F0FAFC08B070BD0030014086
:1084B00000040240F805002058640240980500209E
:1084C0004064024010B5044688B01422002103A87D
:1084D00005F06EFE2368204A93420DD100230093DD
:1084E0001E4B5A6C42F001025A645B6C03F00103AC
:1084F0000093009B08B010BDB3F1804FFAD103F593
:108500000E33002401941A6C154842F001021A64DB
:108510001A6C02F001020192019A02941A6B42F065
:1085200001021A631B6B03F001030293029B4FF4D9
:1085300000420223CDE9032303A9012305930793F6
:1085400000F09AFE224605211C2000F075FC1C203C
:1085500000F0A4FCCEE700BF00000140003802405C
:108560000000024007B50E4B02689A4216D1002265
:1085700003F59A330192596C41F0020159645B6C26
:1085800003F00203019305212D20019B00F054FC10
:108590002D2003B05DF804EB00F080BC03B000BDFB
:1085A0000004014010B5044688B01422002103A83D
:1085B00005F0FEFD23681A4A934218D10023019367
:1085C000184B19481A6B42F001021A631B6B03F037
:1085D000010301934FF4E061019B0223CDE90313F2
:1085E0000123079303A900F047FE08B010BD0F4A0E
:1085F0009342FAD1002302930A4B0D481A6B42F0C2
:1086000004021A631B6B03F004030293029B4022D3
:108610000223CDE903230323079303A9E3E700BF64
:108620000000014000380240000002400004014008
:108630000008024070B514228AB0054600210DEBF7
:10864000020005F0B5FD2B68624A934260D1624B8F
:108650006248634C002601961A6C42F400321A6498
:108660001A6C02F400320192019A02961A6B42F0DF
:1086700001021A631B6B03F001030293029B0C229D
:108680000223CDE9052303210723CDE9081305A91A
:1086900000F0F2FD53484FF00063C4E900034023AB
:1086A000C4E9023620464FF48063C4E90436C4E9C5
:1086B0000666C4E9086600F015FC08B1FAF78CFC00
:1086C0006C63DFF83CE1A563474C4FF000634FF467
:1086D0008062C4E900E30023C4E9042320464FF488
:1086E0008072C4E90233C4E90723A361636200F026
:1086F000F9FB08B1FAF770FCAC63262000220521D3
:10870000A56300F099FB262000F0C8FB0AB070BDFD
:10871000364A9342FAD1304B354C002603961A6CF8
:1087200042F480221A641A6C02F480220392039AA3
:1087300004961A6B42F004021A631B6B03F00403E5
:108740000493049B4FF440610223CDE905130320F9
:108750000723CDE9080305A9264800F08DFDDFF8C1
:10876000A4C04FF00063C4E900C34023C4E902364B
:1087700020464FF48063C4E90436C4E90666C4E9C0
:10878000086600F0AFFB08B1FAF726FC1A4A6C63E2
:10879000A5631A4C4FF00063C4E9002300234FF493
:1087A0008062C4E9042320464FF48072C4E9023396
:1087B000C4E90723A361636200F094FB08B1FAF7F0
:1087C0000BFCAC63272000220521A56300F034FBDD
:1087D000272099E700440040003802400000024092
:1087E000D8030020A0600240780300200048004029
:1087F000180300200008024028600240B802002050
:10880000886002405860024030B589B0002302936E
:10881000204B1A6C42F480721A641B6C03F4807350
:108820000293054601A903A8029B01F08FFF069B56
:108830004BBB01F06BFF184A184B136040F2E73353
:10884000D360174BB0FBF3F3013B5360104600239A
:1088500013619360936102F0E9FE044680B90E480B
:1088600002F0B2FD044658B92D2000F017FB0F2D81
:108870000DD8224629462D2000F0DEFA094B1D6056
:10888000204609B030BD01F041FF4000D3E701248C
:10889000F6E700BF003802405039002000200040B9
:1088A00040420F0008000020FEE7FEE7FEE7FEE77B
:1088B000FEE77047014800F01DBC00BFB802002071
:1088C000014800F017BC00BF18030020014800F069
:1088D00011BC00BF78030020014800F00BBC00BFB2
:1088E000D8030020014800F074B900BF1808002028
:1088F000014802F0A8BD00BF08050020014800F0B3
:10890000B3BF00BF10070020014801F0F1BB00BF5A
:1089100010070020014803F07BBB00BF7C0400204F
:10892000014803F075BB00BF3804002008B50448B7
:1089300002F089FDBDE80840024802F084BD00BF96
:10894000C004002050390020014800F0D3BB00BF14
:10895000B0060020014800F0CDBB00BFB8070020E2
:10896000014800F0C7BB00BFF8050020014800F037
:10897000C1BB00BF98050020014802F017BC00BF32
:10898000580600200A4A0346106810B508B909487D
:1089900010600949094C0344091B8B4206D905F0B4
:1089A0006DFC0C2303604FF0FF3010BD1360FCE73B
:1089B00098390020D0EA01200000022000040000C5
:1089C000034AD2F8883043F47003C2F88830704705
:1089D00000ED00E0DFF834D00D480E490E4A0023C8
:1089E00002E0D458C4500433C4188C42F9D30B4A63
:1089F0000B4C002301E013600432A242FBD3FFF7CB
:108A0000DFFF05F041FCFAF74BFB70470000022046
:108A10000000002060000020E03C01086000002011
:108A2000CCEA0120FEE7000008B50B4B1A6842F4BF
:108A300000721A601A6842F480621A601A6842F47E
:108A400080721A60032000F0E5F90520FFF7DCFED4
:108A5000FFF7B0FB002008BD003C0240034A044B76
:108A600011681B780B441360704700BF9C390020CD
:108A700004000020014B1868704700BF9C3900209B
:108A800038B50446002800F09B80056C25B9FFF737
:108A9000B1FB656484F83C50236CDB0600F18E80EA
:108AA000236C23F4885323F0020343F0020323646E
:108AB000444B5A6822F440325A605A6861680A434B
:108AC0005A60236821695A6822F480725A605A6891
:108AD00042EA01225A605A68A16822F040725A6044
:108AE0005A680A435A609A68E16822F400629A6000
:108AF0009A680A439A603449A26A8A4252D09968B5
:108B000021F07061996099680A439A609A68E16AF5
:108B100022F040529A609A680A439A609A6822F05A
:108B200002029A609A68217E42EA41029A6094F8B1
:108B30002020002A3ED05A68616A42F400625A60DE
:108B40005A6822F460425A605A68013942EA413256
:108B50005A60DA6AE16922F47002DA62DA6A01398B
:108B600042EA0152DA629A6822F400729A609A68C4
:108B700094F8301042EA41229A609A68616922F4BE
:108B800080629A609A68002042EA81229A6060645A
:108B9000236C23F0030343F001032364002384F8D0
:108BA0003C3038BD9A6822F070629A609A6822F070
:108BB0004052B2E75A6822F40062C9E70120EDE7AB
:108BC0000120EEE7002301400100000F70477047CD
:108BD0007047036870B51E685D68B20704462BD500
:108BE000A80629D5226CD1065EBF226C42F4007221
:108BF00022649A6812F0405F17D1227EAAB9DA6A1D
:108C000012F4700F02D09A6852050ED45A6822F0FE
:108C100020025A60236C23F480732364236CD804ED
:108C20005EBF236C43F0010323642046FFF7CEFFB1
:108C300023686FF012021A60710733D52A0631D506
:108C4000236CDB065EBF236C43F40053236423686C
:108C50009A6812F4401F1ED19A6B12F4401F02D082
:108C60009A68500517D45A68510514D49A6812F0BE
:108C7000405F10D1227E72B95A6822F080025A6099
:108C8000236C23F480532364236CDA055EBF236CCA
:108C900043F001032364204600F0BAF823686FF024
:108CA0000C021A60F30710D568060ED523681B68FE
:108CB000D9070AD5236C43F4803323642046FFF799
:108CC00086FF23686FF001021A60B2060ED56B01B1
:108CD0000CD5636C43F00203636423686FF02005D6
:108CE0001D602046FFF774FF23681D6070BD000003
:108CF000F7B50023019390F83C30012B05467CD05A
:108D0000012380F83C3008682B688E68092884B2FB
:108D100030D904EB4402DF681E3A4FF0070C0CFA1E
:108D200002FC27EA0C07DF60DF6806FA02F23A432A
:108D3000DA604968062901EB81022AD8596B053AA5
:108D40001F26964021EA06015963596B04FA02F284
:108D50000A435A632A4A934207D1122834D1D2F8DF
:108D6000043343F48003C2F80433002085F83C0048
:108D700003B0F0BD1A6900EB400C072707FA0CF7A7
:108D800022EA07021A611A6906FA0CF616431E61F6
:108D9000CFE70C294FF01F010BD81E6B233A9140EF
:108DA00026EA01011963196B04FA02F20A431A63F5
:108DB000D0E7DE6A413A914026EA0101D962D96AD8
:108DC00094400C43DC62C5E7A0F11003012BCCD822
:108DD0000C4A5368102843F400035360C5D10A4B72
:108DE0000A4A1B68B3FBF2F30A2253430193019B27
:108DF000002BBAD0019B013BF8E70220B8E700BF87
:108E000000200140002301400000002040420F00EC
:108E1000704700000749CA6822F4E06203021204A6
:108E200003F4E063120C134343F0BF6343F40033D5
:108E3000CB60704700ED00E0164B30B5DC68C4F342
:108E40000224C4F10703251D042B28BF0423062D8B
:108E50004FF0FF358CBF033C002405FA03F321EAF1
:108E60000303A54022EA0502A340002843EA0203C7
:108E7000ACBF00F16040084A4FEA0313B8BF00F0EE
:108E80000F00DBB2AABF00F56140135480F8003335
:108E900030BD00BF00ED00E014ED00E0002807DB6E
:108EA0004109044A00F01F000123834042F82130A9
:108EB000704700BF00E100E0036810B5084C0246AF
:108EC000D9B210391820B1FBF0F0205CD06523F442
:108ED0007F7020F003005F2988BF0430906510BDCB
:108EE000AC38010870B50446FFF7C4FD0546002CF8
:108EF00060D0022384F835302268002384F83430AF
:108F0000136823F00103136022681368D8072ED476
:108F100013683248A1691840D4E901352B43E5684C
:108F20002B4325692B4365692B43E5690B432B4391
:108F3000256A2B430343606A042802BFD4E90B5619
:108F400035432B4313605369042823F0070343EA96
:108F5000000335D1A06AE56A03438DB391B90128B6
:108F600020D030F002012BD1E90129D51DE0FFF717
:108F700081FD401B0528C7D920230320636584F8A1
:108F8000350070BDB1F5005F16D1032818D801A1D6
:108F900051F820F0AB8F0008698F0008AB8F0008F4
:108FA000A58F0008B5F1C07F0AD140236365012376
:108FB00084F835300120E4E70228F6D90328D3D01D
:108FC00053612046FFF778FFE26D3F2393408360B3
:108FD00000200123606584F83530D2E73F8010F02F
:108FE00070B590F83440866D012C30D0012480F8A3
:108FF000344090F83540012C4FF0000425D1022573
:1090000080F8355044650468256825F4802525607E
:1090100063608368402B0EBFA260A160E260C26DF6
:1090200008BFE1603F239340B360236843F0160319
:109030002360036C1BB1236843F00803236023689B
:1090400043F001032360002070BD80F8344002200B
:10905000FAE770B50446866DFFF70CFD94F83530DD
:10906000022B054606D0802363650120002384F887
:10907000343070BD23681A6822F016021A605A69EB
:1090800022F080025A61226C0AB9A26C1AB11A68E5
:1090900022F008021A601A6822F001021A6023689E
:1090A000186810F0010007D1E26D3F239340B360D0
:1090B000012384F83530D9E7FFF7DCFC401B052895
:1090C000EDD920230320636584F83500CEE790F8BE
:1090D0003530022B03D0802343650120704702689E
:1090E000052380F83530136823F001031360002056
:1090F00070470000F7B5002301935C4B856D1F6836
:10910000C36D2E6808229A40324204460CD0016892
:109110000868400708D5086820F004000860AA60C5
:10912000626D42F00102626501229A40324208D02B
:1091300021684969090641BFAA60626D42F00202D6
:10914000626504229A40324208D021680968880783
:1091500041BFAA60626D42F00402626510229A402B
:10916000324210D02368196809070CD5AA601A6822
:10917000500337D51B68190301D4236C00E0A36C9E
:109180000BB120469847E16D20228A4032423AD006
:1091900023681868C60636D5AA6094F83520052AD3
:1091A0001A6827D122F016021A605A6922F080024A
:1091B0005A61226C0AB9A26C1AB11A6822F008022C
:1091C0001A603F238B40AB60012384F835300023C5
:1091D00084F83430236D002B45D0204603B0BDE821
:1091E000F04018471A68D2055EBF1A6822F00802DC
:1091F0001A60C2E7500327D51B68190331D4636C8A
:109200000BB120469847636D6BB3636DDA0719D5D0
:1092100022684FF41653B7FBF3F7052384F8353073
:10922000136823F001031360019B0133BB420193D8
:1092300002D81368DB07F7D4012384F83530002304
:1092400084F83430E36CC6E71A6812F4807208D1EF
:10925000196821F010011960012384F8353084F871
:109260003420E36BCCE703B0F0BD00BF000000206A
:1092700090F83500704700002DE9F74FDFF8A49112
:10928000664A00230D6801249C4004EA0506AC43AD
:1092900040F0AF804D68032705F003044FEA430810
:1092A00007FA08FC671E012F6FEA0C0C34D8876898
:1092B00007EA0C0ECF6807FA08F747EA0E0787603F
:1092C000476827EA060EC5F300179F4047EA0E07D6
:1092D0004760C76807EA0C0E8F6807FA08F747EA85
:1092E0000E07022CC76019D14FEAD30A00EB8A0A95
:1092F00003F0070BDAF820704FEA8B0B4FF00F0EDC
:109300000EFA0BFE27EA0E0E0F6907FA0BF747EA73
:109310000E07CAF8207001E0032CDAD1076804FABE
:1093200008F407EA0C073C4315F4403F046060D0A2
:1093300000240194D9F8444044F48044C9F84440DE
:10934000D9F8444023F0030707F1804704F4804430
:1093500007F59C37019403F0030C019CD7F808E053
:109360004FEA8C0C0F2404FA0CF42EEA040E2C4C59
:10937000A04245D004F58064A04243D004F5806447
:10938000A04241D004F58064A0423FD004F580643F
:10939000A0423DD004F58064A0423BD004F5806437
:1093A000A04239D004F58064A04214BF08240724E9
:1093B00004FA0CF444EA0E04BC609468F74315F414
:1093C000801F0CBF3C4034439460D46815F4001FE8
:1093D0000CBF3C403443D460546815F4003F0CBFCC
:1093E0003C40344354601468ED0354BF3C40344364
:1093F00014600133102B7FF445AF03B0BDE8F08F4C
:109400000024D5E70124D3E70224D1E70324CFE7E2
:109410000424CDE70524CBE70624C9E7003C01403E
:10942000000002400038024000690840003818BFC0
:10943000012070470AB1816170470904FBE7436965
:1094400001EA030221EA030141EA02418161704716
:1094500070B5044608B9012070BD90F83D3003F0A6
:10946000FF021BB980F83C20FEF71EFF242384F87E
:109470003D3023681A6822F001021A601A6842F42B
:1094800000421A601A6822F400421A6001F03EF9A4
:109490003F4B65689D4294BF3E4B3F4B98428CBF0B
:1094A00000230123002BD6D12268394E51683B4B53
:1094B000B0FBF3F321F03F011943B542516088BF7F
:1094C0004FF49676116A88BF734321F03F0184BF41
:1094D0004FF47A76B3FBF6F301330B431362D16991
:1094E000431E2B4821F44F41854221F0FF0132D821
:1094F0006D0040F6FC70B3FBF5F30133034242D03C
:10950000C3F30B031943D161D4E907301168034356
:1095100021F0C0010B4313609168D4E9030321F4E7
:109520000341034321F0FF010B439360D4E905306D
:10953000D168034321F0FF010B43D360136843F06C
:109540000103136000202023206484F83D30206351
:1095500084F83E0080E7A06850B905EB4505B3FBF1
:10956000F5F30133C3F30B037BB143F40043C9E7C5
:1095700019206843B3FBF0F30133C3F30B0323B1AA
:1095800043F44043BEE70423BCE70123BAE700BF2E
:10959000A08601007F841E00FF083D0040420F00AE
:1095A000704770477047704770477047704790F832
:1095B0003D2008B5036DD2B283B9C36C0268012B9C
:1095C000836C05D1DBB21361036D0233036508BD03
:1095D000C3F307231361036D0133F7E7036D012B19
:1095E00003D1836C0268DBB2F4E7036D022BEED18A
:1095F000222A05D10268136843F480731360EAE7F6
:10960000438D9BB263B1212A0AD1436A026813F8E1
:10961000011B11614362438D013B9BB24385D6E739
:10962000438D9BB2002BD2D1212AD0D10268516840
:1096300021F4E0615160116841F400711160202251
:10964000036380F83D2080F83E30FFF7AFFFBEE7B0
:10965000704770477047000037B5002301932D4BCA
:10966000806B1B6890F83D2046F2A811B3FBF1F324
:1096700023214B4301930368D2B2019941BB016C92
:1096800041F020010164446B0CB10021E163816B66
:1096900009B10025CD631D6825F480651D60002596
:1096A000458504B1256501B10D65196821F00101F9
:1096B000196090F83D10602911D1202380F83D30C9
:1096C000002380F83E300364FFF7C4FF03B030BDD1
:1096D00001990139019119688905CED4D3E702F0C7
:1096E0002802282A0ED1196841F001011960196871
:1096F00041F4806119600023036380F83D20FFF787
:10970000A8FFE3E7202380F83D30002380F83E30B7
:10971000F5E700BF0000002010B590F83D2090F85C
:109720003E30102BD9B204460368D2B201D0402992
:1097300013D1222A11D1196821F4006119605968E6
:1097400011F4006106D1602A1EBF202284F83D205A
:1097500084F83E100022226307E002F02801282945
:10976000EDD10022226384F83D105A6812F40062A1
:109770004FD05A68606B22F400625A6090F835301E
:10978000012B374B2BD00365FFF7A1FC50B12268AA
:10979000606B136823F001031360202384F83D30CD
:1097A000036D9847236C19071FBF2268536823F481
:1097B000E063536094F83D30226C5207DBB20DD564
:1097C000282B0BD1274BE362202200232363204662
:1097D00084F83D2084F83E30FFF7E7FE10BDA06B13
:1097E0000365FFF774FC0028DCD023685A69510632
:1097F00005D51A69636A1A70636A01336362226865
:10980000A06B136823F001031360202384F83D301C
:10981000C6E794F83D10602915D1202184F83D1049
:1098200022645A69520605D51A69636A1A70636A16
:10983000013363622268136823F00103136020463A
:10984000FFF708FFAEE75A69500605D51A69636A43
:109850001A70636A013363622046FFF7FAFEA1E7DC
:10986000599600080000FFFFF0B5036804465A68E7
:10987000C66A90F83E0094F83D1010288FB0C5B22B
:10988000C9B202D0402D40F0CF829F69586910F0D4
:10989000010F07D1B6F52A0F02D0B6F12A4F51D1E8
:1098A0000FB0F0BD96054DD5E26AB2F52A0F0CD186
:1098B0000122E26294F83E20402A11D1226D52B971
:1098C000626C02F0FE021A61EAE7E26AB2F12A4F24
:1098D000F0D10822EDE7626C42F00102D2B2F2E769
:1098E0002269B2F5804F1AD194F83D20212A626C8A
:1098F00011D102F0FE021A61626B0AB1D26B2AB971
:10990000A26B002ACCD0D26B002AC9D05A6842F48C
:1099100000625A60C4E742F00102D2B2EBE7226D66
:1099200032B9626CD21102F0060242F0F002CAE7CC
:10993000226D012AB4D1626CD21102F0060242F00B
:10994000F102C0E7060703D5960501D5626CE4E78E
:10995000860740F1E880960540F1E58094F83E10D6
:10996000E26A256B94F83D002228C9B240F0D3800A
:10997000206D40B9402906D101905A6901929B6936
:109980000193019B8CE7216D89B92069B0F5404FA7
:109990000DD102915A6902929A690292029A1A684A
:1099A00042F480721A60236D0133236578E7618D7C
:1099B00089B251B903915A6903929A690392039A41
:1099C0001A6842F400721A6019E0618D89B20129A7
:1099D00049D112F5803F1BD11A6822F480621A60C7
:1099E0005A6812F400620CD01A6822F480621A607D
:1099F000002204925A6904929B690493049B0023F9
:109A0000D3E705925A6905929A690592059AD7E7B4
:109A1000082A1CD0202A1AD0122D0DD1012A16D1C5
:109A20001A6822F480621A60002206925A6906922D
:109A30009B690693069BE2E7102AF1D8974941FA01
:109A400002F2D707ECD41A6842F48062EBE71A6896
:109A500022F480621A60002207925A6907929A697A
:109A60000792079AACE7618D89B2022930D1102A9A
:109A700003D88B49D140CE0715D4196821F48061F1
:109A80001960196841F40061196059680D0514D511
:109A9000202A1AD8072A0AD8012A0ED15A6842F475
:109AA00080525A6009E0196841F48061ECE7A2F144
:109AB00008017C4ACA40D007F0D4002208925A69B3
:109AC00008929B690893089B99E712F5803FE4E7A9
:109AD000196841F4806119605968090510D5202A78
:109AE00016D8072A06D8012A0AD15A6842F48052A9
:109AF0005A6005E0A2F108016A4ACA40D207F4D4CC
:109B0000002209925A6909929B690993099B76E799
:109B100012F5803FE8E700220A925A690A929B698F
:109B20000A930A9BBCE67F0740F18D805E6836058C
:109B30003FF5B6AE070600F004063ED550053CD50D
:109B4000002E3DD194F83D20258D94F83E10E06A1A
:109B5000D2B2C9B2C5B9212A18D1082858D02028B4
:109B600056D010F5803F53D05A6822F4E0625A6014
:109B700011232363002384F83E30202384F83D30F2
:109B80002046FFF70DFD8BE6212A05D040297FF402
:109B900087AE222A7FF484AE628D92B21AB95A68D7
:109BA00022F48062B5E694F83E20402A16D1204681
:109BB0000FB0BDE8F040FFF7FABC002E3FF470AEE6
:109BC00097057FF56DAE212939D1E16A94F83D20E2
:109BD000212A7FF465AE628D92B24AB1626A12F8B0
:109BE000011B19616262638D013B9BB2638557E67D
:109BF00008290DD020290BD011F5803F08D05968D5
:109C000021F4E06159601123236384F83E20B4E716
:109C10005A6822F4E0625A601A6842F400721A60CC
:109C200000232022236384F83D2094F83E2084F80A
:109C30003E30402A2046A4D1FFF7B8FC30E6402D44
:109C40007FF42EAEB3E759680E053FF529AE450601
:109C500000F004017DD550057BD500297CD194F816
:109C60003D20222A7FF41CAE628D92B2032A1BD9BA
:109C70001A69636A1A70636A01336362638D013B18
:109C80009BB26385638D9BB2032B7FF409AE226880
:109C9000536823F48063536002E600BFEBFFFEFFCE
:109CA0001400010001010001E06A02283FF477AFCF
:109CB000012A3FF674AF764A0B91126846F2A8115A
:109CC000B2FBF1F202EB82020B920B9A013A0B9279
:109CD0000B99D1B9226C42F0200222645A6822F416
:109CE000E0625A601A69636A1A70636A01336362D8
:109CF000638D013B9BB26385202384F83D30204671
:109D000084F83E10FFF7A5FCCAE51A6812F4007249
:109D1000DBD1196821F480611960596821F4E06190
:109D200059601969636A1970636A01336362638DEC
:109D3000013B9BB26385202384F83D3094F83E308C
:109D400084F83E20402B69D122632046FFF780FC37
:109D5000A6E500293FF4A4AD92057FF5A1ADE26A26
:109D6000608D616A80B2042809D15A6822F4806249
:109D70005A601B690B70636A0133636233E7608D5D
:109D800080B203280CD15868042A20F480605860FF
:109D9000EFD0022AEDD01A6822F480621A60E8E758
:109DA000608D80B20228E4D1042A33D007D8012A7A
:109DB00007D0022A2ED01A6842F4007204E0102A5A
:109DC000F9D11A6822F480621A601B690B70626A0A
:109DD000531C6362638D013B9BB2638523681B69DF
:109DE0005370636A226801336362638D013B9BB2E7
:109DF0006385536823F440735360202384F83D3017
:109E000094F83E30402B4FF0000384F83E3005D1EB
:109E100023639AE71A6842F48062D5E7122323632A
:109E20002046FFF7BEFB3BE5206C18B358690025C0
:109E300087072FD596052DD5226C02B19D6994F820
:109E40003D2002F02802282A17D15A682F0622F452
:109E500080625A60C5F3800154BFE268A2690023A2
:109E600081F00101C9B284F83C3092B22046FFF77C
:109E70009BFB15E59D695869DAE700220C92596948
:109E80000C919B690C930C9B84F83C2008E500BF67
:109E900000000020C60640F1B180950540F1AE807B
:109EA00094F83D505A6822F4E0625A6000220D9204
:109EB0005A690D921A6842F001021A600D9A1A68E6
:109EC00022F480621A605A681005EDB220D505F0C0
:109ED000F702222A4AD1A06B0268526892B26285C8
:109EE000628D92B21AB1226C42F0040222645A6866
:109EF00022F400625A60FFF7BBF9012808D0A06B7A
:109F0000794B0365FFF7E3F810B1A06B036D984739
:109F1000638D9BB213B323685A69510709D51A6937
:109F2000636A1A70636A01336362638D013B9BB29B
:109F3000638523685A69520609D51A69636A1A70DB
:109F4000636A01336362638D013B9BB26385638DFA
:109F50009BB21BB1236C43F004032364236C13B343
:109F600020460FB0BDE8F040FFF7D6BB606B02683B
:109F7000526892B26285628D92B21AB1226C42F03E
:109F8000040222645A6822F400625A60FFF770F9F2
:109F90000128BDD0606B544B0365FFF798F800288B
:109FA000B6D0606BB2E72A2D06D12363282384F84C
:109FB0003D302046FFF7F7FA94F83D30282B0CD1BE
:109FC0004A4BE362202200232363204684F83D208D
:109FD00084F83E30FFF7E9FA62E4236B222B02D0CB
:109FE000222D7FF45DAC00232022236384F83D20E2
:109FF00084F83E302046FFF7D6FA51E401F0F7012D
:10A00000212900F0040535D1070627D5560525D5A9
:10A010003DBB94F83D00628D92B2C0B2002A3FF47D
:10A020003FAC626A12F8015B1D616262628D013AA7
:10A0300092B26285628D92B2002A7FF431AC2928F7
:10A040007FF42EAC5A6822F480625A602823216380
:10A05000204684F83D30FFF7A5FA21E4002D3FF4B7
:10A060001FAC95057FF51CAC628D92B2002A3FF4BF
:10A0700017ACB3E5400627D5510525D53DBB94F86F
:10A080003D20618D89B2D2B200293FF409AC196933
:10A09000636A1970636A01336362638D013B9BB22B
:10A0A0006385638D9BB2002B7FF4FAAB2A2A7FF481
:10A0B000F7AB2268536823F4806353602223236341
:10A0C000282384F83D3095E7002D3FF4E9AB920555
:10A0D0007FF5E6AB628D92B2002A3FF4E1AB1A69DC
:10A0E000636A1A7047E600BF599600080000FFFF38
:10A0F000F8B503685F695E6890F83E2017F48075D4
:10A100000446D2B206D016F480751EBF6FF480717B
:10A1100059610125B80506D5F10542BF6FF40071FC
:10A1200045F002055961780536D5F10534D5608DC5
:10A1300094F83D10D4F830C0202A80B2C9B25BD167
:10A14000002859D101F0F700212804D0282953D143
:10A15000BCF1210F50D194F83D20E16A0829D2B218
:10A1600001D020292AD1282A28D12C4AE2625A6813
:10A1700022F4E0625A606FF480625A611A6822F435
:10A1800080621A60002320222363204684F83D2049
:10A1900084F83E30FFF709FA3A053BD5F30539D587
:10A1A00023686FF4006245F008055A61236C1D4373
:10A1B00025642046BDE8F840FFF7AEBA212A17D142
:10A1C0001649E1622263202284F83D20002284F8AF
:10A1D0003E205A6822F4E0625A606FF480625A614D
:10A1E0001A6822F480621A602046FFF7DBF9D3E791
:10A1F0006FF480625A61CFE76FF48061102A596171
:10A2000045F0040501D0402AC6D11A6842F4007214
:10A210001A60C1E7002DC9D1F8BD00BF0000FFFFE3
:10A220002DE9F341044640B30368DE0710D42368E8
:10A230009D075BD42368190700F19D8023685A07A6
:10A2400000F1BD80A369002B40F0248100202CE0A8
:10A250008D4B9A6802F00C02042A07D09A6802F02B
:10A260000C02082A0BD15B68590208D5864B1B6883
:10A270009A03DCD56368002BD9D1012015E063680F
:10A28000814DB3F5803F13D12B6843F480332B60AD
:10A29000FEF7F0FB7C4E054633689B03C7D4FEF700
:10A2A000E9FB401B6428F7D9032002B0BDE8F08128
:10A2B000B3F5A02F04D12B6843F480232B60E3E790
:10A2C0002A6822F480322A602A6822F480222A60D6
:10A2D000002BDDD1FEF7CEFB06462B689F03A6D5EB
:10A2E000FEF7C8FB801B6428F7D9DDE7664B9A6848
:10A2F00012F00C0F07D09A6802F00C02082A11D154
:10A300005B685D020ED4604A1368990702D5E36862
:10A31000012BB2D11368216923F0F80343EAC1038A
:10A32000136087E7E268594BB2B101221A60FEF769
:10A33000A1FB554D06462B689B0707D52B68226964
:10A3400023F0F80343EAC2032B6073E7FEF792FBA6
:10A35000801B0228EFD9A7E71A60FEF78BFB4A4E55
:10A36000054633689F077FF565AFFEF783FB401B0B
:10A370000228F6D998E76269444B82B10122C3F8FA
:10A38000802EFEF777FB404E0546736F9B073FF527
:10A3900055AFFEF76FFB401B0228F6D984E7C3F8E0
:10A3A000802EFEF767FB384E0546736F9F077FF5DB
:10A3B00045AFFEF75FFB401B0228F6D974E7324B2E
:10A3C0001A6C12F0805228D101921A6C42F080521D
:10A3D0001A641B6C03F080530193019B01272C4DE1
:10A3E0002B68D8051BD5A368274D012B27D12B6FD0
:10A3F00043F001032B67FEF73DFB234E054641F278
:10A400008838336F9A0739D5002F3FF41BAF1E4AA7
:10A41000136C23F08053136414E70027DFE72B68E5
:10A4200043F480732B60FEF725FB06462B68D905A5
:10A43000D9D4FEF71FFB801B0228F7D934E7052B80
:10A4400004D12B6F43F004032B67D0E72A6F22F06F
:10A4500001022A672A6F22F004022A67002BCAD160
:10A46000FEF708FB41F2883806462B6F9B07CBD5D9
:10A47000FEF700FB801B4045F7D915E7FEF7FAFA17
:10A48000401B4045BDD90FE700380240000047425D
:10A4900000700040374DAA6802F00C02082A3ED036
:10A4A000022B354B4FF000021A662BD1FEF7E2FA71
:10A4B00006462B6899011FD4D4E907321343626A18
:10A4C00043EA8213E26A43EA0263A26A5208013A4B
:10A4D00043EA02436B60284B264D01221A66FEF7C1
:10A4E000C9FA04462B689A013FF5B0AEFEF7C2FAEE
:10A4F000001B0228F6D9D7E6FEF7BCFA801B02281B
:10A50000D7D9D1E6FEF7B6FA04462B689B017FF552
:10A510009DAEFEF7AFFA001B0228F6D9C4E6012B68
:10A520003FF4ABAE6B68E26903F4800191427FF4C3
:10A53000A4AE216A03F03F028A427FF49EAE616AB4
:10A5400047F6C0721A40B2EB811F7FF496AEA26A42
:10A55000520803F44031013AB1EB024F7FF48DAE63
:10A56000E26A03F07063B3EB026F14BF01200020B6
:10A570009BE600BF0038024000004742134908B57F
:10A580008B6803F00C03042B1CD0082B1CD14A68E9
:10A590004B68496813F4800314BF0D480D48C1F39C
:10A5A000881118BF002302F03F02A1FB0001F6F75B
:10A5B000A1FC064B5B68C3F3014301335B00B0FBB6
:10A5C000F3F008BD0248FCE70248FAE70038024011
:10A5D00000127A000024F4002DE9F0410D460446F3
:10A5E00010B90120BDE8F081434B1A6802F0070260
:10A5F0008A4228D321688F072DD4C80740D43E4B08
:10A600001A6802F00702AA4265D8226851076BD483
:10A61000130707D5394A2169936823F4604343EA55
:10A62000C1039360FFF7AAFF344B354A9B68C3F31D
:10A630000313D35CD840334B1860334B1868FEF7D4
:10A64000E3F80020CEE7CAB21A701B6803F00703D4
:10A650008B42C6D1CEE7294B11F0040F1EBF9A687A
:10A6600042F4E0529A600E0742BF9A6842F4604298
:10A670009A609A68A06822F0F00202439A60BCE7F0
:10A6800062681E4B012A1CD11B6813F4003FA8D03E
:10A690001A4EB36823F003031343B360FEF7EAF9DD
:10A6A00041F288380746B368626803F00C03B3EBE5
:10A6B000820FA4D0FEF7DEF9C01B4045F3D903207A
:10A6C00090E7911E01291B6802D813F0007FDEE796
:10A6D00013F0020FDBE7EAB21A701B6803F00703FE
:10A6E000AB427FF47EAF90E70449E0688B6823F4C7
:10A6F000E05303438B608BE7003C0240003802408C
:10A700009C3801080000002008000020044B054A86
:10A710009B68C3F38223D35C034A1068D840704718
:10A72000003802409438010800000020044B054A1C
:10A730009B68C3F34233D35C034A1068D840704728
:10A740000038024094380108000000200F23036005
:10A750000B4B9A6802F0030242609A6802F0F00222
:10A7600082609A6802F4E052C2609B68DB0803F4DE
:10A77000E0530361034B1B6803F007030B60704752
:10A7800000380240003C024082B000230093134B8B
:10A7900045F6C0521B68B3FBF2F3642253430193A6
:10A7A0000368019A9AB9426D42F0400242651A6804
:10A7B00022F040021A605A6822F0E0025A60DB6818
:10A7C0000093009B072380F8513002B07047019A34
:10A7D000013A01929A689207E3D5E8E70000002069
:10A7E00003685A6822F080025A601A6822F0400218
:10A7F0001A60072380F85130704700002DE9F341BB
:10A800001C4616460F460546FEF734F93444241A12
:10A81000FEF730F9244B1B68C3F3CB336343804608
:10A8200001932A68936837EA030301D000202EE0E1
:10A83000731CF7D0FEF71EF9A0EB0800A04229D345
:10A840002B685A6822F0E0025A606A68B2F5827F8B
:10A850000AD1AA68B2F5004F02D0B2F5806F03D1D9
:10A860001A6822F040021A60AA6AB2F5005F07D1A6
:10A870001A6822F400521A601A6842F400521A60F0
:10A88000012385F85130002385F85030032002B0B1
:10A89000BDE8F081019A019B002A03F1FF33019387
:10A8A00008BF1446BDE700BF0000002038B51346BE
:10A8B0004268B2F5827F044606D00A460121FFF7BE
:10A8C0009DFFB8B9002038BD8268B2F5004F02D0B4
:10A8D000B2F5806F07D125682868B2F5806F20F047
:10A8E0004000286003D00A4680212046E7E70A4658
:10A8F0000121FAE7636D43F0200363650320E2E77B
:10A9000037B51346124A1568124AB5FBF2F54FF4F3
:10A910007A72554342680195B2F5827F04460BD1A5
:10A920000A468021FFF76AFF78B1636D43F0200388
:10A930006365032003B030BD019B33B1019B013B34
:10A94000019323689B681B06F6D40020F2E700BF42
:10A950000000002000366E0110B50446002855D0D6
:10A96000436A002B4ED14268B2F5827F00D0C361AA
:10A970000023A36294F8513003F0FF0223B984F856
:10A9800050202046FDF720FD2168A068A26902231F
:10A9900084F851300B6823F040030B60636800F4C7
:10A9A000044003F482730343E06800F4006003434F
:10A9B000206900F002000343606900F001000343D6
:10A9C00002F400700343E06900F038000343206A9A
:10A9D00000F080000343A06A00F4005003430B60C2
:10A9E000636A120C03F0100302F004021A434A6077
:10A9F000CB6923F40063CB6100200123606584F8F8
:10AA0000513010BD0023C0E90433B1E70120F8E75D
:10AA10002DE9F7431F4690F85030012B04460D46B0
:10AA2000904600F0A080012380F85030FEF722F815
:10AA300094F85130012B8146D8B240F09280002D1D
:10AA400061D0B8F1000F5ED0032384F851300023A9
:10AA50006365C4E91033A4F83680A363A387E38752
:10AA6000A36826682563B3F5004FA4F8348007D1A6
:10AA7000336823F040033360336843F4804333602A
:10AA80003368E2685B065EBF336843F040033360BF
:10AA9000B2F5006F63683FD113B1B8F1010F07D170
:10AAA00035F8023BF3602563E38E013B9BB2E386FE
:10AAB000E38E9BB2A3B94A4639462046FFF720FFF2
:10AAC00000284BD1A36833B901932368DA68019257
:10AAD0009B680193019B606D003818BF012012E054
:10AAE00022689368980705D5236B33F8021BD16061
:10AAF0002363D9E7FDF7BEFFA0EB0900B842D7D327
:10AB0000791CD5D00320012384F85130002384F828
:10AB1000503003B0BDE8F08313B1B8F1010F08D194
:10AB20002B783373236B01332363E38E013B9BB29A
:10AB3000E386E38E9BB2002BBDD023689A68920710
:10AB400003D5226B12781A73ECE7FDF793FFA0EBA5
:10AB50000900B842EDD37B1CEBD0D3E7202363651B
:10AB6000B0E70220CFE70220D3E72DE9F7431E46E6
:10AB700090F85030DDF82880012B04460D469146B0
:10AB800000F0E180012380F85030FDF773FF94F866
:10AB900051306268012B0746D9B20AD0B2F5827FE4
:10ABA00040F0CF80A368002B40F0CB80042940F018
:10ABB000C88015B1B9F1000F09D10120012384F833
:10ABC0005130002384F8503003B0BDE8F083002EEC
:10ABD000F3D094F85130C4F83890042B1CBF0523EF
:10ABE00084F8513000236365C4E910332368E68795
:10ABF000E6861968A687490658BF1968256358BFB5
:10AC000041F04001A68658BF1960E168B1F5006FB8
:10AC100048D10AB1012E07D135F8022BDA60E38E54
:10AC20002563013B9BB2E3860125E38E9BB263B9AA
:10AC3000E38F9BB24BB93A4641462046FFF760FE90
:10AC4000002872D020236365B7E721688B689A07D4
:10AC50000DD5E38E9BB253B145B1236B33F8022B74
:10AC6000CA602363E38E013B9BB2E38600258A68BA
:10AC700012F001020CD0E38F9BB24BB1A36BC968F9
:10AC800023F8021BA363E38F013B9BB2E3871546C6
:10AC9000FDF7F0FEC01B4045C7D3B8F1FF3FC4D05D
:10ACA00003208BE70AB1012E08D12A781A73236B8F
:10ACB00001332363E38E013B9BB2E3860125E38EE0
:10ACC0009BB21BB9E38F9BB2002BB4D02268936870
:10ACD0009B070ED5E38E9BB25BB14DB1236B1B7806
:10ACE0001373236B01332363E38E013B9BB2E38633
:10ACF00000252268916811F001010DD0E38F9BB20D
:10AD000053B1A36BD2681A70A36B0133A363E38FB3
:10AD1000013B9BB2E3870D46FDF7ACFEC01B4045EF
:10AD2000CDD3B8F1FF3FCAD0BAE7A368002B7FF4B8
:10AD300045AF23680190DA6801929B680193019BFB
:10AD40003CE702203AE702203EE72DE9F7431D46A3
:10AD50004368B3F5827F0446894617460CD1836861
:10AD600053B9042380F85130134600950A46FFF783
:10AD7000FCFE03B0BDE8F08394F85030012B7FD087
:10AD8000012384F85030FDF775FE94F85130012B03
:10AD90008046D8B272D1B9F1000F5CD0002F5AD0E2
:10ADA000A268C4F8389000260423B2F5004F84F856
:10ADB0005130C4E9106666652368E787A787266374
:10ADC000A686E68607D11A6822F040021A601A6841
:10ADD00022F480421A601A6856065EBF1A6842F072
:10ADE00040021A60E368F3B1E38F9BB2FBB12368C2
:10ADF0009A68D20736D5DA68A36B23F8022BA363CF
:10AE0000E38F013B9BB2E387EEE723689A68D007A4
:10AE100018D5A26B1B7B1370A36B0133A363E38F65
:10AE2000013B9BB2E387E38F9BB2002BEDD14246FF
:10AE300029462046FFF73AFDE8B9606D003818BF93
:10AE4000012008E0FDF716FEA0EB0800A842EAD3B7
:10AE5000691CE8D00320012384F85130002384F8D2
:10AE6000503086E7FDF706FEA0EB0800A842BBD3F2
:10AE70006B1CB9D0EEE720236365DEE70220EAE72A
:10AE8000022076E738B5044690F85000012870D0CB
:10AE9000012084F8500094F851000128C5B208D070
:10AEA0006068B0F5827F62D1A06800285FD1042D70
:10AEB0005DD1002933D0002A31D0002B2FD094F857
:10AEC0005100A38604281CBF052084F851000020EF
:10AED0006065E386E387A38794F851302163042BF0
:10AEE000C4E9100018BF2449E06C12BF234B244969
:10AEF000244BA263C0E90F31234BC36400232168B4
:10AF00000365E38F0C319BB2FEF76AF8034658B134
:10AF1000636D43F010036365012384F85130012011
:10AF2000002384F8503038BD2268A06C516841F08D
:10AF300001015160C0E90F33C0E91333E38E216B87
:10AF40009BB20C32FEF74CF80028E1D123681A6856
:10AF500052065EBF1A6842F040021A605A6842F018
:10AF600020025A605A6842F002025A60D8E7022072
:10AF7000D6E70220D7E700BFC1B0000853B10008F0
:10AF8000B5B00008EDB00008CBB000081FB5454BC8
:10AF900045F6C0521B68B3FBF2F36422534301939E
:10AFA000019B009303685A6822F020025A605A6895
:10AFB000110604460AD53C4A4264009A002A59D137
:10AFC000626D42F040026265019A00925A68520630
:10AFD0000AD5364A2264009A002A53D1626D42F0A3
:10AFE00040026265019A00925A68900714D5A06CDD
:10AFF00090B100230365FEF72CF808B14023636588
:10B0000023685A6822F002025A60009A002A41D14D
:10B01000626D42F0400262655A68D20711D5E06C59
:10B0200078B100230365FEF714F808B14023636587
:10B0300023681A6822F040021A605A6822F001025E
:10B040005A600022E287E286616D402918BF62657E
:10B050000292D968029199680291029903929B68C1
:10B060000393039B14BF10460120012384F8513041
:10B0700004B010BD009A013A009294F85120072ABA
:10B080009BD1A1E7009A013A009294F85120072A37
:10B09000A1D1A7E7009A013A00929A689107B4D526
:10B0A000BAE700BF00000020E1A7000889A7000858
:10B0B0007047704708B5806BFFF7FBFF08BD70470E
:10B0C00008B5806BFFF7FBFF08BD806B026808B511
:10B0D000536823F003035360436D43F0100343654B
:10B0E000012380F85130F6F745F908BD38B505461B
:10B0F000846BFDF7BFFC2B681B68DB05024624D47C
:10B100002368596821F020015960A168C9B96168B4
:10B11000B1F5827F15D1596821F0030159602046AD
:10B120006421FFF7C3FB08B1202363650023E38795
:10B13000012384F85130636D3BB12046F6F71AF9CC
:10B1400038BD596821F00101E8E72046FFF7B0FF5C
:10B15000F6E738B50546846BFDF78CFC2B681B6859
:10B16000DB0502461ED421684B6823F020034B60A8
:10B1700020466421FFF7C4FB18B1636D43F0200340
:10B1800063652268536823F0030353600023E3865A
:10B19000E387012384F85130636D1BB12046F6F735
:10B1A000E9F838BD2046F6F7CBF8FAE7F0B50368C2
:10B1B0005D689A68560685B004464FEA9211C2F35C
:10B1C000801708D4D60706D56E0604D5036C05B0E3
:10B1D000BDE8F0401847960704D5280602D5636CF1
:10B1E0002046F4E741EA521102F4807001F00101B7
:10B1F00001434FEA521657D0AA0655D57FB194F8AD
:10B200005120032A4FF0000148D0626D42F0040241
:10B2100062650091DA6800929A680092009AF107DC
:10B220000CD5626D42F001026265002202929A68BA
:10B2300002921A6822F040021A60029A40B1626DCE
:10B2400042F008026265002203929A680392039A10
:10B25000626D4AB35A6822F0E0025A60012284F813
:10B260005120AA0722D05A68E06C22F003025A60EB
:10B2700040B1104B0365FDF72AFF18B1636D43F031
:10B2800040036365A06C78B10A4B0365FDF71FFFAF
:10B2900050B1636D43F04003636505E00191DA68E6
:10B2A00001929B680193019B05B0F0BD2046F6F723
:10B2B00061F8F9E7B9B2000808B5806B0023C387CD
:10B2C000C386F6F757F808BD036A23F0010370B58B
:10B2D0000362036A446882690D6822F073022A439C
:10B2E0008D6823F002032B430C4DA84203D005F5D3
:10B2F0008065A8420BD1CD6823F008032B43D1E928
:10B30000055624F44074354323F004032C43446071
:10B3100082614A684263036270BD00BF0000014061
:10B32000036A23F4807370B50362036A4468C269D8
:10B330000D6822F073022A438D6823F4007343EAF8
:10B3400005230D4DA84203D005F58065A8420DD117
:10B35000CD6823F4006343EA0523D1E9055624F4BC
:10B360004054354323F4806344EA05144460C261C9
:10B370004A68C263036270BD00000140036A23F49F
:10B38000805330B50362036A4468C2690D6822F4D1
:10B39000E64242EA05228D6823F4005343EA05336E
:10B3A000084DA84203D005F58065A84204D14D6937
:10B3B00024F4804444EA85144460C2614A6802640B
:10B3C000036230BD0000014090F83D30012B30D1C8
:10B3D000022380F83D300368DA6842F00102DA6047
:10B3E000154A93421AD0B3F1804F17D0A2F57C4290
:10B3F000934213D002F5806293420FD002F580622F
:10B4000093420BD002F57842934207D002F5705276
:10B41000934203D0A2F59432934204D19A6802F089
:10B420000702062A03D01A6842F001021A600020BF
:10B4300070470120704700BF00000140704770470F
:10B4400070477047704703681A69910710B5044642
:10B450000ED5DA6892070BD56FF002021A6101224D
:10B4600002779B699B0777D0FFF7EAFF00232377DA
:10B4700023681A69500710D5DA6851070DD56FF0A7
:10B4800004021A61022222779B6913F4407F20464E
:10B4900068D0FFF7D5FF0023237723681A691207C6
:10B4A0000FD5DA6810070CD56FF008021A61042274
:10B4B0002277DB69990720465AD0FFF7C1FF0023A6
:10B4C000237723681A69D20610D5DA68D0060DD51D
:10B4D0006FF010021A6108222277DB6913F4407FB3
:10B4E00020464BD0FFF7ACFF0023237723681A696F
:10B4F000D10708D5DA68D20705D56FF001021A61C5
:10B500002046F7F75FFD23681A69100608D5DA6848
:10B51000110605D56FF080021A61204600F0CDFBC0
:10B5200023681A69520608D5DA68500605D56FF007
:10B5300040021A612046FFF785FF23681A699106C9
:10B5400022D5DA6892061FD56FF0200220461A61D4
:10B55000BDE8104000F0B0BBFFF771FF2046FFF7D9
:10B5600070FF83E7FFF76BFF2046FFF76AFF92E764
:10B57000FFF765FF2046FFF764FFA0E7FFF75FFFD7
:10B580002046FFF75EFFAFE710BD0000254A0368C5
:10B59000904212D0B0F1804F0FD0A2F57C42904281
:10B5A0000BD002F58062904207D002F58062904293
:10B5B00003D002F57842904208D14A6823F0700324
:10B5C0001343CA6823F44073134316E0164A9042AB
:10B5D000F7D002F580629042F3D002F5806290428B
:10B5E000EFD0A2F598329042EBD002F58062904203
:10B5F000E7D002F580629042E3D04A6923F08003ED
:10B60000134303608B68C3620B688362054B9842E7
:10B6100003D003F58063984201D10B6903630123D2
:10B6200043617047000001400040014010B50446EE
:10B6300030B390F83D3003F0FF021BB980F83C2096
:10B64000FCF740FF0223206884F83D30211DFFF7FE
:10B650009DFF012384F84630002084F83E3084F8B2
:10B660003F3084F8403084F8413084F8423084F828
:10B67000433084F8443084F8453084F83D3010BDC0
:10B680000120FCE710B5044630B390F83D3003F0DC
:10B69000FF021BB980F83C20FCF764FF02232068FE
:10B6A00084F83D30211DFFF771FF012384F84630F7
:10B6B000002084F83E3084F83F3084F8403084F82D
:10B6C000413084F8423084F8433084F8443084F8C0
:10B6D000453084F83D3010BD0120FCE710B504462C
:10B6E00030B390F83D3003F0FF021BB980F83C20E6
:10B6F000FFF7A4FE0223206884F83D30211DFFF7E8
:10B7000045FF012384F84630002084F83E3084F859
:10B710003F3084F8403084F8413084F8423084F877
:10B72000433084F8443084F8453084F83D3010BD0F
:10B730000120FCE7036A23F0100370B50362036A7B
:10B74000446882690D6822F4E64242EA05228D6867
:10B7500023F0200343EA05130D4DA84203D005F55D
:10B760008065A8420DD1CD6823F0800343EA05131C
:10B77000D1E9055624F44064354323F0400344EAFC
:10B780008504446082614A688263036270BD00BFC1
:10B790000000014038B590F83C30012B04464FD0F2
:10B7A0000120082A84F83C003AD006D8BAB1042A0D
:10B7B00026D0002384F83C3038BD0C2AF9D120680B
:10B7C000FFF7DCFDC3690A6943F40063C361C36921
:10B7D00023F48063C361C36943EA02232EE0206837
:10B7E000FFF772FD83690A6943F008038361836987
:10B7F00023F0040383618369134383610020D8E746
:10B800002068FFF797FF83690A6943F40063836147
:10B81000836923F480638361836943EA0223ECE74D
:10B820002068FFF77DFDC3690A6943F00803C3611F
:10B83000C36923F00403C361C3691343C361DDE734
:10B840000220B9E770B5046A194E24F001040462BD
:10B85000B0428469056A26D0B0F1804F23D0A6F5A6
:10B860007C46B0421FD006F58066B0421BD006F57C
:10B870008066B04217D006F57846B04213D006F580
:10B880007056B0420FD0A6F59436B0420BD044F0BB
:10B89000010263F3071201F00A0125F00A031943BC
:10B8A0008261016270BD24F003042243F1E700BF0E
:10B8B00000000140F8B590F83C30012B05460C46DD
:10B8C00000F082800120082A85F83C005CD006D870
:10B8D00042B3042A36D0002385F83C30F8BD0C2A48
:10B8E000F9D12B68CE68D1E90027196A21F480517B
:10B8F0001962D969186A21F44071120341EA0721DB
:10B9000020F4204002F4204266F30F310243D96153
:10B910001A62DA69A16822F44062DA61DA6942EAFD
:10B9200001224FE02868CB68D1E90012FFF78AFFB7
:10B930008369A26823F00C038361836913438361E5
:10B940000020C8E72B68CE68D1E90027196A21F0EA
:10B95000100119629969186A21F44071120141EAD3
:10B96000072120F0A00002F0A00266F30F3102438D
:10B9700099611A629A69A16822F440629A619A698F
:10B9800042EA01229A61DBE72B68E768186A20F433
:10B990008070D1E900211862DE69186A26F003067A
:10B9A0001202314320F4206002F4206267F3071191
:10B9B0000243D9611A62DA69A16822F00C02DA61E5
:10B9C000DA690A43DA61BBE7022087E710B58468C9
:10B9D0000A4324F47F4442EA03222243826010BDDA
:10B9E00038B590F83C30012B04464FF0020000F0CF
:10B9F0008E8084F83D000122206884F83C20836812
:10BA000023F47F4323F0770383600B68602B4FD0D0
:10BA100032D8402B64D016D8202B0DD00AD833F062
:10BA2000100109D0012384F83D30002384F83C3014
:10BA3000104638BD302BF5D1826822F070021343D6
:10BA400043F0070328E0502BECD14A68CD68016A27
:10BA5000036A23F001030362836921F00A0123F0E2
:10BA6000F00343EA05130A4383610262836823F00B
:10BA7000700343F057030FE0B3F5805F0DD0B3F5CB
:10BA8000005F0CD0702BCDD1CB68D1E90121FFF73D
:10BA90009DFF836843F0770383600022C2E7CB6891
:10BAA000D1E90121FFF792FF836843F48043F3E774
:10BAB000036A4D68C96823F0100303628269036A50
:10BAC00022F4704223F0A00343EA051342EA013254
:10BAD00082610362836823F0700343F06703DBE74E
:10BAE0004A68CD68016A036A23F00103036283692F
:10BAF00021F00A0123F0F00343EA05130A438361AE
:10BB00000262836823F0700343F04703C4E70246F0
:10BB10008EE7036A10B501F01F0101248C4023EA6F
:10BB200004030362036A8A401A43026210BD0000E4
:10BB300008B529B990F83E30012B1FD0012035E01F
:10BB4000042907D190F83F30012BF7D1022380F868
:10BB50003F3016E008290CBF90F8403090F8413093
:10BB6000013B18BF0123002BE8D108294FF0020345
:10BB70000CBF80F8403080F8413002E0022380F8AA
:10BB80003E3000680122FFF7C4FF164B984203D0F5
:10BB900003F5806398420AD1436C43F40043436445
:10BBA000836803F00703062B17D1002008BDB0F10E
:10BBB000804FF5D00C4B9842F2D003F58063984249
:10BBC000EED003F580639842EAD003F59A339842A9
:10BBD000E6D0A3F594339842E2D0036843F0010322
:10BBE0000360E2E70000014000040040FFF7A0BF4F
:10BBF00030B590F83C30012B02464FF0020032D0B5
:10BC0000136882F83D005C680D68986824F0700441
:10BC10002C435C60144CA3421AD0B3F1804F17D070
:10BC2000A4F57C44A34213D004F58064A3420FD052
:10BC300004F58064A3420BD004F57844A34207D0F6
:10BC400004F57054A34203D0A4F59434A34204D164
:10BC5000496820F08000014399600123002082F8A8
:10BC60003D3082F83C0030BD0000014090F83C308F
:10BC7000012B02461ED0CB68886823F4407303432F
:10BC8000486823F480630343086823F40063034394
:10BC9000086923F4805303434869C96923F40053B6
:10BCA000034323F480430B43116800204B6482F864
:10BCB0003C0070470220704770477047026802F1ED
:10BCC0000C0353E8003F23F490730C3242E8003138
:10BCD00002680029F2D102F1140353E8003F23F077
:10BCE000010302F1140C4CE800310029F3D1036B7D
:10BCF000012B0BD102F10C0353E8003F23F010039A
:10BD000002F10C0C4CE800310029F3D1202380F81B
:10BD10003E300023036370470268C16838B5136979
:10BD200023F440530B431361054683680069D168CF
:10BD3000034368690343E86921F4164121F00C01CB
:10BD400003430B43D3605369A96923F440730B4346
:10BD500053611F4B9A4203D003F580639A4224D16A
:10BD6000FEF7E4FCEA691921B2F5004FD5E900437A
:10BD7000A0FB01011CD1DA184FF0000545EB0503CB
:10BD8000F5F7B8F86422B0FBF2F102FB1103DB0017
:10BD90003233B3FBF2F303F007025B0002EB011254
:10BDA00003F4F8731344A36038BDFEF7AFFCD9E782
:10BDB0009A009B0FF5F79EF86422B0FBF2F102FBAC
:10BDC00011031B013233B3FBF2F303EB0113EAE778
:10BDD00000100140F8B504460E4617461D4622687D
:10BDE000136836EA030301D1002028E06B1CF7D06A
:10BDF00025B1FCF73FFEC01B8542F0D2226802F15C
:10BE00000C0353E8003F23F4D0730C3242E80030B7
:10BE100021680028F2D101F1140353E8003F23F018
:10BE2000010301F1140040E80032002AF3D120237D
:10BE300084F83D3084F83C2084F83E300320F8BD7F
:10BE400010B5044640B390F83D3003F0FF021BB933
:10BE500080F83C20FCF7EEFB2268242384F83D3078
:10BE6000D36823F40053D3602046FFF755FF2368BF
:10BE70001A6922F490421A615A6922F02A025A6120
:10BE8000DA6842F40052DA6000202023206484F84B
:10BE90003D3084F83E3010BD0120FCE72DE9F84329
:10BEA000984690F83D30202B04460E46174648D160
:10BEB000002944D0002A42D090F83C30012B40D0D9
:10BEC000012380F83C3000252123056480F83D30B3
:10BED000FCF7D0FDA368A784B3F5805F8146E784B3
:10BEE00003D123690BB935461E46002384F83C3044
:10BEF000E38C9BB253B943464A4640212046FFF7A4
:10BF000069FF50B9202384F83D3007E043464A4694
:10BF100080212046FFF75EFF10B10320BDE8F883C3
:10BF200022684EB935F8023BC3F308035360E18C35
:10BF3000013989B2E184DBE716F8013BF6E701201D
:10BF4000ECE70220EAE770477047704708B5806B5E
:10BF50000023C385C384FFF7F8FF08BD704790F83E
:10BF60003E30222B07B541D181680268836AB1F562
:10BF7000805F3DD1016900293DD15268C2F30802BA
:10BF800023F8022B8362C38D013B9BB2C385002B38
:10BF90002CD10268D16821F02001D160D16821F450
:10BFA0008071D160516921F001015161202280F836
:10BFB0003E20026B012A026827D1036302F10C03C1
:10BFC00053E8003F23F0100302F10C0C4CE8003161
:10BFD0000029F3D11368DB0605D50191136801939D
:10BFE00053680193019B818DFFF7B8FF03B000BD3B
:10BFF00039B9016929B95268D2B21A70836A01331A
:10C00000C0E7526802F07F02F7E7FFF79DFFEDE718
:10C0100003681A6873B51607D9685D69044608D1C4
:10C02000960668D58D0666D502B0BDE87040FFF76C
:10C0300096BF05F0010001F4907505435BD0D6076B
:10C0400005D5CD0542BF236C43F00103236453079C
:10C0500004D518B1236C43F002032364960704D57A
:10C0600018B1236C43F004032364150707D501F0CE
:10C07000200303431EBF236C43F008032364236C97
:10C08000002B32D0920604D58B0602D52046FFF74E
:10C0900066FF26687369226C03F0400302F0080211
:10C0A00053EA0205204622D0FFF708FE73695E06B8
:10C0B00018D5226802F1140353E8003F23F040032F
:10C0C000143242E800310029F3D1A06B50B1724B19
:10C0D0000365FCF7FCFF40B1A06B036D02B0BDE847
:10C0E000704018472046FFF730FF02B070BDFFF7E1
:10C0F0002CFF2564F9E7206B012840F09180D506DC
:10C1000040F18E80C80640F18B80002201921A68AF
:10C1100001925A680192019A5A6952064CD5A16B54
:10C120000A68526892B2002ADFD0A08D9042DCD912
:10C13000E285CA69B2F5807F36D003F10C0252E87D
:10C14000002F22F4807203F10C0040E80021002946
:10C15000F3D103F1140252E8002F22F0010203F19F
:10C16000140040E800210029F3D103F1140252E841
:10C17000002F22F0400203F1140040E800210029C2
:10C18000F3D1202284F83E20216303F10C0252E80F
:10C19000002F22F0100203F10C0040E800210029DA
:10C1A000F3D1A06BFCF755FFE38DA18DC91A89B2BD
:10C1B0002046FFF7D3FE98E7E28DE18D89B292B277
:10C1C000002992D0A18D891A89B200298DD003F15E
:10C1D0000C0252E8002F22F4907203F10C0545E89E
:10C1E00000200028F3D103F1140252E8002F22F0BE
:10C1F000010203F1140545E800200028F3D12022B4
:10C2000084F83E20206303F10C0252E8002F22F054
:10C21000100203F10C0545E800200028F3D1C7E720
:10C22000160628D50D0626D594F83D20212A7FF440
:10C230005CAFA168226AB1F5805F17D12169A9B905
:10C2400032F8021BC1F3080159602262E28C013A04
:10C2500092B2E284002A7FF448AFDA6822F08002CA
:10C26000DA60DA6842F04002DA603EE7511C21628F
:10C2700012785A60EAE750067FF537AF4A067FF535
:10C2800034AFDA6822F04002DA60202384F83D30CF
:10C290002046FFF758FE28E74DBF000808B54FF0CD
:10C2A000E0231B6901F02AFA012803D0BDE8084009
:10C2B00001F028BD08BD0000EFF305832BB9064B44
:10C2C000186828B901221A6070476FF0050070479E
:10C2D0004FF0FF30704700BFF052002010B5EFF371
:10C2E00005845CB9084B1A68012A0AD1074AD47739
:10C2F00002221A6000F0FAFE204610BD6FF0050021
:10C30000FBE74FF0FF30F8E7F052002000ED00E0CF
:10C31000EFF305830BB100F047BF00F03FBFF0B56E
:10C3200087B0144600220B460592EFF30582FAB956
:10C33000F0B15CB3A56925B1691E372902D9002087
:10C3400017E018256268D207F9D466699EB1B20871
:10C35000D4E9027C21688FB1BCF1A70F08D9246908
:10C3600034B12EB1CDE90147009500F059FE05909A
:10C37000059807B0F0BD4FF40072E9E7BCF1000F7B
:10C38000F6D12469002CF3D10C4602E018254FF4B5
:10C39000007205A9CDE9005192B2214600F078FE65
:10C3A00001281CBF00230593E2E708B5EFF30582DF
:10C3B00022B908B101F054F8002008BD6FF0050063
:10C3C000FBE737B50546EFF305845CB900F0E6FE00
:10C3D000291A0029019008DD01A800F0F7FF204686
:10C3E00003B030BD6FF00500FAE76FF00300F7E728
:10C3F00038B50546EFF305843CB948B100F04CFC74
:10C40000284600F061FC204638BD6FF00500FBE7D0
:10C410006FF00300F8E7F7B505460E461446EFF354
:10C4200005871FB10025284603B0F0BD0028F9D0CC
:10C430000029F7D0DAB1D2E9023283B14F2AF1D91B
:10C440002269002AEED066694D43AE42EAD30097D6
:10C4500000F0A0F905460028E4D0246811E0002A85
:10C46000E0D12369002BDDD16369002BDAD12846A6
:10C470000022314600F0DCF905460028D2D0002C1D
:10C48000EBD12146284600F0F5FBCCE773B51C46FE
:10C49000EFF30586DEB138B331B32BBB01AA0193AC
:10C4A00000F09FFA012803D06FF0020002B070BDC7
:10C4B000019B0BB90020F9E74FF0E0234FF08052C9
:10C4C000C3F8042DBFF34F8FBFF36F8FF2E758B15E
:10C4D00051B13346224600F0D2F90128EAD0002CAF
:10C4E000E2D06FF00100E1E76FF00300DEE737B55F
:10C4F0001C46EFF30583DBB130B329B324BB01AA9B
:10C50000019400F06AFB012803D06FF0020003B031
:10C5100030BD019B0BB90020F9E74FF0E0234FF04D
:10C520008052C3F8042DBFF34F8FBFF36F8FF2E734
:10C5300050B149B1224600F0B1FA0128EBD0002CED
:10C54000E3D06FF00100E2E76FF00300DFE7FFF7F1
:10C550004FBF0000034B0360034B0B604FF40073AD
:10C560001360704748520020484A0020034B036084
:10C57000034B0B604FF4806313607047A0490020A9
:10C58000A039002000F108034FF0FF32C0E9022378
:10C590004360036100230360704700230361704719
:10C5A00043684B609A688A605160996003680861CB
:10C5B00001330360704730B50C68631C0AD103690E
:10C5C0005A684A6091608B60596003680861013362
:10C5D000036030BD00F10802134652681568A54299
:10C5E000FAD9EDE7D0E9011203698A605160596810
:10C5F000814208BF5A60002202611A68013A1A603B
:10C600001868704710B5044601F014FBA46B01F0E4
:10C6100031FBB4FA84F0400910BD70B51646026CC7
:10C62000856B044642B906689EB9806801F076F8C9
:10C63000A6600135A56370BD6EB9406801F052FE79
:10C640006368226C1344A2686360934224BF23682A
:10C6500063600020EDE7C06801F044FE226CE368EF
:10C6600051429B1A2268E36093423EBFA3685B1865
:10C67000E360022EEDD10DB1013DEAE72846D8E78F
:10C68000034610B41A6C084662B1DC68A1189C68B5
:10C69000D960A14228BF19685DF8044B28BFD96052
:10C6A00001F020BE5DF8044B704770B5044601F000
:10C6B000C1FA94F8455004F124066DB2002D01DD55
:10C6C000636AB3B9FF2384F8453001F0D3FA01F06F
:10C6D000B1FA94F8445004F110066DB2002D01DD5A
:10C6E00023697BB9FF2384F84430BDE8704001F032
:10C6F000C1BA304600F064FF08B100F0E9FF013D27
:10C700006DB2DBE7304600F05BFF08B100F0E0FF00
:10C71000013D6DB2E2E738B50D46044640B94FF031
:10C72000500383F31188BFF36F8FBFF34F8FFEE782
:10C7300001F080FAD4E90F31226862604B43D018CF
:10C740005B1A1A44A060FF230020A063E26084F813
:10C75000443084F84530A5B9236973B104F1100061
:10C7600000F02EFF48B14FF0E0234FF08052C3F8A5
:10C77000042DBFF34F8FBFF36F8F01F07BFA0120C1
:10C7800038BD04F11000FFF7FDFE04F12400FFF7AF
:10C79000F9FEF2E737B50D461C4640B94FF050039D
:10C7A00083F31188BFF36F8FBFF34F8FFEE743B959
:10C7B0004FF0500383F31188BFF36F8FBFF34F8F98
:10C7C000FEE74AB191B94FF0500383F31188BFF3EC
:10C7D0006F8FBFF34F8FFEE741B14FF0500383F3EC
:10C7E0001188BFF36F8FBFF34F8FFEE75023019384
:10C7F000019B502B08D04FF0500383F31188BFF3F7
:10C800006F8FBFF34F8FFEE70121002D08BF224637
:10C81000C4E90F0584F8461022602046019BFFF70B
:10C820007AFF9DF8183084F84C30204603B030BDB4
:10C83000F8B50D461746064640B94FF0500383F34E
:10C840001188BFF36F8FBFF34F8FFEE7484350301F
:10C8500001F058FB044670B1002380F8463065B102
:10C8600000F15003C4E90F65236001212046FFF762
:10C8700052FF84F84C702046F8BD0346F2E72DE9DC
:10C88000FF410F4601921E46044640B94FF0500347
:10C8900083F31188BFF36F8FBFF34F8FFEE751B95A
:10C8A000036C43B14FF0500383F31188BFF36F8FD4
:10C8B000BFF34F8FFEE7022E0BD1E36B012B08D0A5
:10C8C0004FF0500383F31188BFF36F8FBFF34F8F87
:10C8D000FEE700F013FF054650B9019B4BB14FF046
:10C8E000500383F31188BFF36F8FBFF34F8FFEE7C1
:10C8F00000254FF0000839E0022E3DD0019B1BB906
:10C9000001F0B8F9002050E015B902A800F098FE37
:10C9100001F0B0F900F03AFC01F08CF994F84430E1
:10C92000FF2B08BF84F8448094F84530FF2B08BFE4
:10C9300084F8458001F09EF901A902A800F08CFE60
:10C94000002848D101F076F9A26BE36B9A422FD10F
:10C9500001F090F9019904F1100000F0F9FD204672
:10C96000FFF7A3FE00F0BEFC50B3012501F062F911
:10C97000A26BE36B9A42BFD2324639462046FFF79C
:10C980004CFE636A1BB104F1240000F019FE48B1AB
:10C990004FF0E0234FF08052C3F8042DBFF34F8FC8
:10C9A000BFF36F8F01F066F9012004B0BDE8F0819C
:10C9B00001F060F92046FFF778FE00F093FCD4E721
:10C9C0004FF0E0234FF08052C3F8042DBFF34F8F98
:10C9D000BFF36F8FC9E72046FFF767FE00F082FCC8
:10C9E00090E72DE9F843894617461E46044640B9AC
:10C9F0004FF0500383F31188BFF36F8FBFF34F8F56
:10CA0000FEE751B9036C43B14FF0500383F3118833
:10CA1000BFF36F8FBFF34F8FFEE7022E0BD1E36B97
:10CA2000012B08D04FF0500383F31188BFF36F8FB1
:10CA3000BFF34F8FFEE701F011FAEFF311884FF0CB
:10CA4000500383F31188BFF36F8FBFF34F8FA26B37
:10CA5000E36B9A4201D3022E1ED194F84550A36B8A
:10CA60006DB2324649462046FFF7D7FD6B1C0ED10A
:10CA7000636A3BB104F1240000F0A2FD10B10FB1D4
:10CA800001233B60012088F31188BDE8F88301355C
:10CA90006DB284F84550F5E70020F4E72DE9FF4139
:10CAA0000E460192044640B94FF0500383F31188BB
:10CAB000BFF36F8FBFF34F8FFEE751B9036C43B1E4
:10CAC0004FF0500383F31188BFF36F8FBFF34F8F85
:10CAD000FEE700F013FE054650B9019B4BB14FF045
:10CAE000500383F31188BFF36F8FBFF34F8FFEE7BF
:10CAF00000254FF000083DE0019B1BB901F0BAF89A
:10CB0000002056E015B902A800F09AFD01F0B2F835
:10CB100000F03CFB01F08EF894F84430FF2B08BF86
:10CB200084F8448094F84530FF2B08BF84F8458092
:10CB300001F0A0F801A902A800F08EFD002841D163
:10CB40002046FFF75FFDB8B3019904F1240000F01F
:10CB5000FFFC2046FFF7A9FD00F0C4FB48B94FF0E9
:10CB6000E0234FF08052C3F8042DBFF34F8FBFF383
:10CB70006F8F012501F05EF8A76B002FBCD0314606
:10CB80002046013FFFF77CFDA763236973B104F1E1
:10CB9000100000F015FD48B14FF0E0234FF0805237
:10CBA000C3F8042DBFF34F8FBFF36F8F01F062F80E
:10CBB000012004B0BDE8F0812046FFF776FD00F0CB
:10CBC00091FBD6E72046FFF770FD00F08BFB204677
:10CBD000FFF718FD0028CCD092E72DE9F8438946ED
:10CBE0009046044640B94FF0500383F31188BFF3D9
:10CBF0006F8FBFF34F8FFEE751B9036C43B14FF016
:10CC0000500383F31188BFF36F8FBFF34F8FFEE79D
:10CC100001F024F9EFF311874FF0500383F31188EB
:10CC2000BFF36F8FBFF34F8FA56B0DB394F84460C4
:10CC3000494676B22046FFF723FD013D731CA563EC
:10CC400011D1236953B104F1100000F0B9FC28B1EF
:10CC5000B8F1000F02D00123C8F80030012087F39B
:10CC60001188BDE8F883013676B284F84460F5E7B0
:10CC70002846F4E730B5074A002352F8335002EB58
:10CC8000C3041DB942F83310606030BD0133082B76
:10CC9000F3D1FAE7F452002010B5094A002352F804
:10CCA000331081424FEAC30406D1064A002142F8FC
:10CCB00033102244516010BD0133082BEFD1FAE745
:10CCC000F8520020F452002010B540B94FF0500344
:10CCD00083F31188BFF36F8FBFF34F8FFEE7FFF72A
:10CCE000DBFF90F846301BB9BDE8104001F0A4B955
:10CCF00010BD70B504460D46164600F09BFF94F833
:10CD00004430FF2B04BF002384F8443094F84530AE
:10CD1000FF2B04BF002384F8453000F0ABFFA36B6A
:10CD20002BB93246294604F1240000F02BFC2046A2
:10CD3000BDE87040FFF7B9BC2DE9F041044600F0B2
:10CD400079FF304B304E1A68304F01321A60356827
:10CD5000002D4BD134601B68012B1FD1B8464046D3
:10CD60000135FFF70FFC382D08F11408F7D1DFF873
:10CD7000C480274D4046FFF705FC2846FFF702FC1C
:10CD80002448FFF7FFFB2448FFF7FCFB2348FFF78D
:10CD9000F9FB234BC3F80080224B1D60224A136825
:10CDA00001331360214A63641168E36A14208B42E3
:10CDB00000FB037004F1040188BF1360FFF7F0FB70
:10CDC00000F058FF1A4B1B6873B13368DA6AE36AE4
:10CDD0009A4209D24FF0E0234FF08052C3F8042D5D
:10CDE000BFF34F8FBFF36F8FBDE8F081104B1B680F
:10CDF000002BD3D13368DA6AE36A9A4298BF346071
:10CE0000CCE700BF585300202C580020CC53002002
:10CE1000A453002088530020745300205C5300204A
:10CE2000A05300209C5300203C530020505300206E
:10CE30004C530020B8530020F8B5154B154D1C6815
:10CE40000646286804300F46FFF7CCFB731C07D159
:10CE500037B129681048BDE8F8400431FFF7A0BB9E
:10CE60002B68A4195C6007D30C4B18682968BDE8CF
:10CE7000F8400431FFF79FBB094B1868296804315B
:10CE8000FFF799FB074B1A68A24288BF1C60F8BDE8
:10CE9000545300202C5800205C5300209C53002049
:10CEA000A053002038530020064A13681968064B27
:10CEB00019B94FF0FF321A6070471268D268D26811
:10CEC0005268F8E7A05300203853002010B50446FC
:10CED000543001F075F994F8A5303BB9206B01F09E
:10CEE000ABF82046BDE8104001F0A6B8012BF8D001
:10CEF000022B08D04FF0500383F31188BFF36F8FDC
:10CF0000BFF34F8FFEE710BD80B5134C134F144D88
:10CF1000236873B9134B1B68012BF8D94FF0E0233A
:10CF20004FF08052C3F8042DBFF34F8FBFF36F8FC4
:10CF3000EDE700F07FFEFB68DE68301DFFF752FB77
:10CF40002B68013B2B602368013B236000F092FEBD
:10CF50003046FFF7BBFFDBE770530020745300201F
:10CF600058530020CC5300202DE9F047DDE9099407
:10CF70009600324607460D46206BA521984601F0E3
:10CF800017F9236B043E1E4426F00706002D41D0FE
:10CF90006B1E04F133020F3513F8011F02F8011F55
:10CFA00009B1AB42F8D1002384F84330089D372DF6
:10CFB00028BF37254FF0000AE562E564201DC4F85C
:10CFC00050A0FFF7EAFAC5F1380504F11800FFF7A1
:10CFD000E4FAC4F8A0A04C2251462461A561646221
:10CFE00084F8A4A004F1540001F0E2F80B4BA3650F
:10CFF00003F16802D033E265236642463946304683
:10D0000000F0EEFD2060B9F1000F01D0C9F800403A
:10D01000BDE8F08784F83450C8E700BF84E90120F8
:10D0200070B586B0DDE90B5445B94FF0500383F37A
:10D030001188BFF36F8FBFF34F8FFEE744B94FF0F6
:10D04000500383F31188BFF36F8FBFF34F8FFEE759
:10D05000A8260596059EA82E08D04FF0500383F30E
:10D060001188BFF36F8FBFF34F8FFEE72563022553
:10D0700084F8A55004AD01950A9D02940095059E83
:10D08000FFF772FF2046FFF757FE049806B070BD09
:10D090002DE9F043074685B090008846164699462C
:10D0A00000F030FF054620B94FF0FF3005B0BDE875
:10D0B000F083A82000F026FF044698B1002380F8F2
:10D0C000A5300D9B056301930C9B029000933246A3
:10D0D0004B4641463846FFF747FF2046FFF72CFEF8
:10D0E0000120E3E7284600F0A7FFDDE710B588B090
:10D0F000002407AA06A905A8CDE90544FFF72AFAE6
:10D10000059B0293069B079A19491A48CDE90043EB
:10D110002346FFF785FF40B300F094FB012819D1A7
:10D120004FF0500383F31188BFF36F8FBFF34F8F1E
:10D13000114B124A1B6854331360114B4FF0FF32EE
:10D140001A60104B1860104B1C6008B0BDE810400E
:10D1500000F000BE013008D14FF0500383F3118876
:10D16000BFF36F8FBFF34F8FFEE708B010BD00BF56
:10D17000B636010809CF00082C5800201000002006
:10D18000385300204C53002054530020024A1368A7
:10D1900001331360704700BF34530020014B1868FF
:10D1A000704700BF5453002008B500F057FE014BF4
:10D1B000186808BD545300203F4B1B682DE9F74FFA
:10D1C000002B73D13D4B1C6801341C60BCB93C4B37
:10D1D0001A68126842B14FF0500383F31188BFF30D
:10D1E0006F8FBFF34F8FFEE7364A196810681860DB
:10D1F0001160354A136801331360FFF755FE334E53
:10D20000334F3368DFF8D4809C424FF000050AD3D7
:10D21000DFF8ACA0DFF8C8B0DAF800301B68A3B9BB
:10D220004FF0FF333360D8F80030DB6A14225343E9
:10D23000F858284B1B68012898BF002B14BF012009
:10D240000020284303B0BDE8F08FDAF80030DB6837
:10D25000D3F80C90D9F80420944201D23260E2E76E
:10D2600009F1040318460193FFF7BCF9D9F8282007
:10D270001AB109F11800FFF7B5F9D9F82C00DBF85D
:10D2800000201423904288BFCBF8000009F104016C
:10D2900003FB0070FFF784F9D8F80010D9F82C20B0
:10D2A000CB6A9A4228BF45F00105B5E70A4A1368E0
:10D2B000013313600020C5E734530020545300208D
:10D2C000A05300209C5300204053002038530020DE
:10D2D000CC53002044530020485300202C580020F9
:10D2E000505300202DE9F041304C236843B94FF0F2
:10D2F000500383F31188BFF36F8FBFF34F8FFEE7A7
:10D3000000F098FC2368013B236024682CB10024C2
:10D3100000F0B0FC2046BDE8F081254B1B68002BD7
:10D32000F5D0244D244EDFF8A0801DE0EB68DC68CA
:10D33000271D04F11800FFF755F93846FFF752F999
:10D34000E36A32681420934200FB0380394688BFA9
:10D350003360FFF725F9194BE26A1B68DB6A9A42D2
:10D3600002D3174B01221A602B68002BDED10CB1BF
:10D37000FFF79AFD134D2C6844B1114E0127FFF7BA
:10D380001BFF00B13760013CF9D12C600C4B1B68CE
:10D39000002BBCD04FF0E0234FF08052C3F8042D97
:10D3A000BFF34F8FBFF36F8F0124B1E734530020D9
:10D3B0005853002088530020505300202C58002040
:10D3C0004453002048530020CC53002010B540B9EE
:10D3D0004FF0500383F31188BFF36F8FBFF34F8F6C
:10D3E000FEE741B94FF0500383F31188BFF36F8F0D
:10D3F000BFF34F8FFEE7184B1B6843B14FF050034C
:10D4000083F31188BFF36F8FBFF34F8FFEE7FFF7F2
:10D41000BDFE124B04681A6863182CBF012100215D
:10D4200094420FD979B90360FFF75CFF48B94FF018
:10D43000E0234FF08052C3F8042DBFF34F8FBFF3AA
:10D440006F8F10BD09B99A42EDD203600021981A7E
:10D45000FFF7F2FCE8E700BF3453002054530020EC
:10D4600008B550B94FF0E0234FF08052C3F8042DB7
:10D47000BFF34F8FBFF36F8F08BD0A4B196841B1DF
:10D480004FF0500383F31188BFF36F8FBFF34F8FBB
:10D49000FEE7FFF77BFEFFF7CFFCFFF723FF002837
:10D4A000E0D0E9E734530020F8B5234B1A68234B4A
:10D4B00012B101221A60F8BD214C1A6023681B6B5F
:10D4C0001A68B2F1A53F0BD15A68B2F1A53F07D156
:10D4D0009A68B2F1A53F03D1DB68B3F1A53F04D050
:10D4E000206821683431F3F7CDFE164E164D3168B1
:10D4F000142707FB01F3E818EA5882B142680833A1
:10D50000526842602B449A4204BF52684260D3681A
:10D510002360316023680D4A54331360CBE741B96F
:10D520004FF0500383F31188BFF36F8FBFF34F8F1A
:10D53000FEE70139DDE700BF3453002044530020EB
:10D540002C58002050530020CC5300201000002005
:10D5500010B50C4640B94FF0500383F31188BFF368
:10D560006F8FBFF34F8FFEE7054B19681831FFF738
:10D5700022F820460121BDE81040FFF75DBC00BF46
:10D580002C58002038B50D46144640B94FF05003D2
:10D5900083F31188BFF36F8FBFF34F8FFEE7074B05
:10D5A00019681831FEF7FCFF002C21460CBF2846F5
:10D5B0004FF0FF30BDE83840FFF73EBC2C5800204C
:10D5C00038B5C368DC6844B94FF0500383F3118861
:10D5D000BFF36F8FBFF34F8FFEE704F118052846A6
:10D5E000FFF700F8104B1B68DBB9251D2846FEF736
:10D5F000F9FF0E4AE36A11688B4288BF13600C4A38
:10D600001420294600FB0320FEF7CAFF094BE26AFB
:10D610001B68DB6A9A4283BF074B01201860002019
:10D6200038BD06482946EFE7345300205053002008
:10D63000CC5300202C580020445300208853002055
:10D64000034B1B680360034B1B684360704700BFBC
:10D65000405300205453002070B50C46054640B995
:10D660004FF0500383F31188BFF36F8FBFF34F8FD9
:10D67000FEE741B94FF0500383F31188BFF36F8F7A
:10D68000BFF34F8FFEE700F0D5FA0F4B1968236800
:10D690005A1C10D00D482E6800686A68864201D076
:10D6A0008A420FD9881A83420AD95B1A134423602D
:10D6B0002846FFF7C5FF002400F0DCFA204670BDC5
:10D6C000002323600124F7E7545300204053002037
:10D6D000014B01221A6070474453002008B9064BE1
:10D6E0001868026B0020135CA52B02D0C0F38F00DA
:10D6F00070470130F7E700BF2C580020054B1B682E
:10D7000033B1054B1868B0FA80F04009400070470B
:10D71000012070474C5300203453002038B508B91D
:10D72000002038BD1B4B1C68844208D04FF05003CA
:10D7300083F31188BFF36F8FBFF34F8FFEE7236D25
:10D7400043B94FF0500383F31188BFF36F8FBFF3DA
:10D750004F8FFEE7E16AE26C013B91422365DFD027
:10D76000002BDDD1251D2846FEF73CFFE36CE3626C
:10D77000C3F13802A261084A11688B4288BF136066
:10D78000064A142000FB03202946FEF709FF01206A
:10D79000C7E700BF2C58002050530020CC53002076
:10D7A000914208B5416000610AD8D21A83699A4251
:10D7B0000DD2084B011D1868FEF7FDFE002008BDC4
:10D7C0009A4201D2994202D2034B011DF3E7012094
:10D7D000F5E700BF2C59002030590020F7B5114C57
:10D7E00000F028FA2568BDB90F4F104E3846FEF7F5
:10D7F000C9FE3046FEF7C6FE0D4B0E4A1F600E4BAB
:10D8000010211E600A200D4B0095FEF7C3FF20601B
:10D8100010B10B49FFF72EFA03B0BDE8F04000F05D
:10D8200029BA00BF28590020485900203459002047
:10D8300030590020805800202C59002030580020FA
:10D84000BB36010810B588B0FFF7C8FF124B1B6844
:10D85000B3B1002407AA06A905A8CDE90544FEF73F
:10D8600085FE059B0293069B019302230093079A72
:10D870000A490B482346FFF7D3FB0A4B186040B90F
:10D880004FF0500383F31188BFF36F8FBFF34F8FB7
:10D89000FEE7012008B010BD28590020C03601085D
:10D8A00075D90008245900207FB5154604461A464C
:10D8B00040B94FF0500383F31188BFF36F8FBFF36C
:10D8C0004F8FFEE70D4E306888B10529CDE9001570
:10D8D00002940EDCFFF712FF0346022B4FF0000309
:10D8E00030680CBF089A1A466946FEF7C8FF04B0B4
:10D8F00070BD00236946FFF774F8F8E72859002047
:10D90000F7B51A4D2B681A682AB9194A11682960A7
:10D91000136003B0F0BDDB68DC681E68271D384665
:10D92000FEF760FE236A2046984794F828305B078C
:10D93000E8D5A36933449E4206D228686360246117
:10D940003946FEF738FEDDE70023009332461946DC
:10D950002046FFF7A9FF0028D4D14FF0500383F3EE
:10D960001188BFF36F8FBFF34F8FFEE73059002050
:10D970002C5900202DE9F043764F774E87B03B6855
:10D98000D3F80080B8F1000F28D0DB68D3F800800E
:10D990000024FFF7FBFBFFF701FC336898420546C4
:10D9A0001ED3306024B36D4B1B681C68B4FA84F43A
:10D9B00064096B4B22461868A8EB0501FFF799F93B
:10D9C000FFF790FC88B94FF0E0234FF08052C3F886
:10D9D000042DBFF34F8FBFF36F8F06E00124D8E70C
:10D9E000FFF78EFF3560FFF77DFCDFF8748138E0CC
:10D9F0008045DED8FFF776FC3B68DB68D3F80C90F7
:10DA000009F10400FEF7EEFD99F82830580719D502
:10DA1000D9F8181043462A4641444846FFF7C0FE4D
:10DA2000A0B100942346424621464846FFF73CFFFA
:10DA300060B94FF0500383F31188BFF36F8FBFF3CA
:10DA40004F8FFEE723F0010389F82830D9F8203002
:10DA500048469847C9E7039B05999847029B002BC6
:10DA60000BDAD8F80000002202A9FFF717F8002807
:10DA700085D0029B0498002BEDDB049C636993B96D
:10DA8000FFF78CFB33689842054601D2FFF738FF59
:10DA9000029B3560092BE4D8DFE803F0090909335C
:10DAA0003A530909333A201DFEF79CFDE8E794F844
:10DAB0002830A16943F0010384F82830039B2A46EB
:10DAC00019442046FFF76CFE0028CAD0236A20467E
:10DAD000984794F828305907C3D5A26903990023C1
:10DAE0000A44009319462046FFF7DEFE0028B8D10D
:10DAF0004FF0500383F31188BFF36F8FBFF34F8F45
:10DB0000FEE794F8283023F0010384F82830A8E7D2
:10DB100094F828300399A16143F0010384F8283078
:10DB200041B94FF0500383F31188BFF36F8FBFF3F8
:10DB30004F8FFEE72B462A4629442046FFF730FE4A
:10DB40008FE794F828309A07DDD4204600F074FA65
:10DB500087E700BF30590020205900202C590020B1
:10DB60002859002008480068006880F308884FF0B2
:10DB7000000080F3148862B661B6BFF34F8FBFF325
:10DB80006F8F00DF00BF000008ED00E0DFF80C0041
:10DB9000016841F4700101607047000088ED00E009
:10DBA00082B0002301930D4B1B68013308D04FF066
:10DBB000500383F31188BFF36F8FBFF34F8FFEE7DE
:10DBC0004FF0500383F31188BFF36F8FBFF34F8F74
:10DBD000019B002BFCD002B0704700BF0C0000205E
:10DBE0004FF0807340F8043C074B40F80C3C21F0A8
:10DBF00001016FF0020340F8081C40F8202C40F8A7
:10DC0000243C4438704700BFA1DB0008000000003E
:10DC1000074B19680868B0E8F04F80F30988BFF334
:10DC20006F8F4FF0000080F311887047AFF30080D2
:10DC30002C5800204FF0500383F31188BFF36F8FEF
:10DC4000BFF34F8F0A4A13680133012B13600ED1C3
:10DC50004FF0E023D3F8043DDBB243B14FF0500363
:10DC600083F31188BFF36F8FBFF34F8FFEE77047C9
:10DC70000C000020084A136843B94FF0500383F3A7
:10DC80001188BFF36F8FBFF34F8FFEE7013B136027
:10DC90000BB983F3118870470C00002000000000CE
:10DCA000EFF30980BFF36F8F154B1A681EF0100F4A
:10DCB00008BF20ED108A20E9F04F106009B44FF042
:10DCC000500080F31188BFF34F8FBFF36F8FFFF7C2
:10DCD000EBFB4FF0000080F3118809BC196808685D
:10DCE000B0E8F04F1EF0100F08BFB0EC108A80F3C0
:10DCF0000988BFF36F8F7047AFF30080AFF30080E8
:10DD00002C58002008B54FF0500383F31188BFF35F
:10DD10006F8FBFF34F8FFFF74FFA28B14FF0E0231B
:10DD20004FF08052C3F8042D002383F3118808BDFF
:10DD30004FF0E022002313619361054B4FF47A7199
:10DD40001B68B3FBF1F3013B536107231361704779
:10DD5000000000204FF0E02337B5D3F8001D394A0A
:10DD6000914208D14FF0500383F31188BFF36F8FB6
:10DD7000BFF34F8FFEE7D3F8002D334B9A4208D103
:10DD80004FF0500383F31188BFF36F8FBFF34F8FB2
:10DD9000FEE72E4B1A78D2B20192FF221A701B783E
:10DDA0002B4ADBB28DF803309DF8033003F05003AB
:10DDB0001370284A072313609DF80300000603F13F
:10DDC000FF310AD4032B11D04FF0500383F3118895
:10DDD000BFF36F8FBFF34F8FFEE79DF803301160E5
:10DDE0005B00DBB28DF803300B46E5E74FF4407380
:10DDF0001360019B154A4FF0E024DBB21370D4F896
:10DE0000203D43F47003C4F8203DD4F8203D43F096
:10DE10007043C4F8203DFFF78BFF0F4B00251D60BA
:10DE2000FFF7B4FED4F8343F43F04043C4F8343F26
:10DE3000FFF798FEFFF738FBFFF7B2FE284603B066
:10DE400030BD00BF71C20F4170C20F4100E400E05D
:10DE5000605900205C5900200C000020EFF305837E
:10DE60000F2B0ED9114A9B5C114A12789A4208D99D
:10DE70004FF0500383F31188BFF36F8FBFF34F8FC1
:10DE8000FEE74FF0E0230B4AD3F80C3D126803F491
:10DE9000E063934208D94FF0500383F31188BFF336
:10DEA0006F8FBFF34F8FFEE7704700BFF0E300E0D6
:10DEB000605900205C59002010B5104B1A461B68B1
:10DEC0008342FBD354681119884201BF4168104650
:10DED00009195160446801198B420CD1084909683D
:10DEE0008B4203D059682144416019680160904217
:10DEF00018BF106010BD1946F8E700BF7C5900201C
:10DF0000785900202DE9F0410446FFF73FF94349D5
:10DF1000434D0B680BBB434A56071FBFD01D20F073
:10DF2000070002F5C832131A0CBF4FF4C83302467B
:10DF300013443D4E083B23F007030020706032601D
:10DF4000C3E90000981AC2E900300B60374B186033
:10DF5000374B18604FF000432B602F68274207D0E3
:10DF6000FFF7C0F9F3F79CF900263046BDE8F081D1
:10DF7000002CF5D004F1080360071CBF23F0070351
:10DF80000833002BECD0DFF8A880D8F800509D4271
:10DF9000E6D3254A14686068984201D22668B6B96B
:10DFA0000968A142DCD0216816681160C21A102AE3
:10DFB00006F1080612D9E01841070BD04FF05003C4
:10DFC00083F31188BFF36F8FBFF34F8FFEE72246B5
:10DFD0003446E0E742606360FFF76EFF6268134912
:10DFE000AD1A1743134A086867600023236013685B
:10DFF000C8F80050854203F1010338BF0D6013607B
:10E00000FFF770F97307B0D04FF0500383F3118816
:10E01000BFF36F8FBFF34F8FFEE700BF785900202B
:10E0200064590020845900207C5900207059002038
:10E03000745900206C59002010B5044690B31A4A58
:10E0400050F8043C1268134208D14FF0500383F398
:10E050001188BFF36F8FBFF34F8FFEE750F8081C96
:10E0600041B14FF0500383F31188BFF36F8FBFF3BB
:10E070004F8FFEE723EA020340F8043CFFF786F8DF
:10E080000A4A54F8043C1168A4F108000B441360D8
:10E09000FFF712FF064A1368BDE810400133136012
:10E0A000FFF720B910BD00BF64590020745900204B
:10E0B00068590020014B1868704700BF7459002050
:10E0C000014B1868704700BF705900200CB430B580
:10E0D000184B0C1E1D689DB008DA8B232B604FF087
:10E0E000FF301DB0BDE8304002B070474FF40273FE
:10E0F000ADF814304FF000031B9314BF04F1FF334D
:10E100002346049307934FF6FF7302900690ADF8F1
:10E110001630209A21AB02A92846019300F048FA54
:10E12000431CBCBF8B232B60002CDAD0029B002247
:10E130001A70D6E71000002030B51446002C9BB0B2
:10E1400005461A4605DA8B2303604FF0FF301BB0FB
:10E1500030BD4FF40273ADF80C304FF0000319934B
:10E1600014BF04F1FF332346029305934FF6FF7368
:10E1700000910491ADF80E3069461E9B00F018FA2C
:10E18000431CBCBF8B232B60002CE0D0009B0022E3
:10E190001A70DCE707B5009313460A4601460348A8
:10E1A0000068FFF7C9FF03B000BD00BF10000020EA
:10E1B00002440346934200D1704703F8011BF9E77C
:10E1C0002D4B1B68834270B5044653D0C3691BB303
:10E1D000DB6863B10025E369DB685959B1B90435DF
:10E1E000802DF8D1E3692046D96800F089F8E36909
:10E1F000196811B1204600F083F8E3699D685DB1AC
:10E20000294620462D6800F07BF8F8E70E68204686
:10E2100000F076F83146E1E7616911B1204600F07F
:10E220006FF8E16911B1204600F06AF8216B11B175
:10E23000204600F065F8616B11B1204600F060F8EF
:10E24000A16B11B1204600F05BF8A16C11B1204622
:10E2500000F056F8616C11B1204600F051F8E16A07
:10E2600011B1204600F04CF8236A1BB12046BDE8EE
:10E270007040184770BD00BF10000020014B1868A7
:10E28000704700BF1000002070B50D4B0D4D5B1B9B
:10E290009C100026A64209D101F038FE0A4D0B4B16
:10E2A0005B1B9C100026A64205D170BD55F8043BAF
:10E2B00098470136EEE755F8043B98470136F2E7F8
:10E2C000D83C0108D83C0108D83C0108DC3C0108D6
:10E2D00070477047034611F8012B03F8012B002A01
:10E2E000F9D170470A44914200F1FF3300D17047E1
:10E2F00010B511F8014B03F8014F9142F9D110BD4F
:10E3000038B50546002941D051F8043C0C1F002BBC
:10E31000B8BFE41800F0E0F81D4A136833B9636031
:10E3200014602846BDE8384000F0DCB8A34208D9A4
:10E33000206821188B4201BF19685B6809182160A9
:10E34000EDE71A465B680BB1A342FAD91168501881
:10E35000A0420BD120680144501883421160E0D1E3
:10E3600018685B68536008441060DAE702D90C2330
:10E370002B60D6E7206821188B4204BF19685B68C0
:10E38000636004BF091821605460CAE738BD00BF4C
:10E39000C8EA012070B50F4E0C463168054611B928
:10E3A00000F0ACFB30602146284600F0A7FB431C80
:10E3B00003D14FF0FF34204670BDC41C24F0030489
:10E3C000A042F8D0211A284600F098FB0130F2D183
:10E3D000EFE700BFC4EA01202DE9F843CD1C25F08A
:10E3E000030508350C2D38BF0C25002D064601DB32
:10E3F000A94204D90C2333600020BDE8F883DFF87C
:10E40000D48000F069F8D8F800301C4644BB294697
:10E410003046FFF7BFFF431C044658D1D8F80040F0
:10E420002746002F43D1002C4BD023683946304675
:10E4300004EB030900F062FB814542D121686D1AAB
:10E4400029463046FFF7A6FF01303AD023682B4417
:10E450002360D8F800305A6862BBC8F800700FE03B
:10E460002268521B20D40B2A17D96119A3422560B8
:10E4700018BF5960636808BFC8F8001062514B604C
:10E48000304600F02FF804F10B00231D20F00700A8
:10E49000C21A1CBF1B1AA350AFE76268A3420CBF8D
:10E4A000C8F800205A60EBE723466468AEE73C46B4
:10E4B0007F68B6E71A465B68A342FBD1002353602E
:10E4C000DEE70C233360304600F00CF894E705607B
:10E4D000D6E700BFC8EA01200148FFF7F9BE00BF38
:10E4E000C0EA01200148FFF7F4BE00BFC0EA0120E6
:10E4F0002DE9F0478E681F46BE4282460C46904684
:10E50000334653D8B1F90C0010F4906F2BD06569E5
:10E510002368096905EB4505A3EB010905EBD575F2
:10E520007B1C6D104B44AB422A4684BF1D462A46D5
:10E53000430527D511465046FFF74EFF064658B310
:10E5400021694A46FFF7CEFEA38923F4906343F086
:10E550008003A381266165614E44A5EB0905266011
:10E56000A5603E463B461F4620683A46414600F0BD
:10E57000ABFAA3689B1BA36023683B442360002085
:10E58000BDE8F087504600F0C9FA06460028E1D100
:10E5900021695046FFF7B4FE0C23CAF80030A38966
:10E5A00043F04003A3814FF0FF30E9E73E46DBE74D
:10E5B0002DE9F0471F468B891B069CB006460D4689
:10E5C000144610D50B6973B94021FFF705FF286089
:10E5D000286130B90C2333604FF0FF301CB0BDE828
:10E5E000F08740236B610023099320238DF82930A5
:10E5F00003973023654F8DF82A304FF001082346EA
:10E60000994613F8012B0AB1252AF9D1B9EB040A6E
:10E610000BD05346224629463046FFF769FF0130AA
:10E6200000F0A480099A5244099299F80030002B16
:10E6300000F09C8000234FF0FF32CDE9052309F163
:10E640000109049307938DF853301A934C464F48B1
:10E6500014F8011B0522F1F7C3FD049BD0B9D806BD
:10E6600044BF20228DF85320190744BF2B228DF878
:10E67000532099F800202A2A13D0079A4C460020EC
:10E680004FF00A0C214611F8013B303B092B49D9C8
:10E6900068B913E0C01B08FA00F018430490A146C3
:10E6A000D4E7039A111D12680391002A01DB079237
:10E6B00004E0524243F002030792049323782E2B86
:10E6C0000AD163782A2B32D1039B1A1D1B6803924F
:10E6D00043EAE37302340593DFF8C0902178032204
:10E6E0004846F1F77DFD38B1049BA0EB09004022BC
:10E6F000824013430134049314F8011B24488DF81D
:10E7000028100622F1F76CFD002835D0214818BBEF
:10E71000039B073323F0070308330393099B034448
:10E7200009936CE70CFB02320C460120AAE7002398
:10E730000134059319464FF00A0C204610F8012BBE
:10E74000303A092A03D9002BC6D00591C4E70CFB47
:10E75000012104460123F0E703AB00932A460E4B48
:10E7600004A93046AFF30080421CD7D1AB895B06C9
:10E770003FF532AF099831E703AB00932A46064BC9
:10E7800004A9304600F07AF8EEE700BFC836010869
:10E79000D236010800000000F1E40008CE3601087E
:10E7A0002DE9F047164698468A680B69DDF82090F7
:10E7B0009342B8BF1346336091F8432007460C4696
:10E7C0000AB1013333602368990642BF33680233CC
:10E7D0003360256815F0060506D104F1190AE368CF
:10E7E00032689B1AAB4226DC94F843302268003B27
:10E7F00018BF012392062BD404F143024146384648
:10E80000C84701301ED02368226903F00603042B99
:10E8100002BFE5683368ED1AA3680CBF25EAE57509
:10E8200000259342C4BF9B1AED1800261A34B54246
:10E830001AD1002008E00123524641463846C84715
:10E84000013003D14FF0FF30BDE8F0870135C6E756
:10E85000E1185A1C302081F84300224494F84510F6
:10E8600082F843100233C7E7012322464146384667
:10E87000C8470130E6D00136D9E700002DE9F04362
:10E880000D7E85B0782D90460C9E07460C46994625
:10E8900001F1430207D8622D0AD8002D00F0D7807D
:10E8A000582D00F0BC8004F1420684F842503BE051
:10E8B000A5F16303152BF6D801A151F823F000BF91
:10E8C00019E900082DE90008A7E80008A7E80008F2
:10E8D000A7E80008A7E800082DE90008A7E8000855
:10E8E000A7E80008A7E80008A7E8000835EA00083C
:10E8F00057E90008E7E90008A7E80008A7E80008CA
:10E9000057EA0008A7E8000857E90008A7E8000848
:10E91000A7E80008EFE9000833681A1D1B68326099
:10E9200004F1420684F842300123A1E033682068F4
:10E93000191D3160060601D51D6803E04506FBD5AB
:10E94000B3F90050002D03DA2D236D4284F84330D3
:10E950005B480A2311E021683368080653F8045B1A
:10E9600002D4490648BFADB23360237E54486F2BB2
:10E970005CD10823002184F843106668A660002E4D
:10E9800005DB21682E4321F00401216050D016469A
:10E99000B5FBF3F103FB115C10F80CC006F801CDD8
:10E9A000AC4663450D46F3D9082B0BD12368DB0732
:10E9B00008D5236961689942DEBF302306F8013C1F
:10E9C00006F1FF36921B2261CDF80090434603AA60
:10E9D00021463846FFF7E4FE01304ED14FF0FF30BC
:10E9E00005B0BDE8F083236843F020032360354879
:10E9F000782584F845502368316813F0800F51F86A
:10EA0000045B03D113F0400F18BFADB23160D907DA
:10EA100044BF43F0200323601DB11023AAE7284818
:10EA2000E7E7236823F020032360F6E70A23A1E742
:10EA30001646B9E7336825686169181D30602E06EF
:10EA40001B6801D5196002E06806FBD51980002318
:10EA500023611646B8E733681A1D32601E68626883
:10EA600000213046F1F7BCFB08B1801B6060636891
:10EA70002361002384F84330A6E7236932464146E8
:10EA80003846C8470130A9D023689B0713D4E068F3
:10EA9000039B9842B8BF1846A2E70123324641467D
:10EAA0003846C847013099D00135E36803995B1AAD
:10EAB000AB42F2DCEBE7002504F11906F5E700BFF5
:10EAC000D9360108EA360108884210B501EB020484
:10EAD00002D98442234607D8431EA14207D011F829
:10EAE000012B03F8012FF8E70244824200D110BD48
:10EAF00013F8011D02F8011DF7E7000038B5064DB7
:10EB00000023044608462B60F9F73CFF431C02D162
:10EB10002B6803B1236038BDBCEA01202DE9F04128
:10EB2000074614460D4621B9BDE8F0411146FFF7EE
:10EB300053BC2AB9FFF7E4FB25462846BDE8F0811F
:10EB400000F01AF88442064602D8B4EB500FF4D80D
:10EB500021463846FFF740FC804608B94546ECE7B9
:10EB6000B4422246294628BF3246FFF7BBFB29465E
:10EB70003846FFF7C5FBF1E751F8043C181F002B9E
:10EB8000BCBF0B58C018704738B52DED028B55EC43
:10EB9000104B00F0F7F822462B4620462946B0EEEF
:10EBA000408AF0EE608AF1F7C1FF30B900220023FD
:10EBB00020462946F1F792FF30B9B0EE480AF0EE50
:10EBC000680ABDEC028B38BDFFF758FB002200231A
:10EBD0002121016010461946F1F738FE41EC180B6F
:10EBE000B0EE480AF0EE680ABDEC028B38BD00BFFB
:10EBF00000F0D8BA08B52DED028BB0EE408A00F0D7
:10EC0000B9F9B4EE488AF1EE10FA06D6DFED098ABA
:10EC1000B4EEE88AF1EE10FA02D4BDEC028B08BD26
:10EC2000FFF72CFB88EEA80ABDEC028B21230360C2
:10EC300008BD00BF0000000010EE103A184923F094
:10EC400000428A4219D9B2F1FF4F02D330EE400A96
:10EC5000704700B583B0684600F04AFB00F003003F
:10EC600001289DED000ADDED010A0FD0022808D031
:10EC700088B900F0CDF903B000BDDFED0A0A00F05D
:10EC8000C7B900F0C5F9B1EE400AF4E700F042FA66
:10EC9000B1EE400AEFE7012000F03CFAEBE700BFDD
:10ECA000D80F493F0000000010EE103A194923F038
:10ECB00000428A421AD9B2F1FF4F02D330EE400A25
:10ECC000704700B583B0684600F012FB00F0030007
:10ECD00001289DED000ADDED010A12D002280AD0BC
:10ECE00090B9012000F016FA03B000BDDFED0A0A6A
:10ECF000002000F00FBA012000F00CFAB1EE400A3B
:10ED0000F2E700F085F9EFE700F082F9B1EE400A92
:10ED1000EAE700BFD80F493F0000000010EE101ACC
:10ED2000C1F3C7520029A2F17F0CACBF01204FF004
:10ED3000FF30BCF11E0F0FDCBCF1000F1DDBC1F377
:10ED40001603BCF1160F43F400030ADD963A03FAEA
:10ED500002F202FB00F07047FDEEC07A17EE900A57
:10ED600070474FF4800242FA0CF21A44CCF1170CAF
:10ED700022FA0CF202FB00F07047BCF1FF3F18BF13
:10ED8000002070472DE9F84F774955EC104BA94307
:10ED900000F0AE80002D2A46234655DD2C1562D0AA
:10EDA000C2F31302E107A4F2FF3742F4801203D446
:10EDB000520002EBD3725B005200002602EBD372CA
:10EDC0007F105B001624B4464FF400110CEB0100D9
:10EDD00090424FEAD3754FEA430303DC00EB010C8A
:10EDE000121A0E44013C05EB42024FEA5101EDD1EB
:10EDF000A04620254FF000400AE043D0510001EB2F
:10EE0000D371013D0A464FEA43034FEA500045D013
:10EE1000624500EB080EF0DDBEF1000F0EEB0008BE
:10EE20000CDBE146A2EB0C019E4588BF01F1FF31EE
:10EE30004900CC46A3EB0E030444E0E7B8F1000F11
:10EE4000EFDB0CF10109EDE725F00041214346D04D
:10EE5000002D74D1D90A153A5B050029FAD0CE02EB
:10EE600014467DD40A4600215200D502084601F11D
:10EE70000101F9D5C1F1200523FA05F52A438B409C
:10EE8000241A8DE79E4502D94FEA4C01B7E7BEF13F
:10EE9000000F0EEB000824DB0021CBE7194312D052
:10EEA000DFF8C8A0DFF8C8B0DAE90001DBE9002329
:10EEB000F1F7EAF9DAE9008902460B46404649468D
:10EEC000F1F716FE10BB6508711001F17F5101F5D5
:10EED000001101EB075345EAC67243EC102BBDE865
:10EEE000F88FB8F1000FD7DB0CF1010C0021A1E77E
:10EEF00022462B4620462946F1F77EFB22462B462A
:10EF0000F1F7C4F941EC100BBDE8F88FB4F1FF3F05
:10EF1000DAE90001DBE900231ED0F1F7B7F9DAE9FD
:10EF2000008902460B4640464946F1F7D7FDA8B195
:10EF3000A31C04F1020508BF01366D08C4E7224690
:10EF40002B4620462946F1F79FF902460B46F1F77A
:10EF50007DFC41EC100BC2E70136B5E70134B2E7A6
:10EF60004FF0FF300A468BE70000F07FC038010801
:10EF7000B8380108B1EEC00A704700BF10EE102A81
:10EF8000C2F3C7537F3B162B22F000411BDC002B42
:10EF900010461EDB1A4919410A4223D0DFED197AC7
:10EFA00070EE277AF5EEC07AF1EE10FA1ADD002A3B
:10EFB00004DD4FF4000242FA03F3184420EA01038F
:10EFC00000EE103A7047B1F1FF4F0BD330EE000A5C
:10EFD0007047DFED0C7A70EE277AF5EEC07AF1EE2D
:10EFE00010FA00DC7047002A06DB11B1B7EE000A08
:10EFF000F8E79FED050A70479FED040A704700BFD0
:10F00000FFFF7F00CAF2497100000000000000808D
:10F0100010EE103A23F00043B3F1485F2CD2FDEE1E
:10F02000C07A17EE903A002B60D060EE007A9FED28
:10F03000317A9FED315ADFED315A9FED316ADFEDC4
:10F04000316AA7EE875A9FED307AE7EE855AA7EE30
:10F05000A56AA7EE867AE7EE876A67EEA66A60EE93
:10F06000C00AB6EE007AE7EEA60AB7EE000AD7EEBF
:10F07000870A30EE600A704760EE007A9FED1D7AD5
:10F080009FED1D5ADFED1D5A9FED1D6ADFED1D6AD4
:10F090001E4AA7EE875A93429FED1B7AE5EE275A48
:10F0A000A5EEA76AA6EE277AE7EE276A66EEA76ABC
:10F0B000D5D9174A934214D803F17F4307EE103A8B
:10F0C000B7EE006A36EE476A60EEC00AF6EE005A06
:10F0D00097EEA57AE7EEA60A37EE607A36EE470A93
:10F0E0007047B6EE076AB5EE027AEDE7B7EE000AB2
:10F0F000704700BF4ED747ADF6740F317CF293B422
:10F10000010DD037ABAA2A3D610BB6BA9999993E49
:10F110000000483F10EE103A23F00043B3F1485F7F
:10F1200004D2FDEEC07A17EE903A5BB360EE007A3F
:10F130009FED157ADFED155A9FED156ADFED156A23
:10F14000E7EE875A9FED147AA5EEA76A20EE275ABC
:10F15000E6EE276AA6EEA77A30B9DFED106AE7EE91
:10F16000876AA6EE850A704727EE457AF6EE006AB2
:10F17000A0EEA67ADFED0A6AD7EE270AE5EE260AA8
:10F1800030EE600A704700BFD3C92E2F342FD7B29C
:10F190001BEF3836010D50B98988083CABAA2ABE4E
:10F1A000ABAA2A3E10B582B0CDED010A019B23F037
:10F1B0000042B2F1FF4FF0EE407A30D810EE100A64
:10F1C00020F00041B1F1FF4F29D8B3F17E5F3ED06E
:10F1D0009C1704F0020444EAD07431B37AB3B2F15C
:10F1E000FF4F3FD0B1F1FF4F29D0891AB1F1F45F41
:10F1F0004FEAE15233DA002B41DA3C323FDA9FED3D
:10F20000330A012C4DD0022C42D064B19FED307AEC
:10F21000DFED307A30EE070A30EE670A03E09DED4D
:10F22000017A37EE270A02B010BD022C0CD09FEDF8
:10F230002A7A032C08BFB0EE470A02B010BD00289E
:10F240000ADB9FED260AEEE79FED220AEBE702B00C
:10F25000BDE8104000F082B99FED210AE3E79FED81
:10F260001F0ACEE7B1F1FF4F04F1FF3420D0022C8A
:10F2700026D81C4B03EB840393ED000AD3E79DEDE6
:10F28000017A87EE870A00F03BFA00F067F9B8E7E9
:10F290009FED0F7ADFED0F7A30EE070A37EEC00AE6
:10F2A000C1E710EE103A03F1004300EE103ABAE75E
:10F2B000022C08D80C4B03EB840393ED000AB2E751
:10F2C0009FED020AAFE79FED090AACE700000000DE
:10F2D0002EBDBB33DB0F4940DB0F49C0DB0FC93FFD
:10F2E000DB0FC9BFC8380108D4380108DB0F493F1C
:10F2F00070B510EE103A8B4A23F00044944286B069
:10F30000054671D9884A94421E4624D823F000420B
:10F31000002BDFED867A864922F00F02B0EE407AAC
:10F3200040F3E6808A4270EE677A09BF9FED817AEA
:10F33000DFED816ADFED816A77EEC77A37EEE67A34
:10F3400077EEC77A80ED007A77EEE67AC0ED017A43
:10F35000012006B070BD7A4A944253D9B4F1FF4FF0
:10F3600049D2E215863AA4EBC25307EE903ABDEEBD
:10F37000E77ADFED746AB8EEC77A77EEC77A8DED7B
:10F38000037A67EEA67ABDEEE77AB8EEC77A77EE33
:10F39000C77A8DED047A67EEA67AF5EE407AF1EE43
:10F3A00010FACDED057A40F08E80B5EE407AF1EEA0
:10F3B00010FA40F08A8001236349019102210091F3
:10F3C00003A8294600F0A4F9002EC2DA95ED007AD0
:10F3D000D5ED017AB1EE477AF1EE677A85ED007AE4
:10F3E000C5ED017A4042B4E7002285ED000A426093
:10F3F000002006B070BD70EE407AC0ED017AC0ED1D
:10F40000007AF5E700F07CF99FED507A9FED476AAE
:10F41000F6EE007AE0EE077A9FED477AFDEEE77AA6
:10F42000F8EEE76A17EE900AA6EEC60A1F2866EE07
:10F43000877AB1EE666A30EE677A1EDC444A411E76
:10F4400026F0004352F8212023F0FF03934214D00A
:10F4500085ED007A30EE470A002E30EE670A85ED22
:10F46000010ABFF676AFB1EE477AB1EE400A85EDFC
:10F47000007A85ED010A40426BE717EE103AC3F3BC
:10F48000C753C3EBD453082B4FEAE452E0DD9FEDA2
:10F49000297A9FED2A5AF0EE405AE6EE075A70EEAE
:10F4A000657AE6EE077AD6EE857A35EEE77A17EEDC
:10F4B000103AC3F3C753D21A192A08DCB0EE650A12
:10F4C00085ED007AC6E7032376E7022374E79FED14
:10F4D000217A9FED215AB0EE650AA6EE070A75EE75
:10F4E000C07AE6EE077AD6EE857A30EE677AAFE735
:10F4F0008A4270EE277A09BF9FED0E7ADFED0E6A21
:10F50000DFED0E6A77EE877A37EEA67A77EEC77A66
:10F5100080ED007A77EEA67AC0ED017A4FF0FF30E9
:10F5200017E700BFD80F493FE3CB1640800FC93F14
:10F53000D00FC93F004435374344353708A3852EE3
:10F54000800F4943000080436039010884F9223F5D
:10F55000E038010800A3852E32318D2438B510EE35
:10F56000105A25F00044B4F1A14FF0EE407A07D3D1
:10F57000B4F1FF4F55D8002D77DD9FED4E0A38BD11
:10F580004D4B9C425CD8B4F1445F4DD34FF0FF33F8
:10F5900027EEA76A9FED495A9FED497ADFED495A58
:10F5A000DFED494A66EE066A5A1CA6EE857AE6EE5B
:10F5B000A54A9FED465ADFED465AA7EE265AE4EEDD
:10F5C000A65A9FED447ADFED444AA5EE267AE5EE91
:10F5D000A64A9FED425ADFED425AA7EE265A9FED0A
:10F5E000417AA4EEA67AE5EE265A27EE267AA5EE13
:10F5F000867A27EE877A3BD03B493C4A01EB830170
:10F60000D1ED006A37EE667A02EB8303D3ED006A30
:10F6100037EE677A002D36EEC70AB0DAB1EE400A4F
:10F6200038BD30EE000A38BD9FED317A30EE077AF2
:10F63000F7EE006AB4EEE67AF1EE10FAA6DD38BD18
:10F6400000F05EF82B4B9C4215D8A3F5D0039C42EA
:10F6500026D8F0EE007ABFEE007AA0EE277A0023DB
:10F6600030EE270AC7EE007A92E79FED230A38BDF5
:10F6700037EEC70A38BD214B9C420BD8F7EE087A0B
:10F68000B7EE007AA0EE277A022330EE670AC0EECA
:10F69000077A7DE7BFEE007AC7EE007A032377E7AB
:10F6A000F7EE007A30EE677A30EE270A0123C7EED4
:10F6B000007A6DE7DB0FC93FFFFFDF3ED769853C6E
:10F6C00059DA4B3D21A215BD6BF16EBD356B883DFE
:10F6D00095879DBD6E2EBA3D388EE3BD2549123EFD
:10F6E000ABAAAA3ECDCC4CBE783C0108883C0108B0
:10F6F000CAF24971FFFF973FDB0FC9BFFFFF1B40F5
:10F7000010EE103A23F0004300EE103A704700BFAD
:10F710002DE9F04F2DED048BDBB01C46944603938E
:10F720000A46BA4B68991CF1040F53F821708246BF
:10F7300004F1FF39C0F25682BCF1030348BF0CF15B
:10F740000403DB10029301334FEAC30EACEB0E034C
:10F750000593029B17EB0900A3EB090316D40130B4
:10F760009FEDAB7A699C18441EA9002BA4BF54F8E6
:10F77000235007EE905A03F10103ACBFF8EEE77A8D
:10F78000F0EE477A8342E1EC017AEED1002FC0F22D
:10F79000E28203991EA800EB81004FEA81087E18DF
:10F7A000002346AD4C460AEB8101B9F1000F80F20F
:10F7B000C8800134B44245F8043B00F10400F4D1A0
:10F7C0000DF1280B0BEB8703CDE9062E043B9FEDD3
:10F7D000929ADFED908A059804930AEB080446AEEE
:10F7E0000BEB87080097CDF820C00DEB8703002FA7
:10F7F00093ED460A4FEA870515DD73195A4660EE08
:10F80000097AB0EE407AFDEEE77A73ED016AF8EE20
:10F81000E77AB342A7EEE87A37EEA60ABDEEC77ADA
:10F82000A2EC017AEBD1019000F0B8FAF4EE007A84
:10F83000B0EE408A20EE270A00F01EFBF2EE007ABE
:10F84000A0EE678A01980028FDEEC89AF8EEE97AE2
:10F8500038EE678A40F38280791EC0F108035BF8B6
:10F8600021E04EFA03FC0CFA03F3AEEB030EC0F1F9
:10F87000070219EE903A4EFA02F26344002A09EEAA
:10F88000903A4BF821E000F3AF80B5EE408AF1EEFC
:10F8900010FA74D1009B9F420ADD5D44002355F8A5
:10F8A000041D454543EA0103F9D1002B40F00281D4
:10F8B000009B013B5BF823207B1C9C46002A40F008
:10F8C000F780049A012152F8045D0131002DFAD02D
:10F8D0003944029D039A05EB030E0EF1804E699D9B
:10F8E0000EF1FF3E3A4405EB8E0E1EAD06EB83078C
:10F8F00005EB8205DEED017AF8EEE77AB9F1000F4B
:10F900000EF1040EE5EC017ADFED417A09DB2A46BF
:10F910005346F3EC016A32ED017AA342E6EE877AB0
:10F92000F7D10CF1010C8C45E7EC017AE2DD0F46D2
:10F930005BE70134B442E5EC017A00F104003FF4E6
:10F940003FAFDFED337A83465346F3EC016A3BED7C
:10F95000017A8B42E6EE877AF7D1EAE700F09180F0
:10F96000F6EE007AB4EEE78AF1EE10FA80F2298121
:10F97000B5EE408AF1EE10FA4FF000028AD09246BE
:10F98000DDE9062EDDF820C00197AEEB0C00B0EEED
:10F99000480A009F009200F001FADFED1E6AB4EE03
:10F9A000E60AF1EE10FADDE90023F0EE407AC0F24B
:10F9B0009C819FED197A059920EE077A0831BDEEFA
:10F9C000C77A0591B8EEC77A5C1CE7EE667ABDEEA1
:10F9D000C77AFDEEE77A17EE901A4BF8231017EE70
:10F9E000103A4BF824307EE00133002F09EE903AB4
:10F9F00040F39D8159464FF0000E51F8043B002B17
:10FA000039D0C3F5807341F8043C0CE0C43C0108D4
:10FA100000000000000080430000803B0B68C3F141
:10FA2000FF0341F8043B0EF1010E7745F6DC01239C
:10FA30009E4600280BDD012800F0BB80022806D17D
:10FA4000791E5BF8213003F03F0C4BF821C0022AED
:10FA50007FF41BAFB7EE000A734630EE488A002BE6
:10FA60003FF413AF0992019000F098F90198099AB8
:10FA700038EE408A09E70EF1010E7745BDDC9E465F
:10FA8000D7E77B1E5BF82320D211002A7FF7FDAE5B
:10FA900019EE903A002F03F1010309EE903AA9DC28
:10FAA000022A7FF4F2AEF7EE007A37EEC88AECE66F
:10FAB00019460EE73B469246DDE905125C1EA1F1B0
:10FAC00008005BF82410009F059061B903F18043A2
:10FAD000013B0BEB8303014653F8040D013C08394D
:10FAE0000028F9D0059105980092B7EE000A00F0C1
:10FAF00055F9002C009AB0EE407AC0F22281601CC9
:10FB000046AD5FED3B6A81000BEB800305EB8000A7
:10FB100073ED017AF8EEE77A5B4567EE877A27EEB8
:10FB2000267A60ED017AF3D10DF1C8080E1F2E443C
:10FB3000C646A4460025002F7DDBDFF85C92DFED92
:10FB4000957A3046002307E0F9EC016AB0EC017ABF
:10FB50009F42E6EE877A03DB9D4203F10103F3DA6D
:10FB60000CF1FF3CBCF1FF3FEEEC017A05F1010521
:10FB7000A6F10406E1D1689B022B6ADC002B36DC7F
:10FB80000ED1DFED847A414431ED017A884577EE7C
:10FB9000877AF9D15346002B40F0C680C2ED007A37
:10FBA00019EE903A03F007005BB0BDEC048BBDE8A2
:10FBB000F08F791E5BF8213003F07F0C4BF821C0E9
:10FBC00045E719EE903A002F03F1010309EE903A50
:10FBD000C8BF02223FF70EAFF7EE007A37EEC88AB1
:10FBE000022252E600234FF0080E0293AEE5DDED4F
:10FBF000327A9FED687A414471ED016A884537EEAB
:10FC0000267AF9D15346002B40F0848077EEC77AEC
:10FC100082ED007A64B133A90123B1EC017A01339A
:10FC20009C4277EE877AF8DA53460BB1F1EE677AA9
:10FC3000C2ED017AB4E70CF1FF3C0023BCF1FF3FB9
:10FC40004EF8043B05F10105A6F104067FF473AFFD
:10FC500091E7689B032BA3D1002C00F08C8008EB6C
:10FC6000840595ED007AA0002B46294671ED017AB6
:10FC7000F0EE476A37EE277A884577EEC77A81ED4E
:10FC8000007A77EEA67AC1ED017AEFD1012C72D01D
:10FC900095ED007A08F1040173ED017AF0EE476A00
:10FCA00037EE277A994277EEC77A83ED007A77EEBE
:10FCB000A67AC3ED017AEFD1031DDFED367A434416
:10FCC00008F1080833ED017A984577EE877AF9D183
:10FCD0005346DDED326A9DED337A73B9C2ED006AA9
:10FCE00082ED017AC2ED027A5AE7FDEEC07A1C4637
:10FCF00017EE901A4BF82310F5E6F1EE666AB1EEB6
:10FD0000477AF1EE677AC2ED006A82ED017AC2EDC0
:10FD1000027A45E7F1EE476A77EEC77AC2ED006AEC
:10FD2000002C7FF478AF81E7F1EE677A36E701289F
:10FD300015D002287FF4B4AE0EF03F034BF821300B
:10FD4000AEE6689B022B12DC002B17DC7FF428AF99
:10FD5000DFED107A1EE7039B4FEA830830E50EF0D3
:10FD60007F03022A4BF821307FF48FAD9BE6689B1E
:10FD7000032B7FF415AFDFED077AA9E75346DDEDDE
:10FD8000327A1BB14FF0004313604FE7002313603A
:10FD90004EE700BF00000000983C010810EE103A4A
:10FDA00033F000411A4625D0B1F1FF4F1FD213F0B6
:10FDB000FF4F20D1DFED297A294A60EE277A904261
:10FDC00017EE903A31DB4CF2503CC3F3C75160451B
:10FDD0001A46A1F1190114DD002BDFED227A9FED07
:10FDE000210AB8BFDFED207A27EE800A704730EE97
:10FDF000000A704770474CF2503C60454FEAD151C1
:10FE0000EADC0144FE29E7DC002915DC11F1160FBC
:10FE100019DB193122F0FF4242EAC15207EE902A63
:10FE20009FED120A27EE800A7047DFED117A07EE88
:10FE3000103A27EE270A704722F0FF4242EAC153E8
:10FE400000EE103A7047002BDFED097A9FED080AAB
:10FE5000B8BFDFED087A27EE800A70470000004C3B
:10FE6000B03CFFFFCAF24971CAF249F10000003309
:10FE70006042A20D6042A28D10EE102AC2F3C75359
:10FE80007F3B162B22F000411BDC002B10461EDBB3
:10FE90001A4919410A4223D0DFED197A70EE277A08
:10FEA000F5EEC07AF1EE10FA1ADD002A04DA4FF40A
:10FEB000000242FA03F3184420EA010300EE103A6C
:10FEC0007047B1F1FF4F0BD330EE000A7047DFED02
:10FED0000C7A70EE277AF5EEC07AF1EE10FA00DCBB
:10FEE0007047002A02DB9FED070A704711B99FEDAA
:10FEF000060A7047BFEE000AF2E700BFFFFF7F006F
:10FF0000CAF249710000000000000080F8B500BF8F
:10FF1000F8BC08BC9E467047F8B500BFF8BC08BCEA
:04FF20009E46704742
:10FF28000000000500000000AD550A19CB1A0008B2
:10FF3800291A0008351A0008000000006D1A000888
:10FF4800491A00084D1A0008000000000000803F10
:10FF580000000000000000000000204100002041D7
:10FF68000000803F000020410000C842000000005F
:10FF780000000000000020410000A0400000803F79
:10FF880000002041000000000000004000000000C8
:10FF9800000040400000C8420000803F0000C84206
:10FFA8000000000000000000000080400000204128
:10FFB8000000C8420000803E0000C8420000204106
:10FFC8000000000000000000000020410000C842BE
:10FFD8000000803F000040404D4541535552454D7B
:10FFE800454E54004D4541535552454D454E545F7D
:08FFF8004D4F54494F4E5F5676
:020000040801F1
:10000000325F444D415F5031004944455F574F5284
:100010004B545245455F554E545241434B45440065
:100020005350495F444D415F424C4F434B494E470B
:100030005F575241505045525F563100554E4B4E1E
:100040004F574E5F434F4E4649475F474154455FC8
:10005000524553554C54004E4F4E4500434F4E466B
:1000600049475F524541445F4641494C454400532E
:1000700054415455535F4E4F545F434C45414E00DD
:10008000554E45585045435445445F4E4F4E5A4592
:10009000524F5F434F5252454354494F4E5F544174
:1000A000424C450045585045435445445F434F4EEC
:1000B0004649475F50524F46494C455F4D4953535F
:1000C000494E47005A45524F5F4D49534D415443A5
:1000D00048004449525F4D49534D415443480046FE
:1000E000494C545F4D49534D41544348005354418A
:1000F0005455535F4D49534D415443480050525459
:100100005F4D49534D4154434800524D415049447D
:100110005F4D49534D4154434800434F525245436C
:1001200054494F4E5F4352435F4D49534D415443F1
:1001300048002D004D4136303020616E676C6520DF
:100140007472616E73706F72743D25730D0A004294
:1001500055494C445F4D414E49464553542C4170DE
:10016000704D6F64653D25732C41707050726F66E1
:10017000696C653D25732C4D43553D53544D3332C9
:1001800046343035524754782C536F757263654945
:10019000643D25732C50726F66696C6546696E67A5
:1001A00065727072696E743D30782530386C582CE9
:1001B00053797374656D436C6F636B487A3D256C3E
:1001C000752C5472616E73706F72743D25730D0AD5
:1001D000004D413630302069646C65206163717573
:1001E00069736974696F6E206661696C65642072F9
:1001F0006573756C743D256420617474656D7074ED
:10020000733D257520666C6167733D30782530320B
:10021000580D0A004D41363030207261773D25750A
:1002200020616E676C653D256C752E2530326C75CE
:10023000206465672053746174757356616C6964DA
:100240003D2564204E564D423D2564204552524383
:1002500052433D2564204552524D454D3D25642075
:100260004552525041523D25640D0A004D413630F1
:1002700030206E6F69736520286C6173742025646B
:1002800073293A205032503D256C752E2530326C42
:1002900075646567205374644465763D256C752EDE
:1002A0002530326C756465672044726966743D253B
:1002B00073256C752E2530326C75646567204D6131
:1002C00078537465703D256C752E2530326C7564DD
:1002D0006567204E3D256C752076616C69643D250F
:1002E000640D0A0064656661756C745461736B001B
:1002F000575241505045445F5049445F534C455715
:100300005F563200554E4B4E4F574E002D256C64B4
:100310002E25302A6C64004F524445525F4E4F5494
:100320005F434F4D5055544544004F524445525F32
:1003300041424F56455F4E59515549535400524121
:1003400054494F5F4F55545F4F465F52414E4745AA
:10035000002D256C642E2530326C6400554E4B4EBA
:100360004F574E5F4A4947004A756C203231203260
:100370003032362031323A31303A3137006A6967EB
:100380006D6F746F722D6E6C3200434F4E4649474D
:100390002C5265636F726456657273696F6E3D317E
:1003A0002C47617465506F6C6963793D504F4C49BF
:1003B00043595F415F4C4F434B45445F56312C439B
:1003C0006F6E666967436F6E746578743D25732C34
:1003D0004669726D776172653D25732C4275696C53
:1003E0006449443D25732C4D43555F5549443D2593
:1003F00030386C582530386C582530386C582C4AB9
:10040000696749443D25732C4A69674B6E6F776E67
:100410003D25642C436F6E6669674761746553655B
:100420006C66546573743D312C506F696E74536102
:100430006D706C657253656C66546573743D312CD8
:10044000457870656374656443616C696272617458
:10045000696F6E53746174653D5A45524F5F5441E4
:10046000424C452C436F6E66696752656164566104
:100470006C69643D25642C436F6E66696756616CD8
:1004800069643D25642C506F6C69637941476174E0
:10049000655061737365643D25642C4175646974AE
:1004A0004669656C64734C6F636B65643D312C45C4
:1004B0007870656374656450726F66696C65466FC9
:1004C000756E643D25642C52656A6563745265617E
:1004D000736F6E3D25732C45787065637465645A3F
:1004E00065726F3D3078253034582C4578706563DF
:1004F0007465644469723D3078253032582C4578F3
:1005000070656374656446696C743D30782530327B
:10051000582C4578706563746564537461747573A1
:100520003D3078253032582C4578706563746564A9
:100530005072743D3078253032582C4578706563A0
:10054000746564526D617049643D3078253032586D
:100550002C4578706563746564436F7272435243CF
:1005600033323D30782530386C582C5A65726F3DE7
:100570003078253034582C4469723D30782530323B
:10058000582C46696C743D3078253032582C5374A1
:10059000617475733D3078253032582C5072743D3B
:1005A0003078253032582C526D617049643D307876
:1005B000253032582C436F72724E6F6E5A65726FCF
:1005C000436F756E743D25752C436F7272435243B1
:1005D00033323D30782530386C580D0A004D6F7439
:1005E0006F72204552524F523A2045256420284DC3
:1005F0004136303020636F6E6669672067617465CD
:100600002072656A65637465643A20257329210D3B
:100610000A0043435700505245434F4E4449544902
:100620004F4E004E41004F4646494349414C00441D
:10063000495341424C454400256C75002564004DEA
:100640004554412C536368656D6156657273696FDB
:100650006E3D25642C4669726D776172653D257328
:100660002C4275696C6449443D25732C4D43555F9C
:100670005549443D2530386C582530386C58253064
:10068000386C582C436F756E74657253636F706568
:100690003D424F4F542C4A696749443D25732C4ACB
:1006A00069674B6E6F776E3D25642C4D6F746F726A
:1006B00049443D25732C4D6F746F724944536F75D7
:1006C0007263653D25732C4D6F746F72494456619A
:1006D0006C69643D25642C4D6F746F72506F6C654E
:1006E000436F756E743D25752C4D6F746F72506F2E
:1006F0006C6550616972733D25752C456C6563743A
:10070000726963616C526970706C654D756C746967
:10071000706C653D25752C456C6563747269636109
:100720006C526970706C654F726465723D25752CF2
:100730005465737449443D256C752C537765657019
:1007400049443D256C752C446972656374696F6E0C
:100750003D25732C4D6561737572656D656E7450C2
:100760006F6C6963793D25732C4D65617375726596
:100770006D656E74446566696E6974696F6E3D255A
:10078000732C416363657074616E63654D6F64655E
:100790003D25732C4F6666696369616C526573759C
:1007A0006C74536F757263653D4C45474143592CDA
:1007B000536861646F7743616E6F6E6963616C4506
:1007C0006E61626C65643D25642C536861646F776B
:1007D000436F6E747261637456657273696F6E3DB8
:1007E00025732C536861646F774F6666696369612E
:1007F0006C3D302C436C6F7375726550726F62651F
:10080000456E61626C65643D25642C436C6F737545
:10081000726550726F626550726F746F636F6C3D7A
:1008200025732C436C6F7375726550726F62654FE0
:100830006666696369616C3D302C417070726F61EE
:10084000636850726F746F636F6C3D25732C4170D9
:1008500070726F6163685374727563747572616CE2
:1008600056616C69643D25732C52616D70536F66DF
:1008700074537461727450726F746F636F6C3D2542
:10088000732C52616D70536F66745374617274444B
:10089000656C61794D733D25732C506861736552A9
:1008A00065666572656E63653D5377656570507208
:1008B0006F67726573732C537465705261773D2551
:1008C000642C4578706563746564416E616C7973FE
:1008D0006973506F696E74733D25642C4361707445
:1008E00075726564506F696E74733D25642C416E3A
:1008F000616C79736973506F696E74733D25642CF4
:100900004D6561737572656D656E7456616C696471
:100910003D25642C547261636B696E6756616C6926
:10092000643D25642C547261636B696E67526D730C
:100930004C696D69744465673D31352E302C5472B5
:1009400061636B696E674D61784C696D697444656C
:10095000673D33302E302C4163717569736974695A
:100960006F6E526573756C743D25732C41637152C3
:10097000656164417474656D7074733D256C752C8C
:10098000416371526574726965733D256C752C41C4
:1009900063715472616E73706F72744572726F72AC
:1009A000733D256C752C4163714A756D7052656A93
:1009B000656374733D256C752C4163714661696C88
:1009C000656453616D706C65733D256C752C436F68
:1009D0006E74696E756F75735377656570436F6E6E
:1009E000746578743D25732C436F6E74657874520A
:1009F0006561637175697265436F756E743D256CD1
:100A0000752C52616D70466565646261636B456EFD
:100A100061626C65643D312C536574746C65436F21
:100A20006E74726163743D25732C536574746C65C8
:100A300053746162696C6974794C696D697452614F
:100A4000773D256C642C536574746C6554617267D2
:100A50006574546F6C6572616E63655261773D2594
:100A60006C642C536574746C65506F696E74733D5F
:100A700025642C536574746C6553746162696C6988
:100A8000747956616C69643D25642C536574746C8B
:100A90006554617267657450726F78696D697479B5
:100AA00056616C69643D25642C536574746C65569D
:100AB000616C69643D25642C537461727452617772
:100AC0003D25752C5374617274416E676C65446585
:100AD000673D25732C416E616C7973697353746142
:100AE00072745261773D25752C436F6E74726F6C12
:100AF0006C65725374617465506F6C6963793D25E0
:100B0000732C436F6E74726F6C6C65725265736593
:100B1000744170706C6965643D25642C436F6E741C
:100B2000726F6C6C65725265736574537461746531
:100B300056616C69643D25642C486F6D6552657320
:100B4000756C743D25732C486F6D654475726174C6
:100B5000696F6E4D733D256C752C486F6D655570D2
:100B600064617465436F756E743D256C752C4261CC
:100B700074636849443D256C752C4379636C654FFB
:100B8000726465723D256C752C52756E4F7264658A
:100B9000723D256C752C426174636852756E436FAB
:100BA000756E743D256C752C507265636F6E64694B
:100BB00074696F6E50726F746F636F6C3D25732C28
:100BC00052756E526F6C653D25732C456C69676973
:100BD000626C65466F725374617469737469637390
:100BE0003D25642C507265636F6E646974696F6E25
:100BF00056616C69643D25732C546865726D616C37
:100C000050726F746F636F6C3D25732C46697273FD
:100C10007452756E496E42617463683D25642C4D53
:100C20006F746F724163746976654475726174693B
:100C30006F6E4D733D256C752C436F6F6C646F77D1
:100C40006E5461726765744D733D25732C436F6FED
:100C50006C646F776E41637475616C4D733D257381
:100C60002C436F6F6C646F776E56616C69643D25C1
:100C7000732C54696D6553696E636550726576694E
:100C80006F757352756E4D733D25730D0A00434F9A
:100C90004F4C444F574E5F313230535F5631004F07
:100CA0004E455F46554C4C5F53574545505F31327A
:100CB00030535F56310052455345545F4245464FCD
:100CC00052455F454143485F484F4D455F563100AF
:100CD00053544142494C4954595F414E445F544139
:100CE000524745545F56310053574545505F434F77
:100CF0004E544558545F5631005343555256455F44
:100D00004C4F434B5F504C55535F43575F4C4F43E1
:100D1000414C5F415050524F4143485F563200436F
:100D20004C4F535552455F484F4C445F563100433A
:100D3000414E4F4E4943414C5F5131365F56310071
:100D40005245504F52545F4F4E4C590057484F4CEC
:100D5000455F53595354454D5F434F4D4D414E44AC
:100D60005F545241434B494E470057484F4C455FF3
:100D700053595354454D5F5245504F52545F4F4E57
:100D80004C595F563100554E534554004752494423
:100D90002C536368656D6156657273696F6E3D258E
:100DA000642C5465737449443D256C752C537765E8
:100DB000657049443D256C752C50726F746F636F7C
:100DC0006C3D25732C4E6F6D696E616C537465704C
:100DD0004465673D312E30303030302C506F696EB5
:100DE00074735065725265763D25752C5261775348
:100DF0007465704D696E3D25752C5261775374652D
:100E0000704D61783D25752C54617267657452751B
:100E10006C653D524F554E445F494E4445585F54B2
:100E2000494D45535F36353533365F4449565F3358
:100E300036300D0A00554E49464F524D5F315F44E2
:100E400045475F524F554E4445445F5241575F56A8
:100E500031004D4F54494F4E5F50524F46494C451B
:100E60002C536368656D6156657273696F6E3D25BD
:100E7000642C5465737449443D256C752C53776517
:100E8000657049443D256C752C4A696749443D2588
:100E9000732C4D6F746F7249443D25732C446972F5
:100EA000656374696F6E3D25732C50726F66696C53
:100EB000653D25732C486F6D65436F6E74726F6C62
:100EC0006C65723D25732C46696E616C5461726766
:100ED00065744D6F64653D4F50454E5F4C4F4F50AC
:100EE0005F554E4348414E4745442C4361707475ED
:100EF00072654D6F64653D5354415449435F4146AB
:100F00005445525F534554544C452C5469636B4DC2
:100F1000733D25752C436F6D6D616E647350657202
:100F20004465677265653D25752C506F7765723D28
:100F3000312E3030302C4C6F636B447572617469A4
:100F40006F6E4D733D256C752C4C6F636B436F6DED
:100F50006D616E64733D256C752C4C6F636B5469C9
:100F60006D696E674F76657272756E733D256C752F
:100F70002C52616D705365676D656E74733D256CA1
:100F8000752C52616D70436F6D6D616E64733D259C
:100F90006C752C52616D7054696D696E674F766522
:100FA0007272756E733D256C752C4D61784C617451
:100FB000656E6573735469636B733D256C752C4F57
:100FC000627365727665644261636B747261636BB0
:100FD000733D256C752C4D61784F62736572766533
:100FE000644261636B747261636B5261773D256C1F
:100FF000750D0A0053435552564534305F414253F4
:101000004F4C5554455F5449434B5F563200434F54
:101010004E54524F4C5F53544154452C53636865B2
:101020006D6156657273696F6E3D25642C546573EE
:101030007449443D256C752C537765657049443D72
:10104000256C752C4A696749443D25732C4D6F7496
:101050006F7249443D25732C446972656374696FEE
:101060006E3D25732C506F6C6963793D25732C524E
:10107000657365744170706C6965643D25642C52BC
:1010800065736574537461746556616C69643D255C
:10109000642C4265666F7265496E74656772616C37
:1010A0005465726D3D25732C4265666F72654C61A7
:1010B00073744572726F724465673D25732C426587
:1010C000666F7265436F6D6D616E645261773D2529
:1010D000732C4265666F726546696C7465726564EF
:1010E000446572697661746976653D25732C426545
:1010F000666F72654C6173744F7574707574537458
:1011000065705261773D25732C4265666F72654646
:101110006565646261636B496E697469616C697A63
:1011200065643D25642C4265666F7265466565643D
:101130006261636B41636365707465643D256C75C2
:101140002C4265666F72654F7574707574456C6579
:101150006374726963616C506F736974696F6E5206
:1011600061773D25752C4265666F72654F757470A9
:101170007574506F7765723D25732C4265666F728A
:10118000654F7574707574456E61626C65643D255C
:10119000642C4166746572496E74656772616C5443
:1011A00065726D3D25732C41667465724C61737474
:1011B0004572726F724465673D25732C4166746594
:1011C00072436F6D6D616E645261773D25732C4182
:1011D0006674657246696C746572656444657269AB
:1011E0007661746976653D25732C41667465724C31
:1011F0006173744F75747075745374657052617750
:101200003D25732C41667465724665656462616351
:101210006B496E697469616C697A65643D25642CFB
:101220004166746572466565646261636B416363C0
:1012300065707465643D256C752C41667465724FEC
:101240007574707574456C656374726963616C5014
:101250006F736974696F6E5261773D25752C4166B5
:101260007465724F7574707574506F7765723D2533
:10127000732C41667465724F7574707574456E6138
:10128000626C65643D25642C486F6D6552657375AD
:101290006C743D25732C486F6D654475726174697B
:1012A0006F6E4D733D256C752C486F6D6555706480
:1012B000617465436F756E743D256C752C486F6D58
:1012C00065496E697469616C4572726F72446567D5
:1012D0003D25732C486F6D6546696E616C45727271
:1012E0006F724465673D25732C486F6D65496E6963
:1012F0007469616C436F6D6D616E645261773D25F9
:101300006C642C486F6D6546696E616C436F6D6DE2
:10131000616E645261773D256C640D0A005348414B
:10132000444F575F4D4554412C536368656D61567A
:10133000657273696F6E3D25642C546573744944FE
:101340003D256C752C537765657049443D256C755A
:101350002C4A696749443D25732C4D6F746F72495F
:10136000443D25732C4F6666696369616C3D302C82
:10137000436F6E747261637456657273696F6E3D0C
:1013800025732C5369676E6564436F6E76656E7462
:10139000696F6E3D25732C5265666572656E636577
:1013A000446566696E6974696F6E3D25732C43618F
:1013B0006E6F6E6963616C4D65616E536F757263BC
:1013C000653D25732C4D616446696C746572696E68
:1013D00067456E61626C65643D302C54696D696E61
:1013E000674D6F64653D4241434B5F544F5F4241DF
:1013F000434B2C5265717569726564416363657016
:1014000074656453616D706C65733D25752C4D6119
:10141000785472616E73616374696F6E733D257584
:101420002C4D6178436F6E7365637574697665469C
:1014300061696C757265733D25752C4D6178456CDD
:10144000617073656455733D256C752C4D61784AE8
:10145000756D705261773D256C640D0A00414C4CEE
:101460005F544945523100504F494E54305F43411B
:101470004E4F4E4943414C5F4D45414E004D454115
:1014800053555245445F4D494E55535F5441524761
:10149000455400444154412C25642C256C752C2561
:1014A0006C752C25732C25732C25732C25642C2509
:1014B000752C25752C25732C25730D0A004143517D
:1014C0002C25642C256C752C256C752C25732C25EE
:1014D000642C256C752C25752C25752C30782530C1
:1014E00032580D0A004D4F54494F4E2C53636865D6
:1014F0006D6156657273696F6E3D25642C5465731A
:101500007449443D256C752C537765657049443D9D
:10151000256C752C4A696749443D25732C4D6F74C1
:101520006F7249443D25732C446972656374696F19
:101530006E3D25732C506F696E743D25642C52618D
:101540006D70416363657074656453616D706C6543
:10155000733D25752C536574746C65526573756C99
:10156000743D25732C53746162696C69747956619A
:101570006C69643D25642C54617267657450726FA8
:1015800078696D69747956616C69643D25642C5382
:101590006574746C6556616C69643D25642C506F8C
:1015A000736974696F6E4572726F725261773D250F
:1015B000732C506F736974696F6E4572726F7244E9
:1015C00065673D25732C506F6C6C436F756E743D71
:1015D00025750D0A00534841444F575F444154411B
:1015E0002C25642C256C752C256C752C25732C25CD
:1015F000732C25732C25642C25732C25732C2573B3
:101600000D0A00534841444F575F4143512C256414
:101610002C256C752C256C752C25732C25642C259C
:101620006C752C256C752C25752C25752C25752C29
:1016300025752C25752C25730D0A004D4F54494FE7
:101640004E5F524553554C542C536368656D61563B
:10165000657273696F6E3D25642C546573744944DB
:101660003D256C752C537765657049443D256C7537
:101670002C4A696749443D25732C4D6F746F72493C
:10168000443D25732C446972656374696F6E3D2512
:10169000732C436F6E747261637456657273696FF5
:1016A0006E3D25732C436F6E74696E756F75735341
:1016B00077656570436F6E746578743D25732C4350
:1016C0006F6E746578745265616371756972654394
:1016D0006F756E743D256C752C436F6E74657874F0
:1016E00052656164417474656D7074733D256C75E9
:1016F0002C436F6E746578744163636570746564C0
:1017000053616D706C65733D256C752C436F6E7401
:10171000657874526574726965733D256C752C43E8
:101720006F6E746578745472616E73706F72744505
:1017300072726F72733D256C752C436F6E74657891
:10174000744A756D7052656A656374733D256C7576
:101750002C436F6E746578744661696C656453617F
:101760006D706C65733D256C752C52616D705265A2
:101770006164417474656D7074733D256C752C5291
:10178000616D70416363657074656453616D706C05
:1017900065733D256C752C52616D7052657472696C
:1017A00065733D256C752C52616D705472616E735A
:1017B000706F72744572726F72733D256C752C5226
:1017C000616D704A756D7052656A656374733D250D
:1017D0006C752C52616D704661696C656453616D06
:1017E000706C65733D256C752C536574746C655213
:1017F000656164417474656D7074733D256C752CFE
:10180000536574746C65416363657074656453619A
:101810006D706C65733D256C752C536574746C65C7
:10182000526574726965733D256C752C53657474CB
:101830006C655472616E73706F72744572726F7200
:10184000733D256C752C536574746C654A756D70A9
:1018500052656A656374733D256C752C53657474A9
:101860006C654661696C656453616D706C65733D50
:10187000256C752C536574746C65506F696E747348
:101880003D25642C53746162696C69747956616C8E
:101890006964506F696E74733D25642C546172677E
:1018A000657450726F78696D69747956616C69649A
:1018B000506F696E74733D25642C536574746C6548
:1018C00056616C6964506F696E74733D25642C5366
:1018D0006574746C6554696D656F7574506F696E6D
:1018E00074733D25642C536574746C6557726F6E08
:1018F00067506F736974696F6E506F696E74733D72
:1019000025642C536574746C6553746162696C69E9
:10191000747956616C69643D25642C536574746CEC
:101920006554617267657450726F78696D69747916
:1019300056616C69643D25642C536574746C6556FE
:10194000616C69643D25642C4D6178416273536517
:1019500074746C65506F736974696F6E4572726FE1
:10196000725261773D25732C4D61784162735365E6
:1019700074746C65506F736974696F6E4572726FC1
:10198000724465673D25730D0A00524553554C540A
:101990002C536368656D6156657273696F6E3D2582
:1019A000642C5465737449443D256C752C537765DC
:1019B000657049443D256C752C4A696749443D254D
:1019C000732C4D6F746F7249443D25732C446972BA
:1019D000656374696F6E3D25732C43617074757215
:1019E0006564506F696E74733D25642C416E616C43
:1019F00079736973506F696E74733D25642C4D65FE
:101A0000616E44433D25732C524D535F41433D2548
:101A1000732C41313D25732C41323D25732C4133CC
:101A20003D25732C41363D25732C41393D25732CC2
:101A30004131323D25732C4131383D25732C4132E3
:101A4000373D25732C4133363D25732C4134353DCC
:101A500025732C4137323D25732C413130383D25DB
:101A6000732C48315F5068617365537765657044C6
:101A700065673D25732C48325F5068617365537705
:101A80006565704465673D25732C48335F50686118
:101A9000736553776565704465673D25732C4836DB
:101AA0005F506861736553776565704465673D2570
:101AB000732C48395F50686173655377656570446E
:101AC00065673D25732C4831325F506861736553FB
:101AD000776565704465673D25732C4831385F50E4
:101AE0006861736553776565704465673D25732C40
:101AF0004832375F50686173655377656570446538
:101B0000673D25732C4833365F50686173655377A2
:101B10006565704465673D25732C4834355F5068B2
:101B200061736553776565704465673D25732C481F
:101B300037325F50686173655377656570446567D8
:101B40003D25732C483130385F5068617365537799
:101B50006565704465673D25732C41343D25732CC4
:101B600048345F5068617365537765657044656795
:101B70003D25732C41383D25732C48385F506861F2
:101B8000736553776565704465673D25732C4D6FAC
:101B9000746F72506F6C65436F756E743D25752C54
:101BA0004D6F746F72506F6C6550616972733D2533
:101BB000752C456C656374726963616C52697070F1
:101BC0006C654D756C7469706C653D25752C456C44
:101BD000656374726963616C526970706C654F7291
:101BE0006465723D25752C41456C6563747269634B
:101BF000616C363D25732C456C6563747269636155
:101C00006C365F50686173655377656570446567CE
:101C10003D25732C456C656374726963616C526910
:101C200070706C6556616C69643D25642C50686108
:101C3000736556616C69644D61736B3D3078253016
:101C400034582C446F6D696E616E7453656C6563B6
:101C50007465644F726465723D25752C446F6D69BF
:101C60006E616E7453656C6563746564416D706C10
:101C700069747564653D25732C446F6D696E616E82
:101C80007453656C6563746564456E6572677952FB
:101C90006174696F3D25732C4C65676163794D6F85
:101CA00064656C49643D48534554365F56312C4C4D
:101CB00065676163794F72646572733D317C327C14
:101CC000337C367C31327C31382C4C6567616379EA
:101CD0004D6F64656C56616C69643D25642C52657A
:101CE00073696475616C5F524D535F48363D25736F
:101CF0002C526573696475616C5F524D535F483354
:101D0000363D25732C526573696475616C5F524D65
:101D1000535F46756C6C3D25732C4669747465641D
:101D20005F5032503D25732C4669744578706C6164
:101D3000696E6564526174696F3D25732C457874D2
:101D4000656E6465644D6F64656C49643D485345D8
:101D50005431325F56312C457874656E6465644F3A
:101D600072646572733D317C327C337C367C397CA5
:101D700031327C31387C32377C33367C34357C37B9
:101D8000327C3130382C457874656E6465644D6FF3
:101D900064656C56616C69643D25642C5265736999
:101DA0006475616C5F524D535F457874656E646510
:101DB000643D25732C4669747465645F5032505FCE
:101DC000457874656E6465643D25732C4669744579
:101DD00078706C61696E6564526174696F5F457893
:101DE00074656E6465643D25732C4D6F746F725F0E
:101DF0004572726F725F5032505F4465673D257364
:101E00002C4D6F746F725F53797374656D5F494EBB
:101E10004C5F4465673D25732C437265737446615E
:101E200063746F723D25732C5039395F416273447E
:101E30006576696174696F6E3D25732C54726163B8
:101E40006B696E6756616C69643D25642C547261E0
:101E5000636B696E674572726F725F524D535F4478
:101E600065673D25732C547261636B696E674572BB
:101E7000726F725F4D61784162735F4465673D25A3
:101E8000732C46656174757265436F6D707574650A
:101E900054696D654D733D256C750D0A00534841BD
:101EA000444F575F524553554C542C536368656DEE
:101EB0006156657273696F6E3D25642C5465737449
:101EC00049443D256C752C537765657049443D2523
:101ED0006C752C4A696749443D25732C4D6F746FAE
:101EE0007249443D25732C4F6666696369616C3D98
:101EF000302C436F6E747261637456657273696FD0
:101F00006E3D25732C56616C69643D25642C416ED1
:101F1000616C79736973506F696E74733D25642CBD
:101F20004D65616E44433D25732C524D535F4143D3
:101F30003D25732C4133363D25732C5032503D25C1
:101F4000732C506F696E74304D65616E52617751BC
:101F500031363D25732C4572726F72305261775164
:101F600031363D25732C436C6F7375726545727203
:101F70006F725261775131363D25732C436C6F730C
:101F80007572654572726F724465673D25732C43A7
:101F90006C6F737572654C696D69744465673D302B
:101FA0002E32303030302C436C6F73757265566151
:101FB0006C69643D25642C4C65676163794D696E7D
:101FC000757343616E6F6E6963616C524D533D254D
:101FD000732C4C65676163794D696E757343616EEF
:101FE0006F6E6963616C4133363D25732C417474A7
:101FF000656D70746564506F696E74733D25642CF3
:102000004361707475726564506F696E74733D25B9
:10201000642C5472616E73616374696F6E733D25D5
:102020006C752C416363657074656453616D706C8D
:1020300065733D256C752C5370694661696C7572CA
:1020400065733D256C752C4A756D7052656A6563C4
:1020500074733D256C752C4D6574616461746149C0
:102060006E76616C69643D256C752C4661696C65A2
:1020700064506F696E74733D256C752C536B697079
:10208000706564536C6F74733D256C752C54696D69
:10209000696E674F76657272756E733D256C752C2F
:1020A0004D617841627354696D696E674572726FF4
:1020B000724379636C65733D256C752C4D61784373
:1020C0006F6E73656375746976654661696C757268
:1020D00065734F627365727665643D256C752C4639
:1020E000656174757265436F6D7075746554696D63
:1020F000654D733D256C752C417070726F6163681E
:1021000050726F746F636F6C3D25732C41707072E9
:102110006F6163685374727563747572616C566134
:102120006C69643D25730D0A00534841444F575F65
:102130004D41442C536368656D6156657273696FD8
:102140006E3D25642C5465737449443D256C752C93
:10215000537765657049443D256C752C4A6967491C
:10216000443D25732C4D6F746F7249443D25732C8B
:10217000446972656374696F6E3D25732C4F6666A2
:10218000696369616C3D302C506F696E74496E648F
:1021900065783D25642C436F6D70757465643D25CD
:1021A000642C43616E646964617465436F756E7419
:1021B0003D256C752C52656A6563746564436F7563
:1021C0006E743D256C752C526F62757374436F7518
:1021D0006E743D256C752C52656A656374466C6F30
:1021E0006F7252656C5261773D256C642C506F693B
:1021F0006E744D65616E5261775131363D25732C99
:102200004D616446696C74657265644D65616E52BA
:1022100061775131363D25732C44656C7461526190
:10222000775131363D25730D0A00434C4F535552BB
:10223000455F50524F42452C536368656D6156654A
:102240007273696F6E3D25642C5465737449443D07
:10225000256C752C537765657049443D256C752C4C
:102260004A696749443D25732C4D6F746F72494428
:102270003D25732C446972656374696F6E3D2573E7
:102280002C4F6666696369616C3D302C50726F74C7
:102290006F636F6C3D25732C53746167653D2573C7
:1022A0002C506F696E743D25752C436F6D6D616E9A
:1022B000645261773D256C642C506F7765723D31B7
:1022C0002E30303030302C4E6F6D696E616C486F3F
:1022D0006C644D733D256C752C436170747572652B
:1022E0005374617274456C61707365644D733D2500
:1022F0006C752C43617074757265456E64456C61D4
:10230000707365644D733D256C752C506F696E74E8
:102310004D65616E5261775131363D25732C436CAA
:102320006F737572654572726F7252617751313693
:102330003D25732C436C6F737572654572726F72B5
:102340004465673D25732C57696E646F7750325032
:102350005261773D25732C57696E646F7750325008
:102360004465673D25732C57696E646F77447269C5
:1023700066745261773D25732C57696E646F77449C
:10238000726966744465673D25732C5472616E737F
:10239000616374696F6E733D256C752C4163636571
:1023A0007074656453616D706C65733D256C752C3C
:1023B0005370694661696C757265733D256C752C47
:1023C0004A756D7052656A656374733D256C752C32
:1023D0004D65746164617461496E76616C69643DD8
:1023E000256C752C536B6970706564536C6F7473D6
:1023F0003D256C752C54696D696E674F76657272F8
:10240000756E733D256C752C4D6178436F6E7365E9
:102410006375746976654661696C757265734F6240
:102420007365727665643D256C752C4163717569C1
:10243000736974696F6E526573756C743D25732C86
:1024400056616C69643D25640D0A00434C4F535539
:1024500052455F50524F42455F524553554C542CA4
:10246000536368656D6156657273696F6E3D25646F
:102470002C5465737449443D256C752C5377656500
:102480007049443D256C752C4A696749443D257364
:102490002C4D6F746F7249443D25732C44697265ED
:1024A0006374696F6E3D25732C4F6666696369615D
:1024B0006C3D302C50726F746F636F6C3D25732CC4
:1024C000456E61626C65643D25642C537461727461
:1024D00065643D25642C436F6D706C6574653D25A6
:1024E000642C4578706563746564537461676573C3
:1024F0003D25752C417474656D7074656453746109
:102500006765733D256C752C56616C696453746105
:102510006765733D256C752C506F73745475726EBE
:1025200054696D696E67436F6D70617261626C654D
:102530003D25642C4163717569736974696F6E52CE
:102540006573756C743D25732C5374617475733D9C
:1025500025730D0A00415050524F4143485F524588
:1025600053554C542C536368656D6156657273699D
:102570006F6E3D25642C5465737449443D256C751C
:102580002C537765657049443D256C752C4A696705
:1025900049443D25732C4D6F746F7249443D25733A
:1025A0002C446972656374696F6E3D25732C4F66A8
:1025B00066696369616C3D302C50726F746F636F34
:1025C0006C3D25732C537461727465643D312C43EA
:1025D0006F6D706C6574653D25642C537461747502
:1025E000733D25732C417070726F61636842616343
:1025F0006B6F66665261773D256C642C417070721A
:102600006F61636852616D70537465705261773D9C
:1026100025642C417070726F61636852616D704403
:10262000656C61794D733D25642C423042536F6671
:1026300074537461727450726F746F636F6C3D2564
:10264000732C423042437265657050726F746F63D1
:102650006F6C3D25732C4261636B6F6666437265D8
:102660006570526573756C743D25732C4261636BA4
:102670006F66664372656570497465726174696FEF
:102680006E733D256C752C4261636B6F6666437299
:10269000656570546F74616C5261773D25732C468B
:1026A0006F72776172644372656570526573756CA1
:1026B000743D25732C466F72776172644372656551
:1026C00070497465726174696F6E733D256C752C09
:1026D000466F72776172644372656570546F74619E
:1026E0006C5261773D25732C417070726F61636825
:1026F000457870656374656453746570733D2564D3
:102700002C417070726F616368496E697469616CA5
:10271000536574746C65526573756C743D25732CC8
:10272000417070726F6163684261636B6F6666537C
:102730006574746C65526573756C743D25732C41BA
:102740007070726F616368506F696E743053657436
:10275000746C65526573756C743D25732C41707093
:10276000726F6163684261636B6F66665374657014
:102770007345786563757465643D256C752C41708F
:1027800070726F616368466F7277617264537465CB
:10279000707345786563757465643D256C752C416F
:1027A0007070726F61636853746570436F756E7497
:1027B00056616C69643D25642C417070726F616371
:1027C00068446972656374696F6E56616C69643DD3
:1027D00025642C4261636B6F66664469726563743D
:1027E000696F6E56616C69643D25642C417070722E
:1027F0006F6163684163717569736974696F6E4372
:102800006C65616E3D25642C417070726F61636808
:102810005374727563747572616C56616C69643D52
:1028200025642C4261636B6F66664F6273657276D6
:10283000656444656C74615261773D25732C426117
:10284000636B6F66665461726765744572726F720E
:102850005261773D25732C417070726F6163684FD0
:102860006273657276656444656C74615261773D2C
:1028700025732C417070726F616368546172676573
:10288000744572726F725261773D25732C4170707E
:10289000726F61636852657475726E4572726F72A1
:1028A0005261773D25732C417070726F6163684D82
:1028B0006F74696F6E5175616C6966696361746983
:1028C0006F6E3D554E43414C494252415445440D73
:1028D0000A00415050524F4143485F5354455053B2
:1028E0002C536368656D6156657273696F6E3D2523
:1028F000642C5465737449443D256C752C5377657D
:10290000657049443D256C752C4A696749443D25ED
:10291000732C4D6F746F7249443D25732C4F66665E
:10292000696369616C3D302C4C65673D4241434BA6
:102930004F46462C53746570436F756E743D257514
:102940002C556E777261707065645261773D2573A6
:102950000D0A00415050524F4143485F5354455077
:10296000532C536368656D6156657273696F6E3D74
:1029700025642C5465737449443D256C752C53773C
:1029800065657049443D256C752C4A696749443D2D
:1029900025732C4D6F746F7249443D25732C4F661F
:1029A00066696369616C3D302C4C65673D464F52EA
:1029B000574152442C53746570436F756E743D25B6
:1029C000752C556E777261707065645261773D2524
:1029D000730D0A0053574545505F52414D505F53A8
:1029E000544550532C536368656D61566572736925
:1029F0006F6E3D25642C5465737449443D256C7598
:102A00002C537765657049443D256C752C4A696780
:102A100049443D25732C4D6F746F7249443D2573B5
:102A20002C4F6666696369616C3D302C546F506F42
:102A3000696E74496E6465783D256C752C537465B8
:102A400070436F756E743D25752C556E777261708D
:102A50007065645261773D25730D0A005348414407
:102A60004F575F454E442C536368656D61566572E0
:102A700073696F6E3D25642C5465737449443D251C
:102A80006C752C537765657049443D256C752C4AEF
:102A9000696749443D25732C4D6F746F7249443DFD
:102AA00025732C4F6666696369616C3D302C5374E5
:102AB00061727465643D25642C417474656D707435
:102AC0006564506F696E74733D25642C4361707446
:102AD00075726564506F696E74733D25642C416333
:102AE000717569736974696F6E526573756C743D45
:102AF00025732C5374617475733D25730D0A004D55
:102B00006F746F72206F66667365743A2025750D59
:102B10000A004D6F746F7220616E676C65206F667E
:102B2000667365743A202573206465677265650D68
:102B30000A004D4136303020737461727420726126
:102B4000773D257520636F756E743D256C64206636
:102B5000696C74657265643D257320726177416E9E
:102B6000676C653D2573206465677265650D0A00B5
:102B70004E4C2063757276652025643A20616E673D
:102B80006C653D2573206572726F723D25732064FC
:102B900065670D0A004E4C20706F696E7473206E6D
:102BA0006F7420736574746C6564207769746869E8
:102BB0006E20256C646D732025643A2025642F25D2
:102BC000640D0A004E4C206162736F6C7574652051
:102BD00065787472656D612025643A206D61785F57
:102BE0007261773D2575202825732064656729204B
:102BF0006D696E5F7261773D2575202825732064AD
:102C00006567290D0A004E4C206861726D6F6E6910
:102C1000633120286D6F756E74696E672F636F6EF8
:102C200063656E74726963697479207369676E6134
:102C300074757265292025643A20616D706C697421
:102C40007564653D25732070686173653D2573204B
:102C50006465670D0A004E4C206861726D6F6E6985
:102C600063362028686973746F726963616C2072BF
:102C700065666572656E63652C20736565205245D7
:102C800053554C54277320446F6D696E616E7453B5
:102C9000656C65637465644F726465722920256490
:102CA0003A20616D706C69747564653D25732070A0
:102CB000686173653D2573206465670D0A004E4C9D
:102CC00020646F6D696E616E74206861726D6F6EE5
:102CD00069632025643A206F726465723D25752012
:102CE000616D706C69747564653D257320646567FA
:102CF0000D0A004E4C20726177207065616B2D7457
:102D00006F2D7065616B202564202873696E676C78
:102D100065206D61782D6D696E2C20666F72206361
:102D20006F6D70617269736F6E293A20257320642C
:102D300065677265650D0A004E4C2054432070652E
:102D40007263656E74696C652025643A2050353D68
:102D50002573205039353D25732072616E67653DBE
:102D60002573206465677265650D0A004E4C20541A
:102D70004320726D732025643A20257320646567B3
:102D80007265650D0A004D41363030205261772062
:102D90004E6F6E6C696E65617220256420416E67AE
:102DA0006C653A202573206465677265650D0A00BD
:102DB0004D413630302046696C7465722D52617712
:102DC000204D617820446966662025643A20257389
:102DD000206465677265650D0A004E6F6E6C696EE2
:102DE00065617220256420494E56414C49443A2081
:102DF000747261636B696E673D25642061637175F0
:102E000069736974696F6E3D257320736574746CA2
:102E100065643D25642F25640D0A00454E442C53FE
:102E20006368656D6156657273696F6E3D25642CCC
:102E30005465737449443D256C752C5377656570F2
:102E400049443D256C752C446972656374696F6EE5
:102E50003D25732C4361707475726564506F696EA3
:102E600074733D25642C416E616C79736973506F86
:102E7000696E74733D25642C547261636B696E676F
:102E800056616C69643D25642C536574746C65539C
:102E9000746162696C69747956616C69643D25641A
:102EA0002C536574746C6554617267657450726FED
:102EB00078696D69747956616C69643D25642C5339
:102EC0006574746C6556616C69643D25642C41635E
:102ED000717569736974696F6E526573756C743D51
:102EE00025732C5374617475733D25730D0A00505E
:102EF0005245434F4E444954494F4E5F5052455FEF
:102F00004D4F544F520042415443485F5052455F29
:102F10004D4F544F520047657474696E6720726557
:102F200073756C74210D0A004D6F746F72204552D9
:102F3000524F523A20453530372028636F6E7472F5
:102F40006F6C2D73657373696F6E20726573657432
:102F500020766572696669636174696F6E20666167
:102F6000696C656429210D0A004D41363030206DB1
:102F70006F76652D746F2D7A65726F3A2065727267
:102F80006F723D25732064656720736574746C658A
:102F9000643D256C642F256C6420636D64506F73F1
:102FA0003D256C640D0A004D6F746F7220455252BE
:102FB0004F523A2045353032210D0A004D6F746F63
:102FC00072204552524F523A204535303320286DF9
:102FD0006F76652D746F2D7A65726F206469642039
:102FE0006E6F7420636F6E766572676520776974A3
:102FF00068696E20256C64206D7329210D0A004DCF
:103000006F746F72204552524F523A20453530341A
:1030100020286D6F76652D746F2D7A65726F20652F
:103020006E636F6465722061637175697369746939
:103030006F6E206661696C656429210D0A004D6F11
:10304000746F72204552524F523A20453530352028
:103050002873776565702061637175697369746938
:103060006F6E206661696C65643A20257329210DB5
:103070000A004D6F746F72204552524F523A2045EC
:103080003530362028737765657020616371756906
:10309000736974696F6E20696E76616C69643B2038
:1030A000696E7370656374204D4554412F454E44DD
:1030B00029210D0A00505245434F4E444954494F6F
:1030C0004E5F524553554C542C536368656D6156A1
:1030D000657273696F6E3D25642C42617463684943
:1030E000443D256C752C4379636C654F7264657241
:1030F0003D256C752C5465737449443D256C752CC5
:1031000050726F746F636F6C3D25732C52756E52E5
:103110006F6C653D505245434F4E444954494F4EA4
:103120002C456C696769626C65466F725374617493
:103130006973746963733D302C5374617475733DA6
:1031400056414C49440D0A004D4136303020526101
:1031500077204E6F6E6C696E6561722046696E6194
:103160006C20417665726167653A2025732064653D
:10317000677265650D0A004D6F746F72204F4B21A9
:103180000D0A0042415443482C426174636849442B
:103190003D256C752C5374617475733D4641494CE3
:1031A00045442C4379636C654F726465723D256CB0
:1031B000752C52756E4F726465723D256C752C527C
:1031C000756E526F6C653D25730D0A004241544384
:1031D000482C426174636849443D256C752C5374D6
:1031E000617475733D505245434F4E444954494FA5
:1031F0004E5F554E535441424C452C4379636C65A8
:103200004F726465723D256C752C507265636F6EEC
:10321000646974696F6E52756E73557365643D258C
:103220006C752C507265636F6E646974696F6E4D56
:103230006178436F756E743D256C752C50726563B3
:103240006F6E646974696F6E53746162696C6974DE
:103250007944656C74614465673D25732C507265D3
:10326000636F6E646974696F6E5468726573686FBA
:103270006C644465673D25730D0A00424154434820
:103280002C426174636849443D256C752C5374610C
:103290007475733D434F4D504C4554452C507265E9
:1032A000636F6E646974696F6E436F756E743D25EC
:1032B0006C752C52756E436F756E743D256C752C54
:1032C000546F74616C4379636C65436F756E743DC4
:1032D000256C752C507265636F6E646974696F6ECE
:1032E00056616C69643D312C507265636F6E646920
:1032F00074696F6E52756E73557365643D256C7598
:103300002C507265636F6E646974696F6E5374617B
:1033100062696C69747944656C74614465673D25C4
:10332000730D0A0042415443482C4261746368495A
:10333000443D256C752C5374617475733D434F4F38
:103340004C444F574E5F53544152542C4379636C55
:10335000654F726465723D256C752C52756E4F72A7
:103360006465723D256C752C52756E526F6C653DAF
:1033700025732C5461726765744D733D256C752CF3
:1033800050726F746F636F6C3D25730D0A00424F6E
:103390004F545F534D4F4B45004D41363030205315
:1033A000544154555320707265636865636B2066A1
:1033B00061696C6564204E564D423D256420435240
:1033C000433D2564204D454D3D2564205041523DEF
:1033D00025643B206261746368207265667573655D
:1033E000640D0A0041444150544956455F32434FF1
:1033F0004E53454355544956455F535441424C45FD
:103400005F56310042415443482C4261746368491D
:10341000443D256C752C5374617475733D53544150
:1034200052542C507265636F6E646974696F6E508C
:10343000726F746F636F6C3D25732C507265636F90
:103440006E646974696F6E436F756E743D256C753B
:103450002C52756E436F756E743D256C752C546FD0
:1034600074616C4379636C65436F756E743D256C54
:10347000752C436F6F6C646F776E546172676574FF
:103480004D733D256C750D0A0042415443482C4252
:103490006174636849443D256C752C53746174757F
:1034A000733D4641494C45442C526561736F6E3DF6
:1034B000434F4F4C444F574E5F494E56414C494441
:1034C0002C436F6D706C657465644379636C654FF4
:1034D000726465723D256C752C4E65787443796312
:1034E0006C654F726465723D256C752C5461726712
:1034F00065744D733D256C752C41637475616C4D1D
:10350000733D256C752C546F6C6572616E63654DEF
:10351000733D256C750D0A0052554E54494D452C8E
:1035200046726565486561703D256C752C4D696E08
:103530004576657246726565486561703D256C75B6
:103540002C54657374537461636B48696768576181
:10355000746572576F7264733D256C750D0A004E69
:103560004F545F52554E004F4B0041435155495304
:103570004954494F4E5F4552524F52004E4F545F8F
:103580004150504C494341424C4500494E495449F1
:10359000414C5F534554544C455F4641494C45446A
:1035A000004241434B4F46465F534554544C455FA0
:1035B0004641494C454400504F494E54305F5345B5
:1035C00054544C455F4641494C45440057524F4E78
:1035D000475F504F534954494F4E00444952454369
:1035E00054494F4E5F4552524F5200494E56414C3E
:1035F00049445F415247005350495F54494D454F3C
:103600005554005350495F4552524F520053414D5B
:10361000504C455F4A554D5000434F4E4649475F19
:103620004552524F520054494D494E475F4D455403
:1036300041444154415F494E56414C494400414345
:10364000515549534954494F4E5F4255444745549B
:103650005F4558434545444544004143515549530E
:103660004954494F4E5F54494D454F5554004D41C3
:1036700054485F4F564552464C4F5700494E4954A7
:1036800049414C00484F4C445F353000484F4C4452
:103690005F31303000484F4C445F32303000546569
:1036A00073745461736B004A494731004A49473289
:1036B000004A4947330049444C4500546D7251005B
:1036C000546D722053766300232D302B2000686CDC
:1036D0004C00656667454647003031323334353635
:1036E000373839414243444546003031323334356E
:1036F0003637383961626364656600005700010837
:103700005C0001086F00010880000108A4000108A6
:10371000C4000108D2000108DF000108ED00010823
:10372000FD0001080A0101081A010108E40201086C
:103730000000000000000000000000000000000089
:103740000010000018000000000000000000000051
:1037500000000040A69B443B9A99993E0000A0407F
:103760000000C8430000803E000000410000FB0153
:10377000FD01FC015F35010867350108FB350108D3
:103780004A3601086A3501087C35010867350108A9
:103790008B350108A1350108B73501086A350108E4
:1037A00067350108FB350108CC3501086A35010889
:1037B00067350108DB350108FB3501086A3501086A
:1037C00067350108EB350108F735010803360108B4
:1037D0000D36010819360108263601083E36010863
:1037E0005A3601086E3601087C3601088436010815
:1037F0008C360108953601080000000032000000F8
:1038000064000000C80000009E36010800000000AF
:103810000000000000000000000000000020000088
:10382000200000000000000000000000010203066C
:103830000C1201020306090C121B242D486C000017
:1038400027003C000447343235353538A7360108A7
:103850000000000500000000AD550A192C002500ED
:103860000447343235353538AC36010800000005E0
:1038700000000000AD550A193A004C000B513430DD
:1038800039333631B1360108000000050000000070
:10389000AD550A19000000000102030400000000F9
:1038A00000000000010203040607080900061016C4
:1038B000000610160000000059F3F8C21F6EA501A3
:1038C000000000000000F03F00000080DB0F4940D6
:1038D000DB0F49C0DB0F49BFE4CB1640E4CB16C079
:1038E000000FC93F000F494000CB9640000FC94070
:1038F0000053FB4000CB164100ED2F41000F494122
:103900000031624100537B41003A8A4100CB96412D
:10391000005CA34100EDAF41007EBC41000FC941F6
:1039200000A0D5410031E24100C2EE410053FB410D
:1039300000F20342003A0A420083104200CB1642D2
:1039400000141D42005C234200A5294200ED2F42D5
:1039500000363642007E3C4200C74242000F4942D8
:10396000A2000000F9000000830000006E000000CB
:103970004E00000044000000150000002900000077
:10398000FC0000002700000057000000D1000000EC
:10399000F500000034000000DD000000C000000061
:1039A000DB000000620000009500000099000000AC
:1039B0003C000000430000009000000041000000B7
:1039C000FE0000005100000063000000AB0000009A
:1039D000DE000000BB000000C50000006100000028
:1039E000B7000000240000006E0000003A00000054
:1039F000420000004D000000D2000000E000000086
:103A000006000000490000002E000000EA0000004F
:103A100009000000D1000000920000001C0000001E
:103A2000FE0000001D000000EB0000001C00000074
:103A3000B100000029000000A70000003E000000C7
:103A4000E80000008200000035000000F5000000E2
:103A50002E000000BB0000004400000084000000B5
:103A6000E90000009C00000070000000260000003B
:103A7000B40000005F0000007E0000004100000074
:103A80003900000091000000D6000000390000005D
:103A9000830000005300000039000000F400000023
:103AA0009C000000840000005F0000008B0000000C
:103AB000BD000000F9000000280000003B000000ED
:103AC0001F000000F800000097000000FF00000049
:103AD000DE00000005000000980000000F0000005C
:103AE000EF0000002F000000110000008B0000001C
:103AF0005A0000000A0000006D0000001F000000D6
:103B00006D000000360000007E000000CF000000C5
:103B100027000000CB00000009000000B7000000F3
:103B20004F000000460000003F000000660000005B
:103B30009E0000005F000000EA0000002D00000071
:103B40007500000027000000BA000000C700000058
:103B5000EB000000E5000000F10000007B00000029
:103B60003D0000000700000039000000F7000000E1
:103B70008A0000005200000092000000EA000000ED
:103B80006B000000FB0000005F000000B1000000BF
:103B90001F0000008D0000005D0000000800000014
:103BA0005600000003000000300000004600000046
:103BB000FC0000007B0000006B000000AB00000078
:103BC000F0000000CF000000BC000000200000005A
:103BD0009A000000F4000000360000001D00000004
:103BE000A9000000E3000000910000006100000057
:103BF0005E000000E60000001B000000080000005E
:103C00006500000099000000850000005F000000D2
:103C100014000000A0000000680000004000000048
:103C20008D000000FF000000D800000080000000B0
:103C30004D0000007300000027000000310000006C
:103C400006000000060000001500000056000000FD
:103C5000CA00000073000000A8000000C9000000B6
:103C600060000000E20000007B000000C0000000D7
:103C70008C0000006B0000006937AC3168212233F2
:103C8000B40F14336821A2333863ED3EDA0F493F95
:103C90005E987B3FDA0FC93F0000C93F0000F03952
:103CA0000000DA370000A2330000842E0000502B01
:103CB0000000C2270000D0220000C41F0000C61B65
:103CC0000000441704000000070000000900000085
:083CD00000C5FE7F01000000A9
:043CD800B50100082A
:043CDC00910100084A
:103CE0000024F4000100000010000000AAAAAAAA03
:103CF000140000200000000084E90120ECE901200C
:103D000054EA012000000000000000000000000054
:103D100000000000000000000000000000000000A3
:103D20000000000000000000000000000000000093
:103D30000000000000000000000000000000000083
:04000005080089D591
:00000001FF
