:020000040800F2
:10000000000002202DCD000859CB000861CB00086C
:1000100069CB000871CB000879CB00080000000014
:100020000000000000000000000000002162010844
:1000300081CB00080000000071640108C938010884
:100040007DCD00087DCD00087DCD00087DCD000868
:100050007DCD00087DCD00087DCD00087DCD000858
:100060007DCD00087DCD00087DCD00087DCD000848
:1000700091CB00087DCD0008A5CB00087DCD000800
:10008000B9CB0008CDCB0008E1CB00087DCD00083E
:100090007DCD00087DCD00087DCD00087DCD000818
:1000A0007DCD00087DCD00087DCD00087DCD000808
:1000B000F5CB00087DCD00087DCD00087DCD000882
:1000C0007DCD000809CC00081DCC00087DCD0008BE
:1000D0007DCD00087DCD000831CC000845CC00085E
:1000E0007DCD00087DCD00087DCD00087DCD0008C8
:1000F0007DCD000859CC00087DCD000875CC0008E6
:100100007DCD00087DCD00087DCD00087DCD0008A7
:100110007DCD00087DCD00087DCD00087DCD000897
:1001200089CC00087DCD00087DCD00087DCD00087C
:100130007DCD000800000000000000007DCD00081B
:100140007DCD00087DCD00087DCD00087DCD000867
:100150007DCD00087DCD00087DCD00087DCD000857
:100160007DCD00087DCD00087DCD00087DCD000847
:100170007DCD00087DCD00080000000000000000DB
:080180007DCD00087DCD0008D3
:1001900010B5054C237833B9044B13B10448AFF3C1
:1001A00000800123237010BD6000002000000000CB
:1001B000DC87010808B5034B1BB103490348AFF3C3
:1001C000008008BD0000000064000020DC870108FA
:1001D000034613F8012B002AFBD1181A0138704787
:1001E00001F0FF01102A2BDB10F0070F08D010F8E8
:1001F000013B013A8B422DD010F0070F42B3F6D1EC
:10020000F0B441EA012141EA014122F007047FF004
:1002100000070023F0E80256083C85EA010586EA5B
:10022000010685FA47F5A3FA87F586FA47F6A5FA97
:1002300087F68EB9EED1F0BC01F0FF0102F00702A3
:1002400032B110F8013B013A83EA010313B1F8D14E
:100250000020704701387047002D06BF354603382F
:10026000073815F0010F07D1013015F4807F02BF68
:10027000013015F4C03F0130F0BC0138704700BFB9
:1002800081F0004102E000BF83F0004330B54FEA47
:1002900041044FEA430594EA050F08BF90EA020FB4
:1002A0001FBF54EA000C55EA020C7FEA645C7FEA47
:1002B000655C00F0E2804FEA5454D4EB5555B8BF6A
:1002C0006D420CDD2C4480EA020281EA030382EADB
:1002D000000083EA010180EA020281EA0303362D6D
:1002E00088BF30BD11F0004F4FEA01314FF4801C40
:1002F0004CEA113102D0404261EB410113F0004F52
:100300004FEA03334CEA133302D0524263EB430308
:1003100094EA050F00F0A780A4F10104D5F1200EA6
:100320000DDB02FA0EFC22FA05F2801841F1000101
:1003300003FA0EF2801843FA05F359410EE0A5F1D5
:1003400020050EF1200E012A03FA0EFC28BF4CF006
:10035000020C43FA05F3C01851EBE37101F00045BC
:1003600007D54FF0000EDCF1000C7EEB00006EEBC9
:100370000101B1F5801F1BD3B1F5001F0CD3490853
:100380005FEA30004FEA3C0C04F101044FEA4452AA
:1003900012F5800F80F09A80BCF1004F08BF5FEA31
:1003A000500C50F1000041EB045141EA050130BD11
:1003B0005FEA4C0C404141EB0101013C28BFB1F523
:1003C000801FE9D291F0000F04BF01460020B1FA6E
:1003D00081F308BF2033A3F10B03B3F120020CDA41
:1003E0000C3208DD02F1140CC2F10C0201FA0CF01F
:1003F00021FA02F10CE002F11402D8BFC2F1200C84
:1004000001FA02F120FA0CFCDCBF41EA0C01904039
:10041000E41AA2BF01EB0451294330BD6FEA040482
:100420001F3C1CDA0C340EDC04F11404C4F120026D
:1004300020FA04F001FA02F340EA030021FA04F37F
:1004400045EA030130BDC4F10C04C4F1200220FAD6
:1004500002F001FA04F340EA0300294630BD21FA14
:1004600004F0294630BD94F0000F83F4801306BFDA
:1004700081F480110134013D4EE77FEA645C18BFCE
:100480007FEA655C29D094EA050F08BF90EA020F65
:1004900005D054EA000C04BF1946104630BD91EA5D
:1004A000030F1EBF0021002030BD5FEA545C05D160
:1004B0004000494128BF41F0004130BD14F580049F
:1004C0003CBF01F5801130BD01F0004545F0FE4113
:1004D00041F470014FF0000030BD7FEA645C1ABF48
:1004E000194610467FEA655C1CBF0B46024650EA7F
:1004F000013406BF52EA033591EA030F41F40021AB
:1005000030BD00BF90F0000F04BF0021704730B530
:100510004FF4806404F132044FF000054FF0000105
:1005200050E700BF90F0000F04BF0021704730B5C6
:100530004FF4806404F1320410F0004548BF40429B
:100540004FF000013EE700BF42004FEAE2014FEAF0
:1005500031014FEA02701FBF12F07F4393F07F4FCB
:1005600081F06051704732F07F4208BF704793F0CE
:100570007F4F04BF41F40021704730B54FF46074E1
:1005800001F0004521F000411CE700BF50EA0102E4
:1005900008BF704730B54FF000050AE050EA01028D
:1005A00008BF704730B511F0004502D5404261EBFD
:1005B00041014FF4806404F132045FEA915C3FF43E
:1005C000D8AE4FF003025FEADC0C18BF03325FEADB
:1005D000DC0C18BF033202EBDC02C2F1200300FA8C
:1005E00003FC20FA02F001FA03FE40EA0E0021FAB1
:1005F00002F11444BDE600BF70B54FF0FF0C4CF49F
:10060000E06C1CEA11541DBF1CEA135594EA0C0F50
:1006100095EA0C0F00F0DEF82C4481EA030621EA8B
:100620004C5123EA4C5350EA013518BF52EA0335C6
:1006300041F4801143F4801338D0A0FB02CE4FF078
:100640000005E1FB02E506F00042E0FB03E54FF0A8
:100650000006E1FB03569CF0000F18BF4EF0010EA0
:10066000A4F1FF04B6F5007F64F5407404D25FEA9C
:100670004E0E6D4146EB060642EAC62141EA55514F
:100680004FEAC52040EA5E504FEACE2EB4F1FD0C91
:1006900088BFBCF5E06F1ED8BEF1004F08BF5FEA0F
:1006A000500E50F1000041EB045170BD06F00046C1
:1006B00046EA010140EA020081EA0301B4EB5C046E
:1006C000C2BFD4EB0C0541EA045170BD41F4801166
:1006D0004FF0000E013C00F3AB8014F1360FDEBF8B
:1006E000002001F0004170BDC4F10004203C35DA67
:1006F0000C341BDC04F11404C4F1200500FA05F3EA
:1007000020FA04F001FA05F240EA020001F000428A
:1007100021F0004110EBD37021FA04F642EB060100
:100720005EEA430E08BF20EAD37070BDC4F10C042A
:10073000C4F1200500FA04F320FA05F001FA04F2EE
:1007400040EA020001F0004110EBD37041F10001DA
:100750005EEA430E08BF20EAD37070BDC4F12005E5
:1007600000FA05F24EEA020E20FA04F301FA05F24D
:1007700043EA020321FA04F001F0004121FA04F2F5
:1007800020EA020000EBD3705EEA430E08BF20EAC5
:10079000D37070BD94F0000F0FD101F000464000FF
:1007A00041EB010111F4801F08BF013CF7D041EA81
:1007B000060195F0000F18BF704703F00046520085
:1007C00043EB030313F4801F08BF013DF7D043EA56
:1007D0000603704794EA0C0F0CEA135518BF95EA0C
:1007E0000C0F0CD050EA410618BF52EA4306D1D193
:1007F00081EA030101F000414FF0000070BD50EAB2
:10080000410606BF1046194652EA430619D094EA3B
:100810000C0F02D150EA013613D195EA0C0F05D125
:1008200052EA03361CBF104619460AD181EA030179
:1008300001F0004141F0FE4141F470014FF0000031
:1008400070BD41F0FE4141F4780170BD70B54FF0CC
:10085000FF0C4CF4E06C1CEA11541DBF1CEA13554C
:1008600094EA0C0F95EA0C0F00F0A7F8A4EB05042E
:1008700081EA030E52EA03354FEA013100F0888025
:100880004FEA03334FF0805545EA131343EA1263EE
:100890004FEA022245EA111545EA10654FEA0026A3
:1008A0000EF000419D4208BF964244F1FD0404F55C
:1008B000407402D25B084FEA3202B61A65EB0305B8
:1008C0005B084FEA32024FF480104FF4002CB6EB75
:1008D000020E75EB030E22BFB61A754640EA0C00F5
:1008E0005B084FEA3202B6EB020E75EB030E22BF35
:1008F000B61A754640EA5C005B084FEA3202B6EB76
:10090000020E75EB030E22BFB61A754640EA9C0034
:100910005B084FEA3202B6EB020E75EB030E22BF04
:10092000B61A754640EADC0055EA060E18D04FEAC2
:10093000051545EA16754FEA06164FEAC30343EA62
:1009400052734FEAC2025FEA1C1CC0D111F4801F2F
:100950000BD141EA00014FF000004FF0004CB6E728
:1009600011F4801F04BF01430020B4F1FD0C88BFC7
:10097000BCF5E06F3FF6AFAEB5EB030C04BFB6EBD2
:10098000020C5FEA500C50F1000041EB045170BDC5
:100990000EF0004E4EEA113114EB5C04C2BFD4EBF2
:1009A0000C0541EA045170BD41F480114FF0000E76
:1009B000013C90E645EA060E8DE60CEA135594EAF2
:1009C0000C0F08BF95EA0C0F3FF43BAF94EA0C0FF5
:1009D0000AD150EA01347FF434AF95EA0C0F7FF46A
:1009E00025AF104619462CE795EA0C0F06D152EABE
:1009F00003353FF4FDAE1046194622E750EA4106A2
:100A000018BF52EA43067FF4C5AE50EA41047FF4B2
:100A10000DAF52EA43057FF4EBAE12E74FF0FF3C17
:100A200006E000BF4FF0010C02E000BF4FF0010CE8
:100A30004DF804CD4FEA410C7FEA6C5C4FEA430C61
:100A400018BF7FEA6C5C1BD001B050EA410C0CBFB0
:100A500052EA430C91EA030F02BF90EA020F002012
:100A6000704710F1000F91EA030F58BF994208BF79
:100A700090422CBFD8176FEAE37040F00100704736
:100A80004FEA410C7FEA6C5C02D150EA013C07D18D
:100A90004FEA430C7FEA6C5CD6D152EA033CD3D0D8
:100AA0005DF8040B704700BF8446104662468C46D2
:100AB0001946634600E000BF01B5FFF7B7FF002805
:100AC00048BF10F1000F01BD4DF808EDFFF7F4FF2E
:100AD0000CBF012000205DF808FB00BF4DF808EDB9
:100AE000FFF7EAFF34BF012000205DF808FB00BFDC
:100AF0004DF808EDFFF7E0FF94BF012000205DF8FE
:100B000008FB00BF4DF808EDFFF7CEFF94BF0120B2
:100B100000205DF808FB00BF4DF808EDFFF7C4FFAB
:100B200034BF012000205DF808FB00BF4FEA410CF4
:100B30007FEA6C5C02D150EA013C0AD14FEA430CD7
:100B40007FEA6C5C02D152EA033C02D14FF0000014
:100B500070474FF0010070474A0011D212F50012A1
:100B600011D20DD56FF47873B3EB62520ED44FEA05
:100B7000C12343F0004343EA505323FA02F0704785
:100B80004FF00000704750EA013002D14FF0FF30C3
:100B900070474FF0000070474FEA4102B2F1E04366
:100BA00024BFB3F5001CDCF1FE5C0DD901F0004C54
:100BB0004FEAC0024CEA5070B2F1004F40EB8300A4
:100BC00008BF20F00100704711F0804F21D113F1D0
:100BD0003872BCBF01F00040704741F480114FEA09
:100BE0005252C2F11802C2F1200C10FA0CF320FA92
:100BF00002F018BF40F001004FEAC1234FEAD323AF
:100C000003FA0CFC40EA0C0023FA02F34FEA430318
:100C1000CCE77FEA625307D150EA01331EBF4FF0A1
:100C2000FE4040F44000704701F0004040F0FE40BC
:100C300040F40000704700BF80F0004002E000BFB9
:100C400081F0004142001FBF5FEA410392EA030FB7
:100C50007FEA226C7FEA236C6AD04FEA1262D2EB01
:100C60001363C1BFD218414048404140B8BF5B4206
:100C7000192B88BF704710F0004F40F4000020F09F
:100C80007F4018BF404211F0004F41F4000121F0B5
:100C90007F4118BF494292EA030F3FD0A2F10102FF
:100CA00041FA03FC10EB0C00C3F1200301FA03F13D
:100CB00000F0004302D5494260EB4000B0F5000F60
:100CC00013D3B0F1807F06D340084FEA310102F11F
:100CD0000102FE2A51D2B1F1004F40EBC25008BFD1
:100CE00020F0010040EA03007047490040EB00009B
:100CF000013A28BFB0F5000FEDD2B0FA80FCACF19C
:100D0000080CB2EB0C0200FA0CF0AABF00EBC250C8
:100D100052421843BCBFD0401843704792F0000FB6
:100D200081F4000106BF80F400000132013BB5E709
:100D30004FEA41037FEA226C18BF7FEA236C21D07F
:100D400092EA030F04D092F0000F08BF08467047E4
:100D500090EA010F1CBF0020704712F07F4F04D1B2
:100D6000400028BF40F00040704712F100723CBFC5
:100D700000F50000704700F0004343F0FE4040F4EF
:100D8000000070477FEA226216BF08467FEA2363AD
:100D90000146420206BF5FEA412390EA010F40F498
:100DA000800070474FF0000304E000BF10F00043E4
:100DB00048BF40425FEA000C08BF704743F09643CB
:100DC00001464FF000001CE050EA010208BF7047E6
:100DD0004FF000030AE000BF50EA010208BF70476D
:100DE00011F0004302D5404261EB41015FEA010C82
:100DF00002BF84460146002043F0B64308BFA3F17A
:100E00008053A3F50003BCFA8CF2083AA3EBC2535B
:100E100010DB01FA02FC634400FA02FCC2F120027A
:100E2000BCF1004F20FA02F243EB020008BF20F0B1
:100E30000100704702F1200201FA02FCC2F1200217
:100E400050EA4C0021FA02F243EB020008BF20EA0C
:100E5000DC7070477BB972B90029BEBF00204FF02B
:100E6000004106E008BF00281CBF6FF000414FF0B2
:100E7000FF3000F0D3B9ADF1080C6DE904CE0029C4
:100E800009DB002B1ADB00F04DF8DDF804E0DDE9AA
:100E9000022304B07047404261EB4101002B1BDB91
:100EA00000F040F8DDF804E0DDE9022304B0404240
:100EB00061EB4101524263EB43037047524263EBE3
:100EC000430300F02FF8DDF804E0DDE9022304B06D
:100ED000404261EB41017047524263EB430300F033
:100EE00021F8DDF804E0DDE9022304B0524263EBAF
:100EF0004303704753B94AB9002908BF00281CBFF3
:100F00004FF0FF314FF0FF3000F088B9ADF1080C21
:100F10006DE904CE00F006F8DDF804E0DDE9022317
:100F200004B070472DE9F047089D0F4604468C46F3
:100F3000002B48D18A42164661D9B2FA82F34BB1EE
:100F4000C3F1200201FA03FC20FA02F29E4042EAB9
:100F50000C0C9C404FEA164EB7B2BCFBFEF1220CC3
:100F60000EFB11CC42EA0C4201FB07F0904209D97A
:100F7000B21801F1FF3C80F0EE80904240F2EB802D
:100F800002393244121AA4B2B2FBFEF00EFB102258
:100F900044EA024400FB07F7A74209D9341900F1DB
:100FA000FF3280F0DA80A74240F2D7803444023822
:100FB00040EA0140E41B00211DB1DC400023C5E9EB
:100FC0000043BDE8F0878B4206D90DB1C5E90001A9
:100FD00000210846BDE8F087B3FA83F1002948D123
:100FE000BB4202D3824200F20781841A67EB0302FC
:100FF00001209446002DE4D0C5E9004CE1E7002A29
:1010000000F09280B2FA82F3002B40F0A8808A1A96
:101010004FEA164E1FFA86FC0121200CB2FBFEF7A8
:101020000EFB172240EA02420CFB07F0904207D960
:10103000B21807F1FF3802D2904200F2E280474630
:10104000121AA4B2B2FBFEF00EFB102244EA0244D4
:101050000CFB00FCA44507D9341900F1FF3202D281
:10106000A44500F2CB801046A4EB0C0440EA0740F4
:10107000A2E7C1F120068B4022FA06FC4CEA030CE1
:1010800007FA01F420FA06F3F7404FEA1C4923431C
:1010900000FA01F81FFA8CFEB7FBF9F01C0C09FBF3
:1010A000107744EA074400FB0EF7A74202FA01F268
:1010B0000AD91CEB040400F1FF3A80F09B80A742A0
:1010C00040F2988002386444E41B9FB2B4FBF9F309
:1010D00009FB134447EA044403FB0EFEA64509D965
:1010E0001CEB040403F1FF3780F08280A6457FD912
:1010F000023B644443EA0040A4EB0E04A0FB02E779
:10110000BC427346B94663D360D05DB1B8EB03020D
:1011100064EB090404FA06F622FA01F31E43CC40FC
:10112000C5E9006400214CE76208480842EAC17141
:101130000B0C43EA00438AB242EA0342B3FBF6F1E6
:10114000E407B4463746B6461F23B0FBF6F0D21B81
:1011500041EA004161E7614614E7104628E7C3F120
:10116000200120FA01F29E4027FA01F19F403A4304
:101170004FEA164E1FFA86FCB1FBFEF70EFB171066
:10118000110C41EA004107FB0CF8884504FA03F40E
:101190003AD9711807F1FF3001D288451FD8A1EB69
:1011A0000801B1FBFEF808FB0CF70EFB181192B218
:1011B00042EA0142BA422FD2B21808F1FF31C6D238
:1011C000BA42C4D2A8F102013244C0E7F0459CD231
:1011D000BEEB020367EB0C070138B94695E7A6EBB7
:1011E00008084144B81EB1FBFEF808FB0CF7DCE729
:1011F0003B467FE7504667E70846FBE63444023843
:1012000032E7023F32441BE7A1EB08013846B1FB4D
:10121000FEF808FB0CF7C8E7414698E7704700BFA7
:1012200080B582B000AF7860396000224FF4006171
:1012300004480CF0A1FF03F015FB00BF0837BD46C2
:1012400080BD00BF0000024080B500AF00224FF417
:10125000006103480CF090FF03F004FB00BF80BD69
:101260000000024080B500AF0022402102480CF08F
:1012700083FF00BF80BD00BF0004024080B500AF07
:101280000122402102480CF077FF00BF80BD00BF63
:101290000004024080B500AFFFF7F0FF00F090FDC2
:1012A00000BF80BD80B483B000AF0346FB80FB88E5
:1012B00007EE903AF8EE677A9FED087A67EE877A44
:1012C0009FED077AC7EE876AF0EE667AB0EE670A9E
:1012D0000C37BD465DF8047B704700BF0000B44387
:1012E0000000804780B584B000AF78607B68002B39
:1012F00001D100232CE007F10F0319461A2000F05A
:1013000085F80346002B01D0002321E0FB7B5BB274
:10131000DBB2DB09DAB27B681A70FB7B03F00403F3
:10132000002B14BF01230023DAB27B685A70FB7BC9
:1013300003F00203002B14BF01230023DAB27B6801
:101340009A70FB7B03F00103DAB27B68DA70012349
:1013500018461037BD4680BD80B588B002AF7860B2
:1013600039603B68002B04D008220021386815F052
:10137000C3FB7B68002B01D101233CE00023BB8130
:1013800000233B811E4B5B687B611E4B1B685B6AC5
:101390007B823B68002B08D03B687A691A603B6807
:1013A0007A8A9A803B6801229A71FFF75BFF07F106
:1013B000080207F10C010A230093022312480FF0E0
:1013C000CFFC03467B74FFF759FF7B7C032B01D1D5
:1013D000022310E07B7C002B01D003230BE03B7A3F
:1013E0001BB21B021AB27B7A1BB213431BB29AB216
:1013F0007B681A80002318461837BD4680BD00BFA1
:10140000001000E0840200202C02002080B584B08F
:1014100000AF03463960FB713B68002B01D101230B
:1014200037E000233B81FFF71DFFD2233B73FB799D
:101430007B7307F10C010A23022218480FF043FACC
:101440000346FB73FFF71AFFFB7B002B06D0FB7BE9
:10145000032B01D102231CE003231AE0FFF702FF54
:1014600007F108010A2302220C480FF068FB03462B
:10147000BB73FFF703FFBB7B002B06D0BB7B032BAB
:1014800001D1022305E0032303E07A7A3B681A7056
:10149000002318461037BD4680BD00BF2C02002037
:1014A00080B584B002AFD723BB8000233B80FFF719
:1014B000D9FE3A46391D0A230093022308480FF04B
:1014C0004FFC0346FB71FFF7D9FEFB79002B0CBFE5
:1014D00001230023DBB218460837BD4680BD00BF9C
:1014E0002C02002080B584B000AF78600023FB6040
:1014F00007F10C031846FFF7F5FE034683F00103DE
:10150000DBB2002B0AD07B68002B05D07B681A4623
:1015100007F10C0318681060002347E07B7B002B69
:1015200005D1BB7B002B02D1FB7B002B17D0FFF733
:10153000B7FF07F10C031846FFF7D4FE034683F00C
:101540000103DBB2002B0AD07B68002B05D07B683F
:101550001A4607F10C0318681060002326E07B6828
:10156000002B05D07B681A4607F10C031868106041
:101570003B7B83F00103DBB2002B13D07B7B83F03A
:101580000103DBB2002B0DD0BB7B83F00103DBB288
:10159000002B07D0FB7B83F00103DBB2002B01D0D3
:1015A000012300E0002303F00103DBB218461037EB
:1015B000BD4680BD80B483B000AF78607B68002BEF
:1015C00016D07B6800221A707B6800225A807968E6
:1015D0004FF000024FF00003C1E902237B680022B4
:1015E0001A617B6800225A617B6800229A6100E0E0
:1015F00000BF0C37BD465DF8047B70472DE9B00F86
:1016000089B000AFF8607A603B600B467B81FB6875
:10161000002B05D03B6C002B02D03B68002B01DA7D
:1016200001236CE0FB681B7883F00103DBB2002B25
:101630001CD0FB6801221A70FB687A895A807B896A
:1016400000229A469346FB68C3E902ABFB687A68BE
:101650001A61FB685B695A1CFB685A61FB68D3E935
:101660000223396CC1E90023002348E07B89FA6832
:1016700052889B1AFB61FB69B3F5004F04DDFB69DF
:10168000A3F58033FB6107E0FB6913F5004F03DA34
:10169000FB6903F58033FB61FB69002BB8BF5B423C
:1016A000BB61BA693B689A4206DDFB689B695A1CBC
:1016B000FB689A61042322E0FB68D3E90223F969FD
:1016C000C8170C46054612EB040843EB0509C7E9A9
:1016D0000489FB687A895A80F968D7E90423C1E94B
:1016E0000223FB687A681A61FB685B695A1CFB6815
:1016F0005A61396CD7E90423C1E900230023184655
:101700002437BD46BDE8B00F7047000080B487B0F5
:1017100000AF786039604FF0FF337B6100233B619D
:101720001DE07A683B6913441B781A467B69534075
:101730007B610023FB600CE07B6903F001035A42EC
:101740000D4B13407A69520853407B61FB680133AB
:10175000FB60FB68072BEFDD3B6901333B613A69B6
:101760003B689A42DDD37B69DB4318461C37BD4694
:101770005DF8047B704700BF2083B8ED80B586B06C
:1017800000AF78607B68002B01D10123F8E03422A0
:101790000021786815F0B0F90023FB730023BB73B8
:1017A00000237B730123FB75FB7D002B0AD007F11F
:1017B0000F0319460020FFF729FE0346002B01D135
:1017C000012300E00023FB75FB7D03F00103FB75A3
:1017D000FB7D002B0AD007F10E0319460120FFF70D
:1017E00015FE0346002B01D1012300E00023FB7509
:1017F000FB7D03F00103FB75FB7D002B0AD07B68AA
:10180000043319460920FFF701FE0346002B01D1DE
:10181000012300E00023FB75FB7D03F00103FB7552
:10182000FB7D002B0AD07B68053319460D20FFF79E
:10183000EDFD0346002B01D1012300E00023FB75E1
:10184000FB7D03F00103FB75FB7D002B0AD007F144
:101850000D0319461A20FFF7D9FD0346002B01D1CD
:10186000012300E00023FB75FB7D03F00103FB7502
:10187000FB7D002B0AD07B68073319461C20FFF73D
:10188000C5FD0346002B01D1012300E00023FB75B9
:10189000FB7D03F00103FB75FB7D002B0AD07B6809
:1018A000083319461F20FFF7B1FD0346002B01D175
:1018B000012300E00023FB75FB7D03F00103FB75B2
:1018C000FB7B1AB2BB7B1BB21B021BB213431BB2C6
:1018D0009AB27B685A807A7B7B689A717B68002217
:1018E0005A8500233B6125E000233B733B69DBB253
:1018F0002033DBB207F10C0211461846FFF786FDD4
:101900000346002B03D00023FB7500233B73397B78
:101910007A683B69134409330A461A703B7B002BF3
:1019200005D07B685B8D01339AB27B685A853B6931
:1019300001333B613B691F2BD6DD7B6809332021D6
:101940001846FFF7E3FE02467B68DA627B68FA7DA1
:101950001A70FB7D83F00103DBB2002B05D07B689E
:10196000002283F8302005230AE07B685B8D002B82
:1019700001D1012200E002227B6883F8302000239D
:1019800018461837BD4680BD80B483B000AF78607C
:101990007B68002B0BD07B681B7883F00103DBB2E4
:1019A000002B04D17B6893F83030002B01D1012348
:1019B00013E07B689B7903F08703002B01D002239F
:1019C0000BE07B6893F83030012B03D17B685B8D93
:1019D000002B01D0032300E0002318460C37BD463E
:1019E0005DF8047B704780B584B000AF78603960E3
:1019F0007868FFF7C9FF0346FB73FB7B002B01D020
:101A0000FB7B3DE03B68002B01D1042338E07B6881
:101A10005A883B681B889A4201D0052330E07B68D6
:101A20001A793B689B789A4201D0062328E07B68AC
:101A30005A793B68DB789A4201D0072320E07B6823
:101A40009A793B681B799A4201D0082318E07B6899
:101A5000DA793B685B799A4201D0092310E07B6810
:101A60001A7A3B689B799A4201D00A2308E07B6886
:101A7000DA6A3B689B689A4201D00B2300E000239E
:101A800018461037BD4680BD80B483B000AF034612
:101A9000FB71FB790B2B33D801A252F823F000BF66
:101AA000D11A0008D51A0008D91A0008DD1A000852
:101AB000E11A0008E51A0008E91A0008ED1A000802
:101AC000F11A0008F51A0008F91A0008FD1A0008B2
:101AD0000F4B16E00F4B14E00F4B12E00F4B10E0D2
:101AE0000F4B0EE00F4B0CE00F4B0AE00F4B08E0E2
:101AF0000F4B06E00F4B04E00F4B02E00F4B00E0F2
:101B00000F4B18460C37BD465DF8047B704700BF8D
:101B1000F88701080088010814880108288801084E
:101B20004C8801086C8801087C8801088C880108B1
:101B30009C880108AC880108BC880108CC88010891
:101B4000E488010880B594B000AF07F10C0334229B
:101B50000021184614F0D0FF01233B73012387F8BE
:101B60003C3005237B74954B1B68BB6307F10C036A
:101B70001846FFF709FF0346002B0CBF0123002383
:101B800087F84F308023BB7407F10C031846FFF72A
:101B9000FBFE0346022B0CBF0123002387F84E30C7
:101BA0000023BB740123FB86022387F83C3007F136
:101BB0000C031846FFF7E8FE0346032B0CBF012376
:101BC000002387F84D300023FB86012387F83C3043
:101BD00000233B7307F10C031846FFF7D5FE0346BD
:101BE000012B0CBF0123002387F84C3001233B73EA
:101BF00000233B800023BB700523FB7000233B7157
:101C000000237B710023BB716C4B1B68BB603A46A1
:101C100007F10C0311461846FFF7E5FE0346002BBB
:101C20000CBF0123002387F84B3007F10C03002180
:101C30001846FFF7D8FE0346042B0CBF01230023F0
:101C400087F84A300123FB813A4607F10C0311461D
:101C50001846FFF7C8FE0346052B0CBF01230023DF
:101C600087F849303B88FB8101233B743A4607F1F2
:101C70000C0311461846FFF7B6FE0346062B0CBFB1
:101C80000123002387F84830BB783B7404237B741E
:101C90003A4607F10C0311461846FFF7A4FE034627
:101CA000072B0CBF0123002387F84730FB787B7498
:101CB0000823BB743A4607F10C0311461846FFF798
:101CC00092FE0346082B0CBF0123002387F8463001
:101CD0003B79BB740123FB743A4607F10C031146B0
:101CE0001846FFF780FE0346092B0CBF0123002393
:101CF00087F845307B79FB7401233B753A4607F141
:101D00000C0311461846FFF76EFE03460A2B0CBF64
:101D10000123002387F84430BB793B75BB6B83F00C
:101D20000103BB633A4607F10C0311461846FFF75F
:101D30005AFE03460B2B0CBF0123002387F84330C8
:101D400097F84F30002B31D097F84E30002B2DD024
:101D500097F84D30002B29D097F84C30002B25D028
:101D600097F84B30002B21D097F84A30002B1DD02C
:101D700097F84930002B19D097F84830002B15D030
:101D800097F84730002B11D097F84630002B0DD034
:101D900097F84530002B09D097F84430002B05D038
:101DA00097F84330002B01D0012300E0002303F01B
:101DB0000103DBB218465037BD4680BD34B501087B
:101DC00080B400AF094BDB68084A43F08073D360EE
:101DD000074B00225A60064B1B68054A43F001037B
:101DE000136000BFBD465DF8047B7047F0ED00E076
:101DF000001000E080B483B000AF7860074B1B6830
:101E0000074AA2FB03239B0C7A6802FB03F31846E4
:101E10000C37BD465DF8047B704700BF0000002012
:101E200083DE1B4380B582B000AF78607B68002BF7
:101E300009D038220021786814F05EFE7B681846CD
:101E4000FFF7B8FB00E000BF0837BD4680BD80B596
:101E50008CB002AFF860B9603B601346FB71FB6861
:101E6000002B08D03B68002B05D0FB79002B02D05B
:101E7000BB68002B01DA0123A5E02022002138688D
:101E800014F03AFE3B6801221A76012387F82730C6
:101E900085E00023BB8407F11C0300221A605A600E
:101EA000FB681B6A5A1CFB681A623B6897F827207C
:101EB0005A7697F82730012B0BD9FB689B6A5A1C7E
:101EC000FB689A623B689B7E43F00103DAB23B6891
:101ED0009A7607F11C0207F1240311461846FFF712
:101EE0003BFA034687F826303B68103307F11C02A3
:101EF00092E8030083E8030097F82630002B10D007
:101F0000FB68DB6A5A1CFB68DA623B689B7E43F025
:101F10000203DAB23B689A763B6897F826201A7675
:101F200038E04FF000024FF00003C7E90423F868DF
:101F3000B98CFA6907F110030093BB68FFF75EFBE9
:101F4000034687F8263097F82630002B10D0FB6820
:101F50001B6B5A1CFB681A633B689B7E43F00403AF
:101F6000DAB23B689A763B6897F826201A7611E039
:101F7000BA8C3B681A80D7E904233968C1E9022387
:101F80003B6800221A76FB685B6A5A1CFB685A623F
:101F9000002318E097F82730013387F8273097F8A7
:101FA0002720FB799A427FF674AF3B689B7E43F013
:101FB0000803DAB23B689A76FB685B6B5A1CFB68D5
:101FC0005A633B681B7E18462837BD4680BD00001B
:101FD00080B582B000AFC7E90001D7E90001FEF784
:101FE000FBFE07EE100ADFED077A67EE277A9FED1A
:101FF000067AC7EE876AF0EE667AB0EE670A0837AF
:10200000BD4680BD0000B443000080472DE9B00FFD
:1020100085B000AFC7E90201C7E900233B6B002B85
:1020200023D0D7E90023012A73F100030DDBD7E9A0
:1020300000236FF00041D2F1FF3861EB0309D7E9CB
:102040000223904579EB03030FDBD7E90023002B34
:102050000DDAD7E900234FF00041544261EB03054C
:10206000D7E90223A242AB4101DA00230BE0D7E912
:102070000201D7E9002310EB020A41EB030B3B6B93
:10208000C3E900AB012318461437BD46BDE8B00FC5
:1020900070472DE9B00F85B000AFC7E90201C7E96D
:1020A00000233B6B002B1FD0D7E90023002B0ADA5B
:1020B000D7E90023541E63F10045D7E90223944277
:1020C00075EB030310DBD7E90023012A73F100034A
:1020D0000CDBD7E9002303F100499046D7E902233E
:1020E000424573EB090301DA00230BE0D7E9020153
:1020F000D7E90023B0EB020A61EB030B3B6BC3E9AA
:1021000000AB012318461437BD46BDE8B00F704739
:1021100080B485B000AFC7E902017A607B68002B0C
:1021200009D0D7E90223B3F5004F04DAD7E9022337
:1021300013F5004F01DA00230DE0D7E902014FF05B
:1021400000024FF000030B0443EA104302047968D5
:10215000C1E90023012318461437BD465DF8047B0E
:1021600070472DE9B04F90B000AFC7E90A01C7E949
:1021700008233B6E002B0CD0D7E90823012A73F10A
:10218000000306DBD7E90A2303F1004152EA010309
:1021900001D1002376E0D7E908234FF000004FF08B
:1021A0000001D80F0021841841EB03054FF0000215
:1021B0004FF00003620842EAC5726B10C7E90E23B4
:1021C000D7E90A23002B24DBD7E90E236FF0004167
:1021D000D2F1FF3A61EB030BD7E90A2392457BEB7F
:1021E000030301DA00234DE0D7E90A01D7E90E2302
:1021F0008418BC6141EB0303FB61D7E90823D7E9ED
:102200000601FEF727FE02460B46396EC1E90023A0
:1022100037E0D7E90A2300215042386061EB03031D
:102220007B60D7E90034C7E90C34D7E90E236FF09F
:102230000041D2F1FF3861EB0309D7E90C23904547
:1022400079EB030301DA00231CE0D7E90C01D7E99D
:102250000E2384183C6141EB03037B61D7E908231B
:10226000D7E90401FEF7F6FD02460B460021504275
:10227000B86061EB0303FB603B6ED7E90212C3E970
:102280000012012318464037BD46BDE8B08FB0B5F7
:102290008EB002AFC7E90201C7E900233B6C002BF7
:1022A00005D07B6C002B02D0BB6C002B01D100232E
:1022B00060E04FF000024FF00003C7E90A234FF03F
:1022C00000024FF00003C7E908234FF000024FF06F
:1022D0000003C7E906234FF000024FF00003C7E9EF
:1022E000042307F128031A46D7E90001FFF710FF7E
:1022F000034683F00103DBB2002B2ED107F120034C
:102300001A46D7E90201FFF703FF034683F00103F2
:10231000DBB2002B21D1D7E90A013B6C00221C461D
:10232000154607F11803009322462B46FFF719FFC5
:10233000034683F00103DBB2002B0ED1D7E908017D
:10234000D7E9062307F110040094FFF75FFE034668
:1023500083F00103DBB2002B01D000230AE0D7E9B0
:102360000623796CC1E90023D7E90423B96CC1E9DC
:102370000023012318463037BD46B0BD2DE9B04FCC
:1023800092B002AFC7E90801C7E90623FB6E002B34
:1023900009D03B6E012B03D03B6EB3F1FF3F02D15E
:1023A000BB6E002B01D1002373E07B6E00223B61EA
:1023B0007A61BB6E0022BB60FA60D7E902234FF05E
:1023C000FF306FF00041FEF795FD02460B4639697C
:1023D0008A4279698B4101D200235AE07B6E002248
:1023E0009A469346BB6E00229846914608FB0BF234
:1023F0000AFB09F31344AAFB08452B441D46C7E911
:102400000E453B6E002B0BDAD7E90E23002150421C
:10241000386061EB03037B60D7E90034C7E90E3411
:102420004FF000024FF00003C7E90C234FF0000209
:102430004FF00003C7E90A2307F130031A46D7E932
:102440000E01FFF765FE034683F00103DBB2002BAC
:102450001CD107F128030093D7E90623D7E9080127
:10246000FFF717FE034683F00103DBB2002B0DD10B
:10247000D7E90A01D7E90C23FC6E0094FFF709FEA7
:10248000034683F00103DBB2002B01D0002300E000
:10249000012318464037BD46BDE8B08F80B483B0F5
:1024A00000AF786039607A683B68D31ADB43DB0F92
:1024B000DBB218460C37BD465DF8047B7047000060
:1024C00080B483B000AF7860034B5B6818460C376C
:1024D000BD465DF8047B7047001000E080B582B017
:1024E00000AF7860396000E000BF084B5B68396876
:1024F0001846FFF7D3FF034683F00103DBB2002B3E
:10250000F2D100BF00BF0837BD4680BD001000E01B
:1025100080B584B000AFF860B9607A607968B86857
:10252000FEF71AFF034618461037BD4680BD80B43B
:1025300083B000AF78600B46FB707B6800221A7096
:102540007B68FA78DA70FB7818460C37BD465DF880
:10255000047B704790B59DB004AFF860C7E90023D5
:10256000BB6F002B0AD088220021B86F14F0C4FA88
:10257000BB6F0122DA70BB6F00221A71FB68002B5F
:102580003ED03B6F002B3BD07B6F002B38D0BB6F16
:10259000002B35D07B6F1B68002B31D07B6F5B68C5
:1025A000002B2DD03B6F9B68002B29D03B6FDA6846
:1025B0003B6F9B689A4223D33B6F5B69002B1FD014
:1025C0003B6F5B69002B1BDB3B6F9B69002B17DBB1
:1025D0003B6F1B78002B03D03B6F1B78012B0FD177
:1025E0003B6F1B78012B0DD13B6F5B68002B07D035
:1025F0003B6F5B68002B03DB7B6F9B68002B01D17B
:102600000123EAE1B96FD7E90023C1E902233B6F57
:102610009A68BB6F9A64BB6F00229A70B96F4FF0D3
:10262000FF326FF00043C1E90623B96F4FF000029B
:102630004FF00043C1E908230023FB650023BB657D
:102640009FE1BB6F1A6D3B6FDB689A4205D3072190
:10265000B86FFFF76CFF0346BFE1002387F85730E0
:1026600000233B653B6F1B78012B1DD1BB6F5B7853
:10267000002B19D0FB6D3B65BB6F1B6F3A6DD21AF7
:102680003B6F5B699A4205D90821B86FFFF74FFF8E
:102690000346A2E17B6F9B687A6FD268396D104662
:1026A0009847012387F857300023FB8607F12C0356
:1026B00000221A605A607B6F1B687A6FD06807F13E
:1026C0002C0207F136019847034687F84E30BB6F5E
:1026D0001B6D5A1CBB6F1A6597F8323083F00103EB
:1026E000DBB2002B0AD0BB6FDB6D5A1CBB6FDA6507
:1026F0000621B86FFFF71BFF03466EE1FA6ABB6F56
:102700005A67BB6F1B6D012B0FD1FA6ABB6F1A673B
:102710003B6F1B78012B2DD1BB6F01225A70FA6AD7
:102720003B6F5B681344FB6524E097F85730002B40
:1027300020D0FA6A3B6DD31ABB64BB6C002B02DA63
:10274000BB6C5B4200E0BB6C7B64BB6C002B04DDAC
:10275000BB6F9B6E5A1CBB6F9A66BB6FDB6E7A6C4D
:102760009A4202D9BB6F7A6CDA663B6F5B683A6D4E
:102770001344FB657B6F5B687A6FD268104698479D
:102780003864BB6F1B6F3A6CD21ABB6F9A67BB6F12
:102790009A6F3B6F5B699A4205D90821B86FFFF7C2
:1027A000C6FE034619E197F84E3087F84F304FF0D8
:1027B00000024FF00003C7E9082397F84E30002BC2
:1027C0000DD097F84E30022B03D097F84E30032BE4
:1027D0001CD1BB6F5B6D5A1CBB6F5A6516E0F98E3E
:1027E000FA6A3B6F986907F1200300930346F86883
:1027F000FEF704FF034687F84F3097F84F30042B5D
:1028000004D1BB6F9B6D5A1CBB6F9A6597F84F3014
:10281000002B19D0BB6F97F84F201A71BB6D013395
:10282000BB65BB6F1B6EBA6D9A4202D9BB6FBA6DA6
:102830001A663B6F1B69BA6D9A426CD90721B86F53
:10284000FFF775FE0346C8E00023BB654FF00002AA
:102850004FF00003C7E906234FF000024FF00003DA
:10286000C7E90423D7E9080107F118030093D7E962
:102870000023FFF70EFC034683F00103DBB2002BBD
:102880000FD1BB6FD3E90401D7E9062307F1100488
:102890000094FFF7BBFB034683F00103DBB2002B80
:1028A00005D00921B86FFFF742FE034695E0D7E94E
:1028B0000423B96FC1E90423BB6FD3E90623D7E929
:1028C0000601904271EB030304DAD7E90623B96FDE
:1028D000C1E90623BB6FD3E90801D7E9062390427B
:1028E00071EB030304DAD7E90623B96FC1E90823C2
:1028F000BB6FDB6C002B04D1D7E90823B96FC1E9AA
:102900000E23D7E90823B96FC1E91023BB6FDB6C35
:102910005A1CBB6FDA64BB6FDA6C3B6F9B689A42E0
:1029200037D23B6F1B78012B2BD1F96D386CFFF739
:10293000B5FD0346002B24D03A6CFB6DD31AFB6324
:102940003B6F5B68FA6BB2FBF3F30133BB63BB6FA6
:102950005B6EDB43BA6B9A4205D90721B86FFFF76C
:10296000E6FD034639E0BB6F5A6EBB6B1A44BB6F82
:102970005A663B6F5B68BA6B02FB03F3FA6D134454
:10298000FB65BB6FDA6C3B6F9B689A42FFF459AEF4
:1029900000E000BFBB6FD3E90423B96FC96CB86F07
:1029A0002830BC6F3034029401900091D7E90001C7
:1029B000FFF76DFC034683F00103DBB2002B05D06B
:1029C0000921B86FFFF7B3FD034606E0BB6F012294
:1029D0001A70BB6F0022DA70002318466437BD46B8
:1029E00090BD000090B58DB004AFF860C7E900233A
:1029F0000B4B07F110040FCB84E80F007B6B0293A5
:102A000007F1100301933B6B0093D7E90023F868AB
:102A1000FFF7A0FD034618462437BD4690BD00BF12
:102A20000089010880B586B000AFF860B9607A60AF
:102A3000FB687B617B69002B0BD0BB68002B08D047
:102A40007B68002B05D07B695A6E7B691B6E9A42AE
:102A500001D301232AE07B695B6E591C7A695166B8
:102A60003B6108220021786814F046F87B693A69D6
:102A7000063253F822207B681A607A693B69134456
:102A800058331A787B689A717B693A6933F8122057
:102A9000BB681A807B693A690E3253F822207B6941
:102AA0009A667A693B69134410331B7818461837C5
:102AB000BD4680BD80B483B000AF78607B689B6EFC
:102AC00018460C37BD465DF8047B704780B584B06E
:102AD00000AF786039607B68FB60FB68D3F88C30AE
:102AE000072B0CD8FB68D3F88C30591CFA68C2F855
:102AF0008C10FA681A339B0013443A685A60FB68DA
:102B00009B6E39681846FFF7C9FC034683F0010342
:102B1000DBB2002B02D0FB683A689A6600BF103720
:102B2000BD4680BDB0B48DB000AFF860B9607A60CA
:102B30003B6001233B757B68BB61BB68FB613B6805
:102B40003B623B687B62094BBB621423FB62FB6800
:102B50001D4607F114040FCC0FC594E8070085E863
:102B60000700F8683437BD46B0BC7047A086010046
:102B700080B584B000AF7860396090220021786819
:102B800013F0BAFF7B683A681A660023FB600EE018
:102B90007A68FB681344103300221A707A68FB6865
:102BA0001344583301221A70FB680133FB60FA6842
:102BB0003B689A42ECD300BF00BF1037BD4680BDD2
:102BC0002DE9B04FADF5027D04AF4FF000024FF09C
:102BD0000003C7E96C2307F5D87300934FF0020296
:102BE0004FF000034FF001004FF00001FFF7B9FA7A
:102BF0000346002B4BD0D7E96C23511E0B4346D123
:102C000007F5D87300934FF002024FF000034FF026
:102C1000FF304FF0FF31FFF7A4FA0346002B36D008
:102C2000D7E96C23B3F1FF3F08BFB2F1FF3F2ED1CC
:102C300007F5D87300934FF002024FF000034FF0F6
:102C400003004FF00001FFF78CFA0346002B1ED063
:102C5000D7E96C23911E0B4319D107F5D873009364
:102C60004FF002024FF000036FF002004FF0FF310F
:102C7000FFF777FA0346002B09D0D7E96C23B3F1AD
:102C8000FF3F08BF12F1020F01D1012300E0002332
:102C900087F8F73197F8F73103F0010387F8F73138
:102CA0004FF000024FF00003C7E96A234FF0000223
:102CB0004FF00003C7E9682307F5D073029307F5C7
:102CC000D4730193022300934FF001024FF00003ED
:102CD0004FF064004FF00001FFF7D9FA0346002BD4
:102CE0000DD0D7E96A23A2F500410B4307D1D7E9FC
:102CF0006823A2F5C9010B4301D1012300E00023A1
:102D000087F8F63197F8F63103F0010387F8F631CA
:102D100007F5D073029307F5D47301930223009350
:102D20004FF0FF324FF0FF336FF063004FF0FF3191
:102D3000FFF7ADFA0346002B11D0D7E96A23B3F1B0
:102D4000FF3F08BF12F5004F09D1D7E96823B3F15F
:102D5000FF3F08BF12F5C90F01D1012300E0002396
:102D600087F8F53197F8F53103F0010387F8F5316D
:102D70004FF4C8024FF00003C7E97A23D7E97A235A
:102D80005D1C1446C7E978454FF001024FF000037F
:102D9000C7E9662307F5CC7303934FF4807302935E
:102DA0000023019301230093D7E97A23D7E97A011D
:102DB000FFF7E4FA0346002B1DD0D7E9662313433F
:102DC00019D107F5CC7303934FF4807302934FF43A
:102DD0008073019301230093D7E97A23D7E978011F
:102DE000FFF7CCFA0346002B05D0D7E9662313433F
:102DF00001D1012300E0002387F8DF3197F8DF31AC
:102E000003F0010387F8DF31CB4B07F5C4740FCB18
:102E100084E80F0007F1500302211846FFF7A8FECF
:102E200007F5FC73A3F5D47364221A8007F5FC73CD
:102E3000A3F5D47365225A8007F5FC73A3F5D47308
:102E40004FF47A729A6107F5FC73A3F5D4734FF4CB
:102E50008262DA6107F5FC73A3F5D47340F2ED32B8
:102E60009A6307F5FC73A3F5D47340F21542DA6355
:102E700007F5FC73A3F5D47340F2E3329A6607F1C9
:102E80005003C7F8943107F5B4731846FEF792FB68
:102E900007F5FC73A3F5E270022328220221FFF755
:102EA00041FE07F5B47107F1E003029307F5C4731F
:102EB000019307F1340300934FF064024FF00003D5
:102EC0000846FFF747FB0346002B5CD107F5FC7370
:102ED000A3F58C731B78002B55D007F5FC73A3F575
:102EE0008C731B6D022B4ED107F5FC73A3F58C730D
:102EF000DB6C022B47D107F5FC73A3F58C735B6E7B
:102F0000002B40D107F5FC73A3F58C73D3E90E2396
:102F1000A2F164010B4336D107F5FC73A3F58C7362
:102F2000D3E91023A2F165010B432CD107F5FC7303
:102F3000A3F58C73D3E90623134324D107F5FC735F
:102F4000A3F58C73D3E90823511E0B431BD107F55E
:102F5000FC73A3F58C73D3E90C23A2F5C9010B43D1
:102F600011D107F5FC73A3F5D473D3F88C30012B82
:102F700009D107F5FC73A3F5D473DB6EB3F5826F4B
:102F800001D1012300E0002387F8DE3197F8DE311C
:102F900003F0010387F8DE3107F1500304211846DE
:102FA000FFF7E6FD07F5FC73A3F5D47364221A80DE
:102FB00007F5FC73A3F5D47368225A8007F5FC73F8
:102FC000A3F5D47360229A8007F5FC73A3F5D4733C
:102FD0006422DA8007F5FC73A3F5D4734FF47A7298
:102FE0009A6107F5FC73A3F5D4734FF48262DA613A
:102FF00007F5FC73A3F5D4734FF487621A6207F5E3
:10300000FC73A3F5D4734FF48C625A6207F5FC731A
:10301000A3F5D47340F2ED329A6307F5FC73A3F580
:10302000D47340F21542DA6307F5FC73A3F5D47349
:1030300040F23D421A6407F5FC73A3F5D47340F2E5
:1030400065425A6407F5FC73A3F5D47340F2E3328A
:103050009A6607F15003C7F8943107F5B473184620
:10306000FEF7A8FA07F5FC73A3F5E27407F1080070
:10307000042328220421FFF755FD07F5FC73A3F56F
:10308000F8731D460FCD0FC495E8070084E80700CC
:1030900007F5B47107F1E003029307F5C4730193D8
:1030A00007F1340300934FF064024FF00003084629
:1030B000FFF750FA0346002B40D107F5FC73A3F548
:1030C0008C73D3E90623B3F1FF3F08BF12F1040F5D
:1030D00034D107F5FC73A3F58C73D3E90823111FD2
:1030E0000B432BD107F5FC73A3F58C73D3E90801CF
:1030F00007F5FC73A3F58C73D3E90623841A3C60AF
:1031000061EB03037B60D7E900120B46083B1343D6
:1031100014D107F5FC73A3F58C73D3E9100107F5FF
:10312000FC73A3F58C73D3E90E23994208BF904238
:1031300004D1012303E000BF10890108002387F8B0
:10314000DD3197F8DD3103F0010387F8DD3107F158
:10315000500304211846FFF70BFD07F5FC73A3F598
:10316000D47364221A8007F5FC73A3F5D473652227
:103170005A8007F5FC73A3F5D47366229A8007F58D
:10318000FC73A3F5D4736722DA8007F5FC73A3F50B
:10319000D4734FF47A729A6107F5FC73A3F5D47374
:1031A0004FF48262DA6107F5FC73A3F5D4734FF430
:1031B00087621A6207F5FC73A3F5D4734FF48C622F
:1031C0005A6207F5FC73A3F5D47340F2ED329A63AB
:1031D00007F5FC73A3F5D47340F21542DA6307F5E3
:1031E000FC73A3F5D47340F23D421A6407F5FC73F7
:1031F000A3F5D47340F265425A6407F5FC73A3F556
:10320000D47340F2E3329A6607F15003C7F8943161
:1032100007F5B4731846FEF7CDF907F5FC73A3F56F
:10322000E27407F10800042328220421FFF77AFC46
:1032300007F5FC73A3F5F8731D460FCD0FC495E891
:10324000070084E8070007F5B47107F1E003029373
:1032500007F5C473019307F1340300934FF0640240
:103260004FF000030846FFF775F90346002B3CD1E9
:1032700007F5FC73A3F58C73D3E90623134334D10C
:1032800007F5FC73A3F58C73D3E90823D11E0B4318
:103290002BD107F5FC73A3F58C73D3E9080107F56F
:1032A000FC73A3F58C73D3E90623B0EB020A61EB40
:1032B000030BAAF1030353EA0B0316D107F5FC73C2
:1032C000A3F58C73D3E9100107F5FC73A3F58C7398
:1032D000D3E90E23B0EB020861EB0309A8F1030365
:1032E00053EA090301D1012300E0002387F8DC3110
:1032F00097F8DC3103F0010387F8DC3107F1500364
:1033000003211846FFF734FC07F5FC73A3F5D473CB
:1033100002221A7407F5FC73A3F5D47364225A8051
:1033200007F5FC73A3F5D47366229A8007F5FC7346
:10333000A3F5D4734FF47A729A6107F5FC73A3F581
:10334000D4734FF48262DA6107F5FC73A3F5D4738A
:103350004FF487621A6207F5FC73A3F5D47340F249
:10336000ED329A6307F5FC73A3F5D47340F215426E
:10337000DA6307F5FC73A3F5D47340F23D421A6497
:1033800007F5FC73A3F5D47340F2E3329A6607F1B4
:103390005003C7F8943107F5B4731846FEF70AF9DD
:1033A00007F5FC73A3F5E27407F108000323282254
:1033B0000221FFF7B7FB07F5FC73A3F5F8731D4671
:1033C0000FCD0FC495E8070084E8070007F5B47136
:1033D00007F1E003029307F5C473019307F1340387
:1033E00000934FF064024FF000030846FFF7B2F875
:1033F0000346002B3CD107F5FC73A3F58C735B7877
:10340000002B35D007F5FC73A3F58C731B6D032BD4
:103410002ED107F5FC73A3F58C73DB6C022B27D13F
:1034200007F5FC73A3F58C735B6D012B20D107F5B9
:10343000FC73A3F58C731B79022B19D107F5FC7370
:10344000A3F5D473D3F88C30022B11D107F5FC739C
:10345000A3F5D473DB6EB3F5826F09D107F5FC7366
:10346000A3F5D4731B6FB3F5876F01D1012300E07F
:10347000002387F8DB3197F8DB3103F0010387F88D
:10348000DB3107F1500303211846FFF771FB07F505
:10349000FC73A3F5D47364221A8007F5FC73A3F5BB
:1034A000D47365225A8007F5FC73A3F5D4736622A2
:1034B0009A8007F5FC73A3F5D4734FF47A729A617E
:1034C00007F5FC73A3F5D47340F26542DA6107F5A2
:1034D000FC73A3F5D4734FF491621A6207F5FC7381
:1034E000A3F5D47340F2ED329A6307F5FC73A3F5AC
:1034F000D47340F26A42DA6307F5FC73A3F5D47320
:1035000040F28D421A6407F5FC73A3F5D47340F2C0
:10351000E3329A6607F15003C7F8943107F5B473A4
:103520001846FEF747F807F5FC73A3F5E27407F1B8
:103530000800032328220321FFF7F4FA07F5FC73A0
:10354000A3F5F8731D460FCD0FC495E8070084E876
:10355000070007F5B47107F1E003029307F5C473A0
:10356000019307F1340300934FF064024FF000031E
:103570000846FEF7EFFF0346002B2ED107F5FC733C
:10358000A3F58C735B6E022B27D107F5FC73A3F5B3
:103590008C739B6E012B20D107F5FC73A3F58C7304
:1035A000DB6E552B19D107F5FC73A3F5D473D3F853
:1035B0008C30022B11D107F5FC73A3F5D473DB6EAD
:1035C000B3F5826F09D107F5FC73A3F5D4731B6FB4
:1035D000B3F5916F01D1012300E0002387F8DA31C0
:1035E00097F8DA3103F0010387F8DA3107F1500375
:1035F00002211846FFF7BCFA07F5FC73A3F5D47354
:103600004FF6FE721A8007F5FC73A3F5D4730122FE
:103610005A8007F5FC73A3F5D4736FF00F029A611B
:1036200007F5FC73A3F5D4731022DA6107F5FC7378
:10363000A3F5D4736FF00A029A6307F5FC73A3F540
:10364000D4731522DA6307F5FC73A3F5D4736FF016
:103650001F029A6607F15003C7F8943107F5B47357
:103660001846FDF7A7FF07F5FC73A3F5E27407F111
:103670000800022320220221FFF754FA07F5FC7309
:10368000A3F5F8731D460FCD0FC495E8070084E835
:10369000070007F5B47107F1E003029307F5C4735F
:1036A000019307F1340300934FF6FE724FF00003CD
:1036B0000846FEF74FFF0346002B23D107F5FC73A6
:1036C000A3F58C739B6F252B1CD107F5FC73A3F519
:1036D0008C735B6E002B15D107F5FC73A3F58C730F
:1036E000D3E90E235B4911440B430BD107F5FC735F
:1036F000A3F58C73D3E91023A2F101110B4301D17F
:10370000012300E0002387F8D93197F8D93103F07D
:10371000010387F8D93107F5B4731846FDF74AFF5E
:103720004FF000024FF00003C7E90A2307F5B47019
:1037300007F1280300930A230A226421FDF75EFFA4
:103740000346002B0CBF0123002387F8D831B7F8BC
:103750006A31A7F8D631D7E95C23C7E97223D7F8D5
:103760007831C7F8C431D7F87C31C7F8C03107F5D4
:10377000B47007F1280300930A231422C821FDF72F
:103780003DFF0346042B1FD1B7F86A31B7F8D621A5
:103790009A4219D1D7E95C23D7E97201994208BF4F
:1037A000904211D1D7F87831D7F8C4219A420BD181
:1037B000D7F87C31D7F8C0219A4205D1D7F88031AB
:1037C000012B01D1012300E0002387F8BF3197F8D6
:1037D000BF3103F0010387F8BF3197F8F731002BB1
:1037E0002DD097F8F631002B29D097F8F531002B22
:1037F00025D097F8DF31002B21D097F8DE31002B50
:103800001DD097F8DD31002B19D097F8DC31002B53
:1038100015D097F8DB31002B11D097F8DA31002B57
:103820000DD097F8D931002B09D097F8D831002B5B
:1038300005D097F8BF31002B01D0012300E0002311
:1038400003F00103DBB2184607F5FC77BD46BDE87F
:10385000B08F00BF0200FFFF80B500AF09F090FA03
:1038600000F056F800F014FC00F0BCFB00F0BAF8D1
:1038700000F0AAF900F060FA00F042F900F088FBCD
:1038800000F010F900F06AF900F0D4FA00F056FBED
:10389000FDF700FDFEF756F9034683F00103DBB2A6
:1038A000002B01D000F0DEFFFFF78AF9034683F01A
:1038B0000103DBB2002B01D000F0D4FF00F0ECFFDD
:1038C00000F0FEFF034683F00103DBB2002B01D0C2
:1038D00000F0C8FF10F012F80A4A00210A4810F060
:1038E00057F80346094A136008F0F2FA034683F0DA
:1038F0000103DBB2002B01D000F0B4FF10F022F87E
:1039000000BFFDE738B50108C1410008640500208B
:1039100080B594B000AF07F1200330220021184693
:1039200013F0EAF807F10C0300221A605A609A605B
:10393000DA601A610023BB60284B1B6C274A43F0F6
:1039400080531364254B1B6C03F08053BB60BB6832
:1039500000237B60224B1B68214A43F480431360A1
:103960001F4B1B6803F480437B607B6801233B6231
:103970004FF480337B620223BB634FF48003FB630D
:1039800004233B64A8237B640223BB640423FB64FD
:1039900007F1200318460CF043FA0346002B01D030
:1039A00000F060FF0F23FB6002233B6100237B617B
:1039B0004FF4A053BB614FF48053FB6107F10C033C
:1039C000052118460CF0A4FC0346002B01D000F0A2
:1039D00049FF00BF5037BD4680BD00BF00380240E0
:1039E0000070004080B584B000AF3B4600221A60F2
:1039F0005A609A60DA60284B284A1A60264B4FF4C6
:103A000080325A60244B00229A60234B01221A61B3
:103A1000214B01221A76204B002283F820201E4BD6
:103A20000022DA621C4B1E4A9A621B4B0022DA60AB
:103A3000194B0222DA61184B012283F83020164B11
:103A400001225A61144809F0DDF90346002B01D028
:103A500000F008FF01233B6001237B600523BB606E
:103A60003B4619460C4809F03FFB0346002B01D0AA
:103A700000F0F8FE04233B6002237B603B461946BE
:103A8000054809F031FB0346002B01D000F0EAFEA7
:103A900000BF1037BD4680BD7C00002000200140E3
:103AA0000100000F80B500AF124B134A1A60114B92
:103AB000124A5A600F4B00229A600E4B0022DA60C5
:103AC0000C4B4FF480421A610A4B00225A61094B99
:103AD00000229A61074B0022DA61064B00221A622B
:103AE00004480AF07DFB0346002B01D000F0BAFE2B
:103AF00000BF80BD2401002000540040801A060051
:103B000080B500AF124B134A1A60114B124A5A602B
:103B10000F4B00229A600E4B0022DA600C4B4FF4E0
:103B200080421A610A4B00225A61094B00229A61B5
:103B3000074B0022DA61064B00221A6204480AF0A1
:103B40004FFB0346002B01D000F08CFE00BF80BD70
:103B50007801002000580040A086010080B500AF29
:103B6000174B184A1A60164B4FF482725A60144B66
:103B700000229A60124B0022DA60114B02221A6175
:103B80000F4B01225A610E4B4FF400729A610C4B9D
:103B90001822DA610A4B00221A62094B00225A628B
:103BA000074B00229A62064B0A22DA6204480CF0A4
:103BB00001FE0346002B01D000F054FE00BF80BD83
:103BC0002C0200200030014080B596B000AF07F114
:103BD000480300221A605A609A60DA6007F14003D5
:103BE00000221A605A6007F1240300221A605A600A
:103BF0009A60DA601A615A619A613B1D20220021A5
:103C0000184612F079FF4A4B4A4A1A60484B002284
:103C10005A60474B00229A60454B40F66A02DA60D0
:103C2000434B00221A61424B00225A61404B002252
:103C30009A613F480DF066FB0346002B01D000F06F
:103C400011FE4FF48053BB6407F14803194638480E
:103C50000DF0F0FF0346002B01D000F003FE3448C6
:103C60000DF010FC0346002B01D000F0FBFD0023FB
:103C70003B6400237B6407F1400319462C480EF097
:103C800003FD0346002B01D000F0ECFD70237B62A6
:103C90000023BB620023FB6200233B6300237B63A2
:103CA0000023BB630023FB6307F1240300221946B2
:103CB0001F480DF0FDFE0346002B01D000F0D2FDA1
:103CC00007F124030422194619480DF0F1FE0346BA
:103CD000002B01D000F0C6FD07F12403082219468D
:103CE00013480DF0E5FE0346002B01D000F0BAFDAD
:103CF00000237B600023BB600023FB6000233B614B
:103D000000237B614FF40053BB6100233B623B1DEA
:103D1000194607480EF034FD0346002B01D000F091
:103D2000A1FD034808F0E0FC00BF5837BD4680BD48
:103D3000840200200000014080B58AB000AF07F186
:103D4000180300221A605A609A60DA6007F11003C3
:103D500000221A605A603B4600221A605A609A603C
:103D6000DA60334B4FF080421A60314B00225A60C8
:103D70002F4B00229A602E4B4FF0FF32DA602C4B13
:103D800000221A612A4B00229A6129480DF0BAFAE2
:103D90000346002B01D000F065FD4FF48053BB615A
:103DA00007F11803194622480DF044FF0346002B83
:103DB00001D000F057FD1E480DF07CFC0346002B9F
:103DC00001D000F04FFD00233B6100237B6107F130
:103DD0001003194616480EF057FC0346002B01D07D
:103DE00000F040FD00233B6001237B600023BB60AB
:103DF0000023FB603B46002219460D480DF0BBFD39
:103E00000346002B01D000F02DFD02233B6002236E
:103E10007B603B460422194605480DF0ACFD034685
:103E2000002B01D000F01EFD00BF2837BD4680BD2D
:103E3000CC02002080B592B000AF07F14003002211
:103E40001A605A6007F1240300221A605A609A60CF
:103E5000DA601A615A619A613B1D202200211846DE
:103E600012F04AFE334B344A1A60324B53225A60E6
:103E7000304B00229A602F4B40F2E732DA602D4B34
:103E800000221A612B4B00225A612A4B00229A61B0
:103E900028480DF0F7FA0346002B01D000F0E2FCB1
:103EA00000233B6400237B6407F14003194621484B
:103EB0000EF0EAFB0346002B01D000F0D3FC602398
:103EC0007B620023BB620023FB6200233B63002371
:103ED0007B630023BB630023FB6307F12403002201
:103EE000194614480DF0E4FD0346002B01D000F004
:103EF000B9FC00237B600023BB600023FB60002330
:103F00003B6100237B614FF40053BB6100233B62A4
:103F10003B1D194607480EF033FC0346002B01D029
:103F200000F0A0FC034808F0DFFB00BF4837BD46A7
:103F300080BD00BF140300200004014080B500AF25
:103F4000114B124A1A60104B4FF461225A600E4B0B
:103F500000229A600C4B0022DA600B4B00221A619F
:103F6000094B0C225A61084B00229A61064B002231
:103F7000DA6105480EF06AFC0346002B01D000F020
:103F800071FC00BF80BD00BF5C0300200044004006
:103F900080B500AF114B124A1A60104B4FF46122EA
:103FA0005A600E4B00229A600C4B0022DA600B4BD9
:103FB00000221A61094B0C225A61084B00229A61B7
:103FC000064B0022DA6105480EF040FC0346002B48
:103FD00001D000F047FC00BF80BD00BFA00300205F
:103FE0000048004080B582B000AF00237B60274BC3
:103FF0001B6B264A43F400131363244B1B6B03F41F
:1040000000137B607B6800233B60204B1B6B1F4AC7
:1040100043F4800313631D4B1B6B03F480033B606D
:104020003B68002205210C2009F03EFB0C2009F022
:1040300057FB002205210E2009F036FB0E2009F067
:104040004FFB00220521102009F02EFB102009F063
:1040500047FB00220521112009F026FB112009F061
:104060003FFB002205212F2009F01EFB2F2009F025
:1040700037FB00220521382009F016FB382009F013
:104080002FFB00BF0837BD4680BD00BF003802408F
:1040900080B58AB000AF07F1140300221A605A609D
:1040A0009A60DA601A6100233B61414B1B6B404A06
:1040B00043F0040313633E4B1B6B03F004033B61AB
:1040C0003B690023FB603A4B1B6B394A43F080038A
:1040D0001363374B1B6B03F08003FB60FB6800230B
:1040E000BB60334B1B6B324A43F001031363304B0D
:1040F0001B6B03F00103BB60BB6800237B602C4B90
:104100001B6B2B4A43F002031363294B1B6B03F019
:1041100002037B607B6800224EF2070125480AF00B
:104120002BF800224FF4006123480AF025F8002202
:10413000402122480AF020F84EF207037B61012358
:10414000BB610023FB6100233B6207F114031946A6
:10415000184809F05DFE01237B610023BB61012348
:10416000FB6107F114031946134809F051FE4FF49F
:1041700000637B610123BB610023FB6100233B6281
:1041800007F1140319460C4809F042FE40237B61F5
:104190000123BB610023FB6100233B6207F1140391
:1041A0001946064809F034FE00BF2837BD4680BDD9
:1041B00000380240000802400000024000040240B3
:1041C000F0B5E3B00CAF07F5AC73A3F5A2731860BC
:1041D00007F1C0031846FDF725FE0121894809F0C3
:1041E000B3FF0346002B0CBF0123002387F84F3198
:1041F00097F84F31002B08D0834B1B7883F00103D5
:10420000DBB2002B01D007F0A7FE7F4A97F84F31B1
:1042100013704FF480417D4809F0C7FF07F0C8FED6
:104220000346002B03D0C8200FF045FCF9E207F14C
:10423000180307F1C00003224FF40041FDF707FE09
:10424000034687F84E3197F84E31002B2BD097F864
:104250004E2107F5AC73A3F5A0735B7E194607F5F5
:10426000AC73A3F5A0739B7E07F13C000193009112
:104270001346674A602112F0CDFBC7F85401D7F806
:1042800054315F2B02DD5F23C7F85431D7F8543126
:104290009AB207F13C0132235E480EF024FBC8209D
:1042A0000FF009FCBDE207F5AC73A3F5A0731B8802
:1042B000A7F84C31B7F84C311846FCF7F3FFF0EE95
:1042C000407A9FED557A67EE877AB6EE007A77EE00
:1042D000877AFCEEE77A17EE903AC7F84831002368
:1042E000C7F8BC3007F1BC031846FCF7FBFF0346D8
:1042F00087F8473197F8473183F00103DBB2002B91
:104300000FD197F8BC30002B0BD197F8BD30002BA4
:1043100007D197F8BE30002B03D197F8BF30002BA0
:1043200042D0B7F84C41D7F848313C4AA2FB0323AE
:104330005909D7F84821394BA3FB02035B096420D4
:1043400000FB03F3D31A97F847213A6197F8BC00B2
:10435000054697F8BD00064697F8BE00F86097F846
:10436000BF00024607F13C000692FA6805920496E7
:1043700003953A690292019300912346284A8021CD
:1043800012F048FBC7F85001D7F850317F2B02DDFF
:104390007F23C7F85031D7F850319AB207F13C016A
:1043A00032231C480EF09FFA1E4B1B7883F001034A
:1043B000DBB2002B48D01B4B01221A701A4AB7F807
:1043C0004C311380194B00221A60194B00221A60DD
:1043D000174B1B68174A1360174B00221A601749C6
:1043E0004FF000024FF00003C1E9002314494FF0E1
:1043F00000024FF00003C1E90023124B00221A60B3
:1044000047E000BF000002406805002000080240AD
:104410002C890108A00300200000C8421F85EB5131
:1044200070890108690500206A0500206C050020DC
:10443000700500207405002078050020800500200C
:104440008805002090050020A34B1B88B7F84C215D
:10445000D31A9BB21BB2C7F840319F4AB7F84C3110
:1044600013809E4B1A68D7F8403113449B4A13605F
:10447000D7F84031002BB8BF5B42C7F83C31984BAE
:104480001B68D7F83C219A4203DD954AD7F83C31A6
:104490001360924B1A68934B1B689A4203DA8F4B56
:1044A0001B68904A13608D4B1A688F4B1B689A42A9
:1044B00003DD8A4B1B688C4A1360884B1B681846C7
:1044C000FCF730F8894BD3E90023FBF7DFFE024607
:1044D0000B468649C1E90023804B1B681846FCF750
:1044E00021F804460D467D4B1B681846FCF71AF868
:1044F00002460B4620462946FCF77EF802460B464C
:10450000104619467A4BD3E90023FBF7BFFE02465B
:104510000B467749C1E90023764B1B680133754A86
:104520001360744B1B68182B40F278816F4BD3E9F2
:104530000045704B1B681846FBF7E4FF02460B462C
:1045400020462946FCF782F902460B46C7E94C2370
:10455000674BD3E90045674B1B681846FBF7D2FF52
:1045600002460B4620462946FCF770F902460B46E8
:1045700014461D46D7E94C23D7E94C01FCF73CF81B
:1045800002460B4620462946FBF77EFE02460B46B6
:10459000C7E94A234FF000024FF00003D7E94A0170
:1045A000FCF7BAFA0346002B08D097ED4A0B12F03D
:1045B00087FFB0EE407AF0EE607A01E09FED447B39
:1045C00087ED487B484B1A68464B1B68D31AC7F8DF
:1045D0001C31424B1B68C7F81831414B1B6840F235
:1045E000DA2293420CDCD7F81831434A934207DBB6
:1045F000D7F8183140F63962934201DC012300E01C
:10460000002387F8173197F8173103F0010387F873
:104610001731D7F81C319BB21846FCF743FEF0EE79
:10462000407A9FED377A67EE877AB6EE007A77EEBA
:10463000877AFCEEE77A17EE903AC7F810314FF020
:1046400000022E4BD7E94801FBF720FE02460B463D
:1046500010461946FCF780FA03469BB21846FCF751
:1046600021FEF0EE407A9FED267A67EE877AB6EE6D
:10467000007A77EE877AFCEEE77A17EE903AC7F881
:104680000C31174B1B689BB21846FCF70BFEF0EE83
:10469000407A9FED1B7A67EE877AB6EE007A77EE66
:1046A000877AFCEEE77A17EE903AC7F80831D7F828
:1046B0001831DB0F87F8073197F80731002B21D02D
:1046C000D7F818319BB25B429BB21EE0AFF300807B
:1046D00000000000000000006A0500206C050020BA
:1046E000780500207405002070050020800500205A
:1046F0008805002090050020C7F1FFFF0000E03F83
:104700000000C842D7F818319BB21846FCF7CAFD22
:10471000F0EE407A1FED067A67EE877AB6EE007A01
:1047200077EE877AFCEEE77A17EE903AC7F8003119
:10473000D7F810313B4AA2FB03235D09D7F81021BB
:10474000384BA3FB02135B09642101FB03F3D31A6B
:10475000D7F80C213349A1FB02125609D7F80C11E6
:10476000304AA2FB01025209642000FB02F28A1ABD
:1047700097F80711002902D02B49396101E02B4934
:104780003961D7F800112748A0FB01014909F960F8
:10479000D7F800012349A1FB00414909642404FB27
:1047A00001F1411AD7F808011E4CA4FB0040400952
:1047B000B860D7F808411B48A0FB04C040094FF07F
:1047C000640C0CFB00F0201A194C24687C6097F8EC
:1047D000174107F13C0C0A947C6809940890B8686A
:1047E00007900691F9680591396904910392029640
:1047F0000193009505230F4A8021604612F00AF9C3
:10480000C7F8FC00D7F8FC309AB207F13C0132231C
:1048100009480EF068F8094B00221A70C8200FF002
:104820004AF9DAE41F85EB51C8890108CC890108EF
:1048300090050020D0890108A00300206905002010
:1048400080B582B000AF78607B681B68044A9342F1
:1048500001D108F0B7FA00BF0837BD4680BD00BFE0
:104860000020004080B582B000AF72B600BF4FF4A8
:104870000051074809F099FC00237B6002E07B6847
:1048800001337B607B68034A9342F8D9EFE700BFAE
:10489000000802401FA1070080B500AF00F0ACF98E
:1048A0000449054807F090FB0448FDF7BBFA00BF38
:1048B00080BD00BF5CB5010894050020B80500204C
:1048C00080B588B000AF07F051FC034683F00103C8
:1048D000DBB2002B01D0002349E0B0EE000A2648ED
:1048E00007F0A7FB254B01221A70244B01225A62C4
:1048F000B6EE000A7B2000F0CBF900F06DF83B46E5
:10490000184600F071F8D7ED007AF5EE407AF1EE36
:1049100010FA28D1D7ED017AF5EE407AF1EE10FACF
:1049200021D1D7ED027AF5EE407AF1EE10FA1AD1E4
:104930003B7B83F00103DBB2002B14D03B69002BDF
:1049400011D1BB8A002B0ED1D7ED067AF5EE407A55
:10495000F1EE10FA07D13B7F83F00103DBB2002BAD
:1049600001D0012300E0002303F00103DBB218466D
:104970002037BD4680BD00BF94050020B80500204B
:1049800080B500AF00F060F900BF80BD80B500AF1A
:1049900000F06CF900BF80BD80B582B000AF034667
:1049A00087ED000AFB80FB8897ED000A184600F0AF
:1049B0006FF900BF0837BD4680BD000080B500AF6D
:1049C000034807F01CFB0348FDF72CFA00BF80BD2D
:1049D00094050020B805002080B500AFFFF7EEFF7A
:1049E00000F0B2F900BF80BD80B586B000AF78603E
:1049F0007B68002B22D0134B5A697B681A60114BDD
:104A00009A697B685A600F4BDA697B689A600E4B33
:104A10001A787B681A730C4B5A6A7B681A6107F123
:104A20000C03184600F09CF9BA897B689A823A69AF
:104A30007B689A613A7D7B681A7700E000BF18377F
:104A4000BD4680BD94050020B805002080B58EB01D
:104A500000AF87ED010A38603B68002B01D10123CC
:104A600036E007F1080303224FF400511A48FDF71E
:104A7000EEF9034687F8373097F83730002B02D02D
:104A800097F8373024E0D7E9042310461946FDF79C
:104A90009FFAB0EE407AD7ED017A77EE677AC7EDEC
:104AA0000C7A3B683A6B1A6097ED0C0A0B4807F0DA
:104AB000C0FA87ED0B0AD7ED0B7AFDEEE77A17EE19
:104AC000903A9BB2B7EE000A184600F0E1F80023D6
:104AD00018463837BD4680BDB80500209405002033
:104AE00080B483B000AF0346FB80FB88074AA2FB7B
:104AF0000312520B42F6AB2101FB02F29B1A9BB24E
:104B000018460C37BD465DF8047B70470380FEBF36
:104B100080B400AF06231846BD465DF8047B70479D
:104B200080B400AF0C231846BD465DF8047B704787
:104B300080B500AF054807F004FBF0EE407AFDEECB
:104B4000E77A17EE903A184680BD00BF9405002022
:104B500080B584B000AF786087ED000A7B6807EE0F
:104B6000903AF8EE677A9FED217A27EE877ADFEDAB
:104B7000206AC7EE267AC7ED027A97ED020A12F094
:104B80002FFDF0EE407AB6EE007A67EE877AB6EE49
:104B9000007A77EE877A97ED007A67EE277AC7ED8D
:104BA000037AD7ED037AF5EEC07AF1EE10FA02D56A
:104BB0004FF00003FB60D7ED037AB7EE007AF4EE16
:104BC000C77AF1EE10FA02DD4FF07E53FB60D7EDAD
:104BD000037A9FED087A67EE877AFCEEE77A17EEA4
:104BE000903A9BB218461037BD4680BDDB0FC940D6
:104BF00000AC2A4600A0064580B500AF00F036F8AC
:104C0000012201210E4809F0B7FA002202210C48C6
:104C100009F0B2FA00220421094809F0ADFA002196
:104C200008480CF07FFC042106480CF07BFC0821AE
:104C300004480CF077FC00F087F800BF80BD00BF8F
:104C4000000802408402002080B500AF01224FF42A
:104C50000061044809F090FA034B01221A7200BF68
:104C600080BD00BF00000240F005002080B500AF0D
:104C700000224FF40061044809F07EFA034B002241
:104C80001A7200BF80BD00BF00000240F005002086
:104C900080B586B000AF034687ED000AFB80FB8835
:104CA000264AA2FB0312520B42F6AB2101FB02F291
:104CB0009B1A9BB27B61FB8803F639631F4AA2FBF8
:104CC0000312520B42F6AB2101FB02F29B1A3B612D
:104CD000FB8803F5E3531233184AA2FB0312520B6D
:104CE00042F6AB2101FB02F29B1AFB6097ED000A32
:104CF0007869FFF72DFF03461A46114B1B685A636C
:104D000097ED000A3869FFF723FF03461A460C4B5C
:104D10001B689A6397ED000AF868FFF719FF0346CE
:104D20001A46074B1B68DA63064AFB881380054A5C
:104D30003B68536000BF1837BD4680BD0380FEBF8F
:104D400084020020F005002080B500AF9FED030A2B
:104D50000020FFF79DFF00BF80BD00BF00000000E6
:104D600080B483B000AF78607B68002B04D07B6890
:104D7000044A07CA83E8070000BF0C37BD465DF848
:104D8000047B7047F005002080B483B000AF034679
:104D9000FB71044AFB79137000BF0C37BD465DF808
:104DA000047B70470506002080B485B000AF224B1D
:104DB0001B68BB60214B1B687B60214B1B683B6001
:104DC0000023FB602DE01F49FA681346DB009B1AA5
:104DD0009B000B441B68BA689A421FD11949FA68B4
:104DE0001346DB009B1A9B000B4404331B687A6854
:104DF0009A4213D11349FA681346DB009B1A9B00B1
:104E00000B4408331B683A689A4207D1FA68134684
:104E1000DB009B1A9B000B4A134406E0FB6801333E
:104E2000FB60FB68022BCED9002318461437BD4621
:104E30005DF8047B704700BF107AFF1F147AFF1FD4
:104E4000187AFF1F70B5010880B584B000AF786094
:104E5000FFF7AAFFF860FB68002B05D07B680122F2
:104E60001A70FB68DB6803E07B6800221A70024B53
:104E700018461037BD4680BD608A01080FB480B562
:104E8000A2B000AF07F194033B60381D3B68D7F830
:104E90009020802111F022FEC7F88400D7F88430DA
:104EA000002B0EDDD7F884307F2B02D97F23C7F883
:104EB0008430D7F884309AB2391D642304480DF049
:104EC00012FD00BF8837BD46BDE8804004B0704782
:104ED000A00300200FB480B5ADF5EF6D00AF07F271
:104EE000847207F5EF63A3F274731A6007F5EF633A
:104EF000A3F2747307F108001B68D7F8802740F20B
:104F00006C7111F0EBFDC7F87407D7F87437002BFC
:104F100012DDD7F8743740F26B72934203D940F236
:104F20006B73C7F87437D7F874379AB207F1080172
:104F3000C82305480DF0D7FC00BF07F5EF67BD4655
:104F4000BDE8804004B07047A003002080B58CB05D
:104F500002AF87ED030AB8607960D7ED037AF5EE0A
:104F6000C07AF1EE10FA4CBF0123002387F82730F6
:104F700097F82730002B04D0D7ED037AF1EE677A4B
:104F800001E0D7ED037AC7ED087AD7ED087A9FEDF7
:104F9000207A67EE877AB6EE007A77EE877AFDEEB2
:104FA000E77A17EE903AFB61FB691A4A82FB03121B
:104FB0005211DB17D31ABB61FB69164A82FB03123D
:104FC0005111DA178A1A642101FB02F29B1A7B61E4
:104FD00097F82730002B0ED0BB69002B02D17B69DC
:104FE000002B08D07B690093BB690B4A7968B868CD
:104FF00011F010FD08E07B690093BB69074A7968EE
:10500000B86811F007FD00BF00BF2837BD4680BD5E
:105010000000C8421F85EB516C8A0108788A01089C
:1050200080B58EB002AF87ED030AB86079603A6050
:105030000123FB620023BB6208E0FA6A13469B006F
:1050400013445B00FB62BB6A0133BB62BA6ABB6894
:105050009A42F2DBD7ED037AF5EEC07AF1EE10FA60
:105060004CBF0123002387F8273097F82730002B07
:1050700004D0D7ED037AF1EE677A01E0D7ED037A39
:10508000C7ED087AFB6A07EE903AB8EEE77AD7EDFB
:10509000087A67EE277AB6EE007A77EE877AFDEE29
:1050A000E77A17EE903AFB61FA69FB6A92FBF3F339
:1050B000BB61FB69FA6A93FBF2F2F96A01FB02F247
:1050C0009B1A7B6197F82730002B10D0BB69002B0F
:1050D00002D17B69002B0AD07B690193BB680093E6
:1050E000BB690A4A3968786811F094FC0AE07B6968
:1050F0000193BB680093BB69054A3968786811F071
:1051000089FC00BF00BF3037BD4680BD848A0108DE
:10511000908A0108B0B590B000AFC7E902017A608B
:105120003B607B68002B71D03B68002B6ED0002366
:10513000FB63D7E902014FF000024FF00003CA0FF2
:105140000023134687F82B3097F82B30002B06D01E
:10515000D7E902230021544261EB030501E0D7E9BE
:105160000245C7E90C45D7E90C014FF00A024FF0A0
:105170000003FBF7BFFED2B2FB6B591CF963303260
:10518000D2B240333B4403F8302CD7E90C014FF046
:105190000A024FF00003FBF7ADFE02460B46C7E9DB
:1051A0000C23D7E90C23134302D0FB6B162BDAD95F
:1051B00097F82B30002B0AD0FB6B162B07D8FB6B14
:1051C0005A1CFA6340333B442D2203F8302C002351
:1051D000FB620DE0FB6B013BFB63FB6A5A1CFA624E
:1051E0007A68134407F11001FA6B0A4412781A70B6
:1051F000FB6B002B04D0FB6A01333A689A42E9D872
:105200007A68FB6A134400221A7000E000BF40373E
:10521000BD46B0BD80B582B000AFC7E90001D7E997
:105220000001FBF7BBF94FF000020D4BFBF7E4F96F
:1052300002460B46104619464FF00002094BFBF799
:1052400005FB02460B4610461946FBF7A5FC034634
:1052500007EE903AB0EE670A0837BD4680BD00BF42
:10526000008076400000F04180B483B000AF7860E9
:105270007B68FF2B02D87B68DBB200E0FF23184677
:105280000C37BD465DF8047B704780B483B000AF37
:1052900078607B68B3F5803F02D27B689BB201E007
:1052A0004FF6FF7318460C37BD465DF8047B704718
:1052B00080B400AF00231846BD465DF8047B7047FC
:1052C00080B483B000AF0346FB71FB79092B2BD868
:1052D00001A252F823F000BF015300080553000853
:1052E000095300080D530008115300081553000816
:1052F000195300081D5300082153000825530008C6
:105300000D4B12E00D4B10E00D4B0EE00D4B0CE081
:105310000D4B0AE00D4B08E00D4B06E00D4B04E091
:105320000D4B02E00D4B00E00D4B18460C37BD460F
:105330005DF8047B704700BF9C8A0108A08A0108C1
:10534000AC8A0108B88A0108C48A0108D08A010819
:10535000E08A0108F88A0108148B0108288B0108EB
:10536000388B010880B58EB000AF7861396187ED68
:10537000030ABA607B604FF000037B634FF00003C9
:105380003B630023FB6258E0FB6A07EE903AF8EEBD
:10539000E77A9FED6C7A67EE877A9FED6B7A27EE5E
:1053A000877ADFED6A6AC7EE267AC7ED0A7AD7ED0B
:1053B0000A7A9FED677A27EE877ADFED666AC7EE95
:1053C000267AC7ED097ABB6807EE903AF8EEE77ADD
:1053D00097ED097A67EE277AC7ED087AFB6A9B009A
:1053E0007A69134493ED007AD7ED037A77EE677A02
:1053F000C7ED077A97ED080A12F0BAF8B0EE407AD6
:10540000D7ED077A67EE277A97ED0D7A77EE277A50
:10541000C7ED0D7A97ED080A12F0E2F8B0EE407A87
:10542000D7ED077A67EE277A97ED0C7A77EE277A31
:10543000C7ED0C7AFB6A0133FB62FA6A3B699A4258
:10544000A2DBBB68DAB27B681A703B69002B13DC05
:105450007B684FF000025A607B684FF000029A6050
:105460007B684FF00002DA607B684FF000021A613F
:105470007B6800221A7562E03B6907EE903AF8EE0D
:10548000E77AF0EE006A86EEA77AD7ED0D7A67EE3E
:10549000277A7B68C3ED017A3B6907EE903AF8EE14
:1054A000E77AF0EE006A86EEA77AD7ED0C7A67EE1F
:1054B000277A7B68C3ED027A7B6893ED017A7B687B
:1054C000D3ED017A27EE277A7B68D3ED026A7B68F9
:1054D000D3ED027A66EEA77A77EE277AB0EE670A06
:1054E00012F024F8F0EE407A7B68C3ED037A7B6813
:1054F000D3ED027A7B6893ED017AF0EE470AB0EEC5
:10550000670A12F011F8F0EE407A9FED127A27EE5A
:10551000877ADFED0F6AC7EE267A7B68C3ED047ADF
:105520007B68D3ED037A9FED0C7AF4EEC77AF1EE47
:1055300010FAACBF01230023DAB27B681A75383742
:10554000BD4680BD0000B44300008043000080479A
:10555000DB0F494000003443CDCC4C3D80B487B0D4
:1055600000AFF860B9607A6000237B6118E07A6967
:1055700013465B001344DB001A46FB6813441A7899
:105580007B68DBB29A4208D17A6913465B00134408
:10559000DB001A46FB68134407E07B6901337B613B
:1055A0007A69BB689A42E2DB002318461C37BD4685
:1055B0005DF8047B7047000080B52DED028B90B044
:1055C00000AF7861396187ED030ABA607B603B699F
:1055D000002B02DCDFED507A96E04FF00003FB6316
:1055E0000023BB637CE0BB6B07EE903AF8EEE77AF2
:1055F0009FED4A7A67EE877A9FED497A27EE877AA0
:10560000DFED486AC7EE267AC7ED0B7AD7ED0B7A45
:105610009FED457A27EE877ADFED446AC7EE267A5A
:10562000C7ED0A7AFB687B6300233B633BE03B6B7F
:105630007A6813441B781A460C21B868FFF78EFF6E
:1056400038623B6A002B2AD03B6A1B7807EE903AFF
:10565000F8EE677A97ED0A7A67EE277AC7ED077A50
:105660003B6A93ED018A97ED070A11F081FFF0EE96
:10567000407A28EE278A3B6AD3ED028A97ED070A23
:1056800011F0AEFFF0EE407A68EEA77A78EE277A56
:1056900097ED0D7A77EE277AC7ED0D7A00E000BF1F
:1056A0003B6B01333B633A6B3B6D9A42BFDBBB6B99
:1056B0009B007A69134493ED007AD7ED0D7A77EE6B
:1056C000677AC7ED097AD7ED097A67EEA77A97ED81
:1056D0000F7A77EE277AC7ED0F7ABB6B0133BB6386
:1056E000BA6B3B699A42FFF67EAF3B6907EE903A90
:1056F000F8EEE77A97ED0F7AC7EE276AB0EE660A02
:1057000011F014FFF0EE407AB0EE670A4037BD4664
:10571000BDEC028B80BD00BF000000000000B44360
:105720000000804300008047DB0F49400000344305
:1057300080B52DED028B8EB000AF78613961FA60D3
:10574000BB6087ED010A424B7B63424B3B63002306
:10575000FB626CE0FB6A07EE903AF8EEE77A9FEDA9
:105760003E7A27EE877ADFED3D6AC7EE267AC7EDEF
:10577000087A7B68BB6200237B623BE07B6AFA6845
:1057800013441B781A4639697869FFF7E7FEF86118
:10579000FB69002B2AD0FB691B7807EE903AF8EEE4
:1057A000677A97ED087A67EE277AC7ED067AFB6984
:1057B00093ED018A97ED060A11F0DAFEF0EE407AD9
:1057C00028EE278AFB69D3ED028A97ED060A11F0CD
:1057D00007FFF0EE407A68EEA77A78EE277A97ED29
:1057E0000A7A77EE277AC7ED0A7A00E000BF7B6A73
:1057F00001337B627A6ABB689A42BFDB97ED0A7A13
:10580000D7ED0D7AB4EEE77AF1EE10FA01DDBB6A5E
:105810007B6397ED0A7AD7ED0C7AB4EEE77AF1EE76
:1058200010FA01D5BB6A3B63FB6A0133FB62FB6A7A
:10583000B3F5805F8EDBBB6C7A6B1A60FB6C3A6BE6
:105840001A6000BF3837BD46BDEC028B80BD00BF7B
:10585000286B6ECE286B6E4EDB0FC9400000804572
:10586000B0B594B002AF78613961FA6087ED020A91
:105870007B60C7ED000A07F1240300221A605A601A
:105880009A60DA601A6100237B642CE07B6CFA6D0D
:1058900013441B781A46B96D7868FFF75FFE03461C
:1058A000002B0AD15F4B7B637B691D4607F1240403
:1058B0000FCC0FC523682B60AFE07B6CFA6D1344EF
:1058C0001B785A00FB689A420AD3574B7B637B696B
:1058D0001D4607F124040FCC0FC523682B609CE004
:1058E0007B6C01337B647A6C3B6E9A42CEDB3B6E01
:1058F0000093FB6D7A6897ED020AF9683869FFF743
:105900005BFEF0EE407AC7ED097A07F11C030193C4
:1059100007F12003009397ED020A3B6EFA6DB96D13
:105920007868FFF705FF97ED087AD7ED077A77EEED
:10593000677AC7ED0A7AD7ED007A9FED3C7AF4EEEC
:10594000C77AF1EE10FA57DDD7ED096A97ED007AC4
:10595000C6EE877AC7ED0F7AD7ED0F7A67EEA77A92
:10596000B7EE007A77EE677AC7ED0E7AD7ED0E7A4A
:10597000F0EEE77A9FED2E7AF4EE477AF1EE10FA28
:1059800011D8D7ED0E7A9FED2B7AF4EEC77AF1EEAF
:1059900010FA08D4D7ED0E7A9FED277AF4EEC77A85
:1059A000F1EE10FA0ADD254B7B637B691D4607F19A
:1059B00024040FCC0FC523682B602EE0BB6B3B6427
:1059C000D7ED107AF5EEC07AF1EE10FA02D54FF06D
:1059D00000033B64D7ED107AB7EE007AF4EEC77A95
:1059E000F1EE10FA02DD4FF07E533B643B6CFB623C
:1059F000012387F8303005E04FF00003FB620023FD
:105A000087F83030012387F831307B691D4607F174
:105A100024040FCC0FC523682B6078694837BD4636
:105A2000B0BD00BF408B0108548B0108BD378635DF
:105A3000FFFF7F7F6F1283BAC520803F688B01080C
:105A400080B487B000AF7860396001237B6131E0BA
:105A50007B699B007A6813441B68FB607B69013B90
:105A60003B610DE03B699B007A681A443B69013356
:105A70009B0079680B4412681A603B69013B3B61EB
:105A80003B69002B0CDB3B699B007A681344D3ED28
:105A9000007A97ED037AB4EEE77AF1EE10FAE1D4EA
:105AA0003B6901339B007A681344FA681A607B698A
:105AB00001337B617A693B689A42C9DB00BF00BF52
:105AC0001C37BD465DF8047B70470000B0B594B04C
:105AD00000AFF860B9607A603B6007F11003002204
:105AE0001A605A609A60DA601A615A613B68002B4A
:105AF0000ADCFB681D4607F110040FCC0FC594E8C3
:105B0000030085E80300F2E04FF00003FB6400238C
:105B1000BB6416E0BB6C9B00BA68134493ED007A3B
:105B2000BB6C9B00BA681344D3ED007A67EE277A0A
:105B300097ED137A77EE277AC7ED137ABB6C0133B2
:105B4000BB64BA6C3B689A42E4DB3B6807EE903A70
:105B5000F8EEE77A97ED137AC7EE276AB0EE660A99
:105B600011F0E4FCF0EE407AC7ED067A3B689B004A
:105B70001A46B968786811F051F839687868FFF703
:105B80005FFF3B6E7B647A6C3B689A4201DD3B6849
:105B90007B647B6C002B01DC01237B644FF00003F2
:105BA0003B644FF00003FB630023BB631DE0BB6B52
:105BB0009B007A681344D3ED007A97ED107A77EE64
:105BC000277AC7ED107A3B685A1EBB6BD31A9B002D
:105BD0007A681344D3ED007A97ED0F7A77EE277A3F
:105BE000C7ED0F7ABB6B0133BB63BA6B7B6C9A4218
:105BF000DDDB7B6C07EE903AB8EEE77AD7ED106A02
:105C0000C6EE877AC7ED0B7A7B6C07EE903AB8EE5A
:105C1000E77AD7ED0F6AC6EE877AC7ED0A7A97ED75
:105C20000A7AD7ED0B7A77EE677AC7ED047A3B688C
:105C300003F18043013B9B007A68134493ED007AA3
:105C40007B68D3ED007A77EE677AC7ED057A3B681B
:105C5000013B07EE903AF8EEE77A9FED277A67EE80
:105C6000877AB6EE007A77EE877AFDEEE77A17EE5E
:105C7000903A7B633B68013B07EE903AF8EEE77A97
:105C80009FED1E7A67EE877AB6EE007A77EE877A16
:105C9000FDEEE77A17EE903A3B637B6B002B01DA5F
:105CA00000237B633A6B3B689A4202DB3B68013B13
:105CB0003B637B6B9B007A6813441B68FB613B6B07
:105CC0009B007A6813441B683B6297ED087AD7ED16
:105CD000077A77EE677AC7ED097AFB681D4607F108
:105CE00010040FCC0FC594E8030085E80300F868A2
:105CF0005037BD46B0BD00BFCDCC4C3D3333733FB4
:105D000080B584B000AFF8600B467A60FB72FB6828
:105D1000002B0ED0FB68FA7A1A7007F067F802467B
:105D20007B68D21AFB685A60FEF702FF0246FB68E6
:105D30009A61FB7A18461037BD4680BD80B483B0A7
:105D400000AF0346FB71FB79032B13D801A252F875
:105D500023F000BF655D0008695D00086D5D000807
:105D6000715D0008074B06E0074B04E0074B02E0BB
:105D7000074B00E0074B18460C37BD465DF8047B27
:105D8000704700BF9C8A01087C8B01088C8B01083E
:105D9000948B0108388B010880B58EB002AF786013
:105DA0007B68002B01D10323B3E01C22002178681B
:105DB00010F0A2FE07F01AF87862FEF7B9FE02466C
:105DC0007B685A610220FEF7DFFF4FF00003FB61A2
:105DD00007F11C0318469FED510AFEF737FE0346F4
:105DE000002B06D07A6A03217868FFF789FF034603
:105DF0008FE0FA697B68DA60FA697B681A617B6810
:105E000001229A600023FB627B6ABB624FF00003B1
:105E1000BB6107F1180318469FED400AFEF716FE16
:105E20000346002B06D07A6A03217868FFF768FFE3
:105E300003466EE0BA697B681A617B689B685A1CEE
:105E40007B689A60D7ED067AF0EEE77A9FED347AB8
:105E5000F4EEC77AF1EE10FA03D5FB6A0133FB6268
:105E600001E00023FB62FB6AB3F5FA7F06DD7A6A84
:105E700000217868FFF744FF03464AE0D7ED067A31
:105E8000B0EEE77AD7ED077AF0EEE77A77EE677A49
:105E90009FED247AF4EEC77AF1EE10FA06DD7A6A05
:105EA00001217868FFF72CFF034632E006F09EFFE1
:105EB00038623A6ABB6AD31AB3F5FA7F17D33B6AE2
:105EC000BB62D7ED067A07F1080310211846B0EE41
:105ED000670AFFF73BF8FEF72BFE034607F10801C0
:105EE00000934FF4FA73FA6A0F48FEF7C7FF3A6A55
:105EF0007B6AD31A44F61F62934206D97A6A02215A
:105F00007868FFF7FDFE034603E002200DF0D3FDA5
:105F10007CE718463037BD4680BD00BF000000005A
:105F2000CDCCCC3D0000B442A88B010880B582B036
:105F300000AF0320FEF728FF14237B601AE07B6884
:105F40009BB25B429BB2B7EE000A1846FEF724FDF7
:105F50007B6818460DF0AFFD7B689BB2B7EE000A78
:105F60001846FEF719FD7B6818460DF0A4FD7B6806
:105F7000013B7B607B68002BE1DCB7EE000A002070
:105F8000FEF70AFDC8200DF096FD00BF0837BD469C
:105F900080BDB0B489B000AF7860396007F1080304
:105FA00000221A605A609A60DA601A615A613B688E
:105FB000002B11D03B681B6ABB603B685B6AFB60CF
:105FC0003B689B6A3B613B68DB6A7B613B681B6BA0
:105FD000BB613B685B6BFB617B681D4607F1080496
:105FE0000FCC0FC594E8030085E8030078682437D8
:105FF000BD46B0BC704780B485B000AFF860B960F2
:106000007A60FB68002B42D0BB68002B3FD07B68D6
:10601000002B3CD07B681A68FB68196ABB681B6858
:10602000CB1A1A447B681A607B685A68FB68596A05
:10603000BB685B68CB1A1A447B685A607B689A68B5
:10604000FB68996ABB689B68CB1A1A447B689A60A4
:106050007B68DA68FB68D96ABB68DB68CB1A1A44CC
:106060007B68DA607B681A69FB68196BBB681B691F
:10607000CB1A1A447B681A617B685A69FB68596BB2
:10608000BB685B69CB1A1A447B685A6100E000BFA9
:106090001437BD465DF8047B704780B590B000AF03
:1060A000F860B9607A603B60BB681B687A689A42A6
:1060B00001DB082301E06FF00703BB630023FB63F0
:1060C00051E0BB681A68BB6B1A44BB681A60BB6BB3
:1060D000002B04DDBB681B687A689A4207DBBB6B48
:1060E000002B07DABB681B687A689A4202DDBB683E
:1060F0007A681A60BB681B689BB2B7EE000A184644
:10610000FEF74AFC01200DF0D6FC07F11003032234
:1061100040F21D71F868FBF79AFE034687F83730A6
:10612000FB6B0133FB6397F83730002B08D03B68DB
:10613000002B02D03B68FA6B1A6097F837301EE0EC
:10614000BB6C002B0FD097F84C30FA6B9A420AD8F0
:10615000FB6B03F10053013BDB00BA6CD118D7E9AC
:106160000623C1E90023BB681B687A689A42A8D15C
:106170003B68002B02D03B68FA6B1A60002318467C
:106180004037BD4680BD90B482B000AFC7E9000182
:10619000D7E90001002906DAD7E9000100244242CC
:1061A00064EB010301E0D7E90023104619460837E4
:1061B000BD4690BC7047000080B483B000AF03467A
:1061C000FB71FB79032B13D801A252F823F000BF17
:1061D000E1610008E5610008E9610008ED6100087F
:1061E000074B06E0074B04E0074B02E0074B00E0DB
:1061F000074B18460C37BD465DF8047B704700BF5F
:106200009C8A01088C8B0108E88B0108948B01089B
:10621000388B010880B58EB000AFF8607A603B60C3
:106220000B46FB727B68002B5AD03B68002B57D083
:1062300000237B637B6800221A70002387F83330C9
:1062400048E097F83330DB00FA681344D3E90001E3
:1062500007F110021823FEF75DFF07F1100318463F
:10626000F9F7B6FF024697F83330002B01D001232F
:1062700000E000231344FB627A6BFB6A13443A6824
:106280009A422FD997F83330002B06D07B6B5A1CDB
:106290007A637A6813447C221A7007F11003184657
:1062A000F9F796FFB8627A687B6B134407F1100127
:1062B000BA6A184610F0B2FC7A6BBB6A13447B636F
:1062C0007A687B6B134400221A7097F833300133DD
:1062D00087F8333097F83320FB7A9A42B1D302E043
:1062E00000BF00E000BF3837BD4680BD2DE9B04F8C
:1062F00096B000AFF860C7E90023FB68002B02D01E
:10630000FB6F002B01D1032310E148220021F86F1D
:1063100010F0F2FBFB6F03221A70FB6F00225A7021
:1063200007F11003032240F21D71F868FBF78FFD9F
:10633000034687F8473097F84730002B05D0FB6FAE
:1063400097F847205A700323F0E0FB6F03F108042D
:1063500007F110050FCD0FC495E80F0084E80F007A
:10636000FB6F01229A62D7E90623C7E914230023B1
:10637000FB640023BB6406F039FD386401200DF096
:106380009AFB07F11003032240F21D71F868FBF736
:106390005EFD034687F8473097F84730002B08D05A
:1063A000FB6F97F847205A70FB6F03221A70032384
:1063B000BCE0FB6F03F1080407F110050FCD0FC41B
:1063C00095E80F0084E80F00FB6F9B6A5A1CFB6F77
:1063D0009A62D7E90601D7E91423B0EB020A61EB10
:1063E000030B50465946FFF7CEFEC7E90E01D7E929
:1063F0000623C7E91423D7E90601D7E90023B0EB48
:10640000020861EB0309FB6FC3E90E89D7E90E238C
:106410000A2A73F1000334BF0123002387F83730C1
:1064200097F8783083F00103DBB2002B0ED1FB6FBD
:10643000D3E90E2310461946FFF7A5FE02460B4688
:1064400040F28F318A4273F1000301D2012300E050
:10645000002387F8363097F8363003F0010387F8C9
:10646000363097F83730002B03D0FB6C0133FB64D8
:1064700001E00023FB6497F83730002B07D097F832
:106480003630002B03D0BB6C0133BB6401E000232A
:10649000BB64FB6FDB6AFA6C9A4202D9FB6FFA6C41
:1064A000DA62FB6F1B6BBA6C9A4202D9FB6FBA6C53
:1064B0001A63FB6FDB6A072B8CBF01230023DAB260
:1064C000FB6F83F84020FB6F97F8362083F841205C
:1064D000BB6C072B08D9FB6F012283F84220FB6FAE
:1064E00000221A70002321E006F080FC02463B6C7B
:1064F000D31A632B7FF642AFFB6F002283F8422052
:10650000FB6F93F84030002B0CD0FB6F93F84130B9
:1065100083F00103DBB2002B04D0FB6F02221A7060
:10652000022303E0FB6F01221A700123184658373B
:10653000BD46BDE8B08F000080B483B000AF87EDEA
:10654000010A07E0D7ED017A9FED157A77EEC77A59
:10655000C7ED017AD7ED017A9FED127AF4EEC77A92
:10656000F1EE10FAEEDC07E0D7ED017A9FED0C7A40
:1065700077EE877AC7ED017AD7ED017A9FED0A7A37
:10658000F4EEC77AF1EE10FAEED47B6807EE903A9B
:10659000B0EE670A0C37BD465DF8047B704700BF5C
:1065A0000000B44300003443000034C390B589B008
:1065B00000AFF860B9607A603B60FB68002B00F0C8
:1065C000BB807B68002B00F0B780BB68002BC0F25B
:1065D000B380BB68B3F5967F80F2AE800023FB7773
:1065E0007B6893F84030002B0AD0FB7F43F0010317
:1065F000FB77FB68D3F8D8325A1CFB68C3F8D82263
:106600007B6893F84130002B0AD0FB7F43F00203F4
:10661000FB77FB68D3F8DC325A1CFB68C3F8DC223A
:106620007B6893F84230002B0AD0FB7F43F00403D1
:10663000FB77FB68D3F8E0325A1CFB68C3F8E02212
:106640007B681B78012B07D1FB68D3F8E4325A1C16
:10665000FB68C3F8E4220AE07B681B78022B06D1B2
:10666000FB68D3F8E8325A1CFB68C3F8E8227B6861
:10667000D3E90E2310461946FFF785FDC7E904014B
:10668000FB68D3E9BC2310461946D7E9042390429E
:1066900071EB030304D2D7E90423F968C1E9BC23F1
:1066A000FB68D3F8D4325A1CFB68C3F8D422FB68C9
:1066B000D3F86433002B40D0FB68D3F864037B68C5
:1066C000D3E90E23B96801F59671C9000144C1E907
:1066D00000237B689A6AFB68D3F864431046FEF790
:1066E000D4FD03461A46BB6803F5616324F8132002
:1066F000FB68D3F864237B681978BB68134403F5FF
:1067000016530A461A70FB68D3F86423BB68134417
:1067100003F51A532C33FA7F1A70FB68D3F86443DD
:106720003868FEF7A1FD03461A46BB68234403F50B
:106730001F5318331A7000E000BF2437BD4690BDC8
:1067400090B585B000AFF860B9607A60FB70FB6807
:10675000002B00F017817B68002B00F01381FB6891
:10676000D3F86433002B00F00D81FB68012283F81D
:10677000F922FB68D3F800335A1CFB68C3F80023E6
:10678000FB68D3F80C237B681B6D1A44FB68C3F8C5
:106790000C23FB68D3F810237B68DB6C1A44FB687E
:1067A000C3F81023FB68D3F814237B685B6D1A448D
:1067B000FB68C3F81423FB68D3F818237B689B6D30
:1067C0001A44FB68C3F81823FB68D3F81C237B68C2
:1067D000DB6D1A44FB68C3F81C23FB68D3F8242341
:1067E0007B685B6E1A44FB68C3F82423FB68D3F80C
:1067F00028237B689B6E1A44FB68C3F828237B68B8
:10680000DA6EFB68D3F82C339A4204D97B68DA6ECF
:10681000FB68C3F82C237B681A6EFB68D3F830330F
:106820009A4204D97B681A6EFB68C3F83023BB68B0
:10683000002B71DBBB68B3F5967F6DDAFB68D3F88C
:1068400064337A68116FBA6802F5966243F82210D1
:10685000FB68D3F864337A68916FBA6802F2DC524D
:1068600043F822107B681A6DFB68D3F86443104626
:10687000FEF7FAFC03461A46BB68234403F5F353BC
:1068800018331A707B68DA6CFB68D3F864431046DF
:10689000FEF7EAFC03461A46BB68234403F5FD53A2
:1068A00004331A707B685A6DFB68D3F86443104652
:1068B000FEF7DAFC03461A46BB68234403F503538C
:1068C00010331A707B689A6DFB68D3F864431046E6
:1068D000FEF7CAFC03461A46BB68234403F5075378
:1068E0003C331A707B68DA6DFB68D3F8644310465A
:1068F000FEF7BAFC03461A46BB68234403F50C5363
:1069000028331A70FB68D3F86423BB68134403F57B
:1069100011531433FA781A70FB78002B26D17B6858
:106920001B78002B22D0BB68002B1FDBBB68B3F5A4
:10693000967F1BDAFB68D3F864037B68D3E90C23EA
:10694000B968C9000144C1E90023BB68002B05D127
:106950007B68D3E90C23F968C1E9CE23FB68D3F83F
:1069600004335A1CFB68C3F804230CE0FB68D3F81B
:1069700020335A1CFB68C3F82023FB68FA7883F89D
:10698000FC2200E000BF1437BD4690BD80B483B048
:1069900000AF78607B68032B04D8064A7B6852F806
:1069A000233000E0044B18460C37BD465DF8047BED
:1069B000704700BFD8B50108388B010880B584B096
:1069C00000AF7860396006F011FA02467B68D31A8E
:1069D000FB60FA683B689A4206D23A68FB68D31AB1
:1069E00018460DF068F8EEE700BF1037BD4680BDD1
:1069F0002DE9F0438BB004AFF860B9607A60FB70AA
:106A0000FB68002B05D07B68002B02D0BB68032BF2
:106A100001D9012384E0BB68B82202FB03F303F52C
:106A20005E73FA6813447B61B8220021786910F024
:106A300063F87B6901221A707B69FA789A707B6926
:106A4000BA6B5A607B69FA6B9A607B693A6CDA6060
:106A50007B697A6C1A617B697A68303311468822C7
:106A6000184610F0DBF8FB68D3F870335A1CFB684B
:106A7000C3F87023FB78002B06D17B681B7883F06A
:106A80000103DBB2002B08D0FB78002B02D17B691D
:106A900001229A707B699B7842E07B68D3E90C0104
:106AA000FB68D3E9CE237E69183603964FF48076CF
:106AB00002964FF480760196BE6C0096FBF75EFC62
:106AC000034683F00103DBB2002B05D07B6909226A
:106AD0009A707B699B7823E07B68D3E908017B6827
:106AE000D3E90623B0EB020861EB03097B69C3E934
:106AF00008897B68D3E910017B68D3E90E23841AE7
:106B000061EB03057B69C3E90A457B6901225A7081
:106B1000FB68D3F874335A1CFB68C3F87423002352
:106B200018461C37BD46BDE8F083000080B5B2B002
:106B300006AFF860B960C7E9002397F8C430002BAE
:106B400001D1012301E04FF0FF33C7F8A830FB6803
:106B5000012283F86923FB68002283F86B2306F087
:106B600045F9C7F8A400D7F8A8300493D7F8C03087
:106B70000393002302930023019300230093002337
:106B8000D7F8BC200021F868FFF732FF034687F8EA
:106B9000A33097F8A330002B07D0FB6897F8A32009
:106BA00083F86C2397F8A33069E00123C7F8AC3071
:106BB00058E0354AD7F8AC3052F823301946D7F8A8
:106BC000A400FFF7FBFE06F011F90246D7F8A43047
:106BD000D31AC7F89C3007F110030193D7F8B830E7
:106BE0000093D7E90023B868FBF7FCFE034687F85B
:106BF000A33006F0FBF80246D7F8A430D31AC7F842
:106C00009830214AD7F8AC3052F8233097F8A300D7
:106C100007F11001D7F8A8200492D7F8C0200392FA
:106C2000D7F898200292D7F89C200192009303464F
:106C30000A46D7F8AC10F868FFF7DAFE034687F883
:106C4000A33097F8A330002B07D0FB6897F8A32058
:106C500083F86C2397F8A33011E0D7F8AC300133F8
:106C6000C7F8AC30D7F8AC30032BA2D9FB680122AF
:106C700083F86A23FB68002283F86C2300231846FC
:106C8000B037BD4680BD00BFE8B50108B0B598B0CB
:106C900004AF78600B46FB7006F0A8F878637B6859
:106CA000002283F8FA227B68002283F8FB227B68AB
:106CB00093F8F83283F00103DBB2002B24D17B6818
:106CC00093F8F93283F00103DBB2002B1CD17B680F
:106CD000D3F86433002B17D07B6893F8FC32002B79
:106CE00012D17B68D3F804237B68D3F898309A429A
:106CF0000AD17B68D3F89C30002B05DD7B68D3F884
:106D00000433B3F5807F08DC06F070F802467B6B35
:106D1000D21A7B68C3F834232EE17B68D3F864333E
:106D2000D3E900237968C1E9CE23FB78002B01D198
:106D3000012301E04FF0FF333B634FF00003FB649E
:106D40008F4BBB648F4B7B6400233B6471E04FF03F
:106D500000024FF00003C7E902237B68D3F86423E5
:106D60003B6CDB001344D3E900017B68D3E9CE23FD
:106D70003C6C07F1080503954FF48075029501946A
:106D80003C6B0094FBF7FAFA034683F00103DBB295
:106D9000002B0CD07B68092283F8FC2206F026F831
:106DA00002467B6BD21A7B68C3F83423E4E0D7E950
:106DB000022310461946FEF72DFA87ED0A0A7B6872
:106DC000D3F89C303A6C9A4223DA6F4A3B6C9B00B2
:106DD0001344BA6A1A6097ED137AD7ED0A7A77EE00
:106DE000277AC7ED137A97ED0A7AD7ED127AB4EEC7
:106DF000E77AF1EE10FA01D5BB6ABB6497ED0A7A27
:106E0000D7ED117AB4EEE77AF1EE10FA01DDBB6A44
:106E10007B643B6CB3F5807F08D1D7E902237968A6
:106E2000C1E9D0237B68BA6AC3F858233B6C0133AD
:106E30003B647B68D3F804333A6C9A4287DB7B6807
:106E4000D3F89C207B68C3F808237B68D3F8083309
:106E500007EE903AB8EEE77AD7ED136AC6EE877A76
:106E60007B68C3EDD27A4FF00003FB630023BB6362
:106E700019E0454ABB6B9B00134493ED007A7B6895
:106E8000D3EDD27A77EE677AC7ED0B7AD7ED0B7A2E
:106E900067EEA77A97ED0F7A77EE277AC7ED0F7A2C
:106EA000BB6B0133BB637B68D3F80833BA6B9A4280
:106EB000DFDB7B68D3F8083307EE903AF8EEE77A29
:106EC00097ED0F7AC7EE276AB0EE660A10F02EFB38
:106ED000F0EE407A7B68C3EDD37A7B68D3F8081371
:106EE0007B68D3EDD27A07F110032422B0EE670A53
:106EF0002548FEF737FAFA697B68C3F8502397ED07
:106F0000117AD7ED127A77EE677A7B68C3EDD57A7E
:106F10007B6893ED2D7A7B68D3EDD37A77EE677A31
:106F20007B68C3EDD77A7B6893ED617A7B68D3ED9C
:106F3000D47A77EE677A7B68C3EDD87A7B68D3ED35
:106F4000D67AF0EEE77A9FED117AF4EEC77AF1EE99
:106F500010FA94BF01230023DAB27B6883F8FB2286
:106F60007B68012283F8FA2205F040FF02467B6B22
:106F7000D21A7B68C3F834235037BD46B0BD00BF7A
:106F8000286B6E4E286B6ECE58270020CDCC4C3E21
:106F900080B582B000AF7860396005F027FF024607
:106FA0007B68D31A3A689A4294BF01230023DBB26C
:106FB00018460837BD4680BD80B483B000AF786006
:106FC0007B68002B37D07B68D3ED007AF5EE407AF2
:106FD000F1EE10FA2FD17B68D3ED017AF5EE407A0D
:106FE000F1EE10FA27D17B68D3ED027AF5EE407A04
:106FF000F1EE10FA1FD17B681B7B83F00103DBB23B
:10700000002B18D07B681B69002B14D17B689B8AEE
:10701000002B10D17B68D3ED067AF5EE407AF1EEC5
:1070200010FA08D17B681B7F83F00103DBB2002BD1
:1070300001D0012300E0002303F00103DBB2184676
:107040000C37BD465DF8047B7047B0B584B000AF27
:10705000F860B9607A603B60FB68002B34D0BB6895
:10706000002B31D07B68002B2ED03B68002B2BD01F
:10707000FB6801225A737868FFF79EFF03461A46A1
:10708000FB689A73FB68BA6803F1100415460FCDCC
:107090000FC495E80F0084E80F00FB687A6803F1DD
:1070A000300415460FCD0FC495E80F0084E80F009B
:1070B000FB683A6803F1500415460FCD0FC495E8FC
:1070C000070084E8070000E000BF1037BD46B0BDF0
:1070D0002DE9B04FADF5427D04AF07F53E74A4F540
:1070E00035742060084607F53E71A1F537710A60D6
:1070F00007F53E72A2F53872136007F53E73A3F2EE
:10710000D52302461A7007F53E73A3F538731B6842
:107110008F4A9B1A1B118F4A02FB03F3C7F88C326C
:10712000D7F88C32002B08D1D7F88C3242F60812EF
:1071300002FB03F3884A134400E00023C7F88832B7
:1071400007F53E73A3F5387342F250120021186818
:107150000FF0D2FCD7F88832002B06D042F6081286
:107160000021D7F888020FF0C7FC07F53E73A3F59E
:1071700038731B68D7F88822C3F86423D7F888329D
:10718000002B14BF01230023DAB207F53E73A3F5E9
:1071900038731B6883F8F82207F53E73A3F538733C
:1071A0001B68002283F8FC22D7F88832002B14BF1A
:1071B00001230023DAB207F53E73A3F538731B6889
:1071C00083F8682307F53E73A3F538731B68002224
:1071D00083F86C2307F53E73A3F538731B6801220F
:1071E00083F86B2307F53E73A3F538731B6807F527
:1071F0003E72A2F5357212681A6007F53E73A3F568
:1072000038731B6807F53E72A2F2D52212781A7302
:1072100007F53E73A3F538731B6807F53E72A2F5B8
:10722000377212685A604D4B1B6801334B4A13602A
:107230004A4B1A6807F53E73A3F538731B689A60CA
:10724000FDF76EFC03461A4607F53E73A3F5387347
:107250001B68A3F82022FDF75BFC03461A4607F5DE
:107260003E73A3F538731B68A3F8222207F53E731B
:10727000A3F538731B68B3F822321A465200134440
:107280005B009AB207F53E73A3F538731B68A3F849
:10729000242207F5E4731846FAF7C4FD07F5D47302
:1072A00007F5E470032240F21D71FAF7D0FD0346A2
:1072B00087F8F73297F8F732002B51D007F53E7375
:1072C000A3F538731B6897F8F72283F8702207F547
:1072D0003E73A3F598731A6A07F53E73A3F53873E6
:1072E0001B68C3F8742207F53E73A3F598739A6A76
:1072F00007F53E73A3F538731B68C3F8782207F5CA
:107300003E73A3F59873DA6A07F53E73A3F53873F5
:107310001B68C3F87C2207F53E73A3F598731A6BBC
:1073200007F53E73A3F538731B68C3F8802207F591
:107330003E73A3F598735A6B07F53E73A3F5387344
:107340001B68C3F8842297F8F73201F0A7BB00BF8F
:10735000080600203DBD1EC0000000100C2C0020BF
:1073600007F53E73A3F5D8743B4607F5E472114662
:107370001846FEF70EFE07F53E73A3F53E731D4655
:107380000FCD0FC495E8030084E803000520FDF746
:10739000FBFC07F53E73A3F5A873D3E9022307F5B9
:1073A000E47007F5B071019100210091FEF79EFF96
:1073B000034687F8873207F53E73A3F538731B68D9
:1073C00003F52E7207F5A47107F5E4731846FEF76E
:1073D00012FE97F88732032B40F09C8007F53E732E
:1073E000A3F5CC735A7807F53E73A3F538731B6881
:1073F00083F8702207F53E73A3F538731C683B468B
:1074000007F5E47211461846FEF7C3FD07F53E7313
:10741000A3F53E7304F522741D460FCD0FC495E805
:10742000030084E8030007F53E73A3F538731B6877
:10743000D3F8882207F53E73A3F538731B68D3F899
:10744000B832D21A07F53E73A3F538731B68C3F838
:10745000742207F53E73A3F538731B68D3F89022A6
:1074600007F53E73A3F538731B68D3F8C032D21A00
:1074700007F53E73A3F538731B68C3F8782207F548
:107480003E73A3F538731B68D3F8942207F53E7357
:10749000A3F538731B68D3F8C432D21A07F53E73CC
:1074A000A3F538731B68C3F87C2207F53E73A3F578
:1074B00038731B68D3F8982207F53E73A3F5387329
:1074C0001B68D3F8C832D21A07F53E73A3F5387398
:1074D0001B68C3F8802207F53E73A3F538731B6859
:1074E000D3F89C2207F53E73A3F538731B68D3F8D5
:1074F000CC32D21A07F53E73A3F538731B68C3F874
:10750000842207F53E73A3F538731B6893F8703235
:1075100001F0C4BA07F53E73A3F5CC714FF0000239
:107520004FF00003C1E90E2307F53E73A3F5CC73BA
:10753000012283F8412097F88732002B09D107F503
:107540003E73A3F5CC7393F84030002B01D0012398
:1075500000E0002303F00103DAB207F53E73A3F560
:10756000CC7383F8422007F53E73A3F5A87207F5A4
:107570003E73A3F5CC73154603F108040FCC0FC579
:1075800094E80F0085E80F0007F53E73A3F5A87394
:10759000D3E90223C7E99E2307F53E73A3F5A87339
:1075A0001A8807F53E73A3F538731B68A3F8A22069
:1075B00007F53E73A3F538731B68B3F8A23018467D
:1075C000FDF78EFA03461A4607F53E73A3F53873A6
:1075D0001B68A3F8A420D7E99E01FAF7F9FCF0EEA6
:1075E000407A07F53E73A3F538731B68C3ED2A7A1A
:1075F000D7F8782207F53E73A3F538731B68C3F8F4
:10760000AC2007F53E73A3F538731B68D3F8A83098
:10761000C7F8743207F53E73A3F5E87207F53E73B9
:10762000A3F5987314461D460FCD0FC495E80F00BF
:1076300084E80F0007F53E73A3F538731B6893F8D1
:10764000F83287F8F63207F53E73A3F5F673002299
:107650001A7007F53E73A3F5F67300225A6007F51A
:107660003E73A3F5F67340229A6007F53E73A3F5C7
:10767000F6736022DA6007F53E73A3F5F673022213
:107680001A6144F62060FAF7B5FB024607F53E732F
:10769000A3F5F6735A6107F53E73A3F5F67340F24E
:1076A0001D729A6107F53E73A3F5F87300221A6004
:1076B0004FF00003C7F870320023C7F8F032002300
:1076C000C7F8EC32674BC7F8E832674BC7F8E432CB
:1076D0004FF00003C7F8E0324FF00003C7F8DC3288
:1076E0000023A7F8DA320023A7F8D832F2E207F530
:1076F000B07207F53E73A3F53870D7F8EC32D7F8BF
:10770000F0120068FEF752FF07F53E73A3F5CC7345
:10771000D3E90423C7E99A2397F8F632002B41D026
:10772000D7F8F032002B3DDD4FF000024FF00003A0
:10773000C7E92C2307F53E73A3F5CC73198907F528
:107740003E73A3F5CC739A6907F5947007F1B00303
:10775000009340F21D73F9F751FF034687F8673233
:1077600097F86732002B1DD007F1280388220021EB
:1077700018460FF0C1F907F53E73A3F5347397F877
:107780006722DA7097F8673207F1280207F53E7131
:10779000A1F53870D7F8F0120068FEF7D1FF00238A
:1077A00087F8F6320620FDF7EFFA4FF00003C7F82E
:1077B000D4320023C7F8D03227E007F5D47307F599
:1077C000E470032240F21D71FAF741FB034687F88B
:1077D000F73297F8F732002B40F0838207F53E73BB
:1077E000A3F5A873D3E9022310461946FAF7F0FB74
:1077F000B0EE407AD7EDB57A77EE877AC7EDB57AF5
:10780000D7F8D0320133C7F8D032D7F8D0323F2B77
:10781000D3DD97EDB57ADFED156AC7EE267AC7EDB1
:10782000987A07F53E73A3F5F8731B6807EE903A54
:10783000F8EEE77AF0EEE77A9FED0D7A27EE877A99
:10784000DFED0C6AC7EE267AC7ED9C7A07F53E732A
:10785000A3F2D5231B78002B10D0D7ED9C7AF1EE44
:10786000677A0DE0286B6ECE286B6E4E000080426A
:107870000000B443000080470000B943D7ED9C7A74
:10788000C7ED977A97ED987AD7ED9D7A77EE677A7C
:1078900097ED977A77EE677AC7ED967A07F5D47306
:1078A00007F5E470032240F21D71FAF7D0FA03469F
:1078B00087F8F73297F8F732002B40F0148207F57B
:1078C0003E73A3F5A8731B88A7F85632B7F8563253
:1078D0001846F9F7E7FC87ED940A97ED967AD7ED0D
:1078E000BA7AB4EEE77AF1EE10FA0BDDD7F8583237
:1078F000C7F8E832D7F85032C7F8E032B7F8563256
:10790000A7F8DA3297ED967AD7EDB97AB4EEE77A3E
:10791000F1EE10FA0BD5D7F85832C7F8E432D7F8A1
:107920005032C7F8DC32B7F85632A7F8D832D7F859
:10793000F032B3F5967F6EDA07F53E73A3F5387330
:107940001A68D7F8F03203F20E339B001344D7F8CD
:1079500058221A6007F53E73A3F538731B68D7F8F1
:10796000F02202F67402B7F8561223F8121007F547
:107970003E73A3F5F873196807F53E73A3F53873E2
:107980001B68D7F8F02202F59A6243F8221007F537
:107990003E73A3F5A873196907F53E73A3F5387311
:1079A0001B68D7F8F02202F2FC5243F8221007F5C8
:1079B0003E73A3F5A873998A07F53E73A3F5387350
:1079C0001B68D7F8F02202F5656223F8121007F55C
:1079D0003E73A3F5A873597E07F53E73A3F538737C
:1079E0001A68D7F8F032134403F5F75318330A46F0
:1079F0001A7007F53E73A3F5A873997E07F53E73D9
:107A0000A3F538731A68D7F8F032134403F500531E
:107A100024330A461A7097F8F632002B61D007F526
:107A2000947107F12803019307F586730093D7E952
:107A30009A230846FAF7D6FF034687F84F3297F89D
:107A40004F3207F1280207F53E71A1F53870D7F8DB
:107A5000F0120068FEF774FE97F84F32002B39D110
:107A600007F53E73A3F538731B6893F86833002B52
:107A700030D0D7F8F032B3F5807F2BD107F53E73C5
:107A8000A3F5F8731B6807F5947107F53E72A2F52C
:107A9000387007F53E72A2F2D52212780392029353
:107AA00007F12803019307F586730093D7E99A231A
:107AB0000068FFF73BF8034687F84E3297F84E32DE
:107AC000002B07D097F84E3287F8F732002387F85B
:107AD000F6320DE197F84F32002B02D0002387F8E1
:107AE000F632D7F8F0320133C7F8F032D7ED9C7A8E
:107AF0001FED9F7AF4EEC77AF1EE10FA80F2F5806E
:107B000007F53E73A3F2D5231B78002B02D14FF467
:107B1000807201E06FF0FF0207F53E73A3F5F87382
:107B20001B681344C7F848320420FDF72DF907F508
:107B30003E73A3F50E7307F5E47211461846FEF77F
:107B400028FA0023C7F8CC32002387F8CB32D7F8C5
:107B5000F032032B94BF0123002387F8473297F8B4
:107B60004732002B10D0D7F8F032013B07F53E72B8
:107B7000A2F538721B0203F5116312681344C7F8AB
:107B8000CC32202387F8CB3207F53E73A3F50F7371
:107B900000221A6097F84732002B02D007F1BC038D
:107BA00000E0002307F5847107F5E47097F8CB2215
:107BB0000192D7F8CC220092D7F84822FEF76DFA4E
:107BC000034687F8F73297F84732002B11D007F5B4
:107BD0003E73A3F50F731A68D7F8F032013BD1B2A8
:107BE00007F53E72A2F53872126813440A4683F80C
:107BF000082907F53E73A3F538731B6803F528724F
:107C000007F1C00107F5E4731846FEF7F4F997F899
:107C1000F732002B6BD107F53E73A3F598735A6AC0
:107C200007F53E73A3F50E735B68D31AC7F8EC3201
:107C30000520FDF7A9F807F53E73A3F5D8743B4678
:107C400007F5E47211461846FEF7A3F907F53E73EF
:107C5000A3F53E731D460FCD0FC495E8030084E8DD
:107C6000030007F53E73A3F5F8731B68DA1798460F
:107C70009146D7E99E2312EB080A43EB090BC7E9AB
:107C80008EAB07F5E47107F5B07301930123009300
:107C9000D7E98E230846FEF729FB034687F887328B
:107CA00007F53E73A3F538731B6803F52E7207F5CD
:107CB000A47107F5E4731846FEF79DF997F887322B
:107CC000032B07D107F53E73A3F5CC735B7887F8D8
:107CD000F7320DE0D7F8F032B3F5967FFFF607AD37
:107CE00006E000BF04E000BF02E000BF00E000BF0C
:107CF000D7F8F032B3F5967FA8BF4FF49673C7F864
:107D0000343207F53E73A3F538731B68D7F8342275
:107D1000C3F8982007F53E73A3F538731B68D3F8B2
:107D2000D42207F53E73A3F538731B68D3F8E0320D
:107D3000D21A07F53E73A3F538731B68C3F8102CED
:107D400007F53E73A3F538731B6803F61443D7F8A1
:107D5000E0221A6007F53E73A3F538731B6803F63B
:107D60001843D7F8DC221A6007F53E73A3F5387381
:107D70001B68B7F8DA22A3F81C2C07F53E73A3F5AD
:107D800038731B68B7F8D822A3F81E2C07F53E738A
:107D9000A3F538731B6897F8F72283F8702207F56C
:107DA0003E73A3F538731C683B4607F5E472114631
:107DB0001846FEF7EEF807F53E73A3F53E7304F59B
:107DC00022741D460FCD0FC495E8030084E803001C
:107DD00007F53E73A3F538731B68D3F8882207F5BF
:107DE0003E73A3F538731B68D3F8A032D21A07F597
:107DF0003E73A3F538731B68D3F8B832D21A07F56F
:107E00003E73A3F538731B68D3F89836D21A07F57A
:107E10003E73A3F538731B68D3F8B036D21A07F552
:107E20003E73A3F538731B68D3F8C836D21A07F52A
:107E30003E73A3F538731B68C3F8742207F53E73CD
:107E4000A3F538731B68D3F8902207F53E73A3F5AA
:107E500038731B68D3F8A832D21A07F53E73A3F51E
:107E600038731B68D3F8C032D21A07F53E73A3F5F6
:107E700038731B68D3F8A036D21A07F53E73A3F502
:107E800038731B68D3F8B836D21A07F53E73A3F5DA
:107E900038731B68D3F8D036D21A07F53E73A3F5B2
:107EA00038731B68C3F8782207F53E73A3F538735F
:107EB0001B68D3F8942207F53E73A3F538731B684B
:107EC000D3F8AC32D21A07F53E73A3F538731B68AA
:107ED000D3F8C432D21A07F53E73A3F538731B6882
:107EE000D3F8A436D21A07F53E73A3F538731B688E
:107EF000D3F8BC36D21A07F53E73A3F538731B6866
:107F0000D3F8D436D21A07F53E73A3F538731B683D
:107F1000C3F87C2207F53E73A3F538731B68D3F8CA
:107F2000982207F53E73A3F538731B68D3F8B03277
:107F3000D21A07F53E73A3F538731B68D3F8C8321D
:107F4000D21A07F53E73A3F538731B68D3F8A83629
:107F5000D21A07F53E73A3F538731B68D3F8C03601
:107F6000D21A07F53E73A3F538731B68D3F8D836D9
:107F7000D21A07F53E73A3F538731B68C3F8802245
:107F800007F53E73A3F538731B68D3F89C2207F5F9
:107F90003E73A3F538731B68D3F8B432D21A07F5D1
:107FA0003E73A3F538731B68D3F8CC32D21A07F5A9
:107FB0003E73A3F538731B68D3F8AC36D21A07F5B5
:107FC0003E73A3F538731B68D3F8C436D21A07F58D
:107FD0003E73A3F538731B68D3F8DC36D21A07F565
:107FE0003E73A3F538731B68C3F8842297F8F73201
:107FF000002B0BD007F53E73A3F538731B680022E6
:1080000083F8A02097F8F73200F048BD0720FCF76E
:10801000BBFE04F0EBFEC7F830024FF48073C7F8E4
:108020002C32012387F82B320023C7F8C4320023F7
:10803000C7F8C03226E0D7F8C03207EE903AF8EE23
:10804000E77A9FEDCE7A67EE877A9FEDCD7A27EEBD
:10805000877ADFEDCC6AC7EE267AC7ED897AD7ED4D
:10806000897A9FEDC67AF4EEC77AF1EE10FA10DA4B
:10807000D7F8C4320133C7F8C432D7F8C03201335D
:10808000C7F8C032D7F8C022D7F834329A42D2DBD0
:1080900000E000BF07F53E73A3F538731B68D7F8FF
:1080A000C422C3F89C2097F82B32002B23D0D7F89A
:1080B0002C32D7F8C4229A421DD1D7F82C32D7F8E7
:1080C00034229A4217DB07F53E73A3F538731B6819
:1080D000D3F8D432D7F834229A420CD107F53E7344
:1080E000A3F538731B68D3F8E032D7F834229A42EC
:1080F00001D1012300E0002387F8233297F82332CF
:1081000003F0010387F823324FF00003C7F8BC32B5
:108110000023C7F8B83217E007F53E73A3F53873AC
:108120001A68D7F8B83203F20E339B001344D3ED2C
:10813000007A97EDAF7A77EE277AC7EDAF7AD7F866
:10814000B8320133C7F8B832D7F8B822D7F8C432FA
:108150009A42E1DBD7F8C432002B0ADDD7F8C432EB
:1081600007EE903AB8EEE77AD7EDAF6AC6EE877AB7
:1081700001E0DFED877AC7ED877A07F53E73A3F557
:1081800038731B68D7F81C22C3F8B0204FF00003E7
:10819000C7F8B4324FF00003C7F8B0320023C7F875
:1081A000AC3234E007F53E73A3F538731A68D7F89C
:1081B000AC3203F20E339B00134493ED007AD7EDFB
:1081C000877A77EE677AC7ED817AD7ED817A67EEA5
:1081D000A77A97EDAD7A77EE277AC7EDAD7AD7ED2E
:1081E000817AF0EEE77AC7ED807A97ED807AD7ED65
:1081F000AC7AB4EEE77AF1EE10FA03DDD7F800328C
:10820000C7F8B032D7F8AC320133C7F8AC32D7F880
:10821000AC22D7F8C4329A42C4DBD7F8C432002B60
:1082200010DDD7F8C43207EE903AF8EEE77A97ED12
:10823000AD7AC7EE276AB0EE660A0FF077F9F0EE76
:10824000407A01E0DFED527A07F53E73A3F538730B
:108250001B68C3ED2D7A07F53E73A3F538731B68D1
:10826000D3ED2D7A9FED497AF4EEC77AF1EE10FA4C
:108270000BDD07F53E73A3F538731B6893ED2D7A7C
:10828000D7EDAC6AC6EE877A01E0DFED417A07F5FB
:108290003E73A3F538731B68C3ED967A0023C7F8C5
:1082A000A83225E007F53E73A3F538731B6803F683
:1082B0003840354AD7F8A83213441B781C4607F5D6
:1082C0003E73A3F53871D7F8A82213465B00134418
:1082D000DB00B8330A681344224697ED870AD7F8C3
:1082E000C412FDF73FF8D7F8A8320133C7F8A83217
:1082F000D7F8A8320B2BD5DD07F53E73A3F53873FD
:108300001B6803F6384007F53E73A3F538731B6806
:1083100003F5EC73042297ED870AD7F8C412FDF732
:1083200021F807F53E73A3F538731B6803F6384050
:1083300007F53E73A3F538731B6803F5F87308223D
:1083400097ED870AD7F8C412FDF70CF807F53E73CE
:10835000A3F538731B68B3F82432002B1AD007F545
:108360003E73A3F538731B68B3F824325A00D7F86C
:10837000C4329A420ED201230DE000BF0000B44384
:108380000000804300008047C4B50108BD37863532
:1083900000000000002303F00103DAB207F53E738A
:1083A000A3F538731B6883F8262207F53E73A3F5FF
:1083B00038731B6893F82632002B1BD007F53E73E9
:1083C000A3F538731B6803F6384007F53E73A3F531
:1083D00038731B68B3F824321A4607F53E73A3F5C9
:1083E00038731B6803F5027397ED870AD7F8C41238
:1083F000FCF7B8FF07F53E73A3F538731B6893F8D5
:10840000B82007F53E73A3F538731B6883F827225D
:1084100007F53E73A3F538731B68D3F8C42007F53E
:108420003E73A3F538731B68C3F828220123C7F8ED
:10843000A43249E007F53E73A3F538731968D7F8FD
:10844000A42213465B001344DB000B44C43393EDBA
:10845000007A07F53E73A3F538731B68D3ED8A7A6B
:10846000B4EEE77AF1EE10FA29DD07F53E73A3F5D5
:1084700038731968D7F8A42213465B001344DB0055
:108480000B44C4331A6807F53E73A3F538731B68B1
:10849000C3F8282207F53E73A3F538731968D7F897
:1084A000A42213465B001344DB000B44B8331A7854
:1084B00007F53E73A3F538731B6883F82722D7F8B6
:1084C000A4320133C7F8A432D7F8A4320B2BB1DDA4
:1084D00007F53E73A3F538731B68D3ED2D7A1FEDB6
:1084E000557AF4EEC77AF1EE10FA26DD07F53E7301
:1084F000A3F538731B68D3ED8A7AB6EE007A27EEBF
:10850000877A07F53E73A3F538731B68D3ED8A7A33
:1085100067EE276A07F53E73A3F538731B6893ED82
:108520002D7A07F53E73A3F538731B68D3ED2D7ACA
:1085300027EE277AC6EE877A01E05FED6B7A07F5C2
:108540003E73A3F538731B68C3ED8B7A07F53E7352
:10855000A3F5FA7306221A7007F53E73A3F5387374
:108560001B6803F6384007F53E73A3F538731B68A4
:1085700003F1B80207F582730121009197ED870A94
:10858000D7F8C412FDF718F8F0EE407A07F53E73FD
:10859000A3F538731B68C3ED8C7A07F53E73A3F51A
:1085A000FC7324221A7007F53E73A3F538731B6819
:1085B00003F6384007F53E73A3F538731B6803F1E3
:1085C000B80207F580730121009197ED870AD7F86B
:1085D000C412FCF7F1FFF0EE407A07F53E73A3F505
:1085E00038731B68C3ED8D7A07F53E73A3F53873B6
:1085F0001B6803F6384107F53E73A3F538731B6813
:1086000003F1B80207F53E73A3F538731B68D3ED89
:108610002D7A07F53E73A3F5037006230293A54B4D
:1086200001930C230093F0EE670A134697ED870A37
:10863000D7F8C422FDF714F907F53E73A3F50373C9
:108640001A6807F53E73A3F538731B68C3F8382220
:1086500007F53E73A3F503735A6807F53E73A3F558
:1086600038731B68C3F83C2207F53E73A3F5037308
:108670009A6807F53E73A3F538731B68C3F8402268
:1086800007F53E73A3F503735B7B002B08D007F55A
:108690003E73A3F503731B7B002B01D0012300E085
:1086A000002303F00103DAB207F53E73A3F5387334
:1086B0001B6883F8442207F53E73A3F538731B68E3
:1086C00003F6384107F53E73A3F538731B6803F1D1
:1086D000B80207F53E73A3F538731B68D3ED2D7A06
:1086E00007F53E73A3F508700C230293724B0193B8
:1086F0000C230093F0EE670A134697ED870AD7F82C
:10870000C422FDF7ADF807F53E73A3F508731A68A8
:1087100007F53E73A3F538731B68C3F8482207F5C5
:108720003E73A3F508735A6807F53E73A3F53873D3
:108730001B68C3F84C2207F53E73A3F508739A68CB
:1087400007F53E73A3F538731B68C3F8502207F58D
:108750003E73A3F508735B7B002B08D007F53E73CF
:10876000A3F508731B7B002B01D0012300E000233D
:1087700003F00103DAB207F53E73A3F538731B6803
:1087800083F854220023C7F8A0321EE007F53E7399
:10879000A3F538731A68D7F8A03203F20E339B00A2
:1087A000134493ED007AD7ED877A77EE677AF0EE8F
:1087B000E77A424AD7F8A0329B001344C3ED007A0F
:1087C000D7F8A0320133C7F8A032D7F8A022D7F8E3
:1087D000C4329A42DADBD7F8C4123848FDF730F9D0
:1087E000D7F8C43207EE903AF8EEE77A9FED347A84
:1087F00067EE877AB0EE670A0FF028F8F0EE407A5D
:10880000FDEEE77A17EE903A013BC7F89C32D7F8B5
:108810009C22D7F8C4329A4204DBD7F8C432013B19
:10882000C7F89C32D7F89C32002B02DA0023C7F835
:108830009C32D7F8C432002B06DD204AD7F89C3290
:108840009B0013441B6801E04FF0000307F53E72E4
:10885000A2F538721268C2F85C3207F53E73A3F5D0
:1088600038731B6803F6384107F53E73A3F5387378
:108870001C68384605230093D7F8C4320F4AFDF729
:1088800025F907F53E73A3F53E7304F542641D46D2
:108890000FCD0FC495E8030084E803004FF00003F8
:1088A000C7F898324FF00003C7F894320023C7F896
:1088B000903264E0D0B50108C4B501085827002003
:1088C000A4707D3F0000000007F53E73A3F53873E8
:1088D0001B68D7F8902202F6740233F8123018465B
:1088E000F8F7E0FC87ED860A07F53E73A3F53873C9
:1088F0001B68B3F8A22007F53E73A3F538731B6815
:10890000D7F8901201F59A6153F821309BB21344C5
:10891000A7F81632B7F816321846F8F7C3FC87EDF9
:10892000840A97ED867AD7ED847A77EE677AB0EE8F
:10893000670AFDF701FE87ED830AD7ED837A67EEBC
:10894000A77A97EDA67A77EE277AC7EDA67AD7EDC4
:10895000837AF0EEE77AC7ED827A97ED827AD7EDE7
:10896000A57AB4EEE77AF1EE10FA03DDD7F8083213
:10897000C7F89432D7F890320133C7F89032D7F85D
:108980009022D7F834329A429EDBD7F83432002B4B
:1089900010DDD7F8343207EE903AF8EEE77A97ED2B
:1089A000A67AC7EE276AB0EE660A0EF0BFFDF0EEBB
:1089B000407A01E05FED3D7A07F53E73A3F5387329
:1089C0001B68C3ED987A07F53E73A3F538731B68EF
:1089D000D7F89422C3F86422D7F83432002B1DDD77
:1089E00007F53E73A3F538731B68D3ED987AB2EEA2
:1089F0000E7AF4EEC77AF1EE10FA0FD807F53E734F
:108A0000A3F538731B68D3ED997AB3EE0E7AF4EEC2
:108A1000C77AF1EE10FA01D8012300E0002303F039
:108A20000103DAB207F53E73A3F538731B6883F8C8
:108A3000682297F82332002B0AD007F53E73A3F57E
:108A400038731B6893F86832002B01D0012300E0D3
:108A5000002303F00103DAB207F53E73A3F5387380
:108A60001B6883F8A02004F0C1F90246D7F8303221
:108A7000D21A07F53E73A3F538731B68C3F86C224E
:108A800007F53E73A3F2D5231A7807F53E73A3F5D5
:108A9000387311461868FEF7F9F80023184607F5F1
:108AA0003E77BD46BDE8B08FF0B5D7B01CAFF863D8
:108AB000B9637A630023C7F8E43036E1D7F8E430CD
:108AC000B82202FB03F303F55E73FA6B1344C7F895
:108AD000DC30D7F8DC301B7883F00103DBB2002BED
:108AE00040F01D81D7F8DC305B78002B5DD0D7F8E3
:108AF000DC30D3E9180107F1C4021823FCF70AFBA4
:108B0000D7F8DC30D3E9060107F1AC021823FCF7F3
:108B100001FBD7F8DC30D3E9080107F194021823F0
:108B2000FCF7F8FAD7F8DC30D3E90A0107F17C0248
:108B30001823FCF7EFFAD7F8DC30D3E90623104608
:108B40001946FCF767FBF0EE407A07F16803142240
:108B500019460520B0EE670AFCF762FAD7F8DC3058
:108B6000D3E9082310461946F9F732FAF0EE407AB5
:108B700007F15403142219460520B0EE670AFCF7EA
:108B80004FFAD7F8DC30D3E90A2310461946F9F733
:108B90001FFAF0EE407A07F140031422194605202F
:108BA000B0EE670AFCF73CFA30E007F1C403924AE2
:108BB000182118460DF02EFF07F1AC038E4A18213C
:108BC00018460DF027FF07F194038B4A1821184629
:108BD0000DF020FF07F17C03874A182118460DF09D
:108BE00019FF07F16803844A142118460DF012FF9B
:108BF00007F15403804A142118460DF00BFF07F1CA
:108C000040037D4A142118460DF004FFFB6B5B689E
:108C10003B63FB6B9968F962D7F8E400FDF7B6FE99
:108C2000B862D7F8DC301E69D7F8DC305C687C624B
:108C3000D7F8DC309D683D62D7F8DC30DA68FA613D
:108C4000D7F8DC30D3F88010B961D7F8DC30D86FB2
:108C50007861D7F8DC30D3F884303B61D7F8DC306A
:108C6000D3F88840FC60D7F8DC30D3F88C50BD6076
:108C7000D7F8DC30D3F894207A60D7F8DC30D3F81A
:108C80009850D7F8DC30D3F89040D7F8DC309B7898
:108C90001846FCF715FB0246D7F8DC305B781A93D0
:108CA0001992189417957A681692BD681595FC6804
:108CB00014943B69139378691290B969119107F183
:108CC0004003109307F17C030F9307F154030E93B5
:108CD00007F194030D9307F168030C9307F1AC03BC
:108CE0000B9307F1C4030A93FA6909923D6A089548
:108CF0007C6A079406964FF480730593B86A0490D3
:108D00003E4B03937B6B02933D4B0193BB6B0093F4
:108D1000FB6A3A6B05213B48FCF7DCF800E000BF3A
:108D2000D7F8E4300133C7F8E430D7F8E430032B48
:108D30007FF6C4AEFB6B93F8683383F00103DBB2BC
:108D4000002B01D0304B11E0FB6B93F86A33002B02
:108D50000BD0FB6BD3F87433042B06D1FB6B93F869
:108D60006C33002B01D1294B00E0294BC7F8E030D0
:108D7000FB6B5E68FB6B9B683B63FB6B93F8683334
:108D8000FB62FB6B93F86933BB62FB6B93F86A334E
:108D90007B62FB6BD3F87043FB6BD3F87453FB6BB4
:108DA00093F86B333B62FB6B93F86C331846FCF71C
:108DB00087FA0246D7F8E0300C930B923A6A0A928F
:108DC00009950894042307937A6A0692BA6A059271
:108DD000FA6A0492094B03937B6B0293084B01934D
:108DE000BB6B00933B6B324605210A48FCF772F8D7
:108DF00000BFEC37BD46F0BDF88B0108208E01089E
:108E0000388B0108FC8B0108308E01083C8E01086C
:108E1000448E01084C8E0108F0B5ADF68C3D46AF8E
:108E200007F52763A3F6E413186007F52763A3F695
:108E3000E4131B681B7B002B01D1A44B00E0A44B67
:108E4000C7F8583A002387F81B3A07F61B23184641
:108E5000FBF7FAFFC7F8540A07F52763A3F6E413F4
:108E60001B68D3ED2A7A07F6082310211846B0EEC6
:108E7000670AFCF76BF807F52763A3F6E4131B6892
:108E8000D3ED047A07F6F413142219460520B0EE48
:108E9000670AFCF7C5F807F52763A3F6E4131B6818
:108EA000D3ED057A07F51E63142219460520B0EEAE
:108EB000670AFCF7B5F807F52763A3F6E4131B6808
:108EC000D3ED067A07F6C813182219460320B0EE30
:108ED000670AFCF7A5F807F52763A3F6E4131B68F8
:108EE000D3ED0C7A07F6B413142219460520B0EE20
:108EF000670AFCF795F807F52763A3F6E4131B68E8
:108F0000D3ED0D7A07F51A63142219460520B0EE49
:108F1000670AFCF785F807F52763A3F6E4131B68D7
:108F2000D3ED0E7A07F68813182219460320B0EE07
:108F3000670AFCF775F807F52763A3F6E4131B68C7
:108F4000D3ED0A7A07F67413142219460320B0EE03
:108F5000670AFCF765F807F52763A3F6E4131B68B7
:108F6000D3ED127A07F51663142219460320B0EEEA
:108F7000670AFCF755F807F52763A3F6E4131B68A7
:108F8000D3ED177A07F64C13142219460520B0EEDC
:108F9000670AFCF745F807F52763A3F6E4131B6897
:108FA000D3ED187A07F63813142219460520B0EECF
:108FB000670AFCF735F8474BC7F8503A07F52763BF
:108FC000A3F6E4131B6893F87F30002B15D007F647
:108FD0002813404A102118460DF01CFD07F61813FF
:108FE0003C4A102118460DF015FD07F51163394A6A
:108FF000082118460DF00EFD26E007F52763A3F6BD
:10900000E4131B68D3F8803007F62810324A102189
:109010000DF000FD07F52763A3F6E4131B68D3F8F2
:10902000843007F618102C4A10210DF0F3FC07F5D8
:109030002763A3F6E4131B6893F8883007F51160E3
:10904000264A08210DF0E6FC07F52763A3F6E41392
:109050001B6893F89430002B0DD007F52763A3F617
:10906000E4131B68D3F8903007F510601A4A1021FA
:109070000DF0D0FC06E007F51063164A10211846E3
:109080000DF0C8FC07F52763A3F6E4131B6893F8FB
:109090007C30002B01D0124B00E0124BC7F84C3A49
:1090A00007F52763A3F6E4131B6893F87C30002BC5
:1090B00001D0084B1BE007F52763A3F6E4131B68F8
:1090C00093F87E30002B11D0074B10E0588F010829
:1090D0005C8F0108F88B0108608F0108648F01081C
:1090E000688F0108788F0108848F0108934BC7F8B7
:1090F000483A934B1B68BB67924B1B687B67924B4C
:109100001B683B6797F81B3AFB66FCF7D1F80346F0
:10911000BB6607F52763A3F6E4131B68B3F8203298
:109120007B6607F52763A3F6E4131B68B3F82232C6
:109130003B6607F52763A3F6E4131B68B3F82432F4
:10914000FB6507F52763A3F6E4131B685B68BB6543
:1091500007F52763A3F6E4131B689B687B6507F597
:109160002763A3F6E4131B6893F8F8323B6507F511
:109170002763A3F6E4131B6893F86833FB6407F5D1
:109180002763A3F6E4131B68D3F89830BB6407F594
:109190002763A3F6E4131B68D3F89C307B6407F5C0
:1091A0002763A3F6E4131B6893F8A0303B6407F52C
:1091B0002763A3F6E4131B6893F86832FB6307F593
:1091C0002763A3F6E4131B6893F870321846FCF784
:1091D00077F8B86307F52763A3F6E4131B68D3F8A1
:1091E00074327B6307F52763A3F6E4131B68D3F897
:1091F00078323B6307F52763A3F6E4131B68D3F8C3
:109200007C32FB6207F52763A3F6E4131B68D3F8EF
:109210008032BB6207F52763A3F6E4131B68D3F81B
:1092200084327B6207F52763A3F6E4131B68D3F847
:10923000D0323B6207F52763A3F6E4131B68D3F82B
:10924000D432FB6107F52763A3F6E4131B68D3F858
:109250009830002B13DD07F52763A3F6E4131B6892
:10926000D3F8D82207F52763A3F6E4131B68D3F8D5
:1092700098309A4203D10123C7F8883002E00023D6
:10928000C7F8883007F52763A3F6E4131B68D3F803
:109290009830002B13DD07F52763A3F6E4131B6852
:1092A000D3F8DC2207F52763A3F6E4131B68D3F891
:1092B00098309A4203D10123C7F8843002E000239A
:1092C000C7F8843007F52763A3F6E4131B68D3F8C7
:1092D0009830002B13DD07F52763A3F6E4131B6812
:1092E000D3F8E02207F52763A3F6E4131B68D3F84D
:1092F00098309A4203D10123C7F8803002E000235E
:10930000C7F8803007F52763A3F6E4131B68B3F8AA
:10931000A230BB6107F52763A3F6E4131B68D3F8FB
:109320009830002B12DD07F52763A3F6E4131B68C2
:1093300003F58053B3F8E830FB670FE0888F01082E
:10934000107AFF1F147AFF1F187AFF1F07F5276393
:10935000A3F6E4131B68B3F8A230FB6707F5276395
:10936000A3F6E4131B685B7B7B6107F52763A3F619
:10937000E4131B689B7B3B6107F52763A3F6E413AB
:109380001B6893F850301846FCF7D8FCF86007F5D6
:109390002763A3F6E4131B685A6DBA6007F52763C9
:1093A000A3F6E4131B68996D796007F52763A3F6AC
:1093B000E4131B68DC6E3C6007F52763A3F6E41337
:1093C0001B681E6F07F52763A3F6E4131B685C6F29
:1093D00007F52763A3F6E4131B68986F07F5276367
:1093E000A3F6E4131B6893F87D301D4607F5276349
:1093F000A3F6E4131B6893F87F30194607F527633B
:10940000A3F6E4131B68D3F88C2007F5106344938C
:1094100007F51163439307F61813429307F62813D1
:10942000419340923F91A24B3E93D7F8483A3D93E7
:109430003C95D7F84C3A3B939E4B3A9339903894ED
:1094400037963C68369479683591BA683492FA68F0
:1094500033923A6932927B693193974B3093FB6F29
:109460002F9307F608232E93BB692D93D7F88030EE
:109470002C93D7F884302B93D7F888302A93FB6944
:10948000299340F28E332893092327938B4B2693FD
:109490003B6A25938A4B24937B6A2393BB6A22936E
:1094A000FB6A21933B6B20937B6B1F93BB6B1E93DB
:1094B000FB6B1D933B6C1C937B6C1B93BB6C1A93D7
:1094C0004FF4807319934FF480731893D7F8503A80
:1094D00017937C4B16937C4B1593FB6C14937B4B2F
:1094E00013933B6D12937A4B11937A4B10937A4BF3
:1094F0000F93D7F8583A0E937B6D0D93BB6D0C9379
:10950000FB6D0B9306230A933B6E09937B6E0893C6
:10951000BB6E0793714B0693714B0593FB6E0493DF
:10952000D7F8543A03933B6F02937B6F0193BB6F61
:1095300000936C4B6C4A05216C48FBF7CBFC07F59C
:109540002763A3F6E4131B685B68C7F8883007F548
:109550002763A3F6E4131B689968C7F8841007F51E
:109560002763A3F6E4131B685B7BC7F8803007F51D
:109570002763A3F6E4131B689B7BFB6707F5276350
:10958000A3F6E4131B681B7FBB6707F52763A3F6ED
:10959000E4131B681C6A07F52763A3F6E4131B6832
:1095A0009B8C7B6707F52763A3F6E4131B6893F88E
:1095B0002C303B6707F52763A3F6E4131B6893F889
:1095C0003C30FB6607F52763A3F6E4131B681D6CAC
:1095D00007F52763A3F6E4131B68B3F84430BB66B2
:1095E00007F52763A3F6E4131B6893F84C307B66FA
:1095F00007F52763A3F6E4131B6893F85030184669
:10960000FCF79CFB064607F52763A3F6E4131B68EB
:10961000586D07F52763A3F6E4131B68996D07F5EA
:109620002763A3F6E4131B685A6E07F52763A3F6B6
:10963000E4131B689B6E1C931B9207F638131A9356
:1096400007F64C131993189117901696786E15908B
:1096500007F516631493B86E13901295F86E119077
:1096600007F68813109307F51A630F9307F6B413E0
:109670000E93386F0D9007F674130C93786F0B9060
:109680000A94B86F099007F6C813089307F51E638C
:10969000079307F6F4130693F86F0590D7F8800048
:1096A0000490054B0393D7F8583A029320E000BF8B
:1096B000D4950108E8950108009601081C96010858
:1096C0003496010848960108208E01085496010836
:1096D000689601087496010894960108B0960108EE
:1096E000388B01088C8F0108A48F0108B48F010802
:1096F0001D4B0193D7F8543A0093D7F88430D7F82C
:10970000882005211948FBF7E5FB07F52763A3F639
:10971000E4131B685A6807F52763A3F6E4131B6874
:10972000996840F21D730A9344F62063099302235B
:10973000089360230793402306930D4B05930D4B2D
:1097400004930D4B03930D4B0293074B0193D7F8F2
:10975000543A00930B4605210948FBF7BBFB002355
:10976000C7F86C3A08E300BF388B0108B8960108C7
:109770009C9A0108A89A0108C09A01085496010809
:109780005C99010807F52763A3F6E4131B68D7F873
:109790006C2A02F6740233F812301846F7F782FD8D
:1097A00007F5236383ED000A07F2EC431422194600
:1097B000052007F5236393ED000AFBF731FC07F55D
:1097C0002763A3F6E4131A68D7F86C3A03F20E3352
:1097D0009B001344D3ED007A07F59B6314221946CE
:1097E0000520B0EE670AFBF71BFC07F52763A3F61D
:1097F000E4131B68B3F8A22007F52763A3F6E4136C
:109800001B68D7F86C1A01F59A6153F821309BB2A6
:109810001344A7F82E3A07F52763A3F6E4131B6851
:10982000586807F52763A3F6E4131B689C68B7F82C
:109830002E3A07F52762A2F6E4121268D7F86C1ADE
:1098400001F6740132F81120114607F59B62079268
:1098500007F2EC42069205910493D7F86C3A039311
:10986000D7F8583A02939E4B0193D7F8543A009395
:109870002346024605219B48FBF700FB07F52763BB
:10988000A3F6E4131B68586807F52763A3F6E413EF
:109890001B689C6807F52763A3F6E4131B68D7F8D9
:1098A0006C2A02F2FC5253F8222007F52763A3F634
:1098B000E4131B68D7F86C1A01F5656133F81130B1
:1098C0001D4607F52763A3F6E4131968D7F86C3A29
:1098D0000B4403F5F75318331B781E4607F527632F
:1098E000A3F6E4131968D7F86C3A0B4403F5005358
:1098F00024331B780593049603950292D7F86C3AAB
:109900000193D7F8583A009323460246052176483A
:10991000FBF7B4FA07F52763A3F6E4131B68D3F843
:109920006433002B00F0B38007F52763A3F6E4133C
:109930001B68D3F8D432D7F86C2A9A4280F2A780F9
:1099400007F52763A3F6E4131B68D3F86423D7F85D
:109950006C3A134403F51A532C331B7887F82D3ACD
:1099600007F52763A3F6E4131B68D3F86423D7F83D
:109970006C3A03F59673DB001344D3E9002307F533
:109980002261C1E9002307F59862182307F52261D7
:10999000D1E90001FBF7BEFB07F52263D3E9000123
:1099A000F8F716FBF0EE407A07F2AC4314221946A2
:1099B0000520B0EE670AFBF733FB07F52763A3F634
:1099C000E4131B685D6807F52763A3F6E4131B68BF
:1099D0009E6807F52763A3F6E4131B68D3F8642396
:1099E000D7F86C3A134403F51F5318331B78C7F8A4
:1099F000883007F52763A3F6E4131B68D3F86423C4
:109A0000D7F86C3A134403F516531B781846FCF745
:109A1000D3FBC7F8840097F82D3A03F0010397F8B9
:109A20002D2A520802F0010297F82D1A890801F038
:109A3000010107F52760A0F6E4100068D0F8640380
:109A4000D7F86C4A04F5616430F814000B9007F203
:109A5000AC400A9007F59860099008910792069328
:109A6000D7F884200592D7F888300493D7F86C3A59
:109A70000393D7F8583A0293194B0193D7F8543A05
:109A8000009333462A4605211848FBF723FA07F5C9
:109A90002763A3F6E4131B68D3F86433002B00F0AC
:109AA000A58007F52763A3F6E4131B68D3F80433F6
:109AB000D7F86C2A9A4280F2998007F59463194688
:109AC0004FF000024FF00003C1E9002307F52763C0
:109AD000A3F6E4131B681B7B002B09D1012309E0CB
:109AE000388B0108D89A0108049B01082C9B0108B7
:109AF0004FF0FF33C7F81C3A07F52763A3F6E413CA
:109B00001B68D3F86423D7F86C3ADB001344D3E91D
:109B1000000107F52763A3F6E4131B68D3F8643349
:109B2000D3E90023D7F86C4A07F5946503954FF401
:109B3000807502950194D7F81C4A0094F8F71EFC32
:109B40000346002B52D007F52763A3F6E4131B68E6
:109B5000D3F86423D7F86C3ADB001344D3E900014F
:109B600007F591621823FBF7D5FA07F59463D3E95B
:109B7000000107F58E621823FBF7CCFA07F5946312
:109B8000D3E9002310461946FBF744FBF0EE407A78
:109B900007F25C43142219460520B0EE670AFBF772
:109BA0003FFA07F52763A3F6E4131B685A6807F525
:109BB0002763A3F6E4131B68996807F25C430693D6
:109BC00007F58E63059307F591630493D7F86C3A14
:109BD0000393D7F8583A0293644B0193D7F8543A59
:109BE00000930B4605216248FBF748F907F5276308
:109BF000A3F6E4131B68D3F86433002B00F0AF80A6
:109C000007F52763A3F6E4131B68D3F80033D7F8EE
:109C10006C2A9A4280F2A38007F52763A3F6E41327
:109C20001B685E6807F52763A3F6E4131B689B684F
:109C3000C7F8883007F52763A3F6E4131B68D3F849
:109C40006433D7F86C2A02F5966253F8224007F580
:109C50002763A3F6E4131B68D3F86433D7F86C2AA0
:109C600002F2DC5253F8225007F52763A3F6E413FF
:109C70001B68D3F86423D7F86C3A134403F5F35305
:109C800018331B78C7F8843007F52763A3F6E4136D
:109C90001B68D3F86423D7F86C3A134403F5FD53DB
:109CA00004331B78C7F8803007F52763A3F6E41365
:109CB0001B68D3F86423D7F86C3A134403F50353B5
:109CC00010331B78FB6707F52763A3F6E4131B68C3
:109CD000D3F86423D7F86C3A134403F507533C33A5
:109CE0001B78BB6707F52763A3F6E4131B68D3F85B
:109CF0006423D7F86C3A134403F50C5328331B78CC
:109D00007B6707F52763A3F6E4131B68D3F8642386
:109D1000D7F86C3A134403F5115314331B781846E3
:109D2000FBF7CEFA034609937A6F0892BA6F07924F
:109D3000FA6F0692D7F880200592D7F88420049213
:109D400003950294D7F86C3A0193D7F8583A0093E8
:109D5000D7F88830324605210648FBF78FF8D7F848
:109D60006C3A0133C7F86C3A06E000BF388B010843
:109D70001C9C01084C9C010807F52763A3F6E4131B
:109D80001B68D3F89830D7F86C2A9A42FFF6FAACE1
:109D900007F52763A3F6E4131B68D3E9BC0107F6B4
:109DA000E8021823FBF7B6F907F52763A3F6E413D7
:109DB0001B68D3E9BC2310461946F8F709F9F0EE01
:109DC000407A07F6D403142219460520B0EE670A3C
:109DD000FBF726F907F52763A3F6E4131B685B6816
:109DE000C7F8883007F52763A3F6E4131B689B6860
:109DF000C7F8843007F52763A3F6E4131B68D3F88C
:109E0000D032C7F8803007F52763A3F6E4131B6848
:109E1000D3F88832FB6707F52763A3F6E4131B68C2
:109E2000D3F88C32BB6707F52763A3F6E4131B68EE
:109E3000D3F890327B6707F52763A3F6E4131B681A
:109E4000D3F894323B6707F52763A3F6E4131B6846
:109E5000D3F89832FB6607F52763A3F6E4131B6873
:109E6000D3F89C32BB6607F52763A3F6E4131B689F
:109E7000D3F8A0327B6607F52763A3F6E4131B68CB
:109E8000D3F8A4323B6607F52763A3F6E4131B68F7
:109E9000D3F8A832FB6507F52763A3F6E4131B6824
:109EA000D3F8AC32BB6507F52763A3F6E4131B6850
:109EB000D3F8B0327B6507F52763A3F6E4131B687C
:109EC000D3F8B4323B6507F52763A3F6E4131B68A8
:109ED000D3F8B832FB6407F52763A3F6E4131B68D5
:109EE000D3F8BC32BB6407F52763A3F6E4131B6801
:109EF000D3F8C0327B6407F52763A3F6E4131B682D
:109F0000D3F8C4323B6407F52763A3F6E4131B6858
:109F1000D3F8C832FB6307F52763A3F6E4131B6885
:109F2000D3F8CC32BB6307F52763A3F6E4131B68B1
:109F3000D3F8D4327B6307F52763A3F6E4131B68D9
:109F4000D3F8D8323B6307F52763A3F6E4131B6805
:109F5000D3F8DC32FB6207F52763A3F6E4131B6832
:109F6000D3F8E06207F52763A3F6E4131B68D3F880
:109F7000E45207F52763A3F6E4131B68D3F8E8421D
:109F800007F52763A3F6E4131B68D3F89830002B7A
:109F900011DD07F52763A3F6E4131B68D3F8D82275
:109FA00007F52763A3F6E4131B68D3F898309A42A9
:109FB00001D1012000E0002007F52763A3F6E41398
:109FC0001B68D3F89830002B11DD07F52763A3F643
:109FD000E4131B68D3F8DC2207F52763A3F6E41328
:109FE0001B68D3F898309A4201D1012100E000218A
:109FF00007F52763A3F6E4131B68D3F89830002B0A
:10A0000011DD07F52763A3F6E4131B68D3F8E022FC
:10A0100007F52763A3F6E4131B68D3F898309A4238
:10A0200001D1012200E0002207F6D403229307F6B3
:10A03000E803219320921F911E901D941C951B965E
:10A04000FB6A1A933B6B19937B6B1893BB6B17934B
:10A05000FB6B16933B6C15937B6C1493BB6C139347
:10A06000FB6C12933B6D11937B6D1093BB6D0F9343
:10A07000FB6D0E933B6E0D937B6E0C93BB6E0B933F
:10A08000FB6E0A933B6F09937B6F0893BB6F07933B
:10A09000FB6F0693D7F8803005930D4B04930D4B5F
:10A0A0000393D7F8583A02930B4B0193D7F8543ADD
:10A0B0000093D7F88430D7F8882005210748FAF7AD
:10A0C00009FF0023C7F8683A0023C7F8643A5EE046
:10A0D000349601081C960108388B0108849C0108FD
:10A0E00007F52763A3F6E4131968D7F8642A134623
:10A0F0005B001344DB000B44C433D3ED007A07F656
:10A100001402D7F8643A1B011344102219460420A4
:10A11000B0EE670AFAF784FF07F52763A3F6E413A6
:10A120001968D7F8642A13465B001344DB000B441C
:10A13000C833D3ED007A07F25472D7F8643A1B01A2
:10A140001344102219460420B0EE670AFAF768FF9C
:10A1500007F52763A3F6E4131968D7F8642A1346B2
:10A160005B001344DB000B44CC331B78002B09D07D
:10A170000122D7F8643A02FA03F3D7F8682A1343A6
:10A18000C7F8683AD7F8643A0133C7F8643AD7F8A1
:10A19000643A0B2BA4DD07F52763A3F6E4131B68D1
:10A1A000D3ED797A07F24473102219460420B0EEF9
:10A1B000670AFAF735FF07F52763A3F6E4131B6870
:10A1C000D3ED7A7A07F23473102219460420B0EEE8
:10A1D000670AFAF725FF07F52763A3F6E4131B6860
:10A1E000D3ED7F7A07F22473102219460420B0EED3
:10A1F000670AFAF715FF07F52763A3F6E4131B6850
:10A20000D3ED807A07F21473102219460420B0EEC1
:10A21000670AFAF705FF07F52763A3F6E4131B683F
:10A22000D3ED857A07F20473102219460420B0EEAC
:10A23000670AFAF7F5FE07F52763A3F6E4131B6830
:10A24000D3ED867A07F2F463102219460420B0EEAB
:10A25000670AFAF7E5FE07F52763A3F6E4131B6820
:10A2600093F8EC31002B05D0D7F8683A43F48053CB
:10A27000C7F8683A07F52763A3F6E4131B6893F859
:10A280000432002B05D0D7F8683A43F40053C7F8DE
:10A29000683A07F52763A3F6E4131B68D3ED2C7A1D
:10A2A00007F2E463102219460420B0EE670AFAF7B9
:10A2B000B7FE07F52763A3F6E4131B68D3ED2D7AE9
:10A2C00007F2D463102219460420B0EE670AFAF7A9
:10A2D000A7FE07F52763A3F6E4131B68D3ED8C7A7A
:10A2E00007F2C463102219460420B0EE670AFAF799
:10A2F00097FE07F52763A3F6E4131B68D3ED8D7A69
:10A3000007F2B463102219460420B0EE670AFAF788
:10A3100087FE07F52763A3F6E4131B68D3ED8E7A57
:10A3200007F2A463102219460420B0EE670AFAF778
:10A3300077FE07F52763A3F6E4131B68D3ED8F7A46
:10A3400007F29463102219460420B0EE670AFAF768
:10A3500067FE07F52763A3F6E4131B68D3ED907A35
:10A3600007F28463102219460420B0EE670AFAF758
:10A3700057FE07F52763A3F6E4131B68D3ED927A23
:10A3800007F27463102219460420B0EE670AFAF748
:10A3900047FE07F52763A3F6E4131B68D3ED937A12
:10A3A00007F26463102219460420B0EE670AFAF738
:10A3B00037FE07F52763A3F6E4131B68D3ED947A01
:10A3C00007F25463102219460420B0EE670AFAF728
:10A3D00027FE07F52763A3F6E4131B68D3ED967AEF
:10A3E00007F24463102219460420B0EE670AFAF718
:10A3F00017FE07F52763A3F6E4131B68D3ED977ADE
:10A4000007F23463102219460420B0EE670AFAF707
:10A4100007FE07F52763A3F6E4131B68D3ED987ACC
:10A4200007F22463102219460420B0EE670AFAF7F7
:10A43000F7FD07F52763A3F6E4131B68D3ED997ABC
:10A4400007F21463102219460420B0EE670AFAF7E7
:10A45000E7FD07F52763A3F6E4131B68D3ED8A7ABB
:10A4600007F20463102219460420B0EE670AFAF7D7
:10A47000D7FD07F52763A3F6E4131B68D3ED8B7AAA
:10A4800007F2F453102219460420B0EE670AFAF7D7
:10A49000C7FD07F52763A3F6E4131B6803F62443FF
:10A4A000D3ED007A07F2E453102219460420B0EEEF
:10A4B000670AFAF7B5FD07F52763A3F6E4131B68EF
:10A4C00003F62443D3ED007AF0EE006A87EEA67A15
:10A4D00007F2D453102219460420B0EE470AFAF7C7
:10A4E0009FFD07F52763A3F6E4131B68586807F57B
:10A4F0002763A3F6E4131B689C6807F52763A3F69C
:10A50000E4131B68D3F8983007F52762A2F6E4122B
:10A510001268D2F89C2007F52761A1F6E4110968BA
:10A52000B1F820120D4607F52761A1F6E41109687C
:10A53000B1F822120E4607F52761A1F6E411096869
:10A54000B1F82412C7F8881007F52761A1F6E411C5
:10A55000096891F82612C7F8841007F52761A1F65B
:10A56000E411096891F82712C7F8801007F52761F0
:10A57000A1F6E411096891F84412F96707F527611B
:10A58000A1F6E411096891F85412B96707F527613B
:10A59000A1F6E411096891F86812796707F5276157
:10A5A000A1F6E4110968D1F86C123F9107F2146129
:10A5B0003E9107F224613D91796F3C9107F234613D
:10A5C0003B9107F244613A9107F2D451399107F275
:10A5D000E451389107F25461379107F26461369182
:10A5E00007F274613591B96F349107F28461339148
:10A5F00007F29461329107F2A461319107F2B461DC
:10A60000309107F2C4612F91F96F2E9107F2F45146
:10A610002D9107F204612C91D7F880102B91D7F877
:10A62000681A2A91D7F88410299107F2F4612891C9
:10A6300007F204712791D7F88810269106212591F9
:10A640002496239507F21471229107F22471219127
:10A6500007F23471209107F244711F9107F254718F
:10A66000B0311E9107F25471A0311D9107F254715F
:10A6700090311C9107F2547180311B9107F2547193
:10A6800070311A9107F254716031199107F25471C7
:10A690005031189107F254714031179107F25471FB
:10A6A0003031169107F254712031159107F254712F
:10A6B0001031149107F25471139107F61401B0315F
:10A6C000129107F61401A031119107F6140190318F
:10A6D000109107F6140180310F9107F614017031C3
:10A6E0000E9107F6140160310D9107F614015031F7
:10A6F0000C9107F6140140310B9107F6140130312B
:10A700000A9107F614012031099107F6140110315E
:10A71000089107F61401079107F2D461069107F238
:10A72000E461059104920393D7F8583A02935F4B82
:10A730000193D7F8543A00932346024605215C481A
:10A74000FAF7C8FB07F52763A3F6E4131B68D3EDFC
:10A75000D27A07F5B863142219460520B0EE670ACD
:10A76000FAF75EFC07F52763A3F6E4131B68D3ED45
:10A77000D37A07F2AC53142219460520B0EE670ACB
:10A78000FAF74EFC07F52763A3F6E4131B68D3ED35
:10A79000D47A07F5B363142219460520B0EE670A90
:10A7A000FAF73EFC07F52763A3F6E4131B68D3ED25
:10A7B000D57A07F28453142219460520B0EE670AB1
:10A7C000FAF72EFC07F52763A3F6E4131B68D3ED15
:10A7D000D67A07F5AE63142219460520B0EE670A53
:10A7E000FAF71EFC07F52763A3F6E4131B68D3ED05
:10A7F000D77A07F25C53142219460520B0EE670A97
:10A80000FAF70EFC07F52763A3F6E4131B68D3EDF4
:10A81000D87A07F5A963142219460520B0EE670A15
:10A82000FAF7FEFB07F52763A3F6E4131B68D3F8DA
:10A830000433002B15DD07F52763A3F6E4131B682B
:10A84000D3E9CE0107F5A6621823FAF763FC07F5F2
:10A85000A06218234FF000004FF00001FAF75AFCF5
:10A860000DE007F5A663134A182118460CF0D2F83C
:10A8700007F5A0630F4A182118460CF0CBF807F52E
:10A880002763A3F6E4131B6893F8FA32002B13D066
:10A8900007F52763A3F6E4131B68D3E9D00107F596
:10A8A000A3621823FAF736FC0DE000BF388B0108CD
:10A8B000D49F0108F88B010807F5A363C24A182149
:10A8C00018460CF0A7F807F52763A3F6E4131B68F6
:10A8D0005B68C7F8883007F52763A3F6E4131B68A5
:10A8E0009968C7F8841007F52763A3F6E4131B687B
:10A8F00093F8FA32C7F8803007F52763A3F6E4131C
:10A900001B68D3F8086307F52763A3F6E4131B68F5
:10A9100093F8FB32FB6707F52763A3F6E4131B6884
:10A92000D3F80003B86707F52763A3F6E4131B68A1
:10A93000D3F804437C6707F52763A3F6E4131B6889
:10A94000D3F80C533D6707F52763A3F6E4131B68A0
:10A95000D3F81023FA6607F52763A3F6E4131B6800
:10A96000D3F81413B96607F52763A3F6E4131B683D
:10A97000D3F81803786607F52763A3F6E4131B687A
:10A98000D3F81C433C6607F52763A3F6E4131B6862
:10A99000D3F82053FD6507F52763A3F6E4131B687E
:10A9A000D3F8245307F52763A3F6E4131B68D3F801
:10A9B000284307F52763A3F6E4131B68D3F82C0399
:10A9C00007F52763A3F6E4131B68D3F8301307F5E4
:10A9D0002763A3F6E4131B68D3F83423D7F8503A5F
:10A9E0001E937A4B1D931C921B911A9019941895E3
:10A9F000FD6D17953C6E1694786E1590B96E149196
:10AA0000FA6E13923D6F12957C6F1194B86F10908F
:10AA100007F5A9630F9307F25C530E93F86F0D903F
:10AA200007F5AE630C9307F5A3630B9307F5A063DB
:10AA30000A9307F5A663099307F28453089307F571
:10AA4000B363079307F2AC53069307F5B863059316
:10AA50000496D7F8800003905D4B02935D4B019301
:10AA6000D7F8543A0093D7F88430D7F888200521D6
:10AA70005948FAF72FFA07F52763A3F6E413D7F836
:10AA8000582AD7F8541A1868FEF70EF80023C7F8AA
:10AA9000603A5AE007F52763A3F6E4131A68D7F87B
:10AAA000603A134403F608131B78002B47D007F5D0
:10AAB0002763A3F6E412D7F8603A1B0203F511638B
:10AAC0001268D01807F52763A3F6E4131A68D7F8BD
:10AAD000603A134403F60813197807F190024FF413
:10AAE0002F73FBF797FB07F52763A3F6E4131B68A7
:10AAF000586807F52763A3F6E4131B689C68D7F82A
:10AB0000603A013307F52762A2F6E4121168D7F81C
:10AB1000602A0A4402F608121278114607F19002E0
:10AB20000492039102932B4B0193D7F8543A00936C
:10AB30002346024605212948FAF7CCF900E000BF78
:10AB4000D7F8603A0133C7F8603AD7F8603A022B79
:10AB5000A0D907F52763A3F6E4131B685E6807F521
:10AB60002763A3F6E4131B689B68C7F8883007F5D2
:10AB70002763A3F6E4131B6893F8F932C7F884300F
:10AB800007F52763A3F6E4131B68D3F8004307F522
:10AB90002763A3F6E4131B68D3F8045307F5276370
:10ABA000A3F6E4131B6893F8FC321846FAF788FB07
:10ABB000024607F52763A3F6E4131B6893F8FA32FD
:10ABC000002B0FD0064B0EE0F88B010848960108C9
:10ABD00054960108388B0108E8A4010874A70108FD
:10ABE0003C8E0108C94B0693059204950394D7F84F
:10ABF00084300293C64B0193D7F8543A0093D7F8A8
:10AC0000883032460521C348FAF764F9012387F8F2
:10AC1000473A07F52763A3F6E4131B6893F87D30E2
:10AC200087F8473A07F52763A3F6E4131B681B7BF5
:10AC3000002B40F0648207F52763A3F6E4131B683A
:10AC400093F8A030002B00F05A8297F8473A002B77
:10AC500000F0558207F52763A3F6E4131B681B6811
:10AC6000C7F8403A07F52763A3F6E4131B68B3F867
:10AC7000A4301946A848FAF701F907F52763A3F6A7
:10AC8000E4131B68D3ED2A7A07F24C4310211846CF
:10AC9000B0EE670AFAF75AF907F24C4319469F4893
:10ACA000FAF7ECF807F52763A3F6E4131B68B3F88B
:10ACB000A230184607F52763A3F6E4131B68D3F800
:10ACC000AC2007F24C4107F24C4300930B4601467F
:10ACD0009348FAF7D3F80023C7F85C3A4DE0D7F869
:10ACE000403A002B44DBD7F85C3A03F00303002B17
:10ACF0003ED1D7F85C3A07EE903AF8EEE77A9FED4E
:10AD0000897A67EE877A9FED887A27EE877ADFED7A
:10AD1000876AC7EE267A07F63423C3ED007A07F573
:10AD200057731021184607F6342393ED000AFAF7FB
:10AD30000DF907F52763A3F6E4131A68D7F85C3A10
:10AD400003F20E339B001344D3ED007A07F55373DF
:10AD500010211846B0EE670AFAF7F8F8D7F8403A2B
:10AD6000591C07F5537307F557727148FAF786F8BF
:10AD7000D7F85C3A0133C7F85C3A07F52763A3F6C6
:10AD8000E4131B68D3F89830D7F85C2A9A42A6DB04
:10AD9000D7F8403A5A1C07F52763A3F6E4131B685B
:10ADA000D3F8101C07F52763A3F6E4131B68D3F848
:10ADB000983000930B4664215E48FAF75FF807F578
:10ADC0002763A3F6E4131B6803F61443D3ED007A5C
:10ADD00007F23C4310211846B0EE670AFAF7B6F8BE
:10ADE00007F52763A3F6E4131B6803F61843D3EDB6
:10ADF000007A07F22C4310211846B0EE670AFAF7E2
:10AE0000A5F8D7F8403A591C07F52763A3F6E413D1
:10AE10001B68B3F81C3C1C4607F52763A3F6E41334
:10AE20001B68B3F81E3C184607F23C4207F22C435D
:10AE300001930090134622463F48FAF71FF807F5A2
:10AE40002763A3F6E4131B68B83301220C211846CC
:10AE5000FAF784FBC7F83C0A07F52763A3F6E41367
:10AE60001B68B83306220C211846FAF777FBC7F89F
:10AE7000380AD7F83C3A002B04D0D7F83C3AD3ED47
:10AE8000037A01E0DFED2E7A07F21C431021184609
:10AE9000B0EE670AFAF75AF8D7F83C3A002B04D01C
:10AEA000D7F83C3AD3ED047A01E0DFED257A07F2DA
:10AEB0000C4310211846B0EE670AFAF747F8D7F8A6
:10AEC000403A591C07F20C4307F21C421B48F9F7A1
:10AED000D5FFD7F8383A002B04D0D7F8383AD3ED5D
:10AEE000037A01E0DFED167A07F57F73102118462B
:10AEF000B0EE670AFAF72AF8D7F8383A002B21D0D3
:10AF0000D7F8383AD3ED047A1EE000BF448E01082A
:10AF1000388B0108FCA70108A0A80108B4A8010803
:10AF2000D4A801080000B44300008043000080471B
:10AF300014A901083CA901086CA90108B0A90108DD
:10AF4000000000005FED027A07F57B7310211846C0
:10AF5000B0EE670AF9F7FAFFD7F8403A591C07F53F
:10AF60007B7307F57F72D748F9F788FF07F52763EA
:10AF7000A3F6E4131B68D3ED8A7A07F577731021E3
:10AF80001846B0EE670AF9F7E1FFD7F8403A591CC6
:10AF900007F52763A3F6E4131B6893F827321A46D4
:10AFA00007F57773C848F9F769FF07F52763A3F634
:10AFB000E4131B6803F62443D3ED007A07F573739B
:10AFC00010211846B0EE670AF9F7C0FFD7F8403AEB
:10AFD000013307F573721946BC48F9F74FFF07F5BF
:10AFE0002763A3F6E4131B6803F62C43D3ED007A22
:10AFF00007F56F7310211846B0EE670AF9F7A6FF40
:10B0000007F52763A3F6E4131B6803F54363D3ED49
:10B01000007A07F56B7310211846B0EE670AF9F74E
:10B0200095FF07F52763A3F6E4131B6803F6344383
:10B03000D3ED007A07F5677310211846B0EE670A62
:10B04000F9F784FFD7F8403A591C07F56B7007F5FC
:10B050006F7207F56773009303469D48F9F70EFF7B
:10B0600007F52763A3F6E4131B6803F62843D3ED23
:10B07000007A07F5637310211846B0EE670AF9F7F6
:10B0800065FFD7F8403A013307F5637219469148D6
:10B09000F9F7F4FE07F52763A3F6E4131B6803F53D
:10B0A0004263D3ED007A07F55F7310211846B0EEC6
:10B0B000670AF9F74BFFD7F8403A013307F55F729B
:10B0C00019468548F9F7DAFED7F8403A013307F513
:10B0D0005F7219468148F9F7D1FE07F55B731021BD
:10B0E00018469FED7F0AF9F731FFD7F8403A013350
:10B0F00007F55B7219467B48F9F7C0FE4BE007F590
:10B100002763A3F6E4131B681B7B002B43D107F5D1
:10B110002763A3F6E4131B6893F8A03083F00103C0
:10B12000DBB2002B37D007F52763A3F6E4131B68C7
:10B130001B685C1C07F52763A3F6E4131B6893F8F0
:10B1400068321D4607F52763A3F6E4131B6893F8DE
:10B1500070321846FAF7B4F8014607F52763A3F6EC
:10B16000E4131B68D3F8982007F52763A3F6E413CC
:10B170001B68D3F8103CD31A07F52762A2F6E41235
:10B180001268D2F89820019200930B462A46214675
:10B190005548F9F773FE07F52763A3F6E4131B6818
:10B1A0005B68C7F8803007F52763A3F6E4131B68D4
:10B1B0009B68FB6707F52763A3F6E4131B68D3F8C6
:10B1C000984007F52763A3F6E4131B68D3F89C5057
:10B1D00007F52763A3F6E4131B6893F86832BB678F
:10B1E00007F52763A3F6E4131B68D3F89830002B08
:10B1F00011DD07F52763A3F6E4131B68D3F8D82203
:10B2000007F52763A3F6E4131B68D3F898309A4236
:10B2100001D1012600E0002607F52763A3F6E41319
:10B220001B68D3F89830002B13DD07F52763A3F6CE
:10B23000E4131B68D3F8DC2207F52763A3F6E413B5
:10B240001B68D3F898309A4203D10123C7F888309D
:10B2500002E00023C7F8883007F52763A3F6E4135C
:10B260001B68D3F89830002B13DD07F52763A3F68E
:10B27000E4131B68D3F8E02207F52763A3F6E41371
:10B280001B68D3F898309A4203D10123C7F8843061
:10B2900002E00023C7F8843007F52763A3F6E41320
:10B2A0001B6893F870321846FAF70AF8024607F559
:10B2B0002763A3F6E4131B6893F8A030002B17D084
:10B2C0000A4B16E000AA010868AA0108A0AA010812
:10B2D000E8AA01081CAB010838AB010858AB01080B
:10B2E0000000000084AB0108B0AB01083C8E0108EF
:10B2F0000E4B08930792D7F884300693D7F888301E
:10B3000005930496BB6F039302950194D7F8583ABE
:10B310000093FB6FD7F8802005210548F9F7DAFD87
:10B3200000BF07F67427BD46F0BD00BF448E01087C
:10B33000F4AB0108F0B5C1B01AAF78647B6C002B98
:10B3400001D1A04B7B64002387F87E3007F17E0398
:10B350001846F9F779FDC7F89000F9F725FDC7F809
:10B360008C00D7F88C30002B03D0D7F88C301033FA
:10B3700000E00023C7F8883007F148031846F6F7C5
:10B38000FDF9034687F8873097F88730002B05D101
:10B3900097F84830002B01D0012300E0002387F804
:10B3A000863097F8863003F0010387F8863097F8E7
:10B3B0008630002B08D007F14803D7F888101846CC
:10B3C000F6F711FB034600E0012387F8853097F874
:10B3D00085301846F6F758FBC7F880000023C7F8F9
:10B3E000943097F88530012B04D140F2FB13C7F855
:10B3F000943019E097F88530022B04D140F2FD1308
:10B40000C7F8943010E097F88530032B04D14FF43F
:10B41000FE73C7F8943007E097F88530002B03D00F
:10B420004FF4FF73C7F89430D7F89430002B0CBF5B
:10B430000123002387F87F30634B1B68BB62634B9B
:10B440001B687B62624B1B683B6297F87E30FB6136
:10B4500097F88630BB6197F87F307B6197F87F3033
:10B460003B61D7F88830002B14BF01230023DBB2E7
:10B47000FB60D7F88830002B04D0D7F888301B88C1
:10B480003B6401E000233B64D7F88830002B04D0F4
:10B49000D7F888309B78FB6301E00023FB63D7F883
:10B4A0008830002B04D0D7F88830DB78BB6301E00C
:10B4B0000023BB63D7F88830002B04D0D7F888303E
:10B4C0001B797B6301E000237B63D7F88830002B76
:10B4D00004D0D7F888305B793B6301E000233B63FD
:10B4E000D7F88830002B04D0D7F888309B79FB62DE
:10B4F00001E00023FB62D7F88830002B03D0D7F897
:10B5000088309C6800E00024B7F84A30BB6097F8A8
:10B510004C307B6097F84D301E4697F84E301D46F4
:10B5200097F84F30184697F850301946B7F87230F0
:10B530001A467B6F189317921691159014951396CF
:10B540007A681292BB6811931094FB6A0F933B6B5D
:10B550000E937B6B0D93BB6B0C93FB6B0B933B6C54
:10B560000A93D7F880300993FB6808933B690793E7
:10B570007B690693BB690593FB690493D7F8903008
:10B5800003933B6A02937B6A0193BB6A0093114B5E
:10B59000114A796C1148F9F79DFC97F87F3083F0D8
:10B5A0000103DBB2002B06D0D7F88020D7F8941027
:10B5B0000B48F9F763FC97F87F3018469C37BD4677
:10B5C000F0BD00BF388B0108107AFF1F147AFF1FEF
:10B5D000187AFF1F8C8F0108A48F0108C8AC0108DE
:10B5E0001CAF010880B5AEB002AFF860B9607A60F8
:10B5F0003B608848F9F742FC97F8B830002B01D03F
:10B60000854B00E0854B1846FFF794FE034683F018
:10B610000103DBB2002B04D00A20F9F7B5FB0023AD
:10B6200052E27F4B1B6801337D4A13607C4B1B68E1
:10B63000C7F89430F9F7AAF907F15C031846F9F74F
:10B64000D3F9F9F7C9F907F13C031846F9F7CCF932
:10B6500007F13C031846FBF7AFFC034683F00103F8
:10B66000DBB2002B07D00A20F9F78EFB6D48F9F703
:10B6700005FC002328E2F9F783F901F0B7FBC7F8CE
:10B680009000694B1B7887F88F3097F88F30002B2C
:10B6900005D0664B1B68D7F89020D31A00E0002332
:10B6A000C7F888304FF00003C7F8AC30002387F8A4
:10B6B000AB30002387F8AA30012387F8A930002394
:10B6C000C7F8A4300023C7F8A0307EE007F11003CC
:10B6D0001846FAF761FB034687F8AB3097F8AB30B2
:10B6E000002B78D1FAF722FCD7F8A43042F250129E
:10B6F00002FB03F34E4A1344D7F894200021D7F8F5
:10B70000A000FBF7E5FC034687F8AA30D7F8A43081
:10B7100042F2501202FB03F3454A981807F1100356
:10B7200007F13C0207F15C01FBF78FFC97F8A930A9
:10B73000002B0DD03E4AD7F8A43042F2501101FB45
:10B7400003F31344A0331B78002B01D0012300E046
:10B75000002387F8A93097F8A93003F0010387F890
:10B76000A93097F8AA30002B21D1314AD7F8A4305C
:10B7700042F2501101FB03F31344A0331B78002B5A
:10B7800015D0D7F8A030002B11DB294AD7F8A43008
:10B7900042F2501101FB03F3134403F54263D3ED6E
:10B7A000007A97ED2B7A77EE277AC7ED2B7AD7F8C8
:10B7B000A4300133C7F8A43097F8AA30002B0CD17D
:10B7C000D7F8A0300133C7F8A030D7F8A030002B4D
:10B7D0007FF77CAF02E000BF00E000BFF9F7D6F8CA
:10B7E0000820F9F7D1FA01F001FBC7F884000F4AED
:10B7F000D7F8843013600C4B01221A70D7F88420DC
:10B80000D7F89030D31AC7F880300023C7F89C309F
:10B81000C5E000BF54AF010868AF010880AF010860
:10B82000082C002090AF0108302C00202C2C002088
:10B8300008060020A64AD7F89C3042F2501101FBBE
:10B8400003F313446C33FA681A60A14AD7F89C30AA
:10B8500042F2501101FB03F313447033BA681A60CB
:10B860009B4AD7F89C3042F2501101FB03F313447A
:10B8700074337A681A60964AD7F89C3042F25011B5
:10B8800001FB03F3134478333A681A60904AD7F8FF
:10B890009C3042F2501101FB03F313447C3397F8C0
:10B8A000B8201A7097F8B830002B14BF012300237A
:10B8B000DBB283F00103DBB203F00103D8B2844AA8
:10B8C000D7F89C3042F2501101FB03F313447D334F
:10B8D00002461A707E4AD7F89C3042F2501101FBA2
:10B8E00003F313447E3397F8BC201A70784AD7F8D4
:10B8F0009C3042F2501101FB03F313447F3397F85D
:10B90000C0201A70724AD7F89C3042F2501101FBE5
:10B9100003F313448033D7F8C4201A606C4AD7F875
:10B920009C3042F2501101FB03F313448433D7F8E7
:10B93000C8201A60664AD7F89C3042F2501101FBC9
:10B9400003F31344883397F8CC201A70604AD7F871
:10B950009C3042F2501101FB03F313448C33D7F8AF
:10B9600080201A605A4AD7F89C3042F2501101FBED
:10B9700003F313449033D7F888201A60544AD7F859
:10B980009C3042F2501101FB03F31344943397F8B7
:10B990008F201A70D7F89C300133C7F89C30D7F845
:10B9A0009C20D7F8A4309A42FFF644AF0023C7F892
:10B9B00098300FE0D7F8983042F2501202FB03F3B0
:10B9C000434A13441846FDF727FAD7F89830013355
:10B9D000C7F89830D7F89820D7F8A4309A42E9DB16
:10B9E00097F8AB30012B07D10A20F9F7CDF9394888
:10B9F000F9F744FA002367E097F8AB30022B09D13E
:10BA00000A20F9F7C1F944F620613348F9F736FA0C
:10BA1000002359E097F8AB30032B07D10A20F9F740
:10BA2000B3F92E48F9F72AFA00234DE097F8AA3027
:10BA3000002B0ED00A20F9F7A7F997F8AA3018467C
:10BA4000F9F73EFC034619462548F9F717FA002393
:10BA50003AE097F8A93083F00103DBB2002B07D05E
:10BA60000A20F9F791F91F48F9F708FA00232BE0AB
:10BA700097F8B830002B0CD01B4B0193D7F89430BB
:10BA80000093BB68FA6805211848F9F723FA0123E7
:10BA90001AE0D7F8AC30FB6707F12C0310211846E9
:10BAA00097ED1F0AF9F752FA07F12C0319461048CF
:10BAB000F9F7E4F907F12C0319460E48F9F7DEF916
:10BAC0000D48F9F7DBF901231846B037BD4680BDB4
:10BAD00008060020D4AF0108ECAF010830B001081F
:10BAE00070B00108A4B00108E8950108E8B00108A9
:10BAF0007CB10108A4B10108D4B10108B0B58AB085
:10BB000006AF444B1B68012B94BF01230023FB733A
:10BB1000FB7B002B01D0002302E03E4B1B68013B66
:10BB2000BB603D4B1C683B4B1D683C4B1B783C4A43
:10BB300012783C4909683C480078059004913B49DB
:10BB4000039102920193FB7B00930A23BA68294672
:10BB50002046FFF747FD0346FB71314B00221A7068
:10BB6000FB7983F00103DBB2002B15D0304B0322AD
:10BB70001A700A20F9F708F9274B1968254B1A683B
:10BB8000FB7B002B01D02B4B00E02B4B0093BB68C1
:10BB90002A48F9F773F939E0FB7B002B02D01F4BE1
:10BBA00001221A701B4B1B680A2B0CD9204B032255
:10BBB0001A70194B19680B2300930A23012220489D
:10BBC000F9F75CF922E01F4B1B681F4A1360154B05
:10BBD00000221A60144B00221A70154B02221A70B0
:10BBE0000920F9F7D1F80C4B19680A4B1A68FB7B4E
:10BBF000002B01D00F4B00E00F4B144802900B4874
:10BC000001900093BB681248F9F738F91037BD4628
:10BC1000B0BD00BF1C2C0020182C00202A2C0020B6
:10BC2000292C0020242C0020282C0020C0D4010026
:10BC3000102C0020688F0108788F0108E0B10108FE
:10BC40002CB201082C2C0020202C0020D4950108B7
:10BC50009CB2010880B586B004AF0120F9F794F8D2
:10BC60003B1D1846F5F73EFC034683F00103DBB2AB
:10BC7000002B0FD00A20F9F787F83B7919467B791A
:10BC80001A46BB791846FB79009303461D48F9F71D
:10BC9000F5F833E01C4B1B78012B2ED01A4B1B7888
:10BCA000022B2AD0194B1B680133184A1360174B1B
:10BCB0001B68174A1360174B01221A60164B0022AB
:10BCC0001A70164B01221A70154B00221A60154B80
:10BCD00000221A700C4B01221A700D4B1968124B7E
:10BCE00002930B2301930A23009301230F4A104868
:10BCF000F9F7C4F8FFF702FF00E000BF0837BD46C0
:10BD000080BD00BF08B30108102C0020142C0020B7
:10BD1000182C00201C2C00202A2C0020292C00206C
:10BD2000242C0020282C0020C0D40100E895010814
:10BD300054B3010890B587B004AF2C4B1B78022B8D
:10BD40004ED12B4B1B682B491846FBF721F90346B4
:10BD500083F00103DBB2002B44D101F047F8024627
:10BD6000234B1B68D31A244A1360234B1B68A3F58B
:10BD7000EA33C03B7B607B68B3F5967F94BF0123B9
:10BD80000023DAB21D4B1A701C4B1B7883F00103A1
:10BD9000DBB2002B19D0154B03221A700A20F8F7DA
:10BDA000F3FF174B1968174B1A68164B1B68581C82
:10BDB000114B1B684FF49674029401930D4B009342
:10BDC00003461148F9F75AF80DE00E4B1B68013392
:10BDD0000C4A1360054B01221A70FFF78FFE02E038
:10BDE00000BF00E000BF0C37BD4690BD102C002006
:10BDF000202C0020C0D40100242C0020282C00205E
:10BE0000182C00201C2C0020DCB3010890B583B056
:10BE100000AFF8F7BBFD002009F0EEFC78600AF0F7
:10BE200025FD04460AF02EFD02467B6821460648A1
:10BE3000F9F724F8054B00221A700020F8F7A4FF48
:10BE400000BF0C37BD4690BD6CB40108040600204D
:10BE500080B584B000AF7860F8F798FD0120F8F75E
:10BE600093FF1748FFF766FA164B00221A7000205E
:10BE7000F8F78AFF0023FB72134B186807F10B01D8
:10BE80006423002207F006FFF860FB68002B04D152
:10BE9000FB7A012B01D1FFF7DDFEFFF74BFF0B4BC8
:10BEA0001B78032B06D0FB68002BE3D1074B1B78D4
:10BEB000002BDFD1054B00221A70FFF7A7FFD9E74F
:10BEC000B4B4010804060020FC050020102C00205A
:10BED00080B500AF1B4B1B68002B03D11A4B1B68AE
:10BEE000002B01D000232AE000220121012007F0CD
:10BEF000FDFD0346134A1360124B1B68002B01D152
:10BF000000231CE0114A0021114807F041FD0346BF
:10BF10000D4A13600C4B1B68002B09D1094B1B68A1
:10BF2000184607F015FF074B00221A60002306E0B1
:10BF3000084B01221A700020F8F726FF012318464B
:10BF400080BD00BFFC05002000060020F8B50108F8
:10BF500051BE00080406002080B582B000AF124B2D
:10BF60001B68002B04D0114B1B78DBB2002B01D0D7
:10BF7000002314E00D4B01221A700123FB710A4BC0
:10BF80001868F91D0023002207F024FE0346002B49
:10BF900004D0064B00221A70002300E0012318464B
:10BFA0000837BD4680BD00BFFC0500200406002008
:10BFB00080B400AF034B1B78DBB21846BD465DF87A
:10BFC000047B704704060020B0B582B000AF7860F3
:10BFD00039607B68002B0ED03B68002B0BD07A6851
:10BFE0003B6814461D460FCD0FC42B68236078684C
:10BFF00000F005F800E000BF0837BD46B0BD80B4D2
:10C0000083B000AF78607B68002B0CD07B684FF06A
:10C0100000025A617B684FF000029A617B684FF022
:10C020000002DA6100E000BF0C37BD465DF8047B1A
:10C03000704780B487B000AF786087ED000A7B68F6
:10C04000002B02D14FF0000372E07B68D3ED007A41
:10C0500097ED007A67EE277AC7ED047A7B6893ED57
:10C06000057A7B68D3ED016AD7ED007A66EEA77A90
:10C0700077EE277A7B68C3ED057A7B68D3ED057A86
:10C08000B0EEE77A7B68D3ED037AB4EEE77AF1EEAF
:10C0900010FA03DD7B684FF000025A617B6893ED74
:10C0A000027A7B68D3ED067AD7ED006A76EEE77AFE
:10C0B00067EE277AC7ED037A7B683A689A617B68F6
:10C0C00093ED057AD7ED047A77EE277A97ED037A28
:10C0D00077EE277AC7ED057A7B68D3ED047A97ED82
:10C0E000057AB4EEE77AF1EE10FA02DD7B681B699F
:10C0F0007B617B68D3ED047AF1EE677A97ED057A80
:10C10000B4EEE77AF1EE10FA06D57B68D3ED047A47
:10C11000F1EE677AC7ED057A7B6893ED077AD7ED84
:10C12000057A77EE677A7B68C3ED077A7B68DB690F
:10C1300007EE903AB0EE670A1C37BD465DF8047B07
:10C14000704780B483B000AF78607B68002B02D06A
:10C150007B68DB6901E04FF0000307EE903AB0EE38
:10C16000670A0C37BD465DF8047B7047B0B596B0E2
:10C1700000AF3A4B07F138041D460FCD0FC42B68B2
:10C18000236007F1380207F1180311461846FFF73C
:10C190001BFF07F11803B0EE000A1846FFF749FF2E
:10C1A00087ED150A07F11803BFEE000A1846FFF7DE
:10C1B00040FF87ED140A07F118031846FFF71FFF29
:10C1C000274B3C1D1D460FCD0FC42B6823603A1D25
:10C1D00007F1180311461846FFF7F6FE07F118039A
:10C1E000B7EE000A1846FFF724FF87ED130AD7EDD4
:10C1F000157AB0EE007A77EE877AF0EEE77A9FED67
:10C20000197AF4EEC77AF1EE10FA1FD5D7ED147A49
:10C21000B7EE007A77EE877AF0EEE77A9FED117A43
:10C22000F4EEC77AF1EE10FA10D5D7ED137AB1EE2D
:10C23000047A77EE877AF0EEE77A9FED0A7AF4EEE9
:10C24000C77AF1EE10FA01D5012300E0002303F0D4
:10C250000103DBB218465837BD46B0BDF4B401083F
:10C2600008B5010817B7D13880B582B000AF0023F8
:10C270007B60124B5B6C114A43F4804353640F4B59
:10C280005B6C03F480437B607B6800233B600B4B5B
:10C290001B6C0A4A43F080531364084B1B6C03F079
:10C2A00080533B603B6800220F216FF0010001F0DA
:10C2B000FBF900BF0837BD4680BD00BF0038024013
:10C2C00080B58AB000AF786007F1140300221A60CD
:10C2D0005A609A60DA601A617B681B68334A93423D
:10C2E0005FD100233B61324B5B6C314A43F4807376
:10C2F00053642F4B5B6C03F480733B613B690023F9
:10C30000FB602B4B1B6B2A4A43F001031363284B42
:10C310001B6B03F00103FB60FB6812237B610323AB
:10C32000BB610023FB6107F114031946214801F0AA
:10C330006FFD214B214A1A601F4B00225A601E4B91
:10C3400000229A601C4B0022DA601B4B4FF4806283
:10C350001A61194B4FF400625A61174B4FF40052A7
:10C360009A61154B4FF48072DA61134B00221A6206
:10C37000114B00225A62104801F0C0F90346002B0D
:10C3800001D0F8F76FFA7B680B4A9A630A4A7B6818
:10C39000936300220521122001F086F9122001F09A
:10C3A0009FF900BF2837BD4680BD00BF0020014077
:10C3B0000038024000000240C40000201064024027
:10C3C00080B58CB000AF786007F11C0300221A60C2
:10C3D0005A609A60DA601A617B681B68524A93421D
:10C3E0002DD10023BB61514B1B6B504A43F002031C
:10C3F00013634E4B1B6B03F00203BB61BB694FF42D
:10C40000C073FB6112233B6200237B620323BB6288
:10C410000423FB6207F11C031946454801F0F8FCB0
:10C4200000237B61414B1B6C404A43F400131364AF
:10C430003E4B1B6C03F400137B617B696FE07B68F0
:10C440001B683C4A93426AD100233B61374B1B6B0C
:10C45000364A43F002031363344B1B6B03F00203B1
:10C460003B613B694FF44063FB6112233B62012354
:10C470007B620023BB620423FB6207F11C031946A5
:10C480002B4801F0C5FC0023FB60284B1B6C274A9E
:10C4900043F480031364254B1B6C03F48003FB609F
:10C4A000FB68254B254A1A60234B4FF060625A60A7
:10C4B000214B40229A60204B0022DA601E4B4FF441
:10C4C00080621A611C4B00225A611B4B00229A6148
:10C4D000194B0022DA61184B00221A62164B002217
:10C4E0005A62154801F00AF90346002B01D0F8F70B
:10C4F000B9F97B68104A5A630F4A7B68936300223C
:10C500000521212001F0D0F8212001F0E9F80022D6
:10C510000521222001F0C8F8222001F0E1F800BF37
:10C520003037BD4680BD00BF005400400038024097
:10C530000004024000580040CC010020B8600240D6
:10C5400080B58AB000AF786007F1140300221A604A
:10C550005A609A60DA601A617B681B68194A9342D4
:10C560002BD100233B61184B5B6C174A43F480537B
:10C570005364154B5B6C03F480533B613B690023B0
:10C58000FB60114B1B6B104A43F0020313630E4B0D
:10C590001B6B03F00203FB60FB6838237B61022303
:10C5A000BB610123FB6103233B6205237B6207F12F
:10C5B00014031946054801F02BFC00BF2837BD467F
:10C5C00080BD00BF0030014000380240000402403E
:10C5D00080B58AB000AF786007F1140300221A60BA
:10C5E0005A609A60DA601A617B681B68274A934236
:10C5F0000ED100233B61264B5B6C254A43F00103BF
:10C600005364234B5B6C03F001033B613B6939E0EE
:10C610007B681B68B3F1804F34D10023FB601C4B57
:10C620001B6C1B4A43F001031364194B1B6C03F092
:10C630000103FB60FB680023BB60154B1B6B144AB6
:10C6400043F001031363124B1B6B03F00103BB6048
:10C65000BB684FF400437B610223BB610123FB6194
:10C6600000233B6201237B6207F11403194609484A
:10C6700001F0CEFB002205211C2001F015F81C2042
:10C6800001F02EF800BF2837BD4680BD00000140F4
:10C69000003802400000024080B584B000AF7860EE
:10C6A0007B681B680E4A934215D10023FB600D4B3B
:10C6B0005B6C0C4A43F0020353640A4B5B6C03F05F
:10C6C0000203FB60FB68002205212D2000F0ECFF37
:10C6D0002D2001F005F800BF1037BD4680BD00BF1A
:10C6E000000401400038024080B58AB000AF786095
:10C6F00007F1140300221A605A609A60DA601A6126
:10C700007B681B68244A93421FD100233B61234B63
:10C710001B6B224A43F001031363204B1B6B03F096
:10C7200001033B613B694FF4E0637B610223BB6122
:10C730000023FB6100233B6201237B6207F11403AA
:10C740001946174801F064FB22E07B681B68154A14
:10C7500093421DD10023FB60104B1B6B0F4A43F02B
:10C76000040313630D4B1B6B03F00403FB60FB68B6
:10C7700040237B610223BB610023FB6100233B62FA
:10C7800003237B6207F114031946074801F040FBBD
:10C7900000BF2837BD4680BD000001400038024080
:10C7A00000000240000401400008024080B58CB047
:10C7B00000AF786007F11C0300221A605A609A608B
:10C7C000DA601A617B681B68984A934240F0928055
:10C7D0000023BB61964B1B6C954A43F400331364F2
:10C7E000934B1B6C03F40033BB61BB6900237B617B
:10C7F0008F4B1B6B8E4A43F0010313638C4B1B6BF7
:10C8000003F001037B617B690C23FB6102233B6224
:10C8100000237B620323BB620723FB6207F11C0337
:10C820001946844801F0F4FA834B844A1A60824B1B
:10C830004FF000625A60804B40229A607E4B00228B
:10C84000DA607D4B4FF480621A617B4B00225A61A3
:10C85000794B00229A61784B0022DA61764B0022F4
:10C860001A62754B00225A62734800F047FF034674
:10C87000002B01D0F7F7F6FF7B686F4A5A636E4AC8
:10C880007B6893636E4B6F4A1A606D4B4FF000628A
:10C890005A606B4B00229A60694B0022DA60684B49
:10C8A0004FF480621A61664B00225A61644B002289
:10C8B0009A61634B4FF48072DA61614B00221A6215
:10C8C0005F4B00225A625E4800F018FF0346002BBF
:10C8D00001D0F7F7C7FF7B68594A9A63584A7B68CB
:10C8E000936300220521262000F0DEFE262000F0C2
:10C8F000F7FE97E07B681B68534A934240F09280B2
:10C9000000233B614A4B1B6C494A43F48023136468
:10C91000474B1B6C03F480233B613B690023FB60A6
:10C92000434B1B6B424A43F004031363404B1B6BA6
:10C9300003F00403FB60FB684FF44063FB610223D8
:10C940003B6200237B620323BB620723FB6207F188
:10C950001C0319463D4801F05BFA3D4B3D4A1A6005
:10C960003B4B4FF000625A60394B40229A60384B83
:10C970000022DA60364B4FF480621A61344B002299
:10C980005A61334B00229A61314B0022DA61304BFD
:10C9900000221A622E4B00225A622D4800F0AEFE91
:10C9A0000346002B01D0F7F75DFF7B68284A5A63E6
:10C9B000274A7B689363284B284A1A60264B4FF01E
:10C9C00000625A60244B00229A60234B0022DA60F6
:10C9D000214B4FF480621A611F4B00225A611E4B9B
:10C9E00000229A611C4B4FF48072DA611A4B0022CC
:10C9F0001A62194B00225A62174800F07FFE034664
:10CA0000002B01D0F7F72EFF7B68134A9A63124A76
:10CA10007B68936300220521272000F045FE272034
:10CA200000F05EFE00BF3037BD4680BD00440040D0
:10CA30000038024000000240E4030020A0600240F1
:10CA40004404002088600240004800400008024082
:10CA5000A404002058600240040500202860024021
:10CA600080B58EB000AF78600023FB620023BB620C
:10CA70000023FB60334B1B6C324A43F48073136416
:10CA8000304B1B6C03F48073FB60FB6807F11002F2
:10CA900007F114031146184603F05AFE3B6AFB6285
:10CAA000FB6A002B03D103F02BFE786304E003F054
:10CAB00027FE03465B007B637B6B234AA2FB0323B9
:10CAC0009B0C013BBB62214B214A1A601F4B40F279
:10CAD000E732DA601D4ABB6A53601C4B00221A61C0
:10CAE0001A4B00229A60194B00229A61174804F0F1
:10CAF00009FC034687F8333097F83330002B1BD1FD
:10CB0000124804F04FFC034687F8333097F833306F
:10CB1000002B11D12D2000F0E3FD7B680F2B08D8EE
:10CB2000002279682D2000F0BFFD0A4A7B6813605F
:10CB300002E0012387F8333097F83330184638374E
:10CB4000BD4680BD0038024083DE1B43342C0020EC
:10CB5000002000400400002080B400AF00BFFDE7CB
:10CB600080B400AF00BFFDE780B400AF00BFFDE7B9
:10CB700080B400AF00BFFDE780B400AF00BFFDE7A9
:10CB800080B400AF00BFBD465DF8047B7047000075
:10CB900080B500AF024800F0F1FE00BF80BD00BFCD
:10CBA0000405002080B500AF024800F0E7FE00BF9A
:10CBB00080BD00BFA404002080B500AF024800F093
:10CBC000DDFE00BF80BD00BF4404002080B500AF83
:10CBD000024800F0D3FE00BF80BD00BFE403002088
:10CBE00080B500AF024800F050F900BF80BD00BF23
:10CBF0007C00002080B500AF024804F0B4FD00BF07
:10CC000080BD00BFCC02002080B500AF024801F01B
:10CC10002BFC00BF80BD00BF7801002080B500AFB5
:10CC2000024801F092FD00BF80BD00BF78010020E6
:10CC300080B500AF024805F0E9FE00BF80BD00BF2F
:10CC40005C03002080B500AF024805F0DFFE00BFA6
:10CC500080BD00BFA003002080B500AF034804F0F2
:10CC600082FD034804F07FFD00BF80BD1403002057
:10CC7000342C002080B500AF024800F07FFE00BFDA
:10CC800080BD00BFCC01002080B500AF024800F09D
:10CC900075FE00BF80BD00BFC400002080B586B017
:10CCA00000AF7860144A154BD31A7B617B693B61F6
:10CCB000134B1B68002B02D1114B124A1A60104B08
:10CCC0001A687B6813443A699A4207D209F07AFFDE
:10CCD00003460C221A604FF0FF3309E0084B1B6833
:10CCE000FB60074B1A687B681344054A1360FB68B6
:10CCF00018461837BD4680BD000002200004000021
:10CD00007C2C0020B8DD012080B400AF064BD3F8A6
:10CD10008830054A43F47003C2F8883000BFBD462E
:10CD20005DF8047B704700BF00ED00E0DFF834D011
:10CD30000D480E490E4A002302E0D458C450043373
:10CD4000C4188C42F9D30B4A0B4C002301E013604A
:10CD50000432A242FBD3FFF7D7FF09F039FFF6F701
:10CD60007BFD7047000002200000002060000020D2
:10CD700098BA010860000020B4DD0120FEE7000041
:10CD800080B500AF0E4B1B680D4A43F4007313606F
:10CD90000B4B1B680A4A43F480631360084B1B6803
:10CDA000074A43F480731360032000F072FC0520EF
:10CDB000FFF756FEFFF758FA0023184680BD00BF64
:10CDC000003C024080B400AF064B1B781A46064B6D
:10CDD0001B681344044A136000BFBD465DF8047B22
:10CDE000704700BF08000020802C002080B400AFF6
:10CDF000034B1B681846BD465DF8047B704700BFB7
:10CE0000802C002080B584B000AF78600023FB73D5
:10CE10007B68002B01D1012333E07B681B6C002B66
:10CE200009D17868FFF74CFA7B6800225A647B6866
:10CE3000002283F83C207B681B6C03F01003002B5E
:10CE400018D17B681B6C23F4885323F0020343F052
:10CE500002027B681A64786800F068FA7B68002236
:10CE60005A647B681B6C23F0030343F001027B6868
:10CE70001A6401E00123FB737B68002283F83C20E5
:10CE8000FB7B18461037BD4680BD80B586B000AF2D
:10CE9000786000237B6100233B617B681B681B6813
:10CEA000FB607B681B685B68BB60FB6803F0020388
:10CEB0007B61BB6803F020033B617B69002B49D099
:10CEC0003B69002B46D07B681B6C03F01003002BE2
:10CED00005D17B681B6C43F400727B681A647B6825
:10CEE0001B689B6803F04053002B2BD17B681B7E93
:10CEF000002B27D17B681B68DB6A03F47003002BCF
:10CF000006D07B681B689B6803F48063002B19D1F3
:10CF10007B681B685A687B681B6822F020025A6095
:10CF20007B681B6C23F480727B681A647B681B6CC3
:10CF300003F48053002B05D17B681B6C43F0010286
:10CF40007B681A64786800F0B0F87B681B686FF043
:10CF500012021A60FB6803F004037B61BB6803F0F4
:10CF600080033B617B69002B57D03B69002B54D079
:10CF70007B681B6C03F01003002B05D17B681B6CD6
:10CF800043F400527B681A647B681B689B6803F457
:10CF90004013002B39D17B681B689B6B03F4401353
:10CFA000002B06D07B681B689B6803F48063002B12
:10CFB0002BD17B681B685B6803F48063002B24D152
:10CFC0007B681B689B6803F04053002B1DD17B6876
:10CFD0001B7E002B19D17B681B685A687B681B6815
:10CFE00022F080025A607B681B6C23F480527B68BD
:10CFF0001A647B681B6C03F48073002B05D17B687B
:10D000001B6C43F001027B681A64786800F08AFAAE
:10D010007B681B686FF00C021A60FB6803F0010369
:10D020007B61BB6803F040033B617B69002B17D039
:10D030003B69002B14D07B681B681B6803F001035D
:10D04000012B0DD17B681B6C43F480327B681A6422
:10D05000786800F034F87B681B686FF001021A6092
:10D06000FB6803F020037B61BB6803F080633B61D6
:10D070007B69002B15D03B69002B12D07B685B6C61
:10D0800043F002027B685A647B681B686FF02002E1
:10D090001A60786800F01DF87B681B686FF020024A
:10D0A0001A6000BF1837BD4680BD80B483B000AFA2
:10D0B000786000BF0C37BD465DF8047B704780B4D4
:10D0C00083B000AF786000BF0C37BD465DF8047BCD
:10D0D000704780B483B000AF786000BF0C37BD46A6
:10D0E0005DF8047B7047000080B485B000AF7860C5
:10D0F00039600023BB607B6893F83C30012B01D181
:10D10000022305E17B68012283F83C203B681B6811
:10D11000092B25D97B681B68D9683B681B689BB2C3
:10D120001A4613465B0013441E3B072202FA03F320
:10D13000DA437B681B680A40DA607B681B68D96841
:10D140003B689A683B681B689BB2184603465B00C5
:10D1500003441E3B9A407B681B680A43DA6022E066
:10D160007B681B6819693B681B689BB21A461346AB
:10D170005B001344072202FA03F3DA437B681B685F
:10D180000A401A617B681B6819693B689A683B68AA
:10D190001B689BB2184603465B0003449A407B68B9
:10D1A0001B680A431A613B685B68062B24D87B68BE
:10D1B0001B68596B3B685A6813469B001344053B38
:10D1C0001F2202FA03F3DA437B681B680A405A63A2
:10D1D0007B681B68596B3B681B689BB218463B68B1
:10D1E0005A6813469B001344053B00FA03F27B6820
:10D1F0001B680A435A634CE03B685B680C2B24D8DD
:10D200007B681B68196B3B685A6813469B00134484
:10D21000233B1F2202FA03F3DA437B681B680A40B0
:10D220001A637B681B68196B3B681B689BB21846C6
:10D230003B685A6813469B001344233B00FA03F2F1
:10D240007B681B680A431A6323E07B681B68D96A02
:10D250003B685A6813469B001344413B1F2202FA65
:10D2600003F3DA437B681B680A40DA627B681B6859
:10D27000D96A3B681B689BB218463B685A681346DC
:10D280009B001344413B00FA03F27B681B680A438E
:10D29000DA62224BFB607B681B68214A934209D10A
:10D2A0003B681B68122B05D1FB685B6843F4800266
:10D2B000FB685A607B681B68194A934223D13B681C
:10D2C0001B68102B03D03B681B68112B1BD1FB681C
:10D2D0005B6843F40002FB685A603B681B68102BD4
:10D2E00011D1104B1B68104AA2FB03239A0C134662
:10D2F0009B0013445B00BB6002E0BB68013BBB606A
:10D30000BB68002BF9D17B68002283F83C20002306
:10D3100018461437BD465DF8047B70470023014072
:10D32000002001400000002083DE1B4380B485B054
:10D3300000AF7860794BFB60FB685B6823F4403298
:10D34000FB685A60FB685A687B685B681A43FB6835
:10D350005A607B681B685A687B681B6822F480727D
:10D360005A607B681B6859687B681B691A027B6876
:10D370001B680A435A607B681B685A687B681B6895
:10D3800022F040725A607B681B6859687B689A6813
:10D390007B681B680A435A607B681B689A687B68D5
:10D3A0001B6822F400629A607B681B6899687B683E
:10D3B000DA687B681B680A439A607B689B6A584AF4
:10D3C000934222D07B681B689A687B681B6822F0B6
:10D3D00070629A607B681B6899687B689A6A7B6850
:10D3E0001B680A439A607B681B689A687B681B68A5
:10D3F00022F040529A607B681B6899687B68DA6A01
:10D400007B681B680A439A600FE07B681B689A6818
:10D410007B681B6822F070629A607B681B689A6860
:10D420007B681B6822F040529A607B681B689A6890
:10D430007B681B6822F002029A607B681B6899680F
:10D440007B681B7E5A007B681B680A439A607B6876
:10D4500093F82030002B1BD07B681B685A687B68D0
:10D460001B6842F400625A607B681B685A687B68DC
:10D470001B6822F460425A607B681B6859687B68AD
:10D480005B6A013B5A037B681B680A435A6007E0EA
:10D490007B681B685A687B681B6822F400625A60CC
:10D4A0007B681B68DA6A7B681B6822F47002DA62A8
:10D4B0007B681B68D96A7B68DB69013B1A057B685E
:10D4C0001B680A43DA627B681B689A687B681B6882
:10D4D00022F400729A607B681B6899687B6893F8F5
:10D4E00030305A027B681B680A439A607B681B686D
:10D4F0009A687B681B6822F480629A607B681B686C
:10D5000099687B685B699A027B681B680A439A602A
:10D5100000BF1437BD465DF8047B7047002301400F
:10D520000100000F80B483B000AF786000BF0C37FB
:10D53000BD465DF8047B704780B485B000AF78606D
:10D540007B6803F00703FB600C4BDB68BB60BA68C9
:10D550004FF6FF031340BB60FB681A02BB6813431E
:10D5600043F0BF6343F40033BB60044ABB68D3603D
:10D5700000BF1437BD465DF8047B704700ED00E046
:10D5800080B400AF044BDB681B0A03F007031846A6
:10D59000BD465DF8047B704700ED00E080B483B0C9
:10D5A00000AF0346FB7197F90730002B0BDBFB79CB
:10D5B00003F01F02074997F907305B09012000FAC1
:10D5C00002F241F8232000BF0C37BD465DF8047B12
:10D5D000704700BF00E100E080B483B000AF0346B5
:10D5E0003960FB7197F90730002B0ADB3B68DAB230
:10D5F0000C4997F907301201D2B20B4483F800238B
:10D600000AE03B68DAB20849FB7903F00F03043BF8
:10D610001201D2B20B441A7600BF0C37BD465DF83A
:10D62000047B704700E100E000ED00E080B489B0C9
:10D6300000AFF860B9607A60FB6803F00703FB6134
:10D64000FB69C3F10703042B28BF0423BB61FB69FB
:10D650000433062B02D9FB69033B00E000237B6106
:10D660004FF0FF32BB6902FA03F3DA43BB681A409A
:10D670007B699A404FF0FF317B6901FA03F3D9438C
:10D680007B680B40134318462437BD465DF8047B86
:10D69000704780B582B000AF78607868FFF74CFFC4
:10D6A00000BF0837BD4680BD80B586B000AF0346D9
:10D6B000B9607A60FB7300237B61FFF761FF7861DB
:10D6C0007A68B9687869FFF7B1FF024697F90F30B9
:10D6D00011461846FFF780FF00BF1837BD4680BDD2
:10D6E00080B582B000AF0346FB7197F9073018464A
:10D6F000FFF754FF00BF0837BD4680BD80B586B038
:10D7000000AF786000237B61FFF770FB38617B68B6
:10D71000002B01D1012399E07B68022283F8352098
:10D720007B68002283F834207B681B681A687B685A
:10D730001B6822F001021A600FE0FFF757FB024658
:10D740003B69D31A052B08D97B6820225A657B6870
:10D75000032283F83520032378E07B681B681B686D
:10D7600003F00103002BE8D17B681B681B687B6119
:10D770007A69384B13407B617B685A687B689B6889
:10D780001A437B68DB681A437B681B691A437B6812
:10D790005B691A437B689B691A437B68DB691A43A0
:10D7A0007B681B6A13437A6913437B617B685B6AFE
:10D7B000042B07D17B68DA6A7B681B6B13437A6999
:10D7C00013437B617B681B687A691A607B681B68FE
:10D7D0005B697B617B6923F007037B617B685B6A24
:10D7E0007A6913437B617B685B6A042B17D17B6882
:10D7F0009B6A7A6913437B617B68DB6A002B0ED0DE
:10D80000786800F089FA0346002B08D07B68402234
:10D810005A657B68012283F83520012316E07B6876
:10D820001B687A695A61786800F040FA0346FB6029
:10D830007B68DB6D3F229A40FB689A607B68002220
:10D840005A657B68012283F8352000231846183773
:10D85000BD4680BD3F8010F080B584B000AF7860D9
:10D860007B689B6DFB60FFF7C1FAB8607B6893F83B
:10D870003530DBB2022B08D07B6880225A657B688A
:10D88000002283F83420012352E07B681B681A6869
:10D890007B681B6822F016021A607B681B685A6955
:10D8A0007B681B6822F080025A617B681B6C002B2E
:10D8B00003D17B689B6C002B07D07B681B681A68C0
:10D8C0007B681B6822F008021A607B681B681A6874
:10D8D0007B681B6822F001021A6013E0FFF786FAEA
:10D8E0000246BB68D31A052B0CD97B6820225A65E7
:10D8F0007B68032283F835207B68002283F834207C
:10D90000032315E07B681B681B6803F00103002BF1
:10D91000E4D17B68DB6D3F229A40FB689A607B68AC
:10D92000012283F835207B68002283F8342000230D
:10D9300018461037BD4680BD80B483B000AF786014
:10D940007B6893F83530DBB2022B04D07B688022F1
:10D950005A6501230CE07B68052283F835207B683B
:10D960001B681A687B681B6822F001021A6000239A
:10D9700018460C37BD465DF8047B704780B586B00D
:10D9800000AF78600023BB608E4B1B688E4AA2FB01
:10D9900003239B0A7B617B689B6D3B613B691B6832
:10D9A000FB607B68DB6D08229A40FB681340002B0C
:10D9B0001AD07B681B681B6803F00403002B13D08C
:10D9C0007B681B681A687B681B6822F004021A6077
:10D9D0007B68DB6D08229A403B699A607B685B6DCF
:10D9E00043F001027B685A657B68DB6D01229A4037
:10D9F000FB681340002B12D07B681B685B6903F047
:10DA00008003002B0BD07B68DB6D01229A403B69C1
:10DA10009A607B685B6D43F002027B685A657B68A5
:10DA2000DB6D04229A40FB681340002B12D07B6808
:10DA30001B681B6803F00203002B0BD07B68DB6DB7
:10DA400004229A403B699A607B685B6D43F0040254
:10DA50007B685A657B68DB6D10229A40FB68134037
:10DA6000002B43D07B681B681B6803F00803002B66
:10DA70003CD07B68DB6D10229A403B699A607B68E2
:10DA80001B681B6803F48023002B18D07B681B687D
:10DA90001B6803F40023002B08D17B681B6C002B50
:10DAA00024D07B681B6C786898471FE07B689B6C70
:10DAB000002B1BD07B689B6C7868984716E07B68CE
:10DAC0001B681B6803F48073002B07D17B681B68FD
:10DAD0001A687B681B6822F008021A607B681B6C5E
:10DAE000002B03D07B681B6C786898477B68DB6DE4
:10DAF00020229A40FB681340002B00F08F807B6847
:10DB00001B681B6803F01003002B00F087807B6804
:10DB1000DB6D20229A403B699A607B6893F8353030
:10DB2000DBB2052B36D17B681B681A687B681B68E3
:10DB300022F016021A607B681B685A697B681B68B2
:10DB400022F080025A617B681B6C002B03D17B683A
:10DB50009B6C002B07D07B681B681A687B681B686E
:10DB600022F008021A607B68DB6D3F229A403B6915
:10DB70009A607B68012283F835207B68002283F855
:10DB800034207B681B6D002B7ED07B681B6D786812
:10DB9000984779E07B681B681B6803F48023002B9F
:10DBA0001DD07B681B681B6803F40023002B0DD17C
:10DBB0007B685B6C002B31D07B685B6C7868984726
:10DBC0002CE000BF00000020B5814E1B7B68DB6BA2
:10DBD000002B23D07B68DB6B786898471EE07B685E
:10DBE0001B681B6803F48073002B0FD17B681B68D4
:10DBF0001A687B681B6822F010021A607B68012299
:10DC000083F835207B68002283F834207B68DB6B47
:10DC1000002B03D07B68DB6B786898477B685B6D73
:10DC2000002B32D07B685B6D03F00103002B22D008
:10DC30007B68052283F835207B681B681A687B683F
:10DC40001B6822F001021A60BB680133BB607A696D
:10DC50009A4207D37B681B681B6803F00103002B03
:10DC6000F2D100E000BF7B68012283F835207B6899
:10DC7000002283F834207B68DB6C002B05D07B68A6
:10DC8000DB6C7868984700E000BF1837BD4680BD60
:10DC900080B483B000AF78607B6893F83530DBB236
:10DCA00018460C37BD465DF8047B704780B485B0DC
:10DCB00000AF78607B681B68DBB2103B144AA2FBA4
:10DCC00003231B09FB60134AFB6813441B781A46A5
:10DCD0007B68DA65FB68032B09D97B681B6823F432
:10DCE0007F7323F003031A1D7B689A6507E07B6846
:10DCF0001B6823F47F7323F003037A6893657B68C2
:10DD00009B6D18461437BD465DF8047B704700BF15
:10DD1000ABAAAAAA34B6010880B485B000AF786077
:10DD20000023FB737B689B6ABB607B689B69002B4D
:10DD30001FD1BB68032B56D801A252F823F000BFB5
:10DD400051DD000863DD000851DD0008E7DD000853
:10DD50007B68DB6A03F08073002B46D00123FB73E2
:10DD600043E07B68DB6AB3F1C07F40D10123FB73E2
:10DD70003DE07B689B69B3F5005F21D1BB68032B55
:10DD800037D801A252F823F099DD00089FDD000882
:10DD900099DD0008B1DD00080123FB7330E07B68EA
:10DDA000DB6A03F08073002B25D00123FB7322E094
:10DDB0007B68DB6AB3F1C07F1FD10123FB731CE0DA
:10DDC000BB68022B03D9BB68032B03D018E00123E7
:10DDD000FB7315E07B68DB6A03F08073002B0ED0C9
:10DDE0000123FB730BE000BF0AE000BF08E000BFA7
:10DDF00006E000BF04E000BF02E000BF00E000BF9B
:10DE0000FB7B18461437BD465DF8047B704700BFA6
:10DE100080B489B000AF7860396000237B61002353
:10DE20003B610023BB610023FB616BE10122FB69C5
:10DE300002FA03F37B613B681B687A6913403B611C
:10DE40003A697B699A4240F05A813B685B6803F00B
:10DE50000303012B05D03B685B6803F00303022B2F
:10DE600030D17B689B68BB61FB695B00032202FACF
:10DE700003F3DB43BA691340BB613B68DA68FB69B3
:10DE80005B0002FA03F3BA691343BB617B68BA69AA
:10DE90009A607B685B68BB610122FB6902FA03F34D
:10DEA000DB43BA691340BB613B685B681B0903F045
:10DEB0000102FB6902FA03F3BA691343BB617B6891
:10DEC000BA695A603B685B6803F00303032B17D001
:10DED0007B68DB68BB61FB695B00032202FA03F32A
:10DEE000DB43BA691340BB613B689A68FB695B001E
:10DEF00002FA03F3BA691343BB617B68BA69DA605B
:10DF00003B685B6803F00303022B23D1FB69DA084B
:10DF10007B68083253F82230BB61FB6903F00703CA
:10DF20009B000F2202FA03F3DB43BA691340BB6183
:10DF30003B681A69FB6903F007039B0002FA03F3CD
:10DF4000BA691343BB61FB69DA087B680832B969B7
:10DF500043F822107B681B68BB61FB695B000322EE
:10DF600002FA03F3DB43BA691340BB613B685B68A9
:10DF700003F00302FB695B0002FA03F3BA6913437F
:10DF8000BB617B68BA691A603B685B6803F4403325
:10DF9000002B00F0B4800023FB60604B5B6C5F4A99
:10DFA00043F4804353645D4B5B6C03F48043FB603C
:10DFB000FB685B4AFB699B08023352F82330BB6164
:10DFC000FB6903F003039B000F2202FA03F3DB4318
:10DFD000BA691340BB617B68524A93422BD07B687D
:10DFE000514A934225D07B68504A93421FD07B68A8
:10DFF0004F4A934219D07B684E4A934213D07B68B4
:10E000004D4A93420DD07B684C4A934207D07B68BF
:10E010004B4A934201D107230EE008230CE006236C
:10E020000AE0052308E0042306E0032304E00223BA
:10E0300002E0012300E00023FA6902F003029200EB
:10E040009340BA691343BB613549FB699B080233AE
:10E05000BA6941F823203B4B9B68BB613B69DB43BA
:10E06000BA691340BB613B685B6803F48013002B03
:10E0700003D0BA693B691343BB61324ABB69936001
:10E08000304BDB68BB613B69DB43BA691340BB6162
:10E090003B685B6803F40013002B03D0BA693B694B
:10E0A0001343BB61274ABB69D360264B5B68BB61E6
:10E0B0003B69DB43BA691340BB613B685B6803F4AF
:10E0C0000033002B03D0BA693B691343BB611D4A7F
:10E0D000BB6953601B4B1B68BB613B69DB43BA697F
:10E0E0001340BB613B685B6803F48033002B03D0B3
:10E0F000BA693B691343BB61124ABB691360FB6990
:10E100000133FB61FB690F2B7FF690AE00BF00BFB0
:10E110002437BD465DF8047B704700BF00380240DD
:10E1200000380140000002400004024000080240A4
:10E13000000C02400010024000140240001802408F
:10E14000001C0240003C014080B485B000AF786004
:10E150000B467B807B681A697B881340002B02D0BA
:10E160000123FB7301E00023FB73FB7B184614378C
:10E17000BD465DF8047B704780B483B000AF786023
:10E180000B467B8013467B707B78002B03D07A880C
:10E190007B689A6103E07B881A047B689A6100BF00
:10E1A0000C37BD465DF8047B704780B485B000AF86
:10E1B00078600B467B807B685B69FB607A88FB68D4
:10E1C00013401A04FB68D9437B880B401A437B68D1
:10E1D0009A6100BF1437BD465DF8047B70470000AC
:10E1E00080B584B000AF78607B68002B01D101233B
:10E1F0002BE17B6893F83D30DBB2002B06D17B68C6
:10E20000002283F83C207868FEF7DAF87B68242245
:10E2100083F83D207B681B681A687B681B6822F0C6
:10E2200001021A607B681B681A687B681B6842F4ED
:10E2300000421A607B681B681A687B681B6822F4BE
:10E2400000421A6002F05CFAF8607B685B68814A01
:10E25000934207D8FB68804A934294BF012300236E
:10E26000DBB206E0FB687D4A934294BF01230023A2
:10E27000DBB2002B01D00123E7E0FB68784AA2FB68
:10E2800003239B0CBB607B681B685B6823F03F012A
:10E290007B681B68BA680A435A607B681B681B6A04
:10E2A00023F03F017B685B686A4A934202D8BB68EF
:10E2B000013309E0BB684FF4967202FB03F3694A2D
:10E2C000A2FB03239B0901337A6812680B43136294
:10E2D0007B681B68DB6923F44F4222F0FF027B68F6
:10E2E0005B685C498B4219D8FB68591E7B685B6888
:10E2F0005B00B1FBF3F3591C40F6FC730B40002BA1
:10E300000AD0FB68591E7B685B685B00B1FBF3F3C6
:10E310000133C3F30B0351E004234FE07B689B6898
:10E32000002B11D1FB68581E7B6859680B465B00B7
:10E330000B44B0FBF3F30133C3F30B03002B0CBF0F
:10E3400001230023DBB212E0FB68581E7B6859688A
:10E350000B469B000B4499000B44B0FBF3F30133D5
:10E36000C3F30B03002B0CBF01230023DBB2002BF4
:10E3700001D0012322E07B689B68002B0ED1FB6853
:10E38000581E7B6859680B465B000B44B0FBF3F3E7
:10E390000133C3F30B0343F400430FE0FB68581E43
:10E3A0007B6859680B469B000B4499000B44B0FBFB
:10E3B000F3F30133C3F30B0343F440437968096873
:10E3C0001343CB617B681B681B6823F0C0017B682B
:10E3D000DA697B681B6A1A437B681B680A431A6008
:10E3E0007B681B689B6823F4034323F0FF037A6870
:10E3F00011697A68D26811437A6812680B43936096
:10E400007B681B68DB6823F0FF017B685A697B68C7
:10E410009B691A437B681B680A43DA607B681B6848
:10E420001A687B681B6842F001021A607B68002250
:10E430001A647B68202283F83D207B6800221A63DF
:10E440007B68002283F83E20002318461037BD4623
:10E4500080BD00BFA08601007F841E00FF083D0034
:10E4600083DE1B43D34D621080B588B000AF786067
:10E470000023BB617B681B685B687B617B68DB6A30
:10E480003B617B6893F83E30FB737B6893F83D30CB
:10E49000BB73FB7B102B03D0FB7B402B40F0C18078
:10E4A0007B681B689B69BB617B681B685B69FB6160
:10E4B000FB6903F00103002B0DD13B69B3F52A0F73
:10E4C00003D03B69B3F12A4F01D1012300E00023BF
:10E4D000012B00F03281FB6903F00103002B0CD00B
:10E4E0007B695B0A03F00103002B06D0786801F01A
:10E4F0007BFC786800F083FD92E0FB69DB0803F0A9
:10E500000103002B09D07B695B0A03F00103002B98
:10E5100003D0786800F0F9FD82E0FB695B0803F046
:10E520000103002B09D07B695B0A03F00103002B78
:10E5300003D0786800F013FE72E0BB699B0803F01B
:10E540000103002B3BD07B681B685B6803F400630E
:10E55000B3F5006F00F0F380FB69DB0903F0010302
:10E56000002B0FD07B699B0A03F00103002B09D01D
:10E57000FB699B0803F00103002B03D1786800F0CE
:10E58000F3F94DE0FB699B0803F00103002B00F059
:10E59000D6807B695B0A03F00103002B00F0CF807B
:10E5A000BB7B212B03D1786800F07AFAC7E0FB7BB4
:10E5B000402B40F0C480786800F0E8FABFE07B6848
:10E5C0001B685B6803F40063B3F5006F00F0B7806D
:10E5D000FB699B0903F00103002B0FD07B699B0AA9
:10E5E00003F00103002B09D0FB699B0803F0010332
:10E5F000002B03D1786800F05DFB11E0FB699B08FC
:10E6000003F00103002B00F09A807B695B0A03F0A2
:10E610000103002B00F09380786800F006FC8EE088
:10E620008DE07B681B6C002B04D07B681B685B69EA
:10E63000FB6107E07B681B689B69BB617B681B68AB
:10E640005B69FB61FB695B0803F00103002B12D0DF
:10E650007B695B0A03F00103002B0CD07B681B6C09
:10E66000002B03D07B681B689B69BB61B969786824
:10E6700000F0C4FF66E0FB691B0903F00103002BF7
:10E6800009D07B695B0A03F00103002B03D0786893
:10E6900000F0FEFF56E0BB7B212B02D0BB7B292B79
:10E6A00025D1FB69DB0903F00103002B0FD07B6947
:10E6B0009B0A03F00103002B09D0FB699B0803F0C0
:10E6C0000103002B03D1786800F0DAFE39E0FB6922
:10E6D0009B0803F00103002B33D07B695B0A03F036
:10E6E0000103002B2DD0786800F007FF29E0FB69BB
:10E6F0009B0903F00103002B0FD07B699B0A03F0F9
:10E700000103002B09D0FB699B0803F00103002BD8
:10E7100003D1786800F012FF14E0FB699B0803F056
:10E720000103002B0ED07B695B0A03F00103002B71
:10E7300008D0786800F040FF04E000BF02E000BFAE
:10E7400000E000BF2037BD4680BD80B58AB000AF75
:10E7500078607B681B685B693B627B681B685B68F1
:10E76000FB6100237B627B6893F83E30FB763B6A5B
:10E770001B0A03F00103002B0ED0FB691B0A03F0F8
:10E780000103002B08D07B6A43F001037B627B68A6
:10E790001B686FF480725A613B6A5B0A03F00103E5
:10E7A000002B0ED0FB691B0A03F00103002B08D0DD
:10E7B0007B6A43F002037B627B681B686FF4007224
:10E7C0005A613B6A9B0A03F00103002B3FD0FB69AF
:10E7D0001B0A03F00103002B39D0FB7EBB767B685C
:10E7E0005B8D9BB27B617B6893F83D30FB747B68EB
:10E7F0001B6BFB60BB7E202B12D17B69002B0FD1E2
:10E80000FB7C212B08D0FB7C292B05D0FB7C282B03
:10E8100006D1FB68212B03D1786801F069F816E076
:10E820007B681B686FF480625A617B6A43F0040363
:10E830007B62FB7E102B02D0FB7E402B07D17B68D6
:10E840001B681A687B681B6842F400721A603B6A96
:10E85000DB0A03F00103002B0ED0FB691B0A03F057
:10E860000103002B08D07B6A43F008037B627B68BE
:10E870001B686FF400625A617B6A002B08D07B68CA
:10E880001A6C7B6A1A437B681A64786801F0A0F8F6
:10E8900000BF2837BD4680BD80B483B000AF78602C
:10E8A00000BF0C37BD465DF8047B704780B483B071
:10E8B00000AF786000BF0C37BD465DF8047B704741
:10E8C00080B483B000AF786000BF0C37BD465DF800
:10E8D000047B704780B483B000AF786000BF0C3712
:10E8E000BD465DF8047B704780B483B000AF7860AC
:10E8F0000B46FB7013463B8000BF0C37BD465DF8EE
:10E90000047B704780B483B000AF786000BF0C37E1
:10E91000BD465DF8047B704780B483B000AF78607B
:10E9200000BF0C37BD465DF8047B704780B483B0F0
:10E9300000AF786000BF0C37BD465DF8047B7047C0
:10E9400080B483B000AF786000BF0C37BD465DF87F
:10E95000047B704780B483B000AF786000BF0C3791
:10E96000BD465DF8047B704780B584B000AF786029
:10E970007B6893F83D30FB737B6893F83E30BB7344
:10E980007B68DB6ABB607B681B8D002B50D1FB7BF7
:10E99000212B4DD1BB68082B1DD0BB68202B1AD072
:10E9A000BB6813F5803F16D07B681B685A687B688C
:10E9B0001B6822F4E0625A607B6811221A637B684C
:10E9C000002283F83E207B68202283F83D2078686F
:10E9D000FFF762FF60E07B681B685A687B681B6812
:10E9E00022F4E0625A607B681B681A687B681B68C7
:10E9F00042F400721A607B6800221A637B6820224E
:10EA000083F83D207B6893F83E30DBB2402B07D182
:10EA10007B68002283F83E207868FFF77DFF3BE0AB
:10EA20007B68002283F83E207868FFF735FF33E0EB
:10EA3000FB7B212B05D0BB7B402B2DD1FB7B222BDD
:10EA40002AD17B685B8D9BB2002B08D17B681B6849
:10EA50005A687B681B6822F480625A601CE07B68FD
:10EA600093F83E30DBB2402B03D1786800F08EF88B
:10EA700012E07B685B6A1A787B681B681A617B68A6
:10EA80005B6A5A1C7B685A627B685B8D9BB2013B58
:10EA90009AB27B685A85FFE700BF1037BD4680BD3C
:10EAA00080B584B000AF78607B68DB6AFB607B6810
:10EAB00093F83D30DBB2212B64D17B685B8D9BB238
:10EAC000002B12D07B685B6A1A787B681B681A611E
:10EAD0007B685B6A5A1C7B685A627B685B8D9BB261
:10EAE000013B9AB27B685A854CE0FB68082B1DD02D
:10EAF000FB68202B1AD0FB6813F5803F16D07B688B
:10EB00001B685A687B681B6822F4E0625A607B6865
:10EB100011221A637B68002283F83E207B68202242
:10EB200083F83D207868FFF7B7FE2BE07B681B6811
:10EB30005A687B681B6822F4E0625A607B681B6835
:10EB40001A687B681B6842F400721A607B680022B6
:10EB50001A637B68202283F83D207B6893F83E305F
:10EB6000DBB2402B07D17B68002283F83E20786817
:10EB7000FFF7D2FE06E07B68002283F83E2078682B
:10EB8000FFF78AFE00BF1037BD4680BD80B584B058
:10EB900000AF78607B6893F83D30FB737B681B6D3A
:10EBA000002B1DD17B68DB6C012B0BD17B689B6C30
:10EBB000DAB27B681B681A617B681B6D9A1C7B68E4
:10EBC0001A6573E07B689B6C9BB21B12DAB27B68A0
:10EBD0001B681A617B681B6D5A1C7B681A6565E0AF
:10EBE0007B681B6D012B0BD17B689B6CDAB27B6859
:10EBF0001B681A617B681B6D5A1C7B681A6555E09F
:10EC00007B681B6D022B51D1FB7B222B0DD17B68C6
:10EC10001B681A687B681B6842F480721A607B6804
:10EC20001B6D5A1C7B681A6540E07B685B8D9BB24C
:10EC3000002B15D0FB7B212B12D17B685B6A1A78E5
:10EC40007B681B681A617B685B6A5A1C7B685A6226
:10EC50007B685B8D9BB2013B9AB27B685A8525E04D
:10EC60007B685B8D9BB2002B20D1FB7B212B1DD1C0
:10EC70007B681B685A687B681B6822F4E0625A60F4
:10EC80007B681B681A687B681B6842F400721A6014
:10EC90007B6800221A637B68202283F83D207B6812
:10ECA000002283F83E207868FFF736FE00BF103759
:10ECB000BD4680BD80B584B000AF78607B6893F8B6
:10ECC0003D30DBB2222B40F0AC807B685B8D9BB289
:10ECD000FB60FB68032B21D97B681B681A697B6882
:10ECE0005B6AD2B21A707B685B6A5A1C7B685A6294
:10ECF0007B685B8D9BB2013B9AB27B685A857B68CF
:10ED00005B8D9BB2032B40F08C807B681B685A683C
:10ED10007B681B6822F480625A6082E07B68DB6A51
:10ED2000022B75D0FB68012B02D0FB68002B6FD142
:10ED3000786801F027F80346002B42D17B681B68F6
:10ED40001A687B681B6822F480621A607B681B6803
:10ED50005A687B681B6822F4E0625A607B681B6813
:10ED60001A697B685B6AD2B21A707B685B6A5A1C4C
:10ED70007B685A627B685B8D9BB2013B9AB27B6871
:10ED80005A857B68202283F83D207B6893F83E30CB
:10ED9000DBB2402B0AD17B68002283F83E207B68DF
:10EDA00000221A637868FFF7C1FD3AE07B68002211
:10EDB00083F83E207B6812221A637868FFF776FD9D
:10EDC0002FE07B681B685A687B681B6822F4E0624E
:10EDD0005A607B681B681A697B685B6AD2B21A70DA
:10EDE0007B685B6A5A1C7B685A627B685B8D9BB24E
:10EDF000013B9AB27B685A857B68202283F83D20CC
:10EE00007B68002283F83E207868FFF799FD08E0D0
:10EE10007B681B685A687B681B6822F480625A60B2
:10EE2000FFE700BF1037BD4680BD80B584B000AF9E
:10EE300078607B68DB6AFB607B685B8D9BB2042B30
:10EE40001BD17B681B685A687B681B6822F4806250
:10EE50005A607B681B681A697B685B6AD2B21A7059
:10EE60007B685B6A5A1C7B685A627B685B8D9BB2CD
:10EE7000013B9AB27B685A85BDE07B685B8D9BB293
:10EE8000032B29D17B681B685A687B681B6822F4B6
:10EE900080625A60FB68042B0AD0FB68022B07D003
:10EEA0007B681B681A687B681B6822F480621A60A2
:10EEB0007B681B681A697B685B6AD2B21A707B68D0
:10EEC0005B6A5A1C7B685A627B685B8D9BB2013B14
:10EED0009AB27B685A858EE07B685B8D9BB2022B71
:10EEE00076D1FB68012B02D0FB68102B08D17B6820
:10EEF0001B681A687B681B6822F480621A6019E03C
:10EF0000FB68042B02D0FB68022B08D17B681B68CE
:10EF10001A687B681B6842F480621A600AE0FB682A
:10EF2000102B07D07B681B681A687B681B6842F44B
:10EF300000721A607B681B681A697B685B6AD2B2D0
:10EF40001A707B685B6A5A1C7B685A627B685B8DAF
:10EF50009BB2013B9AB27B685A857B681B681A6931
:10EF60007B685B6AD2B21A707B685B6A5A1C7B68EA
:10EF70005A627B685B8D9BB2013B9AB27B685A8573
:10EF80007B681B685A687B681B6822F440725A6071
:10EF90007B68202283F83D207B6893F83E30DBB20B
:10EFA000402B0AD17B68002283F83E207B68002238
:10EFB0001A637868FFF7BAFC1DE07B68002283F8CB
:10EFC0003E207B6812221A637868FFF76FFC12E01C
:10EFD0007B681B681A697B685B6AD2B21A707B68AF
:10EFE0005B6A5A1C7B685A627B685B8D9BB2013BF3
:10EFF0009AB27B685A8500BF1037BD4680BD80B489
:10F0000083B000AF78607B6893F83E30DBB2402B72
:10F0100017D17B681B6D002B09D17B685B6CDBB261
:10F020001A467B681B6802F0FE021A6167E07B6883
:10F030005B6CDBB243F00103DAB27B681B681A61D8
:10F040005DE07B681B69B3F5804F33D17B6893F833
:10F050003D30DBB2212B09D17B685B6CDBB21A46F9
:10F060007B681B6802F0FE021A6108E07B685B6C3B
:10F07000DBB243F00103DAB27B681B681A617B687C
:10F080005B6B002B04D07B685B6BDB6B002B08D1C8
:10F090007B689B6B002B32D07B689B6BDB6B002B00
:10F0A0002DD07B681B685A687B681B6842F400623D
:10F0B0005A6024E07B681B6D002B0ED17B685B6C73
:10F0C0009BB2DB11DBB203F00603DBB263F00F038C
:10F0D000DAB27B681B681A6111E07B681B6D012B3B
:10F0E0000DD17B685B6C9BB2DB11DBB203F00603D6
:10F0F000DBB263F00E03DAB27B681B681A6100BFF3
:10F100000C37BD465DF8047B704780B483B000AF18
:10F1100078607B685B6CDAB27B681B681A617B681D
:10F120005B6B002B04D07B685B6BDB6B002B08D127
:10F130007B689B6B002B0CD07B689B6BDB6B002B85
:10F1400007D07B681B685A687B681B6842F40062C2
:10F150005A6000BF0C37BD465DF8047B704780B431
:10F1600091B000AF78607B6893F83E3087F83F300D
:10F170007B68DB6ABB637B681B6B7B637B6893F894
:10F180003D30DBB2222B40F069817B681B6D002B88
:10F190000FD197F83F30402B0BD100233B637B68A6
:10F1A0001B685B693B637B681B689B693B633B6BCC
:10F1B00060E17B681B6D002B1DD17B681B69B3F57B
:10F1C000404F18D10023FB627B681B685B69FB62C0
:10F1D0007B681B689B69FB62FB6A7B681B681A681B
:10F1E0007B681B6842F480721A607B681B6D5A1C36
:10F1F0007B681A653EE17B685B8D9BB2002B13D167
:10F200000023BB627B681B685B69BB627B681B6811
:10F210009B69BB62BB6A7B681B681A687B681B685A
:10F2200042F400721A6015E17B685B8D9BB2012B82
:10F2300040F08A80BB6B13F5803F37D17B681B6839
:10F240001A687B681B6822F480621A607B681B68FE
:10F250005B6803F40063B3F5006F13D17B681B6830
:10F260001A687B681B6822F480621A6000237B6244
:10F270007B681B685B697B627B681B689B697B6240
:10F280007B6AE7E000233B627B681B685B693B624B
:10F290007B681B689B693B623B6A7B681B681A68DA
:10F2A0007B681B6842F400721A60D3E0BB6B082BCA
:10F2B0002ED0BB6B202B2BD07B6B122B02D1BB6BC8
:10F2C000012B25D1BB6B042B0ED0BB6B022B0BD0BB
:10F2D000BB6B102B08D07B681B681A687B681B68A7
:10F2E00022F480621A6007E07B681B681A687B68FA
:10F2F0001B6842F480621A600023FB617B681B6814
:10F300005B69FB617B681B689B69FB61FB69A1E032
:10F310007B681B681A687B681B6822F480621A602D
:10F320000023BB617B681B685B69BB617B681B68F2
:10F330009B69BB61BB697B681B681A687B681B683B
:10F3400042F400721A6085E07B685B8D9BB2022BF1
:10F350004DD1BB6B042B16D0BB6B022B13D0BB6BF8
:10F36000102B10D07B681B681A687B681B6822F41E
:10F3700080621A607B681B681A687B681B6842F4AD
:10F3800000621A6007E07B681B681A687B681B686C
:10F3900042F480621A607B681B685B6803F4006358
:10F3A000B3F5006F17D1BB6B13F5803F0BD0BB6B70
:10F3B000012B08D0BB6B082B05D0BB6B102B02D0E8
:10F3C000BB6B202B07D17B681B685A687B681B6866
:10F3D00042F480525A6000237B617B681B685B6942
:10F3E0007B617B681B689B697B617B6932E07B6822
:10F3F0001B681A687B681B6842F480621A607B682D
:10F400001B685B6803F40063B3F5006F17D1BB6B37
:10F4100013F5803F0BD0BB6B012B08D0BB6B082BC7
:10F4200005D0BB6B102B02D0BB6B202B07D17B68A8
:10F430001B685A687B681B6842F480525A6000233C
:10F440003B617B681B685B693B617B681B689B69F0
:10F450003B613B697B6800221A650BE00023FB607F
:10F460007B681B685B69FB607B681B689B69FB6052
:10F47000FB68FFE700BF4437BD465DF8047B70477B
:10F4800080B584B000AF78607B6893F83D30FB7343
:10F490007B685B8D9BB2002B2BD07B685B6A1A78F4
:10F4A0007B681B681A617B685B6A5A1C7B685A62BE
:10F4B0007B685B8D9BB2013B9AB27B685A857B6807
:10F4C0005B8D9BB2002B14D1FB7B292B11D17B6868
:10F4D0001B685A687B681B6822F480625A607B68EC
:10F4E00021221A637B68282283F83D207868FFF781
:10F4F000E7F900BF1037BD4680BD80B483B000AFD0
:10F5000078607B685B8D9BB2002B11D07B685B6A57
:10F510001A787B681B681A617B685B6A5A1C7B6877
:10F520005A627B685B8D9BB2013B9AB27B685A85BD
:10F5300000BF0C37BD465DF8047B704780B584B0D2
:10F5400000AF78607B6893F83D30FB737B685B8D20
:10F550009BB2002B2CD07B681B681A697B685B6AA6
:10F56000D2B21A707B685B6A5A1C7B685A627B68ED
:10F570005B8D9BB2013B9AB27B685A857B685B8D41
:10F580009BB2002B14D1FB7B2A2B11D17B681B680B
:10F590005A687B681B6822F480625A607B6822226A
:10F5A0001A637B68282283F83D207868FFF792F978
:10F5B00000BF1037BD4680BD80B483B000AF786017
:10F5C0007B685B8D9BB2002B12D07B681B681A692D
:10F5D0007B685B6AD2B21A707B685B6A5A1C7B6874
:10F5E0005A627B685B8D9BB2013B9AB27B685A85FD
:10F5F00000BF0C37BD465DF8047B704780B584B012
:10F6000000AF786039600023FB737B6893F83D306E
:10F61000DBB203F02803282B27D17B681B685A68CC
:10F620007B681B6822F480625A603B689B0803F089
:10F630000103002B01D10123FB733B68DB0903F0BD
:10F640000103002B03D17B68DB68BB8102E07B6890
:10F650009B69BB817B68002283F83C20BA89FB7BD5
:10F6600019467868FFF740F90EE00023BB607B681D
:10F670001B685B69BB607B681B689B69BB60BB6880
:10F680007B68002283F83C2000BF1037BD4680BD58
:10F6900080B584B000AF78607B6893F83D30FB7331
:10F6A0007B681B685A687B681B6822F4E0625A60BA
:10F6B0000023BB607B681B685B69BB607B681B6861
:10F6C0001A687B681B6842F001021A60BB687B689D
:10F6D0001B681A687B681B6822F480621A607B686A
:10F6E0001B685B6803F40063B3F5006F72D1FB7BAA
:10F6F000222B02D0FB7B2A2B35D17B689B6B1B68AE
:10F700005B689AB27B685A857B685B8D9BB2002BE5
:10F7100005D07B681B6C43F004027B681A647B682D
:10F720001B685A687B681B6822F400625A607B6819
:10F730009B6B1846FEF7ACFA0346012B49D07B6859
:10F740009B6B694A1A657B689B6B1846FEF7F4F859
:10F750000346002B3DD07B689B6B1B6D7A68926BD8
:10F760001046984735E07B685B6B1B685B689AB214
:10F770007B685A857B685B8D9BB2002B05D07B68CC
:10F780001B6C43F004027B681A647B681B685A6830
:10F790007B681B6822F400625A607B685B6B1846CA
:10F7A000FEF776FA0346012B14D07B685B6B4E4A5A
:10F7B0001A657B685B6B1846FEF7BEF80346002BA4
:10F7C00008D07B685B6B1B6D7A68526B104698475C
:10F7D00000E000BF7B685B8D9BB2002B3ED07B6856
:10F7E0001B685B6903F00403042B12D17B681B6860
:10F7F0001A697B685B6AD2B21A707B685B6A5A1CB2
:10F800007B685A627B685B8D9BB2013B9AB27B68D6
:10F810005A857B681B685B6903F04003402B12D15B
:10F820007B681B681A697B685B6AD2B21A707B6856
:10F830005B6A5A1C7B685A627B685B8D9BB2013B9A
:10F840009AB27B685A857B685B8D9BB2002B05D092
:10F850007B681B6C43F004027B681A647B681B6C3A
:10F86000002B03D0786800F0B3F839E0FB7B2A2B3B
:10F8700009D17B6800221A637B68282283F83D2027
:10F880007868FFF727F87B6893F83D30DBB2282BC8
:10F8900011D17B68154ADA627B6800221A637B68A3
:10F8A000202283F83D207B68002283F83E20786880
:10F8B000FFF728F814E07B681B6B222B02D0FB7B40
:10F8C000222B0DD17B6800221A637B68202283F8EB
:10F8D0003D207B68002283F83E207868FEF7FAFF1F
:10F8E00000BF1037BD4680BD35FC00080000FFFF9B
:10F8F00080B584B000AF78607B6893F83D30FB73CF
:10F900007B68DB6ABB60BB68082B02D0BB68202B1E
:10F9100029D1FB7B282B26D17B682C4ADA627B68B5
:10F920001B685A687B681B6822F4E0625A607B6837
:10F930001B686FF480625A617B681B681A687B6879
:10F940001B6822F480621A607B6800221A637B685D
:10F95000202283F83D207B68002283F83E207868CF
:10F96000FEF7D0FF2EE0FB7B212B26D17B68174AC8
:10F97000DA627B6821221A637B68202283F83D20AB
:10F980007B68002283F83E207B681B685A687B688E
:10F990001B6822F4E0625A607B681B686FF4806227
:10F9A0005A617B681B681A687B681B6822F4806256
:10F9B0001A607868FEF784FF04E07B681B686FF4C8
:10F9C00080625A6100BF1037BD4680BD0000FFFF56
:10F9D00080B584B000AF78607B6893F83D30FB73EE
:10F9E0007B6893F83E30BB73BB7B102B02D0BB7B94
:10F9F000402B0AD1FB7B222B07D17B681B681A683E
:10FA00007B681B6822F400621A60FB7B03F028030A
:10FA1000282B07D17B6800221A637B68282283F891
:10FA20003D2015E07B681B685B6803F40063B3F559
:10FA3000006F0AD0FB7B602B07D07B68202283F805
:10FA40003D207B68002283F83E207B6800221A63F9
:10FA50007B681B685B6803F40063B3F5006F62D1D9
:10FA60007B681B685A687B681B6822F400625A60D6
:10FA70007B685B6B93F83530DBB2012B20D07B6861
:10FA80005B6B6A4A1A657B685B6B1846FDF754FF2F
:10FA90000346002B00F089807B681B681A687B682E
:10FAA0001B6822F001021A607B68202283F83D2047
:10FAB0007B685B6B1B6D7A68526B1046984774E0ED
:10FAC0007B689B6B594A1A657B689B6B1846FDF7F0
:10FAD00033FF0346002B68D07B681B685B6903F02B
:10FAE0004003402B0BD17B681B681A697B685B6AFB
:10FAF000D2B21A707B685B6A5A1C7B685A627B6858
:10FB00001B681A687B681B6822F001021A607B6818
:10FB1000202283F83D207B689B6B1B6D7A68926B7B
:10FB20001046984741E07B6893F83D30DBB2602B8C
:10FB300025D17B68202283F83D207B6800221A644F
:10FB40007B681B685B6903F04003402B0BD17B682B
:10FB50001B681A697B685B6AD2B21A707B685B6A41
:10FB60005A1C7B685A627B681B681A687B681B6832
:10FB700022F001021A607868FEF7ECFE15E07B685F
:10FB80001B685B6903F04003402B0BD17B681B684B
:10FB90001A697B685B6AD2B21A707B685B6A5A1C0E
:10FBA0007B685A627868FEF7CBFE7B681B6CBB6093
:10FBB000BB6803F00103002B0ED1BB6803F0020306
:10FBC000002B09D1BB6803F00403002B04D1BB68F0
:10FBD00003F00803002B07D07B681B685A687B681A
:10FBE0001B6822F4E0625A607B6893F83D30FB7337
:10FBF0007B681B6C03F00403042B13D1FB7B282BC5
:10FC000010D17B680A4ADA627B6800221A637B683B
:10FC1000202283F83D207B68002283F83E2078680C
:10FC2000FEF770FE00BF1037BD4680BD35FC0008F2
:10FC30000000FFFF80B586B000AF78600023FB6056
:10FC40007B689B6B7B617B6993F83D30FB744B4B0E
:10FC50001B68DB084A4AA2FB03231A0A13469B00CF
:10FC60001344DA00D31AFB60FB68002B06D17B69D2
:10FC70001B6C43F020027B691A640AE0FB68013BBD
:10FC8000FB607B691B681B6803F40073B3F5007F9E
:10FC9000EAD07B695B6B002B03D07B695B6B002236
:10FCA000DA637B699B6B002B03D07B699B6B002223
:10FCB000DA637B691B681A687B691B6822F48062BF
:10FCC0001A607B6900225A857B695B6B002B03D02D
:10FCD0007B695B6B00221A657B699B6B002B03D0F1
:10FCE0007B699B6B00221A657B691B681A687B69BC
:10FCF0001B6822F001021A607B6993F83D30DBB289
:10FD0000602B0ED17B69202283F83D207B69002285
:10FD100083F83E207B6900221A647869FEF71AFE98
:10FD200027E0FB7C03F02803282B17D17B691B6895
:10FD30001A687B691B6842F001021A607B691B68C4
:10FD40001A687B691B6842F480621A607B69002232
:10FD50001A637B69282283F83D2007E07B69202213
:10FD600083F83D207B69002283F83E207869FEF706
:10FD7000E7FD00BF1837BD4680BD00BF0000002072
:10FD800089B5F81480B485B000AF78600023FB60BB
:10FD9000134B1B68DB08134AA2FB03231A0A134602
:10FDA0009B001344FB60FB68013BFB60FB68002B7E
:10FDB00007D17B681B6C43F020027B681A64012327
:10FDC00008E07B681B681B6803F40073B3F5007FD1
:10FDD000E9D0002318461437BD465DF8047B704710
:10FDE0000000002089B5F81480B483B000AF7860BB
:10FDF0007B68DB6AB3F52A0F03D17B680122DA62E4
:10FE000007E07B68DB6AB3F12A4F02D17B680822E6
:10FE1000DA6200BF0C37BD465DF8047B7047000016
:10FE200080B586B000AF78607B68002B01D10123DC
:10FE300067E27B681B6803F00103002B75D0884BD9
:10FE40009B6803F00C03042B0CD0854B9B6803F0DC
:10FE50000C03082B12D1824B5B6803F48003B3F5CB
:10FE6000800F0BD17E4B1B6803F40033002B5BD05B
:10FE70007B685B68002B57D1012342E27B685B689B
:10FE8000B3F5803F06D1764B1B68754A43F4803347
:10FE900013601DE07B685B68B3F5A02F0CD1704B3D
:10FEA0001B686F4A43F4802313606D4B1B686C4AD8
:10FEB00043F4803313600BE0694B1B68684A23F4FA
:10FEC00080331360664B1B68654A23F480231360FC
:10FED0007B685B68002B13D0FCF788FF386108E073
:10FEE000FCF784FF02463B69D31A642B01D9032334
:10FEF00007E25B4B1B6803F40033002BF0D014E0E7
:10FF0000FCF774FF386108E0FCF770FF02463B69BC
:10FF1000D31A642B01D90323F3E1514B1B6803F47B
:10FF20000033002BF0D100E000BF7B681B6803F0BA
:10FF30000203002B63D04A4B9B6803F00C03002B99
:10FF40000BD0474B9B6803F00C03082B1CD1444B90
:10FF50005B6803F48003002B16D1414B1B6803F050
:10FF60000203002B05D07B68DB68012B01D0012345
:10FF7000C7E13B4B1B6823F0F8027B681B69DB0081
:10FF8000374913430B603AE07B68DB68002B20D0D5
:10FF9000344B01221A60FCF729FF386108E0FCF7B6
:10FFA00025FF02463B69D31A022B01D90323A8E19E
:10FFB0002B4B1B6803F00203002BF0D0284B1B686F
:10FFC00023F0F8027B681B69DB00254913430B60B3
:10FFD00015E0244B00221A60FCF708FF386108E0A6
:10FFE000FCF704FF02463B69D31A022B01D9032315
:10FFF00087E11B4B1B6803F00203002BF0D17B68E9
:020000040801F1
:100000001B6803F00803002B36D07B685B69002B6C
:1000100016D0154B01221A60FCF7E8FE386108E0A3
:10002000FCF7E4FE02463B69D31A022B01D90323F5
:1000300067E10B4B5B6F03F00203002BF0D01BE07A
:10004000094B00221A60FCF7D1FE38610EE0FCF784
:10005000CDFE02463B69D31A022B07D9032350E198
:100060000038024000004742800E4742884B5B6FD9
:1000700003F00203002BEAD17B681B6803F0040342
:10008000002B00F097800023FB75814B1B6C03F065
:100090008053002B0FD10023BB607D4B1B6C7C4A2F
:1000A00043F0805313647A4B1B6C03F08053BB60A6
:1000B000BB680123FB75774B1B6803F48073002B2F
:1000C00018D1744B1B68734A43F480731360FCF7B8
:1000D0008DFE386108E0FCF789FE02463B69D31AC1
:1000E000022B01D903230CE16A4B1B6803F48073D4
:1000F000002BF0D07B689B68012B06D1644B1B6FF3
:10010000634A43F0010313671CE07B689B68052B7F
:100110000CD15F4B1B6F5E4A43F0040313675C4BCB
:100120001B6F5B4A43F0010313670BE0584B1B6FD7
:10013000574A23F001031367554B1B6F544A23F0B2
:10014000040313677B689B68002B15D0FCF74EFEF9
:1001500038610AE0FCF74AFE02463B69D31A41F2D5
:100160008832934201D90323CBE0494B1B6F03F044
:100170000203002BEED014E0FCF738FE38610AE0F1
:10018000FCF734FE02463B69D31A41F288329342AF
:1001900001D90323B5E03E4B1B6F03F00203002B94
:1001A000EED1FB7D012B05D1394B1B6C384A23F076
:1001B000805313647B689B69002B00F0A180344B53
:1001C0009B6803F00C03082B5CD07B689B69022BB7
:1001D00041D1314B00221A60FCF708FE386108E07B
:1001E000FCF704FE02463B69D31A022B01D9032314
:1001F00087E0274B1B6803F00073002BF0D17B686E
:10020000DA697B681B6A1A437B685B6A9B011A4345
:100210007B689B6A5B08013B1B041A437B68DB6AB3
:100220001B061B4913434B601B4B01221A60FCF752
:10023000DDFD386108E0FCF7D9FD02463B69D31AC1
:10024000022B01D903235CE0114B1B6803F0007300
:10025000002BF0D054E0104B00221A60FCF7C6FDD2
:10026000386108E0FCF7C2FD02463B69D31A022B55
:1002700001D9032345E0064B1B6803F00073002BF4
:10028000F0D13DE07B689B69012B07D1012338E069
:100290000038024000700040600047421B4B5B6822
:1002A000FB607B689B69012B28D0FB6803F480020C
:1002B0007B68DB699A4221D1FB6803F03F027B68CF
:1002C0001B6A9A421AD1FA6847F6C07313407A68DB
:1002D000526A9201934211D1FB6803F440327B6869
:1002E0009B6A5B08013B1B049A4207D1FB6803F041
:1002F00070627B68DB6A1B069A4201D0012300E032
:10030000002318461837BD4680BD00BF00380240A4
:1003100080B584B000AF786039607B68002B01D174
:100320000123CCE0684B1B6803F007033A689A424C
:100330000CD9654B3A68D2B21A70634B1B6803F054
:1003400007033A689A4201D00123B8E07B681B6832
:1003500003F00203002B20D07B681B6803F004032A
:10036000002B05D0594B9B68584A43F4E0539360E7
:100370007B681B6803F00803002B05D0534B9B6878
:10038000524A43F460439360504B9B6823F0F00261
:100390007B689B684D4913438B607B681B6803F047
:1003A0000103002B44D07B685B68012B07D1474BCE
:1003B0001B6803F40033002B19D101237FE07B6815
:1003C0005B68022B03D07B685B68032B07D13F4B34
:1003D0001B6803F00073002B09D101236FE03B4B36
:1003E0001B6803F00203002B01D1012367E0374BA8
:1003F0009B6823F003027B685B68344913438B607E
:10040000FCF7F4FCF8600AE0FCF7F0FC0246FB683D
:10041000D31A41F28832934201D903234FE02B4B88
:100420009B6803F00C027B685B689B009A42EBD1EF
:10043000254B1B6803F007033A689A420CD2224B03
:100440003A68D2B21A70204B1B6803F007033A686F
:100450009A4201D0012332E07B681B6803F0040359
:10046000002B08D0194B9B6823F4E0527B68DB68B3
:10047000164913438B607B681B6803F00803002B4D
:1004800009D0124B9B6823F460427B681B69DB0038
:100490000E4913438B6000F021F802460B4B9B681A
:1004A0001B0903F00F030A49CB5C22FA03F3094A44
:1004B0001360094B1B681846FCF7D2FA0023184654
:1004C0001037BD4680BD00BF003C024000380240EE
:1004D0001CB6010800000020040000202DE9B04FE8
:1004E00094B000AF00237B640023FB6400233B64D3
:1004F0000023BB64794B9B6803F00C03082B0DD0E1
:10050000082B00F2E180002B02D0042B03D0DBE0AB
:10051000734BBB64DBE0734BBB64D8E06F4B5B6831
:1005200003F03F037B646D4B5B6803F48003002B97
:1005300063D06A4B5B689B090022BB63FA63BB6BA9
:10054000C3F308033B6300237B63D7E90C452246D2
:100550002B464FF000004FF00001590141EAD261F3
:10056000500102460B462146511A3961294663EB78
:1005700001037B614FF000024FF00003D7E904ABA9
:1005800059468B01514643EA916351468A015146CF
:10059000B2EB0108594663EB01094FF000024FF03E
:1005A00000034FEAC90343EA58734FEAC802904672
:1005B0009946234618EB0303BB602B4649EB030324
:1005C000FB604FF000024FF00003D7E902452946D7
:1005D0004B02214643EAD15321464A0210461946AE
:1005E0007B6C0022BB62FA62D7E90A23F0F782FC37
:1005F00002460B461346FB6458E0384B5B689B0988
:10060000002218461146C0F308033B6200237B62B8
:10061000D7E9088942464B464FF000004FF00001F1
:10062000590141EAD261500102460B464146B2EB04
:10063000010A494663EB010B4FF000024FF0000343
:100640004FEA8B1343EA9A634FEA8A12B2EB0A0429
:1006500063EB0B054FF000024FF00003EB0043EAA1
:100660005473E20014461D464346E3183B604B4674
:1006700045EB03037B604FF000024FF00003D7E926
:10068000004529468B02214643EA915321468A02BE
:10069000104619467B6C0022BB61FA61D7E906233C
:1006A000F0F728FC02460B461346FB640B4B5B68D5
:1006B0001B0C03F0030301335B003B64FA6C3B6CDF
:1006C000B2FBF3F3BB6402E0054BBB6400BFBB6C41
:1006D00018465037BD46BDE8B08F00BF0038024015
:1006E0000024F40000127A0080B400AF034B1B68B2
:1006F0001846BD465DF8047B704700BF000000202F
:1007000080B500AFFFF7F0FF0246054B9B689B0AE0
:1007100003F007030349CB5C22FA03F3184680BDBC
:10072000003802402CB6010880B500AFFFF7DCFFAF
:100730000246054B9B685B0B03F007030349CB5C48
:1007400022FA03F3184680BD003802402CB6010897
:1007500080B483B000AF786039607B680F221A6084
:10076000124B9B6803F003027B685A600F4B9B6837
:1007700003F0F0027B689A600C4B9B6803F4E05234
:100780007B68DA60094B9B68DB0803F4E0527B6806
:100790001A61074B1B6803F007023B681A6000BF31
:1007A0000C37BD465DF8047B704700BF003802403F
:1007B000003C024080B582B000AF78607B68002BBF
:1007C00001D101237BE07B685B6A002B08D17B6849
:1007D0005B68B3F5827F09D07B680022DA6105E0AF
:1007E0007B6800221A617B6800225A617B680022C4
:1007F0009A627B6893F85130DBB2002B06D17B689C
:10080000002283F850207868FBF79AFE7B6802226A
:1008100083F851207B681B681A687B681B6822F08C
:1008200040021A607B685B6803F482727B689B6895
:1008300003F404431A437B68DB6803F400631A4340
:100840007B681B6903F002031A437B685B6903F052
:1008500001031A437B689B6903F400731A437B68A6
:10086000DB6903F038031A437B681B6A03F08003DB
:1008700042EA03017B689B6A03F400527B681B68B1
:100880000A431A607B689B691B0C03F004017B68B8
:100890005B6A03F010027B681B680A435A607B683E
:1008A0001B68DA697B681B6822F40062DA617B6886
:1008B00000225A657B68012283F8512000231846E4
:1008C0000837BD4680BD80B588B000AFF860B9601C
:1008D0003B601346FB800023FB77FB6893F85030A6
:1008E000012B01D1022326E1FB68012283F850206D
:1008F000FCF77CFAB861FB88FB82FB6893F8513007
:10090000DBB2012B02D00223FB770BE1BB68002B8B
:1009100002D0FB88002B02D10123FB7702E1FB68A8
:10092000032283F85120FB6800225A65FB68BA68ED
:100930001A63FB68FA889A86FB68FA88DA86FB688D
:1009400000229A63FB6800229A87FB680022DA87FC
:10095000FB6800225A64FB6800221A64FB689B68EB
:10096000B3F5004F0FD1FB681B681A68FB681B6862
:1009700022F040021A60FB681B681A68FB681B685B
:1009800042F480421A60FB681B681B6803F0400356
:10099000402B07D0FB681B681A68FB681B6842F095
:1009A00040021A60FB68DB68B3F5006F4BD1FB684F
:1009B0005B68002B02D0FB8A012B3ED1FB681B6BCE
:1009C0001A88FB681B68DA60FB681B6B9A1CFB6863
:1009D0001A63FB68DB8E9BB2013B9AB2FB68DA8636
:1009E0002BE0FB681B689B6803F00203022B12D10B
:1009F000FB681B6B1A88FB681B68DA60FB681B6B63
:100A00009A1CFB681A63FB68DB8E9BB2013B9AB2AF
:100A1000FB68DA8611E0FCF7E9F90246BB69D31AF4
:100A20003A689A4203D83B68B3F1FF3F02D13B6872
:100A3000002B02D10323FB7774E0FB68DB8E9BB2B3
:100A4000002BCED14CE0FB685B68002B02D0FB8A08
:100A5000012B40D1FB681A6BFB681B680C331278C2
:100A60001A70FB681B6B5A1CFB681A63FB68DB8EF1
:100A70009BB2013B9AB2FB68DA862CE0FB681B68EC
:100A80009B6803F00203022B13D1FB681A6BFB680F
:100A90001B680C3312781A70FB681B6B5A1CFB68BE
:100AA0001A63FB68DB8E9BB2013B9AB2FB68DA8665
:100AB00011E0FCF79BF90246BB69D31A3A689A42E7
:100AC00003D83B68B3F1FF3F02D13B68002B02D152
:100AD0000323FB7726E0FB68DB8E9BB2002BCDD196
:100AE000BA693968F86800F0CBFB0346002B02D0E6
:100AF000FB6820225A65FB689B68002B0AD1002303
:100B00003B61FB681B68DB683B61FB681B689B689B
:100B10003B613B69FB685B6D002B02D00123FB77D7
:100B200000E000BFFB68012283F85120FB6800222F
:100B300083F85020FB7F18462037BD4680BD80B526
:100B400088B002AFF860B9603B601346FB800023B9
:100B5000FB75FB685B68B3F5827F12D1FB689B680D
:100B6000002B0ED1FB68042283F85120FA883B68E1
:100B700000931346BA68B968F86800F0F1F80346C4
:100B8000EAE0FB6893F85030012B01D10223E3E047
:100B9000FB68012283F85020FCF728F93861FB68D4
:100BA00093F85130DBB2012B02D00223FB75CAE06F
:100BB000BB68002B02D0FB88002B02D10123FB7500
:100BC000C1E0FB68042283F85120FB6800225A65CB
:100BD000FB68BA689A63FB68FA889A87FB68FA88A8
:100BE000DA87FB6800221A63FB6800229A86FB689A
:100BF0000022DA86FB6800221A64FB6800225A642D
:100C0000FB689B68B3F5004F0FD1FB681B681A683F
:100C1000FB681B6822F040021A60FB681B681A68B8
:100C2000FB681B6822F480421A60FB681B681B6823
:100C300003F04003402B07D0FB681B681A68FB6871
:100C40001B6842F040021A60FB68DB68002B62D12F
:100C50002EE0FB681B689B6803F00103012B15D194
:100C6000FB681B6803F10C02FB689B6B1278D2B225
:100C70001A70FB689B6B5A1CFB689A63FB68DB8FDE
:100C80009BB2013B9AB2FB68DA8711E0FCF7AEF841
:100C900002463B69D31A3A689A4203D83B68B3F1DB
:100CA000FF3F02D13B68002B02D10323FB754AE0D2
:100CB000FB68DB8F9BB2002BCBD131E0FB681B685C
:100CC0009B6803F00103012B13D1FB681B68DA68F2
:100CD000FB689B6B92B21A80FB689B6B9A1CFB684B
:100CE0009A63FB68DB8F9BB2013B9AB2FB68DA87A1
:100CF00011E0FCF77BF802463B69D31A3A689A4246
:100D000003D83B68B3F1FF3F02D13B68002B02D10F
:100D10000323FB7517E0FB68DB8F9BB2002BCDD163
:100D20003A693968F86800F045FA0346002B02D0AA
:100D3000FB6820225A65FB685B6D002B02D0012303
:100D4000FB7500E000BFFB68012283F85120FB68BF
:100D5000002283F85020FB7D18461837BD4680BD21
:100D600080B58CB000AFF860B9607A607B800123F9
:100D7000FB62002387F82B30FB6893F85030012B7F
:100D800001D102238AE1FB68012283F85020FCF79D
:100D90002DF87862FB6893F8513087F82330FB68B0
:100DA0005B68FB617B887B8397F82330012B0FD036
:100DB000FB69B3F5827F07D1FB689B68002B03D1E9
:100DC00097F82330042B03D0022387F82B305BE104
:100DD000BB68002B05D07B68002B02D07B88002BE2
:100DE00003D1012387F82B304EE1FB6893F8513093
:100DF000DBB2042B03D0FB68052283F85120FB688B
:100E000000225A65FB687A689A63FB687A88DA87F9
:100E1000FB687A889A87FB68BA681A63FB687A88E5
:100E2000DA86FB687A889A86FB6800221A64FB6877
:100E300000225A64FB681B681B6803F04003402BC8
:100E400007D0FB681B681A68FB681B6842F0400209
:100E50001A60FB68DB68B3F5006F78D1FB685B68EC
:100E6000002B02D07B8B012B66D1FB681B6B1A8891
:100E7000FB681B68DA60FB681B6B9A1CFB681A63D3
:100E8000FB68DB8E9BB2013B9AB2FB68DA8653E0CB
:100E9000FB681B689B6803F00203022B1BD1FB68F5
:100EA000DB8E9BB2002B16D0FB6A012B13D1FB68A3
:100EB0001B6B1A88FB681B68DA60FB681B6B9A1C4B
:100EC000FB681A63FB68DB8E9BB2013B9AB2FB683E
:100ED000DA860023FB62FB681B689B6803F0010352
:100EE000012B19D1FB68DB8F9BB2002B14D0FB6860
:100EF0001B68DA68FB689B6B92B21A80FB689B6B7D
:100F00009A1CFB689A63FB68DB8F9BB2013B9AB229
:100F1000FB68DA870123FB62FBF768FF02467B6A06
:100F2000D31ABA6B9A4207D8BB6BB3F1FF3F03D019
:100F3000032387F82B30A7E0FB68DB8E9BB2002BE6
:100F4000A6D1FB68DB8F9BB2002BA1D17CE0FB68B4
:100F50005B68002B02D07B8B012B6BD1FB681A6B7B
:100F6000FB681B680C3312781A70FB681B6B5A1CE9
:100F7000FB681A63FB68DB8E9BB2013B9AB2FB688D
:100F8000DA8657E0FB681B689B6803F00203022BBC
:100F90001CD1FB68DB8E9BB2002B17D0FB6A012BA8
:100FA00014D1FB681A6BFB681B680C3312781A703B
:100FB000FB681B6B5A1CFB681A63FB68DB8E9BB2D9
:100FC000013B9AB2FB68DA860023FB62FB681B6870
:100FD0009B6803F00103012B19D1FB68DB8F9BB2E7
:100FE000002B14D0FB681B68DA68FB689B6BD2B2DD
:100FF0001A70FB689B6B5A1CFB689A63FB68DB8F5B
:101000009BB2013B9AB2FB68DA870123FB62FBF7D4
:10101000EDFE02467B6AD31ABA6B9A4203D8BB6BC9
:10102000B3F1FF3F02D1BB6B002B03D1032387F841
:101030002B3029E0FB68DB8E9BB2002BA2D1FB6832
:10104000DB8F9BB2002B9DD17A6AB96BF86800F0F8
:1010500017F90346002B06D0012387F82B30FB68D5
:1010600020225A6510E0FB689B68002B0BD10023FF
:101070007B61FB681B68DB687B61FB681B689B68A6
:101080007B617B6900E000BFFB68012283F851208F
:10109000FB68002283F8502097F82B301846303731
:1010A000BD4680BD80B588B000AFF860B9603B60D8
:1010B0001346FB71FBF79AFE0246BB6A9B1A3A681D
:1010C0001344FB61FBF792FEB861394B1B685B016F
:1010D0001B0DFA6902FB03F37B6154E03B68B3F13B
:1010E000FF3F50D0FBF782FE0246BB69D31AFA6974
:1010F0009A4202D9FB69002B3DD1FB681B685A68F4
:10110000FB681B6822F0E0025A60FB685B68B3F57D
:10111000827F11D1FB689B68B3F5004F04D0FB6858
:101120009B68B3F5806F07D1FB681B681A68FB6882
:101130001B6822F040021A60FB689B6AB3F5005FEF
:101140000FD1FB681B681A68FB681B6822F4005209
:101150001A60FB681B681A68FB681B6842F400523F
:101160001A60FB68012283F85120FB68002283F893
:101170005020032317E07B69002B01D10023FB6182
:101180007B69013B7B61FB681B689A68BB68134005
:10119000BA689A420CBF01230023DBB21A46FB79DE
:1011A0009A429BD1002318462037BD4680BD00BF20
:1011B0000000002080B586B002AFF860B9607A60A8
:1011C000FB685B68B3F5827F11D1FB689B68B3F560
:1011D000004F04D0FB689B68B3F5806F07D1FB68B4
:1011E0001B681A68FB681B6822F040021A60FB68E3
:1011F0005B68B3F5827F2AD1FB689B68B3F5806F8B
:1012000012D07B680093BB6800228021F868FFF74A
:1012100049FF0346002B2DD0FB685B6D43F0200295
:10122000FB685A65032326E07B680093BB680022B5
:101230000121F868FFF736FF0346002B1AD0FB6840
:101240005B6D43F02002FB685A65032313E07B6863
:101250000093BB6800220121F868FFF723FF0346D3
:10126000002B07D0FB685B6D43F02002FB685A65DA
:10127000032300E0002318461037BD4680BD000060
:1012800080B588B002AFF860B9607A601B4B1B680C
:101290001B4AA2FB03235B0D4FF47A7202FB03F39C
:1012A0007B61FB685B68B3F5827F12D17B6800933A
:1012B000BB6800228021F868FFF7F4FE0346002B8C
:1012C00016D0FB685B6D43F02002FB685A65032370
:1012D0000FE07B69002B0AD07B69013B7B61FB68D7
:1012E0001B689B6803F08003802BF2D000E000BFF6
:1012F000002318461837BD4680BD00BF00000020FF
:10130000819F5E1680B582B000AF78607B68002B4D
:1013100001D1012341E07B6893F83D30DBB2002B23
:1013200006D17B68002283F83C207868FBF750F9EF
:101330007B68022283F83D207B681A687B6804334F
:101340001946104600F066FD7B68012283F84620AE
:101350007B68012283F83E207B68012283F83F20CE
:101360007B68012283F840207B68012283F84120BA
:101370007B68012283F842207B68012283F84320A6
:101380007B68012283F844207B68012283F8452092
:101390007B68012283F83D20002318460837BD46AC
:1013A00080BD000080B485B000AF78607B6893F8A2
:1013B0003D30DBB2012B01D001234EE07B680222DD
:1013C00083F83D207B681B68DA687B681B6842F005
:1013D0000102DA607B681B68234A934222D07B6853
:1013E0001B68B3F1804F1DD07B681B681F4A934276
:1013F00018D07B681B681E4A934213D07B681B6819
:101400001C4A93420ED07B681B681B4A934209D04A
:101410007B681B68194A934204D07B681B68184A92
:10142000934211D17B681B689B6803F00703FB6044
:10143000FB68062B10D07B681B681A687B681B68EA
:1014400042F001021A6007E07B681B681A687B683B
:101450001B6842F001021A60002318461437BD468B
:101460005DF8047B704700BF0000014000040040AD
:1014700000080040000C0040000401400040014012
:101480000018004080B582B000AF78607B68002B08
:1014900001D1012341E07B6893F83D30DBB2002BA2
:1014A00006D17B68002283F83C207868FBF7F4F8CB
:1014B0007B68022283F83D207B681A687B680433CE
:1014C0001946104600F0A6FC7B68012283F84620EE
:1014D0007B68012283F83E207B68012283F83F204D
:1014E0007B68012283F840207B68012283F8412039
:1014F0007B68012283F842207B68012283F8432025
:101500007B68012283F844207B68012283F8452010
:101510007B68012283F83D20002318460837BD462A
:1015200080BD000080B584B000AF786039603B6852
:10153000002B09D17B6893F83E30DBB2012B14BF3E
:1015400001230023DBB222E03B68042B09D17B6836
:1015500093F83F30DBB2012B14BF01230023DBB231
:1015600015E03B68082B09D17B6893F84030DBB26B
:10157000012B14BF01230023DBB208E07B6893F842
:101580004130DBB2012B14BF01230023DBB2002B5F
:1015900001D001237CE03B68002B04D17B68022250
:1015A00083F83E2013E03B68042B04D17B680222C1
:1015B00083F83F200BE03B68082B04D17B680222B4
:1015C00083F8402003E07B68022283F841207B6897
:1015D0001B6801223968184601F030F87B681B68E7
:1015E0002D4A934204D07B681B682C4A934201D158
:1015F000012300E00023002B07D07B681B685A6C96
:101600007B681B6842F400425A647B681B68224A6C
:10161000934222D07B681B68B3F1804F1DD07B685A
:101620001B681F4A934218D07B681B681D4A93426F
:1016300013D07B681B681C4A93420ED07B681B68E2
:10164000164A934209D07B681B68184A934204D01B
:101650007B681B68164A934211D17B681B689B68A4
:1016600003F00703FB60FB68062B10D07B681B6848
:101670001A687B681B6842F001021A6007E07B6809
:101680001B681A687B681B6842F001021A6000231D
:1016900018461037BD4680BD0000014000040140DF
:1016A0000004004000080040000C004000400140E1
:1016B0000018004080B582B000AF78607B68002BD6
:1016C00001D1012341E07B6893F83D30DBB2002B70
:1016D00006D17B68002283F83C20786800F039F856
:1016E0007B68022283F83D207B681A687B6804339C
:1016F0001946104600F08EFB7B68012283F84620D5
:101700007B68012283F83E207B68012283F83F201A
:101710007B68012283F840207B68012283F8412006
:101720007B68012283F842207B68012283F84320F2
:101730007B68012283F844207B68012283F84520DE
:101740007B68012283F83D20002318460837BD46F8
:1017500080BD80B483B000AF786000BF0C37BD4659
:101760005DF8047B704780B582B000AF78607B681D
:101770001B681B6903F00203022B22D17B681B68E4
:10178000DB6803F00203022B1BD17B681B686FF040
:1017900002021A617B6801221A777B681B689B69C9
:1017A00003F00303002B03D0786800F014FB05E07E
:1017B000786800F006FB786800F017FB7B68002271
:1017C0001A777B681B681B6903F00403042B22D182
:1017D0007B681B68DB6803F00403042B1BD17B6868
:1017E0001B686FF004021A617B6802221A777B681B
:1017F0001B689B6903F44073002B03D0786800F0EA
:10180000EAFA05E0786800F0DCFA786800F0EDFAB2
:101810007B6800221A777B681B681B6903F008034A
:10182000082B22D17B681B68DB6803F00803082BB8
:101830001BD17B681B686FF008021A617B68042269
:101840001A777B681B68DB6903F00303002B03D066
:10185000786800F0C0FA05E0786800F0B2FA7868BD
:1018600000F0C3FA7B6800221A777B681B681B694B
:1018700003F01003102B22D17B681B68DB6803F098
:101880001003102B1BD17B681B686FF010021A61CC
:101890007B6808221A777B681B68DB6903F4407356
:1018A000002B03D0786800F096FA05E0786800F025
:1018B00088FA786800F099FA7B6800221A777B68CA
:1018C0001B681B6903F00103012B0ED17B681B68A9
:1018D000DB6803F00103012B07D17B681B686FF005
:1018E00001021A617868F2F7ABFF7B681B681B691D
:1018F00003F08003802B0ED17B681B68DB6803F04C
:101900008003802B07D17B681B686FF080021A610F
:10191000786800F091FF7B681B681B6903F0400347
:10192000402B0ED17B681B68DB6803F04003402B23
:1019300007D17B681B686FF040021A61786800F07D
:101940005EFA7B681B681B6903F02003202B0ED115
:101950007B681B68DB6803F02003202B07D17B68C2
:101960001B686FF020021A61786800F05BFF00BF0F
:101970000837BD4680BD80B586B000AFF860B9605D
:101980007A600023FB75FB6893F83C30012B01D192
:10199000022388E0FB68012283F83C207B68002B4F
:1019A0001BD1FB681868BB681968BB685A68BB68BC
:1019B000DB6800F07FFCFB681B689A69FB681B68AA
:1019C00022F00C029A61FB681B689969BB689A68EF
:1019D000FB681B680A439A6160E07B68042B1CD19A
:1019E000FB681868BB681968BB685A68BB68DB6825
:1019F00000F003FDFB681B689A69FB681B6822F412
:101A000040629A61FB681B689969BB689B681A020F
:101A1000FB681B680A439A6140E07B68082B1BD176
:101A2000FB681868BB681968BB685A68BB68DB68E4
:101A300000F050FDFB681B68DA69FB681B6822F048
:101A40000C02DA61FB681B68D969BB689A68FB689D
:101A50001B680A43DA6121E07B680C2B1CD1FB6810
:101A60001868BB681968BB685A68BB68DB6800F017
:101A70006DFDFB681B68DA69FB681B6822F4406235
:101A8000DA61FB681B68D969BB689B681A02FB684E
:101A90001B680A43DA6101E00123FB75FB68002241
:101AA00083F83C20FB7D18461837BD4680BD0000FA
:101AB00080B586B000AFF860B9607A600023FB752E
:101AC000FB6893F83C30012B01D10223AEE0FB68A8
:101AD000012283F83C207B680C2B00F29F8001A23E
:101AE00052F823F0191B01081D1C01081D1C0108D8
:101AF0001D1C0108591B01081D1C01081D1C0108A3
:101B00001D1C01089B1B01081D1C01081D1C010850
:101B10001D1C0108DB1B0108FB681B68B96818461F
:101B200000F018FAFB681B689A69FB681B6842F0B2
:101B300008029A61FB681B689A69FB681B6822F0BF
:101B400004029A61FB681B689969BB681A69FB68A3
:101B50001B680A439A6164E0FB681B68B968184611
:101B600000F068FAFB681B689A69FB681B6842F41E
:101B700000629A61FB681B689A69FB681B6822F423
:101B800080629A61FB681B689969BB681B691A02CD
:101B9000FB681B680A439A6143E0FB681B68B968ED
:101BA000184600F0BDFAFB681B68DA69FB681B6821
:101BB00042F00802DA61FB681B68DA69FB681B689F
:101BC00022F00402DA61FB681B68D969BB681A69F4
:101BD000FB681B680A43DA6123E0FB681B68B9688D
:101BE000184600F011FBFB681B68DA69FB681B688C
:101BF00042F40062DA61FB681B68DA69FB681B6803
:101C000022F48062DA61FB681B68D969BB681B69D2
:101C10001A02FB681B680A43DA6102E00123FB75C4
:101C200000BFFB68002283F83C20FB7D1846183774
:101C3000BD4680BD80B584B000AF786039600023B8
:101C4000FB737B6893F83C30012B01D10223B4E095
:101C50007B68012283F83C207B68022283F83D20C8
:101C60007B681B689B68BB60BB6823F07703BB6025
:101C7000BB6823F47F43BB607B681B68BA689A60CB
:101C80003B681B68B3F5005F3ED0B3F5005F00F220
:101C90008780B3F5805F00F08680B3F5805F7FD8E2
:101CA000702B1AD0702B7BD8602B50D0602B77D83C
:101CB000502B3CD0502B73D8402B58D0402B6FD892
:101CC000302B64D0302B6BD8202B60D0202B67D8E2
:101CD000002B5CD0102B5AD062E07B6818683B6800
:101CE00099683B685A683B68DB6800F087FC7B6852
:101CF0001B689B68BB60BB6843F07703BB607B6875
:101D00001B68BA689A604FE07B6818683B689968FE
:101D10003B685A683B68DB6800F070FC7B681B68B6
:101D20009A687B681B6842F480429A603CE07B685A
:101D300018683B6859683B68DB681A4600F02EFB60
:101D40007B681B685021184600F03DFC2CE07B6846
:101D500018683B6859683B68DB681A4600F08AFBE4
:101D60007B681B686021184600F02DFC1CE07B6836
:101D700018683B6859683B68DB681A4600F00EFB40
:101D80007B681B684021184600F01DFC0CE07B6856
:101D90001A683B681B681946104600F014FC03E003
:101DA0000123FB7300E000BF7B68012283F83D2024
:101DB0007B68002283F83C20FB7B18461037BD4629
:101DC00080BD80B483B000AF786000BF0C37BD46E3
:101DD0005DF8047B704780B483B000AF786000BFCB
:101DE0000C37BD465DF8047B704780B483B000AF0C
:101DF000786000BF0C37BD465DF8047B704780B447
:101E000083B000AF786000BF0C37BD465DF8047B3F
:101E10007047000080B485B000AF786039607B689F
:101E20001B68FB607B68404A934213D07B68B3F128
:101E3000804F0FD07B683D4A93420BD07B683C4A71
:101E4000934207D07B683B4A934203D07B683A4A6F
:101E5000934208D1FB6823F07003FB603B685B682A
:101E6000FA681343FB607B682F4A93422BD07B6850
:101E7000B3F1804F27D07B682C4A934223D07B68F4
:101E80002B4A93421FD07B682A4A93421BD07B681F
:101E9000294A934217D07B68284A934213D07B6823
:101EA000274A93420FD07B68264A93420BD07B6827
:101EB000254A934207D07B68244A934203D07B682B
:101EC000234A934208D1FB6823F44073FB603B68CC
:101ED000DB68FA681343FB60FB6823F080023B6811
:101EE0005B691343FB607B68FA681A603B689A6819
:101EF0007B68DA623B681A687B689A627B680A4A88
:101F0000934203D07B680C4A934203D13B681A6921
:101F10007B681A637B6801225A6100BF1437BD4693
:101F20005DF8047B704700BF0000014000040040E2
:101F300000080040000C0040000401400040014047
:101F4000004401400048014000180040001C0040CF
:101F50000020004080B487B000AF786039607B68B3
:101F60001B6A23F001027B681A627B681B6A7B6133
:101F70007B685B683B617B689B69FB60FB6823F067
:101F80007003FB60FB6823F00303FB603B681B6886
:101F9000FA681343FB607B6923F002037B613B68B3
:101FA0009B687A6913437B617B68204A934203D024
:101FB0007B681F4A93420CD17B6923F008037B6145
:101FC0003B68DB687A6913437B617B6923F0040318
:101FD0007B617B68154A934203D07B68144A934225
:101FE00011D13B6923F480733B613B6923F4007397
:101FF0003B613B685B693A6913433B613B689B69A2
:102000003A6913433B617B683A695A607B68FA68B6
:102010009A613B685A687B685A637B687A691A627E
:1020200000BF1C37BD465DF8047B704700000140CF
:102030000004014080B487B000AF786039607B68ED
:102040001B6A23F010027B681A627B681B6A7B6143
:102050007B685B683B617B689B69FB60FB6823F482
:10206000E043FB60FB6823F44073FB603B681B6844
:102070001B02FA681343FB607B6923F020037B613A
:102080003B689B681B017A6913437B617B68224A2A
:10209000934203D07B68214A93420DD17B6923F0A0
:1020A00080037B613B68DB681B017A6913437B61BA
:1020B0007B6923F040037B617B68174A934203D01E
:1020C0007B68164A934213D13B6923F480633B61DA
:1020D0003B6923F400633B613B685B699B003A69A1
:1020E00013433B613B689B699B003A6913433B6127
:1020F0007B683A695A607B68FA689A613B685A68FB
:102100007B689A637B687A691A6200BF1C37BD4698
:102110005DF8047B704700BF0000014000040140EF
:1021200080B487B000AF786039607B681B6A23F4A5
:1021300080727B681A627B681B6A7B617B685B6864
:102140003B617B68DB69FB60FB6823F07003FB602D
:10215000FB6823F00303FB603B681B68FA681343CA
:10216000FB607B6923F400737B613B689B681B0207
:102170007A6913437B617B68214A934203D07B6871
:10218000204A93420DD17B6923F400637B613B6855
:10219000DB681B027A6913437B617B6923F48063EC
:1021A0007B617B68164A934203D07B68154A934251
:1021B00013D13B6923F480533B613B6923F4005303
:1021C0003B613B685B691B013A6913433B613B68B8
:1021D0009B691B013A6913433B617B683A695A600A
:1021E0007B68FA68DA613B685A687B68DA637B6807
:1021F0007A691A6200BF1C37BD465DF8047B7047E0
:10220000000001400004014080B487B000AF786056
:1022100039607B681B6A23F480527B681A627B6892
:102220001B6A3B617B685B687B617B68DB69FB6089
:10223000FB6823F4E043FB60FB6823F44073FB601E
:102240003B681B681B02FA681343FB603B6923F47D
:1022500000533B613B689B681B033A6913433B6136
:102260007B68124A934203D07B68114A934209D19A
:102270007B6923F480437B613B685B699B017A69DE
:1022800013437B617B687A695A607B68FA68DA611C
:102290003B685A687B681A647B683A691A6200BFB7
:1022A0001C37BD465DF8047B704700BF000001404D
:1022B0000004014080B487B000AFF860B9607A6074
:1022C0003B60FB681B6A23F00102FB681A62FB6833
:1022D0009B697B61FB681B6A3B61FB68284A9342F0
:1022E0001BD0FB68B3F1804F17D0FB68254A93429F
:1022F00013D0FB68244A93420FD0FB68234A9342D1
:102300000BD0FB68224A934207D0FB68214A9342D4
:1023100003D0FB68204A934201D1012300E000234F
:10232000002B08D07B6923F003037B617A697B680B
:1023300013437B6103E07B6943F001037B617B69AD
:1023400023F0F0037B613B681B01DBB27A69134326
:102350007B613B6923F00A033B61BB6803F00A031E
:102360003A6913433B61FB687A699A61FB683A6991
:102370001A6200BF1C37BD465DF8047B704700BF82
:10238000000001400004004000080040000C004034
:1023900000040140004001400018004080B487B0B4
:1023A00000AFF860B9607A60FB681B6A7B61FB680C
:1023B0001B6A23F00102FB681A62FB689B693B61A0
:1023C0003B6923F0F0033B617B681B013A691343CF
:1023D0003B617B6923F00A037B617A69BB68134325
:1023E0007B61FB683A699A61FB687A691A6200BF8F
:1023F0001C37BD465DF8047B704780B487B000AFE2
:10240000F860B9607A603B60FB681B6A23F01002D9
:10241000FB681A62FB689B697B61FB681B6A3B6116
:102420007B6923F440737B617B681B027A691343E9
:102430007B617B6923F470437B613B681B039BB228
:102440007A6913437B613B6923F0A0033B61BB685E
:102450001B0103F0A0033A6913433B61FB687A69EF
:102460009A61FB683A691A6200BF1C37BD465DF885
:10247000047B704780B487B000AFF860B9607A60C1
:10248000FB681B6A23F01002FB681A62FB689B69F9
:102490007B61FB681B6A3B617B6923F470437B6152
:1024A0007B681B037A6913437B613B6923F0A003BC
:1024B0003B61BB681B013A6913433B61FB687A6966
:1024C0009A61FB683A691A6200BF1C37BD465DF825
:1024D000047B704780B487B000AFF860B9607A6061
:1024E0003B60FB681B6A23F48072FB681A62FB681E
:1024F000DB697B61FB681B6A3B617B6923F003033B
:102500007B617A697B6813437B617B6923F0F0030D
:102510007B613B681B01DBB27A6913437B613B69DA
:1025200023F420633B61BB681B0203F420633A6918
:1025300013433B61FB687A69DA61FB683A691A62A6
:1025400000BF1C37BD465DF8047B704780B487B080
:1025500000AFF860B9607A603B60FB681B6A23F4E7
:102560008052FB681A62FB68DB697B61FB681B6A4F
:102570003B617B6923F440737B617B681B027A6952
:1025800013437B617B6923F470437B613B681B03CE
:102590009BB27A6913437B613B6923F420433B611F
:1025A000BB681B0303F420433A6913433B61FB6898
:1025B0007A69DA61FB683A691A6200BF1C37BD4666
:1025C0005DF8047B704780B485B000AF78603960F7
:1025D0007B689B68FB60FB6823F07003FB603A68D4
:1025E000FB68134343F00703FB607B68FA689A605B
:1025F00000BF1437BD465DF8047B704780B487B0D8
:1026000000AFF860B9607A603B60FB689B687B61F3
:102610007B6923F47F437B613B681A027B681A4322
:10262000BB6813437A6913437B61FB687A699A60DC
:1026300000BF1C37BD465DF8047B704780B487B08F
:1026400000AFF860B9607A60BB6803F01F03012235
:1026500002FA03F37B61FB681A6A7B69DB431A4069
:10266000FB681A62FB681A6ABB6803F01F0379688B
:1026700001FA03F31A43FB681A6200BF1C37BD4618
:102680005DF8047B7047000080B485B000AF7860CF
:1026900039607B6893F83C30012B01D102235AE06A
:1026A0007B68012283F83C207B68022283F83D206E
:1026B0007B681B685B68FB607B681B689B68BB6012
:1026C000FB6823F07003FB603B681B68FA681343E8
:1026D000FB607B681B68FA685A607B681B68214A4C
:1026E000934222D07B681B68B3F1804F1DD07B687A
:1026F0001B681D4A934218D07B681B681B4A934293
:1027000013D07B681B681A4A93420ED07B681B6803
:10271000184A934209D07B681B68174A934204D039
:102720007B681B68154A93420CD1BB6823F0800379
:10273000BB603B685B68BA681343BB607B681B681F
:10274000BA689A607B68012283F83D207B6800228A
:1027500083F83C20002318461437BD465DF8047BFF
:10276000704700BF00000140000400400008004026
:10277000000C0040000401400040014000180040EF
:1027800080B485B000AF786039600023FB607B685F
:1027900093F83C30012B01D102233DE07B680122FC
:1027A00083F83C20FB6823F0FF023B68DB6813439F
:1027B000FB60FB6823F440723B689B681343FB603B
:1027C000FB6823F480623B685B681343FB60FB6833
:1027D00023F400623B681B681343FB60FB6823F42F
:1027E00080523B681B691343FB60FB6823F4005273
:1027F0003B685B691343FB60FB6823F480423B68E2
:10280000DB691343FB607B681B68FA685A647B686A
:10281000002283F83C20002318461437BD465DF89B
:10282000047B704780B483B000AF786000BF0C3782
:10283000BD465DF8047B704780B483B000AF78601C
:1028400000BF0C37BD465DF8047B704780B582B091
:1028500000AF78607B68002B01D101233FE07B68EB
:1028600093F83D30DBB2002B06D17B68002283F861
:102870003C207868F9F79AFF7B68242283F83D2092
:102880007B681B68DA687B681B6822F40052DA6098
:10289000786800F07BFD7B681B681A697B681B68A1
:1028A00022F490421A617B681B685A697B681B6836
:1028B00022F02A025A617B681B68DA687B681B6811
:1028C00042F40052DA607B6800221A647B6820229E
:1028D00083F83D207B68202283F83E2000231846A1
:1028E0000837BD4680BD80B58AB002AFF860B960D8
:1028F0003B601346FB8000237B61FB6893F83D300F
:10290000DBB2202B7CD1BB68002B02D0FB88002BD4
:1029100001D1012375E0FB6893F83C30012B01D114
:1029200002236EE0FB68012283F83C20FB68002252
:102930001A64FB68212283F83D20FAF757FA786180
:10294000FB68FA889A84FB68FA88DA84FB689B68DB
:10295000B3F5805F08D1FB681B69002B04D100230D
:10296000FB61BB68BB6103E0BB68FB610023BB612B
:10297000FB68002283F83C202AE03B6800937B69D7
:1029800000228021F86800F0F9FA0346002B01D0FC
:10299000032336E0FB69002B0BD1BB691B881A4669
:1029A000FB681B68C2F308025A60BB690233BB6153
:1029B00007E0FB691A78FB681B685A60FB69013302
:1029C000FB61FB68DB8C9BB2013B9AB2FB68DA844B
:1029D000FB68DB8C9BB2002BCFD13B6800937B69FB
:1029E00000224021F86800F0C9FA0346002B01D00C
:1029F000032306E0FB68202283F83D20002300E04B
:102A0000022318462037BD4680BD000080B5BAB00D
:102A100000AF78607B681B681B68C7F8E4307B6890
:102A20001B68DB68C7F8E0307B681B685B69C7F828
:102A3000DC300023C7F8D8300023C7F8D430D7F8EB
:102A4000E43003F00F03C7F8D830D7F8D830002BA4
:102A50000FD1D7F8E43003F02003002B09D0D7F8CA
:102A6000E03003F02003002B03D0786800F0D3FBA4
:102A700056E2D7F8D830002B00F0DE80D7F8DC30F3
:102A800003F00103002B06D1D7F8E03003F4907374
:102A9000002B00F0D180D7F8E43003F00103002BC5
:102AA0000BD0D7F8E03003F48073002B05D07B689F
:102AB0001B6C43F001027B681A64D7F8E43003F022
:102AC0000403002B0BD0D7F8DC3003F00103002BFC
:102AD00005D07B681B6C43F002027B681A64D7F850
:102AE000E43003F00203002B0BD0D7F8DC3003F006
:102AF0000103002B05D07B681B6C43F004027B684C
:102B00001A64D7F8E43003F00803002B11D0D7F88B
:102B1000E03003F02003002B05D1D7F8DC3003F0C0
:102B20000103002B05D07B681B6C43F008027B6817
:102B30001A647B681B6C002B00F0ED81D7F8E43041
:102B400003F02003002B08D0D7F8E03003F0200377
:102B5000002B02D0786800F05EFB7B681B685B6925
:102B600003F04003402B0CBF01230023DBB2C7F866
:102B7000D4307B681B6C03F00803002B03D1D7F81B
:102B8000D430002B4FD0786800F066FA7B681B6861
:102B90005B6903F04003402B41D17B681B68143311
:102BA000C7F89C30D7F89C3053E8003FC7F89830FE
:102BB000D7F8983023F04003C7F8D0307B681B6803
:102BC0001433D7F8D020C7F8A820C7F8A430D7F816
:102BD000A410D7F8A82041E80023C7F8A030D7F800
:102BE000A030002BD9D17B689B6B002B13D07B6866
:102BF0009B6B7D4A1A657B689B6B1846FAF79CFEB7
:102C00000346002B16D07B689B6B1B6D7A68926B1A
:102C1000104698470EE0786800F09AF90AE0786864
:102C200000F096F906E0786800F092F97B680022DF
:102C30001A6470E100BF6EE17B681B6B012B40F0F2
:102C40004A81D7F8E43003F01003002B00F04381F1
:102C5000D7F8E03003F01003002B00F03C81002394
:102C6000BB607B681B681B68BB607B681B685B681C
:102C7000BB60BB687B681B685B6903F04003402B4B
:102C800040F0B4807B689B6B1B685B68A7F8BE3024
:102C9000B7F8BE30002B00F040817B689B8DB7F801
:102CA000BE209A4280F039817B68B7F8BE20DA8571
:102CB0007B689B6BDB69B3F5807F00F088807B6865
:102CC0001B680C33C7F88830D7F8883053E8003FCA
:102CD000C7F88430D7F8843023F48073C7F8B8304D
:102CE0007B681B680C33D7F8B820C7F89420C7F866
:102CF0009030D7F89010D7F8942041E80023C7F817
:102D00008C30D7F88C30002BD9D17B681B681433FA
:102D10007B677B6F53E8003F3B673B6F23F001030A
:102D2000C7F8B4307B681B681433D7F8B420C7F8F1
:102D30008020FB67F96FD7F8802041E80023BB674C
:102D4000BB6F002BE1D17B681B6814333B663B6E85
:102D500053E8003FFB65FB6D23F04003C7F8B0303C
:102D60007B681B681433D7F8B020FA66BB66B96E6F
:102D7000FA6E41E800237B667B6E002BE3D17B6813
:102D8000202283F83E207B6800221A637B681B6840
:102D90000C33FB64FB6C53E8003FBB64BB6C23F05B
:102DA0001003C7F8AC307B681B680C33D7F8AC2035
:102DB000BA657B65796DBA6D41E800233B653B6D73
:102DC000002BE3D17B689B6B1846FAF745FD7B68C7
:102DD0009A8D7B68DB8D9BB2D31A9BB219467868BB
:102DE00000F0C0F899E000BF1F3101087B689A8DA0
:102DF0007B68DB8D9BB2D31AA7F8CE307B68DB8D66
:102E00009BB2002B00F08B80B7F8CE30002B00F087
:102E100086807B681B680C33BB63BB6B53E8003F49
:102E20007B637B6B23F49073C7F8C8307B681B68A7
:102E30000C33D7F8C8207A643B64396C7A6C41E86B
:102E40000023FB63FB6B002BE3D17B681B6814330F
:102E50007B627B6A53E8003F3B623B6A23F00103DD
:102E6000C7F8C4307B681B681433D7F8C4203A63B2
:102E7000FB62F96A3A6B41E80023BB62BB6A002B34
:102E8000E3D17B68202283F83E207B6800221A630E
:102E90007B681B680C333B613B6953E8003FFB6078
:102EA000FB6823F01003C7F8C0307B681B680C3345
:102EB000D7F8C020FA61BB61B969FA6941E800231B
:102EC0007B617B69002BE3D1B7F8CE301946786877
:102ED00000F048F823E0D7F8E43003F08003002B3B
:102EE00009D0D7F8E03003F08003002B03D07868D6
:102EF00000F029F914E0D7F8E43003F04003002B88
:102F00000ED0D7F8E03003F04003002B08D07868EB
:102F100000F069F904E000BF02E000BF00E000BF7C
:102F2000E837BD4680BD00BF80B483B000AF786095
:102F300000BF0C37BD465DF8047B704780B483B09A
:102F400000AF786000BF0C37BD465DF8047B70476A
:102F500080B483B000AF786000BF0C37BD465DF829
:102F6000047B704780B483B000AF78600B467B80F1
:102F700000BF0C37BD465DF8047B704780B590B04C
:102F800000AFF860B9603B601346FB7150E0BB6C6A
:102F9000B3F1FF3F4CD0BB6C002B07D0F9F726FFF5
:102FA00002463B68D31ABA6C9A4241D2FB681B684E
:102FB0000C33BB62BB6A53E8003F7B627B6A23F43D
:102FC000D073FB63FB681B680C33FA6B7A633B635B
:102FD000396B7A6B41E80023FB62FB6A002BE5D179
:102FE000FB681B6814337B617B6953E8003F3B61DE
:102FF0003B6923F00103BB63FB681B681433BA6BA6
:103000003A62FB61F9693A6A41E80023BB61BB6936
:10301000002BE5D1FB68202283F83D20FB682022AD
:1030200083F83E20FB68002283F83C2003230FE056
:10303000FB681B681A68BB681340BA689A420CBFE9
:1030400001230023DBB21A46FB799A429FD000236A
:1030500018464037BD4680BD80B495B000AF78605B
:103060007B681B680C337B637B6B53E8003F3B63DF
:103070003B6B23F49073FB647B681B680C33FA6C26
:103080003A64FB63F96B3A6C41E80023BB63BB6BAA
:10309000002BE5D17B681B6814333B623B6A53E825
:1030A000003FFB61FB6923F00103BB647B681B6885
:1030B0001433BA6CFA62BB62B96AFA6A41E8002357
:1030C0007B627B6A002BE5D17B681B6B012B19D1DE
:1030D0007B681B680C33FB60FB6853E8003FBB60F8
:1030E000BB6823F010037B647B681B680C337A6C2D
:1030F000BA617B617969BA6941E800233B613B6948
:10310000002BE5D17B68202283F83E207B680022DB
:103110001A6300BF5437BD465DF8047B704780B525
:1031200084B000AF78607B689B6BFB60FB6800221B
:10313000DA85FB680022DA84F868FFF709FF00BF30
:103140001037BD4680BD80B485B000AF78607B6825
:1031500093F83D30DBB2212B3ED17B689B68B3F501
:10316000805F14D17B681B69002B10D17B681B6AC0
:10317000FB60FB681B881A467B681B68C2F3080269
:103180005A607B681B6A9A1C7B681A6208E07B683D
:103190001B6A591C7A6811621A787B681B685A602E
:1031A0007B68DB8C9BB2013B9BB27A681946D18469
:1031B000002B0FD17B681B68DA687B681B6822F0E4
:1031C0008002DA607B681B68DA687B681B6842F003
:1031D0004002DA60002300E0022318461437BD469F
:1031E0005DF8047B704780B582B000AF78607B6883
:1031F0001B68DA687B681B6822F04002DA607B6833
:10320000202283F83D207868FFF78EFE00231846C1
:103210000837BD4680BD80B58CB000AF78607B6854
:1032200093F83E30DBB2222B40F0AB807B689B688A
:10323000B3F5805F17D17B681B69002B13D1002386
:10324000FB627B689B6ABB627B681B685B689BB2A6
:10325000C3F308039AB2BB6A1A807B689B6A9A1C04
:103260007B689A6226E07B689B6AFB620023BB62F4
:103270007B689B68B3F5805F07D07B689B68002BF9
:103280000AD17B681B69002B06D17B681B685B68D1
:10329000DAB2FB6A1A7008E07B681B685B68DBB215
:1032A00003F07F03DAB2FB6A1A707B689B6A5A1CD0
:1032B0007B689A627B68DB8D9BB2013B9BB27A682C
:1032C0001946D185002B5AD17B681B68DA687B6868
:1032D0001B6822F02002DA607B681B68DA687B6872
:1032E0001B6822F48072DA607B681B685A697B680D
:1032F0001B6822F001025A617B68202283F83E207D
:103300007B681B6B012B35D17B6800221A637B68BD
:103310001B680C337B617B6953E8003F3B613B6971
:1033200023F010037B627B681B680C337A6A3A6275
:10333000FB61F9693A6A41E80023BB61BB69002B74
:10334000E5D17B681B681B6803F01003102B0AD1C2
:103350000023FB607B681B681B68FB607B681B6845
:103360005B68FB60FB687B689B8D19467868FFF79C
:10337000F9FD02E07868FFF7E1FD002302E0002399
:1033800000E0022318463037BD4680BD2DE9B04F1E
:10339000C0B000AFC7F8F400D7F8F4301B681B6961
:1033A00023F44050D7F8F430D968D7F8F4301A68CD
:1033B00040EA01031361D7F8F4309A68D7F8F43083
:1033C0001B691A43D7F8F4305B691A43D7F8F43015
:1033D000DB691343C7F8F830D7F8F4301B68DB68B3
:1033E00023F4164121F00C01D7F8F4301A68D7F80D
:1033F000F8300B43D360D7F8F4301B685B6923F4D3
:103400004070D7F8F4309969D7F8F4301A6840EA78
:1034100001035361D7F8F4301A688F4B9A4205D0F4
:10342000D7F8F4301A688D4B9A4204D1FDF77CF935
:10343000C7F8FC0003E0FDF763F9C7F8FC00D7F814
:10344000F430DB69B3F5004F40F00C81D7F8FC3065
:103450000022C7F8E830C7F8EC20D7E93A45224601
:103460002B469118B9655B41FB65D7E916232146C8
:1034700012EB0108294643EB01094FF000024FF01F
:1034800000034FEAC90343EA58734FEAC802904663
:103490009946234618EB0303C7F8E0302B4649EB67
:1034A0000303C7F8E430D7F8F4305B680022C7F8AC
:1034B000D830C7F8DC20D7E936120B46DB183B655D
:1034C000134642EB03037B65D7E91423D7E93801A0
:1034D000EDF710FD02460B46614BA3FB02235B098F
:1034E0001C01D7F8FC300022C7F8D030C7F8D42030
:1034F000D7E9348942464B469118B9645B41FB6475
:10350000D7E91223414612EB010A494643EB010B6E
:103510004FF000024FF000034FEACB0343EA5A7327
:103520004FEACA0292469B4643461AEB0303C7F88A
:10353000C8304B464BEB0303C7F8CC30D7F8F43018
:103540005B680022C7F8C030C7F8C420D7E9301242
:103550000B46DB183B64134642EB03037B64D7E95D
:103560001023D7E93201EDF7C5FC02460B461146A0
:103570003B4BA3FB01235B09642202FB03F3CB1A41
:10358000DB0003F13202364BA3FB02235B095B0035
:1035900003F4F8731C44D7F8FC300022C7F8B830A5
:1035A000C7F8BC20D7E92E8942464B469118B9632B
:1035B0005B41FB63D7E90E23414651183963494605
:1035C0004B417B634FF000024FF00003D7E90CAB97
:1035D0005946CB00514643EA51735146CA00104642
:1035E0001946034642469B18C7F8B0304B460A4678
:1035F00042EB0303C7F8B430D7F8F4305B6800221D
:10360000C7F8A830C7F8AC20D7E92A120B46DB1858
:10361000BB62134642EB0303FB62D7E90A23D7E9F7
:103620002C01EDF767FC02460B460D4BA3FB021382
:103630005B09642101FB03F3D31ADB003233084A30
:10364000A2FB03235B0903F00702D7F8F4301B68E1
:1036500022449A6006E100BF0010014000140140BE
:103660001F85EB51D7F8FC300022C7F8A030C7F80F
:10367000A420D7E9288942464B46911839625B411C
:103680007B62D7E9082341465418494643EB0105BC
:103690004FF000024FF00003EB0043EA5473E200E6
:1036A00014461D464346E318C7F898304B4645EB91
:1036B0000303C7F89C30D7F8F4305B680022C7F8E2
:1036C0009030C7F894204FF000024FF00003D7E984
:1036D000244529468B00214643EA917321468A00FE
:1036E000D7E92601EDF706FC02460B46604BA3FB2B
:1036F00002235B091C01D7F8FC300022C7F8883090
:10370000C7F88C20D7E9228942464B469118B96107
:103710005B41FB61D7E906234146511839614946AF
:103720004B417B614FF000024FF00003D7E904AB3F
:103730005946CB00514643EA51735146CA001046E0
:103740001946034642469B18C7F880304B460A4646
:1037500042EB0303C7F88430D7F8F4305B680022EB
:10376000BB67FA674FF000024FF00003D7E91E89EC
:1037700049468B00414643EA917341468A00D7E9A6
:103780002001EDF7B7FB02460B461146384BA3FB71
:1037900001235B09642202FB03F3CB1A1B013233C2
:1037A000334AA2FB03235B0903F0F0031C44D7F860
:1037B000FC3000223B677A67D7E91C8942464B46BA
:1037C0009118B9605B41FB60D7E90223414651186B
:1037D000396049464B417B604FF000024FF00003D7
:1037E000D7E900AB5946CB00514643EA51735146E5
:1037F000CA0010461946034642469B18BB664B4614
:103800000A4642EB0303FB66D7F8F4305B680022FC
:103810003B667A664FF000024FF00003D7E9188943
:1038200049468B00414643EA917341468A00D7E9F5
:103830001A01EDF75FFB02460B460D4BA3FB02138B
:103840005B09642101FB03F3D31A1B013233084ADD
:10385000A2FB03235B0903F00F02D7F8F4301B68C7
:1038600022449A6000BF07F58077BD46BDE8B08F5F
:103870001F85EB5180B483B000AF03463960FB7104
:1038800097F90730002B0ADB3B68DAB20C4997F94D
:1038900007301201D2B20B4483F800230AE03B68E0
:1038A000DAB20849FB7903F00F03043B1201D2B2EC
:1038B0000B441A7600BF0C37BD465DF8047B704799
:1038C00000E100E000ED00E080B500AF054B1B68B3
:1038D00002F004F80346012B01D002F0FDFD00BF09
:1038E00080BD00BF10E000E080B500AF00216FF0A8
:1038F0000400FFF7BFFF00BF80BD000080B483B0AD
:1039000000AFEFF305833B603B68002B03D06FF003
:1039100005037B600CE00A4B1B68002B05D1084BAC
:1039200001221A6000237B6002E04FF0FF337B60CE
:103930007B6818460C37BD465DF8047B704700BFB6
:10394000842C002080B582B000AFEFF305833B608C
:103950003B68002B03D06FF005037B6010E00B4B3E
:103960001B68012B09D1FFF7BFFF084B02221A6029
:1039700001F0F4FA00237B6002E04FF0FF337B603C
:103980007B6818460837BD4680BD00BF842C0020E8
:1039900080B58EB004AFF860B9607A6000233B61F7
:1039A000EFF305837B617B69002B7FD1FB68002BE4
:1039B0007CD04FF400733B621823FB6100237B62D1
:1039C0004FF0FF33BB617B68002B45D07B681B68E1
:1039D000002B02D07B681B687B627B689B69002B95
:1039E00002D07B689B69FB61FB69002B08D0FB69F7
:1039F000382B05D87B685B6803F00103002B01D0EE
:103A0000002354E07B685B69002B03D07B685B6913
:103A10009B083B627B689B68002B0ED07B68DB6851
:103A2000A72B0AD97B681B69002B06D07B685B69D2
:103A3000002B02D00123BB6110E07B689B68002B48
:103A40000CD17B68DB68002B08D17B681B69002BDD
:103A500004D10023BB6101E00023BB61BB69012BE2
:103A600010D17B681B697A68926802920193FB69A6
:103A70000093BB683A6A796AF86801F07BF80346FC
:103A80003B6113E0BB69002B10D13B6A9AB207F18E
:103A900010030193FB690093BB68796AF86801F031
:103AA000C9F80346012B01D000233B613B6918464E
:103AB0002837BD4680BD80B584B000AF7860EFF395
:103AC0000583BB60BB68002B03D06FF00503FB6070
:103AD00007E00023FB607B68002B02D0786801F0D0
:103AE00007FAFB6818461037BD4680BD80B58AB01E
:103AF00002AFF860B9607A600023FB61EFF30583E1
:103B00003B613B69002B5FD1FB68002B5CD0BB683D
:103B1000002B59D04FF0FF33BB617B68002B29D0BD
:103B20007B689B68002B12D07B68DB684F2B0ED91B
:103B30007B681B69002B0AD07B685A69FB68B968EF
:103B400001FB03F39A4202D30123BB6114E07B68BB
:103B50009B68002B10D17B68DB68002B0CD17B6845
:103B60001B69002B08D17B685B69002B04D1002303
:103B7000BB6101E00023BB61BB69012B0BD17B68FA
:103B80001A697B689B6800210091B968F86800F0A9
:103B900055FAF86108E0BB69002B05D10022B9682D
:103BA000F86800F0C8FAF861FB69002B0CD07B685C
:103BB000002B03D07B681B687B6101E000237B61E5
:103BC0007969F86900F04EFFFB6918462037BD4659
:103BD00080BD000080B588B000AFF860B9603B6080
:103BE0001346FB71FB68BB610023FB61EFF30583A8
:103BF0007B617B69002B28D0BB69002B05D0BB689B
:103C0000002B02D03B68002B03D06FF00303FB6155
:103C100038E000233B6107F110020023B968B8695E
:103C200000F0EAFB0346012B03D06FF00203FB61B7
:103C300028E03B69002B25D0154B4FF080521A60CD
:103C4000BFF34F8FBFF36F8F1CE0BB69002B02D017
:103C5000BB68002B03D16FF00303FB6112E000236C
:103C60003A68B968B86900F0C5FA0346012B09D073
:103C70003B68002B03D06FF00103FB6102E06FF0A3
:103C80000203FB61FB6918462037BD4680BD00BFBB
:103C900004ED00E080B588B000AFF860B9607A60EC
:103CA0003B60FB68BB610023FB61EFF305837B6135
:103CB0007B69002B28D0BB69002B05D0BB68002B8B
:103CC00002D03B68002B03D06FF00303FB6137E0A9
:103CD00000233B6107F110031A46B968B86900F088
:103CE0000BFD0346012B03D06FF00203FB6127E0BD
:103CF0003B69002B24D0154B4FF080521A60BFF364
:103D00004F8FBFF36F8F1BE0BB69002B02D0BB68E6
:103D1000002B03D16FF00303FB6111E03A68B9682F
:103D2000B86900F007FC0346012B09D03B68002B63
:103D300003D06FF00103FB6102E06FF00203FB614F
:103D4000FB6918462037BD4680BD00BF04ED00E08A
:103D500080B586B000AF78607B683B61EFF3058388
:103D6000FB60FB68002B03D06FF005037B610EE066
:103D70003B69002B03D16FF003037B6107E03869D7
:103D800000F09AFE00237B61386900F037FD7B6903
:103D900018461837BD4680BD80B485B000AFF860C6
:103DA000B9607A60FB68074A1A60BB68064A1A6005
:103DB0007B684FF400721A6000BF1437BD465DF88F
:103DC000047B7047882C0020302D002080B485B003
:103DD00000AFF860B9607A60FB68074A1A60BB6898
:103DE000064A1A607B684FF480621A6000BF14377D
:103DF000BD465DF8047B704730350020D835002083
:103E000080B483B000AF78607B6803F108027B6800
:103E10005A607B684FF0FF329A607B6803F10802BA
:103E20007B68DA607B6803F108027B681A617B6853
:103E300000221A6000BF0C37BD465DF8047B704756
:103E400080B483B000AF78607B6800221A6100BF45
:103E50000C37BD465DF8047B704780B485B000AF79
:103E6000786039607B685B68FB603B68FA685A6021
:103E7000FB689A683B689A60FB689B683A685A607E
:103E8000FB683A689A603B687A681A617B681B68CD
:103E90005A1C7B681A6000BF1437BD465DF8047B6E
:103EA000704780B485B000AF786039603B681B68AC
:103EB000BB60BB68B3F1FF3F03D17B681B69FB604C
:103EC0000CE07B680833FB6002E0FB685B68FB602A
:103ED000FB685B681B68BA689A42F6D2FB685A684E
:103EE0003B685A603B685B683A689A603B68FA686E
:103EF0009A60FB683A685A603B687A681A617B6826
:103F00001B685A1C7B681A6000BF1437BD465DF8F9
:103F1000047B704780B485B000AF78607B681B6914
:103F2000FB607B685B687A6892689A607B689B68D4
:103F30007A6852685A60FB685B687A689A4203D173
:103F40007B689A68FB685A607B6800221A61FB688C
:103F50001B685A1EFB681A60FB681B6818461437FA
:103F6000BD465DF8047B704780B584B000AF7860D3
:103F700039607B68FB60FB68002B0BD14FF050036E
:103F800083F31188BFF36F8FBFF34F8FBB6000BF08
:103F900000BFFDE702F010FAFB681A68FB68DB6BF4
:103FA000F968096C01FB03F31A44FB689A60FB682B
:103FB00000229A63FB681A68FB685A60FB681A68FB
:103FC000FB68DB6B013BF968096C01FB03F31A44E6
:103FD000FB68DA60FB68FF2283F84420FB68FF225D
:103FE00083F845203B68002B14D1FB681B69002B2C
:103FF0001AD0FB681033184601F072FA0346002B02
:1040000012D00D4B4FF080521A60BFF34F8FBFF3A9
:104010006F8F09E0FB6810331846FFF7F1FEFB686D
:1040200024331846FFF7ECFE02F0F8F90123184696
:104030001037BD4680BD00BF04ED00E080B58EB0F6
:1040400002AFF860B9607A603B60FB68002B0BD16F
:104050004FF0500383F31188BFF36F8FBFF34F8F7F
:10406000BB6200BF00BFFDE73B68002B0BD14FF0E8
:10407000500383F31188BFF36F8FBFF34F8F7B62C1
:1040800000BF00BFFDE77B68002B02D0BB68002BA0
:1040900001D0012300E00023002B0BD14FF050038F
:1040A00083F31188BFF36F8FBFF34F8F3B6200BF65
:1040B00000BFFDE77B68002B02D1BB68002B01D15C
:1040C000012300E00023002B0BD14FF0500383F3BA
:1040D0001188BFF36F8FBFF34F8FFB6100BF00BF2D
:1040E000FDE750237B617B69502B0BD04FF05003D1
:1040F00083F31188BFF36F8FBFF34F8FBB6100BF96
:1041000000BFFDE77B693B68FB62FB6A002B0DD0BB
:10411000FB6A012283F8462097F83820FB6A009357
:1041200013467A68B968F86800F040F8FB6A1846E8
:104130003037BD4680BD80B58AB002AFF860B96047
:104140001346FB71FB68002B0BD14FF0500383F338
:104150001188BFF36F8FBFF34F8F3B6100BF00BF6C
:10416000FDE7FB68BA6802FB03F3FB61FB695033B0
:10417000184602F043FAB861BB69002B11D0BB6945
:104180007B617B6950337B61BB69002283F84620E9
:10419000FA79BB69009313467A69B968F86800F048
:1041A00005F8BB6918462037BD4680BD80B584B090
:1041B00000AFF860B9607A60FB70BB68002B03D178
:1041C000BB69BA691A6002E0BB697A681A60BB69A8
:1041D000FA68DA63BB69BA681A640121B869FFF743
:1041E000C3FEBB69FA7883F84C2000BF1037BD4688
:1041F00080BD000080B58EB000AFF860B9607A6015
:104200003B6000237B63FB683B633B6B002B0BD164
:104210004FF0500383F31188BFF36F8FBFF34F8FBD
:10422000BB6200BF00BFFDE7BB68002B03D13B6B47
:104230001B6C002B01D1012300E00023002B0BD1CC
:104240004FF0500383F31188BFF36F8FBFF34F8F8D
:104250007B6200BF00BFFDE73B68022B03D13B6BD5
:10426000DB6B012B01D1012300E00023002B0BD1DC
:104270004FF0500383F31188BFF36F8FBFF34F8F5D
:104280003B6200BF00BFFDE701F028FB0346002BA7
:1042900002D17B68002B01D1012300E00023002B19
:1042A0000BD14FF0500383F31188BFF36F8FBFF32F
:1042B0004F8FFB6100BF00BFFDE702F07DF83B6B55
:1042C0009A6B3B6BDB6B9A4202D33B68022B29D182
:1042D0003A68B968386B00F0B5FAF8623B6B5B6A14
:1042E000002B10D03B6B2433184601F0F9F803463D
:1042F000002B13D03F4B4FF080521A60BFF34F8F0B
:10430000BFF36F8F0AE0FB6A002B07D0394B4FF0E9
:1043100080521A60BFF34F8FBFF36F8F02F07EF8A9
:10432000012363E07B68002B03D102F077F80023C0
:104330005CE07B6B002B06D107F11403184601F0FB
:1043400033F901237B6302F069F800F077FE02F095
:1043500033F83B6B93F844305BB2B3F1FF3F03D1CA
:104360003B6B002283F844203B6B93F845305BB2F3
:10437000B3F1FF3F03D13B6B002283F8452002F0ED
:104380004DF83A1D07F114031146184601F022F9C1
:104390000346002B24D1386B00F04CFB0346002B66
:1043A00018D03B6B10337A681146184601F046F876
:1043B000386B00F0D7FA00F04FFE0346002B7FF475
:1043C0007CAF0C4B4FF080521A60BFF34F8FBFF39E
:1043D0006F8F72E7386B00F0C5FA00F03DFE6CE7B6
:1043E000386B00F0BFFA00F037FE0023184638376C
:1043F000BD4680BD04ED00E080B590B000AFF86030
:10440000B9607A603B60FB68BB63BB6B002B0BD170
:104410004FF0500383F31188BFF36F8FBFF34F8FBB
:10442000BB6200BF00BFFDE7BB68002B03D1BB6BC5
:104430001B6C002B01D1012300E00023002B0BD1CA
:104440004FF0500383F31188BFF36F8FBFF34F8F8B
:104450007B6200BF00BFFDE73B68022B03D1BB6B53
:10446000DB6B012B01D1012300E00023002B0BD1DA
:104470004FF0500383F31188BFF36F8FBFF34F8F5B
:104480003B6200BF00BFFDE702F076F8EFF3118258
:104490004FF0500383F31188BFF36F8FBFF34F8F3B
:1044A000FA61BB61FB697B63BB6B9A6BBB6BDB6BBC
:1044B0009A4202D33B68022B2FD1BB6B93F8453055
:1044C00087F83330BB6B9B6BFB623A68B968B86B9B
:1044D00000F0B8F997F93330B3F1FF3F12D1BB6B5D
:1044E0005B6A002B16D0BB6B2433184600F0F8FF34
:1044F0000346002B0ED07B68002B0BD07B6801227B
:104500001A6007E097F833300133DBB25AB2BB6B65
:1045100083F845200123FB6301E00023FB637B6BF1
:104520007B617B6983F3118800BFFB6B18464037C2
:10453000BD4680BD80B58CB000AFF860B9607A60D0
:104540000023FB62FB68BB62BB6A002B0BD14FF000
:10455000500383F31188BFF36F8FBFF34F8F3B621C
:1045600000BF00BFFDE7BB68002B03D1BB6A1B6C1B
:10457000002B01D1012300E00023002B0BD14FF0D1
:10458000500383F31188BFF36F8FBFF34F8FFB612D
:1045900000BF00BFFDE701F0A1F90346002B02D1E7
:1045A0007B68002B01D1012300E00023002B0BD1FD
:1045B0004FF0500383F31188BFF36F8FBFF34F8F1A
:1045C000BB6100BF00BFFDE701F0F6FEBB6A9B6B5D
:1045D0007B627B6A002B1FD0B968B86A00F09CF937
:1045E0007B6A5A1EBB6A9A63BB6A1B69002B0FD099
:1045F000BB6A1033184600F073FF0346002B07D048
:104600003C4B4FF080521A60BFF34F8FBFF36F8F58
:1046100001F004FF012369E07B68002B03D101F066
:10462000FDFE002362E0FB6A002B06D107F11003B8
:10463000184600F0B9FF0123FB6201F0EFFE00F025
:10464000FDFC01F0B9FEBB6A93F844305BB2B3F1F4
:10465000FF3F03D1BB6A002283F84420BB6A93F872
:1046600045305BB2B3F1FF3F03D1BB6A002283F850
:10467000452001F0D3FE3A1D07F1100311461846FC
:1046800000F0A8FF0346002B23D1B86A00F0BCF964
:104690000346002B17D0BB6A24337A6811461846AC
:1046A00000F0CCFEB86A00F05DF900F0D5FC0346DE
:1046B000002B89D10F4B4FF080521A60BFF34F8F00
:1046C000BFF36F8F80E7B86A00F04CF900F0C4FCCC
:1046D0007AE7B86A00F046F900F0BEFCB86A00F06C
:1046E00093F90346002B3FF46FAF00231846303791
:1046F000BD4680BD04ED00E080B58EB000AFF8602F
:10470000B9607A60FB683B633B6B002B0BD14FF0C9
:10471000500383F31188BFF36F8FBFF34F8F3B625A
:1047200000BF00BFFDE7BB68002B03D13B6B1B6CD8
:10473000002B01D1012300E00023002B0BD14FF00F
:10474000500383F31188BFF36F8FBFF34F8FFB616B
:1047500000BF00BFFDE701F00FFFEFF311824FF044
:10476000500383F31188BFF36F8FBFF34F8FBA618C
:104770007B61BB69FB623B6B9B6BBB62BB6A002BC3
:104780002FD03B6B93F8443087F82730B968386BEB
:1047900000F0C2F8BB6A5A1E3B6B9A6397F9273048
:1047A000B3F1FF3F12D13B6B1B69002B16D03B6B63
:1047B0001033184600F094FE0346002B0ED07B68A1
:1047C000002B0BD07B6801221A6007E097F8273096
:1047D0000133DBB25AB23B6B83F8442001237B6385
:1047E00001E000237B63FB6A3B613B6983F3118833
:1047F00000BF7B6B18463837BD4680BD80B584B09E
:1048000000AF78607B68FB60FB68002B0BD14FF03A
:10481000500383F31188BFF36F8FBFF34F8FBB60DB
:1048200000BF00BFFDE7F86800F046F9FB6893F8A9
:104830004630002B02D1F86801F0B4FF00BF1037FA
:10484000BD4680BD80B586B000AFF860B9607A60C3
:1048500000237B61FB689B6B3B61FB681B6C002B3F
:104860000DD1FB681B68002B4DD1FB689B68184677
:1048700001F052F87861FB6800229A6043E07B689F
:10488000002B19D1FB685868FB681B6C1A46B96885
:1048900002F0C4F9FB685A68FB681B6C1A44FB6899
:1048A0005A60FB685A68FB689B689A422BD3FB6886
:1048B0001A68FB685A6026E0FB68D868FB681B6CC6
:1048C0001A46B96802F0AAF9FB68DA68FB681B6C43
:1048D0005B421A44FB68DA60FB68DA68FB681B68B5
:1048E0009A4207D2FB689A68FB681B6C5B421A44C9
:1048F000FB68DA607B68022B05D13B69002B02D094
:104900003B69013B3B613B695A1CFB689A637B69CD
:1049100018461837BD4680BD80B582B000AF7860BC
:1049200039607B681B6C002B18D07B68DA687B6869
:104930001B6C1A447B68DA607B68DA687B689B686A
:104940009A4203D37B681A687B68DA607B68D9680F
:104950007B681B6C1A46386802F060F900BF0837A4
:10496000BD4680BD80B584B000AF786001F024FD05
:104970007B6893F84530FB7311E07B685B6A002B22
:1049800012D07B682433184600F0AAFD0346002BA2
:1049900001D000F083FEFB7B013BDBB2FB7397F998
:1049A0000F30002BE9DC00E000BF7B68FF2283F8BA
:1049B000452001F033FD01F0FFFC7B6893F84430A3
:1049C000BB7311E07B681B69002B12D07B6810332E
:1049D000184600F085FD0346002B01D000F05EFE76
:1049E000BB7B013BDBB2BB7397F90E30002BE9DCDC
:1049F00000E000BF7B68FF2283F8442001F00EFD39
:104A000000BF1037BD4680BD80B584B000AF786070
:104A100001F0D2FC7B689B6B002B02D10123FB6071
:104A200001E00023FB6001F0F9FCFB681846103739
:104A3000BD4680BD80B584B000AF786001F0BCFC9D
:104A40007B689A6B7B68DB6B9A4202D10123FB6027
:104A500001E00023FB6001F0E1FCFB681846103721
:104A6000BD4680BD80B485B000AF7860396000235A
:104A7000FB6014E00F4AFB6852F83330002B0BD177
:104A80000C49FB683A6841F833200A4AFB68DB00AE
:104A900013447A685A6006E0FB680133FB60FB68E8
:104AA000072BE7D900BF00BF1437BD465DF8047B74
:104AB000704700BFD845002080B485B000AF786053
:104AC0000023FB6016E0104AFB68DB0013445B68C0
:104AD0007A689A420BD10C4AFB68002142F83310E5
:104AE000094AFB68DB00134400225A6006E0FB68B9
:104AF0000133FB60FB68072BE5D900BF00BF14370B
:104B0000BD465DF8047B7047D845002080B586B06F
:104B100000AFF860B9607A60FB687B6101F04CFC23
:104B20007B6993F844305BB2B3F1FF3F03D17B69FB
:104B3000002283F844207B6993F845305BB2B3F1DF
:104B4000FF3F03D17B69002283F8452001F066FC1A
:104B50007B699B6B002B06D17B6924337A68B9682B
:104B6000184600F091FC7869FFF7FCFE00BF18378B
:104B7000BD4680BD80B58EB004AFF860B9607A6084
:104B80003B607B6B002B0BD14FF0500383F31188FC
:104B9000BFF36F8FBFF34F8F3B6200BF00BFFDE7D6
:104BA000BB6B002B0BD14FF0500383F31188BFF385
:104BB0006F8FBFF34F8FFB6100BF00BFFDE7A823DE
:104BC0003B613B69A82B0BD04FF0500383F3118856
:104BD000BFF36F8FBFF34F8FBB6100BF00BFFDE717
:104BE0003B69BB6B002B1ED07B6B002B1BD0BB6BC0
:104BF0007B627B6A7A6B1A637B6A022283F8A52048
:104C0000002303937B6A029307F1140301933B6B28
:104C100000933B687A68B968F86800F051F8786AE0
:104C200000F0F6F801E000237B617B691846283725
:104C3000BD4680BD80B58CB004AFF860B9603B6004
:104C40001346FB80FB889B00184601F0D7FC786177
:104C50007B69002B0ED0A82001F0D0FCF861FB6925
:104C6000002B03D0FB697A691A6305E0786901F0CB
:104C700099FD01E00023FB61FB69002B17D0FB6964
:104C8000002283F8A520FA8800230393FB6902938E
:104C9000FB6A0193BB6A00933B68B968F86800F04F
:104CA0000FF8F86900F0B4F80123BB6102E04FF09F
:104CB000FF33BB61BB6918462037BD4680BD00008D
:104CC00080B588B000AFF860B9607A603B603B6B3C
:104CD000186B7B689B001A46A52101F00DFF3B6B0A
:104CE0001A6B7B6803F18043013B9B001344BB615B
:104CF000BB6923F00703BB61BB6903F00703002B0B
:104D00000BD04FF0500383F31188BFF36F8FBFF3C5
:104D10004F8F7B6100BF00BFFDE7BB68002B1FD03A
:104D20000023FB6112E0BA68FB69134419783A6BFF
:104D3000FB69134434330A461A70BA68FB6913449A
:104D40001B78002B06D0FB690133FB61FB690F2B3D
:104D5000E9D900E000BF3B6B002283F8432003E069
:104D60003B6B002283F83420BB6A372B01D93723F1
:104D7000BB623B6BBA6ADA623B6BBA6ADA643B6B62
:104D800000221A653B6B04331846FFF759F83B6B5A
:104D900018331846FFF754F83B6B3A6B1A61BB6A3D
:104DA000C3F138023B6B9A613B6B3A6B5A623B6BC7
:104DB0000022C3F8A0203B6B002283F8A4203B6BA9
:104DC00054334C220021184601F096FE3B6B0D4AED
:104DD0009A653B6B0C4ADA653B6B0C4A1A663A687B
:104DE000F968B86901F0B6F902463B6B1A60FB6AD4
:104DF000002B02D0FB6A3A6B1A6000BF2037BD4619
:104E000080BD00BF6CDC0120D4DC01203CDD012032
:104E100080B582B000AF786001F0CEFA2D4B1B68F0
:104E200001332C4A13602C4B1B68002B09D12A4AF2
:104E30007B681360274B1B68012B10D100F052FCDC
:104E40000DE0264B1B68002B09D1234B1B68DA6A47
:104E50007B68DB6A9A4202D81F4A7B681360204B4A
:104E60001B6801331E4A13601D4B1A687B685A6425
:104E70007B68DA6A1B4B1B689A4203D97B68DB6A42
:104E8000184A13607B68DA6A13469B0013449B0040
:104E9000154A1A447B68043319461046FEF7DDFFB5
:104EA00001F0BCFA0D4B1B68002B0ED00A4B1B689F
:104EB000DA6A7B68DB6A9A4207D20C4B4FF0805269
:104EC0001A60BFF34F8FBFF36F8F00BF0837BD4627
:104ED00080BD00BFEC4A002018460020F84A0020A0
:104EE000084B0020F44A00201C46002004ED00E09E
:104EF00080B584B000AF78600023FB607B68002B36
:104F000018D0144B1B68002B0BD04FF0500383F3C9
:104F10001188BFF36F8FBFF34F8FBB6000BF00BF1F
:104F2000FDE700F08BF80021786800F065FD00F0E7
:104F300093F8F860FB68002B07D1074B4FF08052C5
:104F40001A60BFF34F8FBFF36F8F00BF1037BD469E
:104F500080BD00BF144B002004ED00E080B58AB096
:104F600004AF0023BB6000237B603A46391D07F184
:104F700008031846FEF710FF39687B68BA6802928A
:104F800001930023009300230A4624492448FFF795
:104F9000F1FD0346234A1360224B1B68002B02D00D
:104FA00001237B6101E000237B617B69012B02D13E
:104FB00000F076FD78617B69012B1BD14FF0500327
:104FC00083F31188BFF36F8FBFF34F8F3B6100BF37
:104FD000154B1B685433154A1360154B4FF0FF32C5
:104FE0001A60144B01221A60134B00221A6001F060
:104FF0003FF90FE07B69B3F1FF3F0BD14FF0500356
:1050000083F31188BFF36F8FBFF34F8FFB6000BF37
:1050100000BFFDE700BF1837BD4680BD1CB50108C5
:10502000B5560108104B0020184600201000002043
:105030000C4B0020F84A0020F04A002080B400AF5A
:10504000044B1B680133034A136000BFBD465DF883
:10505000047B7047144B002080B584B000AF002360
:10506000FB600023BB60424B1B68002B0BD14FF051
:10507000500383F31188BFF36F8FBFF34F8F3B60F3
:1050800000BF00BFFDE701F097F9394B1B68013BFA
:10509000374A1360364B1B68002B62D1354B1B68B7
:1050A000002B5ED02FE0344BDB68DB68FB60FB68D5
:1050B00018331846FEF72EFFFB6804331846FEF738
:1050C00029FFFB68DA6A2D4B1B689A4203D9FB68FB
:1050D000DB6A2A4A1360FB68DA6A13469B001344B2
:1050E0009B00274A1A44FB68043319461046FEF712
:1050F000B4FEFB68DA6A234B1B68DB6A9A4202D370
:10510000214B01221A601C4B1B68002BCBD1FB6882
:10511000002B01D000F0C2FB1C4B1B687B607B683E
:10512000002B10D000F046F80346002B02D0164B9F
:1051300001221A607B68013B7B607B68002BF1D108
:10514000124B00221A60104B1B68002B09D0012360
:10515000BB600F4B4FF080521A60BFF34F8FBFF30D
:105160006F8F01F05BF9BB6818461037BD4680BDF4
:10517000144B0020EC4A0020AC4A0020F44A0020E6
:105180001C46002018460020004B0020FC4A00204E
:1051900004ED00E080B483B000AF054B1B687B607A
:1051A0007B6818460C37BD465DF8047B704700BF2E
:1051B000F04A002080B586B000AF00237B614F4BE2
:1051C0001B68002B40F090804D4B1B6801333B6106
:1051D0004B4A3B6913603B69002B21D1494B1B684B
:1051E0001B68002B0BD04FF0500383F31188BFF3E3
:1051F0006F8FBFF34F8F3B6000BF00BFFDE7414B98
:105200001B68FB60404B1B683E4A13603E4AFB68CC
:1052100013603E4B1B6801333C4A136000F03EFBB9
:105220003B4B1B683A699A4249D3364B1B681B6853
:10523000002B04D1364B4FF0FF321A603FE0314B68
:105240001B68DB68DB68BB60BB685B687B603A69D6
:105250007B689A4203D22E4A7B6813602FE0BB68BA
:1052600004331846FEF756FEBB689B6A002B04D039
:10527000BB6818331846FEF74DFEBB68DA6A254B4B
:105280001B689A4203D9BB68DB6A224A1360BB6879
:10529000DA6A13469B0013449B001F4A1A44BB68FA
:1052A000043319461046FEF7D8FDBB68DA6A1B4B7B
:1052B0001B68DB6A9A42B8D301237B61B5E7174BC1
:1052C0001B68DA6A144913469B0013449B000B4485
:1052D0001B68012B01D901237B61114B1B68002B3B
:1052E00007D001237B6104E00E4B1B6801330D4A9C
:1052F00013607B6918461837BD4680BD144B0020EB
:10530000F04A0020A44A0020A84A0020044B0020B4
:105310000C4B0020F44A00201C46002018460020B8
:10532000004B0020FC4A002080B586B000AF3D4B0A
:105330001B68002B03D03C4B01221A606EE03A4BF5
:1053400000221A60394B1B681B6B3B614FF0A53381
:10535000FB603B691B68FA689A4211D13B690433D0
:105360001B68FA689A420BD13B6908331B68FA68DC
:105370009A4205D13B690C331B68FA689A4208D0FF
:105380002A4B1A68294B1B68343319461046EBF731
:1053900047FF274B1B687B6111E07B69002B0BD11A
:1053A0004FF0500383F31188BFF36F8FBFF34F8F1C
:1053B0007B6000BF00BFFDE77B69013B7B611D494E
:1053C0007A6913469B0013449B000B441B68002B17
:1053D000E3D07A6913469B0013449B00154A13449B
:1053E000BB60BB685B685A68BB685A60BB685A6838
:1053F000BB6808339A4204D1BB685B685A68BB68D3
:105400005A60BB685B68DB68084A1360084A7B69BE
:105410001360064B1B685433074A136000BF1837EC
:10542000BD4680BD144B0020004B002018460020D4
:10543000F44A00201C4600201000002080B584B0F3
:1054400000AF786039607B68002B0BD14FF05003C0
:1054500083F31188BFF36F8FBFF34F8FFB6000BFE3
:1054600000BFFDE7074B1B68183319467868FEF745
:1054700018FD0121386800F0BFFA00BF1037BD46A3
:1054800080BD00BF1846002080B586B000AFF86030
:10549000B9607A60FB68002B0BD14FF0500383F3A7
:1054A0001188BFF36F8FBFF34F8F7B6100BF00BFC9
:1054B000FDE70A4B1B6818331946F868FEF7CDFC68
:1054C0007B68002B02D04FF0FF33BB607968B8686F
:1054D00000F092FA00BF1837BD4680BD1846002084
:1054E00080B586B000AF78607B68DB68DB683B61C5
:1054F0003B69002B0BD14FF0500383F31188BFF3AE
:105500006F8FBFF34F8FFB6000BF00BFFDE73B69AC
:1055100018331846FEF7FEFC1D4B1B68002B1DD1EF
:105520003B6904331846FEF7F5FC3B69DA6A194B10
:105530001B689A4203D93B69DB6A164A13603B69D0
:10554000DA6A13469B0013449B00134A1A443B69D2
:10555000043319461046FEF780FC05E03B6918331A
:1055600019460E48FEF779FC3B69DA6A0C4B1B685A
:10557000DB6A9A4205D901237B610A4B01221A603A
:1055800001E000237B617B6918461837BD4680BD6A
:10559000144B0020F44A00201C460020AC4A002096
:1055A00018460020004B002080B483B000AF786024
:1055B000064B1A687B681A60054B1A687B685A604C
:1055C00000BF0C37BD465DF8047B7047044B0020DC
:1055D000F04A002080B588B000AF786039607B6801
:1055E000002B0BD14FF0500383F31188BFF36F8F63
:1055F000BFF34F8F3B6100BF00BFFDE73B68002B4F
:105600000BD14FF0500383F31188BFF36F8FBFF3BB
:105610004F8FFB6000BF00BFFDE700F0CDFE1D4BCC
:105620001B68BB617B685B68BA69D31A7B613B68A6
:105630001B68B3F1FF3F02D10023FB6123E07B68CD
:105640001A68154B1B689A4207D07B685B68BA6979
:105650009A4202D30123FB6115E03B681B687A691B
:105660009A420BD23B681A687B69D21A3B681A606F
:105670007868FFF799FF0023FB6104E03B68002294
:105680001A600123FB6100F0C9FEFB691846203750
:10569000BD4680BDF04A0020044B002080B400AF1E
:1056A000034B01221A6000BFBD465DF8047B7047C2
:1056B000004B002080B582B000AF786000F052F857
:1056C000064B1B68012BF9D9054B4FF080521A602D
:1056D000BFF34F8FBFF36F8FF0E700BF1C46002072
:1056E00004ED00E080B582B000AF00237B600CE0E9
:1056F0007A6813469B0013449B00124A13441846D1
:10570000FEF77EFB7B6801337B607B68372BEFD92C
:105710000D48FEF775FB0D48FEF772FB0C48FEF7CF
:105720006FFB0C48FEF76CFB0B48FEF769FB0B4B5D
:10573000054A1A600A4B054A1A6000BF0837BD4681
:1057400080BD00BF1C4600207C4A0020904A0020FB
:10575000AC4A0020C04A0020D84A0020A44A0020B9
:10576000A84A002080B582B000AF19E000F024FE06
:10577000104BDB68DB687B607B6804331846FEF700
:10578000C9FB0D4B1B68013B0B4A13600B4B1B689D
:10579000013B0A4A136000F041FE786800F048F8C7
:1057A000064B1B68002BE1D100BF00BF0837BD4688
:1057B00080BD00BFC04A0020EC4A0020D44A00202F
:1057C00080B485B000AF78600023FB6005E07B68A3
:1057D00001337B60FB680133FB607B681B78A52B82
:1057E000F5D0FB689B08FB60FB689BB2184614373A
:1057F000BD465DF8047B704780B586B000AF786029
:105800007B68002B02D1094B1B6800E07B687B6141
:105810007B691B6B3B613869FFF7D2FF0346FB6076
:10582000FB6818461837BD4680BD00BF18460020EB
:1058300080B584B000AF78607B685433184601F0BF
:1058400063F97B6893F8A530002B08D17B681B6B4C
:10585000184600F0A7FF786800F0A4FF19E07B6805
:1058600093F8A530012B03D1786800F09BFF10E07E
:105870007B6893F8A530022B0BD04FF0500383F3D5
:105880001188BFF36F8FBFF34F8FFB6000BF00BF66
:10589000FDE700BF1037BD4680BD000080B483B077
:1058A00000AF0C4B1B681B68002B04D10A4B4FF058
:1058B000FF321A6008E0074B1B68DB68DB687B601F
:1058C0007B685B68044A136000BF0C37BD465DF817
:1058D000047B7047A44A00200C4B002080B483B0A6
:1058E00000AF0B4B1B68002B02D101237B6008E04B
:1058F000084B1B68002B02D102237B6001E00023D0
:105900007B607B6818460C37BD465DF8047B7047AA
:10591000F84A0020144B002080B586B000AF7860B4
:105920007B683B6100237B617B68002B58D02F4B49
:105930001B683A699A420BD04FF0500383F31188E9
:10594000BFF36F8FBFF34F8FFB6000BF00BFFDE75A
:105950003B691B6D002B0BD14FF0500383F3118873
:10596000BFF36F8FBFF34F8FBB6000BF00BFFDE77A
:105970003B691B6D5A1E3B691A653B69DA6A3B69D4
:10598000DB6C9A422CD03B691B6D002B28D13B6904
:1059900004331846FEF7BEFA3B69DA6C3B69DA62FB
:1059A0003B69DB6AC3F138023B699A613B69DA6A99
:1059B0000F4B1B689A4203D93B69DB6A0C4A1360A0
:1059C0003B69DA6A13469B0013449B00094A1A4458
:1059D0003B69043319461046FEF73FFA01237B6109
:1059E0007B6918461837BD4680BD00BF18460020A9
:1059F000F44A00201C46002080B584B000AF7860D7
:105A00003960214B1B68FB60204B1B680433184630
:105A1000FEF780FA7B68B3F1FF3F0AD13B68002BA9
:105A200007D01A4B1B68043319461948FEF715FABC
:105A300026E0FA687B681344BB60144B1B68BA68A5
:105A40005A60BA68FB689A4209D2124B1A680F4B27
:105A50001B68043319461046FEF723FA10E00E4B7C
:105A60001A680A4B1B68043319461046FEF719FAE8
:105A70000A4B1B68BA689A4202D2084ABB68136094
:105A800000BF1037BD4680BDF04A002018460020F8
:105A9000D84A0020A84A0020A44A00200C4B00202D
:105AA00080B58AB004AF00237B6100F013FB1D4B6F
:105AB0001B68002B21D00023FB600023BB603A1D34
:105AC00007F1080107F10C031846FEF77FF9796822
:105AD000BB68FA68029201930223009300230A46EE
:105AE00011491248FFF746F80346114A1360104B5C
:105AF0001B68002B01D001237B617B69002B0BD13C
:105B00004FF0500383F31188BFF36F8FBFF34F8FB4
:105B10003B6100BF00BFFDE77B6918461837BD46F3
:105B200080BD00BF484B002024B501086D5C010812
:105B30004C4B002080B58AB000AFF860B9607A6045
:105B40003B6000237B62FB68002B0BD14FF05003BE
:105B500083F31188BFF36F8FBFF34F8F3B6200BF9A
:105B600000BFFDE7194B1B68002B2AD0BB683B61C7
:105B70007B687B61FB68BB61BB68052B18DCFFF7AA
:105B8000ADFE0346022B09D1104B186807F1100136
:105B900000233A6BFEF72EFB786212E00B4B18687D
:105BA00007F1100100230022FEF724FB786208E0D1
:105BB000064B186807F1100100233A68FEF71CFC39
:105BC00078627B6A18462837BD4680BD484B002066
:105BD00080B588B002AF78603960234B1B68DB6802
:105BE000DB687B617B6904331846FEF793F97B69B8
:105BF00093F8283003F00403002B23D07B699A69C3
:105C00007B68D1187B683A68786900F0D5F803465C
:105C1000002B20D00023009300237A6800217869AC
:105C2000FFF788FF38613B69002B14D14FF0500318
:105C300083F31188BFF36F8FBFF34F8FFB6000BFFB
:105C400000BFFDE77B6993F8283023F00103DAB247
:105C50007B6983F828207B691B6A7869984700BFB5
:105C60001837BD4680BD00BF404B002080B584B0D2
:105C700000AF786007F10803184600F059F8F860A3
:105C8000BB681946F86800F005F800F0D7F800BFC7
:105C9000F0E7000080B584B000AF78603960FFF7AE
:105CA000CDF907F10803184600F066F8F860BB6804
:105CB000002B30D13B68002B0AD17A68FB689A42EE
:105CC00006D8FFF7C9F9F9687868FFF781FF24E083
:105CD0003B68002B08D0134B1B681B68002B01D1BD
:105CE000012300E000233B600F4B18687A68FB68D3
:105CF000D31A3A681946FEF709FFFFF7ADF90346D4
:105D0000002B0AD1094B4FF080521A60BFF34F8F1E
:105D1000BFF36F8F01E0FFF79FF900BF1037BD465B
:105D200080BD00BF444B0020484B002004ED00E044
:105D300080B485B000AF78600E4B1B681B68002BE9
:105D400001D1012200E000227B681A607B681B6899
:105D5000002B05D1074B1B68DB681B68FB6001E06B
:105D60000023FB60FB6818461437BD465DF8047BD2
:105D7000704700BF404B002080B584B000AF786012
:105D8000FFF708FAF8600B4B1B68FA689A4205D2D5
:105D900000F03AF97B6801221A6002E07B68002279
:105DA0001A60044AFB681360FB6818461037BD464A
:105DB00080BD00BF504B002080B586B000AFF860BA
:105DC000B9607A603B6000237B61FB68BA685A6007
:105DD000FB68FA681A61BA687B689A4212D87A68D6
:105DE0003B68D21AFB689B699A4202D301237B610C
:105DF0001BE0104B1A68FB68043319461046FEF787
:105E000050F812E07A683B689A4206D2BA683B685A
:105E10009A4202D301237B6107E0074B1A68FB68B3
:105E2000043319461046FEF73CF87B6918461837CC
:105E3000BD4680BD444B0020404B002080B58EB055
:105E400002AFCEE07B68002B19DA3B1D0433FB6206
:105E5000FB6A002B0BD14FF0500383F31188BFF383
:105E60006F8FBFF34F8FFB6100BF00BFFDE7FB6A81
:105E70001B68FA6A5068FA6A9268114698477B680C
:105E8000002BC0F2AE80FB68BB62BB6A5B69002B73
:105E900004D0BB6A04331846FEF73CF83B4618466C
:105EA000FFF76AFF78627B68092B00F2978001A2F6
:105EB00052F823F0DD5E0108DD5E0108DD5E0108B9
:105EC000535F0108675F0108B35F0108DD5E0108E9
:105ED000DD5E0108535F0108675F0108BB6A93F844
:105EE000283043F00103DAB2BB6A83F82820BA688D
:105EF000BB6A9B69D118BB687A6AB86AFFF75CFF16
:105F00000346002B6CD0BB6A1B6AB86A9847BB6A11
:105F100093F8283003F00403002B61D0BA68BB6A01
:105F20009B691A440023009300230021B86AFFF7FD
:105F300001FE38623B6A002B52D14FF0500383F3CD
:105F40001188BFF36F8FBFF34F8FBB6100BF00BFDE
:105F5000FDE7BB6A93F8283023F00103DAB2BB6A8D
:105F600083F828203DE0BB6A93F8283043F0010312
:105F7000DAB2BB6A83F82820BA68BB6A9A61BB6A46
:105F80009B69002B0BD14FF0500383F31188BFF3B3
:105F90006F8FBFF34F8F7B6100BF00BFFDE7BB6A10
:105FA0009A697B6AD1187B6A7A6AB86AFFF704FF3C
:105FB00017E0BB6A93F8283003F00203002B03D1EB
:105FC000B86A00F0EFFB0CE0BB6A93F8283023F0CE
:105FD0000103DAB2BB6A83F8282002E000BF00E0C8
:105FE00000BF084B1B68391D00221846FEF7A2FAB5
:105FF0000346002B7FF426AF00BF00BF3037BD46FD
:1060000080BD00BF484B002080B588B002AF49E09A
:106010002E4B1B68DB681B683B612C4B1B68DB68E5
:10602000DB68FB60FB6804331846FDF773FFFB6811
:106030001B6AF8689847FB6893F8283003F004035C
:10604000002B2FD0FB689B693A691344BB60BA6888
:106050003B699A420ED9FB68BA685A60FB68FA68D5
:106060001A611A4B1A68FB68043319461046FDF78B
:1060700018FF17E00023009300233A690021F86815
:10608000FFF758FD78607B68002B0BD14FF0500371
:1060900083F31188BFF36F8FBFF34F8F3B6000BF57
:1060A00000BFFDE7094B1B681B68002BB0D1074BF5
:1060B0001B687B61064B1B68044A1360044A7B69BA
:1060C000136000BF1837BD4680BD00BF404B0020A5
:1060D000444B002080B582B002AF00F06DF9154B43
:1060E0001B68002B20D11448FDF78AFE1348FDF7EA
:1060F00087FE134B104A1A60124B104A1A60002395
:106100000093114B114A10210A20FDF797FF034617
:10611000084A1360074B1B68002B05D0054B1B6812
:106120000B491846FEF79EFC00F078F900BFBD460B
:1061300080BD00BF484B0020184B00202C4B002096
:10614000404B0020444B0020F44B0020544B0020D7
:106150002CB5010880B485B000AFF860B9607A60F2
:10616000FB68043BFB60FB684FF080721A60FB68C1
:10617000043BFB60BB6823F00102FB681A60FB680C
:10618000043BFB600C4AFB681A60FB68143BFB6035
:106190007A68FB681A60FB68043BFB60FB686FF081
:1061A00002021A60FB68203BFB60FB68184614374C
:1061B000BD465DF8047B7047BD61010880B485B0C1
:1061C00000AF00237B60134B1B68B3F1FF3F0BD084
:1061D0004FF0500383F31188BFF36F8FBFF34F8FDE
:1061E000FB6000BF00BFFDE74FF0500383F3118851
:1061F000BFF36F8FBFF34F8FBB6000BF00BF7B68E3
:10620000002BFCD000BF00BF1437BD465DF8047BF7
:10621000704700BF0C0000200000000000000000DC
:10622000074B19680868B0E8F04F80F30988BFF39E
:106230006F8F4FF0000080F311887047AFF300803C
:106240001846002000BF00BF08480068006880F3BF
:1062500008884FF0000080F3148862B661B6BFF37F
:106260004F8FBFF36F8F00DF00BF00BF08ED00E06E
:1062700080B586B000AF474B1B68474A93420BD1AD
:106280004FF0500383F31188BFF36F8FBFF34F8F2D
:10629000FB6000BF00BFFDE73E4B1B683F4A9342D7
:1062A0000BD14FF0500383F31188BFF36F8FBFF30F
:1062B0004F8F3B6100BF00BFFDE7394B7B617B69BE
:1062C0001B78DBB27B607B69FF221A707B691B78CD
:1062D000DBB2FB70FB78DBB203F05003DAB2314B78
:1062E0001A70314B07221A6009E02F4B1B68013BE3
:1062F0002D4A1360FB78DBB25B00DBB2FB70FB78EE
:10630000DBB203F08003802BEFD0274B1B68C3F177
:106310000703042B0BD04FF0500383F31188BFF316
:106320006F8FBFF34F8FBB6000BF00BFFDE71E4BF9
:106330001B681B021C4A13601B4B1B6803F4E063C1
:10634000194A13607B68DAB27B691A70174B1B68B5
:10635000164A43F470031360144B1B68134A43F04E
:106360007043136000F0DAF8114B00221A6000F05D
:10637000F9F8104B1B680F4A43F040431360FFF7D6
:1063800063FFFEF7D1FFFFF719FF00231846183708
:10639000BD4680BD00ED00E071C20F4170C20F41EB
:1063A00000E400E0444C0020484C002020ED00E0D8
:1063B0000C00002034EF00E080B483B000AF4FF059
:1063C000500383F31188BFF36F8FBFF34F8F7B6050
:1063D00000BF104B1B6801330E4A13600D4B1B6846
:1063E000012B10D10C4B1B68DBB2002B0BD04FF0F4
:1063F000500383F31188BFF36F8FBFF34F8F3B6060
:1064000000BF00BFFDE700BF0C37BD465DF8047B51
:10641000704700BF0C00002004ED00E080B483B0A2
:1064200000AF124B1B68002B0BD14FF0500383F3CE
:106430001188BFF36F8FBFF34F8F7B6000BF00BF2A
:10644000FDE70A4B1B68013B084A1360074B1B68BA
:10645000002B05D100233B603B6883F3118800BF0C
:1064600000BF0C37BD465DF8047B70470C00002070
:10647000EFF30980BFF36F8F154B1A681EF0100FF2
:1064800008BF20ED108A20E9F04F106009B44FF0EA
:10649000500080F31188BFF34F8FBFF36F8FFEF76B
:1064A00043FF4FF0000080F3118809BC19680868A9
:1064B000B0E8F04F1EF0100F08BFB0EC108A80F368
:1064C0000988BFF36F8F7047AFF30080AFF3008090
:1064D0001846002000BF00BF80B582B000AF4FF06B
:1064E000500383F31188BFF36F8FBFF34F8F7B602F
:1064F00000BFFEF75FFE0346002B03D0064B4FF0B4
:1065000080521A6000233B603B6883F3118800BF10
:1065100000BF0837BD4680BD04ED00E080B400AF89
:106520000B4B00221A600B4B00221A600A4B1B68AF
:106530000A4AA2FB03239B09094A013B1360044B4F
:1065400007221A6000BFBD465DF8047B704700BF9C
:1065500010E000E018E000E000000020D34D6210E1
:1065600014E000E0DFF80C00016841F47001016004
:10657000704700BF88ED00E080B485B000AFEFF356
:106580000583FB60FB680F2B15D9184AFB68134481
:106590001B78FB72164B1B78FA7A9A420BD24FF09B
:1065A000500383F31188BFF36F8FBFF34F8F7B606E
:1065B00000BF00BFFDE70F4B1B6803F4E0620E4B0A
:1065C0001B689A420BD94FF0500383F31188BFF335
:1065D0006F8FBFF34F8F3B6000BF00BFFDE700BF71
:1065E0001437BD465DF8047B704700BFF0E300E060
:1065F000444C00200CED00E0484C002080B58AB0EF
:1066000000AF78600023FB61FEF718FD5F4B1B684D
:10661000002B01D100F042F95D4B1A687B681340F2
:10662000002B40F095807B68002B1ED008227B68F1
:1066300013447B607B6803F00703002B15D07B6855
:1066400023F0070308337B607B6803F00703002B0C
:106650000BD04FF0500383F31188BFF36F8FBFF35C
:106660004F8F7B6100BF00BFFDE77B68002B6FD0C1
:10667000484B1B687A689A426AD8474B3B62464B44
:106680001B687B6204E07B6A3B627B6A1B687B62FF
:106690007B6A5B687A689A4203D97B6A1B68002B25
:1066A000F1D13A4B1B687A6A9A4251D03B6A1B6817
:1066B00008221344FB617B6A1A683B6A1A607B6A92
:1066C0005A687B68D21A08235B009A4220D97A6AFA
:1066D0007B681344BB61BB6903F00703002B0BD03D
:1066E0004FF0500383F31188BFF36F8FBFF34F8FC9
:1066F0003B6100BF00BFFDE77B6A5A687B68D21A26
:10670000BB695A607B6A7A685A60B86900F028F9F8
:10671000204B1A687B6A5B68D31A1E4A13601D4BB4
:106720001A681E4B1B689A4203D21A4B1B681B4AFD
:1067300013607B6A5A68164B1B681A437B6A5A605F
:106740007B6A00221A60164B1B680133144A1360DF
:10675000FEF782FCFB69002B01D1EAF775FDFB69AE
:1067600003F00703002B0BD04FF0500383F3118885
:10677000BFF36F8FBFF34F8FFB6000BF00BFFDE71C
:10678000FB6918462837BD4680BD00BF54DC012098
:1067900068DC012058DC01204CDC01205CDC01209D
:1067A00060DC012080B586B000AF78607B687B61DB
:1067B0007B68002B4FD008235B427A6913447B61CE
:1067C0007B693B613B695A68254B1B681340002B72
:1067D0000BD14FF0500383F31188BFF36F8FBFF3DA
:1067E0004F8FFB6000BF00BFFDE73B691B68002BBC
:1067F0000BD04FF0500383F31188BFF36F8FBFF3BB
:106800004F8FBB6000BF00BFFDE73B695A68144B68
:106810001B681340002B1ED03B691B68002B1AD14C
:106820003B695A680E4B1B68DB431A403B695A6050
:10683000FEF704FC3B695A680A4B1B681344094A7B
:106840001360386900F08CF8074B1B680133064A67
:106850001360FEF701FC00BF1837BD4680BD00BFC6
:1068600068DC012058DC012064DC012080B400AF2A
:10687000034B1B681846BD465DF8047B704700BF9C
:1068800058DC012080B400AF034B1B681846BD469E
:106890005DF8047B704700BF5CDC012080B485B0EC
:1068A00000AF4FF4C833BB60274BFB60FB6803F0BD
:1068B0000703002B0CD0FB680733FB60FB6823F059
:1068C0000703FB60BA68FB68D31A1F4A1344BB6016
:1068D000FB687B601D4A7B6813601C4B00225A607A
:1068E0007B68BA681344FB600822FB689B1AFB6054
:1068F000FB6823F00703FB60FB68154A1360144B29
:106900001B6800225A60124B1B6800221A607B68C9
:106910003B603B68FA68D21A3B685A600C4B1A68B5
:106920003B681A603B685B680A4A13603B685B68B7
:10693000094A1360094B4FF000421A6000BF143738
:10694000BD465DF8047B70474C4C00204CDC0120B8
:1069500054DC01205CDC012058DC012068DC0120D3
:1069600080B485B000AF7860284BFB6002E0FB6824
:106970001B68FB60FB681B687A689A42F7D8FB6863
:10698000BB60FB685B68BA6813447A689A4208D1B6
:10699000FB685A687B685B681A44FB685A60FB684E
:1069A0007B607B68BB607B685B68BA681A44FB6885
:1069B0001B689A4218D1FB681A68154B1B689A42EB
:1069C0000DD07B685A68FB681B685B681A447B685B
:1069D0005A60FB681B681A687B681A6008E00C4BF9
:1069E0001A687B681A6003E0FB681A687B681A60A3
:1069F000FA687B689A4202D0FB687A681A6000BF26
:106A00001437BD465DF8047B704700BF4CDC0120A5
:106A100054DC01200CB430B5184B0C1E1D689DB021
:106A200008DA8B232B604FF0FF301DB0BDE83040FB
:106A300002B070474FF40273ADF814304FF000030A
:106A40001B9314BF04F1FF332346049307934FF6BF
:106A5000FF7302900690ADF81630209A21AB02A980
:106A60002846019300F040FA431CBCBF8B232B60E7
:106A7000002CDAD0029B00221A70D6E7100000200A
:106A800030B51446002C9BB005461A4605DA8B2318
:106A900003604FF0FF301BB030BD4FF40273ADF810
:106AA0000C304FF00003199314BF04F1FF33234659
:106AB000029305934FF6FF7300910491ADF80E30E9
:106AC00069461E9B00F010FA431CBCBF8B232B6051
:106AD000002CE0D0009B00221A70DCE707B5009381
:106AE00013460A46014603480068FFF7C9FF03B092
:106AF00000BD00BF1000002002440346934200D1B5
:106B0000704703F8011BF9E72D4B1B68834270B5F2
:106B1000044653D0C3691BB3DB6863B10025E36946
:106B2000DB685959B1B90435802DF8D1E3692046A5
:106B3000D96800F081F8E369196811B1204600F0C6
:106B40007BF8E3699D685DB1294620462D6800F019
:106B500073F8F8E70E68204600F06EF83146E1E77A
:106B6000616911B1204600F067F8E16911B1204672
:106B700000F062F8216B11B1204600F05DF8616B06
:106B800011B1204600F058F8A16B11B1204600F079
:106B900053F8A16C11B1204600F04EF8616C11B1B0
:106BA000204600F049F8E16A11B1204600F044F8AF
:106BB000236A1BB12046BDE87040184770BD00BF76
:106BC00010000020014B1868704700BF1000002023
:106BD00070B50D4B0D4D5B1B9C100026A64209D1D4
:106BE00001F0FCFD0A4D0B4B5B1B9C100026A642DE
:106BF00005D170BD55F8043B98470136EEE755F8CE
:106C0000043B98470136F2E790BA010890BA0108B0
:106C100090BA010894BA0108704770470A4491423B
:106C200000F1FF3300D1704710B511F8014B03F8A4
:106C3000014F9142F9D110BD38B50546002941D028
:106C400051F8043C0C1F002BB8BFE41800F0E0F82A
:106C50001D4A136833B9636014602846BDE83840A4
:106C600000F0DCB8A34208D9206821188B4201BF8C
:106C700019685B6809182160EDE71A465B680BB17B
:106C8000A342FAD911685018A0420BD120680144E0
:106C9000501883421160E0D118685B685360084463
:106CA0001060DAE702D90C232B60D6E720682118A0
:106CB0008B4204BF19685B68636004BF09182160D8
:106CC0005460CAE738BD00BFB0DD012070B50F4E7B
:106CD0000C463168054611B900F0ACFB3060214626
:106CE000284600F0A7FB431C03D14FF0FF34204699
:106CF00070BDC41C24F00304A042F8D0211A284619
:106D000000F098FB0130F2D1EFE700BFACDD0120CD
:106D10002DE9F843CD1C25F0030508350C2D38BFAF
:106D20000C25002D064601DBA94204D90C23336053
:106D30000020BDE8F883DFF8D48000F069F8D8F8C7
:106D400000301C4644BB29463046FFF7BFFF431CBA
:106D5000044658D1D8F800402746002F43D1002CD4
:106D60004BD023683946304604EB030900F062FB40
:106D7000814542D121686D1A29463046FFF7A6FFAA
:106D800001303AD023682B442360D8F800305A6889
:106D900062BBC8F800700FE02268521B20D40B2A97
:106DA00017D96119A342256018BF5960636808BFED
:106DB000C8F8001062514B60304600F02FF804F123
:106DC0000B00231D20F00700C21A1CBF1B1AA35082
:106DD000AFE76268A3420CBFC8F800205A60EBE737
:106DE00023466468AEE73C467F68B6E71A465B68B0
:106DF000A342FBD100235360DEE70C23336030460F
:106E000000F00CF894E70560D6E700BFB0DD012084
:106E10000148FFF701BF00BFA8DD01200148FFF7CF
:106E2000FCBE00BFA8DD01202DE9F0478E681F469B
:106E3000BE4282460C469046334653D8B1F90C0008
:106E400010F4906F2BD065692368096905EB45053F
:106E5000A3EB010905EBD5757B1C6D104B44AB42D0
:106E60002A4684BF1D462A46430527D5114650466B
:106E7000FFF74EFF064658B321694A46FFF7CEFE9C
:106E8000A38923F4906343F08003A38126616561A5
:106E90004E44A5EB09052660A5603E463B461F46CD
:106EA00020683A46414600F0ABFAA3689B1BA360FA
:106EB00023683B4423600020BDE8F087504600F083
:106EC000C9FA06460028E1D121695046FFF7B4FE11
:106ED0000C23CAF80030A38943F04003A3814FF08C
:106EE000FF30E9E73E46DBE72DE9F0471F468B8997
:106EF0001B069CB006460D46144610D50B6973B9A7
:106F00004021FFF705FF2860286130B90C2333606A
:106F10004FF0FF301CB0BDE8F08740236B610023C9
:106F2000099320238DF8293003973023654F8DF87E
:106F30002A304FF001082346994613F8012B0AB175
:106F4000252AF9D1B9EB040A0BD05346224629462B
:106F50003046FFF769FF013000F0A480099A5244DF
:106F6000099299F80030002B00F09C8000234FF02C
:106F7000FF32CDE9052309F10109049307938DF848
:106F800053301A934C464F4814F8011B0522E9F779
:106F900027F9049BD0B9D80644BF20228DF853208E
:106FA000190744BF2B228DF8532099F800202A2A74
:106FB00013D0079A4C4600204FF00A0C214611F8D6
:106FC000013B303B092B49D968B913E0C01B08FAD3
:106FD00000F018430490A146D4E7039A111D1268EB
:106FE0000391002A01DB079204E0524243F00203BE
:106FF0000792049323782E2B0AD163782A2B32D15F
:10700000039B1A1D1B68039243EAE3730234059342
:10701000DFF8C090217803224846E9F7E1F838B15B
:10702000049BA0EB090040228240134301340493E7
:1070300014F8011B24488DF828100622E9F7D0F82F
:10704000002835D0214818BB039B073323F00703E2
:1070500008330393099B034409936CE70CFB02324A
:107060000C460120AAE700230134059319464FF08E
:107070000A0C204610F8012B303A092A03D9002BBC
:10708000C6D00591C4E70CFB012104460123F0E7BB
:1070900003AB00932A460E4B04A93046AFF30080A1
:1070A000421CD7D1AB895B063FF532AF099831E777
:1070B00003AB00932A46064B04A9304600F07AF849
:1070C000EEE700BF3CB6010846B60108000000002C
:1070D000296E010842B601082DE9F0471646984688
:1070E0008A680B69DDF820909342B8BF134633607D
:1070F00091F8432007460C460AB1013333602368F8
:10710000990642BF336802333360256815F00605DF
:1071100006D104F1190AE36832689B1AAB4226DCF7
:1071200094F843302268003B18BF012392062BD409
:1071300004F1430241463846C84701301ED0236857
:10714000226903F00603042B02BFE5683368ED1AD9
:10715000A3680CBF25EAE57500259342C4BF9B1ABE
:10716000ED1800261A34B5421AD1002008E0012398
:10717000524641463846C847013003D14FF0FF30F0
:10718000BDE8F0870135C6E7E1185A1C302081F8C8
:107190004300224494F8451082F843100233C7E7B5
:1071A0000123224641463846C8470130E6D0013621
:1071B000D9E700002DE9F0430D7E85B0782D90468B
:1071C0000C9E07460C46994601F1430207D8622DF2
:1071D0000AD8002D00F0D780582D00F0BC8004F1B3
:1071E000420684F842503BE0A5F16303152BF6D824
:1071F00001A151F823F000BF517201086572010826
:10720000DF710108DF710108DF710108DF7101081A
:1072100065720108DF710108DF710108DF71010883
:10722000DF7101086D7301088F7201081F73010877
:10723000DF710108DF7101088F730108DF71010838
:107240008F720108DF710108DF71010827730108DF
:1072500033681A1D1B68326004F1420684F842301C
:107260000123A1E033682068191D3160060601D5AD
:107270001D6803E04506FBD5B3F90050002D03DA85
:107280002D236D4284F843305B480A2311E02168C6
:107290003368080653F8045B02D4490648BFADB210
:1072A0003360237E54486F2B5CD10823002184F87F
:1072B00043106668A660002E05DB21682E4321F08E
:1072C0000401216050D01646B5FBF3F103FB115CBD
:1072D00010F80CC006F801CDAC4663450D46F3D955
:1072E000082B0BD12368DB0708D523696168994215
:1072F000DEBF302306F8013C06F1FF36921B226107
:10730000CDF80090434603AA21463846FFF7E4FE35
:1073100001304ED14FF0FF3005B0BDE8F083236857
:1073200043F0200323603548782584F845502368CE
:10733000316813F0800F51F8045B03D113F0400F54
:1073400018BFADB23160D90744BF43F020032360BA
:107350001DB11023AAE72848E7E7236823F020039C
:107360002360F6E70A23A1E71646B9E733682568E4
:107370006169181D30602E061B6801D5196002E096
:107380006806FBD51980002323611646B8E73368E9
:107390001A1D32601E68626800213046E8F720FF3F
:1073A00008B1801B606063682361002384F8433068
:1073B000A6E72369324641463846C8470130A9D07E
:1073C00023689B0713D4E068039B9842B8BF184614
:1073D000A2E70123324641463846C847013099D0DA
:1073E0000135E36803995B1AAB42F2DCEBE7002559
:1073F00004F11906F5E700BF4DB601085EB60108B5
:10740000884210B501EB020402D98442234607D812
:10741000431EA14207D011F8012B03F8012FF8E712
:107420000244824200D110BD13F8011D02F8011D73
:10743000F7E7000038B5064D0023044608462B60E8
:10744000F5F72CFC431C02D12B6803B1236038BD37
:10745000A4DD01202DE9F041074614460D4621B96F
:10746000BDE8F0411146FFF753BC2AB9FFF7E4FB32
:1074700025462846BDE8F08100F01AF88442064609
:1074800002D8B4EB500FF4D821463846FFF740FC41
:10749000804608B94546ECE7B4422246294628BF53
:1074A0003246FFF7BBFB29463846FFF7C5FBF1E73D
:1074B00051F8043C181F002BBCBF0B58C018704774
:1074C00038B52DED028B55EC104B00F0C3F8224679
:1074D0002B4620462946B0EE408AF0EE608AE9F756
:1074E00025FB30B90022002320462946E9F7F6FAA9
:1074F00030B9B0EE480AF0EE680ABDEC028B38BD38
:10750000FFF760FB0022002321210160104619468D
:10751000E9F79CF941EC180BB0EE480AF0EE680A66
:10752000BDEC028B38BD00BF00F0A4BA08B52DED4C
:10753000028BB0EE408A00F085F9B4EE488AF1EE95
:1075400010FA06D6DFED098AB4EEE88AF1EE10FAF9
:1075500002D4BDEC028B08BDFFF734FB88EEA80A0D
:10756000BDEC028B2123036008BD00BF00000000BA
:1075700010EE103A184923F000428A4219D9B2F1AC
:10758000FF4F02D330EE400A704700B583B0684623
:1075900000F016FB00F0030001289DED000ADDED70
:1075A000010A0FD0022808D088B900F099F903B079
:1075B00000BDDFED0A0A00F093B900F091F9B1EED9
:1075C000400AF4E700F00EFAB1EE400AEFE70120BE
:1075D00000F008FAEBE700BFD80F493F00000000B9
:1075E00010EE103A194923F000428A421AD9B2F13A
:1075F000FF4F02D330EE400A704700B583B06846B3
:1076000000F0DEFA00F0030001289DED000ADDED38
:10761000010A12D002280AD090B9012000F0E2F944
:1076200003B000BDDFED0A0A002000F0DBB9012045
:1076300000F0D8F9B1EE400AF2E700F051F9EFE7B7
:1076400000F04EF9B1EE400AEAE700BFD80F493F1B
:10765000000000002DE9F84F774955EC104BA94385
:1076600000F0AE80002D2A46234655DD2C1562D051
:10767000C2F31302E107A4F2FF3742F4801203D4ED
:10768000520002EBD3725B005200002602EBD37271
:107690007F105B001624B4464FF400110CEB010080
:1076A00090424FEAD3754FEA430303DC00EB010C31
:1076B000121A0E44013C05EB42024FEA5101EDD192
:1076C000A04620254FF000400AE043D0510001EBD6
:1076D000D371013D0A464FEA43034FEA500045D0BB
:1076E000624500EB080EF0DDBEF1000F0EEB000866
:1076F0000CDBE146A2EB0C019E4588BF01F1FF3196
:107700004900CC46A3EB0E030444E0E7B8F1000FB8
:10771000EFDB0CF10109EDE725F00041214346D0F4
:10772000002D74D1D90A153A5B050029FAD0CE0292
:1077300014467DD40A4600215200D502084601F1C4
:107740000101F9D5C1F1200523FA05F52A438B4043
:10775000241A8DE79E4502D94FEA4C01B7E7BEF1E6
:10776000000F0EEB000824DB0021CBE7194312D0F9
:10777000DFF8C8A0DFF8C8B0DAE90001DBE90023D0
:10778000E8F782FDDAE9008902460B4640464946A1
:10779000E9F7AEF910BB6508711001F17F5101F5F1
:1077A000001101EB075345EAC67243EC102BBDE80C
:1077B000F88FB8F1000FD7DB0CF1010C0021A1E725
:1077C00022462B4620462946E8F716FF22462B463E
:1077D000E8F75CFD41EC100BBDE8F88FB4F1FF3F1A
:1077E000DAE90001DBE900231ED0E8F74FFDDAE912
:1077F000008902460B4640464946E9F76FF9A8B1B1
:10780000A31C04F1020508BF01366D08C4E7224637
:107810002B4620462946E8F737FD02460B46E9F796
:1078200015F841EC100BC2E70136B5E70134B2E7B9
:107830004FF0FF300A468BE70000F07F78B6010872
:1078400070B60108B1EEC00A704700BF10EE102AF2
:10785000C2F3C7537F3B162B22F000411BDC002BE9
:1078600010461EDB1A4919410A4223D0DFED197A6E
:1078700070EE277AF5EEC07AF1EE10FA1ADD002AE2
:1078800004DD4FF4000242FA03F3184420EA010336
:1078900000EE103A7047B1F1FF4F0BD330EE000A03
:1078A0007047DFED0C7A70EE277AF5EEC07AF1EED4
:1078B00010FA00DC7047002A06DB11B1B7EE000AAF
:1078C000F8E79FED050A70479FED040A704700BF77
:1078D000FFFF7F00CAF24971000000000000008035
:1078E00010EE103A23F00043B3F1485F2CD2FDEEC6
:1078F000C07A17EE903A002B60D060EE007A9FEDD0
:10790000317A9FED315ADFED315A9FED316ADFED6B
:10791000316AA7EE875A9FED307AE7EE855AA7EED7
:10792000A56AA7EE867AE7EE876A67EEA66A60EE3A
:10793000C00AB6EE007AE7EEA60AB7EE000AD7EE66
:10794000870A30EE600A704760EE007A9FED1D7A7C
:107950009FED1D5ADFED1D5A9FED1D6ADFED1D6A7B
:107960001E4AA7EE875A93429FED1B7AE5EE275AEF
:10797000A5EEA76AA6EE277AE7EE276A66EEA76A63
:10798000D5D9174A934214D803F17F4307EE103A32
:10799000B7EE006A36EE476A60EEC00AF6EE005AAD
:1079A00097EEA57AE7EEA60A37EE607A36EE470A3A
:1079B0007047B6EE076AB5EE027AEDE7B7EE000A59
:1079C000704700BF4ED747ADF6740F317CF293B4C9
:1079D000010DD037ABAA2A3D610BB6BA9999993EF1
:1079E0000000483F10EE103A23F00043B3F1485F27
:1079F00004D2FDEEC07A17EE903A5BB360EE007AE7
:107A00009FED157ADFED155A9FED156ADFED156ACA
:107A1000E7EE875A9FED147AA5EEA76A20EE275A63
:107A2000E6EE276AA6EEA77A30B9DFED106AE7EE38
:107A3000876AA6EE850A704727EE457AF6EE006A59
:107A4000A0EEA67ADFED0A6AD7EE270AE5EE260A4F
:107A500030EE600A704700BFD3C92E2F342FD7B243
:107A60001BEF3836010D50B98988083CABAA2ABEF5
:107A7000ABAA2A3E10B582B0CDED010A019B23F0DE
:107A80000042B2F1FF4FF0EE407A30D810EE100A0B
:107A900020F00041B1F1FF4F29D8B3F17E5F3ED015
:107AA0009C1704F0020444EAD07431B37AB3B2F103
:107AB000FF4F3FD0B1F1FF4F29D0891AB1F1F45FE8
:107AC0004FEAE15233DA002B41DA3C323FDA9FEDE4
:107AD000330A012C4DD0022C42D064B19FED307A94
:107AE000DFED307A30EE070A30EE670A03E09DEDF5
:107AF000017A37EE270A02B010BD022C0CD09FEDA0
:107B00002A7A032C08BFB0EE470A02B010BD002845
:107B10000ADB9FED260AEEE79FED220AEBE702B0B3
:107B2000BDE8104000F082B99FED210AE3E79FED28
:107B30001F0ACEE7B1F1FF4F04F1FF3420D0022C31
:107B400026D81C4B03EB840393ED000AD3E79DED8D
:107B5000017A87EE870A00F03BFA00F067F9B8E790
:107B60009FED0F7ADFED0F7A30EE070A37EEC00A8D
:107B7000C1E710EE103A03F1004300EE103ABAE705
:107B8000022C08D80C4B03EB840393ED000AB2E7F8
:107B90009FED020AAFE79FED090AACE70000000085
:107BA0002EBDBB33DB0F4940DB0F49C0DB0FC93FA4
:107BB000DB0FC9BF80B601088CB60108DB0F493F57
:107BC00070B510EE103A8B4A23F00044944286B010
:107BD000054671D9884A94421E4624D823F00042B3
:107BE000002BDFED867A864922F00F02B0EE407A54
:107BF00040F3E6808A4270EE677A09BF9FED817A92
:107C0000DFED816ADFED816A77EEC77A37EEE67ADB
:107C100077EEC77A80ED007A77EEE67AC0ED017AEA
:107C2000012006B070BD7A4A944253D9B4F1FF4F97
:107C300049D2E215863AA4EBC25307EE903ABDEE64
:107C4000E77ADFED746AB8EEC77A77EEC77A8DED22
:107C5000037A67EEA67ABDEEE77AB8EEC77A77EEDA
:107C6000C77A8DED047A67EEA67AF5EE407AF1EEEA
:107C700010FACDED057A40F08E80B5EE407AF1EE47
:107C800010FA40F08A80012363490191022100919A
:107C900003A8294600F0A4F9002EC2DA95ED007A77
:107CA000D5ED017AB1EE477AF1EE677A85ED007A8B
:107CB000C5ED017A4042B4E7002285ED000A42603A
:107CC000002006B070BD70EE407AC0ED017AC0EDC4
:107CD000007AF5E700F07CF99FED507A9FED476A56
:107CE000F6EE007AE0EE077A9FED477AFDEEE77A4E
:107CF000F8EEE76A17EE900AA6EEC60A1F2866EEAF
:107D0000877AB1EE666A30EE677A1EDC444A411E1D
:107D100026F0004352F8212023F0FF03934214D0B1
:107D200085ED007A30EE470A002E30EE670A85EDC9
:107D3000010ABFF676AFB1EE477AB1EE400A85EDA3
:107D4000007A85ED010A40426BE717EE103AC3F363
:107D5000C753C3EBD453082B4FEAE452E0DD9FED49
:107D6000297A9FED2A5AF0EE405AE6EE075A70EE55
:107D7000657AE6EE077AD6EE857A35EEE77A17EE83
:107D8000103AC3F3C753D21A192A08DCB0EE650AB9
:107D900085ED007AC6E7032376E7022374E79FEDBB
:107DA000217A9FED215AB0EE650AA6EE070A75EE1C
:107DB000C07AE6EE077AD6EE857A30EE677AAFE7DC
:107DC0008A4270EE277A09BF9FED0E7ADFED0E6AC8
:107DD000DFED0E6A77EE877A37EEA67A77EEC77A0E
:107DE00080ED007A77EEA67AC0ED017A4FF0FF3091
:107DF00017E700BFD80F493FE3CB1640800FC93FBC
:107E0000D00FC93F004435374344353708A3852E8A
:107E1000800F49430000804318B7010884F9223FCE
:107E200098B6010800A3852E32318D2438B510EEA6
:107E3000105A25F00044B4F1A14FF0EE407A07D378
:107E4000B4F1FF4F55D8002D77DD9FED4E0A38BDB8
:107E50004D4B9C425CD8B4F1445F4DD34FF0FF339F
:107E600027EEA76A9FED495A9FED497ADFED495AFF
:107E7000DFED494A66EE066A5A1CA6EE857AE6EE02
:107E8000A54A9FED465ADFED465AA7EE265AE4EE84
:107E9000A65A9FED447ADFED444AA5EE267AE5EE38
:107EA000A64A9FED425ADFED425AA7EE265A9FEDB1
:107EB000417AA4EEA67AE5EE265A27EE267AA5EEBA
:107EC000867A27EE877A3BD03B493C4A01EB830117
:107ED000D1ED006A37EE667A02EB8303D3ED006AD8
:107EE00037EE677A002D36EEC70AB0DAB1EE400AF7
:107EF00038BD30EE000A38BD9FED317A30EE077A9A
:107F0000F7EE006AB4EEE67AF1EE10FAA6DD38BDBF
:107F100000F05EF82B4B9C4215D8A3F5D0039C4291
:107F200026D8F0EE007ABFEE007AA0EE277A002382
:107F300030EE270AC7EE007A92E79FED230A38BD9C
:107F400037EEC70A38BD214B9C420BD8F7EE087AB2
:107F5000B7EE007AA0EE277A022330EE670AC0EE71
:107F6000077A7DE7BFEE007AC7EE007A032377E752
:107F7000F7EE007A30EE677A30EE270A0123C7EE7B
:107F8000007A6DE7DB0FC93FFFFFDF3ED769853C15
:107F900059DA4B3D21A215BD6BF16EBD356B883DA5
:107FA00095879DBD6E2EBA3D388EE3BD2549123EA4
:107FB000ABAAAA3ECDCC4CBE30BA010840BA0108EB
:107FC000CAF24971FFFF973FDB0FC9BFFFFF1B409C
:107FD00010EE103A23F0004300EE103A704700BF55
:107FE0002DE9F04F2DED048BDBB01C469446039336
:107FF0000A46BA4B68991CF1040F53F82170824667
:1080000004F1FF39C0F25682BCF1030348BF0CF102
:108010000403DB10029301334FEAC30EACEB0E03F3
:108020000593029B17EB0900A3EB090316D401305B
:108030009FEDAB7A699C18441EA9002BA4BF54F88D
:10804000235007EE905A03F10103ACBFF8EEE77A34
:10805000F0EE477A8342E1EC017AEED1002FC0F2D4
:10806000E28203991EA800EB81004FEA81087E1886
:10807000002346AD4C460AEB8101B9F1000F80F2B6
:10808000C8800134B44245F8043B00F10400F4D147
:108090000DF1280B0BEB8703CDE9062E043B9FED7A
:1080A000929ADFED908A059804930AEB080446AE95
:1080B0000BEB87080097CDF820C00DEB8703002F4E
:1080C00093ED460A4FEA870515DD73195A4660EEAF
:1080D000097AB0EE407AFDEEE77A73ED016AF8EEC8
:1080E000E77AB342A7EEE87A37EEA60ABDEEC77A82
:1080F000A2EC017AEBD1019000F0B8FAF4EE007A2C
:10810000B0EE408A20EE270A00F01EFBF2EE007A65
:10811000A0EE678A01980028FDEEC89AF8EEE97A89
:1081200038EE678A40F38280791EC0F108035BF85D
:1081300021E04EFA03FC0CFA03F3AEEB030EC0F1A0
:10814000070219EE903A4EFA02F26344002A09EE51
:10815000903A4BF821E000F3AF80B5EE408AF1EEA3
:1081600010FA74D1009B9F420ADD5D44002355F84C
:10817000041D454543EA0103F9D1002B40F002817B
:10818000009B013B5BF823207B1C9C46002A40F0AF
:10819000F780049A012152F8045D0131002DFAD0D4
:1081A0003944029D039A05EB030E0EF1804E699D42
:1081B0000EF1FF3E3A4405EB8E0E1EAD06EB830733
:1081C00005EB8205DEED017AF8EEE77AB9F1000FF2
:1081D0000EF1040EE5EC017ADFED417A09DB2A4667
:1081E0005346F3EC016A32ED017AA342E6EE877A58
:1081F000F7D10CF1010C8C45E7EC017AE2DD0F467A
:108200005BE70134B442E5EC017A00F104003FF48D
:108210003FAFDFED337A83465346F3EC016A3BED23
:10822000017A8B42E6EE877AF7D1EAE700F0918097
:10823000F6EE007AB4EEE78AF1EE10FA80F22981C8
:10824000B5EE408AF1EE10FA4FF000028AD0924665
:10825000DDE9062EDDF820C00197AEEB0C00B0EE94
:10826000480A009F009200F001FADFED1E6AB4EEAA
:10827000E60AF1EE10FADDE90023F0EE407AC0F2F2
:108280009C819FED197A059920EE077A0831BDEEA1
:10829000C77A0591B8EEC77A5C1CE7EE667ABDEE48
:1082A000C77AFDEEE77A17EE901A4BF8231017EE17
:1082B000103A4BF824307EE00133002F09EE903A5B
:1082C00040F39D8159464FF0000E51F8043B002BBE
:1082D00039D0C3F5807341F8043C0CE07CBA010846
:1082E00000000000000080430000803B0B68C3F1E9
:1082F000FF0341F8043B0EF1010E7745F6DC012344
:108300009E4600280BDD012800F0BB80022806D124
:10831000791E5BF8213003F03F0C4BF821C0022A94
:108320007FF41BAFB7EE000A734630EE488A002B8D
:108330003FF413AF0992019000F098F90198099A5F
:1083400038EE408A09E70EF1010E7745BDDC9E4606
:10835000D7E77B1E5BF82320D211002A7FF7FDAE02
:1083600019EE903A002F03F1010309EE903AA9DCCF
:10837000022A7FF4F2AEF7EE007A37EEC88AECE616
:1083800019460EE73B469246DDE905125C1EA1F157
:1083900008005BF82410009F059061B903F1804349
:1083A000013B0BEB8303014653F8040D013C0839F4
:1083B0000028F9D0059105980092B7EE000A00F068
:1083C00055F9002C009AB0EE407AC0F22281601C70
:1083D00046AD5FED3B6A81000BEB800305EB80004F
:1083E00073ED017AF8EEE77A5B4567EE877A27EE60
:1083F000267A60ED017AF3D10DF1C8080E1F2E44E4
:10840000C646A4460025002F7DDBDFF85C92DFED39
:10841000957A3046002307E0F9EC016AB0EC017A66
:108420009F42E6EE877A03DB9D4203F10103F3DA14
:108430000CF1FF3CBCF1FF3FEEEC017A05F10105C8
:10844000A6F10406E1D1689B022B6ADC002B36DC26
:108450000ED1DFED847A414431ED017A884577EE23
:10846000877AF9D15346002B40F0C680C2ED007ADE
:1084700019EE903A03F007005BB0BDEC048BBDE849
:10848000F08F791E5BF8213003F07F0C4BF821C090
:1084900045E719EE903A002F03F1010309EE903AF7
:1084A000C8BF02223FF70EAFF7EE007A37EEC88A58
:1084B000022252E600234FF0080E0293AEE5DDEDF6
:1084C000327A9FED687A414471ED016A884537EE52
:1084D000267AF9D15346002B40F0848077EEC77A94
:1084E00082ED007A64B133A90123B1EC017A013342
:1084F0009C4277EE877AF8DA53460BB1F1EE677A51
:10850000C2ED017AB4E70CF1FF3C0023BCF1FF3F60
:108510004EF8043B05F10105A6F104067FF473AFA4
:1085200091E7689B032BA3D1002C00F08C8008EB13
:10853000840595ED007AA0002B46294671ED017A5D
:10854000F0EE476A37EE277A884577EEC77A81EDF5
:10855000007A77EEA67AC1ED017AEFD1012C72D0C4
:1085600095ED007A08F1040173ED017AF0EE476AA7
:1085700037EE277A994277EEC77A83ED007A77EE65
:10858000A67AC3ED017AEFD1031DDFED367A4344BD
:1085900008F1080833ED017A984577EE877AF9D12A
:1085A0005346DDED326A9DED337A73B9C2ED006A50
:1085B00082ED017AC2ED027A5AE7FDEEC07A1C46DE
:1085C00017EE901A4BF82310F5E6F1EE666AB1EE5D
:1085D000477AF1EE677AC2ED006A82ED017AC2ED68
:1085E000027A45E7F1EE476A77EEC77AC2ED006A94
:1085F000002C7FF478AF81E7F1EE677A36E7012847
:1086000015D002287FF4B4AE0EF03F034BF82130B2
:10861000AEE6689B022B12DC002B17DC7FF428AF40
:10862000DFED107A1EE7039B4FEA830830E50EF07A
:108630007F03022A4BF821307FF48FAD9BE6689BC5
:10864000032B7FF415AFDFED077AA9E75346DDED85
:10865000327A1BB14FF0004313604FE700231360E1
:108660004EE700BF0000000050BA010810EE103ABB
:1086700033F000411A4625D0B1F1FF4F1FD213F05D
:10868000FF4F20D1DFED297A294A60EE277A904208
:1086900017EE903A31DB4CF2503CC3F3C7516045C2
:1086A0001A46A1F1190114DD002BDFED227A9FEDAE
:1086B000210AB8BFDFED207A27EE800A704730EE3E
:1086C000000A704770474CF2503C60454FEAD15168
:1086D000EADC0144FE29E7DC002915DC11F1160F64
:1086E00019DB193122F0FF4242EAC15207EE902A0B
:1086F0009FED120A27EE800A7047DFED117A07EE30
:10870000103A27EE270A704722F0FF4242EAC1538F
:1087100000EE103A7047002BDFED097A9FED080A52
:10872000B8BFDFED087A27EE800A70470000004CE2
:10873000B03CFFFFCAF24971CAF249F100000033B0
:108740006042A20D6042A28D10EE102AC2F3C75300
:108750007F3B162B22F000411BDC002B10461EDB5A
:108760001A4919410A4223D0DFED197A70EE277AAF
:10877000F5EEC07AF1EE10FA1ADD002A04DA4FF4B1
:10878000000242FA03F3184420EA010300EE103A13
:108790007047B1F1FF4F0BD330EE000A7047DFEDA9
:1087A0000C7A70EE277AF5EEC07AF1EE10FA00DC62
:1087B0007047002A02DB9FED070A704711B99FED51
:1087C000060A7047BFEE000AF2E700BFFFFF7F0016
:1087D000CAF249710000000000000080F8B500BF37
:1087E000F8BC08BC9E467047F8B500BFF8BC08BC92
:0487F0009E467047EA
:1087F8004E4F4E4500000000434F4E4649475F52DA
:108808004541445F4641494C454400005354415456
:1088180055535F4E4F545F434C45414E0000000096
:10882800554E45585045435445445F4E4F4E5A4562
:10883800524F5F434F5252454354494F4E5F544144
:10884800424C450045585045435445445F434F4EBC
:108858004649475F50524F46494C455F4D4953532F
:10886800494E47005A45524F5F4D49534D41544375
:10887800480000004449525F4D49534D4154434814
:108888000000000046494C545F4D49534D41544344
:10889800480000005354415455535F4D49534D41CE
:1088A800544348005052545F4D49534D4154434836
:1088B80000000000524D415049445F4D49534D411D
:1088C80054434800434F5252454354494F4E5F4327
:1088D80052435F4D49534D4154434800554E4B4E0A
:1088E8004F574E5F434F4E4649475F474154455F98
:1088F800524553554C54000011250008C124000866
:10890800DD24000800000000252A0008B52A000818
:10891800CD2A00080000000064656661756C745417
:1089280061736B004D413630302069646C6520619D
:1089380063717569736974696F6E206661696C65C6
:108948006420726573756C743D2564206174746568
:108958006D7074733D257520666C6167733D307862
:10896800253032580D0A00004D41363030207261F2
:10897800773D257520616E676C653D256C752E25E4
:1089880030326C7520646567205374617475735652
:10899800616C69643D2564204E564D423D25642036
:1089A8004552524352433D2564204552524D454D50
:1089B8003D2564204552525041523D25640D0A0020
:1089C8002D000000000000004D41363030206E6F51
:1089D80069736520286C61737420256473293A20B3
:1089E8005032503D256C752E2530326C75646567A4
:1089F800205374644465763D256C752E2530326CA1
:108A0800756465672044726966743D2573256C75C5
:108A18002E2530326C75646567204D617853746516
:108A2800703D256C752E2530326C75646567204E57
:108A38003D256C752076616C69643D25640D0A00DE
:108A48004A494731000000004A4947320000000007
:108A58004A49473300000000554E4B4E4F574E5F72
:108A68004A4947002D256C642E2530326C6400007D
:108A7800256C642E2530326C640000002D256C6452
:108A88002E25302A6C640000256C642E25302A6C53
:108A9800640000004F4B0000494E56414C49445F6A
:108AA800415247005350495F54494D454F55540072
:108AB8005350495F4552524F5200000053414D50A8
:108AC8004C455F4A554D5000434F4E4649475F4518
:108AD80052524F520000000054494D494E475F4DD5
:108AE800455441444154415F494E56414C49440024
:108AF8004143515549534954494F4E5F42554447A4
:108B080045545F4558434545444544004143515504
:108B180049534954494F4E5F54494D454F555400A8
:108B28004D4154485F4F564552464C4F5700000040
:108B3800554E4B4E4F574E004F524445525F4E4F85
:108B4800545F434F4D505554454400004F524445DF
:108B5800525F41424F56455F4E5951554953540053
:108B6800524154494F5F4F55545F4F465F52414EF3
:108B780047450000444952454354494F4E5F4552CA
:108B8800524F520054494D454F5554004143515599
:108B980049534954494F4E5F4552524F52000000C5
:108BA8004D41363030206D6F76652D746F2D7A65A6
:108BB800726F3A206572726F723D25732064656723
:108BC80020736574746C65643D256C642F256C6432
:108BD80020636D64506F733D256C640D0A000000BE
:108BE80057524F4E475F504F534954494F4E00001C
:108BF8004E410000434C4F535552455F50524F422F
:108C0800452C536368656D6156657273696F6E3D77
:108C180025642C5465737449443D256C752C537731
:108C280065657049443D256C752C4A696749443D22
:108C380025732C4D6F746F7249443D25732C44691C
:108C480072656374696F6E3D25732C4F6666696340
:108C580069616C3D302C50726F746F636F6C3D2589
:108C6800732C53746167653D25732C506F696E745E
:108C78003D25752C436F6D6D616E645261773D259E
:108C88006C642C506F7765723D312E303030303047
:108C98002C4E6F6D696E616C486F6C644D733D2529
:108CA8006C752C4361707475726553746172744588
:108CB8006C61707365644D733D256C752C436170F0
:108CC80074757265456E64456C61707365644D7347
:108CD8003D256C752C506F696E744D65616E5261DF
:108CE800775131363D25732C436C6F73757265452A
:108CF80072726F725261775131363D25732C436C15
:108D08006F737572654572726F724465673D25733E
:108D18002C57696E646F775032505261773D2573D6
:108D28002C57696E646F775032504465673D2573E0
:108D38002C57696E646F7744726966745261773D27
:108D480025732C57696E646F77447269667444653D
:108D5800673D25732C5472616E73616374696F6E1D
:108D6800733D256C752C416363657074656453614C
:108D78006D706C65733D256C752C5370694661691F
:108D88006C757265733D256C752C4A756D705265EE
:108D98006A656374733D256C752C4D6574616461F7
:108DA8007461496E76616C69643D256C752C536BF2
:108DB8006970706564536C6F74733D256C752C54C1
:108DC800696D696E674F76657272756E733D256C55
:108DD800752C4D6178436F6E73656375746976653C
:108DE8004661696C757265734F6273657276656406
:108DF8003D256C752C4163717569736974696F6E73
:108E0800526573756C743D25732C56616C69643DAD
:108E180025640D0A00000000434C4F535552455F2E
:108E2800484F4C445F56310044495341424C4544F5
:108E38000000000056414C4944000000494E56418C
:108E48004C494400434C4F535552455F50524F4292
:108E5800455F524553554C542C536368656D6156B4
:108E6800657273696F6E3D25642C5465737449444B
:108E78003D256C752C537765657049443D256C75A7
:108E88002C4A696749443D25732C4D6F746F7249AC
:108E9800443D25732C446972656374696F6E3D2582
:108EA800732C4F6666696369616C3D302C50726F34
:108EB800746F636F6C3D25732C456E61626C6564DD
:108EC8003D25642C537461727465643D25642C439C
:108ED8006F6D706C6574653D25642C4578706563AD
:108EE8007465645374616765733D25752C417474AA
:108EF800656D707465645374616765733D256C7541
:108F08002C56616C69645374616765733D256C7593
:108F18002C506F73745475726E54696D696E674323
:108F28006F6D70617261626C653D25642C4163717F
:108F38007569736974696F6E526573756C743D25D4
:108F4800732C5374617475733D25730D0A0000000A
:108F58004357000043435700256C75002564000003
:108F6800505245434F4E444954494F4E000000006B
:108F78004F4646494349414C00000000310000007B
:108F8800300000004A756C203135203230323620EE
:108F980031353A33333A3239000000006A69676D77
:108FA8006F746F722D6E6C32000000004D45544195
:108FB8002C536368656D6156657273696F6E3D25E4
:108FC800642C4669726D776172653D25732C427514
:108FD800696C6449443D25732C4D43555F5549449C
:108FE8003D2530386C582530386C582530386C5849
:108FF8002C436F756E74657253636F70653D424F95
:109008004F542C4A696749443D25732C4A69674B7C
:109018006E6F776E3D25642C4D6F746F7249443DB9
:1090280025732C4D6F746F724944536F7572636565
:109038003D25732C4D6F746F72494456616C696499
:109048003D25642C4D6F746F72506F6C65436F755E
:109058006E743D25752C4D6F746F72506F6C655032
:10906800616972733D25752C456C6563747269631B
:10907800616C526970706C654D756C7469706C6563
:109088003D25752C456C656374726963616C526922
:1090980070706C654F726465723D25752C546573EC
:1090A8007449443D256C752C537765657049443D7A
:1090B800256C752C446972656374696F6E3D257300
:1090C8002C4D6561737572656D656E74506F6C6952
:1090D80063793D25732C4D6561737572656D656E99
:1090E80074446566696E6974696F6E3D25732C41B9
:1090F8006363657074616E63654D6F64653D257368
:109108002C4F6666696369616C526573756C74533C
:109118006F757263653D4C45474143592C536861EF
:10912800646F7743616E6F6E6963616C456E6162EF
:109138006C65643D25642C536861646F77436F6E7A
:10914800747261637456657273696F6E3D25732C12
:10915800536861646F774F6666696369616C3D3017
:109168002C436C6F7375726550726F6265456E61E2
:10917800626C65643D25642C436C6F737572655031
:10918800726F626550726F746F636F6C3D25732CDC
:10919800436C6F7375726550726F62654F6666696E
:1091A8006369616C3D302C417070726F6163685007
:1091B800726F746F636F6C3D25732C417070726FA2
:1091C8006163685374727563747572616C56616C0F
:1091D80069643D25732C50686173655265666572D4
:1091E800656E63653D537765657050726F6772652C
:1091F80073732C537465705261773D25642C4578E0
:10920800706563746564416E616C79736973506FDE
:10921800696E74733D25642C43617074757265645E
:10922800506F696E74733D25642C416E616C79735F
:109238006973506F696E74733D25642C4D65617355
:109248007572656D656E7456616C69643D25642C34
:10925800547261636B696E6756616C69643D25641D
:109268002C547261636B696E67526D734C696D69DA
:10927800744465673D31352E302C547261636B69D7
:109288006E674D61784C696D69744465673D33302C
:109298002E302C4163717569736974696F6E5265FC
:1092A80073756C743D25732C41637152656164411B
:1092B8007474656D7074733D256C752C41637152BF
:1092C8006574726965733D256C752C4163715472C0
:1092D800616E73706F72744572726F72733D256C34
:1092E800752C4163714A756D7052656A6563747354
:1092F8003D256C752C4163714661696C65645361E9
:109308006D706C65733D256C752C436F6E74696E5A
:10931800756F75735377656570436F6E7465787490
:109328003D25732C436F6E74657874526561637163
:1093380075697265436F756E743D256C752C526145
:109348006D70466565646261636B456E61626C65EC
:10935800643D312C536574746C65436F6E7472612F
:1093680063743D25732C536574746C655374616222
:10937800696C6974794C696D69745261773D256CC3
:10938800642C536574746C65546172676574546FAA
:109398006C6572616E63655261773D256C642C5310
:1093A8006574746C65506F696E74733D25642C53D5
:1093B8006574746C6553746162696C69747956611B
:1093C8006C69643D25642C536574746C65546172D2
:1093D80067657450726F78696D69747956616C69E4
:1093E800643D25642C536574746C6556616C6964BE
:1093F8003D25642C53746172745261773D25752C38
:109408005374617274416E676C654465673D25737A
:109418002C416E616C797369735374617274526113
:10942800773D25752C436F6E74726F6C6C65725343
:1094380074617465506F6C6963793D25732C436F53
:109448006E74726F6C6C657252657365744170707E
:109458006C6965643D25642C436F6E74726F6C6C27
:1094680065725265736574537461746556616C698D
:10947800643D25642C486F6D65526573756C743D49
:1094880025732C486F6D654475726174696F6E4DF4
:10949800733D256C752C486F6D65557064617465F6
:1094A800436F756E743D256C752C42617463684911
:1094B800443D256C752C4379636C654F7264657205
:1094C8003D256C752C52756E4F726465723D256C26
:1094D800752C426174636852756E436F756E743D86
:1094E800256C752C507265636F6E646974696F6E54
:1094F80050726F746F636F6C3D25732C52756E528A
:109508006F6C653D25732C456C696769626C6546AF
:109518006F72537461746973746963733D25642C45
:10952800507265636F6E646974696F6E56616C69B9
:10953800643D25732C546865726D616C50726F744C
:109548006F636F6C3D25732C466972737452756E28
:10955800496E42617463683D25642C4D6F746F7267
:109568004163746976654475726174696F6E4D7391
:109578003D256C752C436F6F6C646F776E54617208
:109588006765744D733D25732C436F6F6C646F77FB
:109598006E41637475616C4D733D25732C436F6F19
:1095A8006C646F776E56616C69643D25732C5469E1
:1095B8006D6553696E636550726576696F75735230
:1095C800756E4D733D25730D0A000000434F4F4CD7
:1095D800444F574E5F313230535F56310000000020
:1095E8004F4E455F46554C4C5F53574545505F318C
:1095F8003230535F5631000052455345545F42455F
:10960800464F52455F454143485F484F4D455F5679
:109618003100000053544142494C4954595F414E6E
:10962800445F5441524745545F56310053574545AE
:10963800505F434F4E544558545F56310000000068
:109648004449544845525F563100000043414E4F4B
:109658004E4943414C5F5131365F5631000000009E
:109668005245504F52545F4F4E4C590057484F4C3B
:10967800455F53595354454D5F434F4D4D414E44FB
:109688005F545241434B494E4700000057484F4CE6
:10969800455F53595354454D5F5245504F52545F9F
:1096A8004F4E4C595F563100554E534554000000FB
:1096B800434F4E54524F4C5F53544154452C5363BF
:1096C80068656D6156657273696F6E3D25642C54CB
:1096D80065737449443D256C752C537765657049ED
:1096E800443D256C752C4A696749443D25732C4DCA
:1096F8006F746F7249443D25732C446972656374B5
:10970800696F6E3D25732C506F6C6963793D2573C5
:109718002C52657365744170706C6965643D25648D
:109728002C5265736574537461746556616C696411
:109738003D25642C4265666F7265496E7465677273
:10974800616C5465726D3D25732C4265666F726558
:109758004C6173744572726F724465673D25732C52
:109768004265666F7265436F6D6D616E64526177B5
:109778003D25732C4265666F726546656564626156
:10978800636B496E697469616C697A65643D2564C7
:109798002C4265666F7265466565646261636B41FC
:1097A800636365707465643D256C752C4265666FEE
:1097B80072654F7574707574456C6563747269630E
:1097C800616C506F736974696F6E5261773D25756E
:1097D8002C4265666F72654F7574707574506F773B
:1097E80065723D25732C4265666F72654F7574709E
:1097F8007574456E61626C65643D25642C416674C0
:109808006572496E74656772616C5465726D3D2549
:10981800732C41667465724C6173744572726F7211
:109828004465673D25732C4166746572436F6D6DA1
:10983800616E645261773D25732C4166746572468A
:109848006565646261636B496E697469616C697AA4
:1098580065643D25642C416674657246656564627D
:1098680061636B41636365707465643D256C752C39
:1098780041667465724F7574707574456C65637470
:10988800726963616C506F736974696F6E52617746
:109898003D25752C41667465724F757470757450EA
:1098A8006F7765723D25732C41667465724F7574C8
:1098B800707574456E61626C65643D25642C486FF3
:1098C8006D65526573756C743D25732C486F6D65B5
:1098D8004475726174696F6E4D733D256C752C48C3
:1098E8006F6D65557064617465436F756E743D2561
:1098F8006C752C486F6D65496E697469616C457249
:10990800726F724465673D25732C486F6D654669B3
:109918006E616C4572726F724465673D25732C48A1
:109928006F6D65496E697469616C436F6D6D616EC9
:10993800645261773D256C642C486F6D6546696E8D
:10994800616C436F6D6D616E645261773D256C6427
:109958000D0A0000534841444F575F4D4554412C70
:10996800536368656D6156657273696F6E3D2564F2
:109978002C5465737449443D256C752C5377656583
:109988007049443D256C752C4A696749443D2573E7
:109998002C4D6F746F7249443D25732C4F66666970
:1099A8006369616C3D302C436F6E747261637456E9
:1099B800657273696F6E3D25732C5369676E6564B4
:1099C800436F6E76656E74696F6E3D25732C5265B4
:1099D800666572656E6365446566696E6974696F0C
:1099E8006E3D25732C43616E6F6E6963616C4D65C6
:1099F800616E536F757263653D25732C4D616446C6
:109A0800696C746572696E67456E61626C65643D08
:109A1800302C54696D696E674D6F64653D424143F2
:109A28004B5F544F5F4241434B2C526571756972CD
:109A38006564416363657074656453616D706C65DA
:109A4800733D25752C4D61785472616E7361637432
:109A5800696F6E733D25752C4D6178436F6E736524
:109A68006375746976654661696C757265733D25C1
:109A7800752C4D6178456C617073656455733D252F
:109A88006C752C4D61784A756D705261773D256C07
:109A9800640D0A00414C4C5F5449455231000000A6
:109AA800504F494E54305F43414E4F4E4943414C0D
:109AB8005F4D45414E0000004D45415355524544C8
:109AC8005F4D494E55535F5441524745540000007D
:109AD800444154412C25642C256C752C256C752C1F
:109AE80025732C25732C25732C25642C25752C2582
:109AF800752C25732C25730D0A0000004143512C49
:109B080025642C256C752C256C752C25732C2564E7
:109B18002C256C752C25752C25752C307825303224
:109B2800580D0A004D4F54494F4E2C536368656DCC
:109B38006156657273696F6E3D25642C5465737444
:109B480049443D256C752C537765657049443D251E
:109B58006C752C4A696749443D25732C4D6F746FA9
:109B68007249443D25732C446972656374696F6E4C
:109B78003D25732C506F696E743D25642C52616DC0
:109B880070416363657074656453616D706C65736F
:109B98003D25752C536574746C65526573756C74CA
:109BA8003D25732C53746162696C69747956616CD4
:109BB80069643D25642C54617267657450726F78CE
:109BC800696D69747956616C69643D25642C5365C7
:109BD80074746C6556616C69643D25642C506F73B0
:109BE8006974696F6E4572726F725261773D257341
:109BF8002C506F736974696F6E4572726F72446529
:109C0800673D25732C506F6C6C436F756E743D25E2
:109C1800750D0A00534841444F575F444154412C45
:109C280025642C256C752C256C752C25732C2573B7
:109C38002C25732C25642C25732C25732C25730D4A
:109C48000A000000534841444F575F4143512C25B7
:109C5800642C256C752C256C752C25732C25642C8F
:109C6800256C752C256C752C25752C25752C257562
:109C78002C25752C25752C25730D0A004D4F54493C
:109C88004F4E5F524553554C542C536368656D6174
:109C980056657273696F6E3D25642C5465737449FB
:109CA800443D256C752C537765657049443D256C9A
:109CB800752C4A696749443D25732C4D6F746F7242
:109CC80049443D25732C446972656374696F6E3D20
:109CD80025732C436F6E7472616374566572736971
:109CE8006F6E3D25732C436F6E74696E756F757357
:109CF8005377656570436F6E746578743D25732C72
:109D0800436F6E74657874526561637175697265C5
:109D1800436F756E743D256C752C436F6E74657852
:109D28007452656164417474656D7074733D256C1B
:109D3800752C436F6E7465787441636365707465E0
:109D48006453616D706C65733D256C752C436F6E43
:109D580074657874526574726965733D256C752CE9
:109D6800436F6E746578745472616E73706F727439
:109D78004572726F72733D256C752C436F6E7465F6
:109D880078744A756D7052656A656374733D256CA5
:109D9800752C436F6E746578744661696C6564539D
:109DA800616D706C65733D256C752C52616D7052D8
:109DB800656164417474656D7074733D256C752CB0
:109DC80052616D70416363657074656453616D7051
:109DD8006C65733D256C752C52616D70526574729B
:109DE8006965733D256C752C52616D705472616E96
:109DF80073706F72744572726F72733D256C752C37
:109E080052616D704A756D7052656A656374733D11
:109E1800256C752C52616D704661696C656453617F
:109E28006D706C65733D256C752C536574746C6529
:109E380052656164417474656D7074733D256C7509
:109E48002C536574746C6541636365707465645301
:109E5800616D706C65733D256C752C536574746CFD
:109E680065526574726965733D256C752C5365740C
:109E7800746C655472616E73706F72744572726F30
:109E880072733D256C752C536574746C654A756DD9
:109E98007052656A656374733D256C752C536574DF
:109EA800746C654661696C656453616D706C65734B
:109EB8003D256C752C536574746C65506F696E74B0
:109EC800733D25642C53746162696C6974795661B9
:109ED8006C6964506F696E74733D25642C546172AB
:109EE80067657450726F78696D69747956616C69C9
:109EF80064506F696E74733D25642C536574746C7B
:109F08006556616C6964506F696E74733D25642C85
:109F1800536574746C6554696D656F7574506F69B9
:109F28006E74733D25642C536574746C6557726F39
:109F38006E67506F736974696F6E506F696E747372
:109F48003D25642C536574746C6553746162696C47
:109F580069747956616C69643D25642C5365747421
:109F68006C6554617267657450726F78696D697455
:109F78007956616C69643D25642C536574746C650D
:109F880056616C69643D25642C4D61784162735358
:109F98006574746C65506F736974696F6E4572721D
:109FA8006F725261773D25732C4D6178416273530E
:109FB8006574746C65506F736974696F6E457272FD
:109FC8006F724465673D25730D0A0000524553556D
:109FD8004C542C536368656D6156657273696F6E76
:109FE8003D25642C5465737449443D256C752C5388
:109FF8007765657049443D256C752C4A6967494405
:10A008003D25732C4D6F746F7249443D25732C4464
:10A018006972656374696F6E3D25732C4361707452
:10A0280075726564506F696E74733D25642C416E5A
:10A03800616C79736973506F696E74733D25642C14
:10A048004D65616E44433D25732C524D535F41432A
:10A058003D25732C41313D25732C41323D25732C10
:10A0680041333D25732C41363D25732C41393D251F
:10A07800732C4131323D25732C4131383D25732CE9
:10A088004132373D25732C4133363D25732C4134FD
:10A09800353D25732C4137323D25732C41313038FD
:10A0A8003D25732C48315F5068617365537765654A
:10A0B800704465673D25732C48325F50686173654D
:10A0C80053776565704465673D25732C48335F5049
:10A0D8006861736553776565704465673D25732CC2
:10A0E80048365F5068617365537765657044656786
:10A0F8003D25732C48395F506861736553776565F2
:10A10800704465673D25732C4831325F5068617330
:10A118006553776565704465673D25732C4831380C
:10A128005F506861736553776565704465673D2561
:10A13800732C4832375F5068617365537765657073
:10A148004465673D25732C4833365F5068617365F5
:10A1580053776565704465673D25732C4834355FD2
:10A16800506861736553776565704465673D25730D
:10A178002C4837325F506861736553776565704462
:10A1880065673D25732C483130385F5068617365C9
:10A1980053776565704465673D25732C41343D25CB
:10A1A800732C48345F5068617365537765657044F4
:10A1B80065673D25732C41383D25732C48385F5021
:10A1C8006861736553776565704465673D25732CD1
:10A1D8004D6F746F72506F6C65436F756E743D256B
:10A1E800752C4D6F746F72506F6C65506169727326
:10A1F8003D25752C456C656374726963616C5269A1
:10A2080070706C654D756C7469706C653D25752C46
:10A21800456C656374726963616C526970706C65D2
:10A228004F726465723D25752C41456C6563747287
:10A238006963616C363D25732C456C65637472697E
:10A2480063616C365F506861736553776565704408
:10A2580065673D25732C456C656374726963616C31
:10A26800526970706C6556616C69643D25642C5048
:10A278006861736556616C69644D61736B3D3078D4
:10A28800253034582C446F6D696E616E7453656C5B
:10A2980065637465644F726465723D25752C446FFF
:10A2A8006D696E616E7453656C6563746564416D48
:10A2B800706C69747564653D25732C446F6D696EA7
:10A2C800616E7453656C6563746564456E65726729
:10A2D80079526174696F3D25732C4C6567616379A8
:10A2E8004D6F64656C49643D48534554365F56313B
:10A2F8002C4C65676163794F72646572733D317C7C
:10A30800327C337C367C31327C31382C4C65676149
:10A3180063794D6F64656C56616C69643D25642C86
:10A32800526573696475616C5F524D535F48363D81
:10A3380025732C526573696475616C5F524D535F68
:10A348004833363D25732C526573696475616C5FBB
:10A35800524D535F46756C6C3D25732C4669747479
:10A3680065645F5032503D25732C4669744578709A
:10A378006C61696E6564526174696F3D25732C4523
:10A388007874656E6465644D6F64656C49643D48B6
:10A3980053455431325F56312C457874656E646587
:10A3A800644F72646572733D317C327C337C367CD9
:10A3B800397C31327C31387C32377C33367C3435E9
:10A3C8007C37327C3130382C457874656E6465642E
:10A3D8004D6F64656C56616C69643D25642C5265EB
:10A3E80073696475616C5F524D535F457874656E2F
:10A3F8006465643D25732C4669747465645F5032E6
:10A40800505F457874656E6465643D25732C4669B4
:10A41800744578706C61696E6564526174696F5FC8
:10A42800457874656E6465643D25732C4D6F746F53
:10A43800725F4572726F725F5032505F4465673D5C
:10A4480025732C4D6F746F725F53797374656D5FEC
:10A45800494E4C5F4465673D25732C4372657374A0
:10A46800466163746F723D25732C5039395F4162C0
:10A4780073446576696174696F6E3D25732C5472F7
:10A4880061636B696E6756616C69643D25642C5421
:10A498007261636B696E674572726F725F524D537A
:10A4A8005F4465673D25732C547261636B696E6701
:10A4B8004572726F725F4D61784162735F44656780
:10A4C8003D25732C46656174757265436F6D7075B3
:10A4D800746554696D654D733D256C750D0A0000F2
:10A4E800534841444F575F524553554C542C53637E
:10A4F80068656D6156657273696F6E3D25642C548D
:10A5080065737449443D256C752C537765657049AE
:10A51800443D256C752C4A696749443D25732C4D8B
:10A528006F746F7249443D25732C4F666669636981
:10A53800616C3D302C436F6E747261637456657242
:10A5480073696F6E3D25732C56616C69643D256493
:10A558002C416E616C79736973506F696E74733DC9
:10A5680025642C4D65616E44433D25732C524D5333
:10A578005F41433D25732C4133363D25732C5032C2
:10A58800503D25732C506F696E74304D65616E5265
:10A5980061775131363D25732C4572726F72305296
:10A5A80061775131363D25732C436C6F7375726535
:10A5B8004572726F725261775131363D25732C4363
:10A5C8006C6F737572654572726F724465673D256D
:10A5D800732C436C6F737572654C696D697444654F
:10A5E800673D302E32303030302C436C6F737572CB
:10A5F8006556616C69643D25642C4C6567616379B7
:10A608004D696E757343616E6F6E6963616C524D0F
:10A61800533D25732C4C65676163794D696E75737D
:10A6280043616E6F6E6963616C4133363D25732CEF
:10A63800417474656D70746564506F696E74733DB0
:10A6480025642C4361707475726564506F696E740B
:10A65800733D25642C5472616E73616374696F6E07
:10A66800733D256C752C4163636570746564536133
:10A678006D706C65733D256C752C53706946616906
:10A688006C757265733D256C752C4A756D705265D5
:10A698006A656374733D256C752C4D6574616461DE
:10A6A8007461496E76616C69643D256C752C4661F0
:10A6B800696C6564506F696E74733D256C752C53B5
:10A6C8006B6970706564536C6F74733D256C752C81
:10A6D80054696D696E674F76657272756E733D2544
:10A6E8006C752C4D617841627354696D696E67456C
:10A6F80072726F724379636C65733D256C752C4D6E
:10A708006178436F6E7365637574697665466169D0
:10A718006C757265734F627365727665643D256CFE
:10A72800752C46656174757265436F6D70757465D7
:10A7380054696D654D733D256C752C417070726F51
:10A7480061636850726F746F636F6C3D25732C4141
:10A758007070726F61636853747275637475726137
:10A768006C56616C69643D25730D0A005357454565
:10A77800505F52414D505F53544550532C536368BA
:10A78800656D6156657273696F6E3D25642C5465FD
:10A79800737449443D256C752C537765657049443D
:10A7A8003D256C752C4A696749443D25732C4D6FCE
:10A7B800746F7249443D25732C4F666669636961FD
:10A7C8006C3D302C546F506F696E74496E646578B7
:10A7D8003D256C752C53746570436F756E743D25FB
:10A7E800752C556E777261707065645261773D257E
:10A7F800730D0A00534841444F575F454E442C534C
:10A808006368656D6156657273696F6E3D25642C6A
:10A818005465737449443D256C752C537765657090
:10A8280049443D256C752C4A696749443D25732C7C
:10A838004D6F746F7249443D25732C4F666669638A
:10A8480069616C3D302C537461727465643D256494
:10A858002C417474656D70746564506F696E74739F
:10A868003D25642C4361707475726564506F696E20
:10A8780074733D25642C4163717569736974696FDC
:10A888006E526573756C743D25732C5374617475C1
:10A89800733D25730D0A00004D6F746F72206F664B
:10A8A800667365743A2025750D0A00004D6F746F44
:10A8B8007220616E676C65206F66667365743A20F6
:10A8C8002573206465677265650D0A004D41363051
:10A8D80030207374617274207261773D257520632E
:10A8E8006F756E743D256C642066696C746572655D
:10A8F800643D257320726177416E676C653D2573F1
:10A90800206465677265650D0A0000004E4C20637F
:10A91800757276652025643A20616E676C653D2501
:10A9280073206572726F723D2573206465670D0A26
:10A93800000000004E4C20706F696E7473206E6FBB
:10A948007420736574746C65642077697468696EC3
:10A9580020256C646D732025643A2025642F2564B6
:10A968000D0A00004E4C206162736F6C757465208F
:10A9780065787472656D612025643A206D61785F31
:10A988007261773D25752028257320646567292025
:10A998006D696E5F7261773D257520282573206487
:10A9A8006567290D0A0000004E4C206861726D6FC2
:10A9B8006E69633120286D6F756E74696E672F63D9
:10A9C8006F6E63656E747269636974792073696701
:10A9D8006E6174757265292025643A20616D706C0A
:10A9E80069747564653D25732070686173653D25DC
:10A9F80073206465670D0A004E4C206861726D6FA4
:10AA08006E6963362028686973746F726963616C54
:10AA1800207265666572656E63652C2073656520B6
:10AA2800524553554C54277320446F6D696E616EBF
:10AA38007453656C65637465644F7264657229202C
:10AA480025643A20616D706C69747564653D257381
:10AA58002070686173653D2573206465670D0A0081
:10AA68004E4C20646F6D696E616E74206861726D02
:10AA78006F6E69632025643A206F726465723D25A4
:10AA88007520616D706C69747564653D257320640B
:10AA980065670D0A000000004E4C20726177207037
:10AAA80065616B2D746F2D7065616B20256420289E
:10AAB80073696E676C65206D61782D6D696E2C20E9
:10AAC800666F7220636F6D70617269736F6E293A79
:10AAD800202573206465677265650D0A0000000013
:10AAE8004E4C2054432070657263656E74696C65C2
:10AAF8002025643A2050353D2573205039353D25B1
:10AB0800732072616E67653D2573206465677265A1
:10AB1800650D0A004E4C20544320726D7320256445
:10AB28003A202573206465677265650D0A00000088
:10AB38004E6F6E6C696E65617220256420416E6788
:10AB48006C653A202573206465677265650D0A0097
:10AB58004D4136303020526177204E6F6E6C696EF1
:10AB680065617220256420416E676C653A20257303
:10AB7800206465677265650D0A0000004D41363036
:10AB8800302046696C7465722D526177204D61786A
:10AB980020446966662025643A2025732064656729
:10ABA8007265650D0A0000004E6F6E6C696E656116
:10ABB8007220256420494E56414C49443A2074720B
:10ABC80061636B696E673D256420616371756973A4
:10ABD8006974696F6E3D257320736574746C656460
:10ABE8003D25642F25640D0A00000000454E442CC5
:10ABF800536368656D6156657273696F6E3D256450
:10AC08002C5465737449443D256C752C53776565E0
:10AC18007049443D256C752C446972656374696F8D
:10AC28006E3D25732C4361707475726564506F694D
:10AC38006E74733D25642C416E616C797369735031
:10AC48006F696E74733D25642C547261636B696E11
:10AC58006756616C69643D25642C536574746C6532
:10AC680053746162696C69747956616C69643D25D5
:10AC7800642C536574746C655461726765745072A2
:10AC88006F78696D69747956616C69643D25642CC7
:10AC9800536574746C6556616C69643D25642C4118
:10ACA80063717569736974696F6E526573756C74D5
:10ACB8003D25732C5374617475733D25730D0A001B
:10ACC800434F4E4649472C5265636F72645665720E
:10ACD80073696F6E3D312C47617465506F6C6963A1
:10ACE800793D504F4C4943595F415F4C4F434B4569
:10ACF800445F56312C436F6E666967436F6E7465A7
:10AD080078743D25732C4669726D776172653D25AF
:10AD1800732C4275696C6449443D25732C4D435529
:10AD28005F5549443D2530386C582530386C5825D6
:10AD380030386C582C4A696749443D25732C4A6958
:10AD4800674B6E6F776E3D25642C436F6E6669673F
:10AD58004761746553656C66546573743D312C5056
:10AD68006F696E7453616D706C657253656C66546F
:10AD78006573743D312C457870656374656443610F
:10AD88006C6962726174696F6E53746174653D5A5F
:10AD980045524F5F5441424C452C436F6E6669677C
:10ADA8005265616456616C69643D25642C436F6E1D
:10ADB80066696756616C69643D25642C506F6C69DF
:10ADC800637941476174655061737365643D2564B7
:10ADD8002C41756469744669656C64734C6F636B68
:10ADE80065643D312C457870656374656450726F95
:10ADF80066696C65466F756E643D25642C52656A9C
:10AE0800656374526561736F6E3D25732C45787068
:10AE180065637465645A65726F3D307825303458BF
:10AE28002C45787065637465644469723D30782593
:10AE38003032582C457870656374656446696C7463
:10AE48003D3078253032582C4578706563746564D8
:10AE58005374617475733D3078253032582C4578B9
:10AE68007065637465645072743D3078253032586B
:10AE78002C4578706563746564526D617049643DF2
:10AE88003078253032582C45787065637465644392
:10AE98006F727243524333323D30782530386C58E4
:10AEA8002C5A65726F3D3078253034582C446972BD
:10AEB8003D3078253032582C46696C743D30782501
:10AEC8003032582C5374617475733D3078253032A4
:10AED800582C5072743D3078253032582C526D61A0
:10AEE8007049643D3078253032582C436F72724E69
:10AEF8006F6E5A65726F436F756E743D25752C437E
:10AF08006F727243524333323D30782530386C5873
:10AF18000D0A00004D6F746F72204552524F523A1D
:10AF28002045256420284D4136303020636F6E66F9
:10AF3800696720676174652072656A656374656412
:10AF48003A20257329210D0A000000004765747412
:10AF5800696E6720726573756C74210D0A000000B4
:10AF6800505245434F4E444954494F4E5F50524505
:10AF78005F4D4F544F52000042415443485F505276
:10AF8800455F4D4F544F52004D6F746F72204552BC
:10AF9800524F523A20453530372028636F6E74720D
:10AFA8006F6C2D73657373696F6E2072657365744A
:10AFB80020766572696669636174696F6E2066617F
:10AFC800696C656429210D0A000000004D6F746FDB
:10AFD80072204552524F523A2045353032210D0ADF
:10AFE800000000004D6F746F72204552524F523A64
:10AFF800204535303320286D6F76652D746F2D7A96
:10B0080065726F20646964206E6F7420636F6E765A
:10B01800657267652077697468696E20256C64209D
:10B028006D7329210D0A00004D6F746F722045520F
:10B03800524F523A204535303420286D6F76652DB1
:10B04800746F2D7A65726F20656E636F6465722008
:10B058006163717569736974696F6E206661696C83
:10B06800656429210D0A00004D6F746F72204552E6
:10B07800524F523A20453530352028737765657030
:10B08800206163717569736974696F6E206661699F
:10B098006C65643A20257329210D0A004D6F746F81
:10B0A80072204552524F523A204535303620287387
:10B0B80077656570206163717569736974696F6E0E
:10B0C80020696E76616C69643B20696E7370656394
:10B0D80074204D4554412F454E4429210D0A000046
:10B0E800505245434F4E444954494F4E5F52455381
:10B0F800554C542C536368656D6156657273696F5E
:10B108006E3D25642C426174636849443D256C7525
:10B118002C4379636C654F726465723D256C752CA0
:10B128005465737449443D256C752C50726F746F67
:10B13800636F6C3D25732C52756E526F6C653D5074
:10B148005245434F4E444954494F4E2C456C69670C
:10B1580069626C65466F725374617469737469636C
:10B16800733D302C5374617475733D56414C49449A
:10B178000D0A00004E6F6E6C696E6561722046693B
:10B188006E616C20417665726167653A202573208F
:10B198006465677265650D0A000000004D41363030
:10B1A8003020526177204E6F6E6C696E6561722037
:10B1B80046696E616C20417665726167653A202543
:10B1C80073206465677265650D0A00004D6F746FC2
:10B1D80072204F4B210D0A0042415443482C4261D2
:10B1E80074636849443D256C752C53746174757398
:10B1F8003D4641494C45442C4379636C654F726424
:10B2080065723D256C752C52756E4F726465723D82
:10B21800256C752C52756E526F6C653D25730D0A41
:10B228000000000042415443482C4261746368495D
:10B23800443D256C752C5374617475733D434F4DB3
:10B24800504C4554452C507265636F6E646974693F
:10B258006F6E436F756E743D256C752C52756E4319
:10B268006F756E743D256C752C546F74616C4379E1
:10B27800636C65436F756E743D256C752C507265F3
:10B28800636F6E646974696F6E56616C69643D3191
:10B298000D0A000042415443482C426174636849D6
:10B2A800443D256C752C5374617475733D434F4F41
:10B2B8004C444F574E5F53544152542C4379636C5E
:10B2C800654F726465723D256C752C52756E4F72B0
:10B2D8006465723D256C752C52756E526F6C653DB8
:10B2E80025732C5461726765744D733D256C752CFC
:10B2F80050726F746F636F6C3D25730D0A00000008
:10B308004D413630302053544154555320707265A6
:10B31800636865636B206661696C6564204E564D91
:10B32800423D2564204352433D2564204D454D3D13
:10B338002564205041523D25643B20626174636856
:10B3480020726566757365640D0A000042415443B6
:10B35800482C426174636849443D256C752C5374CC
:10B36800617475733D53544152542C507265636F28
:10B378006E646974696F6E50726F746F636F6C3D41
:10B3880025732C507265636F6E646974696F6E43C0
:10B398006F756E743D256C752C52756E436F756EA6
:10B3A800743D256C752C546F74616C4379636C65BE
:10B3B800436F756E743D256C752C436F6F6C646FAD
:10B3C800776E5461726765744D733D256C750D0A0F
:10B3D8000000000042415443482C426174636849AC
:10B3E800443D256C752C5374617475733D46414911
:10B3F8004C45442C526561736F6E3D434F4F4C442E
:10B408004F574E5F494E56414C49442C436F6D701F
:10B418006C657465644379636C654F726465723DED
:10B42800256C752C4E6578744379636C654F72642E
:10B4380065723D256C752C5461726765744D733D5A
:10B44800256C752C41637475616C4D733D256C7565
:10B458002C546F6C6572616E63654D733D256C7518
:10B468000D0A000052554E54494D452C46726565EB
:10B47800486561703D256C752C4D696E4576657221
:10B4880046726565486561703D256C752C54657319
:10B4980074537461636B4869676857617465725760
:10B4A8006F7264733D256C750D0A0000424F4F544E
:10B4B8005F534D4F4B450000494E495449414C009C
:10B4C800484F4C445F353000484F4C445F31303072
:10B4D80000000000484F4C445F323030000000004C
:10B4E800546573745461736B000000000000803F62
:10B4F8000000000000000000000020410000204182
:10B508000000C842000000000000000000002041C8
:10B518000000A04049444C4500000000546D7220D2
:10B5280053766300546D725100000000AD550A193E
:10B538002089010800000000000000000000000051
:10B5480000000000001000001800000000000000CB
:10B558000000000000000040A69B443B9A99993ED9
:10B568000000A0400000C84327003C0004473432D4
:10B5780035353538488A010800000005000000000C
:10B58800AD550A192C0025000447343235353538B5
:10B59800508A01080000000500000000AD550A1996
:10B5A8003A004C000B51343039333631588A01088F
:10B5B8000000000500000000AD550A19010203064D
:10B5C800090C121B242D486C010203060C12000002
:10B5D800C0B40108C8B40108D0B40108DCB401083B
:10B5E800000000003200000064000000C8000000F5
:10B5F800E8B401080000000000000000000000009E
:10B6080000000000001A00002000000000000000F8
:10B618000000000000000000000000000102030418
:10B6280006070809000000000102030400061016BE
:10B6380000061016232D302B2000686C4C00656620
:10B64800674546470030313233343536373839416B
:10B658004243444546003031323334353637383981
:10B66800616263646566000059F3F8C21F6EA50144
:10B67800000000000000F03F00000080DB0F4940A0
:10B68800DB0F49C0DB0F49BFE4CB1640E4CB16C043
:10B69800000FC93F000F494000CB9640000FC9403A
:10B6A8000053FB4000CB164100ED2F41000F4941EC
:10B6B8000031624100537B41003A8A4100CB9641F8
:10B6C800005CA34100EDAF41007EBC41000FC941C1
:10B6D80000A0D5410031E24100C2EE410053FB41D8
:10B6E80000F20342003A0A420083104200CB16429D
:10B6F80000141D42005C234200A5294200ED2F42A0
:10B7080000363642007E3C4200C74242000F4942A2
:10B71800A2000000F9000000830000006E00000095
:10B728004E00000044000000150000002900000041
:10B73800FC0000002700000057000000D1000000B6
:10B74800F500000034000000DD000000C00000002B
:10B75800DB00000062000000950000009900000076
:10B768003C00000043000000900000004100000081
:10B77800FE0000005100000063000000AB00000064
:10B78800DE000000BB000000C500000061000000F2
:10B79800B7000000240000006E0000003A0000001E
:10B7A800420000004D000000D2000000E000000050
:10B7B80006000000490000002E000000EA0000001A
:10B7C80009000000D1000000920000001C000000E9
:10B7D800FE0000001D000000EB0000001C0000003F
:10B7E800B100000029000000A70000003E00000092
:10B7F800E80000008200000035000000F5000000AD
:10B808002E000000BB00000044000000840000007F
:10B81800E90000009C000000700000002600000005
:10B82800B40000005F0000007E000000410000003E
:10B838003900000091000000D60000003900000027
:10B84800830000005300000039000000F4000000ED
:10B858009C000000840000005F0000008B000000D6
:10B86800BD000000F9000000280000003B000000B7
:10B878001F000000F800000097000000FF00000013
:10B88800DE00000005000000980000000F00000026
:10B89800EF0000002F000000110000008B000000E6
:10B8A8005A0000000A0000006D0000001F000000A0
:10B8B8006D000000360000007E000000CF00000090
:10B8C80027000000CB00000009000000B7000000BE
:10B8D8004F000000460000003F0000006600000026
:10B8E8009E0000005F000000EA0000002D0000003C
:10B8F8007500000027000000BA000000C700000023
:10B90800EB000000E5000000F10000007B000000F3
:10B918003D0000000700000039000000F7000000AB
:10B928008A0000005200000092000000EA000000B7
:10B938006B000000FB0000005F000000B100000089
:10B948001F0000008D0000005D00000008000000DE
:10B958005600000003000000300000004600000010
:10B96800FC0000007B0000006B000000AB00000042
:10B97800F0000000CF000000BC0000002000000024
:10B988009A000000F4000000360000001D000000CE
:10B99800A9000000E3000000910000006100000021
:10B9A8005E000000E60000001B0000000800000028
:10B9B8006500000099000000850000005F0000009D
:10B9C80014000000A0000000680000004000000013
:10B9D8008D000000FF000000D8000000800000007B
:10B9E8004D00000073000000270000003100000037
:10B9F80006000000060000001500000056000000C8
:10BA0800CA00000073000000A8000000C900000080
:10BA180060000000E20000007B000000C0000000A1
:10BA28008C0000006B0000006937AC3168212233BC
:10BA3800B40F14336821A2333863ED3EDA0F493F5F
:10BA48005E987B3FDA0FC93F0000C93F0000F0391C
:10BA58000000DA370000A2330000842E0000502BCB
:10BA68000000C2270000D0220000C41F0000C61B2F
:10BA7800000044170400000007000000090000004F
:08BA88004847FE7F01000000A9
:04BA9000B5010008F4
:04BA94009101000814
:10BA98000024F4001000000001000000AAAAAAAACD
:10BAA80014000020000000006CDC0120D4DC012020
:10BAB8003CDD012000000000000000000000000044
:10BAC800000000000000000000000000000000006E
:10BAD800000000000000000000000000000000005E
:10BAE800000000000000000000000000000000004E
:040000050800CD2DF5
:00000001FF
