File,Era,ProductId,JigId,TestID,SweepID,RunRole,H1_Deg,H2_Deg,H36_Deg,RatioH2H36,RatioH1H36
C:\learn\rd\jig\B0-B p02 jig 1 test 23 lần 2.txt,legacy-root,P02,JIG1,13,12,PRECONDITION,0.21077282823478,0.253425770091965,0.913526585946882,0.277414772586269,0.230724350530326
C:\learn\rd\jig\B0-B p02 jig 1 test 23 lần 2.txt,legacy-root,P02,JIG1,14,13,OFFICIAL,0.207937470355308,0.251202981218616,0.904179974466034,0.277824092893635,0.229973540918229
C:\learn\rd\jig\B0-B p02 jig 1 test 23 lần 2.txt,legacy-root,P02,JIG1,15,14,OFFICIAL,0.212473480801144,0.247399366982224,0.904578769929865,0.273496764689056,0.234886654279558
C:\learn\rd\jig\B0-B p02 jig 1 test 23 lần 2.txt,legacy-root,P02,JIG1,16,15,OFFICIAL,0.209571384204927,0.254697644129974,0.902599942483139,0.282182207356757,0.232186347839083
C:\learn\rd\jig\B0-B p02 jig 1 test 23 lần 2.txt,legacy-root,P02,JIG1,17,16,OFFICIAL,0.180647512177421,0.240948796585019,0.899669886706891,0.267819119151556,0.200793107390372
C:\learn\rd\jig\B0-B p02 jig 1 test 23 lần 2.txt,legacy-root,P02,JIG1,18,17,OFFICIAL,0.211930688173973,0.250934909834235,0.902526918601109,0.278035928527403,0.234819243399919
C:\learn\rd\jig\B0-B p02 jig 1 test 23 lần 2.txt,legacy-root,P02,JIG1,19,18,OFFICIAL,0.215254394768892,0.252999945806188,0.90025063897693,0.281032786706715,0.239104961939836
C:\learn\rd\jig\B0-B p02 jig 1 test 23 lần 2.txt,legacy-root,P02,JIG1,20,19,OFFICIAL,0.20789422149213,0.254418091444878,0.902212126139584,0.281993651020288,0.230427208268276
C:\learn\rd\jig\B0-B p02 jig 1 test 23 lần 2.txt,legacy-root,P02,JIG1,21,20,OFFICIAL,0.212432685181795,0.251759787986211,0.898352706047028,0.280246039547224,0.236469132615574
C:\learn\rd\jig\B0-B p02 jig 1 test 23 lần 2.txt,legacy-root,P02,JIG1,22,21,OFFICIAL,0.20818056492034,0.255202049881848,0.900686856747993,0.283341594217637,0.231135342278662
C:\learn\rd\jig\B0-B p02 jig 1 test 23 lần 2.txt,legacy-root,P02,JIG1,23,22,OFFICIAL,0.211537669981629,0.249228524186558,0.900839722073677,0.276662449578543,0.234822760140597
C:\learn\rd\jig\B0-B p02 jig 1 test 23.txt,legacy-root,P02,JIG1,2,1,PRECONDITION,0.216704881881213,0.257652082308851,0.88360444065135,0.291592108929333,0.245251010419854
C:\learn\rd\jig\B0-B p02 jig 1 test 23.txt,legacy-root,P02,JIG1,3,2,OFFICIAL,0.208156744239254,0.254687010313582,0.903621997266887,0.281851273080905,0.230358208265015
C:\learn\rd\jig\B0-B p02 jig 1 test 23.txt,legacy-root,P02,JIG1,4,3,OFFICIAL,0.21915362814762,0.2503428400222,0.903216409676091,0.277168170706705,0.242636898311238
C:\learn\rd\jig\B0-B p02 jig 1 test 23.txt,legacy-root,P02,JIG1,5,4,OFFICIAL,0.195100486278653,0.250121300655641,0.899954714084879,0.277926540903759,0.216789226419066
C:\learn\rd\jig\B0-B p02 jig 1 test 23.txt,legacy-root,P02,JIG1,6,5,OFFICIAL,0.213756144013095,0.257799281450066,0.900632523444669,0.286242473749511,0.237340023204511
C:\learn\rd\jig\B0-B p02 jig 1 test 23.txt,legacy-root,P02,JIG1,7,6,OFFICIAL,0.213349655636025,0.251159150334303,0.900349070776741,0.278957527126257,0.236963265205534
C:\learn\rd\jig\B0-B p02 jig 1 test 23.txt,legacy-root,P02,JIG1,8,7,OFFICIAL,0.210770046620228,0.252209004538062,0.900488943204912,0.280080068102147,0.234061781891602
C:\learn\rd\jig\B0-B p02 jig 1 test 23.txt,legacy-root,P02,JIG1,9,8,OFFICIAL,0.21132218809757,0.253327698643495,0.899565690613977,0.281611116660743,0.234915793590724
C:\learn\rd\jig\B0-B p02 jig 1 test 23.txt,legacy-root,P02,JIG1,10,9,OFFICIAL,0.210452701488139,0.255225709038081,0.901615298366935,0.283076063039706,0.233417403042434
C:\learn\rd\jig\B0-B p02 jig 1 test 23.txt,legacy-root,P02,JIG1,11,10,OFFICIAL,0.205938820397115,0.251440816441957,0.90048174454007,0.279229221432337,0.228698495717201
C:\learn\rd\jig\B0-B p02 jig 1 test 23.txt,legacy-root,P02,JIG1,12,11,OFFICIAL,0.213831161115018,0.250702065514231,0.899741276010383,0.278637950929505,0.237658498966708
C:\learn\rd\jig\B0-B p03 jig 1 test 21A.txt,legacy-root,P03,JIG1,1,1,PRECONDITION,0.236080516455985,0.18175030451165,0.921780464711492,0.197173092151108,0.256113603503059
C:\learn\rd\jig\B0-B p03 jig 1 test 21A.txt,legacy-root,P03,JIG1,2,2,OFFICIAL,0.242892144621113,0.182588222334902,0.915054873367498,0.199538003292587,0.265439977088198
C:\learn\rd\jig\B0-B p03 jig 1 test 21A.txt,legacy-root,P03,JIG1,3,3,OFFICIAL,0.23120640164248,0.1788474751564,0.912787365498198,0.195935528817038,0.253297109909369
C:\learn\rd\jig\B0-B p03 jig 1 test 21A.txt,legacy-root,P03,JIG1,4,4,OFFICIAL,0.232470769342148,0.176133874091131,0.910015279450529,0.193550457963169,0.255458094596515
C:\learn\rd\jig\B0-B p03 jig 1 test 21A.txt,legacy-root,P03,JIG1,5,5,OFFICIAL,0.236765428235628,0.178860210979171,0.908704286816652,0.196829940800377,0.260552780118446
C:\learn\rd\jig\B0-B p03 jig 1 test 21A.txt,legacy-root,P03,JIG1,6,6,OFFICIAL,0.233051698295774,0.183127873152035,0.910766020016997,0.201070164155463,0.255885368111807
C:\learn\rd\jig\B0-B p03 jig 1 test 21A.txt,legacy-root,P03,JIG1,7,7,OFFICIAL,0.233570101997117,0.177059875005836,0.906840604435048,0.195249169633446,0.257564671073181
C:\learn\rd\jig\B0-B p03 jig 1 test 21A.txt,legacy-root,P03,JIG1,8,8,OFFICIAL,0.245610434304679,0.177073261952713,0.90627057046453,0.19538675062785,0.271012258710758
C:\learn\rd\jig\B0-B p03 jig 1 test 21A.txt,legacy-root,P03,JIG1,9,9,OFFICIAL,0.234269263347111,0.182356929819685,0.903972046703808,0.201728505305691,0.259155428756162
C:\learn\rd\jig\B0-B p03 jig 1 test 21A.txt,legacy-root,P03,JIG1,10,10,OFFICIAL,0.244558824929414,0.175583101697435,0.902911296566909,0.194463290430682,0.270855870182693
C:\learn\rd\jig\B0-B p03 jig 1 test 21A.txt,legacy-root,P03,JIG1,11,11,OFFICIAL,0.235725152650055,0.179305298693528,0.903505548460741,0.198455116295635,0.260900614336734
C:\learn\rd\jig\B0-B p03 jig 1 test 21A2.txt,legacy-root,P03,JIG1,1,1,PRECONDITION,0.425715766194561,0.333951994162465,0.89828800104661,0.371764950409415,0.47391901672799
C:\learn\rd\jig\B0-B p03 jig 1 test 21A2.txt,legacy-root,P03,JIG1,2,2,OFFICIAL,0.228211360524174,0.182643798087123,0.904984875296258,0.201819724365374,0.252171463583262
C:\learn\rd\jig\B0-B p03 jig 1 test 21A2.txt,legacy-root,P03,JIG1,3,3,OFFICIAL,0.238419802131885,0.177014425036372,0.904593464350859,0.19568395308206,0.263565691692208
C:\learn\rd\jig\B0-B p03 jig 1 test 21A2.txt,legacy-root,P03,JIG1,4,4,OFFICIAL,0.221694198655188,0.166410465488362,0.904068240283908,0.184068478543283,0.245218434601318
C:\learn\rd\jig\B0-B p03 jig 1 test 21A2.txt,legacy-root,P03,JIG1,5,5,OFFICIAL,0.24004935917341,0.171003730311902,0.90750597885809,0.188432621157026,0.264515457490939
C:\learn\rd\jig\B0-B p03 jig 1 test 21A2.txt,legacy-root,P03,JIG1,6,6,OFFICIAL,0.235044929916055,0.176565869972704,0.907390973312325,0.194586319641434,0.259033797810497
C:\learn\rd\jig\B0-B p03 jig 1 test 21A2.txt,legacy-root,P03,JIG1,7,7,OFFICIAL,0.237947175528988,0.176350914557267,0.904870004725511,0.194890883371433,0.262962828125979
C:\learn\rd\jig\B0-B p03 jig 1 test 21A2.txt,legacy-root,P03,JIG1,8,8,OFFICIAL,0.247661890593813,0.172102641884627,0.910728665929808,0.188972466029626,0.271938174188207
C:\learn\rd\jig\B0-B p03 jig 1 test 21A2.txt,legacy-root,P03,JIG1,9,9,OFFICIAL,0.236465240054556,0.172975300147735,0.902276979562234,0.191709756611167,0.262076109011763
C:\learn\rd\jig\B0-B p03 jig 1 test 21A2.txt,legacy-root,P03,JIG1,10,10,OFFICIAL,0.238307179345209,0.173309926804227,0.90493807664532,0.191515785750448,0.26334086883451
C:\learn\rd\jig\B0-B p03 jig 1 test 21A2.txt,legacy-root,P03,JIG1,11,11,OFFICIAL,0.225346898392291,0.188760159814481,0.905177812460316,0.208533789953845,0.248953183883051
C:\learn\rd\jig\B0-B p03 jig 1 test 21B.txt,legacy-root,P03,JIG1,1,1,PRECONDITION,0.239937102964676,0.174630233010806,0.909132376096802,0.192084494626129,0.263918774947608
C:\learn\rd\jig\B0-B p03 jig 1 test 21B.txt,legacy-root,P03,JIG1,2,2,OFFICIAL,0.234523243342325,0.18063473242631,0.906806900816054,0.199198674231254,0.258625340335713
C:\learn\rd\jig\B0-B p03 jig 1 test 21B.txt,legacy-root,P03,JIG1,3,3,OFFICIAL,0.232420571893703,0.177862938917615,0.903802741359696,0.196793980343581,0.25715851618689
C:\learn\rd\jig\B0-B p03 jig 1 test 21B.txt,legacy-root,P03,JIG1,4,4,OFFICIAL,0.224511699264523,0.183167938670414,0.905173560345014,0.202356704498305,0.248031658347322
C:\learn\rd\jig\B0-B p03 jig 1 test 21B.txt,legacy-root,P03,JIG1,5,5,OFFICIAL,0.237976391471659,0.178160819114876,0.906569994920862,0.196521857234453,0.262501949992767
C:\learn\rd\jig\B0-B p03 jig 1 test 21B.txt,legacy-root,P03,JIG1,6,6,OFFICIAL,0.235448150063271,0.178433736247759,0.9033058196978,0.197534137782322,0.260651647458708
C:\learn\rd\jig\B0-B p03 jig 1 test 21B.txt,legacy-root,P03,JIG1,7,7,OFFICIAL,0.234295179408968,0.175961538533597,0.906543149745911,0.194101669162594,0.25844900981783
C:\learn\rd\jig\B0-B p03 jig 1 test 21B.txt,legacy-root,P03,JIG1,8,8,OFFICIAL,0.244962892805025,0.181472418614985,0.903993273840307,0.200745319535466,0.270978667534089
C:\learn\rd\jig\B0-B p03 jig 1 test 21B.txt,legacy-root,P03,JIG1,9,9,OFFICIAL,0.237958699288281,0.17780775750115,0.905602519560832,0.196341942144085,0.262762850310617
C:\learn\rd\jig\B0-B p03 jig 1 test 21B.txt,legacy-root,P03,JIG1,10,10,OFFICIAL,0.251002049994798,0.168640547543185,0.90893555269264,0.185536308975485,0.27614944673605
C:\learn\rd\jig\B0-B p03 jig 1 test 21B.txt,legacy-root,P03,JIG1,11,11,OFFICIAL,0.238352642068678,0.181084197891763,0.905623886377164,0.19995519179178,0.263191646834955
C:\learn\rd\jig\B0-B p03 jig 1 test 22.txt,legacy-root,P03,JIG1,1,1,PRECONDITION,0.233747431445331,0.177916412262546,0.918558975731337,0.193690788466677,0.254471882177436
C:\learn\rd\jig\B0-B p03 jig 1 test 22.txt,legacy-root,P03,JIG1,2,2,OFFICIAL,0.235064021820031,0.170182402583627,0.910788825021755,0.186851658593376,0.258088390373495
C:\learn\rd\jig\B0-B p03 jig 1 test 22.txt,legacy-root,P03,JIG1,3,3,OFFICIAL,0.237798172394067,0.177143536157982,0.905381145112426,0.195656312387624,0.262649795257818
C:\learn\rd\jig\B0-B p03 jig 1 test 22.txt,legacy-root,P03,JIG1,4,4,OFFICIAL,0.23275601637176,0.180269399675331,0.903509474393345,0.199521316360707,0.257613254723247
C:\learn\rd\jig\B0-B p03 jig 1 test 22.txt,legacy-root,P03,JIG1,5,5,OFFICIAL,0.23886341503525,0.181822504468272,0.907492479373911,0.200357037221635,0.26321255598729
C:\learn\rd\jig\B0-B p03 jig 1 test 22.txt,legacy-root,P03,JIG1,6,6,OFFICIAL,0.237681945580024,0.17737822715164,0.909639517139371,0.194998374421395,0.261292458277851
C:\learn\rd\jig\B0-B p03 jig 1 test 22.txt,legacy-root,P03,JIG1,7,7,OFFICIAL,0.234590279851555,0.176003371000203,0.909760959701482,0.193461116487077,0.257859251213121
C:\learn\rd\jig\B0-B p03 jig 1 test 22.txt,legacy-root,P03,JIG1,8,8,OFFICIAL,0.237034916297218,0.177888938799888,0.905950416520969,0.196356153224165,0.261642262064937
C:\learn\rd\jig\B0-B p03 jig 1 test 22.txt,legacy-root,P03,JIG1,9,9,OFFICIAL,0.224367218089838,0.181910276619812,0.910613085876274,0.199766815831294,0.246391383530285
C:\learn\rd\jig\B0-B p03 jig 1 test 22.txt,legacy-root,P03,JIG1,10,10,OFFICIAL,0.235777347315387,0.176815586903309,0.90850069541284,0.194623501991885,0.259523573846298
C:\learn\rd\jig\B0-B p03 jig 1 test 22.txt,legacy-root,P03,JIG1,11,11,OFFICIAL,0.231815328922904,0.173876268781532,0.911621055823247,0.190733054782847,0.25428913411128
C:\learn\rd\jig\B0-B p03 jig 4 test 30 lần 2.txt,legacy-root,P03,JIG4,1,1,PRECONDITION,0.25147539191643,0.133935119010989,0.928041466630077,0.144320188080967,0.270974305522783
C:\learn\rd\jig\B0-B p03 jig 4 test 30 lần 2.txt,legacy-root,P03,JIG4,2,2,OFFICIAL,0.218565582535179,0.123813041056431,0.918778972391832,0.134758244122753,0.237887009936887
C:\learn\rd\jig\B0-B p03 jig 4 test 30 lần 2.txt,legacy-root,P03,JIG4,3,3,OFFICIAL,0.237692708393213,0.119337658687861,0.915293035221607,0.130381914966683,0.259690284145627
C:\learn\rd\jig\B0-B p03 jig 4 test 30 lần 2.txt,legacy-root,P03,JIG4,4,4,OFFICIAL,0.229597086773633,0.117141165029436,0.912204241032945,0.12841550144164,0.251694824958987
C:\learn\rd\jig\B0-B p03 jig 4 test 30 lần 3.txt,legacy-root,P03,JIG4,1,1,PRECONDITION,0.222701318264773,0.0947637974868955,0.283105950988905,0.334729090490257,0.786635948438613
C:\learn\rd\jig\B0-B p03 jig 4 test 30.txt,legacy-root,P03,JIG4,1,1,PRECONDITION,0.25147539191643,0.133935119010989,0.928041466630077,0.144320188080967,0.270974305522783
C:\learn\rd\jig\B0-B p04 jig 1 test 23 lần 1.txt,legacy-root,P04,JIG1,24,23,PRECONDITION,0.379101305382744,0.418614466137122,0.86601897672676,0.483377936727592,0.437751730124449
C:\learn\rd\jig\B0-B p04 jig 1 test 23 lần 1.txt,legacy-root,P04,JIG1,25,24,OFFICIAL,0.300861907725901,0.251118183557336,0.849723464104712,0.295529303550444,0.354070377523228
C:\learn\rd\jig\B0-B p04 jig 1 test 23 lần 1.txt,legacy-root,P04,JIG1,26,25,OFFICIAL,0.309057713311586,0.255110219158228,0.845696195943921,0.30165704940116,0.36544768061376
C:\learn\rd\jig\B0-B p04 jig 1 test 23 lần 1.txt,legacy-root,P04,JIG1,27,26,OFFICIAL,0.310320258455083,0.26867554506213,0.851193955924459,0.315645503815084,0.364570561498
C:\learn\rd\jig\B0-B p04 jig 1 test 23 lần 1.txt,legacy-root,P04,JIG1,28,27,OFFICIAL,0.304415010397058,0.261382687789781,0.854505096560166,0.305887804346615,0.356247155953181
C:\learn\rd\jig\B0-B p04 jig 1 test 23 lần 1.txt,legacy-root,P04,JIG1,29,28,OFFICIAL,0.308996743985697,0.25929928166588,0.854260468928496,0.303536557171047,0.361712563351167
C:\learn\rd\jig\B0-B p04 jig 1 test 23 lần 1.txt,legacy-root,P04,JIG1,30,29,OFFICIAL,0.293394999659421,0.260855184689772,0.854302540139402,0.305342864422721,0.343432198634861
C:\learn\rd\jig\B0-B p04 jig 1 test 23 lần 1.txt,legacy-root,P04,JIG1,31,30,OFFICIAL,0.299027336141558,0.25841971058862,0.851837087476654,0.303367526945935,0.351038174479288
C:\learn\rd\jig\B0-B p04 jig 1 test 23 lần 1.txt,legacy-root,P04,JIG1,32,31,OFFICIAL,0.296021430053485,0.253826707623148,0.852788735303025,0.297643129083964,0.347121646662346
C:\learn\rd\jig\B0-B p04 jig 1 test 23 lần 1.txt,legacy-root,P04,JIG1,33,32,OFFICIAL,0.288685709464188,0.247543066268228,0.851997584507811,0.290544328727447,0.338833952951824
C:\learn\rd\jig\B0-B p04 jig 1 test 23 lần 1.txt,legacy-root,P04,JIG1,34,33,OFFICIAL,0.296257167407547,0.25045801458266,0.854374045048938,0.293147967256326,0.346753473053571
C:\learn\rd\jig\B0-B p05 jig 1 test 23 lần 1.txt,legacy-root,P05,JIG1,35,34,PRECONDITION,0.446333200097285,0.259856037905307,0.875233073374122,0.296899244110523,0.509959248199591
C:\learn\rd\jig\B0-B p05 jig 1 test 23 lần 1.txt,legacy-root,P05,JIG1,36,35,OFFICIAL,0.309692801030081,0.198670683478274,0.859273014709565,0.2312078699986,0.360412576362307
C:\learn\rd\jig\B0-B p05 jig 1 test 23 lần 1.txt,legacy-root,P05,JIG1,37,36,OFFICIAL,0.318404734218158,0.228319578335874,0.85637144928198,0.266612786457684,0.371806807063831
C:\learn\rd\jig\B0-B p05 jig 1 test 23 lần 1.txt,legacy-root,P05,JIG1,38,37,OFFICIAL,0.303914900466778,0.22468223053834,0.854364621716017,0.262981664768678,0.355720371305117
C:\learn\rd\jig\B0-B p05 jig 1 test 23 lần 1.txt,legacy-root,P05,JIG1,39,38,OFFICIAL,0.318126536511136,0.228585823123141,0.854780692498087,0.267420433251834,0.372173282928765
C:\learn\rd\jig\B0-B p05 jig 1 test 23 lần 1.txt,legacy-root,P05,JIG1,40,39,OFFICIAL,0.315817533378955,0.214013167897404,0.851957453239845,0.251201708587148,0.370696367732867
C:\learn\rd\jig\B0-B p05 jig 1 test 23 lần 1.txt,legacy-root,P05,JIG1,41,40,OFFICIAL,0.31998236347541,0.206754878695905,0.854687555428928,0.241906972182536,0.374385190755265
C:\learn\rd\jig\B0-B p05 jig 1 test 23 lần 1.txt,legacy-root,P05,JIG1,42,41,OFFICIAL,0.321825075488824,0.209907028376776,0.854209662552474,0.245732444362138,0.376751855659388
C:\learn\rd\jig\B0-B p05 jig 1 test 23 lần 1.txt,legacy-root,P05,JIG1,43,42,OFFICIAL,0.320833679142175,0.210959479264571,0.85342127464878,0.247192665019266,0.375938224968919
C:\learn\rd\jig\B0-B p05 jig 1 test 23 lần 1.txt,legacy-root,P05,JIG1,44,43,OFFICIAL,0.33818498681345,0.210969138325831,0.85281382857872,0.247380062630349,0.396551950121473
C:\learn\rd\jig\B0-B p05 jig 1 test 23 lần 1.txt,legacy-root,P05,JIG1,45,44,OFFICIAL,0.333807222609535,0.214385163795969,0.851091857631221,0.251894271897572,0.392210570006621
C:\learn\rd\jig\B0-B p06 jig 1 test 23 lần 1.txt,legacy-root,P06,JIG1,46,45,PRECONDITION,0.242801121334245,0.113442777775363,0.833734034336861,0.136065907235746,0.291221314393583
C:\learn\rd\jig\B0-B p06 jig 1 test 23 lần 1.txt,legacy-root,P06,JIG1,47,46,OFFICIAL,0.249277499344431,0.115459374228974,0.827008738040471,0.139610827453342,0.301420635451898
C:\learn\rd\jig\B0-B p06 jig 1 test 23 lần 1.txt,legacy-root,P06,JIG1,48,47,OFFICIAL,0.239169900360025,0.110322332825059,0.820933364262072,0.13438646500161,0.291338993847585
C:\learn\rd\jig\B0-B p06 jig 1 test 23 lần 1.txt,legacy-root,P06,JIG1,49,48,OFFICIAL,0.241499653823252,0.118060180398311,0.821568436185241,0.143700969022734,0.293949527740621
C:\learn\rd\jig\B0-B p06 jig 1 test 23 lần 1.txt,legacy-root,P06,JIG1,50,49,OFFICIAL,0.255474904348867,0.116626184842255,0.821717443945754,0.141929790710338,0.3109035912906
C:\learn\rd\jig\B0-B p06 jig 1 test 23 lần 1.txt,legacy-root,P06,JIG1,51,50,OFFICIAL,0.252959543181409,0.11406175867734,0.820039249714207,0.139093047945073,0.308472482591008
C:\learn\rd\jig\B0-B p06 jig 1 test 23 lần 1.txt,legacy-root,P06,JIG1,52,51,OFFICIAL,0.248887262216318,0.118221916771044,0.820121606686168,0.144151691416519,0.303476045731787
C:\learn\rd\jig\B0-B p06 jig 1 test 23 lần 1.txt,legacy-root,P06,JIG1,53,52,OFFICIAL,0.245831410043071,0.116630995508568,0.82124804757424,0.142016770515396,0.299338806063765
C:\learn\rd\jig\B0-B p06 jig 1 test 23 lần 1.txt,legacy-root,P06,JIG1,54,53,OFFICIAL,0.249912668078746,0.117956170015942,0.817482271153306,0.144292022198266,0.305710199349239
C:\learn\rd\jig\B0-B p06 jig 1 test 23 lần 1.txt,legacy-root,P06,JIG1,55,54,OFFICIAL,0.255472578962015,0.11641721292629,0.820589555701006,0.141870210408464,0.311328089892361
C:\learn\rd\jig\B0-B p06 jig 1 test 23 lần 1.txt,legacy-root,P06,JIG1,56,55,OFFICIAL,0.254439834517872,0.114048421613388,0.817776134479518,0.139461665368818,0.311136292427772
C:\learn\rd\jig\B0-B p06 jig 1 test 23 lần 2.txt,legacy-root,P06,JIG1,1,1,PRECONDITION,0.275398893792207,0.118473452785354,0.809842231147374,0.146292016183822,0.340064870909518
C:\learn\rd\jig\B0-B p06 jig 1 test 23 lần 2.txt,legacy-root,P06,JIG1,2,2,OFFICIAL,0.283631009098652,0.117934952714721,0.821981889359001,0.143476339614598,0.345057491862544
C:\learn\rd\jig\B0-B p06 jig 1 test 23 lần 2.txt,legacy-root,P06,JIG1,3,3,OFFICIAL,0.282301061005256,0.118577128823855,0.818601039521847,0.144853381682873,0.34485793124591
C:\learn\rd\jig\B0-B p06 jig 1 test 23 lần 2.txt,legacy-root,P06,JIG1,4,4,OFFICIAL,0.283065890875567,0.121480516458074,0.821595929458033,0.147859199519414,0.344531759136504
C:\learn\rd\jig\B0-B p06 jig 1 test 23 lần 2.txt,legacy-root,P06,JIG1,5,5,OFFICIAL,0.287044790824041,0.124449405065931,0.819692997430157,0.151824409206979,0.350185730174545
C:\learn\rd\jig\B0-B p06 jig 1 test 23 lần 2.txt,legacy-root,P06,JIG1,6,6,OFFICIAL,0.28264589109709,0.120742629378262,0.820169952953433,0.147216596930268,0.344618685528874
C:\learn\rd\jig\B0-B p06 jig 1 test 23 lần 2.txt,legacy-root,P06,JIG1,7,7,OFFICIAL,0.284014021992555,0.116275348900773,0.820396176846884,0.14173072983795,0.346191303674935
C:\learn\rd\jig\B0-B p06 jig 1 test 23 lần 2.txt,legacy-root,P06,JIG1,8,8,OFFICIAL,0.283902759906781,0.117726275539712,0.819127995499991,0.14372146500481,0.346591450257403
C:\learn\rd\jig\B0-B p06 jig 1 test 23 lần 2.txt,legacy-root,P06,JIG1,9,9,OFFICIAL,0.283629096010944,0.121352696335077,0.820330345862096,0.147931497289114,0.345749852412048
C:\learn\rd\jig\B0-B p06 jig 1 test 23 lần 2.txt,legacy-root,P06,JIG1,10,10,OFFICIAL,0.284668551168083,0.12420853975533,0.821692772052192,0.151161777223764,0.346441590884533
C:\learn\rd\jig\B0-B p06 jig 1 test 23 lần 2.txt,legacy-root,P06,JIG1,11,11,OFFICIAL,0.282691669595633,0.119651961287652,0.817648743922456,0.146336629484262,0.345737300640241
C:\learn\rd\jig\B0-B p07 jig 1 test 23 lần 1.txt,legacy-root,P07,JIG1,57,56,PRECONDITION,0.354376469022254,0.2410179060112,0.883128699523976,0.272913683069199,0.401273867798963
C:\learn\rd\jig\B0-B p07 jig 1 test 23 lần 1.txt,legacy-root,P07,JIG1,58,57,OFFICIAL,0.18385371984101,0.09242082939914,0.860167522541782,0.107445151063176,0.213741759625759
C:\learn\rd\jig\B0-B p07 jig 1 test 23 lần 1.txt,legacy-root,P07,JIG1,59,58,OFFICIAL,0.202947803453639,0.105522176139997,0.855608028900393,0.123330044337722,0.237197170431491
C:\learn\rd\jig\B0-B p07 jig 1 test 23 lần 1.txt,legacy-root,P07,JIG1,60,59,OFFICIAL,0.203243552048562,0.101165746675423,0.855595406224344,0.118240170458438,0.237546333897999
C:\learn\rd\jig\B0-B p07 jig 1 test 23 lần 1.txt,legacy-root,P07,JIG1,61,60,OFFICIAL,0.197285257547387,0.101765839741053,0.855605805989028,0.118940099551356,0.230579615246225
C:\learn\rd\jig\B0-B p07 jig 1 test 23 lần 1.txt,legacy-root,P07,JIG1,62,61,OFFICIAL,0.193471459159132,0.105929315690654,0.854214444589067,0.124007872217161,0.226490502923074
C:\learn\rd\jig\B0-B p07 jig 1 test 23 lần 1.txt,legacy-root,P07,JIG1,63,62,OFFICIAL,0.199954469985414,0.0980414656953051,0.852734026883011,0.114973089620541,0.234486327133333
C:\learn\rd\jig\B0-B p07 jig 1 test 23 lần 1.txt,legacy-root,P07,JIG1,64,63,OFFICIAL,0.197927209838991,0.0908104766118686,0.852752643008529,0.106490994025521,0.232103894912245
C:\learn\rd\jig\B0-B p07 jig 1 test 23 lần 1.txt,legacy-root,P07,JIG1,65,64,OFFICIAL,0.197934096671305,0.0817082844390147,0.851954941205131,0.0959068144184179,0.232329301818847
C:\learn\rd\jig\B0-B p07 jig 1 test 23 lần 1.txt,legacy-root,P07,JIG1,66,65,OFFICIAL,0.185030605176219,0.0822083063676727,0.852752240563396,0.0964035067364459,0.216980497235601
C:\learn\rd\jig\B0-B p07 jig 1 test 23 lần 1.txt,legacy-root,P07,JIG1,67,66,OFFICIAL,0.199031917103015,0.0864664132869996,0.854292427645873,0.101214069666133,0.232978674119208
C:\learn\rd\jig\B0-B v3 p03 jig 1 test 24 lần 1.txt,legacy-root,P03,JIG1,1,1,PRECONDITION,0.235439799973831,0.142908230056793,0.8897811535081,0.160610538325469,0.264604165918298
C:\learn\rd\jig\B0-B v3 p03 jig 1 test 24 lần 1.txt,legacy-root,P03,JIG1,2,2,OFFICIAL,0.241418416482838,0.14874345646011,0.896586354125524,0.165899754971383,0.269263987090572
C:\learn\rd\jig\B0-B v3 p03 jig 1 test 24 lần 1.txt,legacy-root,P03,JIG1,3,3,OFFICIAL,0.23086513157521,0.154902114613855,0.894669070398398,0.173139007191649,0.258045280890738
C:\learn\rd\jig\B0-B v3 p03 jig 1 test 24 lần 1.txt,legacy-root,P03,JIG1,4,4,OFFICIAL,0.222035361151611,0.155548824930238,0.894265528892963,0.173940311802913,0.248287956963381
C:\learn\rd\jig\B0-B v3 p03 jig 1 test 24 lần 1.txt,legacy-root,P03,JIG1,5,5,OFFICIAL,0.231047952456317,0.156130238453995,0.894541884559929,0.17453653221705,0.258286343484052
C:\learn\rd\jig\B0-B v3 p03 jig 1 test 24 lần 1.txt,legacy-root,P03,JIG1,6,6,OFFICIAL,0.218218419054834,0.160062231223003,0.891771545622844,0.179487932765572,0.244702155082132
C:\learn\rd\jig\B0-B v3 p03 jig 1 test 24 lần 1.txt,legacy-root,P03,JIG1,7,7,OFFICIAL,0.232518989536231,0.156889346684963,0.89266497739032,0.175753894975945,0.260477329597934
C:\learn\rd\jig\B0-B v3 p03 jig 1 test 24 lần 1.txt,legacy-root,P03,JIG1,8,8,OFFICIAL,0.241195902629545,0.161050316546732,0.892072157149065,0.180535078083174,0.270377122183
C:\learn\rd\jig\B0-B v3 p03 jig 1 test 24 lần 1.txt,legacy-root,P03,JIG1,9,9,OFFICIAL,0.234367055583045,0.154511078275729,0.893813094928331,0.17286732444675,0.262210362449251
C:\learn\rd\jig\B0-B v3 p03 jig 1 test 24 lần 1.txt,legacy-root,P03,JIG1,10,10,OFFICIAL,0.23244741418672,0.156486669961091,0.891082824076296,0.175614057114507,0.260859493535494
C:\learn\rd\jig\B0-B v3 p03 jig 1 test 24 lần 1.txt,legacy-root,P03,JIG1,11,11,OFFICIAL,0.228391357736007,0.154901721668703,0.892096207981987,0.173637910667849,0.256016509982317
C:\learn\rd\jig\B0-B v3 p03 jig 1 test 25 lần 1.txt,legacy-root,P03,JIG1,1,1,PRECONDITION,0.202762213053613,0.154689097481162,0.904472073187374,0.171026947173765,0.224177416931266
C:\learn\rd\jig\B0-B v3 p03 jig 1 test 25 lần 1.txt,legacy-root,P03,JIG1,2,2,OFFICIAL,0.197158072201237,0.156670823891574,0.897979821472036,0.174470316754722,0.219557352500462
C:\learn\rd\jig\B0-B v3 p03 jig 1 test 25 lần 1.txt,legacy-root,P03,JIG1,3,3,OFFICIAL,0.203084912824733,0.154669244126163,0.898505106109144,0.172140640130514,0.22602532967694
C:\learn\rd\jig\B0-B v3 p03 jig 1 test 25 lần 1.txt,legacy-root,P03,JIG1,4,4,OFFICIAL,0.194797571037526,0.1597150351228,0.895972980871354,0.178258762856301,0.217414559586475
C:\learn\rd\jig\B0-B v3 p03 jig 1 test 25 lần 1.txt,legacy-root,P03,JIG1,5,5,OFFICIAL,0.204271246699879,0.154466057760763,0.894299598503706,0.172722942086978,0.228414780730814
C:\learn\rd\jig\B0-B v3 p03 jig 1 test 25 lần 1.txt,legacy-root,P03,JIG1,6,6,OFFICIAL,0.206567113413478,0.157291867192213,0.895783198866051,0.175591446000912,0.230599450486419
C:\learn\rd\jig\B0-B v3 p03 jig 1 test 25 lần 1.txt,legacy-root,P03,JIG1,7,7,OFFICIAL,0.205613840160649,0.154576898213891,0.894197733794888,0.172866573434359,0.229942251461591
C:\learn\rd\jig\B0-B v3 p03 jig 5 test 31.txt,legacy-root,P03,JIG5,1,1,PRECONDITION,0.197801621268823,0.118737461614342,0.441665435490529,0.268840285141327,0.447853975824795
C:\learn\rd\jig\B0-B v3 p03 jig 5 test 31.txt,legacy-root,P03,JIG5,3,3,OFFICIAL,0.256206395951901,0.110940446340622,0.232671296857403,0.476811913798777,1.1011517080636
C:\learn\rd\jig\B0-B v3 p03 jig 5 test 31.txt,legacy-root,P03,JIG5,4,4,OFFICIAL,0.228202217674278,0.096606796282471,0.17716870098965,0.54528139419002,1.28805040845002
C:\learn\rd\jig\B0-B v3 p03 jig 5 test 31.txt,legacy-root,P03,JIG5,5,5,OFFICIAL,0.220773915209794,0.11319518454454,0.151172871616831,0.748779746881104,1.46040696884675
C:\learn\rd\jig\B0-B v3 p03 jig 5 test 31.txt,legacy-root,P03,JIG5,6,6,OFFICIAL,0.168837499746837,0.136287958107418,0.552487379616908,0.24668067205792,0.305595215340319
C:\learn\rd\jig\B0-B v3 p03 jig 5 test 31.txt,legacy-root,P03,JIG5,7,7,OFFICIAL,0.222575667083693,0.0872305710728711,0.491728588464939,0.17739576896512,0.452639265450321
C:\learn\rd\jig\B0-B v3 p03 jig 5 test 31.txt,legacy-root,P03,JIG5,8,8,OFFICIAL,0.232140782109538,0.100734531929304,0.0375583865613263,2.68207825607265,6.18079750924586
C:\learn\rd\jig\B0-B v3 p03 jig 5 test 31.txt,legacy-root,P03,JIG5,9,9,OFFICIAL,0.235497340482109,0.0894434388835499,0.124368240398018,0.719182313726578,1.89354886527656
C:\learn\rd\jig\B0-B v3 p03 jig 5 test 31.txt,legacy-root,P03,JIG5,10,10,OFFICIAL,0.218553138796582,0.110009302225683,0.0621539318659743,1.76994920390398,3.51632040379777
C:\learn\rd\jig\B0-B v3 p03 jig 5 test 31.txt,legacy-root,P03,JIG5,11,11,OFFICIAL,0.242535363748594,0.0940280338632051,0.386768631530495,0.243111840510756,0.627081267653091
C:\learn\rd\jig\B0-B v3 p06 jig 1 test 24 lần 1.txt,legacy-root,P06,JIG1,1,1,PRECONDITION,0.321046389424813,0.128740680925852,0.845284161288307,0.152304617573382,0.379808831311239
C:\learn\rd\jig\B0-B v3 p06 jig 1 test 24 lần 1.txt,legacy-root,P06,JIG1,2,2,OFFICIAL,0.313058235206061,0.142512570961981,0.833954817840246,0.170887640329313,0.375389923421524
C:\learn\rd\jig\B0-B v3 p06 jig 1 test 24 lần 1.txt,legacy-root,P06,JIG1,3,3,OFFICIAL,0.310535851861226,0.144939317103353,0.832747553796458,0.174049526104977,0.372905150481087
C:\learn\rd\jig\B0-B v3 p06 jig 1 test 24 lần 1.txt,legacy-root,P06,JIG1,4,4,OFFICIAL,0.307285075850005,0.150818628556027,0.832175484548562,0.18123416437561,0.369255140959482
C:\learn\rd\jig\B0-B v3 p06 jig 1 test 24 lần 1.txt,legacy-root,P06,JIG1,5,5,OFFICIAL,0.312217713171817,0.141026117127889,0.829795959153681,0.169952764378033,0.376258415972828
C:\learn\rd\jig\B0-B v3 p06 jig 1 test 24 lần 1.txt,legacy-root,P06,JIG1,6,6,OFFICIAL,0.309254476247408,0.1495708490581,0.826146959247809,0.181046298583828,0.374333492105301
C:\learn\rd\jig\B0-B v3 p06 jig 1 test 24 lần 1.txt,legacy-root,P06,JIG1,7,7,OFFICIAL,0.30998124410582,0.146362905495846,0.825742868303941,0.177249978309195,0.3753968166174
C:\learn\rd\jig\B0-B v3 p06 jig 1 test 24 lần 1.txt,legacy-root,P06,JIG1,8,8,OFFICIAL,0.311510682585197,0.145593663902258,0.818145761258965,0.177955653865662,0.380752058295632
C:\learn\rd\jig\B0-B v3 p06 jig 1 test 24 lần 1.txt,legacy-root,P06,JIG1,9,9,OFFICIAL,0.315575398954332,0.144215056268473,0.817851100764387,0.176334122597238,0.385859233617692
C:\learn\rd\jig\B0-B v3 p06 jig 1 test 24 lần 1.txt,legacy-root,P06,JIG1,10,10,OFFICIAL,0.319713335585588,0.142521479511545,0.820084851008518,0.173788699225789,0.389853970832912
C:\learn\rd\jig\B0-B v3 p06 jig 1 test 24 lần 1.txt,legacy-root,P06,JIG1,11,11,OFFICIAL,0.312326683086401,0.147621006266561,0.820774456580813,0.179855750971493,0.380526806825219
C:\learn\rd\jig\B0-B v3 p06 jig 1 test 25 lần 1.txt,legacy-root,P06,JIG1,1,1,PRECONDITION,0.347683429523643,0.29457995409972,0.833366631202991,0.353481820689754,0.417203445045251
C:\learn\rd\jig\B0-B v3 p06 jig 1 test 25 lần 1.txt,legacy-root,P06,JIG1,2,2,OFFICIAL,0.336503316454785,0.280557454045645,0.824122196675313,0.340431862140681,0.40831725903308
C:\learn\rd\jig\B0-B v3 p06 jig 1 test 25 lần 1.txt,legacy-root,P06,JIG1,3,3,OFFICIAL,0.338201293180591,0.281724621813102,0.824177578594512,0.341825146825194,0.410350028882529
C:\learn\rd\jig\B0-B v3 p06 jig 1 test 25 lần 1.txt,legacy-root,P06,JIG1,4,4,OFFICIAL,0.337747871720474,0.279002182293751,0.824153571487664,0.338531788183759,0.409811815910488
C:\learn\rd\jig\B0-B v3 p06 jig 1 test 25 lần 1.txt,legacy-root,P06,JIG1,5,5,OFFICIAL,0.33650217827013,0.280313070819985,0.821349205484425,0.341283669538171,0.409694410152457
C:\learn\rd\jig\B0-B v3 p06 jig 1 test 25 lần 1.txt,legacy-root,P06,JIG1,6,6,OFFICIAL,0.323959659687297,0.275840763450365,0.822121649792905,0.33552305004965,0.394053191238673
C:\learn\rd\jig\B0-B v3 p06 jig 1 test 25 lần 2.txt,legacy-root,P06,JIG1,1,1,PRECONDITION,0.347683429523643,0.29457995409972,0.833366631202991,0.353481820689754,0.417203445045251
C:\learn\rd\jig\B0-B v3 p06 jig 1 test 25 lần 2.txt,legacy-root,P06,JIG1,2,2,OFFICIAL,0.336503316454785,0.280557454045645,0.824122196675313,0.340431862140681,0.40831725903308
C:\learn\rd\jig\B0-B v3 p06 jig 1 test 25 lần 2.txt,legacy-root,P06,JIG1,3,3,OFFICIAL,0.338201293180591,0.281724621813102,0.824177578594512,0.341825146825194,0.410350028882529
C:\learn\rd\jig\B0-B v3 p06 jig 1 test 25 lần 2.txt,legacy-root,P06,JIG1,4,4,OFFICIAL,0.337747871720474,0.279002182293751,0.824153571487664,0.338531788183759,0.409811815910488
C:\learn\rd\jig\B0-B v3 p06 jig 1 test 25 lần 2.txt,legacy-root,P06,JIG1,5,5,OFFICIAL,0.33650217827013,0.280313070819985,0.821349205484425,0.341283669538171,0.409694410152457
C:\learn\rd\jig\B0-B v3 p06 jig 1 test 25 lần 2.txt,legacy-root,P06,JIG1,6,6,OFFICIAL,0.323959659687297,0.275840763450365,0.822121649792905,0.33552305004965,0.394053191238673
C:\learn\rd\jig\B0-B v3 p06 jig 1 test 25 lần 3.txt,legacy-root,P06,JIG1,1,1,PRECONDITION,0.347858195552891,0.286087007122295,0.821980581973892,0.348045943415464,0.423195149838637
C:\learn\rd\jig\B0-B v3 p06 jig 1 test 25 lần 3.txt,legacy-root,P06,JIG1,2,2,OFFICIAL,0.330517636670346,0.279312828025949,0.818456524032968,0.341267764168617,0.403830413669025
C:\learn\rd\jig\B0-B v3 p06 jig 1 test 25 lần 3.txt,legacy-root,P06,JIG1,3,3,OFFICIAL,0.331690459993994,0.282707260890549,0.819711989598017,0.344886087403927,0.404642684507583
C:\learn\rd\jig\B0-B v3 p06 jig 1 test 25 lần 3.txt,legacy-root,P06,JIG1,4,4,OFFICIAL,0.331442101397168,0.282933408512003,0.818718008374548,0.34558102499019,0.404830598578381
C:\learn\rd\jig\B0-B v3 p06 jig 1 test 25 lần 3.txt,legacy-root,P06,JIG1,5,5,OFFICIAL,0.32877887294967,0.279272105097229,0.818219955165674,0.341316663488953,0.401822115036412
C:\learn\rd\jig\B0-B v3 p06 jig 1 test 25 lần 3.txt,legacy-root,P06,JIG1,6,6,OFFICIAL,0.332212939034331,0.280310971794683,0.818584696050166,0.342433682363278,0.405838199318073
C:\learn\rd\jig\B0-B v3 p06 jig 1 test 25 lần 3.txt,legacy-root,P06,JIG1,7,7,OFFICIAL,0.331351572333693,0.280532507557756,0.816817199654935,0.343445886884198,0.405661845115006
C:\learn\rd\jig\B0-B v3 p06 jig 1 test 25 lần 3.txt,legacy-root,P06,JIG1,8,8,OFFICIAL,0.327667428010413,0.284201746820621,0.817337853924008,0.347716364115744,0.400895940934699
C:\learn\rd\jig\B0-B v3 p06 jig 1 test 25 lần 3.txt,legacy-root,P06,JIG1,9,9,OFFICIAL,0.332489373644937,0.280518910651739,0.818440801874606,0.342747954414322,0.406247309375807
C:\learn\rd\jig\B0-B v3 p06 jig 1 test 25 lần 3.txt,legacy-root,P06,JIG1,10,10,OFFICIAL,0.330768589478627,0.283638786750758,0.8174838852092,0.34696560003525,0.404617871328412
C:\learn\rd\jig\B0-B v3 p06 jig 1 test 25 lần 3.txt,legacy-root,P06,JIG1,11,11,OFFICIAL,0.32541403673341,0.284665404471533,0.81851861538879,0.347781222222196,0.397564613211443
C:\learn\rd\jig\B0-B v3 p06 jig 1 test 26 ver cũ.txt,legacy-root,P06,JIG1,1,1,PRECONDITION,0.328906907087051,0.280456622710324,0.824806494500477,0.340027175562161,0.398768570907344
C:\learn\rd\jig\B0-B v3 p06 jig 1 test 26 ver cũ.txt,legacy-root,P06,JIG1,2,2,OFFICIAL,0.317736152136843,0.283457017912762,0.821890223160331,0.344884280071873,0.386591959830212
C:\learn\rd\jig\B0-B v3 p06 jig 1 test 26 ver cũ.txt,legacy-root,P06,JIG1,3,3,OFFICIAL,0.336778261244746,0.279379126213236,0.820097919609694,0.340665571187157,0.410656158480475
C:\learn\rd\jig\B0-B v3 p06 jig 1 test 26 ver cũ.txt,legacy-root,P06,JIG1,4,4,OFFICIAL,0.323954064839588,0.282300071546375,0.820942179478039,0.343873269766531,0.394612523193242
C:\learn\rd\jig\B0-B v3 p06 jig 1 test 26 ver mới lần 2.txt,legacy-root,P06,JIG1,1,1,PRECONDITION,0.349510404566515,0.327261705160215,0.815060941608085,0.40151808098489,0.428815057530477
C:\learn\rd\jig\B0-B v3 p06 jig 1 test 26 ver mới lần 2.txt,legacy-root,P06,JIG1,2,2,OFFICIAL,0.348106685579712,0.323021714728512,0.818584807885223,0.394609955641645,0.425254270817743
C:\learn\rd\jig\B0-B v3 p06 jig 1 test 26 ver mới lần 2.txt,legacy-root,P06,JIG1,3,3,OFFICIAL,0.349193066255419,0.317077819099452,0.81667071489115,0.3882566294075,0.427581226910972
C:\learn\rd\jig\B0-B v3 p06 jig 1 test 26 ver mới lần 2.txt,legacy-root,P06,JIG1,4,4,OFFICIAL,0.348127291204106,0.317923233523283,0.817514384610442,0.388890078888065,0.425836288336375
C:\learn\rd\jig\B0-B v3 p06 jig 1 test 26 ver mới.txt,legacy-root,P06,JIG1,1,1,PRECONDITION,0.330878819359568,0.278547717484157,0.821504495545196,0.339070229067094,0.402771769544582
C:\learn\rd\jig\B0-B v3 p06 jig 1 test 26 ver mới.txt,legacy-root,P06,JIG1,2,2,OFFICIAL,0.325263602549455,0.280443231472804,0.819628478343637,0.342158964558605,0.396842729533716
C:\learn\rd\jig\B0-B v3 p06 jig 1 test 26 ver mới.txt,legacy-root,P06,JIG1,3,3,OFFICIAL,0.324567317803907,0.283850287892809,0.818859364733795,0.346641071858641,0.396365153507674
C:\learn\rd\jig\B0-B v3 p06 jig 1 test 26 ver mới.txt,legacy-root,P06,JIG1,4,4,OFFICIAL,0.33069639346207,0.280645410989353,0.818418961607411,0.342911667684425,0.404067365219114
C:\learn\rd\jig\B0-B v3 p06 jig1 orientation  test27.txt,legacy-root,P06,JIG1,1,1,PRECONDITION,0.34476193040426,0.297117055942726,0.824487390346904,0.360365797489897,0.418153066306085
C:\learn\rd\jig\B0-B v3 p06 jig1 orientation  test27.txt,legacy-root,P06,JIG1,2,2,OFFICIAL,0.345996422402342,0.301865421611304,0.821396211303574,0.367502817102403,0.42122963028188
C:\learn\rd\jig\B0-B v3 p06 jig1 orientation  test27.txt,legacy-root,P06,JIG1,3,3,OFFICIAL,0.349815528100086,0.298488152884358,0.821766689204874,0.363227369526464,0.425687159987661
C:\learn\rd\jig\B0-B v3 p06 jig1 orientation  test27.txt,legacy-root,P06,JIG1,4,4,OFFICIAL,0.343808115099447,0.306226415333247,0.820604520461731,0.373171738270394,0.418969316554577
C:\learn\rd\jig\B0-B v3 p06 jig1 orientation plus90 test27.txt,legacy-root,P06,JIG1,1,1,PRECONDITION,0.348953924511753,0.30047496843257,0.822530811514165,0.365305425920078,0.424244198061562
C:\learn\rd\jig\B0-B v3 p06 jig1 orientation plus90 test27.txt,legacy-root,P06,JIG1,2,2,OFFICIAL,0.344662508433783,0.295337728898118,0.820475555385351,0.359959205316491,0.420076510715674
C:\learn\rd\jig\B0-B v3 p06 jig1 orientation plus90 test27.txt,legacy-root,P06,JIG1,3,3,OFFICIAL,0.343811372821547,0.300771921980142,0.819818802512458,0.366876096350049,0.419374832301828
C:\learn\rd\jig\B0-B v3 p06 jig1 orientation plus90 test27.txt,legacy-root,P06,JIG1,4,4,OFFICIAL,0.343874156544295,0.301300958557379,0.819124861031321,0.367832760170439,0.419806763173247
C:\learn\rd\jig\B0-B v32 p03 jig 1 test 28 A after.txt,legacy-root,P03,JIG1,1,1,PRECONDITION,0.195812899960919,0.167252101120079,0.899910547901133,0.185854140181112,0.217591515531866
C:\learn\rd\jig\B0-B v32 p03 jig 1 test 28 A after.txt,legacy-root,P03,JIG1,2,2,OFFICIAL,0.195019115550571,0.16751717412571,0.894078904038377,0.18736285284114,0.218122935984407
C:\learn\rd\jig\B0-B v32 p03 jig 1 test 28 A after.txt,legacy-root,P03,JIG1,3,3,OFFICIAL,0.195801398024406,0.166147805290627,0.895058309512967,0.185627912198294,0.218758259594225
C:\learn\rd\jig\B0-B v32 p03 jig 1 test 28 A after.txt,legacy-root,P03,JIG1,4,4,OFFICIAL,0.191065632248337,0.166289626359693,0.894255253768326,0.185953200340686,0.213658942950797
C:\learn\rd\jig\B0-B v32 p03 jig 1 test 28 A after.txt,legacy-root,P03,JIG1,5,5,OFFICIAL,0.188609227802637,0.166974446151786,0.893579028093597,0.186860300994325,0.21107168126475
C:\learn\rd\jig\B0-B v32 p03 jig 1 test 28 A after.txt,legacy-root,P03,JIG1,6,6,OFFICIAL,0.19101629086056,0.167075649578398,0.893052085694743,0.187083880385792,0.21389154554402
C:\learn\rd\jig\B0-B v32 p03 jig 1 test 28 A after.txt,legacy-root,P03,JIG1,7,7,OFFICIAL,0.188676984326067,0.168087340463789,0.892242136282068,0.188387584074657,0.211463880323199
C:\learn\rd\jig\B0-B v32 p03 jig 1 test 28 A after.txt,legacy-root,P03,JIG1,8,8,OFFICIAL,0.191925154457019,0.16979591902704,0.892479563200965,0.190251884780476,0.215047114097113
C:\learn\rd\jig\B0-B v32 p03 jig 1 test 28 A after.txt,legacy-root,P03,JIG1,9,9,OFFICIAL,0.190916473256182,0.165765221501606,0.892403578910568,0.185751408240618,0.213935127298851
C:\learn\rd\jig\B0-B v32 p03 jig 1 test 28 A after.txt,legacy-root,P03,JIG1,10,10,OFFICIAL,0.192048019486372,0.168354343673333,0.892691567308756,0.188591838254818,0.215133677206507
C:\learn\rd\jig\B0-B v32 p03 jig 1 test 28 A after.txt,legacy-root,P03,JIG1,11,11,OFFICIAL,0.193180579487364,0.166235788102201,0.892482257551053,0.186262288909079,0.216453131536134
C:\learn\rd\jig\B0-B v32 p03 jig 1 test 28 A.txt,legacy-root,P03,JIG1,1,1,PRECONDITION,0.209138150264519,0.177024629611287,0.93002705909591,0.190343525900606,0.224873188601442
C:\learn\rd\jig\B0-B v32 p03 jig 1 test 28 A.txt,legacy-root,P03,JIG1,2,2,OFFICIAL,0.217901098045982,0.167268527737789,0.906179960018588,0.184586434392522,0.240461175108653
C:\learn\rd\jig\B0-B v32 p03 jig 1 test 28 A.txt,legacy-root,P03,JIG1,3,3,OFFICIAL,0.21747370419983,0.173929768383551,0.904440191150603,0.192306545071026,0.240451172258462
C:\learn\rd\jig\B0-B v32 p03 jig 1 test 28 A.txt,legacy-root,P03,JIG1,4,4,OFFICIAL,0.221797935463014,0.166884262158342,0.901820834542616,0.185052568942901,0.24594456788693
C:\learn\rd\jig\B0-B v32 p03 jig 1 test 28 A.txt,legacy-root,P03,JIG1,5,5,OFFICIAL,0.223476647394461,0.169650022038325,0.8987327395067,0.188765819448664,0.248657512484883
C:\learn\rd\jig\B0-B v32 p03 jig 1 test 28 A.txt,legacy-root,P03,JIG1,6,6,OFFICIAL,0.222617582079712,0.169511694614726,0.898281165854047,0.188706722414202,0.24782617129466
C:\learn\rd\jig\B0-B v32 p03 jig 1 test 28 A.txt,legacy-root,P03,JIG1,7,7,OFFICIAL,0.219310013062423,0.167686351706304,0.89914989188572,0.186494324494249,0.243908179316444
C:\learn\rd\jig\B0-B v32 p03 jig 1 test 28 A.txt,legacy-root,P03,JIG1,8,8,OFFICIAL,0.218891767247929,0.169820577952754,0.897042936784245,0.189311537930986,0.244014816094112
C:\learn\rd\jig\B0-B v32 p03 jig 1 test 28 A.txt,legacy-root,P03,JIG1,9,9,OFFICIAL,0.215813795108077,0.167030645739356,0.895426462116125,0.186537535806815,0.241017888390358
C:\learn\rd\jig\B0-B v32 p03 jig 1 test 28 A.txt,legacy-root,P03,JIG1,10,10,OFFICIAL,0.215802185599812,0.168236606967,0.895733349728891,0.187819965638122,0.240922352243698
C:\learn\rd\jig\B0-B v32 p03 jig 1 test 28 A.txt,legacy-root,P03,JIG1,11,11,OFFICIAL,0.218117025450887,0.169032693489386,0.893876520935919,0.189100719764295,0.244012478616746
C:\learn\rd\jig\B0-B v32 p03 jig 1 test 28 B.txt,legacy-root,P03,JIG1,1,1,PRECONDITION,0.219633842450692,0.169085607769085,0.897530471437889,0.188389824245412,0.24470906497339
C:\learn\rd\jig\B0-B v32 p03 jig 1 test 28 B.txt,legacy-root,P03,JIG1,2,2,OFFICIAL,0.223384941211144,0.165485055633845,0.895153721206504,0.184867751441396,0.249549251619109
C:\learn\rd\jig\B0-B v32 p03 jig 1 test 28 B.txt,legacy-root,P03,JIG1,3,3,OFFICIAL,0.221890411859783,0.167993346686393,0.893611561991216,0.187993703116438,0.24830745404116
C:\learn\rd\jig\B0-B v32 p03 jig 1 test 28 B.txt,legacy-root,P03,JIG1,4,4,OFFICIAL,0.221978973043637,0.168704863661187,0.89301109209061,0.188916873659693,0.248573589969601
C:\learn\rd\jig\B0-B v32 p03 jig 1 test 28 B.txt,legacy-root,P03,JIG1,5,5,OFFICIAL,0.221681161098888,0.170718593823089,0.894598468044443,0.190832647183348,0.24779962074323
C:\learn\rd\jig\B0-B v32 p03 jig 1 test 28 B.txt,legacy-root,P03,JIG1,6,6,OFFICIAL,0.220904964037006,0.167160878533785,0.891858168141865,0.187429890205587,0.24769068886508
C:\learn\rd\jig\B0-B v32 p03 jig 1 test 28 B.txt,legacy-root,P03,JIG1,7,7,OFFICIAL,0.216499215879138,0.163779506746655,0.892529347912212,0.183500416126108,0.242568175921126
C:\learn\rd\jig\B0-B v32 p03 jig 1 test 28 B.txt,legacy-root,P03,JIG1,8,8,OFFICIAL,0.219319788710241,0.170266488420115,0.89474846804539,0.190295367358458,0.245118931792477
C:\learn\rd\jig\B0-B v32 p03 jig 1 test 28 B.txt,legacy-root,P03,JIG1,9,9,OFFICIAL,0.18949896240385,0.167833857125335,0.891113335595313,0.188341763523506,0.212654165114984
C:\learn\rd\jig\B0-B v32 p03 jig 1 test 28 B.txt,legacy-root,P03,JIG1,10,10,OFFICIAL,0.190183001599702,0.169779797564533,0.891245536585032,0.190497220569625,0.2133901307696
C:\learn\rd\jig\B0-B v32 p03 jig 1 test 28 B.txt,legacy-root,P03,JIG1,11,11,OFFICIAL,0.190690144804074,0.165539106288364,0.893580803671601,0.185253650938098,0.213400001455441
C:\learn\rd\jig\B0-B v32 p03 jig 5 test 31.txt,legacy-root,P03,JIG5,1,1,PRECONDITION,0.197801621268823,0.118737461614342,0.441665435490529,0.268840285141327,0.447853975824795
C:\learn\rd\jig\B0-B v32 p03 jig 5 test 31.txt,legacy-root,P03,JIG5,3,3,OFFICIAL,0.256206395951901,0.110940446340622,0.232671296857403,0.476811913798777,1.1011517080636
C:\learn\rd\jig\B0-B v32 p03 jig 5 test 31.txt,legacy-root,P03,JIG5,4,4,OFFICIAL,0.228202217674278,0.096606796282471,0.17716870098965,0.54528139419002,1.28805040845002
C:\learn\rd\jig\B0-B v32 p03 jig 5 test 31.txt,legacy-root,P03,JIG5,5,5,OFFICIAL,0.220773915209794,0.11319518454454,0.151172871616831,0.748779746881104,1.46040696884675
C:\learn\rd\jig\B0-B v32 p03 jig 5 test 31.txt,legacy-root,P03,JIG5,6,6,OFFICIAL,0.168837499746837,0.136287958107418,0.552487379616908,0.24668067205792,0.305595215340319
C:\learn\rd\jig\B0-B v32 p03 jig 5 test 31.txt,legacy-root,P03,JIG5,7,7,OFFICIAL,0.222575667083693,0.0872305710728711,0.491728588464939,0.17739576896512,0.452639265450321
C:\learn\rd\jig\B0-B v32 p03 jig 5 test 31.txt,legacy-root,P03,JIG5,8,8,OFFICIAL,0.232140782109538,0.100734531929304,0.0375583865613263,2.68207825607265,6.18079750924586
C:\learn\rd\jig\B0-B v32 p03 jig 5 test 31.txt,legacy-root,P03,JIG5,9,9,OFFICIAL,0.235497340482109,0.0894434388835499,0.124368240398018,0.719182313726578,1.89354886527656
C:\learn\rd\jig\B0-B v32 p03 jig 5 test 31.txt,legacy-root,P03,JIG5,10,10,OFFICIAL,0.218553138796582,0.110009302225683,0.0621539318659743,1.76994920390398,3.51632040379777
C:\learn\rd\jig\B0-B v32 p03 jig 5 test 31.txt,legacy-root,P03,JIG5,11,11,OFFICIAL,0.242535363748594,0.0940280338632051,0.386768631530495,0.243111840510756,0.627081267653091
C:\learn\rd\jig\B0-B-v32-a0-p02-jig1-test-29.txt,legacy-root,P02,JIG1,1,1,PRECONDITION,0.390029179708372,0.295036387664756,0.905598717716519,0.325791525421651,0.43068654148698
C:\learn\rd\jig\B0-B-v32-a0-p02-jig1-test-29.txt,legacy-root,P02,JIG1,2,2,OFFICIAL,0.349574639533715,0.259809999322875,0.898902521987211,0.28903022626804,0.388890486991746
C:\learn\rd\jig\B0-B-v32-a0-p02-jig1-test-29.txt,legacy-root,P02,JIG1,3,3,OFFICIAL,0.355534869790752,0.268060300427665,0.89489109103592,0.299545166012727,0.397294009686907
C:\learn\rd\jig\B0-B-v32-a0-p02-jig1-test-29.txt,legacy-root,P02,JIG1,4,4,OFFICIAL,0.428371345448755,0.269498961048512,0.896730943638789,0.300534918483943,0.477703316125675
C:\learn\rd\jig\B0-B-v32-a0-p02-jig1-test-29.txt,legacy-root,P02,JIG1,5,5,OFFICIAL,0.439442078236723,0.263688605533361,0.895026364536565,0.294615461601398,0.490982272309108
C:\learn\rd\jig\B0-B-v32-a0-p02-jig1-test-29.txt,legacy-root,P02,JIG1,6,6,OFFICIAL,0.438977023103631,0.264859557356742,0.896964156340399,0.2952844386083,0.489403082609957
C:\learn\rd\jig\B0-B-v32-a0-p02-jig1-test-29.txt,legacy-root,P02,JIG1,7,7,OFFICIAL,0.453431243346104,0.264512007685016,0.897498838024705,0.294721281497342,0.505216524117241
C:\learn\rd\jig\B0-B-v32-a0-p02-jig1-test-29.txt,legacy-root,P02,JIG1,8,8,OFFICIAL,0.440412227220024,0.264720948490073,0.895390020361992,0.295648759166481,0.491866356788265
C:\learn\rd\jig\B0-B-v32-a0-p02-jig1-test-29.txt,legacy-root,P02,JIG1,9,9,OFFICIAL,0.443037785973694,0.268701806933694,0.895347031493248,0.300109116892427,0.494822421240177
C:\learn\rd\jig\B0-B-v32-a0-p02-jig1-test-29.txt,legacy-root,P02,JIG1,10,10,OFFICIAL,0.440648907840431,0.266692341419706,0.895915926405393,0.297675634018176,0.491841806639613
C:\learn\rd\jig\B0-B-v32-a0-p02-jig1-test-29.txt,legacy-root,P02,JIG1,11,11,OFFICIAL,0.454926852119406,0.257203956161612,0.897705144325173,0.286512735041703,0.506766453322918
C:\learn\rd\jig\B0-B-v32-a0-p02-jig1-test-32.txt,legacy-root,P02,JIG1,1,1,PRECONDITION,0.374716004711403,0.124383760029896,0.918546697250253,0.135413648976421,0.407944425507322
C:\learn\rd\jig\B0-B-v32-a0-p02-jig1-test-32.txt,legacy-root,P02,JIG1,2,2,OFFICIAL,0.367128237330082,0.122886266124002,0.912310811486895,0.134697807563762,0.402415747689905
C:\learn\rd\jig\B0-B-v32-a0-p02-jig1-test-32.txt,legacy-root,P02,JIG1,3,3,OFFICIAL,0.381069523377924,0.125191135644958,0.91261367613401,0.137178675839365,0.417558418576632
C:\learn\rd\jig\B0-B-v32-a0-p02-jig1-test-32.txt,legacy-root,P02,JIG1,4,4,OFFICIAL,0.372213282470222,0.122489879960526,0.90836820681015,0.134846066872667,0.40976035893781
C:\learn\rd\jig\B0-B-v32-a0-p02-jig1-test-32.txt,legacy-root,P02,JIG1,5,5,OFFICIAL,0.376217750053875,0.124566536817188,0.907458224535322,0.137269720466718,0.414584098619551
C:\learn\rd\jig\B0-B-v32-a0-p02-jig1-test-32.txt,legacy-root,P02,JIG1,6,6,OFFICIAL,0.370474192722649,0.124950124535672,0.904162587788706,0.138194309544769,0.409742891075278
C:\learn\rd\jig\B0-B-v32-a0-p02-jig1-test-32.txt,legacy-root,P02,JIG1,7,7,OFFICIAL,0.372743429368865,0.119092387178956,0.905180323473928,0.131567582823608,0.411789142674178
C:\learn\rd\jig\B0-B-v32-a0-p02-jig1-test-32.txt,legacy-root,P02,JIG1,8,8,OFFICIAL,0.374867338099636,0.119183428770212,0.904626272125019,0.131748803282314,0.414389178880524
C:\learn\rd\jig\B0-B-v32-a0-p02-jig1-test-32.txt,legacy-root,P02,JIG1,9,9,OFFICIAL,0.371952522905951,0.120508066711308,0.904680025789625,0.1332051811425,0.411142627561941
C:\learn\rd\jig\B0-B-v32-a0-p02-jig1-test-32.txt,legacy-root,P02,JIG1,10,10,OFFICIAL,0.373038420361718,0.119742700240501,0.901957185656816,0.132758740819059,0.413587724887481
C:\learn\rd\jig\B0-B-v32-a0-p02-jig1-test-32.txt,legacy-root,P02,JIG1,11,11,OFFICIAL,0.379630206139227,0.124776573168775,0.903409852551502,0.138117348196246,0.420219244971744
C:\learn\rd\jig\B0-B-v32-a0-p02-jig1-test-33.txt,legacy-root,P02,JIG1,1,1,PRECONDITION,0.193858935942934,0.0538977751328075,0.919240081860594,0.0586329689015685,0.210890429789085
C:\learn\rd\jig\B0-B-v32-a0-p02-jig1-test-33.txt,legacy-root,P02,JIG1,2,2,OFFICIAL,0.175227765560914,0.0707235304924543,0.909721729323217,0.0777419382354082,0.19261688482617
C:\learn\rd\jig\B0-B-v32-a0-p02-jig1-test-33.txt,legacy-root,P02,JIG1,3,3,OFFICIAL,0.180479507518792,0.0718325194299765,0.908144791023671,0.0790980911193754,0.198734286980112
C:\learn\rd\jig\B0-B-v32-a0-p02-jig1-test-33.txt,legacy-root,P02,JIG1,4,4,OFFICIAL,0.163617608453949,0.0774761262583939,0.908545410999112,0.0852749079137329,0.180087430383938
C:\learn\rd\jig\B0-B-v32-a0-p02-jig1-test-33.txt,legacy-root,P02,JIG1,5,5,OFFICIAL,0.172865063353095,0.0720561110351412,0.909235676078677,0.0792491022194625,0.190121294072645
C:\learn\rd\jig\B0-B-v32-a0-p02-jig1-test-33.txt,legacy-root,P02,JIG1,6,6,OFFICIAL,0.180038333552975,0.0723269863740881,0.906983658894032,0.0797445308576817,0.198502290297614
C:\learn\rd\jig\B0-B-v32-a0-p02-jig1-test-33.txt,legacy-root,P02,JIG1,7,7,OFFICIAL,0.179034021194458,0.0765883440298136,0.907940769599919,0.0843538990583736,0.197186894992444
C:\learn\rd\jig\B0-B-v32-a0-p02-jig1-test-33.txt,legacy-root,P02,JIG1,8,8,OFFICIAL,0.175303122283248,0.0729614029964742,0.908682666672163,0.0802936004751562,0.192920068482493
C:\learn\rd\jig\B0-B-v32-a0-p02-jig1-test-33.txt,legacy-root,P02,JIG1,9,9,OFFICIAL,0.172197422256627,0.0750515605350357,0.909110774887172,0.0825549125675584,0.189413025357662
C:\learn\rd\jig\B0-B-v32-a0-p02-jig1-test-33.txt,legacy-root,P02,JIG1,10,10,OFFICIAL,0.195477865299364,0.0698125385632113,0.907653157319186,0.0769154362547554,0.21536625937238
C:\learn\rd\jig\B0-B-v32-a0-p02-jig1-test-33.txt,legacy-root,P02,JIG1,11,11,OFFICIAL,0.182879116822843,0.0720771305519635,0.909151712919381,0.0792795410575824,0.201153574506943
C:\learn\rd\jig\B0-B-v32-a0-p02-jig4-test-31.txt,legacy-root,P02,JIG4,1,1,PRECONDITION,0.389457292460787,0.124975318692284,0.869178886024015,0.143785497671225,0.448074957552554
C:\learn\rd\jig\B0-B-v32-a0-p02-jig4-test-31.txt,legacy-root,P02,JIG4,2,2,OFFICIAL,0.390344897186355,0.128426645342001,0.862835736897575,0.148842519902773,0.4523976934357
C:\learn\rd\jig\B0-B-v32-a0-p02-jig4-test-31.txt,legacy-root,P02,JIG4,3,3,OFFICIAL,0.39321074812597,0.12732314996601,0.862654738611659,0.147594563928231,0.455814743171523
C:\learn\rd\jig\B0-B-v32-a0-p02-jig4-test-31.txt,legacy-root,P02,JIG4,4,4,OFFICIAL,0.396652363550998,0.125303124936994,0.860083372948772,0.145687184380039,0.461178969419077
C:\learn\rd\jig\B0-B-v32-a0-p02-jig4-test-31.txt,legacy-root,P02,JIG4,5,5,OFFICIAL,0.387427313505058,0.12521070149651,0.861091668616143,0.145409259037119,0.449925748471927
C:\learn\rd\jig\B0-B-v32-a0-p02-jig4-test-31.txt,legacy-root,P02,JIG4,6,6,OFFICIAL,0.394948606207783,0.12522336089718,0.860147300119917,0.14558362373482,0.459163920124752
C:\learn\rd\jig\B0-B-v32-a0-p02-jig4-test-31.txt,legacy-root,P02,JIG4,7,7,OFFICIAL,0.392962614885328,0.127915133902712,0.858152222608719,0.149058792289623,0.457917143989619
C:\learn\rd\jig\B0-B-v32-a0-p02-jig4-test-31.txt,legacy-root,P02,JIG4,8,8,OFFICIAL,0.394631808792027,0.124645161116314,0.860655454206275,0.14482585395484,0.458524728871868
C:\learn\rd\jig\B0-B-v32-a0-p02-jig4-test-31.txt,legacy-root,P02,JIG4,9,9,OFFICIAL,0.391674831661531,0.124911109881198,0.858887182515551,0.145433663959628,0.456025936391756
C:\learn\rd\jig\B0-B-v32-a0-p02-jig4-test-31.txt,legacy-root,P02,JIG4,10,10,OFFICIAL,0.386234834596605,0.125541479909326,0.857086532792895,0.146474685000869,0.450636919166171
C:\learn\rd\jig\B0-B-v32-a0-p02-jig4-test-31.txt,legacy-root,P02,JIG4,11,11,OFFICIAL,0.389989999822733,0.124471259921177,0.858825535307476,0.144931950441616,0.454096884395862
C:\learn\rd\jig\B0-B-v32-a0-p02-jig4-test-33.txt,legacy-root,P02,JIG4,1,1,PRECONDITION,0.282228213241257,0.143515356615276,0.941685390561693,0.152402658099721,0.299705417616084
C:\learn\rd\jig\B0-B-v32-a0-p02-jig4-test-33.txt,legacy-root,P02,JIG4,2,2,OFFICIAL,0.267257459598449,0.132088138864792,0.926588553788528,0.142553173492943,0.288431643695271
C:\learn\rd\jig\B0-B-v32-a0-p02-jig4-test-33.txt,legacy-root,P02,JIG4,3,3,OFFICIAL,0.297444775220049,0.136286446523552,0.93080583331068,0.146417697060202,0.319556200203539
C:\learn\rd\jig\B0-B-v32-a0-p02-jig4-test-33.txt,legacy-root,P02,JIG4,4,4,OFFICIAL,0.293086177011185,0.128179098155598,0.920889451294593,0.139190537990638,0.318264235298995
C:\learn\rd\jig\B0-B-v32-a0-p02-jig4-test-33.txt,legacy-root,P02,JIG4,5,5,OFFICIAL,0.289735026154116,0.138134675390277,0.926264973770848,0.149130841931686,0.312799290007262
C:\learn\rd\jig\B0-B-v32-a0-p02-jig4-test-33.txt,legacy-root,P02,JIG4,6,6,OFFICIAL,0.293418555413042,0.125160901175563,0.920587721756923,0.135957604275556,0.318729599014268
C:\learn\rd\jig\B0-B-v32-a0-p02-jig4-test-33.txt,legacy-root,P02,JIG4,7,7,OFFICIAL,0.277130755619068,0.129169728469376,0.916900177326534,0.140876544321329,0.302247466487701
C:\learn\rd\jig\B0-B-v32-a0-p02-jig4-test-33.txt,legacy-root,P02,JIG4,8,8,OFFICIAL,0.29996290906008,0.131592507989238,0.922898350044276,0.142586134196604,0.325022695127464
C:\learn\rd\jig\B0-B-v32-a0-p02-jig4-test-33.txt,legacy-root,P02,JIG4,9,9,OFFICIAL,0.288229198350354,0.133870321764084,0.92055103490278,0.145424117390973,0.313105072312252
C:\learn\rd\jig\B0-B-v32-a0-p02-jig4-test-33.txt,legacy-root,P02,JIG4,10,10,OFFICIAL,0.282558537070028,0.131408666919169,0.921019667378607,0.14267737332166,0.306788820128285
C:\learn\rd\jig\B0-B-v32-a0-p02-jig4-test-33.txt,legacy-root,P02,JIG4,11,11,OFFICIAL,0.28822662435832,0.126663333108083,0.92218004685095,0.137352064318255,0.312549187485191
C:\learn\rd\jig\B0-B-v32-a0-p02-jig5-test-31-lần-2.txt,legacy-root,P02,JIG5,1,1,PRECONDITION,0.308964909127463,0.106266880602546,0.907090171001592,0.117151396850886,0.340611020827521
C:\learn\rd\jig\B0-B-v32-a0-p02-jig5-test-31-lần-2.txt,legacy-root,P02,JIG5,2,2,OFFICIAL,0.315467417677662,0.102637599204471,0.897156442544111,0.114403234862157,0.351630331921906
C:\learn\rd\jig\B0-B-v32-a0-p02-jig5-test-31-lần-2.txt,legacy-root,P02,JIG5,3,3,OFFICIAL,0.310016670478649,0.1030181806757,0.898066162224432,0.11471112598267,0.345204711544598
C:\learn\rd\jig\B0-B-v32-a0-p02-jig5-test-31-lần-2.txt,legacy-root,P02,JIG5,4,4,OFFICIAL,0.270860557638343,0.123536693970745,0.897661280917286,0.13762061102213,0.30174027040752
C:\learn\rd\jig\B0-B-v32-a0-p02-jig5-test-31-lần-2.txt,legacy-root,P02,JIG5,5,5,OFFICIAL,0.31515667160657,0.1016856843466,0.897970543742178,0.113239443159058,0.350965489684322
C:\learn\rd\jig\B0-B-v32-a0-p02-jig5-test-31-lần-2.txt,legacy-root,P02,JIG5,6,6,OFFICIAL,0.310020023413005,0.106381448327302,0.897006262815041,0.118596104327576,0.345616342120155
C:\learn\rd\jig\B0-B-v32-a0-p02-jig5-test-31-lần-2.txt,legacy-root,P02,JIG5,7,7,OFFICIAL,0.30220312531944,0.110863241360339,0.895160716054576,0.123847304033816,0.337596500717102
C:\learn\rd\jig\B0-B-v32-a0-p02-jig5-test-31-lần-2.txt,legacy-root,P02,JIG5,8,8,OFFICIAL,0.311916022901694,0.106210200418827,0.894956404475251,0.11867639573025,0.34852649955009
C:\learn\rd\jig\B0-B-v32-a0-p02-jig5-test-31-lần-2.txt,legacy-root,P02,JIG5,9,9,OFFICIAL,0.28659031651919,0.112182845849345,0.894275575286626,0.125445499071569,0.320472038417614
C:\learn\rd\jig\B0-B-v32-a0-p02-jig5-test-31-lần-2.txt,legacy-root,P02,JIG5,10,10,OFFICIAL,0.310817809091143,0.105433782912662,0.896598426230497,0.117593093884773,0.34666334447841
C:\learn\rd\jig\B0-B-v32-a0-p02-jig5-test-31-lần-2.txt,legacy-root,P02,JIG5,11,11,OFFICIAL,0.310002938405325,0.105388208377039,0.893794188392188,0.117911046799955,0.3468392863048
C:\learn\rd\jig\B0-B-v32-a0-p02-jig5-test-31.txt,legacy-root,P02,JIG5,1,1,PRECONDITION,0.308964909127463,0.106266880602546,0.907090171001592,0.117151396850886,0.340611020827521
C:\learn\rd\jig\B0-B-v32-a0-p02-jig5-test-31.txt,legacy-root,P02,JIG5,2,2,OFFICIAL,0.315467417677662,0.102637599204471,0.897156442544111,0.114403234862157,0.351630331921906
C:\learn\rd\jig\B0-B-v32-a0-p02-jig5-test-31.txt,legacy-root,P02,JIG5,3,3,OFFICIAL,0.310016670478649,0.1030181806757,0.898066162224432,0.11471112598267,0.345204711544598
C:\learn\rd\jig\B0-B-v32-a0-p02-jig5-test-31.txt,legacy-root,P02,JIG5,4,4,OFFICIAL,0.270860557638343,0.123536693970745,0.897661280917286,0.13762061102213,0.30174027040752
C:\learn\rd\jig\B0-B-v32-a0-p02-jig6-test-32.txt,legacy-root,P02,JIG6,2,1,PRECONDITION,0.294841903656655,0.182096286305639,0.913547757800961,0.199328699294244,0.322743831550067
C:\learn\rd\jig\B0-B-v32-a0-p02-jig6-test-32.txt,legacy-root,P02,JIG6,3,2,OFFICIAL,0.324170314115545,0.227546199685809,0.904059157352263,0.251693927145462,0.358572015425351
C:\learn\rd\jig\B0-B-v32-a0-p02-jig6-test-32.txt,legacy-root,P02,JIG6,4,3,OFFICIAL,0.302373078447559,0.205327690774862,0.902993053733937,0.227385681346959,0.334856483333095
C:\learn\rd\jig\B0-B-v32-a0-p02-jig6-test-32.txt,legacy-root,P02,JIG6,5,4,OFFICIAL,0.320775792758241,0.186096856067516,0.90604993931309,0.205393596967296,0.354037651612706
C:\learn\rd\jig\B0-B-v32-a0-p02-jig6-test-32.txt,legacy-root,P02,JIG6,6,5,OFFICIAL,0.30460773199537,0.208290435983138,0.903272818553495,0.230595266130885,0.337226722357449
C:\learn\rd\jig\B0-B-v32-a0-p02-jig6-test-32.txt,legacy-root,P02,JIG6,7,6,OFFICIAL,0.300650595266597,0.206069463526507,0.905831910561202,0.227491945386245,0.331905502291624
C:\learn\rd\jig\B0-B-v32-a0-p02-jig6-test-32.txt,legacy-root,P02,JIG6,8,7,OFFICIAL,0.308224142504848,0.203020673582511,0.901525686004427,0.225196771133944,0.341891692371963
C:\learn\rd\jig\B0-B-v32-a0-p02-jig6-test-32.txt,legacy-root,P02,JIG6,9,8,OFFICIAL,0.319841644986273,0.206572043875158,0.902524396010937,0.228882504216157,0.354385594893544
C:\learn\rd\jig\B0-B-v32-a0-p02-jig6-test-32.txt,legacy-root,P02,JIG6,10,9,OFFICIAL,0.305398297227457,0.20475055073534,0.90354717410704,0.226607482822014,0.337999283246363
C:\learn\rd\jig\B0-B-v32-a0-p02-jig6-test-32.txt,legacy-root,P02,JIG6,11,10,OFFICIAL,0.32360296813441,0.21119504817764,0.899179515093409,0.234875288674365,0.359886944378168
C:\learn\rd\jig\B0-B-v32-a0-p02-jig6-test-32.txt,legacy-root,P02,JIG6,12,11,OFFICIAL,0.303137064665103,0.208681874856661,0.900675092656039,0.231694954771393,0.336566501213184
C:\learn\rd\jig\B0-B-v32-a0-p03-jig1-test-29.txt,legacy-root,P03,JIG1,1,1,PRECONDITION,0.188289819677275,0.162956165338471,0.899320062409217,0.18119929950403,0.209369086210375
C:\learn\rd\jig\B0-B-v32-a0-p03-jig1-test-29.txt,legacy-root,P03,JIG1,2,2,OFFICIAL,0.195029559621178,0.166397502475989,0.895059825215799,0.185906570475186,0.217895557511093
C:\learn\rd\jig\B0-B-v32-a0-p03-jig1-test-29.txt,legacy-root,P03,JIG1,3,3,OFFICIAL,0.193340184539198,0.168176914320969,0.894831908505535,0.18794246463768,0.216063131747388
C:\learn\rd\jig\B0-B-v32-a0-p03-jig1-test-29.txt,legacy-root,P03,JIG1,4,4,OFFICIAL,0.196128648996635,0.165819450484928,0.892625052777678,0.185766072741214,0.219721201400655
C:\learn\rd\jig\B0-B-v32-a0-p03-jig1-test-29.txt,legacy-root,P03,JIG1,5,5,OFFICIAL,0.195627561567849,0.166946606436199,0.892443042407096,0.187066959462097,0.219204534375889
C:\learn\rd\jig\B0-B-v32-a0-p03-jig1-test-29.txt,legacy-root,P03,JIG1,6,6,OFFICIAL,0.195547982105744,0.165690300356459,0.893121151767733,0.185518280502608,0.218948998933348
C:\learn\rd\jig\B0-B-v32-a0-p03-jig1-test-29.txt,legacy-root,P03,JIG1,7,7,OFFICIAL,0.195661656161591,0.165073728062172,0.893545356039493,0.184740177928781,0.218972271344828
C:\learn\rd\jig\B0-B-v32-a0-p03-jig1-test-29.txt,legacy-root,P03,JIG1,8,8,OFFICIAL,0.193226140450998,0.166696297515287,0.892953552167176,0.186679695837167,0.216389911862765
C:\learn\rd\jig\B0-B-v32-a0-p03-jig1-test-29.txt,legacy-root,P03,JIG1,9,9,OFFICIAL,0.197776705591379,0.167568032155575,0.892384006749601,0.187775700694056,0.22162735335403
C:\learn\rd\jig\B0-B-v32-a0-p03-jig1-test-29.txt,legacy-root,P03,JIG1,10,10,OFFICIAL,0.189635030802687,0.166072965679846,0.887786706733858,0.187064037364136,0.21360426931864
C:\learn\rd\jig\B0-B-v32-a0-p03-jig1-test-29.txt,legacy-root,P03,JIG1,11,11,OFFICIAL,0.19669745844506,0.166955793432737,0.890762732767939,0.187430150915656,0.220819137587679
C:\learn\rd\jig\B0-B-v32-a0-p03-jig1-test-32-2.txt,legacy-root,P03,JIG1,1,1,PRECONDITION,0.21700193536313,0.144304056042985,0.88530285757812,0.162999650128489,0.245116045323486
C:\learn\rd\jig\B0-B-v32-a0-p03-jig1-test-32-2.txt,legacy-root,P03,JIG1,2,2,OFFICIAL,0.211895040491639,0.155771181740849,0.891668791991263,0.174696236023897,0.237638731325829
C:\learn\rd\jig\B0-B-v32-a0-p03-jig1-test-32-2.txt,legacy-root,P03,JIG1,3,3,OFFICIAL,0.216630591990063,0.155225704019847,0.894096918764263,0.173611720119096,0.242289831721453
C:\learn\rd\jig\B0-B-v32-a0-p03-jig1-test-32-2.txt,legacy-root,P03,JIG1,4,4,OFFICIAL,0.212676537008538,0.157516334313291,0.893867618178282,0.176218861842553,0.237928450123271
C:\learn\rd\jig\B0-B-v32-a0-p03-jig1-test-32-2.txt,legacy-root,P03,JIG1,5,5,OFFICIAL,0.215943707018145,0.152650011385366,0.890327752251318,0.17145372701162,0.242544059164842
C:\learn\rd\jig\B0-B-v32-a0-p03-jig1-test-32.txt,legacy-root,P03,JIG1,1,1,PRECONDITION,0.174291704944213,0.142318828495292,0.916651863014595,0.155259411165378,0.190139476039485
C:\learn\rd\jig\B0-B-v32-a0-p03-jig1-test-32.txt,legacy-root,P03,JIG1,2,2,OFFICIAL,0.222368482953637,0.158641698153805,0.906174635262624,0.175067467108951,0.245392526231096
C:\learn\rd\jig\B0-B-v32-a0-p03-jig1-test-32.txt,legacy-root,P03,JIG1,3,3,OFFICIAL,0.223755085485282,0.160895188668603,0.899722357659593,0.178827598646245,0.248693481472803
C:\learn\rd\jig\B0-B-v32-a0-p03-jig1-test-32.txt,legacy-root,P03,JIG1,4,4,OFFICIAL,0.222545752711225,0.159468857113707,0.899558028041456,0.17727467505449,0.247394549071791
C:\learn\rd\jig\B0-B-v32-a0-p03-jig1-test-32.txt,legacy-root,P03,JIG1,5,5,OFFICIAL,0.220088815971274,0.158365217847248,0.897952242684477,0.176362628566756,0.245100803260212
C:\learn\rd\jig\B0-B-v32-a0-p03-jig1-test-32.txt,legacy-root,P03,JIG1,6,6,OFFICIAL,0.212812980855132,0.159163988791134,0.897099939338522,0.177420576918659,0.237223269697298
C:\learn\rd\jig\B0-B-v32-a0-p03-jig1-test-32.txt,legacy-root,P03,JIG1,7,7,OFFICIAL,0.218391116496222,0.155005138489106,0.894366705809892,0.173312733448347,0.244185203985716
C:\learn\rd\jig\B0-B-v32-a0-p03-jig1-test-32.txt,legacy-root,P03,JIG1,8,8,OFFICIAL,0.21521736493923,0.154358764567629,0.892151282655659,0.173018598491671,0.241234159635566
C:\learn\rd\jig\B0-B-v32-a0-p03-jig1-test-32.txt,legacy-root,P03,JIG1,9,9,OFFICIAL,0.218917726079968,0.155333413875891,0.893979916979043,0.173754925503021,0.244879914998247
C:\learn\rd\jig\B0-B-v32-a0-p03-jig1-test-32.txt,legacy-root,P03,JIG1,10,10,OFFICIAL,0.216593190084908,0.153164255566389,0.893658871871655,0.171390068836452,0.242366742951123
C:\learn\rd\jig\B0-B-v32-a0-p03-jig1-test-32.txt,legacy-root,P03,JIG1,11,11,OFFICIAL,0.212707249812723,0.152668606299307,0.894929036868734,0.170592974425636,0.237680576950508
C:\learn\rd\jig\B0-B-v32-a0-p03-jig1-test-33.txt,legacy-root,P03,JIG1,1,1,PRECONDITION,0.19182315085915,0.116579035715123,0.917594395144879,0.12704854817331,0.209050046375734
C:\learn\rd\jig\B0-B-v32-a0-p03-jig1-test-33.txt,legacy-root,P03,JIG1,2,2,OFFICIAL,0.191801194096983,0.121159267932807,0.911184534577938,0.132968968781859,0.210496542487769
C:\learn\rd\jig\B0-B-v32-a0-p03-jig1-test-33.txt,legacy-root,P03,JIG1,3,3,OFFICIAL,0.189043677945881,0.12515507992821,0.9042648137943,0.1384053410229,0.20905787227599
C:\learn\rd\jig\B0-B-v32-a0-p03-jig1-test-33.txt,legacy-root,P03,JIG1,4,4,OFFICIAL,0.188762272459906,0.121055860477926,0.899263929496022,0.134616608658784,0.209907532447893
C:\learn\rd\jig\B0-B-v32-a0-p03-jig1-test-33.txt,legacy-root,P03,JIG1,5,5,OFFICIAL,0.189892634577677,0.120143090509955,0.900209955773379,0.133461188403253,0.210942606621739
C:\learn\rd\jig\B0-B-v32-a0-p03-jig1-test-33.txt,legacy-root,P03,JIG1,6,6,OFFICIAL,0.19061339448965,0.122061131786569,0.899805804982167,0.13565274986083,0.211838369383967
C:\learn\rd\jig\B0-B-v32-a0-p03-jig1-test-33.txt,legacy-root,P03,JIG1,7,7,OFFICIAL,0.18949316681449,0.120969292395888,0.89824538500673,0.134672879388054,0.2109592434066
C:\learn\rd\jig\B0-B-v32-a0-p03-jig1-test-33.txt,legacy-root,P03,JIG1,8,8,OFFICIAL,0.190263881331749,0.122933398227236,0.897534780742699,0.136967837753886,0.21198496750656
C:\learn\rd\jig\B0-B-v32-a0-p03-jig1-test-33.txt,legacy-root,P03,JIG1,9,9,OFFICIAL,0.190250181790373,0.122518715582169,0.896965692748282,0.136592421062142,0.212104190080505
C:\learn\rd\jig\B0-B-v32-a0-p03-jig1-test-33.txt,legacy-root,P03,JIG1,10,10,OFFICIAL,0.194564358037541,0.12132421260111,0.894892073603831,0.135574128076164,0.217416562037485
C:\learn\rd\jig\B0-B-v32-a0-p03-jig1-test-33.txt,legacy-root,P03,JIG1,11,11,OFFICIAL,0.193421515136364,0.122276948745466,0.896514739768727,0.136391453839353,0.215748282271701
C:\learn\rd\jig\B0-B-v32-a0-p03-jig4-test-31-lần-2.txt,legacy-root,P03,JIG4,1,1,PRECONDITION,0.206562282116015,0.158229535134,0.911529255240118,0.173586897210797,0.226610699468556
C:\learn\rd\jig\B0-B-v32-a0-p03-jig4-test-31-lần-2.txt,legacy-root,P03,JIG4,2,2,OFFICIAL,0.223160912542814,0.163615118107882,0.902408348620654,0.181309402066116,0.247294822664173
C:\learn\rd\jig\B0-B-v32-a0-p03-jig4-test-31-lần-2.txt,legacy-root,P03,JIG4,3,3,OFFICIAL,0.222043608043479,0.163980918340224,0.902284230908926,0.181739758629092,0.246090533821921
C:\learn\rd\jig\B0-B-v32-a0-p03-jig4-test-31-lần-2.txt,legacy-root,P03,JIG4,4,4,OFFICIAL,0.222498353631838,0.162851605092977,0.898471122641983,0.181254133815795,0.247641073847287
C:\learn\rd\jig\B0-B-v32-a0-p03-jig4-test-31-lần-2.txt,legacy-root,P03,JIG4,5,5,OFFICIAL,0.222511855823847,0.16366295729044,0.897241238408343,0.182406860367641,0.247995573875507
C:\learn\rd\jig\B0-B-v32-a0-p03-jig4-test-31-lần-2.txt,legacy-root,P03,JIG4,6,6,OFFICIAL,0.223692211645535,0.16499751560941,0.89926249240001,0.183480926874926,0.248750741341975
C:\learn\rd\jig\B0-B-v32-a0-p03-jig4-test-31-lần-2.txt,legacy-root,P03,JIG4,7,7,OFFICIAL,0.222692652329907,0.162418991333641,0.899977734227019,0.180470010708811,0.247442402029174
C:\learn\rd\jig\B0-B-v32-a0-p03-jig4-test-31-lần-2.txt,legacy-root,P03,JIG4,8,8,OFFICIAL,0.222518421549745,0.161405730019949,0.900163434315886,0.179307138978174,0.24719780105138
C:\learn\rd\jig\B0-B-v32-a0-p03-jig4-test-31-lần-2.txt,legacy-root,P03,JIG4,9,9,OFFICIAL,0.222158799520051,0.162626434914509,0.898905262808431,0.18091610055371,0.247143729947653
C:\learn\rd\jig\B0-B-v32-a0-p03-jig4-test-31-lần-2.txt,legacy-root,P03,JIG4,10,10,OFFICIAL,0.222327817232013,0.16295026870172,0.898603947253713,0.181337138791482,0.247414690210838
C:\learn\rd\jig\B0-B-v32-a0-p03-jig4-test-31-lần-2.txt,legacy-root,P03,JIG4,11,11,OFFICIAL,0.227672859502501,0.161772481114917,0.897802051508876,0.180187248228089,0.253589150436743
C:\learn\rd\jig\B0-B-v32-a0-p03-jig4-test-31.txt,legacy-root,P03,JIG4,1,1,PRECONDITION,0.210766354233257,0.163317632866295,0.882001559277269,0.185167056847519,0.238963697984801
C:\learn\rd\jig\B0-B-v32-a0-p03-jig4-test-31.txt,legacy-root,P03,JIG4,2,2,OFFICIAL,0.21085122403031,0.162054833133817,0.89934676225245,0.180191712402393,0.234449305740785
C:\learn\rd\jig\B0-B-v32-a0-p03-jig4-test-31.txt,legacy-root,P03,JIG4,3,3,OFFICIAL,0.211521800682808,0.16417601039883,0.901861586710425,0.182041249808264,0.234539095355355
C:\learn\rd\jig\B0-B-v32-a0-p03-jig4-test-31.txt,legacy-root,P03,JIG4,4,4,OFFICIAL,0.205955869917466,0.162294880837707,0.898050303880496,0.180719142498396,0.229336674156811
C:\learn\rd\jig\B0-B-v32-a0-p03-jig4-test-31.txt,legacy-root,P03,JIG4,5,5,OFFICIAL,0.211191493399938,0.15991594410311,0.897378145676816,0.178203519746404,0.235342808845266
C:\learn\rd\jig\B0-B-v32-a0-p03-jig4-test-31.txt,legacy-root,P03,JIG4,6,6,OFFICIAL,0.212617844048359,0.16331494912563,0.899766635071312,0.18150811861643,0.236303321062252
C:\learn\rd\jig\B0-B-v32-a0-p03-jig4-test-31.txt,legacy-root,P03,JIG4,7,7,OFFICIAL,0.212364158005565,0.162746062263011,0.899007716497884,0.181028548783757,0.236220617585839
C:\learn\rd\jig\B0-B-v32-a0-p03-jig4-test-31.txt,legacy-root,P03,JIG4,8,8,OFFICIAL,0.213517552735641,0.15966165429758,0.895472950193072,0.178298690388309,0.238441097176196
C:\learn\rd\jig\B0-B-v32-a0-p03-jig4-test-31.txt,legacy-root,P03,JIG4,9,9,OFFICIAL,0.211931847860546,0.159372395914576,0.895961539960666,0.177878612871678,0.236541233533139
C:\learn\rd\jig\B0-B-v32-a0-p03-jig4-test-31.txt,legacy-root,P03,JIG4,10,10,OFFICIAL,0.211073667021604,0.160069440472943,0.898257919387769,0.178199865559819,0.234981136782481
C:\learn\rd\jig\B0-B-v32-a0-p03-jig4-test-31.txt,legacy-root,P03,JIG4,11,11,OFFICIAL,0.211179263344574,0.160036510608082,0.897575957674735,0.178298570989662,0.235277317244166
C:\learn\rd\jig\B0-B-v32-a0-p03-jig4-test-32.txt,legacy-root,P03,JIG1,1,1,PRECONDITION,0.21700193536313,0.144304056042985,0.88530285757812,0.162999650128489,0.245116045323486
C:\learn\rd\jig\B0-B-v32-a0-p03-jig4-test-32.txt,legacy-root,P03,JIG1,2,2,OFFICIAL,0.211895040491639,0.155771181740849,0.891668791991263,0.174696236023897,0.237638731325829
C:\learn\rd\jig\B0-B-v32-a0-p03-jig4-test-32.txt,legacy-root,P03,JIG1,3,3,OFFICIAL,0.216630591990063,0.155225704019847,0.894096918764263,0.173611720119096,0.242289831721453
C:\learn\rd\jig\B0-B-v32-a0-p03-jig4-test-32.txt,legacy-root,P03,JIG1,4,4,OFFICIAL,0.212676537008538,0.157516334313291,0.893867618178282,0.176218861842553,0.237928450123271
C:\learn\rd\jig\B0-B-v32-a0-p03-jig4-test-32.txt,legacy-root,P03,JIG1,5,5,OFFICIAL,0.215943707018145,0.152650011385366,0.890327752251318,0.17145372701162,0.242544059164842
C:\learn\rd\jig\B0-B-v32-a0-p03-jig4-test-33.txt,legacy-root,P03,JIG4,1,1,PRECONDITION,0.203433150963152,0.152786580795202,0.917111697855218,0.16659538980095,0.22181938300308
C:\learn\rd\jig\B0-B-v32-a0-p03-jig4-test-33.txt,legacy-root,P03,JIG4,2,2,OFFICIAL,0.212318815649079,0.158587459359835,0.919222097753797,0.172523549800813,0.230976622698584
C:\learn\rd\jig\B0-B-v32-a0-p03-jig4-test-33.txt,legacy-root,P03,JIG4,3,3,OFFICIAL,0.21056419760834,0.15548096645549,0.913507432690674,0.17020219090887,0.230500803904942
C:\learn\rd\jig\B0-B-v32-a0-p03-jig4-test-33.txt,legacy-root,P03,JIG4,4,4,OFFICIAL,0.212420179575835,0.154244185130557,0.909193000312865,0.169649551940545,0.233635960134689
C:\learn\rd\jig\B0-B-v32-a0-p03-jig4-test-33.txt,legacy-root,P03,JIG4,5,5,OFFICIAL,0.214217369168136,0.157917944819381,0.909443654797679,0.173642362543628,0.23554770879763
C:\learn\rd\jig\B0-B-v32-a0-p03-jig4-test-33.txt,legacy-root,P03,JIG4,6,6,OFFICIAL,0.214834441805713,0.156758256568529,0.907687497224063,0.172700689442054,0.236683266501666
C:\learn\rd\jig\B0-B-v32-a0-p03-jig4-test-33.txt,legacy-root,P03,JIG4,7,7,OFFICIAL,0.213108073899894,0.156066069063126,0.906847886460452,0.172097295911746,0.234998699430929
C:\learn\rd\jig\B0-B-v32-a0-p03-jig4-test-33.txt,legacy-root,P03,JIG4,8,8,OFFICIAL,0.21724016810494,0.155712063243126,0.906751052330576,0.171725263337613,0.239580828218042
C:\learn\rd\jig\B0-B-v32-a0-p03-jig4-test-33.txt,legacy-root,P03,JIG4,9,9,OFFICIAL,0.215504659916681,0.154138923786808,0.906823135124789,0.169976832103646,0.237647950928187
C:\learn\rd\jig\B0-B-v32-a0-p03-jig4-test-33.txt,legacy-root,P03,JIG4,10,10,OFFICIAL,0.215114487942513,0.15676414069838,0.906915601378122,0.172854166870837,0.237193502477663
C:\learn\rd\jig\B0-B-v32-a0-p03-jig4-test-33.txt,legacy-root,P03,JIG4,11,11,OFFICIAL,0.21472307094766,0.155939702181915,0.90421028490745,0.172459553695385,0.237470281561371
C:\learn\rd\jig\B0-B-v32-a0-p03-jig5-test-31.txt,legacy-root,P03,JIG5,1,1,PRECONDITION,0.41067403737249,0.246596731126884,0.835284340202367,0.295224894396009,0.491657771619416
C:\learn\rd\jig\B0-B-v32-a0-p03-jig5-test-31.txt,legacy-root,P03,JIG5,2,2,OFFICIAL,0.414131218787131,0.262313789995627,0.824800483371359,0.318033021662916,0.502098661599199
C:\learn\rd\jig\B0-B-v32-a0-p03-jig5-test-31.txt,legacy-root,P03,JIG5,3,3,OFFICIAL,0.411850330355391,0.2650153955613,0.824526959920111,0.32141507609039,0.499498925293232
C:\learn\rd\jig\B0-B-v32-a0-p03-jig5-test-31.txt,legacy-root,P03,JIG5,4,4,OFFICIAL,0.40922172063382,0.267573048747475,0.822944718729899,0.325140975642248,0.497265139832718
C:\learn\rd\jig\B0-B-v32-a0-p03-jig5-test-31.txt,legacy-root,P03,JIG5,5,5,OFFICIAL,0.406808851478279,0.274808443481758,0.822820265845081,0.333983562254042,0.494407914297619
C:\learn\rd\jig\B0-B-v32-a0-p03-jig5-test-31.txt,legacy-root,P03,JIG5,6,6,OFFICIAL,0.408444382387326,0.272126236573552,0.820448925677204,0.331679679327921,0.497830357996012
C:\learn\rd\jig\B0-B-v32-a0-p03-jig5-test-31.txt,legacy-root,P03,JIG5,7,7,OFFICIAL,0.404926265737508,0.269522856491345,0.818001266832853,0.329489534331514,0.495019118130839
C:\learn\rd\jig\B0-B-v32-a0-p03-jig5-test-31.txt,legacy-root,P03,JIG5,8,8,OFFICIAL,0.406618244085467,0.268203662479558,0.818527821502992,0.327665908761756,0.496767774293645
C:\learn\rd\jig\B0-B-v32-a0-p03-jig5-test-31.txt,legacy-root,P03,JIG5,9,9,OFFICIAL,0.408899307733906,0.270681913478932,0.818772131012235,0.330594927729516,0.499405502759834
C:\learn\rd\jig\B0-B-v32-a0-p03-jig5-test-31.txt,legacy-root,P03,JIG5,10,10,OFFICIAL,0.410288110620328,0.269572366981333,0.820760356891811,0.328442236174994,0.499887826178733
C:\learn\rd\jig\B0-B-v32-a0-p03-jig5-test-31.txt,legacy-root,P03,JIG5,11,11,OFFICIAL,0.388364056747044,0.282316192238335,0.816812551693868,0.345631554819867,0.475462890404503
C:\learn\rd\jig\B0-B-v32-a0-p03-jig6-test-32.txt,legacy-root,P03,JIG6,1,1,PRECONDITION,0.215643712871248,0.153241753325768,0.896640809900479,0.170906511987534,0.240501782308105
C:\learn\rd\jig\B0-B-v32-a0-p03-jig6-test-32.txt,legacy-root,P03,JIG6,2,2,OFFICIAL,0.269658422015578,0.163519790560765,0.901121461808452,0.181462541389924,0.299247585863068
C:\learn\rd\jig\B0-B-v32-a0-p03-jig6-test-32.txt,legacy-root,P03,JIG6,3,3,OFFICIAL,0.26600311580162,0.163988214418093,0.898844446595653,0.182443374979056,0.29593898789618
C:\learn\rd\jig\B0-B-v32-a0-p03-jig6-test-32.txt,legacy-root,P03,JIG6,4,4,OFFICIAL,0.268676218357795,0.166461431590026,0.898158311233688,0.185336403959095,0.299141270528074
C:\learn\rd\jig\B0-B-v32-a0-p03-jig6-test-32.txt,legacy-root,P03,JIG6,5,5,OFFICIAL,0.267577668625262,0.165097001695827,0.897925584820177,0.183864904271427,0.297995371942596
C:\learn\rd\jig\B0-B-v32-a0-p03-jig6-test-32.txt,legacy-root,P03,JIG6,6,6,OFFICIAL,0.267225667307526,0.163157466624982,0.895729123825968,0.182150454065935,0.298333123485048
C:\learn\rd\jig\B0-B-v32-a0-p03-jig6-test-32.txt,legacy-root,P03,JIG6,7,7,OFFICIAL,0.267081401875724,0.164722268574576,0.896728248200985,0.183692516551186,0.297839844358135
C:\learn\rd\jig\B0-B-v32-a0-p03-jig6-test-32.txt,legacy-root,P03,JIG6,8,8,OFFICIAL,0.248273749837009,0.162937143580921,0.896666180839604,0.181714384976974,0.276885372887081
C:\learn\rd\jig\B0-B-v32-a0-p03-jig6-test-32.txt,legacy-root,P03,JIG6,9,9,OFFICIAL,0.252049687407314,0.164493847368078,0.896929089396572,0.183396713645161,0.281014062747019
C:\learn\rd\jig\B0-B-v32-a0-p03-jig6-test-32.txt,legacy-root,P03,JIG6,10,10,OFFICIAL,0.247536744401538,0.16334784351178,0.89423242748732,0.182668217446292,0.276814770738168
C:\learn\rd\jig\B0-B-v32-a0-p03-jig6-test-32.txt,legacy-root,P03,JIG6,11,11,OFFICIAL,0.24915035418172,0.16525391059152,0.895439911004144,0.184550530483061,0.278243521558385
C:\learn\rd\jig\B0-B-v32-a0-p04-jig1-test-29.txt,legacy-root,P04,JIG1,1,1,PRECONDITION,0.412770058392708,0.356679214814144,0.864235188794572,0.412710821589708,0.477613112431162
C:\learn\rd\jig\B0-B-v32-a0-p04-jig1-test-29.txt,legacy-root,P04,JIG1,2,2,OFFICIAL,0.401806625185326,0.32678022991497,0.856363420559682,0.381590598184823,0.469201060599625
C:\learn\rd\jig\B0-B-v32-a0-p04-jig1-test-29.txt,legacy-root,P04,JIG1,3,3,OFFICIAL,0.40594366857169,0.328353410452341,0.855608860286236,0.38376579029639,0.474450052370758
C:\learn\rd\jig\B0-B-v32-a0-p04-jig1-test-29.txt,legacy-root,P04,JIG1,4,4,OFFICIAL,0.414292897629345,0.314287446204732,0.853263872714664,0.368335583229166,0.485539011878318
C:\learn\rd\jig\B0-B-v32-a0-p04-jig1-test-29.txt,legacy-root,P04,JIG1,5,5,OFFICIAL,0.402787343269286,0.302124444730816,0.853357173380641,0.354042192595542,0.472003231277253
C:\learn\rd\jig\B0-B-v32-a0-p04-jig1-test-29.txt,legacy-root,P04,JIG1,6,6,OFFICIAL,0.404767658812861,0.304330022657418,0.851202418891578,0.357529555723904,0.475524563640154
C:\learn\rd\jig\B0-B-v32-a0-p04-jig1-test-29.txt,legacy-root,P04,JIG1,7,7,OFFICIAL,0.404158979659693,0.302374383658674,0.851484303352492,0.355114454216191,0.474652296076892
C:\learn\rd\jig\B0-B-v32-a0-p04-jig1-test-29.txt,legacy-root,P04,JIG1,8,8,OFFICIAL,0.40535391553387,0.302999298485501,0.850299737235753,0.356344104574846,0.47671885310895
C:\learn\rd\jig\B0-B-v32-a0-p04-jig1-test-29.txt,legacy-root,P04,JIG1,9,9,OFFICIAL,0.401776425875664,0.303319895601217,0.851354842896369,0.356279051129023,0.471925929861152
C:\learn\rd\jig\B0-B-v32-a0-p04-jig1-test-29.txt,legacy-root,P04,JIG1,10,10,OFFICIAL,0.401776440638378,0.298319240527489,0.851276868969998,0.350437385769028,0.471969173935746
C:\learn\rd\jig\B0-B-v32-a0-p04-jig1-test-29.txt,legacy-root,P04,JIG1,11,11,OFFICIAL,0.40599713098455,0.30049816477518,0.84952991622585,0.353722875481753,0.477907985616618
C:\learn\rd\jig\B0-B-v32-a0-p05-jig1-test-29.txt,legacy-root,P05,JIG1,1,1,PRECONDITION,0.451959281070617,0.209286324056285,0.853892295839923,0.245096864178196,0.529293077443745
C:\learn\rd\jig\B0-B-v32-a0-p05-jig1-test-29.txt,legacy-root,P05,JIG1,2,2,OFFICIAL,0.458984890330759,0.216478012733881,0.850681218116074,0.254476069441494,0.539549810853037
C:\learn\rd\jig\B0-B-v32-a0-p05-jig1-test-29.txt,legacy-root,P05,JIG1,3,3,OFFICIAL,0.45595863528303,0.213817731189688,0.849531674677888,0.251688945289485,0.536717639699442
C:\learn\rd\jig\B0-B-v32-a0-p05-jig1-test-29.txt,legacy-root,P05,JIG1,4,4,OFFICIAL,0.455417507021147,0.211739075309582,0.849225412566945,0.249332005585608,0.536273997788833
C:\learn\rd\jig\B0-B-v32-a0-p05-jig1-test-29.txt,legacy-root,P05,JIG1,5,5,OFFICIAL,0.45472638303521,0.215562906429151,0.850861450380059,0.253346659826772,0.534430585416808
C:\learn\rd\jig\B0-B-v32-a0-p05-jig1-test-29.txt,legacy-root,P05,JIG1,6,6,OFFICIAL,0.454981949928562,0.215441672692065,0.848892675739707,0.25379141421421,0.535971110284466
C:\learn\rd\jig\B0-B-v32-a0-p05-jig1-test-29.txt,legacy-root,P05,JIG1,7,7,OFFICIAL,0.4487947183169,0.214111199614046,0.849593393917591,0.252016083395788,0.528246478291747
C:\learn\rd\jig\B0-B-v32-a0-p05-jig1-test-29.txt,legacy-root,P05,JIG1,8,8,OFFICIAL,0.451676312304469,0.21246235210726,0.849132938893254,0.250210941509559,0.531926500099238
C:\learn\rd\jig\B0-B-v32-a0-p05-jig1-test-29.txt,legacy-root,P05,JIG1,9,9,OFFICIAL,0.449973967501805,0.213697167583885,0.849596685048722,0.251527779409391,0.529632442570089
C:\learn\rd\jig\B0-B-v32-a0-p05-jig1-test-29.txt,legacy-root,P05,JIG1,10,10,OFFICIAL,0.45827212799706,0.217007249384251,0.847941356902162,0.255922473432664,0.540452620062423
C:\learn\rd\jig\B0-B-v32-a0-p05-jig1-test-29.txt,legacy-root,P05,JIG1,11,11,OFFICIAL,0.456407486631464,0.21598137982671,0.850134779684105,0.254055456838226,0.536864856653738
C:\learn\rd\jig\B0-B-v32-a0-p05-jig1-test-33.txt,legacy-root,P05,JIG1,1,1,PRECONDITION,0.3633954066482,0.0509784746693397,0.849410690238681,0.0600162857086423,0.427820618252505
C:\learn\rd\jig\B0-B-v32-a0-p05-jig1-test-33.txt,legacy-root,P05,JIG1,2,2,OFFICIAL,0.223456946499628,0.0327506990159051,0.862016889375612,0.0379931059583154,0.259225717330766
C:\learn\rd\jig\B0-B-v32-a0-p05-jig1-test-33.txt,legacy-root,P05,JIG1,3,3,OFFICIAL,0.213001684375962,0.0637859829059374,0.859486100878069,0.0742140947256416,0.247824466455426
C:\learn\rd\jig\B0-B-v32-a0-p05-jig1-test-33.txt,legacy-root,P05,JIG1,4,4,OFFICIAL,0.19584704826782,0.0693572667040968,0.857209002906133,0.080910567281678,0.228470591890489
C:\learn\rd\jig\B0-B-v32-a0-p05-jig1-test-33.txt,legacy-root,P05,JIG1,5,5,OFFICIAL,0.212011169329531,0.075273588039457,0.854687627659169,0.0880714609682808,0.248056906954638
C:\learn\rd\jig\B0-B-v32-a0-p05-jig1-test-33.txt,legacy-root,P05,JIG1,6,6,OFFICIAL,0.212736758314889,0.0736627165470781,0.854623410424117,0.0861931883079614,0.248924562234161
C:\learn\rd\jig\B0-B-v32-a0-p05-jig1-test-33.txt,legacy-root,P05,JIG1,7,7,OFFICIAL,0.208754022730166,0.0713093435713513,0.854891402688954,0.083413335713819,0.244187767093641
C:\learn\rd\jig\B0-B-v32-a0-p05-jig1-test-33.txt,legacy-root,P05,JIG1,8,8,OFFICIAL,0.212454578694566,0.0729939858706498,0.854000071140057,0.0854730442506939,0.248775832548758
C:\learn\rd\jig\B0-B-v32-a0-p05-jig1-test-33.txt,legacy-root,P05,JIG1,9,9,OFFICIAL,0.191711227291989,0.0632294817851877,0.853204078943875,0.0741082741463863,0.224695629126967
C:\learn\rd\jig\B0-B-v32-a0-p05-jig1-test-33.txt,legacy-root,P05,JIG1,10,10,OFFICIAL,0.187453525853898,0.0675156326716983,0.855245866979784,0.0789429511189842,0.219180861423946
C:\learn\rd\jig\B0-B-v32-a0-p05-jig1-test-33.txt,legacy-root,P05,JIG1,11,11,OFFICIAL,0.197135879928077,0.0689189242163968,0.853269363307958,0.0807704192603514,0.231035928869894
C:\learn\rd\jig\B0-B-v32-a0-p05-jig4-test-31.txt,legacy-root,P05,JIG4,1,1,PRECONDITION,0.557083910974434,0.229449531201393,0.871281167386465,0.263347286490376,0.639384772478772
C:\learn\rd\jig\B0-B-v32-a0-p05-jig4-test-31.txt,legacy-root,P05,JIG4,2,2,OFFICIAL,0.54502082785217,0.220837340502386,0.864342687162806,0.255497436123723,0.630561044764773
C:\learn\rd\jig\B0-B-v32-a0-p05-jig4-test-31.txt,legacy-root,P05,JIG4,3,3,OFFICIAL,0.586992400204847,0.224392018297563,0.86218502095085,0.260259703943934,0.68081952938302
C:\learn\rd\jig\B0-B-v32-a0-p05-jig4-test-31.txt,legacy-root,P05,JIG4,4,4,OFFICIAL,0.584790345792361,0.175612033624617,0.860190942622,0.204154711382247,0.679837832295497
C:\learn\rd\jig\B0-B-v32-a0-p05-jig4-test-31.txt,legacy-root,P05,JIG4,5,5,OFFICIAL,0.577388208896426,0.177469483894311,0.858172660227793,0.206799274923538,0.672811236777416
C:\learn\rd\jig\B0-B-v32-a0-p05-jig4-test-31.txt,legacy-root,P05,JIG4,6,6,OFFICIAL,0.577547616577108,0.175668894882104,0.858978480581268,0.204509075434846,0.6723656408555
C:\learn\rd\jig\B0-B-v32-a0-p05-jig4-test-31.txt,legacy-root,P05,JIG4,7,7,OFFICIAL,0.59080096081234,0.166716887704867,0.861474220921943,0.193525103428455,0.685802252074437
C:\learn\rd\jig\B0-B-v32-a0-p05-jig4-test-31.txt,legacy-root,P05,JIG4,8,8,OFFICIAL,0.593135412010498,0.164439936240339,0.85916608290826,0.191394818198262,0.690361763354003
C:\learn\rd\jig\B0-B-v32-a0-p05-jig4-test-31.txt,legacy-root,P05,JIG4,9,9,OFFICIAL,0.598119940334276,0.16494254108958,0.856442576723129,0.192590309697906,0.698377166888139
C:\learn\rd\jig\B0-B-v32-a0-p05-jig4-test-31.txt,legacy-root,P05,JIG4,10,10,OFFICIAL,0.589629718551427,0.163824796504626,0.857388422862434,0.191074187773249,0.687704315604028
C:\learn\rd\jig\B0-B-v32-a0-p05-jig4-test-31.txt,legacy-root,P05,JIG4,11,11,OFFICIAL,0.59203451838738,0.165676614873043,0.858318012491961,0.193024744281007,0.689761265371237
C:\learn\rd\jig\B0-B-v32-a0-p05-jig4-test-33.txt,legacy-root,P05,JIG4,1,1,PRECONDITION,0.379296367916759,0.239556962739114,0.868115113492746,0.275950687893554,0.436919438472521
C:\learn\rd\jig\B0-B-v32-a0-p05-jig4-test-33.txt,legacy-root,P05,JIG4,2,2,OFFICIAL,0.394904388301942,0.23472114495886,0.868285789867517,0.27032706016607,0.454809226305772
C:\learn\rd\jig\B0-B-v32-a0-p05-jig4-test-33.txt,legacy-root,P05,JIG4,3,3,OFFICIAL,0.380337753014352,0.234199836402231,0.867673320336512,0.269917065458923,0.438342108832901
C:\learn\rd\jig\B0-B-v32-a0-p05-jig4-test-33.txt,legacy-root,P05,JIG4,4,4,OFFICIAL,0.382152929713482,0.242882882785299,0.865034404868765,0.280778292075154,0.441777723016068
C:\learn\rd\jig\B0-B-v32-a0-p05-jig4-test-33.txt,legacy-root,P05,JIG4,5,5,OFFICIAL,0.377862583975224,0.237103301169243,0.864017018368617,0.274419711797954,0.437332339458638
C:\learn\rd\jig\B0-B-v32-a0-p05-jig4-test-33.txt,legacy-root,P05,JIG4,6,6,OFFICIAL,0.385142942736499,0.222298728453611,0.865088911359485,0.25696633667893,0.445206195200499
C:\learn\rd\jig\B0-B-v32-a0-p05-jig4-test-33.txt,legacy-root,P05,JIG4,7,7,OFFICIAL,0.38699413143365,0.225542255314071,0.865035540243069,0.26073177900956,0.447373678224721
C:\learn\rd\jig\B0-B-v32-a0-p05-jig4-test-33.txt,legacy-root,P05,JIG4,8,8,OFFICIAL,0.379632998986735,0.218381268069073,0.865773134186742,0.252238443820745,0.438490158675737
C:\learn\rd\jig\B0-B-v32-a0-p05-jig4-test-33.txt,legacy-root,P05,JIG4,9,9,OFFICIAL,0.37878964480033,0.205846841120355,0.866089163933459,0.237673959786628,0.437356406908507
C:\learn\rd\jig\B0-B-v32-a0-p05-jig4-test-33.txt,legacy-root,P05,JIG4,10,10,OFFICIAL,0.37270122747365,0.203733320882485,0.864893782708613,0.235558776066638,0.430921385868275
C:\learn\rd\jig\B0-B-v32-a0-p05-jig4-test-33.txt,legacy-root,P05,JIG4,11,11,OFFICIAL,0.378051489612177,0.218251629528473,0.864332517749326,0.252508872507526,0.437391260711332
C:\learn\rd\jig\B0-B-v32-a0-p05-jig5-test-31.txt,legacy-root,P05,JIG5,1,1,PRECONDITION,0.45274566929085,0.213103360141891,0.860119063246615,0.247760303483461,0.526375578262283
C:\learn\rd\jig\B0-B-v32-a0-p05-jig5-test-31.txt,legacy-root,P05,JIG5,2,2,OFFICIAL,0.449996005229422,0.207518059644266,0.853627012698645,0.243101561404695,0.527157644422252
C:\learn\rd\jig\B0-B-v32-a0-p05-jig5-test-31.txt,legacy-root,P05,JIG5,3,3,OFFICIAL,0.461550374591609,0.158255412948722,0.853889055434294,0.185334865157901,0.540527333913258
C:\learn\rd\jig\B0-B-v32-a0-p05-jig5-test-31.txt,legacy-root,P05,JIG5,4,4,OFFICIAL,0.446234345159119,0.168581965558893,0.853153369472832,0.197598663488911,0.523041180080962
C:\learn\rd\jig\B0-B-v32-a0-p05-jig5-test-31.txt,legacy-root,P05,JIG5,5,5,OFFICIAL,0.445184486457377,0.182403692280511,0.849255763178679,0.214780635220881,0.524205434639732
C:\learn\rd\jig\B0-B-v32-a0-p05-jig5-test-31.txt,legacy-root,P05,JIG5,6,6,OFFICIAL,0.451741749386256,0.179564861719012,0.848668512648275,0.211584215795492,0.53229469769839
C:\learn\rd\jig\B0-B-v32-a0-p05-jig5-test-31.txt,legacy-root,P05,JIG5,7,7,OFFICIAL,0.449261942094107,0.183515606070367,0.84837396850625,0.216314517987259,0.529556491325556
C:\learn\rd\jig\B0-B-v32-a0-p05-jig5-test-31.txt,legacy-root,P05,JIG5,8,8,OFFICIAL,0.450384934776464,0.185017563780893,0.847874889286875,0.218213283726926,0.531192680037111
C:\learn\rd\jig\B0-B-v32-a0-p05-jig5-test-31.txt,legacy-root,P05,JIG5,9,9,OFFICIAL,0.444871700157621,0.184316254856043,0.84523500953268,0.21806509760871,0.526329003342614
C:\learn\rd\jig\B0-B-v32-a0-p05-jig5-test-31.txt,legacy-root,P05,JIG5,10,10,OFFICIAL,0.448540661205081,0.178711083147816,0.847411055683189,0.21089066746213,0.529307067918136
C:\learn\rd\jig\B0-B-v32-a0-p05-jig5-test-31.txt,legacy-root,P05,JIG5,11,11,OFFICIAL,0.446570391217731,0.178958493420366,0.846300471332325,0.211459758658332,0.527673570256553
C:\learn\rd\jig\B0-B-v32-a0-p06-jig1-test-29.txt,legacy-root,P06,JIG1,1,1,PRECONDITION,0.423451998029593,0.269202853664548,0.817990072878941,0.329102837051653,0.517673761662218
C:\learn\rd\jig\B0-B-v32-a0-p06-jig1-test-29.txt,legacy-root,P06,JIG1,2,2,OFFICIAL,0.419224907811882,0.27298636270681,0.817494728552898,0.333930425692214,0.512816649660825
C:\learn\rd\jig\B0-B-v32-a0-p06-jig1-test-29.txt,legacy-root,P06,JIG1,3,3,OFFICIAL,0.420747668329218,0.27208599546524,0.818032330623054,0.332610320252264,0.514341123912249
C:\learn\rd\jig\B0-B-v32-a0-p06-jig1-test-29.txt,legacy-root,P06,JIG1,4,4,OFFICIAL,0.421296598918732,0.271371948548513,0.816985393842672,0.332162546103941,0.515672130853127
C:\learn\rd\jig\B0-B-v32-a0-p06-jig1-test-29.txt,legacy-root,P06,JIG1,5,5,OFFICIAL,0.416900843888751,0.26990494696221,0.816451857978569,0.330582806964835,0.510625139516424
C:\learn\rd\jig\B0-B-v32-a0-p06-jig1-test-29.txt,legacy-root,P06,JIG1,6,6,OFFICIAL,0.420677060873104,0.272156597137221,0.815365747375507,0.333784682534478,0.515936636076725
C:\learn\rd\jig\B0-B-v32-a0-p06-jig1-test-29.txt,legacy-root,P06,JIG1,7,7,OFFICIAL,0.423193798359983,0.272769624751921,0.815478267336603,0.334490366791504,0.518951657341106
C:\learn\rd\jig\B0-B-v32-a0-p06-jig1-test-29.txt,legacy-root,P06,JIG1,8,8,OFFICIAL,0.41768793934642,0.267636559177636,0.815805657365152,0.328064112771704,0.511994413835579
C:\learn\rd\jig\B0-B-v32-a0-p06-jig1-test-29.txt,legacy-root,P06,JIG1,9,9,OFFICIAL,0.418488540305902,0.271220945689136,0.816456745031953,0.332192669531466,0.512566700994703
C:\learn\rd\jig\B0-B-v32-a0-p06-jig1-test-29.txt,legacy-root,P06,JIG1,10,10,OFFICIAL,0.418779904010797,0.270914387987751,0.815991158554311,0.332006523781127,0.513216227431616
C:\learn\rd\jig\B0-B-v32-a0-p06-jig1-test-29.txt,legacy-root,P06,JIG1,11,11,OFFICIAL,0.423443582857068,0.270791890857582,0.815999502517922,0.331853009740817,0.518926275751948
C:\learn\rd\jig\B0-B-v32-a0-p06-jig1-test-31.txt,legacy-root,P06,JIG1,2,1,PRECONDITION,0.402464757476125,0.321273407235418,0.833944037367176,0.385245763312491,0.482604035094173
C:\learn\rd\jig\B0-B-v32-a0-p06-jig1-test-31.txt,legacy-root,P06,JIG1,3,2,OFFICIAL,0.432099460234935,0.319129210631719,0.827243007715324,0.385774443126559,0.522336793668774
C:\learn\rd\jig\B0-B-v32-a0-p06-jig1-test-31.txt,legacy-root,P06,JIG1,4,3,OFFICIAL,0.430404449770911,0.322563254932453,0.825693172429586,0.390657529580046,0.521264392321974
C:\learn\rd\jig\B0-B-v32-a0-p06-jig1-test-31.txt,legacy-root,P06,JIG1,5,4,OFFICIAL,0.419810371618091,0.316279356372153,0.824814538896766,0.383455118038043,0.508975474874158
C:\learn\rd\jig\B0-B-v32-a0-p06-jig1-test-31.txt,legacy-root,P06,JIG1,6,5,OFFICIAL,0.428902575546268,0.321624292223336,0.824445173727761,0.390109982412899,0.520231774305826
C:\learn\rd\jig\B0-B-v32-a0-p06-jig1-test-31.txt,legacy-root,P06,JIG1,7,6,OFFICIAL,0.426697704901169,0.31862745827928,0.822917841928037,0.387192307719029,0.518517989476868
C:\learn\rd\jig\B0-B-v32-a0-p06-jig1-test-31.txt,legacy-root,P06,JIG1,8,7,OFFICIAL,0.425077714426529,0.322361177909284,0.821535025733641,0.392388842607668,0.517418857518497
C:\learn\rd\jig\B0-B-v32-a0-p06-jig1-test-31.txt,legacy-root,P06,JIG1,9,8,OFFICIAL,0.42916360779465,0.322515174752775,0.820445522898778,0.393097610689948,0.52308604997726
C:\learn\rd\jig\B0-B-v32-a0-p06-jig1-test-31.txt,legacy-root,P06,JIG1,10,9,OFFICIAL,0.428578844534457,0.321574961128423,0.821690937469766,0.391357560932398,0.521581564297375
C:\learn\rd\jig\B0-B-v32-a0-p06-jig1-test-31.txt,legacy-root,P06,JIG1,11,10,OFFICIAL,0.432727158420987,0.319603475990267,0.820064573157535,0.389729646239542,0.527674493674122
C:\learn\rd\jig\B0-B-v32-a0-p06-jig1-test-31.txt,legacy-root,P06,JIG1,12,11,OFFICIAL,0.433931408324408,0.318322087104264,0.818980067979839,0.388681116366437,0.529843674211483
C:\learn\rd\jig\B0-B-v32-a0-p06-jig1-test-33.txt,legacy-root,P06,JIG1,1,1,PRECONDITION,0.328699511081677,0.0641262957375847,0.828397384658302,0.0774100654168959,0.396789653334383
C:\learn\rd\jig\B0-B-v32-a0-p06-jig1-test-33.txt,legacy-root,P06,JIG1,2,2,OFFICIAL,0.317764055284444,0.0676561665043217,0.826256939834894,0.0818827210308709,0.384582615848214
C:\learn\rd\jig\B0-B-v32-a0-p06-jig1-test-33.txt,legacy-root,P06,JIG1,3,3,OFFICIAL,0.322303320251356,0.0644573976695539,0.823309624190099,0.0782905917478634,0.391472795630696
C:\learn\rd\jig\B0-B-v32-a0-p06-jig1-test-33.txt,legacy-root,P06,JIG1,4,4,OFFICIAL,0.321352525550462,0.0582293633464761,0.826305016160861,0.0704695750450827,0.388903031284398
C:\learn\rd\jig\B0-B-v32-a0-p06-jig1-test-33.txt,legacy-root,P06,JIG1,5,5,OFFICIAL,0.322397999011225,0.0612926230336485,0.823131666044261,0.074462720318128,0.391672453279047
C:\learn\rd\jig\B0-B-v32-a0-p06-jig1-test-33.txt,legacy-root,P06,JIG1,6,6,OFFICIAL,0.322373398299538,0.0605500202075761,0.826181575676532,0.0732889984359597,0.390196789411042
C:\learn\rd\jig\B0-B-v32-a0-p06-jig1-test-33.txt,legacy-root,P06,JIG1,7,7,OFFICIAL,0.322382096784077,0.0602516494807352,0.823560462347728,0.0731599587830814,0.391449215355799
C:\learn\rd\jig\B0-B-v32-a0-p06-jig1-test-33.txt,legacy-root,P06,JIG1,8,8,OFFICIAL,0.324767992220334,0.0588912687793723,0.823263263260521,0.0715339447385692,0.394488624372835
C:\learn\rd\jig\B0-B-v32-a0-p06-jig1-test-33.txt,legacy-root,P06,JIG1,9,9,OFFICIAL,0.326578611501946,0.0600958628327869,0.823302959695835,0.0729936193293767,0.396668817542693
C:\learn\rd\jig\B0-B-v32-a0-p06-jig1-test-33.txt,legacy-root,P06,JIG1,10,10,OFFICIAL,0.341160419136422,0.068480295679198,0.824749252970166,0.0830316552971466,0.413653504877758
C:\learn\rd\jig\B0-B-v32-a0-p06-jig1-test-33.txt,legacy-root,P06,JIG1,11,11,OFFICIAL,0.340788791061106,0.070220289799734,0.825193734000397,0.0850955198839406,0.412980342699672
C:\learn\rd\jig\B0-B-v32-a0-p06-jig4-test-31.txt,legacy-root,P06,JIG4,1,1,PRECONDITION,0.561859948738648,0.171792891868544,0.832623922438187,0.20632711508634,0.674806396498126
C:\learn\rd\jig\B0-B-v32-a0-p06-jig4-test-31.txt,legacy-root,P06,JIG4,2,2,OFFICIAL,0.566950813239598,0.188703071984664,0.830621867044266,0.227182884862105,0.682561868082126
C:\learn\rd\jig\B0-B-v32-a0-p06-jig4-test-31.txt,legacy-root,P06,JIG4,3,3,OFFICIAL,0.553862037780756,0.190608158915306,0.827491950376914,0.230344426708303,0.669326194083795
C:\learn\rd\jig\B0-B-v32-a0-p06-jig4-test-31.txt,legacy-root,P06,JIG4,4,4,OFFICIAL,0.562481547692162,0.183460288830281,0.82886802211241,0.221338360192402,0.678614125151856
C:\learn\rd\jig\B0-B-v32-a0-p06-jig4-test-31.txt,legacy-root,P06,JIG4,5,5,OFFICIAL,0.574133355585043,0.178634905217099,0.826158338789385,0.216223569780658,0.69494348556277
C:\learn\rd\jig\B0-B-v32-a0-p06-jig4-test-31.txt,legacy-root,P06,JIG4,6,6,OFFICIAL,0.559314198182193,0.188036656242592,0.826424868375365,0.227530249195242,0.676787714873254
C:\learn\rd\jig\B0-B-v32-a0-p06-jig4-test-31.txt,legacy-root,P06,JIG4,7,7,OFFICIAL,0.565000168479846,0.187527303123511,0.825000573802488,0.227305663872673,0.684848212742106
C:\learn\rd\jig\B0-B-v32-a0-p06-jig4-test-31.txt,legacy-root,P06,JIG4,8,8,OFFICIAL,0.561599703128441,0.187072126857113,0.824872059354397,0.226789263541705,0.680832496093986
C:\learn\rd\jig\B0-B-v32-a0-p06-jig4-test-31.txt,legacy-root,P06,JIG4,9,9,OFFICIAL,0.565101956197408,0.184973010895667,0.82681503328122,0.223717522601881,0.683468410044261
C:\learn\rd\jig\B0-B-v32-a0-p06-jig4-test-31.txt,legacy-root,P06,JIG4,10,10,OFFICIAL,0.561725513406906,0.193645395073691,0.825337336232829,0.234625754309827,0.680601117563453
C:\learn\rd\jig\B0-B-v32-a0-p06-jig4-test-31.txt,legacy-root,P06,JIG4,11,11,OFFICIAL,0.557586803959741,0.18411187005783,0.824694095952986,0.223248682100819,0.676113490682159
C:\learn\rd\jig\B0-B-v32-a0-p06-jig4-test-33.txt,legacy-root,P06,JIG4,1,1,PRECONDITION,0.261576895257282,0.278252844324425,0.844132372236588,0.329631765675773,0.309876630562355
C:\learn\rd\jig\B0-B-v32-a0-p06-jig4-test-33.txt,legacy-root,P06,JIG4,2,2,OFFICIAL,0.276861320865662,0.252173919830806,0.844233334508023,0.298701685331769,0.327944076061629
C:\learn\rd\jig\B0-B-v32-a0-p06-jig4-test-33.txt,legacy-root,P06,JIG4,3,3,OFFICIAL,0.283011072823738,0.247992476740455,0.843203058168226,0.29410765809981,0.335638100552613
C:\learn\rd\jig\B0-B-v32-a0-p06-jig4-test-33.txt,legacy-root,P06,JIG4,4,4,OFFICIAL,0.280324490980724,0.253350794099118,0.841012600003414,0.30124494460379,0.333317825416155
C:\learn\rd\jig\B0-B-v32-a0-p06-jig4-test-33.txt,legacy-root,P06,JIG4,5,5,OFFICIAL,0.282271128785866,0.251600227049704,0.841713825193273,0.298914214688029,0.335352848363933
C:\learn\rd\jig\B0-B-v32-a0-p06-jig4-test-33.txt,legacy-root,P06,JIG4,6,6,OFFICIAL,0.282027337226587,0.250225654611941,0.840906985636158,0.297566388299939,0.335384700144011
C:\learn\rd\jig\B0-B-v32-a0-p06-jig4-test-33.txt,legacy-root,P06,JIG4,7,7,OFFICIAL,0.282727194659402,0.247794315155562,0.839860174894608,0.295042344622017,0.336636029556801
C:\learn\rd\jig\B0-B-v32-a0-p06-jig4-test-33.txt,legacy-root,P06,JIG4,8,8,OFFICIAL,0.280695908827841,0.251574694067536,0.838420695400456,0.30005782949737,0.334791245454374
C:\learn\rd\jig\B0-B-v32-a0-p06-jig4-test-33.txt,legacy-root,P06,JIG4,9,9,OFFICIAL,0.281947335170753,0.251632785427036,0.837510836131485,0.300453169763562,0.336649178741478
C:\learn\rd\jig\B0-B-v32-a0-p06-jig4-test-33.txt,legacy-root,P06,JIG4,10,10,OFFICIAL,0.282777825087473,0.251757724446127,0.839410104192525,0.299922199159499,0.336876842052661
C:\learn\rd\jig\B0-B-v32-a0-p06-jig4-test-33.txt,legacy-root,P06,JIG4,11,11,OFFICIAL,0.284441685964586,0.250753946361874,0.838243196941375,0.299142238525571,0.339330741964232
C:\learn\rd\jig\B0-B-v32-a0-p06-jig5-test-31.txt,legacy-root,P06,JIG5,1,1,PRECONDITION,0.433079341044217,0.133790413085634,0.817060669203896,0.163745996017643,0.530045512368363
C:\learn\rd\jig\B0-B-v32-a0-p06-jig5-test-31.txt,legacy-root,P06,JIG5,2,2,OFFICIAL,0.426106714690568,0.129991915571798,0.819197130812574,0.158682093335529,0.520151619998847
C:\learn\rd\jig\B0-B-v32-a0-p06-jig5-test-31.txt,legacy-root,P06,JIG5,3,3,OFFICIAL,0.422162661069308,0.129678882747603,0.818585948288067,0.158418163686788,0.515721851752023
C:\learn\rd\jig\B0-B-v32-a0-p06-jig5-test-31.txt,legacy-root,P06,JIG5,4,4,OFFICIAL,0.41453117382267,0.14146843588074,0.820620371381484,0.172392059488583,0.505143655067716
C:\learn\rd\jig\B0-B-v32-a0-p06-jig5-test-31.txt,legacy-root,P06,JIG5,5,5,OFFICIAL,0.425783893549882,0.132264535348905,0.817973863810986,0.161697752459568,0.520534839054797
C:\learn\rd\jig\B0-B-v32-a0-p06-jig5-test-31.txt,legacy-root,P06,JIG5,6,6,OFFICIAL,0.418335418316655,0.137658310234854,0.818705737767407,0.168141377157371,0.510971645877854
C:\learn\rd\jig\B0-B-v32-a0-p06-jig5-test-31.txt,legacy-root,P06,JIG5,7,7,OFFICIAL,0.422870360724472,0.132999560192458,0.817846647900993,0.162621636383547,0.517053364233711
C:\learn\rd\jig\B0-B-v32-a0-p06-jig5-test-31.txt,legacy-root,P06,JIG5,8,8,OFFICIAL,0.418565107959125,0.126664886919652,0.817121904220275,0.155013451806214,0.512243162002288
C:\learn\rd\jig\B0-B-v32-a0-p06-jig5-test-31.txt,legacy-root,P06,JIG5,9,9,OFFICIAL,0.425953149935742,0.129523859822908,0.818330649889615,0.15827814813044,0.52051472102774
C:\learn\rd\jig\B0-B-v32-a0-p06-jig5-test-31.txt,legacy-root,P06,JIG5,10,10,OFFICIAL,0.422904838132608,0.13202905266584,0.815282917034495,0.161942621275669,0.518721574187865
C:\learn\rd\jig\B0-B-v32-a0-p06-jig5-test-31.txt,legacy-root,P06,JIG5,11,11,OFFICIAL,0.411497296409081,0.13945392251249,0.819070812329403,0.170258688764514,0.502395263284746
C:\learn\rd\jig\B0-B-v32-a0-p07-jig1-test-33.txt,legacy-root,P07,JIG1,1,1,PRECONDITION,0.0320251736687976,0.126059965489101,0.869328492324949,0.145008436513985,0.0368389785352013
C:\learn\rd\jig\B0-B-v32-a0-p07-jig1-test-33.txt,legacy-root,P07,JIG1,2,2,OFFICIAL,0.0388424606650065,0.141654263060594,0.867467929393677,0.163296253683527,0.0447768261498217
C:\learn\rd\jig\B0-B-v32-a0-p07-jig1-test-33.txt,legacy-root,P07,JIG1,3,3,OFFICIAL,0.0185054440548019,0.168215314060475,0.865441755675359,0.194369306723832,0.0213826568147974
C:\learn\rd\jig\B0-B-v32-a0-p07-jig1-test-33.txt,legacy-root,P07,JIG1,4,4,OFFICIAL,0.0137292247679124,0.198008365603701,0.864315647251979,0.229092654093736,0.0158845033195492
C:\learn\rd\jig\B0-B-v32-a0-p07-jig1-test-33.txt,legacy-root,P07,JIG1,5,5,OFFICIAL,0.00777259778680137,0.203517858227151,0.864347929475823,0.235458258516999,0.00899244103183657
C:\learn\rd\jig\B0-B-v32-a0-p07-jig1-test-33.txt,legacy-root,P07,JIG1,6,6,OFFICIAL,0.0532080116698644,0.236124026596247,0.863540363997225,0.273437162222803,0.0616161257634453
C:\learn\rd\jig\B0-B-v32-a0-p07-jig1-test-33.txt,legacy-root,P07,JIG1,7,7,OFFICIAL,0.0115641715503196,0.207394851599647,0.862404579012391,0.240484404474234,0.0134092186332808
C:\learn\rd\jig\B0-B-v32-a0-p07-jig1-test-33.txt,legacy-root,P07,JIG1,8,8,OFFICIAL,0.00848821343575115,0.210357452578949,0.86621450656911,0.242846836417148,0.0097992048983007
C:\learn\rd\jig\B0-B-v32-a0-p07-jig1-test-33.txt,legacy-root,P07,JIG1,9,9,OFFICIAL,0.0232437342705981,0.207159054460569,0.861930222062074,0.240343184585133,0.0269670718993819
C:\learn\rd\jig\B0-B-v32-a0-p07-jig1-test-33.txt,legacy-root,P07,JIG1,10,10,OFFICIAL,0.0187937826211013,0.207554371930066,0.862381875592431,0.240675712006914,0.0217928775557702
C:\learn\rd\jig\B0-B-v32-a0-p07-jig1-test-33.txt,legacy-root,P07,JIG1,11,11,OFFICIAL,0.0239526406893973,0.202008777067391,0.862767145297589,0.234140553645809,0.0277625786053031
C:\learn\rd\jig\B0-B-v32-a0-p07-jig4-test-31.txt,legacy-root,P07,JIG4,1,1,PRECONDITION,0.462309903087939,0.131136799333043,0.87983030922121,0.149047831108614,0.525453486021819
C:\learn\rd\jig\B0-B-v32-a0-p07-jig4-test-31.txt,legacy-root,P07,JIG4,2,2,OFFICIAL,0.47590070216263,0.1348928937104,0.872413804771215,0.154620310880769,0.545498821270294
C:\learn\rd\jig\B0-B-v32-a0-p07-jig4-test-31.txt,legacy-root,P07,JIG4,3,3,OFFICIAL,0.471617425396807,0.137213993526856,0.871644617331913,0.157419653375323,0.541066182270957
C:\learn\rd\jig\B0-B-v32-a0-p07-jig4-test-31.txt,legacy-root,P07,JIG4,4,4,OFFICIAL,0.46910362890555,0.14675978378515,0.868847085299903,0.168913248681144,0.539915063124863
C:\learn\rd\jig\B0-B-v32-a0-p07-jig4-test-31.txt,legacy-root,P07,JIG4,5,5,OFFICIAL,0.470984274137084,0.14860837956116,0.869216387456554,0.170968221153778,0.54184928049418
C:\learn\rd\jig\B0-B-v32-a0-p07-jig4-test-31.txt,legacy-root,P07,JIG4,6,6,OFFICIAL,0.450489484574885,0.155134907829093,0.870758968651823,0.178160562697717,0.517352678287504
C:\learn\rd\jig\B0-B-v32-a0-p07-jig4-test-31.txt,legacy-root,P07,JIG4,7,7,OFFICIAL,0.472478991259202,0.148940031272177,0.867187407679356,0.171750684976791,0.544840696572824
C:\learn\rd\jig\B0-B-v32-a0-p07-jig4-test-31.txt,legacy-root,P07,JIG4,8,8,OFFICIAL,0.46179838486185,0.160431230714872,0.866558129534945,0.185136144070301,0.532911029418976
C:\learn\rd\jig\B0-B-v32-a0-p07-jig4-test-31.txt,legacy-root,P07,JIG4,9,9,OFFICIAL,0.47732477068535,0.1567933107959,0.86588822405546,0.1810780034189,0.551254489233911
C:\learn\rd\jig\B0-B-v32-a0-p07-jig4-test-31.txt,legacy-root,P07,JIG4,10,10,OFFICIAL,0.485959808223574,0.17247320989627,0.867740324050464,0.198761317315754,0.560029071779443
C:\learn\rd\jig\B0-B-v32-a0-p07-jig4-test-31.txt,legacy-root,P07,JIG4,11,11,OFFICIAL,0.485726504173031,0.171152755092619,0.866749764092624,0.197465014913265,0.560399926594181
C:\learn\rd\jig\B0-B-v32-a0-p07-jig4-test-33.txt,legacy-root,P07,JIG4,1,1,PRECONDITION,0.284352170620098,0.209149420623416,0.872857268554788,0.239614686338936,0.325771670654593
C:\learn\rd\jig\B0-B-v32-a0-p07-jig4-test-33.txt,legacy-root,P07,JIG4,2,2,OFFICIAL,0.306047480447955,0.209735085248656,0.879714854607766,0.238412576700401,0.347893955461751
C:\learn\rd\jig\B0-B-v32-a0-p07-jig4-test-33.txt,legacy-root,P07,JIG4,3,3,OFFICIAL,0.291454236747624,0.212105967653924,0.877418823881443,0.241738565301836,0.332172309067084
C:\learn\rd\jig\B0-B-v32-a0-p07-jig4-test-33.txt,legacy-root,P07,JIG4,4,4,OFFICIAL,0.320304819357096,0.21236784049342,0.876885213141537,0.242184310227549,0.365275653593894
C:\learn\rd\jig\B0-B-v32-a0-p07-jig4-test-33.txt,legacy-root,P07,JIG4,5,5,OFFICIAL,0.326493832700014,0.214521634196585,0.875725648991208,0.244964429720317,0.372826618788794
C:\learn\rd\jig\B0-B-v32-a0-p07-jig4-test-33.txt,legacy-root,P07,JIG4,6,6,OFFICIAL,0.314389183868914,0.207772920818977,0.873231966234917,0.237935541589051,0.360029403440708
C:\learn\rd\jig\B0-B-v32-a0-p07-jig4-test-33.txt,legacy-root,P07,JIG4,7,7,OFFICIAL,0.31447267583982,0.22120532433418,0.870840615417168,0.254013559333373,0.361113928625361
C:\learn\rd\jig\B0-B-v32-a0-p07-jig4-test-33.txt,legacy-root,P07,JIG4,8,8,OFFICIAL,0.318632906254551,0.229608356883699,0.871732075864488,0.263393264101242,0.365517015005517
C:\learn\rd\jig\B0-B-v32-a0-p07-jig4-test-33.txt,legacy-root,P07,JIG4,9,9,OFFICIAL,0.321146419677053,0.228302451654677,0.871491983160435,0.261967357205911,0.368501863336054
C:\learn\rd\jig\B0-B-v32-a0-p07-jig4-test-33.txt,legacy-root,P07,JIG4,10,10,OFFICIAL,0.315047507633366,0.232826304165094,0.872329159026819,0.2669018933459,0.361156685378759
C:\learn\rd\jig\B0-B-v32-a0-p07-jig4-test-33.txt,legacy-root,P07,JIG4,11,11,OFFICIAL,0.320023971477256,0.224112446532501,0.87235144046136,0.256906146006907,0.366852115596903
C:\learn\rd\jig\B0-B-v32-a0-p07-jig5-test-31.txt,legacy-root,P07,JIG5,1,1,PRECONDITION,0.27838708475772,0.0953076283413958,0.867384986977705,0.109879269035407,0.320949853798745
C:\learn\rd\jig\B0-B-v32-a0-p07-jig5-test-31.txt,legacy-root,P07,JIG5,2,2,OFFICIAL,0.275464515504113,0.139508504591144,0.858317058974074,0.162537261880703,0.320935617699791
C:\learn\rd\jig\B0-B-v32-a0-p07-jig5-test-31.txt,legacy-root,P07,JIG5,3,3,OFFICIAL,0.276494335884533,0.136085057409606,0.857007010830918,0.158791066688782,0.322627857637309
C:\learn\rd\jig\B0-B-v32-a0-p07-jig5-test-31.txt,legacy-root,P07,JIG5,4,4,OFFICIAL,0.268929399970488,0.115842711039496,0.855719696405333,0.135374599329807,0.314272770745133
C:\learn\rd\jig\B0-B-v32-a0-p07-jig5-test-31.txt,legacy-root,P07,JIG5,5,5,OFFICIAL,0.282924481544792,0.120539092038775,0.855216431041936,0.140945715801927,0.330822083481366
C:\learn\rd\jig\B0-B-v32-a0-p07-jig5-test-31.txt,legacy-root,P07,JIG5,6,6,OFFICIAL,0.291613107544353,0.121993735450768,0.855699112099536,0.142566158741763,0.340789307153601
C:\learn\rd\jig\B0-B-v32-a0-p07-jig5-test-31.txt,legacy-root,P07,JIG5,7,7,OFFICIAL,0.281146529924752,0.142911779765275,0.854057384696104,0.167332760451603,0.329189273417256
C:\learn\rd\jig\B0-B-v32-a0-p07-jig5-test-31.txt,legacy-root,P07,JIG5,8,8,OFFICIAL,0.283045438573378,0.144564818328989,0.855386739359222,0.169005213287833,0.330897622735431
C:\learn\rd\jig\B0-B-v32-a0-p07-jig5-test-31.txt,legacy-root,P07,JIG5,9,9,OFFICIAL,0.280664934168371,0.140595080494101,0.855038079021556,0.164431367378383,0.328248461740493
C:\learn\rd\jig\B0-B-v32-a0-p07-jig5-test-31.txt,legacy-root,P07,JIG5,10,10,OFFICIAL,0.274763967792195,0.140033431765152,0.853662676719664,0.164038367359872,0.321864801267896
C:\learn\rd\jig\B0-B-v32-a0-p07-jig5-test-31.txt,legacy-root,P07,JIG5,11,11,OFFICIAL,0.279694642253756,0.142433827112036,0.853199160252098,0.16694088994409,0.327818703163179
C:\learn\rd\jig\B0-B-v32-v2-old p02 jig 1 test 29.txt,legacy-root,P02,JIG1,1,1,PRECONDITION,0.370056171468444,0.144943468335036,0.921545937952657,0.157282955049477,0.401560200341804
C:\learn\rd\jig\B0-B-v32-v2-old p02 jig 1 test 29.txt,legacy-root,P02,JIG1,2,2,OFFICIAL,0.38300035859034,0.160795956198133,0.921296594968938,0.174532237583657,0.415718847417701
C:\learn\rd\jig\B0-B-v32-v2-old p02 jig 1 test 29.txt,legacy-root,P02,JIG1,3,3,OFFICIAL,0.359754934136862,0.150469600853424,0.915550339378677,0.16434880135104,0.392938453150488
C:\learn\rd\jig\B0-B-v32-v2-old p02 jig 1 test 29.txt,legacy-root,P02,JIG1,4,4,OFFICIAL,0.3800146244176,0.165186710669491,0.913236217357124,0.180880595326734,0.41611865275925
C:\learn\rd\jig\B0-B-v32-v2-old p02 jig 1 test 29.txt,legacy-root,P02,JIG1,5,5,OFFICIAL,0.359237426319543,0.143819009092174,0.910149724768203,0.158016868190343,0.394701461246976
C:\learn\rd\jig\B0-B-v32-v2-old p02 jig 1 test 29.txt,legacy-root,P02,JIG1,6,6,OFFICIAL,0.371415948427515,0.145132984282556,0.907565444496864,0.159914621212815,0.409244259661539
C:\learn\rd\jig\B0-B-v32-v2-old p02 jig 1 test 29.txt,legacy-root,P02,JIG1,7,7,OFFICIAL,0.364678338538511,0.140327785654474,0.907779109473119,0.15458362523447,0.40172585459713
C:\learn\rd\jig\B0-B-v32-v2-old p02 jig 1 test 29.txt,legacy-root,P02,JIG1,8,8,OFFICIAL,0.358264023175629,0.144539203442951,0.906805374493689,0.159393853971866,0.395083700706631
C:\learn\rd\jig\B0-B-v32-v2-old p02 jig 1 test 29.txt,legacy-root,P02,JIG1,9,9,OFFICIAL,0.362982864032527,0.145718449348991,0.904047784153698,0.161184454962634,0.401508493682471
C:\learn\rd\jig\B0-B-v32-v2-old p02 jig 1 test 29.txt,legacy-root,P02,JIG1,10,10,OFFICIAL,0.35865887523969,0.140969570027565,0.904710113060265,0.155817391662311,0.396435134373035
C:\learn\rd\jig\B0-B-v32-v2-old p02 jig 1 test 29.txt,legacy-root,P02,JIG1,11,11,OFFICIAL,0.369044908695308,0.138019568248634,0.904756359898226,0.152548878754673,0.407894240983088
C:\learn\rd\jig\B0-B-v32-v2-old p03 jig 1 test 29.txt,legacy-root,P03,JIG1,1,1,PRECONDITION,0.362490943796197,0.326639378903169,0.923720087462704,0.353612943289336,0.392425095779714
C:\learn\rd\jig\B0-B-v32-v2-old p03 jig 1 test 29.txt,legacy-root,P03,JIG1,2,2,OFFICIAL,0.215381492401277,0.18556965557418,0.905825407501199,0.20486249782515,0.23777373720994
C:\learn\rd\jig\B0-B-v32-v2-old p03 jig 1 test 29.txt,legacy-root,P03,JIG1,3,3,OFFICIAL,0.212739004669783,0.185692064589361,0.904708816881446,0.205250641006734,0.235146381576229
C:\learn\rd\jig\B0-B-v32-v2-old p03 jig 1 test 29.txt,legacy-root,P03,JIG1,4,4,OFFICIAL,0.215790666020247,0.186144016695814,0.904205624889937,0.205864696670597,0.238652204852755
C:\learn\rd\jig\B0-B-v32-v2-old p03 jig 1 test 29.txt,legacy-root,P03,JIG1,5,5,OFFICIAL,0.211226358417295,0.184849957755817,0.904937946310898,0.204268103143848,0.233415295798334
C:\learn\rd\jig\B0-B-v32-v2-old p03 jig 1 test 29.txt,legacy-root,P03,JIG1,6,6,OFFICIAL,0.21417244272539,0.184126507251989,0.902513565851397,0.204015223946568,0.237306618791206
C:\learn\rd\jig\B0-B-v32-v2-old p03 jig 1 test 29.txt,legacy-root,P03,JIG1,7,7,OFFICIAL,0.216667425249664,0.183723889628338,0.901088471244636,0.203891066739061,0.240450779433888
C:\learn\rd\jig\B0-B-v32-v2-old p03 jig 1 test 29.txt,legacy-root,P03,JIG1,8,8,OFFICIAL,0.213091419107035,0.183928425401666,0.901773065203348,0.203963095038984,0.236302709993876
C:\learn\rd\jig\B0-B-v32-v2-old p03 jig 1 test 29.txt,legacy-root,P03,JIG1,9,9,OFFICIAL,0.216581518390829,0.186723661399063,0.901595323544527,0.207103626785661,0.240220321395814
C:\learn\rd\jig\B0-B-v32-v2-old p03 jig 1 test 29.txt,legacy-root,P03,JIG1,10,10,OFFICIAL,0.213382498410808,0.183729105623048,0.899454755309314,0.20426720136675,0.237235388607654
C:\learn\rd\jig\B0-B-v32-v2-old p03 jig 1 test 29.txt,legacy-root,P03,JIG1,11,11,OFFICIAL,0.216053318716906,0.182431795128398,0.898564498314563,0.203025821152054,0.240442749654763
C:\learn\rd\jig\B0-B-v32-v2-old p04-jig-1-test 29.txt,legacy-root,P04,JIG1,1,1,PRECONDITION,0.392968697529088,0.268734653839206,0.858768025145293,0.312930437522681,0.457595865265946
C:\learn\rd\jig\B0-B-v32-v2-old p04-jig-1-test 29.txt,legacy-root,P04,JIG1,2,2,OFFICIAL,0.394933856924716,0.273013840709386,0.856796774036129,0.318644804675552,0.460942278137082
C:\learn\rd\jig\B0-B-v32-v2-old p04-jig-1-test 29.txt,legacy-root,P04,JIG1,3,3,OFFICIAL,0.391986432049512,0.270395940759577,0.857360206070825,0.315381958300547,0.457201569741541
C:\learn\rd\jig\B0-B-v32-v2-old p04-jig-1-test 29.txt,legacy-root,P04,JIG1,4,4,OFFICIAL,0.39534048815035,0.276009630569049,0.85349700853013,0.323386758020846,0.463200789457007
C:\learn\rd\jig\B0-B-v32-v2-old p04-jig-1-test 29.txt,legacy-root,P04,JIG1,5,5,OFFICIAL,0.401457270872796,0.273848335556785,0.855150627878874,0.320234034366602,0.469457961889796
C:\learn\rd\jig\B0-B-v32-v2-old p04-jig-1-test 29.txt,legacy-root,P04,JIG1,6,6,OFFICIAL,0.389669278763829,0.265542500486915,0.854452914712349,0.310774878187769,0.456045350251992
C:\learn\rd\jig\B0-B-v32-v2-old p04-jig-1-test 29.txt,legacy-root,P04,JIG1,7,7,OFFICIAL,0.387425391631883,0.26677844502735,0.855302990704922,0.311911039627579,0.452968592232531
C:\learn\rd\jig\B0-B-v32-v2-old p04-jig-1-test 29.txt,legacy-root,P04,JIG1,8,8,OFFICIAL,0.387402366994855,0.269965941374568,0.855336316356286,0.315625486971741,0.452924024838768
C:\learn\rd\jig\B0-B-v32-v2-old p04-jig-1-test 29.txt,legacy-root,P04,JIG1,9,9,OFFICIAL,0.380813302293908,0.269248972640357,0.855158754780057,0.314852617873983,0.445312990325231
C:\learn\rd\jig\B0-B-v32-v2-old p04-jig-1-test 29.txt,legacy-root,P04,JIG1,10,10,OFFICIAL,0.374995335202147,0.259199456382258,0.855506056693396,0.302977932598264,0.438331595981373
C:\learn\rd\jig\B0-B-v32-v2-old p04-jig-1-test 29.txt,legacy-root,P04,JIG1,11,11,OFFICIAL,0.381996278999735,0.255523271289664,0.855221913495136,0.298780079482981,0.446663343129955
C:\learn\rd\jig\B0-B-v32-v2-old p05-jig-1-test 29.txt,legacy-root,P05,JIG1,1,1,PRECONDITION,0.483904444936351,0.238493918353679,0.866026950602487,0.275388564048452,0.558763725077727
C:\learn\rd\jig\B0-B-v32-v2-old p05-jig-1-test 29.txt,legacy-root,P05,JIG1,2,2,OFFICIAL,0.494801221609508,0.238791217109518,0.854384126681502,0.279489294864364,0.579132039275304
C:\learn\rd\jig\B0-B-v32-v2-old p05-jig-1-test 29.txt,legacy-root,P05,JIG1,3,3,OFFICIAL,0.499487493567127,0.237646655581515,0.856521774950727,0.277455474608554,0.583157963025354
C:\learn\rd\jig\B0-B-v32-v2-old p05-jig-1-test 29.txt,legacy-root,P05,JIG1,4,4,OFFICIAL,0.505686305621713,0.243777355355867,0.855428188540747,0.284976995873518,0.591149920467725
C:\learn\rd\jig\B0-B-v32-v2-old p05-jig-1-test 29.txt,legacy-root,P05,JIG1,5,5,OFFICIAL,0.504370161647685,0.242639139872031,0.853897170680494,0.284154987512917,0.590668500805242
C:\learn\rd\jig\B0-B-v32-v2-old p05-jig-1-test 29.txt,legacy-root,P05,JIG1,6,6,OFFICIAL,0.5019261063747,0.24435249612898,0.85416199801499,0.286072778579283,0.587624019262317
C:\learn\rd\jig\B0-B-v32-v2-old p05-jig-1-test 29.txt,legacy-root,P05,JIG1,7,7,OFFICIAL,0.498772819754482,0.244484130634606,0.855039822393189,0.285933034031461,0.583332853852884
C:\learn\rd\jig\B0-B-v32-v2-old p05-jig-1-test 29.txt,legacy-root,P05,JIG1,8,8,OFFICIAL,0.491798891659555,0.241193794781939,0.854959516110505,0.28211136344702,0.575230618985226
C:\learn\rd\jig\B0-B-v32-v2-old p05-jig-1-test 29.txt,legacy-root,P05,JIG1,9,9,OFFICIAL,0.486208416451796,0.243739012647962,0.851712264608467,0.286175299776867,0.570859944907927
C:\learn\rd\jig\B0-B-v32-v2-old p05-jig-1-test 29.txt,legacy-root,P05,JIG1,10,10,OFFICIAL,0.489886785485665,0.244763751027258,0.854908241405091,0.286304119170702,0.573028497983021
C:\learn\rd\jig\B0-B-v32-v2-old p05-jig-1-test 29.txt,legacy-root,P05,JIG1,11,11,OFFICIAL,0.481644277420658,0.245585010406492,0.854058581480081,0.287550544812621,0.563947588449928
C:\learn\rd\jig\B0-B-v32-v2-old p06-jig-1-test 29.txt,legacy-root,P06,JIG1,1,1,PRECONDITION,0.565852789969639,0.433894771113341,0.845970148479591,0.51289607782633,0.668880327499275
C:\learn\rd\jig\B0-B-v32-v2-old p06-jig-1-test 29.txt,legacy-root,P06,JIG1,2,2,OFFICIAL,0.401164567020576,0.256193059481271,0.829168371950797,0.308975918700953,0.48381556821415
C:\learn\rd\jig\B0-B-v32-v2-old p06-jig-1-test 29.txt,legacy-root,P06,JIG1,3,3,OFFICIAL,0.40447725019039,0.256096781185573,0.827270757208661,0.309568274901537,0.488929708521499
C:\learn\rd\jig\B0-B-v32-v2-old p06-jig-1-test 29.txt,legacy-root,P06,JIG1,4,4,OFFICIAL,0.40290765921333,0.255215742959875,0.825932855016417,0.309003015692846,0.487821324416646
C:\learn\rd\jig\B0-B-v32-v2-old p06-jig-1-test 29.txt,legacy-root,P06,JIG1,5,5,OFFICIAL,0.404450480524594,0.256890104685176,0.824655110201348,0.311512172188508,0.49044803763581
C:\learn\rd\jig\B0-B-v32-v2-old p06-jig-1-test 29.txt,legacy-root,P06,JIG1,6,6,OFFICIAL,0.406909862378224,0.25818865541216,0.823714487574508,0.313444353968347,0.493993815231298
C:\learn\rd\jig\B0-B-v32-v2-old p06-jig-1-test 29.txt,legacy-root,P06,JIG1,7,7,OFFICIAL,0.404944780586227,0.258506380664412,0.822578248435844,0.314263574506097,0.492287246053785
C:\learn\rd\jig\B0-B-v32-v2-old p06-jig-1-test 29.txt,legacy-root,P06,JIG1,8,8,OFFICIAL,0.404290325760182,0.258418540222069,0.824438364276751,0.31344798036997,0.490382717833431
C:\learn\rd\jig\B0-B-v32-v2-old p06-jig-1-test 29.txt,legacy-root,P06,JIG1,9,9,OFFICIAL,0.401218516642254,0.255104822000202,0.823509114338732,0.309777776054183,0.487205921168738
C:\learn\rd\jig\B0-B-v32-v2-old p06-jig-1-test 29.txt,legacy-root,P06,JIG1,10,10,OFFICIAL,0.403531997429815,0.255515348275189,0.823409690265224,0.310313749395985,0.490074384842174
C:\learn\rd\jig\B0-B-v32-v2-old p06-jig-1-test 29.txt,legacy-root,P06,JIG1,11,11,OFFICIAL,0.402326027822621,0.258772840664208,0.822725607039989,0.314531161361591,0.489016051499982
C:\learn\rd\jig\H2-p06-jig1-remount01.txt,legacy-root,P06,JIG1,1,1,PRECONDITION,0.332528607809081,0.39796690513398,0.826839048897673,0.48131121245972,0.402168485211726
C:\learn\rd\jig\H2-p06-jig1-remount01.txt,legacy-root,P06,JIG1,2,2,OFFICIAL,0.337458198380521,0.400764464865163,0.823593196204994,0.486604875698138,0.409738934143074
C:\learn\rd\jig\H2-p06-jig1-remount01.txt,legacy-root,P06,JIG1,3,3,OFFICIAL,0.341637475125045,0.402219681651863,0.822357875049065,0.4891054051472,0.41543649728491
C:\learn\rd\jig\H2-p06-jig1-remount01.txt,legacy-root,P06,JIG1,4,4,OFFICIAL,0.342728362625699,0.401096856901467,0.821726517701642,0.488114778166499,0.417083245146214
C:\learn\rd\jig\H2-p06-jig1-remount02.txt,legacy-root,P06,JIG1,1,1,PRECONDITION,0.326111144303454,0.619082269896158,0.818205567776003,0.756634144618339,0.39856871811551
C:\learn\rd\jig\H2-p06-jig1-remount02.txt,legacy-root,P06,JIG1,2,2,OFFICIAL,0.324860738152637,0.627719330613646,0.821630111071348,0.763992607080994,0.395385628855594
C:\learn\rd\jig\H2-p06-jig1-remount02.txt,legacy-root,P06,JIG1,3,3,OFFICIAL,0.326140448146919,0.625085965394975,0.820452080268541,0.761879920141562,0.397513097949816
C:\learn\rd\jig\H2-p06-jig1-remount02.txt,legacy-root,P06,JIG1,4,4,OFFICIAL,0.323948563568933,0.625933461138723,0.820326083089465,0.763030060901353,0.394902186151264
C:\learn\rd\jig\H2-p06-jig1-remount03.txt,legacy-root,P06,JIG1,1,1,PRECONDITION,0.396622525169,0.628105039246642,0.815043826820197,0.770639588422041,0.486627236619138
C:\learn\rd\jig\H2-p06-jig1-remount03.txt,legacy-root,P06,JIG1,2,2,OFFICIAL,0.373862039031664,0.609620647911322,0.817178212955741,0.746006976503104,0.457503679251802
C:\learn\rd\jig\H2-p06-jig1-remount03.txt,legacy-root,P06,JIG1,3,3,OFFICIAL,0.392646515035243,0.609404772322736,0.815830769405658,0.746974489288624,0.481284268453482
C:\learn\rd\jig\H2-p06-jig1-remount03.txt,legacy-root,P06,JIG1,4,4,OFFICIAL,0.386890817741278,0.608107369297265,0.815751726577357,0.745456429309315,0.474275205477716
C:\learn\rd\jig\H2-p06-jig1-remount03.txt,legacy-root,P06,JIG1,5,5,OFFICIAL,0.395599146559523,0.612516197253098,0.814390806012306,0.752115805742339,0.485760821019811
C:\learn\rd\jig\H2-p06-jig1-remount04-0-11N.txt,legacy-root,P06,JIG1,1,1,PRECONDITION,0.40689264552446,0.163729987671024,0.81370121910491,0.201216347999491,0.500051660205267
C:\learn\rd\jig\H2-p06-jig1-remount04-0-11N.txt,legacy-root,P06,JIG1,2,2,OFFICIAL,0.404669122553736,0.159120135795016,0.815886148738281,0.19502737733823,0.495987244273643
C:\learn\rd\jig\H2-p06-jig1-remount04-0-11N.txt,legacy-root,P06,JIG1,3,3,OFFICIAL,0.404287725249954,0.164589998525874,0.815818997258786,0.201748180759346,0.495560567489102
C:\learn\rd\jig\H2-p06-jig1-remount04-0-11N.txt,legacy-root,P06,JIG1,4,4,OFFICIAL,0.405781043000755,0.159927249529084,0.817319991185101,0.195672749050457,0.496477569834525
C:\learn\rd\jig\H2-p06-jig1-remount04-0-11N.txt,legacy-root,P06,JIG1,5,5,OFFICIAL,0.409017707901416,0.160234491302144,0.817498990120789,0.196005736078609,0.500328089507464
C:\learn\rd\jig\H2-p06-jig1-remount04-0-16N.txt,legacy-root,P06,JIG1,1,1,PRECONDITION,0.39341849144365,0.162626735672787,0.828453452405161,0.196301596910061,0.474883036942486
C:\learn\rd\jig\H2-p06-jig1-remount04-0-16N.txt,legacy-root,P06,JIG1,2,2,OFFICIAL,0.403138581437647,0.159536771104115,0.824619484842828,0.193467137311851,0.488878311569954
C:\learn\rd\jig\H2-p06-jig1-remount04-0-16N.txt,legacy-root,P06,JIG1,3,3,OFFICIAL,0.403290555321605,0.15882445461255,0.822912582251822,0.193002826834828,0.49007703129054
C:\learn\rd\jig\H2-p06-jig1-remount04-0-16N.txt,legacy-root,P06,JIG1,4,4,OFFICIAL,0.407714576319737,0.164009268573376,0.818608588019291,0.200351267960935,0.498058024661389
C:\learn\rd\jig\H2-p06-jig1-remount04-0-3N.txt,legacy-root,P06,JIG1,1,1,PRECONDITION,0.469806978333256,0.265481965436174,0.832931311532785,0.318732123237901,0.564040481884039
C:\learn\rd\jig\H2-p06-jig1-remount04-0-3N.txt,legacy-root,P06,JIG1,2,2,OFFICIAL,0.471647424371109,0.276658890493962,0.826516612104818,0.334728771862697,0.570644821245644
C:\learn\rd\jig\H2-p06-jig1-remount04-0-3N.txt,legacy-root,P06,JIG1,3,3,OFFICIAL,0.470957993521608,0.276089139004254,0.825143028499863,0.334595493712396,0.570759222649951
C:\learn\rd\jig\H2-p06-jig1-remount04-0-3N.txt,legacy-root,P06,JIG1,4,4,OFFICIAL,0.468411766710436,0.26780183012683,0.826117154370661,0.324169312681617,0.567004043230737
C:\learn\rd\jig\H2-p06-jig1-remount04-0-3N.txt,legacy-root,P06,JIG1,5,5,OFFICIAL,0.468716765723798,0.274953297982471,0.823612359467559,0.33383823691065,0.569098751780279
C:\learn\rd\jig\H2-p06-jig1-remount04-0-3N.txt,legacy-root,P06,JIG1,6,6,OFFICIAL,0.468744736174148,0.273018858443185,0.821474966442686,0.332352012655316,0.570613537018662
C:\learn\rd\jig\H2-p06-jig1-remount04-0-3N.txt,legacy-root,P06,JIG1,7,7,OFFICIAL,0.471310723906143,0.274094825588425,0.820903796075957,0.333893967720261,0.574136367938702
C:\learn\rd\jig\H2-p06-jig1-remount04-0-3N.txt,legacy-root,P06,JIG1,8,8,OFFICIAL,0.475789216642244,0.275672710698411,0.819836874066427,0.336253124760127,0.580346202632127
C:\learn\rd\jig\H2-p06-jig1-remount04-0-3N.txt,legacy-root,P06,JIG1,9,9,OFFICIAL,0.465487670921735,0.268024049671675,0.822722074701179,0.325777146272664,0.565789694035869
C:\learn\rd\jig\H2-p06-jig1-remount04-0-3N.txt,legacy-root,P06,JIG1,10,10,OFFICIAL,0.47236050730038,0.266772741380892,0.819203511982185,0.325648922983003,0.576609475412811
C:\learn\rd\jig\H2-p06-jig1-remount04-0-3N.txt,legacy-root,P06,JIG1,11,11,OFFICIAL,0.466383231612729,0.267061100199938,0.821996979765905,0.32489304313015,0.567378278866121
C:\learn\rd\jig\H2-p06-jig1-remount04-low.txt,legacy-root,P06,JIG1,1,1,PRECONDITION,0.395709714921504,0.164757787738343,0.810181051357879,0.203359221327389,0.488421340215606
C:\learn\rd\jig\H2-p06-jig1-remount04-low.txt,legacy-root,P06,JIG1,2,2,OFFICIAL,0.367289044025762,0.17338310603171,0.820670992987485,0.211269933399917,0.447547247513552
C:\learn\rd\jig\H2-p06-jig1-remount04-low.txt,legacy-root,P06,JIG1,3,3,OFFICIAL,0.388664531356912,0.180832624266602,0.817423796526426,0.221222608193002,0.475474940916217
C:\learn\rd\jig\H2-p06-jig1-remount04-low.txt,legacy-root,P06,JIG1,4,4,OFFICIAL,0.38648746771096,0.180888959697531,0.818301964110641,0.221054045610324,0.472304216122722
C:\learn\rd\jig\H2-p06-jig1-remount04-low1.txt,legacy-root,P06,JIG1,1,1,PRECONDITION,0.394397725570354,0.154901107751868,0.817802298054294,0.189411436138547,0.482265367202685
C:\learn\rd\jig\H2-p06-jig1-remount04-low1.txt,legacy-root,P06,JIG1,2,2,OFFICIAL,0.409700708313859,0.180419162306117,0.814661050593616,0.221465310235038,0.502909410012083
C:\learn\rd\jig\H2-p06-jig1-remount04-low1.txt,legacy-root,P06,JIG1,3,3,OFFICIAL,0.400285865979464,0.176144961561813,0.814227754843799,0.216333772109752,0.491614125898047
C:\learn\rd\jig\H2-p06-jig1-remount04-low1.txt,legacy-root,P06,JIG1,4,4,OFFICIAL,0.402999412031578,0.180142192345413,0.816957544150354,0.220503738089307,0.493292968425553
C:\learn\rd\jig\H2-p06-jig1-remount04-low1.txt,legacy-root,P06,JIG1,5,5,OFFICIAL,0.418274990398435,0.154484408027519,0.813868440574288,0.189814963114322,0.513934402104704
C:\learn\rd\jig\H2-p06-jig1-remount04-low1.txt,legacy-root,P06,JIG1,6,6,OFFICIAL,0.403461932423585,0.172879930473713,0.814416045234113,0.212274710800936,0.495400274570481
C:\learn\rd\jig\H2-p06-jig1-remount04-non.txt,legacy-root,P06,JIG1,1,1,PRECONDITION,0.383720558392663,0.16819074864917,0.807346267758649,0.208325417935108,0.475286223169082
C:\learn\rd\jig\H2-p06-jig1-remount04-non.txt,legacy-root,P06,JIG1,2,2,OFFICIAL,0.382412122047241,0.165824736045176,0.811985587853589,0.204221279941087,0.470959248252316
C:\learn\rd\jig\H2-p06-jig1-remount04-non.txt,legacy-root,P06,JIG1,3,3,OFFICIAL,0.381940500620054,0.168840776669154,0.813759314897884,0.207482450373353,0.469353153478781
C:\learn\rd\jig\H2-p06-jig1-remount04-non.txt,legacy-root,P06,JIG1,4,4,OFFICIAL,0.386055398334627,0.170395103927952,0.811948691773873,0.209859447591064,0.475467726281088
C:\learn\rd\jig\H2-p06-jig1-remount04.txt,legacy-root,P06,JIG1,1,1,PRECONDITION,0.400146013226839,0.156932237118736,0.829274463628106,0.189240407129085,0.482525425268957
C:\learn\rd\jig\H2-p06-jig1-remount04.txt,legacy-root,P06,JIG1,2,2,OFFICIAL,0.375362560239666,0.16773575311309,0.819765536390326,0.20461430209872,0.457890144897406
C:\learn\rd\jig\H2-p06-jig1-remount04.txt,legacy-root,P06,JIG1,3,3,OFFICIAL,0.374516751312946,0.160723012769665,0.820288644271567,0.195934704072845,0.456567031530132
C:\learn\rd\jig\H2-p06-jig1-remount04.txt,legacy-root,P06,JIG1,4,4,OFFICIAL,0.375622521247344,0.174776060289013,0.818221712477579,0.21360476949431,0.459071808434364
C:\learn\rd\jig\P03 jig 1 test 20 A.txt,legacy-root,P03,JIG1,1,1,PRECONDITION,0.225467962458325,0.178695340399357,0.912948040841749,0.195734403717651,0.24696691637614
C:\learn\rd\jig\P03 jig 1 test 20 A.txt,legacy-root,P03,JIG1,2,2,OFFICIAL,0.229218491009105,0.18006549252759,0.907312054676416,0.198460377110065,0.252634680458261
C:\learn\rd\jig\P03 jig 1 test 20 A.txt,legacy-root,P03,JIG1,3,3,OFFICIAL,0.22675293517107,0.177908002780232,0.906292540561584,0.196303064207051,0.250198390721126
C:\learn\rd\jig\P03 jig 1 test 20 A.txt,legacy-root,P03,JIG1,4,4,OFFICIAL,0.227780536677433,0.179468484125082,0.904139064006597,0.198496549114675,0.251930865223373
C:\learn\rd\jig\P03 jig 1 test 20 A.txt,legacy-root,P03,JIG1,5,5,OFFICIAL,0.225597796169268,0.18044407908018,0.902012232073936,0.200046155322415,0.25010502978498
C:\learn\rd\jig\P03 jig 1 test 20 A.txt,legacy-root,P03,JIG1,6,6,OFFICIAL,0.230739414298542,0.179254572543319,0.903658008165943,0.198365499916426,0.255339312232565
C:\learn\rd\jig\P03 jig 1 test 20 A.txt,legacy-root,P03,JIG1,7,7,OFFICIAL,0.222460654530689,0.180948579074771,0.904861285860097,0.199973832345777,0.245850560751125
C:\learn\rd\jig\P03 jig 1 test 20 A.txt,legacy-root,P03,JIG1,8,8,OFFICIAL,0.224000747688352,0.177564724361697,0.905552567125661,0.1960843917933,0.247363605184576
C:\learn\rd\jig\P03 jig 1 test 20 A.txt,legacy-root,P03,JIG1,9,9,OFFICIAL,0.227424768399049,0.175956400842459,0.902860139193426,0.194887771875332,0.251893685994621
C:\learn\rd\jig\P03 jig 1 test 20 A.txt,legacy-root,P03,JIG1,10,10,OFFICIAL,0.226755764582278,0.175032591452395,0.901212504587181,0.194219000026605,0.251611871149245
C:\learn\rd\jig\P03 jig 1 test 20 A.txt,legacy-root,P03,JIG1,11,11,OFFICIAL,0.226942944451743,0.180285325365139,0.901677157063428,0.199944430168654,0.251689801248651
C:\learn\rd\jig\P05 JIG1-A1.txt,legacy-root,P05,JIG1,1,1,PRECONDITION,0.451700698754363,0.110898468382838,0.853440501826017,0.129942823366784,0.529270286315105
C:\learn\rd\jig\P05 JIG1-A1.txt,legacy-root,P05,JIG1,2,2,OFFICIAL,0.459981771577925,0.112299090858836,0.850565346088701,0.132028763428042,0.540795335353288
C:\learn\rd\jig\P05 JIG1-A1.txt,legacy-root,P05,JIG1,3,3,OFFICIAL,0.462546639677918,0.107945550779572,0.852130647026969,0.126677230957703,0.542811881360815
C:\learn\rd\jig\P05 JIG1-A1.txt,legacy-root,P05,JIG1,4,4,OFFICIAL,0.449735654418708,0.12744951720139,0.84923937640087,0.150074903193407,0.529574660474078
C:\learn\rd\jig\P05 JIG1-A2.txt,legacy-root,P05,JIG1,1,1,PRECONDITION,0.332385050906068,0.132019504939585,0.859482836938867,0.153603422041313,0.386726804330252
C:\learn\rd\jig\P05 JIG1-A2.txt,legacy-root,P05,JIG1,2,2,OFFICIAL,0.340419350511131,0.1211647851288,0.85563680698096,0.14160772905074,0.397854963383671
C:\learn\rd\jig\P05 JIG1-A2.txt,legacy-root,P05,JIG1,3,3,OFFICIAL,0.346485780990461,0.0996011786419466,0.85121713663677,0.117010307188456,0.407047468944828
C:\learn\rd\jig\P05 JIG1-A2.txt,legacy-root,P05,JIG1,4,4,OFFICIAL,0.348828167881386,0.102385489834803,0.851459808151056,0.120247002682526,0.409682482416717
C:\learn\rd\jig\P05 JIG4-B.txt,legacy-root,P05,JIG4,1,1,PRECONDITION,0.260706815186726,0.127975716725536,0.871291265510221,0.146880522956458,0.299218901309722
C:\learn\rd\jig\P05 JIG4-B.txt,legacy-root,P05,JIG4,2,2,OFFICIAL,0.241273084983741,0.129377669674301,0.869504489112254,0.148794711579227,0.277483426485901
C:\learn\rd\jig\P05 JIG4-B.txt,legacy-root,P05,JIG4,3,3,OFFICIAL,0.252312773921595,0.15983218796464,0.868600935830369,0.184011070413875,0.290481812203423
C:\learn\rd\jig\P05 JIG4-B.txt,legacy-root,P05,JIG4,4,4,OFFICIAL,0.249305024081638,0.163938558295766,0.821444551815461,0.199573492737212,0.303495864122117
C:\learn\rd\jig\S1-P03-JIG1-remount01.txt,legacy-root,P03,JIG1,1,1,PRECONDITION,0.120941767403844,0.139640891806822,0.911208624044687,0.15324799186709,0.132726758957796
C:\learn\rd\jig\S1-P03-JIG1-remount01.txt,legacy-root,P03,JIG1,2,2,OFFICIAL,0.181665518762322,0.140901837019651,0.905217019189542,0.155655311414497,0.200687255002089
C:\learn\rd\jig\S1-P03-JIG1-remount01.txt,legacy-root,P03,JIG1,3,3,OFFICIAL,0.17794554030378,0.145993786961329,0.900138284060127,0.162190398460574,0.197686892619594
C:\learn\rd\jig\S1-P03-JIG1-remount01.txt,legacy-root,P03,JIG1,4,4,OFFICIAL,0.176286753265849,0.136287209976055,0.901068026024991,0.151250744715999,0.195642002794758
C:\learn\rd\jig\S1-P03-JIG1-remount02.txt,legacy-root,P03,JIG1,1,1,PRECONDITION,0.165536265827406,0.121158070086744,0.901623480787054,0.134377678341941,0.183597997783847
C:\learn\rd\jig\S1-P03-JIG1-remount02.txt,legacy-root,P03,JIG1,2,2,OFFICIAL,0.173211169235555,0.138151202512942,0.901249895089349,0.153288453364253,0.192189946627825
C:\learn\rd\jig\S1-P03-JIG1-remount02.txt,legacy-root,P03,JIG1,3,3,OFFICIAL,0.173427071711571,0.139259587964428,0.899237930344849,0.154864005693158,0.192860049447718
C:\learn\rd\jig\S1-P03-JIG1-remount02.txt,legacy-root,P03,JIG1,4,4,OFFICIAL,0.17516803032271,0.139716455783541,0.897680206195029,0.155641680432894,0.195134112475522
C:\learn\rd\jig\S1-P03-JIG1-remount03.txt,legacy-root,P03,JIG1,1,1,PRECONDITION,0.160790670574051,0.123206839344184,0.897231168589674,0.137318947064499,0.179207629207523
C:\learn\rd\jig\S1-P03-JIG1-remount03.txt,legacy-root,P03,JIG1,2,2,OFFICIAL,0.167574960711921,0.128583701600583,0.894061366826178,0.143819771630488,0.187431161808047
C:\learn\rd\jig\S1-P03-JIG1-remount03.txt,legacy-root,P03,JIG1,3,3,OFFICIAL,0.171533712812904,0.126874863838283,0.892838624906866,0.142102794725663,0.192121742975442
C:\learn\rd\jig\S1-P03-JIG1-remount03.txt,legacy-root,P03,JIG1,4,4,OFFICIAL,0.168888628258282,0.127588012022206,0.894941239255475,0.142565798094576,0.188714767908992
C:\learn\rd\jig\S1-P05-JIG1-remount01.txt,legacy-root,P05,JIG1,1,1,PRECONDITION,0.497261696461233,0.16984027365708,0.863306299186932,0.196732346117521,0.575996835572216
C:\learn\rd\jig\S1-P05-JIG1-remount01.txt,legacy-root,P05,JIG1,2,2,OFFICIAL,0.500682758987024,0.168548037190012,0.857453754762092,0.196568078749363,0.583918090283414
C:\learn\rd\jig\S1-P05-JIG1-remount01.txt,legacy-root,P05,JIG1,3,3,OFFICIAL,0.501897304944863,0.170287127821921,0.856698946240713,0.198771258642442,0.585850265308767
C:\learn\rd\jig\S1-P05-JIG1-remount01.txt,legacy-root,P05,JIG1,4,4,OFFICIAL,0.495002676538218,0.172353427929902,0.855704641252311,0.201416960503645,0.578473754464845
C:\learn\rd\jig\S1-P05-JIG1-remount02.txt,legacy-root,P05,JIG1,1,1,PRECONDITION,0.525317363096475,0.15813492129806,0.849917336772322,0.186059178294443,0.618080536033586
C:\learn\rd\jig\S1-P05-JIG1-remount02.txt,legacy-root,P05,JIG1,2,2,OFFICIAL,0.514875984029919,0.167405081277235,0.852761338055629,0.196309417191607,0.603775008379111
C:\learn\rd\jig\S1-P05-JIG1-remount02.txt,legacy-root,P05,JIG1,3,3,OFFICIAL,0.511372674890272,0.164388382673386,0.853296218945437,0.192651014997522,0.59929091860065
C:\learn\rd\jig\S1-P05-JIG1-remount02.txt,legacy-root,P05,JIG1,4,4,OFFICIAL,0.512661864029815,0.168464602571094,0.852317629508146,0.197654720187252,0.601491564037765
C:\learn\rd\jig\S1-P05-JIG1-remount03.txt,legacy-root,P05,JIG1,1,1,PRECONDITION,0.514164437884952,0.14898650024782,0.851316911230002,0.175007095809433,0.603963613435185
C:\learn\rd\jig\S1-P05-JIG1-remount03.txt,legacy-root,P05,JIG1,2,2,OFFICIAL,0.504346468826905,0.166206884480509,0.85164142532318,0.195160638666018,0.592205186162141
C:\learn\rd\jig\S1-P05-JIG1-remount03.txt,legacy-root,P05,JIG1,3,3,OFFICIAL,0.507820436056472,0.164461017573113,0.851588931844386,0.193122540022826,0.596321085287741
C:\learn\rd\jig\S1-P05-JIG1-remount03.txt,legacy-root,P05,JIG1,4,4,OFFICIAL,0.512926534824635,0.165148410832215,0.852441020394255,0.193735879528456,0.601714983855899
C:\learn\rd\jig\S2-P03-JIG1-A1.txt,legacy-root,P03,JIG1,1,1,PRECONDITION,0.131275259517389,0.166139689783342,0.913954001641073,0.181781237879615,0.143634427204951
C:\learn\rd\jig\S2-P03-JIG1-A1.txt,legacy-root,P03,JIG1,2,2,OFFICIAL,0.174223414986745,0.120181655313418,0.900723725216451,0.133427877992819,0.193426030767511
C:\learn\rd\jig\S2-P03-JIG1-A1.txt,legacy-root,P03,JIG1,3,3,OFFICIAL,0.179570508064348,0.108496575219331,0.898181885088846,0.120795773128512,0.199926664126148
C:\learn\rd\jig\S2-P03-JIG1-A1.txt,legacy-root,P03,JIG1,4,4,OFFICIAL,0.178938900236728,0.113819061176087,0.89865218701268,0.126655298702879,0.199119195193371
C:\learn\rd\jig\S2-P03-JIG1-A2.txt,legacy-root,P03,JIG1,1,1,PRECONDITION,0.185353647048429,0.0877635975035212,0.898919199809945,0.097632353966938,0.206196115387921
C:\learn\rd\jig\S2-P03-JIG1-A2.txt,legacy-root,P03,JIG1,2,2,OFFICIAL,0.182226043316036,0.124560381387596,0.897383674354614,0.138803930745874,0.203063693405266
C:\learn\rd\jig\S2-P03-JIG1-A2.txt,legacy-root,P03,JIG1,3,3,OFFICIAL,0.182390209178848,0.120794458815816,0.897446968088866,0.134597879441334,0.20323229746628
C:\learn\rd\jig\S2-P03-JIG1-A2.txt,legacy-root,P03,JIG1,4,4,OFFICIAL,0.181089286784118,0.121955917405365,0.896343581113554,0.136059341501454,0.202031107936473
C:\learn\rd\jig\S2-P03-JIG1-test-1.txt,legacy-root,P03,JIG1,1,1,PRECONDITION,0.117641979298773,0.0825069860218514,0.907912519941385,0.0908754799715485,0.129574134858684
C:\learn\rd\jig\S2-P03-JIG1-test-1.txt,legacy-root,P03,JIG1,2,2,OFFICIAL,0.075913949876248,0.11334287798124,0.902805483636664,0.125545181144309,0.084086717739521
C:\learn\rd\jig\S2-P03-JIG1-test-1.txt,legacy-root,P03,JIG1,3,3,OFFICIAL,0.0789177462499473,0.105349823272418,0.899392642544808,0.117134406363758,0.0877455991041371
C:\learn\rd\jig\S2-P03-JIG1-test-1.txt,legacy-root,P03,JIG1,4,4,OFFICIAL,0.0782359319147053,0.106908771495598,0.899136349391988,0.118901623283155,0.0870123112780501
C:\learn\rd\jig\S2-P03-JIG1-test-2.txt,legacy-root,P03,JIG1,1,1,PRECONDITION,0.243149380098329,0.152678693953322,0.902810054726958,0.169114968485256,0.269325068795192
C:\learn\rd\jig\S2-P03-JIG1-test-2.txt,legacy-root,P03,JIG1,2,2,OFFICIAL,0.257968844151294,0.166659020883985,0.896726251183422,0.18585272892819,0.287678479146617
C:\learn\rd\jig\S2-P03-JIG1-test-2.txt,legacy-root,P03,JIG1,3,3,OFFICIAL,0.256917983454295,0.160415846664709,0.89590329353282,0.179054868781808,0.28676977226101
C:\learn\rd\jig\S2-P03-JIG1-test-2.txt,legacy-root,P03,JIG1,4,4,OFFICIAL,0.247889382843374,0.163285634201186,0.89262565534042,0.182927337147747,0.277708109060384
C:\learn\rd\jig\S2-P03-JIG4-B.txt,legacy-root,P03,JIG4,1,1,PRECONDITION,0.0968550345934481,0.151872762908755,0.907649882266382,0.167325271424629,0.106709686725903
C:\learn\rd\jig\S2-P03-JIG4-B.txt,legacy-root,P03,JIG4,2,2,OFFICIAL,0.136523283257915,0.155734528713315,0.907798323749475,0.171551901605287,0.15038944189061
C:\learn\rd\jig\S2-P03-JIG4-B.txt,legacy-root,P03,JIG4,3,3,OFFICIAL,0.135156644440616,0.155519225872248,0.906020737813557,0.171650845705312,0.149176104695772
C:\learn\rd\jig\S2-P03-JIG4-B.txt,legacy-root,P03,JIG4,4,4,OFFICIAL,0.139283141248896,0.158219821935801,0.904022140664449,0.175017640408133,0.154070497816043
C:\learn\rd\jig\S2-P03-JIG4-test-1.txt,legacy-root,P03,JIG4,1,1,PRECONDITION,0.0732378597713143,0.128341845079162,0.919708786949843,0.139546176898885,0.0796315755710056
C:\learn\rd\jig\S2-P03-JIG4-test-1.txt,legacy-root,P03,JIG4,2,2,OFFICIAL,0.0694699859363791,0.129337365179649,0.913415619236136,0.141597496753789,0.0760551762783243
C:\learn\rd\jig\S2-P03-JIG4-test-1.txt,legacy-root,P03,JIG4,3,3,OFFICIAL,0.068060509467189,0.130742919897271,0.908987729492899,0.143833536642139,0.0748750585501944
C:\learn\rd\jig\S2-P03-JIG4-test-1.txt,legacy-root,P03,JIG4,4,4,OFFICIAL,0.0686893816993872,0.129797743683379,0.90885398764832,0.142814737512715,0.0755780165273
C:\learn\rd\jig\S2-P05-JIG1-A1.txt,legacy-root,P05,JIG1,1,1,PRECONDITION,0.428462454247806,0.0425239297126488,0.856062414947135,0.0496738660291199,0.500503756229346
C:\learn\rd\jig\S2-P05-JIG1-A1.txt,legacy-root,P05,JIG1,2,2,OFFICIAL,0.428778360922616,0.0840762356010364,0.8592723821357,0.0978458488239399,0.499001678439726
C:\learn\rd\jig\S2-P05-JIG1-A1.txt,legacy-root,P05,JIG1,3,3,OFFICIAL,0.405217232375197,0.0391070581839589,0.85774945415044,0.0455926354656706,0.472419108417324
C:\learn\rd\jig\S2-P05-JIG1-A1.txt,legacy-root,P05,JIG1,4,4,OFFICIAL,0.407692845899039,0.0385826623797544,0.85578427557343,0.0450845656797112,0.476396748030756
C:\learn\rd\jig\S2-P05-JIG1-A2.txt,legacy-root,P05,JIG1,1,1,PRECONDITION,0.45981874547153,0.106287604684287,0.85717784737823,0.123997143660886,0.536433304801256
C:\learn\rd\jig\S2-P05-JIG1-A2.txt,legacy-root,P05,JIG1,2,2,OFFICIAL,0.454654432330469,0.107296661365525,0.850051215718204,0.126223760852892,0.534855340388324
C:\learn\rd\jig\S2-P05-JIG1-A2.txt,legacy-root,P05,JIG1,3,3,OFFICIAL,0.458186991078553,0.108743430827379,0.851040663987305,0.127777009288714,0.538384369240185
C:\learn\rd\jig\S2-P05-JIG1-A2.txt,legacy-root,P05,JIG1,4,4,OFFICIAL,0.461972304026321,0.104250406665531,0.84859138065998,0.122851126044259,0.544399005876101
C:\learn\rd\jig\S2-P05-JIG1-test-1.txt,legacy-root,P05,JIG1,1,1,PRECONDITION,0.231181710410141,0.412243739788303,0.856879967584106,0.481098584846821,0.269794742736182
C:\learn\rd\jig\S2-P05-JIG1-test-1.txt,legacy-root,P05,JIG1,2,2,OFFICIAL,0.230237223576458,0.362560174425605,0.855040140835093,0.424027080262574,0.269270660616695
C:\learn\rd\jig\S2-P05-JIG1-test-1.txt,legacy-root,P05,JIG1,3,3,OFFICIAL,0.230582146847642,0.361959536699278,0.853197135426566,0.424239043557397,0.270256588159264
C:\learn\rd\jig\S2-P05-JIG1-test-1.txt,legacy-root,P05,JIG1,4,4,OFFICIAL,0.233072110945147,0.361407997613014,0.851566637158198,0.424403660081242,0.273698029930979
C:\learn\rd\jig\S2-P05-JIG4-B.txt,legacy-root,P05,JIG4,1,1,PRECONDITION,0.417103565253201,0.0276797740113637,0.88220609913571,0.0313756321096412,0.472796057136573
C:\learn\rd\jig\S2-P05-JIG4-B.txt,legacy-root,P05,JIG4,2,2,OFFICIAL,0.352498957276444,0.0669269315766741,0.87774916852054,0.0762483565657834,0.401594179656799
C:\learn\rd\jig\S2-P05-JIG4-B.txt,legacy-root,P05,JIG4,3,3,OFFICIAL,0.347747482826566,0.0658361512781232,0.874854374166575,0.0752538402072249,0.397491849038128
C:\learn\rd\jig\S2-P05-JIG4-B.txt,legacy-root,P05,JIG4,4,4,OFFICIAL,0.347906032701233,0.0648452993261678,0.870520054309089,0.0744902992242194,0.399653093549187
C:\learn\rd\jig\S2-P05-JIG4-test-1.txt,legacy-root,P05,JIG4,1,1,PRECONDITION,0.0153905470645179,0.254396506863042,0.874424748501861,0.290930131265036,0.0176007679230103
C:\learn\rd\jig\S2-P05-JIG4-test-1.txt,legacy-root,P05,JIG4,2,2,OFFICIAL,0.0208712764715281,0.258707991812007,0.870618119616826,0.297154384893654,0.0239729406053643
C:\learn\rd\jig\S2-P05-JIG4-test-1.txt,legacy-root,P05,JIG4,3,3,OFFICIAL,0.0169222817142027,0.281287274527738,0.867960656214722,0.324078369812826,0.0194965999818503
C:\learn\rd\jig\S2-P05-JIG4-test-1.txt,legacy-root,P05,JIG4,4,4,OFFICIAL,0.0319668329689406,0.296946239608277,0.866605096585974,0.342654619477902,0.0368874278432878
C:\learn\rd\jig\p03  jig 1 test 19 A2.txt,legacy-root,P03,JIG1,1,1,PRECONDITION,0.231233562230472,0.178356996754143,0.90527511712642,0.197019661073083,0.255429048977363
C:\learn\rd\jig\p03  jig 1 test 19 A2.txt,legacy-root,P03,JIG1,2,2,OFFICIAL,0.230849115202105,0.177458117820564,0.90351948986925,0.196407625746119,0.255499873318185
C:\learn\rd\jig\p03  jig 1 test 19 A2.txt,legacy-root,P03,JIG1,3,3,OFFICIAL,0.23318645024055,0.179789636480763,0.902541306882123,0.199203776170485,0.258366512936793
C:\learn\rd\jig\p03  jig 1 test 19 A2.txt,legacy-root,P03,JIG1,4,4,OFFICIAL,0.23240721215249,0.178293646072148,0.903274413190502,0.197385914477958,0.257294138700988
C:\learn\rd\jig\p03  jig 1 test 19 A2.txt,legacy-root,P03,JIG1,5,5,OFFICIAL,0.232224138904976,0.178552355908207,0.900852917495104,0.198203671698913,0.257782524089164
C:\learn\rd\jig\p03  jig 1 test 19 A2.txt,legacy-root,P03,JIG1,6,6,OFFICIAL,0.233035731599996,0.177575903138209,0.90030020067797,0.197240768139878,0.258842252200443
C:\learn\rd\jig\p03  jig 1 test 19 A2.txt,legacy-root,P03,JIG1,7,7,OFFICIAL,0.230304346924915,0.179551417815398,0.901564959123726,0.199155275499963,0.255449532054528
C:\learn\rd\jig\p03  jig 1 test 19 A2.txt,legacy-root,P03,JIG1,8,8,OFFICIAL,0.231713309731023,0.179578498147063,0.901240789479247,0.199256958010996,0.257104774257844
C:\learn\rd\jig\p03  jig 1 test 19 A2.txt,legacy-root,P03,JIG1,9,9,OFFICIAL,0.230020250105254,0.179412369714357,0.903326685837912,0.19861294095163,0.254636837050696
C:\learn\rd\jig\p03  jig 1 test 19 A2.txt,legacy-root,P03,JIG1,10,10,OFFICIAL,0.230270841370693,0.178740591247012,0.902679029825041,0.198011236930646,0.255097142796509
C:\learn\rd\jig\p03  jig 1 test 19 A2.txt,legacy-root,P03,JIG1,11,11,OFFICIAL,0.23156985875603,0.179480136437327,0.899763537614072,0.199474783022726,0.257367462755927
C:\learn\rd\jig\p03 jig 1 test 13.txt,legacy-root,P03,JIG1,1,1,PRECONDITION,0.150850242982157,0.258971106427678,0.916690858589328,0.282506478603051,0.164559558512776
C:\learn\rd\jig\p03 jig 1 test 13.txt,legacy-root,P03,JIG1,2,2,OFFICIAL,0.145561853934019,0.259813655595083,0.912131574075283,0.284842300145658,0.159584272786071
C:\learn\rd\jig\p03 jig 1 test 13.txt,legacy-root,P03,JIG1,3,3,OFFICIAL,0.152614950191703,0.25726937199165,0.910277021995008,0.282627558177626,0.167657698155694
C:\learn\rd\jig\p03 jig 1 test 13.txt,legacy-root,P03,JIG1,4,4,OFFICIAL,0.151790097187716,0.258799326494378,0.908106920637339,0.284987726239047,0.167150027973782
C:\learn\rd\jig\p03 jig 1 test 13.txt,legacy-root,P03,JIG1,5,5,OFFICIAL,0.151009683718045,0.259915833054739,0.905880000236582,0.286920820623989,0.166699434448942
C:\learn\rd\jig\p03 jig 1 test 13.txt,legacy-root,P03,JIG1,6,6,OFFICIAL,0.147383047874964,0.260143332358362,0.90613333526394,0.287091669883866,0.162650508638482
C:\learn\rd\jig\p03 jig 1 test 13.txt,legacy-root,P03,JIG1,7,7,OFFICIAL,0.146051869322969,0.261837269753572,0.905209020566314,0.289256142840647,0.161346016229044
C:\learn\rd\jig\p03 jig 1 test 13.txt,legacy-root,P03,JIG1,8,8,OFFICIAL,0.144021353439799,0.262767565984945,0.905386800377489,0.29022685759875,0.159071629252549
C:\learn\rd\jig\p03 jig 1 test 13.txt,legacy-root,P03,JIG1,9,9,OFFICIAL,0.145415190938644,0.263192087151847,0.904401396165302,0.291012473297578,0.160786119476607
C:\learn\rd\jig\p03 jig 1 test 13.txt,legacy-root,P03,JIG1,10,10,OFFICIAL,0.148913931088392,0.264672000740467,0.903405681925278,0.29297137048819,0.164836168365729
C:\learn\rd\jig\p03 jig 1 test 13.txt,legacy-root,P03,JIG1,11,11,OFFICIAL,0.144967748296364,0.261834907958703,0.902770220809412,0.290034941254426,0.160581003842138
C:\learn\rd\jig\p03 jig 1 test 14 lần 2.txt,legacy-root,P03,JIG1,1,1,PRECONDITION,0.231994946473204,0.189330774877835,0.92599637710219,0.204461679936942,0.250535479630285
C:\learn\rd\jig\p03 jig 1 test 14 lần 2.txt,legacy-root,P03,JIG1,2,2,OFFICIAL,0.232177702154396,0.18059159999073,0.914991056173092,0.197369798067804,0.253748602883036
C:\learn\rd\jig\p03 jig 1 test 14 lần 2.txt,legacy-root,P03,JIG1,3,3,OFFICIAL,0.225515131253069,0.181102081275537,0.912022596239443,0.198571923571059,0.24726923673047
C:\learn\rd\jig\p03 jig 1 test 14 lần 2.txt,legacy-root,P03,JIG1,4,4,OFFICIAL,0.227787265073928,0.182386162610378,0.905773425131003,0.201359586790702,0.251483714087751
C:\learn\rd\jig\p03 jig 1 test 14 lần 2.txt,legacy-root,P03,JIG1,5,5,OFFICIAL,0.216409801649605,0.187839462230564,0.905074950989686,0.207540228602244,0.239107050098961
C:\learn\rd\jig\p03 jig 1 test 14 lần 2.txt,legacy-root,P03,JIG1,6,6,OFFICIAL,0.226975343142078,0.179792984372909,0.902138047987711,0.199296532026281,0.251597129339976
C:\learn\rd\jig\p03 jig 1 test 14 lần 2.txt,legacy-root,P03,JIG1,7,7,OFFICIAL,0.227819588638501,0.177220425073064,0.901175671624991,0.196654693033936,0.252802639720288
C:\learn\rd\jig\p03 jig 1 test 14 lần 2.txt,legacy-root,P03,JIG1,8,8,OFFICIAL,0.228021881635003,0.176388812053024,0.902567427079256,0.195430066232088,0.25263694965471
C:\learn\rd\jig\p03 jig 1 test 14 lần 2.txt,legacy-root,P03,JIG1,9,9,OFFICIAL,0.231823479777246,0.185124359338287,0.899819832318023,0.205734917912832,0.257633218841206
C:\learn\rd\jig\p03 jig 1 test 14 lần 2.txt,legacy-root,P03,JIG1,10,10,OFFICIAL,0.230915348061041,0.17813742996447,0.897017837264575,0.198588503554951,0.25742559229949
C:\learn\rd\jig\p03 jig 1 test 14 lần 2.txt,legacy-root,P03,JIG1,11,11,OFFICIAL,0.25951149274669,0.175633635196668,0.900686049969284,0.194999839514176,0.288126470655941
C:\learn\rd\jig\p03 jig 1 test 14.txt,legacy-root,P03,JIG1,1,1,PRECONDITION,0.10917148270941,0.183974467976046,0.96447655340105,0.190750586240063,0.113192469349759
C:\learn\rd\jig\p03 jig 1 test 14.txt,legacy-root,P03,JIG1,2,2,OFFICIAL,0.114644652475897,0.175811415803046,0.933570189200422,0.188321582926318,0.122802392152311
C:\learn\rd\jig\p03 jig 1 test 14.txt,legacy-root,P03,JIG1,3,3,OFFICIAL,0.124676701677672,0.178173321117214,0.929896852235174,0.191605467519265,0.134075840108491
C:\learn\rd\jig\p03 jig 1 test 14.txt,legacy-root,P03,JIG1,4,4,OFFICIAL,0.108282656315819,0.175410395974113,0.926921864909377,0.189239678784859,0.116819615994716
C:\learn\rd\jig\p03 jig 1 test 14.txt,legacy-root,P03,JIG1,5,5,OFFICIAL,0.11722604008148,0.173493394409668,0.929847387230023,0.186582655167207,0.126070193551537
C:\learn\rd\jig\p03 jig 1 test 14.txt,legacy-root,P03,JIG1,6,6,OFFICIAL,0.106865086637298,0.177159023716268,0.929573458162525,0.190580983310835,0.114961422036013
C:\learn\rd\jig\p03 jig 1 test 14.txt,legacy-root,P03,JIG1,7,7,OFFICIAL,0.106134572379566,0.174707314700957,0.924763317752694,0.188921112404762,0.114769444615826
C:\learn\rd\jig\p03 jig 1 test 14.txt,legacy-root,P03,JIG1,8,8,OFFICIAL,0.10779423357496,0.172191382236643,0.908464965126716,0.18954102672812,0.118655355696545
C:\learn\rd\jig\p03 jig 1 test 14.txt,legacy-root,P03,JIG1,9,9,OFFICIAL,0.105848105794833,0.177371743552468,0.910959871713444,0.19470862445219,0.116194037829286
C:\learn\rd\jig\p03 jig 1 test 14.txt,legacy-root,P03,JIG1,10,10,OFFICIAL,0.110466185405264,0.174070502108586,0.911318842053094,0.191009440468086,0.121215737355322
C:\learn\rd\jig\p03 jig 1 test 14.txt,legacy-root,P03,JIG1,11,11,OFFICIAL,0.106241988703779,0.181837539644085,0.910654527886916,0.199677851562459,0.116665525125432
C:\learn\rd\jig\p03 jig 1 test 15.txt,legacy-root,P03,JIG1,1,1,PRECONDITION,0.216930781505138,0.159479543209656,0.915946918915185,0.174114394531223,0.236837721733987
C:\learn\rd\jig\p03 jig 1 test 15.txt,legacy-root,P03,JIG1,2,2,OFFICIAL,0.21491434123085,0.180451005017189,0.910758563874314,0.198132646976781,0.235972901881501
C:\learn\rd\jig\p03 jig 1 test 15.txt,legacy-root,P03,JIG1,3,3,OFFICIAL,0.191814763822646,0.194395948502862,0.913834183619931,0.212725625706854,0.209901060018152
C:\learn\rd\jig\p03 jig 1 test 15.txt,legacy-root,P03,JIG1,4,4,OFFICIAL,0.218225039291307,0.177930763457592,0.904004837263838,0.196825012569775,0.241398088036577
C:\learn\rd\jig\p03 jig 1 test 15.txt,legacy-root,P03,JIG1,5,5,OFFICIAL,0.212587696330806,0.179889078692992,0.919415468556795,0.195655919271582,0.231220491280732
C:\learn\rd\jig\p03 jig 1 test 15.txt,legacy-root,P03,JIG1,6,6,OFFICIAL,0.212442046563708,0.181275020818771,0.921474394563786,0.196722797603708,0.230545794671023
C:\learn\rd\jig\p03 jig 1 test 15.txt,legacy-root,P03,JIG1,7,7,OFFICIAL,0.215790670106129,0.17460371770334,0.908254780011805,0.192240901502408,0.237588257012338
C:\learn\rd\jig\p03 jig 1 test 15.txt,legacy-root,P03,JIG1,8,8,OFFICIAL,0.216850245144468,0.173965439404819,0.910054858218796,0.191159288732674,0.238282608115403
C:\learn\rd\jig\p03 jig 1 test 15.txt,legacy-root,P03,JIG1,9,9,OFFICIAL,0.223457405953909,0.181628678435477,0.907966296117925,0.200039009390595,0.246107599928893
C:\learn\rd\jig\p03 jig 1 test 15.txt,legacy-root,P03,JIG1,10,10,OFFICIAL,0.224230643222698,0.179029715801157,0.908077334004385,0.197152499128772,0.246929016754442
C:\learn\rd\jig\p03 jig 1 test 15.txt,legacy-root,P03,JIG1,11,11,OFFICIAL,0.221496851192015,0.180313109500173,0.906005124873611,0.19901996638852,0.244476377794126
C:\learn\rd\jig\p03 jig 1 test 16.txt,legacy-root,P03,JIG1,1,1,PRECONDITION,0.217313221352053,0.183478878192702,0.929391744506861,0.197418235396589,0.233823059690895
C:\learn\rd\jig\p03 jig 1 test 16.txt,legacy-root,P03,JIG1,2,2,OFFICIAL,0.214018959729171,0.178931386843981,0.912829657756141,0.196018375743639,0.234456623873569
C:\learn\rd\jig\p03 jig 1 test 16.txt,legacy-root,P03,JIG1,3,3,OFFICIAL,0.216017667990288,0.177424160071426,0.909639791823192,0.195048811261669,0.237476053633629
C:\learn\rd\jig\p03 jig 1 test 16.txt,legacy-root,P03,JIG1,4,4,OFFICIAL,0.220955525809414,0.178399782139366,0.913889261940865,0.195209408370212,0.241774944745671
C:\learn\rd\jig\p03 jig 1 test 16.txt,legacy-root,P03,JIG1,5,5,OFFICIAL,0.21156629417422,0.177841426598973,0.915562259074216,0.194242854416913,0.231077998330937
C:\learn\rd\jig\p03 jig 1 test 16.txt,legacy-root,P03,JIG1,6,6,OFFICIAL,0.21310072502275,0.177243358749049,0.910513779276469,0.194663016401458,0.234044481119317
C:\learn\rd\jig\p03 jig 1 test 16.txt,legacy-root,P03,JIG1,7,7,OFFICIAL,0.219110991354372,0.180426669427653,0.911610336343087,0.197920824539388,0.240355975156373
C:\learn\rd\jig\p03 jig 1 test 16.txt,legacy-root,P03,JIG1,8,8,OFFICIAL,0.217481531036169,0.177534602861399,0.90432050721746,0.19631823169383,0.240491650140001
C:\learn\rd\jig\p03 jig 1 test 18 A.txt,legacy-root,P03,JIG1,1,1,PRECONDITION,0.225078522966593,0.175494850494563,0.915530429138469,0.191686529370418,0.245844939505065
C:\learn\rd\jig\p03 jig 1 test 18 A.txt,legacy-root,P03,JIG1,2,2,OFFICIAL,0.221551878679629,0.175651210830825,0.911198110452456,0.192769507328769,0.243143479050475
C:\learn\rd\jig\p03 jig 1 test 18 A.txt,legacy-root,P03,JIG1,3,3,OFFICIAL,0.225147295751083,0.174203640486308,0.908282603745268,0.191794535938469,0.247882426485651
C:\learn\rd\jig\p03 jig 1 test 18 A.txt,legacy-root,P03,JIG1,4,4,OFFICIAL,0.223974130567143,0.174570434588425,0.908021608719356,0.192253612592584,0.246661674586168
C:\learn\rd\jig\p03 jig 1 test 18 A.txt,legacy-root,P03,JIG1,5,5,OFFICIAL,0.223929755820236,0.171874262533966,0.9074209256274,0.189409630833816,0.246776054525532
C:\learn\rd\jig\p03 jig 1 test 18 A.txt,legacy-root,P03,JIG1,6,6,OFFICIAL,0.220574706749619,0.175329045175174,0.905035237171366,0.193726208631561,0.243719468248565
C:\learn\rd\jig\p03 jig 1 test 18 A.txt,legacy-root,P03,JIG1,7,7,OFFICIAL,0.223595927947607,0.174103907317273,0.904903046456286,0.192400620153823,0.247093795101295
C:\learn\rd\jig\p03 jig 1 test 18 A.txt,legacy-root,P03,JIG1,8,8,OFFICIAL,0.226720373298317,0.174061270895679,0.906722354347854,0.191967552207169,0.250043877501379
C:\learn\rd\jig\p03 jig 1 test 18 A.txt,legacy-root,P03,JIG1,9,9,OFFICIAL,0.226817835378853,0.174203136014715,0.905351600153477,0.192414898239738,0.25053010934139
C:\learn\rd\jig\p03 jig 1 test 18 A.txt,legacy-root,P03,JIG1,10,10,OFFICIAL,0.224615606044613,0.175340222825347,0.904626289078779,0.193826141183564,0.248296571475221
C:\learn\rd\jig\p03 jig 1 test 18 A.txt,legacy-root,P03,JIG1,11,11,OFFICIAL,0.225588124292618,0.174279261582988,0.904846351526218,0.192606469915062,0.249310972975815
C:\learn\rd\jig\p03 jig 1 test 18 B.txt,legacy-root,P03,JIG1,1,1,PRECONDITION,0.229299065635842,0.174805513392437,0.931744067366643,0.187611082822866,0.246096619948333
C:\learn\rd\jig\p03 jig 1 test 18 B.txt,legacy-root,P03,JIG1,2,2,OFFICIAL,0.224992907531942,0.171972761153157,0.918345515875293,0.187263680368981,0.244998101087799
C:\learn\rd\jig\p03 jig 1 test 18 B.txt,legacy-root,P03,JIG1,3,3,OFFICIAL,0.230359878729478,0.172840097181716,0.913516752582093,0.189202985816271,0.252168203898129
C:\learn\rd\jig\p03 jig 1 test 18 B.txt,legacy-root,P03,JIG1,4,4,OFFICIAL,0.228603936267488,0.169718932479637,0.916046676748596,0.185273236383582,0.249554899406318
C:\learn\rd\jig\p03 jig 1 test 18 B.txt,legacy-root,P03,JIG1,5,5,OFFICIAL,0.224181965420291,0.171758525230178,0.911860158692173,0.188360598489708,0.245851256120042
C:\learn\rd\jig\p03 jig 1 test 18 B.txt,legacy-root,P03,JIG1,6,6,OFFICIAL,0.228837702764685,0.17150463933446,0.911097926254878,0.188239523318245,0.251166966986015
C:\learn\rd\jig\p03 jig 1 test 18 B.txt,legacy-root,P03,JIG1,7,7,OFFICIAL,0.229520929571769,0.174168845977712,0.908774601101028,0.191652413884254,0.252560898262003
C:\learn\rd\jig\p03 jig 1 test 18 B.txt,legacy-root,P03,JIG1,8,8,OFFICIAL,0.226936664953206,0.170959536622198,0.909081604530592,0.188057415055135,0.249632886445201
C:\learn\rd\jig\p03 jig 1 test 18 B.txt,legacy-root,P03,JIG1,9,9,OFFICIAL,0.226821658428949,0.171386072126416,0.909244962308067,0.18849273763515,0.249461550881926
C:\learn\rd\jig\p03 jig 1 test 18 B.txt,legacy-root,P03,JIG1,10,10,OFFICIAL,0.229525483151041,0.171768301640602,0.907457106743324,0.189285312070609,0.252932597524923
C:\learn\rd\jig\p03 jig 1 test 18 B.txt,legacy-root,P03,JIG1,11,11,OFFICIAL,0.227881872799985,0.170263239160753,0.905457660431748,0.188041083091137,0.251675901324116
C:\learn\rd\jig\p03 jig 1 test 18.txt,legacy-root,P03,JIG1,1,1,PRECONDITION,0.22551414692685,0.1769563046768,0.919638161898165,0.192419488455716,0.245220518536748
C:\learn\rd\jig\p03 jig 1 test 18.txt,legacy-root,P03,JIG1,2,2,OFFICIAL,0.224474616782662,0.177478653546881,0.909927452346802,0.195047037089764,0.246695070253917
C:\learn\rd\jig\p03 jig 1 test 19 A.txt,legacy-root,P03,JIG1,1,1,PRECONDITION,0.372755335935015,0.33157083926157,0.922335559804178,0.359490464979975,0.404142865330006
C:\learn\rd\jig\p03 jig 1 test 19 A.txt,legacy-root,P03,JIG1,2,2,OFFICIAL,0.235725389852574,0.180021515450093,0.906248530813941,0.198644752878559,0.260111196694419
C:\learn\rd\jig\p03 jig 1 test 19 A.txt,legacy-root,P03,JIG1,3,3,OFFICIAL,0.23639988591029,0.179063803549031,0.905991683438918,0.197643981531209,0.26092942157369
C:\learn\rd\jig\p03 jig 1 test 19 A.txt,legacy-root,P03,JIG1,4,4,OFFICIAL,0.232014505218107,0.179024285649243,0.904450298703597,0.19793711816542,0.256525433791849
C:\learn\rd\jig\p03 jig 1 test 19 A.txt,legacy-root,P03,JIG1,5,5,OFFICIAL,0.233596545371902,0.177468296787564,0.902096137274833,0.196728806891562,0.258948615030745
C:\learn\rd\jig\p03 jig 1 test 19 A.txt,legacy-root,P03,JIG1,6,6,OFFICIAL,0.230485050684973,0.178836609449355,0.900283378241703,0.198644797595432,0.25601389102076
C:\learn\rd\jig\p03 jig 1 test 19 A.txt,legacy-root,P03,JIG1,7,7,OFFICIAL,0.232801098810281,0.176557345859135,0.901425961198392,0.195864500756571,0.258258702135431
C:\learn\rd\jig\p03 jig 1 test 19 A.txt,legacy-root,P03,JIG1,8,8,OFFICIAL,0.230921728514963,0.175347484869526,0.900413121244795,0.194741147960076,0.256461976248991
C:\learn\rd\jig\p03 jig 1 test 19 A.txt,legacy-root,P03,JIG1,9,9,OFFICIAL,0.229573125778033,0.180438533601628,0.899199815658769,0.200665670142999,0.255308243818804
C:\learn\rd\jig\p03 jig 1 test 19 A.txt,legacy-root,P03,JIG1,10,10,OFFICIAL,0.234246076193219,0.178762291364427,0.899199448902737,0.198801602450451,0.26050513762999
C:\learn\rd\jig\p03 jig 1 test 19 A.txt,legacy-root,P03,JIG1,11,11,OFFICIAL,0.23257951128318,0.178161727717602,0.901130360141741,0.197709161291135,0.25809752014858
C:\learn\rd\jig\p03 jig 1 test 19 B.txt,legacy-root,P03,JIG1,1,1,PRECONDITION,0.229209046836977,0.176357567494015,0.912159299929792,0.193340754742718,0.251281817610826
C:\learn\rd\jig\p03 jig 1 test 19 B.txt,legacy-root,P03,JIG1,2,2,OFFICIAL,0.228758290570735,0.176899434686792,0.905821013938213,0.195291820309722,0.252542485823076
C:\learn\rd\jig\p03 jig 1 test 19 B.txt,legacy-root,P03,JIG1,3,3,OFFICIAL,0.230935854417485,0.17584433099074,0.904685417819845,0.194370692317003,0.255266471492384
C:\learn\rd\jig\p03 jig 1 test 19 B.txt,legacy-root,P03,JIG1,4,4,OFFICIAL,0.228778869544521,0.174516788398524,0.90412612983452,0.193022613371948,0.253038665729519
C:\learn\rd\jig\p03 jig 1 test 19 B.txt,legacy-root,P03,JIG1,5,5,OFFICIAL,0.22789388880963,0.176897788697471,0.903020157675951,0.195895725243545,0.252368551103163
C:\learn\rd\jig\p03 jig 1 test 19 B.txt,legacy-root,P03,JIG1,6,6,OFFICIAL,0.230589225281573,0.175931790099735,0.904535794994361,0.194499533432872,0.25492548394175
C:\learn\rd\jig\p03 jig 1 test 19 B.txt,legacy-root,P03,JIG1,7,7,OFFICIAL,0.230906244393305,0.177879427277742,0.902499148087799,0.197096504361949,0.255852035852384
C:\learn\rd\jig\p03 jig 1 test 19 B.txt,legacy-root,P03,JIG1,8,8,OFFICIAL,0.230955379796023,0.175242382420177,0.901557667834118,0.194377341208994,0.25617371803943
C:\learn\rd\jig\p03 jig 1 test 19 B.txt,legacy-root,P03,JIG1,9,9,OFFICIAL,0.229028247475473,0.173312701181281,0.901087305461627,0.192337301980404,0.254168764876941
C:\learn\rd\jig\p03 jig 1 test 19 B.txt,legacy-root,P03,JIG1,10,10,OFFICIAL,0.227311863069047,0.175542017544039,0.902754594346731,0.194451536046813,0.25179806837044
C:\learn\rd\jig\p03 jig 1 test 19 B.txt,legacy-root,P03,JIG1,11,11,OFFICIAL,0.226243272633778,0.172741308901559,0.902413616169328,0.191421434480157,0.250709063538029
C:\learn\rd\jig\p03 jig 1 test 20 A 2.txt,legacy-root,P03,JIG1,1,1,PRECONDITION,0.229587758761254,0.180427520980587,0.907052046488509,0.198916392591892,0.253114206235532
C:\learn\rd\jig\p03 jig 1 test 20 A 2.txt,legacy-root,P03,JIG1,2,2,OFFICIAL,0.232939095202378,0.184122202327579,0.904262644604238,0.203615844828095,0.257601147843862
C:\learn\rd\jig\p03 jig 1 test 20 A 2.txt,legacy-root,P03,JIG1,3,3,OFFICIAL,0.229775750642418,0.176346313553913,0.900505926539095,0.195830264251189,0.255162952147926
C:\learn\rd\jig\p03 jig 1 test 20 A 2.txt,legacy-root,P03,JIG1,4,4,OFFICIAL,0.231304354453333,0.181963268649656,0.902998018801202,0.201510152692501,0.256151563610745
C:\learn\rd\jig\p03 jig 1 test 20 A 2.txt,legacy-root,P03,JIG1,5,5,OFFICIAL,0.230514101920013,0.179303767090489,0.901286686198305,0.198941990197154,0.255761130670129
C:\learn\rd\jig\p03 jig 1 test 20 A 2.txt,legacy-root,P03,JIG1,6,6,OFFICIAL,0.230522031873632,0.182289980556439,0.903653734997428,0.201725476802193,0.255099960245601
C:\learn\rd\jig\p03 jig 1 test 20 A 2.txt,legacy-root,P03,JIG1,7,7,OFFICIAL,0.22653146256106,0.179213409302093,0.898114139368127,0.199544135256772,0.252230148297674
C:\learn\rd\jig\p03 jig 1 test 20 A 2.txt,legacy-root,P03,JIG1,8,8,OFFICIAL,0.227421868681841,0.180770205695957,0.89952325921681,0.200962236210933,0.252824889575231
C:\learn\rd\jig\p03 jig 1 test 20 A 2.txt,legacy-root,P03,JIG1,9,9,OFFICIAL,0.229520987808089,0.180700266537913,0.90297191124229,0.200117261996898,0.254183972890495
C:\learn\rd\jig\p03 jig 1 test 20 A 2.txt,legacy-root,P03,JIG1,10,10,OFFICIAL,0.226392625958849,0.180971735740596,0.90190145451604,0.200655775455763,0.251017031656004
C:\learn\rd\jig\p03 jig 1 test 20 A 2.txt,legacy-root,P03,JIG1,11,11,OFFICIAL,0.231925567670969,0.18134658500808,0.901908962899572,0.201069722630391,0.257149642825752
C:\learn\rd\jig\p03 jig 1 test 20 B.txt,legacy-root,P03,JIG1,1,1,PRECONDITION,0.226560829822665,0.178369818102811,0.891379456331025,0.200105372449341,0.25416878099839
C:\learn\rd\jig\p03 jig 1 test 20 B.txt,legacy-root,P03,JIG1,2,2,PRECONDITION,0.225721231831257,0.177794001760463,0.902479634643023,0.197006109540399,0.250112271974471
C:\learn\rd\jig\p03 jig 1 test 20 B.txt,legacy-root,P03,JIG1,3,3,OFFICIAL,0.227302713017886,0.178514250791652,0.901645968871342,0.19798707802699,0.252097520385322
C:\learn\rd\jig\p03 jig 1 test 20 B.txt,legacy-root,P03,JIG1,4,4,OFFICIAL,0.227876388524564,0.175834909076612,0.900781946308265,0.195202523537742,0.2529761941372
C:\learn\rd\jig\p03 jig 1 test 20 B.txt,legacy-root,P03,JIG1,5,5,OFFICIAL,0.225596839022252,0.178098926153307,0.902583871326763,0.19732119286766,0.249945568704473
C:\learn\rd\jig\p03 jig 1 test 20 B.txt,legacy-root,P03,JIG1,6,6,OFFICIAL,0.227007527450595,0.177281693743275,0.905929528252507,0.195690380117361,0.250579675759638
C:\learn\rd\jig\p03 jig 1 test 20 B.txt,legacy-root,P03,JIG1,7,7,OFFICIAL,0.229737922671598,0.178654714120264,0.905349090478454,0.197332405808073,0.253756175477227
C:\learn\rd\jig\p03 jig 1 test 20 B.txt,legacy-root,P03,JIG1,8,8,OFFICIAL,0.232292721957927,0.180914449103177,0.903618733632875,0.200211042964808,0.257069395876762
C:\learn\rd\jig\p03 jig 1 test 20 B.txt,legacy-root,P03,JIG1,9,9,OFFICIAL,0.227466563729819,0.179843658653178,0.908985370419472,0.197850993542596,0.250242271363344
C:\learn\rd\jig\p03 jig 1 test 20 B.txt,legacy-root,P03,JIG1,10,10,OFFICIAL,0.230977770720009,0.178616339247254,0.899944786937251,0.198474775163855,0.256657712864905
C:\learn\rd\jig\p03 jig 1 test 20 B.txt,legacy-root,P03,JIG1,11,11,OFFICIAL,0.22777181695021,0.180163103246195,0.901778879310945,0.199786341618312,0.252580562902795
C:\learn\rd\jig\p03 jig 1 test 20 B.txt,legacy-root,P03,JIG1,12,12,OFFICIAL,0.230944196091419,0.18066197561068,0.902319898847545,0.200219429762575,0.255944921957705
C:\learn\rd\jig\p03 jig 3 test 17 lần 2.txt,legacy-root,P03,JIG3,1,1,PRECONDITION,0.154446325829861,0.0788883151377811,0.917539118442467,0.0859781491079039,0.168326693353451
C:\learn\rd\jig\p03 jig 3 test 17 lần 2.txt,legacy-root,P03,JIG3,2,2,OFFICIAL,0.150879789250409,0.0781199754386139,0.914636532296209,0.0854109503394671,0.164961472588049
C:\learn\rd\jig\p03 jig 3 test 17 lần 2.txt,legacy-root,P03,JIG3,3,3,OFFICIAL,0.150530112919517,0.0790273759945462,0.90772824894361,0.0870606110215431,0.165831693675613
C:\learn\rd\jig\p03 jig 3 test 17 lần 2.txt,legacy-root,P03,JIG3,4,4,OFFICIAL,0.150566560218145,0.0771293647457219,0.905799947412214,0.0851505511410918,0.166224960211468
C:\learn\rd\jig\p03 jig 3 test 17 lần 2.txt,legacy-root,P03,JIG3,5,5,OFFICIAL,0.147824750006019,0.0784059410526202,0.905048105386728,0.0866317940294646,0.163333583183242
C:\learn\rd\jig\p03 jig 3 test 17 lần 2.txt,legacy-root,P03,JIG3,6,6,OFFICIAL,0.144531065939005,0.081773685739473,0.906349798832751,0.090223096915546,0.159464994779213
C:\learn\rd\jig\p03 jig 3 test 17 lần 2.txt,legacy-root,P03,JIG3,7,7,OFFICIAL,0.152064497008209,0.0833416663047718,0.902934176181557,0.0923009323417324,0.168411497780801
C:\learn\rd\jig\p03 jig 3 test 17 lần 2.txt,legacy-root,P03,JIG3,8,8,OFFICIAL,0.152723077558563,0.0802840538395571,0.903793456508389,0.0888300897305864,0.168980065587746
C:\learn\rd\jig\p03 jig 3 test 17 lần 2.txt,legacy-root,P03,JIG3,9,9,OFFICIAL,0.151196449452498,0.0793724002062966,0.903816567435229,0.0878191472319794,0.167286654062506
C:\learn\rd\jig\p03 jig 3 test 17 lần 2.txt,legacy-root,P03,JIG3,10,10,OFFICIAL,0.146420912419711,0.0818526430590447,0.905677586491165,0.0903772427185303,0.161670018783378
C:\learn\rd\jig\p03 jig 3 test 17 lần 2.txt,legacy-root,P03,JIG3,11,11,OFFICIAL,0.156107354211963,0.0786193952500961,0.903428493211787,0.0870233735606407,0.172794366554662
C:\learn\rd\jig\p03 jig 3 test 17.txt,legacy-root,P03,JIG3,1,1,PRECONDITION,0.176153174024158,0.0723141809157148,0.915561386914199,0.078983432404726,0.192399086005432
C:\learn\rd\jig\p03 jig 3 test 17.txt,legacy-root,P03,JIG3,2,2,OFFICIAL,0.187349577666448,0.0750270481349231,0.909183744731441,0.0825213259362495,0.206063492393155
C:\learn\rd\jig\p03 jig 3 test 17.txt,legacy-root,P03,JIG3,3,3,OFFICIAL,0.18438173812565,0.0746539476221358,0.905692231534356,0.0824275013330552,0.203581008764186
C:\learn\rd\jig\p03 jig 3 test 17.txt,legacy-root,P03,JIG3,4,4,OFFICIAL,0.189048978278888,0.0787735052276134,0.903180793840085,0.0872178701815495,0.209314657229481
C:\learn\rd\jig\p03 jig 3 test 17.txt,legacy-root,P03,JIG3,5,5,OFFICIAL,0.190674963853359,0.0804419314674472,0.902661781024613,0.0891163591485367,0.211236332213959
C:\learn\rd\jig\p03 jig 3 test 17.txt,legacy-root,P03,JIG3,6,6,OFFICIAL,0.190593614541396,0.0779175131718892,0.901758632973567,0.0864061738061266,0.21135768216924
C:\learn\rd\jig\p03 jig 3 test 17.txt,legacy-root,P03,JIG3,7,7,OFFICIAL,0.193883873037199,0.0790571864750246,0.902619830068944,0.087586361213653,0.214801255831472
C:\learn\rd\jig\p03 jig 3 test 17.txt,legacy-root,P03,JIG3,8,8,OFFICIAL,0.187577463372286,0.0782138082956715,0.903588746245512,0.0865590774792809,0.207591632976491
C:\learn\rd\jig\p03 jig 3 test 17.txt,legacy-root,P03,JIG3,9,9,OFFICIAL,0.193423322127233,0.0805333755197002,0.90102671682357,0.0893795644635356,0.214669907690547
C:\learn\rd\jig\p03 jig 3 test 17.txt,legacy-root,P03,JIG3,10,10,OFFICIAL,0.190783663555845,0.0800972031085593,0.899997881699719,0.0889971018123835,0.211982347331234
C:\learn\rd\jig\p03 jig 3 test 17.txt,legacy-root,P03,JIG3,11,11,OFFICIAL,0.188096753766878,0.079090302148036,0.900026676792355,0.0878755087903721,0.208990198420834
C:\learn\rd\jig\p03-jig1.txt,legacy-root,P03,JIG1,2,2,,0.266333989408525,0.222445825560142,0.0435787311988033,5.10445851544779,6.11155905832885
C:\learn\rd\jig\p05-lech-tam.txt,legacy-root,P05,JIG1,1,1,PRECONDITION,0.334687702442074,0.144675439472311,0.864414372353395,0.167368155944039,0.387184333285524
C:\learn\rd\jig\p05-lech-tam.txt,legacy-root,P05,JIG1,2,2,OFFICIAL,0.324328902915637,0.157958053180154,0.856939625075381,0.184328100321256,0.378473457668744
C:\learn\rd\jig\p05-lech-tam.txt,legacy-root,P05,JIG1,3,3,OFFICIAL,0.321514928368885,0.155203471721497,0.856171044446072,0.181276244657293,0.375526514771238
C:\learn\rd\jig\p05-lech-tam.txt,legacy-root,P05,JIG1,4,4,OFFICIAL,0.328316002914563,0.155072468024216,0.855761101175284,0.181209998691507,0.383653805324478
C:\learn\rd\jig\pid-gain-sensitivity-test-1-jig6-p06-v1.txt,legacy-root,P06,JIG6,1,1,PRECONDITION,0.374675782028544,0.464959869049994,0.842225346866371,0.552061120910156,0.444864053810044
C:\learn\rd\jig\pid-gain-sensitivity-test-1-jig6-p06-v1.txt,legacy-root,P06,JIG6,2,2,OFFICIAL,0.383649681698926,0.461722120644097,0.834050629921839,0.553590038877335,0.459983684365635
C:\learn\rd\jig\pid-gain-sensitivity-test-2-jig6-p06-v1.txt,legacy-root,P06,JIG6,1,1,PRECONDITION,0.368239767976763,0.461314491651717,0.841993728830966,0.547883524372814,0.43734264920005
C:\learn\rd\jig\pid-gain-sensitivity-test-2-jig6-p06-v1.txt,legacy-root,P06,JIG6,2,2,OFFICIAL,0.381486496764561,0.455335872546418,0.835601162043145,0.544920104506637,0.456541366974383
C:\learn\rd\jig\pid-gain-sensitivity-test-2-jig6-p06-v1.txt,legacy-root,P06,JIG6,3,3,OFFICIAL,0.382710195012908,0.454030255593882,0.832905246048111,0.545116335559322,0.459488275321538
C:\learn\rd\jig\pid-gain-sensitivity-test-2-jig6-p06-v1.txt,legacy-root,P06,JIG6,4,4,OFFICIAL,0.383176394522743,0.450181840706636,0.829776783964311,0.54253366616967,0.46178249612154
C:\learn\rd\jig\pid-gain-sensitivity-test-2-jig6-p06-v1.txt,legacy-root,P06,JIG6,5,5,OFFICIAL,0.373577289174509,0.450720337013614,0.828872197265604,0.543775431846444,0.450705537484447
C:\learn\rd\jig\pid-gain-sensitivity-test-2-jig6-p06-v1.txt,legacy-root,P06,JIG6,6,6,OFFICIAL,0.382784230040109,0.455018567572529,0.828856805289112,0.548971263394302,0.461821906507229
C:\learn\rd\jig\pid-gain-sensitivity-test-2-jig6-p06-v1.txt,legacy-root,P06,JIG6,7,7,OFFICIAL,0.387483039610455,0.451222260691449,0.828989557535498,0.544303913830818,0.467416068258331
C:\learn\rd\jig\pid-gain-sensitivity-test-2-jig6-p06-v1.txt,legacy-root,P06,JIG6,8,8,OFFICIAL,0.384409220613163,0.449073503740954,0.828810496758507,0.541828928925597,0.463808339924016
C:\learn\rd\jig\pid-gain-sensitivity-test-2-jig6-p06-v1.txt,legacy-root,P06,JIG6,9,9,OFFICIAL,0.380052643370167,0.45349144398609,0.82700061028224,0.548356843208764,0.459555456966909
C:\learn\rd\jig\pid-gain-sensitivity-test-2-jig6-p06-v1.txt,legacy-root,P06,JIG6,10,10,OFFICIAL,0.384074703372006,0.45011103103335,0.828283921259577,0.543426015500655,0.463699334870513
C:\learn\rd\jig\pid-gain-sensitivity-test-2-jig6-p06-v1.txt,legacy-root,P06,JIG6,11,11,OFFICIAL,0.378267935836493,0.446036965672322,0.827423561647435,0.539067276237873,0.45716360201702
C:\learn\rd\jig\captured-logs\S1-P05-JIG4-remount01-test-2.txt,assembly-swap-era,P05,JIG4,1,1,PRECONDITION,0.530613736809202,0.215267724798102,0.865902268974937,0.248605105346286,0.612787095981798
C:\learn\rd\jig\captured-logs\S1-P05-JIG4-remount01-test-2.txt,assembly-swap-era,P05,JIG4,2,2,OFFICIAL,0.52896938119054,0.216454999617522,0.86677925715009,0.249723326708591,0.610270004533513
C:\learn\rd\jig\captured-logs\S1-P05-JIG4-remount01-test-2.txt,assembly-swap-era,P05,JIG4,3,3,OFFICIAL,0.528960218058713,0.218781885732074,0.869112473827535,0.251730233221217,0.608621132463091
C:\learn\rd\jig\captured-logs\S1-P05-JIG4-remount01-test-2.txt,assembly-swap-era,P05,JIG4,4,4,OFFICIAL,0.529436351603166,0.230157233799503,0.867159894253268,0.265414989005801,0.61054063398432
C:\learn\rd\jig\captured-logs\S1-P05-JIG4-remount02-test-2.txt,assembly-swap-era,P05,JIG4,5,5,PRECONDITION,0.53699306779096,0.236817104311157,0.868449051338443,0.272689691981559,0.618335718098088
C:\learn\rd\jig\captured-logs\S1-P05-JIG4-remount02-test-2.txt,assembly-swap-era,P05,JIG4,6,6,OFFICIAL,0.538508868628996,0.23782316780822,0.864501695899425,0.275098555545098,0.62291244908286
C:\learn\rd\jig\captured-logs\S1-P05-JIG4-remount02-test-2.txt,assembly-swap-era,P05,JIG4,7,7,OFFICIAL,0.53160691498356,0.240877990510597,0.86340074290442,0.278987471912868,0.615712830168841
C:\learn\rd\jig\captured-logs\S1-P05-JIG4-remount02-test-2.txt,assembly-swap-era,P05,JIG4,8,8,OFFICIAL,0.537934589675838,0.239837730307667,0.862952642683229,0.277926873903445,0.623365133923464
C:\learn\rd\jig\captured-logs\S1-P05-JIG4-remount03-test-2.txt,assembly-swap-era,P05,JIG4,9,9,PRECONDITION,0.521886985372369,0.264590457203495,0.86369904860958,0.30634566244972,0.604246335818622
C:\learn\rd\jig\captured-logs\S1-P05-JIG4-remount03-test-2.txt,assembly-swap-era,P05,JIG4,10,10,OFFICIAL,0.525794877391853,0.260864825500937,0.862565388457695,0.30242904363155,0.609571035921111
C:\learn\rd\jig\captured-logs\S1-P05-JIG4-remount03-test-2.txt,assembly-swap-era,P05,JIG4,11,11,OFFICIAL,0.523797432562034,0.264032851560583,0.862670804942554,0.306064433904385,0.60718112814414
C:\learn\rd\jig\captured-logs\S1-P05-JIG4-remount03-test-2.txt,assembly-swap-era,P05,JIG4,12,12,OFFICIAL,0.52693861993146,0.262468024961196,0.860856356073272,0.304891777948208,0.612109809277646
C:\learn\rd\jig\captured-logs\S2-P02-JIG7-remount02-test-2-v5-5.txt,assembly-swap-era,P02,JIG7,9,9,PRECONDITION,0.0420897089000415,0.0466727299760128,0.093672018599415,0.498256903970513,0.449330648889255
C:\learn\rd\jig\captured-logs\S2-P02-JIG7-remount02-test-2-v5-5.txt,assembly-swap-era,P02,JIG7,10,10,OFFICIAL,0.036164197852912,0.0334525364857555,0.0955952323893697,0.349939381385671,0.378305454665473
C:\learn\rd\jig\captured-logs\S2-P02-JIG7-remount02-test-2-v5-5.txt,assembly-swap-era,P02,JIG7,11,11,OFFICIAL,0.035896899048322,0.0292002712519505,0.0941481336629228,0.310152417428643,0.381281047767162
C:\learn\rd\jig\captured-logs\S2-P02-JIG7-remount02-test-2-v5-5.txt,assembly-swap-era,P02,JIG7,12,12,OFFICIAL,0.0451976727458298,0.0356967907767011,0.104867412493672,0.340399271116326,0.430998264103799
C:\learn\rd\jig\captured-logs\S2-P03-JIG5-remount01-test-3.txt,assembly-swap-era,P03,JIG5,1,1,PRECONDITION,0.209345872121629,0.161129324848747,0.885739275419431,0.181915072889193,0.236351574251346
C:\learn\rd\jig\captured-logs\S2-P03-JIG5-remount01-test-3.txt,assembly-swap-era,P03,JIG5,2,2,OFFICIAL,0.20602836702667,0.165836397045815,0.891522378095817,0.186014845078843,0.231097246786695
C:\learn\rd\jig\captured-logs\S2-P03-JIG5-remount01-test-3.txt,assembly-swap-era,P03,JIG5,3,3,OFFICIAL,0.216429772654767,0.169393610541495,0.88778570246793,0.190804616553975,0.243786053383289
C:\learn\rd\jig\captured-logs\S2-P03-JIG5-remount01-test-3.txt,assembly-swap-era,P03,JIG5,4,4,OFFICIAL,0.204673183264666,0.16263122138941,0.886509187712457,0.183451253121315,0.230875422501602
C:\learn\rd\jig\captured-logs\S2-P03-JIG5-remount02-test-1.txt,assembly-swap-era,P03,JIG5,5,5,PRECONDITION,0.206253757823519,0.164121973323955,0.894640105366858,0.183450274964652,0.230543831632656
C:\learn\rd\jig\captured-logs\S2-P03-JIG5-remount02-test-1.txt,assembly-swap-era,P03,JIG5,6,6,OFFICIAL,0.204614962139544,0.163778188543832,0.890481669640636,0.183920898236936,0.229780094431498
C:\learn\rd\jig\captured-logs\S2-P03-JIG5-remount02-test-1.txt,assembly-swap-era,P03,JIG5,7,7,OFFICIAL,0.207803292271223,0.164015227128858,0.891745762242344,0.183925995584698,0.233029750260534
C:\learn\rd\jig\captured-logs\S2-P03-JIG5-remount02-test-1.txt,assembly-swap-era,P03,JIG5,8,8,OFFICIAL,0.204897777286895,0.16390714570179,0.89060776641888,0.184039654584261,0.230065113973557
C:\learn\rd\jig\captured-logs\S2-P03-JIG5-remount03-test-1.txt,assembly-swap-era,P03,JIG5,9,9,PRECONDITION,0.203875370588877,0.146692655785269,0.899280172864938,0.163122306275177,0.2267095136095
C:\learn\rd\jig\captured-logs\S2-P03-JIG5-remount03-test-1.txt,assembly-swap-era,P03,JIG5,10,10,OFFICIAL,0.203386246209184,0.165171237245412,0.892648593978328,0.185035005218887,0.227845814782207
C:\learn\rd\jig\captured-logs\S2-P03-JIG5-remount03-test-1.txt,assembly-swap-era,P03,JIG5,11,11,OFFICIAL,0.201633459574724,0.163928515087317,0.89248857250692,0.183675758028875,0.225922735355988
C:\learn\rd\jig\captured-logs\S2-P03-JIG5-remount03-test-1.txt,assembly-swap-era,P03,JIG5,12,12,OFFICIAL,0.200478455249962,0.166441388447962,0.892063037706907,0.186580299163396,0.224735749353882
C:\learn\rd\jig\captured-logs\S2-P03-JIG7-remount01-test-1-v5-1.txt,assembly-swap-era,P03,JIG7,1,1,PRECONDITION,0.0111411742671718,0.00151688632574309,0.104691387382865,0.0144891223973918,0.106419205492307
C:\learn\rd\jig\captured-logs\S2-P03-JIG7-remount01-test-1-v5-1.txt,assembly-swap-era,P03,JIG7,2,2,OFFICIAL,0.00585988522141047,0.00740466277014577,0.0986569917897783,0.0750546173749538,0.0593965527947266
C:\learn\rd\jig\captured-logs\S2-P03-JIG7-remount01-test-1-v5-1.txt,assembly-swap-era,P03,JIG7,3,3,OFFICIAL,0.0105753086459183,0.00364691410577644,0.101928951431184,0.0357789818748268,0.103751765297596
C:\learn\rd\jig\captured-logs\S2-P03-JIG7-remount01-test-1-v5-1.txt,assembly-swap-era,P03,JIG7,4,4,OFFICIAL,0.00877935796325157,0.0134118253519216,0.100650677491313,0.133251217837844,0.0872260195566918
C:\learn\rd\jig\captured-logs\S2-P03-JIG7-remount01-test-1-v5-2.txt,assembly-swap-era,P03,JIG7,1,1,PRECONDITION,0.0173923367104583,0.0077232552851153,0.112758490537686,0.0684937803644514,0.154244142747242
C:\learn\rd\jig\captured-logs\S2-P03-JIG7-remount01-test-1-v5-2.txt,assembly-swap-era,P03,JIG7,2,2,OFFICIAL,0.0180245100967875,0.0053411282079816,0.112502508914717,0.0474756364058554,0.160214294513655
C:\learn\rd\jig\captured-logs\S2-P03-JIG7-remount01-test-1-v5-2.txt,assembly-swap-era,P03,JIG7,3,3,OFFICIAL,0.020044689041214,0.00994119442417577,0.114882771205642,0.0865333793731426,0.174479504897507
C:\learn\rd\jig\captured-logs\S2-P03-JIG7-remount01-test-1-v5-2.txt,assembly-swap-era,P03,JIG7,4,4,OFFICIAL,0.0154666501341846,0.00541202525447221,0.108941640563778,0.04967820593177,0.141971885627424
C:\learn\rd\jig\captured-logs\S2-P03-JIG7-remount01-test-1-v5-5.txt,assembly-swap-era,P03,JIG7,1,1,PRECONDITION,0.014077333081875,0.00289831086353984,0.106760878460704,0.0271476865433122,0.131858535493941
C:\learn\rd\jig\captured-logs\S2-P03-JIG7-remount01-test-1-v5-5.txt,assembly-swap-era,P03,JIG7,2,2,OFFICIAL,0.0148580827475977,0.00343988376217564,0.110499165940277,0.0311304047673521,0.134463302244546
C:\learn\rd\jig\captured-logs\S2-P03-JIG7-remount01-test-1-v5-5.txt,assembly-swap-era,P03,JIG7,3,3,OFFICIAL,0.0164246019535947,0.00275536562753103,0.104387867353906,0.0263954585659799,0.157342058707938
C:\learn\rd\jig\captured-logs\S2-P03-JIG7-remount01-test-1-v5-5.txt,assembly-swap-era,P03,JIG7,4,4,OFFICIAL,0.0125031240165602,0.00426878548303574,0.11082670846922,0.0385176600658614,0.112816884930158
C:\learn\rd\jig\captured-logs\S2-P03-JIG7-remount01-test-2-v5-3.txt,assembly-swap-era,P03,JIG7,5,5,PRECONDITION,0.0135515285350334,0.0105878252954948,0.0899148751054072,0.117753878688957,0.150715090458024
C:\learn\rd\jig\captured-logs\S2-P03-JIG7-remount01-test-2-v5-3.txt,assembly-swap-era,P03,JIG7,6,6,OFFICIAL,0.0156602822345701,0.0081965667230958,0.101938689365667,0.080406828595703,0.153624520111247
C:\learn\rd\jig\captured-logs\S2-P03-JIG7-remount01-test-2-v5-3.txt,assembly-swap-era,P03,JIG7,7,7,OFFICIAL,0.0202826353215995,0.00765694895871896,0.111258561563392,0.0688212111600622,0.182301793557192
C:\learn\rd\jig\captured-logs\S2-P03-JIG7-remount01-test-2-v5-3.txt,assembly-swap-era,P03,JIG7,8,8,OFFICIAL,0.012231796030383,0.00239073037097247,0.100305165233044,0.0238345688920203,0.121945824045694
C:\learn\rd\jig\captured-logs\S2-P03-JIG7-remount01-test-2-v5-4.txt,assembly-swap-era,P03,JIG7,2,1,PRECONDITION,0.0210047979509194,0.00380975285004701,0.135194699835412,0.0281797500544404,0.155367022349921
C:\learn\rd\jig\captured-logs\S2-P03-JIG7-remount01-test-2-v5-4.txt,assembly-swap-era,P03,JIG7,3,2,OFFICIAL,0.0237832122793436,0.00909521888015173,0.146941716963551,0.0618967783152268,0.161854732412328
C:\learn\rd\jig\captured-logs\S2-P03-JIG7-remount01-test-2-v5-4.txt,assembly-swap-era,P03,JIG7,4,3,OFFICIAL,0.0227138591192391,0.00703148333413478,0.142503646606314,0.0493424800107764,0.159391423729592
C:\learn\rd\jig\captured-logs\S2-P03-JIG7-remount01-test-2-v5-4.txt,assembly-swap-era,P03,JIG7,5,4,OFFICIAL,0.023990029696882,0.00130785436608178,0.155517541938695,0.00840969031388972,0.154259316330623
C:\learn\rd\jig\captured-logs\S2-P03-JIG7-remount01-test-2-v5-4a.txt,assembly-swap-era,P03,JIG7,1,1,PRECONDITION,0.0194962598354485,0.00756873668403538,0.132666234429555,0.0570509649013541,0.146957211224691
C:\learn\rd\jig\captured-logs\S2-P03-JIG7-remount01-test-2-v5-4a.txt,assembly-swap-era,P03,JIG7,2,2,OFFICIAL,0.0190448672001485,0.00347749183933717,0.140474931816268,0.0247552484587465,0.13557484566042
C:\learn\rd\jig\captured-logs\S2-P03-JIG7-remount01-test-2-v5-4a.txt,assembly-swap-era,P03,JIG7,3,3,OFFICIAL,0.0261937730053069,0.00792531159659625,0.147653021392103,0.0536752416027438,0.177400860194709
C:\learn\rd\jig\captured-logs\S2-P03-JIG7-remount01-test-2-v5-4a.txt,assembly-swap-era,P03,JIG7,4,4,OFFICIAL,0.0230015840589494,0.00392103267517857,0.143306763628718,0.027361113850406,0.16050592084085
C:\learn\rd\jig\captured-logs\S2-P03-JIG7-remount01-test-7.txt,assembly-swap-era,P03,JIG7,13,13,PRECONDITION,0.027592001412637,0.0147033283433541,0.102477858051857,0.143478099785358,0.269248420460492
C:\learn\rd\jig\captured-logs\S2-P03-JIG7-remount01-test-7.txt,assembly-swap-era,P03,JIG7,14,14,OFFICIAL,0.0315614057645524,0.00306509015190335,0.114140565908508,0.0268536442544033,0.276513485922711
C:\learn\rd\jig\captured-logs\S2-P03-JIG7-remount01-test-7.txt,assembly-swap-era,P03,JIG7,15,15,OFFICIAL,0.0358706382041483,0.00619356473904248,0.118327462631662,0.0523425805074707,0.303147193444087
C:\learn\rd\jig\captured-logs\S2-P03-JIG7-remount01-test-7.txt,assembly-swap-era,P03,JIG7,16,16,OFFICIAL,0.0161219686896023,0.0249941329571148,0.115332362849443,0.216713959027638,0.139787031942182
C:\learn\rd\jig\captured-logs\S2-P03-JIG7-remount01-test-7_02.txt,assembly-swap-era,P03,JIG7,5,4,PRECONDITION,0.0178419735871074,0.0164790734568207,0.0916719813773765,0.179761288119028,0.19462842756348
C:\learn\rd\jig\captured-logs\S2-P03-JIG7-remount01-test-7_02.txt,assembly-swap-era,P03,JIG7,6,5,OFFICIAL,0.0149119906690239,0.00751678494566404,0.105203574748096,0.0714499004778357,0.141744144195953
C:\learn\rd\jig\captured-logs\S2-P03-JIG7-remount01-test-7_02.txt,assembly-swap-era,P03,JIG7,7,6,OFFICIAL,0.0134855035689729,0.0140678300234545,0.103772392536908,0.135564283327583,0.129952709379584
C:\learn\rd\jig\captured-logs\S2-P03-JIG7-remount01-test-7_02.txt,assembly-swap-era,P03,JIG7,8,7,OFFICIAL,0.0134390473608969,0.0186980423971768,0.083597135616235,0.223668457768852,0.160759663137154
C:\learn\rd\jig\captured-logs\S2-P03-JIG7-remount02-test-1-v5-1.txt,assembly-swap-era,P03,JIG7,5,5,PRECONDITION,0.00824321912023726,0.00911727843240499,0.104940484011826,0.0868804686604798,0.0785513731698469
C:\learn\rd\jig\captured-logs\S2-P03-JIG7-remount02-test-1-v5-1.txt,assembly-swap-era,P03,JIG7,6,6,OFFICIAL,0.00325348027672339,0.0151347353541744,0.0976918529780332,0.15492320897606,0.0333034964282534
C:\learn\rd\jig\captured-logs\S2-P03-JIG7-remount02-test-1-v5-1.txt,assembly-swap-era,P03,JIG7,7,7,OFFICIAL,0.0113960445230802,0.00473371718110932,0.00538190780410087,0.879561180424227,2.11747301103834
C:\learn\rd\jig\captured-logs\S2-P03-JIG7-remount02-test-1-v5-2.txt,assembly-swap-era,P03,JIG7,5,5,PRECONDITION,0.0178142366306933,0.00614658673445819,0.125121375204186,0.0491249934268031,0.142375646060652
C:\learn\rd\jig\captured-logs\S2-P03-JIG7-remount02-test-1-v5-2.txt,assembly-swap-era,P03,JIG7,6,6,OFFICIAL,0.0256030586450534,0.0128729021896032,0.111457028700141,0.115496549116126,0.229712373850687
C:\learn\rd\jig\captured-logs\S2-P03-JIG7-remount02-test-1-v5-2.txt,assembly-swap-era,P03,JIG7,8,8,OFFICIAL,0.0208365868116012,0.012011321086916,0.117145577733286,0.102533286525447,0.177869171118361
C:\learn\rd\jig\captured-logs\S2-P03-JIG7-remount02-test-1-v5-5.txt,assembly-swap-era,P03,JIG7,5,5,PRECONDITION,0.0102425076991892,0.00212100367025658,0.115690731968683,0.0183333931263459,0.0885335197115162
C:\learn\rd\jig\captured-logs\S2-P03-JIG7-remount02-test-1-v5-5.txt,assembly-swap-era,P03,JIG7,6,6,OFFICIAL,0.0113632323416324,0.0052318112306363,0.111788282909231,0.0468010697944468,0.101649582996627
C:\learn\rd\jig\captured-logs\S2-P03-JIG7-remount02-test-1-v5-5.txt,assembly-swap-era,P03,JIG7,7,7,OFFICIAL,0.0133036216813194,0.00260040175309436,0.108969367799462,0.0238636031905767,0.122085884776374
C:\learn\rd\jig\captured-logs\S2-P03-JIG7-remount02-test-1-v5-5.txt,assembly-swap-era,P03,JIG7,8,8,OFFICIAL,0.0134515675686186,0.00293772683241697,0.109054469338197,0.0269381608130756,0.123347237855085
C:\learn\rd\jig\captured-logs\S2-P03-JIG7-remount02-test-2-v5-3.txt,assembly-swap-era,P03,JIG7,9,9,PRECONDITION,0.0171991820739756,0.00144795363150873,0.0896398751828524,0.0161530081178171,0.191869768212994
C:\learn\rd\jig\captured-logs\S2-P03-JIG7-remount02-test-2-v5-3.txt,assembly-swap-era,P03,JIG7,10,10,OFFICIAL,0.0151978395105898,0.00113765260836034,0.0965090975293624,0.0117880348846306,0.157475718866462
C:\learn\rd\jig\captured-logs\S2-P03-JIG7-remount02-test-2-v5-3.txt,assembly-swap-era,P03,JIG7,11,11,OFFICIAL,0.0148390071881238,0.00659019560488544,0.0976961126653204,0.0674560678525829,0.151889433297701
C:\learn\rd\jig\captured-logs\S2-P03-JIG7-remount02-test-2-v5-3.txt,assembly-swap-era,P03,JIG7,12,12,OFFICIAL,0.0185371798660736,0.00910872935956406,0.10446295874757,0.0871957818232483,0.177452181024931
C:\learn\rd\jig\captured-logs\S2-P03-JIG7-remount02-test-2-v5-4.txt,assembly-swap-era,P03,JIG7,1,1,PRECONDITION,0.0218703568508342,0.0114577259023013,0.163596286195057,0.0700365892697599,0.133684922558438
C:\learn\rd\jig\captured-logs\S2-P03-JIG7-remount02-test-2-v5-4.txt,assembly-swap-era,P03,JIG7,2,2,OFFICIAL,0.0233596370240475,0.00768337805854986,0.1503073742332,0.0511177718175636,0.155412448279519
C:\learn\rd\jig\captured-logs\S2-P03-JIG7-remount02-test-2-v5-4.txt,assembly-swap-era,P03,JIG7,3,3,OFFICIAL,0.0249051547388795,0.00679797491441823,0.150248381736938,0.0452449126961012,0.165759886735317
C:\learn\rd\jig\captured-logs\S2-P03-JIG7-remount02-test-2-v5-4.txt,assembly-swap-era,P03,JIG7,4,4,OFFICIAL,0.0250711468741234,0.00763079590158733,0.150217322755392,0.0507983750583349,0.166899172573781
C:\learn\rd\jig\captured-logs\S2-P03-JIG7-remount02-test-2-v5-4a.txt,assembly-swap-era,P03,JIG7,5,5,PRECONDITION,0.0239781996226494,0.00475129429961654,0.157739441203407,0.0301211558971461,0.152011440130114
C:\learn\rd\jig\captured-logs\S2-P03-JIG7-remount02-test-2-v5-4a.txt,assembly-swap-era,P03,JIG7,6,6,OFFICIAL,0.0261427582331848,0.00516834686430015,0.15206210646938,0.0339883945073514,0.171921584148573
C:\learn\rd\jig\captured-logs\S2-P03-JIG7-remount02-test-2-v5-4a.txt,assembly-swap-era,P03,JIG7,7,7,OFFICIAL,0.0231604150233857,0.00459840690113588,0.16303863220971,0.0282044006307728,0.142054767692085
C:\learn\rd\jig\captured-logs\S2-P03-JIG7-remount03-test-1-v5-2.txt,assembly-swap-era,P03,JIG7,9,9,PRECONDITION,0.0154932991568992,0.00141180387454139,0.110376803007868,0.0127907661398813,0.14036734834397
C:\learn\rd\jig\captured-logs\S2-P03-JIG7-remount03-test-1-v5-2.txt,assembly-swap-era,P03,JIG7,10,10,OFFICIAL,0.0107354870864444,0.000920023893631823,0.109247200857949,0.00842148710819694,0.0982678457858465
C:\learn\rd\jig\captured-logs\S2-P03-JIG7-remount03-test-1-v5-2.txt,assembly-swap-era,P03,JIG7,11,11,OFFICIAL,0.0196105098460642,0.0104554168526426,0.112848986923876,0.0926496297188334,0.173776569738218
C:\learn\rd\jig\captured-logs\S2-P03-JIG7-remount03-test-1-v5-2.txt,assembly-swap-era,P03,JIG7,12,12,OFFICIAL,0.00995749757301864,0.000702824395717709,0.106331915576222,0.00660972194386831,0.0936454263901677
C:\learn\rd\jig\captured-logs\S2-P03-JIG7-remount03-test-1-v5-3.txt,assembly-swap-era,P03,JIG7,1,1,PRECONDITION,0.0109869384182812,0.00530003067489343,0.0942041007985834,0.056261146064388,0.116629088597452
C:\learn\rd\jig\captured-logs\S2-P03-JIG8-remount02-test-1-v5-5.txt,assembly-swap-era,P03,JIG8,1,1,PRECONDITION,0.0114027632489555,0.0126339823278038,0.0943505110735,0.133904757738533,0.120855341632146
C:\learn\rd\jig\captured-logs\S2-P03-JIG8-remount02-test-1-v5-5.txt,assembly-swap-era,P03,JIG8,2,2,OFFICIAL,0.0118787899071935,0.0156070064216836,0.0933087011724722,0.167262069084378,0.127306347188744
C:\learn\rd\jig\captured-logs\S2-P03-JIG8-remount02-test-1-v5-5.txt,assembly-swap-era,P03,JIG8,3,3,OFFICIAL,0.0120274027473529,0.0111988986772331,0.0953815314387164,0.11741160482864,0.126097815435901
C:\learn\rd\jig\captured-logs\S2-P03-JIG8-remount02-test-1-v5-5.txt,assembly-swap-era,P03,JIG8,4,4,OFFICIAL,0.0130002372474339,0.013526182556577,0.0938514762000659,0.144123279720639,0.138519262283322
C:\learn\rd\jig\captured-logs\S2-P05-JIG1-remount01-test-1.txt,assembly-swap-era,P05,JIG1,1,1,PRECONDITION,0.355004631361897,0.138906710796326,0.868011723563293,0.160028611394898,0.408985986853449
C:\learn\rd\jig\captured-logs\S2-P05-JIG1-remount01-test-1.txt,assembly-swap-era,P05,JIG1,2,2,OFFICIAL,0.381195906057044,0.161745422289812,0.859556252195387,0.188173167115822,0.443479882885424
C:\learn\rd\jig\captured-logs\S2-P05-JIG1-remount01-test-1.txt,assembly-swap-era,P05,JIG1,3,3,OFFICIAL,0.36986810475751,0.161658764544564,0.859967925218369,0.18798231864696,0.430095232521131
C:\learn\rd\jig\captured-logs\S2-P05-JIG1-remount01-test-1.txt,assembly-swap-era,P05,JIG1,4,4,OFFICIAL,0.37228719570404,0.16273653947626,0.857112769694798,0.189865960734907,0.434350308229109
C:\learn\rd\jig\captured-logs\S2-P05-JIG1-remount01-test-2.txt,assembly-swap-era,P05,JIG1,9,9,PRECONDITION,0.319905931945328,0.346648862031529,0.86288970718681,0.40173020855895,0.370737916191264
C:\learn\rd\jig\captured-logs\S2-P05-JIG1-remount01-test-2.txt,assembly-swap-era,P05,JIG1,10,10,OFFICIAL,0.317161472241458,0.346400439992329,0.856145569106468,0.404604605212004,0.37045274038207
C:\learn\rd\jig\captured-logs\S2-P05-JIG1-remount01-test-2.txt,assembly-swap-era,P05,JIG1,11,11,OFFICIAL,0.316856009488507,0.344242958719066,0.85482283175382,0.402706790145966,0.370668631812771
C:\learn\rd\jig\captured-logs\S2-P05-JIG1-remount01-test-2.txt,assembly-swap-era,P05,JIG1,12,12,OFFICIAL,0.320252600953277,0.345316900332884,0.852876482966457,0.404885006480435,0.375497047168403
C:\learn\rd\jig\captured-logs\S2-P05-JIG1-remount01.txt,assembly-swap-era,P05,JIG1,1,1,PRECONDITION,0.2510797173364,0.293230348178315,0.863154251072639,0.339719520368368,0.290886266301052
C:\learn\rd\jig\captured-logs\S2-P05-JIG1-remount01.txt,assembly-swap-era,P05,JIG1,2,2,OFFICIAL,0.246784364850409,0.303449290173035,0.860395220636898,0.352685931877225,0.286826749999529
C:\learn\rd\jig\captured-logs\S2-P05-JIG1-remount01.txt,assembly-swap-era,P05,JIG1,3,3,OFFICIAL,0.245043104305173,0.30583259871918,0.85663595084118,0.357015834344643,0.286052790645257
C:\learn\rd\jig\captured-logs\S2-P05-JIG1-remount01.txt,assembly-swap-era,P05,JIG1,4,4,OFFICIAL,0.241111190677906,0.306707599203061,0.854603644329859,0.35888870968198,0.282132181716794
C:\learn\rd\jig\captured-logs\S2-P05-JIG1-remount02-test-1.txt,assembly-swap-era,P05,JIG1,5,5,PRECONDITION,0.324967682395757,0.211668562495845,0.862356060347964,0.24545378901893,0.376837013547086
C:\learn\rd\jig\captured-logs\S2-P05-JIG1-remount02-test-1.txt,assembly-swap-era,P05,JIG1,6,6,OFFICIAL,0.328475434098647,0.209541948234897,0.860199706224708,0.243596860959819,0.381859505091299
C:\learn\rd\jig\captured-logs\S2-P05-JIG1-remount02-test-1.txt,assembly-swap-era,P05,JIG1,7,7,OFFICIAL,0.325978123127221,0.208363878547109,0.856931276172453,0.243151212169291,0.380401710371953
C:\learn\rd\jig\captured-logs\S2-P05-JIG1-remount02-test-1.txt,assembly-swap-era,P05,JIG1,8,8,OFFICIAL,0.325085756247483,0.208960428703787,0.856035963963814,0.244102394642639,0.379757124621489
C:\learn\rd\jig\captured-logs\S2-P05-JIG1-remount02-test-2.txt,assembly-swap-era,P05,JIG1,13,13,PRECONDITION,0.309890024004791,0.342383764491542,0.861462275542579,0.397444872761139,0.359725588459008
C:\learn\rd\jig\captured-logs\S2-P05-JIG1-remount02-test-2.txt,assembly-swap-era,P05,JIG1,14,14,OFFICIAL,0.316837331867556,0.359532939728916,0.85801237573635,0.419030016228336,0.369268953254485
C:\learn\rd\jig\captured-logs\S2-P05-JIG1-remount02-test-2.txt,assembly-swap-era,P05,JIG1,15,15,OFFICIAL,0.32053539656504,0.357282761149051,0.852533707585185,0.419083442648924,0.375979733954405
C:\learn\rd\jig\captured-logs\S2-P05-JIG1-remount02-test-2.txt,assembly-swap-era,P05,JIG1,16,16,OFFICIAL,0.309581019452363,0.345692870523544,0.852600770146268,0.405456906242576,0.363101970221364
C:\learn\rd\jig\captured-logs\S2-P05-JIG1-remount02.txt,assembly-swap-era,P05,JIG1,5,5,PRECONDITION,0.267568216364749,0.316007496971221,0.859132522109302,0.367821597761629,0.311439981002964
C:\learn\rd\jig\captured-logs\S2-P05-JIG1-remount02.txt,assembly-swap-era,P05,JIG1,6,6,OFFICIAL,0.274058756324487,0.332577741297558,0.85686098223486,0.388135004618988,0.319840396524636
C:\learn\rd\jig\captured-logs\S2-P05-JIG1-remount02.txt,assembly-swap-era,P05,JIG1,7,7,OFFICIAL,0.275193136393718,0.328565330613303,0.85465939363473,0.384440085793672,0.321991589214699
C:\learn\rd\jig\captured-logs\S2-P05-JIG1-remount02.txt,assembly-swap-era,P05,JIG1,8,8,OFFICIAL,0.277641170116992,0.332725070366296,0.854624707891088,0.389323017804322,0.324869112200269
C:\learn\rd\jig\captured-logs\S2-P05-JIG1-remount03-test-1.txt,assembly-swap-era,P05,JIG1,9,9,PRECONDITION,0.3240404221245,0.209874092292923,0.861190152816915,0.243702382808761,0.376270468333362
C:\learn\rd\jig\captured-logs\S2-P05-JIG1-remount03-test-1.txt,assembly-swap-era,P05,JIG1,10,10,OFFICIAL,0.320127959970017,0.209391818747349,0.85610928438004,0.2445853847958,0.373933522052434
C:\learn\rd\jig\captured-logs\S2-P05-JIG1-remount03-test-1.txt,assembly-swap-era,P05,JIG1,11,11,OFFICIAL,0.326354437681232,0.207236889742138,0.857468255019629,0.241684620426436,0.38060235556331
C:\learn\rd\jig\captured-logs\S2-P05-JIG1-remount03-test-1.txt,assembly-swap-era,P05,JIG1,12,12,OFFICIAL,0.321496607221022,0.207413524876416,0.858530813315098,0.241591241292222,0.374472997631392
C:\learn\rd\jig\captured-logs\S2-P05-JIG1-remount03-test-2.txt,assembly-swap-era,P05,JIG1,17,17,PRECONDITION,0.289472803227183,0.308930339876637,0.847805702300421,0.364388136383597,0.34143766955298
C:\learn\rd\jig\captured-logs\S2-P05-JIG1-remount03-test-2.txt,assembly-swap-era,P05,JIG1,18,18,OFFICIAL,0.290073800897717,0.321986078004011,0.850626074652,0.378528342357409,0.341012119827609
C:\learn\rd\jig\captured-logs\S2-P05-JIG1-remount03-test-2.txt,assembly-swap-era,P05,JIG1,19,19,OFFICIAL,0.308190685035205,0.330907100034054,0.852029730068504,0.388375062930549,0.361713534350998
C:\learn\rd\jig\captured-logs\S2-P05-JIG1-remount03-test-2.txt,assembly-swap-era,P05,JIG1,20,20,OFFICIAL,0.295561367764862,0.32245524398706,0.849718727499465,0.379484685404046,0.347834357652248
C:\learn\rd\jig\captured-logs\S2-P05-JIG5-remount01-test-1.txt,assembly-swap-era,P05,JIG5,1,1,PRECONDITION,0.313393641174175,0.294364628676271,0.835200460517602,0.352447876398252,0.375231643167383
C:\learn\rd\jig\captured-logs\S2-P05-JIG5-remount01-test-1.txt,assembly-swap-era,P05,JIG5,2,2,OFFICIAL,0.295596567907707,0.308183002587826,0.849079425014265,0.362961336134895,0.348137711501773
C:\learn\rd\jig\captured-logs\S2-P05-JIG5-remount01-test-1.txt,assembly-swap-era,P05,JIG5,3,3,OFFICIAL,0.289871520000433,0.330689686804752,0.848776154310143,0.389607654651332,0.341517040185974
C:\learn\rd\jig\captured-logs\S2-P05-JIG5-remount01-test-1.txt,assembly-swap-era,P05,JIG5,4,4,OFFICIAL,0.287429715264633,0.331455469652629,0.845763122269274,0.391901066534206,0.33984659261736
C:\learn\rd\jig\captured-logs\S2-P05-JIG5-remount02-test-1.txt,assembly-swap-era,P05,JIG5,5,5,PRECONDITION,0.289107041534236,0.288198521545812,0.851046996072649,0.338639960984258,0.33970749308603
C:\learn\rd\jig\captured-logs\S2-P05-JIG5-remount02-test-1.txt,assembly-swap-era,P05,JIG5,6,6,OFFICIAL,0.289941213531142,0.295606884197363,0.844498750908934,0.350038272856178,0.343329357466874
C:\learn\rd\jig\captured-logs\S2-P05-JIG5-remount02-test-1.txt,assembly-swap-era,P05,JIG5,7,7,OFFICIAL,0.286635890774587,0.292621904784689,0.844091870236111,0.346670682544112,0.339579020817259
C:\learn\rd\jig\captured-logs\S2-P05-JIG5-remount02-test-1.txt,assembly-swap-era,P05,JIG5,8,8,OFFICIAL,0.290403273247817,0.275382743470538,0.844267785608932,0.326179380718545,0.343970572131166
C:\learn\rd\jig\captured-logs\S2-P05-JIG5-remount03-test-1.txt,assembly-swap-era,P05,JIG5,1,1,PRECONDITION,0.316757268952771,0.288450373894417,0.845644699721858,0.341101143292557,0.374574888315336
C:\learn\rd\jig\captured-logs\S2-P05-JIG5-remount03-test-1.txt,assembly-swap-era,P05,JIG5,2,2,OFFICIAL,0.318349491123495,0.28911777240173,0.8476561979605,0.341079051975742,0.375564399681685
C:\learn\rd\jig\captured-logs\S2-P05-JIG5-remount03-test-1.txt,assembly-swap-era,P05,JIG5,3,3,OFFICIAL,0.311640515744823,0.289653163652833,0.845430995126229,0.342610059629509,0.368617329553067
C:\learn\rd\jig\captured-logs\S2-P05-JIG5-remount03-test-1.txt,assembly-swap-era,P05,JIG5,4,4,OFFICIAL,0.313075132675733,0.290934589436081,0.844201387201488,0.344626997594168,0.37085361078779
C:\learn\rd\jig\captured-logs\S2-P05-JIG6-remount01-test-1.txt,assembly-swap-era,P05,JIG6,1,1,PRECONDITION,0.32937871357546,0.197450032454281,0.85684746532915,0.230437785537981,0.384407641853655
C:\learn\rd\jig\captured-logs\S2-P05-JIG6-remount01-test-1.txt,assembly-swap-era,P05,JIG6,2,2,OFFICIAL,0.332940501165317,0.19789709021172,0.867242798263425,0.228191102431742,0.383906907998544
C:\learn\rd\jig\captured-logs\S2-P05-JIG6-remount01-test-1.txt,assembly-swap-era,P05,JIG6,3,3,OFFICIAL,0.33668579561143,0.203389468276952,0.866570550367891,0.234706185423225,0.388526699261237
C:\learn\rd\jig\captured-logs\S2-P05-JIG6-remount01-test-1.txt,assembly-swap-era,P05,JIG6,4,4,OFFICIAL,0.33591201532959,0.200305596696949,0.861595012943846,0.232482307450408,0.38987228371003
C:\learn\rd\jig\captured-logs\S2-P05-JIG6-remount01-test-2.txt,assembly-swap-era,P05,JIG6,1,1,PRECONDITION,0.307273191859651,0.193949097615651,0.867102397359763,0.223674964117509,0.354367826447334
C:\learn\rd\jig\captured-logs\S2-P05-JIG6-remount01-test-2.txt,assembly-swap-era,P05,JIG6,2,2,OFFICIAL,0.318085307175947,0.222786335640761,0.858142754255568,0.259614539114796,0.370667124553052
C:\learn\rd\jig\captured-logs\S2-P05-JIG6-remount01-test-2.txt,assembly-swap-era,P05,JIG6,3,3,OFFICIAL,0.31788236441682,0.219381243356272,0.860236332366326,0.255024387022577,0.369529107823654
C:\learn\rd\jig\captured-logs\S2-P05-JIG6-remount01-test-2.txt,assembly-swap-era,P05,JIG6,4,4,OFFICIAL,0.315558528484814,0.210683659369698,0.858556058291118,0.245393014626262,0.367545631339328
C:\learn\rd\jig\captured-logs\S2-P05-JIG6-remount02-test-1.txt,assembly-swap-era,P05,JIG6,5,5,PRECONDITION,0.340627494874703,0.196653767086472,0.85294823468748,0.230557681098344,0.399353068594496
C:\learn\rd\jig\captured-logs\S2-P05-JIG6-remount02-test-1.txt,assembly-swap-era,P05,JIG6,6,6,OFFICIAL,0.336515612505309,0.201756072766262,0.855879088636324,0.235729643877292,0.393181253021944
C:\learn\rd\jig\captured-logs\S2-P05-JIG6-remount02-test-1.txt,assembly-swap-era,P05,JIG6,7,7,OFFICIAL,0.335032226802417,0.205351399902565,0.853770961783182,0.240522820632912,0.392414642567217
C:\learn\rd\jig\captured-logs\S2-P05-JIG6-remount02-test-1.txt,assembly-swap-era,P05,JIG6,8,8,OFFICIAL,0.335548693556249,0.195428627685477,0.852015895728599,0.229372044189806,0.393829147130296
C:\learn\rd\jig\captured-logs\S2-P05-JIG6-remount02-test-2.txt,assembly-swap-era,P05,JIG6,5,5,PRECONDITION,0.282199731745087,0.245963018671304,0.858992389221592,0.286338996430682,0.328524135121631
C:\learn\rd\jig\captured-logs\S2-P05-JIG6-remount02-test-2.txt,assembly-swap-era,P05,JIG6,6,6,OFFICIAL,0.320288161843327,0.235687368663542,0.852396704387172,0.2764996244712,0.375750117515526
C:\learn\rd\jig\captured-logs\S2-P05-JIG6-remount02-test-2.txt,assembly-swap-era,P05,JIG6,7,7,OFFICIAL,0.320773137097677,0.236164822572376,0.853646907937995,0.276653989344187,0.37576793650259
C:\learn\rd\jig\captured-logs\S2-P05-JIG6-remount02-test-2.txt,assembly-swap-era,P05,JIG6,8,8,OFFICIAL,0.331516520973891,0.238622356512735,0.853851872534541,0.279465753005165,0.388259991735839
C:\learn\rd\jig\captured-logs\S2-P05-JIG6-remount03-test-1.txt,assembly-swap-era,P05,JIG6,9,9,PRECONDITION,0.340403713053591,0.199435506501242,0.850517533429105,0.234487237079241,0.400231270578463
C:\learn\rd\jig\captured-logs\S2-P05-JIG6-remount03-test-1.txt,assembly-swap-era,P05,JIG6,10,10,OFFICIAL,0.33685971490254,0.202482296058347,0.847484163644216,0.238921627971979,0.397482017190775
C:\learn\rd\jig\captured-logs\S2-P05-JIG6-remount03-test-1.txt,assembly-swap-era,P05,JIG6,11,11,OFFICIAL,0.343597899429847,0.199816025720021,0.851429385427083,0.234683027318574,0.403554194053916
C:\learn\rd\jig\captured-logs\S2-P05-JIG6-remount03-test-1.txt,assembly-swap-era,P05,JIG6,12,12,OFFICIAL,0.339648612132911,0.200587533302534,0.850076055322724,0.235964219961922,0.399550851957554
C:\learn\rd\jig\captured-logs\S2-P05-JIG6-remount03-test-2.txt,assembly-swap-era,P05,JIG6,9,9,PRECONDITION,0.322865956701059,0.228380372200999,0.842916448214987,0.270940699620504,0.383034353386721
C:\learn\rd\jig\captured-logs\S2-P05-JIG6-remount03-test-2.txt,assembly-swap-era,P05,JIG6,10,10,OFFICIAL,0.314094161695931,0.225698080895264,0.851667695437592,0.265007211268356,0.36879896158859
C:\learn\rd\jig\captured-logs\S2-P05-JIG6-remount03-test-2.txt,assembly-swap-era,P05,JIG6,11,11,OFFICIAL,0.320872744317871,0.225915783609222,0.853905914754788,0.26456753572681,0.375770607479648
C:\learn\rd\jig\captured-logs\S2-P05-JIG6-remount03-test-2.txt,assembly-swap-era,P05,JIG6,12,12,OFFICIAL,0.321826649091563,0.226661157315668,0.85174839662808,0.266112807741087,0.377842389097082
C:\learn\rd\jig\captured-logs\S2-P05-JIG7-remount01-test-1.txt,assembly-swap-era,P05,JIG7,1,1,PRECONDITION,0.321561821685834,0.172061049329331,0.870951746460096,0.197555203291867,0.36920739064224
C:\learn\rd\jig\captured-logs\S2-P05-JIG7-remount01-test-1.txt,assembly-swap-era,P05,JIG7,2,2,OFFICIAL,0.323610565699585,0.189328390124115,0.865754699085634,0.218685951487267,0.373790134828452
C:\learn\rd\jig\captured-logs\S2-P05-JIG7-remount01-test-1.txt,assembly-swap-era,P05,JIG7,3,3,OFFICIAL,0.328938818470425,0.183428330146597,0.867820673337387,0.211366628823424,0.379040081178778
C:\learn\rd\jig\captured-logs\S2-P05-JIG7-remount01-test-1.txt,assembly-swap-era,P05,JIG7,4,4,OFFICIAL,0.324503577069047,0.184398801542311,0.864368782492641,0.213333481353349,0.375422601604437
C:\learn\rd\jig\captured-logs\S2-P05-JIG7-remount01-test-2.txt,assembly-swap-era,P05,JIG7,1,1,PRECONDITION,0.32968771853641,0.235132403250324,0.870019275390037,0.270261142369418,0.378943004899068
C:\learn\rd\jig\captured-logs\S2-P05-JIG7-remount01-test-2.txt,assembly-swap-era,P05,JIG7,2,2,OFFICIAL,0.333012245053173,0.234672235808271,0.86773896324219,0.270441049381314,0.383770072751968
C:\learn\rd\jig\captured-logs\S2-P05-JIG7-remount01-test-2.txt,assembly-swap-era,P05,JIG7,3,3,OFFICIAL,0.331750447849645,0.231315142451438,0.863173069461824,0.267982344022456,0.384338274196259
C:\learn\rd\jig\captured-logs\S2-P05-JIG7-remount01-test-2.txt,assembly-swap-era,P05,JIG7,4,4,OFFICIAL,0.341379320480109,0.24697915143359,0.862836056600526,0.286241110978439,0.395647954056421
C:\learn\rd\jig\captured-logs\S2-P05-JIG7-remount01-test-replay-sensor.txt,assembly-swap-era,P05,JIG7,1,1,PRECONDITION,0.257286166425286,0.0593184245406267,0.870286389550076,0.0681596601450856,0.295633908003892
C:\learn\rd\jig\captured-logs\S2-P05-JIG7-remount01-test-replay-sensor.txt,assembly-swap-era,P05,JIG7,2,2,OFFICIAL,0.226451628884665,0.0847696996210262,0.86252118579419,0.0982812955985217,0.262546164215264
C:\learn\rd\jig\captured-logs\S2-P05-JIG7-remount01-test-replay-sensor.txt,assembly-swap-era,P05,JIG7,3,3,OFFICIAL,0.230585045650783,0.0584268854956136,0.861670385230547,0.0678065377400443,0.267602379753469
C:\learn\rd\jig\captured-logs\S2-P05-JIG7-remount01-test-replay-sensor.txt,assembly-swap-era,P05,JIG7,4,4,OFFICIAL,0.216303248499316,0.0595668469446717,0.860011590196826,0.069262842063604,0.251512015611105
C:\learn\rd\jig\captured-logs\S2-P05-JIG7-remount02-test-1.txt,assembly-swap-era,P05,JIG7,5,5,PRECONDITION,0.329903740385341,0.191716660469372,0.860624361201253,0.222764621956292,0.383330701823108
C:\learn\rd\jig\captured-logs\S2-P05-JIG7-remount02-test-1.txt,assembly-swap-era,P05,JIG7,6,6,OFFICIAL,0.330369673000803,0.190590712526929,0.86232149229501,0.22102048276645,0.38311659393012
C:\learn\rd\jig\captured-logs\S2-P05-JIG7-remount02-test-1.txt,assembly-swap-era,P05,JIG7,7,7,OFFICIAL,0.327729839460361,0.190351133177673,0.862085868745692,0.220802985037474,0.380159159710155
C:\learn\rd\jig\captured-logs\S2-P05-JIG7-remount02-test-1.txt,assembly-swap-era,P05,JIG7,8,8,OFFICIAL,0.328554701010306,0.193015838279449,0.861070370117423,0.224158030490734,0.381565447392531
C:\learn\rd\jig\captured-logs\S2-P05-JIG7-remount02-test-2.txt,assembly-swap-era,P05,JIG7,5,5,PRECONDITION,0.341205266203775,0.251101739597039,0.853909289865347,0.294061374641603,0.399580225034885
C:\learn\rd\jig\captured-logs\S2-P05-JIG7-remount02-test-2.txt,assembly-swap-era,P05,JIG7,6,6,OFFICIAL,0.342790597452638,0.248652121201646,0.858475066535244,0.289643963924534,0.399301751227466
C:\learn\rd\jig\captured-logs\S2-P05-JIG7-remount02-test-2.txt,assembly-swap-era,P05,JIG7,7,7,OFFICIAL,0.345067629643048,0.247295310715601,0.86001402761726,0.287547996630652,0.401234885201915
C:\learn\rd\jig\captured-logs\S2-P05-JIG7-remount02-test-2.txt,assembly-swap-era,P05,JIG7,8,8,OFFICIAL,0.323016277963231,0.248090637133609,0.862320129877512,0.287701317106965,0.374589745468558
C:\learn\rd\jig\captured-logs\S2-P05-JIG7-remount02-test-replay-sensor.txt,assembly-swap-era,P05,JIG7,5,5,PRECONDITION,0.22285220877135,0.0639720623267409,0.85556993875612,0.0747712833619977,0.260472228717323
C:\learn\rd\jig\captured-logs\S2-P05-JIG7-remount02-test-replay-sensor.txt,assembly-swap-era,P05,JIG7,6,6,OFFICIAL,0.223868908339453,0.0625099123728136,0.85954399479932,0.0727245059601724,0.260450785176761
C:\learn\rd\jig\captured-logs\S2-P05-JIG7-remount02-test-replay-sensor.txt,assembly-swap-era,P05,JIG7,7,7,OFFICIAL,0.225933102136368,0.0644415168087052,0.857859529555281,0.0751189613083998,0.263368412137932
C:\learn\rd\jig\captured-logs\S2-P05-JIG7-remount02-test-replay-sensor.txt,assembly-swap-era,P05,JIG7,8,8,OFFICIAL,0.22615894779234,0.066401111941775,0.858983294817322,0.0773019828702214,0.263286782358714
C:\learn\rd\jig\captured-logs\S2-P05-JIG7-remount03-test-1.txt,assembly-swap-era,P05,JIG7,9,9,PRECONDITION,0.327279718738864,0.185455771899801,0.85514129443504,0.216871496098578,0.382720049737611
C:\learn\rd\jig\captured-logs\S2-P05-JIG7-remount03-test-1.txt,assembly-swap-era,P05,JIG7,10,10,OFFICIAL,0.328546223238801,0.186261246838834,0.873602851074537,0.213210438369943,0.37608190361866
C:\learn\rd\jig\captured-logs\S2-P05-JIG7-remount03-test-1.txt,assembly-swap-era,P05,JIG7,11,11,OFFICIAL,0.327444536499177,0.178992247298621,0.865111354709269,0.206900818402474,0.378499871394266
C:\learn\rd\jig\captured-logs\S2-P05-JIG7-remount03-test-1.txt,assembly-swap-era,P05,JIG7,12,12,OFFICIAL,0.326943831665244,0.183981469511922,0.862098152107475,0.213411279286661,0.379242004945726
C:\learn\rd\jig\captured-logs\S2-P05-JIG7-remount03-test-2.txt,assembly-swap-era,P05,JIG7,9,9,PRECONDITION,0.368800035374706,0.252916109262836,0.852067640552598,0.296826328363802,0.432829528810089
C:\learn\rd\jig\captured-logs\S2-P05-JIG7-remount03-test-2.txt,assembly-swap-era,P05,JIG7,10,10,OFFICIAL,0.369198413348962,0.248790536903037,0.856017146848832,0.290637328725112,0.431297918164437
C:\learn\rd\jig\captured-logs\S2-P05-JIG7-remount03-test-2.txt,assembly-swap-era,P05,JIG7,11,11,OFFICIAL,0.368290111951985,0.24599699540849,0.857020433740674,0.287037491433869,0.429733174907503
C:\learn\rd\jig\captured-logs\S2-P05-JIG7-remount03-test-2.txt,assembly-swap-era,P05,JIG7,12,12,OFFICIAL,0.370188253622045,0.247788861021247,0.854994663757477,0.289813342146815,0.432971419956196
C:\learn\rd\jig\captured-logs\S2-P05-JIG7-remount03-test-replay-sensor.txt,assembly-swap-era,P05,JIG7,9,9,PRECONDITION,0.215509242323458,0.0626382126855859,0.851131204676401,0.0735940737942992,0.253203314764371
C:\learn\rd\jig\captured-logs\S2-P05-JIG7-remount03-test-replay-sensor.txt,assembly-swap-era,P05,JIG7,10,10,OFFICIAL,0.214537632015376,0.0645044228960807,0.856386780139701,0.0753216004637042,0.250514880648179
C:\learn\rd\jig\captured-logs\S2-P05-JIG7-remount03-test-replay-sensor.txt,assembly-swap-era,P05,JIG7,11,11,OFFICIAL,0.214149902702369,0.0602020563271306,0.855973031955456,0.0703317208365782,0.250183001926062
C:\learn\rd\jig\captured-logs\S2-P05-JIG7-remount03-test-replay-sensor.txt,assembly-swap-era,P05,JIG7,12,12,OFFICIAL,0.213364306213815,0.0626223007480284,0.856374306682543,0.0731249177601056,0.249148420905287
C:\learn\rd\jig\captured-logs\S2-P05-JIG8-remount01-test-1.txt,assembly-swap-era,P05,JIG8,1,1,PRECONDITION,0.369766988902457,0.14180451702533,0.869745397773956,0.163041411185696,0.425143944249485
C:\learn\rd\jig\captured-logs\S2-P05-JIG8-remount01-test-1.txt,assembly-swap-era,P05,JIG8,2,2,OFFICIAL,0.377055363558946,0.146964733869274,0.890053035789506,0.165119074886264,0.42363246727706
C:\learn\rd\jig\captured-logs\S2-P05-JIG8-remount01-test-1.txt,assembly-swap-era,P05,JIG8,3,3,OFFICIAL,0.376787688463259,0.15033829129048,0.877028780461722,0.171417739804768,0.429618385231206
C:\learn\rd\jig\captured-logs\S2-P05-JIG8-remount01-test-1.txt,assembly-swap-era,P05,JIG8,4,4,OFFICIAL,0.38442230644559,0.150710023499744,0.87720910377277,0.171806269282384,0.43823337536311
C:\learn\rd\jig\captured-logs\S2-P05-JIG8-remount01-test-2.txt,assembly-swap-era,P05,JIG8,1,1,PRECONDITION,0.372935580023191,0.240957129222102,0.860394685341967,0.280054181327646,0.433447098612617
C:\learn\rd\jig\captured-logs\S2-P05-JIG8-remount01-test-2.txt,assembly-swap-era,P05,JIG8,2,2,OFFICIAL,0.373579804618547,0.236704069841935,0.857293926186386,0.276106085219683,0.435766302789979
C:\learn\rd\jig\captured-logs\S2-P05-JIG8-remount01-test-2.txt,assembly-swap-era,P05,JIG8,3,3,OFFICIAL,0.382608963769664,0.250656433701406,0.861475679615766,0.290961706328382,0.444132054825175
C:\learn\rd\jig\captured-logs\S2-P05-JIG8-remount01-test-2.txt,assembly-swap-era,P05,JIG8,4,4,OFFICIAL,0.381967211349742,0.253601030092733,0.85971609609366,0.294982298511141,0.444294591069433
C:\learn\rd\jig\captured-logs\S2-P05-JIG8-remount02-test-1.txt,assembly-swap-era,P05,JIG8,5,5,PRECONDITION,0.384190173367373,0.146077442803424,0.869548403000482,0.167992307615501,0.441827242786806
C:\learn\rd\jig\captured-logs\S2-P05-JIG8-remount02-test-1.txt,assembly-swap-era,P05,JIG8,6,6,OFFICIAL,0.381713478727174,0.136801982963692,0.874521183380839,0.156430725251074,0.436482827381603
C:\learn\rd\jig\captured-logs\S2-P05-JIG8-remount02-test-1.txt,assembly-swap-era,P05,JIG8,7,7,OFFICIAL,0.387112990182746,0.134637808630487,0.871980847117684,0.154404548076406,0.443946666331423
C:\learn\rd\jig\captured-logs\S2-P05-JIG8-remount02-test-1.txt,assembly-swap-era,P05,JIG8,8,8,OFFICIAL,0.387301920610068,0.147235864739914,0.861265307683473,0.170952972825449,0.449689447786752
C:\learn\rd\jig\captured-logs\S2-P05-JIG8-remount02-test-2.txt,assembly-swap-era,P05,JIG8,5,5,PRECONDITION,0.386889363350108,0.239126396174722,0.857771277813003,0.27877640853679,0.451040240396638
C:\learn\rd\jig\captured-logs\S2-P05-JIG8-remount02-test-2.txt,assembly-swap-era,P05,JIG8,6,6,OFFICIAL,0.420721310531024,0.251197773107965,0.86571311314592,0.290162837195726,0.485982370074264
C:\learn\rd\jig\captured-logs\S2-P05-JIG8-remount02-test-2.txt,assembly-swap-era,P05,JIG8,7,7,OFFICIAL,0.410139936146979,0.251663849565933,0.855168081201014,0.294285831169577,0.479601548704871
C:\learn\rd\jig\captured-logs\S2-P05-JIG8-remount02-test-2.txt,assembly-swap-era,P05,JIG8,8,8,OFFICIAL,0.414091091793259,0.242617340721032,0.850510720919294,0.285260767152698,0.486873453335989
C:\learn\rd\jig\captured-logs\S2-P08-JIG7-remount01-test-1.txt,assembly-swap-era,P08,JIG7,1,1,PRECONDITION,0.303504735217371,0.0513979158171543,0.910143343386609,0.0564723306395942,0.333469158921761
C:\learn\rd\jig\captured-logs\S2-P08-JIG7-remount01-test-1.txt,assembly-swap-era,P08,JIG7,2,2,OFFICIAL,0.254720129793701,0.0463802493074816,0.899937225391643,0.0515372050392708,0.283042108501345
C:\learn\rd\jig\captured-logs\S2-P08-JIG7-remount01-test-1.txt,assembly-swap-era,P08,JIG7,3,3,OFFICIAL,0.272520524132793,0.0449879131895511,0.896339761592503,0.0501906923214276,0.304037080368513
C:\learn\rd\jig\captured-logs\S2-P08-JIG7-remount01-test-1.txt,assembly-swap-era,P08,JIG7,4,4,OFFICIAL,0.272911769945524,0.0467779173617873,0.894497087556797,0.0522952148335721,0.305100792100897
C:\learn\rd\jig\captured-logs\S2-P08-JIG7-remount01-test-2.txt,assembly-swap-era,P08,JIG7,1,1,PRECONDITION,0.354649629091021,0.071581037186174,1.09724195559748,0.0652372403561586,0.323219165364403
C:\learn\rd\jig\captured-logs\S2-P08-JIG7-remount01-test-2.txt,assembly-swap-era,P08,JIG7,2,2,OFFICIAL,0.357424890019729,0.0718094608374776,1.09296101685593,0.0657017585531535,0.327024371873679
C:\learn\rd\jig\captured-logs\S2-P08-JIG7-remount01-test-2.txt,assembly-swap-era,P08,JIG7,3,3,OFFICIAL,0.354797858204688,0.0706822935935803,1.09047231172227,0.0648180543731058,0.325361638613573
C:\learn\rd\jig\captured-logs\S2-P08-JIG7-remount01-test-2.txt,assembly-swap-era,P08,JIG7,4,4,OFFICIAL,0.356941561283801,0.0738102637232945,1.08802345182439,0.0678388536566281,0.328064216525188
C:\learn\rd\jig\captured-logs\S2-P08-JIG7-remount01-test-3.txt,assembly-swap-era,P08,JIG7,1,1,PRECONDITION,0.121032109284691,0.022371091230272,0.315209407832626,0.0709721558886684,0.383973657756301
C:\learn\rd\jig\captured-logs\S2-P08-JIG7-remount01-test-3.txt,assembly-swap-era,P08,JIG7,2,2,OFFICIAL,0.120100794536122,0.0245958153659639,0.309581732829899,0.0794485357425085,0.387945352712759
C:\learn\rd\jig\captured-logs\S2-P08-JIG7-remount01-test-3.txt,assembly-swap-era,P08,JIG7,3,3,OFFICIAL,0.121891130107868,0.0246634960152081,0.306621697605078,0.0804362385566535,0.397529369447496
C:\learn\rd\jig\captured-logs\S2-P08-JIG7-remount01-test-3.txt,assembly-swap-era,P08,JIG7,4,4,OFFICIAL,0.118551797163688,0.0259802897279575,0.306404156086148,0.0847909181775358,0.386913149867186
C:\learn\rd\jig\captured-logs\S2-P08-JIG7-remount01-test-4.txt,assembly-swap-era,P08,JIG7,1,1,PRECONDITION,0.11548693504195,0.0351433674484163,0.311237060714863,0.112915111612022,0.371057787195053
C:\learn\rd\jig\captured-logs\S2-P08-JIG7-remount01-test-4.txt,assembly-swap-era,P08,JIG7,2,2,OFFICIAL,0.117798494890373,0.0393434814018808,0.309182150936631,0.127250170434142,0.381000308502661
C:\learn\rd\jig\captured-logs\S2-P08-JIG7-remount01-test-4.txt,assembly-swap-era,P08,JIG7,3,3,OFFICIAL,0.120637842759525,0.039636735207736,0.308056940639529,0.12866691179056,0.391608910057601
C:\learn\rd\jig\captured-logs\S2-P08-JIG7-remount01-test-4.txt,assembly-swap-era,P08,JIG7,4,4,OFFICIAL,0.120690418846645,0.0396008020595599,0.31289336351292,0.126563253419482,0.385723805361765
C:\learn\rd\jig\captured-logs\S2-P08-JIG7-remount01-test-5.txt,assembly-swap-era,P08,JIG7,1,1,PRECONDITION,0.101279500220873,0.0342334184560561,0.435463911198521,0.0786136751535529,0.232578401140344
C:\learn\rd\jig\captured-logs\S2-P08-JIG7-remount01-test-5.txt,assembly-swap-era,P08,JIG7,2,2,OFFICIAL,0.12806444086308,0.0257944987149765,0.411703722643342,0.0626530616467663,0.311059710708573
C:\learn\rd\jig\captured-logs\S2-P08-JIG7-remount01-test-5.txt,assembly-swap-era,P08,JIG7,3,3,OFFICIAL,0.118727639445504,0.0668513000972694,0.428117918584638,0.156151604955664,0.277324620838152
C:\learn\rd\jig\captured-logs\S2-P08-JIG7-remount01-test-5.txt,assembly-swap-era,P08,JIG7,4,4,OFFICIAL,0.131466179724687,0.018359396556228,0.428959767379656,0.0427998100343494,0.306476713487053
C:\learn\rd\jig\captured-logs\S2-P08-JIG7-remount01-test-6.txt,assembly-swap-era,P08,JIG7,1,1,PRECONDITION,0.060328777870822,0.0291105163964272,0.142218080749761,0.204689278908554,0.424199071965913
C:\learn\rd\jig\captured-logs\S2-P08-JIG7-remount01-test-6.txt,assembly-swap-era,P08,JIG7,2,2,OFFICIAL,0.0470662542182921,0.0140713976089902,0.131421334736991,0.107070877321028,0.358132523250384
C:\learn\rd\jig\captured-logs\S2-P08-JIG7-remount01-test-6.txt,assembly-swap-era,P08,JIG7,3,3,OFFICIAL,0.057331837898276,0.0223465678914946,0.123243680581886,0.181320192532281,0.465190893582437
C:\learn\rd\jig\captured-logs\S2-P08-JIG7-remount01-test-6.txt,assembly-swap-era,P08,JIG7,4,4,OFFICIAL,0.0526782479453298,0.0132200329634276,0.136744809932691,0.0966766707265511,0.385230327726947
C:\learn\rd\jig\captured-logs\S2-P08-JIG7-remount02-test-1.txt,assembly-swap-era,P08,JIG7,5,5,PRECONDITION,0.286190032972235,0.056914141594784,0.892103446040054,0.0637976927983177,0.320803640253381
C:\learn\rd\jig\captured-logs\S2-P08-JIG7-remount02-test-1.txt,assembly-swap-era,P08,JIG7,6,6,OFFICIAL,0.28844784339745,0.0633779873658421,0.890518519082866,0.071169757851992,0.323909988637316
C:\learn\rd\jig\captured-logs\S2-P08-JIG7-remount02-test-1.txt,assembly-swap-era,P08,JIG7,7,7,OFFICIAL,0.286985288138164,0.0738043523353601,0.891310546686328,0.0828043072190118,0.321981254687386
C:\learn\rd\jig\captured-logs\S2-P08-JIG7-remount02-test-1.txt,assembly-swap-era,P08,JIG7,8,8,OFFICIAL,0.289434551180558,0.0728723810246201,0.892252150337265,0.0816724072865219,0.324386498896253
C:\learn\rd\jig\captured-logs\S2-P08-JIG7-remount02-test-3.txt,assembly-swap-era,P08,JIG7,5,5,PRECONDITION,0.116999052277337,0.0336034654843847,0.314802616659171,0.106744555814053,0.371658449091004
C:\learn\rd\jig\captured-logs\S2-P08-JIG7-remount02-test-3.txt,assembly-swap-era,P08,JIG7,6,6,OFFICIAL,0.120062723517958,0.034565923403978,0.310034490439522,0.111490574338924,0.387256022217885
C:\learn\rd\jig\captured-logs\S2-P08-JIG7-remount02-test-3.txt,assembly-swap-era,P08,JIG7,7,7,OFFICIAL,0.120611292698891,0.0362036154424526,0.310657089269618,0.116538835561649,0.388245743827892
C:\learn\rd\jig\captured-logs\S2-P08-JIG7-remount02-test-3.txt,assembly-swap-era,P08,JIG7,8,8,OFFICIAL,0.120970242262226,0.0365382120030074,0.309477195876938,0.118064311328246,0.390885803134683
C:\learn\rd\jig\captured-logs\S2-P08-JIG7-remount02-test-6.txt,assembly-swap-era,P08,JIG7,2,2,OFFICIAL,0.0618677534139526,0.0454750521446502,0.129614049897743,0.350849712515942,0.477322894105709
C:\learn\rd\jig\captured-logs\S2-P08-JIG7-remount02-test-6.txt,assembly-swap-era,P08,JIG7,3,3,OFFICIAL,0.0535092936995889,0.00951834320675259,0.125193761976448,0.0760288935845163,0.427411820324207
C:\learn\rd\jig\captured-logs\S2-P08-JIG7-remount02-test-6.txt,assembly-swap-era,P08,JIG7,4,4,OFFICIAL,0.0509574424679575,0.0266889270313222,0.124288735315604,0.214733273804352,0.409992444919182
C:\learn\rd\jig\captured-logs\S2-P08-JIG7-remount03-test-3.txt,assembly-swap-era,P08,JIG7,9,9,PRECONDITION,0.116200562756021,0.0370363667730405,0.295775105942232,0.125217998502802,0.39286796089836
C:\learn\rd\jig\captured-logs\S2-P08-JIG7-remount03-test-3.txt,assembly-swap-era,P08,JIG7,10,10,OFFICIAL,0.121081663275589,0.0436233249270135,0.311038477155837,0.140250573902975,0.389281944738062
C:\learn\rd\jig\captured-logs\S2-P08-JIG7-remount03-test-3.txt,assembly-swap-era,P08,JIG7,11,11,OFFICIAL,0.119969871609975,0.0507798166759071,0.313113013286949,0.162177279515912,0.383151981933212
C:\learn\rd\jig\captured-logs\S2-P08-JIG7-remount03-test-3.txt,assembly-swap-era,P08,JIG7,12,12,OFFICIAL,0.119830701483612,0.051758351087626,0.313941491270484,0.164866233125689,0.381697560901144
C:\learn\rd\jig\captured-logs\S2-P08-JIG7-remount03-test-6.txt,assembly-swap-era,P08,JIG7,6,6,OFFICIAL,0.0478059201730053,0.0125038280873367,0.0923404517398938,0.13541008140785,0.517713735120831
C:\learn\rd\jig\captured-logs\S2-P08-JIG7-remount03-test-6.txt,assembly-swap-era,P08,JIG7,7,7,OFFICIAL,0.0432099605782695,0.0112360984646033,0.131345770697265,0.0855459479582412,0.328978697592501
C:\learn\rd\jig\captured-logs\S2-P08-JIG7-remount03-test-6.txt,assembly-swap-era,P08,JIG7,8,8,OFFICIAL,0.0555907746645924,0.0147126741071436,0.127984175520096,0.114956978449523,0.434356626033534
C:\learn\rd\jig\captured-logs\S2-P08-JIG8-remount01-test-1-v5-5.txt,assembly-swap-era,P08,JIG8,1,1,PRECONDITION,0.00310089809340183,0.00633890708982811,0.0962910257491121,0.0658307151732316,0.0322033966226642
C:\learn\rd\jig\captured-logs\S2-P08-JIG8-remount01-test-1-v5-5.txt,assembly-swap-era,P08,JIG8,2,2,OFFICIAL,0.00353440205912411,0.00899386106230557,0.0980183938790683,0.0917568703829395,0.0360585592076191
C:\learn\rd\jig\captured-logs\S2-P08-JIG8-remount01-test-1-v5-5.txt,assembly-swap-era,P08,JIG8,3,3,OFFICIAL,0.00584183770031386,0.00844847979203254,0.0961961673465818,0.0878255342709632,0.0607283830681789
C:\learn\rd\jig\captured-logs\S2-P08-JIG8-remount01-test-1-v5-5.txt,assembly-swap-era,P08,JIG8,4,4,OFFICIAL,0.00377536096349357,0.00702574241017292,0.0992054412525817,0.070820131652709,0.0380559868070273
C:\learn\rd\jig\captured-logs\S2-P08-JIG8-remount01-test-1-v5-6.txt,assembly-swap-era,P08,JIG8,1,1,PRECONDITION,0.00492168185947859,0.00688460337521542,0.0996977906131534,0.0690547236089614,0.0493660073027662
C:\learn\rd\jig\captured-logs\S2-P08-JIG8-remount01-test-1-v5-6.txt,assembly-swap-era,P08,JIG8,2,2,OFFICIAL,0.00465427877832167,0.0076036994770687,0.0985318149009727,0.0771699931104551,0.0472363041622582
C:\learn\rd\jig\captured-logs\S2-P08-JIG8-remount01-test-1-v5-6.txt,assembly-swap-era,P08,JIG8,3,3,OFFICIAL,0.00490892788412543,0.00822588844050906,0.0992198949512311,0.0829056354529731,0.0494752376681943
C:\learn\rd\jig\captured-logs\S2-P08-JIG8-remount01-test-2-v5-5.txt,assembly-swap-era,P08,JIG8,1,1,PRECONDITION,0.00374130315304545,0.00797301453664141,0.0973623327788844,0.0818901346041964,0.0384265972913999
C:\learn\rd\jig\captured-logs\S2-P08-JIG8-remount01-test-2-v5-5.txt,assembly-swap-era,P08,JIG8,2,2,OFFICIAL,0.00617056366593842,0.00767085855663695,0.0971513648692099,0.0789578053480139,0.0635149457163627
C:\learn\rd\jig\captured-logs\S2-P08-JIG8-remount01-test-2-v5-5.txt,assembly-swap-era,P08,JIG8,3,3,OFFICIAL,0.00414394670412586,0.00873417223908167,0.0954942330785834,0.0914628240628333,0.0433947325459513
C:\learn\rd\jig\captured-logs\S2-P08-JIG8-remount01-test-2-v5-5.txt,assembly-swap-era,P08,JIG8,4,4,OFFICIAL,0.00551271004884431,0.00907010592054788,0.0953604017489081,0.0951139650651874,0.057809215856281
C:\learn\rd\jig\captured-logs\S2-P08-JIG8-remount02-test-1-v5-6.txt,assembly-swap-era,P08,JIG8,5,5,PRECONDITION,0.0067667471145297,0.00836424144084459,0.0977241535079278,0.0855903186735309,0.0692433433458266
C:\learn\rd\jig\captured-logs\S2-P08-JIG8-remount02-test-1-v5-6.txt,assembly-swap-era,P08,JIG8,6,6,OFFICIAL,0.00653675933564764,0.00760103701035979,0.0107963318945552,0.704038842506605,0.605461132492996
C:\learn\rd\jig\captured-logs\S2-P08-JIG8-remount02-test-1-v5-6.txt,assembly-swap-era,P08,JIG8,7,7,OFFICIAL,0.00687267067763369,0.0110887868663677,0.0953276224836866,0.116322914360581,0.0720952699602868
C:\learn\rd\jig\captured-logs\S2-P08-JIG8-remount02-test-1-v5-6.txt,assembly-swap-era,P08,JIG8,8,8,OFFICIAL,0.00548066010295593,0.0101737650206393,0.0965078739809237,0.10541901506037,0.0567897714132556
C:\learn\rd\jig\captured-logs\S2-P09-JIG8-remount01-test-1-v5-5.txt,assembly-swap-era,P09,JIG8,1,1,PRECONDITION,0.0115731810035071,0.0105687310570533,0.0959123908482954,0.110191508767307,0.12066408626819
C:\learn\rd\jig\captured-logs\S2-P09-JIG8-remount01-test-1-v5-5.txt,assembly-swap-era,P09,JIG8,2,2,OFFICIAL,0.0104772286941955,0.0106624408511985,0.0959455908893811,0.111130076456474,0.109199689084984
C:\learn\rd\jig\captured-logs\S2-P09-JIG8-remount01-test-1-v5-5.txt,assembly-swap-era,P09,JIG8,3,3,OFFICIAL,0.0124529166503558,0.0129471502484556,0.0957316932033956,0.135244137183989,0.130081441512769
C:\learn\rd\jig\captured-logs\S2-P09-JIG8-remount01-test-1-v5-5.txt,assembly-swap-era,P09,JIG8,4,4,OFFICIAL,0.00944357322541768,0.00612388069869098,0.0970733732581074,0.0630850715613668,0.0972828378005188
C:\learn\rd\jig\tools\dist\captured-logs\S2-P02-JIG7-remount01-test-1-v5-7.txt,v5.x-latest,P02,JIG7,1,1,PRECONDITION,0.0206599603823415,0.0189503072075734,0.0948417682144955,0.199809720593938,0.217836094489683
C:\learn\rd\jig\tools\dist\captured-logs\S2-P02-JIG7-remount01-test-1-v5-7.txt,v5.x-latest,P02,JIG7,2,2,OFFICIAL,0.0258654613283988,0.0198872433840763,0.0940731710899069,0.211401860420648,0.274950456423743
C:\learn\rd\jig\tools\dist\captured-logs\S2-P02-JIG7-remount01-test-1-v5-7.txt,v5.x-latest,P02,JIG7,3,3,OFFICIAL,0.0270418119516449,0.0185856889192435,0.0919640097868155,0.202097417917374,0.294047769495168
C:\learn\rd\jig\tools\dist\captured-logs\S2-P02-JIG7-remount01-test-1-v5-7.txt,v5.x-latest,P02,JIG7,4,4,OFFICIAL,0.0251990791867258,0.0198887980189727,0.0922667452326976,0.215557598447989,0.273111174813563
C:\learn\rd\jig\tools\dist\captured-logs\S2-P02-JIG7-remount01-test-1-v5-8.txt,v5.x-latest,P02,JIG7,1,1,PRECONDITION,0.0245217612221701,0.0190592297005465,0.0934248072243496,0.204006090746089,0.262475909244144
C:\learn\rd\jig\tools\dist\captured-logs\S2-P02-JIG7-remount01-test-1-v5-8.txt,v5.x-latest,P02,JIG7,2,2,OFFICIAL,0.0264869201449478,0.0186110402264326,0.0940274178365397,0.197932056996254,0.281693582088934
C:\learn\rd\jig\tools\dist\captured-logs\S2-P02-JIG7-remount01-test-1-v5-8.txt,v5.x-latest,P02,JIG7,3,3,OFFICIAL,0.0236830461871624,0.0169965502771578,0.0957849397144267,0.177444912820652,0.247252295170526
C:\learn\rd\jig\tools\dist\captured-logs\S2-P02-JIG7-remount01-test-1-v5-8.txt,v5.x-latest,P02,JIG7,4,4,OFFICIAL,0.0237636849102552,0.0208137814453899,0.093023566020802,0.223747404402186,0.25545876090088
C:\learn\rd\jig\tools\dist\captured-logs\S2-P08-JIG8-remount01-test-1-v5-7.txt,v5.x-latest,P08,JIG8,1,1,PRECONDITION,0.00730552439229776,0.0105856920855214,0.0953423151490827,0.111028267658164,0.0766241556110151
C:\learn\rd\jig\tools\dist\captured-logs\S2-P08-JIG8-remount01-test-1-v5-7.txt,v5.x-latest,P08,JIG8,2,2,OFFICIAL,0.00512630919189033,0.0108077919226665,0.0953678104209883,0.113327462117008,0.0537530343756549
C:\learn\rd\jig\tools\dist\captured-logs\S2-P08-JIG8-remount01-test-1-v5-7.txt,v5.x-latest,P08,JIG8,3,3,OFFICIAL,0.00816746216676979,0.0104711530670312,0.0931827391509404,0.112372239348638,0.0876499472025594
C:\learn\rd\jig\tools\dist\captured-logs\S2-P08-JIG8-remount01-test-1-v5-7.txt,v5.x-latest,P08,JIG8,4,4,OFFICIAL,0.0087593881448037,0.0104936067722771,0.0930046379707907,0.112828854573605,0.0941822723674781
C:\learn\rd\jig\tools\dist\captured-logs\S2-P08-JIG8-remount02-test-1-v5-7.txt,v5.x-latest,P08,JIG8,5,5,PRECONDITION,0.0063810564051999,0.0109522126756775,0.0955953799950186,0.114568430778226,0.0667506777579881
C:\learn\rd\jig\tools\dist\captured-logs\S2-P08-JIG8-remount02-test-1-v5-7.txt,v5.x-latest,P08,JIG8,6,6,OFFICIAL,0.00569021094963235,0.0118080721695331,0.0970837885024843,0.121627640944718,0.0586113401362241
C:\learn\rd\jig\tools\dist\captured-logs\S2-P08-JIG8-remount02-test-1-v5-7.txt,v5.x-latest,P08,JIG8,7,7,OFFICIAL,0.00462561188040204,0.0120203648318064,0.0975700803725888,0.123197242288871,0.0474080974694118
C:\learn\rd\jig\tools\dist\captured-logs\S2-P08-JIG8-remount02-test-1-v5-7.txt,v5.x-latest,P08,JIG8,8,8,OFFICIAL,0.00587947748129066,0.0115633088363072,0.0960377925824501,0.120403734044385,0.0612204562723891
C:\learn\rd\jig\tools\dist\captured-logs\S2-P09-JIG8-remount01-test-1-v5-7.txt,v5.x-latest,P09,JIG8,9,9,PRECONDITION,0.00717338077179645,0.00690360780610012,0.100980435233206,0.0683657957123753,0.0710373326796433
C:\learn\rd\jig\tools\dist\captured-logs\S2-P09-JIG8-remount01-test-1-v5-7.txt,v5.x-latest,P09,JIG8,10,10,OFFICIAL,0.00710950418359977,0.00877638231347989,0.0966648208272743,0.0907918955248671,0.0735479993937339
C:\learn\rd\jig\tools\dist\captured-logs\S2-P09-JIG8-remount01-test-1-v5-7.txt,v5.x-latest,P09,JIG8,11,11,OFFICIAL,0.00810561604226604,0.00735705321910172,0.0975330833659572,0.0754313609823763,0.0831063241572368
C:\learn\rd\jig\tools\dist\captured-logs\S2-P09-JIG8-remount01-test-1-v5-7.txt,v5.x-latest,P09,JIG8,12,12,OFFICIAL,0.0100716011120303,0.00764707014395049,0.0976263511103212,0.0783299801434658,0.103164780794163
C:\learn\rd\jig\tools\dist\captured-logs\S2-P09-JIG8-remount01-test-1-v5-8.txt,v5.x-latest,P09,JIG8,1,1,PRECONDITION,0.00987862977021859,0.00531489868142363,0.0971006080545112,0.0547359979294868,0.101736023781363
C:\learn\rd\jig\tools\dist\captured-logs\S2-P09-JIG8-remount01-test-1-v5-8.txt,v5.x-latest,P09,JIG8,2,2,OFFICIAL,0.00847238395899549,0.00455010741185278,0.0952336201299196,0.047778372865018,0.0889642118764077
C:\learn\rd\jig\tools\dist\captured-logs\S2-P09-JIG8-remount01-test-1-v5-8.txt,v5.x-latest,P09,JIG8,3,3,OFFICIAL,0.00686609593587888,0.00446424615282969,0.0970598539440645,0.0459947750941644,0.07074084347825
C:\learn\rd\jig\tools\dist\captured-logs\S2-P09-JIG8-remount01-test-1-v5-8.txt,v5.x-latest,P09,JIG8,4,4,OFFICIAL,0.00700902498661735,0.00583265387659943,0.0969572004571806,0.0601569955516127,0.0722898861927512
C:\learn\rd\jig\tools\dist\captured-logs\S2-P09-JIG8-remount02-test-1-v5-8.txt,v5.x-latest,P09,JIG8,5,5,PRECONDITION,0.0112660629422605,0.00344497796238776,0.0973375764269657,0.0353920663411277,0.115742176411323
C:\learn\rd\jig\tools\dist\captured-logs\S2-P09-JIG8-remount02-test-1-v5-8.txt,v5.x-latest,P09,JIG8,6,6,OFFICIAL,0.0101428648635739,0.00390150556185337,0.0968860210834289,0.0402690245530237,0.104688630518121
C:\learn\rd\jig\tools\dist\captured-logs\S2-P09-JIG8-remount02-test-1-v5-8.txt,v5.x-latest,P09,JIG8,7,7,OFFICIAL,0.0108417789422694,0.00464296905255131,0.0974040401280965,0.0476671095618346,0.111307281792535
C:\learn\rd\jig\tools\dist\captured-logs\S2-P09-JIG8-remount02-test-1-v5-8.txt,v5.x-latest,P09,JIG8,8,8,OFFICIAL,0.0106938469500287,0.0050881242667453,0.0968111343180958,0.052557221879325,0.110460919865803
C:\learn\rd\jig\tools\dist\captured-logs\S2-P09-JIG8-remount03-test-1-v5-8.txt,v5.x-latest,P09,JIG8,9,9,PRECONDITION,0.0117920437223424,0.00118299781675228,0.0948186778601685,0.0124764217710025,0.124364144158733
C:\learn\rd\jig\tools\dist\captured-logs\S2-P09-JIG8-remount03-test-1-v5-8.txt,v5.x-latest,P09,JIG8,10,10,OFFICIAL,0.0132786520627808,0.00125580382103555,0.0954180992300471,0.0131610651560757,0.139162823090479
C:\learn\rd\jig\tools\dist\captured-logs\S2-P09-JIG8-remount03-test-1-v5-8.txt,v5.x-latest,P09,JIG8,11,11,OFFICIAL,0.0131511983305961,0.00253483682231226,0.0962602102283592,0.026333173554253,0.136621333980025
C:\learn\rd\jig\tools\dist\captured-logs\S2-P09-JIG8-remount03-test-1-v5-8.txt,v5.x-latest,P09,JIG8,12,12,OFFICIAL,0.014599220121044,0.00147498943031855,0.0951273192631968,0.0155054241173093,0.153470319926194
