point_index,sweep_angle_deg,a1_raw_mean_error_deg,a1_raw_pointwise_sd_deg,a1_centered_mean_error_deg,a1_centered_pointwise_sd_deg,a1_top_selection_rate,a1_bottom_selection_rate,b_raw_mean_error_deg,b_raw_pointwise_sd_deg,b_centered_mean_error_deg,b_centered_pointwise_sd_deg,b_top_selection_rate,b_bottom_selection_rate,a2_raw_mean_error_deg,a2_raw_pointwise_sd_deg,a2_centered_mean_error_deg,a2_centered_pointwise_sd_deg,a2_top_selection_rate,a2_bottom_selection_rate,a_average_raw_mean_error_deg,a_average_centered_mean_error_deg,b_minus_a_raw_error_deg,b_minus_a_centered_error_deg,b_aligned_source_index,b_aligned_source_angle_deg,b_aligned_centered_mean_error_deg,b_minus_a_aligned_centered_error_deg
0,0.0,-0.007763333333333333,0.003755134263023538,-0.20667576851851852,0.012173804967631026,0.0,0.0,-0.007806666666666667,0.0035856705556050928,-0.18212430555555556,0.011574966028801169,0.0,0.0,0.009926666666666667,0.012574117596608255,-0.16221371296296297,0.005006925152554414,0.0,0.0,0.001081666666666667,-0.18444474074074074,-0.008888333333333333,0.0023204351851851823,0,0.0,-0.18212430555555556,0.0023204351851851823
1,1.0,0.50879,0.004179521503713082,0.3098775648148149,0.011096976305762656,0.0,0.0,0.50596,0.014350790918970277,0.33164236111111106,0.013021227229716112,0.0,0.0,0.51066,0.019678302772342966,0.33851962037037037,0.0131347055523238,0.0,0.0,0.509725,0.32419859259259265,-0.0037650000000000183,0.007443768518518412,1,1.0,0.33164236111111106,0.007443768518518412
2,2.0,0.7620233333333334,0.000947329580100455,0.5631108981481482,0.014117674028766578,0.0,0.0,0.7551166666666665,0.010557614945305266,0.5807990277777778,0.009763105648370008,0.0,0.0,0.7607333333333334,0.014176915508436014,0.5885929537037037,0.0066717542352724,0.0,0.0,0.7613783333333334,0.5758519259259259,-0.006261666666666832,0.004947101851851876,2,2.0,0.5807990277777778,0.004947101851851876
3,3.0,0.9414166666666667,0.004042478612600599,0.7425042314814815,0.012053758687688602,0.0,0.0,0.9381733333333333,0.013162527619470881,0.7638556944444445,0.01315618328269647,0.0,0.0,0.9637366666666667,0.013658493084280349,0.791596287037037,0.01491723517668793,0.0,0.0,0.9525766666666666,0.7670502592592592,-0.014403333333333324,-0.0031945648148147265,3,3.0,0.7638556944444445,-0.0031945648148147265
4,4.0,0.89465,0.014366234718951274,0.6957375648148147,0.022877457604899867,0.0,0.0,0.8704633333333334,0.014350527284156941,0.6961456944444445,0.007614157771408517,0.0,0.0,0.8798933333333334,0.027324160249371503,0.7077529537037037,0.02327327149849242,0.0,0.0,0.8872716666666667,0.7017452592592592,-0.016808333333333314,-0.005599564814814717,4,4.0,0.6961456944444445,-0.005599564814814717
5,5.0,0.20210666666666666,0.003681607438787213,0.0031942314814814854,0.01660848342969225,0.0,0.0,0.1804,0.007894865420005595,0.0060823611111111104,0.0029441238483745745,0.0,0.0,0.20407333333333333,0.016732544138096075,0.03193295370370369,0.012450987694792515,0.0,0.0,0.20309,0.01756359259259259,-0.022689999999999988,-0.011481231481481478,5,5.0,0.0060823611111111104,-0.011481231481481478
6,6.0,-0.5485866666666667,0.016673021121960303,-0.7474991018518518,0.0032899881769898128,0.0,0.0,-0.5472433333333333,0.008546474906845148,-0.7215609722222222,0.01077502341895428,0.0,0.0,-0.5420433333333333,0.00988656327210489,-0.714183712962963,0.0060470382360066,0.0,0.0,-0.545315,-0.7308414074074074,-0.0019283333333333097,0.009280435185185287,6,6.0,-0.7215609722222222,0.009280435185185287
7,7.0,-0.6959733333333333,0.008156502518440932,-0.8948857685185185,0.017936283745863844,0.0,0.0,-0.7097266666666666,0.002098626534982657,-0.8840443055555555,0.007154273525593808,0.0,0.0,-0.7036033333333332,0.012525463397947929,-0.8757437129629629,0.005230162206423864,0.0,0.0,-0.6997883333333332,-0.8853147407407407,-0.009938333333333382,0.0012704351851852147,7,7.0,-0.8840443055555555,0.0012704351851852147
8,8.0,-0.5362166666666667,0.018743991926303546,-0.7351291018518519,0.012674853800789908,0.0,0.0,-0.5497366666666667,0.008443484667679139,-0.7240543055555556,0.013727323956705652,0.0,0.0,-0.5511166666666667,0.011913695200622425,-0.7232570462962963,0.0121918689032344,0.0,0.0,-0.5436666666666667,-0.7291930740740741,-0.006069999999999909,0.005138768518518466,8,8.0,-0.7240543055555556,0.005138768518518466
9,9.0,-0.26611333333333337,0.013257399191897837,-0.46502576851851857,0.0034332285826942635,0.0,0.0,-0.28905,0.0059101353622400205,-0.46336763888888893,0.0025744286768807135,0.0,0.0,-0.2770566666666667,0.007682163323786674,-0.44919704629629625,0.00016077284972225005,0.0,0.0,-0.271585,-0.4571114074074074,-0.017464999999999953,-0.006256231481481522,9,9.0,-0.46336763888888893,-0.006256231481481522
10,10.0,0.17739000000000002,0.013153657286093487,-0.02152243518518518,0.0019019841445748033,0.0,0.0,0.18041,0.00404538008103071,0.006092361111111111,0.012244772613065497,0.0,0.0,0.19143666666666667,0.011099411395805328,0.019296287037037025,0.0052580462980246455,0.0,0.0,0.18441333333333335,-0.001113074074074077,-0.004003333333333359,0.007205435185185188,10,10.0,0.006092361111111111,0.007205435185185188
11,11.0,0.59086,0.010506659792721982,0.3919475648148148,0.01211778895845975,0.0,0.0,0.58779,0.01287034964560017,0.41347236111111113,0.005406809154627902,0.0,0.0,0.5909633333333333,0.00523007966797196,0.41882295370370365,0.0071584793247268,0.0,0.0,0.5909116666666667,0.4053852592592592,-0.0031216666666666892,0.008087101851851908,11,11.0,0.41347236111111113,0.008087101851851908
12,12.0,0.8488966666666666,0.018081704381316864,0.6499842314814815,0.009923355763658803,0.0,0.0,0.8386733333333334,0.013931781412774643,0.6643556944444444,0.007282453090294903,0.0,0.0,0.83963,0.003765966011530095,0.6674896203703704,0.009562074098089603,0.0,0.0,0.8442633333333334,0.6587369259259259,-0.005589999999999984,0.005618768518518502,12,12.0,0.6643556944444444,0.005618768518518502
13,13.0,1.0361966666666664,0.005964908493290863,0.8372842314814815,0.011864883300026626,0.0,0.0,1.02884,0.011500743454229438,0.854522361111111,0.003377431422300995,0.0,0.0,1.0319,0.015716968537221248,0.8597596203703702,0.009665719993968432,0.0,0.0,1.0340483333333332,0.8485219259259258,-0.005208333333333259,0.006000435185185227,13,13.0,0.854522361111111,0.006000435185185227
14,14.0,1.0473433333333333,0.012876274046995623,0.8484308981481482,0.004611885669328188,0.0,0.0,1.0087166666666667,0.0005052062285179019,0.8343990277777777,0.0077566801827064335,0.0,0.0,1.0094833333333335,0.005160235782726687,0.8373429537037037,0.008974035687488661,0.0,0.0,1.0284133333333334,0.842886925925926,-0.019696666666666696,-0.00848789814814821,14,14.0,0.8343990277777777,-0.00848789814814821
15,15.0,0.37512999999999996,0.01649754830270244,0.1762175648148148,0.029973779019106254,0.0,0.0,0.37331000000000003,0.009986806296309152,0.1989923611111111,0.005016929418491317,0.0,0.0,0.3942666666666667,0.011284699080318133,0.22212628703703705,0.013733393852413301,0.0,0.0,0.38469833333333336,0.19917192592592592,-0.011388333333333334,-0.0001795648148148199,15,15.0,0.1989923611111111,-0.0001795648148148199
16,16.0,-0.3720033333333333,0.012562461276888884,-0.5709157685185186,0.0025049347188047188,0.0,0.0,-0.38181666666666664,0.017467719751969167,-0.5561343055555555,0.014628650530574563,0.0,0.0,-0.3601666666666667,0.014571686015466203,-0.5323070462962963,0.0072849963294650205,0.0,0.0,-0.366085,-0.5516114074074074,-0.015731666666666644,-0.004522898148148102,16,16.0,-0.5561343055555555,-0.004522898148148102
17,17.0,-0.5466933333333334,0.01785716196189452,-0.7456057685185185,0.007304382752150719,0.0,0.0,-0.5569766666666667,0.009311317486442676,-0.7312943055555555,0.001149210700684553,0.0,0.0,-0.5457433333333334,0.006852549403932347,-0.7178837129629629,0.003757489267369013,0.0,0.0,-0.5462183333333334,-0.7317447407407407,-0.010758333333333314,0.0004504351851851718,17,17.0,-0.7312943055555555,0.0004504351851851718
18,18.0,-0.41812000000000005,0.01759283092626085,-0.6170324351851852,0.0026217217238534963,0.0,0.0,-0.4273466666666667,0.006840704154787967,-0.6016643055555556,0.0018357440850180935,0.0,0.0,-0.41999000000000003,0.015347250568098516,-0.5921303796296297,0.007930817104576628,0.0,0.0,-0.41905500000000007,-0.6045814074074074,-0.008291666666666642,0.002917101851851789,18,18.0,-0.6016643055555556,0.002917101851851789
19,19.0,-0.20233333333333334,0.005006259415305338,-0.4012457685185185,0.01124647286194042,0.0,0.0,-0.2242833333333333,0.00487075285077506,-0.3986009722222222,0.007374551490023818,0.0,0.0,-0.21547666666666668,0.006485016062688921,-0.3876170462962963,0.006321678123575799,0.0,0.0,-0.208905,-0.3944314074074074,-0.0153783333333333,-0.004169564814814786,19,19.0,-0.3986009722222222,-0.004169564814814786
20,20.0,0.1544,0.018097124080914066,-0.04451243518518518,0.0045531997683671225,0.0,0.0,0.12678333333333333,0.01423722702401465,-0.04753430555555555,0.010636778893751989,0.0,0.0,0.1384,0.007434319067675257,-0.03374037962962964,0.00444545103968594,0.0,0.0,0.1464,-0.039126407407407415,-0.01961666666666667,-0.008407898148148137,20,20.0,-0.04753430555555555,-0.008407898148148137
21,21.0,0.6321033333333334,0.013368187361543543,0.4331908981481482,0.003977915839601771,0.0,0.0,0.6093433333333333,0.009047045558265618,0.43502569444444444,0.006846421831967063,0.0,0.0,0.6165866666666667,0.010569845473484161,0.4444462870370371,0.004326584075348578,0.0,0.0,0.624345,0.43881859259259265,-0.015001666666666691,-0.003792898148148205,21,21.0,0.43502569444444444,-0.003792898148148205
22,22.0,0.9303500000000001,0.012362851612795484,0.7314375648148149,0.003026568430416157,0.0,0.0,0.9137066666666667,0.008146903297163447,0.7393890277777778,0.010534294824846597,0.0,0.0,0.9090566666666667,0.013612510177529116,0.736916287037037,0.011519049526036456,0.0,0.0,0.9197033333333334,0.734176925925926,-0.005996666666666761,0.005212101851851836,22,22.0,0.7393890277777778,0.005212101851851836
23,23.0,1.1542466666666666,0.018242484297193003,0.9553342314814816,0.021126026856066644,0.0,0.0,1.1315633333333333,0.019270885639568636,0.9572456944444445,0.01108415439119743,0.0,0.0,1.1412566666666668,0.009904727827322343,0.969116287037037,0.003547408840728999,0.0,0.0,1.1477516666666667,0.9622252592592593,-0.01618833333333347,-0.004979564814814763,23,23.0,0.9572456944444445,-0.004979564814814763
24,24.0,1.2115233333333333,0.01922865656600407,1.012610898148148,0.004212561504233983,0.0,0.0,1.19984,0.016711974748664458,1.025522361111111,0.023139543611919024,0.0,0.0,1.19279,0.018754794053787948,1.0206496203703705,0.017900816887059117,0.0,0.0,1.2021566666666668,1.0166302592592593,-0.0023166666666667446,0.008892101851851741,24,24.0,1.025522361111111,0.008892101851851741
25,25.0,0.6112966666666667,0.02147787776604882,0.41238423148148157,0.017901420773872988,0.0,0.0,0.5922133333333334,0.02676795160884249,0.41789569444444447,0.018688714857163037,0.0,0.0,0.6094433333333333,0.01609386321966648,0.4373029537037037,0.01893241669929842,0.0,0.0,0.6103700000000001,0.42484359259259263,-0.01815666666666671,-0.006947898148148168,25,25.0,0.41789569444444447,-0.006947898148148168
26,26.0,-0.33322333333333337,0.010498982490381328,-0.5321357685185185,0.024286736438524737,0.0,0.0,-0.34303666666666666,0.014832741935776168,-0.5173543055555556,0.012722015332621527,0.0,0.0,-0.33602,0.012157285881314144,-0.5081603796296297,0.010470467725497746,0.0,0.0,-0.3346216666666667,-0.520148074074074,-0.00841499999999995,0.0027937685185184247,26,26.0,-0.5173543055555556,0.0027937685185184247
27,27.0,-0.6577666666666667,0.008988572374595069,-0.8566791018518517,0.007968551379869548,0.0,0.0,-0.6644066666666667,0.010023683620971523,-0.8387243055555555,0.0018777169089411246,0.0,0.0,-0.6653033333333332,0.007834630389069619,-0.8374437129629629,0.0021912879355791893,0.0,0.0,-0.661535,-0.8470614074074073,-0.0028716666666667168,0.00833710185185177,27,27.0,-0.8387243055555555,0.00833710185185177
28,28.0,-0.56068,0.019531592356999444,-0.7595924351851852,0.009273823364574335,0.0,0.0,-0.5745333333333333,0.014593605905783956,-0.7488509722222222,0.006385332385946103,0.0,0.0,-0.5616366666666667,0.02706715414175144,-0.7337770462962964,0.019526019332284872,0.0,0.0,-0.5611583333333333,-0.7466847407407408,-0.013375000000000026,-0.0021662314814814287,28,28.0,-0.7488509722222222,-0.0021662314814814287
29,29.0,-0.3250233333333333,0.012995254261973229,-0.5239357685185185,0.0033696872012639375,0.0,0.0,-0.34799,0.010003194489761775,-0.5223076388888889,0.0021742556098100084,0.0,0.0,-0.3421133333333333,0.008554088690990617,-0.514253712962963,0.007306174864451874,0.0,0.0,-0.3335683333333333,-0.5190947407407407,-0.014421666666666721,-0.00321289814814818,29,29.0,-0.5223076388888889,-0.00321289814814818
30,30.0,0.12438,0.015207271287117881,-0.07453243518518517,0.0024270668895219976,0.0,0.0,0.10582666666666667,0.006552040394665873,-0.06849097222222222,0.0023337353727711733,0.0,0.0,0.11430666666666667,0.011764532856570772,-0.05783371296296297,0.0077277374894275585,0.0,0.0,0.11934333333333333,-0.06618307407407406,-0.013516666666666663,-0.002307898148148163,30,30.0,-0.06849097222222222,-0.002307898148148163
31,31.0,0.48651,0.0169505132665651,0.28759756481481485,0.0019400927290532054,0.0,0.0,0.4697966666666667,0.011588935815394505,0.2954790277777778,0.007813775350915105,0.0,0.0,0.4638766666666667,0.006128314069410383,0.291736287037037,0.0045854679919834,0.0,0.0,0.47519333333333336,0.2896669259259259,-0.005396666666666661,0.005812101851851881,31,31.0,0.2954790277777778,0.005812101851851881
32,32.0,0.6635033333333333,0.012274307855571041,0.46459089814814813,0.0031539195163864946,0.0,0.0,0.6294233333333333,0.02043056860034332,0.45510569444444443,0.01569406691542,0.0,0.0,0.6169633333333334,0.0070876676934894045,0.44482295370370367,0.006996202987516961,0.0,0.0,0.6402333333333334,0.4547069259259259,-0.010810000000000097,0.0003987685185185552,32,32.0,0.45510569444444443,0.0003987685185185552
33,33.0,0.78009,0.019365017428342294,0.5811775648148149,0.006548629909088947,0.0,0.0,0.75223,0.012452674411547127,0.5779123611111111,0.008290517388432506,0.0,0.0,0.7604666666666667,0.006001469264549589,0.588326287037037,0.003225644945838726,0.0,0.0,0.7702783333333334,0.584751925925926,-0.018048333333333444,-0.006839564814814847,33,33.0,0.5779123611111111,-0.006839564814814847
34,34.0,0.5558766666666667,0.01133836113965918,0.35696423148148154,0.011812538331551008,0.0,0.0,0.52761,0.010804114956811583,0.3532923611111111,0.009747982053915435,0.0,0.0,0.51288,0.003938362603925648,0.34073962037037037,0.0054655248250200785,0.0,0.0,0.5343783333333334,0.34885192592592595,-0.006768333333333376,0.004440435185185165,34,34.0,0.3532923611111111,0.004440435185185165
35,35.0,-0.49158666666666667,0.02280714434850041,-0.6904991018518518,0.02144366038105586,0.0,0.0,-0.50945,0.018443050181572457,-0.6837676388888889,0.014633919149667756,0.0,0.0,-0.52002,0.00834601102323738,-0.6921603796296297,0.0031021012952908225,0.0,0.0,-0.5058033333333334,-0.6913297407407408,-0.003646666666666576,0.00756210185185191,35,35.0,-0.6837676388888889,0.00756210185185191
36,36.0,-1.14494,0.016960810711755522,-1.343852435185185,0.008694448568393399,0.0,0.0,-1.1777733333333333,0.014693584767963702,-1.3520909722222223,0.006711382595686258,0.0,0.0,-1.1705733333333332,0.013365950521131428,-1.342713712962963,0.0061412371206598215,0.0,0.0,-1.1577566666666668,-1.343283074074074,-0.02001666666666657,-0.008807898148148308,36,36.0,-1.3520909722222223,-0.008807898148148308
37,37.0,-1.1009833333333334,0.005502420679422218,-1.2998957685185186,0.010068548397577596,0.0,0.0,-1.1222233333333334,0.010710561765534676,-1.2965409722222223,0.004043602177254897,0.0,0.0,-1.1228433333333332,0.008263778393285489,-1.2949837129629629,0.009902438001430322,0.0,0.0,-1.1119133333333333,-1.2974397407407408,-0.010310000000000041,0.0008987685185184446,37,37.0,-1.2965409722222223,0.0008987685185184446
38,38.0,-0.89973,0.017822805615278405,-1.0986424351851853,0.018785332925733856,0.0,0.0,-0.9343766666666666,0.0048924669986963746,-1.1086943055555556,0.012622166864119575,0.0,0.0,-0.9341466666666666,0.008064002314814498,-1.1062870462962964,0.0013343840103153975,0.0,0.0,-0.9169383333333333,-1.1024647407407409,-0.017438333333333333,-0.0062295648148147365,38,38.0,-1.1086943055555556,-0.0062295648148147365
39,39.0,-0.66042,0.011195164134571714,-0.8593324351851851,0.00518653645054965,0.0,0.0,-0.6893633333333332,0.014631323704071822,-0.8636809722222223,0.006427246923243745,0.0,0.0,-0.6872433333333333,0.00792697504306239,-0.859383712962963,0.0036987805475369013,0.0,0.0,-0.6738316666666666,-0.859358074074074,-0.01553166666666661,-0.004322898148148235,39,39.0,-0.8636809722222223,-0.004322898148148235
40,40.0,-0.28289000000000003,0.0037758310343552126,-0.48180243518518523,0.013523341192898584,0.0,0.0,-0.30966333333333335,0.004953244727785348,-0.4839809722222222,0.005268672266974897,0.0,0.0,-0.3034233333333333,0.011840026745465287,-0.4755637129629629,0.00659303184640618,0.0,0.0,-0.2931566666666667,-0.47868307407407407,-0.01650666666666667,-0.005297898148148128,40,40.0,-0.4839809722222222,-0.005297898148148128
41,41.0,0.21391666666666667,0.016957323884780086,0.015004231481481481,0.006382935814508869,0.0,0.0,0.17439666666666667,0.010861902841276623,7.90277777777774e-05,0.006062372721331614,0.0,0.0,0.17774666666666664,0.007771591428615728,0.005606287037037028,0.00024266583093653272,0.0,0.0,0.19583166666666665,0.010305259259259254,-0.021434999999999982,-0.010226231481481477,41,41.0,7.90277777777774e-05,-0.010226231481481477
42,42.0,0.5011899999999999,0.008264012342681986,0.3022775648148148,0.008035882985265556,0.0,0.0,0.46946333333333334,0.014576578245024896,0.29514569444444444,0.011030253785289854,0.0,0.0,0.4742,0.01807285533611111,0.3020596203703703,0.012925933824061707,0.0,0.0,0.487695,0.30216859259259254,-0.018231666666666646,-0.0070228981481481045,42,42.0,0.29514569444444444,-0.0070228981481481045
43,43.0,0.6998000000000001,0.00762028214700742,0.5008875648148149,0.007489340374276587,0.0,0.0,0.6777233333333333,0.0035101899283847167,0.5034056944444444,0.010110922296161336,0.0,0.0,0.6644066666666667,0.014728942030347369,0.49226628703703706,0.013067636136865126,0.0,0.0,0.6821033333333334,0.49657692592592595,-0.0043800000000000505,0.0068287685185184355,43,43.0,0.5034056944444444,0.0068287685185184355
44,44.0,0.6746233333333334,0.012950522511981293,0.47571089814814815,0.0037846954940272378,0.0,0.0,0.63555,0.013016800682195306,0.4612323611111111,0.005824800112079276,0.0,0.0,0.6269233333333334,0.019830240375076955,0.45478295370370375,0.013093132057528269,0.0,0.0,0.6507733333333334,0.465246925925926,-0.015223333333333477,-0.0040145648148148805,44,44.0,0.4612323611111111,-0.0040145648148148805
45,45.0,-0.0004166666666666667,0.012601036994364127,-0.19932910185185185,0.02106199216293177,0.0,0.0,-0.024556666666666668,0.010225958797752576,-0.19887430555555555,0.0021804145149008167,0.0,0.0,-0.030963333333333332,0.008929313150143933,-0.20310371296296295,0.008105360574264258,0.0,0.0,-0.01569,-0.2012164074074074,-0.008866666666666669,0.002342101851851852,45,45.0,-0.19887430555555555,0.002342101851851852
46,46.0,-0.7005333333333333,0.015838716277947973,-0.8994457685185185,0.02498840282457545,0.0,0.0,-0.7424333333333334,0.002869849008804004,-0.9167509722222222,0.006593272894154317,0.0,0.0,-0.7299899999999999,0.01935351905985059,-0.9021303796296296,0.012751823081061396,0.0,0.0,-0.7152616666666667,-0.9007880740740741,-0.027171666666666705,-0.015962898148148108,46,46.0,-0.9167509722222222,-0.015962898148148108
47,47.0,-0.8358566666666666,0.010590756976407921,-1.034769101851852,0.004884197817026194,0.0,0.0,-0.8582333333333333,0.008092801327929207,-1.0325509722222221,0.0015290253653557507,0.0,0.0,-0.8863533333333334,0.01305324608414828,-1.058493712962963,0.006427386892124896,0.0,0.0,-0.861105,-1.0466314074074075,0.0028716666666667168,0.014080435185185314,47,47.0,-1.0325509722222221,0.014080435185185314
48,48.0,-0.6653233333333334,0.008548779640003201,-0.8642357685185185,0.01137064696443952,0.0,0.0,-0.6929233333333333,0.0032060151798351763,-0.8672409722222222,0.009200394358160868,0.0,0.0,-0.69284,0.0074243450889624,-0.8649803796296296,0.0051642135253235286,0.0,0.0,-0.6790816666666667,-0.864608074074074,-0.013841666666666641,-0.002632898148148155,48,48.0,-0.8672409722222222,-0.002632898148148155
49,49.0,-0.37815333333333334,0.009796761369622764,-0.5770657685185184,0.005605974308313751,0.0,0.0,-0.4169533333333333,0.006306198009366115,-0.5912709722222221,0.0019265451839183586,0.0,0.0,-0.40712333333333334,0.01355719857984433,-0.579263712962963,0.011182306797643128,0.0,0.0,-0.3926383333333333,-0.5781647407407406,-0.024314999999999976,-0.01310623148148149,49,49.0,-0.5912709722222221,-0.01310623148148149
50,50.0,0.10442,0.016053881150675055,-0.09449243518518519,0.0010178044549107692,0.0,0.0,0.07584666666666666,0.013739724645469914,-0.09847097222222223,0.009469116039414728,0.0,0.0,0.08652666666666665,0.01329424436864816,-0.08561371296296298,0.005746756649039694,0.0,0.0,0.09547333333333333,-0.09005307407407409,-0.019626666666666667,-0.00841789814814814,50,50.0,-0.09847097222222223,-0.00841789814814814
51,51.0,0.5188400000000001,0.018990647698275073,0.3199275648148148,0.004742919438207363,0.0,0.0,0.48714999999999997,0.00859125718390507,0.31283236111111107,0.003293129668316425,0.0,0.0,0.48690999999999995,0.00941503584698434,0.3147696203703703,0.0037704244826780604,0.0,0.0,0.502875,0.31734859259259257,-0.01572499999999999,-0.004516231481481503,51,51.0,0.31283236111111107,-0.004516231481481503
52,52.0,0.75714,0.008521026933415941,0.5582275648148148,0.0074845634710970265,0.0,0.0,0.7377600000000001,0.005734431096455826,0.5634423611111111,0.004839430029698253,0.0,0.0,0.7279466666666666,0.010862027128180664,0.5558062870370369,0.005459617384330324,0.0,0.0,0.7425433333333333,0.5570169259259259,-0.004783333333333251,0.006425435185185235,52,52.0,0.5634423611111111,0.006425435185185235
53,53.0,0.9940166666666667,0.005204962375784615,0.7951042314814815,0.010779781957747758,0.0,0.0,0.9400833333333334,0.021501363522654412,0.7657656944444445,0.01329417218646793,0.0,0.0,0.9435633333333334,0.0014330852498484637,0.7714229537037037,0.007038482287340561,0.0,0.0,0.96879,0.7832635925925926,-0.028706666666666658,-0.01749789814814806,53,53.0,0.7657656944444445,-0.01749789814814806
54,54.0,1.0215266666666667,0.013697898865641083,0.8226142314814814,0.006374434149259952,0.0,0.0,0.9979766666666667,0.004646356995898323,0.8236590277777779,0.012823124628364465,0.0,0.0,0.9944166666666666,0.0030546085401132865,0.8222762870370369,0.006496248493036689,0.0,0.0,1.0079716666666667,0.8224452592592592,-0.009994999999999976,0.001213768518518732,54,54.0,0.8236590277777779,0.001213768518518732
55,55.0,0.40364666666666665,0.01839768010737585,0.2047342314814815,0.004374135362296813,0.0,0.0,0.36727,0.01444578485233666,0.1929523611111111,0.013258928342446193,0.0,0.0,0.38265,0.0020729930052945027,0.21050962037037038,0.005540788973264097,0.0,0.0,0.3931483333333333,0.20762192592592593,-0.025878333333333337,-0.014669564814814823,55,55.0,0.1929523611111111,-0.014669564814814823
56,56.0,-0.38011666666666666,0.01231196707814529,-0.5790291018518519,0.009910727548372276,0.0,0.0,-0.4176233333333333,0.008193938816792165,-0.5919409722222222,0.015272857286016035,0.0,0.0,-0.40754,0.020024562417191555,-0.5796803796296297,0.013715910052102128,0.0,0.0,-0.39382833333333334,-0.5793547407407408,-0.023794999999999955,-0.012586231481481414,56,56.0,-0.5919409722222222,-0.012586231481481414
57,57.0,-0.6251533333333333,0.016501091883064374,-0.8240657685185185,0.006234371852072792,0.0,0.0,-0.6516233333333333,0.013881182706575589,-0.8259409722222223,0.006049689313520464,0.0,0.0,-0.65084,0.005369441311719483,-0.8229803796296297,0.006120931456133836,0.0,0.0,-0.6379966666666667,-0.8235230740740741,-0.013626666666666676,-0.00241789814814819,57,57.0,-0.8259409722222223,-0.00241789814814819
58,58.0,-0.5048933333333333,0.01818623197183335,-0.7038057685185185,0.009322221340606063,0.0,0.0,-0.5333033333333334,0.005138660655592413,-0.7076209722222222,0.00810491501848044,0.0,0.0,-0.5414333333333333,0.009366521944314955,-0.713573712962963,0.004317056711458433,0.0,0.0,-0.5231633333333333,-0.7086897407407408,-0.010140000000000038,0.0010687685185185591,58,58.0,-0.7076209722222222,0.0010687685185185591
59,59.0,-0.2949633333333333,0.010442290617165067,-0.4938757685185185,0.007989360261617768,0.0,0.0,-0.32931333333333335,0.0047686091613103835,-0.5036309722222222,0.012634721854701783,0.0,0.0,-0.3356033333333333,0.01301888756128316,-0.507743712962963,0.005421032193119451,0.0,0.0,-0.3152833333333333,-0.5008097407407407,-0.014030000000000042,-0.002821231481481501,59,59.0,-0.5036309722222222,-0.002821231481481501
60,60.0,0.05878,0.01542043773697751,-0.14013243518518517,0.013538759064978863,0.0,0.0,0.02230666666666667,0.004958722953879692,-0.15201097222222223,0.006878456764186998,0.0,0.0,0.03183,0.012468311834406453,-0.14031037962962964,0.005598510511398991,0.0,0.0,0.045305,-0.1402214074074074,-0.02299833333333333,-0.011789564814814829,60,60.0,-0.15201097222222223,-0.011789564814814829
61,61.0,0.5468133333333333,0.01325106159269262,0.3479008981481482,0.0026876266862666215,0.0,0.0,0.5078933333333333,0.013734224890154266,0.3335756944444445,0.011446813564923797,0.0,0.0,0.52723,0.01822922653323501,0.3550896203703704,0.01101066384372796,0.0,0.0,0.5370216666666666,0.3514952592592593,-0.02912833333333331,-0.01791956481481477,61,61.0,0.3335756944444445,-0.01791956481481477
62,62.0,0.8340833333333334,0.02259490281752358,0.6351708981481482,0.007566954545497302,0.0,0.0,0.7996633333333333,0.006125816952320163,0.6253456944444444,0.005393682797816051,0.0,0.0,0.81022,0.006084167979272113,0.6380796203703704,0.0047279516003374805,0.0,0.0,0.8221516666666667,0.6366252592592593,-0.022488333333333443,-0.011279564814814846,62,62.0,0.6253456944444444,-0.011279564814814846
63,63.0,1.0618800000000002,0.0045667384422583895,0.8629675648148148,0.011520521897784124,0.0,0.0,1.01462,0.007670391124316891,0.8403023611111111,0.014586123798212747,0.0,0.0,1.0198366666666667,0.011485039544265005,0.8476962870370371,0.00933370474171448,0.0,0.0,1.0408583333333334,0.855331925925926,-0.026238333333333363,-0.015029564814814877,63,63.0,0.8403023611111111,-0.015029564814814877
64,64.0,1.0940566666666667,0.008872690309783835,0.8951442314814816,0.006571507746064456,0.0,0.0,1.04607,0.014350790918970234,0.8717523611111111,0.007040372047548385,0.0,0.0,1.0537933333333334,0.016237371503212288,0.8816529537037038,0.00938965268960616,0.0,0.0,1.073925,0.8883985925925927,-0.027854999999999963,-0.016646231481481588,64,64.0,0.8717523611111111,-0.016646231481481588
65,65.0,0.4271066666666667,0.005409633382525403,0.22819423148148146,0.016849945273598094,0.0,0.0,0.39272,0.012805190353915086,0.2184023611111111,0.020983246404667984,0.0,0.0,0.39779666666666663,0.014701688111687492,0.22565628703703702,0.02190391618422386,0.0,0.0,0.41245166666666666,0.22692525925925924,-0.019731666666666647,-0.008522898148148134,65,65.0,0.2184023611111111,-0.008522898148148134
66,66.0,-0.5531533333333333,0.009490128204262246,-0.7520657685185185,0.01324294160637721,0.0,0.0,-0.5380766666666666,0.018886165130415813,-0.7123943055555556,0.010998948773562748,0.0,0.0,-0.5716866666666667,0.009368192639636187,-0.7438270462962963,0.0026991263747712705,0.0,0.0,-0.5624199999999999,-0.7479464074074074,0.024343333333333272,0.03555210185185176,66,66.0,-0.7123943055555556,0.03555210185185176
67,67.0,-0.8318,0.02025278499367431,-1.0307124351851853,0.006357431069018752,0.0,0.0,-0.8645733333333333,0.01639145000704127,-1.0388909722222222,0.010175941600500128,0.0,0.0,-0.8599433333333333,0.01914938728349641,-1.0320837129629628,0.01155588725787056,0.0,0.0,-0.8458716666666666,-1.031398074074074,-0.018701666666666728,-0.0074928981481481305,67,67.0,-1.0388909722222222,-0.0074928981481481305
68,68.0,-0.73285,0.004577368239501775,-0.9317624351851852,0.012490229217609929,0.0,0.0,-0.7584233333333333,0.004216353084519078,-0.9327409722222222,0.005645641653436007,0.0,0.0,-0.7732733333333334,0.01127460124941602,-0.9454137129629631,0.004000641238178591,0.0,0.0,-0.7530616666666667,-0.9385880740740742,-0.005361666666666598,0.005847101851851999,68,68.0,-0.9327409722222222,0.005847101851851999
69,69.0,-0.5328499999999999,0.002221778566824349,-0.7317624351851851,0.015305304792696098,0.0,0.0,-0.5648399999999999,0.007131318251207134,-0.7391576388888889,0.004405716578253882,0.0,0.0,-0.56243,0.012862810734827777,-0.7345703796296297,0.005372598424890336,0.0,0.0,-0.5476399999999999,-0.7331664074074074,-0.017199999999999993,-0.005991231481481507,69,69.0,-0.7391576388888889,-0.005991231481481507
70,70.0,-0.09331333333333332,0.0015234609720413998,-0.2922257685185185,0.01354089083524933,0.0,0.0,-0.11855,0.006203716627957801,-0.2928676388888889,0.002140664671210287,0.0,0.0,-0.12141,0.007850834350564273,-0.29355037962962965,0.0024970469117696396,0.0,0.0,-0.10736166666666666,-0.2928880740740741,-0.011188333333333342,2.0435185185185833e-05,70,70.0,-0.2928676388888889,2.0435185185185833e-05
71,71.0,0.27172,0.019580081715866244,0.07280756481481482,0.0052782112729379705,0.0,0.0,0.24761666666666668,0.005511862963947257,0.07329902777777778,0.006929466286255068,0.0,0.0,0.24304333333333336,0.008135172606240967,0.07090295370370371,0.00963388238736868,0.0,0.0,0.2573816666666667,0.07185525925925926,-0.009764999999999996,0.0014437685185185178,71,71.0,0.07329902777777778,0.0014437685185185178
72,72.0,0.46841,0.008091551149192607,0.2694975648148148,0.009331643407579082,0.0,0.0,0.429,0.007279773348120117,0.25468236111111114,0.005296142276444783,0.0,0.0,0.44495666666666667,0.013170597303590034,0.27281628703703703,0.007502710568332672,0.0,0.0,0.45668333333333333,0.2711569259259259,-0.027683333333333338,-0.01647456481481474,72,72.0,0.25468236111111114,-0.01647456481481474
73,73.0,0.58465,0.01473101829474122,0.38573756481481486,0.014953791244199674,0.0,0.0,0.57082,0.01107979692954706,0.39650236111111115,0.008353560698628974,0.0,0.0,0.5592133333333333,0.02609343276254268,0.3870729537037037,0.01943787100019756,0.0,0.0,0.5719316666666667,0.3864052592592593,-0.001111666666666733,0.010097101851851864,73,73.0,0.39650236111111115,0.010097101851851864
74,74.0,0.39803000000000005,0.022311739062654896,0.19911756481481482,0.011250617825879257,0.0,0.0,0.36515000000000003,0.0034373390871428413,0.19083236111111113,0.009978161638248396,0.0,0.0,0.3409633333333333,0.02494004276927635,0.16882295370370368,0.017390791053450202,0.0,0.0,0.3694966666666667,0.18397025925925925,-0.004346666666666665,0.006862101851851876,74,74.0,0.19083236111111113,0.006862101851851876
75,75.0,-0.7215466666666667,0.002489705471202048,-0.9204591018518519,0.01740417804194853,0.0,0.0,-0.7273633333333334,0.016707571138059953,-0.9016809722222222,0.02430379830193699,0.0,0.0,-0.7504666666666667,0.028815895497682063,-0.9226070462962963,0.02289550866602174,0.0,0.0,-0.7360066666666667,-0.9215330740740741,0.008643333333333336,0.019852101851851933,75,75.0,-0.9016809722222222,0.019852101851851933
76,76.0,-1.3424500000000001,0.02828443388155397,-1.5413624351851851,0.01531926542399009,0.0,1.0,-1.3594466666666667,0.010615179383003034,-1.5337643055555557,0.0047069150915447,0.0,0.0,-1.3502299999999998,0.013881037425207141,-1.5223703796296295,0.007733064539266842,0.0,0.0,-1.34634,-1.5318664074074073,-0.0131066666666666,-0.001897898148148336,76,76.0,-1.5337643055555557,-0.001897898148148336
77,77.0,-1.3032233333333334,0.015896390575641232,-1.5021357685185184,0.007810224541581231,0.0,0.0,-1.3219,0.007187134338524626,-1.496217638888889,0.003567160201229409,0.0,0.0,-1.3208066666666667,0.004432677896411252,-1.4929470462962964,0.003165867551501975,0.0,0.0,-1.3120150000000002,-1.4975414074074074,-0.009884999999999922,0.0013237685185183423,77,77.0,-1.496217638888889,0.0013237685185183423
78,78.0,-1.1080633333333332,0.013408476174917652,-1.3069757685185186,0.0016359060183973784,0.0,0.0,-1.1448566666666666,0.003057880529604375,-1.3191743055555556,0.0070271779313613265,0.0,0.0,-1.1205333333333334,0.0062838708877039585,-1.292673712962963,0.0014870916937110153,0.0,0.0,-1.1142983333333332,-1.2998247407407408,-0.030558333333333465,-0.019349564814814757,78,78.0,-1.3191743055555556,-0.019349564814814757
79,79.0,-0.8364566666666667,0.010817542851005188,-1.0353691018518518,0.007414282986555947,0.0,0.0,-0.8783133333333334,0.013415574282651227,-1.0526309722222222,0.010194885793655496,0.0,0.0,-0.8672400000000001,0.0036837888104504527,-1.0393803796296297,0.005734048255001793,0.0,0.0,-0.8518483333333334,-1.0373747407407408,-0.02646499999999996,-0.015256231481481475,79,79.0,-1.0526309722222222,-0.015256231481481475
80,80.0,-0.46037,0.017369260203013832,-0.6592824351851853,0.003917132428702359,0.0,0.0,-0.48401,0.011400333328460197,-0.6583276388888889,0.012623607105169207,0.0,0.0,-0.4814766666666667,0.0011736410581320647,-0.6536170462962964,0.00709021639054574,0.0,0.0,-0.47092333333333336,-0.6564497407407408,-0.013086666666666635,-0.0018778981481480939,80,80.0,-0.6583276388888889,-0.0018778981481480939
81,81.0,0.023953333333333337,0.013121853273578902,-0.17495910185185184,0.0023833708585062744,0.0,0.0,-0.008513333333333333,0.0063171064050982495,-0.18283097222222222,0.0027645539546012083,0.0,0.0,0.014586666666666666,0.008547644899814997,-0.15755371296296297,0.00132007503362233,0.0,0.0,0.019270000000000002,-0.1662564074074074,-0.027783333333333333,-0.016574564814814813,81,81.0,-0.18283097222222222,-0.016574564814814813
82,82.0,0.31766,0.017449501425542212,0.11874756481481481,0.004107129616437014,0.0,0.0,0.27790333333333334,0.011698078189742679,0.10358569444444445,0.008730133301203959,0.0,0.0,0.28786,0.014792589360892837,0.11571962037037037,0.008361228940215022,0.0,0.0,0.30276000000000003,0.11723359259259258,-0.024856666666666694,-0.013647898148148138,82,82.0,0.10358569444444445,-0.013647898148148138
83,83.0,0.51639,0.004103401028415286,0.31747756481481487,0.015573152657256454,0.0,0.0,0.4884033333333333,0.004569401857282127,0.31408569444444445,0.008653888574322564,0.0,0.0,0.5042099999999999,0.005763080773336435,0.33206962037037036,0.011031282019865127,0.0,0.0,0.5103,0.32477359259259264,-0.021896666666666675,-0.01068789814814819,83,83.0,0.31408569444444445,-0.01068789814814819
84,84.0,0.5072633333333333,0.022169678241538236,0.30835089814814814,0.025746794557430088,0.0,0.0,0.48679333333333336,0.0005965176722724406,0.31247569444444445,0.008666778378197399,0.0,0.0,0.4837233333333333,0.01650248567135667,0.3115829537037037,0.009197541103667418,0.0,0.0,0.4954933333333333,0.3099669259259259,-0.00869999999999993,0.002508768518518556,84,84.0,0.31247569444444445,0.002508768518518556
85,85.0,-0.21053333333333332,0.019198834165993856,-0.4094457685185185,0.028081920630163577,0.0,0.0,-0.22454,0.02058519856595996,-0.3988576388888889,0.02427493098081754,0.0,0.0,-0.23051666666666668,0.022882644806344696,-0.40265704629629634,0.0202218588514807,0.0,0.0,-0.220525,-0.4060514074074074,-0.004014999999999991,0.007193768518518495,85,85.0,-0.3988576388888889,0.007193768518518495
86,86.0,-0.8748666666666667,0.022399889136630376,-1.0737791018518517,0.00842868962955681,0.0,0.0,-0.9101866666666666,0.007385833286321423,-1.0845043055555557,0.007192224405650544,0.0,0.0,-0.8842566666666668,0.02591964763134975,-1.0563970462962964,0.018352656562721646,0.0,0.0,-0.8795616666666668,-1.065088074074074,-0.03062499999999979,-0.01941623148148164,86,86.0,-1.0845043055555557,-0.01941623148148164
87,87.0,-0.9644366666666667,0.015256504623711612,-1.1633491018518518,0.005941813741448421,0.0,0.0,-0.99755,0.008802857490610652,-1.171867638888889,0.006120258047492904,0.0,0.0,-1.00014,0.00979346210489418,-1.1722803796296297,0.009537673513879253,0.0,0.0,-0.9822883333333334,-1.1678147407407407,-0.015261666666666618,-0.004052898148148243,87,87.0,-1.171867638888889,-0.004052898148148243
88,88.0,-0.7962933333333333,0.007866399006745944,-0.9952057685185185,0.008391600605560955,0.0,0.0,-0.8318666666666666,0.015908508205778903,-1.0061843055555555,0.01006568696728926,0.0,0.0,-0.8317766666666667,0.01376310405879913,-1.0039170462962963,0.007713259119369745,0.0,0.0,-0.8140350000000001,-0.9995614074074074,-0.01783166666666658,-0.006622898148148093,88,88.0,-1.0061843055555555,-0.006622898148148093
89,89.0,-0.5394066666666667,0.012569695037403785,-0.7383191018518519,0.0026305977318766658,0.0,0.0,-0.57423,0.0022680167547881845,-0.7485476388888889,0.006522668226280049,0.0,0.0,-0.5804933333333334,0.010774183650436508,-0.7526337129629631,0.004588008801327645,0.0,0.0,-0.5599500000000001,-0.7454764074074075,-0.01427999999999996,-0.0030712314814813624,89,89.0,-0.7485476388888889,-0.0030712314814813624
90,90.0,-0.07325,0.01411110555555446,-0.2721624351851852,0.019227049025832575,0.0,0.0,-0.11146,0.002395767100533774,-0.2857776388888889,0.009039443364813958,0.0,0.0,-0.11991666666666667,0.014675835013154559,-0.2920570462962963,0.007538635716412054,0.0,0.0,-0.09658333333333333,-0.28210974074074074,-0.014876666666666677,-0.003667898148148163,90,90.0,-0.2857776388888889,-0.003667898148148163
91,91.0,0.3210633333333333,0.013331512792377804,0.12215089814814815,0.0017422957346428746,0.0,0.0,0.27897333333333335,0.006363036486877421,0.10465569444444446,0.006177747226143466,0.0,0.0,0.27706666666666663,0.0048530952322547016,0.10492628703703703,0.007633010385086428,0.0,0.0,0.29906499999999997,0.1135385925925926,-0.02009166666666662,-0.008882898148148133,91,91.0,0.10465569444444446,-0.008882898148148133
92,92.0,0.53646,0.006767894798236734,0.3375475648148149,0.008426252285275047,0.0,0.0,0.4900933333333333,0.003789885662303462,0.3157756944444445,0.010566712234975932,0.0,0.0,0.49173,0.011046646549971636,0.31958962037037036,0.007213775167585056,0.0,0.0,0.514095,0.32856859259259263,-0.024001666666666643,-0.012792898148148157,92,92.0,0.3157756944444445,-0.012792898148148157
93,93.0,0.7400933333333333,0.011453411427750809,0.5411808981481482,0.006303733900921033,0.0,0.0,0.6889766666666667,0.008219941200114104,0.5146590277777778,0.012425092475001707,0.0,0.0,0.6865133333333334,0.011556233527120046,0.5143729537037037,0.003971221770897796,0.0,0.0,0.7133033333333334,0.527776925925926,-0.02432666666666672,-0.013117898148148122,93,93.0,0.5146590277777778,-0.013117898148148122
94,94.0,0.7614666666666666,0.015894169790628663,0.5625542314814815,0.011003653138386214,0.0,0.0,0.7190833333333333,0.004768189733361429,0.5447656944444444,0.005950522545785506,0.0,0.0,0.7189033333333333,0.017618468529737,0.5467629537037036,0.015932604807901454,0.0,0.0,0.740185,0.5546585925925926,-0.021101666666666685,-0.0098928981481482,94,94.0,0.5447656944444444,-0.0098928981481482
95,95.0,0.11629333333333335,0.011235498802159767,-0.08261910185185184,0.005900261198009152,0.0,0.0,0.10173333333333334,0.005403464937735168,-0.07258430555555555,0.0040510013454989734,0.0,0.0,0.10720666666666667,0.008988516748236794,-0.06493371296296296,0.0014382250963344877,0.0,0.0,0.11175000000000002,-0.0737764074074074,-0.010016666666666674,0.001192101851851854,95,95.0,-0.07258430555555555,0.001192101851851854
96,96.0,-0.6573699999999999,0.01996048095612932,-0.8562824351851851,0.007078007866121715,0.0,0.0,-0.6886800000000001,0.015708090272213263,-0.8629976388888889,0.010315323591149405,0.0,0.0,-0.66213,0.004482142344906032,-0.8342703796296296,0.003944232984387974,0.0,0.0,-0.65975,-0.8452764074074073,-0.028930000000000122,-0.017721231481481636,96,96.0,-0.8629976388888889,-0.017721231481481636
97,97.0,-0.8765033333333333,0.0016957987301957154,-1.0754157685185186,0.015305031894080019,0.0,0.0,-0.9112766666666667,0.013380606613055051,-1.0855943055555555,0.007235751416950498,0.0,0.0,-0.9175599999999999,0.021662991483172394,-1.0897003796296296,0.014325514125023316,0.0,0.0,-0.8970316666666667,-1.0825580740740741,-0.014245000000000063,-0.003036231481481355,97,97.0,-1.0855943055555555,-0.003036231481481355
98,98.0,-0.77712,0.006470092735038632,-0.9760324351851851,0.011300298045115249,0.0,0.0,-0.8150866666666666,0.004915814615435916,-0.9894043055555555,0.012978659694159138,0.0,0.0,-0.8105466666666666,0.012414738552757898,-0.9826870462962963,0.009965975651534845,0.0,0.0,-0.7938333333333334,-0.9793597407407407,-0.021253333333333235,-0.01004456481481475,98,98.0,-0.9894043055555555,-0.01004456481481475
99,99.0,-0.5740166666666667,0.013714190947093202,-0.7729291018518518,0.007818815552830032,0.0,0.0,-0.6070566666666667,0.01473370738590028,-0.7813743055555555,0.006611081497599396,0.0,0.0,-0.60236,0.010150827552470742,-0.7745003796296297,0.0030802351915290133,0.0,0.0,-0.5881883333333333,-0.7737147407407408,-0.018868333333333376,-0.007659564814814779,99,99.0,-0.7813743055555555,-0.007659564814814779
100,100.0,-0.22107,0.003104641686249798,-0.41998243518518513,0.014963354155238822,0.0,0.0,-0.24544,0.006062177826491076,-0.4197576388888889,0.01168323407999264,0.0,0.0,-0.23893333333333333,0.011320743497373897,-0.4110737129629629,0.004677538857247431,0.0,0.0,-0.23000166666666666,-0.415528074074074,-0.015438333333333332,-0.004229564814814901,100,100.0,-0.4197576388888889,-0.004229564814814901
101,101.0,0.2654,0.012385640879663835,0.06648756481481483,0.012501802017557868,0.0,0.0,0.23516666666666666,0.007983272094406735,0.06084902777777779,0.005475358203514192,0.0,0.0,0.23956333333333335,0.003542560279421274,0.0674229537037037,0.004273599786062097,0.0,0.0,0.2524816666666667,0.06695525925925927,-0.017315000000000053,-0.006106231481481483,101,101.0,0.06084902777777779,-0.006106231481481483
102,102.0,0.5732433333333333,0.013203197844966645,0.3743308981481482,0.002196932706262028,0.0,0.0,0.53408,0.005181881897534904,0.35976236111111115,0.0068411710101505055,0.0,0.0,0.5458366666666666,0.012606602767333209,0.373696287037037,0.005360250360545356,0.0,0.0,0.5595399999999999,0.3740135925925926,-0.025459999999999927,-0.014251231481481441,102,102.0,0.35976236111111115,-0.014251231481481441
103,103.0,0.7837533333333333,0.0135849487791943,0.5848408981481482,0.003929035927023757,0.0,0.0,0.7484933333333332,0.01904018207195859,0.5741756944444444,0.019862233697567643,0.0,0.0,0.7571833333333333,0.011457549185289764,0.5850429537037037,0.008987603228786747,0.0,0.0,0.7704683333333333,0.584941925925926,-0.021975000000000078,-0.010766231481481592,103,103.0,0.5741756944444444,-0.010766231481481592
104,104.0,0.8583,0.019841141600220477,0.6593875648148148,0.0072103078465325906,0.0,0.0,0.8289166666666666,0.012098335973733481,0.6545990277777778,0.011209061151641293,0.0,0.0,0.8433033333333334,0.014314280748026894,0.6711629537037037,0.013560544170017114,0.0,0.0,0.8508016666666667,0.6652752592592592,-0.021885000000000043,-0.010676231481481446,104,104.0,0.6545990277777778,-0.010676231481481446
105,105.0,0.22953333333333334,0.022780632856295585,0.030620898148148157,0.0199660477083879,0.0,0.0,0.19543666666666668,0.028043003286619173,0.02111902777777778,0.0219938542605558,0.0,0.0,0.2099,0.016863276668548147,0.03775962037037037,0.009556880313948373,0.0,0.0,0.21971666666666667,0.03419025925925926,-0.024279999999999996,-0.013071231481481479,105,105.0,0.02111902777777778,-0.013071231481481479
106,106.0,-0.7658466666666667,0.015625525057844713,-0.9647591018518519,0.0025732951172160604,0.0,0.0,-0.7958400000000001,0.01615542323803374,-0.9701576388888888,0.02284961839484687,0.0,0.0,-0.8037899999999999,0.016950684351966464,-0.9759303796296296,0.021733768265116853,0.0,0.0,-0.7848183333333333,-0.9703447407407407,-0.011021666666666818,0.00018710185185188966,106,106.0,-0.9701576388888888,0.00018710185185188966
107,107.0,-1.0738733333333335,0.012277965358044221,-1.2727857685185187,0.003680557272256706,0.0,0.0,-1.0995266666666668,0.006035166388206176,-1.2738443055555555,0.009874815931399137,0.0,0.0,-1.0965366666666665,0.010869573742025655,-1.2686770462962962,0.0038748029868607534,0.0,0.0,-1.085205,-1.2707314074074074,-0.014321666666666788,-0.00311289814814808,107,107.0,-1.2738443055555555,-0.00311289814814808
108,108.0,-0.9627466666666668,0.014533121940358652,-1.1616591018518518,0.001913029733247252,0.0,0.0,-0.9861233333333334,0.0059928652023329785,-1.1604409722222222,0.0024939336868826387,0.0,0.0,-0.9903766666666667,0.005238409427806626,-1.1625170462962962,0.0038155259020491487,0.0,0.0,-0.9765616666666668,-1.162088074074074,-0.00956166666666658,0.0016471018518517955,108,108.0,-1.1604409722222222,0.0016471018518517955
109,109.0,-0.7481466666666666,0.02193696955673992,-0.9470591018518518,0.008663463637872142,0.0,0.0,-0.7864366666666668,0.017720412899628866,-0.9607543055555556,0.01136737831159907,0.0,0.0,-0.7888799999999999,0.0019248636315334136,-0.9610203796296296,0.0058748491424243775,0.0,0.0,-0.7685133333333333,-0.9540397407407407,-0.017923333333333513,-0.006714564814814916,109,109.0,-0.9607543055555556,-0.006714564814814916
110,110.0,-0.30121,0.013432334123301129,-0.5001224351851852,0.004179647754641611,0.0,0.0,-0.34084000000000003,0.0022812058214900237,-0.5151576388888889,0.0065453332578860515,0.0,0.0,-0.3311566666666667,0.004559894004616042,-0.5032970462962963,0.005128683973310977,0.0,0.0,-0.31618333333333337,-0.5017097407407407,-0.02465666666666666,-0.013447898148148174,110,110.0,-0.5151576388888889,-0.013447898148148174
111,111.0,0.07326333333333333,0.032647548657339244,-0.12564910185185185,0.01854265140409056,0.0,0.0,0.027383333333333332,0.024317093439252424,-0.14693430555555556,0.016131459626426026,0.0,0.0,0.0353,0.009001516538894989,-0.13684037962962964,0.011248744730048794,0.0,0.0,0.054281666666666666,-0.13124474074074075,-0.026898333333333333,-0.015689564814814816,111,111.0,-0.14693430555555556,-0.015689564814814816
112,112.0,0.24658333333333335,0.01966728840825123,0.04767089814814816,0.004645048377245894,0.0,0.0,0.20729666666666668,0.013804583779793341,0.03297902777777778,0.006308719073288902,0.0,0.0,0.22495666666666667,0.01880325060550259,0.05281628703703703,0.012503421155603501,0.0,0.0,0.23577,0.05024359259259259,-0.028473333333333323,-0.01726456481481481,112,112.0,0.03297902777777778,-0.01726456481481481
113,113.0,0.3901766666666666,0.01590038469136307,0.1912642314814815,0.00316404622296022,0.0,0.0,0.3439933333333333,0.006716913973941696,0.1696756944444444,0.003123028215461375,0.0,0.0,0.34273333333333333,0.023358444582919764,0.17059295370370373,0.020406740243205247,0.0,0.0,0.366455,0.1809285925925926,-0.022461666666666658,-0.0112528981481482,113,113.0,0.1696756944444444,-0.0112528981481482
114,114.0,0.15635,0.020205001855976155,-0.04256243518518519,0.009297680494354652,0.0,0.0,0.10022000000000002,0.03076961488221782,-0.07409763888888889,0.03120745478444945,0.0,0.0,0.09139000000000001,0.01566917674927435,-0.08075037962962964,0.010255336954842395,0.0,0.0,0.12387000000000001,-0.06165640740740741,-0.02364999999999999,-0.012441231481481477,114,114.0,-0.07409763888888889,-0.012441231481481477
115,115.0,-0.8894433333333334,0.040496844733057105,-1.0883557685185186,0.027236541949923074,0.0,0.0,-0.91457,0.015631740146253712,-1.0888876388888888,0.011102288988768265,0.0,0.0,-0.93758,0.03057331352666897,-1.1097203796296295,0.02307456822038829,0.0,0.0,-0.9135116666666667,-1.0990380740740742,-0.0010583333333332723,0.010150435185185325,115,115.0,-1.0888876388888888,0.010150435185185325
116,116.0,-1.4282233333333334,0.025179087222004973,-1.6271357685185184,0.01058734756683789,0.0,1.0,-1.4591666666666665,0.005613647061699972,-1.6334843055555555,0.006270980847532832,0.0,1.0,-1.4534099999999999,0.01810099168554035,-1.6255503796296296,0.010988853213426924,0.0,1.0,-1.4408166666666666,-1.6263430740740739,-0.018349999999999866,-0.0071412314814816025,116,116.0,-1.6334843055555555,-0.0071412314814816025
117,117.0,-1.3468633333333333,0.020917768364080665,-1.5457757685185183,0.00605039490455198,0.0,1.0,-1.3765033333333332,0.014614203137131123,-1.5508209722222224,0.006856768813945837,0.0,1.0,-1.3738400000000002,0.019880344564418378,-1.5459803796296294,0.013439685210500782,0.0,0.6666666666666666,-1.3603516666666668,-1.5458780740740738,-0.016151666666666342,-0.004942898148148522,117,117.0,-1.5508209722222224,-0.004942898148148522
118,118.0,-1.1407466666666666,0.02690393527596536,-1.3396591018518518,0.011859883149333427,0.0,0.0,-1.1766133333333333,0.014510056282913934,-1.350930972222222,0.006455716735413565,0.0,0.0,-1.1695966666666668,0.024939810210451285,-1.341737046296296,0.017473049950591603,0.0,0.0,-1.1551716666666667,-1.340698074074074,-0.02144166666666658,-0.010232898148148095,118,118.0,-1.350930972222222,-0.010232898148148095
119,119.0,-0.85962,0.028893314105515835,-1.0585324351851852,0.015433298013551826,0.0,0.0,-0.90342,0.013558683564417279,-1.0777376388888888,0.005852559431670416,0.0,0.0,-0.8877366666666666,0.00903410390317341,-1.059877046296296,0.006098396270813654,0.0,0.0,-0.8736783333333333,-1.0592047407407406,-0.029741666666666666,-0.01853289814814829,119,119.0,-1.0777376388888888,-0.01853289814814829
120,120.0,-0.4519033333333333,0.01746732473315055,-0.6508157685185185,0.0034487971576133408,0.0,0.0,-0.4938533333333333,0.01577196986217426,-0.6681709722222222,0.009524052866944114,0.0,0.0,-0.48500666666666664,0.01471481339784278,-0.6571470462962963,0.007292379936031185,0.0,0.0,-0.46845499999999995,-0.6539814074074074,-0.025398333333333356,-0.014189564814814815,120,120.0,-0.6681709722222222,-0.014189564814814815
121,121.0,0.053976666666666666,0.026549392334540036,-0.14493576851851853,0.011544287940647711,0.0,0.0,0.02724,0.008791092082329704,-0.1470776388888889,0.0027247871906935974,0.0,0.0,0.007893333333333334,0.015835429685781607,-0.1642470462962963,0.00865075544988137,0.0,0.0,0.030935,-0.1545914074074074,-0.0036950000000000004,0.00751376851851851,121,121.0,-0.1470776388888889,0.00751376851851851
122,122.0,0.35862333333333335,0.02406449112973997,0.15971089814814815,0.0097495792777751,0.0,0.0,0.31386,0.00911182199123753,0.1395423611111111,0.0020212698734297227,0.0,0.0,0.3221633333333333,0.008720735825223317,0.1500229537037037,0.0061749085569735756,0.0,0.0,0.3403933333333333,0.15486692592592594,-0.026533333333333353,-0.01532456481481484,122,122.0,0.1395423611111111,-0.01532456481481484
123,123.0,0.5838633333333333,0.03243710889295364,0.3849508981481482,0.01942389645039953,0.0,0.0,0.5490700000000001,0.011833558213825653,0.37475236111111115,0.014617862539871185,0.0,0.0,0.5481166666666667,0.01640258008160097,0.37597628703703706,0.011034181955529201,0.0,0.0,0.56599,0.38046359259259266,-0.016919999999999935,-0.005711231481481505,123,123.0,0.37475236111111115,-0.005711231481481505
124,124.0,0.62152,0.04413546306543074,0.4226075648148148,0.031251553913678405,0.0,0.0,0.5661,0.01887617810892877,0.39178236111111114,0.0108690963904862,0.0,0.0,0.5660799999999999,0.008764456628907479,0.3939396203703703,0.004998768843049756,0.0,0.0,0.5937999999999999,0.40827359259259255,-0.027699999999999836,-0.016491231481481405,124,124.0,0.39178236111111114,-0.016491231481481405
125,125.0,-0.031656666666666666,0.03889598608254242,-0.23056910185185187,0.02539054236618779,0.0,0.0,-0.09377333333333333,0.01041061157345395,-0.2680909722222222,0.008605788924459243,0.0,0.0,-0.08038333333333333,0.00949195624375362,-0.252523712962963,0.00517577774992467,0.0,0.0,-0.05602,-0.24154640740740743,-0.03775333333333333,-0.02654456481481479,125,125.0,-0.2680909722222222,-0.02654456481481479
126,126.0,-0.7725233333333333,0.041912177625760896,-0.9714357685185185,0.029409031051531056,0.0,0.0,-0.8123999999999999,0.0071793314451973934,-0.9867176388888889,0.00950489106320826,0.0,0.0,-0.8047866666666667,0.023835008565833014,-0.9769270462962963,0.018373376039146298,0.0,0.0,-0.788655,-0.9741814074074074,-0.023744999999999905,-0.012536231481481419,126,126.0,-0.9867176388888889,-0.012536231481481419
127,127.0,-0.8721133333333334,0.03138776247733075,-1.0710257685185185,0.02008527342360639,0.0,0.0,-0.92625,0.02004428347434748,-1.100567638888889,0.01701096139131436,0.0,0.0,-0.93357,0.0210201784007653,-1.1057103796296295,0.013426090322023543,0.0,0.0,-0.9028416666666668,-1.088368074074074,-0.023408333333333253,-0.01219956481481499,127,127.0,-1.100567638888889,-0.01219956481481499
128,128.0,-0.7090433333333334,0.03227505899813872,-0.9079557685185184,0.01788265387497453,0.0,0.0,-0.7680266666666666,0.021468712894194032,-0.9423443055555555,0.013257201259487924,0.0,0.0,-0.7721166666666667,0.02742944099564068,-0.9442570462962964,0.021442895180981112,0.0,0.0,-0.74058,-0.9261064074074075,-0.02744666666666662,-0.016237898148148022,128,128.0,-0.9423443055555555,-0.016237898148148022
129,129.0,-0.4475733333333333,0.03706063724942319,-0.6464857685185185,0.02853791951365228,0.0,0.0,-0.49879999999999997,0.012909426788204064,-0.6731176388888889,0.006137612339873585,0.0,0.0,-0.5024033333333333,0.021358582193894155,-0.6745437129629629,0.014616101681781334,0.0,0.0,-0.47498833333333335,-0.6605147407407407,-0.02381166666666662,-0.01260289814814819,129,129.0,-0.6731176388888889,-0.01260289814814819
130,130.0,0.014733333333333334,0.03273988444288301,-0.18417910185185185,0.021151152857580416,0.0,0.0,-0.04022333333333333,0.017771326155730002,-0.21454097222222224,0.01825723998585861,0.0,0.0,-0.06022333333333333,0.018720326742162736,-0.232363712962963,0.013945243087198574,0.0,0.0,-0.022744999999999998,-0.2082714074074074,-0.017478333333333335,-0.006269564814814832,130,130.0,-0.21454097222222224,-0.006269564814814832
131,131.0,0.41693,0.03074799668271089,0.21801756481481482,0.017707433179242133,0.0,0.0,0.35001666666666664,0.01635451721492667,0.17569902777777777,0.008343291830440858,0.0,0.0,0.3262933333333333,0.019464034353990772,0.1541529537037037,0.012396498110724963,0.0,0.0,0.3716116666666667,0.18608525925925926,-0.02159500000000003,-0.01038623148148149,131,131.0,0.17569902777777777,-0.01038623148148149
132,132.0,0.63851,0.027802620380100874,0.43959756481481477,0.012872995521098208,0.0,0.0,0.5786533333333334,0.013768210970686517,0.40433569444444445,0.006688421065220031,0.0,0.0,0.56846,0.015505331341187168,0.39631962037037033,0.008234446092254523,0.0,0.0,0.603485,0.41795859259259255,-0.024831666666666696,-0.0136228981481481,132,132.0,0.40433569444444445,-0.0136228981481481
133,133.0,0.85093,0.03325740218357408,0.6520175648148149,0.020410974357971467,0.0,0.0,0.7780133333333333,0.010932119343171015,0.6036956944444444,0.010873035797641402,0.0,0.0,0.7940666666666667,0.023591187620239356,0.621926287037037,0.01602563161469622,0.0,0.0,0.8224983333333333,0.6369719259259259,-0.044485,-0.03327623148148151,133,133.0,0.6036956944444444,-0.03327623148148151
134,134.0,0.92326,0.04492000333926965,0.7243475648148149,0.031548799260785236,0.0,0.0,0.8553466666666667,0.003116830655222311,0.6810290277777779,0.0053097152791537474,0.0,0.0,0.8442966666666667,0.011958161787387435,0.672156287037037,0.0046160075985583505,0.0,0.0,0.8837783333333333,0.6982519259259259,-0.028431666666666633,-0.017222898148148036,134,134.0,0.6810290277777779,-0.017222898148148036
135,135.0,0.29899333333333333,0.06587826222156543,0.10008089814814818,0.051927143276627494,0.0,0.0,0.25262666666666667,0.009929231255909669,0.07830902777777778,0.008159093271457668,0.0,0.0,0.2648333333333333,0.020035159927820213,0.09269295370370369,0.015307633357913911,0.0,0.0,0.28191333333333335,0.09638692592592593,-0.029286666666666683,-0.018077898148148155,135,135.0,0.07830902777777778,-0.018077898148148155
136,136.0,-0.4964566666666667,0.038462075260356575,-0.6953691018518517,0.023449802628505094,0.0,0.0,-0.5499266666666667,0.01147439468265463,-0.7242443055555556,0.007324208467746676,0.0,0.0,-0.5431699999999999,0.02963034255623784,-0.7153103796296296,0.02222177813046423,0.0,0.0,-0.5198133333333333,-0.7053397407407407,-0.030113333333333325,-0.01890456481481495,136,136.0,-0.7242443055555556,-0.01890456481481495
137,137.0,-0.7226166666666667,0.050695400514576605,-0.9215291018518519,0.03737352801983214,0.0,0.0,-0.78896,0.02219779043058116,-0.9632776388888887,0.016653398408970496,0.0,0.0,-0.7971400000000001,0.010889164338919677,-0.9692803796296298,0.00436498662994266,0.0,0.0,-0.7598783333333334,-0.9454047407407409,-0.02908166666666656,-0.017872898148147853,137,137.0,-0.9632776388888887,-0.017872898148147853
138,138.0,-0.62978,0.03933223995655471,-0.8286924351851851,0.024956661765227966,0.0,0.0,-0.6838000000000001,0.004254656272838016,-0.8581176388888889,0.007025421198216164,0.0,0.0,-0.6934,0.018486706034337205,-0.8655403796296296,0.010956055388161735,0.0,0.0,-0.66159,-0.8471164074074073,-0.022210000000000063,-0.011001231481481577,138,138.0,-0.8581176388888889,-0.011001231481481577
139,139.0,-0.4335533333333333,0.023744178935758826,-0.6324657685185185,0.012656767739519395,0.0,0.0,-0.4770133333333333,0.011365149947683631,-0.6513309722222221,0.005306496931028276,0.0,0.0,-0.4756033333333333,0.016210164506670902,-0.647743712962963,0.015103071911036808,0.0,0.0,-0.4545783333333333,-0.6401047407407408,-0.022434999999999983,-0.011226231481481386,139,139.0,-0.6513309722222221,-0.011226231481481386
140,140.0,-0.05511333333333333,0.030199421076128816,-0.2540257685185185,0.020385764917677376,0.0,0.0,-0.11151,0.008486029695917871,-0.2858276388888889,0.0037776934042865733,0.0,0.0,-0.11209999999999999,0.012999780767382195,-0.2842403796296296,0.0069598711036611876,0.0,0.0,-0.08360666666666666,-0.26913307407407405,-0.027903333333333336,-0.01669456481481485,140,140.0,-0.2858276388888889,-0.01669456481481485
141,141.0,0.43062,0.03097933666171694,0.2317075648148148,0.02141215071240293,0.0,0.0,0.36691999999999997,0.01740725997967515,0.1926023611111111,0.009325037426860331,0.0,0.0,0.37528333333333336,0.015203388876606869,0.20314295370370372,0.011173316657619174,0.0,0.0,0.4029516666666667,0.21742525925925926,-0.03603166666666674,-0.02482289814814817,141,141.0,0.1926023611111111,-0.02482289814814817
142,142.0,0.71643,0.034096317983031574,0.5175175648148148,0.024236859264755172,0.0,0.0,0.64736,0.002735123397581943,0.47304236111111114,0.005484452237523675,0.0,0.0,0.64335,0.018388281594537318,0.47120962037037034,0.011751850348473312,0.0,0.0,0.67989,0.49436359259259255,-0.03252999999999995,-0.021321231481481406,142,142.0,0.47304236111111114,-0.021321231481481406
143,143.0,0.9200433333333334,0.0315484426451344,0.7211308981481482,0.01958327460939451,0.0,0.0,0.8574,0.011913844887356891,0.6830823611111111,0.005183616788724429,0.0,0.0,0.8494866666666666,0.022050760379935502,0.6773462870370371,0.0182909614605124,0.0,0.0,0.884765,0.6992385925925927,-0.027364999999999973,-0.016156231481481598,143,143.0,0.6830823611111111,-0.016156231481481598
144,144.0,0.9533699999999999,0.03906628213690161,0.7544575648148149,0.025756580773283116,0.0,0.0,0.8771366666666666,0.012701513033230834,0.7028190277777777,0.005929884644850537,0.0,0.0,0.8781733333333334,0.028492954099800377,0.7060329537037037,0.02205698929586933,0.0,0.0,0.9157716666666667,0.7302452592592592,-0.038635000000000086,-0.02742623148148149,144,144.0,0.7028190277777777,-0.02742623148148149
145,145.0,0.26749666666666666,0.04286188088888928,0.06858423148148149,0.02962285665290918,0.0,0.0,0.17747000000000002,0.013833622085339758,0.0031523611111111127,0.011549809748847279,0.0,0.0,0.18841666666666668,0.00948129386388447,0.01627628703703703,0.016852249991056372,0.0,0.0,0.22795666666666667,0.04243025925925926,-0.05048666666666665,-0.039277898148148145,145,145.0,0.0031523611111111127,-0.039277898148148145
146,146.0,-0.7080866666666666,0.04985083783983308,-0.9069991018518518,0.03870102846730245,0.0,0.0,-0.7565066666666667,0.013311815553610013,-0.9308243055555555,0.007848345523534861,0.0,0.0,-0.7646066666666668,0.01611383360139145,-0.9367470462962962,0.013062847289090431,0.0,0.0,-0.7363466666666667,-0.921873074074074,-0.020159999999999956,-0.00895123148148147,146,146.0,-0.9308243055555555,-0.00895123148148147
147,147.0,-0.9603066666666665,0.0432042143006135,-1.1592191018518518,0.03034192758258698,0.0,0.0,-1.0093566666666667,0.009549682368190761,-1.1836743055555556,0.006971625086425745,0.0,0.0,-0.99878,0.015922854643561836,-1.1709203796296295,0.00947061931575868,0.0,0.0,-0.9795433333333332,-1.1650697407407407,-0.02981333333333347,-0.018604564814814983,147,147.0,-1.1836743055555556,-0.018604564814814983
148,148.0,-0.8350233333333333,0.03819414265739364,-1.0339357685185186,0.02461117553630489,0.0,0.0,-0.86448,0.008567315799012017,-1.0387976388888889,0.0009123697539382047,0.0,0.0,-0.8843766666666667,0.015150578646815249,-1.0565170462962963,0.013125466599887557,0.0,0.0,-0.8597,-1.0452264074074074,-0.0047800000000000065,0.0064287685185184795,148,148.0,-1.0387976388888889,0.0064287685185184795
149,149.0,-0.63452,0.040446009691933744,-0.8334324351851851,0.02555482752431182,0.0,0.0,-0.6654466666666666,0.013485719607545356,-0.8397643055555556,0.005997090656783411,0.0,0.0,-0.6659133333333332,0.015612720241307557,-0.8380537129629629,0.011339321948911258,0.0,0.0,-0.6502166666666667,-0.835743074074074,-0.015229999999999966,-0.004021231481481591,149,149.0,-0.8397643055555556,-0.004021231481481591
150,150.0,-0.17283,0.026646853472783616,-0.3717424351851852,0.015496043861349944,0.0,0.0,-0.21559666666666666,0.017349447637701125,-0.38991430555555556,0.00913746516704784,0.0,0.0,-0.21458,0.017770405172645904,-0.38672037962962963,0.011173577722149325,0.0,0.0,-0.19370500000000002,-0.3792314074074074,-0.021891666666666643,-0.010682898148148157,150,150.0,-0.38991430555555556,-0.010682898148148157
151,151.0,0.18725666666666665,0.02898565909779064,-0.011655768518518508,0.018188294943327514,0.0,0.0,0.13279333333333335,0.01217707819361169,-0.04152430555555555,0.010270803858570881,0.0,0.0,0.11902,0.015433622387501907,-0.05312037962962964,0.014422588935864166,0.0,0.0,0.15313833333333332,-0.032388074074074076,-0.020344999999999974,-0.009136231481481474,151,151.0,-0.04152430555555555,-0.009136231481481474
152,152.0,0.32957,0.019980220219006598,0.13065756481481483,0.008378993231594292,0.0,0.0,0.27970333333333336,0.013240824495979587,0.10538569444444446,0.007158367963525936,0.0,0.0,0.28239,0.006195837312260521,0.11024962037037035,0.006530657994041143,0.0,0.0,0.30598,0.12045359259259258,-0.026276666666666615,-0.015067898148148129,152,152.0,0.10538569444444446,-0.015067898148148129
153,153.0,0.46937999999999996,0.03741723266090105,0.2704675648148148,0.02754132209199666,0.0,0.0,0.41994,0.019198947887840087,0.24562236111111113,0.012881520386072076,0.0,0.0,0.41933,0.016561434116645825,0.24718962037037037,0.010503895187639271,0.0,0.0,0.44435499999999994,0.2588285925925926,-0.024414999999999965,-0.013206231481481479,153,153.0,0.24562236111111113,-0.013206231481481479
154,154.0,0.25333666666666665,0.04384069152435136,0.05442423148148148,0.03139175561709238,0.0,0.0,0.18711333333333333,0.015812502437417473,0.01279569444444445,0.00965018910068671,0.0,0.0,0.17297333333333334,0.029088183740710472,0.0008329537037037038,0.021626278777046714,0.0,0.0,0.21315499999999998,0.027628592592592593,-0.026041666666666657,-0.014832898148148144,154,154.0,0.01279569444444445,-0.014832898148148144
155,155.0,-0.8072699999999999,0.04197219555848844,-1.0061824351851851,0.02747834328698373,0.0,0.0,-0.8625666666666666,0.01440354238836169,-1.0368843055555554,0.008607260546971763,0.0,0.0,-0.8435866666666666,0.02540822767005473,-1.0157270462962964,0.018636116760452223,0.0,0.0,-0.8254283333333332,-1.0109547407407407,-0.037138333333333384,-0.025929564814814787,155,155.0,-1.0368843055555554,-0.025929564814814787
156,156.0,-1.3765233333333333,0.03803109298105078,-1.5754357685185185,0.023219926384009125,0.0,1.0,-1.4125966666666667,0.017821156902214093,-1.5869143055555555,0.011800414715457716,0.0,1.0,-1.4244366666666668,0.025095221324653316,-1.5965770462962963,0.01861687917271387,0.0,1.0,-1.40048,-1.5860064074074074,-0.012116666666666775,-0.0009078981481480675,156,156.0,-1.5869143055555555,-0.0009078981481480675
157,157.0,-1.3135166666666667,0.010829405954775818,-1.512429101851852,0.00651184245853147,0.0,0.0,-1.3610033333333333,0.010089763789769023,-1.5353209722222223,0.008206544997142419,0.0,0.6666666666666666,-1.3741466666666666,0.003439786815099641,-1.546287046296296,0.004819252260844322,0.0,1.0,-1.3438316666666665,-1.5293580740740742,-0.017171666666666807,-0.005962898148148099,157,157.0,-1.5353209722222223,-0.005962898148148099
158,158.0,-1.1132199999999999,0.01998568237514046,-1.312132435185185,0.011832854653116016,0.0,0.0,-1.14805,0.01760629716891092,-1.322367638888889,0.009657967505934152,0.0,0.0,-1.15047,0.014093661695954,-1.3226103796296296,0.0081419012727454,0.0,0.0,-1.131845,-1.3173714074074074,-0.016205000000000025,-0.004996231481481539,158,158.0,-1.322367638888889,-0.004996231481481539
159,159.0,-0.8357333333333333,0.016808204345894095,-1.0346457685185186,0.0024734589255907924,0.0,0.0,-0.8788433333333333,0.02268885262267209,-1.0531609722222222,0.016431581472244532,0.0,0.0,-0.8888533333333334,0.007875114813977837,-1.060993712962963,0.0010533932129359698,0.0,0.0,-0.8622933333333334,-1.0478197407407408,-0.016549999999999954,-0.005341231481481357,159,159.0,-1.0531609722222222,-0.005341231481481357
160,160.0,-0.43642333333333333,0.019256350467659576,-0.6353357685185185,0.0063000293342285315,0.0,0.0,-0.4689933333333333,0.02139661266026315,-0.6433109722222222,0.013836930083058792,0.0,0.0,-0.4949133333333333,0.013965816601020265,-0.667053712962963,0.007774619160730177,0.0,0.0,-0.46566833333333335,-0.6511947407407408,-0.003324999999999967,0.007883768518518575,160,160.0,-0.6433109722222222,0.007883768518518575
161,161.0,0.05393333333333333,0.0186173046742361,-0.14497910185185184,0.004064723098982163,0.0,0.0,0.023746666666666666,0.010416142920166436,-0.15057097222222224,0.0058925397949074485,0.0,0.0,0.028443333333333334,0.016479236430530793,-0.14369704629629632,0.00942848741069597,0.0,0.0,0.041188333333333334,-0.14433807407407406,-0.017441666666666668,-0.006232898148148175,161,161.0,-0.15057097222222224,-0.006232898148148175
162,162.0,0.3657433333333333,0.018292327171066356,0.16683089814814814,0.007502844792644332,0.0,0.0,0.33229333333333333,0.019523975858757175,0.15797569444444445,0.011598038565546384,0.0,0.0,0.31549,0.012392897159260232,0.14334962037037036,0.006321933639816616,0.0,0.0,0.3406166666666667,0.15509025925925923,-0.00832333333333335,0.00288543518518522,162,162.0,0.15797569444444445,0.00288543518518522
163,163.0,0.5699066666666667,0.015204973966874548,0.37099423148148153,0.002832866461716437,0.0,0.0,0.5357266666666667,0.019037240696417455,0.3614090277777778,0.010840554655300991,0.0,0.0,0.52588,0.010699406525597569,0.3537396203703704,0.0035449184211927623,0.0,0.0,0.5478933333333333,0.36236692592592595,-0.012166666666666659,-0.000957898148148173,163,163.0,0.3614090277777778,-0.000957898148148173
164,164.0,0.5725733333333333,0.03657601992198352,0.3736608981481482,0.02153358511164107,0.0,0.0,0.54728,0.017210078442587054,0.3729623611111111,0.016776559662918245,0.0,0.0,0.5497033333333333,0.005910341219704067,0.3775629537037037,0.00602265543300987,0.0,0.0,0.5611383333333333,0.37561192592592596,-0.013858333333333306,-0.0026495648148148754,164,164.0,0.3729623611111111,-0.0026495648148148754
165,165.0,-0.07584666666666666,0.03086174060764126,-0.2747591018518518,0.01714169507319829,0.0,0.0,-0.09814333333333335,0.0034838532307393997,-0.2724609722222222,0.010462560166353541,0.0,0.0,-0.08935666666666668,0.014770407351638393,-0.2614970462962963,0.009919569469728213,0.0,0.0,-0.08260166666666667,-0.268128074074074,-0.015541666666666676,-0.00433289814814819,165,165.0,-0.2724609722222222,-0.00433289814814819
166,166.0,-0.85146,0.031643740297253094,-1.0503724351851853,0.018755846179483174,0.0,0.0,-0.8762433333333334,0.013813668351793177,-1.0505609722222222,0.006301472377425524,0.0,0.0,-0.8785599999999999,0.016107243712069376,-1.0507003796296297,0.010298001839710785,0.0,0.0,-0.86501,-1.0505364074074075,-0.011233333333333428,-2.4564814814720393e-05,166,166.0,-1.0505609722222222,-2.4564814814720393e-05
167,167.0,-0.9977233333333334,0.02053438173730423,-1.1966357685185185,0.009931562070877665,0.0,0.0,-1.0216033333333332,0.008742747470522862,-1.1959209722222222,0.0017486403324713953,0.0,0.0,-1.0130000000000001,0.008403433821956416,-1.1851403796296296,0.012695839069099359,0.0,0.0,-1.0053616666666667,-1.1908880740740742,-0.016241666666666488,-0.005032898148148002,167,167.0,-1.1959209722222222,-0.005032898148148002
168,168.0,-0.8482266666666667,0.020113384432594427,-1.0471391018518519,0.005128872681448597,0.0,0.0,-0.8660466666666666,0.009224339181390363,-1.0403643055555556,0.0027892393847927834,0.0,0.0,-0.8749166666666666,0.010025274726077784,-1.0470570462962963,0.004729822655623822,0.0,0.0,-0.8615716666666666,-1.047098074074074,-0.004475000000000007,0.006733768518518479,168,168.0,-1.0403643055555556,0.006733768518518479
169,169.0,-0.5841066666666667,0.019149543945831512,-0.7830191018518518,0.007600875935213638,0.0,0.0,-0.61017,0.007299458884054367,-0.7844876388888888,0.006483438791868169,0.0,0.0,-0.5943833333333334,0.008631247495775679,-0.7665237129629631,0.013671449449083268,0.0,0.0,-0.589245,-0.7747714074074075,-0.02092499999999997,-0.009716231481481374,169,169.0,-0.7844876388888888,-0.009716231481481374
170,170.0,-0.10014,0.011390790139406484,-0.29905243518518515,0.003660089907455634,0.0,0.0,-0.13047333333333333,0.008482318865341796,-0.30479097222222223,0.0019611591558483794,0.0,0.0,-0.11492666666666666,0.004804230774362665,-0.2870670462962963,0.009193376049470927,0.0,0.0,-0.10753333333333334,-0.2930597407407407,-0.022939999999999988,-0.01173123148148153,170,170.0,-0.30479097222222223,-0.01173123148148153
171,171.0,0.28863666666666665,0.007330377434575477,0.08972423148148147,0.009284236918977002,0.0,0.0,0.25293,0.012805971263437995,0.07861236111111111,0.004828293546161129,0.0,0.0,0.26134999999999997,0.011888801453468713,0.08920962037037035,0.00881690018289498,0.0,0.0,0.2749933333333333,0.08946692592592591,-0.022063333333333324,-0.010854564814814796,171,171.0,0.07861236111111111,-0.010854564814814796
172,172.0,0.5085433333333333,0.022860683133566536,0.30963089814814815,0.024198132583694718,0.0,0.0,0.47598999999999997,0.021394887239712213,0.3016723611111111,0.01959754436746013,0.0,0.0,0.47343,0.012159921874749019,0.3012896203703703,0.009960347673629568,0.0,0.0,0.4909866666666667,0.30546025925925924,-0.014996666666666714,-0.0037878981481481167,172,172.0,0.3016723611111111,-0.0037878981481481167
173,173.0,0.7078866666666667,0.008819911186249741,0.5089742314814815,0.008614948419973649,0.0,0.0,0.6833499999999999,0.024172755324952114,0.509032361111111,0.0213000486882884,0.0,0.0,0.6850999999999999,0.008774782048575317,0.5129596203703705,0.0024592346261072344,0.0,0.0,0.6964933333333333,0.510966925925926,-0.013143333333333396,-0.0019345648148149097,173,173.0,0.509032361111111,-0.0019345648148149097
174,174.0,0.7396866666666666,0.016902693079309365,0.5407742314814815,0.007221694141876044,0.0,0.0,0.7219233333333334,0.012761176800488805,0.5476056944444445,0.014017758051490347,0.0,0.0,0.7218233333333334,0.013661040711941871,0.5496829537037037,0.0073113038902698465,0.0,0.0,0.730755,0.5452285925925926,-0.008831666666666682,0.002377101851851915,174,174.0,0.5476056944444445,0.002377101851851915
175,175.0,0.10864333333333333,0.035767327735425423,-0.09026910185185184,0.022721956084717786,0.0,0.0,0.08020000000000001,0.041061340699007874,-0.09411763888888887,0.041122411498558664,0.0,0.0,0.08785,0.013717984545843458,-0.08429037962962964,0.010959360709843753,0.0,0.0,0.09824666666666666,-0.08727974074074074,-0.018046666666666655,-0.006837898148148128,175,175.0,-0.09411763888888887,-0.006837898148148128
176,176.0,-0.68404,0.02362803208056059,-0.8829524351851852,0.027496419773361053,0.0,0.0,-0.7034266666666666,0.008078151603760205,-0.8777443055555555,0.014234831408716007,0.0,0.0,-0.68819,0.008241164966192585,-0.8603303796296297,0.007947236168884335,0.0,0.0,-0.686115,-0.8716414074074075,-0.017311666666666614,-0.006102898148148017,176,176.0,-0.8777443055555555,-0.006102898148148017
177,177.0,-0.8714400000000001,0.01869518387178898,-1.0703524351851852,0.0043916585474424305,0.0,0.0,-0.8829333333333333,0.020350804242912204,-1.0572509722222223,0.014409480317219793,0.0,0.0,-0.8855833333333334,0.005837725013507688,-1.0577237129629629,0.00922282103353499,0.0,0.0,-0.8785116666666668,-1.064038074074074,-0.004421666666666546,0.006787101851851718,177,177.0,-1.0572509722222223,0.006787101851851718
178,178.0,-0.7445066666666666,0.01599151128984788,-0.9434191018518518,0.013832831837667129,0.0,0.0,-0.78011,0.01779142490077737,-0.9544276388888889,0.012698527417299288,0.0,0.0,-0.7776466666666666,0.005782787678389485,-0.9497870462962963,0.005357051828953733,0.0,0.0,-0.7610766666666666,-0.9466030740740741,-0.019033333333333347,-0.00782456481481486,178,178.0,-0.9544276388888889,-0.00782456481481486
179,179.0,-0.5456933333333334,0.016243017987225536,-0.7446057685185185,0.00788048000871114,0.0,0.0,-0.56421,0.004708279940700198,-0.7385276388888888,0.004118857272905643,0.0,0.0,-0.5674066666666667,0.007386544072388233,-0.7395470462962962,0.008537781449292058,0.0,0.0,-0.5565500000000001,-0.7420764074074073,-0.007659999999999889,0.003548768518518486,179,179.0,-0.7385276388888888,0.003548768518518486
180,180.0,-0.19032666666666667,0.014835259799994513,-0.3892391018518519,0.020120461433969228,0.0,0.0,-0.20231,0.00509231774342489,-0.3766276388888889,0.0033462255205780503,0.0,0.0,-0.20876333333333333,0.005619833923999296,-0.38090371296296294,0.004871991981948531,0.0,0.0,-0.199545,-0.3850714074074074,-0.0027649999999999897,0.008443768518518524,180,180.0,-0.3766276388888889,0.008443768518518524
181,181.0,0.29065,0.008504157806626137,0.09173756481481482,0.014201347796662465,0.0,0.0,0.28072,0.0058222761871968886,0.10640236111111112,0.011344069851253703,0.0,0.0,0.27498666666666666,0.01001136520826871,0.10284628703703702,0.008289976178423999,0.0,0.0,0.28281833333333334,0.09729192592592592,-0.002098333333333313,0.0091104351851852,181,181.0,0.10640236111111112,0.0091104351851852
182,182.0,0.5964366666666666,0.012670644550824308,0.3975242314814815,0.014211900398802177,0.0,0.0,0.5675266666666666,0.01821253780595481,0.3932090277777778,0.011112428213047002,0.0,0.0,0.57239,0.013463743907249574,0.4002496203703703,0.0075023142319643075,0.0,0.0,0.5844133333333332,0.3988869259259259,-0.016886666666666605,-0.0056778981481481194,182,182.0,0.3932090277777778,-0.0056778981481481194
183,183.0,0.8188266666666667,0.0246405445015595,0.6199142314814815,0.012868927420164978,0.0,0.0,0.8073333333333332,0.014149849233590178,0.6330156944444444,0.010470350557174407,0.0,0.0,0.8026333333333334,0.01599070459152235,0.6304929537037037,0.010854988733720887,0.0,0.0,0.8107300000000001,0.6252035925925926,-0.0033966666666668255,0.0078121018518517715,183,183.0,0.6330156944444444,0.0078121018518517715
184,184.0,0.9108266666666666,0.019621142508359005,0.7119142314814816,0.009049858418224978,0.0,0.0,0.8618166666666666,0.01802402933123815,0.6874990277777778,0.01157314288971144,0.0,0.0,0.8774033333333332,0.008059865590277111,0.7052629537037037,0.002848688854014297,0.0,0.0,0.8941149999999999,0.7085885925925927,-0.03229833333333332,-0.021089564814814832,184,184.0,0.6874990277777778,-0.021089564814814832
185,185.0,0.29236,0.024312336374770753,0.09344756481481482,0.009553593641347337,0.0,0.0,0.28579,0.018526705049738336,0.11147236111111113,0.018688541430248725,0.0,0.0,0.29954,0.016384434686616448,0.12739962037037036,0.0165402424727498,0.0,0.0,0.29595,0.1104235925925926,-0.010160000000000002,0.0010487685185185253,185,185.0,0.11147236111111113,0.0010487685185185253
186,186.0,-0.6640833333333332,0.014281779767708717,-0.8629957685185184,0.0010874951601046149,0.0,0.0,-0.6565566666666666,0.012278177117688626,-0.8308743055555555,0.01432963551956068,0.0,0.0,-0.6404833333333333,0.012749279718216754,-0.8126237129629629,0.012978383963984656,0.0,0.0,-0.6522833333333333,-0.8378097407407407,-0.00427333333333324,0.006935435185185135,186,186.0,-0.8308743055555555,0.006935435185185135
187,187.0,-0.9249066666666667,0.022054188566649452,-1.1238191018518517,0.011948366321815177,0.0,0.0,-0.9489333333333333,0.010780303026043984,-1.1232509722222221,0.0041193406580167635,0.0,0.0,-0.9516,0.010385509135328853,-1.1237403796296297,0.013936841601852804,0.0,0.0,-0.9382533333333334,-1.1237797407407406,-0.010679999999999912,0.0005287685185184632,187,187.0,-1.1232509722222221,0.0005287685185184632
188,188.0,-0.8429366666666667,0.020029002304990946,-1.0418491018518519,0.014247378374215584,0.0,0.0,-0.8485333333333333,0.011675450027015366,-1.022850972222222,0.005123013296348992,0.0,0.0,-0.8577066666666666,0.004531294884835155,-1.029847046296296,0.011803703226261345,0.0,0.0,-0.8503216666666666,-1.035848074074074,0.0017883333333333917,0.012997101851851989,188,188.0,-1.022850972222222,0.012997101851851989
189,189.0,-0.6348866666666667,0.017725000235072896,-0.8337991018518518,0.009934001235054623,0.0,0.0,-0.6548066666666666,0.011910769636481635,-0.8291243055555556,0.00935131902229785,0.0,0.0,-0.6556833333333333,0.0033311609587849847,-0.8278237129629629,0.004430724863565249,0.0,0.0,-0.645285,-0.8308114074074073,-0.00952166666666665,0.0016871018518517245,189,189.0,-0.8291243055555556,0.0016871018518517245
190,190.0,-0.19299333333333335,0.01622980077922503,-0.39190576851851855,0.0012304184703343375,0.0,0.0,-0.20471333333333333,0.015079589959058348,-0.3790309722222222,0.00756657288569718,0.0,0.0,-0.20965666666666669,0.006543587191543599,-0.3817970462962963,0.009031448119290192,0.0,0.0,-0.20132500000000003,-0.3868514074074074,-0.0033883333333332988,0.007820435185185215,190,190.0,-0.3790309722222222,0.007820435185185215
191,191.0,0.17505,0.014311739936150323,-0.023862435185185178,0.00998802429120843,0.0,0.0,0.14859999999999998,0.020291256737816905,-0.025717638888888884,0.014701978125072951,0.0,0.0,0.13784,0.006756618976973613,-0.034300379629629625,0.0008439528038544253,0.0,0.0,0.156445,-0.029081407407407403,-0.007845000000000019,0.0033637685185185194,191,191.0,-0.025717638888888884,0.0033637685185185194
192,192.0,0.34796333333333335,0.012072060028567323,0.14905089814814815,0.017534331561706105,0.0,0.0,0.33913,0.017016753509409503,0.1648123611111111,0.009683474164845753,0.0,0.0,0.3293466666666667,0.008070949964739796,0.15720628703703704,0.00923512873849711,0.0,0.0,0.33865500000000004,0.1531285925925926,0.0004749999999999477,0.011683768518518517,192,192.0,0.1648123611111111,0.011683768518518517
193,193.0,0.47259333333333337,0.015614110071769483,0.27368089814814817,0.01510909803118118,0.0,0.0,0.4484666666666666,0.02286113368434151,0.2741490277777778,0.015609100575950064,0.0,0.0,0.4289366666666667,0.012417827238826172,0.256796287037037,0.012402260481010587,0.0,0.0,0.450765,0.2652385925925926,-0.002298333333333402,0.008910435185185195,193,193.0,0.2741490277777778,0.008910435185185195
194,194.0,0.24603333333333333,0.011122761947166424,0.04712089814814816,0.021559687845201052,0.0,0.0,0.21175,0.028080642798910416,0.03743236111111112,0.02241061312838458,0.0,0.0,0.21488666666666667,0.01489001790910049,0.042746287037037034,0.01929046019366261,0.0,0.0,0.23046,0.044933592592592594,-0.018710000000000004,-0.007501231481481477,194,194.0,0.03743236111111112,-0.007501231481481477
195,195.0,-0.8052566666666667,0.033876372788911924,-1.004169101851852,0.023085119810154316,0.0,0.0,-0.8188666666666666,0.02870240814519457,-0.9931843055555555,0.02057812319244532,0.0,0.0,-0.8071299999999999,0.014088637265541324,-0.9792703796296296,0.01613145234219367,0.0,0.0,-0.8061933333333333,-0.9917197407407408,-0.012673333333333314,-0.0014645648148147172,195,195.0,-0.9931843055555555,-0.0014645648148147172
196,196.0,-1.390583333333333,0.01853468460301748,-1.5894957685185185,0.014832271802875103,0.0,1.0,-1.4110533333333333,0.004103587861047094,-1.5853709722222222,0.004189114824440456,0.0,1.0,-1.41701,0.0035641689073330186,-1.5891503796296298,0.009418491162579012,0.0,1.0,-1.4037966666666666,-1.5893230740740742,-0.007256666666666689,0.003952101851852019,196,196.0,-1.5853709722222222,0.003952101851852019
197,197.0,-1.3247666666666666,0.011249197008379487,-1.5236791018518518,0.00404510767392183,0.0,0.0,-1.3540233333333334,0.025175008109896136,-1.528340972222222,0.01760658723669798,0.0,0.3333333333333333,-1.3479833333333333,0.011513567359134773,-1.520123712962963,0.01689319402846265,0.0,0.3333333333333333,-1.3363749999999999,-1.5219014074074075,-0.017648333333333488,-0.006439564814814558,197,197.0,-1.528340972222222,-0.006439564814814558
198,198.0,-1.1204633333333334,0.012000172220986408,-1.3193757685185183,0.01194401710531853,0.0,0.0,-1.1333433333333334,0.005035795203672748,-1.3076609722222223,0.003755053884967939,0.0,0.0,-1.13387,0.008000068749704695,-1.3060103796296296,0.011409883493495329,0.0,0.0,-1.1271666666666667,-1.3126930740740739,-0.006176666666666719,0.005032101851851545,198,198.0,-1.3076609722222223,0.005032101851851545
199,199.0,-0.8088799999999999,0.020718646191293485,-1.0077924351851852,0.009470928284761903,0.0,0.0,-0.8500766666666667,0.013202470728364944,-1.0243943055555553,0.0077890932799304135,0.0,0.0,-0.8465366666666666,0.009750822187555954,-1.0186770462962962,0.004956938304402397,0.0,0.0,-0.8277083333333333,-1.0132347407407407,-0.022368333333333434,-0.011159564814814615,199,199.0,-1.0243943055555553,-0.011159564814814615
200,200.0,-0.4063133333333333,0.023552259622663226,-0.6052257685185185,0.01918802743468857,0.0,0.0,-0.4388633333333333,0.006556259095958083,-0.6131809722222222,0.002591941081101433,0.0,0.0,-0.43845333333333336,0.012181930607803248,-0.6105937129629629,0.009974369266327573,0.0,0.0,-0.42238333333333333,-0.6079097407407408,-0.016479999999999995,-0.005271231481481453,200,200.0,-0.6131809722222222,-0.005271231481481453
201,201.0,0.10486,0.01635137914672643,-0.09405243518518518,0.009989753240061796,0.0,0.0,0.07096000000000001,0.008812757797647683,-0.10335763888888888,0.002024733922467378,0.0,0.0,0.061566666666666665,0.009314044950145628,-0.11057371296296298,0.00929219681805676,0.0,0.0,0.08321333333333333,-0.10231307407407408,-0.012253333333333324,-0.0010445648148147968,201,201.0,-0.10335763888888888,-0.0010445648148147968
202,202.0,0.40816333333333327,0.015002507568181169,0.20925089814814815,0.010456902690156368,0.0,0.0,0.38020666666666664,0.009584765690059047,0.20588902777777776,0.002280808509452304,0.0,0.0,0.3519733333333333,0.008374785569394201,0.1798329537037037,0.007814611020979084,0.0,0.0,0.3800683333333333,0.19454192592592592,0.0001383333333333514,0.011347101851851837,202,202.0,0.20588902777777776,0.011347101851851837
203,203.0,0.6238,0.017255349895032565,0.4248875648148149,0.006976483977349471,0.0,0.0,0.57501,0.014301832050475216,0.4006923611111111,0.007918285919391586,0.0,0.0,0.5681533333333334,0.0037775168210523093,0.39601295370370365,0.00509724989777025,0.0,0.0,0.5959766666666667,0.41045025925925926,-0.02096666666666669,-0.009757898148148147,203,203.0,0.4006923611111111,-0.009757898148148147
204,204.0,0.59953,0.026192029321913928,0.40061756481481486,0.01471591156302112,0.0,0.0,0.5658166666666666,0.009038281547580436,0.39149902777777773,0.00644111400916111,0.0,0.0,0.5481966666666667,0.008573595123011885,0.37605628703703703,0.005706859448160561,0.0,0.0,0.5738633333333334,0.38833692592592595,-0.008046666666666757,0.003162101851851784,204,204.0,0.39149902777777773,0.003162101851851784
205,205.0,-0.06248,0.01672973101995367,-0.2613924351851852,0.009026504941780748,0.0,0.0,-0.07363,0.017660761591732112,-0.2479476388888889,0.020446160810803454,0.0,0.0,-0.07503333333333334,0.01384438634730096,-0.24717371296296298,0.013700760168892242,0.0,0.0,-0.06875666666666667,-0.2542830740740741,-0.004873333333333327,0.006335435185185173,205,205.0,-0.2479476388888889,0.006335435185185173
206,206.0,-0.72768,0.02293037941247374,-0.9265924351851851,0.024711092050997675,0.0,0.0,-0.7378733333333334,0.006659319284531506,-0.9121909722222222,0.005765584745434769,0.0,0.0,-0.7583033333333334,0.02478381999073856,-0.9304437129629631,0.017814329634219066,0.0,0.0,-0.7429916666666667,-0.9285180740740742,0.005118333333333336,0.016327101851851933,206,206.0,-0.9121909722222222,0.016327101851851933
207,207.0,-0.78306,0.017807675311505435,-0.9819724351851852,0.006443306631915105,0.0,0.0,-0.8093666666666667,0.0023547682122309157,-0.9836843055555556,0.0075449416985532225,0.0,0.0,-0.8105233333333333,0.0033486315612997813,-0.982663712962963,0.006172659321102442,0.0,0.0,-0.7967916666666666,-0.982318074074074,-0.012575000000000114,-0.0013662314814816279,207,207.0,-0.9836843055555556,-0.0013662314814816279
208,208.0,-0.5821733333333333,0.015945812407442063,-0.7810857685185185,0.010102771520227382,0.0,0.0,-0.5995266666666667,0.01504672832656098,-0.7738443055555555,0.007830696769843331,0.0,0.0,-0.6131000000000001,0.004453167412078673,-0.7852403796296296,0.006350287631422695,0.0,0.0,-0.5976366666666667,-0.783163074074074,-0.0018899999999999473,0.009318768518518539,208,208.0,-0.7738443055555555,0.009318768518518539
209,209.0,-0.30727,0.00810468383097083,-0.5061824351851852,0.009335109224951234,0.0,0.0,-0.32639666666666667,0.01335281743054002,-0.5007143055555555,0.005183288822007309,0.0,0.0,-0.34261,0.010941421297071046,-0.5147503796296297,0.009219776416403348,0.0,0.0,-0.32494,-0.5104664074074075,-0.0014566666666666617,0.009752101851851935,209,209.0,-0.5007143055555555,0.009752101851851935
210,210.0,0.17154666666666665,0.008730190910474596,-0.027365768518518508,0.006414717076200283,0.0,0.0,0.15549666666666667,0.014790471031489616,-0.018820972222222215,0.008756658464094066,0.0,0.0,0.14656333333333335,0.005102708431150394,-0.025577046296296296,0.007844988235122329,0.0,0.0,0.159055,-0.026471407407407402,-0.00355833333333333,0.007650435185185187,210,210.0,-0.018820972222222215,0.007650435185185187
211,211.0,0.5946866666666667,0.007628514490602581,0.39577423148148155,0.012180140787861993,0.0,0.0,0.57491,0.018626894534516446,0.40059236111111113,0.01514419033128292,0.0,0.0,0.5587166666666666,0.007349893423263609,0.38657628703703706,0.0016231492999562217,0.0,0.0,0.5767016666666667,0.39117525925925933,-0.0017916666666666359,0.009417101851851795,211,211.0,0.40059236111111113,0.009417101851851795
212,212.0,0.8478633333333333,0.011090727358173279,0.6489508981481481,0.004088826914662171,0.0,0.0,0.8219633333333333,0.013630048911626612,0.6476456944444444,0.005544712667749487,0.0,0.0,0.80493,0.007244577282354015,0.6327896203703703,0.0025678252150669657,0.0,0.0,0.8263966666666667,0.6408702592592592,-0.0044333333333334,0.006775435185185197,212,212.0,0.6476456944444444,0.006775435185185197
213,213.0,1.0746866666666666,0.010213551455460143,0.8757742314814815,0.013398601757518804,0.0,0.0,1.0595066666666666,0.010976248600197264,0.8851890277777779,0.0035414800281977576,0.0,0.0,1.0464466666666665,0.006043776413248084,0.874306287037037,0.012856856559610275,0.0,0.0,1.0605666666666664,0.8750402592592592,-0.0010599999999998388,0.010148768518518647,213,213.0,0.8851890277777779,0.010148768518518647
214,214.0,1.15041,0.028831628465974618,0.9514975648148147,0.013985167174847634,0.0,0.0,1.1171266666666666,0.009747339808036578,0.9428090277777779,0.004810221606250019,0.0,0.0,1.1133866666666667,0.007917362776413245,0.9412462870370369,0.0066485735550277794,0.0,0.0,1.1318983333333335,0.9463719259259258,-0.01477166666666685,-0.0035628981481479194,214,214.0,0.9428090277777779,-0.0035628981481479194
215,215.0,0.56482,0.016406318904617204,0.36590756481481485,0.009252825653555938,0.0,0.0,0.5634533333333334,0.0198739989265707,0.38913569444444446,0.011700042863696955,0.0,0.0,0.5637,0.004438051374195651,0.3915596203703704,0.006841097597252442,0.0,0.0,0.56426,0.37873359259259265,-0.0008066666666666222,0.010402101851851808,215,215.0,0.38913569444444446,0.010402101851851808
216,216.0,-0.21183333333333332,0.015276702305580663,-0.4107457685185185,0.008152524329646213,0.0,0.0,-0.22394,0.00622291732228543,-0.3982576388888888,0.0029500536174244035,0.0,0.0,-0.22619666666666668,0.022325869150681094,-0.3983370462962963,0.0214874979896137,0.0,0.0,-0.21901500000000002,-0.4045414074074074,-0.004924999999999985,0.006283768518518584,216,216.0,-0.3982576388888888,0.006283768518518584
217,217.0,-0.40901666666666664,0.010485367582175338,-0.6079291018518519,0.004625773747200346,0.0,0.0,-0.41975999999999997,0.010219104657454106,-0.5940776388888889,0.006169121557411856,0.0,0.0,-0.43603333333333333,0.010030126287008211,-0.6081737129629629,0.016887171677372716,0.0,0.0,-0.422525,-0.6080514074074074,0.0027650000000000174,0.013973768518518503,217,217.0,-0.5940776388888889,0.013973768518518503
218,218.0,-0.2696766666666666,0.017411152556144407,-0.4685891018518518,0.010584583547376781,0.0,0.0,-0.29933666666666664,0.0064403131393848765,-0.47365430555555554,0.010299354494935376,0.0,0.0,-0.29179,0.0014580466384858952,-0.46393037962962963,0.0090565918719535,0.0,0.0,-0.2807333333333333,-0.4662597407407407,-0.01860333333333336,-0.007394564814814819,218,218.0,-0.47365430555555554,-0.007394564814814819
219,219.0,-0.04217666666666667,0.016851695265857773,-0.24108910185185184,0.002831508919337539,0.0,0.0,-0.06673333333333334,0.01011786703477237,-0.24105097222222224,0.013463894050843757,0.0,0.0,-0.09029,0.0026384275620149216,-0.2624303796296296,0.007292187768169781,0.0,0.0,-0.06623333333333334,-0.2517597407407407,-0.0005000000000000004,0.010708768518518458,219,219.0,-0.24105097222222224,0.010708768518518458
220,220.0,0.3259266666666667,0.00989167495085304,0.1270142314814815,0.005740807255558498,0.0,0.0,0.2904466666666667,0.003863836608001615,0.11612902777777777,0.00526362113537724,0.0,0.0,0.29895,0.01554143172297842,0.12680962037037036,0.011429193016210742,0.0,0.0,0.3124383333333334,0.12691192592592593,-0.021991666666666687,-0.01078289814814816,220,220.0,0.11612902777777777,-0.01078289814814816
221,221.0,0.8212866666666666,0.018779047721685305,0.6223742314814815,0.008773112595432737,0.0,0.0,0.7850933333333333,0.007927019195973573,0.6107756944444445,0.0015821218913257742,0.0,0.0,0.78288,0.019343295996287674,0.6107396203703704,0.014518385602462784,0.0,0.0,0.8020833333333333,0.616556925925926,-0.01698999999999995,-0.005781231481481575,221,221.0,0.6107756944444445,-0.005781231481481575
222,222.0,1.1188766666666667,0.019500288032060782,0.9199642314814814,0.008655627819255662,0.0,0.0,1.0888266666666666,0.0051465457671465405,0.9145090277777778,0.0069521052535753535,0.0,0.0,1.08502,0.011298707890727962,0.9128796203703704,0.010217308215399205,0.0,0.0,1.1019483333333335,0.9164219259259259,-0.01312166666666692,-0.001912898148148101,222,222.0,0.9145090277777778,-0.001912898148148101
223,223.0,1.3632600000000001,0.012089247288396403,1.164347564814815,0.006125869309520573,0.0,0.0,1.3474733333333333,0.009229628017061875,1.1731556944444443,0.0026719012604657748,0.0,0.0,1.3475533333333332,0.015156953299833532,1.175412953703704,0.007731570281664527,0.0,0.0,1.3554066666666666,1.1698802592592594,-0.007933333333333348,0.003275435185184916,223,223.0,1.1731556944444443,0.003275435185184916
224,224.0,1.4585566666666665,0.02332596478890703,1.2596442314814815,0.014786511125982558,0.0,0.0,1.4418533333333332,0.009571271249595512,1.2675356944444445,0.0151504968276113,0.0,0.0,1.4237900000000001,0.011917998993119572,1.2516496203703704,0.010531579255406664,0.0,0.0,1.4411733333333334,1.255646925925926,0.0006799999999997919,0.0118887685185185,224,224.0,1.2675356944444445,0.0118887685185185
225,225.0,0.89669,0.0418555599651946,0.6977775648148148,0.028387036082957035,0.0,0.0,0.8647466666666667,0.006054686889784937,0.6904290277777778,0.007489816546567396,0.0,0.0,0.8658033333333334,0.01386887642649302,0.6936629537037037,0.017779797824693765,0.0,0.0,0.8812466666666667,0.6957202592592593,-0.01650000000000007,-0.005291231481481473,225,225.0,0.6904290277777778,-0.005291231481481473
226,226.0,-0.09385333333333334,0.010787401602486734,-0.2927657685185185,0.004648345840896978,0.0,0.0,-0.10549000000000001,0.019257133743109334,-0.2798076388888889,0.013752317086024746,0.0,0.0,-0.1049,0.006949007123323447,-0.27704037962962963,0.008232860610695012,0.0,0.0,-0.09937666666666667,-0.28490307407407406,-0.006113333333333346,0.005095435185185182,226,226.0,-0.2798076388888889,0.005095435185185182
227,227.0,-0.37662666666666667,0.02567307993469684,-0.5755391018518519,0.011904302932798858,0.0,0.0,-0.39514333333333335,0.009698774836716917,-0.5694609722222223,0.009074116958024115,0.0,0.0,-0.4040533333333333,0.0071297989686479645,-0.576193712962963,0.009739570520701938,0.0,0.0,-0.39034,-0.5758664074074074,-0.004803333333333326,0.006405435185185104,227,227.0,-0.5694609722222223,0.006405435185185104
228,228.0,-0.26576333333333335,0.01304565955915352,-0.4646757685185185,0.0030074975110224935,0.0,0.0,-0.27871,0.011141817625504388,-0.4530276388888888,0.005994560377830617,0.0,0.0,-0.27748333333333336,0.006326786967595272,-0.449623712962963,0.009507417106598276,0.0,0.0,-0.2716233333333333,-0.4571497407407408,-0.0070866666666666855,0.004122101851851967,228,228.0,-0.4530276388888888,0.004122101851851967
229,229.0,-0.051026666666666665,0.007875724305315248,-0.24993910185185184,0.010894609318591124,0.0,0.0,-0.055380000000000006,0.00504922766371254,-0.22969763888888886,0.00814907320641167,0.0,0.0,-0.08543,0.015415265161520903,-0.25757037962962964,0.008283094929608844,0.0,0.0,-0.06822833333333334,-0.2537547407407407,0.01284833333333333,0.024057101851851864,229,229.0,-0.22969763888888886,0.024057101851851864
230,230.0,0.4013866666666666,0.007590878297887095,0.2024742314814815,0.007453655974749419,0.0,0.0,0.38110333333333335,0.013786226217980493,0.20678569444444447,0.013092434232160806,0.0,0.0,0.36517333333333335,0.004647669666976488,0.19303295370370366,0.010323654290473301,0.0,0.0,0.38327999999999995,0.19775359259259256,-0.0021766666666666046,0.00903210185185191,230,230.0,0.20678569444444447,0.00903210185185191
231,231.0,0.7564666666666667,0.026095824059288376,0.5575542314814815,0.011051765351739892,0.0,0.0,0.7427366666666666,0.009007581991485476,0.5684190277777778,0.003274531808961603,0.0,0.0,0.7398866666666667,0.005344308499079511,0.567746287037037,0.005448279548521479,0.0,0.0,0.7481766666666667,0.5626502592592593,-0.005440000000000111,0.005768768518518486,231,231.0,0.5684190277777778,0.005768768518518486
232,232.0,0.9570500000000001,0.016907090228658488,0.7581375648148149,0.00927841589195007,0.0,0.0,0.94362,0.006829516820390736,0.769302361111111,0.0013897892370632171,0.0,0.0,0.9402466666666666,0.003448656743332573,0.7681062870370371,0.004152803308202183,0.0,0.0,0.9486483333333333,0.763121925925926,-0.005028333333333301,0.006180435185185074,232,232.0,0.769302361111111,0.006180435185185074
233,233.0,1.1289466666666665,0.017012437607037124,0.9300342314814815,0.00603632413448652,0.0,0.0,1.10026,0.016489672525553646,0.9259423611111112,0.009480147837051148,0.0,0.0,1.08718,0.00778231328076682,0.9150396203703703,0.009241571803036981,0.0,0.0,1.1080633333333334,0.922536925925926,-0.007803333333333384,0.0034054351851852127,233,233.0,0.9259423611111112,0.0034054351851852127
234,234.0,0.8919866666666666,0.03408865842671625,0.6930742314814816,0.02278960159202549,0.0,0.0,0.8730266666666666,0.020631098694285147,0.6987090277777778,0.013588524027081427,0.0,0.0,0.8751833333333333,0.01330834825714044,0.7030429537037036,0.020654400543179515,0.0,0.0,0.883585,0.6980585925925926,-0.010558333333333336,0.0006504351851851498,234,234.0,0.6987090277777778,0.0006504351851851498
235,235.0,-0.12847666666666666,0.02036273148016575,-0.3273891018518518,0.012862657772890874,0.0,0.0,-0.15633333333333335,0.03693929660041368,-0.33065097222222223,0.028728233551897103,0.0,0.0,-0.13474666666666668,0.011112903910919656,-0.3068870462962963,0.016054692957660793,0.0,0.0,-0.13161166666666668,-0.31713807407407407,-0.02472166666666667,-0.013512898148148156,235,235.0,-0.33065097222222223,-0.013512898148148156
236,236.0,-0.6253666666666667,0.01854370333383636,-0.8242791018518519,0.018243795641997154,0.0,0.0,-0.6309,0.013157252752759568,-0.8052176388888889,0.012500647837039441,0.0,0.0,-0.6342766666666667,0.014104188503183488,-0.8064170462962963,0.01691486273200404,0.0,0.0,-0.6298216666666667,-0.8153480740740742,-0.0010783333333332923,0.010130435185185305,236,236.0,-0.8052176388888889,0.010130435185185305
237,237.0,-0.5433766666666666,0.013091819328624028,-0.7422891018518518,0.011470862240392633,0.0,0.0,-0.5593266666666666,0.016316955394108705,-0.7336443055555556,0.008116199350757395,0.0,0.0,-0.5557233333333333,0.01929278189721049,-0.7278637129629629,0.015822312604355553,0.0,0.0,-0.54955,-0.7350764074074074,-0.009776666666666656,0.0014321018518518303,237,237.0,-0.7336443055555556,0.0014321018518518303
238,238.0,-0.32483,0.010547781757317517,-0.5237424351851852,0.0077967663751350134,0.0,0.0,-0.3350233333333333,0.013789812664910757,-0.5093409722222222,0.00630603861487909,0.0,0.0,-0.35006000000000004,0.022724990649062984,-0.5222003796296296,0.015396519518370962,0.0,0.0,-0.337445,-0.5229714074074074,0.002421666666666711,0.013630435185185252,238,238.0,-0.5093409722222222,0.013630435185185252
239,239.0,-0.05114333333333334,0.015215565495022964,-0.2500557685185185,0.0020946290180485316,0.0,0.0,-0.05580666666666667,0.008858557068356747,-0.23012430555555555,0.010237105857891624,0.0,0.0,-0.06189,0.008960267853139213,-0.2340303796296296,0.001438485102699814,0.0,0.0,-0.05651666666666667,-0.24204307407407405,0.0007100000000000023,0.011918768518518502,239,239.0,-0.23012430555555555,0.011918768518518502
240,240.0,0.35957666666666666,0.013736834909590096,0.16066423148148148,0.0030637157271170426,0.0,0.0,0.35264333333333336,0.006360474300972651,0.17832569444444446,0.002396149390425075,0.0,0.0,0.34708999999999995,0.008421846590861181,0.17494962037037035,0.008638680853619338,0.0,0.0,0.3533333333333333,0.16780692592592591,-0.0006899999999999129,0.010518768518518545,240,240.0,0.17832569444444446,0.010518768518518545
241,241.0,0.8754466666666666,0.005787031478515846,0.6765342314814816,0.009262408023290565,0.0,0.0,0.8590300000000001,0.016831509142082285,0.6847123611111111,0.00884651662213319,0.0,0.0,0.86599,0.005700166664230053,0.6938496203703703,0.004697229881255057,0.0,0.0,0.8707183333333333,0.685191925925926,-0.01168833333333319,-0.00047956481481492563,241,241.0,0.6847123611111111,-0.00047956481481492563
242,242.0,1.18278,0.01700140288329167,0.9838675648148149,0.003174602130380071,0.0,0.0,1.1687,0.005123485141971312,0.9943823611111111,0.007211167320445211,0.0,0.0,1.1594033333333333,0.008509749310839509,0.9872629537037038,0.015532662373502122,0.0,0.0,1.1710916666666666,0.9855652592592593,-0.00239166666666657,0.008817101851851805,242,242.0,0.9943823611111111,0.008817101851851805
243,243.0,1.4027333333333332,0.022385567523146115,1.2038208981481482,0.007617382168016856,0.0,0.0,1.3899133333333333,0.008573595123011866,1.2155956944444444,0.005339729780003449,0.0,0.0,1.3946533333333333,0.01824238288528485,1.2225129537037038,0.019780296119519408,0.0,0.0,1.3986933333333331,1.213166925925926,-0.008779999999999788,0.002428768518518476,243,243.0,1.2155956944444444,0.002428768518518476
244,244.0,1.4339199999999999,0.007359123589123894,1.2350075648148149,0.007719228467318424,0.0,0.0,1.4236266666666666,0.0024687108646686815,1.2493090277777779,0.005744295983467457,0.0,0.0,1.42692,0.0119884069000014,1.2547796203703703,0.00792932557743165,0.0,0.0,1.4304199999999998,1.2448935925925926,-0.006793333333333207,0.004415435185185279,244,244.0,1.2493090277777779,0.004415435185185279
245,245.0,0.8388266666666667,0.011002546674899109,0.6399142314814815,0.014517470056258504,0.0,0.0,0.8223433333333333,0.017586089199516024,0.6480256944444444,0.02569411974905957,0.0,0.0,0.82062,0.017303745259336242,0.6484796203703703,0.011094300836797138,0.0,0.0,0.8297233333333334,0.6441969259259259,-0.007380000000000053,0.003828768518518433,245,245.0,0.6480256944444444,0.003828768518518433
246,246.0,0.12890666666666667,0.015818989643252606,-0.07000576851851852,0.002348711384503299,0.0,0.0,0.11875333333333334,0.024191902226433814,-0.055564305555555554,0.016018512856175417,0.0,0.0,0.11610666666666668,0.013336402563410168,-0.056033712962962966,0.014383221824015559,0.0,0.0,0.12250666666666668,-0.06301974074074074,-0.0037533333333333446,0.007455435185185183,246,246.0,-0.055564305555555554,0.007455435185185183
247,247.0,0.020063333333333332,0.004371433784621853,-0.17884910185185185,0.010712135121972608,0.0,0.0,0.013223333333333332,0.01711102665924325,-0.16109430555555557,0.008949940205331686,0.0,0.0,0.00834,0.005740104528664961,-0.16380037962962965,0.0031623183218118752,0.0,0.0,0.014201666666666666,-0.17132474074074075,-0.0009783333333333345,0.010230435185185183,247,247.0,-0.16109430555555557,0.010230435185185183
248,248.0,0.18963666666666668,0.011304920757499075,-0.009275768518518515,0.007339185025216492,0.0,0.0,0.16971666666666665,0.02364734727899375,-0.004600972222222212,0.019176094339657824,0.0,0.0,0.17342,0.014680500672660995,0.001279620370370364,0.008167544677401892,0.0,0.0,0.18152833333333335,-0.003998074074074076,-0.011811666666666693,-0.0006028981481481363,248,248.0,-0.004600972222222212,-0.0006028981481481363
249,249.0,0.47198333333333337,0.013491691270309048,0.27307089814814817,0.004165113775191283,0.0,0.0,0.45241333333333333,0.0165475688043088,0.27809569444444443,0.013777380605386455,0.0,0.0,0.45143666666666665,0.009133522504123637,0.279296287037037,0.013011964058125462,0.0,0.0,0.46171,0.2761835925925926,-0.009296666666666675,0.0019121018518518107,249,249.0,0.27809569444444443,0.0019121018518518107
250,250.0,0.9516833333333333,0.01198745316292553,0.7527708981481481,0.0030996178947769173,0.0,0.0,0.9366666666666666,0.015500691382429772,0.7623490277777778,0.007705768885935844,0.0,0.0,0.9319866666666666,0.015632787126207935,0.7598462870370369,0.01445683186382257,0.0,0.0,0.941835,0.7563085925925925,-0.00516833333333333,0.006040435185185267,250,250.0,0.7623490277777778,0.006040435185185267
251,251.0,1.3676933333333334,0.02008910484151382,1.168780898148148,0.006384622801375396,0.0,0.0,1.3567066666666667,0.012336066363850842,1.1823890277777778,0.005488281932253533,0.0,0.0,1.3495266666666665,0.002868611743218959,1.177386287037037,0.004876181541711356,0.0,0.0,1.35861,1.1730835925925924,-0.001903333333333368,0.00930543518518534,251,251.0,1.1823890277777778,0.00930543518518534
252,252.0,1.6306766666666668,0.01909132350921052,1.4317642314814816,0.011609686886912243,0.0,0.0,1.61499,0.012103582114398985,1.440672361111111,0.005869790144943756,0.0,0.0,1.5956433333333333,0.009905777775285106,1.4235029537037036,0.011031431677423037,0.0,0.0,1.6131600000000001,1.4276335925925925,0.0018299999999997763,0.013038768518518484,252,252.0,1.440672361111111,0.013038768518518484
253,253.0,1.8408600000000002,0.020509609942658578,1.6419475648148147,0.0078119002040044905,1.0,0.0,1.8152066666666666,0.013284623943993832,1.640889027777778,0.009465151681070885,1.0,0.0,1.8057666666666667,0.006075033607588848,1.633626287037037,0.004626601558734249,1.0,0.0,1.8233133333333336,1.637786925925926,-0.008106666666666928,0.0031021018518520016,253,253.0,1.640889027777778,0.0031021018518520016
254,254.0,1.886453333333333,0.0024888618550119113,1.6875408981481481,0.013003902704114119,1.0,0.0,1.87144,0.009980596174577963,1.697122361111111,0.004561058199720092,1.0,0.0,1.86108,0.015936715470886684,1.6889396203703704,0.01938227868158669,1.0,0.0,1.8737666666666666,1.6882402592592594,-0.002326666666666588,0.008882101851851676,254,254.0,1.697122361111111,0.008882101851851676
255,255.0,1.3338466666666668,0.010316502960467397,1.1349342314814814,0.005802553714713953,0.0,0.0,1.3203333333333334,0.016610085289766978,1.1460156944444444,0.012924567420704943,0.0,0.0,1.3293233333333332,0.0025732728835732082,1.1571829537037035,0.00839393277037965,0.0,0.0,1.331585,1.1460585925925924,-0.01125166666666666,-4.289814814795179e-05,255,255.0,1.1460156944444444,-4.289814814795179e-05
256,256.0,0.4533066666666667,0.020443880094867847,0.2543942314814815,0.010207181249325644,0.0,0.0,0.44711999999999996,0.019965993589100447,0.2728023611111111,0.014821641786069744,0.0,0.0,0.43732,0.017720335775599762,0.2651796203703704,0.010890066240570944,0.0,0.0,0.44531333333333334,0.25978692592592595,0.0018066666666666231,0.013015435185185165,256,256.0,0.2728023611111111,0.013015435185185165
257,257.0,0.18747666666666665,0.014907355007959434,-0.011435768518518519,0.008749377701739438,0.0,0.0,0.17486666666666664,0.011108196673327906,0.0005490277777777756,0.0038050777056032677,0.0,0.0,0.16719666666666666,0.010620265219538218,-0.004943712962962967,0.012292603084554255,0.0,0.0,0.17733666666666664,-0.008189740740740742,-0.00247,0.008738768518518517,257,257.0,0.0005490277777777756,0.008738768518518517
258,258.0,0.2860533333333333,0.01254596482273615,0.08714089814814814,0.011188835307486912,0.0,0.0,0.27718000000000004,0.0033980582690707447,0.10286236111111113,0.009344868271535219,0.0,0.0,0.2754733333333333,0.01068580522624913,0.1033329537037037,0.017442797315424655,0.0,0.0,0.2807633333333333,0.09523692592592592,-0.0035833333333332718,0.007625435185185214,258,258.0,0.10286236111111113,0.007625435185185214
259,259.0,0.5065733333333333,0.011249952592492722,0.3076608981481482,0.005884839985010346,0.0,0.0,0.5010366666666667,0.011966588207727958,0.3267190277777778,0.006802029983852963,0.0,0.0,0.5092766666666667,0.011570809536645818,0.3371362870370371,0.005622415212043265,0.0,0.0,0.507925,0.3223985925925926,-0.006888333333333274,0.004320435185185156,259,259.0,0.3267190277777778,0.004320435185185156
260,260.0,0.8830766666666667,0.019106361069898527,0.6841642314814815,0.005959182657502092,0.0,0.0,0.8777499999999999,0.01612665185337616,0.7034323611111111,0.010829765500237044,0.0,0.0,0.8775433333333332,0.006494492538553971,0.7054029537037038,0.009466077115931596,0.0,0.0,0.8803099999999999,0.6947835925925927,-0.0025600000000000067,0.008648768518518368,260,260.0,0.7034323611111111,0.008648768518518368
261,261.0,1.3682666666666667,0.008928685980217559,1.1693542314814815,0.006153055668250078,0.0,0.0,1.35842,0.009381806862220118,1.184102361111111,0.001959680447621577,0.0,0.0,1.3541466666666666,0.004289246243028438,1.182006287037037,0.0042709221011853465,0.0,0.0,1.3612066666666667,1.1756802592592592,-0.002786666666666715,0.008422101851851771,261,261.0,1.184102361111111,0.008422101851851771
262,262.0,1.6632299999999998,0.014384126667962873,1.4643175648148148,0.011982348374801412,0.0,0.0,1.6514300000000002,0.016353076163217684,1.477112361111111,0.009436162750651787,0.0,0.0,1.6382666666666665,0.013763056830999973,1.466126287037037,0.009653879518673343,0.0,0.0,1.650748333333333,1.4652219259259258,0.0006816666666671356,0.011890435185185178,262,262.0,1.477112361111111,0.011890435185185178
263,263.0,1.8813300000000002,0.012825462954607129,1.6824175648148147,0.0031653706677088308,1.0,0.0,1.86737,0.015036878000436163,1.6930523611111112,0.01062603065386085,1.0,0.0,1.86017,0.006599121153608297,1.6880296203703704,0.005580188612067282,1.0,0.0,1.8707500000000001,1.6852235925925925,-0.0033800000000001607,0.00782876851851877,263,263.0,1.6930523611111112,0.00782876851851877
264,264.0,1.9048633333333334,0.010865239681356897,1.7059508981481482,0.005501073025052152,1.0,0.0,1.9092200000000001,0.02978021658752664,1.734902361111111,0.02164155895778885,1.0,0.0,1.8816499999999998,0.008366976753881868,1.7095096203703706,0.004190225193049569,1.0,0.0,1.8932566666666666,1.7077302592592594,0.01596333333333355,0.027172101851851593,264,264.0,1.734902361111111,0.027172101851851593
265,265.0,1.2645266666666666,0.01861480145833776,1.0656142314814814,0.0036594189962229863,0.0,0.0,1.2584833333333334,0.028349836566254342,1.0841656944444444,0.0204290109814207,0.0,0.0,1.2779333333333334,0.017136021514147653,1.1057929537037037,0.01270323787982532,0.0,0.0,1.27123,1.0857035925925924,-0.012746666666666684,-0.0015378981481479759,265,265.0,1.0841656944444444,-0.0015378981481479759
266,266.0,0.32548,0.010928847148716107,0.12656756481481482,0.004824753858729478,0.0,0.0,0.32841000000000004,0.002223533224397603,0.1540923611111111,0.006338548792122942,0.0,0.0,0.32682,0.003583755013948369,0.15467962037037036,0.006149712477616817,0.0,0.0,0.32615,0.1406235925925926,0.0022600000000000398,0.013468768518518498,266,266.0,0.1540923611111111,0.013468768518518498
267,267.0,0.08447333333333333,0.015476564002818367,-0.11443910185185184,0.00069060680585125,0.0,0.0,0.06931333333333334,0.021870622609640848,-0.10500430555555555,0.0164125251192534,0.0,0.0,0.07383,0.009708470528358215,-0.09831037962962963,0.010039420935692593,0.0,0.0,0.07915166666666668,-0.10637474074074074,-0.009838333333333338,0.0013704351851851898,267,267.0,-0.10500430555555555,0.0013704351851851898
268,268.0,0.21614666666666668,0.011787096051756488,0.017234231481481493,0.0037585140608321814,0.0,0.0,0.20512,0.009854628354230304,0.03080236111111111,0.00794978788753449,0.0,0.0,0.18703333333333336,0.013389863081201887,0.014892953703703702,0.013263765569244445,0.0,0.0,0.20159000000000002,0.016063592592592598,0.0035299999999999776,0.014738768518518512,268,268.0,0.03080236111111111,0.014738768518518512
269,269.0,0.4348733333333333,0.014155614904811912,0.23596089814814816,0.0046709944199708866,0.0,0.0,0.4237866666666667,0.005680302222006605,0.2494690277777778,0.00926121618550003,0.0,0.0,0.4140633333333333,0.010043233211139401,0.24192295370370367,0.005937242215998122,0.0,0.0,0.4244683333333333,0.23894192592592592,-0.0006816666666665805,0.010527101851851878,269,269.0,0.2494690277777778,0.010527101851851878
270,270.0,0.8800833333333333,0.019078417998705622,0.6811708981481481,0.014072439533604516,0.0,0.0,0.8679600000000001,0.006879454920268011,0.6936423611111112,0.0034437358124105376,0.0,0.0,0.86782,0.011394397746261088,0.6956796203703703,0.006543116268399941,0.0,0.0,0.8739516666666667,0.6884252592592592,-0.005991666666666617,0.00521710185185198,270,270.0,0.6936423611111112,0.00521710185185198
271,271.0,1.2419666666666667,0.016272665219113084,1.0430542314814815,0.005788033743175745,0.0,0.0,1.2297133333333334,0.01586796878410508,1.0553956944444443,0.008006919279328324,0.0,0.0,1.2331533333333333,0.0052840735548752935,1.0610129537037036,0.007101532512093434,0.0,0.0,1.23756,1.0520335925925925,-0.007846666666666557,0.0033621018518517065,271,271.0,1.0553956944444443,0.0033621018518517065
272,272.0,1.4281199999999998,0.017790539620820965,1.2292075648148149,0.009678244234570246,0.0,0.0,1.4179066666666669,0.01745627203423839,1.2435890277777777,0.009992829913443574,0.0,0.0,1.4158933333333332,0.005661928411180554,1.2437529537037035,0.0059272395550156055,0.0,0.0,1.4220066666666664,1.2364802592592592,-0.0040999999999995485,0.0071087685185184935,272,272.0,1.2435890277777777,0.0071087685185184935
273,273.0,1.5567833333333334,0.01675379757945442,1.357870898148148,0.010606775585249476,0.0,0.0,1.5547700000000002,0.007612167890949351,1.380452361111111,0.005081828051565605,0.0,0.0,1.5474033333333335,0.012450125836044039,1.3752629537037038,0.012895170472712627,0.0,0.0,1.5520933333333335,1.3665669259259259,0.0026766666666666605,0.013885435185185147,273,273.0,1.380452361111111,0.013885435185185147
274,274.0,1.3638899999999998,0.019128902216280025,1.1649775648148148,0.01084193480670692,0.0,0.0,1.3319533333333335,0.025840745603278058,1.1576356944444444,0.021021841623287144,0.0,0.0,1.3287966666666666,0.008048455338344954,1.156656287037037,0.008284343367994733,0.0,0.0,1.3463433333333332,1.1608169259259258,-0.01438999999999968,-0.003181231481481417,274,274.0,1.1576356944444444,-0.003181231481481417
275,275.0,0.3240766666666666,0.026952642418385128,0.12516423148148148,0.011919691837502714,0.0,0.0,0.31351666666666667,0.021168571830270783,0.1391990277777778,0.018893908210235132,0.0,0.0,0.3058066666666666,0.015891851161313267,0.133666287037037,0.010003027029907494,0.0,0.0,0.3149416666666666,0.12941525925925923,-0.001424999999999954,0.00978376851851856,275,275.0,0.1391990277777778,0.00978376851851856
276,276.0,-0.27787333333333336,0.008703708022063557,-0.47678576851851845,0.008247521658112104,0.0,0.0,-0.29095333333333334,0.005764384905029627,-0.4652709722222222,0.01397149903319497,0.0,0.0,-0.3016366666666667,0.012140981563833012,-0.4737770462962963,0.00456751383483729,0.0,0.0,-0.28975500000000004,-0.4752814074074074,-0.0011983333333333013,0.010010435185185185,276,276.0,-0.4652709722222222,0.010010435185185185
277,277.0,-0.24694666666666665,0.02028424593948056,-0.44585910185185185,0.006030068267925629,0.0,0.0,-0.2666033333333333,0.019089940632001264,-0.4409209722222222,0.013348273409409384,0.0,0.0,-0.25858333333333333,0.011833077931516098,-0.430723712962963,0.004518863092631643,0.0,0.0,-0.252765,-0.43829140740740746,-0.013838333333333286,-0.0026295648148147444,277,277.0,-0.4409209722222222,-0.0026295648148147444
278,278.0,-0.039023333333333333,0.027373243018198143,-0.23793576851851853,0.014418786323979707,0.0,0.0,-0.05971333333333334,0.007274313255100674,-0.23403097222222224,0.00949288755455666,0.0,0.0,-0.07023,0.010878662601625256,-0.24237037962962962,0.004027495734409818,0.0,0.0,-0.05462666666666667,-0.24015307407407407,-0.00508666666666667,0.00612210185185183,278,278.0,-0.23403097222222224,0.00612210185185183
279,279.0,0.21596,0.02094304657875734,0.017047564814814824,0.006413296241887929,0.0,0.0,0.20359333333333332,0.006349286049102951,0.029275694444444455,0.005193810922745887,0.0,0.0,0.19281,0.011928021629759072,0.020669620370370363,0.007174019073606316,0.0,0.0,0.204385,0.018858592592592593,-0.0007916666666666905,0.010417101851851861,279,279.0,0.029275694444444455,0.010417101851851861
280,280.0,0.62394,0.017852195943356654,0.4250275648148148,0.003805200143311597,0.0,0.0,0.60677,0.008128917517111395,0.4324523611111111,0.0009676677064588874,0.0,0.0,0.59519,0.014014924188164517,0.42304962037037036,0.006449127176225747,0.0,0.0,0.609565,0.4240385925925926,-0.002794999999999992,0.00841376851851855,280,280.0,0.4324523611111111,0.00841376851851855
281,281.0,1.1271133333333332,0.023511208674445744,0.9282008981481482,0.00949314662060417,0.0,0.0,1.0978833333333333,0.006595796641296103,0.9235656944444445,0.009216617282032297,0.0,0.0,1.0820333333333334,0.007084845328822163,0.9098929537037037,0.013018565114152543,0.0,0.0,1.1045733333333332,0.919046925925926,-0.006689999999999863,0.004518768518518512,281,281.0,0.9235656944444445,0.004518768518518512
282,282.0,1.40208,0.030164122728831406,1.2031675648148148,0.015286940698139597,0.0,0.0,1.3840933333333334,0.010649024994492854,1.2097756944444444,0.005937353573503179,0.0,0.0,1.36318,0.012063088327621619,1.1910396203703704,0.013659626528228802,0.0,0.0,1.38263,1.1971035925925926,0.001463333333333372,0.012672101851851858,282,282.0,1.2097756944444444,0.012672101851851858
283,283.0,1.6081933333333334,0.021133315720287055,1.409280898148148,0.01172676155846863,0.0,0.0,1.58134,0.012845586790800988,1.407022361111111,0.00687724094476459,0.0,0.0,1.56468,0.00758168187145837,1.3925396203703704,0.01371098994325449,0.0,0.0,1.5864366666666667,1.400910259259259,-0.005096666666666749,0.006112101851851959,283,283.0,1.407022361111111,0.006112101851851959
284,284.0,1.61629,0.031333523580982715,1.4173775648148148,0.018058569366788183,0.0,0.0,1.5681566666666666,0.011359160767122393,1.393839027777778,0.007800429810886494,0.0,0.0,1.5462833333333332,0.014776441836021758,1.3741429537037035,0.013153717350294249,0.0,0.0,1.5812866666666667,1.395760259259259,-0.013130000000000086,-0.001921231481481156,284,284.0,1.393839027777778,-0.001921231481481156
285,285.0,0.9595133333333333,0.024792259544731556,0.7606008981481481,0.012967986843002606,0.0,0.0,0.9176666666666667,0.01603141395302778,0.7433490277777777,0.007819308488259583,0.0,0.0,0.9179666666666666,0.004768242163872687,0.745826287037037,0.009482381749853113,0.0,0.0,0.9387399999999999,0.7532135925925926,-0.021073333333333166,-0.009864564814814902,285,285.0,0.7433490277777777,-0.009864564814814902
286,286.0,0.16579,0.018687592140241086,-0.03312243518518518,0.004372285865106955,0.0,0.0,0.15803666666666666,0.018164152425404638,-0.016280972222222228,0.013175766337025765,0.0,0.0,0.15019000000000002,0.007440369614474805,-0.021950379629629636,0.0033828431010386496,0.0,0.0,0.15799000000000002,-0.027536407407407405,4.666666666663932e-05,0.011255435185185177,286,286.0,-0.016280972222222228,0.011255435185185177
287,287.0,0.013813333333333335,0.022472303694399766,-0.18509910185185185,0.011990939588069516,0.0,0.0,0.005086666666666667,0.008497778140980931,-0.16923097222222225,0.007250251391128992,0.0,0.0,-0.019713333333333333,0.010948572205239062,-0.19185371296296297,0.0041568927411059844,0.0,0.0,-0.0029499999999999986,-0.1884764074074074,0.008036666666666666,0.01924543518518515,287,287.0,-0.16923097222222225,0.01924543518518515
288,288.0,0.17077666666666666,0.020631183517513797,-0.02813576851851851,0.0067062652423706464,0.0,0.0,0.15212,0.01943214604720744,-0.02219763888888889,0.01478449400596265,0.0,0.0,0.14204999999999998,0.008592339611537709,-0.030090379629629644,0.002852050860856366,0.0,0.0,0.15641333333333332,-0.029113074074074076,-0.004293333333333316,0.006915435185185188,288,288.0,-0.02219763888888889,0.006915435185185188
289,289.0,0.4224033333333333,0.015918022280840455,0.22349089814814815,0.0033634003105751462,0.0,0.0,0.41453333333333336,0.0112433150508795,0.24021569444444446,0.005517870635098205,0.0,0.0,0.40395000000000003,0.002328583260267917,0.23180962037037034,0.005270107573392956,0.0,0.0,0.41317666666666664,0.22765025925925925,0.0013566666666667282,0.012565435185185214,289,289.0,0.24021569444444446,0.012565435185185214
290,290.0,0.8942633333333333,0.01504793784321734,0.6953508981481482,0.004611774421612913,0.0,0.0,0.8822033333333333,0.013680483665913757,0.7078856944444444,0.005468117562654668,0.0,0.0,0.87386,0.006078642940657091,0.7017196203703704,0.007091280988464297,0.0,0.0,0.8840616666666666,0.6985352592592593,-0.0018583333333332952,0.00935043518518508,290,290.0,0.7078856944444444,0.00935043518518508
291,291.0,1.2910966666666666,0.009038143245895865,1.0921842314814814,0.006012414901308269,0.0,0.0,1.2823466666666665,0.0053079782717464705,1.1080290277777778,0.005309011491072976,0.0,0.0,1.2536633333333334,0.013190911012258983,1.0815229537037039,0.010338568733860777,0.0,0.0,1.27238,1.0868535925925926,0.009966666666666457,0.021175435185185165,291,291.0,1.1080290277777778,0.021175435185185165
292,292.0,1.5166866666666667,0.005636367033234506,1.3177742314814815,0.012325801152727777,0.0,0.0,1.4863499999999998,0.00865596326239895,1.312032361111111,0.006753523747818303,0.0,0.0,1.4703366666666666,0.003230871915340143,1.298196287037037,0.010795082305535466,0.0,0.0,1.4935116666666666,1.3079852592592593,-0.007161666666666733,0.004047101851851753,292,292.0,1.312032361111111,0.004047101851851753
293,293.0,1.7119533333333334,0.018848388083158064,1.513040898148148,0.012565610233413392,0.0,0.0,1.68638,0.0008362415918860349,1.512062361111111,0.00843649207715531,0.0,0.0,1.6794033333333331,0.013700847905634668,1.5072629537037037,0.007694547915987624,0.3333333333333333,0.0,1.6956783333333334,1.5101519259259257,-0.009298333333333408,0.0019104351851852996,293,293.0,1.512062361111111,0.0019104351851852996
294,294.0,1.7345966666666666,0.01843012298747177,1.5356842314814816,0.00428322284564719,1.0,0.0,1.7169633333333334,0.016221462120700834,1.5426456944444444,0.021274873617880566,1.0,0.0,1.6894733333333332,0.003925828999502288,1.5173329537037035,0.004515533390209633,0.6666666666666666,0.0,1.7120349999999998,1.5265085925925925,0.004928333333333645,0.01613710185185191,294,294.0,1.5426456944444444,0.01613710185185191
295,295.0,1.12378,0.0027780028797681007,0.9248675648148148,0.017645796897013656,0.0,0.0,1.09969,0.01788989658997499,0.9253723611111111,0.024236656780612993,0.0,0.0,1.0936066666666668,0.013357396203352367,0.921466287037037,0.016966236693469704,0.0,0.0,1.1086933333333335,0.9231669259259259,-0.009003333333333474,0.002205435185185234,295,295.0,0.9253723611111111,0.002205435185185234
296,296.0,0.30304,0.010582707593050071,0.10412756481481482,0.01048968947838211,0.0,0.0,0.2708933333333334,0.00787997673431421,0.09657569444444446,0.00591958056989319,0.0,0.0,0.2608433333333333,0.007899065345554072,0.08870295370370368,0.0012644763379390687,0.0,0.0,0.28194166666666665,0.09641525925925926,-0.011048333333333271,0.00016043518518520095,296,296.0,0.09657569444444446,0.00016043518518520095
297,297.0,0.06551,0.01681128490032811,-0.1334024351851852,0.008690988488568849,0.0,0.0,0.041343333333333336,0.007965967193839888,-0.13297430555555556,0.002795543817322124,0.0,0.0,0.036803333333333334,0.007909869362595903,-0.1353370462962963,0.0037726276384102302,0.0,0.0,0.05115666666666667,-0.13436974074074076,-0.009813333333333334,0.001395435185185201,297,297.0,-0.13297430555555556,0.001395435185185201
298,298.0,0.17228,0.0068331617864646026,-0.026632435185185183,0.008232737314296733,0.0,0.0,0.16544666666666666,0.015452560737086061,-0.008870972222222218,0.010184321212918488,0.0,0.0,0.14660666666666666,0.006411492285991877,-0.025533712962962973,0.004259965771244045,0.0,0.0,0.15944333333333333,-0.026083074074074078,0.006003333333333333,0.01721210185185186,298,298.0,-0.008870972222222218,0.01721210185185186
299,299.0,0.3684066666666667,0.015267928259372112,0.1694942314814815,0.0014616258644726786,0.0,0.0,0.34269,0.01165680487955424,0.16837236111111112,0.0035994516111811387,0.0,0.0,0.3359366666666667,0.00564526645370557,0.16379628703703705,0.0032828360934739394,0.0,0.0,0.3521716666666667,0.16664525925925927,-0.009481666666666722,0.0017271018518518477,299,299.0,0.16837236111111112,0.0017271018518518477
300,300.0,0.7142333333333334,0.011900140055198235,0.5153208981481482,0.0041431346807109855,0.0,0.0,0.6994233333333333,0.01591729038917529,0.5251056944444444,0.007766700050794541,0.0,0.0,0.6865633333333333,0.012889345729451647,0.5144229537037037,0.006793554634789817,0.0,0.0,0.7003983333333333,0.514871925925926,-0.0009750000000000592,0.010233768518518427,300,300.0,0.5251056944444444,0.010233768518518427
301,301.0,1.1894733333333332,0.008105938152572713,0.9905608981481482,0.010244229648617913,0.0,0.0,1.16695,0.013193532506497293,0.9926323611111111,0.00833610931837517,0.0,0.0,1.1560666666666666,0.007700729402682139,0.9839262870370371,0.0037775864994806963,0.0,0.0,1.1727699999999999,0.9872435925925926,-0.005819999999999936,0.005388768518518439,301,301.0,0.9926323611111111,0.005388768518518439
302,302.0,1.4673666666666667,0.02173225329627213,1.2684542314814815,0.015796500233030746,0.0,0.0,1.4389033333333334,0.00627638696491334,1.2645856944444445,0.0039947313511551,0.0,0.0,1.4351200000000002,0.008636428660042267,1.2629796203703705,0.005924881921150615,0.0,0.0,1.4512433333333334,1.265716925925926,-0.012340000000000018,-0.0011312314814815316,302,302.0,1.2645856944444445,-0.0011312314814815316
303,303.0,1.6885199999999998,0.0154483041140444,1.4896075648148148,0.004590149636582143,0.0,0.0,1.6529966666666667,0.013071347800947495,1.4786790277777777,0.009899692403252405,0.0,0.0,1.6379233333333334,0.000866621793710047,1.4657829537037037,0.008217033417662755,0.0,0.0,1.6632216666666666,1.4776952592592592,-0.010224999999999929,0.0009837685185185574,303,303.0,1.4786790277777777,0.0009837685185185574
304,304.0,1.7197266666666666,0.014551760489141339,1.5208142314814814,0.004153184073150918,0.0,0.0,1.6841866666666665,0.010383276618357664,1.5098690277777778,0.008211180095936362,0.0,0.0,1.6618833333333332,0.005921227350248733,1.4897429537037035,0.006994576598915517,0.0,0.0,1.690805,1.5052785925925924,-0.006618333333333393,0.004590435185185315,304,304.0,1.5098690277777778,0.004590435185185315
305,305.0,1.1393433333333334,0.022761731773600434,0.9404308981481483,0.00805832192238135,0.0,0.0,1.0966,0.006066687728901146,0.9222823611111112,0.011814214729680972,0.0,0.0,1.10903,0.015967329144224465,0.9368896203703704,0.009783980100803088,0.0,0.0,1.1241866666666667,0.9386602592592593,-0.027586666666666648,-0.016377898148148162,305,305.0,0.9222823611111112,-0.016377898148148162
306,306.0,0.13342333333333334,0.012858932044821355,-0.06548910185185185,0.01100690205099911,0.0,0.0,0.12750333333333333,0.01279007557965681,-0.046814305555555547,0.020938384759710545,0.0,0.0,0.11879333333333335,0.018596368821179397,-0.0533470462962963,0.011065635324346722,0.0,0.0,0.12610833333333335,-0.059418074074074075,0.0013949999999999796,0.012603768518518528,306,306.0,-0.046814305555555547,0.012603768518518528
307,307.0,-0.16180333333333333,0.014716036604104156,-0.3607157685185185,0.004702653642232915,0.0,0.0,-0.1861366666666667,0.0104425683303167,-0.3604543055555556,0.01406388071586656,0.0,0.0,-0.18359333333333336,0.00687514605905456,-0.35573371296296297,0.002195555873666821,0.0,0.0,-0.17269833333333334,-0.35822474074074073,-0.013438333333333358,-0.002229564814814844,307,307.0,-0.3604543055555556,-0.002229564814814844
308,308.0,-0.04876666666666667,0.009047233462961666,-0.24767910185185182,0.006371451429293291,0.0,0.0,-0.07595,0.002500959815750747,-0.25026763888888887,0.008181182929348094,0.0,0.0,-0.08457666666666667,0.01140529847629308,-0.25671704629629627,0.004848828652169149,0.0,0.0,-0.06667166666666667,-0.252198074074074,-0.009278333333333333,0.0019304351851851531,308,308.0,-0.25026763888888887,0.0019304351851851531
309,309.0,0.16573333333333332,0.018841959381479763,-0.03317910185185185,0.017256314640806417,0.0,0.0,0.14589333333333335,0.00831766994616482,-0.028424305555555546,0.0014741508708824413,0.0,0.0,0.13149,0.010276263912531643,-0.040650379629629634,0.005470261871816091,0.0,0.0,0.14861166666666664,-0.03691474074074074,-0.002718333333333295,0.008490435185185195,309,309.0,-0.028424305555555546,0.008490435185185195
310,310.0,0.6078066666666667,0.016929749948931126,0.40889423148148146,0.005750107404883445,0.0,0.0,0.5797933333333333,0.007248340039852836,0.4054756944444444,0.010829177393151585,0.0,0.0,0.57084,0.004053442980973072,0.3986996203703703,0.011635153413094469,0.0,0.0,0.5893233333333334,0.40379692592592586,-0.00953000000000015,0.0016787685185185586,310,310.0,0.4054756944444444,0.0016787685185185586
311,311.0,0.9612233333333333,0.012837762006414241,0.7623108981481481,0.002923331334902273,0.0,0.0,0.9514966666666668,0.004858851030164778,0.7771790277777777,0.008880354516891727,0.0,0.0,0.9426266666666666,0.005736744140480149,0.7704862870370371,0.0067431650197278615,0.0,0.0,0.9519249999999999,0.7663985925925927,-0.00042833333333314183,0.010780435185185011,311,311.0,0.7771790277777777,0.010780435185185011
312,312.0,1.18927,0.021812420773495076,0.9903575648148149,0.006808752930162169,0.0,0.0,1.1560266666666668,0.01598339555079998,0.9817090277777778,0.00939158126025123,0.0,0.0,1.1381633333333334,0.00805857514287319,0.9660229537037038,0.003717765139358665,0.0,0.0,1.1637166666666667,0.9781902592592593,-0.007689999999999975,0.0035187685185185114,312,312.0,0.9817090277777778,0.0035187685185185114
313,313.0,1.2945733333333334,0.004958410363547308,1.0956608981481482,0.012424683473914153,0.0,0.0,1.2689000000000001,0.006348535264137716,1.0945823611111112,0.002003119431484401,0.0,0.0,1.25641,0.013881221127840196,1.0842696203703703,0.006294581572151142,0.0,0.0,1.2754916666666667,1.0899652592592592,-0.006591666666666551,0.004617101851851935,313,313.0,1.0945823611111112,0.004617101851851935
314,314.0,1.1211333333333335,0.02447887320391473,0.9222208981481482,0.009474118779558227,0.0,0.0,1.1088066666666665,0.007105415774839143,0.9344890277777779,0.002175707984672611,0.0,0.0,1.0714933333333334,0.01552275211853016,0.8993529537037036,0.015302903695714645,0.0,0.0,1.0963133333333335,0.9107869259259259,0.012493333333333023,0.023702101851851953,314,314.0,0.9344890277777779,0.023702101851851953
315,315.0,0.06588,0.007754798514468312,-0.13303243518518518,0.010980857956643985,0.0,0.0,0.06532666666666666,0.003561071935995301,-0.10899097222222222,0.006360969240533421,0.0,0.0,0.04433333333333333,0.028132334302957036,-0.1278070462962963,0.027381237855880775,0.0,0.0,0.055106666666666665,-0.13041974074074075,0.010219999999999993,0.021428768518518534,315,315.0,-0.10899097222222222,0.021428768518518534
316,316.0,-0.5775533333333334,0.029775245311052113,-0.7764657685185185,0.015124927076074893,0.0,0.0,-0.6118800000000001,0.017480489123591493,-0.7861976388888889,0.014367237139142142,0.0,0.0,-0.6105766666666667,0.0018278220190525438,-0.7827170462962963,0.006624792878798987,0.0,0.0,-0.5940650000000001,-0.7795914074074074,-0.017815000000000025,-0.006606231481481539,316,316.0,-0.7861976388888889,-0.006606231481481539
317,317.0,-0.5964133333333334,0.020653513825335746,-0.7953257685185185,0.009893599033433816,0.0,0.0,-0.60006,0.011223693687908638,-0.7743776388888889,0.009267277360638955,0.0,0.0,-0.6205066666666667,0.018876096877621013,-0.7926470462962962,0.01127760363475067,0.0,0.0,-0.60846,-0.7939864074074074,0.008399999999999963,0.01960876851851856,317,317.0,-0.7743776388888889,0.01960876851851856
318,318.0,-0.4219366666666667,0.0001850225211516961,-0.6208491018518519,0.014912419785916634,0.0,0.0,-0.4365866666666667,0.022781837795343325,-0.6109043055555555,0.015693868112918494,0.0,0.0,-0.44972666666666666,0.009926078446865765,-0.6218670462962963,0.005814287060364224,0.0,0.0,-0.4358316666666667,-0.6213580740740741,-0.0007550000000000057,0.010453768518518536,318,318.0,-0.6109043055555555,0.010453768518518536
319,319.0,-0.1733,0.02096790642863516,-0.37221243518518515,0.007368070855431439,0.0,0.0,-0.18263666666666667,0.018554062448243865,-0.3569543055555555,0.01278473285303439,0.0,0.0,-0.20481333333333332,0.0016542470593394795,-0.376953712962963,0.006148948671200625,0.0,0.0,-0.18905666666666665,-0.3745830740740741,0.006419999999999981,0.01762876851851858,319,319.0,-0.3569543055555555,0.01762876851851858
320,320.0,0.2051166666666667,0.011599889367288521,0.0062042314814814885,0.006213813612600554,0.0,0.0,0.17679999999999998,0.00850017058652355,0.002482361111111118,0.005298013958195515,0.0,0.0,0.18019333333333334,0.0018690728539394392,0.0080529537037037,0.00858529242162219,0.0,0.0,0.19265500000000002,0.007128592592592594,-0.015855000000000036,-0.004646231481481477,320,320.0,0.002482361111111118,-0.004646231481481477
321,321.0,0.6845500000000001,0.01368667965578211,0.48563756481481485,0.007824615703562446,0.0,0.0,0.6696966666666667,0.015505045415390857,0.4953790277777778,0.00817069660508491,0.0,0.0,0.6636933333333334,0.008728518392793422,0.4915529537037037,0.0016331552175967248,0.0,0.0,0.6741216666666667,0.4885952592592593,-0.004425000000000012,0.006783768518518529,321,321.0,0.4953790277777778,0.006783768518518529
322,322.0,0.97056,0.005975307523466872,0.7716475648148148,0.011180955053502153,0.0,0.0,0.95508,0.010958617613549625,0.7807623611111111,0.0029260167674599775,0.0,0.0,0.9586566666666667,0.010626628502650023,0.786516287037037,0.0032474749224852815,0.0,0.0,0.9646083333333333,0.7790819259259258,-0.00952833333333325,0.0016804351851852362,322,322.0,0.7807623611111111,0.0016804351851852362
323,323.0,1.17499,0.016966799933988728,0.9760775648148149,0.004041474678270605,0.0,0.0,1.1572866666666666,0.0047787690186211085,0.9829690277777777,0.004508976566695793,0.0,0.0,1.1470533333333333,0.004958410363547308,0.9749129537037038,0.0028689577314354913,0.0,0.0,1.1610216666666666,0.9754952592592594,-0.003735000000000044,0.007473768518518331,323,323.0,0.9829690277777777,0.007473768518518331
324,324.0,1.1299033333333333,0.021825064337438603,0.9309908981481482,0.00947516396716876,0.0,0.0,1.0956633333333332,0.027367484965435427,0.9213456944444444,0.01956882494374695,0.0,0.0,1.1093366666666666,0.02888856059642522,0.9371962870370371,0.028482272035717453,0.0,0.0,1.1196199999999998,0.9340935925925926,-0.023956666666666626,-0.012747898148148251,324,324.0,0.9213456944444444,-0.012747898148148251
325,325.0,0.4349366666666667,0.021750003065133878,0.23602423148148147,0.011443635623297616,0.0,0.0,0.4278766666666667,0.03444957522718291,0.2535590277777778,0.02962048781785849,0.0,0.0,0.43516,0.06285176926706201,0.26301962037037036,0.055436451705750664,0.0,0.0,0.43504833333333337,0.24952192592592592,-0.007171666666666687,0.004037101851851854,325,325.0,0.2535590277777778,0.004037101851851854
326,326.0,-0.23199666666666666,0.01136198192804994,-0.4309091018518519,0.007696096953381206,0.0,0.0,-0.23948,0.00233283089828645,-0.4137976388888889,0.007492838114649595,0.0,0.0,-0.27797333333333335,0.03966175151620683,-0.45011371296296293,0.04725680103652283,0.0,0.0,-0.254985,-0.4405114074074074,0.015505000000000019,0.026713768518518533,326,326.0,-0.4137976388888889,0.026713768518518533
327,327.0,-0.30609333333333333,0.016184750023813588,-0.5050057685185185,0.009701007917332092,0.0,0.0,-0.32448333333333335,0.006542418003562083,-0.49880097222222225,0.010439712677565579,0.0,0.0,-0.33652666666666664,0.016800578363060408,-0.5086670462962962,0.00935645121283153,0.0,0.0,-0.32131,-0.5068364074074074,-0.0031733333333333613,0.00803543518518518,327,327.0,-0.49880097222222225,0.00803543518518518
328,328.0,-0.14711333333333335,0.015493722384673532,-0.3460257685185186,0.00833951575005845,0.0,0.0,-0.16200666666666666,0.014868074298083572,-0.33632430555555554,0.006656237067685807,0.0,0.0,-0.14821666666666666,0.00790736576448399,-0.3203570462962963,0.004789552764819047,0.0,0.0,-0.147665,-0.33319140740740744,-0.01434166666666667,-0.0031328981481481,328,328.0,-0.33632430555555554,-0.0031328981481481
329,329.0,0.13206333333333334,0.030524911684283926,-0.06684910185185185,0.01932496288581341,0.0,0.0,0.12886333333333333,0.005928594549581993,-0.04545430555555555,0.0022852295559651647,0.0,0.0,0.12553,0.012777116263069696,-0.04661037962962963,0.00899333257361131,0.0,0.0,0.12879666666666667,-0.05672974074074073,6.666666666665932e-05,0.01127543518518518,329,329.0,-0.04545430555555555,0.01127543518518518
330,330.0,0.6197499999999999,0.01146652955344379,0.4208375648148148,0.004659473422512741,0.0,0.0,0.6064866666666666,0.01446771002381966,0.4321690277777777,0.007108723804133669,0.0,0.0,0.61261,0.0131258066418792,0.44046962037037035,0.012717431123882274,0.0,0.0,0.61618,0.4306535925925926,-0.009693333333333332,0.001515435185185099,330,330.0,0.4321690277777777,0.001515435185185099
331,331.0,1.0326766666666667,0.01751178270003752,0.8337642314814815,0.009113397229166856,0.0,0.0,1.01851,0.013921210435878005,0.8441923611111112,0.006786844194723763,0.0,0.0,1.0240066666666667,0.00480205511560764,0.851866287037037,0.0028495268193847365,0.0,0.0,1.0283416666666667,0.8428152592592593,-0.009831666666666683,0.001377101851851914,331,331.0,0.8441923611111112,0.001377101851851914
332,332.0,1.2969566666666668,0.011832097588058157,1.0980442314814816,0.011777055855014934,0.0,0.0,1.2791733333333333,0.007379175654050563,1.1048556944444445,0.0038053953964676747,0.0,0.0,1.2674533333333333,0.009361390566221092,1.0953129537037036,0.008495243578895448,0.0,0.0,1.282205,1.0966785925925926,-0.0030316666666667658,0.008177101851851942,332,332.0,1.1048556944444445,0.008177101851851942
333,333.0,1.50765,0.014452325072458012,1.308737564814815,0.012590790938777198,0.0,0.0,1.49469,0.004821607615723177,1.320372361111111,0.004271759813148966,0.0,0.0,1.4883833333333332,0.001623463376036949,1.3162429537037037,0.00668597723001812,0.0,0.0,1.4980166666666666,1.3124902592592593,-0.003326666666666478,0.007882101851851564,333,333.0,1.320372361111111,0.007882101851851564
334,334.0,1.5737100000000002,0.019514950678902507,1.3747975648148147,0.004887942116132044,0.0,0.0,1.5662633333333333,0.007239877991605516,1.3919456944444442,0.00453597750228491,0.0,0.0,1.5545033333333331,0.007550339948196658,1.3823629537037039,0.0034661389210934495,0.0,0.0,1.5641066666666665,1.3785802592592593,0.0021566666666668066,0.013365435185184849,334,334.0,1.3919456944444442,0.013365435185184849
335,335.0,0.9889133333333332,0.026252764298894893,0.7900008981481482,0.018373252735800993,0.0,0.0,0.9694600000000001,0.015597704959384229,0.795142361111111,0.009000027821630526,0.0,0.0,0.9530433333333334,0.014790815844074802,0.7809029537037038,0.010293452860828408,0.0,0.0,0.9709783333333333,0.785451925925926,-0.0015183333333331772,0.009690435185184976,335,335.0,0.795142361111111,0.009690435185184976
336,336.0,0.15065666666666666,0.016013623366787834,-0.04825576851851852,0.010535718883394593,0.0,0.0,0.14503666666666667,0.008885405636960721,-0.02928097222222223,0.007661037405172798,0.0,0.0,0.14148000000000002,0.0023551645377765064,-0.03066037962962963,0.00985641043245012,0.0,0.0,0.14606833333333336,-0.039458074074074076,-0.0010316666666666807,0.010177101851851847,336,336.0,-0.02928097222222223,0.010177101851851847
337,337.0,-0.09096,0.02102336081600656,-0.2898724351851852,0.007083768364491437,0.0,0.0,-0.10524666666666667,0.0084554735723869,-0.27956430555555556,0.0028383298514582204,0.0,0.0,-0.11037000000000001,0.02513643371681831,-0.28251037962962966,0.019113769715156197,0.0,0.0,-0.100665,-0.28619140740740745,-0.0045816666666666644,0.006627101851851891,337,337.0,-0.27956430555555556,0.006627101851851891
338,338.0,-0.0029099999999999994,0.013019784944460489,-0.20182243518518517,0.002686557652377353,0.0,0.0,-0.01583,0.008095239341736598,-0.1901476388888889,0.003087806972793895,0.0,0.0,-0.017376666666666665,0.007335055100906422,-0.1895170462962963,0.004412626752134405,0.0,0.0,-0.010143333333333332,-0.19566974074074073,-0.005686666666666668,0.0055221018518518405,338,338.0,-0.1901476388888889,0.0055221018518518405
339,339.0,0.17631,0.012822371075585048,-0.022602435185185177,0.0022796661104431165,0.0,0.0,0.1523,0.011894490321152909,-0.022017638888888885,0.00374597038475439,0.0,0.0,0.15148666666666666,0.003923421126177172,-0.020653712962962978,0.011518749728881828,0.0,0.0,0.1638983333333333,-0.021628074074074077,-0.011598333333333322,-0.00038956481481480787,339,339.0,-0.022017638888888885,-0.00038956481481480787
340,340.0,0.50405,0.00908823965353026,0.30513756481481485,0.011159320111587491,0.0,0.0,0.4846,0.013300033834543434,0.3102823611111111,0.007649840282364006,0.0,0.0,0.47644,0.011224384170189452,0.30429962037037034,0.004423378918582013,0.0,0.0,0.490245,0.3047185925925926,-0.005645000000000011,0.00556376851851853,340,340.0,0.3102823611111111,0.00556376851851853
341,341.0,0.9507033333333333,0.006580504033380193,0.7517908981481481,0.008527060421209345,0.0,0.0,0.93874,0.00633563730022483,0.7644223611111111,0.0025979155557038325,0.0,0.0,0.9317233333333333,0.012402650254414725,0.7595829537037037,0.008183698676046132,0.0,0.0,0.9412133333333333,0.7556869259259259,-0.0024733333333333274,0.008735435185185159,341,341.0,0.7644223611111111,0.008735435185185159
342,342.0,1.2142133333333334,0.022711068520290624,1.015300898148148,0.007885423083432663,0.0,0.0,1.1887999999999999,0.013089885408207309,1.0144823611111111,0.0067391406236759245,0.0,0.0,1.1779166666666667,0.007004065486082649,1.005776287037037,0.006442971043871881,0.0,0.0,1.196065,1.0105385925925925,-0.007265000000000077,0.003943768518518631,342,342.0,1.0144823611111111,0.003943768518518631
343,343.0,1.40395,0.0164590795611419,1.2050375648148148,0.00948936863123931,0.0,0.0,1.3966100000000001,0.011236155926294358,1.2222923611111112,0.004948542177147962,0.0,0.0,1.3963600000000003,0.015296532286763611,1.2242196203703706,0.01081746138331808,0.0,0.0,1.4001550000000003,1.2146285925925926,-0.0035450000000001314,0.007663768518518577,343,343.0,1.2222923611111112,0.007663768518518577
344,344.0,1.4729400000000001,0.012211883556601754,1.2740275648148147,0.0029557200321472517,0.0,0.0,1.4689733333333332,0.0128888957375461,1.2946556944444445,0.0052335692846077145,0.0,0.0,1.4599,0.012213255094363629,1.2877596203703703,0.007168832614683873,0.0,0.0,1.46642,1.2808935925925926,0.0025533333333331854,0.013762101851851893,344,344.0,1.2946556944444445,0.013762101851851893
345,345.0,0.9051533333333334,0.008422287891857737,0.7062408981481482,0.011597460473179179,0.0,0.0,0.90684,0.008715296896836025,0.7325223611111111,0.003906174415960112,0.0,0.0,0.8904033333333334,0.016267053615616207,0.7182629537037037,0.010374718998512474,0.0,0.0,0.8977783333333333,0.7122519259259259,0.009061666666666635,0.02027043518518523,345,345.0,0.7325223611111111,0.02027043518518523
346,346.0,-0.09574333333333333,0.02704205120425101,-0.2946557685185185,0.01244771398695476,0.0,0.0,-0.09535666666666666,0.007036862463721549,-0.26967430555555555,0.00851812764449448,0.0,0.0,-0.09025,0.005467750908737527,-0.26239037962962963,0.013024841370397677,0.0,0.0,-0.09299666666666667,-0.27852307407407406,-0.002359999999999987,0.008848768518518513,346,346.0,-0.26967430555555555,0.008848768518518513
347,347.0,-0.41805000000000003,0.016350195717483022,-0.6169624351851851,0.0034762501056921674,0.0,0.0,-0.41619999999999996,0.0040713142841102305,-0.590517638888889,0.011261616753434425,0.0,0.0,-0.42519333333333337,0.007454135317616196,-0.597333712962963,0.0045794668278879725,0.0,0.0,-0.4216216666666667,-0.607148074074074,0.0054216666666667135,0.016630435185185033,347,347.0,-0.590517638888889,0.016630435185185033
348,348.0,-0.3327466666666667,0.0268649219863623,-0.5316591018518518,0.012588928821444603,0.0,0.0,-0.3403333333333333,0.01708289885626363,-0.5146509722222222,0.009254952710792897,0.0,0.0,-0.3340633333333333,0.004424729746926149,-0.506203712962963,0.011108460616172688,0.0,0.0,-0.333405,-0.5189314074074074,-0.006928333333333314,0.004280435185185172,348,348.0,-0.5146509722222222,0.004280435185185172
349,349.0,-0.11039,0.018889602960358916,-0.3093024351851852,0.005679906231384927,0.0,0.0,-0.11830333333333333,0.014957571104070784,-0.2926209722222222,0.011565168909325726,0.0,0.0,-0.11287333333333334,0.0011356202416888013,-0.28501371296296296,0.007993125208226972,0.0,0.0,-0.11163166666666667,-0.2971580740740741,-0.006671666666666659,0.004537101851851855,349,349.0,-0.2926209722222222,0.004537101851851855
350,350.0,0.34025,0.015074883084123736,0.14133756481481483,0.002989066617151519,0.0,0.0,0.33837999999999996,0.008339802155926723,0.1640623611111111,0.0031393733824710553,0.0,0.0,0.32320333333333334,0.006482671774302111,0.15106295370370368,0.00961161458099793,0.0,0.0,0.33172666666666667,0.14620025925925925,0.006653333333333289,0.017862101851851858,350,350.0,0.1640623611111111,0.017862101851851858
351,351.0,0.6882533333333334,0.007889552163040261,0.4893408981481482,0.010537110661543812,0.0,0.0,0.6836366666666667,0.019143250333559673,0.5093190277777778,0.014797687158288173,0.0,0.0,0.6809866666666666,0.01576464504304915,0.508846287037037,0.010055579381890655,0.0,0.0,0.68462,0.4990935925925926,-0.000983333333333336,0.010225435185185205,351,351.0,0.5093190277777778,0.010225435185185205
352,352.0,0.8723566666666667,0.015801614896374824,0.6734442314814815,0.0018836650595539768,0.0,0.0,0.8540833333333334,0.016331945179106286,0.6797656944444445,0.00974410674950139,0.0,0.0,0.8564433333333333,0.010513502429415846,0.6843029537037038,0.0029384338455652735,0.0,0.0,0.8644000000000001,0.6788735925925926,-0.01031666666666664,0.0008921018518518453,352,352.0,0.6797656944444445,0.0008921018518518453
353,353.0,0.9750766666666667,0.019222955894797607,0.7761642314814815,0.007137271704924658,0.0,0.0,0.9629499999999999,0.022870367290448168,0.7886323611111111,0.018410885750649184,0.0,0.0,0.96712,0.0034403924194777247,0.7949796203703704,0.005858879249255454,0.0,0.0,0.9710983333333334,0.785571925925926,-0.008148333333333535,0.003060435185185173,353,353.0,0.7886323611111111,0.003060435185185173
354,354.0,0.7295699999999999,0.010934637625454224,0.5306575648148147,0.0041597448262540694,0.0,0.0,0.71509,0.013883144456498315,0.5407723611111112,0.012747897199630426,0.0,0.0,0.7086800000000001,0.006575553208666216,0.5365396203703704,0.009091667320600051,0.0,0.0,0.719125,0.5335985925925926,-0.004035000000000011,0.007173768518518586,354,354.0,0.5407723611111112,0.007173768518518586
355,355.0,-0.38014666666666663,0.023177403507151813,-0.5790591018518518,0.012967555088855822,0.0,0.0,-0.3788466666666667,0.028286332977841666,-0.5531643055555556,0.029953090486275553,0.0,0.0,-0.38385,0.007494484638719331,-0.5559903796296296,0.012327561676612687,0.0,0.0,-0.38199833333333333,-0.5675247407407407,0.0031516666666666082,0.014360435185185039,355,355.0,-0.5531643055555556,0.014360435185185039
356,356.0,-0.95355,0.015480720267481051,-1.1524624351851853,0.002429186264664732,0.0,0.0,-0.9520233333333333,0.01351022699044444,-1.1263409722222224,0.014810333281234253,0.0,0.0,-0.95815,0.0053413762271534585,-1.1302903796296295,0.00860854224990905,0.0,0.0,-0.95585,-1.1413764074074075,0.003826666666666645,0.015035435185185131,356,356.0,-1.1263409722222224,0.015035435185185131
357,357.0,-0.9036033333333333,0.016442640704379955,-1.1025157685185185,0.009580148523026745,0.0,0.0,-0.90497,0.015685968251912315,-1.079287638888889,0.0074737739024992485,0.0,0.0,-0.9000033333333333,0.004002653286675389,-1.072143712962963,0.006325055075294182,0.0,0.0,-0.9018033333333333,-1.0873297407407407,-0.003166666666666762,0.008042101851851724,357,357.0,-1.079287638888889,0.008042101851851724
358,358.0,-0.7248133333333334,0.005325714349581015,-0.9237257685185186,0.009753486080538132,0.0,0.0,-0.7178333333333334,0.020426855688855633,-0.8921509722222223,0.012249355117316348,0.0,0.0,-0.7130966666666666,0.013527118441609589,-0.8852370462962963,0.009019732326546166,0.0,0.0,-0.718955,-0.9044814074074075,0.0011216666666665764,0.012330435185185173,358,358.0,-0.8921509722222223,0.012330435185185173
359,359.0,-0.46152666666666664,0.017463975301555294,-0.6604391018518518,0.017068664205505034,0.0,0.0,-0.4755833333333333,0.007941236259760398,-0.6499009722222222,0.00537131048680661,0.0,0.0,-0.47957333333333335,0.012131056562943453,-0.651713712962963,0.004826670670458058,0.0,0.0,-0.47055,-0.6560764074074075,-0.005033333333333279,0.006175435185185263,359,359.0,-0.6499009722222222,0.006175435185185263
