:020000040800F2
:1000000000000220D98E0008AD8D0008AF8D0008D9
:10001000B18D0008B38D0008B58D00080000000008
:1000200000000000000000000000000011E10008D6
:10003000B78D000800000000A1E10008A1C700087A
:10004000298F0008298F0008298F0008298F0008B0
:10005000298F0008298F0008298F0008298F0008A0
:10006000298F0008298F0008298F0008298F000890
:10007000B98D0008298F0008C58D0008298F000858
:10008000D18D0008DD8D0008E98D0008298F00085A
:10009000298F0008298F0008298F0008298F000860
:1000A000298F0008298F0008298F0008298F000850
:1000B000F58D0008298F0008298F0008298F000876
:1000C000298F0008018E00080D8E00087D8E000823
:1000D000298F0008298F0008198E0008258E000836
:1000E000298F0008298F0008298F0008298F000810
:1000F000298F0008318E0008298F00084D8E0008D6
:10010000298F0008298F0008298F0008298F0008EF
:10011000298F0008298F0008298F0008298F0008DF
:10012000598E0008298F0008658E0008718E00081E
:10013000298F00080000000000000000298F00083F
:10014000298F0008298F0008298F0008298F0008AF
:10015000298F0008298F0008298F0008298F00089F
:10016000298F0008298F0008298F0008298F00088F
:10017000298F0008298F00080000000000000000FF
:08018000298F0008298F0008F7
:1001900010B5054C237833B9044B13B10448AFF3C1
:1001A00000800123237010BD6000002000000000CB
:1001B0002C04010808B5034B1BB103490348AFF3F6
:1001C000008008BD00000000640000202C0401082D
:1001D000034613F8012B002AFBD1181A0138704787
:1001E00001F0FF01102A2BDB10F0070F08D010F8E8
:1001F000013B013A8B422DD010F0070F42B3F6D1EC
:10020000F0B441EA012141EA014122F007047FF004
:1002100000070023F0E80256083C85EA010586EA5B
:10022000010685FA47F5A3FA87F586FA47F6A5FA97
:1002300087F68EB9EED1F0BC01F0FF0102F00702A3
:1002400032B110F8013B013A83EA010313B1F8D14E
:100250000020704701387047002D06BF354603382F
:10026000073815F0010F07D1013015F4807F02BF68
:10027000013015F4C03F0130F0BC0138704700BFB9
:1002800081F0004102E000BF83F0004330B54FEA47
:1002900041044FEA430594EA050F08BF90EA020FB4
:1002A0001FBF54EA000C55EA020C7FEA645C7FEA47
:1002B000655C00F0E2804FEA5454D4EB5555B8BF6A
:1002C0006D420CDD2C4480EA020281EA030382EADB
:1002D000000083EA010180EA020281EA0303362D6D
:1002E00088BF30BD11F0004F4FEA01314FF4801C40
:1002F0004CEA113102D0404261EB410113F0004F52
:100300004FEA03334CEA133302D0524263EB430308
:1003100094EA050F00F0A780A4F10104D5F1200EA6
:100320000DDB02FA0EFC22FA05F2801841F1000101
:1003300003FA0EF2801843FA05F359410EE0A5F1D5
:1003400020050EF1200E012A03FA0EFC28BF4CF006
:10035000020C43FA05F3C01851EBE37101F00045BC
:1003600007D54FF0000EDCF1000C7EEB00006EEBC9
:100370000101B1F5801F1BD3B1F5001F0CD3490853
:100380005FEA30004FEA3C0C04F101044FEA4452AA
:1003900012F5800F80F09A80BCF1004F08BF5FEA31
:1003A000500C50F1000041EB045141EA050130BD11
:1003B0005FEA4C0C404141EB0101013C28BFB1F523
:1003C000801FE9D291F0000F04BF01460020B1FA6E
:1003D00081F308BF2033A3F10B03B3F120020CDA41
:1003E0000C3208DD02F1140CC2F10C0201FA0CF01F
:1003F00021FA02F10CE002F11402D8BFC2F1200C84
:1004000001FA02F120FA0CFCDCBF41EA0C01904039
:10041000E41AA2BF01EB0451294330BD6FEA040482
:100420001F3C1CDA0C340EDC04F11404C4F120026D
:1004300020FA04F001FA02F340EA030021FA04F37F
:1004400045EA030130BDC4F10C04C4F1200220FAD6
:1004500002F001FA04F340EA0300294630BD21FA14
:1004600004F0294630BD94F0000F83F4801306BFDA
:1004700081F480110134013D4EE77FEA645C18BFCE
:100480007FEA655C29D094EA050F08BF90EA020F65
:1004900005D054EA000C04BF1946104630BD91EA5D
:1004A000030F1EBF0021002030BD5FEA545C05D160
:1004B0004000494128BF41F0004130BD14F580049F
:1004C0003CBF01F5801130BD01F0004545F0FE4113
:1004D00041F470014FF0000030BD7FEA645C1ABF48
:1004E000194610467FEA655C1CBF0B46024650EA7F
:1004F000013406BF52EA033591EA030F41F40021AB
:1005000030BD00BF90F0000F04BF0021704730B530
:100510004FF4806404F132044FF000054FF0000105
:1005200050E700BF90F0000F04BF0021704730B5C6
:100530004FF4806404F1320410F0004548BF40429B
:100540004FF000013EE700BF42004FEAE2014FEAF0
:1005500031014FEA02701FBF12F07F4393F07F4FCB
:1005600081F06051704732F07F4208BF704793F0CE
:100570007F4F04BF41F40021704730B54FF46074E1
:1005800001F0004521F000411CE700BF50EA0102E4
:1005900008BF704730B54FF000050AE050EA01028D
:1005A00008BF704730B511F0004502D5404261EBFD
:1005B00041014FF4806404F132045FEA915C3FF43E
:1005C000D8AE4FF003025FEADC0C18BF03325FEADB
:1005D000DC0C18BF033202EBDC02C2F1200300FA8C
:1005E00003FC20FA02F001FA03FE40EA0E0021FAB1
:1005F00002F11444BDE600BF70B54FF0FF0C4CF49F
:10060000E06C1CEA11541DBF1CEA135594EA0C0F50
:1006100095EA0C0F00F0DEF82C4481EA030621EA8B
:100620004C5123EA4C5350EA013518BF52EA0335C6
:1006300041F4801143F4801338D0A0FB02CE4FF078
:100640000005E1FB02E506F00042E0FB03E54FF0A8
:100650000006E1FB03569CF0000F18BF4EF0010EA0
:10066000A4F1FF04B6F5007F64F5407404D25FEA9C
:100670004E0E6D4146EB060642EAC62141EA55514F
:100680004FEAC52040EA5E504FEACE2EB4F1FD0C91
:1006900088BFBCF5E06F1ED8BEF1004F08BF5FEA0F
:1006A000500E50F1000041EB045170BD06F00046C1
:1006B00046EA010140EA020081EA0301B4EB5C046E
:1006C000C2BFD4EB0C0541EA045170BD41F4801166
:1006D0004FF0000E013C00F3AB8014F1360FDEBF8B
:1006E000002001F0004170BDC4F10004203C35DA67
:1006F0000C341BDC04F11404C4F1200500FA05F3EA
:1007000020FA04F001FA05F240EA020001F000428A
:1007100021F0004110EBD37021FA04F642EB060100
:100720005EEA430E08BF20EAD37070BDC4F10C042A
:10073000C4F1200500FA04F320FA05F001FA04F2EE
:1007400040EA020001F0004110EBD37041F10001DA
:100750005EEA430E08BF20EAD37070BDC4F12005E5
:1007600000FA05F24EEA020E20FA04F301FA05F24D
:1007700043EA020321FA04F001F0004121FA04F2F5
:1007800020EA020000EBD3705EEA430E08BF20EAC5
:10079000D37070BD94F0000F0FD101F000464000FF
:1007A00041EB010111F4801F08BF013CF7D041EA81
:1007B000060195F0000F18BF704703F00046520085
:1007C00043EB030313F4801F08BF013DF7D043EA56
:1007D0000603704794EA0C0F0CEA135518BF95EA0C
:1007E0000C0F0CD050EA410618BF52EA4306D1D193
:1007F00081EA030101F000414FF0000070BD50EAB2
:10080000410606BF1046194652EA430619D094EA3B
:100810000C0F02D150EA013613D195EA0C0F05D125
:1008200052EA03361CBF104619460AD181EA030179
:1008300001F0004141F0FE4141F470014FF0000031
:1008400070BD41F0FE4141F4780170BD70B54FF0CC
:10085000FF0C4CF4E06C1CEA11541DBF1CEA13554C
:1008600094EA0C0F95EA0C0F00F0A7F8A4EB05042E
:1008700081EA030E52EA03354FEA013100F0888025
:100880004FEA03334FF0805545EA131343EA1263EE
:100890004FEA022245EA111545EA10654FEA0026A3
:1008A0000EF000419D4208BF964244F1FD0404F55C
:1008B000407402D25B084FEA3202B61A65EB0305B8
:1008C0005B084FEA32024FF480104FF4002CB6EB75
:1008D000020E75EB030E22BFB61A754640EA0C00F5
:1008E0005B084FEA3202B6EB020E75EB030E22BF35
:1008F000B61A754640EA5C005B084FEA3202B6EB76
:10090000020E75EB030E22BFB61A754640EA9C0034
:100910005B084FEA3202B6EB020E75EB030E22BF04
:10092000B61A754640EADC0055EA060E18D04FEAC2
:10093000051545EA16754FEA06164FEAC30343EA62
:1009400052734FEAC2025FEA1C1CC0D111F4801F2F
:100950000BD141EA00014FF000004FF0004CB6E728
:1009600011F4801F04BF01430020B4F1FD0C88BFC7
:10097000BCF5E06F3FF6AFAEB5EB030C04BFB6EBD2
:10098000020C5FEA500C50F1000041EB045170BDC5
:100990000EF0004E4EEA113114EB5C04C2BFD4EBF2
:1009A0000C0541EA045170BD41F480114FF0000E76
:1009B000013C90E645EA060E8DE60CEA135594EAF2
:1009C0000C0F08BF95EA0C0F3FF43BAF94EA0C0FF5
:1009D0000AD150EA01347FF434AF95EA0C0F7FF46A
:1009E00025AF104619462CE795EA0C0F06D152EABE
:1009F00003353FF4FDAE1046194622E750EA4106A2
:100A000018BF52EA43067FF4C5AE50EA41047FF4B2
:100A10000DAF52EA43057FF4EBAE12E74FF0FF3C17
:100A200006E000BF4FF0010C02E000BF4FF0010CE8
:100A30004DF804CD4FEA410C7FEA6C5C4FEA430C61
:100A400018BF7FEA6C5C1BD001B050EA410C0CBFB0
:100A500052EA430C91EA030F02BF90EA020F002012
:100A6000704710F1000F91EA030F58BF994208BF79
:100A700090422CBFD8176FEAE37040F00100704736
:100A80004FEA410C7FEA6C5C02D150EA013C07D18D
:100A90004FEA430C7FEA6C5CD6D152EA033CD3D0D8
:100AA0005DF8040B704700BF8446104662468C46D2
:100AB0001946634600E000BF01B5FFF7B7FF002805
:100AC00048BF10F1000F01BD4DF808EDFFF7F4FF2E
:100AD0000CBF012000205DF808FB00BF4DF808EDB9
:100AE000FFF7EAFF34BF012000205DF808FB00BFDC
:100AF0004DF808EDFFF7E0FF94BF012000205DF8FE
:100B000008FB00BF4DF808EDFFF7CEFF94BF0120B2
:100B100000205DF808FB00BF4DF808EDFFF7C4FFAB
:100B200034BF012000205DF808FB00BF4FEA410CF4
:100B30007FEA6C5C02D150EA013C0AD14FEA430CD7
:100B40007FEA6C5C02D152EA033C02D14FF0000014
:100B500070474FF0010070474A0011D212F50012A1
:100B600011D20DD56FF47873B3EB62520ED44FEA05
:100B7000C12343F0004343EA505323FA02F0704785
:100B80004FF00000704750EA013002D14FF0FF30C3
:100B900070474FF0000070474FEA4102B2F1E04366
:100BA00024BFB3F5001CDCF1FE5C0DD901F0004C54
:100BB0004FEAC0024CEA5070B2F1004F40EB8300A4
:100BC00008BF20F00100704711F0804F21D113F1D0
:100BD0003872BCBF01F00040704741F480114FEA09
:100BE0005252C2F11802C2F1200C10FA0CF320FA92
:100BF00002F018BF40F001004FEAC1234FEAD323AF
:100C000003FA0CFC40EA0C0023FA02F34FEA430318
:100C1000CCE77FEA625307D150EA01331EBF4FF0A1
:100C2000FE4040F44000704701F0004040F0FE40BC
:100C300040F40000704700BF80F0004002E000BFB9
:100C400081F0004142001FBF5FEA410392EA030FB7
:100C50007FEA226C7FEA236C6AD04FEA1262D2EB01
:100C60001363C1BFD218414048404140B8BF5B4206
:100C7000192B88BF704710F0004F40F4000020F09F
:100C80007F4018BF404211F0004F41F4000121F0B5
:100C90007F4118BF494292EA030F3FD0A2F10102FF
:100CA00041FA03FC10EB0C00C3F1200301FA03F13D
:100CB00000F0004302D5494260EB4000B0F5000F60
:100CC00013D3B0F1807F06D340084FEA310102F11F
:100CD0000102FE2A51D2B1F1004F40EBC25008BFD1
:100CE00020F0010040EA03007047490040EB00009B
:100CF000013A28BFB0F5000FEDD2B0FA80FCACF19C
:100D0000080CB2EB0C0200FA0CF0AABF00EBC250C8
:100D100052421843BCBFD0401843704792F0000FB6
:100D200081F4000106BF80F400000132013BB5E709
:100D30004FEA41037FEA226C18BF7FEA236C21D07F
:100D400092EA030F04D092F0000F08BF08467047E4
:100D500090EA010F1CBF0020704712F07F4F04D1B2
:100D6000400028BF40F00040704712F100723CBFC5
:100D700000F50000704700F0004343F0FE4040F4EF
:100D8000000070477FEA226216BF08467FEA2363AD
:100D90000146420206BF5FEA412390EA010F40F498
:100DA000800070474FF0000304E000BF10F00043E4
:100DB00048BF40425FEA000C08BF704743F09643CB
:100DC00001464FF000001CE050EA010208BF7047E6
:100DD0004FF000030AE000BF50EA010208BF70476D
:100DE00011F0004302D5404261EB41015FEA010C82
:100DF00002BF84460146002043F0B64308BFA3F17A
:100E00008053A3F50003BCFA8CF2083AA3EBC2535B
:100E100010DB01FA02FC634400FA02FCC2F120027A
:100E2000BCF1004F20FA02F243EB020008BF20F0B1
:100E30000100704702F1200201FA02FCC2F1200217
:100E400050EA4C0021FA02F243EB020008BF20EA0C
:100E5000DC7070477BB972B90029BEBF00204FF02B
:100E6000004106E008BF00281CBF6FF000414FF0B2
:100E7000FF3000F0D3B9ADF1080C6DE904CE0029C4
:100E800009DB002B1ADB00F04DF8DDF804E0DDE9AA
:100E9000022304B07047404261EB4101002B1BDB91
:100EA00000F040F8DDF804E0DDE9022304B0404240
:100EB00061EB4101524263EB43037047524263EBE3
:100EC000430300F02FF8DDF804E0DDE9022304B06D
:100ED000404261EB41017047524263EB430300F033
:100EE00021F8DDF804E0DDE9022304B0524263EBAF
:100EF0004303704753B94AB9002908BF00281CBFF3
:100F00004FF0FF314FF0FF3000F088B9ADF1080C21
:100F10006DE904CE00F006F8DDF804E0DDE9022317
:100F200004B070472DE9F047089D0F4604468C46F3
:100F3000002B48D18A42164661D9B2FA82F34BB1EE
:100F4000C3F1200201FA03FC20FA02F29E4042EAB9
:100F50000C0C9C404FEA164EB7B2BCFBFEF1220CC3
:100F60000EFB11CC42EA0C4201FB07F0904209D97A
:100F7000B21801F1FF3C80F0EE80904240F2EB802D
:100F800002393244121AA4B2B2FBFEF00EFB102258
:100F900044EA024400FB07F7A74209D9341900F1DB
:100FA000FF3280F0DA80A74240F2D7803444023822
:100FB00040EA0140E41B00211DB1DC400023C5E9EB
:100FC0000043BDE8F0878B4206D90DB1C5E90001A9
:100FD00000210846BDE8F087B3FA83F1002948D123
:100FE000BB4202D3824200F20781841A67EB0302FC
:100FF00001209446002DE4D0C5E9004CE1E7002A29
:1010000000F09280B2FA82F3002B40F0A8808A1A96
:101010004FEA164E1FFA86FC0121200CB2FBFEF7A8
:101020000EFB172240EA02420CFB07F0904207D960
:10103000B21807F1FF3802D2904200F2E280474630
:10104000121AA4B2B2FBFEF00EFB102244EA0244D4
:101050000CFB00FCA44507D9341900F1FF3202D281
:10106000A44500F2CB801046A4EB0C0440EA0740F4
:10107000A2E7C1F120068B4022FA06FC4CEA030CE1
:1010800007FA01F420FA06F3F7404FEA1C4923431C
:1010900000FA01F81FFA8CFEB7FBF9F01C0C09FBF3
:1010A000107744EA074400FB0EF7A74202FA01F268
:1010B0000AD91CEB040400F1FF3A80F09B80A742A0
:1010C00040F2988002386444E41B9FB2B4FBF9F309
:1010D00009FB134447EA044403FB0EFEA64509D965
:1010E0001CEB040403F1FF3780F08280A6457FD912
:1010F000023B644443EA0040A4EB0E04A0FB02E779
:10110000BC427346B94663D360D05DB1B8EB03020D
:1011100064EB090404FA06F622FA01F31E43CC40FC
:10112000C5E9006400214CE76208480842EAC17141
:101130000B0C43EA00438AB242EA0342B3FBF6F1E6
:10114000E407B4463746B6461F23B0FBF6F0D21B81
:1011500041EA004161E7614614E7104628E7C3F120
:10116000200120FA01F29E4027FA01F19F403A4304
:101170004FEA164E1FFA86FCB1FBFEF70EFB171066
:10118000110C41EA004107FB0CF8884504FA03F40E
:101190003AD9711807F1FF3001D288451FD8A1EB69
:1011A0000801B1FBFEF808FB0CF70EFB181192B218
:1011B00042EA0142BA422FD2B21808F1FF31C6D238
:1011C000BA42C4D2A8F102013244C0E7F0459CD231
:1011D000BEEB020367EB0C070138B94695E7A6EBB7
:1011E00008084144B81EB1FBFEF808FB0CF7DCE729
:1011F0003B467FE7504667E70846FBE63444023843
:1012000032E7023F32441BE7A1EB08013846B1FB4D
:10121000FEF808FB0CF7C8E7414698E7704700BFA7
:1012200006F0ECBF07F03EB807F05AB80048704728
:1012300000050108004870470C0501080048704788
:101240002E0501080B480C4B0C4A10F8011B11B17C
:101250004B405343F9E783F0FF03094907485343E1
:1012600011F8012B12B153404343F9E783F0FF0318
:101270005843704700050108C59D1C81930100017A
:101280000C05010808B5054800224FF4006108F07C
:1012900053FBBDE8084001F03FBF00BF0000024023
:1012A00008B5054800224FF4006108F045FBBDE891
:1012B000084001F031BF00BF000002400248012297
:1012C000402108F039BB00BF000402400248002260
:1012D000402108F031BB00BF0004024037B50023B5
:1012E00004460D46ADF80430FFF7F0FFD2238DF829
:1012F000003012488DF801400A230222694609F0A5
:1013000009FE0446FFF7DAFF34B1032C0CBF0224B8
:101310000324204603B030BDFFF7D8FF07480A2357
:10132000022201A909F093FF0446FFF7C7FF002C32
:10133000EBD19DF805302B70EBE700BF580600207D
:10134000084B834210B50BD1074C2378012B07D1F2
:10135000064B5A68064B1A60FFF7B0FF0223237052
:1013600010BD00BF5806002080000020001000E0E3
:101370007C000020084B834210B50BD1074C23782A
:10138000012B07D1064B5A68064B1A60FFF796FFF0
:101390000323237010BD00BF5806002080000020EA
:1013A000001000E07C00002000487047450501085F
:1013B00007EE900A9FED057A9FED050AF8EE677A31
:1013C00067EE877A27EE800A704700BF0000B443BB
:1013D0000000803713B5044610B9002002B010BDDC
:1013E0000DF107011A20FFF779FF0028F5D19DF8CC
:1013F0000730DA092270C3F380026270C3F340023F
:1014000003F00103A270E3700120E7E72DE9F04744
:1014100007460C4619B100230B604B608B60002F10
:101420006DD0384B5968384B1A68536A1CB1238108
:1014300001232160A372354E317801F0FF0319B109
:1014400003252846BDE8F0873149DFF8C880DFF87A
:10145000D4900B70C9F800304B7088F8003088F8D1
:101460000130012333703CB1264B5B682360536A23
:10147000238140F201136381FFF728FF254A2449A5
:101480002548022309F080FF054638B1FFF716FF13
:101490000023032D3370D3D10225D2E7DFF864A0F7
:1014A0001E4B1F4A1B68DAF80410B3FBF2F342F23A
:1014B000107253433278012A0ED03378DBB214B164
:1014C000D9F8002062600022022B3270B8D1B8F83F
:1014D00000305BBA3B80B4E7DAF80420521A93423A
:1014E000E8D804230C48337009F0D2FFFFF7E6FE7A
:1014F00014B1DAF80430636000233370CCE70125BF
:101500009FE700BF001000E0500500208000002091
:1015100083000020810000205806002000000020E9
:1015200040420F007C00002009B1FFF7D7BE012028
:10153000704700002DE9F7433422002104460DF0E6
:10154000C7F8002001A98DF804008DF805008DF87A
:101550000600FFF7C3FE04F10806002848D0002566
:101560009DF805209DF8043043EA022363804FF084
:1015700000089DF80630A371A4F82A80B146202700
:101580000DF1070138468DF80780FFF7A7FE10B16F
:101590008DF8078000259DF8073009F8013F13B149
:1015A000638D013363850137FFB2402FE8D12549B0
:1015B00004F128074FF0FF3316F8012F082053409D
:1015C00043F300020A40013882EA5303F8D1B742DC
:1015D000F2D1DB43E3622570002D31D0638D002B07
:1015E00014BF0225012584F8305003B0BDE8F08314
:1015F0000DF105010120FFF771FE0028AFD1211D7B
:101600000920FFF791FF0028A9D1611D0D20FFF7E8
:101610008BFF0028A3D10DF106011A20FFF75EFE13
:1016200000289CD1E11D1C20FFF77EFF002896D1E9
:1016300031461F20FFF778FFB0FA80F56D098FE77C
:101640000520D0E72083B8ED1FB5D723ADF80830CB
:101650000023ADF80C30FFF739FE0A23009303AAEC
:10166000022302A9054809F002FD0446FFF726FE01
:10167000B4FA84F0400904B010BD00BF5806002041
:1016800013B50023044601A80193FFF7A3FE30B968
:1016900014B9002002B010BD01982060F9E79DF850
:1016A00005302BB99DF8063013B99DF8073033B1DA
:1016B000FFF7CAFF01A8FFF78DFE0028E8D00CB1A4
:1016C000019820609DF8043063B99DF8050058B971
:1016D0009DF806301BB99DF8070080F0010000F06E
:1016E0000100D7E70020FAE71846F8E730B548B11F
:1016F000002300240025C0E90245C0E9043303703B
:101700004380836130BD70B5049D002838D0002D22
:1017100036D0002B34DB047864B9012303704369AD
:1017200041800133C0E902140261436129606C60A9
:10173000002070BD44880C1BB4F5004F0CDDA4F5EF
:10174000803484EAE476A6EBE476B3420ADA83696D
:10175000013383610420ECE714F5004FB8BF04F5B2
:101760008034EEE7D0E90236026142694180E31835
:1017700046EBE4740132C0E9023442612B60D6E7E3
:101780000120D6E72DE9F04106469AB0002875D031
:101790006846FFF7CFFE70B134466D460FCD0FC4DB
:1017A0000FCD0FC40FCD0FC42B682360052738461B
:1017B0001AB0BDE8F0814FF002080DA8FFF7BAFE9D
:1017C000074628B134460DADE8E74FF00108F4E7CD
:1017D0009DF80030002B35D09DF8343093B3BDF820
:1017E0000220BDF836309A422CD1019A0E9B9A42C3
:1017F00028D19DF808209DF83C309A4222D1BDF8AE
:101800002A20BDF85E309A421CD10B9A189B9A424E
:1018100018D19DF830209DF864309A4212D12022D0
:101820000DF13D010DF109000CF042FF50B90DAD75
:101830000FCD34460FC40FCD0FC40FCD0FC42B688E
:101840002360B4E70DAD0FCD6C460FC40FCD0FC4B0
:101850000FCD0FC4B8F1010F2B682360B5D10DACCB
:101860000FCC35460FC50FCC0FC50FCC0FC5236865
:101870002B600023337086F8303097E7012796E716
:10188000024678B103786BB190F8301051B183798A
:1018900013F0870008D1012908D1538D002B18BF00
:1018A00003207047012070470220704703207047D3
:1018B00038B505460C46FFF7E3FFE8B9ECB16A8896
:1018C00023889A421BD12A79A3789A4219D16A793E
:1018D000E3789A4217D1AA7923799A4215D1EA7905
:1018E00063799A4213D12A7AA3799A4211D1EA6A8A
:1018F000A3689A4218BF0B2038BD0420FCE70520DE
:10190000FAE70620F8E70720F6E70820F4E70920C1
:10191000F2E70A20F0E700000B289ABF024B53F8C9
:1019200020000248704700BF503B010861050108D4
:101930002DE9F04F95B00021342207A80CF0C8FE25
:10194000012605233E4A8DF8213007A812928DF812
:101950001C608DF84C60FFF793FF3A4A044607CAB3
:1019600004AD85E80700294607A8FFF7A1FF00217D
:10197000039007A8FFF79CFF2946834607A8ADF808
:101980001E60FFF795FF00272946824607A8ADF89D
:101990001E708DF82060FFF78BFF4FF48061ADF86B
:1019A00020108146294607A8FFF782FF05238DF8FE
:1019B000213029460823804607A88DF82230FFF7FA
:1019C00077FF4FF480710290ADF8221007A82946E6
:1019D000FFF76EFF2946019007A88DF823708DF858
:1019E0002460FFF765FF039A8DF8247001461648BE
:1019F000129044EA020010F0FF001ED1BBF1040F68
:101A0000029B17D1BAF1050F14D1B9F1060F11D10C
:101A1000B8F1070F0ED1082B0CD1019B092B09D16E
:101A20000A2907D1294607A8FFF742FFA0F10B03B7
:101A30005842584115B0BDE8F08F3846FAE700BF6C
:101A4000AD550A1948040108AC550A19074AD2F8DD
:101A5000FC3043F08073C2F8FC30054B00225A6022
:101A60001A6842F001021A60704700BF00ED00E002
:101A7000001000E008B5FFF721FCBDE80840FFF7C3
:101A8000E5BF0000034B044A1B68B3FBF2F3584365
:101A9000704700BF0000002040420F0070B50446B0
:101AA000049868B1002B0CDA561E63F10045A6427B
:101AB0008D410FDBA41A61EB0301C0E90041012055
:101AC00070BD52EA0305F5D003F10045944271EB75
:101AD0000505EEE70020F3E72DE9F0410546012476
:101AE0008C4201D3BDE8F08155F8087F6E682B4623
:101AF000224653E902EC774576EB0C0805DA013A09
:101B0000C3E900ECA3F10803F3D100EBC20340F8F2
:101B1000327001345E60E3E7014B5868704700BFE4
:101B2000001000E0034A53685B1A002B00DB70478B
:101B300000BFF8E7001000E0806E7047D0F88C30EE
:101B4000072B9FBF5A1C00EB8303C0F88C20D9667B
:101B5000836E5B1A002BB8BF8166704770B5D0B139
:101B6000C9B1C2B1D0E91843A34214D25C1C446687
:101B700000EB83050024146094605460AC69146029
:101B8000C41830F8133094F8586096720B80AB6B21
:101B90008366207C70BD0120FCE738B504460D4605
:101BA000902200210CF094FD25662A4604F158008D
:101BB0000121BDE838400CF08BBD08461146FFF707
:101BC00025BC10B5044640B1382200210CF080FD40
:101BD0002046BDE81040FFF789BD10BD2DE9F04754
:101BE00089468AB090461C460546002866D0002BE0
:101BF00064D0002A62D0002960DB20220021184630
:101C000001260CF065FD4FF0000A267707AF2B6A1E
:101C1000ADF80EA00133012E2B62C7E900AAC7F868
:101C200008A0667706D9AB6A0133AB62A37F43F0A5
:101C30000103A37739460DF10E00FFF7E7FB844659
:101C400097E8070004F1100383E80700604690B1AD
:101C5000EB6A0133EB62A37F43F002030136F6B275
:101C6000B045A3772077D2D243F00803A3776B6BFC
:101C700001336B631FE000220023CDE9042304AB92
:101C80000093079ABDF80E104B462846FFF73BFD20
:101C900030B12B6B01332B63A37F43F00403DDE7EB
:101CA000BDF80E302380DDE904232077C4E9022348
:101CB0006B6A01336B620AB0BDE8F0870120FAE776
:101CC00008B5FFF789F89FED057A9FED050A07EE45
:101CD000900A67EE877A27EE800A08BD0000B443B9
:101CE000000080372DE9F843089F84460020B7B3F1
:101CF000012A73F100051DDBB1F1004F08BF8445D7
:101D000018D0540844EAC374D4F1FF386FF000458A
:101D100081424FEA630EA5EB63050DDBE0458D4183
:101D200008DB1CEB04004EEB0101FFF793F8C7E959
:101D300000010120BDE8F883DCF1000961EB4106F8
:101D4000C845B541F6DBB4EB0C006EEB0101FFF7C3
:101D500081F8404261EB4101C7E90001E9E73846FB
:101D6000E8E7F7B50346084661B192B3490803EBCB
:101D7000C10510F0010053F83130696804D0C2E9A0
:101D80000031012003B0F0BD012B55E9024671F18D
:101D9000000512DBDD43A5426FF00045A5EB010510
:101DA000B541EFDBE01800924FF000034FF0020264
:101DB00046EB0101FFF796FFE4E753EA0105F1D096
:101DC0005F424FF0004565EB0105BC4276EB05052F
:101DD000E7E71046D6E72DE9FF419446DDE90A27FB
:101DE0000C9E044688461AB9002004B0BDE8F08174
:101DF000002FF9D0002EF7D000200021CDE90201FC
:101E00004FF0FF3003F500454FF6FF71604571EB71
:101E10000505E9D308F50045A042A941E4D319041A
:101E200002AB00934FEA0C40002341EA1C41FFF74C
:101E300059FF0028D8D0DDE90232012B4FEA0841D2
:101E400072F1000541EA14414FEA04440FDBDD431F
:101E5000A5426FF00045A5EB02058D41C4DBC7E943
:101E600000321B1942EB0102C6E90032BDE753EA1A
:101E70000205F4D0D3F1000C4FF0004565EB0205EC
:101E8000644571EB0505E9E72DE9F04385B0DDE92F
:101E90000C540E9EDEB104F500474FF000084FF0E1
:101EA0000009B7F5803FCDE9028910D202AF009753
:101EB000FFF7F4FD58B1DDE9020123042A0443EAE7
:101EC00015430C9605B0BDE8F043FFF7E7BD0020D1
:101ED00005B0BDE8F08300002DE9F04F2DED028B39
:101EE00099B0DDE9245808932A9C289B0D93299BDF
:101EF0000C900592099334B19022002120460CF0F9
:101F0000E7FB0123E3700C9B002B00F06082002DA7
:101F100000F05D82B8F1000F00F05982002C00F053
:101F20005682D8F80030002B00F05182D8F80430E7
:101F3000002B00F04C82AB68002B00F04882EA686E
:101F4000934200F244826A69002A40F34082AA69FF
:101F5000002AC0F23C822878012800F2388206D19B
:101F60006A68002A44DDD8F80820002A40D0269A62
:101F700052B1279A934200F22A82402B00F2278224
:101F8000099A002AC0F223824FF0FF306FF000411F
:101F9000C4E9060100204FF00041059AA260C4E99F
:101FA00008019FED9B8B0027089AE2602365A770CC
:101FB0003E46BA46D4F85490994511D304F1300303
:101FC000029304F12803CDE9009305980899D4E918
:101FD0000423FFF700FF002840F01E81207009E174
:101FE000A26DEB689A4208D3002323700720E070AB
:101FF00019B0BDEC028BBDE8F08F2B78012B2FD1EF
:1020000094F801B0BBF1000F2ED0A36F6A69F31AE8
:10201000934203D9002323700820E8E7D8F808305A
:10202000D8F80C0031469847B146D8F80030D8F8B7
:102030000C00ADF838A014AA0EA9CDE914AACDF869
:1020400058A09847A26D511C9DF85A20A1650346DF
:1020500062B9636E84F800A0013363660620C6E7A8
:102060004FF00009CB46E0E7D946DEE7149AE26775
:10207000012945D1A2672978012902D16E686170D2
:102080001644D8F80420D8F80C0006939047A26FA5
:102090006969821A8A428346C4F88020BAD8069BAE
:1020A0008DED108B002B40D09A1ED2B2012A02D89F
:1020B000E26D0132E2652371A36E0137BB422B69E9
:1020C00038BFA766BB428FD3D4F85490AB6899450C
:1020D000BFF474AF2A78012A7FF46CAFBBEB060B18
:1020E0003FF568AFE26E6968BBFBF1FB0BF1010BDA
:1020F00012EB0B02BFF478AFE2660BFB016659E707
:10210000BBF1000FBDD0A2EB0901002908DAA9EB51
:102110000201626F8A4238BF61676E684E44B0E761
:10212000FBD0226F01322267F3E710AB0093AB695B
:10213000149ABDF838100C98FFF7E5FA0428034606
:1021400003D1226E01322266B5E70028B3D1DDE962
:102150001023CDE9062312AB0093DDE90601059AB1
:10216000089B8DED128BFFF799FC002840D0DDE92C
:102170001232012B72F10007D4E904102BDBDF438C
:102180008F426FF00047A7EB0207874130DBC91889
:1021900040EB0200C4E904102699676D61BBD4E9E5
:1021A0000601834272EB0101D4E90801B8BFC4E91A
:1021B000063298429141B8BFC4E908321FB9DDE93F
:1021C0000623C4E91023DDE9062301376765C4E966
:1021D0001223002778E753EA0207D8D0D3F1000C86
:1021E0004FF0004767EB0207614570EB0707CDE74B
:1021F000002323700920FAE62799B942CFD92699FE
:10220000269801EBC70140F837304A60C7E700BFA6
:102210000000000000000000269B002B00F0B980A9
:1022200009F1FF333F2BC4F8849000F2B280269866
:102230004946FFF751FC4FF0000A4FF0000B0EAA81
:10224000CDE90EABFFF78DFD002800F0A280269DA2
:10225000634E05EBC9030C932F460DF15008DDE9E1
:102260000E23CDF80080F7E80201CDE90A23CDE97D
:1022700014ABFFF713FC002800F08F80DDE9143267
:10228000002A02DA5B4262EB4202C6E900320C9B92
:10229000BB4206F10806E2D151484946FFF71CFC53
:1022A0000026002710AACDE91067FFF75AFD002885
:1022B0006FD0DDE910014B4B83424B4B8B41CDE995
:1022C000126766D340F2072612ABA0FB0607009305
:1022D0006422002306FB0171FFF704FD002858D09B
:1022E000DDE912AB0D9B9A45099B9FED3B7B7BEB98
:1022F00003034FF00007BCBFDDF834A0DDF824B0C5
:102300000697B846B946D5E9006114AB009330464C
:10231000DDE90A2309918DED147BFFF7BFFB08353A
:10232000099900283ED0DDE91432002A02DA5B4226
:1023300062EB42029A457BEB020244DB012E71F113
:10234000000334DBF343BB426FF00043A3EB010314
:1023500073EB08031DDBF619374641EB080809F15A
:1023600001090C9BAB42CED1069BC4E92239B9F1DD
:10237000000F0ED004F13803029314ABCDE90093A3
:10238000059808993A464346FFF725FD08B1012311
:10239000A37001232370002029E64FF0FF336FF074
:1023A000004272E74FF0FF336FF00042C2E756EA97
:1023B0000103D0D072424FF0004363EB0103974218
:1023C00078EB0303C6E7069B01330693C9E70120B8
:1023D0000EE600BFAFF30080000000000000000028
:1023E000880000205E77026D05233F00F0B51F4690
:1023F0000D4B054616460FCB8DB008AC84E80F0098
:10240000189B0693DDE91623CDE90423149B03935F
:10241000139BCDE90143129B009332463B4628466D
:10242000FFF75AFD0DB0F0BD540401082DE9F04F3F
:102430000022ADF5297D0023CDE91423CDE9162333
:1024400016AC022314AD00930294019501220023DF
:1024500064200021FFF7BFFC78B12B68159AA3F523
:10246000004313432ED12368179AA3F5C9031343DE
:102470000CBF012300230A9300E00A90022300937B
:10248000CDE901544FF0FF324FF0FF336FF063009E
:102490004FF0FF31FFF79FFCB0B12A68159BB3F1F5
:1024A000FF3F08BF12F5004F40F0A383179B22683F
:1024B000B3F1FF3F08BF12F5C90F0CBF0123002382
:1024C0000B9302E00023D6E70B9001220023CDE915
:1024D000182300220023CDE9002318AC4FF4C802D2
:1024E0000023029410461946FFF7CEFC002840F066
:1024F000828300230D93CB4BCB4E0FCB1DAD0DF53F
:10250000047885E80F0002214046FFF746FBC74BE1
:1025100084934FF47A714FF48263CDE98A1340F2C9
:10252000ED3040F2154321AFCDE9920340F2E333A1
:1025300028A89E93C5F80C80FFF7D8F801233B70BC
:1025400028240223C7E90143C7E903331423C7E959
:1025500005630022002360AE0024CDE90423CDE909
:102560000244CDE9007506966422002328A8FFF7EF
:10257000B3FC90BB347884B3B36D022B40F0588326
:10258000736D022B40F05483F46E002C40F05083A6
:10259000D6E91032643B13431FD1D6E91232653BB2
:1025A00013431AD1D6E90632134316D1D6E90832BD
:1025B000013B134311D1D6E90C32A3F5C9031343F0
:1025C00040F03683A79B012B40F032839F9CA4F5FB
:1025D000826BDBF1000444EB0B0404214046FFF75F
:1025E000DCFA934B8493A3F1041385934FF47A7C24
:1025F0004FF48263CDE98AC34FF4876E4FF48C6346
:10260000CDE98CE340F2ED3940F21543CDE99293E8
:1026100040F23D4A40F26543CDE994A328A840F238
:10262000E3339E93FFF762F80423C7E902333B616B
:10263000002200234FF00009CDE90423CDE90299DF
:10264000CDE9007506966422002328A8FFF744FC14
:10265000002840F0EF82D6E90623B3F1FF3F08BF20
:1026600012F1040F40F0E982D6E90832043B13432B
:1026700040F0E382D6E91013D6E912029A4208BF6D
:1026800088420CBF01234B46089304214046FFF7C4
:1026900084FA664B849303F1021385934FF47A7B9B
:1026A0004FF482634FF48762CDE98AB34FF48C63B1
:1026B000CDE98C2340F2ED3140F21543CDE9921380
:1026C00040F23D4040F26543CDE9940340F2E333EC
:1026D00028A89E934FF00009FFF708F80022002376
:1026E000CDE90423CDE90299CDE90075069664226F
:1026F000002328A8FFF7F0FB002840F0A082D6E9CD
:102700000632134340F09E82D6E90832033B13435E
:1027100040F09882D6E91232D6E910105B1AA3F184
:10272000030362EB000213430CBF01234B460993E2
:1027300003214046FFF731FA6423ADF812326623D5
:102740004FF47A7CADF814324FF48263CDE98AC33A
:102750004FF487638C9340F2ED3940F21543CDE995
:10276000929340F23D430226949328A840F2E3332B
:102770008DF820629E9360AFFEF7B8FF4FF000091E
:1027800021AB032200200021CDE92422CDE9040160
:10279000CDE90035CDE9029906976422002328A8E7
:1027A0002396FFF799FB0646002840F04D829DF8DE
:1027B0008131002B00F04A82769B032B15D1759B4B
:1027C000022B12D1779B012B0FD19DF88431022B64
:1027D0000BD1A79B022B08D19F9BB3F5826F04D12D
:1027E000A09EA6F587677E427E4103214046FFF703
:1027F000D4F90E4B84936623ADF814324FF47A7BF0
:1028000040F26543CDE98AB34FF4916340F2ED3174
:102810008C9340F26A43CDE9921340F28D43949336
:1028200028A807E064040108A08601006400650090
:102830006400680040F2E3339E930DF5C079FEF723
:1028400055FF4FF0000A21AB032200200021CDE903
:102850000401CDE900352392CDE902AACDF8189004
:102860006422002328A8FFF737FB0746002840F022
:10287000EF817B9B022B13D17C9B012B10D17D9B85
:10288000552B0DD1A79B022B0AD19F9BB3F5826FCD
:1028900006D1A09FA7F5916ADAF1000747EB0A0776
:1028A00002214046FFF779F9BA4B84936FF00F0E7F
:1028B0001023CDE98AE36FF00A081523CDE992834E
:1028C00028A86FF01F039E934FF02009FEF70EFF1C
:1028D0000222CDE9229221AB00200DF5C078002123
:1028E0004FF00009CDE92422CDE90401CDE90035FE
:1028F000CDE90299CDF818804FF6FE72002328A882
:10290000FFF7EAFAB8B9809B252B40F0A3817B99A9
:10291000002940F09F81DDE97032A3F57F43FE3B43
:10292000134340F09981DDE97232A3F1011313439F
:1029300008BF4FF00109082184A8FFF72EF9964B34
:102940008493013B8593954B86930DF5097803F5A8
:102950008013879342464FF47A7342F8043F591D1F
:102960002833B3F5A56F1162F7D140F2E33328A8FD
:102970009E932825FEF7BAFE0822CDE92252CDE922
:102980002422039230AA21AB0020002102920DF5EF
:10299000C07A1DAACDE90032CDE90401CDF818A016
:1029A0006422002328A8FFF797FA0546002840F084
:1029B00055819DF88231002B00F05281819B082BBC
:1029C00015D1829B012B12D1839B072B0FD1DDE9FF
:1029D0006E32A3F5C803134309D1DDE96C32A3F5C8
:1029E000CB03A3F5C04313430CBF012500250821E9
:1029F00084A8FFF7D2F84FF06413CDE984338693AF
:102A000003F58033879342464FF47A7342F8043FCC
:102A1000591D2833B3F5A56F1162F7D140F2E333A6
:102A200028A89E93FEF762FE00220023CDE904232E
:102A30000823039340AB02931DAB0DF5C07A0193BD
:102A400021AB0093CDF818A06422002328A8FFF73B
:102A500043FA002840F006819DF882313BB1829B09
:102A6000012B40F00181839BD81F434243410C93CB
:102A7000082184A8FFF791F84FF06413CDE984335F
:102A8000869303F5803387934FF47A7348F8043FB5
:102A90005A1D2833B3F5A56FC8F82020F6D10DF1E3
:102AA000A00840F2E33340469E93FEF71FFE092242
:102AB0000023CDE904230823039350AB02931DABFD
:102AC0000DF5C07B019321AB0093CDF818B06422C3
:102AD00000234046FFF700FA002840F0C7809DF829
:102AE0008231002B00F0C280829B002B40F0C1801D
:102AF000839BA3F10801D1F1000A4AEB010A404689
:102B0000FEF7F4FD00220023CDE91A230DF1680B36
:102B10000A231A466421CDF800B04046FEF7F3FDC3
:102B2000B8F802300F93D8F808301293D8F80C3068
:102B30001393D8F810301093D8F814300E901193E6
:102B4000CDF800B00A231422C8214046FEF7DBFD71
:102B5000042840F09080B8F802300F9A934240F079
:102B60008A80D8E90223DDE91210834208BF8A4235
:102B700040F08180D8F81030109A93427BD1D8F879
:102B80001430119A934276D1D8F818305A1E534215
:102B9000534105E0FEFF010064006500640063002E
:102BA0000A9A002A69D00B9A002A68D00D9A002A46
:102BB00067D0002C67D0089A002A66D0099A002AAC
:102BC00065D0002E65D0002F65D0B9F1000F64D01C
:102BD0004DB10C9A12EA0A0505D00E9A002A14BFCC
:102BE000002503F0010505F001000DF5297DBDE884
:102BF000F08F002364E42368199A13437FF479ACBF
:102C00004FF480320023CDE9002302944FF4C80230
:102C100000234FF4C8000121FFF736F900283FF4E4
:102C200068AC2368199A13430CBF0123002361E4A5
:102C30000024D2E4CDF8209027E5089025E5CDF8D2
:102C4000249075E5099073E54E46CEE51E46CCE529
:102C5000574625E681466EE689466CE60025C6E6BF
:102C60001D46C4E6002302E70C9001E74FF0000A7E
:102C700045E7824643E7002392E70A9DB3E70B9DB1
:102C8000B1E70D9DAFE72546ADE7089DABE7099D90
:102C9000A9E73546A7E73D46A5E74D46A3E700BFB0
:102CA0002DE9F04F2DED048BADF29C4D20A8FEF7E1
:102CB00088FFFEF779FB434A034660212EA80BF0FC
:102CC00085FC5F28A8BF5F2082B22EA932233E4830
:102CD00009F066FBFEF7AAFA0446FEF7ABFA0546D2
:102CE000FEF7ACFA0646FEF7ADFA384B0746D3F8C6
:102CF0000080FEF759FB00230122CDE90F32344B4F
:102D00000E93344B0D93344B0C93344B0B932A217D
:102D100042F29343CDE909314FF0070C0E23CDE980
:102D2000073C2F4B06932F4B2F4ACDE904034FF45A
:102D300040712346CDE90278CDE9005666A80BF034
:102D400045FC40F2FF239842A8BF184682B23223C6
:102D50001D4866A909F024FB2448254C012106F0F2
:102D6000E5FD00280CBF0125002503D123780BB910
:102D7000FEF758FA1F4825704FF4804106F0E1FD38
:102D8000FEF752FA18B1C82009F091FDE4E718AC3B
:102D9000234603224FF4004120A8FEF71FFF0746F9
:102DA00070B3A37F0193637F0093134A03466021AE
:102DB00046A80BF00BFC322382B246A9024809F068
:102DC000EFFAE0E75906010838040020000000206F
:102DD000C3070108D3070108EF0701080908010824
:102DE0003108010842080108740601080000024089
:102DF000B3020020000802406A0801080000C8422F
:102E000026885FED028A3046FEF7D2FAB6EE008AD7
:102E1000F0EE487AE0EE287A17AD28461797FCEED8
:102E2000E77A17EE904AFEF7D5FA9DF85C309DF8E8
:102E30005D209DF85E109DF85F5018B113B90AB976
:102E400001B9BDB1CDE903326422B4FBF2F302FB58
:102E50001344CDE90515CDE900349B4A0290334671
:102E6000802146A80BF0B2FB322382B246A99748D4
:102E700009F096FADFF87CB295499BF80040954A34
:102E8000DFF87482DFF87492934DDFF874A2002C9F
:102E900040F0F4809FED8A7B01238BF800308F4B4C
:102EA0000E8083ED007B8AED007B8D4B1460C8F8AB
:102EB0000040C9F800402C601C60D8F80030A342E4
:102EC000B8BFC8F800402046FDF72CFBDAE9002324
:102ED00006460F46FDF7DAF9CAE90001DFF8FCA162
:102EE000CDE9140132463B4630463946FDF784FBB6
:102EF000DAE90023FDF7CAF906460F46CAE900677A
:102F0000DFF8DCA1DAF8000001301828CAF8000068
:102F10007FF639AFFDF7F6FA02460B46CDE912010E
:102F2000DDE91401FDF792FCDDE91223CDE914017E
:102F300030463946FDF78AFCDDE9142306460F4684
:102F400010461946FDF758FB02460B4630463946F7
:102F5000FDF79AF902460B4643EC192B0022002399
:102F6000FDF7DAFD002800F0A280B0EE490AF0EE8D
:102F7000690A0CF099F857EC106BD9F80030D8F8C2
:102F80000000C01A2B6840F2DA22934200F39280CC
:102F900004F6396841F6724398458CBF4FF000083B
:102FA0004FF0010880B2FEF703FAB0EE489A4D4B9D
:102FB000002230463946A0EE289AFDF767F9FDF762
:102FC000CBFD80B2FEF7F4F9F0EE487AE0EE287A15
:102FD0002888BCEEC99AFCEEE77A17EE907AFEF7E5
:102FE000E7F9F0EE487AE0EE287A002CA0B2B8BFFC
:102FF0004042FCEEE77AB8BF80B217EE909AFEF737
:10300000D7F9A0EE288A64233748B7FBF3F6FCEE25
:10301000C87A03FB1671354FCDF8288017EE90CA99
:1030200030EA240028BF384619EE102ADAF80040AA
:103030000994B9FBF3F403FB1497B2FBF3F5CDE964
:103040000747BCFBF3F403FB152203FB14C3CDE9D4
:103050000310CDE90543CDE901260523244A009557
:10306000802146A80BF0B2FA322382B246A9174853
:1030700009F096F900238BF8003084E60C880E8066
:10308000341B116823B2002B01FA84F4B8BF5B42F1
:1030900014602A689BB29A4207DBD9F800309C4240
:1030A000BFF60BAFC9F8004007E72B60F5E7002635
:1030B000002762E74FF0000874E700BFAFF300801D
:1030C0000000000000000000AD08010838040020E6
:1030D000B0020020AC020020A002002090020020DC
:1030E000880200200000E03F02390108570601086D
:1030F00005090108B2020020A8020020A402002055
:10310000980200200268034B9A4201D105F028BFC3
:10311000704700BF0020004007B572B6064C074854
:103120004FF4005106F00DFC00230193019BA342D4
:10313000F5D8019B0133F8E71FA107000008024002
:1031400010B594B0102200210AA80BF0C1FA142285
:10315000002103A80BF0BCFA1F4B002101911A6C4F
:1031600042F080521A641B6C03F080530193019B60
:103170001A4B02911A6842F480421A601B6803F4E9
:1031800080430293029B01214FF480330224CDE956
:1031900008134FF48003CDE90E43A822042308A8A6
:1031A000CDE91032CDE9124307F0BCFA08B1FFF7C0
:1031B000B3FF0F23CDE9033405904FF4A0524FF431
:1031C0008053052103A8CDE9062307F087FC0028DA
:1031D000EDD114B010BD00BF0038024000700040B7
:1031E00080B5BAB000246D4D05F0A0FEFFF7A8FF32
:1031F0001422002132A80BF06BFA02942B6B684862
:1032000043F004032B632B6B03F004030293029B34
:1032100003942B6B43F080032B632B6B03F0800331
:103220000393039B04942B6B43F001032B632B6BE1
:1032300003F001030493049B05942B6B43F00203FA
:103240002B632B6B03F00203224605934EF207011A
:10325000059B06F071FB224652484FF4006106F0D0
:103260006BFB22465048402106F066FB01264EF2D9
:1032700007034B4832A9CDE93236CDE9344406F094
:103280007DFA4848349632A9CDE9326406F076FAE0
:103290004FF40063434832A9CDE93236CDE93444D6
:1032A00006F06CFA4023404832A9CDE93236CDE928
:1032B000344406F063FA00942B6B43F400132B6341
:1032C0002B6B03F400130093009B01942B6B43F4CE
:1032D00080032B632B6B03F48003224605210193AB
:1032E0000C20019B06F02AF80C2006F059F8224623
:1032F00005210E2006F022F80E2006F051F8224695
:103300000521102006F01AF8102006F049F8224690
:103310000521112006F012F8112006F041F822468E
:1033200005212F2006F00AF82F2006F039F8224652
:103330000521382006F002F8382006F031F8224640
:1033400005213A2005F0FAFF3A2006F029F8224636
:1033500005213B2005F0F2FF3B2006F021F810226A
:10336000214618A80BF0B4F9104A114B13604FF422
:103370008033C2E9013482F820400E4BD462D4601D
:1033800010460224166116769362D46182F830608A
:10339000566105F0F7FD78B1FFF7BEFE0038024038
:1033A000000802400000024000040240180800200B
:1033B000002001400100000F0523C8481A9318A9F6
:1033C000CDE9186605F016FF0028E5D1C3480426AC
:1033D00018A9CDE9186405F00DFF05460028DBD1DA
:1033E0000146102214A80BF073F91C22294623A8C9
:1033F000CDE90A550BF06CF92022294632A80BF0D2
:1034000067F9B74CB74BA560C4E90035204640F6D4
:103410006A03C4E90335C4E905550AAF08F088FB1F
:103420000028B9D14FF4805314A92046149308F012
:1034300059FD0028B0D1204608F0A6FB0028ABD1EA
:10344000CDE90A003946204608F054FE024600281D
:10345000A2D17023CDE92330CDE92500CDE92700A5
:10346000299023A9204608F017FC002894D1324661
:1034700023A9204608F010FC00288DD1082223A99A
:10348000204608F009FC002886D100234FF40052A2
:1034900032A92046CDE93233CDE934333693379221
:1034A000399308F065FE054600287FF475AF204685
:1034B00005F0FAFA102229460CA80BF009F98A4CFB
:1034C0001022294610A8CDE908550BF001F94FF05C
:1034D0008043C4E9003520464FF0FF33C4E903358B
:1034E00008AEA560A56108F023FB00287FF454AF67
:1034F0004FF480530CA920460C9308F0F3FC0028ED
:103500007FF44AAF204608F06BFB00287FF444AFFD
:10351000CDE908003146204608F0ECFD02460028BF
:103520007FF43AAF0123CDE911301090139010A928
:10353000204608F041FC00287FF42EAF022304222D
:1035400010A92046CDE9103308F036FC03460028C8
:103550007FF422AF6548DFF8C8C1654A03624FF4C3
:103560008044C0E90233C0E90443C0E90633C0E93E
:1035700000C206F0EFF9034600287FF40DAF5D4866
:103580005D4F03614FF46122C0E900720C22C0E973
:103590000233C0E90523C36108F0D4FE03460028C6
:1035A0007FF4FAAE5548564E564A0362C0E90062AF
:1035B000C0E90233C0E90443C0E9063306F0CAF9A2
:1035C00000287FF4E9AE5049504B0B604FF48270F5
:1035D000002301220224C1E90103C1E90442CB60B6
:1035E0004FF4007518220B624B628B6208460A2367
:1035F000C1E90652CB6207F031FC054600287FF492
:10360000CBAE0146CDE906001C221CA80BF060F8E9
:10361000294620222AA80BF05BF83D4C3D49A560C5
:103620005323C4E90013204640F2E733C4E90335CD
:10363000C4E9055506AE08F0A7FA00287FF4ACAE41
:10364000CDE906003146204608F054FD0246002828
:103650007FF4A2AE6023CDE91C30CDE91E00CDE998
:10366000200022901CA9204608F016FB00287FF4B9
:1036700093AECDE92A00CDE92C002E904FF40053F3
:1036800031902AA920462F9308F072FD05460028A4
:103690007FF482AE204605F007FA1F481F4A0561F5
:1036A0004FF46123C0E900230C23C0E90255C0E9AF
:1036B0000535C56108F046FE044600287FF46CAE6F
:1036C000FEF7D8F9FEF734F900283FF465AEFEF7AF
:1036D000ADFE00283FF460AE24E000BF18080020D3
:1036E00050050020000001400805002010070020C0
:1036F000A086010038040020004800406407002034
:1037000000540040801A0600580600200030014096
:10371000C0040020000401407C040020004400405C
:103720000058004000F01CF800F048F800283FF472
:1037300033AE09F043F8074A0748214609F071F80B
:10374000064B1860FDF76CFD00283FF425AE09F02C
:1037500047F8FEE7803B0108A12C0008B4020020D6
:1037600008B500F0B3F90448044904F0C7FDBDE80A
:1037700008400348FEF725BA98080020A43B01083A
:103780006008002000F046B900F054B900F062B9BA
:1037900008B5044804F0AAFDBDE808400248FEF759
:1037A00010BA00BF980800206008002008B5FFF795
:1037B000EFFFBDE8084000F081B9000070B52DEDC5
:1037C000068B84B004F03CFE00284AD0284C294DDA
:1037D0002046B0EE000A04F0A3FD0123B6EE000A75
:1037E0007B202B706B6200F035F9FFF7DFFF94ED63
:1037F00007AAD4ED089A94ED099AD4ED0A8A94EDBB
:103800000B8A2E786C6A01A800F086F9B5EE40AA02
:10381000F1EE10FABDF80420DDED027A9DF80C30CF
:1038200023D1F5EE409AF1EE10FA1ED1B5EE409A92
:10383000F1EE10FA19D1F5EE408AF1EE10FA14D13A
:10384000B5EE408AF1EE10FA0FD176B96CB962B9D3
:10385000F5EE407AF1EE10FA07D183F0010000F0A6
:10386000010004B0BDEC068B70BD0020F7E700BF7F
:1038700098080020600800201FB50446D8B10F4BFF
:10388000DA6902601A6A42605A6A82609A6ADB6A7E
:1038900003610B4BC2601A785B6A8361027501A8F1
:1038A00000F03AF9BDF80430A383029B23629DF82F
:1038B0000C3084F8243004B010BD00BF98080020FC
:1038C0006008002030B52DED028B054689B0B0EEC2
:1038D000408AC8B31D486B4603224FF40051FEF7DF
:1038E0007DF9044628BBDDE90201FEF7E9F9DFEDC9
:1038F000187A9FED187A30EE480AB4EEE70AF1EE36
:1039000010FA1BDCDFED147A9FED127AB4EEE70AB1
:10391000F1EE10FA15D4114885ED000A04F000FD0F
:10392000FDEEC07AB7EE000A17EE903A98B200F0BA
:1039300091F8204609B0BDEC028B30BD30EE470A4D
:10394000DBE730EE070AE1E70124F2E76008002038
:10395000000034430000B443000034C39808002042
:1039600042F29343B0FBF3F202FB130080B27047C4
:10397000072070470E20704708B5044804F056FD34
:10398000FDEEC07A17EE900A08BD00BF980800202F
:10399000004870478909010808B507EE900A9FEDB5
:1039A000197AF8EEE77A2DED028B67EE877AB0EEA2
:1039B000408A9FED150A87EE800A0BF005FCF6EEB3
:1039C000007AE0EE277A67EE887AF5EEC07AF1EEBB
:1039D00010FA14D4B7EE000AF4EEC07AF1EE10FA41
:1039E000D8BFB0EE670ADFED097A20EE270ABDECFA
:1039F000028BBCEEC00A10EE103A98B208BD9FEDE3
:103A0000040AF0E7DB0FC940004C124600A006454F
:103A10000000000008B5012204484FF4006105F0E1
:103A20008BFF034B01221A7208BD00BF0000024049
:103A3000C808002008B5002204484FF4006105F0D2
:103A40007BFF034B00221A7208BD00BF000002403A
:103A5000C808002070B542F293450446B0FBF5F06B
:103A600005FB10402DED028B80B2B0EE408AFFF7CF
:103A700093FF104B1E6804F63143B0EE480A7063A2
:103A8000B3FBF5F005FB1030FFF786FF04F5C353D9
:103A90000233B063B0EE480AB3FBF5F005FB10301B
:103AA000FFF77AFF044BF06383ED018ABDEC028BD4
:103AB0001C8070BD50050020C80800209FED020A40
:103AC0000020FFF7C7BF00BF0000000008B5FFF7E8
:103AD000B1FF012211460E4805F02EFF0C480022CE
:103AE000022105F029FF00220948042105F024FFE6
:103AF0000021084808F0FCFA0421064808F0F8FA0A
:103B00000448082108F0F4FABDE80840FFF7D6BFE2
:103B10000008024050050020034618B1024A07CAB7
:103B200083E80700704700BFC80800200F4B70B53E
:103B3000D3F8101AD3F8144AD3F8185A0C4B0022B1
:103B400018461E688E4209D15E68A64206D19E685C
:103B5000AE4203D11C2303FB020070BD0132042AD4
:103B600003F11C03EDD10020F7E700BF0070FF1F39
:103B7000883C010809289ABF024B53F820000248EC
:103B8000704700BF083C01089D09010848B103784F
:103B90003BB1084446F67043C25442F65A530122E0
:103BA000C25470470346B0B3D0ED007AF5EE407AC8
:103BB000F1EE10FA2FD1D0ED017AF5EE407AF1EE68
:103BC00010FA28D1D0ED027AF5EE407AF1EE10FA33
:103BD00021D1D0ED037AF5EE407AF1EE10FA1AD148
:103BE000D0ED047AF5EE407AF1EE10FA13D1027DB1
:103BF0008AB9806978B99A8B52B9D3ED087AF5EE13
:103C0000407AF1EE10FA06D193F8240080F001001A
:103C100000F0010070470020FAE700000FB400B583
:103C2000ADF2747D0DF5EF6340F26C7153F8042B27
:103C3000009301A80AF02EFD021E0ADD40F26B730C
:103C40009A4228BF1A460648C82392B201A908F032
:103C5000A7FB0DF2747D5DF804EB04B0704700BF64
:103C6000380400200FB400B5A3B024AB802153F872
:103C7000042B019302A80AF00DFD021E08DD802A24
:103C800028BF7F220548642392B202A908F088FB6E
:103C900023B05DF804EB04B0704700BF3804002087
:103CA0002DE9F0412DED0A8B9FED3E9A9FED3EBA36
:103CB000DFED3EBA9FED3ECA0D46F0EE40AA164635
:103CC0001C4680460027B0EE498AB0EE49AAAF42B2
:103CD00012DB002D267033DCDFED327A84ED01AA91
:103CE00084ED02AA84ED03AA0023BDEC0A8BC4ED87
:103CF000047A2375BDE8F08107EE907AB8EEE77A92
:103D0000F8EC018A27EE0B7A78EEEA8AC7EE0B7A96
:103D1000013767EEAB7AC7EE8C9A07EE906AF8EE41
:103D2000E77A69EEA79AB0EE690A0BF015FAA0EEF1
:103D3000288AB0EE690A0BF047FAA0EE289AC6E787
:103D400007EE905AF8EEE77AB0EE007AC7EE278ACF
:103D500028EE888A68EE898A84ED018A28EEA80A0E
:103D6000C4ED028AA8EE080A0BF0D4F9F0EE480A76
:103D7000B0EE409A84ED030AB0EE680A0BF0C8F981
:103D8000DFED0B7A9FED097A20EE270AC0EE077A65
:103D90009FED087AB4EEC79AF1EE10FAACBF01239A
:103DA0000023A2E7000000000000B443DB0F4940FD
:103DB00000003443CDCC4C3D73B503460025084686
:103DC000012611460A220135AB4202FB06F6FAD162
:103DD00007EE906AB5EEC00AF1EE10FAF8EEE76A67
:103DE0004CBFB1EE407AB0EE407AF6EE007AE6EEE5
:103DF000877AB5EEC00AFDEEE77AF1EE10FA17EE1B
:103E0000904A94FBF6F306FB1344CDE9005407D522
:103E100053EA040204D0034A0AF0D8FB02B070BD92
:103E2000014AF9E7A5090108A6090108F0B5DDF87E
:103E30001CC0DDE9056798B104788CB1451805F51B
:103E400035552C78652C07D816F1004E47F1000740
:103E500017B9BCF5803F04D301238370002343705E
:103E6000F0BD01F2AF5700EBC707C7E90023662397
:103E700003FB014101F6923301F52F511C3101344E
:103E800040F8236020F811C02C70E9E72DE9F04FCD
:103E90002DED028B95B0CDE906239DF88030DDF83D
:103EA0008CA00993DDE921490590B0B1ACB147225E
:103EB00000210325601C0AF00BFC059825700CAB53
:103EC0002A4640F21D71FDF789FE064660B160701A
:103ED0002A4651464846FFF759FE0325284615B0A5
:103EE000BDEC028BBDE8F08F0CAF0FCF04F10805DD
:103EF0000FC597E80F0085E80F000123A362DDE9F5
:103F00000E7805F039F8DDE90E230890CDE900239D
:103F10000296DDE9062351464846FFF787FFB34680
:103F2000012008F0C4FC05980CAB032240F21D717F
:103F3000FDF754FE054630B1032260702270C8E7D9
:103F40001F469046ECE70DF1300EBEE80F0004F17D
:103F5000080CACE80F009EE80F008CE80F00A36A85
:103F60000133A3629DED0E8B05F006F8089BC01A85
:103F70000290DDE906238DED008B51464846FFF7A0
:103F800055FFDDE90E32DF1B62EB0808B8F1000FC8
:103F900002DA7F4268EB480806990798B3EB010CF8
:103FA000099962EB0000C4E90EC099B3002861468C
:103FB00002DA494260EB400040F28F3C614570F10B
:103FC000000034BF012100210A2F78F1000825D21A
:103FD0000BF1010B01B30136E06A5845206B38BF85
:103FE000C4F82CB0B04200D22663E06A84F84110D5
:103FF000072894BF00200120082E84F8400011D12A
:104000000123002284F84230227051464846FFF7CF
:10401000BDFD63E70121D7E70E46DDE74FF0000B5A
:104020005E46E2E7CDE90A3204F0A6FF089BC01A1B
:104030006328DDE90A3283D9002384F8423094F8FA
:10404000403033B194F841301BB9022525702A461F
:10405000DBE70125FAE7036A10B50C681C1B13683F
:10406000234413604C68436A1C1B53682344536009
:104070008C68836A1C1B936823449360CC68C36A72
:104080001C1BD3682344D3600C69036B49691C1B58
:10409000136923441361436B591A53690B445361E9
:1040A00010BD06EE902A07EE103AF8EEE66AB8EE7A
:1040B000C77ABAEE0E6AC6EE877A091AF1EE086A76
:1040C000A7EEA66AF2EE046AE7EE866A27EEA77A02
:1040D00027EE277A07EE901A27EE267A06EE900A48
:1040E000F8EEE77AB8EEE60AA7EE270A0BF0A6B8D4
:1040F0002DE9F047002986B00E4690460F4602DAB9
:10410000404261EB41070546EA460024E94628465D
:1041100039460A220023FCF7EDFEAC4630320AF89D
:10412000012BBCF10A0F3A4672F100022346054604
:1041300004F101040F4602D3172CE8D11623002EF8
:1041400009DA172C07D004F118020DEB02042D2216
:1041500004F8182C9C1C09EB040208F1FF31012320
:1041600012F8010D01F8010F9C4203D00133182B06
:10417000F6D11724002308F8043006B0BDE8F08714
:104180002DE9F04F002487B0894616461470A0F13F
:10419000080725464FF07C0AA3464C4502D107B0DC
:1041A000BDE8F08FF7E902016A46FFF7A1FF684614
:1041B000FCF70EF8002C0CBF2B466B1C0344B3F528
:1041C000806FECD214B106F805A001356846FBF704
:1041D000FFFF804602467019454469460AF012FB0B
:1041E000013406F805B0D8E74E4B0022F0B583F84D
:1041F0008420DA67002800F08F80D0E90862D0E9D7
:104200000A54D0E90C10C3E9A462D3F8C072D3F801
:10421000A8223A44D3F8F0763A44D3F808773A44DF
:10422000D3F820773A44D3F854773A44D3F8507807
:104230003A44D3F868783A44B61AC3F87C62D3F8A3
:10424000B022D3F8C8623244D3F8F8663244D3F8C7
:1042500010673244D3F828673244D3F85C6732449D
:10426000D3F858683244D3F870683244C3E9A6548E
:10427000AD1AC3F88052D3F8B422D3F8CC522A44F2
:10428000D3F8FC562A44D3F814572A44D3F82C57B1
:104290002A44D3F860572A44D3F85C582A44D3F808
:1042A00074582A44A41AC3E9A810C3F88442D3F866
:1042B000D042D3F8B8222244D3F800472244D3F89E
:1042C00018472244D3F830472244D3F864472244A5
:1042D000D3F860482244D3F878482244891AC3F8B6
:1042E0008812D3F8BC22D3F8D4120A44D3F80417A6
:1042F0000A44D3F81C170A44D3F834170A44D3F8F5
:1043000068170A44D3F864180A44D3F87C180A449E
:10431000801AC3F88C02F0BD0146044605460246E9
:10432000064670E7B01000202DE9F043002900F0A8
:10433000AB805B4BD3F86C43002C00F0A5800125CB
:1043400083F80153D3F80853D1F858C0D3F8186351
:10435000D1F85CE0D1F86080D1F86490CF6E01357F
:10436000C3F80853D3F814536544C3F814534D6D80
:104370002E44C3F81863D3F81C637644C3F81C6357
:10438000D3F820634644C3F82063D3F824634E4433
:10439000C3F82463D3F82C633E44C3F82C630F6F37
:1043A000D3F830633E44C3F830634F6FD3F83463BF
:1043B000B74288BFC3F83473D3F838638F6EB742FF
:1043C00088BFC3F8387304EB800707F580578E6FFA
:1043D000C7F84067D1F88060C7F8106DBCF1FF0FD7
:1043E00004EB000642F2C85728BF4FF0FF0C06F856
:1043F00007C0FF2D42F23C7728BFFF25F555BEF1DF
:10440000FF0F42F6B00528BF4FF0FF0E06F805E09B
:10441000B8F1FF0F42F6242528BF4FF0FF0806F839
:104420000580B9F1FF0F42F6983528BF4FF0FF091C
:1044300006F8059042F60C5572554ABB0D783DB30F
:10444000D1E90C6704EBC004C4E9006708B9C3E90B
:10445000D067D3F80C230132C3F80C238B789BB1BF
:10446000A0B1B0F5B47F0FD10E4B01221A70D1F874
:1044700084205A60D1F888209A60D1F88C20DA60C4
:10448000D1E90E01C3E90401BDE8F083064BECE776
:10449000D3F8281383F804230131C3F82813F3E772
:1044A000B010002038140020201400200E4A30B52F
:1044B0000121151F814200DB30BDD2ED007A4B1E79
:1044C000144634ED017AF4EEC77AF1EE10FA03D512
:1044D000013B84ED017AF4D205EB8303C3ED017A4D
:1044E00001310432E6E700BFE40A0020084B002255
:1044F000C0B293F89C10814206D001320C2A03F11D
:104500001803F6D10020704703F19C00704700BFEC
:10451000B01000202DE9F04788462DED0A8B0446A7
:10452000F0EE409A002852D0DFF8C090DFED2B8AE1
:10453000DFED2BAA9FED2BBADFED2BBA0027561823
:1045400007EE907AB8EEE77AC24627EE2A7AB0EE06
:10455000699AC7EE2A7A67EE8B7A87EEABCA1AF8A9
:10456000010BFFF7C3FF0546D0B1037808EE103A00
:10457000B8EE488A28EE0C8AB0EE480A0AF0ECFD44
:10458000B0EE40AAB0EE480A0AF01EFED5ED027A5F
:1045900095ED017A60EE277AE7EE0A7A39EE279AEE
:1045A0005645DCD1F9EC017A013777EEC97ABC4285
:1045B000E7EEA78AC4D107EE904AB8EEE70A88EE84
:1045C000800ABDEC0A8BBDE8F0470AF0A3BDBDEC44
:1045D0000A8B9FED020ABDE8F08700BF00000000D3
:1045E0000000B443DB0F494000003443102000209A
:1045F0002DE9F04715462DED0C8B0E4614220021B7
:104600001F460446F0EE40BAF0EE60AA0AF060F8E9
:1046100007EB0508A94619F801AB5046FFF766FFFE
:1046200030B94E4B2361BDEC0C8B2046BDE8F087C2
:10463000B6EB4A0F01D84A4BF4E7C145EBD13A46F5
:104640002946B0EE6B0A3046FFF764FF9FED45BA8E
:104650009FED458ADFED45CA9FED45DAF0EE409AC1
:10466000002707EE907AB8EEE7AAA9462AEE2CAA10
:10467000F0EE6B8A2AEE0DAA19F8010BFFF736FF50
:104680000646D0B1037809EE103AB8EE499A29EE01
:104690000A9AB0EE490A0AF05FFDB0EE40CAB0EEE9
:1046A000490A0AF091FDD6ED027A96ED017A60EEA4
:1046B000277AE7EE0C7A78EEA78AC845DCD1F4EECB
:1046C000C88AF1EE10FAB4EEE8BAC8BFB0EE688A54
:1046D0000137F1EE10FAC8BFB0EE68BAB7F5805FE7
:1046E000BFD1DFED247AF4EEE7AAF1EE10FA38EE4E
:1046F0004B8A2FDD89EEAA7AF7EE007AE7EE477A49
:104700009FED1D7AF0EEE76AF4EE476AF1EE10FADB
:1047100006D89FED1A7AF4EEC77AF1EE10FA05D5B5
:10472000174BC4ED009A84ED018A7BE79FED157A63
:10473000B4EEE77AF1EE10FAC8BFF0EE477A012343
:1047400023730123C4ED009A84ED018AC4ED027A3B
:10475000637368E7DFED0B7A0023F1E7B009010826
:10476000C3090108286B6E4E286B6ECEDB0FC94063
:1047700000008039BD378635FFFF7F7F6F1283BA17
:10478000D709010800000000B5EEC00AF1EE10FAEA
:10479000DFED126A4CBFB1EE407AB0EE407AF6EE31
:1047A000007AE7EE267A07B5FDEEE77A642117EE88
:1047B000902AB5EEC00A92FBF1F3F1EE10FA01FB7C
:1047C0001322009208D553EA020105D0044A1021B1
:1047D00009F0FCFE03B000BD024AF8E70000C84241
:1047E000EA090108EB0901082DE9F04F97B0CDE97E
:1047F000030102939DF884300B93249B0C93259B1B
:104800000D930B6806939342CCBF4FF0FF33012307
:1048100005920A93229C07F0FDFF814AD2F850329C
:1048200001338346C2F850327CB123786BB1039BCD
:10483000039A9B68D26813F1004142F10002002AFA
:1048400060D1239A0A3244F82230209B0193239BA3
:104850002822002653430127B146B2463546099324
:10486000DDE9051028233A46FFF71BFCCDE9079A3E
:10487000B046049BB7EE000A186080B2FEF786FFD0
:104880000EAB0322039840F21D71FDF7A7F9644AAD
:10489000D2F854320133C2F85432002840F0B980C3
:1048A000002C66D0DDE9103C22781AB3239AA218B6
:1048B000117B27291AD8049A0C9E126812EB060E57
:1048C0000D9E46EBE2721EF1004942F100026AB908
:1048D00048B913F100424FF0FF394CF1000C9145FB
:1048E00070EB0C0C02D3B5F5803F21D30123A370EC
:1048F0000023637000283CD0029B03B11F6017B0F7
:10490000BDE8F08F002363700123A3709DE7A0EB47
:104910000B05002D68DD424BD3F858220132C3F855
:104920005822D3F85C22954288BFC3F85C525CE001
:10493000239A282606FB021204EB82020028C2F802
:1049400090E002F5805218BF0023C2F8D030099BD6
:104950000B4403F58453083342F6301224F8135005
:10496000099BE3180B4401319854239BE3181973F6
:10497000C0E7DDE9109AB8F1000F1FD0079BB9EB33
:104980000306089B6AEB03080A9B012B06D116F16C
:10499000090F58F1000811DA764203E00A2E78F187
:1049A00000080BDB1E4BD3F860220132C3F86022F3
:1049B000D3F86422B24238BFC3F86462209B2BB1A3
:1049C0000B9BBB4224BF019BC3E9009A0137292FEF
:1049D00018D007F01FFF0BF1010BABEB0003002B0E
:1049E00095DD584607F06FFF0025019B4FF0010849
:1049F0000833282F019346467FF432AFCDE9079A5A
:104A0000059836E7029B13B1029A28231360002011
:104A100075E7002C3FF470AF00239C4644E700BFCD
:104A2000B01000202DE9F04FAFB01F90FFF77EF8D7
:104A30000546002800F08680D0F80CA00125FFF77D
:104A400075F8044600B1103421A8FCF79BFE00283D
:104A50007BD19DF88460002E78D0214621A8FCF7F8
:104A600027FF012607463846FCF756FF032F9CBF59
:104A70003B4B33F917803B4BD3F8102A1B9288BF6E
:104A80004FF4FF78D3F8142AD3F8183A1D93002C6A
:104A9000B8FA88F714BF0123002381464FEA57175D
:104AA0001C921E9354D02388A178E07894F804C017
:104AB00094F805E01A93A379A468BDF8AEB0CDF8D8
:104AC0005CB09DF88CB0CDF858B09DF88BB0CDF8A7
:104AD00054B09DF88AB0CDF850B0CDE90EE39DF802
:104AE00089B01A9BCDF84CB09DF888B0CDF848B08D
:104AF000CDE90993BDF886B01E9B2C9A1892CDE99A
:104B00000C0C0B91CDE9104BCDE90773CDE905678E
:104B1000CDE903A51D9B02931C9B01931B9B009356
:104B2000114A124B1F991248FFF778F8B8F1000F9D
:104B300004D010484A464146FFF794F838462FB053
:104B4000BDE8F08FDFF830A079E7002601278AE77B
:104B50002346A646A446204621461A94ADE700BF48
:104B6000C03B01080070FF1F160A0108010A010876
:104B7000230A0108760C0108F50901082DE9F04F18
:104B80002DED028BBA4CBB4A217BBB4BADF6AC7D05
:104B9000002908BF1A464292FEF7C8FF002801F01C
:104BA0007881C36841934FF0010894ED230A58A817
:104BB000FFF7EAFD94ED040A1422CCA90520FFF7C3
:104BC000FBF894ED050A1422D1A90520FFF7F4F8AB
:104BD00094ED060A18220DF598610320FFF7ECF812
:104BE00094ED070A1422E0A90520FFF7E5F894EDFB
:104BF000080A1422E5A90520FFF7DEF894ED0E0A55
:104C00001422D6A90520FFF7D7F894ED0F0A142235
:104C1000DBA90520FFF7D0F894ED100A18220DF556
:104C20009B610320FFF7C8F894ED110A1422EAA94A
:104C30000520FFF7C1F894ED120A1422EFA9052010
:104C4000FFF7BAF894ED0C0A1422F4A90320FFF739
:104C5000B3F894ED160A1422F9A90320FFF7ACF873
:104C600094ED1B0A1422FEA90520FFF7A5F81422D3
:104C70000DF20C41052094ED1C0AFFF79DF87F4BC7
:104C800094F8C4167E4A94F87802002918BF1A4690
:104C90007C4B4592D3F8102A4492D3F8142AD3F8C7
:104CA000183A4793B4F804324893B4F8063249935B
:104CB000B4F808324A9363684B93A3684C9394F812
:104CC00000334D9394F8A03346924E93D4E91F23BA
:104CD0004F9394F88430509394F84C325193FEF7EC
:104CE00049FFD4F87C325293D4F880325393D4F8ED
:104CF00084325493D4F888325593D4F88C32569336
:104D0000D4E9B6E3002AB4F886505793844641F3B9
:104D1000C580D4F8E012D4F8E402A1EB0209D9F17D
:104D2000000343EB09034393D4F8E832564CA0EB5D
:104D3000020ADAF10000A3EB020B40EB0A00B4F820
:104D40003065DBF1000343EB0B03494CA16E94F893
:104D5000607094F80D9094F80EA03791616ECDE9D3
:104D60002D03439B2C93032F579B98BFDFF864B10F
:104D70002B9340F28E304FF00903CDE92930434B9D
:104D800094BF5BF82770424F4248CDE927E3424B7E
:104D90002693CDE93571569B404F2593559B24931F
:104DA000CDE93167549B239358AECDE9339ACDE9D1
:104DB0002F56539B2293529B354DCDE920C3519BD7
:104DC0001F93509B1E934F9BCDE91C23344A19928D
:104DD000344A1892459A1792334A1692334A1592DA
:104DE0004E9A1492324A13924D9A1292314A11926B
:104DF000314A1092314A0F92429A0E9200234FF498
:104E0000B4764C9A0D92CDE91A364B9A0C924A9A86
:104E10000B9206220A92499A0992489ACDE90732E2
:104E2000274B0693419B0393479B0293469B019319
:104E3000449B244A0093CDE90485234B0521FEF7CA
:104E4000EDFEB727B623CDE90237204B019600933C
:104E5000D4E9012305211E48FEF7E0FED4E90167ED
:104E6000FEF796FDD4F864320F93D4F8603233E045
:104E7000B0100020AB0C0108AC0C0108F83A010896
:104E8000E13A01080070FF1FB02000201112010854
:104E90009D090108C60C010829120108F711010833
:104EA000B80C01087C050108090801083A1201083C
:104EB0004A1201085B1201086712010885120108F5
:104EC000A1120108160A0108010A0108501301087D
:104ED000A7120108F83B01080E93D4F85C320D9339
:104EE000D4F858320C93D4F854320B93D4F850328F
:104EF0000A93D4F870320993D4F86C320893D4F83A
:104F0000683207934FF0280C0123CDE9053CAF4BE5
:104F10000393429B0490CDE90153419BAC4800931D
:104F200032463B460521FEF779FED4E9012394F889
:104F300034C0A17B94F82400A66A94F84CE094F85D
:104F40000D80A78D94F85CA0B4F854904393236D22
:104F500094F860404493032C9CBF9E4D55F8245018
:104F60009D4CA36F20930DF20C4B636FCDF878B07E
:104F70000DF57E7BCDF874B01F93A36E1C93636E0A
:104F8000CDF864A0CDE91A53449BDFF880B2F9ADA7
:104F9000CDE91795EFADCDE915E3CDE90B061495F5
:104FA000E5A8EAAD13950A900DF59B65E0A812956A
:104FB0000990DBAD0DF5986011950890D6ADD1A89C
:104FC000CDE90FC5429B0790F4ADCCA8CDE9051003
:104FD000CDE90D758149824D0293419B8148039132
:104FE000019500930521439BCDF81080FEF716FE36
:104FF00044F6206340F21D72CDE90932022160239C
:10500000CDE9073140230693774B0593774B049303
:10501000774B0393774B7848CDE90153419B00933D
:10502000D4E901230521FEF7F9FD04F576634993E0
:10503000724B43934FF0000AB42304F57666449311
:105040005546E36F9D42C0F22F870DF59E62D4E96D
:10505000BE01FFF74DF8D4E9BE01FCF731FE0DF5B6
:10506000846105201422FEF7A7FE63684393A368BA
:105070004493D4F8D8324693D4F890324793D4F876
:1050800094324893D4F898324A93D4F89C324B9394
:10509000D4F8A0324C93D4F8A4324D93D4F8A8326B
:1050A0004E93D4F8AC324F93D4F8B0325093D4F836
:1050B000B4325193D4F8B8325293D4F8BC325393EB
:1050C000D4F8C0325493D4F8C4325593E36F002B14
:1050D000D4E9B267D4E9B4CED4E9B781D4E9B9054B
:1050E000D4E9BB9A41F32C80A1EB030BDBF1000464
:1050F00044EB0B04A0EB030BDBF1000242EB0B02D1
:10510000A5EB030BDBF1000343EB0B030DF5846B05
:10511000CDF888B00DF59E6BCDE9203B559B1393E0
:10512000549B1293539B1193529B1093519B0F933B
:10513000509B0E934F9B0D934E9B0C934D9BCDE933
:105140001E42CDE91A05CDE91881CDE91467CDE9F4
:105150001C9ACDE916CE0B934C9B0A934B9B09935B
:105160004A9B0893489B0793479B0693469B05934E
:10517000234B0493234B0393429B0293184B0193BD
:10518000419B00932048144EDDE943230521FEF79F
:1051900045FD00250DF5C5692F4634460DF5DD6842
:1051A00096ED2A0A102249460420FEF705FE96EDE8
:1051B0002B0A102208EB07110420FEF7FDFD96F8DC
:1051C000B0302BB30123BB401D4321E0EF070108A2
:1051D0006D130108F83B0108B0100020F711010819
:1051E0009D0901080F1501085E19010868190108D9
:1051F0007E1901084A1201081E1801084F370020C5
:1052000029120108111201083C1B0108DE250020AB
:1052100001370C2F06F1180609F11009C0D194EDE1
:10522000720A10225CA90420FEF7C6FD94ED730AF1
:10523000102260A90420FEF7BFFD94ED780A102229
:1052400064A90420FEF7B8FD94ED790A102268A93C
:105250000420FEF7B1FD94ED7E0A10226CA9042013
:10526000FEF7AAFD94ED7F0A102270A90420FEF734
:10527000A3FD94F8D03194F8E82194ED250A1B039E
:1052800043EA42332B43102274A904204393FEF7D0
:1052900093FD94ED260A102278A90420FEF78CFDD8
:1052A00094ED850A10227CA90420FEF785FD94ED7B
:1052B000860A102280A90420FEF77EFD94ED870A5D
:1052C000102284A90420FEF777FD94ED880A1022AD
:1052D00088A90420FEF770FD94ED890A10228CA99C
:1052E0000420FEF769FD94ED8B0A102290A904209A
:1052F000FEF762FD94ED8C0A102294A90420FEF7BB
:105300005BFD0DF51C7894ED8D0A102298A9042000
:10531000FEF752FD0DF52079414694ED8F0A1022DB
:105320000420FEF749FD0DF5247A494694ED900AD4
:1053300010220420FEF740FD0DF5287B94ED910A24
:10534000102251460420FEF737FDACAD94ED920AD1
:10535000102259460420FEF72FFDB0AE294694EDE9
:10536000830A10220420FEF727FD314694ED840ABB
:1053700010220420FEF720FDB84BB4AF93ED000AD5
:10538000394610220420FEF717FDB44B93ED000AB6
:10539000F6EE007A20EE270AB8A910220420FEF7C4
:1053A0000BFDD4F87432CDF8F4A0CDE93EB394F8F7
:1053B0004C32CDF8E880CDE93B93B8A998ABCDE964
:1053C0003871379394AB369390AB359394F8383269
:1053D00034938CAB339388AB329384AB319380ABF3
:1053E00030937CAB2F9394F828322C95CDE92D6324
:1053F00094F80B322B93439B2A9394F80A32299307
:1054000070AB28936CAB2793B4F80832269306232D
:105410002593B4F806322493B4F80432239368AB8E
:10542000229364AB219360AB20935CAB1F930DF58B
:10543000F3631E930DF5F1631D930DF5EF631C935C
:105440000DF5ED631B930DF5EB631A930DF5E96311
:1054500019930DF5E76318930DF5E56317930DF5B3
:10546000E36316930DF5E16315930DF5DF63149374
:105470000DF5DD6313930DF5DB6312930DF5D96321
:1054800011930DF5D76310930DF5D5630F930DF5BB
:10549000D3630E930DF5D1630D930DF5CF630C938C
:1054A0000DF5CD630B930DF5CB630A930DF5C96331
:1054B00009930DF5C76308930DF5C563079378ABA2
:1054C000069374AB0593D4F880300493E36F039391
:1054D000429B0293624B0193419B0093D4E90123C9
:1054E000604805210DF23445FEF798FB0DF58966FD
:1054F00094EDD40A142229460520FEF75DFC0DF236
:105500005C4794EDD50A142231460520FEF754FC81
:105510000DF58E6894EDD60A142239460520FEF763
:105520004BFC0DF2844994EDD70A14224146052024
:10553000FEF742FC94EDD80A142249460520FEF7F6
:105540003BFC94EDD90A14220DF593610520FEF77A
:1055500033FC94EDDA0A14220DF2AC410520FEF77B
:105560002BFCD4F80C33002B40F3EF85D4E9D001A9
:105570000DF5A162FEF7BCFD0DF5A762002000212C
:10558000FEF7B6FD384C94F80233002B00F0E985A5
:10559000D4E9D2010DF5A462FEF7AAFD459B1E9346
:1055A000324B1D93D4F83C331C93D4F838331B93FF
:1055B000D4F834331A93D4F830331993D4F82C3305
:1055C0001893D4F828331793D4F824331693D4F8C7
:1055D00020331593D4F81C331493D4F81833139351
:1055E000D4F814331293D4F80C331193D4F808334D
:1055F00010930DF2AC430F930DF593630E9394F853
:1056000003331B48CDE90C930DF5A4630B930DF503
:10561000A7630A930DF5A163CDE90883CDE9066779
:105620000595D4F81033049394F802330393114B87
:1056300002930B4B0193419B0093D4E90123052175
:10564000FEF7ECFAD4F86C33002B40F0AF850A4C2F
:105650000A4D04F54078A4F56C7911E0FC1F002098
:105660009D0901088B1E0108B010002009080108DF
:105670009E2301084A12010860140020303C0108F2
:105680002378002B00F0A1806378002B00F0F685D2
:10569000D4E918010DF5BF62FEF72AFDD4E9060131
:1056A0000DF5C262FEF724FDD4E908010DF5F5629F
:1056B000FEF71EFD0DF6A832D4E90A01FEF718FD2B
:1056C000D4E90601FAF76AFFCF4B0022FAF794FFFC
:1056D000CE4B0022FAF790FFFBF75EFA142200EEA1
:1056E000100A0DF5B6610520FEF766FBD4E9080146
:1056F000FCF7E6FA14220DF5B9610520FEF75CFB14
:10570000D4E90A01FCF7DCFA14220DF5BC6105208E
:10571000FEF752FBD9E9012343932B684C9323698D
:10572000449363684593A3684693E3684793D4E939
:1057300023734893D4F89430A0784A93D4F89830DF
:105740004B93FEF717FA6378D4E927ABD4E92161CC
:10575000CDE919034B9BCDF858A0CDE917B34A9B6F
:105760001593489BAA48CDE913730DF5BC631093BC
:105770000DF6A833CDE911160F930DF5B9630E930D
:105780000DF5F5630D930DF5B6630C930DF5C2633E
:105790000B930DF5BF630A93479B0993469B0893B0
:1057A000459B0793449B06934FF4B47305934C9B1E
:1057B0000493984B0393429B0293974B0193419B15
:1057C00000930521439BFEF729FAC034444505F1B7
:1057D00004057FF455AF914C94F8A05394F8A2635C
:1057E000D4F8AC7394F8A403002D00F06C85002E5F
:1057F00000F06C85042F40F069858949894B0028A9
:1058000018BF1946FEF7B6F9D4E90128D4F8A893D1
:10581000CDE90B0194F8A333CDF82090CDE90973BD
:105820000423CDE9066394F8A1337F48CDE90453FE
:10583000784B0393429B0293774B7C4D0193419BA2
:10584000009305214346FEF7E9F92E4655E902018A
:105850000DF5AA62FEF74CFCF6E804010DF5AD6209
:10586000FEF746FC56E902010DF5B062FEF740FC7A
:10587000D5E906010DF5B362FEF73AFCD5E908015A
:105880000DF5B662FEF734FCD5E90A010DF5B962F3
:10589000FEF72EFCD5E90E010DF5BC62FEF728FCE3
:1058A000D5E910010DF5BF62FEF722FCD5E93C01F8
:1058B0000DF5C262FEF71CFCD5E93E010DF5F5625F
:1058C000FEF716FCD5E940010DF6A832FEF710FCF4
:1058D000D4F86C37D4F8F026D4F8F816D4F8FC06CF
:1058E000D4F80057D4F86068D4F864781A44D4F82F
:1058F00050381A44D4F868381A44D4F820371A4477
:10590000D4F838371A44D4F874371944D4F85838CE
:105910001944D4F870381944D4F828371944D4F805
:1059200040371944D4F878371844D4F85C38184410
:10593000D4F874381844D4F82C371844D4F84437C1
:105940001844D4F87C371D443544D4F87868D4F82A
:1059500080373544D4F830673544D4F84867354447
:10596000D4F804671E443E44D4F87C7894F8B036EA
:105970003E44D4F834773E44D4F84C773E44D4E9DE
:1059800001B7D4F8D84744945C1ED4F1000848EB22
:105990000408072B96BF264CDFF87C9054F8239020
:1059A0001E4B4397D3F8A0474594D3F8C04746947D
:1059B00093F8B146002C00F08C8493F8B446032C85
:1059C00000F28A841B4F57F8247093F8B346002CDA
:1059D00000F0858493F8B636032B00F28384154CCF
:1059E00054F823300D4C94F850C7BCF1000F00F070
:1059F0007C8494F851C7BCF1030F00F27A84DFF87D
:105A000034E05EF82CC017E0008076400000F03DE6
:105A10002B2701083A1201089D090108B010002047
:105A2000863A0108843A01084C29010840180020F0
:105A3000C83B0108E83B010894F84CE8BEF1000FB0
:105A400000F05B8494F84D48032C00F25A84DFF890
:105A5000C0E35EF824E0D14C94F8C4A6CDF87CA055
:105A600094F8C3A6CDE91B05CDE91D6ACDE919213E
:105A7000D4F898281892CDE9123C0DF5BF63109325
:105A80000DF5BC630F93469B0E930DF5B9630D9313
:105A90000DF5B6630C930DF5B3630B93459B0A9319
:105AA0000DF5B06309930DF5AD630DF5F5660DF6D3
:105AB000A8350DF5C26208930DF5AA63CDE914E28D
:105AC000CDE9069316961197CDF814801795449B4F
:105AD0000493B34B0393429BB24F0293419BB24852
:105AE00000935A46439B01970521FEF797F83246EB
:105AF00094F89C1804F50A60FEF742FB94F8E0194C
:105B00002A4604F6E810FEF73BFB039694F89C380F
:105B1000A648CDE90173419B0093D4E901230521F7
:105B2000FEF77CF8039594F8E039A148CDE90173BC
:105B3000419B0093D4E901230521FEF76FF804F699
:105B4000713904F67838002619F8011F013689B139
:105B50002A464046FEF714FB049599F80030019759
:105B6000CDE90263419B0093D4E9012391480521CB
:105B7000FEF754F8032E08F5A078E5D18E490B788E
:105B8000002B40F0C283854D8C4995F8040395F8AD
:105B90000173FDF7EFFF95F802C3894BD5E90126A4
:105BA000D5E9C289BCF1000F18BF19467D4B01939E
:105BB000419B0297CDE905010093CDE90389814816
:105BC00033460521FEF72AF82F7B002F40F0248171
:105BD000D5F8008095F8843008F10106002B00F01C
:105BE00065850DF53C79B5F8881077489FED778A83
:105BF000FEF738F895ED230A4846FEF7C5FD7448D0
:105C00004946FEF72FF8CDF80090D5F89020B5F86A
:105C1000861070484B46FEF725F8EB6F9F42C0F2A6
:105C200011856D4F0093D5F8383F6C48324664219A
:105C3000FEF718F8B7EC010A0DF54478C0A8FEF796
:105C4000A3FD97ED000A4046FEF79EFDCDF80480C7
:105C5000B5F8463F0093B5F8442F6148C0AB3146D4
:105C6000FEF700F80120FEF741FC80460620FEF713
:105C70003DFC0746B8F1000F00F0088598ED030AD7
:105C8000C8A8FEF781FDB8F1000F00F0038598ED7C
:105C9000040A0DF5AA60FEF777FD52480DF5AA63D8
:105CA000C8AA3146FDF7DEFF002F00F0F78497ED1C
:105CB000030A0DF5AD60FEF767FD002F00F0F284DA
:105CC00097ED040A0DF5B060FEF75EFD0DF5B063CB
:105CD0000DF5AD6231464448FDF7C4FF94ED830AEB
:105CE0000DF5B360FEF750FD94F80B223F4C404891
:105CF0000DF5B3633146FDF7B5FF94ED000A0DF5E0
:105D0000B660FEF741FD0DF5B66231463948FDF744
:105D1000A9FF94ED020A0DF5B960FEF735FD0DF50A
:105D2000BF6794ED030A0DF5BC60FEF72DFD94ED01
:105D3000040A3846FEF728FD0DF5BC630DF5B9627F
:105D400031462D480097FDF78DFF94ED010A0DF5C2
:105D5000C260FEF719FD0DF5C26231462748FDF716
:105D600081FF14ED010A0DF5F560FEF70DFD2448E5
:105D70000DF5F5623146FDF775FF0DF5F56231461B
:105D80002048FDF76FFF0DF6A8309FED1F0AFEF7C4
:105D9000FBFC1E480DF6A83231463BE0B010002057
:105DA000090801089D090108562A0108AC2D0108BF
:105DB0002D2E0108AE2E010800000010843A0108C3
:105DC000863A01086B3201080E3301080000B44323
:105DD0002133010841330108EC1F0020A4330108DE
:105DE000D33301081534010865340108FC1F002075
:105DF000CD34010802350108473501087B3501081B
:105E00009F3501089535010800000000BF350108E5
:105E1000E83B0108FDF726FFD5E91F49002CD5E92D
:105E2000012895F84CA240F35484D5F8E062D5F8E7
:105E3000E412D5F8E872331B5E42A1EB0400A7EB35
:105E4000040C5E4141424141DCF1000747EB0C0785
:105E500095F87802FDF78EFE95F884C0C44BC54DC9
:105E6000BCF1000F18BF1D46429B0093CDE907050A
:105E7000CDE90517CDE903A6CDE90149BE48434662
:105E80000521FDF7CBFE0DF6AC7DBDEC028BBDE828
:105E9000F08FBA4B41938046FEF787BE00232E4613
:105EA00018464393FEF751BF3BF8020F0DF5C2674A
:105EB000FBF77EFA0DF5C568142239460520FDF77B
:105EC0007BFFB6EC010A142241460520FDF774FF62
:105ED000CDE90678BBF800300593B4F88620D6F8F3
:105EE000B438A74813449BB2CDE90353429B0293B5
:105EF000A44B0193419B0093D4E901230521FDF7B5
:105F0000B1FE439BA0480133439393F8743105934A
:105F1000439B1B780493BBF8883E0393D6F8843EDA
:105F2000CDE90153429B0093D4E901230521FDF7FC
:105F300099FED4F86C33002B52D0D4F8DC22954271
:105F40004EDA591942F6F4728F5C05F5BA7203EB1A
:105F5000C203D3E900890DF6A83240464946FEF750
:105F6000C7F840464946FBF7ABFE14220DF5F56134
:105F70000520FDF721FFD4F86CC343F268100CEB49
:105F80000501D4E9012311F800E001F53A5109783F
:105F9000032996BF7D487B4850F8210005F58B51B9
:105FA00010313CF811100B910DF5F5610A910DF6C9
:105FB000A8310991C7F380010891C7F34001079107
:105FC000429902916F49019107F0010741990091AF
:105FD000CDE90507CDE9035E6D480521FDF71EFEFD
:105FE000D4F86C73002F63D0D4F80C339D425FDA81
:105FF000002200230DF5BF61C1E90023237B4FF48C
:10600000B472002B40F09580449800235146FAF773
:1060100071FFEB004693C317CDE900030DF5BF6890
:10602000CDF8088007EBC501D7E90023D1E90001CD
:10603000FBF72AFF00283BD0564FD7F86C33EA0015
:1060400013440DF5F569D3E900014A46FEF750F80F
:106050000DF6A832D8E90001FEF74AF8D8E90001A8
:10606000FAF79CFA4C4B0022FAF7C6FA4B4B002287
:10607000FAF7C2FAFAF790FD142200EE100A0DF5B5
:10608000DD610520FDF798FE0DF5DD6306930DF645
:10609000A833CDE90493429B02933A4B0193419B71
:1060A00003950093D7E901233D480521FDF7DAFD6B
:1060B000D4F86C13002932D0D4F808339D422EDA7C
:1060C00001EB850303F580532944D3F84087D3F8C7
:1060D000109D42F60C53D4E90127C85CFDF74AFD38
:1060E00042F698330990CB5C089342F624232D485E
:1060F000CB5C079342F6B003CB5C069342F23C7351
:10610000CB5C059342F2C853CB5CCDE90393429B31
:106110000093CDE901583B460521FDF7A3FD449BC3
:1061200013F5803305F1010544934AF1000AFEF7A7
:1061300088BF449800235146FAF7DCFE404268E7E6
:10614000002214461346FEF7E1BF17490DF5A16082
:1061500008F050FB14490DF5A76008F04BFBFFF762
:1061600011BA11490DF5A46008F044FBFFF716BA07
:10617000863A0108843A01082A360108F50901081F
:10618000941901089D090108BE190108E83B01089E
:10619000E6190108B0100020008076400000F03DB4
:1061A000D61A0108041B0108B80C01084FF4B47397
:1061B0000026CDF8FC35AC4FCDF8F8650DF5BF6382
:1061C0004393439BD7F80C2353F8045B43939542C6
:1061D00044DAA64A02F11804002D08BF1446D7F885
:1061E0006C2302EBC50152F835A0D1F804B00DF5CF
:1061F000C26250465946FDF77BFF22780DF6A8395A
:106200000DF5F568002A30D0D4E904014246FDF7C7
:106210006FFFD4E90401B0EB0A004A4661EB0B01C1
:10622000FDF766FFCDE90A890DF5C26309220993DE
:106230000892E2680792A268069262680592227844
:10624000429B0293CDE90352894B0193419B0093FA
:10625000D7E9012387480521FDF7E0FC731C022BD9
:106260004FF00106ADD1FFF7F2B98349404608F07F
:10627000C1FA8149484608F0BDFAD3E77E490DF5D9
:10628000BF6008F0B7FA7C490DF5C26008F0B2FAB9
:1062900079490DF5F56008F0ADFA77490DF6A830AB
:1062A00008F0A8FA74490DF5B66008F0A3FA72492F
:1062B0000DF5B96008F09EFA6F490DF5BC6008F065
:1062C00099FAFFF727BA6D49FFF79CBA6C49FFF7B7
:1062D00099BA694FFFF779BB654FFFF776BB664BFD
:1062E000FFF780BB624BFFF77DBBDFF88CC1FFF788
:1062F000A3BBDFF87CC1FFF79FBBDFF87CE1FFF7B2
:10630000AABBDFF86CE1FFF7A6BB62684B6893425B
:106310007FF439ACA368886898427FF434AC91F874
:1063200002804978574D88F0010001400020064660
:106330008446A5F5345E1EF8339C15F801EFB9F1DB
:10634000280F4E44704440F08A80BEF1000F00F0E8
:10635000888095F81AE001EA0E010CF1010CBCF1FD
:106360001A0FE6D1DFF838C1454DCDF83C80002941
:1063700018BF6546CDE910154FF0640E40F28E311E
:10638000CDE90D1E4FF008080921CDE90B184FF09B
:1063900001092821CDE909194FF4826AA021CDE92C
:1063A000051A87210491384903914299CDE9017179
:1063B00041990091CDE9076005213448FDF72EFC95
:1063C000334B4C93334B4893334B4493D0334793E5
:1063D0002F4B68334693314B459303F2114B002307
:1063E0004393ABF53553C3F17F4303F57F0303F5C7
:1063F0004E43B0334D93439B87334A934C9BDDE927
:1064000045A953F8046F4C934FF00008F317ABF510
:106410003452343A1278904544D3DDF82091002666
:106420009BF800309E42C0F09C80439B0133439315
:10643000489BCC334893449B08334493479B03F5D4
:10644000CC734793469BA0334693459B2833459393
:10645000439B1A2B0BF1010BCDD1FFF794BB00210D
:106460007BE7714679E700BFB010002020140020C0
:106470009D0901082A260108B80C0108AF0C010883
:10648000843A01083F2D00100C050108362F010841
:1064900024000010B6570010782D00102F2900108E
:1064A000863A01081AF8012F4B924E93002A45D1E3
:1064B00009F58052556CEF170DF5C2622846394632
:1064C000FDF716FE4E9BA81B67EB03010DF5F56269
:1064D000FDF70EFED9F80410681A0DF6A83267EB26
:1064E000E171FDF705FE7D4B4B9859F8046FD3E938
:1064F0000121FDF73FFB4D9B33F81A30CDE909032D
:106500000DF6A83308930DF5F56307930DF5C263F7
:10651000CDE905634A9B0393429B0293704B019321
:1065200008F10108419B00936E48CDF810800B469E
:106530000521FDF773FB2E463B4668E76A490DF5DA
:10654000C26008F057F968490DF5F56008F052F996
:1065500065490DF6A83008F04DF94E9B35461F46AB
:10656000C1E7082E4399334638BF0823083B66220B
:1065700002FB013202F692325C4951F822703D462C
:106580009E4250D2594BC3F17F4303F57F0303F57D
:10659000FD435C330DF5C26253F819804FEAE87A87
:1065A00040465146FDF7A4FD449BD3E90003B8EBF8
:1065B00000006AEB03010DF5F562FDF799FDE81B9C
:1065C0004FEAE5710DF6A83261EBE771FDF790FD3A
:1065D000424B9BF81A1039F8020FD3E90123013618
:1065E00061B30BF5405191F8301F032928D8404D75
:1065F00055F8211009910DF6A83108910DF5F561B6
:1066000007910DF5C261CDE905014A9903914299BF
:106610000291334901914199009136480496052130
:10662000FDF7FCFAFCE6479A52F823209742A8BFF0
:1066300017469542B8BF15460133A1E72E49D9E761
:106640002749D7E7B8F1000F1ADB07EE907AB8EECA
:10665000E70A0DF5F56020EE080A80EE080AFEF75D
:1066600093F8499B0DF6A83093ED000AFEF78CF8DD
:1066700022480DF6A8330DF5F5623146FDF7F2FA22
:10668000499B043301374993FFF7C7BA9FED1C0AB2
:10669000FFF7F6BA9FED1A0AFFF7FBBA9FED180A4B
:1066A000FFF707BB9FED160AFFF70CBB95F87802C2
:1066B000FDF760FAEA6F0192D5F8381F521A00927E
:1066C000034695F84C220F483146FDF7CBFAFFF709
:1066D000A3BB00210E460F46FFF7BABBB010002047
:1066E0009D090108BC300108B80C01080000001029
:1066F000E83B010899310108BB0C01087F33010810
:1067000000000000E93501082DE9F04F2DED0C8B5C
:10671000ADF2C44D00234F4C1D93FDF735F8012316
:106720004D482370FEF77EF94C4B00221A70227000
:106730004B480DF1AF04002200688DF8AF206423B0
:10674000214606F056F90C900028F1D19DF8AF30A3
:106750000D93012B16D13F4B0D9A1A702CAC20468D
:10676000FAF78EFF28BB3B4A9DF8B0103D480A233C
:1067700013709DF8B33000939DF8B1209DF8B230AE
:10678000FDF770FAFDF700F8002007F029FA05463A
:1067900007F010FF044607F013FF2B460246214680
:1067A0003148FDF75FFA2D4A00231370294A137010
:1067B000BEE72E48FDF756FA2D48FEF733F918B913
:1067C000244A0A231370DDE72A4B1A6802F10109F3
:1067D000C3F80090FCF7D8FF6CA8FDF74DF8FCF764
:1067E000E5FF76A8FDF748F876A8FDF7DBF90F90EE
:1067F00030B9184A20480A231370FDF733FAC1E76D
:10680000FCF7C0FF0C99DFED1D8A1C224EA807F093
:106810005FFF02F0B1FB0446FDF7AEF8D6AD0D4BBD
:10682000259002272846B0EE680AC5ED008A1F7041
:10683000FDF748F840B302F09FFBFDF79DF80323F6
:106840000B934FF0000B5C469FED0C8ADDF82CB0EB
:106850003AE100BF443A0020FE360108453A0020E4
:106860004C3A0020093701083E3901085437010825
:1068700066370108D80800207637010800000000BC
:10688000CDCC4C3D0000B442D5ED009A1FED048AFA
:106890000C9D1FED04AA1A9726460DF56878404610
:1068A000B0EE680AC8ED008AFDF70CF80B900028DE
:1068B000C1D198ED009AF0EEC97AF4EEC87AF1EE03
:1068C00010FA40F11481013540F2F5139D4240F079
:1068D000238102F051FB031B2693FDF74DF8BE4ABE
:1068E00027900323137002F047FBBC4B0B9A1A60EE
:1068F000BB4B08900DF586601A60FCF7BDFFBDF834
:106900004C4442F29346B4FBF6F306FB1344A4B2A4
:1069100041F249239C4240F22C81351BB723B63506
:10692000B5FBF3F528235D4305F074FFDFF8B0A253
:10693000DFF8A8B207464FF00108454580F01F81F7
:10694000B7EE000A0020FCF721FFC82005F0AFFFDA
:1069500002F012FB089BA34CA34FC61AA34B42F6AE
:106960008812002120461E6007F0B2FE46F69042D3
:106970000021384607F0ACFE40F201133B809C4BEF
:10698000002143F2E022184607F0A2FE994AC4F81B
:1069900068621368C4F86C0301252B441360C7E9CF
:1069A0000193A3608D4B84F800531B68C4F86C32CC
:1069B0008B4B84F8A0531B68C4F8703284F8A3533F
:1069C000C4F80490FCF7D6FFA4F80402FCF7D0FF4B
:1069D000A4F8060200EB400080AEA840A4F808022C
:1069E0003046FBF7EEF87C4A306A00232D930623ED
:1069F0001370D6E90912D6E90B370DF5B878CDE951
:106A00003E23736B4193CDE93C014346032240F2A0
:106A10001D7130464097FBF7E1F804F26C72834633
:106A20003CA93046FDF717FB0523BBF1000F00F032
:106A3000E78084F878B284F8B036FDF7D5FB694C6E
:106A4000012576A86573FDF7ADF86CAFA0730FCF85
:106A500004F110060FC60FCF0FC697E8030086E8B3
:106A6000030076AE0FCE04F138070FC70FCE0FC765
:106A7000269B4F9396E803001A9B5093259B5393B4
:106A8000CDED519A279B54934EAE87E803000FCE6D
:106A900004F160070FC78DED529A96E8070087E86A
:106AA000070094F884300F93BBF1000F41F03D8351
:106AB000002B01F0368304F6487494ED008A38EE1A
:106AC000288A012300240C93FCF75EFE424A082327
:106AD00013700C9B012B01D1FEF750F8BBF1010F95
:106AE00041F026833C4A44480A23137085E69DED15
:106AF000D67AB0EEC77A77EEC77AF4EECA7AF1EEBC
:106B000010FA08DD02F038FAFCF736FFDDF82CB099
:106B100001230B9397E60B9D02F02EFA831BB3F52E
:106B2000FA7F074611D398ED000A0DF58660FDF750
:106B30002BFEFCF721FF4FF4FA7300902A462F48F2
:106B40000DF58661FDF78EF83E461A9B01331A93C8
:106B50003F1B44F61F639F4207D902F00DFA4FF026
:106B6000000BFCF709FF0223D3E7022005F09FFE8C
:106B700093E60CB92646D0E60B9E2546CEE6B8F144
:106B8000010F0AD005F046FE01373B1A002B17DD36
:106B9000384605F098FE45451BD02B464246314607
:106BA0002046FDF77EFAB7EE000A80B2FCF7EEFD54
:106BB000DBF800300133CBF8003008F10108BCE607
:106BC000C01B0028C2BFDAF800300133CAF8003019
:106BD000E1E73046E7E700BF443A00203C3A0020B6
:106BE000383A0020B010002000000010403A002089
:106BF000906C0010D4080020F5370108B737010861
:106C0000A94AF76A1370D6E90931326A84F8B15695
:106C1000CDE94223CDE94417336B4693A0AF736BA4
:106C20004793CDE902BBCDE900B7D8E90223FDF7D0
:106C30002DF904F5DE62804684F8B40642A9304698
:106C4000FDF709FAB8F1000F0FD0B8F1030F14BF28
:106C50000223052384F8B036FDF7C6FAB8F1030F16
:106C60007FF4EDAE97F801B062E13B698E4A08937C
:106C70007B6910930423137002F07EF91390D6E918
:106C80000B01726BDFF83082CDF844B0D6E909C74A
:106C9000CDE94C12366A9FED82ABCDE9486CCDE967
:106CA0004A705E465F46D9464FF4B47200234046B0
:106CB0004946FAF71FF942F2934398420246A8BFA9
:106CC0001A46961B002E07D0CCBF01214FF0FF3192
:106CD0000FB18F4229D10F46002380AECDE9023398
:106CE000CDE90033CDF830348DED04AB0DF586637E
:106CF0002DA930460E92FDF777FD119ADDF830345C
:106D00001A44119282460E9AA8B1684A48A93046A0
:106D1000FDF7A1F9A2F50562052382F878A282F8B1
:106D2000B036D346FDF760FA89E6D4F8D837013398
:106D3000C4F8D837CFE718F5803849F10009342D69
:106D400002D001351646AFE7584A574C48A930469D
:106D5000FDF781F908990523237042F29343CB187C
:106D60000E93109BB16A43F100031293736A14935C
:106D7000336A3693149BCDE93731F36A3993A2F520
:106D80000565336B3A930122736B85F850270DF537
:106D90003278CDE900283B930E9A129BCDE902AAE6
:106DA000FDF774F805F5DE62814685F8510736A9CE
:106DB0003046FDF750F9B9F1000F11D0B9F1030FCA
:106DC00014BF0723052385F8B036FDF70DFAB9F196
:106DD000030F7FF434AE98F801B085F878B22EE650
:106DE00005F5F261D8E9046842F29342002341E9D3
:106DF0000223089B109A2E48F31AC5F8903768EBC7
:106E000002021B18C5F8942762F10002C5F89C27FE
:106E1000C5F8983702F0B0F8139BC01AC5F8A00760
:106E200002F0AAF8012F4FF00403237008BFD5F831
:106E3000D837149004BF0133C5F8D83780ADD5E9F1
:106E40000912D5E90B349FED16AB286A6F6BCDE9BB
:106E50004A230023CDE94801CDE90233CDE90033CF
:106E60002E9342F2DD322EAB2DA98DED04AB2846D8
:106E7000CDE94C47FDF7B8FC0E4A074648A928461D
:106E8000FDF7E9F8A2F66804C7B1052384F8787223
:106E900084F8B036BB46FDF7A7F9D0E5AFF3008024
:106EA0000000000000000000443A0020001900200B
:106EB0006DDBFFFF18190020B40001006C4B4FF090
:106EC00005021A70D5E909312A6A3891CDE93623CD
:106ED000EB6A39932B6B3A936B6B3B93089B42F2B3
:106EE000DD329A18109B4FF001090DF5447A84F8B1
:106EF0004C9843F10003CDE90277CDE9009AFCF705
:106F0000C5FF04F5DE62074684F84D0836A9284619
:106F1000FDF7A1F87FB1032F14BF0322052284F8E7
:106F2000B026FDF761F9032F7FF489AD9AF801B01F
:106F300084F878B283E5DAF81030DAF814A0139305
:106F400004F508626FF0B5004FF0FF31C2E90001AF
:106F50009A1B6AEB0801C4F88828B632C4F88C186A
:106F600041F10001C4F89418C4F8902802F004F824
:106F7000149BD4F88C28C01AD20F84F8C226C4F807
:106F8000980801F0F9FF3A4BEE6A149004221A7047
:106F9000D4F8D8272B6B4C9301326B6BC4F8D827ED
:106FA000D5E90912286A4D9328230DF1BC080193F5
:106FB00004F6E813CDE94801CDE94A26009342F2F0
:106FC000934243462DA98DED04ABCDE902772846C7
:106FD0002F97FDF709FC04F5E462064648A9284608
:106FE000FDF739F8DDF8BC80C4F8BC8684F8E08988
:106FF0004EB14FF0050384F8786284F8B036B3469A
:10700000FDF7F2F81BE51A4BEF6A84F8B3964FF0E0
:1070100005021A70D5E909312A6ACDE936232B6BAE
:107020003A93CDE938176B6B0E9A3B93D6AFCDE907
:107030000266129BCDE90097FCF728FF04F5307239
:10704000064684F8B60636A92846FDF704F804F586
:10705000E76236A9FCF7FFFF66B1032E14BF0423D5
:10706000052384F8B036FDF7BFF8032EF8E500BF1E
:10707000443A00203B690E930DF5587C7B691293CE
:10708000BCE80F005CAD0FC59CE80F0085E80F0061
:10709000482239468EA807F0B5FB84F8B09601F077
:1070A0006BFF149B04F5F661C01AB622002341E978
:1070B0000223139A0E9B1099C4F8C0079B1A129AC8
:1070C000C4F8B03762EB0A02B63BC4F8B42742F109
:1070D000FF32C4F8B837C4F8BC270E9B089AC848DA
:1070E0009B1A129AC4F8C83762EB01021B18C4F845
:1070F000D037119BC4F8CC2762F10002B3F5026FC0
:10710000C4F8D42706D12E9B282B03D1A8F1280040
:1071100046424641BB4AD2F8FC16D2F8F836D2F8BD
:10712000880782F8C1660B43D2F800170B43D2F8E8
:1071300004170B43D2F858180B43D2F85C180B43D2
:10714000D2F860180B43D2F864180B43D2F87018C9
:107150000B43D2F874180B43D2F878180B43D2F8CB
:107160007C180B43D2F828170B43D2F82C170B438B
:10717000D2F830170B43D2F834170B43D2F840172C
:107180000B43D2F844170B43D2F848170B43D2F8FD
:107190004C170B43D2F88C17B3FA83F301284FEA4C
:1071A000531371F1000182F8C336C0F20882D2F89D
:1071B0008418002980F20382D2F8D827022A40F0EE
:1071C000FE813340DFF83C92BDF8700189F8C43687
:1071D000A9F88600FCF7C4FB1299A9F888000E985C
:1071E000DFED89AADFED89BA9FED89DAFAF768FD4C
:1071F00080AD0E9BC9F890300FCD64AC0FC495E8FC
:107200000F0084E80F0099F80033139340216023A6
:107210000024CDE9571344F6206002235993B0EEC1
:1072200040AA89ED230A8DF854415694FAF72AFCB6
:1072300040F21D735B9309F678331C9309F576636E
:10724000119303F2CE532393724B1593724B1B93FE
:1072500009F576631693714B5A90CDE91734309443
:10726000A04621942094B0EE6ABA14949DF8783226
:1072700033B1644AD2F8E0320133C2F8E03201237C
:107280009DF879223AB15F49D1F8E422013243F006
:107290000203C1F8E4229DF87A223AB15949D1F8A3
:1072A000E822013243F00403C1F8E8229DF8385285
:1072B000012D40F08881D9F8EC220132C9F8EC2286
:1072C000DDE99C64002C3246274602DA724264EB08
:1072D0004407D9E9BE019042B94138BFC9E9BE2788
:1072E000D9F8DC220132C9F8DC22D9F86C23F2B1DA
:1072F00008F5BA7102EBC101C1E90064989C4FF630
:10730000FF7008F58B511031A04228BF204622F8AB
:107310001100424402F53A510D7042F6F471535493
:10732000149943F26813FF2928BFFF21D154DDE9E6
:107330009234CDE91E34139B03B3B8F1000F1DD076
:1073400000220023CDE9E823E8AB0093949ABDF82E
:10735000401240F21D7364A8FAF7D5F9044668B1EB
:10736000902200210DF5866007F0B2F922460DF556
:1073700086614046FCF7D8FF00231393284B9FED0E
:10738000228A06221A70402310935CAC2346032203
:1073900040F21D7180A8FAF721FC0890002840F007
:1073A0002881D4E90201FAF78BFC109B013B38EEEF
:1073B000008A1093EAD107EE908A9FED1A7ADDF8E1
:1073C000C0A0F8EEE77A504667EE877A4FEAEA7196
:1073D000C7EE87DAFAF774FC2346032240F21D71E8
:1073E00080A89FED117AF0EE4A7AD8EE077A30EE57
:1073F000678AFAF7F3FB0890002840F0FA8015E05E
:107400006DDBFFFFB010002000000000286B6E4E07
:10741000286B6ECE4F370020DE250020B40001001F
:10742000443A00200000B4430000803C24882046F9
:10743000F9F7BEFF169B609AA3EC018A16931B9B7B
:10744000169923F8024F1B93169BC3F8B4A8C1F8F2
:10745000842E1B99BDF88821A1F8882E15999DF8D6
:107460008D2101F8012FB4EECD8A9DF88E3181F87F
:107470007431F1EE10FA139BC8BF2094B4EEEB8A7E
:10748000C4BFB0EE40BAB0EE48DAF1EE10FA42BF37
:107490002194F0EE40AAF0EE48BA1591002B00F0CE
:1074A0004381B8F1000F00F09680B8F5B47F00F08A
:1074B000928000231A460020CDE901230021E8AD87
:1074C00055ABCDE9040100930695DDE91E2364A8C0
:1074D000FAF78CFF2946074602464046FCF724FF90
:1074E000002F40F0AB81764C94F8A033002B00F0D5
:1074F0001B81B8F5B47F40F01781012684F8A163A1
:1075000084F8A37301F038FD30221490394604F555
:107510006C7007F0DDF89022294604F5787084F845
:10752000B063C4F8C0A307F06DF9D4F8A8333344AE
:10753000C4F8A8339DF8A033002B52D004F5727321
:1075400002934FF480320023CDE90023DDE9F401FA
:10755000D4E9D023FAF798FC002840D0DDE9EE10FA
:10756000DDE9F0325B1A62EB0002C4E9F432DDE9D6
:10757000F810DDE9FA325B1A62EB0002C4E9F63278
:10758000D4F8AC3384F8B16333449FED4BCBC4F8EB
:10759000AC334C4B229304F59165229B53F8042F96
:1075A0002293149B19929F1801F0E6FC149B199AE0
:1075B000C31A9A421FD9381A05F079F9F4E7002363
:1075C00000E6D04652E6022D02BFD9F8F022013281
:1075D000C9F8F02274E63C4A402309206CE70923ED
:1075E0000D93374B0D9A83F8B22383F8A4230D9B98
:1075F0000893C24645E101F0BFFC149BC31A2893CF
:107600000DF586630027069355ABCDE9017700930E
:107610008DED04CBDDE91E2364A8FAF7E7FE249084
:1076200001F0AAFC39462990C022A5F1180007F004
:107630004FF8249B05F8163C199B45F8143C289BF1
:10764000149A45F8103C299B01279B1A45E9033AF7
:1076500005F8187C90220DF5866105F1180007F0F9
:10766000D1F8D4F8A8333B44C4F8A833249B23B9F9
:107670009DF8303453B905F8167C15F8163C002BEC
:1076800045D00F4A0D9382F8A433B0E74FF480320F
:107690000023CDE9002302950DF58C61D4E9D023B8
:1076A000D1E90001FAF7F0FB80B9C02303FB0642E1
:1076B000092382F8B233E4E7000000000000000074
:1076C000B0100020403C0108E0080020DDF84834FC
:1076D000DDF85024DDF84C1405F8177CD21ADDF8DB
:1076E000543463EB0103C5E90223DDF87824DDF8A7
:1076F0007034DDF87414D31ADDF87C2462EB0102D7
:10770000C5E90432D4F8AC330133C4F8AC330136E4
:10771000042E05F1C0057FF440AFB34B012283F87E
:10772000A223002283F8A423889ADFEDB07A149272
:10773000DDE98942F4EEE7DAF1EE10FADDE98B7665
:107740008D9D199208F1010A80F29B804FF4B4726A
:107750000023DDE91701F9F7CDFBA54BCDF8344443
:1077600004211970149BCDF83034199BCDF83834AE
:10777000A8F18603192B0246CDF83C74CDF840647D
:10778000CDF844545DD9BAF1030F5FDC28231C996E
:1077900008930026E8AB0020E8900E980490129819
:1077A00005901098CDE902600898CDE9001030A945
:1077B00080A8FDF719F8BAF1030FDCBF159BE89A12
:1077C0000890D8BFA3F5D95380ADD8BF03F80E2CCD
:1077D0000DF58661874A2846FCF73DFC0899DDE9EE
:1077E0008883DDE98AECDDE98C7229BB191B1491D1
:1077F0007F4905240C701099CDE93A72CDE90261F8
:10780000CDE936830E9A309B0121009112999A1886
:107810008EAE41EBE3730196CDE938ECFCF736FB15
:1078200036AC0746744A21462846FCF714FC032F61
:1078300010D19DF839320893D046DAE6002313932D
:1078400072E7002110936D4E0B46A4E700263146E7
:107850003346A0E71C9B089803F5A0731C93179B65
:1078600013F580331793189B43F100031893DDE958
:107870001721634B814208BF9A427FF4A2AE4FF4B6
:10788000BA7A594CD4F8E822D4F8DC32D4F8C05291
:10789000C4F87CA09B1AC4F8383F04F63C7383ED0F
:1078A00000BA04F57463C3ED00AA209BA4F8443F1A
:1078B000219BA4F8463F089B84F87832DDE9887361
:1078C000C4E9A473D4F8A8322B44D4F8F056FB1AB8
:1078D0005B1BD4F808575B1BD4F820575D1BD4F80A
:1078E0005437ED1AD4F85038DDE98C12DDE98A609E
:1078F000ED1AD4F86838ED1AC4E9A812C4E9A660F4
:10790000C4F87C52D4F8B052D4F8C8322B44D4F81E
:10791000F856F31A5B1BD4F810575B1BD4F82857A2
:107920005D1BD4F85C37ED1AD4F85838ED1AD4F84A
:107930007038ED1AC4F88052D4F8B432D4F8CC526E
:107940002B44D4F8FC56C31A5B1BD4F81457D4F854
:107950005C085B1BD4F82C575B1BD4F860575B1B8F
:107960001B1AD4F874081B1AC4F88432D4F8D00255
:10797000D4F8B8320344CB1AD4F800175B1AD4F801
:1079800018175B1AD4F830175B1AD4F864175B1A0F
:10799000D4F860185B1AD4F878185B1AC4F88832E7
:1079A000D4F8D412D4F8BC320B44D31AD4F8042738
:1079B0009B1AD4F81C279B1AD4F834279B1AD4F8A6
:1079C00068279B1AD4F864289B1AD4F87C289B1A41
:1079D000C4F88C32089BABB10023DDF820B084F8EA
:1079E0008430FFF72CB800BFB01000200000B9436E
:1079F000443A0020581300207013002000000010AB
:107A0000B4007501D74B07221A7001F0B5FABAF528
:107A1000B47F5346A8BF4FF4B473BAF5B47F814620
:107A2000C4F88030C0F2BB81D4F8DC22924540F02B
:107A3000B681D4F8E862A6EB0A0256425641119A82
:107A4000DFEDD37A0024A34240F0AB81BAF1000FFE
:107A500000F0AD8107EE104AB8EEC77A87EE878A4C
:107A6000C14B119A9FEDCAAA83ED258AB0EE4A7ADE
:107A700000239C4240F09E81BAF1000F00F0AB81E0
:107A800007EE904AB8EEE70A87EE000A07F042FBDD
:107A9000DFEDB67AB4EEE70AF1EE10FA40F3A0811A
:107AA000CAEE007AB04BDFF8CC82002783ED260ABD
:107AB000C3ED8F7AAC4D18F8012B05F19C033B44C4
:107AC000B0EE480A214605F576601837FCF7E8F86D
:107AD000B7F5907FEED105F5DE730422B0EE480ACB
:107AE000214605F57660FCF7DBF8082205F5EA7318
:107AF000B0EE480A214605F57660FCF7D1F8B5F8F6
:107B000008221AB1B4EB420F00F26D81964B0022AD
:107B100083F80A22944BD3ED2A7A93F89C2083F8B9
:107B20000B22C3ED837A0022012395ED307AB4EE67
:107B3000E77AF1EE10FAC4BF95F8B4201D9203F174
:107B40000103C4BF0F9AF0EE477A0C2B05F118051C
:107B5000EBD1854B22B11D9A83F80B22C3ED837ABA
:107B6000DFED827A93ED26AA7F4DB4EEE7AAF1EE1F
:107B700010FAC9BF93ED837A9FED857AF6EE007A0D
:107B800067EE277AC4BF6AEE0A6A67EE877A4FF01B
:107B90000607C8BF87EEA67A01222AA920468DF8DB
:107BA000A8700DF1C408B0EE480A85ED847AFCF7A0
:107BB000B1FC242385ED850A01222BA92046B0EED5
:107BC000480A8DF8AC30FCF7A5FC3B4685ED860AEB
:107BD000674AF0EE4A0AB0EE480A21464046FCF7F2
:107BE00007FD319BC5F81C32329BC5F82032339B10
:107BF000C5F824329DF8D1300BB19DF8D03085F80E
:107C00002832E8AF0C235B4AF0EE4A0AB0EE480A8D
:107C100021463846FCF7ECFCE89BC5F82C32E99B82
:107C2000C5F83032EA9BC5F834329DF8AD330BB15C
:107C30009DF8AC334C4A119982F838324E4B0D9373
:107C40001A4600239C4240F0DB802046FCF72EFCC5
:107C500007EE904A9FED490AB8EEE78A28EE000A3F
:107C600007F01CFCBDEEC00ADFED497A3E4A10EE7B
:107C7000103A013B9C42D8BF04F1FF33BAF1000F28
:107C800000F0C8803C4923EAE37301EB83031B68DF
:107C9000C2F840320023119A0133B2EC017A9C42BF
:107CA000E7EE077A1192F6DC87EE880A07F032FADF
:107CB000314D3349A7003A462846B0EE408A06F0D7
:107CC000A1FD2046FCF7F2FB9FED317A052C2346FF
:107CD00007EB0502A8BF05230021F0EE476AF5EC8B
:107CE000017A013176EEA76A72ED017A8B4237EEA6
:107CF000277AF4D107EE903AF8EEE77A214B9FED20
:107D0000225A87EE276A1F44611E181D86EEA77A45
:107D1000D3ED017AD7ED006A76EEE76A07EE901AA6
:107D200036EE476AF8EEE75AB6EE007AF0EE477A9A
:107D3000E5EE857A9FED155AA5EE857AFDEEE77A98
:107D4000BDEEC77A17EE903A17EE102A23EAE373D6
:107D50009442C8BF114600EB830300EB8100D3EDD2
:107D6000005A17E0443A0020B0100020BD37863595
:107D7000743C01087A3C0108E00A0020A4707D3FB1
:107D800010200020DC0A0020CDCC4C3D3333733F63
:107D90000000000090ED007A77EE657A46E0089EDC
:107DA0004DE6B2EC017A013477EE877A4BE61FEDAF
:107DB000088A55E6F2EC017A77EEC87A0133A7EE2D
:107DC000A77AF0EEE77AF4EECA7AF1EE10FAC8BFBD
:107DD000B0EE67AA4DE61FED120AF0EE407A61E6BA
:107DE0005FED157A5EE6012385F80A32B0EE480AA7
:107DF00005F5F673214605F57660FBF751FF89E638
:107E0000F1EC017A77EEC87A0133F0EEE77AE2EC32
:107E1000017A17E7C2ED907AB0EE677AF0EE675A12
:107E2000B0EE678AF0EE676AB0EE676AD04B9FEDFE
:107E3000D1AA9FEDD1BA83ED006AC3ED016A83ED4B
:107E4000028AC3ED035A83ED047AC3ED057A03F683
:107E5000CC040025F0EE4AAAA3F64878AA4559D1E9
:107E6000BAF1000F00F0898007EE90AAB8EEE70A99
:107E70008AEE800A07F04EF988ED910A88ED92AA01
:107E8000BAF1000F11D0F2EE0E7AB4EEE70AF1EE7D
:107E900010FA75D8F3EE0E7AB4EEE7AAF1EE10FA06
:107EA00094BF4FF0010A4FF0000A0AF001030AEAFA
:107EB000060A88F84C3288F884A001F05DF8A0EB3F
:107EC0000900C8F8740201F057F80023A8F802333B
:107ED00098F800330746ABB198F8013393B1D8F85E
:107EE0006C337BB198F8045365B9D8F80C13D8F803
:107EF0007C20914206D1D8F88020002A02DDB1F51D
:107F0000B47F40DC01F038F89C4BC01BC3F83C0345
:107F1000FEF795BD239B33F8020F2393F9F748FA38
:107F200054F8040FB8F88630184480B2B0EE408A96
:107F3000F9F73EFADFED927A38EE400AB4EEE70A3E
:107F4000F1EE10FA13DCDFED8F7AB4EEE70AF1EE12
:107F500010FA0FD4E0EE00AA0135B0EEC00AB4EE7C
:107F6000CA0AF1EE10FAC8BFB0EE40AA76E730EECA
:107F70004B0AE3E730EE0B0AE7E79FED7E0A7BE76B
:107F80004FF0000A91E7D3E90023C8E9D023DFF8D6
:107F900000A29FED7D8ADFED7DAA9FED76AA774C4A
:107FA000B426A946D4F80C339D424BDBD4F880505C
:107FB0009FED707AC4F8105307EE905AB8EEE70AB6
:107FC0008AEE00BA84EDD4BA0C9B9D4200F39D80EA
:107FD00087EE000A07F09EF80DF586636C482422B0
:107FE0002946B0EE40AA84EDD50AB0EE4B0AFBF765
:107FF00057FED4ED267A77EECA7A0DF23C4393ED24
:10800000007AC4EDD97AD4ED5A7A84EDD67A77EE37
:10801000C77A9FED607AC4EDDA7AD4EDD87AF0EEC3
:10802000E77AF4EEC77AF1EE10FA94BF0123002349
:1080300038EE6A8A84F80333012384EDD78A84F802
:1080400002331DE00DF5866100220023C1E9002303
:10805000D4F86C33029103EBC5084FF4B4720023DB
:1080600030464946F8F746FFCDE90001D4E9D02370
:10807000D8E90001F9F708FF48B9092384F8043367
:1080800000F07AFFC01BC4F83C03FEF7D8BC0DF526
:108090008663D3E9002310461946CDE90823F8F793
:1080A0007DFA3D4B0022F8F7A7FA3C4B0022F8F787
:1080B000A3FAF8F771FDD4F880309D4207EE900ADC
:1080C00011DAF4EEE7AAF1EE10FAF4EEC87AC8BFBE
:1080D000F0EE67AA3AEE27AAF1EE10FACAF800000D
:1080E000C8BFB0EE678AB5F5B47F02BFDDE90823EB
:1080F000C4EDD87AC4E9D22316F5803605F101051E
:108100000AF1040A49F100094CE70D9BF3EC017AEE
:108110000D930C9B77EECB7A0133A7EEA77A0C93E5
:1081200052E79FED148AFEF7CCBC0C95FEF78BBB93
:10813000BBF1020F09D11A4A1A480A23137044F6F8
:108140002061FBF78FFDFEF71DBBBBF1030F05D1CF
:10815000134A15480A231370FEF74FBB44B3104A65
:108160000A2320461370FBF705FD01460F48E8E798
:10817000F81F0020000000000000B443B0100020F1
:1081800000003443000034C3286B6ECE286B6E4E63
:10819000E00A0020CDCC4C3E008076400000F03D4F
:1081A000443A00200A3801084D3801088C3801088B
:1081B0000F9B2BB90C4A0D480A231370FEF71DBB09
:1081C000B0EE480A0DF58660FCF7DEFA08480DF5BA
:1081D0008661FBF747FD07480DF58661FBF742FD19
:1081E0000548FEF70ABB00BF443A0020C03801082A
:1081F0000D39010803390108323901082DE9F0472A
:10820000204E33689BBBDFF89890D9F8004074BBD0
:108210001D4D1E4FB620A0468246214628464FF4EB
:10822000B4720023F8F766FEA0EB0A0A15F5803554
:10823000AAF1B60A44F10004BAF1010F17D8444577
:1082400008BFBD42E8D101210022084604F065FBC9
:10825000306060B10E4A0F48002104F0E2FA044693
:10826000C9F8000030B9306804F0F3FB3460002036
:10827000BDE8F087084B01201870084B83F8008098
:10828000F6E700BF4C3A0020B4000200B4007301CE
:10829000503C010809670008453A0020443A002094
:1082A000483A00200C4B73B5186880B10B4D2B7801
:1082B00003F0FF065BB90124334632460DF1070196
:1082C0002C708DF8074004F063FB18B12E7000206D
:1082D00002B070BD2046FBE74C3A0020453A002032
:1082E000014B1878704700BF453A002028B10023A1
:1082F000C361036243628362C362704770B40C4619
:10830000064658B151B105460FCC0FC594E8070099
:1083100085E80700304670BCFFF7E8BF70BC7047C7
:1083200000287DD0D0ED017AD0ED076A90ED026A89
:1083300090ED007AE7EE806AD0ED037AF4EEE76A1A
:10834000F1EE10FAC8BFF0EE676AF1EE677AF4EE6C
:10835000E67AF1EE10FAD8BFF0EE667AD0ED086A50
:10836000C0ED077A70EE666A20EE077A66EE866ADE
:1083700090ED056AB5EEC06AF1EE10FA43D4F7EE5F
:10838000005AB4EEE56AF1EE10FAD8BFF0EE465AA4
:1083900090ED0A6A80ED080A76EEC66A37EE277A13
:1083A000A6EEA56AD0ED047A80ED0A6A37EE067A69
:1083B000B4EEE77AF1EE10FAC8BFB0EE677AF1EEEC
:1083C000677AF4EEC77AF1EE10FAD8BFF0EE477A8A
:1083D00090ED067AB5EEC07AF1EE10FA0ADDD0ED36
:1083E0000B6A37EEE66AB4EEC67AF1EE10FA0DD5F6
:1083F00076EE877A90ED090AC0ED0B7A30EE670AC7
:1084000080ED090A7047DFED085AC1E7F1EE475ADF
:10841000F4EEC65AF1EE10FAC8BF76EEC77AE9E775
:108420009FED010A704700BF0000000010B190ED01
:10843000090A70479FED010A704700BF0000000065
:10844000F0B59B4D0FCDB1B001AC0FC495E807005E
:1084500001AF84E807000FCF24AE0FC694E80700F1
:10846000B0EE000A002486E8070024A82C942D947E
:108470002E942B942F94FFF753FFF0EE401ABFEE8B
:10848000000AFFF74DFF05F10C0CBCE80F0008AF28
:108490000FC79CE807000DF1200E87E80700BEE833
:1084A0000F000DF1900CACE80F0097E80700B0EE5C
:1084B000402A86E80700B7EE000A24A82C942D94E1
:1084C0002E942B942F94FFF72BFF05F1280CBCE87A
:1084D0000F000FAF0FC79CE807000DF13C0E87E8B7
:1084E0000700BEE80F000DF1900CACE80F0097E814
:1084F0000700F0EE402A86E80700B0EE000A24A844
:108500002C942D942E942B942F94FFF709FFB0EE0A
:10851000403AB0EE000AFFF703FF05F1440CBCE857
:108520000F0016AF0FC79CE807000DF1580E87E843
:108530000700BEE80F000DF1900CACE80F0097E8C3
:108540000700F0EE403A86E80700B1EE000A24A8E2
:108550009DED2B1A2C942D942E942B942F94FFF791
:10856000DFFE6035B0EE404AB1EE000AFFF7D8FEFC
:108570000FCD1DAF0FC795E807000DF1740C87E80C
:108580000700BCE80F0024AD0FC597E80700F0EE28
:10859000404A86E80700B0EE000A24A82C942D94E7
:1085A0002E942B942F94FFF7BBFEB0EE405AB0EE02
:1085B000000AFFF7B5FEF0EE007A71EEA71ADFEDC4
:1085C0003D7AF0EEE11AF4EEE71AF1EE10FA6DD50D
:1085D000B7EE007A32EE072AB0EEC22AB4EEE72AEE
:1085E000F1EE10FA62D5B1EE047A72EE872AF0EE5F
:1085F000E22AF4EEE72AF1EE10FA57D5B0EE087A47
:1086000033EE073AB0EEC33AB4EEE73AF1EE10FAC1
:108610004CD5F1EE086A73EEA63AF0EEE33AF4EECA
:10862000E73AF1EE10FA41D531EE471AB0EEC11A31
:10863000B4EEE71AF1EE10FA38D5B1EE006A34EE76
:10864000064AB0EEC44AB4EEE74AF1EE10FA2DD570
:10865000B1EE0C6A74EE864AF0EEE44AF4EEE74AB4
:10866000F1EE10FA22D535EE075AB0EEC55AB4EE47
:10867000E75AF1EE10FA19D5B2EE027A30EE070A97
:10868000B0EEC00AB4EEE70AF1EE10FA0ED59DED99
:108690002F7A37EE667AB0EEC77AB4EEE77AF1EE6B
:1086A00010FA4CBF0120002031B0F0BD0020FBE7E4
:1086B0007404010817B7D13882B00E4B0022009223
:1086C000596C41F480415964596C01F48041009126
:1086D00000990192196C41F0805119641B6C03F0F0
:1086E00080530193019B0F216FF0010002B000F055
:1086F00025BE00BF0038024070B5064688B014227F
:10870000002103A805F0E4FF3268244B9A4242D1CD
:1087100003F58C33002501955A6C2148214C42F415
:1087200080725A645A6C02F480720192019A029526
:108730001A6B42F001021A631B6B03F001030293F0
:10874000029B1222032303A9CDE9032301F016F8AB
:10875000154B4FF48061C4E900354FF400634FF4CA
:108760000050C4E904134FF48073C4E906032046A3
:10877000C4E90255C4E9085500F036FE08B1FAF71D
:10878000CBFCB463122000220521A66300F0D6FDC5
:10879000122000F005FE08B070BD00BF00200140AF
:1087A00000000240B80700201064024070B5142297
:1087B0008AB0064600210DEB020005F089FF336800
:1087C0003C4A934225D13C4C3C4800250195236B03
:1087D00043F002032363236B03F002030193019B25
:1087E0004FF4C0761223CDE905634FF0030C042348
:1087F00005A9CDE908C300F0C1FF0295236C43F43D
:1088000000132364236C03F400130293029B0AB049
:1088100070BD2B4A9342FAD1274C28480025039576
:10882000236B43F002032363236B03F002030393E0
:10883000039B4FF440621223CDE9052301230793E4
:1088400005A90423099300F099FF0495236C1D48A2
:1088500043F480032364236C1B4C03F480030493D0
:10886000049B4FF06063C4E900034023C4E9023570
:1088700020464FF48063C4E90435C4E90655C4E9D1
:10888000085500F0B1FD08B1FAF746FC7463002208
:1088900005212120A66300F051FD212000F080FD7C
:1088A00000220521222000F049FD222000F078FD61
:1088B000ADE700BF00540040003802400004024011
:1088C00000580040B8600240B006002070B506466F
:1088D00088B01422002103A805F0FAFE3268344B58
:1088E0009A4263D1002503F5843301955A6C42F412
:1088F00080525A645A6C02F480520192019A029595
:108900001A6B42F002021A631B6B03F0020302931C
:10891000029B38200223CDE9030301240323CDE980
:1089200005432448244C052303A9079300F026FFA0
:10893000DFF890C04FF0C063C4E900C34FF4806318
:10894000C4E9043520464FF40033C4E90255C4E9B4
:108950000655C4E9083500F047FD08B1FAF7DCFB1D
:10896000164AF464A663164C4FF0C063C4E90023B2
:1089700000234FF48062C4E9042340214FF4003205
:108980002046C4E90213C4E90633C4E9082300F011
:108990002BFD08B1FAF7C0FB2320B46400220521A7
:1089A000A66300F0CBFC232000F0FAFC08B070BDF9
:1089B0000030014000040240F805002058640240E5
:1089C000980500204064024010B5044688B0142287
:1089D000002103A805F07CFE2368204A93420DD1B4
:1089E000002300931E4B5A6C42F001025A645B6CE8
:1089F00003F001030093009B08B010BDB3F1804F5A
:108A0000FAD103F50E33002401941A6C154842F094
:108A100001021A641A6C02F001020192019A029496
:108A20001A6B42F001021A631B6B03F001030293FD
:108A3000029B4FF400420223CDE9032303A9012343
:108A40000593079300F09AFE224605211C2000F0B2
:108A500075FC1C2000F0A4FCCEE700BF0000014024
:108A6000003802400000024007B50E4B02689A42EF
:108A700016D1002203F59A330192596C41F002019C
:108A800059645B6C03F00203019305212D20019BC7
:108A900000F054FC2D2003B05DF804EB00F080BC26
:108AA00003B000BD0004014010B5044688B0142294
:108AB000002103A805F00CFE23681A4A934218D13E
:108AC00000230193184B19481A6B42F001021A63F4
:108AD0001B6B03F0010301934FF4E061019B022340
:108AE000CDE903130123079303A900F047FE08B063
:108AF00010BD0F4A9342FAD1002302930A4B0D484E
:108B00001A6B42F004021A631B6B03F00403029316
:108B1000029B40220223CDE903230323079303A9E9
:108B2000E3E700BF000001400038024000000240BF
:108B3000000401400008024070B514228AB00546C6
:108B400000210DEB020005F0C3FD2B68624A934241
:108B500060D1624B6248634C002601961A6C42F465
:108B600000321A641A6C02F400320192019A0296E1
:108B70001A6B42F001021A631B6B03F001030293AC
:108B8000029B0C220223CDE9052303210723CDE913
:108B9000081305A900F0F2FD53484FF00063C4E943
:108BA00000034023C4E9023620464FF48063C4E941
:108BB0000436C4E90666C4E9086600F015FC08B18D
:108BC000FAF7AAFA6C63DFF83CE1A563474C4FF073
:108BD00000634FF48062C4E900E30023C4E9042386
:108BE00020464FF48072C4E90233C4E90723A3612D
:108BF000636200F0F9FB08B1FAF78EFAAC63262045
:108C000000220521A56300F099FB262000F0C8FB97
:108C10000AB070BD364A9342FAD1304B354C00262B
:108C200003961A6C42F480221A641A6C02F48022B1
:108C30000392039A04961A6B42F004021A631B6BA8
:108C400003F004030493049B4FF440610223CDE935
:108C5000051303200723CDE9080305A9264800F0E2
:108C60008DFDDFF8A4C04FF00063C4E900C34023CA
:108C7000C4E9023620464FF48063C4E90436C4E9EF
:108C80000666C4E9086600F0AFFB08B1FAF744FADB
:108C90001A4A6C63A5631A4C4FF00063C4E90023C1
:108CA00000234FF48062C4E9042320464FF480720D
:108CB000C4E90233C4E90723A361636200F094FBB3
:108CC00008B1FAF729FAAC63272000220521A56331
:108CD00000F034FB272099E70044004000380240B0
:108CE00000000240D8030020A0600240780300206A
:108CF000004800401803002000080240286002409D
:108D0000B8020020886002405860024030B589B047
:108D100000230293204B1A6C42F480721A641B6C7D
:108D200003F480730293054601A903A8029B01F096
:108D30008FFF069B4BBB01F06BFF184A184B13606B
:108D400040F2E733D360174BB0FBF3F3013B5360C2
:108D50001046002313619360936102F0E9FE04461C
:108D600080B90E4802F0B2FD044658B92D2000F03B
:108D700017FB0F2D0DD8224629462D2000F0DEFAD4
:108D8000094B1D60204609B030BD01F041FF400095
:108D9000D3E70124F6E700BF00380240503A002034
:108DA0000020004040420F0008000020FEE7FEE7E0
:108DB000FEE7FEE7FEE77047014800F01DBC00BF7C
:108DC000B8020020014800F017BC00BF18030020C3
:108DD000014800F011BC00BF78030020014800F0FA
:108DE0000BBC00BFD8030020014800F074B900BFDD
:108DF00018080020014802F0A8BD00BF08050020A7
:108E0000014800F0B3BF00BF10070020014801F087
:108E1000F1BB00BF10070020014803F07BBB00BF7F
:108E20007C040020014803F075BB00BF380400201B
:108E300008B5044802F089FDBDE80840024802F088
:108E400084BD00BFC0040020503A0020014800F05B
:108E5000D3BB00BFB0060020014800F0CDBB00BF6F
:108E6000B8070020014800F0C7BB00BFF80500208C
:108E7000014800F0C1BB00BF98050020014802F086
:108E800017BC00BF580600200A4A0346106810B5F8
:108E900008B9094810600949094C0344091B8B4271
:108EA00006D905F07BFC0C2303604FF0FF3010BDAA
:108EB0001360FCE7983A0020D0EB0120000002206C
:108EC00000040000034AD2F8883043F47003C2F86B
:108ED0008830704700ED00E0DFF834D00D480E49CF
:108EE0000E4A002302E0D458C4500433C4188C4204
:108EF000F9D30B4A0B4C002301E013600432A24269
:108F0000FBD3FFF7DFFF05F04FFCFAF769F9704775
:108F10000000022000000020600000204041010805
:108F200060000020CCEB0120FEE7000008B50B4BF1
:108F30001A6842F400721A601A6842F480621A6079
:108F40001A6842F480721A60032000F0E5F90520E7
:108F5000FFF7DCFEFFF7B0FB002008BD003C02403D
:108F6000034A044B11681B780B441360704700BF21
:108F70009C3A002004000020014B1868704700BF95
:108F80009C3A002038B50446002800F09B80056C10
:108F900025B9FFF7B1FB656484F83C50236CDB0610
:108FA00000F18E80236C23F4885323F0020343F0F6
:108FB00002032364444B5A6822F440325A605A68D0
:108FC00061680A435A60236821695A6822F48072F2
:108FD0005A605A6842EA01225A605A68A16822F02F
:108FE00040725A605A680A435A609A68E16822F4EB
:108FF00000629A609A680A439A603449A26A8A4277
:1090000052D0996821F07061996099680A439A601A
:109010009A68E16A22F040529A609A680A439A601C
:109020009A6822F002029A609A68217E42EA41021E
:109030009A6094F82020002A3ED05A68616A42F46F
:1090400000625A605A6822F460425A605A680139D4
:1090500042EA41325A60DA6AE16922F47002DA6265
:10906000DA6A013942EA0152DA629A6822F400723D
:109070009A609A6894F8301042EA41229A609A689D
:10908000616922F480629A609A68002042EA812233
:109090009A606064236C23F0030343F001032364AC
:1090A000002384F83C3038BD9A6822F070629A60E0
:1090B0009A6822F04052B2E75A6822F40062C9E787
:1090C0000120EDE70120EEE7002301400100000F41
:1090D000704770477047036870B51E685D68B207D7
:1090E00004462BD5A80629D5226CD1065EBF226C7A
:1090F00042F4007222649A6812F0405F17D1227E17
:10910000AAB9DA6A12F4700F02D09A6852050ED426
:109110005A6822F020025A60236C23F4807323647F
:10912000236CD8045EBF236C43F001032364204604
:10913000FFF7CEFF23686FF012021A60710733D574
:109140002A0631D5236CDB065EBF236C43F4005343
:10915000236423689A6812F4401F1ED19A6B12F49C
:10916000401F02D09A68500517D45A68510514D48C
:109170009A6812F0405F10D1227E72B95A6822F0CC
:1091800080025A60236C23F480532364236CDA0535
:109190005EBF236C43F001032364204600F0BAF85D
:1091A00023686FF00C021A60F30710D568060ED51D
:1091B00023681B68D9070AD5236C43F480332364E2
:1091C0002046FFF786FF23686FF001021A60B2069F
:1091D0000ED56B010CD5636C43F002036364236806
:1091E0006FF020051D602046FFF774FF23681D60A7
:1091F00070BD0000F7B50023019390F83C30012BBF
:1092000005467CD0012380F83C3008682B688E68C6
:10921000092884B230D904EB4402DF681E3A4FF0CB
:10922000070C0CFA02FC27EA0C07DF60DF6806FA7D
:1092300002F23A43DA604968062901EB81022AD832
:10924000596B053A1F26964021EA06015963596B6E
:1092500004FA02F20A435A632A4A934207D11228B7
:1092600034D1D2F8043343F48003C2F8043300202D
:1092700085F83C0003B0F0BD1A6900EB400C0727ED
:1092800007FA0CF722EA07021A611A6906FA0CF6C5
:1092900016431E61CFE70C294FF01F010BD81E6B40
:1092A000233A914026EA01011963196B04FA02F28C
:1092B0000A431A63D0E7DE6A413A914026EA010187
:1092C000D962D96A94400C43DC62C5E7A0F110036F
:1092D000012BCCD80C4A5368102843F40003536088
:1092E000C5D10A4B0A4A1B68B3FBF2F30A22534367
:1092F0000193019B002BBAD0019B013BF8E70220B0
:10930000B8E700BF0020014000230140000000201A
:1093100040420F00704700000749CA6822F4E0622B
:109320000302120403F4E063120C134343F0BF631F
:1093300043F40033CB60704700ED00E0164B30B5CE
:10934000DC68C4F30224C4F10703251D042B28BFE5
:109350000423062D4FF0FF358CBF033C002405FA93
:1093600003F321EA0303A54022EA0502A3400028F3
:1093700043EA0203ACBF00F16040084A4FEA03131E
:10938000B8BF00F00F00DBB2AABF00F56140135474
:1093900080F8003330BD00BF00ED00E014ED00E0C8
:1093A000002807DB4109044A00F01F000123834025
:1093B00042F82130704700BF00E100E0036810B5BB
:1093C000084C0246D9B210391820B1FBF0F0205CED
:1093D000D06523F47F7020F003005F2988BF04303C
:1093E000906510BD103D010870B50446FFF7C4FD3F
:1093F0000546002C60D0022384F835302268002313
:1094000084F83430136823F0010313602268136872
:10941000D8072ED413683248A1691840D4E9013521
:109420002B43E5682B4325692B4365692B43E5698D
:109430000B432B43256A2B430343606A042802BF76
:10944000D4E90B5635432B4313605369042823F0AA
:10945000070343EA000335D1A06AE56A03438DB3ED
:1094600091B9012820D030F002012BD1E90129D592
:109470001DE0FFF781FD401B0528C7D920230320ED
:10948000636584F8350070BDB1F5005F16D103281F
:1094900018D801A151F820F0AF9400086D9400088D
:1094A000AF940008A9940008B5F1C07F0AD1402309
:1094B0006365012384F835300120E4E70228F6D9FA
:1094C0000328D3D053612046FFF778FFE26D3F2396
:1094D0009340836000200123606584F83530D2E733
:1094E0003F8010F070B590F83440866D012C30D07C
:1094F000012480F8344090F83540012C4FF00004EE
:1095000025D1022580F8355044650468256825F486
:109510008025256063608368402B0EBFA260A16038
:10952000E260C26D08BFE1603F239340B3602368EF
:1095300043F016032360036C1BB1236843F0080358
:109540002360236843F001032360002070BD80F88E
:1095500034400220FAE770B50446866DFFF70CFD33
:1095600094F83530022B054606D080236365012030
:10957000002384F8343070BD23681A6822F0160284
:109580001A605A6922F080025A61226C0AB9A26CF0
:109590001AB11A6822F008021A601A6822F0010251
:1095A0001A602368186810F0010007D1E26D3F23AC
:1095B0009340B360012384F83530D9E7FFF7DCFC32
:1095C000401B0528EDD920230320636584F835006E
:1095D000CEE790F83530022B03D08023436501207D
:1095E00070470268052380F83530136823F00103C3
:1095F0001360002070470000F7B5002301935C4B17
:10960000856D1F68C36D2E6808229A403242044659
:109610000CD001680868400708D5086820F00400ED
:109620000860AA60626D42F00102626501229A4000
:10963000324208D021684969090641BFAA60626DBB
:1096400042F00202626504229A40324208D0216848
:109650000968880741BFAA60626D42F00402626532
:1096600010229A40324210D02368196809070CD59D
:10967000AA601A68500337D51B68190301D4236CFC
:1096800000E0A36C0BB120469847E16D20228A4090
:1096900032423AD023681868C60636D5AA6094F8D4
:1096A0003520052A1A6827D122F016021A605A6955
:1096B00022F080025A61226C0AB9A26C1AB11A68AF
:1096C00022F008021A603F238B40AB60012384F82C
:1096D0003530002384F83430236D002B45D02046EC
:1096E00003B0BDE8F04018471A68D2055EBF1A689B
:1096F00022F008021A60C2E7500327D51B6819033D
:1097000031D4636C0BB120469847636D6BB3636DC6
:10971000DA0719D522684FF41653B7FBF3F7052380
:1097200084F83530136823F001031360019B013383
:10973000BB42019302D81368DB07F7D4012384F8F6
:109740003530002384F83430E36CC6E71A6812F42D
:10975000807208D1196821F010011960012384F882
:10976000353084F83420E36BCCE703B0F0BD00BFA4
:109770000000002090F83500704700002DE9F74FF9
:10978000DFF8A491664A00230D6801249C4004EA96
:109790000506AC4340F0AF804D68032705F0030495
:1097A0004FEA430807FA08FC671E012F6FEA0C0C0A
:1097B00034D8876807EA0C0ECF6807FA08F747EA3B
:1097C0000E078760476827EA060EC5F300179F401B
:1097D00047EA0E074760C76807EA0C0E8F6807FA6A
:1097E00008F747EA0E07022CC76019D14FEAD30ADF
:1097F00000EB8A0A03F0070BDAF820704FEA8B0BB4
:109800004FF00F0E0EFA0BFE27EA0E0E0F6907FA45
:109810000BF747EA0E07CAF8207001E0032CDAD1F3
:10982000076804FA08F407EA0C073C4315F4403FC4
:10983000046060D000240194D9F8444044F480448A
:10984000C9F84440D9F8444023F0030707F18047A2
:1098500004F4804407F59C37019403F0030C019C49
:10986000D7F808E04FEA8C0C0F2404FA0CF42EEA27
:10987000040E2C4CA04245D004F58064A04243D095
:1098800004F58064A04241D004F58064A0423FD03A
:1098900004F58064A0423DD004F58064A0423BD032
:1098A00004F58064A04239D004F58064A04214BF5E
:1098B0000824072404FA0CF444EA0E04BC609468FB
:1098C000F74315F4801F0CBF3C4034439460D468C8
:1098D00015F4001F0CBF3C403443D460546815F4A9
:1098E000003F0CBF3C40344354601468ED0354BF48
:1098F0003C40344314600133102B7FF445AF03B078
:10990000BDE8F08F0024D5E70124D3E70224D1E796
:109910000324CFE70424CDE70524CBE70624C9E7D9
:10992000003C01400000024000380240006908404D
:10993000003818BF012070470AB1816170470904DF
:10994000FBE7436901EA030221EA030141EA02411C
:109950008161704770B5044608B9012070BD90F868
:109960003D3003F0FF021BB980F83C20FEF71EFFDC
:10997000242384F83D3023681A6822F001021A601B
:109980001A6842F400421A601A6822F400421A600F
:1099900001F03EF93F4B65689D4294BF3E4B3F4B03
:1099A00098428CBF00230123002BD6D12268394E68
:1099B00051683B4BB0FBF3F321F03F011943B54233
:1099C000516088BF4FF49676116A88BF734321F0C7
:1099D0003F0184BF4FF47A76B3FBF6F301330B43B8
:1099E0001362D169431E2B4821F44F41854221F077
:1099F000FF0132D86D0040F6FC70B3FBF5F3013384
:109A0000034242D0C3F30B031943D161D4E90730B9
:109A10001168034321F0C0010B4313609168D4E93E
:109A2000030321F40341034321F0FF010B4393603F
:109A3000D4E90530D168034321F0FF010B43D36023
:109A4000136843F00103136000202023206484F88E
:109A50003D30206384F83E0080E7A06850B905EBF4
:109A60004505B3FBF5F30133C3F30B037BB143F4BB
:109A70000043C9E719206843B3FBF0F30133C3F394
:109A80000B0323B143F44043BEE70423BCE70123A7
:109A9000BAE700BFA08601007F841E00FF083D00DA
:109AA00040420F00704770477047704770477047DB
:109AB000704790F83D2008B5036DD2B283B9C36CEE
:109AC0000268012B836C05D1DBB21361036D023395
:109AD000036508BDC3F307231361036D0133F7E783
:109AE000036D012B03D1836C0268DBB2F4E7036DD5
:109AF000022BEED1222A05D10268136843F4807349
:109B00001360EAE7438D9BB263B1212A0AD1436A0D
:109B1000026813F8011B11614362438D013B9BB244
:109B20004385D6E7438D9BB2002BD2D1212AD0D1D9
:109B30000268516821F4E0615160116841F40071DC
:109B400011602022036380F83D2080F83E30FFF74B
:109B5000AFFFBEE7704770477047000037B500237E
:109B600001932D4B806B1B6890F83D2046F2A811A5
:109B7000B3FBF1F323214B4301930368D2B2019964
:109B800041BB016C41F020010164446B0CB1002128
:109B9000E163816B09B10025CD631D6825F4806503
:109BA0001D600025458504B1256501B10D65196865
:109BB00021F00101196090F83D10602911D1202396
:109BC00080F83D30002380F83E300364FFF7C4FF87
:109BD00003B030BD01990139019119688905CED4CE
:109BE000D3E702F02802282A0ED1196841F00101BA
:109BF0001960196841F4806119600023036380F8DB
:109C00003D20FFF7A8FFE3E7202380F83D30002345
:109C100080F83E30F5E700BF0000002010B590F856
:109C20003D2090F83E30102BD9B204460368D2B2E2
:109C300001D0402913D1222A11D1196821F40061E1
:109C40001960596811F4006106D1602A1EBF2022F4
:109C500084F83D2084F83E100022226307E002F0E1
:109C600028012829EDD10022226384F83D105A688A
:109C700012F400624FD05A68606B22F400625A609E
:109C800090F83530012B374B2BD00365FFF7A1FC43
:109C900050B12268606B136823F001031360202326
:109CA00084F83D30036D9847236C19071FBF226865
:109CB000536823F4E063536094F83D30226C5207FC
:109CC000DBB20DD5282B0BD1274BE36220220023DA
:109CD0002363204684F83D2084F83E30FFF7E7FEFA
:109CE00010BDA06B0365FFF774FC0028DCD023686F
:109CF0005A69510605D51A69636A1A70636A013395
:109D000063622268A06B136823F0010313602023B1
:109D100084F83D30C6E794F83D10602915D1202124
:109D200084F83D1022645A69520605D51A69636A9F
:109D30001A70636A013363622268136823F00103B7
:109D400013602046FFF708FFAEE75A69500605D5B5
:109D50001A69636A1A70636A013363622046FFF707
:109D6000FAFEA1E75D9B00080000FFFFF0B5036865
:109D700004465A68C66A90F83E0094F83D101028D0
:109D80008FB0C5B2C9B202D0402D40F0CF829F69DA
:109D9000586910F0010F07D1B6F52A0F02D0B6F1BD
:109DA0002A4F51D10FB0F0BD96054DD5E26AB2F5FC
:109DB0002A0F0CD10122E26294F83E20402A11D1F0
:109DC000226D52B9626C02F0FE021A61EAE7E26AA1
:109DD000B2F12A4FF0D10822EDE7626C42F00102A5
:109DE000D2B2F2E72269B2F5804F1AD194F83D2041
:109DF000212A626C11D102F0FE021A61626B0AB173
:109E0000D26B2AB9A26B002ACCD0D26B002AC9D05F
:109E10005A6842F400625A60C4E742F00102D2B2CA
:109E2000EBE7226D32B9626CD21102F0060242F009
:109E3000F002CAE7226D012AB4D1626CD21102F09D
:109E4000060242F0F102C0E7060703D5960501D5E8
:109E5000626CE4E7860740F1E880960540F1E58012
:109E600094F83E10E26A256B94F83D002228C9B2AE
:109E700040F0D380206D40B9402906D101905A6945
:109E800001929B690193019B8CE7216D89B920693F
:109E9000B0F5404F0DD102915A6902929A6902922F
:109EA000029A1A6842F480721A60236D01332365A6
:109EB00078E7618D89B251B903915A6903929A6921
:109EC0000392039A1A6842F400721A6019E0618DD5
:109ED00089B2012949D112F5803F1BD11A6822F4B9
:109EE00080621A605A6812F400620CD01A6822F478
:109EF00080621A60002204925A6904929B6904935A
:109F0000049B0023D3E705925A6905929A6905924A
:109F1000059AD7E7082A1CD0202A1AD0122D0DD175
:109F2000012A16D11A6822F480621A600022069271
:109F30005A6906929B690693069BE2E7102AF1D8BC
:109F4000974941FA02F2D707ECD41A6842F48062CA
:109F5000EBE71A6822F480621A60002207925A69BD
:109F600007929A690792079AACE7618D89B2022934
:109F700030D1102A03D88B49D140CE0715D41968A7
:109F800021F480611960196841F400611960596811
:109F90000D0514D5202A1AD8072A0AD8012A0ED16D
:109FA0005A6842F480525A6009E0196841F48061AD
:109FB000ECE7A2F108017C4ACA40D007F0D40022A5
:109FC00008925A6908929B690893089B99E712F5D1
:109FD000803FE4E7196841F4806119605968090518
:109FE00010D5202A16D8072A06D8012A0AD15A687D
:109FF00042F480525A6005E0A2F108016A4ACA4060
:10A00000D207F4D4002209925A6909929B690993F4
:10A01000099B76E712F5803FE8E700220A925A6929
:10A020000A929B690A930A9BBCE67F0740F18D80E8
:10A030005E6836053FF5B6AE070600F004063ED56D
:10A0400050053CD5002E3DD194F83D20258D94F847
:10A050003E10E06AD2B2C9B2C5B9212A18D1082887
:10A0600058D0202856D010F5803F53D05A6822F49B
:10A07000E0625A6011232363002384F83E302023DA
:10A0800084F83D302046FFF70DFD8BE6212A05D0F0
:10A0900040297FF487AE222A7FF484AE628D92B28B
:10A0A0001AB95A6822F48062B5E694F83E20402A34
:10A0B00016D120460FB0BDE8F040FFF7FABC002EE5
:10A0C0003FF470AE97057FF56DAE212939D1E16A75
:10A0D00094F83D20212A7FF465AE628D92B24AB198
:10A0E000626A12F8011B19616262638D013B9BB2C7
:10A0F000638557E608290DD020290BD011F5803F44
:10A1000008D0596821F4E06159601123236384F871
:10A110003E20B4E75A6822F4E0625A601A6842F4BA
:10A1200000721A6000232022236384F83D2094F8F3
:10A130003E2084F83E30402A2046A4D1FFF7B8FCE8
:10A1400030E6402D7FF42EAEB3E759680E053FF59B
:10A1500029AE450600F004017DD550057BD50029C8
:10A160007CD194F83D20222A7FF41CAE628D92B2FD
:10A17000032A1BD91A69636A1A70636A013363621E
:10A18000638D013B9BB26385638D9BB2032B7FF490
:10A1900009AE2268536823F48063536002E600BF6F
:10A1A000EBFFFEFF1400010001010001E06A02283C
:10A1B0003FF477AF012A3FF674AF764A0B911268ED
:10A1C00046F2A811B2FBF1F202EB82020B920B9A5B
:10A1D000013A0B920B99D1B9226C42F02002226411
:10A1E0005A6822F4E0625A601A69636A1A70636AF4
:10A1F00001336362638D013B9BB26385202384F846
:10A200003D30204684F83E10FFF7A5FCCAE51A68E9
:10A2100012F40072DBD1196821F480611960596869
:10A2200021F4E06159601969636A1970636A013346
:10A230006362638D013B9BB26385202384F83D30CC
:10A2400094F83E3084F83E20402B69D122632046AA
:10A25000FFF780FCA6E500293FF4A4AD92057FF549
:10A26000A1ADE26A608D616A80B2042809D15A68A2
:10A2700022F480625A601B690B70636A0133636267
:10A2800033E7608D80B203280CD15868042A20F48B
:10A2900080605860EFD0022AEDD01A6822F4806204
:10A2A0001A60E8E7608D80B20228E4D1042A33D036
:10A2B00007D8012A07D0022A2ED01A6842F4007269
:10A2C00004E0102AF9D11A6822F480621A601B692E
:10A2D0000B70626A531C6362638D013B9BB26385A2
:10A2E00023681B695370636A226801336362638D5C
:10A2F000013B9BB26385536823F440735360202372
:10A3000084F83D3094F83E30402B4FF0000384F841
:10A310003E3005D123639AE71A6842F48062D5E79C
:10A32000122323632046FFF7BEFB3BE5206C18B3E6
:10A330005869002587072FD596052DD5226C02B1C7
:10A340009D6994F83D2002F02802282A17D15A6806
:10A350002F0622F480625A60C5F3800154BFE26880
:10A36000A269002381F00101C9B284F83C3092B2A5
:10A370002046FFF79BFB15E59D695869DAE7002247
:10A380000C9259690C919B690C930C9B84F83C20AE
:10A3900008E500BF00000020C60640F1B180950529
:10A3A00040F1AE8094F83D505A6822F4E0625A6061
:10A3B00000220D925A690D921A6842F001021A6049
:10A3C0000D9A1A6822F480621A605A681005EDB27C
:10A3D00020D505F0F702222A4AD1A06B0268526804
:10A3E00092B26285628D92B21AB1226C42F004027E
:10A3F00022645A6822F400625A60FFF7BBF9012810
:10A4000008D0A06B794B0365FFF7E3F810B1A06BA0
:10A41000036D9847638D9BB213B323685A69510744
:10A4200009D51A69636A1A70636A01336362638DBE
:10A43000013B9BB2638523685A69520609D51A69A4
:10A44000636A1A70636A01336362638D013B9BB276
:10A450006385638D9BB21BB1236C43F004032364BB
:10A46000236C13B320460FB0BDE8F040FFF7D6BB16
:10A47000606B0268526892B26285628D92B21AB1C4
:10A48000226C42F0040222645A6822F400625A608C
:10A49000FFF770F90128BDD0606B544B0365FFF7DF
:10A4A00098F80028B6D0606BB2E72A2D06D1236356
:10A4B000282384F83D302046FFF7F7FA94F83D3022
:10A4C000282B0CD14A4BE362202200232363204631
:10A4D00084F83D2084F83E30FFF7E9FA62E4236B0C
:10A4E000222B02D0222D7FF45DAC00232022236397
:10A4F00084F83D2084F83E302046FFF7D6FA51E438
:10A5000001F0F701212900F0040535D1070627D510
:10A51000560525D53DBB94F83D00628D92B2C0B280
:10A52000002A3FF43FAC626A12F8015B1D6162626F
:10A53000628D013A92B26285628D92B2002A7FF4F6
:10A5400031AC29287FF42EAC5A6822F480625A601C
:10A5500028232163204684F83D30FFF7A5FA21E443
:10A56000002D3FF41FAC95057FF51CAC628D92B2B7
:10A57000002A3FF417ACB3E5400627D5510525D591
:10A580003DBB94F83D20618D89B2D2B200293FF4E1
:10A5900009AC1969636A1970636A01336362638D78
:10A5A000013B9BB26385638D9BB2002B7FF4FAABBA
:10A5B0002A2A7FF4F7AB2268536823F48063536040
:10A5C00022232363282384F83D3095E7002D3FF4B0
:10A5D000E9AB92057FF5E6AB628D92B2002A3FF4BB
:10A5E000E1AB1A69636A1A7047E600BF5D9B000819
:10A5F0000000FFFFF8B503685F695E6890F83E20D1
:10A6000017F480750446D2B206D016F480751EBFCA
:10A610006FF4807159610125B80506D5F10542BF77
:10A620006FF4007145F002055961780536D5F105E2
:10A6300034D5608D94F83D10D4F830C0202A80B213
:10A64000C9B25BD1002859D101F0F700212804D00C
:10A65000282953D1BCF1210F50D194F83D20E16A53
:10A660000829D2B201D020292AD1282A28D12C4A5F
:10A67000E2625A6822F4E0625A606FF480625A61C2
:10A680001A6822F480621A60002320222363204685
:10A6900084F83D2084F83E30FFF709FA3A053BD5AF
:10A6A000F30539D523686FF4006245F008055A6157
:10A6B000236C1D4325642046BDE8F840FFF7AEBA81
:10A6C000212A17D11649E1622263202284F83D2015
:10A6D000002284F83E205A6822F4E0625A606FF447
:10A6E00080625A611A6822F480621A602046FFF77D
:10A6F000DBF9D3E76FF480625A61CFE76FF48061D2
:10A70000102A596145F0040501D0402AC6D11A68C3
:10A7100042F400721A60C1E7002DC9D1F8BD00BF34
:10A720000000FFFF2DE9F341044640B30368DE0754
:10A7300010D423689D075BD42368190700F19D801E
:10A7400023685A0700F1BD80A369002B40F02481E3
:10A7500000202CE08D4B9A6802F00C02042A07D0EE
:10A760009A6802F00C02082A0BD15B68590208D5DE
:10A77000864B1B689A03DCD56368002BD9D1012076
:10A7800015E06368814DB3F5803F13D12B6843F426
:10A7900080332B60FEF7F0FB7C4E054633689B034D
:10A7A000C7D4FEF7E9FB401B6428F7D9032002B0A9
:10A7B000BDE8F081B3F5A02F04D12B6843F48023CA
:10A7C0002B60E3E72A6822F480322A602A6822F4A8
:10A7D00080222A60002BDDD1FEF7CEFB06462B68D7
:10A7E0009F03A6D5FEF7C8FB801B6428F7D9DDE7D9
:10A7F000664B9A6812F00C0F07D09A6802F00C02B0
:10A80000082A11D15B685D020ED4604A136899076B
:10A8100002D5E368012BB2D11368216923F0F80354
:10A8200043EAC103136087E7E268594BB2B10122E2
:10A830001A60FEF7A1FB554D06462B689B0707D50E
:10A840002B68226923F0F80343EAC2032B6073E705
:10A85000FEF792FB801B0228EFD9A7E71A60FEF7EC
:10A860008BFB4A4E054633689F077FF565AFFEF7C1
:10A8700083FB401B0228F6D998E76269444B82B1FA
:10A880000122C3F8802EFEF777FB404E0546736F1A
:10A890009B073FF555AFFEF76FFB401B0228F6D92B
:10A8A00084E7C3F8802EFEF767FB384E0546736FCA
:10A8B0009F077FF545AFFEF75FFB401B0228F6D9E7
:10A8C00074E7324B1A6C12F0805228D101921A6C44
:10A8D00042F080521A641B6C03F080530193019B79
:10A8E00001272C4D2B68D8051BD5A368274D012BBC
:10A8F00027D12B6F43F001032B67FEF73DFB234E5F
:10A90000054641F28838336F9A0739D5002F3FF456
:10A910001BAF1E4A136C23F08053136414E7002707
:10A92000DFE72B6843F480732B60FEF725FB0646B8
:10A930002B68D905D9D4FEF71FFB801B0228F7D955
:10A9400034E7052B04D12B6F43F004032B67D0E7CA
:10A950002A6F22F001022A672A6F22F004022A6776
:10A96000002BCAD1FEF708FB41F2883806462B6F50
:10A970009B07CBD5FEF700FB801B4045F7D915E7B9
:10A98000FEF7FAFA401B4045BDD90FE700380240F8
:10A990000000474200700040374DAA6802F00C02E8
:10A9A000082A3ED0022B354B4FF000021A662BD1FD
:10A9B000FEF7E2FA06462B6899011FD4D4E9073264
:10A9C0001343626A43EA8213E26A43EA0263A26AB9
:10A9D0005208013A43EA02436B60284B264D01229C
:10A9E0001A66FEF7C9FA04462B689A013FF5B0AE25
:10A9F000FEF7C2FA001B0228F6D9D7E6FEF7BCFA2A
:10AA0000801B0228D7D9D1E6FEF7B6FA04462B6898
:10AA10009B017FF59DAEFEF7AFFA001B0228F6D929
:10AA2000C4E6012B3FF4ABAE6B68E26903F480012E
:10AA300091427FF4A4AE216A03F03F028A427FF480
:10AA40009EAE616A47F6C0721A40B2EB811F7FF476
:10AA500096AEA26A520803F44031013AB1EB024FBC
:10AA60007FF48DAEE26A03F07063B3EB026F14BF44
:10AA7000012000209BE600BF003802400000474252
:10AA8000134908B58B6803F00C03042B1CD0082B6A
:10AA90001CD14A684B68496813F4800314BF0D4801
:10AAA0000D48C1F3881118BF002302F03F02A1FB3B
:10AAB0000001F6F71FFA064B5B68C3F3014301334D
:10AAC0005B00B0FBF3F008BD0248FCE70248FAE780
:10AAD0000038024000127A000024F4002DE9F04111
:10AAE0000D46044610B90120BDE8F081434B1A68B9
:10AAF00002F007028A4228D321688F072DD4C807A5
:10AB000040D43E4B1A6802F00702AA4265D8226878
:10AB100051076BD4130707D5394A2169936823F489
:10AB2000604343EAC1039360FFF7AAFF344B354A01
:10AB30009B68C3F30313D35CD840334B1860334B8B
:10AB40001868FEF7E3F80020CEE7CAB21A701B6857
:10AB500003F007038B42C6D1CEE7294B11F0040F57
:10AB60001EBF9A6842F4E0529A600E0742BF9A688C
:10AB700042F460429A609A68A06822F0F0020243B0
:10AB80009A60BCE762681E4B012A1CD11B6813F453
:10AB9000003FA8D01A4EB36823F003031343B360F9
:10ABA000FEF7EAF941F288380746B368626803F0B5
:10ABB0000C03B3EB820FA4D0FEF7DEF9C01B4045B7
:10ABC000F3D9032090E7911E01291B6802D813F0E6
:10ABD000007FDEE713F0020FDBE7EAB21A701B68B2
:10ABE00003F00703AB427FF47EAF90E70449E068CF
:10ABF0008B6823F4E05303438B608BE7003C0240F7
:10AC000000380240003D010800000020080000203C
:10AC1000044B054A9B68C3F38223D35C034A106844
:10AC2000D840704700380240F83C0108000000207E
:10AC3000044B054A9B68C3F34233D35C034A106854
:10AC4000D840704700380240F83C0108000000205E
:10AC50000F2303600B4B9A6802F0030242609A686C
:10AC600002F0F00282609A6802F4E052C2609B68CF
:10AC7000DB0803F4E0530361034B1B6803F0070395
:10AC80000B60704700380240003C024082B0002355
:10AC90000093134B45F6C0521B68B3FBF2F36422DA
:10ACA000534301930368019A9AB9426D42F04002FE
:10ACB00042651A6822F040021A605A6822F0E002E7
:10ACC0005A60DB680093009B072380F8513002B084
:10ACD0007047019A013A01929A689207E3D5E8E732
:10ACE0000000002003685A6822F080025A601A6847
:10ACF00022F040021A60072380F8513070470000AC
:10AD00002DE9F3411C4616460F460546FEF734F979
:10AD10003444241AFEF730F9244B1B68C3F3CB33B9
:10AD20006343804601932A68936837EA030301D09E
:10AD300000202EE0731CF7D0FEF71EF9A0EB0800F0
:10AD4000A04229D32B685A6822F0E0025A606A6850
:10AD5000B2F5827F0AD1AA68B2F5004F02D0B2F5EF
:10AD6000806F03D11A6822F040021A60AA6AB2F515
:10AD7000005F07D11A6822F400521A601A6842F480
:10AD800000521A60012385F85130002385F85030B5
:10AD9000032002B0BDE8F081019A019B002A03F173
:10ADA000FF33019308BF1446BDE700BF0000002039
:10ADB00038B513464268B2F5827F044606D00A468B
:10ADC0000121FFF79DFFB8B9002038BD8268B2F5B8
:10ADD000004F02D0B2F5806F07D125682868B2F520
:10ADE000806F20F04000286003D00A468021204672
:10ADF000E7E70A460121FAE7636D43F02003636544
:10AE00000320E2E737B51346124A1568124AB5FB2C
:10AE1000F2F54FF47A72554342680195B2F5827F9C
:10AE200004460BD10A468021FFF76AFF78B1636DB3
:10AE300043F020036365032003B030BD019B33B1B1
:10AE4000019B013B019323689B681B06F6D40020FD
:10AE5000F2E700BF0000002000366E0110B5044686
:10AE6000002855D0436A002B4ED14268B2F5827F4C
:10AE700000D0C3610023A36294F8513003F0FF02B5
:10AE800023B984F850202046FDF720FD2168A068F2
:10AE9000A269022384F851300B6823F040030B6051
:10AEA000636800F4044003F482730343E06800F431
:10AEB00000600343206900F002000343606900F072
:10AEC0000100034302F400700343E06900F038001E
:10AED0000343206A00F080000343A06A00F400509E
:10AEE00003430B60636A120C03F0100302F00402C8
:10AEF0001A434A60CB6923F40063CB61002001232D
:10AF0000606584F8513010BD0023C0E90433B1E717
:10AF10000120F8E72DE9F7431F4690F85030012B48
:10AF200004460D46904600F0A080012380F8503082
:10AF3000FEF722F894F85130012B8146D8B240F048
:10AF40009280002D61D0B8F1000F5ED0032384F809
:10AF5000513000236365C4E91033A4F83680A3633D
:10AF6000A387E387A36826682563B3F5004FA4F899
:10AF7000348007D1336823F040033360336843F4EF
:10AF8000804333603368E2685B065EBF336843F03A
:10AF900040033360B2F5006F63683FD113B1B8F17D
:10AFA000010F07D135F8023BF3602563E38E013BC7
:10AFB0009BB2E386E38E9BB2A3B94A46394620464C
:10AFC000FFF720FF00284BD1A36833B90193236812
:10AFD000DA6801929B680193019B606D003818BF8D
:10AFE000012012E022689368980705D5236B33F897
:10AFF000021BD1602363D9E7FDF7BEFFA0EB090078
:10B00000B842D7D3791CD5D00320012384F851301E
:10B01000002384F8503003B0BDE8F08313B1B8F1D9
:10B02000010F08D12B783373236B01332363E38E35
:10B03000013B9BB2E386E38E9BB2002BBDD023681D
:10B040009A68920703D5226B12781A73ECE7FDF722
:10B0500093FFA0EB0900B842EDD37B1CEBD0D3E704
:10B0600020236365B0E70220CFE70220D3E72DE974
:10B07000F7431E4690F85030DDF82880012B044637
:10B080000D46914600F0E180012380F85030FDF735
:10B0900073FF94F851306268012B0746D9B20AD089
:10B0A000B2F5827F40F0CF80A368002B40F0CB80C8
:10B0B000042940F0C88015B1B9F1000F09D1012071
:10B0C000012384F85130002384F8503003B0BDE8E8
:10B0D000F083002EF3D094F85130C4F83890042B4C
:10B0E0001CBF052384F8513000236365C4E9103385
:10B0F0002368E687E6861968A687490658BF196857
:10B10000256358BF41F04001A68658BF1960E16829
:10B11000B1F5006F48D10AB1012E07D135F8022BE5
:10B12000DA60E38E2563013B9BB2E3860125E38E63
:10B130009BB263B9E38F9BB24BB93A464146204676
:10B14000FFF760FE002872D020236365B7E721680F
:10B150008B689A070DD5E38E9BB253B145B1236B33
:10B1600033F8022BCA602363E38E013B9BB2E38674
:10B1700000258A6812F001020CD0E38F9BB24BB11C
:10B18000A36BC96823F8021BA363E38F013B9BB247
:10B19000E3871546FDF7F0FEC01B4045C7D3B8F165
:10B1A000FF3FC4D003208BE70AB1012E08D12A78D3
:10B1B0001A73236B01332363E38E013B9BB2E38657
:10B1C0000125E38E9BB21BB9E38F9BB2002BB4D059
:10B1D000226893689B070ED5E38E9BB25BB14DB19D
:10B1E000236B1B781373236B01332363E38E013BC3
:10B1F0009BB2E38600252268916811F001010DD011
:10B20000E38F9BB253B1A36BD2681A70A36B013367
:10B21000A363E38F013B9BB2E3870D46FDF7ACFED2
:10B22000C01B4045CDD3B8F1FF3FCAD0BAE7A368F1
:10B23000002B7FF445AF23680190DA6801929B6888
:10B240000193019B3CE702203AE702203EE72DE90B
:10B25000F7431D464368B3F5827F04468946174687
:10B260000CD1836853B9042380F8513013460095FC
:10B270000A46FFF7FCFE03B0BDE8F08394F85030B7
:10B28000012B7FD0012384F85030FDF775FE94F830
:10B290005130012B8046D8B272D1B9F1000F5CD089
:10B2A000002F5AD0A268C4F8389000260423B2F5C3
:10B2B000004F84F85130C4E9106666652368E7875B
:10B2C000A7872663A686E68607D11A6822F0400281
:10B2D0001A601A6822F480421A601A6856065EBF25
:10B2E0001A6842F040021A60E368F3B1E38F9BB240
:10B2F000FBB123689A68D20736D5DA68A36B23F8C6
:10B30000022BA363E38F013B9BB2E387EEE7236845
:10B310009A68D00718D5A26B1B7B1370A36B0133FF
:10B32000A363E38F013B9BB2E387E38F9BB2002BC8
:10B33000EDD1424629462046FFF73AFDE8B9606D57
:10B34000003818BF012008E0FDF716FEA0EB08004A
:10B35000A842EAD3691CE8D00320012384F85130C5
:10B36000002384F8503086E7FDF706FEA0EB0800C6
:10B37000A842BBD36B1CB9D0EEE720236365DEE7A0
:10B380000220EAE7022076E738B5044690F850003C
:10B39000012870D0012084F8500094F85100012851
:10B3A000C5B208D06068B0F5827F62D1A06800287D
:10B3B0005FD1042D5DD1002933D0002A31D0002B7C
:10B3C0002FD094F85100A38604281CBF052084F8D0
:10B3D000510000206065E386E387A38794F851302D
:10B3E0002163042BC4E9100018BF2449E06C12BF8C
:10B3F000234B2449244BA263C0E90F31234BC36480
:10B40000002321680365E38F0C319BB2FEF76AF8D5
:10B41000034658B1636D43F010036365012384F85C
:10B4200051300120002384F8503038BD2268A06CD0
:10B43000516841F001015160C0E90F33C0E9133395
:10B44000E38E216B9BB20C32FEF74CF80028E1D161
:10B4500023681A6852065EBF1A6842F040021A60FA
:10B460005A6842F020025A605A6842F002025A605A
:10B47000D8E70220D6E70220D7E700BFC5B500080D
:10B4800057B60008B9B50008F1B50008CFB50008F7
:10B490001FB5454B45F6C0521B68B3FBF2F364225F
:10B4A00053430193019B009303685A6822F02002E2
:10B4B0005A605A68110604460AD53C4A4264009A0A
:10B4C000002A59D1626D42F040026265019A0092F1
:10B4D0005A6852060AD5364A2264009A002A53D185
:10B4E000626D42F040026265019A00925A689007CC
:10B4F00014D5A06C90B100230365FEF72CF808B1B9
:10B500004023636523685A6822F002025A60009A59
:10B51000002A41D1626D42F0400262655A68D2074A
:10B5200011D5E06C78B100230365FEF714F808B17B
:10B530004023636523681A6822F040021A605A6843
:10B5400022F001025A600022E287E286616D402902
:10B5500018BF62650292D9680291996802910299B6
:10B5600003929B680393039B14BF104601200123A1
:10B5700084F8513004B010BD009A013A009294F85A
:10B580005120072A9BD1A1E7009A013A009294F832
:10B590005120072AA1D1A7E7009A013A00929A68A0
:10B5A0009107B4D5BAE700BF00000020E5AC000861
:10B5B0008DAC00087047704708B5806BFFF7FBFF44
:10B5C00008BD704708B5806BFFF7FBFF08BD806BB7
:10B5D000026808B5536823F003035360436D43F0DA
:10B5E00010034365012380F85130F5F7C3FE08BD11
:10B5F00038B50546846BFDF7BFFC2B681B68DB057F
:10B60000024624D42368596821F020015960A168BA
:10B61000C9B96168B1F5827F15D1596821F003017C
:10B62000596020466421FFF7C3FB08B120236365FE
:10B630000023E387012384F85130636D3BB120463A
:10B64000F5F798FE38BD596821F00101E8E720467A
:10B65000FFF7B0FFF6E738B50546846BFDF78CFCC5
:10B660002B681B68DB0502461ED421684B6823F05B
:10B6700020034B6020466421FFF7C4FB18B1636DC3
:10B6800043F0200363652268536823F0030353608B
:10B690000023E386E387012384F85130636D1BB1F7
:10B6A0002046F5F767FE38BD2046F5F749FEFAE774
:10B6B000F0B503685D689A68560685B004464FEA9F
:10B6C0009211C2F3801708D4D60706D56E0604D5AA
:10B6D000036C05B0BDE8F0401847960704D528066E
:10B6E00002D5636C2046F4E741EA521102F48070FF
:10B6F00001F0010101434FEA521657D0AA0655D571
:10B700007FB194F85120032A4FF0000148D0626DB8
:10B7100042F0040262650091DA6800929A68009231
:10B72000009AF1070CD5626D42F0010262650022B9
:10B7300002929A6802921A6822F040021A60029AF3
:10B7400040B1626D42F008026265002203929A687D
:10B750000392039A626D4AB35A6822F0E0025A607B
:10B76000012284F85120AA0722D05A68E06C22F006
:10B7700003025A6040B1104B0365FDF72AFF18B170
:10B78000636D43F040036365A06C78B10A4B0365B9
:10B79000FDF71FFF50B1636D43F04003636505E0A3
:10B7A0000191DA6801929B680193019B05B0F0BD9D
:10B7B0002046F5F7DFFDF9E7BDB7000808B5806B57
:10B7C0000023C387C386F5F7D5FD08BD036A23F0C0
:10B7D000010370B50362036A446882690D6822F050
:10B7E00073022A438D6823F002032B430C4DA842B9
:10B7F00003D005F58065A8420BD1CD6823F008037E
:10B800002B43D1E9055624F44074354323F0040357
:10B810002C43446082614A684263036270BD00BF8A
:10B8200000000140036A23F4807370B50362036A69
:10B830004468C2690D6822F073022A438D6823F4BC
:10B84000007343EA05230D4DA84203D005F580653A
:10B85000A8420DD1CD6823F4006343EA0523D1E962
:10B86000055624F44054354323F4806344EA051418
:10B870004460C2614A68C263036270BD0000014057
:10B88000036A23F4805330B50362036A4468C269D3
:10B890000D6822F4E64242EA05228D6823F4005343
:10B8A00043EA0533084DA84203D005F58065A84258
:10B8B00004D14D6924F4804444EA85144460C26193
:10B8C0004A680264036230BD0000014090F83D30D8
:10B8D000012B30D1022380F83D300368DA6842F052
:10B8E0000102DA60154A93421AD0B3F1804F17D0A3
:10B8F000A2F57C42934213D002F5806293420FD0AE
:10B9000002F5806293420BD002F57842934207D051
:10B9100002F57052934203D0A2F59432934204D1BF
:10B920009A6802F00702062A03D01A6842F0010260
:10B930001A60002070470120704700BF00000140DE
:10B940007047704770477047704703681A699107DE
:10B9500010B504460ED5DA6892070BD56FF00202D7
:10B960001A61012202779B699B0777D0FFF7EAFFF4
:10B970000023237723681A69500710D5DA68510726
:10B980000DD56FF004021A61022222779B6913F42D
:10B99000407F204668D0FFF7D5FF00232377236838
:10B9A0001A6912070FD5DA6810070CD56FF0080274
:10B9B0001A6104222277DB69990720465AD0FFF7E3
:10B9C000C1FF0023237723681A69D20610D5DA68ED
:10B9D000D0060DD56FF010021A6108222277DB69BC
:10B9E00013F4407F20464BD0FFF7ACFF00232377B2
:10B9F00023681A69D10708D5DA68D20705D56FF030
:10BA000001021A612046F7F77DFB23681A691006C8
:10BA100008D5DA68110605D56FF080021A61204654
:10BA200000F0CDFB23681A69520608D5DA68500683
:10BA300005D56FF040021A612046FFF785FF2368A5
:10BA40001A69910622D5DA6892061FD56FF0200296
:10BA500020461A61BDE8104000F0B0BBFFF771FF4F
:10BA60002046FFF770FF83E7FFF76BFF2046FFF7E5
:10BA70006AFF92E7FFF765FF2046FFF764FFA0E744
:10BA8000FFF75FFF2046FFF75EFFAFE710BD000046
:10BA9000254A0368904212D0B0F1804F0FD0A2F532
:10BAA0007C4290420BD002F58062904207D002F5B2
:10BAB0008062904203D002F57842904208D14A68F1
:10BAC00023F070031343CA6823F44073134316E052
:10BAD000164A9042F7D002F580629042F3D002F508
:10BAE00080629042EFD0A2F598329042EBD002F5FE
:10BAF00080629042E7D002F580629042E3D04A69CA
:10BB000023F08003134303608B68C3620B68836276
:10BB1000054B984203D003F58063984201D10B692D
:10BB2000036301234361704700000140004001406E
:10BB300010B5044630B390F83D3003F0FF021BB956
:10BB400080F83C20FCF740FF0223206884F83D3059
:10BB5000211DFFF79DFF012384F84630002084F863
:10BB60003E3084F83F3084F8403084F8413084F827
:10BB7000423084F8433084F8443084F8453084F807
:10BB80003D3010BD0120FCE710B5044630B390F8FD
:10BB90003D3003F0FF021BB980F83C20FCF764FF46
:10BBA0000223206884F83D30211DFFF771FF012337
:10BBB00084F84630002084F83E3084F83F3084F822
:10BBC000403084F8413084F8423084F8433084F8BF
:10BBD000443084F8453084F83D3010BD0120FCE746
:10BBE00010B5044630B390F83D3003F0FF021BB9A6
:10BBF00080F83C20FFF7A4FE0223206884F83D3043
:10BC0000211DFFF745FF012384F84630002084F80A
:10BC10003E3084F83F3084F8403084F8413084F876
:10BC2000423084F8433084F8443084F8453084F856
:10BC30003D3010BD0120FCE7036A23F0100370B50E
:10BC40000362036A446882690D6822F4E64242EAAC
:10BC500005228D6823F0200343EA05130D4DA84209
:10BC600003D005F58065A8420DD1CD6823F080038F
:10BC700043EA0513D1E9055624F44064354323F023
:10BC8000400344EA8504446082614A688263036237
:10BC900070BD00BF0000014038B590F83C30012B6A
:10BCA00004464FD00120082A84F83C003AD006D838
:10BCB000BAB1042A26D0002384F83C3038BD0C2ABF
:10BCC000F9D12068FFF7DCFDC3690A6943F400631A
:10BCD000C361C36923F48063C361C36943EA022378
:10BCE0002EE02068FFF772FD83690A6943F00803BC
:10BCF0008361836923F00403836183691343836150
:10BD00000020D8E72068FFF797FF83690A6943F4AA
:10BD100000638361836923F480638361836943EAF9
:10BD20000223ECE72068FFF77DFDC3690A6943F051
:10BD30000803C361C36923F00403C361C3691343E8
:10BD4000C361DDE70220B9E770B5046A194E24F03B
:10BD500001040462B0428469056A26D0B0F1804FC4
:10BD600023D0A6F57C46B0421FD006F58066B042CF
:10BD70001BD006F58066B04217D006F57846B04273
:10BD800013D006F57056B0420FD0A6F59436B042E7
:10BD90000BD044F0010263F3071201F00A0125F011
:10BDA0000A0319438261016270BD24F00304224337
:10BDB000F1E700BF00000140F8B590F83C30012BDE
:10BDC00005460C4600F082800120082A85F83C00D8
:10BDD0005CD006D842B3042A36D0002385F83C3024
:10BDE000F8BD0C2AF9D12B68CE68D1E90027196A71
:10BDF00021F480511962D969186A21F44071120343
:10BE000041EA072120F4204002F4204266F30F317A
:10BE10000243D9611A62DA69A16822F44062DA61E8
:10BE2000DA6942EA01224FE02868CB68D1E90012C2
:10BE3000FFF78AFF8369A26823F00C03836183699B
:10BE4000134383610020C8E72B68CE68D1E900273F
:10BE5000196A21F0100119629969186A21F4407178
:10BE6000120141EA072120F0A00002F0A00266F3CF
:10BE70000F31024399611A629A69A16822F4406203
:10BE80009A619A6942EA01229A61DBE72B68E768C6
:10BE9000186A20F48070D1E900211862DE69186AFE
:10BEA00026F003061202314320F4206002F42062DF
:10BEB00067F307110243D9611A62DA69A16822F0B7
:10BEC0000C02DA61DA690A43DA61BBE7022087E72C
:10BED00010B584680A4324F47F4442EA03222243D3
:10BEE000826010BD38B590F83C30012B04464FF00D
:10BEF000020000F08E8084F83D000122206884F862
:10BF00003C20836823F47F4323F0770383600B682E
:10BF1000602B4FD032D8402B64D016D8202B0DD0B8
:10BF20000AD833F0100109D0012384F83D300023F2
:10BF300084F83C30104638BD302BF5D1826822F0B1
:10BF40007002134343F0070328E0502BECD14A68FA
:10BF5000CD68016A036A23F001030362836921F05B
:10BF60000A0123F0F00343EA05130A4383610262E6
:10BF7000836823F0700343F057030FE0B3F5805F4D
:10BF80000DD0B3F5005F0CD0702BCDD1CB68D1E9CB
:10BF90000121FFF79DFF836843F077038360002250
:10BFA000C2E7CB68D1E90121FFF792FF836843F430
:10BFB0008043F3E7036A4D68C96823F01003036206
:10BFC0008269036A22F4704223F0A00343EA051356
:10BFD00042EA013282610362836823F0700343F016
:10BFE0006703DBE74A68CD68016A036A23F001034F
:10BFF0000362836921F00A0123F0F00343EA051389
:10C000000A4383610262836823F0700343F04703AD
:10C01000C4E702468EE7036A10B501F01F01012450
:10C020008C4023EA04030362036A8A401A430262D3
:10C0300010BD000008B529B990F83E30012B1FD083
:10C04000012035E0042907D190F83F30012BF7D1CA
:10C05000022380F83F3016E008290CBF90F84030EA
:10C0600090F84130013B18BF0123002BE8D108298B
:10C070004FF002030CBF80F8403080F8413002E0FE
:10C08000022380F83E3000680122FFF7C4FF164B00
:10C09000984203D003F5806398420AD1436C43F47D
:10C0A00000434364836803F00703062B17D1002085
:10C0B00008BDB0F1804FF5D00C4B9842F2D003F59B
:10C0C00080639842EED003F580639842EAD003F58E
:10C0D0009A339842E6D0A3F594339842E2D00368AD
:10C0E00043F001030360E2E7000001400004004068
:10C0F000FFF7A0BF30B590F83C30012B02464FF05F
:10C10000020032D0136882F83D005C680D689868C0
:10C1100024F070042C435C60144CA3421AD0B3F199
:10C12000804F17D0A4F57C44A34213D004F580645B
:10C13000A3420FD004F58064A3420BD004F57844E9
:10C14000A34207D004F57054A34203D0A4F594345D
:10C15000A34204D1496820F0800001439960012383
:10C16000002082F83D3082F83C0030BD00000140E4
:10C1700090F83C30012B02461ED0CB68886823F42F
:10C1800040730343486823F480630343086823F43F
:10C1900000630343086923F4805303434869C96972
:10C1A00023F40053034323F480430B43116800201E
:10C1B0004B6482F83C00704702207047704770471C
:10C1C000026802F10C0353E8003F23F490730C3231
:10C1D00042E8003102680029F2D102F1140353E869
:10C1E000003F23F0010302F1140C4CE80031002958
:10C1F000F3D1036B012B0BD102F10C0353E8003F89
:10C2000023F0100302F10C0C4CE800310029F3D1AB
:10C21000202380F83E300023036370470268C16822
:10C2200038B5136923F440530B4313610546836803
:10C230000069D168034368690343E86921F4164142
:10C2400021F00C0103430B43D3605369A96923F424
:10C2500040730B4353611F4B9A4203D003F5806335
:10C260009A4224D1FEF7E4FCEA691921B2F5004FA5
:10C27000D5E90043A0FB01011CD1DA184FF00005FD
:10C2800045EB0503F4F736FE6422B0FBF2F102FB46
:10C290001103DB003233B3FBF2F303F007025B0060
:10C2A00002EB011203F4F8731344A36038BDFEF7E8
:10C2B000AFFCD9E79A009B0FF4F71CFE6422B0FB99
:10C2C000F2F102FB11031B013233B3FBF2F303EB78
:10C2D0000113EAE700100140F8B504460E46174680
:10C2E0001D462268136836EA030301D1002028E0C6
:10C2F0006B1CF7D025B1FCF73FFEC01B8542F0D286
:10C30000226802F10C0353E8003F23F4D0730C328F
:10C3100042E8003021680028F2D101F1140353E80B
:10C32000003F23F0010301F1140040E80032002A2D
:10C33000F3D1202384F83D3084F83C2084F83E304B
:10C340000320F8BD10B5044640B390F83D3003F02B
:10C35000FF021BB980F83C20FCF7EEFB2268242387
:10C3600084F83D30D36823F40053D3602046FFF7B0
:10C3700055FF23681A6922F490421A615A6922F023
:10C380002A025A61DA6842F40052DA60002020235F
:10C39000206484F83D3084F83E3010BD0120FCE775
:10C3A0002DE9F843984690F83D30202B04460E4680
:10C3B000174648D1002944D0002A42D090F83C309A
:10C3C000012B40D0012380F83C3000252123056457
:10C3D00080F83D30FCF7D0FDA368A784B3F5805FFB
:10C3E0008146E78403D123690BB935461E460023F5
:10C3F00084F83C30E38C9BB253B943464A46402113
:10C400002046FFF769FF50B9202384F83D3007E04C
:10C4100043464A4680212046FFF75EFF10B10320C5
:10C42000BDE8F88322684EB935F8023BC3F3080330
:10C430005360E18C013989B2E184DBE716F8013BF6
:10C44000F6E70120ECE70220EAE770477047704703
:10C4500008B5806B0023C385C384FFF7F8FF08BDD0
:10C46000704790F83E30222B07B541D181680268B1
:10C47000836AB1F5805F3DD1016900293DD15268E1
:10C48000C2F3080223F8022B8362C38D013B9BB2E7
:10C49000C385002B2CD10268D16821F02001D16026
:10C4A000D16821F48071D160516921F0010151619D
:10C4B000202280F83E20026B012A026827D1036304
:10C4C00002F10C0353E8003F23F0100302F10C0CBF
:10C4D0004CE800310029F3D11368DB0605D5019142
:10C4E0001368019353680193019B818DFFF7B8FF97
:10C4F00003B000BD39B9016929B95268D2B21A70C6
:10C50000836A0133C0E7526802F07F02F7E7FFF762
:10C510009DFFEDE703681A6873B51607D9685D6972
:10C52000044608D1960668D58D0666D502B0BDE8EA
:10C530007040FFF796BF05F0010001F490750543C8
:10C540005BD0D60705D5CD0542BF236C43F0010370
:10C550002364530704D518B1236C43F0020323640A
:10C56000960704D518B1236C43F004032364150720
:10C5700007D501F0200303431EBF236C43F00803DB
:10C580002364236C002B32D0920604D58B0602D58F
:10C590002046FFF766FF26687369226C03F04003AC
:10C5A00002F0080253EA0205204622D0FFF708FEF7
:10C5B00073695E0618D5226802F1140353E8003F40
:10C5C00023F04003143242E800310029F3D1A06B7C
:10C5D00050B1724B0365FCF7FCFF40B1A06B036DDB
:10C5E00002B0BDE8704018472046FFF730FF02B0A8
:10C5F00070BDFFF72CFF2564F9E7206B012840F0A0
:10C600009180D50640F18E80C80640F18B800022D3
:10C6100001921A6801925A680192019A5A69520667
:10C620004CD5A16B0A68526892B2002ADFD0A08D67
:10C630009042DCD9E285CA69B2F5807F36D003F139
:10C640000C0252E8002F22F4807203F10C0040E843
:10C6500000210029F3D103F1140252E8002F22F047
:10C66000010203F1140040E800210029F3D103F195
:10C67000140252E8002F22F0400203F1140040E8B7
:10C6800000210029F3D1202284F83E20216303F108
:10C690000C0252E8002F22F0100203F10C0040E8D7
:10C6A00000210029F3D1A06BFCF755FFE38DA18D8C
:10C6B000C91A89B22046FFF7D3FE98E7E28DE18DD3
:10C6C00089B292B2002992D0A18D891A89B200292B
:10C6D0008DD003F10C0252E8002F22F4907203F186
:10C6E0000C0545E800200028F3D103F1140252E8BC
:10C6F000002F22F0010203F1140545E80020002874
:10C70000F3D1202284F83E20206303F10C0252E88A
:10C71000002F22F0100203F10C0545E8002000284C
:10C72000F3D1C7E7160628D50D0626D594F83D2087
:10C73000212A7FF45CAFA168226AB1F5805F17D12E
:10C740002169A9B932F8021BC1F3080159602262BC
:10C75000E28C013A92B2E284002A7FF448AFDA68B0
:10C7600022F08002DA60DA6842F04002DA603EE7E6
:10C77000511C216212785A60EAE750067FF537AF04
:10C780004A067FF534AFDA6822F04002DA602023EF
:10C7900084F83D302046FFF758FE28E751C40008D2
:10C7A00008B54FF0E0231B6901F02AFA012803D0F5
:10C7B000BDE8084001F026BD08BD0000EFF3058389
:10C7C0002BB9064B186828B901221A6070476FF020
:10C7D000050070474FF0FF30704700BFF053002056
:10C7E00010B5EFF305845CB9084B1A68012A0AD129
:10C7F000074AD47702221A6000F0FAFE204610BDE4
:10C800006FF00500FBE74FF0FF30F8E7F053002032
:10C8100000ED00E0EFF305830BB100F047BF00F03F
:10C820003FBFF0B587B0144600220B460592EFF3E8
:10C830000582FAB9F0B15CB3A56925B1691E372943
:10C8400002D9002017E018256268D207F9D466697A
:10C850009EB1B208D4E9027C21688FB1BCF1A70F68
:10C8600008D9246934B12EB1CDE90147009500F013
:10C8700059FE0590059807B0F0BD4FF40072E9E746
:10C88000BCF1000FF6D12469002CF3D10C4602E074
:10C8900018254FF4007205A9CDE9005192B2214646
:10C8A00000F078FE01281CBF00230593E2E708B5DD
:10C8B000EFF3058222B908B101F054F8002008BD59
:10C8C0006FF00500FBE737B50546EFF305845CB96B
:10C8D00000F0E6FE291A0029019008DD01A800F009
:10C8E000F7FF204603B030BD6FF00500FAE76FF0A8
:10C8F0000300F7E738B50546EFF305843CB948B1C6
:10C9000000F04CFC284600F061FC204638BD6FF07A
:10C910000500FBE76FF00300F8E7F7B505460E46A4
:10C920001446EFF305871FB10025284603B0F0BD7C
:10C930000028F9D00029F7D0DAB1D2E9023283B168
:10C940004F2AF1D92269002AEED066694D43AE42E2
:10C95000EAD3009700F0A0F905460028E4D0246847
:10C9600011E0002AE0D12369002BDDD16369002B9F
:10C97000DAD128460022314600F0DCF905460028CD
:10C98000D2D0002CEBD12146284600F0F5FBCCE7B5
:10C9900073B51C46EFF30586DEB138B331B32BBB5C
:10C9A00001AA019300F09FFA012803D06FF0020062
:10C9B00002B070BD019B0BB90020F9E74FF0E023F6
:10C9C0004FF08052C3F8042DBFF34F8FBFF36F8F2A
:10C9D000F2E758B151B13346224600F0D2F90128AE
:10C9E000EAD0002CE2D06FF00100E1E76FF0030025
:10C9F000DEE737B51C46EFF30583DBB130B329B36F
:10CA000024BB01AA019400F06AFB012803D06FF057
:10CA1000020003B030BD019B0BB90020F9E74FF0D5
:10CA2000E0234FF08052C3F8042DBFF34F8FBFF3C4
:10CA30006F8FF2E750B149B1224600F0B1FA0128F8
:10CA4000EBD0002CE3D06FF00100E2E76FF00300C1
:10CA5000DFE7FFF74FBF0000034B0360034B0B60A2
:10CA60004FF400731360704748530020484B002078
:10CA7000034B0360034B0B604FF4806313607047FC
:10CA8000A04A0020A03A002000F108034FF0FF3236
:10CA9000C0E9022343600361002303607047002361
:10CAA0000361704743684B609A688A60516099607F
:10CAB0000368086101330360704730B50C68631C7C
:10CAC0000AD103695A684A6091608B6059600368B3
:10CAD00008610133036030BD00F10802134652685B
:10CAE0001568A542FAD9EDE7D0E9011203698A6019
:10CAF00051605968814208BF5A60002202611A6879
:10CB0000013A1A601868704710B5044601F012FB2C
:10CB1000A46B01F02FFBB4FA84F0400910BD70B58E
:10CB20001646026C856B044642B906689EB9806859
:10CB300001F076F8A6600135A56370BD6EB9406856
:10CB400001F060FE6368226C1344A2686360934244
:10CB500024BF236863600020EDE7C06801F052FE47
:10CB6000226CE36851429B1A2268E36093423EBF05
:10CB7000A3685B18E360022EEDD10DB1013DEAE739
:10CB80002846D8E7034610B41A6C084662B1DC6840
:10CB9000A1189C68D960A14228BF19685DF8044BB0
:10CBA00028BFD96001F02EBE5DF8044B704770B508
:10CBB000044601F0BFFA94F8455004F124066DB222
:10CBC000002D01DD636AB3B9FF2384F8453001F01D
:10CBD000D1FA01F0AFFA94F8445004F110066DB2A6
:10CBE000002D01DD23697BB9FF2384F84430BDE8C3
:10CBF000704001F0BFBA304600F064FF08B100F0A9
:10CC0000E9FF013D6DB2DBE7304600F05BFF08B1A4
:10CC100000F0E0FF013D6DB2E2E738B50D46044695
:10CC200040B94FF0500383F31188BFF36F8FBFF308
:10CC30004F8FFEE701F07EFAD4E90F31226862607F
:10CC40004B43D0185B1A1A44A060FF230020A06356
:10CC5000E26084F8443084F84530A5B9236973B1A3
:10CC600004F1100000F02EFF48B14FF0E0234FF028
:10CC70008052C3F8042DBFF34F8FBFF36F8F01F0C5
:10CC800079FA012038BD04F11000FFF7FDFE04F130
:10CC90002400FFF7F9FEF2E737B50D461C4640B910
:10CCA0004FF0500383F31188BFF36F8FBFF34F8FA3
:10CCB000FEE743B94FF0500383F31188BFF36F8F42
:10CCC000BFF34F8FFEE74AB191B94FF0500383F3A2
:10CCD0001188BFF36F8FBFF34F8FFEE741B14FF065
:10CCE000500383F31188BFF36F8FBFF34F8FFEE7BD
:10CCF00050230193019B502B08D04FF0500383F336
:10CD00001188BFF36F8FBFF34F8FFEE70121002D16
:10CD100008BF2246C4E90F0584F846102260204669
:10CD2000019BFFF77AFF9DF8183084F84C302046BD
:10CD300003B030BDF8B50D461746064640B94FF072
:10CD4000500383F31188BFF36F8FBFF34F8FFEE75C
:10CD50004843503001F056FB044670B1002380F880
:10CD6000463065B100F15003C4E90F65236001212D
:10CD70002046FFF752FF84F84C702046F8BD03466A
:10CD8000F2E72DE9FF410F4601921E46044640B9E5
:10CD90004FF0500383F31188BFF36F8FBFF34F8FB2
:10CDA000FEE751B9036C43B14FF0500383F3118890
:10CDB000BFF36F8FBFF34F8FFEE7022E0BD1E36BF4
:10CDC000012B08D04FF0500383F31188BFF36F8F0E
:10CDD000BFF34F8FFEE700F013FF054650B9019BEC
:10CDE0004BB14FF0500383F31188BFF36F8FBFF344
:10CDF0004F8FFEE700254FF0000839E0022E3DD0AE
:10CE0000019B1BB901F0B6F9002050E015B902A84A
:10CE100000F098FE01F0AEF900F03AFC01F08AF95A
:10CE200094F84430FF2B08BF84F8448094F84530D0
:10CE3000FF2B08BF84F8458001F09CF901A902A8E6
:10CE400000F08CFE002848D101F074F9A26BE36B6E
:10CE50009A422FD101F08EF9019904F1100000F0EF
:10CE6000F9FD2046FFF7A3FE00F0BEFC50B30125FC
:10CE700001F060F9A26BE36B9A42BFD232463946A9
:10CE80002046FFF74CFE636A1BB104F1240000F05A
:10CE900019FE48B14FF0E0234FF08052C3F8042D43
:10CEA000BFF34F8FBFF36F8F01F064F9012004B01F
:10CEB000BDE8F08101F05EF92046FFF778FE00F052
:10CEC00093FCD4E74FF0E0234FF08052C3F8042DD9
:10CED000BFF34F8FBFF36F8FC9E72046FFF767FEA1
:10CEE00000F082FC90E72DE9F843894617461E467C
:10CEF000044640B94FF0500383F31188BFF36F8F9E
:10CF0000BFF34F8FFEE751B9036C43B14FF05003AD
:10CF100083F31188BFF36F8FBFF34F8FFEE7022EAD
:10CF20000BD1E36B012B08D04FF0500383F3118832
:10CF3000BFF36F8FBFF34F8FFEE701F00FFAEFF3F0
:10CF400011884FF0500383F31188BFF36F8FBFF345
:10CF50004F8FA26BE36B9A4201D3022E1ED194F83D
:10CF60004550A36B6DB2324649462046FFF7D7FDC8
:10CF70006B1C0ED1636A3BB104F1240000F0A2FDEA
:10CF800010B10FB101233B60012088F31188BDE887
:10CF9000F88301356DB284F84550F5E70020F4E7D9
:10CFA0002DE9FF410E460192044640B94FF050036F
:10CFB00083F31188BFF36F8FBFF34F8FFEE751B933
:10CFC000036C43B14FF0500383F31188BFF36F8FAD
:10CFD000BFF34F8FFEE700F013FE054650B9019BEB
:10CFE0004BB14FF0500383F31188BFF36F8FBFF342
:10CFF0004F8FFEE700254FF000083DE0019B1BB975
:10D0000001F0B8F8002056E015B902A800F09AFD2A
:10D0100001F0B0F800F03CFB01F08CF894F84430DB
:10D02000FF2B08BF84F8448094F84530FF2B08BFDD
:10D0300084F8458001F09EF801A902A800F08EFD59
:10D04000002841D12046FFF75FFDB8B3019904F1F4
:10D05000240000F0FFFC2046FFF7A9FD00F0C4FB10
:10D0600048B94FF0E0234FF08052C3F8042DBFF3CE
:10D070004F8FBFF36F8F012501F05CF8A76B002F76
:10D08000BCD031462046013FFFF77CFDA7632369F2
:10D0900073B104F1100000F015FD48B14FF0E0232A
:10D0A0004FF08052C3F8042DBFF34F8FBFF36F8F43
:10D0B00001F060F8012004B0BDE8F0812046FFF7E0
:10D0C00076FD00F091FBD6E72046FFF770FD00F0FB
:10D0D0008BFB2046FFF718FD0028CCD092E72DE906
:10D0E000F84389469046044640B94FF0500383F315
:10D0F0001188BFF36F8FBFF34F8FFEE751B9036CF9
:10D1000043B14FF0500383F31188BFF36F8FBFF328
:10D110004F8FFEE701F022F9EFF311874FF0500334
:10D1200083F31188BFF36F8FBFF34F8FA56B0DB3E0
:10D1300094F84460494676B22046FFF723FD013D4E
:10D14000731CA56311D1236953B104F1100000F0E1
:10D15000B9FC28B1B8F1000F02D00123C8F80030A3
:10D16000012087F31188BDE8F883013676B284F890
:10D170004460F5E72846F4E730B5074A002352F843
:10D18000335002EBC3041DB942F83310606030BD68
:10D190000133082BF3D1FAE7F453002010B5094A04
:10D1A000002352F8331081424FEAC30406D1064AE5
:10D1B000002142F833102244516010BD0133082B86
:10D1C000EFD1FAE7F8530020F453002010B540B92E
:10D1D0004FF0500383F31188BFF36F8FBFF34F8F6E
:10D1E000FEE7FFF7DBFF90F846301BB9BDE81040C3
:10D1F00001F0A2B910BD70B504460D46164600F008
:10D2000099FF94F84430FF2B04BF002384F8443086
:10D2100094F84530FF2B04BF002384F8453000F01C
:10D22000A9FFA36B2BB93246294604F1240000F074
:10D230002BFC2046BDE87040FFF7B9BC2DE9F0415A
:10D24000044600F077FF304B304E1A68304F013201
:10D250001A603568002D4BD134601B68012B1FD13B
:10D26000B84640460135FFF70FFC382D08F1140889
:10D27000F7D1DFF8C480274D4046FFF705FC28466C
:10D28000FFF702FC2448FFF7FFFB2448FFF7FCFBF5
:10D290002348FFF7F9FB234BC3F80080224B1D60A6
:10D2A000224A136801331360214A63641168E36AF8
:10D2B00014208B4200FB037004F1040188BF13604B
:10D2C000FFF7F0FB00F056FF1A4B1B6873B1336891
:10D2D000DA6AE36A9A4209D24FF0E0234FF08052B3
:10D2E000C3F8042DBFF34F8FBFF36F8FBDE8F081FC
:10D2F000104B1B68002BD3D13368DA6AE36A9A4279
:10D3000098BF3460CCE700BF585400202C5900204F
:10D31000CC540020A45400208854002074540020D1
:10D320005C540020A05400209C5400203C54002059
:10D33000505400204C540020B8540020F8B5154B30
:10D34000154D1C680646286804300F46FFF7CCFBD5
:10D35000731C07D137B129681048BDE8F840043183
:10D36000FFF7A0BB2B68A4195C6007D30C4B1868AF
:10D370002968BDE8F8400431FFF79FBB094B1868E6
:10D3800029680431FFF799FB074B1A68A24288BF4E
:10D390001C60F8BD545400202C5900205C5400201F
:10D3A0009C540020A054002038540020064A1368E2
:10D3B0001968064B19B94FF0FF321A6070471268AE
:10D3C000D268D2685268F8E7A05400203854002090
:10D3D00010B50446543001F083F994F8A5303BB9F8
:10D3E000206B01F0A9F82046BDE8104001F0A4B878
:10D3F000012BF8D0022B08D04FF0500383F3118893
:10D40000BFF36F8FBFF34F8FFEE710BD80B5134C96
:10D41000134F144D236873B9134B1B68012BF8D9B4
:10D420004FF0E0234FF08052C3F8042DBFF34F8F2D
:10D43000BFF36F8FEDE700F07DFEFB68DE68301D07
:10D44000FFF752FB2B68013B2B602368013B2360F5
:10D4500000F090FE3046FFF7BBFFDBE77054002082
:10D460007454002058540020CC5400202DE9F0477B
:10D47000DDE909949600324607460D46206BA5214A
:10D48000984601F025F9236B043E1E4426F007065A
:10D49000002D41D06B1E04F133020F3513F8011F2C
:10D4A00002F8011F09B1AB42F8D1002384F84330E0
:10D4B000089D372D28BF37254FF0000AE562E56447
:10D4C000201DC4F850A0FFF7EAFAC5F1380504F1B1
:10D4D0001800FFF7E4FAC4F8A0A04C2251462461DA
:10D4E000A561646284F8A4A004F1540001F0F0F88E
:10D4F0000B4BA36503F16802D033E2652366424615
:10D500003946304600F0EEFD2060B9F1000F01D041
:10D51000C9F80040BDE8F08784F83450C8E700BF80
:10D5200084EA012070B586B0DDE90B5445B94FF0AF
:10D53000500383F31188BFF36F8FBFF34F8FFEE764
:10D5400044B94FF0500383F31188BFF36F8FBFF3DB
:10D550004F8FFEE7A8260596059EA82E08D04FF00F
:10D56000500383F31188BFF36F8FBFF34F8FFEE734
:10D570002563022584F8A55004AD01950A9D029407
:10D580000095059EFFF772FF2046FFF757FE0498AF
:10D5900006B070BD2DE9F043074685B0900088467F
:10D5A0001646994600F02EFF054620B94FF0FF3091
:10D5B00005B0BDE8F083A82000F024FF044698B130
:10D5C000002380F8A5300D9B056301930C9B02900E
:10D5D000009332464B4641463846FFF747FF204608
:10D5E000FFF72CFE0120E3E7284600F0A5FFDDE76A
:10D5F00010B588B0002407AA06A905A8CDE90544FE
:10D60000FFF72AFA059B0293069B079A19491A48C5
:10D61000CDE900432346FFF785FF40B300F094FBBC
:10D62000012819D14FF0500383F31188BFF36F8F96
:10D63000BFF34F8F114B124A1B6854331360114BC9
:10D640004FF0FF321A60104B1860104B1C6008B08E
:10D65000BDE8104000F0FEBD013008D14FF050038E
:10D6600083F31188BFF36F8FBFF34F8FFEE708B0CE
:10D6700010BD00BF093B01080DD400082C59002043
:10D6800010000020385400204C5400205454002036
:10D69000024A136801331360704700BF34540020FE
:10D6A000014B1868704700BF5454002008B500F0C3
:10D6B00055FE014B186808BD545400203F4B1B68B1
:10D6C0002DE9F74F002B73D13D4B1C6801341C60D2
:10D6D000BCB93C4B1A68126842B14FF0500383F357
:10D6E0001188BFF36F8FBFF34F8FFEE7364A19687B
:10D6F000106818601160354A136801331360FFF732
:10D7000055FE334E334F3368DFF8D4809C424FF0E0
:10D7100000050AD3DFF8ACA0DFF8C8B0DAF80030B3
:10D720001B68A3B94FF0FF333360D8F80030DB6AD1
:10D7300014225343F858284B1B68012898BF002B2C
:10D7400014BF01200020284303B0BDE8F08FDAF8B1
:10D750000030DB68D3F80C90D9F80420944201D251
:10D760003260E2E709F1040318460193FFF7BCF9C0
:10D77000D9F828201AB109F11800FFF7B5F9D9F83E
:10D780002C00DBF800201423904288BFCBF8000067
:10D7900009F1040103FB0070FFF784F9D8F80010C9
:10D7A000D9F82C20CB6A9A4228BF45F00105B5E78D
:10D7B0000A4A1368013313600020C5E7345400207F
:10D7C00054540020A05400209C54002040540020B9
:10D7D00038540020CC5400204454002048540020E9
:10D7E0002C590020505400202DE9F041304C236882
:10D7F00043B94FF0500383F31188BFF36F8FBFF32A
:10D800004F8FFEE700F096FC2368013B23602468FD
:10D810002CB1002400F0AEFC2046BDE8F081254B81
:10D820001B68002BF5D0244D244EDFF8A0801DE0AE
:10D83000EB68DC68271D04F11800FFF755F938463E
:10D84000FFF752F9E36A32681420934200FB038029
:10D85000394688BF3360FFF725F9194BE26A1B6828
:10D86000DB6A9A4202D3174B01221A602B68002B05
:10D87000DED10CB1FFF79AFD134D2C6844B1114E67
:10D880000127FFF71BFF00B13760013CF9D12C6085
:10D890000C4B1B68002BBCD04FF0E0234FF08052A4
:10D8A000C3F8042DBFF34F8FBFF36F8F0124B1E78F
:10D8B0003454002058540020885400205054002034
:10D8C0002C5900204454002048540020CC540020FF
:10D8D00010B540B94FF0500383F31188BFF36F8F39
:10D8E000BFF34F8FFEE741B94FF0500383F3118828
:10D8F000BFF36F8FBFF34F8FFEE7184B1B6843B129
:10D900004FF0500383F31188BFF36F8FBFF34F8F36
:10D91000FEE7FFF7BDFE124B04681A6863182CBFC0
:10D920000121002194420FD979B90360FFF75CFF10
:10D9300048B94FF0E0234FF08052C3F8042DBFF3F5
:10D940004F8FBFF36F8F10BD09B99A42EDD20360BC
:10D950000021981AFFF7F2FCE8E700BF34540020DA
:10D960005454002008B550B94FF0E0234FF08052D6
:10D97000C3F8042DBFF34F8FBFF36F8F08BD0A4B61
:10D98000196841B14FF0500383F31188BFF36F8FD3
:10D99000BFF34F8FFEE7FFF77BFEFFF7CFFCFFF7EC
:10D9A00023FF0028E0D0E9E734540020F8B5234BEA
:10D9B0001A68234B12B101221A60F8BD214C1A607B
:10D9C00023681B6B1A68B2F1A53F0BD15A68B2F1FC
:10D9D000A53F07D19A68B2F1A53F03D1DB68B3F147
:10D9E000A53F04D0206821683431F3F74BFC164E74
:10D9F000164D3168142707FB01F3E818EA5882B185
:10DA000042680833526842602B449A4204BF52680D
:10DA10004260D3682360316023680D4A5433136039
:10DA2000CBE741B94FF0500383F31188BFF36F8FF9
:10DA3000BFF34F8FFEE70139DDE700BF345400200C
:10DA4000445400202C59002050540020CC54002075
:10DA50001000002010B50C4640B94FF0500383F37E
:10DA60001188BFF36F8FBFF34F8FFEE7054B196827
:10DA70001831FFF722F820460121BDE81040FFF7DA
:10DA80005DBC00BF2C59002038B50D46144640B986
:10DA90004FF0500383F31188BFF36F8FBFF34F8FA5
:10DAA000FEE7074B19681831FEF7FCFF002C2146F2
:10DAB0000CBF28464FF0FF30BDE83840FFF73EBCB2
:10DAC0002C59002038B5C368DC6844B94FF05003C6
:10DAD00083F31188BFF36F8FBFF34F8FFEE704F11D
:10DAE00018052846FFF700F8104B1B68DBB9251D09
:10DAF0002846FEF7F9FF0E4AE36A11688B4288BF99
:10DB000013600C4A1420294600FB0320FEF7CAFFCD
:10DB1000094BE26A1B68DB6A9A4283BF074B01200C
:10DB20001860002038BD06482946EFE7345400202D
:10DB300050540020CC5400202C5900204454002084
:10DB400088540020034B1B680360034B1B68436031
:10DB5000704700BF405400205454002070B50C465C
:10DB6000054640B94FF0500383F31188BFF36F8F20
:10DB7000BFF34F8FFEE741B94FF0500383F3118895
:10DB8000BFF36F8FBFF34F8FFEE700F0D3FA0F4B59
:10DB9000196823685A1C10D00D482E6800686A68FE
:10DBA000864201D08A420FD9881A83420AD95B1A69
:10DBB000134423602846FFF7C5FF002400F0DAFA7B
:10DBC000204670BD002323600124F7E75454002051
:10DBD00040540020014B01221A6070474454002039
:10DBE00008B9064B1868026B0020135CA52B02D005
:10DBF000C0F38F0070470130F7E700BF2C590020B9
:10DC0000054B1B6833B1054B1868B0FA80F040092A
:10DC100040007047012070474C54002034540020CD
:10DC200038B508B9002038BD1B4B1C68844208D0A9
:10DC30004FF0500383F31188BFF36F8FBFF34F8F03
:10DC4000FEE7236D43B94FF0500383F31188BFF310
:10DC50006F8FBFF34F8FFEE7E16AE26C013B9142A9
:10DC60002365DFD0002BDDD1251D2846FEF73CFFC4
:10DC7000E36CE362C3F13802A261084A11688B4287
:10DC800088BF1360064A142000FB03202946FEF7D4
:10DC900009FF0120C7E700BF2C5900205054002085
:10DCA000CC540020914208B5416000610AD8D21AD4
:10DCB00083699A420DD2084B011D1868FEF7FDFEDC
:10DCC000002008BD9A4201D2994202D2034B011DA5
:10DCD000F3E70120F5E700BF2C5A0020305A00205E
:10DCE000F7B5114C00F026FA2568BDB90F4F104E5C
:10DCF0003846FEF7C9FE3046FEF7C6FE0D4B0E4A0B
:10DD00001F600E4B10211E600A200D4B0095FEF780
:10DD1000C3FF206010B10B49FFF72EFA03B0BDE836
:10DD2000F04000F027BA00BF285A0020485A0020CF
:10DD3000345A0020305A0020805900202C5A0020EC
:10DD4000305900200E3B010810B588B0FFF7C8FF1E
:10DD5000124B1B68B3B1002407AA06A905A8CDE998
:10DD60000544FEF785FE059B0293069B0193022363
:10DD70000093079A0A490B482346FFF7D3FB0A4B47
:10DD8000186040B94FF0500383F31188BFF36F8FD1
:10DD9000BFF34F8FFEE7012008B010BD285A0020C6
:10DDA000133B010879DE0008245A00207FB5154690
:10DDB00004461A4640B94FF0500383F31188BFF36D
:10DDC0006F8FBFF34F8FFEE70D4E306888B1052986
:10DDD000CDE9001502940EDCFFF712FF0346022B7B
:10DDE0004FF0000330680CBF089A1A466946FEF7E8
:10DDF000C8FF04B070BD00236946FFF774F8F8E768
:10DE0000285A0020F7B51A4D2B681A682AB9194A02
:10DE100011682960136003B0F0BDDB68DC681E6820
:10DE2000271D3846FEF760FE236A2046984794F87F
:10DE300028305B07E8D5A36933449E4206D22868A0
:10DE4000636024613946FEF738FEDDE70023009366
:10DE5000324619462046FFF7A9FF0028D4D14FF0DB
:10DE6000500383F31188BFF36F8FBFF34F8FFEE72B
:10DE7000305A00202C5A00202DE9F043764F774E7F
:10DE800087B03B68D3F80080B8F1000F28D0DB687A
:10DE9000D3F800800024FFF7FBFBFFF701FC336899
:10DEA000984205461ED3306024B36D4B1B681C6836
:10DEB000B4FA84F464096B4B22461868A8EB050198
:10DEC000FFF799F9FFF790FC88B94FF0E0234FF086
:10DED0008052C3F8042DBFF34F8FBFF36F8F06E05E
:10DEE0000124D8E7FFF78EFF3560FFF77DFCDFF8F0
:10DEF000748138E08045DED8FFF776FC3B68DB684C
:10DF0000D3F80C9009F10400FEF7EEFD99F82830E3
:10DF1000580719D5D9F8181043462A4641444846AF
:10DF2000FFF7C0FEA0B10094234642462146484672
:10DF3000FFF73CFF60B94FF0500383F31188BFF344
:10DF40006F8FBFF34F8FFEE723F0010389F828306E
:10DF5000D9F8203048469847C9E7039B0599984768
:10DF6000029B002B0BDAD8F80000002202A9FFF771
:10DF700017F8002885D0029B0498002BEDDB049C49
:10DF8000636993B9FFF78CFB33689842054601D269
:10DF9000FFF738FF029B3560092BE4D8DFE803F078
:10DFA000090909333A530909333A201DFEF79CFD4C
:10DFB000E8E794F82830A16943F0010384F8283099
:10DFC000039B2A4619442046FFF76CFE0028CAD05E
:10DFD000236A2046984794F828305907C3D5A26988
:10DFE000039900230A44009319462046FFF7DEFEFA
:10DFF0000028B8D14FF0500383F31188BFF36F8F1F
:10E00000BFF34F8FFEE794F8283023F0010384F824
:10E010002830A8E794F828300399A16143F0010360
:10E0200084F8283041B94FF0500383F31188BFF3CF
:10E030006F8FBFF34F8FFEE72B462A4629442046B9
:10E04000FFF730FE8FE794F828309A07DDD420469A
:10E0500000F072FA87E700BF305A0020205A0020F3
:10E060002C5A0020285A002008480068006880F3D5
:10E0700008884FF0000080F3148862B661B6BFF3E1
:10E080004F8FBFF36F8F00DF00BF000008ED00E08F
:10E09000DFF80C00016841F4700101607047000076
:10E0A00088ED00E082B0002301930D4B1B68013323
:10E0B00008D04FF0500383F31188BFF36F8FBFF385
:10E0C0004F8FFEE74FF0500383F31188BFF36F8F3C
:10E0D000BFF34F8F019B002BFCD002B0704700BFF5
:10E0E0000C0000204FF0807340F8043C074B40F8D0
:10E0F0000C3C21F001016FF0020340F8081C40F8CD
:10E10000202C40F8243C4438704700BFA5E00008AC
:10E11000074B19680868B0E8F04F80F30988BFF32F
:10E120006F8F4FF0000080F311887047AFF30080CD
:10E130002C5900204FF0500383F31188BFF36F8FE9
:10E14000BFF34F8F0A4A13680133012B13600ED1BE
:10E150004FF0E023D3F8043DDBB243B14FF050035E
:10E1600083F31188BFF36F8FBFF34F8FFEE77047C4
:10E170000C000020084A136843B94FF0500383F3A2
:10E180001188BFF36F8FBFF34F8FFEE7013B136022
:10E190000BB983F3118870470C00002000000000C9
:10E1A000EFF30980BFF36F8F154B1A681EF0100F45
:10E1B00008BF20ED108A20E9F04F106009B44FF03D
:10E1C000500080F31188BFF34F8FBFF36F8FFFF7BD
:10E1D000EDFB4FF0000080F3118809BC1968086856
:10E1E000B0E8F04F1EF0100F08BFB0EC108A80F3BB
:10E1F0000988BFF36F8F7047AFF30080AFF30080E3
:10E200002C59002008B54FF0500383F31188BFF359
:10E210006F8FBFF34F8FFFF751FA28B14FF0E02314
:10E220004FF08052C3F8042D002383F3118808BDFA
:10E230004FF0E022002313619361054B4FF47A7194
:10E240001B68B3FBF1F3013B536107231361704774
:10E25000000000204FF0E02337B5D3F8001D394A05
:10E26000914208D14FF0500383F31188BFF36F8FB1
:10E27000BFF34F8FFEE7D3F8002D334B9A4208D1FE
:10E280004FF0500383F31188BFF36F8FBFF34F8FAD
:10E29000FEE72E4B1A78D2B20192FF221A701B7839
:10E2A0002B4ADBB28DF803309DF8033003F05003A6
:10E2B0001370284A072313609DF80300000603F13A
:10E2C000FF310AD4032B11D04FF0500383F3118890
:10E2D000BFF36F8FBFF34F8FFEE79DF803301160E0
:10E2E0005B00DBB28DF803300B46E5E74FF440737B
:10E2F0001360019B154A4FF0E024DBB21370D4F891
:10E30000203D43F47003C4F8203DD4F8203D43F091
:10E310007043C4F8203DFFF78BFF0F4B00251D60B5
:10E32000FFF7B6FED4F8343F43F04043C4F8343F1F
:10E33000FFF79AFEFFF73AFBFFF7B4FE284603B05B
:10E3400030BD00BF71C20F4170C20F4100E400E058
:10E35000605A00205C5A00200C000020EFF3058377
:10E360000F2B0ED9114A9B5C114A12789A4208D998
:10E370004FF0500383F31188BFF36F8FBFF34F8FBC
:10E38000FEE74FF0E0230B4AD3F80C3D126803F48C
:10E39000E063934208D94FF0500383F31188BFF331
:10E3A0006F8FBFF34F8FFEE7704700BFF0E300E0D1
:10E3B000605A00205C5A002010B5104B1A461B68AA
:10E3C0008342FBD354681119884201BF416810464B
:10E3D00009195160446801198B420CD10849096838
:10E3E0008B4203D059682144416019680160904212
:10E3F00018BF106010BD1946F8E700BF7C5A002016
:10E40000785A00202DE9F0410446FFF741F94349CD
:10E41000434D0B680BBB434A56071FBFD01D20F06E
:10E42000070002F5C832131A0CBF4FF4C833024676
:10E4300013443D4E083B23F0070300207060326018
:10E44000C3E90000981AC2E900300B60374B18602E
:10E45000374B18604FF000432B602F68274207D0DE
:10E46000FFF7C2F9F2F71CFF00263046BDE8F08145
:10E47000002CF5D004F1080360071CBF23F007034C
:10E480000833002BECD0DFF8A880D8F800509D426C
:10E49000E6D3254A14686068984201D22668B6B966
:10E4A0000968A142DCD0216816681160C21A102ADE
:10E4B00006F1080612D9E01841070BD04FF05003BF
:10E4C00083F31188BFF36F8FBFF34F8FFEE72246B0
:10E4D0003446E0E742606360FFF76EFF626813490D
:10E4E000AD1A1743134A0868676000232360136856
:10E4F000C8F80050854203F1010338BF0D60136076
:10E50000FFF772F97307B0D04FF0500383F311880F
:10E51000BFF36F8FBFF34F8FFEE700BF785A002025
:10E52000645A0020845A00207C5A0020705A00202F
:10E53000745A00206C5A002010B5044690B31A4A51
:10E5400050F8043C1268134208D14FF0500383F393
:10E550001188BFF36F8FBFF34F8FFEE750F8081C91
:10E5600041B14FF0500383F31188BFF36F8FBFF3B6
:10E570004F8FFEE723EA020340F8043CFFF788F8D8
:10E580000A4A54F8043C1168A4F108000B441360D3
:10E59000FFF712FF064A1368BDE81040013313600D
:10E5A000FFF722B910BD00BF645A0020745A002042
:10E5B000685A0020014B1868704700BF745A002049
:10E5C000014B1868704700BF705A00200CB430B57A
:10E5D000184B0C1E1D689DB008DA8B232B604FF082
:10E5E000FF301DB0BDE8304002B070474FF40273F9
:10E5F000ADF814304FF000031B9314BF04F1FF3348
:10E600002346049307934FF6FF7302900690ADF8EC
:10E610001630209A21AB02A92846019300F058FA3F
:10E62000431CBCBF8B232B60002CDAD0029B002242
:10E630001A70D6E71000002030B51446002C9BB0AD
:10E6400005461A4605DA8B2303604FF0FF301BB0F6
:10E6500030BD4FF40273ADF80C304FF00003199346
:10E6600014BF04F1FF332346029305934FF6FF7363
:10E6700000910491ADF80E3069461E9B00F028FA17
:10E68000431CBCBF8B232B60002CE0D0009B0022DE
:10E690001A70DCE707B5009313460A4601460348A3
:10E6A0000068FFF7C9FF03B000BD00BF10000020E5
:10E6B00010B501390244904201D1002005E00378F1
:10E6C00011F8014FA34201D0181B10BD0130F2E731
:10E6D00002440346934200D1704703F8011BF9E757
:10E6E0002D4B1B68834270B5044653D0C3691BB3DE
:10E6F000DB6863B10025E369DB685959B1B90435BA
:10E70000802DF8D1E3692046D96800F089F8E369E3
:10E71000196811B1204600F083F8E3699D685DB186
:10E72000294620462D6800F07BF8F8E70E68204661
:10E7300000F076F83146E1E7616911B1204600F05A
:10E740006FF8E16911B1204600F06AF8216B11B150
:10E75000204600F065F8616B11B1204600F060F8CA
:10E76000A16B11B1204600F05BF8A16C11B12046FD
:10E7700000F056F8616C11B1204600F051F8E16AE2
:10E7800011B1204600F04CF8236A1BB12046BDE8C9
:10E790007040184770BD00BF10000020014B186882
:10E7A000704700BF1000002070B50D4B0D4D5B1B76
:10E7B0009C100026A64209D101F038FE0A4D0B4BF1
:10E7C0005B1B9C100026A64205D170BD55F8043B8A
:10E7D00098470136EEE755F8043B98470136F2E7D3
:10E7E0003841010838410108384101083C4101081D
:10E7F00070477047034611F8012B03F8012B002ADC
:10E80000F9D170470A44914200F1FF3300D17047BB
:10E8100010B511F8014B03F8014F9142F9D110BD29
:10E8200038B50546002941D051F8043C0C1F002B97
:10E83000B8BFE41800F0E0F81D4A136833B963600C
:10E8400014602846BDE8384000F0DCB8A34208D97F
:10E85000206821188B4201BF19685B680918216084
:10E86000EDE71A465B680BB1A342FAD9116850185C
:10E87000A0420BD120680144501883421160E0D1BE
:10E8800018685B68536008441060DAE702D90C230B
:10E890002B60D6E7206821188B4204BF19685B689B
:10E8A000636004BF091821605460CAE738BD00BF27
:10E8B000C8EB012070B50F4E0C463168054611B902
:10E8C00000F0ACFB30602146284600F0A7FB431C5B
:10E8D00003D14FF0FF34204670BDC41C24F0030464
:10E8E000A042F8D0211A284600F098FB0130F2D15E
:10E8F000EFE700BFC4EB01202DE9F843CD1C25F064
:10E90000030508350C2D38BF0C25002D064601DB0C
:10E91000A94204D90C2333600020BDE8F883DFF856
:10E92000D48000F069F8D8F800301C4644BB294672
:10E930003046FFF7BFFF431C044658D1D8F80040CB
:10E940002746002F43D1002C4BD023683946304650
:10E9500004EB030900F062FB814542D121686D1A86
:10E9600029463046FFF7A6FF01303AD023682B44F2
:10E970002360D8F800305A6862BBC8F800700FE016
:10E980002268521B20D40B2A17D96119A342256093
:10E9900018BF5960636808BFC8F8001062514B6027
:10E9A000304600F02FF804F10B00231D20F0070083
:10E9B000C21A1CBF1B1AA350AFE76268A3420CBF68
:10E9C000C8F800205A60EBE723466468AEE73C468F
:10E9D0007F68B6E71A465B68A342FBD10023536009
:10E9E000DEE70C233360304600F00CF894E7056056
:10E9F000D6E700BFC8EB01200148FFF7F9BE00BF12
:10EA0000C0EB01200148FFF7F4BE00BFC0EB0120BE
:10EA10002DE9F0478E681F46BE4282460C4690465E
:10EA2000334653D8B1F90C0010F4906F2BD06569C0
:10EA30002368096905EB4505A3EB010905EBD575CD
:10EA40007B1C6D104B44AB422A4684BF1D462A46B0
:10EA5000430527D511465046FFF74EFF064658B3EB
:10EA600021694A46FFF7CEFEA38923F4906343F061
:10EA70008003A381266165614E44A5EB09052660EC
:10EA8000A5603E463B461F4620683A46414600F098
:10EA9000ABFAA3689B1BA36023683B442360002060
:10EAA000BDE8F087504600F0C9FA06460028E1D1DB
:10EAB00021695046FFF7B4FE0C23CAF80030A38941
:10EAC00043F04003A3814FF0FF30E9E73E46DBE728
:10EAD0002DE9F0471F468B891B069CB006460D4664
:10EAE000144610D50B6973B94021FFF705FF286064
:10EAF000286130B90C2333604FF0FF301CB0BDE803
:10EB0000F08740236B610023099320238DF829307F
:10EB100003973023654F8DF82A304FF001082346C4
:10EB2000994613F8012B0AB1252AF9D1B9EB040A49
:10EB30000BD05346224629463046FFF769FF013085
:10EB400000F0A480099A5244099299F80030002BF1
:10EB500000F09C8000234FF0FF32CDE9052309F13E
:10EB60000109049307938DF853301A934C464F488C
:10EB700014F8011B0522F1F733FB049BD0B9D8062A
:10EB800044BF20228DF85320190744BF2B228DF853
:10EB9000532099F800202A2A13D0079A4C460020C7
:10EBA0004FF00A0C214611F8013B303B092B49D9A3
:10EBB00068B913E0C01B08FA00F018430490A1469E
:10EBC000D4E7039A111D12680391002A01DB079212
:10EBD00004E0524243F002030792049323782E2B61
:10EBE0000AD163782A2B32D1039B1A1D1B6803922A
:10EBF00043EAE37302340593DFF8C09021780322DF
:10EC00004846F1F7EDFA38B1049BA0EB0900402229
:10EC1000824013430134049314F8011B24488DF8F7
:10EC200028100622F1F7DCFA002835D0214818BB5D
:10EC3000039B073323F0070308330393099B034423
:10EC400009936CE70CFB02320C460120AAE7002373
:10EC50000134059319464FF00A0C204610F8012B99
:10EC6000303A092A03D9002BC6D00591C4E70CFB22
:10EC7000012104460123F0E703AB00932A460E4B23
:10EC800004A93046AFF30080421CD7D1AB895B06A4
:10EC90003FF532AF099831E703AB00932A46064BA4
:10ECA00004A9304600F07AF8EEE700BF1B3B0108EC
:10ECB000253B01080000000011EA0008213B010883
:10ECC0002DE9F047164698468A680B69DDF82090D2
:10ECD0009342B8BF1346336091F8432007460C4671
:10ECE0000AB1013333602368990642BF33680233A7
:10ECF0003360256815F0060506D104F1190AE368AA
:10ED000032689B1AAB4226DC94F843302268003B01
:10ED100018BF012392062BD404F143024146384622
:10ED2000C84701301ED02368226903F00603042B74
:10ED300002BFE5683368ED1AA3680CBF25EAE575E4
:10ED400000259342C4BF9B1AED1800261A34B54221
:10ED50001AD1002008E00123524641463846C847F0
:10ED6000013003D14FF0FF30BDE8F0870135C6E731
:10ED7000E1185A1C302081F84300224494F84510D1
:10ED800082F843100233C7E7012322464146384642
:10ED9000C8470130E6D00136D9E700002DE9F0433D
:10EDA0000D7E85B0782D90460C9E07460C46994600
:10EDB00001F1430207D8622D0AD8002D00F0D78058
:10EDC000582D00F0BC8004F1420684F842503BE02C
:10EDD000A5F16303152BF6D801A151F823F000BF6C
:10EDE00039EE00084DEE0008C7ED0008C7ED000839
:10EDF000C7ED0008C7ED00084DEE0008C7ED00089C
:10EE0000C7ED0008C7ED0008C7ED000855EF000882
:10EE100077EE000807EF0008C7ED0008C7ED00080F
:10EE200077EF0008C7ED000877EE0008C7ED00088F
:10EE3000C7ED00080FEF000833681A1D1B68326029
:10EE400004F1420684F842300123A1E033682068CF
:10EE5000191D3160060601D51D6803E04506FBD586
:10EE6000B3F90050002D03DA2D236D4284F84330AE
:10EE70005B480A2311E021683368080653F8045BF5
:10EE800002D4490648BFADB23360237E54486F2B8D
:10EE90005CD10823002184F843106668A660002E28
:10EEA00005DB21682E4321F00401216050D0164675
:10EEB000B5FBF3F103FB115C10F80CC006F801CDB3
:10EEC000AC4663450D46F3D9082B0BD12368DB070D
:10EED00008D5236961689942DEBF302306F8013CFA
:10EEE00006F1FF36921B2261CDF80090434603AA3B
:10EEF00021463846FFF7E4FE01304ED14FF0FF3097
:10EF000005B0BDE8F083236843F020032360354853
:10EF1000782584F845502368316813F0800F51F844
:10EF2000045B03D113F0400F18BFADB23160D907B5
:10EF300044BF43F0200323601DB11023AAE72848F3
:10EF4000E7E7236823F020032360F6E70A23A1E71D
:10EF50001646B9E7336825686169181D30602E06CA
:10EF60001B6801D5196002E06806FBD519800023F3
:10EF700023611646B8E733681A1D32601E6862685E
:10EF800000213046F1F72CF908B1801B60606368FE
:10EF90002361002384F84330A6E7236932464146C3
:10EFA0003846C8470130A9D023689B0713D4E068CE
:10EFB000039B9842B8BF1846A2E701233246414658
:10EFC0003846C847013099D00135E36803995B1A88
:10EFD000AB42F2DCEBE7002504F11906F5E700BFD0
:10EFE0002C3B01083D3B0108884210B501EB0204AF
:10EFF00002D98442234607D8431EA14207D011F804
:10F00000012B03F8012FF8E70244824200D110BD22
:10F0100013F8011D02F8011DF7E7000038B5064D91
:10F020000023044608462B60F9F72EFF431C02D14B
:10F030002B6803B1236038BDBCEB01202DE9F04102
:10F04000074614460D4621B9BDE8F0411146FFF7C9
:10F0500053BC2AB9FFF7E4FB25462846BDE8F081FA
:10F0600000F01AF88442064602D8B4EB500FF4D8E8
:10F0700021463846FFF740FC804608B94546ECE794
:10F08000B4422246294628BF3246FFF7BBFB294639
:10F090003846FFF7C5FBF1E751F8043C181F002B79
:10F0A000BCBF0B58C018704738B52DED028B55EC1E
:10F0B000104B00F0F7F822462B4620462946B0EECA
:10F0C000408AF0EE608AF1F731FD30B9002200236A
:10F0D00020462946F1F702FD30B9B0EE480AF0EEBD
:10F0E000680ABDEC028B38BDFFF758FB00220023F5
:10F0F0002121016010461946F1F7A8FB41EC180BDD
:10F10000B0EE480AF0EE680ABDEC028B38BD00BFD5
:10F1100000F0D8BA08B52DED028BB0EE408A00F0B1
:10F12000B9F9B4EE488AF1EE10FA06D6DFED098A95
:10F13000B4EEE88AF1EE10FA02D4BDEC028B08BD01
:10F14000FFF72CFB88EEA80ABDEC028B212303609D
:10F1500008BD00BF0000000010EE103A184923F06F
:10F1600000428A4219D9B2F1FF4F02D330EE400A71
:10F17000704700B583B0684600F04AFB00F003001A
:10F1800001289DED000ADDED010A0FD0022808D00C
:10F1900088B900F0CDF903B000BDDFED0A0A00F038
:10F1A000C7B900F0C5F9B1EE400AF4E700F042FA41
:10F1B000B1EE400AEFE7012000F03CFAEBE700BFB8
:10F1C000D80F493F0000000010EE103A194923F013
:10F1D00000428A421AD9B2F1FF4F02D330EE400A00
:10F1E000704700B583B0684600F012FB00F00300E2
:10F1F00001289DED000ADDED010A12D002280AD097
:10F2000090B9012000F016FA03B000BDDFED0A0A44
:10F21000002000F00FBA012000F00CFAB1EE400A15
:10F22000F2E700F085F9EFE700F082F9B1EE400A6D
:10F23000EAE700BFD80F493F0000000010EE101AA7
:10F24000C1F3C7520029A2F17F0CACBF01204FF0DF
:10F25000FF30BCF11E0F0FDCBCF1000F1DDBC1F352
:10F260001603BCF1160F43F400030ADD963A03FAC5
:10F2700002F202FB00F07047FDEEC07A17EE900A32
:10F2800070474FF4800242FA0CF21A44CCF1170C8A
:10F2900022FA0CF202FB00F07047BCF1FF3F18BFEE
:10F2A000002070472DE9F84F774955EC104BA943E2
:10F2B00000F0AE80002D2A46234655DD2C1562D085
:10F2C000C2F31302E107A4F2FF3742F4801203D421
:10F2D000520002EBD3725B005200002602EBD372A5
:10F2E0007F105B001624B4464FF400110CEB0100B4
:10F2F00090424FEAD3754FEA430303DC00EB010C65
:10F30000121A0E44013C05EB42024FEA5101EDD1C5
:10F31000A04620254FF000400AE043D0510001EB09
:10F32000D371013D0A464FEA43034FEA500045D0EE
:10F33000624500EB080EF0DDBEF1000F0EEB000899
:10F340000CDBE146A2EB0C019E4588BF01F1FF31C9
:10F350004900CC46A3EB0E030444E0E7B8F1000FEC
:10F36000EFDB0CF10109EDE725F00041214346D028
:10F37000002D74D1D90A153A5B050029FAD0CE02C6
:10F3800014467DD40A4600215200D502084601F1F8
:10F390000101F9D5C1F1200523FA05F52A438B4077
:10F3A000241A8DE79E4502D94FEA4C01B7E7BEF11A
:10F3B000000F0EEB000824DB0021CBE7194312D02D
:10F3C000DFF8C8A0DFF8C8B0DAE90001DBE9002304
:10F3D000F0F75AFFDAE9008902460B4640464946F3
:10F3E000F1F786FB10BB6508711001F17F5101F543
:10F3F000001101EB075345EAC67243EC102BBDE840
:10F40000F88FB8F1000FD7DB0CF1010C0021A1E758
:10F4100022462B4620462946F1F7EEF822462B4697
:10F42000F0F734FF41EC100BBDE8F88FB4F1FF3F6B
:10F43000DAE90001DBE900231ED0F0F727FFDAE963
:10F44000008902460B4640464946F1F747FBA8B102
:10F45000A31C04F1020508BF01366D08C4E722466B
:10F460002B4620462946F0F70FFF02460B46F1F7E0
:10F47000EDF941EC100BC2E70136B5E70134B2E714
:10F480004FF0FF300A468BE70000F07F203D010877
:10F49000183D0108B1EEC00A704700BF10EE102AF7
:10F4A000C2F3C7537F3B162B22F000411BDC002B1D
:10F4B00010461EDB1A4919410A4223D0DFED197AA2
:10F4C00070EE277AF5EEC07AF1EE10FA1ADD002A16
:10F4D00004DD4FF4000242FA03F3184420EA01036A
:10F4E00000EE103A7047B1F1FF4F0BD330EE000A37
:10F4F0007047DFED0C7A70EE277AF5EEC07AF1EE08
:10F5000010FA00DC7047002A06DB11B1B7EE000AE2
:10F51000F8E79FED050A70479FED040A704700BFAA
:10F52000FFFF7F00CAF24971000000000000008068
:10F5300010EE103A23F00043B3F1485F2CD2FDEEF9
:10F54000C07A17EE903A002B60D060EE007A9FED03
:10F55000317A9FED315ADFED315A9FED316ADFED9F
:10F56000316AA7EE875A9FED307AE7EE855AA7EE0B
:10F57000A56AA7EE867AE7EE876A67EEA66A60EE6E
:10F58000C00AB6EE007AE7EEA60AB7EE000AD7EE9A
:10F59000870A30EE600A704760EE007A9FED1D7AB0
:10F5A0009FED1D5ADFED1D5A9FED1D6ADFED1D6AAF
:10F5B0001E4AA7EE875A93429FED1B7AE5EE275A23
:10F5C000A5EEA76AA6EE277AE7EE276A66EEA76A97
:10F5D000D5D9174A934214D803F17F4307EE103A66
:10F5E000B7EE006A36EE476A60EEC00AF6EE005AE1
:10F5F00097EEA57AE7EEA60A37EE607A36EE470A6E
:10F600007047B6EE076AB5EE027AEDE7B7EE000A8C
:10F61000704700BF4ED747ADF6740F317CF293B4FC
:10F62000010DD037ABAA2A3D610BB6BA9999993E24
:10F630000000483F10EE103A23F00043B3F1485F5A
:10F6400004D2FDEEC07A17EE903A5BB360EE007A1A
:10F650009FED157ADFED155A9FED156ADFED156AFE
:10F66000E7EE875A9FED147AA5EEA76A20EE275A97
:10F67000E6EE276AA6EEA77A30B9DFED106AE7EE6C
:10F68000876AA6EE850A704727EE457AF6EE006A8D
:10F69000A0EEA67ADFED0A6AD7EE270AE5EE260A83
:10F6A00030EE600A704700BFD3C92E2F342FD7B277
:10F6B0001BEF3836010D50B98988083CABAA2ABE29
:10F6C000ABAA2A3E10B582B0CDED010A019B23F012
:10F6D0000042B2F1FF4FF0EE407A30D810EE100A3F
:10F6E00020F00041B1F1FF4F29D8B3F17E5F3ED049
:10F6F0009C1704F0020444EAD07431B37AB3B2F137
:10F70000FF4F3FD0B1F1FF4F29D0891AB1F1F45F1B
:10F710004FEAE15233DA002B41DA3C323FDA9FED17
:10F72000330A012C4DD0022C42D064B19FED307AC7
:10F73000DFED307A30EE070A30EE670A03E09DED28
:10F74000017A37EE270A02B010BD022C0CD09FEDD3
:10F750002A7A032C08BFB0EE470A02B010BD002879
:10F760000ADB9FED260AEEE79FED220AEBE702B0E7
:10F77000BDE8104000F082B99FED210AE3E79FED5C
:10F780001F0ACEE7B1F1FF4F04F1FF3420D0022C65
:10F7900026D81C4B03EB840393ED000AD3E79DEDC1
:10F7A000017A87EE870A00F03BFA00F067F9B8E7C4
:10F7B0009FED0F7ADFED0F7A30EE070A37EEC00AC1
:10F7C000C1E710EE103A03F1004300EE103ABAE739
:10F7D000022C08D80C4B03EB840393ED000AB2E72C
:10F7E0009FED020AAFE79FED090AACE700000000B9
:10F7F0002EBDBB33DB0F4940DB0F49C0DB0FC93FD8
:10F80000DB0FC9BF283D0108343D0108DB0F493F2C
:10F8100070B510EE103A8B4A23F00044944286B043
:10F82000054671D9884A94421E4624D823F00042E6
:10F83000002BDFED867A864922F00F02B0EE407A87
:10F8400040F3E6808A4270EE677A09BF9FED817AC5
:10F85000DFED816ADFED816A77EEC77A37EEE67A0F
:10F8600077EEC77A80ED007A77EEE67AC0ED017A1E
:10F87000012006B070BD7A4A944253D9B4F1FF4FCB
:10F8800049D2E215863AA4EBC25307EE903ABDEE98
:10F89000E77ADFED746AB8EEC77A77EEC77A8DED56
:10F8A000037A67EEA67ABDEEE77AB8EEC77A77EE0E
:10F8B000C77A8DED047A67EEA67AF5EE407AF1EE1E
:10F8C00010FACDED057A40F08E80B5EE407AF1EE7B
:10F8D00010FA40F08A8001236349019102210091CE
:10F8E00003A8294600F0A4F9002EC2DA95ED007AAB
:10F8F000D5ED017AB1EE477AF1EE677A85ED007ABF
:10F90000C5ED017A4042B4E7002285ED000A42606D
:10F91000002006B070BD70EE407AC0ED017AC0EDF7
:10F92000007AF5E700F07CF99FED507A9FED476A89
:10F93000F6EE007AE0EE077A9FED477AFDEEE77A81
:10F94000F8EEE76A17EE900AA6EEC60A1F2866EEE2
:10F95000877AB1EE666A30EE677A1EDC444A411E51
:10F9600026F0004352F8212023F0FF03934214D0E5
:10F9700085ED007A30EE470A002E30EE670A85EDFD
:10F98000010ABFF676AFB1EE477AB1EE400A85EDD7
:10F99000007A85ED010A40426BE717EE103AC3F397
:10F9A000C753C3EBD453082B4FEAE452E0DD9FED7D
:10F9B000297A9FED2A5AF0EE405AE6EE075A70EE89
:10F9C000657AE6EE077AD6EE857A35EEE77A17EEB7
:10F9D000103AC3F3C753D21A192A08DCB0EE650AED
:10F9E00085ED007AC6E7032376E7022374E79FEDEF
:10F9F000217A9FED215AB0EE650AA6EE070A75EE50
:10FA0000C07AE6EE077AD6EE857A30EE677AAFE70F
:10FA10008A4270EE277A09BF9FED0E7ADFED0E6AFB
:10FA2000DFED0E6A77EE877A37EEA67A77EEC77A41
:10FA300080ED007A77EEA67AC0ED017A4FF0FF30C4
:10FA400017E700BFD80F493FE3CB1640800FC93FEF
:10FA5000D00FC93F004435374344353708A3852EBE
:10FA6000800F494300008043C03D010884F9223FD4
:10FA7000403D010800A3852E32318D2438B510EEAB
:10FA8000105A25F00044B4F1A14FF0EE407A07D3AC
:10FA9000B4F1FF4F55D8002D77DD9FED4E0A38BDEC
:10FAA0004D4B9C425CD8B4F1445F4DD34FF0FF33D3
:10FAB00027EEA76A9FED495A9FED497ADFED495A33
:10FAC000DFED494A66EE066A5A1CA6EE857AE6EE36
:10FAD000A54A9FED465ADFED465AA7EE265AE4EEB8
:10FAE000A65A9FED447ADFED444AA5EE267AE5EE6C
:10FAF000A64A9FED425ADFED425AA7EE265A9FEDE5
:10FB0000417AA4EEA67AE5EE265A27EE267AA5EEED
:10FB1000867A27EE877A3BD03B493C4A01EB83014A
:10FB2000D1ED006A37EE667A02EB8303D3ED006A0B
:10FB300037EE677A002D36EEC70AB0DAB1EE400A2A
:10FB400038BD30EE000A38BD9FED317A30EE077ACD
:10FB5000F7EE006AB4EEE67AF1EE10FAA6DD38BDF3
:10FB600000F05EF82B4B9C4215D8A3F5D0039C42C5
:10FB700026D8F0EE007ABFEE007AA0EE277A0023B6
:10FB800030EE270AC7EE007A92E79FED230A38BDD0
:10FB900037EEC70A38BD214B9C420BD8F7EE087AE6
:10FBA000B7EE007AA0EE277A022330EE670AC0EEA5
:10FBB000077A7DE7BFEE007AC7EE007A032377E786
:10FBC000F7EE007A30EE677A30EE270A0123C7EEAF
:10FBD000007A6DE7DB0FC93FFFFFDF3ED769853C49
:10FBE00059DA4B3D21A215BD6BF16EBD356B883DD9
:10FBF00095879DBD6E2EBA3D388EE3BD2549123ED8
:10FC0000ABAAAA3ECDCC4CBED8400108E8400108C2
:10FC1000CAF24971FFFF973FDB0FC9BFFFFF1B40CF
:10FC200010EE103A23F0004300EE103A704700BF88
:10FC30002DE9F04F2DED048BDBB01C469446039369
:10FC40000A46BA4B68991CF1040F53F8217082469A
:10FC500004F1FF39C0F25682BCF1030348BF0CF136
:10FC60000403DB10029301334FEAC30EACEB0E0327
:10FC70000593029B17EB0900A3EB090316D401308F
:10FC80009FEDAB7A699C18441EA9002BA4BF54F8C1
:10FC9000235007EE905A03F10103ACBFF8EEE77A68
:10FCA000F0EE477A8342E1EC017AEED1002FC0F208
:10FCB000E28203991EA800EB81004FEA81087E18BA
:10FCC000002346AD4C460AEB8101B9F1000F80F2EA
:10FCD000C8800134B44245F8043B00F10400F4D17B
:10FCE0000DF1280B0BEB8703CDE9062E043B9FEDAE
:10FCF000929ADFED908A059804930AEB080446AEC9
:10FD00000BEB87080097CDF820C00DEB8703002F81
:10FD100093ED460A4FEA870515DD73195A4660EEE2
:10FD2000097AB0EE407AFDEEE77A73ED016AF8EEFB
:10FD3000E77AB342A7EEE87A37EEA60ABDEEC77AB5
:10FD4000A2EC017AEBD1019000F0B8FAF4EE007A5F
:10FD5000B0EE408A20EE270A00F01EFBF2EE007A99
:10FD6000A0EE678A01980028FDEEC89AF8EEE97ABD
:10FD700038EE678A40F38280791EC0F108035BF891
:10FD800021E04EFA03FC0CFA03F3AEEB030EC0F1D4
:10FD9000070219EE903A4EFA02F26344002A09EE85
:10FDA000903A4BF821E000F3AF80B5EE408AF1EED7
:10FDB00010FA74D1009B9F420ADD5D44002355F880
:10FDC000041D454543EA0103F9D1002B40F00281AF
:10FDD000009B013B5BF823207B1C9C46002A40F0E3
:10FDE000F780049A012152F8045D0131002DFAD008
:10FDF0003944029D039A05EB030E0EF1804E699D76
:10FE00000EF1FF3E3A4405EB8E0E1EAD06EB830766
:10FE100005EB8205DEED017AF8EEE77AB9F1000F25
:10FE20000EF1040EE5EC017ADFED417A09DB2A469A
:10FE30005346F3EC016A32ED017AA342E6EE877A8B
:10FE4000F7D10CF1010C8C45E7EC017AE2DD0F46AD
:10FE50005BE70134B442E5EC017A00F104003FF4C1
:10FE60003FAFDFED337A83465346F3EC016A3BED57
:10FE7000017A8B42E6EE877AF7D1EAE700F09180CB
:10FE8000F6EE007AB4EEE78AF1EE10FA80F22981FC
:10FE9000B5EE408AF1EE10FA4FF000028AD0924699
:10FEA000DDE9062EDDF820C00197AEEB0C00B0EEC8
:10FEB000480A009F009200F001FADFED1E6AB4EEDE
:10FEC000E60AF1EE10FADDE90023F0EE407AC0F226
:10FED0009C819FED197A059920EE077A0831BDEED5
:10FEE000C77A0591B8EEC77A5C1CE7EE667ABDEE7C
:10FEF000C77AFDEEE77A17EE901A4BF8231017EE4B
:10FF0000103A4BF824307EE00133002F09EE903A8E
:10FF100040F39D8159464FF0000E51F8043B002BF1
:10FF200039D0C3F5807341F8043C0CE0244101084A
:10FF300000000000000080430000803B0B68C3F11C
:10FF4000FF0341F8043B0EF1010E7745F6DC012377
:10FF50009E4600280BDD012800F0BB80022806D158
:10FF6000791E5BF8213003F03F0C4BF821C0022AC8
:10FF70007FF41BAFB7EE000A734630EE488A002BC1
:10FF80003FF413AF0992019000F098F90198099A93
:10FF900038EE408A09E70EF1010E7745BDDC9E463A
:10FFA000D7E77B1E5BF82320D211002A7FF7FDAE36
:10FFB00019EE903A002F03F1010309EE903AA9DC03
:10FFC000022A7FF4F2AEF7EE007A37EEC88AECE64A
:10FFD00019460EE73B469246DDE905125C1EA1F18B
:10FFE00008005BF82410009F059061B903F180437D
:10FFF000013B0BEB8303014653F8040D013C083928
:020000040801F1
:100000000028F9D0059105980092B7EE000A00F09B
:1000100055F9002C009AB0EE407AC0F22281601CA3
:1000200046AD5FED3B6A81000BEB800305EB800082
:1000300073ED017AF8EEE77A5B4567EE877A27EE93
:10004000267A60ED017AF3D10DF1C8080E1F2E4417
:10005000C646A4460025002F7DDBDFF85C92DFED6D
:10006000957A3046002307E0F9EC016AB0EC017A9A
:100070009F42E6EE877A03DB9D4203F10103F3DA48
:100080000CF1FF3CBCF1FF3FEEEC017A05F10105FC
:10009000A6F10406E1D1689B022B6ADC002B36DC5A
:1000A0000ED1DFED847A414431ED017A884577EE57
:1000B000877AF9D15346002B40F0C680C2ED007A12
:1000C00019EE903A03F007005BB0BDEC048BBDE87D
:1000D000F08F791E5BF8213003F07F0C4BF821C0C4
:1000E00045E719EE903A002F03F1010309EE903A2B
:1000F000C8BF02223FF70EAFF7EE007A37EEC88A8C
:10010000022252E600234FF0080E0293AEE5DDED29
:10011000327A9FED687A414471ED016A884537EE85
:10012000267AF9D15346002B40F0848077EEC77AC7
:1001300082ED007A64B133A90123B1EC017A013375
:100140009C4277EE877AF8DA53460BB1F1EE677A84
:10015000C2ED017AB4E70CF1FF3C0023BCF1FF3F94
:100160004EF8043B05F10105A6F104067FF473AFD8
:1001700091E7689B032BA3D1002C00F08C8008EB47
:10018000840595ED007AA0002B46294671ED017A91
:10019000F0EE476A37EE277A884577EEC77A81ED29
:1001A000007A77EEA67AC1ED017AEFD1012C72D0F8
:1001B00095ED007A08F1040173ED017AF0EE476ADB
:1001C00037EE277A994277EEC77A83ED007A77EE99
:1001D000A67AC3ED017AEFD1031DDFED367A4344F1
:1001E00008F1080833ED017A984577EE877AF9D15E
:1001F0005346DDED326A9DED337A73B9C2ED006A84
:1002000082ED017AC2ED027A5AE7FDEEC07A1C4611
:1002100017EE901A4BF82310F5E6F1EE666AB1EE90
:10022000477AF1EE677AC2ED006A82ED017AC2ED9B
:10023000027A45E7F1EE476A77EEC77AC2ED006AC7
:10024000002C7FF478AF81E7F1EE677A36E701287A
:1002500015D002287FF4B4AE0EF03F034BF82130E6
:10026000AEE6689B022B12DC002B17DC7FF428AF74
:10027000DFED107A1EE7039B4FEA830830E50EF0AE
:100280007F03022A4BF821307FF48FAD9BE6689BF9
:10029000032B7FF415AFDFED077AA9E75346DDEDB9
:1002A000327A1BB14FF0004313604FE70023136015
:1002B0004EE700BF00000000F840010810EE103AC1
:1002C00033F000411A4625D0B1F1FF4F1FD213F091
:1002D000FF4F20D1DFED297A294A60EE277A90423C
:1002E00017EE903A31DB4CF2503CC3F3C7516045F6
:1002F0001A46A1F1190114DD002BDFED227A9FEDE2
:10030000210AB8BFDFED207A27EE800A704730EE71
:10031000000A704770474CF2503C60454FEAD1519B
:10032000EADC0144FE29E7DC002915DC11F1160F97
:1003300019DB193122F0FF4242EAC15207EE902A3E
:100340009FED120A27EE800A7047DFED117A07EE63
:10035000103A27EE270A704722F0FF4242EAC153C3
:1003600000EE103A7047002BDFED097A9FED080A86
:10037000B8BFDFED087A27EE800A70470000004C16
:10038000B03CFFFFCAF24971CAF249F100000033E4
:100390006042A20D6042A28D10EE102AC2F3C75334
:1003A0007F3B162B22F000411BDC002B10461EDB8E
:1003B0001A4919410A4223D0DFED197A70EE277AE3
:1003C000F5EEC07AF1EE10FA1ADD002A04DA4FF4E5
:1003D000000242FA03F3184420EA010300EE103A47
:1003E0007047B1F1FF4F0BD330EE000A7047DFEDDD
:1003F0000C7A70EE277AF5EEC07AF1EE10FA00DC96
:100400007047002A02DB9FED070A704711B99FED84
:10041000060A7047BFEE000AF2E700BFFFFF7F0049
:10042000CAF249710000000000000080F8B500BF6A
:10043000F8BC08BC9E467047F8B500BFF8BC08BCC5
:040440009E4670471D
:100448000000000500000000AD550A19BB1B00089C
:10045800191B0008251B0008000000005D1B000890
:10046800391B00083D1B0008000000000000803F09
:1004780000000000000000000000204100002041B2
:100488000000803F000020410000C842000000003A
:1004980000000000000020410000A0400000803F54
:1004A80000002041000000000000004000000000A3
:1004B800000040400000C8420000803F0000C842E1
:1004C8000000000000000000000080400000204103
:1004D8000000C8420000803E0000C84200002041E1
:1004E8000000000000000000000020410000C84299
:1004F8000000803F000040404D4541535552454D56
:10050800454E54003750505F535455545445525F2C
:10051800444941475F503133355F3136305F31529E
:10052800554E5F5631004944455F574F524B545220
:1005380045455F554E545241434B4544005350493D
:100548005F444D415F424C4F434B494E475F5752C2
:1005580041505045525F563100554E4B4E4F574E05
:100568005F434F4E4649475F474154455F524553A5
:10057800554C54004E4F4E4500434F4E4649475F39
:10058800524541445F4641494C4544005354415407
:1005980055535F4E4F545F434C45414E00554E45B1
:1005A800585045435445445F4E4F4E5A45524F5F4D
:1005B800434F5252454354494F4E5F5441424C4574
:1005C8000045585045435445445F434F4E464947BC
:1005D8005F50524F46494C455F4D495353494E472A
:1005E800005A45524F5F4D49534D415443480044CA
:1005F80049525F4D49534D415443480046494C5474
:100608005F4D49534D415443480053544154555349
:100618005F4D49534D41544348005052545F4D4932
:10062800534D4154434800524D415049445F4D4950
:10063800534D4154434800434F5252454354494F48
:100648004E5F4352435F4D49534D41544348002D3B
:10065800004D4136303020616E676C6520747261E0
:100668006E73706F72743D25730D0A004255494CC4
:10067800445F4D414E49464553542C4170704D6F6F
:1006880064653D25732C41707050726F66696C65A6
:100698003D25732C4D43553D53544D33324634302C
:1006A80035524754782C536F7572636549643D25FC
:1006B800732C50726F66696C6546696E67657270F7
:1006C80072696E743D30782530386C582C537973C4
:1006D80074656D436C6F636B487A3D256C752C545B
:1006E80072616E73706F72743D25732C4275696CFC
:1006F800644C6162656C3D25732C526573756C742E
:10070800436C6173733D25732C4D6F746F72506F1A
:100718006C65436F756E743D25752C4D6F746F72E3
:10072800506F6C6550616972733D25752C456C6519
:100738006374726963616C4379636C655261773D78
:1007480025752C456C656374726963616C526970B8
:10075800706C654F726465723D25752C41707072BE
:100768006F6163683D25732C4D6F74696F6E3D250D
:10077800732C53656E736F724964656E746974790E
:100788003D25732C457870656374656453656E7395
:100798006F7252656731463D25732C4175746F42FF
:1007A800617463683D25752C52756E73506572428D
:1007B8007574746F6E3D25750D0A005045525F4A79
:1007C80049475F50524F46494C45005549445F4C94
:1007D8004F434B45445F4D413630305F5641524997
:1007E800414E545F56310053435552564534305F9D
:1007F8004142534F4C5554455F5449434B5F563221
:10080800005343555256455F454359434C455F5045
:100818005245524F4C4C5F4C4F43414C5F524556EA
:10082800455253414C5F563200454E47494E454567
:1008380052494E475F4F4E4C59006D6F746F722D81
:100848003770702D737475747465722D646961677F
:100858002D703133352D3136302D3172756E2D7640
:1008680031004D413630302069646C652061637118
:100878007569736974696F6E206661696C65642057
:10088800726573756C743D256420617474656D7050
:1008980074733D257520666C6167733D307825302B
:1008A80032580D0A004D41363030207261773D25AF
:1008B8007520616E676C653D256C752E2530326C30
:1008C80075206465672053746174757356616C692B
:1008D800643D2564204E564D423D256420455252C4
:1008E8004352433D2564204552524D454D3D2564B4
:1008F800204552525041523D25640D0A004D413663
:100908003030206E6F69736520286C617374202500
:100918006473293A205032503D256C752E253032AB
:100928006C75646567205374644465763D256C7501
:100938002E2530326C756465672044726966743D93
:100948002573256C752E2530326C75646567204DCE
:100958006178537465703D256C752E2530326C7541
:10096800646567204E3D256C752076616C69643D31
:1009780025640D0A0064656661756C745461736B57
:1009880000575241505045445F5049445F534C45CD
:10099800575F563200554E4B4E4F574E002D256C23
:1009A800642E25302A6C64004F524445525F4E4FE6
:1009B800545F434F4D5055544544004F524445529F
:1009C8005F41424F56455F4E595155495354005265
:1009D8004154494F5F4F55545F4F465F52414E4710
:1009E80045002D256C642E2530326C6400554E4B25
:1009F8004E4F574E5F4A4947004A756C20323420A3
:100A0800323032362031333A35373A3338006A6972
:100A1800676D6F746F722D6E6C3200434F4E46498E
:100A2800472C5265636F726456657273696F6E3DC9
:100A3800312C47617465506F6C6963793D504F4C38
:100A48004943595F415F4C4F434B45445F56312CF6
:100A5800436F6E666967436F6E746578743D25737E
:100A68002C4669726D776172653D25732C427569F4
:100A78006C6449443D25732C4D43555F5549443DAD
:100A88002530386C582530386C582530386C582C3F
:100A98004A696749443D25732C4A69674B6E6F77ED
:100AA8006E3D25642C436F6E6669674761746553B4
:100AB800656C66546573743D312C506F696E745360
:100AC800616D706C657253656C66546573743D3105
:100AD8002C457870656374656443616C6962726102
:100AE80074696F6E53746174653D5A45524F5F5413
:100AF80041424C452C436F6E666967526561645686
:100B0800616C69643D25642C436F6E666967566144
:100B18006C69643D25642C506F6C69637941476149
:100B280074655061737365643D25642C417564690F
:100B3800744669656C64734C6F636B65643D312CF6
:100B4800457870656374656450726F66696C654654
:100B58006F756E643D25642C52656A6563745265D1
:100B680061736F6E3D25732C457870656374656499
:100B78005A65726F3D3078253034582C4578706549
:100B8800637465644469723D3078253032582C4569
:100B98007870656374656446696C743D3078253097
:100BA80032582C4578706563746564537461747544
:100BB800733D3078253032582C45787065637465FC
:100BC800645072743D3078253032582C4578706501
:100BD80063746564526D617049643D3078253032C4
:100BE800582C4578706563746564436F727243521C
:100BF8004333323D30782530386C582C5A65726F43
:100C08003D3078253034582C4469723D3078253091
:100C180032582C46696C743D3078253032582C5344
:100C280074617475733D3078253032582C50727465
:100C38003D3078253032582C526D617049643D3012
:100C480078253032582C436F72724E6F6E5A657227
:100C58006F436F756E743D25752C436F72724352E6
:100C68004333323D30782530386C580D0A004D6FCB
:100C7800746F72204552524F523A204525642028FD
:100C88004D4136303020636F6E6669672067617446
:100C9800652072656A65637465643A202573292145
:100CA8000D0A004343570044495341424C45440010
:100CB8004E4100494E434F4D504C455445004D451B
:100CC80054412C536368656D6156657273696F6E24
:100CD8003D25642C4669726D776172653D25732CDC
:100CE8004275696C6449443D25732C4D43555F55E5
:100CF80049443D2530386C582530386C58253038F3
:100D08006C582C436F756E74657253636F70653DD4
:100D1800424F4F542C4A696749443D25732C4A6910
:100D2800674B6E6F776E3D25642C4D6F746F7249FB
:100D3800443D25732C4D6F746F724944536F75721F
:100D480063653D25732C4D6F746F72494456616C11
:100D580069643D25642C4D6F746F72506F6C6543E8
:100D68006F756E743D25752C4D6F746F72506F6C76
:100D78006550616972733D25752C456C65637472A5
:100D88006963616C526970706C654D756C746970DB
:100D98006C653D25752C456C656374726963616C7F
:100DA800526970706C654F726465723D25752C547C
:100DB80065737449443D256C752C53776565704996
:100DC800443D256C752C446972656374696F6E3D8A
:100DD80025732C4D6561737572656D656E74506F02
:100DE8006C6963793D25732C4D6561737572656D0A
:100DF800656E74446566696E6974696F6E3D2573C6
:100E08002C416363657074616E63654D6F64653D05
:100E180025732C4F6666696369616C526573756CDE
:100E280074536F757263653D4C45474143592C5364
:100E38006861646F7743616E6F6E6963616C456E5C
:100E480061626C65643D25642C536861646F774307
:100E58006F6E747261637456657273696F6E3D2547
:100E6800732C536861646F774F6666696369616C58
:100E78003D302C436C6F7375726550726F626545B7
:100E88006E61626C65643D25642C436C6F7375728A
:100E98006550726F626550726F746F636F6C3D2539
:100EA800732C436C6F7375726550726F62654F6611
:100EB80066696369616C3D302C417070726F616363
:100EC8006850726F746F636F6C3D25732C4170703E
:100ED800726F6163685374727563747572616C566E
:100EE800616C69643D25732C52616D70536F667433
:100EF800537461727450726F746F636F6C3D2573B5
:100F08002C52616D70536F667453746172744465CA
:100F18006C61794D733D25732C506861736552651A
:100F2800666572656E63653D537765657050726F6F
:100F380067726573732C537465705261773D2564CD
:100F48002C4578706563746564416E616C7973696A
:100F580073506F696E74733D25642C4361707475AA
:100F6800726564506F696E74733D25642C416E61BF
:100F78006C79736973506F696E74733D25642C4D79
:100F88006561737572656D656E7456616C69643DF3
:100F980025642C547261636B696E6756616C696471
:100FA8003D25642C547261636B696E67526D734C96
:100FB800696D69744465673D31352E302C54726112
:100FC800636B696E674D61784C696D6974446567D8
:100FD8003D33302E302C4163717569736974696FC4
:100FE8006E526573756C743D25732C41637152653F
:100FF8006164417474656D7074733D256C752C4122
:101008006371526574726965733D256C752C416313
:10101800715472616E73706F72744572726F72730D
:101028003D256C752C4163714A756D7052656A6512
:101038006374733D256C752C4163714661696C65F9
:101048006453616D706C65733D256C752C436F6ED0
:1010580074696E756F75735377656570436F6E74D9
:101068006578743D25732C436F6E7465787452658A
:1010780061637175697265436F756E743D256C7532
:101088002C52616D70466565646261636B456E6183
:10109800626C65643D312C536574746C65436F6E86
:1010A80074726163743D25732C536574746C655355
:1010B800746162696C6974794C696D69745261779D
:1010C8003D256C642C536574746C65546172676556
:1010D80074546F6C6572616E63655261773D256CFF
:1010E800642C536574746C65506F696E74733D2518
:1010F800642C536574746C6553746162696C6974AB
:101108007956616C69643D25642C536574746C650B
:1011180054617267657450726F78696D6974795635
:10112800616C69643D25642C536574746C65566103
:101138006C69643D25642C53746172745261773D07
:1011480025752C5374617274416E676C65446567CC
:101158003D25732C416E616C7973697353746172A8
:10116800745261773D25752C436F6E74726F6C6C89
:1011780065725374617465506F6C6963793D25734A
:101188002C436F6E74726F6C6C6572526573657404
:101198004170706C6965643D25642C436F6E747290
:1011A8006F6C6C65725265736574537461746556BF
:1011B800616C69643D25642C486F6D655265737573
:1011C8006C743D25732C486F6D6544757261746944
:1011D8006F6E4D733D256C752C486F6D6555706449
:1011E800617465436F756E743D256C750D0A005208
:1011F800455345545F4245464F52455F4541434834
:101208005F484F4D455F56310053544142494C4960
:1012180054595F414E445F5441524745545F5631DB
:101228000053574545505F434F4E544558545F56F9
:101238003100434C4F535552455F484F4C445F561D
:10124800310043414E4F4E4943414C5F5131365F67
:101258005631005245504F52545F4F4E4C5900572B
:10126800484F4C455F53595354454D5F434F4D4D7F
:10127800414E445F545241434B494E470057484FF3
:101288004C455F53595354454D5F5245504F525446
:101298005F4F4E4C595F563100554E5345540047E9
:1012A8005249442C536368656D6156657273696F62
:1012B8006E3D25642C5465737449443D256C752C2A
:1012C800537765657049443D256C752C50726F7471
:1012D8006F636F6C3D25732C4E6F6D696E616C5337
:1012E8007465704465673D312E30303030302C5095
:1012F8006F696E74735065725265763D25752C5210
:101308006177537465704D696E3D25752C52617710
:10131800537465704D61783D25752C54617267650D
:101328007452756C653D524F554E445F494E444565
:10133800585F54494D45535F36353533365F444918
:10134800565F3336300D0A00554E49464F524D5FB1
:10135800315F4445475F524F554E4445445F5241C3
:10136800575F5631004D4F54494F4E5F50524F46CC
:10137800494C452C536368656D6156657273696F96
:101388006E3D25642C5465737449443D256C752C59
:10139800537765657049443D256C752C4A696749E2
:1013A800443D25732C4D6F746F7249443D25732C51
:1013B800446972656374696F6E3D25732C50726F52
:1013C80066696C653D25732C486F6D65436F6E7457
:1013D800726F6C6C65723D25732C46696E616C5436
:1013E80061726765744D6F64653D4F50454E5F4C43
:1013F8004F4F505F554E4348414E4745442C43613B
:1014080070747572654D6F64653D5354415449431A
:101418005F41465445525F534554544C452C5469DA
:10142800636B4D733D25752C436F6D6D616E6473F1
:101438005065724465677265653D25752C506F77F8
:1014480065723D312E3030302C4C6F636B447572B1
:101458006174696F6E4D733D256C752C4C6F636BB1
:10146800436F6D6D616E64733D256C752C4C6F63B5
:101478006B54696D696E674F76657272756E733DF0
:10148800256C752C52616D705365676D656E74734C
:101498003D256C752C52616D70436F6D6D616E6486
:1014A800733D256C752C52616D7054696D696E675A
:1014B8004F76657272756E733D256C752C4D61782B
:1014C8004C6174656E6573735469636B733D256C09
:1014D800752C4F627365727665644261636B7472D2
:1014E80061636B733D256C752C4D61784F62736534
:1014F800727665644261636B747261636B52617783
:101508003D256C750D0A00434F4E54524F4C5F53A6
:10151800544154452C536368656D6156657273690F
:101528006F6E3D25642C5465737449443D256C7574
:101538002C537765657049443D256C752C4A69675D
:1015480049443D25732C4D6F746F7249443D257392
:101558002C446972656374696F6E3D25732C506FF6
:101568006C6963793D25732C52657365744170709D
:101578006C6965643D25642C5265736574537461A8
:10158800746556616C69643D25642C4265666F72AA
:1015980065496E74656772616C5465726D3D25733B
:1015A8002C4265666F72654C6173744572726F7216
:1015B8004465673D25732C4265666F7265436F6DA0
:1015C8006D616E645261773D25732C4265666F725A
:1015D8006546696C746572656444657269766174A0
:1015E8006976653D25732C4265666F72654C61733B
:1015F800744F7574707574537465705261773D25B6
:10160800732C4265666F7265466565646261636BDB
:10161800496E697469616C697A65643D25642C4218
:1016280065666F7265466565646261636B41636395
:1016380065707465643D256C752C4265666F7265CE
:101648004F7574707574456C656374726963616C09
:10165800506F736974696F6E5261773D25752C42BE
:1016680065666F72654F7574707574506F776572C3
:101678003D25732C4265666F72654F75747075747D
:10168800456E61626C65643D25642C4166746572C3
:10169800496E74656772616C5465726D3D25732C73
:1016A80041667465724C6173744572726F724465F9
:1016B800673D25732C4166746572436F6D6D616E6D
:1016C800645261773D25732C416674657246696C76
:1016D8007465726564446572697661746976653D9E
:1016E80025732C41667465724C6173744F75747000
:1016F8007574537465705261773D25732C41667417
:101708006572466565646261636B496E6974696197
:101718006C697A65643D25642C416674657246651A
:1017280065646261636B41636365707465643D25DC
:101738006C752C41667465724F7574707574456C60
:10174800656374726963616C506F736974696F6EF5
:101758005261773D25752C41667465724F757470BA
:101768007574506F7765723D25732C416674657288
:101778004F7574707574456E61626C65643D25645F
:101788002C486F6D65526573756C743D25732C48D4
:101798006F6D654475726174696F6E4D733D256C2C
:1017A800752C486F6D65557064617465436F756E0F
:1017B800743D256C752C486F6D65496E6974696157
:1017C8006C4572726F724465673D25732C486F6D66
:1017D8006546696E616C4572726F724465673D2536
:1017E800732C486F6D65496E697469616C436F6DE0
:1017F8006D616E645261773D256C642C486F6D6530
:1018080046696E616C436F6D6D616E645261773DC0
:10181800256C640D0A00534841444F575F4D4554A9
:10182800412C536368656D6156657273696F6E3DCF
:1018380025642C5465737449443D256C752C537785
:1018480065657049443D256C752C4A696749443D76
:1018580025732C4D6F746F7249443D25732C4F6668
:1018680066696369616C3D302C436F6E74726163A5
:101878007456657273696F6E3D25732C5369676E74
:101888006564436F6E76656E74696F6E3D25732C63
:101898005265666572656E6365446566696E6974EE
:1018A800696F6E3D25732C43616E6F6E6963616C61
:1018B8004D65616E536F757263653D25732C4D617F
:1018C8006446696C746572696E67456E61626C65C1
:1018D800643D302C54696D696E674D6F64653D4297
:1018E80041434B5F544F5F4241434B2C52657175E6
:1018F80069726564416363657074656453616D7092
:101908006C65733D25752C4D61785472616E7361F9
:101918006374696F6E733D25752C4D6178436F6EE6
:1019280073656375746976654661696C757265730C
:101938003D25752C4D6178456C61707365645573F0
:101948003D256C752C4D61784A756D705261773DF7
:10195800256C640D0A00414C4C5F544945523100D6
:10196800504F494E54305F43414E4F4E4943414CCE
:101978005F4D45414E004D454153555245445F4DDD
:10198800494E55535F5441524745540044415441D0
:101998002C25642C256C752C256C752C25732C2511
:1019A800732C25732C25642C25752C25752C2573F3
:1019B8002C25730D0A004143512C25642C256C7588
:1019C8002C256C752C25732C25642C256C752C25E1
:1019D800752C25752C3078253032580D0A004D4F5E
:1019E80054494F4E2C536368656D6156657273692F
:1019F8006F6E3D25642C5465737449443D256C75A0
:101A08002C537765657049443D256C752C4A696788
:101A180049443D25732C4D6F746F7249443D2573BD
:101A28002C446972656374696F6E3D25732C506F21
:101A3800696E743D25642C52616D704163636570F5
:101A480074656453616D706C65733D25752C5365C1
:101A580074746C65526573756C743D25732C53747E
:101A68006162696C69747956616C69643D25642C9E
:101A780054617267657450726F78696D69747956CC
:101A8800616C69643D25642C536574746C6556619A
:101A98006C69643D25642C506F736974696F6E4579
:101AA80072726F725261773D25732C506F7369742F
:101AB800696F6E4572726F724465673D25732C506D
:101AC8006F6C6C436F756E743D25750D0A00534835
:101AD80041444F575F444154412C25642C256C7573
:101AE8002C256C752C25732C25732C25732C2564BB
:101AF8002C25732C25732C25730D0A00534841445B
:101B08004F575F4143512C25642C256C752C256C4F
:101B1800752C25732C25642C256C752C256C752C3F
:101B280025752C25752C25752C25752C25752C25AA
:101B3800730D0A004D4F54494F4E5F524553554C53
:101B4800542C536368656D6156657273696F6E3D99
:101B580025642C5465737449443D256C752C537762
:101B680065657049443D256C752C4A696749443D53
:101B780025732C4D6F746F7249443D25732C44694D
:101B880072656374696F6E3D25732C436F6E747252
:101B980061637456657273696F6E3D25732C436F6C
:101BA8006E74696E756F75735377656570436F6E84
:101BB800746578743D25732C436F6E746578745220
:101BC8006561637175697265436F756E743D256CE7
:101BD800752C436F6E7465787452656164417474D2
:101BE800656D7074733D256C752C436F6E746578E4
:101BF80074416363657074656453616D706C65737B
:101C08003D256C752C436F6E7465787452657472DB
:101C18006965733D256C752C436F6E7465787454D3
:101C280072616E73706F72744572726F72733D2554
:101C38006C752C436F6E746578744A756D70526557
:101C48006A656374733D256C752C436F6E74657893
:101C5800744661696C656453616D706C65733D258C
:101C68006C752C52616D7052656164417474656D58
:101C78007074733D256C752C52616D70416363659A
:101C88007074656453616D706C65733D256C752C5B
:101C980052616D70526574726965733D256C752C5F
:101CA80052616D705472616E73706F7274457272A6
:101CB8006F72733D256C752C52616D704A756D702D
:101CC80052656A656374733D256C752C52616D703D
:101CD8004661696C656453616D706C65733D256C14
:101CE800752C536574746C655265616441747465D0
:101CF8006D7074733D256C752C536574746C6541F7
:101D08006363657074656453616D706C65733D25BC
:101D18006C752C536574746C65526574726965735F
:101D28003D256C752C536574746C655472616E73C3
:101D3800706F72744572726F72733D256C752C5397
:101D48006574746C654A756D7052656A6563747301
:101D58003D256C752C536574746C654661696C65BA
:101D68006453616D706C65733D256C752C53657497
:101D7800746C65506F696E74733D25642C5374617F
:101D880062696C69747956616C6964506F696E74C4
:101D9800733D25642C54617267657450726F78695D
:101DA8006D69747956616C6964506F696E74733DBE
:101DB80025642C536574746C6556616C6964506F46
:101DC800696E74733D25642C536574746C6554692D
:101DD8006D656F7574506F696E74733D25642C530F
:101DE8006574746C6557726F6E67506F7369746948
:101DF8006F6E506F696E74733D25642C53657474EF
:101E08006C6553746162696C69747956616C696454
:101E18003D25642C536574746C65546172676574F0
:101E280050726F78696D69747956616C69643D2583
:101E3800642C536574746C6556616C69643D2564E3
:101E48002C4D6178416273536574746C65506F737F
:101E58006974696F6E4572726F725261773D25734E
:101E68002C4D6178416273536574746C65506F735F
:101E78006974696F6E4572726F724465673D257348
:101E88000D0A00524553554C542C536368656D61D7
:101E980056657273696F6E3D25642C546573744979
:101EA800443D256C752C537765657049443D256C18
:101EB800752C4A696749443D25732C4D6F746F72C0
:101EC80049443D25732C446972656374696F6E3D9E
:101ED80025732C4361707475726564506F696E74F4
:101EE800733D25642C416E616C79736973506F6919
:101EF8006E74733D25642C4D65616E44433D2573B6
:101F08002C524D535F41433D25732C41313D257380
:101F18002C41323D25732C41333D25732C41363DF0
:101F280025732C41393D25732C4131323D25732CC5
:101F38004131383D25732C4132373D25732C4133CF
:101F4800363D25732C4134353D25732C4137323DC0
:101F580025732C413130383D25732C48315F50684A
:101F680061736553776565704465673D25732C48D3
:101F7800325F506861736553776565704465673D86
:101F880025732C48335F50686173655377656570B6
:101F98004465673D25732C48365F50686173655307
:101FA800776565704465673D25732C48395F5068CF
:101FB80061736553776565704465673D25732C4883
:101FC80031325F5068617365537765657044656742
:101FD8003D25732C4831385F5068617365537765C8
:101FE80065704465673D25732C4832375F506861DA
:101FF800736553776565704465673D25732C483371
:10200800365F506861736553776565704465673DF1
:1020180025732C4834355F5068617365537765655F
:10202800704465673D25732C4837325F506861738B
:102038006553776565704465673D25732C48313075
:10204800385F506861736553776565704465673DAF
:1020580025732C41343D25732C48345F50686173D7
:102068006553776565704465673D25732C41383D38
:1020780025732C48385F50686173655377656570C0
:102088004465673D25732C4D6F746F72506F6C6596
:10209800436F756E743D25752C4D6F746F72506F5C
:1020A8006C6550616972733D25752C456C65637468
:1020B800726963616C526970706C654D756C746996
:1020C800706C653D25752C456C6563747269636138
:1020D8006C526970706C654F726465723D25752C21
:1020E80041456C656374726963616C363D25732C78
:1020F800456C656374726963616C365F50686173BF
:102108006553776565704465673D25732C456C6537
:102118006374726963616C526970706C6556616C46
:1021280069643D25642C506861736556616C696407
:102138004D61736B3D3078253034582C446F6D6990
:102148006E616E7453656C65637465644F72646523
:10215800723D25752C446F6D696E616E7453656CA4
:102168006563746564416D706C69747564653D255B
:10217800732C446F6D696E616E7453656C6563741E
:102188006564456E65726779526174696F3D257340
:102198002C4C65676163794D6F64656C49643D4893
:1021A800534554365F56312C4C65676163794F72DD
:1021B800646572733D317C327C337C367C31327C91
:1021C80031382C4C65676163794D6F64656C566175
:1021D8006C69643D25642C526573696475616C5F34
:1021E800524D535F48363D25732C526573696475AB
:1021F800616C5F524D535F4833363D25732C5265F1
:1022080073696475616C5F524D535F46756C6C3DC4
:1022180025732C4669747465645F5032503D25738C
:102228002C4669744578706C61696E656452617496
:10223800696F3D25732C457874656E6465644D6FD0
:1022480064656C49643D4853455431325F56312CBE
:10225800457874656E6465644F72646572733D3168
:102268007C327C337C367C397C31327C31387C3230
:10227800377C33367C34357C37327C3130382C45EA
:102288007874656E6465644D6F64656C56616C69DD
:10229800643D25642C526573696475616C5F524DA9
:1022A800535F457874656E6465643D25732C466993
:1022B800747465645F5032505F457874656E646508
:1022C800643D25732C4669744578706C61696E6548
:1022D80064526174696F5F457874656E6465643DC6
:1022E80025732C4D6F746F725F4572726F725F50F9
:1022F80032505F4465673D25732C4D6F746F725F74
:1023080053797374656D5F494E4C5F4465673D252D
:10231800732C4372657374466163746F723D2573E1
:102328002C5039395F416273446576696174696F0D
:102338006E3D25732C547261636B696E6756616CD0
:1023480069643D25642C547261636B696E674572DC
:10235800726F725F524D535F4465673D25732C540D
:102368007261636B696E674572726F725F4D6178F7
:102378004162735F4465673D25732C4665617475DA
:102388007265436F6D7075746554696D654D733D05
:10239800256C750D0A00534841444F575F52455309
:1023A800554C542C536368656D6156657273696F3B
:1023B8006E3D25642C5465737449443D256C752C19
:1023C800537765657049443D256C752C4A696749A2
:1023D800443D25732C4D6F746F7249443D25732C11
:1023E8004F6666696369616C3D302C436F6E747229
:1023F80061637456657273696F6E3D25732C5661FF
:102408006C69643D25642C416E616C797369735005
:102418006F696E74733D25642C4D65616E44433D50
:1024280025732C524D535F41433D25732C41333660
:102438003D25732C5032503D25732C506F696E74B6
:10244800304D65616E5261775131363D25732C45AB
:1024580072726F72305261775131363D25732C4359
:102468006C6F737572654572726F72526177513114
:10247800363D25732C436C6F737572654572726FA8
:10248800724465673D25732C436C6F737572654C98
:10249800696D69744465673D302E32303030302CB8
:1024A800436C6F7375726556616C69643D25642C65
:1024B8004C65676163794D696E757343616E6F6EC4
:1024C8006963616C524D533D25732C4C656761639C
:1024D800794D696E757343616E6F6E6963616C41A6
:1024E80033363D25732C417474656D707465645082
:1024F8006F696E74733D25642C43617074757265E1
:1025080064506F696E74733D25642C5472616E73E8
:10251800616374696F6E733D256C752C41636365E7
:102528007074656453616D706C65733D256C752CB2
:102538005370694661696C757265733D256C752CBD
:102548004A756D7052656A656374733D256C752CA8
:102558004D65746164617461496E76616C69643D4E
:10256800256C752C4661696C6564506F696E74736F
:102578003D256C752C536B6970706564536C6F7472
:10258800733D256C752C54696D696E674F7665725D
:1025980072756E733D256C752C4D6178416273546C
:1025A800696D696E674572726F724379636C6573A2
:1025B8003D256C752C4D6178436F6E73656375743A
:1025C8006976654661696C757265734F6273657289
:1025D8007665643D256C752C466561747572654336
:1025E8006F6D7075746554696D654D733D256C75B7
:1025F8002C417070726F61636850726F746F636F93
:102608006C3D25732C417070726F616368537472EE
:102618007563747572616C56616C69643D25730DE0
:102628000A00534841444F575F4D41442C53636857
:10263800656D6156657273696F6E3D25642C5465CE
:10264800737449443D256C752C537765657049440E
:102658003D256C752C4A696749443D25732C4D6F9F
:10266800746F7249443D25732C44697265637469BB
:102678006F6E3D25732C4F6666696369616C3D30EA
:102688002C506F696E74496E6465783D25642C43DF
:102698006F6D70757465643D25642C43616E646963
:1026A80064617465436F756E743D256C752C526555
:1026B8006A6563746564436F756E743D256C752C2B
:1026C800526F62757374436F756E743D256C752C0B
:1026D80052656A656374466C6F6F7252656C5261BD
:1026E800773D256C642C506F696E744D65616E5230
:1026F80061775131363D25732C4D616446696C74A0
:10270800657265644D65616E5261775131363D255C
:10271800732C44656C74615261775131363D257371
:102728000D0A00434C4F535552455F50524F424596
:102738002C536368656D6156657273696F6E3D25CC
:10274800642C5465737449443D256C752C53776526
:10275800657049443D256C752C4A696749443D2597
:10276800732C4D6F746F7249443D25732C44697204
:10277800656374696F6E3D25732C4F66666963697E
:10278800616C3D302C50726F746F636F6C3D2573B4
:102798002C53746167653D25732C506F696E743DC9
:1027A80025752C436F6D6D616E645261773D256CA4
:1027B800642C506F7765723D312E30303030302CBC
:1027C8004E6F6D696E616C486F6C644D733D256C1E
:1027D800752C436170747572655374617274456CBD
:1027E80061707365644D733D256C752C436170741D
:1027F800757265456E64456C61707365644D733DB3
:10280800256C752C506F696E744D65616E526177D9
:102818005131363D25732C436C6F73757265457263
:10282800726F725261775131363D25732C436C6F4C
:10283800737572654572726F724465673D25732CB6
:1028480057696E646F775032505261773D25732C0B
:1028580057696E646F775032504465673D25732C15
:1028680057696E646F7744726966745261773D2563
:10287800732C57696E646F77447269667444656730
:102888003D25732C5472616E73616374696F6E7346
:102898003D256C752C416363657074656453616D87
:1028A800706C65733D256C752C5370694661696C55
:1028B800757265733D256C752C4A756D7052656A25
:1028C800656374733D256C752C4D65746164617422
:1028D80061496E76616C69643D256C752C536B6932
:1028E80070706564536C6F74733D256C752C5469F6
:1028F8006D696E674F76657272756E733D256C757E
:102908002C4D6178436F6E7365637574697665469F
:1029180061696C757265734F627365727665643D43
:10292800256C752C4163717569736974696F6E5292
:102938006573756C743D25732C56616C69643D250F
:10294800640D0A00434C4F535552455F50524F4255
:10295800455F524553554C542C536368656D615619
:10296800657273696F6E3D25642C546573744944B0
:102978003D256C752C537765657049443D256C750C
:102988002C4A696749443D25732C4D6F746F724911
:10299800443D25732C446972656374696F6E3D25E7
:1029A800732C4F6666696369616C3D302C50726F99
:1029B800746F636F6C3D25732C456E61626C656442
:1029C8003D25642C537461727465643D25642C4301
:1029D8006F6D706C6574653D25642C457870656312
:1029E8007465645374616765733D25752C4174740F
:1029F800656D707465645374616765733D256C75A6
:102A08002C56616C69645374616765733D256C75F8
:102A18002C506F73745475726E54696D696E674388
:102A28006F6D70617261626C653D25642C416371E4
:102A38007569736974696F6E526573756C743D2539
:102A4800732C5374617475733D25730D0A004150DE
:102A580050524F4143485F524553554C542C536391
:102A680068656D6156657273696F6E3D25642C5497
:102A780065737449443D256C752C537765657049B9
:102A8800443D256C752C4A696749443D25732C4D96
:102A98006F746F7249443D25732C44697265637481
:102AA800696F6E3D25732C4F6666696369616C3D7D
:102AB800302C50726F746F636F6C3D25732C4170AE
:102AC80070726F616368506174683D43575F434338
:102AD800575F43572C526576657273616C436F7507
:102AE8006E743D256C752C537461727465643D3148
:102AF8002C436F6D706C6574653D25642C5374614F
:102B08007475733D25732C507265526F6C6C436FEE
:102B18006D6D616E6444656C74615261773D2573B7
:102B28002C507265526F6C6C4F6273657276656477
:102B380044656C74615261773D25732C50726552FF
:102B48006F6C6C5461726765744572726F72526112
:102B5800773D25732C507265526F6C6C44757261A9
:102B680074696F6E4D733D256C752C46696E616C8A
:102B7800436F6D6D616E6444656C74615261773D3D
:102B880025732C46696E616C4F6273657276656455
:102B980044656C74615261773D25732C46696E619A
:102BA8006C5461726765744572726F725261773DD9
:102BB80025732C46696E616C4475726174696F6E19
:102BC8004D733D256C752C4F726967696E53686942
:102BD80066744F627365727665645261773D2573DA
:102BE8002C4F726967696E536869667454617267BD
:102BF80065744572726F725261773D25732C496E08
:102C0800697469616C536574746C65526573756C2D
:102C1800743D25732C507265526F6C6C53657474D7
:102C28006C65526573756C743D4E412C46696E61D6
:102C38006C536574746C65526573756C743D25735B
:102C48002C507265506F736974696F6E5365747434
:102C58006C65526573756C743D25732C4C6F63619C
:102C68006C4261636B6F6666536574746C6552651C
:102C780073756C743D25732C4C6F63616C42616392
:102C88006B6F6666436F6D6D616E6444656C7461ED
:102C98005261773D25732C4C6F63616C4261636BA5
:102CA8006F66664F6273657276656444656C7461BD
:102CB8005261773D25732C4C6F63616C4261636B85
:102CC8006F66665461726765744572726F7252619D
:102CD800773D25732C4C6F63616C4261636B6F6643
:102CE800664475726174696F6E4D733D256C752C01
:102CF800417070726F616368526561644174746594
:102D08006D7074733D256C752C417070726F6163C2
:102D180068526574726965733D256C752C417070D5
:102D2800726F6163685472616E73706F727445720A
:102D3800726F72733D256C752C417070726F616390
:102D4800684A756D7052656A656374733D256C7564
:102D58002C417070726F6163684661696C65645379
:102D6800616D706C65733D256C752C417070726F68
:102D78006163684163717569736974696F6E436CE7
:102D880065616E3D25642C417070726F6163685394
:102D980074727563747572616C56616C69643D25F3
:102DA800640D0A00415050524F4143485F53544507
:102DB80050532C536368656D6156657273696F6E05
:102DC8003D25642C5465737449443D256C752C531A
:102DD8007765657049443D256C752C4A6967494497
:102DE8003D25732C4D6F746F7249443D25732C4FEC
:102DF8006666696369616C3D302C4C65673D42418C
:102E0800434B4F46462C53746570436F756E743D43
:102E180025752C556E777261707065645261773DC7
:102E280025730D0A00415050524F4143485F535497
:102E38004550532C536368656D6156657273696FAD
:102E48006E3D25642C5465737449443D256C752C7E
:102E5800537765657049443D256C752C4A69674907
:102E6800443D25732C4D6F746F7249443D25732C76
:102E78004F6666696369616C3D302C4C65673D46F9
:102E88004F52574152442C53746570436F756E749A
:102E98003D25752C556E7772617070656452617747
:102EA8003D25730D0A0053574545505F52414D501B
:102EB8005F53544550532C536368656D6156657272
:102EC80073696F6E3D25642C5465737449443D25C0
:102ED8006C752C537765657049443D256C752C4A93
:102EE800696749443D25732C4D6F746F7249443DA1
:102EF80025732C4F6666696369616C3D302C546F8D
:102F0800506F696E74496E6465783D256C752C53F5
:102F1800746570436F756E743D25752C556E7772A8
:102F280061707065645261773D25730D0A005354D2
:102F380055545445525F54524143455F4D455441A1
:102F48002C536368656D6156657273696F6E3D25B4
:102F5800642C5465737449443D256C752C5377650E
:102F6800657049443D256C752C4A696749443D257F
:102F7800732C4D6F746F7249443D25732C446972EC
:102F8800656374696F6E3D25732C4F666669636966
:102F9800616C3D302C50726F66696C653D25732CF1
:102FA800506F696E7446697273743D25752C506F45
:102FB800696E744C6173743D25752C457870656332
:102FC80074656452616D705265636F7264733D25F8
:102FD8006C752C52616D705265636F7264733D2518
:102FE8006C752C536574746C655265636F72647389
:102FF8003D256C752C52616D705469636B73506517
:1030080072506F696E743D25752C52616D70446500
:103018006C61794D733D25752C536574746C6553DB
:103028007461626C6544656C74615261773D256CAE
:10303800642C536574746C65436F6E736563757443
:103048006976653D25752C536574746C65546F6C91
:103058006572616E63655261773D256C642C5365BA
:1030680074746C6554696D656F75744D733D257521
:103078002C4C61675369676E3D4F42534552564524
:10308800445F4D494E55535F434F4D4D414E442C7F
:103098004F766572666C6F773D25642C436F6D7053
:1030A8006C6574653D25642C5374617475733D2596
:1030B800730D0A00535455545445525F52414D50B4
:1030C8005F535445502C536368656D615665727340
:1030D800696F6E3D25642C5465737449443D256CB5
:1030E800752C537765657049443D256C752C4A6984
:1030F8006749443D25732C4D6F746F7249443D25D3
:10310800732C446972656374696F6E3D25732C4F27
:103118006666696369616C3D302C506F696E743DF9
:10312800256C752C5469636B3D256C752C436F6D4C
:103138006D616E645261773D256C642C4F627365D6
:10314800727665645261773D25732C4F62736572A0
:1031580076656444656C74615261773D25732C4CC7
:1031680061675261773D25732C4163717569736995
:1031780074696F6E526573756C743D25732C4C6160
:1031880074656E6573735469636B733D25750D0AB9
:1031980000535455545445525F534554544C455F5D
:1031A80053414D504C452C536368656D61566572AB
:1031B80073696F6E3D25642C5465737449443D25CD
:1031C8006C752C537765657049443D256C752C4AA0
:1031D800696749443D25732C4D6F746F7249443DAE
:1031E80025732C446972656374696F6E3D25732C71
:1031F8004F6666696369616C3D302C506F696E7407
:103208003D256C752C506F6C6C3D256C752C456C90
:1032180061707365644D733D25752C4F62736572DB
:103228007665645261773D25732C546172676574C5
:103238004572726F725261773D25732C57696E64BF
:103248006F775032505261773D25732C46696E6115
:103258006C536574746C65526573756C743D257335
:103268000D0A00534841444F575F454E442C536361
:1032780068656D6156657273696F6E3D25642C547F
:1032880065737449443D256C752C537765657049A1
:10329800443D256C752C4A696749443D25732C4D7E
:1032A8006F746F7249443D25732C4F666669636974
:1032B800616C3D302C537461727465643D25642CD7
:1032C800417474656D70746564506F696E74733D94
:1032D80025642C4361707475726564506F696E74EF
:1032E800733D25642C4163717569736974696F6EE8
:1032F800526573756C743D25732C537461747573C2
:103308003D25730D0A004D6F746F72206F666673EA
:1033180065743A2025750D0A004D6F746F7220612F
:103328006E676C65206F66667365743A2025732036
:103338006465677265650D0A004D4136303020734B
:1033480074617274207261773D257520636F756EA4
:10335800743D256C642066696C74657265643D25EE
:103368007320726177416E676C653D2573206465D3
:10337800677265650D0A004E4C206375727665208C
:1033880025643A20616E676C653D2573206572720D
:103398006F723D2573206465670D0A004E4C2070DE
:1033A8006F696E7473206E6F7420736574746C65C6
:1033B800642077697468696E20256C646D732025B4
:1033C800643A2025642F25640D0A004E4C20616262
:1033D800736F6C7574652065787472656D612025EE
:1033E800643A206D61785F7261773D2575202825E4
:1033F800732064656729206D696E5F7261773D256A
:10340800752028257320646567290D0A004E4C2015
:103418006861726D6F6E69633120286D6F756E74A7
:10342800696E672F636F6E63656E74726963697422
:1034380079207369676E6174757265292025643A0D
:1034480020616D706C69747564653D2573207068C2
:103458006173653D2573206465670D0A004E4C2035
:103468006861726D6F6E6963362028686973746F5E
:10347800726963616C207265666572656E63652C3E
:103488002073656520524553554C54277320446F6B
:103498006D696E616E7453656C65637465644F72B3
:1034A800646572292025643A20616D706C697475B1
:1034B80064653D25732070686173653D25732064DC
:1034C80065670D0A004E4C20646F6D696E616E74FD
:1034D800206861726D6F6E69632025643A206F728F
:1034E8006465723D257520616D706C6974756465DD
:1034F8003D2573206465670D0A004E4C2072617784
:10350800207065616B2D746F2D7065616B2025646B
:10351800202873696E676C65206D61782D6D696E02
:103528002C20666F7220636F6D70617269736F6EA5
:10353800293A202573206465677265650D0A004E77
:103548004C2054432070657263656E74696C652005
:1035580025643A2050353D2573205039353D257373
:103568002072616E67653D257320646567726565C5
:103578000D0A004E4C20544320726D732025643A86
:10358800202573206465677265650D0A004D413614
:10359800303020526177204E6F6E6C696E656172B3
:1035A80020256420416E676C653A20257320646588
:1035B800677265650D0A004D413630302046696CEA
:1035C8007465722D526177204D6178204469666672
:1035D8002025643A202573206465677265650D0AA5
:1035E800004E6F6E6C696E65617220256420494ECD
:1035F80056414C49443A20747261636B696E673D69
:103608002564206163717569736974696F6E3D25FE
:103618007320736574746C65643D25642F25640D8F
:103628000A00454E442C536368656D615665727394
:10363800696F6E3D25642C5465737449443D256C4F
:10364800752C537765657049443D256C752C446924
:1036580072656374696F6E3D25732C436170747570
:10366800726564506F696E74733D25642C416E6198
:103678006C79736973506F696E74733D25642C544B
:103688007261636B696E6756616C69643D25642C71
:10369800536574746C6553746162696C69747956A6
:1036A800616C69643D25642C536574746C65546160
:1036B8007267657450726F78696D69747956616C58
:1036C80069643D25642C536574746C6556616C6936
:1036D800643D25642C4163717569736974696F6E03
:1036E800526573756C743D25732C537461747573CE
:1036F8003D25730D0A00424F4F545F534D4F4B45C4
:10370800004D413630302053544154555320707287
:1037180065636865636B206661696C6564204E56F5
:103728004D423D2564204352433D2564204D454D7F
:103738003D2564205041523D25643B2062617463FD
:103748006820726566757365640D0A004765747450
:10375800696E6720726573756C74210D0A004241A9
:103768005443485F5052455F4D4F544F52004D6F80
:10377800746F72204552524F523A204535303720E7
:1037880028636F6E74726F6C2D73657373696F6ED7
:103798002072657365742076657269666963617401
:1037A800696F6E206661696C656429210D0A004D98
:1037B80041363030206D6F76652D746F2D7A6572C5
:1037C8006F3A206572726F723D25732064656720B9
:1037D800736574746C65643D256C642F256C642076
:1037E800636D64506F733D256C640D0A004D6F74F2
:1037F8006F72204552524F523A2045353032210DD2
:103808000A004D6F746F72204552524F523A20454C
:1038180035303320286D6F76652D746F2D7A65727B
:103828006F20646964206E6F7420636F6E766572B2
:1038380067652077697468696E20256C64206D73EC
:1038480029210D0A004D6F746F72204552524F5254
:103858003A204535303420286D6F76652D746F2DEC
:103868007A65726F20656E636F646572206163713B
:103878007569736974696F6E206661696C6564291E
:10388800210D0A004D6F746F72204552524F523A03
:103898002045353035202873776565702061637160
:1038A8007569736974696F6E206661696C65643ADD
:1038B80020257329210D0A004D6F746F722045521F
:1038C800524F523A20453530362028737765657057
:1038D800206163717569736974696F6E20696E76AA
:1038E800616C69643B20696E7370656374204D4533
:1038F80054412F454E4429210D0A004D41363030A0
:1039080020526177204E6F6E6C696E656172204639
:10391800696E616C20417665726167653A2025732E
:10392800206465677265650D0A004D6F746F7220BB
:103938004F4B210D0A0052554E54494D452C4672A5
:103948006565486561703D256C752C4D696E4576D9
:10395800657246726565486561703D256C752C54C5
:10396800657374537461636B4869676857617465FC
:1039780072576F7264733D256C750D0A004E4F5473
:103988005F4150504C494341424C45004F4B004920
:103998004E495449414C5F534554544C455F464148
:1039A800494C4544004241434B4F46465F534554BA
:1039B800544C455F4641494C454400504F494E548C
:1039C800305F534554544C455F4641494C4544008B
:1039D8004143515549534954494F4E5F4552524FFF
:1039E8005200505245524F4C4C5F534554544C452D
:1039F8005F4641494C454400505245504F53495445
:103A0800494F4E5F534554544C455F4641494C45D8
:103A1800440057524F4E475F504F534954494F4EF9
:103A280000444952454354494F4E5F4552524F5204
:103A380000494E56414C49445F4152470053504952
:103A48005F54494D454F5554005350495F455252B4
:103A58004F520053414D504C455F4A554D5000431D
:103A68004F4E4649475F4552524F520054494D49BF
:103A78004E475F4D455441444154415F494E56417C
:103A88004C4944004143515549534954494F4E5FAD
:103A98004255444745545F455843454544454400CD
:103AA8004143515549534954494F4E5F54494D4537
:103AB8004F5554004D4154485F4F564552464C4F60
:103AC8005700494E495449414C00484F4C445F35D2
:103AD8003000484F4C445F31303000484F4C445F11
:103AE80032303000546573745461736B004A49472F
:103AF80031004A494732004A494733004A49473466
:103B08000049444C4500546D725100546D72205365
:103B1800766300232D302B2000686C4C00656667A7
:103B2800454647003031323334353637383941422B
:103B380043444546003031323334353637383961FD
:103B480062636465660000007C0501088105010860
:103B580094050108A5050108C9050108E90501083A
:103B6800F7050108040601081206010822060108E3
:103B78002F0601083F0601087D0901080000000022
:103B8800000000000000000000000000001000001D
:103B980018000000000000000000000000000040C5
:103BA800A69B443B9A99993E0000A0400000C84358
:103BB8000000803E000000410000FB01FD01FC0107
:103BC800853901089439010897390108AD39010888
:103BD800C3390108D8390108EA390108003A01084F
:103BE80094390108493A01081A3A0108D8390108F4
:103BF80094390108293A0108493A0108D8390108D5
:103C080094390108393A0108453A0108513A01083E
:103C18005B3A0108673A0108743A01088C3A0108CE
:103C2800A83A0108BC3A0108CA3A0108D23A010880
:103C3800DA3A0108E33A0108000000003200000007
:103C480064000000C8000000EC3A01080000000011
:103C5800000000000000000000000000002000003C
:103C68002000000000000000000000000102030620
:103C78000C1201020306090C121B242D486C0000CB
:103C880027003C000447343235353538F53A010809
:103C98000000000500003C00AD550A192C00250065
:103CA8000447343235353538FA3A01080000000542
:103CB80000003C00AD550A193A004C000B51343055
:103CC80039333631FF3A01080000000500000000D2
:103CD800AD550A192E0027000447343235353538DA
:103CE800043B01080000000500000000AD550A195A
:103CF80000000000010203040000000000000000B2
:103D0800010203040607080900061016000610162B
:103D180059F3F8C21F6EA501000000000000F03F33
:103D280000000080DB0F4940DB0F49C0DB0F49BFB3
:103D3800E4CB1640E4CB16C0000FC93F000F494042
:103D480000CB9640000FC9400053FB4000CB164102
:103D580000ED2F41000F49410031624100537B4182
:103D6800003A8A4100CB9641005CA34100EDAF4187
:103D7800007EBC41000FC94100A0D5410031E2419D
:103D880000C2EE410053FB4100F20342003A0A42EE
:103D98000083104200CB164200141D42005C2342EF
:103DA80000A5294200ED2F4200363642007E3C42F3
:103DB80000C74242000F4942A2000000F90000007B
:103DC800830000006E0000004E0000004400000068
:103DD8001500000029000000FC000000270000007A
:103DE80057000000D1000000F5000000340000007A
:103DF800DD000000C0000000DB00000062000000E1
:103E080095000000990000003C00000043000000FD
:103E18009000000041000000FE000000510000007A
:103E280063000000AB000000DE000000BB000000E3
:103E3800C500000061000000B70000002400000079
:103E48006E0000003A000000420000004D00000033
:103E5800D2000000E0000000060000004900000059
:103E68002E000000EA00000009000000D100000058
:103E7800920000001C000000FE0000001D00000071
:103E8800EB0000001C000000B10000002900000049
:103E9800A70000003E000000E800000082000000CB
:103EA80035000000F50000002E000000BB000000F7
:103EB8004400000084000000E90000009C000000AD
:103EC8007000000026000000B40000005F00000041
:103ED8007E00000041000000390000009100000051
:103EE800D6000000390000008300000053000000E5
:103EF80039000000F40000009C000000840000006D
:103F08005F0000008B000000BD000000F900000009
:103F1800280000003B0000001F000000F80000001F
:103F280097000000FF000000DE0000000500000010
:103F3800980000000F000000EF0000002F000000B4
:103F4800110000008B0000005A0000000A00000069
:103F58006D0000001F0000006D000000360000002A
:103F68007E000000CF00000027000000CB0000000A
:103F780009000000B70000004F00000046000000E4
:103F88003F000000660000009E0000005F00000087
:103F9800EA0000002D000000750000002700000066
:103FA800BA000000C7000000EB000000E5000000B8
:103FB800F10000007B0000003D0000000700000049
:103FC80039000000F70000008A00000052000000DD
:103FD80092000000EA0000006B000000FB000000F7
:103FE8005F000000B10000001F0000008D0000000D
:103FF8005D000000080000005600000003000000FB
:104008003000000046000000FC0000007B000000BB
:104018006B000000AB000000F0000000CF000000C3
:10402800BC000000200000009A000000F40000001E
:10403800360000001D000000A9000000E300000099
:1040480091000000610000005E000000E600000032
:104058001B00000008000000650000009900000037
:10406800850000005F00000014000000A0000000B0
:1040780068000000400000008D000000FF00000004
:10408800D8000000800000004D0000007300000010
:1040980027000000310000000600000006000000B4
:1040A8001500000056000000CA0000007300000060
:1040B800A8000000C900000060000000E200000045
:1040C8007B000000C00000008C0000006B000000B6
:1040D8006937AC3168212233B40F14336821A23315
:1040E8003863ED3EDA0F493F5E987B3FDA0FC93FF0
:1040F8000000C93F0000F0390000DA370000A233A1
:104108000000842E0000502B0000C2270000D0229F
:104118000000C41F0000C61B000044170400000074
:0841280007000000090000007F
:08413000A0C0FE7F01000000A9
:04413800B5010008C5
:04413C0091010008E5
:104140000024F4000100000010000000AAAAAAAA9E
:10415000140000200000000084EA0120ECEA0120A5
:1041600054EB0120000000000000000000000000EF
:10417000000000000000000000000000000000003F
:10418000000000000000000000000000000000002F
:10419000000000000000000000000000000000001F
:0400000508008ED988
:00000001FF
