point_index,sweep_angle_deg,a1_raw_mean_error_deg,a1_raw_pointwise_sd_deg,a1_centered_mean_error_deg,a1_centered_pointwise_sd_deg,a1_top_selection_rate,a1_bottom_selection_rate,b_raw_mean_error_deg,b_raw_pointwise_sd_deg,b_centered_mean_error_deg,b_centered_pointwise_sd_deg,b_top_selection_rate,b_bottom_selection_rate,a2_raw_mean_error_deg,a2_raw_pointwise_sd_deg,a2_centered_mean_error_deg,a2_centered_pointwise_sd_deg,a2_top_selection_rate,a2_bottom_selection_rate,a_average_raw_mean_error_deg,a_average_centered_mean_error_deg,b_minus_a_raw_error_deg,b_minus_a_centered_error_deg,b_aligned_source_index,b_aligned_source_angle_deg,b_aligned_centered_mean_error_deg,b_minus_a_aligned_centered_error_deg
0,0.0,-0.0011733333333333333,0.0016724931489645431,0.026238981481481485,0.0019429385959424655,0.0,0.0,0.002235,0.0006010407640085655,0.011889958333333334,0.0024887998093712864,0.0,0.0,-0.0011733333333333333,0.0016724931489645431,0.026238981481481485,0.0019429385959424655,0.0,0.0,-0.0011733333333333333,0.026238981481481485,0.0034083333333333335,-0.01434902314814815,0,0.0,0.011889958333333334,-0.01434902314814815
1,1.0,0.08431333333333334,0.005614600015435949,0.11172564814814816,0.0035353765212296903,0.0,0.0,0.08445,0.008131727983645294,0.09410495833333334,0.011221568557025146,0.0,0.0,0.08431333333333334,0.005614600015435949,0.11172564814814816,0.0035353765212296903,0.0,0.0,0.08431333333333334,0.11172564814814816,0.00013666666666665994,-0.01762068981481482,1,1.0,0.09410495833333334,-0.01762068981481482
2,2.0,0.07556,0.022970128428025822,0.10297231481481482,0.02178722513731153,0.0,0.0,0.079525,0.006625590539717943,0.08917995833333334,0.003535749966338091,0.0,0.0,0.07556,0.022970128428025822,0.10297231481481482,0.02178722513731153,0.0,0.0,0.07556,0.10297231481481482,0.003964999999999996,-0.013792356481481485,2,2.0,0.08917995833333334,-0.013792356481481485
3,3.0,0.06403666666666667,0.010919296375377552,0.09144898148148149,0.013192635797159406,0.0,0.0,0.07191,0.008739839815465734,0.08156495833333333,0.005649999242085883,0.0,0.0,0.06403666666666667,0.010919296375377552,0.09144898148148149,0.013192635797159406,0.0,0.0,0.06403666666666667,0.09144898148148149,0.00787333333333333,-0.009884023148148166,3,3.0,0.08156495833333333,-0.009884023148148166
4,4.0,0.07088666666666667,0.014897386795452858,0.09829898148148149,0.01673191382089404,0.0,0.0,0.08837,0.00466690475583121,0.09802495833333333,0.001577064182451358,0.0,0.0,0.07088666666666667,0.014897386795452858,0.09829898148148149,0.01673191382089404,0.0,0.0,0.07088666666666667,0.09829898148148149,0.017483333333333337,-0.00027402314814815865,4,4.0,0.09802495833333333,-0.00027402314814815865
5,5.0,-0.005346666666666667,0.026122221064322482,0.02206564814814815,0.024432992953112846,0.0,0.0,0.012705000000000001,0.03812012657376678,0.022359958333333332,0.04120996714714663,0.0,0.0,-0.005346666666666667,0.026122221064322482,0.02206564814814815,0.024432992953112846,0.0,0.0,-0.005346666666666667,0.02206564814814815,0.018051666666666667,0.0002943101851851822,5,5.0,0.022359958333333332,0.0002943101851851822
6,6.0,-0.09421333333333333,0.013283227519444711,-0.06680101851851851,0.01393479203284764,0.0,0.0,-0.080625,0.017543319241238243,-0.07097004166666668,0.01445347866785839,0.0,0.0,-0.09421333333333333,0.013283227519444711,-0.06680101851851851,0.01393479203284764,0.0,0.0,-0.09421333333333333,-0.06680101851851851,0.013588333333333327,-0.004169023148148168,6,6.0,-0.07097004166666668,-0.004169023148148168
7,7.0,-0.18505000000000002,0.1869530433023223,-0.15763768518518517,0.18931707912407897,0.0,0.3333333333333333,-0.071935,0.012027886347983172,-0.06228004166666667,0.00893804577460332,0.0,0.0,-0.18505000000000002,0.1869530433023223,-0.15763768518518517,0.18931707912407897,0.0,0.3333333333333333,-0.18505000000000002,-0.15763768518518517,0.11311500000000002,0.0953576435185185,7,7.0,-0.06228004166666667,0.0953576435185185
8,8.0,-0.36662,0.04972965312567541,-0.33920768518518524,0.047521069838844576,0.0,0.3333333333333333,-0.09239,0.0015273506473629393,-0.08273504166666668,0.004617191220742791,0.0,0.0,-0.36662,0.04972965312567541,-0.33920768518518524,0.047521069838844576,0.0,0.3333333333333333,-0.36662,-0.33920768518518524,0.27423,0.25647264351851856,8,8.0,-0.08273504166666668,0.25647264351851856
9,9.0,-0.11944666666666666,0.00957022639927256,-0.09203435185185187,0.010852782205098686,0.0,0.0,-0.09729,0.0035779603128039367,-0.08763504166666666,0.0066678008861837884,0.0,0.0,-0.11944666666666666,0.00957022639927256,-0.09203435185185187,0.010852782205098686,0.0,0.0,-0.11944666666666666,-0.09203435185185187,0.022156666666666658,0.004399310185185204,9,9.0,-0.08763504166666666,0.004399310185185204
10,10.0,-0.09149333333333333,0.009015000462192634,-0.06408101851851851,0.009341695381986353,0.0,0.0,-0.08836,0.010380327547818516,-0.07870504166666667,0.007290486974438665,0.0,0.0,-0.09149333333333333,0.009015000462192634,-0.06408101851851851,0.009341695381986353,0.0,0.0,-0.09149333333333333,-0.06408101851851851,0.003133333333333335,-0.01462402314814816,10,10.0,-0.07870504166666667,-0.01462402314814816
11,11.0,0.07811333333333333,0.0030730007050655413,0.10552564814814815,0.004141370134545637,0.0,0.0,0.09058,0.008188296526140216,0.10023495833333333,0.005098455952760364,0.0,0.0,0.07811333333333333,0.0030730007050655413,0.10552564814814815,0.004141370134545637,0.0,0.0,0.07811333333333333,0.10552564814814815,0.012466666666666668,-0.005290689814814814,11,11.0,0.10023495833333333,-0.005290689814814814
12,12.0,0.07922666666666667,0.016205583399968464,0.10663898148148149,0.017375560154003118,0.0,0.0,0.08832000000000001,0.005586143571373729,0.09797495833333333,0.0024963029979938765,0.0,0.0,0.07922666666666667,0.016205583399968464,0.10663898148148149,0.017375560154003118,0.0,0.0,0.07922666666666667,0.10663898148148149,0.009093333333333342,-0.008664023148148153,12,12.0,0.09797495833333333,-0.008664023148148153
13,13.0,0.08248333333333334,0.015575224984998878,0.10989564814814816,0.015685393539219702,0.0,0.0,0.061625,0.0004879036790187151,0.07127995833333334,0.0035777442523985668,0.0,0.0,0.08248333333333334,0.015575224984998878,0.10989564814814816,0.015685393539219702,0.0,0.0,0.08248333333333334,0.10989564814814816,-0.02085833333333334,-0.03861568981481482,13,13.0,0.07127995833333334,-0.03861568981481482
14,14.0,0.08680666666666666,0.014128631686519871,0.11421898148148148,0.01508030055509662,0.3333333333333333,0.0,0.062645,0.022563777387662732,0.07229995833333333,0.01947393681428288,0.0,0.0,0.08680666666666666,0.014128631686519871,0.11421898148148148,0.01508030055509662,0.3333333333333333,0.0,0.08680666666666666,0.11421898148148148,-0.02416166666666665,-0.041919023148148146,14,14.0,0.07229995833333333,-0.041919023148148146
15,15.0,0.07012666666666667,0.015191090590649943,0.09753898148148149,0.013190323193279173,0.0,0.0,0.06073,0.015966471119192246,0.07038495833333333,0.012876630545812394,0.0,0.0,0.07012666666666667,0.015191090590649943,0.09753898148148149,0.013190323193279173,0.0,0.0,0.07012666666666667,0.09753898148148149,-0.009396666666666671,-0.02715402314814816,15,15.0,0.07038495833333333,-0.02715402314814816
16,16.0,-0.08563333333333334,0.01057170910181194,-0.05822101851851852,0.011817893558726141,0.0,0.0,-0.079565,0.01782616195371286,-0.06991004166666667,0.014736321380333008,0.0,0.0,-0.08563333333333334,0.01057170910181194,-0.05822101851851852,0.011817893558726141,0.0,0.0,-0.08563333333333334,-0.05822101851851852,0.006068333333333342,-0.011689023148148153,16,16.0,-0.06991004166666667,-0.011689023148148153
17,17.0,-0.24253999999999998,0.0260967201004264,-0.21512768518518519,0.023873261688096645,0.0,0.0,-0.075875,0.011660190821766172,-0.06622004166666667,0.014750031395146024,0.0,0.0,-0.24253999999999998,0.0260967201004264,-0.21512768518518519,0.023873261688096645,0.0,0.0,-0.24253999999999998,-0.21512768518518519,0.16666499999999998,0.1489076435185185,17,17.0,-0.06622004166666667,0.1489076435185185
18,18.0,-0.27199,0.013490574487396729,-0.2445776851851852,0.011620142773339238,0.0,0.0,-0.09021,0.0043699199077328575,-0.08055504166666666,0.0012800793343530055,0.0,0.0,-0.27199,0.013490574487396729,-0.2445776851851852,0.011620142773339238,0.0,0.0,-0.27199,-0.2445776851851852,0.18178,0.16402264351851853,18,18.0,-0.08055504166666666,0.16402264351851853
19,19.0,-0.08972333333333334,0.0062223575382111705,-0.06231101851851851,0.004710020299418703,0.0,0.0,-0.088065,0.003528462838120878,-0.07841004166666667,0.0004386222647410262,0.0,0.0,-0.08972333333333334,0.0062223575382111705,-0.06231101851851851,0.004710020299418703,0.0,0.0,-0.08972333333333334,-0.06231101851851851,0.001658333333333331,-0.016099023148148157,19,19.0,-0.07841004166666667,-0.016099023148148157
20,20.0,-0.09043666666666667,0.00610417343571866,-0.06302435185185185,0.007819013857413072,0.0,0.0,-0.09119,0.008697413408594529,-0.08153504166666667,0.01178725398197438,0.0,0.0,-0.09043666666666667,0.00610417343571866,-0.06302435185185185,0.007819013857413072,0.0,0.0,-0.09043666666666667,-0.06302435185185185,-0.0007533333333333281,-0.018510689814814824,20,20.0,-0.08153504166666667,-0.018510689814814824
21,21.0,0.08228,0.006283979630775392,0.10969231481481483,0.004867871627713612,0.0,0.0,0.07439499999999999,0.03554625789024774,0.08404995833333333,0.03245641731686789,0.0,0.0,0.08228,0.006283979630775392,0.10969231481481483,0.004867871627713612,0.0,0.0,0.08228,0.10969231481481483,-0.007885000000000017,-0.0256423564814815,21,21.0,0.08404995833333333,-0.0256423564814815
22,22.0,0.07776,0.004161838536031881,0.10517231481481482,0.004188727931472649,0.0,0.0,0.074595,0.02208294477645588,0.08424995833333333,0.025172785349835726,0.0,0.0,0.07776,0.004161838536031881,0.10517231481481482,0.004188727931472649,0.0,0.0,0.07776,0.10517231481481482,-0.003165000000000001,-0.020922356481481483,22,22.0,0.08424995833333333,-0.020922356481481483
23,23.0,0.07744666666666666,0.006169005862643777,0.10485898148148148,0.004880972421197618,0.0,0.0,0.07377,0.012911769824466356,0.08342495833333333,0.01600161039784621,0.0,0.0,0.07744666666666666,0.006169005862643777,0.10485898148148148,0.004880972421197618,0.0,0.0,0.07744666666666666,0.10485898148148148,-0.0036766666666666614,-0.021434023148148157,23,23.0,0.08342495833333333,-0.021434023148148157
24,24.0,0.08138666666666666,0.008001889360228207,0.10879898148148148,0.010135159421475031,0.0,0.0,0.07167499999999999,0.002793071785686859,0.08132995833333333,0.0002967687876929925,0.0,0.0,0.08138666666666666,0.008001889360228207,0.10879898148148148,0.010135159421475031,0.0,0.0,0.08138666666666666,0.10879898148148148,-0.009711666666666674,-0.027469023148148156,24,24.0,0.08132995833333333,-0.027469023148148156
25,25.0,-0.0644,0.011094647358073176,-0.036987685185185186,0.008760833912965473,0.0,0.0,-0.078325,0.003684026329981917,-0.06867004166666667,0.006773866903361769,0.0,0.0,-0.0644,0.011094647358073176,-0.036987685185185186,0.008760833912965473,0.0,0.0,-0.0644,-0.036987685185185186,-0.013925000000000007,-0.03168235648148148,25,25.0,-0.06867004166666667,-0.03168235648148148
26,26.0,-0.07092666666666668,0.0072175919345259,-0.04351435185185185,0.009337608525751948,0.0,0.0,-0.08454999999999999,0.0138451507756326,-0.07489504166666666,0.010755310202252748,0.0,0.0,-0.07092666666666668,0.0072175919345259,-0.04351435185185185,0.009337608525751948,0.0,0.0,-0.07092666666666668,-0.04351435185185185,-0.013623333333333307,-0.03138068981481481,26,26.0,-0.07489504166666666,-0.03138068981481481
27,27.0,-0.09486333333333334,0.003626076851548148,-0.06745101851851852,0.003079417666602028,0.0,0.0,-0.09165999999999999,0.016998847019724598,-0.08200504166666667,0.013909006446344746,0.0,0.0,-0.09486333333333334,0.003626076851548148,-0.06745101851851852,0.003079417666602028,0.0,0.0,-0.09486333333333334,-0.06745101851851852,0.0032033333333333497,-0.014554023148148146,27,27.0,-0.08200504166666667,-0.014554023148148146
28,28.0,-0.11367333333333333,0.03285748367318066,-0.08626101851851851,0.030849331324444958,0.0,0.0,-0.183365,0.018632263684265515,-0.17371004166666665,0.015542423110885674,0.0,0.0,-0.11367333333333333,0.03285748367318066,-0.08626101851851851,0.030849331324444958,0.0,0.0,-0.11367333333333333,-0.08626101851851851,-0.06969166666666667,-0.08744902314814813,28,28.0,-0.17371004166666665,-0.08744902314814813
29,29.0,-0.23648666666666665,0.018648630870209557,-0.20907435185185186,0.020595720939936783,0.0,0.0,-0.09251999999999999,0.013350176028802013,-0.08286504166666667,0.01026033545542216,0.0,0.0,-0.23648666666666665,0.018648630870209557,-0.20907435185185186,0.020595720939936783,0.0,0.0,-0.23648666666666665,-0.20907435185185186,0.14396666666666666,0.1262093101851852,29,29.0,-0.08286504166666667,0.1262093101851852
30,30.0,-0.08918,0.01196174318400123,-0.06176768518518518,0.009599866333879005,0.0,0.0,-0.10506,0.005713422791987307,-0.09540504166666666,0.008803263365367159,0.0,0.0,-0.08918,0.01196174318400123,-0.06176768518518518,0.009599866333879005,0.0,0.0,-0.08918,-0.06176768518518518,-0.015880000000000005,-0.03363735648148148,30,30.0,-0.09540504166666666,-0.03363735648148148
31,31.0,0.07530666666666667,0.003424767632020215,0.1027189814814815,0.0053853430561151185,0.0,0.0,0.06974,0.026870057685088804,0.07939495833333333,0.023780217111708947,0.0,0.0,0.07530666666666667,0.003424767632020215,0.1027189814814815,0.0053853430561151185,0.0,0.0,0.07530666666666667,0.1027189814814815,-0.005566666666666678,-0.02332402314814816,31,31.0,0.07939495833333333,-0.02332402314814816
32,32.0,0.07955666666666666,0.011442710925883486,0.10696898148148148,0.013746173299780668,0.0,0.0,0.077945,0.0074034079990231575,0.08759995833333334,0.010493248572403009,0.0,0.0,0.07955666666666666,0.011442710925883486,0.10696898148148148,0.013746173299780668,0.0,0.0,0.07955666666666666,0.10696898148148148,-0.001611666666666664,-0.019369023148148146,32,32.0,0.08759995833333334,-0.019369023148148146
33,33.0,0.08354333333333334,0.003903413036476331,0.11095564814814814,0.004774204201536974,0.0,0.0,0.080335,0.009948992411294722,0.08998995833333334,0.013038832984674575,0.0,0.0,0.08354333333333334,0.003903413036476331,0.11095564814814814,0.004774204201536974,0.0,0.0,0.08354333333333334,0.11095564814814814,-0.003208333333333341,-0.020965689814814795,33,33.0,0.08998995833333334,-0.020965689814814795
34,34.0,0.08669,0.011165164575589555,0.11410231481481482,0.009387109335887123,0.0,0.0,0.086035,0.007219560235914648,0.09568995833333332,0.004129719662534797,0.0,0.0,0.08669,0.011165164575589555,0.11410231481481482,0.009387109335887123,0.0,0.0,0.08669,0.11410231481481482,-0.0006550000000000028,-0.0184123564814815,34,34.0,0.09568995833333332,-0.0184123564814815
35,35.0,-0.07794333333333332,0.01040627374872165,-0.05053101851851851,0.01259512092919064,0.0,0.0,-0.078325,0.03025709916697237,-0.06867004166666667,0.03334693974035222,0.0,0.0,-0.07794333333333332,0.01040627374872165,-0.05053101851851851,0.01259512092919064,0.0,0.0,-0.07794333333333332,-0.05053101851851851,-0.0003816666666666829,-0.018139023148148158,35,35.0,-0.06867004166666667,-0.018139023148148158
36,36.0,-0.08669,0.02589674883069301,-0.059277685185185176,0.025602762649663612,0.0,0.0,-0.078515,0.007827672067735079,-0.06886004166666668,0.0047378314943552265,0.0,0.0,-0.08669,0.02589674883069301,-0.059277685185185176,0.025602762649663612,0.0,0.0,-0.08669,-0.059277685185185176,0.008175000000000002,-0.0095823564814815,36,36.0,-0.06886004166666668,-0.0095823564814815
37,37.0,-0.08528666666666666,0.009707364901626667,-0.05787435185185185,0.012034414952874658,0.0,0.0,-0.086845,0.0035001785668734076,-0.07719004166666667,0.00041033799349355564,0.0,0.0,-0.08528666666666666,0.009707364901626667,-0.05787435185185185,0.012034414952874658,0.0,0.0,-0.08528666666666666,-0.05787435185185185,-0.0015583333333333421,-0.019315689814814817,37,37.0,-0.07719004166666667,-0.019315689814814817
38,38.0,-0.19549333333333332,0.2069859609570981,-0.16808101851851853,0.2056382931835488,0.0,0.3333333333333333,-0.08025499999999999,0.007035712472806148,-0.07060004166666667,0.0039458718994262966,0.0,0.0,-0.19549333333333332,0.2069859609570981,-0.16808101851851853,0.2056382931835488,0.0,0.3333333333333333,-0.19549333333333332,-0.16808101851851853,0.11523833333333333,0.09748097685185186,38,38.0,-0.07060004166666667,0.09748097685185186
39,39.0,-0.23148999999999997,0.046005773550718596,-0.20407768518518518,0.044799145698272085,0.0,0.0,-0.10167000000000001,0.004893178925810906,-0.09201504166666667,0.001803338352431054,0.0,0.0,-0.23148999999999997,0.046005773550718596,-0.20407768518518518,0.044799145698272085,0.0,0.0,-0.23148999999999997,-0.20407768518518518,0.12981999999999996,0.11206264351851851,39,39.0,-0.09201504166666667,0.11206264351851851
40,40.0,-0.08588666666666667,0.007600923189543051,-0.05847435185185185,0.009582184492424584,0.0,0.0,-0.090595,0.0027082189719444772,-0.08094004166666666,0.00038162160143537477,0.0,0.0,-0.08588666666666667,0.007600923189543051,-0.05847435185185185,0.009582184492424584,0.0,0.0,-0.08588666666666667,-0.05847435185185185,-0.004708333333333328,-0.02246568981481481,40,40.0,-0.08094004166666666,-0.02246568981481481
41,41.0,0.08277333333333332,0.01209995592278473,0.11018564814814814,0.010217056405408879,0.0,0.0,0.078405,0.023992133085659555,0.08805995833333333,0.0270819736590394,0.0,0.0,0.08277333333333332,0.01209995592278473,0.11018564814814814,0.010217056405408879,0.0,0.0,0.08277333333333332,0.11018564814814814,-0.004368333333333321,-0.022125689814814817,41,41.0,0.08805995833333333,-0.022125689814814817
42,42.0,0.08122333333333333,0.006564924472782099,0.10863564814814815,0.004807078886875054,0.0,0.0,0.09125,0.0033799704140717018,0.10090495833333332,0.0002901298406918499,0.0,0.0,0.08122333333333333,0.006564924472782099,0.10863564814814815,0.004807078886875054,0.0,0.0,0.08122333333333333,0.10863564814814815,0.01002666666666667,-0.007730689814814826,42,42.0,0.10090495833333332,-0.007730689814814826
43,43.0,0.07867333333333333,0.01745804780991659,0.10608564814814815,0.015742391810796726,0.0,0.0,0.068715,0.012551145366061224,0.07836995833333334,0.009461304792681369,0.0,0.0,0.07867333333333333,0.01745804780991659,0.10608564814814815,0.015742391810796726,0.0,0.0,0.07867333333333333,0.10608564814814815,-0.009958333333333333,-0.027715689814814815,43,43.0,0.07836995833333334,-0.027715689814814815
44,44.0,0.06504333333333333,0.018516504349723604,0.09245564814814815,0.02071349173665898,0.0,0.0,0.08098,0.01982727414447079,0.09063495833333333,0.016737433571090938,0.0,0.0,0.06504333333333333,0.018516504349723604,0.09245564814814815,0.02071349173665898,0.0,0.0,0.06504333333333333,0.09245564814814815,0.01593666666666667,-0.0018206898148148132,44,44.0,0.09063495833333333,-0.0018206898148148132
45,45.0,-0.08165,0.008501194033781374,-0.05423768518518518,0.010852110292243174,0.0,0.0,-0.05674,0.013859292911256331,-0.047085041666666674,0.016949133484636184,0.0,0.0,-0.08165,0.008501194033781374,-0.05423768518518518,0.010852110292243174,0.0,0.0,-0.08165,-0.05423768518518518,0.02491,0.007152643518518506,45,45.0,-0.047085041666666674,0.007152643518518506
46,46.0,-0.10361,0.029647981381537594,-0.07619768518518517,0.02786007915091072,0.0,0.0,-0.07725499999999999,0.009326738443850556,-0.06760004166666667,0.006236897870470705,0.0,0.0,-0.10361,0.029647981381537594,-0.07619768518518517,0.02786007915091072,0.0,0.0,-0.10361,-0.07619768518518517,0.026355000000000003,0.008597643518518508,46,46.0,-0.06760004166666667,0.008597643518518508
47,47.0,-0.29744333333333334,0.19924513653621093,-0.2700310185185185,0.1968824704123386,0.0,0.6666666666666666,-0.07244,0.002305168106668144,-0.06278504166666667,0.005395008680047996,0.0,0.0,-0.29744333333333334,0.19924513653621093,-0.2700310185185185,0.1968824704123386,0.0,0.6666666666666666,-0.29744333333333334,-0.2700310185185185,0.22500333333333333,0.20724597685185187,47,47.0,-0.06278504166666667,0.20724597685185187
48,48.0,-0.30163333333333336,0.033942560795162946,-0.2742210185185185,0.03608358379972874,0.0,0.0,-0.08768000000000001,0.010634885989045682,-0.07802504166666667,0.013724726562425535,0.0,0.0,-0.30163333333333336,0.033942560795162946,-0.2742210185185185,0.03608358379972874,0.0,0.0,-0.30163333333333336,-0.2742210185185185,0.21395333333333336,0.1961959768518518,48,48.0,-0.07802504166666667,0.1961959768518518
49,49.0,-0.09324666666666666,0.010510662839865683,-0.06583435185185185,0.011914400772089773,0.0,0.0,-0.07961,0.0068447936418857755,-0.06995504166666666,0.009934634215265628,0.0,0.0,-0.09324666666666666,0.010510662839865683,-0.06583435185185185,0.011914400772089773,0.0,0.0,-0.09324666666666666,-0.06583435185185185,0.013636666666666658,-0.00412068981481481,49,49.0,-0.06995504166666666,-0.00412068981481481
50,50.0,-0.08956000000000001,0.008948301514812743,-0.06214768518518518,0.008813598915912041,0.0,0.0,-0.077805,0.0067245854890840605,-0.06815004166666666,0.0036347449157042087,0.0,0.0,-0.08956000000000001,0.008948301514812743,-0.06214768518518518,0.008813598915912041,0.0,0.0,-0.08956000000000001,-0.06214768518518518,0.011755000000000015,-0.00600235648148148,50,50.0,-0.06815004166666666,-0.00600235648148148
51,51.0,0.08527666666666667,0.002997354389012642,0.11268898148148149,0.0008649493233983915,0.0,0.0,0.092145,0.001152584053334077,0.10179995833333333,0.004242424626713929,0.0,0.0,0.08527666666666667,0.002997354389012642,0.11268898148148149,0.0008649493233983915,0.0,0.0,0.08527666666666667,0.11268898148148149,0.006868333333333337,-0.010889023148148158,51,51.0,0.10179995833333333,-0.010889023148148158
52,52.0,0.0863,0.011731116741384853,0.11371231481481481,0.009608540530608365,0.0,0.0,0.082005,0.01730290293563482,0.09165995833333333,0.020392743509014672,0.0,0.0,0.0863,0.011731116741384853,0.11371231481481481,0.009608540530608365,0.0,0.0,0.0863,0.11371231481481481,-0.004295000000000007,-0.022052356481481475,52,52.0,0.09165995833333333,-0.022052356481481475
53,53.0,0.09164,0.0058222761871968955,0.11905231481481482,0.0038345842908846296,0.0,0.0,0.077815,0.008817621561396245,0.08746995833333333,0.005727780988016392,0.0,0.0,0.09164,0.0058222761871968955,0.11905231481481482,0.0038345842908846296,0.0,0.0,0.09164,0.11905231481481482,-0.013825000000000004,-0.031582356481481486,53,53.0,0.08746995833333333,-0.031582356481481486
54,54.0,0.07693333333333334,0.018022964055152895,0.10434564814814813,0.01880429648547184,0.0,0.0,0.08623,0.000424264068711921,0.09588495833333333,0.003514104642091773,0.0,0.0,0.07693333333333334,0.018022964055152895,0.10434564814814813,0.01880429648547184,0.0,0.0,0.07693333333333334,0.10434564814814813,0.009296666666666661,-0.008460689814814806,54,54.0,0.09588495833333333,-0.008460689814814806
55,55.0,0.09583666666666667,0.019608371511508373,0.12324898148148149,0.017425548782968144,0.3333333333333333,0.0,0.07391500000000001,0.017345329342506013,0.08356995833333333,0.014255488769126157,0.0,0.0,0.09583666666666667,0.019608371511508373,0.12324898148148149,0.017425548782968144,0.3333333333333333,0.0,0.09583666666666667,0.12324898148148149,-0.02192166666666666,-0.039679023148148154,55,55.0,0.08356995833333333,-0.039679023148148154
56,56.0,-0.09024666666666666,0.00860261781862552,-0.06283435185185184,0.010922376060799622,0.0,0.0,-0.08354,0.00311126983722081,-0.07388504166666666,0.006201110410600662,0.0,0.0,-0.09024666666666666,0.00860261781862552,-0.06283435185185184,0.010922376060799622,0.0,0.0,-0.09024666666666666,-0.06283435185185184,0.0067066666666666525,-0.01105068981481483,56,56.0,-0.07388504166666666,-0.01105068981481483
57,57.0,-0.09883666666666667,0.01228598524064445,-0.07142435185185185,0.011286084237885156,0.0,0.0,-0.07747000000000001,0.011624835482706838,-0.06781504166666667,0.01471467605608669,0.0,0.0,-0.09883666666666667,0.01228598524064445,-0.07142435185185185,0.011286084237885156,0.0,0.0,-0.09883666666666667,-0.07142435185185185,0.02136666666666666,0.003609310185185177,57,57.0,-0.06781504166666667,0.003609310185185177
58,58.0,-0.14395333333333335,0.034923863379261656,-0.11654101851851852,0.03262338520224824,0.0,0.0,-0.095785,0.011066221125569467,-0.08613004166666666,0.007976380552189615,0.0,0.0,-0.14395333333333335,0.034923863379261656,-0.11654101851851852,0.03262338520224824,0.0,0.0,-0.14395333333333335,-0.11654101851851852,0.048168333333333355,0.03041097685185186,58,58.0,-0.08613004166666666,0.03041097685185186
59,59.0,-0.09833666666666667,0.0013858691616936084,-0.07092435185185185,0.0036365645696294674,0.0,0.0,-0.087805,0.0031607673119038687,-0.07815004166666667,0.0062506078852837205,0.0,0.0,-0.09833666666666667,0.0013858691616936084,-0.07092435185185185,0.0036365645696294674,0.0,0.0,-0.09833666666666667,-0.07092435185185185,0.010531666666666675,-0.00722568981481482,59,59.0,-0.07815004166666667,-0.00722568981481482
60,60.0,-0.09247333333333334,0.006703628370765587,-0.06506101851851852,0.004653172316799053,0.0,0.0,-0.09386,0.0012445079348883318,-0.08420504166666667,0.00184533263849152,0.0,0.0,-0.09247333333333334,0.006703628370765587,-0.06506101851851852,0.004653172316799053,0.0,0.0,-0.09247333333333334,-0.06506101851851852,-0.001386666666666661,-0.019144023148148157,60,60.0,-0.08420504166666667,-0.019144023148148157
61,61.0,0.08594,0.004600293468899561,0.11335231481481482,0.0044529802149807785,0.0,0.0,0.07364,0.021368766927457462,0.08329495833333334,0.024458607500837316,0.0,0.0,0.08594,0.004600293468899561,0.11335231481481482,0.0044529802149807785,0.0,0.0,0.08594,0.11335231481481482,-0.012300000000000005,-0.030057356481481487,61,61.0,0.08329495833333334,-0.030057356481481487
62,62.0,0.08857666666666668,0.004675781574596199,0.11598898148148147,0.00669094812238832,0.0,0.0,0.07243,0.0102813325984524,0.08208495833333332,0.013371173171832252,0.0,0.0,0.08857666666666668,0.004675781574596199,0.11598898148148147,0.00669094812238832,0.0,0.0,0.08857666666666668,0.11598898148148147,-0.016146666666666684,-0.03390402314814815,62,62.0,0.08208495833333332,-0.03390402314814815
63,63.0,0.07229666666666666,0.009766096115302849,0.09970898148148148,0.011607667358203979,0.0,0.0,0.06655,0.03488864858374425,0.07620495833333332,0.0317988080103644,0.0,0.0,0.07229666666666666,0.009766096115302849,0.09970898148148148,0.011607667358203979,0.0,0.0,0.07229666666666666,0.09970898148148148,-0.005746666666666664,-0.02350402314814816,63,63.0,0.07620495833333332,-0.02350402314814816
64,64.0,0.08493333333333335,0.008928865176120269,0.11234564814814814,0.007706102771481819,0.0,0.0,0.05944,0.01049346463280837,0.06909495833333333,0.007403624059428518,0.0,0.0,0.08493333333333335,0.008928865176120269,0.11234564814814814,0.007706102771481819,0.0,0.0,0.08493333333333335,0.11234564814814814,-0.025493333333333347,-0.04325068981481481,64,64.0,0.06909495833333333,-0.04325068981481481
65,65.0,-0.07217333333333333,0.017014300847620317,-0.04476101851851852,0.015216896177489413,0.0,0.0,-0.0877,0.0036486709909225837,-0.07804504166666668,0.0005588304175427319,0.0,0.0,-0.07217333333333333,0.017014300847620317,-0.04476101851851852,0.015216896177489413,0.0,0.0,-0.07217333333333333,-0.04476101851851852,-0.015526666666666675,-0.033284023148148156,65,65.0,-0.07804504166666668,-0.033284023148148156
66,66.0,-0.08184999999999999,0.01438297257175998,-0.05443768518518518,0.016544181438248214,0.0,0.0,-0.051895,0.009652007563196376,-0.04224004166666667,0.012741848136576228,0.0,0.0,-0.08184999999999999,0.01438297257175998,-0.05443768518518518,0.016544181438248214,0.0,0.0,-0.08184999999999999,-0.05443768518518518,0.029954999999999996,0.012197643518518507,66,66.0,-0.04224004166666667,0.012197643518518507
67,67.0,-0.3142,0.0931094952193384,-0.2867876851851852,0.09075169150254331,0.0,0.0,-0.341475,0.1335795420339507,-0.3318200416666666,0.13048970146057082,0.0,1.0,-0.3142,0.0931094952193384,-0.2867876851851852,0.09075169150254331,0.0,0.0,-0.3142,-0.2867876851851852,-0.027274999999999994,-0.045032356481481406,67,67.0,-0.3318200416666666,-0.045032356481481406
68,68.0,-0.36045666666666665,0.02650153266008088,-0.3330443518518518,0.024461553432141833,0.0,0.0,-0.3627,0.03693925824918525,-0.3530450416666666,0.03384941767580539,0.0,1.0,-0.36045666666666665,0.02650153266008088,-0.3330443518518518,0.024461553432141833,0.0,0.0,-0.36045666666666665,-0.3330443518518518,-0.002243333333333375,-0.020000689814814787,68,68.0,-0.3530450416666666,-0.020000689814814787
69,69.0,-0.36796,0.016647224993974225,-0.3405476851851852,0.01501856941387745,0.0,0.0,-0.145615,0.03950605586489241,-0.13596004166666667,0.03641621529151256,0.0,0.0,-0.36796,0.016647224993974225,-0.3405476851851852,0.01501856941387745,0.0,0.0,-0.36796,-0.3405476851851852,0.22234500000000001,0.20458764351851852,69,69.0,-0.13596004166666667,0.20458764351851852
70,70.0,-0.08921000000000001,0.0020605096456944782,-0.061797685185185185,0.0009257070964098847,0.0,0.0,-0.097275,0.005069955621107553,-0.08762004166666668,0.001980115047727701,0.0,0.0,-0.08921000000000001,0.0020605096456944782,-0.061797685185185185,0.0009257070964098847,0.0,0.0,-0.08921000000000001,-0.061797685185185185,-0.008064999999999989,-0.02582235648148149,70,70.0,-0.08762004166666668,-0.02582235648148149
71,71.0,0.09278666666666667,0.01184098954198226,0.12019898148148149,0.014204827684779188,0.3333333333333333,0.0,0.089645,0.012579429637308681,0.09929995833333333,0.009489589063928829,0.0,0.0,0.09278666666666667,0.01184098954198226,0.12019898148148149,0.014204827684779188,0.3333333333333333,0.0,0.09278666666666667,0.12019898148148149,-0.0031416666666666676,-0.020899023148148163,71,71.0,0.09929995833333333,-0.020899023148148163
72,72.0,0.07554666666666666,0.02233231365831434,0.10295898148148148,0.02021624070996283,0.0,0.0,0.09158,0.006321534623807728,0.10123495833333333,0.00941137519718758,0.0,0.0,0.07554666666666666,0.02233231365831434,0.10295898148148148,0.02021624070996283,0.0,0.0,0.07554666666666666,0.10295898148148148,0.01603333333333333,-0.0017240231481481516,72,72.0,0.10123495833333333,-0.0017240231481481516
73,73.0,0.09347666666666665,0.005329393336331383,0.12088898148148147,0.00767919298051867,0.0,0.0,0.083635,0.0026092240225783596,0.09328995833333334,0.005699064595958212,0.0,0.0,0.09347666666666665,0.005329393336331383,0.12088898148148147,0.00767919298051867,0.0,0.0,0.09347666666666665,0.12088898148148147,-0.009841666666666651,-0.027599023148148133,73,73.0,0.09328995833333334,-0.027599023148148133
74,74.0,0.07396,0.01264080298082365,0.1013723148148148,0.013130281361354898,0.0,0.0,0.06024,0.005091168824543136,0.06989495833333334,0.002001328251163279,0.0,0.0,0.07396,0.01264080298082365,0.1013723148148148,0.013130281361354898,0.0,0.0,0.07396,0.1013723148148148,-0.013719999999999996,-0.031477356481481464,74,74.0,0.06989495833333334,-0.031477356481481464
75,75.0,-0.06506333333333333,0.014927834180929704,-0.037651018518518514,0.014331220032147473,0.0,0.0,-0.07286000000000001,0.02979747975920111,-0.06320504166666667,0.03288732033258096,0.0,0.0,-0.06506333333333333,0.014927834180929704,-0.037651018518518514,0.014331220032147473,0.0,0.0,-0.06506333333333333,-0.037651018518518514,-0.007796666666666674,-0.025554023148148156,75,75.0,-0.06320504166666667,-0.025554023148148156
76,76.0,-0.08591,0.012168718091894477,-0.05849768518518519,0.01153025035940529,0.0,0.0,-0.07424,0.005600285706997464,-0.06458504166666668,0.002510445133617612,0.0,0.0,-0.08591,0.012168718091894477,-0.05849768518518519,0.01153025035940529,0.0,0.0,-0.08591,-0.05849768518518519,0.01167,-0.006087356481481489,76,76.0,-0.06458504166666668,-0.006087356481481489
77,77.0,-0.39685,0.008740617827133272,-0.3694376851851852,0.009135798862199502,0.0,0.3333333333333333,-0.08457,0.01716855264720938,-0.07491504166666667,0.01407871207382953,0.0,0.0,-0.39685,0.008740617827133272,-0.3694376851851852,0.009135798862199502,0.0,0.3333333333333333,-0.39685,-0.3694376851851852,0.31228,0.29452264351851853,77,77.0,-0.07491504166666667,0.29452264351851853
78,78.0,-0.29787,0.007271155341484589,-0.2704576851851852,0.006567644091005643,0.0,0.0,-0.09049,0.008923687578574225,-0.08083504166666666,0.012013528151954077,0.0,0.0,-0.29787,0.007271155341484589,-0.2704576851851852,0.006567644091005643,0.0,0.0,-0.29787,-0.2704576851851852,0.20738,0.18962264351851854,78,78.0,-0.08083504166666666,0.18962264351851854
79,79.0,-0.09361000000000001,0.003058741571300192,-0.06619768518518518,0.00233589585848277,0.0,0.0,-0.089755,0.0012515790027001848,-0.08010004166666668,0.001838261570679667,0.0,0.0,-0.09361000000000001,0.003058741571300192,-0.06619768518518518,0.00233589585848277,0.0,0.0,-0.09361000000000001,-0.06619768518518518,0.003855000000000011,-0.013902356481481498,79,79.0,-0.08010004166666668,-0.013902356481481498
80,80.0,-0.08734333333333333,0.0025575834948899194,-0.059931018518518515,0.0019490193684809777,0.0,0.0,-0.10137,0.0007212489168102736,-0.09171504166666666,0.0023685916565695784,0.0,0.0,-0.08734333333333333,0.0025575834948899194,-0.059931018518518515,0.0019490193684809777,0.0,0.0,-0.08734333333333333,-0.059931018518518515,-0.014026666666666673,-0.03178402314814815,80,80.0,-0.09171504166666666,-0.03178402314814815
81,81.0,0.08630666666666668,0.009537218322620772,0.11371898148148148,0.010215232286413304,0.0,0.0,0.08407500000000001,0.0026375082938258202,0.09372995833333334,0.005727348867205672,0.0,0.0,0.08630666666666668,0.009537218322620772,0.11371898148148148,0.010215232286413304,0.0,0.0,0.08630666666666668,0.11371898148148148,-0.0022316666666666735,-0.01998902314814814,81,81.0,0.09372995833333334,-0.01998902314814814
82,82.0,0.07988333333333333,0.0031684433612317107,0.10729564814814814,0.0055322823481991105,0.0,0.0,0.08580499999999999,0.005621498910433052,0.09545995833333333,0.008711339483812903,0.0,0.0,0.07988333333333333,0.0031684433612317107,0.10729564814814814,0.0055322823481991105,0.0,0.0,0.07988333333333333,0.10729564814814814,0.005921666666666658,-0.01183568981481481,82,82.0,0.09545995833333333,-0.01183568981481481
83,83.0,0.08726,0.009245523241006972,0.11467231481481481,0.006881213839586835,0.0,0.0,0.07367499999999999,0.005013387078612621,0.08332995833333333,0.0019235465052327694,0.0,0.0,0.08726,0.009245523241006972,0.11467231481481481,0.006881213839586835,0.0,0.0,0.08726,0.11467231481481481,-0.013585000000000014,-0.03134235648148148,83,83.0,0.08332995833333333,-0.03134235648148148
84,84.0,0.07925666666666667,0.00462082604447877,0.10666898148148148,0.0065704891031238685,0.0,0.0,0.059655,0.007997377695219857,0.06930995833333334,0.004907537121840001,0.0,0.0,0.07925666666666667,0.00462082604447877,0.10666898148148148,0.0065704891031238685,0.0,0.0,0.07925666666666667,0.10666898148148148,-0.01960166666666667,-0.03735902314814814,84,84.0,0.06930995833333334,-0.03735902314814814
85,85.0,0.05159666666666667,0.010722603850433592,0.07900898148148149,0.013071663695815148,0.0,0.0,-0.08382,0.009644936495384508,-0.07416504166666667,0.006555095922004656,0.0,0.0,0.05159666666666667,0.010722603850433592,0.07900898148148149,0.013071663695815148,0.0,0.0,0.05159666666666667,0.07900898148148149,-0.13541666666666669,-0.15317402314814815,85,85.0,-0.07416504166666667,-0.15317402314814815
86,86.0,-0.0855,0.010709215657554009,-0.05808768518518518,0.009086514978894653,0.0,0.0,-0.08146,0.006703372285648472,-0.07180504166666667,0.009793212859028323,0.0,0.0,-0.0855,0.010709215657554009,-0.05808768518518518,0.009086514978894653,0.0,0.0,-0.0855,-0.05808768518518518,0.004040000000000002,-0.013717356481481487,86,86.0,-0.07180504166666667,-0.013717356481481487
87,87.0,-0.20486000000000001,0.009425306361068584,-0.17744768518518517,0.011725825640937902,0.0,0.0,-0.06358,0.008244865068635142,-0.05392504166666667,0.00515502449525529,0.0,0.0,-0.20486000000000001,0.009425306361068584,-0.17744768518518517,0.011725825640937902,0.0,0.0,-0.20486000000000001,-0.17744768518518517,0.14128000000000002,0.1235226435185185,87,87.0,-0.05392504166666667,0.1235226435185185
88,88.0,-0.16109333333333334,0.004056073635097541,-0.13368101851851852,0.0027560368282579287,0.0,0.0,-0.07983,0.003280975464705584,-0.07017504166666666,0.006370816038085436,0.0,0.0,-0.16109333333333334,0.004056073635097541,-0.13368101851851852,0.0027560368282579287,0.0,0.0,-0.16109333333333334,-0.13368101851851852,0.08126333333333334,0.06350597685185186,88,88.0,-0.07017504166666666,0.06350597685185186
89,89.0,-0.07776,0.005748138829221157,-0.05034768518518518,0.007535897776311076,0.0,0.0,-0.08967,0.0007919595949289402,-0.08001504166666668,0.002297880978450912,0.0,0.0,-0.07776,0.005748138829221157,-0.05034768518518518,0.007535897776311076,0.0,0.0,-0.07776,-0.05034768518518518,-0.011910000000000004,-0.029667356481481492,89,89.0,-0.08001504166666668,-0.029667356481481492
90,90.0,0.0002966666666666666,0.006557105560636746,0.027708981481481484,0.008107841118930804,0.0,0.0,-0.041855,0.02153140148713037,-0.032200041666666665,0.018441560913750522,0.0,0.0,0.0002966666666666666,0.006557105560636746,0.027708981481481484,0.008107841118930804,0.0,0.0,0.0002966666666666666,0.027708981481481484,-0.04215166666666667,-0.05990902314814815,90,90.0,-0.032200041666666665,-0.05990902314814815
91,91.0,0.08856000000000001,0.010069404153176097,0.1159723148148148,0.00838478067463169,0.0,0.0,0.08052000000000001,0.013703729419395287,0.09017495833333333,0.016793569992775138,0.0,0.0,0.08856000000000001,0.010069404153176097,0.1159723148148148,0.00838478067463169,0.0,0.0,0.08856000000000001,0.1159723148148148,-0.008040000000000005,-0.025797356481481473,91,91.0,0.09017495833333333,-0.025797356481481473
92,92.0,0.08029666666666667,0.005840002853880577,0.10770898148148149,0.0042067868245969885,0.0,0.0,0.07219,0.007424621202458746,0.08184495833333333,0.010514461775838597,0.0,0.0,0.08029666666666667,0.005840002853880577,0.10770898148148149,0.0042067868245969885,0.0,0.0,0.08029666666666667,0.10770898148148149,-0.008106666666666665,-0.02586402314814816,92,92.0,0.08184495833333333,-0.02586402314814816
93,93.0,0.08339999999999999,0.02072801968351053,0.11081231481481481,0.023055787698669523,0.0,0.0,0.07783000000000001,0.01537250142299554,0.08748495833333333,0.018462341996375392,0.0,0.0,0.08339999999999999,0.02072801968351053,0.11081231481481481,0.023055787698669523,0.0,0.0,0.08339999999999999,0.11081231481481481,-0.005569999999999978,-0.023327356481481473,93,93.0,0.08748495833333333,-0.023327356481481473
94,94.0,0.07763333333333333,0.006807748036857218,0.10504564814814815,0.007217021714297376,0.0,0.0,0.06117,0.016574582951012672,0.07082495833333333,0.019664423524392523,0.0,0.0,0.07763333333333333,0.006807748036857218,0.10504564814814815,0.007217021714297376,0.0,0.0,0.07763333333333333,0.10504564814814815,-0.01646333333333333,-0.034220689814814825,94,94.0,0.07082495833333333,-0.034220689814814825
95,95.0,0.09443333333333333,0.016764678145831893,0.12184564814814815,0.0144758953736577,0.3333333333333333,0.0,0.063905,0.004080006127446382,0.07355995833333334,0.007169846700826229,0.0,0.0,0.09443333333333333,0.016764678145831893,0.12184564814814815,0.0144758953736577,0.3333333333333333,0.0,0.09443333333333333,0.12184564814814815,-0.030528333333333324,-0.048285689814814806,95,95.0,0.07355995833333334,-0.048285689814814806
96,96.0,-0.08232666666666667,0.008987348515181397,-0.05491435185185186,0.010850315647337735,0.0,0.0,-0.079545,0.0005444722215136463,-0.06989004166666667,0.0025453683518662056,0.0,0.0,-0.08232666666666667,0.008987348515181397,-0.05491435185185186,0.010850315647337735,0.0,0.0,-0.08232666666666667,-0.05491435185185186,0.0027816666666666684,-0.014975689814814806,96,96.0,-0.06989004166666667,-0.014975689814814806
97,97.0,-0.28580333333333335,0.013076866342260029,-0.25839101851851853,0.013655466064662848,0.0,0.0,-0.08465,0.01964342638136229,-0.07499504166666668,0.02273326695474214,0.0,0.0,-0.28580333333333335,0.013076866342260029,-0.25839101851851853,0.013655466064662848,0.0,0.0,-0.28580333333333335,-0.25839101851851853,0.20115333333333335,0.18339597685185186,97,97.0,-0.07499504166666668,0.18339597685185186
98,98.0,-0.31678999999999996,0.011232359502793679,-0.2893776851851852,0.008945206228012682,0.0,0.0,-0.093585,0.0009263098833543812,-0.08393004166666668,0.0021635306900254707,0.0,0.0,-0.31678999999999996,0.011232359502793679,-0.2893776851851852,0.008945206228012682,0.0,0.0,-0.31678999999999996,-0.2893776851851852,0.22320499999999996,0.20544764351851852,98,98.0,-0.08393004166666668,0.20544764351851852
99,99.0,-0.15341000000000002,0.004576843890717703,-0.12599768518518517,0.002782923675543254,0.0,0.0,-0.08744,0.008343860018001263,-0.07778504166666667,0.005254019444621412,0.0,0.0,-0.15341000000000002,0.004576843890717703,-0.12599768518518517,0.002782923675543254,0.0,0.0,-0.15341000000000002,-0.12599768518518517,0.06597000000000001,0.048212643518518505,99,99.0,-0.07778504166666667,0.048212643518518505
100,100.0,-0.09238333333333333,0.00809387628601607,-0.06497101851851851,0.007979015523292094,0.0,0.0,-0.084065,0.005621498910433052,-0.07441004166666666,0.008711339483812903,0.0,0.0,-0.09238333333333333,0.00809387628601607,-0.06497101851851851,0.007979015523292094,0.0,0.0,-0.09238333333333333,-0.06497101851851851,0.00831833333333333,-0.009439023148148151,100,100.0,-0.07441004166666666,-0.009439023148148151
101,101.0,0.08700000000000001,0.0018943072612435405,0.11441231481481483,0.00169040174893073,0.0,0.0,0.08652,0.03155110457654375,0.09617495833333334,0.0346409451499236,0.5,0.0,0.08700000000000001,0.0018943072612435405,0.11441231481481483,0.00169040174893073,0.0,0.0,0.08700000000000001,0.11441231481481483,-0.0004800000000000082,-0.01823735648148149,101,101.0,0.09617495833333334,-0.01823735648148149
102,102.0,0.07497666666666668,0.015778581474053154,0.1023889814814815,0.014343688588785222,0.0,0.0,0.081455,0.008492352442050431,0.09110995833333332,0.011582193015430283,0.0,0.0,0.07497666666666668,0.015778581474053154,0.1023889814814815,0.014343688588785222,0.0,0.0,0.07497666666666668,0.1023889814814815,0.006478333333333322,-0.011279023148148173,102,102.0,0.09110995833333332,-0.011279023148148173
103,103.0,0.07532333333333334,0.009570001741553306,0.10273564814814816,0.011489956166253104,0.0,0.0,0.09119,0.030631865761001246,0.10084495833333333,0.027542025187621395,0.5,0.0,0.07532333333333334,0.009570001741553306,0.10273564814814816,0.011489956166253104,0.0,0.0,0.07532333333333334,0.10273564814814816,0.015866666666666654,-0.0018906898148148277,103,103.0,0.10084495833333333,-0.0018906898148148277
104,104.0,0.06738,0.007954514441497983,0.09479231481481482,0.01029799880858786,0.0,0.0,0.06221,0.002418305191657997,0.07186495833333334,0.005508145765037849,0.0,0.0,0.06738,0.007954514441497983,0.09479231481481482,0.01029799880858786,0.0,0.0,0.06738,0.09479231481481482,-0.005169999999999994,-0.022927356481481476,104,104.0,0.07186495833333334,-0.022927356481481476
105,105.0,-0.08649666666666667,0.004606835501006449,-0.059084351851851846,0.0026641347213549123,0.0,0.0,-0.09817500000000001,0.012862272349783299,-0.08852004166666667,0.009772431776403447,0.0,0.0,-0.08649666666666667,0.004606835501006449,-0.059084351851851846,0.0026641347213549123,0.0,0.0,-0.08649666666666667,-0.059084351851851846,-0.011678333333333346,-0.029435689814814828,105,105.0,-0.08852004166666667,-0.029435689814814828
106,106.0,-0.08380666666666665,0.009971872107750548,-0.056394351851851855,0.012265665026232827,0.0,0.0,-0.088325,0.010670241328104997,-0.07867004166666666,0.013760081901484849,0.0,0.0,-0.08380666666666665,0.009971872107750548,-0.056394351851851855,0.012265665026232827,0.0,0.0,-0.08380666666666665,-0.056394351851851855,-0.004518333333333346,-0.022275689814814807,106,106.0,-0.07867004166666666,-0.022275689814814807
107,107.0,-0.25428333333333336,0.0783520199697068,-0.22687101851851854,0.07741750556846404,0.0,0.0,-0.28081500000000004,0.1374686293304767,-0.27116004166666663,0.13437878875709686,0.0,1.0,-0.25428333333333336,0.0783520199697068,-0.22687101851851854,0.07741750556846404,0.0,0.0,-0.25428333333333336,-0.22687101851851854,-0.026531666666666676,-0.04428902314814809,107,107.0,-0.27116004166666663,-0.04428902314814809
108,108.0,-0.42257000000000006,0.15131264091278035,-0.39515768518518524,0.1489577127689284,0.0,0.6666666666666666,-0.23770999999999998,0.07261986642785842,-0.22805504166666662,0.06953002585447855,0.0,1.0,-0.42257000000000006,0.15131264091278035,-0.39515768518518524,0.1489577127689284,0.0,0.6666666666666666,-0.42257000000000006,-0.39515768518518524,0.18486000000000008,0.1671026435185186,108,108.0,-0.22805504166666662,0.1671026435185186
109,109.0,-0.22496333333333332,0.06860038216608808,-0.19755101851851853,0.07077602049069101,0.0,0.0,-0.083305,0.009637865427572645,-0.07365004166666667,0.012727706000952497,0.0,0.0,-0.22496333333333332,0.06860038216608808,-0.19755101851851853,0.07077602049069101,0.0,0.0,-0.22496333333333332,-0.19755101851851853,0.14165833333333333,0.12390097685185186,109,109.0,-0.07365004166666667,0.12390097685185186
110,110.0,-0.08594333333333333,0.00496598764933355,-0.05853101851851852,0.006900320431274881,0.0,0.0,-0.08194499999999999,0.01291884089227822,-0.07229004166666667,0.01600868146565807,0.0,0.0,-0.08594333333333333,0.00496598764933355,-0.05853101851851852,0.006900320431274881,0.0,0.0,-0.08594333333333333,-0.05853101851851852,0.00399833333333334,-0.013759023148148149,110,110.0,-0.07229004166666667,-0.013759023148148149
111,111.0,0.08539333333333333,0.0023889397927393113,0.11280564814814815,0.003668697646936839,0.0,0.0,0.080635,0.012225876246715407,0.09028995833333334,0.015315716820095259,0.0,0.0,0.08539333333333333,0.0023889397927393113,0.11280564814814815,0.003668697646936839,0.0,0.0,0.08539333333333333,0.11280564814814815,-0.004758333333333337,-0.022515689814814818,111,111.0,0.09028995833333334,-0.022515689814814818
112,112.0,0.07501666666666666,0.0035818477540695897,0.1024289814814815,0.0029420279945874465,0.0,0.0,0.08487,0.007170062761231599,0.09452495833333333,0.01025990333461145,0.0,0.0,0.07501666666666666,0.0035818477540695897,0.1024289814814815,0.0029420279945874465,0.0,0.0,0.07501666666666666,0.1024289814814815,0.009853333333333339,-0.00790402314814817,112,112.0,0.09452495833333333,-0.00790402314814817
113,113.0,0.08172666666666667,0.010572711730361957,0.10913898148148149,0.0121638102057265,0.0,0.0,0.08763499999999999,0.011999602076735711,0.09728995833333333,0.015089442650115562,0.0,0.0,0.08172666666666667,0.010572711730361957,0.10913898148148149,0.0121638102057265,0.0,0.0,0.08172666666666667,0.10913898148148149,0.005908333333333321,-0.01184902314814816,113,113.0,0.09728995833333333,-0.01184902314814816
114,114.0,0.08135666666666667,0.0029762448375987736,0.10876898148148147,0.004100383023957454,0.0,0.0,0.06079999999999999,0.025102290732122435,0.07045495833333333,0.028192131305502285,0.0,0.0,0.08135666666666667,0.0029762448375987736,0.10876898148148147,0.004100383023957454,0.0,0.0,0.08135666666666667,0.10876898148148147,-0.02055666666666668,-0.038314023148148135,114,114.0,0.07045495833333333,-0.038314023148148135
115,115.0,0.06555333333333334,0.006673307525757622,0.09296564814814816,0.006281341411246483,0.0,0.0,0.014475000000000002,0.08708020010312334,0.024129958333333333,0.09017004067650318,0.0,0.0,0.06555333333333334,0.006673307525757622,0.09296564814814816,0.006281341411246483,0.0,0.0,0.06555333333333334,0.09296564814814816,-0.05107833333333334,-0.06883568981481483,115,115.0,0.024129958333333333,-0.06883568981481483
116,116.0,-0.08322333333333333,0.011747022317733686,-0.05581101851851852,0.009451685510992944,0.0,0.0,-0.085505,0.0014354267658086943,-0.07585004166666667,0.0045252673391885465,0.0,0.0,-0.08322333333333333,0.011747022317733686,-0.05581101851851852,0.009451685510992944,0.0,0.0,-0.08322333333333333,-0.05581101851851852,-0.002281666666666668,-0.020039023148148156,116,116.0,-0.07585004166666667,-0.020039023148148156
117,117.0,-0.1937566666666667,0.0679354291466046,-0.16634435185185184,0.06562765978891129,0.0,0.0,-0.081055,0.0051406662992262,-0.07140004166666666,0.002050825725846348,0.0,0.0,-0.1937566666666667,0.0679354291466046,-0.16634435185185184,0.06562765978891129,0.0,0.0,-0.1937566666666667,-0.16634435185185184,0.11270166666666669,0.09494431018518518,117,117.0,-0.07140004166666666,0.09494431018518518
118,118.0,-0.16665,0.05776314482436011,-0.13923768518518517,0.05614682702290002,0.0,0.0,-0.09190999999999999,0.0026445793616376926,-0.08225504166666667,0.00044526121174215904,0.0,0.0,-0.16665,0.05776314482436011,-0.13923768518518517,0.05614682702290002,0.0,0.0,-0.16665,-0.13923768518518517,0.07474,0.056982643518518505,118,118.0,-0.08225504166666667,0.056982643518518505
119,119.0,-0.08752,0.01726991314396225,-0.06010768518518519,0.019147118394030223,0.0,0.0,-0.08034,0.006194255403194159,-0.07068504166666667,0.0031044148298143073,0.0,0.0,-0.08752,0.01726991314396225,-0.06010768518518519,0.019147118394030223,0.0,0.0,-0.08752,-0.06010768518518519,0.007180000000000006,-0.010577356481481483,119,119.0,-0.07068504166666667,-0.010577356481481483
120,120.0,-0.04757333333333333,0.04944417694059972,-0.02016101851851852,0.05132736064657093,0.0,0.0,-0.088795,6.363961030679404e-05,-0.07914004166666666,0.0030262009630730577,0.0,0.0,-0.04757333333333333,0.04944417694059972,-0.02016101851851852,0.05132736064657093,0.0,0.0,-0.04757333333333333,-0.02016101851851852,-0.04122166666666667,-0.05897902314814814,120,120.0,-0.07914004166666666,-0.05897902314814814
121,121.0,0.07405,0.002639564357995464,0.10146231481481482,0.004274359278237466,0.0,0.0,0.09382,0.008640844866099617,0.10347495833333334,0.01173068543947947,0.5,0.0,0.07405,0.002639564357995464,0.10146231481481482,0.004274359278237466,0.0,0.0,0.07405,0.10146231481481482,0.019769999999999996,0.0020126435185185143,121,121.0,0.10347495833333334,0.0020126435185185143
122,122.0,0.08393666666666666,0.011685975925584196,0.1113489814814815,0.010576988352542758,0.0,0.0,0.06012,0.006972072862499354,0.06977495833333333,0.010061913435879206,0.0,0.0,0.08393666666666666,0.011685975925584196,0.1113489814814815,0.010576988352542758,0.0,0.0,0.08393666666666666,0.1113489814814815,-0.02381666666666666,-0.04157402314814816,122,122.0,0.06977495833333333,-0.04157402314814816
123,123.0,0.07266666666666667,0.012687372987870002,0.10007898148148149,0.011386648216653802,0.0,0.0,0.08049,0.0032809754647055746,0.09014495833333333,0.006370816038085426,0.0,0.0,0.07266666666666667,0.012687372987870002,0.10007898148148149,0.011386648216653802,0.0,0.0,0.07266666666666667,0.10007898148148149,0.007823333333333335,-0.00993402314814816,123,123.0,0.09014495833333333,-0.00993402314814816
124,124.0,0.07077666666666667,0.021692268976142935,0.09818898148148147,0.02058371515432211,0.0,0.0,0.061585,0.01273499312916972,0.07123995833333333,0.01582483370254957,0.0,0.0,0.07077666666666667,0.021692268976142935,0.09818898148148147,0.02058371515432211,0.0,0.0,0.07077666666666667,0.09818898148148147,-0.009191666666666667,-0.02694902314814815,124,124.0,0.07123995833333333,-0.02694902314814815
125,125.0,-0.03174,0.08137628585773622,-0.004327685185185185,0.0791076502271536,0.0,0.0,-0.086985,0.012027886347983182,-0.07733004166666667,0.015117726921363032,0.0,0.0,-0.03174,0.08137628585773622,-0.004327685185185185,0.0791076502271536,0.0,0.0,-0.03174,-0.004327685185185185,-0.05524500000000001,-0.07300235648148148,125,125.0,-0.07733004166666667,-0.07300235648148148
126,126.0,-0.08561333333333333,0.01287774177926135,-0.05820101851851852,0.01094565524401971,0.0,0.0,-0.08035,0.011653119753954309,-0.07069504166666667,0.008563279180574458,0.0,0.0,-0.08561333333333333,0.01287774177926135,-0.05820101851851852,0.01094565524401971,0.0,0.0,-0.08561333333333333,-0.05820101851851852,0.005263333333333328,-0.012494023148148146,126,126.0,-0.07069504166666667,-0.012494023148148146
127,127.0,-0.19218,0.03806567482654156,-0.16476768518518517,0.040300572738768706,0.0,0.0,-0.09811500000000001,0.018207999615553604,-0.08846004166666667,0.021297840188933458,0.0,0.0,-0.19218,0.03806567482654156,-0.16476768518518517,0.040300572738768706,0.0,0.0,-0.19218,-0.16476768518518517,0.09406499999999998,0.0763076435185185,127,127.0,-0.08846004166666667,0.0763076435185185
128,128.0,-0.14634,0.00810473935422972,-0.11892768518518516,0.010034975517077436,0.0,0.0,-0.08865,0.0050063160108007486,-0.07899504166666667,0.001916475437420897,0.0,0.0,-0.14634,0.00810473935422972,-0.11892768518518516,0.010034975517077436,0.0,0.0,-0.14634,-0.11892768518518516,0.05768999999999999,0.039932643518518496,128,128.0,-0.07899504166666667,0.039932643518518496
129,129.0,-0.08974333333333334,0.0026912141002405103,-0.06233101851851852,0.002974113004810113,0.0,0.0,-0.08516,0.0006222539674441561,-0.07550504166666666,0.0024675866059356956,0.0,0.0,-0.08974333333333334,0.0026912141002405103,-0.06233101851851852,0.002974113004810113,0.0,0.0,-0.08974333333333334,-0.06233101851851852,0.004583333333333342,-0.01317402314814814,129,129.0,-0.07550504166666666,-0.01317402314814814
130,130.0,0.07965666666666667,0.007178525846810982,0.10706898148148147,0.005473201820267609,0.0,0.0,0.04988,0.038127197641578646,0.05953495833333333,0.03503735706819879,0.0,0.0,0.07965666666666667,0.007178525846810982,0.10706898148148147,0.005473201820267609,0.0,0.0,0.07965666666666667,0.10706898148148147,-0.029776666666666667,-0.04753402314814814,130,130.0,0.05953495833333333,-0.04753402314814814
131,131.0,0.09491666666666666,0.008902552068555027,0.12232898148148148,0.011250074597226377,0.0,0.0,0.076515,0.013993643199681776,0.08616995833333332,0.01708348377306163,0.0,0.0,0.09491666666666666,0.008902552068555027,0.12232898148148148,0.011250074597226377,0.0,0.0,0.09491666666666666,0.12232898148148148,-0.018401666666666663,-0.03615902314814816,131,131.0,0.08616995833333332,-0.03615902314814816
132,132.0,0.08807,0.015793913384592177,0.11548231481481482,0.015618642600555881,0.0,0.0,0.08846,0.010974297244015222,0.09811495833333334,0.00788445667063537,0.0,0.0,0.08807,0.015793913384592177,0.11548231481481482,0.015618642600555881,0.0,0.0,0.08807,0.11548231481481482,0.00039000000000000146,-0.01736735648148148,132,132.0,0.09811495833333334,-0.01736735648148148
133,133.0,0.07647666666666667,0.0014986771945063207,0.10388898148148147,0.003862273632178997,0.0,0.0,0.09204000000000001,0.024989153647132587,0.10169495833333334,0.021899313073752737,0.5,0.0,0.07647666666666667,0.0014986771945063207,0.10388898148148147,0.003862273632178997,0.0,0.0,0.07647666666666667,0.10388898148148147,0.015563333333333346,-0.002194023148148136,133,133.0,0.10169495833333334,-0.002194023148148136
134,134.0,0.05207666666666667,0.007797488912036576,0.07948898148148148,0.009962084292112686,0.0,0.0,0.0548,0.03453509519315098,0.06445495833333334,0.03762493576653083,0.0,0.0,0.05207666666666667,0.007797488912036576,0.07948898148148148,0.009962084292112686,0.0,0.0,0.05207666666666667,0.07948898148148148,0.0027233333333333345,-0.01503402314814814,134,134.0,0.06445495833333334,-0.01503402314814814
135,135.0,0.07271,0.041246444695270404,0.10012231481481482,0.04095170086368017,0.3333333333333333,0.0,0.067245,0.007445834405894349,0.07689995833333334,0.010535674979274195,0.0,0.0,0.07271,0.041246444695270404,0.10012231481481482,0.04095170086368017,0.3333333333333333,0.0,0.07271,0.10012231481481482,-0.005464999999999998,-0.02322235648148148,135,135.0,0.07689995833333334,-0.02322235648148148
136,136.0,-0.08168666666666667,0.009009718826541337,-0.054274351851851844,0.011373327260753359,0.0,0.0,-0.080235,0.0035284628381208683,-0.07058004166666668,0.0004386222647410164,0.0,0.0,-0.08168666666666667,0.009009718826541337,-0.054274351851851844,0.011373327260753359,0.0,0.0,-0.08168666666666667,-0.054274351851851844,0.0014516666666666705,-0.016305689814814832,136,136.0,-0.07058004166666668,-0.016305689814814832
137,137.0,-0.12122666666666666,0.014195394793148,-0.09381435185185184,0.011839739330941365,0.0,0.0,-0.08856,0.007297341981845167,-0.07890504166666668,0.010387182555225019,0.0,0.0,-0.12122666666666666,0.014195394793148,-0.09381435185185184,0.011839739330941365,0.0,0.0,-0.12122666666666666,-0.09381435185185184,0.03266666666666666,0.014909310185185168,137,137.0,-0.07890504166666668,0.014909310185185168
138,138.0,-0.13474666666666665,0.016252373160044457,-0.10733435185185185,0.01598764963207455,0.0,0.0,-0.087285,0.009355022715098018,-0.07763004166666668,0.01244486328847787,0.0,0.0,-0.13474666666666665,0.016252373160044457,-0.10733435185185185,0.01598764963207455,0.0,0.0,-0.13474666666666665,-0.10733435185185185,0.04746166666666665,0.02970431018518517,138,138.0,-0.07763004166666668,0.02970431018518517
139,139.0,-0.08266333333333332,0.013628284313637334,-0.05525101851851851,0.012530191853583207,0.0,0.0,-0.09386,0.009418662325404812,-0.08420504166666667,0.00632882175202496,0.0,0.0,-0.08266333333333332,0.013628284313637334,-0.05525101851851851,0.012530191853583207,0.0,0.0,-0.08266333333333332,-0.05525101851851851,-0.011196666666666674,-0.028954023148148163,139,139.0,-0.08420504166666667,-0.028954023148148163
140,140.0,-0.08907,0.008579492992012994,-0.06165768518518518,0.01013905712882993,0.0,0.0,-0.08141999999999999,0.007679179643685903,-0.07176504166666667,0.010769020217065755,0.0,0.0,-0.08907,0.008579492992012994,-0.06165768518518518,0.01013905712882993,0.0,0.0,-0.08907,-0.06165768518518518,0.007650000000000004,-0.010107356481481485,140,140.0,-0.07176504166666667,-0.010107356481481485
141,141.0,0.09439333333333333,0.010160857903412156,0.12180564814814815,0.009496283596589876,0.0,0.0,0.089735,0.006710443353460335,0.09938995833333333,0.009800283926840186,0.0,0.0,0.09439333333333333,0.010160857903412156,0.12180564814814815,0.009496283596589876,0.0,0.0,0.09439333333333333,0.12180564814814815,-0.004658333333333334,-0.022415689814814815,141,141.0,0.09938995833333333,-0.022415689814814815
142,142.0,0.08855666666666667,0.005993716153884276,0.11596898148148149,0.003928105756219825,0.0,0.0,0.08007,0.00253144227664784,0.08972495833333333,0.0056212828500276915,0.0,0.0,0.08855666666666667,0.005993716153884276,0.11596898148148149,0.003928105756219825,0.0,0.0,0.08855666666666667,0.11596898148148149,-0.00848666666666667,-0.026244023148148166,142,142.0,0.08972495833333333,-0.026244023148148166
143,143.0,0.09008666666666666,0.01302232058172941,0.11749898148148148,0.012185998675567642,0.0,0.0,0.07641500000000001,0.0029769195487953687,0.08606995833333334,0.0060667601221752205,0.0,0.0,0.09008666666666666,0.01302232058172941,0.11749898148148148,0.012185998675567642,0.0,0.0,0.09008666666666666,0.11749898148148148,-0.013671666666666651,-0.03142902314814815,143,143.0,0.08606995833333334,-0.03142902314814815
144,144.0,0.06725333333333333,0.019387656726209415,0.09466564814814815,0.017653917457360745,0.0,0.0,0.03813,0.022330432149871175,0.047784958333333336,0.02542027272325103,0.0,0.0,0.06725333333333333,0.019387656726209415,0.09466564814814815,0.017653917457360745,0.0,0.0,0.06725333333333333,0.09466564814814815,-0.029123333333333334,-0.046880689814814816,144,144.0,0.047784958333333336,-0.046880689814814816
145,145.0,-0.07534,0.012418345300401342,-0.04792768518518518,0.010090330300480167,0.0,0.0,-0.07097999999999999,0.0019516147160748701,-0.06132504166666666,0.005041455289454722,0.0,0.0,-0.07534,0.012418345300401342,-0.04792768518518518,0.010090330300480167,0.0,0.0,-0.07534,-0.04792768518518518,0.004360000000000017,-0.013397356481481486,145,145.0,-0.06132504166666666,-0.013397356481481486
146,146.0,-0.24546666666666664,0.0119946043425089,-0.21805435185185185,0.010729094112747617,0.0,0.0,-0.068315,0.003882016228714142,-0.05866004166666667,0.006971856802093994,0.0,0.0,-0.24546666666666664,0.0119946043425089,-0.21805435185185185,0.010729094112747617,0.0,0.0,-0.24546666666666664,-0.21805435185185185,0.17715166666666665,0.15939431018518518,146,146.0,-0.05866004166666667,0.15939431018518518
147,147.0,-0.13622,0.01772625453952413,-0.10880768518518517,0.015558022439868594,0.0,0.0,-0.202305,0.0032597622612699664,-0.19265004166666666,0.006349602834649809,0.0,0.5,-0.13622,0.01772625453952413,-0.10880768518518517,0.015558022439868594,0.0,0.0,-0.13622,-0.10880768518518517,-0.066085,-0.08384235648148149,147,147.0,-0.19265004166666666,-0.08384235648148149
148,148.0,-0.39687333333333336,0.008695759502960814,-0.36946101851851854,0.011015733967014947,0.0,0.3333333333333333,-0.15345,0.015938186847944784,-0.14379504166666668,0.012848346274564942,0.0,0.0,-0.39687333333333336,0.008695759502960814,-0.36946101851851854,0.011015733967014947,0.0,0.3333333333333333,-0.39687333333333336,-0.36946101851851854,0.24342333333333335,0.22566597685185186,148,148.0,-0.14379504166666668,0.22566597685185186
149,149.0,-0.10705333333333333,0.006664843083924285,-0.07964101851851851,0.00801912270754813,0.0,0.0,-0.09378,0.0015132085117392138,-0.08412504166666668,0.004603049085119066,0.0,0.0,-0.10705333333333333,0.006664843083924285,-0.07964101851851851,0.00801912270754813,0.0,0.0,-0.10705333333333333,-0.07964101851851851,0.013273333333333331,-0.004484023148148164,149,149.0,-0.08412504166666668,-0.004484023148148164
150,150.0,-0.09500666666666667,0.0045882494846437175,-0.06759435185185185,0.002229108549317395,0.0,0.0,-0.089485,0.008379215357060588,-0.07983004166666666,0.011469055930440439,0.0,0.0,-0.09500666666666667,0.0045882494846437175,-0.06759435185185185,0.002229108549317395,0.0,0.0,-0.09500666666666667,-0.06759435185185185,0.005521666666666675,-0.012235689814814807,150,150.0,-0.07983004166666666,-0.012235689814814807
151,151.0,0.08502666666666665,0.008667377534948695,0.11243898148148147,0.00981160348198004,0.0,0.0,0.08463499999999999,0.0021708178182427034,0.09428995833333333,0.005260658391622555,0.0,0.0,0.08502666666666665,0.008667377534948695,0.11243898148148147,0.00981160348198004,0.0,0.0,0.08502666666666665,0.11243898148148147,-0.00039166666666666516,-0.018149023148148147,151,151.0,0.09428995833333333,-0.018149023148148147
152,152.0,0.08023999999999999,0.011821425463961612,0.10765231481481481,0.00975412415713415,0.0,0.0,0.082645,0.018816111447374027,0.09229995833333332,0.015726270873994173,0.0,0.0,0.08023999999999999,0.011821425463961612,0.10765231481481481,0.00975412415713415,0.0,0.0,0.08023999999999999,0.10765231481481481,0.0024050000000000044,-0.015352356481481491,152,152.0,0.09229995833333332,-0.015352356481481491
153,153.0,0.07864,0.009173543481120046,0.10605231481481482,0.007126721586591425,0.0,0.0,0.0813,0.010875302294649104,0.09095495833333334,0.013965142868028956,0.0,0.0,0.07864,0.009173543481120046,0.10605231481481482,0.007126721586591425,0.0,0.0,0.07864,0.10605231481481482,0.0026599999999999957,-0.015097356481481486,153,153.0,0.09095495833333334,-0.015097356481481486
154,154.0,0.07177,0.013018321704428725,0.09918231481481482,0.012340287184462534,0.0,0.0,0.053925,0.0015344217151748117,0.06357995833333333,0.00155541885820504,0.0,0.0,0.07177,0.013018321704428725,0.09918231481481482,0.012340287184462534,0.0,0.0,0.07177,0.09918231481481482,-0.017845,-0.035602356481481495,154,154.0,0.06357995833333333,-0.035602356481481495
155,155.0,-0.09244999999999999,0.013625167888873885,-0.06503768518518518,0.014172626325479583,0.0,0.0,-0.07980499999999999,0.018985817074858802,-0.07015004166666666,0.015895976501478948,0.0,0.0,-0.09244999999999999,0.013625167888873885,-0.06503768518518518,0.014172626325479583,0.0,0.0,-0.09244999999999999,-0.06503768518518518,0.012645000000000003,-0.005112356481481478,155,155.0,-0.07015004166666666,-0.005112356481481478
156,156.0,-0.07484333333333333,0.012030795207854442,-0.04743101851851852,0.014215660030748664,0.0,0.0,-0.06597,0.0066185194719060895,-0.05631504166666667,0.009708360045285943,0.0,0.0,-0.07484333333333333,0.012030795207854442,-0.04743101851851852,0.014215660030748664,0.0,0.0,-0.07484333333333333,-0.04743101851851852,0.00887333333333333,-0.008884023148148151,156,156.0,-0.05631504166666667,-0.008884023148148151
157,157.0,-0.29208666666666666,0.017131013785918612,-0.26467435185185184,0.016683190464995213,0.0,0.0,-0.08455,0.0005374011537017837,-0.07489504166666666,0.002552439419678068,0.0,0.0,-0.29208666666666666,0.017131013785918612,-0.26467435185185184,0.016683190464995213,0.0,0.0,-0.29208666666666666,-0.26467435185185184,0.20753666666666665,0.18977931018518518,157,157.0,-0.07489504166666666,0.18977931018518518
158,158.0,-0.23844333333333334,0.007341146595276057,-0.21103101851851855,0.00653134368928805,0.0,0.0,-0.082605,0.003938584771209064,-0.07295004166666666,0.007028425344588916,0.0,0.0,-0.23844333333333334,0.007341146595276057,-0.21103101851851855,0.00653134368928805,0.0,0.0,-0.23844333333333334,-0.21103101851851855,0.15583833333333336,0.1380809768518519,158,158.0,-0.07295004166666666,0.1380809768518519
159,159.0,-0.08657333333333334,0.003778231508699985,-0.059161018518518516,0.006114190629533033,0.0,0.0,-0.08725,0.004398204178980318,-0.07759504166666667,0.0013083636056004664,0.0,0.0,-0.08657333333333334,0.003778231508699985,-0.059161018518518516,0.006114190629533033,0.0,0.0,-0.08657333333333334,-0.059161018518518516,-0.0006766666666666588,-0.018434023148148154,159,159.0,-0.07759504166666667,-0.018434023148148154
160,160.0,-0.08760333333333332,0.011321891773609802,-0.06019101851851852,0.009064025479200887,0.0,0.0,-0.08702,0.0005374011537017837,-0.07736504166666666,0.0036272417270816356,0.0,0.0,-0.08760333333333332,0.011321891773609802,-0.06019101851851852,0.009064025479200887,0.0,0.0,-0.08760333333333332,-0.06019101851851852,0.0005833333333333246,-0.017174023148148143,160,160.0,-0.07736504166666666,-0.017174023148148143
161,161.0,0.09877000000000001,0.003125011999976956,0.12618231481481482,0.0024310311062293497,0.0,0.0,0.078055,0.009637865427572645,0.08770995833333334,0.012727706000952497,0.0,0.0,0.09877000000000001,0.003125011999976956,0.12618231481481482,0.0024310311062293497,0.0,0.0,0.09877000000000001,0.12618231481481482,-0.02071500000000001,-0.03847235648148148,161,161.0,0.08770995833333334,-0.03847235648148148
162,162.0,0.08497666666666666,0.016860558511903847,0.11238898148148148,0.01632841610842353,0.0,0.0,0.06988,0.0023193102422918795,0.07953495833333332,0.005409150815671731,0.0,0.0,0.08497666666666666,0.016860558511903847,0.11238898148148148,0.01632841610842353,0.0,0.0,0.08497666666666666,0.11238898148148148,-0.015096666666666661,-0.032854023148148156,162,162.0,0.07953495833333332,-0.032854023148148156
163,163.0,0.07544666666666666,0.018211483556628032,0.10285898148148148,0.020005069499138974,0.0,0.0,0.065825,0.0055649303679381305,0.07547995833333333,0.008654770941317983,0.0,0.0,0.07544666666666666,0.018211483556628032,0.10285898148148148,0.020005069499138974,0.0,0.0,0.07544666666666666,0.10285898148148148,-0.009621666666666667,-0.02737902314814815,163,163.0,0.07547995833333333,-0.02737902314814815
164,164.0,0.05541666666666667,0.02827858789496628,0.08282898148148148,0.02716592680176242,0.0,0.0,0.059525,0.0008414570696119891,0.06917995833333335,0.0022483835037678626,0.0,0.0,0.05541666666666667,0.02827858789496628,0.08282898148148148,0.02716592680176242,0.0,0.0,0.05541666666666667,0.08282898148148148,0.004108333333333332,-0.013649023148148129,164,164.0,0.06917995833333335,-0.013649023148148129
165,165.0,-0.06926333333333333,0.022768738070726123,-0.04185101851851852,0.023272159370726464,0.0,0.0,-0.076935,0.017882730496207793,-0.06728004166666668,0.014792889922827939,0.0,0.0,-0.06926333333333333,0.022768738070726123,-0.04185101851851852,0.023272159370726464,0.0,0.0,-0.06926333333333333,-0.04185101851851852,-0.007671666666666674,-0.025429023148148162,165,165.0,-0.06728004166666668,-0.025429023148148162
166,166.0,-0.08795666666666667,0.003900747791556556,-0.06054435185185184,0.005911673309100292,0.0,0.0,-0.087495,0.007162991693419727,-0.07784004166666667,0.004073151120039874,0.0,0.0,-0.08795666666666667,0.003900747791556556,-0.06054435185185184,0.005911673309100292,0.0,0.0,-0.08795666666666667,-0.06054435185185184,0.0004616666666666658,-0.017295689814814823,166,166.0,-0.07784004166666667,-0.017295689814814823
167,167.0,-0.12943333333333332,0.009439239023000387,-0.10202101851851851,0.010375626264838322,0.0,0.0,-0.08361,0.003337544007200506,-0.07395504166666667,0.0002477034338206539,0.0,0.0,-0.12943333333333332,0.009439239023000387,-0.10202101851851851,0.010375626264838322,0.0,0.0,-0.12943333333333332,-0.10202101851851851,0.04582333333333331,0.028065976851851845,167,167.0,-0.07395504166666667,0.028065976851851845
168,168.0,-0.09058,0.00965038859321219,-0.06316768518518517,0.009860342723675662,0.0,0.0,-0.08779999999999999,0.0009899494936611655,-0.07814504166666666,0.0020998910797186865,0.0,0.0,-0.09058,0.00965038859321219,-0.06316768518518517,0.009860342723675662,0.0,0.0,-0.09058,-0.06316768518518517,0.0027800000000000047,-0.01497735648148149,168,168.0,-0.07814504166666666,-0.01497735648148149
169,169.0,-0.08504333333333332,0.009128988625983353,-0.05763101851851851,0.011268472209805484,0.0,0.0,-0.090925,0.004080006127446387,-0.08127004166666667,0.0009901655540665354,0.0,0.0,-0.08504333333333332,0.009128988625983353,-0.05763101851851851,0.011268472209805484,0.0,0.0,-0.08504333333333332,-0.05763101851851851,-0.005881666666666688,-0.023639023148148156,169,169.0,-0.08127004166666667,-0.023639023148148156
170,170.0,0.08500666666666667,0.0027837085575421376,0.11241898148148148,0.003965073433373883,0.0,0.0,0.08501500000000001,0.005041671349860092,0.09466995833333333,0.008131511923239944,0.0,0.0,0.08500666666666667,0.0027837085575421376,0.11241898148148148,0.003965073433373883,0.0,0.0,0.08500666666666667,0.11241898148148148,8.333333333332416e-06,-0.01774902314814815,170,170.0,0.09466995833333333,-0.01774902314814815
171,171.0,0.08471333333333332,0.009259634622021182,0.11212564814814814,0.007551479669734776,0.0,0.0,0.073325,0.004221427483683691,0.08297995833333333,0.001131586910303839,0.0,0.0,0.08471333333333332,0.009259634622021182,0.11212564814814814,0.007551479669734776,0.0,0.0,0.08471333333333332,0.11212564814814814,-0.01138833333333332,-0.029145689814814815,171,171.0,0.08297995833333333,-0.029145689814814815
172,172.0,0.10076333333333333,0.01502153898018886,0.12817564814814816,0.01552267021997096,0.3333333333333333,0.0,0.0842,0.015669486271093894,0.09385495833333334,0.012579645697714041,0.0,0.0,0.10076333333333333,0.01502153898018886,0.12817564814814816,0.01552267021997096,0.3333333333333333,0.0,0.10076333333333333,0.12817564814814816,-0.016563333333333333,-0.03432068981481483,172,172.0,0.09385495833333334,-0.03432068981481483
173,173.0,0.07728333333333333,0.017978882983470734,0.10469564814814815,0.017758887061042485,0.0,0.0,0.080855,0.010557104243115154,0.09050995833333333,0.007467263669735302,0.0,0.0,0.07728333333333333,0.017978882983470734,0.10469564814814815,0.017758887061042485,0.0,0.0,0.07728333333333333,0.10469564814814815,0.0035716666666666674,-0.014185689814814814,173,173.0,0.09050995833333333,-0.014185689814814814
174,174.0,0.06029,0.04078569724793239,0.08770231481481483,0.039164335611703176,0.0,0.0,0.0827,0.018384776310850233,0.09235495833333332,0.01529493573747038,0.0,0.0,0.06029,0.04078569724793239,0.08770231481481483,0.039164335611703176,0.0,0.0,0.06029,0.08770231481481483,0.022409999999999992,0.00465264351851849,174,174.0,0.09235495833333332,0.00465264351851849
175,175.0,0.06966666666666667,0.004229448348583224,0.09707898148148149,0.00576992204345977,0.0,0.0,0.05663,0.00506288455329568,0.06628495833333334,0.008152725126675532,0.0,0.0,0.06966666666666667,0.004229448348583224,0.09707898148148149,0.00576992204345977,0.0,0.0,0.06966666666666667,0.09707898148148149,-0.013036666666666669,-0.03079402314814815,175,175.0,0.06628495833333334,-0.03079402314814815
176,176.0,-0.08927,0.006168152073352276,-0.06185768518518519,0.008490909731753607,0.0,0.0,-0.09412999999999999,0.008824692629208116,-0.08447504166666667,0.005734852055828265,0.0,0.0,-0.08927,0.006168152073352276,-0.06185768518518519,0.008490909731753607,0.0,0.0,-0.08927,-0.06185768518518519,-0.004859999999999989,-0.022617356481481478,176,176.0,-0.08447504166666667,-0.022617356481481478
177,177.0,-0.08687666666666667,0.00933980906300195,-0.059464351851851845,0.010282051820860571,0.0,0.0,-0.095305,0.01545028316892607,-0.08565004166666668,0.01854012374230592,0.0,0.0,-0.08687666666666667,0.00933980906300195,-0.059464351851851845,0.010282051820860571,0.0,0.0,-0.08687666666666667,-0.059464351851851845,-0.00842833333333333,-0.026185689814814832,177,177.0,-0.08565004166666668,-0.026185689814814832
178,178.0,-0.08073,0.007792284645724896,-0.053317685185185176,0.008706352550836358,0.0,0.0,-0.09552,0.010451038225937173,-0.08586504166666667,0.013540878799317025,0.0,0.0,-0.08073,0.007792284645724896,-0.053317685185185176,0.008706352550836358,0.0,0.0,-0.08073,-0.053317685185185176,-0.014789999999999998,-0.03254735648148149,178,178.0,-0.08586504166666667,-0.03254735648148149
179,179.0,-0.07743,0.008417784744218636,-0.05001768518518518,0.006056025192182049,0.0,0.0,-0.085345,0.0032597622612699864,-0.07569004166666668,0.00016992168789013436,0.0,0.0,-0.07743,0.008417784744218636,-0.05001768518518518,0.006056025192182049,0.0,0.0,-0.07743,-0.05001768518518518,-0.007915000000000005,-0.0256723564814815,179,179.0,-0.07569004166666668,-0.0256723564814815
180,180.0,0.08066666666666666,0.018856660185020392,0.10807898148148148,0.01894755930775613,0.0,0.0,0.10208,0.0035638181771802013,0.11173495833333333,0.00047397760380034966,0.5,0.0,0.08066666666666666,0.018856660185020392,0.10807898148148148,0.01894755930775613,0.0,0.0,0.08066666666666666,0.10807898148148148,0.02141333333333334,0.0036559768518518443,180,180.0,0.11173495833333333,0.0036559768518518443
181,181.0,0.09050333333333334,0.012035698290225348,0.11791564814814814,0.014398007247616517,0.0,0.0,0.082985,0.0075872557621316575,0.09263995833333333,0.01067709633551151,0.0,0.0,0.09050333333333334,0.012035698290225348,0.11791564814814814,0.014398007247616517,0.0,0.0,0.09050333333333334,0.11791564814814814,-0.007518333333333335,-0.025275689814814817,181,181.0,0.09263995833333333,-0.025275689814814817
182,182.0,0.08585999999999999,0.011505946288767388,0.11327231481481481,0.013795059814839892,0.0,0.0,0.082855,0.01885853785424522,0.09250995833333334,0.021948378427625075,0.0,0.0,0.08585999999999999,0.011505946288767388,0.11327231481481481,0.013795059814839892,0.0,0.0,0.08585999999999999,0.11327231481481481,-0.003004999999999994,-0.020762356481481475,182,182.0,0.09250995833333334,-0.020762356481481475
183,183.0,0.07017,0.007909216143209136,0.09758231481481482,0.009320718022860518,0.0,0.0,0.06362000000000001,0.02842569260369921,0.07327495833333333,0.025335852030319357,0.0,0.0,0.07017,0.007909216143209136,0.09758231481481482,0.009320718022860518,0.0,0.0,0.07017,0.09758231481481482,-0.006549999999999986,-0.024307356481481482,183,183.0,0.07327495833333333,-0.024307356481481482
184,184.0,0.04249,0.02066991291708797,0.06990231481481482,0.0220554024753702,0.0,0.0,0.073685,0.002199102089490164,0.08333995833333332,0.005288942662870015,0.0,0.0,0.04249,0.02066991291708797,0.06990231481481482,0.0220554024753702,0.0,0.0,0.04249,0.06990231481481482,0.031195,0.013437643518518505,184,184.0,0.08333995833333332,0.013437643518518505
185,185.0,-0.07585,0.0047057305490221185,-0.04843768518518518,0.003670869941627413,0.0,0.0,-0.07592,0.00933380951166242,-0.06626504166666666,0.006243968938282568,0.0,0.0,-0.07585,0.0047057305490221185,-0.04843768518518518,0.003670869941627413,0.0,0.0,-0.07585,-0.04843768518518518,-7.000000000000062e-05,-0.017827356481481482,185,185.0,-0.06626504166666666,-0.017827356481481482
186,186.0,-0.15538,0.011744866963912364,-0.12796768518518517,0.010921588204383161,0.0,0.0,-0.088335,0.004080006127446377,-0.07868004166666667,0.0009901655540665254,0.0,0.0,-0.15538,0.011744866963912364,-0.12796768518518517,0.010921588204383161,0.0,0.0,-0.15538,-0.12796768518518517,0.067045,0.0492876435185185,186,186.0,-0.07868004166666667,0.0492876435185185
187,187.0,-0.36276,0.005958464567319333,-0.33534768518518526,0.008033004489501002,0.0,0.0,-0.07482,0.001668772003600253,-0.06516504166666667,0.004758612576980105,0.0,0.0,-0.36276,0.005958464567319333,-0.33534768518518526,0.008033004489501002,0.0,0.0,-0.36276,-0.33534768518518526,0.28794000000000003,0.2701826435185186,187,187.0,-0.06516504166666667,0.2701826435185186
188,188.0,-0.23873,0.015836451622759436,-0.2113176851851852,0.015221050674258448,0.0,0.0,-0.08322,0.006279108216936541,-0.07356504166666666,0.009368948790316392,0.0,0.0,-0.23873,0.015836451622759436,-0.2113176851851852,0.015221050674258448,0.0,0.0,-0.23873,-0.2113176851851852,0.15550999999999998,0.13775264351851854,188,188.0,-0.07356504166666666,0.13775264351851854
189,189.0,-0.08879333333333334,0.012978075101236441,-0.061381018518518515,0.011298756721124601,0.0,0.0,-0.07860500000000001,0.004504270196158308,-0.06895004166666667,0.00759411076953816,0.0,0.0,-0.08879333333333334,0.012978075101236441,-0.061381018518518515,0.011298756721124601,0.0,0.0,-0.08879333333333334,-0.061381018518518515,0.010188333333333327,-0.007569023148148155,189,189.0,-0.06895004166666667,-0.007569023148148155
190,190.0,0.020106666666666665,0.020159008738857506,0.04751898148148148,0.018688850660185448,0.0,0.0,0.03313,0.03008032247167573,0.04278495833333333,0.026990481898295875,0.0,0.0,0.020106666666666665,0.020159008738857506,0.04751898148148148,0.018688850660185448,0.0,0.0,0.020106666666666665,0.04751898148148148,0.013023333333333335,-0.00473402314814815,190,190.0,0.04278495833333333,-0.00473402314814815
191,191.0,0.08469,0.014201785099064133,0.11210231481481481,0.01376215744413762,0.0,0.0,0.098245,0.0042638538905548865,0.10789995833333332,0.0011740133171750352,0.5,0.0,0.08469,0.014201785099064133,0.11210231481481481,0.01376215744413762,0.0,0.0,0.08469,0.11210231481481481,0.013554999999999998,-0.004202356481481484,191,191.0,0.10789995833333332,-0.004202356481481484
192,192.0,0.07847666666666667,0.010536158376435564,0.10588898148148147,0.008174817537810358,0.0,0.0,0.08322,0.014721963184303924,0.09287495833333334,0.011632122610924072,0.0,0.0,0.07847666666666667,0.010536158376435564,0.10588898148148147,0.008174817537810358,0.0,0.0,0.07847666666666667,0.10588898148148147,0.0047433333333333355,-0.013014023148148132,192,192.0,0.09287495833333334,-0.013014023148148132
193,193.0,0.09177333333333333,0.020919563411632976,0.11918564814814815,0.019479576753107224,0.3333333333333333,0.0,0.08473,0.004511341263970171,0.09438495833333332,0.0014215006905903191,0.0,0.0,0.09177333333333333,0.020919563411632976,0.11918564814814815,0.019479576753107224,0.3333333333333333,0.0,0.09177333333333333,0.11918564814814815,-0.007043333333333332,-0.024800689814814827,193,193.0,0.09438495833333332,-0.024800689814814827
194,194.0,0.06043333333333334,0.02417807339994925,0.08784564814814814,0.02272429171203206,0.0,0.0,0.064345,0.00826607827207074,0.07399995833333334,0.005176237698690883,0.0,0.0,0.06043333333333334,0.02417807339994925,0.08784564814814814,0.02272429171203206,0.0,0.0,0.06043333333333334,0.08784564814814814,0.0039116666666666605,-0.013845689814814807,194,194.0,0.07399995833333334,-0.013845689814814807
195,195.0,0.03138333333333333,0.06989082152424117,0.058795648148148145,0.07212825285121693,0.0,0.0,0.017075000000000003,0.07257036895317538,0.026729958333333335,0.06948052837979553,0.0,0.0,0.03138333333333333,0.06989082152424117,0.058795648148148145,0.07212825285121693,0.0,0.0,0.03138333333333333,0.058795648148148145,-0.01430833333333333,-0.03206568981481481,195,195.0,0.026729958333333335,-0.03206568981481481
196,196.0,-0.07885666666666667,0.007090876767603096,-0.051444351851851845,0.005791168221445855,0.0,0.0,-0.09425,0.01711198410471445,-0.08459504166666668,0.020201824678094303,0.0,0.0,-0.07885666666666667,0.007090876767603096,-0.051444351851851845,0.005791168221445855,0.0,0.0,-0.07885666666666667,-0.051444351851851845,-0.015393333333333328,-0.03315068981481483,196,196.0,-0.08459504166666668,-0.03315068981481483
197,197.0,-0.09050333333333334,0.01387984269843622,-0.06309101851851852,0.011985624368330332,0.0,0.0,-0.08978,0.016617009357883863,-0.08012504166666667,0.01352716878450401,0.0,0.0,-0.09050333333333334,0.01387984269843622,-0.06309101851851852,0.011985624368330332,0.0,0.0,-0.09050333333333334,-0.06309101851851852,0.0007233333333333397,-0.017034023148148156,197,197.0,-0.08012504166666667,-0.017034023148148156
198,198.0,-0.09362666666666668,0.01036408381543363,-0.06621435185185186,0.012336003502943728,0.0,0.0,-0.08745,0.005331585130146562,-0.07779504166666668,0.008421425703526414,0.0,0.0,-0.09362666666666668,0.01036408381543363,-0.06621435185185186,0.012336003502943728,0.0,0.0,-0.09362666666666668,-0.06621435185185186,0.0061766666666666775,-0.011580689814814818,198,198.0,-0.07779504166666668,-0.011580689814814818
199,199.0,-0.08460333333333332,0.01051539030817845,-0.057191018518518516,0.011574460131342943,0.0,0.0,-0.08235,0.01305319118070366,-0.07269504166666667,0.009963350607323809,0.0,0.0,-0.08460333333333332,0.01051539030817845,-0.057191018518518516,0.011574460131342943,0.0,0.0,-0.08460333333333332,-0.057191018518518516,0.0022533333333333155,-0.015504023148148152,199,199.0,-0.07269504166666667,-0.015504023148148152
200,200.0,0.03955,0.013260467563400623,0.06696231481481481,0.0109751769292501,0.0,0.0,0.010665000000000001,0.04745393608542921,0.020319958333333332,0.044364095512049354,0.0,0.0,0.03955,0.013260467563400623,0.06696231481481481,0.0109751769292501,0.0,0.0,0.03955,0.06696231481481481,-0.028885,-0.046642356481481476,200,200.0,0.020319958333333332,-0.046642356481481476
201,201.0,0.07916333333333332,0.005100679693269645,0.10657564814814814,0.005114496166363903,0.0,0.0,0.08760000000000001,0.004072935059634515,0.09725495833333334,0.0009830944862546627,0.0,0.0,0.07916333333333332,0.005100679693269645,0.10657564814814814,0.005114496166363903,0.0,0.0,0.07916333333333332,0.10657564814814814,0.00843666666666669,-0.009320689814814806,201,201.0,0.09725495833333334,-0.009320689814814806
202,202.0,0.09045666666666667,0.007027178191374779,0.11786898148148149,0.00913169620965243,0.0,0.0,0.085465,0.010938941904955899,0.09511995833333334,0.007849101331576047,0.0,0.0,0.09045666666666667,0.007027178191374779,0.11786898148148149,0.00913169620965243,0.0,0.0,0.09045666666666667,0.11786898148148149,-0.004991666666666672,-0.022749023148148154,202,202.0,0.09511995833333334,-0.022749023148148154
203,203.0,0.08403666666666666,0.013719042726565628,0.11144898148148148,0.013681069223924893,0.0,0.0,0.06644,0.00405879292401078,0.07609495833333332,0.0009689523506309275,0.0,0.0,0.08403666666666666,0.013719042726565628,0.11144898148148148,0.013681069223924893,0.0,0.0,0.08403666666666666,0.11144898148148148,-0.017596666666666663,-0.03535402314814816,203,203.0,0.07609495833333332,-0.03535402314814816
204,204.0,0.06265,0.021551726148965424,0.09006231481481482,0.022402338122405125,0.0,0.0,0.054715,0.00202939646200539,0.06436995833333334,0.005119237035385246,0.0,0.0,0.06265,0.021551726148965424,0.09006231481481482,0.022402338122405125,0.0,0.0,0.06265,0.09006231481481482,-0.007934999999999998,-0.02569235648148148,204,204.0,0.06436995833333334,-0.02569235648148148
205,205.0,0.05845,0.012395075635106062,0.08586231481481481,0.013764244329481982,0.0,0.0,0.07576,0.023716361440996803,0.08541495833333333,0.020626520867616953,0.0,0.0,0.05845,0.012395075635106062,0.08586231481481481,0.013764244329481982,0.0,0.0,0.05845,0.08586231481481481,0.017309999999999992,-0.00044735648148147567,205,205.0,0.08541495833333333,-0.00044735648148147567
206,206.0,-0.07915666666666667,0.014039719845258076,-0.051744351851851854,0.013264158093322022,0.0,0.0,-0.084455,0.00654073772597557,-0.07480004166666668,0.009630578299355421,0.0,0.0,-0.07915666666666667,0.014039719845258076,-0.051744351851851854,0.013264158093322022,0.0,0.0,-0.07915666666666667,-0.051744351851851854,-0.0052983333333333354,-0.023055689814814824,206,206.0,-0.07480004166666668,-0.023055689814814824
207,207.0,-0.08566666666666667,0.005349432991760277,-0.05825435185185185,0.003664119749100869,0.0,0.0,-0.08787500000000001,0.004164858941188759,-0.07822004166666667,0.0072546995145686115,0.0,0.0,-0.08566666666666667,0.005349432991760277,-0.05825435185185185,0.003664119749100869,0.0,0.0,-0.08566666666666667,-0.05825435185185185,-0.00220833333333334,-0.01996568981481482,207,207.0,-0.07822004166666667,-0.01996568981481482
208,208.0,-0.08661999999999999,0.004145949830859028,-0.059207685185185176,0.0029468411553747343,0.0,0.0,-0.084705,0.004900249993622769,-0.07505004166666668,0.00799009056700262,0.0,0.0,-0.08661999999999999,0.004145949830859028,-0.059207685185185176,0.0029468411553747343,0.0,0.0,-0.08661999999999999,-0.059207685185185176,0.0019149999999999862,-0.015842356481481502,208,208.0,-0.07505004166666668,-0.015842356481481502
209,209.0,-0.09645666666666668,0.020672112454544492,-0.06904435185185186,0.019943652420484185,0.0,0.0,-0.092485,0.02984697723388417,-0.08283004166666666,0.03293681780726402,0.0,0.0,-0.09645666666666668,0.020672112454544492,-0.06904435185185186,0.019943652420484185,0.0,0.0,-0.09645666666666668,-0.06904435185185186,0.003971666666666679,-0.013785689814814803,209,209.0,-0.08283004166666666,-0.013785689814814803
210,210.0,0.08958666666666666,0.009155011378110537,0.11699898148148148,0.011285784339840135,0.0,0.0,0.085145,0.009793428919433684,0.09479995833333332,0.012883269492813536,0.0,0.0,0.08958666666666666,0.009155011378110537,0.11699898148148148,0.011285784339840135,0.0,0.0,0.08958666666666666,0.11699898148148148,-0.004441666666666663,-0.02219902314814816,210,210.0,0.09479995833333332,-0.02219902314814816
211,211.0,0.07540999999999999,0.007909469008726187,0.10282231481481481,0.006135891542166676,0.0,0.0,0.08339,0.00015556349186103901,0.09304495833333334,0.002934277081518813,0.0,0.0,0.07540999999999999,0.007909469008726187,0.10282231481481481,0.006135891542166676,0.0,0.0,0.07540999999999999,0.10282231481481481,0.007980000000000015,-0.009777356481481467,211,211.0,0.09304495833333334,-0.009777356481481467
212,212.0,0.09061666666666668,0.005876838719356972,0.11802898148148148,0.004190397799843855,0.0,0.0,0.08348,0.01772009593653488,0.09313495833333332,0.020809936509914733,0.0,0.0,0.09061666666666668,0.005876838719356972,0.11802898148148148,0.004190397799843855,0.0,0.0,0.09061666666666668,0.11802898148148148,-0.00713666666666668,-0.02489402314814816,212,212.0,0.09313495833333332,-0.02489402314814816
213,213.0,0.06841333333333334,0.006548177863599414,0.09582564814814815,0.004221175084180538,0.0,0.0,0.065155,0.0004313351365237936,0.07480995833333334,0.0035211757099036455,0.0,0.0,0.06841333333333334,0.006548177863599414,0.09582564814814815,0.004221175084180538,0.0,0.0,0.06841333333333334,0.09582564814814815,-0.0032583333333333353,-0.021015689814814803,213,213.0,0.07480995833333334,-0.021015689814814803
214,214.0,0.04812666666666667,0.010926309227425941,0.07553898148148148,0.00878468688804195,0.0,0.0,0.095355,0.006710443353460335,0.10500995833333332,0.003620602780080483,0.0,0.0,0.04812666666666667,0.010926309227425941,0.07553898148148148,0.00878468688804195,0.0,0.0,0.04812666666666667,0.07553898148148148,0.047228333333333324,0.029470976851851835,214,214.0,0.10500995833333332,0.029470976851851835
215,215.0,0.07074,0.032192758502495554,0.0981523148148148,0.03161778066945366,0.0,0.0,0.085055,0.009496444071335331,0.09470995833333334,0.006406603497955479,0.0,0.0,0.07074,0.032192758502495554,0.0981523148148148,0.03161778066945366,0.0,0.0,0.07074,0.0981523148148148,0.014315000000000008,-0.0034423564814814595,215,215.0,0.09470995833333334,-0.0034423564814814595
216,216.0,-0.09044,0.018955497883200008,-0.06302768518518519,0.020833979803716735,0.0,0.0,-0.0802,0.00115965512114593,-0.07054504166666667,0.0019301854522339218,0.0,0.0,-0.09044,0.018955497883200008,-0.06302768518518519,0.020833979803716735,0.0,0.0,-0.09044,-0.06302768518518519,0.010240000000000013,-0.0075173564814814825,216,216.0,-0.07054504166666667,-0.0075173564814814825
217,217.0,-0.08395333333333332,0.011400040935599015,-0.05654101851851851,0.009123773013326994,0.0,0.0,-0.085125,0.014135064555919081,-0.07547004166666667,0.011045223982539229,0.0,0.0,-0.08395333333333332,0.011400040935599015,-0.05654101851851851,0.009123773013326994,0.0,0.0,-0.08395333333333332,-0.05654101851851851,-0.001171666666666682,-0.018929023148148157,217,217.0,-0.07547004166666667,-0.018929023148148157
218,218.0,-0.09132666666666667,0.005006998435523358,-0.06391435185185185,0.0055467739805500115,0.0,0.0,-0.093065,0.015775552288271873,-0.08341004166666666,0.018865392861651724,0.0,0.0,-0.09132666666666667,0.005006998435523358,-0.06391435185185185,0.0055467739805500115,0.0,0.0,-0.09132666666666667,-0.06391435185185185,-0.0017383333333333278,-0.01949568981481481,218,218.0,-0.08341004166666666,-0.01949568981481481
219,219.0,-0.09321,0.00432074067724505,-0.06579768518518518,0.006589882123841174,0.0,0.0,-0.08196999999999999,0.00012727922061357827,-0.07231504166666666,0.0029625613527662735,0.0,0.0,-0.09321,0.00432074067724505,-0.06579768518518518,0.006589882123841174,0.0,0.0,-0.09321,-0.06579768518518518,0.011240000000000014,-0.006517356481481482,219,219.0,-0.07231504166666666,-0.006517356481481482
220,220.0,-0.03875666666666667,0.0070118922790736995,-0.01134435185185185,0.008000573308080692,0.0,0.0,-0.06950500000000001,0.024190122984391795,-0.05985004166666667,0.02110028241101194,0.0,0.0,-0.03875666666666667,0.0070118922790736995,-0.01134435185185185,0.008000573308080692,0.0,0.0,-0.03875666666666667,-0.01134435185185185,-0.030748333333333343,-0.048505689814814824,220,220.0,-0.05985004166666667,-0.048505689814814824
221,221.0,0.08356000000000001,0.015103949814535271,0.1109723148148148,0.01497644684219967,0.0,0.0,0.091795,0.006257895013500944,0.10144995833333334,0.009347735586880795,0.0,0.0,0.08356000000000001,0.015103949814535271,0.1109723148148148,0.01497644684219967,0.0,0.0,0.08356000000000001,0.1109723148148148,0.008234999999999992,-0.009522356481481462,221,221.0,0.10144995833333334,-0.009522356481481462
222,222.0,0.09404666666666667,0.010731068601650694,0.12145898148148149,0.013088360386611651,0.3333333333333333,0.0,0.0802,0.01739482681718907,0.08985495833333333,0.014304986243809215,0.0,0.0,0.09404666666666667,0.010731068601650694,0.12145898148148149,0.013088360386611651,0.3333333333333333,0.0,0.09404666666666667,0.12145898148148149,-0.013846666666666674,-0.031604023148148155,222,222.0,0.08985495833333333,-0.031604023148148155
223,223.0,0.07931666666666666,0.013783382506965888,0.10672898148148148,0.015490406972232224,0.0,0.0,0.073575,0.00535279833358216,0.08322995833333333,0.008442638906962011,0.0,0.0,0.07931666666666666,0.013783382506965888,0.10672898148148148,0.015490406972232224,0.0,0.0,0.07931666666666666,0.10672898148148148,-0.005741666666666659,-0.023499023148148154,223,223.0,0.08322995833333333,-0.023499023148148154
224,224.0,0.050660000000000004,0.036248012359300474,0.07807231481481482,0.036331530364524196,0.0,0.0,0.074035,0.01044396715812531,0.08368995833333334,0.013533807731505162,0.0,0.0,0.050660000000000004,0.036248012359300474,0.07807231481481482,0.036331530364524196,0.0,0.0,0.050660000000000004,0.07807231481481482,0.023375,0.005617643518518525,224,224.0,0.08368995833333334,0.005617643518518525
225,225.0,-0.08026,0.015599868589190106,-0.05284768518518518,0.017938564812081052,0.0,0.0,-0.08168500000000001,0.004164858941188759,-0.07203004166666667,0.0010750183678089077,0.0,0.0,-0.08026,0.015599868589190106,-0.05284768518518518,0.017938564812081052,0.0,0.0,-0.08026,-0.05284768518518518,-0.0014250000000000096,-0.01918235648148149,225,225.0,-0.07203004166666667,-0.01918235648148149
226,226.0,-0.25977666666666666,0.04444773822517107,-0.2323643518518518,0.04681129247286594,0.0,0.0,-0.075255,0.005437651147324552,-0.06560004166666666,0.008527491720704404,0.0,0.0,-0.25977666666666666,0.04444773822517107,-0.2323643518518518,0.04681129247286594,0.0,0.0,-0.25977666666666666,-0.2323643518518518,0.18452166666666664,0.16676431018518514,226,226.0,-0.06560004166666666,0.16676431018518514
227,227.0,-0.4109066666666667,0.015903965962404874,-0.3834943518518519,0.01483982823845552,0.0,1.0,-0.140015,0.025759900038625928,-0.13036004166666668,0.022670059465246077,0.0,0.0,-0.4109066666666667,0.015903965962404874,-0.3834943518518519,0.01483982823845552,0.0,1.0,-0.4109066666666667,-0.3834943518518519,0.2708916666666667,0.2531343101851852,227,227.0,-0.13036004166666668,0.2531343101851852
228,228.0,-0.26088666666666666,0.014733439290720058,-0.23347435185185184,0.012624755572207075,0.0,0.0,-0.09221,0.0051194530957906015,-0.08255504166666666,0.0020296125224107497,0.0,0.0,-0.26088666666666666,0.014733439290720058,-0.23347435185185184,0.012624755572207075,0.0,0.0,-0.26088666666666666,-0.23347435185185184,0.16867666666666664,0.15091931018518517,228,228.0,-0.08255504166666666,0.15091931018518517
229,229.0,-0.09350666666666667,0.007500735519489626,-0.06609435185185185,0.00586334050427607,0.0,0.0,-0.08601500000000001,0.004080006127446387,-0.07636004166666667,0.007169846700826239,0.0,0.0,-0.09350666666666667,0.007500735519489626,-0.06609435185185185,0.00586334050427607,0.0,0.0,-0.09350666666666667,-0.06609435185185185,0.00749166666666666,-0.010265689814814821,229,229.0,-0.07636004166666667,-0.010265689814814821
230,230.0,0.01131,0.016740755657974345,0.038722314814814814,0.015906700239749057,0.0,0.0,-0.0157,0.033686567055727125,-0.006045041666666667,0.030596726482347274,0.0,0.0,0.01131,0.016740755657974345,0.038722314814814814,0.015906700239749057,0.0,0.0,0.01131,0.038722314814814814,-0.02701,-0.04476735648148148,230,230.0,-0.006045041666666667,-0.04476735648148148
231,231.0,0.08008,0.013964630320921496,0.1074923148148148,0.015597979152067865,0.0,0.0,0.088665,0.0033870414818835647,0.09831995833333333,0.006476882055263416,0.0,0.0,0.08008,0.013964630320921496,0.1074923148148148,0.015597979152067865,0.0,0.0,0.08008,0.1074923148148148,0.008584999999999995,-0.009172356481481472,231,231.0,0.09831995833333333,-0.009172356481481472
232,232.0,0.08290666666666667,0.0037950669734977474,0.11031898148148149,0.005589276001499325,0.0,0.0,0.07367,0.0005656854249492346,0.08332495833333334,0.0036555259983290862,0.0,0.0,0.08290666666666667,0.0037950669734977474,0.11031898148148149,0.005589276001499325,0.0,0.0,0.08290666666666667,0.11031898148148149,-0.00923666666666667,-0.026994023148148152,232,232.0,0.08332495833333334,-0.026994023148148152
233,233.0,0.08596999999999999,0.0073898308505675565,0.11338231481481481,0.007210801293546391,0.0,0.0,0.093035,0.007573113626507932,0.10268995833333333,0.010662954199887784,0.0,0.0,0.08596999999999999,0.0073898308505675565,0.11338231481481481,0.007210801293546391,0.0,0.0,0.08596999999999999,0.11338231481481481,0.007065000000000016,-0.01069235648148148,233,233.0,0.10268995833333333,-0.01069235648148148
234,234.0,0.07103333333333334,0.009714022510439914,0.09844564814814816,0.010881992052733316,0.0,0.0,0.07733000000000001,0.046697331829559596,0.08698495833333333,0.04978717240293945,0.5,0.0,0.07103333333333334,0.009714022510439914,0.09844564814814816,0.010881992052733316,0.0,0.0,0.07103333333333334,0.09844564814814816,0.006296666666666673,-0.011460689814814823,234,234.0,0.08698495833333333,-0.011460689814814823
235,235.0,0.06501333333333333,0.02025527174177955,0.09242564814814815,0.02016250304628139,0.0,0.0,0.07486,0.04825296674817,0.08451495833333333,0.05134280732154985,0.5,0.0,0.06501333333333333,0.02025527174177955,0.09242564814814815,0.02016250304628139,0.0,0.0,0.06501333333333333,0.09242564814814815,0.00984666666666667,-0.007910689814814811,235,235.0,0.08451495833333333,-0.007910689814814811
236,236.0,-0.07601000000000001,0.004998469765838341,-0.04859768518518518,0.006147182260146085,0.0,0.0,-0.08667,0.0058689862838483455,-0.07701504166666667,0.0027791457104684937,0.0,0.0,-0.07601000000000001,0.004998469765838341,-0.04859768518518518,0.006147182260146085,0.0,0.0,-0.07601000000000001,-0.04859768518518518,-0.010659999999999989,-0.02841735648148149,236,236.0,-0.07701504166666667,-0.02841735648148149
237,237.0,-0.08455333333333333,0.007640722042669357,-0.057141018518518515,0.009848664114084069,0.0,0.0,-0.07599,0.002375878784786801,-0.06633504166666668,0.0054657193581666525,0.0,0.0,-0.08455333333333333,0.007640722042669357,-0.057141018518518515,0.009848664114084069,0.0,0.0,-0.08455333333333333,-0.057141018518518515,0.008563333333333326,-0.009194023148148163,237,237.0,-0.06633504166666668,-0.009194023148148163
238,238.0,-0.08700666666666668,0.004069672386486821,-0.05959435185185185,0.0062918719994905494,0.0,0.0,-0.09587,0.01482095813367004,-0.08621504166666666,0.011731117560290188,0.0,0.0,-0.08700666666666668,0.004069672386486821,-0.05959435185185185,0.0062918719994905494,0.0,0.0,-0.08700666666666668,-0.05959435185185185,-0.00886333333333332,-0.02662068981481481,238,238.0,-0.08621504166666666,-0.02662068981481481
239,239.0,-0.10143999999999999,0.0017390802166662698,-0.07402768518518517,0.0023592015517282386,0.0,0.0,-0.0739,0.006236681810065355,-0.06424504166666667,0.0031468412366855033,0.0,0.0,-0.10143999999999999,0.0017390802166662698,-0.07402768518518517,0.0023592015517282386,0.0,0.0,-0.10143999999999999,-0.07402768518518517,0.027539999999999995,0.0097826435185185,239,239.0,-0.06424504166666667,0.0097826435185185
240,240.0,0.03182666666666667,0.006792513035197897,0.05923898148148148,0.004895550655537762,0.0,0.0,-0.003465000000000001,0.03515027809278328,0.006189958333333334,0.03206043751940343,0.0,0.0,0.03182666666666667,0.006792513035197897,0.05923898148148148,0.004895550655537762,0.0,0.0,0.03182666666666667,0.05923898148148148,-0.03529166666666667,-0.05304902314814815,240,240.0,0.006189958333333334,-0.05304902314814815
241,241.0,0.08117666666666666,0.005016815058713386,0.10858898148148148,0.002884159871675053,0.0,0.0,0.07608000000000001,0.006604377336282354,0.08573495833333333,0.009694217909662206,0.0,0.0,0.08117666666666666,0.005016815058713386,0.10858898148148148,0.002884159871675053,0.0,0.0,0.08117666666666666,0.10858898148148148,-0.005096666666666652,-0.022854023148148148,241,241.0,0.08573495833333333,-0.022854023148148148
242,242.0,0.07211333333333332,0.0007479527614317152,0.09952564814814814,0.002755417427980326,0.0,0.0,0.09623999999999999,0.003818376618407358,0.10589495833333333,0.0007285360450275063,0.0,0.0,0.07211333333333332,0.0007479527614317152,0.09952564814814814,0.002755417427980326,0.0,0.0,0.07211333333333332,0.09952564814814814,0.02412666666666667,0.00636931018518519,242,242.0,0.10589495833333333,0.00636931018518519
243,243.0,0.07367666666666667,0.0048526521957928705,0.10108898148148149,0.0032762358734856043,0.0,0.0,0.06856,0.012148094500784882,0.07821495833333333,0.01523793507416473,0.0,0.0,0.07367666666666667,0.0048526521957928705,0.10108898148148149,0.0032762358734856043,0.0,0.0,0.07367666666666667,0.10108898148148149,-0.005116666666666672,-0.022874023148148154,243,243.0,0.07821495833333333,-0.022874023148148154
244,244.0,0.07060999999999999,0.01746485327736823,0.09802231481481481,0.019227671408545817,0.0,0.0,0.06555,0.007254915574973981,0.07520495833333334,0.004165075001594129,0.0,0.0,0.07060999999999999,0.01746485327736823,0.09802231481481481,0.019227671408545817,0.0,0.0,0.07060999999999999,0.09802231481481481,-0.005059999999999995,-0.022817356481481477,244,244.0,0.07520495833333334,-0.022817356481481477
245,245.0,0.06773,0.007427651041883967,0.09514231481481482,0.006993838182088037,0.0,0.0,0.045505,0.0688368451485104,0.05515995833333333,0.06574700457513055,0.0,0.0,0.06773,0.007427651041883967,0.09514231481481482,0.006993838182088037,0.0,0.0,0.06773,0.09514231481481482,-0.022225,-0.03998235648148149,245,245.0,0.05515995833333333,-0.03998235648148149
246,246.0,-0.07906999999999999,0.009218747203389405,-0.05165768518518518,0.011422930764013885,0.0,0.0,-0.07692,0.005670996385116111,-0.06726504166666666,0.008760836958495962,0.0,0.0,-0.07906999999999999,0.009218747203389405,-0.05165768518518518,0.011422930764013885,0.0,0.0,-0.07906999999999999,-0.05165768518518518,0.0021499999999999853,-0.015607356481481482,246,246.0,-0.06726504166666666,-0.015607356481481482
247,247.0,-0.16227,0.03628110251908011,-0.13485768518518518,0.034009221115023594,0.0,0.0,-0.08516,0.012756206332605317,-0.07550504166666666,0.009666365759225465,0.0,0.0,-0.16227,0.03628110251908011,-0.13485768518518518,0.034009221115023594,0.0,0.0,-0.16227,-0.13485768518518518,0.07711,0.059352643518518516,247,247.0,-0.07550504166666666,0.059352643518518516
248,248.0,-0.10255666666666667,0.006948901591858478,-0.07514435185185185,0.005643234733552485,0.0,0.0,-0.0833,0.0036062445840513878,-0.07364504166666666,0.0005164040106715359,0.0,0.0,-0.10255666666666667,0.006948901591858478,-0.07514435185185185,0.005643234733552485,0.0,0.0,-0.10255666666666667,-0.07514435185185185,0.019256666666666672,0.0014993101851851903,248,248.0,-0.07364504166666666,0.0014993101851851903
249,249.0,-0.08765666666666666,0.006477594718206233,-0.06024435185185185,0.008826227939888145,0.0,0.0,-0.08136,0.0069862149981230895,-0.07170504166666666,0.0038963744247432377,0.0,0.0,-0.08765666666666666,0.006477594718206233,-0.06024435185185185,0.008826227939888145,0.0,0.0,-0.08765666666666666,-0.06024435185185185,0.006296666666666659,-0.011460689814814816,249,249.0,-0.07170504166666666,-0.011460689814814816
250,250.0,0.08193,0.005800025862011306,0.10934231481481482,0.006217778096850752,0.0,0.0,0.09182499999999999,0.01294712516352569,0.10147995833333333,0.009857284590145838,0.5,0.0,0.08193,0.005800025862011306,0.10934231481481482,0.006217778096850752,0.0,0.0,0.08193,0.10934231481481482,0.009894999999999987,-0.007862356481481494,250,250.0,0.10147995833333333,-0.007862356481481494
251,251.0,0.06759666666666667,0.007374722593652815,0.09500898148148147,0.005010279056193992,0.0,0.0,0.08957000000000001,0.0034082546853191624,0.09922495833333334,0.0003184141119393106,0.0,0.0,0.06759666666666667,0.007374722593652815,0.09500898148148147,0.005010279056193992,0.0,0.0,0.06759666666666667,0.09500898148148147,0.021973333333333345,0.004215976851851863,251,251.0,0.09922495833333334,0.004215976851851863
252,252.0,0.08654666666666666,0.00654794878823387,0.11395898148148148,0.006742224233131469,0.0,0.0,0.083225,0.003712310601229368,0.09287995833333333,0.00680215117460922,0.0,0.0,0.08654666666666666,0.00654794878823387,0.11395898148148148,0.006742224233131469,0.0,0.0,0.08654666666666666,0.11395898148148148,-0.003321666666666667,-0.02107902314814815,252,252.0,0.09287995833333333,-0.02107902314814815
253,253.0,0.08644666666666667,0.005736744140480154,0.11385898148148148,0.003961210582194767,0.0,0.0,0.07356499999999999,0.0033021886681411723,0.08321995833333333,0.006392029241521024,0.0,0.0,0.08644666666666667,0.005736744140480154,0.11385898148148148,0.003961210582194767,0.0,0.0,0.08644666666666667,0.11385898148148148,-0.01288166666666668,-0.030639023148148148,253,253.0,0.08321995833333333,-0.030639023148148148
254,254.0,0.07239666666666666,0.012920163827650693,0.09980898148148148,0.012566072813061303,0.0,0.0,0.059324999999999996,0.009369164850721753,0.06897995833333333,0.006279324277341901,0.0,0.0,0.07239666666666666,0.012920163827650693,0.09980898148148148,0.012566072813061303,0.0,0.0,0.07239666666666666,0.09980898148148148,-0.013071666666666669,-0.030829023148148157,254,254.0,0.06897995833333333,-0.030829023148148157
255,255.0,0.06296666666666667,0.02185736107889819,0.09037898148148149,0.019988560932828078,0.0,0.0,0.06627,0.012020815280171309,0.07592495833333333,0.008930974706791456,0.0,0.0,0.06296666666666667,0.02185736107889819,0.09037898148148149,0.019988560932828078,0.0,0.0,0.06296666666666667,0.09037898148148149,0.003303333333333325,-0.014454023148148157,255,255.0,0.07592495833333333,-0.014454023148148157
256,256.0,-0.09170666666666667,0.010919626061973614,-0.06429435185185185,0.01325227503245201,0.0,0.0,-0.09775,0.005176021638285533,-0.08809504166666667,0.008265862211665385,0.0,0.0,-0.09170666666666667,0.010919626061973614,-0.06429435185185185,0.01325227503245201,0.0,0.0,-0.09170666666666667,-0.06429435185185185,-0.006043333333333331,-0.023800689814814813,256,256.0,-0.08809504166666667,-0.023800689814814813
257,257.0,-0.08505333333333333,0.005592962840331884,-0.057641018518518515,0.006314999282910363,0.0,0.0,-0.08907999999999999,0.008499423509862294,-0.07942504166666667,0.011589264083242146,0.0,0.0,-0.08505333333333333,0.005592962840331884,-0.057641018518518515,0.006314999282910363,0.0,0.0,-0.08505333333333333,-0.057641018518518515,-0.0040266666666666645,-0.021784023148148153,257,257.0,-0.07942504166666667,-0.021784023148148153
258,258.0,-0.09878333333333333,0.003271793595771792,-0.07137101851851851,0.005477029441103452,0.0,0.0,-0.080875,0.0029344931419241728,-0.07122004166666666,0.006024333715304025,0.0,0.0,-0.09878333333333333,0.003271793595771792,-0.07137101851851851,0.005477029441103452,0.0,0.0,-0.09878333333333333,-0.07137101851851851,0.01790833333333333,0.00015097685185185006,258,258.0,-0.07122004166666666,0.00015097685185185006
259,259.0,-0.09045333333333333,0.002517425934031292,-0.06304101851851851,0.004817930583749118,0.0,0.0,-0.09121499999999999,0.007035712472806148,-0.08156004166666667,0.010125553046186,0.0,0.0,-0.09045333333333333,0.002517425934031292,-0.06304101851851851,0.004817930583749118,0.0,0.0,-0.09045333333333333,-0.06304101851851851,-0.0007616666666666605,-0.018519023148148156,259,259.0,-0.08156004166666667,-0.018519023148148156
260,260.0,0.015916666666666666,0.011553537697750128,0.04332898148148148,0.013238743807847671,0.0,0.0,0.021945,0.049504545750870196,0.03159995833333333,0.04641470517749034,0.0,0.0,0.015916666666666666,0.011553537697750128,0.04332898148148148,0.013238743807847671,0.0,0.0,0.015916666666666666,0.04332898148148148,0.0060283333333333335,-0.011729023148148152,260,260.0,0.03159995833333333,-0.011729023148148152
261,261.0,0.08289666666666667,0.014296088043004399,0.1103089814814815,0.011987730862049586,0.0,0.0,0.07619999999999999,0.00487903679018718,0.08585495833333333,0.007968877363567032,0.0,0.0,0.08289666666666667,0.014296088043004399,0.1103089814814815,0.011987730862049586,0.0,0.0,0.08289666666666667,0.1103089814814815,-0.006696666666666684,-0.024454023148148166,261,261.0,0.08585495833333333,-0.024454023148148166
262,262.0,0.07143000000000001,0.02019845291105237,0.09884231481481481,0.019081405223279824,0.0,0.0,0.09842000000000001,0.0032809754647055746,0.10807495833333333,0.006370816038085426,0.5,0.0,0.07143000000000001,0.02019845291105237,0.09884231481481481,0.019081405223279824,0.0,0.0,0.07143000000000001,0.09884231481481481,0.02699,0.009232643518518518,262,262.0,0.10807495833333333,0.009232643518518518
263,263.0,0.07033333333333333,0.014237493927420422,0.09774564814814816,0.01582409962094301,0.0,0.0,0.074735,0.007728677118368961,0.08438995833333332,0.004638836544989109,0.0,0.0,0.07033333333333333,0.014237493927420422,0.09774564814814816,0.01582409962094301,0.0,0.0,0.07033333333333333,0.09774564814814816,0.004401666666666665,-0.013355689814814845,263,263.0,0.08438995833333332,-0.013355689814814845
264,264.0,0.013736666666666663,0.0825581597017117,0.04114898148148148,0.0816980317939099,0.0,0.0,0.069,0.01329360748630709,0.07865495833333333,0.01020376691292724,0.0,0.0,0.013736666666666663,0.0825581597017117,0.04114898148148148,0.0816980317939099,0.0,0.0,0.013736666666666663,0.04114898148148148,0.055263333333333345,0.03750597685185185,264,264.0,0.07865495833333333,0.03750597685185185
265,265.0,-0.09074666666666666,0.002210346880770829,-0.06333435185185185,0.004572733735253873,0.0,0.0,-0.08302,0.01711198410471445,-0.07336504166666666,0.014022143531334597,0.0,0.0,-0.09074666666666666,0.002210346880770829,-0.06333435185185185,0.004572733735253873,0.0,0.0,-0.09074666666666666,-0.06333435185185185,0.0077266666666666595,-0.010030689814814808,265,265.0,-0.07336504166666666,-0.010030689814814808
266,266.0,-0.11290666666666667,0.014025723986066937,-0.08549435185185185,0.011731203544023372,0.0,0.0,-0.083405,0.02032931995911325,-0.07375004166666667,0.0172394793857334,0.0,0.0,-0.11290666666666667,0.014025723986066937,-0.08549435185185185,0.011731203544023372,0.0,0.0,-0.11290666666666667,-0.08549435185185185,0.029501666666666662,0.01174431018518518,266,266.0,-0.07375004166666667,0.01174431018518518
267,267.0,-0.27098666666666665,0.016187212030900587,-0.24357435185185186,0.01513187908512562,0.0,0.0,-0.09584000000000001,0.01344917097816813,-0.08618504166666667,0.01035933040478828,0.0,0.0,-0.27098666666666665,0.016187212030900587,-0.24357435185185186,0.01513187908512562,0.0,0.0,-0.27098666666666665,-0.24357435185185186,0.17514666666666664,0.1573893101851852,267,267.0,-0.08618504166666667,0.1573893101851852
268,268.0,-0.15534666666666666,0.033363221267337685,-0.12793435185185184,0.03564648680573314,0.0,0.0,-0.08233499999999999,0.0006434671708797639,-0.07268004166666667,0.002446373402500088,0.0,0.0,-0.15534666666666666,0.033363221267337685,-0.12793435185185184,0.03564648680573314,0.0,0.0,-0.15534666666666666,-0.12793435185185184,0.07301166666666667,0.055254310185185174,268,268.0,-0.07268004166666667,0.055254310185185174
269,269.0,-0.08361666666666667,0.014985494097070451,-0.05620435185185185,0.01734897109283993,0.0,0.0,-0.081865,0.006102331521639914,-0.07221004166666667,0.009192172095019767,0.0,0.0,-0.08361666666666667,0.014985494097070451,-0.05620435185185185,0.01734897109283993,0.0,0.0,-0.08361666666666667,-0.05620435185185185,0.0017516666666666791,-0.016005689814814816,269,269.0,-0.07221004166666667,-0.016005689814814816
270,270.0,0.08553,0.006921683321273808,0.11294231481481481,0.005732736985992454,0.0,0.0,0.069965,0.021602112165249023,0.07961995833333332,0.018512271591869172,0.0,0.0,0.08553,0.006921683321273808,0.11294231481481481,0.005732736985992454,0.0,0.0,0.08553,0.11294231481481481,-0.015564999999999996,-0.03332235648148149,270,270.0,0.07961995833333332,-0.03332235648148149
271,271.0,0.09178666666666667,0.006968646449155917,0.11919898148148149,0.006076280418227604,0.0,0.0,0.09379499999999999,0.009001469324504754,0.10344995833333333,0.005911628751124902,0.0,0.0,0.09178666666666667,0.006968646449155917,0.11919898148148149,0.006076280418227604,0.0,0.0,0.09178666666666667,0.11919898148148149,0.0020083333333333203,-0.01574902314814816,271,271.0,0.10344995833333333,-0.01574902314814816
272,272.0,0.08485,0.011286943784745282,0.11226231481481481,0.013339886671412223,0.0,0.0,0.07386999999999999,0.015429069965490462,0.08352495833333333,0.018518910538870312,0.0,0.0,0.08485,0.011286943784745282,0.11226231481481481,0.013339886671412223,0.0,0.0,0.08485,0.11226231481481481,-0.010980000000000004,-0.028737356481481485,272,272.0,0.08352495833333333,-0.028737356481481485
273,273.0,0.06313333333333333,0.005939708185873555,0.09054564814814815,0.007541685851332942,0.0,0.0,0.077685,0.020046477246638623,0.08733995833333333,0.023136317820018473,0.0,0.0,0.06313333333333333,0.005939708185873555,0.09054564814814815,0.007541685851332942,0.0,0.0,0.06313333333333333,0.09054564814814815,0.014551666666666671,-0.0032056898148148244,273,273.0,0.08733995833333333,-0.0032056898148148244
274,274.0,0.08488,0.022270255948237325,0.11229231481481482,0.021333217910247882,0.0,0.0,0.069765,0.019678781720421624,0.07941995833333333,0.01658894114704177,0.0,0.0,0.08488,0.022270255948237325,0.11229231481481482,0.021333217910247882,0.0,0.0,0.08488,0.11229231481481482,-0.015115000000000003,-0.032872356481481485,274,274.0,0.07941995833333333,-0.032872356481481485
275,275.0,0.06288666666666666,0.011560909710456754,0.09029898148148148,0.013106413012501534,0.0,0.0,0.050034999999999996,0.015775552288271877,0.059689958333333334,0.012685711714892032,0.0,0.0,0.06288666666666666,0.011560909710456754,0.09029898148148148,0.013106413012501534,0.0,0.0,0.06288666666666666,0.09029898148148148,-0.012851666666666664,-0.030609023148148146,275,275.0,0.059689958333333334,-0.030609023148148146
276,276.0,-0.07843,0.023734765640300727,-0.05101768518518518,0.02238405778836331,0.0,0.0,-0.092345,0.012126881297349288,-0.08269004166666666,0.009037040723969438,0.0,0.0,-0.07843,0.023734765640300727,-0.05101768518518518,0.02238405778836331,0.0,0.0,-0.07843,-0.05101768518518518,-0.013914999999999997,-0.03167235648148148,276,276.0,-0.08269004166666666,-0.03167235648148148
277,277.0,-0.08189666666666667,0.017749800937850915,-0.05448435185185185,0.015745887423640914,0.0,0.0,-0.07513500000000001,0.0006010407640085678,-0.06548004166666667,0.002488799809371284,0.0,0.0,-0.08189666666666667,0.017749800937850915,-0.05448435185185185,0.015745887423640914,0.0,0.0,-0.08189666666666667,-0.05448435185185185,0.006761666666666666,-0.010995689814814816,277,277.0,-0.06548004166666667,-0.010995689814814816
278,278.0,-0.07985666666666667,0.004533093130891238,-0.052444351851851846,0.006634717312254441,0.0,0.0,-0.091155,0.0044901280605345725,-0.08150004166666666,0.0014002874871547211,0.0,0.0,-0.07985666666666667,0.004533093130891238,-0.052444351851851846,0.006634717312254441,0.0,0.0,-0.07985666666666667,-0.052444351851851846,-0.011298333333333327,-0.029055689814814815,278,278.0,-0.08150004166666666,-0.029055689814814815
279,279.0,-0.08825666666666666,0.0029199372139368553,-0.06084435185185185,0.004423083160744568,0.0,0.0,-0.09393,0.005133595231414327,-0.08427504166666666,0.008223435804794179,0.0,0.0,-0.08825666666666666,0.0029199372139368553,-0.06084435185185185,0.004423083160744568,0.0,0.0,-0.08825666666666666,-0.06084435185185185,-0.005673333333333336,-0.02343068981481481,279,279.0,-0.08427504166666666,-0.02343068981481481
280,280.0,0.10507333333333334,0.0077704718861426525,0.13248564814814814,0.008091067429385448,0.6666666666666666,0.0,0.07486,0.02343351872852218,0.08451495833333333,0.020343678155142327,0.0,0.0,0.10507333333333334,0.0077704718861426525,0.13248564814814814,0.008091067429385448,0.6666666666666666,0.0,0.10507333333333334,0.13248564814814814,-0.030213333333333342,-0.04797068981481481,280,280.0,0.08451495833333333,-0.04797068981481481
281,281.0,0.08288333333333334,0.0037657181696634377,0.11029564814814814,0.005488611535835514,0.0,0.0,0.0806,8.485281374238224e-05,0.09025495833333333,0.003174693387122234,0.0,0.0,0.08288333333333334,0.0037657181696634377,0.11029564814814814,0.005488611535835514,0.0,0.0,0.08288333333333334,0.11029564814814814,-0.0022833333333333317,-0.020040689814814813,281,281.0,0.09025495833333333,-0.020040689814814813
282,282.0,0.07590666666666666,0.003247912149879266,0.10331898148148148,0.004396883441565626,0.0,0.0,0.075915,0.019961624432896237,0.08556995833333333,0.023051465006276084,0.0,0.0,0.07590666666666666,0.003247912149879266,0.10331898148148148,0.004396883441565626,0.0,0.0,0.07590666666666666,0.10331898148148148,8.333333333332416e-06,-0.01774902314814815,282,282.0,0.08556995833333333,-0.01774902314814815
283,283.0,0.07702666666666667,0.034420715177540015,0.1044389814814815,0.0335621954502854,0.0,0.0,0.062195,0.032972389206728715,0.07184995833333332,0.02988254863334886,0.0,0.0,0.07702666666666667,0.034420715177540015,0.1044389814814815,0.0335621954502854,0.0,0.0,0.07702666666666667,0.1044389814814815,-0.014831666666666674,-0.03258902314814817,283,283.0,0.07184995833333332,-0.03258902314814817
284,284.0,0.043233333333333325,0.06540943764727941,0.07064564814814815,0.06395841098307709,0.0,0.0,0.011425000000000001,0.07757668496397614,0.021079958333333332,0.07448684439059629,0.0,0.0,0.043233333333333325,0.06540943764727941,0.07064564814814815,0.06395841098307709,0.0,0.0,0.043233333333333325,0.07064564814814815,-0.03180833333333333,-0.04956568981481482,284,284.0,0.021079958333333332,-0.04956568981481482
285,285.0,0.06526666666666667,0.020200832491096332,0.09267898148148147,0.018212658490085725,0.0,0.0,0.056870000000000004,0.02527199635960721,0.06652495833333333,0.022182155786227356,0.0,0.0,0.06526666666666667,0.020200832491096332,0.09267898148148147,0.018212658490085725,0.0,0.0,0.06526666666666667,0.09267898148148147,-0.008396666666666663,-0.026154023148148145,285,285.0,0.06652495833333333,-0.026154023148148145
286,286.0,-0.08186666666666666,0.0020562668439026398,-0.05445435185185185,0.000541412691408045,0.0,0.0,-0.09584000000000001,0.000933380951166244,-0.08618504166666667,0.004023221524546096,0.0,0.0,-0.08186666666666666,0.0020562668439026398,-0.05445435185185185,0.000541412691408045,0.0,0.0,-0.08186666666666666,-0.05445435185185185,-0.013973333333333351,-0.03173068981481482,286,286.0,-0.08618504166666667,-0.03173068981481482
287,287.0,-0.08552,0.008261725001475177,-0.058107685185185186,0.010270548833950687,0.0,0.0,-0.100375,0.008025661966467314,-0.09072004166666667,0.004935821393087462,0.0,0.0,-0.08552,0.008261725001475177,-0.058107685185185186,0.010270548833950687,0.0,0.0,-0.08552,-0.058107685185185186,-0.014855000000000007,-0.03261235648148148,287,287.0,-0.09072004166666667,-0.03261235648148148
288,288.0,-0.07554999999999999,0.004819035173144099,-0.04813768518518518,0.00485544491215895,0.0,0.0,-0.08047499999999999,0.005225519112968582,-0.07082004166666667,0.008315359686348434,0.0,0.0,-0.07554999999999999,0.004819035173144099,-0.04813768518518518,0.00485544491215895,0.0,0.0,-0.07554999999999999,-0.04813768518518518,-0.004924999999999999,-0.022682356481481487,288,288.0,-0.07082004166666667,-0.022682356481481487
289,289.0,-0.08508333333333333,0.004771208791630621,-0.05767101851851852,0.0054938685114349255,0.0,0.0,-0.091275,0.003712310601229368,-0.08162004166666667,0.0006224700278495162,0.0,0.0,-0.08508333333333333,0.004771208791630621,-0.05767101851851852,0.0054938685114349255,0.0,0.0,-0.08508333333333333,-0.05767101851851852,-0.006191666666666665,-0.023949023148148153,289,289.0,-0.08162004166666667,-0.023949023148148153
290,290.0,0.08762666666666667,0.0104052406667666,0.11503898148148149,0.011780425612422719,0.3333333333333333,0.0,0.088345,0.012862272349783299,0.09799995833333333,0.01595211292316315,0.0,0.0,0.08762666666666667,0.0104052406667666,0.11503898148148149,0.011780425612422719,0.3333333333333333,0.0,0.08762666666666667,0.11503898148148149,0.0007183333333333347,-0.01703902314814816,290,290.0,0.09799995833333333,-0.01703902314814816
291,291.0,0.09618333333333333,0.007535544660695298,0.12359564814814815,0.005856406006547774,0.3333333333333333,0.0,0.081665,0.00017677669529663704,0.09131995833333334,0.003266617268676489,0.0,0.0,0.09618333333333333,0.007535544660695298,0.12359564814814815,0.005856406006547774,0.3333333333333333,0.0,0.09618333333333333,0.12359564814814815,-0.014518333333333328,-0.03227568981481481,291,291.0,0.09131995833333334,-0.03227568981481481
292,292.0,0.08063666666666668,0.007107188848858128,0.1080489814814815,0.00944793517117439,0.0,0.0,0.078705,0.00013435028842544101,0.08835995833333332,0.003224190861805293,0.0,0.0,0.08063666666666668,0.007107188848858128,0.1080489814814815,0.00944793517117439,0.0,0.0,0.08063666666666668,0.1080489814814815,-0.0019316666666666787,-0.019689023148148174,292,292.0,0.08835995833333332,-0.019689023148148174
293,293.0,0.08509,0.007220304702711653,0.11250231481481482,0.007200274899498186,0.0,0.0,0.082825,0.010656099192481271,0.09247995833333333,0.013745939765861123,0.0,0.0,0.08509,0.007220304702711653,0.11250231481481482,0.007200274899498186,0.0,0.0,0.08509,0.11250231481481482,-0.002265000000000003,-0.020022356481481485,293,293.0,0.09247995833333333,-0.020022356481481485
294,294.0,0.06917333333333332,0.006279190499844174,0.09658564814814814,0.007011931968055586,0.0,0.0,0.066835,0.018731258633631644,0.07648995833333333,0.021821099207011495,0.0,0.0,0.06917333333333332,0.006279190499844174,0.09658564814814814,0.007011931968055586,0.0,0.0,0.06917333333333332,0.09658564814814814,-0.0023383333333333173,-0.020095689814814813,294,294.0,0.07648995833333333,-0.020095689814814813
295,295.0,0.07332666666666666,0.012433970939862026,0.10073898148148148,0.014450396086414711,0.0,0.0,0.08034,0.019445436482630054,0.08999495833333332,0.016355595909250203,0.0,0.0,0.07332666666666666,0.012433970939862026,0.10073898148148148,0.014450396086414711,0.0,0.0,0.07332666666666666,0.10073898148148148,0.00701333333333333,-0.010744023148148166,295,295.0,0.08999495833333332,-0.010744023148148166
296,296.0,-0.07991666666666668,0.009016409115237245,-0.05250435185185185,0.007264277545494336,0.0,0.0,-0.075685,0.004659833688019348,-0.06603004166666666,0.0015699931146394954,0.0,0.0,-0.07991666666666668,0.009016409115237245,-0.05250435185185185,0.007264277545494336,0.0,0.0,-0.07991666666666668,-0.05250435185185185,0.004231666666666675,-0.013525689814814813,296,296.0,-0.06603004166666666,-0.013525689814814813
297,297.0,-0.10090333333333334,0.00454042215364754,-0.07349101851851851,0.005389380566224924,0.0,0.0,-0.07356,0.0013152186130069787,-0.06390504166666666,0.0017746219603728731,0.0,0.0,-0.10090333333333334,0.00454042215364754,-0.07349101851851851,0.005389380566224924,0.0,0.0,-0.10090333333333334,-0.07349101851851851,0.027343333333333344,0.009585976851851849,297,297.0,-0.06390504166666666,0.009585976851851849
298,298.0,-0.08866333333333333,0.009440854481101449,-0.06125101851851852,0.008338935956559615,0.0,0.0,-0.096025,0.002354665581351203,-0.08637004166666667,0.005444506154731055,0.0,0.0,-0.08866333333333333,0.009440854481101449,-0.06125101851851852,0.008338935956559615,0.0,0.0,-0.08866333333333333,-0.06125101851851852,-0.007361666666666669,-0.025119023148148158,298,298.0,-0.08637004166666667,-0.025119023148148158
299,299.0,-0.08424,0.012909302847171879,-0.05682768518518518,0.014533055655432524,0.0,0.0,-0.090255,0.0005868986283848326,-0.08060004166666668,0.002502941944995019,0.0,0.0,-0.08424,0.012909302847171879,-0.05682768518518518,0.014533055655432524,0.0,0.0,-0.08424,-0.05682768518518518,-0.0060150000000000065,-0.023772356481481495,299,299.0,-0.08060004166666668,-0.023772356481481495
300,300.0,0.09571,0.002305797042239409,0.12312231481481482,0.001096930573873834,0.0,0.0,0.074235,0.007191275964667187,0.08388995833333333,0.0041014353912873355,0.0,0.0,0.09571,0.002305797042239409,0.12312231481481482,0.001096930573873834,0.0,0.0,0.09571,0.12312231481481482,-0.021475000000000008,-0.03923235648148149,300,300.0,0.08388995833333333,-0.03923235648148149
301,301.0,0.08006,0.008316952566896128,0.10747231481481483,0.010276284200122004,0.0,0.0,0.08601,0.017069557697843254,0.09566495833333333,0.020159398271223105,0.0,0.0,0.08006,0.008316952566896128,0.10747231481481483,0.010276284200122004,0.0,0.0,0.08006,0.10747231481481483,0.005949999999999997,-0.011807356481481499,301,301.0,0.09566495833333333,-0.011807356481481499
302,302.0,0.08339666666666667,0.013036814539347156,0.11080898148148148,0.01471361295606678,0.0,0.0,0.092255,0.0025950818869546243,0.10190995833333333,0.0004947586864252276,0.0,0.0,0.08339666666666667,0.013036814539347156,0.11080898148148148,0.01471361295606678,0.0,0.0,0.08339666666666667,0.11080898148148148,0.00885833333333333,-0.008899023148148152,302,302.0,0.10190995833333333,-0.008899023148148152
303,303.0,0.06782,0.016555056629320237,0.09523231481481481,0.016661174345549236,0.0,0.0,0.06343,0.012628927111991735,0.07308495833333332,0.015718767685371587,0.0,0.0,0.06782,0.016555056629320237,0.09523231481481481,0.016661174345549236,0.0,0.0,0.06782,0.09523231481481481,-0.004390000000000005,-0.022147356481481487,303,303.0,0.07308495833333332,-0.022147356481481487
304,304.0,0.0541,0.038005971899163424,0.08151231481481482,0.03733201426264221,0.0,0.0,-0.004074999999999995,0.12561751967779017,0.005579958333333336,0.12870736025117002,0.0,0.0,0.0541,0.038005971899163424,0.08151231481481482,0.03733201426264221,0.0,0.0,0.0541,0.08151231481481482,-0.058175,-0.07593235648148147,304,304.0,0.005579958333333336,-0.07593235648148147
305,305.0,-0.08070999999999999,0.01599655900498604,-0.05329768518518518,0.013794552709735714,0.0,0.0,-0.09851,0.007339768388716364,-0.08885504166666666,0.010429608962096215,0.0,0.0,-0.08070999999999999,0.01599655900498604,-0.05329768518518518,0.013794552709735714,0.0,0.0,-0.08070999999999999,-0.05329768518518518,-0.01780000000000001,-0.035557356481481485,305,305.0,-0.08885504166666666,-0.035557356481481485
306,306.0,-0.17777333333333334,0.03086998920202813,-0.1503610185185185,0.031016558845394584,0.0,0.0,-0.083845,0.0068377225740739135,-0.07419004166666666,0.0037478820006940613,0.0,0.0,-0.17777333333333334,0.03086998920202813,-0.1503610185185185,0.031016558845394584,0.0,0.0,-0.17777333333333334,-0.1503610185185185,0.09392833333333334,0.07617097685185183,306,306.0,-0.07419004166666666,0.07617097685185183
307,307.0,-0.41268,0.016169257867941864,-0.3852676851851852,0.015879021450941323,0.0,0.6666666666666666,-0.09664500000000001,0.018816111447374037,-0.08699004166666667,0.015726270873994183,0.0,0.0,-0.41268,0.016169257867941864,-0.3852676851851852,0.015879021450941323,0.0,0.6666666666666666,-0.41268,-0.3852676851851852,0.31603499999999995,0.29827764351851854,307,307.0,-0.08699004166666667,0.29827764351851854
308,308.0,-0.2751266666666667,0.012841854746621797,-0.24771435185185187,0.012078424114565047,0.0,0.0,-0.07758999999999999,0.004638620484583749,-0.06793504166666667,0.0015487799112038974,0.0,0.0,-0.2751266666666667,0.012841854746621797,-0.24771435185185187,0.012078424114565047,0.0,0.0,-0.2751266666666667,-0.24771435185185187,0.1975366666666667,0.1797793101851852,308,308.0,-0.06793504166666667,0.1797793101851852
309,309.0,-0.08288666666666666,0.003727604235072886,-0.05547435185185185,0.002813831153067509,0.0,0.0,-0.09729,0.0030688434303496235,-0.08763504166666666,2.0997143030228156e-05,0.0,0.0,-0.08288666666666666,0.003727604235072886,-0.05547435185185185,0.002813831153067509,0.0,0.0,-0.08288666666666666,-0.05547435185185185,-0.014403333333333337,-0.03216068981481481,309,309.0,-0.08763504166666666,-0.03216068981481481
310,310.0,0.00027333333333333316,0.005944294182939917,0.02768564814814815,0.008308633340098443,0.0,0.0,0.010775000000000002,0.03560282643274267,0.020429958333333335,0.03251298585936282,0.0,0.0,0.00027333333333333316,0.005944294182939917,0.02768564814814815,0.008308633340098443,0.0,0.0,0.00027333333333333316,0.02768564814814815,0.010501666666666668,-0.0072556898148148155,310,310.0,0.020429958333333335,-0.0072556898148148155
311,311.0,0.08828666666666667,0.02082526670497483,0.11569898148148149,0.021433246166200202,0.3333333333333333,0.0,0.079115,0.006752869760331531,0.08876995833333334,0.003663029186951679,0.0,0.0,0.08828666666666667,0.02082526670497483,0.11569898148148149,0.021433246166200202,0.3333333333333333,0.0,0.08828666666666667,0.11569898148148149,-0.009171666666666661,-0.026929023148148143,311,311.0,0.08876995833333334,-0.026929023148148143
312,312.0,0.07173333333333333,0.0064250006485083964,0.09914564814814815,0.005908838665007221,0.0,0.0,0.07468,0.0066892301500247366,0.08433495833333332,0.009779070723404589,0.0,0.0,0.07173333333333333,0.0064250006485083964,0.09914564814814815,0.005908838665007221,0.0,0.0,0.07173333333333333,0.09914564814814815,0.002946666666666667,-0.014810689814814829,312,312.0,0.08433495833333332,-0.014810689814814829
313,313.0,0.07941666666666666,0.0035187545145027293,0.1068289814814815,0.001418540466207982,0.0,0.0,0.06451499999999999,0.007601397897755383,0.07416995833333333,0.010691238471135235,0.0,0.0,0.07941666666666666,0.0035187545145027293,0.1068289814814815,0.001418540466207982,0.0,0.0,0.07941666666666666,0.1068289814814815,-0.014901666666666674,-0.03265902314814817,313,313.0,0.07416995833333333,-0.03265902314814817
314,314.0,0.08777666666666667,0.009478883548885566,0.11518898148148149,0.007312475363593264,0.0,0.0,0.07785,0.013675445148147827,0.08750495833333333,0.01676528572152768,0.0,0.0,0.08777666666666667,0.009478883548885566,0.11518898148148149,0.007312475363593264,0.0,0.0,0.08777666666666667,0.11518898148148149,-0.009926666666666667,-0.027684023148148162,314,314.0,0.08750495833333333,-0.027684023148148162
315,315.0,-0.0010099999999999998,0.027809536134211228,0.02640231481481482,0.025521177949031304,0.0,0.0,0.052505,0.05967274126433275,0.062159958333333334,0.0565829006909529,0.0,0.0,-0.0010099999999999998,0.027809536134211228,0.02640231481481482,0.025521177949031304,0.0,0.0,-0.0010099999999999998,0.02640231481481482,0.053515,0.03575764351851851,315,315.0,0.062159958333333334,0.03575764351851851
316,316.0,-0.09643333333333333,0.006502071464797459,-0.06902101851851851,0.008864969799963762,0.0,0.0,-0.09098999999999999,0.003775950211536162,-0.08133504166666666,0.0006861096381563102,0.0,0.0,-0.09643333333333333,0.006502071464797459,-0.06902101851851851,0.008864969799963762,0.0,0.0,-0.09643333333333333,-0.06902101851851851,0.005443333333333342,-0.012314023148148154,316,316.0,-0.08133504166666666,-0.012314023148148154
317,317.0,-0.09251,0.008940643153599189,-0.06509768518518518,0.00666118114030081,0.0,0.0,-0.08534,0.006194255403194149,-0.07568504166666667,0.0031044148298142974,0.0,0.0,-0.09251,0.008940643153599189,-0.06509768518518518,0.00666118114030081,0.0,0.0,-0.09251,-0.06509768518518518,0.007169999999999996,-0.0105873564814815,317,317.0,-0.07568504166666667,-0.0105873564814815
318,318.0,-0.08184,0.006669640170204088,-0.054427685185185176,0.006981031324279093,0.0,0.0,-0.09576499999999999,0.009058037866999675,-0.08611004166666666,0.0059681972936198235,0.0,0.0,-0.08184,0.006669640170204088,-0.054427685185185176,0.006981031324279093,0.0,0.0,-0.08184,-0.054427685185185176,-0.013924999999999993,-0.03168235648148149,318,318.0,-0.08611004166666666,-0.03168235648148149
319,319.0,-0.09123666666666667,0.01211188397126283,-0.06382435185185185,0.010524223166484705,0.0,0.0,-0.084885,0.015125014049580245,-0.07523004166666666,0.0182148546229601,0.0,0.0,-0.09123666666666667,0.01211188397126283,-0.06382435185185185,0.010524223166484705,0.0,0.0,-0.09123666666666667,-0.06382435185185185,0.006351666666666672,-0.01140568981481481,319,319.0,-0.07523004166666666,-0.01140568981481481
320,320.0,0.02467,0.011499604341019739,0.05208231481481482,0.009374084519183094,0.0,0.0,0.04695,0.04883279430874297,0.05660495833333333,0.04574295373536312,0.0,0.0,0.02467,0.011499604341019739,0.05208231481481482,0.009374084519183094,0.0,0.0,0.02467,0.05208231481481482,0.022279999999999998,0.004522643518518513,320,320.0,0.05660495833333333,0.004522643518518513
321,321.0,0.09341333333333333,0.01892469374476991,0.12082564814814815,0.021004055512690772,0.3333333333333333,0.0,0.092025,0.00023334523779155853,0.10167995833333332,0.00332318581117141,0.0,0.0,0.09341333333333333,0.01892469374476991,0.12082564814814815,0.021004055512690772,0.3333333333333333,0.0,0.09341333333333333,0.12082564814814815,-0.0013883333333333386,-0.019145689814814834,321,321.0,0.10167995833333332,-0.019145689814814834
322,322.0,0.07322333333333332,0.008361915649738002,0.10063564814814814,0.008695165526644736,0.0,0.0,0.09099,0.002220315292925762,0.10064495833333334,0.0008695252804540899,0.0,0.0,0.07322333333333332,0.008361915649738002,0.10063564814814814,0.008695165526644736,0.0,0.0,0.07322333333333332,0.10063564814814814,0.01776666666666668,9.310185185198994e-06,322,322.0,0.10064495833333334,9.310185185198994e-06
323,323.0,0.07647666666666667,0.00898832761604367,0.10388898148148147,0.007780892540122645,0.0,0.0,0.08925,0.0005374011537017738,0.09890495833333333,0.0036272417270816256,0.0,0.0,0.07647666666666667,0.00898832761604367,0.10388898148148147,0.007780892540122645,0.0,0.0,0.07647666666666667,0.10388898148148147,0.012773333333333331,-0.004984023148148137,323,323.0,0.09890495833333333,-0.004984023148148137
324,324.0,0.044890000000000006,0.052983975879505305,0.07230231481481482,0.05534809674049335,0.0,0.0,0.079895,0.014757318523363247,0.08954995833333332,0.017847159096743098,0.0,0.0,0.044890000000000006,0.052983975879505305,0.07230231481481482,0.05534809674049335,0.0,0.0,0.044890000000000006,0.07230231481481482,0.03500499999999999,0.0172476435185185,324,324.0,0.08954995833333332,0.0172476435185185
325,325.0,0.08306333333333334,0.009689232855770025,0.11047564814814816,0.007392574366076634,0.0,0.0,0.07605,0.013986572131869913,0.08570495833333333,0.010896731558490063,0.0,0.0,0.08306333333333334,0.009689232855770025,0.11047564814814816,0.007392574366076634,0.0,0.0,0.08306333333333334,0.11047564814814816,-0.00701333333333333,-0.024770689814814825,325,325.0,0.08570495833333333,-0.024770689814814825
326,326.0,-0.09128666666666667,0.010201697571156155,-0.06387435185185185,0.010062679297625566,0.0,0.0,-0.083235,0.0019162593770155466,-0.07358004166666667,0.005006099950395399,0.0,0.0,-0.09128666666666667,0.010201697571156155,-0.06387435185185185,0.010062679297625566,0.0,0.0,-0.09128666666666667,-0.06387435185185185,0.008051666666666665,-0.009705689814814816,326,326.0,-0.07358004166666667,-0.009705689814814816
327,327.0,-0.07966333333333334,0.0015831719215970627,-0.052251018518518516,0.0026203377854439125,0.0,0.0,-0.096665,0.009694433970067567,-0.08701004166666668,0.012784274543447419,0.0,0.0,-0.07966333333333334,0.0015831719215970627,-0.052251018518518516,0.0026203377854439125,0.0,0.0,-0.07966333333333334,-0.052251018518518516,-0.017001666666666665,-0.03475902314814816,327,327.0,-0.08701004166666668,-0.03475902314814816
328,328.0,-0.0896,0.0056500707960166294,-0.062187685185185186,0.004136754030169234,0.0,0.0,-0.09243499999999999,0.008718626612030126,-0.08278004166666666,0.005628786038650275,0.0,0.0,-0.0896,0.0056500707960166294,-0.062187685185185186,0.004136754030169234,0.0,0.0,-0.0896,-0.062187685185185186,-0.0028349999999999903,-0.02059235648148148,328,328.0,-0.08278004166666666,-0.02059235648148148
329,329.0,-0.08765666666666667,0.0122966919670834,-0.06024435185185185,0.011761690599483277,0.0,0.0,-0.08343500000000001,0.009199459223236988,-0.07378004166666667,0.006109618649857137,0.0,0.0,-0.08765666666666667,0.0122966919670834,-0.06024435185185185,0.011761690599483277,0.0,0.0,-0.08765666666666667,-0.06024435185185185,0.004221666666666665,-0.013535689814814823,329,329.0,-0.07378004166666667,-0.013535689814814823
330,330.0,0.08676,0.003924780248625395,0.11417231481481482,0.005901975941770052,0.0,0.0,0.09076000000000001,0.005260874452027905,0.10041495833333333,0.008350715025407757,0.0,0.0,0.08676,0.003924780248625395,0.11417231481481482,0.005901975941770052,0.0,0.0,0.08676,0.11417231481481482,0.0040000000000000036,-0.013757356481481492,330,330.0,0.10041495833333333,-0.013757356481481492
331,331.0,0.09194999999999999,0.0033404041671630117,0.11936231481481481,0.0014908476393981928,0.0,0.0,0.06745999999999999,0.0043416356364853964,0.07711495833333333,0.0012517950631055449,0.0,0.0,0.09194999999999999,0.0033404041671630117,0.11936231481481481,0.0014908476393981928,0.0,0.0,0.09194999999999999,0.11936231481481481,-0.024489999999999998,-0.04224735648148148,331,331.0,0.07711495833333333,-0.04224735648148148
332,332.0,0.09024,0.015872702983424095,0.1176523148148148,0.0174361685717269,0.3333333333333333,0.0,0.08255,0.012133952365161162,0.09220495833333334,0.00904411179178131,0.0,0.0,0.09024,0.015872702983424095,0.1176523148148148,0.0174361685717269,0.3333333333333333,0.0,0.09024,0.1176523148148148,-0.007690000000000002,-0.02544735648148147,332,332.0,0.09220495833333334,-0.02544735648148147
333,333.0,0.08561333333333333,0.002914383868561821,0.11302564814814815,0.003436327890217167,0.0,0.0,0.06905,0.020435385976291225,0.07870495833333334,0.017345545402911368,0.0,0.0,0.08561333333333333,0.002914383868561821,0.11302564814814815,0.003436327890217167,0.0,0.0,0.08561333333333333,0.11302564814814815,-0.016563333333333333,-0.034320689814814814,333,333.0,0.07870495833333334,-0.034320689814814814
334,334.0,0.07382333333333334,0.007984737524385716,0.10123564814814816,0.008642809225797406,0.0,0.0,0.059844999999999995,0.034485597718467924,0.06949995833333333,0.03139575714508807,0.0,0.0,0.07382333333333334,0.007984737524385716,0.10123564814814816,0.008642809225797406,0.0,0.0,0.07382333333333334,0.10123564814814816,-0.013978333333333343,-0.031735689814814824,334,334.0,0.06949995833333333,-0.031735689814814824
335,335.0,0.07299666666666667,0.004806727923789046,0.10040898148148147,0.005642574653554555,0.0,0.0,0.087065,0.00224152849636136,0.09671995833333333,0.0008483120770184919,0.0,0.0,0.07299666666666667,0.004806727923789046,0.10040898148148147,0.005642574653554555,0.0,0.0,0.07299666666666667,0.10040898148148147,0.014068333333333335,-0.003689023148148146,335,335.0,0.09671995833333333,-0.003689023148148146
336,336.0,-0.08889666666666667,0.01250088130226559,-0.06148435185185184,0.014404074797013977,0.0,0.0,-0.069455,0.009708576105691293,-0.05980004166666667,0.00661873553231144,0.0,0.0,-0.08889666666666667,0.01250088130226559,-0.06148435185185184,0.014404074797013977,0.0,0.0,-0.08889666666666667,-0.06148435185185184,0.019441666666666663,0.0016843101851851672,336,336.0,-0.05980004166666667,0.0016843101851851672
337,337.0,-0.08923333333333333,0.004887886387113896,-0.06182101851851852,0.0025890604470954317,0.0,0.0,-0.09392,0.012798632739476514,-0.08426504166666668,0.009708792166096662,0.0,0.0,-0.08923333333333333,0.004887886387113896,-0.06182101851851852,0.0025890604470954317,0.0,0.0,-0.08923333333333333,-0.06182101851851852,-0.004686666666666672,-0.02244402314814816,337,337.0,-0.08426504166666668,-0.02244402314814816
338,338.0,-0.09071,0.017542613830327562,-0.06329768518518518,0.016231447409803982,0.0,0.0,-0.079545,0.010118698038779498,-0.06989004166666667,0.007028857465399645,0.0,0.0,-0.09071,0.017542613830327562,-0.06329768518518518,0.016231447409803982,0.0,0.0,-0.09071,-0.06329768518518518,0.011164999999999994,-0.006592356481481487,338,338.0,-0.06989004166666667,-0.006592356481481487
339,339.0,-0.08286666666666666,0.002978411209576897,-0.05545435185185185,0.0031005842517850828,0.0,0.0,-0.09209,0.013746155826266484,-0.08243504166666667,0.010656315252886631,0.0,0.0,-0.08286666666666666,0.002978411209576897,-0.05545435185185185,0.0031005842517850828,0.0,0.0,-0.08286666666666666,-0.05545435185185185,-0.009223333333333347,-0.026980689814814815,339,339.0,-0.08243504166666667,-0.026980689814814815
340,340.0,0.012790000000000001,0.0454283743931037,0.040202314814814816,0.04770860271557728,0.0,0.0,-0.037855,0.03937877664427883,-0.028200041666666665,0.036288936070898975,0.0,0.0,0.012790000000000001,0.0454283743931037,0.040202314814814816,0.04770860271557728,0.0,0.0,0.012790000000000001,0.040202314814814816,-0.050645,-0.06840235648148148,340,340.0,-0.028200041666666665,-0.06840235648148148
341,341.0,0.08202999999999999,0.01607968594220671,0.10944231481481481,0.013733542494989306,0.0,0.0,0.09717,0.0027152900397563397,0.10682495833333333,0.00037455053362351205,0.0,0.0,0.08202999999999999,0.01607968594220671,0.10944231481481481,0.013733542494989306,0.0,0.0,0.08202999999999999,0.10944231481481481,0.015140000000000015,-0.002617356481481481,341,341.0,0.10682495833333333,-0.002617356481481481
342,342.0,0.07750333333333333,0.00957536596341536,0.10491564814814815,0.007211695703829994,0.0,0.0,0.063615,0.009468159800087871,0.07326995833333333,0.012558000373467722,0.0,0.0,0.07750333333333333,0.00957536596341536,0.10491564814814815,0.007211695703829994,0.0,0.0,0.07750333333333333,0.10491564814814815,-0.013888333333333322,-0.03164568981481482,342,342.0,0.07326995833333333,-0.03164568981481482
343,343.0,0.08058666666666665,0.009852412564104964,0.10799898148148147,0.008143361038214746,0.0,0.0,0.080045,0.02032931995911324,0.08969995833333333,0.023419160532493093,0.0,0.0,0.08058666666666665,0.009852412564104964,0.10799898148148147,0.008143361038214746,0.0,0.0,0.08058666666666665,0.10799898148148147,-0.0005416666666666486,-0.018299023148148144,343,343.0,0.08969995833333333,-0.018299023148148144
344,344.0,0.07011,0.010390317608235082,0.09752231481481481,0.012281901127065401,0.0,0.0,0.006975,0.04503563089377121,0.016629958333333333,0.048125471467151064,0.0,0.0,0.07011,0.010390317608235082,0.09752231481481481,0.012281901127065401,0.0,0.0,0.07011,0.09752231481481481,-0.06313500000000001,-0.08089235648148148,344,344.0,0.016629958333333333,-0.08089235648148148
345,345.0,-0.07933666666666667,0.007995575860019923,-0.05192435185185185,0.006551539550380159,0.0,0.0,-0.07794000000000001,0.012515790027001896,-0.06828504166666667,0.009425949453622044,0.0,0.0,-0.07933666666666667,0.007995575860019923,-0.05192435185185185,0.006551539550380159,0.0,0.0,-0.07933666666666667,-0.05192435185185185,0.0013966666666666572,-0.016360689814814824,345,345.0,-0.06828504166666667,-0.016360689814814824
346,346.0,-0.29252,0.00521040305542672,-0.2651076851851852,0.005636282070016381,0.0,0.0,-0.07704,0.017889801564019654,-0.06738504166666667,0.020979642137399505,0.0,0.0,-0.29252,0.00521040305542672,-0.2651076851851852,0.005636282070016381,0.0,0.0,-0.29252,-0.2651076851851852,0.21548,0.1977226435185185,346,346.0,-0.06738504166666667,0.1977226435185185
347,347.0,-0.22824,0.0068772741693202775,-0.2008276851851852,0.008364640891243006,0.0,0.0,-0.199675,0.040524289629801036,-0.19002004166666667,0.037434449056421196,0.0,0.5,-0.22824,0.0068772741693202775,-0.2008276851851852,0.008364640891243006,0.0,0.0,-0.22824,-0.2008276851851852,0.028565000000000007,0.01080764351851854,347,347.0,-0.19002004166666667,0.01080764351851854
348,348.0,-0.3989566666666667,0.016832496348828732,-0.3715443518518519,0.018847842609586638,0.0,0.3333333333333333,-0.13318,0.032498627663333716,-0.12352504166666667,0.029408787089953863,0.0,0.0,-0.3989566666666667,0.016832496348828732,-0.3715443518518519,0.018847842609586638,0.0,0.3333333333333333,-0.3989566666666667,-0.3715443518518519,0.26577666666666666,0.24801931018518525,348,348.0,-0.12352504166666667,0.24801931018518525
349,349.0,-0.10338666666666667,0.010507446565809098,-0.07597435185185185,0.012401997786296633,0.0,0.0,-0.09562999999999999,0.0062791082169365514,-0.08597504166666667,0.0031892676435566992,0.0,0.0,-0.10338666666666667,0.010507446565809098,-0.07597435185185185,0.012401997786296633,0.0,0.0,-0.10338666666666667,-0.07597435185185185,0.007756666666666676,-0.01000068981481482,349,349.0,-0.08597504166666667,-0.01000068981481482
350,350.0,-0.08041333333333334,0.00313008519585862,-0.05300101851851852,0.004594169837817705,0.0,0.0,-0.075975,0.005847773080412747,-0.06632004166666666,0.0089376136537926,0.0,0.0,-0.08041333333333334,0.00313008519585862,-0.05300101851851852,0.004594169837817705,0.0,0.0,-0.08041333333333334,-0.05300101851851852,0.004438333333333336,-0.013319023148148146,350,350.0,-0.06632004166666666,-0.013319023148148146
351,351.0,0.09022666666666668,0.00797528891848649,0.11763898148148148,0.00970113655133267,0.0,0.0,0.0959,0.0039032294321497403,0.10555495833333334,0.0008133888587698885,0.0,0.0,0.09022666666666668,0.00797528891848649,0.11763898148148148,0.00970113655133267,0.0,0.0,0.09022666666666668,0.11763898148148148,0.005673333333333322,-0.012084023148148146,351,351.0,0.10555495833333334,-0.012084023148148146
352,352.0,0.08053666666666666,0.005390151513021994,0.10794898148148148,0.005056710239192908,0.0,0.0,0.08899,0.011992531008923848,0.09864495833333334,0.008902690435543996,0.0,0.0,0.08053666666666666,0.005390151513021994,0.10794898148148148,0.005056710239192908,0.0,0.0,0.08053666666666666,0.10794898148148148,0.00845333333333334,-0.009304023148148141,352,352.0,0.09864495833333334,-0.009304023148148141
353,353.0,0.08669,0.012227559036864228,0.11410231481481481,0.012101757804619822,0.0,0.0,0.0795,0.021057639943735385,0.08915495833333334,0.02414748051711524,0.0,0.0,0.08669,0.012227559036864228,0.11410231481481481,0.012101757804619822,0.0,0.0,0.08669,0.11410231481481481,-0.007190000000000002,-0.02494735648148147,353,353.0,0.08915495833333334,-0.02494735648148147
354,354.0,0.06636333333333333,0.022426895311953757,0.09377564814814815,0.02443910585930708,0.0,0.0,0.071685,0.012042028483606897,0.08133995833333332,0.008952187910227045,0.0,0.0,0.06636333333333333,0.022426895311953757,0.09377564814814815,0.02443910585930708,0.0,0.0,0.06636333333333333,0.09377564814814815,0.005321666666666669,-0.012435689814814826,354,354.0,0.08133995833333332,-0.012435689814814826
355,355.0,0.07126,0.013954379240940815,0.09867231481481481,0.01631691244334844,0.0,0.0,0.070285,0.004532554467405769,0.07993995833333334,0.007622395040785621,0.0,0.0,0.07126,0.013954379240940815,0.09867231481481481,0.01631691244334844,0.0,0.0,0.07126,0.09867231481481481,-0.0009750000000000036,-0.01873235648148147,355,355.0,0.07993995833333334,-0.01873235648148147
356,356.0,-0.07556333333333333,0.008547644899815,-0.04815101851851852,0.010293217661744423,0.0,0.0,-0.086365,0.016015968593875305,-0.07671004166666667,0.012926128020495453,0.0,0.0,-0.07556333333333333,0.008547644899815,-0.04815101851851852,0.010293217661744423,0.0,0.0,-0.07556333333333333,-0.04815101851851852,-0.010801666666666668,-0.028559023148148156,356,356.0,-0.07671004166666667,-0.028559023148148156
357,357.0,-0.09243666666666667,0.015078502357108723,-0.06502435185185185,0.012719900656153636,0.0,0.0,-0.079345,0.0003040559159102153,-0.06969004166666667,0.0027857846574696364,0.0,0.0,-0.09243666666666667,0.015078502357108723,-0.06502435185185185,0.012719900656153636,0.0,0.0,-0.09243666666666667,-0.06502435185185185,0.013091666666666668,-0.004665689814814827,357,357.0,-0.06969004166666667,-0.004665689814814827
358,358.0,-0.10256,0.00580643608420863,-0.07514768518518518,0.007665073277573147,0.0,0.0,-0.08946,0.01616446101792447,-0.07980504166666666,0.013074620444544618,0.0,0.0,-0.10256,0.00580643608420863,-0.07514768518518518,0.007665073277573147,0.0,0.0,-0.10256,-0.07514768518518518,0.0131,-0.004657356481481481,358,358.0,-0.07980504166666666,-0.004657356481481481
359,359.0,-0.08507666666666668,0.0008859646343581248,-0.05766435185185185,0.0015653829606613265,0.0,0.0,-0.091965,0.0026092240225783596,-0.08231004166666667,0.005699064595958212,0.0,0.0,-0.08507666666666668,0.0008859646343581248,-0.05766435185185185,0.0015653829606613265,0.0,0.0,-0.08507666666666668,-0.05766435185185185,-0.00688833333333333,-0.024645689814814818,359,359.0,-0.08231004166666667,-0.024645689814814818
