point_index,sweep_angle_deg,a1_raw_mean_error_deg,a1_raw_pointwise_sd_deg,a1_centered_mean_error_deg,a1_centered_pointwise_sd_deg,a1_top_selection_rate,a1_bottom_selection_rate,b_raw_mean_error_deg,b_raw_pointwise_sd_deg,b_centered_mean_error_deg,b_centered_pointwise_sd_deg,b_top_selection_rate,b_bottom_selection_rate,a2_raw_mean_error_deg,a2_raw_pointwise_sd_deg,a2_centered_mean_error_deg,a2_centered_pointwise_sd_deg,a2_top_selection_rate,a2_bottom_selection_rate,a_average_raw_mean_error_deg,a_average_centered_mean_error_deg,b_minus_a_raw_error_deg,b_minus_a_centered_error_deg,b_aligned_source_index,b_aligned_source_angle_deg,b_aligned_centered_mean_error_deg,b_minus_a_aligned_centered_error_deg
0,0.0,0.0034800000000000005,0.013358491681323907,-0.3009267222222222,0.015077354161432254,0.0,0.0,-0.004096666666666666,0.010826381359130728,-0.25728325925925927,0.015246507719573164,0.0,0.0,-0.0023000000000000004,0.012490752579408498,-0.3263703148148148,0.012904085768600823,0.0,0.0,0.00059,-0.3136485185185185,-0.004686666666666666,0.056365259259259226,0,0.0,-0.25728325925925927,0.056365259259259226
1,1.0,0.5192066666666667,0.0269578213758704,0.21479994444444447,0.030189730937270967,0.0,0.0,0.4726066666666667,0.005337380755888926,0.21942007407407407,0.010559999932240983,0.0,0.0,0.47045000000000003,0.0034589160151700816,0.14637968518518518,0.013839378280474619,0.0,0.0,0.49482833333333337,0.18058981481481484,-0.022221666666666695,0.03883025925925923,1,1.0,0.21942007407407407,0.03883025925925923
2,2.0,0.81906,0.05635907291643468,0.5146532777777778,0.06029092527218274,0.0,0.0,0.7368566666666667,0.006698942702645961,0.4836700740740741,0.009181187451161981,0.0,0.0,0.72526,0.03013776534516118,0.4011896851851852,0.03700373992091224,0.0,0.0,0.77216,0.4579214814814815,-0.03530333333333324,0.0257485925925926,2,2.0,0.4836700740740741,0.0257485925925926
3,3.0,0.9951966666666667,0.03558497482552618,0.6907899444444444,0.03978684023306553,0.0,0.0,0.93867,0.013948680941221665,0.6854834074074073,0.010252000620224242,0.0,0.0,0.9238066666666667,0.010135740393939318,0.5997363518518518,0.006011480173406266,0.0,0.0,0.9595016666666667,0.6452631481481481,-0.020831666666666693,0.040220259259259206,3,3.0,0.6854834074074073,0.040220259259259206
4,4.0,0.9740833333333333,0.0899839331955063,0.6696766111111111,0.09137265348352523,0.0,0.0,0.9204833333333333,0.011719950227425596,0.6672967407407407,0.009984991758673704,0.0,0.0,0.95083,0.051993188977018955,0.6267596851851852,0.042897633932693885,0.0,0.0,0.9624566666666666,0.6482181481481482,-0.04197333333333331,0.01907859259259259,4,4.0,0.6672967407407407,0.01907859259259259
5,5.0,0.3358966666666667,0.03810288221819096,0.03148994444444444,0.03564959320569425,0.0,0.0,0.26979000000000003,0.02692730955739915,0.016603407407407417,0.011666194921194327,0.0,0.0,0.28457666666666664,0.04023586749820777,-0.03949364814814815,0.04609849726084995,0.0,0.0,0.31023666666666666,-0.004001851851851857,-0.04044666666666663,0.020605259259259275,5,5.0,0.016603407407407417,0.020605259259259275
6,6.0,-0.6348033333333333,0.012321153896179236,-0.9392100555555555,0.004352940660995541,0.0,0.0,-0.7652266666666666,0.008157703925329298,-1.0184132592592594,0.02278618484663955,0.0,0.0,-0.68866,0.0067882766590644855,-1.0127303148148148,0.007155152577848565,0.0,0.0,-0.6617316666666666,-0.9759701851851852,-0.103495,-0.042443074074074216,6,6.0,-1.0184132592592594,-0.042443074074074216
7,7.0,-0.8592033333333333,0.021703330005631235,-1.1636100555555555,0.025476386662910973,0.0,0.0,-0.9472033333333334,0.010974672356536845,-1.2003899259259259,0.006052478988171976,0.0,0.3333333333333333,-0.8728400000000001,0.014735925488410961,-1.1969103148148148,0.007685011427090811,0.0,0.0,-0.8660216666666667,-1.180260185185185,-0.08118166666666671,-0.02012974074074081,7,7.0,-1.2003899259259259,-0.02012974074074081
8,8.0,-0.6901366666666666,0.011027956897509794,-0.9945433888888888,0.014920161905523494,0.0,0.0,-0.7801933333333334,0.035960901453291345,-1.033379925925926,0.031902096007630006,0.0,0.0,-0.7054766666666668,0.005455871454986215,-1.0295469814814815,0.006295475637701038,0.0,0.0,-0.6978066666666667,-1.012045185185185,-0.08238666666666672,-0.021334740740740932,8,8.0,-1.033379925925926,-0.021334740740740932
9,9.0,-0.4091766666666667,0.007239767491662534,-0.713583388888889,0.009849710213353352,0.0,0.0,-0.5001966666666666,0.03534190336319383,-0.7533832592592592,0.025478000158714334,0.0,0.0,-0.42319666666666667,0.013043022400246565,-0.7472669814814815,0.004335339427234151,0.0,0.0,-0.4161866666666667,-0.7304251851851853,-0.08400999999999992,-0.02295807407407391,9,9.0,-0.7533832592592592,-0.02295807407407391
10,10.0,0.0582,0.028245011949014995,-0.24620672222222226,0.020041059939765155,0.0,0.0,-0.014286666666666665,0.026486544382635747,-0.26747325925925924,0.01180760542939752,0.0,0.0,0.06768,0.014023252119248231,-0.2563903148148148,0.007061639982725511,0.0,0.0,0.06294,-0.25129851851851853,-0.07722666666666667,-0.016174740740740712,10,10.0,-0.26747325925925924,-0.016174740740740712
11,11.0,0.4701233333333333,0.049072652601355585,0.1657166111111111,0.041868786260813716,0.0,0.0,0.41504,0.03382858554536386,0.1618534074074074,0.03153782477782953,0.0,0.0,0.48038,0.014637072794790646,0.15630968518518518,0.00658967625415061,0.0,0.0,0.47525166666666663,0.16101314814814816,-0.06021166666666661,0.0008402592592592351,11,11.0,0.1618534074074074,0.0008402592592592351
12,12.0,0.74931,0.041578464377607795,0.4449032777777778,0.041622456601085656,0.0,0.0,0.6887033333333333,0.03660096902178046,0.43551674074074076,0.038299722669125076,0.0,0.0,0.7331233333333333,0.010107508759992898,0.40905301851851855,0.0037210163119469905,0.0,0.0,0.7412166666666666,0.42697814814814816,-0.0525133333333333,0.008538592592592598,12,12.0,0.43551674074074076,0.008538592592592598
13,13.0,0.9910366666666667,0.057286766651062915,0.6866299444444445,0.0638643699887881,0.0,0.0,0.9124599999999999,0.005949218436063661,0.6592734074074075,0.018825365174128722,0.0,0.0,0.9826633333333333,0.010657637324160254,0.6585930185185185,0.01344815509463408,0.0,0.0,0.98685,0.6726114814814814,-0.07439000000000007,-0.013338074074073947,13,13.0,0.6592734074074075,-0.013338074074073947
14,14.0,1.1642666666666666,0.0350000133333308,0.8598599444444445,0.042648044277920676,0.0,0.0,1.0399166666666666,0.00908967729533523,0.786730074074074,0.011488779052818646,0.0,0.0,1.1251,0.02083704153664812,0.8010296851851852,0.020870892219150672,0.0,0.0,1.1446833333333333,0.8304448148148149,-0.10476666666666667,-0.04371474074074089,14,14.0,0.786730074074074,-0.04371474074074089
15,15.0,0.7174566666666666,0.04789498547168936,0.41304994444444443,0.04761892108953629,0.0,0.0,0.5697433333333334,0.02460064294552754,0.31655674074074075,0.00958484326532168,0.0,0.0,0.66619,0.026844001192072704,0.34211968518518515,0.01758621430809008,0.0,0.0,0.6918233333333332,0.37758481481481476,-0.12207999999999986,-0.06102807407407401,15,15.0,0.31655674074074075,-0.06102807407407401
16,16.0,-0.3186,0.049585605774256726,-0.6230067222222222,0.0430645774023454,0.0,0.0,-0.44332666666666665,0.021070577432366042,-0.6965132592592592,0.034482465711313255,0.0,0.0,-0.36342333333333326,0.03341343641910143,-0.6874936481481481,0.02670954672205198,0.0,0.0,-0.3410116666666666,-0.6552501851851851,-0.10231500000000004,-0.041263074074074146,16,16.0,-0.6965132592592592,-0.041263074074074146
17,17.0,-0.7026966666666666,0.022365711107258247,-1.007103388888889,0.023328510267203922,0.0,0.0,-0.83295,0.02046208933613575,-1.0861365925925925,0.008027146894920718,0.0,0.0,-0.67965,0.02016506880722209,-1.0037203148148148,0.02177670772283147,0.0,0.0,-0.6911733333333333,-1.0054118518518518,-0.14177666666666666,-0.08072474074074076,17,17.0,-1.0861365925925925,-0.08072474074074076
18,18.0,-0.5969666666666668,0.03002256706767984,-0.901373388888889,0.027406114031125205,0.0,0.0,-0.7706433333333335,0.017077980950139633,-1.023829925925926,0.0032957755303885425,0.0,0.0,-0.5834866666666666,0.023478267255769396,-0.9075569814814815,0.013029462507222164,0.0,0.0,-0.5902266666666667,-0.9044651851851853,-0.18041666666666678,-0.11936474074074077,18,18.0,-1.023829925925926,-0.11936474074074077
19,19.0,-0.3740966666666667,0.010514971865551196,-0.6785033888888888,0.014429681376259527,0.0,0.0,-0.5519166666666666,0.01506028662852517,-0.8051032592592593,0.0025469210995726476,0.0,0.0,-0.36413333333333336,0.02184715160686474,-0.6882036481481482,0.014749126018842576,0.0,0.0,-0.369115,-0.6833535185185184,-0.18280166666666658,-0.12174974074074085,19,19.0,-0.8051032592592593,-0.12174974074074085
20,20.0,0.020643333333333333,0.0037717679320622742,-0.28376338888888886,0.005353874729611265,0.0,0.0,-0.15964,0.014271941003241294,-0.4128265925925925,0.0057322243641995336,0.0,0.0,0.02205333333333333,0.011762488398860734,-0.3020169814814815,0.010273156561014216,0.0,0.0,0.02134833333333333,-0.29289018518518517,-0.18098833333333333,-0.11993640740740735,20,20.0,-0.4128265925925925,-0.11993640740740735
21,21.0,0.5154933333333334,0.009349579313174103,0.21108661111111116,0.0049473620533610554,0.0,0.0,0.33370000000000005,0.015637829133226894,0.08051340740740741,0.009814472253053994,0.0,0.0,0.5089733333333334,0.01784183379962196,0.1849030185185185,0.007428629502314952,0.0,0.0,0.5122333333333333,0.19799481481481485,-0.17853333333333327,-0.11748140740740744,21,21.0,0.08051340740740741,-0.11748140740740744
22,22.0,0.7864066666666667,0.009997111249422685,0.48199994444444444,0.010533232365461914,0.0,0.0,0.6196966666666667,0.01700136563142307,0.3665100740740741,0.002753234806961321,0.0,0.0,0.78238,0.02219036502629014,0.45830968518518517,0.01203874305090143,0.0,0.0,0.7843933333333333,0.4701548148148148,-0.1646966666666666,-0.1036447407407407,22,22.0,0.3665100740740741,-0.1036447407407407
23,23.0,0.9857366666666666,0.013279722637665825,0.6813299444444444,0.01026048946516762,0.0,0.0,0.7778566666666666,0.0068780544729838845,0.5246700740740741,0.022125632488436874,0.0,0.0,0.9903966666666667,0.00943250938686697,0.6663263518518519,0.01556885662638827,0.0,0.0,0.9880666666666666,0.6738281481481481,-0.21021,-0.149158074074074,23,23.0,0.5246700740740741,-0.149158074074074
24,24.0,0.9876800000000001,0.050435327896227664,0.6832732777777778,0.04343216185627032,0.0,0.0,0.7845733333333333,0.029469722315171795,0.5313867407407407,0.014201431808827662,0.0,0.0,0.9840766666666667,0.012723306698077093,0.6600063518518519,0.006494866005608811,0.0,0.0,0.9858783333333334,0.6716398148148148,-0.20130500000000007,-0.14025307407407417,24,24.0,0.5313867407407407,-0.14025307407407417
25,25.0,0.15820333333333333,0.03312718722338698,-0.14620338888888887,0.025385491255578214,0.0,0.0,0.01611333333333333,0.00523923976673461,-0.23707325925925926,0.013999649494767267,0.0,0.0,0.16932333333333335,0.06064459525244878,-0.15474698148148147,0.056817201260361654,0.0,0.0,0.16376333333333334,-0.15047518518518516,-0.14765,-0.0865980740740741,25,25.0,-0.23707325925925926,-0.0865980740740741
26,26.0,-0.8562733333333332,0.023696122748950582,-1.1606800555555556,0.0159664797538933,0.0,0.0,-1.048,0.018086865400063133,-1.3011865925925925,0.020842091840135257,0.0,1.0,-0.8421633333333333,0.017579488995227748,-1.1662336481481483,0.013953327261016812,0.0,0.0,-0.8492183333333332,-1.163456851851852,-0.19878166666666686,-0.1377297407407405,26,26.0,-1.3011865925925925,-0.1377297407407405
27,27.0,-0.95996,0.022736585055808188,-1.2643667222222221,0.014642679576359226,0.0,1.0,-1.14412,0.019742195926492047,-1.3973065925925925,0.004695613147203301,0.0,1.0,-0.9608666666666666,0.010051986536666929,-1.2849369814814815,0.005863493308827544,0.0,1.0,-0.9604133333333333,-1.2746518518518517,-0.18370666666666668,-0.12265474074074079,27,27.0,-1.3973065925925925,-0.12265474074074079
28,28.0,-0.76179,0.009401531790086137,-1.0661967222222222,0.010534884519660965,0.0,0.0,-0.9438599999999999,0.011517425927697585,-1.1970465925925926,0.01171287679556948,0.0,0.3333333333333333,-0.7684133333333333,0.03116719643043523,-1.0924836481481481,0.021204203657863335,0.0,0.0,-0.7651016666666666,-1.0793401851851852,-0.17875833333333335,-0.11770640740740745,28,28.0,-1.1970465925925926,-0.11770640740740745
29,29.0,-0.4791666666666667,0.0061436498381119906,-0.7835733888888888,0.002816583856442067,0.0,0.0,-0.6589333333333333,0.007724566870273895,-0.912119925925926,0.015655951839903384,0.0,0.0,-0.48112333333333335,0.013317065492567526,-0.8051936481481482,0.010938195958187137,0.0,0.0,-0.48014500000000004,-0.7943835185185185,-0.17878833333333322,-0.11773640740740743,29,29.0,-0.912119925925926,-0.11773640740740743
30,30.0,0.028573333333333336,0.002106901358235202,-0.27583338888888886,0.010651399890172646,0.0,0.0,-0.15835666666666667,0.006132473671638013,-0.4115432592592592,0.01173999864559447,0.0,0.0,0.03868666666666667,0.00063311399710742,-0.28538364814814815,0.01089027431741694,0.0,0.0,0.03363,-0.28060851851851853,-0.19198666666666667,-0.13093474074074068,30,30.0,-0.4115432592592592,-0.13093474074074068
31,31.0,0.45258333333333334,0.01329647447007413,0.1481766111111111,0.009947329522056174,0.0,0.0,0.26343,0.015404713564360758,0.010243407407407423,0.0006701256477294708,0.0,0.0,0.4572366666666667,0.0115752940927362,0.13316635185185186,0.021626084911455436,0.0,0.0,0.45491000000000004,0.14067148148148148,-0.19148000000000004,-0.13042807407407406,31,31.0,0.010243407407407423,-0.13042807407407406
32,32.0,0.6518466666666667,0.018787808103483825,0.3474399444444444,0.011089159454086138,0.0,0.0,0.5033666666666666,0.018702741332043606,0.25018007407407405,0.011815590181904029,0.0,0.0,0.6513066666666667,0.021284116926321654,0.32723635185185185,0.012179996795188885,0.0,0.0,0.6515766666666667,0.3373381481481481,-0.14821000000000006,-0.08715807407407405,32,32.0,0.25018007407407405,-0.08715807407407405
33,33.0,0.8719033333333334,0.008652955179205142,0.5674966111111112,0.008610475864920017,0.0,0.0,0.7303066666666668,0.01227576609965072,0.47712007407407403,0.017380917096761164,0.0,0.0,0.88618,0.015399743504357483,0.5621096851851852,0.0071045731415339385,0.0,0.0,0.8790416666666667,0.5648031481481481,-0.14873499999999995,-0.08768307407407411,33,33.0,0.47712007407407403,-0.08768307407407411
34,34.0,0.9520266666666667,0.03587064584494309,0.6476199444444445,0.02734739510565526,0.0,0.0,0.7971866666666667,0.030589171831439534,0.5440000740740741,0.01955095333600664,0.0,0.0,0.9556066666666667,0.0055334016060044665,0.6315363518518519,0.015449792303089023,0.0,0.0,0.9538166666666668,0.6395781481481482,-0.15663000000000005,-0.09557807407407404,34,34.0,0.5440000740740741,-0.09557807407407404
35,35.0,0.3707066666666667,0.02112977125605796,0.06629994444444443,0.027580407763449534,0.0,0.0,0.23923333333333333,0.005686970488171481,-0.013953259259259257,0.013481827517015627,0.0,0.0,0.40572,0.034451161083481625,0.08164968518518517,0.02425328667466337,0.0,0.0,0.38821333333333335,0.0739748148148148,-0.14898000000000003,-0.08792807407407406,35,35.0,-0.013953259259259257,-0.08792807407407406
36,36.0,-0.5727566666666667,0.010867043449500588,-0.8771633888888889,0.015277321469650301,0.0,0.0,-0.65796,0.009907739399075861,-0.9111465925925927,0.017710413369457997,0.0,0.0,-0.5912066666666667,0.041793446057167075,-0.9152769814814814,0.034688756161909876,0.0,0.0,-0.5819816666666666,-0.8962201851851852,-0.07597833333333337,-0.014926407407407472,36,36.0,-0.9111465925925927,-0.014926407407407472
37,37.0,-0.80369,0.010540056925842497,-1.1080967222222222,0.011213803629571683,0.0,0.0,-0.8796499999999999,0.014416722928599315,-1.1328365925925927,0.002716940281797777,0.0,0.0,-0.7876466666666667,0.0289341067484955,-1.1117169814814816,0.02030937932347721,0.0,0.0,-0.7956683333333334,-1.1099068518518518,-0.08398166666666651,-0.022929740740740945,37,37.0,-1.1328365925925927,-0.022929740740740945
38,38.0,-0.6631566666666666,0.015018230033307323,-0.9675633888888888,0.01353202490219788,0.0,0.0,-0.7533866666666666,0.02242065639836031,-1.0065732592592591,0.011626866726045643,0.0,0.0,-0.6330566666666667,0.005353469280133549,-0.9571269814814815,0.005780138541630539,0.0,0.0,-0.6481066666666666,-0.9623451851851852,-0.10528000000000004,-0.04422807407407392,38,38.0,-1.0065732592592591,-0.04422807407407392
39,39.0,-0.42174333333333336,0.01270836469941486,-0.7261500555555557,0.003961911667972302,0.0,0.0,-0.5127866666666666,0.01437963954114753,-0.7659732592592592,0.008820534997549962,0.0,0.0,-0.3998333333333333,0.006581377768623642,-0.7239036481481481,0.006273307694574868,0.0,0.0,-0.4107883333333333,-0.7250268518518519,-0.1019983333333333,-0.04094640740740729,39,39.0,-0.7659732592592592,-0.04094640740740729
40,40.0,-0.03800666666666667,0.01822752405932669,-0.3424133888888889,0.012583710884328626,0.0,0.0,-0.10368666666666666,0.01019326411574493,-0.3568732592592592,0.0066090759463956995,0.0,0.0,-0.015556666666666668,0.006563401049252844,-0.33962698148148146,0.005545075333061883,0.0,0.0,-0.02678166666666667,-0.3410201851851852,-0.076905,-0.015853074074074047,40,40.0,-0.3568732592592592,-0.015853074074074047
41,41.0,0.44645333333333337,0.017168553617976475,0.1420466111111111,0.008472072628369676,0.0,0.0,0.3900433333333333,0.013006830256958568,0.13685674074074075,0.002665468038680325,0.0,0.0,0.4715066666666667,0.008438805207689833,0.14743635185185186,0.002194353862816413,0.0,0.0,0.45898000000000005,0.14474148148148147,-0.06893666666666676,-0.00788474074074072,41,41.0,0.13685674074074075,-0.00788474074074072
42,42.0,0.74283,0.019094603949807352,0.43842327777777773,0.016252962966054073,0.0,0.0,0.7006633333333333,0.014068917276511815,0.44747674074074073,0.010722332373690541,0.0,0.0,0.76703,0.01739438990019482,0.44295968518518514,0.007988686849474116,0.0,0.0,0.75493,0.4406914814814814,-0.054266666666666685,0.006785259259259324,42,42.0,0.44747674074074073,0.006785259259259324
43,43.0,0.9767466666666667,0.02549275256486306,0.6723399444444444,0.018315674773213986,0.0,0.0,0.8941366666666667,0.009711561838001793,0.6409500740740741,0.005644706341346814,0.0,0.0,0.9967866666666666,0.011454437277026507,0.672716351851852,0.020648938592246622,0.0,0.0,0.9867666666666666,0.6725281481481482,-0.09262999999999988,-0.03157807407407409,43,43.0,0.6409500740740741,-0.03157807407407409
44,44.0,1.0166833333333332,0.033206880813068475,0.7122766111111112,0.027077974314075003,0.0,0.0,0.9578766666666666,0.021798794309166092,0.7046900740740741,0.006661800199815573,0.0,0.0,1.07791,0.022915392206986122,0.7538396851851852,0.019810092821058677,0.0,0.0,1.0472966666666665,0.7330581481481482,-0.08941999999999994,-0.028368074074074046,44,44.0,0.7046900740740741,-0.028368074074074046
45,45.0,0.39896666666666664,0.03282454010848185,0.09455994444444443,0.029200045474818727,0.0,0.0,0.30479,0.013810115857587874,0.051603407407407424,0.016037046539717905,0.0,0.0,0.4313766666666667,0.06032183794724208,0.10730635185185185,0.05444752854801004,0.0,0.0,0.41517166666666666,0.10093314814814813,-0.11038166666666666,-0.04932974074074071,45,45.0,0.051603407407407424,-0.04932974074074071
46,46.0,-0.5382066666666666,0.0023841210819363517,-0.8426133888888888,0.010939435754204639,0.0,0.0,-0.5986033333333333,0.00498752777770044,-0.851789925925926,0.01413183493283623,0.0,0.0,-0.49201333333333336,0.03644897986684033,-0.816083648148148,0.02816127833051245,0.0,0.0,-0.51511,-0.8293485185185184,-0.08349333333333331,-0.02244140740740752,46,46.0,-0.851789925925926,-0.02244140740740752
47,47.0,-0.7085133333333333,0.010288354257768001,-1.0129200555555555,0.009108180429234065,0.0,0.0,-0.7695599999999999,0.028580837986315274,-1.0227465925925925,0.01448658536736552,0.0,0.0,-0.64334,0.009664610700902543,-0.9674103148148148,0.01784678534922145,0.0,0.0,-0.6759266666666667,-0.9901651851851851,-0.09363333333333324,-0.03258140740740734,47,47.0,-1.0227465925925925,-0.03258140740740734
48,48.0,-0.5322866666666667,0.019529683390504125,-0.8366933888888889,0.012368144954695959,0.0,0.0,-0.6342766666666667,0.01111992056326545,-0.8874632592592593,0.006706582452975502,0.0,0.0,-0.47503333333333336,0.009099518302269259,-0.7991036481481482,0.001648078590942767,0.0,0.0,-0.50366,-0.8178985185185186,-0.13061666666666671,-0.0695647407407407,48,48.0,-0.8874632592592593,-0.0695647407407407
49,49.0,-0.27592,0.026556114173575934,-0.5803267222222223,0.02201766726614318,0.0,0.0,-0.33713,0.015339253567237216,-0.5903165925925925,0.019771214289842125,0.0,0.0,-0.22521,0.012308805790977461,-0.5492803148148148,0.00652215379142206,0.0,0.0,-0.250565,-0.5648035185185185,-0.086565,-0.025513074074073994,49,49.0,-0.5903165925925925,-0.025513074074073994
50,50.0,0.20399,0.02378684300196223,-0.10041672222222224,0.016973713309386948,0.0,0.0,0.17215333333333335,0.012724238025647488,-0.08103325925925925,0.018675867356883123,0.0,0.0,0.2543933333333333,0.01335577153643072,-0.06967698148148148,0.009372342284283885,0.0,0.0,0.22919166666666665,-0.08504685185185186,-0.0570383333333333,0.00401359259259261,50,50.0,-0.08103325925925925,0.00401359259259261
51,51.0,0.62366,0.022452997572707346,0.31925327777777773,0.018405229062486424,0.0,0.0,0.5866466666666666,0.022568102120766237,0.3334600740740741,0.01204001214525212,0.0,0.0,0.66675,0.012966877033426324,0.34267968518518516,0.007292571530222013,0.0,0.0,0.645205,0.33096648148148144,-0.05855833333333338,0.0024935925925926306,51,51.0,0.3334600740740741,0.0024935925925926306
52,52.0,0.8747333333333334,0.023960013216468262,0.570326611111111,0.023341451639098426,0.0,0.0,0.8504933333333334,0.049800747317016544,0.5973067407407407,0.035081380474210805,0.0,0.0,0.9046233333333333,0.0059166065724647965,0.5805530185185185,0.012948192362230803,0.0,0.0,0.8896783333333333,0.5754398148148148,-0.039184999999999914,0.021866925925925984,52,52.0,0.5973067407407407,0.021866925925925984
53,53.0,1.1333933333333333,0.026831355413644994,0.8289866111111112,0.021888483150286405,0.0,0.0,1.13225,0.033974013598631565,0.8790634074074074,0.032850919546496916,0.0,0.0,1.1737266666666668,0.026923781928498345,0.849656351851852,0.01667010499492797,0.0,0.0,1.1535600000000001,0.8393214814814816,-0.021310000000000162,0.03974192592592585,53,53.0,0.8790634074074074,0.03974192592592585
54,54.0,1.2985333333333333,0.02265189248900264,0.9941266111111112,0.021957320296893495,0.0,0.0,1.2863766666666667,0.03654968718516392,1.033190074074074,0.04608342352266095,0.0,0.0,1.3294266666666668,0.008414216144914083,1.0053563518518518,0.004890157943112995,0.0,0.0,1.31398,0.9997414814814816,-0.027603333333333202,0.033448592592592474,54,54.0,1.033190074074074,0.033448592592592474
55,55.0,0.8689066666666667,0.027612852683729195,0.5644999444444445,0.029437673239090738,0.0,0.0,0.8769633333333333,0.04522869148376209,0.6237767407407407,0.04642998960057679,0.0,0.0,0.9227,0.03643988474185943,0.5986296851851852,0.028857986085523972,0.0,0.0,0.8958033333333333,0.5815648148148149,-0.018839999999999968,0.04221192592592582,55,55.0,0.6237767407407407,0.04221192592592582
56,56.0,-0.13149666666666668,0.013623455264114664,-0.43590338888888897,0.016061729243360977,0.0,0.0,-0.15120333333333333,0.05036715828129808,-0.4043899259259259,0.0353893280635724,0.0,0.0,-0.11095,0.039030504736679995,-0.43502031481481485,0.0463661349456819,0.0,0.0,-0.12122333333333334,-0.43546185185185193,-0.029979999999999993,0.03107192592592606,56,56.0,-0.4043899259259259,0.03107192592592606
57,57.0,-0.60044,0.038737239189183335,-0.9048467222222222,0.035244054181888994,0.0,0.0,-0.5376166666666666,0.009665021124308731,-0.7908032592592592,0.005661119478876444,0.0,0.0,-0.4925333333333333,0.07189148512399317,-0.8166036481481482,0.061505340429716025,0.0,0.0,-0.5464866666666667,-0.8607251851851851,0.008870000000000045,0.06992192592592594,57,57.0,-0.7908032592592592,0.06992192592592594
58,58.0,-0.48729333333333336,0.011345207505080439,-0.7917000555555557,0.011428835639067342,0.0,0.0,-0.48202999999999996,0.008176655795617199,-0.7352165925925925,0.016963239062598195,0.0,0.0,-0.45536333333333334,0.050193854537516194,-0.7794336481481482,0.04142601418308884,0.0,0.0,-0.47132833333333335,-0.7855668518518519,-0.01070166666666661,0.0503502592592594,58,58.0,-0.7352165925925925,0.0503502592592594
59,59.0,-0.29258333333333336,0.024608820234487724,-0.5969900555555555,0.023006873952469357,0.0,0.0,-0.31335,0.035582539257338,-0.5665365925925926,0.04883675792366698,0.0,0.0,-0.3065833333333333,0.06025207824908061,-0.6306536481481481,0.05200039639793071,0.0,0.0,-0.2995833333333333,-0.6138218518518518,-0.013766666666666705,0.047285259259259194,59,59.0,-0.5665365925925926,0.047285259259259194
60,60.0,0.06642333333333333,0.014222166970378789,-0.2379833888888889,0.013850049204017417,0.0,0.0,0.06924999999999999,0.011340824485018716,-0.18393659259259257,0.021212048529743392,0.0,0.0,0.076,0.028814425206829995,-0.2480703148148148,0.01848398381996528,0.0,0.0,0.07121166666666667,-0.24302685185185186,-0.001961666666666681,0.05909025925925929,60,60.0,-0.18393659259259257,0.05909025925925929
61,61.0,0.54834,0.012717279583307107,0.24393327777777776,0.004453144040180214,0.0,0.0,0.5692933333333333,0.01983302632815611,0.31610674074074074,0.005126692877989331,0.0,0.0,0.59204,0.01626461496623882,0.2679696851851852,0.021119001510516135,0.0,0.0,0.57019,0.2559514814814815,-0.0008966666666666567,0.06015525925925924,61,61.0,0.31610674074074074,0.06015525925925924
62,62.0,0.8252466666666667,0.022261267558998835,0.5208399444444445,0.01814548325060945,0.0,0.0,0.8723833333333334,0.04548951674103974,0.6191967407407407,0.032465290506062124,0.0,0.0,0.9021933333333333,0.04551791881592712,0.5781230185185184,0.05431592107143373,0.0,0.0,0.86372,0.5494814814814815,0.008663333333333356,0.06971525925925925,62,62.0,0.6191967407407407,0.06971525925925925
63,63.0,0.9889633333333334,0.0337468773864092,0.6845566111111111,0.03684639769304058,0.0,0.0,1.0375733333333335,0.04318919463631311,0.7843867407407408,0.0280307931841376,0.0,0.0,1.0657133333333333,0.021476387809250715,0.7416430185185185,0.027436497228537617,0.0,0.0,1.0273383333333332,0.7130998148148149,0.010235000000000216,0.07128692592592589,63,63.0,0.7843867407407408,0.07128692592592589
64,64.0,0.98232,0.04777771342372929,0.6779132777777778,0.04704322512515408,0.0,0.0,0.9768100000000001,0.09096221028537073,0.7236234074074074,0.07865815673635843,0.0,0.0,0.9865433333333334,0.02019845126076087,0.6624730185185186,0.017038835279195325,0.0,0.0,0.9844316666666667,0.6701931481481482,-0.007621666666666638,0.05343025925925915,64,64.0,0.7236234074074074,0.05343025925925915
65,65.0,0.19471333333333332,0.03160560446081253,-0.10969338888888887,0.034862969723672456,0.0,0.0,0.3439733333333333,0.11607953925362269,0.09078674074074074,0.12950949009791052,0.0,0.0,0.21901666666666667,0.0382036808872304,-0.10505364814814815,0.031819142565403594,0.0,0.0,0.206865,-0.10737351851851851,0.1371083333333333,0.19816025925925923,65,65.0,0.09078674074074074,0.19816025925925923
66,66.0,-0.8418066666666667,0.03258351935155767,-1.1462133888888888,0.029354410621807898,0.0,0.0,-0.8455233333333333,0.06901961846702236,-1.0987099259259259,0.06093652097982361,0.0,0.0,-0.8482066666666667,0.0060145601113742175,-1.1722769814814813,0.00954174466660395,0.0,0.0,-0.8450066666666667,-1.159245185185185,-0.0005166666666666098,0.06053525925925918,66,66.0,-1.0987099259259259,0.06053525925925918
67,67.0,-0.9571533333333333,0.04363932782861503,-1.2615600555555553,0.03803055202594556,0.0,0.6666666666666666,-0.9177366666666668,0.03169933805828335,-1.1709232592592593,0.023754145284530043,0.0,0.0,-0.91036,0.007374577954025562,-1.2344303148148148,0.003990170884820944,0.0,0.3333333333333333,-0.9337566666666666,-1.247995185185185,0.016019999999999812,0.0770719259259256,67,67.0,-1.1709232592592593,0.0770719259259256
68,68.0,-0.7643666666666666,0.04080478199100363,-1.0687733888888888,0.03431224241608779,0.0,0.0,-0.6860399999999999,0.01678666435001309,-0.9392265925925926,0.005135634986744908,0.0,0.0,-0.70392,0.014765253130237887,-1.0279903148148148,0.015458370802149193,0.0,0.0,-0.7341433333333334,-1.0483818518518517,0.0481033333333335,0.10915525925925917,68,68.0,-0.9392265925925926,0.10915525925925917
69,69.0,-0.4775066666666667,0.03191923766842394,-0.7819133888888888,0.03154537757401293,0.0,0.0,-0.39887,0.02822957137471273,-0.6520565925925926,0.028598135536456286,0.0,0.0,-0.43024666666666667,0.021570921012634883,-0.7543169814814815,0.012759673831358844,0.0,0.0,-0.4538766666666667,-0.7681151851851852,0.055006666666666704,0.11605859259259255,69,69.0,-0.6520565925925926,0.11605859259259255
70,70.0,0.021320000000000002,0.02506897086040829,-0.28308672222222225,0.026038919079765823,0.0,0.0,0.09577666666666666,0.02801144111489685,-0.15740992592592593,0.027167816800030893,0.0,0.0,0.060719999999999996,0.02557727311501365,-0.2633503148148148,0.015596601288281588,0.0,0.0,0.04102,-0.2732185185185185,0.05475666666666666,0.1158085925925926,70,70.0,-0.15740992592592593,0.1158085925925926
71,71.0,0.41338,0.039479157792435236,0.10897327777777778,0.042032743329963505,0.0,0.0,0.49895666666666666,0.019432859628303125,0.24577007407407406,0.012323260964174703,0.0,0.0,0.4625433333333333,0.019753291708809795,0.1384730185185185,0.012635027597665775,0.0,0.0,0.4379616666666667,0.12372314814814814,0.060994999999999966,0.12204692592592592,71,71.0,0.24577007407407406,0.12204692592592592
72,72.0,0.6189866666666667,0.07083230360035829,0.3145799444444444,0.06723507423509062,0.0,0.0,0.7479133333333333,0.011271563038608802,0.49472674074074074,0.004840744993020055,0.0,0.0,0.6894933333333334,0.03365555575730901,0.36542301851851855,0.02965339479168542,0.0,0.0,0.65424,0.34000148148148146,0.09367333333333328,0.15472525925925928,72,72.0,0.49472674074074074,0.15472525925925928
73,73.0,0.8472666666666667,0.053742571889827985,0.5428599444444445,0.05012978624595172,0.0,0.0,0.9772233333333333,0.018381937692564795,0.7240367407407406,0.006489522784946329,0.0,0.0,0.9363800000000001,0.01675218493212153,0.6123096851851851,0.006370780570617751,0.0,0.0,0.8918233333333334,0.5775848148148148,0.08539999999999992,0.14645192592592582,73,73.0,0.7240367407407406,0.14645192592592582
74,74.0,0.9891066666666667,0.03809253120144858,0.6846999444444445,0.04645587186493741,0.0,0.0,1.0543,0.029179922892290187,0.8011134074074073,0.022204065419682138,0.0,0.0,1.0005066666666667,0.05119619159013035,0.6764363518518519,0.05882568661107281,0.0,0.0,0.9948066666666666,0.6805681481481483,0.0594933333333334,0.12054525925925907,74,74.0,0.8011134074074073,0.12054525925925907
75,75.0,0.4432066666666667,0.11562544803516799,0.13879994444444446,0.10860981758446832,0.0,0.0,0.4520033333333333,0.04801904760960317,0.19881674074074077,0.05096785029014429,0.0,0.0,0.39509,0.14355119365578262,0.07101968518518519,0.13575419069578606,0.0,0.0,0.41914833333333334,0.10490981481481482,0.03285499999999997,0.09390692592592595,75,75.0,0.19881674074074077,0.09390692592592595
76,76.0,-0.52647,0.028725932534906476,-0.8308767222222223,0.03514145365769495,0.0,0.0,-0.47557,0.04070246552728714,-0.7287565925925925,0.029433106275933773,0.0,0.0,-0.5161333333333333,0.09793832974547467,-0.8402036481481482,0.10658625962356465,0.0,0.0,-0.5213016666666667,-0.8355401851851852,0.04573166666666667,0.10678359259259274,76,76.0,-0.7287565925925925,0.10678359259259274
77,77.0,-0.7143866666666666,0.08634205773163701,-1.018793388888889,0.08351967446628195,0.0,0.0,-0.7187033333333334,0.04362621039390581,-0.971889925925926,0.029425130221783745,0.0,0.0,-0.6691066666666666,0.007062834652838301,-0.9931769814814815,0.006938489201099561,0.0,0.0,-0.6917466666666666,-1.0059851851851853,-0.02695666666666674,0.03409525925925927,77,77.0,-0.971889925925926,0.03409525925925927
78,78.0,-0.6177766666666668,0.03550269614174862,-0.922183388888889,0.02827119077707379,0.0,0.0,-0.5528066666666667,0.02220674972465203,-0.8059932592592592,0.01478544309931238,0.0,0.0,-0.51176,0.020153170966376456,-0.8358303148148148,0.028759077534484912,0.0,0.0,-0.5647683333333333,-0.8790068518518519,0.011961666666666648,0.07301359259259266,78,78.0,-0.8059932592592592,0.07301359259259266
79,79.0,-0.3942566666666667,0.02518751344085664,-0.6986633888888889,0.01845320201537851,0.0,0.0,-0.34752333333333335,0.0023237971799047697,-0.6007099259259259,0.013333601860297507,0.0,0.0,-0.33503,0.017985252291808425,-0.6591003148148148,0.007470448842760028,0.0,0.0,-0.3646433333333333,-0.6788818518518518,0.01711999999999997,0.07817192592592592,79,79.0,-0.6007099259259259,0.07817192592592592
80,80.0,0.01708,0.02753116597603523,-0.2873267222222222,0.02584993407810923,0.0,0.0,0.061066666666666665,0.012837820427679045,-0.1921199259259259,0.024096131114351976,0.0,0.0,0.07994333333333332,0.01802720814028987,-0.2441269814814815,0.009621061122142272,0.0,0.0,0.04851166666666666,-0.26572685185185185,0.012555000000000004,0.07360692592592596,80,80.0,-0.1921199259259259,0.07360692592592596
81,81.0,0.5152666666666667,0.028349769546388435,0.21085994444444445,0.02867215206545918,0.0,0.0,0.5755966666666666,0.01655633212198078,0.32241007407407407,0.030877967499533737,0.0,0.0,0.5832,0.012967409147551429,0.2591296851851852,0.01352056981545221,0.0,0.0,0.5492333333333334,0.23499481481481482,0.026363333333333294,0.08741525925925925,81,81.0,0.32241007407407407,0.08741525925925925
82,82.0,0.8200566666666665,0.013465869200810388,0.5156499444444445,0.013488758494816408,0.0,0.0,0.9174566666666667,0.008293427116297233,0.664270074074074,0.021687976602820465,0.0,0.0,0.85498,0.0097343155897064,0.5309096851851852,0.0016553959147335537,0.0,0.0,0.8375183333333333,0.5232798148148148,0.07993833333333344,0.14099025925925923,82,82.0,0.664270074074074,0.14099025925925923
83,83.0,1.0468866666666667,0.03187889793159936,0.7424799444444444,0.024722768265942212,0.0,0.0,1.1056733333333335,0.0635324935236555,0.8524867407407407,0.05559049797780892,0.0,0.0,1.0758866666666667,0.018273435181523287,0.7518163518518519,0.010945796084836056,0.0,0.0,1.0613866666666667,0.7471481481481481,0.04428666666666681,0.1053385925925926,83,83.0,0.8524867407407407,0.1053385925925926
84,84.0,1.0978033333333332,0.04814665547401331,0.7933966111111111,0.04073168849868251,0.0,0.0,1.1656333333333333,0.03550814882999869,0.9124467407407408,0.024517599684913568,0.0,0.0,1.1690866666666666,0.00989769838565176,0.8450163518518519,0.006765796884799864,0.0,0.0,1.133445,0.8192064814814815,0.03218833333333326,0.09324025925925938,84,84.0,0.9124467407407408,0.09324025925925938
85,85.0,0.4995633333333333,0.09615928937618731,0.19515661111111107,0.10389595497236821,0.0,0.0,0.63378,0.06456364069660263,0.3805934074074074,0.06383531556143662,0.0,0.0,0.5337533333333333,0.026434277620796316,0.20968301851851853,0.018473768629973027,0.0,0.0,0.5166583333333333,0.2024198148148148,0.11712166666666668,0.17817359259259258,85,85.0,0.3805934074074074,0.17817359259259258
86,86.0,-0.45853666666666665,0.08262822782399085,-0.7629433888888889,0.07646782297991121,0.0,0.0,-0.39181,0.009450179892467648,-0.6449965925925926,0.006430454325177164,0.0,0.0,-0.44984,0.019793461041465177,-0.7739103148148149,0.013059837078746674,0.0,0.0,-0.4541883333333333,-0.7684268518518519,0.06237833333333331,0.12343025925925932,86,86.0,-0.6449965925925926,0.12343025925925932
87,87.0,-0.6528933333333333,0.037762918760780854,-0.9573000555555554,0.029253366314519805,0.0,0.0,-0.5617633333333333,0.007875305285087874,-0.814949925925926,0.014245419096523536,0.0,0.0,-0.6213066666666666,0.005684367452349759,-0.9453769814814814,0.005797985297056858,0.0,0.0,-0.6371,-0.9513385185185184,0.07533666666666672,0.1363885925925924,87,87.0,-0.814949925925926,0.1363885925925924
88,88.0,-0.47052999999999995,0.016387656940514733,-0.7749367222222222,0.010780141782119262,0.0,0.0,-0.43274999999999997,0.00594838633580571,-0.6859365925925927,0.009528912468282481,0.0,0.0,-0.4606333333333333,0.008809825953634581,-0.7847036481481481,0.011965641598980692,0.0,0.0,-0.4655816666666666,-0.7798201851851851,0.03283166666666665,0.09388359259259249,88,88.0,-0.6859365925925927,0.09388359259259249
89,89.0,-0.21016333333333334,0.02179382098975151,-0.5145700555555556,0.021043258557825153,0.0,0.0,-0.16271333333333335,0.00922241472355985,-0.4158999259259259,0.011461961690354397,0.0,0.0,-0.20076666666666668,0.014372697496758692,-0.5248369814814815,0.009008363546319864,0.0,0.0,-0.205465,-0.5197035185185186,0.04275166666666666,0.1038035925925927,89,89.0,-0.4158999259259259,0.1038035925925927
90,90.0,0.27653,0.014700350335961392,-0.027876722222222223,0.01338533271318247,0.0,0.0,0.32307,0.011887131697764612,0.06988340740740742,0.0052119058729210785,0.0,0.0,0.30131,0.01994495675603235,-0.022760314814814813,0.010286117036572747,0.0,0.0,0.28892,-0.025318518518518518,0.034150000000000014,0.09520192592592594,90,90.0,0.06988340740740742,0.09520192592592594
91,91.0,0.6915266666666667,0.0151922688672013,0.3871199444444445,0.014257131632910914,0.0,0.0,0.7510366666666667,0.014759472664473278,0.49785007407407406,0.002764991804696943,0.0,0.0,0.7193999999999999,0.020347454386237127,0.39532968518518513,0.010209631023426676,0.0,0.0,0.7054633333333333,0.3912248148148148,0.045573333333333355,0.10662525925925925,91,91.0,0.49785007407407406,0.10662525925925925
92,92.0,0.9258833333333333,0.016891729731834306,0.6214766111111111,0.016186518040858522,0.0,0.0,0.9762,0.010953506287942675,0.7230134074074073,0.00830284690435025,0.0,0.0,0.9382933333333333,0.011436023493038665,0.6142230185185186,0.005525402313597601,0.0,0.0,0.9320883333333333,0.6178498148148148,0.04411166666666666,0.10516359259259245,92,92.0,0.7230134074074073,0.10516359259259245
93,93.0,1.1884366666666668,0.021731991011716585,0.8840299444444444,0.018716218610200393,0.0,0.0,1.2394266666666667,0.02145102639346974,0.9862400740740741,0.007332621345136589,0.0,0.0,1.1954133333333334,0.007960240783628005,0.8713430185185186,0.00398491682673525,0.0,0.0,1.1919250000000001,0.8776864814814815,0.04750166666666655,0.10855359259259256,93,93.0,0.9862400740740741,0.10855359259259256
94,94.0,1.3314000000000001,0.004965954087584829,1.0269932777777777,0.005209678509843555,0.0,0.0,1.3816566666666665,0.019787577753058488,1.128470074074074,0.012117040719216612,0.0,0.0,1.3447666666666667,0.02184240447691907,1.020696351851852,0.011343546720871237,0.0,0.0,1.3380833333333335,1.0238448148148147,0.04357333333333302,0.10462525925925936,94,94.0,1.128470074074074,0.10462525925925936
95,95.0,0.9047833333333334,0.03980022152367163,0.6003766111111112,0.03807475300362484,0.0,0.0,0.9357266666666666,0.0299673177534015,0.682540074074074,0.01792592177118679,0.0,0.0,0.8897499999999999,0.013724765936073365,0.5656796851851852,0.020951567332542723,0.0,0.0,0.8972666666666667,0.5830281481481482,0.03845999999999994,0.09951192592592584,95,95.0,0.682540074074074,0.09951192592592584
96,96.0,-0.19730666666666666,0.05168190624709322,-0.5017133888888888,0.05058269336397287,0.0,0.0,-0.15922333333333333,0.04106980683340662,-0.41240992592592596,0.03888527757265289,0.0,0.0,-0.19435666666666665,0.04036118473649322,-0.5184269814814815,0.03665264837944333,0.0,0.0,-0.19583166666666665,-0.5100701851851852,0.036608333333333326,0.09766025925925925,96,96.0,-0.41240992592592596,0.09766025925925925
97,97.0,-0.5852466666666667,0.014843450856634842,-0.889653388888889,0.006086829329547347,0.0,0.0,-0.6106066666666666,0.025287396729069062,-0.8637932592592592,0.017338665073525505,0.0,0.0,-0.5685033333333332,0.013568287781932304,-0.8925736481481481,0.003180397509699345,0.0,0.0,-0.576875,-0.8911135185185186,-0.033731666666666604,0.027320259259259405,97,97.0,-0.8637932592592592,0.027320259259259405
98,98.0,-0.53107,0.007170188282046723,-0.8354767222222222,0.014842031818765906,0.0,0.0,-0.5408166666666666,0.01871029217658912,-0.7940032592592593,0.003450896079877708,0.0,0.0,-0.51662,0.015275716022497934,-0.8406903148148149,0.004873846937261101,0.0,0.0,-0.523845,-0.8380835185185186,-0.016971666666666607,0.04408025925925929,98,98.0,-0.7940032592592593,0.04408025925925929
99,99.0,-0.3690166666666667,0.018339913667553987,-0.6734233888888889,0.011484482340113119,0.0,0.0,-0.3450066666666667,0.013971608115508176,-0.5981932592592593,0.0025356172552706744,0.0,0.0,-0.34493,0.009938848021777963,-0.6690003148148148,0.004981360375446884,0.0,0.0,-0.35697333333333336,-0.6712118518518518,0.011966666666666681,0.07301859259259258,99,99.0,-0.5981932592592593,0.07301859259259258
100,100.0,0.014100000000000001,0.019464624322087495,-0.29030672222222226,0.018495992678846027,0.0,0.0,0.03141333333333333,0.013249759746249489,-0.22177325925925925,0.003976860274513554,0.0,0.0,0.04205333333333333,0.01561650515747148,-0.28201698148148147,0.0055146912278222745,0.0,0.0,0.028076666666666666,-0.28616185185185183,0.0033366666666666614,0.06438859259259258,100,100.0,-0.22177325925925925,0.06438859259259258
101,101.0,0.48398666666666673,0.020025826657926855,0.17957994444444444,0.020088857792272524,0.0,0.0,0.5038133333333333,0.01667302112196027,0.25062674074074076,0.008569710767756632,0.0,0.0,0.5092800000000001,0.0073105334962641376,0.1852096851851852,0.007083150258109801,0.0,0.0,0.49663333333333337,0.18239481481481484,0.007179999999999964,0.06823192592592592,101,101.0,0.25062674074074076,0.06823192592592592
102,102.0,0.72463,0.005425946921966682,0.42022327777777774,0.0100453456971836,0.0,0.0,0.76686,0.01691814706166135,0.5136734074074075,0.005866892566235138,0.0,0.0,0.7376900000000001,0.012900748040326933,0.4136196851851852,0.004545462856405315,0.0,0.0,0.73116,0.41692148148148145,0.035699999999999954,0.09675192592592607,102,102.0,0.5136734074074075,0.09675192592592607
103,103.0,0.9078166666666666,0.010768306892605406,0.6034099444444444,0.0019930581354997276,0.0,0.0,0.9186066666666667,0.013898051422171886,0.6654200740740741,0.0068252556087288665,0.0,0.0,0.9212433333333333,0.008801961902515454,0.5971730185185185,0.0018475135405903109,0.0,0.0,0.91453,0.6002914814814815,0.004076666666666728,0.06512859259259263,103,103.0,0.6654200740740741,0.06512859259259263
104,104.0,0.83309,0.012244349717318605,0.5286832777777778,0.018685940441303055,0.0,0.0,0.8827933333333333,0.014576753182150421,0.6296067407407407,0.02042655009427961,0.0,0.0,0.8577666666666666,0.010434291223333442,0.5336963518518519,0.0032123780543619252,0.0,0.0,0.8454283333333332,0.5311898148148149,0.03736500000000009,0.09841692592592588,104,104.0,0.6296067407407407,0.09841692592592588
105,105.0,-0.014366666666666666,0.02434817720761317,-0.3187733888888889,0.018132228846826977,0.0,0.0,0.0051066666666666665,0.0375623233218252,-0.2480799259259259,0.028599018227361047,0.0,0.0,0.024923333333333336,0.04837467347004353,-0.2991469814814815,0.037904160624812056,0.0,0.0,0.0052783333333333345,-0.3089601851851852,-0.00017166666666666806,0.0608802592592593,105,105.0,-0.2480799259259259,0.0608802592592593
106,106.0,-0.98816,0.008039123086506393,-1.2925667222222221,0.015475153316717921,0.0,1.0,-0.9617866666666667,0.0250040483388857,-1.2149732592592593,0.040266260350857015,0.0,0.6666666666666666,-0.9427666666666666,0.02684503368098712,-1.2668369814814815,0.03712951742294052,0.0,1.0,-0.9654633333333333,-1.279701851851852,0.0036766666666666614,0.06472859259259267,106,106.0,-1.2149732592592593,0.06472859259259267
107,107.0,-1.0203633333333333,0.01316858509230705,-1.3247700555555555,0.018808274483982104,0.0,1.0,-0.96787,0.021977406580395258,-1.2210565925925927,0.006709478663748806,0.0,1.0,-0.9915600000000001,0.019497086961902763,-1.3156303148148147,0.010028584580591195,0.0,1.0,-1.0059616666666666,-1.3202001851851852,0.038091666666666635,0.09914359259259253,107,107.0,-1.2210565925925927,0.09914359259259253
108,108.0,-0.7906466666666666,0.01033779634802956,-1.095053388888889,0.009339692604882897,0.0,0.0,-0.7788200000000001,0.02830104415034893,-1.0320065925925928,0.015529816305895384,0.0,0.0,-0.7571833333333333,0.02662369308216525,-1.081253648148148,0.017803308829095362,0.0,0.0,-0.7739149999999999,-1.0881535185185185,-0.004905000000000159,0.05614692592592574,108,108.0,-1.0320065925925928,0.05614692592592574
109,109.0,-0.49477,0.009490948319319856,-0.7991767222222222,0.00186198375644349,0.0,0.0,-0.46413333333333334,0.018451672914219282,-0.717319925925926,0.005104585597723437,0.0,0.0,-0.46388999999999997,0.014930549219636892,-0.7879603148148148,0.00518707025754792,0.0,0.0,-0.47933,-0.7935685185185185,0.015196666666666636,0.07624859259259253,109,109.0,-0.717319925925926,0.07624859259259253
110,110.0,0.017679999999999998,0.014253641639945911,-0.28672672222222223,0.00895667526722906,0.0,0.0,0.05754666666666667,0.014372558343361604,-0.1956399259259259,0.011646890558429797,0.0,0.0,0.03576666666666667,0.011270414071068255,-0.2883036481481482,0.009918647210500455,0.0,0.0,0.026723333333333335,-0.2875151851851852,0.030823333333333335,0.0918752592592593,110,110.0,-0.1956399259259259,0.0918752592592593
111,111.0,0.4368666666666667,0.011087728952916055,0.13245994444444445,0.007212106076924744,0.0,0.0,0.4631,0.007476222308091174,0.2099134074074074,0.007911149378873831,0.0,0.0,0.4565433333333333,0.01437794955246864,0.13247301851851853,0.00845571868647998,0.0,0.0,0.446705,0.1324664814814815,0.016394999999999993,0.07744692592592592,111,111.0,0.2099134074074074,0.07744692592592592
112,112.0,0.6702066666666667,0.013358294551825616,0.36579994444444447,0.014057846767249993,0.0,0.0,0.6896800000000001,0.020688332460592342,0.4364934074074074,0.005423805403073692,0.0,0.0,0.6866866666666667,0.01042920099208624,0.36261635185185187,0.005266443981339822,0.0,0.0,0.6784466666666666,0.36420814814814817,0.011233333333333428,0.07228525925925922,112,112.0,0.4364934074074074,0.07228525925925922
113,113.0,0.92932,0.014105704519803362,0.6249132777777778,0.007502847026913178,0.0,0.0,0.9123566666666667,0.012361558693519733,0.659170074074074,0.004996864484858578,0.0,0.0,0.92755,0.003081363334629644,0.6034796851851851,0.007929359671573943,0.0,0.0,0.928435,0.6141964814814815,-0.016078333333333306,0.04497359259259248,113,113.0,0.659170074074074,0.04497359259259248
114,114.0,1.0353366666666666,0.018517260416523046,0.7309299444444445,0.01008487716326515,0.0,0.0,1.00565,0.021918556065580602,0.7524634074074075,0.006674837246902259,0.0,0.0,1.0120033333333334,0.04049025849921599,0.6879330185185185,0.050169305920656763,0.0,0.0,1.02367,0.7094314814814815,-0.018020000000000147,0.04303192592592597,114,114.0,0.7524634074074075,0.04303192592592597
115,115.0,0.46096000000000004,0.019932754450903156,0.15655327777777778,0.012491321527735145,0.0,0.0,0.45047333333333334,0.0055113458731360036,0.19728674074074073,0.010091216360925193,0.0,0.0,0.54307,0.07426560913370336,0.2189996851851852,0.06386169100156182,0.0,0.0,0.5020150000000001,0.1877764814814815,-0.05154166666666676,0.009510259259259246,115,115.0,0.19728674074074073,0.009510259259259246
116,116.0,-0.40787666666666667,0.015590668149034946,-0.7122833888888889,0.0243187326894386,0.0,0.0,-0.4727333333333334,0.01704608263893303,-0.7259199259259259,0.0033891675824991602,0.0,0.0,-0.4483433333333333,0.03422833962279405,-0.7724136481481482,0.04469208624624634,0.0,0.0,-0.42811,-0.7423485185185186,-0.044623333333333404,0.01642859259259266,116,116.0,-0.7259199259259259,0.01642859259259266
117,117.0,-0.6044933333333334,0.007756264135093212,-0.9089000555555556,0.012076934519908097,0.0,0.0,-0.67299,0.022351248287288083,-0.9261765925925927,0.008759304135563507,0.0,0.0,-0.6252266666666667,0.0554842809571624,-0.9492969814814814,0.04498514156739112,0.0,0.0,-0.6148600000000001,-0.9290985185185185,-0.058129999999999904,0.0029219259259258834,117,117.0,-0.9261765925925927,0.0029219259259258834
118,118.0,-0.44112333333333337,0.01514346173545973,-0.7455300555555556,0.0115637910046034,0.0,0.0,-0.5292633333333333,0.02377342704225314,-0.7824499259259259,0.010732692150208778,0.0,0.0,-0.4370133333333333,0.02944724491923366,-0.7610836481481481,0.028112699507473082,0.0,0.0,-0.43906833333333334,-0.7533068518518519,-0.09019499999999997,-0.029143074074074016,118,118.0,-0.7824499259259259,-0.029143074074074016
119,119.0,-0.24088333333333334,0.01902021643760483,-0.5452900555555557,0.01663280585864817,0.0,0.0,-0.27706000000000003,0.015242519476779409,-0.5302465925925927,0.006780572373854429,0.0,0.0,-0.18321,0.029982715020491397,-0.5072803148148148,0.04045863479902878,0.0,0.0,-0.21204666666666666,-0.5262851851851853,-0.06501333333333337,-0.003961407407407358,119,119.0,-0.5302465925925927,-0.003961407407407358
120,120.0,0.16432333333333335,0.016410790149573345,-0.14008338888888888,0.01828696497381956,0.0,0.0,0.14104333333333333,0.019066898891359683,-0.11214325925925926,0.01170261200087415,0.0,0.0,0.20084666666666665,0.030744055251923638,-0.12322364814814817,0.03186425662064578,0.0,0.0,0.182585,-0.13165351851851853,-0.04154166666666667,0.01951025925925927,120,120.0,-0.11214325925925926,0.01951025925925927
121,121.0,0.6714699999999999,0.011506254820748593,0.36706327777777775,0.011857896954178911,0.0,0.0,0.6589266666666667,0.02084854031661051,0.40574007407407403,0.02236444491479069,0.0,0.0,0.6709566666666666,0.024462935909929824,0.34688635185185185,0.017844156388257496,0.0,0.0,0.6712133333333332,0.3569748148148148,-0.012286666666666557,0.04876525925925923,121,121.0,0.40574007407407403,0.04876525925925923
122,122.0,0.96592,0.006166392786710864,0.6615132777777778,0.013754522959470128,0.0,0.0,0.9537433333333333,0.02110849197203184,0.7005567407407408,0.028725114725207578,0.0,0.0,0.9543699999999999,0.012641791803379805,0.6302996851851852,0.006218688417545653,0.0,0.0,0.960145,0.6459064814814814,-0.00640166666666675,0.05465025925925937,122,122.0,0.7005567407407408,0.05465025925925937
123,123.0,1.2067866666666667,0.01489705451870714,0.9023799444444446,0.0070194504104534134,0.0,0.0,1.1440966666666668,0.044943155578278285,0.8909100740740742,0.04114072736368876,0.0,0.0,1.2215566666666666,0.01484665731177677,0.8974863518518519,0.019287307152855555,0.0,0.0,1.2141716666666666,0.8999331481481483,-0.07007499999999989,-0.0090230740740741,123,123.0,0.8909100740740742,-0.0090230740740741
124,124.0,1.2799266666666667,0.025044580917502633,0.9755199444444443,0.024993364167277498,0.0,0.0,1.2415566666666666,0.009082292295083486,0.9883700740740741,0.024312133703885356,0.0,0.0,1.2595233333333333,0.00793247334274335,0.9354530185185186,0.015891388623835788,0.0,0.0,1.269725,0.9554864814814814,-0.02816833333333335,0.03288359259259266,124,124.0,0.9883700740740741,0.03288359259259266
125,125.0,0.6739099999999999,0.03142351826260069,0.3695032777777778,0.02797148643724996,0.0,0.0,0.6726433333333334,0.05453670354296577,0.4194567407407408,0.046487270155730745,0.0,0.0,0.7096366666666666,0.012284682874756411,0.3855663518518518,0.0037696623762364786,0.0,0.0,0.6917733333333332,0.37753481481481477,-0.01912999999999987,0.04192192592592603,125,125.0,0.4194567407407408,0.04192192592592603
126,126.0,-0.25040999999999997,0.012015107157241673,-0.5548167222222222,0.018702167659817585,0.0,0.0,-0.32453666666666664,0.04594905584811654,-0.5777232592592593,0.03067903672395321,0.0,0.0,-0.29895333333333335,0.09928039299546175,-0.623023648148148,0.10518039653766138,0.0,0.0,-0.27468166666666666,-0.5889201851851851,-0.04985499999999998,0.011196925925925805,126,126.0,-0.5777232592592593,0.011196925925925805
127,127.0,-0.47328666666666663,0.013154597421940875,-0.7776933888888888,0.021532580383077742,0.0,0.0,-0.47412000000000004,0.017468110945376997,-0.7273065925925927,0.027793058556756543,0.0,0.0,-0.5086700000000001,0.04522968162611805,-0.8327403148148149,0.05383974686843112,0.0,0.0,-0.49097833333333335,-0.8052168518518519,0.01685833333333331,0.0779102592592592,127,127.0,-0.7273065925925927,0.0779102592592592
128,128.0,-0.3297933333333333,0.0023400071224962834,-0.6342000555555556,0.00789961016325999,0.0,0.0,-0.3618033333333333,0.01962924943377442,-0.6149899259259258,0.005990942024983085,0.0,0.0,-0.27421,0.0324363561455352,-0.5982803148148148,0.02193470517039814,0.0,0.0,-0.30200166666666667,-0.6162401851851852,-0.05980166666666664,0.0012502592592593675,128,128.0,-0.6149899259259258,0.0012502592592593675
129,129.0,-0.07169666666666667,0.013263454803833475,-0.3761033888888889,0.006286089639330932,0.0,0.0,-0.11777333333333333,0.016830794197937704,-0.3709599259259259,0.005012298398499092,0.0,0.0,0.010133333333333333,0.052082283296081916,-0.31393698148148147,0.04279245318854453,0.0,0.0,-0.03078166666666667,-0.3450201851851852,-0.08699166666666666,-0.025939740740740735,129,129.0,-0.3709599259259259,-0.025939740740740735
130,130.0,0.4193533333333333,0.03400027107735072,0.11494661111111111,0.02532632980293507,0.0,0.0,0.36371333333333333,0.012479760948565203,0.11052674074074076,0.003772314258545582,0.0,0.0,0.4978233333333333,0.03872474187561917,0.17375301851851851,0.031001529888851125,0.0,0.0,0.45858833333333326,0.14434981481481482,-0.09487499999999993,-0.03382307407407406,130,130.0,0.11052674074074076,-0.03382307407407406
131,131.0,0.8450133333333333,0.03191137780374471,0.5406066111111111,0.023331325500716208,0.0,0.0,0.7652433333333333,0.009636629770481664,0.5120567407407407,0.013309889947733652,0.0,0.0,0.89872,0.037456840496763746,0.5746496851851851,0.030850831288476998,0.0,0.0,0.8718666666666666,0.5576281481481481,-0.10662333333333329,-0.045571407407407394,131,131.0,0.5120567407407407,-0.045571407407407394
132,132.0,1.13342,0.05085192326746357,0.8290132777777778,0.05960399455441386,0.0,0.0,0.9941333333333334,0.02200529330259727,0.7409467407407409,0.03428185133531054,0.0,0.0,1.11414,0.0608197114429196,0.7900696851851853,0.054037606345242656,0.0,0.0,1.12378,0.8095414814814815,-0.12964666666666658,-0.06859474074074068,132,132.0,0.7409467407407409,-0.06859474074074068
133,133.0,1.39264,0.03964889405771618,1.0882332777777777,0.0474169552148026,0.0,0.0,1.2376733333333334,0.012064780699761381,0.9844867407407407,0.025511294293545705,0.0,0.0,1.3902600000000003,0.03373496109379701,1.0661896851851853,0.023785433096308244,0.0,0.0,1.3914500000000003,1.0772114814814815,-0.1537766666666669,-0.09272474074074077,133,133.0,0.9844867407407407,-0.09272474074074077
134,134.0,1.4852933333333336,0.10963344805912717,1.1808866111111112,0.10366480093529194,0.3333333333333333,0.0,1.4042900000000003,0.03484222007851961,1.1511034074074076,0.020317211765872163,0.0,0.0,1.5651066666666669,0.07417512341299697,1.241036351851852,0.08098073437201474,0.3333333333333333,0.0,1.5252000000000003,1.2109614814814815,-0.12091000000000007,-0.05985807407407395,134,134.0,1.1511034074074076,-0.05985807407407395
135,135.0,1.02604,0.012073827065185262,0.7216332777777779,0.016116960223397994,0.0,0.0,0.9024333333333333,0.08095928256434426,0.6492467407407406,0.06601374975360735,0.0,0.0,1.03544,0.02831863873847048,0.7113696851851851,0.038094551988310306,0.0,0.0,1.03074,0.7165014814814814,-0.12830666666666668,-0.06725474074074078,135,135.0,0.6492467407407406,-0.06725474074074078
136,136.0,-0.07525666666666667,0.10064847009931811,-0.3796633888888889,0.10351864244160906,0.0,0.0,-0.2116,0.04243000000000001,-0.46478659259259264,0.05468219993791776,0.0,0.0,0.005126666666666671,0.07969237876568458,-0.3189436481481482,0.07132304747678171,0.0,0.0,-0.035065,-0.34930351851851854,-0.176535,-0.1154830740740741,136,136.0,-0.46478659259259264,-0.1154830740740741
137,137.0,-0.44998999999999995,0.009173200095931642,-0.7543967222222223,0.013379716558131041,0.0,0.0,-0.48998333333333327,0.023696582735350948,-0.7431699259259258,0.03896469036493928,0.0,0.0,-0.3998633333333333,0.005072182304820414,-0.7239336481481482,0.00641691062200596,0.0,0.0,-0.4249266666666666,-0.7391651851851853,-0.06505666666666665,-0.004004740740740531,137,137.0,-0.7431699259259258,-0.004004740740740531
138,138.0,-0.36029,0.01908759544835337,-0.6646967222222222,0.015315925432130884,0.0,0.0,-0.4989333333333333,0.028716905009651232,-0.752119925925926,0.014007677189155814,0.0,0.0,-0.32602666666666663,0.018831150610977905,-0.6500969814814815,0.010424086578923212,0.0,0.0,-0.34315833333333334,-0.6573968518518518,-0.15577499999999994,-0.09472307407407421,138,138.0,-0.752119925925926,-0.09472307407407421
139,139.0,-0.19055333333333335,0.028758046410236795,-0.49496005555555556,0.02511155309941651,0.0,0.0,-0.3330666666666667,0.0347711753228638,-0.5862532592592592,0.029446824020006434,0.0,0.0,-0.15289,0.002647848182959133,-0.4769603148148149,0.010387252153538138,0.0,0.0,-0.17172166666666666,-0.48596018518518524,-0.16134500000000002,-0.10029307407407395,139,139.0,-0.5862532592592592,-0.10029307407407395
140,140.0,0.17419333333333334,0.015995315981040613,-0.1302133888888889,0.008691099448307475,0.0,0.0,0.04505666666666666,0.02990699137882868,-0.20812992592592594,0.024541779415972756,0.0,0.0,0.21982999999999997,0.012709008615938537,-0.10424031481481483,0.0036419679236284652,0.0,0.0,0.19701166666666664,-0.11722685185185186,-0.15195499999999998,-0.09090307407407408,140,140.0,-0.20812992592592594,-0.09090307407407408
141,141.0,0.6526066666666667,0.012661644179700095,0.3481999444444444,0.0039111212030330834,0.0,0.0,0.5236733333333333,0.022404250340802165,0.27048674074074075,0.015280052278804713,0.0,0.0,0.6934,0.011812565343734586,0.3693296851851852,0.00440376402398685,0.0,0.0,0.6730033333333334,0.3587648148148148,-0.14933000000000007,-0.08827807407407406,141,141.0,0.27048674074074075,-0.08827807407407406
142,142.0,0.9191866666666666,0.020530767967451534,0.6147799444444444,0.02908878699885598,0.0,0.0,0.8165566666666667,0.021986896855475842,0.563370074074074,0.024397006503805135,0.0,0.0,0.9489933333333332,0.012713663253890794,0.6249230185185185,0.005683321447142857,0.0,0.0,0.9340899999999999,0.6198514814814815,-0.11753333333333316,-0.05648140740740748,142,142.0,0.563370074074074,-0.05648140740740748
143,143.0,1.09664,0.02932187749786841,0.7922332777777777,0.036863386354338945,0.0,0.0,0.9908866666666668,0.04024806123695068,0.7377000740740741,0.03196472571813495,0.0,0.0,1.1353566666666666,0.009642055451683212,0.8112863518518519,0.014851036953609682,0.0,0.0,1.1159983333333332,0.8017598148148148,-0.1251116666666664,-0.06405974074074072,143,143.0,0.7377000740740741,-0.06405974074074072
144,144.0,0.9313766666666666,0.07708895792091974,0.6269699444444444,0.07869582893901145,0.0,0.0,0.9062933333333333,0.0204540590918608,0.6531067407407408,0.02494371955865406,0.0,0.0,1.0124933333333332,0.038309103791831695,0.6884230185185185,0.03606199654613947,0.0,0.0,0.971935,0.6576964814814814,-0.06564166666666671,-0.004589740740740589,144,144.0,0.6531067407407408,-0.004589740740740589
145,145.0,0.16471333333333332,0.08381778709398938,-0.1396933888888889,0.08123008703442566,0.0,0.0,0.06129333333333333,0.012283307100831328,-0.19189325925925926,0.023948772605494214,0.0,0.0,0.16799,0.12556966313564755,-0.1560803148148148,0.13253858981368857,0.0,0.0,0.16635166666666668,-0.14788685185185185,-0.10505833333333334,-0.04400640740740741,145,145.0,-0.19189325925925926,-0.04400640740740741
146,146.0,-0.8257233333333334,0.025754965217086465,-1.1301300555555556,0.033746939995573086,0.0,0.0,-0.8893866666666667,0.004385114973787275,-1.1425732592592592,0.015595784201675393,0.0,0.0,-0.7989700000000001,0.049620048367570134,-1.123040314814815,0.04299188158919022,0.0,0.0,-0.8123466666666668,-1.1265851851851854,-0.07703999999999989,-0.015988074074073877,146,146.0,-1.1425732592592592,-0.015988074074073877
147,147.0,-0.8604933333333333,0.07309562595212751,-1.1649000555555555,0.07539396676170328,0.0,0.3333333333333333,-0.9131633333333333,0.058788792582713745,-1.1663499259259258,0.04425183793059449,0.0,0.3333333333333333,-0.8117866666666668,0.0854789788973484,-1.1358569814814816,0.07560493402406133,0.0,0.0,-0.8361400000000001,-1.1503785185185187,-0.07702333333333322,-0.0159714074074071,147,147.0,-1.1663499259259258,-0.0159714074074071
148,148.0,-0.6270933333333334,0.019180725568479752,-0.9315000555555555,0.018912721443466233,0.0,0.0,-0.75127,0.02645513749728021,-1.0044565925925928,0.011384167199588627,0.0,0.0,-0.6149933333333334,0.03487522090730513,-0.9390636481481481,0.025355595629142524,0.0,0.0,-0.6210433333333334,-0.9352818518518518,-0.1302266666666666,-0.06917474074074104,148,148.0,-1.0044565925925928,-0.06917474074074104
149,149.0,-0.3245633333333333,0.025640665617985305,-0.6289700555555555,0.023313504828707088,0.0,0.0,-0.43662,0.022624104402163638,-0.6898065925925926,0.012345908006090782,0.0,0.0,-0.3185,0.030821124249449435,-0.6425703148148147,0.03604906876699936,0.0,0.0,-0.32153166666666666,-0.6357701851851851,-0.11508833333333335,-0.05403640740740745,149,149.0,-0.6898065925925926,-0.05403640740740745
150,150.0,0.17075666666666667,0.03343390544542072,-0.13365005555555556,0.029202833664985585,0.0,0.0,0.06981333333333332,0.020919417614583186,-0.18337325925925926,0.009221440588752546,0.0,0.0,0.19240333333333334,0.02969525944209502,-0.13166698148148148,0.034155976204016364,0.0,0.0,0.18158000000000002,-0.1326585185185185,-0.1117666666666667,-0.050714740740740755,150,150.0,-0.18337325925925926,-0.050714740740740755
151,151.0,0.58268,0.020321591965197998,0.2782732777777777,0.017684778959393077,0.0,0.0,0.4958033333333334,0.021677971153531247,0.24261674074074077,0.00675890855576744,0.0,0.0,0.6086433333333333,0.02308677182573032,0.2845730185185185,0.021230600057056005,0.0,0.0,0.5956616666666666,0.2814231481481481,-0.09985833333333327,-0.038806407407407345,151,151.0,0.24261674074074077,-0.038806407407407345
152,152.0,0.7913233333333333,0.01685865455287976,0.4869166111111111,0.01654424898931257,0.0,0.0,0.69999,0.005911243523997318,0.4468034074074074,0.01860549550074358,0.0,0.0,0.8147166666666666,0.014282185873784615,0.49064635185185185,0.008401775092716435,0.0,0.0,0.80302,0.4887814814814815,-0.10302999999999995,-0.04197807407407406,152,152.0,0.4468034074074074,-0.04197807407407406
153,153.0,1.0315733333333332,0.007714773705905716,0.7271666111111111,0.016486258306653633,0.0,0.0,0.9445033333333334,0.025375764684701277,0.6913167407407408,0.03728192908812376,0.0,0.0,1.0795700000000001,0.01655440424781274,0.7554996851851853,0.01794738264950771,0.0,0.0,1.0555716666666668,0.7413331481481482,-0.11106833333333344,-0.050016407407407426,153,153.0,0.6913167407407408,-0.050016407407407426
154,154.0,1.11556,0.023444024825101974,0.8111532777777777,0.017381853090007133,0.0,0.0,1.03462,0.01330003007515395,0.7814334074074075,0.028559249086482382,0.0,0.0,1.1129966666666666,0.013975265054135324,0.7889263518518518,0.01813497944390391,0.0,0.0,1.1142783333333335,0.8000398148148147,-0.07965833333333339,-0.018606407407407155,154,154.0,0.7814334074074075,-0.018606407407407155
155,155.0,0.5546033333333333,0.042372564630115725,0.25019661111111113,0.03367982949215112,0.0,0.0,0.48345666666666665,0.05292666656169963,0.23027007407407407,0.03984409686811332,0.0,0.0,0.5076299999999999,0.026747986840134318,0.18355968518518517,0.03726282460548261,0.0,0.0,0.5311166666666667,0.21687814814814815,-0.047660000000000036,0.013391925925925918,155,155.0,0.23027007407407407,0.013391925925925918
156,156.0,-0.41780666666666666,0.09409255089183909,-0.722213388888889,0.09846036610207018,0.0,0.0,-0.5148166666666666,0.03131356628257684,-0.7680032592592593,0.02689536144184436,0.0,0.0,-0.37455,0.06785494307712592,-0.6986203148148148,0.06739851354543744,0.0,0.0,-0.3961783333333333,-0.7104168518518519,-0.11863833333333329,-0.05758640740740739,156,156.0,-0.7680032592592593,-0.05758640740740739
157,157.0,-0.6176366666666667,0.025500684958120905,-0.9220433888888889,0.02754613571725994,0.0,0.0,-0.7043133333333333,0.020176464837362726,-0.9574999259259259,0.009335344855383254,0.0,0.0,-0.6109433333333333,0.01604985150502437,-0.9350136481481481,0.009996416023740856,0.0,0.0,-0.61429,-0.9285285185185186,-0.09002333333333334,-0.028971407407407335,157,157.0,-0.9574999259259259,-0.028971407407407335
158,158.0,-0.4843333333333333,0.025447857146198634,-0.7887400555555555,0.018665484119040354,0.0,0.0,-0.59382,0.017865304363486233,-0.8470065925925926,0.003988920077382444,0.0,0.0,-0.47573,0.004260844986619437,-0.7998003148148148,0.010344114097777996,0.0,0.0,-0.48003166666666663,-0.7942701851851852,-0.11378833333333338,-0.05273640740740737,158,158.0,-0.8470065925925926,-0.05273640740740737
159,159.0,-0.2889833333333333,0.02732071070329858,-0.5933900555555555,0.019844400950011425,0.0,0.0,-0.3575,0.019083498107003334,-0.6106865925925926,0.0044890605358867824,0.0,0.0,-0.27782999999999997,0.008730618534788917,-0.6019003148148148,0.002855830550735941,0.0,0.0,-0.28340666666666664,-0.5976451851851852,-0.07409333333333334,-0.013041407407407446,159,159.0,-0.6106865925925926,-0.013041407407407446
160,160.0,0.08964,0.018560142779623222,-0.21476672222222223,0.013317987717466659,0.0,0.0,0.046143333333333335,0.00840940148484619,-0.20704325925925926,0.010685985311961107,0.0,0.0,0.12192999999999998,0.020363661262160097,-0.2021403148148148,0.009848781090462376,0.0,0.0,0.10578499999999999,-0.2084535185185185,-0.059641666666666655,0.00141025925925925,160,160.0,-0.20704325925925926,0.00141025925925925
161,161.0,0.5771466666666667,0.023725295221204992,0.27273994444444444,0.018416885976321143,0.0,0.0,0.5478700000000001,0.016917414104998443,0.29468340740740745,0.009833649940969158,0.0,0.0,0.61147,0.013658151412251946,0.28739968518518516,0.0032595488050179747,0.0,0.0,0.5943083333333333,0.2800698148148148,-0.04643833333333325,0.01461359259259265,161,161.0,0.29468340740740745,0.01461359259259265
162,162.0,0.8627133333333333,0.026186439875121124,0.5583066111111111,0.0174177542454159,0.0,0.0,0.8457666666666667,0.03320613848873929,0.592580074074074,0.018594163337875558,0.0,0.0,0.8804533333333332,0.0056777313544525134,0.5563830185185185,0.005112125987883924,0.0,0.0,0.8715833333333333,0.5573448148148148,-0.0258166666666666,0.03523525925925919,162,162.0,0.592580074074074,0.03523525925925919
163,163.0,1.0900666666666667,0.016121123823522154,0.7856599444444443,0.008709573031908509,0.0,0.0,1.01141,0.0279746117041863,0.7582234074074075,0.014163410647210675,0.0,0.0,1.13153,0.023707998650244578,0.8074596851851852,0.014365671362316137,0.0,0.0,1.1107983333333333,0.7965598148148147,-0.09938833333333341,-0.03833640740740729,163,163.0,0.7582234074074075,-0.03833640740740729
164,164.0,1.1163933333333333,0.02339306378680092,0.8119866111111111,0.01948725355936642,0.0,0.0,1.00561,0.0027690250992001295,0.7524234074074073,0.01580165097019123,0.0,0.0,1.14982,0.02767887100298716,0.8257496851851852,0.019157924936086864,0.0,0.0,1.1331066666666667,0.8188681481481481,-0.1274966666666668,-0.0664447407407408,164,164.0,0.7524234074074073,-0.0664447407407408
165,165.0,0.4281,0.02762408912525443,0.12369327777777776,0.019039909099290892,0.0,0.0,0.2944966666666667,0.08030384444927485,0.04131007407407408,0.07914185393759766,0.0,0.0,0.4875066666666667,0.03864162824381671,0.16343635185185185,0.03990702767388404,0.0,0.0,0.45780333333333334,0.1435648148148148,-0.16330666666666666,-0.10225474074074073,165,165.0,0.04131007407407408,-0.10225474074074073
166,166.0,-0.5133899999999999,0.003290273544859169,-0.8177967222222221,0.011609972086210769,0.0,0.0,-0.59015,0.052059196113655115,-0.8433365925925926,0.05015350304642928,0.0,0.0,-0.45935333333333334,0.07378529686416758,-0.7834236481481481,0.07527328465692143,0.0,0.0,-0.48637166666666665,-0.8006101851851851,-0.1037783333333333,-0.04272640740740752,166,166.0,-0.8433365925925926,-0.04272640740740752
167,167.0,-0.6657066666666666,0.00843427135758231,-0.970113388888889,0.001289013687684124,0.0,0.0,-0.7348766666666666,0.03377275578529731,-0.9880632592592593,0.019336867101722287,0.0,0.0,-0.6281133333333333,0.029929207028141176,-0.9521836481481482,0.02490089843844851,0.0,0.0,-0.6469099999999999,-0.9611485185185186,-0.08796666666666675,-0.02691474074074074,167,167.0,-0.9880632592592593,-0.02691474074074074
168,168.0,-0.48079333333333335,0.01786956723967689,-0.7852000555555555,0.015636680883896546,0.0,0.0,-0.57933,0.015922930006754415,-0.8325165925925925,0.0062702763580217685,0.0,0.0,-0.4294633333333333,0.018767243626418177,-0.7535336481481482,0.016254396507397715,0.0,0.0,-0.45512833333333336,-0.7693668518518518,-0.12420166666666665,-0.06314974074074065,168,168.0,-0.8325165925925925,-0.06314974074074065
169,169.0,-0.22007333333333334,0.01403430558785625,-0.5244800555555555,0.015299233664843506,0.0,0.0,-0.2836,0.022620842159389195,-0.5367865925925926,0.007617446061171399,0.0,0.0,-0.16518333333333335,0.020813755868015097,-0.4892536481481482,0.01736509591385775,0.0,0.0,-0.19262833333333335,-0.5068668518518519,-0.09097166666666667,-0.029919740740740774,169,169.0,-0.5367865925925926,-0.029919740740740774
170,170.0,0.2826933333333333,0.012852397960432665,-0.02171338888888889,0.010531755296263323,0.0,0.0,0.21235,0.02844523334409476,-0.040836592592592584,0.01339668893775086,0.0,0.0,0.33653,0.021573263545416593,0.01245968518518518,0.015316195624641718,0.0,0.0,0.3096116666666666,-0.004626851851851855,-0.09726166666666661,-0.03620974074074073,170,170.0,-0.040836592592592584,-0.03620974074074073
171,171.0,0.7067666666666668,0.0188299132587841,0.4023599444444445,0.013053080315828972,0.0,0.0,0.6444366666666667,0.026500061006219055,0.3912500740740741,0.012299617754315081,0.0,0.0,0.7507933333333333,0.014699810656376938,0.4267230185185185,0.006340135023483166,0.0,0.0,0.72878,0.4145414814814815,-0.08434333333333333,-0.023291407407407427,171,171.0,0.3912500740740741,-0.023291407407407427
172,172.0,0.95146,0.008552373939439297,0.6470532777777778,0.0029700132170176288,0.0,0.0,0.8881733333333334,0.027606920026205992,0.6349867407407407,0.012732309224903378,0.0,0.0,0.9837866666666667,0.00921795168859837,0.659716351851852,0.00647618852135626,0.0,0.0,0.9676233333333333,0.6533848148148149,-0.07944999999999991,-0.018398074074074233,172,172.0,0.6349867407407407,-0.018398074074074233
173,173.0,1.2128933333333334,0.02278415531314103,0.9084866111111111,0.02502108536721986,0.0,0.0,1.1365066666666666,0.03834400909312087,0.883320074074074,0.023080351713862548,0.0,0.0,1.2652166666666667,0.013626468116622648,0.9411463518518519,0.004689357926640463,0.0,0.0,1.239055,0.9248164814814814,-0.10254833333333346,-0.041496407407407454,173,173.0,0.883320074074074,-0.041496407407407454
174,174.0,1.3557333333333332,0.033340127974159466,1.0513266111111113,0.03664111242334719,0.0,0.0,1.2996966666666667,0.021448135894136196,1.046510074074074,0.009292677117675658,0.0,0.0,1.3737166666666667,0.020574317323627835,1.049646351851852,0.015058832623625418,0.0,0.0,1.364725,1.0504864814814816,-0.06502833333333324,-0.003976407407407567,174,174.0,1.046510074074074,-0.003976407407407567
175,175.0,0.8306266666666667,0.04613816460733276,0.5262199444444445,0.04694393367693865,0.0,0.0,0.7917,0.026132395603924267,0.5385134074074074,0.019930736440242517,0.0,0.0,0.8976633333333334,0.0184448836627758,0.5735930185185185,0.023607419352925603,0.0,0.0,0.864145,0.5499064814814816,-0.07244500000000009,-0.011393074074074194,175,175.0,0.5385134074074074,-0.011393074074074194
176,176.0,-0.22625666666666666,0.006838247826258817,-0.5306633888888889,0.012104620658535186,0.0,0.0,-0.26333999999999996,0.04360152405593181,-0.5165265925925926,0.02973107457872936,0.0,0.0,-0.2296733333333333,0.030617038284806945,-0.5537436481481481,0.03018480705472233,0.0,0.0,-0.22796499999999997,-0.5422035185185186,-0.03537499999999999,0.025676925925925964,176,176.0,-0.5165265925925926,0.025676925925925964
177,177.0,-0.5493166666666667,0.05605708191953391,-0.853723388888889,0.04851297882649937,0.0,0.0,-0.5984566666666667,0.02806239714160804,-0.8516432592592592,0.013412865419220231,0.0,0.0,-0.50724,0.02558281454414268,-0.8313103148148149,0.01519935343365574,0.0,0.0,-0.5282783333333334,-0.842516851851852,-0.07017833333333334,-0.009126407407407222,177,177.0,-0.8516432592592592,-0.009126407407407222
178,178.0,-0.44177,0.0034503912821591508,-0.7461767222222222,0.012101586198067532,0.0,0.0,-0.5164533333333333,0.027781084092118036,-0.7696399259259259,0.013831495709753564,0.0,0.0,-0.41162000000000004,0.011291913035442688,-0.7356903148148147,0.002965912885711134,0.0,0.0,-0.42669500000000005,-0.7409335185185184,-0.08975833333333327,-0.028706407407407486,178,178.0,-0.7696399259259259,-0.028706407407407486
179,179.0,-0.27765,0.01649280752328117,-0.5820567222222223,0.010269956678386045,0.0,0.0,-0.31678999999999996,0.014862432506154577,-0.5699765925925926,0.006610577638684687,0.0,0.0,-0.2478233333333333,0.00948612846915608,-0.5718936481481481,0.00913587043458256,0.0,0.0,-0.2627366666666667,-0.5769751851851852,-0.05405333333333329,0.006998592592592612,179,179.0,-0.5699765925925926,0.006998592592592612
180,180.0,0.10308666666666666,0.021159681787147302,-0.20132005555555557,0.0174215000520855,0.0,0.0,0.07260666666666667,0.017680198905366797,-0.1805799259259259,0.006158913929513245,0.0,0.0,0.13737,0.007175855349712665,-0.18670031481481483,0.010067228658212685,0.0,0.0,0.12022833333333333,-0.1940101851851852,-0.04762166666666666,0.013430259259259308,180,180.0,-0.1805799259259259,0.013430259259259308
181,181.0,0.5876066666666667,0.013306773964163287,0.2831999444444444,0.009925006669929681,0.0,0.0,0.5535800000000001,0.022054577756103165,0.30039340740740744,0.0078000463350027475,0.0,0.0,0.62091,0.002520416632225713,0.2968396851851852,0.008298825591014192,0.0,0.0,0.6042583333333333,0.2900198148148148,-0.05067833333333327,0.010373592592592629,181,181.0,0.30039340740740744,0.010373592592592629
182,182.0,0.8437899999999999,0.00489378176873468,0.5393832777777777,0.013072792618357879,0.0,0.0,0.8178766666666667,0.03338839668707276,0.564690074074074,0.018266386698342203,0.0,0.0,0.84556,0.033535156179746665,0.5214896851851851,0.02920337074953021,0.0,0.0,0.844675,0.5304364814814815,-0.026798333333333257,0.03425359259259253,182,182.0,0.564690074074074,0.03425359259259253
183,183.0,1.0466933333333335,0.02077683646114903,0.7422866111111112,0.013019686105549391,0.0,0.0,1.0057533333333333,0.04723107275230288,0.7525667407407407,0.03291035036240623,0.0,0.0,1.0828233333333335,0.0334505565474378,0.7587530185185186,0.022935986381288753,0.0,0.0,1.0647583333333335,0.7505198148148149,-0.059005000000000196,0.0020469259259258132,183,183.0,0.7525667407407407,0.0020469259259258132
184,184.0,0.9906,0.013688202949985805,0.6861932777777778,0.010862065342708055,0.0,0.0,0.9822066666666668,0.016877868151319798,0.7290200740740741,0.012048348744032067,0.0,0.0,1.0016066666666668,0.03593357251002652,0.6775363518518519,0.0351006347637718,0.0,0.0,0.9961033333333333,0.6818648148148149,-0.013896666666666557,0.04715525925925923,184,184.0,0.7290200740740741,0.04715525925925923
185,185.0,0.16028,0.011861909627037292,-0.14412672222222223,0.020527734738866304,0.0,0.0,0.18932333333333332,0.09597838524028905,-0.06386325925925924,0.08941089231668158,0.0,0.0,0.18566666666666665,0.02462762744020083,-0.13840364814814815,0.019407973833445398,0.0,0.0,0.1729733333333333,-0.1412651851851852,0.016350000000000003,0.07740192592592594,185,185.0,-0.06386325925925924,0.07740192592592594
186,186.0,-0.8292633333333334,0.008541442110869402,-1.1336700555555554,0.016794669563033385,0.0,0.0,-0.8634,0.04553123433424574,-1.1165865925925926,0.04090586920731503,0.0,0.0,-0.8200266666666667,0.01684862111074177,-1.1440969814814814,0.011953884138843216,0.0,0.0,-0.8246450000000001,-1.1388835185185184,-0.03875499999999987,0.022296925925925803,186,186.0,-1.1165865925925926,0.022296925925925803
187,187.0,-0.91335,0.021778927889131734,-1.2177567222222223,0.013017516026848617,0.0,0.0,-0.93497,0.022450988842365016,-1.1881565925925925,0.007945288823878963,0.0,0.0,-0.8674333333333334,0.011657634122468109,-1.1915036481481482,0.001289006718253035,0.0,0.0,-0.8903916666666667,-1.2046301851851853,-0.044578333333333275,0.016473592592592734,187,187.0,-1.1881565925925925,0.016473592592592734
188,188.0,-0.7185066666666667,0.019401753357192558,-1.0229133888888888,0.017940691215419715,0.0,0.0,-0.7155866666666667,0.03130578913449288,-0.9687732592592592,0.02404657282993207,0.0,0.0,-0.6661366666666667,0.019901759553701125,-0.9902069814814816,0.009621316230375519,0.0,0.0,-0.6923216666666667,-1.0065601851851853,-0.02326499999999998,0.03778692592592614,188,188.0,-0.9687732592592592,0.03778692592592614
189,189.0,-0.43300333333333335,0.015044900575721122,-0.7374100555555555,0.012830187803177883,0.0,0.0,-0.4402466666666667,0.026370480339450265,-0.6934332592592592,0.018821602522949385,0.0,0.0,-0.40474666666666664,0.014313131499896633,-0.7288169814814814,0.008367922326386749,0.0,0.0,-0.418875,-0.7331135185185185,-0.021371666666666678,0.03968025925925922,189,189.0,-0.6934332592592592,0.03968025925925922
190,190.0,0.05908,0.01783611224454477,-0.2453267222222222,0.013103831380271672,0.0,0.0,0.04423,0.021554041384390075,-0.20895659259259258,0.008139488418634072,0.0,0.0,0.08536666666666666,0.011590980689024267,-0.23870364814814815,0.0031373074952420173,0.0,0.0,0.07222333333333333,-0.24201518518518517,-0.027993333333333335,0.033058592592592584,190,190.0,-0.20895659259259258,0.033058592592592584
191,191.0,0.47042,0.0055716155646275455,0.16601327777777777,0.003463110862013002,0.0,0.0,0.44042999999999993,0.03700666021137275,0.18724340740740741,0.0217594928465555,0.0,0.0,0.50167,0.012436321803491563,0.17759968518518518,0.005576745473747267,0.0,0.0,0.48604499999999995,0.17180648148148148,-0.04561500000000002,0.015436925925925937,191,191.0,0.18724340740740741,0.015436925925925937
192,192.0,0.6864233333333334,0.011298709365822869,0.3820166111111111,0.011119596723219627,0.0,0.0,0.67177,0.025287995175576894,0.41858340740740746,0.0100587467766655,0.0,0.0,0.7315666666666667,0.0326678011707757,0.4074963518518519,0.028424153470981768,0.0,0.0,0.708995,0.3947564814814815,-0.037225000000000064,0.023826925925925946,192,192.0,0.41858340740740746,0.023826925925925946
193,193.0,0.92808,0.015265264491648976,0.6236732777777778,0.01390110535806145,0.0,0.0,0.9017400000000001,0.02983857737895693,0.6485534074074074,0.015793454623333716,0.0,0.0,0.9578000000000001,0.02917917579370598,0.6337296851851851,0.023300514081621652,0.0,0.0,0.9429400000000001,0.6287014814814815,-0.041200000000000014,0.019851925925925884,193,193.0,0.6485534074074074,0.019851925925925884
194,194.0,0.9779666666666667,0.01727174667870427,0.6735599444444444,0.008682342372010852,0.0,0.0,0.9303566666666666,0.05191336661528835,0.6771700740740739,0.03665326428864658,0.0,0.0,1.0102733333333334,0.05825125692492252,0.6862030185185185,0.05224645452249903,0.0,0.0,0.99412,0.6798814814814815,-0.0637633333333334,-0.0027114074074076067,194,194.0,0.6771700740740739,-0.0027114074074076067
195,195.0,0.38315666666666665,0.03138425773111949,0.07874994444444444,0.024471455597589932,0.0,0.0,0.34029333333333334,0.03195107092623553,0.08710674074074076,0.04721827345046623,0.0,0.0,0.4909666666666666,0.04636270519861122,0.1668963518518518,0.056504131272144174,0.0,0.0,0.4370616666666666,0.12282314814814813,-0.09676833333333329,-0.03571640740740736,195,195.0,0.08710674074074076,-0.03571640740740736
196,196.0,-0.52832,0.018768721320324398,-0.8327267222222222,0.01254153287451709,0.0,0.0,-0.58672,0.05359879569542588,-0.8399065925925927,0.04061967204098378,0.0,0.0,-0.46045,0.028702869194559614,-0.7845203148148148,0.018755608126373086,0.0,0.0,-0.494385,-0.8086235185185184,-0.092335,-0.03128307407407427,196,196.0,-0.8399065925925927,-0.03128307407407427
197,197.0,-0.7177333333333333,0.010279408219023766,-1.0221400555555555,0.008045041893291456,0.0,0.0,-0.7848033333333334,0.011990034751131142,-1.037989925925926,0.00647047089236402,0.0,0.0,-0.6702266666666666,0.016217929378725654,-0.9942969814814816,0.020090279791879353,0.0,0.0,-0.69398,-1.0082185185185186,-0.09082333333333337,-0.029771407407407358,197,197.0,-1.037989925925926,-0.029771407407407358
198,198.0,-0.58964,0.006432208019024241,-0.8940467222222223,0.0023701086844121837,0.0,0.0,-0.6485,0.03397337192567145,-0.9016865925925927,0.028243856727228157,0.0,0.0,-0.5656933333333333,0.031853675350473044,-0.8897636481481482,0.0404493634922827,0.0,0.0,-0.5776666666666667,-0.8919051851851852,-0.0708333333333333,-0.009781407407407405,198,198.0,-0.9016865925925927,-0.009781407407407405
199,199.0,-0.35247999999999996,0.004756059293154373,-0.6568867222222222,0.007078525047112085,0.0,0.0,-0.41336,0.036726463211150626,-0.6665465925925926,0.022609812239265854,0.0,0.0,-0.31525,0.04037777978046836,-0.6393203148148148,0.04155822737197993,0.0,0.0,-0.33386499999999997,-0.6481035185185184,-0.07949500000000004,-0.018443074074074195,199,199.0,-0.6665465925925926,-0.018443074074074195
200,200.0,0.04744333333333334,0.00759363768778399,-0.25696338888888887,0.006800698955771892,0.0,0.0,-0.01405,0.026520844632100235,-0.2672365925925926,0.01589735916382797,0.0,0.0,0.08182666666666667,0.027434697616947293,-0.24224364814814814,0.02387834522783566,0.0,0.0,0.064635,-0.2496035185185185,-0.078685,-0.01763307407407408,200,200.0,-0.2672365925925926,-0.01763307407407408
201,201.0,0.5384099999999999,0.011160985619558892,0.23400327777777777,0.008857031585653255,0.0,0.0,0.4906,0.015120486103297083,0.23741340740740743,0.013688071451099773,0.0,0.0,0.5888066666666667,0.021328484084278773,0.26473635185185185,0.011032173566323137,0.0,0.0,0.5636083333333333,0.2493698148148148,-0.07300833333333329,-0.01195640740740736,201,201.0,0.23741340740740743,-0.01195640740740736
202,202.0,0.7977500000000001,0.022399122750679318,0.4933432777777778,0.015013222289344146,0.0,0.0,0.7816166666666667,0.022610266104876674,0.528430074074074,0.016035194771087398,0.0,0.0,0.8960566666666666,0.039200477463078594,0.5719863518518519,0.036173602180438004,0.0,0.0,0.8469033333333333,0.5326648148148149,-0.0652866666666666,-0.004234740740740817,202,202.0,0.528430074074074,-0.004234740740740817
203,203.0,1.0633333333333335,0.01864123475881721,0.7589266111111111,0.016003007101386874,0.0,0.0,0.97117,0.020929617770040654,0.7179834074074073,0.011284969529096424,0.0,0.0,1.1364733333333332,0.02918705420787323,0.8124030185185186,0.020569352854142423,0.0,0.0,1.0999033333333332,0.7856648148148149,-0.12873333333333326,-0.06768140740740758,203,203.0,0.7179834074074073,-0.06768140740740758
204,204.0,1.1046766666666665,0.026871465038835047,0.8002699444444444,0.021014379102529183,0.0,0.0,1.0204166666666665,0.021193348799407142,0.767230074074074,0.026357782019991224,0.0,0.0,1.1099666666666665,0.10741996152174574,0.7858963518518518,0.09995367232421966,0.0,0.0,1.1073216666666665,0.7930831481481482,-0.08690500000000001,-0.025853074074074223,204,204.0,0.767230074074074,-0.025853074074074223
205,205.0,0.5023366666666668,0.07405553749270431,0.19792994444444445,0.07842190180299217,0.0,0.0,0.38806,0.0062839398469431654,0.13487340740740741,0.016001778236092334,0.0,0.0,0.5497233333333335,0.022428870531824237,0.22565301851851857,0.029980948055101025,0.0,0.0,0.5260300000000001,0.21179148148148152,-0.1379700000000001,-0.07691807407407411,205,205.0,0.13487340740740741,-0.07691807407407411
206,206.0,-0.45518,0.03686545673120029,-0.7595867222222221,0.030294094917039414,0.0,0.0,-0.5320433333333333,0.10424101751869719,-0.7852299259259259,0.08906978770237817,0.0,0.0,-0.41660666666666674,0.03539757383399792,-0.7406769814814815,0.029547896435832194,0.0,0.0,-0.43589333333333335,-0.7501318518518518,-0.09614999999999996,-0.03509807407407406,206,206.0,-0.7852299259259259,-0.03509807407407406
207,207.0,-0.5328366666666667,0.01372771041846863,-0.8372433888888889,0.011578528819343575,0.0,0.0,-0.7071533333333333,0.04218689409441438,-0.9603399259259259,0.026939793278758964,0.0,0.0,-0.5102766666666666,0.010489806162810337,-0.8343469814814815,0.008745859585756886,0.0,0.0,-0.5215566666666667,-0.8357951851851853,-0.18559666666666663,-0.12454474074074062,207,207.0,-0.9603399259259259,-0.12454474074074062
208,208.0,-0.3500166666666667,0.01249385582329705,-0.654423388888889,0.018317040825973258,0.0,0.0,-0.5018933333333333,0.00827961553052637,-0.755079925925926,0.008898475943917936,0.0,0.0,-0.30965,0.018054437127753366,-0.6337203148148148,0.00798923425416038,0.0,0.0,-0.3298333333333333,-0.6440718518518519,-0.17206,-0.11100807407407409,208,208.0,-0.755079925925926,-0.11100807407407409
209,209.0,-0.08754333333333335,0.008964849877902772,-0.39195005555555557,0.012281534135908307,0.0,0.0,-0.21680666666666668,0.019454463069777418,-0.4699932592592592,0.03357626696341569,0.0,0.0,-0.05592666666666667,0.02457967724225307,-0.3799969814814815,0.014075099887326544,0.0,0.0,-0.07173500000000001,-0.3859735185185185,-0.14507166666666665,-0.0840197407407407,209,209.0,-0.4699932592592592,-0.0840197407407407
210,210.0,0.4008366666666667,0.010570337427600553,0.09642994444444446,0.006927199101956569,0.0,0.0,0.26382666666666665,0.006585031004735943,0.010640074074074088,0.020708185571895042,0.0,0.0,0.43532333333333334,0.016603735523469814,0.11125301851851853,0.007026100558662837,0.0,0.0,0.41808,0.10384148148148149,-0.15425333333333335,-0.0932014074074074,210,210.0,0.010640074074074088,-0.0932014074074074
211,211.0,0.8188266666666667,0.016135307041805363,0.5144199444444445,0.0077309118089749366,0.0,0.0,0.6919066666666667,0.005907633479942152,0.43872007407407404,0.012500362937488232,0.0,0.0,0.8530700000000001,0.004240884341738152,0.5289996851851851,0.009822738632663853,0.0,0.0,0.8359483333333334,0.5217098148148148,-0.14404166666666673,-0.08298974074074078,211,211.0,0.43872007407407404,-0.08298974074074078
212,212.0,1.05593,0.01724721136879815,0.7515232777777778,0.008881251235566939,0.0,0.0,0.9248233333333333,0.004464911346637663,0.6716367407407408,0.014612318257731197,0.0,0.0,1.0792233333333334,0.010261161402752307,0.7551530185185186,0.007506667621699062,0.0,0.0,1.0675766666666666,0.7533381481481483,-0.1427533333333333,-0.0817014074074075,212,212.0,0.6716367407407408,-0.0817014074074075
213,213.0,1.3133766666666666,0.024758986920577656,1.0089699444444447,0.016096159088371025,0.0,0.0,1.1928933333333334,0.007049725762987754,0.9397067407407406,0.015344528064814929,0.0,0.0,1.3415533333333334,0.006038131609474374,1.0174830185185186,0.0077673580274832624,0.0,0.0,1.3274650000000001,1.0132264814814818,-0.13457166666666676,-0.07351974074074119,213,213.0,0.9397067407407406,-0.07351974074074119
214,214.0,1.5110666666666666,0.010489806162810374,1.2066599444444446,0.0071077597782152405,0.0,0.0,1.36729,0.046178400795176905,1.1141034074074074,0.03856863482510915,0.0,0.0,1.5140366666666667,0.01944236954008774,1.189966351851852,0.011253678509108344,0.0,0.0,1.5125516666666665,1.1983131481481482,-0.14526166666666662,-0.08420974074074072,214,214.0,1.1141034074074074,-0.08420974074074072
215,215.0,1.0459,0.01960575425736025,0.7414932777777778,0.010876473011777549,0.0,0.0,0.9495033333333334,0.06810978882167625,0.6963167407407407,0.07355644500713349,0.0,0.0,1.0611166666666667,0.01109786165589263,0.7370463518518519,0.0010081655440184445,0.0,0.0,1.0535083333333333,0.7392698148148149,-0.1040049999999999,-0.04295307407407423,215,215.0,0.6963167407407407,-0.04295307407407423
216,216.0,-0.11883333333333333,0.05497463991090195,-0.42324005555555555,0.05157951664564287,0.0,0.0,-0.13123666666666667,0.023425843279022706,-0.3844232592592592,0.01093690352678102,0.0,0.0,0.008176666666666667,0.044903204043067274,-0.3158936481481482,0.03615274171234736,0.0,0.0,-0.055328333333333334,-0.3695668518518519,-0.07590833333333333,-0.01485640740740729,216,216.0,-0.3844232592592592,-0.01485640740740729
217,217.0,-0.34826666666666667,0.04314179218963132,-0.6526733888888888,0.036130751785983774,0.0,0.0,-0.52963,0.04353931671489576,-0.7828165925925926,0.04052523635609149,0.0,0.0,-0.39329,0.004499644430396699,-0.7173603148148148,0.009031885358800623,0.0,0.0,-0.3707783333333333,-0.6850168518518518,-0.15885166666666672,-0.09779974074074083,217,217.0,-0.7828165925925926,-0.09779974074074083
218,218.0,-0.28983333333333333,0.028424444292427856,-0.5942400555555555,0.03266842926636485,0.0,0.0,-0.4517333333333333,0.014672345870150894,-0.7049199259259259,0.027397256598507967,0.0,0.0,-0.29083333333333333,0.007399799546834597,-0.6149036481481481,0.0038740316335155833,0.0,0.0,-0.29033333333333333,-0.6045718518518518,-0.1614,-0.10034807407407409,218,218.0,-0.7049199259259259,-0.10034807407407409
219,219.0,-0.16652333333333333,0.03084625152807604,-0.47093005555555556,0.03579663029855579,0.0,0.0,-0.2626566666666667,0.008766745880503954,-0.5158432592592592,0.016383408252751832,0.0,0.0,-0.14477666666666666,0.018020278392226162,-0.4688469814814815,0.028398447080085935,0.0,0.0,-0.15565,-0.46988851851851854,-0.1070066666666667,-0.045954740740740685,219,219.0,-0.5158432592592592,-0.045954740740740685
220,220.0,0.20473,0.01905053017634942,-0.09967672222222222,0.024314429978428958,0.0,0.0,0.12410333333333334,0.02021431258621805,-0.12908325925925926,0.009878085193368651,0.0,0.0,0.2481266666666667,0.020423497088729266,-0.07594364814814815,0.010035488486019723,0.0,0.0,0.22642833333333334,-0.08781018518518519,-0.102325,-0.04127307407407407,220,220.0,-0.12908325925925926,-0.04127307407407407
221,221.0,0.6862400000000001,0.006245054043000784,0.38183327777777776,0.014990199637627457,0.0,0.0,0.5842766666666667,0.02682543072036927,0.3310900740740741,0.01206664328782433,0.0,0.0,0.7412333333333333,0.056268632765807736,0.4171630185185185,0.046934887470177426,0.0,0.0,0.7137366666666667,0.3994981481481481,-0.12946000000000002,-0.06840807407407401,221,221.0,0.3310900740740741,-0.06840807407407401
222,222.0,0.9642766666666667,0.0180662290844917,0.6598699444444445,0.015220281285119175,0.0,0.0,0.8271700000000001,0.04536826644252567,0.5739834074074074,0.03445798429561834,0.0,0.0,1.00606,0.04914475353483835,0.6819896851851852,0.03973340612159254,0.0,0.0,0.9851683333333333,0.6709298148148148,-0.15799833333333324,-0.09694640740740745,222,222.0,0.5739834074074074,-0.09694640740740745
223,223.0,1.1617433333333334,0.030232357389613718,0.8573366111111111,0.0256525943058469,0.0,0.0,1.00411,0.04631475682760305,0.7509234074074075,0.03737752381735688,0.0,0.0,1.2101033333333333,0.03771604079610339,0.8860330185185186,0.04676460281920746,0.0,0.0,1.1859233333333332,0.8716848148148149,-0.18181333333333316,-0.12076140740740737,223,223.0,0.7509234074074075,-0.12076140740740737
224,224.0,1.0783866666666666,0.06661922945616629,0.7739799444444445,0.0591557367525034,0.0,0.0,0.9825833333333334,0.02870216077812496,0.7293967407407407,0.03670255852993093,0.0,0.0,1.1236366666666666,0.021285427722583686,0.7995663518518518,0.02144886047834946,0.0,0.0,1.1010116666666665,0.7867731481481481,-0.11842833333333314,-0.05737640740740746,224,224.0,0.7293967407407407,-0.05737640740740746
225,225.0,0.14119333333333334,0.022382225835098104,-0.1632133888888889,0.0206723423028702,0.0,0.0,0.01661,0.017880808147284617,-0.2365765925925926,0.01875774920000828,0.0,0.0,0.28619333333333336,0.013607197850157616,-0.03787698148148148,0.015597205729246605,0.0,0.0,0.21369333333333335,-0.10054518518518518,-0.19708333333333333,-0.1360314074074074,225,225.0,-0.2365765925925926,-0.1360314074074074
226,226.0,-0.6487033333333333,0.034262085945449015,-0.9531100555555555,0.02733132800892569,0.0,0.0,-0.8559166666666668,0.05002682313852571,-1.1091032592592593,0.04053687260286338,0.0,0.0,-0.6413766666666666,0.01998048130885071,-0.9654469814814814,0.01733009710668434,0.0,0.0,-0.64504,-0.9592785185185184,-0.21087666666666682,-0.14982474074074092,226,226.0,-1.1091032592592593,-0.14982474074074092
227,227.0,-0.7284533333333334,0.009381803309243526,-1.0328600555555554,0.009521965784340345,0.0,0.0,-0.9144166666666665,0.01780876282433267,-1.1676032592592591,0.013273787133490913,0.0,0.0,-0.6558,0.018611665696546355,-0.9798703148148148,0.00850471601662306,0.0,0.0,-0.6921266666666668,-1.0063651851851851,-0.22228999999999977,-0.16123807407407398,227,227.0,-1.1676032592592591,-0.16123807407407398
228,228.0,-0.49182333333333333,0.016755656756252006,-0.7962300555555556,0.011252569813075954,0.0,0.0,-0.7115666666666667,0.01540656461815334,-0.9647532592592593,0.014123888447068177,0.0,0.0,-0.4283433333333333,0.01298528526191601,-0.7524136481481482,0.00547129719919541,0.0,0.0,-0.4600833333333333,-0.7743218518518519,-0.2514833333333334,-0.19043140740740738,228,228.0,-0.9647532592592593,-0.19043140740740738
229,229.0,-0.18359333333333336,0.01497440928161553,-0.48800005555555553,0.016461832747241372,0.0,0.0,-0.39505000000000007,0.013878227552537094,-0.6482365925925926,0.01344336005226581,0.0,0.0,-0.13761333333333334,0.007569453965335499,-0.46168364814814816,0.0030068562371375366,0.0,0.0,-0.16060333333333335,-0.47484185185185185,-0.23444666666666672,-0.17339474074074074,229,229.0,-0.6482365925925926,-0.17339474074074074
230,230.0,0.31294666666666665,0.01928318006277318,0.008539944444444447,0.02616902578873505,0.0,0.0,0.11631333333333334,0.008542577674995612,-0.13687325925925925,0.006750343396919695,0.0,0.0,0.36208,0.011257548578620474,0.038009685185185195,0.003679404589674322,0.0,0.0,0.33751333333333333,0.02327481481481482,-0.2212,-0.16014807407407408,230,230.0,-0.13687325925925925,-0.16014807407407408
231,231.0,0.73877,0.008643303766500368,0.4343632777777778,0.013080678824482259,0.0,0.0,0.5337433333333333,0.014550399765413065,0.2805567407407408,0.009530885517836951,0.0,0.0,0.7904066666666667,0.01205519113632521,0.4663363518518519,0.005434458445648465,0.0,0.0,0.7645883333333334,0.45034981481481484,-0.23084500000000008,-0.16979307407407407,231,231.0,0.2805567407407408,-0.16979307407407407
232,232.0,1.0203633333333333,0.027134703487109196,0.7159566111111112,0.027628884094133083,0.0,0.0,0.7778233333333334,0.014228961077089661,0.5246367407407407,0.012645623831486083,0.0,0.0,1.0390833333333334,0.014129141280818595,0.7150130185185186,0.00862709708189504,0.0,0.0,1.0297233333333333,0.715484814814815,-0.2518999999999999,-0.19084807407407423,232,232.0,0.5246367407407407,-0.19084807407407423
233,233.0,1.2621833333333334,0.0345652662847161,0.9577766111111111,0.03340696578490335,0.0,0.0,1.0438833333333333,0.013581098384642335,0.7906967407407407,0.015915228098295743,0.0,0.0,1.3038133333333333,0.010833403589515856,0.9797430185185186,0.0007682338362172523,0.0,0.0,1.2829983333333335,0.9687598148148149,-0.2391150000000002,-0.17806307407407418,233,233.0,0.7906967407407407,-0.17806307407407418
234,234.0,1.32294,0.011181462337279407,1.0185332777777778,0.0055178123843837214,0.0,0.0,1.1228433333333332,0.014025495831995869,0.8696567407407407,0.014061588375535783,0.0,0.0,1.3771166666666665,0.011400711966071855,1.0530463518518518,0.01604198255057767,0.0,0.0,1.3500283333333334,1.0357898148148148,-0.2271850000000002,-0.16613307407407407,234,234.0,0.8696567407407407,-0.16613307407407407
235,235.0,0.7341933333333334,0.03550864730362637,0.4297866111111111,0.026748214668528888,0.0,0.0,0.5467266666666667,0.021935198502255043,0.29354007407407406,0.025322293344710978,0.0,0.0,0.8129233333333333,0.022153695703726977,0.4888530185185185,0.03266155034175667,0.0,0.0,0.7735583333333333,0.45931981481481476,-0.22683166666666665,-0.1657797407407407,235,235.0,0.29354007407407406,-0.1657797407407407
236,236.0,-0.11460333333333333,0.021849444691646822,-0.4190100555555556,0.014807363564506761,0.0,0.0,-0.3878566666666667,0.038797656286602346,-0.6410432592592593,0.03217749681029183,0.0,0.0,-0.08661,0.02547594355465563,-0.4106803148148148,0.026418588259680274,0.0,0.0,-0.10060666666666668,-0.4148451851851852,-0.28725,-0.2261980740740741,236,236.0,-0.6410432592592593,-0.2261980740740741
237,237.0,-0.3164033333333333,0.02351460255529176,-0.6208100555555555,0.021218496508113242,0.0,0.0,-0.54781,0.021099481036272006,-0.8009965925925927,0.01628543615031443,0.0,0.0,-0.2701,0.008748525590063722,-0.5941703148148149,0.003589266030056355,0.0,0.0,-0.2932516666666667,-0.6074901851851852,-0.25455833333333333,-0.19350640740740754,237,237.0,-0.8009965925925927,-0.19350640740740754
238,238.0,-0.16581333333333334,0.016674319576322545,-0.47022005555555557,0.018534584000317194,0.0,0.0,-0.4284666666666667,0.03099674552809266,-0.6816532592592592,0.017185878711530808,0.0,0.0,-0.12028,0.011349220237531743,-0.44435031481481485,0.012934835042587954,0.0,0.0,-0.14304666666666666,-0.45728518518518524,-0.28542000000000006,-0.224368074074074,238,238.0,-0.6816532592592592,-0.224368074074074
239,239.0,0.04844333333333334,0.008107338239726609,-0.25596338888888887,0.0007195273590144733,0.0,0.0,-0.19216666666666668,0.008331538473375316,-0.4453532592592593,0.009275259797421906,0.0,0.0,0.08349333333333335,0.009324196122633487,-0.24057698148148146,0.0013067864121994435,0.0,0.0,0.06596833333333335,-0.24827018518518518,-0.258135,-0.1970830740740741,239,239.0,-0.4453532592592593,-0.1970830740740741
240,240.0,0.44641333333333333,0.01575022962795571,0.1420066111111111,0.015615932450130458,0.0,0.0,0.20162,0.018949477565357833,-0.05156659259259259,0.009345942943055869,0.0,0.0,0.47953666666666667,0.014079805869873825,0.15546635185185184,0.004029224351566572,0.0,0.0,0.462975,0.14873648148148147,-0.261355,-0.20030307407407405,240,240.0,-0.05156659259259259,-0.20030307407407405
241,241.0,0.961,0.023531663774582566,0.6565932777777778,0.022276062006316575,0.0,0.0,0.6958233333333333,0.021781508977417804,0.4426367407407408,0.007104035541601501,0.0,0.0,0.98883,0.015372478655050991,0.6647596851851851,0.006606178805655589,0.0,0.0,0.974915,0.6606764814814814,-0.2790916666666666,-0.21803974074074062,241,241.0,0.4426367407407408,-0.21803974074074062
242,242.0,1.2441033333333333,0.017475189078614593,0.9396966111111111,0.015413745206374594,0.0,0.0,1.0043033333333333,0.017098761163702313,0.7511167407407408,0.009709267501762552,0.0,0.0,1.28192,0.004214344551647428,0.9578496851851851,0.01447074234335793,0.0,0.0,1.2630116666666666,0.9487731481481481,-0.2587083333333333,-0.1976564074074073,242,242.0,0.7511167407407408,-0.1976564074074073
243,243.0,1.47095,0.009277752960711984,1.1665432777777778,0.01602502137832977,0.0,0.0,1.2324,0.009372464990598822,0.9792134074074074,0.020247884938799345,0.0,0.0,1.4997166666666668,0.009763730502903814,1.1756463518518518,0.0030314921587546086,0.0,0.0,1.4853333333333334,1.1710948148148148,-0.25293333333333345,-0.19188140740740744,243,243.0,0.9792134074074074,-0.19188140740740744
244,244.0,1.5514733333333333,0.022787475361113002,1.247066611111111,0.02677708805341554,0.6666666666666666,0.0,1.3170866666666665,0.004979250278238007,1.063900074074074,0.02016795519883624,0.0,0.0,1.5888066666666667,0.008430873817898922,1.264736351851852,0.0033720369277223773,1.0,0.0,1.5701399999999999,1.2559014814814815,-0.25305333333333335,-0.19200140740740745,244,244.0,1.063900074074074,-0.19200140740740745
245,245.0,0.9584733333333334,0.014188535277939465,0.6540666111111112,0.005902053282858708,0.0,0.0,0.7218133333333334,0.01923677294489212,0.46862674074074073,0.025659291264541185,0.0,0.0,1.0102566666666666,0.03328913085878537,0.6861863518518518,0.03163473175672126,0.0,0.0,0.9843649999999999,0.6701264814814816,-0.2625516666666665,-0.20149974074074084,245,245.0,0.46862674074074073,-0.20149974074074084
246,246.0,0.0002633333333333333,0.01648185163546054,-0.30414338888888887,0.024739634825256342,0.0,0.0,-0.23252333333333333,0.028982564298787195,-0.48570992592592593,0.030474250190612433,0.0,0.0,0.040486666666666664,0.008550493163165111,-0.2835836481481481,0.005629265936724651,0.0,0.0,0.020374999999999997,-0.2938635185185185,-0.25289833333333334,-0.19184640740740744,246,246.0,-0.48570992592592593,-0.19184640740740744
247,247.0,-0.20689000000000002,0.007539502636115988,-0.5112967222222222,0.001800672145596122,0.0,0.0,-0.43550666666666665,0.011213430934969607,-0.6886932592592592,0.009731698428828888,0.0,0.0,-0.16804666666666668,0.015940766397301395,-0.4921169814814815,0.01367555560132337,0.0,0.0,-0.18746833333333335,-0.5017068518518518,-0.2480383333333333,-0.18698640740740735,247,247.0,-0.6886932592592592,-0.18698640740740735
248,248.0,-0.06034333333333333,0.007537588031547848,-0.36475005555555556,0.0015830273944191324,0.0,0.0,-0.29707666666666666,0.018192889636705147,-0.5502632592592592,0.006547664755782423,0.0,0.0,-0.012796666666666666,0.009012692901310536,-0.3368669814814815,0.002308493172419866,0.0,0.0,-0.03657,-0.3508085185185185,-0.26050666666666666,-0.1994547407407407,248,248.0,-0.5502632592592592,-0.1994547407407407
249,249.0,0.19812333333333335,0.009944573059379343,-0.10628338888888889,0.0012263073107383975,0.0,0.0,-0.06268333333333333,0.017234472238317408,-0.31586992592592594,0.0024504362904133026,0.0,0.0,0.24214666666666665,0.006346025002577068,-0.08192364814814815,0.006573733020111327,0.0,0.0,0.220135,-0.09410351851851852,-0.28281833333333334,-0.22176640740740744,249,249.0,-0.31586992592592594,-0.22176640740740744
250,250.0,0.6711633333333333,0.004151606114907043,0.36675661111111113,0.004937257803717572,0.0,0.0,0.4074,0.011847949189627694,0.1542134074074074,0.006223421535294498,0.0,0.0,0.7159233333333334,0.015549165036532735,0.3918530185185185,0.01201755300265213,0.0,0.0,0.6935433333333334,0.3793048148148148,-0.2861433333333334,-0.2250914074074074,250,250.0,0.1542134074074074,-0.2250914074074074
251,251.0,1.0711266666666666,0.009365929389726038,0.7667199444444445,0.01492618211057835,0.0,0.0,0.80612,0.0043975788793379905,0.5529334074074074,0.01594044572935185,0.0,0.0,1.1063433333333332,0.008208083414131049,0.7822730185185186,0.002468543183606761,0.0,0.0,1.0887349999999998,0.7744964814814815,-0.28261499999999984,-0.22156307407407416,251,251.0,0.5529334074074074,-0.22156307407407416
252,252.0,1.3015566666666667,0.008127338637791113,0.9971499444444444,0.0016532177911015263,0.0,0.0,1.06007,0.013305442495460292,0.8068834074074074,0.001983882429695861,0.0,0.0,1.34432,0.007491842230052688,1.0202496851851852,0.005853397690521723,0.0,0.0,1.3229383333333333,1.0086998148148147,-0.26286833333333326,-0.20181640740740736,252,252.0,0.8068834074074074,-0.20181640740740736
253,253.0,1.5527766666666665,0.008277767412372359,1.2483699444444445,0.010954213986627034,1.0,0.0,1.3253166666666667,0.014631050315453555,1.0721300740740742,0.009798271713365005,0.0,0.0,1.60681,0.01495629967605628,1.282739685185185,0.005624856276787614,1.0,0.0,1.5797933333333334,1.2655548148148148,-0.2544766666666667,-0.19342474074074056,253,253.0,1.0721300740740742,-0.19342474074074056
254,254.0,1.70695,0.012965072309863965,1.402543277777778,0.005728005776526954,1.0,0.0,1.46179,0.013149749047035064,1.2086034074074075,0.009086729826472245,1.0,0.0,1.7366733333333333,0.005609744498043872,1.4126030185185183,0.012148919037620805,1.0,0.0,1.7218116666666665,1.4075731481481482,-0.2600216666666666,-0.1989697407407407,254,254.0,1.2086034074074075,-0.1989697407407407
255,255.0,1.2776066666666666,0.024247379927186594,0.9731999444444445,0.03300512259329067,0.0,0.0,1.0013033333333334,0.036366710510208886,0.7481167407407407,0.030896101972375925,0.0,0.0,1.34031,0.03198007504681627,1.0162396851851854,0.021935234310251357,0.0,0.0,1.3089583333333332,0.9947198148148149,-0.3076549999999998,-0.2466030740740741,255,255.0,0.7481167407407407,-0.2466030740740741
256,256.0,0.14306666666666668,0.016418752490166038,-0.16134005555555556,0.00793948313167479,0.0,0.0,-0.09472666666666667,0.02973642939785026,-0.34791325925925926,0.0173750127698979,0.0,0.0,0.16308666666666669,0.06614361370029108,-0.16098364814814814,0.07649777554854298,0.0,0.0,0.1530766666666667,-0.16116185185185183,-0.24780333333333338,-0.18675140740740742,256,256.0,-0.34791325925925926,-0.18675140740740742
257,257.0,-0.22066333333333335,0.013528711443937786,-0.5250700555555555,0.006618557425764967,0.0,0.0,-0.4467666666666667,0.007555060114475143,-0.6999532592592592,0.008383860876622398,0.0,0.0,-0.1789333333333333,0.010159184678572065,-0.5030036481481481,0.013494132047248959,0.0,0.0,-0.19979833333333333,-0.5140368518518519,-0.24696833333333337,-0.18591640740740734,257,257.0,-0.6999532592592592,-0.18591640740740734
258,258.0,-0.14611666666666667,0.0013245502381311653,-0.4505233888888889,0.0079804290582464,0.0,0.0,-0.36643333333333333,0.02091942717507661,-0.619619925925926,0.013531070899231903,0.0,0.0,-0.06732,0.05048085874863858,-0.3913903148148148,0.040484713751970144,0.0,0.0,-0.10671833333333333,-0.42095685185185183,-0.25971500000000003,-0.19866307407407413,258,258.0,-0.619619925925926,-0.19866307407407413
259,259.0,0.023133333333333336,0.002804537989283321,-0.2812733888888889,0.008924194526886064,0.0,0.0,-0.19854666666666665,0.013184753821491446,-0.4517332592592593,0.0020959391633197373,0.0,0.0,0.09088,0.02456381688581805,-0.2331903148148148,0.019762415059092587,0.0,0.0,0.05700666666666667,-0.2572318518518519,-0.2555533333333333,-0.1945014074074074,259,259.0,-0.4517332592592593,-0.1945014074074074
260,260.0,0.3829933333333333,0.010699277234156203,0.07858661111111111,0.009324956279810103,0.0,0.0,0.18762333333333334,0.012052835074509782,-0.06556325925925925,0.006804955863903223,0.0,0.0,0.43156,0.016542675116195685,0.1074896851851852,0.017600702876465688,0.0,0.0,0.4072766666666666,0.09303814814814815,-0.21965333333333328,-0.1586014074074074,260,260.0,-0.06556325925925925,-0.1586014074074074
261,261.0,0.8466833333333333,0.008786901236120394,0.5422766111111111,0.007028169601944997,0.0,0.0,0.67227,0.01240168133762518,0.41908340740740746,0.0029307628975272547,0.0,0.0,0.8899533333333333,0.014367534003207843,0.5658830185185185,0.007485481273356842,0.0,0.0,0.8683183333333333,0.5540798148148148,-0.19604833333333327,-0.13499640740740737,261,261.0,0.41908340740740746,-0.13499640740740737
262,262.0,1.0936700000000001,0.00536689854571513,0.7892632777777777,0.004571980808058981,0.0,0.0,0.9418533333333334,0.0069840126956738306,0.6886667407407407,0.010672944916870868,0.0,0.0,1.1205233333333333,0.021458407054889602,0.7964530185185185,0.011216854154173448,0.0,0.0,1.1070966666666666,0.792858148148148,-0.1652433333333332,-0.10419140740740729,262,262.0,0.6886667407407407,-0.10419140740740729
263,263.0,1.2833266666666667,0.01562612022650965,0.9789199444444444,0.023857183664425886,0.0,0.0,1.1147266666666666,0.015340848520643649,0.8615400740740741,0.004252953119374553,0.0,0.0,1.3270066666666667,0.006465851323169516,1.002936351851852,0.009369986214132571,0.0,0.0,1.3051666666666666,0.9909281481481482,-0.19043999999999994,-0.12938807407407416,263,263.0,0.8615400740740741,-0.12938807407407416
264,264.0,1.1854233333333333,0.014942604636854121,0.8810166111111112,0.022924862441325706,0.0,0.0,1.02944,0.04416635937000021,0.7762534074074074,0.03467218156526728,0.0,0.0,1.2993166666666667,0.04753767172814983,0.9752463518518519,0.050551792890369526,0.0,0.0,1.24237,0.9281314814814816,-0.21293000000000006,-0.15187807407407417,264,264.0,0.7762534074074074,-0.15187807407407417
265,265.0,0.38065666666666664,0.06996881972231156,0.07624994444444444,0.06163912318810312,0.0,0.0,0.19195666666666666,0.031223277107525614,-0.06122992592592592,0.04058368698288125,0.0,0.0,0.3485133333333333,0.0313743483332058,0.024443018518518527,0.03749636058123803,0.0,0.0,0.36458499999999994,0.050346481481481485,-0.17262833333333327,-0.1115764074074074,265,265.0,-0.06122992592592592,-0.1115764074074074
266,266.0,-0.5573333333333333,0.0074554163755844866,-0.8617400555555556,0.010329174010126905,0.0,0.0,-0.6563733333333334,0.041087416970811544,-0.9095599259259259,0.052935303806859194,0.0,0.0,-0.5318200000000001,0.03169722543062721,-0.8558903148148148,0.04189313007285544,0.0,0.0,-0.5445766666666667,-0.8588151851851852,-0.11179666666666666,-0.05074474074074076,266,266.0,-0.9095599259259259,-0.05074474074074076
267,267.0,-0.5768,0.003434370393536468,-0.8812067222222222,0.005604255541633127,0.0,0.0,-0.6980599999999999,0.022133883527298153,-0.9512465925925926,0.0159990697488382,0.0,0.0,-0.5332033333333334,0.026614038275566777,-0.8572736481481481,0.016099751369292477,0.0,0.0,-0.5550016666666666,-0.8692401851851852,-0.1430583333333333,-0.08200640740740739,267,267.0,-0.9512465925925926,-0.08200640740740739
268,268.0,-0.3568766666666667,0.0096763026685472,-0.6612833888888888,0.003057689425100279,0.0,0.0,-0.50041,0.01966726213787779,-0.7535965925925926,0.0068466732834576325,0.0,0.0,-0.30151333333333336,0.0421255365940107,-0.6255836481481482,0.03197413316065437,0.0,0.0,-0.329195,-0.6434335185185185,-0.171215,-0.11016307407407411,268,268.0,-0.7535965925925926,-0.11016307407407411
269,269.0,-0.07037333333333333,0.028993930974142386,-0.37478005555555555,0.020415208237932532,0.0,0.0,-0.20978,0.01119529812019314,-0.4629665925925926,0.00494190449628595,0.0,0.0,-0.026163333333333334,0.0188416409405692,-0.3502336481481481,0.011641649617631583,0.0,0.0,-0.04826833333333333,-0.36250685185185183,-0.16151166666666666,-0.10045974074074077,269,269.0,-0.4629665925925926,-0.10045974074074077
270,270.0,0.43453,0.021398380779862752,0.1301232777777778,0.013602138318756837,0.0,0.0,0.28967000000000004,0.013435077223447566,0.036483407407407416,0.015106786905426538,0.0,0.0,0.4708666666666667,0.02475646649530851,0.14679635185185186,0.019745680181237135,0.0,0.0,0.45269833333333337,0.13845981481481484,-0.16302833333333333,-0.10197640740740743,270,270.0,0.036483407407407416,-0.10197640740740743
271,271.0,0.8818133333333334,0.0030630921196290054,0.5774066111111112,0.006609004182706895,0.0,0.0,0.7334299999999999,0.007511517822650753,0.4802434074074074,0.009306800861339724,0.0,0.0,0.8852533333333333,0.020879121948332375,0.5611830185185185,0.013695194053811461,0.0,0.0,0.8835333333333334,0.5692948148148149,-0.15010333333333348,-0.08905140740740752,271,271.0,0.4802434074074074,-0.08905140740740752
272,272.0,1.1371266666666668,0.006428159404785629,0.8327199444444444,0.010838007230643558,0.0,0.0,1.0134066666666666,0.031073638881426984,0.760220074074074,0.024082547616065045,0.0,0.0,1.1026833333333332,0.006419667696488052,0.7786130185185186,0.007962699511151134,0.0,0.0,1.1199050000000002,0.8056664814814816,-0.10649833333333358,-0.045446407407407574,272,272.0,0.760220074074074,-0.045446407407407574
273,273.0,1.3766666666666667,0.01486179441835113,1.0722599444444445,0.022188029446786845,0.0,0.0,1.2521366666666667,0.03181080686391542,0.9989500740740741,0.018518111261142174,0.0,0.0,1.3845833333333335,0.008166500678585271,1.0605130185185185,0.018673162654057482,0.0,0.0,1.3806250000000002,1.0663864814814814,-0.12848833333333354,-0.0674364074074073,273,273.0,0.9989500740740741,-0.0674364074074073
274,274.0,1.4708033333333332,0.04739336064612146,1.166396611111111,0.041987971110232315,0.0,0.0,1.3300166666666666,0.031161001802466778,1.0768300740740742,0.03154703112835466,0.0,0.0,1.5704933333333333,0.004377583046994457,1.2464230185185186,0.014307152995555013,0.6666666666666666,0.0,1.5206483333333334,1.2064098148148148,-0.19063166666666675,-0.12957974074074063,274,274.0,1.0768300740740742,-0.12957974074074063
275,275.0,0.9163399999999999,0.05312531976374354,0.6119332777777777,0.05753293834992198,0.0,0.0,0.7907299999999999,0.01681389009123114,0.5375434074074074,0.02969765316289734,0.0,0.0,0.9591866666666666,0.08291026554856361,0.6351163518518518,0.07582028205264031,0.0,0.0,0.9377633333333333,0.6235248148148147,-0.14703333333333335,-0.08598140740740734,275,275.0,0.5375434074074074,-0.08598140740740734
276,276.0,-0.002563333333333334,0.022101260899173452,-0.3069700555555555,0.015043846496097628,0.0,0.0,-0.13564,0.04249565507201884,-0.3888265925925926,0.030165992378198402,0.0,0.0,0.001243333333333333,0.01953184408429817,-0.3228269814814815,0.013562190996148015,0.0,0.0,-0.0006600000000000005,-0.31489851851851847,-0.13498000000000002,-0.07392807407407415,276,276.0,-0.3888265925925926,-0.07392807407407415
277,277.0,-0.27767000000000003,0.032360431084891325,-0.5820767222222222,0.033398568135614114,0.0,0.0,-0.31615333333333334,0.046894972367337334,-0.569339925925926,0.03559097153324204,0.0,0.0,-0.19441666666666668,0.024044594680163213,-0.5184869814814815,0.030411444257683985,0.0,0.0,-0.23604333333333335,-0.5502818518518519,-0.08010999999999999,-0.019058074074074116,277,277.0,-0.569339925925926,-0.019058074074074116
278,278.0,-0.11431999999999999,0.0004629254799641034,-0.4187267222222222,0.008937777045175097,0.0,0.0,-0.26033333333333336,0.04682798557842665,-0.5135199259259259,0.03302487429048391,0.0,0.0,-0.08158666666666667,0.012146194191323189,-0.40565698148148144,0.012197604371095822,0.0,0.0,-0.09795333333333334,-0.4121918518518518,-0.16238000000000002,-0.10132807407407407,278,278.0,-0.5135199259259259,-0.10132807407407407
279,279.0,0.09018999999999999,0.03820259546156518,-0.2142167222222222,0.03447445902658846,0.0,0.0,-0.02956333333333333,0.036489223523299766,-0.2827499259259259,0.02259981908020103,0.0,0.0,0.09873333333333334,0.010118875102170858,-0.22533698148148149,0.002526486615044291,0.0,0.0,0.09446166666666667,-0.21977685185185186,-0.124025,-0.06297307407407404,279,279.0,-0.2827499259259259,-0.06297307407407404
280,280.0,0.47084333333333334,0.023197772163148184,0.1664366111111111,0.01797655513774456,0.0,0.0,0.3742566666666667,0.015248594470748228,0.12107007407407407,0.006393673019481126,0.0,0.0,0.4987566666666667,0.011127139494647,0.17468635185185186,0.006798166316305161,0.0,0.0,0.4848,0.17056148148148148,-0.11054333333333333,-0.049491407407407415,280,280.0,0.12107007407407407,-0.049491407407407415
281,281.0,0.9454133333333333,0.0064786829937366775,0.6410066111111111,0.006868977819664092,0.0,0.0,0.8789699999999999,0.006240777195189689,0.6257834074074075,0.015500921300410555,0.0,0.0,0.9914566666666667,0.006061825907540799,0.6673863518518518,0.015721382289655056,0.0,0.0,0.9684349999999999,0.6541964814814815,-0.08946500000000002,-0.028413074074074007,281,281.0,0.6257834074074075,-0.028413074074074007
282,282.0,1.2271733333333332,0.011739635144813236,0.9227666111111112,0.002978218363446594,0.0,0.0,1.20502,0.028259534674159113,0.9518334074074074,0.032272346040213784,0.0,0.0,1.2592966666666667,0.00932882807931055,0.9352263518518519,0.0012047430513191465,0.0,0.0,1.2432349999999999,0.9289964814814815,-0.03821499999999989,0.0228369259259259,282,282.0,0.9518334074074074,0.0228369259259259
283,283.0,1.44151,0.024412801969458543,1.1371032777777776,0.015671873005778804,0.0,0.0,1.4497466666666667,0.0059246462622955486,1.196560074074074,0.014215153444751197,0.0,0.0,1.4997566666666666,0.014477169382629126,1.1756863518518517,0.008288112671352573,0.0,0.0,1.4706333333333332,1.1563948148148147,-0.020886666666666498,0.0401652592592594,283,283.0,1.196560074074074,0.0401652592592594
284,284.0,1.47227,0.04523374735747643,1.167863277777778,0.03674153839333981,0.0,0.0,1.3987633333333331,0.047230695880257,1.1455767407407407,0.041171065775462326,0.0,0.0,1.54077,0.009872066652935387,1.2166996851851852,0.008528163998779079,0.0,0.0,1.50652,1.1922814814814817,-0.10775666666666694,-0.046704740740741046,284,284.0,1.1455767407407407,-0.046704740740741046
285,285.0,0.8480233333333334,0.06269023714529506,0.543616611111111,0.07146148920656749,0.0,0.0,0.7723366666666666,0.04405950673048137,0.5191500740740741,0.03099829078105285,0.0,0.0,0.8324199999999999,0.06417738230872305,0.5083496851851852,0.05567532182036473,0.0,0.0,0.8402216666666666,0.5259831481481481,-0.06788500000000008,-0.006833074074073964,285,285.0,0.5191500740740741,-0.006833074074073964
286,286.0,-0.19305333333333333,0.027867515736666112,-0.49746005555555556,0.03456784501621141,0.0,0.0,-0.21942000000000003,0.023353699920997523,-0.47260659259259263,0.016081898452240923,0.0,0.0,-0.11826333333333333,0.038004055485346994,-0.44233364814814813,0.04726000145751316,0.0,0.0,-0.15565833333333334,-0.4698968518518518,-0.06376166666666669,-0.002709740740740818,286,286.0,-0.47260659259259263,-0.002709740740740818
287,287.0,-0.34957,0.012639810125156152,-0.6539767222222223,0.021410571964396313,0.0,0.0,-0.34317,0.02055632992535391,-0.5963565925925925,0.005715714113581032,0.0,0.0,-0.24367333333333333,0.03184381310919491,-0.5677436481481482,0.024934094356428006,0.0,0.0,-0.2966216666666667,-0.6108601851851851,-0.0465483333333333,0.014503592592592596,287,287.0,-0.5963565925925925,0.014503592592592596
288,288.0,-0.12204999999999999,0.033549570787120356,-0.42645672222222225,0.02515112552503223,0.0,0.0,-0.20658333333333334,0.016245569652472435,-0.45976992592592597,0.008242360180598023,0.0,0.0,-0.07234666666666667,0.020533475919418353,-0.39641698148148147,0.014157228028442981,0.0,0.0,-0.09719833333333333,-0.41143685185185186,-0.10938500000000001,-0.04833307407407411,288,288.0,-0.45976992592592597,-0.04833307407407411
289,289.0,0.15614666666666666,0.034980898120736306,-0.14826005555555555,0.026244432280609204,0.0,0.0,0.06322333333333334,0.011827122783387909,-0.18996325925925928,0.003662671213852244,0.0,0.0,0.15179666666666666,0.011432149112626784,-0.17227364814814816,0.004693151894898635,0.0,0.0,0.15397166666666667,-0.16026685185185185,-0.09074833333333333,-0.02969640740740742,289,289.0,-0.18996325925925928,-0.02969640740740742
290,290.0,0.6212766666666667,0.011958571542342934,0.31686994444444444,0.010855716039556384,0.0,0.0,0.5620733333333333,0.011649246041411158,0.30888674074074074,0.007061428237553309,0.0,0.0,0.6321,0.003440218016347228,0.3080296851851852,0.007151070710123291,0.0,0.0,0.6266883333333333,0.3124498148148148,-0.06461499999999998,-0.0035630740740740796,290,290.0,0.30888674074074074,-0.0035630740740740796
291,291.0,1.0125733333333333,0.011885744963330332,0.708166611111111,0.018745722257456562,0.0,0.0,0.9896533333333334,0.024427902761664406,0.7364667407407407,0.009359325318674479,0.0,0.0,1.0355,0.02340959632287577,0.7114296851851852,0.023513148362401246,0.0,0.0,1.0240366666666667,0.7097981481481481,-0.03438333333333332,0.026668592592592577,291,291.0,0.7364667407407407,0.026668592592592577
292,292.0,1.2640166666666666,0.01722365911568535,0.9596099444444445,0.013832175259088749,0.0,0.0,1.2312,0.002048609284368251,0.9780134074074075,0.013300437317178377,0.0,0.0,1.2532966666666667,0.026745295536473982,0.9292263518518519,0.022606193804347134,0.0,0.0,1.2586566666666665,0.9444181481481482,-0.027456666666666463,0.033595259259259325,292,292.0,0.9780134074074075,0.033595259259259325
293,293.0,1.50452,0.01693834997867263,1.2001132777777779,0.016022919215171877,0.0,0.0,1.5002133333333332,0.01861226029619537,1.2470267407407407,0.022527156620860647,1.0,0.0,1.539043333333333,0.010503143973750633,1.2149730185185186,0.004369358509285405,0.0,0.0,1.5217816666666666,1.2075431481481482,-0.02156833333333341,0.03948359259259249,293,293.0,1.2470267407407407,0.03948359259259249
294,294.0,1.63566,0.033761917895759413,1.331253277777778,0.035850601926735615,1.0,0.0,1.67519,0.0930070196275529,1.4220034074074075,0.07822652161117576,1.0,0.0,1.7082333333333333,0.021590188357986418,1.3841630185185185,0.0126117404144972,1.0,0.0,1.6719466666666665,1.357708148148148,0.003243333333333487,0.06429525925925939,294,294.0,1.4220034074074075,0.06429525925925939
295,295.0,1.2149633333333334,0.08760982669388934,0.9105566111111111,0.07978145782670115,0.0,0.0,1.1994433333333332,0.06355513380784696,0.9462567407407407,0.06562875543860917,0.0,0.0,1.23572,0.04298596398826024,0.9116496851851852,0.037632023413445057,0.0,0.0,1.2253416666666666,0.9111031481481482,-0.025898333333333357,0.03515359259259254,295,295.0,0.9462567407407407,0.03515359259259254
296,296.0,0.13555999999999999,0.08002417822133508,-0.16884672222222222,0.08628576328210769,0.0,0.0,0.21126,0.09072602052333167,-0.04192659259259257,0.09400685159749067,0.0,0.0,0.08665,0.03558833095271539,-0.23742031481481482,0.028191923431111036,0.0,0.0,0.111105,-0.20313351851851852,0.10015500000000001,0.16120692592592595,296,296.0,-0.04192659259259257,0.16120692592592595
297,297.0,-0.3339033333333334,0.0009235980366660113,-0.6383100555555555,0.009505878745885654,0.0,0.0,-0.22541333333333333,0.04788340143863355,-0.47859992592592593,0.03374449904489847,0.0,0.0,-0.2933733333333333,0.014359541543285202,-0.6174436481481481,0.007561046388322723,0.0,0.0,-0.31363833333333335,-0.6278768518518518,0.08822500000000003,0.1492769259259259,297,297.0,-0.47859992592592593,0.1492769259259259
298,298.0,-0.23081333333333331,0.018447884250865562,-0.5352200555555556,0.023250852222334036,0.0,0.0,-0.17891333333333334,0.018530335488957914,-0.4320999259259259,0.005976901855573025,0.0,0.0,-0.22572666666666666,0.01444498644282277,-0.5497969814814815,0.01320648620751682,0.0,0.0,-0.22826999999999997,-0.5425085185185186,0.04935666666666663,0.11040859259259267,298,298.0,-0.4320999259259259,0.11040859259259267
299,299.0,-0.07895999999999999,0.01568722091385214,-0.3833667222222222,0.014272531082791844,0.0,0.0,-0.00353,0.01795729378275023,-0.25671659259259255,0.005214213858437575,0.0,0.0,-0.08360000000000001,0.007774773308592349,-0.4076703148148148,0.005815799130249039,0.0,0.0,-0.08127999999999999,-0.3955185185185185,0.07774999999999999,0.13880192592592594,299,299.0,-0.25671659259259255,0.13880192592592594
300,300.0,0.32354666666666665,0.018081156858269148,0.019139944444444446,0.009891133355931218,0.0,0.0,0.3818966666666667,0.03325136588673214,0.1287100740740741,0.018193868021092446,0.0,0.0,0.30554333333333333,0.013740776300243503,-0.01852698148148148,0.0034604064716924894,0.0,0.0,0.31454499999999996,0.00030648148148148223,0.06735166666666675,0.1284035925925926,300,300.0,0.1287100740740741,0.1284035925925926
301,301.0,0.80593,0.03857756342746389,0.5015232777777778,0.030839296930635866,0.0,0.0,0.8608933333333333,0.041988525019740014,0.6077067407407407,0.027680096466970335,0.0,0.0,0.7790933333333333,0.020789021942682433,0.4550230185185185,0.011838199628715934,0.0,0.0,0.7925116666666667,0.47827314814814814,0.06838166666666656,0.12943359259259257,301,301.0,0.6077067407407407,0.12943359259259257
302,302.0,1.0285433333333334,0.041383637265631136,0.7241366111111112,0.032640855707028224,0.0,0.0,1.1308366666666667,0.01879265902775163,0.877650074074074,0.006782067016284521,0.0,0.0,1.0151999999999999,0.005277726783379322,0.6911296851851851,0.0067999025990626676,0.0,0.0,1.0218716666666667,0.7076331481481482,0.10896499999999998,0.17001692592592588,302,302.0,0.877650074074074,0.17001692592592588
303,303.0,1.2064633333333334,0.020103294091599333,0.902056611111111,0.026647712809051784,0.0,0.0,1.2996,0.03681336306288784,1.0464134074074074,0.02575745065985468,0.0,0.0,1.18449,0.009570203759586275,0.8604196851851853,0.02006899592852022,0.0,0.0,1.1954766666666667,0.8812381481481482,0.10412333333333335,0.16517525925925924,303,303.0,1.0464134074074074,0.16517525925925924
304,304.0,1.2047700000000001,0.020939300370356254,0.9003632777777778,0.020674818665289276,0.0,0.0,1.29538,0.026684579816815594,1.0421934074074075,0.015356298040050486,0.0,0.0,1.1625366666666668,0.0015869887628251749,0.8384663518518519,0.008929565622615194,0.0,0.0,1.1836533333333334,0.8694148148148149,0.11172666666666653,0.17277859259259265,304,304.0,1.0421934074074075,0.17277859259259265
305,305.0,0.39460999999999996,0.011880542916887255,0.0902032777777778,0.019931718988652022,0.0,0.0,0.44003333333333333,0.057751655676121824,0.18684674074074073,0.043910376258904454,0.0,0.0,0.32147333333333333,0.06671816269452668,-0.0025969814814814827,0.060107813893077865,0.0,0.0,0.35804166666666665,0.04380314814814816,0.08199166666666668,0.14304359259259258,305,305.0,0.18684674074074073,0.14304359259259258
306,306.0,-0.6507566666666666,0.021330687596355924,-0.9551633888888889,0.015625918840835237,0.0,0.0,-0.5674433333333334,0.021801408975874327,-0.820629925925926,0.01041341211622123,0.0,0.0,-0.6758033333333332,0.024892256493402355,-0.9998736481481482,0.030352320261623194,0.0,0.0,-0.6632799999999999,-0.9775185185185185,0.09583666666666646,0.15688859259259247,306,306.0,-0.820629925925926,0.15688859259259247
307,307.0,-0.7107366666666666,0.016038782164906833,-1.015143388888889,0.008778261575450875,0.0,0.0,-0.6039333333333333,0.034383121343667014,-0.8571199259259258,0.01927722852694446,0.0,0.0,-0.72111,0.012210049139950295,-1.0451803148148147,0.0050090114982970155,0.0,0.0,-0.7159233333333332,-1.0301618518518518,0.11198999999999992,0.17304192592592604,307,307.0,-0.8571199259259258,0.17304192592592604
308,308.0,-0.49426,0.014162383274011467,-0.7986667222222223,0.008782760301252659,0.0,0.0,-0.3936466666666667,0.033464390526847104,-0.6468332592592593,0.01866592752639906,0.0,0.0,-0.5098866666666667,0.014494158593493218,-0.8339569814814816,0.004122615796419389,0.0,0.0,-0.5020733333333334,-0.816311851851852,0.10842666666666667,0.16947859259259268,308,308.0,-0.6468332592592593,0.16947859259259268
309,309.0,-0.2242833333333333,0.01327500784682757,-0.5286900555555555,0.005555965328498875,0.0,0.0,-0.11654666666666667,0.022306963785628322,-0.3697332592592592,0.01104831233360019,0.0,0.0,-0.2492466666666667,0.013835629126763041,-0.5733169814814815,0.0033196161766749794,0.0,0.0,-0.236765,-0.5510035185185185,0.12021833333333333,0.18127025925925927,309,309.0,-0.3697332592592592,0.18127025925925927
310,310.0,0.27085333333333333,0.012511156354763287,-0.03355338888888889,0.004297715434239908,0.0,0.0,0.37033,0.025031797778026256,0.1171434074074074,0.011327288537243463,0.0,0.0,0.24731333333333336,0.013245762844522523,-0.07675698148148147,0.0032477189267405776,0.0,0.0,0.25908333333333333,-0.05515518518518518,0.11124666666666666,0.1722985925925926,310,310.0,0.1171434074074074,0.1722985925925926
311,311.0,0.6874566666666667,0.015295032962806368,0.3830499444444444,0.006603950388326802,0.0,0.0,0.7939666666666666,0.02036037655185519,0.5407800740740741,0.00529657700910452,0.0,0.0,0.6688833333333334,0.012526668884158,0.34481301851851853,0.00659857262800895,0.0,0.0,0.67817,0.36393148148148147,0.11579666666666655,0.17684859259259267,311,311.0,0.5407800740740741,0.17684859259259267
312,312.0,0.9164633333333333,0.009536825118105781,0.6120566111111111,0.017750257405280183,0.0,0.0,1.0313433333333333,0.029480307551539072,0.7781567407407408,0.014868259663483848,0.0,0.0,0.90159,0.017120943315133075,0.5775196851851851,0.008521720944547473,0.0,0.0,0.9090266666666666,0.5947881481481481,0.12231666666666663,0.18336859259259275,312,312.0,0.7781567407407408,0.18336859259259275
313,313.0,1.1411133333333334,0.016452696840741153,0.8367066111111111,0.007983145241927132,0.0,0.0,1.2446466666666667,0.049054229515234846,0.991460074074074,0.03809991913394801,0.0,0.0,1.1281733333333335,0.025490979450255243,0.8041030185185186,0.02119971562713883,0.0,0.0,1.1346433333333334,0.8204048148148149,0.11000333333333323,0.17105525925925913,313,313.0,0.991460074074074,0.17105525925925913
314,314.0,1.2078433333333334,0.009850209811640183,0.9034366111111112,0.0011883467312630378,0.0,0.0,1.3208833333333334,0.03031277178572321,1.0676967407407407,0.029043484216271148,0.0,0.0,1.20697,0.006755272015248536,0.8828996851851852,0.004527421521629819,0.0,0.0,1.2074066666666667,0.8931681481481482,0.11347666666666667,0.17452859259259257,314,314.0,1.0676967407407407,0.17452859259259257
315,315.0,0.6130599999999999,0.026159283247061668,0.30865327777777773,0.01748834398037526,0.0,0.0,0.75414,0.04516208254719882,0.5009534074074075,0.030017742513486424,0.0,0.0,0.6149933333333334,0.02430554326348894,0.2909230185185185,0.029230602825813246,0.0,0.0,0.6140266666666667,0.29978814814814814,0.1401133333333333,0.20116525925925932,315,315.0,0.5009534074074075,0.20116525925925932
316,316.0,-0.31716,0.01604728014337633,-0.6215667222222222,0.01602241737408122,0.0,0.0,-0.20578,0.015838232224588703,-0.4589665925925926,0.002988958113785983,0.0,0.0,-0.3202933333333333,0.010054657295668172,-0.6443636481481482,0.02034126750906286,0.0,0.0,-0.31872666666666666,-0.6329651851851852,0.11294666666666667,0.1739985925925926,316,316.0,-0.4589665925925926,0.1739985925925926
317,317.0,-0.4790033333333334,0.009839031117611807,-0.7834100555555557,0.003361451184356911,0.0,0.0,-0.3618966666666667,0.036146911809078995,-0.6150832592592592,0.02092727264649611,0.0,0.0,-0.48049000000000003,0.024181941609391095,-0.8045603148148149,0.014520230870182664,0.0,0.0,-0.4797466666666667,-0.7939851851851853,0.11785000000000001,0.17890192592592613,317,317.0,-0.6150832592592592,0.17890192592592613
318,318.0,-0.35133666666666663,0.014887109636639785,-0.6557433888888888,0.006122302504262872,0.0,0.0,-0.24788333333333332,0.018795213043041915,-0.5010699259259259,0.004519498400392713,0.0,0.0,-0.3522733333333334,0.015906898922584917,-0.6763436481481482,0.005915187255205501,0.0,0.0,-0.35180500000000003,-0.6660435185185185,0.10392166666666672,0.1649735925925926,318,318.0,-0.5010699259259259,0.1649735925925926
319,319.0,-0.12573,0.00981217101359327,-0.43013672222222227,0.014508741221849407,0.0,0.0,-0.02231,0.020560868172331635,-0.27549659259259257,0.006435649457459624,0.0,0.0,-0.1403,0.011742269797615794,-0.46437031481481483,0.0039938889528690616,0.0,0.0,-0.133015,-0.4472535185185186,0.110705,0.171756925925926,319,319.0,-0.27549659259259257,0.171756925925926
320,320.0,0.28693,0.0012510795338426743,-0.017476722222222203,0.007941367336669777,0.0,0.0,0.38104000000000005,0.02882948664128447,0.12785340740740744,0.015018380129597143,0.0,0.0,0.2607,0.019612299712170427,-0.0633703148148148,0.01039472258306881,0.0,0.0,0.27381500000000003,-0.0404235185185185,0.10722500000000001,0.16827692592592594,320,320.0,0.12785340740740744,0.16827692592592594
321,321.0,0.7745966666666666,0.005548561375107333,0.47018994444444445,0.012415468338520863,0.0,0.0,0.8775966666666667,0.022254878865842716,0.624410074074074,0.008132686532480907,0.0,0.0,0.7495933333333333,0.0169779160480117,0.42552301851851854,0.006477523545512158,0.0,0.0,0.762095,0.4478564814814815,0.11550166666666672,0.1765535925925925,321,321.0,0.624410074074074,0.1765535925925925
322,322.0,1.0386533333333332,0.014400126156854742,0.7342466111111111,0.006259086298097857,0.0,0.0,1.1824366666666668,0.019073010599623033,0.9292500740740741,0.007933341051259356,0.0,0.0,1.0052933333333334,0.008941864086046839,0.6812230185185185,0.006257514207769947,0.0,0.0,1.0219733333333334,0.7077348148148148,0.1604633333333334,0.2215152592592593,322,322.0,0.9292500740740741,0.2215152592592593
323,323.0,1.2491666666666668,0.03430645177416828,0.9447599444444444,0.025532605998307634,0.0,0.0,1.3990599999999997,0.02335728794188224,1.1458734074074073,0.011666420642423599,0.0,0.0,1.2427400000000002,0.016051467222656036,0.9186696851851853,0.006818703022737836,0.0,0.0,1.2459533333333335,0.9317148148148149,0.15310666666666628,0.2141585925925924,323,323.0,1.1458734074074073,0.2141585925925924
324,324.0,1.3257233333333334,0.022206524566742363,1.0213166111111112,0.030966544145045245,0.0,0.0,1.4300733333333333,0.03206502507925619,1.1768867407407408,0.01679928857219519,0.0,0.0,1.2764466666666667,0.01862778122411076,0.9523763518518519,0.012044081164517254,0.0,0.0,1.301085,0.9868464814814815,0.12898833333333326,0.19004025925925938,324,324.0,1.1768867407407408,0.19004025925925938
325,325.0,0.6484800000000001,0.017082221752453643,0.34407327777777774,0.016303623068996832,0.0,0.0,0.7849333333333334,0.02656192450356963,0.5317467407407407,0.0322907742135377,0.0,0.0,0.6407266666666667,0.03399765923314922,0.31665635185185187,0.043311804825112,0.0,0.0,0.6446033333333334,0.33036481481481483,0.14032999999999995,0.20138192592592585,325,325.0,0.5317467407407407,0.20138192592592585
326,326.0,-0.28546333333333335,0.03064821256343239,-0.5898700555555556,0.022614145957743987,0.0,0.0,-0.17231333333333332,0.019062681693123168,-0.42549992592592595,0.021219176539474235,0.0,0.0,-0.31032333333333334,0.0254925564299333,-0.6343936481481481,0.015404594507185594,0.0,0.0,-0.29789333333333334,-0.6121318518518519,0.12558000000000002,0.18663192592592598,326,326.0,-0.42549992592592595,0.18663192592592598
327,327.0,-0.39668666666666663,0.008558979689970861,-0.7010933888888888,0.008785056988263451,0.0,0.0,-0.30616333333333334,0.03051614381492743,-0.5593499259259259,0.01525322547718412,0.0,0.0,-0.3817966666666666,0.05877402005421557,-0.7058669814814814,0.04853835341372839,0.0,0.0,-0.3892416666666666,-0.7034801851851851,0.08307833333333325,0.14413025925925915,327,327.0,-0.5593499259259259,0.14413025925925915
328,328.0,-0.21075333333333335,0.016751944165777684,-0.5151600555555556,0.012377303249556501,0.0,0.0,-0.18802666666666668,0.01796044914063492,-0.44121325925925925,0.005919919282361123,0.0,0.0,-0.2429233333333333,0.021271733200031746,-0.5669936481481481,0.031597527768758696,0.0,0.0,-0.2268383333333333,-0.5410768518518518,0.03881166666666663,0.09986359259259259,328,328.0,-0.44121325925925925,0.09986359259259259
329,329.0,0.04146333333333333,0.0213665751428097,-0.26294338888888885,0.012610523368217951,0.0,0.0,0.08124666666666668,0.04346034092518527,-0.1719399259259259,0.02847983291758178,0.0,0.0,-0.013693333333333333,0.028194817490690256,-0.33776364814814813,0.03865600388164147,0.0,0.0,0.013884999999999998,-0.3003535185185185,0.06736166666666668,0.12841359259259258,329,329.0,-0.1719399259259259,0.12841359259259258
330,330.0,0.5284633333333333,0.02088836119309827,0.22405661111111108,0.013140699041034232,0.0,0.0,0.5740366666666666,0.03105444627317209,0.32085007407407407,0.01607191483136678,0.0,0.0,0.4790033333333333,0.017949934076016354,0.1549330185185185,0.025448226562406154,0.0,0.0,0.5037333333333333,0.18949481481481478,0.07030333333333338,0.13135525925925928,330,330.0,0.32085007407407407,0.13135525925925928
331,331.0,0.94816,0.004650580608913231,0.6437532777777778,0.004252131055042745,0.0,0.0,1.0094633333333334,0.019365604388537294,0.7562767407407408,0.008493161326012291,0.0,0.0,0.9155700000000001,0.024316076986224542,0.5914996851851851,0.01907201519740557,0.0,0.0,0.931865,0.6176264814814815,0.07759833333333332,0.13865025925925933,331,331.0,0.7562767407407408,0.13865025925925933
332,332.0,1.2014166666666666,0.016549532722507043,0.8970099444444445,0.01483973143506353,0.0,0.0,1.2609466666666667,0.00596033835728594,1.007760074074074,0.010457525159320354,0.0,0.0,1.18201,0.046600054720997854,0.8579396851851852,0.0380124498402396,0.0,0.0,1.1917133333333334,0.8774748148148148,0.06923333333333326,0.13028525925925916,332,332.0,1.007760074074074,0.13028525925925916
333,333.0,1.4527366666666666,0.007112189067603066,1.1483299444444446,0.006881990559773818,0.0,0.0,1.5197433333333334,0.011836605650833085,1.2665567407407408,0.00871356884906807,1.0,0.0,1.4455566666666666,0.017135604259358152,1.1214863518518519,0.008150611632654809,0.0,0.0,1.4491466666666666,1.1349081481481482,0.07059666666666686,0.13164859259259254,333,333.0,1.2665567407407408,0.13164859259259254
334,334.0,1.5864466666666666,0.012170132839592705,1.2820399444444444,0.0061485755042514955,1.0,0.0,1.663433333333333,0.01168998859423463,1.4102467407407406,0.012494479531141562,1.0,0.0,1.5272199999999998,0.04166758572319738,1.203149685185185,0.036126843225887446,0.0,0.0,1.556833333333333,1.2425948148148147,0.10660000000000003,0.16765192592592593,334,334.0,1.4102467407407406,0.16765192592592593
335,335.0,1.1784266666666667,0.04385758923303159,0.8740199444444444,0.03509190401500243,0.0,0.0,1.2338366666666667,0.03733928940584335,0.9806500740740741,0.05175563535835208,0.0,0.0,1.1121400000000001,0.007780019280181775,0.7880696851851853,0.01471248783898551,0.0,0.0,1.1452833333333334,0.8310448148148148,0.08855333333333326,0.14960525925925927,335,335.0,0.9806500740740741,0.14960525925925927
336,336.0,0.09832999999999999,0.015766480266692365,-0.2060767222222222,0.024493835350469815,0.0,0.0,0.20715333333333333,0.12621646181593482,-0.04603325925925925,0.11095326339339012,0.0,0.0,0.022869999999999998,0.09804786739139205,-0.30120031481481485,0.0894685414782516,0.0,0.0,0.060599999999999994,-0.25363851851851854,0.14655333333333334,0.2076052592592593,336,336.0,-0.04603325925925925,0.2076052592592593
337,337.0,-0.3206366666666667,0.01626889465616314,-0.6250433888888889,0.007504907924398815,0.0,0.0,-0.32292666666666664,0.021754715197706758,-0.5761132592592593,0.006689185499222193,0.0,0.0,-0.35799000000000003,0.021091948700866878,-0.6820603148148149,0.01058056678124066,0.0,0.0,-0.33931333333333336,-0.6535518518518519,0.016386666666666716,0.07743859259259267,337,337.0,-0.5761132592592593,0.07743859259259267
338,338.0,-0.2951066666666667,0.020938993130839252,-0.5995133888888889,0.01216639982165521,0.0,0.0,-0.23344,0.014971903686572384,-0.48662659259259256,0.027372972244439506,0.0,0.0,-0.34045333333333333,0.02007244213675389,-0.6645236481481481,0.029884962708651288,0.0,0.0,-0.31778,-0.6320185185185185,0.08434,0.14539192592592598,338,338.0,-0.48662659259259256,0.14539192592592598
339,339.0,-0.16526333333333332,0.006254840792005293,-0.4696700555555555,0.004102471498761184,0.0,0.0,-0.05578333333333333,0.04386028993672218,-0.3089699259259259,0.05483175242616714,0.0,0.0,-0.18782666666666667,0.06051880231244943,-0.5118969814814814,0.056250068843458116,0.0,0.0,-0.176545,-0.4907835185185185,0.12076166666666668,0.18181359259259255,339,339.0,-0.3089699259259259,0.18181359259259255
340,340.0,0.20318666666666665,0.015506303019525096,-0.10122005555555556,0.011958382376593184,0.0,0.0,0.31326000000000004,0.012543635836550753,0.060073407407407416,0.01140199127566811,0.0,0.0,0.20141333333333333,0.035022638868785046,-0.12265698148148148,0.02484489604200869,0.0,0.0,0.20229999999999998,-0.11193851851851852,0.11096000000000006,0.17201192592592593,340,340.0,0.060073407407407416,0.17201192592592593
341,341.0,0.6903066666666667,0.016323631131991853,0.3858999444444444,0.008817367373436844,0.0,0.0,0.7987033333333334,0.03883009957923536,0.5455167407407407,0.02380898029406141,0.0,0.0,0.6847933333333334,0.02885781061226463,0.36072301851851857,0.02549045921526104,0.0,0.0,0.6875500000000001,0.3733114814814815,0.11115333333333333,0.17220525925925922,341,341.0,0.5455167407407407,0.17220525925925922
342,342.0,0.9392900000000001,0.023351297608484204,0.6348832777777779,0.014800391160684198,0.0,0.0,1.0374166666666667,0.028177977807737252,0.784230074074074,0.01576758586862576,0.0,0.0,0.91325,0.00861110329748749,0.5891796851851852,0.01909602162816657,0.0,0.0,0.92627,0.6120314814814816,0.11114666666666662,0.1721985925925924,342,342.0,0.784230074074074,0.1721985925925924
343,343.0,1.1200533333333333,0.04006548431422408,0.8156466111111111,0.031702502287469965,0.0,0.0,1.14151,0.02262183237494254,0.8883234074074075,0.019804793051889914,0.0,0.0,1.0847366666666667,0.07278915464087578,0.7606663518518518,0.06501785010447964,0.0,0.0,1.102395,0.7881564814814814,0.03911500000000001,0.10016692592592602,343,343.0,0.8883234074074075,0.10016692592592602
344,344.0,1.00362,0.04286433599159092,0.6992132777777776,0.03732946488377854,0.0,0.0,1.0685866666666668,0.008252135077259345,0.815400074074074,0.019773048526046173,0.0,0.0,0.9489566666666667,0.047057031709759715,0.6248863518518518,0.036765211224406916,0.0,0.0,0.9762883333333333,0.6620498148148147,0.09229833333333348,0.15335025925925927,344,344.0,0.815400074074074,0.15335025925925927
345,345.0,0.05786,0.08293835240707402,-0.2465467222222222,0.07513781208669792,0.0,0.0,0.03522,0.05464622310828078,-0.21796659259259257,0.04064335238859788,0.0,0.0,0.14516333333333334,0.056583660480153924,-0.17890698148148151,0.06705019626621701,0.0,0.0,0.10151166666666667,-0.21272685185185186,-0.06629166666666667,-0.0052397407407407115,345,345.0,-0.21796659259259257,-0.0052397407407407115
346,346.0,-0.91695,0.06311516220370506,-1.2213567222222224,0.05978970767205056,0.0,0.6666666666666666,-0.9308066666666667,0.07109143431759793,-1.1839932592592592,0.08188569406583196,0.0,0.3333333333333333,-0.9150366666666666,0.02007301256247632,-1.2391069814814815,0.015129303846964483,0.0,0.6666666666666666,-0.9159933333333333,-1.230231851851852,-0.014813333333333345,0.046238592592592775,346,346.0,-1.1839932592592592,0.046238592592592775
347,347.0,-0.9333066666666667,0.026628579258633628,-1.237713388888889,0.03213509602112682,0.0,0.3333333333333333,-0.91796,0.03453155513439843,-1.1711465925925928,0.019551076982138885,0.0,0.0,-0.96814,0.012624765344353927,-1.292210314814815,0.006567986548492903,0.0,1.0,-0.9507233333333334,-1.264961851851852,0.032763333333333367,0.09381525925925915,347,347.0,-1.1711465925925928,0.09381525925925915
348,348.0,-0.7245900000000001,0.0562198648166286,-1.028996722222222,0.05122462508575266,0.0,0.0,-0.69795,0.04113480399856063,-0.9511365925925924,0.03374508727282259,0.0,0.0,-0.76534,0.009722612817550672,-1.0894103148148149,0.010494485976563772,0.0,0.0,-0.7449650000000001,-1.0592035185185185,0.04701500000000014,0.10806692592592604,348,348.0,-0.9511365925925924,0.10806692592592604
349,349.0,-0.4750566666666667,0.030825022844003423,-0.7794633888888889,0.02260253941382922,0.0,0.0,-0.40205,0.025258707409525155,-0.6552365925925926,0.022315499410483757,0.0,0.0,-0.50167,0.009230910030977472,-0.8257403148148148,0.0040898625446972176,0.0,0.0,-0.4883633333333333,-0.8026018518518518,0.0863133333333333,0.14736525925925925,349,349.0,-0.6552365925925926,0.14736525925925925
350,350.0,0.010133333333333333,0.012975262360867056,-0.2942733888888889,0.005109465199056608,0.0,0.0,0.06344666666666667,0.025057251112868176,-0.18973992592592592,0.022675000005195088,0.0,0.0,-0.005433333333333334,0.004560003654969296,-0.32950364814814814,0.007003545985802993,0.0,0.0,0.0023499999999999992,-0.3118885185185185,0.06109666666666667,0.12214859259259259,350,350.0,-0.18973992592592592,0.12214859259259259
351,351.0,0.41512,0.019589494633604012,0.11071327777777779,0.01508704952962174,0.0,0.0,0.41273,0.02786229710558697,0.15954340740740744,0.016010061022347817,0.0,0.0,0.40234333333333333,0.010349619960816589,0.07827301851851852,0.003398948351148602,0.0,0.0,0.40873166666666666,0.09449314814814816,0.003998333333333326,0.06505025925925928,351,351.0,0.15954340740740744,0.06505025925925928
352,352.0,0.64325,0.0202528985579842,0.33884327777777773,0.011778816232652251,0.0,0.0,0.6299066666666667,0.0306970117981105,0.3767200740740741,0.015436915394672112,0.0,0.0,0.6098233333333333,0.02233418530713248,0.2857530185185185,0.011835061207389834,0.0,0.0,0.6265366666666666,0.3122981481481481,0.003370000000000095,0.064421925925926,352,352.0,0.3767200740740741,0.064421925925926
353,353.0,0.8847866666666667,0.019779275349044844,0.5803799444444444,0.01118856264516653,0.0,0.0,0.88157,0.01034102992936388,0.6283834074074074,0.012119075140976389,0.0,0.0,0.8512166666666666,0.006540828184055396,0.5271463518518518,0.012114321712003662,0.0,0.0,0.8680016666666667,0.5537631481481481,0.013568333333333293,0.0746202592592593,353,353.0,0.6283834074074074,0.0746202592592593
354,354.0,0.9149766666666667,0.01740646527395302,0.6105699444444445,0.008894861760110763,0.0,0.0,0.97225,0.01620848234721563,0.7190634074074075,0.0312811203540725,0.0,0.0,0.8906666666666666,0.01088156391946185,0.5665963518518519,0.008388185904243369,0.0,0.0,0.9028216666666666,0.5885831481481482,0.06942833333333331,0.13048025925925932,354,354.0,0.7190634074074075,0.13048025925925932
355,355.0,0.2833466666666667,0.05400416681454621,-0.02106005555555555,0.04531704064033915,0.0,0.0,0.3285533333333333,0.00740447387282402,0.07536674074074076,0.021766904653591886,0.0,0.0,0.30794,0.017842244813924053,-0.016130314814814823,0.011758745259548769,0.0,0.0,0.29564333333333337,-0.018595185185185187,0.03290999999999994,0.09396192592592595,355,355.0,0.07536674074074076,0.09396192592592595
356,356.0,-0.49166,0.020284112009156325,-0.7960667222222222,0.011925951332112905,0.0,0.0,-0.5594899999999999,0.018258398067738598,-0.8126765925925925,0.007433706272062439,0.0,0.0,-0.57489,0.023533165957856175,-0.8989603148148149,0.019720296483884132,0.0,0.0,-0.5332749999999999,-0.8475135185185185,-0.02621499999999999,0.03483692592592602,356,356.0,-0.8126765925925925,0.03483692592592602
357,357.0,-0.7142533333333333,0.005403464937735158,-1.0186600555555556,0.012974040968981656,0.0,0.0,-0.7372533333333333,0.016144120704867555,-0.990439925925926,0.0161510424229122,0.0,0.0,-0.7509566666666666,0.009460192034696393,-1.0750269814814815,0.01947389528757811,0.0,0.0,-0.732605,-1.0468435185185185,-0.004648333333333365,0.05640359259259253,357,357.0,-0.990439925925926,0.05640359259259253
358,358.0,-0.5810766666666667,0.0226383575670439,-0.8854833888888889,0.031390872844725186,0.0,0.0,-0.61378,0.01990296711548304,-0.8669665925925926,0.008509236226684692,0.0,0.0,-0.6059566666666667,0.011736295554106184,-0.9300269814814816,0.01932875229934231,0.0,0.0,-0.5935166666666667,-0.9077551851851853,-0.0202633333333333,0.04078859259259271,358,358.0,-0.8669665925925926,0.04078859259259271
359,359.0,-0.40094,0.02410593495386562,-0.7053467222222222,0.03160940983593219,0.0,0.0,-0.4129133333333333,0.010345609374673546,-0.6660999259259259,0.017258930979899403,0.0,0.0,-0.40257000000000004,0.017603263901901832,-0.7266403148148148,0.013127350861255922,0.0,0.0,-0.40175500000000003,-0.7159935185185184,-0.01115833333333327,0.04989359259259252,359,359.0,-0.6660999259259259,0.04989359259259252
