:020000040800F2
:1000000000000220F99B0008CD9A0008CF9A000852
:10001000D19A0008D39A0008D59A00080000000081
:1000200000000000000000000000000031EE0008A9
:10003000D79A000800000000C1EE0008C1D40008F3
:10004000499C0008499C0008499C0008499C0008FC
:10005000499C0008499C0008499C0008499C0008EC
:10006000499C0008499C0008499C0008499C0008DC
:10007000D99A0008499C0008E59A0008499C0008A4
:10008000F19A0008FD9A0008099B0008499C0008A5
:10009000499C0008499C0008499C0008499C0008AC
:1000A000499C0008499C0008499C0008499C00089C
:1000B000159B0008499C0008499C0008499C0008C1
:1000C000499C0008219B00082D9B00089D9B00086F
:1000D000499C0008499C0008399B0008459B000882
:1000E000499C0008499C0008499C0008499C00085C
:1000F000499C0008519B0008499C00086D9B000822
:10010000499C0008499C0008499C0008499C00083B
:10011000499C0008499C0008499C0008499C00082B
:10012000799B0008499C0008859B0008919B00086A
:10013000499C00080000000000000000499C0008E5
:10014000499C0008499C0008499C0008499C0008FB
:10015000499C0008499C0008499C0008499C0008EB
:10016000499C0008499C0008499C0008499C0008DB
:10017000499C0008499C00080000000000000000A5
:08018000499C0008499C00089D
:1001900010B5054C237833B9044B13B10448AFF3C1
:1001A00000800123237010BD6000002000000000CB
:1001B0002C11010808B5034B1BB103490348AFF3E9
:1001C000008008BD00000000640000202C11010820
:1001D000034613F8012B002AFBD1181A0138704787
:1001E00001F0FF01102A2BDB10F0070F08D010F8E8
:1001F000013B013A8B422DD010F0070F42B3F6D1EC
:10020000F0B441EA012141EA014122F007047FF004
:1002100000070023F0E80256083C85EA010586EA5B
:10022000010685FA47F5A3FA87F586FA47F6A5FA97
:1002300087F68EB9EED1F0BC01F0FF0102F00702A3
:1002400032B110F8013B013A83EA010313B1F8D14E
:100250000020704701387047002D06BF354603382F
:10026000073815F0010F07D1013015F4807F02BF68
:10027000013015F4C03F0130F0BC0138704700BFB9
:1002800081F0004102E000BF83F0004330B54FEA47
:1002900041044FEA430594EA050F08BF90EA020FB4
:1002A0001FBF54EA000C55EA020C7FEA645C7FEA47
:1002B000655C00F0E2804FEA5454D4EB5555B8BF6A
:1002C0006D420CDD2C4480EA020281EA030382EADB
:1002D000000083EA010180EA020281EA0303362D6D
:1002E00088BF30BD11F0004F4FEA01314FF4801C40
:1002F0004CEA113102D0404261EB410113F0004F52
:100300004FEA03334CEA133302D0524263EB430308
:1003100094EA050F00F0A780A4F10104D5F1200EA6
:100320000DDB02FA0EFC22FA05F2801841F1000101
:1003300003FA0EF2801843FA05F359410EE0A5F1D5
:1003400020050EF1200E012A03FA0EFC28BF4CF006
:10035000020C43FA05F3C01851EBE37101F00045BC
:1003600007D54FF0000EDCF1000C7EEB00006EEBC9
:100370000101B1F5801F1BD3B1F5001F0CD3490853
:100380005FEA30004FEA3C0C04F101044FEA4452AA
:1003900012F5800F80F09A80BCF1004F08BF5FEA31
:1003A000500C50F1000041EB045141EA050130BD11
:1003B0005FEA4C0C404141EB0101013C28BFB1F523
:1003C000801FE9D291F0000F04BF01460020B1FA6E
:1003D00081F308BF2033A3F10B03B3F120020CDA41
:1003E0000C3208DD02F1140CC2F10C0201FA0CF01F
:1003F00021FA02F10CE002F11402D8BFC2F1200C84
:1004000001FA02F120FA0CFCDCBF41EA0C01904039
:10041000E41AA2BF01EB0451294330BD6FEA040482
:100420001F3C1CDA0C340EDC04F11404C4F120026D
:1004300020FA04F001FA02F340EA030021FA04F37F
:1004400045EA030130BDC4F10C04C4F1200220FAD6
:1004500002F001FA04F340EA0300294630BD21FA14
:1004600004F0294630BD94F0000F83F4801306BFDA
:1004700081F480110134013D4EE77FEA645C18BFCE
:100480007FEA655C29D094EA050F08BF90EA020F65
:1004900005D054EA000C04BF1946104630BD91EA5D
:1004A000030F1EBF0021002030BD5FEA545C05D160
:1004B0004000494128BF41F0004130BD14F580049F
:1004C0003CBF01F5801130BD01F0004545F0FE4113
:1004D00041F470014FF0000030BD7FEA645C1ABF48
:1004E000194610467FEA655C1CBF0B46024650EA7F
:1004F000013406BF52EA033591EA030F41F40021AB
:1005000030BD00BF90F0000F04BF0021704730B530
:100510004FF4806404F132044FF000054FF0000105
:1005200050E700BF90F0000F04BF0021704730B5C6
:100530004FF4806404F1320410F0004548BF40429B
:100540004FF000013EE700BF42004FEAE2014FEAF0
:1005500031014FEA02701FBF12F07F4393F07F4FCB
:1005600081F06051704732F07F4208BF704793F0CE
:100570007F4F04BF41F40021704730B54FF46074E1
:1005800001F0004521F000411CE700BF50EA0102E4
:1005900008BF704730B54FF000050AE050EA01028D
:1005A00008BF704730B511F0004502D5404261EBFD
:1005B00041014FF4806404F132045FEA915C3FF43E
:1005C000D8AE4FF003025FEADC0C18BF03325FEADB
:1005D000DC0C18BF033202EBDC02C2F1200300FA8C
:1005E00003FC20FA02F001FA03FE40EA0E0021FAB1
:1005F00002F11444BDE600BF70B54FF0FF0C4CF49F
:10060000E06C1CEA11541DBF1CEA135594EA0C0F50
:1006100095EA0C0F00F0DEF82C4481EA030621EA8B
:100620004C5123EA4C5350EA013518BF52EA0335C6
:1006300041F4801143F4801338D0A0FB02CE4FF078
:100640000005E1FB02E506F00042E0FB03E54FF0A8
:100650000006E1FB03569CF0000F18BF4EF0010EA0
:10066000A4F1FF04B6F5007F64F5407404D25FEA9C
:100670004E0E6D4146EB060642EAC62141EA55514F
:100680004FEAC52040EA5E504FEACE2EB4F1FD0C91
:1006900088BFBCF5E06F1ED8BEF1004F08BF5FEA0F
:1006A000500E50F1000041EB045170BD06F00046C1
:1006B00046EA010140EA020081EA0301B4EB5C046E
:1006C000C2BFD4EB0C0541EA045170BD41F4801166
:1006D0004FF0000E013C00F3AB8014F1360FDEBF8B
:1006E000002001F0004170BDC4F10004203C35DA67
:1006F0000C341BDC04F11404C4F1200500FA05F3EA
:1007000020FA04F001FA05F240EA020001F000428A
:1007100021F0004110EBD37021FA04F642EB060100
:100720005EEA430E08BF20EAD37070BDC4F10C042A
:10073000C4F1200500FA04F320FA05F001FA04F2EE
:1007400040EA020001F0004110EBD37041F10001DA
:100750005EEA430E08BF20EAD37070BDC4F12005E5
:1007600000FA05F24EEA020E20FA04F301FA05F24D
:1007700043EA020321FA04F001F0004121FA04F2F5
:1007800020EA020000EBD3705EEA430E08BF20EAC5
:10079000D37070BD94F0000F0FD101F000464000FF
:1007A00041EB010111F4801F08BF013CF7D041EA81
:1007B000060195F0000F18BF704703F00046520085
:1007C00043EB030313F4801F08BF013DF7D043EA56
:1007D0000603704794EA0C0F0CEA135518BF95EA0C
:1007E0000C0F0CD050EA410618BF52EA4306D1D193
:1007F00081EA030101F000414FF0000070BD50EAB2
:10080000410606BF1046194652EA430619D094EA3B
:100810000C0F02D150EA013613D195EA0C0F05D125
:1008200052EA03361CBF104619460AD181EA030179
:1008300001F0004141F0FE4141F470014FF0000031
:1008400070BD41F0FE4141F4780170BD70B54FF0CC
:10085000FF0C4CF4E06C1CEA11541DBF1CEA13554C
:1008600094EA0C0F95EA0C0F00F0A7F8A4EB05042E
:1008700081EA030E52EA03354FEA013100F0888025
:100880004FEA03334FF0805545EA131343EA1263EE
:100890004FEA022245EA111545EA10654FEA0026A3
:1008A0000EF000419D4208BF964244F1FD0404F55C
:1008B000407402D25B084FEA3202B61A65EB0305B8
:1008C0005B084FEA32024FF480104FF4002CB6EB75
:1008D000020E75EB030E22BFB61A754640EA0C00F5
:1008E0005B084FEA3202B6EB020E75EB030E22BF35
:1008F000B61A754640EA5C005B084FEA3202B6EB76
:10090000020E75EB030E22BFB61A754640EA9C0034
:100910005B084FEA3202B6EB020E75EB030E22BF04
:10092000B61A754640EADC0055EA060E18D04FEAC2
:10093000051545EA16754FEA06164FEAC30343EA62
:1009400052734FEAC2025FEA1C1CC0D111F4801F2F
:100950000BD141EA00014FF000004FF0004CB6E728
:1009600011F4801F04BF01430020B4F1FD0C88BFC7
:10097000BCF5E06F3FF6AFAEB5EB030C04BFB6EBD2
:10098000020C5FEA500C50F1000041EB045170BDC5
:100990000EF0004E4EEA113114EB5C04C2BFD4EBF2
:1009A0000C0541EA045170BD41F480114FF0000E76
:1009B000013C90E645EA060E8DE60CEA135594EAF2
:1009C0000C0F08BF95EA0C0F3FF43BAF94EA0C0FF5
:1009D0000AD150EA01347FF434AF95EA0C0F7FF46A
:1009E00025AF104619462CE795EA0C0F06D152EABE
:1009F00003353FF4FDAE1046194622E750EA4106A2
:100A000018BF52EA43067FF4C5AE50EA41047FF4B2
:100A10000DAF52EA43057FF4EBAE12E74FF0FF3C17
:100A200006E000BF4FF0010C02E000BF4FF0010CE8
:100A30004DF804CD4FEA410C7FEA6C5C4FEA430C61
:100A400018BF7FEA6C5C1BD001B050EA410C0CBFB0
:100A500052EA430C91EA030F02BF90EA020F002012
:100A6000704710F1000F91EA030F58BF994208BF79
:100A700090422CBFD8176FEAE37040F00100704736
:100A80004FEA410C7FEA6C5C02D150EA013C07D18D
:100A90004FEA430C7FEA6C5CD6D152EA033CD3D0D8
:100AA0005DF8040B704700BF8446104662468C46D2
:100AB0001946634600E000BF01B5FFF7B7FF002805
:100AC00048BF10F1000F01BD4DF808EDFFF7F4FF2E
:100AD0000CBF012000205DF808FB00BF4DF808EDB9
:100AE000FFF7EAFF34BF012000205DF808FB00BFDC
:100AF0004DF808EDFFF7E0FF94BF012000205DF8FE
:100B000008FB00BF4DF808EDFFF7CEFF94BF0120B2
:100B100000205DF808FB00BF4DF808EDFFF7C4FFAB
:100B200034BF012000205DF808FB00BF4FEA410CF4
:100B30007FEA6C5C02D150EA013C0AD14FEA430CD7
:100B40007FEA6C5C02D152EA033C02D14FF0000014
:100B500070474FF0010070474A0011D212F50012A1
:100B600011D20DD56FF47873B3EB62520ED44FEA05
:100B7000C12343F0004343EA505323FA02F0704785
:100B80004FF00000704750EA013002D14FF0FF30C3
:100B900070474FF0000070474FEA4102B2F1E04366
:100BA00024BFB3F5001CDCF1FE5C0DD901F0004C54
:100BB0004FEAC0024CEA5070B2F1004F40EB8300A4
:100BC00008BF20F00100704711F0804F21D113F1D0
:100BD0003872BCBF01F00040704741F480114FEA09
:100BE0005252C2F11802C2F1200C10FA0CF320FA92
:100BF00002F018BF40F001004FEAC1234FEAD323AF
:100C000003FA0CFC40EA0C0023FA02F34FEA430318
:100C1000CCE77FEA625307D150EA01331EBF4FF0A1
:100C2000FE4040F44000704701F0004040F0FE40BC
:100C300040F40000704700BF80F0004002E000BFB9
:100C400081F0004142001FBF5FEA410392EA030FB7
:100C50007FEA226C7FEA236C6AD04FEA1262D2EB01
:100C60001363C1BFD218414048404140B8BF5B4206
:100C7000192B88BF704710F0004F40F4000020F09F
:100C80007F4018BF404211F0004F41F4000121F0B5
:100C90007F4118BF494292EA030F3FD0A2F10102FF
:100CA00041FA03FC10EB0C00C3F1200301FA03F13D
:100CB00000F0004302D5494260EB4000B0F5000F60
:100CC00013D3B0F1807F06D340084FEA310102F11F
:100CD0000102FE2A51D2B1F1004F40EBC25008BFD1
:100CE00020F0010040EA03007047490040EB00009B
:100CF000013A28BFB0F5000FEDD2B0FA80FCACF19C
:100D0000080CB2EB0C0200FA0CF0AABF00EBC250C8
:100D100052421843BCBFD0401843704792F0000FB6
:100D200081F4000106BF80F400000132013BB5E709
:100D30004FEA41037FEA226C18BF7FEA236C21D07F
:100D400092EA030F04D092F0000F08BF08467047E4
:100D500090EA010F1CBF0020704712F07F4F04D1B2
:100D6000400028BF40F00040704712F100723CBFC5
:100D700000F50000704700F0004343F0FE4040F4EF
:100D8000000070477FEA226216BF08467FEA2363AD
:100D90000146420206BF5FEA412390EA010F40F498
:100DA000800070474FF0000304E000BF10F00043E4
:100DB00048BF40425FEA000C08BF704743F09643CB
:100DC00001464FF000001CE050EA010208BF7047E6
:100DD0004FF000030AE000BF50EA010208BF70476D
:100DE00011F0004302D5404261EB41015FEA010C82
:100DF00002BF84460146002043F0B64308BFA3F17A
:100E00008053A3F50003BCFA8CF2083AA3EBC2535B
:100E100010DB01FA02FC634400FA02FCC2F120027A
:100E2000BCF1004F20FA02F243EB020008BF20F0B1
:100E30000100704702F1200201FA02FCC2F1200217
:100E400050EA4C0021FA02F243EB020008BF20EA0C
:100E5000DC7070477BB972B90029BEBF00204FF02B
:100E6000004106E008BF00281CBF6FF000414FF0B2
:100E7000FF3000F0D3B9ADF1080C6DE904CE0029C4
:100E800009DB002B1ADB00F04DF8DDF804E0DDE9AA
:100E9000022304B07047404261EB4101002B1BDB91
:100EA00000F040F8DDF804E0DDE9022304B0404240
:100EB00061EB4101524263EB43037047524263EBE3
:100EC000430300F02FF8DDF804E0DDE9022304B06D
:100ED000404261EB41017047524263EB430300F033
:100EE00021F8DDF804E0DDE9022304B0524263EBAF
:100EF0004303704753B94AB9002908BF00281CBFF3
:100F00004FF0FF314FF0FF3000F088B9ADF1080C21
:100F10006DE904CE00F006F8DDF804E0DDE9022317
:100F200004B070472DE9F047089D0F4604468C46F3
:100F3000002B48D18A42164661D9B2FA82F34BB1EE
:100F4000C3F1200201FA03FC20FA02F29E4042EAB9
:100F50000C0C9C404FEA164EB7B2BCFBFEF1220CC3
:100F60000EFB11CC42EA0C4201FB07F0904209D97A
:100F7000B21801F1FF3C80F0EE80904240F2EB802D
:100F800002393244121AA4B2B2FBFEF00EFB102258
:100F900044EA024400FB07F7A74209D9341900F1DB
:100FA000FF3280F0DA80A74240F2D7803444023822
:100FB00040EA0140E41B00211DB1DC400023C5E9EB
:100FC0000043BDE8F0878B4206D90DB1C5E90001A9
:100FD00000210846BDE8F087B3FA83F1002948D123
:100FE000BB4202D3824200F20781841A67EB0302FC
:100FF00001209446002DE4D0C5E9004CE1E7002A29
:1010000000F09280B2FA82F3002B40F0A8808A1A96
:101010004FEA164E1FFA86FC0121200CB2FBFEF7A8
:101020000EFB172240EA02420CFB07F0904207D960
:10103000B21807F1FF3802D2904200F2E280474630
:10104000121AA4B2B2FBFEF00EFB102244EA0244D4
:101050000CFB00FCA44507D9341900F1FF3202D281
:10106000A44500F2CB801046A4EB0C0440EA0740F4
:10107000A2E7C1F120068B4022FA06FC4CEA030CE1
:1010800007FA01F420FA06F3F7404FEA1C4923431C
:1010900000FA01F81FFA8CFEB7FBF9F01C0C09FBF3
:1010A000107744EA074400FB0EF7A74202FA01F268
:1010B0000AD91CEB040400F1FF3A80F09B80A742A0
:1010C00040F2988002386444E41B9FB2B4FBF9F309
:1010D00009FB134447EA044403FB0EFEA64509D965
:1010E0001CEB040403F1FF3780F08280A6457FD912
:1010F000023B644443EA0040A4EB0E04A0FB02E779
:10110000BC427346B94663D360D05DB1B8EB03020D
:1011100064EB090404FA06F622FA01F31E43CC40FC
:10112000C5E9006400214CE76208480842EAC17141
:101130000B0C43EA00438AB242EA0342B3FBF6F1E6
:10114000E407B4463746B6461F23B0FBF6F0D21B81
:1011500041EA004161E7614614E7104628E7C3F120
:10116000200120FA01F29E4027FA01F19F403A4304
:101170004FEA164E1FFA86FCB1FBFEF70EFB171066
:10118000110C41EA004107FB0CF8884504FA03F40E
:101190003AD9711807F1FF3001D288451FD8A1EB69
:1011A0000801B1FBFEF808FB0CF70EFB181192B218
:1011B00042EA0142BA422FD2B21808F1FF31C6D238
:1011C000BA42C4D2A8F102013244C0E7F0459CD231
:1011D000BEEB020367EB0C070138B94695E7A6EBB7
:1011E00008084144B81EB1FBFEF808FB0CF7DCE729
:1011F0003B467FE7504667E70846FBE63444023843
:1012000032E7023F32441BE7A1EB08013846B1FB4D
:10121000FEF808FB0CF7C8E7414698E7704700BFA7
:1012200007F07CBE07F0CEBE07F0EABE004870476C
:1012300000120108004870470C120108004870476E
:10124000291201080B480C4B0C4A10F8011B11B174
:101250004B405343F9E783F0FF03094907485343E1
:1012600011F8012B12B153404343F9E783F0FF0318
:101270005843704700120108C59D1C81930100016D
:101280000C12010808B5054800224FF4006109F06E
:10129000E3F9BDE8084001F09FBE00BF0000024036
:1012A00008B5054800224FF4006109F0D5F9BDE802
:1012B000084001F091BE00BF000002400248012238
:1012C000402109F0C9B900BF0004024002480022D1
:1012D000402109F0C1B900BF0004024037B5002326
:1012E00004460D46ADF80430FFF7F0FFD2238DF829
:1012F000003012488DF801400A23022269460AF0A4
:1013000099FC0446FFF7DAFF34B1032C0CBF02242A
:101310000324204603B030BDFFF7D8FF07480A2357
:10132000022201A90AF023FE0446FFF7C7FF002CA2
:10133000EBD19DF805302B70EBE700BF580600207D
:10134000084B834210B50BD1074C2378012B07D1F2
:10135000064B5A68064B1A60FFF7B0FF0223237052
:1013600010BD00BF5806002080000020001000E0E3
:101370007C000020084B834210B50BD1074C23782A
:10138000012B07D1064B5A68064B1A60FFF796FFF0
:101390000323237010BD00BF5806002080000020EA
:1013A000001000E07C000020004870474012010857
:1013B00007EE900A9FED057A9FED050AF8EE677A31
:1013C00067EE877A27EE800A704700BF0000B443BB
:1013D0000000803713B5044610B9002002B010BDDC
:1013E0000DF107011A20FFF779FF0028F5D19DF8CC
:1013F0000730DA092270C3F380026270C3F340023F
:1014000003F00103A270E3700120E7E72DE9F04744
:1014100007460C4619B100230B604B608B60002F10
:101420006DD0384B5968384B1A68536A1CB1238108
:1014300001232160A372354E317801F0FF0319B109
:1014400003252846BDE8F0873149DFF8C880DFF87A
:10145000D4900B70C9F800304B7088F8003088F8D1
:101460000130012333703CB1264B5B682360536A23
:10147000238140F201136381FFF728FF254A2449A5
:10148000254802230AF010FE054638B1FFF716FF83
:101490000023032D3370D3D10225D2E7DFF864A0F7
:1014A0001E4B1F4A1B68DAF80410B3FBF2F342F23A
:1014B000107253433278012A0ED03378DBB214B164
:1014C000D9F8002062600022022B3270B8D1B8F83F
:1014D00000305BBA3B80B4E7DAF80420521A93423A
:1014E000E8D804230C4833700AF062FEFFF7E6FEEA
:1014F00014B1DAF80430636000233370CCE70125BF
:101500009FE700BF001000E0500500208000002091
:1015100083000020810000205806002000000020E9
:1015200040420F007C00002009B1FFF7D7BE012028
:10153000704700001FB5D723ADF808300023ADF881
:101540000C30FFF7C3FE0A23009303AA022302A96B
:1015500005480AF01CFC0446FFF7B0FEB4FA84F01C
:10156000400904B010BD00BF5806002013B5002389
:10157000044601A80193FFF72DFF30B914B90020EC
:1015800002B010BD01982060F9E79DF805302BB935
:101590009DF8063013B99DF8073033B1FFF7CAFF45
:1015A00001A8FFF717FF0028E8D00CB101982060D0
:1015B0009DF8043063B99DF8050058B99DF80630D0
:1015C0001BB99DF8070080F0010000F00100D7E78B
:1015D0000020FAE71846F8E730B548B100230024A8
:1015E0000025C0E90245C0E90433037043808361EC
:1015F00030BD70B5049D002838D0002D36D0002BAA
:1016000034DB047864B901230370436941800133FA
:10161000C0E902140261436129606C60002070BD62
:1016200044880C1BB4F5004F0CDDA4F5803484EA2B
:10163000E476A6EBE476B3420ADA83690133836188
:101640000420ECE714F5004FB8BF04F58034EEE752
:10165000D0E90236026142694180E31846EBE47446
:101660000132C0E9023442612B60D6E70120D6E79F
:101670002DE9F7430446002800F08680342200213B
:101680000DF0A6FE002001A98DF804008DF80500DC
:101690008DF80600FFF722FE04F10806002843D06B
:1016A00000259DF805209DF8043043EA022363805D
:1016B0004FF000089DF80630A371A4F82A80B146C7
:1016C00020270DF1070138468DF80780FFF706FE49
:1016D00010B18DF8078000259DF8073009F8013F0B
:1016E00013B1638D013363850137FFB2402FE8D119
:1016F000264904F128074FF0FF3316F8012F082080
:10170000534043F300020A40013882EA5303F8D100
:10171000B742F2D1DB43E36225706DBB84F83050F1
:10172000052003B0BDE8F0830DF105010120FFF7AE
:10173000D5FD0028B4D1211D0920FFF7F5FE0028B2
:10174000AED1611D0D20FFF7EFFE0028A8D10DF1ED
:1017500006011A20FFF7C2FD0028A1D1E11D1C20BF
:10176000FFF7E2FE00289BD131461F20FFF7DCFE89
:10177000B0FA80F56D0994E7638D002B14BF022346
:10178000012384F83030CCE70120CAE72083B8ED8C
:10179000024678B103786BB190F8301051B183797B
:1017A00013F0870008D1012908D1538D002B18BFF1
:1017B00003207047012070470220704703207047C4
:1017C00038B505460C46FFF7E3FFE8B9ECB16A8887
:1017D00023889A421BD12A79A3789A4219D16A792F
:1017E000E3789A4217D1AA7923799A4215D1EA79F6
:1017F00063799A4213D12A7AA3799A4211D1EA6A7B
:10180000A3689A4218BF0B2038BD0420FCE70520CE
:10181000FAE70620F8E70720F6E70820F4E70920B2
:10182000F2E70A20F0E700000B289ABF024B53F8BA
:1018300020000248704700BF805701085C12010871
:101840002DE9F04F95B00021342207A80DF0C0FD1E
:10185000012605233E4A8DF8213007A812928DF803
:101860001C608DF84C60FFF793FF3A4A044607CAA4
:1018700004AD85E80700294607A8FFF7A1FF00216E
:10188000039007A8FFF79CFF2946834607A8ADF8F9
:101890001E60FFF795FF00272946824607A8ADF88E
:1018A0001E708DF82060FFF78BFF4FF48061ADF85C
:1018B00020108146294607A8FFF782FF05238DF8EF
:1018C000213029460823804607A88DF82230FFF7EB
:1018D00077FF4FF480710290ADF8221007A82946D7
:1018E000FFF76EFF2946019007A88DF823708DF849
:1018F0002460FFF765FF039A8DF8247001461648AF
:10190000129044EA020010F0FF001ED1BBF1040F58
:10191000029B17D1BAF1050F14D1B9F1060F11D1FD
:10192000B8F1070F0ED1082B0CD1019B092B09D15F
:101930000A2907D1294607A8FFF742FFA0F10B03A8
:101940005842584115B0BDE8F08F3846FAE700BF5D
:10195000AD550A1948110108AC550A19074AD2F8C1
:10196000FC3043F08073C2F8FC30054B00225A6013
:101970001A6842F001021A60704700BF00ED00E0F3
:10198000001000E008B5FFF799FCBDE80840FFF73C
:10199000E5BF0000034B044A1B68B3FBF2F3584356
:1019A000704700BF0000002040420F0070B50446A1
:1019B000049868B1002B0CDA561E63F10045A6426C
:1019C0008D410FDBA41A61EB0301C0E90041012046
:1019D00070BD52EA0305F5D003F10045944271EB66
:1019E0000505EEE70020F3E72DE9F0410546012467
:1019F0008C4201D3BDE8F08155F8087F6E682B4614
:101A0000224653E902EC774576EB0C0805DA013AF9
:101A1000C3E900ECA3F10803F3D100EBC20340F8E3
:101A2000327001345E60E3E7014B5868704700BFD5
:101A3000001000E0034A53685B1A002B00DB70477C
:101A400000BFF8E7001000E0806E7047D0F88C30DF
:101A5000072B9FBF5A1C00EB8303C0F88C20D9666C
:101A6000836E5B1A002BB8BF8166704770B5D0B12A
:101A7000C9B1C2B1D0E91843A34214D25C1C446678
:101A800000EB83050024146094605460AC6914601A
:101A9000C41830F8133094F8586096720B80AB6B12
:101AA0008366207C70BD0120FCE738B504460D46F6
:101AB000902200210DF08CFC25662A4604F1580086
:101AC0000121BDE838400DF083BC08461146FFF700
:101AD0009DBC10B5044640B1382200210DF078FCC1
:101AE0002046BDE81040FFF777BD10BD2DE9F04757
:101AF00089468AB090461C460546002866D0002BD1
:101B000064D0002A62D0002960DB20220021184620
:101B100001260DF05DFC4FF0000A267707AF2B6A17
:101B2000ADF80EA00133012E2B62C7E900AAC7F859
:101B300008A0667706D9AB6A0133AB62A37F43F096
:101B40000103A37739460DF10E00FFF75FFC8446D1
:101B500097E8070004F1100383E80700604690B19E
:101B6000EB6A0133EB62A37F43F002030136F6B266
:101B7000B045A3772077D2D243F00803A3776B6BED
:101B800001336B631FE000220023CDE9042304AB83
:101B90000093079ABDF80E104B462846FFF729FD23
:101BA00030B12B6B01332B63A37F43F00403DDE7DC
:101BB000BDF80E302380DDE904232077C4E9022339
:101BC0006B6A01336B620AB0BDE8F0870120FAE767
:101BD00008B5FFF701F99FED057A9FED050A07EEBD
:101BE000900A67EE877A27EE800A08BD0000B443AA
:101BF000000080372DE9F843089F84460020B7B3E2
:101C0000012A73F100051DDBB1F1004F08BF8445C7
:101C100018D0540844EAC374D4F1FF386FF000457B
:101C200081424FEA630EA5EB63050DDBE0458D4174
:101C300008DB1CEB04004EEB0101FFF70BF9C7E9D1
:101C400000010120BDE8F883DCF1000961EB4106E9
:101C5000C845B541F6DBB4EB0C006EEB0101FFF7B4
:101C6000F9F8404261EB4101C7E90001E9E7384674
:101C7000E8E7F7B50346084661B192B3490803EBBC
:101C8000C10510F0010053F83130696804D0C2E991
:101C90000031012003B0F0BD012B55E9024671F17E
:101CA000000512DBDD43A5426FF00045A5EB010501
:101CB000B541EFDBE01800924FF000034FF0020255
:101CC00046EB0101FFF796FFE4E753EA0105F1D087
:101CD0005F424FF0004565EB0105BC4276EB050520
:101CE000E7E71046D6E72DE9FF419446DDE90A27EC
:101CF0000C9E044688461AB9002004B0BDE8F08165
:101D0000002FF9D0002EF7D000200021CDE90201EC
:101D10004FF0FF3003F500454FF6FF71604571EB62
:101D20000505E9D308F50045A042A941E4D319040B
:101D300002AB00934FEA0C40002341EA1C41FFF73D
:101D400059FF0028D8D0DDE90232012B4FEA0841C3
:101D500072F1000541EA14414FEA04440FDBDD4310
:101D6000A5426FF00045A5EB02058D41C4DBC7E934
:101D700000321B1942EB0102C6E90032BDE753EA0B
:101D80000205F4D0D3F1000C4FF0004565EB0205DD
:101D9000644571EB0505E9E72DE9F04385B0DDE920
:101DA0000C540E9EDEB104F500474FF000084FF0D2
:101DB0000009B7F5803FCDE9028910D202AF009744
:101DC000FFF7F4FD58B1DDE9020123042A0443EAD8
:101DD00015430C9605B0BDE8F043FFF7E7BD0020C2
:101DE00005B0BDE8F08300002DE9F04F2DED028B2A
:101DF00099B0DDE9245808932A9C289B0D93299BD0
:101E00000C900592099334B19022002120460DF0E8
:101E1000DFFA0123E3700C9B002B00F06082002DA1
:101E200000F05D82B8F1000F00F05982002C00F044
:101E30005682D8F80030002B00F05182D8F80430D8
:101E4000002B00F04C82AB68002B00F04882EA685F
:101E5000934200F244826A69002A40F34082AA69F0
:101E6000002AC0F23C822878012800F2388206D18C
:101E70006A68002A44DDD8F80820002A40D0269A53
:101E800052B1279A934200F22A82402B00F2278215
:101E9000099A002AC0F223824FF0FF306FF0004110
:101EA000C4E9060100204FF00041059AA260C4E990
:101EB00008019FED9B8B0027089AE2602365A770BD
:101EC0003E46BA46D4F85490994511D304F13003F4
:101ED000029304F12803CDE9009305980899D4E909
:101EE0000423FFF700FF002840F01E81207009E165
:101EF000A26DEB689A4208D3002323700720E0709C
:101F000019B0BDEC028BBDE8F08F2B78012B2FD1DF
:101F100094F801B0BBF1000F2ED0A36F6A69F31AD9
:101F2000934203D9002323700820E8E7D8F808304B
:101F3000D8F80C0031469847B146D8F80030D8F8A8
:101F40000C00ADF838A014AA0EA9CDE914AACDF85A
:101F500058A09847A26D511C9DF85A20A1650346D0
:101F600062B9636E84F800A0013363660620C6E799
:101F70004FF00009CB46E0E7D946DEE7149AE26766
:101F8000012945D1A2672978012902D16E686170C3
:101F90001644D8F80420D8F80C0006939047A26F96
:101FA0006969821A8A428346C4F88020BAD8069B9F
:101FB0008DED108B002B40D09A1ED2B2012A02D890
:101FC000E26D0132E2652371A36E0137BB422B69DA
:101FD00038BFA766BB428FD3D4F85490AB689945FD
:101FE000BFF474AF2A78012A7FF46CAFBBEB060B09
:101FF0003FF568AFE26E6968BBFBF1FB0BF1010BCB
:1020000012EB0B02BFF478AFE2660BFB016659E7F7
:10201000BBF1000FBDD0A2EB0901002908DAA9EB42
:102020000201626F8A4238BF61676E684E44B0E752
:10203000FBD0226F01322267F3E710AB0093AB694C
:10204000149ABDF838100C98FFF7D3FA0428034609
:1020500003D1226E01322266B5E70028B3D1DDE953
:102060001023CDE9062312AB0093DDE90601059AA2
:10207000089B8DED128BFFF799FC002840D0DDE91D
:102080001232012B72F10007D4E904102BDBDF437D
:102090008F426FF00047A7EB0207874130DBC9187A
:1020A00040EB0200C4E904102699676D61BBD4E9D6
:1020B0000601834272EB0101D4E90801B8BFC4E90B
:1020C000063298429141B8BFC4E908321FB9DDE930
:1020D0000623C4E91023DDE9062301376765C4E957
:1020E0001223002778E753EA0207D8D0D3F1000C77
:1020F0004FF0004767EB0207614570EB0707CDE73C
:10210000002323700920FAE62799B942CFD92699EE
:10211000269801EBC70140F837304A60C7E700BF97
:102120000000000000000000269B002B00F0B9809A
:1021300009F1FF333F2BC4F8849000F2B280269857
:102140004946FFF751FC4FF0000A4FF0000B0EAA72
:10215000CDE90EABFFF78DFD002800F0A280269D93
:10216000634E05EBC9030C932F460DF15008DDE9D2
:102170000E23CDF80080F7E80201CDE90A23CDE96E
:1021800014ABFFF713FC002800F08F80DDE9143258
:10219000002A02DA5B4262EB4202C6E900320C9B83
:1021A000BB4206F10806E2D151484946FFF71CFC44
:1021B0000026002710AACDE91067FFF75AFD002876
:1021C0006FD0DDE910014B4B83424B4B8B41CDE986
:1021D000126766D340F2072612ABA0FB06070093F6
:1021E0006422002306FB0171FFF704FD002858D08C
:1021F000DDE912AB0D9B9A45099B9FED3B7B7BEB89
:1022000003034FF00007BCBFDDF834A0DDF824B0B5
:102210000697B846B946D5E9006114AB009330463D
:10222000DDE90A2309918DED147BFFF7BFFB08352B
:10223000099900283ED0DDE91432002A02DA5B4217
:1022400062EB42029A457BEB020244DB012E71F104
:10225000000334DBF343BB426FF00043A3EB010305
:1022600073EB08031DDBF619374641EB080809F14B
:1022700001090C9BAB42CED1069BC4E92239B9F1CE
:10228000000F0ED004F13803029314ABCDE9009394
:10229000059808993A464346FFF725FD08B1012302
:1022A000A37001232370002029E64FF0FF336FF065
:1022B000004272E74FF0FF336FF00042C2E756EA88
:1022C0000103D0D072424FF0004363EB0103974209
:1022D00078EB0303C6E7069B01330693C9E70120A9
:1022E0000EE600BFAFF30080000000000000000019
:1022F000880000205E77026D05233F00F0B51F4681
:102300000D4B054616460FCB8DB008AC84E80F0088
:10231000189B0693DDE91623CDE90423149B039350
:10232000139BCDE90143129B009332463B4628465E
:10233000FFF75AFD0DB0F0BD541101082DE9F04F23
:102340000022ADF5297D0023CDE91423CDE9162324
:1023500016AC022314AD00930294019501220023D0
:1023600064200021FFF7BFFC78B12B68159AA3F514
:10237000004313432ED12368179AA3F5C9031343CF
:102380000CBF012300230A9300E00A90022300936C
:10239000CDE901544FF0FF324FF0FF336FF063008F
:1023A0004FF0FF31FFF79FFCB0B12A68159BB3F1E6
:1023B000FF3F08BF12F5004F40F0A383179B226830
:1023C000B3F1FF3F08BF12F5C90F0CBF0123002373
:1023D0000B9302E00023D6E70B9001220023CDE906
:1023E000182300220023CDE9002318AC4FF4C802C3
:1023F0000023029410461946FFF7CEFC002840F057
:10240000828300230D93CB4BCB4E0FCB1DAD0DF52F
:10241000047885E80F0002214046FFF746FBC74BD2
:1024200084934FF47A714FF48263CDE98A1340F2BA
:10243000ED3040F2154321AFCDE9920340F2E33392
:1024400028A89E93C5F80C80FFF7C6F801233B70BF
:1024500028240223C7E90143C7E903331423C7E94A
:1024600005630022002360AE0024CDE90423CDE9FA
:102470000244CDE9007506966422002328A8FFF7E0
:10248000B3FC90BB347884B3B36D022B40F0588317
:10249000736D022B40F05483F46E002C40F0508397
:1024A000D6E91032643B13431FD1D6E91232653BA3
:1024B00013431AD1D6E90632134316D1D6E90832AE
:1024C000013B134311D1D6E90C32A3F5C9031343E1
:1024D00040F03683A79B012B40F032839F9CA4F5EC
:1024E000826BDBF1000444EB0B0404214046FFF750
:1024F000DCFA934B8493A3F1041385934FF47A7C15
:102500004FF48263CDE98AC34FF4876E4FF48C6336
:10251000CDE98CE340F2ED3940F21543CDE99293D9
:1025200040F23D4A40F26543CDE994A328A840F229
:10253000E3339E93FFF750F80423C7E902333B616E
:10254000002200234FF00009CDE90423CDE90299D0
:10255000CDE9007506966422002328A8FFF744FC05
:10256000002840F0EF82D6E90623B3F1FF3F08BF11
:1025700012F1040F40F0E982D6E90832043B13431C
:1025800040F0E382D6E91013D6E912029A4208BF5E
:1025900088420CBF01234B46089304214046FFF7B5
:1025A00084FA664B849303F1021385934FF47A7B8C
:1025B0004FF482634FF48762CDE98AB34FF48C63A2
:1025C000CDE98C2340F2ED3140F21543CDE9921371
:1025D00040F23D4040F26543CDE9940340F2E333DD
:1025E00028A89E934FF00009FEF7F6FF0022002373
:1025F000CDE90423CDE90299CDE900750696642260
:10260000002328A8FFF7F0FB002840F0A082D6E9BD
:102610000632134340F09E82D6E90832033B13434F
:1026200040F09882D6E91232D6E910105B1AA3F175
:10263000030362EB000213430CBF01234B460993D3
:1026400003214046FFF731FA6423ADF812326623C6
:102650004FF47A7CADF814324FF48263CDE98AC32B
:102660004FF487638C9340F2ED3940F21543CDE986
:10267000929340F23D430226949328A840F2E3331C
:102680008DF820629E9360AFFEF7A6FF4FF0000921
:1026900021AB032200200021CDE92422CDE9040151
:1026A000CDE90035CDE9029906976422002328A8D8
:1026B0002396FFF799FB0646002840F04D829DF8CF
:1026C0008131002B00F04A82769B032B15D1759B3C
:1026D000022B12D1779B012B0FD19DF88431022B55
:1026E0000BD1A79B022B08D19F9BB3F5826F04D11E
:1026F000A09EA6F587677E427E4103214046FFF7F4
:10270000D4F90E4B84936623ADF814324FF47A7BE0
:1027100040F26543CDE98AB34FF4916340F2ED3165
:102720008C9340F26A43CDE9921340F28D43949327
:1027300028A807E064110108A08601006400650074
:102740006400680040F2E3339E930DF5C079FEF714
:1027500043FF4FF0000A21AB032200200021CDE906
:102760000401CDE900352392CDE902AACDF81890F5
:102770006422002328A8FFF737FB0746002840F013
:10278000EF817B9B022B13D17C9B012B10D17D9B76
:10279000552B0DD1A79B022B0AD19F9BB3F5826FBE
:1027A00006D1A09FA7F5916ADAF1000747EB0A0767
:1027B00002214046FFF779F9BA4B84936FF00F0E70
:1027C0001023CDE98AE36FF00A081523CDE992833F
:1027D00028A86FF01F039E934FF02009FEF7FCFE20
:1027E0000222CDE9229221AB00200DF5C078002114
:1027F0004FF00009CDE92422CDE90401CDE90035EF
:10280000CDE90299CDF818804FF6FE72002328A872
:10281000FFF7EAFAB8B9809B252B40F0A3817B999A
:10282000002940F09F81DDE97032A3F57F43FE3B34
:10283000134340F09981DDE97232A3F10113134390
:1028400008BF4FF00109082184A8FFF72EF9964B25
:102850008493013B8593954B86930DF5097803F599
:102860008013879342464FF47A7342F8043F591D10
:102870002833B3F5A56F1162F7D140F2E33328A8EE
:102880009E932825FEF7A8FE0822CDE92252CDE925
:102890002422039230AA21AB0020002102920DF5E0
:1028A000C07A1DAACDE90032CDE90401CDF818A007
:1028B0006422002328A8FFF797FA0546002840F075
:1028C00055819DF88231002B00F05281819B082BAD
:1028D00015D1829B012B12D1839B072B0FD1DDE9F0
:1028E0006E32A3F5C803134309D1DDE96C32A3F5B9
:1028F000CB03A3F5C04313430CBF012500250821DA
:1029000084A8FFF7D2F84FF06413CDE9843386939F
:1029100003F58033879342464FF47A7342F8043FBD
:10292000591D2833B3F5A56F1162F7D140F2E33397
:1029300028A89E93FEF750FE00220023CDE9042331
:102940000823039340AB02931DAB0DF5C07A0193AE
:1029500021AB0093CDF818A06422002328A8FFF72C
:1029600043FA002840F006819DF882313BB1829BFA
:10297000012B40F00181839BD81F434243410C93BC
:10298000082184A8FFF791F84FF06413CDE9843350
:10299000869303F5803387934FF47A7348F8043FA6
:1029A0005A1D2833B3F5A56FC8F82020F6D10DF1D4
:1029B000A00840F2E33340469E93FEF70DFE092245
:1029C0000023CDE904230823039350AB02931DABEE
:1029D0000DF5C07B019321AB0093CDF818B06422B4
:1029E00000234046FFF700FA002840F0C7809DF81A
:1029F0008231002B00F0C280829B002B40F0C1800E
:102A0000839BA3F10801D1F1000A4AEB010A404679
:102A1000FEF7E2FD00220023CDE91A230DF1680B39
:102A20000A231A466421CDF800B04046FEF7E1FDC6
:102A3000B8F802300F93D8F808301293D8F80C3059
:102A40001393D8F810301093D8F814300E901193D7
:102A5000CDF800B00A231422C8214046FEF7C9FD74
:102A6000042840F09080B8F802300F9A934240F06A
:102A70008A80D8E90223DDE91210834208BF8A4226
:102A800040F08180D8F81030109A93427BD1D8F86A
:102A90001430119A934276D1D8F818305A1E534206
:102AA000534105E0FEFF010064006500640063001F
:102AB0000A9A002A69D00B9A002A68D00D9A002A37
:102AC00067D0002C67D0089A002A66D0099A002A9D
:102AD00065D0002E65D0002F65D0B9F1000F64D00D
:102AE0004DB10C9A12EA0A0505D00E9A002A14BFBD
:102AF000002503F0010505F001000DF5297DBDE875
:102B0000F08F002364E42368199A13437FF479ACAF
:102B10004FF480320023CDE9002302944FF4C80221
:102B200000234FF4C8000121FFF736F900283FF4D5
:102B300068AC2368199A13430CBF0123002361E496
:102B40000024D2E4CDF8209027E5089025E5CDF8C3
:102B5000249075E5099073E54E46CEE51E46CCE51A
:102B6000574625E681466EE689466CE60025C6E6B0
:102B70001D46C4E6002302E70C9001E74FF0000A6F
:102B800045E7824643E7002392E70A9DB3E70B9DA2
:102B9000B1E70D9DAFE72546ADE7089DABE7099D81
:102BA000A9E73546A7E73D46A5E74D46A3E700BFA1
:102BB0002DE9F04F2DED048BADF5217D1AA8FEF720
:102BC00088FFFEF7F1FB354A0346602128A80CF088
:102BD0008DFB5F28A8BF5F2082B228A9322330482E
:102BE0000AF06EFAFEF722FB0446FEF723FB0546C9
:102BF000FEF724FB0646FEF725FB2A4B0746D3F8D3
:102C00000080FEF7D1FB284A0095CDE903802346DA
:102C10004FF48071CDE9016760A80CF067FBFF28D5
:102C2000A8BFFF2082B232231D4860A90AF048FAEB
:102C30001E481F4C012107F009FD00280CBF01258B
:102C4000002503D123780BB9FEF7ECFA194825705B
:102C50004FF4804107F005FDFEF7E6FA18B1C820F1
:102C60000AF0B5FCE4E712AC234603224FF400411E
:102C70001AA8FEF73BFF074610B3A37F0193637FBB
:102C800000930D4A0346602140A80CF02FFB32232D
:102C900082B240A902480AF013FAE0E7541301088F
:102CA00038040020000000206F13010800000240DB
:102CB000B302002000080240F11301080000C842DE
:102CC00026885FED028A3046FEF772FBB6EE008A78
:102CD000F0EE487AE0EE287A11AD28461197FCEE26
:102CE000E77A17EE904AFEF775FB9DF844309DF8A1
:102CF00045209DF846109DF8475018B113B90AB900
:102D000001B9BDB1CDE903326422B4FBF2F302FB99
:102D10001344CDE90515CDE900349B4A02903346B2
:102D2000802140A80CF0E2FA322382B240A99748F1
:102D30000AF0C6F9DFF87CB295499BF80040954A45
:102D4000DFF87482DFF87492934DDFF874A2002CE0
:102D500040F0F4809FED8A7B01238BF800308F4B8D
:102D60000E8083ED007B8AED007B8D4B1460C8F8EC
:102D70000040C9F800402C601C60D8F80030A34225
:102D8000B8BFC8F800402046FDF7CCFBDAE90023C5
:102D900006460F46FDF77AFACAE90001DFF8FCA102
:102DA000CDE90E0132463B4630463946FDF724FC5C
:102DB000DAE90023FDF76AFA06460F46CAE900671A
:102DC000DFF8DCA1DAF8000001301828CAF80000AA
:102DD0007FF645AFFDF796FB02460B46CDE90C01A9
:102DE000DDE90E01FDF732FDDDE90C23CDE90E0131
:102DF00030463946FDF72AFDDDE90E2306460F462B
:102E000010461946FDF7F8FB02460B463046394698
:102E1000FDF73AFA02460B4643EC192B0022002339
:102E2000FDF77AFE002800F0A280B0EE490AF0EE2D
:102E3000690A0CF0B9FF57EC106BD9F80030D8F8DC
:102E40000000C01A2B6840F2DA22934200F392800D
:102E500004F6396841F6724398458CBF4FF000087C
:102E60004FF0010880B2FEF7A3FAB0EE489A4D4B3E
:102E7000002230463946A0EE289AFDF707FAFDF702
:102E80006BFE80B2FEF794FAF0EE487AE0EE287A14
:102E90002888BCEEC99AFCEEE77A17EE907AFEF726
:102EA00087FAF0EE487AE0EE287A002CA0B2B8BF9C
:102EB0004042FCEEE77AB8BF80B217EE909AFEF778
:102EC00077FAA0EE288A64233748B7FBF3F6FCEEC6
:102ED000C87A03FB1671354FCDF8288017EE90CADB
:102EE00030EA240028BF384619EE102ADAF80040EC
:102EF0000994B9FBF3F403FB1497B2FBF3F5CDE9A6
:102F00000747BCFBF3F403FB152203FB14C3CDE915
:102F10000310CDE90543CDE901260523244A009598
:102F2000802140A80CF0E2F9322382B240A9174870
:102F30000AF0C6F800238BF8003090E60C880E806B
:102F4000341B116823B2002B01FA84F4B8BF5B4232
:102F500014602A689BB29A4207DBD9F800309C4281
:102F6000BFF60BAFC9F8004007E72B60F5E7002676
:102F7000002762E74FF0000874E700BFAFF300805E
:102F80000000000000000000341401083804002094
:102F9000B0020020AC020020A0020020900200201D
:102FA000880200200000E03FDD4E010852130108B6
:102FB0008C140108B2020020A8020020A402002004
:102FC000980200200268034B9A4201D106F058BED5
:102FD000704700BF0020004007B572B6064C074896
:102FE0004FF4005107F03DFB00230193019BA342E6
:102FF000F5D8019B0133F8E71FA107000008024044
:1030000010B594B0102200210AA80CF0E1F91422A6
:10301000002103A80CF0DCF91F4B002101911A6C70
:1030200042F080521A641B6C03F080530193019BA1
:103030001A4B02911A6842F480421A601B6803F42A
:1030400080430293029B01214FF480330224CDE997
:1030500008134FF48003CDE90E43A822042308A8E7
:10306000CDE91032CDE9124308F0ECF908B1FFF7D1
:10307000B3FF0F23CDE9033405904FF4A0524FF472
:103080008053052103A8CDE9062308F0B7FB0028EB
:10309000EDD114B010BD00BF0038024000700040F8
:1030A00080B5BAB000246D4D06F0D0FDFFF7A8FF43
:1030B0001422002132A80CF08BF902942B6B684883
:1030C00043F004032B632B6B03F004030293029B76
:1030D00003942B6B43F080032B632B6B03F0800373
:1030E0000393039B04942B6B43F001032B632B6B23
:1030F00003F001030493049B05942B6B43F002033C
:103100002B632B6B03F00203224605934EF207015B
:10311000059B07F0A1FA224652484FF4006107F0E0
:103120009BFA22465048402107F096FA01264EF2BB
:1031300007034B4832A9CDE93236CDE9344407F0D4
:10314000ADF94848349632A9CDE9326407F0A6F9C2
:103150004FF40063434832A9CDE93236CDE9344417
:1031600007F09CF94023404832A9CDE93236CDE939
:10317000344407F093F900942B6B43F400132B6352
:103180002B6B03F400130093009B01942B6B43F40F
:1031900080032B632B6B03F48003224605210193EC
:1031A0000C20019B06F05AFF0C2006F089FF2246F6
:1031B00005210E2006F052FF0E2006F081FF224668
:1031C0000521102006F04AFF102006F079FF224664
:1031D0000521112006F042FF112006F071FF224662
:1031E00005212F2006F03AFF2F2006F069FF224626
:1031F0000521382006F032FF382006F061FF224614
:1032000005213A2006F02AFF3A2006F059FF22460F
:1032100005213B2006F022FF3B2006F051FF102243
:10322000214618A80CF0D4F8104A114B13604FF443
:103230008033C2E9013482F820400E4BD462D4605E
:1032400010460224166116769362D46182F83060CB
:10325000566106F027FD78B1FFF7BEFE0038024048
:10326000000802400000024000040240180800204C
:10327000002001400100000F0523C8481A9318A937
:10328000CDE9186606F046FE0028E5D1C3480426BD
:1032900018A9CDE9186406F03DFE05460028DBD1EB
:1032A0000146102214A80CF093F81C22294623A8EA
:1032B000CDE90A550CF08CF82022294632A80CF0F2
:1032C00087F8B74CB74BA560C4E90035204640F6F7
:1032D0006A03C4E90335C4E905550AAF09F0B8FA31
:1032E0000028B9D14FF4805314A92046149309F053
:1032F00089FC0028B0D1204609F0D6FA0028ABD1CD
:10330000CDE90A003946204609F084FD024600282E
:10331000A2D17023CDE92330CDE92500CDE92700E6
:10332000299023A9204609F047FB002894D1324672
:1033300023A9204609F040FB00288DD1082223A9AB
:10334000204609F039FB002886D100234FF40052B3
:1033500032A92046CDE93233CDE934333693379262
:10336000399309F095FD054600287FF475AF204696
:1033700006F02AFA102229460CA80CF029F88A4CEB
:103380001022294610A8CDE908550CF021F84FF07D
:103390008043C4E9003520464FF0FF33C4E90335CC
:1033A00008AEA560A56109F053FA00287FF454AF78
:1033B0004FF480530CA920460C9309F023FC0028FD
:1033C0007FF44AAF204609F09BFA00287FF444AF0F
:1033D000CDE908003146204609F01CFD02460028D0
:1033E0007FF43AAF0123CDE911301090139010A96A
:1033F000204609F071FB00287FF42EAF022304223F
:1034000010A92046CDE9103309F066FB03460028D9
:103410007FF422AF6548DFF8C8C1654A03624FF404
:103420008044C0E90233C0E90443C0E90633C0E97F
:1034300000C207F01FF9034600287FF40DAF5D4876
:103440005D4F03614FF46122C0E900720C22C0E9B4
:103450000233C0E90523C36109F004FE03460028D6
:103460007FF4FAAE5548564E564A0362C0E90062F0
:10347000C0E90233C0E90443C0E9063307F0FAF8B3
:1034800000287FF4E9AE5049504B0B604FF4827036
:10349000002301220224C1E90103C1E90442CB60F7
:1034A0004FF4007518220B624B628B6208460A23A8
:1034B000C1E90652CB6208F061FB054600287FF4A3
:1034C000CBAE0146CDE906001C221CA80BF080FF04
:1034D000294620222AA80BF07BFF3D4C3D49A560E0
:1034E0005323C4E90013204640F2E733C4E903350F
:1034F000C4E9055506AE09F0D7F900287FF4ACAE53
:10350000CDE906003146204609F084FC0246002839
:103510007FF4A2AE6023CDE91C30CDE91E00CDE9D9
:10352000200022901CA9204609F046FA00287FF4CA
:1035300093AECDE92A00CDE92C002E904FF4005334
:1035400031902AA920462F9309F0A2FC05460028B5
:103550007FF482AE204606F037F91F481F4A056106
:103560004FF46123C0E900230C23C0E90255C0E9F0
:103570000535C56109F076FD044600287FF46CAE80
:10358000FEF700FAFEF75CF900283FF465AEFEF79F
:10359000D5FE00283FF460AE24E000BF18080020EC
:1035A0005005002000000140080500201007002001
:1035B000A086010038040020004800406407002075
:1035C00000540040801A06005806002000300140D8
:1035D000C0040020000401407C040020004400409E
:1035E0000058004000F01CF800F048F800283FF4B4
:1035F00033AE09F073FF074A0748214609F0A1FFDF
:10360000064B1860FDF70CFE00283FF425AE09F0CC
:1036100077FFFEE7B0570108B12B0008B402002085
:1036200008B500F0B3F90448044905F0F7FCBDE81B
:1036300008400348FEF74DBA98080020D457010807
:103640006008002000F046B900F054B900F062B9FB
:1036500008B5044805F0DAFCBDE808400248FEF76A
:1036600038BA00BF980800206008002008B5FFF7AE
:10367000EFFFBDE8084000F081B9000070B52DED06
:10368000068B84B005F06CFD00284AD0284C294DEB
:103690002046B0EE000A05F0D3FC0123B6EE000A86
:1036A0007B202B706B6200F035F9FFF7DFFF94EDA4
:1036B00007AAD4ED089A94ED099AD4ED0A8A94EDFC
:1036C0000B8A2E786C6A01A800F086F9B5EE40AA44
:1036D000F1EE10FABDF80420DDED027A9DF80C3011
:1036E00023D1F5EE409AF1EE10FA1ED1B5EE409AD4
:1036F000F1EE10FA19D1F5EE408AF1EE10FA14D17C
:10370000B5EE408AF1EE10FA0FD176B96CB962B914
:10371000F5EE407AF1EE10FA07D183F0010000F0E7
:10372000010004B0BDEC068B70BD0020F7E700BFC0
:1037300098080020600800201FB50446D8B10F4B40
:10374000DA6902601A6A42605A6A82609A6ADB6ABF
:1037500003610B4BC2601A785B6A8361027501A832
:1037600000F03AF9BDF80430A383029B23629DF870
:103770000C3084F8243004B010BD00BF980800203D
:103780006008002030B52DED028B054689B0B0EE03
:10379000408AC8B31D486B4603224FF40051FEF720
:1037A000A5F9044628BBDDE90201FEF711FADFEDB9
:1037B000187A9FED187A30EE480AB4EEE70AF1EE77
:1037C00010FA1BDCDFED147A9FED127AB4EEE70AF3
:1037D000F1EE10FA15D4114885ED000A05F030FC21
:1037E000FDEEC07AB7EE000A17EE903A98B200F0FC
:1037F00091F8204609B0BDEC028B30BD30EE470A8F
:10380000DBE730EE070AE1E70124F2E76008002079
:10381000000034430000B443000034C39808002083
:1038200042F6AB23B0FBF3F202FB130080B2704709
:10383000062070470C20704708B5044805F086FC48
:10384000FDEEC07A17EE900A08BD00BF9808002070
:10385000004870471015010808B507EE900A9FED63
:10386000197AF8EEE77A2DED028B67EE877AB0EEE3
:10387000408A9FED150A87EE800A0CF025FBF6EED4
:10388000007AE0EE277A67EE887AF5EEC07AF1EEFC
:1038900010FA14D4B7EE000AF4EEC07AF1EE10FA82
:1038A000D8BFB0EE670ADFED097A20EE270ABDEC3B
:1038B000028BBCEEC00A10EE103A98B208BD9FED24
:1038C000040AF0E7DB0FC94000AC2A4600A0064519
:1038D0000000000008B5012204484FF4006106F022
:1038E000BBFE034B01221A7208BD00BF000002405C
:1038F000C808002008B5002204484FF4006106F013
:10390000ABFE034B00221A7208BD00BF000002404C
:10391000C808002070B542F6AB250446B0FBF5F0B0
:1039200005FB10402DED028B80B2B0EE408AFFF710
:1039300093FF104B1E6804F63963B0EE480A7063BB
:10394000B3FBF5F005FB1030FFF786FF04F5E353FA
:103950001233B063B0EE480AB3FBF5F005FB10304C
:10396000FFF77AFF044BF06383ED018ABDEC028B15
:103970001C8070BD50050020C80800209FED020A81
:103980000020FFF7C7BF00BF0000000008B5FFF729
:10399000B1FF012211460E4806F05EFE0C480022DF
:1039A000022106F059FE00220948042106F054FEC7
:1039B0000021084809F02CFA0421064809F028FAE9
:1039C0000448082109F024FABDE80840FFF7D6BFF3
:1039D0000008024050050020034618B1024A07CAF9
:1039E00083E80700704700BFC80800200F4B70B580
:1039F000D3F8101AD3F8144AD3F8185A0C4B0022F3
:103A000018461E688E4209D15E68A64206D19E689D
:103A1000AE4203D11C2303FB020070BD0132082A11
:103A200003F11C03EDD10020F7E700BF0070FF1F7A
:103A3000F458010809289ABF024B53F820000248A5
:103A4000704700BF74580108241501080346B0B33D
:103A5000D0ED007AF5EE407AF1EE10FA2FD1D0EDEC
:103A6000017AF5EE407AF1EE10FA28D1D0ED027A23
:103A7000F5EE407AF1EE10FA21D1D0ED037AF5EEB1
:103A8000407AF1EE10FA1AD1D0ED047AF5EE407AD0
:103A9000F1EE10FA13D1027D8AB9806978B99A8B58
:103AA00052B9D3ED087AF5EE407AF1EE10FA06D16C
:103AB00093F8240080F0010000F00100704700201E
:103AC000FAE700000FB400B5ADF2747D0DF5EF63B9
:103AD00040F26C7153F8042B009301A80BF06AFCC0
:103AE000021E0FDD40F26B739A4228BF1A46084847
:103AF000C82392B201A909F0E3FA18B1054A136884
:103B0000013313600DF2747D5DF804EB04B070476F
:103B100038040020CC3B00200FB400B5A3B024AB88
:103B2000802153F8042B019302A80BF043FC021EE2
:103B30000DDD802A28BF7F220748642392B202A9A4
:103B400009F0BEFA18B1054A13680133136023B0B7
:103B50005DF804EB04B0704738040020CC3B002033
:103B60002DE9F04FAFB01F90FFF740FF054600284A
:103B700000F08880D0F80CA00125FFF737FF04463D
:103B800000B1103421A8FDF773FD00287DD19DF808
:103B90008460002E7AD0214621A8FDF711FE01266F
:103BA00007463846FDF740FE032F9CBF3C4B33F9D8
:103BB00017803C4BD3F8102A1B9288BF4FF4FF7834
:103BC000D3F8142AD3F8183A1D93002CB8FA88F7C2
:103BD00014BF0123002381464FEA57171C921E93FE
:103BE00056D02388A178E07894F804C094F805E0D2
:103BF0001A93A379A468BDF8AEB0CDF860B09DF873
:103C00008CB0CDF85CB09DF88BB0CDF858B09DF875
:103C10008AB0CDF854B0CDE90FE39DF889B01A9B76
:103C2000CDF850B00B939DF888B0CDF84CB0002380
:103C3000CDE90993BDF886B01E9B2C9A1992CDE967
:103C40000D0CCDE907730C91CDE9114BCDE905675A
:103C5000CDE903A51D9B02931C9B01931B9B009325
:103C6000114A124B1F991248FFF72CFFB8F1000FB1
:103C700004D010484A464146FFF74EFF38462FB061
:103C8000BDE8F08FDFF830A077E70026012788E74E
:103C90002346A646A446204621461A94ABE700BF19
:103CA000F05701080070FF1F4D1501083815010875
:103CB0005A150108C61701082C15010873B50346EB
:103CC00000250846012611460A220135AB4202FBB7
:103CD00006F6FAD107EE906AB5EEC00AF1EE10FAD8
:103CE000F8EEE76A4CBFB1EE407AB0EE407AF6EEFD
:103CF000007AE6EE877AB5EEC00AFDEEE77AF1EEDD
:103D000010FA17EE904A94FBF6F306FB1344CDE944
:103D1000005407D553EA040204D0034A0BF0E6FA34
:103D200002B070BD014AF9E7FB170108FC17010852
:103D30002DE9F04F8FB09B469DF86030199C03929F
:103D40000293824680B17CB147220021601C0BF0B7
:103D50003FFB0322227006AB40F21D715046FDF777
:103D6000C5FE064628B16070032528460FB0BDE8A1
:103D7000F08F06AF0FCF04F108050FC597E80F00CD
:103D800085E80F000123A362DDE9087805F084FFD0
:103D9000B1460190012009F01AFC06AB032240F263
:103DA0001D715046FDF7A2FE054630B10323607039
:103DB0002370D9E71F469046ECE70DF1180EBEE8D8
:103DC0000F0004F1080CACE80F009EE80F008CE82F
:103DD0000F00A36A0133A362DDE90832DF1B62EB47
:103DE0000808B8F1000F02DA7F4268EB480803992F
:103DF000B3EB010C029962EB0B00C4E90EC079B37E
:103E00000028614602DA494260EB400040F28F3CF4
:103E1000614570F1000034BF012100210A2F78F1C3
:103E2000000821D209F10109E1B10136E06A4845F3
:103E3000206B38BFC4F82C90B04200D22663E06AF1
:103E400084F84110072894BF00200120082E84F830
:103E500040000DD1012384F842300023237084E711
:103E60000121DBE70E46E1E74FF000094E46E6E7A9
:103E7000CDE9043205F010FF019BC01A6328DDE98B
:103E8000043297D9002384F8423094F840302BB1A3
:103E900094F8413013B90225257066E70125FBE748
:103EA0002DE9F0412DED0A8B9FED3E9A9FED3EBA34
:103EB000DFED3EBA9FED3ECA0D46F0EE40AA164633
:103EC0001C4680460027B0EE498AB0EE49AAAF42B0
:103ED00012DB002D267033DCDFED327A84ED01AA8F
:103EE00084ED02AA84ED03AA0023BDEC0A8BC4ED85
:103EF000047A2375BDE8F08107EE907AB8EEE77A90
:103F0000F8EC018A27EE0B7A78EEEA8AC7EE0B7A94
:103F1000013767EEAB7AC7EE8C9A07EE906AF8EE3F
:103F2000E77A69EEA79AB0EE690A0BF095FFA0EE6A
:103F3000288AB0EE690A0BF0C7FFA0EE289AC6E700
:103F400007EE905AF8EEE77AB0EE007AC7EE278ACD
:103F500028EE888A68EE898A84ED018A28EEA80A0C
:103F6000C4ED028AA8EE080A0BF054FFF0EE480AEE
:103F7000B0EE409A84ED030AB0EE680A0BF048FFF9
:103F8000DFED0B7A9FED097A20EE270AC0EE077A63
:103F90009FED087AB4EEC79AF1EE10FAACBF012398
:103FA0000023A2E7000000000000B443DB0F4940FB
:103FB00000003443CDCC4C3D036A10B50C681C1B8B
:103FC0001368234413604C68436A1C1B53682344E2
:103FD00053608C68836A1C1B936823449360CC688D
:103FE000C36A1C1BD3682344D3600C69036B496903
:103FF0001C1B136923441361436B591A53690B4407
:10400000536110BD06EE902A07EE103AF8EEE66A0C
:10401000B8EEC77ABAEE0E6AC6EE877A091AF1EEE2
:10402000086AA7EEA66AF2EE046AE7EE866A27EE51
:10403000A77A27EE277A07EE901A27EE267A06EE61
:10404000900AF8EEE77AB8EEE60AA7EE270A0BF038
:1040500075BF2DE9F047002986B00E4690460F4601
:1040600002DA404261EB41070546EA460024E94690
:10407000284639460A220023FCF73CFFAC46303282
:104080000AF8012BBCF10A0F3A4672F100022346EE
:10409000054604F101040F4602D3172CE8D116237C
:1040A000002E09DA172C07D004F118020DEB0204D8
:1040B0002D2204F8182C9C1C09EB040208F1FF3196
:1040C000012312F8010D01F8010F9C4203D00133C6
:1040D000182BF6D11724002308F8043006B0BDE8E9
:1040E000F0872DE9F04F002487B0894616461470FA
:1040F000A0F1080725464FF07C0AA3464C4502D1A3
:1041000007B0BDE8F08FF7E902016A46FFF7A1FFAB
:104110006846FCF75DF8002C0CBF2B466B1C034473
:10412000B3F5806FECD214B106F805A001356846EE
:10413000FCF74EF8804602467019454469460BF07C
:10414000E1F9013406F805B0D8E700004F4B002232
:10415000F0B583F8B020C3F8A820002800F08F80C5
:10416000D0E90862D0E90A54D0E90C10C3E9AF6283
:10417000D3F8EC72D3F8D4223A44D3F818773A44FF
:10418000D3F830773A44D3F848773A44D3F87C7779
:104190003A44D3F878783A44D3F890783A44B61A47
:1041A000C3F8A862D3F8DC22D3F8F4623244D3F81F
:1041B00020673244D3F838673244D3F8506732442A
:1041C000D3F884673244D3F880683244D3F89868CF
:1041D0003244C3E9B154AD1AC3F8AC52D3F8E0226B
:1041E000D3F8F8522A44D3F824572A44D3F83C573A
:1041F0002A44D3F854572A44D3F888572A44D3F88A
:1042000084582A44D3F89C582A44A41AC3E9B3100A
:10421000C3F8B042D3F8FC42D3F8E4222244D3F8E6
:1042200028472244D3F840472244D3F85847224431
:10423000D3F88C472244D3F888482244D3F8A048C6
:104240002244891AC3F8B412D3F8E822D3F8001331
:104250000A44D3F82C170A44D3F844170A44D3F875
:104260005C170A44D3F890170A44D3F88C180A4410
:10427000D3F8A4180A44801AC3F8B802F0BD014666
:10428000044605460246064670E700BFE0100020DF
:104290002DE9F043002900F0AB805B4BD3F8944349
:1042A000002C00F0A580012583F82953D3F8305362
:1042B000D1F858C0D3F84063D1F85CE0D1F8608001
:1042C000D1F86490CF6E0135C3F83053D3F83C5326
:1042D0006544C3F83C534D6D2E44C3F84063D3F896
:1042E00044637644C3F84463D3F848634644C3F850
:1042F0004863D3F84C634E44C3F84C63D3F854631B
:104300003E44C3F854630F6FD3F858633E44C3F878
:1043100058634F6FD3F85C63B74288BFC3F85C73D0
:10432000D3F860638F6EB74288BFC3F8607304EB45
:10433000800707F580578E6FC7F84067D1F8806017
:10434000C7F8106DBCF1FF0F04EB000642F2C8572E
:1043500028BF4FF0FF0C06F807C0FF2D42F23C7754
:1043600028BFFF25F555BEF1FF0F42F6B00528BF67
:104370004FF0FF0E06F805E0B8F1FF0F42F62425D6
:1043800028BF4FF0FF0806F80580B9F1FF0F42F68D
:10439000983528BF4FF0FF0906F8059042F60C55F6
:1043A00072554ABB0D783DB3D1E90C6704EBC004EC
:1043B000C4E9006708B9C3E9DA67D3F834230132E6
:1043C000C3F834238B789BB1A0B1B0F5B47F0FD183
:1043D0000E4B01221A70D1F884205A60D1F888203F
:1043E0009A60D1F88C20DA60D1E90E01C3E90401AA
:1043F000BDE8F083064BECE7D3F8501383F82C2389
:104400000131C3F85013F3E7E010002090140020AE
:10441000781400200E4A30B50121151F814200DBBF
:1044200030BDD2ED007A4B1E144634ED017AF4EE25
:10443000C77AF1EE10FA03D5013B84ED017AF4D28C
:1044400005EB8303C3ED017A01310432E6E700BFD7
:10445000140B0020084B0022C0B293F8C810814210
:1044600006D001320C2A03F11803F6D10020704760
:1044700003F1C800704700BFE01000202DE9F047AD
:1044800088462DED0A8B0446F0EE409A002852D063
:10449000DFF8C090DFED2B8ADFED2BAA9FED2BBA62
:1044A000DFED2BBA0027561807EE907AB8EEE77AC0
:1044B000C24627EE2A7AB0EE699AC7EE2A7A67EEEC
:1044C0008B7A87EEABCA1AF8010BFFF7C3FF0546DC
:1044D000D0B1037808EE103AB8EE488A28EE0C8A7C
:1044E000B0EE480A0BF0B8FCB0EE40AAB0EE480AB5
:1044F0000BF0EAFCD5ED027A95ED017A60EE277AB1
:10450000E7EE0A7A39EE279A5645DCD1F9EC017AC2
:10451000013777EEC97ABC42E7EEA78AC4D107EE2D
:10452000904AB8EEE70A88EE800ABDEC0A8BBDE837
:10453000F0470BF06FBCBDEC0A8B9FED020ABDE8A3
:10454000F08700BF000000000000B443DB0F4940CB
:1045500000003443982100202DE9F04715462DED49
:104560000C8B0E46142200211F460446F0EE40BA82
:10457000F0EE60AA0AF02CFF07EB0508A94619F82F
:1045800001AB5046FFF766FF30B94E4B2361BDECDF
:104590000C8B2046BDE8F087B6EB4A0F01D84A4B9A
:1045A000F4E7C145EBD13A462946B0EE6B0A3046F6
:1045B000FFF764FF9FED45BA9FED458ADFED45CAE1
:1045C0009FED45DAF0EE409A002707EE907AB8EEBC
:1045D000E7AAA9462AEE2CAAF0EE6B8A2AEE0DAACB
:1045E00019F8010BFFF736FF0646D0B1037809EE44
:1045F000103AB8EE499A29EE0A9AB0EE490A0BF041
:104600002BFCB0EE40CAB0EE490A0BF05DFCD6EDD3
:10461000027A96ED017A60EE277AE7EE0C7A78EE70
:10462000A78AC845DCD1F4EEC88AF1EE10FAB4EEE0
:10463000E8BAC8BFB0EE688A0137F1EE10FAC8BF19
:10464000B0EE68BAB7F5805FBFD1DFED247AF4EE43
:10465000E7AAF1EE10FA38EE4B8A2FDD89EEAA7A3E
:10466000F7EE007AE7EE477A9FED1D7AF0EEE76A03
:10467000F4EE476AF1EE10FA06D89FED1A7AF4EEDE
:10468000C77AF1EE10FA05D5174BC4ED009A84ED08
:10469000018A7BE79FED157AB4EEE77AF1EE10FA26
:1046A000C8BFF0EE477A012323730123C4ED009ABB
:1046B00084ED018AC4ED027A637368E7DFED0B7A5B
:1046C0000023F1E70618010819180108286B6E4E3F
:1046D000286B6ECEDB0FC94000008039BD378635B0
:1046E000FFFF7F7F6F1283BA2D18010800000000C2
:1046F000B5EEC00AF1EE10FADFED126A4CBFB1EE72
:10470000407AB0EE407AF6EE007AE7EE267A07B508
:10471000FDEEE77A642117EE902AB5EEC00A92FB0F
:10472000F1F3F1EE10FA01FB1322009208D553EADF
:10473000020105D0044A10210AF0D8FD03B000BDE3
:10474000024AF8E70000C842401801084118010871
:104750002DE9F04F91B01F469DF86C3007930B6820
:104760004B4C02939342CCBF4FF0FF330123059390
:1047700006900491934608F0DDFED4F87C32DDF813
:1047800068904FF0000801330546C4F87C32CDF83C
:1047900004800126CDF80C80029828233246594621
:1047A000FFF730FCDDF80CA0049BB7EE000A1860A0
:1047B00080B2FEF74BFF08AB0698032240F21D7152
:1047C000FDF794F9D4F880320133C4F8803298B1FF
:1047D00007B13E6011B0BDE8F08F401B002847DDF7
:1047E000D4F884320133C4F88432D4F88832984241
:1047F00088BFC4F888023BE0BAF1000F1FD00A9BC3
:1048000001990B9AB3EB080362EB010205990129A8
:1048100011D113F1090F72F1FF3210DA5B42D4F8B3
:104820008C220132C4F88C22D4F890229A4238BFEC
:10483000C4F8903203E00A2B72F10002EFDADDE9EE
:104840000A8301931A9B3BB1079BB34222BF019B92
:10485000C9F80080C9F804300136292E12D008F0BA
:1048600069FE01352B1A002BB7DD284608F0BBFE88
:104870004FF0010A282E09F10809CDF80CA08BD1C0
:10488000584691E7002FA5D028233B60A2E700BF40
:10489000E01000202DE9F04F2DED028BC04CC14AF5
:1048A000217BC14BADF5805D83B0002908BF1A465E
:1048B0004992FFF79BF8002801F0BC81C368489338
:1048C0004FF0010B94ED2E0A64A8FFF711FF94ED51
:1048D000040A1422E4A90520FFF7F0F994ED050A73
:1048E0001422E9A90520FFF7E9F994ED060A182238
:1048F0000DF5A4610320FFF7E1F994ED070A1422F6
:10490000F8A90520FFF7DAF994ED080A1422FDA9A9
:104910000520FFF7D3F994ED0E0A1422EEA9052025
:10492000FFF7CCF994ED0F0A1422F3A90520FFF745
:10493000C5F994ED100A18220DF5A7610320FFF7C1
:10494000BDF994ED110A14220DF581610520FFF7E0
:10495000B5F994ED120A14220DF21C410520FFF75F
:10496000ADF994ED0C0A14220DF586610320FFF7D2
:10497000A5F994ED160A14220DF244410320FFF725
:104980009DF994ED1B0A14220DF58B610520FFF7AC
:1049900095F914220DF26C4194ED1C0A0520FFF7E5
:1049A0008DF9824B94F8EC16814A002918BF1A46FB
:1049B00094F88F304E92002B01F041817D4968A818
:1049C0000AF098FD7B496CA80AF094FD794962A829
:1049D0000AF090FD94F8A430002B01F04781D4F840
:1049E000A030754A102170A80AF080FC94F88C3031
:1049F000002B41F0418194F88E30704D002B01F076
:104A00003F816A4E6E4B94F8A402D3F8102A4C9260
:104A1000D3F8142AD3F8183A4F93B4F8303250939D
:104A2000B4F832325193B4F83432529363685393EA
:104A3000A368549394F82833559394F8C8334D924F
:104A40005693D4E92A23579394F8B030589394F8A6
:104A500078325993FEF7EEFFD4F8A8325B93D4F87E
:104A6000AC325C93D4F8B0325D93D4F8B4325E9338
:104A7000D4F8B8325F93D4F804336093002AD4F8A2
:104A80000833B4F8B2705A90619341F3FC80D4F8C3
:104A90000C13D4F81003A1EB0208D8F1000343EB88
:104AA00008034A93D4F81433464CA0EB0209D9F119
:104AB0000000A3EB020A40EB0900B4F888C6DAF163
:104AC000000343EB0A03364C94F80D8094F80E90E3
:104AD00094F86040032C96BFDFF808E1DFF8F8E0B7
:104AE0005EF824E070AC469462AC45946CAC44949F
:104AF00068AC43942A4CD4F89C10429194F88FA04F
:104B0000CDF804A1DFF8E0A0CDE93F6A94F88D600C
:104B1000CDE93D562C4D3C95D4F888503B95D4F8C2
:104B200084503A95D4F880503995E56F3895A56E44
:104B30003795656ECDE935E5CDE93389CDE92D03AE
:104B40004A9B2C93619B2B9340F28E300923CDE935
:104B500029301E4B2893609B27931D4B26935F9B08
:104B600025935E9B24935D9B23935C9B22935B9B8D
:104B7000184D21935A9B2093599B1F93CDE931C522
:104B8000589B1E9364ADCDE92F75579B124D13486A
:104B9000CDE91C23074A1992114A18924E9A25E032
:104BA000E01000204B1801084C18010816570108A6
:104BB000FF5601085C1801087F1801085F180108FA
:104BC0000070FF1FE0200020E61E01081D1F0108E5
:104BD000351F0108031F0108241501088618010864
:104BE0007712010864580108D51E01081792B54ACA
:104BF0001692B54A1592569A1492B44A1392559A3F
:104C00001292B34A1192B34A1092B34A0F92499A40
:104C10000E92549A0D92539A0C92529A0B9206222B
:104C20000A92519A0992509A00234FF4B476CDE932
:104C30001A36CDE90732A94B0693489B03934F9B45
:104C400002934D9B01934C9BA54A0093CDE904B57B
:104C5000A44B0521FEF736FFB727B623CDE902376F
:104C6000A14B01960093D4E9012305219F48FEF74B
:104C700029FFD4E90167FEF7EBFDD4F890320F93DA
:104C8000D4F88C320E93D4F888320D93D4F8843251
:104C90000C93D4F880320B93D4F87C320A93D4F876
:104CA0009C320993D4F898320893D4F8943207933D
:104CB0004FF0280C0123CDE9053C8D4B0393499B14
:104CC0000490CDE90153489B8A48009332463B4605
:104CD0000521FEF7F7FE64231893874B17931120E5
:104CE0004023CDE9153010930C93844B0B93844BE8
:104CF0000A93512160221023CDE91312CDE9083324
:104D000038224FF4A073CDE905234FF0DC0E0426C2
:104D1000C823CDE9033ECDE911627A4B7A4E0F9656
:104D200002937A4E499B0791CDE90053CDE90D06D8
:104D3000489B7748D4E90112FEF7C4FED4E9012369
:104D400094F860B04A93BBF1030F236D98BF714D87
:104D50004C93A36F94F834C0A17B94F82400A66A06
:104D600094F84CE094F80D80A78D94F85CA0B4F80A
:104D7000549098BF55F82B5020930DF26C4B636FF5
:104D8000CDF878B00DF58B6BCDF874B01F93A36E92
:104D90001C93636ECDF864A0CDE91A534C9BDFF8E9
:104DA0009CA10DF24445CDE917950DF21C45CDE9C6
:104DB00015E3CDE90B061495FDA80DF58165139556
:104DC0000A900DF5A765F8A812950990F3AD0DF5B9
:104DD000A46011950890EEADE9A8CDE90FC5499BF7
:104DE00007900DF58665E4A8CDE90510CDE90D75B0
:104DF00049494A4D0293489B4948039101950093C4
:104E000005214A9BCDF81080FEF75CFE44F6206336
:104E100040F21D72CDE9093202216023CDE907314C
:104E2000402306933F4B05933F4B04933F4B039323
:104E3000264B3F48CDE90153489B0093D4E9012319
:104E40000521FEF73FFEAAF2CE534D93394B4A930C
:104E50004FF0000BB423384C4C93AAF2CE565D466B
:104E6000D4F8A8309D42C0F24587D4F89433002B83
:104E700041F0A080304C0DF5AA62D4E9C801FFF7DB
:104E8000E8F8D4E9C801FCF7A3FE0DF59061052010
:104E90001422FEF713FF63684A93A3684C93D4F877
:104EA00004334F93D4F8BC325093D4F8C0325193AA
:104EB000D4F8C4325293D4F8C8325393D4F8CC32D5
:104EC00054933DE0461F0108721F0108821F01082C
:104ED0009B1F0108A71F0108C51F0108E11F01084A
:104EE0004D1501083815010890200108E71F010839
:104EF0004F220108AD200108FA2401086D250108A0
:104F00008F250108AB25010824250108412501084A
:104F10006922010864580108031F010824150108CB
:104F2000D9250108282A0108322A0108482A01083F
:104F3000E8280108D7380020E0100020662700206C
:104F4000D4F8D0325593D4F8D4325693D4F8D8321A
:104F50005793D4F8DC325893D4F8E0325993D4F80C
:104F6000E4325A93D4F8E8325B93D4F8EC325C9391
:104F7000D4F8F0325D93D4F8A830002BD4E9BD67A3
:104F8000D4E9BFCED4E9C281D4E9C405D4E9C69A34
:104F900001F39E810022144613460DF5906BCDF867
:104FA00088B00DF5AA6BCDE9203B5D9B13935C9B0C
:104FB00012935B9B11935A9B1093599B0F93589B91
:104FC0000E93579B0D93569B0C93559BCDE91E4218
:104FD000CDE91A05CDE91881CDE91467CDE91C9A10
:104FE000CDE916CE0B93549B0A93539B0993529B86
:104FF0000893519B0793509B06934F9B0593C74B78
:105000000493C74B0393499B0293C64B0193489B60
:1050100000934A9A4C9BC448C44E0521FEF752FDAA
:1050200000250DF5D1692F4634460DF5E96896ED5A
:10503000350A102249460420FEF740FE96ED360A56
:10504000102208EB07110420FEF738FE96F8DC303A
:1050500013B10123BB401D4301370C2F06F1180685
:1050600009F11009E3D194ED7D0A102274A90420FE
:10507000FEF724FE94ED7E0A102278A90420FEF7A4
:105080001DFE94ED830A10227CA90420FEF716FE73
:1050900094ED840A102280A90420FEF70FFE94EDFF
:1050A000890A102284A90420FEF708FE94ED8A0ADA
:1050B000102288A90420FEF701FE94F8143294F817
:1050C000FC2194ED300A5B0343EA02332B431022A8
:1050D0008CA904204A93FEF7F1FD94ED310A1022C9
:1050E00090A90420FEF7EAFD94ED900A102294A9FD
:1050F0000420FEF7E3FD94ED910A102298A9042004
:10510000FEF7DCFD94ED920A10229CA90420FEF724
:10511000D5FD94ED930A1022A0A90420FEF7CEFD40
:1051200094ED940A1022A4A90420FEF7C7FD94ED83
:10513000960A1022A8A90420FEF7C0FD94ED970A54
:105140001022ACA90420FEF7B9FD0DF5347894EDDA
:10515000980A1022B0A90420FEF7B0FD0DF53879A9
:10516000414694ED9A0A10220420FEF7A7FD0DF5A2
:105170003C7A494694ED9B0A10220420FEF79EFDDE
:105180000DF5407B94ED9C0A102251460420FEF759
:1051900095FDC4AD94ED9D0A102259460420FEF7FA
:1051A0008DFDC8AE294694ED8E0A10220420FEF72C
:1051B00085FD314694ED8F0A10220420FEF77EFD16
:1051C0005B4BCCAF93ED290A394610220420FEF741
:1051D00075FD574B93ED290AF6EE007A20EE270A6B
:1051E000D0A910220420FEF769FDD4F8A032CDF832
:1051F000F4A0CDE93EB394F87832CDF8E880CDE95B
:105200003B93D0A9B0ABCDE938713793ACAB3693B3
:10521000A8AB359394F864323493A4AB3393A0AB2A
:1052200032939CAB319398AB309394AB2F9394F81B
:1052300054322C95CDE92D6394F837322B934A9B49
:105240002A9394F83632299388AB289384AB27931A
:10525000B4F83432269306232593B4F832322493DB
:10526000B4F83032239380AB22937CAB219378AB9C
:10527000209374AB1F930DF5FF631E930DF5FD6333
:105280001D930DF5FB631C930DF5F9631B930DF551
:10529000F7631A930DF5F56319930DF5F3631893FE
:1052A0000DF5F16317930DF5EF6316930DF5ED63AF
:1052B00015930DF5EB6314930DF5E96313930DF559
:1052C000E76312930DF5E56311930DF5E363109316
:1052D0000DF5E1630F930DF5DF630E930DF5DD63BF
:1052E0000D930DF5DB630C930DF5D9630B930DF561
:1052F000D7630A930DF5D56309930DF5D36308932E
:105300000DF5D163079390AB06938CAB0593D4F85E
:10531000AC300493D4F8A8300CE000BF351F01086E
:105320001D1F010824150108302F0108E01000207E
:10533000E02000200393499B0293C34B0193489BB9
:105340000093D4E90123C14805210DF29445FEF7ED
:10535000B9FB0DF5956694EDDE0A14222946052069
:10536000FEF7ACFC0DF2BC4794EDDF0A1422314687
:105370000520FEF7A3FC0DF59A6894EDE00A1422CF
:1053800039460520FEF79AFC0DF2E44994EDE10A56
:10539000142241460520FEF791FC94EDE20A142206
:1053A00049460520FEF78AFC94EDE30A14220DF528
:1053B0009F610520FEF782FC94EDE40A14220DF2B1
:1053C0000C510520FEF77AFCD4F83433002B40F35F
:1053D0009387D4E9DA010DF5AD62FEF73AFE0DF5DB
:1053E000B36200200021FEF734FE994C94F82A3372
:1053F000002B00F09F87D4E9DC010DF5B062FEF7C9
:1054000028FE4E9B1E93934B1D93D4F864331C933C
:10541000D4F860331B93D4F85C331A93D4F8583320
:105420001993D4F854331893D4F850331793D4F80D
:105430004C331693D4F848331593D4F8443314936B
:10544000D4F840331393D4F83C331293D4F8343364
:105450001193D4F8303310930DF20C530F930DF5D4
:105460009F630E9394F82B337B48CDE90C930DF595
:10547000B0630B930DF5B3630A930DF5AD63CDE9FE
:105480000883CDE906670595D4F83833049394F87A
:105490002A330393714B02936B4B0193489B009308
:1054A000D4E901230521FEF70DFBD4F89433002B3A
:1054B00040F047876A4C6B4D04F54078A4F5767947
:1054C0002378002B00F0A1806378002B00F0A187E7
:1054D000D4E918010DF5CB62FEF7BBFDD4E9060156
:1054E0000DF5CE62FEF7B5FDD4E908010DF6080210
:1054F000FEF7AFFD0DF60842D4E90A01FEF7A9FD5B
:10550000D4E90601FBF74AF8574B0022FBF774F881
:10551000564B0022FBF770F8FBF73EFB142200EE1F
:10552000100A0DF5C2610520FEF7C8FBD4E9080199
:10553000FCF74EFB14220DF5C5610520FEF7BEFBFE
:10554000D4E90A01FCF744FB14220DF5C8610520DB
:10555000FEF7B4FBD9E901234A932B6854932369DE
:105560004C9363684E93A3684F93E3685093D4E9D8
:1055700023735193D4F89430A0785293D4F8983090
:105580005393FEF757FA6378D4E927ABD4E9216146
:10559000CDE91903539BCDF858A0CDE917B3529B21
:1055A0001593519B3248CDE913730DF5C8631093E1
:1055B0000DF60843CDE911160F930DF5C5630E9353
:1055C0000DF608030D930DF5C2630C930DF5CE6334
:1055D0000B930DF5CB630A93509B09934F9B089354
:1055E0004E9B07934C9B06934FF4B4730593549BC7
:1055F0000493204B0393499B0293134B0193489BC5
:10560000009305214A9BFEF75DFAC034444505F13D
:1056100004057FF455AF0E4C94F8C85394F8CA6350
:10562000D4F8D47394F8CC03002D00F01787002E23
:1056300000F01787042F40F014870F490F4B002804
:1056400018BF19461CE000BF241501087F3201086D
:10565000E0100020461F010892370108821F010850
:10566000B81400209C580108008076400000F03DEE
:105670001F3B0108721F0108A4560108A256010829
:10568000FEF7D8F9D4E90128D4F8D093CDE90B017D
:1056900094F8CB33CDF82090CDE909730423CDE9FC
:1056A000066394F8C933D748CDE90453D64B039326
:1056B000499BD64D0293D64B0193489B00932E46AF
:1056C00043460521FEF7FEF9F6E804010DF5B66242
:1056D000FEF7BFFC56E902010DF5B962FEF7B9FC11
:1056E000D6E900010DF5BC62FEF7B3FCD5E908016F
:1056F0000DF5BF62FEF7ADFCD5E90A010DF5C262FA
:10570000FEF7A7FCD5E90C010DF5C562FEF7A1FC7B
:10571000D5E910010DF5C862FEF79BFCD5E9120131
:105720000DF5CB62FEF795FCD5E93E010DF5CE6295
:10573000FEF78FFCD5E940010DF60802FEF789FC63
:10574000D5E942010DF60842FEF783FCD4F818278C
:10575000D4F89437D4F82017D4F82407D4F828576D
:10576000D4F888681344D4F878281344D4F89028DF
:105770001344D4F848271344D4F860271344D4F8CA
:105780009C270A44D4F880180A44D4F898180A448C
:10579000D4F850170A44D4F8681702EB010BD4F878
:1057A000A0170144D4F884080144D4F89C080144AB
:1057B000D4F854070144D4F86C070144D4F8A40782
:1057C00005443544D4F8A068D4F8A8073544D4F883
:1057D00058673544D4F870673544D4F82C67871976
:1057E000D4F88C6894F8D8063744D4F8A4683744C1
:1057F000D4F85C673744D4F874673744D4E9012699
:105800004A96461ED6F1000AD4F800484C944AEB5A
:10581000060A072896BF7F4CDFF8F4C154F820C071
:105820007D4CD4F8C8074E90D4F8E8074F9094F810
:10583000D906002800F0188694F8DC06032800F248
:105840001686764E56F8200094F8DB66002E00F09F
:10585000118694F8DE46032C00F20F866F4E56F840
:1058600024606D4C94F878E7BEF1000F00F00886D4
:1058700094F879E7BEF1030F00F20686DFF89C8109
:1058800058F82EE094F87488B8F1000F00F0008604
:1058900094F87548032C00F2FF85DFF8808158F8F2
:1058A00024905D4C94F8EC86CDF87C8094F8EB86DF
:1058B000CDE91B15CDE91D78CDE9193BD4F8C038E9
:1058C00018930DF5CB6310930DF5C8630F934F9BA1
:1058D0000E930DF5C5630D930DF5C2630C934E9BAE
:1058E0000A930DF5BC6309930DF5CE670DF5B96309
:1058F0000DF608080DF60845CDE9149708930DF547
:10590000BF690DF5B663CDE9126ECDE906C3CDF8DA
:1059100058801190CDF814A01795CDF82C904C9B81
:1059200004933F4B0393499B394E0293489B3D4858
:10593000009305214A9B0196FEF7C4F8424694F86D
:10594000C41804F6C800FEF7CCFB94F8081A2A46DF
:1059500004F52160FEF7C5FBCDF80C8094F8C4383F
:105960003148CDE90163489B0093D4E90123052127
:10597000FEF7A8F8039594F8083A2C48CDE901639E
:10598000489B0093D4E901230521FEF79BF804F618
:10599000C94B04F54D6A4FF000081BF8011F08F1D0
:1059A000010889B12A465046FEF79BFB04959BF8F7
:1059B00000300196CDE90283489B0093D4E901238E
:1059C0001B480521FEF77EF8B8F1030F0AF5A07A0F
:1059D000E3D1D4E9CCB394F82C034A93154994F855
:1059E00029A3FEF727F894F82AE3134BD4E90128FA
:1059F000BEF1000F18BF19464A9BCDE903B3489B7F
:105A000000931BE0403D0108721F01089018002020
:105A10002415010834580108E010002054580108EA
:105A2000461F01084A3E0108A04101082142010821
:105A3000A2420108A2560108A4560108CDE90501B9
:105A4000CDE9016A934843460521FEF73BF8267BE2
:105A5000002E40F07F8594F8B030002B00F0668572
:105A600094F88D30002B00F067860DF55478B4F86B
:105A7000B4108948D4F800A09FED888AFEF74CF84E
:105A800094ED2E0A4046FEF733FE41468448FEF769
:105A900043F8CDF800804346D4F8BC20B4F8B210E7
:105AA0008048FEF739F8B0460AF10106D4F8A8306C
:105AB0009845C0F2F584DFF838820093D8F890302A
:105AC000794832466421FEF727F80DF55C7A98EDA7
:105AD000250AD8A8FEF70CFE98ED260A5046FEF7D8
:105AE00007FECDF804A0B8F89E300093B8F89C20CB
:105AF0006E48D8AB3146FEF70FF80120FEF7AAFC3E
:105B000082460620FEF7A6FC8046BAF1000F00F0A0
:105B1000EA849AED030AE0A8FEF7EAFDBAF1000F65
:105B200000F0E5849AED040A0DF5B660FEF7E0FD9D
:105B30005F480DF5B663E0AA3146FDF7EDFFB8F119
:105B4000000F00F0D88498ED030A0DF5B960FEF758
:105B5000CFFDB8F1000F00F0D28498ED040ADFF811
:105B600090810DF5BC60FEF7C3FD0DF5BC630DF52E
:105B7000B96231464F48FDF7CFFF94ED8E0A484693
:105B8000FEF7B6FD4B4694F837224B483146FDF7F9
:105B9000C3FF98ED290A0DF5C260FEF7A9FD0DF5CA
:105BA000C26231464548FDF7B7FF98ED2B0A0DF567
:105BB000C560FEF79DFD0DF5CB6998ED2C0A0DF53E
:105BC000C860FEF795FD98ED2D0A4846FEF790FD5A
:105BD0000DF5C8630DF5C56231463948CDF8009022
:105BE000FDF79AFF98ED2A0A3846FEF781FD3A46FE
:105BF00031463448FDF790FF98ED280A0DF608006D
:105C0000FEF776FD30480DF608023146FDF784FFB9
:105C10000DF6080231462D48FDF77EFF28469FED20
:105C20002C0AFEF765FD2B482A463146FDF774FF26
:105C300000F090BC284B48938346FEF743BED4F84F
:105C40009030264A102168A809F050FBD4F894300F
:105C5000224A10216CA809F049FB94F89830204A98
:105C6000082162A809F042FBFEF7B4BE1D4970A8E6
:105C700009F040FCFEF7BABE1B4D1A4EFEF7C2BE3D
:105C80001A4EFEF7BFBE0023BC4618464A93FEF7E5
:105C90001ABF00BF2A430108CD4301080000B443E6
:105CA000E0430108004401086344010892440108EC
:105CB000D4440108244501088C450108C145010868
:105CC000064601083A4601085E46010854460108A6
:105CD000000000007E4601082C1501087F1801080D
:105CE000831801085C1801084F180108FF560108C5
:105CF000E02000203AF8020F0DF5CE67FBF758FBC5
:105D00000DF5D168142239460520FDF7D7FFB6EC12
:105D1000010A142241460520FDF7D0FFCDE906789F
:105D2000BAF800300593B4F8B220D6F8B4389748E2
:105D300013449BB2CDE90353499B0293944B0193C7
:105D4000489B0093D4E901230521FDF7E5FE4A9B1A
:105D5000904801334A9393F8743105934A9B1B781A
:105D60000493BAF8883E0393D6F8843ECDE90153F4
:105D7000499B0093D4E901230521FDF7CDFED4F81A
:105D80009433002B52D0D4F8082395424EDA591997
:105D900042F6F4728F5C05F5BA7203EBC203D3E9E5
:105DA00000890DF6084240464946FEF752F9404642
:105DB0004946FBF70DFF14220DF608010520FDF7FB
:105DC0007DFFD4F894C343F268100CEB0501D4E9CD
:105DD000012311F800E001F53A510978032996BF33
:105DE0006D486B4850F8210005F58B5110313CF897
:105DF00011100B910DF608010A910DF60841099159
:105E0000C7F380010891C7F34001079149990291B6
:105E10005F49019107F0010748990091CDE9050715
:105E2000CDE9035E5D480521FDF74CFED4F894737F
:105E3000002F63D0D4F834339D425FDA0022002370
:105E40000DF5CB61C1E90023237B4FF4B472002B25
:105E500040F095804C9800235946FBF74BF8EB0037
:105E60004F93C317CDE900030DF5CB68CDF808803B
:105E700007EBC501D7E90023D1E90001FBF78CFF4F
:105E800000283BD0464FD7F89433EA0013440DF670
:105E90000809D3E900014A46FEF7DBF80DF608428F
:105EA000D8E90001FEF7D5F8D8E90001FAF776FB4A
:105EB0003C4B0022FAF7A0FB3B4B0022FAF79CFB7D
:105EC000FAF76AFE142200EE100A0DF5E9610520CA
:105ED000FDF7F4FE0DF5E96306930DF60843CDE9F1
:105EE0000493499B02932A4B0193489B039500938B
:105EF000D7E901232D480521FDF70EFED4F89413B0
:105F0000002932D0D4F830339D422EDA01EB8503DC
:105F100003F580532944D3F84087D3F8109D42F607
:105F20000C53D4E90127C85CFDF784FD42F6983391
:105F30000990CB5C089342F624231D48CB5C079361
:105F400042F6B003CB5C069342F23C73CB5C059304
:105F500042F2C853CB5CCDE90393499B0093CDE952
:105F600001583B460521FDF7D7FD4C9B13F58033C7
:105F700005F101054C934BF1000BFEF771BF4C98F6
:105F800000235946FAF7B6FF404268E75E2A010847
:105F900024150108882A010854580108B02A01086C
:105FA000E0100020008076400000F03DA02B0108AA
:105FB000CE2B0108D64D0024D5F8942346F618219F
:105FC000131913F801A046F68C3113F801B047F607
:105FD00074615E5C02F5E043B3F9E89F16F00103DB
:105FE0004F9340F0C483BAF1000F00F00281A14545
:105FF00006D0BBF1010F03D0BAF1010F00F0F98018
:1060000004F25C6302EBC303D3E9000100290746F5
:10601000884602DA474261EB4108BBF1010F0BBF32
:10602000002300234FF4A072DC220BBFCDE94A23EA
:10603000CDE94A23512338230DF5BF624C93FEF777
:1060400008F8384641460DF5C262FEF702F8DDE970
:106050004A010DF5C562FDF7FCFF04F54253D5F882
:10606000941330330DF5C86231F813000021FDF7A9
:10607000F0FFD5F8943304F5FA6203EBC203D3E9D9
:1060800000010DF5CB62FDF7E4FFD5F8943304F67B
:10609000441203EBC203D3E900010DF5CE62FDF714
:1060A000D8FFD5F8943304F6B82203EBC203D3E942
:1060B00000010DF5D162FDF7CCFF04F54853D5F88A
:1060C000941324330DF5E96231F813000021FDF734
:1060D000C0FFD5F894331A1902F5DA420021177877
:1060E00007F001024A9204F55C52383203EB420396
:1060F0000DF608029888FDF7ACFFD5F8943304F646
:106100002C6203EBC203D3E900010DF60842FDF750
:10611000A0FF8048804BBBF1010F18BF034650938E
:10612000D5F89433A14503EB040809BF03F5E04318
:10613000002393F8EA3F4FF0010918BF4FF0000920
:1061400046F23070BAF10A0F46F6A40C98BFDFF899
:10615000E0B118F8000018F80CC094BF5BF82AA052
:10616000DFF8B8A108F5FA48D5E9011298F80080DF
:10617000CDF864A00DF5CB6ACDE9173AC6F3400E11
:106180000DF60843C6F38006CDE914630DF6080347
:10619000CDE912834F9B10930DF5E963CDE90EC352
:1061A0004A9B0C930DF5D1630B930DF5CE630A93C7
:1061B0000DF5C863CDE908034C9B0793C7F340076F
:1061C0000DF5C563CDF85890CDF844E00D970693D2
:1061D000509B05930DF5C26304930DF5BF63CDE9A4
:1061E0000243499B01934D4B00934D48489BFDF75B
:1061F00069FC0134B4F5BA7F7FF4DEAE444DD5F8C6
:10620000943303F5E043B3F9E83F002BFEF632AEDA
:10621000DFF808810024302750E007FB04A606F5CC
:106220000043D3E900010DF5E962FDF712FF06F521
:106230000043D3E902010DF60802FDF70AFF06F557
:106240000043D3E904010DF60842FDF702FFD5F83B
:10625000943303F5E04304F10109B3F9E80F47F67D
:10626000F07307FB04A456F803C047F6F473D5E9AE
:106270000112F35C032B9CBF2A4E56F8233048F2E0
:10628000180688BF4346A65D0A960DF6084609968D
:106290000DF6080608960DF5E966079647F6F876B6
:1062A000A4590290CDE90534499B1F48CDE90083EC
:1062B000CDE9039C489BFDF705FC4C46D5F894A31B
:1062C0000AF5E04393F8EA3F9C42A6D3FEF7D2BD1D
:1062D000A1EB030BDBF1000444EB0B04A0EB030B7D
:1062E000DBF1000242EB0B02A5EB030BDBF1000339
:1062F00043EB0B03FEF751BE0C490DF5AD6009F001
:10630000F9F80A490DF5B36009F0F4F8FFF76DB834
:10631000E010002071180108681801082415010810
:10632000062C0108F85701083D2E01085C180108E9
:106330000858010874490DF5B06009F0DBF8FFF763
:1063400060B84FF4B4730026CDF85C366F4FCDF8CB
:1063500058660DF5CB634A934A9BD7F8342353F81C
:10636000045B4A93954244DA694A02F11804002D0D
:1063700008BF1446D7F8942302EBC50152F835A0A4
:10638000D1F804B00DF5CE6250465946FDF761FED6
:1063900022780DF608490DF60808002A30D0D4E915
:1063A00004014246FDF755FED4E90401B0EB0A00B2
:1063B0004A4661EB0B01FDF74CFECDE90A890DF56C
:1063C000CE63092209930892E2680792A2680692B6
:1063D000626805922278499B0293CDE903524D4BA6
:1063E0000193489B0093D7E901234B480521FDF712
:1063F00069FB731C022B4FF00106ADD1FFF75AB8B1
:106400004149404609F076F83F49484609F072F89C
:10641000D3E73D490DF5CB6009F06CF83A490DF52D
:10642000CE6009F067F838490DF6080009F062F807
:1064300035490DF6084009F05DF833490DF5C260A5
:1064400009F058F830490DF5C56009F053F82E49A8
:106450000DF5C86009F04EF8FFF77CB82F49FFF73B
:106460000FB92F49FFF70CB92748FFF7EDB92948B5
:10647000FFF7EAB9244EFFF7F4B9264EFFF7F1B95A
:10648000DFF884E0FFF7FEB9DFF888E0FFF7FAB93C
:10649000DFF87490FFF705BADFF87890FFF701BADC
:1064A000BAF1000F18DB07EE908AB8EEE70A0DF696
:1064B000080020EE080A80EE080AFEF719F94D9B45
:1064C000284693ED000AFEF713F916482B460DF601
:1064D00008023146FDF720FB4D9B043308F101080B
:1064E0004D93FFF7E3BA9FED100AFFF714BB9FED42
:1064F0000E0AFFF719BB9FED0C0AFFF726BB9FEDB5
:106500000A0AFFF72CBB00BF5C180108E01000204E
:1065100078140020241501081E3A01087618010895
:10652000A25601083E4401080000000094F8A402AD
:10653000FDF780FAD4F8A8202168019203468E481E
:10654000D0F89000121A009294F878228B4801310A
:10655000FDF7E2FA8A4E0DF5CB6256E90201FDF72E
:1065600078FDD6E910013A46FDF773FDD6E908013A
:106570000DF60802FDF76DFDD6E91C012A46FDF770
:1065800068FDD4F89433002B00F0E88003F5E04375
:10659000B3F9E87F63684893A3684A93D4E92A1360
:1065A000002994F878824C9340F3DB80D4F80C33C4
:1065B000D4F810235B1AD3F1000949EB0309D4F88E
:1065C0001433501A4242A3EB01054241D5F1000AAF
:1065D0004AEB050A94F8A402FDF72CFA694BD4F8AB
:1065E000345CD3F800E0D4F8103C4D93D4F8143C5C
:1065F0004E93D4F8203C4F93D4F8243C5093D4F8D5
:10660000283C5193D4F82C3C5293D4F8303C53930B
:10661000D4F8383C5493D4F83C3C5593D4F8483CD7
:106620005693D4F84C3C5793D4F8503C5893D4F834
:10663000543C5993D4F8583C5A93D4F8683C5B9333
:10664000D4F86C3C5C93D4F8703C5D93D4F8743C03
:106650005E93D4F8783CD4F8886C5F93D4F87C3C93
:106660006093D4F8803C6193844645EA060394F82D
:10667000B000D4F884BCB3FA83F35B09002874D06B
:106680004EEA0500404C3043404818BF2046CDE953
:1066900026300DF60843CDE92463619B2193609B6E
:1066A00020935F9B1F935E9B1E935D9B1D935C9B42
:1066B0001C935B9B1B930DF5CE631A935A9B199306
:1066C000599B1893589B1793579B1693569B15935A
:1066D0000DF60803CDE922B71493559B1393549BF1
:1066E0002B48CDF80C80CDE91153539B1093529B4E
:1066F0000F93519B0E93509B0D934F9B0C930DF555
:10670000CB630B934E9B0A934D9BCDE908E34C9BC7
:10671000CDE90113499B0093CDE906AC4A9BCDE935
:1067200004920521489AFDF7CDF90DF5805D03B07F
:10673000BDEC028BBDE8F08FD4F8342C22B1216877
:1067400014480131FFF772BAD4F8882C002A3FF4BC
:1067500001AF216810480131FFF768BA4FF0FF37E9
:1067600018E700229146924634E707488FE7BAF1CE
:10677000000F7FF445AC3CE5E0200020A84601086E
:10678000001D0020CC3B0020A2560108A4560108A1
:1067900059470108E94601082147010800000000A7
:1067A0002DE9F04F2DED0C8BADF2645DCDE9340198
:1067B0002B939DF8B83537482C9300234A92429387
:1067C000FDF7AAF9344B2B9A3448354C002A08BF00
:1067D0001846FDF7C5F950B90A2323700023149316
:1067E00014980DF2645DBDEC0C8BBDE8F08F2D4B61
:1067F0001A68013226921A60FCF726FF94A8FCF76B
:106800009BFFFCF733FF9EA8FCF796FF9EA8FDF7C1
:106810001DF9149028B90A2323482370FDF77CF949
:10682000DCE7FCF70FFF03F037FA204B3A901B78B8
:106830002F9363B31E4B1B68C31A1C22002176A83A
:106840003B9308F0C5FD03F027FA0546FCF7F4FF7B
:10685000DFED188A124B4690FEAF02263846B0EEA6
:10686000680AC7ED008A1E70FCF78CFF044628B347
:1068700003F012FA0026FCF7DFFF0323149C1693A3
:10688000B3465D469FED0B8ADDF858B03AE12F9B89
:10689000D3E700BF3F4D0108B74C0108A04C0108E9
:1068A000D03B002008090020514D0108D4080020E9
:1068B000D808002000000000CDCC4C3DD7ED009A58
:1068C00031962F460DF58866C6ED008A3046B0EE4B
:1068D000680AFCF757FF16900028C9D196ED009A78
:1068E0001FED0B7AF0EEC97AF4EEC77AF1EE10FAEA
:1068F00040F15D81013440F2F5139C4240F070811B
:1069000003F0CAF9431B4793FCF796FFCA4B489024
:1069100003221A7003F0C0F9C84B169A1A60C84BCC
:1069200081460DF59A601A60FCF706FFBDF8EC444D
:1069300042F6AB26B4FBF6F306FB1344A4B241F2D5
:1069400055539C4240F29881351BB723B635B5FBB1
:10695000F3F528235D4306F0EDFDDFF8E4A2DFF850
:10696000DCB207464FF00108454580F08B81B7EE59
:10697000000A0020FCF76AFEC82006F028FE03F09B
:106980008BF9B04CB04BA0EB090542F6E022002198
:1069900020461D6008F01CFDAC4B49F2B0220021DE
:1069A000184608F015FD00F5E0424FF6FF71A2F819
:1069B000E81FA74A269B63604FF00008C2F80080DA
:1069C000A44AC4F894521368C4F8940301273B44C2
:1069D0001360A360994B84F828731B68C4F898323D
:1069E000974B84F8C8731B68C4F89C3284F8CB7347
:1069F000FCF720FFA4F83002FCF71AFFA4F83202DB
:106A000000EB4000A8AEB840A4F834028A4D3046EE
:106A1000FBF75FF8D6E9091206232B70F36A306A98
:106A2000CDF83481CDE95A23336B5C930DF50478AE
:106A3000736B5D93CDE958014346032240F21D710B
:106A40003046FBF753F804F29472834658A9304657
:106A5000FDF7B2FA0523BBF1000F00F03F8184F887
:106A6000A4B284F8D836FDF771FB764D01269EA8B6
:106A70006E73FCF7EBFF94AFA8730FCF05F1100412
:106A80000FC40FCF0FC497E8030084E803009EAC47
:106A90000FCC05F138070FC70FCC0FC7479B779373
:106AA00094E80300319B7893469B7B93CDED799AD4
:106AB000489B7C9376AC87E803000FCC05F1600718
:106AC0000FC78DED7A9A94E8070087E8070095F8DC
:106AD000B030D5F8344C1493D5F8883C1C43B4FA44
:106AE00084F46409BBF1000F7FF4CBAE149B002B40
:106AF00001F0088705F5805595ED288A38EE288A3B
:106B000000250126FCF7A0FD4B4B08221A7003F06C
:106B1000C3F8514B1860514B01221A703A9BC01AAE
:106B2000002E3BD0474B349ADA67359AC3F8802061
:106B30004A9AC3F884200322C3F888202B9A83F84A
:106B40008C20002A41F0E2862C9A002A01F0E1868E
:106B5000D3F8342CD3F8881C0A43B2FA82F25209D3
:106B600083F88D202C9A83F88E209DF8BC2583F81D
:106B70008F203B4AC3F89020DDF8C025C3F894204D
:106B80009DF8C42583F898203B9AC3F8A0202F9A3B
:106B9000C3F89C0083F8A420FDF77CFEBBF1010F35
:106BA00041F0BA86244B2F480A221A7036E69DED32
:106BB000FE7AB0EEC77A77EEC77A9FED2B7AF4EEC5
:106BC000C77AF1EE10FA0ADD03F066F8FCF734FE3E
:106BD000149CDDF858B0012316935E4651E6169CCE
:106BE00003F05AF8C31BB3F5FA7F804611D396ED34
:106BF000000A0DF59A60FDF77BFDFCF71DFE4FF4D2
:106C0000FA730090224619480DF59A61FCF784FF4B
:106C10004746319B01333193A8EB050844F61F63C7
:106C2000984525D903F038F84FF0000BFCF704FE27
:106C3000149C0223D0E700BFD03B0020C43B0020BF
:106C4000C03B0020E0100020C83B002000000010E6
:106C5000CC3B002004090020D8080020D4080020E4
:106C6000C0D40100D04D01080000B442924D01088B
:106C7000022006F0ACFC27E60CB9264664E6169E18
:106C8000254662E6B8F1010F0AD006F053FC013741
:106C90003B1A002B17DD384606F0A5FC45451BD0F6
:106CA0002B46424631462046FDF7ACF9B7EE000AC6
:106CB00080B2FCF7CBFCDBF800300133CBF80030BE
:106CC00008F1010850E6C01B0028C2BFDAF8003006
:106CD0000133CAF80030E1E73046E7E72B70D6E928
:106CE0000931326A84F8D976F76ACDE95E23CDE9B5
:106CF0006017336B6293C8AF736B6393CDE900B7D2
:106D0000D8E90223FDF714F804F5E362804684F81D
:106D1000DC065EA93046FDF74FF9B8F1000F11D03F
:106D2000B8F1030F14BF0223052384F8D836FDF70A
:106D30000DFAB8F1030F7FF498AE97F801B084F81C
:106D4000A4B292E63B6910937B69139304232B70E2
:106D500002F0A2FFD6E909751C90D6E90B01726B0F
:106D6000366ADFF890A2CDF854B0CDE966509C4D5C
:106D7000CDE96467CDE968125E465F465A469046A3
:106D800000234FF4B47228463146FAF7B3F8A0EB6B
:106D90000808B8F1000F024607D0CCBF01214FF020
:106DA000FF310FB18F4226D10F4600230DF5287811
:106DB000CDE90033CDF8D0344DA90DF59A634046A6
:106DC0001792FDF7C5FC159ADDF8D0341A441592D8
:106DD0008146179AA8B1834A64A94046FDF7ECF8AA
:106DE000A2F67802052382F8A49282F8D836CB4620
:106DF000FDF7ACF939E6D4F800380133C4F80038AF
:106E0000D2E715F5803546F10006864208BF5545A4
:106E1000B5D1744E744C324664A94046FDF7CCF8A7
:106E200010990523237042F6AB23CB181793139BBD
:106E3000D8F82010529143F10003D8F82410189389
:106E4000D8F82830CDE95313D8F82C305593A6F64E
:106E50007805D8F8303056930122D8F8343085F8C8
:106E600078270DF55A7ACDE9002A5793DDE91723E3
:106E7000FCF75EFFA6F5B072814685F8790752A946
:106E80004046FDF799F8B9F1000F11D0B9F1030FA1
:106E900014BF0723052385F8D836FDF757F9B9F154
:106EA000030F7FF4E2AD9AF801B085F8A4B2DCE5F7
:106EB000DAF810301993DAF814301A9342F6AB224C
:106EC000002346E93223109A199B139947489B1ACD
:106ED0001A9AC5F8B83762EB01021B18C5F8BC272F
:106EE00062F1000246F8B83CC5F8C42702F0D4FEAF
:106EF0001C9BC01AC5F8C80702F0CEFE012F4FF048
:106F00000403237008BFD5F800381E90A8AC08BF52
:106F10000133D4E9091208BFC5F80038D4E90B35AC
:106F2000206A666BCDE966230023CDE96401CDE9D3
:106F300000334E9342F6F5124EAB4DA92046CDE9F3
:106F40006856FDF705FC2A4E0746324664A92046DE
:106F5000FDF732F8A6F5096547B1052385F8A47257
:106F600085F8D836BB46FDF7F1F87EE51E4F216A5D
:106F70004FF005033B70D4E909235493E36A55931A
:106F8000236B5693636B5793109BCDE9521242F6D5
:106F9000F5129A18139B4FF001090DF56C7A85F8DC
:106FA000749843F10003CDE9009AFCF7C1FEA6F501
:106FB000BC72804685F8750852A92046FCF7FCFF94
:106FC000B8F1000F18D0B8F1030F14BF0323052345
:106FD00085F8D836FDF7BAF8B8F1030F61E700BFBE
:106FE000B400010058190020D03B002055D5FFFF08
:106FF00070190020B4003D00DAF810301C93DAF864
:1070000014301D936FF0B5024FF0FF33C6E906232D
:10701000199A1C9B1A999B1A1D9A62EB0102C6E9E8
:107020000832B63342F10002C6E90A3202F034FEF9
:107030001E9BC01A736AC5F8C008DB0F85F8EA36D4
:1070400002F02AFE04233B70D5F800381990013372
:10705000C5F80038D4E90923E06A216ACDF83C81FB
:10706000CDE96630236B6893636B699328230DF534
:107070009E7A019306F5C073CDE96412009342F63F
:10708000AB2253464DA92046FDF762FBA6F5A4723C
:10709000804664A92046FCF78FFFDDF83CA1C5F8C7
:1070A000E4A685F808AAB8F1000F09D04FF005034F
:1070B00085F8A48285F8D836C346FDF747F8D4E4AE
:1070C0004FF005033B70D4E90923E76A216A85F88C
:1070D000DB96CDE95437236B56930DF57E78636BC1
:1070E0005793CDE95212CDE90098DDE91723FCF75B
:1070F0001FFEA6F2A452074685F8DE0652A92046D6
:10710000FCF75AFFA6F5987252A9FCF755FF6FB12C
:10711000032F14BF0423052385F8D836FDF716F88E
:10712000032F7FF4A2AC98F801B0BEE6D8F8103077
:1071300023930DF5806CD8F814302D93BCE80F0024
:1071400084AC0FC49CE80F0084E80F00482241463D
:10715000B6A808F0D7F985F8D89602F09DFD199BDE
:107160001D99C01AB622002346E930231C9A239B9E
:10717000C5F8E8079B1A2D9A62EB010246E92E3208
:10718000B63B42F1FF3246E92C32109A239B139909
:107190009B1A2D9A62EB0102C54946E928325B1819
:1071A00062F1000246E92632159BB3F5166F06D14F
:1071B0004E9B282B03D1AAF1280047424741BD4AE4
:1071C000D2F82417D2F82037D2F8B00782F8E9763F
:1071D0000B43D2F828170B43D2F82C170B43D2F8E5
:1071E00080180B43D2F884180B43D2F888180B434D
:1071F000D2F88C180B43D2F898180B43D2F89C188D
:107200000B43D2F8A0180B43D2F8A4180B43D2F8C2
:1072100050170B43D2F854170B43D2F858170B43AF
:10722000D2F85C170B43D2F868170B43D2F86C17EF
:107230000B43D2F870170B43D2F874170B43D2F8F4
:10724000B417B3FA83F301284FEA531371F1000125
:1072500082F8EB36C0F21782D2F8AC18002980F21F
:107260001282D2F80028022A40F00D823B40DFF85B
:107270004492BDF8100289F8EC36A9F8B200FCF788
:10728000CFFA2D99A9F8B4002398DFED8BAA9FEDD2
:107290008BDADFED8BBAFAF79BFCA8AD239BC9F81C
:1072A000BC300FCD8CAC0FC495E80F0084E80F0004
:1072B00099F828332793402160230024CDE97F13D8
:1072C00044F6206002238193B0EE40AA89ED2E0A95
:1072D0008DF8F4417E94FAF75DFB40F21D738393C1
:1072E00009F54D63339303F57A73439303F2CE5359
:1072F0004493744B2993744B3293A3F2CE532A9345
:10730000724B829050942E9318943F943E94B0EE1A
:107310006ABA3C9410949DF8183333B1654AD2F898
:107320000C330133C2F80C3301239DF819233AB111
:107330006049D1F81023013243F00203C1F8102351
:107340009DF81A233AB15B49D1F81423013243F076
:107350000403C1F814239DF8D852012D40F0988100
:10736000D9F818230132C9F81823DDE9C464002CC8
:107370003246274602DA724264EB4407D9E9C80173
:107380009042B94138BFC9E9C827D9F8082301326A
:10739000C9F80823D9F894230AB3109901F5BA71F2
:1073A00002EBC101C1E900641099C09C4FF6FF7067
:1073B00001F58B511031A04228BF204622F8110060
:1073C00010990A4402F53A510D7042F6F471535483
:1073D0003C9943F26813FF2928BFFF21D154DDE90E
:1073E000BA34CDE91A34279B03B3109BF3B10DF5E2
:1073F000886100220023C1E900238CA80091BC9A77
:10740000BDF8E01240F21D73FAF7F3F8044668B1D4
:10741000902200210DF59A6007F0DAFF10982246BD
:107420000DF59A61FCF734FF00232793284B9FED5D
:10743000228A06221A704023159384AC2346032225
:1074400040F21D71A8A8FAF751FB1390002840F0F4
:107450003281D4E90201FAF7BBFB159B013B38EE00
:10746000008A1593EAD1DDED107A9FED1A7ADDF8E6
:1074700040A1F8EEE77A504667EE877A4FEAEA7164
:10748000C7EE87DAFAF7A4FB2346032240F21D7108
:10749000A8A89FED117AF0EE4A7AD8EE077A30EE7E
:1074A000678AFAF723FB1390002840F0048115E067
:1074B00055D5FFFFE010002000000000286B6E4E45
:1074C000286B6ECED738002066270020B40001005C
:1074D000D03B00200000B4430000803C24882046BC
:1074E000F9F766FF2A9B889AA3EC018A2A93329BBC
:1074F0002A9923F8024F32932A9BC3F8B4A8C1F803
:10750000842E3299BDF82822A1F8882E29999DF859
:107510002D2201F8012FB4EEEB8A9DF82E3281F86E
:107520007431F1EE10FA279BC8BF3E94B4EECD8AB9
:10753000C4BFB0EE40BAF0EE48BAF1EE10FA42BF66
:107540003F94F0EE40AAB0EE48DA2991002B00F00B
:107550004F81109B002B00F0A380B3F5B47F00F0A7
:107560009F8000231A460020CDE9012300210DF55C
:1075700088657DABCDE9040100930695DDE91A230A
:107580008CA8FAF7BBFE2946074602461098FCF77E
:107590007FFE002F40F0AC817B4C94F8C833002B69
:1075A00000F02681109BB3F5B47F40F021810126C5
:1075B00084F8C96384F8CB7302F06EFB3022179015
:1075C000394604F5767007F003FF9022294604F54A
:1075D000816084F8D863C4F8E8A307F093FFD4F877
:1075E000D0333344C4F8D0339DF84034002B5BD003
:1075F00004F57C7302934FF480320023CDE900231D
:10760000D4E9DA23D5E90C01FAF7C6FB002856D0F5
:10761000DDF85814DDF86034DDF85C04DDF864242E
:1076200084F8D9635B1A62EB0002C4E9FE32DDF82C
:107630008014DDF88834DDF88C24DDF884045B1ACE
:10764000C4F80034D4F8D4339FED4DCB334462EB0F
:107650000002C4F8D4334D4BC4F804241C9304F541
:1076600096651C9B53F8042F1C93179B19929F1827
:1076700002F012FB179B199AC31A9A4221D9381AA1
:1076800005F0A5FFF4E70023F1E5CDF840A042E6C0
:10769000022D02BFD9F81C230132C9F81C2364E66D
:1076A0003B4A402309205FE73346374A82F8DA3302
:1076B00082F8CC331393DDF840A000F0B4BC09236A
:1076C000F3E702F0E9FA179BC31A1D930DF59A63CD
:1076D0004FF0000806937DABCDE9018800938DED56
:1076E00004CBDDE91A238CA8FAF708FE074602F05E
:1076F000D3FA41461E90C022A5F1180007F068FE9B
:10770000199B45F8143C1D9B179A45F8103C1E9B8D
:1077100005F8167C9B1A4FF0010845E9033A05F875
:10772000188C90220DF59A6105F1180007F0EAFE19
:10773000D4F8D0334344C4F8D03327B99DF8D034BB
:107740003BB905F8168C15F8163C002B43D00E4AB1
:10775000AEE74FF480320023CDE9002302950DF50A
:10776000A061D4E9DA23D1E90001FAF715FB88B961
:10777000C02303FB0643092683F8DA633346E6E7B2
:107780000000000000000000E0100020AC580108DC
:1077900010090020DDF8E834DDF8F024DDF8EC1401
:1077A00005F8178CD21ADDF8F43463EB0103C5E950
:1077B0000223DDF81825DDF81035DDF81415D31A8D
:1077C000DDF81C2562EB0102C5E90432D4F8D4339C
:1077D0000133C4F8D4330136042E05F1C0057FF41B
:1077E00040AFA54B012283F8CA23002283F8CC23A3
:1077F000DFEDA27A109BB09AB59D1792F4EEE7DA0E
:10780000F1EE10FADDE9B148DDE9B37603F1010AE2
:1078100080F209842E9818994FF4B4720023F9F776
:1078200069FB974B4190BAF1030F4FF004021A70B5
:10783000CDE96E65D8BF2823179AD8BF139351ADF1
:107840004FF00001CDE96A242960D8BF339A13991B
:10785000CABF00222B461346CDE90021A8A8419AB1
:1078600050A9CDE96C87FCF773FFBAF1030FDCBFB9
:10787000299B2A681390D8BFA3F5D953A8ADD8BFC8
:1078800003F80E2C6AA97F4A2846FCF795FB13994A
:10789000DDE9B0E3DDE9B2C7DDE9B46229BB191B5C
:1078A000CDE952E3CDE95662509B239A3C919A1858
:1078B00036922D9A724942EBE373379305240123E4
:1078C000B6AE0C7000930196DDE93623CDE954C7BE
:1078D000FCF72EFA52AC07466B4A21462846FCF7C5
:1078E0006BFB032F07D173781393CDF840A0E2E62A
:1078F000002327937CE7D6E904531A93369B1A9A00
:107900005B1B2493379B63EB02031E93249B209302
:107910001E9B2193002B06DA249B5B4220931E9B27
:1079200063EB43032193209BB599B09AC92B219B0C
:1079300073F100032CBF4FF4A073DC234593209B0D
:10794000C92B219B73F10003DDE9B176DDE9B3407A
:107950002CBF512338233D93474BCDE97264D3F8B4
:107960009463CDE97027CDE97401002E34D006F57B
:10797000E043B3F9E83F002B30DA06F5FF46642315
:1079800070363093602200210DF59A6007F020FDDB
:10799000249B249A012B1E9B73F10003ACBF01238F
:1079A0004FF0FF33002422931E9B17941C941F94C6
:1079B0001D941994002B1146184602DA514263EBCC
:1079C0004300229F4097199FDDF8688025957F002E
:1079D000CDE938234B970AE03096D3E70023309364
:1079E0001E46CFE7CDE93823DDF8688025951129BB
:1079F00070F1000712D2199900290CBF012105214D
:107A00008DF8D01419998DF8EA149DF808158DF8A1
:107A10000915CDF8E024CDF8E434BAE01D9F37B95C
:107A2000412970F1000004D201218DF80815149944
:107A30001D91199989B1DDF8EC14102903D906219B
:107A40008DF8D014E5E7DDF8F0144029DDF8F414E2
:107A500071F100011ADB0721F2E73D991598814287
:107A600001D80221ECE71C99459881421F9971F1D8
:107A700000010BDB0321E3E7E01000200000B94325
:107A8000D03B0020B4130020CC1300201D9B4B9A48
:107A90005098002B229B0CBF102704277B43289370
:107AA0001D9B1344DBB24993289B18445090B7EEBA
:107AB000000A80B2FBF7CAFD0DF5886100220023A1
:107AC000C1E90423289B01915A194FF0000328991A
:107AD00000931A9BA8A843EBE173FCF729F9DDF8A2
:107AE00054341A93159BDDF8505401331593CDF897
:107AF000D4341C9BFB181C931F9B43F100031F9362
:107B00001C9BCDF8D8341F9BCDF8DC34199B8446E0
:107B10007BB1DDF8EC34DDF8F4240133CDF8EC343E
:107B2000DDF8F034DB1942F10002CDF8F034CDF885
:107B3000F4241D9B7BB1DDF80C35DDF814250133F1
:107B4000CDF80C35DDF81035DB1942F10002CDF827
:107B50001035CDF814250DF5896EBEE80F00B8AFCD
:107B60000FC79EE80F0087E80F00369B1A995A1B33
:107B7000379B63EB0103BCF1030F40F08B810A21BB
:107B8000CDF8E4349DF841348DF8D014CDF8E024DC
:107B90001393BC4AA8A870A9FCF70EFAA2F6984263
:107BA0009DF8D034D2F894039DF818259DF8E95437
:107BB0009DF808651992002800F09B80BAF5BA7FFD
:107BC00000F09780109A249F00EBC20101F54B5200
:107BD0004FF6FF7E97621E9FD7620DF59C6797ED6B
:107BE000007B01F57A520DF59F6782ED027B97EDE0
:107BF000007B01F594420DF5A06782ED0A7B97EDBD
:107C0000007B01F5AB4282ED127B109A00EB420C37
:107C10001C9A0CF5C04C724528BF7246ACF8622124
:107C2000DDF8F024724528BF7246ACF84A24159A54
:107C3000FF2A28BFFF2200EB0A07904646F2307267
:107C400001F5E24107F80280DDF8EC2446F6A408CD
:107C5000FF2A28BFFF2207F8082046F6182200F561
:107C6000E040BB54209AC92A219A72F1000246F6DC
:107C70008C322CBF4FF001084FF0000807F802804B
:107C80009DF8EA2407F5DA4845EA420288F8002020
:107C9000DDF81025724528BF7246ACF8762E179A8B
:107CA000CA66DDF80C258C66FF2A07F5FA4128BF65
:107CB000FF220A70199A9DF80915920042EA4102C2
:107CC00047F6746132437A54B0F9E82F002A10DA8B
:107CD0000EB1032B04D0042B02D09A1F042A08D81B
:107CE000DDF82825A0F8E8AFFF2A28BFFF2280F89A
:107CF000EA2F65481599D0F8142C0A44D0F81C1CBA
:107D00001091C0F8142C1C99D0F8182C12EB010C0F
:107D1000109A1F99C0F818CC41EB0201159AC0F8CF
:107D20001C1C22B1D0F8102C0132C0F8102C022BF0
:107D300040F03D81D0F8202C0132C0F8202C9DF875
:107D4000E804514A20B1D2F8281C0131C2F8281C9D
:107D500015B3D2F82C1CD2F83C5C4C4F0131C2F860
:107D60002C1CDDF8EC142944C2F83C1CDDF8F0545E
:107D7000396811EB050C7968DDF8F45441EB050521
:107D80009DF8EA14C7E900C5002900F01881D2F86F
:107D9000301C0131C2F8301C3B49082B02BFD1F81E
:107DA000382C0132C1F8382C06B3D1F8742C0132CA
:107DB000C1F8742C209AC92A219A72F100022BBFB3
:107DC000D1F8842CD1F8802C013201322CBFC1F8BB
:107DD000842CC1F8802C9DF809252B49002A00F03D
:107DE000F480D1F8782C0132C1F8782C199A2AB194
:107DF0002549D1F8882C0132C1F8882C2449D1E9D1
:107E00000021002902DA524261EB4101179E002E47
:107E1000254602DA654266EB4606AA4271EB060683
:107E20003FBF1B4A179914605160209A164CC92A0B
:107E3000219A72F10002C0F0C181D4F8502C15993A
:107E40001C9E0132C4F8502CD4F8582C0A44C4F8B3
:107E5000582CD4F8602CD4F8641C92191F9EC4F8D6
:107E6000602C46EB0101013B04F546656960042B7B
:107E700000F2B680DFE813F0AF0096019C01B40079
:107E8000AF0000BF781D0020E0100020201D002062
:107E9000701D00202599691A25911A99DDF894C062
:107EA00061EB08000028864603DADCF1000C60EB89
:107EB000400EDDF85C804746002F214602DA614221
:107EC00068EB4808614578EB0E0806D22599CDF895
:107ED0002015CDF824050C4617908EB3DDF8281533
:107EE000309F8F422CD901F10108CDF828854FF041
:107EF000300808FB01F806EB0801159F46F80870EA
:107F0000499F0F71289F8F60389F0F61399F4F6184
:107F1000259FC1E90823C1E906704FF0000081F8F0
:107F200028001D9870B1BCF1610F7EF1000E09D3DD
:107F300001208DF8180509B181F8280009217FE595
:107F40000021EEE7002B1146184617469C4602DA40
:107F5000574263EB430C112F7CF1000CFFF42AAD68
:107F6000229F012F18D1002BBFF63CAD1999E1B922
:107F70003899CDF8F8143999CDF8FC1440F2011174
:107F8000ADF8E8144099CDF80025494222911499A2
:107F9000CDF8043519910DE5012A73F10001FFF6C2
:107FA00009AD4FF0FF314091E0E7082148E5032B90
:107FB00002BFD0F8242C0132C0F8242CBFE6D2F83E
:107FC000341C0131C2F8341CE6E6D1F87C2C0132B5
:107FD000C1F87C2C0AE7D4F8543C0133C4F8543C73
:107FE00020B1D4F8703C0133C4F8703C139B002BD3
:107FF0007FF47BAC339B419A1398509203F5A073A6
:1080000033932E9B13F580332E93189B2E9A43F1B6
:10801000000318931899714B814208BF9A427FF46C
:1080200034AB4FF4BA7A6E4CD4F81423D4F8083336
:10803000D4F8EC52C4F8A8A004F580519B1AC1F8FA
:1080400090303E9BA1F89C303F9BA1F89E30139B43
:1080500084F8A432DDE9B073C4E9AF73D4F8D43244
:1080600081ED25BA2B44D4F81857C1ED26AAFB1A86
:108070005B1BD4F830575B1BD4F848575D1BD4F812
:108080007C37ED1AD4F87838DDE9B412DDE9B26056
:10809000ED1AD4F89038C4E9B312C4E9B160ED1A0E
:1080A000D4F8983CED1AC4F8A852D4F8F432D4F8B5
:1080B000DC522B44D4F82057F31A5B1BD4F8385702
:1080C0005B1BD4F850575D1BD4F88437ED1AD4F8F5
:1080D0008038ED1AD4F89838ED1AD4F8A03CED1A8F
:1080E000C4F8AC52D4F8E032D4F8F8522B44D4F8A7
:1080F0002457C31A5B1BD4F83C57D4F884085B1B85
:10810000D4F854575B1BD4F888575B1B1B1AD4F860
:108110009C081B1AD4F8A40C1B1AC4F8B032D4F86B
:10812000FC02D4F8E4320344CB1AD4F828175B1AC3
:10813000D4F840175B1AD4F858175B1AD4F88C1788
:108140005B1AD4F888185B1AD4F8A0185B1AD4F814
:10815000A81C5B1AC4F8B432D4F8E832D4F800137F
:108160000B44D31AD4F82C279B1AD4F844279B1A13
:10817000D4F85C279B1AD4F890279B1AD4F88C2843
:108180009B1AD4F8A4289B1AD4F8AC2C9B1AC4F8D8
:10819000B832139B33B30023DDF84CB084F8B03011
:1081A000FEF763BCD4F8683C0133C4F8683C17E7B9
:1081B000D4F86C3C0133C4F86C3C11E7032B02BFCC
:1081C000D4F8483C0133C4F8483C00283FF40EAFD3
:1081D000D4F84C3C0133C4F84C3C07E7B4007501BB
:1081E000E0100020D74B07221A7001F055FDBAF5B8
:1081F000B47F5346A8BF4FF4B473BAF5B47F814639
:10820000C4F8AC30C0F2BB81D4F80823924540F0EA
:10821000B681D4F81463A6EB0A0256425641CA4A04
:10822000DFEDD37A0024A34240F0AB81BAF1000F16
:1082300000F0AD8107EE104AB8EEC77A87EE878A64
:10824000C24BC14A9FEDCAAA83ED308AB0EE4A7A8A
:1082500000239C4240F09E81BAF1000F00F0AB81F8
:1082600007EE904AB8EEE70A87EE000A07F0D2FD63
:10827000DFEDB77AB4EEE70AF1EE10FA40F3A08131
:10828000CAEE007AB14BDFF8D082002783ED310AC5
:10829000C3ED9A7AAD4D18F8012BAB4805F1C80330
:1082A0003B44B0EE480A21461837FBF7F9FDB7F515
:1082B000907FEFD105F5F47303F56D600422B0EE05
:1082C000480A2146FBF7ECFD05F500730822B0EEE5
:1082D000480A214603F6B860FBF7E2FDB5F8342200
:1082E0001AB1B4EB420F00F26E81984B002283F872
:1082F0003622964BD3ED357A93F8C82083F837228F
:10830000C3ED8E7A0022012395ED3B7AF4EEC77A15
:10831000F1EE10FA44BF95F8E020429203F1010318
:1083200044BF149AF0EE477A0C2B05F11805EBD1F7
:10833000864B22B1429AC3ED8E7A83F83722DFED65
:10834000847A93ED31AA814DB4EEE7AAF1EE10FAEA
:10835000C9BF93ED8E7A9FED867AF6EE007A67EECE
:10836000277AC4BF6AEE0A6A67EE877A4FF006077B
:10837000C8BF87EEA67A012251A920468DF8447124
:108380000DF5E078B0EE480A85ED8F7AFCF776F8C7
:10839000242385ED900A01226AA92046B0EE480AFE
:1083A0008DF8A831FCF76AF83B4685ED910A694AD9
:1083B000F0EE4A0AB0EE480A21464046FCF7CCF8F7
:1083C000709BC5F84832719BC5F84C32729BC5F85A
:1083D00050329DF8CD310BB19DF8CC3185F8543237
:1083E0000DF588670C235C4AF0EE4A0AB0EE480AA5
:1083F00021463846FCF7B0F83B68C5F858327B6830
:10840000C5F85C32BB68C5F860329DF84D340BB1DD
:108410009DF84C344D4A4C4982F864324F4B1393CB
:108420001A4600239C4240F0DB802046FBF7F2FF17
:1084300007EE904A9FED4A0AB8EEE78A28EE000A56
:1084400007F0ACFEBDEEC00ADFED497A3F4A10EE00
:10845000103A013B9C42D8BF04F1FF33BAF1000F40
:1084600000F0C8803D4923EAE37301EB83031B68F6
:10847000C2F86C320023439A0133B2EC017A9C4279
:10848000E7EE077A4392F6DC87EE880A07F0C2FC33
:10849000324D2D49A7003A462846B0EE408A07F0F3
:1084A00031F82046FBF7B6FF9FED317A052C2346C5
:1084B00007EB0502A8BF0523F0EE476A0021F5ECA3
:1084C000017A013176EEA76A72ED017A8B4237EEBE
:1084D000277AF4D107EE903AF8EEE77A214B9FED38
:1084E000225A87EE276A1F44611E043386EEA77A5C
:1084F000D3ED007AD7ED006A76EEE76A07EE901AC0
:1085000036EE476AF8EEE75AB6EE007AF0EE477AB2
:10851000E5EE857A9FED155AA5EE857AFDEEE77AB0
:10852000BDEEC77A17EE902A17EE100A22EAE27221
:108530008442C8BF014603EB820203EB8103D2ED04
:10854000005A17E0D03B002098210020E0100020C6
:10855000BD378635E0580108E6580108100B0020A9
:10856000A4707D3F0C0B0020CDCC4C3D3333733FCA
:108570000000000093ED007A77EE657A46E0139EE6
:108580004DE6B2EC017A013477EE877A4BE61FEDC7
:10859000088A55E6F2EC017A77EEC87A0133A7EE45
:1085A000A77AF0EEE77AF4EECA7AF1EE10FAC8BFD5
:1085B000B0EE67AA4DE61FED120AF0EE407A61E6D2
:1085C0005FED157A5EE6012385F8363205F5067310
:1085D000B0EE480A214603F56A60FBF761FC88E6C5
:1085E000F1EC017A77EEC87A0133F0EEE77AE2EC4B
:1085F000017A17E7C2ED9B7AB0EE677AF0EE675A20
:10860000B0EE678AF0EE676AB0EE676AD24C9FED13
:10861000D3AA9FEDD3BA84ED286AC4ED296A84ED0C
:108620002A8AC4ED2B5A84ED2C7AC4ED2D7A04F6F7
:108630006C150027F0EE4AAAA4F58054BA455BD128
:10864000BAF1000F00F08B8007EE90AAB8EEE70AAF
:108650008AEE800A07F0DEFB84ED9C0A84ED9DAA79
:10866000BAF1000F11D0F2EE0E7AB4EEE70AF1EE95
:1086700010FA77D8F3EE0E7AB4EEE7AAF1EE10FA1C
:1086800094BF4FF0010A4FF0000AB64C0AF0010304
:1086900084F878320AEA060384F8B03001F0FCFA74
:1086A000A0EB0900C4F8A00201F0F6FA0023A4F838
:1086B0002A3394F828338246ABB194F8293393B126
:1086C000D4F894337BB194F82C6366B9D4F834139E
:1086D000D4F8A820914206D1D4F8AC20002A02DDBB
:1086E000B1F5B47F41DC01F0D7FA9E4BA0EB0A0054
:1086F000C3F86403FEF7B9B9449B33F8020F4493FF
:10870000F8F756FE55F8040FB4F8B230184480B2AA
:10871000B0EE408AF8F74CFEDFED937A38EE400A6F
:10872000B4EEE70AF1EE10FA13DCDFED907AB4EE66
:10873000E70AF1EE10FA0FD4E0EE00AA0137B0EE2E
:10874000C00AB4EECA0AF1EE10FAC8BFB0EE40AAF1
:1087500074E730EE4B0AE3E730EE0B0AE7E79FEDF4
:108760007F0A79E74FF0000A8FE7D3E90023C4E9D5
:10877000DA23DFF804929FED7E8ADFED7EAA9FED7B
:1087800077AAB4253746D4F834339F424CDBD4F86B
:10879000AC509FED727AC4F8385307EE905AB8EE99
:1087A000E70A00238AEE00BA84EDDEBA9D4200F3A8
:1087B0009F8087EE000A07F02DFB6A4C6E480DF58E
:1087C0009A6324222946B0EE40AA84EDDF0AB0EE77
:1087D0004B0AFBF765FBD4ED317A77EECA7A0DF2DE
:1087E000DC4393ED007AC4EDE37AD4ED657A84ED51
:1087F000E07A77EEC77A9FED617AC4EDE47AD4ED42
:10880000E27AF0EEE77AF4EEC77AF1EE10FA94BF6E
:108810000123002338EE6A8A84F82B33012384ED88
:10882000E18A84F82A331DE00DF59A6100220023C5
:10883000C1E90023D4F89433029103EBC7084FF445
:10884000B472002328463146F8F754FBCDE9000105
:10885000D4E9DA23D8E90001F9F79EFA50B90923DF
:1088600084F82C3301F018FAA0EB0A00C4F8640372
:10887000FEF7FBB80DF59A63D3E9002310461946BD
:10888000CDE91023F7F78AFE3D4B0022F7F7B4FE3F
:108890003C4B0022F7F7B0FEF8F77EF9D4F8AC3085
:1088A0009F4207EE900A11DAF4EEE7AAF1EE10FA11
:1088B000F4EEC87AC8BFF0EE67AA3AEE27AAF1EE46
:1088C00010FAC9F80000C8BFB0EE678AB7F5B47FE8
:1088D00002BFDDE91023C4EDE27AC4E9DC2315F51B
:1088E000803507F1010709F1040946F100064AE75E
:1088F000139AF2EC017A77EECB7A1392A7EEA77A6D
:10890000013353E79FED158AFEF7FAB80022FEF710
:1089100027B92C9AFEF724B9BBF1020F09D11A4BE3
:108920001A480A221A7044F62061FBF7F5F8FDF7A1
:1089300055BFBBF1030F05D1134B15480A221A701E
:10894000FDF76CBF45B3104B0A2228461A70FBF79F
:1089500071F801460F48E8E7E02000200000000021
:108960000000B443E010002000003443000034C392
:10897000286B6ECE286B6E4E100B0020CDCC4C3E7B
:10898000008076400000F03DD03B0020E54D01081E
:10899000284E0108674E0108149B2BB95D4B5E48B9
:1089A0000A221A70FDF73ABF2B9B002B00F08D8036
:1089B000FBF71CF800287FD0C368584D109395F83A
:1089C0007862002E7AD095F82B63002E78D095F837
:1089D000A432002B76D1524F0126524B0DF5487828
:1089E00093ED280A41460DF55A7914220520FBF72C
:1089F00065F90DF56C7A95ED350A49461422052086
:108A0000FBF75CF90DF57E7B95ED360A5146142295
:108A10000220FBF753F995ED3B0A59461422052035
:108A2000FBF74CF90DF58863194695ED3C0A1422C5
:108A30000220FBF743F995EDE20A0DF59A61142245
:108A40000520FBF73BF995F8A402FAF7F3FF0022A3
:108A5000CDE90B06CDE90D7295F82B230A920DF5A1
:108A6000886395F878220992CDE906B32E4B0293DC
:108A7000109B01930DF59A61269B08910093CDE917
:108A8000049ADDE934232948CDF80C800521FBF751
:108A900019F8274A274B2848002C18BF1346CDE960
:108AA0000243264B0193269B00930521DDE93423E5
:108AB000FBF708F8FDF794BE214B7EE7214F8CE7CA
:108AC000214F8AE7214F002687E7B4B12C9BFBB1E9
:108AD000B0EE480A0DF59A60FBF70AFE0DF59A61B3
:108AE0001B48FBF719F81B480DF59A61FBF714F8C2
:108AF0001948FBF711F8FDF773BE1849074A1848E3
:108B0000D2F8883CD2F8342CFBF706F8FDF768BEA3
:108B10001449F3E7D03B00209B4E0108E0100020F1
:108B200077120108E020002024150108DE4E01081C
:108B3000A4560108FA4C010836500108E61E010847
:108B40002C150108C74C0108D84C0108E84C010855
:108B5000E7500108DD5001080C510108224D0108C1
:108B6000185101080D4D01082DE9F04FDFF89C91D7
:108B7000514F99F80030DFF898A1D7F800B04F4E68
:108B8000DFF890814E4D89B05C460393DAF80030EF
:108B9000029333780193012C98F80030009338BF8A
:108BA0000124013CBBF1010F8CBF002301232246AD
:108BB00028685946FDF7F4FD002333703A68414EAA
:108BC00098B903233370404B40480A21197040493B
:108BD000404BBBF1010F98BF0B4600932968234619
:108BE000FAF79AFF09B0BDE8F08FBBF1010F0ED87C
:108BF00039490B6801330B60384BD3F8340CD3F888
:108C0000883C1843B0FA80F0400988F80000032A35
:108C100020D9334B1B7804ACBBB19FED320A102234
:108C200021460520FBF74AF803232B4A33700394AF
:108C30001268029298F8002001920422009229689A
:108C400029480122FAF73EFFCCE72849204606F0E2
:108C500051FCE9E7264B1A68264B1A6001F01CF814
:108C6000254B186002233370174B244809221A70D1
:108C7000174A184B4FF00008BBF1010F98BF13467D
:108C80001F4ACAF8008089F8008002921D4ACDE987
:108C9000003223463A682968FAF73EFF404605F05D
:108CA0002FFE044606F016FB02461748214609B07F
:108CB000BDE8F04FFAF730BFF4080020E5080020C7
:108CC000F808002000090020D03B0020695101086D
:108CD0004F1801085F180108E0080020E01000208C
:108CE000DC08002000000000B25101085C180108F7
:108CF000D8080020F0080020EC0800205C52010891
:108D0000D51E0108C0D40100C6520108E6080020A3
:108D1000E8080020E40800202DE9F04F674E684F76
:108D2000DFF8ECA1674DDFF8EC9187B0FAF78CFC27
:108D3000012365483370FAF713FF00233B7033704B
:108D40000022DAF800008DF8132064230DF11301DE
:108D500004F0DFFC0446C8B99DF81380B8F1010F98
:108D600014D105A886F80080F8F700FC002873D11C
:108D70000A2333709DF8173000939DF815209DF855
:108D800016309DF814105148FAF7C6FE2B78022BC6
:108D900045D100F081FF4E4ADFF87C81136847F22D
:108DA0002F51C31A8B420CD910604A4AD8F80030B0
:108DB00049490092494A09681268C31A4848FAF7B3
:108DC000ABFED8F800B000F067FF464BA0EB0B00FD
:108DD000984224D900F060FFD8F800303F49C01A0B
:108DE000414B1860A0F5EA33C03BB3F5967F3F4B8B
:108DF00094BF012200221A700A6802F1010356D9B9
:108E0000032129700A2131704FF49671CDE90101D7
:108E100030490091304936480968FAF77DFE2B78D1
:108E2000032B03D0002C8BD1002B89D100242C7074
:108E3000FAF70AFC204605F063FD834606F04AFA7D
:108E4000804606F04DFA5B46024641462948FAF74D
:108E500063FE3C70347073E72B78013B012B95D98E
:108E6000D9F800101C4B1B4A234885F800800131BB
:108E700019601A4BC9F80010C3F800801F4B1C7012
:108E80001F4B83F80080184B1C60184B1C701D4B47
:108E90001C601D4B1C700423CDE9013203231B4AC7
:108EA00000934346FAF70EFEFFF75EFE6EE70B6097
:108EB00001232B70FFF758FEB1E700BFD03B002025
:108EC000D13B002000090020195301082453010858
:108ED000EC080020C0D40100F8080020F4080020AD
:108EE000F4530108BFD40100E8080020E608002080
:108EF0003E540108CD5401086F530108E4080020D6
:108F0000E5080020E0080020DC080020E61E01083B
:108F1000D83B0020FC080020F00800202DE9F04795
:108F2000204E33689BBBDFF89890D9F8004074BBA3
:108F30001D4D1E4FB620A0468246214628464FF4BE
:108F4000B4720023F7F7D6FFA0EB0A0A15F58035B7
:108F5000AAF1B60A44F10004BAF1010F17D844454A
:108F600008BFBD42E8D101210022084604F065FB9C
:108F7000306060B10E4A0F48002104F0E2FA044666
:108F8000C9F8000030B9306804F0F3FB3460002009
:108F9000BDE8F087084B01201870084B83F800806B
:108FA000F6E700BFD83B0020B4000200B400730114
:108FB000BC580108198D0008D13B0020D03B00208F
:108FC000D43B00200C4B73B5186880B10B4D2B7847
:108FD00003F0FF065BB90124334632460DF1070169
:108FE0002C708DF8074004F063FB18B12E70002040
:108FF00002B070BD2046FBE7D83B0020D13B0020EB
:10900000014B1878704700BFD13B002028B10023E6
:10901000C361036243628362C362704770B40C46EB
:10902000064658B151B105460FCC0FC594E807006C
:1090300085E80700304670BCFFF7E8BF70BC70479A
:1090400000287DD0D0ED017AD0ED076A90ED026A5C
:1090500090ED007AE7EE806AD0ED037AF4EEE76AED
:10906000F1EE10FAC8BFF0EE676AF1EE677AF4EE3F
:10907000E67AF1EE10FAD8BFF0EE667AD0ED086A23
:10908000C0ED077A70EE666A20EE077A66EE866AB1
:1090900090ED056AB5EEC06AF1EE10FA43D4F7EE32
:1090A000005AB4EEE56AF1EE10FAD8BFF0EE465A77
:1090B00090ED0A6A80ED080A76EEC66A37EE277AE6
:1090C000A6EEA56AD0ED047A80ED0A6A37EE067A3C
:1090D000B4EEE77AF1EE10FAC8BFB0EE677AF1EEBF
:1090E000677AF4EEC77AF1EE10FAD8BFF0EE477A5D
:1090F00090ED067AB5EEC07AF1EE10FA0ADDD0ED09
:109100000B6A37EEE66AB4EEC67AF1EE10FA0DD5C8
:1091100076EE877A90ED090AC0ED0B7A30EE670A99
:1091200080ED090A7047DFED085AC1E7F1EE475AB2
:10913000F4EEC65AF1EE10FAC8BF76EEC77AE9E748
:109140009FED010A704700BF0000000010B190EDD4
:10915000090A70479FED010A704700BF0000000038
:10916000F0B59B4D0FCDB1B001AC0FC495E8070031
:1091700001AF84E807000FCF24AE0FC694E80700C4
:10918000B0EE000A002486E8070024A82C942D9451
:109190002E942B942F94FFF753FFF0EE401ABFEE5E
:1091A000000AFFF74DFF05F10C0CBCE80F0008AFFB
:1091B0000FC79CE807000DF1200E87E80700BEE806
:1091C0000F000DF1900CACE80F0097E80700B0EE2F
:1091D000402A86E80700B7EE000A24A82C942D94B4
:1091E0002E942B942F94FFF72BFF05F1280CBCE84D
:1091F0000F000FAF0FC79CE807000DF13C0E87E88A
:109200000700BEE80F000DF1900CACE80F0097E8E6
:109210000700F0EE402A86E80700B0EE000A24A816
:109220002C942D942E942B942F94FFF709FFB0EEDD
:10923000403AB0EE000AFFF703FF05F1440CBCE82A
:109240000F0016AF0FC79CE807000DF1580E87E816
:109250000700BEE80F000DF1900CACE80F0097E896
:109260000700F0EE403A86E80700B1EE000A24A8B5
:109270009DED2B1A2C942D942E942B942F94FFF764
:10928000DFFE6035B0EE404AB1EE000AFFF7D8FECF
:109290000FCD1DAF0FC795E807000DF1740C87E8DF
:1092A0000700BCE80F0024AD0FC597E80700F0EEFB
:1092B000404A86E80700B0EE000A24A82C942D94BA
:1092C0002E942B942F94FFF7BBFEB0EE405AB0EED5
:1092D000000AFFF7B5FEF0EE007A71EEA71ADFED97
:1092E0003D7AF0EEE11AF4EEE71AF1EE10FA6DD5E0
:1092F000B7EE007A32EE072AB0EEC22AB4EEE72AC1
:10930000F1EE10FA62D5B1EE047A72EE872AF0EE31
:10931000E22AF4EEE72AF1EE10FA57D5B0EE087A19
:1093200033EE073AB0EEC33AB4EEE73AF1EE10FA94
:109330004CD5F1EE086A73EEA63AF0EEE33AF4EE9D
:10934000E73AF1EE10FA41D531EE471AB0EEC11A04
:10935000B4EEE71AF1EE10FA38D5B1EE006A34EE49
:10936000064AB0EEC44AB4EEE74AF1EE10FA2DD543
:10937000B1EE0C6A74EE864AF0EEE44AF4EEE74A87
:10938000F1EE10FA22D535EE075AB0EEC55AB4EE1A
:10939000E75AF1EE10FA19D5B2EE027A30EE070A6A
:1093A000B0EEC00AB4EEE70AF1EE10FA0ED59DED6C
:1093B0002F7A37EE667AB0EEC77AB4EEE77AF1EE3E
:1093C00010FA4CBF0120002031B0F0BD0020FBE7B7
:1093D0007411010817B7D13882B00E4B00220092E9
:1093E000596C41F480415964596C01F480410091F9
:1093F00000990192196C41F0805119641B6C03F0C3
:1094000080530193019B0F216FF0010002B000F027
:1094100025BE00BF0038024070B5064688B0142251
:10942000002103A805F0D4FF3268244B9A4242D1B0
:1094300003F58C33002501955A6C2148214C42F4E8
:1094400080725A645A6C02F480720192019A0295F9
:109450001A6B42F001021A631B6B03F001030293C3
:10946000029B1222032303A9CDE9032301F016F87E
:10947000154B4FF48061C4E900354FF400634FF49D
:109480000050C4E904134FF48073C4E90603204676
:10949000C4E90255C4E9085500F036FE08B1F9F7F1
:1094A0009BFDB463122000220521A66300F0D6FDC7
:1094B000122000F005FE08B070BD00BF0020014082
:1094C00000000240B80700201064024070B514226A
:1094D0008AB0064600210DEB020005F079FF3368E3
:1094E0003C4A934225D13C4C3C4800250195236BD6
:1094F00043F002032363236B03F002030193019BF8
:109500004FF4C0761223CDE905634FF0030C04231A
:1095100005A9CDE908C300F0C1FF0295236C43F40F
:1095200000132364236C03F400130293029B0AB01C
:1095300070BD2B4A9342FAD1274C28480025039549
:10954000236B43F002032363236B03F002030393B3
:10955000039B4FF440621223CDE9052301230793B7
:1095600005A90423099300F099FF0495236C1D4875
:1095700043F480032364236C1B4C03F480030493A3
:10958000049B4FF06063C4E900034023C4E9023543
:1095900020464FF48063C4E90435C4E90655C4E9A4
:1095A000085500F0B1FD08B1F9F716FD746300220B
:1095B00005212120A66300F051FD212000F080FD4F
:1095C00000220521222000F049FD222000F078FD34
:1095D000ADE700BF005400400038024000040240E4
:1095E00000580040B8600240B006002070B5064642
:1095F00088B01422002103A805F0EAFE3268344B3B
:109600009A4263D1002503F5843301955A6C42F4E4
:1096100080525A645A6C02F480520192019A029567
:109620001A6B42F002021A631B6B03F002030293EF
:10963000029B38200223CDE9030301240323CDE953
:1096400005432448244C052303A9079300F026FF73
:10965000DFF890C04FF0C063C4E900C34FF48063EB
:10966000C4E9043520464FF40033C4E90255C4E987
:109670000655C4E9083500F047FD08B1F9F7ACFC20
:10968000164AF464A663164C4FF0C063C4E9002385
:1096900000234FF48062C4E9042340214FF40032D8
:1096A0002046C4E90213C4E90633C4E9082300F0E4
:1096B0002BFD08B1F9F790FC2320B46400220521AA
:1096C000A66300F0CBFC232000F0FAFC08B070BDCC
:1096D0000030014000040240F805002058640240B8
:1096E000980500204064024010B5044688B014225A
:1096F000002103A805F06CFE2368204A93420DD197
:10970000002300931E4B5A6C42F001025A645B6CBA
:1097100003F001030093009B08B010BDB3F1804F2C
:10972000FAD103F50E33002401941A6C154842F067
:1097300001021A641A6C02F001020192019A029469
:109740001A6B42F001021A631B6B03F001030293D0
:10975000029B4FF400420223CDE9032303A9012316
:109760000593079300F09AFE224605211C2000F085
:1097700075FC1C2000F0A4FCCEE700BF00000140F7
:10978000003802400000024007B50E4B02689A42C2
:1097900016D1002203F59A330192596C41F002016F
:1097A00059645B6C03F00203019305212D20019B9A
:1097B00000F054FC2D2003B05DF804EB00F080BCF9
:1097C00003B000BD0004014010B5044688B0142267
:1097D000002103A805F0FCFD23681A4A934218D122
:1097E00000230193184B19481A6B42F001021A63C7
:1097F0001B6B03F0010301934FF4E061019B022313
:10980000CDE903130123079303A900F047FE08B035
:1098100010BD0F4A9342FAD1002302930A4B0D4820
:109820001A6B42F004021A631B6B03F004030293E9
:10983000029B40220223CDE903230323079303A9BC
:10984000E3E700BF00000140003802400000024092
:10985000000401400008024070B514228AB0054699
:1098600000210DEB020005F0B3FD2B68624A934224
:1098700060D1624B6248634C002601961A6C42F438
:1098800000321A641A6C02F400320192019A0296B4
:109890001A6B42F001021A631B6B03F0010302937F
:1098A000029B0C220223CDE9052303210723CDE9E6
:1098B000081305A900F0F2FD53484FF00063C4E916
:1098C00000034023C4E9023620464FF48063C4E914
:1098D0000436C4E90666C4E9086600F015FC08B160
:1098E000F9F77AFB6C63DFF83CE1A563474C4FF076
:1098F00000634FF48062C4E900E30023C4E9042359
:1099000020464FF48072C4E90233C4E90723A361FF
:10991000636200F0F9FB08B1F9F75EFBAC63262047
:1099200000220521A56300F099FB262000F0C8FB6A
:109930000AB070BD364A9342FAD1304B354C0026FE
:1099400003961A6C42F480221A641A6C02F4802284
:109950000392039A04961A6B42F004021A631B6B7B
:1099600003F004030493049B4FF440610223CDE908
:10997000051303200723CDE9080305A9264800F0B5
:109980008DFDDFF8A4C04FF00063C4E900C340239D
:10999000C4E9023620464FF48063C4E90436C4E9C2
:1099A0000666C4E9086600F0AFFB08B1F9F714FBDE
:1099B0001A4A6C63A5631A4C4FF00063C4E9002394
:1099C00000234FF48062C4E9042320464FF48072E0
:1099D000C4E90233C4E90723A361636200F094FB86
:1099E00008B1F9F7F9FAAC63272000220521A56335
:1099F00000F034FB272099E7004400400038024083
:109A000000000240D8030020A0600240780300203C
:109A1000004800401803002000080240286002406F
:109A2000B8020020886002405860024030B589B01A
:109A300000230293204B1A6C42F480721A641B6C50
:109A400003F480730293054601A903A8029B01F069
:109A50008FFF069B4BBB01F06BFF184A184B13603E
:109A600040F2E733D360174BB0FBF3F3013B536095
:109A70001046002313619360936102F0E9FE0446EF
:109A800080B90E4802F0B2FD044658B92D2000F00E
:109A900017FB0F2D0DD8224629462D2000F0DEFAA7
:109AA000094B1D60204609B030BD01F041FF400068
:109AB000D3E70124F6E700BF00380240DC3B00207A
:109AC0000020004040420F0008000020FEE7FEE7B3
:109AD000FEE7FEE7FEE77047014800F01DBC00BF4F
:109AE000B8020020014800F017BC00BF1803002096
:109AF000014800F011BC00BF78030020014800F0CD
:109B00000BBC00BFD8030020014800F074B900BFAF
:109B100018080020014802F0A8BD00BF0805002079
:109B2000014800F0B3BF00BF10070020014801F05A
:109B3000F1BB00BF10070020014803F07BBB00BF52
:109B40007C040020014803F075BB00BF38040020EE
:109B500008B5044802F089FDBDE80840024802F05B
:109B600084BD00BFC0040020DC3B0020014800F0A1
:109B7000D3BB00BFB0060020014800F0CDBB00BF42
:109B8000B8070020014800F0C7BB00BFF80500205F
:109B9000014800F0C1BB00BF98050020014802F059
:109BA00017BC00BF580600200A4A0346106810B5CB
:109BB00008B9094810600949094C0344091B8B4244
:109BC00006D905F06BFC0C2303604FF0FF3010BD8D
:109BD0001360FCE7243C002058ED01200000022027
:109BE00000040000034AD2F8883043F47003C2F83E
:109BF0008830704700ED00E0DFF834D00D480E49A2
:109C00000E4A002302E0D458C4500433C4188C42D6
:109C1000F9D30B4A0B4C002301E013600432A2423B
:109C2000FBD3FFF7DFFF05F03FFCF9F739FA704788
:109C3000000002200000002060000020205E0108DB
:109C40006000002058ED0120FEE7000008B50B4B36
:109C50001A6842F400721A601A6842F480621A604C
:109C60001A6842F480721A60032000F0E5F90520BA
:109C7000FFF7DCFEFFF7B0FB002008BD003C024010
:109C8000034A044B11681B780B441360704700BFF4
:109C9000283C002004000020014B1868704700BFDA
:109CA000283C002038B50446002800F09B80056C55
:109CB00025B9FFF7B1FB656484F83C50236CDB06E3
:109CC00000F18E80236C23F4885323F0020343F0C9
:109CD00002032364444B5A6822F440325A605A68A3
:109CE00061680A435A60236821695A6822F48072C5
:109CF0005A605A6842EA01225A605A68A16822F002
:109D000040725A605A680A435A609A68E16822F4BD
:109D100000629A609A680A439A603449A26A8A4249
:109D200052D0996821F07061996099680A439A60ED
:109D30009A68E16A22F040529A609A680A439A60EF
:109D40009A6822F002029A609A68217E42EA4102F1
:109D50009A6094F82020002A3ED05A68616A42F442
:109D600000625A605A6822F460425A605A680139A7
:109D700042EA41325A60DA6AE16922F47002DA6238
:109D8000DA6A013942EA0152DA629A6822F4007210
:109D90009A609A6894F8301042EA41229A609A6870
:109DA000616922F480629A609A68002042EA812206
:109DB0009A606064236C23F0030343F0010323647F
:109DC000002384F83C3038BD9A6822F070629A60B3
:109DD0009A6822F04052B2E75A6822F40062C9E75A
:109DE0000120EDE70120EEE7002301400100000F14
:109DF000704770477047036870B51E685D68B207AA
:109E000004462BD5A80629D5226CD1065EBF226C4C
:109E100042F4007222649A6812F0405F17D1227EE9
:109E2000AAB9DA6A12F4700F02D09A6852050ED4F9
:109E30005A6822F020025A60236C23F48073236452
:109E4000236CD8045EBF236C43F0010323642046D7
:109E5000FFF7CEFF23686FF012021A60710733D547
:109E60002A0631D5236CDB065EBF236C43F4005316
:109E7000236423689A6812F4401F1ED19A6B12F46F
:109E8000401F02D09A68500517D45A68510514D45F
:109E90009A6812F0405F10D1227E72B95A6822F09F
:109EA00080025A60236C23F480532364236CDA0508
:109EB0005EBF236C43F001032364204600F0BAF830
:109EC00023686FF00C021A60F30710D568060ED5F0
:109ED00023681B68D9070AD5236C43F480332364B5
:109EE0002046FFF786FF23686FF001021A60B20672
:109EF0000ED56B010CD5636C43F0020363642368D9
:109F00006FF020051D602046FFF774FF23681D6079
:109F100070BD0000F7B50023019390F83C30012B91
:109F200005467CD0012380F83C3008682B688E6899
:109F3000092884B230D904EB4402DF681E3A4FF09E
:109F4000070C0CFA02FC27EA0C07DF60DF6806FA50
:109F500002F23A43DA604968062901EB81022AD805
:109F6000596B053A1F26964021EA06015963596B41
:109F700004FA02F20A435A632A4A934207D112288A
:109F800034D1D2F8043343F48003C2F80433002000
:109F900085F83C0003B0F0BD1A6900EB400C0727C0
:109FA00007FA0CF722EA07021A611A6906FA0CF698
:109FB00016431E61CFE70C294FF01F010BD81E6B13
:109FC000233A914026EA01011963196B04FA02F25F
:109FD0000A431A63D0E7DE6A413A914026EA01015A
:109FE000D962D96A94400C43DC62C5E7A0F1100342
:109FF000012BCCD80C4A5368102843F4000353605B
:10A00000C5D10A4B0A4A1B68B3FBF2F30A22534339
:10A010000193019B002BBAD0019B013BF8E7022082
:10A02000B8E700BF002001400023014000000020ED
:10A0300040420F00704700000749CA6822F4E062FE
:10A040000302120403F4E063120C134343F0BF63F2
:10A0500043F40033CB60704700ED00E0164B30B5A1
:10A06000DC68C4F30224C4F10703251D042B28BFB8
:10A070000423062D4FF0FF358CBF033C002405FA66
:10A0800003F321EA0303A54022EA0502A3400028C6
:10A0900043EA0203ACBF00F16040084A4FEA0313F1
:10A0A000B8BF00F00F00DBB2AABF00F56140135447
:10A0B00080F8003330BD00BF00ED00E014ED00E09B
:10A0C000002807DB4109044A00F01F0001238340F8
:10A0D00042F82130704700BF00E100E0036810B58E
:10A0E000084C0246D9B210391820B1FBF0F0205CC0
:10A0F000D06523F47F7020F003005F2988BF04300F
:10A10000906510BDEC59010870B50446FFF7C4FD19
:10A110000546002C60D0022384F8353022680023E5
:10A1200084F83430136823F0010313602268136845
:10A13000D8072ED413683248A1691840D4E90135F4
:10A140002B43E5682B4325692B4365692B43E56960
:10A150000B432B43256A2B430343606A042802BF49
:10A16000D4E90B5635432B4313605369042823F07D
:10A17000070343EA000335D1A06AE56A03438DB3C0
:10A1800091B9012820D030F002012BD1E90129D565
:10A190001DE0FFF781FD401B0528C7D920230320C0
:10A1A000636584F8350070BDB1F5005F16D10328F2
:10A1B00018D801A151F820F0CFA100088DA1000806
:10A1C000CFA10008C9A10008B5F1C07F0AD1402382
:10A1D0006365012384F835300120E4E70228F6D9CD
:10A1E0000328D3D053612046FFF778FFE26D3F2369
:10A1F0009340836000200123606584F83530D2E706
:10A200003F8010F070B590F83440866D012C30D04E
:10A21000012480F8344090F83540012C4FF00004C0
:10A2200025D1022580F8355044650468256825F459
:10A230008025256063608368402B0EBFA260A1600B
:10A24000E260C26D08BFE1603F239340B3602368C2
:10A2500043F016032360036C1BB1236843F008032B
:10A260002360236843F001032360002070BD80F861
:10A2700034400220FAE770B50446866DFFF70CFD06
:10A2800094F83530022B054606D080236365012003
:10A29000002384F8343070BD23681A6822F0160257
:10A2A0001A605A6922F080025A61226C0AB9A26CC3
:10A2B0001AB11A6822F008021A601A6822F0010224
:10A2C0001A602368186810F0010007D1E26D3F237F
:10A2D0009340B360012384F83530D9E7FFF7DCFC05
:10A2E000401B0528EDD920230320636584F8350041
:10A2F000CEE790F83530022B03D080234365012050
:10A3000070470268052380F83530136823F0010395
:10A310001360002070470000F7B5002301935C4BE9
:10A32000856D1F68C36D2E6808229A40324204462C
:10A330000CD001680868400708D5086820F00400C0
:10A340000860AA60626D42F00102626501229A40D3
:10A35000324208D021684969090641BFAA60626D8E
:10A3600042F00202626504229A40324208D021681B
:10A370000968880741BFAA60626D42F00402626505
:10A3800010229A40324210D02368196809070CD570
:10A39000AA601A68500337D51B68190301D4236CCF
:10A3A00000E0A36C0BB120469847E16D20228A4063
:10A3B00032423AD023681868C60636D5AA6094F8A7
:10A3C0003520052A1A6827D122F016021A605A6928
:10A3D00022F080025A61226C0AB9A26C1AB11A6882
:10A3E00022F008021A603F238B40AB60012384F8FF
:10A3F0003530002384F83430236D002B45D02046BF
:10A4000003B0BDE8F04018471A68D2055EBF1A686D
:10A4100022F008021A60C2E7500327D51B6819030F
:10A4200031D4636C0BB120469847636D6BB3636D99
:10A43000DA0719D522684FF41653B7FBF3F7052353
:10A4400084F83530136823F001031360019B013356
:10A45000BB42019302D81368DB07F7D4012384F8C9
:10A460003530002384F83430E36CC6E71A6812F400
:10A47000807208D1196821F010011960012384F855
:10A48000353084F83420E36BCCE703B0F0BD00BF77
:10A490000000002090F83500704700002DE9F74FCC
:10A4A000DFF8A491664A00230D6801249C4004EA69
:10A4B0000506AC4340F0AF804D68032705F0030468
:10A4C0004FEA430807FA08FC671E012F6FEA0C0CDD
:10A4D00034D8876807EA0C0ECF6807FA08F747EA0E
:10A4E0000E078760476827EA060EC5F300179F40EE
:10A4F00047EA0E074760C76807EA0C0E8F6807FA3D
:10A5000008F747EA0E07022CC76019D14FEAD30AB1
:10A5100000EB8A0A03F0070BDAF820704FEA8B0B86
:10A520004FF00F0E0EFA0BFE27EA0E0E0F6907FA18
:10A530000BF747EA0E07CAF8207001E0032CDAD1C6
:10A54000076804FA08F407EA0C073C4315F4403F97
:10A55000046060D000240194D9F8444044F480445D
:10A56000C9F84440D9F8444023F0030707F1804775
:10A5700004F4804407F59C37019403F0030C019C1C
:10A58000D7F808E04FEA8C0C0F2404FA0CF42EEAFA
:10A59000040E2C4CA04245D004F58064A04243D068
:10A5A00004F58064A04241D004F58064A0423FD00D
:10A5B00004F58064A0423DD004F58064A0423BD005
:10A5C00004F58064A04239D004F58064A04214BF31
:10A5D0000824072404FA0CF444EA0E04BC609468CE
:10A5E000F74315F4801F0CBF3C4034439460D4689B
:10A5F00015F4001F0CBF3C403443D460546815F47C
:10A60000003F0CBF3C40344354601468ED0354BF1A
:10A610003C40344314600133102B7FF445AF03B04A
:10A62000BDE8F08F0024D5E70124D3E70224D1E769
:10A630000324CFE70424CDE70524CBE70624C9E7AC
:10A64000003C014000000240003802400069084020
:10A65000003818BF012070470AB1816170470904B2
:10A66000FBE7436901EA030221EA030141EA0241EF
:10A670008161704770B5044608B9012070BD90F83B
:10A680003D3003F0FF021BB980F83C20FEF71EFFAF
:10A69000242384F83D3023681A6822F001021A60EE
:10A6A0001A6842F400421A601A6822F400421A60E2
:10A6B00001F03EF93F4B65689D4294BF3E4B3F4BD6
:10A6C00098428CBF00230123002BD6D12268394E3B
:10A6D00051683B4BB0FBF3F321F03F011943B54206
:10A6E000516088BF4FF49676116A88BF734321F09A
:10A6F0003F0184BF4FF47A76B3FBF6F301330B438B
:10A700001362D169431E2B4821F44F41854221F049
:10A71000FF0132D86D0040F6FC70B3FBF5F3013356
:10A72000034242D0C3F30B031943D161D4E907308C
:10A730001168034321F0C0010B4313609168D4E911
:10A74000030321F40341034321F0FF010B43936012
:10A75000D4E90530D168034321F0FF010B43D360F6
:10A76000136843F00103136000202023206484F861
:10A770003D30206384F83E0080E7A06850B905EBC7
:10A780004505B3FBF5F30133C3F30B037BB143F48E
:10A790000043C9E719206843B3FBF0F30133C3F367
:10A7A0000B0323B143F44043BEE70423BCE701237A
:10A7B000BAE700BFA08601007F841E00FF083D00AD
:10A7C00040420F00704770477047704770477047AE
:10A7D000704790F83D2008B5036DD2B283B9C36CC1
:10A7E0000268012B836C05D1DBB21361036D023368
:10A7F000036508BDC3F307231361036D0133F7E756
:10A80000036D012B03D1836C0268DBB2F4E7036DA7
:10A81000022BEED1222A05D10268136843F480731B
:10A820001360EAE7438D9BB263B1212A0AD1436AE0
:10A83000026813F8011B11614362438D013B9BB217
:10A840004385D6E7438D9BB2002BD2D1212AD0D1AC
:10A850000268516821F4E0615160116841F40071AF
:10A8600011602022036380F83D2080F83E30FFF71E
:10A87000AFFFBEE7704770477047000037B5002351
:10A8800001932D4B806B1B6890F83D2046F2A81178
:10A89000B3FBF1F323214B4301930368D2B2019937
:10A8A00041BB016C41F020010164446B0CB10021FB
:10A8B000E163816B09B10025CD631D6825F48065D6
:10A8C0001D600025458504B1256501B10D65196838
:10A8D00021F00101196090F83D10602911D1202369
:10A8E00080F83D30002380F83E300364FFF7C4FF5A
:10A8F00003B030BD01990139019119688905CED4A1
:10A90000D3E702F02802282A0ED1196841F001018C
:10A910001960196841F4806119600023036380F8AD
:10A920003D20FFF7A8FFE3E7202380F83D30002318
:10A9300080F83E30F5E700BF0000002010B590F829
:10A940003D2090F83E30102BD9B204460368D2B2B5
:10A9500001D0402913D1222A11D1196821F40061B4
:10A960001960596811F4006106D1602A1EBF2022C7
:10A9700084F83D2084F83E100022226307E002F0B4
:10A9800028012829EDD10022226384F83D105A685D
:10A9900012F400624FD05A68606B22F400625A6071
:10A9A00090F83530012B374B2BD00365FFF7A1FC16
:10A9B00050B12268606B136823F0010313602023F9
:10A9C00084F83D30036D9847236C19071FBF226838
:10A9D000536823F4E063536094F83D30226C5207CF
:10A9E000DBB20DD5282B0BD1274BE36220220023AD
:10A9F0002363204684F83D2084F83E30FFF7E7FECD
:10AA000010BDA06B0365FFF774FC0028DCD0236841
:10AA10005A69510605D51A69636A1A70636A013367
:10AA200063622268A06B136823F001031360202384
:10AA300084F83D30C6E794F83D10602915D12021F7
:10AA400084F83D1022645A69520605D51A69636A72
:10AA50001A70636A013363622268136823F001038A
:10AA600013602046FFF708FFAEE75A69500605D588
:10AA70001A69636A1A70636A013363622046FFF7DA
:10AA8000FAFEA1E77DA800080000FFFFF0B503680B
:10AA900004465A68C66A90F83E0094F83D101028A3
:10AAA0008FB0C5B2C9B202D0402D40F0CF829F69AD
:10AAB000586910F0010F07D1B6F52A0F02D0B6F190
:10AAC0002A4F51D10FB0F0BD96054DD5E26AB2F5CF
:10AAD0002A0F0CD10122E26294F83E20402A11D1C3
:10AAE000226D52B9626C02F0FE021A61EAE7E26A74
:10AAF000B2F12A4FF0D10822EDE7626C42F0010278
:10AB0000D2B2F2E72269B2F5804F1AD194F83D2013
:10AB1000212A626C11D102F0FE021A61626B0AB145
:10AB2000D26B2AB9A26B002ACCD0D26B002AC9D032
:10AB30005A6842F400625A60C4E742F00102D2B29D
:10AB4000EBE7226D32B9626CD21102F0060242F0DC
:10AB5000F002CAE7226D012AB4D1626CD21102F070
:10AB6000060242F0F102C0E7060703D5960501D5BB
:10AB7000626CE4E7860740F1E880960540F1E580E5
:10AB800094F83E10E26A256B94F83D002228C9B281
:10AB900040F0D380206D40B9402906D101905A6918
:10ABA00001929B690193019B8CE7216D89B9206912
:10ABB000B0F5404F0DD102915A6902929A69029202
:10ABC000029A1A6842F480721A60236D0133236579
:10ABD00078E7618D89B251B903915A6903929A69F4
:10ABE0000392039A1A6842F400721A6019E0618DA8
:10ABF00089B2012949D112F5803F1BD11A6822F48C
:10AC000080621A605A6812F400620CD01A6822F44A
:10AC100080621A60002204925A6904929B6904932C
:10AC2000049B0023D3E705925A6905929A6905921D
:10AC3000059AD7E7082A1CD0202A1AD0122D0DD148
:10AC4000012A16D11A6822F480621A600022069244
:10AC50005A6906929B690693069BE2E7102AF1D88F
:10AC6000974941FA02F2D707ECD41A6842F480629D
:10AC7000EBE71A6822F480621A60002207925A6990
:10AC800007929A690792079AACE7618D89B2022907
:10AC900030D1102A03D88B49D140CE0715D419687A
:10ACA00021F480611960196841F4006119605968E4
:10ACB0000D0514D5202A1AD8072A0AD8012A0ED140
:10ACC0005A6842F480525A6009E0196841F4806180
:10ACD000ECE7A2F108017C4ACA40D007F0D4002278
:10ACE00008925A6908929B690893089B99E712F5A4
:10ACF000803FE4E7196841F48061196059680905EB
:10AD000010D5202A16D8072A06D8012A0AD15A684F
:10AD100042F480525A6005E0A2F108016A4ACA4032
:10AD2000D207F4D4002209925A6909929B690993C7
:10AD3000099B76E712F5803FE8E700220A925A69FC
:10AD40000A929B690A930A9BBCE67F0740F18D80BB
:10AD50005E6836053FF5B6AE070600F004063ED540
:10AD600050053CD5002E3DD194F83D20258D94F81A
:10AD70003E10E06AD2B2C9B2C5B9212A18D108285A
:10AD800058D0202856D010F5803F53D05A6822F46E
:10AD9000E0625A6011232363002384F83E302023AD
:10ADA00084F83D302046FFF70DFD8BE6212A05D0C3
:10ADB00040297FF487AE222A7FF484AE628D92B25E
:10ADC0001AB95A6822F48062B5E694F83E20402A07
:10ADD00016D120460FB0BDE8F040FFF7FABC002EB8
:10ADE0003FF470AE97057FF56DAE212939D1E16A48
:10ADF00094F83D20212A7FF465AE628D92B24AB16B
:10AE0000626A12F8011B19616262638D013B9BB299
:10AE1000638557E608290DD020290BD011F5803F16
:10AE200008D0596821F4E06159601123236384F844
:10AE30003E20B4E75A6822F4E0625A601A6842F48D
:10AE400000721A6000232022236384F83D2094F8C6
:10AE50003E2084F83E30402A2046A4D1FFF7B8FCBB
:10AE600030E6402D7FF42EAEB3E759680E053FF56E
:10AE700029AE450600F004017DD550057BD500299B
:10AE80007CD194F83D20222A7FF41CAE628D92B2D0
:10AE9000032A1BD91A69636A1A70636A01336362F1
:10AEA000638D013B9BB26385638D9BB2032B7FF463
:10AEB00009AE2268536823F48063536002E600BF42
:10AEC000EBFFFEFF1400010001010001E06A02280F
:10AED0003FF477AF012A3FF674AF764A0B911268C0
:10AEE00046F2A811B2FBF1F202EB82020B920B9A2E
:10AEF000013A0B920B99D1B9226C42F020022264E4
:10AF00005A6822F4E0625A601A69636A1A70636AC6
:10AF100001336362638D013B9BB26385202384F818
:10AF20003D30204684F83E10FFF7A5FCCAE51A68BC
:10AF300012F40072DBD1196821F48061196059683C
:10AF400021F4E06159601969636A1970636A013319
:10AF50006362638D013B9BB26385202384F83D309F
:10AF600094F83E3084F83E20402B69D1226320467D
:10AF7000FFF780FCA6E500293FF4A4AD92057FF51C
:10AF8000A1ADE26A608D616A80B2042809D15A6875
:10AF900022F480625A601B690B70636A013363623A
:10AFA00033E7608D80B203280CD15868042A20F45E
:10AFB00080605860EFD0022AEDD01A6822F48062D7
:10AFC0001A60E8E7608D80B20228E4D1042A33D009
:10AFD00007D8012A07D0022A2ED01A6842F400723C
:10AFE00004E0102AF9D11A6822F480621A601B6901
:10AFF0000B70626A531C6362638D013B9BB2638575
:10B0000023681B695370636A226801336362638D2E
:10B01000013B9BB26385536823F440735360202344
:10B0200084F83D3094F83E30402B4FF0000384F814
:10B030003E3005D123639AE71A6842F48062D5E76F
:10B04000122323632046FFF7BEFB3BE5206C18B3B9
:10B050005869002587072FD596052DD5226C02B19A
:10B060009D6994F83D2002F02802282A17D15A68D9
:10B070002F0622F480625A60C5F3800154BFE26853
:10B08000A269002381F00101C9B284F83C3092B278
:10B090002046FFF79BFB15E59D695869DAE700221A
:10B0A0000C9259690C919B690C930C9B84F83C2081
:10B0B00008E500BF00000020C60640F1B1809505FC
:10B0C00040F1AE8094F83D505A6822F4E0625A6034
:10B0D00000220D925A690D921A6842F001021A601C
:10B0E0000D9A1A6822F480621A605A681005EDB24F
:10B0F00020D505F0F702222A4AD1A06B02685268D7
:10B1000092B26285628D92B21AB1226C42F0040250
:10B1100022645A6822F400625A60FFF7BBF90128E2
:10B1200008D0A06B794B0365FFF7E3F810B1A06B73
:10B13000036D9847638D9BB213B323685A69510717
:10B1400009D51A69636A1A70636A01336362638D91
:10B15000013B9BB2638523685A69520609D51A6977
:10B16000636A1A70636A01336362638D013B9BB249
:10B170006385638D9BB21BB1236C43F0040323648E
:10B18000236C13B320460FB0BDE8F040FFF7D6BBE9
:10B19000606B0268526892B26285628D92B21AB197
:10B1A000226C42F0040222645A6822F400625A605F
:10B1B000FFF770F90128BDD0606B544B0365FFF7B2
:10B1C00098F80028B6D0606BB2E72A2D06D1236329
:10B1D000282384F83D302046FFF7F7FA94F83D30F5
:10B1E000282B0CD14A4BE362202200232363204604
:10B1F00084F83D2084F83E30FFF7E9FA62E4236BDF
:10B20000222B02D0222D7FF45DAC00232022236369
:10B2100084F83D2084F83E302046FFF7D6FA51E40A
:10B2200001F0F701212900F0040535D1070627D5E3
:10B23000560525D53DBB94F83D00628D92B2C0B253
:10B24000002A3FF43FAC626A12F8015B1D61626242
:10B25000628D013A92B26285628D92B2002A7FF4C9
:10B2600031AC29287FF42EAC5A6822F480625A60EF
:10B2700028232163204684F83D30FFF7A5FA21E416
:10B28000002D3FF41FAC95057FF51CAC628D92B28A
:10B29000002A3FF417ACB3E5400627D5510525D564
:10B2A0003DBB94F83D20618D89B2D2B200293FF4B4
:10B2B00009AC1969636A1970636A01336362638D4B
:10B2C000013B9BB26385638D9BB2002B7FF4FAAB8D
:10B2D0002A2A7FF4F7AB2268536823F48063536013
:10B2E00022232363282384F83D3095E7002D3FF483
:10B2F000E9AB92057FF5E6AB628D92B2002A3FF48E
:10B30000E1AB1A69636A1A7047E600BF7DA80008BE
:10B310000000FFFFF8B503685F695E6890F83E20A3
:10B3200017F480750446D2B206D016F480751EBF9D
:10B330006FF4807159610125B80506D5F10542BF4A
:10B340006FF4007145F002055961780536D5F105B5
:10B3500034D5608D94F83D10D4F830C0202A80B2E6
:10B36000C9B25BD1002859D101F0F700212804D0DF
:10B37000282953D1BCF1210F50D194F83D20E16A26
:10B380000829D2B201D020292AD1282A28D12C4A32
:10B39000E2625A6822F4E0625A606FF480625A6195
:10B3A0001A6822F480621A60002320222363204658
:10B3B00084F83D2084F83E30FFF709FA3A053BD582
:10B3C000F30539D523686FF4006245F008055A612A
:10B3D000236C1D4325642046BDE8F840FFF7AEBA54
:10B3E000212A17D11649E1622263202284F83D20E8
:10B3F000002284F83E205A6822F4E0625A606FF41A
:10B4000080625A611A6822F480621A602046FFF74F
:10B41000DBF9D3E76FF480625A61CFE76FF48061A4
:10B42000102A596145F0040501D0402AC6D11A6896
:10B4300042F400721A60C1E7002DC9D1F8BD00BF07
:10B440000000FFFF2DE9F341044640B30368DE0727
:10B4500010D423689D075BD42368190700F19D80F1
:10B4600023685A0700F1BD80A369002B40F02481B6
:10B4700000202CE08D4B9A6802F00C02042A07D0C1
:10B480009A6802F00C02082A0BD15B68590208D5B1
:10B49000864B1B689A03DCD56368002BD9D1012049
:10B4A00015E06368814DB3F5803F13D12B6843F4F9
:10B4B00080332B60FEF7F0FB7C4E054633689B0320
:10B4C000C7D4FEF7E9FB401B6428F7D9032002B07C
:10B4D000BDE8F081B3F5A02F04D12B6843F480239D
:10B4E0002B60E3E72A6822F480322A602A6822F47B
:10B4F00080222A60002BDDD1FEF7CEFB06462B68AA
:10B500009F03A6D5FEF7C8FB801B6428F7D9DDE7AB
:10B51000664B9A6812F00C0F07D09A6802F00C0282
:10B52000082A11D15B685D020ED4604A136899073E
:10B5300002D5E368012BB2D11368216923F0F80327
:10B5400043EAC103136087E7E268594BB2B10122B5
:10B550001A60FEF7A1FB554D06462B689B0707D5E1
:10B560002B68226923F0F80343EAC2032B6073E7D8
:10B57000FEF792FB801B0228EFD9A7E71A60FEF7BF
:10B580008BFB4A4E054633689F077FF565AFFEF794
:10B5900083FB401B0228F6D998E76269444B82B1CD
:10B5A0000122C3F8802EFEF777FB404E0546736FED
:10B5B0009B073FF555AFFEF76FFB401B0228F6D9FE
:10B5C00084E7C3F8802EFEF767FB384E0546736F9D
:10B5D0009F077FF545AFFEF75FFB401B0228F6D9BA
:10B5E00074E7324B1A6C12F0805228D101921A6C17
:10B5F00042F080521A641B6C03F080530193019B4C
:10B6000001272C4D2B68D8051BD5A368274D012B8E
:10B6100027D12B6F43F001032B67FEF73DFB234E31
:10B62000054641F28838336F9A0739D5002F3FF429
:10B630001BAF1E4A136C23F08053136414E70027DA
:10B64000DFE72B6843F480732B60FEF725FB06468B
:10B650002B68D905D9D4FEF71FFB801B0228F7D928
:10B6600034E7052B04D12B6F43F004032B67D0E79D
:10B670002A6F22F001022A672A6F22F004022A6749
:10B68000002BCAD1FEF708FB41F2883806462B6F23
:10B690009B07CBD5FEF700FB801B4045F7D915E78C
:10B6A000FEF7FAFA401B4045BDD90FE700380240CB
:10B6B0000000474200700040374DAA6802F00C02BB
:10B6C000082A3ED0022B354B4FF000021A662BD1D0
:10B6D000FEF7E2FA06462B6899011FD4D4E9073237
:10B6E0001343626A43EA8213E26A43EA0263A26A8C
:10B6F0005208013A43EA02436B60284B264D01226F
:10B700001A66FEF7C9FA04462B689A013FF5B0AEF7
:10B71000FEF7C2FA001B0228F6D9D7E6FEF7BCFAFC
:10B72000801B0228D7D9D1E6FEF7B6FA04462B686B
:10B730009B017FF59DAEFEF7AFFA001B0228F6D9FC
:10B74000C4E6012B3FF4ABAE6B68E26903F4800101
:10B7500091427FF4A4AE216A03F03F028A427FF453
:10B760009EAE616A47F6C0721A40B2EB811F7FF449
:10B7700096AEA26A520803F44031013AB1EB024F8F
:10B780007FF48DAEE26A03F07063B3EB026F14BF17
:10B79000012000209BE600BF003802400000474225
:10B7A000134908B58B6803F00C03042B1CD0082B3D
:10B7B0001CD14A684B68496813F4800314BF0D48D4
:10B7C0000D48C1F3881118BF002302F03F02A1FB0E
:10B7D0000001F5F78FFB064B5B68C3F301430133B0
:10B7E0005B00B0FBF3F008BD0248FCE70248FAE753
:10B7F0000038024000127A000024F4002DE9F041E4
:10B800000D46044610B90120BDE8F081434B1A688B
:10B8100002F007028A4228D321688F072DD4C80777
:10B8200040D43E4B1A6802F00702AA4265D822684B
:10B8300051076BD4130707D5394A2169936823F45C
:10B84000604343EAC1039360FFF7AAFF344B354AD4
:10B850009B68C3F30313D35CD840334B1860334B5E
:10B860001868FEF7E3F80020CEE7CAB21A701B682A
:10B8700003F007038B42C6D1CEE7294B11F0040F2A
:10B880001EBF9A6842F4E0529A600E0742BF9A685F
:10B8900042F460429A609A68A06822F0F002024383
:10B8A0009A60BCE762681E4B012A1CD11B6813F426
:10B8B000003FA8D01A4EB36823F003031343B360CC
:10B8C000FEF7EAF941F288380746B368626803F088
:10B8D0000C03B3EB820FA4D0FEF7DEF9C01B40458A
:10B8E000F3D9032090E7911E01291B6802D813F0B9
:10B8F000007FDEE713F0020FDBE7EAB21A701B6885
:10B9000003F00703AB427FF47EAF90E70449E068A1
:10B910008B6823F4E05303438B608BE7003C0240C9
:10B9200000380240DC590108000000200800002017
:10B93000044B054A9B68C3F38223D35C034A106817
:10B94000D840704700380240D45901080000002058
:10B95000044B054A9B68C3F34233D35C034A106827
:10B96000D840704700380240D45901080000002038
:10B970000F2303600B4B9A6802F0030242609A683F
:10B9800002F0F00282609A6802F4E052C2609B68A2
:10B99000DB0803F4E0530361034B1B6803F0070368
:10B9A0000B60704700380240003C024082B0002328
:10B9B0000093134B45F6C0521B68B3FBF2F36422AD
:10B9C000534301930368019A9AB9426D42F04002D1
:10B9D00042651A6822F040021A605A6822F0E002BA
:10B9E0005A60DB680093009B072380F8513002B057
:10B9F0007047019A013A01929A689207E3D5E8E705
:10BA00000000002003685A6822F080025A601A6819
:10BA100022F040021A60072380F85130704700007E
:10BA20002DE9F3411C4616460F460546FEF734F94C
:10BA30003444241AFEF730F9244B1B68C3F3CB338C
:10BA40006343804601932A68936837EA030301D071
:10BA500000202EE0731CF7D0FEF71EF9A0EB0800C3
:10BA6000A04229D32B685A6822F0E0025A606A6823
:10BA7000B2F5827F0AD1AA68B2F5004F02D0B2F5C2
:10BA8000806F03D11A6822F040021A60AA6AB2F5E8
:10BA9000005F07D11A6822F400521A601A6842F453
:10BAA00000521A60012385F85130002385F8503088
:10BAB000032002B0BDE8F081019A019B002A03F146
:10BAC000FF33019308BF1446BDE700BF000000200C
:10BAD00038B513464268B2F5827F044606D00A465E
:10BAE0000121FFF79DFFB8B9002038BD8268B2F58B
:10BAF000004F02D0B2F5806F07D125682868B2F5F3
:10BB0000806F20F04000286003D00A468021204644
:10BB1000E7E70A460121FAE7636D43F02003636516
:10BB20000320E2E737B51346124A1568124AB5FBFF
:10BB3000F2F54FF47A72554342680195B2F5827F6F
:10BB400004460BD10A468021FFF76AFF78B1636D86
:10BB500043F020036365032003B030BD019B33B184
:10BB6000019B013B019323689B681B06F6D40020D0
:10BB7000F2E700BF0000002000366E0110B5044659
:10BB8000002855D0436A002B4ED14268B2F5827F1F
:10BB900000D0C3610023A36294F8513003F0FF0288
:10BBA00023B984F850202046FDF720FD2168A068C5
:10BBB000A269022384F851300B6823F040030B6024
:10BBC000636800F4044003F482730343E06800F404
:10BBD00000600343206900F002000343606900F045
:10BBE0000100034302F400700343E06900F03800F1
:10BBF0000343206A00F080000343A06A00F4005071
:10BC000003430B60636A120C03F0100302F004029A
:10BC10001A434A60CB6923F40063CB6100200123FF
:10BC2000606584F8513010BD0023C0E90433B1E7EA
:10BC30000120F8E72DE9F7431F4690F85030012B1B
:10BC400004460D46904600F0A080012380F8503055
:10BC5000FEF722F894F85130012B8146D8B240F01B
:10BC60009280002D61D0B8F1000F5ED0032384F8DC
:10BC7000513000236365C4E91033A4F83680A36310
:10BC8000A387E387A36826682563B3F5004FA4F86C
:10BC9000348007D1336823F040033360336843F4C2
:10BCA000804333603368E2685B065EBF336843F00D
:10BCB00040033360B2F5006F63683FD113B1B8F150
:10BCC000010F07D135F8023BF3602563E38E013B9A
:10BCD0009BB2E386E38E9BB2A3B94A46394620461F
:10BCE000FFF720FF00284BD1A36833B901932368E5
:10BCF000DA6801929B680193019B606D003818BF60
:10BD0000012012E022689368980705D5236B33F869
:10BD1000021BD1602363D9E7FDF7BEFFA0EB09004A
:10BD2000B842D7D3791CD5D00320012384F85130F1
:10BD3000002384F8503003B0BDE8F08313B1B8F1AC
:10BD4000010F08D12B783373236B01332363E38E08
:10BD5000013B9BB2E386E38E9BB2002BBDD02368F0
:10BD60009A68920703D5226B12781A73ECE7FDF7F5
:10BD700093FFA0EB0900B842EDD37B1CEBD0D3E7D7
:10BD800020236365B0E70220CFE70220D3E72DE947
:10BD9000F7431E4690F85030DDF82880012B04460A
:10BDA0000D46914600F0E180012380F85030FDF708
:10BDB00073FF94F851306268012B0746D9B20AD05C
:10BDC000B2F5827F40F0CF80A368002B40F0CB809B
:10BDD000042940F0C88015B1B9F1000F09D1012044
:10BDE000012384F85130002384F8503003B0BDE8BB
:10BDF000F083002EF3D094F85130C4F83890042B1F
:10BE00001CBF052384F8513000236365C4E9103357
:10BE10002368E687E6861968A687490658BF196829
:10BE2000256358BF41F04001A68658BF1960E168FC
:10BE3000B1F5006F48D10AB1012E07D135F8022BB8
:10BE4000DA60E38E2563013B9BB2E3860125E38E36
:10BE50009BB263B9E38F9BB24BB93A464146204649
:10BE6000FFF760FE002872D020236365B7E72168E2
:10BE70008B689A070DD5E38E9BB253B145B1236B06
:10BE800033F8022BCA602363E38E013B9BB2E38647
:10BE900000258A6812F001020CD0E38F9BB24BB1EF
:10BEA000A36BC96823F8021BA363E38F013B9BB21A
:10BEB000E3871546FDF7F0FEC01B4045C7D3B8F138
:10BEC000FF3FC4D003208BE70AB1012E08D12A78A6
:10BED0001A73236B01332363E38E013B9BB2E3862A
:10BEE0000125E38E9BB21BB9E38F9BB2002BB4D02C
:10BEF000226893689B070ED5E38E9BB25BB14DB170
:10BF0000236B1B781373236B01332363E38E013B95
:10BF10009BB2E38600252268916811F001010DD0E3
:10BF2000E38F9BB253B1A36BD2681A70A36B01333A
:10BF3000A363E38F013B9BB2E3870D46FDF7ACFEA5
:10BF4000C01B4045CDD3B8F1FF3FCAD0BAE7A368C4
:10BF5000002B7FF445AF23680190DA6801929B685B
:10BF60000193019B3CE702203AE702203EE72DE9DE
:10BF7000F7431D464368B3F5827F0446894617465A
:10BF80000CD1836853B9042380F8513013460095CF
:10BF90000A46FFF7FCFE03B0BDE8F08394F850308A
:10BFA000012B7FD0012384F85030FDF775FE94F803
:10BFB0005130012B8046D8B272D1B9F1000F5CD05C
:10BFC000002F5AD0A268C4F8389000260423B2F596
:10BFD000004F84F85130C4E9106666652368E7872E
:10BFE000A7872663A686E68607D11A6822F0400254
:10BFF0001A601A6822F480421A601A6856065EBFF8
:10C000001A6842F040021A60E368F3B1E38F9BB212
:10C01000FBB123689A68D20736D5DA68A36B23F898
:10C02000022BA363E38F013B9BB2E387EEE7236818
:10C030009A68D00718D5A26B1B7B1370A36B0133D2
:10C04000A363E38F013B9BB2E387E38F9BB2002B9B
:10C05000EDD1424629462046FFF73AFDE8B9606D2A
:10C06000003818BF012008E0FDF716FEA0EB08001D
:10C07000A842EAD3691CE8D00320012384F8513098
:10C08000002384F8503086E7FDF706FEA0EB080099
:10C09000A842BBD36B1CB9D0EEE720236365DEE773
:10C0A0000220EAE7022076E738B5044690F850000F
:10C0B000012870D0012084F8500094F85100012824
:10C0C000C5B208D06068B0F5827F62D1A068002850
:10C0D0005FD1042D5DD1002933D0002A31D0002B4F
:10C0E0002FD094F85100A38604281CBF052084F8A3
:10C0F000510000206065E386E387A38794F8513000
:10C100002163042BC4E9100018BF2449E06C12BF5E
:10C11000234B2449244BA263C0E90F31234BC36452
:10C12000002321680365E38F0C319BB2FEF76AF8A8
:10C13000034658B1636D43F010036365012384F82F
:10C1400051300120002384F8503038BD2268A06CA3
:10C15000516841F001015160C0E90F33C0E9133368
:10C16000E38E216B9BB20C32FEF74CF80028E1D134
:10C1700023681A6852065EBF1A6842F040021A60CD
:10C180005A6842F020025A605A6842F002025A602D
:10C19000D8E70220D6E70220D7E700BFE5C20008B3
:10C1A00077C30008D9C2000811C30008EFC2000815
:10C1B0001FB5454B45F6C0521B68B3FBF2F3642232
:10C1C00053430193019B009303685A6822F02002B5
:10C1D0005A605A68110604460AD53C4A4264009ADD
:10C1E000002A59D1626D42F040026265019A0092C4
:10C1F0005A6852060AD5364A2264009A002A53D158
:10C20000626D42F040026265019A00925A6890079E
:10C2100014D5A06C90B100230365FEF72CF808B18B
:10C220004023636523685A6822F002025A60009A2C
:10C23000002A41D1626D42F0400262655A68D2071D
:10C2400011D5E06C78B100230365FEF714F808B14E
:10C250004023636523681A6822F040021A605A6816
:10C2600022F001025A600022E287E286616D4029D5
:10C2700018BF62650292D968029199680291029989
:10C2800003929B680393039B14BF10460120012374
:10C2900084F8513004B010BD009A013A009294F82D
:10C2A0005120072A9BD1A1E7009A013A009294F805
:10C2B0005120072AA1D1A7E7009A013A00929A6873
:10C2C0009107B4D5BAE700BF0000002005BA000806
:10C2D000ADB900087047704708B5806BFFF7FBFFEA
:10C2E00008BD704708B5806BFFF7FBFF08BD806B8A
:10C2F000026808B5536823F003035360436D43F0AD
:10C3000010034365012380F85130F5F733F808BD79
:10C3100038B50546846BFDF7BFFC2B681B68DB0551
:10C32000024624D42368596821F020015960A1688D
:10C33000C9B96168B1F5827F15D1596821F003014F
:10C34000596020466421FFF7C3FB08B120236365D1
:10C350000023E387012384F85130636D3BB120460D
:10C36000F5F708F838BD596821F00101E8E72046E3
:10C37000FFF7B0FFF6E738B50546846BFDF78CFC98
:10C380002B681B68DB0502461ED421684B6823F02E
:10C3900020034B6020466421FFF7C4FB18B1636D96
:10C3A00043F0200363652268536823F0030353605E
:10C3B0000023E386E387012384F85130636D1BB1CA
:10C3C0002046F4F7D7FF38BD2046F4F7B9FFFAE767
:10C3D000F0B503685D689A68560685B004464FEA72
:10C3E0009211C2F3801708D4D60706D56E0604D57D
:10C3F000036C05B0BDE8F0401847960704D5280641
:10C4000002D5636C2046F4E741EA521102F48070D1
:10C4100001F0010101434FEA521657D0AA0655D543
:10C420007FB194F85120032A4FF0000148D0626D8B
:10C4300042F0040262650091DA6800929A68009204
:10C44000009AF1070CD5626D42F00102626500228C
:10C4500002929A6802921A6822F040021A60029AC6
:10C4600040B1626D42F008026265002203929A6850
:10C470000392039A626D4AB35A6822F0E0025A604E
:10C48000012284F85120AA0722D05A68E06C22F0D9
:10C4900003025A6040B1104B0365FDF72AFF18B143
:10C4A000636D43F040036365A06C78B10A4B03658C
:10C4B000FDF71FFF50B1636D43F04003636505E076
:10C4C0000191DA6801929B680193019B05B0F0BD70
:10C4D0002046F4F74FFFF9E7DDC4000808B5806B8C
:10C4E0000023C387C386F4F745FF08BD036A23F022
:10C4F000010370B50362036A446882690D6822F023
:10C5000073022A438D6823F002032B430C4DA8428B
:10C5100003D005F58065A8420BD1CD6823F0080350
:10C520002B43D1E9055624F44074354323F004032A
:10C530002C43446082614A684263036270BD00BF5D
:10C5400000000140036A23F4807370B50362036A3C
:10C550004468C2690D6822F073022A438D6823F48F
:10C56000007343EA05230D4DA84203D005F580650D
:10C57000A8420DD1CD6823F4006343EA0523D1E935
:10C58000055624F44054354323F4806344EA0514EB
:10C590004460C2614A68C263036270BD000001402A
:10C5A000036A23F4805330B50362036A4468C269A6
:10C5B0000D6822F4E64242EA05228D6823F4005316
:10C5C00043EA0533084DA84203D005F58065A8422B
:10C5D00004D14D6924F4804444EA85144460C26166
:10C5E0004A680264036230BD0000014090F83D30AB
:10C5F000012B30D1022380F83D300368DA6842F025
:10C600000102DA60154A93421AD0B3F1804F17D075
:10C61000A2F57C42934213D002F5806293420FD080
:10C6200002F5806293420BD002F57842934207D024
:10C6300002F57052934203D0A2F59432934204D192
:10C640009A6802F00702062A03D01A6842F0010233
:10C650001A60002070470120704700BF00000140B1
:10C660007047704770477047704703681A699107B1
:10C6700010B504460ED5DA6892070BD56FF00202AA
:10C680001A61012202779B699B0777D0FFF7EAFFC7
:10C690000023237723681A69500710D5DA685107F9
:10C6A0000DD56FF004021A61022222779B6913F400
:10C6B000407F204668D0FFF7D5FF0023237723680B
:10C6C0001A6912070FD5DA6810070CD56FF0080247
:10C6D0001A6104222277DB69990720465AD0FFF7B6
:10C6E000C1FF0023237723681A69D20610D5DA68C0
:10C6F000D0060DD56FF010021A6108222277DB698F
:10C7000013F4407F20464BD0FFF7ACFF0023237784
:10C7100023681A69D10708D5DA68D20705D56FF002
:10C7200001021A612046F6F74DFC23681A691006CB
:10C7300008D5DA68110605D56FF080021A61204627
:10C7400000F0CDFB23681A69520608D5DA68500656
:10C7500005D56FF040021A612046FFF785FF236878
:10C760001A69910622D5DA6892061FD56FF0200269
:10C7700020461A61BDE8104000F0B0BBFFF771FF22
:10C780002046FFF770FF83E7FFF76BFF2046FFF7B8
:10C790006AFF92E7FFF765FF2046FFF764FFA0E717
:10C7A000FFF75FFF2046FFF75EFFAFE710BD000019
:10C7B000254A0368904212D0B0F1804F0FD0A2F505
:10C7C0007C4290420BD002F58062904207D002F585
:10C7D0008062904203D002F57842904208D14A68C4
:10C7E00023F070031343CA6823F44073134316E025
:10C7F000164A9042F7D002F580629042F3D002F5DB
:10C8000080629042EFD0A2F598329042EBD002F5D0
:10C8100080629042E7D002F580629042E3D04A699C
:10C8200023F08003134303608B68C3620B68836249
:10C83000054B984203D003F58063984201D10B6900
:10C840000363012343617047000001400040014041
:10C8500010B5044630B390F83D3003F0FF021BB929
:10C8600080F83C20FCF740FF0223206884F83D302C
:10C87000211DFFF79DFF012384F84630002084F836
:10C880003E3084F83F3084F8403084F8413084F8FA
:10C89000423084F8433084F8443084F8453084F8DA
:10C8A0003D3010BD0120FCE710B5044630B390F8D0
:10C8B0003D3003F0FF021BB980F83C20FCF764FF19
:10C8C0000223206884F83D30211DFFF771FF01230A
:10C8D00084F84630002084F83E3084F83F3084F8F5
:10C8E000403084F8413084F8423084F8433084F892
:10C8F000443084F8453084F83D3010BD0120FCE719
:10C9000010B5044630B390F83D3003F0FF021BB978
:10C9100080F83C20FFF7A4FE0223206884F83D3015
:10C92000211DFFF745FF012384F84630002084F8DD
:10C930003E3084F83F3084F8403084F8413084F849
:10C94000423084F8433084F8443084F8453084F829
:10C950003D3010BD0120FCE7036A23F0100370B5E1
:10C960000362036A446882690D6822F4E64242EA7F
:10C9700005228D6823F0200343EA05130D4DA842DC
:10C9800003D005F58065A8420DD1CD6823F0800362
:10C9900043EA0513D1E9055624F44064354323F0F6
:10C9A000400344EA8504446082614A68826303620A
:10C9B00070BD00BF0000014038B590F83C30012B3D
:10C9C00004464FD00120082A84F83C003AD006D80B
:10C9D000BAB1042A26D0002384F83C3038BD0C2A92
:10C9E000F9D12068FFF7DCFDC3690A6943F40063ED
:10C9F000C361C36923F48063C361C36943EA02234B
:10CA00002EE02068FFF772FD83690A6943F008038E
:10CA10008361836923F00403836183691343836122
:10CA20000020D8E72068FFF797FF83690A6943F47D
:10CA300000638361836923F480638361836943EACC
:10CA40000223ECE72068FFF77DFDC3690A6943F024
:10CA50000803C361C36923F00403C361C3691343BB
:10CA6000C361DDE70220B9E770B5046A194E24F00E
:10CA700001040462B0428469056A26D0B0F1804F97
:10CA800023D0A6F57C46B0421FD006F58066B042A2
:10CA90001BD006F58066B04217D006F57846B04246
:10CAA00013D006F57056B0420FD0A6F59436B042BA
:10CAB0000BD044F0010263F3071201F00A0125F0E4
:10CAC0000A0319438261016270BD24F0030422430A
:10CAD000F1E700BF00000140F8B590F83C30012BB1
:10CAE00005460C4600F082800120082A85F83C00AB
:10CAF0005CD006D842B3042A36D0002385F83C30F7
:10CB0000F8BD0C2AF9D12B68CE68D1E90027196A43
:10CB100021F480511962D969186A21F44071120315
:10CB200041EA072120F4204002F4204266F30F314D
:10CB30000243D9611A62DA69A16822F44062DA61BB
:10CB4000DA6942EA01224FE02868CB68D1E9001295
:10CB5000FFF78AFF8369A26823F00C03836183696E
:10CB6000134383610020C8E72B68CE68D1E9002712
:10CB7000196A21F0100119629969186A21F440714B
:10CB8000120141EA072120F0A00002F0A00266F3A2
:10CB90000F31024399611A629A69A16822F44062D6
:10CBA0009A619A6942EA01229A61DBE72B68E76899
:10CBB000186A20F48070D1E900211862DE69186AD1
:10CBC00026F003061202314320F4206002F42062B2
:10CBD00067F307110243D9611A62DA69A16822F08A
:10CBE0000C02DA61DA690A43DA61BBE7022087E7FF
:10CBF00010B584680A4324F47F4442EA03222243A6
:10CC0000826010BD38B590F83C30012B04464FF0DF
:10CC1000020000F08E8084F83D000122206884F834
:10CC20003C20836823F47F4323F0770383600B6801
:10CC3000602B4FD032D8402B64D016D8202B0DD08B
:10CC40000AD833F0100109D0012384F83D300023C5
:10CC500084F83C30104638BD302BF5D1826822F084
:10CC60007002134343F0070328E0502BECD14A68CD
:10CC7000CD68016A036A23F001030362836921F02E
:10CC80000A0123F0F00343EA05130A4383610262B9
:10CC9000836823F0700343F057030FE0B3F5805F20
:10CCA0000DD0B3F5005F0CD0702BCDD1CB68D1E99E
:10CCB0000121FFF79DFF836843F077038360002223
:10CCC000C2E7CB68D1E90121FFF792FF836843F403
:10CCD0008043F3E7036A4D68C96823F010030362D9
:10CCE0008269036A22F4704223F0A00343EA051329
:10CCF00042EA013282610362836823F0700343F0E9
:10CD00006703DBE74A68CD68016A036A23F0010321
:10CD10000362836921F00A0123F0F00343EA05135B
:10CD20000A4383610262836823F0700343F0470380
:10CD3000C4E702468EE7036A10B501F01F01012423
:10CD40008C4023EA04030362036A8A401A430262A6
:10CD500010BD000008B529B990F83E30012B1FD056
:10CD6000012035E0042907D190F83F30012BF7D19D
:10CD7000022380F83F3016E008290CBF90F84030BD
:10CD800090F84130013B18BF0123002BE8D108295E
:10CD90004FF002030CBF80F8403080F8413002E0D1
:10CDA000022380F83E3000680122FFF7C4FF164BD3
:10CDB000984203D003F5806398420AD1436C43F450
:10CDC00000434364836803F00703062B17D1002058
:10CDD00008BDB0F1804FF5D00C4B9842F2D003F56E
:10CDE00080639842EED003F580639842EAD003F561
:10CDF0009A339842E6D0A3F594339842E2D0036880
:10CE000043F001030360E2E700000140000400403A
:10CE1000FFF7A0BF30B590F83C30012B02464FF031
:10CE2000020032D0136882F83D005C680D68986893
:10CE300024F070042C435C60144CA3421AD0B3F16C
:10CE4000804F17D0A4F57C44A34213D004F580642E
:10CE5000A3420FD004F58064A3420BD004F57844BC
:10CE6000A34207D004F57054A34203D0A4F5943430
:10CE7000A34204D1496820F0800001439960012356
:10CE8000002082F83D3082F83C0030BD00000140B7
:10CE900090F83C30012B02461ED0CB68886823F402
:10CEA00040730343486823F480630343086823F412
:10CEB00000630343086923F4805303434869C96945
:10CEC00023F40053034323F480430B4311680020F1
:10CED0004B6482F83C0070470220704770477047EF
:10CEE000026802F10C0353E8003F23F490730C3204
:10CEF00042E8003102680029F2D102F1140353E83C
:10CF0000003F23F0010302F1140C4CE8003100292A
:10CF1000F3D1036B012B0BD102F10C0353E8003F5B
:10CF200023F0100302F10C0C4CE800310029F3D17E
:10CF3000202380F83E300023036370470268C168F5
:10CF400038B5136923F440530B43136105468368D6
:10CF50000069D168034368690343E86921F4164115
:10CF600021F00C0103430B43D3605369A96923F4F7
:10CF700040730B4353611F4B9A4203D003F5806308
:10CF80009A4224D1FEF7E4FCEA691921B2F5004F78
:10CF9000D5E90043A0FB01011CD1DA184FF00005D0
:10CFA00045EB0503F3F7A6FF6422B0FBF2F102FBA9
:10CFB0001103DB003233B3FBF2F303F007025B0033
:10CFC00002EB011203F4F8731344A36038BDFEF7BB
:10CFD000AFFCD9E79A009B0FF3F78CFF6422B0FBFC
:10CFE000F2F102FB11031B013233B3FBF2F303EB4B
:10CFF0000113EAE700100140F8B504460E46174653
:10D000001D462268136836EA030301D1002028E098
:10D010006B1CF7D025B1FCF73FFEC01B8542F0D258
:10D02000226802F10C0353E8003F23F4D0730C3262
:10D0300042E8003021680028F2D101F1140353E8DE
:10D04000003F23F0010301F1140040E80032002A00
:10D05000F3D1202384F83D3084F83C2084F83E301E
:10D060000320F8BD10B5044640B390F83D3003F0FE
:10D07000FF021BB980F83C20FCF7EEFB226824235A
:10D0800084F83D30D36823F40053D3602046FFF783
:10D0900055FF23681A6922F490421A615A6922F0F6
:10D0A0002A025A61DA6842F40052DA600020202332
:10D0B000206484F83D3084F83E3010BD0120FCE748
:10D0C0002DE9F843984690F83D30202B04460E4653
:10D0D000174648D1002944D0002A42D090F83C306D
:10D0E000012B40D0012380F83C300025212305642A
:10D0F00080F83D30FCF7D0FDA368A784B3F5805FCE
:10D100008146E78403D123690BB935461E460023C7
:10D1100084F83C30E38C9BB253B943464A464021E5
:10D120002046FFF769FF50B9202384F83D3007E01F
:10D1300043464A4680212046FFF75EFF10B1032098
:10D14000BDE8F88322684EB935F8023BC3F3080303
:10D150005360E18C013989B2E184DBE716F8013BC9
:10D16000F6E70120ECE70220EAE7704770477047D6
:10D1700008B5806B0023C385C384FFF7F8FF08BDA3
:10D18000704790F83E30222B07B541D18168026884
:10D19000836AB1F5805F3DD1016900293DD15268B4
:10D1A000C2F3080223F8022B8362C38D013B9BB2BA
:10D1B000C385002B2CD10268D16821F02001D160F9
:10D1C000D16821F48071D160516921F00101516170
:10D1D000202280F83E20026B012A026827D10363D7
:10D1E00002F10C0353E8003F23F0100302F10C0C92
:10D1F0004CE800310029F3D11368DB0605D5019115
:10D200001368019353680193019B818DFFF7B8FF69
:10D2100003B000BD39B9016929B95268D2B21A7098
:10D22000836A0133C0E7526802F07F02F7E7FFF735
:10D230009DFFEDE703681A6873B51607D9685D6945
:10D24000044608D1960668D58D0666D502B0BDE8BD
:10D250007040FFF796BF05F0010001F4907505439B
:10D260005BD0D60705D5CD0542BF236C43F0010343
:10D270002364530704D518B1236C43F002032364DD
:10D28000960704D518B1236C43F0040323641507F3
:10D2900007D501F0200303431EBF236C43F00803AE
:10D2A0002364236C002B32D0920604D58B0602D562
:10D2B0002046FFF766FF26687369226C03F040037F
:10D2C00002F0080253EA0205204622D0FFF708FECA
:10D2D00073695E0618D5226802F1140353E8003F13
:10D2E00023F04003143242E800310029F3D1A06B4F
:10D2F00050B1724B0365FCF7FCFF40B1A06B036DAE
:10D3000002B0BDE8704018472046FFF730FF02B07A
:10D3100070BDFFF72CFF2564F9E7206B012840F072
:10D320009180D50640F18E80C80640F18B800022A6
:10D3300001921A6801925A680192019A5A6952063A
:10D340004CD5A16B0A68526892B2002ADFD0A08D3A
:10D350009042DCD9E285CA69B2F5807F36D003F10C
:10D360000C0252E8002F22F4807203F10C0040E816
:10D3700000210029F3D103F1140252E8002F22F01A
:10D38000010203F1140040E800210029F3D103F168
:10D39000140252E8002F22F0400203F1140040E88A
:10D3A00000210029F3D1202284F83E20216303F1DB
:10D3B0000C0252E8002F22F0100203F10C0040E8AA
:10D3C00000210029F3D1A06BFCF755FFE38DA18D5F
:10D3D000C91A89B22046FFF7D3FE98E7E28DE18DA6
:10D3E00089B292B2002992D0A18D891A89B20029FE
:10D3F0008DD003F10C0252E8002F22F4907203F159
:10D400000C0545E800200028F3D103F1140252E88E
:10D41000002F22F0010203F1140545E80020002846
:10D42000F3D1202284F83E20206303F10C0252E85D
:10D43000002F22F0100203F10C0545E8002000281F
:10D44000F3D1C7E7160628D50D0626D594F83D205A
:10D45000212A7FF45CAFA168226AB1F5805F17D101
:10D460002169A9B932F8021BC1F30801596022628F
:10D47000E28C013A92B2E284002A7FF448AFDA6883
:10D4800022F08002DA60DA6842F04002DA603EE7B9
:10D49000511C216212785A60EAE750067FF537AFD7
:10D4A0004A067FF534AFDA6822F04002DA602023C2
:10D4B00084F83D302046FFF758FE28E771D1000878
:10D4C00008B54FF0E0231B6901F02AFA012803D0C8
:10D4D000BDE8084001F026BD08BD0000EFF305835C
:10D4E0002BB9064B186828B901221A6070476FF0F3
:10D4F000050070474FF0FF30704700BF7C5500209B
:10D5000010B5EFF305845CB9084B1A68012A0AD1FB
:10D51000074AD47702221A6000F0FAFE204610BDB6
:10D520006FF00500FBE74FF0FF30F8E77C55002077
:10D5300000ED00E0EFF305830BB100F047BF00F012
:10D540003FBFF0B587B0144600220B460592EFF3BB
:10D550000582FAB9F0B15CB3A56925B1691E372916
:10D5600002D9002017E018256268D207F9D466694D
:10D570009EB1B208D4E9027C21688FB1BCF1A70F3B
:10D5800008D9246934B12EB1CDE90147009500F0E6
:10D5900059FE0590059807B0F0BD4FF40072E9E719
:10D5A000BCF1000FF6D12469002CF3D10C4602E047
:10D5B00018254FF4007205A9CDE9005192B2214619
:10D5C00000F078FE01281CBF00230593E2E708B5B0
:10D5D000EFF3058222B908B101F054F8002008BD2C
:10D5E0006FF00500FBE737B50546EFF305845CB93E
:10D5F00000F0E6FE291A0029019008DD01A800F0DC
:10D60000F7FF204603B030BD6FF00500FAE76FF07A
:10D610000300F7E738B50546EFF305843CB948B198
:10D6200000F04CFC284600F061FC204638BD6FF04D
:10D630000500FBE76FF00300F8E7F7B505460E4677
:10D640001446EFF305871FB10025284603B0F0BD4F
:10D650000028F9D00029F7D0DAB1D2E9023283B13B
:10D660004F2AF1D92269002AEED066694D43AE42B5
:10D67000EAD3009700F0A0F905460028E4D024681A
:10D6800011E0002AE0D12369002BDDD16369002B72
:10D69000DAD128460022314600F0DCF905460028A0
:10D6A000D2D0002CEBD12146284600F0F5FBCCE788
:10D6B00073B51C46EFF30586DEB138B331B32BBB2F
:10D6C00001AA019300F09FFA012803D06FF0020035
:10D6D00002B070BD019B0BB90020F9E74FF0E023C9
:10D6E0004FF08052C3F8042DBFF34F8FBFF36F8FFD
:10D6F000F2E758B151B13346224600F0D2F9012881
:10D70000EAD0002CE2D06FF00100E1E76FF00300F7
:10D71000DEE737B51C46EFF30583DBB130B329B341
:10D7200024BB01AA019400F06AFB012803D06FF02A
:10D73000020003B030BD019B0BB90020F9E74FF0A8
:10D74000E0234FF08052C3F8042DBFF34F8FBFF397
:10D750006F8FF2E750B149B1224600F0B1FA0128CB
:10D76000EBD0002CE3D06FF00100E2E76FF0030094
:10D77000DFE7FFF74FBF0000034B0360034B0B6075
:10D780004FF4007313607047D4540020D44C002031
:10D79000034B0360034B0B604FF4806313607047CF
:10D7A0002C4C00202C3C002000F108034FF0FF32ED
:10D7B000C0E9022343600361002303607047002334
:10D7C0000361704743684B609A688A605160996052
:10D7D0000368086101330360704730B50C68631C4F
:10D7E0000AD103695A684A6091608B605960036886
:10D7F00008610133036030BD00F10802134652682E
:10D800001568A542FAD9EDE7D0E9011203698A60EB
:10D8100051605968814208BF5A60002202611A684B
:10D82000013A1A601868704710B5044601F012FBFF
:10D83000A46B01F02FFBB4FA84F0400910BD70B561
:10D840001646026C856B044642B906689EB980682C
:10D8500001F076F8A6600135A56370BD6EB9406829
:10D8600001F050FE6368226C1344A2686360934227
:10D8700024BF236863600020EDE7C06801F042FE2A
:10D88000226CE36851429B1A2268E36093423EBFD8
:10D89000A3685B18E360022EEDD10DB1013DEAE70C
:10D8A0002846D8E7034610B41A6C084662B1DC6813
:10D8B000A1189C68D960A14228BF19685DF8044B83
:10D8C00028BFD96001F01EBE5DF8044B704770B5EB
:10D8D000044601F0BFFA94F8455004F124066DB2F5
:10D8E000002D01DD636AB3B9FF2384F8453001F0F0
:10D8F000D1FA01F0AFFA94F8445004F110066DB279
:10D90000002D01DD23697BB9FF2384F84430BDE895
:10D91000704001F0BFBA304600F064FF08B100F07B
:10D92000E9FF013D6DB2DBE7304600F05BFF08B177
:10D9300000F0E0FF013D6DB2E2E738B50D46044668
:10D9400040B94FF0500383F31188BFF36F8FBFF3DB
:10D950004F8FFEE701F07EFAD4E90F312268626052
:10D960004B43D0185B1A1A44A060FF230020A06329
:10D97000E26084F8443084F84530A5B9236973B176
:10D9800004F1100000F02EFF48B14FF0E0234FF0FB
:10D990008052C3F8042DBFF34F8FBFF36F8F01F098
:10D9A00079FA012038BD04F11000FFF7FDFE04F103
:10D9B0002400FFF7F9FEF2E737B50D461C4640B9E3
:10D9C0004FF0500383F31188BFF36F8FBFF34F8F76
:10D9D000FEE743B94FF0500383F31188BFF36F8F15
:10D9E000BFF34F8FFEE74AB191B94FF0500383F375
:10D9F0001188BFF36F8FBFF34F8FFEE741B14FF038
:10DA0000500383F31188BFF36F8FBFF34F8FFEE78F
:10DA100050230193019B502B08D04FF0500383F308
:10DA20001188BFF36F8FBFF34F8FFEE70121002DE9
:10DA300008BF2246C4E90F0584F84610226020463C
:10DA4000019BFFF77AFF9DF8183084F84C30204690
:10DA500003B030BDF8B50D461746064640B94FF045
:10DA6000500383F31188BFF36F8FBFF34F8FFEE72F
:10DA70004843503001F056FB044670B1002380F853
:10DA8000463065B100F15003C4E90F652360012100
:10DA90002046FFF752FF84F84C702046F8BD03463D
:10DAA000F2E72DE9FF410F4601921E46044640B9B8
:10DAB0004FF0500383F31188BFF36F8FBFF34F8F85
:10DAC000FEE751B9036C43B14FF0500383F3118863
:10DAD000BFF36F8FBFF34F8FFEE7022E0BD1E36BC7
:10DAE000012B08D04FF0500383F31188BFF36F8FE1
:10DAF000BFF34F8FFEE700F013FF054650B9019BBF
:10DB00004BB14FF0500383F31188BFF36F8FBFF316
:10DB10004F8FFEE700254FF0000839E0022E3DD080
:10DB2000019B1BB901F0B6F9002050E015B902A81D
:10DB300000F098FE01F0AEF900F03AFC01F08AF92D
:10DB400094F84430FF2B08BF84F8448094F84530A3
:10DB5000FF2B08BF84F8458001F09CF901A902A8B9
:10DB600000F08CFE002848D101F074F9A26BE36B41
:10DB70009A422FD101F08EF9019904F1100000F0C2
:10DB8000F9FD2046FFF7A3FE00F0BEFC50B30125CF
:10DB900001F060F9A26BE36B9A42BFD2324639467C
:10DBA0002046FFF74CFE636A1BB104F1240000F02D
:10DBB00019FE48B14FF0E0234FF08052C3F8042D16
:10DBC000BFF34F8FBFF36F8F01F064F9012004B0F2
:10DBD000BDE8F08101F05EF92046FFF778FE00F025
:10DBE00093FCD4E74FF0E0234FF08052C3F8042DAC
:10DBF000BFF34F8FBFF36F8FC9E72046FFF767FE74
:10DC000000F082FC90E72DE9F843894617461E464E
:10DC1000044640B94FF0500383F31188BFF36F8F70
:10DC2000BFF34F8FFEE751B9036C43B14FF0500380
:10DC300083F31188BFF36F8FBFF34F8FFEE7022E80
:10DC40000BD1E36B012B08D04FF0500383F3118805
:10DC5000BFF36F8FBFF34F8FFEE701F00FFAEFF3C3
:10DC600011884FF0500383F31188BFF36F8FBFF318
:10DC70004F8FA26BE36B9A4201D3022E1ED194F810
:10DC80004550A36B6DB2324649462046FFF7D7FD9B
:10DC90006B1C0ED1636A3BB104F1240000F0A2FDBD
:10DCA00010B10FB101233B60012088F31188BDE85A
:10DCB000F88301356DB284F84550F5E70020F4E7AC
:10DCC0002DE9FF410E460192044640B94FF0500342
:10DCD00083F31188BFF36F8FBFF34F8FFEE751B906
:10DCE000036C43B14FF0500383F31188BFF36F8F80
:10DCF000BFF34F8FFEE700F013FE054650B9019BBE
:10DD00004BB14FF0500383F31188BFF36F8FBFF314
:10DD10004F8FFEE700254FF000083DE0019B1BB947
:10DD200001F0B8F8002056E015B902A800F09AFDFD
:10DD300001F0B0F800F03CFB01F08CF894F84430AE
:10DD4000FF2B08BF84F8448094F84530FF2B08BFB0
:10DD500084F8458001F09EF801A902A800F08EFD2C
:10DD6000002841D12046FFF75FFDB8B3019904F1C7
:10DD7000240000F0FFFC2046FFF7A9FD00F0C4FBE3
:10DD800048B94FF0E0234FF08052C3F8042DBFF3A1
:10DD90004F8FBFF36F8F012501F05CF8A76B002F49
:10DDA000BCD031462046013FFFF77CFDA7632369C5
:10DDB00073B104F1100000F015FD48B14FF0E023FD
:10DDC0004FF08052C3F8042DBFF34F8FBFF36F8F16
:10DDD00001F060F8012004B0BDE8F0812046FFF7B3
:10DDE00076FD00F091FBD6E72046FFF770FD00F0CE
:10DDF0008BFB2046FFF718FD0028CCD092E72DE9D9
:10DE0000F84389469046044640B94FF0500383F3E7
:10DE10001188BFF36F8FBFF34F8FFEE751B9036CCB
:10DE200043B14FF0500383F31188BFF36F8FBFF3FB
:10DE30004F8FFEE701F022F9EFF311874FF0500307
:10DE400083F31188BFF36F8FBFF34F8FA56B0DB3B3
:10DE500094F84460494676B22046FFF723FD013D21
:10DE6000731CA56311D1236953B104F1100000F0B4
:10DE7000B9FC28B1B8F1000F02D00123C8F8003076
:10DE8000012087F31188BDE8F883013676B284F863
:10DE90004460F5E72846F4E730B5074A002352F816
:10DEA000335002EBC3041DB942F83310606030BD3B
:10DEB0000133082BF3D1FAE78055002010B5094A49
:10DEC000002352F8331081424FEAC30406D1064AB8
:10DED000002142F833102244516010BD0133082B59
:10DEE000EFD1FAE7845500208055002010B540B9E5
:10DEF0004FF0500383F31188BFF36F8FBFF34F8F41
:10DF0000FEE7FFF7DBFF90F846301BB9BDE8104095
:10DF100001F0A2B910BD70B504460D46164600F0DA
:10DF200099FF94F84430FF2B04BF002384F8443059
:10DF300094F84530FF2B04BF002384F8453000F0EF
:10DF4000A9FFA36B2BB93246294604F1240000F047
:10DF50002BFC2046BDE87040FFF7B9BC2DE9F0412D
:10DF6000044600F077FF304B304E1A68304F0132D4
:10DF70001A603568002D4BD134601B68012B1FD10E
:10DF8000B84640460135FFF70FFC382D08F114085C
:10DF9000F7D1DFF8C480274D4046FFF705FC28463F
:10DFA000FFF702FC2448FFF7FFFB2448FFF7FCFBC8
:10DFB0002348FFF7F9FB234BC3F80080224B1D6079
:10DFC000224A136801331360214A63641168E36ACB
:10DFD00014208B4200FB037004F1040188BF13601E
:10DFE000FFF7F0FB00F056FF1A4B1B6873B1336864
:10DFF000DA6AE36A9A4209D24FF0E0234FF0805286
:10E00000C3F8042DBFF34F8FBFF36F8FBDE8F081CE
:10E01000104B1B68002BD3D13368DA6AE36A9A424B
:10E0200098BF3460CCE700BFE4550020B85A002008
:10E03000585600203056002014560020005600206C
:10E04000E85500202C56002028560020C8550020F6
:10E05000DC550020D855002044560020F8B5154B5B
:10E06000154D1C680646286804300F46FFF7CCFBA8
:10E07000731C07D137B129681048BDE8F840043156
:10E08000FFF7A0BB2B68A4195C6007D30C4B186882
:10E090002968BDE8F8400431FFF79FBB094B1868B9
:10E0A00029680431FFF799FB074B1A68A24288BF21
:10E0B0001C60F8BDE0550020B85A0020E85500204B
:10E0C000285600202C560020C4550020064A13680C
:10E0D0001968064B19B94FF0FF321A607047126881
:10E0E000D268D2685268F8E72C560020C455002048
:10E0F00010B50446543001F073F994F8A5303BB9DB
:10E10000206B01F0A9F82046BDE8104001F0A4B84A
:10E11000012BF8D0022B08D04FF0500383F3118865
:10E12000BFF36F8FBFF34F8FFEE710BD80B5134C69
:10E13000134F144D236873B9134B1B68012BF8D987
:10E140004FF0E0234FF08052C3F8042DBFF34F8F00
:10E15000BFF36F8FEDE700F07DFEFB68DE68301DDA
:10E16000FFF752FB2B68013B2B602368013B2360C8
:10E1700000F090FE3046FFF7BBFFDBE7FC550020C8
:10E1800000560020E4550020585600202DE9F047A5
:10E19000DDE909949600324607460D46206BA5211D
:10E1A000984601F015F9236B043E1E4426F007063D
:10E1B000002D41D06B1E04F133020F3513F8011FFF
:10E1C00002F8011F09B1AB42F8D1002384F84330B3
:10E1D000089D372D28BF37254FF0000AE562E5641A
:10E1E000201DC4F850A0FFF7EAFAC5F1380504F184
:10E1F0001800FFF7E4FAC4F8A0A04C2251462461AD
:10E20000A561646284F8A4A004F1540001F0E0F870
:10E210000B4BA36503F16802D033E26523664246E7
:10E220003946304600F0EEFD2060B9F1000F01D014
:10E23000C9F80040BDE8F08784F83450C8E700BF53
:10E2400010EC012070B586B0DDE90B5445B94FF0F4
:10E25000500383F31188BFF36F8FBFF34F8FFEE737
:10E2600044B94FF0500383F31188BFF36F8FBFF3AE
:10E270004F8FFEE7A8260596059EA82E08D04FF0E2
:10E28000500383F31188BFF36F8FBFF34F8FFEE707
:10E290002563022584F8A55004AD01950A9D0294DA
:10E2A0000095059EFFF772FF2046FFF757FE049882
:10E2B00006B070BD2DE9F043074685B09000884652
:10E2C0001646994600F02EFF054620B94FF0FF3064
:10E2D00005B0BDE8F083A82000F024FF044698B103
:10E2E000002380F8A5300D9B056301930C9B0290E1
:10E2F000009332464B4641463846FFF747FF2046DB
:10E30000FFF72CFE0120E3E7284600F0A5FFDDE73C
:10E3100010B588B0002407AA06A905A8CDE90544D0
:10E32000FFF72AFA059B0293069B079A19491A4898
:10E33000CDE900432346FFF785FF40B300F094FB8F
:10E34000012819D14FF0500383F31188BFF36F8F69
:10E35000BFF34F8F114B124A1B6854331360114B9C
:10E360004FF0FF321A60104B1860104B1C6008B061
:10E37000BDE8104000F0FEBD013008D14FF0500361
:10E3800083F31188BFF36F8FBFF34F8FFEE708B0A1
:10E3900010BD00BF3B5701082DE10008B85A00200E
:10E3A00010000020C4550020D8550020E055002062
:10E3B000024A136801331360704700BFC055002044
:10E3C000014B1868704700BFE055002008B500F009
:10E3D00055FE014B186808BDE05500203F4B1B68F7
:10E3E0002DE9F74F002B73D13D4B1C6801341C60A5
:10E3F000BCB93C4B1A68126842B14FF0500383F32A
:10E400001188BFF36F8FBFF34F8FFEE7364A19684D
:10E41000106818601160354A136801331360FFF704
:10E4200055FE334E334F3368DFF8D4809C424FF0B3
:10E4300000050AD3DFF8ACA0DFF8C8B0DAF8003086
:10E440001B68A3B94FF0FF333360D8F80030DB6AA4
:10E4500014225343F858284B1B68012898BF002BFF
:10E4600014BF01200020284303B0BDE8F08FDAF884
:10E470000030DB68D3F80C90D9F80420944201D224
:10E480003260E2E709F1040318460193FFF7BCF993
:10E49000D9F828201AB109F11800FFF7B5F9D9F811
:10E4A0002C00DBF800201423904288BFCBF800003A
:10E4B00009F1040103FB0070FFF784F9D8F800109C
:10E4C000D9F82C20CB6A9A4228BF45F00105B5E760
:10E4D0000A4A1368013313600020C5E7C0550020C5
:10E4E000E05500202C56002028560020CC55002056
:10E4F000C455002058560020D0550020D455002087
:10E50000B85A0020DC5500202DE9F041304C23683A
:10E5100043B94FF0500383F31188BFF36F8FBFF3FC
:10E520004F8FFEE700F096FC2368013B23602468D0
:10E530002CB1002400F0AEFC2046BDE8F081254B54
:10E540001B68002BF5D0244D244EDFF8A0801DE081
:10E55000EB68DC68271D04F11800FFF755F9384611
:10E56000FFF752F9E36A32681420934200FB0380FC
:10E57000394688BF3360FFF725F9194BE26A1B68FB
:10E58000DB6A9A4202D3174B01221A602B68002BD8
:10E59000DED10CB1FFF79AFD134D2C6844B1114E3A
:10E5A0000127FFF71BFF00B13760013CF9D12C6058
:10E5B0000C4B1B68002BBCD04FF0E0234FF0805277
:10E5C000C3F8042DBFF34F8FBFF36F8F0124B1E762
:10E5D000C0550020E455002014560020DC550020D2
:10E5E000B85A0020D0550020D4550020585600209D
:10E5F00010B540B94FF0500383F31188BFF36F8F0C
:10E60000BFF34F8FFEE741B94FF0500383F31188FA
:10E61000BFF36F8FBFF34F8FFEE7184B1B6843B1FB
:10E620004FF0500383F31188BFF36F8FBFF34F8F09
:10E63000FEE7FFF7BDFE124B04681A6863182CBF93
:10E640000121002194420FD979B90360FFF75CFFE3
:10E6500048B94FF0E0234FF08052C3F8042DBFF3C8
:10E660004F8FBFF36F8F10BD09B99A42EDD203608F
:10E670000021981AFFF7F2FCE8E700BFC055002020
:10E68000E055002008B550B94FF0E0234FF080521C
:10E69000C3F8042DBFF34F8FBFF36F8F08BD0A4B34
:10E6A000196841B14FF0500383F31188BFF36F8FA6
:10E6B000BFF34F8FFEE7FFF77BFEFFF7CFFCFFF7BF
:10E6C00023FF0028E0D0E9E7C0550020F8B5234B30
:10E6D0001A68234B12B101221A60F8BD214C1A604E
:10E6E00023681B6B1A68B2F1A53F0BD15A68B2F1CF
:10E6F000A53F07D19A68B2F1A53F03D1DB68B3F11A
:10E70000A53F04D0206821683431F2F7BBFD164ED6
:10E71000164D3168142707FB01F3E818EA5882B157
:10E7200042680833526842602B449A4204BF5268E0
:10E730004260D3682360316023680D4A543313600C
:10E74000CBE741B94FF0500383F31188BFF36F8FCC
:10E75000BFF34F8FFEE70139DDE700BFC055002052
:10E76000D0550020B85A0020DC5500205856002013
:10E770001000002010B50C4640B94FF0500383F351
:10E780001188BFF36F8FBFF34F8FFEE7054B1968FA
:10E790001831FFF722F820460121BDE81040FFF7AD
:10E7A0005DBC00BFB85A002038B50D46144640B9CC
:10E7B0004FF0500383F31188BFF36F8FBFF34F8F78
:10E7C000FEE7074B19681831FEF7FCFF002C2146C5
:10E7D0000CBF28464FF0FF30BDE83840FFF73EBC85
:10E7E000B85A002038B5C368DC6844B94FF050030C
:10E7F00083F31188BFF36F8FBFF34F8FFEE704F1F0
:10E8000018052846FFF700F8104B1B68DBB9251DDB
:10E810002846FEF7F9FF0E4AE36A11688B4288BF6B
:10E8200013600C4A1420294600FB0320FEF7CAFFA0
:10E83000094BE26A1B68DB6A9A4283BF074B0120DF
:10E840001860002038BD06482946EFE7C055002073
:10E85000DC55002058560020B85A0020D055002022
:10E8600014560020034B1B680360034B1B68436076
:10E87000704700BFCC550020E055002070B50C4615
:10E88000054640B94FF0500383F31188BFF36F8FF3
:10E89000BFF34F8FFEE741B94FF0500383F3118868
:10E8A000BFF36F8FBFF34F8FFEE700F0D3FA0F4B2C
:10E8B000196823685A1C10D00D482E6800686A68D1
:10E8C000864201D08A420FD9881A83420AD95B1A3C
:10E8D000134423602846FFF7C5FF002400F0DAFA4E
:10E8E000204670BD002323600124F7E7E055002097
:10E8F000CC550020014B01221A607047D0550020F2
:10E9000008B9064B1868026B0020135CA52B02D0D7
:10E91000C0F38F0070470130F7E700BFB85A0020FE
:10E92000054B1B6833B1054B1868B0FA80F04009FD
:10E930004000704701207047D8550020C055002086
:10E9400038B508B9002038BD1B4B1C68844208D07C
:10E950004FF0500383F31188BFF36F8FBFF34F8FD6
:10E96000FEE7236D43B94FF0500383F31188BFF3E3
:10E970006F8FBFF34F8FFEE7E16AE26C013B91427C
:10E980002365DFD0002BDDD1251D2846FEF73CFF97
:10E99000E36CE362C3F13802A261084A11688B425A
:10E9A00088BF1360064A142000FB03202946FEF7A7
:10E9B00009FF0120C7E700BFB85A0020DC5500203E
:10E9C00058560020914208B5416000610AD8D21A19
:10E9D00083699A420DD2084B011D1868FEF7FDFEAF
:10E9E000002008BD9A4201D2994202D2034B011D78
:10E9F000F3E70120F5E700BFB85B0020BC5B002017
:10EA0000F7B5114C00F026FA2568BDB90F4F104E2E
:10EA10003846FEF7C9FE3046FEF7C6FE0D4B0E4ADD
:10EA20001F600E4B10211E600A200D4B0095FEF753
:10EA3000C3FF206010B10B49FFF72EFA03B0BDE809
:10EA4000F04000F027BA00BFB45B0020D45B002088
:10EA5000C05B0020BC5B00200C5B0020B85B00208A
:10EA6000BC5A00204057010810B588B0FFF7C8FF16
:10EA7000124B1B68B3B1002407AA06A905A8CDE96B
:10EA80000544FEF785FE059B0293069B0193022336
:10EA90000093079A0A490B482346FFF7D3FB0A4B1A
:10EAA000186040B94FF0500383F31188BFF36F8FA4
:10EAB000BFF34F8FFEE7012008B010BDB45B00200C
:10EAC0004557010899EB0008B05B00207FB515465B
:10EAD00004461A4640B94FF0500383F31188BFF340
:10EAE0006F8FBFF34F8FFEE70D4E306888B1052959
:10EAF000CDE9001502940EDCFFF712FF0346022B4E
:10EB00004FF0000330680CBF089A1A466946FEF7BA
:10EB1000C8FF04B070BD00236946FFF774F8F8E73A
:10EB2000B45B0020F7B51A4D2B681A682AB9194A48
:10EB300011682960136003B0F0BDDB68DC681E68F3
:10EB4000271D3846FEF760FE236A2046984794F852
:10EB500028305B07E8D5A36933449E4206D2286873
:10EB6000636024613946FEF738FEDDE70023009339
:10EB7000324619462046FFF7A9FF0028D4D14FF0AE
:10EB8000500383F31188BFF36F8FBFF34F8FFEE7FE
:10EB9000BC5B0020B85B00202DE9F043764F774E38
:10EBA00087B03B68D3F80080B8F1000F28D0DB684D
:10EBB000D3F800800024FFF7FBFBFFF701FC33686C
:10EBC000984205461ED3306024B36D4B1B681C6809
:10EBD000B4FA84F464096B4B22461868A8EB05016B
:10EBE000FFF799F9FFF790FC88B94FF0E0234FF059
:10EBF0008052C3F8042DBFF34F8FBFF36F8F06E031
:10EC00000124D8E7FFF78EFF3560FFF77DFCDFF8C2
:10EC1000748138E08045DED8FFF776FC3B68DB681E
:10EC2000D3F80C9009F10400FEF7EEFD99F82830B6
:10EC3000580719D5D9F8181043462A464144484682
:10EC4000FFF7C0FEA0B10094234642462146484645
:10EC5000FFF73CFF60B94FF0500383F31188BFF317
:10EC60006F8FBFF34F8FFEE723F0010389F8283041
:10EC7000D9F8203048469847C9E7039B059998473B
:10EC8000029B002B0BDAD8F80000002202A9FFF744
:10EC900017F8002885D0029B0498002BEDDB049C1C
:10ECA000636993B9FFF78CFB33689842054601D23C
:10ECB000FFF738FF029B3560092BE4D8DFE803F04B
:10ECC000090909333A530909333A201DFEF79CFD1F
:10ECD000E8E794F82830A16943F0010384F828306C
:10ECE000039B2A4619442046FFF76CFE0028CAD031
:10ECF000236A2046984794F828305907C3D5A2695B
:10ED0000039900230A44009319462046FFF7DEFECC
:10ED10000028B8D14FF0500383F31188BFF36F8FF1
:10ED2000BFF34F8FFEE794F8283023F0010384F8F7
:10ED30002830A8E794F828300399A16143F0010333
:10ED400084F8283041B94FF0500383F31188BFF3A2
:10ED50006F8FBFF34F8FFEE72B462A46294420468C
:10ED6000FFF730FE8FE794F828309A07DDD420466D
:10ED700000F072FA87E700BFBC5B0020AC5B0020AC
:10ED8000B85B0020B45B002008480068006880F38E
:10ED900008884FF0000080F3148862B661B6BFF3B4
:10EDA0004F8FBFF36F8F00DF00BF000008ED00E062
:10EDB000DFF80C00016841F4700101607047000049
:10EDC00088ED00E082B0002301930D4B1B680133F6
:10EDD00008D04FF0500383F31188BFF36F8FBFF358
:10EDE0004F8FFEE74FF0500383F31188BFF36F8F0F
:10EDF000BFF34F8F019B002BFCD002B0704700BFC8
:10EE00000C0000204FF0807340F8043C074B40F8A2
:10EE10000C3C21F001016FF0020340F8081C40F89F
:10EE2000202C40F8243C4438704700BFC5ED000852
:10EE3000074B19680868B0E8F04F80F30988BFF302
:10EE40006F8F4FF0000080F311887047AFF30080A0
:10EE5000B85A00204FF0500383F31188BFF36F8F2F
:10EE6000BFF34F8F0A4A13680133012B13600ED191
:10EE70004FF0E023D3F8043DDBB243B14FF0500331
:10EE800083F31188BFF36F8FBFF34F8FFEE7704797
:10EE90000C000020084A136843B94FF0500383F375
:10EEA0001188BFF36F8FBFF34F8FFEE7013B1360F5
:10EEB0000BB983F3118870470C000020000000009C
:10EEC000EFF30980BFF36F8F154B1A681EF0100F18
:10EED00008BF20ED108A20E9F04F106009B44FF010
:10EEE000500080F31188BFF34F8FBFF36F8FFFF790
:10EEF000EDFB4FF0000080F3118809BC1968086829
:10EF0000B0E8F04F1EF0100F08BFB0EC108A80F38D
:10EF10000988BFF36F8F7047AFF30080AFF30080B5
:10EF2000B85A002008B54FF0500383F31188BFF39F
:10EF30006F8FBFF34F8FFFF751FA28B14FF0E023E7
:10EF40004FF08052C3F8042D002383F3118808BDCD
:10EF50004FF0E022002313619361054B4FF47A7167
:10EF60001B68B3FBF1F3013B536107231361704747
:10EF7000000000204FF0E02337B5D3F8001D394AD8
:10EF8000914208D14FF0500383F31188BFF36F8F84
:10EF9000BFF34F8FFEE7D3F8002D334B9A4208D1D1
:10EFA0004FF0500383F31188BFF36F8FBFF34F8F80
:10EFB000FEE72E4B1A78D2B20192FF221A701B780C
:10EFC0002B4ADBB28DF803309DF8033003F0500379
:10EFD0001370284A072313609DF80300000603F10D
:10EFE000FF310AD4032B11D04FF0500383F3118863
:10EFF000BFF36F8FBFF34F8FFEE79DF803301160B3
:10F000005B00DBB28DF803300B46E5E74FF440734D
:10F010001360019B154A4FF0E024DBB21370D4F863
:10F02000203D43F47003C4F8203DD4F8203D43F064
:10F030007043C4F8203DFFF78BFF0F4B00251D6088
:10F04000FFF7B6FED4F8343F43F04043C4F8343FF2
:10F05000FFF79AFEFFF73AFBFFF7B4FE284603B02E
:10F0600030BD00BF71C20F4170C20F4100E400E02B
:10F07000EC5B0020E85B00200C000020EFF3058330
:10F080000F2B0ED9114A9B5C114A12789A4208D96B
:10F090004FF0500383F31188BFF36F8FBFF34F8F8F
:10F0A000FEE74FF0E0230B4AD3F80C3D126803F45F
:10F0B000E063934208D94FF0500383F31188BFF304
:10F0C0006F8FBFF34F8FFEE7704700BFF0E300E0A4
:10F0D000EC5B0020E85B002010B5104B1A461B6863
:10F0E0008342FBD354681119884201BF416810461E
:10F0F00009195160446801198B420CD1084909680B
:10F100008B4203D0596821444160196801609042E4
:10F1100018BF106010BD1946F8E700BF085C00205A
:10F12000045C00202DE9F0410446FFF741F9434912
:10F13000434D0B680BBB434A56071FBFD01D20F041
:10F14000070002F5C832131A0CBF4FF4C833024649
:10F1500013443D4E083B23F00703002070603260EB
:10F16000C3E90000981AC2E900300B60374B186001
:10F17000374B18604FF000432B602F68274207D0B1
:10F18000FFF7C2F9F2F78CF800263046BDE8F081AF
:10F19000002CF5D004F1080360071CBF23F007031F
:10F1A0000833002BECD0DFF8A880D8F800509D423F
:10F1B000E6D3254A14686068984201D22668B6B939
:10F1C0000968A142DCD0216816681160C21A102AB1
:10F1D00006F1080612D9E01841070BD04FF0500392
:10F1E00083F31188BFF36F8FBFF34F8FFEE7224683
:10F1F0003446E0E742606360FFF76EFF62681349E0
:10F20000AD1A1743134A0868676000232360136828
:10F21000C8F80050854203F1010338BF0D60136048
:10F22000FFF772F97307B0D04FF0500383F31188E2
:10F23000BFF36F8FBFF34F8FFEE700BF045C00206A
:10F24000F05B0020105C0020085C0020FC5B0020CC
:10F25000005C0020F85B002010B5044690B31A4A09
:10F2600050F8043C1268134208D14FF0500383F366
:10F270001188BFF36F8FBFF34F8FFEE750F8081C64
:10F2800041B14FF0500383F31188BFF36F8FBFF389
:10F290004F8FFEE723EA020340F8043CFFF788F8AB
:10F2A0000A4A54F8043C1168A4F108000B441360A6
:10F2B000FFF712FF064A1368BDE8104001331360E0
:10F2C000FFF722B910BD00BFF05B0020005C0020FA
:10F2D000F45B0020014B1868704700BF005C002001
:10F2E000014B1868704700BFFC5B00200CB430B5C0
:10F2F000184B0C1E1D689DB008DA8B232B604FF055
:10F30000FF301DB0BDE8304002B070474FF40273CB
:10F31000ADF814304FF000031B9314BF04F1FF331A
:10F320002346049307934FF6FF7302900690ADF8BF
:10F330001630209A21AB02A92846019300F048FA22
:10F34000431CBCBF8B232B60002CDAD0029B002215
:10F350001A70D6E71000002030B51446002C9BB080
:10F3600005461A4605DA8B2303604FF0FF301BB0C9
:10F3700030BD4FF40273ADF80C304FF00003199319
:10F3800014BF04F1FF332346029305934FF6FF7336
:10F3900000910491ADF80E3069461E9B00F018FAFA
:10F3A000431CBCBF8B232B60002CE0D0009B0022B1
:10F3B0001A70DCE707B5009313460A460146034876
:10F3C0000068FFF7C9FF03B000BD00BF10000020B8
:10F3D00002440346934200D1704703F8011BF9E74A
:10F3E0002D4B1B68834270B5044653D0C3691BB3D1
:10F3F000DB6863B10025E369DB685959B1B90435AD
:10F40000802DF8D1E3692046D96800F089F8E369D6
:10F41000196811B1204600F083F8E3699D685DB179
:10F42000294620462D6800F07BF8F8E70E68204654
:10F4300000F076F83146E1E7616911B1204600F04D
:10F440006FF8E16911B1204600F06AF8216B11B143
:10F45000204600F065F8616B11B1204600F060F8BD
:10F46000A16B11B1204600F05BF8A16C11B12046F0
:10F4700000F056F8616C11B1204600F051F8E16AD5
:10F4800011B1204600F04CF8236A1BB12046BDE8BC
:10F490007040184770BD00BF10000020014B186875
:10F4A000704700BF1000002070B50D4B0D4D5B1B69
:10F4B0009C100026A64209D101F038FE0A4D0B4BE4
:10F4C0005B1B9C100026A64205D170BD55F8043B7D
:10F4D00098470136EEE755F8043B98470136F2E7C6
:10F4E000185E0108185E0108185E01081C5E01081C
:10F4F00070477047034611F8012B03F8012B002ACF
:10F50000F9D170470A44914200F1FF3300D17047AE
:10F5100010B511F8014B03F8014F9142F9D110BD1C
:10F5200038B50546002941D051F8043C0C1F002B8A
:10F53000B8BFE41800F0E0F81D4A136833B96360FF
:10F5400014602846BDE8384000F0DCB8A34208D972
:10F55000206821188B4201BF19685B680918216077
:10F56000EDE71A465B680BB1A342FAD9116850184F
:10F57000A0420BD120680144501883421160E0D1B1
:10F5800018685B68536008441060DAE702D90C23FE
:10F590002B60D6E7206821188B4204BF19685B688E
:10F5A000636004BF091821605460CAE738BD00BF1A
:10F5B00054ED012070B50F4E0C463168054611B967
:10F5C00000F0ACFB30602146284600F0A7FB431C4E
:10F5D00003D14FF0FF34204670BDC41C24F0030457
:10F5E000A042F8D0211A284600F098FB0130F2D151
:10F5F000EFE700BF50ED01202DE9F843CD1C25F0C9
:10F60000030508350C2D38BF0C25002D064601DBFF
:10F61000A94204D90C2333600020BDE8F883DFF849
:10F62000D48000F069F8D8F800301C4644BB294665
:10F630003046FFF7BFFF431C044658D1D8F80040BE
:10F640002746002F43D1002C4BD023683946304643
:10F6500004EB030900F062FB814542D121686D1A79
:10F6600029463046FFF7A6FF01303AD023682B44E5
:10F670002360D8F800305A6862BBC8F800700FE009
:10F680002268521B20D40B2A17D96119A342256086
:10F6900018BF5960636808BFC8F8001062514B601A
:10F6A000304600F02FF804F10B00231D20F0070076
:10F6B000C21A1CBF1B1AA350AFE76268A3420CBF5B
:10F6C000C8F800205A60EBE723466468AEE73C4682
:10F6D0007F68B6E71A465B68A342FBD100235360FC
:10F6E000DEE70C233360304600F00CF894E7056049
:10F6F000D6E700BF54ED01200148FFF7F9BE00BF77
:10F700004CED01200148FFF7F4BE00BF4CED012095
:10F710002DE9F0478E681F46BE4282460C46904651
:10F72000334653D8B1F90C0010F4906F2BD06569B3
:10F730002368096905EB4505A3EB010905EBD575C0
:10F740007B1C6D104B44AB422A4684BF1D462A46A3
:10F75000430527D511465046FFF74EFF064658B3DE
:10F7600021694A46FFF7CEFEA38923F4906343F054
:10F770008003A381266165614E44A5EB09052660DF
:10F78000A5603E463B461F4620683A46414600F08B
:10F79000ABFAA3689B1BA36023683B442360002053
:10F7A000BDE8F087504600F0C9FA06460028E1D1CE
:10F7B00021695046FFF7B4FE0C23CAF80030A38934
:10F7C00043F04003A3814FF0FF30E9E73E46DBE71B
:10F7D0002DE9F0471F468B891B069CB006460D4657
:10F7E000144610D50B6973B94021FFF705FF286057
:10F7F000286130B90C2333604FF0FF301CB0BDE8F6
:10F80000F08740236B610023099320238DF8293072
:10F8100003973023654F8DF82A304FF001082346B7
:10F82000994613F8012B0AB1252AF9D1B9EB040A3C
:10F830000BD05346224629463046FFF769FF013078
:10F8400000F0A480099A5244099299F80030002BE4
:10F8500000F09C8000234FF0FF32CDE9052309F131
:10F860000109049307938DF853301A934C464F487F
:10F8700014F8011B0522F0F7B3FC049BD0B9D8069D
:10F8800044BF20228DF85320190744BF2B228DF846
:10F89000532099F800202A2A13D0079A4C460020BA
:10F8A0004FF00A0C214611F8013B303B092B49D996
:10F8B00068B913E0C01B08FA00F018430490A14691
:10F8C000D4E7039A111D12680391002A01DB079205
:10F8D00004E0524243F002030792049323782E2B54
:10F8E0000AD163782A2B32D1039B1A1D1B6803921D
:10F8F00043EAE37302340593DFF8C09021780322D2
:10F900004846F0F76DFC38B1049BA0EB090040229B
:10F91000824013430134049314F8011B24488DF8EA
:10F9200028100622F0F75CFC002835D0214818BBCF
:10F93000039B073323F0070308330393099B034416
:10F9400009936CE70CFB02320C460120AAE7002366
:10F950000134059319464FF00A0C204610F8012B8C
:10F96000303A092A03D9002BC6D00591C4E70CFB15
:10F97000012104460123F0E703AB00932A460E4B16
:10F9800004A93046AFF30080421CD7D1AB895B0697
:10F990003FF532AF099831E703AB00932A46064B97
:10F9A00004A9304600F07AF8EEE700BF4D57010891
:10F9B000575701080000000011F7000853570108CD
:10F9C0002DE9F047164698468A680B69DDF82090C5
:10F9D0009342B8BF1346336091F8432007460C4664
:10F9E0000AB1013333602368990642BF336802339A
:10F9F0003360256815F0060506D104F1190AE3689D
:10FA000032689B1AAB4226DC94F843302268003BF4
:10FA100018BF012392062BD404F143024146384615
:10FA2000C84701301ED02368226903F00603042B67
:10FA300002BFE5683368ED1AA3680CBF25EAE575D7
:10FA400000259342C4BF9B1AED1800261A34B54214
:10FA50001AD1002008E00123524641463846C847E3
:10FA6000013003D14FF0FF30BDE8F0870135C6E724
:10FA7000E1185A1C302081F84300224494F84510C4
:10FA800082F843100233C7E7012322464146384635
:10FA9000C8470130E6D00136D9E700002DE9F04330
:10FAA0000D7E85B0782D90460C9E07460C469946F3
:10FAB00001F1430207D8622D0AD8002D00F0D7804B
:10FAC000582D00F0BC8004F1420684F842503BE01F
:10FAD000A5F16303152BF6D801A151F823F000BF5F
:10FAE00039FB00084DFB0008C7FA0008C7FA0008F8
:10FAF000C7FA0008C7FA00084DFB0008C7FA00085B
:10FB0000C7FA0008C7FA0008C7FA000855FC000841
:10FB100077FB000807FC0008C7FA0008C7FA0008CE
:10FB200077FC0008C7FA000877FB0008C7FA00084E
:10FB3000C7FA00080FFC000833681A1D1B68326002
:10FB400004F1420684F842300123A1E033682068C2
:10FB5000191D3160060601D51D6803E04506FBD579
:10FB6000B3F90050002D03DA2D236D4284F84330A1
:10FB70005B480A2311E021683368080653F8045BE8
:10FB800002D4490648BFADB23360237E54486F2B80
:10FB90005CD10823002184F843106668A660002E1B
:10FBA00005DB21682E4321F00401216050D0164668
:10FBB000B5FBF3F103FB115C10F80CC006F801CDA6
:10FBC000AC4663450D46F3D9082B0BD12368DB0700
:10FBD00008D5236961689942DEBF302306F8013CED
:10FBE00006F1FF36921B2261CDF80090434603AA2E
:10FBF00021463846FFF7E4FE01304ED14FF0FF308A
:10FC000005B0BDE8F083236843F020032360354846
:10FC1000782584F845502368316813F0800F51F837
:10FC2000045B03D113F0400F18BFADB23160D907A8
:10FC300044BF43F0200323601DB11023AAE72848E6
:10FC4000E7E7236823F020032360F6E70A23A1E710
:10FC50001646B9E7336825686169181D30602E06BD
:10FC60001B6801D5196002E06806FBD519800023E6
:10FC700023611646B8E733681A1D32601E68626851
:10FC800000213046F0F7ACFA08B1801B6060636871
:10FC90002361002384F84330A6E7236932464146B6
:10FCA0003846C8470130A9D023689B0713D4E068C1
:10FCB000039B9842B8BF1846A2E70123324641464B
:10FCC0003846C847013099D00135E36803995B1A7B
:10FCD000AB42F2DCEBE7002504F11906F5E700BFC3
:10FCE0005E5701086F570108884210B501EB020406
:10FCF00002D98442234607D8431EA14207D011F8F7
:10FD0000012B03F8012FF8E70244824200D110BD15
:10FD100013F8011D02F8011DF7E7000038B5064D84
:10FD20000023044608462B60F9F73EFF431C02D12E
:10FD30002B6803B1236038BD48ED01202DE9F04167
:10FD4000074614460D4621B9BDE8F0411146FFF7BC
:10FD500053BC2AB9FFF7E4FB25462846BDE8F081ED
:10FD600000F01AF88442064602D8B4EB500FF4D8DB
:10FD700021463846FFF740FC804608B94546ECE787
:10FD8000B4422246294628BF3246FFF7BBFB29462C
:10FD90003846FFF7C5FBF1E751F8043C181F002B6C
:10FDA000BCBF0B58C018704738B52DED028B55EC11
:10FDB000104B00F0F7F822462B4620462946B0EEBD
:10FDC000408AF0EE608AF0F7B1FE30B900220023DD
:10FDD00020462946F0F782FE30B9B0EE480AF0EE30
:10FDE000680ABDEC028B38BDFFF758FB00220023E8
:10FDF0002121016010461946F0F728FD41EC180B4F
:10FE0000B0EE480AF0EE680ABDEC028B38BD00BFC8
:10FE100000F0D8BA08B52DED028BB0EE408A00F0A4
:10FE2000B9F9B4EE488AF1EE10FA06D6DFED098A88
:10FE3000B4EEE88AF1EE10FA02D4BDEC028B08BDF4
:10FE4000FFF72CFB88EEA80ABDEC028B2123036090
:10FE500008BD00BF0000000010EE103A184923F062
:10FE600000428A4219D9B2F1FF4F02D330EE400A64
:10FE7000704700B583B0684600F04AFB00F003000D
:10FE800001289DED000ADDED010A0FD0022808D0FF
:10FE900088B900F0CDF903B000BDDFED0A0A00F02B
:10FEA000C7B900F0C5F9B1EE400AF4E700F042FA34
:10FEB000B1EE400AEFE7012000F03CFAEBE700BFAB
:10FEC000D80F493F0000000010EE103A194923F006
:10FED00000428A421AD9B2F1FF4F02D330EE400AF3
:10FEE000704700B583B0684600F012FB00F00300D5
:10FEF00001289DED000ADDED010A12D002280AD08A
:10FF000090B9012000F016FA03B000BDDFED0A0A37
:10FF1000002000F00FBA012000F00CFAB1EE400A08
:10FF2000F2E700F085F9EFE700F082F9B1EE400A60
:10FF3000EAE700BFD80F493F0000000010EE101A9A
:10FF4000C1F3C7520029A2F17F0CACBF01204FF0D2
:10FF5000FF30BCF11E0F0FDCBCF1000F1DDBC1F345
:10FF60001603BCF1160F43F400030ADD963A03FAB8
:10FF700002F202FB00F07047FDEEC07A17EE900A25
:10FF800070474FF4800242FA0CF21A44CCF1170C7D
:10FF900022FA0CF202FB00F07047BCF1FF3F18BFE1
:10FFA000002070472DE9F84F774955EC104BA943D5
:10FFB00000F0AE80002D2A46234655DD2C1562D078
:10FFC000C2F31302E107A4F2FF3742F4801203D414
:10FFD000520002EBD3725B005200002602EBD37298
:10FFE0007F105B001624B4464FF400110CEB0100A7
:10FFF00090424FEAD3754FEA430303DC00EB010C58
:020000040801F1
:10000000121A0E44013C05EB42024FEA5101EDD1B8
:10001000A04620254FF000400AE043D0510001EBFC
:10002000D371013D0A464FEA43034FEA500045D0E1
:10003000624500EB080EF0DDBEF1000F0EEB00088C
:100040000CDBE146A2EB0C019E4588BF01F1FF31BC
:100050004900CC46A3EB0E030444E0E7B8F1000FDF
:10006000EFDB0CF10109EDE725F00041214346D01B
:10007000002D74D1D90A153A5B050029FAD0CE02B9
:1000800014467DD40A4600215200D502084601F1EB
:100090000101F9D5C1F1200523FA05F52A438B406A
:1000A000241A8DE79E4502D94FEA4C01B7E7BEF10D
:1000B000000F0EEB000824DB0021CBE7194312D020
:1000C000DFF8C8A0DFF8C8B0DAE90001DBE90023F7
:1000D000F0F7DAF8DAE9008902460B46404649466D
:1000E000F0F706FD10BB6508711001F17F5101F5B5
:1000F000001101EB075345EAC67243EC102BBDE833
:10010000F88FB8F1000FD7DB0CF1010C0021A1E74B
:1001100022462B4620462946F0F76EFA22462B4609
:10012000F0F7B4F841EC100BBDE8F88FB4F1FF3FE5
:10013000DAE90001DBE900231ED0F0F7A7F8DAE9DD
:10014000008902460B4640464946F0F7C7FCA8B175
:10015000A31C04F1020508BF01366D08C4E722465E
:100160002B4620462946F0F78FF802460B46F0F75B
:100170006DFB41EC100BC2E70136B5E70134B2E785
:100180004FF0FF300A468BE70000F07F005A01086D
:10019000F8590108B1EEC00A704700BF10EE102AEE
:1001A000C2F3C7537F3B162B22F000411BDC002B10
:1001B00010461EDB1A4919410A4223D0DFED197A95
:1001C00070EE277AF5EEC07AF1EE10FA1ADD002A09
:1001D00004DD4FF4000242FA03F3184420EA01035D
:1001E00000EE103A7047B1F1FF4F0BD330EE000A2A
:1001F0007047DFED0C7A70EE277AF5EEC07AF1EEFB
:1002000010FA00DC7047002A06DB11B1B7EE000AD5
:10021000F8E79FED050A70479FED040A704700BF9D
:10022000FFFF7F00CAF2497100000000000000805B
:1002300010EE103A23F00043B3F1485F2CD2FDEEEC
:10024000C07A17EE903A002B60D060EE007A9FEDF6
:10025000317A9FED315ADFED315A9FED316ADFED92
:10026000316AA7EE875A9FED307AE7EE855AA7EEFE
:10027000A56AA7EE867AE7EE876A67EEA66A60EE61
:10028000C00AB6EE007AE7EEA60AB7EE000AD7EE8D
:10029000870A30EE600A704760EE007A9FED1D7AA3
:1002A0009FED1D5ADFED1D5A9FED1D6ADFED1D6AA2
:1002B0001E4AA7EE875A93429FED1B7AE5EE275A16
:1002C000A5EEA76AA6EE277AE7EE276A66EEA76A8A
:1002D000D5D9174A934214D803F17F4307EE103A59
:1002E000B7EE006A36EE476A60EEC00AF6EE005AD4
:1002F00097EEA57AE7EEA60A37EE607A36EE470A61
:100300007047B6EE076AB5EE027AEDE7B7EE000A7F
:10031000704700BF4ED747ADF6740F317CF293B4EF
:10032000010DD037ABAA2A3D610BB6BA9999993E17
:100330000000483F10EE103A23F00043B3F1485F4D
:1003400004D2FDEEC07A17EE903A5BB360EE007A0D
:100350009FED157ADFED155A9FED156ADFED156AF1
:10036000E7EE875A9FED147AA5EEA76A20EE275A8A
:10037000E6EE276AA6EEA77A30B9DFED106AE7EE5F
:10038000876AA6EE850A704727EE457AF6EE006A80
:10039000A0EEA67ADFED0A6AD7EE270AE5EE260A76
:1003A00030EE600A704700BFD3C92E2F342FD7B26A
:1003B0001BEF3836010D50B98988083CABAA2ABE1C
:1003C000ABAA2A3E10B582B0CDED010A019B23F005
:1003D0000042B2F1FF4FF0EE407A30D810EE100A32
:1003E00020F00041B1F1FF4F29D8B3F17E5F3ED03C
:1003F0009C1704F0020444EAD07431B37AB3B2F12A
:10040000FF4F3FD0B1F1FF4F29D0891AB1F1F45F0E
:100410004FEAE15233DA002B41DA3C323FDA9FED0A
:10042000330A012C4DD0022C42D064B19FED307ABA
:10043000DFED307A30EE070A30EE670A03E09DED1B
:10044000017A37EE270A02B010BD022C0CD09FEDC6
:100450002A7A032C08BFB0EE470A02B010BD00286C
:100460000ADB9FED260AEEE79FED220AEBE702B0DA
:10047000BDE8104000F082B99FED210AE3E79FED4F
:100480001F0ACEE7B1F1FF4F04F1FF3420D0022C58
:1004900026D81C4B03EB840393ED000AD3E79DEDB4
:1004A000017A87EE870A00F03BFA00F067F9B8E7B7
:1004B0009FED0F7ADFED0F7A30EE070A37EEC00AB4
:1004C000C1E710EE103A03F1004300EE103ABAE72C
:1004D000022C08D80C4B03EB840393ED000AB2E71F
:1004E0009FED020AAFE79FED090AACE700000000AC
:1004F0002EBDBB33DB0F4940DB0F49C0DB0FC93FCB
:10050000DB0FC9BF085A0108145A0108DB0F493F25
:1005100070B510EE103A8B4A23F00044944286B036
:10052000054671D9884A94421E4624D823F00042D9
:10053000002BDFED867A864922F00F02B0EE407A7A
:1005400040F3E6808A4270EE677A09BF9FED817AB8
:10055000DFED816ADFED816A77EEC77A37EEE67A02
:1005600077EEC77A80ED007A77EEE67AC0ED017A11
:10057000012006B070BD7A4A944253D9B4F1FF4FBE
:1005800049D2E215863AA4EBC25307EE903ABDEE8B
:10059000E77ADFED746AB8EEC77A77EEC77A8DED49
:1005A000037A67EEA67ABDEEE77AB8EEC77A77EE01
:1005B000C77A8DED047A67EEA67AF5EE407AF1EE11
:1005C00010FACDED057A40F08E80B5EE407AF1EE6E
:1005D00010FA40F08A8001236349019102210091C1
:1005E00003A8294600F0A4F9002EC2DA95ED007A9E
:1005F000D5ED017AB1EE477AF1EE677A85ED007AB2
:10060000C5ED017A4042B4E7002285ED000A426060
:10061000002006B070BD70EE407AC0ED017AC0EDEA
:10062000007AF5E700F07CF99FED507A9FED476A7C
:10063000F6EE007AE0EE077A9FED477AFDEEE77A74
:10064000F8EEE76A17EE900AA6EEC60A1F2866EED5
:10065000877AB1EE666A30EE677A1EDC444A411E44
:1006600026F0004352F8212023F0FF03934214D0D8
:1006700085ED007A30EE470A002E30EE670A85EDF0
:10068000010ABFF676AFB1EE477AB1EE400A85EDCA
:10069000007A85ED010A40426BE717EE103AC3F38A
:1006A000C753C3EBD453082B4FEAE452E0DD9FED70
:1006B000297A9FED2A5AF0EE405AE6EE075A70EE7C
:1006C000657AE6EE077AD6EE857A35EEE77A17EEAA
:1006D000103AC3F3C753D21A192A08DCB0EE650AE0
:1006E00085ED007AC6E7032376E7022374E79FEDE2
:1006F000217A9FED215AB0EE650AA6EE070A75EE43
:10070000C07AE6EE077AD6EE857A30EE677AAFE702
:100710008A4270EE277A09BF9FED0E7ADFED0E6AEE
:10072000DFED0E6A77EE877A37EEA67A77EEC77A34
:1007300080ED007A77EEA67AC0ED017A4FF0FF30B7
:1007400017E700BFD80F493FE3CB1640800FC93FE2
:10075000D00FC93F004435374344353708A3852EB1
:10076000800F494300008043A05A010884F9223FCA
:10077000205A010800A3852E32318D2438B510EEA1
:10078000105A25F00044B4F1A14FF0EE407A07D39F
:10079000B4F1FF4F55D8002D77DD9FED4E0A38BDDF
:1007A0004D4B9C425CD8B4F1445F4DD34FF0FF33C6
:1007B00027EEA76A9FED495A9FED497ADFED495A26
:1007C000DFED494A66EE066A5A1CA6EE857AE6EE29
:1007D000A54A9FED465ADFED465AA7EE265AE4EEAB
:1007E000A65A9FED447ADFED444AA5EE267AE5EE5F
:1007F000A64A9FED425ADFED425AA7EE265A9FEDD8
:10080000417AA4EEA67AE5EE265A27EE267AA5EEE0
:10081000867A27EE877A3BD03B493C4A01EB83013D
:10082000D1ED006A37EE667A02EB8303D3ED006AFE
:1008300037EE677A002D36EEC70AB0DAB1EE400A1D
:1008400038BD30EE000A38BD9FED317A30EE077AC0
:10085000F7EE006AB4EEE67AF1EE10FAA6DD38BDE6
:1008600000F05EF82B4B9C4215D8A3F5D0039C42B8
:1008700026D8F0EE007ABFEE007AA0EE277A0023A9
:1008800030EE270AC7EE007A92E79FED230A38BDC3
:1008900037EEC70A38BD214B9C420BD8F7EE087AD9
:1008A000B7EE007AA0EE277A022330EE670AC0EE98
:1008B000077A7DE7BFEE007AC7EE007A032377E779
:1008C000F7EE007A30EE677A30EE270A0123C7EEA2
:1008D000007A6DE7DB0FC93FFFFFDF3ED769853C3C
:1008E00059DA4B3D21A215BD6BF16EBD356B883DCC
:1008F00095879DBD6E2EBA3D388EE3BD2549123ECB
:10090000ABAAAA3ECDCC4CBEB85D0108C85D0108BB
:10091000CAF24971FFFF973FDB0FC9BFFFFF1B40C2
:1009200010EE103A23F0004300EE103A704700BF7B
:100930002DE9F04F2DED048BDBB01C46944603935C
:100940000A46BA4B68991CF1040F53F8217082468D
:1009500004F1FF39C0F25682BCF1030348BF0CF129
:100960000403DB10029301334FEAC30EACEB0E031A
:100970000593029B17EB0900A3EB090316D4013082
:100980009FEDAB7A699C18441EA9002BA4BF54F8B4
:10099000235007EE905A03F10103ACBFF8EEE77A5B
:1009A000F0EE477A8342E1EC017AEED1002FC0F2FB
:1009B000E28203991EA800EB81004FEA81087E18AD
:1009C000002346AD4C460AEB8101B9F1000F80F2DD
:1009D000C8800134B44245F8043B00F10400F4D16E
:1009E0000DF1280B0BEB8703CDE9062E043B9FEDA1
:1009F000929ADFED908A059804930AEB080446AEBC
:100A00000BEB87080097CDF820C00DEB8703002F74
:100A100093ED460A4FEA870515DD73195A4660EED5
:100A2000097AB0EE407AFDEEE77A73ED016AF8EEEE
:100A3000E77AB342A7EEE87A37EEA60ABDEEC77AA8
:100A4000A2EC017AEBD1019000F0B8FAF4EE007A52
:100A5000B0EE408A20EE270A00F01EFBF2EE007A8C
:100A6000A0EE678A01980028FDEEC89AF8EEE97AB0
:100A700038EE678A40F38280791EC0F108035BF884
:100A800021E04EFA03FC0CFA03F3AEEB030EC0F1C7
:100A9000070219EE903A4EFA02F26344002A09EE78
:100AA000903A4BF821E000F3AF80B5EE408AF1EECA
:100AB00010FA74D1009B9F420ADD5D44002355F873
:100AC000041D454543EA0103F9D1002B40F00281A2
:100AD000009B013B5BF823207B1C9C46002A40F0D6
:100AE000F780049A012152F8045D0131002DFAD0FB
:100AF0003944029D039A05EB030E0EF1804E699D69
:100B00000EF1FF3E3A4405EB8E0E1EAD06EB830759
:100B100005EB8205DEED017AF8EEE77AB9F1000F18
:100B20000EF1040EE5EC017ADFED417A09DB2A468D
:100B30005346F3EC016A32ED017AA342E6EE877A7E
:100B4000F7D10CF1010C8C45E7EC017AE2DD0F46A0
:100B50005BE70134B442E5EC017A00F104003FF4B4
:100B60003FAFDFED337A83465346F3EC016A3BED4A
:100B7000017A8B42E6EE877AF7D1EAE700F09180BE
:100B8000F6EE007AB4EEE78AF1EE10FA80F22981EF
:100B9000B5EE408AF1EE10FA4FF000028AD092468C
:100BA000DDE9062EDDF820C00197AEEB0C00B0EEBB
:100BB000480A009F009200F001FADFED1E6AB4EED1
:100BC000E60AF1EE10FADDE90023F0EE407AC0F219
:100BD0009C819FED197A059920EE077A0831BDEEC8
:100BE000C77A0591B8EEC77A5C1CE7EE667ABDEE6F
:100BF000C77AFDEEE77A17EE901A4BF8231017EE3E
:100C0000103A4BF824307EE00133002F09EE903A81
:100C100040F39D8159464FF0000E51F8043B002BE4
:100C200039D0C3F5807341F8043C0CE0045E010840
:100C300000000000000080430000803B0B68C3F10F
:100C4000FF0341F8043B0EF1010E7745F6DC01236A
:100C50009E4600280BDD012800F0BB80022806D14B
:100C6000791E5BF8213003F03F0C4BF821C0022ABB
:100C70007FF41BAFB7EE000A734630EE488A002BB4
:100C80003FF413AF0992019000F098F90198099A86
:100C900038EE408A09E70EF1010E7745BDDC9E462D
:100CA000D7E77B1E5BF82320D211002A7FF7FDAE29
:100CB00019EE903A002F03F1010309EE903AA9DCF6
:100CC000022A7FF4F2AEF7EE007A37EEC88AECE63D
:100CD00019460EE73B469246DDE905125C1EA1F17E
:100CE00008005BF82410009F059061B903F1804370
:100CF000013B0BEB8303014653F8040D013C08391B
:100D00000028F9D0059105980092B7EE000A00F08E
:100D100055F9002C009AB0EE407AC0F22281601C96
:100D200046AD5FED3B6A81000BEB800305EB800075
:100D300073ED017AF8EEE77A5B4567EE877A27EE86
:100D4000267A60ED017AF3D10DF1C8080E1F2E440A
:100D5000C646A4460025002F7DDBDFF85C92DFED60
:100D6000957A3046002307E0F9EC016AB0EC017A8D
:100D70009F42E6EE877A03DB9D4203F10103F3DA3B
:100D80000CF1FF3CBCF1FF3FEEEC017A05F10105EF
:100D9000A6F10406E1D1689B022B6ADC002B36DC4D
:100DA0000ED1DFED847A414431ED017A884577EE4A
:100DB000877AF9D15346002B40F0C680C2ED007A05
:100DC00019EE903A03F007005BB0BDEC048BBDE870
:100DD000F08F791E5BF8213003F07F0C4BF821C0B7
:100DE00045E719EE903A002F03F1010309EE903A1E
:100DF000C8BF02223FF70EAFF7EE007A37EEC88A7F
:100E0000022252E600234FF0080E0293AEE5DDED1C
:100E1000327A9FED687A414471ED016A884537EE78
:100E2000267AF9D15346002B40F0848077EEC77ABA
:100E300082ED007A64B133A90123B1EC017A013368
:100E40009C4277EE877AF8DA53460BB1F1EE677A77
:100E5000C2ED017AB4E70CF1FF3C0023BCF1FF3F87
:100E60004EF8043B05F10105A6F104067FF473AFCB
:100E700091E7689B032BA3D1002C00F08C8008EB3A
:100E8000840595ED007AA0002B46294671ED017A84
:100E9000F0EE476A37EE277A884577EEC77A81ED1C
:100EA000007A77EEA67AC1ED017AEFD1012C72D0EB
:100EB00095ED007A08F1040173ED017AF0EE476ACE
:100EC00037EE277A994277EEC77A83ED007A77EE8C
:100ED000A67AC3ED017AEFD1031DDFED367A4344E4
:100EE00008F1080833ED017A984577EE877AF9D151
:100EF0005346DDED326A9DED337A73B9C2ED006A77
:100F000082ED017AC2ED027A5AE7FDEEC07A1C4604
:100F100017EE901A4BF82310F5E6F1EE666AB1EE83
:100F2000477AF1EE677AC2ED006A82ED017AC2ED8E
:100F3000027A45E7F1EE476A77EEC77AC2ED006ABA
:100F4000002C7FF478AF81E7F1EE677A36E701286D
:100F500015D002287FF4B4AE0EF03F034BF82130D9
:100F6000AEE6689B022B12DC002B17DC7FF428AF67
:100F7000DFED107A1EE7039B4FEA830830E50EF0A1
:100F80007F03022A4BF821307FF48FAD9BE6689BEC
:100F9000032B7FF415AFDFED077AA9E75346DDEDAC
:100FA000327A1BB14FF0004313604FE70023136008
:100FB0004EE700BF00000000D85D010810EE103AB7
:100FC00033F000411A4625D0B1F1FF4F1FD213F084
:100FD000FF4F20D1DFED297A294A60EE277A90422F
:100FE00017EE903A31DB4CF2503CC3F3C7516045E9
:100FF0001A46A1F1190114DD002BDFED227A9FEDD5
:10100000210AB8BFDFED207A27EE800A704730EE64
:10101000000A704770474CF2503C60454FEAD1518E
:10102000EADC0144FE29E7DC002915DC11F1160F8A
:1010300019DB193122F0FF4242EAC15207EE902A31
:101040009FED120A27EE800A7047DFED117A07EE56
:10105000103A27EE270A704722F0FF4242EAC153B6
:1010600000EE103A7047002BDFED097A9FED080A79
:10107000B8BFDFED087A27EE800A70470000004C09
:10108000B03CFFFFCAF24971CAF249F100000033D7
:101090006042A20D6042A28D10EE102AC2F3C75327
:1010A0007F3B162B22F000411BDC002B10461EDB81
:1010B0001A4919410A4223D0DFED197A70EE277AD6
:1010C000F5EEC07AF1EE10FA1ADD002A04DA4FF4D8
:1010D000000242FA03F3184420EA010300EE103A3A
:1010E0007047B1F1FF4F0BD330EE000A7047DFEDD0
:1010F0000C7A70EE277AF5EEC07AF1EE10FA00DC89
:101100007047002A02DB9FED070A704711B99FED77
:10111000060A7047BFEE000AF2E700BFFFFF7F003C
:10112000CAF249710000000000000080F8B500BF5D
:10113000F8BC08BC9E467047F8B500BFF8BC08BCB8
:041140009E46704710
:101148000000000500000000AD550A19CB1A000880
:10115800291A0008351A0008000000006D1A000856
:10116800491A00084D1A0008000000000000803FDE
:1011780000000000000000000000204100002041A5
:101188000000803F000020410000C842000000002D
:1011980000000000000020410000A0400000803F47
:1011A8000000204100000000000000400000000096
:1011B800000040400000C8420000803F0000C842D4
:1011C80000000000000000000000804000002041F6
:1011D8000000C8420000803E0000C84200002041D4
:1011E8000000000000000000000020410000C8428C
:1011F8000000803F000040404D4541535552454D49
:10120800454E54004D4541535552454D454E545F4A
:101218004D4F54494F4E5F56325F444D415F5031F8
:10122800004944455F574F524B545245455F554E10
:10123800545241434B4544005350495F444D415F2C
:10124800424C4F434B494E475F57524150504552CD
:101258005F563100554E4B4E4F574E5F434F4E46EB
:1012680049475F474154455F524553554C54004EDA
:101278004F4E4500434F4E4649475F524541445FF4
:101288004641494C4544005354415455535F4E4FD1
:10129800545F434C45414E00554E455850454354C4
:1012A80045445F4E4F4E5A45524F5F434F52524549
:1012B8004354494F4E5F5441424C450045585045B0
:1012C800435445445F434F4E4649475F50524F464B
:1012D800494C455F4D495353494E47005A45524F73
:1012E8005F4D49534D41544348004449525F4D496D
:1012F800534D415443480046494C545F4D49534D62
:1013080041544348005354415455535F4D49534D3C
:1013180041544348005052545F4D49534D41544342
:101328004800524D415049445F4D49534D41544343
:101338004800434F5252454354494F4E5F4352432E
:101348005F4D49534D41544348002D004D413630BF
:101358003020616E676C65207472616E73706F7295
:10136800743D25730D0A004255494C445F4D414E6A
:1013780049464553542C4170704D6F64653D257343
:101388002C41707050726F66696C653D25732C4DE9
:1013980043553D53544D33324634303552475478D3
:1013A8002C536F7572636549643D25732C50726FB9
:1013B80066696C6546696E6765727072696E743DC0
:1013C80030782530386C582C53797374656D436CBC
:1013D8006F636B487A3D256C752C5472616E73701F
:1013E8006F72743D25730D0A004D41363030206907
:1013F800646C65206163717569736974696F6E20C7
:101408006661696C656420726573756C743D2564EA
:1014180020617474656D7074733D257520666C6108
:1014280067733D3078253032580D0A004D4136300B
:1014380030207261773D257520616E676C653D25AA
:101448006C752E2530326C75206465672053746185
:1014580074757356616C69643D2564204E564D421F
:101468003D2564204552524352433D256420455250
:10147800524D454D3D2564204552525041523D251F
:10148800640D0A004D41363030206E6F6973652057
:10149800286C61737420256473293A205032503DBA
:1014A800256C752E2530326C75646567205374641D
:1014B8004465763D256C752E2530326C75646567FC
:1014C8002044726966743D2573256C752E2530326B
:1014D8006C75646567204D6178537465703D256C43
:1014E800752E2530326C75646567204E3D256C7508
:1014F8002076616C69643D25640D0A006465666147
:10150800756C745461736B00575241505045445F79
:101518005049445F534C45575F563200554E4B4E29
:101528004F574E00554E4B4E4F574E5F4A49470056
:1015380041756720203620323032362031323A3138
:10154800323A3534006A69676D6F746F722D6E6C4C
:101558003200434F4E4649472C5265636F726456BA
:10156800657273696F6E3D312C47617465506F6C9D
:101578006963793D504F4C4943595F415F4C4F4334
:101588004B45445F56312C436F6E666967436F6EF7
:10159800746578743D25732C4669726D7761726540
:1015A8003D25732C4275696C6449443D25732C4D67
:1015B80043555F5549443D2530386C582530386CC3
:1015C800582530386C582C4A696749443D25732C96
:1015D8004A69674B6E6F776E3D25642C436F6E6664
:1015E80069674761746553656C66546573743D310A
:1015F8002C506F696E7453616D706C657253656CB5
:1016080066546573743D312C457870656374656400
:1016180043616C6962726174696F6E537461746559
:101628003D5A45524F5F5441424C452C436F6E66BC
:1016380069675265616456616C69643D25642C4331
:101648006F6E66696756616C69643D25642C506FDE
:101658006C69637941476174655061737365643D72
:1016680025642C41756469744669656C64734C6FB4
:10167800636B65643D312C457870656374656450AF
:10168800726F66696C65466F756E643D25642C5291
:10169800656A656374526561736F6E3D25732C507E
:1016A8006F6C696379414279706173734F766572C3
:1016B800726964653D25642C45787065637465645A
:1016C8005A65726F3D3078253034582C45787065EE
:1016D800637465644469723D3078253032582C450E
:1016E8007870656374656446696C743D307825303C
:1016F80032582C45787065637465645374617475E9
:10170800733D3078253032582C45787065637465A0
:10171800645072743D3078253032582C45787065A5
:1017280063746564526D617049643D307825303268
:10173800582C4578706563746564436F72724352C0
:101748004333323D30782530386C582C5A65726FE7
:101758003D3078253034582C4469723D3078253036
:1017680032582C46696C743D3078253032582C53E9
:1017780074617475733D3078253032582C5072740A
:101788003D3078253032582C526D617049643D30B7
:1017980078253032582C436F72724E6F6E5A6572CC
:1017A8006F436F756E743D25752C436F727243528B
:1017B8004333323D30782530386C580D0A004D6F70
:1017C800746F72204552524F523A204525642028A2
:1017D8004D4136303020636F6E66696720676174EB
:1017E800652072656A65637465643A2025732921EA
:1017F8000D0A002D256C642E25302A6C64004F528A
:101808004445525F4E4F545F434F4D5055544544E5
:10181800004F524445525F41424F56455F4E595121
:101828005549535400524154494F5F4F55545F4FE7
:10183800465F52414E4745002D256C642E253032B7
:101848006C640043435700505245434F4E4449543B
:10185800494F4E004E41004F4646494349414C00CE
:10186800455854454E444544004241534500444977
:101878005341424C454400256C75002564004D4594
:1018880054412C536368656D6156657273696F6E58
:101898003D25642C4669726D776172653D25732C10
:1018A8004275696C6449443D25732C4D43555F5519
:1018B80049443D2530386C582530386C5825303827
:1018C8006C582C436F756E74657253636F70653D09
:1018D800424F4F542C4A696749443D25732C4A6945
:1018E800674B6E6F776E3D25642C4D6F746F724930
:1018F800443D25732C4D6F746F724944536F757254
:1019080063653D25732C4D6F746F72494456616C45
:1019180069643D25642C4D6F746F72506F6C65431C
:101928006F756E743D25752C4D6F746F72506F6CAA
:101938006550616972733D25752C456C65637472D9
:101948006963616C526970706C654D756C7469700F
:101958006C653D25752C456C656374726963616CB3
:10196800526970706C654F726465723D25752C54B0
:1019780065737449443D256C752C537765657049CA
:10198800443D256C752C446972656374696F6E3DBE
:1019980025732C4D6561737572656D656E74506F36
:1019A8006C6963793D25732C4D6561737572656D3E
:1019B800656E74446566696E6974696F6E3D2573FA
:1019C8002C416363657074616E63654D6F64653D3A
:1019D80025732C4F6666696369616C526573756C13
:1019E80074536F757263653D4C45474143592C5399
:1019F8006861646F7743616E6F6E6963616C456E91
:101A080061626C65643D25642C536861646F77433B
:101A18006F6E747261637456657273696F6E3D257B
:101A2800732C536861646F774F6666696369616C8C
:101A38003D302C436C6F7375726550726F626545EB
:101A48006E61626C65643D25642C436C6F737572BE
:101A58006550726F626550726F746F636F6C3D256D
:101A6800732C436C6F7375726550726F62654F6645
:101A780066696369616C3D302C417070726F616397
:101A88006850726F746F636F6C3D25732C41707072
:101A9800726F6163685374727563747572616C56A2
:101AA800616C69643D25732C52616D70536F667467
:101AB800537461727450726F746F636F6C3D2573E9
:101AC8002C52616D70536F667453746172744465FF
:101AD8006C61794D733D25732C506861736552654F
:101AE800666572656E63653D537765657050726FA4
:101AF80067726573732C537465705261773D256402
:101B08002C4578706563746564416E616C7973699E
:101B180073506F696E74733D25642C4361707475DE
:101B2800726564506F696E74733D25642C416E61F3
:101B38006C79736973506F696E74733D25642C4DAD
:101B48006561737572656D656E7456616C69643D27
:101B580025642C547261636B696E6756616C6964A5
:101B68003D25642C547261636B696E67526D734CCA
:101B7800696D69744465673D31352E302C54726146
:101B8800636B696E674D61784C696D69744465670C
:101B98003D33302E302C4163717569736974696FF8
:101BA8006E526573756C743D25732C416371526573
:101BB8006164417474656D7074733D256C752C4156
:101BC8006371526574726965733D256C752C416348
:101BD800715472616E73706F72744572726F727342
:101BE8003D256C752C4163714A756D7052656A6547
:101BF8006374733D256C752C4163714661696C652E
:101C08006453616D706C65733D256C752C436F6E04
:101C180074696E756F75735377656570436F6E740D
:101C28006578743D25732C436F6E746578745265BE
:101C380061637175697265436F756E743D256C7566
:101C48002C52616D70466565646261636B456E61B7
:101C5800626C65643D312C536574746C65436F6EBA
:101C680074726163743D25732C536574746C655389
:101C7800746162696C6974794C696D6974526177D1
:101C88003D256C642C536574746C6554617267658A
:101C980074546F6C6572616E63655261773D256C33
:101CA800642C536574746C65506F696E74733D254C
:101CB800642C536574746C6553746162696C6974DF
:101CC8007956616C69643D25642C536574746C6540
:101CD80054617267657450726F78696D697479566A
:101CE800616C69643D25642C536574746C65566138
:101CF8006C69643D25642C53746172745261773D3C
:101D080025752C5374617274416E676C6544656700
:101D18003D25732C416E616C7973697353746172DC
:101D2800745261773D25752C436F6E74726F6C6CBD
:101D380065725374617465506F6C6963793D25737E
:101D48002C436F6E74726F6C6C6572526573657438
:101D58004170706C6965643D25642C436F6E7472C4
:101D68006F6C6C65725265736574537461746556F3
:101D7800616C69643D25642C486F6D6552657375A7
:101D88006C743D25732C486F6D6544757261746978
:101D98006F6E4D733D256C752C486F6D655570647D
:101DA800617465436F756E743D256C752C42617462
:101DB800636849443D256C752C4379636C654F72A3
:101DC8006465723D256C752C52756E4F7264657230
:101DD8003D256C752C426174636852756E436F754E
:101DE8006E743D256C752C507265636F6E646974F2
:101DF800696F6E50726F746F636F6C3D25732C52F0
:101E0800756E526F6C653D25732C456C6967696208
:101E18006C65466F72537461746973746963733D5A
:101E280025642C507265636F6E646974696F6E56B1
:101E3800616C69643D25732C546865726D616C50E2
:101E4800726F746F636F6C3D25732C46697273747F
:101E580052756E496E42617463683D25642C4D6FFE
:101E6800746F724163746976654475726174696FE1
:101E78006E4D733D256C752C436F6F6C646F776E78
:101E88005461726765744D733D25732C436F6F6C95
:101E9800646F776E41637475616C4D733D25732C67
:101EA800436F6F6C646F776E56616C69643D257320
:101EB8002C54696D6553696E636550726576696FF8
:101EC800757352756E4D733D25730D0A00434F4F60
:101ED8004C444F574E5F313230535F5631004F4EAE
:101EE800455F46554C4C5F53574545505F3132303E
:101EF800535F56315F46415354330052455345545E
:101F08005F4245464F52455F454143485F484F4D04
:101F1800455F56310053544142494C4954595F4139
:101F28004E445F5441524745545F5631005357451C
:101F380045505F434F4E544558545F563100534304
:101F4800555256455F43575F505245524F4C4C5F70
:101F58004C4F43414C5F524556455253414C5F43A9
:101F68004F4E54524F4C5F563100434C4F535552CD
:101F7800455F484F4C445F56310043414E4F4E49F0
:101F880043414C5F5131365F314445473336305F0A
:101F98005632005245504F52545F4F4E4C590057DD
:101FA800484F4C455F53595354454D5F434F4D4D32
:101FB800414E445F545241434B494E470057484FA6
:101FC8004C455F53595354454D5F5245504F5254F9
:101FD8005F4F4E4C595F563100554E53455400479C
:101FE8005249442C536368656D6156657273696F15
:101FF8006E3D25642C5465737449443D256C752CDD
:10200800537765657049443D256C752C50726F7423
:102018006F636F6C3D25732C4E6F6D696E616C53E9
:102028007465704465673D312E30303030302C5047
:102038006F696E74735065725265763D25752C52C2
:102048006177537465704D696E3D25752C526177C3
:10205800537465704D61783D25752C5461726765C0
:102068007452756C653D524F554E445F494E444518
:10207800585F54494D45535F36353533365F4449CB
:10208800565F3336300D0A00554E49464F524D5F64
:10209800315F4445475F524F554E4445445F524176
:1020A800575F5631004D4F54494F4E5F50524F467F
:1020B800494C452C536368656D6156657273696F49
:1020C8006E3D25642C5465737449443D256C752C0C
:1020D800537765657049443D256C752C4A69674995
:1020E800443D25732C4D6F746F7249443D25732C04
:1020F800446972656374696F6E3D25732C50726F05
:1021080066696C653D25732C486F6D65436F6E7409
:10211800726F6C6C65723D25732C46696E616C54E8
:1021280061726765744D6F64653D4F50454E5F4CF5
:102138004F4F505F554E4348414E4745442C4361ED
:1021480070747572654D6F64653D535441544943CD
:102158005F41465445525F534554544C452C54698D
:10216800636B4D733D25752C436F6D6D616E6473A4
:102178005065724465677265653D25752C506F77AB
:1021880065723D312E3030302C4C6F636B44757264
:102198006174696F6E4D733D256C752C4C6F636B64
:1021A800436F6D6D616E64733D256C752C4C6F6368
:1021B8006B54696D696E674F76657272756E733DA3
:1021C800256C752C52616D705365676D656E7473FF
:1021D8003D256C752C52616D70436F6D6D616E6439
:1021E800733D256C752C52616D7054696D696E670D
:1021F8004F76657272756E733D256C752C4D6178DE
:102208004C6174656E6573735469636B733D256CBB
:10221800752C4F627365727665644261636B747284
:1022280061636B733D256C752C4D61784F627365E6
:10223800727665644261636B747261636B52617735
:102248003D256C750D0A0053435552564534305F91
:102258004142534F4C5554455F5449434B5F5632A6
:102268000053574545505F43524545505F434F4ED5
:102278004649472C536368656D6156657273696F8B
:102288006E3D372C5465737449443D256C752C5349
:102298007765657049443D256C752C4A69674944E2
:1022A8003D25732C4D6F746F7249443D25732C4442
:1022B8006972656374696F6E3D25732C4F66666934
:1022C8006369616C3D302C456E61626C65643D31BB
:1022D8002C50726F746F636F6C3D25732C53656C53
:1022E800656374696F6E52756C653D4142535F4911
:1022F8004E495449414C5F4741505F47545F5452DF
:1023080049474745522C547269676765725261772D
:102318003D256C642C42617365427564676574522F
:1023280061773D256C642C426173654D6178497411
:1023380065726174696F6E733D256C752C45787490
:10234800656E6465644275646765745261773D259E
:102358006C642C457874656E6465644D6178497465
:1023680065726174696F6E733D256C752C53746565
:10237800705261773D25752C4465616462616E64B5
:102388005261773D25752C506F7765723D312E303F
:1023980030302C54617267657443726F7373696E61
:1023A8006747756172643D25732C5265636F766566
:1023B800727950726F746F636F6C3D25732C526520
:1023C800636F766572794275646765745261773DAB
:1023D800256C642C5265636F766572794D61784916
:1023E8007465726174696F6E733D256C752C4669EE
:1023F8006E654C616E64696E6750726F746F636F5F
:102408006C3D25732C46696E6553656C656374690C
:102418006F6E52756C653D25732C46696E65546107
:1024280072676574506F696E743D2D312C46696E04
:1024380065456E7472795261773D25752C46696ED3
:1024480065537465705261773D25752C46696E65D4
:10245800426173654D6178497465726174696F6E24
:10246800733D256C752C46696E65457874656E6498
:1024780065644D6178497465726174696F6E733D06
:10248800256C752C4A756D705468726573686F6C2D
:10249800645261773D25752C46696E655265636F98
:1024A800766572794275646765745261773D256C0B
:1024B800642C46696E655265636F766572794D6105
:1024C80078497465726174696F6E733D256C752CFB
:1024D8005472616365506F6C6963793D25732C5440
:1024E8007261636543617061636974793D25750D37
:1024F8000A0046495253545F46494E455F42554487
:102508004745545F4F525F494E54454752495459C5
:102518005F4641494C5552455F563100414C4C5F2E
:10252800504F494E54535F4C4956455F4741505FA1
:102538004C455F454E54525900554E4956455253E5
:10254800414C5F4C4956455F4741505F46494E45AF
:102558005F53544550345F4A554D505F475541527B
:10256800445F563100554E4956455253414C5F46DB
:10257800494E455F53494E474C455F524556455273
:1025880053414C5F56310053544F505F4245464FBC
:1025980052455F4E4558545F434F4D4D414E445F41
:1025A80056310041444150544956455F4741505FB8
:1025B8004255444745545F554E4956455253414C40
:1025C8005F46494E455F4C414E44494E475F563140
:1025D80000434F4E54524F4C5F53544154452C5373
:1025E8006368656D6156657273696F6E3D25642C0D
:1025F8005465737449443D256C752C537765657033
:1026080049443D256C752C4A696749443D25732C1E
:102618004D6F746F7249443D25732C44697265632C
:1026280074696F6E3D25732C506F6C6963793D2515
:10263800732C52657365744170706C6965643D25CF
:10264800642C5265736574537461746556616C6962
:10265800643D25642C4265666F7265496E746567D2
:1026680072616C5465726D3D25732C4265666F729C
:10267800654C6173744572726F724465673D25736A
:102688002C4265666F7265436F6D6D616E64526151
:10269800773D25732C4265666F726546696C746573
:1026A800726564446572697661746976653D2573FF
:1026B8002C4265666F72654C6173744F75747075E2
:1026C80074537465705261773D25732C4265666F4B
:1026D8007265466565646261636B496E69746961B8
:1026E8006C697A65643D25642C4265666F7265463F
:1026F8006565646261636B41636365707465643DBD
:10270800256C752C4265666F72654F7574707574AB
:10271800456C656374726963616C506F7369746941
:102728006F6E5261773D25752C4265666F72654FF5
:102738007574707574506F7765723D25732C42659A
:10274800666F72654F7574707574456E61626C65FD
:10275800643D25642C4166746572496E74656772C0
:10276800616C5465726D3D25732C41667465724CBD
:102778006173744572726F724465673D25732C41AD
:1027880066746572436F6D6D616E645261773D2545
:10279800732C416674657246696C7465726564442D
:1027A8006572697661746976653D25732C41667436
:1027B80065724C6173744F75747075745374657079
:1027C8005261773D25732C41667465724665656470
:1027D8006261636B496E697469616C697A65643DAD
:1027E80025642C4166746572466565646261636B35
:1027F80041636365707465643D256C752C4166742E
:1028080065724F7574707574456C6563747269632D
:10281800616C506F736974696F6E5261773D25758D
:102828002C41667465724F7574707574506F776556
:10283800723D25732C41667465724F75747075749A
:10284800456E61626C65643D25642C486F6D655208
:102858006573756C743D25732C486F6D654475728E
:102868006174696F6E4D733D256C752C486F6D658D
:10287800557064617465436F756E743D256C752C75
:10288800486F6D65496E697469616C4572726F72E3
:102898004465673D25732C486F6D6546696E616CAC
:1028A8004572726F724465673D25732C486F6D657C
:1028B800496E697469616C436F6D6D616E645261D4
:1028C800773D256C642C486F6D6546696E616C4375
:1028D8006F6D6D616E645261773D256C640D0A0001
:1028E800534841444F575F4D4554412C53636865E5
:1028F8006D6156657273696F6E3D25642C546573FE
:102908007449443D256C752C537765657049443D81
:10291800256C752C4A696749443D25732C4D6F74A5
:102928006F7249443D25732C4F6666696369616C13
:102938003D302C436F6E74726163745665727369AF
:102948006F6E3D25732C5369676E6564436F6E76B1
:10295800656E74696F6E3D25732C52656665726588
:102968006E6365446566696E6974696F6E3D25734B
:102978002C43616E6F6E6963616C4D65616E536F58
:10298800757263653D25732C4D616446696C746589
:1029980072696E67456E61626C65643D302C54697E
:1029A8006D696E674D6F64653D4241434B5F544F9F
:1029B8005F4241434B2C526571756972656441638E
:1029C80063657074656453616D706C65733D2575DE
:1029D8002C4D61785472616E73616374696F6E73A4
:1029E8003D25752C4D6178436F6E73656375746909
:1029F80076654661696C757265733D25752C4D6108
:102A080078456C617073656455733D256C752C4D04
:102A180061784A756D705261773D256C640D0A00C6
:102A2800414C4C5F544945523100504F494E543047
:102A38005F43414E4F4E4943414C5F4D45414E0027
:102A48004D454153555245445F4D494E55535F548A
:102A5800415247455400444154412C25642C256C6F
:102A6800752C256C752C25732C25732C25732C251A
:102A7800642C25752C25752C25732C25730D0A00BF
:102A88004143512C25642C256C752C256C752C25FF
:102A9800732C25642C256C752C25752C25752C30EC
:102AA80078253032580D0A004D4F54494F4E2C535B
:102AB8006368656D6156657273696F6E3D25642C38
:102AC8005465737449443D256C752C53776565705E
:102AD80049443D256C752C4A696749443D25732C4A
:102AE8004D6F746F7249443D25732C446972656358
:102AF80074696F6E3D25732C506F696E743D256443
:102B08002C52616D70416363657074656453616DC7
:102B1800706C65733D25752C536574746C655265CE
:102B280073756C743D25732C53746162696C697498
:102B38007956616C69643D25642C546172676574CB
:102B480050726F78696D69747956616C69643D2556
:102B5800642C536574746C6556616C69643D2564B6
:102B68002C506F736974696F6E4572726F7252611F
:102B7800773D25732C506F736974696F6E45727257
:102B88006F724465673D25732C506F6C6C436F758D
:102B98006E743D25750D0A00534841444F575F44F4
:102BA8004154412C25642C256C752C256C752C25DD
:102BB800732C25732C25732C25642C25732C2573D5
:102BC8002C25730D0A00534841444F575F41435128
:102BD8002C25642C256C752C256C752C25732C25BF
:102BE800642C256C752C256C752C25752C25752C5D
:102BF80025752C25752C25752C25730D0A00535722
:102C08004545505F43524545505F504F494E542CFF
:102C1800536368656D6156657273696F6E3D372CD5
:102C28005465737449443D256C752C5377656570FC
:102C380049443D256C752C4A696749443D25732CE8
:102C48004D6F746F7249443D25732C4469726563F6
:102C580074696F6E3D25732C506F696E743D2564E1
:102C68002C4F6666696369616C3D302C496E6974E6
:102C780069616C4761705261773D25732C496E69B3
:102C88007469616C4162734761705261773D257365
:102C98002C427564676574436C6173733D25732CAE
:102CA80053656C65637465644275646765745261E5
:102CB800773D25732C53656C65637465644D617845
:102CC800497465726174696F6E733D256C752C4922
:102CD8007465726174696F6E733D25752C546F74D9
:102CE800616C436F7272656374696F6E5261773D90
:102CF80025732C50726543726F737347617052610C
:102D0800773D25732C43726F7373696E67476170E3
:102D18005261773D25732C5265636F7665727941F0
:102D28007474656D707465643D25642C5265636FB9
:102D3800766572795375636365656465643D25647A
:102D48002C5265636F76657279497465726174692E
:102D58006F6E733D25752C5265636F766572794386
:102D68006F7272656374696F6E5261773D25732C5B
:102D780046696E654C616E64696E67417474656D11
:102D8800707465643D25642C46696E654C616E649B
:102D9800696E675375636365656465643D25642C76
:102DA80046696E65497465726174696F6E733D2515
:102DB800752C46696E65436F7272656374696F6ED0
:102DC8005261773D25732C537469636B536C69703A
:102DD8004A756D7044657465637465643D25642C3B
:102DE8004D61784F6273657276656453746570449B
:102DF800656C74615261773D25732C54726163650B
:102E080043617074757265643D25642C5472616306
:102E180065436F756E743D25752C46696E616C4708
:102E280061705261773D25732C526573756C743DE2
:102E380025730D0A0053574545505F435245455089
:102E48005F535445502C536368656D6156657273C2
:102E5800696F6E3D322C5465737449443D256C7519
:102E68002C537765657049443D256C752C4A696714
:102E780049443D25732C4D6F746F7249443D257349
:102E88002C446972656374696F6E3D25732C506FAD
:102E9800696E743D25642C4F6666696369616C3D93
:102EA800302C537465704F726465723D256C752CB7
:102EB800497465726174696F6E3D256C752C506834
:102EC8006173653D25732C436F6D6D616E6453743A
:102ED80065705261773D256C642C47617042656668
:102EE8006F72655261773D25732C4F6273657276F8
:102EF800656444656C74615261773D25732C476144
:102F08007041667465725261773D25732C537469FC
:102F1800636B536C69704A756D704465746563744E
:102F280065643D25640D0A004D4F54494F4E5F526C
:102F38004553554C542C536368656D6156657273DF
:102F4800696F6E3D25642C5465737449443D256C46
:102F5800752C537765657049443D256C752C4A6915
:102F68006749443D25732C4D6F746F7249443D2564
:102F7800732C446972656374696F6E3D25732C43C5
:102F88006F6E747261637456657273696F6E3D25F6
:102F9800732C436F6E74696E756F757353776565BF
:102FA80070436F6E746578743D25732C436F6E742F
:102FB800657874526561637175697265436F756E82
:102FC800743D256C752C436F6E7465787452656119
:102FD80064417474656D7074733D256C752C436F12
:102FE8006E74657874416363657074656453616D6C
:102FF800706C65733D256C752C436F6E74657874C1
:10300800526574726965733D256C752C436F6E74D7
:103018006578745472616E73706F72744572726FF2
:1030280072733D256C752C436F6E746578744A75A0
:103038006D7052656A656374733D256C752C436FBA
:103048006E746578744661696C656453616D706C03
:1030580065733D256C752C52616D705265616441D4
:103068007474656D7074733D256C752C52616D7048
:10307800416363657074656453616D706C65733D1D
:10308800256C752C52616D70526574726965733D5B
:10309800256C752C52616D705472616E73706F720D
:1030A800744572726F72733D256C752C52616D7028
:1030B8004A756D7052656A656374733D256C752C2D
:1030C80052616D704661696C656453616D706C65C1
:1030D800733D256C752C536574746C655265616419
:1030E800417474656D7074733D256C752C536574EB
:1030F800746C65416363657074656453616D706C6D
:1031080065733D256C752C536574746C65526574D4
:10311800726965733D256C752C536574746C6554C0
:1031280072616E73706F72744572726F72733D253F
:103138006C752C536574746C654A756D7052656A4C
:10314800656374733D256C752C536574746C6546A2
:1031580061696C656453616D706C65733D256C7550
:103168002C536574746C65506F696E74733D256477
:103178002C53746162696C69747956616C69645026
:103188006F696E74733D25642C5461726765745061
:10319800726F78696D69747956616C6964506F698A
:1031A8006E74733D25642C536574746C6556616C3C
:1031B8006964506F696E74733D25642C536574742B
:1031C8006C6554696D656F7574506F696E74733D85
:1031D80025642C536574746C6557726F6E67506FF5
:1031E800736974696F6E506F696E74733D25642CD2
:1031F800536574746C6553746162696C697479564B
:10320800616C69643D25642C536574746C65546104
:103218007267657450726F78696D69747956616CFC
:1032280069643D25642C536574746C6556616C69DA
:10323800643D25642C4D6178416273536574746CE8
:1032480065506F736974696F6E4572726F725261FF
:10325800773D25732C4D6178416273536574746CA6
:1032680065506F736974696F6E4572726F724465E9
:10327800673D25730D0A00524553554C542C536332
:1032880068656D6156657273696F6E3D25642C546F
:1032980065737449443D256C752C53776565704991
:1032A800443D256C752C4A696749443D25732C4D6E
:1032B8006F746F7249443D25732C44697265637459
:1032C800696F6E3D25732C43617074757265645027
:1032D8006F696E74733D25642C416E616C797369F6
:1032E80073506F696E74733D25642C4D65616E442F
:1032F800433D25732C524D535F41433D25732C416B
:10330800313D25732C41323D25732C41333D2573C6
:103318002C41363D25732C41393D25732C413132E2
:103328003D25732C4131383D25732C4132373D25DD
:10333800732C4133363D25732C4134353D25732C90
:103348004137323D25732C413130383D25732C48A7
:10335800315F506861736553776565704465673D93
:1033680025732C48325F50686173655377656570C3
:103378004465673D25732C48335F50686173655316
:10338800776565704465673D25732C48365F5068DE
:1033980061736553776565704465673D25732C488F
:1033A800395F506861736553776565704465673D3B
:1033B80025732C4831325F506861736553776565B2
:1033C800704465673D25732C4831385F50686173D8
:1033D8006553776565704465673D25732C483237BA
:1033E8005F506861736553776565704465673D250F
:1033F800732C4833365F5068617365537765657021
:103408004465673D25732C4834355F5068617365A2
:1034180053776565704465673D25732C4837325F7F
:10342800506861736553776565704465673D2573BA
:103438002C483130385F5068617365537765657023
:103448004465673D25732C41343D25732C48345F12
:10345800506861736553776565704465673D25738A
:103468002C41383D25732C48385F5068617365538B
:10347800776565704465673D25732C4D6F746F7271
:10348800506F6C65436F756E743D25752C4D6F7468
:103498006F72506F6C6550616972733D25752C456C
:1034A8006C656374726963616C526970706C654DA8
:1034B800756C7469706C653D25752C456C65637415
:1034C800726963616C526970706C654F7264657281
:1034D8003D25752C41456C656374726963616C3672
:1034E8003D25732C456C656374726963616C365F46
:1034F800506861736553776565704465673D2573EA
:103508002C456C656374726963616C526970706C88
:103518006556616C69643D25642C50686173655615
:10352800616C69644D61736B3D3078253034582C7B
:10353800446F6D696E616E7453656C656374656420
:103548004F726465723D25752C446F6D696E616EAE
:103558007453656C6563746564416D706C697475EA
:1035680064653D25732C446F6D696E616E74536597
:103578006C6563746564456E6572677952617469D8
:103588006F3D25732C4C65676163794D6F64656C7D
:1035980049643D48534554365F56312C4C65676144
:1035A80063794F72646572733D317C327C337C364B
:1035B8007C31327C31382C4C65676163794D6F649E
:1035C800656C56616C69643D25642C526573696449
:1035D80075616C5F524D535F48363D25732C5265BB
:1035E80073696475616C5F524D535F4833363D258E
:1035F800732C526573696475616C5F524D535F46F5
:10360800756C6C3D25732C4669747465645F503223
:10361800503D25732C4669744578706C61696E65F8
:1036280064526174696F3D25732C457874656E64C6
:1036380065644D6F64656C49643D48534554313247
:103648005F56312C457874656E6465644F726465A5
:1036580072733D317C327C337C367C397C31327CF0
:1036680031387C32377C33367C34357C37327C31A8
:1036780030382C457874656E6465644D6F64656C8C
:1036880056616C69643D25642C5265736964756183
:103698006C5F524D535F457874656E6465643D2573
:1036A800732C4669747465645F5032505F45787452
:1036B800656E6465643D25732C4669744578706C45
:1036C80061696E6564526174696F5F457874656E8F
:1036D8006465643D25732C4D6F746F725F4572721B
:1036E8006F725F5032505F4465673D25732C4D6F94
:1036F800746F725F53797374656D5F494E4C5F44A4
:1037080065673D25732C4372657374466163746FF6
:10371800723D25732C5039395F416273446576696F
:103728006174696F6E3D25732C547261636B696EA9
:103738006756616C69643D25642C547261636B69DA
:103748006E674572726F725F524D535F4465673D95
:1037580025732C547261636B696E674572726F7260
:103768005F4D61784162735F4465673D25732C4600
:10377800656174757265436F6D7075746554696DB4
:10378800654D733D256C750D0A00534841444F57EC
:103798005F524553554C542C536368656D615665AB
:1037A8007273696F6E3D25642C5465737449443D8A
:1037B800256C752C537765657049443D256C752CCF
:1037C8004A696749443D25732C4D6F746F724944AB
:1037D8003D25732C4F6666696369616C3D302C43E7
:1037E8006F6E747261637456657273696F6E3D258E
:1037F800732C56616C69643D25642C416E616C794B
:10380800736973506F696E74733D25642C4D6561DF
:103818006E44433D25732C524D535F41433D257300
:103828002C4133363D25732C5032503D25732C5096
:103838006F696E74304D65616E5261775131363DF6
:1038480025732C4572726F72305261775131363D53
:1038580025732C436C6F737572654572726F725263
:1038680061775131363D25732C436C6F73757265E2
:103878004572726F724465673D25732C436C6F7394
:103888007572654C696D69744465673D302E3230D8
:103898003030302C436C6F7375726556616C696497
:1038A8003D25642C4C65676163794D696E7573437A
:1038B800616E6F6E6963616C524D533D25732C4C7C
:1038C80065676163794D696E757343616E6F6E6983
:1038D80063616C4133363D25732C417474656D709A
:1038E800746564506F696E74733D25642C43617010
:1038F8007475726564506F696E74733D25642C54D9
:1039080072616E73616374696F6E733D256C752C9B
:10391800416363657074656453616D706C65733D74
:10392800256C752C5370694661696C757265733DB9
:10393800256C752C4A756D7052656A656374733DA4
:10394800256C752C4D65746164617461496E76618E
:103958006C69643D256C752C4661696C6564506FB3
:10396800696E74733D256C752C536B697070656452
:10397800536C6F74733D256C752C54696D696E6753
:103988004F76657272756E733D256C752C4D617836
:1039980041627354696D696E674572726F724379DB
:1039A800636C65733D256C752C4D6178436F6E7340
:1039B800656375746976654661696C757265734F80
:1039C800627365727665643D256C752C4665617415
:1039D800757265436F6D7075746554696D654D7367
:1039E8003D256C752C417070726F61636850726F01
:1039F800746F636F6C3D25732C417070726F6163D7
:103A0800685374727563747572616C56616C69641D
:103A18003D25730D0A00534841444F575F4D4144BB
:103A28002C536368656D6156657273696F6E3D25C9
:103A3800642C5465737449443D256C752C53776523
:103A4800657049443D256C752C4A696749443D2594
:103A5800732C4D6F746F7249443D25732C44697201
:103A6800656374696F6E3D25732C4F66666963697B
:103A7800616C3D302C506F696E74496E6465783D99
:103A880025642C436F6D70757465643D25642C4303
:103A9800616E646964617465436F756E743D256C0D
:103AA800752C52656A6563746564436F756E743D01
:103AB800256C752C526F62757374436F756E743D07
:103AC800256C752C52656A656374466C6F6F72520B
:103AD800656C5261773D256C642C506F696E744D2E
:103AE80065616E5261775131363D25732C4D6164A5
:103AF80046696C74657265644D65616E5261775193
:103B080031363D25732C44656C74615261775131AF
:103B1800363D25730D0A00434C4F535552455F50AF
:103B2800524F42452C536368656D615665727369DF
:103B38006F6E3D25642C5465737449443D256C753E
:103B48002C537765657049443D256C752C4A696727
:103B580049443D25732C4D6F746F7249443D25735C
:103B68002C446972656374696F6E3D25732C4F66CA
:103B780066696369616C3D302C50726F746F636F56
:103B88006C3D25732C53746167653D25732C506F0C
:103B9800696E743D25752C436F6D6D616E6452615D
:103BA800773D256C642C506F7765723D312E30302F
:103BB8003030302C4E6F6D696E616C486F6C644D9F
:103BC800733D256C752C436170747572655374610F
:103BD8007274456C61707365644D733D256C752C0A
:103BE80043617074757265456E64456C6170736588
:103BF800644D733D256C752C506F696E744D65610D
:103C08006E5261775131363D25732C436C6F737555
:103C180072654572726F725261775131363D257304
:103C28002C436C6F737572654572726F7244656769
:103C38003D25732C57696E646F7750325052617707
:103C48003D25732C57696E646F7750325044656711
:103C58003D25732C57696E646F7744726966745298
:103C680061773D25732C57696E646F774472696676
:103C7800744465673D25732C5472616E7361637477
:103C8800696F6E733D256C752C416363657074654F
:103C98006453616D706C65733D256C752C53706948
:103CA8004661696C757265733D256C752C4A756D36
:103CB8007052656A656374733D256C752C4D657427
:103CC8006164617461496E76616C69643D256C75E7
:103CD8002C536B6970706564536C6F74733D256CFD
:103CE800752C54696D696E674F76657272756E735F
:103CF8003D256C752C4D6178436F6E7365637574E3
:103D08006976654661696C757265734F6273657231
:103D18007665643D256C752C4163717569736974AA
:103D2800696F6E526573756C743D25732C56616CA2
:103D380069643D25640D0A00434C4F535552455F55
:103D480050524F42455F524553554C542C5363686B
:103D5800656D6156657273696F6E3D25642C546597
:103D6800737449443D256C752C53776565704944D7
:103D78003D256C752C4A696749443D25732C4D6F68
:103D8800746F7249443D25732C4469726563746984
:103D98006F6E3D25732C4F6666696369616C3D30B3
:103DA8002C50726F746F636F6C3D25732C456E6178
:103DB800626C65643D25642C537461727465643D5E
:103DC80025642C436F6D706C6574653D25642C45C6
:103DD800787065637465645374616765733D2575B0
:103DE8002C417474656D7074656453746167657390
:103DF8003D256C752C56616C6964537461676573F5
:103E08003D256C752C506F73745475726E54696DC2
:103E1800696E67436F6D70617261626C653D2564A0
:103E28002C4163717569736974696F6E5265737536
:103E38006C743D25732C5374617475733D25730D33
:103E48000A00415050524F4143485F524553554C28
:103E5800542C536368656D6156657273696F6E3D66
:103E680025642C5465737449443D256C752C53772F
:103E780065657049443D256C752C4A696749443D20
:103E880025732C4D6F746F7249443D25732C44691A
:103E980072656374696F6E3D25732C4F666669633E
:103EA80069616C3D302C50726F746F636F6C3D2587
:103EB800732C417070726F616368506174683D4320
:103EC800575F4343575F43572C526576657273615A
:103ED8006C436F756E743D256C752C5374617274E8
:103EE80065643D312C436F6D706C6574653D256468
:103EF8002C5374617475733D25732C507265526F21
:103F08006C6C436F6D6D616E6444656C7461526175
:103F1800773D25732C507265526F6C6C4F627365D8
:103F28007276656444656C74615261773D25732CC3
:103F3800507265526F6C6C54617267657445727229
:103F48006F725261773D25732C507265526F6C6C9D
:103F58004475726174696F6E4D733D256C752C469E
:103F6800696E616C436F6D6D616E6444656C7461FC
:103F78005261773D25732C46696E616C4F6273659B
:103F88007276656444656C74615261773D25732C63
:103F980046696E616C5461726765744572726F72BE
:103FA8005261773D25732C46696E616C4475726168
:103FB80074696F6E4D733D256C752C4F7269676916
:103FC8006E53686966744F62736572766564526190
:103FD800773D25732C4F726967696E5368696674FB
:103FE8005461726765744572726F725261773D25CC
:103FF800732C496E697469616C536574746C65528D
:104008006573756C743D25732C507265526F6C6CBA
:10401800536574746C65526573756C743D4E412CB0
:1040280046696E616C536574746C65526573756C22
:10403800743D25732C507265506F736974696F6E87
:10404800536574746C65526573756C743D25732C77
:104058004C6F63616C4261636B6F66665365747421
:104068006C65526573756C743D25732C4C6F636178
:104078006C4261636B6F6666436F6D6D616E64441D
:10408800656C74615261773D25732C4C6F63616C6C
:104098004261636B6F66664F6273657276656444EE
:1040A800656C74615261773D25732C4C6F63616C4C
:1040B8004261636B6F6666546172676574457272BC
:1040C8006F725261773D25732C4C6F63616C42614E
:1040D800636B6F66664475726174696F6E4D733D8C
:1040E800256C752C417070726F61636852656164EC
:1040F800417474656D7074733D256C752C417070D6
:10410800726F616368526574726965733D256C7579
:104118002C417070726F6163685472616E73706F56
:1041280072744572726F72733D256C752C41707094
:10413800726F6163684A756D7052656A65637473FE
:104148003D256C752C417070726F616368466169BA
:104158006C656453616D706C65733D256C752C419D
:104168007070726F616368416371756973697469AE
:104178006F6E436C65616E3D25642C417070726F83
:104188006163685374727563747572616C56616C9F
:1041980069643D25640D0A00415050524F4143481F
:1041A8005F53544550532C536368656D615665726F
:1041B80073696F6E3D25642C5465737449443D25BD
:1041C8006C752C537765657049443D256C752C4A90
:1041D800696749443D25732C4D6F746F7249443D9E
:1041E80025732C4F6666696369616C3D302C4C659C
:1041F800673D4241434B4F46462C53746570436FAD
:10420800756E743D25752C556E7772617070656496
:104218005261773D25730D0A00415050524F41437A
:10422800485F53544550532C536368656D61566518
:104238007273696F6E3D25642C5465737449443DEF
:10424800256C752C537765657049443D256C752C34
:104258004A696749443D25732C4D6F746F72494410
:104268003D25732C4F6666696369616C3D302C4C43
:1042780065673D464F52574152442C53746570430D
:104288006F756E743D25752C556E7772617070650B
:10429800645261773D25730D0A0053574545505FB9
:1042A80052414D505F53544550532C536368656DCC
:1042B8006156657273696F6E3D25642C546573741D
:1042C80049443D256C752C537765657049443D25F7
:1042D8006C752C4A696749443D25732C4D6F746F82
:1042E8007249443D25732C4F6666696369616C3D6C
:1042F800302C546F506F696E74496E6465783D2533
:104308006C752C53746570436F756E743D25752CF0
:10431800556E777261707065645261773D25730DD3
:104328000A00534841444F575F454E442C53636835
:10433800656D6156657273696F6E3D25642C5465B1
:10434800737449443D256C752C53776565704944F1
:104358003D256C752C4A696749443D25732C4D6F82
:10436800746F7249443D25732C4F666669636961B1
:104378006C3D302C537461727465643D25642C4126
:104388007474656D70746564506F696E74733D25DF
:10439800642C4361707475726564506F696E7473D0
:1043A8003D25642C4163717569736974696F6E5238
:1043B8006573756C743D25732C5374617475733D06
:1043C80025730D0A004D6F746F72206F66667365F2
:1043D800743A2025750D0A004D6F746F7220616E56
:1043E800676C65206F66667365743A202573206470
:1043F80065677265650D0A004D413630302073746B
:10440800617274207261773D257520636F756E74D3
:104418003D256C642066696C74657265643D25731E
:1044280020726177416E676C653D2573206465670E
:104438007265650D0A004E4C2063757276652025FD
:10444800643A20616E676C653D2573206572726FF2
:10445800723D2573206465670D0A004E4C20706F0D
:10446800696E7473206E6F7420736574746C656400
:104478002077697468696E20256C646D73202564E3
:104488003A2025642F25640D0A004E4C2061627382
:104498006F6C7574652065787472656D612025642C
:1044A8003A206D61785F7261773D25752028257304
:1044B8002064656729206D696E5F7261773D257597
:1044C8002028257320646567290D0A004E4C206852
:1044D80061726D6F6E69633120286D6F756E7469D6
:1044E8006E672F636F6E63656E7472696369747942
:1044F800207369676E6174757265292025643A2096
:10450800616D706C69747564653D257320706861B0
:1045180073653D2573206465670D0A004E4C20685D
:1045280061726D6F6E6963362028686973746F7283
:104538006963616C207265666572656E63652C20BF
:1045480073656520524553554C54277320446F6D4D
:10455800696E616E7453656C65637465644F7264EB
:104568006572292025643A20616D706C69747564E0
:10457800653D25732070686173653D25732064650A
:10458800670D0A004E4C20646F6D696E616E742071
:104598006861726D6F6E69632025643A206F72647A
:1045A80065723D257520616D706C69747564653D33
:1045B8002573206465670D0A004E4C2072617720D0
:1045C8007065616B2D746F2D7065616B202564209B
:1045D8002873696E676C65206D61782D6D696E2C26
:1045E80020666F7220636F6D70617269736F6E29D8
:1045F8003A202573206465677265650D0A004E4C84
:104608002054432070657263656E74696C6520255B
:10461800643A2050353D2573205039353D257320A7
:1046280072616E67653D2573206465677265650D07
:104638000A004E4C20544320726D732025643A20A2
:104648002573206465677265650D0A004D41363033
:104658003020526177204E6F6E6C696E65617220F2
:10466800256420416E676C653A2025732064656770
:104678007265650D0A004D413630302046696C740C
:1046880065722D526177204D6178204469666620F5
:1046980025643A202573206465677265650D0A00F4
:1046A8004E6F6E6C696E65617220256420494E56A6
:1046B800414C49443A20747261636B696E673D25C9
:1046C80064206163717569736974696F6E3D2573E0
:1046D80020736574746C65643D25642F25640D0A28
:1046E800004E6F6E6C696E65617220256420494EBC
:1046F80056414C49443A2073776565705F6372652B
:1047080065705F7265636F766572795F6661696C03
:1047180065643D256C750D0A004E6F6E6C696E659B
:10472800617220256420494E56414C49443A207311
:10473800776565705F63726565705F737469636BD5
:104748005F736C69705F6A756D703D256C750D0AD5
:1047580000454E442C536368656D615665727369F4
:104768006F6E3D25642C5465737449443D256C7502
:104778002C537765657049443D256C752C446972E6
:10478800656374696F6E3D25732C4361707475722F
:104798006564506F696E74733D25642C416E616C5D
:1047A80079736973506F696E74733D25642C547204
:1047B80061636B696E6756616C69643D25642C534F
:1047C8006574746C6553746162696C697479566157
:1047D8006C69643D25642C536574746C655461720E
:1047E80067657450726F78696D69747956616C6920
:1047F800643D25642C536574746C6556616C6964FA
:104808003D25642C4163717569736974696F6E52D3
:104818006573756C743D25732C556172745472619F
:104828006E736D69744661696C757265733D256C4C
:10483800752C5377656570506F696E744372656542
:1048480070506F696E7473436F72726563746564D8
:104858003D256C752C5377656570506F696E744390
:1048680072656570546F74616C49746572617469BE
:104878006F6E733D256C752C5377656570506F6945
:104888006E744372656570546F74616C436F7272B5
:10489800656374696F6E5261773D25732C53776534
:1048A8006570506F696E74437265657054696D65A3
:1048B8006F7574733D256C752C5377656570506FF3
:1048C800696E74437265657042756467657445788E
:1048D8006365656465643D256C752C537765657003
:1048E800506F696E74437265657054617267657460
:1048F80043726F737365643D256C752C53776565DA
:1049080070506F696E7443726565705265636F7637
:10491800657279417474656D707465643D256C7554
:104928002C5377656570506F696E74437265657056
:104938005265636F766572795375636365656465FF
:10494800643D256C752C5377656570506F696E747E
:1049580043726565705265636F7665727946616901
:104968006C65643D256C752C5377656570506F696F
:104978006E7443726565705265636F7665727952BD
:104988006563726F737365643D256C752C53776529
:104998006570506F696E7443726565705265636FB8
:1049A80076657279546F74616C4974657261746963
:1049B8006F6E733D256C752C5377656570506F6904
:1049C8006E7443726565705265636F76657279546B
:1049D8006F74616C436F7272656374696F6E526154
:1049E800773D25732C5377656570506F696E7443F6
:1049F8007265657042617365427564676574457870
:104A08006365656465643D256C752C5377656570D1
:104A1800506F696E74437265657042617365546165
:104A28007267657443726F737365643D256C752C8A
:104A38005377656570506F696E744372656570452C
:104A48007874656E646564506F696E74733D256C27
:104A5800752C5377656570506F696E744372656520
:104A680070457874656E6465644F6B3D256C752C74
:104A78005377656570506F696E74437265657045EC
:104A88007874656E646564546F74616C497465729A
:104A98006174696F6E733D256C752C53776565700D
:104AA800506F696E744372656570457874656E649D
:104AB8006564546F74616C436F7272656374696F77
:104AC8006E5261773D25732C5377656570506F6919
:104AD8006E744372656570457874656E6465645478
:104AE800696D656F7574733D256C752C53776565B5
:104AF80070506F696E744372656570457874656E41
:104B08006465644275646765744578636565646562
:104B1800643D256C752C5377656570506F696E74AC
:104B28004372656570457874656E64656454617236
:104B380067657443726F737365643D256C752C5398
:104B480077656570506F696E744372656570466904
:104B58006E654C616E64696E67417474656D7074DE
:104B680065643D256C752C5377656570506F696E6B
:104B780074437265657046696E654C616E64696EF2
:104B8800675375636365656465643D256C752C536F
:104B980077656570506F696E7443726565704669B4
:104BA8006E654C616E64696E674661696C65643DEB
:104BB800256C752C5377656570506F696E744372F8
:104BC80065657046696E6542617365417474656DAB
:104BD800707465643D256C752C5377656570506FEE
:104BE800696E74437265657046696E65457874656B
:104BF8006E646564417474656D707465643D256C9C
:104C0800752C5377656570506F696E74437265656E
:104C1800705472616365506F696E743D256C642CC5
:104C28005377656570506F696E744372656570532C
:104C38007469636B536C69704A756D703D256C754A
:104C48002C5377656570506F696E74437265657033
:104C58004D61784F6273657276656453746570440C
:104C6800656C74615261773D25732C537765657067
:104C7800506F696E744372656570496E74656772CA
:104C880069747956616C69643D25642C5374617448
:104C980075733D25730D0A00505245434F4E4449E4
:104CA80054494F4E5F5052455F4D4F544F5200424A
:104CB800415443485F5052455F4D4F544F52005442
:104CC8005241434B494E475F494E56414C49440077
:104CD800434C4F535552455F494E56414C49440049
:104CE8004143515549534954494F4E5F4641554CEC
:104CF8005400444941474E4F535449435F494E5627
:104D0800414C494400505245434F4E444954494F41
:104D18004E5F494E56414C49440053574545505FF4
:104D280043524545505F494E544547524954595F8F
:104D38004641494C45440047657474696E67207262
:104D48006573756C74210D0A004D6F746F72204580
:104D580052524F523A20453530372028636F6E74CF
:104D6800726F6C2D73657373696F6E2072657365EE
:104D78007420766572696669636174696F6E20660E
:104D880061696C656429210D0A004D413630302077
:104D98006D6F76652D746F2D7A65726F3A20657226
:104DA800726F723D25732064656720736574746C37
:104DB80065643D256C642F256C6420636D64506FB9
:104DC800733D256C640D0A004D6F746F7220455257
:104DD800524F523A2045353032210D0A004D6F743A
:104DE8006F72204552524F523A20453530332028B1
:104DF8006D6F76652D746F2D7A65726F20646964A6
:104E0800206E6F7420636F6E7665726765207769B0
:104E18007468696E20256C64206D7329210D0A0061
:104E28004D6F746F72204552524F523A20453530BB
:104E38003420286D6F76652D746F2D7A65726F201A
:104E4800656E636F646572206163717569736974F7
:104E5800696F6E206661696C656429210D0A004DD1
:104E68006F746F72204552524F523A204535303593
:104E7800202873776565702061637175697369743B
:104E8800696F6E206661696C65643A202573292113
:104E98000D0A004D6F746F72204552524F523A20DE
:104EA80045353036202873776565702061637175E4
:104EB80069736974696F6E20696E76616C69643BA9
:104EC80020696E7370656374204D4554412F454EBB
:104ED8004429210D0A004D4F554E545F5052454309
:104EE8004845434B5F524553554C542C53636865B2
:104EF8006D6156657273696F6E3D25642C426174ED
:104F0800636849443D256C752C4379636C654F7221
:104F18006465723D256C752C5465737449443D2550
:104F28006C752C50726F746F636F6C3D50524543B3
:104F38004F4E444954494F4E5F46554C4C5F53576A
:104F48004545505F4D4F554E545F474154455F5658
:104F5800312C4A696749443D25732C4D6F746F7233
:104F680049443D25732C526F627573745032504416
:104F780065673D25732C4831416D706C69747564A3
:104F8800654465673D25732C4831506861736544F5
:104F980065673D25732C4832416D706C6974756482
:104FA800654465673D25732C4832506861736544D4
:104FB80065673D25732C436C6F7375726545727216
:104FC8006F724465673D25732C547261636B696E1B
:104FD8006756616C69643D25642C436C6F73757208
:104FE8006556616C69643D25642C4163717569730C
:104FF8006974696F6E526573756C743D25732C4DB9
:105008006F756E7456616C69643D25642C52656ACF
:10501800656374526561736F6E3D25732C476174C7
:1050280065456E61626C65643D25640D0A005052E9
:1050380045434F4E444954494F4E5F524553554C92
:10504800542C536368656D6156657273696F6E3D64
:1050580025642C426174636849443D256C752C4372
:1050680079636C654F726465723D256C752C546567
:10507800737449443D256C752C50726F746F636F5F
:105088006C3D25732C52756E526F6C653D505245C0
:10509800434F4E444954494F4E2C456C69676962E9
:1050A8006C65466F72537461746973746963733D98
:1050B800302C4372656570496E74656772697479DE
:1050C80056616C69643D25642C5374617475733D35
:1050D80025730D0A004D4136303020526177204E3D
:1050E8006F6E6C696E6561722046696E616C2041F5
:1050F8007665726167653A20257320646567726515
:10510800650D0A004D6F746F72204F4B210D0A0018
:105118004D6F746F7220524553554C5420494E566A
:10512800414C49443A2025732028537765657050CF
:105138006F696E7443726565705265636F766572E8
:10514800794661696C65643D256C752C5374696397
:105158006B536C69704A756D703D256C75290D0A25
:105168000042415443482C426174636849443D25D8
:105178006C752C5374617475733D4641494C4544B4
:105188002C4379636C654F726465723D256C752C90
:1051980052756E4F726465723D256C752C52756E32
:1051A800526F6C653D25730D0A0042415443482CEB
:1051B800426174636849443D256C752C537461746D
:1051C80075733D434F4D504C4554452C50726563A3
:1051D8006F6E646974696F6E436F756E743D256C8C
:1051E800752C52756E436F756E743D256C752C5415
:1051F8006F74616C4379636C65436F756E743D259C
:105208006C752C507265636F6E646974696F6E5645
:10521800616C69643D25642C507265636F6E6469C6
:1052280074696F6E52756E73557365643D256C7540
:105238002C507265636F6E646974696F6E53746124
:1052480062696C69747944656C74614465673D256D
:10525800730D0A0042415443482C42617463684903
:10526800443D256C752C5374617475733D434F4FE1
:105278004C444F574E5F53544152542C4379636CFE
:10528800654F726465723D256C752C52756E4F7250
:105298006465723D256C752C52756E526F6C653D58
:1052A80025732C5461726765744D733D256C752C9C
:1052B80050726F746F636F6C3D25730D0A00525501
:1052C8004E54494D455F434845434B504F494E5412
:1052D8002C53746167653D434F4F4C444F574E5FA5
:1052E80053544152542C54657374537461636B481E
:1052F8006967685761746572576F7264733D256C8E
:10530800752C46726565486561703D256C750D0A9A
:1053180000424F4F545F534D4F4B45004D4136307F
:105328003020535441545553207072656368656347
:105338006B206661696C6564204E564D423D25645C
:10534800204352433D2564204D454D3D2564205062
:1053580041523D25643B2062617463682072656632
:10536800757365640D0A0042415443482C426174C8
:10537800636849443D256C752C5374617475733D9D
:1053880053544152542C507265636F6E646974694A
:105398006F6E50726F746F636F6C3D25732C507213
:1053A80065636F6E646974696F6E436F756E743D83
:1053B800256C752C52756E436F756E743D256C7532
:1053C8002C546F74616C4379636C65436F756E74AC
:1053D8003D256C752C436F6F6C646F776E546172EA
:1053E8006765744D733D256C750D0A00434F4F4C2E
:1053F800444F574E5F50524F47524553532C4261CA
:1054080074636849443D256C752C4379636C654F1A
:10541800726465723D256C752C456C6170736564AA
:105428004D733D256C752C5461726765744D733DE1
:10543800256C750D0A0042415443482C426174633F
:105448006849443D256C752C5374617475733D46E9
:1054580041494C45442C526561736F6E3D434F4F33
:105468004C444F574E5F494E56414C49442C436F6C
:105478006D706C657465644379636C654F726465BF
:10548800723D256C752C4E6578744379636C654F55
:10549800726465723D256C752C5461726765744D34
:1054A800733D256C752C41637475616C4D733D2596
:1054B8006C752C546F6C6572616E63654D733D2518
:1054C8006C750D0A0052554E54494D452C4672656F
:1054D80065486561703D256C752C4D696E4576652E
:1054E8007246726565486561703D256C752C54651A
:1054F8007374537461636B48696768576174657244
:10550800576F7264733D256C750D0A005245434F01
:10551800564552595F434F41525345005245434FF8
:10552800564552595F46494E45004E4F545F5255B5
:105538004E004F4B005441524745545F43524F531E
:10554800534544004F4B5F5245434F5645524544DF
:10555800005245434F564552595F54494D454F55A2
:1055680054005245434F564552595F4255444745AA
:10557800545F4558434545444544005245434F56BA
:105588004552595F524543524F5353454400535473
:1055980049434B5F534C49505F4A554D5000414376
:1055A800515549534954494F4E5F4552524F520045
:1055B8004E4F545F4150504C494341424C4500497D
:1055C8004E495449414C5F534554544C455F4641FC
:1055D800494C4544004241434B4F46465F5345546E
:1055E800544C455F4641494C454400504F494E5440
:1055F800305F534554544C455F4641494C4544003F
:10560800505245524F4C4C5F534554544C455F469D
:1056180041494C454400505245504F534954494F15
:105628004E5F534554544C455F4641494C454400F0
:1056380057524F4E475F504F534954494F4E0044BD
:105648004952454354494F4E5F4552524F520049C3
:105658004E56414C49445F415247005350495F54AC
:10566800494D454F5554005350495F4552524F528A
:105678000053414D504C455F4A554D5000434F4EE5
:105688004649475F4552524F520054494D494E478B
:105698005F4D455441444154415F494E56414C4940
:1056A80044004143515549534954494F4E5F42556F
:1056B800444745545F4558434545444544004143A4
:1056C800515549534954494F4E5F54494D454F55DB
:1056D80054004D4154485F4F564552464C4F570071
:1056E800494E495449414C00484F4C445F353000BD
:1056F800484F4C445F31303000484F4C445F3230A3
:105708003000546573745461736B004A4947310023
:105718004A494732004A494733004A494734004A10
:10572800494735004A494736004A494737004A49F8
:1057380047380049444C4500546D725100546D720D
:105748002053766300232D302B2000686C4C0065B5
:105758006667454647003031323334353637383995
:1057680041424344454600303132333435363738C8
:105778003961626364656600771201087C1201086A
:105788008F120108A0120108C4120108E4120108CE
:10579800F2120108FF1201080D1301081D13010878
:1057A8002A1301083A130108041501080000000033
:1057B80000000000000000000000000000100000D1
:1057C8001800000000000000000000000000004079
:1057D800A69B443B9A99993E0000A0400000C8430C
:1057E8000000803E000000410000FB01FD01FC01BB
:1057F8001D5501082D5501081455010824550108A7
:10580800325501083A55010867560108B65601088D
:105818003D5501084C550108595501086A550108BC
:105828008355010896550108A6550108B855010881
:105838003A550108C7550108DD550108F355010817
:10584800A6550108085601081E5601083A550108D0
:105858006756010838560108A65501083A55010847
:105868004756010867560108A65501083A55010828
:1058780057560108635601086F5601087956010802
:105888008556010892560108AA560108C65601080D
:10589800DA560108E8560108F0560108F8560108DA
:1058A80001570108000000003200000064000000F9
:1058B800C80000000A5701080000000000000000AE
:1058C8000000000000000000003000002000000080
:1058D8000000000000000000010203060C12010293
:1058E8000306090C121B242D486C000027003C00FD
:1058F80004473432353535381357010800000005A0
:1059080000000000AD550A192C0025000447343268
:10591800353535381857010800000005000000002B
:10592800AD550A193A004C000B5134303933363131
:105938001D5701080000000500000000AD550A19B8
:105948003A0049000B5134303933363122570108B7
:105958000000000500000000AD550A1928001D00D0
:10596800044734323535353827570108000000051B
:1059780000000000AD550A193200510018513532A7
:10598800313838352C5701080000000500000000A8
:10599800AD550A19320046001851353231383835BC
:1059A800315701080000000500000000AD550A1934
:1059B80032003E0018513532313838353657010833
:1059C8000000000500000000AD550A1900000000A5
:1059D80001020304000000000000000001020304AB
:1059E8000607080900061016000610160000000039
:1059F80059F3F8C21F6EA501000000000000F03F37
:105A080000000080DB0F4940DB0F49C0DB0F49BFB6
:105A1800E4CB1640E4CB16C0000FC93F000F494045
:105A280000CB9640000FC9400053FB4000CB164105
:105A380000ED2F41000F49410031624100537B4185
:105A4800003A8A4100CB9641005CA34100EDAF418A
:105A5800007EBC41000FC94100A0D5410031E241A0
:105A680000C2EE410053FB4100F20342003A0A42F1
:105A78000083104200CB164200141D42005C2342F2
:105A880000A5294200ED2F4200363642007E3C42F6
:105A980000C74242000F4942A2000000F90000007E
:105AA800830000006E0000004E000000440000006B
:105AB8001500000029000000FC000000270000007D
:105AC80057000000D1000000F5000000340000007D
:105AD800DD000000C0000000DB00000062000000E4
:105AE80095000000990000003C0000004300000001
:105AF8009000000041000000FE000000510000007E
:105B080063000000AB000000DE000000BB000000E6
:105B1800C500000061000000B7000000240000007C
:105B28006E0000003A000000420000004D00000036
:105B3800D2000000E000000006000000490000005C
:105B48002E000000EA00000009000000D10000005B
:105B5800920000001C000000FE0000001D00000074
:105B6800EB0000001C000000B1000000290000004C
:105B7800A70000003E000000E800000082000000CE
:105B880035000000F50000002E000000BB000000FA
:105B98004400000084000000E90000009C000000B0
:105BA8007000000026000000B40000005F00000044
:105BB8007E00000041000000390000009100000054
:105BC800D6000000390000008300000053000000E8
:105BD80039000000F40000009C0000008400000070
:105BE8005F0000008B000000BD000000F90000000D
:105BF800280000003B0000001F000000F800000023
:105C080097000000FF000000DE0000000500000013
:105C1800980000000F000000EF0000002F000000B7
:105C2800110000008B0000005A0000000A0000006C
:105C38006D0000001F0000006D000000360000002D
:105C48007E000000CF00000027000000CB0000000D
:105C580009000000B70000004F00000046000000E7
:105C68003F000000660000009E0000005F0000008A
:105C7800EA0000002D000000750000002700000069
:105C8800BA000000C7000000EB000000E5000000BB
:105C9800F10000007B0000003D000000070000004C
:105CA80039000000F70000008A00000052000000E0
:105CB80092000000EA0000006B000000FB000000FA
:105CC8005F000000B10000001F0000008D00000010
:105CD8005D000000080000005600000003000000FE
:105CE8003000000046000000FC0000007B000000BF
:105CF8006B000000AB000000F0000000CF000000C7
:105D0800BC000000200000009A000000F400000021
:105D1800360000001D000000A9000000E30000009C
:105D280091000000610000005E000000E600000035
:105D38001B0000000800000065000000990000003A
:105D4800850000005F00000014000000A0000000B3
:105D580068000000400000008D000000FF00000007
:105D6800D8000000800000004D0000007300000013
:105D780027000000310000000600000006000000B7
:105D88001500000056000000CA0000007300000063
:105D9800A8000000C900000060000000E200000048
:105DA8007B000000C00000008C0000006B000000B9
:105DB8006937AC3168212233B40F14336821A23318
:105DC8003863ED3EDA0F493F5E987B3FDA0FC93FF3
:105DD8000000C93F0000F0390000DA370000A233A4
:105DE8000000842E0000502B0000C2270000D022A3
:105DF8000000C41F0000C61B000044170400000078
:085E0800070000000900000082
:085E1000C0A3FE7F01000000A9
:045E1800B5010008C8
:045E1C0091010008E8
:105E20000024F4000100000010000000AAAAAAAAA1
:105E3000140000200000000010EC012078EC01208C
:105E4000E0EC012000000000000000000000000065
:105E50000000000000000000000000000000000042
:105E60000000000000000000000000000000000032
:105E70000000000000000000000000000000000022
:0400000508009BF95B
:00000001FF
