:020000040800F2
:1000000000000220F58D0008C98C0008CB8C000888
:10001000CD8C0008CF8C0008D18C000800000000B7
:1000200000000000000000000000000031E00008B7
:10003000D38C000800000000C1E00008BDC6000825
:10004000458E0008458E0008458E0008458E000844
:10005000458E0008458E0008458E0008458E000834
:10006000458E0008458E0008458E0008458E000824
:10007000D58C0008458E0008E18C0008458E0008EC
:10008000ED8C0008F98C0008058D0008458E0008ED
:10009000458E0008458E0008458E0008458E0008F4
:1000A000458E0008458E0008458E0008458E0008E4
:1000B000118D0008458E0008458E0008458E000809
:1000C000458E00081D8D0008298D0008998D0008B7
:1000D000458E0008458E0008358D0008418D0008CA
:1000E000458E0008458E0008458E0008458E0008A4
:1000F000458E00084D8D0008458E0008698D00086A
:10010000458E0008458E0008458E0008458E000883
:10011000458E0008458E0008458E0008458E000873
:10012000758D0008458E0008818D00088D8D0008B2
:10013000458E00080000000000000000458E000809
:10014000458E0008458E0008458E0008458E000843
:10015000458E0008458E0008458E0008458E000833
:10016000458E0008458E0008458E0008458E000823
:10017000458E0008458E00080000000000000000C9
:08018000458E0008458E0008C1
:1001900010B5054C237833B9044B13B10448AFF3C1
:1001A00000800123237010BD6000002000000000CB
:1001B0002C03010808B5034B1BB103490348AFF3F7
:1001C000008008BD00000000640000202C0301082E
:1001D000034613F8012B002AFBD1181A0138704787
:1001E00001F0FF01102A2BDB10F0070F08D010F8E8
:1001F000013B013A8B422DD010F0070F42B3F6D1EC
:10020000F0B441EA012141EA014122F007047FF004
:1002100000070023F0E80256083C85EA010586EA5B
:10022000010685FA47F5A3FA87F586FA47F6A5FA97
:1002300087F68EB9EED1F0BC01F0FF0102F00702A3
:1002400032B110F8013B013A83EA010313B1F8D14E
:100250000020704701387047002D06BF354603382F
:10026000073815F0010F07D1013015F4807F02BF68
:10027000013015F4C03F0130F0BC0138704700BFB9
:1002800081F0004102E000BF83F0004330B54FEA47
:1002900041044FEA430594EA050F08BF90EA020FB4
:1002A0001FBF54EA000C55EA020C7FEA645C7FEA47
:1002B000655C00F0E2804FEA5454D4EB5555B8BF6A
:1002C0006D420CDD2C4480EA020281EA030382EADB
:1002D000000083EA010180EA020281EA0303362D6D
:1002E00088BF30BD11F0004F4FEA01314FF4801C40
:1002F0004CEA113102D0404261EB410113F0004F52
:100300004FEA03334CEA133302D0524263EB430308
:1003100094EA050F00F0A780A4F10104D5F1200EA6
:100320000DDB02FA0EFC22FA05F2801841F1000101
:1003300003FA0EF2801843FA05F359410EE0A5F1D5
:1003400020050EF1200E012A03FA0EFC28BF4CF006
:10035000020C43FA05F3C01851EBE37101F00045BC
:1003600007D54FF0000EDCF1000C7EEB00006EEBC9
:100370000101B1F5801F1BD3B1F5001F0CD3490853
:100380005FEA30004FEA3C0C04F101044FEA4452AA
:1003900012F5800F80F09A80BCF1004F08BF5FEA31
:1003A000500C50F1000041EB045141EA050130BD11
:1003B0005FEA4C0C404141EB0101013C28BFB1F523
:1003C000801FE9D291F0000F04BF01460020B1FA6E
:1003D00081F308BF2033A3F10B03B3F120020CDA41
:1003E0000C3208DD02F1140CC2F10C0201FA0CF01F
:1003F00021FA02F10CE002F11402D8BFC2F1200C84
:1004000001FA02F120FA0CFCDCBF41EA0C01904039
:10041000E41AA2BF01EB0451294330BD6FEA040482
:100420001F3C1CDA0C340EDC04F11404C4F120026D
:1004300020FA04F001FA02F340EA030021FA04F37F
:1004400045EA030130BDC4F10C04C4F1200220FAD6
:1004500002F001FA04F340EA0300294630BD21FA14
:1004600004F0294630BD94F0000F83F4801306BFDA
:1004700081F480110134013D4EE77FEA645C18BFCE
:100480007FEA655C29D094EA050F08BF90EA020F65
:1004900005D054EA000C04BF1946104630BD91EA5D
:1004A000030F1EBF0021002030BD5FEA545C05D160
:1004B0004000494128BF41F0004130BD14F580049F
:1004C0003CBF01F5801130BD01F0004545F0FE4113
:1004D00041F470014FF0000030BD7FEA645C1ABF48
:1004E000194610467FEA655C1CBF0B46024650EA7F
:1004F000013406BF52EA033591EA030F41F40021AB
:1005000030BD00BF90F0000F04BF0021704730B530
:100510004FF4806404F132044FF000054FF0000105
:1005200050E700BF90F0000F04BF0021704730B5C6
:100530004FF4806404F1320410F0004548BF40429B
:100540004FF000013EE700BF42004FEAE2014FEAF0
:1005500031014FEA02701FBF12F07F4393F07F4FCB
:1005600081F06051704732F07F4208BF704793F0CE
:100570007F4F04BF41F40021704730B54FF46074E1
:1005800001F0004521F000411CE700BF50EA0102E4
:1005900008BF704730B54FF000050AE050EA01028D
:1005A00008BF704730B511F0004502D5404261EBFD
:1005B00041014FF4806404F132045FEA915C3FF43E
:1005C000D8AE4FF003025FEADC0C18BF03325FEADB
:1005D000DC0C18BF033202EBDC02C2F1200300FA8C
:1005E00003FC20FA02F001FA03FE40EA0E0021FAB1
:1005F00002F11444BDE600BF70B54FF0FF0C4CF49F
:10060000E06C1CEA11541DBF1CEA135594EA0C0F50
:1006100095EA0C0F00F0DEF82C4481EA030621EA8B
:100620004C5123EA4C5350EA013518BF52EA0335C6
:1006300041F4801143F4801338D0A0FB02CE4FF078
:100640000005E1FB02E506F00042E0FB03E54FF0A8
:100650000006E1FB03569CF0000F18BF4EF0010EA0
:10066000A4F1FF04B6F5007F64F5407404D25FEA9C
:100670004E0E6D4146EB060642EAC62141EA55514F
:100680004FEAC52040EA5E504FEACE2EB4F1FD0C91
:1006900088BFBCF5E06F1ED8BEF1004F08BF5FEA0F
:1006A000500E50F1000041EB045170BD06F00046C1
:1006B00046EA010140EA020081EA0301B4EB5C046E
:1006C000C2BFD4EB0C0541EA045170BD41F4801166
:1006D0004FF0000E013C00F3AB8014F1360FDEBF8B
:1006E000002001F0004170BDC4F10004203C35DA67
:1006F0000C341BDC04F11404C4F1200500FA05F3EA
:1007000020FA04F001FA05F240EA020001F000428A
:1007100021F0004110EBD37021FA04F642EB060100
:100720005EEA430E08BF20EAD37070BDC4F10C042A
:10073000C4F1200500FA04F320FA05F001FA04F2EE
:1007400040EA020001F0004110EBD37041F10001DA
:100750005EEA430E08BF20EAD37070BDC4F12005E5
:1007600000FA05F24EEA020E20FA04F301FA05F24D
:1007700043EA020321FA04F001F0004121FA04F2F5
:1007800020EA020000EBD3705EEA430E08BF20EAC5
:10079000D37070BD94F0000F0FD101F000464000FF
:1007A00041EB010111F4801F08BF013CF7D041EA81
:1007B000060195F0000F18BF704703F00046520085
:1007C00043EB030313F4801F08BF013DF7D043EA56
:1007D0000603704794EA0C0F0CEA135518BF95EA0C
:1007E0000C0F0CD050EA410618BF52EA4306D1D193
:1007F00081EA030101F000414FF0000070BD50EAB2
:10080000410606BF1046194652EA430619D094EA3B
:100810000C0F02D150EA013613D195EA0C0F05D125
:1008200052EA03361CBF104619460AD181EA030179
:1008300001F0004141F0FE4141F470014FF0000031
:1008400070BD41F0FE4141F4780170BD70B54FF0CC
:10085000FF0C4CF4E06C1CEA11541DBF1CEA13554C
:1008600094EA0C0F95EA0C0F00F0A7F8A4EB05042E
:1008700081EA030E52EA03354FEA013100F0888025
:100880004FEA03334FF0805545EA131343EA1263EE
:100890004FEA022245EA111545EA10654FEA0026A3
:1008A0000EF000419D4208BF964244F1FD0404F55C
:1008B000407402D25B084FEA3202B61A65EB0305B8
:1008C0005B084FEA32024FF480104FF4002CB6EB75
:1008D000020E75EB030E22BFB61A754640EA0C00F5
:1008E0005B084FEA3202B6EB020E75EB030E22BF35
:1008F000B61A754640EA5C005B084FEA3202B6EB76
:10090000020E75EB030E22BFB61A754640EA9C0034
:100910005B084FEA3202B6EB020E75EB030E22BF04
:10092000B61A754640EADC0055EA060E18D04FEAC2
:10093000051545EA16754FEA06164FEAC30343EA62
:1009400052734FEAC2025FEA1C1CC0D111F4801F2F
:100950000BD141EA00014FF000004FF0004CB6E728
:1009600011F4801F04BF01430020B4F1FD0C88BFC7
:10097000BCF5E06F3FF6AFAEB5EB030C04BFB6EBD2
:10098000020C5FEA500C50F1000041EB045170BDC5
:100990000EF0004E4EEA113114EB5C04C2BFD4EBF2
:1009A0000C0541EA045170BD41F480114FF0000E76
:1009B000013C90E645EA060E8DE60CEA135594EAF2
:1009C0000C0F08BF95EA0C0F3FF43BAF94EA0C0FF5
:1009D0000AD150EA01347FF434AF95EA0C0F7FF46A
:1009E00025AF104619462CE795EA0C0F06D152EABE
:1009F00003353FF4FDAE1046194622E750EA4106A2
:100A000018BF52EA43067FF4C5AE50EA41047FF4B2
:100A10000DAF52EA43057FF4EBAE12E74FF0FF3C17
:100A200006E000BF4FF0010C02E000BF4FF0010CE8
:100A30004DF804CD4FEA410C7FEA6C5C4FEA430C61
:100A400018BF7FEA6C5C1BD001B050EA410C0CBFB0
:100A500052EA430C91EA030F02BF90EA020F002012
:100A6000704710F1000F91EA030F58BF994208BF79
:100A700090422CBFD8176FEAE37040F00100704736
:100A80004FEA410C7FEA6C5C02D150EA013C07D18D
:100A90004FEA430C7FEA6C5CD6D152EA033CD3D0D8
:100AA0005DF8040B704700BF8446104662468C46D2
:100AB0001946634600E000BF01B5FFF7B7FF002805
:100AC00048BF10F1000F01BD4DF808EDFFF7F4FF2E
:100AD0000CBF012000205DF808FB00BF4DF808EDB9
:100AE000FFF7EAFF34BF012000205DF808FB00BFDC
:100AF0004DF808EDFFF7E0FF94BF012000205DF8FE
:100B000008FB00BF4DF808EDFFF7CEFF94BF0120B2
:100B100000205DF808FB00BF4DF808EDFFF7C4FFAB
:100B200034BF012000205DF808FB00BF4FEA410CF4
:100B30007FEA6C5C02D150EA013C0AD14FEA430CD7
:100B40007FEA6C5C02D152EA033C02D14FF0000014
:100B500070474FF0010070474A0011D212F50012A1
:100B600011D20DD56FF47873B3EB62520ED44FEA05
:100B7000C12343F0004343EA505323FA02F0704785
:100B80004FF00000704750EA013002D14FF0FF30C3
:100B900070474FF0000070474FEA4102B2F1E04366
:100BA00024BFB3F5001CDCF1FE5C0DD901F0004C54
:100BB0004FEAC0024CEA5070B2F1004F40EB8300A4
:100BC00008BF20F00100704711F0804F21D113F1D0
:100BD0003872BCBF01F00040704741F480114FEA09
:100BE0005252C2F11802C2F1200C10FA0CF320FA92
:100BF00002F018BF40F001004FEAC1234FEAD323AF
:100C000003FA0CFC40EA0C0023FA02F34FEA430318
:100C1000CCE77FEA625307D150EA01331EBF4FF0A1
:100C2000FE4040F44000704701F0004040F0FE40BC
:100C300040F40000704700BF80F0004002E000BFB9
:100C400081F0004142001FBF5FEA410392EA030FB7
:100C50007FEA226C7FEA236C6AD04FEA1262D2EB01
:100C60001363C1BFD218414048404140B8BF5B4206
:100C7000192B88BF704710F0004F40F4000020F09F
:100C80007F4018BF404211F0004F41F4000121F0B5
:100C90007F4118BF494292EA030F3FD0A2F10102FF
:100CA00041FA03FC10EB0C00C3F1200301FA03F13D
:100CB00000F0004302D5494260EB4000B0F5000F60
:100CC00013D3B0F1807F06D340084FEA310102F11F
:100CD0000102FE2A51D2B1F1004F40EBC25008BFD1
:100CE00020F0010040EA03007047490040EB00009B
:100CF000013A28BFB0F5000FEDD2B0FA80FCACF19C
:100D0000080CB2EB0C0200FA0CF0AABF00EBC250C8
:100D100052421843BCBFD0401843704792F0000FB6
:100D200081F4000106BF80F400000132013BB5E709
:100D30004FEA41037FEA226C18BF7FEA236C21D07F
:100D400092EA030F04D092F0000F08BF08467047E4
:100D500090EA010F1CBF0020704712F07F4F04D1B2
:100D6000400028BF40F00040704712F100723CBFC5
:100D700000F50000704700F0004343F0FE4040F4EF
:100D8000000070477FEA226216BF08467FEA2363AD
:100D90000146420206BF5FEA412390EA010F40F498
:100DA000800070474FF0000304E000BF10F00043E4
:100DB00048BF40425FEA000C08BF704743F09643CB
:100DC00001464FF000001CE050EA010208BF7047E6
:100DD0004FF000030AE000BF50EA010208BF70476D
:100DE00011F0004302D5404261EB41015FEA010C82
:100DF00002BF84460146002043F0B64308BFA3F17A
:100E00008053A3F50003BCFA8CF2083AA3EBC2535B
:100E100010DB01FA02FC634400FA02FCC2F120027A
:100E2000BCF1004F20FA02F243EB020008BF20F0B1
:100E30000100704702F1200201FA02FCC2F1200217
:100E400050EA4C0021FA02F243EB020008BF20EA0C
:100E5000DC7070477BB972B90029BEBF00204FF02B
:100E6000004106E008BF00281CBF6FF000414FF0B2
:100E7000FF3000F0D3B9ADF1080C6DE904CE0029C4
:100E800009DB002B1ADB00F04DF8DDF804E0DDE9AA
:100E9000022304B07047404261EB4101002B1BDB91
:100EA00000F040F8DDF804E0DDE9022304B0404240
:100EB00061EB4101524263EB43037047524263EBE3
:100EC000430300F02FF8DDF804E0DDE9022304B06D
:100ED000404261EB41017047524263EB430300F033
:100EE00021F8DDF804E0DDE9022304B0524263EBAF
:100EF0004303704753B94AB9002908BF00281CBFF3
:100F00004FF0FF314FF0FF3000F088B9ADF1080C21
:100F10006DE904CE00F006F8DDF804E0DDE9022317
:100F200004B070472DE9F047089D0F4604468C46F3
:100F3000002B48D18A42164661D9B2FA82F34BB1EE
:100F4000C3F1200201FA03FC20FA02F29E4042EAB9
:100F50000C0C9C404FEA164EB7B2BCFBFEF1220CC3
:100F60000EFB11CC42EA0C4201FB07F0904209D97A
:100F7000B21801F1FF3C80F0EE80904240F2EB802D
:100F800002393244121AA4B2B2FBFEF00EFB102258
:100F900044EA024400FB07F7A74209D9341900F1DB
:100FA000FF3280F0DA80A74240F2D7803444023822
:100FB00040EA0140E41B00211DB1DC400023C5E9EB
:100FC0000043BDE8F0878B4206D90DB1C5E90001A9
:100FD00000210846BDE8F087B3FA83F1002948D123
:100FE000BB4202D3824200F20781841A67EB0302FC
:100FF00001209446002DE4D0C5E9004CE1E7002A29
:1010000000F09280B2FA82F3002B40F0A8808A1A96
:101010004FEA164E1FFA86FC0121200CB2FBFEF7A8
:101020000EFB172240EA02420CFB07F0904207D960
:10103000B21807F1FF3802D2904200F2E280474630
:10104000121AA4B2B2FBFEF00EFB102244EA0244D4
:101050000CFB00FCA44507D9341900F1FF3202D281
:10106000A44500F2CB801046A4EB0C0440EA0740F4
:10107000A2E7C1F120068B4022FA06FC4CEA030CE1
:1010800007FA01F420FA06F3F7404FEA1C4923431C
:1010900000FA01F81FFA8CFEB7FBF9F01C0C09FBF3
:1010A000107744EA074400FB0EF7A74202FA01F268
:1010B0000AD91CEB040400F1FF3A80F09B80A742A0
:1010C00040F2988002386444E41B9FB2B4FBF9F309
:1010D00009FB134447EA044403FB0EFEA64509D965
:1010E0001CEB040403F1FF3780F08280A6457FD912
:1010F000023B644443EA0040A4EB0E04A0FB02E779
:10110000BC427346B94663D360D05DB1B8EB03020D
:1011100064EB090404FA06F622FA01F31E43CC40FC
:10112000C5E9006400214CE76208480842EAC17141
:101130000B0C43EA00438AB242EA0342B3FBF6F1E6
:10114000E407B4463746B6461F23B0FBF6F0D21B81
:1011500041EA004161E7614614E7104628E7C3F120
:10116000200120FA01F29E4027FA01F19F403A4304
:101170004FEA164E1FFA86FCB1FBFEF70EFB171066
:10118000110C41EA004107FB0CF8884504FA03F40E
:101190003AD9711807F1FF3001D288451FD8A1EB69
:1011A0000801B1FBFEF808FB0CF70EFB181192B218
:1011B00042EA0142BA422FD2B21808F1FF31C6D238
:1011C000BA42C4D2A8F102013244C0E7F0459CD231
:1011D000BEEB020367EB0C070138B94695E7A6EBB7
:1011E00008084144B81EB1FBFEF808FB0CF7DCE729
:1011F0003B467FE7504667E70846FBE63444023843
:1012000032E7023F32441BE7A1EB08013846B1FB4D
:10121000FEF808FB0CF7C8E7414698E7704700BFA7
:1012200006F07ABF06F0CCBF06F0E8BF0048704772
:1012300000040108004870470C040108004870478A
:10124000290401080B480C4B0C4A10F8011B11B182
:101250004B405343F9E783F0FF03094907485343E1
:1012600011F8012B12B153404343F9E783F0FF0318
:101270005843704700040108C59D1C81930100017B
:101280000C04010808B5054800224FF4006108F07D
:10129000E1FABDE8084001F09FBE00BF0000024037
:1012A00008B5054800224FF4006108F0D3FABDE804
:1012B000084001F091BE00BF000002400248012238
:1012C000402108F0C7BA00BF0004024002480022D3
:1012D000402108F0BFBA00BF0004024037B5002328
:1012E00004460D46ADF80430FFF7F0FFD2238DF829
:1012F000003012488DF801400A230222694609F0A5
:1013000097FD0446FFF7DAFF34B1032C0CBF02242B
:101310000324204603B030BDFFF7D8FF07480A2357
:10132000022201A909F021FF0446FFF7C7FF002CA4
:10133000EBD19DF805302B70EBE700BF580600207D
:10134000084B834210B50BD1074C2378012B07D1F2
:10135000064B5A68064B1A60FFF7B0FF0223237052
:1013600010BD00BF5806002080000020001000E0E3
:101370007C000020084B834210B50BD1074C23782A
:10138000012B07D1064B5A68064B1A60FFF796FFF0
:101390000323237010BD00BF5806002080000020EA
:1013A000001000E07C000020004870474004010865
:1013B00007EE900A9FED057A9FED050AF8EE677A31
:1013C00067EE877A27EE800A704700BF0000B443BB
:1013D0000000803713B5044610B9002002B010BDDC
:1013E0000DF107011A20FFF779FF0028F5D19DF8CC
:1013F0000730DA092270C3F380026270C3F340023F
:1014000003F00103A270E3700120E7E72DE9F04744
:1014100007460C4619B100230B604B608B60002F10
:101420006DD0384B5968384B1A68536A1CB1238108
:1014300001232160A372354E317801F0FF0319B109
:1014400003252846BDE8F0873149DFF8C880DFF87A
:10145000D4900B70C9F800304B7088F8003088F8D1
:101460000130012333703CB1264B5B682360536A23
:10147000238140F201136381FFF728FF254A2449A5
:101480002548022309F00EFF054638B1FFF716FF85
:101490000023032D3370D3D10225D2E7DFF864A0F7
:1014A0001E4B1F4A1B68DAF80410B3FBF2F342F23A
:1014B000107253433278012A0ED03378DBB214B164
:1014C000D9F8002062600022022B3270B8D1B8F83F
:1014D00000305BBA3B80B4E7DAF80420521A93423A
:1014E000E8D804230C48337009F060FFFFF7E6FEEC
:1014F00014B1DAF80430636000233370CCE70125BF
:101500009FE700BF001000E0500500208000002091
:1015100083000020810000205806002000000020E9
:1015200040420F007C00002009B1FFF7D7BE012028
:10153000704700001FB5D723ADF808300023ADF881
:101540000C30FFF7C3FE0A23009303AA022302A96B
:10155000054809F01AFD0446FFF7B0FEB4FA84F01E
:10156000400904B010BD00BF5806002013B5002389
:10157000044601A80193FFF72DFF30B914B90020EC
:1015800002B010BD01982060F9E79DF805302BB935
:101590009DF8063013B99DF8073033B1FFF7CAFF45
:1015A00001A8FFF717FF0028E8D00CB101982060D0
:1015B0009DF8043063B99DF8050058B99DF80630D0
:1015C0001BB99DF8070080F0010000F00100D7E78B
:1015D0000020FAE71846F8E730B548B100230024A8
:1015E0000025C0E90245C0E90433037043808361EC
:1015F00030BD70B5049D002838D0002D36D0002BAA
:1016000034DB047864B901230370436941800133FA
:10161000C0E902140261436129606C60002070BD62
:1016200044880C1BB4F5004F0CDDA4F5803484EA2B
:10163000E476A6EBE476B3420ADA83690133836188
:101640000420ECE714F5004FB8BF04F58034EEE752
:10165000D0E90236026142694180E31846EBE47446
:101660000132C0E9023442612B60D6E70120D6E79F
:101670002DE9F7430446002800F08680342200213B
:101680000CF0A6FF002001A98DF804008DF80500DC
:101690008DF80600FFF722FE04F10806002843D06B
:1016A00000259DF805209DF8043043EA022363805D
:1016B0004FF000089DF80630A371A4F82A80B146C7
:1016C00020270DF1070138468DF80780FFF706FE49
:1016D00010B18DF8078000259DF8073009F8013F0B
:1016E00013B1638D013363850137FFB2402FE8D119
:1016F000264904F128074FF0FF3316F8012F082080
:10170000534043F300020A40013882EA5303F8D100
:10171000B742F2D1DB43E36225706DBB84F83050F1
:10172000052003B0BDE8F0830DF105010120FFF7AE
:10173000D5FD0028B4D1211D0920FFF7F5FE0028B2
:10174000AED1611D0D20FFF7EFFE0028A8D10DF1ED
:1017500006011A20FFF7C2FD0028A1D1E11D1C20BF
:10176000FFF7E2FE00289BD131461F20FFF7DCFE89
:10177000B0FA80F56D0994E7638D002B14BF022346
:10178000012384F83030CCE70120CAE72083B8ED8C
:10179000024678B103786BB190F8301051B183797B
:1017A00013F0870008D1012908D1538D002B18BFF1
:1017B00003207047012070470220704703207047C4
:1017C00038B505460C46FFF7E3FFE8B9ECB16A8887
:1017D00023889A421BD12A79A3789A4219D16A792F
:1017E000E3789A4217D1AA7923799A4215D1EA79F6
:1017F00063799A4213D12A7AA3799A4211D1EA6A7B
:10180000A3689A4218BF0B2038BD0420FCE70520CE
:10181000FAE70620F8E70720F6E70820F4E70920B2
:10182000F2E70A20F0E700000B289ABF024B53F8BA
:1018300020000248704700BF2C3C01085C040108EE
:101840002DE9F04F95B00021342207A80CF0C0FE1E
:10185000012605233E4A8DF8213007A812928DF803
:101860001C608DF84C60FFF793FF3A4A044607CAA4
:1018700004AD85E80700294607A8FFF7A1FF00216E
:10188000039007A8FFF79CFF2946834607A8ADF8F9
:101890001E60FFF795FF00272946824607A8ADF88E
:1018A0001E708DF82060FFF78BFF4FF48061ADF85C
:1018B00020108146294607A8FFF782FF05238DF8EF
:1018C000213029460823804607A88DF82230FFF7EB
:1018D00077FF4FF480710290ADF8221007A82946D7
:1018E000FFF76EFF2946019007A88DF823708DF849
:1018F0002460FFF765FF039A8DF8247001461648AF
:10190000129044EA020010F0FF001ED1BBF1040F58
:10191000029B17D1BAF1050F14D1B9F1060F11D1FD
:10192000B8F1070F0ED1082B0CD1019B092B09D15F
:101930000A2907D1294607A8FFF742FFA0F10B03A8
:101940005842584115B0BDE8F08F3846FAE700BF5D
:10195000AD550A1948030108AC550A19074AD2F8CF
:10196000FC3043F08073C2F8FC30054B00225A6013
:101970001A6842F001021A60704700BF00ED00E0F3
:10198000001000E008B5FFF799FCBDE80840FFF73C
:10199000E5BF0000034B044A1B68B3FBF2F3584356
:1019A000704700BF0000002040420F0070B50446A1
:1019B000049868B1002B0CDA561E63F10045A6426C
:1019C0008D410FDBA41A61EB0301C0E90041012046
:1019D00070BD52EA0305F5D003F10045944271EB66
:1019E0000505EEE70020F3E72DE9F0410546012467
:1019F0008C4201D3BDE8F08155F8087F6E682B4614
:101A0000224653E902EC774576EB0C0805DA013AF9
:101A1000C3E900ECA3F10803F3D100EBC20340F8E3
:101A2000327001345E60E3E7014B5868704700BFD5
:101A3000001000E0034A53685B1A002B00DB70477C
:101A400000BFF8E7001000E0806E7047D0F88C30DF
:101A5000072B9FBF5A1C00EB8303C0F88C20D9666C
:101A6000836E5B1A002BB8BF8166704770B5D0B12A
:101A7000C9B1C2B1D0E91843A34214D25C1C446678
:101A800000EB83050024146094605460AC6914601A
:101A9000C41830F8133094F8586096720B80AB6B12
:101AA0008366207C70BD0120FCE738B504460D46F6
:101AB000902200210CF08CFD25662A4604F1580086
:101AC0000121BDE838400CF083BD08461146FFF700
:101AD0009DBC10B5044640B1382200210CF078FDC1
:101AE0002046BDE81040FFF777BD10BD2DE9F04757
:101AF00089468AB090461C460546002866D0002BD1
:101B000064D0002A62D0002960DB20220021184620
:101B100001260CF05DFD4FF0000A267707AF2B6A17
:101B2000ADF80EA00133012E2B62C7E900AAC7F859
:101B300008A0667706D9AB6A0133AB62A37F43F096
:101B40000103A37739460DF10E00FFF75FFC8446D1
:101B500097E8070004F1100383E80700604690B19E
:101B6000EB6A0133EB62A37F43F002030136F6B266
:101B7000B045A3772077D2D243F00803A3776B6BED
:101B800001336B631FE000220023CDE9042304AB83
:101B90000093079ABDF80E104B462846FFF729FD23
:101BA00030B12B6B01332B63A37F43F00403DDE7DC
:101BB000BDF80E302380DDE904232077C4E9022339
:101BC0006B6A01336B620AB0BDE8F0870120FAE767
:101BD00008B5FFF701F99FED057A9FED050A07EEBD
:101BE000900A67EE877A27EE800A08BD0000B443AA
:101BF000000080372DE9F843089F84460020B7B3E2
:101C0000012A73F100051DDBB1F1004F08BF8445C7
:101C100018D0540844EAC374D4F1FF386FF000457B
:101C200081424FEA630EA5EB63050DDBE0458D4174
:101C300008DB1CEB04004EEB0101FFF70BF9C7E9D1
:101C400000010120BDE8F883DCF1000961EB4106E9
:101C5000C845B541F6DBB4EB0C006EEB0101FFF7B4
:101C6000F9F8404261EB4101C7E90001E9E7384674
:101C7000E8E7F7B50346084661B192B3490803EBBC
:101C8000C10510F0010053F83130696804D0C2E991
:101C90000031012003B0F0BD012B55E9024671F17E
:101CA000000512DBDD43A5426FF00045A5EB010501
:101CB000B541EFDBE01800924FF000034FF0020255
:101CC00046EB0101FFF796FFE4E753EA0105F1D087
:101CD0005F424FF0004565EB0105BC4276EB050520
:101CE000E7E71046D6E72DE9FF419446DDE90A27EC
:101CF0000C9E044688461AB9002004B0BDE8F08165
:101D0000002FF9D0002EF7D000200021CDE90201EC
:101D10004FF0FF3003F500454FF6FF71604571EB62
:101D20000505E9D308F50045A042A941E4D319040B
:101D300002AB00934FEA0C40002341EA1C41FFF73D
:101D400059FF0028D8D0DDE90232012B4FEA0841C3
:101D500072F1000541EA14414FEA04440FDBDD4310
:101D6000A5426FF00045A5EB02058D41C4DBC7E934
:101D700000321B1942EB0102C6E90032BDE753EA0B
:101D80000205F4D0D3F1000C4FF0004565EB0205DD
:101D9000644571EB0505E9E72DE9F04385B0DDE920
:101DA0000C540E9EDEB104F500474FF000084FF0D2
:101DB0000009B7F5803FCDE9028910D202AF009744
:101DC000FFF7F4FD58B1DDE9020123042A0443EAD8
:101DD00015430C9605B0BDE8F043FFF7E7BD0020C2
:101DE00005B0BDE8F08300002DE9F04F2DED028B2A
:101DF00099B0DDE9245808932A9C289B0D93299BD0
:101E00000C900592099334B19022002120460CF0E9
:101E1000DFFB0123E3700C9B002B00F06082002DA0
:101E200000F05D82B8F1000F00F05982002C00F044
:101E30005682D8F80030002B00F05182D8F80430D8
:101E4000002B00F04C82AB68002B00F04882EA685F
:101E5000934200F244826A69002A40F34082AA69F0
:101E6000002AC0F23C822878012800F2388206D18C
:101E70006A68002A44DDD8F80820002A40D0269A53
:101E800052B1279A934200F22A82402B00F2278215
:101E9000099A002AC0F223824FF0FF306FF0004110
:101EA000C4E9060100204FF00041059AA260C4E990
:101EB00008019FED9B8B0027089AE2602365A770BD
:101EC0003E46BA46D4F85490994511D304F13003F4
:101ED000029304F12803CDE9009305980899D4E909
:101EE0000423FFF700FF002840F01E81207009E165
:101EF000A26DEB689A4208D3002323700720E0709C
:101F000019B0BDEC028BBDE8F08F2B78012B2FD1DF
:101F100094F801B0BBF1000F2ED0A36F6A69F31AD9
:101F2000934203D9002323700820E8E7D8F808304B
:101F3000D8F80C0031469847B146D8F80030D8F8A8
:101F40000C00ADF838A014AA0EA9CDE914AACDF85A
:101F500058A09847A26D511C9DF85A20A1650346D0
:101F600062B9636E84F800A0013363660620C6E799
:101F70004FF00009CB46E0E7D946DEE7149AE26766
:101F8000012945D1A2672978012902D16E686170C3
:101F90001644D8F80420D8F80C0006939047A26F96
:101FA0006969821A8A428346C4F88020BAD8069B9F
:101FB0008DED108B002B40D09A1ED2B2012A02D890
:101FC000E26D0132E2652371A36E0137BB422B69DA
:101FD00038BFA766BB428FD3D4F85490AB689945FD
:101FE000BFF474AF2A78012A7FF46CAFBBEB060B09
:101FF0003FF568AFE26E6968BBFBF1FB0BF1010BCB
:1020000012EB0B02BFF478AFE2660BFB016659E7F7
:10201000BBF1000FBDD0A2EB0901002908DAA9EB42
:102020000201626F8A4238BF61676E684E44B0E752
:10203000FBD0226F01322267F3E710AB0093AB694C
:10204000149ABDF838100C98FFF7D3FA0428034609
:1020500003D1226E01322266B5E70028B3D1DDE953
:102060001023CDE9062312AB0093DDE90601059AA2
:10207000089B8DED128BFFF799FC002840D0DDE91D
:102080001232012B72F10007D4E904102BDBDF437D
:102090008F426FF00047A7EB0207874130DBC9187A
:1020A00040EB0200C4E904102699676D61BBD4E9D6
:1020B0000601834272EB0101D4E90801B8BFC4E90B
:1020C000063298429141B8BFC4E908321FB9DDE930
:1020D0000623C4E91023DDE9062301376765C4E957
:1020E0001223002778E753EA0207D8D0D3F1000C77
:1020F0004FF0004767EB0207614570EB0707CDE73C
:10210000002323700920FAE62799B942CFD92699EE
:10211000269801EBC70140F837304A60C7E700BF97
:102120000000000000000000269B002B00F0B9809A
:1021300009F1FF333F2BC4F8849000F2B280269857
:102140004946FFF751FC4FF0000A4FF0000B0EAA72
:10215000CDE90EABFFF78DFD002800F0A280269D93
:10216000634E05EBC9030C932F460DF15008DDE9D2
:102170000E23CDF80080F7E80201CDE90A23CDE96E
:1021800014ABFFF713FC002800F08F80DDE9143258
:10219000002A02DA5B4262EB4202C6E900320C9B83
:1021A000BB4206F10806E2D151484946FFF71CFC44
:1021B0000026002710AACDE91067FFF75AFD002876
:1021C0006FD0DDE910014B4B83424B4B8B41CDE986
:1021D000126766D340F2072612ABA0FB06070093F6
:1021E0006422002306FB0171FFF704FD002858D08C
:1021F000DDE912AB0D9B9A45099B9FED3B7B7BEB89
:1022000003034FF00007BCBFDDF834A0DDF824B0B5
:102210000697B846B946D5E9006114AB009330463D
:10222000DDE90A2309918DED147BFFF7BFFB08352B
:10223000099900283ED0DDE91432002A02DA5B4217
:1022400062EB42029A457BEB020244DB012E71F104
:10225000000334DBF343BB426FF00043A3EB010305
:1022600073EB08031DDBF619374641EB080809F14B
:1022700001090C9BAB42CED1069BC4E92239B9F1CE
:10228000000F0ED004F13803029314ABCDE9009394
:10229000059808993A464346FFF725FD08B1012302
:1022A000A37001232370002029E64FF0FF336FF065
:1022B000004272E74FF0FF336FF00042C2E756EA88
:1022C0000103D0D072424FF0004363EB0103974209
:1022D00078EB0303C6E7069B01330693C9E70120A9
:1022E0000EE600BFAFF30080000000000000000019
:1022F000880000205E77026D05233F00F0B51F4681
:102300000D4B054616460FCB8DB008AC84E80F0088
:10231000189B0693DDE91623CDE90423149B039350
:10232000139BCDE90143129B009332463B4628465E
:10233000FFF75AFD0DB0F0BD540301082DE9F04F31
:102340000022ADF5297D0023CDE91423CDE9162324
:1023500016AC022314AD00930294019501220023D0
:1023600064200021FFF7BFFC78B12B68159AA3F514
:10237000004313432ED12368179AA3F5C9031343CF
:102380000CBF012300230A9300E00A90022300936C
:10239000CDE901544FF0FF324FF0FF336FF063008F
:1023A0004FF0FF31FFF79FFCB0B12A68159BB3F1E6
:1023B000FF3F08BF12F5004F40F0A383179B226830
:1023C000B3F1FF3F08BF12F5C90F0CBF0123002373
:1023D0000B9302E00023D6E70B9001220023CDE906
:1023E000182300220023CDE9002318AC4FF4C802C3
:1023F0000023029410461946FFF7CEFC002840F057
:10240000828300230D93CB4BCB4E0FCB1DAD0DF52F
:10241000047885E80F0002214046FFF746FBC74BD2
:1024200084934FF47A714FF48263CDE98A1340F2BA
:10243000ED3040F2154321AFCDE9920340F2E33392
:1024400028A89E93C5F80C80FFF7C6F801233B70BF
:1024500028240223C7E90143C7E903331423C7E94A
:1024600005630022002360AE0024CDE90423CDE9FA
:102470000244CDE9007506966422002328A8FFF7E0
:10248000B3FC90BB347884B3B36D022B40F0588317
:10249000736D022B40F05483F46E002C40F0508397
:1024A000D6E91032643B13431FD1D6E91232653BA3
:1024B00013431AD1D6E90632134316D1D6E90832AE
:1024C000013B134311D1D6E90C32A3F5C9031343E1
:1024D00040F03683A79B012B40F032839F9CA4F5EC
:1024E000826BDBF1000444EB0B0404214046FFF750
:1024F000DCFA934B8493A3F1041385934FF47A7C15
:102500004FF48263CDE98AC34FF4876E4FF48C6336
:10251000CDE98CE340F2ED3940F21543CDE99293D9
:1025200040F23D4A40F26543CDE994A328A840F229
:10253000E3339E93FFF750F80423C7E902333B616E
:10254000002200234FF00009CDE90423CDE90299D0
:10255000CDE9007506966422002328A8FFF744FC05
:10256000002840F0EF82D6E90623B3F1FF3F08BF11
:1025700012F1040F40F0E982D6E90832043B13431C
:1025800040F0E382D6E91013D6E912029A4208BF5E
:1025900088420CBF01234B46089304214046FFF7B5
:1025A00084FA664B849303F1021385934FF47A7B8C
:1025B0004FF482634FF48762CDE98AB34FF48C63A2
:1025C000CDE98C2340F2ED3140F21543CDE9921371
:1025D00040F23D4040F26543CDE9940340F2E333DD
:1025E00028A89E934FF00009FEF7F6FF0022002373
:1025F000CDE90423CDE90299CDE900750696642260
:10260000002328A8FFF7F0FB002840F0A082D6E9BD
:102610000632134340F09E82D6E90832033B13434F
:1026200040F09882D6E91232D6E910105B1AA3F175
:10263000030362EB000213430CBF01234B460993D3
:1026400003214046FFF731FA6423ADF812326623C6
:102650004FF47A7CADF814324FF48263CDE98AC32B
:102660004FF487638C9340F2ED3940F21543CDE986
:10267000929340F23D430226949328A840F2E3331C
:102680008DF820629E9360AFFEF7A6FF4FF0000921
:1026900021AB032200200021CDE92422CDE9040151
:1026A000CDE90035CDE9029906976422002328A8D8
:1026B0002396FFF799FB0646002840F04D829DF8CF
:1026C0008131002B00F04A82769B032B15D1759B3C
:1026D000022B12D1779B012B0FD19DF88431022B55
:1026E0000BD1A79B022B08D19F9BB3F5826F04D11E
:1026F000A09EA6F587677E427E4103214046FFF7F4
:10270000D4F90E4B84936623ADF814324FF47A7BE0
:1027100040F26543CDE98AB34FF4916340F2ED3165
:102720008C9340F26A43CDE9921340F28D43949327
:1027300028A807E064030108A08601006400650082
:102740006400680040F2E3339E930DF5C079FEF714
:1027500043FF4FF0000A21AB032200200021CDE906
:102760000401CDE900352392CDE902AACDF81890F5
:102770006422002328A8FFF737FB0746002840F013
:10278000EF817B9B022B13D17C9B012B10D17D9B76
:10279000552B0DD1A79B022B0AD19F9BB3F5826FBE
:1027A00006D1A09FA7F5916ADAF1000747EB0A0767
:1027B00002214046FFF779F9BA4B84936FF00F0E70
:1027C0001023CDE98AE36FF00A081523CDE992833F
:1027D00028A86FF01F039E934FF02009FEF7FCFE20
:1027E0000222CDE9229221AB00200DF5C078002114
:1027F0004FF00009CDE92422CDE90401CDE90035EF
:10280000CDE90299CDF818804FF6FE72002328A872
:10281000FFF7EAFAB8B9809B252B40F0A3817B999A
:10282000002940F09F81DDE97032A3F57F43FE3B34
:10283000134340F09981DDE97232A3F10113134390
:1028400008BF4FF00109082184A8FFF72EF9964B25
:102850008493013B8593954B86930DF5097803F599
:102860008013879342464FF47A7342F8043F591D10
:102870002833B3F5A56F1162F7D140F2E33328A8EE
:102880009E932825FEF7A8FE0822CDE92252CDE925
:102890002422039230AA21AB0020002102920DF5E0
:1028A000C07A1DAACDE90032CDE90401CDF818A007
:1028B0006422002328A8FFF797FA0546002840F075
:1028C00055819DF88231002B00F05281819B082BAD
:1028D00015D1829B012B12D1839B072B0FD1DDE9F0
:1028E0006E32A3F5C803134309D1DDE96C32A3F5B9
:1028F000CB03A3F5C04313430CBF012500250821DA
:1029000084A8FFF7D2F84FF06413CDE9843386939F
:1029100003F58033879342464FF47A7342F8043FBD
:10292000591D2833B3F5A56F1162F7D140F2E33397
:1029300028A89E93FEF750FE00220023CDE9042331
:102940000823039340AB02931DAB0DF5C07A0193AE
:1029500021AB0093CDF818A06422002328A8FFF72C
:1029600043FA002840F006819DF882313BB1829BFA
:10297000012B40F00181839BD81F434243410C93BC
:10298000082184A8FFF791F84FF06413CDE9843350
:10299000869303F5803387934FF47A7348F8043FA6
:1029A0005A1D2833B3F5A56FC8F82020F6D10DF1D4
:1029B000A00840F2E33340469E93FEF70DFE092245
:1029C0000023CDE904230823039350AB02931DABEE
:1029D0000DF5C07B019321AB0093CDF818B06422B4
:1029E00000234046FFF700FA002840F0C7809DF81A
:1029F0008231002B00F0C280829B002B40F0C1800E
:102A0000839BA3F10801D1F1000A4AEB010A404679
:102A1000FEF7E2FD00220023CDE91A230DF1680B39
:102A20000A231A466421CDF800B04046FEF7E1FDC6
:102A3000B8F802300F93D8F808301293D8F80C3059
:102A40001393D8F810301093D8F814300E901193D7
:102A5000CDF800B00A231422C8214046FEF7C9FD74
:102A6000042840F09080B8F802300F9A934240F06A
:102A70008A80D8E90223DDE91210834208BF8A4226
:102A800040F08180D8F81030109A93427BD1D8F86A
:102A90001430119A934276D1D8F818305A1E534206
:102AA000534105E0FEFF010064006500640063001F
:102AB0000A9A002A69D00B9A002A68D00D9A002A37
:102AC00067D0002C67D0089A002A66D0099A002A9D
:102AD00065D0002E65D0002F65D0B9F1000F64D00D
:102AE0004DB10C9A12EA0A0505D00E9A002A14BFBD
:102AF000002503F0010505F001000DF5297DBDE875
:102B0000F08F002364E42368199A13437FF479ACAF
:102B10004FF480320023CDE9002302944FF4C80221
:102B200000234FF4C8000121FFF736F900283FF4D5
:102B300068AC2368199A13430CBF0123002361E496
:102B40000024D2E4CDF8209027E5089025E5CDF8C3
:102B5000249075E5099073E54E46CEE51E46CCE51A
:102B6000574625E681466EE689466CE60025C6E6B0
:102B70001D46C4E6002302E70C9001E74FF0000A6F
:102B800045E7824643E7002392E70A9DB3E70B9DA2
:102B9000B1E70D9DAFE72546ADE7089DABE7099D81
:102BA000A9E73546A7E73D46A5E74D46A3E700BFA1
:102BB0002DE9F04F2DED048BADF5217D1AA8FEF720
:102BC00088FFFEF7F1FB354A0346602128A80BF089
:102BD0008DFC5F28A8BF5F2082B228A9322330482D
:102BE00009F06CFBFEF722FB0446FEF723FB0546CB
:102BF000FEF724FB0646FEF725FB2A4B0746D3F8D3
:102C00000080FEF7D1FB284A0095CDE903802346DA
:102C10004FF48071CDE9016760A80BF067FCFF28D5
:102C2000A8BFFF2082B232231D4860A909F046FBED
:102C30001E481F4C012106F007FE00280CBF01258D
:102C4000002503D123780BB9FEF7ECFA194825705B
:102C50004FF4804106F003FEFEF7E6FA18B1C820F3
:102C600009F0B3FDE4E712AC234603224FF4004120
:102C70001AA8FEF73BFF074610B3A37F0193637FBB
:102C800000930D4A0346602140A80BF02FFC32232D
:102C900082B240A9024809F011FBE0E7540501089F
:102CA00038040020000000206F05010800000240E9
:102CB000B302002000080240F10501080000C842EC
:102CC00026885FED028A3046FEF772FBB6EE008A78
:102CD000F0EE487AE0EE287A11AD28461197FCEE26
:102CE000E77A17EE904AFEF775FB9DF844309DF8A1
:102CF00045209DF846109DF8475018B113B90AB900
:102D000001B9BDB1CDE903326422B4FBF2F302FB99
:102D10001344CDE90515CDE900349B4A02903346B2
:102D2000802140A80BF0E2FB322382B240A99748F1
:102D300009F0C4FADFF87CB295499BF80040954A47
:102D4000DFF87482DFF87492934DDFF874A2002CE0
:102D500040F0F4809FED8A7B01238BF800308F4B8D
:102D60000E8083ED007B8AED007B8D4B1460C8F8EC
:102D70000040C9F800402C601C60D8F80030A34225
:102D8000B8BFC8F800402046FDF7CCFBDAE90023C5
:102D900006460F46FDF77AFACAE90001DFF8FCA102
:102DA000CDE90E0132463B4630463946FDF724FC5C
:102DB000DAE90023FDF76AFA06460F46CAE900671A
:102DC000DFF8DCA1DAF8000001301828CAF80000AA
:102DD0007FF645AFFDF796FB02460B46CDE90C01A9
:102DE000DDE90E01FDF732FDDDE90C23CDE90E0131
:102DF00030463946FDF72AFDDDE90E2306460F462B
:102E000010461946FDF7F8FB02460B463046394698
:102E1000FDF73AFA02460B4643EC192B0022002339
:102E2000FDF77AFE002800F0A280B0EE490AF0EE2D
:102E3000690A0CF0B9F857EC106BD9F80030D8F8E3
:102E40000000C01A2B6840F2DA22934200F392800D
:102E500004F6396841F6724398458CBF4FF000087C
:102E60004FF0010880B2FEF7A3FAB0EE489A4D4B3E
:102E7000002230463946A0EE289AFDF707FAFDF702
:102E80006BFE80B2FEF794FAF0EE487AE0EE287A14
:102E90002888BCEEC99AFCEEE77A17EE907AFEF726
:102EA00087FAF0EE487AE0EE287A002CA0B2B8BF9C
:102EB0004042FCEEE77AB8BF80B217EE909AFEF778
:102EC00077FAA0EE288A64233748B7FBF3F6FCEEC6
:102ED000C87A03FB1671354FCDF8288017EE90CADB
:102EE00030EA240028BF384619EE102ADAF80040EC
:102EF0000994B9FBF3F403FB1497B2FBF3F5CDE9A6
:102F00000747BCFBF3F403FB152203FB14C3CDE915
:102F10000310CDE90543CDE901260523244A009598
:102F2000802140A80BF0E2FA322382B240A9174870
:102F300009F0C4F900238BF8003090E60C880E806D
:102F4000341B116823B2002B01FA84F4B8BF5B4232
:102F500014602A689BB29A4207DBD9F800309C4281
:102F6000BFF60BAFC9F8004007E72B60F5E7002676
:102F7000002762E74FF0000874E700BFAFF300805E
:102F800000000000000000003406010838040020A2
:102F9000B0020020AC020020A0020020900200201D
:102FA000880200200000E03F20350108520501089A
:102FB0008C060108B2020020A8020020A402002012
:102FC000980200200268034B9A4201D105F056BFD7
:102FD000704700BF0020004007B572B6064C074896
:102FE0004FF4005106F03BFC00230193019BA342E8
:102FF000F5D8019B0133F8E71FA107000008024044
:1030000010B594B0102200210AA80BF0E1FA1422A6
:10301000002103A80BF0DCFA1F4B002101911A6C70
:1030200042F080521A641B6C03F080530193019BA1
:103030001A4B02911A6842F480421A601B6803F42A
:1030400080430293029B01214FF480330224CDE997
:1030500008134FF48003CDE90E43A822042308A8E7
:10306000CDE91032CDE9124307F0EAFA08B1FFF7D3
:10307000B3FF0F23CDE9033405904FF4A0524FF472
:103080008053052103A8CDE9062307F0B5FC0028ED
:10309000EDD114B010BD00BF0038024000700040F8
:1030A00080B5BAB000246D4D05F0CEFEFFF7A8FF45
:1030B0001422002132A80BF08BFA02942B6B684883
:1030C00043F004032B632B6B03F004030293029B76
:1030D00003942B6B43F080032B632B6B03F0800373
:1030E0000393039B04942B6B43F001032B632B6B23
:1030F00003F001030493049B05942B6B43F002033C
:103100002B632B6B03F00203224605934EF207015B
:10311000059B06F09FFB224652484FF4006106F0E3
:1031200099FB22465048402106F094FB01264EF2BE
:1031300007034B4832A9CDE93236CDE9344406F0D5
:10314000ABFA4848349632A9CDE9326406F0A4FAC5
:103150004FF40063434832A9CDE93236CDE9344417
:1031600006F09AFA4023404832A9CDE93236CDE93B
:10317000344406F091FA00942B6B43F400132B6354
:103180002B6B03F400130093009B01942B6B43F40F
:1031900080032B632B6B03F48003224605210193EC
:1031A0000C20019B06F058F80C2006F087F8224608
:1031B00005210E2006F050F80E2006F07FF822467A
:1031C0000521102006F048F8102006F077F8224676
:1031D0000521112006F040F8112006F06FF8224674
:1031E00005212F2006F038F82F2006F067F8224638
:1031F0000521382006F030F8382006F05FF8224626
:1032000005213A2006F028F83A2006F057F8224621
:1032100005213B2006F020F83B2006F04FF8102255
:10322000214618A80BF0D4F9104A114B13604FF443
:103230008033C2E9013482F820400E4BD462D4605E
:1032400010460224166116769362D46182F83060CB
:10325000566105F025FE78B1FFF7BEFE003802404A
:10326000000802400000024000040240180800204C
:10327000002001400100000F0523C8481A9318A937
:10328000CDE9186605F044FF0028E5D1C3480426BF
:1032900018A9CDE9186405F03BFF05460028DBD1ED
:1032A0000146102214A80BF093F91C22294623A8EA
:1032B000CDE90A550BF08CF92022294632A80BF0F3
:1032C00087F9B74CB74BA560C4E90035204640F6F6
:1032D0006A03C4E90335C4E905550AAF08F0B6FB33
:1032E0000028B9D14FF4805314A92046149308F054
:1032F00087FD0028B0D1204608F0D4FB0028ABD1D0
:10330000CDE90A003946204608F082FE0246002830
:10331000A2D17023CDE92330CDE92500CDE92700E6
:10332000299023A9204608F045FC002894D1324674
:1033300023A9204608F03EFC00288DD1082223A9AD
:10334000204608F037FC002886D100234FF40052B5
:1033500032A92046CDE93233CDE934333693379262
:10336000399308F093FE054600287FF475AF204698
:1033700005F028FB102229460CA80BF029F98A4CED
:103380001022294610A8CDE908550BF021F94FF07D
:103390008043C4E9003520464FF0FF33C4E90335CC
:1033A00008AEA560A56108F051FB00287FF454AF7A
:1033B0004FF480530CA920460C9308F021FD0028FF
:1033C0007FF44AAF204608F099FB00287FF444AF11
:1033D000CDE908003146204608F01AFE02460028D2
:1033E0007FF43AAF0123CDE911301090139010A96A
:1033F000204608F06FFC00287FF42EAF0223042241
:1034000010A92046CDE9103308F064FC03460028DB
:103410007FF422AF6548DFF8C8C1654A03624FF404
:103420008044C0E90233C0E90443C0E90633C0E97F
:1034300000C206F01DFA034600287FF40DAF5D4878
:103440005D4F03614FF46122C0E900720C22C0E9B4
:103450000233C0E90523C36108F002FF03460028D8
:103460007FF4FAAE5548564E564A0362C0E90062F0
:10347000C0E90233C0E90443C0E9063306F0F8F9B5
:1034800000287FF4E9AE5049504B0B604FF4827036
:10349000002301220224C1E90103C1E90442CB60F7
:1034A0004FF4007518220B624B628B6208460A23A8
:1034B000C1E90652CB6207F05FFC054600287FF4A5
:1034C000CBAE0146CDE906001C221CA80BF080F80B
:1034D000294620222AA80BF07BF83D4C3D49A560E7
:1034E0005323C4E90013204640F2E733C4E903350F
:1034F000C4E9055506AE08F0D5FA00287FF4ACAE55
:10350000CDE906003146204608F082FD024600283B
:103510007FF4A2AE6023CDE91C30CDE91E00CDE9D9
:10352000200022901CA9204608F044FB00287FF4CC
:1035300093AECDE92A00CDE92C002E904FF4005334
:1035400031902AA920462F9308F0A0FD05460028B7
:103550007FF482AE204605F035FA1F481F4A056108
:103560004FF46123C0E900230C23C0E90255C0E9F0
:103570000535C56108F074FE044600287FF46CAE82
:10358000FEF700FAFEF75CF900283FF465AEFEF79F
:10359000D5FE00283FF460AE24E000BF18080020EC
:1035A0005005002000000140080500201007002001
:1035B000A086010038040020004800406407002075
:1035C00000540040801A06005806002000300140D8
:1035D000C0040020000401407C040020004400409E
:1035E0000058004000F01CF800F048F800283FF4B4
:1035F00033AE09F071F8074A0748214609F09FF8F1
:10360000064B1860FDF70CFE00283FF425AE09F0CC
:1036100075F8FEE75C3C0108B12B0008B4020020FD
:1036200008B500F0B3F90448044904F0F5FDBDE81D
:1036300008400348FEF74DBA98080020803C010876
:103640006008002000F046B900F054B900F062B9FB
:1036500008B5044804F0D8FDBDE808400248FEF76C
:1036600038BA00BF980800206008002008B5FFF7AE
:10367000EFFFBDE8084000F081B9000070B52DED06
:10368000068B84B004F06AFE00284AD0284C294DED
:103690002046B0EE000A04F0D1FD0123B6EE000A88
:1036A0007B202B706B6200F035F9FFF7DFFF94EDA4
:1036B00007AAD4ED089A94ED099AD4ED0A8A94EDFC
:1036C0000B8A2E786C6A01A800F086F9B5EE40AA44
:1036D000F1EE10FABDF80420DDED027A9DF80C3011
:1036E00023D1F5EE409AF1EE10FA1ED1B5EE409AD4
:1036F000F1EE10FA19D1F5EE408AF1EE10FA14D17C
:10370000B5EE408AF1EE10FA0FD176B96CB962B914
:10371000F5EE407AF1EE10FA07D183F0010000F0E7
:10372000010004B0BDEC068B70BD0020F7E700BFC0
:1037300098080020600800201FB50446D8B10F4B40
:10374000DA6902601A6A42605A6A82609A6ADB6ABF
:1037500003610B4BC2601A785B6A8361027501A832
:1037600000F03AF9BDF80430A383029B23629DF870
:103770000C3084F8243004B010BD00BF980800203D
:103780006008002030B52DED028B054689B0B0EE03
:10379000408AC8B31D486B4603224FF40051FEF720
:1037A000A5F9044628BBDDE90201FEF711FADFEDB9
:1037B000187A9FED187A30EE480AB4EEE70AF1EE77
:1037C00010FA1BDCDFED147A9FED127AB4EEE70AF3
:1037D000F1EE10FA15D4114885ED000A04F02EFD23
:1037E000FDEEC07AB7EE000A17EE903A98B200F0FC
:1037F00091F8204609B0BDEC028B30BD30EE470A8F
:10380000DBE730EE070AE1E70124F2E76008002079
:10381000000034430000B443000034C39808002083
:1038200042F6AB23B0FBF3F202FB130080B2704709
:10383000062070470C20704708B5044804F084FD4A
:10384000FDEEC07A17EE900A08BD00BF9808002070
:10385000004870471007010808B507EE900A9FED71
:10386000197AF8EEE77A2DED028B67EE877AB0EEE3
:10387000408A9FED150A87EE800A0BF025FCF6EED4
:10388000007AE0EE277A67EE887AF5EEC07AF1EEFC
:1038900010FA14D4B7EE000AF4EEC07AF1EE10FA82
:1038A000D8BFB0EE670ADFED097A20EE270ABDEC3B
:1038B000028BBCEEC00A10EE103A98B208BD9FED24
:1038C000040AF0E7DB0FC94000AC2A4600A0064519
:1038D0000000000008B5012204484FF4006105F023
:1038E000B9FF034B01221A7208BD00BF000002405D
:1038F000C808002008B5002204484FF4006105F014
:10390000A9FF034B00221A7208BD00BF000002404D
:10391000C808002070B542F6AB250446B0FBF5F0B0
:1039200005FB10402DED028B80B2B0EE408AFFF710
:1039300093FF104B1E6804F63963B0EE480A7063BB
:10394000B3FBF5F005FB1030FFF786FF04F5E353FA
:103950001233B063B0EE480AB3FBF5F005FB10304C
:10396000FFF77AFF044BF06383ED018ABDEC028B15
:103970001C8070BD50050020C80800209FED020A81
:103980000020FFF7C7BF00BF0000000008B5FFF729
:10399000B1FF012211460E4805F05CFF0C480022E1
:1039A000022105F057FF00220948042105F052FFCB
:1039B0000021084808F02AFB0421064808F026FBED
:1039C0000448082108F022FBBDE80840FFF7D6BFF5
:1039D0000008024050050020034618B1024A07CAF9
:1039E00083E80700704700BFC80800200F4B70B580
:1039F000D3F8101AD3F8144AD3F8185A0C4B0022F3
:103A000018461E688E4209D15E68A64206D19E689D
:103A1000AE4203D11C2303FB020070BD0132072A12
:103A200003F11C03EDD10020F7E700BF0070FF1F7A
:103A3000643D010809289ABF024B53F82000024850
:103A4000704700BFE43C0108240701080346B0B3F7
:103A5000D0ED007AF5EE407AF1EE10FA2FD1D0EDEC
:103A6000017AF5EE407AF1EE10FA28D1D0ED027A23
:103A7000F5EE407AF1EE10FA21D1D0ED037AF5EEB1
:103A8000407AF1EE10FA1AD1D0ED047AF5EE407AD0
:103A9000F1EE10FA13D1027D8AB9806978B99A8B58
:103AA00052B9D3ED087AF5EE407AF1EE10FA06D16C
:103AB00093F8240080F0010000F00100704700201E
:103AC000FAE700000FB400B5ADF2747D0DF5EF63B9
:103AD00040F26C7153F8042B009301A80AF06AFDC0
:103AE000021E0FDD40F26B739A4228BF1A46084847
:103AF000C82392B201A908F0E1FB18B1054A136886
:103B0000013313600DF2747D5DF804EB04B070476F
:103B100038040020943A00200FB400B5A3B024ABC1
:103B2000802153F8042B019302A80AF043FD021EE2
:103B30000DDD802A28BF7F220748642392B202A9A4
:103B400008F0BCFB18B1054A13680133136023B0B9
:103B50005DF804EB04B0704738040020943A00206C
:103B60002DE9F04FAFB01F90FFF740FF054600284A
:103B700000F08880D0F80CA00125FFF737FF04463D
:103B800000B1103421A8FDF773FD00287DD19DF808
:103B90008460002E7AD0214621A8FDF711FE01266F
:103BA00007463846FDF740FE032F9CBF3C4B33F9D8
:103BB00017803C4BD3F8102A1B9288BF4FF4FF7834
:103BC000D3F8142AD3F8183A1D93002CB8FA88F7C2
:103BD00014BF0123002381464FEA57171C921E93FE
:103BE00056D02388A178E07894F804C094F805E0D2
:103BF0001A93A379A468BDF8AEB0CDF860B09DF873
:103C00008CB0CDF85CB09DF88BB0CDF858B09DF875
:103C10008AB0CDF854B0CDE90FE39DF889B01A9B76
:103C2000CDF850B00B939DF888B0CDF84CB0002380
:103C3000CDE90993BDF886B01E9B2C9A1992CDE967
:103C40000D0CCDE907730C91CDE9114BCDE905675A
:103C5000CDE903A51D9B02931C9B01931B9B009325
:103C6000114A124B1F991248FFF72CFFB8F1000FB1
:103C700004D010484A464146FFF74EFF38462FB061
:103C8000BDE8F08FDFF830A077E70026012788E74E
:103C90002346A646A446204621461A94ABE700BF19
:103CA0009C3C01080070FF1F4D0701083807010800
:103CB0005A070108C60901082C07010873B5034615
:103CC00000250846012611460A220135AB4202FBB7
:103CD00006F6FAD107EE906AB5EEC00AF1EE10FAD8
:103CE000F8EEE76A4CBFB1EE407AB0EE407AF6EEFD
:103CF000007AE6EE877AB5EEC00AFDEEE77AF1EEDD
:103D000010FA17EE904A94FBF6F306FB1344CDE944
:103D1000005407D553EA040204D0034A0AF0E6FB34
:103D200002B070BD014AF9E7FB090108FC0901086E
:103D30002DE9F04F8FB09B469DF86030199C03929F
:103D40000293824680B17CB147220021601C0AF0B8
:103D50003FFC0322227006AB40F21D715046FDF776
:103D6000C5FE064628B16070032528460FB0BDE8A1
:103D7000F08F06AF0FCF04F108050FC597E80F00CD
:103D800085E80F000123A362DDE9087805F082F8D9
:103D9000B1460190012008F018FD06AB032240F265
:103DA0001D715046FDF7A2FE054630B10323607039
:103DB0002370D9E71F469046ECE70DF1180EBEE8D8
:103DC0000F0004F1080CACE80F009EE80F008CE82F
:103DD0000F00A36A0133A362DDE90832DF1B62EB47
:103DE0000808B8F1000F02DA7F4268EB480803992F
:103DF000B3EB010C029962EB0B00C4E90EC079B37E
:103E00000028614602DA494260EB400040F28F3CF4
:103E1000614570F1000034BF012100210A2F78F1C3
:103E2000000821D209F10109E1B10136E06A4845F3
:103E3000206B38BFC4F82C90B04200D22663E06AF1
:103E400084F84110072894BF00200120082E84F830
:103E500040000DD1012384F842300023237084E711
:103E60000121DBE70E46E1E74FF000094E46E6E7A9
:103E7000CDE9043205F00EF8019BC01A6328DDE994
:103E8000043297D9002384F8423094F840302BB1A3
:103E900094F8413013B90225257066E70125FBE748
:103EA0002DE9F0412DED0A8B9FED3E9A9FED3EBA34
:103EB000DFED3EBA9FED3ECA0D46F0EE40AA164633
:103EC0001C4680460027B0EE498AB0EE49AAAF42B0
:103ED00012DB002D267033DCDFED327A84ED01AA8F
:103EE00084ED02AA84ED03AA0023BDEC0A8BC4ED85
:103EF000047A2375BDE8F08107EE907AB8EEE77A90
:103F0000F8EC018A27EE0B7A78EEEA8AC7EE0B7A94
:103F1000013767EEAB7AC7EE8C9A07EE906AF8EE3F
:103F2000E77A69EEA79AB0EE690A0BF095F8A0EE71
:103F3000288AB0EE690A0BF0C7F8A0EE289AC6E707
:103F400007EE905AF8EEE77AB0EE007AC7EE278ACD
:103F500028EE888A68EE898A84ED018A28EEA80A0C
:103F6000C4ED028AA8EE080A0BF054F8F0EE480AF5
:103F7000B0EE409A84ED030AB0EE680A0BF048F800
:103F8000DFED0B7A9FED097A20EE270AC0EE077A63
:103F90009FED087AB4EEC79AF1EE10FAACBF012398
:103FA0000023A2E7000000000000B443DB0F4940FB
:103FB00000003443CDCC4C3D036A10B50C681C1B8B
:103FC0001368234413604C68436A1C1B53682344E2
:103FD00053608C68836A1C1B936823449360CC688D
:103FE000C36A1C1BD3682344D3600C69036B496903
:103FF0001C1B136923441361436B591A53690B4407
:10400000536110BD06EE902A07EE103AF8EEE66A0C
:10401000B8EEC77ABAEE0E6AC6EE877A091AF1EEE2
:10402000086AA7EEA66AF2EE046AE7EE866A27EE51
:10403000A77A27EE277A07EE901A27EE267A06EE61
:10404000900AF8EEE77AB8EEE60AA7EE270A0BF038
:1040500075B82DE9F047002986B00E4690460F4608
:1040600002DA404261EB41070546EA460024E94690
:10407000284639460A220023FCF73CFFAC46303282
:104080000AF8012BBCF10A0F3A4672F100022346EE
:10409000054604F101040F4602D3172CE8D116237C
:1040A000002E09DA172C07D004F118020DEB0204D8
:1040B0002D2204F8182C9C1C09EB040208F1FF3196
:1040C000012312F8010D01F8010F9C4203D00133C6
:1040D000182BF6D11724002308F8043006B0BDE8E9
:1040E000F0872DE9F04F002487B0894616461470FA
:1040F000A0F1080725464FF07C0AA3464C4502D1A3
:1041000007B0BDE8F08FF7E902016A46FFF7A1FFAB
:104110006846FCF75DF8002C0CBF2B466B1C034473
:10412000B3F5806FECD214B106F805A001356846EE
:10413000FCF74EF8804602467019454469460AF07D
:10414000E1FA013406F805B0D8E700004F4B002231
:10415000F0B583F8B020C3F8A820002800F08F80C5
:10416000D0E90862D0E90A54D0E90C10C3E9AF6283
:10417000D3F8EC72D3F8D4223A44D3F818773A44FF
:10418000D3F830773A44D3F848773A44D3F87C7779
:104190003A44D3F878783A44D3F890783A44B61A47
:1041A000C3F8A862D3F8DC22D3F8F4623244D3F81F
:1041B00020673244D3F838673244D3F8506732442A
:1041C000D3F884673244D3F880683244D3F89868CF
:1041D0003244C3E9B154AD1AC3F8AC52D3F8E0226B
:1041E000D3F8F8522A44D3F824572A44D3F83C573A
:1041F0002A44D3F854572A44D3F888572A44D3F88A
:1042000084582A44D3F89C582A44A41AC3E9B3100A
:10421000C3F8B042D3F8FC42D3F8E4222244D3F8E6
:1042200028472244D3F840472244D3F85847224431
:10423000D3F88C472244D3F888482244D3F8A048C6
:104240002244891AC3F8B412D3F8E822D3F8001331
:104250000A44D3F82C170A44D3F844170A44D3F875
:104260005C170A44D3F890170A44D3F88C180A4410
:10427000D3F8A4180A44801AC3F8B802F0BD014666
:10428000044605460246064670E700BFD8100020E7
:104290002DE9F043002900F0AB805B4BD3F8944349
:1042A000002C00F0A580012583F82953D3F8305362
:1042B000D1F858C0D3F84063D1F85CE0D1F8608001
:1042C000D1F86490CF6E0135C3F83053D3F83C5326
:1042D0006544C3F83C534D6D2E44C3F84063D3F896
:1042E00044637644C3F84463D3F848634644C3F850
:1042F0004863D3F84C634E44C3F84C63D3F854631B
:104300003E44C3F854630F6FD3F858633E44C3F878
:1043100058634F6FD3F85C63B74288BFC3F85C73D0
:10432000D3F860638F6EB74288BFC3F8607304EB45
:10433000800707F580578E6FC7F84067D1F8806017
:10434000C7F8106DBCF1FF0F04EB000642F2C8572E
:1043500028BF4FF0FF0C06F807C0FF2D42F23C7754
:1043600028BFFF25F555BEF1FF0F42F6B00528BF67
:104370004FF0FF0E06F805E0B8F1FF0F42F62425D6
:1043800028BF4FF0FF0806F80580B9F1FF0F42F68D
:10439000983528BF4FF0FF0906F8059042F60C55F6
:1043A00072554ABB0D783DB3D1E90C6704EBC004EC
:1043B000C4E9006708B9C3E9DA67D3F834230132E6
:1043C000C3F834238B789BB1A0B1B0F5B47F0FD183
:1043D0000E4B01221A70D1F884205A60D1F888203F
:1043E0009A60D1F88C20DA60D1E90E01C3E90401AA
:1043F000BDE8F083064BECE7D3F8501383F82C2389
:104400000131C3F85013F3E7D810002088140020BE
:10441000701400200E4A30B50121151F814200DBC7
:1044200030BDD2ED007A4B1E144634ED017AF4EE25
:10443000C77AF1EE10FA03D5013B84ED017AF4D28C
:1044400005EB8303C3ED017A01310432E6E700BFD7
:104450000C0B0020084B0022C0B293F8C810814218
:1044600006D001320C2A03F11803F6D10020704760
:1044700003F1C800704700BFD81000202DE9F047B5
:1044800088462DED0A8B0446F0EE409A002852D063
:10449000DFF8C090DFED2B8ADFED2BAA9FED2BBA62
:1044A000DFED2BBA0027561807EE907AB8EEE77AC0
:1044B000C24627EE2A7AB0EE699AC7EE2A7A67EEEC
:1044C0008B7A87EEABCA1AF8010BFFF7C3FF0546DC
:1044D000D0B1037808EE103AB8EE488A28EE0C8A7C
:1044E000B0EE480A0AF0B8FDB0EE40AAB0EE480AB5
:1044F0000AF0EAFDD5ED027A95ED017A60EE277AB1
:10450000E7EE0A7A39EE279A5645DCD1F9EC017AC2
:10451000013777EEC97ABC42E7EEA78AC4D107EE2D
:10452000904AB8EEE70A88EE800ABDEC0A8BBDE837
:10453000F0470AF06FBDBDEC0A8B9FED020ABDE8A3
:10454000F08700BF000000000000B443DB0F4940CB
:1045500000003443602000202DE9F04715462DED82
:104560000C8B0E46142200211F460446F0EE40BA82
:10457000F0EE60AA0AF02CF807EB0508A94619F836
:1045800001AB5046FFF766FF30B94E4B2361BDECDF
:104590000C8B2046BDE8F087B6EB4A0F01D84A4B9A
:1045A000F4E7C145EBD13A462946B0EE6B0A3046F6
:1045B000FFF764FF9FED45BA9FED458ADFED45CAE1
:1045C0009FED45DAF0EE409A002707EE907AB8EEBC
:1045D000E7AAA9462AEE2CAAF0EE6B8A2AEE0DAACB
:1045E00019F8010BFFF736FF0646D0B1037809EE44
:1045F000103AB8EE499A29EE0A9AB0EE490A0AF042
:104600002BFDB0EE40CAB0EE490A0AF05DFDD6EDD2
:10461000027A96ED017A60EE277AE7EE0C7A78EE70
:10462000A78AC845DCD1F4EEC88AF1EE10FAB4EEE0
:10463000E8BAC8BFB0EE688A0137F1EE10FAC8BF19
:10464000B0EE68BAB7F5805FBFD1DFED247AF4EE43
:10465000E7AAF1EE10FA38EE4B8A2FDD89EEAA7A3E
:10466000F7EE007AE7EE477A9FED1D7AF0EEE76A03
:10467000F4EE476AF1EE10FA06D89FED1A7AF4EEDE
:10468000C77AF1EE10FA05D5174BC4ED009A84ED08
:10469000018A7BE79FED157AB4EEE77AF1EE10FA26
:1046A000C8BFF0EE477A012323730123C4ED009ABB
:1046B00084ED018AC4ED027A637368E7DFED0B7A5B
:1046C0000023F1E7060A0108190A0108286B6E4E5B
:1046D000286B6ECEDB0FC94000008039BD378635B0
:1046E000FFFF7F7F6F1283BA2D0A010800000000D0
:1046F000B5EEC00AF1EE10FADFED126A4CBFB1EE72
:10470000407AB0EE407AF6EE007AE7EE267A07B508
:10471000FDEEE77A642117EE902AB5EEC00A92FB0F
:10472000F1F3F1EE10FA01FB1322009208D553EADF
:10473000020105D0044A102109F0D8FE03B000BDE3
:10474000024AF8E70000C842400A0108410A01088D
:104750002DE9F04F91B01F469DF86C3007930B6820
:104760004B4C02939342CCBF4FF0FF330123059390
:1047700006900491934607F0DBFFD4F87C32DDF815
:1047800068904FF0000801330546C4F87C32CDF83C
:1047900004800126CDF80C80029828233246594621
:1047A000FFF730FCDDF80CA0049BB7EE000A1860A0
:1047B00080B2FEF74BFF08AB0698032240F21D7152
:1047C000FDF794F9D4F880320133C4F8803298B1FF
:1047D00007B13E6011B0BDE8F08F401B002847DDF7
:1047E000D4F884320133C4F88432D4F88832984241
:1047F00088BFC4F888023BE0BAF1000F1FD00A9BC3
:1048000001990B9AB3EB080362EB010205990129A8
:1048100011D113F1090F72F1FF3210DA5B42D4F8B3
:104820008C220132C4F88C22D4F890229A4238BFEC
:10483000C4F8903203E00A2B72F10002EFDADDE9EE
:104840000A8301931A9B3BB1079BB34222BF019B92
:10485000C9F80080C9F804300136292E12D007F0BB
:1048600067FF01352B1A002BB7DD284607F0B9FF8B
:104870004FF0010A282E09F10809CDF80CA08BD1C0
:10488000584691E7002FA5D028233B60A2E700BF40
:10489000D81000202DE9F04F2DED028BC04CC14AFD
:1048A000217BC14BADF5805D83B0002908BF1A465E
:1048B0004A92FFF79BF8002801F0B981C368499339
:1048C0004FF0010B94ED2E0A64A8FFF711FF94ED51
:1048D000040A1422E4A90520FFF7F0F994ED050A73
:1048E0001422E9A90520FFF7E9F994ED060A182238
:1048F0000DF5A4610320FFF7E1F994ED070A1422F6
:10490000F8A90520FFF7DAF994ED080A1422FDA9A9
:104910000520FFF7D3F994ED0E0A1422EEA9052025
:10492000FFF7CCF994ED0F0A1422F3A90520FFF745
:10493000C5F994ED100A18220DF5A7610320FFF7C1
:10494000BDF994ED110A14220DF581610520FFF7E0
:10495000B5F994ED120A14220DF21C410520FFF75F
:10496000ADF994ED0C0A14220DF586610320FFF7D2
:10497000A5F994ED160A14220DF244410320FFF725
:104980009DF994ED1B0A14220DF58B610520FFF7AC
:1049900095F914220DF26C4194ED1C0A0520FFF7E5
:1049A0008DF9824B94F8EC16814A002918BF1A46FB
:1049B00094F88F304E92002B01F03E817D4968A81B
:1049C00009F098FE7B496CA809F094FE794962A829
:1049D00009F090FE94F8A430002B01F04481D4F843
:1049E000A030754A102170A809F080FD94F88C3031
:1049F000002B41F03E8194F88E30704D002B01F079
:104A00003C816A4E6E4B94F8A402D3F8102A4C9263
:104A1000D3F8142AD3F8183A4F93B4F8303250939D
:104A2000B4F832325193B4F83432529363685393EA
:104A3000A368549394F82833559394F8C8334D924F
:104A40005693D4E92A23579394F8B030589394F8A6
:104A500078325993FEF7EEFFD4F8A8325B93D4F87E
:104A6000AC325C93D4F8B0325D93D4F8B4325E9338
:104A7000D4F8B8325F93D4F804336093002AD4F8A2
:104A80000833B4F8B2705A90619341F3F980D4F8C6
:104A90000C13D4F81003A1EB020EDEF1000343EB7C
:104AA0000E034B93D4F81433464CA0EB0208D8F114
:104AB0000000A3EB020940EB0800B4F858C5D9F197
:104AC000000343EB0903364C94F80D8094F80E90E4
:104AD00094F86040032C96BFDFF808E1DFF8F8E0B7
:104AE0005EF824E070AC469462AC45946CAC44949F
:104AF00068AC43942A4CD4F89C10429194F88FA04F
:104B0000CDF804A1DFF8E0A0CDE93F6A94F88D600C
:104B1000CDE93D562C4D3C95D4F888503B95D4F8C2
:104B200084503A95D4F880503995E56F3895A56E44
:104B30003795656ECDE935E5CDE93389CDE92D03AE
:104B40004B9B2C93619B2B9340F28E300923CDE934
:104B500029301E4B2893609B27931D4B26935F9B08
:104B600025935E9B24935D9B23935C9B22935B9B8D
:104B7000184D21935A9B2093599B1F93CDE931C522
:104B8000589B1E9364ADCDE92F75579B124D13486A
:104B9000CDE91C23074A1992114A18924E9A25E032
:104BA000D81000204B0A01084C0A0108C73B010835
:104BB000B03B01085C0A0108710A01085F0A01089C
:104BC0000070FF1FD8200020D8100108091101082B
:104BD00021110108EF10010824070108780A0108D3
:104BE00077040108D43C0108C71001081792B74A9E
:104BF0001692B74A1592569A1492B64A1392559A3B
:104C00001292B54A1192B54A1092B54A0F924A9A39
:104C10000E92549A0D92539A0C92529A0B9206222B
:104C20000A92519A0992509A00234FF4B476CDE932
:104C30001A36CDE90732AB4B0693499B03934F9B42
:104C400002934D9B01934C9BA74A0093CDE904B579
:104C5000A64B0521FEF736FFB727B623CDE902376D
:104C6000A34B01960093D4E901230521A148FEF747
:104C700029FFD4E90167FEF7EBFDD4F890320F93DA
:104C8000D4F88C320E93D4F888320D93D4F8843251
:104C90000C93D4F880320B93D4F87C320A93D4F876
:104CA0009C320993D4F898320893D4F8943207933D
:104CB0004FF0280C0123CDE9053C8F4B03934A9B11
:104CC0000490CDE90153499B8C48009332463B4602
:104CD0000521FEF7F7FED4E9012394F860B04B9369
:104CE000BBF1030F236D98BF854D4C93A36F94F8D0
:104CF00034C0A17B94F82400A66A94F84CE094F8A0
:104D00000D80A78D94F85CA0B4F8549098BF55F826
:104D10002B5020930DF26C4B636FCDF878B00DF5EE
:104D20008B6BCDF874B01F93A36E1C93636ECDF89C
:104D300064A0CDE91A534C9BDFF8E8A10DF244457D
:104D4000CDE917950DF21C45CDE915E3CDE90B062C
:104D50001495FDA80DF5816513950A900DF5A765CD
:104D6000F8A812950990F3AD0DF5A460119508907F
:104D7000EEADE9A8CDE90FC54A9B07900DF5866514
:104D8000E4A8CDE90510CDE90D755E495E4D0293AD
:104D9000499B5E4803910195009305214B9BCDF8FB
:104DA0001080FEF78FFE44F6206340F21D72CDE9BD
:104DB000093202216023CDE9073140230693544B89
:104DC0000593544B0493544B0393424B5348CDE902
:104DD0000153499B0093D4E901230521FEF772FE9C
:104DE000AAF2CE534D934E4B4B93AAF2CE56B42318
:104DF0004FF0000B4C935D46A6F68874D4F8A830AB
:104E00009D42C0F27D870DF5AA62D4E9C801FFF783
:104E100020F9D4E9C801FCF7DBFE0DF5906105200F
:104E20001422FEF74BFF63684B93A3684C93D4F8AE
:104E300004334F93D4F8BC325093D4F8C03251931A
:104E4000D4F8C4325293D4F8C8325393D4F8CC3245
:104E50005493D4F8D0325593D4F8D4325693D4F82E
:104E6000D8325793D4F8DC325893D4F8E0325993BF
:104E7000D4F8E4325A93D4F8E8325B93D4F8EC32A5
:104E80005C93D4F8F0325D93D4F8A830002BD4E9C9
:104E9000BD67D4E9BFCED4E9C281D4E9C405D4E961
:104EA000C69A41F37980A1EB030BDBF1000444EBDC
:104EB0000B04A0EB030BDBF1000242EB0B02A5EBB2
:104EC000030BDBF1000343EB0B032DE03211010870
:104ED0005E1101086E110108871101089311010884
:104EE000B1110108CD1101084D070108380701086B
:104EF0007C120108D31101083B1401089912010822
:104F0000D43C0108EF1001082407010855140108DA
:104F1000A4180108AE180108C41801086417010894
:104F20009F3700202E2600200DF5906BCDF888B01D
:104F30000DF5AA6BCDE9203B5D9B13935C9B12930F
:104F40005B9B11935A9B1093599B0F93589B0E9305
:104F5000579B0D93569B0C93559BCDE91E42CDE973
:104F60001A05CDE91881CDE91467CDE91C9ACDE980
:104F700016CE0B93549B0A93539B0993529B089311
:104F8000519B0793509B06934F9B0593C74B0493EC
:104F9000C74B03934A9B0293C64B0193499B0093D3
:104FA000C548C64EDDE94B230521FEF78BFD0025E4
:104FB0000DF5D1692F4634460DF5E96896ED350AB1
:104FC000102249460420FEF779FE96ED360A10229B
:104FD00008EB07110420FEF771FE96F8DC3013B1E0
:104FE0000123BB401D4301370C2F06F1180609F1C0
:104FF0001009E3D194ED7D0A102274A90420FEF774
:105000005DFE94ED7E0A102278A90420FEF756FE7C
:1050100094ED830A10227CA90420FEF74FFE94ED44
:10502000840A102280A90420FEF748FE94ED890A24
:10503000102284A90420FEF741FE94ED8A0A102272
:1050400088A90420FEF73AFE94F8143294F8FC2163
:1050500094ED300A5B0343EA02332B4310228CA900
:1050600004204B93FEF72AFE94ED310A102290A9FA
:105070000420FEF723FE94ED900A102294A9042048
:10508000FEF71CFE94ED910A102298A90420FEF769
:1050900015FE94ED920A10229CA90420FEF70EFE44
:1050A00094ED930A1022A0A90420FEF707FE94EDC8
:1050B000940A1022A4A90420FEF700FE94ED960A9B
:1050C0001022A8A90420FEF7F9FD94ED970A1022FA
:1050D000ACA90420FEF7F2FD0DF5347894ED980AA2
:1050E0001022B0A90420FEF7E9FD0DF538794146FC
:1050F00094ED9A0A10220420FEF7E0FD0DF53C7AAB
:10510000494694ED9B0A10220420FEF7D7FD0DF5C9
:10511000407B94ED9C0A102251460420FEF7CEFD00
:10512000C4AD94ED9D0A102259460420FEF7C6FD39
:10513000C8AE294694ED8E0A10220420FEF7BEFD6B
:10514000314694ED8F0A10220420FEF7B7FD5C4B28
:10515000CCAF93ED000A394610220420FEF7AEFDD5
:10516000574B93ED000AF6EE007A20EE270AD0A9FD
:1051700010220420FEF7A2FDD4F8A032CDF8F4A04E
:10518000CDE93EB394F87832CDF8E880CDE93B9391
:10519000D0A9B0ABCDE938713793ACAB3693A8AB9F
:1051A000359394F864323493A4AB3393A0AB329329
:1051B0009CAB319398AB309394AB2F9394F85432CB
:1051C0002C95CDE92D6394F837322B934B9B2A9382
:1051D00094F83632299388AB289384AB2793B4F89C
:1051E0003432269306232593B4F832322493B4F84C
:1051F0003032239380AB22937CAB219378AB209306
:1052000074AB1F930DF5FF631E930DF5FD631D93A6
:105210000DF5FB631C930DF5F9631B930DF5F76317
:105220001A930DF5F56319930DF5F36318930DF5C6
:10523000F16317930DF5EF6316930DF5ED63159379
:105240000DF5EB6314930DF5E96313930DF5E76327
:1052500012930DF5E56311930DF5E36310930DF5CE
:10526000E1630F930DF5DF630E930DF5DD630D9391
:105270000DF5DB630C930DF5D9630B930DF5D76337
:105280000A930DF5D56309930DF5D36308930DF5D6
:10529000D163079390AB06938CAB0593D4F8AC30F5
:1052A0000493D4F8A83003930CE000BF2111010847
:1052B0000911010824070108821A0108D8100020EA
:1052C0004C2000204A9B0293C24B0193499B0093C0
:1052D000D4E90123C04805210DF29445FEF7F2FB05
:1052E0000DF5956694EDDE0A142229460520FEF799
:1052F000E5FC0DF2BC4794EDDF0A1422314605208F
:10530000FEF7DCFC0DF59A6894EDE00A14223946AC
:105310000520FEF7D3FC0DF2E44994EDE10A1422D6
:1053200041460520FEF7CAFC94EDE20A14224946E4
:105330000520FEF7C3FC94EDE30A14220DF59F61EE
:105340000520FEF7BBFC94EDE40A14220DF20C518B
:105350000520FEF7B3FCD4F83433002B40F321864C
:10536000D4E9DA010DF5AD62FEF773FE0DF5B36217
:1053700000200021FEF76DFE984C94F82A33002B94
:1053800000F01B86D4E9DC010DF5B062FEF761FE8A
:105390004E9B1E93924B1D93D4F864331C93D4F808
:1053A00060331B93D4F85C331A93D4F858331993B1
:1053B000D4F854331893D4F850331793D4F84C33AB
:1053C0001693D4F848331593D4F844331493D4F88F
:1053D00040331393D4F83C331293D4F834331193FD
:1053E000D4F8303310930DF20C530F930DF59F63E7
:1053F0000E9394F82B337B48CDE90C930DF5B063F5
:105400000B930DF5B3630A930DF5AD63CDE90883F6
:10541000CDE906670595D4F83833049394F82A3318
:105420000393714B02936B4B0193499B0093D4E917
:1054300001230521FEF746FBD4F89433002B40F0FE
:10544000D9856A4C6A4D04F54078A4F576792378BD
:10545000002B00F0A1806378002B00F03386D4E9A4
:1054600018010DF5CB62FEF7F4FDD4E906010DF548
:10547000CE62FEF7EEFDD4E908010DF60802FEF754
:10548000E8FD0DF60842D4E90A01FEF7E2FDD4E991
:105490000601FBF783F8574B0022FBF7ADF8564B9C
:1054A0000022FBF7A9F8FBF777FB142200EE100AA5
:1054B0000DF5C2610520FEF701FCD4E90801FCF7F7
:1054C00087FB14220DF5C5610520FEF7F7FBD4E933
:1054D0000A01FCF77DFB14220DF5C8610520FEF7DB
:1054E000EDFBD9E901234B932B68549323694C932B
:1054F00063684E93A3684F93E3685093D4E9237392
:105500005193D4F89430A0785293D4F898305393B0
:10551000FEF790FA6378D4E927ABD4E92161CDE9AD
:105520001903539BCDF858A0CDE917B3529B15939F
:10553000519B3248CDE913730DF5C86310930DF6F6
:105540000843CDE911160F930DF5C5630E930DF6C3
:1055500008030D930DF5C2630C930DF5CE630B9309
:105560000DF5CB630A93509B09934F9B08934E9B79
:1055700007934C9B06934FF4B4730593549B049389
:105580001F4B03934A9B0293124B0193499B009339
:1055900005214B9BFEF796FAC034A04505F10405A2
:1055A0007FF455AF0D4C94F8C85394F8CA63D4F8FF
:1055B000D47394F8CC03002D00F0A985002E00F0E0
:1055C000A985042F40F0A6850E490F4B002818BF6F
:1055D00019461BE024070108D11D0108D81000203E
:1055E00032110108E42201086E110108B0140020F4
:1055F0000C3D0108008076400000F03D7126010856
:105600005E110108553B0108533B0108FEF712FAF1
:10561000D4E90128D4F8D093CDE90B0194F8CB3329
:10562000CDF82090CDE909730423CDE9066394F801
:10563000C933D748CDE90453D64B03934A9BD64D83
:105640000293D64B0193499B00932E464346052176
:10565000FEF738FAF6E804010DF5B662FEF7F9FC3C
:1056600056E902010DF5B962FEF7F3FCD6E9000137
:105670000DF5BC62FEF7EDFCD5E908010DF5BF6242
:10568000FEF7E7FCD5E90A010DF5C262FEF7E1FC81
:10569000D5E90C010DF5C562FEF7DBFCD5E910017B
:1056A0000DF5C862FEF7D5FCD5E912010DF5CB6208
:1056B000FEF7CFFCD5E93E010DF5CE62FEF7C9FC41
:1056C000D5E940010DF60802FEF7C3FCD5E9420119
:1056D0000DF60842FEF7BDFCD4F81827D4F894372D
:1056E000D4F82017D4F82407D4F82857D4F88868B9
:1056F0001344D4F878281344D4F890281344D4F8E9
:1057000048271344D4F860271344D4F89C270A444C
:10571000D4F880180A44D4F898180A44D4F85017DA
:105720000A44D4F8681702EB0108D4F8A017014422
:10573000D4F884080144D4F89C080144D4F85407F0
:105740000144D4F86C070144D4F8A4070544354457
:10575000D4F8A068D4F8A8073544D4F8586735447D
:10576000D4F870673544D4F82C678719D4F88C685E
:1057700094F8D8063744D4F8A4683744D4F85C6762
:1057800000F1FF3E3744D4F87467DEF1000B374474
:105790004BEB0E0BD4E901260728D4F800484C94B3
:1057A00096BF7F4CDFF8F4C154F820C07D4C4B9677
:1057B000D4F8C8074E90D4F8E8074F9094F8D9066B
:1057C000002800F0AA8494F8DC06032800F2A884DC
:1057D000754E56F8200094F8DB66002E00F0A38486
:1057E00094F8DE46032C00F2A1846F4E56F8246034
:1057F0006C4C94F878E7BEF1000F00F09A8494F8AE
:1058000079E7BEF1030F00F29884DFF89C9159F814
:105810002EE094F87498B9F1000F00F0928494F897
:105820007548032C00F29184DFF87C9159F824909C
:105830005C4C94F8ECA6CDF87CA094F8EBA6CDE9EE
:105840001B15CDE91D7ACDE91938D4F8C038189365
:105850000DF5CE63CDE914930DF5CB6310930DF5E3
:10586000C8630F934F9B0E930DF5BF630B934E9B35
:105870000A930DF5BC6309930DF5B9630DF608079E
:105880000DF6084508930DF5C5680DF5B6630DF5E1
:10589000C269CDE9126ECDE906C316971190CDF815
:1058A00014B01795CDF83480CDF830904C9B04930C
:1058B0003E4B03934A9B394E0293499B3C480093CD
:1058C00005214B9B0196FEF7FDF83A4694F8C41863
:1058D00004F6C800FEF705FC94F8081A2A4604F5F9
:1058E0002160FEF7FEFB039794F8C4383148CDE9F8
:1058F0000163499B0093D4E901230521FEF7E2F8F7
:10590000039594F8083A2C48CDE90163499B00932C
:10591000D4E901230521FEF7D5F804F6993B04F5F7
:105920003A6A00271BF8011F013789B12A46504601
:10593000FEF7D7FB04959BF800300196CDE9027382
:10594000499B0093D4E901231C480521FEF7BAF8CE
:10595000032F0AF5A07AE5D1D4E9012394F82C03AA
:105960004B93D4E9CCB7FEF765F8154994F82AE3D0
:10597000144B94F829A3BEF1000F18BF1946499B98
:105980000093CDE90501CDE903B7CDE9016A1BE03C
:10599000922801085E1101088818002024070108D8
:1059A000A43C0108D8100020C43C010832110108B1
:1059B0009C290108F22C0108732D0108F42D01081F
:1059C000533B0108553B01084B9BB0480521FEF7AE
:1059D00079F8277B002F40F0E68094F8B030002B58
:1059E00000F0E48394F88D30002B00F0DC80D4AE1E
:1059F000B4F8B410A648D4F800A09FEDA68AFEF72C
:105A00008BF894ED2E0A3046FEF772FE3146A2481E
:105A1000FEF782F800963346D4F8BC20B4F8B210F2
:105A20009E48FEF779F80AF10106D4F8A8309F42A3
:105A3000C0F28F839A4F0093D4F8603F9948324662
:105A40006421FEF769F8B7EC010A0DF55C7AD8A875
:105A5000FEF74EFE97ED000A5046FEF749FECDF8E0
:105A600004A0B4F86E3F0093B4F86C2F8E48D8AB06
:105A70003146FEF751F80120FEF7ECFC8246062085
:105A8000FEF7E8FC0746BAF1000F00F083839AEDB9
:105A9000030AE0A8FEF72CFEBAF1000F00F07D83A8
:105AA0009AED040A0DF5B660FEF722FE7F480DF56B
:105AB000B663E0AA3146FEF72FF8002F00F070839E
:105AC00097ED030A0DF5B960FEF712FE002F00F006
:105AD0006A8397ED040A764F0DF5BC60FEF708FE69
:105AE0000DF5BC630DF5B96231467248FEF714F846
:105AF00094ED8E0A0DF5BF60FEF7FAFD0DF5BF635C
:105B000094F837226C483146FEF706F897ED000A04
:105B10004846FEF7EDFD4A4631466848FDF7FCFF72
:105B200097ED020A4046FEF7E3FD0DF5CB6997EDD0
:105B3000030A0DF5C860FEF7DBFD97ED040A484641
:105B4000FEF7D6FD0DF5C863424631465C48CDF8F8
:105B50000090FDF7E1FF97ED010A0DF5CE60FEF72D
:105B6000C7FD0DF5CE6231465648FDF7D5FF17ED5E
:105B7000010A0DF60800FEF7BBFD53480DF60802BA
:105B80003146FDF7C9FF0DF6080231464F48FDF7D3
:105B9000C3FF28469FED4E0AFEF7AAFD4D482A4650
:105BA0003146FDF7B9FFD4E92A59002DD4E901287F
:105BB00094F878A240F30E83D4F80C63D4F8101351
:105BC000D4F81473731B5E42A1EB0500A7EB050C20
:105BD0005E4141424141DCF1000747EB0C0794F87C
:105BE000A402FDF727FF3C4B94F8B0401B68002C43
:105BF00000F0F482394CDFF804C1002B18BF644672
:105C0000CDE908344A9B0093CDE90670CDE90461E3
:105C1000CDE9029A3248019543460521FDF752FF2E
:105C20000DF5805D03B0BDEC028BBDE8F08F2D4B10
:105C300049938346FEF746BED4F890302A4A102195
:105C400068A808F053FCD4F89430274A10216CA8B7
:105C500008F04CFC94F89830244A082162A808F017
:105C600045FCFEF7B7BE224970A808F043FDFEF7D9
:105C7000BDBE204D1E4EFEF7C5BE1F4EFEF7C2BE76
:105C80000023BC4618464B93FEF71DBF7C2E01082F
:105C90001F2F01080000B443322F0108522F0108C2
:105CA0003C200020B52F0108E42F01082630010810
:105CB0004C20002076300108DE3001081331010845
:105CC000583101088C310108B0310108A6310108B2
:105CD00000000000D0310108943A0020553B010833
:105CE0003B3201082C070108710A0108750A0108F6
:105CF0005C0A01084F0A0108B03B0108533B010848
:105D00003AF8020F0DF5CE67FBF752FB0DF5D1689F
:105D1000142239460520FDF7D1FFB6EC010A142202
:105D200041460520FDF7CAFFCDE90678BAF80030F4
:105D30000593B4F8B220D6F8B438A34813449BB204
:105D4000CDE903534A9B0293A04B0193499B0093D7
:105D5000D4E901230521FDF7DFFE4B9B9C4801336D
:105D60004B9393F8743105934B9B1B780493BAF8CB
:105D7000883E0393D6F8843ECDE901534A9B0093B5
:105D8000D4E901230521FDF7C7FED4F89433002B95
:105D900052D0D4F8082395424EDA591942F6F472DB
:105DA0008F5C05F5BA7203EBC203D3E900890DF6E7
:105DB000084240464946FEF74CF940464946FBF743
:105DC00007FF14220DF608010520FDF777FFD4F830
:105DD00094C343F268100CEB0501D4E9012311F8D8
:105DE00000E001F53A510978032996BF79487748D0
:105DF00050F8210005F58B5110313CF811100B9132
:105E00000DF608010A910DF608410991C7F38001CA
:105E10000891C7F3400107914A9902916B4901919A
:105E200007F0010749990091CDE90507CDE9035E27
:105E300069480521FDF746FED4F89473002F63D01E
:105E4000D4F834339D425FDA002200230DF5CB6194
:105E5000C1E90023237B4FF4B472002B40F09580FE
:105E60004C9800235946FBF745F8EB004F93C317B6
:105E7000CDE900030DF5CB68CDF8088007EBC5012F
:105E8000D7E90023D1E90001FBF786FF00283BD0CA
:105E9000524FD7F89433EA0013440DF60809D3E9BA
:105EA00000014A46FEF7D5F80DF60842D8E9000190
:105EB000FEF7CFF8D8E90001FAF770FB484B002253
:105EC000FAF79AFB474B0022FAF796FBFAF764FEC3
:105ED000142200EE100A0DF5E9610520FDF7EEFE33
:105EE0000DF5E96306930DF60843CDE904934A9B4B
:105EF0000293364B0193499B03950093D7E9012305
:105F000039480521FDF708FED4F89413002932D052
:105F1000D4F830339D422EDA01EB850303F580532C
:105F20002944D3F84087D3F8109D42F60C53D4E9A6
:105F30000127C85CFDF77EFD42F698330990CB5CE3
:105F4000089342F624232948CB5C079342F6B0031A
:105F5000CB5C069342F23C73CB5C059342F2C85390
:105F6000CB5CCDE903934A9B0093CDE901583B46B6
:105F70000521FDF7D1FD4C9B13F5803305F101059B
:105F80004C934BF1000BFEF739BF4C980023594658
:105F9000FAF7B0FF404268E7002214461346FEF7C6
:105FA000C3BF13490DF5AD6008F0A4FB10490DF512
:105FB000B36008F09FFBFFF7DFB90D490DF5B06046
:105FC00008F098FBFFF7E4B9DA1801082407010884
:105FD00004190108C43C01082C190108D81000203C
:105FE000008076400000F03D1C1A01084A1A0108A2
:105FF0005C0A01084FF4B4730026CDF85C36784F84
:10600000CDF858660DF5CB634B934B9BD7F83423F3
:1060100053F8045B4B93954244DA724A02F1180438
:10602000002D08BF1446D7F8942302EBC50152F89F
:1060300035A0D1F804B00DF5CE6250465946FEF7B2
:1060400008F822780DF608490DF60808002A30D025
:10605000D4E904014246FDF7FCFFD4E90401B0EBAA
:106060000A004A4661EB0B01FDF7F3FFCDE90A890F
:106070000DF5CE63092209930892E2680792A2689F
:1060800006926268059222784A9B0293CDE90352F8
:10609000554B0193499B0093D7E9012353480521B0
:1060A000FDF710FD731C022B4FF00106ADD1FFF779
:1060B000C8B94F49404608F01DFB4D49484608F015
:1060C00019FBD3E74A490DF5CB6008F013FB4849AB
:1060D0000DF5CE6008F00EFB45490DF6080008F0FE
:1060E00009FB43490DF6084008F004FB40490DF553
:1060F000C26008F0FFFA3E490DF5C56008F0FAFAF3
:106100003B490DF5C86008F0F5FAFFF7EAB93949DF
:10611000FFF77CBA3849FFF779BA3548FFF75BBB20
:106120003148FFF758BB324EFFF762BB2E4EFFF7E8
:106130005FBBDFF8BCE0FFF76CBBDFF8ACE0FFF75C
:1061400068BBDFF8AC90FFF773BBDFF89C90FFF7FC
:106150006FBBBAF1000F18DB07EE907AB8EEE70AD2
:106160000DF6080020EE080A80EE080AFEF7C0FAD5
:106170004D9B284693ED000AFEF7BAFA1F482B46BE
:106180000DF608023146FDF7C7FC4D9B043301377D
:106190004D934AE49FED1A0A7BE49FED190A81E4CE
:1061A0009FED170A8EE49FED160A94E4D4F8603F41
:1061B000D4F8A86094F8A40294F87822F51AFDF7B0
:1061C00039FC21680346CDE900560E480131FDF740
:1061D000A3FCE8E400210E460F4600E5064C0FE55F
:1061E000D810002070140020240701087025010831
:1061F0005C0A0108680A0108533B0108902F010856
:1062000000000000FA3101082DE9F04F2DED0C8B54
:10621000ADF2F44DCDE924011C93364834920023AD
:106220002C93FDF779FC344B1C9A3448344C002AEB
:1062300008BF1846FDF794FC50B90A2323700023C9
:10624000139313980DF2F44DBDEC0C8BBDE8F08F59
:106250002C4B1A68013217921A60FDF7F5F978A8ED
:10626000FDF76AFAFDF702FA82A8FDF765FA82A83F
:10627000FDF7ECFB139028B90A2323482370FDF7A0
:106280004BFCDCE7FDF7DEF902F004FE1F4B269025
:106290001B781F935BB31E4B1B68C31A1C22002183
:1062A0005AA8279308F094F902F0F4FD0546FDF78B
:1062B000C3FADFED188A124B3090E2AF022638465F
:1062C000B0EE680AC7ED008A1E70FDF75BFA04465F
:1062D00020B302F0DFFD0024FDF7AEFA0323129392
:1062E000A1464D469FED0B8ADDF848902AE11F9BA1
:1062F000D4E700BF823301083F3301082833010887
:10630000983A00200409002094330108D4080020A2
:10631000D808002000000000CDCC4C3DD7ED009AFD
:1063200021962F46F4AEC6ED008A3046B0EE680ADC
:10633000FDF728FA12900028CBD196ED009A1FEDB8
:106340000A7AF0EEC97AF4EEC77AF1EE10FA40F16B
:106350004181013440F2F5139C4240F0538102F038
:1063600099FD431B3193FDF767FAC04B329003222E
:106370001A7002F08FFDBE4B129A1A60BD4B814617
:106380000DF58C601A60FDF7D7F9BDF87C4442F634
:10639000AB26B4FBF6F306FB1344A4B241F255530B
:1063A0009C4240F25D81351BB723B635B5FBF3F552
:1063B00028235D4306F0BCF9DFF8B8A2DFF8B0B2DD
:1063C00007464FF00108454580F06C81B7EE000AA2
:1063D0000020FDF73BF9C82006F0F7F902F05AFD5E
:1063E000A54CA64BA0EB090542F6B01200212046B1
:1063F0001D6008F0EDF8A24B002143F2E0221846A0
:1064000008F0E6F89F4A179B63604FF00008C2F857
:1064100000809D4AC4F894521368C4F8940301277D
:106420003B441360A360924B84F828731B68C4F844
:106430009832904B84F8C8731B68C4F89C3284F877
:10644000CB73FDF7F7F9A4F83002FDF7F1F9A4F8E2
:10645000320200EB40008CAEB840A4F83402834D09
:106460003046FBF736FBD6E9091206232B70F36A98
:10647000306ACDF8E480CDE94A23336B4C930DF5B7
:10648000D078736B4D93CDE948014346032240F227
:106490001D713046FBF72AFB04F29472814648A92D
:1064A0003046FDF789FD0523B9F1000F00F0268184
:1064B00084F8A49284F8D836FDF748FE6E4D012486
:1064C00082A86C73FDF7C2FA78AFA8730FCF05F1FD
:1064D00010060FC60FCF0FC697E8030086E803002B
:1064E00082AE0FCE05F138070FC70FCE0FC7319B15
:1064F0005B9396E80300219B5C93309B5F93CDED0B
:106500005D9A329B60935AAE87E803000FCE05F187
:1065100060070FC78DED5E9A96E8070087E80700D1
:1065200095F8B0301393B9F1000F7FF4DAAE002B79
:1065300001F04D8305F5776595ED008A38EE288AE0
:1065400000250124FDF780F8484B08221A7002F05C
:10655000A1FC4E4B18604E4B01221A70269BC01AAC
:106560007CB3454B249ADA67259AC3F88020349A85
:10657000C3F884200A22C3F888201C9A83F88C2050
:1065800082F0010283F88D209DF8482583F88E2043
:106590009DF84C2583F88F203E4AC3F89020DDF803
:1065A0005025C3F894209DF8542583F89820279A05
:1065B000C3F8A0201F9AC3F89C0083F8A420FEF71C
:1065C00069F9B9F1010F41F00683284B32480A22DC
:1065D0001A7054E69DEDE27AB0EEC77A77EEC77A8C
:1065E0009FED2E7AF4EEC77AF1EE10FA09DD02F093
:1065F00051FCFDF721F9DDF84890012312934C4638
:106600006FE6129C02F046FCC31BB3F5FA7F80468E
:1066100011D396ED000A0DF58C60FEF769F8FDF7D1
:106620000BF94FF4FA73009022461D480DF58C616A
:10663000FDF772FA4746219B01332193A8EB050829
:1066400044F61F63984507D902F024FC4FF0000977
:10665000FDF7F2F80223D1E7022006F0B6F862E671
:106660000CB926469FE6129E25469DE6983A0020E4
:106670008C3A0020883A0020D8100020903A002060
:1066800000000010943A002000090020D8080020E3
:10669000D4080020C0D40100133401080000B44223
:1066A000D5330108B8F1010F0AD006F041F80137DF
:1066B0003B1A002B17DD384606F093F845451BD0F2
:1066C0002B46424631462046FDF79CFCB7EE000AB9
:1066D00080B2FCF7BBFFDBF800300133CBF80030B1
:1066E00008F101086FE6C01B0028C2BFDAF80030CD
:1066F0000133CAF80030E1E73046E7E72B70D6E90E
:106700000931326A84F8D976F76ACDE94E23CDE9AA
:106710005017336B5293ACAF736B5393CDE9009723
:10672000D8E90223FDF704FB04F5E362804684F810
:10673000DC064EA93046FDF73FFCB8F1000F11D042
:10674000B8F1030F14BF0223052384F8D836FDF7F0
:10675000FDFCB8F1030F7FF4B1AE97F8019084F817
:10676000A492ABE63B6910937B69149304232B70CE
:1067700002F090FBD6E909751B90D6E90B01726B0C
:10678000366ADFF890A2CDF85490CDE956509C4D72
:10679000CDE95467CDE958124E464F464A469046D9
:1067A00000234FF4B47228463146FAF7A3FBA0EB5E
:1067B0000808B8F1000F024607D0CCBF01214FF006
:1067C000FF310FB18F4226D10F4600230DF50C7813
:1067D000CDE90033CDF8603439A90DF58C6340461E
:1067E0001692FDF7B5FF159ADDF860341A4415923C
:1067F0008346169AA8B1834A54A94046FDF7DCFBAC
:10680000A2F67802052382F8A4B282F8D836D946D7
:10681000FDF79CFC52E6D4F800380133C4F8003888
:10682000D2E715F5803546F10006864208BF55458A
:10683000B5D1744E744C324654A94046FDF7BCFBAA
:1068400010990523237042F6AB23CB181693149BA3
:10685000D8F82010429143F10003D8F8241018937F
:10686000D8F82830CDE94313D8F82C304593A6F654
:106870007805D8F8303046930122D8F8343085F8BE
:1068800078270DF53E7ACDE9002A4793169A189B92
:10689000FDF74EFAA6F5B072834685F8790742A94E
:1068A0004046FDF789FBBBF1000F11D0BBF1030F90
:1068B00014BF0723052385F8D836FDF747FCBBF145
:1068C000030F7FF4FBAD9AF8019085F8A492F5E5EB
:1068D000DAF810301993DAF814301A9342F6AB2232
:1068E000002346E93223109A199B149947489B1AB2
:1068F0001A9AC5F8B83762EB01021B18C5F8BC2715
:1069000062F1000246F8B83CC5F8C42702F0C2FAAA
:106910001B9BC01AC5F8C80702F0BCFA012F4FF044
:106920000403237008BFD5F800381D908CAC08BF55
:106930000133D4E9091208BFC5F80038D4E90B3592
:10694000206A666BCDE956230023CDE95401CDE9D9
:1069500000333A9342F6F5123AAB39A92046CDE915
:106960005856FDF7F5FE2A4E0746324654A92046F2
:10697000FDF722FBA6F5096547B1052385F8A4724A
:1069800085F8D836B946FDF7E1FB97E51E4F216A39
:106990004FF005033B70D4E909234493E36A459320
:1069A000236B4693636B4793109BCDE9421242F6EB
:1069B000F5129A18149B4FF0010B0DF5507A85F8DB
:1069C00074B843F10003CDE900BAFDF7B1F9A6F5BB
:1069D000BC72804685F8750842A92046FDF7ECFA9E
:1069E000B8F1000F18D0B8F1030F14BF032305232B
:1069F00085F8D836FDF7AAFBB8F1030F61E700BFB1
:106A0000B400010050190020983A002055D5FFFF2E
:106A100068190020B4003D00DAF810301B93DAF852
:106A200014301E936FF0B5024FF0FF33C6E9062312
:106A3000199A1B9B1A999B1A1E9A62EB0102C6E9CE
:106A40000832B63342F10002C6E90A3202F022FAF5
:106A50001D9BC01A736AC5F8C008DB0F85F8EA36BB
:106A600002F018FA04233B70D5F80038199001336E
:106A7000C5F80038D4E90923E06A216ACDF8EC8032
:106A8000CDE95630236B5893636B599328230DF14E
:106A9000EC0A019306F5C073CDE95412009342F657
:106AA000AB22534639A92046FDF752FEA6F5A47243
:106AB000804654A92046FDF77FFADDF8ECA0C5F822
:106AC000E4A685F808AAB8F1000F09D04FF0050335
:106AD00085F8A48285F8D836C146FDF737FBEDE48A
:106AE0004FF005033B70D4E90923E76A216A85F872
:106AF000DBB6CDE94437236B46930DF56278636BC3
:106B00004793CDE94212189B169ACDE900B8FDF7DC
:106B10000FF9A6F2A452074685F8DE0642A92046E0
:106B2000FDF74AFAA6F5987242A9FDF745FA6FB14A
:106B3000032F14BF0423052385F8D836FDF706FB81
:106B4000032F7FF4BBAC98F80190BEE6D8F8103064
:106B500016930DF5647CD8F814301D93BCE80F0033
:106B600068AC0FC49CE80F0084E80F00482241463F
:106B70009AA807F0C7FD85F8D8B602F08BF9199BE3
:106B8000B622C01A002346E930231B9A169BC5F88B
:106B9000E8079B1ADDE91D2162EB010246E92E326E
:106BA000B63B42F1FF3246E92C32109A169B1499FB
:106BB0009B1A1D9A62EB0102C24946E928325B1812
:106BC00062F1000246E92632159BB3F5166F06D135
:106BD0003A9B282B03D1AAF1280047424741BA4AE1
:106BE000D2F82417D2F82037D2F8B00782F8E97625
:106BF0000B43D2F828170B43D2F82C170B43D2F8CB
:106C000080180B43D2F884180B43D2F888180B4332
:106C1000D2F88C180B43D2F898180B43D2F89C1872
:106C20000B43D2F8A0180B43D2F8A4180B43D2F8A8
:106C300050170B43D2F854170B43D2F858170B4395
:106C4000D2F85C170B43D2F868170B43D2F86C17D5
:106C50000B43D2F870170B43D2F874170B43D2F8DA
:106C6000B417B3FA83F301284FEA531371F100010B
:106C700082F8EB36C0F20E82D2F8AC18002980F20E
:106C80000982D2F80028022A40F004823B40DFF853
:106C90003882BDF8A00188F8EC36A8F8B200FCF7FD
:106CA000BFFD1D99A8F8B4001698DFED88AADFEDA6
:106CB00088BA9FED88DAFAF78BFF8CAD169BC8F87F
:106CC000BC300FCD70AC0FC495E80F0084E80F0006
:106CD00098F828331893402160230024CDE96313EA
:106CE00044F6206002236593B0EE40AA88ED2E0A98
:106CF0008DF884416294FAF74DFE40F21D7367935C
:106D000008F53A63239308F68873159303F2CE537C
:106D10002E93714B1A93714B229308F688731B9331
:106D20006F4B66903C941E9310942A942B94B0EE73
:106D30006ABA1494A3469DF8A83233B1624AD2F8D5
:106D40000C330133C2F80C3301239DF8A9223AB168
:106D50005D49D1F81023013243F00203C1F810233A
:106D60009DF8AA223AB15849D1F81423013243F0D0
:106D70000403C1F814239DF86852012D40F08C8162
:106D8000D8F818230132C8F81823DDE9A864002CCC
:106D90003246274602DA724264EB4407D8E9C8015A
:106DA0009042B94138BFC8E9C827D8F80823013252
:106DB000C8F80823D8F89423F2B10BF5BA7102EBA6
:106DC000C101C1E90064A49C4FF6FF700BF58B5123
:106DD0001031A04228BF204622F811005A4402F583
:106DE0003A510D7042F6F4715354149943F26813FA
:106DF000FF2928BFFF21D154DDE99E34CDE9283495
:106E0000189B03B3BBF1000F1DD000220023CDE976
:106E1000F423F4AB0093A09ABDF8701240F21D73F6
:106E200070A8FAF7E6FB044668B1902200210DF540
:106E30008C6007F0CDFB22460DF58C615846FDF7BE
:106E400027FA00231893274B9FED208A06221A70F9
:106E5000402468AD2B46032240F21D718CA8FAF73E
:106E600045FE8246002840F02A81D5E90201FAF762
:106E7000AFFE013C38EE008AECD107EE90BA9FEDF0
:106E80001A7A3C9B1493F8EEE77A184667EE877AF5
:106E9000D917C7EE87DAFAF79BFE2B46032240F29A
:106EA0001D718CA89FED117AF0EE4A7AD8EE077A20
:106EB00030EE678AFAF71AFE8246002840F0FF801B
:106EC00016E000BF55D5FFFFD810002000000000DD
:106ED000286B6E4E286B6ECE9F3700202E2600202A
:106EE000B4000100983A00200000B4430000803C48
:106EF0002D882846FAF75CFA1B9B149AA3EC018AAA
:106F00001B93229B1B9923F8025F22931B9BC3F8C0
:106F1000B4286C9AC1F8842E2299BDF8B821A1F842
:106F2000882E1A999DF8BD2101F8012FB4EEC8DA18
:106F30009DF8BE3181F87431F1EE10FA189B48BF0C
:106F40002B95F4EEC8BA44BFB0EE40BAB0EE48DAC2
:106F5000F1EE10FAC2BF2A95F0EE40AAF0EE48BA60
:106F60001A91002B00F0FC81BBF1000F00F09C8017
:106F7000BBF5B47F00F09880002300200021CDE90C
:106F80000134F4AD61ABCDE9040100930695DDE970
:106F9000282370A8FBF7B2F929460746024658464F
:106FA000FDF776F9002F40F05B82D34C94F8C8339C
:106FB000002B00F0D581BBF5B47F40F0D1810126D4
:106FC00084F8C96384F8CB7301F064FF3022199010
:106FD000394604F5767007F0FBFA149BC4F8E833E1
:106FE0009022294604F5816084F8D86307F08AFB73
:106FF000D4F8D0333344C4F8D0339DF8D033002BC9
:1070000056D004F57C7302934FF480320023CDE90F
:107010000023D4E9DA23D5E90C01FAF7BDFE0028F4
:1070200000F0FF80DDE9FA10DDE9FC325B1A62EB6B
:107030000002C4E9FE32DDF81014DDF81834DDF882
:107040001C24DDF8140484F8D9635B1AC4F80034F6
:10705000D4F8D4339FEDA6CB334462EB0002C4F8DE
:10706000D433A64BC4F804242D9304F596652D9BC8
:1070700053F8042F2D93199B20929F1801F00AFFBB
:10708000199B209AC31A9A4240F2CD80381A05F013
:107090009CFBF3E70023FAE5022D02BFD8F81C237E
:1070A0000132C8F81C2370E6954B4024092065E79F
:1070B0003346914A82F8DA3382F8CC339A468E4CC2
:1070C000D4F81423D4F80833D4F8EC52C4F8A8B098
:1070D0009B1AC4F8603F04F6647383ED00BA04F6AB
:1070E0006873C3ED00AA2B9BA4F86C3F2A9BA4F8FD
:1070F0006E3FDDE99473C4E9AF73D4F8D43284F8F9
:10710000A4A22B44D4F81857FB1A5B1BD4F83057B1
:107110005B1BD4F848575D1BD4F87C37ED1AD4F8C4
:107120007838DDE99812DDE99660ED1AD4F89038E8
:10713000ED1AC4E9B312C4E9B160C4F8A852D4F896
:10714000DC52D4F8F4322B44D4F82057F31A5B1BEA
:10715000D4F838575B1BD4F850575D1BD4F88437EC
:10716000ED1AD4F88038ED1AD4F89838ED1AC4F82E
:10717000AC52D4F8E032D4F8F8522B44D4F8245767
:10718000C31A5B1BD4F83C57D4F884085B1BD4F8B3
:1071900054575B1BD4F888575B1B1B1AD4F89C0808
:1071A0001B1AC4F8B032D4F8FC02D4F8E432034419
:1071B000CB1AD4F828175B1AD4F840175B1AD4F806
:1071C00058175B1AD4F88C175B1AD4F888185B1A16
:1071D000D4F8A0185B1AC4F8B432D4F80013D4F869
:1071E000E8320B44D31AD4F82C279B1AD4F844273E
:1071F0009B1AD4F85C279B1AD4F890279B1AD4F8D2
:107200008C289B1AD4F8A4289B1AC4F8B832BAF177
:10721000000F00F04B81002384F8B030D146FFF717
:107220004DB9092345E701F035FE199BC31A339385
:107230000DF58C630027069361ABCDE901770093D0
:107240008DED04CBDDE9282370A8FBF757F82F90CC
:1072500001F020FE39463590C022A5F1180007F054
:10726000B7F92F9B05F8163C209B45F8143C339B3F
:10727000199A45F8103C359B9B1A012745F80C3CA0
:10728000149B45F8083C05F8187C90220DF58C619C
:1072900005F1180007F036FAD4F8D0333B44C4F8AF
:1072A000D0332F9B23B99DF860343BB905F8167C89
:1072B00015F8163C002B46D00F4AFDE64FF48032FD
:1072C0000023CDE9002302950DF59261D4E9DA237C
:1072D000D1E90001FAF760FDA0B9C02303FB064322
:1072E000092683F8DA633346E6E700BFAFF3008090
:1072F0000000000000000000D81000201C3D010824
:1073000008090020DDF87834DDF88024DDF87C14ED
:1073100005F8177CD21ADDF8843463EB0103C5E964
:107320000223DDF8A824DDF8A034DDF8A414D31A74
:10733000DDF8AC2462EB0102C5E90432D4F8D433A1
:107340000133C4F8D4330136042E05F1C0057FF4AF
:107350008EAE504B012283F8CA23002283F8CC233F
:10736000949ADFED4D7A1492DDE99542F4EEE7DA76
:10737000F1EE10FADDE99776999D19920BF1010B68
:10738000BFF69DAE1E9810994FF4B4720023F9F722
:10739000B1FD424BCDF87454BBF1030F4FF0040123
:1073A0001970F4ADD8BF2399149BCDF86034024610
:1073B000199BCDF86834CCBF00214FF0280A4FF05C
:1073C0000000D4BF2B460B462860CDE9001A8CA8DC
:1073D0003CA9CDF86C74CDF87064CDF86444FDF729
:1073E000B7F9BBF1030FDEBF1A9B2A68A3F5D95387
:1073F0008CADD8BF03F80E2C8246294A0DF58C615E
:107400002846FCF7D9FDDDE994E3DDE996C7DDE91F
:107410009862BAF1000F7FF452AE191B14911F4904
:1074200005240C70CDE942E3CDE946623C9B169AF7
:10743000012100911D999A189AAE41EBE3730196D0
:10744000CDE944C7FCF774FC42AC0746154A214617
:107450002846FCF7B1FD032F05D19DF869A22EE661
:10746000002318937CE7239B03F5A07323931E9BB3
:1074700013F580331E93109B1E9A43F10003109363
:107480001099094B514508BF9A427FF454AC4FF410
:10749000BA7B14E6D81000200000B943983A0020C7
:1074A000AC130020C4130020B4007501D84B072290
:1074B0001A7001F0EFFCBBF5B47F5B46A8BF4FF438
:1074C000B473BBF5B47F1090C4F8AC30C0F2BB818C
:1074D000D4F80823934540F0B681D4F81463A6EBA2
:1074E0000B0256425641159ADFEDD47A0024A3428E
:1074F00040F0AB81BBF1000F00F0AD8107EE104A08
:10750000B8EEC77A87EE878AC24B159A9FEDCBAA51
:1075100083ED308AB0EE4A7A00239C4240F09E818F
:10752000BBF1000F00F0AB8107EE904AB8EEE70A1E
:1075300087EE000A07F06EFDDFEDB77AB4EEE70ADA
:10754000F1EE10FA40F3A081CAEE007AB14BDFF8F9
:10755000D082002783ED310AC3ED9A7AAD4D18F839
:10756000012B05F1C8033B44B0EE480A214605F65D
:1075700088701837FCF794FCB7F5907FEED105F5CD
:10758000F4730422B0EE480A214605F68870FCF731
:1075900087FC082205F50073B0EE480A214605F67F
:1075A0008870FCF77DFCB5F834221AB1B4EB420FB9
:1075B00000F26D81974B002283F83622954BD3ED74
:1075C000357A93F8C82083F83722C3ED8E7A0022EB
:1075D000012395ED3B7AB4EEE77AF1EE10FAC4BFE1
:1075E00095F8E0202C9203F10103C4BF139AF0EE4A
:1075F000477A0C2B05F11805EBD1864B22B12C9A5A
:10760000C3ED8E7A83F83722DFED837A93ED31AACA
:10761000804DB4EEE7AAF1EE10FAC9BF93ED8E7A71
:107620009FED867AF6EE007A67EE277AC4BF6AEE9F
:107630000A6A67EE877A4FF00607C8BF87EEA67A18
:10764000012237A920468DF8DC700DF1F408B0EE68
:10765000480A85ED8F7AFCF711FF242385ED900A07
:10766000012238A92046B0EE480A8DF8E030FCF738
:1076700005FF3B4685ED910A684AF0EE4A0AB0EEF6
:10768000480A21464046FCF767FF3D9BC5F8483253
:107690003E9BC5F84C323F9BC5F850329DF80131F6
:1076A0000BB19DF8003185F85432F4AF0C235C4ADD
:1076B000F0EE4A0AB0EE480A21463846FCF74CFF85
:1076C000F49BC5F85832F59BC5F85C32F69BC5F8BB
:1076D00060329DF8DD330BB19DF8DC334D4ADFF8A5
:1076E0004881159982F86432424600239C4240F05A
:1076F000DB802046FCF78EFE07EE904A9FED490A9C
:10770000B8EEE78A28EE000A07F048FEBDEEC00A90
:10771000DFED4A7A3F4A10EE103A013B9C42D8BF57
:1077200004F1FF33BBF1000F00F0C8803E4923EAAB
:10773000E37301EB83031B68C2F86C320023159AD4
:107740000133B2EC017A9C42E7EE077A1592F6DC3F
:1077500087EE880A07F05EFC334D3449A7003A46AD
:107760002846B0EE408A06F0CDFF2046FCF752FED8
:107770009FED327A052C234607EB0502A8BF0523AF
:10778000F0EE476A0021F5EC017A013176EEA76A46
:1077900072ED017A8B4237EE277AF4D107EE903AF8
:1077A000F8EEE77A224B9FED235A87EE276A1F44B3
:1077B000611E043386EEA77AD3ED007AD7ED006A16
:1077C00076EEE76A07EE901A36EE476AF8EEE75A69
:1077D000B6EE007AF0EE477AE5EE857A9FED165A1E
:1077E000A5EE857AFDEEE77ABDEEC77A17EE902A10
:1077F00017EE100A22EAE2728442C8BF014603EB88
:10780000820203EB8103D2ED005A93ED007A17E078
:10781000983A0020D8100020BD378635503D010829
:10782000563D0108A4707D3F080B00206020002019
:10783000040B0020CDCC4C3D3333733F00000000DF
:1078400077EE657A46E056464DE6B2EC017A0134B1
:1078500077EE877A4BE61FED078A55E6F2EC017A60
:1078600077EEC87A0133A7EEA77AF0EEE77AF4EE66
:10787000CA7AF1EE10FAC8BFB0EE67AA4DE61FED66
:10788000110AF0EE407A61E65FED147A5EE60123BC
:1078900085F83632B0EE480A05F50673214605F63E
:1078A0008870FCF7FDFA89E6F1EC017A77EEC87A88
:1078B0000133F0EEE77AE2EC017A17E7C2ED9B7A4A
:1078C000B0EE677AF0EE675AB0EE678AF0EE676A5C
:1078D000B0EE676AD04C9FEDD1AA9FEDD1BA84ED8E
:1078E000028A2346A3EC016AC4ED035A84ED047AAC
:1078F000C4ED057A04F6CC05C3ED006A0027F0EE6E
:107900004AAAA4F57764BB455BD1BBF1000F00F038
:107910008B8007EE90BAB8EEE70A8AEE800A07F08D
:1079200079FB84ED9C0A84ED9DAABBF1000F11D078
:10793000F2EE0E7AB4EEE70AF1EE10FA77D8F3EE33
:107940000E7AB4EEE7AAF1EE10FA94BF4FF0010BF5
:107950004FF0000BB34C0BF0010384F878320BEAC4
:10796000060384F8B03001F095FA109BC01AC4F8F1
:10797000A00201F08FFA0023A4F82A3394F82833E8
:107980008246ABB194F8293393B1D4F894337BB1E8
:1079900094F82C6366B9D4F83413D4F8A820914233
:1079A00006D1D4F8AC20002A02DDB1F5B47F41DC69
:1079B00001F070FA9B4BA0EB0A00C3F86403FEF7DA
:1079C0007DBD2E9B33F8020F2E93F9F7F1FC55F88D
:1079D000040FB4F8B230184480B2B0EE408AF9F720
:1079E000E7FCDFED917A38EE400AB4EEE70AF1EEFB
:1079F00010FA13DCDFED8D7AB4EEE70AF1EE10FA3F
:107A00000FD4E0EE00AA0137B0EEC00AB4EECA0A05
:107A1000F1EE10FAC8BFB0EE40AA74E730EE4B0AA0
:107A2000E3E730EE0B0AE7E79FED7C0A79E74FF0DA
:107A3000000B8FE7D3E90023C4E9DA23DFF8F8B1BC
:107A40009FED7B8ADFED7BAA9FED74AAB4253746B4
:107A5000D4F834339F424CDBD4F8AC509FED6F7AAE
:107A6000C4F8385307EE905AB8EEE70A00238AEEBE
:107A700000BA84EDDEBA9D4200F3A18087EE000AD1
:107A800007F0C8FA674C6C480DF58C632422294630
:107A9000B0EE40AA84EDDF0AB0EE4B0AFCF700FA24
:107AA000D4ED317A77EECA7A0DF26C4393ED007A19
:107AB000C4EDE37AD4ED657A84EDE07A77EEC77AA7
:107AC0009FED5E7AC4EDE47AD4EDE27AF0EEE77AE7
:107AD000F4EEC77AF1EE10FA94BF0123002338EEDA
:107AE0006A8A84F82B33012384EDE18A84F82A33EF
:107AF0001FE00DF58C6100220023C1E90023D4F8BA
:107B00009433029103EBC70310934FF4B472002334
:107B100028463146F9F7EEF9CDE900011099D4E98C
:107B2000DA23D1E90001FAF737F950B9092384F8CB
:107B30002C3301F0AFF9A0EB0A00C4F86403FEF7A0
:107B4000BDBC0DF58C63D3E9002310461946CDE981
:107B50001023F8F723FD3A4B0022F8F74DFD394B7F
:107B60000022F8F749FDF9F717F8D4F8AC309F4236
:107B700007EE900A11DAF4EEE7AAF1EE10FAF4EE4D
:107B8000C87AC8BFF0EE67AA3AEE27AAF1EE10FA5B
:107B9000CBF80000C8BFB0EE678AB7F5B47F02BF6C
:107BA000DDE91023C4EDE27AC4E9DC2315F5803564
:107BB00007F101070BF1040B46F1000648E7F8EC6A
:107BC000017A77EECB7A0133A7EEA77A53E79FEDE0
:107BD000138AFEF7B5BCB9F1020F09D11A4B1B4845
:107BE0000A221A7044F62061FBF796FFFEF727BBC6
:107BF000B9F1030F05D1144B15480A221A70FEF78C
:107C00003EBB4DB3104B0A2228461A70FBF712FFF9
:107C100001461048E8E700BF4820002000000000AF
:107C20000000B443D810002000003443000034C3E7
:107C3000286B6ECE286B6E4E080B0020CDCC4C3ED0
:107C4000008076400000F03D983A0020283401087A
:107C50006B340108AA340108139B2BB9504B5148CF
:107C60000A221A70FEF70BBB1C9B002B00F08280CF
:107C7000FBF7BCFE002874D0C7684B4C94F87852D0
:107C8000002D70D094F82B53002D6ED094F8A432B0
:107C9000002B6CD1454E0125454B0DF52C7893ED0D
:107CA000000A41460DF53E7914220520FCF706F83E
:107CB0000DF5507A94ED350A494614220520FBF75C
:107CC000FDFF0DF5627B94ED360A51461422022029
:107CD000FBF7F4FF94ED3B0A594614220520FBF70D
:107CE000EDFFF4AB194694ED3C0A14220220FBF799
:107CF000E5FF94EDE20A0DF58C6114220520FBF7F7
:107D0000DDFF94F8A402FBF795FE0022CDE90B05F8
:107D1000CDE90D6294F82B230A92F4AB94F8782203
:107D20000992CDE906B3234B2348CDF80C80CDE969
:107D300001730DF58C61179B08910093CDE9049AAE
:107D4000DDE924230521FBF7BDFE1C4B0193179BA6
:107D500000931B48DDE924230521FBF7B3FEFEF762
:107D600070BA184F89E7184E96E7184E94E7184EE8
:107D7000002591E7B0EE480A0DF58C60FCF7B8FCE1
:107D80000DF58C611348FBF7C7FE13480DF58C61A8
:107D9000FBF7C2FE1148FBF7BFFEFEF752BA00BF69
:107DA000983A0020DE340108D8100020770401083A
:107DB000482000202407010821350108D8100108B7
:107DC000793601082C0701084F3301086033010898
:107DD00070330108163701080C3701083B370108DA
:107DE0002DE9F04FDFF85081424F98F80030DFF86E
:107DF0004C913C68DFF848B1DFF848A13E4E89B0AD
:107E0000012C0393D9F8003002939BF800300193C2
:107E10009AF800300093254638BF0125013D012C1A
:107E20008CBF002301232A4630682146FEF7ECF977
:107E300000233A688BF80030304F90B903233B7031
:107E40002F4B30480A2119702F49304B012C98BF15
:107E50000B46009331682B46FBF75EFE09B0BDE888
:107E6000F08F012C06D82A490B6801330B600123DF
:107E70008AF800300A2A1ED9264B1B7804ACABB115
:107E80009FED250A102221460520FBF717FF03234B
:107E90003B701F4B02941B6801930B2300933168C6
:107EA0001E480A230122FBF70DFED7E71C49204696
:107EB00006F020FCEBE71B4B1B4819681B4B1960B5
:107EC0000023C9F8003088F8003002233B700C4BC7
:107ED000092119700C490D4B012C98BF0B46144910
:107EE00002911449CDE900312B463168FBF714FEAD
:107EF000B4E700BFF0080020F4080020FC080020D0
:107F0000983A0020473701084F0A01085F0A010824
:107F1000E0080020DC080020000000009037010885
:107F20005C0A0108D808002039380108EC08002054
:107F3000C7100108C0D40100E6080020E8080020AE
:107F4000E5080020E40800202DE9F04F5C4E5D4F6D
:107F5000DFF8B8A15C4DDFF8B89187B0FBF774FB90
:107F600001235A483370FBF7FBFD00233B7033704D
:107F70000022DAF800008DF8132064230DF11301BC
:107F800004F0C5FC0446C8B99DF81380B8F1010F90
:107F900014D105A886F80080F9F7E8FA00285DD129
:107FA0000A2333709DF8173000939DF815209DF833
:107FB00016309DF814104648FBF7AEFD2B78022BC7
:107FC0002FD1DFF85081D8F800B000F063FF414BAB
:107FD000A0EB0B00984224D900F05CFFD8F80030E9
:107FE0003D49C01A3D4B1860A0F5EA33C03BB3F5DC
:107FF000967F3B4B94BF012200221A700A6802F15F
:10800000010356D9032129700A2131704FF496716A
:10801000CDE9010133490091334934480968FBF740
:108020007BFD2B78032B03D0002CA1D1002B9FD1FB
:1080300000242C70FBF708FB204605F05FFD83460B
:1080400006F048FA804606F04BFA5B460246414687
:108050002748FBF761FD3C70347089E72B78013BC2
:10806000012BABD9D9F800101F4B1E4A214885F8C7
:10807000008001311960184BC9F80010C3F8008066
:108080001D4B1C701D4B83F80080144B1C60144B5F
:108090001C701B4B1C601B4B1C700B23CDE9013269
:1080A0000A23194A00934346FBF70CFDFFF798FE9D
:1080B00084E70B6001232B70FFF792FEB1E700BF4E
:1080C000983A0020993A0020FC080020A3380108C3
:1080D000AE380108BFD40100F0080020E8080020F5
:1080E000E6080020C0D40100F40800207E39010811
:1080F0000D3A0108F9380108E4080020E5080020DD
:10810000E0080020DC080020D8100108A03A002078
:10811000F8080020EC0800202DE9F047204E3368D5
:108120009BBBDFF89890D9F8004074BB1D4D1E4FE3
:10813000B620A0468246214628464FF4B47200235A
:10814000F8F7D8FEA0EB0A0A15F58035AAF1B60AB1
:1081500044F10004BAF1010F17D8444508BFBD42ED
:10816000E8D101210022084604F065FB306060B1CF
:108170000E4A0F48002104F0E2FA0446C9F8000054
:1081800030B9306804F0F3FB34600020BDE8F087BC
:10819000084B01201870084B83F80080F6E700BFF9
:1081A000A03A0020B4000200B40073012C3D010885
:1081B000497F0008993A0020983A00209C3A002014
:1081C0000C4B73B5186880B10B4D2B7803F0FF068C
:1081D0005BB90124334632460DF107012C708DF84E
:1081E000074004F063FB18B12E70002002B070BD90
:1081F0002046FBE7A03A0020993A0020014B18786E
:10820000704700BF993A002028B10023C361036280
:1082100043628362C362704770B40C46064658B12D
:1082200051B105460FCC0FC594E8070085E807005B
:10823000304670BCFFF7E8BF70BC704700287DD0A7
:10824000D0ED017AD0ED076A90ED026A90ED007AE8
:10825000E7EE806AD0ED037AF4EEE76AF1EE10FA09
:10826000C8BFF0EE676AF1EE677AF4EEE67AF1EEF7
:1082700010FAD8BFF0EE667AD0ED086AC0ED077A42
:1082800070EE666A20EE077A66EE866A90ED056A01
:10829000B5EEC06AF1EE10FA43D4F7EE005AB4EE30
:1082A000E56AF1EE10FAD8BFF0EE465A90ED0A6A90
:1082B00080ED080A76EEC66A37EE277AA6EEA56A42
:1082C000D0ED047A80ED0A6A37EE067AB4EEE77AEA
:1082D000F1EE10FAC8BFB0EE677AF1EE677AF4EE0D
:1082E000C77AF1EE10FAD8BFF0EE477A90ED067A31
:1082F000B5EEC07AF1EE10FA0ADDD0ED0B6A37EE7A
:10830000E66AB4EEC67AF1EE10FA0DD576EE877A0B
:1083100090ED090AC0ED0B7A30EE670A80ED090A8C
:108320007047DFED085AC1E7F1EE475AF4EEC65A3E
:10833000F1EE10FAC8BF76EEC77AE9E79FED010AC1
:10834000704700BF0000000010B190ED090A7047AF
:108350009FED010A704700BF00000000F0B59B4D83
:108360000FCDB1B001AC0FC495E8070001AF84E8B0
:1083700007000FCF24AE0FC694E80700B0EE000A46
:10838000002486E8070024A82C942D942E942B9486
:108390002F94FFF753FFF0EE401ABFEE000AFFF7ED
:1083A0004DFF05F10C0CBCE80F0008AF0FC79CE8AF
:1083B00007000DF1200E87E80700BEE80F000DF161
:1083C000900CACE80F0097E80700B0EE402A86E872
:1083D0000700B7EE000A24A82C942D942E942B9419
:1083E0002F94FFF72BFF05F1280CBCE80F000FAF0F
:1083F0000FC79CE807000DF13C0E87E80700BEE8B8
:108400000F000DF1900CACE80F0097E80700F0EEBC
:10841000402A86E80700B0EE000A24A82C942D9488
:108420002E942B942F94FFF709FFB0EE403AB0EE54
:10843000000AFFF703FF05F1440CBCE80F0016AF7C
:108440000FC79CE807000DF1580E87E80700BEE84B
:108450000F000DF1900CACE80F0097E80700F0EE6C
:10846000403A86E80700B1EE000A24A89DED2B1AD9
:108470002C942D942E942B942F94FFF7DFFE6035CF
:10848000B0EE404AB1EE000AFFF7D8FE0FCD1DAFA7
:108490000FC795E807000DF1740C87E80700BCE8EA
:1084A0000F0024AD0FC597E80700F0EE404A86E8BC
:1084B0000700B0EE000A24A82C942D942E942B943F
:1084C0002F94FFF7BBFEB0EE405AB0EE000AFFF764
:1084D000B5FEF0EE007A71EEA71ADFED3D7AF0EE10
:1084E000E11AF4EEE71AF1EE10FA6DD5B7EE007A64
:1084F00032EE072AB0EEC22AB4EEE72AF1EE10FA05
:1085000062D5B1EE047A72EE872AF0EEE22AF4EE3A
:10851000E72AF1EE10FA57D5B0EE087A33EE073AB3
:10852000B0EEC33AB4EEE73AF1EE10FA4CD5F1EE04
:10853000086A73EEA63AF0EEE33AF4EEE73AF1EEAB
:1085400010FA41D531EE471AB0EEC11AB4EEE71A6F
:10855000F1EE10FA38D5B1EE006A34EE064AB0EE0C
:10856000C44AB4EEE74AF1EE10FA2DD5B1EE0C6A2A
:1085700074EE864AF0EEE44AF4EEE74AF1EE10FAC1
:1085800022D535EE075AB0EEC55AB4EEE75AF1EEF1
:1085900010FA19D5B2EE027A30EE070AB0EEC00A30
:1085A000B4EEE70AF1EE10FA0ED59DED2F7A37EE14
:1085B000667AB0EEC77AB4EEE77AF1EE10FA4CBF05
:1085C0000120002031B0F0BD0020FBE7740301085A
:1085D00017B7D13882B00E4B00220092596C41F48B
:1085E00080415964596C01F48041009100990192D5
:1085F000196C41F0805119641B6C03F08053019396
:10860000019B0F216FF0010002B000F025BE00BFFA
:108610000038024070B5064688B01422002103A835
:1086200005F0D6FF3268244B9A4242D103F58C33D1
:10863000002501955A6C2148214C42F480725A64FD
:108640005A6C02F480720192019A02951A6B42F000
:1086500001021A631B6B03F001030293029B1222B7
:10866000032303A9CDE9032301F016F8154B4FF4BA
:108670008061C4E900354FF400634FF40050C4E951
:1086800004134FF48073C4E906032046C4E902557D
:10869000C4E9085500F036FE08B1FAF79DFCB46352
:1086A000122000220521A66300F0D6FD122000F062
:1086B00005FE08B070BD00BF002001400000024070
:1086C000B80700201064024070B514228AB0064634
:1086D00000210DEB020005F07BFF33683C4A93421A
:1086E00025D13C4C3C4800250195236B43F0020307
:1086F0002363236B03F002030193019B4FF4C076C5
:108700001223CDE905634FF0030C042305A9CDE93D
:1087100008C300F0C1FF0295236C43F400132364E7
:10872000236C03F400130293029B0AB070BD2B4A22
:108730009342FAD1274C284800250395236B43F038
:1087400002032363236B03F002030393039B4FF4A1
:1087500040621223CDE905230123079305A90423D1
:10876000099300F099FF0495236C1D4843F480039E
:108770002364236C1B4C03F480030493049B4FF08D
:108780006063C4E900034023C4E9023520464FF486
:108790008063C4E90435C4E90655C4E9085500F00E
:1087A000B1FD08B1FAF718FC7463002205212120FD
:1087B000A66300F051FD212000F080FD002205217C
:1087C000222000F049FD222000F078FDADE700BF37
:1087D00000540040003802400004024000580040AD
:1087E000B8600240B006002070B5064688B014227A
:1087F000002103A805F0ECFE3268344B9A4263D1A5
:10880000002503F5843301955A6C42F480525A6472
:108810005A6C02F480520192019A02951A6B42F04E
:1088200002021A631B6B03F002030293029B3820BF
:108830000223CDE9030301240323CDE905432448A2
:10884000244C052303A9079300F026FFDFF890C00E
:108850004FF0C063C4E900C34FF48063C4E904353A
:1088600020464FF40033C4E90255C4E90655C4E973
:10887000083500F047FD08B1FAF7AEFB164AF4647C
:10888000A663164C4FF0C063C4E9002300234FF4E5
:108890008062C4E9042340214FF400322046C4E939
:1088A0000213C4E90633C4E9082300F02BFD08B124
:1088B000FAF792FB2320B46400220521A66300F09E
:1088C000CBFC232000F0FAFC08B070BD0030014062
:1088D00000040240F805002058640240980500207A
:1088E0004064024010B5044688B01422002103A859
:1088F00005F06EFE2368204A93420DD100230093B9
:108900001E4B5A6C42F001025A645B6C03F0010387
:108910000093009B08B010BDB3F1804FFAD103F56E
:108920000E33002401941A6C154842F001021A64B7
:108930001A6C02F001020192019A02941A6B42F041
:1089400001021A631B6B03F001030293029B4FF4B5
:1089500000420223CDE9032303A9012305930793D2
:1089600000F09AFE224605211C2000F075FC1C2018
:1089700000F0A4FCCEE700BF000001400038024038
:108980000000024007B50E4B02689A4216D1002241
:1089900003F59A330192596C41F0020159645B6C02
:1089A00003F00203019305212D20019B00F054FCEC
:1089B0002D2003B05DF804EB00F080BC03B000BDD7
:1089C0000004014010B5044688B01422002103A819
:1089D00005F0FEFD23681A4A934218D10023019343
:1089E000184B19481A6B42F001021A631B6B03F013
:1089F000010301934FF4E061019B0223CDE90313CE
:108A00000123079303A900F047FE08B010BD0F4AE9
:108A10009342FAD1002302930A4B0D481A6B42F09D
:108A200004021A631B6B03F004030293029B4022AF
:108A30000223CDE903230323079303A9E3E700BF40
:108A400000000140003802400000024000040140E4
:108A50000008024070B514228AB0054600210DEBD3
:108A6000020005F0B5FD2B68624A934260D1624B6B
:108A70006248634C002601961A6C42F400321A6474
:108A80001A6C02F400320192019A02961A6B42F0BB
:108A900001021A631B6B03F001030293029B0C2279
:108AA0000223CDE9052303210723CDE9081305A9F6
:108AB00000F0F2FD53484FF00063C4E90003402387
:108AC000C4E9023620464FF48063C4E90436C4E9A1
:108AD0000666C4E9086600F015FC08B1FAF77CFAEE
:108AE0006C63DFF83CE1A563474C4FF000634FF443
:108AF0008062C4E900E30023C4E9042320464FF464
:108B00008072C4E90233C4E90723A361636200F001
:108B1000F9FB08B1FAF760FAAC63262000220521C0
:108B2000A56300F099FB262000F0C8FB0AB070BDD9
:108B3000364A9342FAD1304B354C002603961A6CD4
:108B400042F480221A641A6C02F480220392039A7F
:108B500004961A6B42F004021A631B6B03F00403C1
:108B60000493049B4FF440610223CDE905130320D5
:108B70000723CDE9080305A9264800F08DFDDFF89D
:108B8000A4C04FF00063C4E900C34023C4E9023627
:108B900020464FF48063C4E90436C4E90666C4E99C
:108BA000086600F0AFFB08B1FAF716FA1A4A6C63D0
:108BB000A5631A4C4FF00063C4E9002300234FF46F
:108BC0008062C4E9042320464FF48072C4E9023372
:108BD000C4E90723A361636200F094FB08B1FAF7CC
:108BE000FBF9AC63272000220521A56300F034FBCC
:108BF000272099E70044004000380240000002406E
:108C0000D8030020A0600240780300200048004004
:108C1000180300200008024028600240B80200202B
:108C2000886002405860024030B589B0002302934A
:108C3000204B1A6C42F480721A641B6C03F480732C
:108C40000293054601A903A8029B01F08FFF069B32
:108C50004BBB01F06BFF184A184B136040F2E7332F
:108C6000D360174BB0FBF3F3013B53601046002376
:108C700013619360936102F0E9FE044680B90E48E7
:108C800002F0B2FD044658B92D2000F017FB0F2D5D
:108C90000DD8224629462D2000F0DEFA094B1D6032
:108CA000204609B030BD01F041FF4000D3E7012468
:108CB000F6E700BF00380240A43A00200020004040
:108CC00040420F0008000020FEE7FEE7FEE7FEE757
:108CD000FEE77047014800F01DBC00BFB80200204D
:108CE000014800F017BC00BF18030020014800F045
:108CF00011BC00BF78030020014800F00BBC00BF8E
:108D0000D8030020014800F074B900BF1808002003
:108D1000014802F0A8BD00BF08050020014800F08E
:108D2000B3BF00BF10070020014801F0F1BB00BF36
:108D300010070020014803F07BBB00BF7C0400202B
:108D4000014803F075BB00BF3804002008B5044893
:108D500002F089FDBDE80840024802F084BD00BF72
:108D6000C0040020A43A0020014800F0D3BB00BF9B
:108D7000B0060020014800F0CDBB00BFB8070020BE
:108D8000014800F0C7BB00BFF8050020014800F013
:108D9000C1BB00BF98050020014802F017BC00BF0E
:108DA000580600200A4A0346106810B508B9094859
:108DB00010600949094C0344091B8B4206D905F090
:108DC0006DFC0C2303604FF0FF3010BD1360FCE717
:108DD000EC3A002020EC01200000022000040000FA
:108DE000034AD2F8883043F47003C2F888307047E1
:108DF00000ED00E0DFF834D00D480E490E4A0023A4
:108E000002E0D458C4500433C4188C42F9D30B4A3E
:108E10000B4C002301E013600432A242FBD3FFF7A6
:108E2000DFFF05F041FCFAF73BF970470000022034
:108E30000000002060000020704201086000002057
:108E400020EC0120FEE7000008B50B4B1A6842F445
:108E500000721A601A6842F480621A601A6842F45A
:108E600080721A60032000F0E5F90520FFF7DCFEB0
:108E7000FFF7B0FB002008BD003C0240034A044B52
:108E800011681B780B441360704700BFF03A002054
:108E900004000020014B1868704700BFF03A002022
:108EA00038B50446002800F09B80056C25B9FFF713
:108EB000B1FB656484F83C50236CDB0600F18E80C6
:108EC000236C23F4885323F0020343F0020323644A
:108ED000444B5A6822F440325A605A6861680A4327
:108EE0005A60236821695A6822F480725A605A686D
:108EF00042EA01225A605A68A16822F040725A6020
:108F00005A680A435A609A68E16822F400629A60DB
:108F10009A680A439A603449A26A8A4252D0996890
:108F200021F07061996099680A439A609A68E16AD1
:108F300022F040529A609A680A439A609A6822F036
:108F400002029A609A68217E42EA41029A6094F88D
:108F50002020002A3ED05A68616A42F400625A60BA
:108F60005A6822F460425A605A68013942EA413232
:108F70005A60DA6AE16922F47002DA62DA6A013967
:108F800042EA0152DA629A6822F400729A609A68A0
:108F900094F8301042EA41229A609A68616922F49A
:108FA00080629A609A68002042EA81229A60606436
:108FB000236C23F0030343F001032364002384F8AC
:108FC0003C3038BD9A6822F070629A609A6822F04C
:108FD0004052B2E75A6822F40062C9E70120EDE787
:108FE0000120EEE7002301400100000F70477047A9
:108FF0007047036870B51E685D68B20704462BD5DC
:10900000A80629D5226CD1065EBF226C42F40072FC
:1090100022649A6812F0405F17D1227EAAB9DA6AF8
:1090200012F4700F02D09A6852050ED45A6822F0DA
:1090300020025A60236C23F480732364236CD804C9
:109040005EBF236C43F0010323642046FFF7CEFF8D
:1090500023686FF012021A60710733D52A0631D5E2
:10906000236CDB065EBF236C43F400532364236848
:109070009A6812F4401F1ED19A6B12F4401F02D05E
:109080009A68500517D45A68510514D49A6812F09A
:10909000405F10D1227E72B95A6822F080025A6075
:1090A000236C23F480532364236CDA055EBF236CA6
:1090B00043F001032364204600F0BAF823686FF000
:1090C0000C021A60F30710D568060ED523681B68DA
:1090D000D9070AD5236C43F4803323642046FFF775
:1090E00086FF23686FF001021A60B2060ED56B018D
:1090F0000CD5636C43F00203636423686FF02005B2
:109100001D602046FFF774FF23681D6070BD0000DE
:10911000F7B50023019390F83C30012B05467CD035
:10912000012380F83C3008682B688E68092884B2D7
:1091300030D904EB4402DF681E3A4FF0070C0CFAFA
:1091400002FC27EA0C07DF60DF6806FA02F23A4306
:10915000DA604968062901EB81022AD8596B053A81
:109160001F26964021EA06015963596B04FA02F260
:109170000A435A632A4A934207D1122834D1D2F8BB
:10918000043343F48003C2F80433002085F83C0024
:1091900003B0F0BD1A6900EB400C072707FA0CF783
:1091A00022EA07021A611A6906FA0CF616431E61D2
:1091B000CFE70C294FF01F010BD81E6B233A9140CB
:1091C00026EA01011963196B04FA02F20A431A63D1
:1091D000D0E7DE6A413A914026EA0101D962D96AB4
:1091E00094400C43DC62C5E7A0F11003012BCCD8FE
:1091F0000C4A5368102843F400035360C5D10A4B4E
:109200000A4A1B68B3FBF2F30A2253430193019B02
:10921000002BBAD0019B013BF8E70220B8E700BF62
:1092200000200140002301400000002040420F00C8
:10923000704700000749CA6822F4E0620302120482
:1092400003F4E063120C134343F0BF6343F40033B1
:10925000CB60704700ED00E0164B30B5DC68C4F31E
:109260000224C4F10703251D042B28BF0423062D67
:109270004FF0FF358CBF033C002405FA03F321EACD
:109280000303A54022EA0502A340002843EA0203A3
:10929000ACBF00F16040084A4FEA0313B8BF00F0CA
:1092A0000F00DBB2AABF00F56140135480F8003311
:1092B00030BD00BF00ED00E014ED00E0002807DB4A
:1092C0004109044A00F01F000123834042F8213085
:1092D000704700BF00E100E0036810B5084C02468B
:1092E000D9B210391820B1FBF0F0205CD06523F41E
:1092F0007F7020F003005F2988BF0430906510BDA7
:10930000403E010870B50446FFF7C4FD0546002C39
:1093100060D0022384F835302268002384F834308A
:10932000136823F00103136022681368D8072ED452
:1093300013683248A1691840D4E901352B43E56828
:109340002B4325692B4365692B43E5690B432B436D
:10935000256A2B430343606A042802BFD4E90B56F5
:1093600035432B4313605369042823F0070343EA72
:10937000000335D1A06AE56A03438DB391B9012892
:1093800020D030F002012BD1E90129D51DE0FFF7F3
:1093900081FD401B0528C7D920230320636584F87D
:1093A000350070BDB1F5005F16D1032818D801A1B2
:1093B00051F820F0CB93000889930008CB93000864
:1093C000C5930008B5F1C07F0AD14023636501232E
:1093D00084F835300120E4E70228F6D90328D3D0F9
:1093E00053612046FFF778FFE26D3F23934083608F
:1093F00000200123606584F83530D2E73F8010F00B
:1094000070B590F83440866D012C30D0012480F87E
:10941000344090F83540012C4FF0000425D102254E
:1094200080F8355044650468256825F4802525605A
:1094300063608368402B0EBFA260A160E260C26DD2
:1094400008BFE1603F239340B360236843F01603F5
:109450002360036C1BB1236843F008032360236877
:1094600043F001032360002070BD80F834400220E7
:10947000FAE770B50446866DFFF70CFD94F83530B9
:10948000022B054606D0802363650120002384F863
:10949000343070BD23681A6822F016021A605A69C7
:1094A00022F080025A61226C0AB9A26C1AB11A68C1
:1094B00022F008021A601A6822F001021A6023687A
:1094C000186810F0010007D1E26D3F239340B360AC
:1094D000012384F83530D9E7FFF7DCFC401B052871
:1094E000EDD920230320636584F83500CEE790F89A
:1094F0003530022B03D0802343650120704702687A
:10950000052380F83530136823F001031360002031
:1095100070470000F7B5002301935C4B856D1F6811
:10952000C36D2E6808229A40324204460CD001686E
:109530000868400708D5086820F004000860AA60A1
:10954000626D42F00102626501229A40324208D007
:1095500021684969090641BFAA60626D42F00202B2
:10956000626504229A40324208D02168096888075F
:1095700041BFAA60626D42F00402626510229A4007
:10958000324210D02368196809070CD5AA601A68FE
:10959000500337D51B68190301D4236C00E0A36C7A
:1095A0000BB120469847E16D20228A4032423AD0E2
:1095B00023681868C60636D5AA6094F83520052AAF
:1095C0001A6827D122F016021A605A6922F0800226
:1095D0005A61226C0AB9A26C1AB11A6822F0080208
:1095E0001A603F238B40AB60012384F835300023A1
:1095F00084F83430236D002B45D0204603B0BDE8FD
:10960000F04018471A68D2055EBF1A6822F00802B7
:109610001A60C2E7500327D51B68190331D4636C65
:109620000BB120469847636D6BB3636DDA0719D5AC
:1096300022684FF41653B7FBF3F7052384F835304F
:10964000136823F001031360019B0133BB420193B4
:1096500002D81368DB07F7D4012384F835300023E0
:1096600084F83430E36CC6E71A6812F4807208D1CB
:10967000196821F010011960012384F8353084F84D
:109680003420E36BCCE703B0F0BD00BF0000002046
:1096900090F83500704700002DE9F74FDFF8A491EE
:1096A000664A00230D6801249C4004EA0506AC4389
:1096B00040F0AF804D68032705F003044FEA4308EC
:1096C00007FA08FC671E012F6FEA0C0C34D8876874
:1096D00007EA0C0ECF6807FA08F747EA0E0787601B
:1096E000476827EA060EC5F300179F4047EA0E07B2
:1096F0004760C76807EA0C0E8F6807FA08F747EA61
:109700000E07022CC76019D14FEAD30A00EB8A0A70
:1097100003F0070BDAF820704FEA8B0B4FF00F0EB7
:109720000EFA0BFE27EA0E0E0F6907FA0BF747EA4F
:109730000E07CAF8207001E0032CDAD1076804FA9A
:1097400008F407EA0C073C4315F4403F046060D07E
:1097500000240194D9F8444044F48044C9F84440BA
:10976000D9F8444023F0030707F1804704F480440C
:1097700007F59C37019403F0030C019CD7F808E02F
:109780004FEA8C0C0F2404FA0CF42EEA040E2C4C35
:10979000A04245D004F58064A04243D004F5806423
:1097A000A04241D004F58064A0423FD004F580641B
:1097B000A0423DD004F58064A0423BD004F5806413
:1097C000A04239D004F58064A04214BF08240724C5
:1097D00004FA0CF444EA0E04BC609468F74315F4F0
:1097E000801F0CBF3C4034439460D46815F4001FC4
:1097F0000CBF3C403443D460546815F4003F0CBFA8
:109800003C40344354601468ED0354BF3C4034433F
:1098100014600133102B7FF445AF03B0BDE8F08F27
:109820000024D5E70124D3E70224D1E70324CFE7BE
:109830000424CDE70524CBE70624C9E7003C01401A
:10984000000002400038024000690840003818BF9C
:10985000012070470AB1816170470904FBE7436941
:1098600001EA030221EA030141EA024181617047F2
:1098700070B5044608B9012070BD90F83D3003F082
:10988000FF021BB980F83C20FEF71EFF242384F85A
:109890003D3023681A6822F001021A601A6842F407
:1098A00000421A601A6822F400421A6001F03EF980
:1098B0003F4B65689D4294BF3E4B3F4B98428CBFE7
:1098C00000230123002BD6D12268394E51683B4B2F
:1098D000B0FBF3F321F03F011943B542516088BF5B
:1098E0004FF49676116A88BF734321F03F0184BF1D
:1098F0004FF47A76B3FBF6F301330B431362D1696D
:10990000431E2B4821F44F41854221F0FF0132D8FC
:109910006D0040F6FC70B3FBF5F30133034242D017
:10992000C3F30B031943D161D4E907301168034332
:1099300021F0C0010B4313609168D4E9030321F4C3
:109940000341034321F0FF010B439360D4E9053049
:10995000D168034321F0FF010B43D360136843F048
:109960000103136000202023206484F83D3020632D
:1099700084F83E0080E7A06850B905EB4505B3FBCD
:10998000F5F30133C3F30B037BB143F40043C9E7A1
:1099900019206843B3FBF0F30133C3F30B0323B186
:1099A00043F44043BEE70423BCE70123BAE700BF0A
:1099B000A08601007F841E00FF083D0040420F008A
:1099C000704770477047704770477047704790F80E
:1099D0003D2008B5036DD2B283B9C36C0268012B78
:1099E000836C05D1DBB21361036D0233036508BDDF
:1099F000C3F307231361036D0133F7E7036D012BF5
:109A000003D1836C0268DBB2F4E7036D022BEED165
:109A1000222A05D10268136843F480731360EAE7D1
:109A2000438D9BB263B1212A0AD1436A026813F8BD
:109A3000011B11614362438D013B9BB24385D6E715
:109A4000438D9BB2002BD2D1212AD0D1026851681C
:109A500021F4E0615160116841F40071116020222D
:109A6000036380F83D2080F83E30FFF7AFFFBEE78C
:109A7000704770477047000037B5002301932D4BA6
:109A8000806B1B6890F83D2046F2A811B3FBF1F300
:109A900023214B4301930368D2B2019941BB016C6E
:109AA00041F020010164446B0CB10021E163816B42
:109AB00009B10025CD631D6825F480651D60002572
:109AC000458504B1256501B10D65196821F00101D5
:109AD000196090F83D10602911D1202380F83D30A5
:109AE000002380F83E300364FFF7C4FF03B030BDAD
:109AF00001990139019119688905CED4D3E702F0A3
:109B00002802282A0ED1196841F00101196019684C
:109B100041F4806119600023036380F83D20FFF762
:109B2000A8FFE3E7202380F83D30002380F83E3093
:109B3000F5E700BF0000002010B590F83D2090F838
:109B40003E30102BD9B204460368D2B201D040296E
:109B500013D1222A11D1196821F4006119605968C2
:109B600011F4006106D1602A1EBF202284F83D2036
:109B700084F83E100022226307E002F02801282921
:109B8000EDD10022226384F83D105A6812F400627D
:109B90004FD05A68606B22F400625A6090F83530FA
:109BA000012B374B2BD00365FFF7A1FC50B1226886
:109BB000606B136823F001031360202384F83D30A9
:109BC000036D9847236C19071FBF2268536823F45D
:109BD000E063536094F83D30226C5207DBB20DD540
:109BE000282B0BD1274BE36220220023236320463E
:109BF00084F83D2084F83E30FFF7E7FE10BDA06BEF
:109C00000365FFF774FC0028DCD023685A6951060D
:109C100005D51A69636A1A70636A01336362226840
:109C2000A06B136823F001031360202384F83D30F8
:109C3000C6E794F83D10602915D1202184F83D1025
:109C400022645A69520605D51A69636A1A70636AF2
:109C5000013363622268136823F001031360204616
:109C6000FFF708FFAEE75A69500605D51A69636A1F
:109C70001A70636A013363622046FFF7FAFEA1E7B8
:109C8000799A00080000FFFFF0B5036804465A689F
:109C9000C66A90F83E0094F83D1010288FB0C5B207
:109CA000C9B202D0402D40F0CF829F69586910F0B0
:109CB000010F07D1B6F52A0F02D0B6F12A4F51D1C4
:109CC0000FB0F0BD96054DD5E26AB2F52A0F0CD162
:109CD0000122E26294F83E20402A11D1226D52B94D
:109CE000626C02F0FE021A61EAE7E26AB2F12A4F00
:109CF000F0D10822EDE7626C42F00102D2B2F2E745
:109D00002269B2F5804F1AD194F83D20212A626C65
:109D100011D102F0FE021A61626B0AB1D26B2AB94C
:109D2000A26B002ACCD0D26B002AC9D05A6842F468
:109D300000625A60C4E742F00102D2B2EBE7226D42
:109D400032B9626CD21102F0060242F0F002CAE7A8
:109D5000226D012AB4D1626CD21102F0060242F0E7
:109D6000F102C0E7060703D5960501D5626CE4E76A
:109D7000860740F1E880960540F1E58094F83E10B2
:109D8000E26A256B94F83D002228C9B240F0D380E6
:109D9000206D40B9402906D101905A6901929B6912
:109DA0000193019B8CE7216D89B92069B0F5404F83
:109DB0000DD102915A6902929A690292029A1A6826
:109DC00042F480721A60236D0133236578E7618D58
:109DD00089B251B903915A6903929A690392039A1D
:109DE0001A6842F400721A6019E0618D89B2012983
:109DF00049D112F5803F1BD11A6822F480621A60A3
:109E00005A6812F400620CD01A6822F480621A6058
:109E1000002204925A6904929B690493049B0023D4
:109E2000D3E705925A6905929A690592059AD7E790
:109E3000082A1CD0202A1AD0122D0DD1012A16D1A1
:109E40001A6822F480621A60002206925A69069209
:109E50009B690693069BE2E7102AF1D8974941FADD
:109E600002F2D707ECD41A6842F48062EBE71A6872
:109E700022F480621A60002207925A6907929A6956
:109E80000792079AACE7618D89B2022930D1102A76
:109E900003D88B49D140CE0715D4196821F48061CD
:109EA0001960196841F40061196059680D0514D5ED
:109EB000202A1AD8072A0AD8012A0ED15A6842F451
:109EC00080525A6009E0196841F48061ECE7A2F120
:109ED00008017C4ACA40D007F0D4002208925A698F
:109EE00008929B690893089B99E712F5803FE4E785
:109EF000196841F4806119605968090510D5202A54
:109F000016D8072A06D8012A0AD15A6842F4805284
:109F10005A6005E0A2F108016A4ACA40D207F4D4A7
:109F2000002209925A6909929B690993099B76E775
:109F300012F5803FE8E700220A925A690A929B696B
:109F40000A930A9BBCE67F0740F18D805E68360568
:109F50003FF5B6AE070600F004063ED550053CD5E9
:109F6000002E3DD194F83D20258D94F83E10E06AF6
:109F7000D2B2C9B2C5B9212A18D1082858D0202890
:109F800056D010F5803F53D05A6822F4E0625A60F0
:109F900011232363002384F83E30202384F83D30CE
:109FA0002046FFF70DFD8BE6212A05D040297FF4DE
:109FB00087AE222A7FF484AE628D92B21AB95A68B3
:109FC00022F48062B5E694F83E20402A16D120465D
:109FD0000FB0BDE8F040FFF7FABC002E3FF470AEC2
:109FE00097057FF56DAE212939D1E16A94F83D20BE
:109FF000212A7FF465AE628D92B24AB1626A12F88C
:10A00000011B19616262638D013B9BB2638557E658
:10A0100008290DD020290BD011F5803F08D05968B0
:10A0200021F4E06159601123236384F83E20B4E7F2
:10A030005A6822F4E0625A601A6842F400721A60A8
:10A0400000232022236384F83D2094F83E2084F8E6
:10A050003E30402A2046A4D1FFF7B8FC30E6402D20
:10A060007FF42EAEB3E759680E053FF529AE4506DD
:10A0700000F004017DD550057BD500297CD194F8F2
:10A080003D20222A7FF41CAE628D92B2032A1BD996
:10A090001A69636A1A70636A01336362638D013BF4
:10A0A0009BB26385638D9BB2032B7FF409AE22685C
:10A0B000536823F48063536002E600BFEBFFFEFFAA
:10A0C0001400010001010001E06A02283FF477AFAB
:10A0D000012A3FF674AF764A0B91126846F2A81136
:10A0E000B2FBF1F202EB82020B920B9A013A0B9255
:10A0F0000B99D1B9226C42F0200222645A6822F4F2
:10A10000E0625A601A69636A1A70636A01336362B3
:10A11000638D013B9BB26385202384F83D3020464C
:10A1200084F83E10FFF7A5FCCAE51A6812F4007225
:10A13000DBD1196821F480611960596821F4E0616C
:10A1400059601969636A1970636A01336362638DC8
:10A15000013B9BB26385202384F83D3094F83E3068
:10A1600084F83E20402B69D122632046FFF780FC13
:10A17000A6E500293FF4A4AD92057FF5A1ADE26A02
:10A18000608D616A80B2042809D15A6822F4806225
:10A190005A601B690B70636A0133636233E7608D39
:10A1A00080B203280CD15868042A20F480605860DB
:10A1B000EFD0022AEDD01A6822F480621A60E8E734
:10A1C000608D80B20228E4D1042A33D007D8012A56
:10A1D00007D0022A2ED01A6842F4007204E0102A36
:10A1E000F9D11A6822F480621A601B690B70626AE6
:10A1F000531C6362638D013B9BB2638523681B69BB
:10A200005370636A226801336362638D013B9BB2C2
:10A210006385536823F440735360202384F83D30F2
:10A2200094F83E30402B4FF0000384F83E3005D1C7
:10A2300023639AE71A6842F48062D5E71223236306
:10A240002046FFF7BEFB3BE5206C18B3586900259C
:10A2500087072FD596052DD5226C02B19D6994F8FC
:10A260003D2002F02802282A17D15A682F0622F42E
:10A2700080625A60C5F3800154BFE268A26900237E
:10A2800081F00101C9B284F83C3092B22046FFF758
:10A290009BFB15E59D695869DAE700220C92596924
:10A2A0000C919B690C930C9B84F83C2008E500BF43
:10A2B00000000020C60640F1B180950540F1AE8057
:10A2C00094F83D505A6822F4E0625A6000220D92E0
:10A2D0005A690D921A6842F001021A600D9A1A68C2
:10A2E00022F480621A605A681005EDB220D505F09C
:10A2F000F702222A4AD1A06B0268526892B26285A4
:10A30000628D92B21AB1226C42F0040222645A6841
:10A3100022F400625A60FFF7BBF9012808D0A06B55
:10A32000794B0365FFF7E3F810B1A06B036D984715
:10A33000638D9BB213B323685A69510709D51A6913
:10A34000636A1A70636A01336362638D013B9BB277
:10A35000638523685A69520609D51A69636A1A70B7
:10A36000636A01336362638D013B9BB26385638DD6
:10A370009BB21BB1236C43F004032364236C13B31F
:10A3800020460FB0BDE8F040FFF7D6BB606B026817
:10A39000526892B26285628D92B21AB1226C42F01A
:10A3A000040222645A6822F400625A60FFF770F9CE
:10A3B0000128BDD0606B544B0365FFF798F8002867
:10A3C000B6D0606BB2E72A2D06D12363282384F828
:10A3D0003D302046FFF7F7FA94F83D30282B0CD19A
:10A3E0004A4BE362202200232363204684F83D2069
:10A3F00084F83E30FFF7E9FA62E4236B222B02D0A7
:10A40000222D7FF45DAC00232022236384F83D20BD
:10A4100084F83E302046FFF7D6FA51E401F0F70108
:10A42000212900F0040535D1070627D5560525D585
:10A430003DBB94F83D00628D92B2C0B2002A3FF459
:10A440003FAC626A12F8015B1D616262628D013A83
:10A4500092B26285628D92B2002A7FF431AC2928D3
:10A460007FF42EAC5A6822F480625A60282321635C
:10A47000204684F83D30FFF7A5FA21E4002D3FF493
:10A480001FAC95057FF51CAC628D92B2002A3FF49B
:10A4900017ACB3E5400627D5510525D53DBB94F84B
:10A4A0003D20618D89B2D2B200293FF409AC19690F
:10A4B000636A1970636A01336362638D013B9BB207
:10A4C0006385638D9BB2002B7FF4FAAB2A2A7FF45D
:10A4D000F7AB2268536823F480635360222323631D
:10A4E000282384F83D3095E7002D3FF4E9AB920531
:10A4F0007FF5E6AB628D92B2002A3FF4E1AB1A69B8
:10A50000636A1A7047E600BF799A00080000FFFFEF
:10A51000F8B503685F695E6890F83E2017F48075AF
:10A520000446D2B206D016F480751EBF6FF4807157
:10A5300059610125B80506D5F10542BF6FF40071D8
:10A5400045F002055961780536D5F10534D5608DA1
:10A5500094F83D10D4F830C0202A80B2C9B25BD143
:10A56000002859D101F0F700212804D0282953D11F
:10A57000BCF1210F50D194F83D20E16A0829D2B2F4
:10A5800001D020292AD1282A28D12C4AE2625A68EF
:10A5900022F4E0625A606FF480625A611A6822F411
:10A5A00080621A60002320222363204684F83D2025
:10A5B00084F83E30FFF709FA3A053BD5F30539D563
:10A5C00023686FF4006245F008055A61236C1D434F
:10A5D00025642046BDE8F840FFF7AEBA212A17D11E
:10A5E0001649E1622263202284F83D20002284F88B
:10A5F0003E205A6822F4E0625A606FF480625A6129
:10A600001A6822F480621A602046FFF7DBF9D3E76C
:10A610006FF480625A61CFE76FF48061102A59614C
:10A6200045F0040501D0402AC6D11A6842F40072F0
:10A630001A60C1E7002DC9D1F8BD00BF0000FFFFBF
:10A640002DE9F341044640B30368DE0710D42368C4
:10A650009D075BD42368190700F19D8023685A0782
:10A6600000F1BD80A369002B40F0248100202CE084
:10A670008D4B9A6802F00C02042A07D09A6802F007
:10A680000C02082A0BD15B68590208D5864B1B685F
:10A690009A03DCD56368002BD9D1012015E06368EB
:10A6A000814DB3F5803F13D12B6843F480332B6089
:10A6B000FEF7F0FB7C4E054633689B03C7D4FEF7DC
:10A6C000E9FB401B6428F7D9032002B0BDE8F08104
:10A6D000B3F5A02F04D12B6843F480232B60E3E76C
:10A6E0002A6822F480322A602A6822F480222A60B2
:10A6F000002BDDD1FEF7CEFB06462B689F03A6D5C7
:10A70000FEF7C8FB801B6428F7D9DDE7664B9A6823
:10A7100012F00C0F07D09A6802F00C02082A11D12F
:10A720005B685D020ED4604A1368990702D5E3683E
:10A73000012BB2D11368216923F0F80343EAC10366
:10A74000136087E7E268594BB2B101221A60FEF745
:10A75000A1FB554D06462B689B0707D52B68226940
:10A7600023F0F80343EAC2032B6073E7FEF792FB82
:10A77000801B0228EFD9A7E71A60FEF78BFB4A4E31
:10A78000054633689F077FF565AFFEF783FB401BE7
:10A790000228F6D998E76269444B82B10122C3F8D6
:10A7A000802EFEF777FB404E0546736F9B073FF503
:10A7B00055AFFEF76FFB401B0228F6D984E7C3F8BC
:10A7C000802EFEF767FB384E0546736F9F077FF5B7
:10A7D00045AFFEF75FFB401B0228F6D974E7324B0A
:10A7E0001A6C12F0805228D101921A6C42F08052F9
:10A7F0001A641B6C03F080530193019B01272C4DBD
:10A800002B68D8051BD5A368274D012B27D12B6FAB
:10A8100043F001032B67FEF73DFB234E054641F253
:10A820008838336F9A0739D5002F3FF41BAF1E4A83
:10A83000136C23F08053136414E70027DFE72B68C1
:10A8400043F480732B60FEF725FB06462B68D90581
:10A85000D9D4FEF71FFB801B0228F7D934E7052B5C
:10A8600004D12B6F43F004032B67D0E72A6F22F04B
:10A8700001022A672A6F22F004022A67002BCAD13C
:10A88000FEF708FB41F2883806462B6F9B07CBD5B5
:10A89000FEF700FB801B4045F7D915E7FEF7FAFAF3
:10A8A000401B4045BDD90FE7003802400000474239
:10A8B00000700040374DAA6802F00C02082A3ED012
:10A8C000022B354B4FF000021A662BD1FEF7E2FA4D
:10A8D00006462B6899011FD4D4E907321343626AF4
:10A8E00043EA8213E26A43EA0263A26A5208013A27
:10A8F00043EA02436B60284B264D01221A66FEF79D
:10A90000C9FA04462B689A013FF5B0AEFEF7C2FAC9
:10A91000001B0228F6D9D7E6FEF7BCFA801B0228F6
:10A92000D7D9D1E6FEF7B6FA04462B689B017FF52E
:10A930009DAEFEF7AFFA001B0228F6D9C4E6012B44
:10A940003FF4ABAE6B68E26903F4800191427FF49F
:10A95000A4AE216A03F03F028A427FF49EAE616A90
:10A9600047F6C0721A40B2EB811F7FF496AEA26A1E
:10A97000520803F44031013AB1EB024F7FF48DAE3F
:10A98000E26A03F07063B3EB026F14BF0120002092
:10A990009BE600BF0038024000004742134908B55B
:10A9A0008B6803F00C03042B1CD0082B1CD14A68C5
:10A9B0004B68496813F4800314BF0D480D48C1F378
:10A9C000881118BF002302F03F02A1FB0001F6F737
:10A9D00091FA064B5B68C3F3014301335B00B0FBA4
:10A9E000F3F008BD0248FCE70248FAE700380240ED
:10A9F00000127A000024F4002DE9F0410D460446CF
:10AA000010B90120BDE8F081434B1A6802F007023B
:10AA10008A4228D321688F072DD4C80740D43E4BE3
:10AA20001A6802F00702AA4265D8226851076BD45F
:10AA3000130707D5394A2169936823F4604343EA31
:10AA4000C1039360FFF7AAFF344B354A9B68C3F3F9
:10AA50000313D35CD840334B1860334B1868FEF7B0
:10AA6000E3F80020CEE7CAB21A701B6803F00703B0
:10AA70008B42C6D1CEE7294B11F0040F1EBF9A6856
:10AA800042F4E0529A600E0742BF9A6842F4604274
:10AA90009A609A68A06822F0F00202439A60BCE7CC
:10AAA00062681E4B012A1CD11B6813F4003FA8D01A
:10AAB0001A4EB36823F003031343B360FEF7EAF9B9
:10AAC00041F288380746B368626803F00C03B3EBC1
:10AAD000820FA4D0FEF7DEF9C01B4045F3D9032056
:10AAE00090E7911E01291B6802D813F0007FDEE772
:10AAF00013F0020FDBE7EAB21A701B6803F00703DA
:10AB0000AB427FF47EAF90E70449E0688B6823F4A2
:10AB1000E05303438B608BE7003C02400038024067
:10AB2000303E01080000002008000020044B054AC8
:10AB30009B68C3F38223D35C034A1068D8407047F4
:10AB400000380240283E010800000020044B054A5E
:10AB50009B68C3F34233D35C034A1068D840704704
:10AB600000380240283E0108000000200F23036047
:10AB70000B4B9A6802F0030242609A6802F0F002FE
:10AB800082609A6802F4E052C2609B68DB0803F4BA
:10AB9000E0530361034B1B6803F007030B6070472E
:10ABA00000380240003C024082B000230093134B67
:10ABB00045F6C0521B68B3FBF2F364225343019382
:10ABC0000368019A9AB9426D42F0400242651A68E0
:10ABD00022F040021A605A6822F0E0025A60DB68F4
:10ABE0000093009B072380F8513002B07047019A10
:10ABF000013A01929A689207E3D5E8E70000002045
:10AC000003685A6822F080025A601A6822F04002F3
:10AC10001A60072380F85130704700002DE9F34196
:10AC20001C4616460F460546FEF734F93444241AEE
:10AC3000FEF730F9244B1B68C3F3CB3363438046E4
:10AC400001932A68936837EA030301D000202EE0BD
:10AC5000731CF7D0FEF71EF9A0EB0800A04229D321
:10AC60002B685A6822F0E0025A606A68B2F5827F67
:10AC70000AD1AA68B2F5004F02D0B2F5806F03D1B5
:10AC80001A6822F040021A60AA6AB2F5005F07D182
:10AC90001A6822F400521A601A6842F400521A60CC
:10ACA000012385F85130002385F85030032002B08D
:10ACB000BDE8F081019A019B002A03F1FF33019363
:10ACC00008BF1446BDE700BF0000002038B513469A
:10ACD0004268B2F5827F044606D00A460121FFF79A
:10ACE0009DFFB8B9002038BD8268B2F5004F02D090
:10ACF000B2F5806F07D125682868B2F5806F20F023
:10AD00004000286003D00A4680212046E7E70A4633
:10AD10000121FAE7636D43F0200363650320E2E756
:10AD200037B51346124A1568124AB5FBF2F54FF4CF
:10AD30007A72554342680195B2F5827F04460BD181
:10AD40000A468021FFF76AFF78B1636D43F0200364
:10AD50006365032003B030BD019B33B1019B013B10
:10AD6000019323689B681B06F6D40020F2E700BF1E
:10AD70000000002000366E0110B50446002855D0B2
:10AD8000436A002B4ED14268B2F5827F00D0C36186
:10AD90000023A36294F8513003F0FF0223B984F832
:10ADA00050202046FDF720FD2168A068A2690223FB
:10ADB00084F851300B6823F040030B60636800F4A3
:10ADC000044003F482730343E06800F4006003432B
:10ADD000206900F002000343606900F001000343B2
:10ADE00002F400700343E06900F038000343206A76
:10ADF00000F080000343A06A00F4005003430B609E
:10AE0000636A120C03F0100302F004021A434A6052
:10AE1000CB6923F40063CB6100200123606584F8D3
:10AE2000513010BD0023C0E90433B1E70120F8E739
:10AE30002DE9F7431F4690F85030012B04460D468C
:10AE4000904600F0A080012380F85030FEF722F8F1
:10AE500094F85130012B8146D8B240F09280002DF9
:10AE600061D0B8F1000F5ED0032384F85130002385
:10AE70006365C4E91033A4F83680A363A387E3872E
:10AE8000A36826682563B3F5004FA4F8348007D182
:10AE9000336823F040033360336843F48043336006
:10AEA0003368E2685B065EBF336843F0400333609B
:10AEB000B2F5006F63683FD113B1B8F1010F07D14C
:10AEC00035F8023BF3602563E38E013B9BB2E386DA
:10AED000E38E9BB2A3B94A4639462046FFF720FFCE
:10AEE00000284BD1A36833B901932368DA68019233
:10AEF0009B680193019B606D003818BF012012E030
:10AF000022689368980705D5236B33F8021BD1603C
:10AF10002363D9E7FDF7BEFFA0EB0900B842D7D302
:10AF2000791CD5D00320012384F85130002384F804
:10AF3000503003B0BDE8F08313B1B8F1010F08D170
:10AF40002B783373236B01332363E38E013B9BB276
:10AF5000E386E38E9BB2002BBDD023689A689207EC
:10AF600003D5226B12781A73ECE7FDF793FFA0EB81
:10AF70000900B842EDD37B1CEBD0D3E720236365F7
:10AF8000B0E70220CFE70220D3E72DE9F7431E46C2
:10AF900090F85030DDF82880012B04460D4691468C
:10AFA00000F0E180012380F85030FDF773FF94F842
:10AFB00051306268012B0746D9B20AD0B2F5827FC0
:10AFC00040F0CF80A368002B40F0CB80042940F0F4
:10AFD000C88015B1B9F1000F09D10120012384F80F
:10AFE0005130002384F8503003B0BDE8F083002EC8
:10AFF000F3D094F85130C4F83890042B1CBF0523CB
:10B0000084F8513000236365C4E910332368E68770
:10B01000E6861968A687490658BF1968256358BF90
:10B0200041F04001A68658BF1960E168B1F5006F94
:10B0300048D10AB1012E07D135F8022BDA60E38E30
:10B040002563013B9BB2E3860125E38E9BB263B986
:10B05000E38F9BB24BB93A4641462046FFF760FE6C
:10B06000002872D020236365B7E721688B689A07B0
:10B070000DD5E38E9BB253B145B1236B33F8022B50
:10B08000CA602363E38E013B9BB2E38600258A6896
:10B0900012F001020CD0E38F9BB24BB1A36BC968D5
:10B0A00023F8021BA363E38F013B9BB2E3871546A2
:10B0B000FDF7F0FEC01B4045C7D3B8F1FF3FC4D039
:10B0C00003208BE70AB1012E08D12A781A73236B6B
:10B0D00001332363E38E013B9BB2E3860125E38EBC
:10B0E0009BB21BB9E38F9BB2002BB4D0226893684C
:10B0F0009B070ED5E38E9BB25BB14DB1236B1B78E2
:10B100001373236B01332363E38E013B9BB2E3860E
:10B1100000252268916811F001010DD0E38F9BB2E8
:10B1200053B1A36BD2681A70A36B0133A363E38F8F
:10B13000013B9BB2E3870D46FDF7ACFEC01B4045CB
:10B14000CDD3B8F1FF3FCAD0BAE7A368002B7FF494
:10B1500045AF23680190DA6801929B680193019BD7
:10B160003CE702203AE702203EE72DE9F7431D467F
:10B170004368B3F5827F0446894617460CD183683D
:10B1800053B9042380F85130134600950A46FFF75F
:10B19000FCFE03B0BDE8F08394F85030012B7FD063
:10B1A000012384F85030FDF775FE94F85130012BDF
:10B1B0008046D8B272D1B9F1000F5CD0002F5AD0BE
:10B1C000A268C4F8389000260423B2F5004F84F832
:10B1D0005130C4E9106666652368E787A787266350
:10B1E000A686E68607D11A6822F040021A601A681D
:10B1F00022F480421A601A6856065EBF1A6842F04E
:10B2000040021A60E368F3B1E38F9BB2FBB123689D
:10B210009A68D20736D5DA68A36B23F8022BA363AA
:10B22000E38F013B9BB2E387EEE723689A68D00780
:10B2300018D5A26B1B7B1370A36B0133A363E38F41
:10B24000013B9BB2E387E38F9BB2002BEDD14246DB
:10B2500029462046FFF73AFDE8B9606D003818BF6F
:10B26000012008E0FDF716FEA0EB0800A842EAD393
:10B27000691CE8D00320012384F85130002384F8AE
:10B28000503086E7FDF706FEA0EB0800A842BBD3CE
:10B290006B1CB9D0EEE720236365DEE70220EAE706
:10B2A000022076E738B5044690F85000012870D0A7
:10B2B000012084F8500094F851000128C5B208D04C
:10B2C0006068B0F5827F62D1A06800285FD1042D4C
:10B2D0005DD1002933D0002A31D0002B2FD094F833
:10B2E0005100A38604281CBF052084F851000020CB
:10B2F0006065E386E387A38794F851302163042BCC
:10B30000C4E9100018BF2449E06C12BF234B244944
:10B31000244BA263C0E90F31234BC364002321688F
:10B320000365E38F0C319BB2FEF76AF8034658B110
:10B33000636D43F010036365012384F851300120ED
:10B34000002384F8503038BD2268A06C516841F069
:10B3500001015160C0E90F33C0E91333E38E216B63
:10B360009BB20C32FEF74CF80028E1D123681A6832
:10B3700052065EBF1A6842F040021A605A6842F0F4
:10B3800020025A605A6842F002025A60D8E702204E
:10B39000D6E70220D7E700BFE1B4000873B5000884
:10B3A000D5B400080DB50008EBB400081FB5454B37
:10B3B00045F6C0521B68B3FBF2F36422534301937A
:10B3C000019B009303685A6822F020025A605A6871
:10B3D000110604460AD53C4A4264009A002A59D113
:10B3E000626D42F040026265019A00925A6852060C
:10B3F0000AD5364A2264009A002A53D1626D42F07F
:10B4000040026265019A00925A68900714D5A06CB8
:10B4100090B100230365FEF72CF808B14023636563
:10B4200023685A6822F002025A60009A002A41D129
:10B43000626D42F0400262655A68D20711D5E06C35
:10B4400078B100230365FEF714F808B14023636563
:10B4500023681A6822F040021A605A6822F001023A
:10B460005A600022E287E286616D402918BF62655A
:10B470000292D968029199680291029903929B689D
:10B480000393039B14BF10460120012384F851301D
:10B4900004B010BD009A013A009294F85120072A96
:10B4A0009BD1A1E7009A013A009294F85120072A13
:10B4B000A1D1A7E7009A013A00929A689107B4D502
:10B4C000BAE700BF0000002001AC0008A9AB0008EB
:10B4D0007047704708B5806BFFF7FBFF08BD7047EA
:10B4E00008B5806BFFF7FBFF08BD806B026808B5ED
:10B4F000536823F003035360436D43F01003436527
:10B50000012380F85130F5F735FF08BD38B5054601
:10B51000846BFDF7BFFC2B681B68DB05024624D457
:10B520002368596821F020015960A168C9B9616890
:10B53000B1F5827F15D1596821F003015960204689
:10B540006421FFF7C3FB08B1202363650023E38771
:10B55000012384F85130636D3BB12046F5F70AFFB3
:10B5600038BD596821F00101E8E72046FFF7B0FF38
:10B57000F6E738B50546846BFDF78CFC2B681B6835
:10B58000DB0502461ED421684B6823F020034B6084
:10B5900020466421FFF7C4FB18B1636D43F020031C
:10B5A00063652268536823F0030353600023E38636
:10B5B000E387012384F85130636D1BB12046F5F712
:10B5C000D9FE38BD2046F5F7BBFEFAE7F0B50368B3
:10B5D0005D689A68560685B004464FEA9211C2F338
:10B5E000801708D4D60706D56E0604D5036C05B0BF
:10B5F000BDE8F0401847960704D5280602D5636CCD
:10B600002046F4E741EA521102F4807001F0010192
:10B6100001434FEA521657D0AA0655D57FB194F888
:10B620005120032A4FF0000148D0626D42F004021D
:10B6300062650091DA6800929A680092009AF107B8
:10B640000CD5626D42F001026265002202929A6896
:10B6500002921A6822F040021A60029A40B1626DAA
:10B6600042F008026265002203929A680392039AEC
:10B67000626D4AB35A6822F0E0025A60012284F8EF
:10B680005120AA0722D05A68E06C22F003025A60C7
:10B6900040B1104B0365FDF72AFF18B1636D43F00D
:10B6A00040036365A06C78B10A4B0365FDF71FFF8B
:10B6B00050B1636D43F04003636505E00191DA68C2
:10B6C00001929B680193019B05B0F0BD2046F5F700
:10B6D00051FEF9E7D9B6000808B5806B0023C3878F
:10B6E000C386F5F747FE08BD036A23F0010370B572
:10B6F0000362036A446882690D6822F073022A4378
:10B700008D6823F002032B430C4DA84203D005F5AE
:10B710008065A8420BD1CD6823F008032B43D1E903
:10B72000055624F44074354323F004032C4344604D
:10B7300082614A684263036270BD00BF000001403D
:10B74000036A23F4807370B50362036A4468C269B4
:10B750000D6822F073022A438D6823F4007343EAD4
:10B7600005230D4DA84203D005F58065A8420DD1F3
:10B77000CD6823F4006343EA0523D1E9055624F498
:10B780004054354323F4806344EA05144460C261A5
:10B790004A68C263036270BD00000140036A23F47B
:10B7A000805330B50362036A4468C2690D6822F4AD
:10B7B000E64242EA05228D6823F4005343EA05334A
:10B7C000084DA84203D005F58065A84204D14D6913
:10B7D00024F4804444EA85144460C2614A680264E7
:10B7E000036230BD0000014090F83D30012B30D1A4
:10B7F000022380F83D300368DA6842F00102DA6023
:10B80000154A93421AD0B3F1804F17D0A2F57C426B
:10B81000934213D002F5806293420FD002F580620A
:10B8200093420BD002F57842934207D002F5705252
:10B83000934203D0A2F59432934204D19A6802F065
:10B840000702062A03D01A6842F001021A6000209B
:10B8500070470120704700BF0000014070477047EB
:10B8600070477047704703681A69910710B504461E
:10B870000ED5DA6892070BD56FF002021A61012229
:10B8800002779B699B0777D0FFF7EAFF00232377B6
:10B8900023681A69500710D5DA6851070DD56FF083
:10B8A00004021A61022222779B6913F4407F20462A
:10B8B00068D0FFF7D5FF0023237723681A691207A2
:10B8C0000FD5DA6810070CD56FF008021A61042250
:10B8D0002277DB69990720465AD0FFF7C1FF002382
:10B8E000237723681A69D20610D5DA68D0060DD5F9
:10B8F0006FF010021A6108222277DB6913F4407F8F
:10B9000020464BD0FFF7ACFF0023237723681A694A
:10B91000D10708D5DA68D20705D56FF001021A61A0
:10B920002046F7F74FFB23681A69100608D5DA6836
:10B93000110605D56FF080021A61204600F0CDFB9C
:10B9400023681A69520608D5DA68500605D56FF0E3
:10B9500040021A612046FFF785FF23681A699106A5
:10B9600022D5DA6892061FD56FF0200220461A61B0
:10B97000BDE8104000F0B0BBFFF771FF2046FFF7B5
:10B9800070FF83E7FFF76BFF2046FFF76AFF92E740
:10B99000FFF765FF2046FFF764FFA0E7FFF75FFFB3
:10B9A0002046FFF75EFFAFE710BD0000254A0368A1
:10B9B000904212D0B0F1804F0FD0A2F57C4290425D
:10B9C0000BD002F58062904207D002F5806290426F
:10B9D00003D002F57842904208D14A6823F0700300
:10B9E0001343CA6823F44073134316E0164A904287
:10B9F000F7D002F580629042F3D002F58062904267
:10BA0000EFD0A2F598329042EBD002F580629042DE
:10BA1000E7D002F580629042E3D04A6923F08003C8
:10BA2000134303608B68C3620B688362054B9842C3
:10BA300003D003F58063984201D10B6903630123AE
:10BA400043617047000001400040014010B50446CA
:10BA500030B390F83D3003F0FF021BB980F83C2072
:10BA6000FCF740FF0223206884F83D30211DFFF7DA
:10BA70009DFF012384F84630002084F83E3084F88E
:10BA80003F3084F8403084F8413084F8423084F804
:10BA9000433084F8443084F8453084F83D3010BD9C
:10BAA0000120FCE710B5044630B390F83D3003F0B8
:10BAB000FF021BB980F83C20FCF764FF02232068DA
:10BAC00084F83D30211DFFF771FF012384F84630D3
:10BAD000002084F83E3084F83F3084F8403084F809
:10BAE000413084F8423084F8433084F8443084F89C
:10BAF000453084F83D3010BD0120FCE710B5044608
:10BB000030B390F83D3003F0FF021BB980F83C20C1
:10BB1000FFF7A4FE0223206884F83D30211DFFF7C3
:10BB200045FF012384F84630002084F83E3084F835
:10BB30003F3084F8403084F8413084F8423084F853
:10BB4000433084F8443084F8453084F83D3010BDEB
:10BB50000120FCE7036A23F0100370B50362036A57
:10BB6000446882690D6822F4E64242EA05228D6843
:10BB700023F0200343EA05130D4DA84203D005F539
:10BB80008065A8420DD1CD6823F0800343EA0513F8
:10BB9000D1E9055624F44064354323F0400344EAD8
:10BBA0008504446082614A688263036270BD00BF9D
:10BBB0000000014038B590F83C30012B04464FD0CE
:10BBC0000120082A84F83C003AD006D8BAB1042AE9
:10BBD00026D0002384F83C3038BD0C2AF9D12068E7
:10BBE000FFF7DCFDC3690A6943F40063C361C369FD
:10BBF00023F48063C361C36943EA02232EE0206813
:10BC0000FFF772FD83690A6943F008038361836962
:10BC100023F0040383618369134383610020D8E721
:10BC20002068FFF797FF83690A6943F40063836123
:10BC3000836923F480638361836943EA0223ECE729
:10BC40002068FFF77DFDC3690A6943F00803C361FB
:10BC5000C36923F00403C361C3691343C361DDE710
:10BC60000220B9E770B5046A194E24F00104046299
:10BC7000B0428469056A26D0B0F1804F23D0A6F582
:10BC80007C46B0421FD006F58066B0421BD006F558
:10BC90008066B04217D006F57846B04213D006F55C
:10BCA0007056B0420FD0A6F59436B0420BD044F097
:10BCB000010263F3071201F00A0125F00A03194398
:10BCC0008261016270BD24F003042243F1E700BFEA
:10BCD00000000140F8B590F83C30012B05460C46B9
:10BCE00000F082800120082A85F83C005CD006D84C
:10BCF00042B3042A36D0002385F83C30F8BD0C2A24
:10BD0000F9D12B68CE68D1E90027196A21F4805156
:10BD10001962D969186A21F44071120341EA0721B6
:10BD200020F4204002F4204266F30F310243D9612F
:10BD30001A62DA69A16822F44062DA61DA6942EAD9
:10BD400001224FE02868CB68D1E90012FFF78AFF93
:10BD50008369A26823F00C038361836913438361C1
:10BD60000020C8E72B68CE68D1E90027196A21F0C6
:10BD7000100119629969186A21F44071120141EAAF
:10BD8000072120F0A00002F0A00266F30F31024369
:10BD900099611A629A69A16822F440629A619A696B
:10BDA00042EA01229A61DBE72B68E768186A20F40F
:10BDB0008070D1E900211862DE69186A26F0030656
:10BDC0001202314320F4206002F4206267F307116D
:10BDD0000243D9611A62DA69A16822F00C02DA61C1
:10BDE000DA690A43DA61BBE7022087E710B58468A5
:10BDF0000A4324F47F4442EA03222243826010BDB6
:10BE000038B590F83C30012B04464FF0020000F0AA
:10BE10008E8084F83D000122206884F83C208368ED
:10BE200023F47F4323F0770383600B68602B4FD0AC
:10BE300032D8402B64D016D8202B0DD00AD833F03E
:10BE4000100109D0012384F83D30002384F83C30F0
:10BE5000104638BD302BF5D1826822F070021343B2
:10BE600043F0070328E0502BECD14A68CD68016A03
:10BE7000036A23F001030362836921F00A0123F0BE
:10BE8000F00343EA05130A4383610262836823F0E7
:10BE9000700343F057030FE0B3F5805F0DD0B3F5A7
:10BEA000005F0CD0702BCDD1CB68D1E90121FFF719
:10BEB0009DFF836843F0770383600022C2E7CB686D
:10BEC000D1E90121FFF792FF836843F48043F3E750
:10BED000036A4D68C96823F0100303628269036A2C
:10BEE00022F4704223F0A00343EA051342EA013230
:10BEF00082610362836823F0700343F06703DBE72A
:10BF00004A68CD68016A036A23F00103036283690A
:10BF100021F00A0123F0F00343EA05130A43836189
:10BF20000262836823F0700343F04703C4E70246CC
:10BF30008EE7036A10B501F01F0101248C4023EA4B
:10BF400004030362036A8A401A43026210BD0000C0
:10BF500008B529B990F83E30012B1FD0012035E0FB
:10BF6000042907D190F83F30012BF7D1022380F844
:10BF70003F3016E008290CBF90F8403090F841306F
:10BF8000013B18BF0123002BE8D108294FF0020321
:10BF90000CBF80F8403080F8413002E0022380F886
:10BFA0003E3000680122FFF7C4FF164B984203D0D1
:10BFB00003F5806398420AD1436C43F40043436421
:10BFC000836803F00703062B17D1002008BDB0F1EA
:10BFD000804FF5D00C4B9842F2D003F58063984225
:10BFE000EED003F580639842EAD003F59A33984285
:10BFF000E6D0A3F594339842E2D0036843F00103FE
:10C000000360E2E70000014000040040FFF7A0BF2A
:10C0100030B590F83C30012B02464FF0020032D090
:10C02000136882F83D005C680D68986824F070041D
:10C030002C435C60144CA3421AD0B3F1804F17D04C
:10C04000A4F57C44A34213D004F58064A3420FD02E
:10C0500004F58064A3420BD004F57844A34207D0D2
:10C0600004F57054A34203D0A4F59434A34204D140
:10C07000496820F08000014399600123002082F884
:10C080003D3082F83C0030BD0000014090F83C306B
:10C09000012B02461ED0CB68886823F4407303430B
:10C0A000486823F480630343086823F40063034370
:10C0B000086923F4805303434869C96923F4005392
:10C0C000034323F480430B43116800204B6482F840
:10C0D0003C0070470220704770477047026802F1C9
:10C0E0000C0353E8003F23F490730C3242E8003114
:10C0F00002680029F2D102F1140353E8003F23F053
:10C10000010302F1140C4CE800310029F3D1036B58
:10C11000012B0BD102F10C0353E8003F23F0100375
:10C1200002F10C0C4CE800310029F3D1202380F8F7
:10C130003E300023036370470268C16838B5136955
:10C1400023F440530B431361054683680069D168AB
:10C15000034368690343E86921F4164121F00C01A7
:10C1600003430B43D3605369A96923F440730B4322
:10C1700053611F4B9A4203D003F580639A4224D146
:10C18000FEF7E4FCEA691921B2F5004FD5E9004356
:10C19000A0FB01011CD1DA184FF0000545EB0503A7
:10C1A000F4F7A8FE6422B0FBF2F102FB1103DB00FE
:10C1B0003233B3FBF2F303F007025B0002EB011230
:10C1C00003F4F8731344A36038BDFEF7AFFCD9E75E
:10C1D0009A009B0FF4F78EFE6422B0FBF2F102FB93
:10C1E00011031B013233B3FBF2F303EB0113EAE754
:10C1F00000100140F8B504460E4617461D46226859
:10C20000136836EA030301D1002028E06B1CF7D045
:10C2100025B1FCF73FFEC01B8542F0D2226802F137
:10C220000C0353E8003F23F4D0730C3242E8003093
:10C2300021680028F2D101F1140353E8003F23F0F4
:10C24000010301F1140040E80032002AF3D1202359
:10C2500084F83D3084F83C2084F83E300320F8BD5B
:10C2600010B5044640B390F83D3003F0FF021BB90F
:10C2700080F83C20FCF7EEFB2268242384F83D3054
:10C28000D36823F40053D3602046FFF755FF23689B
:10C290001A6922F490421A615A6922F02A025A61FC
:10C2A000DA6842F40052DA6000202023206484F827
:10C2B0003D3084F83E3010BD0120FCE72DE9F84305
:10C2C000984690F83D30202B04460E46174648D13C
:10C2D000002944D0002A42D090F83C30012B40D0B5
:10C2E000012380F83C3000252123056480F83D308F
:10C2F000FCF7D0FDA368A784B3F5805F8146E7848F
:10C3000003D123690BB935461E46002384F83C301F
:10C31000E38C9BB253B943464A4640212046FFF77F
:10C3200069FF50B9202384F83D3007E043464A4670
:10C3300080212046FFF75EFF10B10320BDE8F8839F
:10C3400022684EB935F8023BC3F308035360E18C11
:10C35000013989B2E184DBE716F8013BF6E70120F9
:10C36000ECE70220EAE770477047704708B5806B3A
:10C370000023C385C384FFF7F8FF08BD704790F81A
:10C380003E30222B07B541D181680268836AB1F53E
:10C39000805F3DD1016900293DD15268C2F3080296
:10C3A00023F8022B8362C38D013B9BB2C385002B14
:10C3B0002CD10268D16821F02001D160D16821F42C
:10C3C0008071D160516921F001015161202280F812
:10C3D0003E20026B012A026827D1036302F10C039D
:10C3E00053E8003F23F0100302F10C0C4CE800313D
:10C3F0000029F3D11368DB0605D501911368019379
:10C4000053680193019B818DFFF7B8FF03B000BD16
:10C4100039B9016929B95268D2B21A70836A0133F5
:10C42000C0E7526802F07F02F7E7FFF79DFFEDE7F4
:10C4300003681A6873B51607D9685D69044608D1A0
:10C44000960668D58D0666D502B0BDE87040FFF748
:10C4500096BF05F0010001F4907505435BD0D60747
:10C4600005D5CD0542BF236C43F001032364530778
:10C4700004D518B1236C43F002032364960704D556
:10C4800018B1236C43F004032364150707D501F0AA
:10C49000200303431EBF236C43F008032364236C73
:10C4A000002B32D0920604D58B0602D52046FFF72A
:10C4B00066FF26687369226C03F0400302F00802ED
:10C4C00053EA0205204622D0FFF708FE73695E0694
:10C4D00018D5226802F1140353E8003F23F040030B
:10C4E000143242E800310029F3D1A06B50B1724BF5
:10C4F0000365FCF7FCFF40B1A06B036D02B0BDE823
:10C50000704018472046FFF730FF02B070BDFFF7BC
:10C510002CFF2564F9E7206B012840F09180D506B7
:10C5200040F18E80C80640F18B80002201921A688B
:10C5300001925A680192019A5A6952064CD5A16B30
:10C540000A68526892B2002ADFD0A08D9042DCD9EE
:10C55000E285CA69B2F5807F36D003F10C0252E859
:10C56000002F22F4807203F10C0040E80021002922
:10C57000F3D103F1140252E8002F22F0010203F17B
:10C58000140040E800210029F3D103F1140252E81D
:10C59000002F22F0400203F1140040E8002100299E
:10C5A000F3D1202284F83E20216303F10C0252E8EB
:10C5B000002F22F0100203F10C0040E800210029B6
:10C5C000F3D1A06BFCF755FFE38DA18DC91A89B299
:10C5D0002046FFF7D3FE98E7E28DE18D89B292B253
:10C5E000002992D0A18D891A89B200298DD003F13A
:10C5F0000C0252E8002F22F4907203F10C0545E87A
:10C6000000200028F3D103F1140252E8002F22F099
:10C61000010203F1140545E800200028F3D120228F
:10C6200084F83E20206303F10C0252E8002F22F030
:10C63000100203F10C0545E800200028F3D1C7E7FC
:10C64000160628D50D0626D594F83D20212A7FF41C
:10C650005CAFA168226AB1F5805F17D12169A9B9E1
:10C6600032F8021BC1F3080159602262E28C013AE0
:10C6700092B2E284002A7FF448AFDA6822F08002A6
:10C68000DA60DA6842F04002DA603EE7511C21626B
:10C6900012785A60EAE750067FF537AF4A067FF511
:10C6A00034AFDA6822F04002DA60202384F83D30AB
:10C6B0002046FFF758FE28E76DC3000808B54FF085
:10C6C000E0231B6901F02AFA012803D0BDE80840E5
:10C6D00001F028BD08BD0000EFF305832BB9064B20
:10C6E000186828B901221A6070476FF0050070477A
:10C6F0004FF0FF30704700BF4454002010B5EFF3F7
:10C7000005845CB9084B1A68012A0AD1074AD47714
:10C7100002221A6000F0FAFE204610BD6FF00500FC
:10C72000FBE74FF0FF30F8E74454002000ED00E055
:10C73000EFF305830BB100F047BF00F03FBFF0B54A
:10C7400087B0144600220B460592EFF30582FAB932
:10C75000F0B15CB3A56925B1691E372902D9002063
:10C7600017E018256268D207F9D466699EB1B2084D
:10C77000D4E9027C21688FB1BCF1A70F08D92469E4
:10C7800034B12EB1CDE90147009500F059FE059076
:10C79000059807B0F0BD4FF40072E9E7BCF1000F57
:10C7A000F6D12469002CF3D10C4602E018254FF491
:10C7B000007205A9CDE9005192B2214600F078FE41
:10C7C00001281CBF00230593E2E708B5EFF30582BB
:10C7D00022B908B101F054F8002008BD6FF005003F
:10C7E000FBE737B50546EFF305845CB900F0E6FEDC
:10C7F000291A0029019008DD01A800F0F7FF204662
:10C8000003B030BD6FF00500FAE76FF00300F7E703
:10C8100038B50546EFF305843CB948B100F04CFC4F
:10C82000284600F061FC204638BD6FF00500FBE7AC
:10C830006FF00300F8E7F7B505460E461446EFF330
:10C8400005871FB10025284603B0F0BD0028F9D0A8
:10C850000029F7D0DAB1D2E9023283B14F2AF1D9F7
:10C860002269002AEED066694D43AE42EAD30097B2
:10C8700000F0A0F905460028E4D0246811E0002A61
:10C88000E0D12369002BDDD16369002BDAD1284682
:10C890000022314600F0DCF905460028D2D0002CF9
:10C8A000EBD12146284600F0F5FBCCE773B51C46DA
:10C8B000EFF30586DEB138B331B32BBB01AA019388
:10C8C00000F09FFA012803D06FF0020002B070BDA3
:10C8D000019B0BB90020F9E74FF0E0234FF08052A5
:10C8E000C3F8042DBFF34F8FBFF36F8FF2E758B13A
:10C8F00051B13346224600F0D2F90128EAD0002C8B
:10C90000E2D06FF00100E1E76FF00300DEE737B53A
:10C910001C46EFF30583DBB130B329B324BB01AA76
:10C92000019400F06AFB012803D06FF0020003B00D
:10C9300030BD019B0BB90020F9E74FF0E0234FF029
:10C940008052C3F8042DBFF34F8FBFF36F8FF2E710
:10C9500050B149B1224600F0B1FA0128EBD0002CC9
:10C96000E3D06FF00100E2E76FF00300DFE7FFF7CD
:10C970004FBF0000034B0360034B0B604FF4007389
:10C98000136070479C5300209C4B0020034B0360B6
:10C99000034B0B604FF4806313607047F44A002030
:10C9A000F43A002000F108034FF0FF32C0E90223FF
:10C9B00043600361002303607047002303617047F5
:10C9C00043684B609A688A605160996003680861A7
:10C9D00001330360704730B50C68631C0AD10369EA
:10C9E0005A684A6091608B6059600368086101333E
:10C9F000036030BD00F10802134652681568A54275
:10CA0000FAD9EDE7D0E9011203698A6051605968EB
:10CA1000814208BF5A60002202611A68013A1A6016
:10CA20001868704710B5044601F014FBA46B01F0C0
:10CA300031FBB4FA84F0400910BD70B51646026CA3
:10CA4000856B044642B906689EB9806801F076F8A5
:10CA5000A6600135A56370BD6EB9406801F052FE55
:10CA60006368226C1344A2686360934224BF236806
:10CA700063600020EDE7C06801F044FE226CE368CB
:10CA800051429B1A2268E36093423EBFA3685B1841
:10CA9000E360022EEDD10DB1013DEAE72846D8E76B
:10CAA000034610B41A6C084662B1DC68A1189C6891
:10CAB000D960A14228BF19685DF8044B28BFD9602E
:10CAC00001F020BE5DF8044B704770B5044601F0DC
:10CAD000C1FA94F8455004F124066DB2002D01DD31
:10CAE000636AB3B9FF2384F8453001F0D3FA01F04B
:10CAF000B1FA94F8445004F110066DB2002D01DD36
:10CB000023697BB9FF2384F84430BDE8704001F00D
:10CB1000C1BA304600F064FF08B100F0E9FF013D02
:10CB20006DB2DBE7304600F05BFF08B100F0E0FFDC
:10CB3000013D6DB2E2E738B50D46044640B94FF00D
:10CB4000500383F31188BFF36F8FBFF34F8FFEE75E
:10CB500001F080FAD4E90F31226862604B43D018AB
:10CB60005B1A1A44A060FF230020A063E26084F8EF
:10CB7000443084F84530A5B9236973B104F110003D
:10CB800000F02EFF48B14FF0E0234FF08052C3F881
:10CB9000042DBFF34F8FBFF36F8F01F07BFA01209D
:10CBA00038BD04F11000FFF7FDFE04F12400FFF78B
:10CBB000F9FEF2E737B50D461C4640B94FF0500379
:10CBC00083F31188BFF36F8FBFF34F8FFEE743B935
:10CBD0004FF0500383F31188BFF36F8FBFF34F8F74
:10CBE000FEE74AB191B94FF0500383F31188BFF3C8
:10CBF0006F8FBFF34F8FFEE741B14FF0500383F3C8
:10CC00001188BFF36F8FBFF34F8FFEE7502301935F
:10CC1000019B502B08D04FF0500383F31188BFF3D2
:10CC20006F8FBFF34F8FFEE70121002D08BF224613
:10CC3000C4E90F0584F8461022602046019BFFF7E7
:10CC40007AFF9DF8183084F84C30204603B030BD90
:10CC5000F8B50D461746064640B94FF0500383F32A
:10CC60001188BFF36F8FBFF34F8FFEE748435030FB
:10CC700001F058FB044670B1002380F8463065B1DE
:10CC800000F15003C4E90F65236001212046FFF73E
:10CC900052FF84F84C702046F8BD0346F2E72DE9B8
:10CCA000FF410F4601921E46044640B94FF0500323
:10CCB00083F31188BFF36F8FBFF34F8FFEE751B936
:10CCC000036C43B14FF0500383F31188BFF36F8FB0
:10CCD000BFF34F8FFEE7022E0BD1E36B012B08D081
:10CCE0004FF0500383F31188BFF36F8FBFF34F8F63
:10CCF000FEE700F013FF054650B9019B4BB14FF022
:10CD0000500383F31188BFF36F8FBFF34F8FFEE79C
:10CD100000254FF0000839E0022E3DD0019B1BB9E1
:10CD200001F0B8F9002050E015B902A800F098FE13
:10CD300001F0B0F900F03AFC01F08CF994F84430BD
:10CD4000FF2B08BF84F8448094F84530FF2B08BFC0
:10CD500084F8458001F09EF901A902A800F08CFE3C
:10CD6000002848D101F076F9A26BE36B9A422FD1EB
:10CD700001F090F9019904F1100000F0F9FD20464E
:10CD8000FFF7A3FE00F0BEFC50B3012501F062F9ED
:10CD9000A26BE36B9A42BFD2324639462046FFF778
:10CDA0004CFE636A1BB104F1240000F019FE48B187
:10CDB0004FF0E0234FF08052C3F8042DBFF34F8FA4
:10CDC000BFF36F8F01F066F9012004B0BDE8F08178
:10CDD00001F060F92046FFF778FE00F093FCD4E7FD
:10CDE0004FF0E0234FF08052C3F8042DBFF34F8F74
:10CDF000BFF36F8FC9E72046FFF767FE00F082FCA4
:10CE000090E72DE9F843894617461E46044640B987
:10CE10004FF0500383F31188BFF36F8FBFF34F8F31
:10CE2000FEE751B9036C43B14FF0500383F311880F
:10CE3000BFF36F8FBFF34F8FFEE7022E0BD1E36B73
:10CE4000012B08D04FF0500383F31188BFF36F8F8D
:10CE5000BFF34F8FFEE701F011FAEFF311884FF0A7
:10CE6000500383F31188BFF36F8FBFF34F8FA26B13
:10CE7000E36B9A4201D3022E1ED194F84550A36B66
:10CE80006DB2324649462046FFF7D7FD6B1C0ED1E6
:10CE9000636A3BB104F1240000F0A2FD10B10FB1B0
:10CEA00001233B60012088F31188BDE8F883013538
:10CEB0006DB284F84550F5E70020F4E72DE9FF4115
:10CEC0000E460192044640B94FF0500383F3118897
:10CED000BFF36F8FBFF34F8FFEE751B9036C43B1C0
:10CEE0004FF0500383F31188BFF36F8FBFF34F8F61
:10CEF000FEE700F013FE054650B9019B4BB14FF021
:10CF0000500383F31188BFF36F8FBFF34F8FFEE79A
:10CF100000254FF000083DE0019B1BB901F0BAF875
:10CF2000002056E015B902A800F09AFD01F0B2F811
:10CF300000F03CFB01F08EF894F84430FF2B08BF62
:10CF400084F8448094F84530FF2B08BF84F845806E
:10CF500001F0A0F801A902A800F08EFD002841D13F
:10CF60002046FFF75FFDB8B3019904F1240000F0FB
:10CF7000FFFC2046FFF7A9FD00F0C4FB48B94FF0C5
:10CF8000E0234FF08052C3F8042DBFF34F8FBFF35F
:10CF90006F8F012501F05EF8A76B002FBCD03146E2
:10CFA0002046013FFFF77CFDA763236973B104F1BD
:10CFB000100000F015FD48B14FF0E0234FF0805213
:10CFC000C3F8042DBFF34F8FBFF36F8F01F062F8EA
:10CFD000012004B0BDE8F0812046FFF776FD00F0A7
:10CFE00091FBD6E72046FFF770FD00F08BFB204653
:10CFF000FFF718FD0028CCD092E72DE9F8438946C9
:10D000009046044640B94FF0500383F31188BFF3B4
:10D010006F8FBFF34F8FFEE751B9036C43B14FF0F1
:10D02000500383F31188BFF36F8FBFF34F8FFEE779
:10D0300001F024F9EFF311874FF0500383F31188C7
:10D04000BFF36F8FBFF34F8FA56B0DB394F84460A0
:10D05000494676B22046FFF723FD013D731CA563C8
:10D0600011D1236953B104F1100000F0B9FC28B1CB
:10D07000B8F1000F02D00123C8F80030012087F377
:10D080001188BDE8F883013676B284F84460F5E78C
:10D090002846F4E730B5074A002352F8335002EB34
:10D0A000C3041DB942F83310606030BD0133082B52
:10D0B000F3D1FAE74854002010B5094A002352F88A
:10D0C000331081424FEAC30406D1064A002142F8D8
:10D0D00033102244516010BD0133082BEFD1FAE721
:10D0E0004C5400204854002010B540B94FF0500374
:10D0F00083F31188BFF36F8FBFF34F8FFEE7FFF706
:10D10000DBFF90F846301BB9BDE8104001F0A4B930
:10D1100010BD70B504460D46164600F09BFF94F80E
:10D120004430FF2B04BF002384F8443094F845308A
:10D13000FF2B04BF002384F8453000F0ABFFA36B46
:10D140002BB93246294604F1240000F02BFC20467E
:10D15000BDE87040FFF7B9BC2DE9F041044600F08E
:10D1600079FF304B304E1A68304F01321A60356803
:10D17000002D4BD134601B68012B1FD1B8464046AF
:10D180000135FFF70FFC382D08F11408F7D1DFF84F
:10D19000C480274D4046FFF705FC2846FFF702FCF8
:10D1A0002448FFF7FFFB2448FFF7FCFB2348FFF769
:10D1B000F9FB234BC3F80080224B1D60224A136801
:10D1C00001331360214A63641168E36A14208B42BF
:10D1D00000FB037004F1040188BF1360FFF7F0FB4C
:10D1E00000F058FF1A4B1B6873B13368DA6AE36AC0
:10D1F0009A4209D24FF0E0234FF08052C3F8042D39
:10D20000BFF34F8FBFF36F8FBDE8F081104B1B68EA
:10D21000002BD3D13368DA6AE36A9A4298BF34604C
:10D22000CCE700BFAC5400208059002020550020DE
:10D23000F8540020DC540020C8540020B0540020D2
:10D24000F4540020F054002090540020A4540020F6
:10D25000A05400200C550020F8B5154B154D1C6846
:10D260000646286804300F46FFF7CCFB731C07D135
:10D2700037B129681048BDE8F8400431FFF7A0BB7A
:10D280002B68A4195C6007D30C4B18682968BDE8AB
:10D29000F8400431FFF79FBB094B18682968043137
:10D2A000FFF799FB074B1A68A24288BF1C60F8BDC4
:10D2B000A854002080590020B0540020F0540020D1
:10D2C000F45400208C540020064A13681968064B59
:10D2D00019B94FF0FF321A6070471268D268D268ED
:10D2E0005268F8E7F45400208C54002010B504462E
:10D2F000543001F075F994F8A5303BB9206B01F07A
:10D30000ABF82046BDE8104001F0A6B8012BF8D0DC
:10D31000022B08D04FF0500383F31188BFF36F8FB7
:10D32000BFF34F8FFEE710BD80B5134C134F144D64
:10D33000236873B9134B1B68012BF8D94FF0E02316
:10D340004FF08052C3F8042DBFF34F8FBFF36F8FA0
:10D35000EDE700F07FFEFB68DE68301DFFF752FB53
:10D360002B68013B2B602368013B236000F092FE99
:10D370003046FFF7BBFFDBE7C4540020C854002051
:10D38000AC540020205500202DE9F047DDE9099438
:10D390009600324607460D46206BA521984601F0BF
:10D3A00017F9236B043E1E4426F00706002D41D0DA
:10D3B0006B1E04F133020F3513F8011F02F8011F31
:10D3C00009B1AB42F8D1002384F84330089D372DD2
:10D3D00028BF37254FF0000AE562E564201DC4F838
:10D3E00050A0FFF7EAFAC5F1380504F11800FFF77D
:10D3F000E4FAC4F8A0A04C2251462461A5616462FD
:10D4000084F8A4A004F1540001F0E2F80B4BA365EA
:10D4100003F16802D033E26523664246394630465E
:10D4200000F0EEFD2060B9F1000F01D0C9F8004016
:10D43000BDE8F08784F83450C8E700BFD8EA01207F
:10D4400070B586B0DDE90B5445B94FF0500383F356
:10D450001188BFF36F8FBFF34F8FFEE744B94FF0D2
:10D46000500383F31188BFF36F8FBFF34F8FFEE735
:10D47000A8260596059EA82E08D04FF0500383F3EA
:10D480001188BFF36F8FBFF34F8FFEE7256302252F
:10D4900084F8A55004AD01950A9D02940095059E5F
:10D4A000FFF772FF2046FFF757FE049806B070BDE5
:10D4B0002DE9F043074685B0900088461646994608
:10D4C00000F030FF054620B94FF0FF3005B0BDE851
:10D4D000F083A82000F026FF044698B1002380F8CE
:10D4E000A5300D9B056301930C9B0290009332467F
:10D4F0004B4641463846FFF747FF2046FFF72CFED4
:10D500000120E3E7284600F0A7FFDDE710B588B06B
:10D51000002407AA06A905A8CDE90544FFF72AFAC1
:10D52000059B0293069B079A19491A48CDE90043C7
:10D530002346FFF785FF40B300F094FB012819D183
:10D540004FF0500383F31188BFF36F8FBFF34F8FFA
:10D55000114B124A1B6854331360114B4FF0FF32CA
:10D560001A60104B1860104B1C6008B0BDE81040EA
:10D5700000F000BE013008D14FF0500383F3118852
:10D58000BFF36F8FBFF34F8FFEE708B010BD00BF32
:10D59000E73B010829D30008805900201000002033
:10D5A0008C540020A0540020A8540020024A136884
:10D5B00001331360704700BF88540020014B186886
:10D5C000704700BFA854002008B500F057FE014B7B
:10D5D000186808BDA85400203F4B1B682DE9F74F81
:10D5E000002B73D13D4B1C6801341C60BCB93C4B13
:10D5F0001A68126842B14FF0500383F31188BFF3E9
:10D600006F8FBFF34F8FFEE7364A196810681860B6
:10D610001160354A136801331360FFF755FE334E2E
:10D62000334F3368DFF8D4809C424FF000050AD3B3
:10D63000DFF8ACA0DFF8C8B0DAF800301B68A3B997
:10D640004FF0FF333360D8F80030DB6A14225343C5
:10D65000F858284B1B68012898BF002B14BF0120E5
:10D660000020284303B0BDE8F08FDAF80030DB6813
:10D67000D3F80C90D9F80420944201D23260E2E74A
:10D6800009F1040318460193FFF7BCF9D9F82820E3
:10D690001AB109F11800FFF7B5F9D9F82C00DBF839
:10D6A00000201423904288BFCBF8000009F1040148
:10D6B00003FB0070FFF784F9D8F80010D9F82C208C
:10D6C000CB6A9A4228BF45F00105B5E70A4A1368BC
:10D6D000013313600020C5E788540020A8540020BF
:10D6E000F4540020F0540020945400208C54002066
:10D6F00020550020985400209C5400208059002080
:10D70000A45400202DE9F041304C236843B94FF078
:10D71000500383F31188BFF36F8FBFF34F8FFEE782
:10D7200000F098FC2368013B236024682CB100249E
:10D7300000F0B0FC2046BDE8F081254B1B68002BB3
:10D74000F5D0244D244EDFF8A0801DE0EB68DC68A6
:10D75000271D04F11800FFF755F93846FFF752F975
:10D76000E36A32681420934200FB0380394688BF85
:10D770003360FFF725F9194BE26A1B68DB6A9A42AE
:10D7800002D3174B01221A602B68002BDED10CB19B
:10D79000FFF79AFD134D2C6844B1114E0127FFF796
:10D7A0001BFF00B13760013CF9D12C600C4B1B68AA
:10D7B000002BBCD04FF0E0234FF08052C3F8042D73
:10D7C000BFF34F8FBFF36F8F0124B1E78854002060
:10D7D000AC540020DC540020A454002080590020C8
:10D7E000985400209C5400202055002010B540B9CA
:10D7F0004FF0500383F31188BFF36F8FBFF34F8F48
:10D80000FEE741B94FF0500383F31188BFF36F8FE8
:10D81000BFF34F8FFEE7184B1B6843B14FF0500327
:10D8200083F31188BFF36F8FBFF34F8FFEE7FFF7CE
:10D83000BDFE124B04681A6863182CBF0121002139
:10D8400094420FD979B90360FFF75CFF48B94FF0F4
:10D85000E0234FF08052C3F8042DBFF34F8FBFF386
:10D860006F8F10BD09B99A42EDD203600021981A5A
:10D87000FFF7F2FCE8E700BF88540020A85400201E
:10D8800008B550B94FF0E0234FF08052C3F8042D93
:10D89000BFF34F8FBFF36F8F08BD0A4B196841B1BB
:10D8A0004FF0500383F31188BFF36F8FBFF34F8F97
:10D8B000FEE7FFF77BFEFFF7CFFCFFF723FF002813
:10D8C000E0D0E9E788540020F8B5234B1A68234BD1
:10D8D00012B101221A60F8BD214C1A6023681B6B3B
:10D8E0001A68B2F1A53F0BD15A68B2F1A53F07D132
:10D8F0009A68B2F1A53F03D1DB68B3F1A53F04D02C
:10D90000206821683431F3F7BDFC164E164D31689E
:10D91000142707FB01F3E818EA5882B1426808337C
:10D92000526842602B449A4204BF52684260D368F6
:10D930002360316023680D4A54331360CBE741B94B
:10D940004FF0500383F31188BFF36F8FBFF34F8FF6
:10D95000FEE70139DDE700BF88540020985400201D
:10D9600080590020A45400202055002010000020E1
:10D9700010B50C4640B94FF0500383F31188BFF344
:10D980006F8FBFF34F8FFEE7054B19681831FFF714
:10D9900022F820460121BDE81040FFF75DBC00BF22
:10D9A0008059002038B50D46144640B94FF0500359
:10D9B00083F31188BFF36F8FBFF34F8FFEE7074BE1
:10D9C00019681831FEF7FCFF002C21460CBF2846D1
:10D9D0004FF0FF30BDE83840FFF73EBC80590020D3
:10D9E00038B5C368DC6844B94FF0500383F311883D
:10D9F000BFF36F8FBFF34F8FFEE704F11805284682
:10DA0000FFF700F8104B1B68DBB9251D2846FEF711
:10DA1000F9FF0E4AE36A11688B4288BF13600C4A13
:10DA20001420294600FB0320FEF7CAFF094BE26AD7
:10DA30001B68DB6A9A4283BF074B012018600020F5
:10DA400038BD06482946EFE788540020A45400203A
:10DA5000205500208059002098540020DC540020DC
:10DA6000034B1B680360034B1B684360704700BF98
:10DA700094540020A854002070B50C46054640B9C7
:10DA80004FF0500383F31188BFF36F8FBFF34F8FB5
:10DA9000FEE741B94FF0500383F31188BFF36F8F56
:10DAA000BFF34F8FFEE700F0D5FA0F4B19682368DC
:10DAB0005A1C10D00D482E6800686A68864201D052
:10DAC0008A420FD9881A83420AD95B1A1344236009
:10DAD0002846FFF7C5FF002400F0DCFA204670BDA1
:10DAE000002323600124F7E7A85400209454002069
:10DAF000014B01221A6070479854002008B9064B68
:10DB00001868026B0020135CA52B02D0C0F38F00B5
:10DB100070470130F7E700BF80590020054B1B68B4
:10DB200033B1054B1868B0FA80F0400940007047E7
:10DB300001207047A05400208854002038B508B94F
:10DB4000002038BD1B4B1C68844208D04FF05003A6
:10DB500083F31188BFF36F8FBFF34F8FFEE7236D01
:10DB600043B94FF0500383F31188BFF36F8FBFF3B6
:10DB70004F8FFEE7E16AE26C013B91422365DFD003
:10DB8000002BDDD1251D2846FEF73CFFE36CE36248
:10DB9000C3F13802A261084A11688B4288BF136042
:10DBA000064A142000FB03202946FEF709FF012046
:10DBB000C7E700BF80590020A45400202055002052
:10DBC000914208B5416000610AD8D21A83699A422D
:10DBD0000DD2084B011D1868FEF7FDFE002008BDA0
:10DBE0009A4201D2994202D2034B011DF3E7012070
:10DBF000F5E700BF805A0020845A0020F7B5114C89
:10DC000000F028FA2568BDB90F4F104E3846FEF7D0
:10DC1000C9FE3046FEF7C6FE0D4B0E4A1F600E4B86
:10DC200010211E600A200D4B0095FEF7C3FF2060F7
:10DC300010B10B49FFF72EFA03B0BDE8F04000F039
:10DC400029BA00BF7C5A00209C5A0020885A002024
:10DC5000845A0020D4590020805A00208459002082
:10DC6000EC3B010810B588B0FFF7C8FF124B1B68EA
:10DC7000B3B1002407AA06A905A8CDE90544FEF71B
:10DC800085FE059B0293069B019302230093079A4E
:10DC90000A490B482346FFF7D3FB0A4B186040B9EB
:10DCA0004FF0500383F31188BFF36F8FBFF34F8F93
:10DCB000FEE7012008B010BD7C5A0020F13B0108AE
:10DCC00095DD0008785A00207FB5154604461A46AF
:10DCD00040B94FF0500383F31188BFF36F8FBFF348
:10DCE0004F8FFEE70D4E306888B10529CDE900154C
:10DCF00002940EDCFFF712FF0346022B4FF00003E5
:10DD000030680CBF089A1A466946FEF7C8FF04B08F
:10DD100070BD00236946FFF774F8F8E77C5A0020CD
:10DD2000F7B51A4D2B681A682AB9194A1168296083
:10DD3000136003B0F0BDDB68DC681E68271D384641
:10DD4000FEF760FE236A2046984794F828305B0768
:10DD5000E8D5A36933449E4206D2286863602461F3
:10DD60003946FEF738FEDDE70023009332461946B8
:10DD70002046FFF7A9FF0028D4D14FF0500383F3CA
:10DD80001188BFF36F8FBFF34F8FFEE7845A0020D7
:10DD9000805A00202DE9F043764F774E87B03B68DC
:10DDA000D3F80080B8F1000F28D0DB68D3F80080EA
:10DDB0000024FFF7FBFBFFF701FC336898420546A0
:10DDC0001ED3306024B36D4B1B681C68B4FA84F416
:10DDD00064096B4B22461868A8EB0501FFF799F917
:10DDE000FFF790FC88B94FF0E0234FF08052C3F862
:10DDF000042DBFF34F8FBFF36F8F06E00124D8E7E8
:10DE0000FFF78EFF3560FFF77DFCDFF8748138E0A7
:10DE10008045DED8FFF776FC3B68DB68D3F80C90D2
:10DE200009F10400FEF7EEFD99F82830580719D5DE
:10DE3000D9F8181043462A4641444846FFF7C0FE29
:10DE4000A0B100942346424621464846FFF73CFFD6
:10DE500060B94FF0500383F31188BFF36F8FBFF3A6
:10DE60004F8FFEE723F0010389F82830D9F82030DE
:10DE700048469847C9E7039B05999847029B002BA2
:10DE80000BDAD8F80000002202A9FFF717F80028E3
:10DE900085D0029B0498002BEDDB049C636993B949
:10DEA000FFF78CFB33689842054601D2FFF738FF35
:10DEB000029B3560092BE4D8DFE803F00909093338
:10DEC0003A530909333A201DFEF79CFDE8E794F820
:10DED0002830A16943F0010384F82830039B2A46C7
:10DEE00019442046FFF76CFE0028CAD0236A20465A
:10DEF000984794F828305907C3D5A269039900239D
:10DF00000A44009319462046FFF7DEFE0028B8D1E8
:10DF10004FF0500383F31188BFF36F8FBFF34F8F20
:10DF2000FEE794F8283023F0010384F82830A8E7AE
:10DF300094F828300399A16143F0010384F8283054
:10DF400041B94FF0500383F31188BFF36F8FBFF3D4
:10DF50004F8FFEE72B462A4629442046FFF730FE26
:10DF60008FE794F828309A07DDD4204600F074FA41
:10DF700087E700BF845A0020745A0020805A00208E
:10DF80007C5A002008480068006880F308884FF039
:10DF9000000080F3148862B661B6BFF34F8FBFF301
:10DFA0006F8F00DF00BF000008ED00E0DFF80C001D
:10DFB000016841F4700101607047000088ED00E0E5
:10DFC00082B0002301930D4B1B68013308D04FF042
:10DFD000500383F31188BFF36F8FBFF34F8FFEE7BA
:10DFE0004FF0500383F31188BFF36F8FBFF34F8F50
:10DFF000019B002BFCD002B0704700BF0C0000203A
:10E000004FF0807340F8043C074B40F80C3C21F083
:10E0100001016FF0020340F8081C40F8202C40F882
:10E02000243C4438704700BFC1DF000800000000F6
:10E03000074B19680868B0E8F04F80F30988BFF310
:10E040006F8F4FF0000080F311887047AFF30080AE
:10E05000805900204FF0500383F31188BFF36F8F76
:10E06000BFF34F8F0A4A13680133012B13600ED19F
:10E070004FF0E023D3F8043DDBB243B14FF050033F
:10E0800083F31188BFF36F8FBFF34F8FFEE77047A5
:10E090000C000020084A136843B94FF0500383F383
:10E0A0001188BFF36F8FBFF34F8FFEE7013B136003
:10E0B0000BB983F3118870470C00002000000000AA
:10E0C000EFF30980BFF36F8F154B1A681EF0100F26
:10E0D00008BF20ED108A20E9F04F106009B44FF01E
:10E0E000500080F31188BFF34F8FBFF36F8FFFF79E
:10E0F000EBFB4FF0000080F3118809BC1968086839
:10E10000B0E8F04F1EF0100F08BFB0EC108A80F39B
:10E110000988BFF36F8F7047AFF30080AFF30080C3
:10E120008059002008B54FF0500383F31188BFF3E6
:10E130006F8FBFF34F8FFFF74FFA28B14FF0E023F7
:10E140004FF08052C3F8042D002383F3118808BDDB
:10E150004FF0E022002313619361054B4FF47A7175
:10E160001B68B3FBF1F3013B536107231361704755
:10E17000000000204FF0E02337B5D3F8001D394AE6
:10E18000914208D14FF0500383F31188BFF36F8F92
:10E19000BFF34F8FFEE7D3F8002D334B9A4208D1DF
:10E1A0004FF0500383F31188BFF36F8FBFF34F8F8E
:10E1B000FEE72E4B1A78D2B20192FF221A701B781A
:10E1C0002B4ADBB28DF803309DF8033003F0500387
:10E1D0001370284A072313609DF80300000603F11B
:10E1E000FF310AD4032B11D04FF0500383F3118871
:10E1F000BFF36F8FBFF34F8FFEE79DF803301160C1
:10E200005B00DBB28DF803300B46E5E74FF440735B
:10E210001360019B154A4FF0E024DBB21370D4F871
:10E22000203D43F47003C4F8203DD4F8203D43F072
:10E230007043C4F8203DFFF78BFF0F4B00251D6096
:10E24000FFF7B4FED4F8343F43F04043C4F8343F02
:10E25000FFF798FEFFF738FBFFF7B2FE284603B042
:10E2600030BD00BF71C20F4170C20F4100E400E039
:10E27000B45A0020B05A00200C000020EFF30583B0
:10E280000F2B0ED9114A9B5C114A12789A4208D979
:10E290004FF0500383F31188BFF36F8FBFF34F8F9D
:10E2A000FEE74FF0E0230B4AD3F80C3D126803F46D
:10E2B000E063934208D94FF0500383F31188BFF312
:10E2C0006F8FBFF34F8FFEE7704700BFF0E300E0B2
:10E2D000B45A0020B05A002010B5104B1A461B68E3
:10E2E0008342FBD354681119884201BF416810462C
:10E2F00009195160446801198B420CD10849096819
:10E300008B4203D0596821444160196801609042F2
:10E3100018BF106010BD1946F8E700BFD05A0020A2
:10E32000CC5A00202DE9F0410446FFF73FF943495C
:10E33000434D0B680BBB434A56071FBFD01D20F04F
:10E34000070002F5C832131A0CBF4FF4C833024657
:10E3500013443D4E083B23F00703002070603260F9
:10E36000C3E90000981AC2E900300B60374B18600F
:10E37000374B18604FF000432B602F68274207D0BF
:10E38000FFF7C0F9F2F78CFF00263046BDE8F081B8
:10E39000002CF5D004F1080360071CBF23F007032D
:10E3A0000833002BECD0DFF8A880D8F800509D424D
:10E3B000E6D3254A14686068984201D22668B6B947
:10E3C0000968A142DCD0216816681160C21A102ABF
:10E3D00006F1080612D9E01841070BD04FF05003A0
:10E3E00083F31188BFF36F8FBFF34F8FFEE7224691
:10E3F0003446E0E742606360FFF76EFF62681349EE
:10E40000AD1A1743134A0868676000232360136836
:10E41000C8F80050854203F1010338BF0D60136056
:10E42000FFF770F97307B0D04FF0500383F31188F2
:10E43000BFF36F8FBFF34F8FFEE700BFCC5A0020B2
:10E44000B85A0020D85A0020D05A0020C45A0020C0
:10E45000C85A0020C05A002010B5044690B31A4A8A
:10E4600050F8043C1268134208D14FF0500383F374
:10E470001188BFF36F8FBFF34F8FFEE750F8081C72
:10E4800041B14FF0500383F31188BFF36F8FBFF397
:10E490004F8FFEE723EA020340F8043CFFF786F8BB
:10E4A0000A4A54F8043C1168A4F108000B441360B4
:10E4B000FFF712FF064A1368BDE8104001331360EE
:10E4C000FFF720B910BD00BFB85A0020C85A00207D
:10E4D000BC5A0020014B1868704700BFC85A002082
:10E4E000014B1868704700BFC45A00200CB430B507
:10E4F000184B0C1E1D689DB008DA8B232B604FF063
:10E50000FF301DB0BDE8304002B070474FF40273D9
:10E51000ADF814304FF000031B9314BF04F1FF3328
:10E520002346049307934FF6FF7302900690ADF8CD
:10E530001630209A21AB02A92846019300F048FA30
:10E54000431CBCBF8B232B60002CDAD0029B002223
:10E550001A70D6E71000002030B51446002C9BB08E
:10E5600005461A4605DA8B2303604FF0FF301BB0D7
:10E5700030BD4FF40273ADF80C304FF00003199327
:10E5800014BF04F1FF332346029305934FF6FF7344
:10E5900000910491ADF80E3069461E9B00F018FA08
:10E5A000431CBCBF8B232B60002CE0D0009B0022BF
:10E5B0001A70DCE707B5009313460A460146034884
:10E5C0000068FFF7C9FF03B000BD00BF10000020C6
:10E5D00002440346934200D1704703F8011BF9E758
:10E5E0002D4B1B68834270B5044653D0C3691BB3DF
:10E5F000DB6863B10025E369DB685959B1B90435BB
:10E60000802DF8D1E3692046D96800F089F8E369E4
:10E61000196811B1204600F083F8E3699D685DB187
:10E62000294620462D6800F07BF8F8E70E68204662
:10E6300000F076F83146E1E7616911B1204600F05B
:10E640006FF8E16911B1204600F06AF8216B11B151
:10E65000204600F065F8616B11B1204600F060F8CB
:10E66000A16B11B1204600F05BF8A16C11B12046FE
:10E6700000F056F8616C11B1204600F051F8E16AE3
:10E6800011B1204600F04CF8236A1BB12046BDE8CA
:10E690007040184770BD00BF10000020014B186883
:10E6A000704700BF1000002070B50D4B0D4D5B1B77
:10E6B0009C100026A64209D101F038FE0A4D0B4BF2
:10E6C0005B1B9C100026A64205D170BD55F8043B8B
:10E6D00098470136EEE755F8043B98470136F2E7D4
:10E6E0006842010868420108684201086C4201085A
:10E6F00070477047034611F8012B03F8012B002ADD
:10E70000F9D170470A44914200F1FF3300D17047BC
:10E7100010B511F8014B03F8014F9142F9D110BD2A
:10E7200038B50546002941D051F8043C0C1F002B98
:10E73000B8BFE41800F0E0F81D4A136833B963600D
:10E7400014602846BDE8384000F0DCB8A34208D980
:10E75000206821188B4201BF19685B680918216085
:10E76000EDE71A465B680BB1A342FAD9116850185D
:10E77000A0420BD120680144501883421160E0D1BF
:10E7800018685B68536008441060DAE702D90C230C
:10E790002B60D6E7206821188B4204BF19685B689C
:10E7A000636004BF091821605460CAE738BD00BF28
:10E7B0001CEC012070B50F4E0C463168054611B9AE
:10E7C00000F0ACFB30602146284600F0A7FB431C5C
:10E7D00003D14FF0FF34204670BDC41C24F0030465
:10E7E000A042F8D0211A284600F098FB0130F2D15F
:10E7F000EFE700BF18EC01202DE9F843CD1C25F010
:10E80000030508350C2D38BF0C25002D064601DB0D
:10E81000A94204D90C2333600020BDE8F883DFF857
:10E82000D48000F069F8D8F800301C4644BB294673
:10E830003046FFF7BFFF431C044658D1D8F80040CC
:10E840002746002F43D1002C4BD023683946304651
:10E8500004EB030900F062FB814542D121686D1A87
:10E8600029463046FFF7A6FF01303AD023682B44F3
:10E870002360D8F800305A6862BBC8F800700FE017
:10E880002268521B20D40B2A17D96119A342256094
:10E8900018BF5960636808BFC8F8001062514B6028
:10E8A000304600F02FF804F10B00231D20F0070084
:10E8B000C21A1CBF1B1AA350AFE76268A3420CBF69
:10E8C000C8F800205A60EBE723466468AEE73C4690
:10E8D0007F68B6E71A465B68A342FBD1002353600A
:10E8E000DEE70C233360304600F00CF894E7056057
:10E8F000D6E700BF1CEC01200148FFF7F9BE00BFBE
:10E9000014EC01200148FFF7F4BE00BF14EC012015
:10E910002DE9F0478E681F46BE4282460C4690465F
:10E92000334653D8B1F90C0010F4906F2BD06569C1
:10E930002368096905EB4505A3EB010905EBD575CE
:10E940007B1C6D104B44AB422A4684BF1D462A46B1
:10E95000430527D511465046FFF74EFF064658B3EC
:10E9600021694A46FFF7CEFEA38923F4906343F062
:10E970008003A381266165614E44A5EB09052660ED
:10E98000A5603E463B461F4620683A46414600F099
:10E99000ABFAA3689B1BA36023683B442360002061
:10E9A000BDE8F087504600F0C9FA06460028E1D1DC
:10E9B00021695046FFF7B4FE0C23CAF80030A38942
:10E9C00043F04003A3814FF0FF30E9E73E46DBE729
:10E9D0002DE9F0471F468B891B069CB006460D4665
:10E9E000144610D50B6973B94021FFF705FF286065
:10E9F000286130B90C2333604FF0FF301CB0BDE804
:10EA0000F08740236B610023099320238DF8293080
:10EA100003973023654F8DF82A304FF001082346C5
:10EA2000994613F8012B0AB1252AF9D1B9EB040A4A
:10EA30000BD05346224629463046FFF769FF013086
:10EA400000F0A480099A5244099299F80030002BF2
:10EA500000F09C8000234FF0FF32CDE9052309F13F
:10EA60000109049307938DF853301A934C464F488D
:10EA700014F8011B0522F1F7B3FB049BD0B9D806AB
:10EA800044BF20228DF85320190744BF2B228DF854
:10EA9000532099F800202A2A13D0079A4C460020C8
:10EAA0004FF00A0C214611F8013B303B092B49D9A4
:10EAB00068B913E0C01B08FA00F018430490A1469F
:10EAC000D4E7039A111D12680391002A01DB079213
:10EAD00004E0524243F002030792049323782E2B62
:10EAE0000AD163782A2B32D1039B1A1D1B6803922B
:10EAF00043EAE37302340593DFF8C09021780322E0
:10EB00004846F1F76DFB38B1049BA0EB09004022A9
:10EB1000824013430134049314F8011B24488DF8F8
:10EB200028100622F1F75CFB002835D0214818BBDD
:10EB3000039B073323F0070308330393099B034424
:10EB400009936CE70CFB02320C460120AAE7002374
:10EB50000134059319464FF00A0C204610F8012B9A
:10EB6000303A092A03D9002BC6D00591C4E70CFB23
:10EB7000012104460123F0E703AB00932A460E4B24
:10EB800004A93046AFF30080421CD7D1AB895B06A5
:10EB90003FF532AF099831E703AB00932A46064BA5
:10EBA00004A9304600F07AF8EEE700BFF93B01080F
:10EBB000033C01080000000011E90008FF3B0108C8
:10EBC0002DE9F047164698468A680B69DDF82090D3
:10EBD0009342B8BF1346336091F8432007460C4672
:10EBE0000AB1013333602368990642BF33680233A8
:10EBF0003360256815F0060506D104F1190AE368AB
:10EC000032689B1AAB4226DC94F843302268003B02
:10EC100018BF012392062BD404F143024146384623
:10EC2000C84701301ED02368226903F00603042B75
:10EC300002BFE5683368ED1AA3680CBF25EAE575E5
:10EC400000259342C4BF9B1AED1800261A34B54222
:10EC50001AD1002008E00123524641463846C847F1
:10EC6000013003D14FF0FF30BDE8F0870135C6E732
:10EC7000E1185A1C302081F84300224494F84510D2
:10EC800082F843100233C7E7012322464146384643
:10EC9000C8470130E6D00136D9E700002DE9F0433E
:10ECA0000D7E85B0782D90460C9E07460C46994601
:10ECB00001F1430207D8622D0AD8002D00F0D78059
:10ECC000582D00F0BC8004F1420684F842503BE02D
:10ECD000A5F16303152BF6D801A151F823F000BF6D
:10ECE00039ED00084DED0008C7EC0008C7EC00083E
:10ECF000C7EC0008C7EC00084DED0008C7EC0008A1
:10ED0000C7EC0008C7EC0008C7EC000855EE000887
:10ED100077ED000807EE0008C7EC0008C7EC000814
:10ED200077EE0008C7EC000877ED0008C7EC000894
:10ED3000C7EC00080FEE000833681A1D1B6832602C
:10ED400004F1420684F842300123A1E033682068D0
:10ED5000191D3160060601D51D6803E04506FBD587
:10ED6000B3F90050002D03DA2D236D4284F84330AF
:10ED70005B480A2311E021683368080653F8045BF6
:10ED800002D4490648BFADB23360237E54486F2B8E
:10ED90005CD10823002184F843106668A660002E29
:10EDA00005DB21682E4321F00401216050D0164676
:10EDB000B5FBF3F103FB115C10F80CC006F801CDB4
:10EDC000AC4663450D46F3D9082B0BD12368DB070E
:10EDD00008D5236961689942DEBF302306F8013CFB
:10EDE00006F1FF36921B2261CDF80090434603AA3C
:10EDF00021463846FFF7E4FE01304ED14FF0FF3098
:10EE000005B0BDE8F083236843F020032360354854
:10EE1000782584F845502368316813F0800F51F845
:10EE2000045B03D113F0400F18BFADB23160D907B6
:10EE300044BF43F0200323601DB11023AAE72848F4
:10EE4000E7E7236823F020032360F6E70A23A1E71E
:10EE50001646B9E7336825686169181D30602E06CB
:10EE60001B6801D5196002E06806FBD519800023F4
:10EE700023611646B8E733681A1D32601E6862685F
:10EE800000213046F1F7ACF908B1801B606063687F
:10EE90002361002384F84330A6E7236932464146C4
:10EEA0003846C8470130A9D023689B0713D4E068CF
:10EEB000039B9842B8BF1846A2E701233246414659
:10EEC0003846C847013099D00135E36803995B1A89
:10EED000AB42F2DCEBE7002504F11906F5E700BFD1
:10EEE0000A3C01081B3C0108884210B501EB0204F2
:10EEF00002D98442234607D8431EA14207D011F805
:10EF0000012B03F8012FF8E70244824200D110BD23
:10EF100013F8011D02F8011DF7E7000038B5064D92
:10EF20000023044608462B60F9F73CFF431C02D13E
:10EF30002B6803B1236038BD10EC01202DE9F041AE
:10EF4000074614460D4621B9BDE8F0411146FFF7CA
:10EF500053BC2AB9FFF7E4FB25462846BDE8F081FB
:10EF600000F01AF88442064602D8B4EB500FF4D8E9
:10EF700021463846FFF740FC804608B94546ECE795
:10EF8000B4422246294628BF3246FFF7BBFB29463A
:10EF90003846FFF7C5FBF1E751F8043C181F002B7A
:10EFA000BCBF0B58C018704738B52DED028B55EC1F
:10EFB000104B00F0F7F822462B4620462946B0EECB
:10EFC000408AF0EE608AF1F7B1FD30B900220023EB
:10EFD00020462946F1F782FD30B9B0EE480AF0EE3E
:10EFE000680ABDEC028B38BDFFF758FB00220023F6
:10EFF0002121016010461946F1F728FC41EC180B5D
:10F00000B0EE480AF0EE680ABDEC028B38BD00BFD6
:10F0100000F0D8BA08B52DED028BB0EE408A00F0B2
:10F02000B9F9B4EE488AF1EE10FA06D6DFED098A96
:10F03000B4EEE88AF1EE10FA02D4BDEC028B08BD02
:10F04000FFF72CFB88EEA80ABDEC028B212303609E
:10F0500008BD00BF0000000010EE103A184923F070
:10F0600000428A4219D9B2F1FF4F02D330EE400A72
:10F07000704700B583B0684600F04AFB00F003001B
:10F0800001289DED000ADDED010A0FD0022808D00D
:10F0900088B900F0CDF903B000BDDFED0A0A00F039
:10F0A000C7B900F0C5F9B1EE400AF4E700F042FA42
:10F0B000B1EE400AEFE7012000F03CFAEBE700BFB9
:10F0C000D80F493F0000000010EE103A194923F014
:10F0D00000428A421AD9B2F1FF4F02D330EE400A01
:10F0E000704700B583B0684600F012FB00F00300E3
:10F0F00001289DED000ADDED010A12D002280AD098
:10F1000090B9012000F016FA03B000BDDFED0A0A45
:10F11000002000F00FBA012000F00CFAB1EE400A16
:10F12000F2E700F085F9EFE700F082F9B1EE400A6E
:10F13000EAE700BFD80F493F0000000010EE101AA8
:10F14000C1F3C7520029A2F17F0CACBF01204FF0E0
:10F15000FF30BCF11E0F0FDCBCF1000F1DDBC1F353
:10F160001603BCF1160F43F400030ADD963A03FAC6
:10F1700002F202FB00F07047FDEEC07A17EE900A33
:10F1800070474FF4800242FA0CF21A44CCF1170C8B
:10F1900022FA0CF202FB00F07047BCF1FF3F18BFEF
:10F1A000002070472DE9F84F774955EC104BA943E3
:10F1B00000F0AE80002D2A46234655DD2C1562D086
:10F1C000C2F31302E107A4F2FF3742F4801203D422
:10F1D000520002EBD3725B005200002602EBD372A6
:10F1E0007F105B001624B4464FF400110CEB0100B5
:10F1F00090424FEAD3754FEA430303DC00EB010C66
:10F20000121A0E44013C05EB42024FEA5101EDD1C6
:10F21000A04620254FF000400AE043D0510001EB0A
:10F22000D371013D0A464FEA43034FEA500045D0EF
:10F23000624500EB080EF0DDBEF1000F0EEB00089A
:10F240000CDBE146A2EB0C019E4588BF01F1FF31CA
:10F250004900CC46A3EB0E030444E0E7B8F1000FED
:10F26000EFDB0CF10109EDE725F00041214346D029
:10F27000002D74D1D90A153A5B050029FAD0CE02C7
:10F2800014467DD40A4600215200D502084601F1F9
:10F290000101F9D5C1F1200523FA05F52A438B4078
:10F2A000241A8DE79E4502D94FEA4C01B7E7BEF11B
:10F2B000000F0EEB000824DB0021CBE7194312D02E
:10F2C000DFF8C8A0DFF8C8B0DAE90001DBE9002305
:10F2D000F0F7DAFFDAE9008902460B464046494674
:10F2E000F1F706FC10BB6508711001F17F5101F5C3
:10F2F000001101EB075345EAC67243EC102BBDE841
:10F30000F88FB8F1000FD7DB0CF1010C0021A1E759
:10F3100022462B4620462946F1F76EF922462B4617
:10F32000F0F7B4FF41EC100BBDE8F88FB4F1FF3FEC
:10F33000DAE90001DBE900231ED0F0F7A7FFDAE9E4
:10F34000008902460B4640464946F1F7C7FBA8B183
:10F35000A31C04F1020508BF01366D08C4E722466C
:10F360002B4620462946F0F78FFF02460B46F1F761
:10F370006DFA41EC100BC2E70136B5E70134B2E794
:10F380004FF0FF300A468BE70000F07F503E010847
:10F39000483E0108B1EEC00A704700BF10EE102AC7
:10F3A000C2F3C7537F3B162B22F000411BDC002B1E
:10F3B00010461EDB1A4919410A4223D0DFED197AA3
:10F3C00070EE277AF5EEC07AF1EE10FA1ADD002A17
:10F3D00004DD4FF4000242FA03F3184420EA01036B
:10F3E00000EE103A7047B1F1FF4F0BD330EE000A38
:10F3F0007047DFED0C7A70EE277AF5EEC07AF1EE09
:10F4000010FA00DC7047002A06DB11B1B7EE000AE3
:10F41000F8E79FED050A70479FED040A704700BFAB
:10F42000FFFF7F00CAF24971000000000000008069
:10F4300010EE103A23F00043B3F1485F2CD2FDEEFA
:10F44000C07A17EE903A002B60D060EE007A9FED04
:10F45000317A9FED315ADFED315A9FED316ADFEDA0
:10F46000316AA7EE875A9FED307AE7EE855AA7EE0C
:10F47000A56AA7EE867AE7EE876A67EEA66A60EE6F
:10F48000C00AB6EE007AE7EEA60AB7EE000AD7EE9B
:10F49000870A30EE600A704760EE007A9FED1D7AB1
:10F4A0009FED1D5ADFED1D5A9FED1D6ADFED1D6AB0
:10F4B0001E4AA7EE875A93429FED1B7AE5EE275A24
:10F4C000A5EEA76AA6EE277AE7EE276A66EEA76A98
:10F4D000D5D9174A934214D803F17F4307EE103A67
:10F4E000B7EE006A36EE476A60EEC00AF6EE005AE2
:10F4F00097EEA57AE7EEA60A37EE607A36EE470A6F
:10F500007047B6EE076AB5EE027AEDE7B7EE000A8D
:10F51000704700BF4ED747ADF6740F317CF293B4FD
:10F52000010DD037ABAA2A3D610BB6BA9999993E25
:10F530000000483F10EE103A23F00043B3F1485F5B
:10F5400004D2FDEEC07A17EE903A5BB360EE007A1B
:10F550009FED157ADFED155A9FED156ADFED156AFF
:10F56000E7EE875A9FED147AA5EEA76A20EE275A98
:10F57000E6EE276AA6EEA77A30B9DFED106AE7EE6D
:10F58000876AA6EE850A704727EE457AF6EE006A8E
:10F59000A0EEA67ADFED0A6AD7EE270AE5EE260A84
:10F5A00030EE600A704700BFD3C92E2F342FD7B278
:10F5B0001BEF3836010D50B98988083CABAA2ABE2A
:10F5C000ABAA2A3E10B582B0CDED010A019B23F013
:10F5D0000042B2F1FF4FF0EE407A30D810EE100A40
:10F5E00020F00041B1F1FF4F29D8B3F17E5F3ED04A
:10F5F0009C1704F0020444EAD07431B37AB3B2F138
:10F60000FF4F3FD0B1F1FF4F29D0891AB1F1F45F1C
:10F610004FEAE15233DA002B41DA3C323FDA9FED18
:10F62000330A012C4DD0022C42D064B19FED307AC8
:10F63000DFED307A30EE070A30EE670A03E09DED29
:10F64000017A37EE270A02B010BD022C0CD09FEDD4
:10F650002A7A032C08BFB0EE470A02B010BD00287A
:10F660000ADB9FED260AEEE79FED220AEBE702B0E8
:10F67000BDE8104000F082B99FED210AE3E79FED5D
:10F680001F0ACEE7B1F1FF4F04F1FF3420D0022C66
:10F6900026D81C4B03EB840393ED000AD3E79DEDC2
:10F6A000017A87EE870A00F03BFA00F067F9B8E7C5
:10F6B0009FED0F7ADFED0F7A30EE070A37EEC00AC2
:10F6C000C1E710EE103A03F1004300EE103ABAE73A
:10F6D000022C08D80C4B03EB840393ED000AB2E72D
:10F6E0009FED020AAFE79FED090AACE700000000BA
:10F6F0002EBDBB33DB0F4940DB0F49C0DB0FC93FD9
:10F70000DB0FC9BF583E0108643E0108DB0F493FCB
:10F7100070B510EE103A8B4A23F00044944286B044
:10F72000054671D9884A94421E4624D823F00042E7
:10F73000002BDFED867A864922F00F02B0EE407A88
:10F7400040F3E6808A4270EE677A09BF9FED817AC6
:10F75000DFED816ADFED816A77EEC77A37EEE67A10
:10F7600077EEC77A80ED007A77EEE67AC0ED017A1F
:10F77000012006B070BD7A4A944253D9B4F1FF4FCC
:10F7800049D2E215863AA4EBC25307EE903ABDEE99
:10F79000E77ADFED746AB8EEC77A77EEC77A8DED57
:10F7A000037A67EEA67ABDEEE77AB8EEC77A77EE0F
:10F7B000C77A8DED047A67EEA67AF5EE407AF1EE1F
:10F7C00010FACDED057A40F08E80B5EE407AF1EE7C
:10F7D00010FA40F08A8001236349019102210091CF
:10F7E00003A8294600F0A4F9002EC2DA95ED007AAC
:10F7F000D5ED017AB1EE477AF1EE677A85ED007AC0
:10F80000C5ED017A4042B4E7002285ED000A42606E
:10F81000002006B070BD70EE407AC0ED017AC0EDF8
:10F82000007AF5E700F07CF99FED507A9FED476A8A
:10F83000F6EE007AE0EE077A9FED477AFDEEE77A82
:10F84000F8EEE76A17EE900AA6EEC60A1F2866EEE3
:10F85000877AB1EE666A30EE677A1EDC444A411E52
:10F8600026F0004352F8212023F0FF03934214D0E6
:10F8700085ED007A30EE470A002E30EE670A85EDFE
:10F88000010ABFF676AFB1EE477AB1EE400A85EDD8
:10F89000007A85ED010A40426BE717EE103AC3F398
:10F8A000C753C3EBD453082B4FEAE452E0DD9FED7E
:10F8B000297A9FED2A5AF0EE405AE6EE075A70EE8A
:10F8C000657AE6EE077AD6EE857A35EEE77A17EEB8
:10F8D000103AC3F3C753D21A192A08DCB0EE650AEE
:10F8E00085ED007AC6E7032376E7022374E79FEDF0
:10F8F000217A9FED215AB0EE650AA6EE070A75EE51
:10F90000C07AE6EE077AD6EE857A30EE677AAFE710
:10F910008A4270EE277A09BF9FED0E7ADFED0E6AFC
:10F92000DFED0E6A77EE877A37EEA67A77EEC77A42
:10F9300080ED007A77EEA67AC0ED017A4FF0FF30C5
:10F9400017E700BFD80F493FE3CB1640800FC93FF0
:10F95000D00FC93F004435374344353708A3852EBF
:10F96000800F494300008043F03E010884F9223FA4
:10F97000703E010800A3852E32318D2438B510EE7B
:10F98000105A25F00044B4F1A14FF0EE407A07D3AD
:10F99000B4F1FF4F55D8002D77DD9FED4E0A38BDED
:10F9A0004D4B9C425CD8B4F1445F4DD34FF0FF33D4
:10F9B00027EEA76A9FED495A9FED497ADFED495A34
:10F9C000DFED494A66EE066A5A1CA6EE857AE6EE37
:10F9D000A54A9FED465ADFED465AA7EE265AE4EEB9
:10F9E000A65A9FED447ADFED444AA5EE267AE5EE6D
:10F9F000A64A9FED425ADFED425AA7EE265A9FEDE6
:10FA0000417AA4EEA67AE5EE265A27EE267AA5EEEE
:10FA1000867A27EE877A3BD03B493C4A01EB83014B
:10FA2000D1ED006A37EE667A02EB8303D3ED006A0C
:10FA300037EE677A002D36EEC70AB0DAB1EE400A2B
:10FA400038BD30EE000A38BD9FED317A30EE077ACE
:10FA5000F7EE006AB4EEE67AF1EE10FAA6DD38BDF4
:10FA600000F05EF82B4B9C4215D8A3F5D0039C42C6
:10FA700026D8F0EE007ABFEE007AA0EE277A0023B7
:10FA800030EE270AC7EE007A92E79FED230A38BDD1
:10FA900037EEC70A38BD214B9C420BD8F7EE087AE7
:10FAA000B7EE007AA0EE277A022330EE670AC0EEA6
:10FAB000077A7DE7BFEE007AC7EE007A032377E787
:10FAC000F7EE007A30EE677A30EE270A0123C7EEB0
:10FAD000007A6DE7DB0FC93FFFFFDF3ED769853C4A
:10FAE00059DA4B3D21A215BD6BF16EBD356B883DDA
:10FAF00095879DBD6E2EBA3D388EE3BD2549123ED9
:10FB0000ABAAAA3ECDCC4CBE08420108184201085F
:10FB1000CAF24971FFFF973FDB0FC9BFFFFF1B40D0
:10FB200010EE103A23F0004300EE103A704700BF89
:10FB30002DE9F04F2DED048BDBB01C46944603936A
:10FB40000A46BA4B68991CF1040F53F8217082469B
:10FB500004F1FF39C0F25682BCF1030348BF0CF137
:10FB60000403DB10029301334FEAC30EACEB0E0328
:10FB70000593029B17EB0900A3EB090316D4013090
:10FB80009FEDAB7A699C18441EA9002BA4BF54F8C2
:10FB9000235007EE905A03F10103ACBFF8EEE77A69
:10FBA000F0EE477A8342E1EC017AEED1002FC0F209
:10FBB000E28203991EA800EB81004FEA81087E18BB
:10FBC000002346AD4C460AEB8101B9F1000F80F2EB
:10FBD000C8800134B44245F8043B00F10400F4D17C
:10FBE0000DF1280B0BEB8703CDE9062E043B9FEDAF
:10FBF000929ADFED908A059804930AEB080446AECA
:10FC00000BEB87080097CDF820C00DEB8703002F82
:10FC100093ED460A4FEA870515DD73195A4660EEE3
:10FC2000097AB0EE407AFDEEE77A73ED016AF8EEFC
:10FC3000E77AB342A7EEE87A37EEA60ABDEEC77AB6
:10FC4000A2EC017AEBD1019000F0B8FAF4EE007A60
:10FC5000B0EE408A20EE270A00F01EFBF2EE007A9A
:10FC6000A0EE678A01980028FDEEC89AF8EEE97ABE
:10FC700038EE678A40F38280791EC0F108035BF892
:10FC800021E04EFA03FC0CFA03F3AEEB030EC0F1D5
:10FC9000070219EE903A4EFA02F26344002A09EE86
:10FCA000903A4BF821E000F3AF80B5EE408AF1EED8
:10FCB00010FA74D1009B9F420ADD5D44002355F881
:10FCC000041D454543EA0103F9D1002B40F00281B0
:10FCD000009B013B5BF823207B1C9C46002A40F0E4
:10FCE000F780049A012152F8045D0131002DFAD009
:10FCF0003944029D039A05EB030E0EF1804E699D77
:10FD00000EF1FF3E3A4405EB8E0E1EAD06EB830767
:10FD100005EB8205DEED017AF8EEE77AB9F1000F26
:10FD20000EF1040EE5EC017ADFED417A09DB2A469B
:10FD30005346F3EC016A32ED017AA342E6EE877A8C
:10FD4000F7D10CF1010C8C45E7EC017AE2DD0F46AE
:10FD50005BE70134B442E5EC017A00F104003FF4C2
:10FD60003FAFDFED337A83465346F3EC016A3BED58
:10FD7000017A8B42E6EE877AF7D1EAE700F09180CC
:10FD8000F6EE007AB4EEE78AF1EE10FA80F22981FD
:10FD9000B5EE408AF1EE10FA4FF000028AD092469A
:10FDA000DDE9062EDDF820C00197AEEB0C00B0EEC9
:10FDB000480A009F009200F001FADFED1E6AB4EEDF
:10FDC000E60AF1EE10FADDE90023F0EE407AC0F227
:10FDD0009C819FED197A059920EE077A0831BDEED6
:10FDE000C77A0591B8EEC77A5C1CE7EE667ABDEE7D
:10FDF000C77AFDEEE77A17EE901A4BF8231017EE4C
:10FE0000103A4BF824307EE00133002F09EE903A8F
:10FE100040F39D8159464FF0000E51F8043B002BF2
:10FE200039D0C3F5807341F8043C0CE0544201081A
:10FE300000000000000080430000803B0B68C3F11D
:10FE4000FF0341F8043B0EF1010E7745F6DC012378
:10FE50009E4600280BDD012800F0BB80022806D159
:10FE6000791E5BF8213003F03F0C4BF821C0022AC9
:10FE70007FF41BAFB7EE000A734630EE488A002BC2
:10FE80003FF413AF0992019000F098F90198099A94
:10FE900038EE408A09E70EF1010E7745BDDC9E463B
:10FEA000D7E77B1E5BF82320D211002A7FF7FDAE37
:10FEB00019EE903A002F03F1010309EE903AA9DC04
:10FEC000022A7FF4F2AEF7EE007A37EEC88AECE64B
:10FED00019460EE73B469246DDE905125C1EA1F18C
:10FEE00008005BF82410009F059061B903F180437E
:10FEF000013B0BEB8303014653F8040D013C083929
:10FF00000028F9D0059105980092B7EE000A00F09C
:10FF100055F9002C009AB0EE407AC0F22281601CA4
:10FF200046AD5FED3B6A81000BEB800305EB800083
:10FF300073ED017AF8EEE77A5B4567EE877A27EE94
:10FF4000267A60ED017AF3D10DF1C8080E1F2E4418
:10FF5000C646A4460025002F7DDBDFF85C92DFED6E
:10FF6000957A3046002307E0F9EC016AB0EC017A9B
:10FF70009F42E6EE877A03DB9D4203F10103F3DA49
:10FF80000CF1FF3CBCF1FF3FEEEC017A05F10105FD
:10FF9000A6F10406E1D1689B022B6ADC002B36DC5B
:10FFA0000ED1DFED847A414431ED017A884577EE58
:10FFB000877AF9D15346002B40F0C680C2ED007A13
:10FFC00019EE903A03F007005BB0BDEC048BBDE87E
:10FFD000F08F791E5BF8213003F07F0C4BF821C0C5
:10FFE00045E719EE903A002F03F1010309EE903A2C
:10FFF000C8BF02223FF70EAFF7EE007A37EEC88A8D
:020000040801F1
:10000000022252E600234FF0080E0293AEE5DDED2A
:10001000327A9FED687A414471ED016A884537EE86
:10002000267AF9D15346002B40F0848077EEC77AC8
:1000300082ED007A64B133A90123B1EC017A013376
:100040009C4277EE877AF8DA53460BB1F1EE677A85
:10005000C2ED017AB4E70CF1FF3C0023BCF1FF3F95
:100060004EF8043B05F10105A6F104067FF473AFD9
:1000700091E7689B032BA3D1002C00F08C8008EB48
:10008000840595ED007AA0002B46294671ED017A92
:10009000F0EE476A37EE277A884577EEC77A81ED2A
:1000A000007A77EEA67AC1ED017AEFD1012C72D0F9
:1000B00095ED007A08F1040173ED017AF0EE476ADC
:1000C00037EE277A994277EEC77A83ED007A77EE9A
:1000D000A67AC3ED017AEFD1031DDFED367A4344F2
:1000E00008F1080833ED017A984577EE877AF9D15F
:1000F0005346DDED326A9DED337A73B9C2ED006A85
:1001000082ED017AC2ED027A5AE7FDEEC07A1C4612
:1001100017EE901A4BF82310F5E6F1EE666AB1EE91
:10012000477AF1EE677AC2ED006A82ED017AC2ED9C
:10013000027A45E7F1EE476A77EEC77AC2ED006AC8
:10014000002C7FF478AF81E7F1EE677A36E701287B
:1001500015D002287FF4B4AE0EF03F034BF82130E7
:10016000AEE6689B022B12DC002B17DC7FF428AF75
:10017000DFED107A1EE7039B4FEA830830E50EF0AF
:100180007F03022A4BF821307FF48FAD9BE6689BFA
:10019000032B7FF415AFDFED077AA9E75346DDEDBA
:1001A000327A1BB14FF0004313604FE70023136016
:1001B0004EE700BF000000002842010810EE103A90
:1001C00033F000411A4625D0B1F1FF4F1FD213F092
:1001D000FF4F20D1DFED297A294A60EE277A90423D
:1001E00017EE903A31DB4CF2503CC3F3C7516045F7
:1001F0001A46A1F1190114DD002BDFED227A9FEDE3
:10020000210AB8BFDFED207A27EE800A704730EE72
:10021000000A704770474CF2503C60454FEAD1519C
:10022000EADC0144FE29E7DC002915DC11F1160F98
:1002300019DB193122F0FF4242EAC15207EE902A3F
:100240009FED120A27EE800A7047DFED117A07EE64
:10025000103A27EE270A704722F0FF4242EAC153C4
:1002600000EE103A7047002BDFED097A9FED080A87
:10027000B8BFDFED087A27EE800A70470000004C17
:10028000B03CFFFFCAF24971CAF249F100000033E5
:100290006042A20D6042A28D10EE102AC2F3C75335
:1002A0007F3B162B22F000411BDC002B10461EDB8F
:1002B0001A4919410A4223D0DFED197A70EE277AE4
:1002C000F5EEC07AF1EE10FA1ADD002A04DA4FF4E6
:1002D000000242FA03F3184420EA010300EE103A48
:1002E0007047B1F1FF4F0BD330EE000A7047DFEDDE
:1002F0000C7A70EE277AF5EEC07AF1EE10FA00DC97
:100300007047002A02DB9FED070A704711B99FED85
:10031000060A7047BFEE000AF2E700BFFFFF7F004A
:10032000CAF249710000000000000080F8B500BF6B
:10033000F8BC08BC9E467047F8B500BFF8BC08BCC6
:040340009E4670471E
:100348000000000500000000AD550A19CB1A00088E
:10035800291A0008351A0008000000006D1A000864
:10036800491A00084D1A0008000000000000803FEC
:1003780000000000000000000000204100002041B3
:100388000000803F000020410000C842000000003B
:1003980000000000000020410000A0400000803F55
:1003A80000002041000000000000004000000000A4
:1003B800000040400000C8420000803F0000C842E2
:1003C8000000000000000000000080400000204104
:1003D8000000C8420000803E0000C84200002041E2
:1003E8000000000000000000000020410000C8429A
:1003F8000000803F000040404D4541535552454D57
:10040800454E54004D4541535552454D454E545F58
:100418004D4F54494F4E5F56325F444D415F503106
:10042800004944455F574F524B545245455F554E1E
:10043800545241434B4544005350495F444D415F3A
:10044800424C4F434B494E475F57524150504552DB
:100458005F563100554E4B4E4F574E5F434F4E46F9
:1004680049475F474154455F524553554C54004EE8
:100478004F4E4500434F4E4649475F524541445F02
:100488004641494C4544005354415455535F4E4FDF
:10049800545F434C45414E00554E455850454354D2
:1004A80045445F4E4F4E5A45524F5F434F52524557
:1004B8004354494F4E5F5441424C450045585045BE
:1004C800435445445F434F4E4649475F50524F4659
:1004D800494C455F4D495353494E47005A45524F81
:1004E8005F4D49534D41544348004449525F4D497B
:1004F800534D415443480046494C545F4D49534D70
:1005080041544348005354415455535F4D49534D4A
:1005180041544348005052545F4D49534D41544350
:100528004800524D415049445F4D49534D41544351
:100538004800434F5252454354494F4E5F4352433C
:100548005F4D49534D41544348002D004D413630CD
:100558003020616E676C65207472616E73706F72A3
:10056800743D25730D0A004255494C445F4D414E78
:1005780049464553542C4170704D6F64653D257351
:100588002C41707050726F66696C653D25732C4DF7
:1005980043553D53544D33324634303552475478E1
:1005A8002C536F7572636549643D25732C50726FC7
:1005B80066696C6546696E6765727072696E743DCE
:1005C80030782530386C582C53797374656D436CCA
:1005D8006F636B487A3D256C752C5472616E73702D
:1005E8006F72743D25730D0A004D41363030206915
:1005F800646C65206163717569736974696F6E20D5
:100608006661696C656420726573756C743D2564F8
:1006180020617474656D7074733D257520666C6116
:1006280067733D3078253032580D0A004D41363019
:1006380030207261773D257520616E676C653D25B8
:100648006C752E2530326C75206465672053746193
:1006580074757356616C69643D2564204E564D422D
:100668003D2564204552524352433D25642045525E
:10067800524D454D3D2564204552525041523D252D
:10068800640D0A004D41363030206E6F6973652065
:10069800286C61737420256473293A205032503DC8
:1006A800256C752E2530326C75646567205374642B
:1006B8004465763D256C752E2530326C756465670A
:1006C8002044726966743D2573256C752E25303279
:1006D8006C75646567204D6178537465703D256C51
:1006E800752E2530326C75646567204E3D256C7516
:1006F8002076616C69643D25640D0A006465666155
:10070800756C745461736B00575241505045445F87
:100718005049445F534C45575F563200554E4B4E37
:100728004F574E00554E4B4E4F574E5F4A49470064
:1007380041756720203320323032362030393A3242
:10074800393A3537006A69676D6F746F722D6E6C50
:100758003200434F4E4649472C5265636F726456C8
:10076800657273696F6E3D312C47617465506F6CAB
:100778006963793D504F4C4943595F415F4C4F4342
:100788004B45445F56312C436F6E666967436F6E05
:10079800746578743D25732C4669726D776172654E
:1007A8003D25732C4275696C6449443D25732C4D75
:1007B80043555F5549443D2530386C582530386CD1
:1007C800582530386C582C4A696749443D25732CA4
:1007D8004A69674B6E6F776E3D25642C436F6E6672
:1007E80069674761746553656C66546573743D3118
:1007F8002C506F696E7453616D706C657253656CC3
:1008080066546573743D312C45787065637465640E
:1008180043616C6962726174696F6E537461746567
:100828003D5A45524F5F5441424C452C436F6E66CA
:1008380069675265616456616C69643D25642C433F
:100848006F6E66696756616C69643D25642C506FEC
:100858006C69637941476174655061737365643D80
:1008680025642C41756469744669656C64734C6FC2
:10087800636B65643D312C457870656374656450BD
:10088800726F66696C65466F756E643D25642C529F
:10089800656A656374526561736F6E3D25732C508C
:1008A8006F6C696379414279706173734F766572D1
:1008B800726964653D25642C457870656374656468
:1008C8005A65726F3D3078253034582C45787065FC
:1008D800637465644469723D3078253032582C451C
:1008E8007870656374656446696C743D307825304A
:1008F80032582C45787065637465645374617475F7
:10090800733D3078253032582C45787065637465AE
:10091800645072743D3078253032582C45787065B3
:1009280063746564526D617049643D307825303276
:10093800582C4578706563746564436F72724352CE
:100948004333323D30782530386C582C5A65726FF5
:100958003D3078253034582C4469723D3078253044
:1009680032582C46696C743D3078253032582C53F7
:1009780074617475733D3078253032582C50727418
:100988003D3078253032582C526D617049643D30C5
:1009980078253032582C436F72724E6F6E5A6572DA
:1009A8006F436F756E743D25752C436F7272435299
:1009B8004333323D30782530386C580D0A004D6F7E
:1009C800746F72204552524F523A204525642028B0
:1009D8004D4136303020636F6E66696720676174F9
:1009E800652072656A65637465643A2025732921F8
:1009F8000D0A002D256C642E25302A6C64004F5298
:100A08004445525F4E4F545F434F4D5055544544F3
:100A1800004F524445525F41424F56455F4E59512F
:100A28005549535400524154494F5F4F55545F4FF5
:100A3800465F52414E4745002D256C642E253032C5
:100A48006C640043435700505245434F4E44495449
:100A5800494F4E004E41004F4646494349414C00DC
:100A680044495341424C454400256C7500256400B7
:100A78004D4554412C536368656D615665727369C1
:100A88006F6E3D25642C4669726D776172653D25F0
:100A9800732C4275696C6449443D25732C4D43554C
:100AA8005F5549443D2530386C582530386C5825F9
:100AB80030386C582C436F756E74657253636F7061
:100AC800653D424F4F542C4A696749443D25732C74
:100AD8004A69674B6E6F776E3D25642C4D6F746F56
:100AE8007249443D25732C4D6F746F724944536F9E
:100AF800757263653D25732C4D6F746F724944564A
:100B0800616C69643D25642C4D6F746F72506F6C15
:100B180065436F756E743D25752C4D6F746F7250FB
:100B28006F6C6550616972733D25752C456C656302
:100B380074726963616C526970706C654D756C7420
:100B480069706C653D25752C456C656374726963C5
:100B5800616C526970706C654F726465723D257581
:100B68002C5465737449443D256C752C5377656521
:100B78007049443D256C752C446972656374696FCE
:100B88006E3D25732C4D6561737572656D656E7468
:100B9800506F6C6963793D25732C4D65617375726F
:100BA800656D656E74446566696E6974696F6E3DDE
:100BB80025732C416363657074616E63654D6F6462
:100BC800653D25732C4F6666696369616C52657370
:100BD800756C74536F757263653D4C454741435955
:100BE8002C536861646F7743616E6F6E6963616CE3
:100BF800456E61626C65643D25642C536861646F61
:100C080077436F6E747261637456657273696F6E41
:100C18003D25732C536861646F774F666669636915
:100C2800616C3D302C436C6F7375726550726F62E6
:100C380065456E61626C65643D25642C436C6F7319
:100C480075726550726F626550726F746F636F6C06
:100C58003D25732C436C6F7375726550726F6265B6
:100C68004F6666696369616C3D302C417070726FC4
:100C780061636850726F746F636F6C3D25732C41AC
:100C88007070726F616368537472756374757261A2
:100C98006C56616C69643D25732C52616D70536F9D
:100CA8006674537461727450726F746F636F6C3DC5
:100CB80025732C52616D70536F667453746172742E
:100CC80044656C61794D733D25732C50686173657B
:100CD8005265666572656E63653D537765657050EC
:100CE800726F67726573732C537465705261773DC8
:100CF80025642C4578706563746564416E616C7910
:100D0800736973506F696E74733D25642C43617009
:100D18007475726564506F696E74733D25642C41F7
:100D28006E616C79736973506F696E74733D256475
:100D38002C4D6561737572656D656E7456616C696D
:100D4800643D25642C547261636B696E6756616CEF
:100D580069643D25642C547261636B696E67526DDA
:100D6800734C696D69744465673D31352E302C5478
:100D78007261636B696E674D61784C696D69744423
:100D880065673D33302E302C416371756973697422
:100D9800696F6E526573756C743D25732C41637170
:100DA80052656164417474656D7074733D256C752A
:100DB8002C416371526574726965733D256C752C9D
:100DC8004163715472616E73706F72744572726FA1
:100DD80072733D256C752C4163714A756D7052654F
:100DE8006A656374733D256C752C4163714661694E
:100DF8006C656453616D706C65733D256C752C432F
:100E08006F6E74696E756F75735377656570436F30
:100E18006E746578743D25732C436F6E74657874B1
:100E2800526561637175697265436F756E743D25AE
:100E38006C752C52616D70466565646261636B45C3
:100E48006E61626C65643D312C536574746C6543E6
:100E58006F6E74726163743D25732C536574746C82
:100E68006553746162696C6974794C696D6974520F
:100E780061773D256C642C536574746C655461729C
:100E8800676574546F6C6572616E63655261773D16
:100E9800256C642C536574746C65506F696E74733B
:100EA8003D25642C536574746C6553746162696C78
:100EB80069747956616C69643D25642C5365747452
:100EC8006C6554617267657450726F78696D697486
:100ED8007956616C69643D25642C536574746C653E
:100EE80056616C69643D25642C5374617274526157
:100EF800773D25752C5374617274416E676C654437
:100F080065673D25732C416E616C79736973537401
:100F18006172745261773D25752C436F6E74726FE0
:100F28006C6C65725374617465506F6C6963793D5C
:100F380025732C436F6E74726F6C6C657252657397
:100F480065744170706C6965643D25642C436F6EEF
:100F580074726F6C6C6572526573657453746174E6
:100F68006556616C69643D25642C486F6D655265F2
:100F780073756C743D25732C486F6D65447572618B
:100F880074696F6E4D733D256C752C486F6D655592
:100F98007064617465436F756E743D256C752C4281
:100FA8006174636849443D256C752C4379636C65AD
:100FB8004F726465723D256C752C52756E4F726464
:100FC80065723D256C752C426174636852756E4379
:100FD8006F756E743D256C752C507265636F6E6409
:100FE8006974696F6E50726F746F636F6C3D2573AF
:100FF8002C52756E526F6C653D25732C456C696774
:1010080069626C65466F725374617469737469635D
:10101800733D25642C507265636F6E646974696FE3
:101028006E56616C69643D25732C546865726D61F8
:101038006C50726F746F636F6C3D25732C466972C8
:10104800737452756E496E42617463683D25642CF1
:101058004D6F746F7241637469766544757261741B
:10106800696F6E4D733D256C752C436F6F6C646FA3
:10107800776E5461726765744D733D25732C436FA9
:101088006F6C646F776E41637475616C4D733D2549
:10109800732C436F6F6C646F776E56616C69643D37
:1010A80025732C54696D6553696E63655072657656
:1010B800696F757352756E4D733D25730D0A004344
:1010C8004F4F4C444F574E5F313230535F563100CB
:1010D8004F4E455F46554C4C5F53574545505F3121
:1010E8003230535F56310052455345545F424546AE
:1010F8004F52455F454143485F484F4D455F563124
:101108000053544142494C4954595F414E445F543D
:1011180041524745545F56310053574545505F4348
:101128004F4E544558545F56310053435552564517
:101138005F43575F505245524F4C4C5F4C4F4341B1
:101148004C5F524556455253414C5F434F4E5452A3
:101158004F4C5F563100434C4F535552455F484FF3
:101168004C445F56310043414E4F4E4943414C5F1A
:101178005131365F314445473336305F563200527D
:1011880045504F52545F4F4E4C590057484F4C45AD
:101198005F53595354454D5F434F4D4D414E445F46
:1011A800545241434B494E470057484F4C455F53B3
:1011B800595354454D5F5245504F52545F4F4E4C12
:1011C800595F563100554E53455400475249442CF7
:1011D800536368656D6156657273696F6E3D25640A
:1011E8002C5465737449443D256C752C537765659B
:1011F8007049443D256C752C50726F746F636F6C29
:101208003D25732C4E6F6D696E616C537465704427
:1012180065673D312E30303030302C506F696E7438
:10122800735065725265763D25752C5261775374FB
:1012380065704D696E3D25752C52617753746570E4
:101248004D61783D25752C54617267657452756CD3
:10125800653D524F554E445F494E4445585F544989
:101268004D45535F36353533365F4449565F33361F
:10127800300D0A00554E49464F524D5F315F444587
:10128800475F524F554E4445445F5241575F563170
:10129800004D4F54494F4E5F50524F46494C452CD4
:1012A800536368656D6156657273696F6E3D256439
:1012B8002C5465737449443D256C752C53776565CA
:1012C8007049443D256C752C4A696749443D25732E
:1012D8002C4D6F746F7249443D25732C44697265B7
:1012E8006374696F6E3D25732C50726F66696C6507
:1012F8003D25732C486F6D65436F6E74726F6C6C0F
:1013080065723D25732C46696E616C546172676520
:10131800744D6F64653D4F50454E5F4C4F4F505F65
:10132800554E4348414E4745442C4361707475728D
:10133800654D6F64653D5354415449435F4146547C
:1013480045525F534554544C452C5469636B4D7357
:101358003D25752C436F6D6D616E647350657244E5
:1013680065677265653D25752C506F7765723D31EF
:101378002E3030302C4C6F636B4475726174696F1A
:101388006E4D733D256C752C4C6F636B436F6D6DA3
:10139800616E64733D256C752C4C6F636B54696D7D
:1013A800696E674F76657272756E733D256C752C24
:1013B80052616D705365676D656E74733D256C750C
:1013C8002C52616D70436F6D6D616E64733D256C59
:1013D800752C52616D7054696D696E674F766572D0
:1013E80072756E733D256C752C4D61784C61746512
:1013F8006E6573735469636B733D256C752C4F620E
:101408007365727665644261636B747261636B7352
:101418003D256C752C4D61784F62736572766564F5
:101428004261636B747261636B5261773D256C75C1
:101438000D0A0053435552564534305F4142534FCD
:101448004C5554455F5449434B5F563200434F4E09
:1014580054524F4C5F53544154452C536368656D47
:101468006156657273696F6E3D25642C546573749B
:1014780049443D256C752C537765657049443D2575
:101488006C752C4A696749443D25732C4D6F746F00
:101498007249443D25732C446972656374696F6EA3
:1014A8003D25732C506F6C6963793D25732C52650B
:1014B8007365744170706C6965643D25642C526570
:1014C800736574537461746556616C69643D256411
:1014D8002C4265666F7265496E74656772616C54FB
:1014E80065726D3D25732C4265666F72654C61733C
:1014F800744572726F724465673D25732C42656648
:101508006F7265436F6D6D616E645261773D2573CF
:101518002C4265666F726546696C746572656444D1
:101528006572697661746976653D25732C426566D6
:101538006F72654C6173744F75747075745374650C
:10154800705261773D25732C4265666F72654665FA
:1015580065646261636B496E697469616C697A6517
:10156800643D25642C4265666F72654665656462F4
:1015780061636B41636365707465643D256C752CAC
:101588004265666F72654F7574707574456C6563F6
:1015980074726963616C506F736974696F6E5261BC
:1015A800773D25752C4265666F72654F7574707549
:1015B80074506F7765723D25732C4265666F72654E
:1015C8004F7574707574456E61626C65643D256411
:1015D8002C4166746572496E74656772616C5465F6
:1015E800726D3D25732C41667465724C6173744548
:1015F80072726F724465673D25732C41667465721B
:10160800436F6D6D616E645261773D25732C416641
:1016180074657246696C746572656444657269764E
:1016280061746976653D25732C41667465724C61F9
:1016380073744F7574707574537465705261773D27
:1016480025732C4166746572466565646261636BD7
:10165800496E697469616C697A65643D25642C41D9
:1016680066746572466565646261636B4163636550
:10167800707465643D256C752C41667465724F7590
:1016880074707574456C656374726963616C506FCE
:10169800736974696F6E5261773D25752C41667464
:1016A80065724F7574707574506F7765723D2573E8
:1016B8002C41667465724F7574707574456E6162FD
:1016C8006C65643D25642C486F6D65526573756C57
:1016D800743D25732C486F6D654475726174696F2C
:1016E8006E4D733D256C752C486F6D655570646142
:1016F8007465436F756E743D256C752C486F6D6508
:10170800496E697469616C4572726F724465673DB0
:1017180025732C486F6D6546696E616C4572726FF2
:10172800724465673D25732C486F6D65496E697411
:1017380069616C436F6D6D616E645261773D256CB4
:10174800642C486F6D6546696E616C436F6D6D61A1
:101758006E645261773D256C640D0A00534841441C
:101768004F575F4D4554412C536368656D6156650D
:101778007273696F6E3D25642C5465737449443DDA
:10178800256C752C537765657049443D256C752C1F
:101798004A696749443D25732C4D6F746F724944FB
:1017A8003D25732C4F6666696369616C3D302C4337
:1017B8006F6E747261637456657273696F6E3D25DE
:1017C800732C5369676E6564436F6E76656E7469D2
:1017D8006F6E3D25732C5265666572656E63654450
:1017E8006566696E6974696F6E3D25732C43616E19
:1017F8006F6E6963616C4D65616E536F7572636579
:101808003D25732C4D616446696C746572696E6719
:10181800456E61626C65643D302C54696D696E6714
:101828004D6F64653D4241434B5F544F5F424143B6
:101838004B2C526571756972656441636365707498
:10184800656453616D706C65733D25752C4D6178C9
:101858005472616E73616374696F6E733D25752C84
:101868004D6178436F6E736563757469766546611B
:10187800696C757265733D25752C4D6178456C6191
:101888007073656455733D256C752C4D61784A7588
:101898006D705261773D256C640D0A00414C4C5FB8
:1018A800544945523100504F494E54305F43414EE0
:1018B8004F4E4943414C5F4D45414E004D454153C4
:1018C800555245445F4D494E55535F544152474523
:1018D8005400444154412C25642C256C752C256CEE
:1018E800752C25732C25732C25732C25642C2575B4
:1018F8002C25752C25732C25730D0A004143512C7A
:1019080025642C256C752C256C752C25732C256469
:101918002C256C752C25752C25752C3078253032A6
:10192800580D0A004D4F54494F4E2C536368656D4E
:101938006156657273696F6E3D25642C54657374C6
:1019480049443D256C752C537765657049443D25A0
:101958006C752C4A696749443D25732C4D6F746F2B
:101968007249443D25732C446972656374696F6ECE
:101978003D25732C506F696E743D25642C52616D42
:1019880070416363657074656453616D706C6573F1
:101998003D25752C536574746C65526573756C744C
:1019A8003D25732C53746162696C69747956616C56
:1019B80069643D25642C54617267657450726F7850
:1019C800696D69747956616C69643D25642C536549
:1019D80074746C6556616C69643D25642C506F7332
:1019E8006974696F6E4572726F725261773D2573C3
:1019F8002C506F736974696F6E4572726F724465AB
:101A0800673D25732C506F6C6C436F756E743D2564
:101A1800750D0A00534841444F575F444154412CC7
:101A280025642C256C752C256C752C25732C257339
:101A38002C25732C25642C25732C25732C25730DCC
:101A48000A00534841444F575F4143512C25642CA9
:101A5800256C752C256C752C25732C25642C256C10
:101A6800752C256C752C25752C25752C25752C2524
:101A7800752C25752C25730D0A004D4F54494F4E72
:101A88005F524553554C542C536368656D615665D8
:101A98007273696F6E3D25642C5465737449443DB7
:101AA800256C752C537765657049443D256C752CFC
:101AB8004A696749443D25732C4D6F746F724944D8
:101AC8003D25732C446972656374696F6E3D257397
:101AD8002C436F6E747261637456657273696F6EAE
:101AE8003D25732C436F6E74696E756F75735377EC
:101AF800656570436F6E746578743D25732C436F0C
:101B08006E74657874526561637175697265436F47
:101B1800756E743D256C752C436F6E7465787452C0
:101B2800656164417474656D7074733D256C752CC2
:101B3800436F6E746578744163636570746564534C
:101B4800616D706C65733D256C752C436F6E7465A3
:101B58007874526574726965733D256C752C436F92
:101B68006E746578745472616E73706F72744572B6
:101B7800726F72733D256C752C436F6E7465787443
:101B88004A756D7052656A656374733D256C752C72
:101B9800436F6E746578744661696C656453616DF2
:101BA800706C65733D256C752C52616D7052656162
:101BB80064417474656D7074733D256C752C526145
:101BC8006D70416363657074656453616D706C65B5
:101BD800733D256C752C52616D7052657472696520
:101BE800733D256C752C52616D705472616E737003
:101BF8006F72744572726F72733D256C752C5261E9
:101C08006D704A756D7052656A656374733D256CB5
:101C1800752C52616D704661696C656453616D70B5
:101C28006C65733D256C752C536574746C655265D1
:101C38006164417474656D7074733D256C752C53C3
:101C48006574746C65416363657074656453616D34
:101C5800706C65733D256C752C536574746C655296
:101C68006574726965733D256C752C536574746C65
:101C7800655472616E73706F72744572726F7273AD
:101C88003D256C752C536574746C654A756D70527E
:101C9800656A656374733D256C752C536574746C43
:101CA800654661696C656453616D706C65733D254B
:101CB8006C752C536574746C65506F696E74733DE4
:101CC80025642C53746162696C69747956616C6916
:101CD80064506F696E74733D25642C546172676536
:101CE8007450726F78696D69747956616C69645063
:101CF8006F696E74733D25642C536574746C6556F6
:101D0800616C6964506F696E74733D25642C53650A
:101D180074746C6554696D656F7574506F696E7411
:101D2800733D25642C536574746C6557726F6E67C8
:101D3800506F736974696F6E506F696E74733D2567
:101D4800642C536574746C6553746162696C69744E
:101D58007956616C69643D25642C536574746C65AF
:101D680054617267657450726F78696D69747956D9
:101D7800616C69643D25642C536574746C655661A7
:101D88006C69643D25642C4D6178416273536574B8
:101D9800746C65506F736974696F6E4572726F7297
:101DA8005261773D25732C4D617841627353657498
:101DB800746C65506F736974696F6E4572726F7277
:101DC8004465673D25730D0A00524553554C542C04
:101DD800536368656D6156657273696F6E3D2564FE
:101DE8002C5465737449443D256C752C537765658F
:101DF8007049443D256C752C4A696749443D2573F3
:101E08002C4D6F746F7249443D25732C446972657B
:101E18006374696F6E3D25732C43617074757265C8
:101E280064506F696E74733D25642C416E616C79E2
:101E3800736973506F696E74733D25642C4D6561C9
:101E48006E44433D25732C524D535F41433D2573EA
:101E58002C41313D25732C41323D25732C41333DB6
:101E680025732C41363D25732C41393D25732C4172
:101E780031323D25732C4131383D25732C413237A1
:101E88003D25732C4133363D25732C4134353D2592
:101E9800732C4137323D25732C413130383D257341
:101EA8002C48315F50686173655377656570446588
:101EB800673D25732C48325F5068617365537765B9
:101EC80065704465673D25732C48335F50686173BE
:101ED8006553776565704465673D25732C48365FA3
:101EE800506861736553776565704465673D257310
:101EF8002C48395F50686173655377656570446530
:101F0800673D25732C4831325F506861736553779C
:101F18006565704465673D25732C4831385F5068A6
:101F280061736553776565704465673D25732C4813
:101F380032375F50686173655377656570446567CC
:101F48003D25732C4833365F506861736553776558
:101F580065704465673D25732C4834355F5068616A
:101F6800736553776565704465673D25732C4837FD
:101F7800325F506861736553776565704465673D86
:101F880025732C483130385F506861736553776525
:101F980065704465673D25732C41343D25732C4895
:101FA800345F506861736553776565704465673D54
:101FB80025732C41383D25732C48385F5068617370
:101FC8006553776565704465673D25732C4D6F745F
:101FD8006F72506F6C65436F756E743D25752C4D2F
:101FE8006F746F72506F6C6550616972733D2575BF
:101FF8002C456C656374726963616C526970706CAE
:10200800654D756C7469706C653D25752C456C65FE
:102018006374726963616C526970706C654F726445
:1020280065723D25752C41456C6563747269636101
:102038006C363D25732C456C656374726963616CFD
:10204800365F506861736553776565704465673DB1
:1020580025732C456C656374726963616C52697091
:10206800706C6556616C69643D25642C50686173B9
:102078006556616C69644D61736B3D307825303409
:10208800582C446F6D696E616E7453656C6563742A
:1020980065644F726465723D25752C446F6D696E79
:1020A800616E7453656C6563746564416D706C69C9
:1020B800747564653D25732C446F6D696E616E742B
:1020C80053656C6563746564456E657267795261C2
:1020D80074696F3D25732C4C65676163794D6F6436
:1020E800656C49643D48534554365F56312C4C6500
:1020F800676163794F72646572733D317C327C33FA
:102108007C367C31327C31382C4C65676163794D83
:102118006F64656C56616C69643D25642C52657307
:10212800696475616C5F524D535F48363D25732C69
:10213800526573696475616C5F524D535F483336FD
:102148003D25732C526573696475616C5F524D53FC
:102158005F46756C6C3D25732C4669747465645FC5
:102168005032503D25732C4669744578706C61690E
:102178006E6564526174696F3D25732C457874658A
:102188006E6465644D6F64656C49643D485345549D
:1021980031325F56312C457874656E6465644F72D0
:1021A800646572733D317C327C337C367C397C319A
:1021B800327C31387C32377C33367C34357C37326C
:1021C8007C3130382C457874656E6465644D6F6475
:1021D800656C56616C69643D25642C52657369644D
:1021E80075616C5F524D535F457874656E646564C4
:1021F8003D25732C4669747465645F5032505F45A1
:102208007874656E6465643D25732C4669744578F9
:10221800706C61696E6564526174696F5F4578744A
:10222800656E6465643D25732C4D6F746F725F45F0
:1022380072726F725F5032505F4465673D25732C30
:102248004D6F746F725F53797374656D5F494E4C4F
:102258005F4465673D25732C4372657374466163FB
:10226800746F723D25732C5039395F416273446530
:1022780076696174696F6E3D25732C547261636B66
:10228800696E6756616C69643D25642C547261639C
:102298006B696E674572726F725F524D535F44652A
:1022A800673D25732C547261636B696E6745727262
:1022B8006F725F4D61784162735F4465673D257356
:1022C8002C46656174757265436F6D7075746554DD
:1022D800696D654D733D256C750D0A005348414481
:1022E8004F575F524553554C542C536368656D6185
:1022F80056657273696F6E3D25642C546573744915
:10230800443D256C752C537765657049443D256CB3
:10231800752C4A696749443D25732C4D6F746F725B
:1023280049443D25732C4F6666696369616C3D308D
:102338002C436F6E747261637456657273696F6E45
:102348003D25732C56616C69643D25642C416E6192
:102358006C79736973506F696E74733D25642C4D85
:1023680065616E44433D25732C524D535F41433D97
:1023780025732C4133363D25732C5032503D25733F
:102388002C506F696E74304D65616E5261775131B2
:10239800363D25732C4572726F7230526177513118
:1023A800363D25732C436C6F737572654572726F79
:1023B800725261775131363D25732C436C6F7375BA
:1023C80072654572726F724465673D25732C436C64
:1023D8006F737572654C696D69744465673D302E1D
:1023E80032303030302C436C6F7375726556616CC7
:1023F80069643D25642C4C65676163794D696E7528
:102408007343616E6F6E6963616C524D533D257302
:102418002C4C65676163794D696E757343616E6FA6
:102428006E6963616C4133363D25732C4174746564
:102438006D70746564506F696E74733D25642C43C8
:1024480061707475726564506F696E74733D25644C
:102458002C5472616E73616374696F6E733D256C81
:10246800752C416363657074656453616D706C6548
:10247800733D256C752C5370694661696C7572657E
:10248800733D256C752C4A756D7052656A65637469
:10249800733D256C752C4D65746164617461496E7A
:1024A80076616C69643D256C752C4661696C656460
:1024B800506F696E74733D256C752C536B69707021
:1024C8006564536C6F74733D256C752C54696D6924
:1024D8006E674F76657272756E733D256C752C4DFF
:1024E800617841627354696D696E674572726F7283
:1024F8004379636C65733D256C752C4D6178436F2A
:102508006E73656375746976654661696C75726525
:10251800734F627365727665643D256C752C4665EC
:102528006174757265436F6D7075746554696D6516
:102538004D733D256C752C417070726F61636850E6
:10254800726F746F636F6C3D25732C417070726F7E
:102558006163685374727563747572616C56616CEB
:1025680069643D25730D0A00534841444F575F4D38
:1025780041442C536368656D6156657273696F6E6B
:102588003D25642C5465737449443D256C752C5362
:102598007765657049443D256C752C4A69674944DF
:1025A8003D25732C4D6F746F7249443D25732C443F
:1025B8006972656374696F6E3D25732C4F66666931
:1025C8006369616C3D302C506F696E74496E646547
:1025D800783D25642C436F6D70757465643D256482
:1025E8002C43616E646964617465436F756E743DF4
:1025F800256C752C52656A6563746564436F756EE6
:10260800743D256C752C526F62757374436F756ECB
:10261800743D256C752C52656A656374466C6F6FE2
:102628007252656C5261773D256C642C506F696EEF
:10263800744D65616E5261775131363D25732C4D6D
:10264800616446696C74657265644D65616E52615A
:10265800775131363D25732C44656C74615261772E
:102668005131363D25730D0A00434C4F53555245A1
:102678005F50524F42452C536368656D61566572D1
:1026880073696F6E3D25642C5465737449443D2508
:102698006C752C537765657049443D256C752C4ADB
:1026A800696749443D25732C4D6F746F7249443DE9
:1026B80025732C446972656374696F6E3D25732CAC
:1026C8004F6666696369616C3D302C50726F746F38
:1026D800636F6C3D25732C53746167653D25732CBE
:1026E800506F696E743D25752C436F6D6D616E6416
:1026F8005261773D256C642C506F7765723D312EA1
:1027080030303030302C4E6F6D696E616C486F6CB4
:10271800644D733D256C752C4361707475726553F7
:1027280074617274456C61707365644D733D256C9A
:10273800752C43617074757265456E64456C617083
:102748007365644D733D256C752C506F696E744DBF
:1027580065616E5261775131363D25732C436C6F3C
:10276800737572654572726F725261775131363D79
:1027780025732C436C6F737572654572726F724462
:1027880065673D25732C57696E646F7750325052D8
:1027980061773D25732C57696E646F7750325044CA
:1027A80065673D25732C57696E646F774472696657
:1027B800745261773D25732C57696E646F77447244
:1027C8006966744465673D25732C5472616E736144
:1027D8006374696F6E733D256C752C416363657016
:1027E80074656453616D706C65733D256C752C530D
:1027F80070694661696C757265733D256C752C4A04
:10280800756D7052656A656374733D256C752C4DE2
:1028180065746164617461496E76616C69643D25B3
:102828006C752C536B6970706564536C6F74733D71
:10283800256C752C54696D696E674F766572727573
:102848006E733D256C752C4D6178436F6E736563AF
:1028580075746976654661696C757265734F6273E4
:1028680065727665643D256C752C41637175697375
:102878006974696F6E526573756C743D25732C5657
:10288800616C69643D25640D0A00434C4F535552F1
:10289800455F50524F42455F524553554C542C5357
:1028A8006368656D6156657273696F6E3D25642C4A
:1028B8005465737449443D256C752C537765657070
:1028C80049443D256C752C4A696749443D25732C5C
:1028D8004D6F746F7249443D25732C44697265636A
:1028E80074696F6E3D25732C4F6666696369616C08
:1028F8003D302C50726F746F636F6C3D25732C459F
:102908006E61626C65643D25642C537461727465F4
:10291800643D25642C436F6D706C6574653D25645A
:102928002C45787065637465645374616765733D9D
:1029380025752C417474656D707465645374616792
:1029480065733D256C752C56616C696453746167B9
:1029580065733D256C752C506F73745475726E5485
:10296800696D696E67436F6D70617261626C653D18
:1029780025642C4163717569736974696F6E52655A
:1029880073756C743D25732C5374617475733D2590
:10299800730D0A00415050524F4143485F5245530E
:1029A800554C542C536368656D6156657273696F35
:1029B8006E3D25642C5465737449443D256C752C13
:1029C800537765657049443D256C752C4A6967499C
:1029D800443D25732C4D6F746F7249443D25732C0B
:1029E800446972656374696F6E3D25732C4F666622
:1029F800696369616C3D302C50726F746F636F6CE2
:102A08003D25732C417070726F6163685061746802
:102A18003D43575F4343575F43572C526576657272
:102A280073616C436F756E743D256C752C537461BE
:102A3800727465643D312C436F6D706C6574653DCF
:102A480025642C5374617475733D25732C5072651D
:102A5800526F6C6C436F6D6D616E6444656C74612C
:102A68005261773D25732C507265526F6C6C4F62C2
:102A780073657276656444656C74615261773D254F
:102A8800732C507265526F6C6C5461726765744533
:102A980072726F725261773D25732C507265526F56
:102AA8006C6C4475726174696F6E4D733D256C75FD
:102AB8002C46696E616C436F6D6D616E6444656C24
:102AC80074615261773D25732C46696E616C4F6263
:102AD80073657276656444656C74615261773D25EF
:102AE800732C46696E616C546172676574457272C5
:102AF8006F725261773D25732C46696E616C44751F
:102B0800726174696F6E4D733D256C752C4F7269D7
:102B180067696E53686966744F6273657276656437
:102B28005261773D25732C4F726967696E536869E6
:102B380066745461726765744572726F7252617718
:102B48003D25732C496E697469616C536574746CA6
:102B580065526573756C743D25732C507265526FA0
:102B68006C6C536574746C65526573756C743D4E0A
:102B7800412C46696E616C536574746C655265735B
:102B8800756C743D25732C507265506F7369746948
:102B98006F6E536574746C65526573756C743D25FE
:102BA800732C4C6F63616C4261636B6F666653652F
:102BB80074746C65526573756C743D25732C4C6F19
:102BC80063616C4261636B6F6666436F6D6D616EC6
:102BD8006444656C74615261773D25732C4C6F6356
:102BE800616C4261636B6F66664F6273657276658E
:102BF8006444656C74615261773D25732C4C6F6336
:102C0800616C4261636B6F66665461726765744597
:102C180072726F725261773D25732C4C6F63616CD1
:102C28004261636B6F66664475726174696F6E4D5D
:102C3800733D256C752C417070726F6163685265C5
:102C48006164417474656D7074733D256C752C41B5
:102C58007070726F616368526574726965733D253F
:102C68006C752C417070726F6163685472616E7319
:102C7800706F72744572726F72733D256C752C415A
:102C88007070726F6163684A756D7052656A6563CA
:102C980074733D256C752C417070726F6163684662
:102CA80061696C656453616D706C65733D256C7505
:102CB8002C417070726F61636841637175697369E3
:102CC80074696F6E436C65616E3D25642C4170704C
:102CD800726F6163685374727563747572616C5650
:102CE800616C69643D25640D0A00415050524F41A2
:102CF80043485F53544550532C536368656D615680
:102D0800657273696F6E3D25642C5465737449440C
:102D18003D256C752C537765657049443D256C7568
:102D28002C4A696749443D25732C4D6F746F72496D
:102D3800443D25732C4F6666696369616C3D302C90
:102D48004C65673D4241434B4F46462C5374657072
:102D5800436F756E743D25752C556E777261707072
:102D680065645261773D25730D0A00415050524FFA
:102D78004143485F53544550532C536368656D6114
:102D880056657273696F6E3D25642C54657374497A
:102D9800443D256C752C537765657049443D256C19
:102DA800752C4A696749443D25732C4D6F746F72C1
:102DB80049443D25732C4F6666696369616C3D30F3
:102DC8002C4C65673D464F52574152442C5374650D
:102DD80070436F756E743D25752C556E77726170F2
:102DE8007065645261773D25730D0A005357454558
:102DF800505F52414D505F53544550532C536368B4
:102E0800656D6156657273696F6E3D25642C5465F6
:102E1800737449443D256C752C5377656570494436
:102E28003D256C752C4A696749443D25732C4D6FC7
:102E3800746F7249443D25732C4F666669636961F6
:102E48006C3D302C546F506F696E74496E646578B0
:102E58003D256C752C53746570436F756E743D25F4
:102E6800752C556E777261707065645261773D2577
:102E7800730D0A00534841444F575F454E442C5345
:102E88006368656D6156657273696F6E3D25642C64
:102E98005465737449443D256C752C53776565708A
:102EA80049443D256C752C4A696749443D25732C76
:102EB8004D6F746F7249443D25732C4F6666696384
:102EC80069616C3D302C537461727465643D25648E
:102ED8002C417474656D70746564506F696E747399
:102EE8003D25642C4361707475726564506F696E1A
:102EF80074733D25642C4163717569736974696FD6
:102F08006E526573756C743D25732C5374617475BA
:102F1800733D25730D0A004D6F746F72206F6666DE
:102F28007365743A2025750D0A004D6F746F722011
:102F3800616E676C65206F66667365743A202573E9
:102F4800206465677265650D0A004D413630302092
:102F58007374617274207261773D257520636F7593
:102F68006E743D256C642066696C74657265643D99
:102F7800257320726177416E676C653D2573206407
:102F880065677265650D0A004E4C2063757276653B
:102F98002025643A20616E676C653D257320657253
:102FA800726F723D2573206465670D0A004E4C20D0
:102FB800706F696E7473206E6F7420736574746CAF
:102FC80065642077697468696E20256C646D732068
:102FD80025643A2025642F25640D0A004E4C206193
:102FE80062736F6C7574652065787472656D6120A5
:102FF80025643A206D61785F7261773D25752028D8
:1030080025732064656729206D696E5F7261773D5D
:1030180025752028257320646567290D0A004E4C04
:10302800206861726D6F6E69633120286D6F756EEF
:1030380074696E672F636F6E63656E747269636916
:103048007479207369676E617475726529202564C7
:103058003A20616D706C69747564653D25732070E4
:10306800686173653D2573206465670D0A004E4CE1
:10307800206861726D6F6E696336202868697374A1
:103088006F726963616C207265666572656E6365EF
:103098002C2073656520524553554C5427732044A2
:1030A8006F6D696E616E7453656C65637465644FAA
:1030B80072646572292025643A20616D706C6974A8
:1030C8007564653D25732070686173653D257320BF
:1030D8006465670D0A004E4C20646F6D696E616E01
:1030E80074206861726D6F6E69632025643A206F81
:1030F800726465723D257520616D706C69747564C4
:10310800653D2573206465670D0A004E4C20726189
:1031180077207065616B2D746F2D7065616B20254C
:1031280064202873696E676C65206D61782D6D6900
:103138006E2C20666F7220636F6D70617269736F99
:103148006E293A202573206465677265650D0A004B
:103158004E4C2054432070657263656E74696C65CB
:103168002025643A2050353D2573205039353D25BA
:10317800732072616E67653D2573206465677265AB
:10318800650D0A004E4C20544320726D732025644F
:103198003A202573206465677265650D0A004D4104
:1031A80036303020526177204E6F6E6C696E6561E3
:1031B8007220256420416E676C653A20257320646F
:1031C80065677265650D0A004D41363030204669E5
:1031D8006C7465722D526177204D61782044696660
:1031E800662025643A202573206465677265650D3D
:1031F8000A004E6F6E6C696E656172202564204905
:103208004E56414C49443A20747261636B696E674B
:103218003D2564206163717569736974696F6E3DDA
:10322800257320736574746C65643D25642F25646B
:103238000D0A00454E442C536368656D61566572EE
:1032480073696F6E3D25642C5465737449443D253C
:103258006C752C537765657049443D256C752C4415
:103268006972656374696F6E3D25732C4361707470
:1032780075726564506F696E74733D25642C416E78
:10328800616C79736973506F696E74733D25642C32
:10329800547261636B696E6756616C69643D25643D
:1032A8002C536574746C6553746162696C697479C4
:1032B80056616C69643D25642C536574746C65545F
:1032C800617267657450726F78696D697479566157
:1032D8006C69643D25642C536574746C6556616C27
:1032E80069643D25642C4163717569736974696FFC
:1032F8006E526573756C743D25732C5561727454E8
:1033080072616E736D69744661696C757265733D3F
:10331800256C752C5374617475733D25730D0A0003
:10332800505245434F4E444954494F4E5F505245C1
:103338005F4D4F544F520042415443485F505245ED
:103348005F4D4F544F5200545241434B494E475FD3
:10335800494E56414C494400434C4F535552455FE2
:10336800494E56414C4944004143515549534954EB
:10337800494F4E5F4641554C540047657474696E19
:103388006720726573756C74210D0A004D6F746F38
:1033980072204552524F523A204535303720286323
:1033A8006F6E74726F6C2D73657373696F6E2072B4
:1033B8006573657420766572696669636174696F9F
:1033C8006E206661696C656429210D0A004D4136DD
:1033D8003030206D6F76652D746F2D7A65726F3A77
:1033E800206572726F723D2573206465672073656E
:1033F80074746C65643D256C642F256C6420636D62
:1034080064506F733D256C640D0A004D6F746F72C4
:10341800204552524F523A2045353032210D0A008C
:103428004D6F746F72204552524F523A20453530D5
:103438003320286D6F76652D746F2D7A65726F2035
:10344800646964206E6F7420636F6E766572676559
:103458002077697468696E20256C64206D73292152
:103468000D0A004D6F746F72204552524F523A2028
:103478004535303420286D6F76652D746F2D7A654B
:10348800726F20656E636F64657220616371756920
:10349800736974696F6E206661696C656429210DB2
:1034A8000A004D6F746F72204552524F523A2045B0
:1034B80035303520287377656570206163717569CB
:1034C800736974696F6E206661696C65643A20255A
:1034D8007329210D0A004D6F746F72204552524FA7
:1034E800523A20453530362028737765657020615B
:1034F80063717569736974696F6E20696E76616C42
:1035080069643B20696E7370656374204D4554414E
:103518002F454E4429210D0A004D4F554E545F50FA
:103528005245434845434B5F524553554C542C53E1
:103538006368656D6156657273696F6E3D25642CAD
:10354800426174636849443D256C752C4379636C0A
:10355800654F726465723D256C752C5465737449AA
:10356800443D256C752C50726F746F636F6C3D50C1
:103578005245434F4E444954494F4E5F46554C4C73
:103588005F53574545505F4D4F554E545F47415423
:10359800455F56312C4A696749443D25732C4D6F68
:1035A800746F7249443D25732C526F627573745061
:1035B80032504465673D25732C4831416D706C6904
:1035C800747564654465673D25732C48315068619E
:1035D80073654465673D25732C4832416D706C698D
:1035E800747564654465673D25732C48325068617D
:1035F80073654465673D25732C436C6F73757265FD
:103608004572726F724465673D25732C547261630D
:103618006B696E6756616C69643D25642C436C6FF9
:103628007375726556616C69643D25642C416371DC
:103638007569736974696F6E526573756C743D252D
:10364800732C4D6F756E7456616C69643D25642CDE
:1036580052656A656374526561736F6E3D25732C9C
:1036680047617465456E61626C65643D25640D0A49
:1036780000505245434F4E444954494F4E5F5245BE
:1036880053554C542C536368656D61566572736964
:103698006F6E3D25642C426174636849443D256C16
:1036A800752C4379636C654F726465723D256C7542
:1036B8002C5465737449443D256C752C50726F7495
:1036C8006F636F6C3D25732C52756E526F6C653D40
:1036D800505245434F4E444954494F4E2C456C690E
:1036E8006769626C65466F72537461746973746953
:1036F80063733D302C5374617475733D56414C4966
:10370800440D0A004D4136303020526177204E6F0B
:103718006E6C696E6561722046696E616C204176D7
:1037280065726167653A202573206465677265650F
:103738000D0A004D6F746F72204F4B210D0A004225
:10374800415443482C426174636849443D256C7573
:103758002C5374617475733D4641494C45442C4360
:1037680079636C654F726465723D256C752C527572
:103778006E4F726465723D256C752C52756E526F72
:103788006C653D25730D0A0042415443482C426143
:1037980074636849443D256C752C53746174757362
:1037A8003D434F4D504C4554452C507265636F6EE8
:1037B800646974696F6E436F756E743D256C752C02
:1037C80052756E436F756E743D256C752C546F740D
:1037D800616C4379636C65436F756E743D256C75D8
:1037E8002C507265636F6E646974696F6E56616C94
:1037F80069643D312C507265636F6E646974696FDA
:103808006E52756E73557365643D256C752C5072D8
:1038180065636F6E646974696F6E53746162696C15
:1038280069747944656C74614465673D25730D0A54
:103838000042415443482C426174636849443D2521
:103848006C752C5374617475733D434F4F4C444FE2
:10385800574E5F53544152542C4379636C654F72F1
:103868006465723D256C752C52756E4F7264657275
:103878003D256C752C52756E526F6C653D25732C09
:103888005461726765744D733D256C752C50726F69
:10389800746F636F6C3D25730D0A00424F4F545F80
:1038A800534D4F4B45004D41363030205354415411
:1038B800555320707265636865636B206661696C37
:1038C8006564204E564D423D2564204352433D25B4
:1038D80064204D454D3D2564205041523D25643BB3
:1038E80020626174636820726566757365640D0A89
:1038F8000042415443482C426174636849443D2561
:103908006C752C5374617475733D53544152542C27
:10391800507265636F6E646974696F6E50726F740C
:103928006F636F6C3D25732C507265636F6E6469AD
:1039380074696F6E436F756E743D256C752C527586
:103948006E436F756E743D256C752C546F74616C85
:103958004379636C65436F756E743D256C752C43B4
:103968006F6F6C646F776E5461726765744D733DE9
:10397800256C750D0A0042415443482C426174631A
:103988006849443D256C752C5374617475733D46C4
:1039980041494C45442C526561736F6E3D434F4F0E
:1039A8004C444F574E5F494E56414C49442C436F47
:1039B8006D706C657465644379636C654F7264659A
:1039C800723D256C752C4E6578744379636C654F30
:1039D800726465723D256C752C5461726765744D0F
:1039E800733D256C752C41637475616C4D733D2571
:1039F8006C752C546F6C6572616E63654D733D25F3
:103A08006C750D0A0052554E54494D452C46726549
:103A180065486561703D256C752C4D696E45766508
:103A28007246726565486561703D256C752C5465F4
:103A38007374537461636B4869676857617465721E
:103A4800576F7264733D256C750D0A004E4F545FB5
:103A58004150504C494341424C45004F4B00494E60
:103A6800495449414C5F534554544C455F4641497C
:103A78004C4544004241434B4F46465F53455454DE
:103A88004C455F4641494C454400504F494E5430DF
:103A98005F534554544C455F4641494C45440041A9
:103AA80043515549534954494F4E5F4552524F521D
:103AB80000505245524F4C4C5F534554544C455F4F
:103AC8004641494C454400505245504F534954498A
:103AD8004F4E5F534554544C455F4641494C45440D
:103AE8000057524F4E475F504F534954494F4E006D
:103AF800444952454354494F4E5F4552524F520034
:103B0800494E56414C49445F415247005350495F22
:103B180054494D454F5554005350495F4552524FF3
:103B2800520053414D504C455F4A554D5000434F4C
:103B38004E4649475F4552524F520054494D494EEF
:103B4800475F4D455441444154415F494E56414CAD
:103B58004944004143515549534954494F4E5F42E6
:103B680055444745545F45584345454445440041FD
:103B780043515549534954494F4E5F54494D454F58
:103B88005554004D4154485F4F564552464C4F5787
:103B980000494E495449414C00484F4C445F353028
:103BA80000484F4C445F31303000484F4C445F323E
:103BB800303000546573745461736B004A4947315F
:103BC800004A494732004A494733004A49473400C6
:103BD8004A494735004A494736004A494737004964
:103BE800444C4500546D725100546D7220537663F5
:103BF80000232D302B2000686C4C00656667454615
:103C0800470030313233343536373839414243444E
:103C180045460030313233343536373839616263DE
:103C280064656600770401087C0401088F040108B4
:103C3800A0040108C4040108E4040108F20401080E
:103C4800FF0401080D0501081D0501082A050108E2
:103C58003A05010804070108000000000000000000
:103C68000000000000000000001000001800000024
:103C7800000000000000000000000040A69B443B3C
:103C88009A99993E0000A0400000C8430000803E79
:103C9800000000410000FB01FD01FC01543A01084D
:103CA800633A0108663A01087C3A0108923A010829
:103CB800A73A0108B93A0108CF3A0108633A01085E
:103CC800183B0108E93A0108A73A0108633A0108D4
:103CD800F83A0108183B0108A73A0108633A0108B5
:103CE800083B0108143B0108203B01082A3B010856
:103CF800363B0108433B01085B3B0108773B010861
:103D08008B3B0108993B0108A13B0108A93B01082D
:103D1800B23B01080000000032000000640000000F
:103D2800C8000000BB3B01080000000000000000C4
:103D3800000000000000000000200000200000003B
:103D48000000000000000000010203060C1201023E
:103D58000306090C121B242D486C000027003C00A8
:103D68000447343235353538C43B010800000005B6
:103D780000000000AD550A192C0025000447343214
:103D880035353538C93B0108000000050000000042
:103D9800AD550A193A004C000B51343039333631DD
:103DA800CE3B01080000000500000000AD550A19CF
:103DB8003A0049000B51343039333631D33B0108CE
:103DC8000000000500000000AD550A1928001D007C
:103DD8000447343235353538D83B01080000000532
:103DE80000000000AD550A19320051001851353253
:103DF80031383835DD3B01080000000500000000BF
:103E0800AD550A1932004600185135323138383567
:103E1800E23B01080000000500000000AD550A194A
:103E28000000000001020304000000000000000080
:103E380001020304060708090006101600061016FA
:103E480059F3F8C21F6EA501000000000000F03F02
:103E580000000080DB0F4940DB0F49C0DB0F49BF82
:103E6800E4CB1640E4CB16C0000FC93F000F494011
:103E780000CB9640000FC9400053FB4000CB1641D1
:103E880000ED2F41000F49410031624100537B4151
:103E9800003A8A4100CB9641005CA34100EDAF4156
:103EA800007EBC41000FC94100A0D5410031E2416C
:103EB80000C2EE410053FB4100F20342003A0A42BD
:103EC8000083104200CB164200141D42005C2342BE
:103ED80000A5294200ED2F4200363642007E3C42C2
:103EE80000C74242000F4942A2000000F90000004A
:103EF800830000006E0000004E0000004400000037
:103F08001500000029000000FC0000002700000048
:103F180057000000D1000000F50000003400000048
:103F2800DD000000C0000000DB00000062000000AF
:103F380095000000990000003C00000043000000CC
:103F48009000000041000000FE0000005100000049
:103F580063000000AB000000DE000000BB000000B2
:103F6800C500000061000000B70000002400000048
:103F78006E0000003A000000420000004D00000002
:103F8800D2000000E0000000060000004900000028
:103F98002E000000EA00000009000000D100000027
:103FA800920000001C000000FE0000001D00000040
:103FB800EB0000001C000000B10000002900000018
:103FC800A70000003E000000E8000000820000009A
:103FD80035000000F50000002E000000BB000000C6
:103FE8004400000084000000E90000009C0000007C
:103FF8007000000026000000B40000005F00000010
:104008007E0000004100000039000000910000001F
:10401800D6000000390000008300000053000000B3
:1040280039000000F40000009C000000840000003B
:104038005F0000008B000000BD000000F9000000D8
:10404800280000003B0000001F000000F8000000EE
:1040580097000000FF000000DE00000005000000DF
:10406800980000000F000000EF0000002F00000083
:10407800110000008B0000005A0000000A00000038
:104088006D0000001F0000006D00000036000000F9
:104098007E000000CF00000027000000CB000000D9
:1040A80009000000B70000004F00000046000000B3
:1040B8003F000000660000009E0000005F00000056
:1040C800EA0000002D000000750000002700000035
:1040D800BA000000C7000000EB000000E500000087
:1040E800F10000007B0000003D0000000700000018
:1040F80039000000F70000008A00000052000000AC
:1041080092000000EA0000006B000000FB000000C5
:104118005F000000B10000001F0000008D000000DB
:104128005D000000080000005600000003000000C9
:104138003000000046000000FC0000007B0000008A
:104148006B000000AB000000F0000000CF00000092
:10415800BC000000200000009A000000F4000000ED
:10416800360000001D000000A9000000E300000068
:1041780091000000610000005E000000E600000001
:104188001B00000008000000650000009900000006
:10419800850000005F00000014000000A00000007F
:1041A80068000000400000008D000000FF000000D3
:1041B800D8000000800000004D00000073000000DF
:1041C8002700000031000000060000000600000083
:1041D8001500000056000000CA000000730000002F
:1041E800A8000000C900000060000000E200000014
:1041F8007B000000C00000008C0000006B00000085
:104208006937AC3168212233B40F14336821A233E3
:104218003863ED3EDA0F493F5E987B3FDA0FC93FBE
:104228000000C93F0000F0390000DA370000A2336F
:104238000000842E0000502B0000C2270000D0226E
:104248000000C41F0000C61B000044170400000043
:0842580007000000090000004E
:0842600070BFFE7F01000000A9
:04426800B501000894
:04426C0091010008B4
:104270000024F4000100000010000000AAAAAAAA6D
:104280001400002000000000D8EA012040EB0120CB
:10429000A8EB01200000000000000000000000006A
:1042A000000000000000000000000000000000000E
:1042B00000000000000000000000000000000000FE
:1042C00000000000000000000000000000000000EE
:0400000508008DF56D
:00000001FF
