point_index,sweep_angle_deg,a1_raw_mean_error_deg,a1_raw_pointwise_sd_deg,a1_centered_mean_error_deg,a1_centered_pointwise_sd_deg,a1_top_selection_rate,a1_bottom_selection_rate,b_raw_mean_error_deg,b_raw_pointwise_sd_deg,b_centered_mean_error_deg,b_centered_pointwise_sd_deg,b_top_selection_rate,b_bottom_selection_rate,a2_raw_mean_error_deg,a2_raw_pointwise_sd_deg,a2_centered_mean_error_deg,a2_centered_pointwise_sd_deg,a2_top_selection_rate,a2_bottom_selection_rate,a_average_raw_mean_error_deg,a_average_centered_mean_error_deg,b_minus_a_raw_error_deg,b_minus_a_centered_error_deg,b_aligned_source_index,b_aligned_source_angle_deg,b_aligned_centered_mean_error_deg,b_minus_a_aligned_centered_error_deg
0,0.0,0.006703333333333333,0.006548849771779265,0.07356252777777779,0.045793614065388566,0.0,0.0,-0.006746666666666666,0.012265359078858364,-0.28382769444444444,0.007779886667864431,0.0,0.0,-0.010906666666666667,0.013931723989992529,-0.07667899074074074,0.009600204066613775,0.0,0.0,-0.002101666666666667,-0.001558231481481473,-0.004644999999999998,-0.28226946296296296,320,320.0,-0.05306436111111112,-0.051506129629629645
1,1.0,0.5142033333333333,0.01927889346755497,0.5810625277777778,0.05707948018385108,0.0,0.0,0.5131433333333334,0.021241027125196463,0.23606230555555555,0.009248531859966448,0.0,0.0,0.48856666666666665,0.015017797219743412,0.4227943425925926,0.007140393466845407,0.0,0.0,0.501385,0.5019284351851852,0.011758333333333426,-0.26586612962962963,321,321.0,0.4461423055555555,-0.055786129629629644
2,2.0,0.7809066666666666,0.01712155756154598,0.8477658611111111,0.05473864326915243,0.0,0.0,0.8048299999999999,0.031381617230474286,0.5277489722222222,0.020575979777085644,0.0,0.0,0.74693,0.023598370706470414,0.681157675925926,0.005653519198192502,0.0,0.0,0.7639183333333333,0.7644617685185185,0.04091166666666668,-0.23671279629629638,322,322.0,0.7462756388888888,-0.018186129629629733
3,3.0,0.9843933333333332,0.013962708667494751,1.0512525277777778,0.04687763351716629,0.0,0.0,0.9922466666666666,0.03128423937597543,0.7151656388888888,0.016477705220770043,0.0,0.0,0.9379366666666668,0.023428052273574345,0.8721643425925926,0.003085296532701756,0.0,0.0,0.961165,0.9617084351851852,0.031081666666666563,-0.24654279629629638,323,323.0,0.9082623055555555,-0.05344612962962969
4,4.0,0.92399,0.015269040572347658,0.9908491944444444,0.040356649600128254,0.0,0.0,0.9360166666666666,0.043668893200232727,0.6589356388888888,0.027453330690633135,0.0,0.0,0.8976433333333333,0.04065010250089577,0.8318710092592593,0.021787663579001297,0.0,0.0,0.9108166666666666,0.9113601018518518,0.0252,-0.25242446296296295,324,324.0,0.8897056388888888,-0.021654462962963028
5,5.0,0.23203666666666667,0.012959005877509798,0.29889586111111116,0.05127561198240109,0.0,0.0,0.24064,0.03068636016213066,-0.036441027777777794,0.015296356225815239,0.0,0.0,0.20179333333333335,0.009345439172844331,0.13602100925925925,0.015246590030727253,0.0,0.0,0.21691500000000002,0.2174584351851852,0.02372499999999997,-0.253899462962963,325,325.0,0.1951689722222222,-0.022289462962962997
6,6.0,-0.5586633333333334,0.011799043746564097,-0.4918041388888889,0.04996884654743258,0.0,0.0,-0.5562633333333333,0.056264079423139345,-0.8333443611111111,0.04089973244830077,0.0,0.0,-0.5963433333333333,0.016047810857974784,-0.6621156574074073,0.008565073926205697,0.0,0.0,-0.5775033333333334,-0.5769598981481481,0.021240000000000037,-0.256384462962963,326,326.0,-0.5269576944444444,0.050002203703703674
7,7.0,-0.7284133333333335,0.009841490402034272,-0.6615541388888889,0.029982004792741608,0.0,0.0,-0.7372733333333333,0.04120078195050836,-1.014354361111111,0.02866390318866679,0.0,0.0,-0.7510866666666667,0.020693685832478746,-0.8168589907407408,0.005618702925504427,0.0,0.0,-0.7397500000000001,-0.7392065648148148,0.0024766666666667936,-0.27514779629629615,327,327.0,-0.5928543611111111,0.14635220370370372
8,8.0,-0.5575166666666667,0.00673609926688537,-0.4906574722222223,0.03866455307804955,0.0,0.0,-0.5869266666666667,0.04524413368972086,-0.8640076944444445,0.031418907177549686,0.0,0.0,-0.5868733333333334,0.013765036626661554,-0.6526456574074074,0.006850344332402492,0.0,0.0,-0.572195,-0.5716515648148148,-0.014731666666666698,-0.29235612962962965,328,328.0,-0.47483436111111116,0.09681720370370367
9,9.0,-0.28863666666666665,0.019905567897785113,-0.22177747222222222,0.03232209800074485,0.0,0.0,-0.3200866666666667,0.018175176294422377,-0.5971676944444445,0.0019510112501336804,0.0,0.0,-0.33172666666666667,0.025199322080828545,-0.39749899074074074,0.0049608278944552565,0.0,0.0,-0.3101816666666667,-0.3096382314814815,-0.009904999999999997,-0.287529462962963,329,329.0,-0.20646102777777778,0.10317720370370373
10,10.0,0.18804666666666667,0.007969468823788283,0.2549058611111111,0.042824689649946054,0.0,0.0,0.16212333333333334,0.017370185184198052,-0.11495769444444444,0.01041419495519527,0.0,0.0,0.13714666666666667,0.022171229856129612,0.0713743425925926,0.003882636951184294,0.0,0.0,0.16259666666666667,0.16314010185185185,-0.0004733333333333256,-0.2780977962962963,330,330.0,0.26539897222222225,0.1022588703703704
11,11.0,0.56377,0.019831462376738666,0.6306291944444444,0.022522392813789562,0.0,0.0,0.5488466666666666,0.022209966981815474,0.2717656388888889,0.01979476482160355,0.0,0.0,0.5326433333333332,0.022830843903222927,0.46687100925925923,0.002338208254807445,0.0,0.0,0.5482066666666666,0.5487501018518518,0.0006399999999999739,-0.2769844629629629,331,331.0,0.7038756388888889,0.15512553703703713
12,12.0,0.8141766666666667,0.011016175985038247,0.8810358611111111,0.030292216808443666,0.0,0.0,0.82432,0.016502157434711378,0.5472389722222223,0.024795037180593966,0.0,0.0,0.7715766666666667,0.01794580823850889,0.7058043425925926,0.0072078759180674475,0.0,0.0,0.7928766666666667,0.7934201018518519,0.03144333333333338,-0.24618112962962957,332,332.0,0.9747889722222222,0.1813688703703703
13,13.0,0.98757,0.008255549648569754,1.0544291944444444,0.03245042182147985,0.0,0.0,1.0353233333333334,0.00782729412589901,0.7582423055555556,0.013903472464273592,0.0,0.0,0.9586899999999999,0.020549810218101747,0.892917675925926,0.00170168752579389,0.0,0.0,0.9731299999999999,0.9736734351851852,0.062193333333333434,-0.21543112962962963,333,333.0,1.1767589722222223,0.20308553703703702
14,14.0,0.9807466666666667,0.01881254988919186,1.0476058611111112,0.025731216142455385,0.0,0.0,1.0432533333333334,0.0228464665393434,0.7661723055555556,0.012146140329263084,0.0,0.0,0.97229,0.002424953607803668,0.9065176759259259,0.018760676816205454,0.0,0.0,0.9765183333333334,0.9770617685185186,0.06673499999999999,-0.21088946296296296,334,334.0,1.2495489722222222,0.2724872037037036
15,15.0,0.3441166666666667,0.01920095396935615,0.4109758611111111,0.02262640958783384,0.0,0.0,0.47803666666666667,0.01051286037828588,0.2009556388888889,0.005828813001740531,0.0,0.0,0.24475,0.0753867674064885,0.17897767592592592,0.05545493097894798,0.0,0.0,0.2944333333333333,0.2949767685185185,0.18360333333333334,-0.09402112962962961,335,335.0,0.6247123055555556,0.32973553703703706
16,16.0,-0.41051,0.026465804352031334,-0.34365080555555555,0.013397620155700007,0.0,0.0,-0.3960966666666666,0.04335309485300137,-0.6731776944444444,0.03408916711945522,0.0,0.0,-0.5116866666666667,0.012558424795066171,-0.5774589907407407,0.008450138924470425,0.0,0.0,-0.4610983333333334,-0.4605548981481481,0.06500166666666679,-0.21262279629629632,336,336.0,-0.24225102777777777,0.21830387037037033
17,17.0,-0.56079,0.031682927579376255,-0.4939308055555556,0.012727235745648382,0.0,0.0,-0.5882766666666667,0.02333071009063665,-0.8653576944444444,0.023578314646403694,0.0,0.0,-0.7028833333333333,0.03502118977609603,-0.7686556574074075,0.029534208094178838,0.0,0.0,-0.6318366666666666,-0.6312932314814815,0.04355999999999993,-0.2340644629629629,337,337.0,-0.49107102777777784,0.1402222037037037
18,18.0,-0.4743266666666666,0.024715681931383845,-0.40746747222222224,0.01756835941410254,0.0,0.0,-0.48418999999999995,0.026142999062846617,-0.7612710277777778,0.01812563457611998,0.0,0.0,-0.5858033333333333,0.019456835131473324,-0.6515756574074074,0.007032133762255763,0.0,0.0,-0.530065,-0.5295215648148148,0.045875000000000055,-0.23174946296296295,338,338.0,-0.41764436111111114,0.11187720370370369
19,19.0,-0.2540966666666667,0.037844615645205505,-0.18723747222222223,0.013316936011159214,0.0,0.0,-0.22957333333333332,0.031936302749900995,-0.5066543611111111,0.028497014393486782,0.0,0.0,-0.36093333333333333,0.02276101125462869,-0.42670565740740746,0.002495574688931398,0.0,0.0,-0.307515,-0.30697156481481486,0.07794166666666666,-0.1996827962962962,339,339.0,-0.1977110277777778,0.10926053703703706
20,20.0,0.10549000000000001,0.024556320978517936,0.17234919444444444,0.017172568944970153,0.0,0.0,0.14579333333333333,0.02961965957490621,-0.13128769444444446,0.02020572538246229,0.0,0.0,-0.0009166666666666669,0.025932329886327866,-0.06668899074074074,0.008342028084648963,0.0,0.0,0.052286666666666676,0.05283010185185185,0.09350666666666665,-0.18411779629629632,340,340.0,0.17571897222222221,0.12288887037037036
21,21.0,0.59899,0.02928205593874856,0.6658491944444443,0.011384785522440705,0.0,0.0,0.6478700000000001,0.026610005636978004,0.3707889722222222,0.015770517179863514,0.0,0.0,0.48223,0.03200602599511538,0.4164576759259259,0.012135034880318809,0.0,0.0,0.54061,0.5411534351851851,0.10726000000000002,-0.17036446296296293,341,341.0,0.6431456388888889,0.10199220370370377
22,22.0,0.8660800000000001,0.04309266178829063,0.9329391944444444,0.02514654152833789,0.0,0.0,0.95479,0.009527575767213792,0.6777089722222223,0.007166519177422987,0.0,0.0,0.76356,0.009309935552945525,0.6977876759259259,0.011313964559187656,0.0,0.0,0.8148200000000001,0.8153634351851852,0.13996999999999993,-0.1376544629629629,342,342.0,0.9437656388888889,0.1284022037037037
23,23.0,1.0970766666666667,0.028617593073725342,1.163935861111111,0.014520190378028663,0.0,0.0,1.1695733333333334,0.03350588654749095,0.8924923055555555,0.017295239756403572,0.0,0.0,0.9849366666666667,0.019900277217499658,0.9191643425925925,0.004673500499296405,0.0,0.0,1.0410066666666666,1.0415501018518518,0.12856666666666672,-0.14905779629629634,343,343.0,1.1201323055555557,0.07858220370370383
24,24.0,1.1508466666666666,0.043381685459803594,1.2177058611111111,0.01702806571362496,0.0,0.0,1.2527066666666666,0.041737302660010786,0.9756256388888889,0.025995462347800872,0.0,0.0,1.0592066666666666,0.022416967532057804,0.9934343425925926,0.001994138487119888,0.0,0.0,1.1050266666666666,1.1055701018518518,0.14768000000000003,-0.12994446296296291,344,344.0,1.1704889722222223,0.06491887037037047
25,25.0,0.5723333333333334,0.012104141164631741,0.6391925277777778,0.03520148820643149,0.0,0.0,0.6643766666666666,0.038470373449361404,0.38729563888888885,0.04332276602445021,0.0,0.0,0.47998999999999997,0.024466162347209244,0.4142176759259259,0.005482594898798471,0.0,0.0,0.5261616666666666,0.5267051018518518,0.13821499999999998,-0.13940946296296297,345,345.0,0.5141589722222223,-0.012546129629629532
26,26.0,-0.36104,0.03722167245033462,-0.29418080555555554,0.004097431479025449,0.0,0.0,-0.31081000000000003,0.027337953471318947,-0.5878910277777778,0.014351712515249485,0.0,0.0,-0.4529533333333333,0.015323355811744791,-0.5187256574074074,0.008658840727849051,0.0,0.0,-0.4069966666666667,-0.4064532314814815,0.09618666666666664,-0.1814377962962963,346,346.0,-0.4834410277777778,-0.07698779629629632
27,27.0,-0.7135033333333333,0.05264367894945536,-0.6466441388888889,0.02010099099969331,0.0,0.0,-0.6553933333333334,0.03306638222323893,-0.9324743611111111,0.020425113733080143,0.0,0.0,-0.7687566666666666,0.02288338334541755,-0.8345289907407407,0.0070103810174280785,0.0,0.0,-0.74113,-0.7405865648148149,0.08573666666666657,-0.19188779629629626,347,347.0,-0.8077576944444443,-0.06717112962962946
28,28.0,-0.6288766666666666,0.05409534391547327,-0.5620174722222223,0.017049597804079254,0.0,0.0,-0.6200166666666667,0.025217020706921982,-0.8970976944444443,0.023663986771001733,0.0,0.0,-0.6700833333333334,0.019075267582221025,-0.7358556574074074,0.002599338852954642,0.0,0.0,-0.6494800000000001,-0.6489365648148149,0.029463333333333397,-0.24816112962962944,348,348.0,-0.7551276944444445,-0.10619112962962962
29,29.0,-0.41283000000000003,0.04616006499128873,-0.34597080555555554,0.007371207593873287,0.0,0.0,-0.3760966666666667,0.007965439933445825,-0.6531776944444445,0.024156904773407612,0.0,0.0,-0.48011333333333334,0.022116356692125708,-0.5458856574074075,0.00456710286544878,0.0,0.0,-0.4464716666666667,-0.44592823148148153,0.07037500000000002,-0.20724946296296298,349,349.0,-0.5108243611111111,-0.06489612962962954
30,30.0,0.017163333333333333,0.042826478180365626,0.08402252777777779,0.003239577776463015,0.0,0.0,0.06632333333333333,0.009629591545508739,-0.21075769444444445,0.010882731193569074,0.0,0.0,-0.026653333333333334,0.01665708958171665,-0.09242565740740742,0.009384480908229501,0.0,0.0,-0.004745000000000001,-0.004201564814814818,0.07106833333333333,-0.20655612962962963,350,350.0,-0.07147436111111112,-0.0672727962962963
31,31.0,0.37096,0.04914440252968794,0.43781919444444445,0.011664967840731861,0.0,0.0,0.4147433333333333,0.020469158100257415,0.13766230555555556,0.013346739111039382,0.0,0.0,0.3250133333333333,0.01379660948687515,0.25924100925925925,0.0068442541236804445,0.0,0.0,0.34798666666666667,0.34853010185185185,0.06675666666666663,-0.2108677962962963,351,351.0,0.2867223055555556,-0.061807796296296236
32,32.0,0.5545433333333333,0.041128579276864544,0.6214025277777777,0.010563692943956544,0.0,0.0,0.5934133333333333,0.033253489039998994,0.3163323055555555,0.026865679715295007,0.0,0.0,0.51057,0.016608121507262614,0.44479767592592595,0.00438246561650941,0.0,0.0,0.5325566666666666,0.5331001018518519,0.06085666666666678,-0.21676779629629633,352,352.0,0.49773897222222224,-0.03536112962962962
33,33.0,0.6865433333333333,0.04440211293771205,0.7534025277777777,0.006115760809651048,0.0,0.0,0.7125333333333334,0.026830179524806264,0.43545230555555553,0.033135247394551745,0.0,0.0,0.62795,0.017880536904690537,0.5621776759259259,0.0027629645193962132,0.0,0.0,0.6572466666666666,0.6577901018518518,0.055286666666666706,-0.2223377962962963,353,353.0,0.6392356388888889,-0.018554462962962925
34,34.0,0.45242333333333334,0.05146341062670968,0.5192825277777778,0.013507044653841348,0.0,0.0,0.4866133333333333,0.021281236649530803,0.2095323055555555,0.017427417715527478,0.0,0.0,0.3995666666666667,0.03195205209893934,0.3337943425925926,0.01573649167541029,0.0,0.0,0.425995,0.4265384351851852,0.060618333333333274,-0.2170061296296297,354,354.0,0.4004723055555555,-0.026066129629629675
35,35.0,-0.5721233333333333,0.061575479968355384,-0.5052641388888889,0.022546038879806645,0.0,0.0,-0.58437,0.031025436338591568,-0.8614510277777777,0.019494215008228385,0.0,0.0,-0.6405633333333333,0.03831879477923765,-0.7063356574074074,0.01804208074121382,0.0,0.0,-0.6063433333333332,-0.6057998981481482,0.02197333333333329,-0.25565112962962955,355,355.0,-0.6975110277777778,-0.09171112962962968
36,36.0,-1.2103966666666668,0.059473656633280345,-1.1435374722222222,0.019997287475854764,0.0,0.0,-1.2436633333333333,0.014836715719233003,-1.520744361111111,0.012689855174216606,0.0,1.0,-1.2924166666666668,0.020268609555994077,-1.3581889907407405,0.009943842221225595,0.0,0.0,-1.2514066666666668,-1.2508632314814814,0.007743333333333435,-0.26988112962962973,356,356.0,-1.2417610277777777,0.009102203703703626
37,37.0,-1.1911100000000001,0.06714770360928217,-1.1242508055555556,0.028119903276520537,0.0,0.0,-1.2736433333333332,0.020024885351315684,-1.5507243611111112,0.010629851567288838,0.0,1.0,-1.2891833333333333,0.0161001004137656,-1.3549556574074073,0.016013442295120268,0.0,0.0,-1.2401466666666667,-1.2396032314814813,-0.03349666666666651,-0.3111211296296299,357,357.0,-1.208234361111111,0.03136887037037028
38,38.0,-1.0255233333333333,0.05554087893915014,-0.9586641388888889,0.017104597408389533,0.0,0.0,-1.0520233333333333,0.03263832154589643,-1.329104361111111,0.02063041329387084,0.0,0.0,-1.10789,0.024586833875064145,-1.1736623240740742,0.004252629662521027,0.0,0.0,-1.0667066666666667,-1.0661632314814815,0.014683333333333382,-0.26294112962962957,358,358.0,-1.0072643611111112,0.05889887037037034
39,39.0,-0.7745700000000001,0.05586052989365567,-0.7077108055555555,0.017221057660536686,0.0,0.0,-0.7743133333333333,0.03538500576986434,-1.0513943611111112,0.020384085442879098,0.0,0.0,-0.8682966666666667,0.02162741393078083,-0.9340689907407408,0.0010576058174348326,0.0,0.0,-0.8214333333333335,-0.8208898981481482,0.04712000000000016,-0.230504462962963,359,359.0,-0.7379743611111111,0.08291553703703702
40,40.0,-0.40975,0.05636666656810565,-0.34289080555555557,0.016807949351184258,0.0,0.0,-0.37783000000000005,0.011575806667355868,-0.6549110277777778,0.012694044487621153,0.0,0.0,-0.47768999999999995,0.016811388996748597,-0.543462324074074,0.005299295198619229,0.0,0.0,-0.44372,-0.4431765648148148,0.06588999999999995,-0.21173446296296294,0,0.0,-0.28382769444444444,0.15934887037037038
41,41.0,0.07750666666666667,0.05096286131422895,0.14436586111111113,0.01493065998216711,0.0,0.0,0.11672,0.0035739473974864245,-0.1603610277777778,0.01720959564081535,0.0,0.0,-0.0014766666666666667,0.010925705164122513,-0.06724899074074074,0.009684290604350764,0.0,0.0,0.038015,0.038558435185185196,0.078705,-0.198919462962963,1,1.0,0.23606230555555555,0.19750387037037034
42,42.0,0.36904999999999993,0.05719748508457341,0.4359091944444444,0.017927251547815177,0.0,0.0,0.4306433333333333,0.014028864292355725,0.15356230555555556,0.0024523780767820897,0.0,0.0,0.2563566666666667,0.012636227021280266,0.1905843425925926,0.007954891086287837,0.0,0.0,0.31270333333333333,0.3132467685185185,0.11793999999999999,-0.15968446296296296,2,2.0,0.5277489722222222,0.21450220370370365
43,43.0,0.5368233333333333,0.055049536177277036,0.6036825277777778,0.015544180002416662,0.0,0.0,0.6294766666666667,0.02494696040268901,0.35239563888888886,0.008928974895021598,0.0,0.0,0.43927999999999995,0.024621143352817725,0.37350767592592593,0.01307808866819693,0.0,0.0,0.48805166666666666,0.48859510185185184,0.14142500000000002,-0.13619946296296298,3,3.0,0.7151656388888888,0.226570537037037
44,44.0,0.5134666666666666,0.062330000267393965,0.5803258611111111,0.0245333286062671,0.0,0.0,0.5775866666666666,0.01555794438006938,0.30050563888888887,0.009583653061816223,0.0,0.0,0.40890333333333334,0.017477157472922594,0.3431310092592592,0.005757725829851451,0.0,0.0,0.46118499999999996,0.46172843518518514,0.11640166666666663,-0.16122279629629627,4,4.0,0.6589356388888888,0.1972072037037037
45,45.0,-0.13129666666666667,0.06489890702726306,-0.06443747222222222,0.026916615959761896,0.0,0.0,-0.1568,0.010581214486059717,-0.4338810277777778,0.0075556614835303295,0.0,0.0,-0.27365333333333336,0.03813332444638591,-0.33942565740740743,0.02097652521868809,0.0,0.0,-0.20247500000000002,-0.20193156481481483,0.04567500000000002,-0.23194946296296298,5,5.0,-0.036441027777777794,0.16549053703703703
46,46.0,-0.8964633333333333,0.08222292948644758,-0.829604138888889,0.042644282308583845,0.0,0.0,-0.8336866666666666,0.014468798614029194,-1.1107676944444445,0.004045838590224283,0.0,0.0,-0.9830733333333334,0.01948448185950379,-1.0488456574074074,0.0025719306896725175,0.0,0.0,-0.9397683333333333,-0.9392248981481481,0.10608166666666674,-0.17154279629629632,6,6.0,-0.8333443611111111,0.10588053703703704
47,47.0,-1.0133166666666666,0.07559333987418031,-0.9464574722222223,0.03599729906153115,0.0,0.0,-0.9541533333333333,0.010989382754883625,-1.2312343611111112,0.009888899046030953,0.0,0.0,-1.0918666666666665,0.023253993922191813,-1.1576389907407407,0.0038861295452995116,0.0,0.0,-1.0525916666666666,-1.0520482314814816,0.0984383333333333,-0.17918612962962954,7,7.0,-1.014354361111111,0.03769387037037064
48,48.0,-0.8524966666666667,0.06885695922224078,-0.7856374722222222,0.029912286647848996,0.0,0.0,-0.7777733333333333,0.007220944074934593,-1.0548543611111112,0.011701659968109642,0.0,0.0,-0.9192933333333334,0.02617417493128162,-0.9850656574074074,0.007670658361229559,0.0,0.0,-0.8858950000000001,-0.8853515648148148,0.10812166666666678,-0.1695027962962964,8,8.0,-0.8640076944444445,0.021343870370370333
49,49.0,-0.57375,0.05757140696561095,-0.5068908055555555,0.01919182215171567,0.0,0.0,-0.4681,0.012020432604528012,-0.7451810277777778,0.004273402873632522,0.0,0.0,-0.63627,0.024773784531233856,-0.7020423240740742,0.00908487987702022,0.0,0.0,-0.60501,-0.6044665648148149,0.13691000000000003,-0.14071446296296297,9,9.0,-0.5971676944444445,0.007298870370370358
50,50.0,-0.09218333333333334,0.07432635624953866,-0.025324138888888893,0.034737466824625765,0.0,0.0,0.02242,0.01854917518381882,-0.2546610277777778,0.006246216624515213,0.0,0.0,-0.15695,0.017029656485085073,-0.22272232407407408,0.003989719168883135,0.0,0.0,-0.12456666666666667,-0.12402323148148149,0.14698666666666668,-0.13063779629629635,10,10.0,-0.11495769444444444,0.009065537037037052
51,51.0,0.31193333333333334,0.06972481361275436,0.3787925277777778,0.030214545352138283,0.0,0.0,0.44237,0.008419495234276238,0.16528897222222222,0.007984093381240613,0.0,0.0,0.24847333333333332,0.01836718904278314,0.18270100925925925,0.0022885640351211207,0.0,0.0,0.28020333333333336,0.28074676851851854,0.16216666666666663,-0.11545779629629632,11,11.0,0.2717656388888889,-0.008981129629629658
52,52.0,0.5388466666666667,0.07689325479737044,0.6057058611111111,0.03759077508368207,0.0,0.0,0.7390033333333333,0.010189231243491016,0.4619223055555555,0.006038662509045203,0.0,0.0,0.47728333333333334,0.013283750725353663,0.41151100925925926,0.007779346199218429,0.0,0.0,0.508065,0.5086084351851852,0.23093833333333336,-0.04668612962962965,12,12.0,0.5472389722222223,0.038630537037037116
53,53.0,0.7585133333333333,0.08644105409661161,0.8253725277777777,0.04921146883324358,0.0,0.0,0.9530933333333333,0.007287175950485423,0.6760123055555556,0.009052754087282773,0.0,0.0,0.6962,0.018861444801499157,0.6304276759259259,0.004629414996867312,0.0,0.0,0.7273566666666667,0.7279001018518518,0.2257366666666667,-0.05188779629629625,13,13.0,0.7582423055555556,0.030342203703703774
54,54.0,0.8067433333333334,0.09740567659707179,0.8736025277777778,0.058351157998152055,0.0,0.0,0.9941800000000001,0.016091062736811403,0.7170989722222222,0.009643823435427617,0.0,0.0,0.7374166666666667,0.02795732700623097,0.6716443425925926,0.0099700522663977,0.0,0.0,0.7720800000000001,0.7726234351851853,0.22209999999999996,-0.055524462962963095,14,14.0,0.7661723055555556,-0.006451129629629682
55,55.0,0.18148,0.09135032183851352,0.24833919444444444,0.05337488539412914,0.0,0.0,0.36676,0.01550373180882591,0.08967897222222221,0.014890653571520541,0.0,0.0,0.10389333333333334,0.019210003470414398,0.03812100925925926,0.001572389391469354,0.0,0.0,0.14268666666666668,0.14323010185185184,0.2240733333333333,-0.05355112962962963,15,15.0,0.2009556388888889,0.05772553703703706
56,56.0,-0.6097899999999999,0.05767386149721549,-0.5429308055555556,0.018439223343272495,0.0,0.0,-0.44388999999999995,0.01896822869959132,-0.7209710277777779,0.00930557595138732,0.0,0.0,-0.6735133333333333,0.021074929023209902,-0.7392856574074074,0.004027668608130982,0.0,0.0,-0.6416516666666666,-0.6411082314814815,0.19776166666666667,-0.07986279629629633,16,16.0,-0.6731776944444444,-0.03206946296296287
57,57.0,-0.84077,0.08426968672067078,-0.7739108055555555,0.04506813938363864,0.0,0.0,-0.6319166666666667,0.008702932455979013,-0.9089976944444444,0.009060559855668315,0.0,0.0,-0.8991666666666666,0.01358259670804277,-0.9649389907407407,0.007005838066178509,0.0,0.0,-0.8699683333333332,-0.869424898148148,0.23805166666666655,-0.0395727962962964,17,17.0,-0.8653576944444444,0.004067203703703615
58,58.0,-0.7203266666666668,0.07469959459952465,-0.6534674722222223,0.03814714298684295,0.0,0.0,-0.5631533333333333,0.025897934924107975,-0.840234361111111,0.01275866402394567,0.0,0.0,-0.7831799999999999,0.015355822999761357,-0.848952324074074,0.00949497237676039,0.0,0.0,-0.7517533333333333,-0.7512098981481481,0.1886,-0.08902446296296296,18,18.0,-0.7612710277777778,-0.010061129629629684
59,59.0,-0.49515000000000003,0.07208403706785577,-0.4282908055555556,0.03282914427173209,0.0,0.0,-0.3389466666666667,0.02877037770578159,-0.6160276944444445,0.01969942727335362,0.0,0.0,-0.60324,0.019493637423528724,-0.6690123240740741,0.011306192607097061,0.0,0.0,-0.549195,-0.5486515648148148,0.21024833333333331,-0.06737612962962969,19,19.0,-0.5066543611111111,0.041997203703703745
60,60.0,-0.13344,0.06950166616707833,-0.06658080555555555,0.030257201645095596,0.0,0.0,0.03616333333333333,0.03135373077216383,-0.24091769444444444,0.017107874451008854,0.0,0.0,-0.23303333333333334,0.020181626132037358,-0.29880565740740744,0.0006036833471204342,0.0,0.0,-0.18323666666666666,-0.1826932314814815,0.21939999999999998,-0.058224462962962936,20,20.0,-0.13128769444444446,0.05140553703703704
61,61.0,0.3353466666666667,0.0659423690303384,0.40220586111111106,0.02632942835503814,0.0,0.0,0.5214533333333333,0.010543345452622426,0.24437230555555556,0.013546952051961643,0.0,0.0,0.24554333333333334,0.029529472283353345,0.17977100925925926,0.009456640101511555,0.0,0.0,0.290445,0.29098843518518513,0.23100833333333332,-0.04661612962962958,21,21.0,0.3707889722222222,0.07980053703703704
62,62.0,0.6206566666666666,0.07812019542559613,0.6875158611111111,0.038565455544981836,0.0,0.0,0.81017,0.005440137865900129,0.5330889722222222,0.01727162360985124,0.0,0.0,0.53358,0.022162129861545365,0.4678076759259259,0.007878689375065837,0.0,0.0,0.5771183333333334,0.5776617685185185,0.23305166666666655,-0.04457279629629629,22,22.0,0.6777089722222223,0.10004720370370379
63,63.0,0.82547,0.07215007484403604,0.8923291944444444,0.03360685162041243,0.0,0.0,1.0190333333333335,0.02010611432707303,0.7419523055555556,0.009805403182165147,0.0,0.0,0.7442533333333333,0.02219243414619798,0.6784810092592592,0.001911424950880864,0.0,0.0,0.7848616666666667,0.7854051018518518,0.23417166666666678,-0.04345279629629617,23,23.0,0.8924923055555555,0.10708720370370373
64,64.0,0.8488266666666666,0.07215071055321168,0.9156858611111112,0.03289693582915482,0.0,0.0,1.04325,0.02550731855762184,0.7661689722222222,0.013062912594582515,0.0,0.0,0.7844233333333333,0.03738503220987423,0.7186510092592592,0.016834339806827556,0.0,0.0,0.8166249999999999,0.8171684351851851,0.22662500000000008,-0.05099946296296287,24,24.0,0.9756256388888889,0.15845720370370375
65,65.0,0.18681,0.060415566702630534,0.2536691944444444,0.02111078070435887,0.0,0.0,0.4697466666666667,0.01870604536863237,0.19266563888888888,0.012693464499862072,0.0,0.0,0.17332,0.02758711837071789,0.10754767592592591,0.008304457932132215,0.0,0.0,0.180065,0.18060843518518516,0.2896816666666667,0.012057203703703723,25,25.0,0.38729563888888885,0.2066872037037037
66,66.0,-0.7969933333333333,0.07964346133445814,-0.7301341388888889,0.04071968567403208,0.0,0.0,-0.5050566666666666,0.02770467529738137,-0.7821376944444444,0.02617376810023376,0.0,0.0,-0.7849433333333332,0.024870847057013055,-0.8507156574074074,0.005046997206836275,0.0,0.0,-0.7909683333333333,-0.7904248981481481,0.2859116666666667,0.008287203703703727,26,26.0,-0.5878910277777778,0.2025338703703703
67,67.0,-1.10069,0.08625652207224685,-1.0338308055555556,0.04683819091359799,0.0,0.0,-0.85602,0.015575490361462167,-1.1331010277777778,0.0012554894611412851,0.0,0.0,-1.0960066666666666,0.017176886601865105,-1.1617789907407408,0.0038829590032122543,0.0,0.0,-1.0983483333333333,-1.0978048981481483,0.24232833333333326,-0.03529612962962947,27,27.0,-0.9324743611111111,0.16533053703703715
68,68.0,-0.9978833333333333,0.08427429580443456,-0.931024138888889,0.04504429209434716,0.0,0.0,-0.7772933333333333,0.01903584075719622,-1.0543743611111112,0.004649610486473646,0.0,0.0,-0.99764,0.017536707216578646,-1.063412324074074,0.003290899470407897,0.0,0.0,-0.9977616666666667,-0.9972182314814815,0.22046833333333338,-0.05715612962962968,28,28.0,-0.8970976944444443,0.10012053703703716
69,69.0,-0.7771500000000001,0.0818024547308942,-0.7102908055555556,0.04219108384287387,0.0,0.0,-0.5095833333333334,0.013556128995156867,-0.7866643611111112,0.016478317754226597,0.0,0.0,-0.7827566666666667,0.0112701567572653,-0.8485289907407406,0.009676223583756745,0.0,0.0,-0.7799533333333334,-0.7794098981481481,0.27037,-0.00725446296296306,29,29.0,-0.6531776944444445,0.12623220370370358
70,70.0,-0.3162133333333333,0.07928208267530146,-0.24935413888888888,0.03965409176382934,0.0,0.0,-0.05604,0.01300081920495782,-0.3331210277777778,0.006936455659799921,0.0,0.0,-0.3516733333333333,0.011312582964704972,-0.4174456574074074,0.009794561471394441,0.0,0.0,-0.33394333333333326,-0.33339989814814813,0.2779033333333333,0.00027887037037033213,30,30.0,-0.21075769444444445,0.12264220370370368
71,71.0,0.04513333333333334,0.07909308524348595,0.11199252777777778,0.0414307130205597,0.0,0.0,0.34175666666666665,0.012559316594995679,0.06467563888888889,0.01310642931322613,0.0,0.0,-0.0044666666666666665,0.02769390606854391,-0.07023899074074073,0.007292040071091582,0.0,0.0,0.020333333333333335,0.020876768518518524,0.32142333333333334,0.04379887037037036,31,31.0,0.13766230555555556,0.11678553703703703
72,72.0,0.23798333333333332,0.10478227633208458,0.30484252777777776,0.06526936366791236,0.0,0.0,0.5624,0.02114927185507811,0.28531897222222224,0.016605459156164147,0.0,0.0,0.17451000000000003,0.02307887995549178,0.10873767592592593,0.011734448426742818,0.0,0.0,0.2062466666666667,0.20679010185185184,0.3561533333333333,0.0785288703703704,32,32.0,0.3163323055555555,0.10954220370370368
73,73.0,0.35035,0.08479695926152069,0.41720919444444443,0.04573424679909864,0.0,0.0,0.691,0.008761712161444273,0.41391897222222224,0.01451446389366036,0.0,0.0,0.30578666666666665,0.026909433909566623,0.24001434259259258,0.009307637319560712,0.0,0.0,0.3280683333333333,0.3286117685185185,0.36293166666666665,0.08530720370370376,33,33.0,0.43545230555555553,0.10684053703703705
74,74.0,0.12880666666666665,0.05815405603509813,0.1956658611111111,0.018534735625989077,0.0,0.0,0.5188499999999999,0.030223141795650586,0.24176897222222218,0.03384538841733647,0.0,0.0,0.10127666666666667,0.02456078649663592,0.035504342592592594,0.0055730865151918125,0.0,0.0,0.11504166666666665,0.11558510185185183,0.40380833333333327,0.12618387037037035,34,34.0,0.2095323055555555,0.09394720370370366
75,75.0,-0.9065233333333333,0.0729541104622168,-0.8396641388888889,0.033345203990525346,0.0,0.0,-0.53545,0.031205523549525688,-0.8125310277777777,0.017272526560611772,0.0,0.0,-0.9532966666666667,0.023151039573490722,-1.0190689907407406,0.0027710988711991268,0.0,0.0,-0.92991,-0.9293665648148148,0.39446000000000003,0.11683553703703708,35,35.0,-0.8614510277777777,0.06791553703703712
76,76.0,-1.5796299999999999,0.08219860096133029,-1.5127708055555555,0.04268492120244164,0.0,0.3333333333333333,-1.2622066666666667,0.022390266486429625,-1.5392876944444442,0.025832551814164276,0.0,1.0,-1.64084,0.026497190417098984,-1.706612324074074,0.007692095863207638,0.0,1.0,-1.6102349999999999,-1.6096915648148147,0.34802833333333316,0.07040387037037044,36,36.0,-1.520744361111111,0.08894720370370357
77,77.0,-1.5448000000000002,0.08459324086474054,-1.4779408055555556,0.04500038332247586,0.0,0.3333333333333333,-1.22232,0.012117227405640313,-1.4994010277777778,0.00474525996341299,0.0,1.0,-1.6010133333333334,0.02503915400594298,-1.6667856574074076,0.004755136897810972,0.0,1.0,-1.572906666666667,-1.5723632314814817,0.3505866666666668,0.07296220370370388,37,37.0,-1.5507243611111112,0.02163887037037049
78,78.0,-1.3279433333333335,0.08632262526900661,-1.261084138888889,0.04669087998924162,0.0,0.0,-1.02064,0.006136847725013143,-1.2977210277777778,0.014938918483401118,0.0,0.0,-1.4053766666666665,0.023352645103570914,-1.4711489907407407,0.003966589748352992,0.0,1.0,-1.36666,-1.3661165648148148,0.34602,0.06839553703703705,38,38.0,-1.329104361111111,0.03701220370370373
79,79.0,-1.04722,0.08454503711040637,-0.9803608055555556,0.044926107600923415,0.0,0.0,-0.7233166666666667,0.005826923144622162,-1.0003976944444444,0.014141305511331519,0.0,0.0,-1.1366666666666667,0.026786932137393665,-1.202438990740741,0.006207379685911932,0.0,0.0,-1.0919433333333335,-1.0913998981481483,0.36862666666666677,0.09100220370370393,39,39.0,-1.0513943611111112,0.04000553703703713
80,80.0,-0.6562633333333333,0.07383596707115934,-0.589404138888889,0.034395455049448596,0.0,0.0,-0.3132833333333333,0.009405776593845588,-0.5903643611111111,0.022977971828309674,0.0,0.0,-0.7383633333333334,0.019880473669742736,-0.8041356574074073,0.004161257051692141,0.0,0.0,-0.6973133333333333,-0.6967698981481482,0.38403000000000004,0.10640553703703703,40,40.0,-0.6549110277777778,0.041858870370370393
81,81.0,-0.18499333333333334,0.07578567168887095,-0.11813413888888886,0.036173700717706474,0.0,0.0,0.18021666666666666,0.004977402267582301,-0.09686436111111112,0.02119208360864798,0.0,0.0,-0.25864,0.020732708457893288,-0.32441232407407405,0.0012793803369418489,0.0,0.0,-0.22181666666666666,-0.22127323148148145,0.40203333333333335,0.12440887037037034,41,41.0,-0.1603610277777778,0.06091220370370365
82,82.0,0.09976,0.07850324260818785,0.16661919444444445,0.03892374202281484,0.0,0.0,0.5031833333333333,0.009616040418661601,0.22610230555555555,0.02513925330165587,0.0,0.0,0.004719999999999999,0.02143502507579592,-0.06105232407407407,0.0107398283863745,0.0,0.0,0.05224,0.05278343518518519,0.4509433333333333,0.17331887037037036,42,42.0,0.15356230555555556,0.10077887037037037
83,83.0,0.31797333333333333,0.07850573503466694,0.38483252777777777,0.039020818336039535,0.0,0.0,0.6639499999999999,0.005607111555872591,0.3868689722222222,0.012977224810684192,0.0,0.0,0.21689,0.023881924126837015,0.15111767592592593,0.004773208348212167,0.0,0.0,0.2674316666666667,0.26797510185185186,0.39651833333333325,0.11889387037037036,43,43.0,0.35239563888888886,0.084420537037037
84,84.0,0.31185,0.07186031728290657,0.37870919444444445,0.0323110522929982,0.0,0.0,0.6553066666666667,0.011370775405984112,0.3782256388888889,0.026528649752219326,0.0,0.0,0.18384999999999999,0.016535697747600494,0.11807767592592593,0.005765150657364385,0.0,0.0,0.24785000000000001,0.2483934351851852,0.4074566666666667,0.12983220370370369,44,44.0,0.30050563888888887,0.052112203703703674
85,85.0,-0.39193666666666666,0.08606442780460075,-0.3250774722222222,0.048384720731661404,0.0,0.0,-0.019766666666666665,0.018165300254422808,-0.2968476944444444,0.023379565933341933,0.0,0.0,-0.47395666666666664,0.031240642332278204,-0.5397289907407408,0.011100165354552395,0.0,0.0,-0.43294666666666665,-0.4324032314814815,0.41318,0.1355555370370371,45,45.0,-0.4338810277777778,-0.0014777962962962965
86,86.0,-1.1092433333333334,0.0716476505779034,-1.0423841388888888,0.03538250887330858,0.0,0.0,-0.6913566666666666,0.02187552132712114,-0.9684376944444445,0.009940901781603164,0.0,0.0,-1.1487133333333333,0.02406020019312666,-1.2144856574074074,0.006195920766048089,0.0,0.0,-1.1289783333333334,-1.1284348981481482,0.4376216666666668,0.15999720370370374,46,46.0,-1.1107676944444445,0.017667203703703782
87,87.0,-1.22704,0.059688494703753474,-1.1601808055555554,0.020122880599312876,0.0,0.0,-0.7804466666666666,0.020635169815955836,-1.0575276944444445,0.025830457924024827,0.0,0.0,-1.2236633333333333,0.02123339900565454,-1.2894356574074075,0.004502314031600408,0.0,0.0,-1.2253516666666666,-1.2248082314814814,0.444905,0.16728053703703694,47,47.0,-1.2312343611111112,-0.00642612962962974
88,88.0,-1.0705666666666667,0.06789136935821323,-1.0037074722222223,0.028356607475209142,0.0,0.0,-0.6277266666666667,0.0164865349098388,-0.9048076944444444,0.0246888280719198,0.0,0.0,-1.0469266666666666,0.01544494199838032,-1.1126989907407407,0.0065625733061356745,0.0,0.0,-1.0587466666666665,-1.0582032314814815,0.43101999999999985,0.15339553703703712,48,48.0,-1.0548543611111112,0.0033488703703703493
89,89.0,-0.8200266666666667,0.07592647254636115,-0.7531674722222222,0.036315826558322925,0.0,0.0,-0.35825666666666667,0.019087976145556483,-0.6353376944444444,0.006282207539139001,0.0,0.0,-0.7777600000000001,0.018558714933960274,-0.8435323240740741,0.008225578999674542,0.0,0.0,-0.7988933333333335,-0.7983498981481482,0.4406366666666668,0.16301220370370373,49,49.0,-0.7451810277777778,0.053168870370370325
90,90.0,-0.36491,0.07212508370879026,-0.2980508055555555,0.03253761632928842,0.0,0.0,0.09963,0.010929560832897181,-0.17745102777777777,0.007019860429788033,0.0,0.0,-0.3009833333333333,0.028640014548413414,-0.3667556574074074,0.008869658312674179,0.0,0.0,-0.33294666666666667,-0.33240323148148143,0.43257666666666666,0.15495220370370366,50,50.0,-0.2546610277777778,0.0777422037037036
91,91.0,0.027323333333333335,0.06893709693142969,0.09418252777777779,0.030167180073951187,0.0,0.0,0.5085233333333333,0.021648317101644034,0.23144230555555553,0.016610206046227958,0.0,0.0,0.08866333333333333,0.02473967326650321,0.02289100925925926,0.012451250597990581,0.0,0.0,0.057993333333333334,0.05853676851851852,0.45053,0.172905537037037,51,51.0,0.16528897222222222,0.1067522037037037
92,92.0,0.24381666666666665,0.07053955580618107,0.3106758611111111,0.031521394255908476,0.0,0.0,0.7324833333333333,0.013293443245951496,0.45540230555555555,0.02909449440870469,0.0,0.0,0.31073,0.01801899830734217,0.2449576759259259,0.004529223522108429,0.0,0.0,0.2772733333333333,0.2778167685185185,0.45520999999999995,0.17758553703703706,52,52.0,0.4619223055555555,0.18410553703703703
93,93.0,0.45815,0.05296494784288946,0.5250091944444445,0.016772050254077707,0.0,0.0,0.9352033333333333,0.02466917982692846,0.6581223055555555,0.026145016859141876,0.0,0.0,0.52006,0.017060008792494766,0.45428767592592595,0.0035893698598776606,0.0,0.0,0.489105,0.4896484351851852,0.44609833333333326,0.16847387037037032,53,53.0,0.6760123055555556,0.1863638703703704
94,94.0,0.52997,0.07508796508096358,0.5968291944444445,0.03557395849576829,0.0,0.0,0.9619633333333333,0.005409633382525372,0.6848823055555555,0.010828307957916698,0.0,0.0,0.56107,0.010227771018164243,0.49529767592592594,0.012472797050733078,0.0,0.0,0.54552,0.5460634351851852,0.4164433333333333,0.13881887037037033,54,54.0,0.7170989722222222,0.171035537037037
95,95.0,-0.10135333333333334,0.060160536345126886,-0.03449413888888888,0.020617034872831026,0.0,0.0,0.35367,0.016163653671122734,0.07658897222222222,0.01985857909788706,0.0,0.0,-0.05999666666666666,0.019859895098749473,-0.12576899074074074,0.0071507910641305785,0.0,0.0,-0.080675,-0.08013156481481482,0.434345,0.15672053703703703,55,55.0,0.08967897222222221,0.16981053703703702
96,96.0,-0.9334733333333333,0.05504696207179224,-0.8666141388888889,0.01671020863134524,0.0,0.0,-0.40120666666666666,0.025537990001825366,-0.6782876944444444,0.010171212312116387,0.0,0.0,-0.8649066666666666,0.007577838302136912,-0.9306789907407408,0.013117352991724989,0.0,0.0,-0.8991899999999999,-0.8986465648148149,0.4979833333333333,0.2203588703703705,56,56.0,-0.7209710277777779,0.17767553703703698
97,97.0,-1.09694,0.055084434280475325,-1.0300808055555555,0.023236785844689824,0.0,0.0,-0.6073566666666667,0.008977885794179682,-0.8844376944444444,0.010301752192296338,0.0,0.0,-1.08313,0.027237967985883262,-1.148902324074074,0.00812124401334745,0.0,0.0,-1.0900349999999999,-1.0894915648148147,0.4826783333333332,0.20505387037037026,57,57.0,-0.9089976944444444,0.18049387037037024
98,98.0,-1.0079733333333334,0.0659319477441197,-0.941114138888889,0.03131642127370201,0.0,0.0,-0.52881,0.009207214562504772,-0.8058910277777778,0.011844792053347276,0.0,0.0,-0.9514966666666668,0.024686225578920223,-1.0172689907407406,0.00519431786865487,0.0,0.0,-0.979735,-0.9791915648148148,0.450925,0.17330053703703707,58,58.0,-0.840234361111111,0.1389572037037038
99,99.0,-0.79602,0.055520499817634975,-0.7291608055555555,0.020317746956588844,0.0,0.0,-0.28182,0.01684782775315561,-0.5589010277777778,0.004296683657625262,0.0,0.0,-0.74711,0.029895850882689392,-0.812882324074074,0.009390266363628191,0.0,0.0,-0.7715650000000001,-0.7710215648148148,0.48974500000000004,0.21212053703703693,59,59.0,-0.6160276944444445,0.15499387037037027
100,100.0,-0.42444,0.06185619774929592,-0.35758080555555555,0.02849030172713316,0.0,0.0,0.09979,0.012908140842119751,-0.1772910277777778,0.02319395906524736,0.0,0.0,-0.39203000000000005,0.024951959842866047,-0.4578023240740741,0.0064226497985988866,0.0,0.0,-0.408235,-0.40769156481481483,0.5080250000000001,0.23040053703703703,60,60.0,-0.24091769444444444,0.1667738703703704
101,101.0,0.07238666666666667,0.06682002793574195,0.13924586111111112,0.027579965700824247,0.0,0.0,0.5647566666666667,0.014515613432898136,0.28767563888888886,0.027520989614157984,0.0,0.0,0.09914,0.025447217922594214,0.033367675925925926,0.007093338924801847,0.0,0.0,0.08576333333333333,0.08630676851851853,0.4789933333333334,0.20136887037037032,61,61.0,0.24437230555555556,0.15806553703703702
102,102.0,0.3636466666666667,0.061291416473543275,0.43050586111111117,0.02200476966611198,0.0,0.0,0.8589666666666668,0.0007943131204589885,0.5818856388888889,0.015463305630079896,0.0,0.0,0.39235333333333333,0.027673243997286143,0.3265810092592592,0.009407730556927011,0.0,0.0,0.378,0.3785434351851852,0.48096666666666676,0.2033422037037037,62,62.0,0.5330889722222222,0.154545537037037
103,103.0,0.6088666666666667,0.042276135506137895,0.6757258611111111,0.013501222444767234,0.0,0.0,1.0322866666666666,0.013969088493288855,0.7552056388888889,0.02742149073888204,0.0,0.0,0.6163733333333333,0.025530721363356185,0.5506010092592593,0.005916420446385234,0.0,0.0,0.6126199999999999,0.6131634351851851,0.41966666666666663,0.1420422037037038,63,63.0,0.7419523055555556,0.12878887037037046
104,104.0,0.6892299999999999,0.06626330734275189,0.7560891944444443,0.027053456274420365,0.0,0.0,1.04425,0.01509058978304028,0.7671689722222221,0.028567939147239364,0.0,0.0,0.6836366666666667,0.02066905255045171,0.6178643425925926,0.004017399860500144,0.0,0.0,0.6864333333333332,0.6869767685185184,0.35781666666666667,0.08019220370370372,64,64.0,0.7661689722222222,0.07919220370370383
105,105.0,0.06010000000000001,0.04397917234328086,0.12695919444444445,0.007542203572253184,0.0,0.0,0.43093,0.013025056621757925,0.15384897222222219,0.0292374970221524,0.0,0.0,0.07991666666666666,0.01962520403290965,0.01414434259259259,0.0011696898806623434,0.0,0.0,0.07000833333333334,0.07055176851851852,0.36092166666666664,0.08329720370370367,65,65.0,0.19266563888888888,0.12211387037037036
106,106.0,-0.9816900000000001,0.059803180517427404,-0.9148308055555555,0.020391795906218448,0.0,0.0,-0.5303366666666666,0.019911306670666616,-0.8074176944444446,0.0127603265331057,0.0,0.0,-0.9028333333333333,0.016270803094295426,-0.9686056574074074,0.004399370690505554,0.0,0.0,-0.9422616666666667,-0.9417182314814815,0.4119250000000001,0.13430053703703693,66,66.0,-0.7821376944444444,0.15958053703703712
107,107.0,-1.2358399999999998,0.0560234995336778,-1.1689808055555555,0.018038961868158187,0.0,0.0,-0.8023466666666668,0.0026756743698240727,-1.0794276944444443,0.018503657878866785,0.0,0.0,-1.1853033333333334,0.031106839012238676,-1.2510756574074076,0.014793298960649194,0.0,0.0,-1.2105716666666666,-1.2100282314814814,0.40822499999999984,0.1306005370370371,67,67.0,-1.1331010277777778,0.07692720370370365
108,108.0,-1.1339733333333333,0.06481942635763867,-1.067114138888889,0.027403939117757518,0.0,0.0,-0.73242,0.006539755347105854,-1.0095010277777778,0.02189394449279761,0.0,0.0,-1.10563,0.030590691394605646,-1.171402324074074,0.010356563331846822,0.0,0.0,-1.1198016666666666,-1.1192582314814814,0.3873816666666666,0.10975720370370357,68,68.0,-1.0543743611111112,0.06488387037037024
109,109.0,-0.9141633333333333,0.06261471898310596,-0.8473041388888888,0.02343410081134788,0.0,0.0,-0.47723333333333334,0.010223230083165164,-0.754314361111111,0.014066401020727566,0.0,0.0,-0.8899766666666666,0.020685360362665512,-0.9557489907407408,0.0016648509471370923,0.0,0.0,-0.9020699999999999,-0.9015265648148147,0.4248366666666666,0.1472122037037037,69,69.0,-0.7866643611111112,0.11486220370370359
110,110.0,-0.45443000000000006,0.06325401489233708,-0.38757080555555556,0.02767620518810694,0.0,0.0,-0.007363333333333333,0.003124649313656387,-0.2844443611111111,0.013882343018234572,0.0,0.0,-0.4475533333333333,0.031218748106439712,-0.5133256574074074,0.010833333447447767,0.0,0.0,-0.4509916666666667,-0.4504482314814815,0.44362833333333335,0.1660038703703704,70,70.0,-0.3331210277777778,0.1173272037037037
111,111.0,-0.09981000000000001,0.06450569509740982,-0.03295080555555556,0.024893465692220385,0.0,0.0,0.36513666666666666,0.02662369308216526,0.08805563888888888,0.03956576756080851,0.0,0.0,-0.09010666666666667,0.02456490654029308,-0.15587899074074074,0.005394746576126413,0.0,0.0,-0.09495833333333334,-0.09441489814814816,0.46009500000000003,0.18247053703703703,71,71.0,0.06467563888888889,0.15909053703703704
112,112.0,0.07222666666666666,0.05482230780743668,0.1390858611111111,0.01527753585980182,0.0,0.0,0.5420900000000001,0.002066615590766689,0.26500897222222225,0.01772275525382656,0.0,0.0,0.06833666666666667,0.021783650597026506,0.0025643425925925903,0.005261495375232273,0.0,0.0,0.07028166666666666,0.07082510185185184,0.4718083333333334,0.1941838703703704,72,72.0,0.28531897222222224,0.2144938703703704
113,113.0,0.23323666666666668,0.05605648252729861,0.30009586111111114,0.017244807809656103,0.0,0.0,0.70565,0.05923808234573433,0.4285689722222222,0.043014044669003604,0.0,0.0,0.20556666666666668,0.038164367325207074,0.1397943425925926,0.017772330209727436,0.0,0.0,0.21940166666666666,0.21994510185185187,0.48624833333333334,0.2086238703703703,73,73.0,0.41391897222222224,0.19397387037037037
114,114.0,-0.030660000000000003,0.03910578473832228,0.036199194444444444,0.0008243045909383094,0.0,0.0,0.40437999999999996,0.0645004333318777,0.1272989722222222,0.08072321468318168,0.0,0.0,-0.0425,0.02695715674918258,-0.10827232407407407,0.009982840465958357,0.0,0.0,-0.03658,-0.03603656481481481,0.44095999999999996,0.16333553703703702,74,74.0,0.24176897222222218,0.277805537037037
115,115.0,-1.1040233333333334,0.050580457029700134,-1.0371641388888888,0.013867434604247856,0.0,0.0,-0.65395,0.02365609435219604,-0.9310310277777778,0.03242780225033825,0.0,0.0,-1.0495366666666666,0.0030106699143766995,-1.1153089907407407,0.02204421430288988,0.0,0.0,-1.0767799999999998,-1.0762365648148147,0.4228299999999998,0.14520553703703687,75,75.0,-0.8125310277777777,0.2637055370370369
116,116.0,-1.63865,0.06659873046838052,-1.5717908055555554,0.028252144397525738,0.0,1.0,-1.21696,0.03113210079644475,-1.4940410277777776,0.015416180907962745,0.0,1.0,-1.5728766666666667,0.020129839376739563,-1.6386489907407409,0.005026002670398266,0.0,1.0,-1.6057633333333334,-1.6052198981481482,0.3888033333333334,0.11117887037037066,76,76.0,-1.5392876944444442,0.065932203703704
117,117.0,-1.5804466666666668,0.06243856206971252,-1.5135874722222222,0.02346744225169045,0.0,1.0,-1.12441,0.03813130341333752,-1.4014910277777777,0.021954875626772282,0.0,0.0,-1.464176666666667,0.016265774907250268,-1.5299489907407409,0.004403635626586168,0.0,1.0,-1.522311666666667,-1.5217682314814815,0.39790166666666704,0.12027720370370387,77,77.0,-1.4994010277777778,0.02236720370370371
118,118.0,-1.35323,0.048003909215812844,-1.2863708055555556,0.009679349711443498,0.0,0.0,-0.9705833333333334,0.027194854905539297,-1.2476643611111111,0.01097360990479396,0.0,0.0,-1.2374066666666668,0.03084420583080945,-1.3031789907407407,0.010262851891845807,0.0,0.0,-1.2953183333333333,-1.2947748981481482,0.324735,0.04711053703703705,78,78.0,-1.2977210277777778,-0.0029461296296295902
119,119.0,-1.0828633333333333,0.045447967317948715,-1.0160041388888887,0.006043219272023321,0.0,0.0,-0.6804833333333334,0.01650255838751476,-0.957564361111111,0.000594089787764385,0.0,0.0,-0.96812,0.029175645665520448,-1.033892324074074,0.008932965159819777,0.0,0.0,-1.0254916666666667,-1.0249482314814813,0.34500833333333325,0.0673838703703703,79,79.0,-1.0003976944444444,0.024550537037036912
120,120.0,-0.6690666666666667,0.043270026962475255,-0.6022074722222223,0.005136957352014922,0.0,0.0,-0.26979333333333333,0.025099853253223087,-0.5468743611111111,0.01184721750774945,0.0,0.0,-0.56594,0.017672453140410323,-0.6317123240740741,0.00309068935890042,0.0,0.0,-0.6175033333333333,-0.6169598981481481,0.34770999999999996,0.07008553703703702,80,80.0,-0.5903643611111111,0.026595537037036987
121,121.0,-0.15499,0.049248570537630834,-0.08813080555555557,0.010358769030942808,0.0,0.0,0.24731333333333336,0.029059527410701877,-0.029767694444444447,0.012835261452920035,0.0,0.0,-0.05185666666666667,0.023441009648334975,-0.11762899074074074,0.004426544841266006,0.0,0.0,-0.10342333333333333,-0.10287989814814816,0.3507366666666667,0.07311220370370371,81,81.0,-0.09686436111111112,0.0060155370370370415
122,122.0,0.16727999999999998,0.04019347708273072,0.23413919444444442,0.002434112946520703,0.0,0.0,0.5758666666666666,0.01869680810548507,0.2987856388888889,0.014876955311574748,0.0,0.0,0.28230666666666665,0.026705149940289302,0.2165343425925926,0.006177408659806894,0.0,0.0,0.22479333333333332,0.22533676851851853,0.35107333333333335,0.0734488703703704,82,82.0,0.22610230555555555,0.0007655370370370229
123,123.0,0.4012833333333334,0.04010593139840206,0.46814252777777776,0.0029379802685930404,0.0,0.0,0.7962233333333333,0.01036619666673045,0.5191423055555555,0.005914739771521228,0.0,0.0,0.49569,0.03497801166447285,0.42991767592592595,0.014411969404009592,0.0,0.0,0.4484866666666667,0.4490301018518519,0.3477366666666666,0.07011220370370363,83,83.0,0.3868689722222222,-0.06216112962962966
124,124.0,0.4383966666666667,0.03600041990495852,0.5052558611111112,0.019728158013717308,0.0,0.0,0.7996833333333333,0.021278689652639154,0.5226023055555555,0.007156318529673477,0.0,0.0,0.5298033333333333,0.028350750137048113,0.4640310092592592,0.016406654038277832,0.0,0.0,0.4841,0.4846434351851852,0.3155833333333333,0.03795887037037032,84,84.0,0.3782256388888889,-0.10641779629629633
125,125.0,-0.2378566666666667,0.04461231369625805,-0.1709974722222222,0.007779834063695847,0.0,0.0,0.12945666666666666,0.0086678967075833,-0.1476243611111111,0.014716233304617243,0.0,0.0,-0.09488666666666667,0.04385973818131309,-0.16065899074074075,0.025546521019038638,0.0,0.0,-0.1663716666666667,-0.16582823148148146,0.29582833333333336,0.018203870370370356,85,85.0,-0.2968476944444444,-0.13101946296296296
126,126.0,-0.9923700000000001,0.037716162318030155,-0.9255108055555556,0.015822314718733244,0.0,0.0,-0.5959466666666667,0.039448972525698754,-0.8730276944444445,0.023225196588292103,0.0,0.0,-0.80713,0.01570397401933666,-0.8729023240740741,0.006479911405592799,0.0,0.0,-0.89975,-0.8992065648148149,0.3038033333333333,0.026178870370370366,86,86.0,-0.9684376944444445,-0.06923112962962963
127,127.0,-1.11446,0.031153572828810552,-1.0476008055555555,0.011668892966286084,0.0,0.0,-0.7309766666666667,0.02757750049104038,-1.0080576944444444,0.014103359997939562,0.0,0.0,-0.9261666666666667,0.02497836330373415,-0.9919389907407408,0.0077301467075747065,0.0,0.0,-1.0203133333333334,-1.019769898148148,0.2893366666666667,0.011712203703703628,87,87.0,-1.0575276944444445,-0.0377577962962965
128,128.0,-0.9643733333333332,0.035143365424121366,-0.897514138888889,0.00768174222518553,0.0,0.0,-0.58433,0.02819061545975897,-0.8614110277777778,0.016014584252706597,0.0,0.0,-0.75942,0.029769173653294435,-0.8251923240740741,0.009301596959178466,0.0,0.0,-0.8618966666666665,-0.8613532314814816,0.2775666666666665,-5.779629629620864e-05,88,88.0,-0.9048076944444444,-0.04345446296296285
129,129.0,-0.7032666666666666,0.04879942656766913,-0.6364074722222223,0.014469400864996936,0.0,0.0,-0.29787,0.0031009514668888243,-0.5749510277777778,0.015137491440802554,0.0,0.0,-0.4927566666666667,0.01816784338696626,-0.5585289907407408,0.00920504305069087,0.0,0.0,-0.5980116666666666,-0.5974682314814815,0.3001416666666666,0.022517203703703692,89,89.0,-0.6353376944444444,-0.037869462962962896
130,130.0,-0.21958333333333332,0.02811147333978306,-0.1527241388888889,0.012192459065284652,0.0,0.0,0.17582,0.030937289797265684,-0.10126102777777779,0.02281722398657871,0.0,0.0,-0.02402666666666667,0.02407234374408386,-0.08979899074074076,0.009877849788995622,0.0,0.0,-0.121805,-0.12126156481481482,0.29762500000000003,0.020000537037037025,90,90.0,-0.17745102777777777,-0.056189462962962955
131,131.0,0.17633000000000001,0.029436513040779815,0.24318919444444445,0.018326008135154625,0.0,0.0,0.5912666666666667,0.02603571841400454,0.31418563888888884,0.015401985997783725,0.0,0.0,0.3548,0.028109279606564088,0.2890276759259259,0.01029958187618951,0.0,0.0,0.265565,0.2661084351851852,0.3257016666666667,0.048077203703703664,91,91.0,0.23144230555555553,-0.034666129629629644
132,132.0,0.4347533333333333,0.036227274715790236,0.5016125277777778,0.013512450894258706,0.0,0.0,0.8640133333333333,0.018336963579975076,0.5869323055555555,0.0021364452325022044,0.0,0.0,0.5825999999999999,0.022302064926817897,0.5168276759259259,0.01226426537374603,0.0,0.0,0.5086766666666667,0.5092201018518518,0.35533666666666663,0.07771220370370369,92,92.0,0.45540230555555555,-0.053817796296296294
133,133.0,0.6171066666666667,0.03487499008363062,0.683965861111111,0.005755659557994272,0.0,0.0,1.0630266666666668,0.008858568356869647,0.7859456388888889,0.007365728817249521,0.0,0.0,0.7894899999999999,0.04196847507355966,0.723717675925926,0.02373516972394197,0.0,0.0,0.7032983333333334,0.7038417685185185,0.3597283333333334,0.08210387037037037,93,93.0,0.6581223055555555,-0.04571946296296303
134,134.0,0.66929,0.03467092586014975,0.7361491944444444,0.007613491953454023,0.0,0.0,1.09613,0.020381660874423366,0.8190489722222223,0.006537691013426433,0.0,0.0,0.8589066666666666,0.039061024478798965,0.7931343425925926,0.018524030600673848,0.0,0.0,0.7640983333333333,0.7646417685185185,0.3320316666666667,0.05440720370370378,94,94.0,0.6848823055555555,-0.07975946296296299
135,135.0,0.06888999999999999,0.03378668820704391,0.13574919444444444,0.005967113088772285,0.0,0.0,0.45168,0.1154054643420319,0.17459897222222223,0.10342714377177316,0.0,0.0,0.25236,0.029056828801505504,0.18658767592592593,0.016169455485984058,0.0,0.0,0.160625,0.1611684351851852,0.29105500000000006,0.013430537037037032,95,95.0,0.07658897222222222,-0.08457946296296298
136,136.0,-0.7573033333333333,0.03444715711540409,-0.690444138888889,0.012589154757293558,0.0,0.0,-0.32889999999999997,0.04387928782466734,-0.6059810277777777,0.028153577696633292,0.0,0.0,-0.5323266666666666,0.04306664176985863,-0.5980989907407407,0.02254595224963562,0.0,0.0,-0.6448149999999999,-0.6442715648148148,0.31591499999999995,0.03829053703703711,96,96.0,-0.6782876944444444,-0.03401612962962952
137,137.0,-1.0192833333333333,0.04168543670556106,-0.952424138888889,0.009800656965098402,0.0,0.0,-0.6275833333333334,0.023847023573883012,-0.9046643611111111,0.015446148635693144,0.0,0.0,-0.7806799999999999,0.03205056629764909,-0.8464523240740741,0.012420572367465299,0.0,0.0,-0.8999816666666667,-0.8994382314814815,0.2723983333333333,-0.00522612962962965,97,97.0,-0.8844376944444444,0.015000537037037076
138,138.0,-0.9147133333333334,0.03194878140607766,-0.847854138888889,0.00770353495717515,0.0,0.0,-0.5606066666666666,0.024066759925950434,-0.8376876944444444,0.008847660136903291,0.0,0.0,-0.6546,0.03745752394379531,-0.720372324074074,0.01699455270216176,0.0,0.0,-0.7846566666666667,-0.7841132314814816,0.22405000000000008,-0.053574462962962754,98,98.0,-0.8058910277777778,-0.02177779629629617
139,139.0,-0.68372,0.0371209415290076,-0.6168608055555556,0.012682239363805753,0.0,0.0,-0.35266000000000003,0.015722188142876292,-0.6297410277777779,0.011369163211088594,0.0,0.0,-0.44248333333333334,0.037158205464383406,-0.5082556574074074,0.016633606610154256,0.0,0.0,-0.5631016666666666,-0.5625582314814814,0.21044166666666658,-0.06718279629629642,99,99.0,-0.5589010277777778,0.003657203703703593
140,140.0,-0.3193166666666667,0.03777341701955668,-0.2524574722222222,0.002652953857448899,0.0,0.0,-0.003583333333333333,0.019667059600594422,-0.2806643611111111,0.0034449807947107493,0.0,0.0,-0.07590666666666666,0.02399126160362004,-0.14167899074074072,0.0038060572423097715,0.0,0.0,-0.19761166666666669,-0.19706823148148145,0.19402833333333336,-0.08359612962962965,100,100.0,-0.1772910277777778,0.019777203703703644
141,141.0,0.14807,0.04010450224102026,0.21492919444444444,0.008804989447452675,0.0,0.0,0.46924000000000005,0.01908468757931343,0.19215897222222222,0.00347455711139859,0.0,0.0,0.38765333333333335,0.023851214504367144,0.3218810092592592,0.006703233760122786,0.0,0.0,0.26786166666666666,0.26840510185185185,0.20137833333333338,-0.07624612962962962,101,101.0,0.28767563888888886,0.019270537037037017
142,142.0,0.4399633333333333,0.02989296963055585,0.5068225277777777,0.013084492082562536,0.0,0.0,0.7791333333333332,0.017934955626745613,0.5020523055555556,0.0060127712605321584,0.0,0.0,0.6636166666666666,0.032218420714450496,0.5978443425925927,0.013129691044229659,0.0,0.0,0.55179,0.5523334351851852,0.22734333333333323,-0.050281129629629606,102,102.0,0.5818856388888889,0.029552203703703706
143,143.0,0.6737666666666667,0.00449669137626029,0.7406258611111111,0.03517468129450144,0.0,0.0,0.9942633333333334,0.027333805686975424,0.7171823055555556,0.014899768003724537,0.0,0.0,0.88733,0.026546549681644164,0.8215576759259259,0.006734055439158857,0.0,0.0,0.7805483333333334,0.7810917685185185,0.213715,-0.06390946296296285,103,103.0,0.7552056388888889,-0.02588612962962955
144,144.0,0.6693533333333334,0.028415228898133683,0.7362125277777777,0.018893054124988738,0.0,0.0,1.0578233333333333,0.02403761496765713,0.7807423055555556,0.03353363838344241,0.0,0.0,0.8939833333333334,0.018956057958693102,0.8282110092592593,0.0020512520048239623,0.0,0.0,0.7816683333333334,0.7822117685185185,0.27615499999999993,-0.0014694629629629086,104,104.0,0.7671689722222221,-0.015042796296296346
145,145.0,-0.02632666666666667,0.04592792868542336,0.04053252777777778,0.01960426968099829,0.0,0.0,0.3733133333333334,0.048841233945646094,0.09623230555555556,0.042994536124545096,0.0,0.0,0.2284533333333333,0.02663392260507892,0.16268100925925924,0.008153324274904002,0.0,0.0,0.10106333333333332,0.1016067685185185,0.27225000000000005,-0.005374462962962942,105,105.0,0.15384897222222219,0.05224220370370368
146,146.0,-0.9751166666666666,0.03950282816879484,-0.9082574722222222,0.007871064748867453,0.0,0.0,-0.56053,0.0328168737085055,-0.8376110277777779,0.017342224159173962,0.0,0.0,-0.6919133333333334,0.03319234449889509,-0.7576856574074075,0.019388791635467924,0.0,0.0,-0.833515,-0.8329715648148148,0.27298500000000003,-0.004639462962963026,106,106.0,-0.8074176944444446,0.02555387037037027
147,147.0,-1.2038366666666667,0.03656730825933639,-1.1369774722222221,0.005256259099902509,0.0,0.0,-0.7503833333333333,0.04461000037360831,-1.0274643611111112,0.028389236182209305,0.0,0.0,-0.9000666666666667,0.015551129648142384,-0.9658389907407408,0.008009128060363026,0.0,0.0,-1.0519516666666666,-1.0514082314814814,0.3015683333333333,0.023943870370370268,107,107.0,-1.0794276944444443,-0.02801946296296287
148,148.0,-1.0886633333333335,0.023601653190684163,-1.021804138888889,0.026180518748633124,0.0,0.0,-0.6736066666666667,0.03913662521645592,-0.9506876944444445,0.024146486940439495,0.0,0.0,-0.7922166666666666,0.023435111122700754,-0.8579889907407408,0.002993180779068156,0.0,0.0,-0.94044,-0.9398965648148149,0.26683333333333337,-0.010791129629629581,108,108.0,-1.0095010277777778,-0.06960446296296297
149,149.0,-0.86965,0.026487689593469633,-0.8027908055555556,0.01452420683444549,0.0,0.0,-0.4048866666666667,0.02576119627139496,-0.6819676944444444,0.01359192707325989,0.0,0.0,-0.5546466666666666,0.011659589758363407,-0.6204189907407408,0.011879579809654938,0.0,0.0,-0.7121483333333334,-0.7116048981481482,0.3072616666666667,0.02963720370370382,109,109.0,-0.754314361111111,-0.04270946296296285
150,150.0,-0.42305666666666664,0.017710297381278887,-0.35619747222222226,0.028537646865398628,0.0,0.0,0.049133333333333334,0.035159511278362976,-0.22794769444444443,0.020620800539701372,0.0,0.0,-0.11175666666666666,0.010237960408857487,-0.17752899074074072,0.01187686509603928,0.0,0.0,-0.2674066666666666,-0.2668632314814815,0.31653999999999993,0.03891553703703707,110,110.0,-0.2844443611111111,-0.0175811296296296
151,151.0,-0.060849999999999994,0.011873638869360985,0.006009194444444446,0.027779834947769377,0.0,0.0,0.4129666666666667,0.035194051107159195,0.13588563888888888,0.01929553495870463,0.0,0.0,0.23327666666666666,0.01707842010647745,0.16750434259259261,0.01000373425972252,0.0,0.0,0.08621333333333334,0.08675676851851853,0.32675333333333334,0.04912887037037035,111,111.0,0.08805563888888888,0.001298870370370353
152,152.0,0.08417000000000001,0.01676272949134478,0.15102919444444443,0.03014245294804835,0.0,0.0,0.6195866666666666,0.03686904573396677,0.3425056388888889,0.023146829970342064,0.0,0.0,0.40470333333333336,0.016968884268959268,0.33893100925925923,0.00467546816533621,0.0,0.0,0.2444366666666667,0.24498010185185182,0.37514999999999993,0.09752553703703709,112,112.0,0.26500897222222225,0.020028870370370433
153,153.0,0.21470333333333333,0.009768082377485013,0.2815625277777778,0.03220708866508836,0.0,0.0,0.7327300000000001,0.04618675567735842,0.4556489722222223,0.03014108882329409,0.0,0.0,0.5273633333333333,0.03496926698307149,0.4615910092592592,0.018844906092114862,0.0,0.0,0.3710333333333333,0.3715767685185185,0.3616966666666668,0.08407220370370377,113,113.0,0.4285689722222222,0.05699220370370367
154,154.0,-0.054996666666666666,0.018248343303799753,0.011862527777777783,0.022075979435998806,0.0,0.0,0.49873999999999996,0.03501692019581391,0.2216589722222222,0.02079644105258645,0.0,0.0,0.31382333333333334,0.02355497045919044,0.24805100925925924,0.004118384130074529,0.0,0.0,0.12941333333333332,0.1299567685185185,0.36932666666666664,0.09170220370370369,114,114.0,0.1272989722222222,-0.002657796296296311
155,155.0,-1.05251,0.030228134246095925,-0.9856508055555556,0.018116605956745153,0.0,0.0,-0.5151366666666667,0.055529986793923625,-0.7922176944444445,0.0411636825964119,0.0,0.0,-0.6922433333333333,0.021872881230723413,-0.7580156574074074,0.017213939796159705,0.0,0.0,-0.8723766666666667,-0.8718332314814815,0.35724,0.07961553703703705,115,115.0,-0.9310310277777778,-0.05919779629629629
156,156.0,-1.6337666666666666,0.030016119558219614,-1.566907472222222,0.032997519717443705,0.0,1.0,-1.1028833333333334,0.03320303349595237,-1.379964361111111,0.01989105517586386,0.0,0.0,-1.2823466666666665,0.013510078953630622,-1.3481189907407407,0.00781071360437169,0.0,0.0,-1.4580566666666666,-1.4575132314814814,0.3551733333333331,0.07754887037037039,116,116.0,-1.4940410277777776,-0.03652779629629621
157,157.0,-1.5902933333333333,0.029335003550934425,-1.5234341388888888,0.014152387460651979,0.0,0.6666666666666666,-1.0366433333333334,0.043347115628762825,-1.3137243611111111,0.03135434944856288,0.0,0.0,-1.22929,0.024023319920443945,-1.2950623240740742,0.008844802939950205,0.0,0.0,-1.4097916666666666,-1.4092482314814814,0.3731483333333332,0.09552387037037025,117,117.0,-1.4014910277777777,0.007757203703703697
158,158.0,-1.3863933333333334,0.016864783821126633,-1.3195341388888888,0.02375758569507084,0.0,0.0,-0.85311,0.03893737022450282,-1.1301910277777778,0.022814573751304284,0.0,0.0,-1.0265533333333334,0.024849469477904968,-1.0923256574074074,0.011228884627267174,0.0,0.0,-1.2064733333333333,-1.205929898148148,0.35336333333333325,0.0757388703703703,118,118.0,-1.2476643611111111,-0.041734462962963015
159,159.0,-1.11088,0.015333561230190482,-1.0440208055555555,0.039927467352309565,0.0,0.0,-0.5696633333333333,0.022831168023851326,-0.8467443611111111,0.011974544153157806,0.0,0.0,-0.7585666666666667,0.02534405716007865,-0.8243389907407407,0.007793406120173672,0.0,0.0,-0.9347233333333334,-0.9341798981481482,0.36506000000000005,0.0874355370370371,119,119.0,-0.957564361111111,-0.023384462962962815
160,160.0,-0.7092899999999999,0.02401805154461953,-0.6424308055555555,0.01987934224411471,0.0,0.0,-0.15198,0.030405530746888797,-0.42906102777777777,0.015490309081929396,0.0,0.0,-0.35681,0.018622494462343108,-0.4225823240740741,0.0019682755825279467,0.0,0.0,-0.5330499999999999,-0.5325065648148148,0.3810699999999999,0.10344553703703707,120,120.0,-0.5468743611111111,-0.014367796296296254
161,161.0,-0.20078666666666667,0.020283481785268842,-0.13392747222222223,0.019946859603923686,0.0,0.0,0.36267333333333335,0.02715354550207639,0.08559230555555557,0.01679063195847063,0.0,0.0,0.14459333333333332,0.020203114446375174,0.07882100925925926,0.0017760926397775616,0.0,0.0,-0.028096666666666673,-0.027553231481481484,0.39077,0.11314553703703706,121,121.0,-0.029767694444444447,-0.002214462962962963
162,162.0,0.11608999999999998,0.021884818939164195,0.18294919444444444,0.017903791164405443,0.0,0.0,0.70111,0.030385524514149855,0.4240289722222222,0.016196150482559242,0.0,0.0,0.42515,0.022751483468116982,0.3593776759259259,0.0036882989367123826,0.0,0.0,0.27061999999999997,0.27116343518518515,0.43049000000000004,0.15286553703703704,122,122.0,0.2987856388888889,0.027622203703703774
163,163.0,0.3423066666666667,0.023658050074622235,0.4091658611111111,0.017155270432557965,0.0,0.0,0.9020166666666668,0.02955189390433944,0.6249356388888888,0.01351897651485719,0.0,0.0,0.6395866666666666,0.027095566673043248,0.5738143425925926,0.007544178106713311,0.0,0.0,0.49094666666666664,0.4914901018518518,0.41107000000000016,0.133445537037037,123,123.0,0.5191423055555555,0.027652203703703693
164,164.0,0.34142999999999996,0.022641881547256618,0.40828919444444445,0.01891559624732923,0.0,0.0,0.9328,0.03040391257716678,0.6557189722222222,0.01936340690891897,0.0,0.0,0.6491466666666666,0.029385263880614274,0.5833743425925926,0.014744466362192022,0.0,0.0,0.49528833333333333,0.4958317685185185,0.43751166666666663,0.15988720370370368,124,124.0,0.5226023055555555,0.026770537037037023
165,165.0,-0.30609,0.028930273071645897,-0.23923080555555554,0.017843970527036665,0.0,0.0,0.2832233333333333,0.040348759997468724,0.006142305555555542,0.0333374705083956,0.0,0.0,-0.017863333333333332,0.024886583400164298,-0.08363565740740742,0.004576139988538555,0.0,0.0,-0.16197666666666666,-0.16143323148148148,0.4452,0.167575537037037,125,125.0,-0.1476243611111111,0.013808870370370374
166,166.0,-1.06828,0.04648058411853279,-1.0014208055555556,0.0074306961504871675,0.0,0.0,-0.45415999999999995,0.040344703493767314,-0.7312410277777778,0.027239980184532133,0.0,0.0,-0.7465633333333334,0.013656538116716598,-0.8123356574074073,0.008725742867148348,0.0,0.0,-0.9074216666666666,-0.9068782314814814,0.4532616666666666,0.17563720370370361,126,126.0,-0.8730276944444445,0.03385053703703689
167,167.0,-1.2059533333333332,0.03248479080020881,-1.1390941388888889,0.0084830795477938,0.0,0.0,-0.5963933333333333,0.05009342704720186,-0.8734743611111111,0.038679589010345766,0.0,0.0,-0.8683266666666666,0.009141998322759219,-0.9340989907407407,0.01181068884097816,0.0,0.0,-1.03714,-1.0365965648148148,0.4407466666666666,0.16312220370370367,127,127.0,-1.0080576944444444,0.028538870370370395
168,168.0,-1.03318,0.046506600606795616,-0.9663208055555557,0.0070812698761339825,0.0,0.0,-0.42840666666666666,0.050096871492472786,-0.7054876944444445,0.040360045877470024,0.0,0.0,-0.7167766666666667,0.005786685867863706,-0.7825489907407408,0.015346090845284922,0.0,0.0,-0.8749783333333334,-0.8744348981481482,0.44657166666666676,0.16894720370370375,128,128.0,-0.8614110277777778,0.01302387037037045
169,169.0,-0.7521366666666666,0.035222274675740815,-0.6852774722222222,0.005830453170187888,0.0,0.0,-0.13000666666666666,0.029498017447505406,-0.4070876944444444,0.015099570685888658,0.0,0.0,-0.45829000000000003,0.008636301291641012,-0.524062324074074,0.013459351370862236,0.0,0.0,-0.6052133333333333,-0.6046698981481482,0.4752066666666666,0.19758220370370377,129,129.0,-0.5749510277777778,0.029718870370370354
170,170.0,-0.28413666666666665,0.03659522965269288,-0.21727747222222224,0.00907432983462311,0.0,0.0,0.35951666666666665,0.027677590815194407,0.08243563888888888,0.01600566106130138,0.0,0.0,0.014506666666666668,0.017049171045342155,-0.051265657407407406,0.003536768648424637,0.0,0.0,-0.134815,-0.13427156481481484,0.4943316666666666,0.21670720370370372,130,130.0,-0.10126102777777779,0.03301053703703705
171,171.0,0.10489666666666665,0.02442617516790816,0.1717558611111111,0.01740416756452884,0.0,0.0,0.7735599999999999,0.02826114824277315,0.4964789722222222,0.01790202257065858,0.0,0.0,0.39819333333333334,0.014295056254990153,0.33242100925925927,0.008381950850790774,0.0,0.0,0.251545,0.2520884351851852,0.5220149999999999,0.244390537037037,131,131.0,0.31418563888888884,0.06209720370370364
172,172.0,0.3464966666666667,0.03440573256498592,0.41335586111111117,0.011196762069295738,0.0,0.0,1.0375933333333334,0.022303287500575614,0.7605123055555555,0.007753198580681462,0.0,0.0,0.62323,0.037860623344049694,0.5574576759259259,0.01728323123216061,0.0,0.0,0.4848633333333333,0.4854067685185185,0.55273,0.275105537037037,132,132.0,0.5869323055555555,0.10152553703703704
173,173.0,0.5536500000000001,0.02504330050133168,0.6205091944444444,0.014600565904282912,0.0,0.0,1.2547633333333332,0.036881703232542376,0.9776823055555556,0.023852382164013423,0.0,0.0,0.8226533333333333,0.029688309708256144,0.7568810092592594,0.010175288819737428,0.0,0.0,0.6881516666666667,0.6886951018518519,0.5666116666666665,0.2889872037037037,133,133.0,0.7859456388888889,0.09725053703703701
174,174.0,0.6035166666666667,0.03294815675168087,0.6703758611111111,0.00758632752264657,0.0,0.0,1.2803366666666667,0.031327568263964205,1.003255638888889,0.01653842962141794,0.0,0.0,0.8456199999999999,0.03378000444049705,0.779847675925926,0.023997843858978008,0.0,0.0,0.7245683333333333,0.7251117685185186,0.5557683333333334,0.27814387037037036,134,134.0,0.8190489722222223,0.09393720370370373
175,175.0,-0.059673333333333335,0.033589821871116456,0.007185861111111111,0.0073275760167236855,0.0,0.0,0.65576,0.03198317057453811,0.3786789722222222,0.019578656034579343,0.0,0.0,0.19899666666666668,0.023455030022008782,0.13322434259259258,0.016161953770961638,0.0,0.0,0.06966166666666668,0.07020510185185184,0.5860983333333334,0.30847387037037033,135,135.0,0.17459897222222223,0.10439387037037039
176,176.0,-0.85553,0.035532227625072965,-0.7886708055555557,0.01824458611487493,0.0,0.0,-0.13863333333333336,0.02549867120720869,-0.41571436111111115,0.022375405456496057,0.0,0.0,-0.5929533333333333,0.016556501240700988,-0.6587256574074074,0.004026924450251697,0.0,0.0,-0.7242416666666667,-0.7236982314814815,0.5856083333333333,0.30798387037037034,136,136.0,-0.6059810277777777,0.11771720370370375
177,177.0,-1.0578200000000002,0.03421258686507054,-0.9909608055555555,0.015692186635137013,0.0,0.0,-0.34513,0.02958043779256823,-0.6222110277777778,0.01422537323893597,0.0,0.0,-0.7779533333333334,0.02292394454131603,-0.8437256574074073,0.003494967369936936,0.0,0.0,-0.9178866666666667,-0.9173432314814814,0.5727566666666668,0.29513220370370363,137,137.0,-0.9046643611111111,0.012678870370370299
178,178.0,-0.9151599999999999,0.03045535092557631,-0.8483008055555556,0.014705503854482407,0.0,0.0,-0.22053999999999999,0.0188566486948238,-0.4976210277777778,0.005026889905336104,0.0,0.0,-0.6274633333333334,0.02451033319506966,-0.6932356574074076,0.0044659329901465886,0.0,0.0,-0.7713116666666666,-0.7707682314814817,0.5507716666666667,0.2731472037037039,138,138.0,-0.8376876944444444,-0.0669194629629627
179,179.0,-0.6926866666666666,0.042606201817732316,-0.6258274722222222,0.0139782130972444,0.0,0.0,0.012473333333333331,0.02465624734896479,-0.26460769444444443,0.010461284014473623,0.0,0.0,-0.41544333333333333,0.019893452021540498,-0.4812156574074074,0.0037604660948155366,0.0,0.0,-0.5540649999999999,-0.5535215648148148,0.5665383333333333,0.2889138703703704,139,139.0,-0.6297410277777779,-0.076219462962963
180,180.0,-0.32946666666666663,0.03294838438123078,-0.2626074722222222,0.006838599211077742,0.0,0.0,0.36812,0.03579020676106802,0.09103897222222222,0.023380783536636175,0.0,0.0,-0.04956,0.024790750291187238,-0.11533232407407408,0.007181135966459324,0.0,0.0,-0.1895133333333333,-0.18896989814814813,0.5576333333333333,0.28000887037037037,140,140.0,-0.2806643611111111,-0.09169446296296296
181,181.0,0.15370666666666666,0.04189694539382714,0.22056586111111112,0.006529873042221489,0.0,0.0,0.8563433333333333,0.03476506484005654,0.5792623055555556,0.022489472275522226,0.0,0.0,0.42629333333333336,0.022989259086219665,0.36052100925925923,0.002808102969496365,0.0,0.0,0.29000000000000004,0.29054343518518516,0.5663433333333333,0.2887188703703704,141,141.0,0.19215897222222222,-0.09838446296296294
182,182.0,0.4601233333333334,0.0364955371700888,0.5269825277777778,0.012722443325468288,0.0,0.0,1.1942133333333333,0.030762103850896456,0.9171323055555556,0.03282943369241721,0.0,0.0,0.71287,0.026541763317458753,0.6470976759259259,0.013578463263643278,0.0,0.0,0.5864966666666667,0.5870401018518518,0.6077166666666667,0.33009220370370373,142,142.0,0.5020523055555556,-0.08498779629629627
183,183.0,0.6831833333333334,0.03136759846295745,0.7500425277777777,0.008486812498928905,0.0,0.0,1.4129233333333333,0.042137432685598386,1.1358423055555555,0.03404285556321833,0.0,0.0,0.9364833333333333,0.019851428999780655,0.8707110092592593,0.002200162571913693,0.0,0.0,0.8098333333333334,0.8103767685185185,0.6030899999999999,0.32546553703703707,143,143.0,0.7171823055555556,-0.09319446296296285
184,184.0,0.7420833333333334,0.03210782199610143,0.8089425277777779,0.013576150831217836,0.0,0.0,1.4780066666666667,0.03898938872736185,1.200925638888889,0.03058930302152364,0.0,0.0,1.00299,0.02410550144676515,0.937217675925926,0.003990297488477854,0.0,0.0,0.8725366666666667,0.8730801018518519,0.60547,0.327845537037037,144,144.0,0.7807423055555556,-0.09233779629629635
185,185.0,0.17285000000000003,0.025118015447084984,0.23970919444444447,0.016456097527555544,0.0,0.0,0.9120900000000001,0.04100507407626523,0.6350089722222222,0.025840266874016027,0.0,0.0,0.42386999999999997,0.02263779362040389,0.35809767592592595,0.013234066180039456,0.0,0.0,0.29836,0.2989034351851852,0.6137300000000001,0.336105537037037,145,145.0,0.09623230555555556,-0.20267112962962963
186,186.0,-0.7975833333333333,0.03724029582768285,-0.7307241388888889,0.006916099635614921,0.0,0.0,-0.03656,0.024595684580836535,-0.3136410277777778,0.011133180383596768,0.0,0.0,-0.54673,0.015323697334520832,-0.612502324074074,0.014499033469392138,0.0,0.0,-0.6721566666666667,-0.6716132314814814,0.6355966666666667,0.35797220370370364,146,146.0,-0.8376110277777779,-0.1659977962962964
187,187.0,-1.0766799999999999,0.037257540176452865,-1.0098208055555555,0.009472858289331311,0.0,0.0,-0.28629666666666664,0.01667814238257167,-0.5633776944444445,0.0021557411482244697,0.0,0.0,-0.83907,0.02222051079520902,-0.9048423240740741,0.0026032178574257243,0.0,0.0,-0.9578749999999999,-0.9573315648148149,0.6715783333333333,0.39395387037037033,147,147.0,-1.0274643611111112,-0.07013279629629632
188,188.0,-0.96834,0.04611944925950435,-0.9014808055555555,0.006723271463339317,0.0,0.0,-0.20241333333333333,0.02856869148794416,-0.4794943611111111,0.018357291585160154,0.0,0.0,-0.7427166666666666,0.026235636705316163,-0.8084889907407407,0.012360262450403333,0.0,0.0,-0.8555283333333332,-0.854984898148148,0.6531149999999999,0.37549053703703694,148,148.0,-0.9506876944444445,-0.09570279629629641
189,189.0,-0.7502633333333334,0.041591446636698406,-0.6834041388888888,0.003463298484389587,0.0,0.0,-0.02648666666666667,0.012374135660050495,-0.3035676944444445,0.009447541473745885,0.0,0.0,-0.5398366666666666,0.02250072295134832,-0.6056089907407407,0.004067404756593707,0.0,0.0,-0.64505,-0.6445065648148147,0.6185633333333334,0.34093887037037024,149,149.0,-0.6819676944444444,-0.037461129629629664
190,190.0,-0.33542999999999995,0.039844792633416976,-0.2685708055555555,0.01649922323938575,0.0,0.0,0.4243166666666667,0.020419542926650772,0.14723563888888888,0.013187057708573974,0.0,0.0,-0.11163333333333332,0.013926508296530514,-0.1774056574074074,0.009829188418810548,0.0,0.0,-0.22353166666666663,-0.22298823148148145,0.6478483333333334,0.3702238703703703,150,150.0,-0.22794769444444443,-0.004959462962962985
191,191.0,0.008236666666666665,0.026564251040323596,0.07509586111111112,0.013100414592793867,0.0,0.0,0.79189,0.02800106605113457,0.5148089722222222,0.02074896400113443,0.0,0.0,0.2337233333333333,0.02284191395950289,0.16795100925925924,0.008767962075303525,0.0,0.0,0.12097999999999999,0.12152343518518519,0.67091,0.39328553703703706,151,151.0,0.13588563888888888,0.014362203703703696
192,192.0,0.17716666666666667,0.03084883844382691,0.2440258611111111,0.00900859054537375,0.0,0.0,0.9806500000000001,0.020729225745309467,0.7035689722222221,0.015213552909178458,0.0,0.0,0.408,0.02123968926326372,0.34222767592592596,0.003085020464887704,0.0,0.0,0.2925833333333333,0.29312676851851854,0.6880666666666668,0.4104422037037036,152,152.0,0.3425056388888889,0.049378870370370365
193,193.0,0.30633666666666665,0.03774351114209346,0.3731958611111111,0.003966601085281055,0.0,0.0,1.0597966666666665,0.008952096588695469,0.7827156388888888,0.007448565253966209,0.0,0.0,0.5298666666666666,0.02104350810424283,0.4640943425925925,0.0016619100374206182,0.0,0.0,0.4181016666666666,0.4186451018518518,0.6416949999999999,0.36407053703703707,153,153.0,0.4556489722222223,0.037003870370370506
194,194.0,0.06114,0.031828917669314484,0.12799919444444444,0.007829922537773345,0.0,0.0,0.8222266666666668,0.027920713338547305,0.5451456388888889,0.03089066540789623,0.0,0.0,0.28906000000000004,0.01392928928553068,0.2232876759259259,0.01550907344255465,0.0,0.0,0.17510000000000003,0.17564343518518516,0.6471266666666667,0.36950220370370374,154,154.0,0.2216589722222222,0.046015537037037035
195,195.0,-0.9583333333333334,0.03981897077189884,-0.8914741388888889,0.00033901450768329406,0.0,0.0,-0.17444,0.0313176164482548,-0.45152102777777775,0.03513582744797258,0.0,0.0,-0.7596233333333333,0.021231084129957473,-0.8253956574074074,0.0051409766663145316,0.0,0.0,-0.8589783333333334,-0.8584348981481482,0.6845383333333334,0.40691387037037047,155,155.0,-0.7922176944444445,0.06621720370370376
196,196.0,-1.5717366666666666,0.027733644429344905,-1.504877472222222,0.015589394463073471,0.0,0.6666666666666666,-0.82483,0.030300625406086953,-1.1019110277777777,0.037994268389504475,0.0,0.0,-1.3940633333333334,0.013290663389512694,-1.4598356574074074,0.008611600249742741,0.0,0.0,-1.4828999999999999,-1.4823565648148147,0.6580699999999999,0.380445537037037,156,156.0,-1.379964361111111,0.10239220370370372
197,197.0,-1.5212,0.0408068609427385,-1.4543408055555556,0.0061756257220335455,0.0,0.0,-0.7872499999999999,0.03460379747946746,-1.0643310277777778,0.044026420765873174,0.0,0.0,-1.3491799999999998,0.015510680191403663,-1.414952324074074,0.005329574627793428,0.0,0.0,-1.43519,-1.4346465648148148,0.6479400000000001,0.370315537037037,157,157.0,-1.3137243611111111,0.12092220370370366
198,198.0,-1.31032,0.03936161709076488,-1.2434608055555556,0.002685912684271505,0.0,0.0,-0.61611,0.011881973741765322,-0.8931910277777778,0.01991028998082079,0.0,0.0,-1.1466066666666668,0.015793686502312727,-1.212378990740741,0.005897910110893711,0.0,0.0,-1.2284633333333335,-1.2279198981481483,0.6123533333333334,0.33472887037037047,158,158.0,-1.1301910277777778,0.09772887037037048
199,199.0,-1.00881,0.02375367550506651,-0.9419508055555555,0.01790711896775442,0.0,0.0,-0.29832,0.01939330812419585,-0.5754010277777778,0.015765787392971225,0.0,0.0,-0.8778866666666666,0.012451451053324356,-0.9436589907407408,0.008189175243953677,0.0,0.0,-0.9433483333333332,-0.9428048981481482,0.6450283333333333,0.36740387037037037,159,159.0,-0.8467443611111111,0.0960605370370371
200,200.0,-0.6017033333333334,0.02195264296920383,-0.5348441388888889,0.020947115506881643,0.0,0.0,0.08072666666666667,0.009419157782590401,-0.19635436111111113,0.009413465940303782,0.0,0.0,-0.46157000000000004,0.015724668517968825,-0.5273423240740741,0.006355213008223031,0.0,0.0,-0.5316366666666668,-0.5310932314814816,0.6123633333333334,0.3347388703703704,160,160.0,-0.42906102777777777,0.1020322037037038
201,201.0,-0.11203999999999999,0.03914446448733204,-0.04518080555555556,0.006026857920340857,0.0,0.0,0.5818266666666667,0.01021256252530843,0.3047456388888889,0.014438088262506435,0.0,0.0,0.035686666666666665,0.021397030946683545,-0.03008565740740741,0.0008561583934656281,0.0,0.0,-0.038176666666666664,-0.03763323148148148,0.6200033333333334,0.3423788703703704,161,161.0,0.08559230555555557,0.12322553703703705
202,202.0,0.17506999999999998,0.03855545097648321,0.24192919444444447,0.0030827097122098812,0.0,0.0,0.9212866666666667,0.017090820148060015,0.6442056388888888,0.01938504039225244,0.0,0.0,0.33059,0.025092821682704394,0.2648176759259259,0.006151659725625791,0.0,0.0,0.25283,0.2533734351851852,0.6684566666666667,0.39083220370370364,162,162.0,0.4240289722222222,0.170655537037037
203,203.0,0.37093333333333334,0.04406445430654205,0.4377925277777777,0.008655963727895469,0.0,0.0,1.1222133333333335,0.03530087014980422,0.8451323055555555,0.026101009908267643,0.0,0.0,0.5606066666666667,0.021437484305144906,0.49483434259259257,0.0023578017010275243,0.0,0.0,0.46577,0.46631343518518514,0.6564433333333335,0.3788188703703704,163,163.0,0.6249356388888888,0.15862220370370367
204,204.0,0.3658433333333333,0.04874132777564982,0.4327025277777778,0.009677002305166497,0.0,0.0,1.08303,0.03320106624793843,0.8059489722222222,0.017198857484932984,0.0,0.0,0.5369866666666666,0.01907568172656835,0.47121434259259254,0.008361198709597124,0.0,0.0,0.45141499999999996,0.4519584351851852,0.631615,0.353990537037037,164,164.0,0.6557189722222222,0.203760537037037
205,205.0,-0.2811866666666667,0.03524583568782749,-0.21432747222222223,0.010932345750761683,0.0,0.0,0.41257666666666665,0.02746166479537126,0.1354956388888889,0.017659653620874318,0.0,0.0,-0.13458,0.03521582172830843,-0.20035232407407408,0.019992587442791494,0.0,0.0,-0.20788333333333336,-0.20733989814814816,0.62046,0.34283553703703706,165,165.0,0.006142305555555542,0.2134822037037037
206,206.0,-0.9682833333333333,0.04480343104421061,-0.901424138888889,0.012110744254255212,0.0,0.0,-0.32059333333333334,0.033800006410255795,-0.5976743611111112,0.01989131902805653,0.0,0.0,-0.80418,0.010212536413643777,-0.869952324074074,0.011318681749503925,0.0,0.0,-0.8862316666666666,-0.8856882314814815,0.5656383333333332,0.2880138703703703,166,166.0,-0.7312410277777778,0.15444720370370368
207,207.0,-1.0540766666666668,0.038638822877170256,-0.9872174722222223,0.014639143559981506,0.0,0.0,-0.43341,0.03186696722312934,-0.7104910277777777,0.015843179672034538,0.0,0.0,-0.8653766666666667,0.025187485649292882,-0.9311489907407408,0.006636884502415678,0.0,0.0,-0.9597266666666667,-0.9591832314814815,0.5263166666666668,0.24869220370370382,167,167.0,-0.8734743611111111,0.08570887037037045
208,208.0,-0.8607800000000001,0.05045250043357611,-0.7939208055555556,0.014234994721646655,0.0,0.0,-0.27754666666666666,0.01504629633276354,-0.5546276944444445,0.013281656205640044,0.0,0.0,-0.6737866666666666,0.01921431844571474,-0.7395589907407407,0.006872763721835885,0.0,0.0,-0.7672833333333333,-0.7667398981481481,0.48973666666666665,0.21211220370370365,168,168.0,-0.7054876944444445,0.061252203703703656
209,209.0,-0.57558,0.055063162822344275,-0.5087208055555555,0.02016105903448464,0.0,0.0,0.04231666666666667,0.024558571483971402,-0.23476436111111113,0.009738125555906176,0.0,0.0,-0.37673,0.023535403119555875,-0.44250232407407414,0.009257017316722974,0.0,0.0,-0.476155,-0.4756115648148148,0.5184716666666667,0.2408472037037037,169,169.0,-0.4070876944444444,0.06852387037037039
210,210.0,-0.10329333333333333,0.05610945137259259,-0.036434138888888884,0.018115769412088884,0.0,0.0,0.5156433333333333,0.02053407493249536,0.23856230555555555,0.005794870424045884,0.0,0.0,0.10939333333333334,0.023068611430542008,0.04362100925925926,0.010410204505332725,0.0,0.0,0.003050000000000004,0.003593435185185189,0.5125933333333333,0.23496887037037037,170,170.0,0.08243563888888888,0.07884220370370369
211,211.0,0.29168666666666665,0.04518122434522257,0.35854586111111114,0.008675858347082574,0.0,0.0,0.9056000000000001,0.012776576223699371,0.6285189722222222,0.010091985126180003,0.0,0.0,0.5007933333333333,0.01806123288519736,0.43502100925925924,0.006656154446038354,0.0,0.0,0.39624,0.3967834351851852,0.50936,0.23173553703703698,171,171.0,0.4964789722222222,0.09969553703703699
212,212.0,0.5298466666666667,0.03824664211840478,0.596705861111111,0.0018935964467347347,0.0,0.0,1.17812,0.003675091835587228,0.9010389722222222,0.015441308519262113,0.0,0.0,0.7418633333333333,0.019101424903219467,0.6760910092592592,0.005690987300456888,0.0,0.0,0.6358550000000001,0.6363984351851851,0.542265,0.26464053703703705,172,172.0,0.7605123055555555,0.12411387037037036
213,213.0,0.7439166666666667,0.0409231503349062,0.810775861111111,0.005121156580823226,0.0,0.0,1.3604733333333332,0.02290312278562318,1.0833923055555557,0.006742077071013091,0.0,0.0,0.9620366666666667,0.018024828246985734,0.8962643425925926,0.003607347321052012,0.0,0.0,0.8529766666666667,0.8535201018518518,0.5074966666666665,0.22987220370370387,173,173.0,0.9776823055555556,0.12416220370370379
214,214.0,0.7936166666666667,0.05607171687520662,0.8604758611111111,0.016488545342239376,0.0,0.0,1.3687133333333332,0.02218506780096319,1.0916323055555555,0.036839318215254914,0.0,0.0,1.0264900000000001,0.025759101304199256,0.960717675925926,0.00557255650406505,0.0,0.0,0.9100533333333334,0.9105967685185186,0.45865999999999985,0.1810355370370369,174,174.0,1.003255638888889,0.09265887037037035
215,215.0,0.23191333333333333,0.05822980794518676,0.2987725277777778,0.019763799714876552,0.0,0.0,0.7414566666666667,0.028427285015163412,0.4643756388888889,0.036923469198816165,0.0,0.0,0.45508,0.006151008047466687,0.3893076759259259,0.02216298912832178,0.0,0.0,0.3434966666666667,0.34404010185185185,0.39796,0.12033553703703703,175,175.0,0.3786789722222222,0.034638870370370334
216,216.0,-0.52842,0.05595102501295219,-0.46156080555555556,0.02220670307344105,0.0,0.0,-0.032573333333333336,0.013662109402772814,-0.3096543611111111,0.010496379265057363,0.0,0.0,-0.3245866666666667,0.02020649730490996,-0.39035899074074076,0.016700598785291926,0.0,0.0,-0.42650333333333335,-0.42595989814814816,0.39393,0.11630553703703705,176,176.0,-0.41571436111111115,0.010245537037037011
217,217.0,-0.7527666666666667,0.04086938381396682,-0.6859074722222221,0.0035553185906279333,0.0,0.0,-0.27785333333333334,0.029148310985944503,-0.5549343611111112,0.012924862514133705,0.0,0.0,-0.5521466666666667,0.016901912120625057,-0.6179189907407407,0.003864873622853373,0.0,0.0,-0.6524566666666667,-0.6519132314814815,0.37460333333333334,0.09697887037037034,177,177.0,-0.6222110277777778,0.02970220370370369
218,218.0,-0.6205633333333332,0.04611238047784278,-0.5537041388888889,0.009263572909986863,0.0,0.0,-0.18475333333333332,0.020682877781714352,-0.4618343611111111,0.010213929671903583,0.0,0.0,-0.44598333333333334,0.02292741663016863,-0.5117556574074075,0.002361820090342633,0.0,0.0,-0.5332733333333333,-0.5327298981481482,0.34851999999999994,0.0708955370370371,178,178.0,-0.4976210277777778,0.035108870370370415
219,219.0,-0.41347333333333336,0.041560792020043764,-0.34661413888888887,0.004909050174341011,0.0,0.0,0.06640666666666667,0.0264694943913429,-0.21067436111111112,0.010439238207004969,0.0,0.0,-0.2358,0.02464880727337533,-0.301572324074074,0.0043620376726553585,0.0,0.0,-0.3246366666666667,-0.32409323148148145,0.39104333333333335,0.11341887037037032,179,179.0,-0.26460769444444443,0.05948553703703702
220,220.0,-0.055233333333333336,0.040529360139697906,0.011625861111111113,0.008320890427297216,0.0,0.0,0.45736,0.02006869452655056,0.18027897222222222,0.008534098494883378,0.0,0.0,0.15374666666666667,0.02205192130707285,0.08797434259259258,0.005824278827577572,0.0,0.0,0.04925666666666667,0.049800101851851845,0.4081033333333333,0.13047887037037037,180,180.0,0.09103897222222222,0.04123887037037038
221,221.0,0.4388633333333334,0.03510289494234532,0.5057225277777778,0.013485046831903911,0.0,0.0,0.9595133333333333,0.029735521406784402,0.6824323055555555,0.016081579521245653,0.0,0.0,0.63633,0.014290206436577493,0.5705576759259259,0.01154419450738466,0.0,0.0,0.5375966666666667,0.5381401018518519,0.4219166666666666,0.14429220370370355,181,181.0,0.5792623055555556,0.041122203703703675
222,222.0,0.74652,0.04109438404453823,0.8133791944444444,0.016026037676674702,0.0,0.0,1.2850766666666666,0.017414230770646588,1.0079956388888889,0.0050956510224496425,0.0,0.0,0.9357733333333332,0.014697728849496867,0.8700010092592593,0.006076025067478557,0.0,0.0,0.8411466666666666,0.8416901018518519,0.44393000000000005,0.166305537037037,182,182.0,0.9171323055555556,0.07544220370370369
223,223.0,0.9962566666666667,0.06256511994181213,1.0631158611111111,0.025578692277249036,0.0,0.0,1.4773966666666667,0.043808485859857534,1.200315638888889,0.02963092381295694,0.0,0.0,1.16158,0.007433121820608078,1.0958076759259259,0.014261918890368265,0.0,0.0,1.0789183333333334,1.0794617685185184,0.39847833333333327,0.12085387037037054,183,183.0,1.1358423055555555,0.05638053703703716
224,224.0,1.0868333333333333,0.053051441387895644,1.1536925277777776,0.013424637704723606,0.0,0.0,1.5445766666666667,0.05953957115510093,1.267495638888889,0.04435700329158013,0.0,0.0,1.2279866666666666,0.016897059902046048,1.1622143425925926,0.004042197143912888,0.0,0.0,1.15741,1.1579534351851852,0.38716666666666666,0.10954220370370371,184,184.0,1.200925638888889,0.04297220370370369
225,225.0,0.5663866666666667,0.04363937709607383,0.633245861111111,0.006399011620969953,0.0,0.0,1.01931,0.04545268748930032,0.7422289722222222,0.04944696349410174,0.0,0.0,0.68148,0.016311526599310077,0.6157076759259259,0.013777200465176699,0.0,0.0,0.6239333333333333,0.6244767685185184,0.3953766666666666,0.11775220370370376,185,185.0,0.6350089722222222,0.01053220370370378
226,226.0,-0.44326,0.054419066511655664,-0.3764008055555556,0.014784649631469447,0.0,0.0,-0.05405666666666666,0.006566173416331109,-0.33113769444444446,0.011215496937934347,0.0,0.0,-0.34159,0.034836555512851745,-0.4073623240740741,0.030482831791789865,0.0,0.0,-0.392425,-0.39188156481481484,0.3383683333333334,0.06074387037037038,186,186.0,-0.3136410277777778,0.07824053703703704
227,227.0,-0.7509366666666666,0.04840828682501927,-0.6840774722222221,0.015851190868434166,0.0,0.0,-0.3577066666666666,0.008331844533675208,-0.6347876944444445,0.008536685631134308,0.0,0.0,-0.6290866666666667,0.022887115006774733,-0.6948589907407406,0.007612061923798147,0.0,0.0,-0.6900116666666667,-0.6894682314814814,0.3323050000000001,0.0546805370370369,187,187.0,-0.5633776944444445,0.12609053703703688
228,228.0,-0.6608266666666667,0.060113327418579394,-0.5939674722222222,0.021546010129559603,0.0,0.0,-0.28373,0.011301698987320466,-0.5608110277777778,0.007124507149296049,0.0,0.0,-0.5329,0.016333955430329773,-0.598672324074074,0.007256317756265012,0.0,0.0,-0.5968633333333333,-0.5963198981481481,0.3131333333333333,0.035508870370370316,188,188.0,-0.4794943611111111,0.11682553703703702
229,229.0,-0.45249333333333336,0.06027511454434019,-0.38563413888888887,0.026034495252619017,0.0,0.0,-0.05079999999999999,0.012933692434877207,-0.3278810277777778,0.018585175152623784,0.0,0.0,-0.32165666666666665,0.013649034153863539,-0.3874289907407407,0.009409746738153108,0.0,0.0,-0.387075,-0.38653156481481477,0.336275,0.05865053703703699,189,189.0,-0.3035676944444445,0.08296387037037029
230,230.0,-0.005310000000000002,0.053979110774446816,0.06154919444444445,0.017070039681421623,0.0,0.0,0.40218,0.015738452909990885,0.12509897222222222,0.014505834818687176,0.0,0.0,0.13826666666666668,0.013402695002622908,0.07249434259259259,0.010212290483379521,0.0,0.0,0.06647833333333333,0.06702176851851852,0.3357016666666667,0.0580772037037037,190,190.0,0.14723563888888888,0.08021387037037037
231,231.0,0.3451933333333333,0.0468865719938378,0.4120525277777778,0.0076249784519023785,0.0,0.0,0.78408,0.00933387379387572,0.5069989722222222,0.007621441822496833,0.0,0.0,0.5004466666666666,0.02014371448698906,0.4346743425925926,0.0012455173959405562,0.0,0.0,0.42282,0.42336343518518516,0.36126,0.08363553703703708,191,191.0,0.5148089722222222,0.09144553703703706
232,232.0,0.5478333333333333,0.055150689327816506,0.6146925277777777,0.015548519088209655,0.0,0.0,0.9855766666666668,0.005019704506575376,0.7084956388888889,0.01634197701246478,0.0,0.0,0.6891466666666667,0.02154526475431046,0.6233743425925926,0.0011894476893973321,0.0,0.0,0.61849,0.6190334351851852,0.3670866666666668,0.08946220370370372,192,192.0,0.7035689722222221,0.08453553703703698
233,233.0,0.67867,0.05881493262769243,0.7455291944444444,0.020888346425506566,0.0,0.0,1.0853266666666668,0.010294471007940838,0.8082456388888889,0.025030571261477983,0.0,0.0,0.7967333333333334,0.02080729038902789,0.7309610092592593,0.01436427883515075,0.0,0.0,0.7377016666666667,0.7382451018518519,0.3476250000000001,0.07000053703703701,193,193.0,0.7827156388888888,0.04447053703703696
234,234.0,0.4462466666666667,0.06117040161167271,0.5131058611111111,0.021539478515630494,0.0,0.0,0.82495,0.014946487881773402,0.5478689722222222,0.028207674554756132,0.0,0.0,0.5587366666666668,0.02392369815336529,0.49296434259259264,0.005366048616091494,0.0,0.0,0.5024916666666668,0.5030351018518519,0.3224583333333332,0.04483387037037034,194,194.0,0.5451456388888889,0.042110537037037044
235,235.0,-0.63259,0.06754791188482438,-0.5657308055555555,0.030893378780947323,0.0,0.0,-0.21803666666666666,0.019495261817511798,-0.4951176944444445,0.029129853327783006,0.0,0.0,-0.43632,0.019167130719019983,-0.5020923240740741,0.020308087699017804,0.0,0.0,-0.534455,-0.5339115648148148,0.31641833333333336,0.038793870370370354,195,195.0,-0.45152102777777775,0.08239053703703708
236,236.0,-1.1836333333333333,0.06539230943569233,-1.116774138888889,0.025895806229597654,0.0,0.0,-0.7508733333333334,0.014977804690051635,-1.027954361111111,0.004508495980840976,0.0,0.0,-0.9506200000000001,0.010813329736949678,-1.016392324074074,0.009768278799932913,0.0,0.0,-1.0671266666666668,-1.0665832314814816,0.3162533333333334,0.03862887037037055,196,196.0,-1.1019110277777777,-0.03532779629629612
237,237.0,-1.0959666666666668,0.059365742927494254,-1.0291074722222222,0.019857885748285956,0.0,0.0,-0.66982,0.011353078877555656,-0.9469010277777778,0.005144508928981501,0.0,0.0,-0.8620833333333334,0.018713140659262238,-0.9278556574074074,0.005329980453917823,0.0,0.0,-0.979025,-0.9784815648148149,0.30920500000000006,0.031580537037037004,197,197.0,-1.0643310277777778,-0.08584946296296292
238,238.0,-0.8848033333333333,0.047547687991461085,-0.817944138888889,0.008848136950968052,0.0,0.0,-0.49001,0.014221564611532733,-0.7670910277777777,0.015274006583747777,0.0,0.0,-0.6369833333333333,0.0164302201243116,-0.7027556574074074,0.004601985438099433,0.0,0.0,-0.7608933333333333,-0.7603498981481482,0.2708833333333333,-0.006741129629629472,198,198.0,-0.8931910277777778,-0.13284112962962957
239,239.0,-0.61666,0.06348728770391752,-0.5498008055555555,0.025446283023760168,0.0,0.0,-0.20107,0.022311429806267463,-0.4781510277777778,0.006712046169912508,0.0,0.0,-0.35894999999999994,0.01738168864063559,-0.42472232407407406,0.004577292187393717,0.0,0.0,-0.48780499999999993,-0.4872615648148148,0.28673499999999996,0.009110537037037014,199,199.0,-0.5754010277777778,-0.08813946296296299
240,240.0,-0.21911666666666665,0.051630636576874916,-0.15225747222222222,0.016590286373282744,0.0,0.0,0.20457,0.033251401474223605,-0.07251102777777778,0.03056636043845758,0.0,0.0,0.04624333333333333,0.02112757755478212,-0.01952899074074074,0.0014581898247731774,0.0,0.0,-0.08643666666666666,-0.08589323148148148,0.29100666666666664,0.013382203703703702,200,200.0,-0.19635436111111113,-0.11046112962962965
241,241.0,0.27997,0.0502574979480674,0.34682919444444443,0.014813088891351656,0.0,0.0,0.7143933333333333,0.028565786061884164,0.4373123055555555,0.017602420095869847,0.0,0.0,0.5535866666666666,0.015317742435924852,0.48781434259259254,0.0062546998529311865,0.0,0.0,0.41677833333333325,0.4173217685185185,0.2976150000000001,0.019990537037037015,201,201.0,0.3047456388888889,-0.1125761296296296
242,242.0,0.5517766666666667,0.04340357166562831,0.6186358611111111,0.008969040779430462,0.0,0.0,1.0158866666666666,0.019528876909165407,0.738805638888889,0.011615801637249346,0.0,0.0,0.85651,0.01889143456702003,0.7907376759259259,0.011935262408877968,0.0,0.0,0.7041433333333333,0.7046867685185185,0.31174333333333326,0.034118870370370424,202,202.0,0.6442056388888888,-0.060481129629629704
243,243.0,0.7908333333333334,0.05093539960904725,0.8576925277777777,0.011417179854781039,0.0,0.0,1.23537,0.008354178595170195,0.9582889722222223,0.011805203250560156,0.0,0.0,1.0780233333333333,0.014413744597894525,1.0122510092592591,0.0069529910277331885,0.0,0.0,0.9344283333333334,0.9349717685185184,0.30094166666666666,0.023317203703703937,203,203.0,0.8451323055555555,-0.08983946296296286
244,244.0,0.79004,0.046891653841595354,0.8568991944444444,0.012322829322160035,0.0,0.0,1.2185066666666666,0.005849806264598289,0.941425638888889,0.018779019126210772,0.0,0.0,1.0812966666666666,0.009827259706211736,1.0155243425925926,0.010756931084717836,0.0,0.0,0.9356683333333333,0.9362117685185185,0.2828383333333333,0.005213870370370466,204,204.0,0.8059489722222222,-0.13026279629629633
245,245.0,0.18239000000000002,0.03988769735143907,0.24924919444444446,0.009600465223263207,0.0,0.0,0.5339966666666667,0.05001475215707197,0.2569156388888889,0.03907395510664269,0.0,0.0,0.48771000000000003,0.04157079383413314,0.4219376759259259,0.021835220647230025,0.0,0.0,0.33505,0.3355934351851852,0.19894666666666666,-0.07867779629629629,205,205.0,0.1354956388888889,-0.2000977962962963
246,246.0,-0.5233966666666666,0.06661444613095073,-0.4565374722222222,0.027070925727158104,0.0,0.0,-0.19152666666666665,0.01781521072941134,-0.46860769444444444,0.005592587942817559,0.0,0.0,-0.17983000000000002,0.01128747535988451,-0.2456023240740741,0.015601969075938894,0.0,0.0,-0.35161333333333333,-0.35106989814814815,0.16008666666666668,-0.11753779629629629,206,206.0,-0.5976743611111112,-0.246604462962963
247,247.0,-0.64811,0.058691870817004936,-0.5812508055555555,0.01933051797756233,0.0,0.0,-0.2803366666666667,0.011526596780200701,-0.5574176944444444,0.013523383510232008,0.0,0.0,-0.3243433333333334,0.02870425113695414,-0.3901156574074074,0.011714674900654922,0.0,0.0,-0.4862266666666667,-0.48568323148148146,0.20589000000000002,-0.07173446296296299,207,207.0,-0.7104910277777777,-0.22480779629629627
248,248.0,-0.49965333333333334,0.06253042166284614,-0.4327941388888889,0.02290389800043214,0.0,0.0,-0.10624333333333334,0.02277204060538566,-0.38332436111111107,0.006746680122543648,0.0,0.0,-0.14217,0.017897427189403514,-0.2079423240740741,0.0030486712755811393,0.0,0.0,-0.32091166666666665,-0.3203682314814815,0.2146683333333333,-0.06295612962962954,208,208.0,-0.5546276944444445,-0.23425946296296296
249,249.0,-0.24210666666666666,0.05163573407373359,-0.17524747222222223,0.012216445371018776,0.0,0.0,0.19358333333333333,0.004437232621052598,-0.08349769444444444,0.015151936451539177,0.0,0.0,0.14628333333333332,0.018032205448400746,0.08051100925925926,0.0031156783742451156,0.0,0.0,-0.04791166666666667,-0.04736823148148148,0.24149500000000002,-0.036129462962962954,209,209.0,-0.23476436111111113,-0.18739612962962965
250,250.0,0.22877999999999998,0.053793138038229375,0.2956391944444445,0.014924233937264513,0.0,0.0,0.67991,0.019501817863983858,0.4028289722222222,0.00687962889893324,0.0,0.0,0.62549,0.029804625479948565,0.5597176759259259,0.009908749859027387,0.0,0.0,0.427135,0.4276784351851852,0.252775,-0.02484946296296303,210,210.0,0.23856230555555555,-0.18911612962962968
251,251.0,0.6498433333333333,0.06687825531017788,0.7167025277777777,0.027641469565225903,0.0,0.0,1.0918966666666667,0.01579317679674782,0.8148156388888889,0.008653982763787246,0.0,0.0,1.0340566666666666,0.01709451763968007,0.9682843425925927,0.003605378848213628,0.0,0.0,0.84195,0.8424934351851852,0.24994666666666676,-0.027677796296296298,211,211.0,0.6285189722222222,-0.21397446296296296
252,252.0,0.9055566666666667,0.05315480818640333,0.9724158611111111,0.014012042073111238,0.0,0.0,1.3720100000000002,0.019921116936557497,1.0949289722222222,0.007874916747943252,0.0,0.0,1.2768766666666667,0.014808917358582783,1.2111043425925925,0.005772973884617782,0.0,0.0,1.0912166666666667,1.0917601018518517,0.28079333333333345,0.0031688703703705023,212,212.0,0.9010389722222222,-0.1907211296296295
253,253.0,1.1117966666666665,0.05827115610088181,1.178655861111111,0.018715377196685104,0.0,0.0,1.5699866666666666,0.007193902510691445,1.2929056388888889,0.009188648940001577,0.0,0.0,1.5072633333333334,0.016584237496289435,1.4414910092592592,0.0042585745931088635,0.0,0.0,1.30953,1.3100734351851853,0.26045666666666656,-0.01716779629629639,213,213.0,1.0833923055555557,-0.2266811296296296
254,254.0,1.1928066666666668,0.05711438902179846,1.2596658611111111,0.02190362217008309,0.0,0.0,1.65116,0.010775694873185668,1.3740789722222224,0.025626895353392003,1.0,0.0,1.5574933333333334,0.007552829491874738,1.4917210092592592,0.013654440661824781,1.0,0.0,1.37515,1.3756934351851853,0.27600999999999987,-0.0016144629629628593,214,214.0,1.0916323055555555,-0.2840611296296298
255,255.0,0.5959266666666666,0.05511899521338656,0.6627858611111112,0.023101531148215552,0.0,0.0,1.0686433333333334,0.029637662413445013,0.7915623055555555,0.04291457605792553,0.0,0.0,1.0126133333333334,0.019847973028330412,0.9468410092592592,0.03128636969030442,0.0,0.0,0.80427,0.8048134351851852,0.26437333333333335,-0.01325112962962971,215,215.0,0.4643756388888889,-0.34043779629629634
256,256.0,-0.23687666666666665,0.056171331952636946,-0.17001747222222222,0.019681718202229574,0.0,0.0,0.16599333333333333,0.030644804344836876,-0.11108769444444445,0.039402166457757314,0.0,0.0,0.17157333333333336,0.014984566504685194,0.10580100925925927,0.0163348273996447,0.0,0.0,-0.03265166666666665,-0.032108231481481474,0.19864499999999996,-0.07897946296296299,216,216.0,-0.3096543611111111,-0.27754612962962966
257,257.0,-0.5220933333333333,0.03664436427792593,-0.4552341388888889,0.004045926449704636,0.0,0.0,-0.09861333333333333,0.011079717204574013,-0.37569436111111115,0.005182798890811096,0.0,0.0,-0.13903666666666667,0.0113193874981526,-0.20480899074074074,0.009675001137442652,0.0,0.0,-0.330565,-0.3300215648148148,0.23195166666666667,-0.045672796296296336,217,217.0,-0.5549343611111112,-0.22491279629629635
258,258.0,-0.42619,0.05653121173298871,-0.3593308055555555,0.01705860283951825,0.0,0.0,-0.0046366666666666665,0.01001081581757118,-0.28171769444444444,0.01240929134015376,0.0,0.0,-0.05481,0.02313889150326783,-0.12058232407407408,0.00903987299516845,0.0,0.0,-0.2405,-0.2399565648148148,0.2358633333333333,-0.041761129629629634,218,218.0,-0.4618343611111111,-0.22187779629629628
259,259.0,-0.20865666666666663,0.04999580115703051,-0.1417974722222222,0.010789182815969876,0.0,0.0,0.23634666666666668,0.009449827158913196,-0.04073436111111112,0.014234447630399745,0.0,0.0,0.15289333333333333,0.023976176370166566,0.08712100925925925,0.0038324520086239016,0.0,0.0,-0.027881666666666652,-0.02733823148148147,0.26422833333333334,-0.013396129629629647,219,219.0,-0.21067436111111112,-0.18333612962962964
260,260.0,0.16491666666666668,0.051856710591140796,0.23177586111111112,0.012783463591373643,0.0,0.0,0.59776,0.010449866027849385,0.32067897222222225,0.011838606074493628,0.0,0.0,0.5205866666666666,0.014342682222420388,0.45481434259259257,0.006635401266877481,0.0,0.0,0.3427516666666667,0.34329510185185186,0.2550083333333333,-0.02261612962962961,220,220.0,0.18027897222222222,-0.16301612962962964
261,261.0,0.63155,0.061473480461089886,0.6984091944444444,0.021872458893746772,0.0,0.0,1.0863833333333333,0.014162504486612942,0.8093023055555556,0.006271499812496816,0.0,0.0,1.0020933333333333,0.013402948680545342,0.9363210092592592,0.00936947369318546,0.0,0.0,0.8168216666666666,0.8173651018518517,0.2695616666666667,-0.008062796296296137,221,221.0,0.6824323055555555,-0.1349327962962963
262,262.0,0.9227066666666667,0.06299403649023715,0.9895658611111111,0.02348979628956596,0.0,0.0,1.3950399999999998,0.01651393351082659,1.1179589722222223,0.01679286739820521,0.0,0.0,1.3111733333333333,0.022097686153381174,1.2454010092592591,0.00862424955244517,0.0,0.0,1.11694,1.1174834351851852,0.2780999999999998,0.00047553703703706596,222,222.0,1.0079956388888889,-0.10948779629629635
263,263.0,1.1442033333333332,0.045030103634494716,1.2110625277777778,0.005818659854561628,0.0,0.0,1.6141766666666666,0.024056234812067537,1.3370956388888888,0.022332271626712256,0.0,0.0,1.5386766666666667,0.029372812826376278,1.4729043425925925,0.010842425414148326,0.6666666666666666,0.0,1.34144,1.3419834351851851,0.2727366666666666,-0.004887796296296321,223,223.0,1.200315638888889,-0.14166779629629622
264,264.0,1.16325,0.06002186601564474,1.2301091944444444,0.0237703551895302,0.0,0.0,1.67352,0.0025983263844251495,1.3964389722222224,0.017937867778911275,1.0,0.0,1.5742,0.013912264373566184,1.508427675925926,0.009638063394219772,1.0,0.0,1.368725,1.3692684351851852,0.3047949999999999,0.0271705370370372,224,224.0,1.267495638888889,-0.10177279629629621
265,265.0,0.5365566666666667,0.07479542655358906,0.603415861111111,0.03659773062564851,0.0,0.0,1.0342433333333334,0.013703781716494692,0.7571623055555555,0.02445412804071086,0.0,0.0,0.9419133333333334,0.010326530556451793,0.8761410092592593,0.017729294811399465,0.0,0.0,0.7392350000000001,0.7397784351851852,0.2950083333333333,0.01738387037037037,225,225.0,0.7422289722222222,0.002450537037037015
266,266.0,-0.37420666666666663,0.04968715159206987,-0.3073474722222222,0.010282103586803277,0.0,0.0,0.060996666666666664,0.01639841557386973,-0.2160843611111111,0.029509652985804363,0.0,0.0,0.023010000000000003,0.011795384690632179,-0.04276232407407407,0.012730758570045063,0.0,0.0,-0.1755983333333333,-0.17505489814814812,0.23659499999999997,-0.041029462962962976,226,226.0,-0.33113769444444446,-0.15608279629629634
267,267.0,-0.6283766666666667,0.06673344014310469,-0.5615174722222223,0.02757628738311996,0.0,0.0,-0.16058333333333333,0.010062451656198563,-0.4376643611111111,0.006354536779020633,0.0,0.0,-0.21071666666666666,0.014659155273525596,-0.2764889907407408,0.006534583813880391,0.0,0.0,-0.4195466666666667,-0.41900323148148155,0.2589633333333333,-0.01866112962962957,227,227.0,-0.6347876944444445,-0.21578446296296294
268,268.0,-0.5261633333333333,0.07713838560232728,-0.4593041388888888,0.037507448375145365,0.0,0.0,-0.05751333333333333,0.00521283352250322,-0.3345943611111111,0.01553807439836929,0.0,0.0,-0.11047333333333333,0.021189519421953233,-0.1762456574074074,0.0006309806963339609,0.0,0.0,-0.3183183333333333,-0.31777489814814813,0.26080499999999995,-0.016819462962962994,228,228.0,-0.5608110277777778,-0.24303612962962967
269,269.0,-0.2856633333333333,0.07029895471010457,-0.21880413888888886,0.031048284399782102,0.0,0.0,0.22644333333333333,0.014714300300501333,-0.050637694444444444,0.030397386042741933,0.0,0.0,0.13232333333333332,0.02565401398092184,0.06655100925925926,0.009026840151494188,0.0,0.0,-0.07667,-0.0761265648148148,0.30311333333333335,0.025488870370370363,229,229.0,-0.3278810277777778,-0.251754462962963
270,270.0,0.15447666666666668,0.05353751426180835,0.22133586111111112,0.01585219670206195,0.0,0.0,0.6942966666666667,0.023901025779939498,0.41721563888888885,0.03991284696280039,0.0,0.0,0.5887666666666667,0.02627571185207611,0.5229943425925926,0.005738720359223669,0.0,0.0,0.3716216666666667,0.37216510185185186,0.322675,0.045050537037036986,230,230.0,0.12509897222222222,-0.24706612962962965
271,271.0,0.5010166666666667,0.054991419633733156,0.5678758611111111,0.016520734455451103,0.0,0.0,1.0566833333333332,0.013427622028242171,0.7796023055555555,0.023086975330219174,0.0,0.0,0.9498300000000001,0.029629841376558205,0.8840576759259259,0.012482575428345357,0.0,0.0,0.7254233333333333,0.7259667685185185,0.3312599999999999,0.05363553703703705,231,231.0,0.5069989722222222,-0.21896779629629626
272,272.0,0.7054033333333333,0.05324012521898623,0.7722625277777778,0.01575663021830551,0.0,0.0,1.26123,0.004174350248841106,0.9841489722222222,0.02039485365119599,0.0,0.0,1.1329766666666667,0.03372023922414147,1.0672043425925926,0.013461196288890274,0.0,0.0,0.91919,0.9197334351851851,0.3420400000000001,0.06441553703703706,232,232.0,0.7084956388888889,-0.21123779629629624
273,273.0,0.8166733333333333,0.04805005861945782,0.8835325277777777,0.015972481969965167,0.0,0.0,1.3530866666666668,0.01589652268055286,1.0760056388888888,0.03190369311447479,0.0,0.0,1.2852366666666668,0.03925200929039597,1.2194643425925926,0.02030774488889596,0.0,0.0,1.050955,1.0514984351851853,0.3021316666666667,0.024507203703703517,233,233.0,0.8082456388888889,-0.24325279629629637
274,274.0,0.5932433333333333,0.0704288593783353,0.6601025277777778,0.033684434911110776,0.0,0.0,1.1136700000000002,0.005519755429364621,0.8365889722222223,0.01981687119065563,0.0,0.0,1.0758866666666667,0.06078242289785211,1.0101143425925925,0.0471924981441287,0.0,0.0,0.834565,0.8351084351851852,0.27910500000000016,0.0014805370370370996,234,234.0,0.5478689722222222,-0.287239462962963
275,275.0,-0.42313666666666666,0.04827210512639087,-0.35627747222222217,0.02015713767303664,0.0,0.0,0.12707666666666664,0.0074479818295517634,-0.15000436111111112,0.023180272884702174,0.0,0.0,0.013633333333333336,0.03581437746678467,-0.05213899074074074,0.052405663461527224,0.0,0.0,-0.20475166666666667,-0.20420823148148146,0.3318283333333333,0.05420387037037033,235,235.0,-0.4951176944444445,-0.29090946296296305
276,276.0,-1.01064,0.05307373361654525,-0.9437808055555555,0.016076517839271696,0.0,0.0,-0.4794933333333333,0.019384494662831254,-0.756574361111111,0.03177151574407373,0.0,0.0,-0.5658566666666667,0.003228642645653631,-0.6316289907407407,0.01787773291644491,0.0,0.0,-0.7882483333333333,-0.7877048981481481,0.308755,0.031130537037037165,236,236.0,-1.027954361111111,-0.2402494629629629
277,277.0,-0.9599166666666666,0.04496292398558321,-0.8930574722222223,0.006117039067026687,0.0,0.0,-0.43571,0.013801307909035285,-0.7127910277777779,0.026389670809877627,0.0,0.0,-0.5095200000000001,0.01614008364290596,-0.575292324074074,0.03224529335408502,0.0,0.0,-0.7347183333333334,-0.7341748981481482,0.2990083333333334,0.02138387037037026,237,237.0,-0.9469010277777778,-0.21272612962962967
278,278.0,-0.74127,0.04388103576717398,-0.6744108055555555,0.00953698832923557,0.0,0.0,-0.2659533333333333,0.0030310449243343904,-0.5430343611111111,0.015684345412201955,0.0,0.0,-0.3281233333333333,0.02432280685556937,-0.39389565740740745,0.003926376046861539,0.0,0.0,-0.5346966666666666,-0.5341532314814815,0.2687433333333333,-0.008881129629629614,238,238.0,-0.7670910277777777,-0.23293779629629618
279,279.0,-0.4643333333333333,0.054065136949177646,-0.3974741388888889,0.01557638191667751,0.0,0.0,0.022320000000000003,0.006291446574516866,-0.2547610277777778,0.022231090439300782,0.0,0.0,-0.08256000000000001,0.026109919570921698,-0.14833232407407407,0.008152009969728539,0.0,0.0,-0.27344666666666667,-0.2729032314814815,0.2957666666666667,0.018142203703703674,239,239.0,-0.4781510277777778,-0.2052477962962963
280,280.0,-0.06451333333333333,0.03945475552241242,0.0023458611111111132,0.007813359019637653,0.0,0.0,0.41890333333333335,0.01622829114026899,0.14182230555555556,0.014443940536830036,0.0,0.0,0.3062133333333333,0.027740043859614455,0.24044100925925924,0.008557484090196186,0.0,0.0,0.12084999999999999,0.12139343518518518,0.2980533333333334,0.020428870370370375,240,240.0,-0.07251102777777778,-0.19390446296296296
281,281.0,0.44767333333333337,0.04619164029706387,0.5145325277777778,0.006908282046675609,0.0,0.0,0.9066566666666667,0.0014728996345078525,0.6295756388888889,0.01603746891945838,0.0,0.0,0.8037733333333333,0.030611307279064918,0.7380010092592593,0.011301653827282931,0.0,0.0,0.6257233333333334,0.6262667685185186,0.28093333333333326,0.0033088703703703093,241,241.0,0.4373123055555555,-0.1889544629629631
282,282.0,0.7606633333333334,0.05068587311404761,0.8275225277777777,0.013056098075134468,0.0,0.0,1.21743,0.01466204624191318,0.9403489722222221,0.028289640485291395,0.0,0.0,1.1006433333333334,0.018665514547778515,1.0348710092592592,0.007568066027619301,0.0,0.0,0.9306533333333333,0.9311967685185185,0.2867766666666667,0.00915220370370362,242,242.0,0.738805638888889,-0.19239112962962956
283,283.0,0.9973166666666667,0.04678147318472703,1.0641758611111112,0.007977436914530255,0.0,0.0,1.4337966666666666,0.00975289358771716,1.1567156388888888,0.02198126932206744,0.0,0.0,1.31299,0.01695515260916277,1.247217675925926,0.006503104655290755,0.0,0.0,1.1551533333333335,1.1556967685185184,0.27864333333333313,0.001018870370370406,243,243.0,0.9582889722222223,-0.19740779629629612
284,284.0,1.01613,0.032484243872991724,1.0829891944444443,0.007321162836658062,0.0,0.0,1.4451933333333333,0.004280190805715634,1.1681123055555556,0.016755647154461553,0.0,0.0,1.3245233333333333,0.015308632640877274,1.2587510092592593,0.008576018245897155,0.0,0.0,1.1703266666666665,1.1708701018518517,0.2748666666666668,-0.0027577962962961333,244,244.0,0.941425638888889,-0.22944446296296273
285,285.0,0.40510666666666667,0.04131279503172512,0.4719658611111111,0.00181334214237375,0.0,0.0,0.8116033333333333,0.032498006605534036,0.5345223055555556,0.017573099657283445,0.0,0.0,0.6814566666666666,0.02766071642841764,0.6156843425925925,0.0157464175634838,0.0,0.0,0.5432816666666667,0.5438251018518518,0.2683216666666667,-0.009302796296296267,245,245.0,0.2569156388888889,-0.28690946296296294
286,286.0,-0.34432,0.0415757874248943,-0.2774608055555556,0.00275730146918602,0.0,0.0,-0.003193333333333333,0.004145845309865448,-0.28027436111111115,0.012210173600018671,0.0,0.0,-0.10941666666666668,0.017467015581756763,-0.17518899074074076,0.003385933657315023,0.0,0.0,-0.22686833333333334,-0.22632489814814816,0.223675,-0.05394946296296299,246,246.0,-0.46860769444444444,-0.2422827962962963
287,287.0,-0.50964,0.04648447805450762,-0.44278080555555555,0.00689046061617702,0.0,0.0,-0.11391333333333332,0.013826728945536373,-0.39099436111111113,0.007517390682672119,0.0,0.0,-0.23645000000000002,0.021061025616052043,-0.30222232407407407,0.0011071540803631035,0.0,0.0,-0.373045,-0.3725015648148148,0.2591316666666667,-0.018492796296296354,247,247.0,-0.5574176944444444,-0.18491612962962967
288,288.0,-0.34940666666666664,0.03487727818126484,-0.2825474722222222,0.010124027319686212,0.0,0.0,0.0353,0.0068074297646027885,-0.24178102777777777,0.0096436805104191,0.0,0.0,-0.07717,0.020357192832018856,-0.14294232407407406,0.017035354532458483,0.0,0.0,-0.21328833333333333,-0.21274489814814812,0.24858833333333333,-0.029036129629629648,248,248.0,-0.38332436111111107,-0.17057946296296295
289,289.0,-0.06978333333333332,0.036219669149970615,-0.002924138888888886,0.01590071880809787,0.0,0.0,0.3455633333333334,0.004829672176590612,0.06848230555555555,0.011782489121494991,0.0,0.0,0.1549866666666667,0.013717030776860317,0.0892143425925926,0.011824806927022874,0.0,0.0,0.042601666666666684,0.04314510185185186,0.3029616666666667,0.025337203703703695,249,249.0,-0.08349769444444444,-0.1266427962962963
290,290.0,0.42454,0.04202962288672123,0.49139919444444446,0.013550861647584452,0.0,0.0,0.8186233333333334,0.012374604370780211,0.5415423055555556,0.008952735051264923,0.0,0.0,0.6222566666666666,0.017420884975607075,0.5564843425925926,0.012208705943129804,0.0,0.0,0.5233983333333333,0.5239417685185186,0.29522500000000007,0.017600537037037012,250,250.0,0.4028289722222222,-0.1211127962962964
291,291.0,0.8066800000000001,0.033481300751314884,0.8735391944444445,0.016727667558495193,0.0,0.0,1.18929,0.010659305793530905,0.9122089722222223,0.017281170449954187,0.0,0.0,1.0161166666666668,0.010116226239726685,0.9503443425925927,0.011454846741068439,0.0,0.0,0.9113983333333334,0.9119417685185186,0.27789166666666654,0.00026720370370370006,251,251.0,0.8148156388888889,-0.09712612962962974
292,292.0,1.02885,0.037672105064623096,1.0957091944444446,0.0034639261207122653,0.0,0.0,1.43689,0.012391743218772745,1.159808972222222,0.027380580961459445,0.0,0.0,1.2503666666666666,0.0326307467480187,1.1845943425925924,0.012518251452056846,0.0,0.0,1.1396083333333333,1.1401517685185185,0.29728166666666667,0.019657203703703496,252,252.0,1.0949289722222222,-0.04522279629629633
293,293.0,1.2427566666666667,0.035214528725134586,1.309615861111111,0.015192232874903787,0.0,0.0,1.6319166666666665,0.011043207565437464,1.354835638888889,0.016232106333106098,0.0,0.0,1.4682000000000002,0.022541807824573507,1.402427675925926,0.004736603200595099,0.0,0.0,1.3554783333333336,1.3560217685185185,0.2764383333333329,-0.0011861296296296064,253,253.0,1.2929056388888889,-0.06311612962962965
294,294.0,1.2814533333333333,0.03843596406145335,1.3483125277777779,0.001596953089402708,0.0,0.0,1.6707933333333334,0.006418725210922679,1.3937123055555556,0.013504644382513262,1.0,0.0,1.4793500000000002,0.012304767368788366,1.413577675925926,0.012758750064689765,0.0,0.0,1.3804016666666667,1.380945101851852,0.2903916666666666,0.012767203703703656,254,254.0,1.3740789722222224,-0.006866129629629514
295,295.0,0.7013966666666667,0.013641001918236525,0.7682558611111111,0.027006387932667988,0.0,0.0,1.06897,0.03587121966145005,0.7918889722222223,0.040993921851745725,0.0,0.0,0.83435,0.010147378971931598,0.768577675925926,0.02074155347878312,0.0,0.0,0.7678733333333334,0.7684167685185186,0.30109666666666657,0.02347220370370373,255,255.0,0.7915623055555555,0.023145537037036923
296,296.0,-0.09602666666666666,0.024771904111984076,-0.029167472222222223,0.015007592698837394,0.0,0.0,0.26776,0.004167169303016125,-0.009321027777777787,0.012170491586361827,0.0,0.0,0.05584666666666666,0.03250032974191698,-0.009925657407407406,0.016585846240937938,0.0,0.0,-0.02009,-0.019546564814814815,0.28785,0.010225537037037028,256,256.0,-0.11108769444444445,-0.09154112962962964
297,297.0,-0.3317466666666667,0.030469455743963203,-0.26488747222222225,0.009193261073729671,0.0,0.0,0.02842333333333333,0.015663359580030504,-0.24865769444444444,0.002766750181135767,0.0,0.0,-0.14711666666666667,0.014689194441266462,-0.21288899074074075,0.007567415642708962,0.0,0.0,-0.23943166666666668,-0.2388882314814815,0.267855,-0.009769462962962938,257,257.0,-0.37569436111111115,-0.13680612962962965
298,298.0,-0.23990999999999998,0.04189668125281526,-0.17305080555555555,0.002366421290748694,0.0,0.0,0.1307,0.013815350158428847,-0.14638102777777778,0.005266637332020968,0.0,0.0,-0.02408666666666667,0.02351055365858774,-0.08985899074074073,0.003289012061827957,0.0,0.0,-0.13199833333333333,-0.13145489814814815,0.26269833333333337,-0.014926129629629636,258,258.0,-0.28171769444444444,-0.1502627962962963
299,299.0,-0.037213333333333334,0.020987168301925187,0.029645861111111112,0.01991859292645324,0.0,0.0,0.32804000000000005,0.01506676143038045,0.05095897222222223,0.007437806606814284,0.0,0.0,0.16406,0.021663049185190898,0.09828767592592592,0.002585780914045573,0.0,0.0,0.06342333333333333,0.06396676851851851,0.2646166666666667,-0.013007796296296281,259,259.0,-0.04073436111111112,-0.10470112962962963
300,300.0,0.33317,0.023453031786956655,0.40002919444444446,0.01742320804599996,0.0,0.0,0.7041233333333333,0.028385949576037316,0.4270423055555555,0.013458467343330052,0.0,0.0,0.5331400000000001,0.02623368826528207,0.46736767592592593,0.006219034637653256,0.0,0.0,0.43315500000000007,0.4336984351851852,0.27096833333333326,-0.006656129629629692,260,260.0,0.32067897222222225,-0.11301946296296295
301,301.0,0.80005,0.02799597649663251,0.8669091944444444,0.020797978621137896,0.0,0.0,1.1879066666666667,0.02150656256432748,0.9108256388888888,0.01969196027170968,0.0,0.0,0.9984366666666666,0.012109353134388842,0.9326643425925926,0.008519405265838147,0.0,0.0,0.8992433333333334,0.8997867685185185,0.28866333333333327,0.011038870370370324,261,261.0,0.8093023055555556,-0.09048446296296286
302,302.0,1.0911066666666667,0.023465775788013742,1.1579658611111112,0.01620633772642929,0.0,0.0,1.5055533333333333,0.007455101161844296,1.2284723055555555,0.008807995604268615,0.0,0.0,1.26302,0.017715764166414044,1.1972476759259258,0.01413009685395363,0.0,0.0,1.1770633333333334,1.1776067685185185,0.32848999999999995,0.050865537037037,262,262.0,1.1179589722222223,-0.05964779629629624
303,303.0,1.3027333333333333,0.027084848778114512,1.3695925277777778,0.012626676709463488,0.0,0.0,1.6696766666666667,0.010985337197070184,1.3925956388888892,0.005439290181257611,1.0,0.0,1.4937133333333332,0.012594452482475508,1.427941009259259,0.010047653750921435,0.0,0.0,1.3982233333333332,1.3987667685185183,0.27145333333333355,-0.0061711296296291795,263,263.0,1.3370956388888888,-0.061671129629629506
304,304.0,1.3515866666666667,0.03673691921396422,1.4184458611111113,0.0246499957009862,1.0,0.0,1.7425933333333334,0.013169822828471671,1.4655123055555555,0.0032016519014639935,1.0,0.0,1.5327966666666668,0.0191650367422903,1.4670243425925926,0.0015877425362344126,0.3333333333333333,0.0,1.4421916666666668,1.442735101851852,0.3004016666666667,0.022777203703703508,264,264.0,1.3964389722222224,-0.04629612962962959
305,305.0,0.8203900000000001,0.03600680491240507,0.8872491944444444,0.039298508711496025,0.0,0.0,1.1805999999999999,0.009624661032992301,0.9035189722222222,0.014897904453995154,0.0,0.0,0.97538,0.02310538465379883,0.9096076759259258,0.007013658590516884,0.0,0.0,0.897885,0.8984284351851851,0.2827149999999998,0.005090537037037102,265,265.0,0.7571623055555555,-0.1412661296296296
306,306.0,-0.14133666666666667,0.02147978662215557,-0.07447747222222222,0.018168566406870527,0.0,0.0,0.24190333333333336,0.03419422514597069,-0.03517769444444444,0.019940848274287354,0.0,0.0,0.008056666666666665,0.03237424954085165,-0.05771565740740741,0.017793838586408112,0.0,0.0,-0.06664,-0.06609656481481481,0.3085433333333334,0.030918870370370367,266,266.0,-0.2160843611111111,-0.14998779629629627
307,307.0,-0.47558666666666666,0.02688872874148819,-0.4087274722222222,0.022756793668235464,0.0,0.0,-0.11521333333333333,0.014629960127537374,-0.3922943611111111,0.015503287640882064,0.0,0.0,-0.31504,0.0343508617068044,-0.3808123240740741,0.014751258567469125,0.0,0.0,-0.3953133333333333,-0.39476989814814817,0.28009999999999996,0.0024755370370370677,267,267.0,-0.4376643611111111,-0.042894462962962954
308,308.0,-0.34824666666666665,0.009642055451683174,-0.2813874722222222,0.03822419957381243,0.0,0.0,-0.01975666666666667,0.018013023991915775,-0.29683769444444447,0.002170374368201957,0.0,0.0,-0.21008333333333332,0.014304280245203995,-0.2758556574074074,0.012285973946163677,0.0,0.0,-0.279165,-0.2786215648148148,0.25940833333333335,-0.01821612962962965,268,268.0,-0.3345943611111111,-0.05597279629629631
309,309.0,-0.11307666666666666,0.013465349358012708,-0.04621747222222222,0.026172160670639204,0.0,0.0,0.18742,0.03156035329333307,-0.08966102777777778,0.01725947885811457,0.0,0.0,0.009583333333333334,0.026474127621761843,-0.05618899074074074,0.007449181428449766,0.0,0.0,-0.05174666666666666,-0.05120323148148148,0.23916666666666667,-0.038457796296296295,269,269.0,-0.050637694444444444,0.000565537037037038
310,310.0,0.33382,0.023181287712290683,0.4006791944444445,0.020525955228895977,0.0,0.0,0.6039666666666667,0.01521473737313049,0.32688563888888894,0.015673301907253807,0.0,0.0,0.4731,0.03183000471253502,0.4073276759259259,0.011291740474144945,0.0,0.0,0.40346000000000004,0.4040034351851852,0.2005066666666666,-0.07711779629629628,270,270.0,0.41721563888888885,0.013212203703703629
311,311.0,0.7153733333333333,0.02422004404069761,0.7822325277777779,0.016932523217261138,0.0,0.0,0.99591,0.00561219208509473,0.7188289722222222,0.01540303396911479,0.0,0.0,0.8359366666666667,0.024213100448586385,0.7701643425925925,0.005312670203833648,0.0,0.0,0.775655,0.7761984351851852,0.22025499999999998,-0.05736946296296297,271,271.0,0.7796023055555555,0.0034038703703703765
312,312.0,0.8917033333333334,0.020783624162626982,0.9585625277777777,0.03417353358233657,0.0,0.0,1.2094333333333334,0.011291732964134925,0.9323523055555555,0.005960905263868523,0.0,0.0,1.0307633333333335,0.030136430334950715,0.9649910092592592,0.00974123828876015,0.0,0.0,0.9612333333333334,0.9617767685185185,0.24819999999999998,-0.02942446296296297,272,272.0,0.9841489722222222,0.02237220370370374
313,313.0,1.0292966666666665,0.006848097059281075,1.096155861111111,0.03281150325474911,0.0,0.0,1.3422033333333332,0.021004071827465564,1.0651223055555554,0.0051521629663163915,0.0,0.0,1.1739300000000001,0.019445156209195076,1.108157675925926,0.0058235536489422614,0.0,0.0,1.1016133333333333,1.1021567685185185,0.24058999999999986,-0.03703446296296309,273,273.0,1.0760056388888888,-0.026151129629629732
314,314.0,0.88851,0.0036726148722674083,0.9553691944444443,0.0367587476172948,0.0,0.0,1.1310833333333334,0.015723747432890577,0.8540023055555556,0.03169389833335138,0.0,0.0,0.9656166666666666,0.01868566384513362,0.8998443425925925,0.002632465358056648,0.0,0.0,0.9270633333333334,0.9276067685185184,0.2040200000000001,-0.07360446296296286,274,274.0,0.8365889722222223,-0.09101779629629614
315,315.0,-0.12046333333333333,0.023023406206148858,-0.05360413888888888,0.020528993041083722,0.0,0.0,0.08866333333333333,0.011028043041869818,-0.18841769444444445,0.013872040221184075,0.0,0.0,-0.03847,0.037721085615342514,-0.10424232407407408,0.023571369854642133,0.0,0.0,-0.07946666666666666,-0.07892323148148148,0.16813,-0.10949446296296297,275,275.0,-0.15000436111111112,-0.07108112962962965
316,316.0,-0.8120533333333334,0.008688983446487473,-0.745194138888889,0.033520414132498344,0.0,0.0,-0.60427,0.027656377203097316,-0.8813510277777777,0.011682310221885489,0.0,0.0,-0.6894966666666668,0.021838842307533943,-0.7552689907407407,0.0071323993398330465,0.0,0.0,-0.7507750000000001,-0.7502315648148148,0.1465050000000001,-0.13111946296296295,276,276.0,-0.756574361111111,-0.006342796296296194
317,317.0,-0.7954533333333332,0.025466457023569904,-0.728594138888889,0.01496606115155138,0.0,0.0,-0.6040633333333333,0.048460005502819876,-0.881144361111111,0.032997606443638604,0.0,0.0,-0.6781233333333333,0.0254570821842043,-0.7438956574074074,0.004886742805822399,0.0,0.0,-0.7367883333333333,-0.7362448981481482,0.13272499999999998,-0.14489946296296285,277,277.0,-0.7127910277777779,0.023453870370370278
318,318.0,-0.6323833333333333,0.0159682507912837,-0.5655241388888889,0.025510529334914513,0.0,0.0,-0.4268,0.06466364357194851,-0.7038810277777778,0.048630268613834564,0.0,0.0,-0.4879533333333333,0.018529248050941888,-0.5537256574074074,0.005184205711714036,0.0,0.0,-0.5601683333333333,-0.5596248981481482,0.13336833333333326,-0.14425612962962964,278,278.0,-0.5430343611111111,0.016590537037037056
319,319.0,-0.3509933333333333,0.007478571610497108,-0.2841341388888889,0.04111953767510277,0.0,0.0,-0.15989,0.03204068039227632,-0.4369710277777778,0.017715001800367863,0.0,0.0,-0.23533,0.01697057158730961,-0.30110232407407406,0.005009973374502133,0.0,0.0,-0.29316166666666665,-0.29261823148148147,0.13327166666666665,-0.14435279629629633,279,279.0,-0.2547610277777778,0.03785720370370366
320,320.0,0.03796333333333333,0.00854716522206827,0.10482252777777779,0.031090211843972475,0.0,0.0,0.22401666666666667,0.03736885646274628,-0.05306436111111112,0.022672160447178222,0.0,0.0,0.15112333333333333,0.022475084723607458,0.08535100925925926,0.002275333445298557,0.0,0.0,0.09454333333333333,0.09508676851851852,0.12947333333333333,-0.14815112962962965,280,280.0,0.14182230555555556,0.046735537037037034
321,321.0,0.5214433333333334,0.010501530047251876,0.5883025277777777,0.03812037151872098,0.0,0.0,0.7232233333333333,0.01935728889419522,0.4461423055555555,0.007827720074505384,0.0,0.0,0.6299866666666666,0.022327754775913596,0.5642143425925926,0.008595249526158297,0.0,0.0,0.575715,0.5762584351851852,0.14750833333333335,-0.13011612962962965,281,281.0,0.6295756388888889,0.05331720370370374
322,322.0,0.8269433333333334,0.009667866017551837,0.8938025277777778,0.030095874611218737,0.0,0.0,1.0233566666666667,0.027214151343250385,0.7462756388888888,0.01658189995173235,0.0,0.0,0.9065133333333333,0.024857393936881925,0.8407410092592592,0.008574597143667024,0.0,0.0,0.8667283333333333,0.8672717685185185,0.15662833333333337,-0.12099612962962969,282,282.0,0.9403489722222221,0.07307720370370363
323,323.0,1.04301,0.007866339682469846,1.1098691944444445,0.031848321327692795,0.0,0.0,1.1853433333333332,0.023468430568176765,0.9082623055555555,0.007921983436287581,0.0,0.0,1.1046333333333334,0.019971720840561844,1.0388610092592592,0.008334487307338354,0.0,0.0,1.0738216666666667,1.0743651018518519,0.11152166666666652,-0.16610279629629632,283,283.0,1.1567156388888888,0.08235053703703699
324,324.0,0.9490966666666667,0.004696065729239033,1.015955861111111,0.03506915252204131,0.0,0.0,1.1667866666666666,0.0319500380803112,0.8897056388888888,0.015995263809721744,0.0,0.0,1.06964,0.016706130611245706,1.003867675925926,0.0063752857140242595,0.0,0.0,1.0093683333333332,1.0099117685185184,0.15741833333333344,-0.12020612962962962,284,284.0,1.1681123055555556,0.15820053703703718
325,325.0,0.2902833333333333,0.013810649272692911,0.3571425277777778,0.034531512753695606,0.0,0.0,0.47225,0.035523480966819655,0.1951689722222222,0.02013599973812332,0.0,0.0,0.39849666666666667,0.022806429648968143,0.3327243425925926,0.009261838773833148,0.0,0.0,0.34439,0.34493343518518516,0.12786000000000003,-0.14976446296296295,285,285.0,0.5345223055555556,0.18958887037037042
326,326.0,-0.4037266666666666,0.008338287194222393,-0.3368674722222222,0.035755796433783966,0.0,0.0,-0.24987666666666666,0.02854573581698908,-0.5269576944444444,0.012444614426790483,0.0,0.0,-0.2266,0.024901881455022628,-0.2923723240740741,0.0076747065012212085,0.0,0.0,-0.3151633333333333,-0.31461989814814817,0.06528666666666663,-0.21233779629629623,286,286.0,-0.28027436111111115,0.03434553703703702
327,327.0,-0.47367333333333334,0.01389604380150454,-0.4068141388888889,0.044844779025394,0.0,0.0,-0.3157733333333333,0.04049577920392858,-0.5928543611111111,0.02603028168004704,0.0,0.0,-0.2963466666666667,0.018140083608774595,-0.3621189907407407,0.004635309717395707,0.0,0.0,-0.38501,-0.3844665648148148,0.06923666666666672,-0.20838779629629633,287,287.0,-0.39099436111111113,-0.006527796296296351
328,328.0,-0.2985433333333333,0.003166549120625357,-0.23168413888888886,0.038325521461303885,0.0,0.0,-0.19775333333333334,0.05279625965287061,-0.47483436111111116,0.040805250062656465,0.0,0.0,-0.10648666666666666,0.022222790853835914,-0.17225899074074072,0.001708610728231436,0.0,0.0,-0.202515,-0.2019715648148148,0.004761666666666664,-0.2728627962962964,288,288.0,-0.24178102777777777,-0.03980946296296298
329,329.0,0.010536666666666666,0.015535367177293665,0.07739586111111112,0.03251043252647744,0.0,0.0,0.07062,0.040843785328982425,-0.20646102777777778,0.027803225870158235,0.0,0.0,0.1819666666666667,0.0181072922695066,0.11619434259259259,0.0024813576537477907,0.0,0.0,0.09625166666666668,0.09679510185185186,-0.025631666666666678,-0.30325612962962967,289,289.0,0.06848230555555555,-0.028312796296296308
330,330.0,0.5037233333333333,0.010043233211139401,0.5705825277777777,0.029902032878733567,0.0,0.0,0.54248,0.03579603469659732,0.26539897222222225,0.020331171235003564,0.0,0.0,0.66811,0.026688267084994458,0.6023376759259259,0.006106725813205006,0.0,0.0,0.5859166666666666,0.5864601018518518,-0.04343666666666668,-0.32106112962962957,290,290.0,0.5415423055555556,-0.04491779629629622
331,331.0,0.9255166666666668,0.0276213003555831,0.9923758611111112,0.02291800511855686,0.0,0.0,0.9809566666666667,0.0442451605639909,0.7038756388888889,0.029633385721894688,0.0,0.0,1.0761733333333334,0.017971339219249392,1.0104010092592592,0.011961185121446685,0.0,0.0,1.000845,1.0013884351851852,-0.019888333333333286,-0.29751279629629623,291,291.0,0.9122089722222223,-0.08917946296296286
332,332.0,1.18156,0.01400313893382486,1.2484191944444445,0.047600407266614075,0.0,0.0,1.25187,0.04107192593487678,0.9747889722222222,0.025748757389830942,0.0,0.0,1.3262733333333332,0.020052965699201068,1.2605010092592592,0.00838784943359312,0.0,0.0,1.2539166666666666,1.2544601018518517,-0.00204666666666653,-0.2796711296296296,292,292.0,1.159808972222222,-0.09465112962962974
333,333.0,1.4149766666666668,0.00955369213096865,1.4818358611111113,0.031457445616662916,1.0,0.0,1.4538399999999998,0.05128931272692193,1.1767589722222223,0.03518671812090986,0.0,0.0,1.5528333333333333,0.029303140332280694,1.487061009259259,0.0100553807352949,1.0,0.0,1.483905,1.4844484351851852,-0.03006500000000023,-0.30768946296296296,293,293.0,1.354835638888889,-0.1296127962962963
334,334.0,1.4797766666666667,0.01861573886079547,1.5466358611111113,0.04085905913765254,1.0,0.0,1.52663,0.047254473862270344,1.2495489722222222,0.031042568602705885,0.0,0.0,1.6063033333333332,0.027944690610799947,1.540531009259259,0.01592845196525758,1.0,0.0,1.54304,1.5435834351851851,-0.016410000000000036,-0.294034462962963,294,294.0,1.3937123055555556,-0.14987112962962956
335,335.0,0.8769133333333334,0.011714441230094337,0.9437725277777779,0.031236807157454114,0.0,0.0,0.9017933333333333,0.04112017063842675,0.6247123055555556,0.025393860443648216,0.0,0.0,1.0349733333333333,0.06282390813482822,0.9692010092592592,0.04347762821023353,0.0,0.0,0.9559433333333334,0.9564867685185185,-0.05415000000000003,-0.331774462962963,295,295.0,0.7918889722222223,-0.16459779629629623
336,336.0,0.08264333333333333,0.0074530620105654095,0.14950252777777778,0.04107222025831489,0.0,0.0,0.03483,0.03825673404774642,-0.24225102777777777,0.023471273906352768,0.0,0.0,0.20731666666666668,0.029015603273641114,0.1415443425925926,0.016950625905363795,0.0,0.0,0.14498,0.14552343518518518,-0.11015,-0.3877744629629629,296,296.0,-0.009321027777777787,-0.15484446296296298
337,337.0,-0.15926333333333334,0.0008082903768654832,-0.09240413888888889,0.039289923054317596,0.0,0.0,-0.21399,0.05500303537078658,-0.49107102777777784,0.03877875451997358,0.0,0.0,-0.052776666666666666,0.02320491830050977,-0.11854899074074075,0.006323316337928745,0.0,0.0,-0.10602,-0.10547656481481482,-0.10797000000000001,-0.385594462962963,297,297.0,-0.24865769444444444,-0.14318112962962962
338,338.0,-0.06976333333333333,0.01705128831887296,-0.0029041388888888914,0.05650846860577407,0.0,0.0,-0.14056333333333335,0.05385502978676488,-0.41764436111111114,0.037803352510184296,0.0,0.0,0.04368333333333333,0.017148965955221123,-0.02208899074074074,0.01136005580280528,0.0,0.0,-0.01304,-0.012496564814814815,-0.12752333333333335,-0.4051477962962963,298,298.0,-0.14638102777777778,-0.13388446296296297
339,339.0,0.11835,0.005192754567664448,0.18520919444444442,0.04478263878326036,0.0,0.0,0.07937,0.04806902953045755,-0.1977110277777778,0.03184527194818256,0.0,0.0,0.22329,0.020951446250796143,0.15751767592592592,0.0022037530845502346,0.0,0.0,0.17082,0.17136343518518515,-0.09145,-0.369074462962963,299,299.0,0.05095897222222223,-0.12040446296296292
340,340.0,0.48152666666666666,0.0008769454563046245,0.5483858611111111,0.04025314106105094,0.0,0.0,0.45280000000000004,0.0432726241404424,0.17571897222222221,0.028632176750182703,0.0,0.0,0.5610133333333334,0.01564856968969796,0.49524100925925923,0.006353828575360856,0.0,0.0,0.52127,0.5218134351851852,-0.06846999999999998,-0.346094462962963,300,300.0,0.4270423055555555,-0.09477112962962969
341,341.0,0.9619733333333333,0.008941288124947879,1.0288325277777777,0.04744054209397013,0.0,0.0,0.9202266666666666,0.03931335184556683,0.6431456388888889,0.023155829633361436,0.0,0.0,1.0339733333333332,0.01982911327652693,0.9682010092592592,0.009937534727182592,0.0,0.0,0.9979733333333333,0.9985167685185184,-0.07774666666666663,-0.3553711296296296,301,301.0,0.9108256388888888,-0.08769112962962966
342,342.0,1.2404966666666668,0.007185265014829612,1.3073558611111111,0.03276730866195027,0.0,0.0,1.2208466666666666,0.030742144253993253,0.9437656388888889,0.014517852665227671,0.0,0.0,1.2877033333333332,0.029091556048677244,1.2219310092592592,0.010312754457928067,0.0,0.0,1.2641,1.2646434351851852,-0.043253333333333366,-0.3208777962962963,302,302.0,1.2284723055555555,-0.03617112962962965
343,343.0,1.4744666666666666,0.016949113054473747,1.5413258611111111,0.029721668820964355,1.0,0.0,1.3972133333333332,0.04078105238138579,1.1201323055555557,0.02474317329887471,0.0,0.0,1.4786766666666666,0.030730744106404827,1.4129043425925925,0.013680671360038208,0.0,0.0,1.4765716666666666,1.4771151018518518,-0.07935833333333342,-0.35698279629629615,303,303.0,1.3925956388888892,-0.08451946296296264
344,344.0,1.5416266666666667,0.010785069927141518,1.6084858611111112,0.034674781057592384,1.0,0.0,1.44757,0.05062904206085672,1.1704889722222223,0.037072558972736654,0.0,0.0,1.5094199999999998,0.031770118035663604,1.443647675925926,0.011224962936929537,0.0,0.0,1.5255233333333331,1.5260667685185187,-0.0779533333333331,-0.3555777962962965,304,304.0,1.4655123055555555,-0.060554462962963296
345,345.0,0.97117,0.010829353627987247,1.0380291944444444,0.04658829452117753,0.0,0.0,0.79124,0.027261854302303046,0.5141589722222223,0.013552295394275564,0.0,0.0,0.95701,0.00888228011267378,0.8912376759259258,0.020409582169273594,0.0,0.0,0.96409,0.9646334351851851,-0.17284999999999995,-0.4504744629629628,305,305.0,0.9035189722222222,-0.06111446296296286
346,346.0,-0.0354,0.014710367092632324,0.03145919444444444,0.02877312837339686,0.0,0.0,-0.20636,0.03380466831666892,-0.4834410277777778,0.018893934532552236,0.0,0.0,-0.06579666666666667,0.023933711231928348,-0.13156899074074072,0.003382729964025573,0.0,0.0,-0.050598333333333335,-0.05005489814814813,-0.15576166666666666,-0.4333861296296297,306,306.0,-0.03517769444444444,0.014877203703703691
347,347.0,-0.34867333333333334,0.009697166252742792,-0.2818141388888889,0.048766665000601235,0.0,0.0,-0.5306766666666667,0.055358159591277364,-0.8077576944444443,0.0394544205157227,0.0,0.0,-0.38634999999999997,0.019693549705423863,-0.4521223240740741,0.0016237826694680063,0.0,0.0,-0.3675116666666667,-0.3669682314814815,-0.163165,-0.44078946296296284,307,307.0,-0.3922943611111111,-0.0253261296296296
348,348.0,-0.25869000000000003,0.009393982116227379,-0.19183080555555554,0.037455888793097185,0.0,0.0,-0.4780466666666667,0.045169858681795017,-0.7551276944444445,0.030286954230572816,0.0,0.0,-0.29309,0.026336368390497574,-0.35886232407407403,0.005863427646758802,0.0,0.0,-0.27589,-0.2753465648148148,-0.20215666666666665,-0.4797811296296297,308,308.0,-0.29683769444444447,-0.02149112962962968
349,349.0,-0.029439999999999997,0.00784339849810017,0.03741919444444445,0.03916593444354954,0.0,0.0,-0.23374333333333333,0.03166973528991572,-0.5108243611111111,0.015450465937178918,0.0,0.0,-0.09745333333333334,0.02281664377890257,-0.16322565740740744,0.009795207571122138,0.0,0.0,-0.06344666666666667,-0.0629032314814815,-0.17029666666666665,-0.4479211296296296,309,309.0,-0.08966102777777778,-0.02675779629629628
350,350.0,0.41215,0.0068041384465632425,0.4790091944444444,0.033000838663632265,0.0,0.0,0.2056066666666667,0.023545293230990628,-0.07147436111111112,0.0073564988961637955,0.0,0.0,0.34635333333333335,0.024111230440052905,0.2805810092592593,0.008184588366664438,0.0,0.0,0.37925166666666665,0.37979510185185184,-0.17364499999999997,-0.45126946296296294,310,310.0,0.32688563888888894,-0.052909462962962894
351,351.0,0.7505099999999999,0.016807025316813218,0.8173691944444444,0.03499150855331079,0.0,0.0,0.5638033333333333,0.019857835565170068,0.2867223055555556,0.008108406742273606,0.0,0.0,0.6794633333333332,0.028840319577517433,0.6136910092592592,0.010863225774683087,0.0,0.0,0.7149866666666665,0.7155301018518518,-0.15118333333333323,-0.42880779629629623,311,311.0,0.7188289722222222,0.003298870370370355
352,352.0,0.9361566666666666,0.015155003574177506,1.003015861111111,0.03462110079533676,0.0,0.0,0.7748200000000001,0.029832579506304843,0.49773897222222224,0.014052085804381617,0.0,0.0,0.8558566666666666,0.0280472963640586,0.7900843425925926,0.009366078049431096,0.0,0.0,0.8960066666666666,0.8965501018518518,-0.12118666666666655,-0.39881112962962956,312,312.0,0.9323523055555555,0.03580220370370368
353,353.0,1.0189833333333331,0.005465842417535789,1.0858425277777777,0.03425811475244909,0.0,0.0,0.9163166666666666,0.032781850669743075,0.6392356388888889,0.016742671760383004,0.0,0.0,0.97347,0.02358005725183892,0.907697675925926,0.00425127580744869,0.0,0.0,0.9962266666666666,0.9967701018518518,-0.07991000000000004,-0.3575344629629629,313,313.0,1.0651223055555554,0.06835220370370365
354,354.0,0.7692866666666666,0.010488643064445123,0.8361458611111111,0.0481407519589147,0.0,0.0,0.6775533333333333,0.04237596763890274,0.4004723055555555,0.03496355857505754,0.0,0.0,0.7196266666666666,0.03291512165150437,0.6538543425925926,0.012569962365153198,0.0,0.0,0.7444566666666665,0.7450001018518518,-0.0669033333333332,-0.3445277962962963,314,314.0,0.8540023055555556,0.10900220370370373
355,355.0,-0.32114666666666664,0.01672184300049887,-0.2542874722222222,0.022949206419413816,0.0,0.0,-0.42043,0.06787617254972471,-0.6975110277777778,0.05454381243966826,0.0,0.0,-0.38256666666666667,0.03149424444772938,-0.44833899074074074,0.01936928374625272,0.0,0.0,-0.35185666666666665,-0.35131323148148147,-0.06857333333333337,-0.3461977962962964,315,315.0,-0.18841769444444445,0.16289553703703702
356,356.0,-0.8963633333333334,0.014500221837383495,-0.8295041388888889,0.02615693020029472,0.0,0.0,-0.96468,0.03226121665405693,-1.2417610277777777,0.016646706394570537,0.0,0.0,-0.9803666666666667,0.024403986013217797,-1.0461389907407408,0.004483393036599389,0.0,0.0,-0.9383650000000001,-0.9378215648148148,-0.026314999999999866,-0.3039394629629629,316,316.0,-0.8813510277777777,0.05647053703703708
357,357.0,-0.8971166666666667,0.008695828501835435,-0.8302574722222222,0.03241392722362782,0.0,0.0,-0.9311533333333334,0.02536670324132273,-1.208234361111111,0.01510248730096882,0.0,0.0,-0.9216733333333332,0.01099364058596302,-0.9874456574074074,0.009635852639159153,0.0,0.0,-0.909395,-0.9088515648148148,-0.021758333333333435,-0.29938279629629627,317,317.0,-0.881144361111111,0.02770720370370372
358,358.0,-0.7005433333333334,0.009636396283535343,-0.633684138888889,0.030042188932173666,0.0,0.0,-0.7301833333333333,0.03430943942027229,-1.0072643611111112,0.018180300767843736,0.0,0.0,-0.7316066666666666,0.025648474288606928,-0.7973789907407407,0.006408633201355523,0.0,0.0,-0.716075,-0.7155315648148148,-0.014108333333333278,-0.29173279629629634,318,318.0,-0.7038810277777778,0.011650537037037001
359,359.0,-0.46652999999999994,0.012302060802971165,-0.39967080555555556,0.034095506632151475,0.0,0.0,-0.4608933333333333,0.026775784457851715,-0.7379743611111111,0.010563507120077401,0.0,0.0,-0.47601333333333334,0.015962256523854416,-0.5417856574074075,0.007986756449497524,0.0,0.0,-0.47127166666666664,-0.4707282314814815,0.010378333333333323,-0.2672461296296296,319,319.0,-0.4369710277777778,0.03375720370370372
