:020000040800F2
:1000000000000220B5CA0008E1C80008E9C80008DD
:10001000F1C80008F9C8000801C900080000000084
:10002000000000000000000000000000A15F0108C7
:1000300009C9000800000000F161010851360108FB
:1000400005CB000805CB000805CB000805CB000850
:1000500005CB000805CB000805CB000805CB000840
:1000600005CB000805CB000805CB000805CB000830
:1000700019C9000805CB00082DC9000805CB0008E8
:1000800041C9000855C9000869C9000805CB000826
:1000900005CB000805CB000805CB000805CB000800
:1000A00005CB000805CB000805CB000805CB0008F0
:1000B0007DC9000805CB000805CB000805CB00086A
:1000C00005CB000891C90008A5C9000805CB0008A8
:1000D00005CB000805CB0008B9C90008CDC9000848
:1000E00005CB000805CB000805CB000805CB0008B0
:1000F00005CB0008E1C9000805CB0008FDC90008D0
:1001000005CB000805CB000805CB000805CB00088F
:1001100005CB000805CB000805CB000805CB00087F
:1001200011CA000805CB000805CB000805CB000864
:1001300005CB0008000000000000000005CB00080F
:1001400005CB000805CB000805CB000805CB00084F
:1001500005CB000805CB000805CB000805CB00083F
:1001600005CB000805CB000805CB000805CB00082F
:1001700005CB000805CB00080000000000000000CF
:0801800005CB000805CB0008C7
:1001900010B5054C237833B9044B13B10448AFF3C1
:1001A00000800123237010BD6000002000000000CB
:1001B0005C85010808B5034B1BB103490348AFF345
:1001C000008008BD00000000640000205C8501087C
:1001D00001F0FF01102A2BDB10F0070F08D010F8F8
:1001E000013B013A8B422DD010F0070F42B3F6D1FC
:1001F000F0B441EA012141EA014122F007047FF015
:1002000000070023F0E80256083C85EA010586EA6B
:10021000010685FA47F5A3FA87F586FA47F6A5FAA7
:1002200087F68EB9EED1F0BC01F0FF0102F00702B3
:1002300032B110F8013B013A83EA010313B1F8D15E
:100240000020704701387047002D06BF354603383F
:10025000073815F0010F07D1013015F4807F02BF78
:10026000013015F4C03F0130F0BC0138704700BFC9
:1002700081F0004102E000BF83F0004330B54FEA57
:1002800041044FEA430594EA050F08BF90EA020FC4
:100290001FBF54EA000C55EA020C7FEA645C7FEA57
:1002A000655C00F0E2804FEA5454D4EB5555B8BF7A
:1002B0006D420CDD2C4480EA020281EA030382EAEB
:1002C000000083EA010180EA020281EA0303362D7D
:1002D00088BF30BD11F0004F4FEA01314FF4801C50
:1002E0004CEA113102D0404261EB410113F0004F62
:1002F0004FEA03334CEA133302D0524263EB430319
:1003000094EA050F00F0A780A4F10104D5F1200EB6
:100310000DDB02FA0EFC22FA05F2801841F1000111
:1003200003FA0EF2801843FA05F359410EE0A5F1E5
:1003300020050EF1200E012A03FA0EFC28BF4CF016
:10034000020C43FA05F3C01851EBE37101F00045CC
:1003500007D54FF0000EDCF1000C7EEB00006EEBD9
:100360000101B1F5801F1BD3B1F5001F0CD3490863
:100370005FEA30004FEA3C0C04F101044FEA4452BA
:1003800012F5800F80F09A80BCF1004F08BF5FEA41
:10039000500C50F1000041EB045141EA050130BD21
:1003A0005FEA4C0C404141EB0101013C28BFB1F533
:1003B000801FE9D291F0000F04BF01460020B1FA7E
:1003C00081F308BF2033A3F10B03B3F120020CDA51
:1003D0000C3208DD02F1140CC2F10C0201FA0CF02F
:1003E00021FA02F10CE002F11402D8BFC2F1200C94
:1003F00001FA02F120FA0CFCDCBF41EA0C0190404A
:10040000E41AA2BF01EB0451294330BD6FEA040492
:100410001F3C1CDA0C340EDC04F11404C4F120027D
:1004200020FA04F001FA02F340EA030021FA04F38F
:1004300045EA030130BDC4F10C04C4F1200220FAE6
:1004400002F001FA04F340EA0300294630BD21FA24
:1004500004F0294630BD94F0000F83F4801306BFEA
:1004600081F480110134013D4EE77FEA645C18BFDE
:100470007FEA655C29D094EA050F08BF90EA020F75
:1004800005D054EA000C04BF1946104630BD91EA6D
:10049000030F1EBF0021002030BD5FEA545C05D170
:1004A0004000494128BF41F0004130BD14F58004AF
:1004B0003CBF01F5801130BD01F0004545F0FE4123
:1004C00041F470014FF0000030BD7FEA645C1ABF58
:1004D000194610467FEA655C1CBF0B46024650EA8F
:1004E000013406BF52EA033591EA030F41F40021BB
:1004F00030BD00BF90F0000F04BF0021704730B541
:100500004FF4806404F132044FF000054FF0000115
:1005100050E700BF90F0000F04BF0021704730B5D6
:100520004FF4806404F1320410F0004548BF4042AB
:100530004FF000013EE700BF42004FEAE2014FEA00
:1005400031014FEA02701FBF12F07F4393F07F4FDB
:1005500081F06051704732F07F4208BF704793F0DE
:100560007F4F04BF41F40021704730B54FF46074F1
:1005700001F0004521F000411CE700BF50EA0102F4
:1005800008BF704730B54FF000050AE050EA01029D
:1005900008BF704730B511F0004502D5404261EB0D
:1005A00041014FF4806404F132045FEA915C3FF44E
:1005B000D8AE4FF003025FEADC0C18BF03325FEAEB
:1005C000DC0C18BF033202EBDC02C2F1200300FA9C
:1005D00003FC20FA02F001FA03FE40EA0E0021FAC1
:1005E00002F11444BDE600BF70B54FF0FF0C4CF4AF
:1005F000E06C1CEA11541DBF1CEA135594EA0C0F61
:1006000095EA0C0F00F0DEF82C4481EA030621EA9B
:100610004C5123EA4C5350EA013518BF52EA0335D6
:1006200041F4801143F4801338D0A0FB02CE4FF088
:100630000005E1FB02E506F00042E0FB03E54FF0B8
:100640000006E1FB03569CF0000F18BF4EF0010EB0
:10065000A4F1FF04B6F5007F64F5407404D25FEAAC
:100660004E0E6D4146EB060642EAC62141EA55515F
:100670004FEAC52040EA5E504FEACE2EB4F1FD0CA1
:1006800088BFBCF5E06F1ED8BEF1004F08BF5FEA1F
:10069000500E50F1000041EB045170BD06F00046D1
:1006A00046EA010140EA020081EA0301B4EB5C047E
:1006B000C2BFD4EB0C0541EA045170BD41F4801176
:1006C0004FF0000E013C00F3AB8014F1360FDEBF9B
:1006D000002001F0004170BDC4F10004203C35DA77
:1006E0000C341BDC04F11404C4F1200500FA05F3FA
:1006F00020FA04F001FA05F240EA020001F000429B
:1007000021F0004110EBD37021FA04F642EB060110
:100710005EEA430E08BF20EAD37070BDC4F10C043A
:10072000C4F1200500FA04F320FA05F001FA04F2FE
:1007300040EA020001F0004110EBD37041F10001EA
:100740005EEA430E08BF20EAD37070BDC4F12005F5
:1007500000FA05F24EEA020E20FA04F301FA05F25D
:1007600043EA020321FA04F001F0004121FA04F205
:1007700020EA020000EBD3705EEA430E08BF20EAD5
:10078000D37070BD94F0000F0FD101F0004640000F
:1007900041EB010111F4801F08BF013CF7D041EA91
:1007A000060195F0000F18BF704703F00046520095
:1007B00043EB030313F4801F08BF013DF7D043EA66
:1007C0000603704794EA0C0F0CEA135518BF95EA1C
:1007D0000C0F0CD050EA410618BF52EA4306D1D1A3
:1007E00081EA030101F000414FF0000070BD50EAC2
:1007F000410606BF1046194652EA430619D094EA4C
:100800000C0F02D150EA013613D195EA0C0F05D135
:1008100052EA03361CBF104619460AD181EA030189
:1008200001F0004141F0FE4141F470014FF0000041
:1008300070BD41F0FE4141F4780170BD70B54FF0DC
:10084000FF0C4CF4E06C1CEA11541DBF1CEA13555C
:1008500094EA0C0F95EA0C0F00F0A7F8A4EB05043E
:1008600081EA030E52EA03354FEA013100F0888035
:100870004FEA03334FF0805545EA131343EA1263FE
:100880004FEA022245EA111545EA10654FEA0026B3
:100890000EF000419D4208BF964244F1FD0404F56C
:1008A000407402D25B084FEA3202B61A65EB0305C8
:1008B0005B084FEA32024FF480104FF4002CB6EB85
:1008C000020E75EB030E22BFB61A754640EA0C0005
:1008D0005B084FEA3202B6EB020E75EB030E22BF45
:1008E000B61A754640EA5C005B084FEA3202B6EB86
:1008F000020E75EB030E22BFB61A754640EA9C0045
:100900005B084FEA3202B6EB020E75EB030E22BF14
:10091000B61A754640EADC0055EA060E18D04FEAD2
:10092000051545EA16754FEA06164FEAC30343EA72
:1009300052734FEAC2025FEA1C1CC0D111F4801F3F
:100940000BD141EA00014FF000004FF0004CB6E738
:1009500011F4801F04BF01430020B4F1FD0C88BFD7
:10096000BCF5E06F3FF6AFAEB5EB030C04BFB6EBE2
:10097000020C5FEA500C50F1000041EB045170BDD5
:100980000EF0004E4EEA113114EB5C04C2BFD4EB02
:100990000C0541EA045170BD41F480114FF0000E86
:1009A000013C90E645EA060E8DE60CEA135594EA02
:1009B0000C0F08BF95EA0C0F3FF43BAF94EA0C0F05
:1009C0000AD150EA01347FF434AF95EA0C0F7FF47A
:1009D00025AF104619462CE795EA0C0F06D152EACE
:1009E00003353FF4FDAE1046194622E750EA4106B2
:1009F00018BF52EA43067FF4C5AE50EA41047FF4C3
:100A00000DAF52EA43057FF4EBAE12E74FF0FF3C27
:100A100006E000BF4FF0010C02E000BF4FF0010CF8
:100A20004DF804CD4FEA410C7FEA6C5C4FEA430C71
:100A300018BF7FEA6C5C1BD001B050EA410C0CBFC0
:100A400052EA430C91EA030F02BF90EA020F002022
:100A5000704710F1000F91EA030F58BF994208BF89
:100A600090422CBFD8176FEAE37040F00100704746
:100A70004FEA410C7FEA6C5C02D150EA013C07D19D
:100A80004FEA430C7FEA6C5CD6D152EA033CD3D0E8
:100A90005DF8040B704700BF8446104662468C46E2
:100AA0001946634600E000BF01B5FFF7B7FF002815
:100AB00048BF10F1000F01BD4DF808EDFFF7F4FF3E
:100AC0000CBF012000205DF808FB00BF4DF808EDC9
:100AD000FFF7EAFF34BF012000205DF808FB00BFEC
:100AE0004DF808EDFFF7E0FF94BF012000205DF80E
:100AF00008FB00BF4DF808EDFFF7CEFF94BF0120C3
:100B000000205DF808FB00BF4DF808EDFFF7C4FFBB
:100B100034BF012000205DF808FB00BF4FEA410C04
:100B20007FEA6C5C02D150EA013C0AD14FEA430CE7
:100B30007FEA6C5C02D152EA033C02D14FF0000024
:100B400070474FF0010070474A0011D212F50012B1
:100B500011D20DD56FF47873B3EB62520ED44FEA15
:100B6000C12343F0004343EA505323FA02F0704795
:100B70004FF00000704750EA013002D14FF0FF30D3
:100B800070474FF0000070474FEA4102B2F1E04376
:100B900024BFB3F5001CDCF1FE5C0DD901F0004C64
:100BA0004FEAC0024CEA5070B2F1004F40EB8300B4
:100BB00008BF20F00100704711F0804F21D113F1E0
:100BC0003872BCBF01F00040704741F480114FEA19
:100BD0005252C2F11802C2F1200C10FA0CF320FAA2
:100BE00002F018BF40F001004FEAC1234FEAD323BF
:100BF00003FA0CFC40EA0C0023FA02F34FEA430329
:100C0000CCE77FEA625307D150EA01331EBF4FF0B1
:100C1000FE4040F44000704701F0004040F0FE40CC
:100C200040F40000704700BF80F0004002E000BFC9
:100C300081F0004142001FBF5FEA410392EA030FC7
:100C40007FEA226C7FEA236C6AD04FEA1262D2EB11
:100C50001363C1BFD218414048404140B8BF5B4216
:100C6000192B88BF704710F0004F40F4000020F0AF
:100C70007F4018BF404211F0004F41F4000121F0C5
:100C80007F4118BF494292EA030F3FD0A2F101020F
:100C900041FA03FC10EB0C00C3F1200301FA03F14D
:100CA00000F0004302D5494260EB4000B0F5000F70
:100CB00013D3B0F1807F06D340084FEA310102F12F
:100CC0000102FE2A51D2B1F1004F40EBC25008BFE1
:100CD00020F0010040EA03007047490040EB0000AB
:100CE000013A28BFB0F5000FEDD2B0FA80FCACF1AC
:100CF000080CB2EB0C0200FA0CF0AABF00EBC250D9
:100D000052421843BCBFD0401843704792F0000FC6
:100D100081F4000106BF80F400000132013BB5E719
:100D20004FEA41037FEA226C18BF7FEA236C21D08F
:100D300092EA030F04D092F0000F08BF08467047F4
:100D400090EA010F1CBF0020704712F07F4F04D1C2
:100D5000400028BF40F00040704712F100723CBFD5
:100D600000F50000704700F0004343F0FE4040F4FF
:100D7000000070477FEA226216BF08467FEA2363BD
:100D80000146420206BF5FEA412390EA010F40F4A8
:100D9000800070474FF0000304E000BF10F00043F4
:100DA00048BF40425FEA000C08BF704743F09643DB
:100DB00001464FF000001CE050EA010208BF7047F6
:100DC0004FF000030AE000BF50EA010208BF70477D
:100DD00011F0004302D5404261EB41015FEA010C92
:100DE00002BF84460146002043F0B64308BFA3F18A
:100DF0008053A3F50003BCFA8CF2083AA3EBC2536C
:100E000010DB01FA02FC634400FA02FCC2F120028A
:100E1000BCF1004F20FA02F243EB020008BF20F0C1
:100E20000100704702F1200201FA02FCC2F1200227
:100E300050EA4C0021FA02F243EB020008BF20EA1C
:100E4000DC7070477BB972B90029BEBF00204FF03B
:100E5000004106E008BF00281CBF6FF000414FF0C2
:100E6000FF3000F0D3B9ADF1080C6DE904CE0029D4
:100E700009DB002B1ADB00F04DF8DDF804E0DDE9BA
:100E8000022304B07047404261EB4101002B1BDBA1
:100E900000F040F8DDF804E0DDE9022304B0404250
:100EA00061EB4101524263EB43037047524263EBF3
:100EB000430300F02FF8DDF804E0DDE9022304B07D
:100EC000404261EB41017047524263EB430300F043
:100ED00021F8DDF804E0DDE9022304B0524263EBBF
:100EE0004303704753B94AB9002908BF00281CBF03
:100EF0004FF0FF314FF0FF3000F088B9ADF1080C32
:100F00006DE904CE00F006F8DDF804E0DDE9022327
:100F100004B070472DE9F047089D0F4604468C4603
:100F2000002B48D18A42164661D9B2FA82F34BB1FE
:100F3000C3F1200201FA03FC20FA02F29E4042EAC9
:100F40000C0C9C404FEA164EB7B2BCFBFEF1220CD3
:100F50000EFB11CC42EA0C4201FB07F0904209D98A
:100F6000B21801F1FF3C80F0EE80904240F2EB803D
:100F700002393244121AA4B2B2FBFEF00EFB102268
:100F800044EA024400FB07F7A74209D9341900F1EB
:100F9000FF3280F0DA80A74240F2D7803444023832
:100FA00040EA0140E41B00211DB1DC400023C5E9FB
:100FB0000043BDE8F0878B4206D90DB1C5E90001B9
:100FC00000210846BDE8F087B3FA83F1002948D133
:100FD000BB4202D3824200F20781841A67EB03020C
:100FE00001209446002DE4D0C5E9004CE1E7002A39
:100FF00000F09280B2FA82F3002B40F0A8808A1AA7
:101000004FEA164E1FFA86FC0121200CB2FBFEF7B8
:101010000EFB172240EA02420CFB07F0904207D970
:10102000B21807F1FF3802D2904200F2E280474640
:10103000121AA4B2B2FBFEF00EFB102244EA0244E4
:101040000CFB00FCA44507D9341900F1FF3202D291
:10105000A44500F2CB801046A4EB0C0440EA074004
:10106000A2E7C1F120068B4022FA06FC4CEA030CF1
:1010700007FA01F420FA06F3F7404FEA1C4923432C
:1010800000FA01F81FFA8CFEB7FBF9F01C0C09FB03
:10109000107744EA074400FB0EF7A74202FA01F278
:1010A0000AD91CEB040400F1FF3A80F09B80A742B0
:1010B00040F2988002386444E41B9FB2B4FBF9F319
:1010C00009FB134447EA044403FB0EFEA64509D975
:1010D0001CEB040403F1FF3780F08280A6457FD922
:1010E000023B644443EA0040A4EB0E04A0FB02E789
:1010F000BC427346B94663D360D05DB1B8EB03021E
:1011000064EB090404FA06F622FA01F31E43CC400C
:10111000C5E9006400214CE76208480842EAC17151
:101120000B0C43EA00438AB242EA0342B3FBF6F1F6
:10113000E407B4463746B6461F23B0FBF6F0D21B91
:1011400041EA004161E7614614E7104628E7C3F130
:10115000200120FA01F29E4027FA01F19F403A4314
:101160004FEA164E1FFA86FCB1FBFEF70EFB171076
:10117000110C41EA004107FB0CF8884504FA03F41E
:101180003AD9711807F1FF3001D288451FD8A1EB79
:101190000801B1FBFEF808FB0CF70EFB181192B228
:1011A00042EA0142BA422FD2B21808F1FF31C6D248
:1011B000BA42C4D2A8F102013244C0E7F0459CD241
:1011C000BEEB020367EB0C070138B94695E7A6EBC7
:1011D00008084144B81EB1FBFEF808FB0CF7DCE739
:1011E0003B467FE7504667E70846FBE63444023853
:1011F00032E7023F32441BE7A1EB08013846B1FB5E
:10120000FEF808FB0CF7C8E7414698E7704700BFB7
:1012100080B582B000AF7860396000224FF4006181
:1012200004480CF06DFE03F015FB00BF0837BD4607
:1012300080BD00BF0000024080B500AF00224FF427
:10124000006103480CF05CFE03F004FB00BF80BDAE
:101250000000024080B500AF0022402102480CF09F
:101260004FFE00BF80BD00BF0004024080B500AF4C
:101270000122402102480CF043FE00BF80BD00BFA8
:101280000004024080B500AFFFF7F0FF00F090FDD2
:1012900000BF80BD80B483B000AF0346FB80FB88F5
:1012A00007EE903AF8EE677A9FED087A67EE877A54
:1012B0009FED077AC7EE876AF0EE667AB0EE670AAE
:1012C0000C37BD465DF8047B704700BF0000B44397
:1012D0000000804780B584B000AF78607B68002B49
:1012E00001D100232CE007F10F0319461A2000F06A
:1012F00085F80346002B01D0002321E0FB7B5BB285
:10130000DBB2DB09DAB27B681A70FB7B03F0040303
:10131000002B14BF01230023DAB27B685A70FB7BD9
:1013200003F00203002B14BF01230023DAB27B6811
:101330009A70FB7B03F00103DAB27B68DA70012359
:1013400018461037BD4680BD80B588B002AF7860C2
:1013500039603B68002B04D008220021386815F062
:101360008BFA7B68002B01D101233CE00023BB8179
:1013700000233B811E4B5B687B611E4B1B685B6AD5
:101380007B823B68002B08D03B687A691A603B6817
:101390007A8A9A803B6801229A71FFF75BFF07F116
:1013A000080207F10C010A230093022312480FF0F0
:1013B0009BFB03467B74FFF759FF7B7C032B01D11A
:1013C000022310E07B7C002B01D003230BE03B7A4F
:1013D0001BB21B021AB27B7A1BB213431BB29AB226
:1013E0007B681A80002318461837BD4680BD00BFB1
:1013F000001000E0840200202C02002080B584B0A0
:1014000000AF03463960FB713B68002B01D101231B
:1014100037E000233B81FFF71DFFD2233B73FB79AD
:101420007B7307F10C010A23022218480FF00FF911
:101430000346FB73FFF71AFFFB7B002B06D0FB7BF9
:10144000032B01D102231CE003231AE0FFF702FF64
:1014500007F108010A2302220C480FF034FA034670
:10146000BB73FFF703FFBB7B002B06D0BB7B032BBB
:1014700001D1022305E0032303E07A7A3B681A7066
:10148000002318461037BD4680BD00BF2C02002047
:1014900080B584B002AFD723BB8000233B80FFF729
:1014A000D9FE3A46391D0A230093022308480FF05B
:1014B0001BFB0346FB71FFF7D9FEFB79002B0CBF2A
:1014C00001230023DBB218460837BD4680BD00BFAC
:1014D0002C02002080B584B000AF78600023FB6050
:1014E00007F10C031846FFF7F5FE034683F00103EE
:1014F000DBB2002B0AD07B68002B05D07B681A4634
:1015000007F10C0318681060002347E07B7B002B79
:1015100005D1BB7B002B02D1FB7B002B17D0FFF743
:10152000B7FF07F10C031846FFF7D4FE034683F01C
:101530000103DBB2002B0AD07B68002B05D07B684F
:101540001A4607F10C0318681060002326E07B6838
:10155000002B05D07B681A4607F10C031868106051
:101560003B7B83F00103DBB2002B13D07B7B83F04A
:101570000103DBB2002B0DD0BB7B83F00103DBB298
:10158000002B07D0FB7B83F00103DBB2002B01D0E3
:10159000012300E0002303F00103DBB218461037FB
:1015A000BD4680BD80B483B000AF78607B68002BFF
:1015B00016D07B6800221A707B6800225A807968F6
:1015C0004FF000024FF00003C1E902237B680022C4
:1015D0001A617B6800225A617B6800229A6100E0F0
:1015E00000BF0C37BD465DF8047B70472DE9B00F96
:1015F00089B000AFF8607A603B600B467B81FB6886
:10160000002B05D03B6C002B02D03B68002B01DA8D
:1016100001236CE0FB681B7883F00103DBB2002B35
:101620001CD0FB6801221A70FB687A895A807B897A
:1016300000229A469346FB68C3E902ABFB687A68CE
:101640001A61FB685B695A1CFB685A61FB68D3E945
:101650000223396CC1E90023002348E07B89FA6842
:1016600052889B1AFB61FB69B3F5004F04DDFB69EF
:10167000A3F58033FB6107E0FB6913F5004F03DA44
:10168000FB6903F58033FB61FB69002BB8BF5B424C
:10169000BB61BA693B689A4206DDFB689B695A1CCC
:1016A000FB689A61042322E0FB68D3E90223F9690D
:1016B000C8170C46054612EB040843EB0509C7E9B9
:1016C0000489FB687A895A80F968D7E90423C1E95B
:1016D0000223FB687A681A61FB685B695A1CFB6825
:1016E0005A61396CD7E90423C1E900230023184665
:1016F0002437BD46BDE8B00F7047000080B487B006
:1017000000AF786039604FF0FF337B6100233B61AD
:101710001DE07A683B6913441B781A467B69534085
:101720007B610023FB600CE07B6903F001035A42FC
:101730000D4B13407A69520853407B61FB680133BB
:10174000FB60FB68072BEFDD3B6901333B613A69C6
:101750003B689A42DDD37B69DB4318461C37BD46A4
:101760005DF8047B704700BF2083B8ED80B586B07C
:1017700000AF78607B68002B01D10123F8E03422B0
:101780000021786815F078F80023FB730023BB7301
:1017900000237B730123FB75FB7D002B0AD007F12F
:1017A0000F0319460020FFF729FE0346002B01D145
:1017B000012300E00023FB75FB7D03F00103FB75B3
:1017C000FB7D002B0AD007F10E0319460120FFF71D
:1017D00015FE0346002B01D1012300E00023FB7519
:1017E000FB7D03F00103FB75FB7D002B0AD07B68BA
:1017F000043319460920FFF701FE0346002B01D1EF
:10180000012300E00023FB75FB7D03F00103FB7562
:10181000FB7D002B0AD07B68053319460D20FFF7AE
:10182000EDFD0346002B01D1012300E00023FB75F1
:10183000FB7D03F00103FB75FB7D002B0AD007F154
:101840000D0319461A20FFF7D9FD0346002B01D1DD
:10185000012300E00023FB75FB7D03F00103FB7512
:10186000FB7D002B0AD07B68073319461C20FFF74D
:10187000C5FD0346002B01D1012300E00023FB75C9
:10188000FB7D03F00103FB75FB7D002B0AD07B6819
:10189000083319461F20FFF7B1FD0346002B01D185
:1018A000012300E00023FB75FB7D03F00103FB75C2
:1018B000FB7B1AB2BB7B1BB21B021BB213431BB2D6
:1018C0009AB27B685A807A7B7B689A717B68002227
:1018D0005A8500233B6125E000233B733B69DBB263
:1018E0002033DBB207F10C0211461846FFF786FDE4
:1018F0000346002B03D00023FB7500233B73397B89
:101900007A683B69134409330A461A703B7B002B03
:1019100005D07B685B8D01339AB27B685A853B6941
:1019200001333B613B691F2BD6DD7B6809332021E6
:101930001846FFF7E3FE02467B68DA627B68FA7DB1
:101940001A70FB7D83F00103DBB2002B05D07B68AE
:10195000002283F8302005230AE07B685B8D002B92
:1019600001D1012200E002227B6883F830200023AD
:1019700018461837BD4680BD80B483B000AF78608C
:101980007B68002B0BD07B681B7883F00103DBB2F4
:10199000002B04D17B6893F83030002B01D1012358
:1019A00013E07B689B7903F08703002B01D00223AF
:1019B0000BE07B6893F83030012B03D17B685B8DA3
:1019C000002B01D0032300E0002318460C37BD464E
:1019D0005DF8047B704780B584B000AF78603960F3
:1019E0007868FFF7C9FF0346FB73FB7B002B01D030
:1019F000FB7B3DE03B68002B01D1042338E07B6892
:101A00005A883B681B889A4201D0052330E07B68E6
:101A10001A793B689B789A4201D0062328E07B68BC
:101A20005A793B68DB789A4201D0072320E07B6833
:101A30009A793B681B799A4201D0082318E07B68A9
:101A4000DA793B685B799A4201D0092310E07B6820
:101A50001A7A3B689B799A4201D00A2308E07B6896
:101A6000DA6A3B689B689A4201D00B2300E00023AE
:101A700018461037BD4680BD80B483B000AF034622
:101A8000FB71FB790B2B33D801A252F823F000BF76
:101A9000C11A0008C51A0008C91A0008CD1A0008A2
:101AA000D11A0008D51A0008D91A0008DD1A000852
:101AB000E11A0008E51A0008E91A0008ED1A000802
:101AC0000F4B16E00F4B14E00F4B12E00F4B10E0E2
:101AD0000F4B0EE00F4B0CE00F4B0AE00F4B08E0F2
:101AE0000F4B06E00F4B04E00F4B02E00F4B00E002
:101AF0000F4B18460C37BD465DF8047B704700BF9E
:101B0000788501088085010894850108A885010869
:101B1000CC850108EC850108FC8501080C860108CC
:101B20001C8601082C8601083C8601084C860108A9
:101B30006486010880B594B000AF07F10C0334222D
:101B40000021184614F098FE01233B73012387F807
:101B50003C3005237B74954B1B68BB6307F10C037A
:101B60001846FFF709FF0346002B0CBF0123002393
:101B700087F84F308023BB7407F10C031846FFF73A
:101B8000FBFE0346022B0CBF0123002387F84E30D7
:101B90000023BB740123FB86022387F83C3007F146
:101BA0000C031846FFF7E8FE0346032B0CBF012386
:101BB000002387F84D300023FB86012387F83C3053
:101BC00000233B7307F10C031846FFF7D5FE0346CD
:101BD000012B0CBF0123002387F84C3001233B73FA
:101BE00000233B800023BB700523FB7000233B7167
:101BF00000237B710023BB716C4B1B68BB603A46B2
:101C000007F10C0311461846FFF7E5FE0346002BCB
:101C10000CBF0123002387F84B3007F10C03002190
:101C20001846FFF7D8FE0346042B0CBF0123002300
:101C300087F84A300123FB813A4607F10C0311462D
:101C40001846FFF7C8FE0346052B0CBF01230023EF
:101C500087F849303B88FB8101233B743A4607F102
:101C60000C0311461846FFF7B6FE0346062B0CBFC1
:101C70000123002387F84830BB783B7404237B742E
:101C80003A4607F10C0311461846FFF7A4FE034637
:101C9000072B0CBF0123002387F84730FB787B74A8
:101CA0000823BB743A4607F10C0311461846FFF7A8
:101CB00092FE0346082B0CBF0123002387F8463011
:101CC0003B79BB740123FB743A4607F10C031146C0
:101CD0001846FFF780FE0346092B0CBF01230023A3
:101CE00087F845307B79FB7401233B753A4607F151
:101CF0000C0311461846FFF76EFE03460A2B0CBF75
:101D00000123002387F84430BB793B75BB6B83F01C
:101D10000103BB633A4607F10C0311461846FFF76F
:101D20005AFE03460B2B0CBF0123002387F84330D8
:101D300097F84F30002B31D097F84E30002B2DD034
:101D400097F84D30002B29D097F84C30002B25D038
:101D500097F84B30002B21D097F84A30002B1DD03C
:101D600097F84930002B19D097F84830002B15D040
:101D700097F84730002B11D097F84630002B0DD044
:101D800097F84530002B09D097F84430002B05D048
:101D900097F84330002B01D0012300E0002303F02B
:101DA0000103DBB218465037BD4680BD2CB2010896
:101DB00080B400AF094BDB68084A43F08073D360FE
:101DC000074B00225A60064B1B68054A43F001038B
:101DD000136000BFBD465DF8047B7047F0ED00E086
:101DE000001000E080B483B000AF7860074B1B6840
:101DF000074AA2FB03239B0C7A6802FB03F31846F5
:101E00000C37BD465DF8047B704700BF0000002022
:101E100083DE1B4380B582B000AF78607B68002B07
:101E200009D038220021786814F026FD7B68184616
:101E3000FFF7B8FB00E000BF0837BD4680BD80B5A6
:101E40008CB002AFF860B9603B601346FB71FB6871
:101E5000002B08D03B68002B05D0FB79002B02D06B
:101E6000BB68002B01DA0123A5E02022002138689D
:101E700014F002FD3B6801221A76012387F827300F
:101E800085E00023BB8407F11C0300221A605A601E
:101E9000FB681B6A5A1CFB681A623B6897F827208C
:101EA0005A7697F82730012B0BD9FB689B6A5A1C8E
:101EB000FB689A623B689B7E43F00103DAB23B68A1
:101EC0009A7607F11C0207F1240311461846FFF722
:101ED0003BFA034687F826303B68103307F11C02B3
:101EE00092E8030083E8030097F82630002B10D017
:101EF000FB68DB6A5A1CFB68DA623B689B7E43F036
:101F00000203DAB23B689A763B6897F826201A7685
:101F100038E04FF000024FF00003C7E90423F868EF
:101F2000B98CFA6907F110030093BB68FFF75EFBF9
:101F3000034687F8263097F82630002B10D0FB6830
:101F40001B6B5A1CFB681A633B689B7E43F00403BF
:101F5000DAB23B689A763B6897F826201A7611E049
:101F6000BA8C3B681A80D7E904233968C1E9022397
:101F70003B6800221A76FB685B6A5A1CFB685A624F
:101F8000002318E097F82730013387F8273097F8B7
:101F90002720FB799A427FF674AF3B689B7E43F023
:101FA0000803DAB23B689A76FB685B6B5A1CFB68E5
:101FB0005A633B681B7E18462837BD4680BD00002B
:101FC00080B582B000AFC7E90001D7E90001FEF794
:101FD000FBFE07EE100ADFED077A67EE277A9FED2A
:101FE000067AC7EE876AF0EE667AB0EE670A0837BF
:101FF000BD4680BD0000B443000080472DE9B00F0E
:1020000085B000AFC7E90201C7E900233B6B002B95
:1020100023D0D7E90023012A73F100030DDBD7E9B0
:1020200000236FF00041D2F1FF3861EB0309D7E9DB
:102030000223904579EB03030FDBD7E90023002B44
:102040000DDAD7E900234FF00041544261EB03055C
:10205000D7E90223A242AB4101DA00230BE0D7E922
:102060000201D7E9002310EB020A41EB030B3B6BA3
:10207000C3E900AB012318461437BD46BDE8B00FD5
:1020800070472DE9B00F85B000AFC7E90201C7E97D
:1020900000233B6B002B1FD0D7E90023002B0ADA6B
:1020A000D7E90023541E63F10045D7E90223944287
:1020B00075EB030310DBD7E90023012A73F100035A
:1020C0000CDBD7E9002303F100499046D7E902234E
:1020D000424573EB090301DA00230BE0D7E9020163
:1020E000D7E90023B0EB020A61EB030B3B6BC3E9BA
:1020F00000AB012318461437BD46BDE8B00F70474A
:1021000080B485B000AFC7E902017A607B68002B1C
:1021100009D0D7E90223B3F5004F04DAD7E9022347
:1021200013F5004F01DA00230DE0D7E902014FF06B
:1021300000024FF000030B0443EA104302047968E5
:10214000C1E90023012318461437BD465DF8047B1E
:1021500070472DE9B04F90B000AFC7E90A01C7E959
:1021600008233B6E002B0CD0D7E90823012A73F11A
:10217000000306DBD7E90A2303F1004152EA010319
:1021800001D1002376E0D7E908234FF000004FF09B
:102190000001D80F0021841841EB03054FF0000225
:1021A0004FF00003620842EAC5726B10C7E90E23C4
:1021B000D7E90A23002B24DBD7E90E236FF0004177
:1021C000D2F1FF3A61EB030BD7E90A2392457BEB8F
:1021D000030301DA00234DE0D7E90A01D7E90E2312
:1021E0008418BC6141EB0303FB61D7E90823D7E9FD
:1021F0000601FEF727FE02460B46396EC1E90023B1
:1022000037E0D7E90A2300215042386061EB03032D
:102210007B60D7E90034C7E90C34D7E90E236FF0AF
:102220000041D2F1FF3861EB0309D7E90C23904557
:1022300079EB030301DA00231CE0D7E90C01D7E9AD
:102240000E2384183C6141EB03037B61D7E908232B
:10225000D7E90401FEF7F6FD02460B460021504285
:10226000B86061EB0303FB603B6ED7E90212C3E980
:102270000012012318464037BD46BDE8B08FB0B507
:102280008EB002AFC7E90201C7E900233B6C002B07
:1022900005D07B6C002B02D0BB6C002B01D100233E
:1022A00060E04FF000024FF00003C7E90A234FF04F
:1022B00000024FF00003C7E908234FF000024FF07F
:1022C0000003C7E906234FF000024FF00003C7E9FF
:1022D000042307F128031A46D7E90001FFF710FF8E
:1022E000034683F00103DBB2002B2ED107F120035C
:1022F0001A46D7E90201FFF703FF034683F0010303
:10230000DBB2002B21D1D7E90A013B6C00221C462D
:10231000154607F11803009322462B46FFF719FFD5
:10232000034683F00103DBB2002B0ED1D7E908018D
:10233000D7E9062307F110040094FFF75FFE034678
:1023400083F00103DBB2002B01D000230AE0D7E9C0
:102350000623796CC1E90023D7E90423B96CC1E9EC
:102360000023012318463037BD46B0BD2DE9B04FDC
:1023700092B002AFC7E90801C7E90623FB6E002B44
:1023800009D03B6E012B03D03B6EB3F1FF3F02D16E
:10239000BB6E002B01D1002373E07B6E00223B61FA
:1023A0007A61BB6E0022BB60FA60D7E902234FF06E
:1023B000FF306FF00041FEF795FD02460B4639698C
:1023C0008A4279698B4101D200235AE07B6E002258
:1023D0009A469346BB6E00229846914608FB0BF244
:1023E0000AFB09F31344AAFB08452B441D46C7E921
:1023F0000E453B6E002B0BDAD7E90E23002150422D
:10240000386061EB03037B60D7E90034C7E90E3421
:102410004FF000024FF00003C7E90C234FF0000219
:102420004FF00003C7E90A2307F130031A46D7E942
:102430000E01FFF765FE034683F00103DBB2002BBC
:102440001CD107F128030093D7E90623D7E9080137
:10245000FFF717FE034683F00103DBB2002B0DD11B
:10246000D7E90A01D7E90C23FC6E0094FFF709FEB7
:10247000034683F00103DBB2002B01D0002300E010
:10248000012318464037BD46BDE8B08F80B483B005
:1024900000AF786039607A683B68D31ADB43DB0FA2
:1024A000DBB218460C37BD465DF8047B7047000070
:1024B00080B483B000AF7860034B5B6818460C377C
:1024C000BD465DF8047B7047001000E080B582B027
:1024D00000AF7860396000E000BF084B5B68396886
:1024E0001846FFF7D3FF034683F00103DBB2002B4E
:1024F000F2D100BF00BF0837BD4680BD001000E02C
:1025000080B584B000AFF860B9607A607968B86867
:10251000FEF71AFF034618461037BD4680BD80B44B
:1025200083B000AF78600B46FB707B6800221A70A6
:102530007B68FA78DA70FB7818460C37BD465DF890
:10254000047B704790B59DB004AFF860C7E90023E5
:10255000BB6F002B0AD088220021B86F14F08CF9D1
:10256000BB6F0122DA70BB6F00221A71FB68002B6F
:102570003ED03B6F002B3BD07B6F002B38D0BB6F26
:10258000002B35D07B6F1B68002B31D07B6F5B68D5
:10259000002B2DD03B6F9B68002B29D03B6FDA6856
:1025A0003B6F9B689A4223D33B6F5B69002B1FD024
:1025B0003B6F5B69002B1BDB3B6F9B69002B17DBC1
:1025C0003B6F1B78002B03D03B6F1B78012B0FD187
:1025D0003B6F1B78012B0DD13B6F5B68002B07D045
:1025E0003B6F5B68002B03DB7B6F9B68002B01D18B
:1025F0000123EAE1B96FD7E90023C1E902233B6F68
:102600009A68BB6F9A64BB6F00229A70B96F4FF0E3
:10261000FF326FF00043C1E90623B96F4FF00002AB
:102620004FF00043C1E908230023FB650023BB658D
:102630009FE1BB6F1A6D3B6FDB689A4205D30721A0
:10264000B86FFFF76CFF0346BFE1002387F85730F0
:1026500000233B653B6F1B78012B1DD1BB6F5B7863
:10266000002B19D0FB6D3B65BB6F1B6F3A6DD21A07
:102670003B6F5B699A4205D90821B86FFFF74FFF9E
:102680000346A2E17B6F9B687A6FD268396D104672
:102690009847012387F857300023FB8607F12C0366
:1026A00000221A605A607B6F1B687A6FD06807F14E
:1026B0002C0207F136019847034687F84E30BB6F6E
:1026C0001B6D5A1CBB6F1A6597F8323083F00103FB
:1026D000DBB2002B0AD0BB6FDB6D5A1CBB6FDA6517
:1026E0000621B86FFFF71BFF03466EE1FA6ABB6F66
:1026F0005A67BB6F1B6D012B0FD1FA6ABB6F1A674C
:102700003B6F1B78012B2DD1BB6F01225A70FA6AE7
:102710003B6F5B681344FB6524E097F85730002B50
:1027200020D0FA6A3B6DD31ABB64BB6C002B02DA73
:10273000BB6C5B4200E0BB6C7B64BB6C002B04DDBC
:10274000BB6F9B6E5A1CBB6F9A66BB6FDB6E7A6C5D
:102750009A4202D9BB6F7A6CDA663B6F5B683A6D5E
:102760001344FB657B6F5B687A6FD26810469847AD
:102770003864BB6F1B6F3A6CD21ABB6F9A67BB6F22
:102780009A6F3B6F5B699A4205D90821B86FFFF7D2
:10279000C6FE034619E197F84E3087F84F304FF0E8
:1027A00000024FF00003C7E9082397F84E30002BD2
:1027B0000DD097F84E30022B03D097F84E30032BF4
:1027C0001CD1BB6F5B6D5A1CBB6F5A6516E0F98E4E
:1027D000FA6A3B6F986907F1200300930346F86893
:1027E000FEF704FF034687F84F3097F84F30042B6D
:1027F00004D1BB6F9B6D5A1CBB6F9A6597F84F3025
:10280000002B19D0BB6F97F84F201A71BB6D0133A5
:10281000BB65BB6F1B6EBA6D9A4202D9BB6FBA6DB6
:102820001A663B6F1B69BA6D9A426CD90721B86F63
:10283000FFF775FE0346C8E00023BB654FF00002BA
:102840004FF00003C7E906234FF000024FF00003EA
:10285000C7E90423D7E9080107F118030093D7E972
:102860000023FFF70EFC034683F00103DBB2002BCD
:102870000FD1BB6FD3E90401D7E9062307F1100498
:102880000094FFF7BBFB034683F00103DBB2002B90
:1028900005D00921B86FFFF742FE034695E0D7E95E
:1028A0000423B96FC1E90423BB6FD3E90623D7E939
:1028B0000601904271EB030304DAD7E90623B96FEE
:1028C000C1E90623BB6FD3E90801D7E9062390428B
:1028D00071EB030304DAD7E90623B96FC1E90823D2
:1028E000BB6FDB6C002B04D1D7E90823B96FC1E9BA
:1028F0000E23D7E90823B96FC1E91023BB6FDB6C46
:102900005A1CBB6FDA64BB6FDA6C3B6F9B689A42F0
:1029100037D23B6F1B78012B2BD1F96D386CFFF749
:10292000B5FD0346002B24D03A6CFB6DD31AFB6334
:102930003B6F5B68FA6BB2FBF3F30133BB63BB6FB6
:102940005B6EDB43BA6B9A4205D90721B86FFFF77C
:10295000E6FD034639E0BB6F5A6EBB6B1A44BB6F92
:102960005A663B6F5B68BA6B02FB03F3FA6D134464
:10297000FB65BB6FDA6C3B6F9B689A42FFF459AE04
:1029800000E000BFBB6FD3E90423B96FC96CB86F17
:102990002830BC6F3034029401900091D7E90001D7
:1029A000FFF76DFC034683F00103DBB2002B05D07B
:1029B0000921B86FFFF7B3FD034606E0BB6F0122A4
:1029C0001A70BB6F0022DA70002318466437BD46C8
:1029D00090BD000090B58DB004AFF860C7E900234A
:1029E0000B4B07F110040FCB84E80F007B6B0293B5
:1029F00007F1100301933B6B0093D7E90023F868BC
:102A0000FFF7A0FD034618462437BD4690BD00BF22
:102A10008086010880B586B000AFF860B9607A6042
:102A2000FB687B617B69002B0BD0BB68002B08D057
:102A30007B68002B05D07B695A6E7B691B6E9A42BE
:102A400001D301232AE07B695B6E591C7A695166C8
:102A50003B6108220021786813F00EFF7B693A6918
:102A6000063253F822207B681A607A693B69134466
:102A700058331A787B689A717B693A6933F8122067
:102A8000BB681A807B693A690E3253F822207B6951
:102A90009A667A693B69134410331B7818461837D5
:102AA000BD4680BD80B483B000AF78607B689B6E0C
:102AB00018460C37BD465DF8047B704780B584B07E
:102AC00000AF786039607B68FB60FB68D3F88C30BE
:102AD000072B0CD8FB68D3F88C30591CFA68C2F865
:102AE0008C10FA681A339B0013443A685A60FB68EA
:102AF0009B6E39681846FFF7C9FC034683F0010353
:102B0000DBB2002B02D0FB683A689A6600BF103730
:102B1000BD4680BDB0B48DB000AFF860B9607A60DA
:102B20003B6001233B757B68BB61BB68FB613B6815
:102B30003B623B687B62094BBB621423FB62FB6810
:102B40001D4607F114040FCC0FC594E8070085E873
:102B50000700F8683437BD46B0BC7047A086010056
:102B600080B584B000AF7860396090220021786829
:102B700013F082FE7B683A681A660023FB600EE061
:102B80007A68FB681344103300221A707A68FB6875
:102B90001344583301221A70FB680133FB60FA6852
:102BA0003B689A42ECD300BF00BF1037BD4680BDE2
:102BB0002DE9B04FADF5027D04AF4FF000024FF0AC
:102BC0000003C7E96C2307F5D87300934FF00202A6
:102BD0004FF000034FF001004FF00001FFF7B9FA8A
:102BE0000346002B4BD0D7E96C23511E0B4346D133
:102BF00007F5D87300934FF002024FF000034FF037
:102C0000FF304FF0FF31FFF7A4FA0346002B36D018
:102C1000D7E96C23B3F1FF3F08BFB2F1FF3F2ED1DC
:102C200007F5D87300934FF002024FF000034FF006
:102C300003004FF00001FFF78CFA0346002B1ED073
:102C4000D7E96C23911E0B4319D107F5D873009374
:102C50004FF002024FF000036FF002004FF0FF311F
:102C6000FFF777FA0346002B09D0D7E96C23B3F1BD
:102C7000FF3F08BF12F1020F01D1012300E0002342
:102C800087F8F73197F8F73103F0010387F8F73148
:102C90004FF000024FF00003C7E96A234FF0000233
:102CA0004FF00003C7E9682307F5D073029307F5D7
:102CB000D4730193022300934FF001024FF00003FD
:102CC0004FF064004FF00001FFF7D9FA0346002BE4
:102CD0000DD0D7E96A23A2F500410B4307D1D7E90C
:102CE0006823A2F5C9010B4301D1012300E00023B1
:102CF00087F8F63197F8F63103F0010387F8F631DB
:102D000007F5D073029307F5D47301930223009360
:102D10004FF0FF324FF0FF336FF063004FF0FF31A1
:102D2000FFF7ADFA0346002B11D0D7E96A23B3F1C0
:102D3000FF3F08BF12F5004F09D1D7E96823B3F16F
:102D4000FF3F08BF12F5C90F01D1012300E00023A6
:102D500087F8F53197F8F53103F0010387F8F5317D
:102D60004FF4C8024FF00003C7E97A23D7E97A236A
:102D70005D1C1446C7E978454FF001024FF000038F
:102D8000C7E9662307F5CC7303934FF4807302936E
:102D90000023019301230093D7E97A23D7E97A012D
:102DA000FFF7E4FA0346002B1DD0D7E9662313434F
:102DB00019D107F5CC7303934FF4807302934FF44A
:102DC0008073019301230093D7E97A23D7E978012F
:102DD000FFF7CCFA0346002B05D0D7E9662313434F
:102DE00001D1012300E0002387F8DF3197F8DF31BC
:102DF00003F0010387F8DF31CB4B07F5C4740FCB29
:102E000084E80F0007F1500302211846FFF7A8FEDF
:102E100007F5FC73A3F5D47364221A8007F5FC73DD
:102E2000A3F5D47365225A8007F5FC73A3F5D47318
:102E30004FF47A729A6107F5FC73A3F5D4734FF4DB
:102E40008262DA6107F5FC73A3F5D47340F2ED32C8
:102E50009A6307F5FC73A3F5D47340F21542DA6365
:102E600007F5FC73A3F5D47340F2E3329A6607F1D9
:102E70005003C7F8943107F5B4731846FEF792FB78
:102E800007F5FC73A3F5E270022328220221FFF765
:102E900041FE07F5B47107F1E003029307F5C4732F
:102EA000019307F1340300934FF064024FF00003E5
:102EB0000846FFF747FB0346002B5CD107F5FC7380
:102EC000A3F58C731B78002B55D007F5FC73A3F585
:102ED0008C731B6D022B4ED107F5FC73A3F58C731D
:102EE000DB6C022B47D107F5FC73A3F58C735B6E8B
:102EF000002B40D107F5FC73A3F58C73D3E90E23A7
:102F0000A2F164010B4336D107F5FC73A3F58C7372
:102F1000D3E91023A2F165010B432CD107F5FC7313
:102F2000A3F58C73D3E90623134324D107F5FC736F
:102F3000A3F58C73D3E90823511E0B431BD107F56E
:102F4000FC73A3F58C73D3E90C23A2F5C9010B43E1
:102F500011D107F5FC73A3F5D473D3F88C30012B92
:102F600009D107F5FC73A3F5D473DB6EB3F5826F5B
:102F700001D1012300E0002387F8DE3197F8DE312C
:102F800003F0010387F8DE3107F1500304211846EE
:102F9000FFF7E6FD07F5FC73A3F5D47364221A80EE
:102FA00007F5FC73A3F5D47368225A8007F5FC7308
:102FB000A3F5D47360229A8007F5FC73A3F5D4734C
:102FC0006422DA8007F5FC73A3F5D4734FF47A72A8
:102FD0009A6107F5FC73A3F5D4734FF48262DA614A
:102FE00007F5FC73A3F5D4734FF487621A6207F5F3
:102FF000FC73A3F5D4734FF48C625A6207F5FC732B
:10300000A3F5D47340F2ED329A6307F5FC73A3F590
:10301000D47340F21542DA6307F5FC73A3F5D47359
:1030200040F23D421A6407F5FC73A3F5D47340F2F5
:1030300065425A6407F5FC73A3F5D47340F2E3329A
:103040009A6607F15003C7F8943107F5B473184630
:10305000FEF7A8FA07F5FC73A3F5E27407F1080080
:10306000042328220421FFF755FD07F5FC73A3F57F
:10307000F8731D460FCD0FC495E8070084E80700DC
:1030800007F5B47107F1E003029307F5C4730193E8
:1030900007F1340300934FF064024FF00003084639
:1030A000FFF750FA0346002B40D107F5FC73A3F558
:1030B0008C73D3E90623B3F1FF3F08BF12F1040F6D
:1030C00034D107F5FC73A3F58C73D3E90823111FE2
:1030D0000B432BD107F5FC73A3F58C73D3E90801DF
:1030E00007F5FC73A3F58C73D3E90623841A3C60BF
:1030F00061EB03037B60D7E900120B46083B1343E7
:1031000014D107F5FC73A3F58C73D3E9100107F50F
:10311000FC73A3F58C73D3E90E23994208BF904248
:1031200004D1012303E000BF90860108002387F843
:10313000DD3197F8DD3103F0010387F8DD3107F168
:10314000500304211846FFF70BFD07F5FC73A3F5A8
:10315000D47364221A8007F5FC73A3F5D473652237
:103160005A8007F5FC73A3F5D47366229A8007F59D
:10317000FC73A3F5D4736722DA8007F5FC73A3F51B
:10318000D4734FF47A729A6107F5FC73A3F5D47384
:103190004FF48262DA6107F5FC73A3F5D4734FF440
:1031A00087621A6207F5FC73A3F5D4734FF48C623F
:1031B0005A6207F5FC73A3F5D47340F2ED329A63BB
:1031C00007F5FC73A3F5D47340F21542DA6307F5F3
:1031D000FC73A3F5D47340F23D421A6407F5FC7307
:1031E000A3F5D47340F265425A6407F5FC73A3F566
:1031F000D47340F2E3329A6607F15003C7F8943172
:1032000007F5B4731846FEF7CDF907F5FC73A3F57F
:10321000E27407F10800042328220421FFF77AFC56
:1032200007F5FC73A3F5F8731D460FCD0FC495E8A1
:10323000070084E8070007F5B47107F1E003029383
:1032400007F5C473019307F1340300934FF0640250
:103250004FF000030846FFF775F90346002B3CD1F9
:1032600007F5FC73A3F58C73D3E90623134334D11C
:1032700007F5FC73A3F58C73D3E90823D11E0B4328
:103280002BD107F5FC73A3F58C73D3E9080107F57F
:10329000FC73A3F58C73D3E90623B0EB020A61EB50
:1032A000030BAAF1030353EA0B0316D107F5FC73D2
:1032B000A3F58C73D3E9100107F5FC73A3F58C73A8
:1032C000D3E90E23B0EB020861EB0309A8F1030375
:1032D00053EA090301D1012300E0002387F8DC3120
:1032E00097F8DC3103F0010387F8DC3107F1500374
:1032F00003211846FFF734FC07F5FC73A3F5D473DC
:1033000002221A7407F5FC73A3F5D47364225A8061
:1033100007F5FC73A3F5D47366229A8007F5FC7356
:10332000A3F5D4734FF47A729A6107F5FC73A3F591
:10333000D4734FF48262DA6107F5FC73A3F5D4739A
:103340004FF487621A6207F5FC73A3F5D47340F259
:10335000ED329A6307F5FC73A3F5D47340F215427E
:10336000DA6307F5FC73A3F5D47340F23D421A64A7
:1033700007F5FC73A3F5D47340F2E3329A6607F1C4
:103380005003C7F8943107F5B4731846FEF70AF9ED
:1033900007F5FC73A3F5E27407F108000323282264
:1033A0000221FFF7B7FB07F5FC73A3F5F8731D4681
:1033B0000FCD0FC495E8070084E8070007F5B47146
:1033C00007F1E003029307F5C473019307F1340397
:1033D00000934FF064024FF000030846FFF7B2F885
:1033E0000346002B3CD107F5FC73A3F58C735B7887
:1033F000002B35D007F5FC73A3F58C731B6D032BE5
:103400002ED107F5FC73A3F58C73DB6C022B27D14F
:1034100007F5FC73A3F58C735B6D012B20D107F5C9
:10342000FC73A3F58C731B79022B19D107F5FC7380
:10343000A3F5D473D3F88C30022B11D107F5FC73AC
:10344000A3F5D473DB6EB3F5826F09D107F5FC7376
:10345000A3F5D4731B6FB3F5876F01D1012300E08F
:10346000002387F8DB3197F8DB3103F0010387F89D
:10347000DB3107F1500303211846FFF771FB07F515
:10348000FC73A3F5D47364221A8007F5FC73A3F5CB
:10349000D47365225A8007F5FC73A3F5D4736622B2
:1034A0009A8007F5FC73A3F5D4734FF47A729A618E
:1034B00007F5FC73A3F5D47340F26542DA6107F5B2
:1034C000FC73A3F5D4734FF491621A6207F5FC7391
:1034D000A3F5D47340F2ED329A6307F5FC73A3F5BC
:1034E000D47340F26A42DA6307F5FC73A3F5D47330
:1034F00040F28D421A6407F5FC73A3F5D47340F2D1
:10350000E3329A6607F15003C7F8943107F5B473B4
:103510001846FEF747F807F5FC73A3F5E27407F1C8
:103520000800032328220321FFF7F4FA07F5FC73B0
:10353000A3F5F8731D460FCD0FC495E8070084E886
:10354000070007F5B47107F1E003029307F5C473B0
:10355000019307F1340300934FF064024FF000032E
:103560000846FEF7EFFF0346002B2ED107F5FC734C
:10357000A3F58C735B6E022B27D107F5FC73A3F5C3
:103580008C739B6E012B20D107F5FC73A3F58C7314
:10359000DB6E552B19D107F5FC73A3F5D473D3F863
:1035A0008C30022B11D107F5FC73A3F5D473DB6EBD
:1035B000B3F5826F09D107F5FC73A3F5D4731B6FC4
:1035C000B3F5916F01D1012300E0002387F8DA31D0
:1035D00097F8DA3103F0010387F8DA3107F1500385
:1035E00002211846FFF7BCFA07F5FC73A3F5D47364
:1035F0004FF6FE721A8007F5FC73A3F5D47301220F
:103600005A8007F5FC73A3F5D4736FF00F029A612B
:1036100007F5FC73A3F5D4731022DA6107F5FC7388
:10362000A3F5D4736FF00A029A6307F5FC73A3F550
:10363000D4731522DA6307F5FC73A3F5D4736FF026
:103640001F029A6607F15003C7F8943107F5B47367
:103650001846FDF7A7FF07F5FC73A3F5E27407F121
:103660000800022320220221FFF754FA07F5FC7319
:10367000A3F5F8731D460FCD0FC495E8070084E845
:10368000070007F5B47107F1E003029307F5C4736F
:10369000019307F1340300934FF6FE724FF00003DD
:1036A0000846FEF74FFF0346002B23D107F5FC73B6
:1036B000A3F58C739B6F252B1CD107F5FC73A3F529
:1036C0008C735B6E002B15D107F5FC73A3F58C731F
:1036D000D3E90E235B4911440B430BD107F5FC736F
:1036E000A3F58C73D3E91023A2F101110B4301D18F
:1036F000012300E0002387F8D93197F8D93103F08E
:10370000010387F8D93107F5B4731846FDF74AFF6E
:103710004FF000024FF00003C7E90A2307F5B47029
:1037200007F1280300930A230A226421FDF75EFFB4
:103730000346002B0CBF0123002387F8D831B7F8CC
:103740006A31A7F8D631D7E95C23C7E97223D7F8E5
:103750007831C7F8C431D7F87C31C7F8C03107F5E4
:10376000B47007F1280300930A231422C821FDF73F
:103770003DFF0346042B1FD1B7F86A31B7F8D621B5
:103780009A4219D1D7E95C23D7E97201994208BF5F
:10379000904211D1D7F87831D7F8C4219A420BD191
:1037A000D7F87C31D7F8C0219A4205D1D7F88031BB
:1037B000012B01D1012300E0002387F8BF3197F8E6
:1037C000BF3103F0010387F8BF3197F8F731002BC1
:1037D0002DD097F8F631002B29D097F8F531002B32
:1037E00025D097F8DF31002B21D097F8DE31002B60
:1037F0001DD097F8DD31002B19D097F8DC31002B64
:1038000015D097F8DB31002B11D097F8DA31002B67
:103810000DD097F8D931002B09D097F8D831002B6B
:1038200005D097F8BF31002B01D0012300E0002321
:1038300003F00103DBB2184607F5FC77BD46BDE88F
:10384000B08F00BF0200FFFF80B500AF09F05CF948
:1038500000F056F800F014FC00F0BCFB00F0BAF8E1
:1038600000F0AAF900F060FA00F042F900F088FBDD
:1038700000F010F900F06AF900F0D4FA00F056FBFD
:10388000FDF700FDFEF756F9034683F00103DBB2B6
:10389000002B01D000F0DEFFFFF78AF9034683F02A
:1038A0000103DBB2002B01D000F0D4FF00F0ECFFED
:1038B00000F0FEFF034683F00103DBB2002B01D0D2
:1038C00000F0C8FF0FF0DEFE0A4A00210A480FF0A0
:1038D00023FF0346094A136008F0BEF9034683F04C
:1038E0000103DBB2002B01D000F0B4FF0FF0EEFEBD
:1038F00000BFFDE730B20108B141000864050020B7
:1039000080B594B000AF07F12003302200211846A3
:1039100012F0B2FF07F10C0300221A605A609A609D
:10392000DA601A610023BB60284B1B6C274A43F006
:1039300080531364254B1B6C03F08053BB60BB6842
:1039400000237B60224B1B68214A43F480431360B1
:103950001F4B1B6803F480437B607B6801233B6241
:103960004FF480337B620223BB634FF48003FB631D
:1039700004233B64A8237B640223BB640423FB640D
:1039800007F1200318460CF00FF90346002B01D075
:1039900000F060FF0F23FB6002233B6100237B618B
:1039A0004FF4A053BB614FF48053FB6107F10C034C
:1039B000052118460CF070FB0346002B01D000F0E7
:1039C00049FF00BF5037BD4680BD00BF00380240F0
:1039D0000070004080B584B000AF3B4600221A6002
:1039E0005A609A60DA60284B284A1A60264B4FF4D6
:1039F00080325A60244B00229A60234B01221A61C4
:103A0000214B01221A76204B002283F820201E4BE6
:103A10000022DA621C4B1E4A9A621B4B0022DA60BB
:103A2000194B0222DA61184B012283F83020164B21
:103A300001225A61144809F0A9F80346002B01D06D
:103A400000F008FF01233B6001237B600523BB607E
:103A50003B4619460C4809F00BFA0346002B01D0EF
:103A600000F0F8FE04233B6002237B603B461946CE
:103A7000054809F0FDF90346002B01D000F0EAFEED
:103A800000BF1037BD4680BD7C00002000200140F3
:103A90000100000F80B500AF124B134A1A60114BA2
:103AA000124A5A600F4B00229A600E4B0022DA60D5
:103AB0000C4B4FF480421A610A4B00225A61094BA9
:103AC00000229A61074B0022DA61064B00221A623B
:103AD00004480AF049FA0346002B01D000F0BAFE70
:103AE00000BF80BD2401002000540040801A060061
:103AF00080B500AF124B134A1A60114B124A5A603C
:103B00000F4B00229A600E4B0022DA600C4B4FF4F0
:103B100080421A610A4B00225A61094B00229A61C5
:103B2000074B0022DA61064B00221A6204480AF0B1
:103B30001BFA0346002B01D000F08CFE00BF80BDB5
:103B40007801002000580040A086010080B500AF39
:103B5000174B184A1A60164B4FF482725A60144B76
:103B600000229A60124B0022DA60114B02221A6185
:103B70000F4B01225A610E4B4FF400729A610C4BAD
:103B80001822DA610A4B00221A62094B00225A629B
:103B9000074B00229A62064B0A22DA6204480CF0B4
:103BA000CDFC0346002B01D000F054FE00BF80BDC9
:103BB0002C0200200030014080B596B000AF07F124
:103BC000480300221A605A609A60DA6007F14003E5
:103BD00000221A605A6007F1240300221A605A601A
:103BE0009A60DA601A615A619A613B1D20220021B5
:103BF000184612F041FE4A4B4A4A1A60484B0022CE
:103C00005A60474B00229A60454B40F66A02DA60E0
:103C1000434B00221A61424B00225A61404B002262
:103C20009A613F480DF032FA0346002B01D000F0B4
:103C300011FE4FF48053BB6407F14803194638481E
:103C40000DF0BCFE0346002B01D000F003FE34480B
:103C50000DF0DCFA0346002B01D000F0FBFD002341
:103C60003B6400237B6407F1400319462C480EF0A7
:103C7000CFFB0346002B01D000F0ECFD70237B62EC
:103C80000023BB620023FB6200233B6300237B63B2
:103C90000023BB630023FB6307F1240300221946C2
:103CA0001F480DF0C9FD0346002B01D000F0D2FDE6
:103CB00007F124030422194619480DF0BDFD0346FF
:103CC000002B01D000F0C6FD07F12403082219469D
:103CD00013480DF0B1FD0346002B01D000F0BAFDF2
:103CE00000237B600023BB600023FB6000233B615B
:103CF00000237B614FF40053BB6100233B623B1DFB
:103D0000194607480EF000FC0346002B01D000F0D6
:103D1000A1FD034808F0ACFB00BF5837BD4680BD8D
:103D2000840200200000014080B58AB000AF07F196
:103D3000180300221A605A609A60DA6007F11003D3
:103D400000221A605A603B4600221A605A609A604C
:103D5000DA60334B4FF080421A60314B00225A60D8
:103D60002F4B00229A602E4B4FF0FF32DA602C4B23
:103D700000221A612A4B00229A6129480DF086F927
:103D80000346002B01D000F065FD4FF48053BB616A
:103D900007F11803194622480DF010FE0346002BC8
:103DA00001D000F057FD1E480DF048FB0346002BE4
:103DB00001D000F04FFD00233B6100237B6107F140
:103DC0001003194616480EF023FB0346002B01D0C2
:103DD00000F040FD00233B6001237B600023BB60BB
:103DE0000023FB603B46002219460D480DF087FC7E
:103DF0000346002B01D000F02DFD02233B6002237F
:103E00007B603B460422194605480DF078FC0346CA
:103E1000002B01D000F01EFD00BF2837BD4680BD3D
:103E2000CC02002080B592B000AF07F14003002221
:103E30001A605A6007F1240300221A605A609A60DF
:103E4000DA601A615A619A613B1D202200211846EE
:103E500012F012FD334B344A1A60324B53225A602F
:103E6000304B00229A602F4B40F2E732DA602D4B44
:103E700000221A612B4B00225A612A4B00229A61C0
:103E800028480DF0C3F90346002B01D000F0E2FCF6
:103E900000233B6400237B6407F14003194621485B
:103EA0000EF0B6FA0346002B01D000F0D3FC6023DD
:103EB0007B620023BB620023FB6200233B63002381
:103EC0007B630023BB630023FB6307F12403002211
:103ED000194614480DF0B0FC0346002B01D000F049
:103EE000B9FC00237B600023BB600023FB60002340
:103EF0003B6100237B614FF40053BB6100233B62B5
:103F00003B1D194607480EF0FFFA0346002B01D06F
:103F100000F0A0FC034808F0ABFA00BF4837BD46EC
:103F200080BD00BF140300200004014080B500AF35
:103F3000114B124A1A60104B4FF461225A600E4B1B
:103F400000229A600C4B0022DA600B4B00221A61AF
:103F5000094B0C225A61084B00229A61064B002241
:103F6000DA6105480EF036FB0346002B01D000F065
:103F700071FC00BF80BD00BF5C0300200044004016
:103F800080B500AF114B124A1A60104B4FF46122FA
:103F90005A600E4B00229A600C4B0022DA600B4BE9
:103FA00000221A61094B0C225A61084B00229A61C7
:103FB000064B0022DA6105480EF00CFB0346002B8D
:103FC00001D000F047FC00BF80BD00BFA00300206F
:103FD0000048004080B582B000AF00237B60274BD3
:103FE0001B6B264A43F400131363244B1B6B03F42F
:103FF00000137B607B6800233B60204B1B6B1F4AD8
:1040000043F4800313631D4B1B6B03F480033B607D
:104010003B68002205210C2009F00AFA0C2009F067
:1040200023FA002205210E2009F002FA0E2009F0E1
:104030001BFA00220521102009F0FAF9102009F0DE
:1040400013FA00220521112009F0F2F9112009F0DC
:104050000BFA002205212F2009F0EAF92F2009F0A0
:1040600003FA00220521382009F0E2F9382009F08E
:10407000FBF900BF0837BD4680BD00BF00380240D5
:1040800080B58AB000AF07F1140300221A605A60AD
:104090009A60DA601A6100233B61414B1B6B404A16
:1040A00043F0040313633E4B1B6B03F004033B61BB
:1040B0003B690023FB603A4B1B6B394A43F080039A
:1040C0001363374B1B6B03F08003FB60FB6800231B
:1040D000BB60334B1B6B324A43F001031363304B1D
:1040E0001B6B03F00103BB60BB6800237B602C4BA0
:1040F0001B6B2B4A43F002031363294B1B6B03F02A
:1041000002037B607B6800224EF20701254809F01C
:10411000F7FE00224FF40061234809F0F1FE00226F
:104120004021224809F0ECFE4EF207037B61012397
:10413000BB610023FB6100233B6207F114031946B6
:10414000184809F029FD01237B610023BB6101238D
:10415000FB6107F114031946134809F01DFD4FF4E4
:1041600000637B610123BB610023FB6100233B6291
:1041700007F1140319460C4809F00EFD40237B613A
:104180000123BB610023FB6100233B6207F11403A1
:104190001946064809F000FD00BF2837BD4680BD1E
:1041A00000380240000802400000024000040240C3
:1041B000F0B5E3B00CAF07F5AC73A3F5A2731860CC
:1041C00007F1C0031846FDF725FE0121894809F0D3
:1041D0007FFE0346002B0CBF0123002387F84F31DD
:1041E00097F84F31002B08D0834B1B7883F00103E5
:1041F000DBB2002B01D007F073FD7F4A97F84F31F7
:1042000013704FF480417D4809F093FE07F094FD50
:104210000346002B03D0C8200FF011FBF9E207F191
:10422000180307F1C00003224FF40041FDF707FE19
:10423000034687F84E3197F84E31002B2BD097F874
:104240004E2107F5AC73A3F5A0735B7E194607F505
:10425000AC73A3F5A0739B7E07F13C000193009122
:104260001346674A602112F095FAC7F85401D7F84F
:1042700054315F2B02DD5F23C7F85431D7F8543136
:104280009AB207F13C0132235E480EF0F0F9C820E3
:104290000FF0D5FABDE207F5AC73A3F5A0731B8848
:1042A000A7F84C31B7F84C311846FCF7F3FFF0EEA5
:1042B000407A9FED557A67EE877AB6EE007A77EE10
:1042C000877AFCEEE77A17EE903AC7F84831002378
:1042D000C7F8BC3007F1BC031846FCF7FBFF0346E8
:1042E00087F8473197F8473183F00103DBB2002BA1
:1042F0000FD197F8BC30002B0BD197F8BD30002BB5
:1043000007D197F8BE30002B03D197F8BF30002BB0
:1043100042D0B7F84C41D7F848313C4AA2FB0323BE
:104320005909D7F84821394BA3FB02035B096420E4
:1043300000FB03F3D31A97F847213A6197F8BC00C2
:10434000054697F8BD00064697F8BE00F86097F856
:10435000BF00024607F13C000692FA6805920496F7
:1043600003953A690292019300912346284A8021DD
:1043700012F010FAC7F85001D7F850317F2B02DD48
:104380007F23C7F85031D7F850319AB207F13C017A
:1043900032231C480EF06BF91E4B1B7883F001038F
:1043A000DBB2002B48D01B4B01221A701A4AB7F817
:1043B0004C311380194B00221A60194B00221A60ED
:1043C000174B1B68174A1360174B00221A601749D6
:1043D0004FF000024FF00003C1E9002314494FF0F1
:1043E00000024FF00003C1E90023124B00221A60C3
:1043F00047E000BF000002406805002000080240BE
:10440000AC860108A00300200000C8421F85EB51C4
:10441000F0860108690500206A0500206C0500206F
:10442000700500207405002078050020800500201C
:104430008805002090050020A34B1B88B7F84C216D
:10444000D31A9BB21BB2C7F840319F4AB7F84C3120
:1044500013809E4B1A68D7F8403113449B4A13606F
:10446000D7F84031002BB8BF5B42C7F83C31984BBE
:104470001B68D7F83C219A4203DD954AD7F83C31B6
:104480001360924B1A68934B1B689A4203DA8F4B66
:104490001B68904A13608D4B1A688F4B1B689A42B9
:1044A00003DD8A4B1B688C4A1360884B1B681846D7
:1044B000FCF730F8894BD3E90023FBF7DFFE024617
:1044C0000B468649C1E90023804B1B681846FCF760
:1044D00021F804460D467D4B1B681846FCF71AF878
:1044E00002460B4620462946FCF77EF802460B465C
:1044F000104619467A4BD3E90023FBF7BFFE02466C
:104500000B467749C1E90023764B1B680133754A96
:104510001360744B1B68182B40F278816F4BD3E902
:104520000045704B1B681846FBF7E4FF02460B463C
:1045300020462946FCF782F902460B46C7E94C2380
:10454000674BD3E90045674B1B681846FBF7D2FF62
:1045500002460B4620462946FCF770F902460B46F8
:1045600014461D46D7E94C23D7E94C01FCF73CF82B
:1045700002460B4620462946FBF77EFE02460B46C6
:10458000C7E94A234FF000024FF00003D7E94A0180
:10459000FCF7BAFA0346002B08D097ED4A0B12F04D
:1045A0004FFEB0EE407AF0EE607A01E09FED447B82
:1045B00087ED487B484B1A68464B1B68D31AC7F8EF
:1045C0001C31424B1B68C7F81831414B1B6840F245
:1045D000DA2293420CDCD7F81831434A934207DBC6
:1045E000D7F8183140F63962934201DC012300E02C
:1045F000002387F8173197F8173103F0010387F884
:104600001731D7F81C319BB21846FCF743FEF0EE89
:10461000407A9FED377A67EE877AB6EE007A77EECA
:10462000877AFCEEE77A17EE903AC7F810314FF030
:1046300000022E4BD7E94801FBF720FE02460B464D
:1046400010461946FCF780FA03469BB21846FCF761
:1046500021FEF0EE407A9FED267A67EE877AB6EE7D
:10466000007A77EE877AFCEEE77A17EE903AC7F891
:104670000C31174B1B689BB21846FCF70BFEF0EE93
:10468000407A9FED1B7A67EE877AB6EE007A77EE76
:10469000877AFCEEE77A17EE903AC7F80831D7F838
:1046A0001831DB0F87F8073197F80731002B21D03D
:1046B000D7F818319BB25B429BB21EE0AFF300808B
:1046C00000000000000000006A0500206C050020CA
:1046D000780500207405002070050020800500206A
:1046E0008805002090050020C7F1FFFF0000E03F93
:1046F0000000C842D7F818319BB21846FCF7CAFD33
:10470000F0EE407A1FED067A67EE877AB6EE007A11
:1047100077EE877AFCEEE77A17EE903AC7F8003129
:10472000D7F810313B4AA2FB03235D09D7F81021CB
:10473000384BA3FB02135B09642101FB03F3D31A7B
:10474000D7F80C213349A1FB02125609D7F80C11F6
:10475000304AA2FB01025209642000FB02F28A1ACD
:1047600097F80711002902D02B49396101E02B4944
:104770003961D7F800112748A0FB01014909F96008
:10478000D7F800012349A1FB00414909642404FB37
:1047900001F1411AD7F808011E4CA4FB0040400962
:1047A000B860D7F808411B48A0FB04C040094FF08F
:1047B000640C0CFB00F0201A194C24687C6097F8FC
:1047C000174107F13C0C0A947C6809940890B8687A
:1047D00007900691F9680591396904910392029650
:1047E0000193009505230F4A8021604611F0D2FF06
:1047F000C7F8FC00D7F8FC309AB207F13C0132232D
:1048000009480DF034FF094B00221A70C8200FF040
:1048100016F8DAE41F85EB51488701084C87010838
:104820009005002050870108A003002069050020A2
:1048300080B582B000AF78607B681B68044A934201
:1048400001D108F083F900BF0837BD4680BD00BF25
:104850000020004080B582B000AF72B600BF4FF4B8
:104860000051074809F065FB00237B6002E07B688C
:1048700001337B607B68034A9342F8D9EFE700BFBE
:10488000000802401FA1070080B500AF00F0ACF99E
:104890000449054807F05CFA0448FDF7BBFA00BF7D
:1048A00080BD00BF54B2010894050020B805002067
:1048B00080B588B000AF07F01DFB034683F001030D
:1048C000DBB2002B01D0002349E0B0EE000A2648FD
:1048D00007F073FA254B01221A70244B01225A6209
:1048E000B6EE000A7B2000F0CBF900F06DF83B46F5
:1048F000184600F071F8D7ED007AF5EE407AF1EE47
:1049000010FA28D1D7ED017AF5EE407AF1EE10FADF
:1049100021D1D7ED027AF5EE407AF1EE10FA1AD1F4
:104920003B7B83F00103DBB2002B14D03B69002BEF
:1049300011D1BB8A002B0ED1D7ED067AF5EE407A65
:10494000F1EE10FA07D13B7F83F00103DBB2002BBD
:1049500001D0012300E0002303F00103DBB218467D
:104960002037BD4680BD00BF94050020B80500205B
:1049700080B500AF00F060F900BF80BD80B500AF2A
:1049800000F06CF900BF80BD80B582B000AF034677
:1049900087ED000AFB80FB8897ED000A184600F0BF
:1049A0006FF900BF0837BD4680BD000080B500AF7D
:1049B000034807F0E8F90348FDF72CFA00BF80BD73
:1049C00094050020B805002080B500AFFFF7EEFF8A
:1049D00000F0B2F900BF80BD80B586B000AF78604E
:1049E0007B68002B22D0134B5A697B681A60114BED
:1049F0009A697B685A600F4BDA697B689A600E4B44
:104A00001A787B681A730C4B5A6A7B681A6107F133
:104A10000C03184600F09CF9BA897B689A823A69BF
:104A20007B689A613A7D7B681A7700E000BF18378F
:104A3000BD4680BD94050020B805002080B58EB02D
:104A400000AF87ED010A38603B68002B01D10123DC
:104A500036E007F1080303224FF400511A48FDF72E
:104A6000EEF9034687F8373097F83730002B02D03D
:104A700097F8373024E0D7E9042310461946FDF7AC
:104A80009FFAB0EE407AD7ED017A77EE677AC7EDFC
:104A90000C7A3B683A6B1A6097ED0C0A0B4807F0EA
:104AA0008CF987ED0B0AD7ED0B7AFDEEE77A17EE5E
:104AB000903A9BB2B7EE000A184600F0E1F80023E6
:104AC00018463837BD4680BDB80500209405002043
:104AD00080B483B000AF0346FB80FB88074AA2FB8B
:104AE0000312520B42F6AB2101FB02F29B1A9BB25E
:104AF00018460C37BD465DF8047B70470380FEBF47
:104B000080B400AF06231846BD465DF8047B7047AD
:104B100080B400AF0C231846BD465DF8047B704797
:104B200080B500AF054807F0D0F9F0EE407AFDEE11
:104B3000E77A17EE903A184680BD00BF9405002032
:104B400080B584B000AF786087ED000A7B6807EE1F
:104B5000903AF8EE677A9FED217A27EE877ADFEDBB
:104B6000206AC7EE267AC7ED027A97ED020A12F0A4
:104B7000F7FBF0EE407AB6EE007A67EE877AB6EE93
:104B8000007A77EE877A97ED007A67EE277AC7ED9D
:104B9000037AD7ED037AF5EEC07AF1EE10FA02D57A
:104BA0004FF00003FB60D7ED037AB7EE007AF4EE26
:104BB000C77AF1EE10FA02DD4FF07E53FB60D7EDBD
:104BC000037A9FED087A67EE877AFCEEE77A17EEB4
:104BD000903A9BB218461037BD4680BDDB0FC940E6
:104BE00000AC2A4600A0064580B500AF00F036F8BC
:104BF000012201210E4809F083F9002202210C480C
:104C000009F07EF900220421094809F079F9002110
:104C100008480CF04BFB042106480CF047FB082128
:104C200004480CF043FB00F087F800BF80BD00BFD4
:104C3000000802408402002080B500AF01224FF43A
:104C40000061044809F05CF9034B01221A7200BFAD
:104C500080BD00BF00000240F005002080B500AF1D
:104C600000224FF40061044809F04AF9034B002286
:104C70001A7200BF80BD00BF00000240F005002096
:104C800080B586B000AF034687ED000AFB80FB8845
:104C9000264AA2FB0312520B42F6AB2101FB02F2A1
:104CA0009B1A9BB27B61FB8803F639631F4AA2FB08
:104CB0000312520B42F6AB2101FB02F29B1A3B613D
:104CC000FB8803F5E3531233184AA2FB0312520B7D
:104CD00042F6AB2101FB02F29B1AFB6097ED000A42
:104CE0007869FFF72DFF03461A46114B1B685A637C
:104CF00097ED000A3869FFF723FF03461A460C4B6D
:104D00001B689A6397ED000AF868FFF719FF0346DE
:104D10001A46074B1B68DA63064AFB881380054A6C
:104D20003B68536000BF1837BD4680BD0380FEBF9F
:104D300084020020F005002080B500AF9FED030A3B
:104D40000020FFF79DFF00BF80BD00BF00000000F6
:104D500080B483B000AF78607B68002B04D07B68A0
:104D6000044A07CA83E8070000BF0C37BD465DF858
:104D7000047B7047F005002080B483B000AF034689
:104D8000FB71044AFB79137000BF0C37BD465DF818
:104D9000047B70470506002080B485B000AF224B2D
:104DA0001B68BB60214B1B687B60214B1B683B6011
:104DB0000023FB602DE01F49FA681346DB009B1AB5
:104DC0009B000B441B68BA689A421FD11949FA68C4
:104DD0001346DB009B1A9B000B4404331B687A6864
:104DE0009A4213D11349FA681346DB009B1A9B00C1
:104DF0000B4408331B683A689A4207D1FA68134695
:104E0000DB009B1A9B000B4A134406E0FB6801334E
:104E1000FB60FB68022BCED9002318461437BD4631
:104E20005DF8047B704700BF107AFF1F147AFF1FE4
:104E3000187AFF1F68B2010880B584B000AF7860AF
:104E4000FFF7AAFFF860FB68002B05D07B68012202
:104E50001A70FB68DB6803E07B6800221A70024B63
:104E600018461037BD4680BDE08701080FB480B5F5
:104E7000A2B000AF07F194033B60381D3B68D7F840
:104E80009020802111F0EAFCC7F88400D7F8843024
:104E9000002B0EDDD7F884307F2B02D97F23C7F893
:104EA0008430D7F884309AB2391D642304480DF059
:104EB000DEFB00BF8837BD46BDE8804004B07047C8
:104EC000A00300200FB480B5ADF5EF6D00AF07F281
:104ED000847207F5EF63A3F274731A6007F5EF634A
:104EE000A3F2747307F108001B68D7F8802740F21B
:104EF0006C7111F0B3FCC7F87407D7F87437002B46
:104F000012DDD7F8743740F26B72934203D940F246
:104F10006B73C7F87437D7F874379AB207F1080182
:104F2000C82305480DF0A3FB00BF07F5EF67BD469A
:104F3000BDE8804004B07047A003002080B58CB06D
:104F400002AF87ED030AB8607960D7ED037AF5EE1A
:104F5000C07AF1EE10FA4CBF0123002387F8273006
:104F600097F82730002B04D0D7ED037AF1EE677A5B
:104F700001E0D7ED037AC7ED087AD7ED087A9FED07
:104F8000207A67EE877AB6EE007A77EE877AFDEEC2
:104F9000E77A17EE903AFB61FB691A4A82FB03122B
:104FA0005211DB17D31ABB61FB69164A82FB03124D
:104FB0005111DA178A1A642101FB02F29B1A7B61F4
:104FC00097F82730002B0ED0BB69002B02D17B69EC
:104FD000002B08D07B690093BB690B4A7968B868DD
:104FE00011F0D8FB08E07B690093BB69074A796838
:104FF000B86811F0CFFB00BF00BF2837BD4680BDA9
:105000000000C8421F85EB51EC870108F8870108B2
:1050100080B58EB002AF87ED030AB86079603A6060
:105020000123FB620023BB6208E0FA6A13469B007F
:1050300013445B00FB62BB6A0133BB62BA6ABB68A4
:105040009A42F2DBD7ED037AF5EEC07AF1EE10FA70
:105050004CBF0123002387F8273097F82730002B17
:1050600004D0D7ED037AF1EE677A01E0D7ED037A49
:10507000C7ED087AFB6A07EE903AB8EEE77AD7ED0B
:10508000087A67EE277AB6EE007A77EE877AFDEE39
:10509000E77A17EE903AFB61FA69FB6A92FBF3F349
:1050A000BB61FB69FA6A93FBF2F2F96A01FB02F257
:1050B0009B1A7B6197F82730002B10D0BB69002B1F
:1050C00002D17B69002B0AD07B690193BB680093F6
:1050D000BB690A4A3968786811F05CFB0AE07B69B1
:1050E0000193BB680093BB69054A3968786811F081
:1050F00051FB00BF00BF3037BD4680BD04880108AA
:1051000010880108B0B590B000AFC7E902017A601D
:105110003B607B68002B71D03B68002B6ED0002376
:10512000FB63D7E902014FF000024FF00003CA0F02
:105130000023134687F82B3097F82B30002B06D02E
:10514000D7E902230021544261EB030501E0D7E9CE
:105150000245C7E90C45D7E90C014FF00A024FF0B0
:105160000003FBF7BFFED2B2FB6B591CF963303270
:10517000D2B240333B4403F8302CD7E90C014FF056
:105180000A024FF00003FBF7ADFE02460B46C7E9EB
:105190000C23D7E90C23134302D0FB6B162BDAD96F
:1051A00097F82B30002B0AD0FB6B162B07D8FB6B24
:1051B0005A1CFA6340333B442D2203F8302C002361
:1051C000FB620DE0FB6B013BFB63FB6A5A1CFA625E
:1051D0007A68134407F11001FA6B0A4412781A70C6
:1051E000FB6B002B04D0FB6A01333A689A42E9D882
:1051F0007A68FB6A134400221A7000E000BF40374F
:10520000BD46B0BD80B582B000AFC7E90001D7E9A7
:105210000001FBF7BBF94FF000020D4BFBF7E4F97F
:1052200002460B46104619464FF00002094BFBF7A9
:1052300005FB02460B4610461946FBF7A5FC034644
:1052400007EE903AB0EE670A0837BD4680BD00BF52
:10525000008076400000F04180B483B000AF7860F9
:105260007B68FF2B02D87B68DBB200E0FF23184687
:105270000C37BD465DF8047B704780B483B000AF47
:1052800078607B68B3F5803F02D27B689BB201E017
:105290004FF6FF7318460C37BD465DF8047B704728
:1052A00080B400AF00231846BD465DF8047B70470C
:1052B00080B483B000AF0346FB71FB79092B2BD878
:1052C00001A252F823F000BFF1520008F552000885
:1052D000F9520008FD520008015300080553000868
:1052E000095300080D530008115300081553000816
:1052F0000D4B12E00D4B10E00D4B0EE00D4B0CE092
:105300000D4B0AE00D4B08E00D4B06E00D4B04E0A1
:105310000D4B02E00D4B00E00D4B18460C37BD461F
:105320005DF8047B704700BF1C88010820880108D5
:105330002C88010838880108448801085088010831
:10534000608801087888010894880108A888010805
:10535000B888010880B58EB000AF7861396187EDFB
:10536000030ABA607B604FF000037B634FF00003D9
:105370003B630023FB6258E0FB6A07EE903AF8EECD
:10538000E77A9FED6C7A67EE877A9FED6B7A27EE6E
:10539000877ADFED6A6AC7EE267AC7ED0A7AD7ED1B
:1053A0000A7A9FED677A27EE877ADFED666AC7EEA5
:1053B000267AC7ED097ABB6807EE903AF8EEE77AED
:1053C00097ED097A67EE277AC7ED087AFB6A9B00AA
:1053D0007A69134493ED007AD7ED037A77EE677A12
:1053E000C7ED077A97ED080A11F082FFB0EE407A18
:1053F000D7ED077A67EE277A97ED0D7A77EE277A61
:10540000C7ED0D7A97ED080A11F0AAFFB0EE407AC9
:10541000D7ED077A67EE277A97ED0C7A77EE277A41
:10542000C7ED0C7AFB6A0133FB62FA6A3B699A4268
:10543000A2DBBB68DAB27B681A703B69002B13DC15
:105440007B684FF000025A607B684FF000029A6060
:105450007B684FF00002DA607B684FF000021A614F
:105460007B6800221A7562E03B6907EE903AF8EE1D
:10547000E77AF0EE006A86EEA77AD7ED0D7A67EE4E
:10548000277A7B68C3ED017A3B6907EE903AF8EE24
:10549000E77AF0EE006A86EEA77AD7ED0C7A67EE2F
:1054A000277A7B68C3ED027A7B6893ED017A7B688B
:1054B000D3ED017A27EE277A7B68D3ED026A7B6809
:1054C000D3ED027A66EEA77A77EE277AB0EE670A16
:1054D00011F0ECFEF0EE407A7B68C3ED037A7B6856
:1054E000D3ED027A7B6893ED017AF0EE470AB0EED5
:1054F000670A11F0D9FEF0EE407A9FED127A27EE9E
:10550000877ADFED0F6AC7EE267A7B68C3ED047AEF
:105510007B68D3ED037A9FED0C7AF4EEC77AF1EE57
:1055200010FAACBF01230023DAB27B681A75383752
:10553000BD4680BD0000B4430000804300008047AA
:10554000DB0F494000003443CDCC4C3D80B487B0E4
:1055500000AFF860B9607A6000237B6118E07A6977
:1055600013465B001344DB001A46FB6813441A78A9
:105570007B68DBB29A4208D17A6913465B00134418
:10558000DB001A46FB68134407E07B6901337B614B
:105590007A69BB689A42E2DB002318461C37BD4695
:1055A0005DF8047B7047000080B52DED028B90B054
:1055B00000AF7861396187ED030ABA607B603B69AF
:1055C000002B02DCDFED507A96E04FF00003FB6326
:1055D0000023BB637CE0BB6B07EE903AF8EEE77A02
:1055E0009FED4A7A67EE877A9FED497A27EE877AB0
:1055F000DFED486AC7EE267AC7ED0B7AD7ED0B7A56
:105600009FED457A27EE877ADFED446AC7EE267A6A
:10561000C7ED0A7AFB687B6300233B633BE03B6B8F
:105620007A6813441B781A460C21B868FFF78EFF7E
:1056300038623B6A002B2AD03B6A1B7807EE903A0F
:10564000F8EE677A97ED0A7A67EE277AC7ED077A60
:105650003B6A93ED018A97ED070A11F049FEF0EEDF
:10566000407A28EE278A3B6AD3ED028A97ED070A33
:1056700011F076FEF0EE407A68EEA77A78EE277A9F
:1056800097ED0D7A77EE277AC7ED0D7A00E000BF2F
:105690003B6B01333B633A6B3B6D9A42BFDBBB6BA9
:1056A0009B007A69134493ED007AD7ED0D7A77EE7B
:1056B000677AC7ED097AD7ED097A67EEA77A97ED91
:1056C0000F7A77EE277AC7ED0F7ABB6B0133BB6396
:1056D000BA6B3B699A42FFF67EAF3B6907EE903AA0
:1056E000F8EEE77A97ED0F7AC7EE276AB0EE660A12
:1056F00011F0DCFDF0EE407AB0EE670A4037BD46AF
:10570000BDEC028B80BD00BF000000000000B44370
:105710000000804300008047DB0F49400000344315
:1057200080B52DED028B8EB000AF78613961FA60E3
:10573000BB6087ED010A424B7B63424B3B63002316
:10574000FB626CE0FB6A07EE903AF8EEE77A9FEDB9
:105750003E7A27EE877ADFED3D6AC7EE267AC7EDFF
:10576000087A7B68BB6200237B623BE07B6AFA6855
:1057700013441B781A4639697869FFF7E7FEF86128
:10578000FB69002B2AD0FB691B7807EE903AF8EEF4
:10579000677A97ED087A67EE277AC7ED067AFB6994
:1057A00093ED018A97ED060A11F0A2FDF0EE407A22
:1057B00028EE278AFB69D3ED028A97ED060A11F0DD
:1057C000CFFDF0EE407A68EEA77A78EE277A97ED73
:1057D0000A7A77EE277AC7ED0A7A00E000BF7B6A83
:1057E00001337B627A6ABB689A42BFDB97ED0A7A23
:1057F000D7ED0D7AB4EEE77AF1EE10FA01DDBB6A6F
:105800007B6397ED0A7AD7ED0C7AB4EEE77AF1EE86
:1058100010FA01D5BB6A3B63FB6A0133FB62FB6A8A
:10582000B3F5805F8EDBBB6C7A6B1A60FB6C3A6BF6
:105830001A6000BF3837BD46BDEC028B80BD00BF8B
:10584000286B6ECE286B6E4EDB0FC9400000804582
:10585000B0B594B002AF78613961FA6087ED020AA1
:105860007B60C7ED000A07F1240300221A605A602A
:105870009A60DA601A6100237B642CE07B6CFA6D1D
:1058800013441B781A46B96D7868FFF75FFE03462C
:10589000002B0AD15F4B7B637B691D4607F1240413
:1058A0000FCC0FC523682B60AFE07B6CFA6D1344FF
:1058B0001B785A00FB689A420AD3574B7B637B697B
:1058C0001D4607F124040FCC0FC523682B609CE014
:1058D0007B6C01337B647A6C3B6E9A42CEDB3B6E11
:1058E0000093FB6D7A6897ED020AF9683869FFF753
:1058F0005BFEF0EE407AC7ED097A07F11C030193D5
:1059000007F12003009397ED020A3B6EFA6DB96D23
:105910007868FFF705FF97ED087AD7ED077A77EEFD
:10592000677AC7ED0A7AD7ED007A9FED3C7AF4EEFC
:10593000C77AF1EE10FA57DDD7ED096A97ED007AD4
:10594000C6EE877AC7ED0F7AD7ED0F7A67EEA77AA2
:10595000B7EE007A77EE677AC7ED0E7AD7ED0E7A5A
:10596000F0EEE77A9FED2E7AF4EE477AF1EE10FA38
:1059700011D8D7ED0E7A9FED2B7AF4EEC77AF1EEBF
:1059800010FA08D4D7ED0E7A9FED277AF4EEC77A95
:10599000F1EE10FA0ADD254B7B637B691D4607F1AA
:1059A00024040FCC0FC523682B602EE0BB6B3B6437
:1059B000D7ED107AF5EEC07AF1EE10FA02D54FF07D
:1059C00000033B64D7ED107AB7EE007AF4EEC77AA5
:1059D000F1EE10FA02DD4FF07E533B643B6CFB624C
:1059E000012387F8303005E04FF00003FB6200230D
:1059F00087F83030012387F831307B691D4607F185
:105A000024040FCC0FC523682B6078694837BD4646
:105A1000B0BD00BFC0880108D4880108BD378635F5
:105A2000FFFF7F7F6F1283BAC520803FE88801089F
:105A300080B487B000AF7860396001237B6131E0CA
:105A40007B699B007A6813441B68FB607B69013BA0
:105A50003B610DE03B699B007A681A443B69013366
:105A60009B0079680B4412681A603B69013B3B61FB
:105A70003B69002B0CDB3B699B007A681344D3ED38
:105A8000007A97ED037AB4EEE77AF1EE10FAE1D4FA
:105A90003B6901339B007A681344FA681A607B699A
:105AA00001337B617A693B689A42C9DB00BF00BF62
:105AB0001C37BD465DF8047B70470000B0B594B05C
:105AC00000AFF860B9607A603B6007F11003002214
:105AD0001A605A609A60DA601A615A613B68002B5A
:105AE0000ADCFB681D4607F110040FCC0FC594E8D3
:105AF000030085E80300F2E04FF00003FB6400239D
:105B0000BB6416E0BB6C9B00BA68134493ED007A4B
:105B1000BB6C9B00BA681344D3ED007A67EE277A1A
:105B200097ED137A77EE277AC7ED137ABB6C0133C2
:105B3000BB64BA6C3B689A42E4DB3B6807EE903A80
:105B4000F8EEE77A97ED137AC7EE276AB0EE660AA9
:105B500011F0ACFBF0EE407AC7ED067A3B689B0093
:105B60001A46B968786810F019FF39687868FFF745
:105B70005FFF3B6E7B647A6C3B689A4201DD3B6859
:105B80007B647B6C002B01DC01237B644FF0000302
:105B90003B644FF00003FB630023BB631DE0BB6B62
:105BA0009B007A681344D3ED007A97ED107A77EE74
:105BB000277AC7ED107A3B685A1EBB6BD31A9B003D
:105BC0007A681344D3ED007A97ED0F7A77EE277A4F
:105BD000C7ED0F7ABB6B0133BB63BA6B7B6C9A4228
:105BE000DDDB7B6C07EE903AB8EEE77AD7ED106A12
:105BF000C6EE877AC7ED0B7A7B6C07EE903AB8EE6B
:105C0000E77AD7ED0F6AC6EE877AC7ED0A7A97ED85
:105C10000A7AD7ED0B7A77EE677AC7ED047A3B689C
:105C200003F18043013B9B007A68134493ED007AB3
:105C30007B68D3ED007A77EE677AC7ED057A3B682B
:105C4000013B07EE903AF8EEE77A9FED277A67EE90
:105C5000877AB6EE007A77EE877AFDEEE77A17EE6E
:105C6000903A7B633B68013B07EE903AF8EEE77AA7
:105C70009FED1E7A67EE877AB6EE007A77EE877A26
:105C8000FDEEE77A17EE903A3B637B6B002B01DA6F
:105C900000237B633A6B3B689A4202DB3B68013B23
:105CA0003B637B6B9B007A6813441B68FB613B6B17
:105CB0009B007A6813441B683B6297ED087AD7ED26
:105CC000077A77EE677AC7ED097AFB681D4607F118
:105CD00010040FCC0FC594E8030085E80300F868B2
:105CE0005037BD46B0BD00BFCDCC4C3D3333733FC4
:105CF00080B584B000AFF8600B467A60FB72FB6839
:105D0000002B0ED0FB68FA7A1A7006F033FF0246B9
:105D10007B68D21AFB685A60FEF702FF0246FB68F6
:105D20009A61FB7A18461037BD4680BD80B483B0B7
:105D300000AF0346FB71FB79032B13D801A252F885
:105D400023F000BF555D0008595D00085D5D000847
:105D5000615D0008074B06E0074B04E0074B02E0DB
:105D6000074B00E0074B18460C37BD465DF8047B37
:105D7000704700BF1C880108FC8801080C890108D5
:105D800014890108B888010880B58EB002AF786028
:105D90007B68002B01D10323B3E01C22002178682B
:105DA00010F06AFD06F0E6FE7862FEF7B9FE0246E4
:105DB0007B685A610220FEF7DFFF4FF00003FB61B2
:105DC00007F11C0318469FED510AFEF737FE034604
:105DD000002B06D07A6A03217868FFF789FF034613
:105DE0008FE0FA697B68DA60FA697B681A617B6820
:105DF00001229A600023FB627B6ABB624FF00003C2
:105E0000BB6107F1180318469FED400AFEF716FE26
:105E10000346002B06D07A6A03217868FFF768FFF3
:105E200003466EE0BA697B681A617B689B685A1CFE
:105E30007B689A60D7ED067AF0EEE77A9FED347AC8
:105E4000F4EEC77AF1EE10FA03D5FB6A0133FB6278
:105E500001E00023FB62FB6AB3F5FA7F06DD7A6A94
:105E600000217868FFF744FF03464AE0D7ED067A41
:105E7000B0EEE77AD7ED077AF0EEE77A77EE677A59
:105E80009FED247AF4EEC77AF1EE10FA06DD7A6A15
:105E900001217868FFF72CFF034632E006F06AFE26
:105EA00038623A6ABB6AD31AB3F5FA7F17D33B6AF2
:105EB000BB62D7ED067A07F1080310211846B0EE51
:105EC000670AFFF73BF8FEF72BFE034607F10801D0
:105ED00000934FF4FA73FA6A0F48FEF7C7FF3A6A65
:105EE0007B6AD31A44F61F62934206D97A6A02216A
:105EF0007868FFF7FDFE034603E002200DF09FFCEB
:105F00007CE718463037BD4680BD00BF000000006A
:105F1000CDCCCC3D0000B4422889010880B582B0C8
:105F200000AF0320FEF728FF14237B601AE07B6894
:105F30009BB25B429BB2B7EE000A1846FEF724FD07
:105F40007B6818460DF07BFC7B689BB2B7EE000ABD
:105F50001846FEF719FD7B6818460DF070FC7B684B
:105F6000013B7B607B68002BE1DCB7EE000A002080
:105F7000FEF70AFDC8200DF062FC00BF0837BD46E1
:105F800080BDB0B489B000AF7860396007F1080314
:105F900000221A605A609A60DA601A615A613B689E
:105FA000002B11D03B681B6ABB603B685B6AFB60DF
:105FB0003B689B6A3B613B68DB6A7B613B681B6BB0
:105FC000BB613B685B6BFB617B681D4607F10804A6
:105FD0000FCC0FC594E8030085E8030078682437E8
:105FE000BD46B0BC704780B485B000AFF860B96002
:105FF0007A60FB68002B42D0BB68002B3FD07B68E7
:10600000002B3CD07B681A68FB68196ABB681B6868
:10601000CB1A1A447B681A607B685A68FB68596A15
:10602000BB685B68CB1A1A447B685A607B689A68C5
:10603000FB68996ABB689B68CB1A1A447B689A60B4
:106040007B68DA68FB68D96ABB68DB68CB1A1A44DC
:106050007B68DA607B681A69FB68196BBB681B692F
:10606000CB1A1A447B681A617B685A69FB68596BC2
:10607000BB685B69CB1A1A447B685A6100E000BFB9
:106080001437BD465DF8047B704780B590B000AF13
:10609000F860B9607A603B60BB681B687A689A42B6
:1060A00001DB082301E06FF00703BB630023FB6300
:1060B0003EE0BB681A68BB6B1A44BB681A60BB6BD6
:1060C000002B04DDBB681B687A689A4207DBBB6B58
:1060D000002B07DABB681B687A689A4202DDBB684E
:1060E0007A681A60BB681B689BB2B7EE000A184654
:1060F000FEF74AFC01200DF0A2FB07F1100303227A
:1061000040F21D71F868FBF79AFE034687F83730B6
:10611000FB6B0133FB6397F83730002B08D03B68EB
:10612000002B02D03B68FA6B1A6097F837300BE00F
:10613000BB681B687A689A42BBD13B68002B02D0CF
:106140003B68FA6B1A60002318464037BD4680BD95
:1061500090B482B000AFC7E90001D7E9000100297F
:1061600006DAD7E900010024424264EB010301E0B2
:10617000D7E90023104619460837BD4690BC704742
:1061800080B483B000AF0346FB71FB79032B13D8B7
:1061900001A252F823F000BFA9610008AD61000818
:1061A000B1610008B5610008074B06E0074B04E049
:1061B000074B02E0074B00E0074B18460C37BD4683
:1061C0005DF8047B704700BF1C8801080C8901083A
:1061D0006889010814890108B88801082DE9B04FC1
:1061E00096B000AFF860C7E90023FB68002B02D02F
:1061F000FB6F002B01D1032310E148220021F86F2F
:1062000010F03AFBFB6F03221A70FB6F00225A70EA
:1062100007F11003032240F21D71F868FBF70FFE2F
:10622000034687F8473097F84730002B05D0FB6FBF
:1062300097F847205A700323F0E0FB6F03F108043E
:1062400007F110050FCD0FC495E80F0084E80F008B
:10625000FB6F01229A62D7E90623C7E914230023C2
:10626000FB640023BB6406F085FC386401200DF05C
:10627000E6FA07F11003032240F21D71F868FBF7FC
:10628000DEFD034687F8473097F84730002B08D0EB
:10629000FB6F97F847205A70FB6F03221A70032395
:1062A000BCE0FB6F03F1080407F110050FCD0FC42C
:1062B00095E80F0084E80F00FB6F9B6A5A1CFB6F88
:1062C0009A62D7E90601D7E91423B0EB020A61EB21
:1062D000030B50465946FFF73BFFC7E90E01D7E9CC
:1062E0000623C7E91423D7E90601D7E90023B0EB59
:1062F000020861EB0309FB6FC3E90E89D7E90E239E
:106300000A2A73F1000334BF0123002387F83730D2
:1063100097F8783083F00103DBB2002B0ED1FB6FCE
:10632000D3E90E2310461946FFF712FF02460B462B
:1063300040F28F318A4273F1000301D2012300E061
:10634000002387F8363097F8363003F0010387F8DA
:10635000363097F83730002B03D0FB6C0133FB64E9
:1063600001E00023FB6497F83730002B07D097F843
:106370003630002B03D0BB6C0133BB6401E000233B
:10638000BB64FB6FDB6AFA6C9A4202D9FB6FFA6C52
:10639000DA62FB6F1B6BBA6C9A4202D9FB6FBA6C64
:1063A0001A63FB6FDB6A072B8CBF01230023DAB271
:1063B000FB6F83F84020FB6F97F8362083F841206D
:1063C000BB6C072B08D9FB6F012283F84220FB6FBF
:1063D00000221A70002321E006F0CCFB02463B6C41
:1063E000D31A632B7FF642AFFB6F002283F8422063
:1063F000FB6F93F84030002B0CD0FB6F93F84130CB
:1064000083F00103DBB2002B04D0FB6F02221A7071
:10641000022303E0FB6F01221A700123184658374C
:10642000BD46BDE8B08F000080B483B000AF87EDFB
:10643000010A07E0D7ED017A9FED157A77EEC77A6A
:10644000C7ED017AD7ED017A9FED127AF4EEC77AA3
:10645000F1EE10FAEEDC07E0D7ED017A9FED0C7A51
:1064600077EE877AC7ED017AD7ED017A9FED0A7A48
:10647000F4EEC77AF1EE10FAEED47B6807EE903AAC
:10648000B0EE670A0C37BD465DF8047B704700BF6D
:106490000000B44300003443000034C390B589B019
:1064A00000AFF860B9607A603B60FB68002B00F0D9
:1064B000BB807B68002B00F0B780BB68002BC0F26C
:1064C000B380BB68B3F5967F80F2AE800023FB7784
:1064D0007B6893F84030002B0AD0FB7F43F0010328
:1064E000FB77FB68D3F8D8325A1CFB68C3F8D82274
:1064F0007B6893F84130002B0AD0FB7F43F0020306
:10650000FB77FB68D3F8DC325A1CFB68C3F8DC224B
:106510007B6893F84230002B0AD0FB7F43F00403E2
:10652000FB77FB68D3F8E0325A1CFB68C3F8E02223
:106530007B681B78012B07D1FB68D3F8E4325A1C27
:10654000FB68C3F8E4220AE07B681B78022B06D1C3
:10655000FB68D3F8E8325A1CFB68C3F8E8227B6872
:10656000D3E90E2310461946FFF7F2FDC7E90401EF
:10657000FB68D3E9BC2310461946D7E904239042AF
:1065800071EB030304D2D7E90423F968C1E9BC2302
:10659000FB68D3F8D4325A1CFB68C3F8D422FB68DA
:1065A000D3F86433002B40D0FB68D3F864037B68D6
:1065B000D3E90E23B96801F59671C9000144C1E918
:1065C00000237B689A6AFB68D3F864431046FEF7A1
:1065D00054FE03461A46BB6803F5616324F8132092
:1065E000FB68D3F864237B681978BB68134403F510
:1065F00016530A461A70FB68D3F86423BB68134429
:1066000003F51A532C33FA7F1A70FB68D3F86443EE
:106610003868FEF721FE03461A46BB68234403F59B
:106620001F5318331A7000E000BF2437BD4690BDD9
:1066300090B585B000AFF860B9607A60FB70FB6818
:10664000002B00F017817B68002B00F01381FB68A2
:10665000D3F86433002B00F00D81FB68012283F82E
:10666000F922FB68D3F800335A1CFB68C3F80023F7
:10667000FB68D3F80C237B681B6D1A44FB68C3F8D6
:106680000C23FB68D3F810237B68DB6C1A44FB688F
:10669000C3F81023FB68D3F814237B685B6D1A449E
:1066A000FB68C3F81423FB68D3F818237B689B6D41
:1066B0001A44FB68C3F81823FB68D3F81C237B68D3
:1066C000DB6D1A44FB68C3F81C23FB68D3F8242352
:1066D0007B685B6E1A44FB68C3F82423FB68D3F81D
:1066E00028237B689B6E1A44FB68C3F828237B68C9
:1066F000DA6EFB68D3F82C339A4204D97B68DA6EE1
:10670000FB68C3F82C237B681A6EFB68D3F8303320
:106710009A4204D97B681A6EFB68C3F83023BB68C1
:10672000002B71DBBB68B3F5967F6DDAFB68D3F89D
:1067300064337A68116FBA6802F5966243F82210E2
:10674000FB68D3F864337A68916FBA6802F2DC525E
:1067500043F822107B681A6DFB68D3F86443104637
:10676000FEF77AFD03461A46BB68234403F5F3534C
:1067700018331A707B68DA6CFB68D3F864431046F0
:10678000FEF76AFD03461A46BB68234403F5FD5332
:1067900004331A707B685A6DFB68D3F86443104663
:1067A000FEF75AFD03461A46BB68234403F503531C
:1067B00010331A707B689A6DFB68D3F864431046F7
:1067C000FEF74AFD03461A46BB68234403F5075308
:1067D0003C331A707B68DA6DFB68D3F8644310466B
:1067E000FEF73AFD03461A46BB68234403F50C53F3
:1067F00028331A70FB68D3F86423BB68134403F58D
:1068000011531433FA781A70FB78002B26D17B6869
:106810001B78002B22D0BB68002B1FDBBB68B3F5B5
:10682000967F1BDAFB68D3F864037B68D3E90C23FB
:10683000B968C9000144C1E90023BB68002B05D138
:106840007B68D3E90C23F968C1E9CE23FB68D3F850
:1068500004335A1CFB68C3F804230CE0FB68D3F82C
:1068600020335A1CFB68C3F82023FB68FA7883F8AE
:10687000FC2200E000BF1437BD4690BD80B483B059
:1068800000AF78607B68032B04D8064A7B6852F817
:10689000233000E0044B18460C37BD465DF8047BFE
:1068A000704700BFD0B20108B888010880B584B035
:1068B00000AF7860396006F05DF902467B68D31A54
:1068C000FB60FA683B689A4206D23A68FB68D31AC2
:1068D00018460CF0B4FFEEE700BF1037BD4680BD90
:1068E0002DE9F0438BB004AFF860B9607A60FB70BB
:1068F000FB68002B05D07B68002B02D0BB68032B04
:1069000001D9012384E0BB68B82202FB03F303F53D
:106910005E73FA6813447B61B822002178690FF036
:10692000ABFF7B6901221A707B69FA789A707B69E8
:10693000BA6B5A607B69FA6B9A607B693A6CDA6071
:106940007B697A6C1A617B697A68303311468822D8
:10695000184610F023F8FB68D3F870335A1CFB6814
:10696000C3F87023FB78002B06D17B681B7883F07B
:106970000103DBB2002B08D0FB78002B02D17B692E
:1069800001229A707B699B7842E07B68D3E90C0115
:10699000FB68D3E9CE237E69183603964FF48076E0
:1069A00002964FF480760196BE6C0096FBF7DEFCF3
:1069B000034683F00103DBB2002B05D07B6909227B
:1069C0009A707B699B7823E07B68D3E908017B6838
:1069D000D3E90623B0EB020861EB03097B69C3E945
:1069E00008897B68D3E910017B68D3E90E23841AF8
:1069F00061EB03057B69C3E90A457B6901225A7093
:106A0000FB68D3F874335A1CFB68C3F87423002363
:106A100018461C37BD46BDE8F083000080B5B2B013
:106A200006AFF860B960C7E9002397F8C430002BBF
:106A300001D1012301E04FF0FF33C7F8A830FB6814
:106A4000012283F86923FB68002283F86B2306F098
:106A500091F8C7F8A400D7F8A8300493D7F8C0304D
:106A60000393002302930023019300230093002348
:106A7000D7F8BC200021F868FFF732FF034687F8FB
:106A8000A33097F8A330002B07D0FB6897F8A3201A
:106A900083F86C2397F8A33069E00123C7F8AC3082
:106AA00058E0354AD7F8AC3052F823301946D7F8B9
:106AB000A400FFF7FBFE06F05DF80246D7F8A4300D
:106AC000D31AC7F89C3007F110030193D7F8B830F8
:106AD0000093D7E90023B868FBF77CFF034687F8EB
:106AE000A33006F047F80246D7F8A430D31AC7F807
:106AF0009830214AD7F8AC3052F8233097F8A300E9
:106B000007F11001D7F8A8200492D7F8C02003920B
:106B1000D7F898200292D7F89C2001920093034660
:106B20000A46D7F8AC10F868FFF7DAFE034687F894
:106B3000A33097F8A330002B07D0FB6897F8A32069
:106B400083F86C2397F8A33011E0D7F8AC30013309
:106B5000C7F8AC30D7F8AC30032BA2D9FB680122C0
:106B600083F86A23FB68002283F86C23002318460D
:106B7000B037BD4680BD00BFE0B20108B0B598B0E7
:106B800004AF78600B46FB7005F0F4FF78637B6818
:106B9000002283F8FA227B68002283F8FB227B68BC
:106BA00093F8F83283F00103DBB2002B24D17B6829
:106BB00093F8F93283F00103DBB2002B1CD17B6820
:106BC000D3F86433002B17D07B6893F8FC32002B8A
:106BD00012D17B68D3F804237B68D3F898309A42AB
:106BE0000AD17B68D3F89C30002B05DD7B68D3F895
:106BF0000433B3F5807F08DC05F0BCFF02467B6BF5
:106C0000D21A7B68C3F834232EE17B68D3F864334F
:106C1000D3E900237968C1E9CE23FB78002B01D1A9
:106C2000012301E04FF0FF333B634FF00003FB64AF
:106C30008F4BBB648F4B7B6400233B6471E04FF050
:106C400000024FF00003C7E902237B68D3F86423F6
:106C50003B6CDB001344D3E900017B68D3E9CE230E
:106C60003C6C07F1080503954FF48075029501947B
:106C70003C6B0094FBF77AFB034683F00103DBB225
:106C8000002B0CD07B68092283F8FC2205F072FFF0
:106C900002467B6BD21A7B68C3F83423E4E0D7E961
:106CA000022310461946FEF7ADFA87ED0A0A7B6803
:106CB000D3F89C303A6C9A4223DA6F4A3B6C9B00C3
:106CC0001344BA6A1A6097ED137AD7ED0A7A77EE11
:106CD000277AC7ED137A97ED0A7AD7ED127AB4EED8
:106CE000E77AF1EE10FA01D5BB6ABB6497ED0A7A38
:106CF000D7ED117AB4EEE77AF1EE10FA01DDBB6A56
:106D00007B643B6CB3F5807F08D1D7E902237968B7
:106D1000C1E9D0237B68BA6AC3F858233B6C0133BE
:106D20003B647B68D3F804333A6C9A4287DB7B6818
:106D3000D3F89C207B68C3F808237B68D3F808331A
:106D400007EE903AB8EEE77AD7ED136AC6EE877A87
:106D50007B68C3EDD27A4FF00003FB630023BB6373
:106D600019E0454ABB6B9B00134493ED007A7B68A6
:106D7000D3EDD27A77EE677AC7ED0B7AD7ED0B7A3F
:106D800067EEA77A97ED0F7A77EE277AC7ED0F7A3D
:106D9000BB6B0133BB637B68D3F80833BA6B9A4291
:106DA000DFDB7B68D3F8083307EE903AF8EEE77A3A
:106DB00097ED0F7AC7EE276AB0EE660A10F076FA02
:106DC000F0EE407A7B68C3EDD37A7B68D3F8081382
:106DD0007B68D3EDD27A07F110032422B0EE670A64
:106DE0002548FEF7B7FAFA697B68C3F8502397ED98
:106DF000117AD7ED127A77EE677A7B68C3EDD57A90
:106E00007B6893ED2D7A7B68D3EDD37A77EE677A42
:106E10007B68C3EDD77A7B6893ED617A7B68D3EDAD
:106E2000D47A77EE677A7B68C3EDD87A7B68D3ED46
:106E3000D67AF0EEE77A9FED117AF4EEC77AF1EEAA
:106E400010FA94BF01230023DAB27B6883F8FB2297
:106E50007B68012283F8FA2205F08CFE02467B6BE8
:106E6000D21A7B68C3F834235037BD46B0BD00BF8B
:106E7000286B6E4E286B6ECE40220020CDCC4C3E4F
:106E800080B582B000AF7860396005F073FE0246CD
:106E90007B68D31A3A689A4294BF01230023DBB27D
:106EA00018460837BD4680BD80B483B000AF786017
:106EB0007B68002B37D07B68D3ED007AF5EE407A03
:106EC000F1EE10FA2FD17B68D3ED017AF5EE407A1E
:106ED000F1EE10FA27D17B68D3ED027AF5EE407A15
:106EE000F1EE10FA1FD17B681B7B83F00103DBB24C
:106EF000002B18D07B681B69002B14D17B689B8A00
:106F0000002B10D17B68D3ED067AF5EE407AF1EED6
:106F100010FA08D17B681B7F83F00103DBB2002BE2
:106F200001D0012300E0002303F00103DBB2184687
:106F30000C37BD465DF8047B7047B0B584B000AF38
:106F4000F860B9607A603B60FB68002B34D0BB68A6
:106F5000002B31D07B68002B2ED03B68002B2BD030
:106F6000FB6801225A737868FFF79EFF03461A46B2
:106F7000FB689A73FB68BA6803F1100415460FCDDD
:106F80000FC495E80F0084E80F00FB687A6803F1EE
:106F9000300415460FCD0FC495E80F0084E80F00AC
:106FA000FB683A6803F1500415460FCD0FC495E80D
:106FB000070084E8070000E000BF1037BD46B0BD01
:106FC0002DE9B04FADF53C7D04AF07F53874A4F55D
:106FD0002F742060084607F53871A1F531710A60F9
:106FE00007F53872A2F53272136007F53873A3F211
:106FF000BD2302461A7007F53873A3F532731B6878
:107000008F4A9B1ADB108F4A02FB03F3C7F87C32CE
:10701000D7F87C32002B08D1D7F87C3242F6081220
:1070200002FB03F3884A134400E00023C7F87832D8
:1070300007F53873A3F5327341F63842002118681A
:107040000FF01AFCD7F87832002B06D042F608125F
:107050000021D7F878020FF00FFC07F53873A3F57D
:1070600032731B68D7F87822C3F86423D7F87832D4
:10707000002B14BF01230023DAB207F53873A3F500
:1070800032731B6883F8F82207F53873A3F532735F
:107090001B68002283F8FC22D7F87832002B14BF3B
:1070A00001230023DAB207F53873A3F532731B68A6
:1070B00083F8682307F53873A3F532731B68002241
:1070C00083F86C2307F53873A3F532731B6801222C
:1070D00083F86B2307F53873A3F532731B6807F544
:1070E0003872A2F52F7212681A6007F53873A3F58B
:1070F00032731B6807F53872A2F2BD2212781A7338
:1071000007F53873A3F532731B6807F53872A2F5DB
:10711000317212685A604D4B1B6801334B4A136041
:107120004A4B1A6807F53873A3F532731B689A60E7
:10713000FDF7EEFC03461A4607F53873A3F53273E4
:107140001B68A3F82022FDF7DBFC03461A4607F56F
:107150003873A3F532731B68A3F8222207F538733E
:10716000A3F532731B68B3F822321A465200134457
:107170005B009AB207F53873A3F532731B68A3F866
:10718000242207F5E0731846FAF744FE07F5D0739A
:1071900007F5E070032240F21D71FAF750FE034636
:1071A00087F8DF3297F8DF32002B51D007F53873BC
:1071B000A3F532731B6897F8DF2283F8702207F576
:1071C0003873A3F590731A6A07F53873A3F5327311
:1071D0001B68C3F8742207F53873A3F590739A6A95
:1071E00007F53873A3F532731B68C3F8782207F5E7
:1071F0003873A3F59073DA6A07F53873A3F5327321
:107200001B68C3F87C2207F53873A3F590731A6BDB
:1072100007F53873A3F532731B68C3F8802207F5AE
:107220003873A3F590735A6B07F53873A3F532736F
:107230001B68C3F8842297F8DF3201F059BB00BF06
:10724000080600203752B2DD00000010F4260020AE
:1072500007F53873A3F5D0743B4607F5E072114685
:107260001846FEF78EFE07F53873A3F538731D46F2
:107270000FCD0FC495E8030084E803000520FDF757
:107280007BFD07F53873A3F5A073D3E9022307F557
:10729000E07007F5AC71019100210091FEF79EFFAF
:1072A000034687F8773207F53873A3F532731B6806
:1072B00003F52E7207F5A07107F5E0731846FEF787
:1072C00092FE97F87732032B40F09C8007F53873D5
:1072D000A3F5C4735A7807F53873A3F532731B68A6
:1072E00083F8702207F53873A3F532731C683B46A8
:1072F00007F5E07211461846FEF743FE07F53873AE
:10730000A3F5387304F522741D460FCD0FC495E81C
:10731000030084E8030007F53873A3F532731B6894
:10732000D3F8882207F53873A3F532731B68D3F8B6
:10733000B832D21A07F53873A3F532731B68C3F855
:10734000742207F53873A3F532731B68D3F89022C3
:1073500007F53873A3F532731B68D3F8C032D21A1D
:1073600007F53873A3F532731B68C3F8782207F565
:107370003873A3F532731B68D3F8942207F538737A
:10738000A3F532731B68D3F8C432D21A07F53873E9
:10739000A3F532731B68C3F87C2207F53873A3F595
:1073A00032731B68D3F8982207F53873A3F532734C
:1073B0001B68D3F8C832D21A07F53873A3F53273B5
:1073C0001B68C3F8802207F53873A3F532731B6876
:1073D000D3F89C2207F53873A3F532731B68D3F8F2
:1073E000CC32D21A07F53873A3F532731B68C3F891
:1073F000842207F53873A3F532731B6893F8703253
:1074000001F076BA07F53873A3F5C4714FF00002A6
:107410004FF00003C1E90E2307F53873A3F5C473D9
:10742000012283F8412097F87732002B09D107F524
:107430003873A3F5C47393F84030002B01D00123B7
:1074400000E0002303F00103DAB207F53873A3F577
:10745000C47383F8422007F53873A3F5A07207F5CB
:107460003873A3F5C473154603F108040FCC0FC598
:1074700094E80F0085E80F0007F53873A3F5A073B3
:10748000D3E90223C7E99A2307F53873A3F5A0735C
:107490001A8807F53873A3F532731B68A3F8A22086
:1074A00007F53873A3F532731B68B3F8A23018469A
:1074B000FDF70EFB03461A4607F53873A3F5327342
:1074C0001B68A3F8A420D7E99A01FAF779FDF0EE3A
:1074D000407A07F53873A3F532731B68C3ED2A7A37
:1074E000D7F8682207F53873A3F532731B68C3F821
:1074F000AC2007F53873A3F532731B68D3F8A830B6
:10750000C7F8643207F53873A3F5E07207F53873EE
:10751000A3F5907314461D460FCD0FC495E80F00D8
:1075200084E80F0007F53873A3F532731B6893F8EE
:10753000F83287F8DE3207F53873A3F5EE730022D0
:107540001A7007F53873A3F5EE7300225A6007F539
:107550003873A3F5EE7340229A6007F53873A3F5EC
:10756000EE736022DA6007F53873A3F5EE7302223A
:107570001A6144F62060FAF735FC024607F53873C5
:10758000A3F5EE735A6107F53873A3F5EE7340F275
:107590001D729A6107F53873A3F5F07300221A6023
:1075A0004FF00003C7F860320023C7F8D832002339
:1075B000C7F8D432674BC7F8D032674BC7F8CC3224
:1075C0004FF00003C7F8C8324FF00003C7F8C432C9
:1075D0000023A7F8C2320023A7F8C032A5E207F5BE
:1075E000AC7207F53873A3F53270D7F8D432D7F8F8
:1075F000D8120068FEF752FF07F53873A3F5C4737D
:10760000D3E90423C7E9962397F8DE32002B41D053
:10761000D7F8D832002B3DDD4FF000024FF00003C9
:10762000C7E92C2307F53873A3F5C473198907F547
:107630003873A3F5C4739A6907F5907007F1B00326
:10764000009340F21D73F9F7D1FF034687F85732D4
:1076500097F85732002B1DD007F12803882200210C
:1076600018460FF009F907F53873A3F52E7397F84C
:107670005722DA7097F8573207F1280207F5387168
:10768000A1F53270D7F8D8120068FEF7D1FF0023B9
:1076900087F8DE320620FDF76FFB4FF00003C7F8D6
:1076A000BC320023C7F8B83227E007F5D07307F5DE
:1076B000E070032240F21D71FAF7C1FB034687F820
:1076C000DF3297F8DF32002B40F0368207F538734F
:1076D000A3F5A073D3E9022310461946FAF770FC0C
:1076E000B0EE407AD7EDAF7A77EE877AC7EDAF7A12
:1076F000D7F8B8320133C7F8B832D7F8B8323F2BD1
:10770000D3DD97EDAF7ADFED156AC7EE267AC7EDC8
:10771000947A07F53873A3F5F0731B6807EE903A77
:10772000F8EEE77AF0EEE77A9FED0D7A27EE877AAA
:10773000DFED0C6AC7EE267AC7ED987A07F5387345
:10774000A3F2BD231B78002B10D0D7ED987AF1EE71
:10775000677A0DE0286B6ECE286B6E4E000080427B
:107760000000B443000080470000B943D7ED987A89
:10777000C7ED937A97ED947AD7ED997A77EE677A99
:1077800097ED937A77EE677AC7ED927A07F5D07323
:1077900007F5E070032240F21D71FAF750FB034633
:1077A00087F8DF3297F8DF32002B40F0C78107F50A
:1077B0003873A3F5A0731B88A7F84632B7F8463292
:1077C0001846F9F767FD87ED900A97ED927AD7EDA5
:1077D000B47AB4EEE77AF1EE10FA0BDDD7F848325E
:1077E000C7F8D032D7F84032C7F8C832B7F84632B7
:1077F000A7F8C23297ED927AD7EDB37AB4EEE77A72
:10780000F1EE10FA0BD5D7F84832C7F8CC32D7F8DA
:107810004032C7F8C432B7F84632A7F8C032D7F8BA
:10782000D832B3F5967F6DDA07F53873A3F5327366
:107830001A68D7F8D83203F5E4739B001344D7F8DD
:1078400048221A6007F53873A3F532731B68D7F81E
:10785000D82202F5BD62B7F8461223F8121007F5D8
:107860003873A3F5F073196807F53873A3F532730D
:107870001B68D7F8D82202F28A3243F8221007F5A3
:107880003873A3F5A073196907F53873A3F532733C
:107890001B68D7F8D82202F2B64243F8221007F547
:1078A0003873A3F5A073998A07F53873A3F532737B
:1078B0001B68D7F8D82202F6C43223F8121007F555
:1078C0003873A3F5A073597E07F53873A3F53273A7
:1078D0001A68D7F8D832134403F5CF530A461A7002
:1078E00007F53873A3F5A073997E07F53873A3F5F0
:1078F00032731A68D7F8D832134403F5D8530C33CF
:107900000A461A7097F8DE32002B61D007F59071A5
:1079100007F12803019307F582730093D7E99623B3
:107920000846FBF757F8034687F83F3297F83F328F
:1079300007F1280207F53871A1F53270D7F8D8128F
:107940000068FEF775FE97F83F32002B39D107F536
:107950003873A3F532731B6893F86833002B30D06B
:10796000D7F8D832B3F5807F2BD107F53873A3F55C
:10797000F0731B6807F5907107F53872A2F5327045
:1079800007F53872A2F2BD2212780392029307F132
:107990002803019307F582730093D7E996230068C3
:1079A000FFF73CF8034687F83E3297F83E32002B4B
:1079B00007D097F83E3287F8DF32002387F8DE32AF
:1079C000C1E097F83F32002B02D0002387F8DE3267
:1079D000D7F8D8320133C7F8D832D7ED987A1FEDEF
:1079E0009E7AF4EEC77AF1EE10FA80F2A98007F5DC
:1079F0003873A3F2BD231B78002B02D14FF48072A1
:107A000001E06FF0FF0207F53873A3F5F0731B6810
:107A10001344C7F838320420FDF7AEF907F5387380
:107A2000A3F50A7307F5E07211461846FEF7A9FAA6
:107A300007F5807107F5E0700023D7F83822FEF7CC
:107A400024FB034687F8DF3207F53873A3F532735A
:107A50001B6803F5287207F1B80107F5E0731846B3
:107A6000FEF7C1FA97F8DF32002B6BD107F53873B8
:107A7000A3F590735A6A07F53873A3F50A735B6828
:107A8000D31AC7F8D4320520FDF776F907F5387315
:107A9000A3F5D0743B4607F5E07211461846FEF791
:107AA00070FA07F53873A3F538731D460FCD0FC470
:107AB00095E8030084E8030007F53873A3F5F07335
:107AC0001B68DA1798469146D7E99A2312EB080A01
:107AD00043EB090BC7E98CAB07F5E07107F5AC7315
:107AE000019301230093D7E98C230846FEF776FB28
:107AF000034687F8773207F53873A3F532731B68AE
:107B000003F52E7207F5A07107F5E0731846FEF72E
:107B10006AFA97F87732032B07D107F53873A3F584
:107B2000C4735B7887F8DF320DE0D7F8D832B3F54D
:107B3000967FFFF654AD06E000BF04E000BF02E010
:107B400000BF00E000BFD7F8D832B3F5967FA8BFDA
:107B50004FF49673C7F82C3207F53873A3F53273D8
:107B60001B68D7F82C22C3F8982007F53873A3F5C3
:107B700032731B68D3F8D42207F53873A3F5327338
:107B80001B68D3F8E032D21A07F53873A3F53273C5
:107B90001B68C3F8F82607F53873A3F532731B6822
:107BA00003F2FC63D7F8C8221A6007F53873A3F50F
:107BB00032731B6803F5E063D7F8C4221A6007F537
:107BC0003873A3F532731B68B7F8C222A3F80427F1
:107BD00007F53873A3F532731B68B7F8C022A3F812
:107BE000062707F53873A3F532731B6897F8DF2271
:107BF00083F8702207F53873A3F532731C683B468F
:107C000007F5E07211461846FEF7BBF907F5387321
:107C1000A3F5387304F522741D460FCD0FC495E803
:107C2000030084E8030007F53873A3F532731B687B
:107C3000D3F8882207F53873A3F532731B68D3F89D
:107C4000A032D21A07F53873A3F532731B68D3F844
:107C5000B832D21A07F53873A3F532731B68D3F81C
:107C60009836D21A07F53873A3F532731B68D3F828
:107C7000B036D21A07F53873A3F532731B68D3F800
:107C8000C836D21A07F53873A3F532731B68C3F8E8
:107C9000742207F53873A3F532731B68D3F890226A
:107CA00007F53873A3F532731B68D3F8A832D21ADC
:107CB00007F53873A3F532731B68D3F8C032D21AB4
:107CC00007F53873A3F532731B68D3F8A036D21AC0
:107CD00007F53873A3F532731B68D3F8B836D21A98
:107CE00007F53873A3F532731B68D3F8D036D21A70
:107CF00007F53873A3F532731B68C3F8782207F5CC
:107D00003873A3F532731B68D3F8942207F53873E0
:107D1000A3F532731B68D3F8AC32D21A07F5387367
:107D2000A3F532731B68D3F8C432D21A07F538733F
:107D3000A3F532731B68D3F8A436D21A07F538734B
:107D4000A3F532731B68D3F8BC36D21A07F5387323
:107D5000A3F532731B68D3F8D436D21A07F53873FB
:107D6000A3F532731B68C3F87C2207F53873A3F5BB
:107D700032731B68D3F8982207F53873A3F5327372
:107D80001B68D3F8B032D21A07F53873A3F53273F3
:107D90001B68D3F8C832D21A07F53873A3F53273CB
:107DA0001B68D3F8A836D21A07F53873A3F53273D7
:107DB0001B68D3F8C036D21A07F53873A3F53273AF
:107DC0001B68D3F8D836D21A07F53873A3F5327387
:107DD0001B68C3F8802207F53873A3F532731B685C
:107DE000D3F89C2207F53873A3F532731B68D3F8D8
:107DF000B432D21A07F53873A3F532731B68D3F87F
:107E0000CC32D21A07F53873A3F532731B68D3F856
:107E1000AC36D21A07F53873A3F532731B68D3F862
:107E2000C436D21A07F53873A3F532731B68D3F83A
:107E3000DC36D21A07F53873A3F532731B68C3F822
:107E4000842297F8DF32002B0BD007F53873A3F5A7
:107E500032731B68002283F8A02097F8DF3200F00D
:107E600047BD0720FCF788FF04F084FEC7F828020E
:107E70004FF48073C7F82432012387F8233200239C
:107E8000C7F8B4320023C7F8B03226E0D7F8B032D2
:107E900007EE903AF8EEE77A9FEDCD7A67EE877AB3
:107EA0009FEDCC7A27EE877ADFEDCB6AC7EE267A94
:107EB000C7ED877AD7ED877A9FEDC57AF4EEC77A5A
:107EC000F1EE10FA10DAD7F8B4320133C7F8B43251
:107ED000D7F8B0320133C7F8B032D7F8B022D7F8AC
:107EE0002C329A42D2DB00E000BF07F53873A3F5CD
:107EF00032731B68D7F8B422C3F89C2097F823325A
:107F0000002B23D0D7F82432D7F8B4229A421DD1BF
:107F1000D7F82432D7F82C229A4217DB07F53873AA
:107F2000A3F532731B68D3F8D432D7F82C229A42C7
:107F30000CD107F53873A3F532731B68D3F8E03220
:107F4000D7F82C229A4201D1012300E0002387F8C0
:107F50001B3297F81B3203F0010387F81B324FF0F6
:107F60000003C7F8AC320023C7F8A83217E007F5C2
:107F70003873A3F532731A68D7F8A83203F5E4739F
:107F80009B001344D3ED007A97EDAB7A77EE277A16
:107F9000C7EDAB7AD7F8A8320133C7F8A832D7F8C3
:107FA000A822D7F8B4329A42E1DBD7F8B432002BDA
:107FB0000ADDD7F8B43207EE903AB8EEE77AD7ED9B
:107FC000AB6AC6EE877A01E0DFED867AC7ED857A87
:107FD00007F53873A3F532731B68D7F81422C3F87A
:107FE000B0204FF00003C7F8A4324FF00003C7F8E9
:107FF000A0320023C7F89C3234E007F53873A3F5AC
:1080000032731A68D7F89C3203F5E4739B0013446B
:1080100093ED007AD7ED857A77EE677AC7ED7F7AB0
:10802000D7ED7F7A67EEA77A97EDA97A77EE277A70
:10803000C7EDA97AD7ED7F7AF0EEE77AC7ED7E7AC1
:1080400097ED7E7AD7EDA87AB4EEE77AF1EE10FAE2
:1080500003DDD7F8F831C7F8A032D7F89C320133E6
:10806000C7F89C32D7F89C22D7F8B4329A42C4DBC6
:10807000D7F8B432002B10DDD7F8B43207EE903ABF
:10808000F8EEE77A97EDA97AC7EE276AB0EE660AAE
:108090000FF00CF9F0EE407A01E0DFED527A07F5CF
:1080A0003873A3F532731B68C3ED2D7A07F5387367
:1080B000A3F532731B68D3ED2D7A9FED497AF4EE68
:1080C000C77AF1EE10FA0BDD07F53873A3F53273BA
:1080D0001B6893ED2D7AD7EDA86AC6EE877A01E08A
:1080E000DFED407A07F53873A3F532731B68C3EDF3
:1080F000967A0023C7F8983225E007F53873A3F580
:1081000032731B6803F5E460344AD7F8983213449D
:108110001B781C4607F53873A3F53271D7F89822FF
:1081200013465B001344DB00B8330A68134422464D
:1081300097ED850AD7F8B412FDF70CF9D7F8983205
:108140000133C7F89832D7F898320B2BD5DD07F5F5
:108150003873A3F532731B6803F5E46007F53873D1
:10816000A3F532731B6803F5EC73042297ED850ABF
:10817000D7F8B412FDF7EEF807F53873A3F53273AC
:108180001B6803F5E46007F53873A3F532731B68C9
:1081900003F5F873082297ED850AD7F8B412FDF7B6
:1081A000D9F807F53873A3F532731B68B3F8243296
:1081B000002B19D007F53873A3F532731B68B3F899
:1081C00024325A00D7F8B4329A420DD201230CE07F
:1081D0000000B4430000804300008047BCB20108A7
:1081E000BD37863500000000002303F00103DAB23A
:1081F00007F53873A3F532731B6883F8262207F559
:108200003873A3F532731B6893F82632002B1BD00A
:1082100007F53873A3F532731B6803F5E46007F5BF
:108220003873A3F532731B68B3F824321A4607F586
:108230003873A3F532731B6803F5027397ED850A53
:10824000D7F8B412FDF786F807F53873A3F5327343
:108250001B6893F8B82007F53873A3F532731B68D1
:1082600083F8272207F53873A3F532731B68D3F818
:10827000C42007F53873A3F532731B68C3F82822AE
:108280000123C7F8943249E007F53873A3F5327338
:108290001968D7F8942213465B001344DB000B44A3
:1082A000C43393ED007A07F53873A3F532731B6876
:1082B000D3ED8A7AB4EEE77AF1EE10FA29DD07F50C
:1082C0003873A3F532731968D7F8942213465B000C
:1082D0001344DB000B44C4331A6807F53873A3F565
:1082E00032731B68C3F8282207F53873A3F532737D
:1082F0001968D7F8942213465B001344DB000B4443
:10830000B8331A7807F53873A3F532731B6883F80E
:108310002722D7F894320133C7F89432D7F8943231
:108320000B2BB1DD07F53873A3F532731B68D3ED62
:108330002D7A1FED557AF4EEC77AF1EE10FA26DDAC
:1083400007F53873A3F532731B68D3ED8A7AB6EE5E
:10835000007A27EE877A07F53873A3F532731B6826
:10836000D3ED8A7A67EE276A07F53873A3F532737F
:108370001B6893ED2D7A07F53873A3F532731B68EC
:10838000D3ED2D7A27EE277AC6EE877A01E05FEDEE
:108390006B7A07F53873A3F532731B68C3ED8B7ADC
:1083A00007F53873A3F5F27306221A7007F53873D0
:1083B000A3F532731B6803F5E46007F53873A3F582
:1083C00032731B6803F1B80207F1FC03012100912D
:1083D00097ED850AD7F8B412FDF7E6F8F0EE407A8B
:1083E00007F53873A3F532731B68C3ED8C7A07F574
:1083F0003873A3F5F47324221A7007F53873A3F5C4
:1084000032731B6803F5E46007F53873A3F5327324
:108410001B6803F1B80207F1F8030121009197ED01
:10842000850AD7F8B412FDF7BFF8F0EE407A07F5E9
:108430003873A3F532731B68C3ED8D7A07F5387373
:10844000A3F532731B6803F5E46107F53873A3F5F0
:1084500032731B6803F1B80207F53873A3F5327362
:108460001B68D3ED2D7A07F53873A3F5FE7006234C
:108470000293A54B01930C230093F0EE670A134679
:1084800097ED850AD7F8B422FDF7E2F907F53873BE
:10849000A3F5FE731A6807F53873A3F532731B68EA
:1084A000C3F8382207F53873A3F5FE735A6807F549
:1084B0003873A3F532731B68C3F83C2207F5387391
:1084C000A3F5FE739A6807F53873A3F532731B683A
:1084D000C3F8402207F53873A3F5FE735B7B002BCE
:1084E00008D007F53873A3F5FE731B7B002B01D072
:1084F000012300E0002303F00103DAB207F538732B
:10850000A3F532731B6883F8442207F53873A3F58B
:1085100032731B6803F5E46107F53873A3F5327312
:108520001B6803F1B80207F53873A3F532731B68B3
:10853000D3ED2D7A07F53873A3F504700C2302935D
:10854000724B01930C230093F0EE670A134697EDEC
:10855000850AD7F8B422FDF77BF907F53873A3F540
:1085600004731A6807F53873A3F532731B68C3F8F0
:10857000482207F53873A3F504735A6807F5387372
:10858000A3F532731B68C3F84C2207F53873A3F5C3
:1085900004739A6807F53873A3F532731B68C3F840
:1085A000502207F53873A3F504735B7B002B08D0CA
:1085B00007F53873A3F504731B7B002B01D001234F
:1085C00000E0002303F00103DAB207F53873A3F5E6
:1085D00032731B6883F854220023C7F890321EE0E0
:1085E00007F53873A3F532731A68D7F8903203F59C
:1085F000E4739B00134493ED007AD7ED857A77EE10
:10860000677AF0EEE77A424AD7F890329B0013443B
:10861000C3ED007AD7F890320133C7F89032D7F81B
:108620009022D7F8B4329A42DADBD7F8B41238483D
:10863000FDF7FEF9D7F8B43207EE903AF8EEE77A94
:108640009FED347A67EE877AB0EE670A0EF0BEFFD0
:10865000F0EE407AFDEEE77A17EE903A013BC7F86C
:108660008C32D7F88C22D7F8B4329A4204DBD7F890
:10867000B432013BC7F88C32D7F88C32002B02DAC7
:108680000023C7F88C32D7F8B432002B06DD204A1D
:10869000D7F88C329B0013441B6801E04FF00003B5
:1086A00007F53872A2F532721268C2F85C3207F52B
:1086B0003873A3F532731B6803F5E46107F538736B
:1086C000A3F532731C68384605230093D7F8B432FB
:1086D0000F4AFDF7F3F907F53873A3F5387304F57E
:1086E000E1641D460FCD0FC495E8030084E8030044
:1086F0004FF00003C7F888324FF00003C7F8843208
:108700000023C7F8803264E0C8B20108BCB2010897
:1087100040220020A4707D3F0000000007F5387360
:10872000A3F532731B68D7F8802202F5BD6233F8D7
:1087300012301846F8F7AEFD87ED840A07F5387356
:10874000A3F532731B68B3F8A22007F53873A3F5BD
:1087500032731B68D7F8801201F28A3153F8213046
:108760009BB21344A7F80E32B7F80E321846F8F74A
:1087700091FD87ED820A97ED847AD7ED827A77EEC4
:10878000677AB0EE670AFDF74FFE87ED810AD7EDF5
:10879000817A67EEA77A97EDA27A77EE277AC7ED0E
:1087A000A27AD7ED817AF0EEE77AC7ED807A97ED7D
:1087B000807AD7EDA17AB4EEE77AF1EE10FA03DD14
:1087C000D7F80032C7F88432D7F880320133C7F8BF
:1087D0008032D7F88022D7F82C329A429EDBD7F825
:1087E0002C32002B10DDD7F82C3207EE903AF8EE41
:1087F000E77A97EDA27AC7EE276AB0EE660A0EF026
:1088000055FDF0EE407A01E05FED3D7A07F53873F3
:10881000A3F532731B68C3ED987A07F53873A3F597
:1088200032731B68D7F88422C3F86422D7F82C323D
:10883000002B1DDD07F53873A3F532731B68D3EDEC
:10884000987AB2EE0E7AF4EEC77AF1EE10FA0FD8FB
:1088500007F53873A3F532731B68D3ED997AB3EE3D
:108860000E7AF4EEC77AF1EE10FA01D8012300E097
:10887000002303F00103DAB207F53873A3F532736E
:108880001B6883F8682297F81B32002B0AD007F583
:108890003873A3F532731B6893F86832002B01D04C
:1088A000012300E0002303F00103DAB207F5387377
:1088B000A3F532731B6883F8A02004F05BF902462D
:1088C000D7F82832D21A07F53873A3F532731B682C
:1088D000C3F86C2207F53873A3F2BD231A7807F5A5
:1088E0003873A3F5327311461868FEF747F9002371
:1088F000184607F53877BD46BDE8B08FF0B5D7B05C
:108900001CAFF863B9637A630023C7F8E43036E13B
:10891000D7F8E430B82202FB03F303F55E73FA6B79
:108920001344C7F8DC30D7F8DC301B7883F0010340
:10893000DBB2002B40F01D81D7F8DC305B78002BD8
:108940005DD0D7F8DC30D3E9180107F1C402182351
:10895000FCF7D8FBD7F8DC30D3E9060107F1AC020D
:108960001823FCF7CFFBD7F8DC30D3E9080107F177
:1089700094021823FCF7C6FBD7F8DC30D3E90A01D0
:1089800007F17C021823FCF7BDFBD7F8DC30D3E9F4
:10899000062310461946FCF735FCF0EE407A07F145
:1089A0006803142219460520B0EE670AFCF730FB75
:1089B000D7F8DC30D3E9082310461946F9F700FB55
:1089C000F0EE407A07F15403142219460520B0EE68
:1089D000670AFCF71DFBD7F8DC30D3E90A23104601
:1089E0001946F9F7EDFAF0EE407A07F14003142248
:1089F00019460520B0EE670AFCF70AFB30E007F1E4
:108A0000C403924A182118460DF0C4FE07F1AC03C6
:108A10008E4A182118460DF0BDFE07F194038B4ACB
:108A2000182118460DF0B6FE07F17C03874A18217D
:108A300018460DF0AFFE07F16803844A142118466A
:108A40000DF0A8FE07F15403804A142118460DF0DA
:108A5000A1FE07F140037D4A142118460DF09AFE4D
:108A6000FB6B5B683B63FB6B9968F962D7F8E400CA
:108A7000FDF704FFB862D7F8DC301E69D7F8DC30A8
:108A80005C687C62D7F8DC309D683D62D7F8DC30EA
:108A9000DA68FA61D7F8DC30D3F88010B961D7F81A
:108AA000DC30D86F7861D7F8DC30D3F884303B61A4
:108AB000D7F8DC30D3F88840FC60D7F8DC30D3F846
:108AC0008C50BD60D7F8DC30D3F894207A60D7F8AA
:108AD000DC30D3F89850D7F8DC30D3F89040D7F892
:108AE000DC309B781846FCF7E3FB0246D7F8DC3015
:108AF0005B781A931992189417957A681692BD6844
:108B00001595FC6814943B69139378691290B969C0
:108B1000119107F14003109307F17C030F9307F1C4
:108B200054030E9307F194030D9307F168030C931C
:108B300007F1AC030B9307F1C4030A93FA69099296
:108B40003D6A08957C6A079406964FF480730593F6
:108B5000B86A04903E4B03937B6B02933D4B0193A9
:108B6000BB6B0093FB6A3A6B05213B48FCF7AAF903
:108B700000E000BFD7F8E4300133C7F8E430D7F89D
:108B8000E430032B7FF6C4AEFB6B93F8683383F0BD
:108B90000103DBB2002B01D0304B11E0FB6B93F8EB
:108BA0006A33002B0BD0FB6BD3F87433042B06D144
:108BB000FB6B93F86C33002B01D1294B00E0294B60
:108BC000C7F8E030FB6B5E68FB6B9B683B63FB6B3D
:108BD00093F86833FB62FB6B93F86933BB62FB6B02
:108BE00093F86A337B62FB6BD3F87043FB6BD3F86B
:108BF0007453FB6B93F86B333B62FB6B93F86C33F2
:108C00001846FCF755FB0246D7F8E0300C930B9260
:108C10003A6A0A9209950894042307937A6A06929D
:108C2000BA6A0592FA6A0492094B03937B6B02932A
:108C3000084B0193BB6B00933B6B324605210A48FE
:108C4000FCF740F900BFEC37BD46F0BD788901085C
:108C5000A08B0108B88801087C890108B08B010845
:108C6000BC8B0108C48B0108CC8B0108F0B5ADF6B4
:108C7000CC0D46AF07F5F663A3F22473186007F531
:108C8000F663A3F224731B681B7B002B01D1A44B5A
:108C900000E0A44BC7F89C37002387F8633707F23E
:108CA00063731846FCF7C8F8C7F8980707F5F6632A
:108CB000A3F224731B68D3ED2A7A07F5EA63102127
:108CC0001846B0EE670AFCF739F907F5F663A3F228
:108CD00024731B68D3ED047A07F23C7314221946FF
:108CE0000520B0EE670AFCF793F907F5F663A3F2E7
:108CF00024731B68D3ED057A07F5E5631422194642
:108D00000520B0EE670AFCF783F907F5F663A3F2D6
:108D100024731B68D3ED067A07F5E263182219461F
:108D20000320B0EE670AFCF773F907F5F663A3F2C8
:108D300024731B68D3ED0C7A07F2FC6314221946E6
:108D40000520B0EE670AFCF763F907F5F663A3F2B6
:108D500024731B68D3ED0D7A07F5DD6314221946E1
:108D60000520B0EE670AFCF753F907F5F663A3F2A6
:108D700024731B68D3ED0E7A07F5DA6318221946BF
:108D80000320B0EE670AFCF743F907F5F663A3F298
:108D900024731B68D3ED0A7A07F2BC6314221946C8
:108DA0000320B0EE670AFCF733F907F5F663A3F288
:108DB00024731B68D3ED127A07F5D5631422194684
:108DC0000320B0EE670AFCF723F907F5F663A3F278
:108DD00024731B68D3ED177A07F2946314221946A3
:108DE0000520B0EE670AFCF713F907F5F663A3F266
:108DF00024731B68D3ED187A07F5D0631422194643
:108E00000520B0EE670AFCF703F9474BC7F8943723
:108E100007F5F663A3F224731B6893F87F30002BE9
:108E200015D007F5CE63404A102118460DF0B2FC6C
:108E300007F5CC633C4A102118460DF0ABFC07F552
:108E4000CB63394A082118460DF0A4FC26E007F54B
:108E5000F663A3F224731B68D3F8803007F5CE6065
:108E6000324A10210DF096FC07F5F663A3F2247345
:108E70001B68D3F8843007F5CC602C4A10210DF024
:108E800089FC07F5F663A3F224731B6893F8883016
:108E900007F5CB60264A08210DF07CFC07F5F66348
:108EA000A3F224731B6893F89430002B0DD007F5C0
:108EB000F663A3F224731B68D3F8903007F5C960FA
:108EC0001A4A10210DF066FC06E007F5C963164A40
:108ED000102118460DF05EFC07F5F663A3F224732B
:108EE0001B6893F87C30002B01D0124B00E0124B32
:108EF000C7F8903707F5F663A3F224731B6893F85D
:108F00007C30002B01D0084B1BE007F5F663A3F281
:108F100024731B6893F87E30002B11D0074B10E0B0
:108F2000D88C0108DC8C010878890108E08C0108E4
:108F3000E48C0108E88C0108F88C0108048D010814
:108F4000924BC7F88C37924B1B68BB67914B1B68E1
:108F50007B67914B1B683B6797F86337FB66FCF7B1
:108F60009FF90346BB6607F5F663A3F224731B68FB
:108F7000B3F820327B6607F5F663A3F224731B680F
:108F8000B3F822323B6607F5F663A3F224731B683D
:108F9000B3F82432FB6507F5F663A3F224731B686C
:108FA0005B68BB6507F5F663A3F224731B689B68D7
:108FB0007B6507F5F663A3F224731B6893F8F83218
:108FC0003B6507F5F663A3F224731B6893F86833D7
:108FD000FB6407F5F663A3F224731B68D3F898309B
:108FE000BB6407F5F663A3F224731B68D3F89C30C7
:108FF0007B6407F5F663A3F224731B6893F8A03033
:109000003B6407F5F663A3F224731B6893F8683298
:10901000FB6307F5F663A3F224731B6893F87032C1
:109020001846FCF745F9B86307F5F663A3F2247315
:109030001B68D3F874327B6307F5F663A3F22473DD
:109040001B68D3F878323B6307F5F663A3F2247309
:109050001B68D3F87C32FB6207F5F663A3F2247336
:109060001B68D3F88032BB6207F5F663A3F2247362
:109070001B68D3F884327B6207F5F663A3F224738E
:109080001B68D3F8D0323B6207F5F663A3F2247372
:109090001B68D3F8D432FB6107F5F663A3F224739F
:1090A0001B68D3F89830002B13DD07F5F663A3F2A5
:1090B00024731B68D3F8D82207F5F663A3F2247350
:1090C0001B68D3F898309A4203D10123C7F888303F
:1090D00002E00023C7F8883007F5F663A3F2247393
:1090E0001B68D3F89830002B13DD07F5F663A3F265
:1090F00024731B68D3F8DC2207F5F663A3F224730C
:109100001B68D3F898309A4203D10123C7F8843002
:1091100002E00023C7F8843007F5F663A3F2247356
:109120001B68D3F89830002B13DD07F5F663A3F224
:1091300024731B68D3F8E02207F5F663A3F22473C7
:109140001B68D3F898309A4203D10123C7F88030C6
:1091500002E00023C7F8803007F5F663A3F224731A
:109160001B68B3F8A230BB6107F5F663A3F2247362
:109170001B68D3F89830002B10DD07F5F663A3F2D7
:1091800024731B68B3F8D03BFB670FE0088D010820
:10919000107AFF1F147AFF1F187AFF1F07F5F66376
:1091A000A3F224731B68B3F8A230FB6707F5F663DC
:1091B000A3F224731B685B7B7B6107F5F663A3F264
:1091C00024731B689B7B3B6107F5F663A3F2247352
:1091D0001B6893F850301846FCF7A8FDF86007F5B7
:1091E000F663A3F224731B685A6DBA6007F5F66341
:1091F000A3F224731B68996D796007F5F663A3F2F7
:1092000024731B68DC6E3C6007F5F663A3F22473DD
:109210001B681E6F07F5F663A3F224731B685C6F6F
:1092200007F5F663A3F224731B68986F07F5F663DE
:10923000A3F224731B6893F87D301D4607F5F6638F
:10924000A3F224731B6893F87F30194607F5F66381
:10925000A3F224731B68D3F88C2007F5C9634493E9
:1092600007F5CB63439307F5CC63429307F5CE63D1
:10927000419340923F91A24B3E93D7F88C373D9358
:109280003C95D7F890373B939E4B3A93399038945E
:1092900037963C68369479683591BA683492FA68A2
:1092A00033923A6932927B693193974B3093FB6FDB
:1092B0002F9307F5EA632E93BB692D93D7F880307F
:1092C0002C93D7F884302B93D7F888302A93FB69F6
:1092D000299340F28E332893092327938B4B2693AF
:1092E0003B6A25938A4B24937B6A2393BB6A229320
:1092F000FB6A21933B6B20937B6B1F93BB6B1E938D
:10930000FB6B1D933B6C1C937B6C1B93BB6C1A9388
:109310004FF4807319934FF480731893D7F89437F0
:1093200017937C4B16937C4B1593FB6C14937B4BE0
:1093300013933B6D12937A4B11937A4B10937A4BA4
:109340000F93D7F89C370E937B6D0D93BB6D0C93E9
:10935000FB6D0B9306230A933B6E09937B6E089378
:10936000BB6E0793714B0693714B0593FB6E049391
:10937000D7F8983703933B6F02937B6F0193BB6FD2
:1093800000936C4B6C4A05216C48FBF79BFD07F57D
:10939000F663A3F224731B685B68C7F8883007F58F
:1093A000F663A3F224731B689968C7F8841007F565
:1093B000F663A3F224731B685B7BC7F8803007F564
:1093C000F663A3F224731B689B7BFB6707F5F663C8
:1093D000A3F224731B681B7FBB6707F5F663A3F238
:1093E00024731B681C6A07F5F663A3F224731B68D9
:1093F0009B8C7B6707F5F663A3F224731B6893F8D5
:109400002C303B6707F5F663A3F224731B6893F8CF
:109410003C30FB6607F5F663A3F224731B681D6CF2
:1094200007F5F663A3F224731B68B3F84430BB66F8
:1094300007F5F663A3F224731B6893F84C307B6640
:1094400007F5F663A3F224731B6893F850301846AF
:10945000FCF76CFC064607F5F663A3F224731B6861
:10946000586D07F5F663A3F224731B68996D07F531
:10947000F663A3F224731B685A6E07F5F663A3F232
:1094800024731B689B6E1C931B9207F5D0631A9381
:1094900007F294631993189117901696786E1590A9
:1094A00007F5D5631493B86E13901295F86E11906A
:1094B00007F5DA63109307F5DD630F9307F2FC639A
:1094C0000E93386F0D9007F2BC630C93786F0B907E
:1094D0000A94B86F099007F5E263089307F5E5630E
:1094E000079307F23C730693F86F0590D7F8800056
:1094F0000490054B0393D7F89C37029320E000BFFC
:109500005493010868930108809301089C93010813
:10951000B4930108C8930108A08B0108D4930108F3
:10952000E8930108F49301081494010830940108A9
:10953000B88801080C8D0108248D0108348D0108BC
:109540001D4B0193D7F898370093D7F88430D7F89C
:10955000882005211948FBF7B5FC07F5F663A3F24F
:1095600024731B685A6807F5F663A3F224731B681B
:10957000996840F21D730A9344F62063099302230D
:10958000089360230793402306930D4B05930D4BDF
:1095900004930D4B03930D4B0293074B0193D7F8A4
:1095A000983700930B4605210948FBF78BFC0023F5
:1095B000C7F8AC3708E300BFB88801083894010841
:1095C0001C9801082898010840980108D4930108C4
:1095D000DC96010807F5F663A3F224731B68D7F83D
:1095E000AC2702F5BD6233F812301846F7F752FE89
:1095F00007F2747383ED000A07F50D731422194600
:10960000052007F2747393ED000AFBF701FD07F5DF
:10961000F663A3F224731A68D7F8AC3703F5E47342
:109620009B001344D3ED007A07F508731422194602
:109630000520B0EE670AFBF7EBFC07F5F663A3F233
:1096400024731B68B3F8A22007F5F663A3F2247312
:109650001B68D7F8AC1701F28A3153F821309BB25E
:109660001344A7F8723707F5F663A3F224731B6857
:10967000586807F5F663A3F224731B689C68B7F873
:10968000723707F5F662A2F224721268D7F8AC17A7
:1096900001F5BD6132F81120114607F508720792F5
:1096A00007F50D72069205910493D7F8AC37039332
:1096B000D7F89C3702939E4B0193D7F898370093C5
:1096C0002346024605219B48FBF7D0FB07F5F663CE
:1096D000A3F224731B68586807F5F663A3F224739A
:1096E0001B689C6807F5F663A3F224731B68D7F820
:1096F000AC2702F2B64253F8222007F5F663A3F234
:1097000024731B68D7F8AC1701F6C43133F8113055
:109710001D4607F5F663A3F224731968D7F8AC3732
:109720000B4403F5CF531B781E4607F5F663A3F2EF
:1097300024731968D7F8AC370B4403F5D8530C33AE
:109740001B780593049603950292D7F8AC370193E2
:10975000D7F89C3700932346024605217648FBF74D
:1097600085FB07F5F663A3F224731B68D3F8643313
:10977000002B00F0B38007F5F663A3F224731B6897
:10978000D3F8D432D7F8AC279A4280F2A78007F5F5
:10979000F663A3F224731B68D3F86423D7F8AC37BD
:1097A000134403F51A532C331B7887F8713707F5E8
:1097B000F663A3F224731B68D3F86423D7F8AC379D
:1097C00003F59673DB001344D3E9002307F5ED613D
:1097D000C1E9002307F50272182307F5ED61D1E90D
:1097E0000001FBF78FFC07F5ED63D3E90001F8F703
:1097F000E7FBF0EE407A07F5FA73142219460520CC
:10980000B0EE670AFBF704FC07F5F663A3F22473D6
:109810001B685D6807F5F663A3F224731B689E68F6
:1098200007F5F663A3F224731B68D3F86423D7F813
:10983000AC37134403F51F5318331B78C7F888302F
:1098400007F5F663A3F224731B68D3F86423D7F8F3
:10985000AC37134403F516531B781846FCF790FCFD
:10986000C7F8840097F8713703F0010397F8712760
:10987000520802F0010297F87117890801F00101FE
:1098800007F5F660A0F224700068D0F86403D7F8FA
:10989000AC4704F5616430F814000B9007F5FA70DA
:1098A0000A9007F502700990089107920693D7F87D
:1098B00084200592D7F888300493D7F8AC37039307
:1098C000D7F89C3702931A4B0193D7F89837009337
:1098D00033462A4605211948FBF7F4FA07F5F663E3
:1098E000A3F224731B68D3F86433002B00F0A68026
:1098F00007F5F663A3F224731B68D3F80433D7F893
:10990000AC279A4280F29A8007F5F87319464FF017
:1099100000024FF0000341E9022307F5F663A3F2CA
:1099200024731B681B7B002B0AD101230AE000BFB4
:10993000B88801085898010884980108AC98010873
:109940004FF0FF33C7F8643707F5F663A3F22473CB
:109950001B68D3F86423D7F8AC37DB001344D3E992
:10996000000107F5F663A3F224731B68D3F8643390
:10997000D3E90023D7F8AC4707F5F47503954FF406
:10998000807502950194D7F864470094F8F7EEFCCF
:109990000346002B52D007F5F663A3F224731B682D
:1099A000D3F86423D7F8AC37DB001344D3E90001C4
:1099B00007F5E8721823FBF7A5FB07F5F87353E9E1
:1099C000020107F5DC721823FBF79CFB07F5F8731F
:1099D00053E9022310461946FBF714FCF0EE407AD7
:1099E00007F5D273142219460520B0EE670AFBF77B
:1099F0000FFB07F5F663A3F224731B685A6807F59B
:109A0000F663A3F224731B68996807F5D273069373
:109A100007F5DC73059307F5E8730493D7F8AC37C3
:109A20000393D7F89C370293644B0193D7F8983788
:109A300000930B4605216248FBF718FA07F5F66319
:109A4000A3F224731B68D3F86433002B00F0AF80BB
:109A500007F5F663A3F224731B68D3F80033D7F835
:109A6000AC279A4280F2A38007F5F663A3F2247331
:109A70001B685E6807F5F663A3F224731B689B6896
:109A8000C7F8883007F5F663A3F224731B68D3F890
:109A90006433D7F8AC2702F5966253F8224007F5F5
:109AA000F663A3F224731B68D3F86433D7F8AC27AA
:109AB00002F2DC5253F8225007F5F663A3F2247346
:109AC0001B68D3F86423D7F8AC37134403F5F3537A
:109AD00018331B78C7F8843007F5F663A3F22473B4
:109AE0001B68D3F86423D7F8AC37134403F5FD5350
:109AF00004331B78C7F8803007F5F663A3F22473AC
:109B00001B68D3F86423D7F8AC37134403F5035329
:109B100010331B78FB6707F5F663A3F224731B6809
:109B2000D3F86423D7F8AC37134403F507533C3319
:109B30001B78BB6707F5F663A3F224731B68D3F8A1
:109B40006423D7F8AC37134403F50C5328331B7840
:109B50007B6707F5F663A3F224731B68D3F86423CD
:109B6000D7F8AC37134403F5115314331B78184658
:109B7000FBF79EFB034609937A6F0892BA6F079230
:109B8000FA6F0692D7F880200592D7F884200492C5
:109B900003950294D7F8AC370193D7F89C3700931C
:109BA000D7F88830324605210648FBF75FF9D7F829
:109BB000AC370133C7F8AC3706E000BFB8880108FE
:109BC0009C990108CC99010807F5F663A3F2247368
:109BD0001B68D3F89830D7F8AC279A42FFF6FAAC56
:109BE00007F5F663A3F224731B68D3E9BC0107F5FC
:109BF000C6621823FBF786FA07F5F663A3F224730F
:109C00001B68D3E9BC2310461946F8F7D9F9F0EEE2
:109C1000407A07F21C63142219460520B0EE670A49
:109C2000FBF7F6F907F5F663A3F224731B685B688C
:109C3000C7F8883007F5F663A3F224731B689B68A6
:109C4000C7F8843007F5F663A3F224731B68D3F8D2
:109C5000D032C7F8803007F5F663A3F224731B688F
:109C6000D3F88832FB6707F5F663A3F224731B6809
:109C7000D3F88C32BB6707F5F663A3F224731B6835
:109C8000D3F890327B6707F5F663A3F224731B6861
:109C9000D3F894323B6707F5F663A3F224731B688D
:109CA000D3F89832FB6607F5F663A3F224731B68BA
:109CB000D3F89C32BB6607F5F663A3F224731B68E6
:109CC000D3F8A0327B6607F5F663A3F224731B6812
:109CD000D3F8A4323B6607F5F663A3F224731B683E
:109CE000D3F8A832FB6507F5F663A3F224731B686B
:109CF000D3F8AC32BB6507F5F663A3F224731B6897
:109D0000D3F8B0327B6507F5F663A3F224731B68C2
:109D1000D3F8B4323B6507F5F663A3F224731B68EE
:109D2000D3F8B832FB6407F5F663A3F224731B681B
:109D3000D3F8BC32BB6407F5F663A3F224731B6847
:109D4000D3F8C0327B6407F5F663A3F224731B6873
:109D5000D3F8C4323B6407F5F663A3F224731B689F
:109D6000D3F8C832FB6307F5F663A3F224731B68CC
:109D7000D3F8CC32BB6307F5F663A3F224731B68F8
:109D8000D3F8D4327B6307F5F663A3F224731B6820
:109D9000D3F8D8323B6307F5F663A3F224731B684C
:109DA000D3F8DC32FB6207F5F663A3F224731B6879
:109DB000D3F8E06207F5F663A3F224731B68D3F8C7
:109DC000E45207F5F663A3F224731B68D3F8E84264
:109DD00007F5F663A3F224731B68D3F89830002BC1
:109DE00011DD07F5F663A3F224731B68D3F8D822BC
:109DF00007F5F663A3F224731B68D3F898309A42F0
:109E000001D1012000E0002007F5F663A3F22473DE
:109E10001B68D3F89830002B11DD07F5F663A3F229
:109E200024731B68D3F8DC2207F5F663A3F22473CE
:109E30001B68D3F898309A4201D1012100E000213B
:109E400007F5F663A3F224731B68D3F89830002B50
:109E500011DD07F5F663A3F224731B68D3F8E02243
:109E600007F5F663A3F224731B68D3F898309A427F
:109E700001D1012200E0002207F21C63229307F5C2
:109E8000C663219320921F911E901D941C951B96D2
:109E9000FB6A1A933B6B19937B6B1893BB6B1793FD
:109EA000FB6B16933B6C15937B6C1493BB6C1393F9
:109EB000FB6C12933B6D11937B6D1093BB6D0F93F5
:109EC000FB6D0E933B6E0D937B6E0C93BB6E0B93F1
:109ED000FB6E0A933B6F09937B6F0893BB6F0793ED
:109EE000FB6F0693D7F8803005930D4B04930D4B11
:109EF0000393D7F89C3702930B4B0193D7F898370D
:109F00000093D7F88430D7F8882005210748FAF75E
:109F1000D9FF0023C7F8A8370023C7F8A4375EE0AD
:109F2000B49301089C930108B8880108049A0108B9
:109F300007F5F663A3F224731968D7F8A42713462C
:109F40005B001344DB000B44C433D3ED007A07F20B
:109F50005C52D7F8A4371B01134410221946042081
:109F6000B0EE670AFBF754F807F5F663A3F2247323
:109F70001968D7F8A42713465B001344DB000B4491
:109F8000C833D3ED007A07F29C42D7F8A4371B01FF
:109F90001344102219460420B0EE670AFBF738F884
:109FA00007F5F663A3F224731968D7F8A4271346BC
:109FB0005B001344DB000B44CC331B78002B09D02F
:109FC0000122D7F8A43702FA03F3D7F8A8271343DE
:109FD000C7F8A837D7F8A4370133C7F8A437D7F89C
:109FE000A4370B2BA4DD07F5F663A3F224731B68DB
:109FF000D3ED797A07F28C43102219460420B0EE93
:10A00000670AFBF705F807F5F663A3F224731B68EC
:10A01000D3ED7A7A07F27C43102219460420B0EE81
:10A02000670AFAF7F5FF07F5F663A3F224731B68D6
:10A03000D3ED7F7A07F26C43102219460420B0EE6C
:10A04000670AFAF7E5FF07F5F663A3F224731B68C6
:10A05000D3ED807A07F25C43102219460420B0EE5B
:10A06000670AFAF7D5FF07F5F663A3F224731B68B6
:10A07000D3ED857A07F24C43102219460420B0EE46
:10A08000670AFAF7C5FF07F5F663A3F224731B68A6
:10A09000D3ED867A07F23C43102219460420B0EE35
:10A0A000670AFAF7B5FF07F5F663A3F224731B6896
:10A0B00093F8EC31002B05D0D7F8A83743F4805340
:10A0C000C7F8A83707F5F663A3F224731B6893F863
:10A0D0000432002B05D0D7F8A83743F40053C7F853
:10A0E000A83707F5F663A3F224731B68D3ED2C7A27
:10A0F00007F22C43102219460420B0EE670AFAF743
:10A1000087FF07F5F663A3F224731B68D3ED2D7A5E
:10A1100007F21C43102219460420B0EE670AFAF732
:10A1200077FF07F5F663A3F224731B68D3ED8C7AEF
:10A1300007F20C43102219460420B0EE670AFAF722
:10A1400067FF07F5F663A3F224731B68D3ED8D7ADE
:10A1500007F57F73102219460420B0EE670AFAF75C
:10A1600057FF07F5F663A3F224731B68D3ED8E7ACD
:10A1700007F57B73102219460420B0EE670AFAF740
:10A1800047FF07F5F663A3F224731B68D3ED8F7ABC
:10A1900007F57773102219460420B0EE670AFAF724
:10A1A00037FF07F5F663A3F224731B68D3ED907AAB
:10A1B00007F57373102219460420B0EE670AFAF708
:10A1C00027FF07F5F663A3F224731B68D3ED927A99
:10A1D00007F56F73102219460420B0EE670AFAF7EC
:10A1E00017FF07F5F663A3F224731B68D3ED937A88
:10A1F00007F56B73102219460420B0EE670AFAF7D0
:10A2000007FF07F5F663A3F224731B68D3ED947A76
:10A2100007F56773102219460420B0EE670AFAF7B3
:10A22000F7FE07F5F663A3F224731B68D3ED967A65
:10A2300007F56373102219460420B0EE670AFAF797
:10A24000E7FE07F5F663A3F224731B68D3ED977A54
:10A2500007F55F73102219460420B0EE670AFAF77B
:10A26000D7FE07F5F663A3F224731B68D3ED987A43
:10A2700007F55B73102219460420B0EE670AFAF75F
:10A28000C7FE07F5F663A3F224731B68D3ED997A32
:10A2900007F55773102219460420B0EE670AFAF743
:10A2A000B7FE07F5F663A3F224731B68D3ED8A7A31
:10A2B00007F55373102219460420B0EE670AFAF727
:10A2C000A7FE07F5F663A3F224731B68D3ED8B7A20
:10A2D00007F54F73102219460420B0EE670AFAF70B
:10A2E00097FE07F5F663A3F224731B6803F20C7361
:10A2F000D3ED007A07F54B73102219460420B0EE17
:10A30000670AFAF785FE07F5F663A3F224731B6864
:10A3100003F20C73D3ED007AF0EE006A87EEA67AB2
:10A3200007F54773102219460420B0EE470AFAF7E2
:10A330006FFE07F5F663A3F224731B68586807F5F0
:10A34000F663A3F224731B689C6807F5F663A3F217
:10A3500024731B68D3F8983007F5F662A2F22472D2
:10A360001268D2F89C2007F5F661A1F22471096801
:10A37000B1F820120D4607F5F661A1F224710968C3
:10A38000B1F822120E4607F5F661A1F224710968B0
:10A39000B1F82412C7F8881007F5F661A1F224710C
:10A3A000096891F82612C7F8841007F5F661A1F242
:10A3B0002471096891F82712C7F8801007F5F66133
:10A3C000A1F22471096891F84412F96707F5F66162
:10A3D000A1F22471096891F85412B96707F5F66182
:10A3E000A1F22471096891F86812796707F5F6619E
:10A3F000A1F224710968D1F86C123F9107F55771E9
:10A400003E9107F55B713D91796F3C9107F55F7166
:10A410003B9107F563713A9107F54771399107F55B
:10A420004B71389107F56771379107F56B7136916C
:10A4300007F56F713591B96F349107F573713391E9
:10A4400007F57771329107F57B71319107F57F71CF
:10A45000309107F20C412F91F96F2E9107F54F7152
:10A460002D9107F553712C91D7F880102B91D7F8C7
:10A47000A8172A91D7F88410299107F23C41289116
:10A4800007F24C412791D7F8881026910621259193
:10A490002496239507F25C41229107F26C412191A9
:10A4A00007F27C41209107F28C411F9107F29C41F9
:10A4B000B0311E9107F29C41A0311D9107F29C41E1
:10A4C00090311C9107F29C4180311B9107F29C4115
:10A4D00070311A9107F29C416031199107F29C4149
:10A4E0005031189107F29C414031179107F29C417D
:10A4F0003031169107F29C412031159107F29C41B1
:10A500001031149107F29C41139107F25C51B03164
:10A51000129107F25C51A031119107F25C51903118
:10A52000109107F25C5180310F9107F25C5170314C
:10A530000E9107F25C5160310D9107F25C51503180
:10A540000C9107F25C5140310B9107F25C513031B4
:10A550000A9107F25C512031099107F25C511031E8
:10A56000089107F25C51079107F21C41069107F22E
:10A570002C41059104920393D7F89C3702935F4BCB
:10A580000193D7F8983700932346024605215C488B
:10A59000FAF798FC07F5F663A3F224731B68D3ED72
:10A5A000D27A07F54273142219460520B0EE670AE5
:10A5B000FAF72EFD07F5F663A3F224731B68D3EDBB
:10A5C000D37A07F53D73142219460520B0EE670AC9
:10A5D000FAF71EFD07F5F663A3F224731B68D3EDAB
:10A5E000D47A07F53873142219460520B0EE670AAD
:10A5F000FAF70EFD07F5F663A3F224731B68D3ED9B
:10A60000D57A07F53373142219460520B0EE670A90
:10A61000FAF7FEFC07F5F663A3F224731B68D3ED8B
:10A62000D67A07F52E73142219460520B0EE670A74
:10A63000FAF7EEFC07F5F663A3F224731B68D3ED7B
:10A64000D77A07F52973142219460520B0EE670A58
:10A65000FAF7DEFC07F5F663A3F224731B68D3ED6B
:10A66000D87A07F52473142219460520B0EE670A3C
:10A67000FAF7CEFC07F5F663A3F224731B68D3F850
:10A680000433002B15DD07F5F663A3F224731B6872
:10A69000D3E9CE0107F51E721823FAF733FD07F54B
:10A6A000127218234FF000004FF00001FAF72AFD54
:10A6B0000DE007F51E73134A182118460CF06AF8CE
:10A6C00007F512730F4A182118460CF063F807F5C6
:10A6D000F663A3F224731B6893F8FA32002B13D0AD
:10A6E00007F5F663A3F224731B68D3E9D00107F5DD
:10A6F00018721823FAF706FD0DE000BFB8880108AC
:10A70000549D01087889010807F51873914A1821AA
:10A7100018460CF03FF807F5F663A3F224731B68A4
:10A720005B68C7F8883007F5F663A3F224731B68EB
:10A730009968C7F8841007F5F663A3F224731B68C1
:10A7400093F8FA32C7F8803007F5F663A3F2247362
:10A750001B68D3F8086307F5F663A3F224731B683C
:10A7600093F8FB32FB6707F5F663A3F224731B68CB
:10A77000D3F80003B86707F5F663A3F224731B68E8
:10A78000D3F804437C6707F5F663A3F224731B68D0
:10A79000D3F80C533D6707F5F663A3F224731B68E7
:10A7A000D3F81023FA6607F5F663A3F224731B6847
:10A7B000D3F81413B96607F5F663A3F224731B6884
:10A7C000D3F81803786607F5F663A3F224731B68C1
:10A7D000D3F81C433C6607F5F663A3F224731B68A9
:10A7E000D3F82053FD6507F5F663A3F224731B68C5
:10A7F000D3F8245307F5F663A3F224731B68D3F848
:10A80000284307F5F663A3F224731B68D3F82C03DF
:10A8100007F5F663A3F224731B68D3F8301307F52A
:10A82000F663A3F224731B68D3F83423D7F8943764
:10A830001E93494B1D931C921B911A9019941895C5
:10A84000FD6D17953C6E1694786E1590B96E149147
:10A85000FA6E13923D6F12957C6F1194B86F109041
:10A8600007F524730F9307F529730E93F86F0D9076
:10A8700007F52E730C9307F518730B9307F51273F6
:10A880000A9307F51E73099307F53373089307F5C9
:10A890003873079307F53D73069307F542730593E5
:10A8A0000496D7F8800003902C4B02932C4B019315
:10A8B000D7F898370093D7F88430D7F88820052147
:10A8C0002848FAF7FFFA07F5F663A3F22473D7F8DE
:10A8D0009C27D7F898171868FEF710F807F5F66365
:10A8E000A3F224731B685E6807F5F663A3F2247372
:10A8F0001B689B68C7F8883007F5F663A3F22473DA
:10A900001B6893F8F932C7F8843007F5F663A3F2B1
:10A9100024731B68D3F8004307F5F663A3F224738E
:10A920001B68D3F8045307F5F663A3F224731B687E
:10A9300093F8FC321846FAF7BBFC024607F5F663BB
:10A94000A3F224731B6893F8FA32002B0ED0064B47
:10A950000DE000BF78890108C8930108D49301086D
:10A96000B888010868A20108BC8B0108C94B06938E
:10A97000059204950394D7F884300293C64B019353
:10A98000D7F898370093D7F8883032460521C34866
:10A99000FAF798FA012387F88B3707F5F663A3F2E5
:10A9A00024731B6893F87D3087F88B3707F5F663BF
:10A9B000A3F224731B681B7B002B40F0648207F515
:10A9C000F663A3F224731B6893F8A030002B00F009
:10A9D0005A8297F88B37002B00F0558207F5F66303
:10A9E000A3F224731B681B68C7F8843707F5F66366
:10A9F000A3F224731B68B3F8A4301946A848FAF7E9
:10AA000035FA07F5F663A3F224731B68D3ED2A7AAF
:10AA100007F5CA7310211846B0EE670AFAF78EFAE6
:10AA200007F5CA7319469F48FAF720FA07F5F66347
:10AA3000A3F224731B68B3F8A230184607F5F66337
:10AA4000A3F224731B68D3F8AC2007F5CA7107F58D
:10AA5000CA7300930B4601469348FAF707FA00239E
:10AA6000C7F8A0374DE0D7F88437002B44DBD7F880
:10AA7000A03703F00303002B3ED1D7F8A03707EE31
:10AA8000903AF8EEE77A9FED897A67EE877A9FED44
:10AA9000887A27EE877ADFED876AC7EE267A07F590
:10AAA000EF63C3ED007A07F1A4031021184607F500
:10AAB000EF6393ED000AFAF741FA07F5F663A3F2A4
:10AAC00024731A68D7F8A03703F5E4739B00134486
:10AAD000D3ED007A07F1940310211846B0EE670A0F
:10AAE000FAF72CFAD7F88437591C07F1940307F1C9
:10AAF000A4027148FAF7BAF9D7F8A0370133C7F8BA
:10AB0000A03707F5F663A3F224731B68D3F89830D7
:10AB1000D7F8A0279A42A6DBD7F884375A1C07F546
:10AB2000F663A3F224731B68D3F8F81607F5F663EF
:10AB3000A3F224731B68D3F8983000930B4664216A
:10AB40005E48FAF793F907F5F663A3F224731B68DE
:10AB500003F2FC63D3ED007A07F5C27310211846A7
:10AB6000B0EE670AFAF7EAF907F5F663A3F2247381
:10AB70001B6803F5E063D3ED007A07F5BA73102183
:10AB80001846B0EE670AFAF7D9F9D7F88437591C96
:10AB900007F5F663A3F224731B68B3F804371C4669
:10ABA00007F5F663A3F224731B68B3F8063718465B
:10ABB00007F5C27207F5BA73019300901346224657
:10ABC0003F48FAF753F907F5F663A3F224731B68BD
:10ABD000B83301220C211846FAF7B8FCC7F88007F1
:10ABE00007F5F663A3F224731B68B83306220C2121
:10ABF0001846FAF7ABFCC7F87C07D7F88037002B6C
:10AC000004D0D7F88037D3ED037A01E0DFED2E7A58
:10AC100007F5B27310211846B0EE670AFAF78EF9FD
:10AC2000D7F88037002B04D0D7F88037D3ED047ADB
:10AC300001E0DFED257A07F5AA7310211846B0EE82
:10AC4000670AFAF77BF9D7F88437591C07F5AA7316
:10AC500007F5B2721B48FAF709F9D7F87C37002BD1
:10AC600004D0D7F87C37D3ED037A01E0DFED167A14
:10AC700007F5A27310211846B0EE670AFAF75EF9DD
:10AC8000D7F87C37002B21D0D7F87C37D3ED047A66
:10AC90001EE000BFC48B0108B8880108F4A40108B5
:10ACA00098A50108ACA50108CCA501080000B44393
:10ACB00000008043000080470CA6010834A601086C
:10ACC00064A60108A8A60108000000005FED027A52
:10ACD00007F59A7310211846B0EE670AFAF72EF9B5
:10ACE000D7F88437591C07F59A7307F5A272D7482D
:10ACF000FAF7BCF807F5F663A3F224731B68D3EDEB
:10AD00008A7A07F5927310211846B0EE670AFAF7AF
:10AD100015F9D7F88437591C07F5F663A3F22473A5
:10AD20001B6893F827321A4607F59273C848FAF75A
:10AD30009DF807F5F663A3F224731B6803F20C7306
:10AD4000D3ED007A07F58A7310211846B0EE670A32
:10AD5000FAF7F4F8D7F88437013307F58A72194601
:10AD6000BC48FAF783F807F5F663A3F224731B686F
:10AD700003F21473D3ED007A07F58273102118469D
:10AD8000B0EE670AFAF7DAF807F5F663A3F2247370
:10AD90001B6803F5E363D3ED007A07F1F403102198
:10ADA0001846B0EE670AFAF7C9F807F5F663A3F29A
:10ADB00024731B6803F21C73D3ED007A07F1E403DC
:10ADC00010211846B0EE670AFAF7B8F8D7F88437BA
:10ADD000591C07F1F40007F5827207F1E4030093B0
:10ADE00003469D48FAF742F807F5F663A3F2247389
:10ADF0001B6803F5E263D3ED007A07F1D403102159
:10AE00001846B0EE670AFAF799F8D7F88437013395
:10AE100007F1D40219469148FAF728F807F5F663C6
:10AE2000A3F224731B6803F5E163D3ED007A07F105
:10AE3000C40310211846B0EE670AFAF77FF8D7F876
:10AE40008437013307F1C40219468548FAF70EF832
:10AE5000D7F88437013307F1C40219468148FAF75D
:10AE600005F807F1B403102118469FED7F0AFAF7A1
:10AE700065F8D7F88437013307F1B40219467B48E7
:10AE8000F9F7F4FF4BE007F5F663A3F224731B68B0
:10AE90001B7B002B43D107F5F663A3F224731B68D9
:10AEA00093F8A03083F00103DBB2002B37D007F515
:10AEB000F663A3F224731B681B685C1C07F5F6633A
:10AEC000A3F224731B6893F868321D4607F5F663F6
:10AED000A3F224731B6893F870321846FAF7E8F966
:10AEE000014607F5F663A3F224731B68D3F8982094
:10AEF00007F5F663A3F224731B68D3F8F836D31A68
:10AF000007F5F662A2F224721268D2F89820019234
:10AF100000930B462A4621465548F9F7A7FF07F547
:10AF2000F663A3F224731B685B68C7F8803007F5EB
:10AF3000F663A3F224731B689B68FB6707F5F6634F
:10AF4000A3F224731B68D3F8984007F5F663A3F2C5
:10AF500024731B68D3F89C5007F5F663A3F224739F
:10AF60001B6893F86832BB6707F5F663A3F2247396
:10AF70001B68D3F89830002B11DD07F5F663A3F2B8
:10AF800024731B68D3F8D82207F5F663A3F2247361
:10AF90001B68D3F898309A4201D1012600E00026C0
:10AFA00007F5F663A3F224731B68D3F89830002BDF
:10AFB00013DD07F5F663A3F224731B68D3F8DC22D4
:10AFC00007F5F663A3F224731B68D3F898309A420E
:10AFD00003D10123C7F8883002E00023C7F8883086
:10AFE00007F5F663A3F224731B68D3F89830002B9F
:10AFF00013DD07F5F663A3F224731B68D3F8E02290
:10B0000007F5F663A3F224731B68D3F898309A42CD
:10B0100003D10123C7F8843002E00023C7F884304D
:10B0200007F5F663A3F224731B6893F87032184691
:10B03000FAF73EF9024607F5F663A3F224731B689C
:10B0400093F8A030002B17D00A4B16E0F8A60108A1
:10B0500060A7010898A70108E0A7010814A8010843
:10B0600030A8010850A80108000000007CA80108D1
:10B07000A8A80108BC8B01080E4B08930792D7F8CB
:10B0800084300693D7F8883005930496BB6F0393FA
:10B0900002950194D7F89C370093FB6FD7F8802076
:10B0A00005210548F9F70EFF00BF07F2B477BD464A
:10B0B000F0BD00BFC48B0108ECA80108F0B5C1B019
:10B0C0001AAF78647B6C002B01D1A04B7B6400230A
:10B0D00087F87E3007F17E031846F9F7ADFEC7F812
:10B0E0009000F9F759FEC7F88C00D7F88C30002B88
:10B0F00003D0D7F88C30103300E00023C7F8883035
:10B1000007F148031846F6F731FB034687F8873006
:10B1100097F88730002B05D197F84830002B01D0E5
:10B12000012300E0002387F8863097F8863003F08B
:10B13000010387F8863097F88630002B08D007F196
:10B140004803D7F888101846F6F745FC034600E098
:10B15000012387F8853097F885301846F6F78CFC80
:10B16000C7F880000023C7F8943097F88530012B8A
:10B1700004D140F2FB13C7F8943019E097F88530FA
:10B18000022B04D140F2FD13C7F8943010E097F879
:10B190008530032B04D14FF4FE73C7F8943007E0D9
:10B1A00097F88530002B03D04FF4FF73C7F8943025
:10B1B000D7F89430002B0CBF0123002387F87F3091
:10B1C000634B1B68BB62634B1B687B62624B1B68F3
:10B1D0003B6297F87E30FB6197F88630BB6197F849
:10B1E0007F307B6197F87F303B61D7F88830002B48
:10B1F00014BF01230023DBB2FB60D7F88830002B9B
:10B2000004D0D7F888301B883B6401E000233B64FE
:10B21000D7F88830002B04D0D7F888309B78FB63B0
:10B2200001E00023FB63D7F88830002B04D0D7F867
:10B230008830DB78BB6301E00023BB63D7F888303C
:10B24000002B04D0D7F888301B797B6301E0002302
:10B250007B63D7F88830002B04D0D7F888305B792F
:10B260003B6301E000233B63D7F88830002B04D018
:10B27000D7F888309B79FB6201E00023FB62D7F8A6
:10B280008830002B03D0D7F888309C6800E0002479
:10B29000B7F84A30BB6097F84C307B6097F84D3078
:10B2A0001E4697F84E301D4697F84F30184697F8CF
:10B2B00050301946B7F872301A467B6F18931792C0
:10B2C00016911590149513967A681292BB68119393
:10B2D0001094FB6A0F933B6B0E937B6B0D93BB6BD0
:10B2E0000C93FB6B0B933B6C0A93D7F8803009935C
:10B2F000FB6808933B6907937B690693BB690593D9
:10B30000FB690493D7F8903003933B6A02937B6AFE
:10B310000193BB6A0093114B114A796C1148F9F7FC
:10B32000D1FD97F87F3083F00103DBB2002B06D00C
:10B33000D7F88020D7F894100B48F9F797FD97F8C5
:10B340007F3018469C37BD46F0BD00BFB888010865
:10B35000107AFF1F147AFF1F187AFF1F0C8D010847
:10B36000248D0108C0A9010814AC010880B5AEB055
:10B3700002AFF860B9607A603B608848F9F776FD03
:10B3800097F8B830002B01D0854B00E0854B18466C
:10B39000FFF794FE034683F00103DBB2002B04D0D9
:10B3A0000A20F9F7E9FC002352E27F4B1B680133C6
:10B3B0007D4A13607C4B1B68C7F89430F9F7DEFABE
:10B3C00007F15C031846F9F707FBF9F7FDFA07F1F7
:10B3D0003C031846F9F700FB07F13C031846FBF75E
:10B3E00063FD034683F00103DBB2002B07D00A2084
:10B3F000F9F7C2FC6D48F9F739FD002328E2F9F7A7
:10B40000B7FA01F0B7FBC7F89000694B1B7887F8D3
:10B410008F3097F88F30002B05D0664B1B68D7F81C
:10B420009020D31A00E00023C7F888304FF00003C3
:10B43000C7F8AC30002387F8AB30002387F8AA3078
:10B44000012387F8A9300023C7F8A4300023C7F8E8
:10B45000A0307EE007F110031846FAF795FC03468A
:10B4600087F8AB3097F8AB30002B78D1FAF756FD60
:10B47000D7F8A43041F6384202FB03F34E4A134496
:10B48000D7F894200021D7F8A000FBF799FD0346D8
:10B4900087F8AA30D7F8A43041F6384202FB03F30C
:10B4A000454A981807F1100307F13C0207F15C01C7
:10B4B000FBF743FD97F8A930002B0DD03E4AD7F893
:10B4C000A43041F6384101FB03F31344A0331B7849
:10B4D000002B01D0012300E0002387F8A93097F862
:10B4E000A93003F0010387F8A93097F8AA30002BA0
:10B4F00021D1314AD7F8A43041F6384101FB03F39A
:10B500001344A0331B78002B15D0D7F8A030002BA4
:10B5100011DB294AD7F8A43041F6384101FB03F387
:10B52000134403F5E163D3ED007A97ED2B7A77EEC0
:10B53000277AC7ED2B7AD7F8A4300133C7F8A430A7
:10B5400097F8AA30002B0CD1D7F8A0300133C7F8F8
:10B55000A030D7F8A030002B7FF77CAF02E000BF0F
:10B5600000E000BFF9F70AFA0820F9F705FC01F03E
:10B5700001FBC7F884000F4AD7F8843013600C4BE6
:10B5800001221A70D7F88420D7F89030D31AC7F860
:10B5900080300023C7F89C30C5E000BF4CAC0108E8
:10B5A00060AC010878AC0108F026002088AC0108E6
:10B5B000182700201427002008060020A64AD7F8E4
:10B5C0009C3041F6384101FB03F313446C33FA68B5
:10B5D0001A60A14AD7F89C3041F6384101FB03F3C9
:10B5E00013447033BA681A609B4AD7F89C3041F60E
:10B5F000384101FB03F3134474337A681A60964AA6
:10B60000D7F89C3041F6384101FB03F313447833FB
:10B610003A681A60904AD7F89C3041F6384101FBED
:10B6200003F313447C3397F8B8201A7097F8B830B6
:10B63000002B14BF01230023DBB283F00103DBB234
:10B6400003F00103D8B2844AD7F89C3041F6384160
:10B6500001FB03F313447D3302461A707E4AD7F888
:10B660009C3041F6384101FB03F313447E3397F8D5
:10B67000BC201A70784AD7F89C3041F6384101FB5B
:10B6800003F313447F3397F8C0201A70724AD7F837
:10B690009C3041F6384101FB03F313448033D7F863
:10B6A000C4201A606C4AD7F89C3041F6384101FB3F
:10B6B00003F313448433D7F8C8201A60664AD7F8D6
:10B6C0009C3041F6384101FB03F31344883397F86B
:10B6D000CC201A70604AD7F89C3041F6384101FB03
:10B6E00003F313448C33D7F880201A605A4AD7F8F2
:10B6F0009C3041F6384101FB03F313449033D7F8F3
:10B7000088201A60544AD7F89C3041F6384101FB32
:10B7100003F31344943397F88F201A70D7F89C30B2
:10B720000133C7F89C30D7F89C20D7F8A4309A4250
:10B73000FFF644AF0023C7F898300FE0D7F89830F1
:10B7400041F6384202FB03F3434A13441846FDF71F
:10B750008DFAD7F898300133C7F89830D7F8982089
:10B76000D7F8A4309A42E9DB97F8AB30012B07D128
:10B770000A20F9F701FB3948F9F778FB002367E065
:10B7800097F8AB30022B09D10A20F9F7F5FA44F605
:10B7900020613348F9F76AFB002359E097F8AB3092
:10B7A000032B07D10A20F9F7E7FA2E48F9F75EFBD9
:10B7B00000234DE097F8AA30002B0ED00A20F9F7AD
:10B7C000DBFA97F8AA301846F9F772FD03461946D6
:10B7D0002548F9F74BFB00233AE097F8A93083F0AE
:10B7E0000103DBB2002B07D00A20F9F7C5FA1F4886
:10B7F000F9F73CFB00232BE097F8B830002B0CD076
:10B800001B4B0193D7F894300093BB68FA6805216D
:10B810001848F9F757FB01231AE0D7F8AC30FB675B
:10B8200007F12C031021184697ED1F0AF9F786FB44
:10B8300007F12C0319461048F9F718FB07F12C0300
:10B8400019460E48F9F712FB0D48F9F70FFB0123D3
:10B850001846B037BD4680BD08060020CCAC0108B4
:10B86000E4AC010828AD010868AD01089CAD0108F1
:10B8700068930108E0AD010874AE01089CAE0108B0
:10B88000CCAE0108B0B58AB006AF444B1B68012BA3
:10B8900094BF01230023FB73FB7B002B01D000230B
:10B8A00002E03E4B1B68013BBB603D4B1C683B4BC1
:10B8B0001D683C4B1B783C4A12783C4909683C485F
:10B8C0000078059004913B49039102920193FB7B20
:10B8D00000930A23BA6829462046FFF747FD03462E
:10B8E000FB71314B00221A70FB7983F00103DBB24C
:10B8F000002B15D0304B03221A700A20F9F73CFABE
:10B90000274B1968254B1A68FB7B002B01D02B4B6A
:10B9100000E02B4B0093BB682A48F9F7A7FA39E0FF
:10B92000FB7B002B02D01F4B01221A701B4B1B68A4
:10B930000A2B0CD9204B03221A70194B19680B23C0
:10B9400000930A2301222048F9F790FA22E01F4BC6
:10B950001B681F4A1360154B00221A60144B00220B
:10B960001A70154B02221A700920F9F705FA0C4BD0
:10B9700019680A4B1A68FB7B002B01D00F4B00E0C3
:10B980000F4B144802900B4801900093BB6812487B
:10B99000F9F76CFA1037BD46B0BD00BF0427002090
:10B9A0000027002012270020112700200C2700204C
:10B9B00010270020C0D40100F8260020E88C0108E0
:10B9C000F88C0108D8AE010824AF01081427002024
:10B9D000082700205493010894AF010880B586B071
:10B9E00004AF0120F9F7C8F93B1D1846F5F772FDC1
:10B9F000034683F00103DBB2002B0FD00A20F9F7D6
:10BA0000BBF93B7919467B791A46BB791846FB7915
:10BA1000009303461D48F9F729FA33E01C4B1B78C5
:10BA2000012B2ED01A4B1B78022B2AD0194B1B68E6
:10BA30000133184A1360174B1B68174A1360174BE2
:10BA400001221A60164B00221A70164B01221A703E
:10BA5000154B00221A60154B00221A700C4B012264
:10BA60001A700D4B1968124B02930B2301930A2392
:10BA7000009301230F4A1048F9F7F8F9FFF702FF86
:10BA800000E000BF0837BD4680BD00BF00B0010820
:10BA9000F8260020FC260020002700200427002094
:10BAA00012270020112700200C270020102700203B
:10BAB000C0D40100689301084CB0010890B587B06C
:10BAC00004AF2C4B1B78022B4ED12B4B1B682B4900
:10BAD0001846FBF7D5F9034683F00103DBB2002BD0
:10BAE00044D101F047F80246234B1B68D31A244A7D
:10BAF0001360234B1B68A3F5EA33C03B7B607B6874
:10BB0000B3F5967F94BF01230023DAB21D4B1A7060
:10BB10001C4B1B7883F00103DBB2002B19D0154BB3
:10BB200003221A700A20F9F727F9174B1968174BE7
:10BB30001A68164B1B68581C114B1B684FF49674FF
:10BB4000029401930D4B009303461148F9F78EF9C7
:10BB50000DE00E4B1B6801330C4A1360054B0122AC
:10BB60001A70FFF78FFE02E000BF00E000BF0C3745
:10BB7000BD4690BDF826002008270020C0D4010053
:10BB80000C27002010270020002700200427002079
:10BB9000D4B0010890B583B000AFF8F7EFFE0020F5
:10BBA00009F0EEFC78600AF021FD04460AF02AFD57
:10BBB00002467B6821460648F9F758F9054B0022F2
:10BBC0001A700020F9F7D8F800BF0C37BD4690BDB9
:10BBD00064B101080406002080B584B000AF78602D
:10BBE000F8F7CCFE0120F9F7C7F81748FFF766FA17
:10BBF000164B00221A700020F9F7BEF80023FB72E2
:10BC0000134B186807F10B016423002207F006FFAD
:10BC1000F860FB68002B04D1FB7A012B01D1FFF700
:10BC2000DDFEFFF74BFF0B4B1B78032B06D0FB68A9
:10BC3000002BE3D1074B1B78002BDFD1054B0022F3
:10BC40001A70FFF7A7FFD9E7ACB10108040600207E
:10BC5000FC050020F826002080B500AF1B4B1B68B8
:10BC6000002B03D11A4B1B68002B01D000232AE0C4
:10BC700000220121012007F0FDFD0346134A136055
:10BC8000124B1B68002B01D100231CE0114A00213C
:10BC9000114807F041FD03460D4A13600C4B1B6829
:10BCA000002B09D1094B1B68184607F015FF074BFD
:10BCB00000221A60002306E0084B01221A700020BF
:10BCC000F9F75AF80123184680BD00BFFC05002093
:10BCD00000060020F0B20108D9BB000804060020CD
:10BCE00080B582B000AF124B1B68002B04D0114B03
:10BCF0001B78DBB2002B01D0002314E00D4B012296
:10BD00001A700123FB710A4B1868F91D00230022E9
:10BD100007F024FE0346002B04D0064B00221A70C5
:10BD2000002300E0012318460837BD4680BD00BF50
:10BD3000FC0500200406002080B400AF034B1B78F4
:10BD4000DBB21846BD465DF8047B70470406002050
:10BD5000B0B582B000AF786039607B68002B0ED040
:10BD60003B68002B0BD07A683B6814461D460FCD0C
:10BD70000FC42B682360786800F005F800E000BF6E
:10BD80000837BD46B0BD80B483B000AF78607B6833
:10BD9000002B0CD07B684FF000025A617B684FF09B
:10BDA00000029A617B684FF00002DA6100E000BF98
:10BDB0000C37BD465DF8047B704780B487B000AF98
:10BDC000786087ED000A7B68002B02D14FF00003FA
:10BDD00072E07B68D3ED007A97ED007A67EE277A00
:10BDE000C7ED047A7B6893ED057A7B68D3ED016A31
:10BDF000D7ED007A66EEA77A77EE277A7B68C3EDF7
:10BE0000057A7B68D3ED057AB0EEE77A7B68D3EDEF
:10BE1000037AB4EEE77AF1EE10FA03DD7B684FF0B7
:10BE200000025A617B6893ED027A7B68D3ED067A53
:10BE3000D7ED006A76EEE77A67EE277AC7ED037AE8
:10BE40007B683A689A617B6893ED057AD7ED047A4E
:10BE500077EE277A97ED037A77EE277AC7ED057AA2
:10BE60007B68D3ED047A97ED057AB4EEE77AF1EECC
:10BE700010FA02DD7B681B697B617B68D3ED047A75
:10BE8000F1EE677A97ED057AB4EEE77AF1EE10FA03
:10BE900006D57B68D3ED047AF1EE677AC7ED057AB3
:10BEA0007B6893ED077AD7ED057A77EE677A7B6842
:10BEB000C3ED077A7B68DB6907EE903AB0EE670A5C
:10BEC0001C37BD465DF8047B704780B483B000AF7B
:10BED00078607B68002B02D07B68DB6901E04FF063
:10BEE000000307EE903AB0EE670A0C37BD465DF8E6
:10BEF000047B7047B0B596B000AF3A4B07F13804F9
:10BF00001D460FCD0FC42B68236007F1380207F1DF
:10BF1000180311461846FFF71BFF07F11803B0EE90
:10BF2000000A1846FFF749FF87ED150A07F11803C5
:10BF3000BFEE000A1846FFF740FF87ED140A07F12D
:10BF400018031846FFF71FFF274B3C1D1D460FCD5A
:10BF50000FC42B6823603A1D07F1180311461846D9
:10BF6000FFF7F6FE07F11803B7EE000A1846FFF7D1
:10BF700024FF87ED130AD7ED157AB0EE007A77EE3D
:10BF8000877AF0EEE77A9FED197AF4EEC77AF1EE50
:10BF900010FA1FD5D7ED147AB7EE007A77EE877ACC
:10BFA000F0EEE77A9FED117AF4EEC77AF1EE10FA2F
:10BFB00010D5D7ED137AB1EE047A77EE877AF0EEEA
:10BFC000E77A9FED0A7AF4EEC77AF1EE10FA01D51E
:10BFD000012300E0002303F00103DBB218465837C9
:10BFE000BD46B0BDECB1010800B2010817B7D138A9
:10BFF00080B582B000AF00237B60124B5B6C114AAE
:10C0000043F4804353640F4B5B6C03F480437B60C9
:10C010007B6800233B600B4B1B6C0A4A43F0805348
:10C020001364084B1B6C03F080533B603B68002299
:10C030000F216FF0010001F0FBF900BF0837BD468A
:10C0400080BD00BF0038024080B58AB000AF786084
:10C0500007F1140300221A605A609A60DA601A61CC
:10C060007B681B68334A93425FD100233B61324BAC
:10C070005B6C314A43F4807353642F4B5B6C03F465
:10C0800080733B613B690023FB602B4B1B6B2A4A8F
:10C0900043F001031363284B1B6B03F00103FB60A8
:10C0A000FB6812237B610323BB610023FB6107F163
:10C0B00014031946214801F06FFD214B214A1A60F3
:10C0C0001F4B00225A601E4B00229A601C4B00221C
:10C0D000DA601B4B4FF480621A61194B4FF4006217
:10C0E0005A61174B4FF400529A61154B4FF480720E
:10C0F000DA61134B00221A62114B00225A62104877
:10C1000001F0C0F90346002B01D0F8F7A3FB7B68D0
:10C110000B4A9A630A4A7B68936300220521122026
:10C1200001F086F9122001F09FF900BF2837BD46C3
:10C1300080BD00BF002001400038024000000240E6
:10C14000C40000201064024080B58CB000AF78605D
:10C1500007F11C0300221A605A609A60DA601A61C3
:10C160007B681B68524A93422DD10023BB61514B1F
:10C170001B6B504A43F0020313634E4B1B6B03F0DF
:10C180000203BB61BB694FF4C073FB6112233B62C6
:10C1900000237B620323BB620423FB6207F11C03C1
:10C1A0001946454801F0F8FC00237B61414B1B6CAC
:10C1B000404A43F4001313643E4B1B6C03F400131A
:10C1C0007B617B696FE07B681B683C4A93426AD164
:10C1D00000233B61374B1B6B364A43F0020313636A
:10C1E000344B1B6B03F002033B613B694FF440632C
:10C1F000FB6112233B6201237B620023BB620423A9
:10C20000FB6207F11C0319462B4801F0C5FC002313
:10C21000FB60284B1B6C274A43F480031364254BB7
:10C220001B6C03F48003FB60FB68254B254A1A60F6
:10C23000234B4FF060625A60214B40229A60204BA2
:10C240000022DA601E4B4FF480621A611C4B002200
:10C250005A611B4B00229A61194B0022DA61184B7C
:10C2600000221A62164B00225A62154801F00AF9A0
:10C270000346002B01D0F8F7EDFA7B68104A5A63A9
:10C280000F4A7B68936300220521212001F0D0F83A
:10C29000212001F0E9F800220521222001F0C8F850
:10C2A000222001F0E1F800BF3037BD4680BD00BF5D
:10C2B0000054004000380240000402400058004092
:10C2C000CC010020B860024080B58AB000AF786031
:10C2D00007F1140300221A605A609A60DA601A614A
:10C2E0007B681B68194A93422BD100233B61184B92
:10C2F0005B6C174A43F480535364154B5B6C03F437
:10C3000080533B613B690023FB60114B1B6B104A60
:10C3100043F0020313630E4B1B6B03F00203FB603D
:10C32000FB6838237B610223BB610123FB6103238C
:10C330003B6205237B6207F114031946054801F0AF
:10C340002BFC00BF2837BD4680BD00BF0030014038
:10C35000003802400004024080B58AB000AF786027
:10C3600007F1140300221A605A609A60DA601A61B9
:10C370007B681B68274A93420ED100233B61264B02
:10C380005B6C254A43F001035364234B5B6C03F061
:10C3900001033B613B6939E07B681B68B3F1804F67
:10C3A00034D10023FB601C4B1B6C1B4A43F0010380
:10C3B0001364194B1B6C03F00103FB60FB68002343
:10C3C000BB60154B1B6B144A43F001031363124B04
:10C3D0001B6B03F00103BB60BB684FF400437B6140
:10C3E0000223BB610123FB6100233B6201237B62CB
:10C3F00007F114031946094801F0CEFB002205217C
:10C400001C2001F015F81C2001F02EF800BF283781
:10C41000BD4680BD000001400038024000000240DF
:10C4200080B584B000AF78607B681B680E4A934289
:10C4300015D10023FB600D4B5B6C0C4A43F00203EB
:10C4400053640A4B5B6C03F00203FB60FB68002241
:10C4500005212D2000F0ECFF2D2001F005F800BF94
:10C460001037BD4680BD00BF0004014000380240C7
:10C4700080B58AB000AF786007F1140300221A601B
:10C480005A609A60DA601A617B681B68244A93429A
:10C490001FD100233B61234B1B6B224A43F0010356
:10C4A0001363204B1B6B03F001033B613B694FF4AB
:10C4B000E0637B610223BB610023FB6100233B62DD
:10C4C00001237B6207F114031946174801F064FB4E
:10C4D00022E07B681B68154A93421DD10023FB6054
:10C4E000104B1B6B0F4A43F0040313630D4B1B6B84
:10C4F00003F00403FB60FB6840237B610223BB6104
:10C500000023FB6100233B6203237B6207F11403DA
:10C510001946074801F040FB00BF2837BD4680BDE3
:10C5200000000140003802400000024000040140C9
:10C530000008024080B58CB000AF786007F11C03A2
:10C5400000221A605A609A60DA601A617B681B6880
:10C55000984A934240F092800023BB61964B1B6C3B
:10C56000954A43F400331364934B1B6C03F400337C
:10C57000BB61BB6900237B618F4B1B6B8E4A43F011
:10C58000010313638C4B1B6B03F001037B617B691D
:10C590000C23FB6102233B6200237B620323BB620B
:10C5A0000723FB6207F11C031946844801F0F4FAE3
:10C5B000834B844A1A60824B4FF000625A60804B72
:10C5C00040229A607E4B0022DA607D4B4FF48062FD
:10C5D0001A617B4B00225A61794B00229A61784B99
:10C5E0000022DA61764B00221A62754B00225A62F1
:10C5F000734800F047FF0346002B01D0F8F72AF9F3
:10C600007B686F4A5A636E4A7B6893636E4B6F4ACE
:10C610001A606D4B4FF000625A606B4B00229A60BB
:10C62000694B0022DA60684B4FF480621A61664BF6
:10C6300000225A61644B00229A61634B4FF480726E
:10C64000DA61614B00221A625F4B00225A625E4837
:10C6500000F018FF0346002B01D0F8F7FBF87B68C9
:10C66000594A9A63584A7B68936300220521262021
:10C6700000F0DEFE262000F0F7FE97E07B681B68E6
:10C68000534A934240F0928000233B614A4B1B6C1B
:10C69000494A43F480231364474B1B6C03F4802303
:10C6A0003B613B690023FB60434B1B6B424A43F0F9
:10C6B00004031363404B1B6B03F00403FB60FB6834
:10C6C0004FF44063FB6102233B6200237B62032340
:10C6D000BB620723FB6207F11C0319463D4801F0CA
:10C6E0005BFA3D4B3D4A1A603B4B4FF000625A608B
:10C6F000394B40229A60384B0022DA60364B4FF4B7
:10C7000080621A61344B00225A61334B00229A61D5
:10C71000314B0022DA61304B00221A622E4B00228C
:10C720005A622D4800F0AEFE0346002B01D0F8F708
:10C7300091F87B68284A5A63274A7B689363284BA1
:10C74000284A1A60264B4FF000625A60244B0022A0
:10C750009A60234B0022DA60214B4FF480621A6109
:10C760001F4B00225A611E4B00229A611C4B4FF452
:10C770008072DA611A4B00221A62194B00225A6247
:10C78000174800F07FFE0346002B01D0F8F762F84F
:10C790007B68134A9A63124A7B68936300220521DF
:10C7A000272000F045FE272000F05EFE00BF303756
:10C7B000BD4680BD004400400038024000000240F9
:10C7C000E4030020A060024044040020886002408E
:10C7D0000048004000080240A404002058600240C5
:10C7E000040500202860024080B58EB000AF78605C
:10C7F0000023FB620023BB620023FB60334B1B6CF6
:10C80000324A43F480731364304B1B6C03F480731F
:10C81000FB60FB6807F1100207F11403114618468C
:10C8200003F05AFE3B6AFB62FB6A002B03D103F064
:10C830002BFE786304E003F027FE03465B007B6376
:10C840007B6B234AA2FB03239B0C013BBB62214B66
:10C85000214A1A601F4B40F2E732DA601D4ABB6A78
:10C8600053601C4B00221A611A4B00229A60194B2C
:10C8700000229A61174804F009FC034687F8333018
:10C8800097F83330002B1BD1124804F04FFC0346BD
:10C8900087F8333097F83330002B11D12D2000F07A
:10C8A000E3FD7B680F2B08D8002279682D2000F06B
:10C8B000BFFD0A4A7B68136002E0012387F833302A
:10C8C00097F8333018463837BD4680BD00380240EF
:10C8D00083DE1B431C2700200020004004000020B2
:10C8E00080B400AF00BFFDE780B400AF00BFFDE73C
:10C8F00080B400AF00BFFDE780B400AF00BFFDE72C
:10C9000080B400AF00BFFDE780B400AF00BFBD46FC
:10C910005DF8047B7047000080B500AF024800F06E
:10C92000F1FE00BF80BD00BF0405002080B500AF50
:10C93000024800F0E7FE00BF80BD00BFA404002055
:10C9400080B500AF024800F0DDFE00BF80BD00BF33
:10C950004404002080B500AF024800F0D3FE00BFC1
:10C9600080BD00BFE403002080B500AF024800F0A6
:10C9700050F900BF80BD00BF7C00002080B500AF33
:10C98000024804F0B4FD00BF80BD00BFCC0200200F
:10C9900080B500AF024801F02BFC00BF80BD00BF96
:10C9A0007801002080B500AF024801F092FD00BF81
:10C9B00080BD00BF7801002080B500AF024805F0BF
:10C9C000E9FE00BF80BD00BF5C03002080B500AF62
:10C9D000024805F0DFFE00BF80BD00BFA0030020BD
:10C9E00080B500AF034804F082FD034804F07FFDEA
:10C9F00000BF80BD140300201C27002080B500AFBD
:10CA0000024800F07FFE00BF80BD00BFCC010020C7
:10CA100080B500AF024800F075FE00BF80BD00BFCA
:10CA2000C400002080B586B000AF7860144A154B72
:10CA3000D31A7B617B693B61134B1B68002B02D1CE
:10CA4000114B124A1A60104B1A687B6813443A69FA
:10CA50009A4207D209F076FF03460C221A604FF083
:10CA6000FF3309E0084B1B68FB60074B1A687B68C3
:10CA70001344054A1360FB6818461837BD4680BD4D
:10CA8000000002200004000064270020A0D801203C
:10CA900080B400AF064BD3F88830054A43F47003E6
:10CAA000C2F8883000BFBD465DF8047B704700BF08
:10CAB00000ED00E0DFF834D00D480E490E4A0023A7
:10CAC00002E0D458C4500433C4188C42F9D30B4A42
:10CAD0000B4C002301E013600432A242FBD3FFF7AA
:10CAE000D7FF09F035FFF6F7AFFE704700000220D0
:10CAF000000000206000002090B7010860000020C6
:10CB00009CD80120FEE7000080B500AF0E4B1B68EB
:10CB10000D4A43F4007313600B4B1B680A4A43F43D
:10CB200080631360084B1B68074A43F480731360EB
:10CB3000032000F072FC0520FFF756FEFFF758FABD
:10CB40000023184680BD00BF003C024080B400AF07
:10CB5000064B1B781A46064B1B681344044A1360A5
:10CB600000BFBD465DF8047B704700BF0800002091
:10CB70006827002080B400AF034B1B681846BD46F1
:10CB80005DF8047B704700BF6827002080B584B043
:10CB900000AF78600023FB737B68002B01D1012379
:10CBA00033E07B681B6C002B09D17868FFF74CFAE7
:10CBB0007B6800225A647B68002283F83C207B68F3
:10CBC0001B6C03F01003002B18D17B681B6C23F443
:10CBD000885323F0020343F002027B681A647868EA
:10CBE00000F068FA7B6800225A647B681B6C23F0B3
:10CBF000030343F001027B681A6401E00123FB7325
:10CC00007B68002283F83C20FB7B18461037BD462A
:10CC100080BD80B586B000AF786000237B610023C3
:10CC20003B617B681B681B68FB607B681B685B68FB
:10CC3000BB60FB6803F002037B61BB6803F0200369
:10CC40003B617B69002B49D03B69002B46D07B6858
:10CC50001B6C03F01003002B05D17B681B6C43F4A5
:10CC600000727B681A647B681B689B6803F0405302
:10CC7000002B2BD17B681B7E002B27D17B681B6888
:10CC8000DB6A03F47003002B06D07B681B689B688B
:10CC900003F48063002B19D17B681B685A687B689A
:10CCA0001B6822F020025A607B681B6C23F48072A0
:10CCB0007B681A647B681B6C03F48053002B05D1DE
:10CCC0007B681B6C43F001027B681A64786800F093
:10CCD000B0F87B681B686FF012021A60FB6803F003
:10CCE00004037B61BB6803F080033B617B69002B1D
:10CCF00057D03B69002B54D07B681B6C03F01003AA
:10CD0000002B05D17B681B6C43F400527B681A64CE
:10CD10007B681B689B6803F44013002B39D17B6848
:10CD20001B689B6B03F44013002B06D07B681B68C9
:10CD30009B6803F48063002B2BD17B681B685B68C6
:10CD400003F48063002B24D17B681B689B6803F08D
:10CD50004053002B1DD17B681B7E002B19D17B68B3
:10CD60001B685A687B681B6822F080025A607B68E7
:10CD70001B6C23F480527B681A647B681B6C03F481
:10CD80008073002B05D17B681B6C43F001027B682C
:10CD90001A64786800F08AFA7B681B686FF00C02EE
:10CDA0001A60FB6803F001037B61BB6803F040037A
:10CDB0003B617B69002B17D03B69002B14D07B684B
:10CDC0001B681B6803F00103012B0DD17B681B6CF2
:10CDD00043F480327B681A64786800F034F87B682A
:10CDE0001B686FF001021A60FB6803F020037B618F
:10CDF000BB6803F080633B617B69002B15D03B6906
:10CE0000002B12D07B685B6C43F002027B685A6493
:10CE10007B681B686FF020021A60786800F01DF8CC
:10CE20007B681B686FF020021A6000BF1837BD4690
:10CE300080BD80B483B000AF786000BF0C37BD46C2
:10CE40005DF8047B704780B483B000AF786000BFAA
:10CE50000C37BD465DF8047B704780B483B000AFEB
:10CE6000786000BF0C37BD465DF8047B704700005A
:10CE700080B485B000AF786039600023BB607B6808
:10CE800093F83C30012B01D1022305E17B6801229C
:10CE900083F83C203B681B68092B25D97B681B68FD
:10CEA000D9683B681B689BB21A4613465B00134463
:10CEB0001E3B072202FA03F3DA437B681B680A4031
:10CEC000DA607B681B68D9683B689A683B681B68B6
:10CED0009BB2184603465B0003441E3B9A407B68A6
:10CEE0001B680A43DA6022E07B681B6819693B68AB
:10CEF0001B689BB21A4613465B001344072202FAD2
:10CF000003F3DA437B681B680A401A617B681B687D
:10CF100019693B689A683B681B689BB218460346D0
:10CF20005B0003449A407B681B680A431A613B68B4
:10CF30005B68062B24D87B681B68596B3B685A6872
:10CF400013469B001344053B1F2202FA03F3DA4306
:10CF50007B681B680A405A637B681B68596B3B6897
:10CF60001B689BB218463B685A6813469B001344E3
:10CF7000053B00FA03F27B681B680A435A634CE0E6
:10CF80003B685B680C2B24D87B681B68196B3B687B
:10CF90005A6813469B001344233B1F2202FA03F3F3
:10CFA000DA437B681B680A401A637B681B68196B4D
:10CFB0003B681B689BB218463B685A6813469B0047
:10CFC0001344233B00FA03F27B681B680A431A638D
:10CFD00023E07B681B68D96A3B685A6813469B004C
:10CFE0001344413B1F2202FA03F3DA437B681B68B8
:10CFF0000A40DA627B681B68D96A3B681B689BB28F
:10D0000018463B685A6813469B001344413B00FA9C
:10D0100003F27B681B680A43DA62224BFB607B6881
:10D020001B68214A934209D13B681B68122B05D12A
:10D03000FB685B6843F48002FB685A607B681B688E
:10D04000194A934223D13B681B68102B03D03B68DD
:10D050001B68112B1BD1FB685B6843F40002FB6863
:10D060005A603B681B68102B11D1104B1B68104A8B
:10D07000A2FB03239A0C13469B0013445B00BB6086
:10D0800002E0BB68013BBB60BB68002BF9D17B6849
:10D09000002283F83C20002318461437BD465DF873
:10D0A000047B704700230140002001400000002065
:10D0B00083DE1B4380B485B000AF7860794BFB60A2
:10D0C000FB685B6823F44032FB685A60FB685A686F
:10D0D0007B685B681A43FB685A607B681B685A6808
:10D0E0007B681B6822F480725A607B681B685968F1
:10D0F0007B681B691A027B681B680A435A607B685D
:10D100001B685A687B681B6822F040725A607B6813
:10D110001B6859687B689A687B681B680A435A6079
:10D120007B681B689A687B681B6822F400629A60BF
:10D130007B681B6899687B68DA687B681B680A43B0
:10D140009A607B689B6A584A934222D07B681B682E
:10D150009A687B681B6822F070629A607B681B6823
:10D1600099687B689A6A7B681B680A439A607B6847
:10D170001B689A687B681B6822F040529A607B6843
:10D180001B6899687B68DA6A7B681B680A439A6047
:10D190000FE07B681B689A687B681B6822F07062EE
:10D1A0009A607B681B689A687B681B6822F0405213
:10D1B0009A607B681B689A687B681B6822F0020291
:10D1C0009A607B681B6899687B681B7E5A007B6845
:10D1D0001B680A439A607B6893F82030002B1BD0B1
:10D1E0007B681B685A687B681B6842F400625A605F
:10D1F0007B681B685A687B681B6822F460425A602F
:10D200007B681B6859687B685B6A013B5A037B68D3
:10D210001B680A435A6007E07B681B685A687B6892
:10D220001B6822F400625A607B681B68DA6A7B68BC
:10D230001B6822F47002DA627B681B68D96A7B681B
:10D24000DB69013B1A057B681B680A43DA627B686D
:10D250001B689A687B681B6822F400729A607B687E
:10D260001B6899687B6893F830305A027B681B68AA
:10D270000A439A607B681B689A687B681B6822F483
:10D2800080629A607B681B6899687B685B699A0218
:10D290007B681B680A439A6000BF1437BD465DF87F
:10D2A000047B7047002301400100000F80B483B06D
:10D2B00000AF786000BF0C37BD465DF8047B704757
:10D2C00080B485B000AF78607B6803F00703FB6033
:10D2D0000C4BDB68BB60BA684FF6FF031340BB60C2
:10D2E000FB681A02BB68134343F0BF6343F4003387
:10D2F000BB60044ABB68D36000BF1437BD465DF80D
:10D30000047B704700ED00E080B400AF044BDB68A5
:10D310001B0A03F007031846BD465DF8047B7047FF
:10D3200000ED00E080B483B000AF0346FB7197F9D5
:10D330000730002B0BDBFB7903F01F02074997F93D
:10D3400007305B09012000FA02F241F8232000BFF8
:10D350000C37BD465DF8047B704700BF00E100E07C
:10D3600080B483B000AF03463960FB7197F9073092
:10D37000002B0ADB3B68DAB20C4997F9073012013F
:10D38000D2B20B4483F800230AE03B68DAB20849C2
:10D39000FB7903F00F03043B1201D2B20B441A765F
:10D3A00000BF0C37BD465DF8047B704700E100E02C
:10D3B00000ED00E080B489B000AFF860B9607A6039
:10D3C000FB6803F00703FB61FB69C3F10703042B50
:10D3D00028BF0423BB61FB690433062B02D9FB6918
:10D3E000033B00E000237B614FF0FF32BB6902FA90
:10D3F00003F3DA43BB681A407B699A404FF0FF3170
:10D400007B6901FA03F3D9437B680B401343184649
:10D410002437BD465DF8047B704780B582B000AF0D
:10D4200078607868FFF74CFF00BF0837BD4680BDC5
:10D4300080B586B000AF0346B9607A60FB73002305
:10D440007B61FFF761FF78617A68B9687869FFF7F7
:10D45000B1FF024697F90F3011461846FFF780FFDB
:10D4600000BF1837BD4680BD80B582B000AF03460F
:10D47000FB7197F907301846FFF754FF00BF0837D4
:10D48000BD4680BD80B586B000AF786000237B616B
:10D49000FFF770FB38617B68002B01D1012399E015
:10D4A0007B68022283F835207B68002283F83420D1
:10D4B0007B681B681A687B681B6822F001021A608F
:10D4C0000FE0FFF757FB02463B69D31A052B08D93B
:10D4D0007B6820225A657B68032283F8352003236A
:10D4E00078E07B681B681B6803F00103002BE8D120
:10D4F0007B681B681B687B617A69384B13407B61D2
:10D500007B685A687B689B681A437B68DB681A43B0
:10D510007B681B691A437B685B691A437B689B695C
:10D520001A437B68DB691A437B681B6A13437A6979
:10D5300013437B617B685B6A042B07D17B68DA6AE3
:10D540007B681B6B13437A6913437B617B681B68A1
:10D550007A691A607B681B685B697B617B6923F071
:10D5600007037B617B685B6A7A6913437B617B6835
:10D570005B6A042B17D17B689B6A7A6913437B61D2
:10D580007B68DB6A002B0ED0786800F089FA0346CE
:10D59000002B08D07B6840225A657B68012283F803
:10D5A0003520012316E07B681B687A695A61786828
:10D5B00000F040FA0346FB607B68DB6D3F229A4037
:10D5C000FB689A607B6800225A657B68012283F8B9
:10D5D0003520002318461837BD4680BD3F8010F027
:10D5E00080B584B000AF78607B689B6DFB60FFF70F
:10D5F000C1FAB8607B6893F83530DBB2022B08D0F3
:10D600007B6880225A657B68002283F834200123DE
:10D6100052E07B681B681A687B681B6822F0160260
:10D620001A607B681B685A697B681B6822F080025D
:10D630005A617B681B6C002B03D17B689B6C002BB1
:10D6400007D07B681B681A687B681B6822F0080299
:10D650001A607B681B681A687B681B6822F00102ED
:10D660001A6013E0FFF786FA0246BB68D31A052B4F
:10D670000CD97B6820225A657B68032283F8352009
:10D680007B68002283F83420032315E07B681B6845
:10D690001B6803F00103002BE4D17B68DB6D3F22A4
:10D6A0009A40FB689A607B68012283F835207B688A
:10D6B000002283F83420002318461037BD4680BD71
:10D6C00080B483B000AF78607B6893F83530DBB20C
:10D6D000022B04D07B6880225A6501230CE07B6812
:10D6E000052283F835207B681B681A687B681B68F5
:10D6F00022F001021A60002318460C37BD465DF87F
:10D70000047B704780B586B000AF78600023BB60B3
:10D710008E4B1B688E4AA2FB03239B0A7B617B68AE
:10D720009B6D3B613B691B68FB607B68DB6D08227E
:10D730009A40FB681340002B1AD07B681B681B685B
:10D7400003F00403002B13D07B681B681A687B6806
:10D750001B6822F004021A607B68DB6D08229A4085
:10D760003B699A607B685B6D43F001027B685A6598
:10D770007B68DB6D01229A40FB681340002B12D0BE
:10D780007B681B685B6903F08003002B0BD07B6810
:10D79000DB6D01229A403B699A607B685B6D43F0C8
:10D7A00002027B685A657B68DB6D04229A40FB6845
:10D7B0001340002B12D07B681B681B6803F0020328
:10D7C000002B0BD07B68DB6D04229A403B699A608A
:10D7D0007B685B6D43F004027B685A657B68DB6D98
:10D7E00010229A40FB681340002B43D07B681B68D3
:10D7F0001B6803F00803002B3CD07B68DB6D102214
:10D800009A403B699A607B681B681B6803F480231D
:10D81000002B18D07B681B681B6803F40023002BC7
:10D8200008D17B681B6C002B24D07B681B6C78684C
:10D8300098471FE07B689B6C002B1BD07B689B6C20
:10D840007868984716E07B681B681B6803F4807350
:10D85000002B07D17B681B681A687B681B6822F065
:10D8600008021A607B681B6C002B03D07B681B6C62
:10D87000786898477B68DB6D20229A40FB681340EC
:10D88000002B00F08F807B681B681B6803F010037F
:10D89000002B00F087807B68DB6D20229A403B697B
:10D8A0009A607B6893F83530DBB2052B36D17B6804
:10D8B0001B681A687B681B6822F016021A607B6876
:10D8C0001B685A697B681B6822F080025A617B687A
:10D8D0001B6C002B03D17B689B6C002B07D07B68F3
:10D8E0001B681A687B681B6822F008021A607B6854
:10D8F000DB6D3F229A403B699A607B68012283F886
:10D9000035207B68002283F834207B681B6D002B58
:10D910007ED07B681B6D7868984779E07B681B68D0
:10D920001B6803F48023002B1DD07B681B681B68D9
:10D9300003F40023002B0DD17B685B6C002B31D0EE
:10D940007B685B6C786898472CE000BF0000002083
:10D95000B5814E1B7B68DB6B002B23D07B68DB6BB8
:10D96000786898471EE07B681B681B6803F4807327
:10D97000002B0FD17B681B681A687B681B6822F03C
:10D9800010021A607B68012283F835207B68002230
:10D9900083F834207B68DB6B002B03D07B68DB6B68
:10D9A000786898477B685B6D002B32D07B685B6D35
:10D9B00003F00103002B22D07B68052283F8352079
:10D9C0007B681B681A687B681B6822F001021A607A
:10D9D000BB680133BB607A699A4207D37B681B68D6
:10D9E0001B6803F00103002BF2D100E000BF7B684D
:10D9F000012283F835207B68002283F834207B687D
:10DA0000DB6C002B05D07B68DB6C7868984700E006
:10DA100000BF1837BD4680BD80B483B000AF7860CA
:10DA20007B6893F83530DBB218460C37BD465DF89D
:10DA3000047B704780B485B000AF78607B681B685A
:10DA4000DBB2103B144AA2FB03231B09FB60134A01
:10DA5000FB6813441B781A467B68DA65FB68032B66
:10DA600009D97B681B6823F47F7323F003031A1D15
:10DA70007B689A6507E07B681B6823F47F7323F05B
:10DA800003037A6893657B689B6D18461437BD461F
:10DA90005DF8047B704700BFABAAAAAA2CB30108AB
:10DAA00080B485B000AF78600023FB737B689B6A0D
:10DAB000BB607B689B69002B1FD1BB68032B56D8CA
:10DAC00001A252F823F000BFD9DA0008EBDA00080F
:10DAD000D9DA00086FDB00087B68DB6A03F080732B
:10DAE000002B46D00123FB7343E07B68DB6AB3F174
:10DAF000C07F40D10123FB733DE07B689B69B3F598
:10DB0000005F21D1BB68032B37D801A252F823F064
:10DB100021DB000827DB000821DB000839DB0008D7
:10DB20000123FB7330E07B68DB6A03F08073002B1A
:10DB300025D00123FB7322E07B68DB6AB3F1C07F51
:10DB40001FD10123FB731CE0BB68022B03D9BB6808
:10DB5000032B03D018E00123FB7315E07B68DB6A1D
:10DB600003F08073002B0ED00123FB730BE000BF8A
:10DB70000AE000BF08E000BF06E000BF04E000BF0D
:10DB800002E000BF00E000BFFB7B18461437BD4633
:10DB90005DF8047B704700BF80B489B000AF786047
:10DBA000396000237B6100233B610023BB610023BC
:10DBB000FB616BE10122FB6902FA03F37B613B68C5
:10DBC0001B687A6913403B613A697B699A4240F06D
:10DBD0005A813B685B6803F00303012B05D03B6867
:10DBE0005B6803F00303022B30D17B689B68BB6149
:10DBF000FB695B00032202FA03F3DB43BA691340BB
:10DC0000BB613B68DA68FB695B0002FA03F3BA693F
:10DC10001343BB617B68BA699A607B685B68BB61D0
:10DC20000122FB6902FA03F3DB43BA691340BB61CB
:10DC30003B685B681B0903F00102FB6902FA03F30E
:10DC4000BA691343BB617B68BA695A603B685B6819
:10DC500003F00303032B17D07B68DB68BB61FB6910
:10DC60005B00032202FA03F3DB43BA691340BB6192
:10DC70003B689A68FB695B0002FA03F3BA691343D5
:10DC8000BB617B68BA69DA603B685B6803F00303D9
:10DC9000022B23D1FB69DA087B68083253F8223063
:10DCA000BB61FB6903F007039B000F2202FA03F339
:10DCB000DB43BA691340BB613B681A69FB6903F037
:10DCC00007039B0002FA03F3BA691343BB61FB69C4
:10DCD000DA087B680832B96943F822107B681B6850
:10DCE000BB61FB695B00032202FA03F3DB43BA6901
:10DCF0001340BB613B685B6803F00302FB695B0098
:10DD000002FA03F3BA691343BB617B68BA691A600C
:10DD10003B685B6803F44033002B00F0B4800023C1
:10DD2000FB60604B5B6C5F4A43F4804353645D4B24
:10DD30005B6C03F48043FB60FB685B4AFB699B08F8
:10DD4000023352F82330BB61FB6903F003039B00ED
:10DD50000F2202FA03F3DB43BA691340BB617B680D
:10DD6000524A93422BD07B68514A934225D07B681C
:10DD7000504A93421FD07B684F4A934219D07B6828
:10DD80004E4A934213D07B684D4A93420DD07B6834
:10DD90004C4A934207D07B684B4A934201D10723F8
:10DDA0000EE008230CE006230AE0052308E0042324
:10DDB00006E0032304E0022302E0012300E0002345
:10DDC000FA6902F0030292009340BA691343BB61FF
:10DDD0003549FB699B080233BA6941F823203B4B64
:10DDE0009B68BB613B69DB43BA691340BB613B681D
:10DDF0005B6803F48013002B03D0BA693B691343BB
:10DE0000BB61324ABB699360304BDB68BB613B69E5
:10DE1000DB43BA691340BB613B685B6803F40013E2
:10DE2000002B03D0BA693B691343BB61274ABB6926
:10DE3000D360264B5B68BB613B69DB43BA69134027
:10DE4000BB613B685B6803F40033002B03D0BA6905
:10DE50003B691343BB611D4ABB6953601B4B1B6885
:10DE6000BB613B69DB43BA691340BB613B685B68DC
:10DE700003F48033002B03D0BA693B691343BB61C1
:10DE8000124ABB691360FB690133FB61FB690F2B0D
:10DE90007FF690AE00BF00BF2437BD465DF8047B1F
:10DEA000704700BF003802400038014000000240C7
:10DEB0000004024000080240000C02400010024032
:10DEC0000014024000180240001C0240003C0140C7
:10DED00080B485B000AF78600B467B807B681A69A0
:10DEE0007B881340002B02D00123FB7301E0002349
:10DEF000FB73FB7B18461437BD465DF8047B704707
:10DF000080B483B000AF78600B467B8013467B7093
:10DF10007B78002B03D07A887B689A6103E07B884A
:10DF20001A047B689A6100BF0C37BD465DF8047B1C
:10DF3000704780B485B000AF78600B467B807B680B
:10DF40005B69FB607A88FB6813401A04FB68D9435D
:10DF50007B880B401A437B689A6100BF1437BD462B
:10DF60005DF8047B7047000080B584B000AF786036
:10DF70007B68002B01D101232BE17B6893F83D30B6
:10DF8000DBB2002B06D17B68002283F83C20786846
:10DF9000FEF7DAF87B68242283F83D207B681B6853
:10DFA0001A687B681B6822F001021A607B681B6894
:10DFB0001A687B681B6842F400421A607B681B6821
:10DFC0001A687B681B6822F400421A6002F05CFA4F
:10DFD000F8607B685B68814A934207D8FB68804A97
:10DFE000934294BF01230023DBB206E0FB687D4A25
:10DFF000934294BF01230023DBB2002B01D0012305
:10E00000E7E0FB68784AA2FB03239B0CBB607B68BC
:10E010001B685B6823F03F017B681B68BA680A4392
:10E020005A607B681B681B6A23F03F017B685B6852
:10E030006A4A934202D8BB68013309E0BB684FF4D7
:10E04000967202FB03F3694AA2FB03239B09013387
:10E050007A6812680B4313627B681B68DB6923F4E0
:10E060004F4222F0FF027B685B685C498B4219D803
:10E07000FB68591E7B685B685B00B1FBF3F3591CBE
:10E0800040F6FC730B40002B0AD0FB68591E7B68DE
:10E090005B685B00B1FBF3F30133C3F30B0351E0A7
:10E0A00004234FE07B689B68002B11D1FB68581E4E
:10E0B0007B6859680B465B000B44B0FBF3F30133FC
:10E0C000C3F30B03002B0CBF01230023DBB212E0D0
:10E0D000FB68581E7B6859680B469B000B449900EF
:10E0E0000B44B0FBF3F30133C3F30B03002B0CBF62
:10E0F00001230023DBB2002B01D0012322E07B6847
:10E100009B68002B0ED1FB68581E7B6859680B4634
:10E110005B000B44B0FBF3F30133C3F30B0343F495
:10E1200000430FE0FB68581E7B6859680B469B0054
:10E130000B4499000B44B0FBF3F30133C3F30B031F
:10E1400043F44043796809681343CB617B681B68DB
:10E150001B6823F0C0017B68DA697B681B6A1A437D
:10E160007B681B680A431A607B681B689B6823F402
:10E17000034323F0FF037A6811697A68D268114378
:10E180007A6812680B4393607B681B68DB6823F036
:10E19000FF017B685A697B689B691A437B681B682F
:10E1A0000A43DA607B681B681A687B681B6842F068
:10E1B00001021A607B6800221A647B68202283F8BF
:10E1C0003D207B6800221A637B68002283F83E2092
:10E1D000002318461037BD4680BD00BFA086010051
:10E1E0007F841E00FF083D0083DE1B43D34D621079
:10E1F00080B588B000AF78600023BB617B681B6886
:10E200005B687B617B68DB6A3B617B6893F83E30CF
:10E21000FB737B6893F83D30BB73FB7B102B03D003
:10E22000FB7B402B40F0C1807B681B689B69BB6116
:10E230007B681B685B69FB61FB6903F00103002BD2
:10E240000DD13B69B3F52A0F03D03B69B3F12A4FD7
:10E2500001D1012300E00023012B00F03281FB6992
:10E2600003F00103002B0CD07B695B0A03F0010370
:10E27000002B06D0786801F07BFC786800F083FD05
:10E2800092E0FB69DB0803F00103002B09D07B69F6
:10E290005B0A03F00103002B03D0786800F0F9FD5E
:10E2A00082E0FB695B0803F00103002B09D07B6966
:10E2B0005B0A03F00103002B03D0786800F013FE23
:10E2C00072E0BB699B0803F00103002B3BD07B6825
:10E2D0001B685B6803F40063B3F5006F00F0F38024
:10E2E000FB69DB0903F00103002B0FD07B699B0A5C
:10E2F00003F00103002B09D0FB699B0803F0010325
:10E30000002B03D1786800F0F3F94DE0FB699B081E
:10E3100003F00103002B00F0D6807B695B0A03F059
:10E320000103002B00F0CF80BB7B212B03D1786849
:10E3300000F07AFAC7E0FB7B402B40F0C48078689D
:10E3400000F0E8FABFE07B681B685B6803F40063D9
:10E35000B3F5006F00F0B780FB699B0903F0010380
:10E36000002B0FD07B699B0A03F00103002B09D01F
:10E37000FB699B0803F00103002B03D1786800F0D0
:10E380005DFB11E0FB699B0803F00103002B00F02B
:10E390009A807B695B0A03F00103002B00F09380F5
:10E3A000786800F006FC8EE08DE07B681B6C002B2B
:10E3B00004D07B681B685B69FB6107E07B681B68B6
:10E3C0009B69BB617B681B685B69FB61FB695B08E0
:10E3D00003F00103002B12D07B695B0A03F00103F9
:10E3E000002B0CD07B681B6C002B03D07B681B6858
:10E3F0009B69BB61B969786800F0C4FF66E0FB699E
:10E400001B0903F00103002B09D07B695B0A03F0B1
:10E410000103002B03D0786800F0FEFF56E0BB7BC1
:10E42000212B02D0BB7B292B25D1FB69DB0903F013
:10E430000103002B0FD07B699B0A03F00103002B23
:10E4400009D0FB699B0803F00103002B03D1786816
:10E4500000F0DAFE39E0FB699B0803F00103002BB2
:10E4600033D07B695B0A03F00103002B2DD0786861
:10E4700000F007FF29E0FB699B0903F00103002B73
:10E480000FD07B699B0A03F00103002B09D0FB69C5
:10E490009B0803F00103002B03D1786800F012FF02
:10E4A00014E0FB699B0803F00103002B0ED07B698D
:10E4B0005B0A03F00103002B08D0786800F040FFEE
:10E4C00004E000BF02E000BF00E000BF2037BD460F
:10E4D00080BD80B58AB000AF78607B681B685B69DF
:10E4E0003B627B681B685B68FB6100237B627B6827
:10E4F00093F83E30FB763B6A1B0A03F00103002BC6
:10E500000ED0FB691B0A03F00103002B08D07B6AC5
:10E5100043F001037B627B681B686FF480725A6171
:10E520003B6A5B0A03F00103002B0ED0FB691B0A58
:10E5300003F00103002B08D07B6A43F002037B62E7
:10E540007B681B686FF400725A613B6A9B0A03F098
:10E550000103002B3FD0FB691B0A03F00103002BD2
:10E5600039D0FB7EBB767B685B8D9BB27B617B6821
:10E5700093F83D30FB747B681B6BFB60BB7E202BEC
:10E5800012D17B69002B0FD1FB7C212B08D0FB7CA7
:10E59000292B05D0FB7C282B06D1FB68212B03D12E
:10E5A000786801F069F816E07B681B686FF4806298
:10E5B0005A617B6A43F004037B62FB7E102B02D01E
:10E5C000FB7E402B07D17B681B681A687B681B6841
:10E5D00042F400721A603B6ADB0A03F00103002B6D
:10E5E0000ED0FB691B0A03F00103002B08D07B6AE5
:10E5F00043F008037B627B681B686FF400625A611A
:10E600007B6A002B08D07B681A6C7B6A1A437B6894
:10E610001A64786801F0A0F800BF2837BD4680BDB5
:10E6200080B483B000AF786000BF0C37BD465DF8A2
:10E63000047B704780B483B000AF786000BF0C37B4
:10E64000BD465DF8047B704780B483B000AF78604E
:10E6500000BF0C37BD465DF8047B704780B483B0C3
:10E6600000AF786000BF0C37BD465DF8047B704793
:10E6700080B483B000AF78600B46FB7013463B80DC
:10E6800000BF0C37BD465DF8047B704780B483B093
:10E6900000AF786000BF0C37BD465DF8047B704763
:10E6A00080B483B000AF786000BF0C37BD465DF822
:10E6B000047B704780B483B000AF786000BF0C3734
:10E6C000BD465DF8047B704780B483B000AF7860CE
:10E6D00000BF0C37BD465DF8047B704780B483B043
:10E6E00000AF786000BF0C37BD465DF8047B704713
:10E6F00080B584B000AF78607B6893F83D30FB73E1
:10E700007B6893F83E30BB737B68DB6ABB607B68D9
:10E710001B8D002B50D1FB7B212B4DD1BB68082BCF
:10E720001DD0BB68202B1AD0BB6813F5803F16D0D4
:10E730007B681B685A687B681B6822F4E0625A6039
:10E740007B6811221A637B68002283F83E207B6875
:10E75000202283F83D207868FFF762FF60E07B6845
:10E760001B685A687B681B6822F4E0625A607B6809
:10E770001B681A687B681B6842F400721A607B6829
:10E7800000221A637B68202283F83D207B6893F87F
:10E790003E30DBB2402B07D17B68002283F83E205D
:10E7A0007868FFF77DFF3BE07B68002283F83E201E
:10E7B0007868FFF735FF33E0FB7B212B05D0BB7B6F
:10E7C000402B2DD1FB7B222B2AD17B685B8D9BB20A
:10E7D000002B08D17B681B685A687B681B6822F491
:10E7E00080625A601CE07B6893F83E30DBB2402BBD
:10E7F00003D1786800F08EF812E07B685B6A1A78C3
:10E800007B681B681A617B685B6A5A1C7B685A626A
:10E810007B685B8D9BB2013B9AB27B685A85FFE7B0
:10E8200000BF1037BD4680BD80B584B000AF7860B2
:10E830007B68DB6AFB607B6893F83D30DBB2212BA1
:10E8400064D17B685B8D9BB2002B12D07B685B6AC6
:10E850001A787B681B681A617B685B6A5A1C7B6844
:10E860005A627B685B8D9BB2013B9AB27B685A858A
:10E870004CE0FB68082B1DD0FB68202B1AD0FB68EE
:10E8800013F5803F16D07B681B685A687B681B684D
:10E8900022F4E0625A607B6811221A637B680022CE
:10E8A00083F83E207B68202283F83D207868FFF7BC
:10E8B000B7FE2BE07B681B685A687B681B6822F4F4
:10E8C000E0625A607B681B681A687B681B6842F4C8
:10E8D00000721A607B6800221A637B68202283F82A
:10E8E0003D207B6893F83E30DBB2402B07D17B683C
:10E8F000002283F83E207868FFF7D2FE06E07B68AE
:10E90000002283F83E207868FFF78AFE00BF1037A8
:10E91000BD4680BD80B584B000AF78607B6893F859
:10E920003D30FB737B681B6D002B1DD17B68DB6C5E
:10E93000012B0BD17B689B6CDAB27B681B681A6178
:10E940007B681B6D9A1C7B681A6573E07B689B6C07
:10E950009BB21B12DAB27B681B681A617B681B6D65
:10E960005A1C7B681A6565E07B681B6D012B0BD117
:10E970007B689B6CDAB27B681B681A617B681B6DD5
:10E980005A1C7B681A6555E07B681B6D022B51D1C0
:10E99000FB7B222B0DD17B681B681A687B681B6888
:10E9A00042F480721A607B681B6D5A1C7B681A6582
:10E9B00040E07B685B8D9BB2002B15D0FB7B212B4D
:10E9C00012D17B685B6A1A787B681B681A617B6866
:10E9D0005B6A5A1C7B685A627B685B8D9BB2013B09
:10E9E0009AB27B685A8525E07B685B8D9BB2002BD1
:10E9F00020D1FB7B212B1DD17B681B685A687B686B
:10EA00001B6822F4E0625A607B681B681A687B68A6
:10EA10001B6842F400721A607B6800221A637B68EC
:10EA2000202283F83D207B68002283F83E2078680E
:10EA3000FFF736FE00BF1037BD4680BD80B584B0FD
:10EA400000AF78607B6893F83D30DBB2222B40F05A
:10EA5000AC807B685B8D9BB2FB60FB68032B21D98C
:10EA60007B681B681A697B685B6AD2B21A707B6824
:10EA70005B6A5A1C7B685A627B685B8D9BB2013B68
:10EA80009AB27B685A857B685B8D9BB2032B40F002
:10EA90008C807B681B685A687B681B6822F48062E4
:10EAA0005A6082E07B68DB6A022B75D0FB68012B21
:10EAB00002D0FB68002B6FD1786801F027F803467D
:10EAC000002B42D17B681B681A687B681B6822F4A4
:10EAD00080621A607B681B685A687B681B6822F436
:10EAE000E0625A607B681B681A697B685B6AD2B215
:10EAF0001A707B685B6A5A1C7B685A627B685B8D04
:10EB00009BB2013B9AB27B685A857B68202283F8CE
:10EB10003D207B6893F83E30DBB2402B0AD17B6806
:10EB2000002283F83E207B6800221A637868FFF792
:10EB3000C1FD3AE07B68002283F83E207B68122208
:10EB40001A637868FFF776FD2FE07B681B685A68C8
:10EB50007B681B6822F4E0625A607B681B681A6954
:10EB60007B685B6AD2B21A707B685B6A5A1C7B68EE
:10EB70005A627B685B8D9BB2013B9AB27B685A8577
:10EB80007B68202283F83D207B68002283F83E20AA
:10EB90007868FFF799FD08E07B681B685A687B6816
:10EBA0001B6822F480625A60FFE700BF1037BD4641
:10EBB00080BD80B584B000AF78607B68DB6AFB60A5
:10EBC0007B685B8D9BB2042B1BD17B681B685A68EA
:10EBD0007B681B6822F480625A607B681B681A6934
:10EBE0007B685B6AD2B21A707B685B6A5A1C7B686E
:10EBF0005A627B685B8D9BB2013B9AB27B685A85F7
:10EC0000BDE07B685B8D9BB2032B29D17B681B68C1
:10EC10005A687B681B6822F480625A60FB68042B88
:10EC20000AD0FB68022B07D07B681B681A687B68D8
:10EC30001B6822F480621A607B681B681A697B6813
:10EC40005B6AD2B21A707B685B6A5A1C7B685A6234
:10EC50007B685B8D9BB2013B9AB27B685A858EE0E4
:10EC60007B685B8D9BB2022B76D1FB68012B02D0B7
:10EC7000FB68102B08D17B681B681A687B681B68CF
:10EC800022F480621A6019E0FB68042B02D0FB6852
:10EC9000022B08D17B681B681A687B681B6842F4EA
:10ECA00080621A600AE0FB68102B07D07B681B6843
:10ECB0001A687B681B6842F400721A607B681B68E4
:10ECC0001A697B685B6AD2B21A707B685B6A5A1CED
:10ECD0007B685A627B685B8D9BB2013B9AB27B6812
:10ECE0005A857B681B681A697B685B6AD2B21A70A6
:10ECF0007B685B6A5A1C7B685A627B685B8D9BB23F
:10ED0000013B9AB27B685A857B681B685A687B68AE
:10ED10001B6822F440725A607B68202283F83D20F1
:10ED20007B6893F83E30DBB2402B0AD17B6800222F
:10ED300083F83E207B6800221A637868FFF7BAFCEC
:10ED40001DE07B68002283F83E207B6812221A6354
:10ED50007868FFF76FFC12E07B681B681A697B68B4
:10ED60005B6AD2B21A707B685B6A5A1C7B685A6213
:10ED70007B685B8D9BB2013B9AB27B685A8500BF72
:10ED80001037BD4680BD80B483B000AF78607B682B
:10ED900093F83E30DBB2402B17D17B681B6D002B04
:10EDA00009D17B685B6CDBB21A467B681B6802F09A
:10EDB000FE021A6167E07B685B6CDBB243F0010323
:10EDC000DAB27B681B681A615DE07B681B69B3F58A
:10EDD000804F33D17B6893F83D30DBB2212B09D1D2
:10EDE0007B685B6CDBB21A467B681B6802F0FE0234
:10EDF0001A6108E07B685B6CDBB243F00103DAB2B6
:10EE00007B681B681A617B685B6B002B04D07B6896
:10EE10005B6BDB6B002B08D17B689B6B002B32D0CC
:10EE20007B689B6BDB6B002B2DD07B681B685A6863
:10EE30007B681B6842F400625A6024E07B681B6DAB
:10EE4000002B0ED17B685B6C9BB2DB11DBB203F055
:10EE50000603DBB263F00F03DAB27B681B681A614A
:10EE600011E07B681B6D012B0DD17B685B6C9BB245
:10EE7000DB11DBB203F00603DBB263F00E03DAB2A0
:10EE80007B681B681A6100BF0C37BD465DF8047BC8
:10EE9000704780B483B000AF78607B685B6CDAB297
:10EEA0007B681B681A617B685B6B002B04D07B68F6
:10EEB0005B6BDB6B002B08D17B689B6B002B0CD052
:10EEC0007B689B6BDB6B002B07D07B681B685A68E9
:10EED0007B681B6842F400625A6000BF0C37BD4675
:10EEE0005DF8047B704780B491B000AF78607B68B8
:10EEF00093F83E3087F83F307B68DB6ABB637B6802
:10EF00001B6B7B637B6893F83D30DBB2222B40F0B8
:10EF100069817B681B6D002B0FD197F83F30402B28
:10EF20000BD100233B637B681B685B693B637B6899
:10EF30001B689B693B633B6B60E17B681B6D002B2F
:10EF40001DD17B681B69B3F5404F18D10023FB62CC
:10EF50007B681B685B69FB627B681B689B69FB6263
:10EF6000FB6A7B681B681A687B681B6842F48072C6
:10EF70001A607B681B6D5A1C7B681A653EE17B68D2
:10EF80005B8D9BB2002B13D10023BB627B681B6897
:10EF90005B69BB627B681B689B69BB62BB6A7B6801
:10EFA0001B681A687B681B6842F400721A6015E1DE
:10EFB0007B685B8D9BB2012B40F08A80BB6B13F5A5
:10EFC000803F37D17B681B681A687B681B6822F416
:10EFD00080621A607B681B685B6803F40063B3F5AA
:10EFE000006F13D17B681B681A687B681B6822F46A
:10EFF00080621A6000237B627B681B685B697B62AE
:10F000007B681B689B697B627B6AE7E000233B624D
:10F010007B681B685B693B627B681B689B693B6222
:10F020003B6A7B681B681A687B681B6842F4007245
:10F030001A60D3E0BB6B082B2ED0BB6B202B2BD0E0
:10F040007B6B122B02D1BB6B012B25D1BB6B042B2D
:10F050000ED0BB6B022B0BD0BB6B102B08D07B6888
:10F060001B681A687B681B6822F480621A6007E0DC
:10F070007B681B681A687B681B6842F480621A60B0
:10F080000023FB617B681B685B69FB617B681B6815
:10F090009B69FB61FB69A1E07B681B681A687B6860
:10F0A0001B6822F480621A600023BB617B681B68C6
:10F0B0005B69BB617B681B689B69BB61BB697B68E3
:10F0C0001B681A687B681B6842F400721A6085E04E
:10F0D0007B685B8D9BB2022B4DD1BB6B042B16D092
:10F0E000BB6B022B13D0BB6B102B10D07B681B6843
:10F0F0001A687B681B6822F480621A607B681B6850
:10F100001A687B681B6842F400621A6007E07B683B
:10F110001B681A687B681B6842F480621A607B680F
:10F120001B685B6803F40063B3F5006F17D1BB6B1A
:10F1300013F5803F0BD0BB6B012B08D0BB6B082BAA
:10F1400005D0BB6B102B02D0BB6B202B07D17B688B
:10F150001B685A687B681B6842F480525A6000231F
:10F160007B617B681B685B697B617B681B689B6953
:10F170007B617B6932E07B681B681A687B681B686F
:10F1800042F480621A607B681B685B6803F400636A
:10F19000B3F5006F17D1BB6B13F5803F0BD0BB6B82
:10F1A000012B08D0BB6B082B05D0BB6B102B02D0FA
:10F1B000BB6B202B07D17B681B685A687B681B6878
:10F1C00042F480525A6000233B617B681B685B6994
:10F1D0003B617B681B689B693B613B697B680022E4
:10F1E0001A650BE00023FB607B681B685B69FB60B2
:10F1F0007B681B689B69FB60FB68FFE700BF4437C7
:10F20000BD465DF8047B704780B584B000AF786080
:10F210007B6893F83D30FB737B685B8D9BB2002B62
:10F220002BD07B685B6A1A787B681B681A617B68E5
:10F230005B6A5A1C7B685A627B685B8D9BB2013BA0
:10F240009AB27B685A857B685B8D9BB2002B14D188
:10F25000FB7B292B11D17B681B685A687B681B6874
:10F2600022F480625A607B6821221A637B6828221C
:10F2700083F83D207868FFF7E7F900BF1037BD46F7
:10F2800080BD80B483B000AF78607B685B8D9BB23B
:10F29000002B11D07B685B6A1A787B681B681A6147
:10F2A0007B685B6A5A1C7B685A627B685B8D9BB289
:10F2B000013B9AB27B685A8500BF0C37BD465DF8AA
:10F2C000047B704780B584B000AF78607B6893F8AA
:10F2D0003D30FB737B685B8D9BB2002B2CD07B6831
:10F2E0001B681A697B685B6AD2B21A707B685B6ABA
:10F2F0005A1C7B685A627B685B8D9BB2013B9AB259
:10F300007B685A857B685B8D9BB2002B14D1FB7B9D
:10F310002A2B11D17B681B685A687B681B6822F412
:10F3200080625A607B6822221A637B68282283F8F5
:10F330003D207868FFF792F900BF1037BD4680BDC9
:10F3400080B483B000AF78607B685B8D9BB2002B8C
:10F3500012D07B681B681A697B685B6AD2B21A702C
:10F360007B685B6A5A1C7B685A627B685B8D9BB2C8
:10F37000013B9AB27B685A8500BF0C37BD465DF8E9
:10F38000047B704780B584B000AF7860396000239B
:10F39000FB737B6893F83D30DBB203F02803282B26
:10F3A00027D17B681B685A687B681B6822F48062DF
:10F3B0005A603B689B0803F00103002B01D1012335
:10F3C000FB733B68DB0903F00103002B03D17B686F
:10F3D000DB68BB8102E07B689B69BB817B680022A4
:10F3E00083F83C20BA89FB7B19467868FFF740F91F
:10F3F0000EE00023BB607B681B685B69BB607B68B9
:10F400001B689B69BB60BB687B68002283F83C205B
:10F4100000BF1037BD4680BD80B584B000AF7860B6
:10F420007B6893F83D30FB737B681B685A687B6888
:10F430001B6822F4E0625A600023BB607B681B6893
:10F440005B69BB607B681B681A687B681B6842F05D
:10F4500001021A60BB687B681B681A687B681B68BE
:10F4600022F480621A607B681B685B6803F40063A7
:10F47000B3F5006F72D1FB7B222B02D0FB7B2A2BD2
:10F4800035D17B689B6B1B685B689AB27B685A8539
:10F490007B685B8D9BB2002B05D07B681B6C43F0B7
:10F4A00004027B681A647B681B685A687B681B6867
:10F4B00022F400625A607B689B6B1846FEF7ACFA38
:10F4C0000346012B49D07B689B6B694A1A657B68B0
:10F4D0009B6B1846FEF7F4F80346002B3DD07B6883
:10F4E0009B6B1B6D7A68926B1046984735E07B6882
:10F4F0005B6B1B685B689AB27B685A857B685B8D27
:10F500009BB2002B05D07B681B6C43F004027B6828
:10F510001A647B681B685A687B681B6822F4006267
:10F520005A607B685B6B1846FEF776FA0346012B40
:10F5300014D07B685B6B4E4A1A657B685B6B184620
:10F54000FEF7BEF80346002B08D07B685B6B1B6D93
:10F550007A68526B1046984700E000BF7B685B8D6D
:10F560009BB2002B3ED07B681B685B6903F00403F1
:10F57000042B12D17B681B681A697B685B6AD2B264
:10F580001A707B685B6A5A1C7B685A627B685B8D69
:10F590009BB2013B9AB27B685A857B681B685B69AA
:10F5A00003F04003402B12D17B681B681A697B680B
:10F5B0005B6AD2B21A707B685B6A5A1C7B685A62BB
:10F5C0007B685B8D9BB2013B9AB27B685A857B68F6
:10F5D0005B8D9BB2002B05D07B681B6C43F0040253
:10F5E0007B681A647B681B6C002B03D0786800F082
:10F5F000B3F839E0FB7B2A2B09D17B6800221A6320
:10F600007B68282283F83D207868FFF727F87B681D
:10F6100093F83D30DBB2282B11D17B68154ADA62B2
:10F620007B6800221A637B68202283F83D207B6878
:10F63000002283F83E207868FFF728F814E07B6802
:10F640001B6B222B02D0FB7B222B0DD17B6800226F
:10F650001A637B68202283F83D207B68002283F8B0
:10F660003E207868FEF7FAFF00BF1037BD4680BD28
:10F67000BDF900080000FFFF80B584B000AF7860DE
:10F680007B6893F83D30FB737B68DB6ABB60BB68CB
:10F69000082B02D0BB68202B29D1FB7B282B26D13D
:10F6A0007B682C4ADA627B681B685A687B681B6837
:10F6B00022F4E0625A607B681B686FF480625A61D2
:10F6C0007B681B681A687B681B6822F480621A607A
:10F6D0007B6800221A637B68202283F83D207B68C8
:10F6E000002283F83E207868FEF7D0FF2EE0FB7BF7
:10F6F000212B26D17B68174ADA627B6821221A63A4
:10F700007B68202283F83D207B68002283F83E201E
:10F710007B681B685A687B681B6822F4E0625A6049
:10F720007B681B686FF480625A617B681B681A688B
:10F730007B681B6822F480621A607868FEF784FF99
:10F7400004E07B681B686FF480625A6100BF103769
:10F75000BD4680BD0000FFFF80B584B000AF78607B
:10F760007B6893F83D30FB737B6893F83E30BB7346
:10F77000BB7B102B02D0BB7B402B0AD1FB7B222B07
:10F7800007D17B681B681A687B681B6822F40062DB
:10F790001A60FB7B03F02803282B07D17B6800222B
:10F7A0001A637B68282283F83D2015E07B681B687C
:10F7B0005B6803F40063B3F5006F0AD0FB7B602B3A
:10F7C00007D07B68202283F83D207B68002283F8E5
:10F7D0003E207B6800221A637B681B685B6803F429
:10F7E0000063B3F5006F62D17B681B685A687B6861
:10F7F0001B6822F400625A607B685B6B93F83530BB
:10F80000DBB2012B20D07B685B6B6A4A1A657B6890
:10F810005B6B1846FDF754FF0346002B00F0898010
:10F820007B681B681A687B681B6822F001021A60FB
:10F830007B68202283F83D207B685B6B1B6D7A68B8
:10F84000526B1046984774E07B689B6B594A1A6567
:10F850007B689B6B1846FDF733FF0346002B68D08F
:10F860007B681B685B6903F04003402B0BD17B680E
:10F870001B681A697B685B6AD2B21A707B685B6A24
:10F880005A1C7B685A627B681B681A687B681B6815
:10F8900022F001021A607B68202283F83D207B68F9
:10F8A0009B6B1B6D7A68926B1046984741E07B68B2
:10F8B00093F83D30DBB2602B25D17B68202283F8A2
:10F8C0003D207B6800221A647B681B685B6903F03B
:10F8D0004003402B0BD17B681B681A697B685B6A0D
:10F8E000D2B21A707B685B6A5A1C7B685A627B686A
:10F8F0001B681A687B681B6822F001021A6078682E
:10F90000FEF7ECFE15E07B681B685B6903F04003C3
:10F91000402B0BD17B681B681A697B685B6AD2B28B
:10F920001A707B685B6A5A1C7B685A627868FEF7BB
:10F93000CBFE7B681B6CBB60BB6803F00103002B34
:10F940000ED1BB6803F00203002B09D1BB6803F0A2
:10F950000403002B04D1BB6803F00803002B07D07D
:10F960007B681B685A687B681B6822F4E0625A60F7
:10F970007B6893F83D30FB737B681B6C03F00403DA
:10F98000042B13D1FB7B282B10D17B680A4ADA6247
:10F990007B6800221A637B68202283F83D207B6805
:10F9A000002283F83E207868FEF770FE00BF103713
:10F9B000BD4680BDBDF900080000FFFF80B586B0E0
:10F9C00000AF78600023FB607B689B6B7B617B6989
:10F9D00093F83D30FB744B4B1B68DB084A4AA2FB93
:10F9E00003231A0A13469B001344DA00D31AFB6060
:10F9F000FB68002B06D17B691B6C43F020027B69FE
:10FA00001A640AE0FB68013BFB607B691B681B68AA
:10FA100003F40073B3F5007FEAD07B695B6B002BC6
:10FA200003D07B695B6B0022DA637B699B6B002BE5
:10FA300003D07B699B6B0022DA637B691B681A68C1
:10FA40007B691B6822F480621A607B6900225A85F8
:10FA50007B695B6B002B03D07B695B6B00221A65B3
:10FA60007B699B6B002B03D07B699B6B00221A6523
:10FA70007B691B681A687B691B6822F001021A60A7
:10FA80007B6993F83D30DBB2602B0ED17B6920227D
:10FA900083F83D207B69002283F83E207B690022A9
:10FAA0001A647869FEF71AFE27E0FB7C03F028034E
:10FAB000282B17D17B691B681A687B691B6842F089
:10FAC00001021A607B691B681A687B691B6842F433
:10FAD00080621A607B6900221A637B69282283F89E
:10FAE0003D2007E07B69202283F83D207B690022CE
:10FAF00083F83E207869FEF7E7FD00BF1837BD4662
:10FB000080BD00BF0000002089B5F81480B485B026
:10FB100000AF78600023FB60134B1B68DB08134ABF
:10FB2000A2FB03231A0A13469B001344FB60FB68E5
:10FB3000013BFB60FB68002B07D17B681B6C43F02B
:10FB400020027B681A64012308E07B681B681B683D
:10FB500003F40073B3F5007FE9D00023184614378F
:10FB6000BD465DF8047B70470000002089B5F8149D
:10FB700080B483B000AF78607B68DB6AB3F52A0F8E
:10FB800003D17B680122DA6207E07B68DB6AB3F1AC
:10FB90002A4F02D17B680822DA6200BF0C37BD46CB
:10FBA0005DF8047B7047000080B586B000AF7860D8
:10FBB0007B68002B01D1012367E27B681B6803F09F
:10FBC0000103002B75D0884B9B6803F00C03042BBA
:10FBD0000CD0854B9B6803F00C03082B12D1824B91
:10FBE0005B6803F48003B3F5800F0BD17E4B1B6879
:10FBF00003F40033002B5BD07B685B68002B57D18C
:10FC0000012342E27B685B68B3F5803F06D1764B07
:10FC10001B68754A43F4803313601DE07B685B68A2
:10FC2000B3F5A02F0CD1704B1B686F4A43F48023AF
:10FC300013606D4B1B686C4A43F4803313600BE018
:10FC4000694B1B68684A23F480331360664B1B685A
:10FC5000654A23F4802313607B685B68002B13D014
:10FC6000FCF788FF386108E0FCF784FF02463B6937
:10FC7000D31A642B01D9032307E25B4B1B6803F4FF
:10FC80000033002BF0D014E0FCF774FF386108E07B
:10FC9000FCF770FF02463B69D31A642B01D903239A
:10FCA000F3E1514B1B6803F40033002BF0D100E06B
:10FCB00000BF7B681B6803F00203002B63D04A4B34
:10FCC0009B6803F00C03002B0BD0474B9B6803F0A1
:10FCD0000C03082B1CD1444B5B6803F48003002BFE
:10FCE00016D1414B1B6803F00203002B05D07B6843
:10FCF000DB68012B01D00123C7E13B4B1B6823F0DC
:10FD0000F8027B681B69DB00374913430B603AE05C
:10FD10007B68DB68002B20D0344B01221A60FCF793
:10FD200029FF386108E0FCF725FF02463B69D31A3A
:10FD3000022B01D90323A8E12B4B1B6803F002031C
:10FD4000002BF0D0284B1B6823F0F8027B681B695E
:10FD5000DB00254913430B6015E0244B00221A6099
:10FD6000FCF708FF386108E0FCF704FF02463B6936
:10FD7000D31A022B01D9032387E11B4B1B6803F025
:10FD80000203002BF0D17B681B6803F00803002BF3
:10FD900036D07B685B69002B16D0154B01221A60A8
:10FDA000FCF7E8FE386108E0FCF7E4FE02463B6938
:10FDB000D31A022B01D9032367E10B4B5B6F03F0CE
:10FDC0000203002BF0D01BE0094B00221A60FCF765
:10FDD000D1FE38610EE0FCF7CDFE02463B69D31A36
:10FDE000022B07D9032350E10038024000004742AC
:10FDF000800E4742884B5B6F03F00203002BEAD171
:10FE00007B681B6803F00403002B00F0978000233D
:10FE1000FB75814B1B6C03F08053002B0FD100232B
:10FE2000BB607D4B1B6C7C4A43F0805313647A4B60
:10FE30001B6C03F08053BB60BB680123FB75774BE1
:10FE40001B6803F48073002B18D1744B1B68734A32
:10FE500043F480731360FCF78DFE386108E0FCF713
:10FE600089FE02463B69D31A022B01D903230CE118
:10FE70006A4B1B6803F48073002BF0D07B689B688F
:10FE8000012B06D1644B1B6F634A43F001031367D8
:10FE90001CE07B689B68052B0CD15F4B1B6F5E4A97
:10FEA00043F0040313675C4B1B6F5B4A43F0010391
:10FEB00013670BE0584B1B6F574A23F0010313677E
:10FEC000554B1B6F544A23F0040313677B689B68F0
:10FED000002B15D0FCF74EFE38610AE0FCF74AFE15
:10FEE00002463B69D31A41F28832934201D9032377
:10FEF000CBE0494B1B6F03F00203002BEED014E064
:10FF0000FCF738FE38610AE0FCF734FE02463B6934
:10FF1000D31A41F28832934201D90323B5E03E4B14
:10FF20001B6F03F00203002BEED1FB7D012B05D1EB
:10FF3000394B1B6C384A23F0805313647B689B69F0
:10FF4000002B00F0A180344B9B6803F00C03082BBE
:10FF50005CD07B689B69022B41D1314B00221A6037
:10FF6000FCF708FE386108E0FCF704FE02463B6936
:10FF7000D31A022B01D9032387E0274B1B6803F018
:10FF80000073002BF0D17B68DA697B681B6A1A4327
:10FF90007B685B6A9B011A437B689B6A5B08013B39
:10FFA0001B041A437B68DB6A1B061B4913434B6027
:10FFB0001B4B01221A60FCF7DDFD386108E0FCF7FD
:10FFC000D9FD02463B69D31A022B01D903235CE019
:10FFD000114B1B6803F00073002BF0D054E0104B62
:10FFE00000221A60FCF7C6FD386108E0FCF7C2FD8C
:10FFF00002463B69D31A022B01D9032345E0064B85
:020000040801F1
:100000001B6803F00073002BF0D13DE07B689B6917
:10001000012B07D1012338E0003802400070004076
:10002000600047421B4B5B68FB607B689B69012B50
:1000300028D0FB6803F480027B68DB699A4221D1F7
:10004000FB6803F03F027B681B6A9A421AD1FA6888
:1000500047F6C07313407A68526A9201934211D1F5
:10006000FB6803F440327B689B6A5B08013B1B041E
:100070009A4207D1FB6803F070627B68DB6A1B065B
:100080009A4201D0012300E0002318461837BD46EC
:1000900080BD00BF0038024080B584B000AF7860FA
:1000A00039607B68002B01D10123CCE0684B1B68D1
:1000B00003F007033A689A420CD9654B3A68D2B20A
:1000C0001A70634B1B6803F007033A689A4201D029
:1000D0000123B8E07B681B6803F00203002B20D0EB
:1000E0007B681B6803F00403002B05D0594B9B6809
:1000F000584A43F4E05393607B681B6803F008039D
:10010000002B05D0534B9B68524A43F460439360E5
:10011000504B9B6823F0F0027B689B684D4913436A
:100120008B607B681B6803F00103002B44D07B6865
:100130005B68012B07D1474B1B6803F40033002B8E
:1001400019D101237FE07B685B68022B03D07B68B9
:100150005B68032B07D13F4B1B6803F00073002B38
:1001600009D101236FE03B4B1B6803F00203002B16
:1001700001D1012367E0374B9B6823F003027B68C2
:100180005B68344913438B60FCF7F4FCF8600AE0C9
:10019000FCF7F0FC0246FB68D31A41F28832934226
:1001A00001D903234FE02B4B9B6803F00C027B68C3
:1001B0005B689B009A42EBD1254B1B6803F0070359
:1001C0003A689A420CD2224B3A68D2B21A70204B4B
:1001D0001B6803F007033A689A4201D0012332E01A
:1001E0007B681B6803F00403002B08D0194B9B6845
:1001F00023F4E0527B68DB68164913438B607B680D
:100200001B6803F00803002B09D0124B9B6823F4F2
:1002100060427B681B69DB000E4913438B6000F072
:1002200021F802460B4B9B681B0903F00F030A4998
:10023000CB5C22FA03F3094A1360094B1B6818468A
:10024000FCF7D2FA002318461037BD4680BD00BF28
:10025000003C02400038024014B3010800000020B6
:10026000040000202DE9B04F94B000AF00237B6460
:100270000023FB6400233B640023BB64794B9B6831
:1002800003F00C03082B0DD0082B00F2E180002BAB
:1002900002D0042B03D0DBE0734BBB64DBE0734B79
:1002A000BB64D8E06F4B5B6803F03F037B646D4B2E
:1002B0005B6803F48003002B63D06A4B5B689B0987
:1002C0000022BB63FA63BB6BC3F308033B630023E9
:1002D0007B63D7E90C4522462B464FF000004FF0D8
:1002E0000001590141EAD261500102460B46214604
:1002F000511A3961294663EB01037B614FF000021B
:100300004FF00003D7E904AB59468B01514643EA4D
:10031000916351468A015146B2EB0108594663EB9D
:1003200001094FF000024FF000034FEAC90343EA0E
:1003300058734FEAC80290469946234618EB0303C8
:10034000BB602B4649EB0303FB604FF000024FF00C
:100350000003D7E9024529464B02214643EAD1531F
:1003600021464A02104619467B6C0022BB62FA62A3
:10037000D7E90A23F0F7B6FD02460B461346FB64A5
:1003800058E0384B5B689B09002218461146C0F3C1
:1003900008033B6200237B62D7E9088942464B464B
:1003A0004FF000004FF00001590141EAD2615001C5
:1003B00002460B464146B2EB010A494663EB010B8C
:1003C0004FF000024FF000034FEA8B1343EA9A63A9
:1003D0004FEA8A12B2EB0A0463EB0B054FF00002FE
:1003E0004FF00003EB0043EA5473E20014461D464D
:1003F0004346E3183B604B4645EB03037B604FF0FD
:1004000000024FF00003D7E9004529468B02214640
:1004100043EA915321468A02104619467B6C00221A
:10042000BB61FA61D7E90623F0F75CFD02460B4693
:100430001346FB640B4B5B681B0C03F00303013397
:100440005B003B64FA6C3B6CB2FBF3F3BB6402E011
:10045000054BBB6400BFBB6C18465037BD46BDE8BA
:10046000B08F00BF003802400024F40000127A0070
:1004700080B400AF034B1B681846BD465DF8047B93
:10048000704700BF0000002080B500AFFFF7F0FF0D
:100490000246054B9B689B0A03F007030349CB5CAC
:1004A00022FA03F3184680BD0038024024B3010845
:1004B00080B500AFFFF7DCFF0246054B9B685B0B86
:1004C00003F007030349CB5C22FA03F3184680BD0F
:1004D0000038024024B3010880B483B000AF7860D4
:1004E00039607B680F221A60124B9B6803F003028D
:1004F0007B685A600F4B9B6803F0F0027B689A6040
:100500000C4B9B6803F4E0527B68DA60094B9B68F4
:10051000DB0803F4E0527B681A61074B1B6803F0A9
:1005200007023B681A6000BF0C37BD465DF8047BCC
:10053000704700BF00380240003C024080B582B0E6
:1005400000AF78607B68002B01D101237BE07B68E2
:100550005B6A002B08D17B685B68B3F5827F09D0AA
:100560007B680022DA6105E07B6800221A617B6803
:1005700000225A617B6800229A627B6893F85130AE
:10058000DBB2002B06D17B68002283F8502078680C
:10059000FBF79AFE7B68022283F851207B681B6878
:1005A0001A687B681B6822F040021A607B685B68EF
:1005B00003F482727B689B6803F404431A437B68EC
:1005C000DB6803F400631A437B681B6903F00203D2
:1005D0001A437B685B6903F001031A437B689B69DC
:1005E00003F400731A437B68DB6903F038031A4392
:1005F0007B681B6A03F0800342EA03017B689B6A05
:1006000003F400527B681B680A431A607B689B698D
:100610001B0C03F004017B685B6A03F010027B682B
:100620001B680A435A607B681B68DA697B681B6831
:1006300022F40062DA617B6800225A657B6801223D
:1006400083F85120002318460837BD4680BD80B589
:1006500088B000AFF860B9603B601346FB800023B0
:10066000FB77FB6893F85030012B01D1022326E180
:10067000FB68012283F85020FCF77CFAB861FB8804
:10068000FB82FB6893F85130DBB2012B02D00223CE
:10069000FB770BE1BB68002B02D0FB88002B02D15B
:1006A0000123FB7702E1FB68032283F85120FB68FA
:1006B00000225A65FB68BA681A63FB68FA889A8652
:1006C000FB68FA88DA86FB6800229A63FB680022DE
:1006D0009A87FB680022DA87FB6800225A64FB686D
:1006E00000221A64FB689B68B3F5004F0FD1FB68CA
:1006F0001B681A68FB681B6822F040021A60FB68DE
:100700001B681A68FB681B6842F480421A60FB6829
:100710001B681B6803F04003402B07D0FB681B6875
:100720001A68FB681B6842F040021A60FB68DB68CD
:10073000B3F5006F4BD1FB685B68002B02D0FB8ADE
:10074000012B3ED1FB681B6B1A88FB681B68DA60C3
:10075000FB681B6B9A1CFB681A63FB68DB8E9BB201
:10076000013B9AB2FB68DA862BE0FB681B689B684A
:1007700003F00203022B12D1FB681B6B1A88FB6883
:100780001B68DA60FB681B6B9A1CFB681A63FB68CA
:10079000DB8E9BB2013B9AB2FB68DA8611E0FCF774
:1007A000E9F90246BB69D31A3A689A4203D83B6812
:1007B000B3F1FF3F02D13B68002B02D10323FB774B
:1007C00074E0FB68DB8E9BB2002BCED14CE0FB6863
:1007D0005B68002B02D0FB8A012B40D1FB681A6BAF
:1007E000FB681B680C3312781A70FB681B6B5A1C71
:1007F000FB681A63FB68DB8E9BB2013B9AB2FB6815
:10080000DA862CE0FB681B689B6803F00203022B6E
:1008100013D1FB681A6BFB681B680C3312781A70D3
:10082000FB681B6B5A1CFB681A63FB68DB8E9BB270
:10083000013B9AB2FB68DA8611E0FCF79BF90246AD
:10084000BB69D31A3A689A4203D83B68B3F1FF3FB9
:1008500002D13B68002B02D10323FB7726E0FB6823
:10086000DB8E9BB2002BCDD1BA693968F86800F0F5
:10087000CBFB0346002B02D0FB6820225A65FB68A5
:100880009B68002B0AD100233B61FB681B68DB6877
:100890003B61FB681B689B683B613B69FB685B6D68
:1008A000002B02D00123FB7700E000BFFB68012290
:1008B00083F85120FB68002283F85020FB7F184604
:1008C0002037BD4680BD80B588B002AFF860B96002
:1008D0003B601346FB800023FB75FB685B68B3F548
:1008E000827F12D1FB689B68002B0ED1FB6804222B
:1008F00083F85120FA883B6800931346BA68B968B8
:10090000F86800F0F1F80346EAE0FB6893F850302D
:10091000012B01D10223E3E0FB68012283F8502080
:10092000FCF728F93861FB6893F85130DBB2012BF2
:1009300002D00223FB75CAE0BB68002B02D0FB8803
:10094000002B02D10123FB75C1E0FB68042283F870
:100950005120FB6800225A65FB68BA689A63FB68FD
:10096000FA889A87FB68FA88DA87FB6800221A639C
:10097000FB6800229A86FB680022DA86FB68002268
:100980001A64FB6800225A64FB689B68B3F5004F49
:100990000FD1FB681B681A68FB681B6822F04002D5
:1009A0001A60FB681B681A68FB681B6822F48042A7
:1009B0001A60FB681B681B6803F04003402B07D0DC
:1009C000FB681B681A68FB681B6842F040021A60EB
:1009D000FB68DB68002B62D12EE0FB681B689B681C
:1009E00003F00103012B15D1FB681B6803F10C0216
:1009F000FB689B6B1278D2B21A70FB689B6B5A1C17
:100A0000FB689A63FB68DB8F9BB2013B9AB2FB6881
:100A1000DA8711E0FCF7AEF802463B69D31A3A6870
:100A20009A4203D83B68B3F1FF3F02D13B68002BE9
:100A300002D10323FB754AE0FB68DB8F9BB2002BDE
:100A4000CBD131E0FB681B689B6803F00103012BED
:100A500013D1FB681B68DA68FB689B6B92B21A8043
:100A6000FB689B6B9A1CFB689A63FB68DB8F9BB2ED
:100A7000013B9AB2FB68DA8711E0FCF77BF802468B
:100A80003B69D31A3A689A4203D83B68B3F1FF3FF7
:100A900002D13B68002B02D10323FB7517E0FB68F2
:100AA000DB8F9BB2002BCDD13A693968F86800F032
:100AB00045FA0346002B02D0FB6820225A65FB68EA
:100AC0005B6D002B02D00123FB7500E000BFFB68CB
:100AD000012283F85120FB68002283F85020FB7D1F
:100AE00018461837BD4680BD80B58CB000AFF860A1
:100AF000B9607A607B800123FB62002387F82B308A
:100B0000FB6893F85030012B01D102238AE1FB6886
:100B1000012283F85020FCF72DF87862FB6893F8E7
:100B2000513087F82330FB685B68FB617B887B83EF
:100B300097F82330012B0FD0FB69B3F5827F07D1E3
:100B4000FB689B68002B03D197F82330042B03D05C
:100B5000022387F82B305BE1BB68002B05D07B6854
:100B6000002B02D07B88002B03D1012387F82B3088
:100B70004EE1FB6893F85130DBB2042B03D0FB68E5
:100B8000052283F85120FB6800225A65FB687A68C9
:100B90009A63FB687A88DA87FB687A889A87FB68A9
:100BA000BA681A63FB687A88DA86FB687A889A865C
:100BB000FB6800221A64FB6800225A64FB681B6809
:100BC0001B6803F04003402B07D0FB681B681A68C2
:100BD000FB681B6842F040021A60FB68DB68B3F5F3
:100BE000006F78D1FB685B68002B02D07B8B012BF8
:100BF00066D1FB681B6B1A88FB681B68DA60FB68B0
:100C00001B6B9A1CFB681A63FB68DB8E9BB2013B73
:100C10009AB2FB68DA8653E0FB681B689B6803F0B6
:100C20000203022B1BD1FB68DB8E9BB2002B16D07C
:100C3000FB6A012B13D1FB681B6B1A88FB681B68CE
:100C4000DA60FB681B6B9A1CFB681A63FB68DB8E1F
:100C50009BB2013B9AB2FB68DA860023FB62FB6819
:100C60001B689B6803F00103012B19D1FB68DB8F24
:100C70009BB2002B14D0FB681B68DA68FB689B6B87
:100C800092B21A80FB689B6B9A1CFB689A63FB68A4
:100C9000DB8F9BB2013B9AB2FB68DA870123FB62D0
:100CA000FBF768FF02467B6AD31ABA6B9A4207D8F1
:100CB000BB6BB3F1FF3F03D0032387F82B30A7E0D2
:100CC000FB68DB8E9BB2002BA6D1FB68DB8F9BB24F
:100CD000002BA1D17CE0FB685B68002B02D07B8BF2
:100CE000012B6BD1FB681A6BFB681B680C33127805
:100CF0001A70FB681B6B5A1CFB681A63FB68DB8E5F
:100D00009BB2013B9AB2FB68DA8657E0FB681B682E
:100D10009B6803F00203022B1CD1FB68DB8E9BB2A5
:100D2000002B17D0FB6A012B14D1FB681A6BFB68F0
:100D30001B680C3312781A70FB681B6B5A1CFB681B
:100D40001A63FB68DB8E9BB2013B9AB2FB68DA86C2
:100D50000023FB62FB681B689B6803F00103012B07
:100D600019D1FB68DB8F9BB2002B14D0FB681B688A
:100D7000DA68FB689B6BD2B21A70FB689B6B5A1CDB
:100D8000FB689A63FB68DB8F9BB2013B9AB2FB68FE
:100D9000DA870123FB62FBF7EDFE02467B6AD31A7A
:100DA000BA6B9A4203D8BB6BB3F1FF3F02D1BB6B66
:100DB000002B03D1032387F82B3029E0FB68DB8E5F
:100DC0009BB2002BA2D1FB68DB8F9BB2002B9DD185
:100DD0007A6AB96BF86800F017F90346002B06D061
:100DE000012387F82B30FB6820225A6510E0FB684E
:100DF0009B68002B0BD100237B61FB681B68DB68C1
:100E00007B61FB681B689B687B617B6900E000BFBE
:100E1000FB68012283F85120FB68002283F85020F0
:100E200097F82B3018463037BD4680BD80B588B066
:100E300000AFF860B9603B601346FB71FBF79AFEA8
:100E40000246BB6A9B1A3A681344FB61FBF792FEA9
:100E5000B861394B1B685B011B0DFA6902FB03F398
:100E60007B6154E03B68B3F1FF3F50D0FBF782FE5B
:100E70000246BB69D31AFA699A4202D9FB69002B70
:100E80003DD1FB681B685A68FB681B6822F0E002D2
:100E90005A60FB685B68B3F5827F11D1FB689B6881
:100EA000B3F5004F04D0FB689B68B3F5806F07D1A2
:100EB000FB681B681A68FB681B6822F040021A6016
:100EC000FB689B6AB3F5005F0FD1FB681B681A686B
:100ED000FB681B6822F400521A60FB681B681A68E2
:100EE000FB681B6842F400521A60FB68012283F819
:100EF0005120FB68002283F85020032317E07B6910
:100F0000002B01D10023FB617B69013B7B61FB6806
:100F10001B689A68BB681340BA689A420CBF0123E9
:100F20000023DBB21A46FB799A429BD10023184674
:100F30002037BD4680BD00BF0000002080B586B0D0
:100F400002AFF860B9607A60FB685B68B3F5827FD6
:100F500011D1FB689B68B3F5004F04D0FB689B6818
:100F6000B3F5806F07D1FB681B681A68FB681B68C4
:100F700022F040021A60FB685B68B3F5827F2AD1D9
:100F8000FB689B68B3F5806F12D07B680093BB68E9
:100F900000228021F868FFF749FF0346002B2DD07F
:100FA000FB685B6D43F02002FB685A65032326E073
:100FB0007B680093BB6800220121F868FFF736FFC9
:100FC0000346002B1AD0FB685B6D43F02002FB68E0
:100FD0005A65032313E07B680093BB68002201215C
:100FE000F868FFF723FF0346002B07D0FB685B6D13
:100FF00043F02002FB685A65032300E000231846F3
:101000001037BD4680BD000080B588B002AFF860E3
:10101000B9607A601B4B1B681B4AA2FB03235B0D64
:101020004FF47A7202FB03F37B61FB685B68B3F5F4
:10103000827F12D17B680093BB6800228021F86810
:10104000FFF7F4FE0346002B16D0FB685B6D43F000
:101050002002FB685A6503230FE07B69002B0AD04E
:101060007B69013B7B61FB681B689B6803F0800325
:10107000802BF2D000E000BF002318461837BD4691
:1010800080BD00BF00000020819F5E1680B582B049
:1010900000AF78607B68002B01D1012341E07B68C1
:1010A00093F83D30DBB2002B06D17B68002283F839
:1010B0003C207868FBF750F97B68022283F83D20DA
:1010C0007B681A687B6804331946104600F066FD99
:1010D0007B68012283F846207B68012283F83E204A
:1010E0007B68012283F83F207B68012283F840203F
:1010F0007B68012283F841207B68012283F842202B
:101100007B68012283F843207B68012283F8442016
:101110007B68012283F845207B68012283F83D200B
:10112000002318460837BD4680BD000080B485B056
:1011300000AF78607B6893F83D30DBB2012B01D0C3
:1011400001234EE07B68022283F83D207B681B6808
:10115000DA687B681B6842F00102DA607B681B6812
:10116000234A934222D07B681B68B3F1804F1DD085
:101170007B681B681F4A934218D07B681B681E4A15
:10118000934213D07B681B681C4A93420ED07B6845
:101190001B681B4A934209D07B681B68194A93421B
:1011A00004D07B681B68184A934211D17B681B6886
:1011B0009B6803F00703FB60FB68062B10D07B687D
:1011C0001B681A687B681B6842F001021A6007E01E
:1011D0007B681B681A687B681B6842F001021A6012
:1011E000002318461437BD465DF8047B704700BFE6
:1011F000000001400004004000080040000C0040D6
:1012000000040140004001400018004080B582B059
:1012100000AF78607B68002B01D1012341E07B683F
:1012200093F83D30DBB2002B06D17B68002283F8B7
:101230003C207868FBF7F4F87B68022283F83D20B5
:101240007B681A687B6804331946104600F0A6FCD8
:101250007B68012283F846207B68012283F83E20C8
:101260007B68012283F83F207B68012283F84020BD
:101270007B68012283F841207B68012283F84220A9
:101280007B68012283F843207B68012283F8442095
:101290007B68012283F845207B68012283F83D208A
:1012A000002318460837BD4680BD000080B584B0D5
:1012B00000AF786039603B68002B09D17B6893F8F8
:1012C0003E30DBB2012B14BF01230023DBB222E04E
:1012D0003B68042B09D17B6893F83F30DBB2012BCC
:1012E00014BF01230023DBB215E03B68082B09D1B2
:1012F0007B6893F84030DBB2012B14BF012300233D
:10130000DBB208E07B6893F84130DBB2012B14BFFD
:1013100001230023DBB2002B01D001237CE03B68DA
:10132000002B04D17B68022283F83E2013E03B6847
:10133000042B04D17B68022283F83F200BE03B683A
:10134000082B04D17B68022283F8402003E07B68ED
:10135000022283F841207B681B6801223968184605
:1013600001F030F87B681B682D4A934204D07B68FB
:101370001B682C4A934201D1012300E00023002B7B
:1013800007D07B681B685A6C7B681B6842F400427C
:101390005A647B681B68224A934222D07B681B6890
:1013A000B3F1804F1DD07B681B681F4A934218D051
:1013B0007B681B681D4A934213D07B681B681C4ADC
:1013C00093420ED07B681B68164A934209D07B6813
:1013D0001B68184A934204D07B681B68164A9342E4
:1013E00011D17B681B689B6803F00703FB60FB68F7
:1013F000062B10D07B681B681A687B681B6842F05C
:1014000001021A6007E07B681B681A687B681B682A
:1014100042F001021A60002318461037BD4680BD15
:1014200000000140000401400004004000080040AA
:10143000000C0040004001400018004080B582B020
:1014400000AF78607B68002B01D1012341E07B680D
:1014500093F83D30DBB2002B06D17B68002283F885
:101460003C20786800F039F87B68022283F83D2040
:101470007B681A687B6804331946104600F08EFBBF
:101480007B68012283F846207B68012283F83E2096
:101490007B68012283F83F207B68012283F840208B
:1014A0007B68012283F841207B68012283F8422077
:1014B0007B68012283F843207B68012283F8442063
:1014C0007B68012283F845207B68012283F83D2058
:1014D000002318460837BD4680BD80B483B000AFF6
:1014E000786000BF0C37BD465DF8047B704780B55F
:1014F00082B000AF78607B681B681B6903F0020351
:10150000022B22D17B681B68DB6803F00203022BED
:101510001BD17B681B686FF002021A617B68012295
:101520001A777B681B689B6903F00303002B03D0C9
:10153000786800F014FB05E0786800F006FB786836
:1015400000F017FB7B6800221A777B681B681B6919
:1015500003F00403042B22D17B681B68DB6803F0D3
:101560000403042B1BD17B681B686FF004021A6113
:101570007B6802221A777B681B689B6903F44073BF
:10158000002B03D0786800F0EAFA05E0786800F0F4
:10159000DCFA786800F0EDFA7B6800221A777B6845
:1015A0001B681B6903F00803082B22D17B681B68AA
:1015B000DB6803F00803082B1BD17B681B686FF006
:1015C00008021A617B6804221A777B681B68DB6952
:1015D00003F00303002B03D0786800F0C0FA05E0A5
:1015E000786800F0B2FA786800F0C3FA7B680022ED
:1015F0001A777B681B681B6903F01003102B22D13C
:101600007B681B68DB6803F01003102B1BD17B6821
:101610001B686FF010021A617B6808221A777B68DA
:101620001B68DB6903F44073002B03D0786800F07B
:1016300096FA05E0786800F088FA786800F099FA80
:101640007B6800221A777B681B681B6903F0010323
:10165000012B0ED17B681B68DB6803F00103012BB3
:1016600007D17B681B686FF001021A617868F3F795
:10167000DFF87B681B681B6903F08003802B0ED1A9
:101680007B681B68DB6803F08003802B07D17B68D5
:101690001B686FF080021A61786800F091FF7B6828
:1016A0001B681B6903F04003402B0ED17B681B684D
:1016B000DB6803F04003402B07D17B681B686FF0A9
:1016C00040021A61786800F05EFA7B681B681B694B
:1016D00003F02003202B0ED17B681B68DB6803F02E
:1016E0002003202B07D17B681B686FF020021A6152
:1016F000786800F05BFF00BF0837BD4680BD80B54D
:1017000086B000AFF860B9607A600023FB75FB68B3
:1017100093F83C30012B01D1022388E0FB680122C1
:1017200083F83C207B68002B1BD1FB681868BB68E2
:101730001968BB685A68BB68DB6800F07FFCFB680F
:101740001B689A69FB681B6822F00C029A61FB68AF
:101750001B689969BB689A68FB681B680A439A61B1
:1017600060E07B68042B1CD1FB681868BB681968B3
:10177000BB685A68BB68DB6800F003FDFB681B6848
:101780009A69FB681B6822F440629A61FB681B68D7
:101790009969BB689B681A02FB681B680A439A61D7
:1017A00040E07B68082B1BD1FB681868BB68196890
:1017B000BB685A68BB68DB6800F050FDFB681B68BB
:1017C000DA69FB681B6822F00C02DA61FB681B68AF
:1017D000D969BB689A68FB681B680A43DA6121E033
:1017E0007B680C2B1CD1FB681868BB681968BB6848
:1017F0005A68BB68DB6800F06DFDFB681B68DA693E
:10180000FB681B6822F44062DA61FB681B68D969D7
:10181000BB689B681A02FB681B680A43DA6101E037
:101820000123FB75FB68002283F83C20FB7D1846F2
:101830001837BD4680BD000080B586B000AFF860A7
:10184000B9607A600023FB75FB6893F83C30012B8C
:1018500001D10223AEE0FB68012283F83C207B68C3
:101860000C2B00F29F8001A252F823F0A11801086E
:10187000A5190108A5190108A5190108E118010811
:10188000A5190108A5190108A519010823190108BE
:10189000A5190108A5190108A5190108631901086E
:1018A000FB681B68B968184600F018FAFB681B68EB
:1018B0009A69FB681B6842F008029A61FB681B6822
:1018C0009A69FB681B6822F004029A61FB681B6836
:1018D0009969BB681A69FB681B680A439A6164E0EE
:1018E000FB681B68B968184600F068FAFB681B685B
:1018F0009A69FB681B6842F400629A61FB681B6886
:101900009A69FB681B6822F480629A61FB681B6815
:101910009969BB681B691A02FB681B680A439A61D4
:1019200043E0FB681B68B968184600F0BDFAFB6825
:101930001B68DA69FB681B6842F00802DA61FB6821
:101940001B68DA69FB681B6822F00402DA61FB6835
:101950001B68D969BB681A69FB681B680A43DA61AE
:1019600023E0FB681B68B968184600F011FBFB68B0
:101970001B68DA69FB681B6842F40062DA61FB6885
:101980001B68DA69FB681B6822F48062DA61FB6815
:101990001B68D969BB681B691A02FB681B680A438C
:1019A000DA6102E00123FB7500BFFB68002283F8C7
:1019B0003C20FB7D18461837BD4680BD80B584B0FD
:1019C00000AF786039600023FB737B6893F83C308C
:1019D000012B01D10223B4E07B68012283F83C2073
:1019E0007B68022283F83D207B681B689B68BB6094
:1019F000BB6823F07703BB60BB6823F47F43BB6005
:101A00007B681B68BA689A603B681B68B3F5005F27
:101A10003ED0B3F5005F00F28780B3F5805F00F041
:101A20008680B3F5805F7FD8702B1AD0702B7BD85F
:101A3000602B50D0602B77D8502B3CD0502B73D8D4
:101A4000402B58D0402B6FD8302B64D0302B6BD824
:101A5000202B60D0202B67D8002B5CD0102B5AD0C5
:101A600062E07B6818683B6899683B685A683B6825
:101A7000DB6800F087FC7B681B689B68BB60BB6809
:101A800043F07703BB607B681B68BA689A604FE0DD
:101A90007B6818683B6899683B685A683B68DB68F4
:101AA00000F070FC7B681B689A687B681B6842F4D6
:101AB00080429A603CE07B6818683B6859683B68E4
:101AC000DB681A4600F02EFB7B681B685021184625
:101AD00000F03DFC2CE07B6818683B6859683B6867
:101AE000DB681A4600F08AFB7B681B686021184699
:101AF00000F02DFC1CE07B6818683B6859683B6867
:101B0000DB681A4600F00EFB7B681B684021184614
:101B100000F01DFC0CE07B681A683B681B681946E6
:101B2000104600F014FC03E00123FB7300E000BF4B
:101B30007B68012283F83D207B68002283F83C20EB
:101B4000FB7B18461037BD4680BD80B483B000AF24
:101B5000786000BF0C37BD465DF8047B704780B4E9
:101B600083B000AF786000BF0C37BD465DF8047BE2
:101B7000704780B483B000AF786000BF0C37BD46BB
:101B80005DF8047B704780B483B000AF786000BF1D
:101B90000C37BD465DF8047B7047000080B485B00B
:101BA00000AF786039607B681B68FB607B68404AE7
:101BB000934213D07B68B3F1804F0FD07B683D4ACE
:101BC00093420BD07B683C4A934207D07B683B4AE8
:101BD000934203D07B683A4A934208D1FB6823F0D2
:101BE0007003FB603B685B68FA681343FB607B68CB
:101BF0002F4A93422BD07B68B3F1804F27D07B686C
:101C00002C4A934223D07B682B4A93421FD07B6897
:101C10002A4A93421BD07B68294A934217D07B689B
:101C2000284A934213D07B68274A93420FD07B689F
:101C3000264A93420BD07B68254A934207D07B68A3
:101C4000244A934203D07B68234A934208D1FB681D
:101C500023F44073FB603B68DB68FA681343FB6066
:101C6000FB6823F080023B685B691343FB607B6881
:101C7000FA681A603B689A687B68DA623B681A689F
:101C80007B689A627B680A4A934203D07B680C4A5D
:101C9000934203D13B681A697B681A637B6801220F
:101CA0005A6100BF1437BD465DF8047B704700BF22
:101CB000000001400004004000080040000C00400B
:101CC0000004014000400140004401400048014040
:101CD00000180040001C00400020004080B487B085
:101CE00000AF786039607B681B6A23F001027B6873
:101CF0001A627B681B6A7B617B685B683B617B68FF
:101D00009B69FB60FB6823F07003FB60FB6823F0BA
:101D10000303FB603B681B68FA681343FB607B6945
:101D200023F002037B613B689B687A6913437B6104
:101D30007B68204A934203D07B681F4A93420CD1B0
:101D40007B6923F008037B613B68DB687A69134396
:101D50007B617B6923F004037B617B68154A9342B6
:101D600003D07B68144A934211D13B6923F48073FA
:101D70003B613B6923F400733B613B685B693A69F3
:101D800013433B613B689B693A6913433B617B6842
:101D90003A695A607B68FA689A613B685A687B685E
:101DA0005A637B687A691A6200BF1C37BD465DF8CA
:101DB000047B7047000001400004014080B487B0FC
:101DC00000AF786039607B681B6A23F010027B6883
:101DD0001A627B681B6A7B617B685B683B617B681E
:101DE0009B69FB60FB6823F4E043FB60FB6823F422
:101DF0004073FB603B681B681B02FA681343FB607F
:101E00007B6923F020037B613B689B681B017A6937
:101E100013437B617B68224A934203D07B68214A4B
:101E200093420DD17B6923F080037B613B68DB68C3
:101E30001B017A6913437B617B6923F040037B615B
:101E40007B68174A934203D07B68164A934213D1AA
:101E50003B6923F480633B613B6923F400633B618E
:101E60003B685B699B003A6913433B613B689B6934
:101E70009B003A6913433B617B683A695A607B680F
:101E8000FA689A613B685A687B689A637B687A69EA
:101E90001A6200BF1C37BD465DF8047B704700BF67
:101EA000000001400004014080B487B000AF7860BA
:101EB00039607B681B6A23F480727B681A627B68D6
:101EC0001B6A7B617B685B683B617B68DB69FB60ED
:101ED000FB6823F07003FB60FB6823F00303FB60E7
:101EE0003B681B68FA681343FB607B6923F400734B
:101EF0007B613B689B681B027A6913437B617B684B
:101F0000214A934203D07B68204A93420DD17B69DA
:101F100023F400637B613B68DB681B027A6913432F
:101F20007B617B6923F480637B617B68164A934203
:101F300003D07B68154A934213D13B6923F4805345
:101F40003B613B6923F400533B613B685B691B01C8
:101F50003A6913433B613B689B691B013A69134330
:101F60003B617B683A695A607B68FA68DA613B6872
:101F70005A687B68DA637B687A691A6200BF1C372B
:101F8000BD465DF8047B704700000140000401403D
:101F900080B487B000AF786039607B681B6A23F437
:101FA00080527B681A627B681B6A3B617B685B6856
:101FB0007B617B68DB69FB60FB6823F4E043FB60CB
:101FC000FB6823F44073FB603B681B681B02FA68E4
:101FD0001343FB603B6923F400533B613B689B6800
:101FE0001B033A6913433B617B68124A934203D057
:101FF0007B68114A934209D17B6923F480437B615A
:102000003B685B699B017A6913437B617B687A69F2
:102010005A607B68FA68DA613B685A687B681A64C0
:102020007B683A691A6200BF1C37BD465DF8047BC5
:10203000704700BF000001400004014080B487B039
:1020400000AFF860B9607A603B60FB681B6A23F000
:102050000102FB681A62FB689B697B61FB681B6A73
:102060003B61FB68284A93421BD0FB68B3F1804F69
:1020700017D0FB68254A934213D0FB68244A934249
:102080000FD0FB68234A93420BD0FB68224A93424D
:1020900007D0FB68214A934203D0FB68204A934251
:1020A00001D1012300E00023002B08D07B6923F03D
:1020B00003037B617A697B6813437B6103E07B697F
:1020C00043F001037B617B6923F0F0037B613B6894
:1020D0001B01DBB27A6913437B613B6923F00A037E
:1020E0003B61BB6803F00A033A6913433B61FB6839
:1020F0007A699A61FB683A691A6200BF1C37BD466B
:102100005DF8047B704700BF000001400004004000
:1021100000080040000C0040000401400040014065
:102120000018004080B487B000AFF860B9607A60F2
:10213000FB681B6A7B61FB681B6A23F00102FB687A
:102140001A62FB689B693B613B6923F0F0033B61CA
:102150007B681B013A6913433B617B6923F00A03E7
:102160007B617A69BB6813437B61FB683A699A615A
:10217000FB687A691A6200BF1C37BD465DF8047BB4
:10218000704780B487B000AFF860B9607A603B6098
:10219000FB681B6A23F01002FB681A62FB689B69EC
:1021A0007B61FB681B6A3B617B6923F440737B6145
:1021B0007B681B027A6913437B617B6923F470435C
:1021C0007B613B681B039BB27A6913437B613B696C
:1021D00023F0A0033B61BB681B0103F0A0033A6935
:1021E00013433B61FB687A699A61FB683A691A623A
:1021F00000BF1C37BD465DF8047B704780B487B0D4
:1022000000AFF860B9607A60FB681B6A23F01002C7
:10221000FB681A62FB689B697B61FB681B6A3B6118
:102220007B6923F470437B617B681B037A691343EA
:102230007B613B6923F0A0033B61BB681B013A69EA
:1022400013433B61FB687A699A61FB683A691A62D9
:1022500000BF1C37BD465DF8047B704780B487B073
:1022600000AFF860B9607A603B60FB681B6A23F4DA
:102270008072FB681A62FB68DB697B61FB681B6A22
:102280003B617B6923F003037B617A697B681343BD
:102290007B617B6923F0F0037B613B681B01DBB250
:1022A0007A6913437B613B6923F420633B61BB681C
:1022B0001B0203F420633A6913433B61FB687A69AC
:1022C000DA61FB683A691A6200BF1C37BD465DF8E7
:1022D000047B704780B487B000AFF860B9607A6063
:1022E0003B60FB681B6A23F48052FB681A62FB6840
:1022F000DB697B61FB681B6A3B617B6923F440738C
:102300007B617B681B027A6913437B617B6923F4E1
:1023100070437B613B681B039BB27A6913437B610B
:102320003B6923F420433B61BB681B0303F4204358
:102330003A6913433B61FB687A69DA61FB683A6981
:102340001A6200BF1C37BD465DF8047B704780B43D
:1023500085B000AF786039607B689B68FB60FB6884
:1023600023F07003FB603A68FB68134343F00703F4
:10237000FB607B68FA689A6000BF1437BD465DF861
:10238000047B704780B487B000AFF860B9607A60B2
:102390003B60FB689B687B617B6923F47F437B61C7
:1023A0003B681A027B681A43BB6813437A6913437C
:1023B0007B61FB687A699A6000BF1C37BD465DF897
:1023C000047B704780B487B000AFF860B9607A6072
:1023D000BB6803F01F03012202FA03F37B61FB6871
:1023E0001A6A7B69DB431A40FB681A62FB681A6A47
:1023F000BB6803F01F03796801FA03F31A43FB6813
:102400001A6200BF1C37BD465DF8047B70470000B0
:1024100080B485B000AF786039607B6893F83C3059
:10242000012B01D102235AE07B68012283F83C2072
:102430007B68022283F83D207B681B685B68FB6039
:102440007B681B689B68BB60FB6823F07003FB60C4
:102450003B681B68FA681343FB607B681B68FA687B
:102460005A607B681B68214A934222D07B681B68B4
:10247000B3F1804F1DD07B681B681D4A934218D072
:102480007B681B681B4A934213D07B681B681A4AFF
:1024900093420ED07B681B68184A934209D07B6830
:1024A0001B68174A934204D07B681B68154A934205
:1024B0000CD1BB6823F08003BB603B685B68BA68E3
:1024C0001343BB607B681B68BA689A607B68012213
:1024D00083F83D207B68002283F83C2000231846C7
:1024E0001437BD465DF8047B704700BF0000014013
:1024F0000004004000080040000C004000040140BF
:10250000004001400018004080B485B000AF786002
:1025100039600023FB607B6893F83C30012B01D1CC
:1025200002233DE07B68012283F83C20FB6823F016
:10253000FF023B68DB681343FB60FB6823F44072D7
:102540003B689B681343FB60FB6823F480623B6835
:102550005B681343FB60FB6823F400623B681B6805
:102560001343FB60FB6823F480523B681B691343F1
:10257000FB60FB6823F400523B685B691343FB601C
:10258000FB6823F480423B68DB691343FB607B6894
:102590001B68FA685A647B68002283F83C20002399
:1025A00018461437BD465DF8047B704780B483B08D
:1025B00000AF786000BF0C37BD465DF8047B704704
:1025C00080B483B000AF786000BF0C37BD465DF8C3
:1025D000047B704780B582B000AF78607B68002BC9
:1025E00001D101233FE07B6893F83D30DBB2002B43
:1025F00006D17B68002283F83C207868F9F79AFFBF
:102600007B68242283F83D207B681B68DA687B683E
:102610001B6822F40052DA60786800F07BFD7B686A
:102620001B681A697B681B6822F490421A617B68F8
:102630001B685A697B681B6822F02A025A617B6812
:102640001B68DA687B681B6842F40052DA607B68BA
:1026500000221A647B68202283F83D207B682022B8
:1026600083F83E20002318460837BD4680BD80B55C
:102670008AB002AFF860B9603B601346FB8000236C
:102680007B61FB6893F83D30DBB2202B7CD1BB68CB
:10269000002B02D0FB88002B01D1012375E0FB68E1
:1026A00093F83C30012B01D102236EE0FB6801223C
:1026B00083F83C20FB6800221A64FB68212283F81F
:1026C0003D20FAF757FA7861FB68FA889A84FB682C
:1026D000FA88DA84FB689B68B3F5805F08D1FB68F1
:1026E0001B69002B04D10023FB61BB68BB6103E0C5
:1026F000BB68FB610023BB61FB68002283F83C20C0
:102700002AE03B6800937B6900228021F86800F092
:10271000F9FA0346002B01D0032336E0FB69002BB6
:102720000BD1BB691B881A46FB681B68C2F3080201
:102730005A60BB690233BB6107E0FB691A78FB682A
:102740001B685A60FB690133FB61FB68DB8C9BB241
:10275000013B9AB2FB68DA84FB68DB8C9BB2002BEE
:10276000CFD13B6800937B6900224021F86800F0DC
:10277000C9FA0346002B01D0032306E0FB682022A0
:1027800083F83D20002300E0022318462037BD4691
:1027900080BD000080B5BAB000AF78607B681B6870
:1027A0001B68C7F8E4307B681B68DB68C7F8E0305B
:1027B0007B681B685B69C7F8DC300023C7F8D8303A
:1027C0000023C7F8D430D7F8E43003F00F03C7F87C
:1027D000D830D7F8D830002B0FD1D7F8E43003F039
:1027E0002003002B09D0D7F8E03003F02003002BA2
:1027F00003D0786800F0D3FB56E2D7F8D830002B2E
:1028000000F0DE80D7F8DC3003F00103002B06D1A6
:10281000D7F8E03003F49073002B00F0D180D7F8A4
:10282000E43003F00103002B0BD0D7F8E03003F4C1
:102830008073002B05D07B681B6C43F001027B6822
:102840001A64D7F8E43003F00403002B0BD0D7F858
:10285000DC3003F00103002B05D07B681B6C43F0D8
:1028600002027B681A64D7F8E43003F00203002BFD
:102870000BD0D7F8DC3003F00103002B05D07B68C8
:102880001B6C43F004027B681A64D7F8E43003F051
:102890000803002B11D0D7F8E03003F02003002B01
:1028A00005D1D7F8DC3003F00103002B05D07B689D
:1028B0001B6C43F008027B681A647B681B6C002B5E
:1028C00000F0ED81D7F8E43003F02003002B08D0AE
:1028D000D7F8E03003F02003002B02D0786800F036
:1028E0005EFB7B681B685B6903F04003402B0CBFF9
:1028F00001230023DBB2C7F8D4307B681B6C03F0E4
:102900000803002B03D1D7F8D430002B4FD07868C0
:1029100000F066FA7B681B685B6903F04003402B9C
:1029200041D17B681B681433C7F89C30D7F89C30C2
:1029300053E8003FC7F89830D7F8983023F04003A9
:10294000C7F8D0307B681B681433D7F8D020C7F89D
:10295000A820C7F8A430D7F8A410D7F8A82041E8D9
:102960000023C7F8A030D7F8A030002BD9D17B685E
:102970009B6B002B13D07B689B6B7D4A1A657B6831
:102980009B6B1846FAF79CFE0346002B16D07B681B
:102990009B6B1B6D7A68926B104698470EE07868C7
:1029A00000F09AF90AE0786800F096F906E0786895
:1029B00000F092F97B6800221A6470E100BF6EE1BA
:1029C0007B681B6B012B40F04A81D7F8E43003F0A1
:1029D0001003002B00F04381D7F8E03003F0100320
:1029E000002B00F03C810023BB607B681B681B68E8
:1029F000BB607B681B685B68BB60BB687B681B68EF
:102A00005B6903F04003402B40F0B4807B689B6B14
:102A10001B685B68A7F8BE30B7F8BE30002B00F02B
:102A200040817B689B8DB7F8BE209A4280F0398147
:102A30007B68B7F8BE20DA857B689B6BDB69B3F5F2
:102A4000807F00F088807B681B680C33C7F8883073
:102A5000D7F8883053E8003FC7F88430D7F884307F
:102A600023F48073C7F8B8307B681B680C33D7F841
:102A7000B820C7F89420C7F89030D7F89010D7F84E
:102A8000942041E80023C7F88C30D7F88C30002B15
:102A9000D9D17B681B6814337B677B6F53E8003F99
:102AA0003B673B6F23F00103C7F8B4307B681B68BA
:102AB0001433D7F8B420C7F88020FB67F96FD7F834
:102AC000802041E80023BB67BB6F002BE1D17B680E
:102AD0001B6814333B663B6E53E8003FFB65FB6DA0
:102AE00023F04003C7F8B0307B681B681433D7F875
:102AF000B020FA66BB66B96EFA6E41E800237B66C9
:102B00007B6E002BE3D17B68202283F83E207B681C
:102B100000221A637B681B680C33FB64FB6C53E870
:102B2000003FBB64BB6C23F01003C7F8AC307B687C
:102B30001B680C33D7F8AC20BA657B65796DBA6D2C
:102B400041E800233B653B6D002BE3D17B689B6B29
:102B50001846FAF745FD7B689A8D7B68DB8D9BB242
:102B6000D31A9BB21946786800F0C0F899E000BF0C
:102B7000A72E01087B689A8D7B68DB8D9BB2D31AE8
:102B8000A7F8CE307B68DB8D9BB2002B00F08B80EA
:102B9000B7F8CE30002B00F086807B681B680C33C2
:102BA000BB63BB6B53E8003F7B637B6B23F4907389
:102BB000C7F8C8307B681B680C33D7F8C8207A6424
:102BC0003B64396C7A6C41E80023FB63FB6B002BA0
:102BD000E3D17B681B6814337B627B6A53E8003F58
:102BE0003B623B6A23F00103C7F8C4307B681B6873
:102BF0001433D7F8C4203A63FB62F96A3A6B41E8B0
:102C00000023BB62BB6A002BE3D17B68202283F8E0
:102C10003E207B6800221A637B681B680C333B6193
:102C20003B6953E8003FFB60FB6823F01003C7F8E3
:102C3000C0307B681B680C33D7F8C020FA61BB61D9
:102C4000B969FA6941E800237B617B69002BE3D114
:102C5000B7F8CE301946786800F048F823E0D7F886
:102C6000E43003F08003002B09D0D7F8E03003F004
:102C70008003002B03D0786800F029F914E0D7F81E
:102C8000E43003F04003002B0ED0D7F8E03003F01F
:102C90004003002B08D0786800F069F904E000BF19
:102CA00002E000BF00E000BFE837BD4680BD00BFC6
:102CB00080B483B000AF786000BF0C37BD465DF8CC
:102CC000047B704780B483B000AF786000BF0C37DE
:102CD000BD465DF8047B704780B483B000AF786078
:102CE00000BF0C37BD465DF8047B704780B483B0ED
:102CF00000AF78600B467B8000BF0C37BD465DF8A7
:102D0000047B704780B590B000AFF860B9603B605D
:102D10001346FB7150E0BB6CB3F1FF3F4CD0BB6C72
:102D2000002B07D0F9F726FF02463B68D31ABA6C8E
:102D30009A4241D2FB681B680C33BB62BB6A53E802
:102D4000003F7B627B6A23F4D073FB63FB681B68E4
:102D50000C33FA6B7A633B63396B7A6B41E800237F
:102D6000FB62FB6A002BE5D1FB681B6814337B61B7
:102D70007B6953E8003F3B613B6923F00103BB6380
:102D8000FB681B681433BA6B3A62FB61F9693A6AF3
:102D900041E80023BB61BB69002BE5D1FB68202221
:102DA00083F83D20FB68202283F83E20FB68002248
:102DB00083F83C2003230FE0FB681B681A68BB689C
:102DC0001340BA689A420CBF01230023DBB21A46B3
:102DD000FB799A429FD0002318464037BD4680BDFC
:102DE00080B495B000AF78607B681B680C337B6360
:102DF0007B6B53E8003F3B633B6B23F49073FB64B6
:102E00007B681B680C33FA6C3A64FB63F96B3A6CB1
:102E100041E80023BB63BB6B002BE5D17B681B68DB
:102E200014333B623B6A53E8003FFB61FB6923F0CC
:102E30000103BB647B681B681433BA6CFA62BB6223
:102E4000B96AFA6A41E800237B627B6A002BE5D10C
:102E50007B681B6B012B19D17B681B680C33FB60F3
:102E6000FB6853E8003FBB60BB6823F010037B6442
:102E70007B681B680C337A6CBA617B617969BA69CB
:102E800041E800233B613B69002BE5D17B682022B0
:102E900083F83E207B6800221A6300BF5437BD468A
:102EA0005DF8047B704780B584B000AF78607B68C4
:102EB0009B6BFB60FB680022DA85FB680022DA84EA
:102EC000F868FFF709FF00BF1037BD4680BD80B42A
:102ED00085B000AF78607B6893F83D30DBB2212B82
:102EE0003ED17B689B68B3F5805F14D17B681B691A
:102EF000002B10D17B681B6AFB60FB681B881A469D
:102F00007B681B68C2F308025A607B681B6A9A1CC4
:102F10007B681A6208E07B681B6A591C7A68116238
:102F20001A787B681B685A607B68DB8C9BB2013B1C
:102F30009BB27A681946D184002B0FD17B681B683D
:102F4000DA687B681B6822F08002DA607B681B68A5
:102F5000DA687B681B6842F04002DA60002300E018
:102F6000022318461437BD465DF8047B704780B5D0
:102F700082B000AF78607B681B68DA687B681B688A
:102F800022F04002DA607B68202283F83D207868D6
:102F9000FFF78EFE002318460837BD4680BD80B57A
:102FA0008CB000AF78607B6893F83E30DBB2222BA8
:102FB00040F0AB807B689B68B3F5805F17D17B687E
:102FC0001B69002B13D10023FB627B689B6ABB62E9
:102FD0007B681B685B689BB2C3F308039AB2BB6A49
:102FE0001A807B689B6A9A1C7B689A6226E07B68E1
:102FF0009B6AFB620023BB627B689B68B3F5805FC2
:1030000007D07B689B68002B0AD17B681B69002B6B
:1030100006D17B681B685B68DAB2FB6A1A7008E04D
:103020007B681B685B68DBB203F07F03DAB2FB6A84
:103030001A707B689B6A5A1C7B689A627B68DB8D7E
:103040009BB2013B9BB27A681946D185002B5AD1BD
:103050007B681B68DA687B681B6822F02002DA60F4
:103060007B681B68DA687B681B6822F48072DA6010
:103070007B681B685A697B681B6822F001025A61F1
:103080007B68202283F83E207B681B6B012B35D1A7
:103090007B6800221A637B681B680C337B617B6949
:1030A00053E8003F3B613B6923F010037B627B6880
:1030B0001B680C337A6A3A62FB61F9693A6A41E843
:1030C0000023BB61BB69002BE5D17B681B681B68D3
:1030D00003F01003102B0AD10023FB607B681B68F0
:1030E0001B68FB607B681B685B68FB60FB687B6838
:1030F0009B8D19467868FFF7F9FD02E07868FFF7C5
:10310000E1FD002302E0002300E0022318463037EF
:10311000BD4680BD2DE9B04FC0B000AFC7F8F40088
:10312000D7F8F4301B681B6923F44050D7F8F4300B
:10313000D968D7F8F4301A6840EA01031361D7F868
:10314000F4309A68D7F8F4301B691A43D7F8F43092
:103150005B691A43D7F8F430DB691343C7F8F830DA
:10316000D7F8F4301B68DB6823F4164121F00C011A
:10317000D7F8F4301A68D7F8F8300B43D360D7F893
:10318000F4301B685B6923F44070D7F8F430996918
:10319000D7F8F4301A6840EA01035361D7F8F430E5
:1031A0001A688F4B9A4205D0D7F8F4301A688D4BC5
:1031B0009A4204D1FDF77CF9C7F8FC0003E0FDF763
:1031C00063F9C7F8FC00D7F8F430DB69B3F5004FBA
:1031D00040F00C81D7F8FC300022C7F8E830C7F87F
:1031E000EC20D7E93A4522462B469118B9655B4158
:1031F000FB65D7E91623214612EB0108294643EB6C
:1032000001094FF000024FF000034FEAC90343EAFF
:1032100058734FEAC80290469946234618EB0303B9
:10322000C7F8E0302B4649EB0303C7F8E430D7F882
:10323000F4305B680022C7F8D830C7F8DC20D7E943
:1032400036120B46DB183B65134642EB03037B65E6
:10325000D7E91423D7E93801EDF744FE02460B46BF
:10326000614BA3FB02235B091C01D7F8FC30002251
:10327000C7F8D030C7F8D420D7E9348942464B4646
:103280009118B9645B41FB64D7E91223414612EB04
:10329000010A494643EB010B4FF000024FF00003D7
:1032A0004FEACB0343EA5A734FEACA0292469B465F
:1032B00043461AEB0303C7F8C8304B464BEB0303F6
:1032C000C7F8CC30D7F8F4305B680022C7F8C030BC
:1032D000C7F8C420D7E930120B46DB183B6413460D
:1032E00042EB03037B64D7E91023D7E93201EDF702
:1032F000F9FD02460B4611463B4BA3FB01235B093C
:10330000642202FB03F3CB1ADB0003F13202364BDB
:10331000A3FB02235B095B0003F4F8731C44D7F89A
:10332000FC300022C7F8B830C7F8BC20D7E92E8996
:1033300042464B469118B9635B41FB63D7E90E23C4
:1033400041465118396349464B417B634FF00002B7
:103350004FF00003D7E90CAB5946CB00514643EA86
:1033600051735146CA0010461946034642469B18FF
:10337000C7F8B0304B460A4642EB0303C7F8B430F7
:10338000D7F8F4305B680022C7F8A830C7F8AC2043
:10339000D7E92A120B46DB18BB62134642EB030344
:1033A000FB62D7E90A23D7E92C01EDF79BFD024622
:1033B0000B460D4BA3FB02135B09642101FB03F3D6
:1033C000D31ADB003233084AA2FB03235B0903F064
:1033D0000702D7F8F4301B6822449A6006E100BF68
:1033E00000100140001401401F85EB51D7F8FC305C
:1033F0000022C7F8A030C7F8A420D7E928894246A0
:103400004B46911839625B417B62D7E908234146FC
:103410005418494643EB01054FF000024FF00003FA
:10342000EB0043EA5473E20014461D464346E3189A
:10343000C7F898304B4645EB0303C7F89C30D7F8E4
:10344000F4305B680022C7F89030C7F894204FF042
:1034500000024FF00003D7E9244529468B0021469E
:1034600043EA917321468A00D7E92601EDF73AFD38
:1034700002460B46604BA3FB02235B091C01D7F8F5
:10348000FC300022C7F88830C7F88C20D7E92289A1
:1034900042464B469118B9615B41FB61D7E906236F
:1034A00041465118396149464B417B614FF000025A
:1034B0004FF00003D7E904AB5946CB00514643EA2D
:1034C00051735146CA0010461946034642469B189E
:1034D000C7F880304B460A4642EB0303C7F88430F6
:1034E000D7F8F4305B680022BB67FA674FF0000240
:1034F0004FF00003D7E91E8949468B00414643EA55
:10350000917341468A00D7E92001EDF7EBFC0246B2
:103510000B461146384BA3FB01235B09642202FBD7
:1035200003F3CB1A1B013233334AA2FB03235B099B
:1035300003F0F0031C44D7F8FC3000223B677A67A5
:10354000D7E91C8942464B469118B9605B41FB6044
:10355000D7E9022341465118396049464B417B6007
:103560004FF000024FF00003D7E900AB5946CB0003
:10357000514643EA51735146CA0010461946034664
:1035800042469B18BB664B460A4642EB0303FB666A
:10359000D7F8F4305B6800223B667A664FF0000291
:1035A0004FF00003D7E9188949468B00414643EAAA
:1035B000917341468A00D7E91A01EDF793FC024660
:1035C0000B460D4BA3FB02135B09642101FB03F3C4
:1035D000D31A1B013233084AA2FB03235B0903F011
:1035E0000F02D7F8F4301B6822449A6000BF07F539
:1035F0008077BD46BDE8B08F1F85EB5180B483B0A6
:1036000000AF03463960FB7197F90730002B0ADBE6
:103610003B68DAB20C4997F907301201D2B20B4479
:1036200083F800230AE03B68DAB20849FB7903F02B
:103630000F03043B1201D2B20B441A7600BF0C37C1
:10364000BD465DF8047B704700E100E000ED00E05E
:1036500080B500AF054B1B6802F004F80346012B50
:1036600001D002F0F9FD00BF80BD00BF10E000E016
:1036700080B500AF00216FF00400FFF7BFFF00BF6F
:1036800080BD000080B483B000AFEFF305833B60E2
:103690003B68002B03D06FF005037B600CE00A4B06
:1036A0001B68002B05D1084B01221A6000237B60A8
:1036B00002E04FF0FF337B607B6818460C37BD4655
:1036C0005DF8047B704700BF6C27002080B582B096
:1036D00000AFEFF305833B603B68002B03D06FF036
:1036E00005037B6010E00B4B1B68012B09D1FFF732
:1036F000BFFF084B02221A6001F0F4FA00237B603E
:1037000002E04FF0FF337B607B6818460837BD4608
:1037100080BD00BF6C27002080B58EB004AFF8607C
:10372000B9607A6000233B61EFF305837B617B69BD
:10373000002B7FD1FB68002B7CD04FF400733B62E1
:103740001823FB6100237B624FF0FF33BB617B6872
:10375000002B45D07B681B68002B02D07B681B6860
:103760007B627B689B69002B02D07B689B69FB6155
:10377000FB69002B08D0FB69382B05D87B685B6898
:1037800003F00103002B01D0002354E07B685B6948
:10379000002B03D07B685B699B083B627B689B685E
:1037A000002B0ED07B68DB68A72B0AD97B681B69CE
:1037B000002B06D07B685B69002B02D00123BB6124
:1037C00010E07B689B68002B0CD17B68DB68002BCA
:1037D00008D17B681B69002B04D10023BB6101E089
:1037E0000023BB61BB69012B10D17B681B697A6820
:1037F000926802920193FB690093BB683A6A796A06
:10380000F86801F07BF803463B6113E0BB69002BCD
:1038100010D13B6A9AB207F110030193FB69009340
:10382000BB68796AF86801F0C9F80346012B01D03A
:1038300000233B613B6918462837BD4680BD80B5F3
:1038400084B000AF7860EFF30583BB60BB68002BEA
:1038500003D06FF00503FB6007E00023FB607B688B
:10386000002B02D0786801F007FAFB681846103781
:10387000BD4680BD80B58AB002AFF860B9607A609D
:103880000023FB61EFF305833B613B69002B5FD1B4
:10389000FB68002B5CD0BB68002B59D04FF0FF3386
:1038A000BB617B68002B29D07B689B68002B12D002
:1038B0007B68DB684F2B0ED97B681B69002B0AD015
:1038C0007B685A69FB68B96801FB03F39A4202D32B
:1038D0000123BB6114E07B689B68002B10D17B68DF
:1038E000DB68002B0CD17B681B69002B08D17B683F
:1038F0005B69002B04D10023BB6101E00023BB61A5
:10390000BB69012B0BD17B681A697B689B6800211E
:103910000091B968F86800F055FAF86108E0BB69F1
:10392000002B05D10022B968F86800F0C8FAF861E8
:10393000FB69002B0CD07B68002B03D07B681B68D5
:103940007B6101E000237B617969F86900F04EFF3B
:10395000FB6918462037BD4680BD000080B588B0A1
:1039600000AFF860B9603B601346FB71FB68BB6158
:103970000023FB61EFF305837B617B69002B28D07B
:10398000BB69002B05D0BB68002B02D03B68002B25
:1039900003D06FF00303FB6138E000233B6107F1C4
:1039A00010020023B968B86900F0EAFB0346012B56
:1039B00003D06FF00203FB6128E03B69002B25D0A8
:1039C000154B4FF080521A60BFF34F8FBFF36F8FCC
:1039D0001CE0BB69002B02D0BB68002B03D16FF049
:1039E0000303FB6112E000233A68B968B86900F08C
:1039F000C5FA0346012B09D03B68002B03D06FF0BA
:103A00000103FB6102E06FF00203FB61FB691846F2
:103A10002037BD4680BD00BF04ED00E080B588B012
:103A200000AFF860B9607A603B60FB68BB6100235F
:103A3000FB61EFF305837B617B69002B28D0BB69B9
:103A4000002B05D0BB68002B02D03B68002B03D0B5
:103A50006FF00303FB6137E000233B6107F11003C4
:103A60001A46B968B86900F00BFD0346012B03D074
:103A70006FF00203FB6127E03B69002B24D0154B5C
:103A80004FF080521A60BFF34F8FBFF36F8F1BE070
:103A9000BB69002B02D0BB68002B03D16FF003037E
:103AA000FB6111E03A68B968B86900F007FC0346A9
:103AB000012B09D03B68002B03D06FF00103FB61A1
:103AC00002E06FF00203FB61FB6918462037BD4638
:103AD00080BD00BF04ED00E080B586B000AF786027
:103AE0007B683B61EFF30583FB60FB68002B03D031
:103AF0006FF005037B610EE03B69002B03D16FF093
:103B000003037B6107E0386900F09AFE00237B61C4
:103B1000386900F037FD7B6918461837BD4680BD0F
:103B200080B485B000AFF860B9607A60FB68074A7E
:103B30001A60BB68064A1A607B684FF400721A600C
:103B400000BF1437BD465DF8047B70477027002026
:103B50001828002080B485B000AFF860B9607A60A2
:103B6000FB68074A1A60BB68064A1A607B684FF414
:103B700080621A6000BF1437BD465DF8047B704751
:103B800018300020C030002080B483B000AF7860CF
:103B90007B6803F108027B685A607B684FF0FF3254
:103BA0009A607B6803F108027B68DA607B6803F146
:103BB00008027B681A617B6800221A6000BF0C371C
:103BC000BD465DF8047B704780B483B000AF786079
:103BD0007B6800221A6100BF0C37BD465DF8047B8C
:103BE000704780B485B000AF786039607B685B68EF
:103BF000FB603B68FA685A60FB689A683B689A60A9
:103C0000FB689B683A685A60FB683A689A603B6850
:103C10007A681A617B681B685A1C7B681A6000BF4F
:103C20001437BD465DF8047B704780B485B000AFA3
:103C3000786039603B681B68BB60BB68B3F1FF3FCD
:103C400003D17B681B69FB600CE07B680833FB6079
:103C500002E0FB685B68FB60FB685B681B68BA6836
:103C60009A42F6D2FB685A683B685A603B685B68C8
:103C70003A689A603B68FA689A60FB683A685A60EA
:103C80003B687A681A617B681B685A1C7B681A60FB
:103C900000BF1437BD465DF8047B704780B485B023
:103CA00000AF78607B681B69FB607B685B687A6843
:103CB00092689A607B689B687A6852685A60FB6871
:103CC0005B687A689A4203D17B689A68FB685A609D
:103CD0007B6800221A61FB681B685A1EFB681A6029
:103CE000FB681B6818461437BD465DF8047B7047B7
:103CF00080B584B000AF786039607B68FB60FB689A
:103D0000002B0BD14FF0500383F31188BFF36F8F5B
:103D1000BFF34F8FBB6000BF00BFFDE702F00CFA9E
:103D2000FB681A68FB68DB6BF968096C01FB03F33D
:103D30001A44FB689A60FB6800229A63FB681A6861
:103D4000FB685A60FB681A68FB68DB6B013BF9682B
:103D5000096C01FB03F31A44FB68DA60FB68FF227D
:103D600083F84420FB68FF2283F845203B68002B42
:103D700014D1FB681B69002B1AD0FB68103318465E
:103D800001F072FA0346002B12D00D4B4FF0805217
:103D90001A60BFF34F8FBFF36F8F09E0FB681033DA
:103DA0001846FFF7F1FEFB6824331846FFF7ECFED8
:103DB00002F0F4F9012318461037BD4680BD00BF5C
:103DC00004ED00E080B58EB002AFF860B9607A60B3
:103DD0003B60FB68002B0BD14FF0500383F311883D
:103DE000BFF36F8FBFF34F8FBB6200BF00BFFDE714
:103DF0003B68002B0BD14FF0500383F31188BFF3C6
:103E00006F8FBFF34F8F7B6200BF00BFFDE77B6802
:103E1000002B02D0BB68002B01D0012300E000235F
:103E2000002B0BD14FF0500383F31188BFF36F8F3A
:103E3000BFF34F8F3B6200BF00BFFDE77B68002BE5
:103E400002D1BB68002B01D1012300E00023002B2D
:103E50000BD14FF0500383F31188BFF36F8FBFF383
:103E60004F8FFB6100BF00BFFDE750237B617B6983
:103E7000502B0BD04FF0500383F31188BFF36F8F9B
:103E8000BFF34F8FBB6100BF00BFFDE77B693B689D
:103E9000FB62FB6A002B0DD0FB6A012283F84620EF
:103EA00097F83820FB6A009313467A68B968F86877
:103EB00000F040F8FB6A18463037BD4680BD80B53B
:103EC0008AB002AFF860B9601346FB71FB68002B43
:103ED0000BD14FF0500383F31188BFF36F8FBFF303
:103EE0004F8F3B6100BF00BFFDE7FB68BA6802FB74
:103EF00003F3FB61FB695033184602F03FFAB861E7
:103F0000BB69002B11D0BB697B617B6950337B613E
:103F1000BB69002283F84620FA79BB6900931346F7
:103F20007A69B968F86800F005F8BB691846203767
:103F3000BD4680BD80B584B000AFF860B9607A60DE
:103F4000FB70BB68002B03D1BB69BA691A6002E041
:103F5000BB697A681A60BB69FA68DA63BB69BA68D8
:103F60001A640121B869FFF7C3FEBB69FA7883F8C8
:103F70004C2000BF1037BD4680BD000080B58EB01C
:103F800000AFF860B9607A603B6000237B63FB6838
:103F90003B633B6B002B0BD14FF0500383F3118835
:103FA000BFF36F8FBFF34F8FBB6200BF00BFFDE752
:103FB000BB68002B03D13B6B1B6C002B01D1012391
:103FC00000E00023002B0BD14FF0500383F3118846
:103FD000BFF36F8FBFF34F8F7B6200BF00BFFDE762
:103FE0003B68022B03D13B6BDB6B012B01D101231F
:103FF00000E00023002B0BD14FF0500383F3118816
:10400000BFF36F8FBFF34F8F3B6200BF00BFFDE771
:1040100001F028FB0346002B02D17B68002B01D165
:10402000012300E00023002B0BD14FF0500383F35A
:104030001188BFF36F8FBFF34F8FFB6100BF00BFCD
:10404000FDE702F079F83B6B9A6B3B6BDB6B9A42B6
:1040500002D33B68022B29D13A68B968386B00F06B
:10406000B5FAF8623B6B5B6A002B10D03B6B2433D4
:10407000184601F0F9F80346002B13D03F4B4FF0E0
:1040800080521A60BFF34F8FBFF36F8F0AE0FB6A55
:10409000002B07D0394B4FF080521A60BFF34F8F7F
:1040A000BFF36F8F02F07AF8012363E07B68002B87
:1040B00003D102F073F800235CE07B6B002B06D188
:1040C00007F11403184601F033F901237B6302F072
:1040D00065F800F077FE02F02FF83B6B93F8443060
:1040E0005BB2B3F1FF3F03D13B6B002283F8442066
:1040F0003B6B93F845305BB2B3F1FF3F03D13B6BB1
:10410000002283F8452002F049F83A1D07F1140314
:104110001146184601F022F90346002B24D1386BD2
:1041200000F04CFB0346002B18D03B6B10337A6831
:104130001146184601F046F8386B00F0D7FA00F047
:104140004FFE0346002B7FF47CAF0C4B4FF08052A8
:104150001A60BFF34F8FBFF36F8F72E7386B00F0B9
:10416000C5FA00F03DFE6CE7386B00F0BFFA00F0D6
:1041700037FE002318463837BD4680BD04ED00E009
:1041800080B590B000AFF860B9607A603B60FB68C2
:10419000BB63BB6B002B0BD14FF0500383F3118833
:1041A000BFF36F8FBFF34F8FBB6200BF00BFFDE750
:1041B000BB68002B03D1BB6B1B6C002B01D101230F
:1041C00000E00023002B0BD14FF0500383F3118844
:1041D000BFF36F8FBFF34F8F7B6200BF00BFFDE760
:1041E0003B68022B03D1BB6BDB6B012B01D101239D
:1041F00000E00023002B0BD14FF0500383F3118814
:10420000BFF36F8FBFF34F8F3B6200BF00BFFDE76F
:1042100002F072F8EFF311824FF0500383F311882C
:10422000BFF36F8FBFF34F8FFA61BB61FB697B6395
:10423000BB6B9A6BBB6BDB6B9A4202D33B68022B66
:104240002FD1BB6B93F8453087F83330BB6B9B6B3A
:10425000FB623A68B968B86B00F0B8F997F9333087
:10426000B3F1FF3F12D1BB6B5B6A002B16D0BB6B67
:104270002433184600F0F8FF0346002B0ED07B686D
:10428000002B0BD07B6801221A6007E097F83330CF
:104290000133DBB25AB2BB6B83F845200123FB63C9
:1042A00001E00023FB637B6B7B617B6983F31188F7
:1042B00000BFFB6B18464037BD4680BD80B58CB053
:1042C00000AFF860B9607A600023FB62FB68BB62F4
:1042D000BB6A002B0BD14FF0500383F31188BFF35F
:1042E0006F8FBFF34F8F3B6200BF00BFFDE7BB681E
:1042F000002B03D1BB6A1B6C002B01D1012300E012
:104300000023002B0BD14FF0500383F31188BFF330
:104310006F8FBFF34F8FFB6100BF00BFFDE701F060
:10432000A1F90346002B02D17B68002B01D10123A8
:1043300000E00023002B0BD14FF0500383F31188D2
:10434000BFF36F8FBFF34F8FBB6100BF00BFFDE7AF
:1043500001F0F2FEBB6A9B6B7B627B6A002B1FD075
:10436000B968B86A00F09CF97B6A5A1EBB6A9A6306
:10437000BB6A1B69002B0FD0BB6A1033184600F0D4
:1043800073FF0346002B07D03C4B4FF080521A605E
:10439000BFF34F8FBFF36F8F01F000FF012369E080
:1043A0007B68002B03D101F0F9FE002362E0FB6A79
:1043B000002B06D107F11003184600F0B9FF0123C6
:1043C000FB6201F0EBFE00F0FDFC01F0B5FEBB6A04
:1043D00093F844305BB2B3F1FF3F03D1BB6A0022D4
:1043E00083F84420BB6A93F845305BB2B3F1FF3FDA
:1043F00003D1BB6A002283F8452001F0CFFE3A1DAD
:1044000007F110031146184600F0A8FF0346002BE1
:1044100023D1B86A00F0BCF90346002B17D0BB6A61
:1044200024337A681146184600F0CCFEB86A00F0D2
:104430005DF900F0D5FC0346002B89D10F4B4FF0FE
:1044400080521A60BFF34F8FBFF36F8F80E7B86A57
:1044500000F04CF900F0C4FC7AE7B86A00F046F9C5
:1044600000F0BEFCB86A00F093F90346002B3FF45D
:104470006FAF002318463037BD4680BD04ED00E025
:1044800080B58EB000AFF860B9607A60FB683B63BE
:104490003B6B002B0BD14FF0500383F31188BFF31C
:1044A0006F8FBFF34F8F3B6200BF00BFFDE7BB685C
:1044B000002B03D13B6B1B6C002B01D1012300E0CF
:1044C0000023002B0BD14FF0500383F31188BFF36F
:1044D0006F8FBFF34F8FFB6100BF00BFFDE701F09F
:1044E0000BFFEFF311824FF0500383F31188BFF3FA
:1044F0006F8FBFF34F8FBA617B61BB69FB623B6B10
:104500009B6BBB62BB6A002B2FD03B6B93F8443094
:1045100087F82730B968386B00F0C2F8BB6A5A1EBA
:104520003B6B9A6397F92730B3F1FF3F12D13B6B96
:104530001B69002B16D03B6B1033184600F094FE1D
:104540000346002B0ED07B68002B0BD07B6801222A
:104550001A6007E097F827300133DBB25AB23B6BA1
:1045600083F8442001237B6301E000237B63FB6A23
:104570003B613B6983F3118800BF7B6B184638377A
:10458000BD4680BD80B584B000AF78607B68FB60BD
:10459000FB68002B0BD14FF0500383F31188BFF35E
:1045A0006F8FBFF34F8FBB6000BF00BFFDE7F868A0
:1045B00000F046F9FB6893F84630002B02D1F8680A
:1045C00001F0B0FF00BF1037BD4680BD80B586B09A
:1045D00000AFF860B9607A6000237B61FB689B6B79
:1045E0003B61FB681B6C002B0DD1FB681B68002B2B
:1045F0004DD1FB689B68184601F052F87861FB6862
:1046000000229A6043E07B68002B19D1FB68586850
:10461000FB681B6C1A46B96802F0C0F9FB685A685F
:10462000FB681B6C1A44FB685A60FB685A68FB689D
:104630009B689A422BD3FB681A68FB685A6026E095
:10464000FB68D868FB681B6C1A46B96802F0A6F9CB
:10465000FB68DA68FB681B6C5B421A44FB68DA6033
:10466000FB68DA68FB681B689A4207D2FB689A68A5
:10467000FB681B6C5B421A44FB68DA607B68022BA8
:1046800005D13B69002B02D03B69013B3B613B6993
:104690005A1CFB689A637B6918461837BD4680BD73
:1046A00080B582B000AF786039607B681B6C002BEE
:1046B00018D07B68DA687B681B6C1A447B68DA6008
:1046C0007B68DA687B689B689A4203D37B681A68C8
:1046D0007B68DA607B68D9687B681B6C1A4638682F
:1046E00002F05CF900BF0837BD4680BD80B584B0DC
:1046F00000AF786001F020FD7B6893F84530FB73D4
:1047000011E07B685B6A002B12D07B68243318466B
:1047100000F0AAFD0346002B01D000F083FEFB7BD6
:10472000013BDBB2FB7397F90F30002BE9DC00E0B3
:1047300000BF7B68FF2283F8452001F02FFD01F0C8
:10474000FBFC7B6893F84430BB7311E07B681B690A
:10475000002B12D07B681033184600F085FD03460D
:10476000002B01D000F05EFEBB7B013BDBB2BB73D4
:1047700097F90E30002BE9DC00E000BF7B68FF22D8
:1047800083F8442001F00AFD00BF1037BD4680BD0C
:1047900080B584B000AF786001F0CEFC7B689B6B85
:1047A000002B02D10123FB6001E00023FB6001F03C
:1047B000F5FCFB6818461037BD4680BD80B584B057
:1047C00000AF786001F0B8FC7B689A6B7B68DB6BAC
:1047D0009A4202D10123FB6001E00023FB6001F05B
:1047E000DDFCFB6818461037BD4680BD80B485B03F
:1047F00000AF786039600023FB6014E00F4AFB686B
:1048000052F83330002B0BD10C49FB683A6841F861
:1048100033200A4AFB68DB0013447A685A6006E0DA
:10482000FB680133FB60FB68072BE7D900BF00BFC3
:104830001437BD465DF8047B704700BFC0400020C0
:1048400080B485B000AF78600023FB6016E0104AAA
:10485000FB68DB0013445B687A689A420BD10C4A10
:10486000FB68002142F83310094AFB68DB0013445F
:1048700000225A6006E0FB680133FB60FB68072BEF
:10488000E5D900BF00BF1437BD465DF8047B704713
:10489000C040002080B586B000AFF860B9607A6093
:1048A000FB687B6101F048FC7B6993F844305BB2A4
:1048B000B3F1FF3F03D17B69002283F844207B6979
:1048C00093F845305BB2B3F1FF3F03D17B6900221F
:1048D00083F8452001F062FC7B699B6B002B06D1BD
:1048E0007B6924337A68B968184600F091FC7869CE
:1048F000FFF7FCFE00BF1837BD4680BD80B58EB007
:1049000004AFF860B9607A603B607B6B002B0BD121
:104910004FF0500383F31188BFF36F8FBFF34F8FB6
:104920003B6200BF00BFFDE7BB6B002B0BD14FF01C
:10493000500383F31188BFF36F8FBFF34F8FFB6179
:1049400000BF00BFFDE7A8233B613B69A82B0BD04C
:104950004FF0500383F31188BFF36F8FBFF34F8F76
:10496000BB6100BF00BFFDE73B69BB6B002B1ED0E6
:104970007B6B002B1BD0BB6B7B627B6A7A6B1A63F1
:104980007B6A022283F8A520002303937B6A0293AB
:1049900007F1140301933B6B00933B687A68B96895
:1049A000F86800F051F8786A00F0F6F801E00023AA
:1049B0007B617B6918462837BD4680BD80B58CB0C9
:1049C00004AFF860B9603B601346FB80FB889B0036
:1049D000184601F0D3FC78617B69002B0ED0A8202B
:1049E00001F0CCFCF861FB69002B03D0FB697A690C
:1049F0001A6305E0786901F095FD01E00023FB6191
:104A0000FB69002B17D0FB69002283F8A520FA88E8
:104A100000230393FB690293FB6A0193BB6A009333
:104A20003B68B968F86800F00FF8F86900F0B4F86E
:104A30000123BB6102E04FF0FF33BB61BB69184645
:104A40002037BD4680BD000080B588B000AFF8605B
:104A5000B9607A603B603B6B186B7B689B001A46C1
:104A6000A52101F009FF3B6B1A6B7B6803F18043C2
:104A7000013B9B001344BB61BB6923F00703BB618F
:104A8000BB6903F00703002B0BD04FF0500383F3F7
:104A90001188BFF36F8FBFF34F8F7B6100BF00BFE3
:104AA000FDE7BB68002B1FD00023FB6112E0BA6852
:104AB000FB69134419783A6BFB69134434330A4693
:104AC0001A70BA68FB6913441B78002B06D0FB6987
:104AD0000133FB61FB690F2BE9D900E000BF3B6BA1
:104AE000002283F8432003E03B6B002283F834204C
:104AF000BB6A372B01D93723BB623B6BBA6ADA62D8
:104B00003B6BBA6ADA643B6B00221A653B6B043379
:104B10001846FFF759F83B6B18331846FFF754F85F
:104B20003B6B3A6B1A61BB6AC3F138023B6B9A610B
:104B30003B6B3A6B5A623B6B0022C3F8A0203B6B85
:104B4000002283F8A4203B6B54334C2200211846EA
:104B500001F092FE3B6B0D4A9A653B6B0C4ADA659D
:104B60003B6B0C4A1A663A68F968B86901F0B6F905
:104B700002463B6B1A60FB6A002B02D0FB6A3A6B61
:104B80001A6000BF2037BD4680BD00BF54D701204A
:104B9000BCD7012024D8012080B582B000AF786056
:104BA00001F0CAFA2D4B1B6801332C4A13602C4BC1
:104BB0001B68002B09D12A4A7B681360274B1B68AE
:104BC000012B10D100F052FC0DE0264B1B68002B8E
:104BD00009D1234B1B68DA6A7B68DB6A9A4202D8E8
:104BE0001F4A7B681360204B1B6801331E4A136009
:104BF0001D4B1A687B685A647B68DA6A1B4B1B681A
:104C00009A4203D97B68DB6A184A13607B68DA6AC8
:104C100013469B0013449B00154A1A447B680433D7
:104C200019461046FEF7DDFF01F0B8FA0D4B1B6880
:104C3000002B0ED00A4B1B68DA6A7B68DB6A9A424B
:104C400007D20C4B4FF080521A60BFF34F8FBFF367
:104C50006F8F00BF0837BD4680BD00BFD445002020
:104C600000410020E0450020F0450020DC45002008
:104C70000441002004ED00E080B584B000AF78600E
:104C80000023FB607B68002B18D0144B1B68002BA3
:104C90000BD04FF0500383F31188BFF36F8FBFF336
:104CA0004F8FBB6000BF00BFFDE700F08BF8002115
:104CB000786800F065FD00F093F8F860FB68002B61
:104CC00007D1074B4FF080521A60BFF34F8FBFF3ED
:104CD0006F8F00BF1037BD4680BD00BFFC45002070
:104CE00004ED00E080B58AB004AF0023BB60002370
:104CF0007B603A46391D07F108031846FEF710FF9E
:104D000039687B68BA6802920193002300930023FC
:104D10000A4624492448FFF7F1FD0346234A13605D
:104D2000224B1B68002B02D001237B6101E0002392
:104D30007B617B69012B02D100F076FD78617B6994
:104D4000012B1BD14FF0500383F31188BFF36F8FFA
:104D5000BFF34F8F3B6100BF154B1B685433154A9F
:104D60001360154B4FF0FF321A60144B01221A608A
:104D7000134B00221A6001F03BF90FE07B69B3F19D
:104D8000FF3F0BD14FF0500383F31188BFF36F8FB8
:104D9000BFF34F8FFB6000BF00BFFDE700BF1837B8
:104DA000BD4680BD14B201083D540108F8450020FD
:104DB0000041002010000020F4450020E0450020C4
:104DC000D845002080B400AF044B1B680133034A70
:104DD000136000BFBD465DF8047B7047FC450020B2
:104DE00080B584B000AF0023FB600023BB60424B62
:104DF0001B68002B0BD14FF0500383F31188BFF3D6
:104E00006F8FBFF34F8F3B6000BF00BFFDE701F026
:104E100093F9394B1B68013B374A1360364B1B68CB
:104E2000002B62D1354B1B68002B5ED02FE0344B3A
:104E3000DB68DB68FB60FB6818331846FEF72EFF63
:104E4000FB6804331846FEF729FFFB68DA6A2D4B2E
:104E50001B689A4203D9FB68DB6A2A4A1360FB6825
:104E6000DA6A13469B0013449B00274A1A44FB68E6
:104E7000043319461046FEF7B4FEFB68DA6A234B8A
:104E80001B68DB6A9A4202D3214B01221A601C4B39
:104E90001B68002BCBD1FB68002B01D000F0C2FBBC
:104EA0001C4B1B687B607B68002B10D000F046F821
:104EB0000346002B02D0164B01221A607B68013B8F
:104EC0007B607B68002BF1D1124B00221A60104BE3
:104ED0001B68002B09D00123BB600F4B4FF08052A1
:104EE0001A60BFF34F8FBFF36F8F01F057F9BB68A4
:104EF00018461037BD4680BDFC450020D445002033
:104F000094450020DC4500200441002000410020A1
:104F1000E8450020E445002004ED00E080B483B0C3
:104F200000AF054B1B687B607B6818460C37BD469D
:104F30005DF8047B704700BFD845002080B586B07F
:104F400000AF00237B614F4B1B68002B40F090802B
:104F50004D4B1B6801333B614B4A3B6913603B6916
:104F6000002B21D1494B1B681B68002B0BD04FF045
:104F7000500383F31188BFF36F8FBFF34F8F3B60F4
:104F800000BF00BFFDE7414B1B68FB60404B1B6847
:104F90003E4A13603E4AFB6813603E4B1B68013378
:104FA0003C4A136000F03EFB3B4B1B683A699A4257
:104FB00049D3364B1B681B68002B04D1364B4FF08E
:104FC000FF321A603FE0314B1B68DB68DB68BB6077
:104FD000BB685B687B603A697B689A4203D22E4A61
:104FE0007B6813602FE0BB6804331846FEF756FE5B
:104FF000BB689B6A002B04D0BB6818331846FEF7C9
:105000004DFEBB68DA6A254B1B689A4203D9BB6820
:10501000DB6A224A1360BB68DA6A13469B001344BA
:105020009B001F4A1A44BB68043319461046FEF71A
:10503000D8FDBB68DA6A1B4B1B68DB6A9A42B8D39F
:1050400001237B61B5E7174B1B68DA6A14491346E5
:105050009B0013449B000B441B68012B01D90123C7
:105060007B61114B1B68002B07D001237B6104E09F
:105070000E4B1B6801330D4A13607B6918461837C5
:10508000BD4680BDFC450020D84500208C45002051
:1050900090450020EC450020F4450020DC45002030
:1050A0000441002000410020E8450020E4450020A4
:1050B00080B586B000AF3D4B1B68002B03D03C4B46
:1050C00001221A606EE03A4B00221A60394B1B68CD
:1050D0001B6B3B614FF0A533FB603B691B68FA68B3
:1050E0009A4211D13B6904331B68FA689A420BD18A
:1050F0003B6908331B68FA689A4205D13B690C3357
:105100001B68FA689A4208D02A4B1A68294B1B6818
:10511000343319461046ECF77BF8274B1B687B614C
:1051200011E07B69002B0BD14FF0500383F3118802
:10513000BFF36F8FBFF34F8F7B6000BF00BFFDE7F2
:105140007B69013B7B611D497A6913469B001344CF
:105150009B000B441B68002BE3D07A6913469B002D
:1051600013449B00154A1344BB60BB685B685A68D4
:10517000BB685A60BB685A68BB6808339A4204D15E
:10518000BB685B685A68BB685A60BB685B68DB6871
:10519000084A1360084A7B691360064B1B68543346
:1051A000074A136000BF1837BD4680BDFC4500208C
:1051B000E845002000410020DC450020044100209B
:1051C0001000002080B584B000AF786039607B6843
:1051D000002B0BD14FF0500383F31188BFF36F8F77
:1051E000BFF34F8FFB6000BF00BFFDE7074B1B689D
:1051F000183319467868FEF718FD0121386800F069
:10520000BFFA00BF1037BD4680BD00BF004100207F
:1052100080B586B000AFF860B9607A60FB68002B9B
:105220000BD14FF0500383F31188BFF36F8FBFF39F
:105230004F8F7B6100BF00BFFDE70A4B1B6818332F
:105240001946F868FEF7CDFC7B68002B02D04FF0C2
:10525000FF33BB607968B86800F092FA00BF183776
:10526000BD4680BD0041002080B586B000AF7860AB
:105270007B68DB68DB683B613B69002B0BD14FF03F
:10528000500383F31188BFF36F8FBFF34F8FFB6021
:1052900000BF00BFFDE73B6918331846FEF7FEFC70
:1052A0001D4B1B68002B1DD13B6904331846FEF7CC
:1052B000F5FC3B69DA6A194B1B689A4203D93B69D2
:1052C000DB6A164A13603B69DA6A13469B00134493
:1052D0009B00134A1A443B69043319461046FEF7F3
:1052E00080FC05E03B69183319460E48FEF779FC4F
:1052F0003B69DA6A0C4B1B68DB6A9A4205D90123C9
:105300007B610A4B01221A6001E000237B617B690B
:1053100018461837BD4680BDFC450020DC450020FE
:10532000044100209445002000410020E845002071
:1053300080B483B000AF7860064B1A687B681A604F
:10534000054B1A687B685A6000BF0C37BD465DF894
:10535000047B7047EC450020D845002080B588B01C
:1053600000AF786039607B68002B0BD14FF05003A1
:1053700083F31188BFF36F8FBFF34F8F3B6100BF83
:1053800000BFFDE73B68002B0BD14FF0500383F3C8
:105390001188BFF36F8FBFF34F8FFB6000BF00BF5B
:1053A000FDE700F0C9FE1D4B1B68BB617B685B68B5
:1053B000BA69D31A7B613B681B68B3F1FF3F02D126
:1053C0000023FB6123E07B681A68154B1B689A4237
:1053D00007D07B685B68BA699A4202D30123FB61FC
:1053E00015E03B681B687A699A420BD23B681A68E1
:1053F0007B69D21A3B681A607868FFF799FF00232F
:10540000FB6104E03B6800221A600123FB6100F0AD
:10541000C5FEFB6918462037BD4680BDD845002033
:10542000EC45002080B400AF034B01221A6000BF9E
:10543000BD465DF8047B7047E845002080B582B02A
:1054400000AF786000F052F8064B1B68012BF9D9C9
:10545000054B4FF080521A60BFF34F8FBFF36F8F31
:10546000F0E700BF0441002004ED00E080B582B009
:1054700000AF00237B600CE07A6813469B00134466
:105480009B00124A13441846FEF77EFB7B680133EB
:105490007B607B68372BEFD90D48FEF775FB0D4815
:1054A000FEF772FB0C48FEF76FFB0C48FEF76CFB37
:1054B0000B48FEF769FB0B4B054A1A600A4B054A7D
:1054C0001A6000BF0837BD4680BD00BF0441002000
:1054D000644500207845002094450020A845002020
:1054E000C04500208C4500209045002080B582B04A
:1054F00000AF19E000F020FE104BDB68DB687B603A
:105500007B6804331846FEF7C9FB0D4B1B68013B53
:105510000B4A13600B4B1B68013B0A4A136000F0F7
:105520003DFE786800F048F8064B1B68002BE1D17F
:1055300000BF00BF0837BD4680BD00BFA8450020A2
:10554000D4450020BC45002080B485B000AF786011
:105550000023FB6005E07B6801337B60FB6801335F
:10556000FB607B681B78A52BF5D0FB689B08FB6074
:10557000FB689BB218461437BD465DF8047B704744
:1055800080B586B000AF78607B68002B02D1094BF4
:105590001B6800E07B687B617B691B6B3B61386942
:1055A000FFF7D2FF0346FB60FB6818461837BD467D
:1055B00080BD00BF0041002080B584B000AF78609E
:1055C0007B685433184601F05FF97B6893F8A53087
:1055D000002B08D17B681B6B184600F0A3FF78688E
:1055E00000F0A0FF19E07B6893F8A530012B03D1F0
:1055F000786800F097FF10E07B6893F8A530022BE5
:105600000BD04FF0500383F31188BFF36F8FBFF3BC
:105610004F8FFB6000BF00BFFDE700BF1037BD46E6
:1056200080BD000080B483B000AF0C4B1B681B68CA
:10563000002B04D10A4B4FF0FF321A6008E0074BF1
:105640001B68DB68DB687B607B685B68044A13600F
:1056500000BF0C37BD465DF8047B70478C450020C9
:10566000F445002080B483B000AF0B4B1B68002BC7
:1056700002D101237B6008E0084B1B68002B02D19C
:1056800002237B6001E000237B607B6818460C37B7
:10569000BD465DF8047B7047E0450020FC450020D6
:1056A00080B586B000AF78607B683B6100237B618A
:1056B0007B68002B58D02F4B1B683A699A420BD05D
:1056C0004FF0500383F31188BFF36F8FBFF34F8FF9
:1056D000FB6000BF00BFFDE73B691B6D002B0BD1DA
:1056E0004FF0500383F31188BFF36F8FBFF34F8FD9
:1056F000BB6000BF00BFFDE73B691B6D5A1E3B69E5
:105700001A653B69DA6A3B69DB6C9A422CD03B69CB
:105710001B6D002B28D13B6904331846FEF7BEFAF7
:105720003B69DA6C3B69DA623B69DB6AC3F13802D8
:105730003B699A613B69DA6A0F4B1B689A4203D94D
:105740003B69DB6A0C4A13603B69DA6A13469B00CB
:1057500013449B00094A1A443B6904331946104616
:10576000FEF73FFA01237B617B6918461837BD4677
:1057700080BD00BF00410020DC4500200441002026
:1057800080B584B000AF78603960214B1B68FB6046
:10579000204B1B6804331846FEF780FA7B68B3F190
:1057A000FF3F0AD13B68002B07D01A4B1B6804331C
:1057B00019461948FEF715FA26E0FA687B68134483
:1057C000BB60144B1B68BA685A60BA68FB689A429F
:1057D00009D2124B1A680F4B1B6804331946104646
:1057E000FEF723FA10E00E4B1A680A4B1B680433CD
:1057F00019461046FEF719FA0A4B1B68BA689A4216
:1058000002D2084ABB68136000BF1037BD4680BD96
:10581000D845002000410020C045002090450020D0
:105820008C450020F445002080B58AB004AF0023E9
:105830007B6100F013FB1D4B1B68002B21D0002364
:10584000FB600023BB603A1D07F1080107F10C0360
:105850001846FEF77FF97968BB68FA6802920193EF
:105860000223009300230A4611491248FFF746F825
:105870000346114A1360104B1B68002B01D0012313
:105880007B617B69002B0BD14FF0500383F31188B0
:10589000BFF36F8FBFF34F8F3B6100BF00BFFDE7CA
:1058A0007B6918461837BD4680BD00BF30460020D2
:1058B0001CB20108F55901083446002080B58AB0B1
:1058C00000AFF860B9607A603B6000237B62FB68E0
:1058D000002B0BD14FF0500383F31188BFF36F8F70
:1058E000BFF34F8F3B6200BF00BFFDE7194B1B6842
:1058F000002B2AD0BB683B617B687B61FB68BB6186
:10590000BB68052B18DCFFF7ADFE0346022B09D15F
:10591000104B186807F1100100233A6BFEF72EFBBD
:10592000786212E00B4B186807F110010023002287
:10593000FEF724FB786208E0064B186807F11001B7
:1059400000233A68FEF71CFC78627B6A1846283709
:10595000BD4680BD3046002080B588B002AF78607B
:105960003960234B1B68DB68DB687B617B69043330
:105970001846FEF793F97B6993F8283003F0040387
:10598000002B23D07B699A697B68D1187B683A68C1
:10599000786900F0D5F80346002B20D0002300934F
:1059A00000237A6800217869FFF788FF38613B6936
:1059B000002B14D14FF0500383F31188BFF36F8F86
:1059C000BFF34F8FFB6000BF00BFFDE77B6993F81B
:1059D000283023F00103DAB27B6983F828207B6941
:1059E0001B6A7869984700BF1837BD4680BD00BF65
:1059F0002846002080B584B000AF786007F1080326
:105A0000184600F059F8F860BB681946F86800F0CD
:105A100005F800F0D7F800BFF0E7000080B584B0CB
:105A200000AF78603960FFF7CDF907F10803184639
:105A300000F066F8F860BB68002B30D13B68002BA3
:105A40000AD17A68FB689A4206D8FFF7C9F9F96863
:105A50007868FFF781FF24E03B68002B08D0134BE8
:105A60001B681B68002B01D1012300E000233B6071
:105A70000F4B18687A68FB68D31A3A681946FEF724
:105A800009FFFFF7ADF90346002B0AD1094B4FF090
:105A900080521A60BFF34F8FBFF36F8F01E0FFF7A3
:105AA0009FF900BF1037BD4680BD00BF2C460020C7
:105AB0003046002004ED00E080B485B000AF78608F
:105AC0000E4B1B681B68002B01D1012200E0002255
:105AD0007B681A607B681B68002B05D1074B1B682D
:105AE000DB681B68FB6001E00023FB60FB68184675
:105AF0001437BD465DF8047B704700BF2846002080
:105B000080B584B000AF7860FFF708FAF8600B4BFF
:105B10001B68FA689A4205D200F03AF97B680122C4
:105B20001A6002E07B6800221A60044AFB68136076
:105B3000FB6818461037BD4680BD00BF38460020C0
:105B400080B586B000AFF860B9607A603B60002332
:105B50007B61FB68BA685A60FB68FA681A61BA68C8
:105B60007B689A4212D87A683B68D21AFB689B69B4
:105B70009A4202D301237B611BE0104B1A68FB6839
:105B8000043319461046FEF750F812E07A683B6875
:105B90009A4206D2BA683B689A4202D301237B61DB
:105BA00007E0074B1A68FB68043319461046FEF7F6
:105BB0003CF87B6918461837BD4680BD2C4600204E
:105BC0002846002080B58EB002AFCEE07B68002B67
:105BD00019DA3B1D0433FB62FB6A002B0BD14FF03B
:105BE000500383F31188BFF36F8FBFF34F8FFB61B7
:105BF00000BF00BFFDE7FB6A1B68FA6A5068FA6ADB
:105C00009268114698477B68002BC0F2AE80FB6813
:105C1000BB62BB6A5B69002B04D0BB6A04331846C5
:105C2000FEF73CF83B461846FFF76AFF78627B6850
:105C3000092B00F2978001A252F823F0655C01085D
:105C4000655C0108655C0108DB5C0108EF5C01082C
:105C50003B5D0108655C0108655C0108DB5C0108CF
:105C6000EF5C0108BB6A93F8283043F00103DAB215
:105C7000BB6A83F82820BA68BB6A9B69D118BB68E5
:105C80007A6AB86AFFF75CFF0346002B6CD0BB6AE8
:105C90001B6AB86A9847BB6A93F8283003F004037C
:105CA000002B61D0BA68BB6A9B691A440023009339
:105CB00000230021B86AFFF701FE38623B6A002B1F
:105CC00052D14FF0500383F31188BFF36F8FBFF3AE
:105CD0004F8FBB6100BF00BFFDE7BB6A93F8283060
:105CE00023F00103DAB2BB6A83F828203DE0BB6AE7
:105CF00093F8283043F00103DAB2BB6A83F8282016
:105D0000BA68BB6A9A61BB6A9B69002B0BD14FF0E2
:105D1000500383F31188BFF36F8FBFF34F8F7B6105
:105D200000BF00BFFDE7BB6A9A697B6AD1187B6A36
:105D30007A6AB86AFFF704FF17E0BB6A93F8283065
:105D400003F00203002B03D1B86A00F0EBFB0CE078
:105D5000BB6A93F8283023F00103DAB2BB6A83F8F8
:105D6000282002E000BF00E000BF084B1B68391D7F
:105D700000221846FEF7A2FA0346002B7FF426AF56
:105D800000BF00BF3037BD4680BD00BF3046002099
:105D900080B588B002AF49E02E4B1B68DB681B68FA
:105DA0003B612C4B1B68DB68DB68FB60FB680433E2
:105DB0001846FDF773FFFB681B6AF8689847FB6895
:105DC00093F8283003F00403002B2FD0FB689B6965
:105DD0003A691344BB60BA683B699A420ED9FB68C2
:105DE000BA685A60FB68FA681A611A4B1A68FB684D
:105DF000043319461046FDF718FF17E000230093FF
:105E000000233A690021F868FFF758FD78607B6845
:105E1000002B0BD14FF0500383F31188BFF36F8F2A
:105E2000BFF34F8F3B6000BF00BFFDE7094B1B680E
:105E30001B68002BB0D1074B1B687B61064B1B68AE
:105E4000044A1360044A7B69136000BF1837BD46DB
:105E500080BD00BF284600202C46002080B582B0BF
:105E600002AF00F069F9154B1B68002B20D11448D4
:105E7000FDF78AFE1348FDF787FE134B104A1A60A0
:105E8000124B104A1A6000230093114B114A102143
:105E90000A20FDF797FF0346084A1360074B1B686B
:105EA000002B05D0054B1B680B491846FEF79EFCDE
:105EB00000F074F900BFBD4680BD00BF3046002031
:105EC0000046002014460020284600202C460020D2
:105ED000DC4600203C46002024B2010880B485B096
:105EE00000AFF860B9607A60FB68043BFB60FB6858
:105EF0004FF080721A60FB68043BFB60BB6823F0C4
:105F00000102FB681A60FB68043BFB600C4AFB68FB
:105F10001A60FB68143BFB607A68FB681A60FB68D8
:105F2000043BFB60FB686FF002021A60FB68203BD9
:105F3000FB60FB6818461437BD465DF8047B70476C
:105F4000455F010880B485B000AF00237B60134B30
:105F50001B68B3F1FF3F0BD04FF0500383F3118860
:105F6000BFF36F8FBFF34F8FFB6000BF00BFFDE734
:105F70004FF0500383F31188BFF36F8FBFF34F8F40
:105F8000BB6000BF00BF7B68002BFCD000BF00BF20
:105F90001437BD465DF8047B704700BF0C0000203D
:105FA000074B19680868B0E8F04F80F30988BFF321
:105FB0006F8F4FF0000080F311887047AFF30080BF
:105FC0000041002000BF00BF08480068006880F35F
:105FD00008884FF0000080F3148862B661B6BFF302
:105FE0004F8FBFF36F8F00DF00BF00BF08ED00E0F1
:105FF00080B586B000AF474B1B68474A93420BD130
:106000004FF0500383F31188BFF36F8FBFF34F8FAF
:10601000FB6000BF00BFFDE73E4B1B683F4A934259
:106020000BD14FF0500383F31188BFF36F8FBFF391
:106030004F8F3B6100BF00BFFDE7394B7B617B6940
:106040001B78DBB27B607B69FF221A707B691B784F
:10605000DBB2FB70FB78DBB203F05003DAB2314BFA
:106060001A70314B07221A6009E02F4B1B68013B65
:106070002D4A1360FB78DBB25B00DBB2FB70FB7870
:10608000DBB203F08003802BEFD0274B1B68C3F1FA
:106090000703042B0BD04FF0500383F31188BFF399
:1060A0006F8FBFF34F8FBB6000BF00BFFDE71E4B7C
:1060B0001B681B021C4A13601B4B1B6803F4E06344
:1060C000194A13607B68DAB27B691A70174B1B6838
:1060D000164A43F470031360144B1B68134A43F0D1
:1060E0007043136000F0DAF8114B00221A6000F0E0
:1060F000F9F8104B1B680F4A43F040431360FFF759
:1061000063FFFEF7D5FFFFF71DFF00231846183782
:10611000BD4680BD00ED00E071C20F4170C20F416D
:1061200000E400E02C4700203047002020ED00E094
:106130000C00002034EF00E080B483B000AF4FF0DB
:10614000500383F31188BFF36F8FBFF34F8F7B60D2
:1061500000BF104B1B6801330E4A13600D4B1B68C8
:10616000012B10D10C4B1B68DBB2002B0BD04FF076
:10617000500383F31188BFF36F8FBFF34F8F3B60E2
:1061800000BF00BFFDE700BF0C37BD465DF8047BD4
:10619000704700BF0C00002004ED00E080B483B025
:1061A00000AF124B1B68002B0BD14FF0500383F351
:1061B0001188BFF36F8FBFF34F8F7B6000BF00BFAD
:1061C000FDE70A4B1B68013B084A1360074B1B683D
:1061D000002B05D100233B603B6883F3118800BF8F
:1061E00000BF0C37BD465DF8047B70470C000020F3
:1061F000EFF30980BFF36F8F154B1A681EF0100F75
:1062000008BF20ED108A20E9F04F106009B44FF06C
:10621000500080F31188BFF34F8FBFF36F8FFEF7ED
:1062200047FF4FF0000080F3118809BC1968086827
:10623000B0E8F04F1EF0100F08BFB0EC108A80F3EA
:106240000988BFF36F8F7047AFF30080AFF3008012
:106250000041002000BF00BF80B582B000AF4FF00A
:10626000500383F31188BFF36F8FBFF34F8F7B60B1
:1062700000BFFEF763FE0346002B03D0064B4FF032
:1062800080521A6000233B603B6883F3118800BF93
:1062900000BF0837BD4680BD04ED00E080B400AF0C
:1062A0000B4B00221A600B4B00221A600A4B1B6832
:1062B0000A4AA2FB03239B09094A013B1360044BD2
:1062C00007221A6000BFBD465DF8047B704700BF1F
:1062D00010E000E018E000E000000020D34D621064
:1062E00014E000E0DFF80C00016841F47001016087
:1062F000704700BF88ED00E080B485B000AFEFF3D9
:106300000583FB60FB680F2B15D9184AFB68134403
:106310001B78FB72164B1B78FA7A9A420BD24FF01D
:10632000500383F31188BFF36F8FBFF34F8F7B60F0
:1063300000BF00BFFDE70F4B1B6803F4E0620E4B8C
:106340001B689A420BD94FF0500383F31188BFF3B7
:106350006F8FBFF34F8F3B6000BF00BFFDE700BFF3
:106360001437BD465DF8047B704700BFF0E300E0E2
:106370002C4700200CED00E03047002080B58AB0AB
:1063800000AF78600023FB61FEF71CFD5F4B1B68CC
:10639000002B01D100F042F95D4B1A687B68134075
:1063A000002B40F095807B68002B1ED008227B6874
:1063B00013447B607B6803F00703002B15D07B68D8
:1063C00023F0070308337B607B6803F00703002B8F
:1063D0000BD04FF0500383F31188BFF36F8FBFF3DF
:1063E0004F8F7B6100BF00BFFDE77B68002B6FD044
:1063F000484B1B687A689A426AD8474B3B62464BC7
:106400001B687B6204E07B6A3B627B6A1B687B6281
:106410007B6A5B687A689A4203D97B6A1B68002BA7
:10642000F1D13A4B1B687A6A9A4251D03B6A1B6899
:1064300008221344FB617B6A1A683B6A1A607B6A14
:106440005A687B68D21A08235B009A4220D97A6A7C
:106450007B681344BB61BB6903F00703002B0BD0BF
:106460004FF0500383F31188BFF36F8FBFF34F8F4B
:106470003B6100BF00BFFDE77B6A5A687B68D21AA8
:10648000BB695A607B6A7A685A60B86900F028F97B
:10649000204B1A687B6A5B68D31A1E4A13601D4B37
:1064A0001A681E4B1B689A4203D21A4B1B681B4A80
:1064B00013607B6A5A68164B1B681A437B6A5A60E2
:1064C0007B6A00221A60164B1B680133144A136062
:1064D000FEF786FCFB69002B01D1EAF7ADFEFB69F4
:1064E00003F00703002B0BD04FF0500383F3118808
:1064F000BFF36F8FBFF34F8FFB6000BF00BFFDE79F
:10650000FB6918462837BD4680BD00BF3CD7012037
:1065100050D7012040D7012034D7012044D7012093
:1065200048D7012080B586B000AF78607B687B617A
:106530007B68002B4FD008235B427A6913447B6150
:106540007B693B613B695A68254B1B681340002BF4
:106550000BD14FF0500383F31188BFF36F8FBFF35C
:106560004F8FFB6000BF00BFFDE73B691B68002B3E
:106570000BD04FF0500383F31188BFF36F8FBFF33D
:106580004F8FBB6000BF00BFFDE73B695A68144BEB
:106590001B681340002B1ED03B691B68002B1AD1CF
:1065A0003B695A680E4B1B68DB431A403B695A60D3
:1065B000FEF708FC3B695A680A4B1B681344094AFA
:1065C0001360386900F08CF8074B1B680133064AEA
:1065D0001360FEF705FC00BF1837BD4680BD00BF45
:1065E00050D7012040D701204CD7012080B400AF04
:1065F000034B1B681846BD465DF8047B704700BF1F
:1066000040D7012080B400AF034B1B681846BD463D
:106610005DF8047B704700BF44D7012080B485B08B
:1066200000AF4FF4C833BB60274BFB60FB6803F03F
:106630000703002B0CD0FB680733FB60FB6823F0DB
:106640000703FB60BA68FB68D31A1F4A1344BB6098
:10665000FB687B601D4A7B6813601C4B00225A60FC
:106660007B68BA681344FB600822FB689B1AFB60D6
:10667000FB6823F00703FB60FB68154A1360144BAB
:106680001B6800225A60124B1B6800221A607B684C
:106690003B603B68FA68D21A3B685A600C4B1A6838
:1066A0003B681A603B685B680A4A13603B685B683A
:1066B000094A1360094B4FF000421A6000BF1437BB
:1066C000BD465DF8047B70473447002034D7012075
:1066D0003CD7012044D7012040D7012050D70120CA
:1066E00080B485B000AF7860284BFB6002E0FB68A7
:1066F0001B68FB60FB681B687A689A42F7D8FB68E6
:10670000BB60FB685B68BA6813447A689A4208D138
:10671000FB685A687B685B681A44FB685A60FB68D0
:106720007B607B68BB607B685B68BA681A44FB6807
:106730001B689A4218D1FB681A68154B1B689A426D
:106740000DD07B685A68FB681B685B681A447B68DD
:106750005A60FB681B681A687B681A6008E00C4B7B
:106760001A687B681A6003E0FB681A687B681A6025
:10677000FA687B689A4202D0FB687A681A6000BFA8
:106780001437BD465DF8047B704700BF34D7012045
:106790003CD701200CB430B5184B0C1E1D689DB0C1
:1067A00008DA8B232B604FF0FF301DB0BDE830407E
:1067B00002B070474FF40273ADF814304FF000038D
:1067C0001B9314BF04F1FF332346049307934FF642
:1067D000FF7302900690ADF81630209A21AB02A903
:1067E0002846019300F040FA431CBCBF8B232B606A
:1067F000002CDAD0029B00221A70D6E7100000208D
:1068000030B51446002C9BB005461A4605DA8B239A
:1068100003604FF0FF301BB030BD4FF40273ADF892
:106820000C304FF00003199314BF04F1FF332346DB
:10683000029305934FF6FF7300910491ADF80E306B
:1068400069461E9B00F010FA431CBCBF8B232B60D3
:10685000002CE0D0009B00221A70DCE707B5009303
:1068600013460A46014603480068FFF7C9FF03B014
:1068700000BD00BF1000002002440346934200D137
:10688000704703F8011BF9E72D4B1B68834270B575
:10689000044653D0C3691BB3DB6863B10025E369C9
:1068A000DB685959B1B90435802DF8D1E369204628
:1068B000D96800F081F8E369196811B1204600F049
:1068C0007BF8E3699D685DB1294620462D6800F09C
:1068D00073F8F8E70E68204600F06EF83146E1E7FD
:1068E000616911B1204600F067F8E16911B12046F5
:1068F00000F062F8216B11B1204600F05DF8616B89
:1069000011B1204600F058F8A16B11B1204600F0FB
:1069100053F8A16C11B1204600F04EF8616C11B132
:10692000204600F049F8E16A11B1204600F044F831
:10693000236A1BB12046BDE87040184770BD00BFF8
:1069400010000020014B1868704700BF10000020A5
:1069500070B50D4B0D4D5B1B9C100026A64209D156
:1069600001F0FCFD0A4D0B4B5B1B9C100026A64260
:1069700005D170BD55F8043B98470136EEE755F850
:10698000043B98470136F2E788B7010888B7010849
:1069900088B701088CB70108704770470A449142D4
:1069A00000F1FF3300D1704710B511F8014B03F827
:1069B000014F9142F9D110BD38B50546002941D0AB
:1069C00051F8043C0C1F002BB8BFE41800F0E0F8AD
:1069D0001D4A136833B9636014602846BDE8384027
:1069E00000F0DCB8A34208D9206821188B4201BF0F
:1069F00019685B6809182160EDE71A465B680BB1FE
:106A0000A342FAD911685018A0420BD12068014462
:106A1000501883421160E0D118685B6853600844E5
:106A20001060DAE702D90C232B60D6E72068211822
:106A30008B4204BF19685B68636004BF091821605A
:106A40005460CAE738BD00BF98D8012070B50F4E1A
:106A50000C463168054611B900F0ACFB30602146A8
:106A6000284600F0A7FB431C03D14FF0FF3420461B
:106A700070BDC41C24F00304A042F8D0211A28469B
:106A800000F098FB0130F2D1EFE700BF94D801206D
:106A90002DE9F843CD1C25F0030508350C2D38BF32
:106AA0000C25002D064601DBA94204D90C233360D6
:106AB0000020BDE8F883DFF8D48000F069F8D8F84A
:106AC00000301C4644BB29463046FFF7BFFF431C3D
:106AD000044658D1D8F800402746002F43D1002C57
:106AE0004BD023683946304604EB030900F062FBC3
:106AF000814542D121686D1A29463046FFF7A6FF2D
:106B000001303AD023682B442360D8F800305A680B
:106B100062BBC8F800700FE02268521B20D40B2A19
:106B200017D96119A342256018BF5960636808BF6F
:106B3000C8F8001062514B60304600F02FF804F1A5
:106B40000B00231D20F00700C21A1CBF1B1AA35004
:106B5000AFE76268A3420CBFC8F800205A60EBE7B9
:106B600023466468AEE73C467F68B6E71A465B6832
:106B7000A342FBD100235360DEE70C233360304691
:106B800000F00CF894E70560D6E700BF98D8012024
:106B90000148FFF701BF00BF90D801200148FFF76F
:106BA000FCBE00BF90D801202DE9F0478E681F463B
:106BB000BE4282460C469046334653D8B1F90C008B
:106BC00010F4906F2BD065692368096905EB4505C2
:106BD000A3EB010905EBD5757B1C6D104B44AB4253
:106BE0002A4684BF1D462A46430527D511465046EE
:106BF000FFF74EFF064658B321694A46FFF7CEFE1F
:106C0000A38923F4906343F08003A3812661656127
:106C10004E44A5EB09052660A5603E463B461F464F
:106C200020683A46414600F0ABFAA3689B1BA3607C
:106C300023683B4423600020BDE8F087504600F005
:106C4000C9FA06460028E1D121695046FFF7B4FE93
:106C50000C23CAF80030A38943F04003A3814FF00E
:106C6000FF30E9E73E46DBE72DE9F0471F468B8919
:106C70001B069CB006460D46144610D50B6973B929
:106C80004021FFF705FF2860286130B90C233360ED
:106C90004FF0FF301CB0BDE8F08740236B6100234C
:106CA000099320238DF8293003973023654F8DF801
:106CB0002A304FF001082346994613F8012B0AB1F8
:106CC000252AF9D1B9EB040A0BD0534622462946AE
:106CD0003046FFF769FF013000F0A480099A524462
:106CE000099299F80030002B00F09C8000234FF0AF
:106CF000FF32CDE9052309F10109049307938DF8CB
:106D000053301A934C464F4814F8011B0522E9F7FB
:106D10005FFA049BD0B9D80644BF20228DF85320D7
:106D2000190744BF2B228DF8532099F800202A2AF6
:106D300013D0079A4C4600204FF00A0C214611F858
:106D4000013B303B092B49D968B913E0C01B08FA55
:106D500000F018430490A146D4E7039A111D12686D
:106D60000391002A01DB079204E0524243F0020340
:106D70000792049323782E2B0AD163782A2B32D1E1
:106D8000039B1A1D1B68039243EAE37302340593C5
:106D9000DFF8C090217803224846E9F719FA38B1A4
:106DA000049BA0EB0900402282401343013404936A
:106DB00014F8011B24488DF828100622E9F708FA78
:106DC000002835D0214818BB039B073323F0070365
:106DD00008330393099B034409936CE70CFB0232CD
:106DE0000C460120AAE700230134059319464FF011
:106DF0000A0C204610F8012B303A092A03D9002B3F
:106E0000C6D00591C4E70CFB012104460123F0E73D
:106E100003AB00932A460E4B04A93046AFF3008023
:106E2000421CD7D1AB895B063FF532AF099831E7F9
:106E300003AB00932A46064B04A9304600F07AF8CB
:106E4000EEE700BF34B301083EB3010800000000C4
:106E5000A96B01083AB301082DE9F0471646984698
:106E60008A680B69DDF820909342B8BF13463360FF
:106E700091F8432007460C460AB10133336023687A
:106E8000990642BF336802333360256815F0060562
:106E900006D104F1190AE36832689B1AAB4226DC7A
:106EA00094F843302268003B18BF012392062BD48C
:106EB00004F1430241463846C84701301ED02368DA
:106EC000226903F00603042B02BFE5683368ED1A5C
:106ED000A3680CBF25EAE57500259342C4BF9B1A41
:106EE000ED1800261A34B5421AD1002008E001231B
:106EF000524641463846C847013003D14FF0FF3073
:106F0000BDE8F0870135C6E7E1185A1C302081F84A
:106F10004300224494F8451082F843100233C7E737
:106F20000123224641463846C8470130E6D00136A3
:106F3000D9E700002DE9F0430D7E85B0782D90460D
:106F40000C9E07460C46994601F1430207D8622D74
:106F50000AD8002D00F0D780582D00F0BC8004F135
:106F6000420684F842503BE0A5F16303152BF6D8A6
:106F700001A151F823F000BFD16F0108E56F0108AE
:106F80005F6F01085F6F01085F6F01085F6F0108A5
:106F9000E56F01085F6F01085F6F01085F6F01080F
:106FA0005F6F0108ED7001080F7001089F70010804
:106FB0005F6F01085F6F01080F7101085F6F0108C3
:106FC0000F7001085F6F01085F6F0108A77001086B
:106FD00033681A1D1B68326004F1420684F842309F
:106FE0000123A1E033682068191D3160060601D530
:106FF0001D6803E04506FBD5B3F90050002D03DA08
:107000002D236D4284F843305B480A2311E0216848
:107010003368080653F8045B02D4490648BFADB292
:107020003360237E54486F2B5CD10823002184F801
:1070300043106668A660002E05DB21682E4321F010
:107040000401216050D01646B5FBF3F103FB115C3F
:1070500010F80CC006F801CDAC4663450D46F3D9D7
:10706000082B0BD12368DB0708D523696168994297
:10707000DEBF302306F8013C06F1FF36921B226189
:10708000CDF80090434603AA21463846FFF7E4FEB8
:1070900001304ED14FF0FF3005B0BDE8F0832368DA
:1070A00043F0200323603548782584F84550236851
:1070B000316813F0800F51F8045B03D113F0400FD7
:1070C00018BFADB23160D90744BF43F0200323603D
:1070D0001DB11023AAE72848E7E7236823F020031F
:1070E0002360F6E70A23A1E71646B9E73368256867
:1070F0006169181D30602E061B6801D5196002E019
:107100006806FBD51980002323611646B8E733686B
:107110001A1D32601E68626800213046E9F758F88F
:1071200008B1801B606063682361002384F84330EA
:10713000A6E72369324641463846C8470130A9D000
:1071400023689B0713D4E068039B9842B8BF184696
:10715000A2E70123324641463846C847013099D05C
:107160000135E36803995B1AAB42F2DCEBE70025DB
:1071700004F11906F5E700BF45B3010856B301084D
:10718000884210B501EB020402D98442234607D895
:10719000431EA14207D011F8012B03F8012FF8E795
:1071A0000244824200D110BD13F8011D02F8011DF6
:1071B000F7E7000038B5064D0023044608462B606B
:1071C000F5F730FC431C02D12B6803B1236038BDB6
:1071D0008CD801202DE9F041074614460D4621B90F
:1071E000BDE8F0411146FFF753BC2AB9FFF7E4FBB5
:1071F00025462846BDE8F08100F01AF8844206468C
:1072000002D8B4EB500FF4D821463846FFF740FCC3
:10721000804608B94546ECE7B4422246294628BFD5
:107220003246FFF7BBFB29463846FFF7C5FBF1E7BF
:1072300051F8043C181F002BBCBF0B58C0187047F6
:1072400038B52DED028B55EC104B00F0C3F82246FB
:107250002B4620462946B0EE408AF0EE608AE9F7D8
:107260005DFC30B90022002320462946E9F72EFCB8
:1072700030B9B0EE480AF0EE680ABDEC028B38BDBA
:10728000FFF760FB00220023212101601046194610
:10729000E9F7D4FA41EC180BB0EE480AF0EE680AB0
:1072A000BDEC028B38BD00BF00F0A4BA08B52DEDCF
:1072B000028BB0EE408A00F085F9B4EE488AF1EE18
:1072C00010FA06D6DFED098AB4EEE88AF1EE10FA7C
:1072D00002D4BDEC028B08BDFFF734FB88EEA80A90
:1072E000BDEC028B2123036008BD00BF000000003D
:1072F00010EE103A184923F000428A4219D9B2F12F
:10730000FF4F02D330EE400A704700B583B06846A5
:1073100000F016FB00F0030001289DED000ADDEDF2
:10732000010A0FD0022808D088B900F099F903B0FB
:1073300000BDDFED0A0A00F093B900F091F9B1EE5B
:10734000400AF4E700F00EFAB1EE400AEFE7012040
:1073500000F008FAEBE700BFD80F493F000000003B
:1073600010EE103A194923F000428A421AD9B2F1BC
:10737000FF4F02D330EE400A704700B583B0684635
:1073800000F0DEFA00F0030001289DED000ADDEDBB
:10739000010A12D002280AD090B9012000F0E2F9C7
:1073A00003B000BDDFED0A0A002000F0DBB90120C8
:1073B00000F0D8F9B1EE400AF2E700F051F9EFE73A
:1073C00000F04EF9B1EE400AEAE700BFD80F493F9E
:1073D000000000002DE9F84F774955EC104BA94308
:1073E00000F0AE80002D2A46234655DD2C1562D0D4
:1073F000C2F31302E107A4F2FF3742F4801203D470
:10740000520002EBD3725B005200002602EBD372F3
:107410007F105B001624B4464FF400110CEB010002
:1074200090424FEAD3754FEA430303DC00EB010CB3
:10743000121A0E44013C05EB42024FEA5101EDD114
:10744000A04620254FF000400AE043D0510001EB58
:10745000D371013D0A464FEA43034FEA500045D03D
:10746000624500EB080EF0DDBEF1000F0EEB0008E8
:107470000CDBE146A2EB0C019E4588BF01F1FF3118
:107480004900CC46A3EB0E030444E0E7B8F1000F3B
:10749000EFDB0CF10109EDE725F00041214346D077
:1074A000002D74D1D90A153A5B050029FAD0CE0215
:1074B00014467DD40A4600215200D502084601F147
:1074C0000101F9D5C1F1200523FA05F52A438B40C6
:1074D000241A8DE79E4502D94FEA4C01B7E7BEF169
:1074E000000F0EEB000824DB0021CBE7194312D07C
:1074F000DFF8C8A0DFF8C8B0DAE90001DBE9002353
:10750000E8F7BAFEDAE9008902460B4640464946EA
:10751000E9F7E6FA10BB6508711001F17F5101F53A
:10752000001101EB075345EAC67243EC102BBDE88E
:10753000F88FB8F1000FD7DB0CF1010C0021A1E7A7
:1075400022462B4620462946E9F74EF822462B468E
:10755000E8F794FE41EC100BBDE8F88FB4F1FF3F63
:10756000DAE90001DBE900231ED0E8F787FEDAE95B
:10757000008902460B4640464946E9F7A7FAA8B1FA
:10758000A31C04F1020508BF01366D08C4E72246BA
:107590002B4620462946E8F76FFE02460B46E9F7E0
:1075A0004DF941EC100BC2E70136B5E70134B2E703
:1075B0004FF0FF300A468BE70000F07F70B3010800
:1075C00068B30108B1EEC00A704700BF10EE102A80
:1075D000C2F3C7537F3B162B22F000411BDC002B6C
:1075E00010461EDB1A4919410A4223D0DFED197AF1
:1075F00070EE277AF5EEC07AF1EE10FA1ADD002A65
:1076000004DD4FF4000242FA03F3184420EA0103B8
:1076100000EE103A7047B1F1FF4F0BD330EE000A85
:107620007047DFED0C7A70EE277AF5EEC07AF1EE56
:1076300010FA00DC7047002A06DB11B1B7EE000A31
:10764000F8E79FED050A70479FED040A704700BFF9
:10765000FFFF7F00CAF249710000000000000080B7
:1076600010EE103A23F00043B3F1485F2CD2FDEE48
:10767000C07A17EE903A002B60D060EE007A9FED52
:10768000317A9FED315ADFED315A9FED316ADFEDEE
:10769000316AA7EE875A9FED307AE7EE855AA7EE5A
:1076A000A56AA7EE867AE7EE876A67EEA66A60EEBD
:1076B000C00AB6EE007AE7EEA60AB7EE000AD7EEE9
:1076C000870A30EE600A704760EE007A9FED1D7AFF
:1076D0009FED1D5ADFED1D5A9FED1D6ADFED1D6AFE
:1076E0001E4AA7EE875A93429FED1B7AE5EE275A72
:1076F000A5EEA76AA6EE277AE7EE276A66EEA76AE6
:10770000D5D9174A934214D803F17F4307EE103AB4
:10771000B7EE006A36EE476A60EEC00AF6EE005A2F
:1077200097EEA57AE7EEA60A37EE607A36EE470ABC
:107730007047B6EE076AB5EE027AEDE7B7EE000ADB
:10774000704700BF4ED747ADF6740F317CF293B44B
:10775000010DD037ABAA2A3D610BB6BA9999993E73
:107760000000483F10EE103A23F00043B3F1485FA9
:1077700004D2FDEEC07A17EE903A5BB360EE007A69
:107780009FED157ADFED155A9FED156ADFED156A4D
:10779000E7EE875A9FED147AA5EEA76A20EE275AE6
:1077A000E6EE276AA6EEA77A30B9DFED106AE7EEBB
:1077B000876AA6EE850A704727EE457AF6EE006ADC
:1077C000A0EEA67ADFED0A6AD7EE270AE5EE260AD2
:1077D00030EE600A704700BFD3C92E2F342FD7B2C6
:1077E0001BEF3836010D50B98988083CABAA2ABE78
:1077F000ABAA2A3E10B582B0CDED010A019B23F061
:107800000042B2F1FF4FF0EE407A30D810EE100A8D
:1078100020F00041B1F1FF4F29D8B3F17E5F3ED097
:107820009C1704F0020444EAD07431B37AB3B2F185
:10783000FF4F3FD0B1F1FF4F29D0891AB1F1F45F6A
:107840004FEAE15233DA002B41DA3C323FDA9FED66
:10785000330A012C4DD0022C42D064B19FED307A16
:10786000DFED307A30EE070A30EE670A03E09DED77
:10787000017A37EE270A02B010BD022C0CD09FED22
:107880002A7A032C08BFB0EE470A02B010BD0028C8
:107890000ADB9FED260AEEE79FED220AEBE702B036
:1078A000BDE8104000F082B99FED210AE3E79FEDAB
:1078B0001F0ACEE7B1F1FF4F04F1FF3420D0022CB4
:1078C00026D81C4B03EB840393ED000AD3E79DED10
:1078D000017A87EE870A00F03BFA00F067F9B8E713
:1078E0009FED0F7ADFED0F7A30EE070A37EEC00A10
:1078F000C1E710EE103A03F1004300EE103ABAE788
:10790000022C08D80C4B03EB840393ED000AB2E77A
:107910009FED020AAFE79FED090AACE70000000007
:107920002EBDBB33DB0F4940DB0F49C0DB0FC93F26
:10793000DB0FC9BF78B3010884B30108DB0F493FEF
:1079400070B510EE103A8B4A23F00044944286B092
:10795000054671D9884A94421E4624D823F0004235
:10796000002BDFED867A864922F00F02B0EE407AD6
:1079700040F3E6808A4270EE677A09BF9FED817A14
:10798000DFED816ADFED816A77EEC77A37EEE67A5E
:1079900077EEC77A80ED007A77EEE67AC0ED017A6D
:1079A000012006B070BD7A4A944253D9B4F1FF4F1A
:1079B00049D2E215863AA4EBC25307EE903ABDEEE7
:1079C000E77ADFED746AB8EEC77A77EEC77A8DEDA5
:1079D000037A67EEA67ABDEEE77AB8EEC77A77EE5D
:1079E000C77A8DED047A67EEA67AF5EE407AF1EE6D
:1079F00010FACDED057A40F08E80B5EE407AF1EECA
:107A000010FA40F08A80012363490191022100911C
:107A100003A8294600F0A4F9002EC2DA95ED007AF9
:107A2000D5ED017AB1EE477AF1EE677A85ED007A0D
:107A3000C5ED017A4042B4E7002285ED000A4260BC
:107A4000002006B070BD70EE407AC0ED017AC0ED46
:107A5000007AF5E700F07CF99FED507A9FED476AD8
:107A6000F6EE007AE0EE077A9FED477AFDEEE77AD0
:107A7000F8EEE76A17EE900AA6EEC60A1F2866EE31
:107A8000877AB1EE666A30EE677A1EDC444A411EA0
:107A900026F0004352F8212023F0FF03934214D034
:107AA00085ED007A30EE470A002E30EE670A85ED4C
:107AB000010ABFF676AFB1EE477AB1EE400A85ED26
:107AC000007A85ED010A40426BE717EE103AC3F3E6
:107AD000C753C3EBD453082B4FEAE452E0DD9FEDCC
:107AE000297A9FED2A5AF0EE405AE6EE075A70EED8
:107AF000657AE6EE077AD6EE857A35EEE77A17EE06
:107B0000103AC3F3C753D21A192A08DCB0EE650A3B
:107B100085ED007AC6E7032376E7022374E79FED3D
:107B2000217A9FED215AB0EE650AA6EE070A75EE9E
:107B3000C07AE6EE077AD6EE857A30EE677AAFE75E
:107B40008A4270EE277A09BF9FED0E7ADFED0E6A4A
:107B5000DFED0E6A77EE877A37EEA67A77EEC77A90
:107B600080ED007A77EEA67AC0ED017A4FF0FF3013
:107B700017E700BFD80F493FE3CB1640800FC93F3E
:107B8000D00FC93F004435374344353708A3852E0D
:107B9000800F49430000804310B4010884F9223F5C
:107BA00090B3010800A3852E32318D2438B510EE34
:107BB000105A25F00044B4F1A14FF0EE407A07D3FB
:107BC000B4F1FF4F55D8002D77DD9FED4E0A38BD3B
:107BD0004D4B9C425CD8B4F1445F4DD34FF0FF3322
:107BE00027EEA76A9FED495A9FED497ADFED495A82
:107BF000DFED494A66EE066A5A1CA6EE857AE6EE85
:107C0000A54A9FED465ADFED465AA7EE265AE4EE06
:107C1000A65A9FED447ADFED444AA5EE267AE5EEBA
:107C2000A64A9FED425ADFED425AA7EE265A9FED33
:107C3000417AA4EEA67AE5EE265A27EE267AA5EE3C
:107C4000867A27EE877A3BD03B493C4A01EB830199
:107C5000D1ED006A37EE667A02EB8303D3ED006A5A
:107C600037EE677A002D36EEC70AB0DAB1EE400A79
:107C700038BD30EE000A38BD9FED317A30EE077A1C
:107C8000F7EE006AB4EEE67AF1EE10FAA6DD38BD42
:107C900000F05EF82B4B9C4215D8A3F5D0039C4214
:107CA00026D8F0EE007ABFEE007AA0EE277A002305
:107CB00030EE270AC7EE007A92E79FED230A38BD1F
:107CC00037EEC70A38BD214B9C420BD8F7EE087A35
:107CD000B7EE007AA0EE277A022330EE670AC0EEF4
:107CE000077A7DE7BFEE007AC7EE007A032377E7D5
:107CF000F7EE007A30EE677A30EE270A0123C7EEFE
:107D0000007A6DE7DB0FC93FFFFFDF3ED769853C97
:107D100059DA4B3D21A215BD6BF16EBD356B883D27
:107D200095879DBD6E2EBA3D388EE3BD2549123E26
:107D3000ABAAAA3ECDCC4CBE28B7010838B7010883
:107D4000CAF24971FFFF973FDB0FC9BFFFFF1B401E
:107D500010EE103A23F0004300EE103A704700BFD7
:107D60002DE9F04F2DED048BDBB01C4694460393B8
:107D70000A46BA4B68991CF1040F53F821708246E9
:107D800004F1FF39C0F25682BCF1030348BF0CF185
:107D90000403DB10029301334FEAC30EACEB0E0376
:107DA0000593029B17EB0900A3EB090316D40130DE
:107DB0009FEDAB7A699C18441EA9002BA4BF54F810
:107DC000235007EE905A03F10103ACBFF8EEE77AB7
:107DD000F0EE477A8342E1EC017AEED1002FC0F257
:107DE000E28203991EA800EB81004FEA81087E1809
:107DF000002346AD4C460AEB8101B9F1000F80F239
:107E0000C8800134B44245F8043B00F10400F4D1C9
:107E10000DF1280B0BEB8703CDE9062E043B9FEDFC
:107E2000929ADFED908A059804930AEB080446AE17
:107E30000BEB87080097CDF820C00DEB8703002FD0
:107E400093ED460A4FEA870515DD73195A4660EE31
:107E5000097AB0EE407AFDEEE77A73ED016AF8EE4A
:107E6000E77AB342A7EEE87A37EEA60ABDEEC77A04
:107E7000A2EC017AEBD1019000F0B8FAF4EE007AAE
:107E8000B0EE408A20EE270A00F01EFBF2EE007AE8
:107E9000A0EE678A01980028FDEEC89AF8EEE97A0C
:107EA00038EE678A40F38280791EC0F108035BF8E0
:107EB00021E04EFA03FC0CFA03F3AEEB030EC0F123
:107EC000070219EE903A4EFA02F26344002A09EED4
:107ED000903A4BF821E000F3AF80B5EE408AF1EE26
:107EE00010FA74D1009B9F420ADD5D44002355F8CF
:107EF000041D454543EA0103F9D1002B40F00281FE
:107F0000009B013B5BF823207B1C9C46002A40F031
:107F1000F780049A012152F8045D0131002DFAD056
:107F20003944029D039A05EB030E0EF1804E699DC4
:107F30000EF1FF3E3A4405EB8E0E1EAD06EB8307B5
:107F400005EB8205DEED017AF8EEE77AB9F1000F74
:107F50000EF1040EE5EC017ADFED417A09DB2A46E9
:107F60005346F3EC016A32ED017AA342E6EE877ADA
:107F7000F7D10CF1010C8C45E7EC017AE2DD0F46FC
:107F80005BE70134B442E5EC017A00F104003FF410
:107F90003FAFDFED337A83465346F3EC016A3BEDA6
:107FA000017A8B42E6EE877AF7D1EAE700F091801A
:107FB000F6EE007AB4EEE78AF1EE10FA80F229814B
:107FC000B5EE408AF1EE10FA4FF000028AD09246E8
:107FD000DDE9062EDDF820C00197AEEB0C00B0EE17
:107FE000480A009F009200F001FADFED1E6AB4EE2D
:107FF000E60AF1EE10FADDE90023F0EE407AC0F275
:108000009C819FED197A059920EE077A0831BDEE23
:10801000C77A0591B8EEC77A5C1CE7EE667ABDEECA
:10802000C77AFDEEE77A17EE901A4BF8231017EE99
:10803000103A4BF824307EE00133002F09EE903ADD
:1080400040F39D8159464FF0000E51F8043B002B40
:1080500039D0C3F5807341F8043C0CE074B70108D3
:1080600000000000000080430000803B0B68C3F16B
:10807000FF0341F8043B0EF1010E7745F6DC0123C6
:108080009E4600280BDD012800F0BB80022806D1A7
:10809000791E5BF8213003F03F0C4BF821C0022A17
:1080A0007FF41BAFB7EE000A734630EE488A002B10
:1080B0003FF413AF0992019000F098F90198099AE2
:1080C00038EE408A09E70EF1010E7745BDDC9E4689
:1080D000D7E77B1E5BF82320D211002A7FF7FDAE85
:1080E00019EE903A002F03F1010309EE903AA9DC52
:1080F000022A7FF4F2AEF7EE007A37EEC88AECE699
:1081000019460EE73B469246DDE905125C1EA1F1D9
:1081100008005BF82410009F059061B903F18043CB
:10812000013B0BEB8303014653F8040D013C083976
:108130000028F9D0059105980092B7EE000A00F0EA
:1081400055F9002C009AB0EE407AC0F22281601CF2
:1081500046AD5FED3B6A81000BEB800305EB8000D1
:1081600073ED017AF8EEE77A5B4567EE877A27EEE2
:10817000267A60ED017AF3D10DF1C8080E1F2E4466
:10818000C646A4460025002F7DDBDFF85C92DFEDBC
:10819000957A3046002307E0F9EC016AB0EC017AE9
:1081A0009F42E6EE877A03DB9D4203F10103F3DA97
:1081B0000CF1FF3CBCF1FF3FEEEC017A05F101054B
:1081C000A6F10406E1D1689B022B6ADC002B36DCA9
:1081D0000ED1DFED847A414431ED017A884577EEA6
:1081E000877AF9D15346002B40F0C680C2ED007A61
:1081F00019EE903A03F007005BB0BDEC048BBDE8CC
:10820000F08F791E5BF8213003F07F0C4BF821C012
:1082100045E719EE903A002F03F1010309EE903A79
:10822000C8BF02223FF70EAFF7EE007A37EEC88ADA
:10823000022252E600234FF0080E0293AEE5DDED78
:10824000327A9FED687A414471ED016A884537EED4
:10825000267AF9D15346002B40F0848077EEC77A16
:1082600082ED007A64B133A90123B1EC017A0133C4
:108270009C4277EE877AF8DA53460BB1F1EE677AD3
:10828000C2ED017AB4E70CF1FF3C0023BCF1FF3FE3
:108290004EF8043B05F10105A6F104067FF473AF27
:1082A00091E7689B032BA3D1002C00F08C8008EB96
:1082B000840595ED007AA0002B46294671ED017AE0
:1082C000F0EE476A37EE277A884577EEC77A81ED78
:1082D000007A77EEA67AC1ED017AEFD1012C72D047
:1082E00095ED007A08F1040173ED017AF0EE476A2A
:1082F00037EE277A994277EEC77A83ED007A77EEE8
:10830000A67AC3ED017AEFD1031DDFED367A43443F
:1083100008F1080833ED017A984577EE877AF9D1AC
:108320005346DDED326A9DED337A73B9C2ED006AD2
:1083300082ED017AC2ED027A5AE7FDEEC07A1C4660
:1083400017EE901A4BF82310F5E6F1EE666AB1EEDF
:10835000477AF1EE677AC2ED006A82ED017AC2EDEA
:10836000027A45E7F1EE476A77EEC77AC2ED006A16
:10837000002C7FF478AF81E7F1EE677A36E70128C9
:1083800015D002287FF4B4AE0EF03F034BF8213035
:10839000AEE6689B022B12DC002B17DC7FF428AFC3
:1083A000DFED107A1EE7039B4FEA830830E50EF0FD
:1083B0007F03022A4BF821307FF48FAD9BE6689B48
:1083C000032B7FF415AFDFED077AA9E75346DDED08
:1083D000327A1BB14FF0004313604FE70023136064
:1083E0004EE700BF0000000048B7010810EE103A49
:1083F00033F000411A4625D0B1F1FF4F1FD213F0E0
:10840000FF4F20D1DFED297A294A60EE277A90428A
:1084100017EE903A31DB4CF2503CC3F3C751604544
:108420001A46A1F1190114DD002BDFED227A9FED30
:10843000210AB8BFDFED207A27EE800A704730EEC0
:10844000000A704770474CF2503C60454FEAD151EA
:10845000EADC0144FE29E7DC002915DC11F1160FE6
:1084600019DB193122F0FF4242EAC15207EE902A8D
:108470009FED120A27EE800A7047DFED117A07EEB2
:10848000103A27EE270A704722F0FF4242EAC15312
:1084900000EE103A7047002BDFED097A9FED080AD5
:1084A000B8BFDFED087A27EE800A70470000004C65
:1084B000B03CFFFFCAF24971CAF249F10000003333
:1084C0006042A20D6042A28D10EE102AC2F3C75383
:1084D0007F3B162B22F000411BDC002B10461EDBDD
:1084E0001A4919410A4223D0DFED197A70EE277A32
:1084F000F5EEC07AF1EE10FA1ADD002A04DA4FF434
:10850000000242FA03F3184420EA010300EE103A95
:108510007047B1F1FF4F0BD330EE000A7047DFED2B
:108520000C7A70EE277AF5EEC07AF1EE10FA00DCE4
:108530007047002A02DB9FED070A704711B99FEDD3
:10854000060A7047BFEE000AF2E700BFFFFF7F0098
:10855000CAF249710000000000000080F8B500BFB9
:10856000F8BC08BC9E467047F8B500BFF8BC08BC14
:048570009E4670476C
:108578004E4F4E4500000000434F4E4649475F525C
:108588004541445F4641494C4544000053544154D9
:1085980055535F4E4F545F434C45414E0000000019
:1085A800554E45585045435445445F4E4F4E5A45E5
:1085B800524F5F434F5252454354494F4E5F5441C7
:1085C800424C450045585045435445445F434F4E3F
:1085D8004649475F50524F46494C455F4D495353B2
:1085E800494E47005A45524F5F4D49534D415443F8
:1085F800480000004449525F4D49534D4154434897
:108608000000000046494C545F4D49534D415443C6
:10861800480000005354415455535F4D49534D4150
:10862800544348005052545F4D49534D41544348B8
:1086380000000000524D415049445F4D49534D419F
:1086480054434800434F5252454354494F4E5F43A9
:1086580052435F4D49534D4154434800554E4B4E8C
:108668004F574E5F434F4E4649475F474154455F1A
:10867800524553554C54000001250008B124000808
:10868800CD24000800000000152A0008A52A0008CB
:10869800BD2A00080000000064656661756C7454AA
:1086A80061736B004D413630302069646C65206120
:1086B80063717569736974696F6E206661696C6549
:1086C8006420726573756C743D25642061747465EB
:1086D8006D7074733D257520666C6167733D3078E5
:1086E800253032580D0A00004D4136303020726175
:1086F800773D257520616E676C653D256C752E2567
:1087080030326C75206465672053746174757356D4
:10871800616C69643D2564204E564D423D256420B8
:108728004552524352433D2564204552524D454DD2
:108738003D2564204552525041523D25640D0A00A2
:108748002D000000000000004D41363030206E6FD3
:1087580069736520286C61737420256473293A2035
:108768005032503D256C752E2530326C7564656726
:10877800205374644465763D256C752E2530326C23
:10878800756465672044726966743D2573256C7548
:108798002E2530326C75646567204D617853746599
:1087A800703D256C752E2530326C75646567204EDA
:1087B8003D256C752076616C69643D25640D0A0061
:1087C8004A494731000000004A494732000000008A
:1087D8004A49473300000000554E4B4E4F574E5FF5
:1087E8004A4947002D256C642E2530326C64000000
:1087F800256C642E2530326C640000002D256C64D5
:108808002E25302A6C640000256C642E25302A6CD5
:10881800640000004F4B0000494E56414C49445FEC
:10882800415247005350495F54494D454F555400F4
:108838005350495F4552524F5200000053414D502A
:108848004C455F4A554D5000434F4E4649475F459A
:1088580052524F520000000054494D494E475F4D57
:10886800455441444154415F494E56414C494400A6
:108878004143515549534954494F4E5F4255444726
:1088880045545F4558434545444544004143515587
:1088980049534954494F4E5F54494D454F5554002B
:1088A8004D4154485F4F564552464C4F57000000C3
:1088B800554E4B4E4F574E004F524445525F4E4F08
:1088C800545F434F4D505554454400004F52444562
:1088D800525F41424F56455F4E59515549535400D6
:1088E800524154494F5F4F55545F4F465F52414E76
:1088F80047450000444952454354494F4E5F45524D
:10890800524F520054494D454F555400414351551B
:1089180049534954494F4E5F4552524F5200000047
:108928004D41363030206D6F76652D746F2D7A6528
:10893800726F3A206572726F723D257320646567A5
:1089480020736574746C65643D256C642F256C64B4
:1089580020636D64506F733D256C640D0A00000040
:1089680057524F4E475F504F534954494F4E00009E
:108978004E410000434C4F535552455F50524F42B1
:10898800452C536368656D6156657273696F6E3DFA
:1089980025642C5465737449443D256C752C5377B4
:1089A80065657049443D256C752C4A696749443DA5
:1089B80025732C4D6F746F7249443D25732C44699F
:1089C80072656374696F6E3D25732C4F66666963C3
:1089D80069616C3D302C50726F746F636F6C3D250C
:1089E800732C53746167653D25732C506F696E74E1
:1089F8003D25752C436F6D6D616E645261773D2521
:108A08006C642C506F7765723D312E3030303030C9
:108A18002C4E6F6D696E616C486F6C644D733D25AB
:108A28006C752C436170747572655374617274450A
:108A38006C61707365644D733D256C752C43617072
:108A480074757265456E64456C61707365644D73C9
:108A58003D256C752C506F696E744D65616E526161
:108A6800775131363D25732C436C6F7375726545AC
:108A780072726F725261775131363D25732C436C97
:108A88006F737572654572726F724465673D2573C1
:108A98002C57696E646F775032505261773D257359
:108AA8002C57696E646F775032504465673D257363
:108AB8002C57696E646F7744726966745261773DAA
:108AC80025732C57696E646F7744726966744465C0
:108AD800673D25732C5472616E73616374696F6EA0
:108AE800733D256C752C41636365707465645361CF
:108AF8006D706C65733D256C752C537069466169A2
:108B08006C757265733D256C752C4A756D70526570
:108B18006A656374733D256C752C4D657461646179
:108B28007461496E76616C69643D256C752C536B74
:108B38006970706564536C6F74733D256C752C5443
:108B4800696D696E674F76657272756E733D256CD7
:108B5800752C4D6178436F6E7365637574697665BE
:108B68004661696C757265734F6273657276656488
:108B78003D256C752C4163717569736974696F6EF5
:108B8800526573756C743D25732C56616C69643D30
:108B980025640D0A00000000434C4F535552455FB1
:108BA800484F4C445F56310044495341424C454478
:108BB8000000000056414C4944000000494E56410F
:108BC8004C494400434C4F535552455F50524F4215
:108BD800455F524553554C542C536368656D615637
:108BE800657273696F6E3D25642C546573744944CE
:108BF8003D256C752C537765657049443D256C752A
:108C08002C4A696749443D25732C4D6F746F72492E
:108C1800443D25732C446972656374696F6E3D2504
:108C2800732C4F6666696369616C3D302C50726FB6
:108C3800746F636F6C3D25732C456E61626C65645F
:108C48003D25642C537461727465643D25642C431E
:108C58006F6D706C6574653D25642C45787065632F
:108C68007465645374616765733D25752C4174742C
:108C7800656D707465645374616765733D256C75C3
:108C88002C56616C69645374616765733D256C7516
:108C98002C506F73745475726E54696D696E6743A6
:108CA8006F6D70617261626C653D25642C41637102
:108CB8007569736974696F6E526573756C743D2557
:108CC800732C5374617475733D25730D0A0000008D
:108CD8004357000043435700256C75002564000086
:108CE800505245434F4E444954494F4E00000000EE
:108CF8004F4646494349414C0000000031000000FE
:108D0800300000004A756C20313520323032362070
:108D180030393A35363A3237000000006A69676DF3
:108D28006F746F722D6E6C32000000004D45544117
:108D38002C536368656D6156657273696F6E3D2566
:108D4800642C4669726D776172653D25732C427596
:108D5800696C6449443D25732C4D43555F5549441E
:108D68003D2530386C582530386C582530386C58CB
:108D78002C436F756E74657253636F70653D424F17
:108D88004F542C4A696749443D25732C4A69674BFF
:108D98006E6F776E3D25642C4D6F746F7249443D3C
:108DA80025732C4D6F746F724944536F75726365E8
:108DB8003D25732C4D6F746F72494456616C69641C
:108DC8003D25642C4D6F746F72506F6C65436F75E1
:108DD8006E743D25752C4D6F746F72506F6C6550B5
:108DE800616972733D25752C456C6563747269639E
:108DF800616C526970706C654D756C7469706C65E6
:108E08003D25752C456C656374726963616C5269A4
:108E180070706C654F726465723D25752C5465736E
:108E28007449443D256C752C537765657049443DFC
:108E3800256C752C446972656374696F6E3D257382
:108E48002C4D6561737572656D656E74506F6C69D4
:108E580063793D25732C4D6561737572656D656E1B
:108E680074446566696E6974696F6E3D25732C413B
:108E78006363657074616E63654D6F64653D2573EA
:108E88002C4F6666696369616C526573756C7453BF
:108E98006F757263653D4C45474143592C53686172
:108EA800646F7743616E6F6E6963616C456E616272
:108EB8006C65643D25642C536861646F77436F6EFD
:108EC800747261637456657273696F6E3D25732C95
:108ED800536861646F774F6666696369616C3D309A
:108EE8002C436C6F7375726550726F6265456E6165
:108EF800626C65643D25642C436C6F7375726550B4
:108F0800726F626550726F746F636F6C3D25732C5E
:108F1800436C6F7375726550726F62654F666669F0
:108F28006369616C3D302C417070726F6163685089
:108F3800726F746F636F6C3D25732C417070726F24
:108F48006163685374727563747572616C56616C91
:108F580069643D25732C5068617365526566657256
:108F6800656E63653D537765657050726F677265AE
:108F780073732C537465705261773D25642C457862
:108F8800706563746564416E616C79736973506F61
:108F9800696E74733D25642C4361707475726564E1
:108FA800506F696E74733D25642C416E616C7973E2
:108FB8006973506F696E74733D25642C4D656173D8
:108FC8007572656D656E7456616C69643D25642CB7
:108FD800547261636B696E6756616C69643D2564A0
:108FE8002C547261636B696E67526D734C696D695D
:108FF800744465673D31352E302C547261636B695A
:109008006E674D61784C696D69744465673D3330AE
:109018002E302C4163717569736974696F6E52657E
:1090280073756C743D25732C41637152656164419D
:109038007474656D7074733D256C752C4163715241
:109048006574726965733D256C752C416371547242
:10905800616E73706F72744572726F72733D256CB6
:10906800752C4163714A756D7052656A65637473D6
:109078003D256C752C4163714661696C656453616B
:109088006D706C65733D256C752C436F6E74696EDD
:10909800756F75735377656570436F6E7465787413
:1090A8003D25732C436F6E746578745265616371E6
:1090B80075697265436F756E743D256C752C5261C8
:1090C8006D70466565646261636B456E61626C656F
:1090D800643D312C536574746C65436F6E747261B2
:1090E80063743D25732C536574746C6553746162A5
:1090F800696C6974794C696D69745261773D256C46
:10910800642C536574746C65546172676574546F2C
:109118006C6572616E63655261773D256C642C5392
:109128006574746C65506F696E74733D25642C5357
:109138006574746C6553746162696C69747956619D
:109148006C69643D25642C536574746C6554617254
:1091580067657450726F78696D69747956616C6966
:10916800643D25642C536574746C6556616C696440
:109178003D25642C53746172745261773D25752CBA
:109188005374617274416E676C654465673D2573FD
:109198002C416E616C797369735374617274526196
:1091A800773D25752C436F6E74726F6C6C657253C6
:1091B80074617465506F6C6963793D25732C436FD6
:1091C8006E74726F6C6C6572526573657441707001
:1091D8006C6965643D25642C436F6E74726F6C6CAA
:1091E80065725265736574537461746556616C6910
:1091F800643D25642C486F6D65526573756C743DCC
:1092080025732C486F6D654475726174696F6E4D76
:10921800733D256C752C486F6D6555706461746578
:10922800436F756E743D256C752C42617463684993
:10923800443D256C752C4379636C654F7264657287
:109248003D256C752C52756E4F726465723D256CA8
:10925800752C426174636852756E436F756E743D08
:10926800256C752C507265636F6E646974696F6ED6
:1092780050726F746F636F6C3D25732C52756E520C
:109288006F6C653D25732C456C696769626C654632
:109298006F72537461746973746963733D25642CC8
:1092A800507265636F6E646974696F6E56616C693C
:1092B800643D25732C546865726D616C50726F74CF
:1092C8006F636F6C3D25732C466972737452756EAB
:1092D800496E42617463683D25642C4D6F746F72EA
:1092E8004163746976654475726174696F6E4D7314
:1092F8003D256C752C436F6F6C646F776E5461728B
:109308006765744D733D25732C436F6F6C646F777D
:109318006E41637475616C4D733D25732C436F6F9B
:109328006C646F776E56616C69643D25732C546963
:109338006D6553696E636550726576696F757352B2
:10934800756E4D733D25730D0A000000434F4F4C59
:10935800444F574E5F313230535F563100000000A2
:109368004F4E455F46554C4C5F53574545505F310E
:109378003230535F5631000052455345545F4245E1
:10938800464F52455F454143485F484F4D455F56FC
:109398003100000053544142494C4954595F414EF1
:1093A800445F5441524745545F5631005357454531
:1093B800505F434F4E544558545F563100000000EB
:1093C8004449544845525F563100000043414E4FCE
:1093D8004E4943414C5F5131365F56310000000021
:1093E8005245504F52545F4F4E4C590057484F4CBE
:1093F800455F53595354454D5F434F4D4D414E447E
:109408005F545241434B494E4700000057484F4C68
:10941800455F53595354454D5F5245504F52545F21
:109428004F4E4C595F563100554E5345540000007D
:10943800434F4E54524F4C5F53544154452C536341
:1094480068656D6156657273696F6E3D25642C544D
:1094580065737449443D256C752C5377656570496F
:10946800443D256C752C4A696749443D25732C4D4C
:109478006F746F7249443D25732C44697265637437
:10948800696F6E3D25732C506F6C6963793D257348
:109498002C52657365744170706C6965643D256410
:1094A8002C5265736574537461746556616C696494
:1094B8003D25642C4265666F7265496E74656772F6
:1094C800616C5465726D3D25732C4265666F7265DB
:1094D8004C6173744572726F724465673D25732CD5
:1094E8004265666F7265436F6D6D616E6452617738
:1094F8003D25732C4265666F7265466565646261D9
:10950800636B496E697469616C697A65643D256449
:109518002C4265666F7265466565646261636B417E
:10952800636365707465643D256C752C4265666F70
:1095380072654F7574707574456C65637472696390
:10954800616C506F736974696F6E5261773D2575F0
:109558002C4265666F72654F7574707574506F77BD
:1095680065723D25732C4265666F72654F75747020
:109578007574456E61626C65643D25642C41667442
:109588006572496E74656772616C5465726D3D25CC
:10959800732C41667465724C6173744572726F7294
:1095A8004465673D25732C4166746572436F6D6D24
:1095B800616E645261773D25732C4166746572460D
:1095C8006565646261636B496E697469616C697A27
:1095D80065643D25642C4166746572466565646200
:1095E80061636B41636365707465643D256C752CBC
:1095F80041667465724F7574707574456C656374F3
:10960800726963616C506F736974696F6E526177C8
:109618003D25752C41667465724F7574707574506C
:109628006F7765723D25732C41667465724F75744A
:10963800707574456E61626C65643D25642C486F75
:109648006D65526573756C743D25732C486F6D6537
:109658004475726174696F6E4D733D256C752C4845
:109668006F6D65557064617465436F756E743D25E3
:109678006C752C486F6D65496E697469616C4572CB
:10968800726F724465673D25732C486F6D65466936
:109698006E616C4572726F724465673D25732C4824
:1096A8006F6D65496E697469616C436F6D6D616E4C
:1096B800645261773D256C642C486F6D6546696E10
:1096C800616C436F6D6D616E645261773D256C64AA
:1096D8000D0A0000534841444F575F4D4554412CF3
:1096E800536368656D6156657273696F6E3D256475
:1096F8002C5465737449443D256C752C5377656506
:109708007049443D256C752C4A696749443D257369
:109718002C4D6F746F7249443D25732C4F666669F2
:109728006369616C3D302C436F6E7472616374566B
:10973800657273696F6E3D25732C5369676E656436
:10974800436F6E76656E74696F6E3D25732C526536
:10975800666572656E6365446566696E6974696F8E
:109768006E3D25732C43616E6F6E6963616C4D6548
:10977800616E536F757263653D25732C4D61644648
:10978800696C746572696E67456E61626C65643D8B
:10979800302C54696D696E674D6F64653D42414375
:1097A8004B5F544F5F4241434B2C52657175697250
:1097B8006564416363657074656453616D706C655D
:1097C800733D25752C4D61785472616E73616374B5
:1097D800696F6E733D25752C4D6178436F6E7365A7
:1097E8006375746976654661696C757265733D2544
:1097F800752C4D6178456C617073656455733D25B2
:109808006C752C4D61784A756D705261773D256C89
:10981800640D0A00414C4C5F544945523100000028
:10982800504F494E54305F43414E4F4E4943414C8F
:109838005F4D45414E0000004D454153555245444A
:109848005F4D494E55535F544152474554000000FF
:10985800444154412C25642C256C752C256C752CA1
:1098680025732C25732C25732C25642C25752C2504
:10987800752C25732C25730D0A0000004143512CCB
:1098880025642C256C752C256C752C25732C25646A
:109898002C256C752C25752C25752C3078253032A7
:1098A800580D0A004D4F54494F4E2C536368656D4F
:1098B8006156657273696F6E3D25642C54657374C7
:1098C80049443D256C752C537765657049443D25A1
:1098D8006C752C4A696749443D25732C4D6F746F2C
:1098E8007249443D25732C446972656374696F6ECF
:1098F8003D25732C506F696E743D25642C52616D43
:1099080070416363657074656453616D706C6573F1
:109918003D25752C536574746C65526573756C744C
:109928003D25732C53746162696C69747956616C56
:1099380069643D25642C54617267657450726F7850
:10994800696D69747956616C69643D25642C536549
:1099580074746C6556616C69643D25642C506F7332
:109968006974696F6E4572726F725261773D2573C3
:109978002C506F736974696F6E4572726F724465AB
:10998800673D25732C506F6C6C436F756E743D2565
:10999800750D0A00534841444F575F444154412CC8
:1099A80025642C256C752C256C752C25732C25733A
:1099B8002C25732C25642C25732C25732C25730DCD
:1099C8000A000000534841444F575F4143512C253A
:1099D800642C256C752C256C752C25732C25642C12
:1099E800256C752C256C752C25752C25752C2575E5
:1099F8002C25752C25752C25730D0A004D4F5449BF
:109A08004F4E5F524553554C542C536368656D61F6
:109A180056657273696F6E3D25642C54657374497D
:109A2800443D256C752C537765657049443D256C1C
:109A3800752C4A696749443D25732C4D6F746F72C4
:109A480049443D25732C446972656374696F6E3DA2
:109A580025732C436F6E74726163745665727369F3
:109A68006F6E3D25732C436F6E74696E756F7573D9
:109A78005377656570436F6E746578743D25732CF4
:109A8800436F6E7465787452656163717569726548
:109A9800436F756E743D256C752C436F6E746578D5
:109AA8007452656164417474656D7074733D256C9E
:109AB800752C436F6E746578744163636570746563
:109AC8006453616D706C65733D256C752C436F6EC6
:109AD80074657874526574726965733D256C752C6C
:109AE800436F6E746578745472616E73706F7274BC
:109AF8004572726F72733D256C752C436F6E746579
:109B080078744A756D7052656A656374733D256C27
:109B1800752C436F6E746578744661696C6564531F
:109B2800616D706C65733D256C752C52616D70525A
:109B3800656164417474656D7074733D256C752C32
:109B480052616D70416363657074656453616D70D3
:109B58006C65733D256C752C52616D70526574721D
:109B68006965733D256C752C52616D705472616E18
:109B780073706F72744572726F72733D256C752CB9
:109B880052616D704A756D7052656A656374733D94
:109B9800256C752C52616D704661696C6564536102
:109BA8006D706C65733D256C752C536574746C65AC
:109BB80052656164417474656D7074733D256C758C
:109BC8002C536574746C6541636365707465645384
:109BD800616D706C65733D256C752C536574746C80
:109BE80065526574726965733D256C752C5365748F
:109BF800746C655472616E73706F72744572726FB3
:109C080072733D256C752C536574746C654A756D5B
:109C18007052656A656374733D256C752C53657461
:109C2800746C654661696C656453616D706C6573CD
:109C38003D256C752C536574746C65506F696E7432
:109C4800733D25642C53746162696C69747956613B
:109C58006C6964506F696E74733D25642C5461722D
:109C680067657450726F78696D69747956616C694B
:109C780064506F696E74733D25642C536574746CFD
:109C88006556616C6964506F696E74733D25642C08
:109C9800536574746C6554696D656F7574506F693C
:109CA8006E74733D25642C536574746C6557726FBC
:109CB8006E67506F736974696F6E506F696E7473F5
:109CC8003D25642C536574746C6553746162696CCA
:109CD80069747956616C69643D25642C53657474A4
:109CE8006C6554617267657450726F78696D6974D8
:109CF8007956616C69643D25642C536574746C6590
:109D080056616C69643D25642C4D617841627353DA
:109D18006574746C65506F736974696F6E4572729F
:109D28006F725261773D25732C4D61784162735390
:109D38006574746C65506F736974696F6E4572727F
:109D48006F724465673D25730D0A000052455355EF
:109D58004C542C536368656D6156657273696F6EF8
:109D68003D25642C5465737449443D256C752C530A
:109D78007765657049443D256C752C4A6967494487
:109D88003D25732C4D6F746F7249443D25732C44E7
:109D98006972656374696F6E3D25732C43617074D5
:109DA80075726564506F696E74733D25642C416EDD
:109DB800616C79736973506F696E74733D25642C97
:109DC8004D65616E44433D25732C524D535F4143AD
:109DD8003D25732C41313D25732C41323D25732C93
:109DE80041333D25732C41363D25732C41393D25A2
:109DF800732C4131323D25732C4131383D25732C6C
:109E08004132373D25732C4133363D25732C41347F
:109E1800353D25732C4137323D25732C413130387F
:109E28003D25732C48315F506861736553776565CC
:109E3800704465673D25732C48325F5068617365CF
:109E480053776565704465673D25732C48335F50CB
:109E58006861736553776565704465673D25732C44
:109E680048365F5068617365537765657044656708
:109E78003D25732C48395F50686173655377656574
:109E8800704465673D25732C4831325F50686173B3
:109E98006553776565704465673D25732C4831388F
:109EA8005F506861736553776565704465673D25E4
:109EB800732C4832375F50686173655377656570F6
:109EC8004465673D25732C4833365F506861736578
:109ED80053776565704465673D25732C4834355F55
:109EE800506861736553776565704465673D257390
:109EF8002C4837325F5068617365537765657044E5
:109F080065673D25732C483130385F50686173654B
:109F180053776565704465673D25732C41343D254D
:109F2800732C48345F506861736553776565704476
:109F380065673D25732C41383D25732C48385F50A3
:109F48006861736553776565704465673D25732C53
:109F58004D6F746F72506F6C65436F756E743D25ED
:109F6800752C4D6F746F72506F6C655061697273A8
:109F78003D25752C456C656374726963616C526923
:109F880070706C654D756C7469706C653D25752CC9
:109F9800456C656374726963616C526970706C6555
:109FA8004F726465723D25752C41456C656374720A
:109FB8006963616C363D25732C456C656374726901
:109FC80063616C365F50686173655377656570448B
:109FD80065673D25732C456C656374726963616CB4
:109FE800526970706C6556616C69643D25642C50CB
:109FF8006861736556616C69644D61736B3D307857
:10A00800253034582C446F6D696E616E7453656CDD
:10A0180065637465644F726465723D25752C446F81
:10A028006D696E616E7453656C6563746564416DCA
:10A03800706C69747564653D25732C446F6D696E29
:10A04800616E7453656C6563746564456E657267AB
:10A0580079526174696F3D25732C4C65676163792A
:10A068004D6F64656C49643D48534554365F5631BD
:10A078002C4C65676163794F72646572733D317CFE
:10A08800327C337C367C31327C31382C4C656761CC
:10A0980063794D6F64656C56616C69643D25642C09
:10A0A800526573696475616C5F524D535F48363D04
:10A0B80025732C526573696475616C5F524D535FEB
:10A0C8004833363D25732C526573696475616C5F3E
:10A0D800524D535F46756C6C3D25732C46697474FC
:10A0E80065645F5032503D25732C4669744578701D
:10A0F8006C61696E6564526174696F3D25732C45A6
:10A108007874656E6465644D6F64656C49643D4838
:10A1180053455431325F56312C457874656E646509
:10A12800644F72646572733D317C327C337C367C5B
:10A13800397C31327C31387C32377C33367C34356B
:10A148007C37327C3130382C457874656E646564B0
:10A158004D6F64656C56616C69643D25642C52656D
:10A1680073696475616C5F524D535F457874656EB1
:10A178006465643D25732C4669747465645F503268
:10A18800505F457874656E6465643D25732C466937
:10A19800744578706C61696E6564526174696F5F4B
:10A1A800457874656E6465643D25732C4D6F746FD6
:10A1B800725F4572726F725F5032505F4465673DDF
:10A1C80025732C4D6F746F725F53797374656D5F6F
:10A1D800494E4C5F4465673D25732C437265737423
:10A1E800466163746F723D25732C5039395F416243
:10A1F80073446576696174696F6E3D25732C54727A
:10A2080061636B696E6756616C69643D25642C54A3
:10A218007261636B696E674572726F725F524D53FC
:10A228005F4465673D25732C547261636B696E6783
:10A238004572726F725F4D61784162735F44656702
:10A248003D25732C46656174757265436F6D707535
:10A25800746554696D654D733D256C750D0A000074
:10A26800534841444F575F524553554C542C536300
:10A2780068656D6156657273696F6E3D25642C540F
:10A2880065737449443D256C752C53776565704931
:10A29800443D256C752C4A696749443D25732C4D0E
:10A2A8006F746F7249443D25732C4F666669636904
:10A2B800616C3D302C436F6E7472616374566572C5
:10A2C80073696F6E3D25732C56616C69643D256416
:10A2D8002C416E616C79736973506F696E74733D4C
:10A2E80025642C4D65616E44433D25732C524D53B6
:10A2F8005F41433D25732C4133363D25732C503245
:10A30800503D25732C506F696E74304D65616E52E7
:10A3180061775131363D25732C4572726F72305218
:10A3280061775131363D25732C436C6F73757265B7
:10A338004572726F725261775131363D25732C43E5
:10A348006C6F737572654572726F724465673D25EF
:10A35800732C436C6F737572654C696D69744465D1
:10A36800673D302E32303030302C436C6F7375724D
:10A378006556616C69643D25642C4C656761637939
:10A388004D696E757343616E6F6E6963616C524D92
:10A39800533D25732C4C65676163794D696E757300
:10A3A80043616E6F6E6963616C4133363D25732C72
:10A3B800417474656D70746564506F696E74733D33
:10A3C80025642C4361707475726564506F696E748E
:10A3D800733D25642C5472616E73616374696F6E8A
:10A3E800733D256C752C41636365707465645361B6
:10A3F8006D706C65733D256C752C53706946616989
:10A408006C757265733D256C752C4A756D70526557
:10A418006A656374733D256C752C4D657461646160
:10A428007461496E76616C69643D256C752C466172
:10A43800696C6564506F696E74733D256C752C5337
:10A448006B6970706564536C6F74733D256C752C03
:10A4580054696D696E674F76657272756E733D25C6
:10A468006C752C4D617841627354696D696E6745EE
:10A4780072726F724379636C65733D256C752C4DF0
:10A488006178436F6E736563757469766546616953
:10A498006C757265734F627365727665643D256C81
:10A4A800752C46656174757265436F6D707574655A
:10A4B80054696D654D733D256C752C417070726FD4
:10A4C80061636850726F746F636F6C3D25732C41C4
:10A4D8007070726F616368537472756374757261BA
:10A4E8006C56616C69643D25730D0A0053484144FC
:10A4F8004F575F454E442C536368656D61566572CE
:10A5080073696F6E3D25642C5465737449443D2509
:10A518006C752C537765657049443D256C752C4ADC
:10A52800696749443D25732C4D6F746F7249443DEA
:10A5380025732C4F6666696369616C3D302C5374D2
:10A5480061727465643D25642C417474656D707422
:10A558006564506F696E74733D25642C4361707433
:10A5680075726564506F696E74733D25642C416320
:10A57800717569736974696F6E526573756C743D32
:10A5880025732C5374617475733D25730D0A00008F
:10A598004D6F746F72206F66667365743A20257507
:10A5A8000D0A00004D6F746F7220616E676C652034
:10A5B8006F66667365743A202573206465677265F3
:10A5C800650D0A004D413630302073746172742075
:10A5D8007261773D257520636F756E743D256C64D7
:10A5E8002066696C74657265643D257320726177B5
:10A5F800416E676C653D2573206465677265650DFE
:10A608000A0000004E4C2063757276652025643A76
:10A6180020616E676C653D2573206572726F723DAF
:10A628002573206465670D0A000000004E4C2070F9
:10A638006F696E7473206E6F7420736574746C65C3
:10A64800642077697468696E20256C646D732025B1
:10A65800643A2025642F25640D0A00004E4C2061C1
:10A6680062736F6C7574652065787472656D6120AE
:10A6780025643A206D61785F7261773D25752028E1
:10A6880025732064656729206D696E5F7261773D67
:10A6980025752028257320646567290D0A000000A8
:10A6A8004E4C206861726D6F6E69633120286D6F42
:10A6B800756E74696E672F636F6E63656E74726909
:10A6C80063697479207369676E617475726529208E
:10A6D80025643A20616D706C69747564653D2573F5
:10A6E8002070686173653D2573206465670D0A00F5
:10A6F8004E4C206861726D6F6E69633620286869F8
:10A7080073746F726963616C207265666572656ED9
:10A7180063652C2073656520524553554C54277347
:10A7280020446F6D696E616E7453656C6563746502
:10A73800644F72646572292025643A20616D706CDB
:10A7480069747564653D25732070686173653D257E
:10A7580073206465670D0A004E4C20646F6D696E46
:10A76800616E74206861726D6F6E69632025643A4A
:10A77800206F726465723D257520616D706C697417
:10A788007564653D2573206465670D0A0000000047
:10A798004E4C20726177207065616B2D746F2D703F
:10A7A80065616B202564202873696E676C65206D70
:10A7B80061782D6D696E2C20666F7220636F6D70E5
:10A7C800617269736F6E293A202573206465677218
:10A7D80065650D0A000000004E4C2054432070654A
:10A7E8007263656E74696C652025643A2050353D46
:10A7F8002573205039353D25732072616E67653D9C
:10A808002573206465677265650D0A004E4C2054F7
:10A818004320726D732025643A2025732064656790
:10A828007265650D0A0000004E6F6E6C696E656199
:10A838007220256420416E676C653A202573206478
:10A8480065677265650D0A004D41363030205261EA
:10A8580077204E6F6E6C696E6561722025642041A9
:10A868006E676C653A202573206465677265650DAF
:10A878000A0000004D413630302046696C7465721C
:10A888002D526177204D61782044696666202564E1
:10A898003A202573206465677265650D0A0000001B
:10A8A8004E6F6E6C696E65617220256420494E5644
:10A8B800414C49443A20747261636B696E673D2567
:10A8C80064206163717569736974696F6E3D25737E
:10A8D80020736574746C65643D25642F25640D0AC6
:10A8E80000000000454E442C536368656D61566551
:10A8F8007273696F6E3D25642C5465737449443DC9
:10A90800256C752C537765657049443D256C752C0D
:10A91800446972656374696F6E3D25732C43617079
:10A928007475726564506F696E74733D25642C414B
:10A938006E616C79736973506F696E74733D2564C9
:10A948002C547261636B696E6756616C69643D254E
:10A95800642C536574746C6553746162696C6974B2
:10A968007956616C69643D25642C536574746C6513
:10A9780054617267657450726F78696D697479563D
:10A98800616C69643D25642C536574746C6556610B
:10A998006C69643D25642C416371756973697469D8
:10A9A8006F6E526573756C743D25732C53746174A6
:10A9B80075733D25730D0A00434F4E4649472C5287
:10A9C80065636F726456657273696F6E3D312C47AB
:10A9D800617465506F6C6963793D504F4C494359B8
:10A9E8005F415F4C4F434B45445F56312C436F6E7C
:10A9F800666967436F6E746578743D25732C466984
:10AA0800726D776172653D25732C4275696C644976
:10AA1800443D25732C4D43555F5549443D253038F9
:10AA28006C582530386C582530386C582C4A696772
:10AA380049443D25732C4A69674B6E6F776E3D25F7
:10AA4800642C436F6E6669674761746553656C660D
:10AA5800546573743D312C506F696E7453616D7019
:10AA68006C657253656C66546573743D312C45781A
:10AA780070656374656443616C6962726174696F5F
:10AA88006E53746174653D5A45524F5F5441424C50
:10AA9800452C436F6E6669675265616456616C69DF
:10AAA800643D25642C436F6E66696756616C696402
:10AAB8003D25642C506F6C6963794147617465501A
:10AAC80061737365643D25642C41756469744669D6
:10AAD800656C64734C6F636B65643D312C457870AD
:10AAE800656374656450726F66696C65466F756EF0
:10AAF800643D25642C52656A656374526561736FA1
:10AB08006E3D25732C45787065637465645A65726B
:10AB18006F3D3078253034582C45787065637465FE
:10AB2800644469723D3078253032582C4578706518
:10AB38006374656446696C743D3078253032582CEE
:10AB480045787065637465645374617475733D30DA
:10AB580078253032582C4578706563746564507276
:10AB6800743D3078253032582C45787065637465AB
:10AB780064526D617049643D3078253032582C45F7
:10AB880078706563746564436F72724352433332FD
:10AB98003D30782530386C582C5A65726F3D3078C6
:10ABA800253034582C4469723D3078253032582C81
:10ABB80046696C743D3078253032582C5374617472
:10ABC80075733D3078253032582C5072743D30788A
:10ABD800253032582C526D617049643D30782530EB
:10ABE80032582C436F72724E6F6E5A65726F436F94
:10ABF800756E743D25752C436F7272435243333220
:10AC08003D30782530386C580D0A00004D6F746F50
:10AC180072204552524F523A2045256420284D4112
:10AC280036303020636F6E6669672067617465200F
:10AC380072656A65637465643A20257329210D0A73
:10AC48000000000047657474696E6720726573754B
:10AC58006C74210D0A000000505245434F4E444980
:10AC680054494F4E5F5052455F4D4F544F5200006C
:10AC780042415443485F5052455F4D4F544F520034
:10AC88004D6F746F72204552524F523A20453530FD
:10AC9800372028636F6E74726F6C2D7365737369D8
:10ACA8006F6E207265736574207665726966696374
:10ACB8006174696F6E206661696C656429210D0A8B
:10ACC800000000004D6F746F72204552524F523A87
:10ACD8002045353032210D0A000000004D6F746F99
:10ACE80072204552524F523A204535303320286D54
:10ACF8006F76652D746F2D7A65726F206469642094
:10AD08006E6F7420636F6E766572676520776974FD
:10AD180068696E20256C64206D7329210D0A000076
:10AD28004D6F746F72204552524F523A204535305C
:10AD38003420286D6F76652D746F2D7A65726F20BB
:10AD4800656E636F64657220616371756973697498
:10AD5800696F6E206661696C656429210D0A0000BF
:10AD68004D6F746F72204552524F523A204535301C
:10AD7800352028737765657020616371756973691B
:10AD880074696F6E206661696C65643A2025732961
:10AD9800210D0A004D6F746F72204552524F523A7E
:10ADA80020453530362028737765657020616371DA
:10ADB8007569736974696F6E20696E76616C696410
:10ADC8003B20696E7370656374204D4554412F456F
:10ADD8004E4429210D0A0000505245434F4E444924
:10ADE80054494F4E5F524553554C542C5363686534
:10ADF8006D6156657273696F6E3D25642C4261748E
:10AE0800636849443D256C752C4379636C654F72C2
:10AE18006465723D256C752C5465737449443D25F1
:10AE28006C752C50726F746F636F6C3D25732C5268
:10AE3800756E526F6C653D505245434F4E444954B0
:10AE4800494F4E2C456C696769626C65466F725351
:10AE58007461746973746963733D302C53746174DD
:10AE680075733D56414C49440D0A00004E6F6E6C97
:10AE7800696E6561722046696E616C204176657203
:10AE88006167653A202573206465677265650D0AF8
:10AE9800000000004D4136303020526177204E6F5F
:10AEA8006E6C696E6561722046696E616C204176D0
:10AEB80065726167653A2025732064656772656508
:10AEC8000D0A00004D6F746F72204F4B210D0A0060
:10AED80042415443482C426174636849443D256C9F
:10AEE800752C5374617475733D4641494C45442C27
:10AEF8004379636C654F726465723D256C752C529D
:10AF0800756E4F726465723D256C752C52756E5264
:10AF18006F6C653D25730D0A0000000042415443E3
:10AF2800482C426174636849443D256C752C537400
:10AF3800617475733D434F4D504C4554452C5072C8
:10AF480065636F6E646974696F6E436F756E743D87
:10AF5800256C752C52756E436F756E743D256C7536
:10AF68002C546F74616C4379636C65436F756E74B0
:10AF78003D256C752C507265636F6E646974696FDA
:10AF88006E56616C69643D310D0A000042415443BC
:10AF9800482C426174636849443D256C752C537490
:10AFA800617475733D434F4F4C444F574E5F535434
:10AFB8004152542C4379636C654F726465723D2528
:10AFC8006C752C52756E4F726465723D256C752CCC
:10AFD80052756E526F6C653D25732C5461726765AE
:10AFE800744D733D256C752C50726F746F636F6C64
:10AFF8003D25730D0A0000004D4136303020535472
:10B008004154555320707265636865636B206661AF
:10B01800696C6564204E564D423D25642043524379
:10B028003D2564204D454D3D2564205041523D2528
:10B03800643B206261746368207265667573656439
:10B048000D0A000042415443482C42617463684928
:10B05800443D256C752C5374617475733D5354418C
:10B0680052542C507265636F6E646974696F6E50C8
:10B07800726F746F636F6C3D25732C507265636FCC
:10B088006E646974696F6E436F756E743D256C7577
:10B098002C52756E436F756E743D256C752C546F0C
:10B0A80074616C4379636C65436F756E743D256C90
:10B0B800752C436F6F6C646F776E5461726765743B
:10B0C8004D733D256C750D0A000000004241544344
:10B0D800482C426174636849443D256C752C53744F
:10B0E800617475733D4641494C45442C5265617302
:10B0F8006F6E3D434F4F4C444F574E5F494E56413C
:10B108004C49442C436F6D706C6574656443796376
:10B118006C654F726465723D256C752C4E6578744C
:10B128004379636C654F726465723D256C752C5468
:10B1380061726765744D733D256C752C4163747538
:10B14800616C4D733D256C752C546F6C6572616E26
:10B1580063654D733D256C750D0A000052554E54BC
:10B16800494D452C46726565486561703D256C758D
:10B178002C4D696E457665724672656548656170E5
:10B188003D256C752C54657374537461636B486901
:10B1980067685761746572576F7264733D256C7583
:10B1A8000D0A0000424F4F545F534D4F4B4500006E
:10B1B800494E495449414C00484F4C445F35300092
:10B1C800484F4C445F31303000000000484F4C4439
:10B1D8005F32303000000000546573745461736B43
:10B1E800000000000000803F000000000000000098
:10B1F80000002041000020410000C842000000007B
:10B2080000000000000020410000A04049444C45D7
:10B2180000000000546D722053766300546D725123
:10B2280000000000AD550A19A086010800000000C2
:10B2380000000000000000000000000000100000F6
:10B24800180000000000000000000000000000409E
:10B25800A69B443B9A99993E0000A0400000C84331
:10B2680027003C000447343235353538C887010893
:10B278000000000500000000AD550A192C0025004B
:10B288000447343235353538D087010800000005C9
:10B2980000000000AD550A193A004C000B5134303B
:10B2A80039333631D8870108000000050000000056
:10B2B800AD550A1901020306090C121B242D486C0E
:10B2C800010203060C120000B8B10108C0B1010860
:10B2D800C8B10108D4B10108000000003200000024
:10B2E80064000000C8000000E0B101080000000090
:10B2F800000000000000000000000000001A00002C
:10B308002000000000000000000000000000000015
:10B3180000000000010203040607080900000000FD
:10B32800010203040006101600061016232D302B08
:10B338002000686C4C00656667454647003031322E
:10B348003334353637383941424344454600303185
:10B3580032333435363738396162636465660000E4
:10B3680059F3F8C21F6EA501000000000000F03F6D
:10B3780000000080DB0F4940DB0F49C0DB0F49BFED
:10B38800E4CB1640E4CB16C0000FC93F000F49407C
:10B3980000CB9640000FC9400053FB4000CB16413C
:10B3A80000ED2F41000F49410031624100537B41BC
:10B3B800003A8A4100CB9641005CA34100EDAF41C1
:10B3C800007EBC41000FC94100A0D5410031E241D7
:10B3D80000C2EE410053FB4100F20342003A0A4228
:10B3E8000083104200CB164200141D42005C234229
:10B3F80000A5294200ED2F4200363642007E3C422D
:10B4080000C74242000F4942A2000000F9000000B4
:10B41800830000006E0000004E00000044000000A1
:10B428001500000029000000FC00000027000000B3
:10B4380057000000D1000000F500000034000000B3
:10B44800DD000000C0000000DB000000620000001A
:10B4580095000000990000003C0000004300000037
:10B468009000000041000000FE00000051000000B4
:10B4780063000000AB000000DE000000BB0000001D
:10B48800C500000061000000B700000024000000B3
:10B498006E0000003A000000420000004D0000006D
:10B4A800D2000000E0000000060000004900000093
:10B4B8002E000000EA00000009000000D100000092
:10B4C800920000001C000000FE0000001D000000AB
:10B4D800EB0000001C000000B10000002900000083
:10B4E800A70000003E000000E80000008200000005
:10B4F80035000000F50000002E000000BB00000031
:10B508004400000084000000E90000009C000000E6
:10B518007000000026000000B40000005F0000007A
:10B528007E0000004100000039000000910000008A
:10B53800D60000003900000083000000530000001E
:10B5480039000000F40000009C00000084000000A6
:10B558005F0000008B000000BD000000F900000043
:10B56800280000003B0000001F000000F800000059
:10B5780097000000FF000000DE000000050000004A
:10B58800980000000F000000EF0000002F000000EE
:10B59800110000008B0000005A0000000A000000A3
:10B5A8006D0000001F0000006D0000003600000064
:10B5B8007E000000CF00000027000000CB00000044
:10B5C80009000000B70000004F000000460000001E
:10B5D8003F000000660000009E0000005F000000C1
:10B5E800EA0000002D0000007500000027000000A0
:10B5F800BA000000C7000000EB000000E5000000F2
:10B60800F10000007B0000003D0000000700000082
:10B6180039000000F70000008A0000005200000016
:10B6280092000000EA0000006B000000FB00000030
:10B638005F000000B10000001F0000008D00000046
:10B648005D00000008000000560000000300000034
:10B658003000000046000000FC0000007B000000F5
:10B668006B000000AB000000F0000000CF000000FD
:10B67800BC000000200000009A000000F400000058
:10B68800360000001D000000A9000000E3000000D3
:10B6980091000000610000005E000000E60000006C
:10B6A8001B00000008000000650000009900000071
:10B6B800850000005F00000014000000A0000000EA
:10B6C80068000000400000008D000000FF0000003E
:10B6D800D8000000800000004D000000730000004A
:10B6E80027000000310000000600000006000000EE
:10B6F8001500000056000000CA000000730000009A
:10B70800A8000000C900000060000000E20000007E
:10B718007B000000C00000008C0000006B000000EF
:10B728006937AC3168212233B40F14336821A2334E
:10B738003863ED3EDA0F493F5E987B3FDA0FC93F29
:10B748000000C93F0000F0390000DA370000A233DA
:10B758000000842E0000502B0000C2270000D022D9
:10B768000000C41F0000C61B0000441704000000AE
:08B778000700000009000000B9
:08B78000504AFE7F01000000A9
:04B78800B5010008FF
:04B78C00910100081F
:10B790000024F4001000000001000000AAAAAAAAD8
:10B7A000140000200000000054D70120BCD7012065
:10B7B00024D801200000000000000000000000006C
:10B7C0000000000000000000000000000000000079
:10B7D0000000000000000000000000000000000069
:10B7E0000000000000000000000000000000000059
:040000050800CAB570
:00000001FF
