:020000040800F2
:10000000000002204D8A0008218900082389000889
:1000100025890008278900082989000800000000B8
:1000200000000000000000000000000091DC00085B
:100030002B8900080000000021DD000815C300081E
:100040009D8A00089D8A00089D8A00089D8A0008F4
:100050009D8A00089D8A00089D8A00089D8A0008E4
:100060009D8A00089D8A00089D8A00089D8A0008D4
:100070002D8900089D8A0008398900089D8A00089A
:1000800045890008518900085D8900089D8A00089B
:100090009D8A00089D8A00089D8A00089D8A0008A4
:1000A0009D8A00089D8A00089D8A00089D8A000894
:1000B000698900089D8A00089D8A00089D8A0008B9
:1000C0009D8A00087589000881890008F189000867
:1000D0009D8A00089D8A00088D890008998900087A
:1000E0009D8A00089D8A00089D8A00089D8A000854
:1000F0009D8A0008A58900089D8A0008C18900081A
:100100009D8A00089D8A00089D8A00089D8A000833
:100110009D8A00089D8A00089D8A00089D8A000823
:10012000CD8900089D8A0008D9890008E589000862
:100130009D8A000800000000000000009D8A000861
:100140009D8A00089D8A00089D8A00089D8A0008F3
:100150009D8A00089D8A00089D8A00089D8A0008E3
:100160009D8A00089D8A00089D8A00089D8A0008D3
:100170009D8A00089D8A0008000000000000000021
:080180009D8A00089D8A000819
:1001900010B5054C237833B9044B13B10448AFF3C1
:1001A00000800123237010BD6000002000000000CB
:1001B0008CFF000808B5034B1BB103490348AFF39C
:1001C000008008BD00000000640000208CFF0008D3
:1001D000034613F8012B002AFBD1181A0138704787
:1001E00001F0FF01102A2BDB10F0070F08D010F8E8
:1001F000013B013A8B422DD010F0070F42B3F6D1EC
:10020000F0B441EA012141EA014122F007047FF004
:1002100000070023F0E80256083C85EA010586EA5B
:10022000010685FA47F5A3FA87F586FA47F6A5FA97
:1002300087F68EB9EED1F0BC01F0FF0102F00702A3
:1002400032B110F8013B013A83EA010313B1F8D14E
:100250000020704701387047002D06BF354603382F
:10026000073815F0010F07D1013015F4807F02BF68
:10027000013015F4C03F0130F0BC0138704700BFB9
:1002800081F0004102E000BF83F0004330B54FEA47
:1002900041044FEA430594EA050F08BF90EA020FB4
:1002A0001FBF54EA000C55EA020C7FEA645C7FEA47
:1002B000655C00F0E2804FEA5454D4EB5555B8BF6A
:1002C0006D420CDD2C4480EA020281EA030382EADB
:1002D000000083EA010180EA020281EA0303362D6D
:1002E00088BF30BD11F0004F4FEA01314FF4801C40
:1002F0004CEA113102D0404261EB410113F0004F52
:100300004FEA03334CEA133302D0524263EB430308
:1003100094EA050F00F0A780A4F10104D5F1200EA6
:100320000DDB02FA0EFC22FA05F2801841F1000101
:1003300003FA0EF2801843FA05F359410EE0A5F1D5
:1003400020050EF1200E012A03FA0EFC28BF4CF006
:10035000020C43FA05F3C01851EBE37101F00045BC
:1003600007D54FF0000EDCF1000C7EEB00006EEBC9
:100370000101B1F5801F1BD3B1F5001F0CD3490853
:100380005FEA30004FEA3C0C04F101044FEA4452AA
:1003900012F5800F80F09A80BCF1004F08BF5FEA31
:1003A000500C50F1000041EB045141EA050130BD11
:1003B0005FEA4C0C404141EB0101013C28BFB1F523
:1003C000801FE9D291F0000F04BF01460020B1FA6E
:1003D00081F308BF2033A3F10B03B3F120020CDA41
:1003E0000C3208DD02F1140CC2F10C0201FA0CF01F
:1003F00021FA02F10CE002F11402D8BFC2F1200C84
:1004000001FA02F120FA0CFCDCBF41EA0C01904039
:10041000E41AA2BF01EB0451294330BD6FEA040482
:100420001F3C1CDA0C340EDC04F11404C4F120026D
:1004300020FA04F001FA02F340EA030021FA04F37F
:1004400045EA030130BDC4F10C04C4F1200220FAD6
:1004500002F001FA04F340EA0300294630BD21FA14
:1004600004F0294630BD94F0000F83F4801306BFDA
:1004700081F480110134013D4EE77FEA645C18BFCE
:100480007FEA655C29D094EA050F08BF90EA020F65
:1004900005D054EA000C04BF1946104630BD91EA5D
:1004A000030F1EBF0021002030BD5FEA545C05D160
:1004B0004000494128BF41F0004130BD14F580049F
:1004C0003CBF01F5801130BD01F0004545F0FE4113
:1004D00041F470014FF0000030BD7FEA645C1ABF48
:1004E000194610467FEA655C1CBF0B46024650EA7F
:1004F000013406BF52EA033591EA030F41F40021AB
:1005000030BD00BF90F0000F04BF0021704730B530
:100510004FF4806404F132044FF000054FF0000105
:1005200050E700BF90F0000F04BF0021704730B5C6
:100530004FF4806404F1320410F0004548BF40429B
:100540004FF000013EE700BF42004FEAE2014FEAF0
:1005500031014FEA02701FBF12F07F4393F07F4FCB
:1005600081F06051704732F07F4208BF704793F0CE
:100570007F4F04BF41F40021704730B54FF46074E1
:1005800001F0004521F000411CE700BF50EA0102E4
:1005900008BF704730B54FF000050AE050EA01028D
:1005A00008BF704730B511F0004502D5404261EBFD
:1005B00041014FF4806404F132045FEA915C3FF43E
:1005C000D8AE4FF003025FEADC0C18BF03325FEADB
:1005D000DC0C18BF033202EBDC02C2F1200300FA8C
:1005E00003FC20FA02F001FA03FE40EA0E0021FAB1
:1005F00002F11444BDE600BF70B54FF0FF0C4CF49F
:10060000E06C1CEA11541DBF1CEA135594EA0C0F50
:1006100095EA0C0F00F0DEF82C4481EA030621EA8B
:100620004C5123EA4C5350EA013518BF52EA0335C6
:1006300041F4801143F4801338D0A0FB02CE4FF078
:100640000005E1FB02E506F00042E0FB03E54FF0A8
:100650000006E1FB03569CF0000F18BF4EF0010EA0
:10066000A4F1FF04B6F5007F64F5407404D25FEA9C
:100670004E0E6D4146EB060642EAC62141EA55514F
:100680004FEAC52040EA5E504FEACE2EB4F1FD0C91
:1006900088BFBCF5E06F1ED8BEF1004F08BF5FEA0F
:1006A000500E50F1000041EB045170BD06F00046C1
:1006B00046EA010140EA020081EA0301B4EB5C046E
:1006C000C2BFD4EB0C0541EA045170BD41F4801166
:1006D0004FF0000E013C00F3AB8014F1360FDEBF8B
:1006E000002001F0004170BDC4F10004203C35DA67
:1006F0000C341BDC04F11404C4F1200500FA05F3EA
:1007000020FA04F001FA05F240EA020001F000428A
:1007100021F0004110EBD37021FA04F642EB060100
:100720005EEA430E08BF20EAD37070BDC4F10C042A
:10073000C4F1200500FA04F320FA05F001FA04F2EE
:1007400040EA020001F0004110EBD37041F10001DA
:100750005EEA430E08BF20EAD37070BDC4F12005E5
:1007600000FA05F24EEA020E20FA04F301FA05F24D
:1007700043EA020321FA04F001F0004121FA04F2F5
:1007800020EA020000EBD3705EEA430E08BF20EAC5
:10079000D37070BD94F0000F0FD101F000464000FF
:1007A00041EB010111F4801F08BF013CF7D041EA81
:1007B000060195F0000F18BF704703F00046520085
:1007C00043EB030313F4801F08BF013DF7D043EA56
:1007D0000603704794EA0C0F0CEA135518BF95EA0C
:1007E0000C0F0CD050EA410618BF52EA4306D1D193
:1007F00081EA030101F000414FF0000070BD50EAB2
:10080000410606BF1046194652EA430619D094EA3B
:100810000C0F02D150EA013613D195EA0C0F05D125
:1008200052EA03361CBF104619460AD181EA030179
:1008300001F0004141F0FE4141F470014FF0000031
:1008400070BD41F0FE4141F4780170BD70B54FF0CC
:10085000FF0C4CF4E06C1CEA11541DBF1CEA13554C
:1008600094EA0C0F95EA0C0F00F0A7F8A4EB05042E
:1008700081EA030E52EA03354FEA013100F0888025
:100880004FEA03334FF0805545EA131343EA1263EE
:100890004FEA022245EA111545EA10654FEA0026A3
:1008A0000EF000419D4208BF964244F1FD0404F55C
:1008B000407402D25B084FEA3202B61A65EB0305B8
:1008C0005B084FEA32024FF480104FF4002CB6EB75
:1008D000020E75EB030E22BFB61A754640EA0C00F5
:1008E0005B084FEA3202B6EB020E75EB030E22BF35
:1008F000B61A754640EA5C005B084FEA3202B6EB76
:10090000020E75EB030E22BFB61A754640EA9C0034
:100910005B084FEA3202B6EB020E75EB030E22BF04
:10092000B61A754640EADC0055EA060E18D04FEAC2
:10093000051545EA16754FEA06164FEAC30343EA62
:1009400052734FEAC2025FEA1C1CC0D111F4801F2F
:100950000BD141EA00014FF000004FF0004CB6E728
:1009600011F4801F04BF01430020B4F1FD0C88BFC7
:10097000BCF5E06F3FF6AFAEB5EB030C04BFB6EBD2
:10098000020C5FEA500C50F1000041EB045170BDC5
:100990000EF0004E4EEA113114EB5C04C2BFD4EBF2
:1009A0000C0541EA045170BD41F480114FF0000E76
:1009B000013C90E645EA060E8DE60CEA135594EAF2
:1009C0000C0F08BF95EA0C0F3FF43BAF94EA0C0FF5
:1009D0000AD150EA01347FF434AF95EA0C0F7FF46A
:1009E00025AF104619462CE795EA0C0F06D152EABE
:1009F00003353FF4FDAE1046194622E750EA4106A2
:100A000018BF52EA43067FF4C5AE50EA41047FF4B2
:100A10000DAF52EA43057FF4EBAE12E74FF0FF3C17
:100A200006E000BF4FF0010C02E000BF4FF0010CE8
:100A30004DF804CD4FEA410C7FEA6C5C4FEA430C61
:100A400018BF7FEA6C5C1BD001B050EA410C0CBFB0
:100A500052EA430C91EA030F02BF90EA020F002012
:100A6000704710F1000F91EA030F58BF994208BF79
:100A700090422CBFD8176FEAE37040F00100704736
:100A80004FEA410C7FEA6C5C02D150EA013C07D18D
:100A90004FEA430C7FEA6C5CD6D152EA033CD3D0D8
:100AA0005DF8040B704700BF8446104662468C46D2
:100AB0001946634600E000BF01B5FFF7B7FF002805
:100AC00048BF10F1000F01BD4DF808EDFFF7F4FF2E
:100AD0000CBF012000205DF808FB00BF4DF808EDB9
:100AE000FFF7EAFF34BF012000205DF808FB00BFDC
:100AF0004DF808EDFFF7E0FF94BF012000205DF8FE
:100B000008FB00BF4DF808EDFFF7CEFF94BF0120B2
:100B100000205DF808FB00BF4DF808EDFFF7C4FFAB
:100B200034BF012000205DF808FB00BF4FEA410CF4
:100B30007FEA6C5C02D150EA013C0AD14FEA430CD7
:100B40007FEA6C5C02D152EA033C02D14FF0000014
:100B500070474FF0010070474A0011D212F50012A1
:100B600011D20DD56FF47873B3EB62520ED44FEA05
:100B7000C12343F0004343EA505323FA02F0704785
:100B80004FF00000704750EA013002D14FF0FF30C3
:100B900070474FF0000070474FEA4102B2F1E04366
:100BA00024BFB3F5001CDCF1FE5C0DD901F0004C54
:100BB0004FEAC0024CEA5070B2F1004F40EB8300A4
:100BC00008BF20F00100704711F0804F21D113F1D0
:100BD0003872BCBF01F00040704741F480114FEA09
:100BE0005252C2F11802C2F1200C10FA0CF320FA92
:100BF00002F018BF40F001004FEAC1234FEAD323AF
:100C000003FA0CFC40EA0C0023FA02F34FEA430318
:100C1000CCE77FEA625307D150EA01331EBF4FF0A1
:100C2000FE4040F44000704701F0004040F0FE40BC
:100C300040F40000704700BF80F0004002E000BFB9
:100C400081F0004142001FBF5FEA410392EA030FB7
:100C50007FEA226C7FEA236C6AD04FEA1262D2EB01
:100C60001363C1BFD218414048404140B8BF5B4206
:100C7000192B88BF704710F0004F40F4000020F09F
:100C80007F4018BF404211F0004F41F4000121F0B5
:100C90007F4118BF494292EA030F3FD0A2F10102FF
:100CA00041FA03FC10EB0C00C3F1200301FA03F13D
:100CB00000F0004302D5494260EB4000B0F5000F60
:100CC00013D3B0F1807F06D340084FEA310102F11F
:100CD0000102FE2A51D2B1F1004F40EBC25008BFD1
:100CE00020F0010040EA03007047490040EB00009B
:100CF000013A28BFB0F5000FEDD2B0FA80FCACF19C
:100D0000080CB2EB0C0200FA0CF0AABF00EBC250C8
:100D100052421843BCBFD0401843704792F0000FB6
:100D200081F4000106BF80F400000132013BB5E709
:100D30004FEA41037FEA226C18BF7FEA236C21D07F
:100D400092EA030F04D092F0000F08BF08467047E4
:100D500090EA010F1CBF0020704712F07F4F04D1B2
:100D6000400028BF40F00040704712F100723CBFC5
:100D700000F50000704700F0004343F0FE4040F4EF
:100D8000000070477FEA226216BF08467FEA2363AD
:100D90000146420206BF5FEA412390EA010F40F498
:100DA000800070474FF0000304E000BF10F00043E4
:100DB00048BF40425FEA000C08BF704743F09643CB
:100DC00001464FF000001CE050EA010208BF7047E6
:100DD0004FF000030AE000BF50EA010208BF70476D
:100DE00011F0004302D5404261EB41015FEA010C82
:100DF00002BF84460146002043F0B64308BFA3F17A
:100E00008053A3F50003BCFA8CF2083AA3EBC2535B
:100E100010DB01FA02FC634400FA02FCC2F120027A
:100E2000BCF1004F20FA02F243EB020008BF20F0B1
:100E30000100704702F1200201FA02FCC2F1200217
:100E400050EA4C0021FA02F243EB020008BF20EA0C
:100E5000DC7070477BB972B90029BEBF00204FF02B
:100E6000004106E008BF00281CBF6FF000414FF0B2
:100E7000FF3000F0D3B9ADF1080C6DE904CE0029C4
:100E800009DB002B1ADB00F04DF8DDF804E0DDE9AA
:100E9000022304B07047404261EB4101002B1BDB91
:100EA00000F040F8DDF804E0DDE9022304B0404240
:100EB00061EB4101524263EB43037047524263EBE3
:100EC000430300F02FF8DDF804E0DDE9022304B06D
:100ED000404261EB41017047524263EB430300F033
:100EE00021F8DDF804E0DDE9022304B0524263EBAF
:100EF0004303704753B94AB9002908BF00281CBFF3
:100F00004FF0FF314FF0FF3000F088B9ADF1080C21
:100F10006DE904CE00F006F8DDF804E0DDE9022317
:100F200004B070472DE9F047089D0F4604468C46F3
:100F3000002B48D18A42164661D9B2FA82F34BB1EE
:100F4000C3F1200201FA03FC20FA02F29E4042EAB9
:100F50000C0C9C404FEA164EB7B2BCFBFEF1220CC3
:100F60000EFB11CC42EA0C4201FB07F0904209D97A
:100F7000B21801F1FF3C80F0EE80904240F2EB802D
:100F800002393244121AA4B2B2FBFEF00EFB102258
:100F900044EA024400FB07F7A74209D9341900F1DB
:100FA000FF3280F0DA80A74240F2D7803444023822
:100FB00040EA0140E41B00211DB1DC400023C5E9EB
:100FC0000043BDE8F0878B4206D90DB1C5E90001A9
:100FD00000210846BDE8F087B3FA83F1002948D123
:100FE000BB4202D3824200F20781841A67EB0302FC
:100FF00001209446002DE4D0C5E9004CE1E7002A29
:1010000000F09280B2FA82F3002B40F0A8808A1A96
:101010004FEA164E1FFA86FC0121200CB2FBFEF7A8
:101020000EFB172240EA02420CFB07F0904207D960
:10103000B21807F1FF3802D2904200F2E280474630
:10104000121AA4B2B2FBFEF00EFB102244EA0244D4
:101050000CFB00FCA44507D9341900F1FF3202D281
:10106000A44500F2CB801046A4EB0C0440EA0740F4
:10107000A2E7C1F120068B4022FA06FC4CEA030CE1
:1010800007FA01F420FA06F3F7404FEA1C4923431C
:1010900000FA01F81FFA8CFEB7FBF9F01C0C09FBF3
:1010A000107744EA074400FB0EF7A74202FA01F268
:1010B0000AD91CEB040400F1FF3A80F09B80A742A0
:1010C00040F2988002386444E41B9FB2B4FBF9F309
:1010D00009FB134447EA044403FB0EFEA64509D965
:1010E0001CEB040403F1FF3780F08280A6457FD912
:1010F000023B644443EA0040A4EB0E04A0FB02E779
:10110000BC427346B94663D360D05DB1B8EB03020D
:1011100064EB090404FA06F622FA01F31E43CC40FC
:10112000C5E9006400214CE76208480842EAC17141
:101130000B0C43EA00438AB242EA0342B3FBF6F1E6
:10114000E407B4463746B6461F23B0FBF6F0D21B81
:1011500041EA004161E7614614E7104628E7C3F120
:10116000200120FA01F29E4027FA01F19F403A4304
:101170004FEA164E1FFA86FCB1FBFEF70EFB171066
:10118000110C41EA004107FB0CF8884504FA03F40E
:101190003AD9711807F1FF3001D288451FD8A1EB69
:1011A0000801B1FBFEF808FB0CF70EFB181192B218
:1011B00042EA0142BA422FD2B21808F1FF31C6D238
:1011C000BA42C4D2A8F102013244C0E7F0459CD231
:1011D000BEEB020367EB0C070138B94695E7A6EBB7
:1011E00008084144B81EB1FBFEF808FB0CF7DCE729
:1011F0003B467FE7504667E70846FBE63444023843
:1012000032E7023F32441BE7A1EB08013846B1FB4D
:10121000FEF808FB0CF7C8E7414698E7704700BFA7
:1012200006F0A6BD06F0F8BD06F014BE00487047F3
:1012300060000108004870476C00010800487047D2
:10124000890001080B480C4B0C4A10F8011B11B126
:101250004B405343F9E783F0FF03094907485343E1
:1012600011F8012B12B153404343F9E783F0FF0318
:101270005843704760000108C59D1C81930100011F
:101280006C00010808B5054800224FF4006108F021
:101290000DF9BDE8084001F09FBE00BF000002400C
:1012A00008B5054800224FF4006108F0FFF8BDE8DA
:1012B000084001F091BE00BF000002400248012238
:1012C000402108F0F3B800BF0004024002480022A9
:1012D000402108F0EBB800BF0004024037B50023FE
:1012E00004460D46ADF80430FFF7F0FFD2238DF829
:1012F000003012488DF801400A230222694609F0A5
:10130000C3FB0446FFF7DAFF34B1032C0CBF022401
:101310000324204603B030BDFFF7D8FF07480A2357
:10132000022201A909F04DFD0446FFF7C7FF002C7A
:10133000EBD19DF805302B70EBE700BF580600207D
:10134000084B834210B50BD1074C2378012B07D1F2
:10135000064B5A68064B1A60FFF7B0FF0223237052
:1013600010BD00BF5806002080000020001000E0E3
:101370007C000020084B834210B50BD1074C23782A
:10138000012B07D1064B5A68064B1A60FFF796FFF0
:101390000323237010BD00BF5806002080000020EA
:1013A000001000E07C00002000487047A000010809
:1013B00007EE900A9FED057A9FED050AF8EE677A31
:1013C00067EE877A27EE800A704700BF0000B443BB
:1013D0000000803713B5044610B9002002B010BDDC
:1013E0000DF107011A20FFF779FF0028F5D19DF8CC
:1013F0000730DA092270C3F380026270C3F340023F
:1014000003F00103A270E3700120E7E72DE9F04744
:1014100007460C4619B100230B604B608B60002F10
:101420006DD0384B5968384B1A68536A1CB1238108
:1014300001232160A372354E317801F0FF0319B109
:1014400003252846BDE8F0873149DFF8C880DFF87A
:10145000D4900B70C9F800304B7088F8003088F8D1
:101460000130012333703CB1264B5B682360536A23
:10147000238140F201136381FFF728FF254A2449A5
:101480002548022309F03AFD054638B1FFF716FF5B
:101490000023032D3370D3D10225D2E7DFF864A0F7
:1014A0001E4B1F4A1B68DAF80410B3FBF2F342F23A
:1014B000107253433278012A0ED03378DBB214B164
:1014C000D9F8002062600022022B3270B8D1B8F83F
:1014D00000305BBA3B80B4E7DAF80420521A93423A
:1014E000E8D804230C48337009F08CFDFFF7E6FEC2
:1014F00014B1DAF80430636000233370CCE70125BF
:101500009FE700BF001000E0500500208000002091
:1015100083000020810000205806002000000020E9
:1015200040420F007C00002009B1FFF7D7BE012028
:10153000704700001FB5D723ADF808300023ADF881
:101540000C30FFF7C3FE0A23009303AA022302A96B
:10155000054809F046FB0446FFF7B0FEB4FA84F0F4
:10156000400904B010BD00BF5806002013B5002389
:10157000044601A80193FFF72DFF30B914B90020EC
:1015800002B010BD01982060F9E79DF805302BB935
:101590009DF8063013B99DF8073033B1FFF7CAFF45
:1015A00001A8FFF717FF0028E8D00CB101982060D0
:1015B0009DF8043063B99DF8050058B99DF80630D0
:1015C0001BB99DF8070080F0010000F00100D7E78B
:1015D0000020FAE71846F8E730B548B100230024A8
:1015E0000025C0E90245C0E90433037043808361EC
:1015F00030BD70B5049D002838D0002D36D0002BAA
:1016000034DB047864B901230370436941800133FA
:10161000C0E902140261436129606C60002070BD62
:1016200044880C1BB4F5004F0CDDA4F5803484EA2B
:10163000E476A6EBE476B3420ADA83690133836188
:101640000420ECE714F5004FB8BF04F58034EEE752
:10165000D0E90236026142694180E31846EBE47446
:101660000132C0E9023442612B60D6E70120D6E79F
:101670002DE9F7430446002800F08680342200213B
:101680000CF0D6FD002001A98DF804008DF80500AE
:101690008DF80600FFF722FE04F10806002843D06B
:1016A00000259DF805209DF8043043EA022363805D
:1016B0004FF000089DF80630A371A4F82A80B146C7
:1016C00020270DF1070138468DF80780FFF706FE49
:1016D00010B18DF8078000259DF8073009F8013F0B
:1016E00013B1638D013363850137FFB2402FE8D119
:1016F000264904F128074FF0FF3316F8012F082080
:10170000534043F300020A40013882EA5303F8D100
:10171000B742F2D1DB43E36225706DBB84F83050F1
:10172000052003B0BDE8F0830DF105010120FFF7AE
:10173000D5FD0028B4D1211D0920FFF7F5FE0028B2
:10174000AED1611D0D20FFF7EFFE0028A8D10DF1ED
:1017500006011A20FFF7C2FD0028A1D1E11D1C20BF
:10176000FFF7E2FE00289BD131461F20FFF7DCFE89
:10177000B0FA80F56D0994E7638D002B14BF022346
:10178000012384F83030CCE70120CAE72083B8ED8C
:10179000024678B103786BB190F8301051B183797B
:1017A00013F0870008D1012908D1538D002B18BFF1
:1017B00003207047012070470220704703207047C4
:1017C00038B505460C46FFF7E3FFE8B9ECB16A8887
:1017D00023889A421BD12A79A3789A4219D16A792F
:1017E000E3789A4217D1AA7923799A4215D1EA79F6
:1017F00063799A4213D12A7AA3799A4211D1EA6A7B
:10180000A3689A4218BF0B2038BD0420FCE70520CE
:10181000FAE70620F8E70720F6E70820F4E70920B2
:10182000F2E70A20F0E700000B289ABF024B53F8BA
:1018300020000248704700BFE8370108BC000108DB
:101840002DE9F04F95B00021342207A80CF0F0FCF0
:10185000012605233E4A8DF8213007A812928DF803
:101860001C608DF84C60FFF793FF3A4A044607CAA4
:1018700004AD85E80700294607A8FFF7A1FF00216E
:10188000039007A8FFF79CFF2946834607A8ADF8F9
:101890001E60FFF795FF00272946824607A8ADF88E
:1018A0001E708DF82060FFF78BFF4FF48061ADF85C
:1018B00020108146294607A8FFF782FF05238DF8EF
:1018C000213029460823804607A88DF82230FFF7EB
:1018D00077FF4FF480710290ADF8221007A82946D7
:1018E000FFF76EFF2946019007A88DF823708DF849
:1018F0002460FFF765FF039A8DF8247001461648AF
:10190000129044EA020010F0FF001ED1BBF1040F58
:10191000029B17D1BAF1050F14D1B9F1060F11D1FD
:10192000B8F1070F0ED1082B0CD1019B092B09D15F
:101930000A2907D1294607A8FFF742FFA0F10B03A8
:101940005842584115B0BDE8F08F3846FAE700BF5D
:10195000AD550A19A8FF0008AC550A19074AD2F874
:10196000FC3043F08073C2F8FC30054B00225A6013
:101970001A6842F001021A60704700BF00ED00E0F3
:10198000001000E008B5FFF799FCBDE80840FFF73C
:10199000E5BF0000034B044A1B68B3FBF2F3584356
:1019A000704700BF0000002040420F0070B50446A1
:1019B000049868B1002B0CDA561E63F10045A6426C
:1019C0008D410FDBA41A61EB0301C0E90041012046
:1019D00070BD52EA0305F5D003F10045944271EB66
:1019E0000505EEE70020F3E72DE9F0410546012467
:1019F0008C4201D3BDE8F08155F8087F6E682B4614
:101A0000224653E902EC774576EB0C0805DA013AF9
:101A1000C3E900ECA3F10803F3D100EBC20340F8E3
:101A2000327001345E60E3E7014B5868704700BFD5
:101A3000001000E0034A53685B1A002B00DB70477C
:101A400000BFF8E7001000E0806E7047D0F88C30DF
:101A5000072B9FBF5A1C00EB8303C0F88C20D9666C
:101A6000836E5B1A002BB8BF8166704770B5D0B12A
:101A7000C9B1C2B1D0E91843A34214D25C1C446678
:101A800000EB83050024146094605460AC6914601A
:101A9000C41830F8133094F8586096720B80AB6B12
:101AA0008366207C70BD0120FCE738B504460D46F6
:101AB000902200210CF0BCFB25662A4604F1580058
:101AC0000121BDE838400CF0B3BB08461146FFF7D2
:101AD0009DBC10B5044640B1382200210CF0A8FB93
:101AE0002046BDE81040FFF777BD10BD2DE9F04757
:101AF00089468AB090461C460546002866D0002BD1
:101B000064D0002A62D0002960DB20220021184620
:101B100001260CF08DFB4FF0000A267707AF2B6AE9
:101B2000ADF80EA00133012E2B62C7E900AAC7F859
:101B300008A0667706D9AB6A0133AB62A37F43F096
:101B40000103A37739460DF10E00FFF75FFC8446D1
:101B500097E8070004F1100383E80700604690B19E
:101B6000EB6A0133EB62A37F43F002030136F6B266
:101B7000B045A3772077D2D243F00803A3776B6BED
:101B800001336B631FE000220023CDE9042304AB83
:101B90000093079ABDF80E104B462846FFF729FD23
:101BA00030B12B6B01332B63A37F43F00403DDE7DC
:101BB000BDF80E302380DDE904232077C4E9022339
:101BC0006B6A01336B620AB0BDE8F0870120FAE767
:101BD00008B5FFF701F99FED057A9FED050A07EEBD
:101BE000900A67EE877A27EE800A08BD0000B443AA
:101BF000000080372DE9F843089F84460020B7B3E2
:101C0000012A73F100051DDBB1F1004F08BF8445C7
:101C100018D0540844EAC374D4F1FF386FF000457B
:101C200081424FEA630EA5EB63050DDBE0458D4174
:101C300008DB1CEB04004EEB0101FFF70BF9C7E9D1
:101C400000010120BDE8F883DCF1000961EB4106E9
:101C5000C845B541F6DBB4EB0C006EEB0101FFF7B4
:101C6000F9F8404261EB4101C7E90001E9E7384674
:101C7000E8E7F7B50346084661B192B3490803EBBC
:101C8000C10510F0010053F83130696804D0C2E991
:101C90000031012003B0F0BD012B55E9024671F17E
:101CA000000512DBDD43A5426FF00045A5EB010501
:101CB000B541EFDBE01800924FF000034FF0020255
:101CC00046EB0101FFF796FFE4E753EA0105F1D087
:101CD0005F424FF0004565EB0105BC4276EB050520
:101CE000E7E71046D6E72DE9FF419446DDE90A27EC
:101CF0000C9E044688461AB9002004B0BDE8F08165
:101D0000002FF9D0002EF7D000200021CDE90201EC
:101D10004FF0FF3003F500454FF6FF71604571EB62
:101D20000505E9D308F50045A042A941E4D319040B
:101D300002AB00934FEA0C40002341EA1C41FFF73D
:101D400059FF0028D8D0DDE90232012B4FEA0841C3
:101D500072F1000541EA14414FEA04440FDBDD4310
:101D6000A5426FF00045A5EB02058D41C4DBC7E934
:101D700000321B1942EB0102C6E90032BDE753EA0B
:101D80000205F4D0D3F1000C4FF0004565EB0205DD
:101D9000644571EB0505E9E72DE9F04385B0DDE920
:101DA0000C540E9EDEB104F500474FF000084FF0D2
:101DB0000009B7F5803FCDE9028910D202AF009744
:101DC000FFF7F4FD58B1DDE9020123042A0443EAD8
:101DD00015430C9605B0BDE8F043FFF7E7BD0020C2
:101DE00005B0BDE8F08300002DE9F04F2DED028B2A
:101DF00099B0DDE9245808932A9C289B0D93299BD0
:101E00000C900592099334B19022002120460CF0E9
:101E10000FFA0123E3700C9B002B00F06082002D71
:101E200000F05D82B8F1000F00F05982002C00F044
:101E30005682D8F80030002B00F05182D8F80430D8
:101E4000002B00F04C82AB68002B00F04882EA685F
:101E5000934200F244826A69002A40F34082AA69F0
:101E6000002AC0F23C822878012800F2388206D18C
:101E70006A68002A44DDD8F80820002A40D0269A53
:101E800052B1279A934200F22A82402B00F2278215
:101E9000099A002AC0F223824FF0FF306FF0004110
:101EA000C4E9060100204FF00041059AA260C4E990
:101EB00008019FED9B8B0027089AE2602365A770BD
:101EC0003E46BA46D4F85490994511D304F13003F4
:101ED000029304F12803CDE9009305980899D4E909
:101EE0000423FFF700FF002840F01E81207009E165
:101EF000A26DEB689A4208D3002323700720E0709C
:101F000019B0BDEC028BBDE8F08F2B78012B2FD1DF
:101F100094F801B0BBF1000F2ED0A36F6A69F31AD9
:101F2000934203D9002323700820E8E7D8F808304B
:101F3000D8F80C0031469847B146D8F80030D8F8A8
:101F40000C00ADF838A014AA0EA9CDE914AACDF85A
:101F500058A09847A26D511C9DF85A20A1650346D0
:101F600062B9636E84F800A0013363660620C6E799
:101F70004FF00009CB46E0E7D946DEE7149AE26766
:101F8000012945D1A2672978012902D16E686170C3
:101F90001644D8F80420D8F80C0006939047A26F96
:101FA0006969821A8A428346C4F88020BAD8069B9F
:101FB0008DED108B002B40D09A1ED2B2012A02D890
:101FC000E26D0132E2652371A36E0137BB422B69DA
:101FD00038BFA766BB428FD3D4F85490AB689945FD
:101FE000BFF474AF2A78012A7FF46CAFBBEB060B09
:101FF0003FF568AFE26E6968BBFBF1FB0BF1010BCB
:1020000012EB0B02BFF478AFE2660BFB016659E7F7
:10201000BBF1000FBDD0A2EB0901002908DAA9EB42
:102020000201626F8A4238BF61676E684E44B0E752
:10203000FBD0226F01322267F3E710AB0093AB694C
:10204000149ABDF838100C98FFF7D3FA0428034609
:1020500003D1226E01322266B5E70028B3D1DDE953
:102060001023CDE9062312AB0093DDE90601059AA2
:10207000089B8DED128BFFF799FC002840D0DDE91D
:102080001232012B72F10007D4E904102BDBDF437D
:102090008F426FF00047A7EB0207874130DBC9187A
:1020A00040EB0200C4E904102699676D61BBD4E9D6
:1020B0000601834272EB0101D4E90801B8BFC4E90B
:1020C000063298429141B8BFC4E908321FB9DDE930
:1020D0000623C4E91023DDE9062301376765C4E957
:1020E0001223002778E753EA0207D8D0D3F1000C77
:1020F0004FF0004767EB0207614570EB0707CDE73C
:10210000002323700920FAE62799B942CFD92699EE
:10211000269801EBC70140F837304A60C7E700BF97
:102120000000000000000000269B002B00F0B9809A
:1021300009F1FF333F2BC4F8849000F2B280269857
:102140004946FFF751FC4FF0000A4FF0000B0EAA72
:10215000CDE90EABFFF78DFD002800F0A280269D93
:10216000634E05EBC9030C932F460DF15008DDE9D2
:102170000E23CDF80080F7E80201CDE90A23CDE96E
:1021800014ABFFF713FC002800F08F80DDE9143258
:10219000002A02DA5B4262EB4202C6E900320C9B83
:1021A000BB4206F10806E2D151484946FFF71CFC44
:1021B0000026002710AACDE91067FFF75AFD002876
:1021C0006FD0DDE910014B4B83424B4B8B41CDE986
:1021D000126766D340F2072612ABA0FB06070093F6
:1021E0006422002306FB0171FFF704FD002858D08C
:1021F000DDE912AB0D9B9A45099B9FED3B7B7BEB89
:1022000003034FF00007BCBFDDF834A0DDF824B0B5
:102210000697B846B946D5E9006114AB009330463D
:10222000DDE90A2309918DED147BFFF7BFFB08352B
:10223000099900283ED0DDE91432002A02DA5B4217
:1022400062EB42029A457BEB020244DB012E71F104
:10225000000334DBF343BB426FF00043A3EB010305
:1022600073EB08031DDBF619374641EB080809F14B
:1022700001090C9BAB42CED1069BC4E92239B9F1CE
:10228000000F0ED004F13803029314ABCDE9009394
:10229000059808993A464346FFF725FD08B1012302
:1022A000A37001232370002029E64FF0FF336FF065
:1022B000004272E74FF0FF336FF00042C2E756EA88
:1022C0000103D0D072424FF0004363EB0103974209
:1022D00078EB0303C6E7069B01330693C9E70120A9
:1022E0000EE600BFAFF30080000000000000000019
:1022F000880000205E77026D05233F00F0B51F4681
:102300000D4B054616460FCB8DB008AC84E80F0088
:10231000189B0693DDE91623CDE90423149B039350
:10232000139BCDE90143129B009332463B4628465E
:10233000FFF75AFD0DB0F0BDB4FF00082DE9F04FD6
:102340000022ADF5297D0023CDE91423CDE9162324
:1023500016AC022314AD00930294019501220023D0
:1023600064200021FFF7BFFC78B12B68159AA3F514
:10237000004313432ED12368179AA3F5C9031343CF
:102380000CBF012300230A9300E00A90022300936C
:10239000CDE901544FF0FF324FF0FF336FF063008F
:1023A0004FF0FF31FFF79FFCB0B12A68159BB3F1E6
:1023B000FF3F08BF12F5004F40F0A383179B226830
:1023C000B3F1FF3F08BF12F5C90F0CBF0123002373
:1023D0000B9302E00023D6E70B9001220023CDE906
:1023E000182300220023CDE9002318AC4FF4C802C3
:1023F0000023029410461946FFF7CEFC002840F057
:10240000828300230D93CB4BCB4E0FCB1DAD0DF52F
:10241000047885E80F0002214046FFF746FBC74BD2
:1024200084934FF47A714FF48263CDE98A1340F2BA
:10243000ED3040F2154321AFCDE9920340F2E33392
:1024400028A89E93C5F80C80FFF7C6F801233B70BF
:1024500028240223C7E90143C7E903331423C7E94A
:1024600005630022002360AE0024CDE90423CDE9FA
:102470000244CDE9007506966422002328A8FFF7E0
:10248000B3FC90BB347884B3B36D022B40F0588317
:10249000736D022B40F05483F46E002C40F0508397
:1024A000D6E91032643B13431FD1D6E91232653BA3
:1024B00013431AD1D6E90632134316D1D6E90832AE
:1024C000013B134311D1D6E90C32A3F5C9031343E1
:1024D00040F03683A79B012B40F032839F9CA4F5EC
:1024E000826BDBF1000444EB0B0404214046FFF750
:1024F000DCFA934B8493A3F1041385934FF47A7C15
:102500004FF48263CDE98AC34FF4876E4FF48C6336
:10251000CDE98CE340F2ED3940F21543CDE99293D9
:1025200040F23D4A40F26543CDE994A328A840F229
:10253000E3339E93FFF750F80423C7E902333B616E
:10254000002200234FF00009CDE90423CDE90299D0
:10255000CDE9007506966422002328A8FFF744FC05
:10256000002840F0EF82D6E90623B3F1FF3F08BF11
:1025700012F1040F40F0E982D6E90832043B13431C
:1025800040F0E382D6E91013D6E912029A4208BF5E
:1025900088420CBF01234B46089304214046FFF7B5
:1025A00084FA664B849303F1021385934FF47A7B8C
:1025B0004FF482634FF48762CDE98AB34FF48C63A2
:1025C000CDE98C2340F2ED3140F21543CDE9921371
:1025D00040F23D4040F26543CDE9940340F2E333DD
:1025E00028A89E934FF00009FEF7F6FF0022002373
:1025F000CDE90423CDE90299CDE900750696642260
:10260000002328A8FFF7F0FB002840F0A082D6E9BD
:102610000632134340F09E82D6E90832033B13434F
:1026200040F09882D6E91232D6E910105B1AA3F175
:10263000030362EB000213430CBF01234B460993D3
:1026400003214046FFF731FA6423ADF812326623C6
:102650004FF47A7CADF814324FF48263CDE98AC32B
:102660004FF487638C9340F2ED3940F21543CDE986
:10267000929340F23D430226949328A840F2E3331C
:102680008DF820629E9360AFFEF7A6FF4FF0000921
:1026900021AB032200200021CDE92422CDE9040151
:1026A000CDE90035CDE9029906976422002328A8D8
:1026B0002396FFF799FB0646002840F04D829DF8CF
:1026C0008131002B00F04A82769B032B15D1759B3C
:1026D000022B12D1779B012B0FD19DF88431022B55
:1026E0000BD1A79B022B08D19F9BB3F5826F04D11E
:1026F000A09EA6F587677E427E4103214046FFF7F4
:10270000D4F90E4B84936623ADF814324FF47A7BE0
:1027100040F26543CDE98AB34FF4916340F2ED3165
:102720008C9340F26A43CDE9921340F28D43949327
:1027300028A807E0C4FF0008A08601006400650027
:102740006400680040F2E3339E930DF5C079FEF714
:1027500043FF4FF0000A21AB032200200021CDE906
:102760000401CDE900352392CDE902AACDF81890F5
:102770006422002328A8FFF737FB0746002840F013
:10278000EF817B9B022B13D17C9B012B10D17D9B76
:10279000552B0DD1A79B022B0AD19F9BB3F5826FBE
:1027A00006D1A09FA7F5916ADAF1000747EB0A0767
:1027B00002214046FFF779F9BA4B84936FF00F0E70
:1027C0001023CDE98AE36FF00A081523CDE992833F
:1027D00028A86FF01F039E934FF02009FEF7FCFE20
:1027E0000222CDE9229221AB00200DF5C078002114
:1027F0004FF00009CDE92422CDE90401CDE90035EF
:10280000CDE90299CDF818804FF6FE72002328A872
:10281000FFF7EAFAB8B9809B252B40F0A3817B999A
:10282000002940F09F81DDE97032A3F57F43FE3B34
:10283000134340F09981DDE97232A3F10113134390
:1028400008BF4FF00109082184A8FFF72EF9964B25
:102850008493013B8593954B86930DF5097803F599
:102860008013879342464FF47A7342F8043F591D10
:102870002833B3F5A56F1162F7D140F2E33328A8EE
:102880009E932825FEF7A8FE0822CDE92252CDE925
:102890002422039230AA21AB0020002102920DF5E0
:1028A000C07A1DAACDE90032CDE90401CDF818A007
:1028B0006422002328A8FFF797FA0546002840F075
:1028C00055819DF88231002B00F05281819B082BAD
:1028D00015D1829B012B12D1839B072B0FD1DDE9F0
:1028E0006E32A3F5C803134309D1DDE96C32A3F5B9
:1028F000CB03A3F5C04313430CBF012500250821DA
:1029000084A8FFF7D2F84FF06413CDE9843386939F
:1029100003F58033879342464FF47A7342F8043FBD
:10292000591D2833B3F5A56F1162F7D140F2E33397
:1029300028A89E93FEF750FE00220023CDE9042331
:102940000823039340AB02931DAB0DF5C07A0193AE
:1029500021AB0093CDF818A06422002328A8FFF72C
:1029600043FA002840F006819DF882313BB1829BFA
:10297000012B40F00181839BD81F434243410C93BC
:10298000082184A8FFF791F84FF06413CDE9843350
:10299000869303F5803387934FF47A7348F8043FA6
:1029A0005A1D2833B3F5A56FC8F82020F6D10DF1D4
:1029B000A00840F2E33340469E93FEF70DFE092245
:1029C0000023CDE904230823039350AB02931DABEE
:1029D0000DF5C07B019321AB0093CDF818B06422B4
:1029E00000234046FFF700FA002840F0C7809DF81A
:1029F0008231002B00F0C280829B002B40F0C1800E
:102A0000839BA3F10801D1F1000A4AEB010A404679
:102A1000FEF7E2FD00220023CDE91A230DF1680B39
:102A20000A231A466421CDF800B04046FEF7E1FDC6
:102A3000B8F802300F93D8F808301293D8F80C3059
:102A40001393D8F810301093D8F814300E901193D7
:102A5000CDF800B00A231422C8214046FEF7C9FD74
:102A6000042840F09080B8F802300F9A934240F06A
:102A70008A80D8E90223DDE91210834208BF8A4226
:102A800040F08180D8F81030109A93427BD1D8F86A
:102A90001430119A934276D1D8F818305A1E534206
:102AA000534105E0FEFF010064006500640063001F
:102AB0000A9A002A69D00B9A002A68D00D9A002A37
:102AC00067D0002C67D0089A002A66D0099A002A9D
:102AD00065D0002E65D0002F65D0B9F1000F64D00D
:102AE0004DB10C9A12EA0A0505D00E9A002A14BFBD
:102AF000002503F0010505F001000DF5297DBDE875
:102B0000F08F002364E42368199A13437FF479ACAF
:102B10004FF480320023CDE9002302944FF4C80221
:102B200000234FF4C8000121FFF736F900283FF4D5
:102B300068AC2368199A13430CBF0123002361E496
:102B40000024D2E4CDF8209027E5089025E5CDF8C3
:102B5000249075E5099073E54E46CEE51E46CCE51A
:102B6000574625E681466EE689466CE60025C6E6B0
:102B70001D46C4E6002302E70C9001E74FF0000A6F
:102B800045E7824643E7002392E70A9DB3E70B9DA2
:102B9000B1E70D9DAFE72546ADE7089DABE7099D81
:102BA000A9E73546A7E73D46A5E74D46A3E700BFA1
:102BB0002DE9F04F2DED048BADF5217D1AA8FEF720
:102BC00088FFFEF7F1FB354A0346602128A80BF089
:102BD000BDFA5F28A8BF5F2082B228A932233048FF
:102BE00009F098F9FEF722FB0446FEF723FB0546A1
:102BF000FEF724FB0646FEF725FB2A4B0746D3F8D3
:102C00000080FEF7D1FB284A0095CDE903802346DA
:102C10004FF48071CDE9016760A80BF097FAFF28A7
:102C2000A8BFFF2082B232231D4860A909F072F9C3
:102C30001E481F4C012106F033FC00280CBF012563
:102C4000002503D123780BB9FEF7ECFA194825705B
:102C50004FF4804106F02FFCFEF7E6FA18B1C820C9
:102C600009F0DFFBE4E712AC234603224FF40041F6
:102C70001AA8FEF73BFF074610B3A37F0193637FBB
:102C800000930D4A0346602140A80BF05FFA3223FF
:102C900082B240A9024809F03DF9E0E7B401010819
:102CA0003804002000000020CF010108000002408D
:102CB000B302002000080240510201080000C8428F
:102CC00026885FED028A3046FEF772FBB6EE008A78
:102CD000F0EE487AE0EE287A11AD28461197FCEE26
:102CE000E77A17EE904AFEF775FB9DF844309DF8A1
:102CF00045209DF846109DF8475018B113B90AB900
:102D000001B9BDB1CDE903326422B4FBF2F302FB99
:102D10001344CDE90515CDE900349B4A02903346B2
:102D2000802140A80BF012FA322382B240A99748C2
:102D300009F0F0F8DFF87CB295499BF80040954A1D
:102D4000DFF87482DFF87492934DDFF874A2002CE0
:102D500040F0F4809FED8A7B01238BF800308F4B8D
:102D60000E8083ED007B8AED007B8D4B1460C8F8EC
:102D70000040C9F800402C601C60D8F80030A34225
:102D8000B8BFC8F800402046FDF7CCFBDAE90023C5
:102D900006460F46FDF77AFACAE90001DFF8FCA102
:102DA000CDE90E0132463B4630463946FDF724FC5C
:102DB000DAE90023FDF76AFA06460F46CAE900671A
:102DC000DFF8DCA1DAF8000001301828CAF80000AA
:102DD0007FF645AFFDF796FB02460B46CDE90C01A9
:102DE000DDE90E01FDF732FDDDE90C23CDE90E0131
:102DF00030463946FDF72AFDDDE90E2306460F462B
:102E000010461946FDF7F8FB02460B463046394698
:102E1000FDF73AFA02460B4643EC192B0022002339
:102E2000FDF77AFE002800F0A280B0EE490AF0EE2D
:102E3000690A0BF0E9FE57EC106BD9F80030D8F8AE
:102E40000000C01A2B6840F2DA22934200F392800D
:102E500004F6396841F6724398458CBF4FF000087C
:102E60004FF0010880B2FEF7A3FAB0EE489A4D4B3E
:102E7000002230463946A0EE289AFDF707FAFDF702
:102E80006BFE80B2FEF794FAF0EE487AE0EE287A14
:102E90002888BCEEC99AFCEEE77A17EE907AFEF726
:102EA00087FAF0EE487AE0EE287A002CA0B2B8BF9C
:102EB0004042FCEEE77AB8BF80B217EE909AFEF778
:102EC00077FAA0EE288A64233748B7FBF3F6FCEEC6
:102ED000C87A03FB1671354FCDF8288017EE90CADB
:102EE00030EA240028BF384619EE102ADAF80040EC
:102EF0000994B9FBF3F403FB1497B2FBF3F5CDE9A6
:102F00000747BCFBF3F403FB152203FB14C3CDE915
:102F10000310CDE90543CDE901260523244A009598
:102F2000802140A80BF012F9322382B240A9174841
:102F300008F0F0FF00238BF8003090E60C880E803C
:102F4000341B116823B2002B01FA84F4B8BF5B4232
:102F500014602A689BB29A4207DBD9F800309C4281
:102F6000BFF60BAFC9F8004007E72B60F5E7002676
:102F7000002762E74FF0000874E700BFAFF300805E
:102F80000000000000000000940201083804002046
:102F9000B0020020AC020020A0020020900200201D
:102FA000880200200000E03F70320108B2010108F1
:102FB000EC020108B2020020A8020020A4020020B6
:102FC000980200200268034B9A4201D105F082BDAD
:102FD000704700BF0020004007B572B6064C074896
:102FE0004FF4005106F067FA00230193019BA342BE
:102FF000F5D8019B0133F8E71FA107000008024044
:1030000010B594B0102200210AA80BF011F9142277
:10301000002103A80BF00CF91F4B002101911A6C41
:1030200042F080521A641B6C03F080530193019BA1
:103030001A4B02911A6842F480421A601B6803F42A
:1030400080430293029B01214FF480330224CDE997
:1030500008134FF48003CDE90E43A822042308A8E7
:10306000CDE91032CDE9124307F016F908B1FFF7A8
:10307000B3FF0F23CDE9033405904FF4A0524FF472
:103080008053052103A8CDE9062307F0E1FA0028C3
:10309000EDD114B010BD00BF0038024000700040F8
:1030A00080B5BAB000246D4D05F0FAFCFFF7A8FF1B
:1030B0001422002132A80BF0BBF802942B6B684855
:1030C00043F004032B632B6B03F004030293029B76
:1030D00003942B6B43F080032B632B6B03F0800373
:1030E0000393039B04942B6B43F001032B632B6B23
:1030F00003F001030493049B05942B6B43F002033C
:103100002B632B6B03F00203224605934EF207015B
:10311000059B06F0CBF9224652484FF4006106F0B9
:10312000C5F922465048402106F0C0F901264EF26A
:1031300007034B4832A9CDE93236CDE9344406F0D5
:10314000D7F84848349632A9CDE9326406F0D0F871
:103150004FF40063434832A9CDE93236CDE9344417
:1031600006F0C6F84023404832A9CDE93236CDE911
:10317000344406F0BDF800942B6B43F400132B632A
:103180002B6B03F400130093009B01942B6B43F40F
:1031900080032B632B6B03F48003224605210193EC
:1031A0000C20019B05F084FE0C2005F0B3FE2246A6
:1031B00005210E2005F07CFE0E2005F0ABFE224618
:1031C0000521102005F074FE102005F0A3FE224614
:1031D0000521112005F06CFE112005F09BFE224612
:1031E00005212F2005F064FE2F2005F093FE2246D6
:1031F0000521382005F05CFE382005F08BFE2246C4
:1032000005213A2005F054FE3A2005F083FE2246BF
:1032100005213B2005F04CFE3B2005F07BFE1022F3
:10322000214618A80BF004F8104A114B13604FF414
:103230008033C2E9013482F820400E4BD462D4605E
:1032400010460224166116769362D46182F83060CB
:10325000566105F051FC78B1FFF7BEFE0038024020
:10326000000802400000024000040240180800204C
:10327000002001400100000F0523C8481A9318A937
:10328000CDE9186605F070FD0028E5D1C348042695
:1032900018A9CDE9186405F067FD05460028DBD1C3
:1032A0000146102214A80AF0C3FF1C22294623A8B5
:1032B000CDE90A550AF0BCFF2022294632A80AF0BF
:1032C000B7FFB74CB74BA560C4E90035204640F6C0
:1032D0006A03C4E90335C4E905550AAF08F0E2F909
:1032E0000028B9D14FF4805314A92046149308F054
:1032F000B3FB0028B0D1204608F000FA0028ABD17B
:10330000CDE90A003946204608F0AEFC0246002806
:10331000A2D17023CDE92330CDE92500CDE92700E6
:10332000299023A9204608F071FA002894D132464A
:1033300023A9204608F06AFA00288DD1082223A983
:10334000204608F063FA002886D100234FF400528B
:1033500032A92046CDE93233CDE934333693379262
:10336000399308F0BFFC054600287FF475AF20466E
:1033700005F054F9102229460CA80AF059FF8A4C8E
:103380001022294610A8CDE908550AF051FF4FF048
:103390008043C4E9003520464FF0FF33C4E90335CC
:1033A00008AEA560A56108F07DF900287FF454AF50
:1033B0004FF480530CA920460C9308F04DFB0028D5
:1033C0007FF44AAF204608F0C5F900287FF444AFE7
:1033D000CDE908003146204608F046FC02460028A8
:1033E0007FF43AAF0123CDE911301090139010A96A
:1033F000204608F09BFA00287FF42EAF0223042217
:1034000010A92046CDE9103308F090FA03460028B1
:103410007FF422AF6548DFF8C8C1654A03624FF404
:103420008044C0E90233C0E90443C0E90633C0E97F
:1034300000C206F049F8034600287FF40DAF5D484E
:103440005D4F03614FF46122C0E900720C22C0E9B4
:103450000233C0E90523C36108F02EFD03460028AE
:103460007FF4FAAE5548564E564A0362C0E90062F0
:10347000C0E90233C0E90443C0E9063306F024F88A
:1034800000287FF4E9AE5049504B0B604FF4827036
:10349000002301220224C1E90103C1E90442CB60F7
:1034A0004FF4007518220B624B628B6208460A23A8
:1034B000C1E90652CB6207F08BFA054600287FF47B
:1034C000CBAE0146CDE906001C221CA80AF0B0FED6
:1034D000294620222AA80AF0ABFE3D4C3D49A560B2
:1034E0005323C4E90013204640F2E733C4E903350F
:1034F000C4E9055506AE08F001F900287FF4ACAE2A
:10350000CDE906003146204608F0AEFB0246002811
:103510007FF4A2AE6023CDE91C30CDE91E00CDE9D9
:10352000200022901CA9204608F070F900287FF4A2
:1035300093AECDE92A00CDE92C002E904FF4005334
:1035400031902AA920462F9308F0CCFB054600288D
:103550007FF482AE204605F061F81F481F4A0561DE
:103560004FF46123C0E900230C23C0E90255C0E9F0
:103570000535C56108F0A0FC044600287FF46CAE58
:10358000FEF700FAFEF75CF900283FF465AEFEF79F
:10359000D5FE00283FF460AE24E000BF18080020EC
:1035A0005005002000000140080500201007002001
:1035B000A086010038040020004800406407002075
:1035C00000540040801A06005806002000300140D8
:1035D000C0040020000401407C040020004400409E
:1035E0000058004000F01CF800F048F800283FF4B4
:1035F00033AE08F09DFE074A0748214608F0CBFE8F
:10360000064B1860FDF70CFE00283FF425AE08F0CD
:10361000A1FEFEE718380108B12B0008B402002013
:1036200008B500F0B3F90448044904F021FCBDE8F2
:1036300008400348FEF74DBA980800203C380108BE
:103640006008002000F046B900F054B900F062B9FB
:1036500008B5044804F004FCBDE808400248FEF741
:1036600038BA00BF980800206008002008B5FFF7AE
:10367000EFFFBDE8084000F081B9000070B52DED06
:10368000068B84B004F096FC00284AD0284C294DC3
:103690002046B0EE000A04F0FDFB0123B6EE000A5E
:1036A0007B202B706B6200F035F9FFF7DFFF94EDA4
:1036B00007AAD4ED089A94ED099AD4ED0A8A94EDFC
:1036C0000B8A2E786C6A01A800F086F9B5EE40AA44
:1036D000F1EE10FABDF80420DDED027A9DF80C3011
:1036E00023D1F5EE409AF1EE10FA1ED1B5EE409AD4
:1036F000F1EE10FA19D1F5EE408AF1EE10FA14D17C
:10370000B5EE408AF1EE10FA0FD176B96CB962B914
:10371000F5EE407AF1EE10FA07D183F0010000F0E7
:10372000010004B0BDEC068B70BD0020F7E700BFC0
:1037300098080020600800201FB50446D8B10F4B40
:10374000DA6902601A6A42605A6A82609A6ADB6ABF
:1037500003610B4BC2601A785B6A8361027501A832
:1037600000F03AF9BDF80430A383029B23629DF870
:103770000C3084F8243004B010BD00BF980800203D
:103780006008002030B52DED028B054689B0B0EE03
:10379000408AC8B31D486B4603224FF40051FEF720
:1037A000A5F9044628BBDDE90201FEF711FADFEDB9
:1037B000187A9FED187A30EE480AB4EEE70AF1EE77
:1037C00010FA1BDCDFED147A9FED127AB4EEE70AF3
:1037D000F1EE10FA15D4114885ED000A04F05AFBF9
:1037E000FDEEC07AB7EE000A17EE903A98B200F0FC
:1037F00091F8204609B0BDEC028B30BD30EE470A8F
:10380000DBE730EE070AE1E70124F2E76008002079
:10381000000034430000B443000034C39808002083
:1038200042F6AB23B0FBF3F202FB130080B2704709
:10383000062070470C20704708B5044804F0B0FB20
:10384000FDEEC07A17EE900A08BD00BF9808002070
:10385000004870477003010808B507EE900A9FED15
:10386000197AF8EEE77A2DED028B67EE877AB0EEE3
:10387000408A9FED150A87EE800A0BF055FAF6EEA6
:10388000007AE0EE277A67EE887AF5EEC07AF1EEFC
:1038900010FA14D4B7EE000AF4EEC07AF1EE10FA82
:1038A000D8BFB0EE670ADFED097A20EE270ABDEC3B
:1038B000028BBCEEC00A10EE103A98B208BD9FED24
:1038C000040AF0E7DB0FC94000AC2A4600A0064519
:1038D0000000000008B5012204484FF4006105F023
:1038E000E5FD034B01221A7208BD00BF0000024033
:1038F000C808002008B5002204484FF4006105F014
:10390000D5FD034B00221A7208BD00BF0000024023
:10391000C808002070B542F6AB250446B0FBF5F0B0
:1039200005FB10402DED028B80B2B0EE408AFFF710
:1039300093FF104B1E6804F63963B0EE480A7063BB
:10394000B3FBF5F005FB1030FFF786FF04F5E353FA
:103950001233B063B0EE480AB3FBF5F005FB10304C
:10396000FFF77AFF044BF06383ED018ABDEC028B15
:103970001C8070BD50050020C80800209FED020A81
:103980000020FFF7C7BF00BF0000000008B5FFF729
:10399000B1FF012211460E4805F088FD0C480022B7
:1039A000022105F083FD00220948042105F07EFD77
:1039B0000021084808F056F90421064808F052F999
:1039C0000448082108F04EF9BDE80840FFF7D6BFCB
:1039D0000008024050050020034618B1024A07CAF9
:1039E00083E80700704700BFC8080020164B17483F
:1039F000D3F8101AD3F8142AD3F8183A814207D111
:103A000013498A4202D1134A93421BD000207047C7
:103A10001148814207D10E498A42F7D10D4A93429B
:103A2000F4D1012309E00D488142EFD10C498A42CB
:103A3000ECD10C4A9342E9D102230B481C2202FB31
:103A4000030070470023F8E70070FF1F27003C00C9
:103A500004473432353535382C0025003A004C0007
:103A60000B513430393336312C39010809289ABFCB
:103A7000024B53F820000248704700BFAC380108E1
:103A8000840301080346B0B3D0ED007AF5EE407A26
:103A9000F1EE10FA2FD1D0ED017AF5EE407AF1EE89
:103AA00010FA28D1D0ED027AF5EE407AF1EE10FA54
:103AB00021D1D0ED037AF5EE407AF1EE10FA1AD169
:103AC000D0ED047AF5EE407AF1EE10FA13D1027DD2
:103AD0008AB9806978B99A8B52B9D3ED087AF5EE34
:103AE000407AF1EE10FA06D193F8240080F001003C
:103AF00000F0010070470020FAE700000FB400B5A5
:103B0000ADF2747D0DF5EF6340F26C7153F8042B48
:103B1000009301A80AF07EFB021E0ADD40F26B73DF
:103B20009A4228BF1A460648C82392B201A908F053
:103B3000F1F90DF2747D5DF804EB04B0704700BF3D
:103B4000380400200FB400B5A3B024AB802153F893
:103B5000042B019302A80AF05DFB021E08DD802AF7
:103B600028BF7F220548642392B202A908F0D2F947
:103B700023B05DF804EB04B0704700BF38040020A8
:103B800073B5034600250846012611460A22013571
:103B9000AB4202FB06F6FAD107EE906AB5EEC00A18
:103BA000F1EE10FAF8EEE76A4CBFB1EE407AB0EEF3
:103BB000407AF6EE007AE6EE877AB5EEC00AFDEEC0
:103BC000E77AF1EE10FA17EE904A94FBF6F306FB53
:103BD0001344CDE9005407D553EA040204D0034A44
:103BE0000AF0B4FA02B070BD014AF9E78C0301088B
:103BF0008D0301082DE9F04F8FB09B469DF8603092
:103C0000199C03920293824680B17CB14722002125
:103C1000601C0AF00DFB0322227006AB40F21D71FE
:103C20005046FDF763FF064628B16070032528461D
:103C30000FB0BDE8F08F06AF0FCF04F108050FC538
:103C400097E80F0085E80F000123A362DDE90878FB
:103C500004F04CFFB1460190012008F0E2FB06ABF6
:103C6000032240F21D715046FDF740FF054630B17A
:103C7000032360702370D9E71F469046ECE70DF1EF
:103C8000180EBEE80F0004F1080CACE80F009EE827
:103C90000F008CE80F00A36A0133A362DDE908324C
:103CA000DF1B62EB0808B8F1000F02DA7F4268EB15
:103CB00048080399B3EB010C029962EB0B00C4E9CD
:103CC0000EC079B30028614602DA494260EB400039
:103CD00040F28F3C614570F1000034BF01210021AA
:103CE0000A2F78F1000821D209F10109E1B101366A
:103CF000E06A4845206B38BFC4F82C90B04200D22F
:103D00002663E06A84F84110072894BF0020012050
:103D1000082E84F840000DD1012384F8423000239E
:103D2000237084E70121DBE70E46E1E74FF000094D
:103D30004E46E6E7CDE9043204F0D8FE019BC01AF6
:103D40006328DDE9043297D9002384F8423094F8DF
:103D500040302BB194F8413013B90225257066E745
:103D60000125FBE72DE9F0412DED0A8B9FED3E9AF1
:103D70009FED3EBADFED3EBA9FED3ECA0D46F0EE36
:103D800040AA16461C4680460027B0EE498AB0EE8F
:103D900049AAAF4212DB002D267033DCDFED327A08
:103DA00084ED01AA84ED02AA84ED03AA0023BDECF0
:103DB0000A8BC4ED047A2375BDE8F08107EE907A92
:103DC000B8EEE77AF8EC018A27EE0B7A78EEEA8A09
:103DD000C7EE0B7A013767EEAB7AC7EE8C9A07EE27
:103DE000906AF8EEE77A69EEA79AB0EE690A0AF0EF
:103DF00063FFA0EE288AB0EE690A0AF095FFA0EEF4
:103E0000289AC6E707EE905AF8EEE77AB0EE007A05
:103E1000C7EE278A28EE888A68EE898A84ED018AAF
:103E200028EEA80AC4ED028AA8EE080A0AF022FFCA
:103E3000F0EE480AB0EE409A84ED030AB0EE680A4C
:103E40000AF016FFDFED0B7A9FED097A20EE270AC4
:103E5000C0EE077A9FED087AB4EEC79AF1EE10FA39
:103E6000ACBF01230023A2E7000000000000B44320
:103E7000DB0F494000003443CDCC4C3D036A10B504
:103E80000C681C1B1368234413604C68436A1C1B9A
:103E90005368234453608C68836A1C1B93682344D3
:103EA0009360CC68C36A1C1BD3682344D3600C693D
:103EB000036B49691C1B136923441361436B591A33
:103EC00053690B44536110BD06EE902A07EE103A79
:103ED000F8EEE66AB8EEC77ABAEE0E6AC6EE877AF0
:103EE000091AF1EE086AA7EEA66AF2EE046AE7EE96
:103EF000866A27EEA77A27EE277A07EE901A27EE32
:103F0000267A06EE900AF8EEE77AB8EEE60AA7EE11
:103F1000270A0AF043BF2DE9F047002986B00E4674
:103F200090460F4602DA404261EB41070546EA46F9
:103F30000024E946284639460A220023FCF7DAFF26
:103F4000AC4630320AF8012BBCF10A0F3A4672F146
:103F500000022346054604F101040F4602D3172C44
:103F6000E8D11623002E09DA172C07D004F1180225
:103F70000DEB02042D2204F8182C9C1C09EB040202
:103F800008F1FF31012312F8010D01F8010F9C42E5
:103F900003D00133182BF6D11724002308F804307E
:103FA00006B0BDE8F0872DE9F04F002487B08946C0
:103FB00016461470A0F1080725464FF07C0AA34668
:103FC0004C4502D107B0BDE8F08FF7E902016A461F
:103FD000FFF7A1FF6846FCF7FBF8002C0CBF2B464F
:103FE0006B1C0344B3F5806FECD214B106F805A046
:103FF00001356846FCF7ECF88046024670194544E6
:1040000069460AF0AFF9013406F805B0D8E70000B8
:10401000384B0022F0B583F8B020C3F8A820002860
:1040200061D0D0E90862D0E90A54D0E90C10C3E9A4
:10403000AF62D3F8EC72D3F8D4223A44D3F81877AD
:104040003A44D3F830773A44D3F848773A44B61A2A
:10405000C3F8A862D3F8DC22D3F8F4623244D3F870
:1040600020673244D3F838673244D3F8506732447B
:10407000C3E9B154AD1AC3F8AC52D3F8E022D3F877
:10408000F8522A44D3F824572A44D3F83C572A44F8
:10409000D3F854572A44A41AC3F8B042D3F8E42200
:1040A000D3F8FC422244D3F828472244D3F84047AF
:1040B0002244D3F858472244C3E9B310891AC3F8FD
:1040C000B412D3F8E822D3F800130A44D3F82C171B
:1040D0000A44D3F844170A44D3F85C170A44801AF8
:1040E000C3F8B802F0BD014604460546024606463E
:1040F0009DE700BFD81000202DE9F043002900F013
:10410000AB805B4BD3F89443002C00F0A5800125D5
:1041100083F82953D3F83053D1F858C0D3F840630B
:10412000D1F85CE0D1F86080D1F86490CF6E0135B1
:10413000C3F83053D3F83C536544C3F83C534D6D3A
:104140002E44C3F84063D3F844637644C3F8446311
:10415000D3F848634644C3F84863D3F84C634E44ED
:10416000C3F84C63D3F854633E44C3F854630F6FF1
:10417000D3F858633E44C3F858634F6FD3F85C6379
:10418000B74288BFC3F85C73D3F860638F6EB742E1
:1041900088BFC3F8607304EB800707F580578E6F04
:1041A000C7F84067D1F88060C7F8106DBCF1FF0F09
:1041B00004EB000642F2C85728BF4FF0FF0C06F888
:1041C00007C0FF2D42F23C7728BFFF25F555BEF111
:1041D000FF0F42F6B00528BF4FF0FF0E06F805E0CE
:1041E000B8F1FF0F42F6242528BF4FF0FF0806F86C
:1041F0000580B9F1FF0F42F6983528BF4FF0FF094F
:1042000006F8059042F60C5572554ABB0D783DB341
:10421000D1E90C6704EBC004C4E9006708B9C3E93D
:10422000DA67D3F834230132C3F834238B789BB197
:10423000A0B1B0F5B47F0FD10E4B01221A70D1F8A6
:1042400084205A60D1F888209A60D1F88C20DA60F6
:10425000D1E90E01C3E90401BDE8F083064BECE7A8
:10426000D3F8501383F82C230131C3F85013F3E72C
:10427000D810002088140020701400202DE9F74F7A
:10428000DFF890B0002906461746A7BF4FF0010A95
:1042900088244FF0FF3A642408F076F8DBF87C328B
:1042A00001338146CBF87C320125082C3068A046CA
:1042B00028BF4FF008080AFB08003060B7EE000A7C
:1042C00080B2FFF7C3F909EB0503019308F05CF82E
:1042D000019B1A1A002A0DDD184608F0AEF8B4EB5F
:1042E000080405F1010303D13D6003B0BDE8F08F80
:1042F0001D46DAE7C31A002BF1DDDBF88422013218
:10430000CBF88422DBF88822934288BFCBF888322E
:10431000E5E700BFD81000200E4A30B50121151F77
:10432000814200DB30BDD2ED007A4B1E144634EDE5
:10433000017AF4EEC77AF1EE10FA03D5013B84ED71
:10434000017AF4D205EB8303C3ED017A0131043223
:10435000E6E700BF0C0B0020084B0022C0B293F828
:10436000C810814206D001320C2A03F11803F6D19D
:104370000020704703F1C800704700BFD81000202C
:104380002DE9F04788462DED0A8B0446F0EE409A61
:10439000002852D0DFF8C090DFED2B8ADFED2BAA8A
:1043A0009FED2BBADFED2BBA0027561807EE907A57
:1043B000B8EEE77AC24627EE2A7AB0EE699AC7EEDF
:1043C0002A7A67EE8B7A87EEABCA1AF8010BFFF7F1
:1043D000C3FF0546D0B1037808EE103AB8EE488A1C
:1043E00028EE0C8AB0EE480A0AF066FCB0EE40AA4D
:1043F000B0EE480A0AF098FCD5ED027A95ED017A04
:1044000060EE277AE7EE0A7A39EE279A5645DCD134
:10441000F9EC017A013777EEC97ABC42E7EEA78A58
:10442000C4D107EE904AB8EEE70A88EE800ABDECE8
:104430000A8BBDE8F0470AF01DBCBDEC0A8B9FED6E
:10444000020ABDE8F08700BF000000000000B4438E
:10445000DB0F494000003443181F00202DE9F047CE
:1044600015462DED0C8B0E46142200211F460446E6
:10447000F0EE40BAF0EE60AA09F0DAFE07EB0508AC
:10448000A94619F801AB5046FFF766FF30B94E4B0D
:104490002361BDEC0C8B2046BDE8F087B6EB4A0FDC
:1044A00001D84A4BF4E7C145EBD13A462946B0EE74
:1044B0006B0A3046FFF764FF9FED45BA9FED458AD2
:1044C000DFED45CA9FED45DAF0EE409A002707EE92
:1044D000907AB8EEE7AAA9462AEE2CAAF0EE6B8AEB
:1044E0002AEE0DAA19F8010BFFF736FF0646D0B1E8
:1044F000037809EE103AB8EE499A29EE0A9AB0EE1E
:10450000490A0AF0D9FBB0EE40CAB0EE490A0AF0F7
:104510000BFCD6ED027A96ED017A60EE277AE7EE93
:104520000C7A78EEA78AC845DCD1F4EEC88AF1EEA1
:1045300010FAB4EEE8BAC8BFB0EE688A0137F1EEFF
:1045400010FAC8BFB0EE68BAB7F5805FBFD1DFED33
:10455000247AF4EEE7AAF1EE10FA38EE4B8A2FDD5A
:1045600089EEAA7AF7EE007AE7EE477A9FED1D7A98
:10457000F0EEE76AF4EE476AF1EE10FA06D89FED26
:104580001A7AF4EEC77AF1EE10FA05D5174BC4ED9E
:10459000009A84ED018A7BE79FED157AB4EEE77A05
:1045A000F1EE10FAC8BFF0EE477A0123237301231E
:1045B000C4ED009A84ED018AC4ED027A637368E762
:1045C000DFED0B7A0023F1E797030108AA03010846
:1045D000286B6E4E286B6ECEDB0FC9400000803911
:1045E000BD378635FFFF7F7F6F1283BABE03010898
:1045F00000000000B5EEC00AF1EE10FADFED126A1D
:104600004CBFB1EE407AB0EE407AF6EE007AE7EEBB
:10461000267A07B5FDEEE77A642117EE902AB5EE0B
:10462000C00A92FBF1F3F1EE10FA01FB13220092A3
:1046300008D553EA020105D0044A102109F086FD8D
:1046400003B000BD024AF8E70000C842D1030108E8
:10465000D20301082DE9F04F91B01F469DF86C3050
:1046600007930B684B4C02939342CCBF4FF0FF3340
:104670000123059306900491934607F085FED4F834
:104680007C32DDF868904FF0000801330546C4F82D
:104690007C32CDF804800126CDF80C8002982823C6
:1046A00032465946FFF710FCDDF80CA0049BB7EE2C
:1046B000000A186080B2FEF7C9FF08AB0698032213
:1046C00040F21D71FDF712FAD4F880320133C4F8BC
:1046D000803298B107B13E6011B0BDE8F08F401B49
:1046E000002847DDD4F884320133C4F88432D4F88A
:1046F0008832984288BFC4F888023BE0BAF1000FC4
:104700001FD00A9B01990B9AB3EB080362EB0102DD
:104710000599012911D113F1090F72F1FF3210DA55
:104720005B42D4F88C220132C4F88C22D4F8902257
:104730009A4238BFC4F8903203E00A2B72F10002AB
:10474000EFDADDE90A8301931A9B3BB1079BB34281
:1047500022BF019BC9F80080C9F804300136292E18
:1047600012D007F011FE01352B1A002BB7DD2846B9
:1047700007F063FE4FF0010A282E09F10809CDF871
:104780000CA08BD1584691E7002FA5D028233B6081
:10479000A2E700BFD81000202DE9F04FAFB01F9066
:1047A000FFF724F90546002800F08680D0F80CA019
:1047B0000125FFF71BF9044600B1103421A8FCF7CE
:1047C00057FF00287BD19DF88460002E78D02146C9
:1047D00021A8FCF7F5FF012607463846FDF724F827
:1047E000032F9CBF3B4B33F917803B4BD3F8102A68
:1047F0001B9288BF4FF4FF78D3F8142AD3F8183AE5
:104800001D93002CB8FA88F714BF012300238146BA
:104810004FEA57171C921E9354D02388A178E07852
:1048200094F804C094F805E01A93A379A468BDF83D
:10483000AEB0CDF85CB09DF88CB0CDF858B09DF816
:104840008BB0CDF854B09DF88AB0CDF850B0CDE91A
:104850000EE39DF889B01A9BCDF84CB09DF888B056
:10486000CDF848B0CDE90993BDF886B01E9B2C9ACF
:104870001892CDE90C0C0B91CDE9104BCDE90773E3
:10488000CDE90567CDE903A51D9B02931C9B019310
:104890001B9B0093114A124B1F991248FFF72EF9E8
:1048A000B8F1000F04D010484A464146FFF74AF9D4
:1048B00038462FB0BDE8F08FDFF830A079E700264A
:1048C00001278AE72346A646A446204621461A9495
:1048D000ADE700BF583801080070FF1FFD03010855
:1048E000E80301080A0401085D060108DC03010869
:1048F0002DE9F04F2DED028BC14CC24A217BC24BFA
:10490000ADF6FC7D002908BF1A464A92FFF76EF803
:10491000002801F08281C36849934FF0010B94EDA8
:104920002E0A64A8FFF766FE94ED040A1422ECA98F
:104930000520FFF725F994ED050A1422F1A90520B9
:10494000FFF71EF994ED060A18220DF5A861032061
:10495000FFF716F994ED070A14220DF58061052082
:10496000FFF70EF994ED080A14220DF21441052008
:10497000FFF706F994ED0E0A1422F6A90520FFF7B9
:10498000FFF894ED0F0A1422FBA90520FFF7F8F8B1
:1049900094ED100A18220DF5AB610320FFF7F0F833
:1049A00094ED110A14220DF585610520FFF7E8F852
:1049B00094ED120A14220DF23C410520FFF7E0F8B5
:1049C00094ED0C0A14220DF58A610320FFF7D8F844
:1049D00094ED160A14220DF264410320FFF7D0F87B
:1049E00094ED1B0A14220DF58F610520FFF7C8F81E
:1049F00014220DF28C4194ED1C0A0520FFF7C0F83B
:104A0000824B94F8EC16824A002918BF1A4694F893
:104A10008F304E92002B01F005817E4968A809F085
:104A200099FC7C496CA809F095FC7A4962A809F0C8
:104A300091FC94F8A430002B01F00B81D4F8A03045
:104A4000754A102170A809F081FB94F88C30002B76
:104A500041F0058194F88E30704D002B01F00381F8
:104A60006A4E6F4B94F8A402D3F8102A4C92D3F8F4
:104A7000142AD3F8183A4F93B4F830325093B4F85C
:104A800032325193B4F83432529363685393A3682B
:104A9000549394F82833559394F8C8334D92569311
:104AA000D4E92A23579394F8B030589394F8783285
:104AB0005993FEF7DBFFD4F8A8325B93D4F8AC32FD
:104AC0005C93D4F8B0325D93D4F8B4325E93D4F8EA
:104AD000B8325F93D4F804336093002AD4F80833D3
:104AE000B4F8B2705A90619341F3C080D4F80C13BB
:104AF000D4F81003A1EB020EDEF1000343EB0E032A
:104B00004B93D4F81433474CA0EB0208D8F10000C3
:104B1000A3EB020940EB0800B4F810C4D9F100037C
:104B200043EB0903364C94F80D8094F80E9094F8FA
:104B30006040032C96BFDFF80CE1DFF8FCE05EF884
:104B400024E070AC469462AC45946CAC449468AC80
:104B500043942B4CD4F89C10429194F88FA0CDF83C
:104B600004A1DFF8E4A0CDE93F6A94F88D60CDE9B7
:104B70003D562D4D3C95D4F888503B95D4F8845043
:104B80003A95D4F880503995E56F3895A56E3795EC
:104B9000656ECDE935E5CDE93389CDE92D034B9B34
:104BA0002C93619B2B9340F28E300923CDE9293061
:104BB0001E4B2893609B27931D4B26935F9B259349
:104BC0005E9B24935D9B23935C9B22935B9B194D7F
:104BD00021935A9B2093599B1F93CDE931C5589B34
:104BE0001E9364ADCDE92F75579B134D1348CDE946
:104BF0001C23084A1992124A18924E9A179225E0DD
:104C0000D810002092060108930601089737010882
:104C100080370108A3060108B8060108A6060108A6
:104C20000070FF1FD82000201F0D0108500D010843
:104C3000680D0108360D010884030108BF0601084C
:104C4000D70001089C3801080E0D0108B84A1692D9
:104C5000B84A1592569A1492B74A1392559A1292DC
:104C6000B64A1192B64A1092B64A0F924A9A0E92DA
:104C7000549A0D92539A0C92529A0B9206220A92CF
:104C8000519A0992509A00234FF4B476CDE91A361E
:104C9000CDE90732AC4B0693499B03934F9B02939C
:104CA0004D9B01934C9BA94A0093CDE904B5A84BB9
:104CB0000521FEF723FFB727B623CDE90237A54B21
:104CC00001960093D4E901230521A348FEF716FFBE
:104CD000D4E90167FEF7BCFDD4F890320F93D4F805
:104CE0008C320E93D4F888320D93D4F884320C931E
:104CF000D4F880320B93D4F87C320A93D4F89C32E7
:104D00000993D4F898320893D4F8943207934FF06B
:104D1000280C0123CDE9053C904B03934A9B04905A
:104D2000CDE90153499B8E48009332463B4605210D
:104D3000FEF7E4FED4E9012394F860B04B93BBF195
:104D4000030F236D98BF874D4C93A36F94F834C025
:104D5000A17B94F82400A66A94F84CE094F80D80A6
:104D6000A78D94F85CA0B4F8549098BF55F82B50D8
:104D700020930DF28C4B636FCDF878B00DF58F6BEF
:104D8000CDF874B01F93A36E1C93636ECDF864A02E
:104D9000CDE91A534C9BDFF8F0A10DF26445CDE943
:104DA00017950DF23C45CDE915E3CDE90B061495B9
:104DB0000DF214400DF5856513950A900DF5AB6560
:104DC0000DF5806012950990FBAD0DF5A860119569
:104DD0000890F6ADF1A8CDE90FC54A9B07900DF5F7
:104DE0008A65ECA8CDE90510CDE90D755E495F4DEA
:104DF0000293499B5E4803910195009305214B9BCB
:104E0000CDF81080FEF77AFE44F6206340F21D7262
:104E1000CDE9093202216023CDE907314023069311
:104E2000544B0593544B0493544B0393424B5448B7
:104E3000CDE90153499B0093D4E901230521FEF7F5
:104E40005DFEAAF2CE534D934E4B4B93AAF2CE5633
:104E5000B4234FF0000B4C935D46A6F56464D4F880
:104E6000A8309D42C0F236870DF5AE62D4E9C80184
:104E7000FFF751F8D4E9C801FCF7AAFE0DF59461DB
:104E800005201422FEF77CFE63684B93A3684C93C5
:104E9000D4F804334F93D4F8BC325093D4F8C032D2
:104EA0005193D4F8C4325293D4F8C8325393D4F8FF
:104EB000CC325493D4F8D0325593D4F8D43256939C
:104EC000D4F8D8325793D4F8DC325893D4F8E0327F
:104ED0005993D4F8E4325A93D4F8E8325B93D4F877
:104EE000EC325C93D4F8F0325D93D4F8A830002B08
:104EF000D4E9BD67D4E9BFCED4E9C281D4E9C40501
:104F0000D4E9C69A41F33280A1EB030BDBF1000434
:104F100044EB0B04A0EB030BDBF1000242EB0B02B2
:104F2000A5EB030BDBF1000343EB0B032EE000BF0B
:104F3000790D01089F0D0108AF0D0108C00D010892
:104F4000CC0D0108EA0D0108060E0108FD03010859
:104F5000E8030108B50E01080C0E010874100108E1
:104F6000D20E01089C380108360D0108840301089F
:104F70008E100108DD140108E7140108FD14010872
:104F80009D13010857360020E62400200DF5946B90
:104F9000CDF888B00DF5AE6BCDE9203B5D9B13934A
:104FA0005C9B12935B9B11935A9B1093599B0F939D
:104FB000589B0E93579B0D93569B0C93559BCDE995
:104FC0001E42CDE91A05CDE91881CDE91467CDE976
:104FD0001C9ACDE916CE0B93549B0A93539B0993CD
:104FE000529B0893519B0793509B06934F9B0593AD
:104FF000C74B0493C74B03934A9B0293C64B019341
:10500000499B0093C548C64EDDE94B230521FEF7B9
:1050100075FD00250DF5CF692F4634460DF5E7687F
:1050200096ED350A102249460420FEF7A9FD96EDBB
:10503000360A102208EB07110420FEF7A1FD96F8AE
:10504000DC3013B10123BB401D4301370C2F06F1A7
:10505000180609F11009E3D194ED7D0A102274A914
:105060000420FEF78DFD94ED7E0A102278A904201D
:10507000FEF786FD94ED830A10227CA90420FEF73A
:105080007FFD94ED840A102280A90420FEF778FDAC
:1050900094ED890A102284A90420FEF771FD94ED95
:1050A0008A0A102288A90420FEF76AFD94F81432B7
:1050B00094F8FC2194ED300A5B0343EA02332B435E
:1050C00010228CA904204B93FEF75AFD94ED310A6F
:1050D000102290A90420FEF753FD94ED900A1022AF
:1050E00094A90420FEF74CFD94ED910A102298A992
:1050F0000420FEF745FD94ED920A10229CA904209D
:10510000FEF73EFD94ED930A1022A0A90420FEF7BD
:1051100037FD94ED940A1022A4A90420FEF730FD77
:1051200094ED960A1022A8A90420FEF729FD94ED1B
:10513000970A1022ACA90420FEF722FD0DF5347861
:1051400094ED980A1022B0A90420FEF719FD0DF580
:105150003879414694ED9A0A10220420FEF710FD9A
:105160000DF53C7A494694ED9B0A10220420FEF787
:1051700007FD0DF5407B94ED9C0A1022514604205A
:10518000FEF7FEFCC4AD94ED9D0A102259460420A2
:10519000FEF7F6FCC8AE294694ED8E0A10220420D4
:1051A000FEF7EEFC314694ED8F0A10220420FEF744
:1051B000E7FC5C4BCCAF93ED000A3946102204208B
:1051C000FEF7DEFC574B93ED000AF6EE007A20EE78
:1051D000270AD0A910220420FEF7D2FCD4F8A0326E
:1051E000CDF8F4A0CDE93EB394F87832CDF8E8805C
:1051F000CDE93B93D0A9B0ABCDE938713793ACABD7
:105200003693A8AB359394F864323493A4AB3393BC
:10521000A0AB32939CAB319398AB309394AB2F936C
:1052200094F854322C95CDE92D6394F837322B93B2
:105230004B9B2A9394F83632299388AB289384ABFE
:105240002793B4F83432269306232593B4F83232E8
:105250002493B4F83032239380AB22937CAB219318
:1052600078AB209374AB1F930DF5FD631E930DF582
:10527000FB631D930DF5F9631C930DF5F7631B9309
:105280000DF5F5631A930DF5F36319930DF5F163BD
:1052900018930DF5EF6317930DF5ED6316930DF568
:1052A000EB6315930DF5E96314930DF5E763139321
:1052B0000DF5E56312930DF5E36311930DF5E163CD
:1052C00010930DF5DF630F930DF5DD630E930DF570
:1052D000DB630D930DF5D9630C930DF5D7630B9339
:1052E0000DF5D5630A930DF5D36309930DF5D163DD
:1052F00008930DF5CF63079390AB06938CAB0593A2
:10530000D4F8AC300493D4F8A83003930CE000BF79
:10531000680D0108500D010884030108BB1601083F
:10532000D8100020041F00204A9B0293C54B019314
:10533000499B0093D4E90123C34805210DF2B445EC
:10534000FEF7DCFB0DF5996694EDDE0A1422294682
:105350000520FEF715FC0DF2DC4794EDDF0A142260
:1053600031460520FEF70CFC0DF59E6894EDE00A31
:10537000142239460520FEF703FC0DF2045994ED82
:10538000E10A142241460520FEF7FAFB94EDE20AF9
:10539000142249460520FEF7F3FB94EDE30A14229C
:1053A0000DF5A3610520FEF7EBFB94EDE40A142252
:1053B0000DF22C510520FEF7E3FBD4F83433002B1B
:1053C00040F3D985D4E9DA010DF5B162FEF7A3FD0A
:1053D0000DF5B76200200021FEF79DFD9B4C94F86F
:1053E0002A33002B00F0D385D4E9DC010DF5B4623B
:1053F000FEF791FD4E9B1E93954B1D93D4F864339D
:105400001C93D4F860331B93D4F85C331A93D4F80C
:1054100058331993D4F854331893D4F8503317935E
:10542000D4F84C331693D4F848331593D4F8443356
:105430001493D4F840331393D4F83C331293D4F834
:1054400034331193D4F8303310930DF22C530F935F
:105450000DF5A3630E9394F82B337E48CDE90C939E
:105460000DF5B4630B930DF5B7630A930DF5B163B6
:10547000CDE90883CDE906670595D4F83833049360
:1054800094F82A330393744B02936E4B0193499B18
:105490000093D4E901230521FEF730FBD4F89433BF
:1054A000002B40F091856D4DDFF8CC9105F54078EB
:1054B000A5F5767A2B78002B00F0A5806B78002B71
:1054C00000F0EE85D5E918010DF5C962FEF723FD60
:1054D000D5E906010DF5CC62FEF71DFDD5E9080101
:1054E0000DF5FF62FEF717FD0DF6F832D5E90A015A
:1054F000FEF711FDD5E90601FBF750F8584B0022E5
:10550000FBF77AF8574B0022FBF776F8FBF744FBE2
:10551000142200EE100A0DF5C0610520FEF730FBE5
:10552000D5E90801FCF754FB14220DF5C3610520F1
:10553000FEF726FBD5E90A01FCF74AFB14220DF51C
:10554000C6610520FEF71CFBDAE901234B93D9F86D
:10555000003055932B694C936B684E93AB684F9317
:10556000EB685093D5E923735193D5F89430529357
:10557000D5F89C30A8785393D5F898305493FEF71B
:1055800075FA6B78D5F8A0B0D5E92161CDE919039A
:10559000549B3548CDE917B3539B1693529B1593F3
:1055A000519BCDE913730DF5C663CDE91116109328
:1055B0000DF6F8330F930DF5C3630E930DF5FF63EE
:1055C0000D930DF5C0630C930DF5CC630B930DF5A6
:1055D000C9630A93509B09934F9B08934E9B079373
:1055E0004C9B06934FF4B4730593559B04931F4B48
:1055F00003934A9B0293134B0193499B009305210C
:105600004B9BFEF77BFAC035A84509F104097FF4EE
:1056100051AF0E4B93F8C85393F8CA63D3F8D473C1
:1056200093F8CC03002D00F06085002E00F060851B
:10563000042F40F05D850E490E4B002818BF194617
:105640001CE000BF840301080A1A0108D8100020DA
:10565000790D01081D1F0108AF0D0108B0140020CD
:10566000008076400000F03DAA2201089F0D01084D
:105670002537010823370108D4380108FEF7F6F969
:10568000D4E90128D4F8D093CDE90B0194F8CB33B9
:10569000CDF82090CDE909730423CDE9066394F891
:1056A000C933CB48CDE90453CA4B03934A9BCA4D37
:1056B0000293CA4B0193499B00932E464346052112
:1056C000FEF71CFAF6E804010DF5BA62FEF723FCBA
:1056D00056E902010DF5BD62FEF71DFCD6E9000199
:1056E0000DF5C062FEF717FCD5E906010DF5C362A2
:1056F000FEF711FCD5E908010DF5C662FEF70BFCBB
:10570000D5E9C8010DF5C962FEF705FCD5E9CE0162
:105710000DF5CC62FEF7FFFBD5E9D4010DF5FF6274
:10572000FEF7F9FBD5E9D6010DF6F832FEF7F3FBEB
:1057300094F8D83662684B92A2684C925A1ED2F105
:10574000000A4AEB020A052B96BFA54AA34852F865
:105750002300A44B93F8082AD3F824BAD3F83C8A40
:1057600093F850EA93F8515A042A96BF9E499B4EEB
:1057700051F82260D3F80C2A4E9293F8202A042A7A
:1057800096BF9949DFF854C251F822C0D3F8382A9D
:105790004F9293F8D926002A00F0AD8493F8DC36B6
:1057A000032B00F2AB84914A52F823308D4991F8D3
:1057B000DA26002A00F0A58491F8DD26032A00F2FB
:1057C000A3848A4C54F8222091F8DB46002C00F088
:1057D0009E8491F8DE16032900F29C84834C54F8D1
:1057E00021100DF5C66429940DF5C36428940DF5B8
:1057F000C06427940DF5BD6426940DF5BA69794C03
:10580000CDF8949094F8EC76249794F8EB7623975F
:1058100094F8EA76229794F8E876219794F8E97656
:105820002097D4F8E4761F97D4F8E076CDF860E0BE
:10583000CDE91B322823CDE919534F9B14934FF028
:10584000880E6423CDE9123ECDE91D170DF6F8351B
:105850000DF5FF67664B1795CDE9158711930DF58B
:10586000C9630D934E9BCDF810A0CDE90B63614B3E
:105870005A4E01960DF5CC68CDE90FB8CDE9093344
:105880004FF0010B0823CDE9073BB623CDE9050313
:10589000594B03934A9B0293499B58480093052117
:1058A000DDE94B23CDF838C0FEF728F93A4694F8E5
:1058B000781704F5F060FEF776FB94F8C0182A46D6
:1058C00004F6C800FEF76FFB039794F878374C484E
:1058D000CDE90163499B0093D4E901230521FEF73B
:1058E0000DF9039594F8C0384648CDE90163499B0A
:1058F0000093D4E901230521FEF700F904F6512BAA
:1059000004F6582A00271BF8011F013789B12A46DF
:105910005046FEF748FB04959BF800300196CDE910
:105920000273499B0093D4E9012337480521FEF710
:10593000E5F8032F0AF5A07AE5D1D4E9012394F81C
:105940002C034B93D4E9CCB7FEF790F82F4994F889
:105950002AE32F4B94F829A3BEF1000F18BF194674
:10596000499B0093CDE90501CDE903B7CDE9016A73
:105970004B9B28480521FEF7C1F8277B002F40F0FC
:105980000F8194F8B030002B00F0F48394F88D3040
:10599000002B00F00581D4AEB4F8B4101E48D4F842
:1059A00000A09FED1E8AFEF7CDF894ED2E0A30463A
:1059B000FEF720FE31461A48FEF7C4F8009633463B
:1059C000D4F8BC20B4F8B2101648FEF7BBF82BE0B0
:1059D000CB2401089F0D0108C8170020840301088B
:1059E00074380108D8100020603801088C3801088C
:1059F000782A0108D7000108790D0108D52501088A
:105A00008E2A01080F2B0108902B0108233701086B
:105A100025370108182C0108BB2C01080000B443ED
:105A2000CE2C0108EE2C01080AF10106D4F8A830AA
:105A30009F42C0F27283904F0093D4F8183E8F4873
:105A400032466421FEF77EF8B7EC010A0DF55C7A68
:105A5000D8A8FEF7CFFD97ED000A5046FEF7CAFD25
:105A6000CDF804A0B4F8263E0093B4F8242E844860
:105A7000D8AB3146FEF766F80120FEF76DFC824692
:105A80000620FEF769FC0746BAF1000F00F06683B6
:105A90009AED030AE0A8FEF7ADFDBAF1000F00F0A1
:105AA00060839AED040AE4A8FEF7A4FD7548E4AB10
:105AB000E0AA3146FEF746F8002F00F0558397ED37
:105AC000030AE8A8FEF796FD002F00F0508397ED3B
:105AD000040A6D4F4846FEF78DFD4B46E8AA314655
:105AE0006A48FEF72FF894ED8E0A0DF5BD60FEF7BB
:105AF00081FD0DF5BD6394F8372265483146FEF708
:105B000021F897ED000A0DF5C060FEF773FD0DF565
:105B1000C06231465F48FEF715F897ED020A0DF5B1
:105B2000C360FEF767FD0DF5C96997ED030A0DF532
:105B3000C660FEF75FFD97ED040A4846FEF75AFD82
:105B40000DF5C6630DF5C36231465348CDF800909C
:105B5000FDF7F8FF97ED010A4046FEF74BFD424680
:105B600031464E48FDF7EEFF17ED010A0DF5FF60D7
:105B7000FEF740FD4A480DF5FF623146FDF7E2FFB2
:105B80000DF5FF6231464748FDF7DCFF28469FEDE3
:105B9000460AFEF72FFD45482A463146FDF7D2FF5B
:105BA000D4E92A59002DD4E9012894F878A240F3C9
:105BB000F582D4F80C63D4F81013D4F81473731B63
:105BC0005E42A1EB0500A7EB050C5E41414241415D
:105BD000DCF1000747EB0C0794F8A402FDF746FF41
:105BE00094F8B0C0324B334CBCF1000F18BF1C46C8
:105BF0004A9B0093CDE90704CDE90517CDE903A63B
:105C0000CDE901592C4843460521FDF777FF0DF6F4
:105C1000FC7DBDEC028BBDE8F08F284B4993834699
:105C2000FEF77DBED4F89030254A102168A808F010
:105C30008DFAD4F89430224A10216CA808F086FA24
:105C400094F898301F4A082162A808F07FFAFEF7FE
:105C5000F0BE1D4970A808F07DFBFEF7F6BE1B4D97
:105C6000194EFEF7FEBE1A4EFEF7FBBE0023BC46E1
:105C700018464B93FEF756BFF41E0020512D010825
:105C8000802D0108C22D0108041F0020122E0108DA
:105C90007A2E0108AF2E0108F42E0108282F0108E2
:105CA0004C2F0108422F0108000000006C2F010852
:105CB0002537010823370108D72F0108DC03010825
:105CC000B8060108BC060108A306010896060108EB
:105CD000803701083AF8020F0DF5CC67FBF768FB37
:105CE0000DF5CF68142239460520FDF749FFB6ECC3
:105CF000010A142241460520FDF742FFCDE906784E
:105D0000BAF800300593B4F8B220D6F8B438A348F6
:105D100013449BB2CDE903534A9B0293A04B0193DA
:105D2000499B0093D4E901230521FDF70BFF4B9B11
:105D30009C4801334B9393F8743105934B9B1B782C
:105D40000493BAF8883E0393D6F8843ECDE9015314
:105D50004A9B0093D4E901230521FDF7F3FED4F813
:105D60009433002B52D0D4F8082395424EDA5919B7
:105D700042F6F4728F5C05F5BA7203EBC203D3E905
:105D800000890DF6F83240464946FEF7C4F8404611
:105D90004946FBF71DFF14220DF5FF610520FDF7B5
:105DA000EFFED4F894C343F268100CEB0501D4E97C
:105DB000012311F800E001F53A510978032996BF53
:105DC0007948774850F8210005F58B5110313CF89F
:105DD00011100B910DF5FF610A910DF6F831099143
:105DE000C7F380010891C7F3400107914A990291D6
:105DF0006B49019107F0010749990091CDE9050729
:105E0000CDE9035E69480521FDF778FED4F8947367
:105E1000002F63D0D4F834339D425FDA0022002390
:105E20000DF5C961C1E90023237B4FF4B472002B47
:105E300040F095804C9800235946FBF75BF8EB0047
:105E40004F93C317CDE900030DF5C968CDF808805D
:105E500007EBC501D7E90023D1E90001FBF79CFF5F
:105E600000283BD0524FD7F89433EA0013440DF585
:105E7000FF69D3E900014A46FEF74DF80DF6F83206
:105E8000D8E90001FEF747F8D8E90001FAF786FBE8
:105E9000484B0022FAF7B0FB474B0022FAF7ACFB65
:105EA000FAF77AFE142200EE100A0DF5E7610520DC
:105EB000FDF766FE0DF5E76306930DF6F833CDE9C1
:105EC00004934A9B0293364B0193499B039500939D
:105ED000D7E9012339480521FDF734FED4F894139E
:105EE000002932D0D4F830339D422EDA01EB8503FD
:105EF00003F580532944D3F84087D3F8109D42F628
:105F00000C53D4E90127C85CFDF7B0FD42F6983385
:105F10000990CB5C089342F624232948CB5C079375
:105F200042F6B003CB5C069342F23C73CB5C059324
:105F300042F2C853CB5CCDE903934A9B0093CDE971
:105F400001583B460521FDF7FDFD4C9B13F58033C1
:105F500005F101054C934BF1000BFEF780BF4C9807
:105F600000235946FAF7C6FF404268E7002214466C
:105F70001346FFF70BB813490DF5B16008F0EAF9C5
:105F800010490DF5B76008F0E5F9FFF727BA0D499C
:105F90000DF5B46008F0DEF9FFF72CBA131501080F
:105FA000840301083D1501088C38010865150108B6
:105FB000D8100020008076400000F03D5516010802
:105FC00083160108A30601084FF4B4730027CDF827
:105FD0004C36DFF8F481CDF848760DF5C9634B9364
:105FE0004B9BD8F8342353F8046B4B93964246DA14
:105FF0006C4A02F11805002E08BF1546D8F8942304
:1060000002EBC60152F836A0D1F804B00DF5CC620F
:1060100050465946FDF77FFF2A780DF6F839002AD9
:1060200034D0D5E904010DF5FF62FDF774FFD5E921
:106030000401B0EB0A004A4661EB0B01FDF76BFF70
:106040000DF5FF620A920DF5CC6309220993CDF894
:106050002C900892EA680792AA6806926A680592EC
:106060002A784A9B0293CDE903624F4B0193499BE7
:106070000093D8E901234D480521FDF73FFD7B1C26
:10608000022B4FF00107ABD1FFF70DBA48490DF5D0
:10609000FF6008F05FF94649484608F05BF9CFE732
:1060A00043490DF5C96008F055F941490DF5CC603B
:1060B00008F050F93E490DF5FF6008F04BF93C49F6
:1060C0000DF6F83008F046F939490DF5C06008F0D2
:1060D00041F937490DF5C36008F03CF934490DF535
:1060E000C66008F037F9FFF72FBA3249FFF7C6BA92
:1060F0003149FFF7C3BA2E4BFFF758BB2A4BFFF7C6
:1061000055BB2B4AFFF760BB274AFFF75DBB284909
:10611000FFF767BB2449FFF764BBBAF1000F18DB38
:1061200007EE907AB8EEE70A0DF5FF6020EE080A58
:1061300080EE080AFEF75EFA4D9B284693ED000AB2
:10614000FEF758FA1D482B460DF5FF623146FDF764
:10615000F9FC4D9B043301374D9367E49FED180A1A
:1061600098E49FED170A9EE49FED150AA9E49FEDC0
:10617000140AAEE4D4F8183ED4F8A86094F8A40247
:1061800094F87822F51AFDF771FC21680346CDE9F1
:1061900000560C480131FDF7D5FC01E500210E4603
:1061A0000F4619E57014002084030108A921010895
:1061B000A3060108AF060108233701082C2D0108AA
:1061C00000000000962F0108D810002000000000F9
:1061D0002DE9F04F2DED0C8BADF28C4DCDE9250165
:1061E000149336482C9200232293FDF7ABFC344BDA
:1061F000149A3448344C002A08BF1846FEF7CCFAEB
:1062000050B90A23237000230B930B980DF28C4D89
:10621000BDEC0C8BBDE8F08F2C4B1A680132169246
:106220001A60FDF711FA70A8FDF786FAFDF71EFA5D
:106230007AA8FDF781FA7AA8FDF724FC0B9028B91B
:106240000A2323482370FDF77DFCDCE7FDF7FAF90C
:1062500002F04CFC1F4B1C901B7817935BB31E4B3A
:106260001B68C31A1C22002152A81D9307F0E0FFEF
:1062700002F03CFC0546FDF7DFFADFED188A124B11
:106280002890C8AF02263846B0EE680AC7ED008AEB
:106290001E70FDF777FA044620B302F027FC0024B5
:1062A000FDF7CAFA03230A93A3465D469FED0B8AC6
:1062B000DDF828B013E1179BD4E700BFD230010806
:1062C000C2300108AB3001084C390020040900201D
:1062D000E4300108D4080020D808002000000000A5
:1062E000CDCC4C3DD7ED009A19962F46DAAEC6EDCF
:1062F000008A3046B0EE680AFDF744FA0A9000289A
:10630000CBD196ED009A1FED0A7AF0EEC97AF4EE41
:10631000C77AF1EE10FA40F12A81013440F2F51308
:106320009C4240F03C8102F0E1FB431B2993FDF7C6
:1063300083FAC44B2A9003221A7002F0D7FBC24B97
:106340000A9A1A60C14B8146FEA81A60FDF7F4F95B
:10635000BDF8144442F6AB26B4FBF6F306FB134437
:10636000A4B241F255539C4240F24581351BB723FC
:10637000B635B5FBF3F528235D4306F005F8DFF8E5
:10638000CCA2DFF8C4B207464FF00108454580F0C3
:106390003881B7EE000A0020FDF758F9C82006F052
:1063A00040F802F0A3FBAA4CAA4BA64EA0EB0905AD
:1063B00042F66802002120461D6007F039FFA64B17
:1063C000002143F2E022184607F032FFA34A169B51
:1063D00063601368C4F8945201273B441360A360C0
:1063E000994BC4F894031B68C4F89832974B84F80F
:1063F00028731B68C4F89C3284F8C87384F8CB7384
:10640000FDF718FAA4F83002FDF712FAA4F83202E8
:1064100000EB4000B84084ADA4F834022846FBF7F6
:1064200058FB002331930DF5C07A06233370032205
:10643000534640F21D712846FBF758FB4FF0050804
:106440008346002800F0238184F8A402284684F8BB
:10645000D886FDF7DDFD7E4D01247AA86C73FDF72B
:1064600011FB70AFA8730FCF05F110060FC60FCF49
:106470000FC697E8030086E803007AAE0FCE05F159
:1064800038070FC70FCE0FC7299B539396E8030019
:10649000199B5493289B5793CDED559A2A9B58935B
:1064A00052AE87E803000FCE05F160070FC78DEDF0
:1064B000569A96E8070087E8070095F8B0300B93E6
:1064C000BBF1000F7FF4F1AE002B01F03C8205F62A
:1064D000286595ED008A38EE288A00250124FDF70D
:1064E000B3F8584B08221A7002F000FB5C4B18609E
:1064F0005C4B01221A701C9BC01A7CB3544B259A2A
:10650000DA67269AC3F880202C9AC3F884200A22DE
:10651000C3F88820149A83F88C2082F0010283F853
:106520008D209DF8E02483F88E209DF8E42483F8E4
:106530008F204D4AC3F89020DDF8E824C3F894205A
:106540009DF8EC2483F898201D9AC3F8A020179A90
:10655000C3F89C0083F8A420FEF7CAF9BBF1010F31
:1065600041F0F581374B41480A221A706BE69DEDE8
:10657000C87AB0EEC77A77EEC77A9FED3D7AF4EE2F
:10658000C77AF1EE10FA09DD02F0B0FAFDF754F91E
:10659000DDF828B001230A935C4686E60A9C02F0E7
:1065A000A5FAC31BB3F5FA7F80460FD396ED000A18
:1065B000FEA8FEF71FF8FDF73FF94FF4FA730090BD
:1065C00022462C48FEA9FDF7BDFA4746199B013328
:1065D0001993A8EB050844F61F63984507D902F004
:1065E00085FA4FF0000BFDF727F90223D3E70220CD
:1065F00005F017FF7BE60CB92646B7E60A9E25464E
:10660000B5E6B8F1010F0AD005F0BEFE01373B1A1E
:10661000002B31DD384605F010FF454535D02B46BF
:10662000424631462046FDF74FFCB7EE000A80B2E5
:10663000FDF70CF8DBF800300133CBF8003008F13F
:106640000108A3E64C3900204439002040390020DD
:10665000D810002048390020000000100009002058
:10666000D8080020D4080020C0D4010063310108FC
:106670000000B44225310108C01B0028C2BFDAF86F
:1066800000300133CAF80030C7E73046CDE7D5E91E
:106690000923E86A296A84F8D976CDE942300DF5F4
:1066A00024792B6B86F8008044936B6B4593CDE97E
:1066B00000B9CDE940122846DAE90223FDF79AFA3B
:1066C00004F5E362824684F8DC0640A92846FDF71B
:1066D000D5FBBAF1000F11D0BAF1030F14BF02239A
:1066E000052384F8D836FDF793FCBAF1030F7FF445
:1066F000B2AE99F801B084F8A4B2ACE6D9F8103083
:106700000D93D9F814300E9304233370D5E909237F
:106710004893EB6A49932B6B4A936B6B296A4B93B3
:10672000282301930DF1C809854B0093CDE946124A
:106730004B466FF0B50231A9CDF8C8B0FDF78AFF1E
:1067400004F5E662824646A92846FDF797FB329B90
:106750000893C4F8E03684F87837BAF1000F07D010
:1067600084F8A4A284F8D886D346FDF751FC72E6DB
:1067700004F638226FF0630131A8FDF77FFD0D9B11
:1067800086F80080B3F1B6060E9BE86A296A84F8A1
:10679000DA7643F1FF3AD5E90923CDE94E302B6B88
:1067A00050930DF536786B6B5193CDE94C12CDE9D2
:1067B0000078324653462846FDF71CFA604B84F8B1
:1067C000DD060746A3F168024CA92846FDF756FBF3
:1067D0006FB1032F14BF0323052384F8D836FDF7C8
:1067E00017FC032F7FF437AE98F801B083E7D8E9A0
:1067F0000459AE1B69EB0A03B3F1000AC4F8406AFE
:10680000C4F8443A02DA76426AEB4A0A112E7AF167
:10681000000A34BF0123002384F8503A0D9B494CF1
:106820000E9A494FEB1A69EB0202C4F8F036B63300
:1068300084AE42F10000C4F8F426D20FC4F8F83652
:1068400084F8EA260423D6E909123B70F36AC4F8F7
:10685000FC06CDE94823336B4A93736B306A4B9344
:1068600028230DF1CC0A019304F6C803CDE94601B3
:106870000022009331A9534630463392FDF7EAFED9
:1068800004F5E962804646A93046FDF7F7FADDF8DF
:10689000CCA0C4F8E4A684F8C0A8B8F1000F08D0D2
:1068A000052384F8A48284F8D836C346FDF7B0FBEC
:1068B000D1E504F63C22882131A8FDF7DFFC052351
:1068C0003B7015F1B603109349F100031193D6E91B
:1068D0000973F06A316ACDE93C30336B3E93CDE900
:1068E0003A17736B3F930122C8AF84F8DB2630461A
:1068F000CDE90027DDE91023FDF77CF904F53B72B3
:10690000804684F8DE063AA93046FDF7B7FA04F56A
:10691000EC623AA9FDF7B2FAB8F1000F16D0B8F15F
:10692000030F14BF0422052284F8D826FDF770FB5C
:10693000B8F1030F7FF48FAD97F801B0DBE600BF2D
:1069400058180020D81000204C3900203B690C93C7
:106950007B69109A0F930C9B9F1A0F9B119AC4F896
:10696000487A63EB0203B3F10008C4F84C3A02DA48
:106970007F4268EB4808112F78F1000834BF0123EB
:106980000023CAAE84F8513A0FCE60AC0FC496E82B
:106990000F0084E80F004822C8A992A807F0E2FC83
:1069A000C44A012382F8D8360C9B5D1B0F9BC2F8AA
:1069B000005763EB0904B5F1B60044F1FF31012D36
:1069C00074F10003ACBF01230023BAF1280FC2F811
:1069D0000447C2F80807C2F80C1782F8E83640F0FE
:1069E0004B82089BA3F1280043424341D2F8200781
:1069F00082F8E9361946D2F824370343D2F828073B
:106A00000343D2F82C070343D2F838070343D2F8E4
:106A10003C071843D2F840371843D2F8443718439C
:106A2000D2F850371843D2F854371843D2F85837B1
:106A30001843D2F85C371843D2F868371843D2F8B5
:106A40006C371843D2F870371843D2F874371843AC
:106A5000B0FA80F0012D4FEA501074F1000982F86D
:106A6000EB06C0F20B8211B192F8EA160140DDE9A3
:106A70000C32DFF84082BDF8800188F8EC169B1AD2
:106A8000DDE90E1262EB0102C8F81037C8F81427CE
:106A9000A8F8B200FCF7C4FE0F99A8F8B4000C984F
:106AA000DFED85AADFED85BA9FED85DAFBF790F87B
:106AB00084AD0C9BC8F8BC300FCD68AC0FC495E812
:106AC0000F0084E80F0098F82833109340216023CA
:106AD0000024CDE95B1344F6206002235D93B0EE01
:106AE00040AA88ED2E0A8DF864415A94FAF752FFB5
:106AF00040F21D735F9308F658231B9308F56463F7
:106B00000E9303F2CE5324936E4B12936E4B1A9353
:106B100008F5646313936D4B5E9034941593089459
:106B200021942094B0EE6ABA0D94A2469DF8883262
:106B300033B1604AD2F80C330133C2F80C3301236D
:106B40009DF889223AB15B49D1F81023013243F014
:106B50000203C1F810239DF88A223AB15549D1F8B1
:106B60001423013243F00403C1F814239DF8485262
:106B7000012D40F08581D8F818230132C8F8182378
:106B8000DDE9A064002C3246274602DA724264EB4B
:106B90004407D8E9C8019042B94138BFC8E9C827BD
:106BA000D8F808230132C8F80823D8F89423F2B1A2
:106BB0000AF5BA7102EBC101C1E900649C9C4FF671
:106BC000FF700AF58B511031A04228BF204622F8F1
:106BD0001100524402F53A510D7042F6F4715354CB
:106BE0000D9943F26813FF2928BFFF21D154DDE935
:106BF0009634CDE91E34109BF3B1BAF1000F1BD0CF
:106C000000220023CDE9DA23DAAB0093989ABDF88D
:106C1000501240F21D7368A8FAF7EBFC044658B115
:106C200090220021FEA807F003FB2246FEA9504651
:106C3000FDF762FA00231093254B9FED1F8A062271
:106C40001A70402460AD2B46032240F21D7184A8C7
:106C5000FAF74CFF8146002840F02581D5E9020172
:106C6000FAF7B6FF013C38EE008AECD107EE90AAA5
:106C70009FED187A349B0D93F8EEE77A184667EE8D
:106C8000877AD917C7EE87DAFAF7A2FF2B460322D5
:106C900040F21D7184A89FED107AF0EE4A7AD8EE8A
:106CA000077A30EE678AFAF721FF8146002840F024
:106CB000FA8013E0D810002000000000286B6E4E10
:106CC000286B6ECE57360020E6240020B400010069
:106CD0004C3900200000B4430000803C2D88284639
:106CE000FAF766FB139B0D9AA3EC018A13931A9B88
:106CF000139923F8025F1A93139BC3F8B428649A7C
:106D0000C1F8842E1A99BDF89821A1F8882E1299FD
:106D10009DF89D2101F8012FB4EEC8DA9DF89E314F
:106D200081F87431F1EE10FA109B48BF2095F4EE13
:106D3000C8BA44BFB0EE40BAB0EE48DAF1EE10FA8D
:106D4000C2BF2195F0EE40AAF0EE48BA1291002B96
:106D500000F0CA81BAF1000F00F09A80BAF5B47F52
:106D600000F09680002300200021CDE90134DAAD47
:106D700059ABCDE9040100930695DDE91E2368A80F
:106D8000FBF7BCFA2946074602465046FDF7B4F920
:106D9000002F40F02582BA4C94F8C833002B00F045
:106DA000A381BAF5B47F40F09F81012684F8C963BE
:106DB00084F8CB7301F09AFE30221190394604F525
:106DC000767007F035FA0D9BC4F8E8339022294617
:106DD00004F5816084F8D86307F0C4FAD4F8D0339E
:106DE0003344C4F8D0339DF86833002B54D004F5F5
:106DF0007C7302934FF480320023CDE90023DDE958
:106E0000E601D4E9DA23FAF7C7FF002800F0D080C2
:106E1000DDE9E010DDE9E2325B1A62EB0002C4E971
:106E2000FE32DDE9EA10DDE9EC325B1AC4F8003429
:106E3000D4F8D43384F8D96333449FED8FCB62EB1D
:106E40000002C4F8D4338F4BC4F80424239304F510
:106E50009665239B53F8042F2393119B18929F1838
:106E600001F044FE119B189AC31A9A4240F2A28084
:106E7000381A05F0D6FAF3E70023B7E50021F6E566
:106E8000022D02BFD8F81C230132C8F81C2377E674
:106E90007D4B4024092067E73346794A82F8DA338C
:106EA00082F8CC339946764CD4F81423D4F80833BE
:106EB000D4F8EC52C4F8A8A09B1AC4F8183E04F603
:106EC0001C6383ED00BA04F56263C3ED00AA209B46
:106ED000A4F8243E219BA4F8263EDDE98C73C4E986
:106EE000AF73D4F8D43284F8A4922B44D4F8185752
:106EF000FB1A5B1BD4F830575B1BD4F848575B1B5D
:106F0000DDE98E60D4F8DC52C4F8A832D4F8F4324B
:106F1000DDE990122B44D4F82057F31AC4E9B312D8
:106F2000C4E9B1605B1BD4F838575B1BD4F85057E9
:106F30005B1BC4F8AC32D4F8F852D4F8E0322B44DE
:106F4000D4F82457C01AD4F83C37401BC01AD4F8E0
:106F50005437C01AC4F8B002D4F8E432D4F8FC02B2
:106F60000344C91AD4F82837C91AD4F84037C91AC3
:106F7000D4F85837C91AC4F8B412D4F8E832D4F89F
:106F800000130B44D21AD4F82C37D21AD4F8443751
:106F9000D21AD4F85C37D21AC4F8B822B9F1000F6B
:106FA00000F04481002384F8B030CB46FFF753BA99
:106FB000092372E701F09AFD119BC31A2B93FEABD4
:106FC0000027069359ABCDE9017700938DED04CBF3
:106FD000DDE91E2368A8FBF791F9279001F086FDF3
:106FE00039462D90C022A5F1180007F021F9279B02
:106FF00005F8163C189B45F8143C2B9B119A45F854
:10700000103C2D9B9B1A012745F80C3C0D9B45F825
:10701000083C05F8187C9022FEA905F1180007F03D
:10702000A1F9D4F8D0333B44C4F8D033279B23B91B
:107030009DF8F8333BB905F8167C15F8163C002B83
:1070400045D00F4A2CE74FF480320023CDE90023CE
:1070500002950DF58561D4E9DA23D1E90001FAF74B
:107060009BFE98B9C02303FB0643092683F8DA6325
:107070003346E6E7AFF300800000000000000000A8
:10708000D8100020E438010808090020DDF8103489
:10709000DDF81824DDF8141405F8177CD21ADDF891
:1070A0001C3463EB0103C5E90223DDF84024DDF85D
:1070B0003834DDF83C14D31ADDF8442462EB0102C5
:1070C000C5E90432D4F8D4330133C4F8D4330136DB
:1070D000042E05F1C0057FF4BCAE4E4B012283F8AF
:1070E000CA23002283F8CC238C9ADFED4B7A0D92D1
:1070F000DDE98D42F4EEE7DAF1EE10FADDE98F76A4
:10710000919D11920AF1010ABFF6CDAE159808992A
:107110004FF4B4720023F9F7EDFE404BCDF80C5458
:107120000421BAF1030F19700D9BD8BF1B99CDF83C
:107130000474DAAD0246CCBF00214FF02809CDE936
:10714000FE344FF00000119BCDF800342860D4BF0E
:107150002B460B46CDE9001984A834A9CDF8086464
:10716000FDF778FABAF1030FDEBF129B2A68A3F588
:10717000D95384ADD8BF03F80E2C8146284AFEA906
:107180002846FCF77BFEDDE98CE3DDE98EC7DDE90F
:107190009062B9F1000F7FF486AE191B0D911F4963
:1071A00005240C70CDE93AE3CDE93E62349B0C9A9C
:1071B000012100910F999A1892AE41EBE373019669
:1071C000CDE93CC7FCF716FD3AAC0746154A214607
:1071D0002846FCF753FE032F05D19DF8499262E63D
:1071E0000023109380E71B9B03F5A0731B93159B53
:1071F00013F580331593089B159A43F10003089308
:107200000899094B494508BF9A427FF48FAC4FF467
:10721000BA7A48E6D81000200000B9434C39002063
:10722000AC130020C4130020B4007501D74B072213
:107230001A7001F05BFCBAF5B47F5346A8BF4FF457
:10724000B473BAF5B47F0890C4F8AC30C0F2BB8117
:10725000D4F80823924540F0B681D4F81463A6EB25
:107260000A02564256410E9ADFEDD37A0024A34219
:1072700040F0AB81BAF1000F00F0AD8107EE104A8B
:10728000B8EEC77A87EE878AC14B0E9A9FEDCAAADD
:1072900083ED308AB0EE4A7A00239C4240F09E8112
:1072A000BAF1000F00F0AB8107EE904AB8EEE70AA2
:1072B00087EE000A07F0DEFCDFEDB67AB4EEE70AEF
:1072C000F1EE10FA40F3A081CAEE007AB04BDFF87D
:1072D000CC82002783ED310AC3ED9A7AAC4D18F8C1
:1072E000012B05F1C8033B44B0EE480A214605F5E1
:1072F00064601837FCF736FDB7F5907FEED105F5E1
:10730000F4730422B0EE480A214605F56460FCF7E8
:1073100029FD082205F50073B0EE480A214605F55F
:107320006460FCF71FFDB5F834221AB1B4EB420FCC
:1073300000F26D81964B002283F83622944BD3EDF8
:10734000357A93F8C82083F83722C3ED8E7A00226D
:10735000012395ED3B7AB4EEE77AF1EE10FAC4BF63
:1073600095F8E020229203F10103C4BF0B9AF0EEDE
:10737000477A0C2B05F11805EBD1854B22B1229AE7
:10738000C3ED8E7A83F83722DFED827A93ED31AA4E
:107390007F4DB4EEE7AAF1EE10FAC9BF93ED8E7AF5
:1073A0009FED857AF6EE007A67EE277AC4BF6AEE23
:1073B0000A6A67EE877A4FF00607C8BF87EEA67A9B
:1073C00001222FA920468DF8BC700DF1D408B0EE33
:1073D000480A85ED8F7AFCF7D3FF242385ED900AC8
:1073E000012230A92046B0EE480A8DF8C030FCF7E3
:1073F000C7FF3B4685ED910A674AF0EE4A0AB0EEB8
:10740000480A21464046FDF729F8359BC5F8483221
:10741000369BC5F84C32379BC5F850329DF8E130A9
:107420000BB19DF8E03085F85432DAAF0C235B4A9B
:10743000F0EE4A0AB0EE480A21463846FDF70EF84B
:10744000DA9BC5F85832DB9BC5F85C32DC9BC5F88B
:1074500060329DF875330BB19DF874334C4A0E9928
:1074600082F864324E4B0B931A4600239C4240F044
:10747000DB802046FCF750FF07EE904A9FED490A5B
:10748000B8EEE78A28EE000A07F0B8FDBDEEC00AA4
:10749000DFED497A3E4A10EE103A013B9C42D8BFDC
:1074A00004F1FF33BAF1000F00F0C8803C4923EA31
:1074B000E37301EB83031B68C2F86C3200230E9A5E
:1074C0000133B2EC017A9C42E7EE077A0E92F6DCC9
:1074D00087EE880A07F0CEFB314D3349A7003A46C4
:1074E0002846B0EE408A06F03DFF2046FCF714FF28
:1074F0009FED317A052C234607EB0502A8BF052333
:10750000F0EE476A0021F5EC017A013176EEA76AC8
:1075100072ED017A8B4237EE277AF4D107EE903A7A
:10752000F8EEE77A214B9FED225A87EE276A1F4437
:10753000611E043386EEA77AD3ED007AD7ED006A98
:1075400076EEE76A07EE901A36EE476AF8EEE75AEB
:10755000B6EE007AF0EE477AE5EE857A9FED155AA1
:10756000A5EE857AFDEEE77ABDEEC77A17EE902A92
:1075700017EE100A22EAE2728442C8BF014603EB0A
:10758000820203EB8103D2ED005A17E04C39002050
:10759000D8100020BD378635183901081E3901087A
:1075A000080B0020A4707D3F181F0020040B002052
:1075B000CDCC4C3D3333733F0000000093ED007A97
:1075C00077EE657A46E04E464DE6B2EC017A01343C
:1075D00077EE877A4BE61FED088A55E6F2EC017AE2
:1075E00077EEC87A0133A7EEA77AF0EEE77AF4EEE9
:1075F000CA7AF1EE10FAC8BFB0EE67AA4DE61FEDE9
:10760000120AF0EE407A61E65FED157A5EE601233C
:1076100085F83632B0EE480A05F50673214605F5C1
:107620006460FCF79FFB89E6F1EC017A77EEC87A9B
:107630000133F0EEE77AE2EC017A17E7C2ED9B7ACC
:10764000B0EE677AF0EE675AB0EE678AF0EE676ADE
:10765000B0EE676AD24C9FEDD3AA9FEDD3BA84ED0A
:10766000028A2346A3EC016AC4ED035A84ED047A2E
:10767000C4ED057A04F6CC05C3ED006A0027F0EEF0
:107680004AAAA4F62864BA455BD1BAF1000F00F00B
:107690008B8007EE90AAB8EEE70A8AEE800A07F020
:1076A000E9FA84ED9C0A84ED9DAABAF1000F11D08D
:1076B000F2EE0E7AB4EEE70AF1EE10FA77D8F3EEB6
:1076C0000E7AB4EEE7AAF1EE10FA94BF4FF0010A79
:1076D0004FF0000AB54C0AF0010384F878320AEA48
:1076E000060384F8B03001F001FA089BC01AC4F810
:1076F000A00201F0FBF90023A4F82A3394F8283300
:107700008246ABB194F8293393B1D4F894337BB16A
:1077100094F82C6366B9D4F83413D4F8A8209142B5
:1077200006D1D4F8AC20002A02DDB1F5B47F41DCEB
:1077300001F0DCF99D4BA0EB0A00C3F86403FEF7EF
:107740008ABE249B33F8020F2493F9F731FE55F8D3
:10775000040FB4F8B230184480B2B0EE408AF9F7A2
:1077600027FEDFED937A38EE400AB4EEE70AF1EE39
:1077700010FA13DCDFED8F7AB4EEE70AF1EE10FABF
:107780000FD4E0EE00AA0137B0EEC00AB4EECA0A88
:10779000F1EE10FAC8BFB0EE40AA74E730EE4B0A23
:1077A000E3E730EE0B0AE7E79FED7E0A79E74FF05B
:1077B000000A8FE7D3E90023C4E9DA23DFF8009257
:1077C000DFED7DAA9FED7DBA9FED768AB425374621
:1077D000D4F834339F424BDBD4F8AC509FED717A30
:1077E000C4F8385307EE905AB8EEE70A002388EE43
:1077F00000AA84EDDEAA9D4200F39B8087EE000A7A
:1078000007F038FA694C6E48FEAB24222946B0EEE8
:10781000408A84EDDF0AB0EE4A0AFCF7A3FA7AEE5A
:10782000CB7A0DF20443C4EDE17AD4ED317A93EDD5
:10783000007A77EEC87A84EDE07AC4EDE37AD4ED8D
:10784000657A77EEC77A9FED5F7AC4EDE47AD4ED7E
:10785000E27AF0EEE77AF4EEC77AF1EE10FA94BF2E
:107860000123002384F82B33012384F82A331CE0FE
:1078700000220023CDE9FE23D4F8943303EBC7089C
:10788000FEAB02934FF4B472002328463146F9F759
:1078900031FBCDE90001D4E9DA23D8E90001FAF798
:1078A0007BFA50B9092384F82C3301F01FF9A0EBBF
:1078B0000A00C4F86403FEF7CEBDDDE9FE231046DE
:1078C0001946CDE90823F8F769FE3F4B0022F8F787
:1078D00093FE3E4B0022F8F78FFEF9F75DF9D4F8DE
:1078E000AC309F4207EE900A11DAB4EEE7BAF1EE3F
:1078F00010FAF4EEEA7AC8BFB0EE67BA38EE278A1B
:10790000F1EE10FAC9F80000C8BFF0EE67AAB7F5AB
:10791000B47F02BFDDE90823C4EDE27AC4E9DC23C9
:1079200015F5803507F1010709F1040946F1000654
:107930004EE70B9AF2EC017A77EECA7A0B92A7EE39
:10794000A77A013357E79FED178AFEF7C6BDBBF153
:10795000020F09D11E4B1F480A221A7044F62061FB
:10796000FCF7F0F8FEF74FBCBBF1030F05D1184B45
:1079700019480A221A70FEF766BC45B1144B0A2258
:1079800028461A70FCF772F801461448E8E70B9B8A
:1079900043BB0F4B12480A221A70FEF754BC00BFBB
:1079A000001F0020000000000000B443D810002099
:1079B00000003443000034C3286B6ECE286B6E4E3B
:1079C000080B0020CDCC4C3E008076400000F03DFE
:1079D0004C39002078310108BB310108FA31010827
:1079E0002E320108149B5BB10E4B0193169B009342
:1079F0000D48DDE925230521FCF780F8FEF705BCDD
:107A0000B0EE480AFEA8FCF7F5FDFEA90748FCF712
:107A100099F80748FEA9FCF795F80648FCF792F894
:107A2000FEF7F3BB1F0D0108713201080E33010888
:107A300004330108333301082DE9F04FDFF850819A
:107A4000424F98F80030DFF84C913C68DFF848B1BD
:107A5000DFF848A13E4E89B0012C0393D9F80030DD
:107A600002939BF8003001939AF80030009325466A
:107A700038BF0125013D012C8CBF002301232A467C
:107A800030682146FEF7A4FB00233A688BF80030EB
:107A9000304F90B903233B702F4B30480A211970A7
:107AA0002F49304B012C98BF0B46009331682B4671
:107AB000FCF748F809B0BDE8F08F012C06D82A4938
:107AC0000B6801330B6001238AF800300A2A1ED9A3
:107AD000264B1B7804ACABB19FED250A1022214642
:107AE0000520FCF74DF803233B701F4B02941B68E5
:107AF00001930B23009331681E480A230122FBF7F0
:107B0000FDFFD7E71C49204606F024FCEBE71B4BA2
:107B10001B4819681B4B19600023C9F8003088F80E
:107B2000003002233B700C4B092119700C490D4B9E
:107B3000012C98BF0B46144902911449CDE900313C
:107B40002B463168FBF7FEFFB4E700BFF0080020CA
:107B5000F4080020FC0800204C3900203F330108C5
:107B600096060108A6060108E0080020DC080020AF
:107B70000000000088330108A3060108D80800208F
:107B800031340108EC0800200E0D0108C0D40100BA
:107B9000E6080020E8080020E5080020E4080020AE
:107BA0002DE9F04F5C4E5D4FDFF8B8A15C4DDFF87A
:107BB000B89187B0FBF748FD01235A483370FCF7B2
:107BC000EBFD00233B7033700022DAF800008DF8E3
:107BD000132064230DF1130104F0C5FC0446C8B959
:107BE0009DF81380B8F1010F14D105A886F8008024
:107BF000F9F7BCFC00285DD10A2333709DF81730DB
:107C000000939DF815209DF816309DF814104648F5
:107C1000FBF798FF2B78022B2FD1DFF85081D8F893
:107C200000B000F063FF414BA0EB0B00984224D959
:107C300000F05CFFD8F800303D49C01A3D4B186099
:107C4000A0F5EA33C03BB3F5967F3B4B94BF0122CE
:107C500000221A700A6802F1010356D90321297023
:107C60000A2131704FF49671CDE901013349009139
:107C7000334934480968FBF765FF2B78032B03D0A1
:107C8000002CA1D1002B9FD100242C70FBF7DCFC31
:107C9000204605F05FFD834606F04CFA804606F06C
:107CA0004FFA5B46024641462748FBF74BFF3C70C4
:107CB000347089E72B78013B012BABD9D9F8001040
:107CC0001F4B1E4A214885F8008001311960184B6E
:107CD000C9F80010C3F800801D4B1C701D4B83F8C1
:107CE0000080144B1C60144B1C701B4B1C601B4B06
:107CF0001C700B23CDE901320A23194A0093434635
:107D0000FBF7FCFEFFF798FE84E70B6001232B7066
:107D1000FFF792FEB1E700BF4C3900204D3900203B
:107D2000FC0800209B340108A6340108BFD40100E0
:107D3000F0080020E8080020E6080020C0D4010078
:107D4000F40800207635010805360108F1340108F1
:107D5000E4080020E5080020E0080020DC080020FE
:107D60001F0D010854390020F8080020EC080020FD
:107D70002DE9F047204E33689BBBDFF89890D9F887
:107D8000004074BB1D4D1E4FB620A04682462146C2
:107D900028464FF4B4720023F9F7ACF8A0EB0A0AB6
:107DA00015F58035AAF1B60A44F10004BAF1010FC5
:107DB00017D8444508BFBD42E8D10121002208463A
:107DC00004F065FB306060B10E4A0F48002104F0FA
:107DD000E2FA0446C9F8000030B9306804F0F3FB59
:107DE00034600020BDE8F087084B01201870084B74
:107DF00083F80080F6E700BF54390020B400020089
:107E0000B4007301F4380108A17B00084D3900204B
:107E10004C390020503900200C4B73B5186880B1E4
:107E20000B4D2B7803F0FF065BB901243346324635
:107E30000DF107012C708DF8074004F063FB18B1B9
:107E40002E70002002B070BD2046FBE754390020A0
:107E50004D390020014B1878704700BF4D39002084
:107E600028B10023C361036243628362C362704727
:107E700070B40C46064658B151B105460FCC0FC53B
:107E800094E8070085E80700304670BCFFF7E8BFBC
:107E900070BC704700287DD0D0ED017AD0ED076A24
:107EA00090ED026A90ED007AE7EE806AD0ED037AF9
:107EB000F4EEE76AF1EE10FAC8BFF0EE676AF1EE91
:107EC000677AF4EEE67AF1EE10FAD8BFF0EE667A51
:107ED000D0ED086AC0ED077A70EE666A20EE077A88
:107EE00066EE866A90ED056AB5EEC06AF1EE10FAAC
:107EF00043D4F7EE005AB4EEE56AF1EE10FAD8BFBB
:107F0000F0EE465A90ED0A6A80ED080A76EEC66AEF
:107F100037EE277AA6EEA56AD0ED047A80ED0A6ADC
:107F200037EE067AB4EEE77AF1EE10FAC8BFB0EE9B
:107F3000677AF1EE677AF4EEC77AF1EE10FAD8BFFD
:107F4000F0EE477A90ED067AB5EEC07AF1EE10FACF
:107F50000ADDD0ED0B6A37EEE66AB4EEC67AF1EED2
:107F600010FA0DD576EE877A90ED090AC0ED0B7AFE
:107F700030EE670A80ED090A7047DFED085AC1E765
:107F8000F1EE475AF4EEC65AF1EE10FAC8BF76EE9B
:107F9000C77AE9E79FED010A704700BF00000000C3
:107FA00010B190ED090A70479FED010A704700BFBC
:107FB00000000000F0B59B4D0FCDB1B001AC0FC477
:107FC00095E8070001AF84E807000FCF24AE0FC685
:107FD00094E80700B0EE000A002486E8070024A811
:107FE0002C942D942E942B942F94FFF753FFF0EEA6
:107FF000401ABFEE000AFFF74DFF05F10C0CBCE87C
:108000000F0008AF0FC79CE807000DF1200E87E8AE
:108010000700BEE80F000DF1900CACE80F0097E8E8
:108020000700B0EE402A86E80700B7EE000A24A851
:108030002C942D942E942B942F94FFF72BFF05F165
:10804000280CBCE80F000FAF0FC79CE807000DF12C
:108050003C0E87E80700BEE80F000DF1900CACE87D
:108060000F0097E80700F0EE402A86E80700B0EE20
:10807000000A24A82C942D942E942B942F94FFF76F
:1080800009FFB0EE403AB0EE000AFFF703FF05F13A
:10809000440CBCE80F0016AF0FC79CE807000DF1B9
:1080A000580E87E80700BEE80F000DF1900CACE811
:1080B0000F0097E80700F0EE403A86E80700B1EEBF
:1080C000000A24A89DED2B1A2C942D942E942B9409
:1080D0002F94FFF7DFFE6035B0EE404AB1EE000AA4
:1080E000FFF7D8FE0FCD1DAF0FC795E807000DF1C4
:1080F000740C87E80700BCE80F0024AD0FC597E8B3
:108100000700F0EE404A86E80700B0EE000A24A817
:108110002C942D942E942B942F94FFF7BBFEB0EE4D
:10812000405AB0EE000AFFF7B5FEF0EE007A71EEAD
:10813000A71ADFED3D7AF0EEE11AF4EEE71AF1EE60
:1081400010FA6DD5B7EE007A32EE072AB0EEC22AE9
:10815000B4EEE72AF1EE10FA62D5B1EE047A72EECF
:10816000872AF0EEE22AF4EEE72AF1EE10FA57D56C
:10817000B0EE087A33EE073AB0EEC33AB4EEE73A1F
:10818000F1EE10FA4CD5F1EE086A73EEA63AF0EE75
:10819000E33AF4EEE73AF1EE10FA41D531EE471A40
:1081A000B0EEC11AB4EEE71AF1EE10FA38D5B1EE1E
:1081B000006A34EE064AB0EEC44AB4EEE74AF1EE85
:1081C00010FA2DD5B1EE0C6A74EE864AF0EEE44A50
:1081D000F4EEE74AF1EE10FA22D535EE075AB0EE8A
:1081E000C55AB4EEE75AF1EE10FA19D5B2EE027A9A
:1081F00030EE070AB0EEC00AB4EEE70AF1EE10FA6C
:108200000ED59DED2F7A37EE667AB0EEC77AB4EED2
:10821000E77AF1EE10FA4CBF0120002031B0F0BD3A
:108220000020FBE7D4FF000817B7D13882B00E4B0F
:1082300000220092596C41F480415964596C01F458
:108240008041009100990192196C41F080511964AC
:108250001B6C03F080530193019B0F216FF0010011
:1082600002B000F025BE00BF0038024070B50646DF
:1082700088B01422002103A805F0DAFF3268244BED
:108280009A4242D103F58C33002501955A6C21485E
:10829000214C42F480725A645A6C02F4807201924A
:1082A000019A02951A6B42F001021A631B6B03F0EC
:1082B00001030293029B1222032303A9CDE90323A6
:1082C00001F016F8154B4FF48061C4E900354FF406
:1082D00000634FF40050C4E904134FF48073C4E901
:1082E00006032046C4E90255C4E9085500F036FEED
:1082F00008B1FAF771FEB463122000220521A663CB
:1083000000F0D6FD122000F005FE08B070BD00BFE1
:108310000020014000000240B80700201064024025
:1083200070B514228AB0064600210DEB020005F05C
:108330007FFF33683C4A934225D13C4C3C480025A2
:108340000195236B43F002032363236B03F00203C5
:108350000193019B4FF4C0761223CDE905634FF0E2
:10836000030C042305A9CDE908C300F0C1FF029561
:10837000236C43F400132364236C03F4001302936F
:10838000029B0AB070BD2B4A9342FAD1274C284871
:1083900000250395236B43F002032363236B03F053
:1083A00002030393039B4FF440621223CDE905239C
:1083B0000123079305A90423099300F099FF04956D
:1083C000236C1D4843F480032364236C1B4C03F48B
:1083D00080030493049B4FF06063C4E900034023CF
:1083E000C4E9023520464FF48063C4E90435C4E98A
:1083F0000655C4E9085500F0B1FD08B1FAF7ECFDE7
:108400007463002205212120A66300F051FD212084
:1084100000F080FD00220521222000F049FD2220ED
:1084200000F078FDADE700BF005400400038024086
:108430000004024000580040B8600240B00600202E
:1084400070B5064688B01422002103A805F0F0FE9E
:108450003268344B9A4263D1002503F58433019589
:108460005A6C42F480525A645A6C02F4805201925F
:10847000019A02951A6B42F002021A631B6B03F019
:1084800002030293029B38200223CDE90303012457
:108490000323CDE905432448244C052303A907936E
:1084A00000F026FFDFF890C04FF0C063C4E900C3BE
:1084B0004FF48063C4E9043520464FF40033C4E927
:1084C0000255C4E90655C4E9083500F047FD08B176
:1084D000FAF782FD164AF464A663164C4FF0C063A7
:1084E000C4E9002300234FF48062C4E9042340213F
:1084F0004FF400322046C4E90213C4E90633C4E94C
:10850000082300F02BFD08B1FAF766FD2320B464C0
:1085100000220521A66300F0CBFC232000F0FAFC2A
:1085200008B070BD0030014000040240F805002092
:1085300058640240980500204064024010B504468B
:1085400088B01422002103A805F072FE2368204A97
:1085500093420DD1002300931E4B5A6C42F001024E
:108560005A645B6C03F001030093009B08B010BDDC
:10857000B3F1804FFAD103F50E33002401941A6C45
:10858000154842F001021A641A6C02F001020192CD
:10859000019A02941A6B42F001021A631B6B03F0FA
:1085A00001030293029B4FF400420223CDE903230F
:1085B00003A901230593079300F09AFE22460521A3
:1085C0001C2000F075FC1C2000F0A4FCCEE700BFCE
:1085D00000000140003802400000024007B50E4B89
:1085E00002689A4216D1002203F59A330192596C1F
:1085F00041F0020159645B6C03F002030193052111
:108600002D20019B00F054FC2D2003B05DF804EBFD
:1086100000F080BC03B000BD0004014010B504466A
:1086200088B01422002103A805F002FE23681A4A2C
:10863000934218D100230193184B19481A6B42F04A
:1086400001021A631B6B03F0010301934FF4E06115
:10865000019B0223CDE903130123079303A900F033
:1086600047FE08B010BD0F4A9342FAD1002302938F
:108670000A4B0D481A6B42F004021A631B6B03F09D
:1086800004030293029B40220223CDE90323032328
:10869000079303A9E3E700BF000001400038024050
:1086A00000000240000401400008024070B514229E
:1086B0008AB0054600210DEB020005F0B9FD2B68DC
:1086C000624A934260D1624B6248634C0026019635
:1086D0001A6C42F400321A641A6C02F400320192ED
:1086E000019A02961A6B42F001021A631B6B03F0A7
:1086F00001030293029B0C220223CDE905230321EF
:108700000723CDE9081305A900F0F2FD53484FF007
:108710000063C4E900034023C4E9023620464FF455
:108720008063C4E90436C4E90666C4E9086600F05B
:1087300015FC08B1FAF750FC6C63DFF83CE1A56367
:10874000474C4FF000634FF48062C4E900E300231C
:10875000C4E9042320464FF48072C4E90233C4E91B
:108760000723A361636200F0F9FB08B1FAF734FC58
:10877000AC63262000220521A56300F099FB26208A
:1087800000F0C8FB0AB070BD364A9342FAD1304BB4
:10879000354C002603961A6C42F480221A641A6C37
:1087A00002F480220392039A04961A6B42F00402A8
:1087B0001A631B6B03F004030493049B4FF44061A2
:1087C0000223CDE9051303200723CDE9080305A9FA
:1087D000264800F08DFDDFF8A4C04FF00063C4E927
:1087E00000C34023C4E9023620464FF48063C4E945
:1087F0000436C4E90666C4E9086600F0AFFB08B1B8
:10880000FAF7EAFB1A4A6C63A5631A4C4FF000634F
:10881000C4E9002300234FF48062C4E90423204606
:108820004FF48072C4E90233C4E90723A361636291
:1088300000F094FB08B1FAF7CFFBAC6327200022CD
:108840000521A56300F034FB272099E70044004090
:108850000038024000000240D8030020A06002401F
:108860007803002000480040180300200008024060
:1088700028600240B8020020886002405860024030
:1088800030B589B000230293204B1A6C42F48072F9
:108890001A641B6C03F480730293054601A903A8B4
:1088A000029B01F08FFF069B4BBB01F06BFF184A48
:1088B000184B136040F2E733D360174BB0FBF3F370
:1088C000013B53601046002313619360936102F0F3
:1088D000E9FE044680B90E4802F0B2FD044658B9DC
:1088E0002D2000F017FB0F2D0DD8224629462D20F4
:1088F00000F0DEFA094B1D60204609B030BD01F0E2
:1089000041FF4000D3E70124F6E700BF00380240F2
:10891000583900200020004040420F00080000208D
:10892000FEE7FEE7FEE7FEE7FEE77047014800F0DE
:108930001DBC00BFB8020020014800F017BC00BFFA
:1089400018030020014800F011BC00BF780300208C
:10895000014800F00BBC00BFD8030020014800F024
:1089600074B900BF18080020014802F0A8BD00BF7C
:1089700008050020014800F0B3BF00BF1007002029
:10898000014801F0F1BB00BF10070020014803F0CF
:108990007BBB00BF7C040020014803F075BB00BF17
:1089A0003804002008B5044802F089FDBDE80840FD
:1089B000024802F084BD00BFC004002058390020E6
:1089C000014800F0D3BB00BFB0060020014800F012
:1089D000CDBB00BFB8070020014800F0C7BB00BFF7
:1089E000F8050020014800F0C1BB00BF9805002039
:1089F000014802F017BC00BF580600200A4A03468F
:108A0000106810B508B9094810600949094C0344B9
:108A1000091B8B4206D905F071FC0C2303604FF053
:108A2000FF3010BD1360FCE7A0390020D8EA012018
:108A30000000022000040000034AD2F8883043F40A
:108A40007003C2F88830704700ED00E0DFF834D0E2
:108A50000D480E490E4A002302E0D458C450043396
:108A6000C4188C42F9D30B4A0B4C002301E013606D
:108A70000432A242FBD3FFF7DFFF05F045FCFAF713
:108A80000FFB704700000220000000206000002063
:108A9000C83D010860000020D4EA0120FEE7000084
:108AA00008B50B4B1A6842F400721A601A6842F457
:108AB00080621A601A6842F480721A60032000F023
:108AC000E5F90520FFF7DCFEFFF7B0FB002008BD4D
:108AD000003C0240034A044B11681B780B441360AE
:108AE000704700BFA439002004000020014B186823
:108AF000704700BFA439002038B50446002800F0B4
:108B00009B80056C25B9FFF7B1FB656484F83C5088
:108B1000236CDB0600F18E80236C23F4885323F052
:108B2000020343F002032364444B5A6822F44032A8
:108B30005A605A6861680A435A60236821695A6812
:108B400022F480725A605A6842EA01225A605A68D6
:108B5000A16822F040725A605A680A435A609A68C3
:108B6000E16822F400629A609A680A439A60344984
:108B7000A26A8A4252D0996821F07061996099681E
:108B80000A439A609A68E16A22F040529A609A68B1
:108B90000A439A609A6822F002029A609A68217EDB
:108BA00042EA41029A6094F82020002A3ED05A6896
:108BB000616A42F400625A605A6822F460425A6064
:108BC0005A68013942EA41325A60DA6AE16922F4AC
:108BD0007002DA62DA6A013942EA0152DA629A68AC
:108BE00022F400729A609A6894F8301042EA4122A6
:108BF0009A609A68616922F480629A609A6800209B
:108C000042EA81229A606064236C23F0030343F0FC
:108C100001032364002384F83C3038BD9A6822F0B5
:108C200070629A609A6822F04052B2E75A6822F461
:108C30000062C9E70120EDE70120EEE700230140D3
:108C40000100000F704770477047036870B51E68D9
:108C50005D68B20704462BD5A80629D5226CD1063B
:108C60005EBF226C42F4007222649A6812F0405F88
:108C700017D1227EAAB9DA6A12F4700F02D09A686C
:108C800052050ED45A6822F020025A60236C23F455
:108C900080732364236CD8045EBF236C43F001030C
:108CA00023642046FFF7CEFF23686FF012021A609C
:108CB000710733D52A0631D5236CDB065EBF236CE2
:108CC00043F40053236423689A6812F4401F1ED1B2
:108CD0009A6B12F4401F02D09A68500517D45A6854
:108CE000510514D49A6812F0405F10D1227E72B9F7
:108CF0005A6822F080025A60236C23F48053236464
:108D0000236CDA055EBF236C43F001032364204625
:108D100000F0BAF823686FF00C021A60F30710D560
:108D200068060ED523681B68D9070AD5236C43F45F
:108D3000803323642046FFF786FF23686FF001022B
:108D40001A60B2060ED56B010CD5636C43F00203BA
:108D5000636423686FF020051D602046FFF774FFF1
:108D600023681D6070BD0000F7B50023019390F8E3
:108D70003C30012B05467CD0012380F83C3008684C
:108D80002B688E68092884B230D904EB4402DF686E
:108D90001E3A4FF0070C0CFA02FC27EA0C07DF60C2
:108DA000DF6806FA02F23A43DA604968062901EB05
:108DB00081022AD8596B053A1F26964021EA0601FE
:108DC0005963596B04FA02F20A435A632A4A9342DE
:108DD00007D1122834D1D2F8043343F48003C2F807
:108DE0000433002085F83C0003B0F0BD1A6900EBA5
:108DF000400C072707FA0CF722EA07021A611A69E2
:108E000006FA0CF616431E61CFE70C294FF01F013E
:108E10000BD81E6B233A914026EA01011963196BA6
:108E200004FA02F20A431A63D0E7DE6A413A91403B
:108E300026EA0101D962D96A94400C43DC62C5E795
:108E4000A0F11003012BCCD80C4A5368102843F42E
:108E500000035360C5D10A4B0A4A1B68B3FBF2F307
:108E60000A2253430193019B002BBAD0019B013B83
:108E7000F8E70220B8E700BF0020014000230140CE
:108E80000000002040420F00704700000749CA68F8
:108E900022F4E0620302120403F4E063120C1343B1
:108EA00043F0BF6343F40033CB60704700ED00E054
:108EB000164B30B5DC68C4F30224C4F10703251D4A
:108EC000042B28BF0423062D4FF0FF358CBF033C35
:108ED000002405FA03F321EA0303A54022EA050270
:108EE000A340002843EA0203ACBF00F16040084AF7
:108EF0004FEA0313B8BF00F00F00DBB2AABF00F5C2
:108F00006140135480F8003330BD00BF00ED00E035
:108F100014ED00E0002807DB4109044A00F01F00BF
:108F20000123834042F82130704700BF00E100E098
:108F3000036810B5084C0246D9B210391820B1FBAD
:108F4000F0F0205CD06523F47F7020F003005F29EF
:108F500088BF0430906510BD9839010870B504468B
:108F6000FFF7C4FD0546002C60D0022384F835309D
:108F70002268002384F83430136823F0010313605F
:108F800022681368D8072ED413683248A1691840A4
:108F9000D4E901352B43E5682B4325692B436569EB
:108FA0002B43E5690B432B43256A2B430343606A3C
:108FB000042802BFD4E90B5635432B431360536991
:108FC000042823F0070343EA000335D1A06AE56AC9
:108FD00003438DB391B9012820D030F002012BD189
:108FE000E90129D51DE0FFF781FD401B0528C7D900
:108FF00020230320636584F8350070BDB1F5005F60
:1090000016D1032818D801A151F820F023900008A8
:10901000E18F0008239000081D900008B5F1C07F83
:109020000AD140236365012384F835300120E4E749
:109030000228F6D90328D3D053612046FFF778FFE2
:10904000E26D3F239340836000200123606584F834
:109050003530D2E73F8010F070B590F83440866D1F
:10906000012C30D0012480F8344090F83540012C98
:109070004FF0000425D1022580F83550446504687E
:10908000256825F48025256063608368402B0EBF2A
:10909000A260A160E260C26D08BFE1603F2393401F
:1090A000B360236843F016032360036C1BB123688D
:1090B00043F008032360236843F00103236000208A
:1090C00070BD80F834400220FAE770B50446866D22
:1090D000FFF70CFD94F83530022B054606D08023AF
:1090E00063650120002384F8343070BD23681A685A
:1090F00022F016021A605A6922F080025A61226C2C
:109100000AB9A26C1AB11A6822F008021A601A6829
:1091100022F001021A602368186810F0010007D1DC
:10912000E26D3F239340B360012384F83530D9E7E3
:10913000FFF7DCFC401B0528EDD9202303206365E5
:1091400084F83500CEE790F83530022B03D0802329
:109150004365012070470268052380F835301368A5
:1091600023F001031360002070470000F7B50023CF
:1091700001935C4B856D1F68C36D2E6808229A4071
:10918000324204460CD001680868400708D50868D8
:1091900020F004000860AA60626D42F0010262657E
:1091A00001229A40324208D021684969090641BF2C
:1091B000AA60626D42F00202626504229A40324265
:1091C00008D021680968880741BFAA60626D42F033
:1091D0000402626510229A40324210D02368196856
:1091E00009070CD5AA601A68500337D51B68190304
:1091F00001D4236C00E0A36C0BB120469847E16DCD
:1092000020228A4032423AD023681868C60636D5F2
:10921000AA6094F83520052A1A6827D122F0160290
:109220001A605A6922F080025A61226C0AB9A26C53
:109230001AB11A6822F008021A603F238B40AB6013
:10924000012384F83530002384F83430236D002B5B
:1092500045D0204603B0BDE8F04018471A68D20553
:109260005EBF1A6822F008021A60C2E7500327D5D1
:109270001B68190331D4636C0BB120469847636DAA
:109280006BB3636DDA0719D522684FF41653B7FB39
:10929000F3F7052384F83530136823F001031360D6
:1092A000019B0133BB42019302D81368DB07F7D45B
:1092B000012384F83530002384F83430E36CC6E7AA
:1092C0001A6812F4807208D1196821F0100119602F
:1092D000012384F8353084F83420E36BCCE703B005
:1092E000F0BD00BF0000002090F83500704700007E
:1092F0002DE9F74FDFF8A491664A00230D68012499
:109300009C4004EA0506AC4340F0AF804D6803275B
:1093100005F003044FEA430807FA08FC671E012F13
:109320006FEA0C0C34D8876807EA0C0ECF6807FA8E
:1093300008F747EA0E078760476827EA060EC5F375
:1093400000179F4047EA0E074760C76807EA0C0E00
:109350008F6807FA08F747EA0E07022CC76019D191
:109360004FEAD30A00EB8A0A03F0070BDAF8207001
:109370004FEA8B0B4FF00F0E0EFA0BFE27EA0E0E84
:109380000F6907FA0BF747EA0E07CAF8207001E0E9
:10939000032CDAD1076804FA08F407EA0C073C4307
:1093A00015F4403F046060D000240194D9F8444093
:1093B00044F48044C9F84440D9F8444023F00307FA
:1093C00007F1804704F4804407F59C37019403F0CB
:1093D000030C019CD7F808E04FEA8C0C0F2404FA28
:1093E0000CF42EEA040E2C4CA04245D004F5806407
:1093F000A04243D004F58064A04241D004F58064CB
:10940000A0423FD004F58064A0423DD004F58064C2
:10941000A0423BD004F58064A04239D004F58064BA
:10942000A04214BF0824072404FA0CF444EA0E04F2
:10943000BC609468F74315F4801F0CBF3C40344374
:109440009460D46815F4001F0CBF3C403443D460D2
:10945000546815F4003F0CBF3C403443546014681A
:10946000ED0354BF3C40344314600133102B7FF4B0
:1094700045AF03B0BDE8F08F0024D5E70124D3E762
:109480000224D1E70324CFE70424CDE70524CBE76A
:109490000624C9E7003C01400000024000380240B9
:1094A00000690840003818BF012070470AB1816187
:1094B00070470904FBE7436901EA030221EA03015B
:1094C00041EA02418161704770B5044608B9012044
:1094D00070BD90F83D3003F0FF021BB980F83C20CE
:1094E000FEF71EFF242384F83D3023681A6822F01B
:1094F00001021A601A6842F400421A601A6822F4E3
:1095000000421A6001F03EF93F4B65689D4294BFEE
:109510003E4B3F4B98428CBF00230123002BD6D1FA
:109520002268394E51683B4BB0FBF3F321F03F0109
:109530001943B542516088BF4FF49676116A88BFCF
:10954000734321F03F0184BF4FF47A76B3FBF6F307
:1095500001330B431362D169431E2B4821F44F4161
:10956000854221F0FF0132D86D0040F6FC70B3FB5C
:10957000F5F30133034242D0C3F30B031943D16126
:10958000D4E907301168034321F0C0010B43136095
:109590009168D4E9030321F40341034321F0FF015F
:1095A0000B439360D4E90530D168034321F0FF01F8
:1095B0000B43D360136843F00103136000202023A2
:1095C000206484F83D30206384F83E0080E7A06882
:1095D00050B905EB4505B3FBF5F30133C3F30B03BA
:1095E0007BB143F40043C9E719206843B3FBF0F3B0
:1095F0000133C3F30B0323B143F44043BEE7042319
:10960000BCE70123BAE700BFA08601007F841E00EB
:10961000FF083D0040420F00704770477047704799
:1096200070477047704790F83D2008B5036DD2B27F
:1096300083B9C36C0268012B836C05D1DBB2136163
:10964000036D0233036508BDC3F307231361036D84
:109650000133F7E7036D012B03D1836C0268DBB2A2
:10966000F4E7036D022BEED1222A05D102681368BC
:1096700043F480731360EAE7438D9BB263B1212A00
:109680000AD1436A026813F8011B11614362438DDA
:10969000013B9BB24385D6E7438D9BB2002BD2D1D1
:1096A000212AD0D10268516821F4E061516011682B
:1096B00041F4007111602022036380F83D2080F89E
:1096C0003E30FFF7AFFFBEE77047704770470000BE
:1096D00037B5002301932D4B806B1B6890F83D201C
:1096E00046F2A811B3FBF1F323214B430193036826
:1096F000D2B2019941BB016C41F020010164446B7D
:109700000CB10021E163816B09B10025CD631D68B7
:1097100025F480651D600025458504B1256501B1EE
:109720000D65196821F00101196090F83D1060295C
:1097300011D1202380F83D30002380F83E300364AF
:10974000FFF7C4FF03B030BD0199013901911968D9
:109750008905CED4D3E702F02802282A0ED1196851
:1097600041F001011960196841F48061196000231A
:10977000036380F83D20FFF7A8FFE3E7202380F88C
:109780003D30002380F83E30F5E700BF00000020A8
:1097900010B590F83D2090F83E30102BD9B2044619
:1097A0000368D2B201D0402913D1222A11D11968FD
:1097B00021F400611960596811F4006106D1602A32
:1097C0001EBF202284F83D2084F83E100022226330
:1097D00007E002F028012829EDD10022226384F855
:1097E0003D105A6812F400624FD05A68606B22F440
:1097F00000625A6090F83530012B374B2BD003654F
:10980000FFF7A1FC50B12268606B136823F00103DD
:109810001360202384F83D30036D9847236C1907AB
:109820001FBF2268536823F4E063536094F83D300F
:10983000226C5207DBB20DD5282B0BD1274BE362EC
:10984000202200232363204684F83D2084F83E3004
:10985000FFF7E7FE10BDA06B0365FFF774FC00285F
:10986000DCD023685A69510605D51A69636A1A70F3
:10987000636A013363622268A06B136823F00103FB
:109880001360202384F83D30C6E794F83D1060292A
:1098900015D1202184F83D1022645A69520605D55D
:1098A0001A69636A1A70636A013363622268136813
:1098B00023F0010313602046FFF708FFAEE75A6963
:1098C000500605D51A69636A1A70636A01336362C8
:1098D0002046FFF7FAFEA1E7D19600080000FFFF3F
:1098E000F0B5036804465A68C66A90F83E0094F8DA
:1098F0003D1010288FB0C5B2C9B202D0402D40F043
:10990000CF829F69586910F0010F07D1B6F52A0F71
:1099100002D0B6F12A4F51D10FB0F0BD96054DD50A
:10992000E26AB2F52A0F0CD10122E26294F83E20DD
:10993000402A11D1226D52B9626C02F0FE021A6106
:10994000EAE7E26AB2F12A4FF0D10822EDE7626C51
:1099500042F00102D2B2F2E72269B2F5804F1AD189
:1099600094F83D20212A626C11D102F0FE021A61A6
:10997000626B0AB1D26B2AB9A26B002ACCD0D26B2F
:10998000002AC9D05A6842F400625A60C4E742F023
:109990000102D2B2EBE7226D32B9626CD21102F051
:1099A000060242F0F002CAE7226D012AB4D1626CCD
:1099B000D21102F0060242F0F102C0E7060703D519
:1099C000960501D5626CE4E7860740F1E8809605CC
:1099D00040F1E58094F83E10E26A256B94F83D0072
:1099E0002228C9B240F0D380206D40B9402906D169
:1099F00001905A6901929B690193019B8CE7216D4B
:109A000089B92069B0F5404F0DD102915A6902928F
:109A10009A690292029A1A6842F480721A60236D5F
:109A20000133236578E7618D89B251B903915A6991
:109A300003929A690392039A1A6842F400721A60B8
:109A400019E0618D89B2012949D112F5803F1BD1FE
:109A50001A6822F480621A605A6812F400620CD00C
:109A60001A6822F480621A60002204925A690492F1
:109A70009B690493049B0023D3E705925A690592DE
:109A80009A690592059AD7E7082A1CD0202A1AD08D
:109A9000122D0DD1012A16D11A6822F480621A60A3
:109AA000002206925A6906929B690693069BE2E79A
:109AB000102AF1D8974941FA02F2D707ECD41A6874
:109AC00042F48062EBE71A6822F480621A60002296
:109AD00007925A6907929A690792079AACE7618DD3
:109AE00089B2022930D1102A03D88B49D140CE0740
:109AF00015D4196821F480611960196841F4006176
:109B0000196059680D0514D5202A1AD8072A0AD8D1
:109B1000012A0ED15A6842F480525A6009E019684D
:109B200041F48061ECE7A2F108017C4ACA40D00709
:109B3000F0D4002208925A6908929B690893089B06
:109B400099E712F5803FE4E7196841F480611960F4
:109B50005968090510D5202A16D8072A06D8012ADF
:109B60000AD15A6842F480525A6005E0A2F1080115
:109B70006A4ACA40D207F4D4002209925A6909926B
:109B80009B690993099B76E712F5803FE8E700227D
:109B90000A925A690A929B690A930A9BBCE67F075C
:109BA00040F18D805E6836053FF5B6AE070600F0E1
:109BB00004063ED550053CD5002E3DD194F83D20FD
:109BC000258D94F83E10E06AD2B2C9B2C5B9212AF7
:109BD00018D1082858D0202856D010F5803F53D0EF
:109BE0005A6822F4E0625A6011232363002384F848
:109BF0003E30202384F83D302046FFF70DFD8BE6F4
:109C0000212A05D040297FF487AE222A7FF484AE32
:109C1000628D92B21AB95A6822F48062B5E694F85D
:109C20003E20402A16D120460FB0BDE8F040FFF795
:109C3000FABC002E3FF470AE97057FF56DAE21297A
:109C400039D1E16A94F83D20212A7FF465AE628D16
:109C500092B24AB1626A12F8011B19616262638DA5
:109C6000013B9BB2638557E608290DD020290BD014
:109C700011F5803F08D0596821F4E0615960112343
:109C8000236384F83E20B4E75A6822F4E0625A6005
:109C90001A6842F400721A6000232022236384F8B9
:109CA0003D2094F83E2084F83E30402A2046A4D13E
:109CB000FFF7B8FC30E6402D7FF42EAEB3E75968CD
:109CC0000E053FF529AE450600F004017DD550058F
:109CD0007BD500297CD194F83D20222A7FF41CAE4C
:109CE000628D92B2032A1BD91A69636A1A70636A79
:109CF00001336362638D013B9BB26385638D9BB2CD
:109D0000032B7FF409AE2268536823F48063536009
:109D100002E600BFEBFFFEFF14000100010100019D
:109D2000E06A02283FF477AF012A3FF674AF764A23
:109D30000B91126846F2A811B2FBF1F202EB82021B
:109D40000B920B9A013A0B920B99D1B9226C42F00B
:109D5000200222645A6822F4E0625A601A69636A37
:109D60001A70636A01336362638D013B9BB2638542
:109D7000202384F83D30204684F83E10FFF7A5FCF0
:109D8000CAE51A6812F40072DBD1196821F4806107
:109D90001960596821F4E06159601969636A1970A2
:109DA000636A01336362638D013B9BB26385202349
:109DB00084F83D3094F83E3084F83E20402B69D141
:109DC00022632046FFF780FCA6E500293FF4A4ADFE
:109DD00092057FF5A1ADE26A608D616A80B20428C8
:109DE00009D15A6822F480625A601B690B70636A59
:109DF0000133636233E7608D80B203280CD1586869
:109E0000042A20F480605860EFD0022AEDD01A684E
:109E100022F480621A60E8E7608D80B20228E4D103
:109E2000042A33D007D8012A07D0022A2ED01A6874
:109E300042F4007204E0102AF9D11A6822F4806218
:109E40001A601B690B70626A531C6362638D013B6D
:109E50009BB2638523681B695370636A2268013370
:109E60006362638D013B9BB26385536823F4407347
:109E70005360202384F83D3094F83E30402B4FF05F
:109E8000000384F83E3005D123639AE71A6842F450
:109E90008062D5E7122323632046FFF7BEFB3BE534
:109EA000206C18B35869002587072FD596052DD546
:109EB000226C02B19D6994F83D2002F02802282A04
:109EC00017D15A682F0622F480625A60C5F38001C8
:109ED00054BFE268A269002381F00101C9B284F88D
:109EE0003C3092B22046FFF79BFB15E59D6958690F
:109EF000DAE700220C9259690C919B690C930C9B38
:109F000084F83C2008E500BF00000020C60640F1B0
:109F1000B180950540F1AE8094F83D505A6822F426
:109F2000E0625A6000220D925A690D921A6842F05E
:109F300001021A600D9A1A6822F480621A605A6847
:109F40001005EDB220D505F0F702222A4AD1A06B08
:109F50000268526892B26285628D92B21AB1226C26
:109F600042F0040222645A6822F400625A60FFF749
:109F7000BBF9012808D0A06B794B0365FFF7E3F824
:109F800010B1A06B036D9847638D9BB213B3236828
:109F90005A69510709D51A69636A1A70636A0133ED
:109FA0006362638D013B9BB2638523685A695206E5
:109FB00009D51A69636A1A70636A01336362638D33
:109FC000013B9BB26385638D9BB21BB1236C43F055
:109FD00004032364236C13B320460FB0BDE8F040A4
:109FE000FFF7D6BB606B0268526892B26285628DE1
:109FF00092B21AB1226C42F0040222645A6822F42E
:10A0000000625A60FFF770F90128BDD0606B544BB5
:10A010000365FFF798F80028B6D0606BB2E72A2DE9
:10A0200006D12363282384F83D302046FFF7F7FA52
:10A0300094F83D30282B0CD14A4BE36220220023B8
:10A040002363204684F83D2084F83E30FFF7E9FA88
:10A0500062E4236B222B02D0222D7FF45DAC00231F
:10A060002022236384F83D2084F83E302046FFF709
:10A07000D6FA51E401F0F701212900F0040535D1A9
:10A08000070627D5560525D53DBB94F83D00628DC2
:10A0900092B2C0B2002A3FF43FAC626A12F8015B90
:10A0A0001D616262628D013A92B26285628D92B2E6
:10A0B000002A7FF431AC29287FF42EAC5A6822F4B0
:10A0C00080625A6028232163204684F83D30FFF7E0
:10A0D000A5FA21E4002D3FF41FAC95057FF51CACDB
:10A0E000628D92B2002A3FF417ACB3E5400627D543
:10A0F000510525D53DBB94F83D20618D89B2D2B282
:10A1000000293FF409AC1969636A1970636A013365
:10A110006362638D013B9BB26385638D9BB2002BB1
:10A120007FF4FAAB2A2A7FF4F7AB2268536823F452
:10A130008063536022232363282384F83D3095E70E
:10A14000002D3FF4E9AB92057FF5E6AB628D92B24C
:10A15000002A3FF4E1AB1A69636A1A7047E600BF50
:10A16000D19600080000FFFFF8B503685F695E68DC
:10A1700090F83E2017F480750446D2B206D016F44B
:10A1800080751EBF6FF4807159610125B80506D531
:10A19000F10542BF6FF4007145F002055961780581
:10A1A00036D5F10534D5608D94F83D10D4F830C023
:10A1B000202A80B2C9B25BD1002859D101F0F70042
:10A1C000212804D0282953D1BCF1210F50D194F873
:10A1D0003D20E16A0829D2B201D020292AD1282ABB
:10A1E00028D12C4AE2625A6822F4E0625A606FF485
:10A1F00080625A611A6822F480621A600023202269
:10A200002363204684F83D2084F83E30FFF709FAA6
:10A210003A053BD5F30539D523686FF4006245F064
:10A2200008055A61236C1D4325642046BDE8F840AB
:10A23000FFF7AEBA212A17D11649E1622263202224
:10A2400084F83D20002284F83E205A6822F4E0621F
:10A250005A606FF480625A611A6822F480621A6050
:10A260002046FFF7DBF9D3E76FF480625A61CFE74E
:10A270006FF48061102A596145F0040501D0402A2D
:10A28000C6D11A6842F400721A60C1E7002DC9D124
:10A29000F8BD00BF0000FFFF2DE9F341044640B3C5
:10A2A0000368DE0710D423689D075BD42368190771
:10A2B00000F19D8023685A0700F1BD80A369002B3F
:10A2C00040F0248100202CE08D4B9A6802F00C02B3
:10A2D000042A07D09A6802F00C02082A0BD15B68A6
:10A2E000590208D5864B1B689A03DCD56368002B9E
:10A2F000D9D1012015E06368814DB3F5803F13D1BA
:10A300002B6843F480332B60FEF7F0FB7C4E054650
:10A3100033689B03C7D4FEF7E9FB401B6428F7D9D9
:10A32000032002B0BDE8F081B3F5A02F04D12B6863
:10A3300043F480232B60E3E72A6822F480322A600A
:10A340002A6822F480222A60002BDDD1FEF7CEFBA2
:10A3500006462B689F03A6D5FEF7C8FB801B642822
:10A36000F7D9DDE7664B9A6812F00C0F07D09A68B0
:10A3700002F00C02082A11D15B685D020ED4604A1B
:10A380001368990702D5E368012BB2D113682169DC
:10A3900023F0F80343EAC103136087E7E268594BEF
:10A3A000B2B101221A60FEF7A1FB554D06462B689B
:10A3B0009B0707D52B68226923F0F80343EAC20301
:10A3C0002B6073E7FEF792FB801B0228EFD9A7E70B
:10A3D0001A60FEF78BFB4A4E054633689F077FF5F0
:10A3E00065AFFEF783FB401B0228F6D998E7626948
:10A3F000444B82B10122C3F8802EFEF777FB404E1A
:10A400000546736F9B073FF555AFFEF76FFB401B8B
:10A410000228F6D984E7C3F8802EFEF767FB384E92
:10A420000546736F9F077FF545AFFEF75FFB401B47
:10A430000228F6D974E7324B1A6C12F0805228D1F8
:10A4400001921A6C42F080521A641B6C03F0805324
:10A450000193019B01272C4D2B68D8051BD5A368C0
:10A46000274D012B27D12B6F43F001032B67FEF7FC
:10A470003DFB234E054641F28838336F9A0739D5A4
:10A48000002F3FF41BAF1E4A136C23F0805313645C
:10A4900014E70027DFE72B6843F480732B60FEF797
:10A4A00025FB06462B68D905D9D4FEF71FFB801B78
:10A4B0000228F7D934E7052B04D12B6F43F00403AE
:10A4C0002B67D0E72A6F22F001022A672A6F22F059
:10A4D00004022A67002BCAD1FEF708FB41F2883834
:10A4E00006462B6F9B07CBD5FEF700FB801B404534
:10A4F000F7D915E7FEF7FAFA401B4045BDD90FE73B
:10A50000003802400000474200700040374DAA6802
:10A5100002F00C02082A3ED0022B354B4FF000020D
:10A520001A662BD1FEF7E2FA06462B6899011FD472
:10A53000D4E907321343626A43EA8213E26A43EAC8
:10A540000263A26A5208013A43EA02436B60284B55
:10A55000264D01221A66FEF7C9FA04462B689A01B5
:10A560003FF5B0AEFEF7C2FA001B0228F6D9D7E6D7
:10A57000FEF7BCFA801B0228D7D9D1E6FEF7B6FA5F
:10A5800004462B689B017FF59DAEFEF7AFFA001BDA
:10A590000228F6D9C4E6012B3FF4ABAE6B68E26942
:10A5A00003F4800191427FF4A4AE216A03F03F02DC
:10A5B0008A427FF49EAE616A47F6C0721A40B2EBDF
:10A5C000811F7FF496AEA26A520803F44031013A2B
:10A5D000B1EB024F7FF48DAEE26A03F07063B3EB30
:10A5E000026F14BF012000209BE600BF003802402C
:10A5F00000004742134908B58B6803F00C03042B95
:10A600001CD0082B1CD14A684B68496813F480039E
:10A6100014BF0D480D48C1F3881118BF002302F084
:10A620003F02A1FB0001F6F765FC064B5B68C3F334
:10A63000014301335B00B0FBF3F008BD0248FCE7C7
:10A640000248FAE70038024000127A000024F400C1
:10A650002DE9F0410D46044610B90120BDE8F08116
:10A66000434B1A6802F007028A4228D321688F07F9
:10A670002DD4C80740D43E4B1A6802F00702AA4204
:10A6800065D8226851076BD4130707D5394A216969
:10A69000936823F4604343EAC1039360FFF7AAFF82
:10A6A000344B354A9B68C3F30313D35CD840334B18
:10A6B0001860334B1868FEF7E3F80020CEE7CAB203
:10A6C0001A701B6803F007038B42C6D1CEE7294BF3
:10A6D00011F0040F1EBF9A6842F4E0529A600E0710
:10A6E00042BF9A6842F460429A609A68A06822F079
:10A6F000F00202439A60BCE762681E4B012A1CD13B
:10A700001B6813F4003FA8D01A4EB36823F003036C
:10A710001343B360FEF7EAF941F288380746B3689D
:10A72000626803F00C03B3EB820FA4D0FEF7DEF9EE
:10A73000C01B4045F3D9032090E7911E01291B68F7
:10A7400002D813F0007FDEE713F0020FDBE7EAB276
:10A750001A701B6803F00703AB427FF47EAF90E7EB
:10A760000449E0688B6823F4E05303438B608BE774
:10A77000003C0240003802408839010800000020F7
:10A7800008000020044B054A9B68C3F38223D35C76
:10A79000034A1068D84070470038024080390108E9
:10A7A00000000020044B054A9B68C3F34233D35C8E
:10A7B000034A1068D84070470038024080390108C9
:10A7C000000000200F2303600B4B9A6802F0030285
:10A7D00042609A6802F0F00282609A6802F4E052E5
:10A7E000C2609B68DB0803F4E0530361034B1B6802
:10A7F00003F007030B60704700380240003C024042
:10A8000082B000230093134B45F6C0521B68B3FB84
:10A81000F2F36422534301930368019A9AB9426D9B
:10A8200042F0400242651A6822F040021A605A68FB
:10A8300022F0E0025A60DB680093009B072380F857
:10A84000513002B07047019A013A01929A6892071A
:10A85000E3D5E8E70000002003685A6822F0800290
:10A860005A601A6822F040021A60072380F85130BB
:10A87000704700002DE9F3411C4616460F46054679
:10A88000FEF734F93444241AFEF730F9244B1B68E0
:10A89000C3F3CB336343804601932A68936837EA56
:10A8A000030301D000202EE0731CF7D0FEF71EF941
:10A8B000A0EB0800A04229D32B685A6822F0E002DE
:10A8C0005A606A68B2F5827F0AD1AA68B2F5004F71
:10A8D00002D0B2F5806F03D11A6822F040021A60EC
:10A8E000AA6AB2F5005F07D11A6822F400521A6012
:10A8F0001A6842F400521A60012385F8513000238F
:10A9000085F85030032002B0BDE8F081019A019B28
:10A91000002A03F1FF33019308BF1446BDE700BFCF
:10A920000000002038B513464268B2F5827F044625
:10A9300006D00A460121FFF79DFFB8B9002038BDB7
:10A940008268B2F5004F02D0B2F5806F07D125685A
:10A950002868B2F5806F20F04000286003D00A46D6
:10A9600080212046E7E70A460121FAE7636D43F0BC
:10A97000200363650320E2E737B51346124A1568E2
:10A98000124AB5FBF2F54FF47A72554342680195CD
:10A99000B2F5827F04460BD10A468021FFF76AFF99
:10A9A00078B1636D43F020036365032003B030BDCD
:10A9B000019B33B1019B013B019323689B681B06FC
:10A9C000F6D40020F2E700BF0000002000366E0140
:10A9D00010B50446002855D0436A002B4ED142687A
:10A9E000B2F5827F00D0C3610023A36294F8513096
:10A9F00003F0FF0223B984F850202046FDF720FD24
:10AA00002168A068A269022384F851300B6823F002
:10AA100040030B60636800F4044003F48273034353
:10AA2000E06800F400600343206900F00200034383
:10AA3000606900F00100034302F400700343E06921
:10AA400000F038000343206A00F080000343A06A4E
:10AA500000F4005003430B60636A120C03F0100310
:10AA600002F004021A434A60CB6923F40063CB610D
:10AA700000200123606584F8513010BD0023C0E937
:10AA80000433B1E70120F8E72DE9F7431F4690F8BA
:10AA90005030012B04460D46904600F0A080012363
:10AAA00080F85030FEF722F894F85130012B81469F
:10AAB000D8B240F09280002D61D0B8F1000F5ED086
:10AAC000032384F8513000236365C4E91033A4F8EC
:10AAD0003680A363A387E387A36826682563B3F55D
:10AAE000004FA4F8348007D1336823F0400333606B
:10AAF000336843F4804333603368E2685B065EBFCB
:10AB0000336843F040033360B2F5006F63683FD1B0
:10AB100013B1B8F1010F07D135F8023BF36025639B
:10AB2000E38E013B9BB2E386E38E9BB2A3B94A4618
:10AB300039462046FFF720FF00284BD1A36833B9E0
:10AB400001932368DA6801929B680193019B606D11
:10AB5000003818BF012012E022689368980705D5D5
:10AB6000236B33F8021BD1602363D9E7FDF7BEFFE7
:10AB7000A0EB0900B842D7D3791CD5D0032001231C
:10AB800084F85130002384F8503003B0BDE8F083DE
:10AB900013B1B8F1010F08D12B783373236B013354
:10ABA0002363E38E013B9BB2E386E38E9BB2002BD3
:10ABB000BDD023689A68920703D5226B12781A7366
:10ABC000ECE7FDF793FFA0EB0900B842EDD37B1C47
:10ABD000EBD0D3E720236365B0E70220CFE7022064
:10ABE000D3E72DE9F7431E4690F85030DDF8288072
:10ABF000012B04460D46914600F0E180012380F8C8
:10AC00005030FDF773FF94F851306268012B07460E
:10AC1000D9B20AD0B2F5827F40F0CF80A368002B72
:10AC200040F0CB80042940F0C88015B1B9F1000F85
:10AC300009D10120012384F85130002384F85030D9
:10AC400003B0BDE8F083002EF3D094F85130C4F87F
:10AC50003890042B1CBF052384F851300023636512
:10AC6000C4E910332368E687E6861968A687490693
:10AC700058BF1968256358BF41F04001A68658BFE8
:10AC80001960E168B1F5006F48D10AB1012E07D112
:10AC900035F8022BDA60E38E2563013B9BB2E38635
:10ACA0000125E38E9BB263B9E38F9BB24BB93A4661
:10ACB00041462046FFF760FE002872D020236365DE
:10ACC000B7E721688B689A070DD5E38E9BB253B125
:10ACD00045B1236B33F8022BCA602363E38E013B3B
:10ACE0009BB2E38600258A6812F001020CD0E38F44
:10ACF0009BB24BB1A36BC96823F8021BA363E38F1C
:10AD0000013B9BB2E3871546FDF7F0FEC01B4045B3
:10AD1000C7D3B8F1FF3FC4D003208BE70AB1012E9F
:10AD200008D12A781A73236B01332363E38E013B26
:10AD30009BB2E3860125E38E9BB21BB9E38F9BB2E6
:10AD4000002BB4D0226893689B070ED5E38E9BB28C
:10AD50005BB14DB1236B1B781373236B01332363FA
:10AD6000E38E013B9BB2E38600252268916811F0D7
:10AD700001010DD0E38F9BB253B1A36BD2681A705F
:10AD8000A36B0133A363E38F013B9BB2E3870D46C3
:10AD9000FDF7ACFEC01B4045CDD3B8F1FF3FCAD094
:10ADA000BAE7A368002B7FF445AF23680190DA6807
:10ADB00001929B680193019B3CE702203AE7022045
:10ADC0003EE72DE9F7431D464368B3F5827F04460D
:10ADD000894617460CD1836853B9042380F8513053
:10ADE000134600950A46FFF7FCFE03B0BDE8F0836A
:10ADF00094F85030012B7FD0012384F85030FDF7B8
:10AE000075FE94F85130012B8046D8B272D1B9F159
:10AE1000000F5CD0002F5AD0A268C4F838900026EA
:10AE20000423B2F5004F84F85130C4E9106666651A
:10AE30002368E787A7872663A686E68607D11A6870
:10AE400022F040021A601A6822F480421A601A68DE
:10AE500056065EBF1A6842F040021A60E368F3B11A
:10AE6000E38F9BB2FBB123689A68D20736D5DA68C4
:10AE7000A36B23F8022BA363E38F013B9BB2E38711
:10AE8000EEE723689A68D00718D5A26B1B7B137076
:10AE9000A36B0133A363E38F013B9BB2E387E38F93
:10AEA0009BB2002BEDD1424629462046FFF73AFDE2
:10AEB000E8B9606D003818BF012008E0FDF716FE04
:10AEC000A0EB0800A842EAD3691CE8D003200123C4
:10AED00084F85130002384F8503086E7FDF706FEF1
:10AEE000A0EB0800A842BBD36B1CB9D0EEE720232F
:10AEF0006365DEE70220EAE7022076E738B504461C
:10AF000090F85000012870D0012084F8500094F887
:10AF100051000128C5B208D06068B0F5827F62D1C7
:10AF2000A06800285FD1042D5DD1002933D0002A0C
:10AF300031D0002B2FD094F85100A38604281CBFD9
:10AF4000052084F8510000206065E386E387A3872D
:10AF500094F851302163042BC4E9100018BF244930
:10AF6000E06C12BF234B2449244BA263C0E90F318C
:10AF7000234BC364002321680365E38F0C319BB22C
:10AF8000FEF76AF8034658B1636D43F0100363653A
:10AF9000012384F851300120002384F8503038BD5B
:10AFA0002268A06C516841F001015160C0E90F3383
:10AFB000C0E91333E38E216B9BB20C32FEF74CF8E1
:10AFC0000028E1D123681A6852065EBF1A6842F071
:10AFD00040021A605A6842F020025A605A6842F0F1
:10AFE00002025A60D8E70220D6E70220D7E700BF66
:10AFF00039B10008CBB100082DB1000865B10008D7
:10B0000043B100081FB5454B45F6C0521B68B3FB62
:10B01000F2F3642253430193019B009303685A683F
:10B0200022F020025A605A68110604460AD53C4AAA
:10B030004264009A002A59D1626D42F04002626572
:10B04000019A00925A6852060AD5364A2264009A3A
:10B05000002A53D1626D42F040026265019A00926B
:10B060005A68900714D5A06C90B100230365FEF7D1
:10B070002CF808B14023636523685A6822F0020265
:10B080005A60009A002A41D1626D42F04002626526
:10B090005A68D20711D5E06C78B100230365FEF73A
:10B0A00014F808B14023636523681A6822F040024F
:10B0B0001A605A6822F001025A600022E287E28692
:10B0C000616D402918BF62650292D9680291996842
:10B0D0000291029903929B680393039B14BF10464D
:10B0E0000120012384F8513004B010BD009A013AC8
:10B0F000009294F85120072A9BD1A1E7009A013AC7
:10B10000009294F85120072AA1D1A7E7009A013AAA
:10B1100000929A689107B4D5BAE700BF00000020FA
:10B1200059A8000801A800087047704708B5806B4F
:10B13000FFF7FBFF08BD704708B5806BFFF7FBFF0B
:10B1400008BD806B026808B5536823F003035360A1
:10B15000436D43F010034365012380F85130F6F747
:10B1600009F908BD38B50546846BFDF7BFFC2B68AF
:10B170001B68DB05024624D42368596821F02001AE
:10B180005960A168C9B96168B1F5827F15D1596864
:10B1900021F00301596020466421FFF7C3FB08B189
:10B1A000202363650023E387012384F85130636D16
:10B1B0003BB12046F6F7DEF838BD596821F00101B1
:10B1C000E8E72046FFF7B0FFF6E738B50546846BA1
:10B1D000FDF78CFC2B681B68DB0502461ED421683A
:10B1E0004B6823F020034B6020466421FFF7C4FB2B
:10B1F00018B1636D43F0200363652268536823F040
:10B20000030353600023E386E387012384F851306E
:10B21000636D1BB12046F6F7ADF838BD2046F6F752
:10B220008FF8FAE7F0B503685D689A68560685B04E
:10B2300004464FEA9211C2F3801708D4D60706D508
:10B240006E0604D5036C05B0BDE8F04018479607BC
:10B2500004D5280602D5636C2046F4E741EA521172
:10B2600002F4807001F0010101434FEA521657D0F9
:10B27000AA0655D57FB194F85120032A4FF000015A
:10B2800048D0626D42F0040262650091DA68009273
:10B290009A680092009AF1070CD5626D42F00102A3
:10B2A0006265002202929A6802921A6822F04002B5
:10B2B0001A60029A40B1626D42F008026265002293
:10B2C00003929A680392039A626D4AB35A6822F015
:10B2D000E0025A60012284F85120AA0722D05A685D
:10B2E000E06C22F003025A6040B1104B0365FDF799
:10B2F0002AFF18B1636D43F040036365A06C78B119
:10B300000A4B0365FDF71FFF50B1636D43F0400327
:10B31000636505E00191DA6801929B680193019BE6
:10B3200005B0F0BD2046F6F725F8F9E731B300087F
:10B3300008B5806B0023C387C386F6F71BF808BDEA
:10B34000036A23F0010370B50362036A44688269EB
:10B350000D6822F073022A438D6823F002032B4309
:10B360000C4DA84203D005F58065A8420BD1CD68ED
:10B3700023F008032B43D1E9055624F440743543E8
:10B3800023F004032C43446082614A6842630362F1
:10B3900070BD00BF00000140036A23F4807370B5E4
:10B3A0000362036A4468C2690D6822F073022A438B
:10B3B0008D6823F4007343EA05230D4DA84203D0A2
:10B3C00005F58065A8420DD1CD6823F4006343EAFA
:10B3D0000523D1E9055624F44054354323F4806312
:10B3E00044EA05144460C2614A68C263036270BDE6
:10B3F00000000140036A23F4805330B50362036AFE
:10B400004468C2690D6822F4E64242EA05228D686A
:10B4100023F4005343EA0533084DA84203D005F551
:10B420008065A84204D14D6924F4804444EA85141F
:10B430004460C2614A680264036230BD000001409A
:10B4400090F83D30012B30D1022380F83D30036865
:10B45000DA6842F00102DA60154A93421AD0B3F179
:10B46000804F17D0A2F57C42934213D002F5806240
:10B4700093420FD002F5806293420BD002F57842DE
:10B48000934207D002F57052934203D0A2F5943252
:10B49000934204D19A6802F00702062A03D01A6880
:10B4A00042F001021A60002070470120704700BF7F
:10B4B000000001407047704770477047704703684D
:10B4C0001A69910710B504460ED5DA6892070BD5B4
:10B4D0006FF002021A61012202779B699B0777D005
:10B4E000FFF7EAFF0023237723681A69500710D576
:10B4F000DA6851070DD56FF004021A610222227733
:10B500009B6913F4407F204668D0FFF7D5FF0023E6
:10B51000237723681A6912070FD5DA6810070CD54C
:10B520006FF008021A6104222277DB69990720462E
:10B530005AD0FFF7C1FF0023237723681A69D20688
:10B5400010D5DA68D0060DD56FF010021A61082206
:10B550002277DB6913F4407F20464BD0FFF7ACFF26
:10B560000023237723681A69D10708D5DA68D20740
:10B5700005D56FF001021A612046F7F723FD236815
:10B580001A69100608D5DA68110605D56FF0800231
:10B590001A61204600F0CDFB23681A69520608D5CF
:10B5A000DA68500605D56FF040021A612046FFF7B1
:10B5B00085FF23681A69910622D5DA6892061FD59D
:10B5C0006FF0200220461A61BDE8104000F0B0BBC9
:10B5D000FFF771FF2046FFF770FF83E7FFF76BFF70
:10B5E0002046FFF76AFF92E7FFF765FF2046FFF767
:10B5F00064FFA0E7FFF75FFF2046FFF75EFFAFE7BE
:10B6000010BD0000254A0368904212D0B0F1804F6F
:10B610000FD0A2F57C4290420BD002F5806290429E
:10B6200007D002F58062904203D002F57842904242
:10B6300008D14A6823F070031343CA6823F44073A7
:10B64000134316E0164A9042F7D002F5806290420A
:10B65000F3D002F580629042EFD0A2F5983290428A
:10B66000EBD002F580629042E7D002F58062904212
:10B67000E3D04A6923F08003134303608B68C362FD
:10B680000B688362054B984203D003F580639842B0
:10B6900001D10B690363012343617047000001403E
:10B6A0000040014010B5044630B390F83D3003F03F
:10B6B000FF021BB980F83C20FCF740FF0223206802
:10B6C00084F83D30211DFFF79DFF012384F84630AB
:10B6D000002084F83E3084F83F3084F8403084F80D
:10B6E000413084F8423084F8433084F8443084F8A0
:10B6F000453084F83D3010BD0120FCE710B504460C
:10B7000030B390F83D3003F0FF021BB980F83C20C5
:10B71000FCF764FF0223206884F83D30211DFFF709
:10B7200071FF012384F84630002084F83E3084F80D
:10B730003F3084F8403084F8413084F8423084F857
:10B74000433084F8443084F8453084F83D3010BDEF
:10B750000120FCE710B5044630B390F83D3003F00B
:10B76000FF021BB980F83C20FFF7A4FE02232068EB
:10B7700084F83D30211DFFF745FF012384F8463052
:10B78000002084F83E3084F83F3084F8403084F85C
:10B79000413084F8423084F8433084F8443084F8EF
:10B7A000453084F83D3010BD0120FCE7036A23F0EA
:10B7B000100370B50362036A446882690D6822F45D
:10B7C000E64242EA05228D6823F0200343EA05138E
:10B7D0000D4DA84203D005F58065A8420DD1CD6876
:10B7E00023F0800343EA0513D1E9055624F44064AD
:10B7F000354323F0400344EA8504446082614A688B
:10B800008263036270BD00BF0000014038B590F84C
:10B810003C30012B04464FD00120082A84F83C001C
:10B820003AD006D8BAB1042A26D0002384F83C3096
:10B8300038BD0C2AF9D12068FFF7DCFDC3690A691D
:10B8400043F40063C361C36923F48063C361C369C4
:10B8500043EA02232EE02068FFF772FD83690A693C
:10B8600043F008038361836923F0040383618369E0
:10B87000134383610020D8E72068FFF797FF8369AF
:10B880000A6943F400638361836923F480638361FD
:10B89000836943EA0223ECE72068FFF77DFDC36973
:10B8A0000A6943F00803C361C36923F00403C36159
:10B8B000C3691343C361DDE70220B9E770B5046AC9
:10B8C000194E24F001040462B0428469056A26D04E
:10B8D000B0F1804F23D0A6F57C46B0421FD006F5CC
:10B8E0008066B0421BD006F58066B04217D006F5E0
:10B8F0007846B04213D006F57056B0420FD0A6F588
:10B900009436B0420BD044F0010263F3071201F009
:10B910000A0125F00A0319438261016270BD24F017
:10B9200003042243F1E700BF00000140F8B590F89E
:10B930003C30012B05460C4600F082800120082A8D
:10B9400085F83C005CD006D842B3042A36D00023E8
:10B9500085F83C30F8BD0C2AF9D12B68CE68D1E9C6
:10B960000027196A21F480511962D969186A21F4F3
:10B970004071120341EA072120F4204002F42042E2
:10B9800066F30F310243D9611A62DA69A16822F4C1
:10B990004062DA61DA6942EA01224FE02868CB6846
:10B9A000D1E90012FFF78AFF8369A26823F00C0334
:10B9B00083618369134383610020C8E72B68CE68E5
:10B9C000D1E90027196A21F0100119629969186AF2
:10B9D00021F44071120141EA072120F0A00002F099
:10B9E000A00266F30F31024399611A629A69A16855
:10B9F00022F440629A619A6942EA01229A61DBE785
:10BA00002B68E768186A20F48070D1E90021186279
:10BA1000DE69186A26F003061202314320F4206022
:10BA200002F4206267F307110243D9611A62DA69EE
:10BA3000A16822F00C02DA61DA690A43DA61BBE735
:10BA4000022087E710B584680A4324F47F4442EA61
:10BA500003222243826010BD38B590F83C30012BA0
:10BA600004464FF0020000F08E8084F83D00012271
:10BA7000206884F83C20836823F47F4323F0770315
:10BA800083600B68602B4FD032D8402B64D016D81F
:10BA9000202B0DD00AD833F0100109D0012384F8EF
:10BAA0003D30002384F83C30104638BD302BF5D1B2
:10BAB000826822F07002134343F0070328E0502B02
:10BAC000ECD14A68CD68016A036A23F0010303627E
:10BAD000836921F00A0123F0F00343EA05130A43C6
:10BAE00083610262836823F0700343F057030FE021
:10BAF000B3F5805F0DD0B3F5005F0CD0702BCDD1C6
:10BB0000CB68D1E90121FFF79DFF836843F07703FC
:10BB100083600022C2E7CB68D1E90121FFF792FFE1
:10BB2000836843F48043F3E7036A4D68C96823F0F0
:10BB3000100303628269036A22F4704223F0A003B7
:10BB400043EA051342EA013282610362836823F00B
:10BB5000700343F06703DBE74A68CD68016A036A54
:10BB600023F001030362836921F00A0123F0F0034B
:10BB700043EA05130A4383610262836823F070037A
:10BB800043F04703C4E702468EE7036A10B501F0AD
:10BB90001F0101248C4023EA04030362036A8A40E4
:10BBA0001A43026210BD000008B529B990F83E3072
:10BBB000012B1FD0012035E0042907D190F83F3038
:10BBC000012BF7D1022380F83F3016E008290CBF83
:10BBD00090F8403090F84130013B18BF0123002B12
:10BBE000E8D108294FF002030CBF80F8403080F8FC
:10BBF000413002E0022380F83E3000680122FFF766
:10BC0000C4FF164B984203D003F5806398420AD1D3
:10BC1000436C43F400434364836803F00703062B3B
:10BC200017D1002008BDB0F1804FF5D00C4B9842E1
:10BC3000F2D003F580639842EED003F5806398421A
:10BC4000EAD003F59A339842E6D0A3F594339842AC
:10BC5000E2D0036843F001030360E2E70000014023
:10BC600000040040FFF7A0BF30B590F83C30012B36
:10BC700002464FF0020032D0136882F83D005C6843
:10BC80000D68986824F070042C435C60144CA34247
:10BC90001AD0B3F1804F17D0A4F57C44A34213D03F
:10BCA00004F58064A3420FD004F58064A3420BD056
:10BCB00004F57844A34207D004F57054A34203D09E
:10BCC000A4F59434A34204D1496820F080000143D4
:10BCD00099600123002082F83D3082F83C0030BD9D
:10BCE0000000014090F83C30012B02461ED0CB688A
:10BCF000886823F440730343486823F48063034354
:10BD0000086823F400630343086923F48053034362
:10BD10004869C96923F40053034323F480430B4368
:10BD2000116800204B6482F83C0070470220704785
:10BD300070477047026802F10C0353E8003F23F498
:10BD400090730C3242E8003102680029F2D102F10E
:10BD5000140353E8003F23F0010302F1140C4CE8F4
:10BD600000310029F3D1036B012B0BD102F10C033D
:10BD700053E8003F23F0100302F10C0C4CE80031B3
:10BD80000029F3D1202380F83E300023036370475D
:10BD90000268C16838B5136923F440530B4313613B
:10BDA000054683680069D168034368690343E8690D
:10BDB00021F4164121F00C0103430B43D360536976
:10BDC000A96923F440730B4353611F4B9A4203D07C
:10BDD00003F580639A4224D1FEF7E4FCEA69192155
:10BDE000B2F5004FD5E90043A0FB01011CD1DA18E0
:10BDF0004FF0000545EB0503F5F77CF86422B0FB36
:10BE0000F2F102FB1103DB003233B3FBF2F303F078
:10BE100007025B0002EB011203F4F8731344A36002
:10BE200038BDFEF7AFFCD9E79A009B0FF5F762F833
:10BE30006422B0FBF2F102FB11031B013233B3FBAE
:10BE4000F2F303EB0113EAE700100140F8B50446F2
:10BE50000E4617461D462268136836EA030301D1D1
:10BE6000002028E06B1CF7D025B1FCF73FFEC01B7B
:10BE70008542F0D2226802F10C0353E8003F23F41C
:10BE8000D0730C3242E8003021680028F2D101F171
:10BE9000140353E8003F23F0010301F1140040E8CC
:10BEA0000032002AF3D1202384F83D3084F83C206E
:10BEB00084F83E300320F8BD10B5044640B390F836
:10BEC0003D3003F0FF021BB980F83C20FCF7EEFB8D
:10BED0002268242384F83D30D36823F40053D360D0
:10BEE0002046FFF755FF23681A6922F490421A6131
:10BEF0005A6922F02A025A61DA6842F40052DA6082
:10BF000000202023206484F83D3084F83E3010BDAA
:10BF10000120FCE72DE9F843984690F83D30202BAE
:10BF200004460E46174648D1002944D0002A42D084
:10BF300090F83C30012B40D0012380F83C300025A4
:10BF40002123056480F83D30FCF7D0FDA368A78469
:10BF5000B3F5805F8146E78403D123690BB9354689
:10BF60001E46002384F83C30E38C9BB253B9434611
:10BF70004A4640212046FFF769FF50B9202384F844
:10BF80003D3007E043464A4680212046FFF75EFFEA
:10BF900010B10320BDE8F88322684EB935F8023BA2
:10BFA000C3F308035360E18C013989B2E184DBE714
:10BFB00016F8013BF6E70120ECE70220EAE77047BC
:10BFC0007047704708B5806B0023C385C384FFF7B3
:10BFD000F8FF08BD704790F83E30222B07B541D1DD
:10BFE00081680268836AB1F5805F3DD101690029EB
:10BFF0003DD15268C2F3080223F8022B8362C38D3D
:10C00000013B9BB2C385002B2CD10268D16821F083
:10C010002001D160D16821F48071D160516921F093
:10C0200001015161202280F83E20026B012A026842
:10C0300027D1036302F10C0353E8003F23F0100300
:10C0400002F10C0C4CE800310029F3D11368DB0637
:10C0500005D501911368019353680193019B818D6C
:10C06000FFF7B8FF03B000BD39B9016929B95268BB
:10C07000D2B21A70836A0133C0E7526802F07F02BD
:10C08000F7E7FFF79DFFEDE703681A6873B516073A
:10C09000D9685D69044608D1960668D58D0666D5CF
:10C0A00002B0BDE87040FFF796BF05F0010001F453
:10C0B000907505435BD0D60705D5CD0542BF236CEF
:10C0C00043F001032364530704D518B1236C43F0F4
:10C0D00002032364960704D518B1236C43F00403CC
:10C0E0002364150707D501F0200303431EBF236C0B
:10C0F00043F008032364236C002B32D0920604D54E
:10C100008B0602D52046FFF766FF26687369226C0E
:10C1100003F0400302F0080253EA0205204622D051
:10C12000FFF708FE73695E0618D5226802F1140352
:10C1300053E8003F23F04003143242E80031002965
:10C14000F3D1A06B50B1724B0365FCF7FCFF40B11B
:10C15000A06B036D02B0BDE8704018472046FFF7A2
:10C1600030FF02B070BDFFF72CFF2564F9E7206BAC
:10C17000012840F09180D50640F18E80C80640F13C
:10C180008B80002201921A6801925A680192019AEA
:10C190005A6952064CD5A16B0A68526892B2002ABD
:10C1A000DFD0A08D9042DCD9E285CA69B2F5807FEC
:10C1B00036D003F10C0252E8002F22F4807203F112
:10C1C0000C0040E800210029F3D103F1140252E8E9
:10C1D000002F22F0010203F1140040E800210029A1
:10C1E000F3D103F1140252E8002F22F0400203F1D0
:10C1F000140040E800210029F3D1202284F83E20D9
:10C20000216303F10C0252E8002F22F0100203F127
:10C210000C0040E800210029F3D1A06BFCF755FF8A
:10C22000E38DA18DC91A89B22046FFF7D3FE98E7A6
:10C23000E28DE18D89B292B2002992D0A18D891A46
:10C2400089B200298DD003F10C0252E8002F22F4AC
:10C25000907203F10C0545E800200028F3D103F1AA
:10C26000140252E8002F22F0010203F1140545E800
:10C2700000200028F3D1202284F83E20206303F11F
:10C280000C0252E8002F22F0100203F10C0545E8E1
:10C2900000200028F3D1C7E7160628D50D0626D5BD
:10C2A00094F83D20212A7FF45CAFA168226AB1F5A1
:10C2B000805F17D12169A9B932F8021BC1F30801C7
:10C2C00059602262E28C013A92B2E284002A7FF441
:10C2D00048AFDA6822F08002DA60DA6842F04002A1
:10C2E000DA603EE7511C216212785A60EAE7500694
:10C2F0007FF537AF4A067FF534AFDA6822F04002A7
:10C30000DA60202384F83D302046FFF758FE28E706
:10C31000C5BF000808B54FF0E0231B6901F02AFAF9
:10C32000012803D0BDE8084001F02CBD08BD000085
:10C33000EFF305832BB9064B186828B901221A6060
:10C3400070476FF0050070474FF0FF30704700BF37
:10C35000F852002010B5EFF305845CB9084B1A6859
:10C36000012A0AD1074AD47702221A6000F0FAFEA5
:10C37000204610BD6FF00500FBE74FF0FF30F8E7F7
:10C38000F852002000ED00E0EFF305830BB100F060
:10C3900047BF00F03FBFF0B587B0144600220B4600
:10C3A0000592EFF30582FAB9F0B15CB3A56925B146
:10C3B000691E372902D9002017E018256268D207C4
:10C3C000F9D466699EB1B208D4E9027C21688FB1C4
:10C3D000BCF1A70F08D9246934B12EB1CDE90147CA
:10C3E000009500F059FE0590059807B0F0BD4FF498
:10C3F0000072E9E7BCF1000FF6D12469002CF3D1FB
:10C400000C4602E018254FF4007205A9CDE9005151
:10C4100092B2214600F078FE01281CBF002305934C
:10C42000E2E708B5EFF3058222B908B101F054F84C
:10C43000002008BD6FF00500FBE737B50546EFF3B8
:10C4400005845CB900F0E6FE291A0029019008DD98
:10C4500001A800F0F7FF204603B030BD6FF00500E3
:10C46000FAE76FF00300F7E738B50546EFF3058408
:10C470003CB948B100F04CFC284600F061FC204675
:10C4800038BD6FF00500FBE76FF00300F8E7F7B584
:10C4900005460E461446EFF305871FB100252846D2
:10C4A00003B0F0BD0028F9D00029F7D0DAB1D2E905
:10C4B000023283B14F2AF1D92269002AEED066698F
:10C4C0004D43AE42EAD3009700F0A0F9054600289C
:10C4D000E4D0246811E0002AE0D12369002BDDD1EB
:10C4E0006369002BDAD128460022314600F0DCF9DE
:10C4F00005460028D2D0002CEBD12146284600F07A
:10C50000F5FBCCE773B51C46EFF30586DEB138B317
:10C5100031B32BBB01AA019300F09FFA012803D08D
:10C520006FF0020002B070BD019B0BB90020F9E76B
:10C530004FF0E0234FF08052C3F8042DBFF34F8F2C
:10C54000BFF36F8FF2E758B151B13346224600F086
:10C55000D2F90128EAD0002CE2D06FF00100E1E727
:10C560006FF00300DEE737B51C46EFF30583DBB160
:10C5700030B329B324BB01AA019400F06AFB01285F
:10C5800003D06FF0020003B030BD019B0BB9002057
:10C59000F9E74FF0E0234FF08052C3F8042DBFF3CA
:10C5A0004F8FBFF36F8FF2E750B149B1224600F0D1
:10C5B000B1FA0128EBD0002CE3D06FF00100E2E7E4
:10C5C0006FF00300DFE7FFF74FBF0000034B03608E
:10C5D000034B0B604FF40073136070475052002000
:10C5E000504A0020034B0360034B0B604FF4806301
:10C5F00013607047A8490020A839002000F1080303
:10C600004FF0FF32C0E9022343600361002303605F
:10C61000704700230361704743684B609A688A60E3
:10C62000516099600368086101330360704730B559
:10C630000C68631C0AD103695A684A6091608B6078
:10C640005960036808610133036030BD00F10802DE
:10C65000134652681568A542FAD9EDE7D0E90112F0
:10C6600003698A6051605968814208BF5A6000229C
:10C6700002611A68013A1A601868704710B50446DA
:10C6800001F018FBA46B01F035FBB4FA84F040090B
:10C6900010BD70B51646026C856B044642B906683B
:10C6A0009EB9806801F076F8A6600135A56370BD7B
:10C6B0006EB9406801F056FE6368226C1344A268AC
:10C6C0006360934224BF236863600020EDE7C06885
:10C6D00001F048FE226CE36851429B1A2268E36035
:10C6E00093423EBFA3685B18E360022EEDD10DB10B
:10C6F000013DEAE72846D8E7034610B41A6C08461D
:10C7000062B1DC68A1189C68D960A14228BF196891
:10C710005DF8044B28BFD96001F024BE5DF8044BDE
:10C72000704770B5044601F0C5FA94F8455004F11D
:10C7300024066DB2002D01DD636AB3B9FF2384F8CE
:10C74000453001F0D7FA01F0B5FA94F8445004F1FD
:10C7500010066DB2002D01DD23697BB9FF2384F83B
:10C760004430BDE8704001F0C5BA304600F064FFC7
:10C7700008B100F0E9FF013D6DB2DBE7304600F0A3
:10C780005BFF08B100F0E0FF013D6DB2E2E738B5B4
:10C790000D46044640B94FF0500383F31188BFF3B0
:10C7A0006F8FBFF34F8FFEE701F084FAD4E90F31AA
:10C7B000226862604B43D0185B1A1A44A060FF23C2
:10C7C0000020A063E26084F8443084F84530A5B9C5
:10C7D000236973B104F1100000F02EFF48B14FF04F
:10C7E000E0234FF08052C3F8042DBFF34F8FBFF307
:10C7F0006F8F01F07FFA012038BD04F11000FFF7C0
:10C80000FDFE04F12400FFF7F9FEF2E737B50D460F
:10C810001C4640B94FF0500383F31188BFF36F8F6C
:10C82000BFF34F8FFEE743B94FF0500383F31188F6
:10C83000BFF36F8FBFF34F8FFEE74AB191B94FF04F
:10C84000500383F31188BFF36F8FBFF34F8FFEE761
:10C8500041B14FF0500383F31188BFF36F8FBFF3E3
:10C860004F8FFEE750230193019B502B08D04FF0D0
:10C87000500383F31188BFF36F8FBFF34F8FFEE731
:10C880000121002D08BF2246C4E90F0584F8461097
:10C8900022602046019BFFF77AFF9DF8183084F84C
:10C8A0004C30204603B030BDF8B50D46174606465D
:10C8B00040B94FF0500383F31188BFF36F8FBFF37C
:10C8C0004F8FFEE74843503001F05CFB044670B1E7
:10C8D000002380F8463065B100F15003C4E90F65CC
:10C8E000236001212046FFF752FF84F84C70204658
:10C8F000F8BD0346F2E72DE9FF410F4601921E46BF
:10C90000044640B94FF0500383F31188BFF36F8F93
:10C91000BFF34F8FFEE751B9036C43B14FF05003A3
:10C9200083F31188BFF36F8FBFF34F8FFEE7022EA3
:10C930000BD1E36B012B08D04FF0500383F3118828
:10C94000BFF36F8FBFF34F8FFEE700F013FF054675
:10C9500050B9019B4BB14FF0500383F31188BFF3E3
:10C960006F8FBFF34F8FFEE700254FF0000839E0CF
:10C97000022E3DD0019B1BB901F0BCF9002050E014
:10C9800015B902A800F098FE01F0B4F900F03AFCE5
:10C9900001F090F994F84430FF2B08BF84F84480EC
:10C9A00094F84530FF2B08BF84F8458001F0A2F9C8
:10C9B00001A902A800F08CFE002848D101F07AF904
:10C9C000A26BE36B9A422FD101F094F9019904F123
:10C9D000100000F0F9FD2046FFF7A3FE00F0BEFCBA
:10C9E00050B3012501F066F9A26BE36B9A42BFD206
:10C9F000324639462046FFF74CFE636A1BB104F10C
:10CA0000240000F019FE48B14FF0E0234FF08052AF
:10CA1000C3F8042DBFF34F8FBFF36F8F01F06AF996
:10CA2000012004B0BDE8F08101F064F92046FFF771
:10CA300078FE00F093FCD4E74FF0E0234FF08052F3
:10CA4000C3F8042DBFF34F8FBFF36F8FC9E72046A4
:10CA5000FFF767FE00F082FC90E72DE9F843894676
:10CA600017461E46044640B94FF0500383F3118821
:10CA7000BFF36F8FBFF34F8FFEE751B9036C43B124
:10CA80004FF0500383F31188BFF36F8FBFF34F8FC5
:10CA9000FEE7022E0BD1E36B012B08D04FF05003C1
:10CAA00083F31188BFF36F8FBFF34F8FFEE701F061
:10CAB00015FAEFF311884FF0500383F31188BFF399
:10CAC0006F8FBFF34F8FA26BE36B9A4201D3022E9D
:10CAD0001ED194F84550A36B6DB2324649462046AC
:10CAE000FFF7D7FD6B1C0ED1636A3BB104F1240044
:10CAF00000F0A2FD10B10FB101233B60012088F3CB
:10CB00001188BDE8F88301356DB284F84550F5E72A
:10CB10000020F4E72DE9FF410E460192044640B99A
:10CB20004FF0500383F31188BFF36F8FBFF34F8F24
:10CB3000FEE751B9036C43B14FF0500383F3118802
:10CB4000BFF36F8FBFF34F8FFEE700F013FE054674
:10CB500050B9019B4BB14FF0500383F31188BFF3E1
:10CB60006F8FBFF34F8FFEE700254FF000083DE0C9
:10CB7000019B1BB901F0BEF8002056E015B902A8D0
:10CB800000F09AFD01F0B6F800F03CFB01F092F8DD
:10CB900094F84430FF2B08BF84F8448094F8453063
:10CBA000FF2B08BF84F8458001F0A4F801A902A872
:10CBB00000F08EFD002841D12046FFF75FFDB8B39D
:10CBC000019904F1240000F0FFFC2046FFF7A9FDC5
:10CBD00000F0C4FB48B94FF0E0234FF08052C3F897
:10CBE000042DBFF34F8FBFF36F8F012501F062F863
:10CBF000A76B002FBCD031462046013FFFF77CFDDC
:10CC0000A763236973B104F1100000F015FD48B16A
:10CC10004FF0E0234FF08052C3F8042DBFF34F8F45
:10CC2000BFF36F8F01F066F8012004B0BDE8F0811A
:10CC30002046FFF776FD00F091FBD6E72046FFF790
:10CC400070FD00F08BFB2046FFF718FD0028CCD0CC
:10CC500092E72DE9F84389469046044640B94FF0E3
:10CC6000500383F31188BFF36F8FBFF34F8FFEE73D
:10CC700051B9036C43B14FF0500383F31188BFF3F4
:10CC80006F8FBFF34F8FFEE701F028F9EFF31187A5
:10CC90004FF0500383F31188BFF36F8FBFF34F8FB3
:10CCA000A56B0DB394F84460494676B22046FFF771
:10CCB00023FD013D731CA56311D1236953B104F118
:10CCC000100000F0B9FC28B1B8F1000F02D0012328
:10CCD000C8F80030012087F31188BDE8F8830136D9
:10CCE00076B284F84460F5E72846F4E730B5074AA1
:10CCF000002352F8335002EBC3041DB942F833103D
:10CD0000606030BD0133082BF3D1FAE7FC520020FC
:10CD100010B5094A002352F8331081424FEAC30488
:10CD200006D1064A002142F833102244516010BD5A
:10CD30000133082BEFD1FAE700530020FC5200200A
:10CD400010B540B94FF0500383F31188BFF36F8FD4
:10CD5000BFF34F8FFEE7FFF7DBFF90F846301BB9BC
:10CD6000BDE8104001F0A8B910BD70B504460D46ED
:10CD7000164600F09FFF94F84430FF2B04BF0023B9
:10CD800084F8443094F84530FF2B04BF002384F826
:10CD9000453000F0AFFFA36B2BB93246294604F1B2
:10CDA000240000F02BFC2046BDE87040FFF7B9BC22
:10CDB0002DE9F041044600F07DFF304B304E1A68FB
:10CDC000304F01321A603568002D4BD134601B683A
:10CDD000012B1FD1B84640460135FFF70FFC382D17
:10CDE00008F11408F7D1DFF8C480274D4046FFF75B
:10CDF00005FC2846FFF702FC2448FFF7FFFB244808
:10CE0000FFF7FCFB2348FFF7F9FB234BC3F8008037
:10CE1000224B1D60224A136801331360214A636468
:10CE20001168E36A14208B4200FB037004F10401D3
:10CE300088BF1360FFF7F0FB00F05CFF1A4B1B6824
:10CE400073B13368DA6AE36A9A4209D24FF0E02399
:10CE50004FF08052C3F8042DBFF34F8FBFF36F8F95
:10CE6000BDE8F081104B1B68002BD3D13368DA6A20
:10CE7000E36A9A4298BF3460CCE700BF6053002059
:10CE800034580020D4530020AC530020905300208D
:10CE90007C53002064530020A8530020A45300209A
:10CEA000445300205853002054530020C053002006
:10CEB000F8B5154B154D1C680646286804300F461A
:10CEC000FFF7CCFB731C07D137B129681048BDE8C8
:10CED000F8400431FFF7A0BB2B68A4195C6007D3AE
:10CEE0000C4B18682968BDE8F8400431FFF79FBB78
:10CEF000094B186829680431FFF799FB074B1A683A
:10CF0000A24288BF1C60F8BD5C530020345800204A
:10CF100064530020A4530020A85300204053002055
:10CF2000064A13681968064B19B94FF0FF321A60A8
:10CF300070471268D268D2685268F8E7A853002098
:10CF40004053002010B50446543001F079F994F8AC
:10CF5000A5303BB9206B01F0AFF82046BDE810408A
:10CF600001F0AAB8012BF8D0022B08D04FF05003E3
:10CF700083F31188BFF36F8FBFF34F8FFEE710BDB0
:10CF800080B5134C134F144D236873B9134B1B68B2
:10CF9000012BF8D94FF0E0234FF08052C3F8042D55
:10CFA000BFF34F8FBFF36F8FEDE700F083FEFB6899
:10CFB000DE68301DFFF752FB2B68013B2B602368B6
:10CFC000013B236000F096FE3046FFF7BBFFDBE736
:10CFD000785300207C53002060530020D45300205D
:10CFE0002DE9F047DDE909949600324607460D46E3
:10CFF000206BA521984601F01BF9236B043E1E44CB
:10D0000026F00706002D41D06B1E04F133020F35C8
:10D0100013F8011F02F8011F09B1AB42F8D1002338
:10D0200084F84330089D372D28BF37254FF0000A7C
:10D03000E562E564201DC4F850A0FFF7EAFAC5F1E7
:10D04000380504F11800FFF7E4FAC4F8A0A04C2258
:10D0500051462461A561646284F8A4A004F15400DF
:10D0600001F0E6F80B4BA36503F16802D033E265EB
:10D07000236642463946304600F0EEFD2060B9F1A5
:10D08000000F01D0C9F80040BDE8F08784F83450A3
:10D09000C8E700BF8CE9012070B586B0DDE90B540C
:10D0A00045B94FF0500383F31188BFF36F8FBFF37F
:10D0B0004F8FFEE744B94FF0500383F31188BFF35D
:10D0C0006F8FBFF34F8FFEE7A8260596059EA82E0B
:10D0D00008D04FF0500383F31188BFF36F8FBFF375
:10D0E0004F8FFEE72563022584F8A55004AD019516
:10D0F0000A9D02940095059EFFF772FF2046FFF7F8
:10D1000057FE049806B070BD2DE9F043074685B080
:10D11000900088461646994600F034FF054620B92F
:10D120004FF0FF3005B0BDE8F083A82000F02AFFE3
:10D13000044698B1002380F8A5300D9B0563019348
:10D140000C9B0290009332464B4641463846FFF70F
:10D1500047FF2046FFF72CFE0120E3E7284600F0BA
:10D16000ABFFDDE710B588B0002407AA06A905A823
:10D17000CDE90544FFF72AFA059B0293069B079A1F
:10D1800019491A48CDE900432346FFF785FF40B30C
:10D1900000F094FB012819D14FF0500383F311885C
:10D1A000BFF36F8FBFF34F8F114B124A1B6854337D
:10D1B0001360114B4FF0FF321A60104B1860104B88
:10D1C0001C6008B0BDE8104000F004BE013008D17A
:10D1D0004FF0500383F31188BFF36F8FBFF34F8F6E
:10D1E000FEE708B010BD00BFA337010881CF0008DB
:10D1F00034580020100000204053002054530020D9
:10D200005C530020024A136801331360704700BF6B
:10D210003C530020014B1868704700BF5C5300204E
:10D2200008B500F05BFE014B186808BD5C53002098
:10D230003F4B1B682DE9F74F002B73D13D4B1C680A
:10D2400001341C60BCB93C4B1A68126842B14FF003
:10D25000500383F31188BFF36F8FBFF34F8FFEE747
:10D26000364A1968106818601160354A136801332E
:10D270001360FFF755FE334E334F3368DFF8D48029
:10D280009C424FF000050AD3DFF8ACA0DFF8C8B02D
:10D29000DAF800301B68A3B94FF0FF333360D8F8D9
:10D2A0000030DB6A14225343F858284B1B680128CE
:10D2B00098BF002B14BF01200020284303B0BDE815
:10D2C000F08FDAF80030DB68D3F80C90D9F804203E
:10D2D000944201D23260E2E709F104031846019357
:10D2E000FFF7BCF9D9F828201AB109F11800FFF7A7
:10D2F000B5F9D9F82C00DBF800201423904288BF40
:10D30000CBF8000009F1040103FB0070FFF784F97A
:10D31000D8F80010D9F82C20CB6A9A4228BF45F0E3
:10D320000105B5E70A4A1368013313600020C5E719
:10D330003C5300205C530020A8530020A45300203D
:10D340004853002040530020D45300204C53002069
:10D350005053002034580020585300202DE9F0414C
:10D36000304C236843B94FF0500383F31188BFF367
:10D370006F8FBFF34F8FFEE700F09CFC2368013BEB
:10D38000236024682CB1002400F0B4FC2046BDE8E2
:10D39000F081254B1B68002BF5D0244D244EDFF87F
:10D3A000A0801DE0EB68DC68271D04F11800FFF782
:10D3B00055F93846FFF752F9E36A32681420934270
:10D3C00000FB0380394688BF3360FFF725F9194B0E
:10D3D000E26A1B68DB6A9A4202D3174B01221A6089
:10D3E0002B68002BDED10CB1FFF79AFD134D2C6892
:10D3F00044B1114E0127FFF71BFF00B13760013C1C
:10D40000F9D12C600C4B1B68002BBCD04FF0E023F3
:10D410004FF08052C3F8042DBFF34F8FBFF36F8FCF
:10D420000124B1E73C5300206053002090530020BA
:10D4300058530020345800204C53002050530020F3
:10D44000D453002010B540B94FF0500383F3118836
:10D45000BFF36F8FBFF34F8FFEE741B94FF050031B
:10D4600083F31188BFF36F8FBFF34F8FFEE7184B25
:10D470001B6843B14FF0500383F31188BFF36F8FE4
:10D48000BFF34F8FFEE7FFF7BDFE124B04681A682B
:10D4900063182CBF0121002194420FD979B9036090
:10D4A000FFF75CFF48B94FF0E0234FF08052C3F81C
:10D4B000042DBFF34F8FBFF36F8F10BD09B99A4290
:10D4C000EDD203600021981AFFF7F2FCE8E700BFF5
:10D4D0003C5300205C53002008B550B94FF0E023C6
:10D4E0004FF08052C3F8042DBFF34F8FBFF36F8FFF
:10D4F00008BD0A4B196841B14FF0500383F31188FE
:10D50000BFF36F8FBFF34F8FFEE7FFF77BFEFFF791
:10D51000CFFCFFF723FF0028E0D0E9E73C530020D1
:10D52000F8B5234B1A68234B12B101221A60F8BDDB
:10D53000214C1A6023681B6B1A68B2F1A53F0BD10E
:10D540005A68B2F1A53F07D19A68B2F1A53F03D15D
:10D55000DB68B3F1A53F04D0206821683431F3F7CC
:10D5600091FE164E164D3168142707FB01F3E8189B
:10D57000EA5882B142680833526842602B449A42AA
:10D5800004BF52684260D3682360316023680D4A4B
:10D5900054331360CBE741B94FF0500383F3118844
:10D5A000BFF36F8FBFF34F8FFEE70139DDE700BF99
:10D5B0003C5300204C530020345800205853002086
:10D5C000D45300201000002010B50C4640B94FF095
:10D5D000500383F31188BFF36F8FBFF34F8FFEE7C4
:10D5E000054B19681831FFF722F820460121BDE8E4
:10D5F0001040FFF75DBC00BF3458002038B50D4621
:10D60000144640B94FF0500383F31188BFF36F8F76
:10D61000BFF34F8FFEE7074B19681831FEF7FCFF89
:10D62000002C21460CBF28464FF0FF30BDE83840A3
:10D63000FFF73EBC3458002038B5C368DC6844B9F5
:10D640004FF0500383F31188BFF36F8FBFF34F8FF9
:10D65000FEE704F118052846FFF700F8104B1B6899
:10D66000DBB9251D2846FEF7F9FF0E4AE36A11686B
:10D670008B4288BF13600C4A1420294600FB03200C
:10D68000FEF7CAFF094BE26A1B68DB6A9A4283BF56
:10D69000074B01201860002038BD06482946EFE7F7
:10D6A0003C53002058530020D4530020345800200D
:10D6B0004C53002090530020034B1B680360034B26
:10D6C0001B684360704700BF485300205C53002034
:10D6D00070B50C46054640B94FF0500383F31188EE
:10D6E000BFF36F8FBFF34F8FFEE741B94FF0500389
:10D6F00083F31188BFF36F8FBFF34F8FFEE700F006
:10D70000D9FA0F4B196823685A1C10D00D482E689F
:10D7100000686A68864201D08A420FD9881A83421B
:10D720000AD95B1A134423602846FFF7C5FF00247B
:10D7300000F0E0FA204670BD002323600124F7E7E3
:10D740005C53002048530020014B01221A607047AF
:10D750004C53002008B9064B1868026B0020135C7C
:10D76000A52B02D0C0F38F0070470130F7E700BF50
:10D7700034580020054B1B6833B1054B1868B0FACC
:10D7800080F040094000704701207047545300204A
:10D790003C53002038B508B9002038BD1B4B1C682D
:10D7A000844208D04FF0500383F31188BFF36F8F8A
:10D7B000BFF34F8FFEE7236D43B94FF0500383F360
:10D7C0001188BFF36F8FBFF34F8FFEE7E16AE26C02
:10D7D000013B91422365DFD0002BDDD1251D28467A
:10D7E000FEF73CFFE36CE362C3F13802A261084A32
:10D7F00011688B4288BF1360064A142000FB032087
:10D800002946FEF709FF0120C7E700BF3458002072
:10D8100058530020D4530020914208B54160006164
:10D820000AD8D21A83699A420DD2084B011D186892
:10D83000FEF7FDFE002008BD9A4201D2994202D2B5
:10D84000034B011DF3E70120F5E700BF3459002029
:10D8500038590020F7B5114C00F02CFA2568BDB9F5
:10D860000F4F104E3846FEF7C9FE3046FEF7C6FE93
:10D870000D4B0E4A1F600E4B10211E600A200D4BEF
:10D880000095FEF7C3FF206010B10B49FFF72EFA99
:10D8900003B0BDE8F04000F02DBA00BF30590020C1
:10D8A000505900203C590020385900208858002049
:10D8B0003459002038580020A837010810B588B026
:10D8C000FFF7C8FF124B1B68B3B1002407AA06A9D3
:10D8D00005A8CDE90544FEF785FE059B0293069B4E
:10D8E000019302230093079A0A490B482346FFF746
:10D8F000D3FB0A4B186040B94FF0500383F31188F3
:10D90000BFF36F8FBFF34F8FFEE7012008B010BD4C
:10D9100030590020AD370108EDD900082C590020FE
:10D920007FB5154604461A4640B94FF0500383F3BD
:10D930001188BFF36F8FBFF34F8FFEE70D4E306836
:10D9400088B10529CDE9001502940EDCFFF712FF1E
:10D950000346022B4FF0000330680CBF089A1A46AA
:10D960006946FEF7C8FF04B070BD00236946FFF7A3
:10D9700074F8F8E730590020F7B51A4D2B681A688B
:10D980002AB9194A11682960136003B0F0BDDB6839
:10D99000DC681E68271D3846FEF760FE236A2046B5
:10D9A000984794F828305B07E8D5A36933449E4232
:10D9B00006D22868636024613946FEF738FEDDE749
:10D9C00000230093324619462046FFF7A9FF00289E
:10D9D000D4D14FF0500383F31188BFF36F8FBFF39F
:10D9E0004F8FFEE738590020345900202DE9F043CD
:10D9F000764F774E87B03B68D3F80080B8F1000FC0
:10DA000028D0DB68D3F800800024FFF7FBFBFFF78A
:10DA100001FC3368984205461ED3306024B36D4B39
:10DA20001B681C68B4FA84F464096B4B22461868BE
:10DA3000A8EB0501FFF799F9FFF790FC88B94FF0C3
:10DA4000E0234FF08052C3F8042DBFF34F8FBFF394
:10DA50006F8F06E00124D8E7FFF78EFF3560FFF7F0
:10DA60007DFCDFF8748138E08045DED8FFF776FC76
:10DA70003B68DB68D3F80C9009F10400FEF7EEFD7B
:10DA800099F82830580719D5D9F8181043462A466E
:10DA900041444846FFF7C0FEA0B1009423464246E9
:10DAA00021464846FFF73CFF60B94FF0500383F32F
:10DAB0001188BFF36F8FBFF34F8FFEE723F0010391
:10DAC00089F82830D9F8203048469847C9E7039BA1
:10DAD00005999847029B002B0BDAD8F8000000222A
:10DAE00002A9FFF717F8002885D0029B0498002BA5
:10DAF000EDDB049C636993B9FFF78CFB33689842B4
:10DB0000054601D2FFF738FF029B3560092BE4D8A8
:10DB1000DFE803F0090909333A530909333A201DB4
:10DB2000FEF79CFDE8E794F82830A16943F0010373
:10DB300084F82830039B2A4619442046FFF76CFEE0
:10DB40000028CAD0236A2046984794F828305907FD
:10DB5000C3D5A269039900230A44009319462046BD
:10DB6000FFF7DEFE0028B8D14FF0500383F3118891
:10DB7000BFF36F8FBFF34F8FFEE794F8283023F089
:10DB8000010384F82830A8E794F828300399A161AC
:10DB900043F0010384F8283041B94FF0500383F378
:10DBA0001188BFF36F8FBFF34F8FFEE72B462A46D6
:10DBB00029442046FFF730FE8FE794F828309A0773
:10DBC000DDD4204600F078FA87E700BF38590020FE
:10DBD0002859002034590020305900200848006896
:10DBE000006880F308884FF0000080F3148862B664
:10DBF00061B6BFF34F8FBFF36F8F00DF00BF000030
:10DC000008ED00E0DFF80C00016841F470010160EC
:10DC10007047000088ED00E082B0002301930D4BB7
:10DC20001B68013308D04FF0500383F31188BFF312
:10DC30006F8FBFF34F8FFEE74FF0500383F31188D0
:10DC4000BFF36F8FBFF34F8F019B002BFCD002B04F
:10DC5000704700BF0C0000204FF0807340F8043C78
:10DC6000074B40F80C3C21F001016FF0020340F833
:10DC7000081C40F8202C40F8243C4438704700BF72
:10DC800019DC000800000000000000000000000097
:10DC9000074B19680868B0E8F04F80F30988BFF3B4
:10DCA0006F8F4FF0000080F311887047AFF3008052
:10DCB000345800204FF0500383F31188BFF36F8F67
:10DCC000BFF34F8F0A4A13680133012B13600ED143
:10DCD0004FF0E023D3F8043DDBB243B14FF05003E3
:10DCE00083F31188BFF36F8FBFF34F8FFEE7704749
:10DCF0000C000020084A136843B94FF0500383F327
:10DD00001188BFF36F8FBFF34F8FFEE7013B1360A6
:10DD10000BB983F3118870470C000020000000004D
:10DD2000EFF30980BFF36F8F154B1A681EF0100FC9
:10DD300008BF20ED108A20E9F04F106009B44FF0C1
:10DD4000500080F31188BFF34F8FBFF36F8FFFF741
:10DD5000E7FB4FF0000080F3118809BC19680868E0
:10DD6000B0E8F04F1EF0100F08BFB0EC108A80F33F
:10DD70000988BFF36F8F7047AFF30080AFF3008067
:10DD80003458002008B54FF0500383F31188BFF3D7
:10DD90006F8FBFF34F8FFFF74BFA28B14FF0E0239F
:10DDA0004FF08052C3F8042D002383F3118808BD7F
:10DDB0004FF0E022002313619361054B4FF47A7119
:10DDC0001B68B3FBF1F3013B5361072313617047F9
:10DDD000000000204FF0E02337B5D3F8001D394A8A
:10DDE000914208D14FF0500383F31188BFF36F8F36
:10DDF000BFF34F8FFEE7D3F8002D334B9A4208D183
:10DE00004FF0500383F31188BFF36F8FBFF34F8F31
:10DE1000FEE72E4B1A78D2B20192FF221A701B78BD
:10DE20002B4ADBB28DF803309DF8033003F050032A
:10DE30001370284A072313609DF80300000603F1BE
:10DE4000FF310AD4032B11D04FF0500383F3118814
:10DE5000BFF36F8FBFF34F8FFEE79DF80330116064
:10DE60005B00DBB28DF803300B46E5E74FF44073FF
:10DE70001360019B154A4FF0E024DBB21370D4F815
:10DE8000203D43F47003C4F8203DD4F8203D43F016
:10DE90007043C4F8203DFFF78BFF0F4B00251D603A
:10DEA000FFF7B0FED4F8343F43F04043C4F8343FAA
:10DEB000FFF794FEFFF734FBFFF7AEFE284603B0F2
:10DEC00030BD00BF71C20F4170C20F4100E400E0DD
:10DED00068590020645900200C000020EFF30583EE
:10DEE0000F2B0ED9114A9B5C114A12789A4208D91D
:10DEF0004FF0500383F31188BFF36F8FBFF34F8F41
:10DF0000FEE74FF0E0230B4AD3F80C3D126803F410
:10DF1000E063934208D94FF0500383F31188BFF3B5
:10DF20006F8FBFF34F8FFEE7704700BFF0E300E055
:10DF3000685900206459002010B5104B1A461B6820
:10DF40008342FBD354681119884201BF41681046CF
:10DF500009195160446801198B420CD108490968BC
:10DF60008B4203D059682144416019680160904296
:10DF700018BF106010BD1946F8E700BF8459002093
:10DF8000805900202DE9F0410446FFF73BF9434951
:10DF9000434D0B680BBB434A56071FBFD01D20F0F3
:10DFA000070002F5C832131A0CBF4FF4C8330246FB
:10DFB00013443D4E083B23F007030020706032609D
:10DFC000C3E90000981AC2E900300B60374B1860B3
:10DFD000374B18604FF000432B602F68274207D063
:10DFE000FFF7BCF9F3F75CF900263046BDE8F08195
:10DFF000002CF5D004F1080360071CBF23F00703D1
:10E000000833002BECD0DFF8A880D8F800509D42F0
:10E01000E6D3254A14686068984201D22668B6B9EA
:10E020000968A142DCD0216816681160C21A102A62
:10E0300006F1080612D9E01841070BD04FF0500343
:10E0400083F31188BFF36F8FBFF34F8FFEE7224634
:10E050003446E0E742606360FFF76EFF6268134991
:10E06000AD1A1743134A08686760002323601368DA
:10E07000C8F80050854203F1010338BF0D601360FA
:10E08000FFF76CF97307B0D04FF0500383F311889A
:10E09000BFF36F8FBFF34F8FFEE700BF80590020A3
:10E0A0006C5900208C590020845900207859002098
:10E0B0007C5900207459002010B5044690B31A4AC8
:10E0C00050F8043C1268134208D14FF0500383F318
:10E0D0001188BFF36F8FBFF34F8FFEE750F8081C16
:10E0E00041B14FF0500383F31188BFF36F8FBFF33B
:10E0F0004F8FFEE723EA020340F8043CFFF782F863
:10E100000A4A54F8043C1168A4F108000B44136057
:10E11000FFF712FF064A1368BDE810400133136091
:10E12000FFF71CB910BD00BF6C5900207C590020BE
:10E1300070590020014B1868704700BF7C590020BF
:10E14000014B1868704700BF785900200CB430B5F7
:10E15000184B0C1E1D689DB008DA8B232B604FF006
:10E16000FF301DB0BDE8304002B070474FF402737D
:10E17000ADF814304FF000031B9314BF04F1FF33CC
:10E180002346049307934FF6FF7302900690ADF871
:10E190001630209A21AB02A92846019300F048FAD4
:10E1A000431CBCBF8B232B60002CDAD0029B0022C7
:10E1B0001A70D6E71000002030B51446002C9BB032
:10E1C00005461A4605DA8B2303604FF0FF301BB07B
:10E1D00030BD4FF40273ADF80C304FF000031993CB
:10E1E00014BF04F1FF332346029305934FF6FF73E8
:10E1F00000910491ADF80E3069461E9B00F018FAAC
:10E20000431CBCBF8B232B60002CE0D0009B002262
:10E210001A70DCE707B5009313460A460146034827
:10E220000068FFF7C9FF03B000BD00BF1000002069
:10E2300002440346934200D1704703F8011BF9E7FB
:10E240002D4B1B68834270B5044653D0C3691BB382
:10E25000DB6863B10025E369DB685959B1B904355E
:10E26000802DF8D1E3692046D96800F089F8E36988
:10E27000196811B1204600F083F8E3699D685DB12B
:10E28000294620462D6800F07BF8F8E70E68204606
:10E2900000F076F83146E1E7616911B1204600F0FF
:10E2A0006FF8E16911B1204600F06AF8216B11B1F5
:10E2B000204600F065F8616B11B1204600F060F86F
:10E2C000A16B11B1204600F05BF8A16C11B12046A2
:10E2D00000F056F8616C11B1204600F051F8E16A87
:10E2E00011B1204600F04CF8236A1BB12046BDE86E
:10E2F0007040184770BD00BF10000020014B186827
:10E30000704700BF1000002070B50D4B0D4D5B1B1A
:10E310009C100026A64209D101F038FE0A4D0B4B95
:10E320005B1B9C100026A64205D170BD55F8043B2E
:10E3300098470136EEE755F8043B98470136F2E777
:10E34000C03D0108C03D0108C03D0108C43D0108B1
:10E3500070477047034611F8012B03F8012B002A80
:10E36000F9D170470A44914200F1FF3300D1704760
:10E3700010B511F8014B03F8014F9142F9D110BDCE
:10E3800038B50546002941D051F8043C0C1F002B3C
:10E39000B8BFE41800F0E0F81D4A136833B96360B1
:10E3A00014602846BDE8384000F0DCB8A34208D924
:10E3B000206821188B4201BF19685B680918216029
:10E3C000EDE71A465B680BB1A342FAD91168501801
:10E3D000A0420BD120680144501883421160E0D163
:10E3E00018685B68536008441060DAE702D90C23B0
:10E3F0002B60D6E7206821188B4204BF19685B6840
:10E40000636004BF091821605460CAE738BD00BFCB
:10E41000D0EA012070B50F4E0C463168054611B99F
:10E4200000F0ACFB30602146284600F0A7FB431CFF
:10E4300003D14FF0FF34204670BDC41C24F0030408
:10E44000A042F8D0211A284600F098FB0130F2D102
:10E45000EFE700BFCCEA01202DE9F843CD1C25F001
:10E46000030508350C2D38BF0C25002D064601DBB1
:10E47000A94204D90C2333600020BDE8F883DFF8FB
:10E48000D48000F069F8D8F800301C4644BB294617
:10E490003046FFF7BFFF431C044658D1D8F8004070
:10E4A0002746002F43D1002C4BD0236839463046F5
:10E4B00004EB030900F062FB814542D121686D1A2B
:10E4C00029463046FFF7A6FF01303AD023682B4497
:10E4D0002360D8F800305A6862BBC8F800700FE0BB
:10E4E0002268521B20D40B2A17D96119A342256038
:10E4F00018BF5960636808BFC8F8001062514B60CC
:10E50000304600F02FF804F10B00231D20F0070027
:10E51000C21A1CBF1B1AA350AFE76268A3420CBF0C
:10E52000C8F800205A60EBE723466468AEE73C4633
:10E530007F68B6E71A465B68A342FBD100235360AD
:10E54000DEE70C233360304600F00CF894E70560FA
:10E55000D6E700BFD0EA01200148FFF7F9BE00BFAF
:10E56000C8EA01200148FFF7F4BE00BFC8EA012055
:10E570002DE9F0478E681F46BE4282460C46904603
:10E58000334653D8B1F90C0010F4906F2BD0656965
:10E590002368096905EB4505A3EB010905EBD57572
:10E5A0007B1C6D104B44AB422A4684BF1D462A4655
:10E5B000430527D511465046FFF74EFF064658B390
:10E5C00021694A46FFF7CEFEA38923F4906343F006
:10E5D0008003A381266165614E44A5EB0905266091
:10E5E000A5603E463B461F4620683A46414600F03D
:10E5F000ABFAA3689B1BA36023683B442360002005
:10E60000BDE8F087504600F0C9FA06460028E1D17F
:10E6100021695046FFF7B4FE0C23CAF80030A389E5
:10E6200043F04003A3814FF0FF30E9E73E46DBE7CC
:10E630002DE9F0471F468B891B069CB006460D4608
:10E64000144610D50B6973B94021FFF705FF286008
:10E65000286130B90C2333604FF0FF301CB0BDE8A7
:10E66000F08740236B610023099320238DF8293024
:10E6700003973023654F8DF82A304FF00108234669
:10E68000994613F8012B0AB1252AF9D1B9EB040AEE
:10E690000BD05346224629463046FFF769FF01302A
:10E6A00000F0A480099A5244099299F80030002B96
:10E6B00000F09C8000234FF0FF32CDE9052309F1E3
:10E6C0000109049307938DF853301A934C464F4831
:10E6D00014F8011B0522F1F783FD049BD0B9D8067D
:10E6E00044BF20228DF85320190744BF2B228DF8F8
:10E6F000532099F800202A2A13D0079A4C4600206C
:10E700004FF00A0C214611F8013B303B092B49D947
:10E7100068B913E0C01B08FA00F018430490A14642
:10E72000D4E7039A111D12680391002A01DB0792B6
:10E7300004E0524243F002030792049323782E2B05
:10E740000AD163782A2B32D1039B1A1D1B680392CE
:10E7500043EAE37302340593DFF8C0902178032283
:10E760004846F1F73DFD38B1049BA0EB090040227B
:10E77000824013430134049314F8011B24488DF89C
:10E7800028100622F1F72CFD002835D0214818BBAF
:10E79000039B073323F0070308330393099B0344C8
:10E7A00009936CE70CFB02320C460120AAE7002318
:10E7B0000134059319464FF00A0C204610F8012B3E
:10E7C000303A092A03D9002BC6D00591C4E70CFBC7
:10E7D000012104460123F0E703AB00932A460E4BC8
:10E7E00004A93046AFF30080421CD7D1AB895B0649
:10E7F0003FF532AF099831E703AB00932A46064B49
:10E8000004A9304600F07AF8EEE700BFB5370108FA
:10E81000BF3701080000000071E50008BB370108A0
:10E820002DE9F047164698468A680B69DDF8209076
:10E830009342B8BF1346336091F8432007460C4615
:10E840000AB1013333602368990642BF336802334B
:10E850003360256815F0060506D104F1190AE3684E
:10E8600032689B1AAB4226DC94F843302268003BA6
:10E8700018BF012392062BD404F1430241463846C7
:10E88000C84701301ED02368226903F00603042B19
:10E8900002BFE5683368ED1AA3680CBF25EAE57589
:10E8A00000259342C4BF9B1AED1800261A34B542C6
:10E8B0001AD1002008E00123524641463846C84795
:10E8C000013003D14FF0FF30BDE8F0870135C6E7D6
:10E8D000E1185A1C302081F84300224494F8451076
:10E8E00082F843100233C7E70123224641463846E7
:10E8F000C8470130E6D00136D9E700002DE9F043E2
:10E900000D7E85B0782D90460C9E07460C469946A4
:10E9100001F1430207D8622D0AD8002D00F0D780FC
:10E92000582D00F0BC8004F1420684F842503BE0D0
:10E93000A5F16303152BF6D801A151F823F000BF10
:10E9400099E90008ADE9000827E9000827E900086F
:10E9500027E9000827E90008ADE9000827E90008D1
:10E9600027E9000827E9000827E90008B5EA0008B8
:10E97000D7E9000867EA000827E9000827E9000846
:10E98000D7EA000827E90008D7E9000827E90008C6
:10E9900027E900086FEA000833681A1D1B68326017
:10E9A00004F1420684F842300123A1E03368206874
:10E9B000191D3160060601D51D6803E04506FBD52B
:10E9C000B3F90050002D03DA2D236D4284F8433053
:10E9D0005B480A2311E021683368080653F8045B9A
:10E9E00002D4490648BFADB23360237E54486F2B32
:10E9F0005CD10823002184F843106668A660002ECD
:10EA000005DB21682E4321F00401216050D0164619
:10EA1000B5FBF3F103FB115C10F80CC006F801CD57
:10EA2000AC4663450D46F3D9082B0BD12368DB07B1
:10EA300008D5236961689942DEBF302306F8013C9E
:10EA400006F1FF36921B2261CDF80090434603AADF
:10EA500021463846FFF7E4FE01304ED14FF0FF303B
:10EA600005B0BDE8F083236843F0200323603548F8
:10EA7000782584F845502368316813F0800F51F8E9
:10EA8000045B03D113F0400F18BFADB23160D9075A
:10EA900044BF43F0200323601DB11023AAE7284898
:10EAA000E7E7236823F020032360F6E70A23A1E7C2
:10EAB0001646B9E7336825686169181D30602E066F
:10EAC0001B6801D5196002E06806FBD51980002398
:10EAD00023611646B8E733681A1D32601E68626803
:10EAE00000213046F1F77CFB08B1801B6060636851
:10EAF0002361002384F84330A6E723693246414668
:10EB00003846C8470130A9D023689B0713D4E06872
:10EB1000039B9842B8BF1846A2E7012332464146FC
:10EB20003846C847013099D00135E36803995B1A2C
:10EB3000AB42F2DCEBE7002504F11906F5E700BF74
:10EB4000C6370108D7370108884210B501EB020427
:10EB500002D98442234607D8431EA14207D011F8A8
:10EB6000012B03F8012FF8E70244824200D110BDC7
:10EB700013F8011D02F8011DF7E7000038B5064D36
:10EB80000023044608462B60F9F738FF431C02D1E6
:10EB90002B6803B1236038BDC4EA01202DE9F041A0
:10EBA000074614460D4621B9BDE8F0411146FFF76E
:10EBB00053BC2AB9FFF7E4FB25462846BDE8F0819F
:10EBC00000F01AF88442064602D8B4EB500FF4D88D
:10EBD00021463846FFF740FC804608B94546ECE739
:10EBE000B4422246294628BF3246FFF7BBFB2946DE
:10EBF0003846FFF7C5FBF1E751F8043C181F002B1E
:10EC0000BCBF0B58C018704738B52DED028B55ECC2
:10EC1000104B00F0F7F822462B4620462946B0EE6E
:10EC2000408AF0EE608AF1F781FF30B900220023BC
:10EC300020462946F1F752FF30B9B0EE480AF0EE0F
:10EC4000680ABDEC028B38BDFFF758FB0022002399
:10EC50002121016010461946F1F7F8FD41EC180B2F
:10EC6000B0EE480AF0EE680ABDEC028B38BD00BF7A
:10EC700000F0D8BA08B52DED028BB0EE408A00F056
:10EC8000B9F9B4EE488AF1EE10FA06D6DFED098A3A
:10EC9000B4EEE88AF1EE10FA02D4BDEC028B08BDA6
:10ECA000FFF72CFB88EEA80ABDEC028B2123036042
:10ECB00008BD00BF0000000010EE103A184923F014
:10ECC00000428A4219D9B2F1FF4F02D330EE400A16
:10ECD000704700B583B0684600F04AFB00F00300BF
:10ECE00001289DED000ADDED010A0FD0022808D0B1
:10ECF00088B900F0CDF903B000BDDFED0A0A00F0DD
:10ED0000C7B900F0C5F9B1EE400AF4E700F042FAE5
:10ED1000B1EE400AEFE7012000F03CFAEBE700BF5C
:10ED2000D80F493F0000000010EE103A194923F0B7
:10ED300000428A421AD9B2F1FF4F02D330EE400AA4
:10ED4000704700B583B0684600F012FB00F0030086
:10ED500001289DED000ADDED010A12D002280AD03B
:10ED600090B9012000F016FA03B000BDDFED0A0AE9
:10ED7000002000F00FBA012000F00CFAB1EE400ABA
:10ED8000F2E700F085F9EFE700F082F9B1EE400A12
:10ED9000EAE700BFD80F493F0000000010EE101A4C
:10EDA000C1F3C7520029A2F17F0CACBF01204FF084
:10EDB000FF30BCF11E0F0FDCBCF1000F1DDBC1F3F7
:10EDC0001603BCF1160F43F400030ADD963A03FA6A
:10EDD00002F202FB00F07047FDEEC07A17EE900AD7
:10EDE00070474FF4800242FA0CF21A44CCF1170C2F
:10EDF00022FA0CF202FB00F07047BCF1FF3F18BF93
:10EE0000002070472DE9F84F774955EC104BA94386
:10EE100000F0AE80002D2A46234655DD2C1562D029
:10EE2000C2F31302E107A4F2FF3742F4801203D4C5
:10EE3000520002EBD3725B005200002602EBD37249
:10EE40007F105B001624B4464FF400110CEB010058
:10EE500090424FEAD3754FEA430303DC00EB010C09
:10EE6000121A0E44013C05EB42024FEA5101EDD16A
:10EE7000A04620254FF000400AE043D0510001EBAE
:10EE8000D371013D0A464FEA43034FEA500045D093
:10EE9000624500EB080EF0DDBEF1000F0EEB00083E
:10EEA0000CDBE146A2EB0C019E4588BF01F1FF316E
:10EEB0004900CC46A3EB0E030444E0E7B8F1000F91
:10EEC000EFDB0CF10109EDE725F00041214346D0CD
:10EED000002D74D1D90A153A5B050029FAD0CE026B
:10EEE00014467DD40A4600215200D502084601F19D
:10EEF0000101F9D5C1F1200523FA05F52A438B401C
:10EF0000241A8DE79E4502D94FEA4C01B7E7BEF1BE
:10EF1000000F0EEB000824DB0021CBE7194312D0D1
:10EF2000DFF8C8A0DFF8C8B0DAE90001DBE90023A8
:10EF3000F1F7AAF9DAE9008902460B46404649464C
:10EF4000F1F7D6FD10BB6508711001F17F5101F595
:10EF5000001101EB075345EAC67243EC102BBDE8E4
:10EF6000F88FB8F1000FD7DB0CF1010C0021A1E7FD
:10EF700022462B4620462946F1F73EFB22462B46E9
:10EF8000F1F784F941EC100BBDE8F88FB4F1FF3FC5
:10EF9000DAE90001DBE900231ED0F1F777F9DAE9BD
:10EFA000008902460B4640464946F1F797FDA8B155
:10EFB000A31C04F1020508BF01366D08C4E7224610
:10EFC0002B4620462946F1F75FF902460B46F1F73A
:10EFD0003DFC41EC100BC2E70136B5E70134B2E766
:10EFE0004FF0FF300A468BE70000F07FA839010898
:10EFF000A0390108B1EEC00A704700BF10EE102A18
:10F00000C2F3C7537F3B162B22F000411BDC002BC1
:10F0100010461EDB1A4919410A4223D0DFED197A46
:10F0200070EE277AF5EEC07AF1EE10FA1ADD002ABA
:10F0300004DD4FF4000242FA03F3184420EA01030E
:10F0400000EE103A7047B1F1FF4F0BD330EE000ADB
:10F050007047DFED0C7A70EE277AF5EEC07AF1EEAC
:10F0600010FA00DC7047002A06DB11B1B7EE000A87
:10F07000F8E79FED050A70479FED040A704700BF4F
:10F08000FFFF7F00CAF2497100000000000000800D
:10F0900010EE103A23F00043B3F1485F2CD2FDEE9E
:10F0A000C07A17EE903A002B60D060EE007A9FEDA8
:10F0B000317A9FED315ADFED315A9FED316ADFED44
:10F0C000316AA7EE875A9FED307AE7EE855AA7EEB0
:10F0D000A56AA7EE867AE7EE876A67EEA66A60EE13
:10F0E000C00AB6EE007AE7EEA60AB7EE000AD7EE3F
:10F0F000870A30EE600A704760EE007A9FED1D7A55
:10F100009FED1D5ADFED1D5A9FED1D6ADFED1D6A53
:10F110001E4AA7EE875A93429FED1B7AE5EE275AC7
:10F12000A5EEA76AA6EE277AE7EE276A66EEA76A3B
:10F13000D5D9174A934214D803F17F4307EE103A0A
:10F14000B7EE006A36EE476A60EEC00AF6EE005A85
:10F1500097EEA57AE7EEA60A37EE607A36EE470A12
:10F160007047B6EE076AB5EE027AEDE7B7EE000A31
:10F17000704700BF4ED747ADF6740F317CF293B4A1
:10F18000010DD037ABAA2A3D610BB6BA9999993EC9
:10F190000000483F10EE103A23F00043B3F1485FFF
:10F1A00004D2FDEEC07A17EE903A5BB360EE007ABF
:10F1B0009FED157ADFED155A9FED156ADFED156AA3
:10F1C000E7EE875A9FED147AA5EEA76A20EE275A3C
:10F1D000E6EE276AA6EEA77A30B9DFED106AE7EE11
:10F1E000876AA6EE850A704727EE457AF6EE006A32
:10F1F000A0EEA67ADFED0A6AD7EE270AE5EE260A28
:10F2000030EE600A704700BFD3C92E2F342FD7B21B
:10F210001BEF3836010D50B98988083CABAA2ABECD
:10F22000ABAA2A3E10B582B0CDED010A019B23F0B6
:10F230000042B2F1FF4FF0EE407A30D810EE100AE3
:10F2400020F00041B1F1FF4F29D8B3F17E5F3ED0ED
:10F250009C1704F0020444EAD07431B37AB3B2F1DB
:10F26000FF4F3FD0B1F1FF4F29D0891AB1F1F45FC0
:10F270004FEAE15233DA002B41DA3C323FDA9FEDBC
:10F28000330A012C4DD0022C42D064B19FED307A6C
:10F29000DFED307A30EE070A30EE670A03E09DEDCD
:10F2A000017A37EE270A02B010BD022C0CD09FED78
:10F2B0002A7A032C08BFB0EE470A02B010BD00281E
:10F2C0000ADB9FED260AEEE79FED220AEBE702B08C
:10F2D000BDE8104000F082B99FED210AE3E79FED01
:10F2E0001F0ACEE7B1F1FF4F04F1FF3420D0022C0A
:10F2F00026D81C4B03EB840393ED000AD3E79DED66
:10F30000017A87EE870A00F03BFA00F067F9B8E768
:10F310009FED0F7ADFED0F7A30EE070A37EEC00A65
:10F32000C1E710EE103A03F1004300EE103ABAE7DD
:10F33000022C08D80C4B03EB840393ED000AB2E7D0
:10F340009FED020AAFE79FED090AACE7000000005D
:10F350002EBDBB33DB0F4940DB0F49C0DB0FC93F7C
:10F36000DB0FC9BFB0390108BC390108DB0F493FC9
:10F3700070B510EE103A8B4A23F00044944286B0E8
:10F38000054671D9884A94421E4624D823F000428B
:10F39000002BDFED867A864922F00F02B0EE407A2C
:10F3A00040F3E6808A4270EE677A09BF9FED817A6A
:10F3B000DFED816ADFED816A77EEC77A37EEE67AB4
:10F3C00077EEC77A80ED007A77EEE67AC0ED017AC3
:10F3D000012006B070BD7A4A944253D9B4F1FF4F70
:10F3E00049D2E215863AA4EBC25307EE903ABDEE3D
:10F3F000E77ADFED746AB8EEC77A77EEC77A8DEDFB
:10F40000037A67EEA67ABDEEE77AB8EEC77A77EEB2
:10F41000C77A8DED047A67EEA67AF5EE407AF1EEC2
:10F4200010FACDED057A40F08E80B5EE407AF1EE1F
:10F4300010FA40F08A800123634901910221009172
:10F4400003A8294600F0A4F9002EC2DA95ED007A4F
:10F45000D5ED017AB1EE477AF1EE677A85ED007A63
:10F46000C5ED017A4042B4E7002285ED000A426012
:10F47000002006B070BD70EE407AC0ED017AC0ED9C
:10F48000007AF5E700F07CF99FED507A9FED476A2E
:10F49000F6EE007AE0EE077A9FED477AFDEEE77A26
:10F4A000F8EEE76A17EE900AA6EEC60A1F2866EE87
:10F4B000877AB1EE666A30EE677A1EDC444A411EF6
:10F4C00026F0004352F8212023F0FF03934214D08A
:10F4D00085ED007A30EE470A002E30EE670A85EDA2
:10F4E000010ABFF676AFB1EE477AB1EE400A85ED7C
:10F4F000007A85ED010A40426BE717EE103AC3F33C
:10F50000C753C3EBD453082B4FEAE452E0DD9FED21
:10F51000297A9FED2A5AF0EE405AE6EE075A70EE2D
:10F52000657AE6EE077AD6EE857A35EEE77A17EE5B
:10F53000103AC3F3C753D21A192A08DCB0EE650A91
:10F5400085ED007AC6E7032376E7022374E79FED93
:10F55000217A9FED215AB0EE650AA6EE070A75EEF4
:10F56000C07AE6EE077AD6EE857A30EE677AAFE7B4
:10F570008A4270EE277A09BF9FED0E7ADFED0E6AA0
:10F58000DFED0E6A77EE877A37EEA67A77EEC77AE6
:10F5900080ED007A77EEA67AC0ED017A4FF0FF3069
:10F5A00017E700BFD80F493FE3CB1640800FC93F94
:10F5B000D00FC93F004435374344353708A3852E63
:10F5C000800F494300008043483A010884F9223FF4
:10F5D000C839010800A3852E32318D2438B510EECC
:10F5E000105A25F00044B4F1A14FF0EE407A07D351
:10F5F000B4F1FF4F55D8002D77DD9FED4E0A38BD91
:10F600004D4B9C425CD8B4F1445F4DD34FF0FF3377
:10F6100027EEA76A9FED495A9FED497ADFED495AD7
:10F62000DFED494A66EE066A5A1CA6EE857AE6EEDA
:10F63000A54A9FED465ADFED465AA7EE265AE4EE5C
:10F64000A65A9FED447ADFED444AA5EE267AE5EE10
:10F65000A64A9FED425ADFED425AA7EE265A9FED89
:10F66000417AA4EEA67AE5EE265A27EE267AA5EE92
:10F67000867A27EE877A3BD03B493C4A01EB8301EF
:10F68000D1ED006A37EE667A02EB8303D3ED006AB0
:10F6900037EE677A002D36EEC70AB0DAB1EE400ACF
:10F6A00038BD30EE000A38BD9FED317A30EE077A72
:10F6B000F7EE006AB4EEE67AF1EE10FAA6DD38BD98
:10F6C00000F05EF82B4B9C4215D8A3F5D0039C426A
:10F6D00026D8F0EE007ABFEE007AA0EE277A00235B
:10F6E00030EE270AC7EE007A92E79FED230A38BD75
:10F6F00037EEC70A38BD214B9C420BD8F7EE087A8B
:10F70000B7EE007AA0EE277A022330EE670AC0EE49
:10F71000077A7DE7BFEE007AC7EE007A032377E72A
:10F72000F7EE007A30EE677A30EE270A0123C7EE53
:10F73000007A6DE7DB0FC93FFFFFDF3ED769853CED
:10F7400059DA4B3D21A215BD6BF16EBD356B883D7D
:10F7500095879DBD6E2EBA3D388EE3BD2549123E7C
:10F76000ABAAAA3ECDCC4CBE603D0108703D01085D
:10F77000CAF24971FFFF973FDB0FC9BFFFFF1B4074
:10F7800010EE103A23F0004300EE103A704700BF2D
:10F790002DE9F04F2DED048BDBB01C46944603930E
:10F7A0000A46BA4B68991CF1040F53F8217082463F
:10F7B00004F1FF39C0F25682BCF1030348BF0CF1DB
:10F7C0000403DB10029301334FEAC30EACEB0E03CC
:10F7D0000593029B17EB0900A3EB090316D4013034
:10F7E0009FEDAB7A699C18441EA9002BA4BF54F866
:10F7F000235007EE905A03F10103ACBFF8EEE77A0D
:10F80000F0EE477A8342E1EC017AEED1002FC0F2AC
:10F81000E28203991EA800EB81004FEA81087E185E
:10F82000002346AD4C460AEB8101B9F1000F80F28E
:10F83000C8800134B44245F8043B00F10400F4D11F
:10F840000DF1280B0BEB8703CDE9062E043B9FED52
:10F85000929ADFED908A059804930AEB080446AE6D
:10F860000BEB87080097CDF820C00DEB8703002F26
:10F8700093ED460A4FEA870515DD73195A4660EE87
:10F88000097AB0EE407AFDEEE77A73ED016AF8EEA0
:10F89000E77AB342A7EEE87A37EEA60ABDEEC77A5A
:10F8A000A2EC017AEBD1019000F0B8FAF4EE007A04
:10F8B000B0EE408A20EE270A00F01EFBF2EE007A3E
:10F8C000A0EE678A01980028FDEEC89AF8EEE97A62
:10F8D00038EE678A40F38280791EC0F108035BF836
:10F8E00021E04EFA03FC0CFA03F3AEEB030EC0F179
:10F8F000070219EE903A4EFA02F26344002A09EE2A
:10F90000903A4BF821E000F3AF80B5EE408AF1EE7B
:10F9100010FA74D1009B9F420ADD5D44002355F824
:10F92000041D454543EA0103F9D1002B40F0028153
:10F93000009B013B5BF823207B1C9C46002A40F087
:10F94000F780049A012152F8045D0131002DFAD0AC
:10F950003944029D039A05EB030E0EF1804E699D1A
:10F960000EF1FF3E3A4405EB8E0E1EAD06EB83070B
:10F9700005EB8205DEED017AF8EEE77AB9F1000FCA
:10F980000EF1040EE5EC017ADFED417A09DB2A463F
:10F990005346F3EC016A32ED017AA342E6EE877A30
:10F9A000F7D10CF1010C8C45E7EC017AE2DD0F4652
:10F9B0005BE70134B442E5EC017A00F104003FF466
:10F9C0003FAFDFED337A83465346F3EC016A3BEDFC
:10F9D000017A8B42E6EE877AF7D1EAE700F0918070
:10F9E000F6EE007AB4EEE78AF1EE10FA80F22981A1
:10F9F000B5EE408AF1EE10FA4FF000028AD092463E
:10FA0000DDE9062EDDF820C00197AEEB0C00B0EE6C
:10FA1000480A009F009200F001FADFED1E6AB4EE82
:10FA2000E60AF1EE10FADDE90023F0EE407AC0F2CA
:10FA30009C819FED197A059920EE077A0831BDEE79
:10FA4000C77A0591B8EEC77A5C1CE7EE667ABDEE20
:10FA5000C77AFDEEE77A17EE901A4BF8231017EEEF
:10FA6000103A4BF824307EE00133002F09EE903A33
:10FA700040F39D8159464FF0000E51F8043B002B96
:10FA800039D0C3F5807341F8043C0CE0AC3D01086B
:10FA900000000000000080430000803B0B68C3F1C1
:10FAA000FF0341F8043B0EF1010E7745F6DC01231C
:10FAB0009E4600280BDD012800F0BB80022806D1FD
:10FAC000791E5BF8213003F03F0C4BF821C0022A6D
:10FAD0007FF41BAFB7EE000A734630EE488A002B66
:10FAE0003FF413AF0992019000F098F90198099A38
:10FAF00038EE408A09E70EF1010E7745BDDC9E46DF
:10FB0000D7E77B1E5BF82320D211002A7FF7FDAEDA
:10FB100019EE903A002F03F1010309EE903AA9DCA7
:10FB2000022A7FF4F2AEF7EE007A37EEC88AECE6EE
:10FB300019460EE73B469246DDE905125C1EA1F12F
:10FB400008005BF82410009F059061B903F1804321
:10FB5000013B0BEB8303014653F8040D013C0839CC
:10FB60000028F9D0059105980092B7EE000A00F040
:10FB700055F9002C009AB0EE407AC0F22281601C48
:10FB800046AD5FED3B6A81000BEB800305EB800027
:10FB900073ED017AF8EEE77A5B4567EE877A27EE38
:10FBA000267A60ED017AF3D10DF1C8080E1F2E44BC
:10FBB000C646A4460025002F7DDBDFF85C92DFED12
:10FBC000957A3046002307E0F9EC016AB0EC017A3F
:10FBD0009F42E6EE877A03DB9D4203F10103F3DAED
:10FBE0000CF1FF3CBCF1FF3FEEEC017A05F10105A1
:10FBF000A6F10406E1D1689B022B6ADC002B36DCFF
:10FC00000ED1DFED847A414431ED017A884577EEFB
:10FC1000877AF9D15346002B40F0C680C2ED007AB6
:10FC200019EE903A03F007005BB0BDEC048BBDE821
:10FC3000F08F791E5BF8213003F07F0C4BF821C068
:10FC400045E719EE903A002F03F1010309EE903ACF
:10FC5000C8BF02223FF70EAFF7EE007A37EEC88A30
:10FC6000022252E600234FF0080E0293AEE5DDEDCE
:10FC7000327A9FED687A414471ED016A884537EE2A
:10FC8000267AF9D15346002B40F0848077EEC77A6C
:10FC900082ED007A64B133A90123B1EC017A01331A
:10FCA0009C4277EE877AF8DA53460BB1F1EE677A29
:10FCB000C2ED017AB4E70CF1FF3C0023BCF1FF3F39
:10FCC0004EF8043B05F10105A6F104067FF473AF7D
:10FCD00091E7689B032BA3D1002C00F08C8008EBEC
:10FCE000840595ED007AA0002B46294671ED017A36
:10FCF000F0EE476A37EE277A884577EEC77A81EDCE
:10FD0000007A77EEA67AC1ED017AEFD1012C72D09C
:10FD100095ED007A08F1040173ED017AF0EE476A7F
:10FD200037EE277A994277EEC77A83ED007A77EE3D
:10FD3000A67AC3ED017AEFD1031DDFED367A434495
:10FD400008F1080833ED017A984577EE877AF9D102
:10FD50005346DDED326A9DED337A73B9C2ED006A28
:10FD600082ED017AC2ED027A5AE7FDEEC07A1C46B6
:10FD700017EE901A4BF82310F5E6F1EE666AB1EE35
:10FD8000477AF1EE677AC2ED006A82ED017AC2ED40
:10FD9000027A45E7F1EE476A77EEC77AC2ED006A6C
:10FDA000002C7FF478AF81E7F1EE677A36E701281F
:10FDB00015D002287FF4B4AE0EF03F034BF821308B
:10FDC000AEE6689B022B12DC002B17DC7FF428AF19
:10FDD000DFED107A1EE7039B4FEA830830E50EF053
:10FDE0007F03022A4BF821307FF48FAD9BE6689B9E
:10FDF000032B7FF415AFDFED077AA9E75346DDED5E
:10FE0000327A1BB14FF0004313604FE700231360B9
:10FE10004EE700BF00000000803D010810EE103AE0
:10FE200033F000411A4625D0B1F1FF4F1FD213F035
:10FE3000FF4F20D1DFED297A294A60EE277A9042E0
:10FE400017EE903A31DB4CF2503CC3F3C75160459A
:10FE50001A46A1F1190114DD002BDFED227A9FED86
:10FE6000210AB8BFDFED207A27EE800A704730EE16
:10FE7000000A704770474CF2503C60454FEAD15140
:10FE8000EADC0144FE29E7DC002915DC11F1160F3C
:10FE900019DB193122F0FF4242EAC15207EE902AE3
:10FEA0009FED120A27EE800A7047DFED117A07EE08
:10FEB000103A27EE270A704722F0FF4242EAC15368
:10FEC00000EE103A7047002BDFED097A9FED080A2B
:10FED000B8BFDFED087A27EE800A70470000004CBB
:10FEE000B03CFFFFCAF24971CAF249F10000003389
:10FEF0006042A20D6042A28D10EE102AC2F3C753D9
:10FF00007F3B162B22F000411BDC002B10461EDB32
:10FF10001A4919410A4223D0DFED197A70EE277A87
:10FF2000F5EEC07AF1EE10FA1ADD002A04DA4FF489
:10FF3000000242FA03F3184420EA010300EE103AEB
:10FF40007047B1F1FF4F0BD330EE000A7047DFED81
:10FF50000C7A70EE277AF5EEC07AF1EE10FA00DC3A
:10FF60007047002A02DB9FED070A704711B99FED29
:10FF7000060A7047BFEE000AF2E700BFFFFF7F00EE
:10FF8000CAF249710000000000000080F8B500BF0F
:10FF9000F8BC08BC9E467047F8B500BFF8BC08BC6A
:04FFA0009E467047C2
:10FFA8000000000500000000AD550A19CB1A000832
:10FFB800291A0008351A0008000000006D1A000808
:10FFC800491A00084D1A0008000000000000803F90
:10FFD8000000000000000000000020410000204157
:10FFE8000000803F000020410000C84200000000DF
:08FFF8000000000000002041A0
:020000040801F1
:100000000000A0400000803F0000204100000000F0
:100010000000004000000000000040400000C84216
:100020000000803F0000C842000000000000000007
:1000300000008040000020410000C8420000803ED7
:100040000000C84200002041000000000000000045
:10005000000020410000C8420000803F00004040F6
:100060004D4541535552454D454E54004D45415324
:100070005552454D454E545F4D4F54494F4E5F5676
:10008000325F444D415F5031004944455F574F5204
:100090004B545245455F554E545241434B454400E5
:1000A0005350495F444D415F424C4F434B494E478B
:1000B0005F575241505045525F563100554E4B4E9E
:1000C0004F574E5F434F4E4649475F474154455F48
:1000D000524553554C54004E4F4E4500434F4E46EB
:1000E00049475F524541445F4641494C45440053AE
:1000F00054415455535F4E4F545F434C45414E005D
:10010000554E45585045435445445F4E4F4E5A4511
:10011000524F5F434F5252454354494F4E5F5441F3
:10012000424C450045585045435445445F434F4E6B
:100130004649475F50524F46494C455F4D495353DE
:10014000494E47005A45524F5F4D49534D41544324
:1001500048004449525F4D49534D4154434800467D
:10016000494C545F4D49534D415443480053544109
:100170005455535F4D49534D4154434800505254D8
:100180005F4D49534D4154434800524D41504944FD
:100190005F4D49534D4154434800434F52524543EC
:1001A00054494F4E5F4352435F4D49534D41544371
:1001B00048002D004D4136303020616E676C65205F
:1001C0007472616E73706F72743D25730D0A004214
:1001D00055494C445F4D414E49464553542C41705E
:1001E000704D6F64653D25732C41707050726F6661
:1001F000696C653D25732C4D43553D53544D333249
:1002000046343035524754782C536F7572636549C4
:10021000643D25732C50726F66696C6546696E6724
:1002200065727072696E743D30782530386C582C68
:1002300053797374656D436C6F636B487A3D256CBD
:10024000752C5472616E73706F72743D25730D0A54
:10025000004D413630302069646C652061637175F2
:1002600069736974696F6E206661696C6564207278
:100270006573756C743D256420617474656D70746C
:10028000733D257520666C6167733D30782530328B
:10029000580D0A004D41363030207261773D25758A
:1002A00020616E676C653D256C752E2530326C754E
:1002B000206465672053746174757356616C69645A
:1002C0003D2564204E564D423D2564204552524303
:1002D00052433D2564204552524D454D3D256420F5
:1002E0004552525041523D25640D0A004D41363071
:1002F00030206E6F69736520286C617374202564EB
:1003000073293A205032503D256C752E2530326CC1
:1003100075646567205374644465763D256C752E5D
:100320002530326C756465672044726966743D25BA
:1003300073256C752E2530326C75646567204D61B0
:1003400078537465703D256C752E2530326C75645C
:100350006567204E3D256C752076616C69643D258E
:10036000640D0A0064656661756C745461736B009A
:10037000575241505045445F5049445F534C455794
:100380005F563200554E4B4E4F574E002D256C6434
:100390002E25302A6C64004F524445525F4E4F5414
:1003A0005F434F4D5055544544004F524445525FB2
:1003B00041424F56455F4E595155495354005241A1
:1003C00054494F5F4F55545F4F465F52414E47452A
:1003D000002D256C642E2530326C6400554E4B4E3A
:1003E0004F574E5F4A4947004A756C2032322032DF
:1003F0003032362030383A33393A3330006A696760
:100400006D6F746F722D6E6C3200434F4E464947CC
:100410002C5265636F726456657273696F6E3D31FD
:100420002C47617465506F6C6963793D504F4C493E
:1004300043595F415F4C4F434B45445F56312C431A
:100440006F6E666967436F6E746578743D25732CB3
:100450004669726D776172653D25732C4275696CD2
:100460006449443D25732C4D43555F5549443D2512
:1004700030386C582530386C582530386C582C4A38
:10048000696749443D25732C4A69674B6E6F776EE7
:100490003D25642C436F6E666967476174655365DB
:1004A0006C66546573743D312C506F696E74536182
:1004B0006D706C657253656C66546573743D312C58
:1004C000457870656374656443616C6962726174D8
:1004D000696F6E53746174653D5A45524F5F544164
:1004E000424C452C436F6E66696752656164566184
:1004F0006C69643D25642C436F6E66696756616C58
:1005000069643D25642C506F6C696379414761745F
:10051000655061737365643D25642C41756469742D
:100520004669656C64734C6F636B65643D312C4543
:100530007870656374656450726F66696C65466F48
:10054000756E643D25642C52656A656374526561FD
:10055000736F6E3D25732C45787065637465645ABE
:1005600065726F3D3078253034582C45787065635E
:100570007465644469723D3078253032582C457872
:1005800070656374656446696C743D3078253032FB
:10059000582C457870656374656453746174757321
:1005A0003D3078253032582C457870656374656429
:1005B0005072743D3078253032582C457870656320
:1005C000746564526D617049643D307825303258ED
:1005D0002C4578706563746564436F72724352434F
:1005E00033323D30782530386C582C5A65726F3D67
:1005F0003078253034582C4469723D3078253032BB
:10060000582C46696C743D3078253032582C537420
:10061000617475733D3078253032582C5072743DBA
:100620003078253032582C526D617049643D3078F5
:10063000253032582C436F72724E6F6E5A65726F4E
:10064000436F756E743D25752C436F727243524330
:1006500033323D30782530386C580D0A004D6F74B8
:100660006F72204552524F523A2045256420284D42
:100670004136303020636F6E66696720676174654C
:100680002072656A65637465643A20257329210DBB
:100690000A0043435700505245434F4E4449544982
:1006A0004F4E004E41004F4646494349414C00449D
:1006B000495341424C454400256C75002564004D6A
:1006C0004554412C536368656D6156657273696F5B
:1006D0006E3D25642C4669726D776172653D2573A8
:1006E0002C4275696C6449443D25732C4D43555F1C
:1006F0005549443D2530386C582530386C582530E4
:10070000386C582C436F756E74657253636F7065E7
:100710003D424F4F542C4A696749443D25732C4A4A
:1007200069674B6E6F776E3D25642C4D6F746F72E9
:1007300049443D25732C4D6F746F724944536F7556
:100740007263653D25732C4D6F746F724944566119
:100750006C69643D25642C4D6F746F72506F6C65CD
:10076000436F756E743D25752C4D6F746F72506FAD
:100770006C6550616972733D25752C456C656374B9
:10078000726963616C526970706C654D756C7469E7
:10079000706C653D25752C456C6563747269636189
:1007A0006C526970706C654F726465723D25752C72
:1007B0005465737449443D256C752C537765657099
:1007C00049443D256C752C446972656374696F6E8C
:1007D0003D25732C4D6561737572656D656E745042
:1007E0006F6C6963793D25732C4D65617375726516
:1007F0006D656E74446566696E6974696F6E3D25DA
:10080000732C416363657074616E63654D6F6465DD
:100810003D25732C4F6666696369616C526573751B
:100820006C74536F757263653D4C45474143592C59
:10083000536861646F7743616E6F6E6963616C4585
:100840006E61626C65643D25642C536861646F77EA
:10085000436F6E747261637456657273696F6E3D37
:1008600025732C536861646F774F666669636961AD
:100870006C3D302C436C6F7375726550726F62659E
:10088000456E61626C65643D25642C436C6F7375C5
:10089000726550726F626550726F746F636F6C3DFA
:1008A00025732C436C6F7375726550726F62654F60
:1008B0006666696369616C3D302C417070726F616E
:1008C000636850726F746F636F6C3D25732C417059
:1008D00070726F6163685374727563747572616C62
:1008E00056616C69643D25732C52616D70536F665F
:1008F00074537461727450726F746F636F6C3D25C2
:10090000732C52616D70536F6674537461727444CA
:10091000656C61794D733D25732C50686173655228
:1009200065666572656E63653D5377656570507287
:100930006F67726573732C537465705261773D25D0
:10094000642C4578706563746564416E616C79737D
:100950006973506F696E74733D25642C43617074C4
:1009600075726564506F696E74733D25642C416EB9
:10097000616C79736973506F696E74733D25642C73
:100980004D6561737572656D656E7456616C6964F1
:100990003D25642C547261636B696E6756616C69A6
:1009A000643D25642C547261636B696E67526D738C
:1009B0004C696D69744465673D31352E302C547235
:1009C00061636B696E674D61784C696D69744465EC
:1009D000673D33302E302C416371756973697469DA
:1009E0006F6E526573756C743D25732C4163715243
:1009F000656164417474656D7074733D256C752C0C
:100A0000416371526574726965733D256C752C4143
:100A100063715472616E73706F72744572726F722B
:100A2000733D256C752C4163714A756D7052656A12
:100A3000656374733D256C752C4163714661696C07
:100A4000656453616D706C65733D256C752C436FE7
:100A50006E74696E756F75735377656570436F6EED
:100A6000746578743D25732C436F6E746578745289
:100A70006561637175697265436F756E743D256C50
:100A8000752C52616D70466565646261636B456E7D
:100A900061626C65643D312C536574746C65436FA1
:100AA0006E74726163743D25732C536574746C6548
:100AB00053746162696C6974794C696D69745261CF
:100AC000773D256C642C536574746C655461726752
:100AD0006574546F6C6572616E63655261773D2514
:100AE0006C642C536574746C65506F696E74733DDF
:100AF00025642C536574746C6553746162696C6908
:100B0000747956616C69643D25642C536574746C0A
:100B10006554617267657450726F78696D69747934
:100B200056616C69643D25642C536574746C65561C
:100B3000616C69643D25642C5374617274526177F1
:100B40003D25752C5374617274416E676C65446504
:100B5000673D25732C416E616C79736973537461C1
:100B600072745261773D25752C436F6E74726F6C91
:100B70006C65725374617465506F6C6963793D255F
:100B8000732C436F6E74726F6C6C65725265736513
:100B9000744170706C6965643D25642C436F6E749C
:100BA000726F6C6C657252657365745374617465B1
:100BB00056616C69643D25642C486F6D65526573A0
:100BC000756C743D25732C486F6D65447572617446
:100BD000696F6E4D733D256C752C486F6D65557052
:100BE00064617465436F756E743D256C752C42614C
:100BF00074636849443D256C752C4379636C654F7B
:100C0000726465723D256C752C52756E4F72646509
:100C1000723D256C752C426174636852756E436F2A
:100C2000756E743D256C752C507265636F6E6469CA
:100C300074696F6E50726F746F636F6C3D25732CA7
:100C400052756E526F6C653D25732C456C696769F2
:100C5000626C65466F72537461746973746963730F
:100C60003D25642C507265636F6E646974696F6EA4
:100C700056616C69643D25732C546865726D616CB6
:100C800050726F746F636F6C3D25732C466972737D
:100C90007452756E496E42617463683D25642C4DD3
:100CA0006F746F72416374697665447572617469BB
:100CB0006F6E4D733D256C752C436F6F6C646F7751
:100CC0006E5461726765744D733D25732C436F6F6D
:100CD0006C646F776E41637475616C4D733D257301
:100CE0002C436F6F6C646F776E56616C69643D2541
:100CF000732C54696D6553696E63655072657669CE
:100D00006F757352756E4D733D25730D0A00434F19
:100D10004F4C444F574E5F313230535F5631004F86
:100D20004E455F46554C4C5F53574545505F3132F9
:100D300030535F56310052455345545F4245464F4C
:100D400052455F454143485F484F4D455F5631002E
:100D500053544142494C4954595F414E445F5441B8
:100D6000524745545F56310053574545505F434FF6
:100D70004E544558545F5631005343555256455FC3
:100D80004C4F434B5F504C55535F43575F4C4F4361
:100D9000414C5F415050524F4143485F56320043EF
:100DA0004C4F535552455F484F4C445F56310043BA
:100DB000414E4F4E4943414C5F5131365F563100F1
:100DC0005245504F52545F4F4E4C590057484F4C6C
:100DD000455F53595354454D5F434F4D4D414E442C
:100DE0005F545241434B494E470057484F4C455F73
:100DF00053595354454D5F5245504F52545F4F4ED7
:100E00004C595F563100554E5345540047524944A2
:100E10002C536368656D6156657273696F6E3D250D
:100E2000642C5465737449443D256C752C53776567
:100E3000657049443D256C752C50726F746F636FFB
:100E40006C3D25732C4E6F6D696E616C53746570CB
:100E50004465673D312E30303030302C506F696E34
:100E600074735065725265763D25752C52617753C7
:100E70007465704D696E3D25752C526177537465AC
:100E8000704D61783D25752C54617267657452759B
:100E90006C653D524F554E445F494E4445585F5432
:100EA000494D45535F36353533365F4449565F33D8
:100EB00036300D0A00554E49464F524D5F315F4462
:100EC00045475F524F554E4445445F5241575F5628
:100ED00031004D4F54494F4E5F50524F46494C459B
:100EE0002C536368656D6156657273696F6E3D253D
:100EF000642C5465737449443D256C752C53776597
:100F0000657049443D256C752C4A696749443D2507
:100F1000732C4D6F746F7249443D25732C44697274
:100F2000656374696F6E3D25732C50726F66696CD2
:100F3000653D25732C486F6D65436F6E74726F6CE1
:100F40006C65723D25732C46696E616C54617267E5
:100F500065744D6F64653D4F50454E5F4C4F4F502B
:100F60005F554E4348414E4745442C43617074756C
:100F700072654D6F64653D5354415449435F41462A
:100F80005445525F534554544C452C5469636B4D42
:100F9000733D25752C436F6D6D616E647350657282
:100FA0004465677265653D25752C506F7765723DA8
:100FB000312E3030302C4C6F636B44757261746924
:100FC0006F6E4D733D256C752C4C6F636B436F6D6D
:100FD0006D616E64733D256C752C4C6F636B546949
:100FE0006D696E674F76657272756E733D256C75AF
:100FF0002C52616D705365676D656E74733D256C21
:10100000752C52616D70436F6D6D616E64733D251B
:101010006C752C52616D7054696D696E674F7665A1
:101020007272756E733D256C752C4D61784C6174D0
:10103000656E6573735469636B733D256C752C4FD6
:10104000627365727665644261636B747261636B2F
:10105000733D256C752C4D61784F627365727665B2
:10106000644261636B747261636B5261773D256C9E
:10107000750D0A0053435552564534305F41425373
:101080004F4C5554455F5449434B5F563200434FD4
:101090004E54524F4C5F53544154452C5363686532
:1010A0006D6156657273696F6E3D25642C5465736E
:1010B0007449443D256C752C537765657049443DF2
:1010C000256C752C4A696749443D25732C4D6F7416
:1010D0006F7249443D25732C446972656374696F6E
:1010E0006E3D25732C506F6C6963793D25732C52CE
:1010F000657365744170706C6965643D25642C523C
:1011000065736574537461746556616C69643D25DB
:10111000642C4265666F7265496E74656772616CB6
:101120005465726D3D25732C4265666F72654C6126
:1011300073744572726F724465673D25732C426506
:10114000666F7265436F6D6D616E645261773D25A8
:10115000732C4265666F726546696C74657265646E
:10116000446572697661746976653D25732C4265C4
:10117000666F72654C6173744F75747075745374D7
:1011800065705261773D25732C4265666F726546C6
:101190006565646261636B496E697469616C697AE3
:1011A00065643D25642C4265666F726546656564BD
:1011B0006261636B41636365707465643D256C7542
:1011C0002C4265666F72654F7574707574456C65F9
:1011D0006374726963616C506F736974696F6E5286
:1011E00061773D25752C4265666F72654F75747029
:1011F0007574506F7765723D25732C4265666F720A
:10120000654F7574707574456E61626C65643D25DB
:10121000642C4166746572496E74656772616C54C2
:1012200065726D3D25732C41667465724C617374F3
:101230004572726F724465673D25732C4166746513
:1012400072436F6D6D616E645261773D25732C4101
:101250006674657246696C7465726564446572692A
:101260007661746976653D25732C41667465724CB0
:101270006173744F757470757453746570526177CF
:101280003D25732C416674657246656564626163D1
:101290006B496E697469616C697A65643D25642C7B
:1012A0004166746572466565646261636B41636340
:1012B00065707465643D256C752C41667465724F6C
:1012C0007574707574456C656374726963616C5094
:1012D0006F736974696F6E5261773D25752C416635
:1012E0007465724F7574707574506F7765723D25B3
:1012F000732C41667465724F7574707574456E61B8
:10130000626C65643D25642C486F6D65526573752C
:101310006C743D25732C486F6D65447572617469FA
:101320006F6E4D733D256C752C486F6D65557064FF
:10133000617465436F756E743D256C752C486F6DD7
:1013400065496E697469616C4572726F7244656754
:101350003D25732C486F6D6546696E616C457272F0
:101360006F724465673D25732C486F6D65496E69E2
:101370007469616C436F6D6D616E645261773D2578
:101380006C642C486F6D6546696E616C436F6D6D62
:10139000616E645261773D256C640D0A00534841CB
:1013A000444F575F4D4554412C536368656D6156FA
:1013B000657273696F6E3D25642C5465737449447E
:1013C0003D256C752C537765657049443D256C75DA
:1013D0002C4A696749443D25732C4D6F746F7249DF
:1013E000443D25732C4F6666696369616C3D302C02
:1013F000436F6E747261637456657273696F6E3D8C
:1014000025732C5369676E6564436F6E76656E74E1
:10141000696F6E3D25732C5265666572656E6365F6
:10142000446566696E6974696F6E3D25732C43610E
:101430006E6F6E6963616C4D65616E536F7572633B
:10144000653D25732C4D616446696C746572696EE7
:1014500067456E61626C65643D302C54696D696EE0
:10146000674D6F64653D4241434B5F544F5F42415E
:10147000434B2C5265717569726564416363657095
:1014800074656453616D706C65733D25752C4D6199
:10149000785472616E73616374696F6E733D257504
:1014A0002C4D6178436F6E7365637574697665461C
:1014B00061696C757265733D25752C4D6178456C5D
:1014C000617073656455733D256C752C4D61784A68
:1014D000756D705261773D256C640D0A00414C4C6E
:1014E0005F544945523100504F494E54305F43419B
:1014F0004E4F4E4943414C5F4D45414E004D454195
:1015000053555245445F4D494E55535F54415247E0
:10151000455400444154412C25642C256C752C25E0
:101520006C752C25732C25732C25732C25642C2588
:10153000752C25752C25732C25730D0A00414351FC
:101540002C25642C256C752C256C752C25732C256D
:10155000642C256C752C25752C25752C3078253040
:1015600032580D0A004D4F54494F4E2C5363686555
:101570006D6156657273696F6E3D25642C54657399
:101580007449443D256C752C537765657049443D1D
:10159000256C752C4A696749443D25732C4D6F7441
:1015A0006F7249443D25732C446972656374696F99
:1015B0006E3D25732C506F696E743D25642C52610D
:1015C0006D70416363657074656453616D706C65C3
:1015D000733D25752C536574746C65526573756C19
:1015E000743D25732C53746162696C69747956611A
:1015F0006C69643D25642C54617267657450726F28
:1016000078696D69747956616C69643D25642C5301
:101610006574746C6556616C69643D25642C506F0B
:10162000736974696F6E4572726F725261773D258E
:10163000732C506F736974696F6E4572726F724468
:1016400065673D25732C506F6C6C436F756E743DF0
:1016500025750D0A00534841444F575F444154419A
:101660002C25642C256C752C256C752C25732C254C
:10167000732C25732C25642C25732C25732C257332
:101680000D0A00534841444F575F4143512C256494
:101690002C256C752C256C752C25732C25642C251C
:1016A0006C752C256C752C25752C25752C25752CA9
:1016B00025752C25752C25730D0A004D4F54494F67
:1016C0004E5F524553554C542C536368656D6156BB
:1016D000657273696F6E3D25642C5465737449445B
:1016E0003D256C752C537765657049443D256C75B7
:1016F0002C4A696749443D25732C4D6F746F7249BC
:10170000443D25732C446972656374696F6E3D2591
:10171000732C436F6E747261637456657273696F74
:101720006E3D25732C436F6E74696E756F757353C0
:1017300077656570436F6E746578743D25732C43CF
:101740006F6E746578745265616371756972654313
:101750006F756E743D256C752C436F6E746578746F
:1017600052656164417474656D7074733D256C7568
:101770002C436F6E7465787441636365707465643F
:1017800053616D706C65733D256C752C436F6E7481
:10179000657874526574726965733D256C752C4368
:1017A0006F6E746578745472616E73706F72744585
:1017B00072726F72733D256C752C436F6E74657811
:1017C000744A756D7052656A656374733D256C75F6
:1017D0002C436F6E746578744661696C65645361FF
:1017E0006D706C65733D256C752C52616D70526522
:1017F0006164417474656D7074733D256C752C5211
:10180000616D70416363657074656453616D706C84
:1018100065733D256C752C52616D705265747269EB
:1018200065733D256C752C52616D705472616E73D9
:10183000706F72744572726F72733D256C752C52A5
:10184000616D704A756D7052656A656374733D258C
:101850006C752C52616D704661696C656453616D85
:10186000706C65733D256C752C536574746C655292
:10187000656164417474656D7074733D256C752C7D
:10188000536574746C65416363657074656453611A
:101890006D706C65733D256C752C536574746C6547
:1018A000526574726965733D256C752C536574744B
:1018B0006C655472616E73706F72744572726F7280
:1018C000733D256C752C536574746C654A756D7029
:1018D00052656A656374733D256C752C5365747429
:1018E0006C654661696C656453616D706C65733DD0
:1018F000256C752C536574746C65506F696E7473C8
:101900003D25642C53746162696C69747956616C0D
:101910006964506F696E74733D25642C54617267FD
:10192000657450726F78696D69747956616C696419
:10193000506F696E74733D25642C536574746C65C7
:1019400056616C6964506F696E74733D25642C53E5
:101950006574746C6554696D656F7574506F696EEC
:1019600074733D25642C536574746C6557726F6E87
:1019700067506F736974696F6E506F696E74733DF1
:1019800025642C536574746C6553746162696C6969
:10199000747956616C69643D25642C536574746C6C
:1019A0006554617267657450726F78696D69747996
:1019B00056616C69643D25642C536574746C65567E
:1019C000616C69643D25642C4D6178416273536597
:1019D00074746C65506F736974696F6E4572726F61
:1019E000725261773D25732C4D6178416273536566
:1019F00074746C65506F736974696F6E4572726F41
:101A0000724465673D25730D0A00524553554C5489
:101A10002C536368656D6156657273696F6E3D2501
:101A2000642C5465737449443D256C752C5377655B
:101A3000657049443D256C752C4A696749443D25CC
:101A4000732C4D6F746F7249443D25732C44697239
:101A5000656374696F6E3D25732C43617074757294
:101A60006564506F696E74733D25642C416E616CC2
:101A700079736973506F696E74733D25642C4D657D
:101A8000616E44433D25732C524D535F41433D25C8
:101A9000732C41313D25732C41323D25732C41334C
:101AA0003D25732C41363D25732C41393D25732C42
:101AB0004131323D25732C4131383D25732C413263
:101AC000373D25732C4133363D25732C4134353D4C
:101AD00025732C4137323D25732C413130383D255B
:101AE000732C48315F506861736553776565704446
:101AF00065673D25732C48325F5068617365537785
:101B00006565704465673D25732C48335F50686197
:101B1000736553776565704465673D25732C48365A
:101B20005F506861736553776565704465673D25EF
:101B3000732C48395F5068617365537765657044ED
:101B400065673D25732C4831325F5068617365537A
:101B5000776565704465673D25732C4831385F5063
:101B60006861736553776565704465673D25732CBF
:101B70004832375F506861736553776565704465B7
:101B8000673D25732C4833365F5068617365537722
:101B90006565704465673D25732C4834355F506832
:101BA00061736553776565704465673D25732C489F
:101BB00037325F5068617365537765657044656758
:101BC0003D25732C483130385F5068617365537719
:101BD0006565704465673D25732C41343D25732C44
:101BE00048345F5068617365537765657044656715
:101BF0003D25732C41383D25732C48385F50686172
:101C0000736553776565704465673D25732C4D6F2B
:101C1000746F72506F6C65436F756E743D25752CD3
:101C20004D6F746F72506F6C6550616972733D25B2
:101C3000752C456C656374726963616C5269707070
:101C40006C654D756C7469706C653D25752C456CC3
:101C5000656374726963616C526970706C654F7210
:101C60006465723D25752C41456C656374726963CA
:101C7000616C363D25732C456C65637472696361D4
:101C80006C365F506861736553776565704465674E
:101C90003D25732C456C656374726963616C526990
:101CA00070706C6556616C69643D25642C50686188
:101CB000736556616C69644D61736B3D3078253096
:101CC00034582C446F6D696E616E7453656C656336
:101CD0007465644F726465723D25752C446F6D693F
:101CE0006E616E7453656C6563746564416D706C90
:101CF00069747564653D25732C446F6D696E616E02
:101D00007453656C6563746564456E65726779527A
:101D10006174696F3D25732C4C65676163794D6F04
:101D200064656C49643D48534554365F56312C4CCC
:101D300065676163794F72646572733D317C327C93
:101D4000337C367C31327C31382C4C656761637969
:101D50004D6F64656C56616C69643D25642C5265F9
:101D600073696475616C5F524D535F48363D2573EE
:101D70002C526573696475616C5F524D535F4833D3
:101D8000363D25732C526573696475616C5F524DE5
:101D9000535F46756C6C3D25732C4669747465649D
:101DA0005F5032503D25732C4669744578706C61E4
:101DB000696E6564526174696F3D25732C45787452
:101DC000656E6465644D6F64656C49643D48534558
:101DD0005431325F56312C457874656E6465644FBA
:101DE00072646572733D317C327C337C367C397C25
:101DF00031327C31387C32377C33367C34357C3739
:101E0000327C3130382C457874656E6465644D6F72
:101E100064656C56616C69643D25642C5265736918
:101E20006475616C5F524D535F457874656E64658F
:101E3000643D25732C4669747465645F5032505F4D
:101E4000457874656E6465643D25732C46697445F8
:101E500078706C61696E6564526174696F5F457812
:101E600074656E6465643D25732C4D6F746F725F8D
:101E70004572726F725F5032505F4465673D2573E3
:101E80002C4D6F746F725F53797374656D5F494E3B
:101E90004C5F4465673D25732C43726573744661DE
:101EA00063746F723D25732C5039395F41627344FE
:101EB0006576696174696F6E3D25732C5472616338
:101EC0006B696E6756616C69643D25642C54726160
:101ED000636B696E674572726F725F524D535F44F8
:101EE00065673D25732C547261636B696E6745723B
:101EF000726F725F4D61784162735F4465673D2523
:101F0000732C46656174757265436F6D7075746589
:101F100054696D654D733D256C750D0A005348413C
:101F2000444F575F524553554C542C536368656D6D
:101F30006156657273696F6E3D25642C54657374C8
:101F400049443D256C752C537765657049443D25A2
:101F50006C752C4A696749443D25732C4D6F746F2D
:101F60007249443D25732C4F6666696369616C3D17
:101F7000302C436F6E747261637456657273696F4F
:101F80006E3D25732C56616C69643D25642C416E51
:101F9000616C79736973506F696E74733D25642C3D
:101FA0004D65616E44433D25732C524D535F414353
:101FB0003D25732C4133363D25732C5032503D2541
:101FC000732C506F696E74304D65616E526177513C
:101FD00031363D25732C4572726F723052617751E4
:101FE00031363D25732C436C6F7375726545727283
:101FF0006F725261775131363D25732C436C6F738C
:102000007572654572726F724465673D25732C4326
:102010006C6F737572654C696D69744465673D30AA
:102020002E32303030302C436C6F737572655661D0
:102030006C69643D25642C4C65676163794D696EFC
:10204000757343616E6F6E6963616C524D533D25CC
:10205000732C4C65676163794D696E757343616E6E
:102060006F6E6963616C4133363D25732C41747426
:10207000656D70746564506F696E74733D25642C72
:102080004361707475726564506F696E74733D2539
:10209000642C5472616E73616374696F6E733D2555
:1020A0006C752C416363657074656453616D706C0D
:1020B00065733D256C752C5370694661696C75724A
:1020C00065733D256C752C4A756D7052656A656344
:1020D00074733D256C752C4D657461646174614940
:1020E0006E76616C69643D256C752C4661696C6522
:1020F00064506F696E74733D256C752C536B6970F9
:10210000706564536C6F74733D256C752C54696DE8
:10211000696E674F76657272756E733D256C752CAE
:102120004D617841627354696D696E674572726F73
:10213000724379636C65733D256C752C4D617843F2
:102140006F6E73656375746976654661696C7572E7
:1021500065734F627365727665643D256C752C46B8
:10216000656174757265436F6D7075746554696DE2
:10217000654D733D256C752C417070726F6163689D
:1021800050726F746F636F6C3D25732C4170707269
:102190006F6163685374727563747572616C5661B4
:1021A0006C69643D25730D0A00534841444F575FE5
:1021B0004D41442C536368656D6156657273696F58
:1021C0006E3D25642C5465737449443D256C752C13
:1021D000537765657049443D256C752C4A6967499C
:1021E000443D25732C4D6F746F7249443D25732C0B
:1021F000446972656374696F6E3D25732C4F666622
:10220000696369616C3D302C506F696E74496E640E
:1022100065783D25642C436F6D70757465643D254C
:10222000642C43616E646964617465436F756E7498
:102230003D256C752C52656A6563746564436F75E2
:102240006E743D256C752C526F62757374436F7597
:102250006E743D256C752C52656A656374466C6FAF
:102260006F7252656C5261773D256C642C506F69BA
:102270006E744D65616E5261775131363D25732C18
:102280004D616446696C74657265644D65616E523A
:1022900061775131363D25732C44656C7461526110
:1022A000775131363D25730D0A00434C4F5355523B
:1022B000455F50524F42452C536368656D615665CA
:1022C0007273696F6E3D25642C5465737449443D87
:1022D000256C752C537765657049443D256C752CCC
:1022E0004A696749443D25732C4D6F746F724944A8
:1022F0003D25732C446972656374696F6E3D257367
:102300002C4F6666696369616C3D302C50726F7446
:102310006F636F6C3D25732C53746167653D257346
:102320002C506F696E743D25752C436F6D6D616E19
:10233000645261773D256C642C506F7765723D3136
:102340002E30303030302C4E6F6D696E616C486FBE
:102350006C644D733D256C752C43617074757265AA
:102360005374617274456C61707365644D733D257F
:102370006C752C43617074757265456E64456C6153
:10238000707365644D733D256C752C506F696E7468
:102390004D65616E5261775131363D25732C436C2A
:1023A0006F737572654572726F7252617751313613
:1023B0003D25732C436C6F737572654572726F7235
:1023C0004465673D25732C57696E646F77503250B2
:1023D0005261773D25732C57696E646F7750325088
:1023E0004465673D25732C57696E646F7744726945
:1023F00066745261773D25732C57696E646F77441C
:10240000726966744465673D25732C5472616E73FE
:10241000616374696F6E733D256C752C41636365F0
:102420007074656453616D706C65733D256C752CBB
:102430005370694661696C757265733D256C752CC6
:102440004A756D7052656A656374733D256C752CB1
:102450004D65746164617461496E76616C69643D57
:10246000256C752C536B6970706564536C6F747355
:102470003D256C752C54696D696E674F7665727277
:10248000756E733D256C752C4D6178436F6E736569
:102490006375746976654661696C757265734F62C0
:1024A0007365727665643D256C752C416371756941
:1024B000736974696F6E526573756C743D25732C06
:1024C00056616C69643D25640D0A00434C4F5355B9
:1024D00052455F50524F42455F524553554C542C24
:1024E000536368656D6156657273696F6E3D2564EF
:1024F0002C5465737449443D256C752C5377656580
:102500007049443D256C752C4A696749443D2573E3
:102510002C4D6F746F7249443D25732C446972656C
:102520006374696F6E3D25732C4F666669636961DC
:102530006C3D302C50726F746F636F6C3D25732C43
:10254000456E61626C65643D25642C5374617274E0
:1025500065643D25642C436F6D706C6574653D2525
:10256000642C457870656374656453746167657342
:102570003D25752C417474656D7074656453746188
:102580006765733D256C752C56616C696453746185
:102590006765733D256C752C506F73745475726E3E
:1025A00054696D696E67436F6D70617261626C65CD
:1025B0003D25642C4163717569736974696F6E524E
:1025C0006573756C743D25732C5374617475733D1C
:1025D00025730D0A00415050524F4143485F524508
:1025E00053554C542C536368656D6156657273691D
:1025F0006F6E3D25642C5465737449443D256C759C
:102600002C537765657049443D256C752C4A696784
:1026100049443D25732C4D6F746F7249443D2573B9
:102620002C446972656374696F6E3D25732C4F6627
:1026300066696369616C3D302C50726F746F636FB3
:102640006C3D25732C537461727465643D312C4369
:102650006F6D706C6574653D25642C537461747581
:10266000733D25732C417070726F616368426163C2
:102670006B6F66665261773D256C642C4170707299
:102680006F61636852616D70537465705261773D1C
:1026900025642C417070726F61636852616D704483
:1026A000656C61794D733D25642C423042536F66F1
:1026B00074537461727450726F746F636F6C3D25E4
:1026C000732C423042437265657050726F746F6351
:1026D0006F6C3D25732C4261636B6F666643726558
:1026E0006570526573756C743D25732C4261636B24
:1026F0006F66664372656570497465726174696F6F
:102700006E733D256C752C4261636B6F6666437218
:10271000656570546F74616C5261773D25732C460A
:102720006F72776172644372656570526573756C20
:10273000743D25732C466F727761726443726565D0
:1027400070497465726174696F6E733D256C752C88
:10275000466F72776172644372656570546F74611D
:102760006C5261773D25732C423042466565646644
:102770006F727761726450726F746F636F6C3D2516
:10278000732C46656564666F72776172644261633B
:102790006B6F6666426961735261773D25642C46B2
:1027A000656564666F7277617264466F7277617295
:1027B00064426961735261773D25642C4261636BA9
:1027C0006F6666457874656E73696F6E5374657075
:1027D0007345786563757465643D256C752C466F2B
:1027E0007277617264457874656E73696F6E537445
:1027F00065707345786563757465643D256C752CEB
:102800004261636B6F666646656564666F72776189
:1028100072645461726765744572726F7252617747
:102820003D25732C466F72776172644665656466F8
:102830006F72776172645461726765744572726F0A
:10284000725261773D25732C4261636B6F666646F9
:10285000656564666F7277617264547261636B69F7
:102860006E6756616C69643D25642C466F727761B2
:10287000726446656564666F7277617264547261F2
:10288000636B696E6756616C69643D25642C4170A9
:1028900070726F61636845787065637465645374C2
:1028A0006570733D25642C417070726F6163684977
:1028B0006E697469616C536574746C655265737587
:1028C0006C743D25732C417070726F616368426156
:1028D000636B6F6666536574746C65526573756C73
:1028E000743D25732C417070726F616368506F691D
:1028F0006E7430536574746C65526573756C743D99
:1029000025732C417070726F6163684261636B6FF5
:102910006666537465707345786563757465643D68
:10292000256C752C417070726F616368466F7277A9
:10293000617264537465707345786563757465641A
:102940003D256C752C417070726F616368537465BE
:1029500070436F756E7456616C69643D25642C41DB
:102960007070726F616368446972656374696F6ED9
:1029700056616C69643D25642C4261636B6F6666C9
:10298000446972656374696F6E56616C69643D2554
:10299000642C417070726F61636841637175697313
:1029A0006974696F6E436C65616E3D25642C41707E
:1029B00070726F6163685374727563747572616C61
:1029C00056616C69643D25642C4261636B6F666679
:1029D0004F6273657276656444656C7461526177A9
:1029E0003D25732C4261636B6F6666546172676547
:1029F000744572726F725261773D25732C4170700D
:102A0000726F6163684F6273657276656444656C6A
:102A100074615261773D25732C417070726F6163F0
:102A2000685461726765744572726F725261773D66
:102A300025732C417070726F616368526574757292
:102A40006E4572726F725261773D25732C417070C2
:102A5000726F6163684D6F74696F6E5175616C69F7
:102A60006669636174696F6E3D554E43414C4942DE
:102A700052415445440D0A0043524545505F444578
:102A800052495645445F424941535F5631004150D7
:102A900050524F4143485F53544550532C53636841
:102AA000656D6156657273696F6E3D25642C546562
:102AB000737449443D256C752C53776565704944A2
:102AC0003D256C752C4A696749443D25732C4D6F33
:102AD000746F7249443D25732C4F66666963696162
:102AE0006C3D302C4C65673D4241434B4F46462C74
:102AF00053746570436F756E743D25752C556E77F4
:102B00007261707065645261773D25730D0A0041F2
:102B10005050524F4143485F53544550532C5363D8
:102B200068656D6156657273696F6E3D25642C54DE
:102B300065737449443D256C752C53776565704900
:102B4000443D256C752C4A696749443D25732C4DDD
:102B50006F746F7249443D25732C4F6666696369D3
:102B6000616C3D302C4C65673D464F525741524495
:102B70002C53746570436F756E743D25752C556EBE
:102B8000777261707065645261773D25730D0A003C
:102B900053574545505F52414D505F535445505334
:102BA0002C536368656D6156657273696F6E3D2560
:102BB000642C5465737449443D256C752C537765BA
:102BC000657049443D256C752C4A696749443D252B
:102BD000732C4D6F746F7249443D25732C4F66669C
:102BE000696369616C3D302C546F506F696E744934
:102BF0006E6465783D256C752C53746570436F75F4
:102C00006E743D25752C556E7772617070656452D7
:102C100061773D25730D0A00534841444F575F4586
:102C20004E442C536368656D6156657273696F6EAF
:102C30003D25642C5465737449443D256C752C53B3
:102C40007765657049443D256C752C4A6967494430
:102C50003D25732C4D6F746F7249443D25732C4F85
:102C60006666696369616C3D302C5374617274658A
:102C7000643D25642C417474656D70746564506F97
:102C8000696E74733D25642C43617074757265645C
:102C9000506F696E74733D25642C4163717569735F
:102CA0006974696F6E526573756C743D25732C532E
:102CB00074617475733D25730D0A004D6F746F72E6
:102CC000206F66667365743A2025750D0A004D6F96
:102CD000746F7220616E676C65206F6666736574D1
:102CE0003A202573206465677265650D0A004D41C1
:102CF000363030207374617274207261773D2575AF
:102D000020636F756E743D256C642066696C746514
:102D10007265643D257320726177416E676C653D15
:102D20002573206465677265650D0A004E4C20634B
:102D3000757276652025643A20616E676C653D2565
:102D400073206572726F723D2573206465670D0A8A
:102D5000004E4C20706F696E7473206E6F74207318
:102D60006574746C65642077697468696E20256C7D
:102D7000646D732025643A2025642F25640D0A00B4
:102D80004E4C206162736F6C757465206578747247
:102D9000656D612025643A206D61785F7261773DD1
:102DA0002575202825732064656729206D696E5F6D
:102DB0007261773D25752028257320646567290D8C
:102DC0000A004E4C206861726D6F6E696331202875
:102DD0006D6F756E74696E672F636F6E63656E7469
:102DE000726963697479207369676E61747572655D
:102DF000292025643A20616D706C69747564653DA5
:102E000025732070686173653D2573206465670DC7
:102E10000A004E4C206861726D6F6E69633620281F
:102E2000686973746F726963616C2072656665723C
:102E3000656E63652C2073656520524553554C546F
:102E4000277320446F6D696E616E7453656C6563A2
:102E50007465644F72646572292025643A20616D3F
:102E6000706C69747564653D257320706861736565
:102E70003D2573206465670D0A004E4C20646F6D1C
:102E8000696E616E74206861726D6F6E6963202572
:102E9000643A206F726465723D257520616D706CB7
:102EA00069747564653D2573206465670D0A004E7D
:102EB0004C20726177207065616B2D746F2D706589
:102EC000616B202564202873696E676C65206D61D5
:102ED000782D6D696E2C20666F7220636F6D706146
:102EE0007269736F6E293A20257320646567726575
:102EF000650D0A004E4C2054432070657263656E68
:102F000074696C652025643A2050353D2573205046
:102F100039353D25732072616E67653D25732064E8
:102F200065677265650D0A004E4C20544320726D32
:102F3000732025643A202573206465677265650DEA
:102F40000A004D4136303020526177204E6F6E6C52
:102F5000696E65617220256420416E676C653A2058
:102F60002573206465677265650D0A004D41363032
:102F7000302046696C7465722D526177204D6178FE
:102F800020446966662025643A20257320646567BD
:102F90007265650D0A004E6F6E6C696E6561722018
:102FA000256420494E56414C49443A20747261636D
:102FB0006B696E673D25642061637175697369741F
:102FC000696F6E3D257320736574746C65643D256F
:102FD000642F25640D0A00454E442C536368656DCB
:102FE0006156657273696F6E3D25642C5465737408
:102FF00049443D256C752C537765657049443D25E2
:103000006C752C446972656374696F6E3D25732C11
:103010004361707475726564506F696E74733D2599
:10302000642C416E616C79736973506F696E74734F
:103030003D25642C547261636B696E6756616C69DF
:10304000643D25642C536574746C655374616269C6
:103050006C69747956616C69643D25642C536574A0
:10306000746C6554617267657450726F78696D69CC
:10307000747956616C69643D25642C536574746C75
:103080006556616C69643D25642C41637175697393
:103090006974696F6E526573756C743D25732C533A
:1030A00074617475733D25730D0A00505245434F8A
:1030B0004E444954494F4E5F5052455F4D4F544F17
:1030C000520042415443485F5052455F4D4F544F68
:1030D000520047657474696E6720726573756C740D
:1030E000210D0A004D6F746F72204552524F523AB3
:1030F00020453530372028636F6E74726F6C2D73E6
:10310000657373696F6E207265736574207665727E
:10311000696669636174696F6E206661696C656474
:1031200029210D0A004D41363030206D6F76652D16
:10313000746F2D7A65726F3A206572726F723D25D9
:10314000732064656720736574746C65643D256CD9
:10315000642F256C6420636D64506F733D256C642F
:103160000D0A004D6F746F72204552524F523A2033
:1031700045353032210D0A004D6F746F7220455273
:10318000524F523A204535303320286D6F76652DE9
:10319000746F2D7A65726F20646964206E6F74207D
:1031A000636F6E76657267652077697468696E20F3
:1031B000256C64206D7329210D0A004D6F746F72A8
:1031C000204552524F523A204535303420286D6FF9
:1031D00076652D746F2D7A65726F20656E636F64EE
:1031E0006572206163717569736974696F6E2066B9
:1031F00061696C656429210D0A004D6F746F72203E
:103200004552524F523A2045353035202873776564
:103210006570206163717569736974696F6E20668A
:1032200061696C65643A20257329210D0A004D6F90
:10323000746F72204552524F523A20453530362035
:103240002873776565702061637175697369746946
:103250006F6E20696E76616C69643B20696E737075
:10326000656374204D4554412F454E4429210D0A74
:1032700000505245434F4E444954494F4E5F5245CA
:1032800053554C542C536368656D61566572736970
:103290006F6E3D25642C426174636849443D256C22
:1032A000752C4379636C654F726465723D256C754E
:1032B0002C5465737449443D256C752C50726F74A1
:1032C0006F636F6C3D25732C52756E526F6C653D4C
:1032D000505245434F4E444954494F4E2C456C691A
:1032E0006769626C65466F7253746174697374695F
:1032F00063733D302C5374617475733D56414C4972
:10330000440D0A004D4136303020526177204E6F17
:103310006E6C696E6561722046696E616C204176E3
:1033200065726167653A202573206465677265651B
:103330000D0A004D6F746F72204F4B210D0A004231
:10334000415443482C426174636849443D256C757F
:103350002C5374617475733D4641494C45442C436C
:1033600079636C654F726465723D256C752C52757E
:103370006E4F726465723D256C752C52756E526F7E
:103380006C653D25730D0A0042415443482C42614F
:1033900074636849443D256C752C5374617475736E
:1033A0003D434F4D504C4554452C507265636F6EF4
:1033B000646974696F6E436F756E743D256C752C0E
:1033C00052756E436F756E743D256C752C546F7419
:1033D000616C4379636C65436F756E743D256C75E4
:1033E0002C507265636F6E646974696F6E56616CA0
:1033F00069643D312C507265636F6E646974696FE6
:103400006E52756E73557365643D256C752C5072E4
:1034100065636F6E646974696F6E53746162696C21
:1034200069747944656C74614465673D25730D0A60
:103430000042415443482C426174636849443D252D
:103440006C752C5374617475733D434F4F4C444FEE
:10345000574E5F53544152542C4379636C654F72FD
:103460006465723D256C752C52756E4F7264657281
:103470003D256C752C52756E526F6C653D25732C15
:103480005461726765744D733D256C752C50726F75
:10349000746F636F6C3D25730D0A00424F4F545F8C
:1034A000534D4F4B45004D4136303020535441541D
:1034B000555320707265636865636B206661696C43
:1034C0006564204E564D423D2564204352433D25C0
:1034D00064204D454D3D2564205041523D25643BBF
:1034E00020626174636820726566757365640D0A95
:1034F0000042415443482C426174636849443D256D
:103500006C752C5374617475733D53544152542C33
:10351000507265636F6E646974696F6E50726F7418
:103520006F636F6C3D25732C507265636F6E6469B9
:1035300074696F6E436F756E743D256C752C527592
:103540006E436F756E743D256C752C546F74616C91
:103550004379636C65436F756E743D256C752C43C0
:103560006F6F6C646F776E5461726765744D733DF5
:10357000256C750D0A0042415443482C4261746326
:103580006849443D256C752C5374617475733D46D0
:1035900041494C45442C526561736F6E3D434F4F1A
:1035A0004C444F574E5F494E56414C49442C436F53
:1035B0006D706C657465644379636C654F726465A6
:1035C000723D256C752C4E6578744379636C654F3C
:1035D000726465723D256C752C5461726765744D1B
:1035E000733D256C752C41637475616C4D733D257D
:1035F0006C752C546F6C6572616E63654D733D25FF
:103600006C750D0A0052554E54494D452C46726555
:1036100065486561703D256C752C4D696E45766514
:103620007246726565486561703D256C752C546500
:103630007374537461636B4869676857617465722A
:10364000576F7264733D256C750D0A004E4F545FC1
:1036500052554E004F4B004143515549534954492F
:103660004F4E5F4552524F52004E4F545F415050A3
:103670004C494341424C4500494E495449414C5FF5
:10368000534554544C455F4641494C4544004241E2
:10369000434B4F46465F534554544C455F46414962
:1036A0004C454400504F494E54305F534554544CA0
:1036B000455F4641494C45440057524F4E475F5085
:1036C0004F534954494F4E00444952454354494F82
:1036D0004E5F4552524F5200494E56414C49445F4D
:1036E000415247005350495F54494D454F5554008E
:1036F0005350495F4552524F520053414D504C4533
:103700005F4A554D5000434F4E4649475F45525220
:103710004F520054494D494E475F4D455441444135
:1037200054415F494E56414C49440041435155492B
:10373000534954494F4E5F4255444745545F45589D
:103740004345454445440041435155495349544933
:103750004F4E5F54494D454F5554004D4154485FBD
:103760004F564552464C4F5700494E495449414CDB
:1037700000484F4C445F353000484F4C445F313077
:103780003000484F4C445F323030005465737454FD
:1037900061736B004A494731004A494732004A4940
:1037A00047330049444C4500546D725100546D72CA
:1037B0002053766300232D302B2000686C4C00656D
:1037C000666745464700303132333435363738394D
:1037D0004142434445460030313233343536373880
:1037E0003961626364656600D7000108DC00010886
:1037F000EF0001080001010824010108440101084B
:10380000520101085F0101086D0101087D010108F5
:103810008A0101089A010108640301080000000000
:103820000000000000000000000000000010000088
:103830001800000000000000000000000000004030
:10384000A69B443B9A99993E0000A0400000C843C3
:103850000000803E000000410000FB01FD01FC0172
:103860004C36010854360108E8360108373701089C
:1038700057360108693601085436010878360108C0
:103880008E360108A436010857360108543601085F
:10389000E8360108B93601085736010854360108E0
:1038A000C8360108E83601085736010854360108C1
:1038B000D8360108E4360108F0360108FA36010866
:1038C00006370108133701082B370108473701086D
:1038D0005B3701086937010871370108793701083A
:1038E0008237010800000000320000006400000080
:1038F000C80000008B370108000000000000000035
:103900000000000000000000002000002000000077
:103910000000000000000000010203060C1201027A
:103920000306090C121B242D486C000027003C00E4
:103930000447343235353538943701080000000526
:1039400000000000AD550A192C0025000447343250
:1039500035353538993701080000000500000000B2
:10396000AD550A193A004C000B5134303933363119
:103970009E3701080000000500000000AD550A193F
:10398000000000000102030400000000000000002D
:1039900001020304060708090006101600061016A7
:1039A00059F3F8C21F6EA501000000000000F03FAF
:1039B00000000080DB0F4940DB0F49C0DB0F49BF2F
:1039C000E4CB1640E4CB16C0000FC93F000F4940BE
:1039D00000CB9640000FC9400053FB4000CB16417E
:1039E00000ED2F41000F49410031624100537B41FE
:1039F000003A8A4100CB9641005CA34100EDAF4103
:103A0000007EBC41000FC94100A0D5410031E24118
:103A100000C2EE410053FB4100F20342003A0A4269
:103A20000083104200CB164200141D42005C23426A
:103A300000A5294200ED2F4200363642007E3C426E
:103A400000C74242000F4942A2000000F9000000F6
:103A5000830000006E0000004E00000044000000E3
:103A60001500000029000000FC00000027000000F5
:103A700057000000D1000000F500000034000000F5
:103A8000DD000000C0000000DB000000620000005C
:103A900095000000990000003C0000004300000079
:103AA0009000000041000000FE00000051000000F6
:103AB00063000000AB000000DE000000BB0000005F
:103AC000C500000061000000B700000024000000F5
:103AD0006E0000003A000000420000004D000000AF
:103AE000D2000000E00000000600000049000000D5
:103AF0002E000000EA00000009000000D1000000D4
:103B0000920000001C000000FE0000001D000000EC
:103B1000EB0000001C000000B100000029000000C4
:103B2000A70000003E000000E80000008200000046
:103B300035000000F50000002E000000BB00000072
:103B40004400000084000000E90000009C00000028
:103B50007000000026000000B40000005F000000BC
:103B60007E000000410000003900000091000000CC
:103B7000D600000039000000830000005300000060
:103B800039000000F40000009C00000084000000E8
:103B90005F0000008B000000BD000000F900000085
:103BA000280000003B0000001F000000F80000009B
:103BB00097000000FF000000DE000000050000008C
:103BC000980000000F000000EF0000002F00000030
:103BD000110000008B0000005A0000000A000000E5
:103BE0006D0000001F0000006D00000036000000A6
:103BF0007E000000CF00000027000000CB00000086
:103C000009000000B70000004F000000460000005F
:103C10003F000000660000009E0000005F00000002
:103C2000EA0000002D0000007500000027000000E1
:103C3000BA000000C7000000EB000000E500000033
:103C4000F10000007B0000003D00000007000000C4
:103C500039000000F70000008A0000005200000058
:103C600092000000EA0000006B000000FB00000072
:103C70005F000000B10000001F0000008D00000088
:103C80005D00000008000000560000000300000076
:103C90003000000046000000FC0000007B00000037
:103CA0006B000000AB000000F0000000CF0000003F
:103CB000BC000000200000009A000000F40000009A
:103CC000360000001D000000A9000000E300000015
:103CD00091000000610000005E000000E6000000AE
:103CE0001B000000080000006500000099000000B3
:103CF000850000005F00000014000000A00000002C
:103D000068000000400000008D000000FF0000007F
:103D1000D8000000800000004D000000730000008B
:103D2000270000003100000006000000060000002F
:103D30001500000056000000CA00000073000000DB
:103D4000A8000000C900000060000000E2000000C0
:103D50007B000000C00000008C0000006B00000031
:103D60006937AC3168212233B40F14336821A23390
:103D70003863ED3EDA0F493F5E987B3FDA0FC93F6B
:103D80000000C93F0000F0390000DA370000A2331C
:103D90000000842E0000502B0000C2270000D0221B
:103DA0000000C41F0000C61B0000441704000000F0
:083DB0000700000009000000FB
:083DB80018C4FE7F01000000A9
:043DC000B501000841
:043DC4009101000861
:103DC8000024F4000100000010000000AAAAAAAA1A
:103DD80014000020000000008CE90120F4E9012013
:103DE8005CEA012000000000000000000000000064
:103DF80000000000000000000000000000000000BB
:103E080000000000000000000000000000000000AA
:103E1800000000000000000000000000000000009A
:0400000508008A4D18
:00000001FF
