"Seq","Phase","EncoderRaw","TravelRaw","TravelMilliDeg","DeltaRaw","VelocityRawPerSecond","AccelerationRawPerSecond2","PowerPpm","ScheduledTick","SampleTick","LatenessTicks","LoopCycles","SpiLatencyCycles","PwmCounterAtCs"
"0","ALIGN_RAMP","29675","1","5.4931640625","1","1000","1000000","0","19810","19810","0","2897","1336","190"
"1","ALIGN_RAMP","29674","0","0","-1","-1000","-2000000","200","19811","19811","0","2902","1336","2031"
"2","ALIGN_RAMP","29677","3","16.4794921875","3","3000","4000000","400","19812","19812","0","2902","1336","1941"
"3","ALIGN_RAMP","29678","4","21.97265625","1","1000","-2000000","600","19813","19813","0","2902","1336","1851"
"4","ALIGN_RAMP","29676","2","10.986328125","-2","-2000","-3000000","800","19814","19814","0","2902","1336","1761"
"5","ALIGN_RAMP","29676","2","10.986328125","0","0","2000000","1000","19815","19815","0","2902","1336","1671"
"6","ALIGN_RAMP","29674","0","0","-2","-2000","-2000000","1200","19816","19816","0","2902","1336","1581"
"7","ALIGN_RAMP","29677","3","16.4794921875","3","3000","5000000","1400","19817","19817","0","2902","1336","1491"
"8","ALIGN_RAMP","29675","1","5.4931640625","-2","-2000","-5000000","1600","19818","19818","0","2902","1336","1401"
"9","ALIGN_RAMP","29676","2","10.986328125","1","1000","3000000","1800","19819","19819","0","2902","1336","1311"
"10","ALIGN_RAMP","29674","0","0","-2","-2000","-3000000","2000","19820","19820","0","2902","1336","1221"
"11","ALIGN_RAMP","29677","3","16.4794921875","3","3000","5000000","2200","19821","19821","0","2902","1336","1131"
"12","ALIGN_RAMP","29676","2","10.986328125","-1","-1000","-4000000","2400","19822","19822","0","2902","1336","1041"
"13","ALIGN_RAMP","29678","4","21.97265625","2","2000","3000000","2600","19823","19823","0","2902","1336","951"
"14","ALIGN_RAMP","29676","2","10.986328125","-2","-2000","-4000000","2800","19824","19824","0","2902","1336","861"
"15","ALIGN_RAMP","29681","7","38.4521484375","5","5000","7000000","3000","19825","19825","0","2902","1336","771"
"16","ALIGN_RAMP","29677","3","16.4794921875","-4","-4000","-9000000","3200","19826","19826","0","2902","1336","681"
"17","ALIGN_RAMP","29673","-1","-5.4931640625","-4","-4000","0","3400","19827","19827","0","2902","1336","591"
"18","ALIGN_RAMP","29675","1","5.4931640625","2","2000","6000000","3600","19828","19828","0","2902","1336","501"
"19","ALIGN_RAMP","29676","2","10.986328125","1","1000","-1000000","3800","19829","19829","0","2902","1336","411"
"20","ALIGN_RAMP","29676","2","10.986328125","0","0","-1000000","4000","19830","19830","0","2902","1336","321"
"21","ALIGN_RAMP","29678","4","21.97265625","2","2000","2000000","4200","19831","19831","0","2902","1336","231"
"22","ALIGN_RAMP","29673","-1","-5.4931640625","-5","-5000","-7000000","4400","19832","19832","0","2902","1336","141"
"23","ALIGN_RAMP","29674","0","0","1","1000","6000000","4600","19833","19833","0","2902","1336","51"
"24","ALIGN_RAMP","29675","1","5.4931640625","1","1000","0","4800","19834","19834","0","2902","1336","2116"
"25","ALIGN_RAMP","29679","5","27.4658203125","4","4000","3000000","5000","19835","19835","0","2902","1336","2026"
"26","ALIGN_RAMP","29676","2","10.986328125","-3","-3000","-7000000","5200","19836","19836","0","2902","1336","1936"
"27","ALIGN_RAMP","29679","5","27.4658203125","3","3000","6000000","5400","19837","19837","0","2902","1336","1846"
"28","ALIGN_RAMP","29678","4","21.97265625","-1","-1000","-4000000","5600","19838","19838","0","2902","1336","1756"
"29","ALIGN_RAMP","29674","0","0","-4","-4000","-3000000","5800","19839","19839","0","2902","1336","1666"
"30","ALIGN_RAMP","29677","3","16.4794921875","3","3000","7000000","6000","19840","19840","0","2902","1336","1576"
"31","ALIGN_RAMP","29677","3","16.4794921875","0","0","-3000000","6200","19841","19841","0","2902","1336","1486"
"32","ALIGN_RAMP","29676","2","10.986328125","-1","-1000","-1000000","6400","19842","19842","0","2902","1336","1396"
"33","ALIGN_RAMP","29677","3","16.4794921875","1","1000","2000000","6600","19843","19843","0","2902","1336","1306"
"34","ALIGN_RAMP","29672","-2","-10.986328125","-5","-5000","-6000000","6800","19844","19844","0","2902","1336","1216"
"35","ALIGN_RAMP","29674","0","0","2","2000","7000000","7000","19845","19845","0","2902","1336","1126"
"36","ALIGN_RAMP","29679","5","27.4658203125","5","5000","3000000","7200","19846","19846","0","2902","1336","1036"
"37","ALIGN_RAMP","29676","2","10.986328125","-3","-3000","-8000000","7400","19847","19847","0","2902","1336","946"
"38","ALIGN_RAMP","29677","3","16.4794921875","1","1000","4000000","7600","19848","19848","0","2902","1336","856"
"39","ALIGN_RAMP","29676","2","10.986328125","-1","-1000","-2000000","7800","19849","19849","0","2902","1336","766"
"40","ALIGN_RAMP","29676","2","10.986328125","0","0","1000000","8000","19850","19850","0","2902","1336","676"
"41","ALIGN_RAMP","29676","2","10.986328125","0","0","0","8200","19851","19851","0","2902","1336","586"
"42","ALIGN_RAMP","29675","1","5.4931640625","-1","-1000","-1000000","8400","19852","19852","0","2902","1336","496"
"43","ALIGN_RAMP","29677","3","16.4794921875","2","2000","3000000","8600","19853","19853","0","2902","1336","406"
"44","ALIGN_RAMP","29677","3","16.4794921875","0","0","-2000000","8800","19854","19854","0","2902","1336","316"
"45","ALIGN_RAMP","29675","1","5.4931640625","-2","-2000","-2000000","9000","19855","19855","0","2902","1336","226"
"46","ALIGN_RAMP","29674","0","0","-1","-1000","1000000","9200","19856","19856","0","2902","1336","136"
"47","ALIGN_RAMP","29676","2","10.986328125","2","2000","3000000","9400","19857","19857","0","2902","1336","46"
"48","ALIGN_RAMP","29679","5","27.4658203125","3","3000","1000000","9600","19858","19858","0","2902","1336","2111"
"49","ALIGN_RAMP","29679","5","27.4658203125","0","0","-3000000","9800","19859","19859","0","2902","1336","2021"
"50","ALIGN_RAMP","29677","3","16.4794921875","-2","-2000","-2000000","10000","19860","19860","0","2902","1336","1931"
"51","ALIGN_RAMP","29678","4","21.97265625","1","1000","3000000","10200","19861","19861","0","2902","1336","1841"
"52","ALIGN_RAMP","29676","2","10.986328125","-2","-2000","-3000000","10400","19862","19862","0","2902","1336","1751"
"53","ALIGN_RAMP","29673","-1","-5.4931640625","-3","-3000","-1000000","10600","19863","19863","0","2902","1336","1661"
"54","ALIGN_RAMP","29678","4","21.97265625","5","5000","8000000","10800","19864","19864","0","2902","1336","1571"
"55","ALIGN_RAMP","29679","5","27.4658203125","1","1000","-4000000","11000","19865","19865","0","2902","1336","1481"
"56","ALIGN_RAMP","29676","2","10.986328125","-3","-3000","-4000000","11200","19866","19866","0","2902","1336","1391"
"57","ALIGN_RAMP","29677","3","16.4794921875","1","1000","4000000","11400","19867","19867","0","2902","1336","1301"
"58","ALIGN_RAMP","29676","2","10.986328125","-1","-1000","-2000000","11600","19868","19868","0","2902","1336","1211"
"59","ALIGN_RAMP","29676","2","10.986328125","0","0","1000000","11800","19869","19869","0","2902","1336","1121"
"60","ALIGN_RAMP","29676","2","10.986328125","0","0","0","12000","19870","19870","0","2902","1336","1031"
"61","ALIGN_RAMP","29676","2","10.986328125","0","0","0","12200","19871","19871","0","2902","1336","941"
"62","ALIGN_RAMP","29676","2","10.986328125","0","0","0","12400","19872","19872","0","2902","1336","851"
"63","ALIGN_RAMP","29675","1","5.4931640625","-1","-1000","-1000000","12600","19873","19873","0","2902","1336","761"
"64","ALIGN_RAMP","29678","4","21.97265625","3","3000","4000000","12800","19874","19874","0","2902","1336","671"
"65","ALIGN_RAMP","29674","0","0","-4","-4000","-7000000","13000","19875","19875","0","2902","1336","581"
"66","ALIGN_RAMP","29677","3","16.4794921875","3","3000","7000000","13200","19876","19876","0","2902","1336","491"
"67","ALIGN_RAMP","29677","3","16.4794921875","0","0","-3000000","13400","19877","19877","0","2902","1336","401"
"68","ALIGN_RAMP","29675","1","5.4931640625","-2","-2000","-2000000","13600","19878","19878","0","2902","1336","311"
"69","ALIGN_RAMP","29674","0","0","-1","-1000","1000000","13800","19879","19879","0","2902","1336","221"
"70","ALIGN_RAMP","29673","-1","-5.4931640625","-1","-1000","0","14000","19880","19880","0","2902","1336","131"
"71","ALIGN_RAMP","29675","1","5.4931640625","2","2000","3000000","14200","19881","19881","0","2902","1336","41"
"72","ALIGN_RAMP","29676","2","10.986328125","1","1000","-1000000","14400","19882","19882","0","2902","1336","2106"
"73","ALIGN_RAMP","29677","3","16.4794921875","1","1000","0","14600","19883","19883","0","2902","1336","2016"
"74","ALIGN_RAMP","29678","4","21.97265625","1","1000","0","14800","19884","19884","0","2902","1336","1926"
"75","ALIGN_RAMP","29672","-2","-10.986328125","-6","-6000","-7000000","15000","19885","19885","0","2902","1336","1836"
"76","ALIGN_RAMP","29675","1","5.4931640625","3","3000","9000000","15200","19886","19886","0","2902","1336","1746"
"77","ALIGN_RAMP","29677","3","16.4794921875","2","2000","-1000000","15400","19887","19887","0","2902","1336","1656"
"78","ALIGN_RAMP","29673","-1","-5.4931640625","-4","-4000","-6000000","15600","19888","19888","0","2902","1336","1566"
"79","ALIGN_RAMP","29677","3","16.4794921875","4","4000","8000000","15800","19889","19889","0","2902","1336","1476"
"80","ALIGN_RAMP","29675","1","5.4931640625","-2","-2000","-6000000","16000","19890","19890","0","2902","1336","1386"
"81","ALIGN_RAMP","29675","1","5.4931640625","0","0","2000000","16200","19891","19891","0","2902","1336","1296"
"82","ALIGN_RAMP","29676","2","10.986328125","1","1000","1000000","16400","19892","19892","0","2902","1336","1206"
"83","ALIGN_RAMP","29679","5","27.4658203125","3","3000","2000000","16600","19893","19893","0","2902","1336","1116"
"84","ALIGN_RAMP","29678","4","21.97265625","-1","-1000","-4000000","16800","19894","19894","0","2902","1336","1026"
"85","ALIGN_RAMP","29678","4","21.97265625","0","0","1000000","17000","19895","19895","0","2902","1336","936"
"86","ALIGN_RAMP","29677","3","16.4794921875","-1","-1000","-1000000","17200","19896","19896","0","2902","1336","846"
"87","ALIGN_RAMP","29678","4","21.97265625","1","1000","2000000","17400","19897","19897","0","2902","1336","756"
"88","ALIGN_RAMP","29674","0","0","-4","-4000","-5000000","17600","19898","19898","0","2902","1336","666"
"89","ALIGN_RAMP","29675","1","5.4931640625","1","1000","5000000","17800","19899","19899","0","2902","1336","576"
"90","ALIGN_RAMP","29680","6","32.958984375","5","5000","4000000","18000","19900","19900","0","2902","1336","486"
"91","ALIGN_RAMP","29677","3","16.4794921875","-3","-3000","-8000000","18200","19901","19901","0","2902","1336","396"
"92","ALIGN_RAMP","29681","7","38.4521484375","4","4000","7000000","18400","19902","19902","0","2902","1336","306"
"93","ALIGN_RAMP","29676","2","10.986328125","-5","-5000","-9000000","18600","19903","19903","0","2902","1336","216"
"94","ALIGN_RAMP","29677","3","16.4794921875","1","1000","6000000","18800","19904","19904","0","2902","1336","126"
"95","ALIGN_RAMP","29675","1","5.4931640625","-2","-2000","-3000000","19000","19905","19905","0","2902","1336","36"
"96","ALIGN_RAMP","29677","3","16.4794921875","2","2000","4000000","19200","19906","19906","0","2902","1336","2101"
"97","ALIGN_RAMP","29679","5","27.4658203125","2","2000","0","19400","19907","19907","0","2902","1336","2011"
"98","ALIGN_RAMP","29675","1","5.4931640625","-4","-4000","-6000000","19600","19908","19908","0","2902","1336","1921"
"99","ALIGN_RAMP","29675","1","5.4931640625","0","0","4000000","19800","19909","19909","0","2902","1336","1831"
"100","ALIGN_RAMP","29679","5","27.4658203125","4","4000","4000000","20000","19910","19910","0","2902","1336","1741"
"101","ALIGN_RAMP","29675","1","5.4931640625","-4","-4000","-8000000","20200","19911","19911","0","2902","1336","1651"
"102","ALIGN_RAMP","29674","0","0","-1","-1000","3000000","20400","19912","19912","0","2902","1336","1561"
"103","ALIGN_RAMP","29675","1","5.4931640625","1","1000","2000000","20600","19913","19913","0","2902","1336","1471"
"104","ALIGN_RAMP","29675","1","5.4931640625","0","0","-1000000","20800","19914","19914","0","2902","1336","1381"
"105","ALIGN_RAMP","29675","1","5.4931640625","0","0","0","21000","19915","19915","0","2902","1336","1291"
"106","ALIGN_RAMP","29676","2","10.986328125","1","1000","1000000","21200","19916","19916","0","2902","1336","1201"
"107","ALIGN_RAMP","29679","5","27.4658203125","3","3000","2000000","21400","19917","19917","0","2902","1336","1111"
"108","ALIGN_RAMP","29675","1","5.4931640625","-4","-4000","-7000000","21600","19918","19918","0","2902","1336","1021"
"109","ALIGN_RAMP","29677","3","16.4794921875","2","2000","6000000","21800","19919","19919","0","2902","1336","931"
"110","ALIGN_RAMP","29680","6","32.958984375","3","3000","1000000","22000","19920","19920","0","2902","1336","841"
"111","ALIGN_RAMP","29675","1","5.4931640625","-5","-5000","-8000000","22200","19921","19921","0","2902","1336","751"
"112","ALIGN_RAMP","29674","0","0","-1","-1000","4000000","22400","19922","19922","0","2902","1336","661"
"113","ALIGN_RAMP","29677","3","16.4794921875","3","3000","4000000","22600","19923","19923","0","2902","1336","571"
"114","ALIGN_RAMP","29675","1","5.4931640625","-2","-2000","-5000000","22800","19924","19924","0","2902","1336","481"
"115","ALIGN_RAMP","29675","1","5.4931640625","0","0","2000000","23000","19925","19925","0","2902","1336","391"
"116","ALIGN_RAMP","29675","1","5.4931640625","0","0","0","23200","19926","19926","0","2902","1336","301"
"117","ALIGN_RAMP","29674","0","0","-1","-1000","-1000000","23400","19927","19927","0","2902","1336","211"
"118","ALIGN_RAMP","29676","2","10.986328125","2","2000","3000000","23600","19928","19928","0","2902","1336","121"
"119","ALIGN_RAMP","29677","3","16.4794921875","1","1000","-1000000","23800","19929","19929","0","2902","1336","31"
"120","ALIGN_RAMP","29673","-1","-5.4931640625","-4","-4000","-5000000","24000","19930","19930","0","2902","1336","2096"
"121","ALIGN_RAMP","29678","4","21.97265625","5","5000","9000000","24200","19931","19931","0","2902","1336","2006"
"122","ALIGN_RAMP","29677","3","16.4794921875","-1","-1000","-6000000","24400","19932","19932","0","2902","1336","1916"
"123","ALIGN_RAMP","29675","1","5.4931640625","-2","-2000","-1000000","24600","19933","19933","0","2902","1336","1826"
"124","ALIGN_RAMP","29675","1","5.4931640625","0","0","2000000","24800","19934","19934","0","2902","1336","1736"
"125","ALIGN_RAMP","29678","4","21.97265625","3","3000","3000000","25000","19935","19935","0","2902","1336","1646"
"126","ALIGN_RAMP","29675","1","5.4931640625","-3","-3000","-6000000","25200","19936","19936","0","2902","1336","1556"
"127","ALIGN_RAMP","29673","-1","-5.4931640625","-2","-2000","1000000","25400","19937","19937","0","2902","1336","1466"
"128","ALIGN_RAMP","29678","4","21.97265625","5","5000","7000000","25600","19938","19938","0","2902","1336","1376"
"129","ALIGN_RAMP","29676","2","10.986328125","-2","-2000","-7000000","25800","19939","19939","0","2902","1336","1286"
"130","ALIGN_RAMP","29679","5","27.4658203125","3","3000","5000000","26000","19940","19940","0","2902","1336","1196"
"131","ALIGN_RAMP","29675","1","5.4931640625","-4","-4000","-7000000","26200","19941","19941","0","2902","1336","1106"
"132","ALIGN_RAMP","29680","6","32.958984375","5","5000","9000000","26400","19942","19942","0","2902","1336","1016"
"133","ALIGN_RAMP","29674","0","0","-6","-6000","-11000000","26600","19943","19943","0","2902","1336","926"
"134","ALIGN_RAMP","29677","3","16.4794921875","3","3000","9000000","26800","19944","19944","0","2902","1336","836"
"135","ALIGN_RAMP","29676","2","10.986328125","-1","-1000","-4000000","27000","19945","19945","0","2902","1336","746"
"136","ALIGN_RAMP","29676","2","10.986328125","0","0","1000000","27200","19946","19946","0","2902","1336","656"
"137","ALIGN_RAMP","29679","5","27.4658203125","3","3000","3000000","27400","19947","19947","0","2902","1336","566"
"138","ALIGN_RAMP","29676","2","10.986328125","-3","-3000","-6000000","27600","19948","19948","0","2902","1336","476"
"139","ALIGN_RAMP","29676","2","10.986328125","0","0","3000000","27800","19949","19949","0","2902","1336","386"
"140","ALIGN_RAMP","29677","3","16.4794921875","1","1000","1000000","28000","19950","19950","0","2902","1336","296"
"141","ALIGN_RAMP","29675","1","5.4931640625","-2","-2000","-3000000","28200","19951","19951","0","2902","1336","206"
"142","ALIGN_RAMP","29673","-1","-5.4931640625","-2","-2000","0","28400","19952","19952","0","2902","1336","116"
"143","ALIGN_RAMP","29675","1","5.4931640625","2","2000","4000000","28600","19953","19953","0","2902","1336","26"
"144","ALIGN_RAMP","29676","2","10.986328125","1","1000","-1000000","28800","19954","19954","0","2902","1336","2091"
"145","ALIGN_RAMP","29677","3","16.4794921875","1","1000","0","29000","19955","19955","0","2902","1336","2001"
"146","ALIGN_RAMP","29674","0","0","-3","-3000","-4000000","29200","19956","19956","0","2902","1336","1911"
"147","ALIGN_RAMP","29674","0","0","0","0","3000000","29400","19957","19957","0","2902","1336","1821"
"148","ALIGN_RAMP","29673","-1","-5.4931640625","-1","-1000","-1000000","29600","19958","19958","0","2902","1336","1731"
"149","ALIGN_RAMP","29673","-1","-5.4931640625","0","0","1000000","29800","19959","19959","0","2902","1336","1641"
"150","ALIGN_RAMP","29679","5","27.4658203125","6","6000","6000000","30000","19960","19960","0","2902","1336","1551"
"151","ALIGN_RAMP","29675","1","5.4931640625","-4","-4000","-10000000","30200","19961","19961","0","2902","1336","1461"
"152","ALIGN_RAMP","29676","2","10.986328125","1","1000","5000000","30400","19962","19962","0","2902","1336","1371"
"153","ALIGN_RAMP","29675","1","5.4931640625","-1","-1000","-2000000","30600","19963","19963","0","2902","1336","1281"
"154","ALIGN_RAMP","29671","-3","-16.4794921875","-4","-4000","-3000000","30800","19964","19964","0","2902","1336","1191"
"155","ALIGN_RAMP","29677","3","16.4794921875","6","6000","10000000","31000","19965","19965","0","2902","1336","1101"
"156","ALIGN_RAMP","29679","5","27.4658203125","2","2000","-4000000","31200","19966","19966","0","2902","1336","1011"
"157","ALIGN_RAMP","29676","2","10.986328125","-3","-3000","-5000000","31400","19967","19967","0","2902","1336","921"
"158","ALIGN_RAMP","29675","1","5.4931640625","-1","-1000","2000000","31600","19968","19968","0","2902","1336","831"
"159","ALIGN_RAMP","29676","2","10.986328125","1","1000","2000000","31800","19969","19969","0","2902","1336","741"
"160","ALIGN_RAMP","29673","-1","-5.4931640625","-3","-3000","-4000000","32000","19970","19970","0","2902","1336","651"
"161","ALIGN_RAMP","29674","0","0","1","1000","4000000","32200","19971","19971","0","2902","1336","561"
"162","ALIGN_RAMP","29673","-1","-5.4931640625","-1","-1000","-2000000","32400","19972","19972","0","2902","1336","471"
"163","ALIGN_RAMP","29673","-1","-5.4931640625","0","0","1000000","32600","19973","19973","0","2902","1336","381"
"164","ALIGN_RAMP","29671","-3","-16.4794921875","-2","-2000","-2000000","32800","19974","19974","0","2902","1336","291"
"165","ALIGN_RAMP","29676","2","10.986328125","5","5000","7000000","33000","19975","19975","0","2902","1336","201"
"166","ALIGN_RAMP","29678","4","21.97265625","2","2000","-3000000","33200","19976","19976","0","2902","1336","111"
"167","ALIGN_RAMP","29676","2","10.986328125","-2","-2000","-4000000","33400","19977","19977","0","2902","1336","21"
"168","ALIGN_RAMP","29672","-2","-10.986328125","-4","-4000","-2000000","33600","19978","19978","0","2902","1336","2086"
"169","ALIGN_RAMP","29676","2","10.986328125","4","4000","8000000","33800","19979","19979","0","2902","1336","1996"
"170","ALIGN_RAMP","29676","2","10.986328125","0","0","-4000000","34000","19980","19980","0","2902","1336","1906"
"171","ALIGN_RAMP","29674","0","0","-2","-2000","-2000000","34200","19981","19981","0","2902","1336","1816"
"172","ALIGN_RAMP","29678","4","21.97265625","4","4000","6000000","34400","19982","19982","0","2902","1336","1726"
"173","ALIGN_RAMP","29677","3","16.4794921875","-1","-1000","-5000000","34600","19983","19983","0","2902","1336","1636"
"174","ALIGN_RAMP","29675","1","5.4931640625","-2","-2000","-1000000","34800","19984","19984","0","2902","1336","1546"
"175","ALIGN_RAMP","29677","3","16.4794921875","2","2000","4000000","35000","19985","19985","0","2902","1336","1456"
"176","ALIGN_RAMP","29673","-1","-5.4931640625","-4","-4000","-6000000","35200","19986","19986","0","2902","1336","1366"
"177","ALIGN_RAMP","29673","-1","-5.4931640625","0","0","4000000","35400","19987","19987","0","2902","1336","1276"
"178","ALIGN_RAMP","29673","-1","-5.4931640625","0","0","0","35600","19988","19988","0","2902","1336","1186"
"179","ALIGN_RAMP","29675","1","5.4931640625","2","2000","2000000","35800","19989","19989","0","2902","1336","1096"
"180","ALIGN_RAMP","29673","-1","-5.4931640625","-2","-2000","-4000000","36000","19990","19990","0","2902","1336","1006"
"181","ALIGN_RAMP","29670","-4","-21.97265625","-3","-3000","-1000000","36200","19991","19991","0","2902","1336","916"
"182","ALIGN_RAMP","29674","0","0","4","4000","7000000","36400","19992","19992","0","2902","1336","826"
"183","ALIGN_RAMP","29674","0","0","0","0","-4000000","36600","19993","19993","0","2902","1336","736"
"184","ALIGN_RAMP","29678","4","21.97265625","4","4000","4000000","36800","19994","19994","0","2902","1336","646"
"185","ALIGN_RAMP","29671","-3","-16.4794921875","-7","-7000","-11000000","37000","19995","19995","0","2902","1336","556"
"186","ALIGN_RAMP","29674","0","0","3","3000","10000000","37200","19996","19996","0","2902","1336","466"
"187","ALIGN_RAMP","29675","1","5.4931640625","1","1000","-2000000","37400","19997","19997","0","2902","1336","376"
"188","ALIGN_RAMP","29672","-2","-10.986328125","-3","-3000","-4000000","37600","19998","19998","0","2902","1336","286"
"189","ALIGN_RAMP","29670","-4","-21.97265625","-2","-2000","1000000","37800","19999","19999","0","2902","1336","196"
"190","ALIGN_RAMP","29671","-3","-16.4794921875","1","1000","3000000","38000","20000","20000","0","2902","1336","106"
"191","ALIGN_RAMP","29675","1","5.4931640625","4","4000","3000000","38200","20001","20001","0","2902","1336","16"
"192","ALIGN_RAMP","29669","-5","-27.4658203125","-6","-6000","-10000000","38400","20002","20002","0","2902","1336","2081"
"193","ALIGN_RAMP","29675","1","5.4931640625","6","6000","12000000","38600","20003","20003","0","2902","1336","1991"
"194","ALIGN_RAMP","29677","3","16.4794921875","2","2000","-4000000","38800","20004","20004","0","2902","1336","1901"
"195","ALIGN_RAMP","29675","1","5.4931640625","-2","-2000","-4000000","39000","20005","20005","0","2902","1336","1811"
"196","ALIGN_RAMP","29671","-3","-16.4794921875","-4","-4000","-2000000","39200","20006","20006","0","2902","1336","1721"
"197","ALIGN_RAMP","29676","2","10.986328125","5","5000","9000000","39400","20007","20007","0","2902","1336","1631"
"198","ALIGN_RAMP","29669","-5","-27.4658203125","-7","-7000","-12000000","39600","20008","20008","0","2902","1336","1541"
"199","ALIGN_RAMP","29670","-4","-21.97265625","1","1000","8000000","39800","20009","20009","0","2902","1336","1451"
"200","ALIGN_RAMP","29675","1","5.4931640625","5","5000","4000000","40000","20010","20010","0","2902","1336","1427"
"201","ALIGN_RAMP","29671","-3","-16.4794921875","-4","-4000","-9000000","40200","20011","20011","0","2902","1336","1271"
"202","ALIGN_RAMP","29673","-1","-5.4931640625","2","2000","6000000","40400","20012","20012","0","2902","1336","1181"
"203","ALIGN_RAMP","29667","-7","-38.4521484375","-6","-6000","-8000000","40600","20013","20013","0","2902","1336","1091"
"204","ALIGN_RAMP","29675","1","5.4931640625","8","8000","14000000","40800","20014","20014","0","2902","1336","1001"
"205","ALIGN_RAMP","29670","-4","-21.97265625","-5","-5000","-13000000","41000","20015","20015","0","2902","1336","911"
"206","ALIGN_RAMP","29673","-1","-5.4931640625","3","3000","8000000","41200","20016","20016","0","2902","1336","821"
"207","ALIGN_RAMP","29675","1","5.4931640625","2","2000","-1000000","41400","20017","20017","0","2902","1336","731"
"208","ALIGN_RAMP","29671","-3","-16.4794921875","-4","-4000","-6000000","41600","20018","20018","0","2902","1336","641"
"209","ALIGN_RAMP","29669","-5","-27.4658203125","-2","-2000","2000000","41800","20019","20019","0","2902","1336","551"
"210","ALIGN_RAMP","29672","-2","-10.986328125","3","3000","5000000","42000","20020","20020","0","2902","1336","461"
"211","ALIGN_RAMP","29671","-3","-16.4794921875","-1","-1000","-4000000","42200","20021","20021","0","2902","1336","371"
"212","ALIGN_RAMP","29674","0","0","3","3000","4000000","42400","20022","20022","0","2902","1336","281"
"213","ALIGN_RAMP","29673","-1","-5.4931640625","-1","-1000","-4000000","42600","20023","20023","0","2902","1336","191"
"214","ALIGN_RAMP","29673","-1","-5.4931640625","0","0","1000000","42800","20024","20024","0","2902","1336","101"
"215","ALIGN_RAMP","29675","1","5.4931640625","2","2000","2000000","43000","20025","20025","0","2902","1336","11"
"216","ALIGN_RAMP","29672","-2","-10.986328125","-3","-3000","-5000000","43200","20026","20026","0","2902","1336","2076"
"217","ALIGN_RAMP","29674","0","0","2","2000","5000000","43400","20027","20027","0","2902","1336","1986"
"218","ALIGN_RAMP","29672","-2","-10.986328125","-2","-2000","-4000000","43600","20028","20028","0","2902","1336","1896"
"219","ALIGN_RAMP","29674","0","0","2","2000","4000000","43800","20029","20029","0","2902","1336","1806"
"220","ALIGN_RAMP","29675","1","5.4931640625","1","1000","-1000000","44000","20030","20030","0","2902","1336","1716"
"221","ALIGN_RAMP","29671","-3","-16.4794921875","-4","-4000","-5000000","44200","20031","20031","0","2902","1336","1626"
"222","ALIGN_RAMP","29671","-3","-16.4794921875","0","0","4000000","44400","20032","20032","0","2902","1336","1536"
"223","ALIGN_RAMP","29671","-3","-16.4794921875","0","0","0","44600","20033","20033","0","2902","1336","1446"
"224","ALIGN_RAMP","29671","-3","-16.4794921875","0","0","0","44800","20034","20034","0","2902","1336","1356"
"225","ALIGN_RAMP","29672","-2","-10.986328125","1","1000","1000000","45000","20035","20035","0","2902","1336","1266"
"226","ALIGN_RAMP","29673","-1","-5.4931640625","1","1000","0","45200","20036","20036","0","2902","1336","1176"
"227","ALIGN_RAMP","29675","1","5.4931640625","2","2000","1000000","45400","20037","20037","0","2902","1336","1086"
"228","ALIGN_RAMP","29672","-2","-10.986328125","-3","-3000","-5000000","45600","20038","20038","0","2902","1336","996"
"229","ALIGN_RAMP","29675","1","5.4931640625","3","3000","6000000","45800","20039","20039","0","2902","1336","906"
"230","ALIGN_RAMP","29673","-1","-5.4931640625","-2","-2000","-5000000","46000","20040","20040","0","2902","1336","816"
"231","ALIGN_RAMP","29670","-4","-21.97265625","-3","-3000","-1000000","46200","20041","20041","0","2902","1336","726"
"232","ALIGN_RAMP","29670","-4","-21.97265625","0","0","3000000","46400","20042","20042","0","2902","1336","636"
"233","ALIGN_RAMP","29671","-3","-16.4794921875","1","1000","1000000","46600","20043","20043","0","2902","1336","546"
"234","ALIGN_RAMP","29670","-4","-21.97265625","-1","-1000","-2000000","46800","20044","20044","0","2902","1336","456"
"235","ALIGN_RAMP","29670","-4","-21.97265625","0","0","1000000","47000","20045","20045","0","2902","1336","366"
"236","ALIGN_RAMP","29671","-3","-16.4794921875","1","1000","1000000","47200","20046","20046","0","2902","1336","276"
"237","ALIGN_RAMP","29673","-1","-5.4931640625","2","2000","1000000","47400","20047","20047","0","2902","1336","186"
"238","ALIGN_RAMP","29674","0","0","1","1000","-1000000","47600","20048","20048","0","2902","1336","96"
"239","ALIGN_RAMP","29671","-3","-16.4794921875","-3","-3000","-4000000","47800","20049","20049","0","2902","1336","6"
"240","ALIGN_RAMP","29670","-4","-21.97265625","-1","-1000","2000000","48000","20050","20050","0","2902","1336","2071"
"241","ALIGN_RAMP","29672","-2","-10.986328125","2","2000","3000000","48200","20051","20051","0","2902","1336","1981"
"242","ALIGN_RAMP","29672","-2","-10.986328125","0","0","-2000000","48400","20052","20052","0","2902","1336","1891"
"243","ALIGN_RAMP","29673","-1","-5.4931640625","1","1000","1000000","48600","20053","20053","0","2902","1336","1801"
"244","ALIGN_RAMP","29674","0","0","1","1000","0","48800","20054","20054","0","2902","1336","1711"
"245","ALIGN_RAMP","29667","-7","-38.4521484375","-7","-7000","-8000000","49000","20055","20055","0","2902","1336","1621"
"246","ALIGN_RAMP","29672","-2","-10.986328125","5","5000","12000000","49200","20056","20056","0","2902","1336","1531"
"247","ALIGN_RAMP","29673","-1","-5.4931640625","1","1000","-4000000","49400","20057","20057","0","2902","1336","1441"
"248","ALIGN_RAMP","29671","-3","-16.4794921875","-2","-2000","-3000000","49600","20058","20058","0","2902","1336","1351"
"249","ALIGN_RAMP","29673","-1","-5.4931640625","2","2000","4000000","49800","20059","20059","0","2902","1336","1261"
"250","ALIGN_RAMP","29671","-3","-16.4794921875","-2","-2000","-4000000","50000","20060","20060","0","2902","1336","1171"
"251","ALIGN_RAMP","29670","-4","-21.97265625","-1","-1000","1000000","50200","20061","20061","0","2902","1336","1081"
"252","ALIGN_RAMP","29676","2","10.986328125","6","6000","7000000","50400","20062","20062","0","2902","1336","991"
"253","ALIGN_RAMP","29671","-3","-16.4794921875","-5","-5000","-11000000","50600","20063","20063","0","2902","1336","901"
"254","ALIGN_RAMP","29671","-3","-16.4794921875","0","0","5000000","50800","20064","20064","0","2902","1336","811"
"255","ALIGN_RAMP","29673","-1","-5.4931640625","2","2000","2000000","51000","20065","20065","0","2902","1336","721"
"256","ALIGN_RAMP","29674","0","0","1","1000","-1000000","51200","20066","20066","0","2902","1336","631"
"257","ALIGN_RAMP","29673","-1","-5.4931640625","-1","-1000","-2000000","51400","20067","20067","0","2902","1336","541"
"258","ALIGN_RAMP","29667","-7","-38.4521484375","-6","-6000","-5000000","51600","20068","20068","0","2902","1336","451"
"259","ALIGN_RAMP","29672","-2","-10.986328125","5","5000","11000000","51800","20069","20069","0","2902","1336","361"
"260","ALIGN_RAMP","29668","-6","-32.958984375","-4","-4000","-9000000","52000","20070","20070","0","2902","1336","271"
"261","ALIGN_RAMP","29669","-5","-27.4658203125","1","1000","5000000","52200","20071","20071","0","2902","1336","181"
"262","ALIGN_RAMP","29676","2","10.986328125","7","7000","6000000","52400","20072","20072","0","2902","1336","91"
"263","ALIGN_RAMP","29670","-4","-21.97265625","-6","-6000","-13000000","52600","20073","20073","0","2902","1336","1"
"264","ALIGN_RAMP","29676","2","10.986328125","6","6000","12000000","52800","20074","20074","0","2902","1336","2066"
"265","ALIGN_RAMP","29673","-1","-5.4931640625","-3","-3000","-9000000","53000","20075","20075","0","2902","1336","1976"
"266","ALIGN_RAMP","29675","1","5.4931640625","2","2000","5000000","53200","20076","20076","0","2902","1336","1886"
"267","ALIGN_RAMP","29672","-2","-10.986328125","-3","-3000","-5000000","53400","20077","20077","0","2902","1336","1796"
"268","ALIGN_RAMP","29674","0","0","2","2000","5000000","53600","20078","20078","0","2902","1336","1706"
"269","ALIGN_RAMP","29676","2","10.986328125","2","2000","0","53800","20079","20079","0","2902","1336","1616"
"270","ALIGN_RAMP","29671","-3","-16.4794921875","-5","-5000","-7000000","54000","20080","20080","0","2902","1336","1526"
"271","ALIGN_RAMP","29669","-5","-27.4658203125","-2","-2000","3000000","54200","20081","20081","0","2902","1336","1436"
"272","ALIGN_RAMP","29673","-1","-5.4931640625","4","4000","6000000","54400","20082","20082","0","2902","1336","1346"
"273","ALIGN_RAMP","29670","-4","-21.97265625","-3","-3000","-7000000","54600","20083","20083","0","2902","1336","1256"
"274","ALIGN_RAMP","29671","-3","-16.4794921875","1","1000","4000000","54800","20084","20084","0","2902","1336","1166"
"275","ALIGN_RAMP","29673","-1","-5.4931640625","2","2000","1000000","55000","20085","20085","0","2902","1336","1076"
"276","ALIGN_RAMP","29671","-3","-16.4794921875","-2","-2000","-4000000","55200","20086","20086","0","2902","1336","986"
"277","ALIGN_RAMP","29671","-3","-16.4794921875","0","0","2000000","55400","20087","20087","0","2902","1336","896"
"278","ALIGN_RAMP","29673","-1","-5.4931640625","2","2000","2000000","55600","20088","20088","0","2902","1336","806"
"279","ALIGN_RAMP","29674","0","0","1","1000","-1000000","55800","20089","20089","0","2902","1336","716"
"280","ALIGN_RAMP","29669","-5","-27.4658203125","-5","-5000","-6000000","56000","20090","20090","0","2902","1336","626"
"281","ALIGN_RAMP","29674","0","0","5","5000","10000000","56200","20091","20091","0","2902","1336","536"
"282","ALIGN_RAMP","29675","1","5.4931640625","1","1000","-4000000","56400","20092","20092","0","2902","1336","446"
"283","ALIGN_RAMP","29671","-3","-16.4794921875","-4","-4000","-5000000","56600","20093","20093","0","2902","1336","356"
"284","ALIGN_RAMP","29672","-2","-10.986328125","1","1000","5000000","56800","20094","20094","0","2902","1336","266"
"285","ALIGN_RAMP","29672","-2","-10.986328125","0","0","-1000000","57000","20095","20095","0","2902","1336","176"
"286","ALIGN_RAMP","29670","-4","-21.97265625","-2","-2000","-2000000","57200","20096","20096","0","2902","1336","86"
"287","ALIGN_RAMP","29672","-2","-10.986328125","2","2000","4000000","57400","20097","20097","0","2902","1336","2151"
"288","ALIGN_RAMP","29669","-5","-27.4658203125","-3","-3000","-5000000","57600","20098","20098","0","2902","1336","2061"
"289","ALIGN_RAMP","29675","1","5.4931640625","6","6000","9000000","57800","20099","20099","0","2902","1336","1971"
"290","ALIGN_RAMP","29672","-2","-10.986328125","-3","-3000","-9000000","58000","20100","20100","0","2902","1336","1881"
"291","ALIGN_RAMP","29670","-4","-21.97265625","-2","-2000","1000000","58200","20101","20101","0","2902","1336","1791"
"292","ALIGN_RAMP","29669","-5","-27.4658203125","-1","-1000","1000000","58400","20102","20102","0","2902","1336","1701"
"293","ALIGN_RAMP","29669","-5","-27.4658203125","0","0","1000000","58600","20103","20103","0","2902","1336","1611"
"294","ALIGN_RAMP","29671","-3","-16.4794921875","2","2000","2000000","58800","20104","20104","0","2902","1336","1521"
"295","ALIGN_RAMP","29671","-3","-16.4794921875","0","0","-2000000","59000","20105","20105","0","2902","1336","1431"
"296","ALIGN_RAMP","29673","-1","-5.4931640625","2","2000","2000000","59200","20106","20106","0","2902","1336","1341"
"297","ALIGN_RAMP","29672","-2","-10.986328125","-1","-1000","-3000000","59400","20107","20107","0","2902","1336","1251"
"298","ALIGN_RAMP","29670","-4","-21.97265625","-2","-2000","-1000000","59600","20108","20108","0","2902","1336","1161"
"299","ALIGN_RAMP","29671","-3","-16.4794921875","1","1000","3000000","59800","20109","20109","0","2902","1336","1071"
"300","ALIGN_RAMP","29674","0","0","3","3000","2000000","60000","20110","20110","0","2902","1336","981"
"301","ALIGN_RAMP","29672","-2","-10.986328125","-2","-2000","-5000000","60200","20111","20111","0","2902","1336","891"
"302","ALIGN_RAMP","29671","-3","-16.4794921875","-1","-1000","1000000","60400","20112","20112","0","2902","1336","801"
"303","ALIGN_RAMP","29673","-1","-5.4931640625","2","2000","3000000","60600","20113","20113","0","2902","1336","711"
"304","ALIGN_RAMP","29674","0","0","1","1000","-1000000","60800","20114","20114","0","2902","1336","621"
"305","ALIGN_RAMP","29674","0","0","0","0","-1000000","61000","20115","20115","0","2902","1336","531"
"306","ALIGN_RAMP","29672","-2","-10.986328125","-2","-2000","-2000000","61200","20116","20116","0","2902","1336","441"
"307","ALIGN_RAMP","29670","-4","-21.97265625","-2","-2000","0","61400","20117","20117","0","2902","1336","351"
"308","ALIGN_RAMP","29672","-2","-10.986328125","2","2000","4000000","61600","20118","20118","0","2902","1336","261"
"309","ALIGN_RAMP","29668","-6","-32.958984375","-4","-4000","-6000000","61800","20119","20119","0","2902","1336","171"
"310","ALIGN_RAMP","29673","-1","-5.4931640625","5","5000","9000000","62000","20120","20120","0","2902","1336","81"
"311","ALIGN_RAMP","29674","0","0","1","1000","-4000000","62200","20121","20121","0","2902","1336","2146"
"312","ALIGN_RAMP","29672","-2","-10.986328125","-2","-2000","-3000000","62400","20122","20122","0","2902","1336","2056"
"313","ALIGN_RAMP","29669","-5","-27.4658203125","-3","-3000","-1000000","62600","20123","20123","0","2902","1336","1966"
"314","ALIGN_RAMP","29673","-1","-5.4931640625","4","4000","7000000","62800","20124","20124","0","2902","1336","1876"
"315","ALIGN_RAMP","29671","-3","-16.4794921875","-2","-2000","-6000000","63000","20125","20125","0","2902","1336","1786"
"316","ALIGN_RAMP","29674","0","0","3","3000","5000000","63200","20126","20126","0","2902","1336","1696"
"317","ALIGN_RAMP","29673","-1","-5.4931640625","-1","-1000","-4000000","63400","20127","20127","0","2902","1336","1606"
"318","ALIGN_RAMP","29671","-3","-16.4794921875","-2","-2000","-1000000","63600","20128","20128","0","2902","1336","1516"
"319","ALIGN_RAMP","29668","-6","-32.958984375","-3","-3000","-1000000","63800","20129","20129","0","2902","1336","1426"
"320","ALIGN_RAMP","29669","-5","-27.4658203125","1","1000","4000000","64000","20130","20130","0","2902","1336","1336"
"321","ALIGN_RAMP","29672","-2","-10.986328125","3","3000","2000000","64200","20131","20131","0","2902","1336","1246"
"322","ALIGN_RAMP","29672","-2","-10.986328125","0","0","-3000000","64400","20132","20132","0","2902","1336","1156"
"323","ALIGN_RAMP","29673","-1","-5.4931640625","1","1000","1000000","64600","20133","20133","0","2902","1336","1066"
"324","ALIGN_RAMP","29672","-2","-10.986328125","-1","-1000","-2000000","64800","20134","20134","0","2902","1336","976"
"325","ALIGN_RAMP","29671","-3","-16.4794921875","-1","-1000","0","65000","20135","20135","0","2902","1336","886"
"326","ALIGN_RAMP","29671","-3","-16.4794921875","0","0","1000000","65200","20136","20136","0","2902","1336","796"
"327","ALIGN_RAMP","29677","3","16.4794921875","6","6000","6000000","65400","20137","20137","0","2902","1336","706"
"328","ALIGN_RAMP","29673","-1","-5.4931640625","-4","-4000","-10000000","65600","20138","20138","0","2902","1336","616"
"329","ALIGN_RAMP","29672","-2","-10.986328125","-1","-1000","3000000","65800","20139","20139","0","2902","1336","526"
"330","ALIGN_RAMP","29673","-1","-5.4931640625","1","1000","2000000","66000","20140","20140","0","2902","1336","436"
"331","ALIGN_RAMP","29676","2","10.986328125","3","3000","2000000","66200","20141","20141","0","2902","1336","346"
"332","ALIGN_RAMP","29671","-3","-16.4794921875","-5","-5000","-8000000","66400","20142","20142","0","2902","1336","256"
"333","ALIGN_RAMP","29674","0","0","3","3000","8000000","66600","20143","20143","0","2902","1336","166"
"334","ALIGN_RAMP","29674","0","0","0","0","-3000000","66800","20144","20144","0","2902","1336","76"
"335","ALIGN_RAMP","29674","0","0","0","0","0","67000","20145","20145","0","2902","1336","2141"
"336","ALIGN_RAMP","29675","1","5.4931640625","1","1000","1000000","67200","20146","20146","0","2902","1336","2051"
"337","ALIGN_RAMP","29672","-2","-10.986328125","-3","-3000","-4000000","67400","20147","20147","0","2902","1336","1961"
"338","ALIGN_RAMP","29671","-3","-16.4794921875","-1","-1000","2000000","67600","20148","20148","0","2902","1336","1871"
"339","ALIGN_RAMP","29676","2","10.986328125","5","5000","6000000","67800","20149","20149","0","2902","1336","1781"
"340","ALIGN_RAMP","29673","-1","-5.4931640625","-3","-3000","-8000000","68000","20150","20150","0","2902","1336","1691"
"341","ALIGN_RAMP","29675","1","5.4931640625","2","2000","5000000","68200","20151","20151","0","2902","1336","1601"
"342","ALIGN_RAMP","29679","5","27.4658203125","4","4000","2000000","68400","20152","20152","0","2902","1336","1511"
"343","ALIGN_RAMP","29674","0","0","-5","-5000","-9000000","68600","20153","20153","0","2902","1336","1421"
"344","ALIGN_RAMP","29677","3","16.4794921875","3","3000","8000000","68800","20154","20154","0","2902","1336","1331"
"345","ALIGN_RAMP","29677","3","16.4794921875","0","0","-3000000","69000","20155","20155","0","2902","1336","1241"
"346","ALIGN_RAMP","29676","2","10.986328125","-1","-1000","-1000000","69200","20156","20156","0","2902","1336","1151"
"347","ALIGN_RAMP","29674","0","0","-2","-2000","-1000000","69400","20157","20157","0","2902","1336","1061"
"348","ALIGN_RAMP","29676","2","10.986328125","2","2000","4000000","69600","20158","20158","0","2902","1336","971"
"349","ALIGN_RAMP","29675","1","5.4931640625","-1","-1000","-3000000","69800","20159","20159","0","2902","1336","881"
"350","ALIGN_RAMP","29675","1","5.4931640625","0","0","1000000","70000","20160","20160","0","2902","1336","791"
"351","ALIGN_RAMP","29674","0","0","-1","-1000","-1000000","70200","20161","20161","0","2902","1336","701"
"352","ALIGN_RAMP","29674","0","0","0","0","1000000","70400","20162","20162","0","2902","1336","611"
"353","ALIGN_RAMP","29679","5","27.4658203125","5","5000","5000000","70600","20163","20163","0","2902","1336","521"
"354","ALIGN_RAMP","29676","2","10.986328125","-3","-3000","-8000000","70800","20164","20164","0","2902","1336","431"
"355","ALIGN_RAMP","29676","2","10.986328125","0","0","3000000","71000","20165","20165","0","2902","1336","341"
"356","ALIGN_RAMP","29675","1","5.4931640625","-1","-1000","-1000000","71200","20166","20166","0","2902","1336","251"
"357","ALIGN_RAMP","29677","3","16.4794921875","2","2000","3000000","71400","20167","20167","0","2902","1336","161"
"358","ALIGN_RAMP","29678","4","21.97265625","1","1000","-1000000","71600","20168","20168","0","2902","1336","71"
"359","ALIGN_RAMP","29676","2","10.986328125","-2","-2000","-3000000","71800","20169","20169","0","2902","1336","2136"
"360","ALIGN_RAMP","29677","3","16.4794921875","1","1000","3000000","72000","20170","20170","0","2902","1336","2046"
"361","ALIGN_RAMP","29676","2","10.986328125","-1","-1000","-2000000","72200","20171","20171","0","2902","1336","1956"
"362","ALIGN_RAMP","29676","2","10.986328125","0","0","1000000","72400","20172","20172","0","2902","1336","1866"
"363","ALIGN_RAMP","29677","3","16.4794921875","1","1000","1000000","72600","20173","20173","0","2902","1336","1776"
"364","ALIGN_RAMP","29677","3","16.4794921875","0","0","-1000000","72800","20174","20174","0","2902","1336","1686"
"365","ALIGN_RAMP","29675","1","5.4931640625","-2","-2000","-2000000","73000","20175","20175","0","2902","1336","1596"
"366","ALIGN_RAMP","29676","2","10.986328125","1","1000","3000000","73200","20176","20176","0","2902","1336","1506"
"367","ALIGN_RAMP","29676","2","10.986328125","0","0","-1000000","73400","20177","20177","0","2902","1336","1416"
"368","ALIGN_RAMP","29675","1","5.4931640625","-1","-1000","-1000000","73600","20178","20178","0","2902","1336","1326"
"369","ALIGN_RAMP","29673","-1","-5.4931640625","-2","-2000","-1000000","73800","20179","20179","0","2902","1336","1236"
"370","ALIGN_RAMP","29680","6","32.958984375","7","7000","9000000","74000","20180","20180","0","2902","1336","1146"
"371","ALIGN_RAMP","29679","5","27.4658203125","-1","-1000","-8000000","74200","20181","20181","0","2902","1336","1056"
"372","ALIGN_RAMP","29679","5","27.4658203125","0","0","1000000","74400","20182","20182","0","2902","1336","966"
"373","ALIGN_RAMP","29673","-1","-5.4931640625","-6","-6000","-6000000","74600","20183","20183","0","2902","1336","876"
"374","ALIGN_RAMP","29676","2","10.986328125","3","3000","9000000","74800","20184","20184","0","2902","1336","786"
"375","ALIGN_RAMP","29677","3","16.4794921875","1","1000","-2000000","75000","20185","20185","0","2902","1336","696"
"376","ALIGN_RAMP","29674","0","0","-3","-3000","-4000000","75200","20186","20186","0","2902","1336","606"
"377","ALIGN_RAMP","29675","1","5.4931640625","1","1000","4000000","75400","20187","20187","0","2902","1336","516"
"378","ALIGN_RAMP","29677","3","16.4794921875","2","2000","1000000","75600","20188","20188","0","2902","1336","426"
"379","ALIGN_RAMP","29680","6","32.958984375","3","3000","1000000","75800","20189","20189","0","2902","1336","336"
"380","ALIGN_RAMP","29674","0","0","-6","-6000","-9000000","76000","20190","20190","0","2902","1336","246"
"381","ALIGN_RAMP","29681","7","38.4521484375","7","7000","13000000","76200","20191","20191","0","2902","1336","156"
"382","ALIGN_RAMP","29679","5","27.4658203125","-2","-2000","-9000000","76400","20192","20192","0","2902","1336","66"
"383","ALIGN_RAMP","29679","5","27.4658203125","0","0","2000000","76600","20193","20193","0","2902","1336","2131"
"384","ALIGN_RAMP","29678","4","21.97265625","-1","-1000","-1000000","76800","20194","20194","0","2902","1336","2041"
"385","ALIGN_RAMP","29680","6","32.958984375","2","2000","3000000","77000","20195","20195","0","2902","1336","1951"
"386","ALIGN_RAMP","29676","2","10.986328125","-4","-4000","-6000000","77200","20196","20196","0","2902","1336","1861"
"387","ALIGN_RAMP","29677","3","16.4794921875","1","1000","5000000","77400","20197","20197","0","2902","1336","1771"
"388","ALIGN_RAMP","29677","3","16.4794921875","0","0","-1000000","77600","20198","20198","0","2902","1336","1681"
"389","ALIGN_RAMP","29675","1","5.4931640625","-2","-2000","-2000000","77800","20199","20199","0","2902","1336","1591"
"390","ALIGN_RAMP","29676","2","10.986328125","1","1000","3000000","78000","20200","20200","0","2902","1336","1501"
"391","ALIGN_RAMP","29674","0","0","-2","-2000","-3000000","78200","20201","20201","0","2902","1336","1411"
"392","ALIGN_RAMP","29680","6","32.958984375","6","6000","8000000","78400","20202","20202","0","2902","1336","1321"
"393","ALIGN_RAMP","29684","10","54.931640625","4","4000","-2000000","78600","20203","20203","0","2902","1336","1231"
"394","ALIGN_RAMP","29675","1","5.4931640625","-9","-9000","-13000000","78800","20204","20204","0","2902","1336","1141"
"395","ALIGN_RAMP","29678","4","21.97265625","3","3000","12000000","79000","20205","20205","0","2902","1336","1051"
"396","ALIGN_RAMP","29677","3","16.4794921875","-1","-1000","-4000000","79200","20206","20206","0","2902","1336","961"
"397","ALIGN_RAMP","29677","3","16.4794921875","0","0","1000000","79400","20207","20207","0","2902","1336","871"
"398","ALIGN_RAMP","29680","6","32.958984375","3","3000","3000000","79600","20208","20208","0","2902","1336","781"
"399","ALIGN_RAMP","29679","5","27.4658203125","-1","-1000","-4000000","79800","20209","20209","0","2902","1336","691"
"400","ALIGN_RAMP","29681","7","38.4521484375","2","2000","3000000","80000","20210","20210","0","2902","1336","667"
"401","ALIGN_RAMP","29675","1","5.4931640625","-6","-6000","-8000000","80200","20211","20211","0","2902","1336","511"
"402","ALIGN_RAMP","29682","8","43.9453125","7","7000","13000000","80400","20212","20212","0","2902","1336","421"
"403","ALIGN_RAMP","29675","1","5.4931640625","-7","-7000","-14000000","80600","20213","20213","0","2902","1336","331"
"404","ALIGN_RAMP","29682","8","43.9453125","7","7000","14000000","80800","20214","20214","0","2902","1336","241"
"405","ALIGN_RAMP","29678","4","21.97265625","-4","-4000","-11000000","81000","20215","20215","0","2902","1336","151"
"406","ALIGN_RAMP","29679","5","27.4658203125","1","1000","5000000","81200","20216","20216","0","2902","1336","61"
"407","ALIGN_RAMP","29678","4","21.97265625","-1","-1000","-2000000","81400","20217","20217","0","2902","1336","2126"
"408","ALIGN_RAMP","29675","1","5.4931640625","-3","-3000","-2000000","81600","20218","20218","0","2902","1336","2036"
"409","ALIGN_RAMP","29678","4","21.97265625","3","3000","6000000","81800","20219","20219","0","2902","1336","1946"
"410","ALIGN_RAMP","29678","4","21.97265625","0","0","-3000000","82000","20220","20220","0","2902","1336","1856"
"411","ALIGN_RAMP","29679","5","27.4658203125","1","1000","1000000","82200","20221","20221","0","2902","1336","1766"
"412","ALIGN_RAMP","29676","2","10.986328125","-3","-3000","-4000000","82400","20222","20222","0","2902","1336","1676"
"413","ALIGN_RAMP","29676","2","10.986328125","0","0","3000000","82600","20223","20223","0","2902","1336","1586"
"414","ALIGN_RAMP","29676","2","10.986328125","0","0","0","82800","20224","20224","0","2902","1336","1496"
"415","ALIGN_RAMP","29679","5","27.4658203125","3","3000","3000000","83000","20225","20225","0","2902","1336","1406"
"416","ALIGN_RAMP","29681","7","38.4521484375","2","2000","-1000000","83200","20226","20226","0","2902","1336","1316"
"417","ALIGN_RAMP","29679","5","27.4658203125","-2","-2000","-4000000","83400","20227","20227","0","2902","1336","1226"
"418","ALIGN_RAMP","29680","6","32.958984375","1","1000","3000000","83600","20228","20228","0","2902","1336","1136"
"419","ALIGN_RAMP","29678","4","21.97265625","-2","-2000","-3000000","83800","20229","20229","0","2902","1336","1046"
"420","ALIGN_RAMP","29680","6","32.958984375","2","2000","4000000","84000","20230","20230","0","2902","1336","956"
"421","ALIGN_RAMP","29675","1","5.4931640625","-5","-5000","-7000000","84200","20231","20231","0","2902","1336","866"
"422","ALIGN_RAMP","29679","5","27.4658203125","4","4000","9000000","84400","20232","20232","0","2902","1336","776"
"423","ALIGN_RAMP","29680","6","32.958984375","1","1000","-3000000","84600","20233","20233","0","2902","1336","686"
"424","ALIGN_RAMP","29678","4","21.97265625","-2","-2000","-3000000","84800","20234","20234","0","2902","1336","596"
"425","ALIGN_RAMP","29676","2","10.986328125","-2","-2000","0","85000","20235","20235","0","2902","1336","506"
"426","ALIGN_RAMP","29677","3","16.4794921875","1","1000","3000000","85200","20236","20236","0","2902","1336","416"
"427","ALIGN_RAMP","29676","2","10.986328125","-1","-1000","-2000000","85400","20237","20237","0","2902","1336","326"
"428","ALIGN_RAMP","29681","7","38.4521484375","5","5000","6000000","85600","20238","20238","0","2902","1336","236"
"429","ALIGN_RAMP","29677","3","16.4794921875","-4","-4000","-9000000","85800","20239","20239","0","2902","1336","146"
"430","ALIGN_RAMP","29677","3","16.4794921875","0","0","4000000","86000","20240","20240","0","2902","1336","56"
"431","ALIGN_RAMP","29678","4","21.97265625","1","1000","1000000","86200","20241","20241","0","2902","1336","2121"
"432","ALIGN_RAMP","29681","7","38.4521484375","3","3000","2000000","86400","20242","20242","0","2902","1336","2031"
"433","ALIGN_RAMP","29679","5","27.4658203125","-2","-2000","-5000000","86600","20243","20243","0","2902","1336","1941"
"434","ALIGN_RAMP","29678","4","21.97265625","-1","-1000","1000000","86800","20244","20244","0","2902","1336","1851"
"435","ALIGN_RAMP","29677","3","16.4794921875","-1","-1000","0","87000","20245","20245","0","2902","1336","1761"
"436","ALIGN_RAMP","29679","5","27.4658203125","2","2000","3000000","87200","20246","20246","0","2902","1336","1671"
"437","ALIGN_RAMP","29679","5","27.4658203125","0","0","-2000000","87400","20247","20247","0","2902","1336","1581"
"438","ALIGN_RAMP","29677","3","16.4794921875","-2","-2000","-2000000","87600","20248","20248","0","2902","1336","1491"
"439","ALIGN_RAMP","29679","5","27.4658203125","2","2000","4000000","87800","20249","20249","0","2902","1336","1401"
"440","ALIGN_RAMP","29679","5","27.4658203125","0","0","-2000000","88000","20250","20250","0","2902","1336","1311"
"441","ALIGN_RAMP","29675","1","5.4931640625","-4","-4000","-4000000","88200","20251","20251","0","2902","1336","1221"
"442","ALIGN_RAMP","29675","1","5.4931640625","0","0","4000000","88400","20252","20252","0","2902","1336","1131"
"443","ALIGN_RAMP","29678","4","21.97265625","3","3000","3000000","88600","20253","20253","0","2902","1336","1041"
"444","ALIGN_RAMP","29681","7","38.4521484375","3","3000","0","88800","20254","20254","0","2902","1336","951"
"445","ALIGN_RAMP","29679","5","27.4658203125","-2","-2000","-5000000","89000","20255","20255","0","2902","1336","861"
"446","ALIGN_RAMP","29679","5","27.4658203125","0","0","2000000","89200","20256","20256","0","2902","1336","771"
"447","ALIGN_RAMP","29679","5","27.4658203125","0","0","0","89400","20257","20257","0","2902","1336","681"
"448","ALIGN_RAMP","29677","3","16.4794921875","-2","-2000","-2000000","89600","20258","20258","0","2902","1336","591"
"449","ALIGN_RAMP","29675","1","5.4931640625","-2","-2000","0","89800","20259","20259","0","2902","1336","501"
"450","ALIGN_RAMP","29679","5","27.4658203125","4","4000","6000000","90000","20260","20260","0","2902","1336","411"
"451","ALIGN_RAMP","29681","7","38.4521484375","2","2000","-2000000","90200","20261","20261","0","2902","1336","321"
"452","ALIGN_RAMP","29676","2","10.986328125","-5","-5000","-7000000","90400","20262","20262","0","2902","1336","231"
"453","ALIGN_RAMP","29679","5","27.4658203125","3","3000","8000000","90600","20263","20263","0","2902","1336","141"
"454","ALIGN_RAMP","29681","7","38.4521484375","2","2000","-1000000","90800","20264","20264","0","2902","1336","51"
"455","ALIGN_RAMP","29681","7","38.4521484375","0","0","-2000000","91000","20265","20265","0","2902","1336","2116"
"456","ALIGN_RAMP","29676","2","10.986328125","-5","-5000","-5000000","91200","20266","20266","0","2902","1336","2026"
"457","ALIGN_RAMP","29675","1","5.4931640625","-1","-1000","4000000","91400","20267","20267","0","2902","1336","1936"
"458","ALIGN_RAMP","29674","0","0","-1","-1000","0","91600","20268","20268","0","2902","1336","1846"
"459","ALIGN_RAMP","29678","4","21.97265625","4","4000","5000000","91800","20269","20269","0","2902","1336","1756"
"460","ALIGN_RAMP","29681","7","38.4521484375","3","3000","-1000000","92000","20270","20270","0","2902","1336","1666"
"461","ALIGN_RAMP","29678","4","21.97265625","-3","-3000","-6000000","92200","20271","20271","0","2902","1336","1576"
"462","ALIGN_RAMP","29680","6","32.958984375","2","2000","5000000","92400","20272","20272","0","2902","1336","1486"
"463","ALIGN_RAMP","29678","4","21.97265625","-2","-2000","-4000000","92600","20273","20273","0","2902","1336","1396"
"464","ALIGN_RAMP","29682","8","43.9453125","4","4000","6000000","92800","20274","20274","0","2902","1336","1306"
"465","ALIGN_RAMP","29680","6","32.958984375","-2","-2000","-6000000","93000","20275","20275","0","2902","1336","1216"
"466","ALIGN_RAMP","29678","4","21.97265625","-2","-2000","0","93200","20276","20276","0","2902","1336","1126"
"467","ALIGN_RAMP","29680","6","32.958984375","2","2000","4000000","93400","20277","20277","0","2902","1336","1036"
"468","ALIGN_RAMP","29682","8","43.9453125","2","2000","0","93600","20278","20278","0","2902","1336","946"
"469","ALIGN_RAMP","29678","4","21.97265625","-4","-4000","-6000000","93800","20279","20279","0","2902","1336","856"
"470","ALIGN_RAMP","29678","4","21.97265625","0","0","4000000","94000","20280","20280","0","2902","1336","766"
"471","ALIGN_RAMP","29680","6","32.958984375","2","2000","2000000","94200","20281","20281","0","2902","1336","676"
"472","ALIGN_RAMP","29683","9","49.4384765625","3","3000","1000000","94400","20282","20282","0","2902","1336","586"
"473","ALIGN_RAMP","29681","7","38.4521484375","-2","-2000","-5000000","94600","20283","20283","0","2902","1336","496"
"474","ALIGN_RAMP","29682","8","43.9453125","1","1000","3000000","94800","20284","20284","0","2902","1336","406"
"475","ALIGN_RAMP","29681","7","38.4521484375","-1","-1000","-2000000","95000","20285","20285","0","2902","1336","316"
"476","ALIGN_RAMP","29681","7","38.4521484375","0","0","1000000","95200","20286","20286","0","2902","1336","226"
"477","ALIGN_RAMP","29681","7","38.4521484375","0","0","0","95400","20287","20287","0","2902","1336","136"
"478","ALIGN_RAMP","29682","8","43.9453125","1","1000","1000000","95600","20288","20288","0","2902","1336","46"
"479","ALIGN_RAMP","29681","7","38.4521484375","-1","-1000","-2000000","95800","20289","20289","0","2902","1336","2111"
"480","ALIGN_RAMP","29677","3","16.4794921875","-4","-4000","-3000000","96000","20290","20290","0","2902","1336","2021"
"481","ALIGN_RAMP","29677","3","16.4794921875","0","0","4000000","96200","20291","20291","0","2902","1336","1931"
"482","ALIGN_RAMP","29680","6","32.958984375","3","3000","3000000","96400","20292","20292","0","2902","1336","1841"
"483","ALIGN_RAMP","29678","4","21.97265625","-2","-2000","-5000000","96600","20293","20293","0","2902","1336","1751"
"484","ALIGN_RAMP","29677","3","16.4794921875","-1","-1000","1000000","96800","20294","20294","0","2902","1336","1661"
"485","ALIGN_RAMP","29680","6","32.958984375","3","3000","4000000","97000","20295","20295","0","2902","1336","1571"
"486","ALIGN_RAMP","29682","8","43.9453125","2","2000","-1000000","97200","20296","20296","0","2902","1336","1481"
"487","ALIGN_RAMP","29681","7","38.4521484375","-1","-1000","-3000000","97400","20297","20297","0","2902","1336","1391"
"488","ALIGN_RAMP","29677","3","16.4794921875","-4","-4000","-3000000","97600","20298","20298","0","2902","1336","1301"
"489","ALIGN_RAMP","29677","3","16.4794921875","0","0","4000000","97800","20299","20299","0","2902","1336","1211"
"490","ALIGN_RAMP","29683","9","49.4384765625","6","6000","6000000","98000","20300","20300","0","2902","1336","1121"
"491","ALIGN_RAMP","29682","8","43.9453125","-1","-1000","-7000000","98200","20301","20301","0","2902","1336","1031"
"492","ALIGN_RAMP","29678","4","21.97265625","-4","-4000","-3000000","98400","20302","20302","0","2902","1336","941"
"493","ALIGN_RAMP","29677","3","16.4794921875","-1","-1000","3000000","98600","20303","20303","0","2902","1336","851"
"494","ALIGN_RAMP","29676","2","10.986328125","-1","-1000","0","98800","20304","20304","0","2902","1336","761"
"495","ALIGN_RAMP","29680","6","32.958984375","4","4000","5000000","99000","20305","20305","0","2902","1336","671"
"496","ALIGN_RAMP","29681","7","38.4521484375","1","1000","-3000000","99200","20306","20306","0","2902","1336","581"
"497","ALIGN_RAMP","29678","4","21.97265625","-3","-3000","-4000000","99400","20307","20307","0","2902","1336","491"
"498","ALIGN_RAMP","29676","2","10.986328125","-2","-2000","1000000","99600","20308","20308","0","2902","1336","401"
"499","ALIGN_RAMP","29678","4","21.97265625","2","2000","4000000","99800","20309","20309","0","2902","1336","311"
"500","ALIGN_RAMP","29678","4","21.97265625","0","0","-2000000","100000","20310","20310","0","2903","1336","221"
"501","ALIGN_HOLD","29680","6","32.958984375","2","2000","2000000","100000","20311","20311","0","2903","1336","131"
"502","ALIGN_HOLD","29682","8","43.9453125","2","2000","0","100000","20312","20312","0","2903","1336","41"
"503","ALIGN_HOLD","29677","3","16.4794921875","-5","-5000","-7000000","100000","20313","20313","0","2903","1336","2106"
"504","ALIGN_HOLD","29681","7","38.4521484375","4","4000","9000000","100000","20314","20314","0","2903","1336","2016"
"505","ALIGN_HOLD","29675","1","5.4931640625","-6","-6000","-10000000","100000","20315","20315","0","2903","1336","1926"
"506","ALIGN_HOLD","29676","2","10.986328125","1","1000","7000000","100000","20316","20316","0","2903","1336","1836"
"507","ALIGN_HOLD","29676","2","10.986328125","0","0","-1000000","100000","20317","20317","0","2903","1336","1746"
"508","ALIGN_HOLD","29681","7","38.4521484375","5","5000","5000000","100000","20318","20318","0","2903","1336","1656"
"509","ALIGN_HOLD","29681","7","38.4521484375","0","0","-5000000","100000","20319","20319","0","2903","1336","1566"
"510","ALIGN_HOLD","29677","3","16.4794921875","-4","-4000","-4000000","100000","20320","20320","0","2903","1336","1476"
"511","ALIGN_HOLD","29680","6","32.958984375","3","3000","7000000","100000","20321","20321","0","2903","1336","1386"
"512","ALIGN_HOLD","29677","3","16.4794921875","-3","-3000","-6000000","100000","20322","20322","0","2903","1336","1296"
"513","ALIGN_HOLD","29679","5","27.4658203125","2","2000","5000000","100000","20323","20323","0","2903","1336","1206"
"514","ALIGN_HOLD","29679","5","27.4658203125","0","0","-2000000","100000","20324","20324","0","2903","1336","1116"
"515","ALIGN_HOLD","29682","8","43.9453125","3","3000","3000000","100000","20325","20325","0","2903","1336","1026"
"516","ALIGN_HOLD","29677","3","16.4794921875","-5","-5000","-8000000","100000","20326","20326","0","2903","1336","936"
"517","ALIGN_HOLD","29682","8","43.9453125","5","5000","10000000","100000","20327","20327","0","2903","1336","846"
"518","ALIGN_HOLD","29681","7","38.4521484375","-1","-1000","-6000000","100000","20328","20328","0","2903","1336","756"
"519","ALIGN_HOLD","29679","5","27.4658203125","-2","-2000","-1000000","100000","20329","20329","0","2903","1336","666"
"520","ALIGN_HOLD","29680","6","32.958984375","1","1000","3000000","100000","20330","20330","0","2903","1336","576"
"521","ALIGN_HOLD","29681","7","38.4521484375","1","1000","0","100000","20331","20331","0","2903","1336","486"
"522","ALIGN_HOLD","29680","6","32.958984375","-1","-1000","-2000000","100000","20332","20332","0","2903","1336","396"
"523","ALIGN_HOLD","29681","7","38.4521484375","1","1000","2000000","100000","20333","20333","0","2903","1336","306"
"524","ALIGN_HOLD","29681","7","38.4521484375","0","0","-1000000","100000","20334","20334","0","2903","1336","216"
"525","ALIGN_HOLD","29677","3","16.4794921875","-4","-4000","-4000000","100000","20335","20335","0","2903","1336","126"
"526","ALIGN_HOLD","29676","2","10.986328125","-1","-1000","3000000","100000","20336","20336","0","2903","1336","36"
"527","ALIGN_HOLD","29680","6","32.958984375","4","4000","5000000","100000","20337","20337","0","2903","1336","2101"
"528","ALIGN_HOLD","29676","2","10.986328125","-4","-4000","-8000000","100000","20338","20338","0","2903","1336","2011"
"529","ALIGN_HOLD","29681","7","38.4521484375","5","5000","9000000","100000","20339","20339","0","2903","1336","1921"
"530","ALIGN_HOLD","29677","3","16.4794921875","-4","-4000","-9000000","100000","20340","20340","0","2903","1336","1831"
"531","ALIGN_HOLD","29679","5","27.4658203125","2","2000","6000000","100000","20341","20341","0","2903","1336","1741"
"532","ALIGN_HOLD","29680","6","32.958984375","1","1000","-1000000","100000","20342","20342","0","2903","1336","1651"
"533","ALIGN_HOLD","29682","8","43.9453125","2","2000","1000000","100000","20343","20343","0","2903","1336","1561"
"534","ALIGN_HOLD","29677","3","16.4794921875","-5","-5000","-7000000","100000","20344","20344","0","2903","1336","1471"
"535","ALIGN_HOLD","29678","4","21.97265625","1","1000","6000000","100000","20345","20345","0","2903","1336","1381"
"536","ALIGN_HOLD","29680","6","32.958984375","2","2000","1000000","100000","20346","20346","0","2903","1336","1291"
"537","ALIGN_HOLD","29681","7","38.4521484375","1","1000","-1000000","100000","20347","20347","0","2903","1336","1201"
"538","ALIGN_HOLD","29677","3","16.4794921875","-4","-4000","-5000000","100000","20348","20348","0","2903","1336","1111"
"539","ALIGN_HOLD","29679","5","27.4658203125","2","2000","6000000","100000","20349","20349","0","2903","1336","1021"
"540","ALIGN_HOLD","29679","5","27.4658203125","0","0","-2000000","100000","20350","20350","0","2903","1336","931"
"541","ALIGN_HOLD","29680","6","32.958984375","1","1000","1000000","100000","20351","20351","0","2903","1336","841"
"542","ALIGN_HOLD","29676","2","10.986328125","-4","-4000","-5000000","100000","20352","20352","0","2903","1336","751"
"543","ALIGN_HOLD","29676","2","10.986328125","0","0","4000000","100000","20353","20353","0","2903","1336","661"
"544","ALIGN_HOLD","29680","6","32.958984375","4","4000","4000000","100000","20354","20354","0","2903","1336","571"
"545","ALIGN_HOLD","29683","9","49.4384765625","3","3000","-1000000","100000","20355","20355","0","2903","1336","481"
"546","ALIGN_HOLD","29677","3","16.4794921875","-6","-6000","-9000000","100000","20356","20356","0","2903","1336","391"
"547","ALIGN_HOLD","29681","7","38.4521484375","4","4000","10000000","100000","20357","20357","0","2903","1336","301"
"548","ALIGN_HOLD","29676","2","10.986328125","-5","-5000","-9000000","100000","20358","20358","0","2903","1336","211"
"549","ALIGN_HOLD","29683","9","49.4384765625","7","7000","12000000","100000","20359","20359","0","2903","1336","121"
"550","ALIGN_HOLD","29681","7","38.4521484375","-2","-2000","-9000000","100000","20360","20360","0","2903","1336","31"
"551","ALIGN_HOLD","29678","4","21.97265625","-3","-3000","-1000000","100000","20361","20361","0","2903","1336","2096"
"552","ALIGN_HOLD","29681","7","38.4521484375","3","3000","6000000","100000","20362","20362","0","2903","1336","2006"
"553","ALIGN_HOLD","29680","6","32.958984375","-1","-1000","-4000000","100000","20363","20363","0","2903","1336","1916"
"554","ALIGN_HOLD","29679","5","27.4658203125","-1","-1000","0","100000","20364","20364","0","2903","1336","1826"
"555","ALIGN_HOLD","29682","8","43.9453125","3","3000","4000000","100000","20365","20365","0","2903","1336","1736"
"556","ALIGN_HOLD","29679","5","27.4658203125","-3","-3000","-6000000","100000","20366","20366","0","2903","1336","1646"
"557","ALIGN_HOLD","29680","6","32.958984375","1","1000","4000000","100000","20367","20367","0","2903","1336","1556"
"558","ALIGN_HOLD","29680","6","32.958984375","0","0","-1000000","100000","20368","20368","0","2903","1336","1466"
"559","ALIGN_HOLD","29682","8","43.9453125","2","2000","2000000","100000","20369","20369","0","2903","1336","1376"
"560","ALIGN_HOLD","29680","6","32.958984375","-2","-2000","-4000000","100000","20370","20370","0","2903","1336","1286"
"561","ALIGN_HOLD","29680","6","32.958984375","0","0","2000000","100000","20371","20371","0","2903","1336","1196"
"562","ALIGN_HOLD","29682","8","43.9453125","2","2000","2000000","100000","20372","20372","0","2903","1336","1106"
"563","ALIGN_HOLD","29677","3","16.4794921875","-5","-5000","-7000000","100000","20373","20373","0","2903","1336","1016"
"564","ALIGN_HOLD","29679","5","27.4658203125","2","2000","7000000","100000","20374","20374","0","2903","1336","926"
"565","ALIGN_HOLD","29681","7","38.4521484375","2","2000","0","100000","20375","20375","0","2903","1336","836"
"566","ALIGN_HOLD","29680","6","32.958984375","-1","-1000","-3000000","100000","20376","20376","0","2903","1336","746"
"567","ALIGN_HOLD","29680","6","32.958984375","0","0","1000000","100000","20377","20377","0","2903","1336","656"
"568","ALIGN_HOLD","29680","6","32.958984375","0","0","0","100000","20378","20378","0","2903","1336","566"
"569","ALIGN_HOLD","29680","6","32.958984375","0","0","0","100000","20379","20379","0","2903","1336","476"
"570","ALIGN_HOLD","29681","7","38.4521484375","1","1000","1000000","100000","20380","20380","0","2903","1336","386"
"571","ALIGN_HOLD","29679","5","27.4658203125","-2","-2000","-3000000","100000","20381","20381","0","2903","1336","296"
"572","ALIGN_HOLD","29683","9","49.4384765625","4","4000","6000000","100000","20382","20382","0","2903","1336","206"
"573","ALIGN_HOLD","29678","4","21.97265625","-5","-5000","-9000000","100000","20383","20383","0","2903","1336","116"
"574","ALIGN_HOLD","29681","7","38.4521484375","3","3000","8000000","100000","20384","20384","0","2903","1336","26"
"575","ALIGN_HOLD","29679","5","27.4658203125","-2","-2000","-5000000","100000","20385","20385","0","2903","1336","2091"
"576","ALIGN_HOLD","29681","7","38.4521484375","2","2000","4000000","100000","20386","20386","0","2903","1336","2001"
"577","ALIGN_HOLD","29680","6","32.958984375","-1","-1000","-3000000","100000","20387","20387","0","2903","1336","1911"
"578","ALIGN_HOLD","29680","6","32.958984375","0","0","1000000","100000","20388","20388","0","2903","1336","1821"
"579","ALIGN_HOLD","29680","6","32.958984375","0","0","0","100000","20389","20389","0","2903","1336","1731"
"580","ALIGN_HOLD","29676","2","10.986328125","-4","-4000","-4000000","100000","20390","20390","0","2903","1336","1641"
"581","ALIGN_HOLD","29677","3","16.4794921875","1","1000","5000000","100000","20391","20391","0","2903","1336","1551"
"582","ALIGN_HOLD","29679","5","27.4658203125","2","2000","1000000","100000","20392","20392","0","2903","1336","1461"
"583","ALIGN_HOLD","29679","5","27.4658203125","0","0","-2000000","100000","20393","20393","0","2903","1336","1371"
"584","ALIGN_HOLD","29679","5","27.4658203125","0","0","0","100000","20394","20394","0","2903","1336","1281"
"585","ALIGN_HOLD","29679","5","27.4658203125","0","0","0","100000","20395","20395","0","2903","1336","1191"
"586","ALIGN_HOLD","29684","10","54.931640625","5","5000","5000000","100000","20396","20396","0","2903","1336","1101"
"587","ALIGN_HOLD","29680","6","32.958984375","-4","-4000","-9000000","100000","20397","20397","0","2903","1336","1011"
"588","ALIGN_HOLD","29680","6","32.958984375","0","0","4000000","100000","20398","20398","0","2903","1336","921"
"589","ALIGN_HOLD","29678","4","21.97265625","-2","-2000","-2000000","100000","20399","20399","0","2903","1336","831"
"590","ALIGN_HOLD","29681","7","38.4521484375","3","3000","5000000","100000","20400","20400","0","2903","1336","741"
"591","ALIGN_HOLD","29678","4","21.97265625","-3","-3000","-6000000","100000","20401","20401","0","2903","1336","651"
"592","ALIGN_HOLD","29684","10","54.931640625","6","6000","9000000","100000","20402","20402","0","2903","1336","561"
"593","ALIGN_HOLD","29679","5","27.4658203125","-5","-5000","-11000000","100000","20403","20403","0","2903","1336","471"
"594","ALIGN_HOLD","29680","6","32.958984375","1","1000","6000000","100000","20404","20404","0","2903","1336","381"
"595","ALIGN_HOLD","29678","4","21.97265625","-2","-2000","-3000000","100000","20405","20405","0","2903","1336","291"
"596","ALIGN_HOLD","29679","5","27.4658203125","1","1000","3000000","100000","20406","20406","0","2903","1336","201"
"597","ALIGN_HOLD","29678","4","21.97265625","-1","-1000","-2000000","100000","20407","20407","0","2903","1336","111"
"598","ALIGN_HOLD","29677","3","16.4794921875","-1","-1000","0","100000","20408","20408","0","2903","1336","21"
"599","ALIGN_HOLD","29680","6","32.958984375","3","3000","4000000","100000","20409","20409","0","2903","1336","2086"
"600","ALIGN_HOLD","29679","5","27.4658203125","-1","-1000","-4000000","100000","20410","20410","0","2903","1336","2062"
"601","ALIGN_HOLD","29676","2","10.986328125","-3","-3000","-2000000","100000","20411","20411","0","2903","1336","1906"
"602","ALIGN_HOLD","29685","11","60.4248046875","9","9000","12000000","100000","20412","20412","0","2903","1336","1816"
"603","ALIGN_HOLD","29678","4","21.97265625","-7","-7000","-16000000","100000","20413","20413","0","2903","1336","1726"
"604","ALIGN_HOLD","29679","5","27.4658203125","1","1000","8000000","100000","20414","20414","0","2903","1336","1636"
"605","ALIGN_HOLD","29681","7","38.4521484375","2","2000","1000000","100000","20415","20415","0","2903","1336","1546"
"606","ALIGN_HOLD","29678","4","21.97265625","-3","-3000","-5000000","100000","20416","20416","0","2903","1336","1456"
"607","ALIGN_HOLD","29679","5","27.4658203125","1","1000","4000000","100000","20417","20417","0","2903","1336","1366"
"608","ALIGN_HOLD","29679","5","27.4658203125","0","0","-1000000","100000","20418","20418","0","2903","1336","1276"
"609","ALIGN_HOLD","29683","9","49.4384765625","4","4000","4000000","100000","20419","20419","0","2903","1336","1186"
"610","ALIGN_HOLD","29677","3","16.4794921875","-6","-6000","-10000000","100000","20420","20420","0","2903","1336","1096"
"611","ALIGN_HOLD","29679","5","27.4658203125","2","2000","8000000","100000","20421","20421","0","2903","1336","1006"
"612","ALIGN_HOLD","29679","5","27.4658203125","0","0","-2000000","100000","20422","20422","0","2903","1336","916"
"613","ALIGN_HOLD","29680","6","32.958984375","1","1000","1000000","100000","20423","20423","0","2903","1336","826"
"614","ALIGN_HOLD","29678","4","21.97265625","-2","-2000","-3000000","100000","20424","20424","0","2903","1336","736"
"615","ALIGN_HOLD","29678","4","21.97265625","0","0","2000000","100000","20425","20425","0","2903","1336","646"
"616","ALIGN_HOLD","29676","2","10.986328125","-2","-2000","-2000000","100000","20426","20426","0","2903","1336","556"
"617","ALIGN_HOLD","29678","4","21.97265625","2","2000","4000000","100000","20427","20427","0","2903","1336","466"
"618","ALIGN_HOLD","29676","2","10.986328125","-2","-2000","-4000000","100000","20428","20428","0","2903","1336","376"
"619","ALIGN_HOLD","29680","6","32.958984375","4","4000","6000000","100000","20429","20429","0","2903","1336","286"
"620","ALIGN_HOLD","29683","9","49.4384765625","3","3000","-1000000","100000","20430","20430","0","2903","1336","196"
"621","ALIGN_HOLD","29676","2","10.986328125","-7","-7000","-10000000","100000","20431","20431","0","2903","1336","106"
"622","ALIGN_HOLD","29679","5","27.4658203125","3","3000","10000000","100000","20432","20432","0","2903","1336","16"
"623","ALIGN_HOLD","29682","8","43.9453125","3","3000","0","100000","20433","20433","0","2903","1336","2081"
"624","ALIGN_HOLD","29682","8","43.9453125","0","0","-3000000","100000","20434","20434","0","2903","1336","1991"
"625","ALIGN_HOLD","29679","5","27.4658203125","-3","-3000","-3000000","100000","20435","20435","0","2903","1336","1901"
"626","ALIGN_HOLD","29679","5","27.4658203125","0","0","3000000","100000","20436","20436","0","2903","1336","1811"
"627","ALIGN_HOLD","29677","3","16.4794921875","-2","-2000","-2000000","100000","20437","20437","0","2903","1336","1721"
"628","ALIGN_HOLD","29679","5","27.4658203125","2","2000","4000000","100000","20438","20438","0","2903","1336","1631"
"629","ALIGN_HOLD","29680","6","32.958984375","1","1000","-1000000","100000","20439","20439","0","2903","1336","1541"
"630","ALIGN_HOLD","29677","3","16.4794921875","-3","-3000","-4000000","100000","20440","20440","0","2903","1336","1451"
"631","ALIGN_HOLD","29683","9","49.4384765625","6","6000","9000000","100000","20441","20441","0","2903","1336","1361"
"632","ALIGN_HOLD","29677","3","16.4794921875","-6","-6000","-12000000","100000","20442","20442","0","2903","1336","1271"
"633","ALIGN_HOLD","29679","5","27.4658203125","2","2000","8000000","100000","20443","20443","0","2903","1336","1181"
"634","ALIGN_HOLD","29682","8","43.9453125","3","3000","1000000","100000","20444","20444","0","2903","1336","1091"
"635","ALIGN_HOLD","29680","6","32.958984375","-2","-2000","-5000000","100000","20445","20445","0","2903","1336","1001"
"636","ALIGN_HOLD","29683","9","49.4384765625","3","3000","5000000","100000","20446","20446","0","2903","1336","911"
"637","ALIGN_HOLD","29679","5","27.4658203125","-4","-4000","-7000000","100000","20447","20447","0","2903","1336","821"
"638","ALIGN_HOLD","29678","4","21.97265625","-1","-1000","3000000","100000","20448","20448","0","2903","1336","731"
"639","ALIGN_HOLD","29683","9","49.4384765625","5","5000","6000000","100000","20449","20449","0","2903","1336","641"
"640","ALIGN_HOLD","29679","5","27.4658203125","-4","-4000","-9000000","100000","20450","20450","0","2903","1336","551"
"641","ALIGN_HOLD","29678","4","21.97265625","-1","-1000","3000000","100000","20451","20451","0","2903","1336","461"
"642","ALIGN_HOLD","29678","4","21.97265625","0","0","1000000","100000","20452","20452","0","2903","1336","371"
"643","ALIGN_HOLD","29678","4","21.97265625","0","0","0","100000","20453","20453","0","2903","1336","281"
"644","ALIGN_HOLD","29679","5","27.4658203125","1","1000","1000000","100000","20454","20454","0","2903","1336","191"
"645","ALIGN_HOLD","29679","5","27.4658203125","0","0","-1000000","100000","20455","20455","0","2903","1336","101"
"646","ALIGN_HOLD","29680","6","32.958984375","1","1000","1000000","100000","20456","20456","0","2903","1336","11"
"647","ALIGN_HOLD","29678","4","21.97265625","-2","-2000","-3000000","100000","20457","20457","0","2903","1336","2076"
"648","ALIGN_HOLD","29679","5","27.4658203125","1","1000","3000000","100000","20458","20458","0","2903","1336","1986"
"649","ALIGN_HOLD","29682","8","43.9453125","3","3000","2000000","100000","20459","20459","0","2903","1336","1896"
"650","ALIGN_HOLD","29678","4","21.97265625","-4","-4000","-7000000","100000","20460","20460","0","2903","1336","1806"
"651","ALIGN_HOLD","29679","5","27.4658203125","1","1000","5000000","100000","20461","20461","0","2903","1336","1716"
"652","ALIGN_HOLD","29679","5","27.4658203125","0","0","-1000000","100000","20462","20462","0","2903","1336","1626"
"653","ALIGN_HOLD","29679","5","27.4658203125","0","0","0","100000","20463","20463","0","2903","1336","1536"
"654","ALIGN_HOLD","29680","6","32.958984375","1","1000","1000000","100000","20464","20464","0","2903","1336","1446"
"655","ALIGN_HOLD","29679","5","27.4658203125","-1","-1000","-2000000","100000","20465","20465","0","2903","1336","1356"
"656","ALIGN_HOLD","29680","6","32.958984375","1","1000","2000000","100000","20466","20466","0","2903","1336","1266"
"657","ALIGN_HOLD","29680","6","32.958984375","0","0","-1000000","100000","20467","20467","0","2903","1336","1176"
"658","ALIGN_HOLD","29676","2","10.986328125","-4","-4000","-4000000","100000","20468","20468","0","2903","1336","1086"
"659","ALIGN_HOLD","29679","5","27.4658203125","3","3000","7000000","100000","20469","20469","0","2903","1336","996"
"660","ALIGN_HOLD","29678","4","21.97265625","-1","-1000","-4000000","100000","20470","20470","0","2903","1336","906"
"661","ALIGN_HOLD","29679","5","27.4658203125","1","1000","2000000","100000","20471","20471","0","2903","1336","816"
"662","ALIGN_HOLD","29680","6","32.958984375","1","1000","0","100000","20472","20472","0","2903","1336","726"
"663","ALIGN_HOLD","29681","7","38.4521484375","1","1000","0","100000","20473","20473","0","2903","1336","636"
"664","ALIGN_HOLD","29679","5","27.4658203125","-2","-2000","-3000000","100000","20474","20474","0","2903","1336","546"
"665","ALIGN_HOLD","29677","3","16.4794921875","-2","-2000","0","100000","20475","20475","0","2903","1336","456"
"666","ALIGN_HOLD","29681","7","38.4521484375","4","4000","6000000","100000","20476","20476","0","2903","1336","366"
"667","ALIGN_HOLD","29674","0","0","-7","-7000","-11000000","100000","20477","20477","0","2903","1336","276"
"668","ALIGN_HOLD","29679","5","27.4658203125","5","5000","12000000","100000","20478","20478","0","2903","1336","186"
"669","ALIGN_HOLD","29681","7","38.4521484375","2","2000","-3000000","100000","20479","20479","0","2903","1336","96"
"670","ALIGN_HOLD","29682","8","43.9453125","1","1000","-1000000","100000","20480","20480","0","2903","1336","6"
"671","ALIGN_HOLD","29680","6","32.958984375","-2","-2000","-3000000","100000","20481","20481","0","2903","1336","2071"
"672","ALIGN_HOLD","29678","4","21.97265625","-2","-2000","0","100000","20482","20482","0","2903","1336","1981"
"673","ALIGN_HOLD","29681","7","38.4521484375","3","3000","5000000","100000","20483","20483","0","2903","1336","1891"
"674","ALIGN_HOLD","29679","5","27.4658203125","-2","-2000","-5000000","100000","20484","20484","0","2903","1336","1801"
"675","ALIGN_HOLD","29679","5","27.4658203125","0","0","2000000","100000","20485","20485","0","2903","1336","1711"
"676","ALIGN_HOLD","29680","6","32.958984375","1","1000","1000000","100000","20486","20486","0","2903","1336","1621"
"677","ALIGN_HOLD","29681","7","38.4521484375","1","1000","0","100000","20487","20487","0","2903","1336","1531"
"678","ALIGN_HOLD","29681","7","38.4521484375","0","0","-1000000","100000","20488","20488","0","2903","1336","1441"
"679","ALIGN_HOLD","29679","5","27.4658203125","-2","-2000","-2000000","100000","20489","20489","0","2903","1336","1351"
"680","ALIGN_HOLD","29679","5","27.4658203125","0","0","2000000","100000","20490","20490","0","2903","1336","1261"
"681","ALIGN_HOLD","29679","5","27.4658203125","0","0","0","100000","20491","20491","0","2903","1336","1171"
"682","ALIGN_HOLD","29677","3","16.4794921875","-2","-2000","-2000000","100000","20492","20492","0","2903","1336","1081"
"683","ALIGN_HOLD","29681","7","38.4521484375","4","4000","6000000","100000","20493","20493","0","2903","1336","991"
"684","ALIGN_HOLD","29685","11","60.4248046875","4","4000","0","100000","20494","20494","0","2903","1336","901"
"685","ALIGN_HOLD","29681","7","38.4521484375","-4","-4000","-8000000","100000","20495","20495","0","2903","1336","811"
"686","ALIGN_HOLD","29678","4","21.97265625","-3","-3000","1000000","100000","20496","20496","0","2903","1336","721"
"687","ALIGN_HOLD","29679","5","27.4658203125","1","1000","4000000","100000","20497","20497","0","2903","1336","631"
"688","ALIGN_HOLD","29680","6","32.958984375","1","1000","0","100000","20498","20498","0","2903","1336","541"
"689","ALIGN_HOLD","29681","7","38.4521484375","1","1000","0","100000","20499","20499","0","2903","1336","451"
"690","ALIGN_HOLD","29679","5","27.4658203125","-2","-2000","-3000000","100000","20500","20500","0","2903","1336","361"
"691","ALIGN_HOLD","29678","4","21.97265625","-1","-1000","1000000","100000","20501","20501","0","2903","1336","271"
"692","ALIGN_HOLD","29680","6","32.958984375","2","2000","3000000","100000","20502","20502","0","2903","1336","181"
"693","ALIGN_HOLD","29682","8","43.9453125","2","2000","0","100000","20503","20503","0","2903","1336","91"
"694","ALIGN_HOLD","29678","4","21.97265625","-4","-4000","-6000000","100000","20504","20504","0","2903","1336","1"
"695","ALIGN_HOLD","29680","6","32.958984375","2","2000","6000000","100000","20505","20505","0","2903","1336","2066"
"696","ALIGN_HOLD","29681","7","38.4521484375","1","1000","-1000000","100000","20506","20506","0","2903","1336","1976"
"697","ALIGN_HOLD","29683","9","49.4384765625","2","2000","1000000","100000","20507","20507","0","2903","1336","1886"
"698","ALIGN_HOLD","29680","6","32.958984375","-3","-3000","-5000000","100000","20508","20508","0","2903","1336","1796"
"699","ALIGN_HOLD","29682","8","43.9453125","2","2000","5000000","100000","20509","20509","0","2903","1336","1706"
"700","ALIGN_HOLD","29680","6","32.958984375","-2","-2000","-4000000","100000","20510","20510","0","2903","1336","1616"
"701","ALIGN_HOLD","29683","9","49.4384765625","3","3000","5000000","100000","20511","20511","0","2903","1336","1526"
"702","ALIGN_HOLD","29680","6","32.958984375","-3","-3000","-6000000","100000","20512","20512","0","2903","1336","1436"
"703","ALIGN_HOLD","29677","3","16.4794921875","-3","-3000","0","100000","20513","20513","0","2903","1336","1346"
"704","ALIGN_HOLD","29678","4","21.97265625","1","1000","4000000","100000","20514","20514","0","2903","1336","1256"
"705","ALIGN_HOLD","29679","5","27.4658203125","1","1000","0","100000","20515","20515","0","2903","1336","1166"
"706","ALIGN_HOLD","29681","7","38.4521484375","2","2000","1000000","100000","20516","20516","0","2903","1336","1076"
"707","ALIGN_HOLD","29678","4","21.97265625","-3","-3000","-5000000","100000","20517","20517","0","2903","1336","986"
"708","ALIGN_HOLD","29681","7","38.4521484375","3","3000","6000000","100000","20518","20518","0","2903","1336","896"
"709","ALIGN_HOLD","29683","9","49.4384765625","2","2000","-1000000","100000","20519","20519","0","2903","1336","806"
"710","ALIGN_HOLD","29679","5","27.4658203125","-4","-4000","-6000000","100000","20520","20520","0","2903","1336","716"
"711","ALIGN_HOLD","29685","11","60.4248046875","6","6000","10000000","100000","20521","20521","0","2903","1336","626"
"712","ALIGN_HOLD","29678","4","21.97265625","-7","-7000","-13000000","100000","20522","20522","0","2903","1336","536"
"713","ALIGN_HOLD","29680","6","32.958984375","2","2000","9000000","100000","20523","20523","0","2903","1336","446"
"714","ALIGN_HOLD","29679","5","27.4658203125","-1","-1000","-3000000","100000","20524","20524","0","2903","1336","356"
"715","ALIGN_HOLD","29683","9","49.4384765625","4","4000","5000000","100000","20525","20525","0","2903","1336","266"
"716","ALIGN_HOLD","29682","8","43.9453125","-1","-1000","-5000000","100000","20526","20526","0","2903","1336","176"
"717","ALIGN_HOLD","29679","5","27.4658203125","-3","-3000","-2000000","100000","20527","20527","0","2903","1336","86"
"718","ALIGN_HOLD","29681","7","38.4521484375","2","2000","5000000","100000","20528","20528","0","2903","1336","2151"
"719","ALIGN_HOLD","29681","7","38.4521484375","0","0","-2000000","100000","20529","20529","0","2903","1336","2061"
"720","ALIGN_HOLD","29680","6","32.958984375","-1","-1000","-1000000","100000","20530","20530","0","2903","1336","1971"
"721","ALIGN_HOLD","29677","3","16.4794921875","-3","-3000","-2000000","100000","20531","20531","0","2903","1336","1881"
"722","ALIGN_HOLD","29679","5","27.4658203125","2","2000","5000000","100000","20532","20532","0","2903","1336","1791"
"723","ALIGN_HOLD","29678","4","21.97265625","-1","-1000","-3000000","100000","20533","20533","0","2903","1336","1701"
"724","ALIGN_HOLD","29682","8","43.9453125","4","4000","5000000","100000","20534","20534","0","2903","1336","1611"
"725","ALIGN_HOLD","29681","7","38.4521484375","-1","-1000","-5000000","100000","20535","20535","0","2903","1336","1521"
"726","ALIGN_HOLD","29679","5","27.4658203125","-2","-2000","-1000000","100000","20536","20536","0","2903","1336","1431"
"727","ALIGN_HOLD","29679","5","27.4658203125","0","0","2000000","100000","20537","20537","0","2903","1336","1341"
"728","ALIGN_HOLD","29683","9","49.4384765625","4","4000","4000000","100000","20538","20538","0","2903","1336","1251"
"729","ALIGN_HOLD","29680","6","32.958984375","-3","-3000","-7000000","100000","20539","20539","0","2903","1336","1161"
"730","ALIGN_HOLD","29678","4","21.97265625","-2","-2000","1000000","100000","20540","20540","0","2903","1336","1071"
"731","ALIGN_HOLD","29682","8","43.9453125","4","4000","6000000","100000","20541","20541","0","2903","1336","981"
"732","ALIGN_HOLD","29680","6","32.958984375","-2","-2000","-6000000","100000","20542","20542","0","2903","1336","891"
"733","ALIGN_HOLD","29682","8","43.9453125","2","2000","4000000","100000","20543","20543","0","2903","1336","801"
"734","ALIGN_HOLD","29680","6","32.958984375","-2","-2000","-4000000","100000","20544","20544","0","2903","1336","711"
"735","ALIGN_HOLD","29683","9","49.4384765625","3","3000","5000000","100000","20545","20545","0","2903","1336","621"
"736","ALIGN_HOLD","29681","7","38.4521484375","-2","-2000","-5000000","100000","20546","20546","0","2903","1336","531"
"737","ALIGN_HOLD","29677","3","16.4794921875","-4","-4000","-2000000","100000","20547","20547","0","2903","1336","441"
"738","ALIGN_HOLD","29678","4","21.97265625","1","1000","5000000","100000","20548","20548","0","2903","1336","351"
"739","ALIGN_HOLD","29681","7","38.4521484375","3","3000","2000000","100000","20549","20549","0","2903","1336","261"
"740","ALIGN_HOLD","29680","6","32.958984375","-1","-1000","-4000000","100000","20550","20550","0","2903","1336","171"
"741","ALIGN_HOLD","29676","2","10.986328125","-4","-4000","-3000000","100000","20551","20551","0","2903","1336","81"
"742","ALIGN_HOLD","29678","4","21.97265625","2","2000","6000000","100000","20552","20552","0","2903","1336","2146"
"743","ALIGN_HOLD","29679","5","27.4658203125","1","1000","-1000000","100000","20553","20553","0","2903","1336","2056"
"744","ALIGN_HOLD","29677","3","16.4794921875","-2","-2000","-3000000","100000","20554","20554","0","2903","1336","1966"
"745","ALIGN_HOLD","29679","5","27.4658203125","2","2000","4000000","100000","20555","20555","0","2903","1336","1876"
"746","ALIGN_HOLD","29684","10","54.931640625","5","5000","3000000","100000","20556","20556","0","2903","1336","1786"
"747","ALIGN_HOLD","29683","9","49.4384765625","-1","-1000","-6000000","100000","20557","20557","0","2903","1336","1696"
"748","ALIGN_HOLD","29682","8","43.9453125","-1","-1000","0","100000","20558","20558","0","2903","1336","1606"
"749","ALIGN_HOLD","29681","7","38.4521484375","-1","-1000","0","100000","20559","20559","0","2903","1336","1516"
"750","ALIGN_HOLD","29683","9","49.4384765625","2","2000","3000000","100000","20560","20560","0","2903","1336","1426"
"751","ALIGN_HOLD","29684","10","54.931640625","1","1000","-1000000","100000","20561","20561","0","2903","1336","1336"
"752","ALIGN_HOLD","29681","7","38.4521484375","-3","-3000","-4000000","100000","20562","20562","0","2903","1336","1246"
"753","ALIGN_HOLD","29681","7","38.4521484375","0","0","3000000","100000","20563","20563","0","2903","1336","1156"
"754","ALIGN_HOLD","29680","6","32.958984375","-1","-1000","-1000000","100000","20564","20564","0","2903","1336","1066"
"755","ALIGN_HOLD","29679","5","27.4658203125","-1","-1000","0","100000","20565","20565","0","2903","1336","976"
"756","ALIGN_HOLD","29679","5","27.4658203125","0","0","1000000","100000","20566","20566","0","2903","1336","886"
"757","ALIGN_HOLD","29678","4","21.97265625","-1","-1000","-1000000","100000","20567","20567","0","2903","1336","796"
"758","ALIGN_HOLD","29677","3","16.4794921875","-1","-1000","0","100000","20568","20568","0","2903","1336","706"
"759","ALIGN_HOLD","29679","5","27.4658203125","2","2000","3000000","100000","20569","20569","0","2903","1336","616"
"760","ALIGN_HOLD","29677","3","16.4794921875","-2","-2000","-4000000","100000","20570","20570","0","2903","1336","526"
"761","ALIGN_HOLD","29683","9","49.4384765625","6","6000","8000000","100000","20571","20571","0","2903","1336","436"
"762","ALIGN_HOLD","29680","6","32.958984375","-3","-3000","-9000000","100000","20572","20572","0","2903","1336","346"
"763","ALIGN_HOLD","29675","1","5.4931640625","-5","-5000","-2000000","100000","20573","20573","0","2903","1336","256"
"764","ALIGN_HOLD","29677","3","16.4794921875","2","2000","7000000","100000","20574","20574","0","2903","1336","166"
"765","ALIGN_HOLD","29677","3","16.4794921875","0","0","-2000000","100000","20575","20575","0","2903","1336","76"
"766","ALIGN_HOLD","29681","7","38.4521484375","4","4000","4000000","100000","20576","20576","0","2903","1336","2141"
"767","ALIGN_HOLD","29680","6","32.958984375","-1","-1000","-5000000","100000","20577","20577","0","2903","1336","2051"
"768","ALIGN_HOLD","29678","4","21.97265625","-2","-2000","-1000000","100000","20578","20578","0","2903","1336","1961"
"769","ALIGN_HOLD","29678","4","21.97265625","0","0","2000000","100000","20579","20579","0","2903","1336","1871"
"770","ALIGN_HOLD","29681","7","38.4521484375","3","3000","3000000","100000","20580","20580","0","2903","1336","1781"
"771","ALIGN_HOLD","29680","6","32.958984375","-1","-1000","-4000000","100000","20581","20581","0","2903","1336","1691"
"772","ALIGN_HOLD","29680","6","32.958984375","0","0","1000000","100000","20582","20582","0","2903","1336","1601"
"773","ALIGN_HOLD","29681","7","38.4521484375","1","1000","1000000","100000","20583","20583","0","2903","1336","1511"
"774","ALIGN_HOLD","29684","10","54.931640625","3","3000","2000000","100000","20584","20584","0","2903","1336","1421"
"775","ALIGN_HOLD","29682","8","43.9453125","-2","-2000","-5000000","100000","20585","20585","0","2903","1336","1331"
"776","ALIGN_HOLD","29680","6","32.958984375","-2","-2000","0","100000","20586","20586","0","2903","1336","1241"
"777","ALIGN_HOLD","29677","3","16.4794921875","-3","-3000","-1000000","100000","20587","20587","0","2903","1336","1151"
"778","ALIGN_HOLD","29681","7","38.4521484375","4","4000","7000000","100000","20588","20588","0","2903","1336","1061"
"779","ALIGN_HOLD","29678","4","21.97265625","-3","-3000","-7000000","100000","20589","20589","0","2903","1336","971"
"780","ALIGN_HOLD","29676","2","10.986328125","-2","-2000","1000000","100000","20590","20590","0","2903","1336","881"
"781","ALIGN_HOLD","29677","3","16.4794921875","1","1000","3000000","100000","20591","20591","0","2903","1336","791"
"782","ALIGN_HOLD","29681","7","38.4521484375","4","4000","3000000","100000","20592","20592","0","2903","1336","701"
"783","ALIGN_HOLD","29678","4","21.97265625","-3","-3000","-7000000","100000","20593","20593","0","2903","1336","611"
"784","ALIGN_HOLD","29679","5","27.4658203125","1","1000","4000000","100000","20594","20594","0","2903","1336","521"
"785","ALIGN_HOLD","29681","7","38.4521484375","2","2000","1000000","100000","20595","20595","0","2903","1336","431"
"786","ALIGN_HOLD","29682","8","43.9453125","1","1000","-1000000","100000","20596","20596","0","2903","1336","341"
"787","ALIGN_HOLD","29679","5","27.4658203125","-3","-3000","-4000000","100000","20597","20597","0","2903","1336","251"
"788","ALIGN_HOLD","29680","6","32.958984375","1","1000","4000000","100000","20598","20598","0","2903","1336","161"
"789","ALIGN_HOLD","29684","10","54.931640625","4","4000","3000000","100000","20599","20599","0","2903","1336","71"
"790","ALIGN_HOLD","29677","3","16.4794921875","-7","-7000","-11000000","100000","20600","20600","0","2903","1336","2136"
"791","ALIGN_HOLD","29677","3","16.4794921875","0","0","7000000","100000","20601","20601","0","2903","1336","2046"
"792","ALIGN_HOLD","29683","9","49.4384765625","6","6000","6000000","100000","20602","20602","0","2903","1336","1956"
"793","ALIGN_HOLD","29677","3","16.4794921875","-6","-6000","-12000000","100000","20603","20603","0","2903","1336","1866"
"794","ALIGN_HOLD","29679","5","27.4658203125","2","2000","8000000","100000","20604","20604","0","2903","1336","1776"
"795","ALIGN_HOLD","29679","5","27.4658203125","0","0","-2000000","100000","20605","20605","0","2903","1336","1686"
"796","ALIGN_HOLD","29682","8","43.9453125","3","3000","3000000","100000","20606","20606","0","2903","1336","1596"
"797","ALIGN_HOLD","29682","8","43.9453125","0","0","-3000000","100000","20607","20607","0","2903","1336","1506"
"798","ALIGN_HOLD","29678","4","21.97265625","-4","-4000","-4000000","100000","20608","20608","0","2903","1336","1416"
"799","ALIGN_HOLD","29678","4","21.97265625","0","0","4000000","100000","20609","20609","0","2903","1336","1326"
"800","ALIGN_HOLD","29678","4","21.97265625","0","0","0","100000","20610","20610","0","2903","1336","1302"
"801","ALIGN_HOLD","29679","5","27.4658203125","1","1000","1000000","100000","20611","20611","0","2903","1336","1146"
"802","ALIGN_HOLD","29681","7","38.4521484375","2","2000","1000000","100000","20612","20612","0","2903","1336","1056"
"803","ALIGN_HOLD","29678","4","21.97265625","-3","-3000","-5000000","100000","20613","20613","0","2903","1336","966"
"804","ALIGN_HOLD","29682","8","43.9453125","4","4000","7000000","100000","20614","20614","0","2903","1336","876"
"805","ALIGN_HOLD","29680","6","32.958984375","-2","-2000","-6000000","100000","20615","20615","0","2903","1336","786"
"806","ALIGN_HOLD","29681","7","38.4521484375","1","1000","3000000","100000","20616","20616","0","2903","1336","696"
"807","ALIGN_HOLD","29677","3","16.4794921875","-4","-4000","-5000000","100000","20617","20617","0","2903","1336","606"
"808","ALIGN_HOLD","29680","6","32.958984375","3","3000","7000000","100000","20618","20618","0","2903","1336","516"
"809","ALIGN_HOLD","29683","9","49.4384765625","3","3000","0","100000","20619","20619","0","2903","1336","426"
"810","ALIGN_HOLD","29679","5","27.4658203125","-4","-4000","-7000000","100000","20620","20620","0","2903","1336","336"
"811","ALIGN_HOLD","29681","7","38.4521484375","2","2000","6000000","100000","20621","20621","0","2903","1336","246"
"812","ALIGN_HOLD","29675","1","5.4931640625","-6","-6000","-8000000","100000","20622","20622","0","2903","1336","156"
"813","ALIGN_HOLD","29679","5","27.4658203125","4","4000","10000000","100000","20623","20623","0","2903","1336","66"
"814","ALIGN_HOLD","29681","7","38.4521484375","2","2000","-2000000","100000","20624","20624","0","2903","1336","2131"
"815","ALIGN_HOLD","29678","4","21.97265625","-3","-3000","-5000000","100000","20625","20625","0","2903","1336","2041"
"816","ALIGN_HOLD","29681","7","38.4521484375","3","3000","6000000","100000","20626","20626","0","2903","1336","1951"
"817","ALIGN_HOLD","29679","5","27.4658203125","-2","-2000","-5000000","100000","20627","20627","0","2903","1336","1861"
"818","ALIGN_HOLD","29681","7","38.4521484375","2","2000","4000000","100000","20628","20628","0","2903","1336","1771"
"819","ALIGN_HOLD","29683","9","49.4384765625","2","2000","0","100000","20629","20629","0","2903","1336","1681"
"820","ALIGN_HOLD","29682","8","43.9453125","-1","-1000","-3000000","100000","20630","20630","0","2903","1336","1591"
"821","ALIGN_HOLD","29680","6","32.958984375","-2","-2000","-1000000","100000","20631","20631","0","2903","1336","1501"
"822","ALIGN_HOLD","29679","5","27.4658203125","-1","-1000","1000000","100000","20632","20632","0","2903","1336","1411"
"823","ALIGN_HOLD","29684","10","54.931640625","5","5000","6000000","100000","20633","20633","0","2903","1336","1321"
"824","ALIGN_HOLD","29681","7","38.4521484375","-3","-3000","-8000000","100000","20634","20634","0","2903","1336","1231"
"825","ALIGN_HOLD","29685","11","60.4248046875","4","4000","7000000","100000","20635","20635","0","2903","1336","1141"
"826","ALIGN_HOLD","29681","7","38.4521484375","-4","-4000","-8000000","100000","20636","20636","0","2903","1336","1051"
"827","ALIGN_HOLD","29681","7","38.4521484375","0","0","4000000","100000","20637","20637","0","2903","1336","961"
"828","ALIGN_HOLD","29680","6","32.958984375","-1","-1000","-1000000","100000","20638","20638","0","2903","1336","871"
"829","ALIGN_HOLD","29678","4","21.97265625","-2","-2000","-1000000","100000","20639","20639","0","2903","1336","781"
"830","ALIGN_HOLD","29683","9","49.4384765625","5","5000","7000000","100000","20640","20640","0","2903","1336","691"
"831","ALIGN_HOLD","29678","4","21.97265625","-5","-5000","-10000000","100000","20641","20641","0","2903","1336","601"
"832","ALIGN_HOLD","29680","6","32.958984375","2","2000","7000000","100000","20642","20642","0","2903","1336","511"
"833","ALIGN_HOLD","29680","6","32.958984375","0","0","-2000000","100000","20643","20643","0","2903","1336","421"
"834","ALIGN_HOLD","29681","7","38.4521484375","1","1000","1000000","100000","20644","20644","0","2903","1336","331"
"835","ALIGN_HOLD","29680","6","32.958984375","-1","-1000","-2000000","100000","20645","20645","0","2903","1336","241"
"836","ALIGN_HOLD","29678","4","21.97265625","-2","-2000","-1000000","100000","20646","20646","0","2903","1336","151"
"837","ALIGN_HOLD","29677","3","16.4794921875","-1","-1000","1000000","100000","20647","20647","0","2903","1336","61"
"838","ALIGN_HOLD","29678","4","21.97265625","1","1000","2000000","100000","20648","20648","0","2903","1336","2126"
"839","ALIGN_HOLD","29680","6","32.958984375","2","2000","1000000","100000","20649","20649","0","2903","1336","2036"
"840","ALIGN_HOLD","29682","8","43.9453125","2","2000","0","100000","20650","20650","0","2903","1336","1946"
"841","ALIGN_HOLD","29679","5","27.4658203125","-3","-3000","-5000000","100000","20651","20651","0","2903","1336","1856"
"842","ALIGN_HOLD","29681","7","38.4521484375","2","2000","5000000","100000","20652","20652","0","2903","1336","1766"
"843","ALIGN_HOLD","29682","8","43.9453125","1","1000","-1000000","100000","20653","20653","0","2903","1336","1676"
"844","ALIGN_HOLD","29683","9","49.4384765625","1","1000","0","100000","20654","20654","0","2903","1336","1586"
"845","ALIGN_HOLD","29683","9","49.4384765625","0","0","-1000000","100000","20655","20655","0","2903","1336","1496"
"846","ALIGN_HOLD","29679","5","27.4658203125","-4","-4000","-4000000","100000","20656","20656","0","2903","1336","1406"
"847","ALIGN_HOLD","29680","6","32.958984375","1","1000","5000000","100000","20657","20657","0","2903","1336","1316"
"848","ALIGN_HOLD","29675","1","5.4931640625","-5","-5000","-6000000","100000","20658","20658","0","2903","1336","1226"
"849","ALIGN_HOLD","29680","6","32.958984375","5","5000","10000000","100000","20659","20659","0","2903","1336","1136"
"850","ALIGN_HOLD","29682","8","43.9453125","2","2000","-3000000","100000","20660","20660","0","2903","1336","1046"
"851","ALIGN_HOLD","29683","9","49.4384765625","1","1000","-1000000","100000","20661","20661","0","2903","1336","956"
"852","ALIGN_HOLD","29682","8","43.9453125","-1","-1000","-2000000","100000","20662","20662","0","2903","1336","866"
"853","ALIGN_HOLD","29680","6","32.958984375","-2","-2000","-1000000","100000","20663","20663","0","2903","1336","776"
"854","ALIGN_HOLD","29682","8","43.9453125","2","2000","4000000","100000","20664","20664","0","2903","1336","686"
"855","ALIGN_HOLD","29681","7","38.4521484375","-1","-1000","-3000000","100000","20665","20665","0","2903","1336","596"
"856","ALIGN_HOLD","29678","4","21.97265625","-3","-3000","-2000000","100000","20666","20666","0","2903","1336","506"
"857","ALIGN_HOLD","29682","8","43.9453125","4","4000","7000000","100000","20667","20667","0","2903","1336","416"
"858","ALIGN_HOLD","29678","4","21.97265625","-4","-4000","-8000000","100000","20668","20668","0","2903","1336","326"
"859","ALIGN_HOLD","29680","6","32.958984375","2","2000","6000000","100000","20669","20669","0","2903","1336","236"
"860","ALIGN_HOLD","29681","7","38.4521484375","1","1000","-1000000","100000","20670","20670","0","2903","1336","146"
"861","ALIGN_HOLD","29681","7","38.4521484375","0","0","-1000000","100000","20671","20671","0","2903","1336","56"
"862","ALIGN_HOLD","29679","5","27.4658203125","-2","-2000","-2000000","100000","20672","20672","0","2903","1336","2121"
"863","ALIGN_HOLD","29680","6","32.958984375","1","1000","3000000","100000","20673","20673","0","2903","1336","2031"
"864","ALIGN_HOLD","29677","3","16.4794921875","-3","-3000","-4000000","100000","20674","20674","0","2903","1336","1941"
"865","ALIGN_HOLD","29679","5","27.4658203125","2","2000","5000000","100000","20675","20675","0","2903","1336","1851"
"866","ALIGN_HOLD","29681","7","38.4521484375","2","2000","0","100000","20676","20676","0","2903","1336","1761"
"867","ALIGN_HOLD","29682","8","43.9453125","1","1000","-1000000","100000","20677","20677","0","2903","1336","1671"
"868","ALIGN_HOLD","29679","5","27.4658203125","-3","-3000","-4000000","100000","20678","20678","0","2903","1336","1581"
"869","ALIGN_HOLD","29681","7","38.4521484375","2","2000","5000000","100000","20679","20679","0","2903","1336","1491"
"870","ALIGN_HOLD","29680","6","32.958984375","-1","-1000","-3000000","100000","20680","20680","0","2903","1336","1401"
"871","ALIGN_HOLD","29679","5","27.4658203125","-1","-1000","0","100000","20681","20681","0","2903","1336","1311"
"872","ALIGN_HOLD","29679","5","27.4658203125","0","0","1000000","100000","20682","20682","0","2903","1336","1221"
"873","ALIGN_HOLD","29681","7","38.4521484375","2","2000","2000000","100000","20683","20683","0","2903","1336","1131"
"874","ALIGN_HOLD","29680","6","32.958984375","-1","-1000","-3000000","100000","20684","20684","0","2903","1336","1041"
"875","ALIGN_HOLD","29684","10","54.931640625","4","4000","5000000","100000","20685","20685","0","2903","1336","951"
"876","ALIGN_HOLD","29680","6","32.958984375","-4","-4000","-8000000","100000","20686","20686","0","2903","1336","861"
"877","ALIGN_HOLD","29678","4","21.97265625","-2","-2000","2000000","100000","20687","20687","0","2903","1336","771"
"878","ALIGN_HOLD","29677","3","16.4794921875","-1","-1000","1000000","100000","20688","20688","0","2903","1336","681"
"879","ALIGN_HOLD","29680","6","32.958984375","3","3000","4000000","100000","20689","20689","0","2903","1336","591"
"880","ALIGN_HOLD","29680","6","32.958984375","0","0","-3000000","100000","20690","20690","0","2903","1336","501"
"881","ALIGN_HOLD","29681","7","38.4521484375","1","1000","1000000","100000","20691","20691","0","2903","1336","411"
"882","ALIGN_HOLD","29683","9","49.4384765625","2","2000","1000000","100000","20692","20692","0","2903","1336","321"
"883","ALIGN_HOLD","29683","9","49.4384765625","0","0","-2000000","100000","20693","20693","0","2903","1336","231"
"884","ALIGN_HOLD","29679","5","27.4658203125","-4","-4000","-4000000","100000","20694","20694","0","2903","1336","141"
"885","ALIGN_HOLD","29676","2","10.986328125","-3","-3000","1000000","100000","20695","20695","0","2903","1336","51"
"886","ALIGN_HOLD","29683","9","49.4384765625","7","7000","10000000","100000","20696","20696","0","2903","1336","2116"
"887","ALIGN_HOLD","29677","3","16.4794921875","-6","-6000","-13000000","100000","20697","20697","0","2903","1336","2026"
"888","ALIGN_HOLD","29678","4","21.97265625","1","1000","7000000","100000","20698","20698","0","2903","1336","1936"
"889","ALIGN_HOLD","29680","6","32.958984375","2","2000","1000000","100000","20699","20699","0","2903","1336","1846"
"890","ALIGN_HOLD","29682","8","43.9453125","2","2000","0","100000","20700","20700","0","2903","1336","1756"
"891","ALIGN_HOLD","29680","6","32.958984375","-2","-2000","-4000000","100000","20701","20701","0","2903","1336","1666"
"892","ALIGN_HOLD","29681","7","38.4521484375","1","1000","3000000","100000","20702","20702","0","2903","1336","1576"
"893","ALIGN_HOLD","29681","7","38.4521484375","0","0","-1000000","100000","20703","20703","0","2903","1336","1486"
"894","ALIGN_HOLD","29679","5","27.4658203125","-2","-2000","-2000000","100000","20704","20704","0","2903","1336","1396"
"895","ALIGN_HOLD","29683","9","49.4384765625","4","4000","6000000","100000","20705","20705","0","2903","1336","1306"
"896","ALIGN_HOLD","29683","9","49.4384765625","0","0","-4000000","100000","20706","20706","0","2903","1336","1216"
"897","ALIGN_HOLD","29677","3","16.4794921875","-6","-6000","-6000000","100000","20707","20707","0","2903","1336","1126"
"898","ALIGN_HOLD","29679","5","27.4658203125","2","2000","8000000","100000","20708","20708","0","2903","1336","1036"
"899","ALIGN_HOLD","29677","3","16.4794921875","-2","-2000","-4000000","100000","20709","20709","0","2903","1336","946"
"900","ALIGN_HOLD","29681","7","38.4521484375","4","4000","6000000","100000","20710","20710","0","2903","1336","856"
"901","ALIGN_HOLD","29678","4","21.97265625","-3","-3000","-7000000","100000","20711","20711","0","2903","1336","766"
"902","ALIGN_HOLD","29675","1","5.4931640625","-3","-3000","0","100000","20712","20712","0","2903","1336","676"
"903","ALIGN_HOLD","29683","9","49.4384765625","8","8000","11000000","100000","20713","20713","0","2903","1336","586"
"904","ALIGN_HOLD","29679","5","27.4658203125","-4","-4000","-12000000","100000","20714","20714","0","2903","1336","496"
"905","ALIGN_HOLD","29679","5","27.4658203125","0","0","4000000","100000","20715","20715","0","2903","1336","406"
"906","ALIGN_HOLD","29678","4","21.97265625","-1","-1000","-1000000","100000","20716","20716","0","2903","1336","316"
"907","ALIGN_HOLD","29681","7","38.4521484375","3","3000","4000000","100000","20717","20717","0","2903","1336","226"
"908","ALIGN_HOLD","29679","5","27.4658203125","-2","-2000","-5000000","100000","20718","20718","0","2903","1336","136"
"909","ALIGN_HOLD","29681","7","38.4521484375","2","2000","4000000","100000","20719","20719","0","2903","1336","46"
"910","ALIGN_HOLD","29678","4","21.97265625","-3","-3000","-5000000","100000","20720","20720","0","2903","1336","2111"
"911","ALIGN_HOLD","29681","7","38.4521484375","3","3000","6000000","100000","20721","20721","0","2903","1336","2021"
"912","ALIGN_HOLD","29682","8","43.9453125","1","1000","-2000000","100000","20722","20722","0","2903","1336","1931"
"913","ALIGN_HOLD","29676","2","10.986328125","-6","-6000","-7000000","100000","20723","20723","0","2903","1336","1841"
"914","ALIGN_HOLD","29682","8","43.9453125","6","6000","12000000","100000","20724","20724","0","2903","1336","1751"
"915","ALIGN_HOLD","29681","7","38.4521484375","-1","-1000","-7000000","100000","20725","20725","0","2903","1336","1661"
"916","ALIGN_HOLD","29678","4","21.97265625","-3","-3000","-2000000","100000","20726","20726","0","2903","1336","1571"
"917","ALIGN_HOLD","29679","5","27.4658203125","1","1000","4000000","100000","20727","20727","0","2903","1336","1481"
"918","ALIGN_HOLD","29678","4","21.97265625","-1","-1000","-2000000","100000","20728","20728","0","2903","1336","1391"
"919","ALIGN_HOLD","29677","3","16.4794921875","-1","-1000","0","100000","20729","20729","0","2903","1336","1301"
"920","ALIGN_HOLD","29679","5","27.4658203125","2","2000","3000000","100000","20730","20730","0","2903","1336","1211"
"921","ALIGN_HOLD","29679","5","27.4658203125","0","0","-2000000","100000","20731","20731","0","2903","1336","1121"
"922","ALIGN_HOLD","29681","7","38.4521484375","2","2000","2000000","100000","20732","20732","0","2903","1336","1031"
"923","ALIGN_HOLD","29680","6","32.958984375","-1","-1000","-3000000","100000","20733","20733","0","2903","1336","941"
"924","ALIGN_HOLD","29680","6","32.958984375","0","0","1000000","100000","20734","20734","0","2903","1336","851"
"925","ALIGN_HOLD","29681","7","38.4521484375","1","1000","1000000","100000","20735","20735","0","2903","1336","761"
"926","ALIGN_HOLD","29682","8","43.9453125","1","1000","0","100000","20736","20736","0","2903","1336","671"
"927","ALIGN_HOLD","29683","9","49.4384765625","1","1000","0","100000","20737","20737","0","2903","1336","581"
"928","ALIGN_HOLD","29683","9","49.4384765625","0","0","-1000000","100000","20738","20738","0","2903","1336","491"
"929","ALIGN_HOLD","29676","2","10.986328125","-7","-7000","-7000000","100000","20739","20739","0","2903","1336","401"
"930","ALIGN_HOLD","29682","8","43.9453125","6","6000","13000000","100000","20740","20740","0","2903","1336","311"
"931","ALIGN_HOLD","29681","7","38.4521484375","-1","-1000","-7000000","100000","20741","20741","0","2903","1336","221"
"932","ALIGN_HOLD","29680","6","32.958984375","-1","-1000","0","100000","20742","20742","0","2903","1336","131"
"933","ALIGN_HOLD","29680","6","32.958984375","0","0","1000000","100000","20743","20743","0","2903","1336","41"
"934","ALIGN_HOLD","29677","3","16.4794921875","-3","-3000","-3000000","100000","20744","20744","0","2903","1336","2106"
"935","ALIGN_HOLD","29680","6","32.958984375","3","3000","6000000","100000","20745","20745","0","2903","1336","2016"
"936","ALIGN_HOLD","29680","6","32.958984375","0","0","-3000000","100000","20746","20746","0","2903","1336","1926"
"937","ALIGN_HOLD","29675","1","5.4931640625","-5","-5000","-5000000","100000","20747","20747","0","2903","1336","1836"
"938","ALIGN_HOLD","29681","7","38.4521484375","6","6000","11000000","100000","20748","20748","0","2903","1336","1746"
"939","ALIGN_HOLD","29683","9","49.4384765625","2","2000","-4000000","100000","20749","20749","0","2903","1336","1656"
"940","ALIGN_HOLD","29683","9","49.4384765625","0","0","-2000000","100000","20750","20750","0","2903","1336","1566"
"941","ALIGN_HOLD","29680","6","32.958984375","-3","-3000","-3000000","100000","20751","20751","0","2903","1336","1476"
"942","ALIGN_HOLD","29679","5","27.4658203125","-1","-1000","2000000","100000","20752","20752","0","2903","1336","1386"
"943","ALIGN_HOLD","29684","10","54.931640625","5","5000","6000000","100000","20753","20753","0","2903","1336","1296"
"944","ALIGN_HOLD","29678","4","21.97265625","-6","-6000","-11000000","100000","20754","20754","0","2903","1336","1206"
"945","ALIGN_HOLD","29680","6","32.958984375","2","2000","8000000","100000","20755","20755","0","2903","1336","1116"
"946","ALIGN_HOLD","29684","10","54.931640625","4","4000","2000000","100000","20756","20756","0","2903","1336","1026"
"947","ALIGN_HOLD","29681","7","38.4521484375","-3","-3000","-7000000","100000","20757","20757","0","2903","1336","936"
"948","ALIGN_HOLD","29681","7","38.4521484375","0","0","3000000","100000","20758","20758","0","2903","1336","846"
"949","ALIGN_HOLD","29683","9","49.4384765625","2","2000","2000000","100000","20759","20759","0","2903","1336","756"
"950","ALIGN_HOLD","29682","8","43.9453125","-1","-1000","-3000000","100000","20760","20760","0","2903","1336","666"
"951","ALIGN_HOLD","29679","5","27.4658203125","-3","-3000","-2000000","100000","20761","20761","0","2903","1336","576"
"952","ALIGN_HOLD","29678","4","21.97265625","-1","-1000","2000000","100000","20762","20762","0","2903","1336","486"
"953","ALIGN_HOLD","29680","6","32.958984375","2","2000","3000000","100000","20763","20763","0","2903","1336","396"
"954","ALIGN_HOLD","29679","5","27.4658203125","-1","-1000","-3000000","100000","20764","20764","0","2903","1336","306"
"955","ALIGN_HOLD","29682","8","43.9453125","3","3000","4000000","100000","20765","20765","0","2903","1336","216"
"956","ALIGN_HOLD","29681","7","38.4521484375","-1","-1000","-4000000","100000","20766","20766","0","2903","1336","126"
"957","ALIGN_HOLD","29678","4","21.97265625","-3","-3000","-2000000","100000","20767","20767","0","2903","1336","36"
"958","ALIGN_HOLD","29679","5","27.4658203125","1","1000","4000000","100000","20768","20768","0","2903","1336","2101"
"959","ALIGN_HOLD","29679","5","27.4658203125","0","0","-1000000","100000","20769","20769","0","2903","1336","2011"
"960","ALIGN_HOLD","29676","2","10.986328125","-3","-3000","-3000000","100000","20770","20770","0","2903","1336","1921"
"961","ALIGN_HOLD","29679","5","27.4658203125","3","3000","6000000","100000","20771","20771","0","2903","1336","1831"
"962","ALIGN_HOLD","29681","7","38.4521484375","2","2000","-1000000","100000","20772","20772","0","2903","1336","1741"
"963","ALIGN_HOLD","29683","9","49.4384765625","2","2000","0","100000","20773","20773","0","2903","1336","1651"
"964","ALIGN_HOLD","29683","9","49.4384765625","0","0","-2000000","100000","20774","20774","0","2903","1336","1561"
"965","ALIGN_HOLD","29682","8","43.9453125","-1","-1000","-1000000","100000","20775","20775","0","2903","1336","1471"
"966","ALIGN_HOLD","29677","3","16.4794921875","-5","-5000","-4000000","100000","20776","20776","0","2903","1336","1381"
"967","ALIGN_HOLD","29679","5","27.4658203125","2","2000","7000000","100000","20777","20777","0","2903","1336","1291"
"968","ALIGN_HOLD","29678","4","21.97265625","-1","-1000","-3000000","100000","20778","20778","0","2903","1336","1201"
"969","ALIGN_HOLD","29682","8","43.9453125","4","4000","5000000","100000","20779","20779","0","2903","1336","1111"
"970","ALIGN_HOLD","29679","5","27.4658203125","-3","-3000","-7000000","100000","20780","20780","0","2903","1336","1021"
"971","ALIGN_HOLD","29684","10","54.931640625","5","5000","8000000","100000","20781","20781","0","2903","1336","931"
"972","ALIGN_HOLD","29680","6","32.958984375","-4","-4000","-9000000","100000","20782","20782","0","2903","1336","841"
"973","ALIGN_HOLD","29682","8","43.9453125","2","2000","6000000","100000","20783","20783","0","2903","1336","751"
"974","ALIGN_HOLD","29680","6","32.958984375","-2","-2000","-4000000","100000","20784","20784","0","2903","1336","661"
"975","ALIGN_HOLD","29679","5","27.4658203125","-1","-1000","1000000","100000","20785","20785","0","2903","1336","571"
"976","ALIGN_HOLD","29683","9","49.4384765625","4","4000","5000000","100000","20786","20786","0","2903","1336","481"
"977","ALIGN_HOLD","29680","6","32.958984375","-3","-3000","-7000000","100000","20787","20787","0","2903","1336","391"
"978","ALIGN_HOLD","29680","6","32.958984375","0","0","3000000","100000","20788","20788","0","2903","1336","301"
"979","ALIGN_HOLD","29680","6","32.958984375","0","0","0","100000","20789","20789","0","2903","1336","211"
"980","ALIGN_HOLD","29679","5","27.4658203125","-1","-1000","-1000000","100000","20790","20790","0","2903","1336","121"
"981","ALIGN_HOLD","29679","5","27.4658203125","0","0","1000000","100000","20791","20791","0","2903","1336","31"
"982","ALIGN_HOLD","29680","6","32.958984375","1","1000","1000000","100000","20792","20792","0","2903","1336","2096"
"983","ALIGN_HOLD","29678","4","21.97265625","-2","-2000","-3000000","100000","20793","20793","0","2903","1336","2006"
"984","ALIGN_HOLD","29681","7","38.4521484375","3","3000","5000000","100000","20794","20794","0","2903","1336","1916"
"985","ALIGN_HOLD","29681","7","38.4521484375","0","0","-3000000","100000","20795","20795","0","2903","1336","1826"
"986","ALIGN_HOLD","29679","5","27.4658203125","-2","-2000","-2000000","100000","20796","20796","0","2903","1336","1736"
"987","ALIGN_HOLD","29680","6","32.958984375","1","1000","3000000","100000","20797","20797","0","2903","1336","1646"
"988","ALIGN_HOLD","29679","5","27.4658203125","-1","-1000","-2000000","100000","20798","20798","0","2903","1336","1556"
"989","ALIGN_HOLD","29679","5","27.4658203125","0","0","1000000","100000","20799","20799","0","2903","1336","1466"
"990","ALIGN_HOLD","29678","4","21.97265625","-1","-1000","-1000000","100000","20800","20800","0","2903","1336","1376"
"991","ALIGN_HOLD","29678","4","21.97265625","0","0","1000000","100000","20801","20801","0","2903","1336","1286"
"992","ALIGN_HOLD","29682","8","43.9453125","4","4000","4000000","100000","20802","20802","0","2903","1336","1196"
"993","ALIGN_HOLD","29677","3","16.4794921875","-5","-5000","-9000000","100000","20803","20803","0","2903","1336","1106"
"994","ALIGN_HOLD","29682","8","43.9453125","5","5000","10000000","100000","20804","20804","0","2903","1336","1016"
"995","ALIGN_HOLD","29681","7","38.4521484375","-1","-1000","-6000000","100000","20805","20805","0","2903","1336","926"
"996","ALIGN_HOLD","29685","11","60.4248046875","4","4000","5000000","100000","20806","20806","0","2903","1336","836"
"997","ALIGN_HOLD","29681","7","38.4521484375","-4","-4000","-8000000","100000","20807","20807","0","2903","1336","746"
"998","ALIGN_HOLD","29681","7","38.4521484375","0","0","4000000","100000","20808","20808","0","2903","1336","656"
"999","ALIGN_HOLD","29678","4","21.97265625","-3","-3000","-3000000","100000","20809","20809","0","2903","1336","566"
"1000","ALIGN_HOLD","29679","5","27.4658203125","1","1000","4000000","100000","20810","20810","0","2903","1336","542"
