:020000040800F2
:1000000000000220418800081587000817870008B3
:10001000198700081B8700081D87000800000000E2
:1000200000000000000000000000000081DA00086D
:100030001F8700080000000011DB000809C100084C
:10004000918800089188000891880008918800082C
:10005000918800089188000891880008918800081C
:10006000918800089188000891880008918800080C
:1000700021870008918800082D87000891880008D2
:1000800039870008458700085187000891880008D3
:1000900091880008918800089188000891880008DC
:1000A00091880008918800089188000891880008CC
:1000B0005D870008918800089188000891880008F1
:1000C000918800086987000875870008E58700089F
:1000D0009188000891880008818700088D870008B2
:1000E000918800089188000891880008918800088C
:1000F000918800089987000891880008B587000852
:10010000918800089188000891880008918800086B
:10011000918800089188000891880008918800085B
:10012000C187000891880008CD870008D98700089A
:10013000918800080000000000000000918800087D
:10014000918800089188000891880008918800082B
:10015000918800089188000891880008918800081B
:10016000918800089188000891880008918800080B
:10017000918800089188000800000000000000003D
:08018000918800089188000835
:1001900010B5054C237833B9044B13B10448AFF3C1
:1001A00000800123237010BD6000002000000000CB
:1001B0007CFD000808B5034B1BB103490348AFF3AE
:1001C000008008BD00000000640000207CFD0008E5
:1001D000034613F8012B002AFBD1181A0138704787
:1001E00001F0FF01102A2BDB10F0070F08D010F8E8
:1001F000013B013A8B422DD010F0070F42B3F6D1EC
:10020000F0B441EA012141EA014122F007047FF004
:1002100000070023F0E80256083C85EA010586EA5B
:10022000010685FA47F5A3FA87F586FA47F6A5FA97
:1002300087F68EB9EED1F0BC01F0FF0102F00702A3
:1002400032B110F8013B013A83EA010313B1F8D14E
:100250000020704701387047002D06BF354603382F
:10026000073815F0010F07D1013015F4807F02BF68
:10027000013015F4C03F0130F0BC0138704700BFB9
:1002800081F0004102E000BF83F0004330B54FEA47
:1002900041044FEA430594EA050F08BF90EA020FB4
:1002A0001FBF54EA000C55EA020C7FEA645C7FEA47
:1002B000655C00F0E2804FEA5454D4EB5555B8BF6A
:1002C0006D420CDD2C4480EA020281EA030382EADB
:1002D000000083EA010180EA020281EA0303362D6D
:1002E00088BF30BD11F0004F4FEA01314FF4801C40
:1002F0004CEA113102D0404261EB410113F0004F52
:100300004FEA03334CEA133302D0524263EB430308
:1003100094EA050F00F0A780A4F10104D5F1200EA6
:100320000DDB02FA0EFC22FA05F2801841F1000101
:1003300003FA0EF2801843FA05F359410EE0A5F1D5
:1003400020050EF1200E012A03FA0EFC28BF4CF006
:10035000020C43FA05F3C01851EBE37101F00045BC
:1003600007D54FF0000EDCF1000C7EEB00006EEBC9
:100370000101B1F5801F1BD3B1F5001F0CD3490853
:100380005FEA30004FEA3C0C04F101044FEA4452AA
:1003900012F5800F80F09A80BCF1004F08BF5FEA31
:1003A000500C50F1000041EB045141EA050130BD11
:1003B0005FEA4C0C404141EB0101013C28BFB1F523
:1003C000801FE9D291F0000F04BF01460020B1FA6E
:1003D00081F308BF2033A3F10B03B3F120020CDA41
:1003E0000C3208DD02F1140CC2F10C0201FA0CF01F
:1003F00021FA02F10CE002F11402D8BFC2F1200C84
:1004000001FA02F120FA0CFCDCBF41EA0C01904039
:10041000E41AA2BF01EB0451294330BD6FEA040482
:100420001F3C1CDA0C340EDC04F11404C4F120026D
:1004300020FA04F001FA02F340EA030021FA04F37F
:1004400045EA030130BDC4F10C04C4F1200220FAD6
:1004500002F001FA04F340EA0300294630BD21FA14
:1004600004F0294630BD94F0000F83F4801306BFDA
:1004700081F480110134013D4EE77FEA645C18BFCE
:100480007FEA655C29D094EA050F08BF90EA020F65
:1004900005D054EA000C04BF1946104630BD91EA5D
:1004A000030F1EBF0021002030BD5FEA545C05D160
:1004B0004000494128BF41F0004130BD14F580049F
:1004C0003CBF01F5801130BD01F0004545F0FE4113
:1004D00041F470014FF0000030BD7FEA645C1ABF48
:1004E000194610467FEA655C1CBF0B46024650EA7F
:1004F000013406BF52EA033591EA030F41F40021AB
:1005000030BD00BF90F0000F04BF0021704730B530
:100510004FF4806404F132044FF000054FF0000105
:1005200050E700BF90F0000F04BF0021704730B5C6
:100530004FF4806404F1320410F0004548BF40429B
:100540004FF000013EE700BF42004FEAE2014FEAF0
:1005500031014FEA02701FBF12F07F4393F07F4FCB
:1005600081F06051704732F07F4208BF704793F0CE
:100570007F4F04BF41F40021704730B54FF46074E1
:1005800001F0004521F000411CE700BF50EA0102E4
:1005900008BF704730B54FF000050AE050EA01028D
:1005A00008BF704730B511F0004502D5404261EBFD
:1005B00041014FF4806404F132045FEA915C3FF43E
:1005C000D8AE4FF003025FEADC0C18BF03325FEADB
:1005D000DC0C18BF033202EBDC02C2F1200300FA8C
:1005E00003FC20FA02F001FA03FE40EA0E0021FAB1
:1005F00002F11444BDE600BF70B54FF0FF0C4CF49F
:10060000E06C1CEA11541DBF1CEA135594EA0C0F50
:1006100095EA0C0F00F0DEF82C4481EA030621EA8B
:100620004C5123EA4C5350EA013518BF52EA0335C6
:1006300041F4801143F4801338D0A0FB02CE4FF078
:100640000005E1FB02E506F00042E0FB03E54FF0A8
:100650000006E1FB03569CF0000F18BF4EF0010EA0
:10066000A4F1FF04B6F5007F64F5407404D25FEA9C
:100670004E0E6D4146EB060642EAC62141EA55514F
:100680004FEAC52040EA5E504FEACE2EB4F1FD0C91
:1006900088BFBCF5E06F1ED8BEF1004F08BF5FEA0F
:1006A000500E50F1000041EB045170BD06F00046C1
:1006B00046EA010140EA020081EA0301B4EB5C046E
:1006C000C2BFD4EB0C0541EA045170BD41F4801166
:1006D0004FF0000E013C00F3AB8014F1360FDEBF8B
:1006E000002001F0004170BDC4F10004203C35DA67
:1006F0000C341BDC04F11404C4F1200500FA05F3EA
:1007000020FA04F001FA05F240EA020001F000428A
:1007100021F0004110EBD37021FA04F642EB060100
:100720005EEA430E08BF20EAD37070BDC4F10C042A
:10073000C4F1200500FA04F320FA05F001FA04F2EE
:1007400040EA020001F0004110EBD37041F10001DA
:100750005EEA430E08BF20EAD37070BDC4F12005E5
:1007600000FA05F24EEA020E20FA04F301FA05F24D
:1007700043EA020321FA04F001F0004121FA04F2F5
:1007800020EA020000EBD3705EEA430E08BF20EAC5
:10079000D37070BD94F0000F0FD101F000464000FF
:1007A00041EB010111F4801F08BF013CF7D041EA81
:1007B000060195F0000F18BF704703F00046520085
:1007C00043EB030313F4801F08BF013DF7D043EA56
:1007D0000603704794EA0C0F0CEA135518BF95EA0C
:1007E0000C0F0CD050EA410618BF52EA4306D1D193
:1007F00081EA030101F000414FF0000070BD50EAB2
:10080000410606BF1046194652EA430619D094EA3B
:100810000C0F02D150EA013613D195EA0C0F05D125
:1008200052EA03361CBF104619460AD181EA030179
:1008300001F0004141F0FE4141F470014FF0000031
:1008400070BD41F0FE4141F4780170BD70B54FF0CC
:10085000FF0C4CF4E06C1CEA11541DBF1CEA13554C
:1008600094EA0C0F95EA0C0F00F0A7F8A4EB05042E
:1008700081EA030E52EA03354FEA013100F0888025
:100880004FEA03334FF0805545EA131343EA1263EE
:100890004FEA022245EA111545EA10654FEA0026A3
:1008A0000EF000419D4208BF964244F1FD0404F55C
:1008B000407402D25B084FEA3202B61A65EB0305B8
:1008C0005B084FEA32024FF480104FF4002CB6EB75
:1008D000020E75EB030E22BFB61A754640EA0C00F5
:1008E0005B084FEA3202B6EB020E75EB030E22BF35
:1008F000B61A754640EA5C005B084FEA3202B6EB76
:10090000020E75EB030E22BFB61A754640EA9C0034
:100910005B084FEA3202B6EB020E75EB030E22BF04
:10092000B61A754640EADC0055EA060E18D04FEAC2
:10093000051545EA16754FEA06164FEAC30343EA62
:1009400052734FEAC2025FEA1C1CC0D111F4801F2F
:100950000BD141EA00014FF000004FF0004CB6E728
:1009600011F4801F04BF01430020B4F1FD0C88BFC7
:10097000BCF5E06F3FF6AFAEB5EB030C04BFB6EBD2
:10098000020C5FEA500C50F1000041EB045170BDC5
:100990000EF0004E4EEA113114EB5C04C2BFD4EBF2
:1009A0000C0541EA045170BD41F480114FF0000E76
:1009B000013C90E645EA060E8DE60CEA135594EAF2
:1009C0000C0F08BF95EA0C0F3FF43BAF94EA0C0FF5
:1009D0000AD150EA01347FF434AF95EA0C0F7FF46A
:1009E00025AF104619462CE795EA0C0F06D152EABE
:1009F00003353FF4FDAE1046194622E750EA4106A2
:100A000018BF52EA43067FF4C5AE50EA41047FF4B2
:100A10000DAF52EA43057FF4EBAE12E74FF0FF3C17
:100A200006E000BF4FF0010C02E000BF4FF0010CE8
:100A30004DF804CD4FEA410C7FEA6C5C4FEA430C61
:100A400018BF7FEA6C5C1BD001B050EA410C0CBFB0
:100A500052EA430C91EA030F02BF90EA020F002012
:100A6000704710F1000F91EA030F58BF994208BF79
:100A700090422CBFD8176FEAE37040F00100704736
:100A80004FEA410C7FEA6C5C02D150EA013C07D18D
:100A90004FEA430C7FEA6C5CD6D152EA033CD3D0D8
:100AA0005DF8040B704700BF8446104662468C46D2
:100AB0001946634600E000BF01B5FFF7B7FF002805
:100AC00048BF10F1000F01BD4DF808EDFFF7F4FF2E
:100AD0000CBF012000205DF808FB00BF4DF808EDB9
:100AE000FFF7EAFF34BF012000205DF808FB00BFDC
:100AF0004DF808EDFFF7E0FF94BF012000205DF8FE
:100B000008FB00BF4DF808EDFFF7CEFF94BF0120B2
:100B100000205DF808FB00BF4DF808EDFFF7C4FFAB
:100B200034BF012000205DF808FB00BF4FEA410CF4
:100B30007FEA6C5C02D150EA013C0AD14FEA430CD7
:100B40007FEA6C5C02D152EA033C02D14FF0000014
:100B500070474FF0010070474A0011D212F50012A1
:100B600011D20DD56FF47873B3EB62520ED44FEA05
:100B7000C12343F0004343EA505323FA02F0704785
:100B80004FF00000704750EA013002D14FF0FF30C3
:100B900070474FF0000070474FEA4102B2F1E04366
:100BA00024BFB3F5001CDCF1FE5C0DD901F0004C54
:100BB0004FEAC0024CEA5070B2F1004F40EB8300A4
:100BC00008BF20F00100704711F0804F21D113F1D0
:100BD0003872BCBF01F00040704741F480114FEA09
:100BE0005252C2F11802C2F1200C10FA0CF320FA92
:100BF00002F018BF40F001004FEAC1234FEAD323AF
:100C000003FA0CFC40EA0C0023FA02F34FEA430318
:100C1000CCE77FEA625307D150EA01331EBF4FF0A1
:100C2000FE4040F44000704701F0004040F0FE40BC
:100C300040F40000704700BF80F0004002E000BFB9
:100C400081F0004142001FBF5FEA410392EA030FB7
:100C50007FEA226C7FEA236C6AD04FEA1262D2EB01
:100C60001363C1BFD218414048404140B8BF5B4206
:100C7000192B88BF704710F0004F40F4000020F09F
:100C80007F4018BF404211F0004F41F4000121F0B5
:100C90007F4118BF494292EA030F3FD0A2F10102FF
:100CA00041FA03FC10EB0C00C3F1200301FA03F13D
:100CB00000F0004302D5494260EB4000B0F5000F60
:100CC00013D3B0F1807F06D340084FEA310102F11F
:100CD0000102FE2A51D2B1F1004F40EBC25008BFD1
:100CE00020F0010040EA03007047490040EB00009B
:100CF000013A28BFB0F5000FEDD2B0FA80FCACF19C
:100D0000080CB2EB0C0200FA0CF0AABF00EBC250C8
:100D100052421843BCBFD0401843704792F0000FB6
:100D200081F4000106BF80F400000132013BB5E709
:100D30004FEA41037FEA226C18BF7FEA236C21D07F
:100D400092EA030F04D092F0000F08BF08467047E4
:100D500090EA010F1CBF0020704712F07F4F04D1B2
:100D6000400028BF40F00040704712F100723CBFC5
:100D700000F50000704700F0004343F0FE4040F4EF
:100D8000000070477FEA226216BF08467FEA2363AD
:100D90000146420206BF5FEA412390EA010F40F498
:100DA000800070474FF0000304E000BF10F00043E4
:100DB00048BF40425FEA000C08BF704743F09643CB
:100DC00001464FF000001CE050EA010208BF7047E6
:100DD0004FF000030AE000BF50EA010208BF70476D
:100DE00011F0004302D5404261EB41015FEA010C82
:100DF00002BF84460146002043F0B64308BFA3F17A
:100E00008053A3F50003BCFA8CF2083AA3EBC2535B
:100E100010DB01FA02FC634400FA02FCC2F120027A
:100E2000BCF1004F20FA02F243EB020008BF20F0B1
:100E30000100704702F1200201FA02FCC2F1200217
:100E400050EA4C0021FA02F243EB020008BF20EA0C
:100E5000DC7070477BB972B90029BEBF00204FF02B
:100E6000004106E008BF00281CBF6FF000414FF0B2
:100E7000FF3000F0D3B9ADF1080C6DE904CE0029C4
:100E800009DB002B1ADB00F04DF8DDF804E0DDE9AA
:100E9000022304B07047404261EB4101002B1BDB91
:100EA00000F040F8DDF804E0DDE9022304B0404240
:100EB00061EB4101524263EB43037047524263EBE3
:100EC000430300F02FF8DDF804E0DDE9022304B06D
:100ED000404261EB41017047524263EB430300F033
:100EE00021F8DDF804E0DDE9022304B0524263EBAF
:100EF0004303704753B94AB9002908BF00281CBFF3
:100F00004FF0FF314FF0FF3000F088B9ADF1080C21
:100F10006DE904CE00F006F8DDF804E0DDE9022317
:100F200004B070472DE9F047089D0F4604468C46F3
:100F3000002B48D18A42164661D9B2FA82F34BB1EE
:100F4000C3F1200201FA03FC20FA02F29E4042EAB9
:100F50000C0C9C404FEA164EB7B2BCFBFEF1220CC3
:100F60000EFB11CC42EA0C4201FB07F0904209D97A
:100F7000B21801F1FF3C80F0EE80904240F2EB802D
:100F800002393244121AA4B2B2FBFEF00EFB102258
:100F900044EA024400FB07F7A74209D9341900F1DB
:100FA000FF3280F0DA80A74240F2D7803444023822
:100FB00040EA0140E41B00211DB1DC400023C5E9EB
:100FC0000043BDE8F0878B4206D90DB1C5E90001A9
:100FD00000210846BDE8F087B3FA83F1002948D123
:100FE000BB4202D3824200F20781841A67EB0302FC
:100FF00001209446002DE4D0C5E9004CE1E7002A29
:1010000000F09280B2FA82F3002B40F0A8808A1A96
:101010004FEA164E1FFA86FC0121200CB2FBFEF7A8
:101020000EFB172240EA02420CFB07F0904207D960
:10103000B21807F1FF3802D2904200F2E280474630
:10104000121AA4B2B2FBFEF00EFB102244EA0244D4
:101050000CFB00FCA44507D9341900F1FF3202D281
:10106000A44500F2CB801046A4EB0C0440EA0740F4
:10107000A2E7C1F120068B4022FA06FC4CEA030CE1
:1010800007FA01F420FA06F3F7404FEA1C4923431C
:1010900000FA01F81FFA8CFEB7FBF9F01C0C09FBF3
:1010A000107744EA074400FB0EF7A74202FA01F268
:1010B0000AD91CEB040400F1FF3A80F09B80A742A0
:1010C00040F2988002386444E41B9FB2B4FBF9F309
:1010D00009FB134447EA044403FB0EFEA64509D965
:1010E0001CEB040403F1FF3780F08280A6457FD912
:1010F000023B644443EA0040A4EB0E04A0FB02E779
:10110000BC427346B94663D360D05DB1B8EB03020D
:1011100064EB090404FA06F622FA01F31E43CC40FC
:10112000C5E9006400214CE76208480842EAC17141
:101130000B0C43EA00438AB242EA0342B3FBF6F1E6
:10114000E407B4463746B6461F23B0FBF6F0D21B81
:1011500041EA004161E7614614E7104628E7C3F120
:10116000200120FA01F29E4027FA01F19F403A4304
:101170004FEA164E1FFA86FCB1FBFEF70EFB171066
:10118000110C41EA004107FB0CF8884504FA03F40E
:101190003AD9711807F1FF3001D288451FD8A1EB69
:1011A0000801B1FBFEF808FB0CF70EFB181192B218
:1011B00042EA0142BA422FD2B21808F1FF31C6D238
:1011C000BA42C4D2A8F102013244C0E7F0459CD231
:1011D000BEEB020367EB0C070138B94695E7A6EBB7
:1011E00008084144B81EB1FBFEF808FB0CF7DCE729
:1011F0003B467FE7504667E70846FBE63444023843
:1012000032E7023F32441BE7A1EB08013846B1FB4D
:10121000FEF808FB0CF7C8E7414698E7704700BFA7
:1012200006F0A0BC06F0F2BC06F00EBD0048704708
:1012300050FE0008004870475CFE000800487047F8
:1012400079FE00080B480C4B0C4A10F8011B11B139
:101250004B405343F9E783F0FF03094907485343E1
:1012600011F8012B12B153404343F9E783F0FF0318
:101270005843704750FE0008C59D1C819301000132
:101280005CFE000808B5054800224FF4006108F034
:1012900007F8BDE8084001F09FBE00BF0000024013
:1012A00008B5054800224FF4006107F0F9FFBDE8DA
:1012B000084001F091BE00BF000002400248012238
:1012C000402107F0EDBF00BF0004024002480022A9
:1012D000402107F0E5BF00BF0004024037B50023FE
:1012E00004460D46ADF80430FFF7F0FFD2238DF829
:1012F000003012488DF801400A230222694609F0A5
:10130000BDFA0446FFF7DAFF34B1032C0CBF022408
:101310000324204603B030BDFFF7D8FF07480A2357
:10132000022201A909F047FC0446FFF7C7FF002C81
:10133000EBD19DF805302B70EBE700BF580600207D
:10134000084B834210B50BD1074C2378012B07D1F2
:10135000064B5A68064B1A60FFF7B0FF0223237052
:1013600010BD00BF5806002080000020001000E0E3
:101370007C000020084B834210B50BD1074C23782A
:10138000012B07D1064B5A68064B1A60FFF796FFF0
:101390000323237010BD00BF5806002080000020EA
:1013A000001000E07C0000200048704790FE00081C
:1013B00007EE900A9FED057A9FED050AF8EE677A31
:1013C00067EE877A27EE800A704700BF0000B443BB
:1013D0000000803713B5044610B9002002B010BDDC
:1013E0000DF107011A20FFF779FF0028F5D19DF8CC
:1013F0000730DA092270C3F380026270C3F340023F
:1014000003F00103A270E3700120E7E72DE9F04744
:1014100007460C4619B100230B604B608B60002F10
:101420006DD0384B5968384B1A68536A1CB1238108
:1014300001232160A372354E317801F0FF0319B109
:1014400003252846BDE8F0873149DFF8C880DFF87A
:10145000D4900B70C9F800304B7088F8003088F8D1
:101460000130012333703CB1264B5B682360536A23
:10147000238140F201136381FFF728FF254A2449A5
:101480002548022309F034FC054638B1FFF716FF62
:101490000023032D3370D3D10225D2E7DFF864A0F7
:1014A0001E4B1F4A1B68DAF80410B3FBF2F342F23A
:1014B000107253433278012A0ED03378DBB214B164
:1014C000D9F8002062600022022B3270B8D1B8F83F
:1014D00000305BBA3B80B4E7DAF80420521A93423A
:1014E000E8D804230C48337009F086FCFFF7E6FEC9
:1014F00014B1DAF80430636000233370CCE70125BF
:101500009FE700BF001000E0500500208000002091
:1015100083000020810000205806002000000020E9
:1015200040420F007C00002009B1FFF7D7BE012028
:10153000704700001FB5D723ADF808300023ADF881
:101540000C30FFF7C3FE0A23009303AA022302A96B
:10155000054809F040FA0446FFF7B0FEB4FA84F0FB
:10156000400904B010BD00BF5806002013B5002389
:10157000044601A80193FFF72DFF30B914B90020EC
:1015800002B010BD01982060F9E79DF805302BB935
:101590009DF8063013B99DF8073033B1FFF7CAFF45
:1015A00001A8FFF717FF0028E8D00CB101982060D0
:1015B0009DF8043063B99DF8050058B99DF80630D0
:1015C0001BB99DF8070080F0010000F00100D7E78B
:1015D0000020FAE71846F8E730B548B100230024A8
:1015E0000025C0E90245C0E90433037043808361EC
:1015F00030BD70B5049D002838D0002D36D0002BAA
:1016000034DB047864B901230370436941800133FA
:10161000C0E902140261436129606C60002070BD62
:1016200044880C1BB4F5004F0CDDA4F5803484EA2B
:10163000E476A6EBE476B3420ADA83690133836188
:101640000420ECE714F5004FB8BF04F58034EEE752
:10165000D0E90236026142694180E31846EBE47446
:101660000132C0E9023442612B60D6E70120D6E79F
:101670002DE9F7430446002800F08680342200213B
:101680000CF0CEFC002001A98DF804008DF80500B7
:101690008DF80600FFF722FE04F10806002843D06B
:1016A00000259DF805209DF8043043EA022363805D
:1016B0004FF000089DF80630A371A4F82A80B146C7
:1016C00020270DF1070138468DF80780FFF706FE49
:1016D00010B18DF8078000259DF8073009F8013F0B
:1016E00013B1638D013363850137FFB2402FE8D119
:1016F000264904F128074FF0FF3316F8012F082080
:10170000534043F300020A40013882EA5303F8D100
:10171000B742F2D1DB43E36225706DBB84F83050F1
:10172000052003B0BDE8F0830DF105010120FFF7AE
:10173000D5FD0028B4D1211D0920FFF7F5FE0028B2
:10174000AED1611D0D20FFF7EFFE0028A8D10DF1ED
:1017500006011A20FFF7C2FD0028A1D1E11D1C20BF
:10176000FFF7E2FE00289BD131461F20FFF7DCFE89
:10177000B0FA80F56D0994E7638D002B14BF022346
:10178000012384F83030CCE70120CAE72083B8ED8C
:10179000024678B103786BB190F8301051B183797B
:1017A00013F0870008D1012908D1538D002B18BFF1
:1017B00003207047012070470220704703207047C4
:1017C00038B505460C46FFF7E3FFE8B9ECB16A8887
:1017D00023889A421BD12A79A3789A4219D16A792F
:1017E000E3789A4217D1AA7923799A4215D1EA79F6
:1017F00063799A4213D12A7AA3799A4211D1EA6A7B
:10180000A3689A4218BF0B2038BD0420FCE70520CE
:10181000FAE70620F8E70720F6E70820F4E70920B2
:10182000F2E70A20F0E700000B289ABF024B53F8BA
:1018300020000248704700BFC4330108ACFE000816
:101840002DE9F04F95B00021342207A80CF0E8FBF9
:10185000012605233E4A8DF8213007A812928DF803
:101860001C608DF84C60FFF793FF3A4A044607CAA4
:1018700004AD85E80700294607A8FFF7A1FF00216E
:10188000039007A8FFF79CFF2946834607A8ADF8F9
:101890001E60FFF795FF00272946824607A8ADF88E
:1018A0001E708DF82060FFF78BFF4FF48061ADF85C
:1018B00020108146294607A8FFF782FF05238DF8EF
:1018C000213029460823804607A88DF82230FFF7EB
:1018D00077FF4FF480710290ADF8221007A82946D7
:1018E000FFF76EFF2946019007A88DF823708DF849
:1018F0002460FFF765FF039A8DF8247001461648AF
:10190000129044EA020010F0FF001ED1BBF1040F58
:10191000029B17D1BAF1050F14D1B9F1060F11D1FD
:10192000B8F1070F0ED1082B0CD1019B092B09D15F
:101930000A2907D1294607A8FFF742FFA0F10B03A8
:101940005842584115B0BDE8F08F3846FAE700BF5D
:10195000AD550A1998FD0008AC550A19074AD2F886
:10196000FC3043F08073C2F8FC30054B00225A6013
:101970001A6842F001021A60704700BF00ED00E0F3
:10198000001000E008B5FFF799FCBDE80840FFF73C
:10199000E5BF0000034B044A1B68B3FBF2F3584356
:1019A000704700BF0000002040420F0070B50446A1
:1019B000049868B1002B0CDA561E63F10045A6426C
:1019C0008D410FDBA41A61EB0301C0E90041012046
:1019D00070BD52EA0305F5D003F10045944271EB66
:1019E0000505EEE70020F3E72DE9F0410546012467
:1019F0008C4201D3BDE8F08155F8087F6E682B4614
:101A0000224653E902EC774576EB0C0805DA013AF9
:101A1000C3E900ECA3F10803F3D100EBC20340F8E3
:101A2000327001345E60E3E7014B5868704700BFD5
:101A3000001000E0034A53685B1A002B00DB70477C
:101A400000BFF8E7001000E0806E7047D0F88C30DF
:101A5000072B9FBF5A1C00EB8303C0F88C20D9666C
:101A6000836E5B1A002BB8BF8166704770B5D0B12A
:101A7000C9B1C2B1D0E91843A34214D25C1C446678
:101A800000EB83050024146094605460AC6914601A
:101A9000C41830F8133094F8586096720B80AB6B12
:101AA0008366207C70BD0120FCE738B504460D46F6
:101AB000902200210CF0B4FA25662A4604F1580061
:101AC0000121BDE838400CF0ABBA08461146FFF7DB
:101AD0009DBC10B5044640B1382200210CF0A0FA9C
:101AE0002046BDE81040FFF777BD10BD2DE9F04757
:101AF00089468AB090461C460546002866D0002BD1
:101B000064D0002A62D0002960DB20220021184620
:101B100001260CF085FA4FF0000A267707AF2B6AF2
:101B2000ADF80EA00133012E2B62C7E900AAC7F859
:101B300008A0667706D9AB6A0133AB62A37F43F096
:101B40000103A37739460DF10E00FFF75FFC8446D1
:101B500097E8070004F1100383E80700604690B19E
:101B6000EB6A0133EB62A37F43F002030136F6B266
:101B7000B045A3772077D2D243F00803A3776B6BED
:101B800001336B631FE000220023CDE9042304AB83
:101B90000093079ABDF80E104B462846FFF729FD23
:101BA00030B12B6B01332B63A37F43F00403DDE7DC
:101BB000BDF80E302380DDE904232077C4E9022339
:101BC0006B6A01336B620AB0BDE8F0870120FAE767
:101BD00008B5FFF701F99FED057A9FED050A07EEBD
:101BE000900A67EE877A27EE800A08BD0000B443AA
:101BF000000080372DE9F843089F84460020B7B3E2
:101C0000012A73F100051DDBB1F1004F08BF8445C7
:101C100018D0540844EAC374D4F1FF386FF000457B
:101C200081424FEA630EA5EB63050DDBE0458D4174
:101C300008DB1CEB04004EEB0101FFF70BF9C7E9D1
:101C400000010120BDE8F883DCF1000961EB4106E9
:101C5000C845B541F6DBB4EB0C006EEB0101FFF7B4
:101C6000F9F8404261EB4101C7E90001E9E7384674
:101C7000E8E7F7B50346084661B192B3490803EBBC
:101C8000C10510F0010053F83130696804D0C2E991
:101C90000031012003B0F0BD012B55E9024671F17E
:101CA000000512DBDD43A5426FF00045A5EB010501
:101CB000B541EFDBE01800924FF000034FF0020255
:101CC00046EB0101FFF796FFE4E753EA0105F1D087
:101CD0005F424FF0004565EB0105BC4276EB050520
:101CE000E7E71046D6E72DE9FF419446DDE90A27EC
:101CF0000C9E044688461AB9002004B0BDE8F08165
:101D0000002FF9D0002EF7D000200021CDE90201EC
:101D10004FF0FF3003F500454FF6FF71604571EB62
:101D20000505E9D308F50045A042A941E4D319040B
:101D300002AB00934FEA0C40002341EA1C41FFF73D
:101D400059FF0028D8D0DDE90232012B4FEA0841C3
:101D500072F1000541EA14414FEA04440FDBDD4310
:101D6000A5426FF00045A5EB02058D41C4DBC7E934
:101D700000321B1942EB0102C6E90032BDE753EA0B
:101D80000205F4D0D3F1000C4FF0004565EB0205DD
:101D9000644571EB0505E9E72DE9F04385B0DDE920
:101DA0000C540E9EDEB104F500474FF000084FF0D2
:101DB0000009B7F5803FCDE9028910D202AF009744
:101DC000FFF7F4FD58B1DDE9020123042A0443EAD8
:101DD00015430C9605B0BDE8F043FFF7E7BD0020C2
:101DE00005B0BDE8F08300002DE9F04F2DED028B2A
:101DF00099B0DDE9245808932A9C289B0D93299BD0
:101E00000C900592099334B19022002120460CF0E9
:101E100007F90123E3700C9B002B00F06082002D7A
:101E200000F05D82B8F1000F00F05982002C00F044
:101E30005682D8F80030002B00F05182D8F80430D8
:101E4000002B00F04C82AB68002B00F04882EA685F
:101E5000934200F244826A69002A40F34082AA69F0
:101E6000002AC0F23C822878012800F2388206D18C
:101E70006A68002A44DDD8F80820002A40D0269A53
:101E800052B1279A934200F22A82402B00F2278215
:101E9000099A002AC0F223824FF0FF306FF0004110
:101EA000C4E9060100204FF00041059AA260C4E990
:101EB00008019FED9B8B0027089AE2602365A770BD
:101EC0003E46BA46D4F85490994511D304F13003F4
:101ED000029304F12803CDE9009305980899D4E909
:101EE0000423FFF700FF002840F01E81207009E165
:101EF000A26DEB689A4208D3002323700720E0709C
:101F000019B0BDEC028BBDE8F08F2B78012B2FD1DF
:101F100094F801B0BBF1000F2ED0A36F6A69F31AD9
:101F2000934203D9002323700820E8E7D8F808304B
:101F3000D8F80C0031469847B146D8F80030D8F8A8
:101F40000C00ADF838A014AA0EA9CDE914AACDF85A
:101F500058A09847A26D511C9DF85A20A1650346D0
:101F600062B9636E84F800A0013363660620C6E799
:101F70004FF00009CB46E0E7D946DEE7149AE26766
:101F8000012945D1A2672978012902D16E686170C3
:101F90001644D8F80420D8F80C0006939047A26F96
:101FA0006969821A8A428346C4F88020BAD8069B9F
:101FB0008DED108B002B40D09A1ED2B2012A02D890
:101FC000E26D0132E2652371A36E0137BB422B69DA
:101FD00038BFA766BB428FD3D4F85490AB689945FD
:101FE000BFF474AF2A78012A7FF46CAFBBEB060B09
:101FF0003FF568AFE26E6968BBFBF1FB0BF1010BCB
:1020000012EB0B02BFF478AFE2660BFB016659E7F7
:10201000BBF1000FBDD0A2EB0901002908DAA9EB42
:102020000201626F8A4238BF61676E684E44B0E752
:10203000FBD0226F01322267F3E710AB0093AB694C
:10204000149ABDF838100C98FFF7D3FA0428034609
:1020500003D1226E01322266B5E70028B3D1DDE953
:102060001023CDE9062312AB0093DDE90601059AA2
:10207000089B8DED128BFFF799FC002840D0DDE91D
:102080001232012B72F10007D4E904102BDBDF437D
:102090008F426FF00047A7EB0207874130DBC9187A
:1020A00040EB0200C4E904102699676D61BBD4E9D6
:1020B0000601834272EB0101D4E90801B8BFC4E90B
:1020C000063298429141B8BFC4E908321FB9DDE930
:1020D0000623C4E91023DDE9062301376765C4E957
:1020E0001223002778E753EA0207D8D0D3F1000C77
:1020F0004FF0004767EB0207614570EB0707CDE73C
:10210000002323700920FAE62799B942CFD92699EE
:10211000269801EBC70140F837304A60C7E700BF97
:102120000000000000000000269B002B00F0B9809A
:1021300009F1FF333F2BC4F8849000F2B280269857
:102140004946FFF751FC4FF0000A4FF0000B0EAA72
:10215000CDE90EABFFF78DFD002800F0A280269D93
:10216000634E05EBC9030C932F460DF15008DDE9D2
:102170000E23CDF80080F7E80201CDE90A23CDE96E
:1021800014ABFFF713FC002800F08F80DDE9143258
:10219000002A02DA5B4262EB4202C6E900320C9B83
:1021A000BB4206F10806E2D151484946FFF71CFC44
:1021B0000026002710AACDE91067FFF75AFD002876
:1021C0006FD0DDE910014B4B83424B4B8B41CDE986
:1021D000126766D340F2072612ABA0FB06070093F6
:1021E0006422002306FB0171FFF704FD002858D08C
:1021F000DDE912AB0D9B9A45099B9FED3B7B7BEB89
:1022000003034FF00007BCBFDDF834A0DDF824B0B5
:102210000697B846B946D5E9006114AB009330463D
:10222000DDE90A2309918DED147BFFF7BFFB08352B
:10223000099900283ED0DDE91432002A02DA5B4217
:1022400062EB42029A457BEB020244DB012E71F104
:10225000000334DBF343BB426FF00043A3EB010305
:1022600073EB08031DDBF619374641EB080809F14B
:1022700001090C9BAB42CED1069BC4E92239B9F1CE
:10228000000F0ED004F13803029314ABCDE9009394
:10229000059808993A464346FFF725FD08B1012302
:1022A000A37001232370002029E64FF0FF336FF065
:1022B000004272E74FF0FF336FF00042C2E756EA88
:1022C0000103D0D072424FF0004363EB0103974209
:1022D00078EB0303C6E7069B01330693C9E70120A9
:1022E0000EE600BFAFF30080000000000000000019
:1022F000880000205E77026D05233F00F0B51F4681
:102300000D4B054616460FCB8DB008AC84E80F0088
:10231000189B0693DDE91623CDE90423149B039350
:10232000139BCDE90143129B009332463B4628465E
:10233000FFF75AFD0DB0F0BDA4FD00082DE9F04FE8
:102340000022ADF5297D0023CDE91423CDE9162324
:1023500016AC022314AD00930294019501220023D0
:1023600064200021FFF7BFFC78B12B68159AA3F514
:10237000004313432ED12368179AA3F5C9031343CF
:102380000CBF012300230A9300E00A90022300936C
:10239000CDE901544FF0FF324FF0FF336FF063008F
:1023A0004FF0FF31FFF79FFCB0B12A68159BB3F1E6
:1023B000FF3F08BF12F5004F40F0A383179B226830
:1023C000B3F1FF3F08BF12F5C90F0CBF0123002373
:1023D0000B9302E00023D6E70B9001220023CDE906
:1023E000182300220023CDE9002318AC4FF4C802C3
:1023F0000023029410461946FFF7CEFC002840F057
:10240000828300230D93CB4BCB4E0FCB1DAD0DF52F
:10241000047885E80F0002214046FFF746FBC74BD2
:1024200084934FF47A714FF48263CDE98A1340F2BA
:10243000ED3040F2154321AFCDE9920340F2E33392
:1024400028A89E93C5F80C80FFF7C6F801233B70BF
:1024500028240223C7E90143C7E903331423C7E94A
:1024600005630022002360AE0024CDE90423CDE9FA
:102470000244CDE9007506966422002328A8FFF7E0
:10248000B3FC90BB347884B3B36D022B40F0588317
:10249000736D022B40F05483F46E002C40F0508397
:1024A000D6E91032643B13431FD1D6E91232653BA3
:1024B00013431AD1D6E90632134316D1D6E90832AE
:1024C000013B134311D1D6E90C32A3F5C9031343E1
:1024D00040F03683A79B012B40F032839F9CA4F5EC
:1024E000826BDBF1000444EB0B0404214046FFF750
:1024F000DCFA934B8493A3F1041385934FF47A7C15
:102500004FF48263CDE98AC34FF4876E4FF48C6336
:10251000CDE98CE340F2ED3940F21543CDE99293D9
:1025200040F23D4A40F26543CDE994A328A840F229
:10253000E3339E93FFF750F80423C7E902333B616E
:10254000002200234FF00009CDE90423CDE90299D0
:10255000CDE9007506966422002328A8FFF744FC05
:10256000002840F0EF82D6E90623B3F1FF3F08BF11
:1025700012F1040F40F0E982D6E90832043B13431C
:1025800040F0E382D6E91013D6E912029A4208BF5E
:1025900088420CBF01234B46089304214046FFF7B5
:1025A00084FA664B849303F1021385934FF47A7B8C
:1025B0004FF482634FF48762CDE98AB34FF48C63A2
:1025C000CDE98C2340F2ED3140F21543CDE9921371
:1025D00040F23D4040F26543CDE9940340F2E333DD
:1025E00028A89E934FF00009FEF7F6FF0022002373
:1025F000CDE90423CDE90299CDE900750696642260
:10260000002328A8FFF7F0FB002840F0A082D6E9BD
:102610000632134340F09E82D6E90832033B13434F
:1026200040F09882D6E91232D6E910105B1AA3F175
:10263000030362EB000213430CBF01234B460993D3
:1026400003214046FFF731FA6423ADF812326623C6
:102650004FF47A7CADF814324FF48263CDE98AC32B
:102660004FF487638C9340F2ED3940F21543CDE986
:10267000929340F23D430226949328A840F2E3331C
:102680008DF820629E9360AFFEF7A6FF4FF0000921
:1026900021AB032200200021CDE92422CDE9040151
:1026A000CDE90035CDE9029906976422002328A8D8
:1026B0002396FFF799FB0646002840F04D829DF8CF
:1026C0008131002B00F04A82769B032B15D1759B3C
:1026D000022B12D1779B012B0FD19DF88431022B55
:1026E0000BD1A79B022B08D19F9BB3F5826F04D11E
:1026F000A09EA6F587677E427E4103214046FFF7F4
:10270000D4F90E4B84936623ADF814324FF47A7BE0
:1027100040F26543CDE98AB34FF4916340F2ED3165
:102720008C9340F26A43CDE9921340F28D43949327
:1027300028A807E0B4FD0008A08601006400650039
:102740006400680040F2E3339E930DF5C079FEF714
:1027500043FF4FF0000A21AB032200200021CDE906
:102760000401CDE900352392CDE902AACDF81890F5
:102770006422002328A8FFF737FB0746002840F013
:10278000EF817B9B022B13D17C9B012B10D17D9B76
:10279000552B0DD1A79B022B0AD19F9BB3F5826FBE
:1027A00006D1A09FA7F5916ADAF1000747EB0A0767
:1027B00002214046FFF779F9BA4B84936FF00F0E70
:1027C0001023CDE98AE36FF00A081523CDE992833F
:1027D00028A86FF01F039E934FF02009FEF7FCFE20
:1027E0000222CDE9229221AB00200DF5C078002114
:1027F0004FF00009CDE92422CDE90401CDE90035EF
:10280000CDE90299CDF818804FF6FE72002328A872
:10281000FFF7EAFAB8B9809B252B40F0A3817B999A
:10282000002940F09F81DDE97032A3F57F43FE3B34
:10283000134340F09981DDE97232A3F10113134390
:1028400008BF4FF00109082184A8FFF72EF9964B25
:102850008493013B8593954B86930DF5097803F599
:102860008013879342464FF47A7342F8043F591D10
:102870002833B3F5A56F1162F7D140F2E33328A8EE
:102880009E932825FEF7A8FE0822CDE92252CDE925
:102890002422039230AA21AB0020002102920DF5E0
:1028A000C07A1DAACDE90032CDE90401CDF818A007
:1028B0006422002328A8FFF797FA0546002840F075
:1028C00055819DF88231002B00F05281819B082BAD
:1028D00015D1829B012B12D1839B072B0FD1DDE9F0
:1028E0006E32A3F5C803134309D1DDE96C32A3F5B9
:1028F000CB03A3F5C04313430CBF012500250821DA
:1029000084A8FFF7D2F84FF06413CDE9843386939F
:1029100003F58033879342464FF47A7342F8043FBD
:10292000591D2833B3F5A56F1162F7D140F2E33397
:1029300028A89E93FEF750FE00220023CDE9042331
:102940000823039340AB02931DAB0DF5C07A0193AE
:1029500021AB0093CDF818A06422002328A8FFF72C
:1029600043FA002840F006819DF882313BB1829BFA
:10297000012B40F00181839BD81F434243410C93BC
:10298000082184A8FFF791F84FF06413CDE9843350
:10299000869303F5803387934FF47A7348F8043FA6
:1029A0005A1D2833B3F5A56FC8F82020F6D10DF1D4
:1029B000A00840F2E33340469E93FEF70DFE092245
:1029C0000023CDE904230823039350AB02931DABEE
:1029D0000DF5C07B019321AB0093CDF818B06422B4
:1029E00000234046FFF700FA002840F0C7809DF81A
:1029F0008231002B00F0C280829B002B40F0C1800E
:102A0000839BA3F10801D1F1000A4AEB010A404679
:102A1000FEF7E2FD00220023CDE91A230DF1680B39
:102A20000A231A466421CDF800B04046FEF7E1FDC6
:102A3000B8F802300F93D8F808301293D8F80C3059
:102A40001393D8F810301093D8F814300E901193D7
:102A5000CDF800B00A231422C8214046FEF7C9FD74
:102A6000042840F09080B8F802300F9A934240F06A
:102A70008A80D8E90223DDE91210834208BF8A4226
:102A800040F08180D8F81030109A93427BD1D8F86A
:102A90001430119A934276D1D8F818305A1E534206
:102AA000534105E0FEFF010064006500640063001F
:102AB0000A9A002A69D00B9A002A68D00D9A002A37
:102AC00067D0002C67D0089A002A66D0099A002A9D
:102AD00065D0002E65D0002F65D0B9F1000F64D00D
:102AE0004DB10C9A12EA0A0505D00E9A002A14BFBD
:102AF000002503F0010505F001000DF5297DBDE875
:102B0000F08F002364E42368199A13437FF479ACAF
:102B10004FF480320023CDE9002302944FF4C80221
:102B200000234FF4C8000121FFF736F900283FF4D5
:102B300068AC2368199A13430CBF0123002361E496
:102B40000024D2E4CDF8209027E5089025E5CDF8C3
:102B5000249075E5099073E54E46CEE51E46CCE51A
:102B6000574625E681466EE689466CE60025C6E6B0
:102B70001D46C4E6002302E70C9001E74FF0000A6F
:102B800045E7824643E7002392E70A9DB3E70B9DA2
:102B9000B1E70D9DAFE72546ADE7089DABE7099D81
:102BA000A9E73546A7E73D46A5E74D46A3E700BFA1
:102BB0002DE9F04F2DED048BADF5217D1AA8FEF720
:102BC00088FFFEF7F1FB354A0346602128A80BF089
:102BD000B5F95F28A8BF5F2082B228A93223304808
:102BE00009F092F8FEF722FB0446FEF723FB0546A8
:102BF000FEF724FB0646FEF725FB2A4B0746D3F8D3
:102C00000080FEF7D1FB284A0095CDE903802346DA
:102C10004FF48071CDE9016760A80BF08FF9FF28B0
:102C2000A8BFFF2082B232231D4860A909F06CF8CA
:102C30001E481F4C012106F02DFB00280CBF01256A
:102C4000002503D123780BB9FEF7ECFA194825705B
:102C50004FF4804106F029FBFEF7E6FA18B1C820D0
:102C600009F0D9FAE4E712AC234603224FF40041FD
:102C70001AA8FEF73BFF074610B3A37F0193637FBB
:102C800000930D4A0346602140A80BF057F9322308
:102C900082B240A9024809F037F8E0E7A4FF000833
:102CA0003804002000000020BFFF000800000240A0
:102CB000B302002000080240410001080000C842A1
:102CC00026885FED028A3046FEF772FBB6EE008A78
:102CD000F0EE487AE0EE287A11AD28461197FCEE26
:102CE000E77A17EE904AFEF775FB9DF844309DF8A1
:102CF00045209DF846109DF8475018B113B90AB900
:102D000001B9BDB1CDE903326422B4FBF2F302FB99
:102D10001344CDE90515CDE900349B4A02903346B2
:102D2000802140A80BF00AF9322382B240A99748CB
:102D300008F0EAFFDFF87CB295499BF80040954A1D
:102D4000DFF87482DFF87492934DDFF874A2002CE0
:102D500040F0F4809FED8A7B01238BF800308F4B8D
:102D60000E8083ED007B8AED007B8D4B1460C8F8EC
:102D70000040C9F800402C601C60D8F80030A34225
:102D8000B8BFC8F800402046FDF7CCFBDAE90023C5
:102D900006460F46FDF77AFACAE90001DFF8FCA102
:102DA000CDE90E0132463B4630463946FDF724FC5C
:102DB000DAE90023FDF76AFA06460F46CAE900671A
:102DC000DFF8DCA1DAF8000001301828CAF80000AA
:102DD0007FF645AFFDF796FB02460B46CDE90C01A9
:102DE000DDE90E01FDF732FDDDE90C23CDE90E0131
:102DF00030463946FDF72AFDDDE90E2306460F462B
:102E000010461946FDF7F8FB02460B463046394698
:102E1000FDF73AFA02460B4643EC192B0022002339
:102E2000FDF77AFE002800F0A280B0EE490AF0EE2D
:102E3000690A0BF0E1FD57EC106BD9F80030D8F8B7
:102E40000000C01A2B6840F2DA22934200F392800D
:102E500004F6396841F6724398458CBF4FF000087C
:102E60004FF0010880B2FEF7A3FAB0EE489A4D4B3E
:102E7000002230463946A0EE289AFDF707FAFDF702
:102E80006BFE80B2FEF794FAF0EE487AE0EE287A14
:102E90002888BCEEC99AFCEEE77A17EE907AFEF726
:102EA00087FAF0EE487AE0EE287A002CA0B2B8BF9C
:102EB0004042FCEEE77AB8BF80B217EE909AFEF778
:102EC00077FAA0EE288A64233748B7FBF3F6FCEEC6
:102ED000C87A03FB1671354FCDF8288017EE90CADB
:102EE00030EA240028BF384619EE102ADAF80040EC
:102EF0000994B9FBF3F403FB1497B2FBF3F5CDE9A6
:102F00000747BCFBF3F403FB152203FB14C3CDE915
:102F10000310CDE90543CDE901260523244A009598
:102F2000802140A80BF00AF8322382B240A917484A
:102F300008F0EAFE00238BF8003090E60C880E8043
:102F4000341B116823B2002B01FA84F4B8BF5B4232
:102F500014602A689BB29A4207DBD9F800309C4281
:102F6000BFF60BAFC9F8004007E72B60F5E7002676
:102F7000002762E74FF0000874E700BFAFF300805E
:102F80000000000000000000840001083804002058
:102F9000B0020020AC020020A0020020900200201D
:102FA000880200200000E03F8C2E0108A2FF0008EC
:102FB000DC000108B2020020A8020020A4020020C8
:102FC000980200200268034B9A4201D105F07CBCB4
:102FD000704700BF0020004007B572B6064C074896
:102FE0004FF4005106F061F900230193019BA342C5
:102FF000F5D8019B0133F8E71FA107000008024044
:1030000010B594B0102200210AA80BF009F8142280
:10301000002103A80BF004F81F4B002101911A6C4A
:1030200042F080521A641B6C03F080530193019BA1
:103030001A4B02911A6842F480421A601B6803F42A
:1030400080430293029B01214FF480330224CDE997
:1030500008134FF48003CDE90E43A822042308A8E7
:10306000CDE91032CDE9124307F010F808B1FFF7AF
:10307000B3FF0F23CDE9033405904FF4A0524FF472
:103080008053052103A8CDE9062307F0DBF90028CA
:10309000EDD114B010BD00BF0038024000700040F8
:1030A00080B5BAB000246D4D05F0F4FBFFF7A8FF22
:1030B0001422002132A80AF0B3FF02942B6B684857
:1030C00043F004032B632B6B03F004030293029B76
:1030D00003942B6B43F080032B632B6B03F0800373
:1030E0000393039B04942B6B43F001032B632B6B23
:1030F00003F001030493049B05942B6B43F002033C
:103100002B632B6B03F00203224605934EF207015B
:10311000059B06F0C5F8224652484FF4006106F0C0
:10312000BFF822465048402106F0BAF801264EF278
:1031300007034B4832A9CDE93236CDE9344405F0D6
:10314000D1FF4848349632A9CDE9326405F0CAFF70
:103150004FF40063434832A9CDE93236CDE9344417
:1031600005F0C0FF4023404832A9CDE93236CDE911
:10317000344405F0B7FF00942B6B43F400132B632A
:103180002B6B03F400130093009B01942B6B43F40F
:1031900080032B632B6B03F48003224605210193EC
:1031A0000C20019B05F07EFD0C2005F0ADFD2246B4
:1031B00005210E2005F076FD0E2005F0A5FD224626
:1031C0000521102005F06EFD102005F09DFD224622
:1031D0000521112005F066FD112005F095FD224620
:1031E00005212F2005F05EFD2F2005F08DFD2246E4
:1031F0000521382005F056FD382005F085FD2246D2
:1032000005213A2005F04EFD3A2005F07DFD2246CD
:1032100005213B2005F046FD3B2005F075FD102201
:10322000214618A80AF0FCFE104A114B13604FF417
:103230008033C2E9013482F820400E4BD462D4605E
:1032400010460224166116769362D46182F83060CB
:10325000566105F04BFB78B1FFF7BEFE0038024027
:10326000000802400000024000040240180800204C
:10327000002001400100000F0523C8481A9318A937
:10328000CDE9186605F06AFC0028E5D1C34804269C
:1032900018A9CDE9186405F061FC05460028DBD1CA
:1032A0000146102214A80AF0BBFE1C22294623A8BE
:1032B000CDE90A550AF0B4FE2022294632A80AF0C8
:1032C000AFFEB74CB74BA560C4E90035204640F6C9
:1032D0006A03C4E90335C4E905550AAF08F0DCF810
:1032E0000028B9D14FF4805314A92046149308F054
:1032F000ADFA0028B0D1204608F0FAF80028ABD18A
:10330000CDE90A003946204608F0A8FB024600280D
:10331000A2D17023CDE92330CDE92500CDE92700E6
:10332000299023A9204608F06BF9002894D1324651
:1033300023A9204608F064F900288DD1082223A98A
:10334000204608F05DF9002886D100234FF4005292
:1033500032A92046CDE93233CDE934333693379262
:10336000399308F0B9FB054600287FF475AF204675
:1033700005F04EF8102229460CA80AF051FE8A4C9E
:103380001022294610A8CDE908550AF049FE4FF051
:103390008043C4E9003520464FF0FF33C4E90335CC
:1033A00008AEA560A56108F077F800287FF454AF57
:1033B0004FF480530CA920460C9308F047FA0028DC
:1033C0007FF44AAF204608F0BFF800287FF444AFEE
:1033D000CDE908003146204608F040FB02460028AF
:1033E0007FF43AAF0123CDE911301090139010A96A
:1033F000204608F095F900287FF42EAF022304221E
:1034000010A92046CDE9103308F08AF903460028B8
:103410007FF422AF6548DFF8C8C1654A03624FF404
:103420008044C0E90233C0E90443C0E90633C0E97F
:1034300000C205F043FF034600287FF40DAF5D484E
:103440005D4F03614FF46122C0E900720C22C0E9B4
:103450000233C0E90523C36108F028FC03460028B5
:103460007FF4FAAE5548564E564A0362C0E90062F0
:10347000C0E90233C0E90443C0E9063305F01EFF8A
:1034800000287FF4E9AE5049504B0B604FF4827036
:10349000002301220224C1E90103C1E90442CB60F7
:1034A0004FF4007518220B624B628B6208460A23A8
:1034B000C1E90652CB6207F085F9054600287FF482
:1034C000CBAE0146CDE906001C221CA80AF0A8FDDF
:1034D000294620222AA80AF0A3FD3D4C3D49A560BB
:1034E0005323C4E90013204640F2E733C4E903350F
:1034F000C4E9055506AE07F0FBFF00287FF4ACAE2B
:10350000CDE906003146204608F0A8FA0246002818
:103510007FF4A2AE6023CDE91C30CDE91E00CDE9D9
:10352000200022901CA9204608F06AF800287FF4A9
:1035300093AECDE92A00CDE92C002E904FF4005334
:1035400031902AA920462F9308F0C6FA0546002894
:103550007FF482AE204604F05BFF1F481F4A0561DE
:103560004FF46123C0E900230C23C0E90255C0E9F0
:103570000535C56108F09AFB044600287FF46CAE5F
:10358000FEF700FAFEF75CF900283FF465AEFEF79F
:10359000D5FE00283FF460AE24E000BF18080020EC
:1035A0005005002000000140080500201007002001
:1035B000A086010038040020004800406407002075
:1035C00000540040801A06005806002000300140D8
:1035D000C0040020000401407C040020004400409E
:1035E0000058004000F01CF800F048F800283FF4B4
:1035F00033AE08F097FD074A0748214608F0C5FD9D
:10360000064B1860FDF70CFE00283FF425AE08F0CD
:103610009BFDFEE7F4330108B12B0008B402002043
:1036200008B500F0B3F90448044904F01BFBBDE8F9
:1036300008400348FEF74DBA9808002018340108E6
:103640006008002000F046B900F054B900F062B9FB
:1036500008B5044804F0FEFABDE808400248FEF749
:1036600038BA00BF980800206008002008B5FFF7AE
:10367000EFFFBDE8084000F081B9000070B52DED06
:10368000068B84B004F090FB00284AD0284C294DCA
:103690002046B0EE000A04F0F7FA0123B6EE000A65
:1036A0007B202B706B6200F035F9FFF7DFFF94EDA4
:1036B00007AAD4ED089A94ED099AD4ED0A8A94EDFC
:1036C0000B8A2E786C6A01A800F086F9B5EE40AA44
:1036D000F1EE10FABDF80420DDED027A9DF80C3011
:1036E00023D1F5EE409AF1EE10FA1ED1B5EE409AD4
:1036F000F1EE10FA19D1F5EE408AF1EE10FA14D17C
:10370000B5EE408AF1EE10FA0FD176B96CB962B914
:10371000F5EE407AF1EE10FA07D183F0010000F0E7
:10372000010004B0BDEC068B70BD0020F7E700BFC0
:1037300098080020600800201FB50446D8B10F4B40
:10374000DA6902601A6A42605A6A82609A6ADB6ABF
:1037500003610B4BC2601A785B6A8361027501A832
:1037600000F03AF9BDF80430A383029B23629DF870
:103770000C3084F8243004B010BD00BF980800203D
:103780006008002030B52DED028B054689B0B0EE03
:10379000408AC8B31D486B4603224FF40051FEF720
:1037A000A5F9044628BBDDE90201FEF711FADFEDB9
:1037B000187A9FED187A30EE480AB4EEE70AF1EE77
:1037C00010FA1BDCDFED147A9FED127AB4EEE70AF3
:1037D000F1EE10FA15D4114885ED000A04F054FA00
:1037E000FDEEC07AB7EE000A17EE903A98B200F0FC
:1037F00091F8204609B0BDEC028B30BD30EE470A8F
:10380000DBE730EE070AE1E70124F2E76008002079
:10381000000034430000B443000034C39808002083
:1038200042F6AB23B0FBF3F202FB130080B2704709
:10383000062070470C20704708B5044804F0AAFA27
:10384000FDEEC07A17EE900A08BD00BF9808002070
:10385000004870476001010808B507EE900A9FED27
:10386000197AF8EEE77A2DED028B67EE877AB0EEE3
:10387000408A9FED150A87EE800A0BF04DF9F6EEAF
:10388000007AE0EE277A67EE887AF5EEC07AF1EEFC
:1038900010FA14D4B7EE000AF4EEC07AF1EE10FA82
:1038A000D8BFB0EE670ADFED097A20EE270ABDEC3B
:1038B000028BBCEEC00A10EE103A98B208BD9FED24
:1038C000040AF0E7DB0FC94000AC2A4600A0064519
:1038D0000000000008B5012204484FF4006105F023
:1038E000DFFC034B01221A7208BD00BF000002403A
:1038F000C808002008B5002204484FF4006105F014
:10390000CFFC034B00221A7208BD00BF000002402A
:10391000C808002070B542F6AB250446B0FBF5F0B0
:1039200005FB10402DED028B80B2B0EE408AFFF710
:1039300093FF104B1E6804F63963B0EE480A7063BB
:10394000B3FBF5F005FB1030FFF786FF04F5E353FA
:103950001233B063B0EE480AB3FBF5F005FB10304C
:10396000FFF77AFF044BF06383ED018ABDEC028B15
:103970001C8070BD50050020C80800209FED020A81
:103980000020FFF7C7BF00BF0000000008B5FFF729
:10399000B1FF012211460E4805F082FC0C480022BE
:1039A000022105F07DFC00220948042105F078FC85
:1039B0000021084808F050F80421064808F04CF8A7
:1039C0000448082108F048F8BDE80840FFF7D6BFD2
:1039D0000008024050050020034618B1024A07CAF9
:1039E00083E80700704700BFC8080020164B17483F
:1039F000D3F8101AD3F8142AD3F8183A814207D111
:103A000013498A4202D1134A93421BD000207047C7
:103A10001148814207D10E498A42F7D10D4A93429B
:103A2000F4D1012309E00D488142EFD10C498A42CB
:103A3000ECD10C4A9342E9D102230B481C2202FB31
:103A4000030070470023F8E70070FF1F27003C00C9
:103A500004473432353535382C0025003A004C0007
:103A60000B51343039333631F434010809289ABF08
:103A7000024B53F820000248704700BF743401081D
:103A8000740101080346B0B3D0ED007AF5EE407A38
:103A9000F1EE10FA2FD1D0ED017AF5EE407AF1EE89
:103AA00010FA28D1D0ED027AF5EE407AF1EE10FA54
:103AB00021D1D0ED037AF5EE407AF1EE10FA1AD169
:103AC000D0ED047AF5EE407AF1EE10FA13D1027DD2
:103AD0008AB9806978B99A8B52B9D3ED087AF5EE34
:103AE000407AF1EE10FA06D193F8240080F001003C
:103AF00000F0010070470020FAE700000FB400B5A5
:103B0000ADF2747D0DF5EF6340F26C7153F8042B48
:103B1000009301A80AF076FA021E0ADD40F26B73E8
:103B20009A4228BF1A460648C82392B201A908F053
:103B3000EBF80DF2747D5DF804EB04B0704700BF44
:103B4000380400200FB400B5A3B024AB802153F893
:103B5000042B019302A80AF055FA021E08DD802A00
:103B600028BF7F220548642392B202A908F0CCF84E
:103B700023B05DF804EB04B0704700BF38040020A8
:103B80002DE9F04F8FB09B469DF86030199C039251
:103B90000293824680B17CB147220021601C0AF06A
:103BA0003FFA0322227006AB40F21D715046FDF72A
:103BB0009DFF064628B16070032528460FB0BDE87A
:103BC000F08F06AF0FCF04F108050FC597E80F007F
:103BD00085E80F000123A362DDE9087804F080FE88
:103BE000B1460190012008F016FB06AB032240F21B
:103BF0001D715046FDF77AFF054630B10323607012
:103C00002370D9E71F469046ECE70DF1180EBEE889
:103C10000F0004F1080CACE80F009EE80F008CE8E0
:103C20000F00A36A0133A362DDE90832DF1B62EBF8
:103C30000808B8F1000F02DA7F4268EB48080399E0
:103C4000B3EB010C029962EB0B00C4E90EC079B32F
:103C50000028614602DA494260EB400040F28F3CA6
:103C6000614570F1000034BF012100210A2F78F175
:103C7000000821D209F10109E1B10136E06A4845A5
:103C8000206B38BFC4F82C90B04200D22663E06AA3
:103C900084F84110072894BF00200120082E84F8E2
:103CA00040000DD1012384F842300023237084E7C3
:103CB0000121DBE70E46E1E74FF000094E46E6E75B
:103CC000CDE9043204F00CFE019BC01A6328DDE943
:103CD000043297D9002384F8423094F840302BB155
:103CE00094F8413013B90225257066E70125FBE7FA
:103CF0002DE9F0412DED0A8B9FED3E9A9FED3EBAE6
:103D0000DFED3EBA9FED3ECA0D46F0EE40AA1646E4
:103D10001C4680460027B0EE498AB0EE49AAAF4261
:103D200012DB002D267033DCDFED327A84ED01AA40
:103D300084ED02AA84ED03AA0023BDEC0A8BC4ED36
:103D4000047A2375BDE8F08107EE907AB8EEE77A41
:103D5000F8EC018A27EE0B7A78EEEA8AC7EE0B7A46
:103D6000013767EEAB7AC7EE8C9A07EE906AF8EEF1
:103D7000E77A69EEA79AB0EE690A0AF095FEA0EE1E
:103D8000288AB0EE690A0AF0C7FEA0EE289AC6E7B4
:103D900007EE905AF8EEE77AB0EE007AC7EE278A7F
:103DA00028EE888A68EE898A84ED018A28EEA80ABE
:103DB000C4ED028AA8EE080A0AF054FEF0EE480AA2
:103DC000B0EE409A84ED030AB0EE680A0AF048FEAD
:103DD000DFED0B7A9FED097A20EE270AC0EE077A15
:103DE0009FED087AB4EEC79AF1EE10FAACBF01234A
:103DF0000023A2E7000000000000B443DB0F4940AD
:103E000000003443CDCC4C3D73B503460025084635
:103E1000012611460A220135AB4202FB06F6FAD111
:103E200007EE906AB5EEC00AF1EE10FAF8EEE76A16
:103E30004CBFB1EE407AB0EE407AF6EE007AE6EE94
:103E4000877AB5EEC00AFDEEE77AF1EE10FA17EECA
:103E5000904A94FBF6F306FB1344CDE9005407D5D2
:103E600053EA040204D0034A0AF068F802B070BDB5
:103E7000014AF9E77C0101087D010108036A10B5D8
:103E80000C681C1B1368234413604C68436A1C1B9A
:103E90005368234453608C68836A1C1B93682344D3
:103EA0009360CC68C36A1C1BD3682344D3600C693D
:103EB000036B49691C1B136923441361436B591A33
:103EC00053690B44536110BD06EE902A07EE103A79
:103ED000F8EEE66AB8EEC77ABAEE0E6AC6EE877AF0
:103EE000091AF1EE086AA7EEA66AF2EE046AE7EE96
:103EF000866A27EEA77A27EE277A07EE901A27EE32
:103F0000267A06EE900AF8EEE77AB8EEE60AA7EE11
:103F1000270A0AF03BBE2DE9F047002986B00E467D
:103F200090460F4602DA404261EB41070546EA46F9
:103F30000024E946284639460A220023FCF7DAFF26
:103F4000AC4630320AF8012BBCF10A0F3A4672F146
:103F500000022346054604F101040F4602D3172C44
:103F6000E8D11623002E09DA172C07D004F1180225
:103F70000DEB02042D2204F8182C9C1C09EB040202
:103F800008F1FF31012312F8010D01F8010F9C42E5
:103F900003D00133182BF6D11724002308F804307E
:103FA00006B0BDE8F0872DE9F04F002487B08946C0
:103FB00016461470A0F1080725464FF07C0AA34668
:103FC0004C4502D107B0BDE8F08FF7E902016A461F
:103FD000FFF7A1FF6846FCF7FBF8002C0CBF2B464F
:103FE0006B1C0344B3F5806FECD214B106F805A046
:103FF00001356846FCF7ECF88046024670194544E6
:1040000069460AF0A7F8013406F805B0D8E70000C1
:10401000384B0022F0B583F8B020C3F8A820002860
:1040200061D0D0E90862D0E90A54D0E90C10C3E9A4
:10403000AF62D3F8EC72D3F8D4223A44D3F81877AD
:104040003A44D3F830773A44D3F848773A44B61A2A
:10405000C3F8A862D3F8DC22D3F8F4623244D3F870
:1040600020673244D3F838673244D3F8506732447B
:10407000C3E9B154AD1AC3F8AC52D3F8E022D3F877
:10408000F8522A44D3F824572A44D3F83C572A44F8
:10409000D3F854572A44A41AC3F8B042D3F8E42200
:1040A000D3F8FC422244D3F828472244D3F84047AF
:1040B0002244D3F858472244C3E9B310891AC3F8FD
:1040C000B412D3F8E822D3F800130A44D3F82C171B
:1040D0000A44D3F844170A44D3F85C170A44801AF8
:1040E000C3F8B802F0BD014604460546024606463E
:1040F0009DE700BFD01000202DE9F043002900F01B
:10410000AB805B4BD3F89443002C00F0A5800125D5
:1041100083F82953D3F83053D1F858C0D3F840630B
:10412000D1F85CE0D1F86080D1F86490CF6E0135B1
:10413000C3F83053D3F83C536544C3F83C534D6D3A
:104140002E44C3F84063D3F844637644C3F8446311
:10415000D3F848634644C3F84863D3F84C634E44ED
:10416000C3F84C63D3F854633E44C3F854630F6FF1
:10417000D3F858633E44C3F858634F6FD3F85C6379
:10418000B74288BFC3F85C73D3F860638F6EB742E1
:1041900088BFC3F8607304EB800707F580578E6F04
:1041A000C7F84067D1F88060C7F8106DBCF1FF0F09
:1041B00004EB000642F2C85728BF4FF0FF0C06F888
:1041C00007C0FF2D42F23C7728BFFF25F555BEF111
:1041D000FF0F42F6B00528BF4FF0FF0E06F805E0CE
:1041E000B8F1FF0F42F6242528BF4FF0FF0806F86C
:1041F0000580B9F1FF0F42F6983528BF4FF0FF094F
:1042000006F8059042F60C5572554ABB0D783DB341
:10421000D1E90C6704EBC004C4E9006708B9C3E93D
:10422000DA67D3F834230132C3F834238B789BB197
:10423000A0B1B0F5B47F0FD10E4B01221A70D1F8A6
:1042400084205A60D1F888209A60D1F88C20DA60F6
:10425000D1E90E01C3E90401BDE8F083064BECE7A8
:10426000D3F8501383F82C230131C3F85013F3E72C
:10427000D010002080140020681400200E4A30B5B1
:104280000121151F814200DB30BDD2ED007A4B1EAB
:10429000144634ED017AF4EEC77AF1EE10FA03D544
:1042A000013B84ED017AF4D205EB8303C3ED017A7F
:1042B00001310432E6E700BF040B0020084B002266
:1042C000C0B293F8C810814206D001320C2A03F123
:1042D0001803F6D10020704703F1C800704700BFF3
:1042E000D01000202DE9F04788462DED0A8B0446BA
:1042F000F0EE409A002852D0DFF8C090DFED2B8A14
:10430000DFED2BAA9FED2BBADFED2BBA0027561855
:1043100007EE907AB8EEE77AC24627EE2A7AB0EE38
:10432000699AC7EE2A7A67EE8B7A87EEABCA1AF8DB
:10433000010BFFF7C3FF0546D0B1037808EE103A32
:10434000B8EE488A28EE0C8AB0EE480A0AF0ACFBB8
:10435000B0EE40AAB0EE480A0AF0DEFBD5ED027AD4
:1043600095ED017A60EE277AE7EE0A7A39EE279A20
:104370005645DCD1F9EC017A013777EEC97ABC42B7
:10438000E7EEA78AC4D107EE904AB8EEE70A88EEB6
:10439000800ABDEC0A8BBDE8F0470AF063BBBDECB8
:1043A0000A8B9FED020ABDE8F08700BF0000000005
:1043B0000000B443DB0F494000003443C81E002016
:1043C0002DE9F04715462DED0C8B0E4614220021E9
:1043D0001F460446F0EE40BAF0EE60AA09F020FE57
:1043E00007EB0508A94619F801AB5046FFF766FF31
:1043F00030B94E4B2361BDEC0C8B2046BDE8F087F5
:10440000B6EB4A0F01D84A4BF4E7C145EBD13A4627
:104410002946B0EE6B0A3046FFF764FF9FED45BAC0
:104420009FED458ADFED45CA9FED45DAF0EE409AF3
:10443000002707EE907AB8EEE7AAA9462AEE2CAA42
:10444000F0EE6B8A2AEE0DAA19F8010BFFF736FF82
:104450000646D0B1037809EE103AB8EE499A29EE33
:104460000A9AB0EE490A0AF01FFBB0EE40CAB0EE5D
:10447000490A0AF051FBD6ED027A96ED017A60EE18
:10448000277AE7EE0C7A78EEA78AC845DCD1F4EEFD
:10449000C88AF1EE10FAB4EEE8BAC8BFB0EE688A86
:1044A0000137F1EE10FAC8BFB0EE68BAB7F5805F19
:1044B000BFD1DFED247AF4EEE7AAF1EE10FA38EE80
:1044C0004B8A2FDD89EEAA7AF7EE007AE7EE477A7B
:1044D0009FED1D7AF0EEE76AF4EE476AF1EE10FA0E
:1044E00006D89FED1A7AF4EEC77AF1EE10FA05D5E8
:1044F000174BC4ED009A84ED018A7BE79FED157A96
:10450000B4EEE77AF1EE10FAC8BFF0EE477A012375
:1045100023730123C4ED009A84ED018AC4ED027A6D
:10452000637368E7DFED0B7A0023F1E78701010889
:104530009A010108286B6E4E286B6ECEDB0FC940C6
:1045400000008039BD378635FFFF7F7F6F1283BA49
:10455000AE01010800000000B5EEC00AF1EE10FA4D
:10456000DFED126A4CBFB1EE407AB0EE407AF6EE63
:10457000007AE7EE267A07B5FDEEE77A642117EEBA
:10458000902AB5EEC00A92FBF1F3F1EE10FA01FBAE
:104590001322009208D553EA020105D0044A1021E3
:1045A00009F0CCFC03B000BD024AF8E70000C842A5
:1045B000C1010108C20101082DE9F04F91B09B46ED
:1045C0009DF86C3007930B684C4C02939342CCBF20
:1045D0004FF0FF330123059306900491914607F0B5
:1045E000CDFDD4F87C32DDF8688000270133054624
:1045F000C4F87C320197012603970298282332469B
:104600004946FFF761FCDDF80CA0049BB7EE000AF9
:10461000186080B2FFF71AF808AB0698032240F240
:104620001D71FDF763FAD4F880320133C4F880328B
:10463000B0B1BBF1000F01D0CBF8006011B0BDE804
:10464000F08F401B002847DDD4F884320133C4F8D2
:104650008432D4F88832984288BFC4F888023BE09C
:10466000BAF1000F1ED00A9B01990B9ADB1B62EB7B
:1046700001020599012911D113F1090F72F1FF32DD
:1046800010DA5B42D4F88C220132C4F88C22D4F8C0
:1046900090229A4238BFC4F8903203E00A2B72F19C
:1046A0000002EFDADDE90A7301931A9B3BB1079B25
:1046B000B34222BF019BC8F80070C8F8043001362D
:1046C000292E13D01C9B1D4407F058FD2B1A002BDC
:1046D000B7DD284607F0ABFD4FF0010A282E08F1A0
:1046E0000808CDF80CA088D148468EE7BBF1000F32
:1046F000A4D02823CBF80030A0E700BFD0100020C2
:104700002DE9F04FAFB01F90FFF770F90546002874
:1047100000F08680D0F80CA00125FFF767F9044669
:1047200000B1103421A8FCF7A3FF00287BD19DF82D
:104730008460002E78D0214621A8FDF741F801269B
:1047400007463846FDF770F8032F9CBF3B4B33F903
:1047500017803B4BD3F8102A1B9288BF4FF4FF7889
:10476000D3F8142AD3F8183A1D93002CB8FA88F716
:1047700014BF0123002381464FEA57171C921E9352
:1047800054D02388A178E07894F804C094F805E028
:104790001A93A379A468BDF8AEB0CDF85CB09DF8CB
:1047A0008CB0CDF858B09DF88BB0CDF854B09DF8D2
:1047B0008AB0CDF850B0CDE90EE39DF889B01A9BD0
:1047C000CDF84CB09DF888B0CDF848B0CDE909934C
:1047D000BDF886B01E9B2C9A1892CDE90C0C0B915B
:1047E000CDE9104BCDE90773CDE90567CDE903A508
:1047F0001D9B02931C9B01931B9B0093114A124B20
:104800001F991248FFF77AF9B8F1000F04D0104849
:104810004A464146FFF796F938462FB0BDE8F08F7B
:10482000DFF830A079E7002601278AE72346A6466D
:10483000A446204621461A94ADE700BF343401084F
:104840000070FF1FED010108D8010108FA010108FD
:104850004D040108CC0101082DE9F04F2DED028B2C
:10486000C14CC24A217BC24BADF6E47D002908BF92
:104870001A464A92FFF7BAF8002801F03381C3685C
:1048800049934FF0010B94ED2E0A64A8FFF764FEE4
:1048900094ED040A1422F4A90520FFF7B5FA94ED6B
:1048A000050A1422F9A90520FFF7AEFA94ED060ACD
:1048B00018220DF5B1610320FFF7A6FA94ED070A5F
:1048C00014220DF584610520FFF79EFA94ED080A85
:1048D00014220DF234410520FFF796FA94ED0E0AEA
:1048E0001422FEA90520FFF78FFA94ED0F0A142277
:1048F0000DF20C410520FFF787FA94ED100A1822FB
:104900000DF5B4610320FFF77FFA94ED110A14222C
:104910000DF589610520FFF777FA94ED120A14224C
:104920000DF25C410520FFF76FFA94ED0C0A14229A
:104930000DF58E610320FFF767FA94ED160A142235
:104940000DF284410320FFF75FFA94ED1B0A142255
:104950000DF593610520FFF757FA14220DF2AC41D3
:1049600094ED1C0A0520FFF74FFA824B94F8EC16E1
:10497000814A002918BF1A4694F88F304E92002BB6
:1049800001F0B5807D4968A809F0DCFB7B496CA883
:1049900009F0D8FB794962A809F0D4FB94F8A43057
:1049A000002B01F0BB80D4F8A030754A102170A80C
:1049B00009F0C4FA94F88C30002B41F0B58094F8DB
:1049C0008E30704E002B01F0B3806A4F6E4B94F81E
:1049D000A402D3F8102A4C92D3F8142AD3F8183A28
:1049E0004F93B4F830325093B4F832325193B4F854
:1049F0003432529363685393A368549394F82833E2
:104A0000559394F8C8335693D4E92A53579394F89E
:104A1000B030589394F8783259934D92FFF726F8B6
:104A2000D4F8A8325B93D4F8AC325C93D4F8B032AB
:104A30005D93D4F8B4325E93D4F8B8325F93D4F86F
:104A400004336093002DD4F808335A906193B4F87E
:104A5000B20041F37080D4F80C23D4F81013A2EB09
:104A6000050EDEF1000343EB0E034B93D4F8143331
:104A7000464CA1EB0508D8F10001A3EB050941EB79
:104A80000801B4F8C8C3D9F1000343EB0903364C5D
:104A900094F80D8094F80E9094F86040032C96BF23
:104AA000DFF804E1DFF804E15EF824E070AC46943E
:104AB00062AC45946CAC449468AC43942A4CD4F8F2
:104AC0009C20429294F88FA0CDF804A1DFF8E0A0DA
:104AD0002A4ACDE93F7A94F88D70CDE93D672C4E96
:104AE0003C96D4F888603B96D4F884603A96D4F823
:104AF00080603996E66F3896A66E3796666ECDE979
:104B000035E6244ECDE93389CDE92D134B9B2C930B
:104B1000CDE931C6619B2B9364AECDE92F06092305
:104B200040F28E30CDE929301B4B2893609B2793B0
:104B30001A4B26935F9B25935E9B24935D9B239347
:104B40005C9B22935B9B21935A9B2093599B1F93C1
:104B5000589B1E93579B1992114A18924E9A17927E
:104B6000104A169226E000BFD010002082040108EF
:104B700083040108713301085A33010893040108C2
:104B8000A8040108960401080070FF1FD02000202F
:104B90000F0B0108260B0108400B0108580B0108F8
:104BA000C7FE0008690B010864340108740101089C
:104BB000FE0A0108B94A1592569A1492B84A1392FD
:104BC000559A1292B74A1192B74A1092B74A0F9269
:104BD0004A9A0E92549A0D92539A0C92529A0B92B0
:104BE00006220A92519A0992509AB148CDE91C5373
:104BF0004FF4B4760023CDE91A36CDE90732AD4B38
:104C00000693499B03934F9BAB4D02934D9B01939E
:104C10004C9BAA4A0093CDE904B5A94B0521FEF7A8
:104C20006DFFB727B623CDE90237A64B0196009357
:104C3000D4E901230521A448FEF760FFD4E9016708
:104C4000FEF706FED4F890320F93D4F88C320E9310
:104C5000D4F888320D93D4F884320C93D4F880328F
:104C60000B93D4F87C320A93D4F89C320993D4F88D
:104C700098320893D4F8943207934FF0280C01230C
:104C8000CDE9053C914B03934A9B0490CDE9015338
:104C9000499B8F48009332463B460521FEF72EFF85
:104CA000D4E9012394F860B04B93BBF1030F236D5B
:104CB00098BF884D4C93A36F94F834C0A17B94F8AF
:104CC0002400A66A94F84CE094F80D80A78D94F81F
:104CD0005CA0B4F8549098BF55F82B5020930DF277
:104CE000AC4B636FCDF878B00DF5936BCDF874B025
:104CF0001F93A36E1C93636ECDF864A0CDE91A5385
:104D00004C9BDFF8F0A10DF28445CDE917950DF22B
:104D10005C45CDE915E3CDE90B0614950DF2344061
:104D20000DF5896513950A900DF5B4650DF5846050
:104D3000129509900DF20C450DF5B1601195089092
:104D4000FEADF9A8CDE90FC54A9B07900DF58E651C
:104D5000F4A8CDE90510CDE90D755F49564D0293D4
:104D6000499B5E4803910195009305214B9BCDF82B
:104D70001080FEF7C3FE44F6206340F21D72CDE9B9
:104D8000093202216023CDE9073140230693544BB9
:104D90000593544B0493544B0393414B5348CDE933
:104DA0000153499B0093D4E901230521FEF7A6FE98
:104DB000AAF2CE534D934E4B4B93AAF2CE56B42348
:104DC0004FF0000B4C935D46A6F6F854D4F8A8308B
:104DD0009D42C0F2DB860DF5B762D4E9C801FFF74A
:104DE0009AF8D4E9C801FCF7F3FE0DF598610520A7
:104DF0001422FFF709F863684B93A3684C93D4F827
:104E000004334F93D4F8BC325093D4F8C03251934A
:104E1000D4F8C4325293D4F8C8325393D4F8CC3275
:104E20005493D4F8D0325593D4F8D4325693D4F85E
:104E3000D8325793D4F8DC325893D4F8E0325993EF
:104E4000D4F8E4325A93D4F8E8325B93D4F8EC32D5
:104E50005C93D4F8F0325D93D4F8A830002BD4E9F9
:104E6000BD67D4E9BFCED4E9C281D4E9C405D4E991
:104E7000C69A40F3D787A1EB030BDBF1000444EBA8
:104E80000B04A0EB030BDBF1000242EB0B02A5EBE2
:104E9000030BDBF1000343EB0B032DE08F0B010849
:104EA0009F0B0108B00B0108BC0B0108DA0B0108CD
:104EB000AF040108F60B010874010108ED010108B7
:104EC000D8010108A50C0108FC0B0108640E0108BB
:104ED000C20C010864340108260B01087E0E01088B
:104EE000CD120108D7120108ED1201088D11010839
:104EF00007360020962400200DF5986BCDF888B079
:104F00000DF5B76BCDE9203B5D9B13935C9B129332
:104F10005B9B11935A9B1093599B0F93589B0E9335
:104F2000579B0D93569B0C93559BCDE91E42CDE9A3
:104F30001A05CDE91881CDE91467CDE91C9ACDE9B0
:104F400016CE0B93549B0A93539B0993529B089341
:104F5000519B0793509B06934F9B0593C74B04931C
:104F6000C74B03934A9B0293C64B0193499B009303
:104F7000C548C64EDDE94B230521FEF7BFFD0025E0
:104F80000DF5CC692F4634460DF5E46896ED350AEB
:104F9000102249460420FEF737FF96ED360A10220C
:104FA00008EB07110420FEF72FFF96F8DC3013B151
:104FB0000123BB401D4301370C2F06F1180609F1F0
:104FC0001009E3D194ED7D0A102274A90420FEF7A4
:104FD0001BFF94ED7E0A102278A90420FEF714FF2F
:104FE00094ED830A10227CA90420FEF70DFF94EDB6
:104FF000840A102280A90420FEF706FF94ED890A96
:10500000102284A90420FEF7FFFE94ED8A0A1022E4
:1050100088A90420FEF7F8FE94F8143294F8FC21D5
:1050200094ED300A5B0343EA02332B4310228CA930
:1050300004204B93FEF7E8FE94ED310A102290A96C
:105040000420FEF7E1FE94ED900A102294A90420BA
:10505000FEF7DAFE94ED910A102298A90420FEF7DB
:10506000D3FE94ED920A10229CA90420FEF7CCFEF8
:1050700094ED930A1022A0A90420FEF7C5FE94ED3A
:10508000940A1022A4A90420FEF7BEFE94ED960A0D
:105090001022A8A90420FEF7B7FE94ED970A10226B
:1050A000ACA90420FEF7B0FE0DF5347894ED980A13
:1050B0001022B0A90420FEF7A7FE0DF5387941466D
:1050C00094ED9A0A10220420FEF79EFE0DF53C7A1C
:1050D000494694ED9B0A10220420FEF795FE0DF53B
:1050E000407B514694ED9C0A10220420FEF78CFE72
:1050F000C4AD94ED9D0A102259460420FEF784FEAB
:10510000C8AE294694ED8E0A10220420FEF77CFEDC
:10511000314694ED8F0A10220420FEF775FE5C4B99
:10512000CCAF93ED000A394610220420FEF76CFE46
:10513000574B93ED000AF6EE007A20EE270AD0A92D
:1051400010220420FEF760FED4F8A032CDF8F4A0BF
:10515000CDE93EB394F87832CDF8E880CDE93B93C1
:10516000D0A9B0ABCDE938713793ACAB3693A8ABCF
:10517000359394F864323493A4AB3393A0AB329359
:105180009CAB319398AB309394AB2F9394F85432FB
:105190002C95CDE92D6394F837322B934B9B2A93B2
:1051A00094F83632299388AB289384AB2793B4F8CC
:1051B0003432269306232593B4F832322493B4F87C
:1051C0003032239380AB22937CAB219378AB209336
:1051D00074AB1F930DF5FA631E930DF5F8631D93E1
:1051E0000DF5F6631C930DF5F4631B930DF5F26357
:1051F0001A930DF5F06319930DF5EE6318930DF501
:10520000EC6317930DF5EA6316930DF5E8631593B8
:105210000DF5E66314930DF5E46313930DF5E26366
:1052200012930DF5E06311930DF5DE6310930DF508
:10523000DC630F930DF5DA630E930DF5D8630D93D0
:105240000DF5D6630C930DF5D4630B930DF5D26376
:105250000A930DF5D06309930DF5CE6308930DF510
:10526000CC63079390AB06938CAB0593D4F8AC302A
:105270000493D4F8A83003930CE000BF580B010846
:10528000400B010874010108AB140108D010002084
:10529000B41E00204A9B0293C44F499B0197009380
:1052A000D4E90123C24805210DF2D445FEF726FCBE
:1052B0000DF59D6694EDDE0A142229460520FEF7C1
:1052C000A3FD0DF2FC4894EDDF0A142231460520BF
:1052D000FEF79AFD0DF5A26994EDE00A142241460D
:1052E0000520FEF791FD0DF2245A94EDE10A1422F7
:1052F00049460520FEF788FD94EDE20A1422514646
:105300000520FEF781FD94EDE30A14220DF5A76157
:105310000520FEF779FD94EDE40A14220DF24C51BC
:105320000520FEF771FDD4F83433002B40F37F8560
:10533000D4E9DA010DF5BA62FEF7EDFD0DF5C062B4
:1053400000200021FEF7E7FD9A4C94F82A33002B49
:1053500000F07985D4E9DC010DF5BD62FEF7DBFDD7
:105360004E9B1E93944B1D93D4F864331C93D4F836
:1053700060331B93D4F85C331A93D4F858331993E1
:10538000D4F854331893D4F850331793D4F84C33DB
:105390001693D4F848331593D4F844331493D4F8BF
:1053A00040331393D4F83C331293D4F8343311932D
:1053B000D4F8303310930DF24C530F930DF5A763CF
:1053C0000E9394F82B337D48CDE90CA30DF5BD6306
:1053D0000B930DF5C0630A930DF5BA63CDE90893FD
:1053E000CDE906680595D4F83833049394F82A3348
:1053F0000393734BCDE90173499B0093D4E90123D7
:105400000521FEF77BFBD4F894336A4C002B40F067
:1054100037856C4D6C4E05F54078A5F576792B787F
:10542000002B00F0A5806B78002B00F09185D5E96A
:1054300018010DF5C662FEF76EFDD5E906010DF502
:10544000C962FEF768FDD5E908010DF5FC62FEF7BB
:1054500062FD0DF53E62D5E90A01FEF75CFDD5E976
:105460000601FBF79BF8594B0022FBF7C5F8584B98
:105470000022FBF7C1F8FBF78FFB142200EE100AA5
:105480000DF5AC610520FEF7BFFCD5E90801FCF77E
:105490009FFB14220DF274510520FEF7B5FCD5E9EF
:1054A0000A01FCF795FB14220DF5C3610520FEF7F8
:1054B000ABFCD9E901234B93336855932B694C938B
:1054C0006B684E93AB684F93EB685093D5F8883078
:1054D0005193D5E923735293D5F89430A878539318
:1054E000D5F898305493FEF7C1FA6B78D5F884104C
:1054F000D5E927ABCDE91903549B1291CDE917B338
:10550000539B1593529BCDF858A0CDE91373519B33
:1055100011930DF5C36310930DF53E630F930DF2D8
:1055200074530E930DF5FC630D930DF5AC630C9362
:105530000DF5C9630B930DF5C6630A93509B099350
:105540004F9B08934E9B07934C9B06934FF4B47369
:105550000593559B04931F4B03934A9B0293134B54
:105560000193499B00931C484B9B0521FEF7C6FA0B
:10557000C035A84506F104067FF451AF0D4D95F8EE
:10558000C86395F8CA73D5F8D42395F8CC03002ED8
:1055900000F00385002F00F00385042A40F0008509
:1055A0000E490F4B002818BF19461BE07401010873
:1055B000FA170108D0100020690B01080D1D010821
:1055C0009F0B0108A81400209C340108008076403D
:1055D0000000F03D8F0B01089A200108FF320108FE
:1055E000FD320108FEF742FAD4E90189D4F8D0A3CC
:1055F000CDE90B0194F8CB33CDF820A0CDE90923F8
:105600000423CDE9067394F8C933D04FD0480197ED
:10561000CDE90463CF4BD04E03934A9B0293499B41
:10562000009342464B46B0460521FEF767FAF8E87C
:1056300004010DF5C362FEF76EFC58E902010DF599
:10564000C662FEF768FCD8E900010DF5C962FEF7F5
:1056500062FC06F12008D6E906010DF5FC620DF5A5
:105660003E66FEF758FCD8E900013246FEF753FCCF
:1056700094F8D81601F1FF38D8F1000C4CEB080C67
:1056800005299CBFB54850F8217095F8D916D4E982
:10569000012A002900F0878495F8DC16032900F21E
:1056A0008584AF4850F8210095F8DA16002900F0FB
:1056B000808495F8DD16032900F27F84A84C54F805
:1056C00021E095F8DB16002900F07B8495F8DE16C2
:1056D000032900F27984A24C54F8211019960DF593
:1056E000C96417940DF5C66416940DF5FC659D4CC0
:1056F00018950DF5C369CDF8549094F8EC86CDF863
:10570000508094F8EB86CDF84C8094F8EA86CDF87A
:10571000488094F8E886CDF8448094F8E986CDF87E
:105720004080D4F8E4360F93D4F8E036CDF810C0BA
:10573000CDE90D1328210A918B490991CDE90B0E72
:1057400008214FF0040ECDE9071EB621CDE9057101
:105750004A9B7E4F8549039102930197499B844858
:10576000009305215346FEF7C9F994F878172A46A5
:1057700004F5F060FEF717FC94F8C018324604F602
:10578000C800FEF710FC039594F878377948CDE906
:105790000173499B0093D4E901230521FEF7AEF97B
:1057A000039694F8C0387448CDE90173499B00937F
:1057B000D4E901230521FEF7A1F904F6072B04F52E
:1057C000216A4FF000081BF8011F08F1010889B198
:1057D00032465046FEF7E7FB04969BF800300197EF
:1057E000CDE90283499B0093D4E901236348052155
:1057F000FEF784F9B8F1030F0AF5A07AE3D194F823
:105800002C035F4994F82983FEF730F9D4E9012687
:1058100094F82AC35B4BD4E9CCABBCF1000F18BFA2
:105820001946499B0093CDE90501CDE90178CDE901
:1058300003AB554833460521FEF760F9277B002F5F
:1058400040F0138194F8B030002B00F0ED8394F811
:105850008D30002B00F00981D4AEB4F8B4104B4861
:10586000D4F800809FED4A8AFEF76CF994ED2E0A79
:105870003046FEF771FE31464648FEF763F9009662
:105880003346D4F8BC20B4F8B2104348FEF75AF9B6
:1058900008F10106D4F8A8309F42C0F298833F4F28
:1058A0000093D4F8D03D3E4832466421FEF74AF9D1
:1058B000B7EC010A0DF55C78D8A8FEF74DFE97ED20
:1058C000000A4046FEF748FECDF80480B4F8DE3DFD
:1058D0000093B4F8DC2D3348D8AB3146FEF732F9EB
:1058E0000120FEF7EBFC80460620FEF7E7FC0746AA
:1058F000B8F1000F00F08C8398ED030AE0A8FEF7E2
:105900002BFEB8F1000F00F0868398ED040AE4A89E
:10591000FEF722FE2448E4ABE0AA3146FEF712F976
:10592000002F00F07B8397ED030AE8A8FEF714FE32
:10593000002F00F0768397ED040A1C4FECA8FEF7C9
:105940000BFEECABE8AA314632E000BF740101085F
:10595000BB2201088F0B0108C01700203C3401084E
:1059600054340108D01000209C260108690B01085E
:10597000C5230108AA2601082B270108AC27010826
:10598000FD320108FF32010834280108D728010838
:105990000000B443EA2801080A290108A41E0020D7
:1059A0006D2901089C290108DE290108B41E002088
:1059B0006448FEF7C7F894ED8E0AF0A8FEF7CCFD18
:1059C000F0AB94F8372260483146FEF7BBF897ED0C
:1059D000000A0DF5AC60FEF7BFFD0DF5AC62314677
:1059E0005A48FEF7AFF897ED020A0DF27450FEF731
:1059F000B3FD0DF5C66897ED030A4846FEF7ACFD0A
:105A000097ED040A4046FEF7A7FD4B460DF274528F
:105A100031464F48CDF80080FEF794F897ED010A23
:105A20000DF5C960FEF798FD0DF5C962314649488C
:105A3000FEF788F817ED010A2846FEF78DFD464867
:105A40002A463146FEF77EF82A4631464348FEF79D
:105A500079F80DF53E609FED420AFEF77DFD414865
:105A60000DF53E623146FEF76DF8D4E92A59002D56
:105A7000D4E9012894F878A240F3EA82D4F80C63C0
:105A8000D4F81013D4F81473731B5E42A1EB050015
:105A9000A7EB050C5E4141424141DCF1000747EBB9
:105AA0000C0794F8A402FDF7E1FF94F8B0C02E4B68
:105AB0002E4CBCF1000F18BF1C464A9B0093CDE949
:105AC0000704CDE90517CDE903A6CDE9015928481A
:105AD00043460521FEF712F80DF6E47DBDEC028B7E
:105AE000BDE8F08F234B49938346FEF7CCBED4F834
:105AF0009030214A102168A808F020FAD4F8943098
:105B00001D4A10216CA808F019FA94F898301B4A25
:105B1000082162A808F012FAFEF740BF184970A8E1
:105B200008F010FBFEF746BF164E154FFEF74EBFAE
:105B3000154FFEF74BBF0023844619464B93FEF7E3
:105B4000A6BF00BF2E2A0108962A0108CB2A010809
:105B5000102B0108442B0108682B01085E2B01085B
:105B600000000000882B0108FF320108FD32010807
:105B7000F32B0108CC010108A8040108AC040108BA
:105B800093040108860401085A3301083AF8020F09
:105B90000DF5C967FBF70CFC0DF5CC6814223946EE
:105BA0000520FEF731F9B6EC010A14224146052022
:105BB000FEF72AF9CDE90678BAF800300593B4F873
:105BC000B220D6F8B438A34813449BB2CDE90353AE
:105BD0004A9B0293A04B0193499B0093D4E9012374
:105BE0000521FDF7AFFF4B9B9C4801334B9393F886
:105BF000743105934B9B1B780493BAF8883E03934A
:105C0000D6F8843ECDE901534A9B0093D4E90123A1
:105C10000521FDF797FFD4F89433002B52D0D4F828
:105C2000082395424EDA591942F6F4728F5C05F555
:105C3000BA7203EBC203D3E900890DF53E62404618
:105C40004946FEF768F940464946FBF7C1FF142272
:105C50000DF5FC610520FEF7D7F8D4F894C343F2A4
:105C600068100CEB0501D4E9012311F800E001F5FF
:105C70003A510978032996BF7948774850F82100AE
:105C800005F58B5110313CF811100B910DF5FC61AD
:105C90000A910DF53E610991C7F380010891C7F3A0
:105CA000400107914A9902916B49019107F0010760
:105CB00049990091CDE90507CDE9035E69480521C1
:105CC000FDF71CFFD4F89473002F63D0D4F834335D
:105CD0009D425FDA002200230DF5C661C1E9002371
:105CE000237B4FF4B472002B40F095804C98002336
:105CF0005946FBF7FFF8EB004F93C317CDE90003BC
:105D00000DF5C668CDF8088007EBC501D7E900237B
:105D1000D1E90001FCF740F800283BD0524FD7F8FA
:105D20009433EA0013440DF5FC69D3E900014A46B7
:105D3000FEF7F1F80DF53E62D8E90001FEF7EBF849
:105D4000D8E90001FAF72AFC484B0022FAF754FC84
:105D5000474B0022FAF750FCFAF71EFF142200EE20
:105D6000100A0DF5E4610520FEF74EF80DF5E46329
:105D700006930DF53E63CDE904934A9B0293364B9F
:105D80000193499B03950093D7E9012339480521E5
:105D9000FDF7D8FED4F89413002932D0D4F830336C
:105DA0009D422EDA01EB850303F580532944D3F895
:105DB0004087D3F8109D42F60C53D4E90127C85C04
:105DC000FDF754FE42F698330990CB5C089342F6F7
:105DD00024232948CB5C079342F6B003CB5C06939F
:105DE00042F23C73CB5C059342F2C853CB5CCDE9E5
:105DF00003934A9B0093CDE901583B460521FDF7EB
:105E0000A1FE4C9B13F5803305F101054C934BF13A
:105E1000000BFEF7DBBF4C9800235946FBF76AF8EE
:105E2000404268E7002214461346FFF765B813495D
:105E30000DF5BA6008F086F910490DF5C06008F05C
:105E400081F9FFF781BA0D490DF5BD6008F07AF9C7
:105E5000FFF786BA03130108740101082D13010826
:105E60005434010855130108D010002000807640FA
:105E70000000F03D45140108731401089304010863
:105E80004FF4B4720023CDF834260DF5C662CDF878
:105E900030364B929A464B9BD4F8342353F8046B1C
:105EA0004B93964243DAD4F894236B4D02EBC60130
:105EB000A5F11803D1F804B0002E08BF1D4652F812
:105EC00036304C930DF5C96218465946FEF723F853
:105ED0002A780DF53E690DF5FC6882B3D5E9040119
:105EE0004246FEF718F8D5E904014C9BC01A4A4611
:105EF00061EB0B01FEF70FF8CDE90A890DF5C963D7
:105F0000092209930892EA680792AA6806926A68C9
:105F100005922A784A9B5148CDE90173CDE9036285
:105F2000499B0093D4E901230521FDF7E7FD0AF120
:105F30000103022B4FF0010AADD1FFF76ABA4849BD
:105F4000404608F0FFF84649484608F0FBF8D3E71A
:105F500043490DF5C66008F0F5F841490DF5C960F3
:105F600008F0F0F83E490DF5FC6008F0EBF83C490C
:105F70000DF53E6008F0E6F839490DF5AC6008F023
:105F8000E1F837490DF2745008F0DCF834490DF5AA
:105F9000C36008F0D7F8FFF78CBA3249FFF722BB8D
:105FA0003149FFF71FBB2E48FFF77EBB2F48FFF795
:105FB0007BBBDFF8ACE0FFF784BBDFF8B0E0FFF7B6
:105FC00080BB2749FFF78ABB2849FFF787BBB8F199
:105FD000000F18DB07EE907AB8EEE70A284620EEAD
:105FE000080A80EE080AFEF7B7FA4D9B0DF53E60F1
:105FF00093ED000AFEF7B0FA1D480DF53E632A4600
:106000003146FDF79FFD4D9B043301374D9341E42D
:106010009FED180A72E49FED170A78E49FED150AC8
:1060200083E49FED140A88E4D4F8D03DD4F8A86046
:1060300094F8A40294F87822F51AFDF717FD216868
:106040000346CDE900560C480131FDF77BFD0CE518
:1060500000210E460F4624E580140020991F0108F8
:10606000930401089F040108FD320108740101082E
:106070004829010800000000B22B010800000000C0
:106080002DE9F04F2DED0C8BADF28C4DCDE92501B6
:10609000139336482C9200232293FDF753FD344B83
:1060A000139A3448344C002A08BF1846FEF728FBE0
:1060B00050B90A23237000230B930B980DF28C4DDB
:1060C000BDEC0C8BBDE8F08F2C4B1A680132169298
:1060D0001A60FDF7B9FA70A8FDF72EFBFDF7C6FAB6
:1060E0007AA8FDF729FB7AA8FDF7CCFC0B9028B91C
:1060F0000A2323482370FDF725FDDCE7FDF7A2FA0C
:1061000002F0EEFB1F4B1C901B7817935BB31E4BEA
:106110001B68C31A1C22002152A81D9307F080FFA0
:1061200002F0DEFB0546FDF787FBDFED188A124B18
:106130002890C8AF02263846B0EE680AC7ED008A3C
:106140001E70FDF71FFB044620B302F0C9FB0024BC
:10615000FDF772FB03230A93A24655469FED0B8A77
:10616000DDF828A012E1179BD4E700BFEE2C010850
:10617000DE2C0108C72C0108FC380020FC08002098
:10618000002D0108D4080020D808002000000000DD
:10619000CDCC4C3DD7ED009A19962F46DAAEC6ED20
:1061A000008A3046B0EE680AFDF7ECFA0A90002843
:1061B000CBD196ED009A1FED0A7AF0EEC97AF4EE93
:1061C000C77AF1EE10FA40F12981013440F2F5135B
:1061D0009C4240F03B8102F083FB431B2993FDF777
:1061E0002BFBC44B2A9003221A7002F079FBC24B9E
:1061F0000A9A1A60C14B8146FEA81A60FDF79CFA04
:10620000BDF8144442F6AB26B4FBF6F306FB134488
:10621000A4B241F255539C4240F24481351BB7234E
:10622000B635B5FBF3F528235D4305F0A7FFDFF88E
:10623000CCA2DFF8C4B207464FF00108454580F014
:106240003781B7EE000A0020FDF700FAC82005F0FC
:10625000E2FF02F045FBAA4CAA4BA64FA0EB0905B2
:1062600042F62002002120461D6007F0D9FEA64B11
:10627000002143F2E022184607F0D2FEA34AC4F8F8
:1062800094524FF0010384F8283384F8C83384F81B
:10629000CB33169B63601368C4F894030133136017
:1062A000A360954B1B68C4F89832944B1B68C4F8E4
:1062B0009C32FDF7BFFAA4F83002FDF7B9FAA4F852
:1062C000320200EB4000400084ADA4F834022846BE
:1062D000FBF7FFFB0023319306233B70032260ABE7
:1062E00040F21D712846FBF701FC4FF0050882467D
:1062F000002800F0248184F8A402284684F8D88677
:10630000FDF786FE7E4D01247AA86C73FDF7BAFB7B
:1063100070AFA8730FCF05F110060FC60FCF0FC6D1
:1063200097E8030086E803007AAE0FCE05F1380740
:106330000FC70FCE0FC7299B539396E80300199BF5
:106340005493289B5793CDED559A2A9B589352AE60
:1063500087E803000FCE05F160070FC78DED569A51
:1063600096E8070087E8070095F8B0300B93BAF17C
:10637000000F7FF4F2AE002B01F0098205F55E6597
:1063800095ED008A38EE288A00250124FDF75CF996
:10639000584B08221A7002F0A3FA5D4B18605D4B4F
:1063A00001221A701C9BC01A7CB3554B259ADA67E0
:1063B000269AC3F880202C9AC3F884200A22C3F8B6
:1063C0008820139A83F88C2082F0010283F88D20B4
:1063D0009DF8E02483F88E209DF8E42483F88F2034
:1063E0004D4AC3F89020DDF8E824C3F894209DF8C6
:1063F000EC2483F898201D9AC3F8A020179AC3F8BC
:106400009C0083F8A420FEF727FABAF1010F41F0AF
:10641000C281384B41480A221A706CE69DEDC87A59
:10642000B0EEC77A77EEC77A9FED3D7AF4EEC77A81
:10643000F1EE10FA09DD02F053FAFDF7FDF9DDF88F
:1064400028A001230A93544687E60A9C02F048FAE2
:10645000C31BB3F5FA7F80460FD396ED000AFEA862
:10646000FEF77AF8FDF7E8F94FF4FA730090224648
:106470002C48FEA9FDF766FB4746199B013319938B
:10648000A8EB050844F61F63984507D902F028FADF
:106490004FF0000AFDF7D0F90223D3E7022005F000
:1064A000BAFE7CE60CB92646B8E60A9E2546B6E654
:1064B000B8F1010F0AD005F061FE01373B1A002B3D
:1064C00032DD384605F0B3FE454536D02B46424610
:1064D00031462046FDF7F8FCB7EE000A80B2FDF722
:1064E000B5F8DBF800300133CBF8003008F10108D3
:1064F000A4E600BFFC380020F4380020F03800206B
:10650000D0100020F838002000000010F80800200B
:10651000D8080020D4080020C0D401007F2D010835
:106520000000B442412D0108C01B0028C2BFDAF8A8
:1065300000300133CAF80030C6E73046CCE74FF0F0
:106540000103D5E9091284F8D936D5E90B36286A52
:106550004496CDE94223A4AE6B6B87F80080CDE969
:1065600040014593CDE900A6DDE962232846FDF709
:1065700007FB04F5E362814684F8DC0640A928465F
:10658000FDF77CFCB9F1000F11D0B9F1030F14BF76
:106590000223052384F8D836FDF73AFDB9F1030F3D
:1065A0007FF4B0AE96F801A084F8A4A2AAE63369FD
:1065B0000C9373690D934FF004033B70D5E90923E5
:1065C000EE6A296ACDF8C8A0CDE948362B6B4A930C
:1065D0006B6B4B934FF0040E28230DF1C80B04F5A1
:1065E000F066CDE94612CDE9013E6FF0B5025B469B
:1065F00031A90096FDF7E0FF04F5E662814646A961
:106600002846FDF73BFC329B0893C4F8E03684F83B
:106610007837B9F1000F07D084F8A49284F8D886AF
:10662000FDF7F6FCCA466DE64FF0010384F8DA3652
:10663000D5E909234E93EB6A4F932B6B50936B6B09
:10664000296A51930C9B87F80080CDE94C12B3F175
:10665000B6024FF0010300930D9B0DF5367963F1FF
:106660000003CDF80490FDF78BFAA6F1680283468B
:1066700084F8DD064CA92846FDF700FCBBF1000FAD
:106680000FD0BBF1030F14BF0323052384F8D836C2
:10669000FDF7BEFCBBF1030F7FF434AE99F801A007
:1066A00082E7D9E904630F930C9B0D990F9ACDF8FB
:1066B000CCA0F31A62EB0102C4F8F0363B49C4F8EF
:1066C000F426B63342F1000C41E9023CD20F4FF000
:1066D000040384F8EA263B70D5E909234893EB6A62
:1066E00049932B6B4A936B6B296A4B934FF0040CC5
:1066F0002823CDE9013C0DF1CC0B04F6C803CDE90C
:106700004612009352465B4631A9FDF755FF04F54A
:10671000E962814646A92846FDF7B0FBDDF8CCB01A
:10672000C4F8E4B684F8C0B8B9F1000F7FF474AFD0
:106730004FF0010384F8DB36D5E9092387F80080A0
:10674000EF6A296ACDE93C372B6B3E936B6B3F9325
:10675000012300930F9BCDE93A12C8AF16F1B602A0
:1067600043F100030197FDF70BFA04F53B728046F5
:1067700084F8DE063AA92846FDF780FB04F5EC62B2
:106780003AA9FDF77BFBB8F1000F11D0B8F1030F68
:1067900014BF0423052384F8D836FDF739FCB8F17B
:1067A000030F7FF4AFAD97F801A0FDE6D0170020EE
:1067B0003B690E930DF54A7C7B691493BCE80F008E
:1067C00060AD0FC59CE80F0085E80F0048223946F0
:1067D00092A807F0BFFC4FF0010384F8D8360E9B57
:1067E0000F9A9E1B149BC4F8006763EB0200C04B1A
:1067F000B6F1B60140F1FF32012E586070F100038E
:10680000ACBF01230023BBF1280FC4F80817C4F85C
:106810000C2784F8E83640F04F82089BA3F1280447
:10682000634263411A46B34DD5F8241785F8E9361B
:10683000D5F820370B43D5F828170B43D5F82C177C
:106840000B43D5F838170B43D5F83C170B43D5F855
:1068500040170B43D5F844170B43D5F850170B439B
:10686000D5F854170B43D5F858170B43D5F85C17D8
:106870000B43D5F868170B43D5F86C170B43D5F8C5
:1068800070170B43D5F874170B43B3FA83F3012E3B
:106890004FEA531370F1000085F8EB36C0F20F8217
:1068A00012B195F8EA261A4085F8EC260E9B0C9A50
:1068B0000D99914CBDF88001A5F8B2009B1A149A6D
:1068C000C5F8103762EB01026260FCF7A9FF14996A
:1068D000A5F8B4000E98DFED89AADFED89BA9FED27
:1068E00089DAFBF775F984AF0E9BC5F8BC300FCF82
:1068F00068AE0FC697E80F0086E80F0095F82833BA
:106900000F9340216023CDE95B1385ED2E0A02230E
:10691000002544F620605D93B0EE40AA8DF86451E6
:106920005A95FBF737F840F21D735F9304F54073F7
:106930001B9304F5DD630D9304F6B6432493724B69
:10694000119304F6B6431A9304F5DD6312936F4B6B
:106950005E9034951593089521952095B0EE6ABA0E
:106960000C95AB46A4F5E2689DF8883233B1614AD4
:10697000D2F80C330133C2F80C3301239DF889227D
:106980003AB15C49D1F81023013243F00203C1F857
:1069900010239DF88A223AB15649D1F814230132C6
:1069A00043F00403C1F814239DF84852012D40F030
:1069B0008881D8F818230132C8F81823DDE9A064CB
:1069C000002C3246274602DA724264EB4407D8E9CB
:1069D000C8019042B94138BFC8E9C827D8F8082390
:1069E0000132C8F80823D8F89423F2B10BF5BA7134
:1069F00002EBC101C1E900649C9C4FF6FF700BF5EE
:106A00008B511031A04228BF204622F811005A4471
:106A100002F53A510D7042F6F47153540C9943F259
:106A20006813FF2928BFFF21D154DDE99634CDE951
:106A30001E340F9BF3B1BBF1000F1BD000220023CB
:106A4000CDE9DA23DAAB0093989ABDF8501240F200
:106A50001D7368A8FAF7CDFD044658B190220021B5
:106A6000FEA807F0DDFA2246FEA95846FDF744FBD2
:106A700000230F93264B9FED218A06221A70402493
:106A800060AD2B46032240F21D7184A8FBF72EF85F
:106A90008146002840F02881D5E90201FBF798F8EB
:106AA000013C38EE008AECD107EE90BA9FED197ADE
:106AB000349B0C93F8EEE77A184667EE877AD9177D
:106AC000C7EE87DAFBF784F82B46032240F21D71EC
:106AD00084A89FED117AF0EE4A7AD8EE077A30EE6C
:106AE000678AFBF703F88146002840F0FD8015E037
:106AF000D0170020D0100020E01700200000000078
:106B0000286B6E4E286B6ECE07360020B400010055
:106B1000FC3800200000B4430000803C2D8828464B
:106B2000FAF746FC129B0C9AA3EC018A12931A9B6B
:106B3000129923F8025F1A93129BC3F8B428649A3F
:106B4000C1F8842E1A99BDF89821A1F8882E1199C0
:106B50009DF89D2101F8012FB4EEC8DA9DF89E3111
:106B600081F87431F1EE10FA0F9B48BF2095F4EED6
:106B7000C8BA44BFB0EE40BAB0EE48DAF1EE10FA4F
:106B8000C2BF2195F0EE40AAF0EE48BA1191002B59
:106B900000F0CA81BBF1000F00F09B80BBF5B47F11
:106BA00000F09780002300200021CDE90134DAAD08
:106BB00059ABCDE9040100930695DDE91E2368A8D1
:106BC000FBF79CFB2946074602465846FDF794FA18
:106BD000002F40F02982BA4C94F8C833002B00F003
:106BE000A381BBF5B47F40F09F81012684F8C9637F
:106BF00084F8CB7301F074FE30221090394604F50E
:106C0000767007F00DFA0C9BC4F8E8339022294601
:106C100004F5816084F8D86307F09CFAD4F8D03387
:106C20003344C4F8D0339DF86833002B55D004F5B5
:106C30007C7302934FF480320023CDE90023DDE919
:106C4000E601D4E9DA23FBF7A7F8002800F0CF80AB
:106C5000DDE9E010DDE9E2325B1A62EB0002C4E933
:106C6000FE32DDE9EA10DDE9EC325B1AC4F80034EB
:106C7000D4F8D43384F8D96333449FED8FCB62EBDF
:106C80000002C4F8D4338F4BC4F80424239304F5D2
:106C90009665239B53F8042F2393109B18929F18FB
:106CA00001F01EFE109B189AC31A9A4240F2A1806E
:106CB000381A05F0B0FAF3E753465246B3E500221E
:106CC000F2E5022D02BFD8F81C230132C8F81C23BC
:106CD00074E67D4B4024092066E73346784A82F803
:106CE000DA3382F8CC339946754CD4F81423D4F8AF
:106CF0000833D4F8EC52C4F8A8B09B1AC4F8D03DBD
:106D000004F6D45383ED00BA04F6D853C3ED00AAB9
:106D1000209BA4F8DC3D219BA4F8DE3DDDE98C73CB
:106D2000C4E9AF73D4F8D43284F8A4922B44D4F8D5
:106D30001857FB1A5B1BD4F830575B1BD4F8485725
:106D40005B1BDDE98E60D4F8DC52C4F8A832D4F8BD
:106D5000F432DDE990122B44D4F82057F31AC4E939
:106D6000B312C4E9B1605B1BD4F838575B1BD4F88D
:106D700050575B1BC4F8AC32D4F8F852D4F8E03268
:106D80002B44D4F82457C01AD4F83C37401BC01AFF
:106D9000D4F85437C01AC4F8B002D4F8E432D4F8A6
:106DA000FC020344C91AD4F82837C91AD4F840376A
:106DB000C91AD4F85837C91AC4F8B412D4F8E8324A
:106DC000D4F800130B44D21AD4F82C37D21AD4F8C2
:106DD0004437D21AD4F85C37D21AC4F8B822B9F1C1
:106DE000000F00F04781002384F8B0301AE4092333
:106DF00074E701F075FD109BC31A2B93FEAB0027BF
:106E0000069359ABCDE9017700938DED04CBDDE915
:106E10001E2368A8FBF772FA279001F061FD39463E
:106E20002D90C022A5F1180007F0FAF8279B05F86D
:106E3000163C189B45F8143C2B9B109A45F8103CC7
:106E40002D9B9B1A012745F80C3C0C9B45F8083CF0
:106E500005F8187C9022FEA905F1180007F07AF9D0
:106E6000D4F8D0333B44C4F8D033279B23B99DF8E2
:106E7000F8333BB905F8167C15F8163C002B46D0C4
:106E80000F4A2EE74FF480320023CDE9002302950C
:106E90000DF58561D4E9DA23D1E90001FAF77CFF29
:106EA000A0B9C02303FB0643092683F8DA633346FF
:106EB000E6E700BFAFF30080000000000000000024
:106EC000D0100020AC34010800090020DDF8103497
:106ED000DDF81824DDF8141405F8177CD21ADDF853
:106EE0001C3463EB0103C5E90223DDF84024DDF81F
:106EF0003834DDF83C14D31ADDF8442462EB010287
:106F0000C5E90432D4F8D4330133C4F8D43301369C
:106F1000042E05F1C0057FF4BCAE504B012283F86E
:106F2000CA23002283F8CC238C9ADFED4D7A0C9291
:106F3000DDE98D42F4EEE7DAF1EE10FADDE98F7665
:106F4000919D10920BF1010BBFF6CEAE15980899EA
:106F50004FF4B4720023F9F7CDFF424BCDF80C5437
:106F600004211970DAAD0C9BCDF80474BBF1030F4A
:106F700002464FF00000C8BF00212860D8BF1B990F
:106F80000091D8BF4FF02809CDE9FE344FF0010041
:106F9000109BCDF80034CDE90190D4BF2B460B46B1
:106FA00084A834A9CDF80864FDF706FBBBF1030FF4
:106FB000DEBF119B2A68A3F5D95384ADD8BF03F86F
:106FC000102C8146284AFEA92846FCF757FFDDE928
:106FD0008CE3DDE98EC7DDE99062B9F1000F7FF443
:106FE00083AE191B0C911F4905240C70CDE93AE3BF
:106FF000CDE93E62349B0E9A0121009114999A18B2
:1070000092AE41EBE3730196CDE93CC7FCF7B8FDC6
:107010003AAC0746154A21462846FCF72FFF032FB6
:1070200005D19DF849925FE600230F937CE71B9BF7
:1070300003F5A0731B93159B13F580331593089BE1
:10704000159A43F1000308930899094B494508BF75
:107050009A427FF489AC4FF4BA7B45E6D010002009
:107060000000B943FC380020A4130020BC1300200A
:10707000B4007501D84B07221A7001F031FCBBF542
:10708000B47F5B46A8BF4FF4B473BBF5B47F0890E0
:10709000C4F8AC30C0F2BB81D4F80823934540F06B
:1070A000B681D4F81463A6EB0B02564256410D9AF2
:1070B000DFEDD47A0024A34240F0AB81BBF1000F96
:1070C00000F0AD8107EE104AB8EEC77A87EE878AE6
:1070D000C24B0D9A9FEDCBAA83ED308AB0EE4A7A6F
:1070E00000239C4240F09E81BBF1000F00F0AB8179
:1070F00007EE904AB8EEE70A87EE000A07F0B2FC06
:10710000DFEDB77AB4EEE70AF1EE10FA40F3A081B2
:10711000CAEE007AB14BDFF8D082002783ED310A46
:10712000C3ED9A7AAD4D18F8012B05F1C8033B4425
:10713000B0EE480A214605F6F8501837FCF7D8FD9E
:10714000B7F5907FEED105F5F4730422B0EE480A4E
:10715000214605F6F850FCF7CBFD082205F5007333
:10716000B0EE480A214605F6F850FCF7C1FDB5F827
:1071700034221AB1B4EB420F00F26D81974B00221A
:1071800083F83622954BD3ED357A93F8C82083F8EF
:107190003722C3ED8E7A0022012395ED3B7AB4EEBF
:1071A000E77AF1EE10FAC4BF95F8E020229203F1DD
:1071B0000103C4BF0B9AF0EE477A0C2B05F11805BA
:1071C000EBD1864B22B1229AC3ED8E7A83F8372217
:1071D000DFED837A93ED31AA804DB4EEE7AAF1EEAC
:1071E00010FAC9BF93ED8E7A9FED867AF6EE007A9B
:1071F00067EE277AC4BF6AEE0A6A67EE877A4FF0B5
:107200000607C8BF87EEA67A01222FA920468DF86F
:10721000BC700DF1D408B0EE480A85ED8F7AFDF709
:1072200061F8242385ED900A012230A92046B0EEB2
:10723000480A8DF8C030FDF755F83B4685ED910AB8
:10724000684AF0EE4A0AB0EE480A21464046FDF789
:10725000B7F8359BC5F84832369BC5F84C32379B9A
:10726000C5F850329DF8E1300BB19DF8E03085F85B
:107270005432DAAF0C235C4AF0EE4A0AB0EE480A08
:1072800021463846FDF79CF8DA9BC5F85832DB9B5F
:10729000C5F85C32DC9BC5F860329DF875330BB1E4
:1072A0009DF874334D4ADFF848810D9982F86432B5
:1072B000424600239C4240F0DB802046FCF7DEFF84
:1072C00007EE904A9FED490AB8EEE78A28EE000AD9
:1072D00007F08CFDBDEEC00ADFED4A7A3F4A10EEA2
:1072E000103A013B9C42D8BF04F1FF33BBF1000FC1
:1072F00000F0C8803E4923EAE37301EB83031B6877
:10730000C2F86C3200230D9A0133B2EC017A9C4230
:10731000E7EE077A0D92F6DC87EE880A07F0A2FB0B
:10732000334D3449A7003A462846B0EE408A06F06D
:1073300011FF2046FCF7A2FF9FED327A052C234671
:1073400007EB0502A8BF0523F0EE476A0021F5EC24
:10735000017A013176EEA76A72ED017A8B4237EE3F
:10736000277AF4D107EE903AF8EEE77A224B9FEDB8
:10737000235A87EE276A1F44611E043386EEA77ADC
:10738000D3ED007AD7ED006A76EEE76A07EE901A41
:1073900036EE476AF8EEE75AB6EE007AF0EE477A34
:1073A000E5EE857A9FED165AA5EE857AFDEEE77A31
:1073B000BDEEC77A17EE902A17EE100A22EAE272A3
:1073C0008442C8BF014603EB820203EB8103D2ED86
:1073D000005A93ED007A17E0FC380020D01000200E
:1073E000BD378635E0340108E6340108A4707D3FDE
:1073F000000B0020C81E0020FC0A0020CDCC4C3D14
:107400003333733F0000000077EE657A46E04E4666
:107410004DE6B2EC017A013477EE877A4BE61FED48
:10742000078A55E6F2EC017A77EEC87A0133A7EEC7
:10743000A77AF0EEE77AF4EECA7AF1EE10FAC8BF56
:10744000B0EE67AA4DE61FED110AF0EE407A61E654
:107450005FED147A5EE6012385F83632B0EE480A15
:1074600005F50673214605F6F850FCF741FC89E660
:10747000F1EC017A77EEC87A0133F0EEE77AE2ECCC
:10748000017A17E7C2ED9B7AB0EE677AF0EE675AA1
:10749000B0EE678AF0EE676AB0EE676AD24C9FED95
:1074A000D3AA9FEDD3BA84ED028A2346A3EC016AE6
:1074B000C4ED035A84ED047AC4ED057A04F6CC05D4
:1074C000C3ED006A0027F0EE4AAAA4F55E64BB454E
:1074D0005BD1BBF1000F00F08B8007EE90BAB8EEE5
:1074E000E70A8AEE800A07F0BDFA84ED9C0A84ED73
:1074F0009DAABBF1000F11D0F2EE0E7AB4EEE70AAE
:10750000F1EE10FA77D8F3EE0E7AB4EEE7AAF1EEC8
:1075100010FA94BF4FF0010B4FF0000BB54C0BF07D
:10752000010384F878320BEA060384F8B03001F0E6
:10753000D7F9089BC01AC4F8A00201F0D1F90023C2
:10754000A4F82A3394F828338146ABB194F8293350
:1075500093B1D4F894337BB194F82C6366B9D4F822
:107560003413D4F8A820914206D1D4F8AC20002AD4
:1075700002DDB1F5B47F41DC01F0B2F99D4BA0EB27
:107580000900C3F86403FEF7BDBE249B33F8020F65
:107590002493F9F70DFF55F8040FB4F8B2301844EE
:1075A00080B2B0EE408AF9F703FFDFED937A38EE50
:1075B000400AB4EEE70AF1EE10FA13DCDFED8F7A41
:1075C000B4EEE70AF1EE10FA0FD4E0EE00AA0137AC
:1075D000B0EEC00AB4EECA0AF1EE10FAC8BFB0EEBF
:1075E00040AA74E730EE4B0AE3E730EE0B0AE7E718
:1075F0009FED7E0A79E74FF0000B8FE7D3E9002378
:10760000C4E9DA23DFF800B29FED7D8ADFED7DAAC1
:107610009FED76AAB4253746D4F834339F424BDB2E
:10762000D4F8AC509FED717AC4F8385307EE905AF5
:10763000B8EEE70A00238AEE00BA84EDDEBA9D4276
:1076400000F39D8087EE000A07F00CFA694C6E4843
:10765000FEAB24222946B0EE40AA84EDDF0AB0EE4C
:107660004B0AFCF745FBD4ED317A77EECA7A0DF27E
:10767000044393ED007AC4EDE37AD4ED657A84EDAA
:10768000E07A77EEC77A9FED617AC4EDE47AD4EDC3
:10769000E27AF0EEE77AF4EEC77AF1EE10FA94BFF0
:1076A0000123002338EE6A8A84F82B33012384ED0A
:1076B000E18A84F82A331EE000220023CDE9FE236C
:1076C000D4F8943303EBC7030893FEAB02934FF453
:1076D000B472002328463146F9F70CFCCDE90001CD
:1076E0000899D4E9DA23D1E90001FAF755FB50B93A
:1076F000092384F82C3301F0F3F8A0EB0900C4F857
:107700006403FEF7FFBDDDE9FE2310461946CDE90F
:107710000823F8F743FF3E4B0022F8F76DFF3D4B7F
:107720000022F8F769FFF9F737FAD4F8AC309F4236
:1077300007EE900A11DAF4EEE7AAF1EE10FAF4EE91
:10774000C87AC8BFF0EE67AA3AEE27AAF1EE10FA9F
:10775000CBF80000C8BFB0EE678AB7F5B47F02BFB0
:10776000DDE90823C4EDE27AC4E9DC2315F58035B0
:1077700007F101070BF1040B46F100064CE7F8ECAA
:10778000017A77EECB7A0133A7EEA77A57E79FED20
:10779000178AFEF7F9BDBAF1020F09D11E4B1F4837
:1077A0000A221A7044F62061FCF7CCF9FEF783BC7C
:1077B000BAF1030F05D1184B19480A221A70FEF7C7
:1077C0009ABC45B1144B0A2228461A70FCF74EF9B0
:1077D00001461448E8E70B9B43BB0F4B12480A22B3
:1077E0001A70FEF788BC00BFB01E00200000000029
:1077F0000000B443D010002000003443000034C324
:10780000286B6ECE286B6E4E000B0020CDCC4C3E0C
:10781000008076400000F03DFC380020942D0108E7
:10782000D72D0108162E01084A2E0108139B5BB1C3
:107830000E4B0193169B00930D48DDE9252305218E
:10784000FCF75CF9FEF739BCB0EE480AFEA8FCF77D
:1078500083FEFEA90748FCF775F90748FEA9FCF767
:1078600071F90648FCF76EF9FEF727BC0F0B01080B
:107870008D2E01082A2F0108202F01084F2F010803
:107880002DE9F04F364EDFF80CA13378354FDAF89A
:107890000040DFF804B1DFF80481DFF8049185B01F
:1078A000012C03933B6802939BF80030019398F8F6
:1078B00000300093254638BF0125013D012C8CBFC7
:1078C000002301232A462146D9F80000FEF7D8FB01
:1078D00000238BF80030DAF80020D9F80010224B92
:1078E00088B903201870214B0A2018702048214BBA
:1078F000012C98BF0346204800932B46FCF722F941
:1079000005B0BDE8F08F012C9CBF012088F8000075
:107910000A2A07D903221A700B23009317480A2357
:107920000122EBE71648D0F800C01648C0F800C0A6
:10793000002038603070022018700C4B092018703D
:107940000B480C4B012C98BF03460F4802900F4880
:10795000CDE900300E482B46FCF7F4F8D0E700BF25
:10796000DE080020E0080020F4080020FC38002099
:1079700086040108960401085B2F0108A42F010862
:10798000D8080020E4080020FE0A0108C0D4010045
:1079900013300108E8080020DD080020DC08002082
:1079A000EC0800202DE9F04F5A4E5B4FDFF8A8A1FC
:1079B0005A4CDFF8A89187B0FBF746FE01235848E0
:1079C0003370FCF79DFE00233B7033700022DAF821
:1079D00000008DF8132064230DF1130104F0BDFCA9
:1079E0000546C8B99DF81380B8F1010F14D105A858
:1079F00086F80080F9F7BAFD00285DD10A233370BC
:107A00009DF8173000939DF815209DF816309DF8CD
:107A100014104448FCF796F82378022B2FD1DFF896
:107A20004081D8F800B000F05BFF3F4BA0EB0B00AB
:107A3000984224D900F054FFD8F800303B49C01ACE
:107A40003B4B1860A0F5EA33C03BB3F5967F394B4A
:107A500094BF012200221A700A6802F1010352D970
:107A6000032121700A2131704FF49671CDE9010193
:107A700031490091314932480968FCF763F82378AD
:107A8000032B03D0002DA1D1002B9FD10025257001
:107A9000FBF7DAFD284605F057FD834606F042FA6B
:107AA000804606F045FA5B46024641462548FCF70B
:107AB00049F83D70357089E72378013B012BABD93C
:107AC000D9F800101D4B1C4A1F4884F80080013172
:107AD0001960164BC9F80010C3F800801B4B1D70CD
:107AE0001B4B83F80080124B1D60124B1D700B2343
:107AF000CDE901320A23174A00934346FCF722F8E6
:107B0000FFF7BEFE88E70B6001232370FFF7B8FE86
:107B1000B5E700BFFC380020FD380020F408002045
:107B20007D30010888300108BFD40100E80800203A
:107B3000E0080020DE080020C0D40100EC0800208E
:107B400058310108E7310108D3300108DC08002072
:107B5000DD0800200F0B010804390020F008002088
:107B6000E40800202DE9F047204E33689BBBDFF886
:107B70009890D9F8004074BB1D4D1E4FB620A0460A
:107B80008246214628464FF4B4720023F9F7B2F931
:107B9000A0EB0A0A15F58035AAF1B60A44F10004F3
:107BA000BAF1010F17D8444508BFBD42E8D1012101
:107BB0000022084604F065FB306060B10E4A0F48B1
:107BC000002104F0E2FA0446C9F8000030B9306838
:107BD00004F0F3FB34600020BDE8F087084B01207F
:107BE0001870084B83F80080F6E700BF04390020C6
:107BF000B4000200B4007301BC340108A579000888
:107C0000FD380020FC380020003900200C4B73B5F3
:107C1000186880B10B4D2B7803F0FF065BB9012487
:107C2000334632460DF107012C708DF8074004F001
:107C300063FB18B12E70002002B070BD2046FBE738
:107C400004390020FD380020014B1878704700BF30
:107C5000FD38002028B10023C361036243628362C0
:107C6000C362704770B40C46064658B151B1054620
:107C70000FCC0FC594E8070085E80700304670BCBC
:107C8000FFF7E8BF70BC704700287DD0D0ED017AC7
:107C9000D0ED076A90ED026A90ED007AE7EE806A17
:107CA000D0ED037AF4EEE76AF1EE10FAC8BFF0EE19
:107CB000676AF1EE677AF4EEE67AF1EE10FAD8BF71
:107CC000F0EE667AD0ED086AC0ED077A70EE666A6B
:107CD00020EE077A66EE866A90ED056AB5EEC06A18
:107CE000F1EE10FA43D4F7EE005AB4EEE56AF1EE85
:107CF00010FAD8BFF0EE465A90ED0A6A80ED080AF5
:107D000076EEC66A37EE277AA6EEA56AD0ED047A3B
:107D100080ED0A6A37EE067AB4EEE77AF1EE10FAF1
:107D2000C8BFB0EE677AF1EE677AF4EEC77AF1EE8B
:107D300010FAD8BFF0EE477A90ED067AB5EEC07A29
:107D4000F1EE10FA0ADDD0ED0B6A37EEE66AB4EE1A
:107D5000C67AF1EE10FA0DD576EE877A90ED090A23
:107D6000C0ED0B7A30EE670A80ED090A7047DFED4F
:107D7000085AC1E7F1EE475AF4EEC65AF1EE10FA8E
:107D8000C8BF76EEC77AE9E79FED010A704700BFEA
:107D90000000000010B190ED090A70479FED010A44
:107DA000704700BF00000000F0B59B4D0FCDB1B093
:107DB00001AC0FC495E8070001AF84E807000FCFBE
:107DC00024AE0FC694E80700B0EE000A002486E84F
:107DD000070024A82C942D942E942B942F94FFF715
:107DE00053FFF0EE401ABFEE000AFFF74DFF05F11A
:107DF0000C0CBCE80F0008AF0FC79CE807000DF1A2
:107E0000200E87E80700BEE80F000DF1900CACE8EB
:107E10000F0097E80700B0EE402A86E80700B7EEAB
:107E2000000A24A82C942D942E942B942F94FFF7C1
:107E30002BFF05F1280CBCE80F000FAF0FC79CE823
:107E400007000DF13C0E87E80700BEE80F000DF1BA
:107E5000900CACE80F0097E80700F0EE402A86E8A7
:107E60000700B0EE000A24A82C942D942E942B9495
:107E70002F94FFF709FFB0EE403AB0EE000AFFF78B
:107E800003FF05F1440CBCE80F0016AF0FC79CE8D8
:107E900007000DF1580E87E80700BEE80F000DF14E
:107EA000900CACE80F0097E80700F0EE403A86E847
:107EB0000700B1EE000A24A89DED2B1A2C942D94F6
:107EC0002E942B942F94FFF7DFFE6035B0EE404ADE
:107ED000B1EE000AFFF7D8FE0FCD1DAF0FC795E832
:107EE00007000DF1740C87E80700BCE80F0024AD13
:107EF0000FC597E80700F0EE404A86E80700B0EEAD
:107F0000000A24A82C942D942E942B942F94FFF7E0
:107F1000BBFEB0EE405AB0EE000AFFF7B5FEF0EE41
:107F2000007A71EEA71ADFED3D7AF0EEE11AF4EE79
:107F3000E71AF1EE10FA6DD5B7EE007A32EE072AA5
:107F4000B0EEC22AB4EEE72AF1EE10FA62D5B1EE35
:107F5000047A72EE872AF0EEE22AF4EEE72AF1EED6
:107F600010FA57D5B0EE087A33EE073AB0EEC33ABE
:107F7000B4EEE73AF1EE10FA4CD5F1EE086A73EE82
:107F8000A63AF0EEE33AF4EEE73AF1EE10FA41D514
:107F900031EE471AB0EEC11AB4EEE71AF1EE10FA5C
:107FA00038D5B1EE006A34EE064AB0EEC44AB4EEFB
:107FB000E74AF1EE10FA2DD5B1EE0C6A74EE864A5E
:107FC000F0EEE44AF4EEE74AF1EE10FA22D535EE8F
:107FD000075AB0EEC55AB4EEE75AF1EE10FA19D5C9
:107FE000B2EE027A30EE070AB0EEC00AB4EEE70A4B
:107FF000F1EE10FA0ED59DED2F7A37EE667AB0EEDF
:10800000C77AB4EEE77AF1EE10FA4CBF01200020F7
:1080100031B0F0BD0020FBE7C4FD000817B7D13830
:1080200082B00E4B00220092596C41F48041596499
:10803000596C01F48041009100990192196C41F052
:10804000805119641B6C03F080530193019B0F2135
:108050006FF0010002B000F025BE00BF0038024002
:1080600070B5064688B01422002103A805F0D8FF99
:108070003268244B9A4242D103F58C330025019596
:108080005A6C2148214C42F480725A645A6C02F4B2
:1080900080720192019A02951A6B42F001021A63F2
:1080A0001B6B03F001030293029B1222032303A91B
:1080B000CDE9032301F016F8154B4FF48061C4E9B4
:1080C00000354FF400634FF40050C4E904134FF43B
:1080D0008073C4E906032046C4E90255C4E9085583
:1080E00000F036FE08B1FAF777FFB46312200022E1
:1080F0000521A66300F0D6FD122000F005FE08B0B1
:1081000070BD00BF0020014000000240B807002001
:108110001064024070B514228AB0064600210DEBAF
:10812000020005F07DFF33683C4A934225D13C4C68
:108130003C4800250195236B43F002032363236B26
:1081400003F002030193019B4FF4C0761223CDE9A3
:1081500005634FF0030C042305A9CDE908C300F023
:10816000C1FF0295236C43F400132364236C03F4D2
:1081700000130293029B0AB070BD2B4A9342FAD1BE
:10818000274C284800250395236B43F00203236303
:10819000236B03F002030393039B4FF4406212230B
:1081A000CDE905230123079305A90423099300F0D2
:1081B00099FF0495236C1D4843F480032364236CCA
:1081C0001B4C03F480030493049B4FF06063C4E9E9
:1081D00000034023C4E9023520464FF48063C4E91C
:1081E0000435C4E90655C4E9085500F0B1FD08B1ED
:1081F000FAF7F2FE7463002205212120A66300F045
:1082000051FD212000F080FD00220521222000F0F8
:1082100049FD222000F078FDADE700BF005400408A
:10822000003802400004024000580040B86002409C
:10823000B006002070B5064688B01422002103A8BD
:1082400005F0EEFE3268344B9A4263D1002503F507
:10825000843301955A6C42F480525A645A6C02F489
:1082600080520192019A02951A6B42F002021A633F
:108270001B6B03F002030293029B38200223CDE91B
:10828000030301240323CDE905432448244C05239B
:1082900003A9079300F026FFDFF890C04FF0C063FA
:1082A000C4E900C34FF48063C4E9043520464FF4A9
:1082B0000033C4E90255C4E90655C4E9083500F0A5
:1082C00047FD08B1FAF788FE164AF464A663164C17
:1082D0004FF0C063C4E9002300234FF48062C4E977
:1082E000042340214FF400322046C4E90213C4E9BC
:1082F0000633C4E9082300F02BFD08B1FAF76CFE41
:108300002320B46400220521A66300F0CBFC2320C7
:1083100000F0FAFC08B070BD0030014000040240DB
:10832000F80500205864024098050020406402408F
:1083300010B5044688B01422002103A805F070FE91
:108340002368204A93420DD1002300931E4B5A6CA0
:1083500042F001025A645B6C03F001030093009B3E
:1083600008B010BDB3F1804FFAD103F50E330024ED
:1083700001941A6C154842F001021A641A6C02F05A
:1083800001020192019A02941A6B42F001021A63EF
:108390001B6B03F001030293029B4FF40042022384
:1083A000CDE9032303A901230593079300F09AFE67
:1083B000224605211C2000F075FC1C2000F0A4FCC6
:1083C000CEE700BF0000014000380240000002403C
:1083D00007B50E4B02689A4216D1002203F59A3374
:1083E0000192596C41F0020159645B6C03F0020385
:1083F000019305212D20019B00F054FC2D2003B09A
:108400005DF804EB00F080BC03B000BD0004014047
:1084100010B5044688B01422002103A805F000FE20
:1084200023681A4A934218D100230193184B194824
:108430001A6B42F001021A631B6B03F001030193F4
:108440004FF4E061019B0223CDE90313012307935D
:1084500003A900F047FE08B010BD0F4A9342FAD1BD
:10846000002302930A4B0D481A6B42F004021A6370
:108470001B6B03F004030293029B40220223CDE90D
:1084800003230323079303A9E3E700BF0000014090
:108490000038024000000240000401400008024091
:1084A00070B514228AB0054600210DEB020005F0DC
:1084B000B7FD2B68624A934260D1624B6248634CBD
:1084C000002601961A6C42F400321A641A6C02F407
:1084D00000320192019A02961A6B42F001021A636D
:1084E0001B6B03F001030293029B0C220223CDE9D4
:1084F000052303210723CDE9081305A900F0F2FDA8
:1085000053484FF00063C4E900034023C4E9023636
:1085100020464FF48063C4E90436C4E90666C4E922
:10852000086600F015FC08B1FAF756FD6C63DFF839
:108530003CE1A563474C4FF000634FF48062C4E90F
:1085400000E30023C4E9042320464FF48072C4E909
:108550000233C4E90723A361636200F0F9FB08B1A9
:10856000FAF73AFDAC63262000220521A56300F04E
:1085700099FB262000F0C8FB0AB070BD364A934232
:10858000FAD1304B354C002603961A6C42F4802207
:108590001A641A6C02F480220392039A04961A6BEE
:1085A00042F004021A631B6B03F004030493049B60
:1085B0004FF440610223CDE9051303200723CDE9E1
:1085C000080305A9264800F08DFDDFF8A4C04FF090
:1085D0000063C4E900C34023C4E9023620464FF4D7
:1085E0008063C4E90436C4E90666C4E9086600F09D
:1085F000AFFB08B1FAF7F0FC1A4A6C63A5631A4C9A
:108600004FF00063C4E9002300234FF48062C4E903
:10861000042320464FF48072C4E90233C4E90723DF
:10862000A361636200F094FB08B1FAF7D5FCAC6378
:10863000272000220521A56300F034FB272099E7BD
:10864000004400400038024000000240D8030020EF
:10865000A06002407803002000480040180300207A
:108660000008024028600240B802002088600240F2
:108670005860024030B589B000230293204B1A6C39
:1086800042F480721A641B6C03F4807302930546F3
:1086900001A903A8029B01F08FFF069B4BBB01F0D1
:1086A0006BFF184A184B136040F2E733D360174B47
:1086B000B0FBF3F3013B536010460023136193605A
:1086C000936102F0E9FE044680B90E4802F0B2FD63
:1086D000044658B92D2000F017FB0F2D0DD8224667
:1086E00029462D2000F0DEFA094B1D60204609B016
:1086F00030BD01F041FF4000D3E70124F6E700BFA1
:1087000000380240083900200020004040420F009D
:1087100008000020FEE7FEE7FEE7FEE7FEE7704701
:10872000014800F01DBC00BFB8020020014800F065
:1087300017BC00BF18030020014800F011BC00BFA7
:1087400078030020014800F00BBC00BFD8030020D4
:10875000014800F074B900BF18080020014802F079
:10876000A8BD00BF08050020014800F0B3BF00BF4E
:1087700010070020014801F0F1BB00BF10070020E6
:10878000014803F07BBB00BF7C040020014803F0DC
:1087900075BB00BF3804002008B5044802F089FD0D
:1087A000BDE80840024802F084BD00BFC0040020BC
:1087B00008390020014800F0D3BB00BFB0060020FC
:1087C000014800F0CDBB00BFB8070020014800F011
:1087D000C7BB00BFF8050020014800F0C1BB00BFC7
:1087E00098050020014802F017BC00BF5806002081
:1087F0000A4A0346106810B508B9094810600949CB
:10880000094C0344091B8B4206D905F06FFC0C236D
:1088100003604FF0FF3010BD1360FCE750390020BB
:1088200088EA01200000022000040000034AD2F878
:10883000883043F47003C2F88830704700ED00E0E0
:10884000DFF834D00D480E490E4A002302E0D45818
:10885000C4500433C4188C42F9D30B4A0B4C002388
:1088600001E013600432A242FBD3FFF7DFFF05F003
:1088700043FCFAF715FC70470000022000000020BE
:1088800060000020903901086000002084EA012087
:10889000FEE7000008B50B4B1A6842F400721A603C
:1088A0001A6842F480621A601A6842F480721A6090
:1088B000032000F0E5F90520FFF7DCFEFFF7B0FB31
:1088C000002008BD003C0240034A044B11681B789D
:1088D0000B441360704700BF54390020040000208F
:1088E000014B1868704700BF5439002038B5044662
:1088F000002800F09B80056C25B9FFF7B1FB65648B
:1089000084F83C50236CDB0600F18E80236C23F44A
:10891000885323F0020343F002032364444B5A6854
:1089200022F440325A605A6861680A435A602368E8
:1089300021695A6822F480725A605A6842EA012218
:108940005A605A68A16822F040725A605A680A4315
:108950005A609A68E16822F400629A609A680A4351
:108960009A603449A26A8A4252D0996821F07061B3
:10897000996099680A439A609A68E16A22F04052C5
:108980009A609A680A439A609A6822F002029A6092
:108990009A68217E42EA41029A6094F82020002AD7
:1089A0003ED05A68616A42F400625A605A6822F402
:1089B00060425A605A68013942EA41325A60DA6AC2
:1089C000E16922F47002DA62DA6A013942EA01529C
:1089D000DA629A6822F400729A609A6894F8301009
:1089E00042EA41229A609A68616922F480629A6040
:1089F0009A68002042EA81229A606064236C23F026
:108A0000030343F001032364002384F83C3038BDA2
:108A10009A6822F070629A609A6822F04052B2E737
:108A20005A6822F40062C9E70120EDE70120EEE771
:108A3000002301400100000F704770477047036832
:108A400070B51E685D68B20704462BD5A80629D507
:108A5000226CD1065EBF226C42F4007222649A68D6
:108A600012F0405F17D1227EAAB9DA6A12F4700FB1
:108A700002D09A6852050ED45A6822F020025A6039
:108A8000236C23F480732364236CD8045EBF236CAF
:108A900043F0010323642046FFF7CEFF23686FF005
:108AA00012021A60710733D52A0631D5236CDB0612
:108AB0005EBF236C43F40053236423689A6812F466
:108AC000401F1ED19A6B12F4401F02D09A685005C5
:108AD00017D45A68510514D49A6812F0405F10D127
:108AE000227E72B95A6822F080025A60236C23F405
:108AF00080532364236CDA055EBF236C43F00103CB
:108B00002364204600F0BAF823686FF00C021A6064
:108B1000F30710D568060ED523681B68D9070AD558
:108B2000236C43F4803323642046FFF786FF2368D9
:108B30006FF001021A60B2060ED56B010CD5636CA2
:108B400043F00203636423686FF020051D60204634
:108B5000FFF774FF23681D6070BD0000F7B50023A8
:108B6000019390F83C30012B05467CD0012380F81E
:108B70003C3008682B688E68092884B230D904EB31
:108B80004402DF681E3A4FF0070C0CFA02FC27EA99
:108B90000C07DF60DF6806FA02F23A43DA604968E0
:108BA000062901EB81022AD8596B053A1F26964007
:108BB00021EA06015963596B04FA02F20A435A6327
:108BC0002A4A934207D1122834D1D2F8043343F40D
:108BD0008003C2F80433002085F83C0003B0F0BDE8
:108BE0001A6900EB400C072707FA0CF722EA070284
:108BF0001A611A6906FA0CF616431E61CFE70C29B2
:108C00004FF01F010BD81E6B233A914026EA010159
:108C10001963196B04FA02F20A431A63D0E7DE6A99
:108C2000413A914026EA0101D962D96A94400C4345
:108C3000DC62C5E7A0F11003012BCCD80C4A5368C5
:108C4000102843F400035360C5D10A4B0A4A1B683D
:108C5000B3FBF2F30A2253430193019B002BBAD0DA
:108C6000019B013BF8E70220B8E700BF002001406C
:108C7000002301400000002040420F007047000028
:108C80000749CA6822F4E0620302120403F4E063B5
:108C9000120C134343F0BF6343F40033CB607047BF
:108CA00000ED00E0164B30B5DC68C4F30224C4F1DB
:108CB0000703251D042B28BF0423062D4FF0FF3585
:108CC0008CBF033C002405FA03F321EA0303A5400B
:108CD00022EA0502A340002843EA0203ACBF00F1E8
:108CE0006040084A4FEA0313B8BF00F00F00DBB240
:108CF000AABF00F56140135480F8003330BD00BFB7
:108D000000ED00E014ED00E0002807DB4109044A13
:108D100000F01F000123834042F82130704700BF5C
:108D200000E100E0036810B5084C0246D9B21039E2
:108D30001820B1FBF0F0205CD06523F47F7020F0A8
:108D400003005F2988BF0430906510BD60350108BD
:108D500070B50446FFF7C4FD0546002C60D0022321
:108D600084F835302268002384F83430136823F007
:108D70000103136022681368D8072ED413683248A1
:108D8000A1691840D4E901352B43E5682B432569D7
:108D90002B4365692B43E5690B432B43256A2B4322
:108DA0000343606A042802BFD4E90B5635432B43C2
:108DB00013605369042823F0070343EA000335D105
:108DC000A06AE56A03438DB391B9012820D030F041
:108DD00002012BD1E90129D51DE0FFF781FD401BE0
:108DE0000528C7D920230320636584F8350070BDAA
:108DF000B1F5005F16D1032818D801A151F820F071
:108E0000178E0008D58D0008178E0008118E0008F7
:108E1000B5F1C07F0AD140236365012384F8353062
:108E20000120E4E70228F6D90328D3D05361204675
:108E3000FFF778FFE26D3F2393408360002001231A
:108E4000606584F83530D2E73F8010F070B590F857
:108E50003440866D012C30D0012480F8344090F8E5
:108E60003540012C4FF0000425D1022580F8355003
:108E700044650468256825F480252560636083685F
:108E8000402B0EBFA260A160E260C26D08BFE1602E
:108E90003F239340B360236843F016032360036CC1
:108EA0001BB1236843F008032360236843F00103E8
:108EB0002360002070BD80F834400220FAE770B5CE
:108EC0000446866DFFF70CFD94F83530022B0546FD
:108ED00006D0802363650120002384F8343070BD00
:108EE00023681A6822F016021A605A6922F080027A
:108EF0005A61226C0AB9A26C1AB11A6822F00802EF
:108F00001A601A6822F001021A602368186810F0CB
:108F1000010007D1E26D3F239340B360012384F841
:108F20003530D9E7FFF7DCFC401B0528EDD92023BD
:108F30000320636584F83500CEE790F83530022BC6
:108F400003D080234365012070470268052380F821
:108F50003530136823F001031360002070470000D0
:108F6000F7B5002301935C4B856D1F68C36D2E68B8
:108F700008229A40324204460CD001680868400733
:108F800008D5086820F004000860AA60626D42F00D
:108F90000102626501229A40324208D02168496983
:108FA000090641BFAA60626D42F0020262650422B6
:108FB0009A40324208D021680968880741BFAA60F8
:108FC000626D42F00402626510229A40324210D073
:108FD0002368196809070CD5AA601A68500337D5A9
:108FE0001B68190301D4236C00E0A36C0BB120466D
:108FF0009847E16D20228A4032423AD023681868AF
:10900000C60636D5AA6094F83520052A1A6827D1F5
:1090100022F016021A605A6922F080025A61226C0C
:109020000AB9A26C1AB11A6822F008021A603F232A
:109030008B40AB60012384F83530002384F8343052
:10904000236D002B45D0204603B0BDE8F040184703
:109050001A68D2055EBF1A6822F008021A60C2E7D9
:10906000500327D51B68190331D4636C0BB120461C
:109070009847636D6BB3636DDA0719D522684FF4B7
:109080001653B7FBF3F7052384F83530136823F044
:1090900001031360019B0133BB42019302D81368A3
:1090A000DB07F7D4012384F83530002384F834300B
:1090B000E36CC6E71A6812F4807208D1196821F0CF
:1090C00010011960012384F8353084F83420E36BF3
:1090D000CCE703B0F0BD00BF0000002090F83500E1
:1090E000704700002DE9F74FDFF8A491664A00238E
:1090F0000D6801249C4004EA0506AC4340F0AF80B3
:109100004D68032705F003044FEA430807FA08FCFB
:10911000671E012F6FEA0C0C34D8876807EA0C0E23
:10912000CF6807FA08F747EA0E078760476827EA1B
:10913000060EC5F300179F4047EA0E074760C76851
:1091400007EA0C0E8F6807FA08F747EA0E07022CA9
:10915000C76019D14FEAD30A00EB8A0A03F0070B64
:10916000DAF820704FEA8B0B4FF00F0E0EFA0BFE61
:1091700027EA0E0E0F6907FA0BF747EA0E07CAF83F
:10918000207001E0032CDAD1076804FA08F407EA3A
:109190000C073C4315F4403F046060D00024019468
:1091A000D9F8444044F48044C9F84440D9F84440D4
:1091B00023F0030707F1804704F4804407F59C3748
:1091C000019403F0030C019CD7F808E04FEA8C0CE3
:1091D0000F2404FA0CF42EEA040E2C4CA04245D0C5
:1091E00004F58064A04243D004F58064A04241D0DD
:1091F00004F58064A0423FD004F58064A0423DD0D5
:1092000004F58064A0423BD004F58064A04239D0CC
:1092100004F58064A04214BF0824072404FA0CF467
:1092200044EA0E04BC609468F74315F4801F0CBF39
:109230003C4034439460D46815F4001F0CBF3C409C
:109240003443D460546815F4003F0CBF3C403443B1
:1092500054601468ED0354BF3C4034431460013340
:10926000102B7FF445AF03B0BDE8F08F0024D5E7A5
:109270000124D3E70224D1E70324CFE70424CDE778
:109280000524CBE70624C9E7003C0140000002406A
:109290000038024000690840003818BF01207047BC
:1092A0000AB1816170470904FBE7436901EA0302DF
:1092B00021EA030141EA02418161704770B5044629
:1092C00008B9012070BD90F83D3003F0FF021BB9D2
:1092D00080F83C20FEF71EFF242384F83D302368ED
:1092E0001A6822F001021A601A6842F400421A60F9
:1092F0001A6822F400421A6001F03EF93F4B65689B
:109300009D4294BF3E4B3F4B98428CBF00230123AC
:10931000002BD6D12268394E51683B4BB0FBF3F39A
:1093200021F03F011943B542516088BF4FF4967652
:10933000116A88BF734321F03F0184BF4FF47A76EE
:10934000B3FBF6F301330B431362D169431E2B4881
:1093500021F44F41854221F0FF0132D86D0040F6E3
:10936000FC70B3FBF5F30133034242D0C3F30B03AC
:109370001943D161D4E907301168034321F0C001DA
:109380000B4313609168D4E9030321F403410343C1
:1093900021F0FF010B439360D4E90530D16803430A
:1093A00021F0FF010B43D360136843F00103136006
:1093B00000202023206484F83D30206384F83E00A0
:1093C00080E7A06850B905EB4505B3FBF5F3013321
:1093D000C3F30B037BB143F40043C9E7192068438F
:1093E000B3FBF0F30133C3F30B0323B143F4404366
:1093F000BEE70423BCE70123BAE700BFA086010053
:109400007F841E00FF083D0040420F0070477047F8
:109410007047704770477047704790F83D2008B517
:10942000036DD2B283B9C36C0268012B836C05D182
:10943000DBB21361036D0233036508BDC3F3072379
:109440001361036D0133F7E7036D012B03D1836CC7
:109450000268DBB2F4E7036D022BEED1222A05D1BC
:109460000268136843F480731360EAE7438D9BB28C
:1094700063B1212A0AD1436A026813F8011B116102
:109480004362438D013B9BB24385D6E7438D9BB23C
:10949000002BD2D1212AD0D10268516821F4E06199
:1094A0005160116841F4007111602022036380F85B
:1094B0003D2080F83E30FFF7AFFFBEE770477047B2
:1094C0007047000037B5002301932D4B806B1B685C
:1094D00090F83D2046F2A811B3FBF1F323214B4352
:1094E00001930368D2B2019941BB016C41F02001A4
:1094F0000164446B0CB10021E163816B09B100256B
:10950000CD631D6825F480651D600025458504B187
:10951000256501B10D65196821F00101196090F808
:109520003D10602911D1202380F83D30002380F8C0
:109530003E300364FFF7C4FF03B030BD0199013929
:10954000019119688905CED4D3E702F02802282AB0
:109550000ED1196841F001011960196841F4806168
:1095600019600023036380F83D20FFF7A8FFE3E7BD
:10957000202380F83D30002380F83E30F5E700BF1F
:109580000000002010B590F83D2090F83E30102BE0
:10959000D9B204460368D2B201D0402913D1222A9D
:1095A00011D1196821F400611960596811F4006142
:1095B00006D1602A1EBF202284F83D2084F83E1088
:1095C0000022226307E002F028012829EDD10022C1
:1095D000226384F83D105A6812F400624FD05A6832
:1095E000606B22F400625A6090F83530012B374BE3
:1095F0002BD00365FFF7A1FC50B12268606B1368A4
:1096000023F001031360202384F83D30036D984755
:10961000236C19071FBF2268536823F4E06353606B
:1096200094F83D30226C5207DBB20DD5282B0BD1BC
:10963000274BE362202200232363204684F83D2049
:1096400084F83E30FFF7E7FE10BDA06B0365FFF71F
:1096500074FC0028DCD023685A69510605D51A69C4
:10966000636A1A70636A013363622268A06B1368CD
:1096700023F001031360202384F83D30C6E794F8FB
:109680003D10602915D1202184F83D1022645A69CB
:10969000520605D51A69636A1A70636A01336362F8
:1096A0002268136823F0010313602046FFF708FFC8
:1096B000AEE75A69500605D51A69636A1A70636A7B
:1096C000013363622046FFF7FAFEA1E7C594000864
:1096D0000000FFFFF0B5036804465A68C66A90F8B8
:1096E0003E0094F83D1010288FB0C5B2C9B202D028
:1096F000402D40F0CF829F69586910F0010F07D1CB
:10970000B6F52A0F02D0B6F12A4F51D10FB0F0BDF5
:1097100096054DD5E26AB2F52A0F0CD10122E2621C
:1097200094F83E20402A11D1226D52B9626C02F0A9
:10973000FE021A61EAE7E26AB2F12A4FF0D108228A
:10974000EDE7626C42F00102D2B2F2E72269B2F5B3
:10975000804F1AD194F83D20212A626C11D102F079
:10976000FE021A61626B0AB1D26B2AB9A26B002A9F
:10977000CCD0D26B002AC9D05A6842F400625A6039
:10978000C4E742F00102D2B2EBE7226D32B9626C5B
:10979000D21102F0060242F0F002CAE7226D012A5D
:1097A000B4D1626CD21102F0060242F0F102C0E7BD
:1097B000060703D5960501D5626CE4E7860740F1FC
:1097C000E880960540F1E58094F83E10E26A256B4A
:1097D00094F83D002228C9B240F0D380206D40B9F2
:1097E000402906D101905A6901929B690193019B1E
:1097F0008CE7216D89B92069B0F5404F0DD10291F8
:109800005A6902929A690292029A1A6842F4807224
:109810001A60236D0133236578E7618D89B251B9F0
:1098200003915A6903929A690392039A1A6842F45F
:1098300000721A6019E0618D89B2012949D112F5CF
:10984000803F1BD11A6822F480621A605A6812F4B1
:1098500000620CD01A6822F480621A60002204921E
:109860005A6904929B690493049B0023D3E70592F1
:109870005A6905929A690592059AD7E7082A1CD079
:10988000202A1AD0122D0DD1012A16D11A6822F4DD
:1098900080621A60002206925A6906929B690693BA
:1098A000069BE2E7102AF1D8974941FA02F2D7075E
:1098B000ECD41A6842F48062EBE71A6822F4806202
:1098C0001A60002207925A6907929A690792079ACA
:1098D000ACE7618D89B2022930D1102A03D88B49B7
:1098E000D140CE0715D4196821F480611960196838
:1098F00041F40061196059680D0514D5202A1AD861
:10990000072A0AD8012A0ED15A6842F480525A60B6
:1099100009E0196841F48061ECE7A2F108017C4A92
:10992000CA40D007F0D4002208925A6908929B6975
:109930000893089B99E712F5803FE4E7196841F422
:10994000806119605968090510D5202A16D8072AA0
:1099500006D8012A0AD15A6842F480525A6005E0BA
:10996000A2F108016A4ACA40D207F4D4002209923F
:109970005A6909929B690993099B76E712F5803F22
:10998000E8E700220A925A690A929B690A930A9BA5
:10999000BCE67F0740F18D805E6836053FF5B6AEC8
:1099A000070600F004063ED550053CD5002E3DD1FB
:1099B00094F83D20258D94F83E10E06AD2B2C9B2E9
:1099C000C5B9212A18D1082858D0202856D010F51A
:1099D000803F53D05A6822F4E0625A601123236317
:1099E000002384F83E30202384F83D302046FFF7E2
:1099F0000DFD8BE6212A05D040297FF487AE222A6F
:109A00007FF484AE628D92B21AB95A6822F48062F1
:109A1000B5E694F83E20402A16D120460FB0BDE8A6
:109A2000F040FFF7FABC002E3FF470AE97057FF5CB
:109A30006DAE212939D1E16A94F83D20212A7FF4C5
:109A400065AE628D92B24AB1626A12F8011B196169
:109A50006262638D013B9BB2638557E608290DD096
:109A600020290BD011F5803F08D0596821F4E0611E
:109A700059601123236384F83E20B4E75A6822F426
:109A8000E0625A601A6842F400721A6000232022D1
:109A9000236384F83D2094F83E2084F83E30402A29
:109AA0002046A4D1FFF7B8FC30E6402D7FF42EAE5F
:109AB000B3E759680E053FF529AE450600F00401ED
:109AC0007DD550057BD500297CD194F83D20222AF4
:109AD0007FF41CAE628D92B2032A1BD91A69636AA5
:109AE0001A70636A01336362638D013B9BB26385C5
:109AF000638D9BB2032B7FF409AE2268536823F475
:109B00008063536002E600BFEBFFFEFF140001001C
:109B100001010001E06A02283FF477AF012A3FF615
:109B200074AF764A0B91126846F2A811B2FBF1F2BB
:109B300002EB82020B920B9A013A0B920B99D1B96C
:109B4000226C42F0200222645A6822F4E0625A60D9
:109B50001A69636A1A70636A01336362638D013B39
:109B60009BB26385202384F83D30204684F83E1064
:109B7000FFF7A5FCCAE51A6812F40072DBD1196878
:109B800021F480611960596821F4E0615960196914
:109B9000636A1970636A01336362638D013B9BB230
:109BA0006385202384F83D3094F83E3084F83E20CD
:109BB000402B69D122632046FFF780FCA6E50029EF
:109BC0003FF4A4AD92057FF5A1ADE26A608D616AB4
:109BD00080B2042809D15A6822F480625A601B6955
:109BE0000B70636A0133636233E7608D80B20328D0
:109BF0000CD15868042A20F480605860EFD0022A03
:109C0000EDD01A6822F480621A60E8E7608D80B2B5
:109C10000228E4D1042A33D007D8012A07D0022A27
:109C20002ED01A6842F4007204E0102AF9D11A68A2
:109C300022F480621A601B690B70626A531C6362B3
:109C4000638D013B9BB2638523681B695370636A14
:109C5000226801336362638D013B9BB26385536865
:109C600023F440735360202384F83D3094F83E3051
:109C7000402B4FF0000384F83E3005D123639AE770
:109C80001A6842F48062D5E7122323632046FFF767
:109C9000BEFB3BE5206C18B35869002587072FD51C
:109CA00096052DD5226C02B19D6994F83D2002F0F5
:109CB0002802282A17D15A682F0622F480625A6097
:109CC000C5F3800154BFE268A269002381F001015D
:109CD000C9B284F83C3092B22046FFF79BFB15E5F1
:109CE0009D695869DAE700220C9259690C919B69C9
:109CF0000C930C9B84F83C2008E500BF000000207A
:109D0000C60640F1B180950540F1AE8094F83D5013
:109D10005A6822F4E0625A6000220D925A690D924C
:109D20001A6842F001021A600D9A1A6822F48062E1
:109D30001A605A681005EDB220D505F0F702222A04
:109D40004AD1A06B0268526892B26285628D92B26B
:109D50001AB1226C42F0040222645A6822F40062B2
:109D60005A60FFF7BBF9012808D0A06B794B036557
:109D7000FFF7E3F810B1A06B036D9847638D9BB2BA
:109D800013B323685A69510709D51A69636A1A70AF
:109D9000636A01336362638D013B9BB26385236811
:109DA0005A69520609D51A69636A1A70636A0133DF
:109DB0006362638D013B9BB26385638D9BB21BB174
:109DC000236C43F004032364236C13B320460FB0C9
:109DD000BDE8F040FFF7D6BB606B0268526892B2F4
:109DE0006285628D92B21AB1226C42F00402226442
:109DF0005A6822F400625A60FFF770F90128BDD05A
:109E0000606B544B0365FFF798F80028B6D0606B81
:109E1000B2E72A2D06D12363282384F83D3020465B
:109E2000FFF7F7FA94F83D30282B0CD14A4BE36248
:109E3000202200232363204684F83D2084F83E300E
:109E4000FFF7E9FA62E4236B222B02D0222D7FF484
:109E50005DAC00232022236384F83D2084F83E304B
:109E60002046FFF7D6FA51E401F0F701212900F06E
:109E7000040535D1070627D5560525D53DBB94F8F1
:109E80003D00628D92B2C0B2002A3FF43FAC626ADC
:109E900012F8015B1D616262628D013A92B26285C5
:109EA000628D92B2002A7FF431AC29287FF42EAC67
:109EB0005A6822F480625A6028232163204684F87D
:109EC0003D30FFF7A5FA21E4002D3FF41FAC9505C6
:109ED0007FF51CAC628D92B2002A3FF417ACB3E55B
:109EE000400627D5510525D53DBB94F83D20618D11
:109EF00089B2D2B200293FF409AC1969636A1970BA
:109F0000636A01336362638D013B9BB26385638D3A
:109F10009BB2002B7FF4FAAB2A2A7FF4F7AB2268BE
:109F2000536823F48063536022232363282384F837
:109F30003D3095E7002D3FF4E9AB92057FF5E6ABA8
:109F4000628D92B2002A3FF4E1AB1A69636A1A701B
:109F500047E600BFC59400080000FFFFF8B503689E
:109F60005F695E6890F83E2017F480750446D2B2AF
:109F700006D016F480751EBF6FF4807159610125FB
:109F8000B80506D5F10542BF6FF4007145F0020532
:109F90005961780536D5F10534D5608D94F83D10BA
:109FA000D4F830C0202A80B2C9B25BD1002859D180
:109FB00001F0F700212804D0282953D1BCF1210F4A
:109FC00050D194F83D20E16A0829D2B201D020296D
:109FD0002AD1282A28D12C4AE2625A6822F4E06267
:109FE0005A606FF480625A611A6822F480621A60C3
:109FF000002320222363204684F83D2084F83E304D
:10A00000FFF709FA3A053BD5F30539D523686FF414
:10A01000006245F008055A61236C1D432564204603
:10A02000BDE8F840FFF7AEBA212A17D11649E16220
:10A030002263202284F83D20002284F83E205A68C2
:10A0400022F4E0625A606FF480625A611A6822F466
:10A0500080621A602046FFF7DBF9D3E76FF4806275
:10A060005A61CFE76FF48061102A596145F0040509
:10A0700001D0402AC6D11A6842F400721A60C1E7C2
:10A08000002DC9D1F8BD00BF0000FFFF2DE9F3414D
:10A09000044640B30368DE0710D423689D075BD4F1
:10A0A0002368190700F19D8023685A0700F1BD80DD
:10A0B000A369002B40F0248100202CE08D4B9A688E
:10A0C00002F00C02042A07D09A6802F00C02082A57
:10A0D0000BD15B68590208D5864B1B689A03DCD507
:10A0E0006368002BD9D1012015E06368814DB3F579
:10A0F000803F13D12B6843F480332B60FEF7F0FBD5
:10A100007C4E054633689B03C7D4FEF7E9FB401B32
:10A110006428F7D9032002B0BDE8F081B3F5A02F81
:10A1200004D12B6843F480232B60E3E72A6822F4F0
:10A1300080322A602A6822F480222A60002BDDD136
:10A14000FEF7CEFB06462B689F03A6D5FEF7C8FB9D
:10A15000801B6428F7D9DDE7664B9A6812F00C0F74
:10A1600007D09A6802F00C02082A11D15B685D02E0
:10A170000ED4604A1368990702D5E368012BB2D167
:10A180001368216923F0F80343EAC103136087E7EA
:10A19000E268594BB2B101221A60FEF7A1FB554D9E
:10A1A00006462B689B0707D52B68226923F0F80326
:10A1B00043EAC2032B6073E7FEF792FB801B022881
:10A1C000EFD9A7E71A60FEF78BFB4A4E05463368C6
:10A1D0009F077FF565AFFEF783FB401B0228F6D98A
:10A1E00098E76269444B82B10122C3F8802EFEF7E2
:10A1F00077FB404E0546736F9B073FF555AFFEF763
:10A200006FFB401B0228F6D984E7C3F8802EFEF7C7
:10A2100067FB384E0546736F9F077FF545AFFEF726
:10A220005FFB401B0228F6D974E7324B1A6C12F020
:10A23000805228D101921A6C42F080521A641B6C31
:10A2400003F080530193019B01272C4D2B68D80507
:10A250001BD5A368274D012B27D12B6F43F001039A
:10A260002B67FEF73DFB234E054641F28838336FDE
:10A270009A0739D5002F3FF41BAF1E4A136C23F009
:10A280008053136414E70027DFE72B6843F48073DF
:10A290002B60FEF725FB06462B68D905D9D4FEF7BF
:10A2A0001FFB801B0228F7D934E7052B04D12B6F45
:10A2B00043F004032B67D0E72A6F22F001022A67DC
:10A2C0002A6F22F004022A67002BCAD1FEF708FB8E
:10A2D00041F2883806462B6F9B07CBD5FEF700FB73
:10A2E000801B4045F7D915E7FEF7FAFA401B4045B9
:10A2F000BDD90FE70038024000004742007000401F
:10A30000374DAA6802F00C02082A3ED0022B354BCA
:10A310004FF000021A662BD1FEF7E2FA06462B68D0
:10A3200099011FD4D4E907321343626A43EA8213C6
:10A33000E26A43EA0263A26A5208013A43EA02432C
:10A340006B60284B264D01221A66FEF7C9FA0446B7
:10A350002B689A013FF5B0AEFEF7C2FA001B022847
:10A36000F6D9D7E6FEF7BCFA801B0228D7D9D1E68A
:10A37000FEF7B6FA04462B689B017FF59DAEFEF70B
:10A38000AFFA001B0228F6D9C4E6012B3FF4ABAEAE
:10A390006B68E26903F4800191427FF4A4AE216A04
:10A3A00003F03F028A427FF49EAE616A47F6C072B4
:10A3B0001A40B2EB811F7FF496AEA26A520803F4F2
:10A3C0004031013AB1EB024F7FF48DAEE26A03F007
:10A3D0007063B3EB026F14BF012000209BE600BF47
:10A3E0000038024000004742134908B58B6803F06B
:10A3F0000C03042B1CD0082B1CD14A684B684968FD
:10A4000013F4800314BF0D480D48C1F3881118BF21
:10A41000002302F03F02A1FB0001F6F76BFD064BA3
:10A420005B68C3F3014301335B00B0FBF3F008BD8D
:10A430000248FCE70248FAE70038024000127A00BE
:10A440000024F4002DE9F0410D46044610B9012026
:10A45000BDE8F081434B1A6802F007028A4228D314
:10A4600021688F072DD4C80740D43E4B1A6802F0EC
:10A470000702AA4265D8226851076BD4130707D593
:10A48000394A2169936823F4604343EAC103936026
:10A49000FFF7AAFF344B354A9B68C3F30313D35C21
:10A4A000D840334B1860334B1868FEF7E3F80020B0
:10A4B000CEE7CAB21A701B6803F007038B42C6D1FD
:10A4C000CEE7294B11F0040F1EBF9A6842F4E05208
:10A4D0009A600E0742BF9A6842F460429A609A6896
:10A4E000A06822F0F00202439A60BCE762681E4B4B
:10A4F000012A1CD11B6813F4003FA8D01A4EB36880
:10A5000023F003031343B360FEF7EAF941F28838FE
:10A510000746B368626803F00C03B3EB820FA4D064
:10A52000FEF7DEF9C01B4045F3D9032090E7911EEA
:10A5300001291B6802D813F0007FDEE713F0020F39
:10A54000DBE7EAB21A701B6803F00703AB427FF443
:10A550007EAF90E70449E0688B6823F4E05303433F
:10A560008B608BE7003C0240003802405035010808
:10A570000000002008000020044B054A9B68C3F33C
:10A580008223D35C034A1068D840704700380240E9
:10A590004835010800000020044B054A9B68C3F3BE
:10A5A0004233D35C034A1068D840704700380240F9
:10A5B00048350108000000200F2303600B4B9A6808
:10A5C00002F0030242609A6802F0F00282609A6828
:10A5D00002F4E052C2609B68DB0803F4E0530361BD
:10A5E000034B1B6803F007030B6070470038024001
:10A5F000003C024082B000230093134B45F6C0524A
:10A600001B68B3FBF2F36422534301930368019A7E
:10A610009AB9426D42F0400242651A6822F0400247
:10A620001A605A6822F0E0025A60DB680093009BCF
:10A63000072380F8513002B07047019A013A019225
:10A640009A689207E3D5E8E70000002003685A689B
:10A6500022F080025A601A6822F040021A60072332
:10A6600080F85130704700002DE9F3411C46164632
:10A670000F460546FEF734F93444241AFEF730F944
:10A68000244B1B68C3F3CB336343804601932A6892
:10A69000936837EA030301D000202EE0731CF7D043
:10A6A000FEF71EF9A0EB0800A04229D32B685A68D8
:10A6B00022F0E0025A606A68B2F5827F0AD1AA6885
:10A6C000B2F5004F02D0B2F5806F03D11A6822F0C4
:10A6D00040021A60AA6AB2F5005F07D11A6822F434
:10A6E00000521A601A6842F400521A60012385F879
:10A6F0005130002385F85030032002B0BDE8F081CE
:10A70000019A019B002A03F1FF33019308BF14460D
:10A71000BDE700BF0000002038B513464268B2F51F
:10A72000827F044606D00A460121FFF79DFFB8B993
:10A73000002038BD8268B2F5004F02D0B2F5806FBC
:10A7400007D125682868B2F5806F20F040002860A6
:10A7500003D00A4680212046E7E70A460121FAE7AE
:10A76000636D43F0200363650320E2E737B51346CA
:10A77000124A1568124AB5FBF2F54FF47A72554346
:10A7800042680195B2F5827F04460BD10A468021CA
:10A79000FFF76AFF78B1636D43F020036365032020
:10A7A00003B030BD019B33B1019B013B0193236892
:10A7B0009B681B06F6D40020F2E700BF00000020D3
:10A7C00000366E0110B50446002855D0436A002BB0
:10A7D0004ED14268B2F5827F00D0C3610023A362EC
:10A7E00094F8513003F0FF0223B984F8502020463A
:10A7F000FDF720FD2168A068A269022384F851308A
:10A800000B6823F040030B60636800F4044003F41A
:10A8100082730343E06800F400600343206900F0A2
:10A8200002000343606900F00100034302F400707A
:10A830000343E06900F038000343206A00F0800021
:10A840000343A06A00F4005003430B60636A120CD8
:10A8500003F0100302F004021A434A60CB6923F4A8
:10A860000063CB6100200123606584F8513010BD86
:10A870000023C0E90433B1E70120F8E72DE9F743ED
:10A880001F4690F85030012B04460D46904600F0CC
:10A89000A080012380F85030FEF722F894F8513060
:10A8A000012B8146D8B240F09280002D61D0B8F1E2
:10A8B000000F5ED0032384F8513000236365C4E9A0
:10A8C0001033A4F83680A363A387E387A3682668C0
:10A8D0002563B3F5004FA4F8348007D1336823F023
:10A8E00040033360336843F4804333603368E26885
:10A8F0005B065EBF336843F040033360B2F5006F20
:10A9000063683FD113B1B8F1010F07D135F8023BAD
:10A91000F3602563E38E013B9BB2E386E38E9BB23B
:10A92000A3B94A4639462046FFF720FF00284BD1FD
:10A93000A36833B901932368DA6801929B68019395
:10A94000019B606D003818BF012012E022689368F7
:10A95000980705D5236B33F8021BD1602363D9E731
:10A96000FDF7BEFFA0EB0900B842D7D3791CD5D0C4
:10A970000320012384F85130002384F8503003B0C1
:10A98000BDE8F08313B1B8F1010F08D12B78337310
:10A99000236B01332363E38E013B9BB2E386E38E9B
:10A9A0009BB2002BBDD023689A68920703D5226B17
:10A9B00012781A73ECE7FDF793FFA0EB0900B84299
:10A9C000EDD37B1CEBD0D3E720236365B0E70220F7
:10A9D000CFE70220D3E72DE9F7431E4690F8503029
:10A9E000DDF82880012B04460D46914600F0E180F9
:10A9F000012380F85030FDF773FF94F851306268FE
:10AA0000012B0746D9B20AD0B2F5827F40F0CF8041
:10AA1000A368002B40F0CB80042940F0C88015B11A
:10AA2000B9F1000F09D10120012384F8513000232E
:10AA300084F8503003B0BDE8F083002EF3D094F8D2
:10AA40005130C4F83890042B1CBF052384F85130D2
:10AA500000236365C4E910332368E687E686196836
:10AA6000A687490658BF1968256358BF41F04001C1
:10AA7000A68658BF1960E168B1F5006F48D10AB1E8
:10AA8000012E07D135F8022BDA60E38E2563013BF6
:10AA90009BB2E3860125E38E9BB263B9E38F9BB241
:10AAA0004BB93A4641462046FFF760FE002872D077
:10AAB00020236365B7E721688B689A070DD5E38E7D
:10AAC0009BB253B145B1236B33F8022BCA602363A9
:10AAD000E38E013B9BB2E38600258A6812F00102F7
:10AAE0000CD0E38F9BB24BB1A36BC96823F8021B58
:10AAF000A363E38F013B9BB2E3871546FDF7F0FEAE
:10AB0000C01B4045C7D3B8F1FF3FC4D003208BE73B
:10AB10000AB1012E08D12A781A73236B01332363FB
:10AB2000E38E013B9BB2E3860125E38E9BB21BB90A
:10AB3000E38F9BB2002BB4D0226893689B070ED59D
:10AB4000E38E9BB25BB14DB1236B1B781373236B08
:10AB500001332363E38E013B9BB2E3860025226829
:10AB6000916811F001010DD0E38F9BB253B1A36B3B
:10AB7000D2681A70A36B0133A363E38F013B9BB2CE
:10AB8000E3870D46FDF7ACFEC01B4045CDD3B8F1C1
:10AB9000FF3FCAD0BAE7A368002B7FF445AF236814
:10ABA0000190DA6801929B680193019B3CE70220C7
:10ABB0003AE702203EE72DE9F7431D464368B3F527
:10ABC000827F0446894617460CD1836853B9042313
:10ABD00080F85130134600950A46FFF7FCFE03B09B
:10ABE000BDE8F08394F85030012B7FD0012384F826
:10ABF0005030FDF775FE94F85130012B8046D8B2E5
:10AC000072D1B9F1000F5CD0002F5AD0A268C4F8FD
:10AC1000389000260423B2F5004F84F85130C4E97F
:10AC2000106666652368E787A7872663A686E6869B
:10AC300007D11A6822F040021A601A6822F4804292
:10AC40001A601A6856065EBF1A6842F040021A601F
:10AC5000E368F3B1E38F9BB2FBB123689A68D20734
:10AC600036D5DA68A36B23F8022BA363E38F013B8D
:10AC70009BB2E387EEE723689A68D00718D5A26BEA
:10AC80001B7B1370A36B0133A363E38F013B9BB268
:10AC9000E387E38F9BB2002BEDD142462946204645
:10ACA000FFF73AFDE8B9606D003818BF012008E0F1
:10ACB000FDF716FEA0EB0800A842EAD3691CE8D015
:10ACC0000320012384F85130002384F8503086E7B4
:10ACD000FDF706FEA0EB0800A842BBD36B1CB9D061
:10ACE000EEE720236365DEE70220EAE7022076E74D
:10ACF00038B5044690F85000012870D0012084F83F
:10AD0000500094F851000128C5B208D06068B0F531
:10AD1000827F62D1A06800285FD1042D5DD1002917
:10AD200033D0002A31D0002B2FD094F85100A386C5
:10AD300004281CBF052084F8510000206065E386CC
:10AD4000E387A38794F851302163042BC4E91000F2
:10AD500018BF2449E06C12BF234B2449244BA26343
:10AD6000C0E90F31234BC364002321680365E38FDF
:10AD70000C319BB2FEF76AF8034658B1636D43F09D
:10AD800010036365012384F851300120002384F807
:10AD9000503038BD2268A06C516841F0010151600B
:10ADA000C0E90F33C0E91333E38E216B9BB20C3241
:10ADB000FEF74CF80028E1D123681A6852065EBFFE
:10ADC0001A6842F040021A605A6842F020025A6043
:10ADD0005A6842F002025A60D8E70220D6E7022001
:10ADE000D7E700BF2DAF0008BFAF000821AF0008B4
:10ADF00059AF000837AF00081FB5454B45F6C052A4
:10AE00001B68B3FBF2F3642253430193019B00934D
:10AE100003685A6822F020025A605A6811060446F4
:10AE20000AD53C4A4264009A002A59D1626D42F028
:10AE300040026265019A00925A6852060AD5364A63
:10AE40002264009A002A53D1626D42F0400262658A
:10AE5000019A00925A68900714D5A06C90B1002313
:10AE60000365FEF72CF808B14023636523685A6830
:10AE700022F002025A60009A002A41D1626D42F02B
:10AE8000400262655A68D20711D5E06C78B10023A0
:10AE90000365FEF714F808B14023636523681A6858
:10AEA00022F040021A605A6822F001025A60002221
:10AEB000E287E286616D402918BF62650292D96817
:10AEC000029199680291029903929B680393039BF4
:10AED00014BF10460120012384F8513004B010BD86
:10AEE000009A013A009294F85120072A9BD1A1E7D9
:10AEF000009A013A009294F85120072AA1D1A7E7BD
:10AF0000009A013A00929A689107B4D5BAE700BF57
:10AF1000000000204DA60008F5A500087047704706
:10AF200008B5806BFFF7FBFF08BD704708B5806B65
:10AF3000FFF7FBFF08BD806B026808B5536823F07C
:10AF400003035360436D43F010034365012380F80E
:10AF50005130F6F70FFA08BD38B50546846BFDF79A
:10AF6000BFFC2B681B68DB05024624D423685968A4
:10AF700021F020015960A168C9B96168B1F5827FEB
:10AF800015D1596821F00301596020466421FFF76B
:10AF9000C3FB08B1202363650023E387012384F802
:10AFA0005130636D3BB12046F6F7E4F938BD59687E
:10AFB00021F00101E8E72046FFF7B0FFF6E738B5DA
:10AFC0000546846BFDF78CFC2B681B68DB0502468D
:10AFD0001ED421684B6823F020034B602046642177
:10AFE000FFF7C4FB18B1636D43F02003636522686B
:10AFF000536823F0030353600023E386E3870123B0
:10B0000084F85130636D1BB12046F6F7B3F938BDB3
:10B010002046F6F795F9FAE7F0B503685D689A6897
:10B02000560685B004464FEA9211C2F3801708D441
:10B03000D60706D56E0604D5036C05B0BDE8F04012
:10B040001847960704D5280602D5636C2046F4E716
:10B0500041EA521102F4807001F0010101434FEA0C
:10B06000521657D0AA0655D57FB194F85120032A1D
:10B070004FF0000148D0626D42F004026265009119
:10B08000DA6800929A680092009AF1070CD5626D16
:10B0900042F001026265002202929A6802921A68E6
:10B0A00022F040021A60029A40B1626D42F008023A
:10B0B0006265002203929A680392039A626D4AB312
:10B0C0005A6822F0E0025A60012284F85120AA074F
:10B0D00022D05A68E06C22F003025A6040B1104B53
:10B0E0000365FDF72AFF18B1636D43F04003636504
:10B0F000A06C78B10A4B0365FDF71FFF50B1636D7B
:10B1000043F04003636505E00191DA6801929B68B2
:10B110000193019B05B0F0BD2046F6F72BF9F9E746
:10B1200025B1000808B5806B0023C387C386F6F7F6
:10B1300021F908BD036A23F0010370B50362036AB5
:10B14000446882690D6822F073022A438D6823F0F7
:10B1500002032B430C4DA84203D005F58065A8429D
:10B160000BD1CD6823F008032B43D1E9055624F415
:10B170004074354323F004032C43446082614A68E1
:10B180004263036270BD00BF00000140036A23F404
:10B19000807370B50362036A4468C2690D6822F067
:10B1A00073022A438D6823F4007343EA05230D4D8F
:10B1B000A84203D005F58065A8420DD1CD6823F4DF
:10B1C000006343EA0523D1E9055624F4405435438E
:10B1D00023F4806344EA05144460C2614A68C26390
:10B1E000036270BD00000140036A23F4805330B550
:10B1F0000362036A4468C2690D6822F4E64242EAC7
:10B2000005228D6823F4005343EA0533084DA84214
:10B2100003D005F58065A84204D14D6924F480442B
:10B2200044EA85144460C2614A680264036230BD26
:10B230000000014090F83D30012B30D1022380F80E
:10B240003D300368DA6842F00102DA60154A934241
:10B250001AD0B3F1804F17D0A2F57C42934213D09D
:10B2600002F5806293420FD002F5806293420BD0C8
:10B2700002F57842934207D002F57052934203D010
:10B28000A2F59432934204D19A6802F00702062A8A
:10B2900003D01A6842F001021A60002070470120B2
:10B2A000704700BF0000014070477047704770470B
:10B2B000704703681A69910710B504460ED5DA681D
:10B2C00092070BD56FF002021A61012202779B6987
:10B2D0009B0777D0FFF7EAFF0023237723681A69DB
:10B2E000500710D5DA6851070DD56FF004021A61C6
:10B2F000022222779B6913F4407F204668D0FFF733
:10B30000D5FF0023237723681A6912070FD5DA685F
:10B3100010070CD56FF008021A6104222277DB694E
:10B32000990720465AD0FFF7C1FF002323772368EF
:10B330001A69D20610D5DA68D0060DD56FF0100262
:10B340001A6108222277DB6913F4407F20464BD034
:10B35000FFF7ACFF0023237723681A69D10708D5CC
:10B36000DA68D20705D56FF001021A612046F7F7B7
:10B3700029FE23681A69100608D5DA68110605D572
:10B380006FF080021A61204600F0CDFB23681A6935
:10B39000520608D5DA68500605D56FF040021A61EA
:10B3A0002046FFF785FF23681A69910622D5DA68DF
:10B3B00092061FD56FF0200220461A61BDE81040AA
:10B3C00000F0B0BBFFF771FF2046FFF770FF83E787
:10B3D000FFF76BFF2046FFF76AFF92E7FFF765FF75
:10B3E0002046FFF764FFA0E7FFF75FFF2046FFF767
:10B3F0005EFFAFE710BD0000254A0368904212D0FF
:10B40000B0F1804F0FD0A2F57C4290420BD002F5F4
:10B410008062904207D002F58062904203D002F52C
:10B420007842904208D14A6823F070031343CA68F7
:10B4300023F44073134316E0164A9042F7D002F506
:10B4400080629042F3D002F580629042EFD0A2F584
:10B4500098329042EBD002F580629042E7D002F53C
:10B4600080629042E3D04A6923F080031343036073
:10B470008B68C3620B688362054B984203D003F567
:10B480008063984201D10B690363012343617047D4
:10B49000000001400040014010B5044630B390F870
:10B4A0003D3003F0FF021BB980F83C20FCF740FF61
:10B4B0000223206884F83D30211DFFF79DFF012302
:10B4C00084F84630002084F83E3084F83F3084F819
:10B4D000403084F8413084F8423084F8433084F8B6
:10B4E000443084F8453084F83D3010BD0120FCE73D
:10B4F00010B5044630B390F83D3003F0FF021BB99D
:10B5000080F83C20FCF764FF0223206884F83D307B
:10B51000211DFFF771FF012384F84630002084F8D5
:10B520003E3084F83F3084F8403084F8413084F86D
:10B53000423084F8433084F8443084F8453084F84D
:10B540003D3010BD0120FCE710B5044630B390F843
:10B550003D3003F0FF021BB980F83C20FFF7A4FE4A
:10B560000223206884F83D30211DFFF745FF0123A9
:10B5700084F84630002084F83E3084F83F3084F868
:10B58000403084F8413084F8423084F8433084F805
:10B59000443084F8453084F83D3010BD0120FCE78C
:10B5A000036A23F0100370B50362036A446882697A
:10B5B0000D6822F4E64242EA05228D6823F020035A
:10B5C00043EA05130D4DA84203D005F58065A84256
:10B5D0000DD1CD6823F0800343EA0513D1E9055668
:10B5E00024F44064354323F0400344EA8504446076
:10B5F00082614A688263036270BD00BF000001403F
:10B6000038B590F83C30012B04464FD00120082A71
:10B6100084F83C003AD006D8BAB1042A26D00023D8
:10B6200084F83C3038BD0C2AF9D12068FFF7DCFDE6
:10B63000C3690A6943F40063C361C36923F4806387
:10B64000C361C36943EA02232EE02068FFF772FD5D
:10B6500083690A6943F008038361836923F0040363
:10B6600083618369134383610020D8E72068FFF773
:10B6700097FF83690A6943F400638361836923F454
:10B6800080638361836943EA0223ECE72068FFF764
:10B690007DFDC3690A6943F00803C361C36923F0F0
:10B6A0000403C361C3691343C361DDE70220B9E743
:10B6B00070B5046A194E24F001040462B042846932
:10B6C000056A26D0B0F1804F23D0A6F57C46B04263
:10B6D0001FD006F58066B0421BD006F58066B042EA
:10B6E00017D006F57846B04213D006F57056B04232
:10B6F0000FD0A6F59436B0420BD044F0010263F3AC
:10B70000071201F00A0125F00A0319438261016260
:10B7100070BD24F003042243F1E700BF00000140A4
:10B72000F8B590F83C30012B05460C4600F08280BD
:10B730000120082A85F83C005CD006D842B3042AD0
:10B7400036D0002385F83C30F8BD0C2AF9D12B689F
:10B75000CE68D1E90027196A21F480511962D969AC
:10B76000186A21F44071120341EA072120F42040B5
:10B7700002F4204266F30F310243D9611A62DA699A
:10B78000A16822F44062DA61DA6942EA01224FE0FC
:10B790002868CB68D1E90012FFF78AFF8369A268A5
:10B7A00023F00C0383618369134383610020C8E79E
:10B7B0002B68CE68D1E90027196A21F010011962BF
:10B7C0009969186A21F44071120141EA072120F0B9
:10B7D000A00002F0A00266F30F31024399611A62E1
:10B7E0009A69A16822F440629A619A6942EA012248
:10B7F0009A61DBE72B68E768186A20F48070D1E96A
:10B8000000211862DE69186A26F00306120231432D
:10B8100020F4206002F4206267F307110243D9612B
:10B820001A62DA69A16822F00C02DA61DA690A4365
:10B83000DA61BBE7022087E710B584680A4324F485
:10B840007F4442EA03222243826010BD38B590F85B
:10B850003C30012B04464FF0020000F08E8084F84B
:10B860003D000122206884F83C20836823F47F4354
:10B8700023F0770383600B68602B4FD032D8402BC6
:10B8800064D016D8202B0DD00AD833F0100109D07F
:10B89000012384F83D30002384F83C30104638BD45
:10B8A000302BF5D1826822F07002134343F0070376
:10B8B00028E0502BECD14A68CD68016A036A23F076
:10B8C00001030362836921F00A0123F0F00343EAD4
:10B8D00005130A4383610262836823F0700343F017
:10B8E00057030FE0B3F5805F0DD0B3F5005F0CD0C8
:10B8F000702BCDD1CB68D1E90121FFF79DFF836883
:10B9000043F0770383600022C2E7CB68D1E90121CD
:10B91000FFF792FF836843F48043F3E7036A4D68BF
:10B92000C96823F0100303628269036A22F470423B
:10B9300023F0A00343EA051342EA01328261036265
:10B94000836823F0700343F06703DBE74A68CD6840
:10B95000016A036A23F001030362836921F00A018B
:10B9600023F0F00343EA05130A438361026283680C
:10B9700023F0700343F04703C4E702468EE7036AEF
:10B9800010B501F01F0101248C4023EA0403036277
:10B99000036A8A401A43026210BD000008B529B943
:10B9A00090F83E30012B1FD0012035E0042907D14B
:10B9B00090F83F30012BF7D1022380F83F3016E09A
:10B9C00008290CBF90F8403090F84130013B18BF77
:10B9D0000123002BE8D108294FF002030CBF80F8A7
:10B9E000403080F8413002E0022380F83E300068A9
:10B9F0000122FFF7C4FF164B984203D003F5806382
:10BA000098420AD1436C43F400434364836803F0D3
:10BA10000703062B17D1002008BDB0F1804FF5D0E9
:10BA20000C4B9842F2D003F580639842EED003F5B8
:10BA300080639842EAD003F59A339842E6D0A3F5A2
:10BA400094339842E2D0036843F001030360E2E7D5
:10BA50000000014000040040FFF7A0BF30B590F89F
:10BA60003C30012B02464FF0020032D0136882F8BE
:10BA70003D005C680D68986824F070042C435C609D
:10BA8000144CA3421AD0B3F1804F17D0A4F57C44D4
:10BA9000A34213D004F58064A3420FD004F5806460
:10BAA000A3420BD004F57844A34207D004F57054A8
:10BAB000A34203D0A4F59434A34204D1496820F0F2
:10BAC0008000014399600123002082F83D3082F814
:10BAD0003C0030BD0000014090F83C30012B024694
:10BAE0001ED0CB68886823F440730343486823F46E
:10BAF00080630343086823F400630343086923F465
:10BB0000805303434869C96923F40053034323F472
:10BB100080430B43116800204B6482F83C0070475F
:10BB20000220704770477047026802F10C0353E827
:10BB3000003F23F490730C3242E800310268002980
:10BB4000F2D102F1140353E8003F23F0010302F1A4
:10BB5000140C4CE800310029F3D1036B012B0BD1FD
:10BB600002F10C0353E8003F23F0100302F10C0C28
:10BB70004CE800310029F3D1202380F83E30002327
:10BB8000036370470268C16838B5136923F44053F2
:10BB90000B431361054683680069D16803436869F4
:10BBA0000343E86921F4164121F00C0103430B43E0
:10BBB000D3605369A96923F440730B4353611F4B4E
:10BBC0009A4203D003F580639A4224D1FEF7E4FC45
:10BBD000EA691921B2F5004FD5E90043A0FB010144
:10BBE0001CD1DA184FF0000545EB0503F5F782F993
:10BBF0006422B0FBF2F102FB1103DB003233B3FB32
:10BC0000F2F303F007025B0002EB011203F4F87396
:10BC10001344A36038BDFEF7AFFCD9E79A009B0F31
:10BC2000F5F768F96422B0FBF2F102FB11031B0186
:10BC30003233B3FBF2F303EB0113EAE700100140E8
:10BC4000F8B504460E4617461D462268136836EAC4
:10BC5000030301D1002028E06B1CF7D025B1FCF7CD
:10BC60003FFEC01B8542F0D2226802F10C0353E86C
:10BC7000003F23F4D0730C3242E8003021680028E2
:10BC8000F2D101F1140353E8003F23F0010301F165
:10BC9000140040E80032002AF3D1202384F83D301C
:10BCA00084F83C2084F83E300320F8BD10B50446EB
:10BCB00040B390F83D3003F0FF021BB980F83C2000
:10BCC000FCF7EEFB2268242384F83D30D36823F48C
:10BCD0000053D3602046FFF755FF23681A6922F40A
:10BCE00090421A615A6922F02A025A61DA6842F4D3
:10BCF0000052DA6000202023206484F83D3084F86C
:10BD00003E3010BD0120FCE72DE9F843984690F83D
:10BD10003D30202B04460E46174648D1002944D01A
:10BD2000002A42D090F83C30012B40D0012380F80B
:10BD30003C3000252123056480F83D30FCF7D0FD20
:10BD4000A368A784B3F5805F8146E78403D12369A4
:10BD50000BB935461E46002384F83C30E38C9BB279
:10BD600053B943464A4640212046FFF769FF50B980
:10BD7000202384F83D3007E043464A468021204690
:10BD8000FFF75EFF10B10320BDE8F88322684EB9CB
:10BD900035F8023BC3F308035360E18C013989B2E3
:10BDA000E184DBE716F8013BF6E70120ECE702202F
:10BDB000EAE770477047704708B5806B0023C3857A
:10BDC000C384FFF7F8FF08BD704790F83E30222B80
:10BDD00007B541D181680268836AB1F5805F3DD1C2
:10BDE000016900293DD15268C2F3080223F8022BF1
:10BDF0008362C38D013B9BB2C385002B2CD10268AB
:10BE0000D16821F02001D160D16821F48071D16026
:10BE1000516921F001015161202280F83E20026B1E
:10BE2000012A026827D1036302F10C0353E8003FA3
:10BE300023F0100302F10C0C4CE800310029F3D17F
:10BE40001368DB0605D501911368019353680193CC
:10BE5000019B818DFFF7B8FF03B000BD39B90169BF
:10BE600029B95268D2B21A70836A0133C0E75268A6
:10BE700002F07F02F7E7FFF79DFFEDE703681A681E
:10BE800073B51607D9685D69044608D1960668D56A
:10BE90008D0666D502B0BDE87040FFF796BF05F08D
:10BEA000010001F4907505435BD0D60705D5CD059B
:10BEB00042BF236C43F001032364530704D518B138
:10BEC000236C43F002032364960704D518B1236C56
:10BED00043F004032364150707D501F0200303434F
:10BEE0001EBF236C43F008032364236C002B32D065
:10BEF000920604D58B0602D52046FFF766FF26681A
:10BF00007369226C03F0400302F0080253EA020551
:10BF1000204622D0FFF708FE73695E0618D5226816
:10BF200002F1140353E8003F23F04003143242E8C7
:10BF300000310029F3D1A06B50B1724B0365FCF7BF
:10BF4000FCFF40B1A06B036D02B0BDE87040184724
:10BF50002046FFF730FF02B070BDFFF72CFF2564CD
:10BF6000F9E7206B012840F09180D50640F18E80E2
:10BF7000C80640F18B80002201921A6801925A682B
:10BF80000192019A5A6952064CD5A16B0A6852680F
:10BF900092B2002ADFD0A08D9042DCD9E285CA6936
:10BFA000B2F5807F36D003F10C0252E8002F22F464
:10BFB000807203F10C0040E800210029F3D103F165
:10BFC000140252E8002F22F0010203F1140040E8AD
:10BFD00000210029F3D103F1140252E8002F22F0CE
:10BFE000400203F1140040E800210029F3D120228F
:10BFF00084F83E20216303F10C0252E8002F22F066
:10C00000100203F10C0040E800210029F3D1A06BDD
:10C01000FCF755FFE38DA18DC91A89B22046FFF7C1
:10C02000D3FE98E7E28DE18D89B292B2002992D0D9
:10C03000A18D891A89B200298DD003F10C0252E832
:10C04000002F22F4907203F10C0545E8002000282F
:10C05000F3D103F1140252E8002F22F0010203F1A0
:10C06000140545E800200028F3D1202284F83E2062
:10C07000206303F10C0252E8002F22F0100203F1BA
:10C080000C0545E800200028F3D1C7E7160628D59F
:10C090000D0626D594F83D20212A7FF45CAFA168D7
:10C0A000226AB1F5805F17D12169A9B932F8021B64
:10C0B000C1F3080159602262E28C013A92B2E28433
:10C0C000002A7FF448AFDA6822F08002DA60DA688A
:10C0D00042F04002DA603EE7511C216212785A6059
:10C0E000EAE750067FF537AF4A067FF534AFDA68E6
:10C0F00022F04002DA60202384F83D302046FFF72A
:10C1000058FE28E7B9BD000808B54FF0E0231B69C9
:10C1100001F02AFA012803D0BDE8084001F02ABD49
:10C1200008BD0000EFF305832BB9064B186828B94A
:10C1300001221A6070476FF0050070474FF0FF3022
:10C14000704700BFA852002010B5EFF305845CB91A
:10C15000084B1A68012A0AD1074AD47702221A60CA
:10C1600000F0FAFE204610BD6FF00500FBE74FF02F
:10C17000FF30F8E7A852002000ED00E0EFF3058360
:10C180000BB100F047BF00F03FBFF0B587B01446D9
:10C1900000220B460592EFF30582FAB9F0B15CB3C9
:10C1A000A56925B1691E372902D9002017E0182595
:10C1B0006268D207F9D466699EB1B208D4E9027CFC
:10C1C00021688FB1BCF1A70F08D9246934B12EB111
:10C1D000CDE90147009500F059FE0590059807B09C
:10C1E000F0BD4FF40072E9E7BCF1000FF6D124690D
:10C1F000002CF3D10C4602E018254FF4007205A97B
:10C20000CDE9005192B2214600F078FE01281CBF12
:10C2100000230593E2E708B5EFF3058222B908B1E0
:10C2200001F054F8002008BD6FF00500FBE737B5BA
:10C230000546EFF305845CB900F0E6FE291A0029F3
:10C24000019008DD01A800F0F7FF204603B030BDE3
:10C250006FF00500FAE76FF00300F7E738B5054621
:10C26000EFF305843CB948B100F04CFC284600F0DF
:10C2700061FC204638BD6FF00500FBE76FF003005E
:10C28000F8E7F7B505460E461446EFF305871FB1EC
:10C290000025284603B0F0BD0028F9D00029F7D0CA
:10C2A000DAB1D2E9023283B14F2AF1D92269002AE8
:10C2B000EED066694D43AE42EAD3009700F0A0F994
:10C2C00005460028E4D0246811E0002AE0D1236963
:10C2D000002BDDD16369002BDAD1284600223146DC
:10C2E00000F0DCF905460028D2D0002CEBD1214625
:10C2F000284600F0F5FBCCE773B51C46EFF3058646
:10C30000DEB138B331B32BBB01AA019300F09FFA21
:10C31000012803D06FF0020002B070BD019B0BB981
:10C320000020F9E74FF0E0234FF08052C3F8042DCE
:10C33000BFF34F8FBFF36F8FF2E758B151B1334660
:10C34000224600F0D2F90128EAD0002CE2D06FF0AA
:10C350000100E1E76FF00300DEE737B51C46EFF3BD
:10C360000583DBB130B329B324BB01AA019400F0EB
:10C370006AFB012803D06FF0020003B030BD019BBF
:10C380000BB90020F9E74FF0E0234FF08052C3F8DB
:10C39000042DBFF34F8FBFF36F8FF2E750B149B158
:10C3A000224600F0B1FA0128EBD0002CE3D06FF068
:10C3B0000100E2E76FF00300DFE7FFF74FBF000087
:10C3C000034B0360034B0B604FF400731360704723
:10C3D00000520020004A0020034B0360034B0B6017
:10C3E0004FF480631360704758490020583900208B
:10C3F00000F108034FF0FF32C0E9022343600361FC
:10C4000000230360704700230361704743684B605B
:10C410009A688A605160996003680861013303601B
:10C42000704730B50C68631C0AD103695A684A60CA
:10C4300091608B605960036808610133036030BD0F
:10C4400000F10802134652681568A542FAD9EDE7D3
:10C45000D0E9011203698A6051605968814208BFBE
:10C460005A60002202611A68013A1A60186870471F
:10C4700010B5044601F016FBA46B01F033FBB4FACF
:10C4800084F0400910BD70B51646026C856B0446F9
:10C4900042B906689EB9806801F076F8A660013559
:10C4A000A56370BD6EB9406801F054FE6368226CEC
:10C4B0001344A2686360934224BF23686360002032
:10C4C000EDE7C06801F046FE226CE36851429B1A1A
:10C4D0002268E36093423EBFA3685B18E360022ECC
:10C4E000EDD10DB1013DEAE72846D8E7034610B487
:10C4F0001A6C084662B1DC68A1189C68D960A14238
:10C5000028BF19685DF8044B28BFD96001F022BE2E
:10C510005DF8044B704770B5044601F0C3FA94F817
:10C52000455004F124066DB2002D01DD636AB3B9F4
:10C53000FF2384F8453001F0D5FA01F0B3FA94F8FE
:10C54000445004F110066DB2002D01DD23697BB962
:10C55000FF2384F84430BDE8704001F0C3BA304690
:10C5600000F064FF08B100F0E9FF013D6DB2DBE7C8
:10C57000304600F05BFF08B100F0E0FF013D6DB216
:10C58000E2E738B50D46044640B94FF0500383F357
:10C590001188BFF36F8FBFF34F8FFEE701F082FA70
:10C5A000D4E90F31226862604B43D0185B1A1A44F9
:10C5B000A060FF230020A063E26084F8443084F888
:10C5C0004530A5B9236973B104F1100000F02EFFC6
:10C5D00048B14FF0E0234FF08052C3F8042DBFF371
:10C5E0004F8FBFF36F8F01F07DFA012038BD04F14A
:10C5F0001000FFF7FDFE04F12400FFF7F9FEF2E75B
:10C6000037B50D461C4640B94FF0500383F31188EF
:10C61000BFF36F8FBFF34F8FFEE743B94FF0500367
:10C6200083F31188BFF36F8FBFF34F8FFEE74AB1DB
:10C6300091B94FF0500383F31188BFF36F8FBFF3AD
:10C640004F8FFEE741B14FF0500383F31188BFF3E2
:10C650006F8FBFF34F8FFEE750230193019B502B49
:10C6600008D04FF0500383F31188BFF36F8FBFF3EF
:10C670004F8FFEE70121002D08BF2246C4E90F05B8
:10C6800084F8461022602046019BFFF77AFF9DF850
:10C69000183084F84C30204603B030BDF8B50D4654
:10C6A0001746064640B94FF0500383F31188BFF395
:10C6B0006F8FBFF34F8FFEE74843503001F05AFBB6
:10C6C000044670B1002380F8463065B100F1500394
:10C6D000C4E90F65236001212046FFF752FF84F86B
:10C6E0004C702046F8BD0346F2E72DE9FF410F46A6
:10C6F00001921E46044640B94FF0500383F311885F
:10C70000BFF36F8FBFF34F8FFEE751B9036C43B197
:10C710004FF0500383F31188BFF36F8FBFF34F8F38
:10C72000FEE7022E0BD1E36B012B08D04FF0500334
:10C7300083F31188BFF36F8FBFF34F8FFEE700F0D5
:10C7400013FF054650B9019B4BB14FF0500383F3E3
:10C750001188BFF36F8FBFF34F8FFEE700254FF0B7
:10C76000000839E0022E3DD0019B1BB901F0BAF957
:10C77000002050E015B902A800F098FE01F0B2F9CF
:10C7800000F03AFC01F08EF994F84430FF2B08BF1A
:10C7900084F8448094F84530FF2B08BF84F8458026
:10C7A00001F0A0F901A902A800F08CFE002848D1F0
:10C7B00001F078F9A26BE36B9A422FD101F092F964
:10C7C000019904F1100000F0F9FD2046FFF7A3FEE7
:10C7D00000F0BEFC50B3012501F064F9A26BE36BDD
:10C7E0009A42BFD2324639462046FFF74CFE636A72
:10C7F0001BB104F1240000F019FE48B14FF0E02312
:10C800004FF08052C3F8042DBFF34F8FBFF36F8FEB
:10C8100001F068F9012004B0BDE8F08101F062F98F
:10C820002046FFF778FE00F093FCD4E74FF0E023BA
:10C830004FF08052C3F8042DBFF34F8FBFF36F8FBB
:10C84000C9E72046FFF767FE00F082FC90E72DE97C
:10C85000F843894617461E46044640B94FF0500338
:10C8600083F31188BFF36F8FBFF34F8FFEE751B98A
:10C87000036C43B14FF0500383F31188BFF36F8F04
:10C88000BFF34F8FFEE7022E0BD1E36B012B08D0D5
:10C890004FF0500383F31188BFF36F8FBFF34F8FB7
:10C8A000FEE701F013FAEFF311884FF0500383F322
:10C8B0001188BFF36F8FBFF34F8FA26BE36B9A4268
:10C8C00001D3022E1ED194F84550A36B6DB23246AF
:10C8D00049462046FFF7D7FD6B1C0ED1636A3BB17A
:10C8E00004F1240000F0A2FD10B10FB101233B6060
:10C8F000012088F31188BDE8F88301356DB284F812
:10C900004550F5E70020F4E72DE9FF410E4601927E
:10C91000044640B94FF0500383F31188BFF36F8F83
:10C92000BFF34F8FFEE751B9036C43B14FF0500393
:10C9300083F31188BFF36F8FBFF34F8FFEE700F0D3
:10C9400013FE054650B9019B4BB14FF0500383F3E2
:10C950001188BFF36F8FBFF34F8FFEE700254FF0B5
:10C9600000083DE0019B1BB901F0BCF8002056E037
:10C9700015B902A800F09AFD01F0B4F800F03CFBF4
:10C9800001F090F894F84430FF2B08BF84F84480FD
:10C9900094F84530FF2B08BF84F8458001F0A2F8D9
:10C9A00001A902A800F08EFD002841D12046FFF722
:10C9B0005FFDB8B3019904F1240000F0FFFC2046AC
:10C9C000FFF7A9FD00F0C4FB48B94FF0E0234FF09A
:10C9D0008052C3F8042DBFF34F8FBFF36F8F012533
:10C9E00001F060F8A76B002FBCD031462046013F14
:10C9F000FFF77CFDA763236973B104F1100000F019
:10CA000015FD48B14FF0E0234FF08052C3F8042DDC
:10CA1000BFF34F8FBFF36F8F01F064F8012004B0B4
:10CA2000BDE8F0812046FFF776FD00F091FBD6E7E8
:10CA30002046FFF770FD00F08BFB2046FFF718FD46
:10CA40000028CCD092E72DE9F84389469046044669
:10CA500040B94FF0500383F31188BFF36F8FBFF3DA
:10CA60004F8FFEE751B9036C43B14FF0500383F38E
:10CA70001188BFF36F8FBFF34F8FFEE701F026F9E8
:10CA8000EFF311874FF0500383F31188BFF36F8FDB
:10CA9000BFF34F8FA56B0DB394F84460494676B24F
:10CAA0002046FFF723FD013D731CA56311D12369C7
:10CAB00053B104F1100000F0B9FC28B1B8F1000F37
:10CAC00002D00123C8F80030012087F31188BDE8A7
:10CAD000F883013676B284F84460F5E72846F4E737
:10CAE00030B5074A002352F8335002EBC3041DB996
:10CAF00042F83310606030BD0133082BF3D1FAE700
:10CB0000AC52002010B5094A002352F8331081427C
:10CB10004FEAC30406D1064A002142F833102244EA
:10CB2000516010BD0133082BEFD1FAE7B05200205D
:10CB3000AC52002010B540B94FF0500383F3118878
:10CB4000BFF36F8FBFF34F8FFEE7FFF7DBFF90F868
:10CB500046301BB9BDE8104001F0A6B910BD70B554
:10CB600004460D46164600F09DFF94F84430FF2B16
:10CB700004BF002384F8443094F84530FF2B04BFF1
:10CB8000002384F8453000F0ADFFA36B2BB932468B
:10CB9000294604F1240000F02BFC2046BDE870403B
:10CBA000FFF7B9BC2DE9F041044600F07BFF304BA4
:10CBB000304E1A68304F01321A603568002D4BD163
:10CBC00034601B68012B1FD1B84640460135FFF782
:10CBD0000FFC382D08F11408F7D1DFF8C480274D79
:10CBE0004046FFF705FC2846FFF702FC2448FFF704
:10CBF000FFFB2448FFF7FCFB2348FFF7F9FB234B1F
:10CC0000C3F80080224B1D60224A13680133136071
:10CC1000214A63641168E36A14208B4200FB0370AD
:10CC200004F1040188BF1360FFF7F0FB00F05AFF26
:10CC30001A4B1B6873B13368DA6AE36A9A4209D205
:10CC40004FF0E0234FF08052C3F8042DBFF34F8F15
:10CC5000BFF36F8FBDE8F081104B1B68002BD3D161
:10CC60003368DA6AE36A9A4298BF3460CCE700BF5F
:10CC700010530020E4570020845300205C53002010
:10CC8000405300202C530020145300205853002000
:10CC900054530020F4520020085300200453002075
:10CCA00070530020F8B5154B154D1C6806462868D2
:10CCB00004300F46FFF7CCFB731C07D137B129684E
:10CCC0001048BDE8F8400431FFF7A0BB2B68A41959
:10CCD0005C6007D30C4B18682968BDE8F840043144
:10CCE000FFF79FBB094B186829680431FFF799FBD0
:10CCF000074B1A68A24288BF1C60F8BD0C53002085
:10CD0000E4570020145300205453002058530020AF
:10CD1000F0520020064A13681968064B19B94FF003
:10CD2000FF321A6070471268D268D2685268F8E71A
:10CD300058530020F052002010B50446543001F042
:10CD400077F994F8A5303BB9206B01F0ADF8204697
:10CD5000BDE8104001F0A8B8012BF8D0022B08D094
:10CD60004FF0500383F31188BFF36F8FBFF34F8FE2
:10CD7000FEE710BD80B5134C134F144D236873B9F3
:10CD8000134B1B68012BF8D94FF0E0234FF0805272
:10CD9000C3F8042DBFF34F8FBFF36F8FEDE700F0A3
:10CDA00081FEFB68DE68301DFFF752FB2B68013BFC
:10CDB0002B602368013B236000F094FE3046FFF7B0
:10CDC000BBFFDBE7285300202C530020105300202A
:10CDD000845300202DE9F047DDE90994960032469E
:10CDE00007460D46206BA521984601F019F9236BE3
:10CDF000043E1E4426F00706002D41D06B1E04F1B0
:10CE000033020F3513F8011F02F8011F09B1AB42BD
:10CE1000F8D1002384F84330089D372D28BF3725EB
:10CE20004FF0000AE562E564201DC4F850A0FFF74A
:10CE3000EAFAC5F1380504F11800FFF7E4FAC4F87E
:10CE4000A0A04C2251462461A561646284F8A4A08C
:10CE500004F1540001F0E4F80B4BA36503F1680200
:10CE6000D033E265236642463946304600F0EEFD97
:10CE70002060B9F1000F01D0C9F80040BDE8F0878B
:10CE800084F83450C8E700BF3CE9012070B586B093
:10CE9000DDE90B5445B94FF0500383F31188BFF31C
:10CEA0006F8FBFF34F8FFEE744B94FF0500383F30A
:10CEB0001188BFF36F8FBFF34F8FFEE7A82605964B
:10CEC000059EA82E08D04FF0500383F31188BFF3BE
:10CED0006F8FBFF34F8FFEE72563022584F8A550BF
:10CEE00004AD01950A9D02940095059EFFF772FF1F
:10CEF0002046FFF757FE049806B070BD2DE9F043B9
:10CF0000074685B0900088461646994600F032FFE5
:10CF1000054620B94FF0FF3005B0BDE8F083A820EA
:10CF200000F028FF044698B1002380F8A5300D9B3F
:10CF3000056301930C9B0290009332464B46414699
:10CF40003846FFF747FF2046FFF72CFE0120E3E7B6
:10CF5000284600F0A9FFDDE710B588B0002407AA35
:10CF600006A905A8CDE90544FFF72AFA059B029317
:10CF7000069B079A19491A48CDE900432346FFF753
:10CF800085FF40B300F094FB012819D14FF0500306
:10CF900083F31188BFF36F8FBFF34F8F114B124A8A
:10CFA0001B6854331360114B4FF0FF321A60104B63
:10CFB0001860104B1C6008B0BDE8104000F002BEC5
:10CFC000013008D14FF0500383F31188BFF36F8F06
:10CFD000BFF34F8FFEE708B010BD00BF7D330108DF
:10CFE00075CD0008E457002010000020F05200200A
:10CFF000045300200C530020024A136801331360CD
:10D00000704700BFEC520020014B1868704700BF0A
:10D010000C53002008B500F059FE014B186808BDFC
:10D020000C5300203F4B1B682DE9F74F002B73D1A9
:10D030003D4B1C6801341C60BCB93C4B1A6812683B
:10D0400042B14FF0500383F31188BFF36F8FBFF3EA
:10D050004F8FFEE7364A1968106818601160354A2C
:10D06000136801331360FFF755FE334E334F3368B7
:10D07000DFF8D4809C424FF000050AD3DFF8ACA063
:10D08000DFF8C8B0DAF800301B68A3B94FF0FF33FF
:10D090003360D8F80030DB6A14225343F858284B29
:10D0A0001B68012898BF002B14BF012000202843D3
:10D0B00003B0BDE8F08FDAF80030DB68D3F80C90ED
:10D0C000D9F80420944201D23260E2E709F1040366
:10D0D00018460193FFF7BCF9D9F828201AB109F1D5
:10D0E0001800FFF7B5F9D9F82C00DBF8002014235D
:10D0F000904288BFCBF8000009F1040103FB0070E7
:10D10000FFF784F9D8F80010D9F82C20CB6A9A429E
:10D1100028BF45F00105B5E70A4A136801331360DB
:10D120000020C5E7EC5200200C530020585300208B
:10D1300054530020F8520020F05200208453002065
:10D14000FC52002000530020E45700200853002028
:10D150002DE9F041304C236843B94FF0500383F37D
:10D160001188BFF36F8FBFF34F8FFEE700F09AFC7B
:10D170002368013B236024682CB1002400F0B2FC3A
:10D180002046BDE8F081254B1B68002BF5D0244DCF
:10D19000244EDFF8A0801DE0EB68DC68271D04F159
:10D1A0001800FFF755F93846FFF752F9E36A32687D
:10D1B0001420934200FB0380394688BF3360FFF799
:10D1C00025F9194BE26A1B68DB6A9A4202D3174BB6
:10D1D00001221A602B68002BDED10CB1FFF79AFDFB
:10D1E000134D2C6844B1114E0127FFF71BFF00B10E
:10D1F0003760013CF9D12C600C4B1B68002BBCD074
:10D200004FF0E0234FF08052C3F8042DBFF34F8F4F
:10D21000BFF36F8F0124B1E7EC52002010530020C0
:10D220004053002008530020E4570020FC52002007
:10D23000005300208453002010B540B94FF0500334
:10D2400083F31188BFF36F8FBFF34F8FFEE741B9B0
:10D250004FF0500383F31188BFF36F8FBFF34F8FED
:10D26000FEE7184B1B6843B14FF0500383F311885E
:10D27000BFF36F8FBFF34F8FFEE7FFF7BDFE124B7B
:10D2800004681A6863182CBF0121002194420FD949
:10D2900079B90360FFF75CFF48B94FF0E0234FF026
:10D2A0008052C3F8042DBFF34F8FBFF36F8F10BDB3
:10D2B00009B99A42EDD203600021981AFFF7F2FCF7
:10D2C000E8E700BFEC5200200C53002008B550B92D
:10D2D0004FF0E0234FF08052C3F8042DBFF34F8F7F
:10D2E000BFF36F8F08BD0A4B196841B14FF050036F
:10D2F00083F31188BFF36F8FBFF34F8FFEE7FFF704
:10D300007BFEFFF7CFFCFFF723FF0028E0D0E9E723
:10D31000EC520020F8B5234B1A68234B12B10122BE
:10D320001A60F8BD214C1A6023681B6B1A68B2F1B1
:10D33000A53F0BD15A68B2F1A53F07D19A68B2F167
:10D34000A53F03D1DB68B3F1A53F04D02068216875
:10D350003431F3F797FF164E164D3168142707FB4B
:10D3600001F3E818EA5882B1426808335268426013
:10D370002B449A4204BF52684260D36823603160F4
:10D3800023680D4A54331360CBE741B94FF0500383
:10D3900083F31188BFF36F8FBFF34F8FFEE701391F
:10D3A000DDE700BFEC520020FC520020E4570020D3
:10D3B00008530020845300201000002010B50C46B4
:10D3C00040B94FF0500383F31188BFF36F8FBFF361
:10D3D0004F8FFEE7054B19681831FFF722F82046FA
:10D3E0000121BDE81040FFF75DBC00BFE4570020FD
:10D3F00038B50D46144640B94FF0500383F31188F9
:10D40000BFF36F8FBFF34F8FFEE7074B19681831DB
:10D41000FEF7FCFF002C21460CBF28464FF0FF30E2
:10D42000BDE83840FFF73EBCE457002038B5C3687C
:10D43000DC6844B94FF0500383F31188BFF36F8F5A
:10D44000BFF34F8FFEE704F118052846FFF700F8F9
:10D45000104B1B68DBB9251D2846FEF7F9FF0E4A65
:10D46000E36A11688B4288BF13600C4A1420294676
:10D4700000FB0320FEF7CAFF094BE26A1B68DB6A68
:10D480009A4283BF074B01201860002038BD064830
:10D490002946EFE7EC520020085300208453002077
:10D4A000E4570020FC52002040530020034B1B682F
:10D4B0000360034B1B684360704700BFF8520020B5
:10D4C0000C53002070B50C46054640B94FF0500390
:10D4D00083F31188BFF36F8FBFF34F8FFEE741B91E
:10D4E0004FF0500383F31188BFF36F8FBFF34F8F5B
:10D4F000FEE700F0D7FA0F4B196823685A1C10D0CA
:10D500000D482E6800686A68864201D08A420FD9A9
:10D51000881A83420AD95B1A134423602846FFF70E
:10D52000C5FF002400F0DEFA204670BD0023236012
:10D530000124F7E70C530020F8520020014B012290
:10D540001A607047FC52002008B9064B1868026B3D
:10D550000020135CA52B02D0C0F38F007047013070
:10D56000F7E700BFE4570020054B1B6833B1054BBC
:10D570001868B0FA80F040094000704701207047F9
:10D5800004530020EC52002038B508B9002038BD03
:10D590001B4B1C68844208D04FF0500383F3118862
:10D5A000BFF36F8FBFF34F8FFEE7236D43B94FF08B
:10D5B000500383F31188BFF36F8FBFF34F8FFEE7E4
:10D5C000E16AE26C013B91422365DFD0002BDDD1A3
:10D5D000251D2846FEF73CFFE36CE362C3F13802E9
:10D5E000A261084A11688B4288BF1360064A142062
:10D5F00000FB03202946FEF709FF0120C7E700BF13
:10D60000E45700200853002084530020914208B5BD
:10D61000416000610AD8D21A83699A420DD2084B40
:10D62000011D1868FEF7FDFE002008BD9A4201D2D8
:10D63000994202D2034B011DF3E70120F5E700BF39
:10D64000E4580020E8580020F7B5114C00F02AFA01
:10D650002568BDB90F4F104E3846FEF7C9FE30465B
:10D66000FEF7C6FE0D4B0E4A1F600E4B10211E60CA
:10D670000A200D4B0095FEF7C3FF206010B10B4947
:10D68000FFF72EFA03B0BDE8F04000F02BBA00BF60
:10D69000E058002000590020EC580020E8580020F5
:10D6A00038580020E4580020E85700208233010851
:10D6B00010B588B0FFF7C8FF124B1B68B3B1002448
:10D6C00007AA06A905A8CDE90544FEF785FE059B36
:10D6D0000293069B019302230093079A0A490B4881
:10D6E0002346FFF7D3FB0A4B186040B94FF05003B5
:10D6F00083F31188BFF36F8FBFF34F8FFEE70120D5
:10D7000008B010BDE058002087330108E1D70008B9
:10D71000DC5800207FB5154604461A4640B94FF044
:10D72000500383F31188BFF36F8FBFF34F8FFEE772
:10D730000D4E306888B10529CDE9001502940EDC44
:10D74000FFF712FF0346022B4FF0000330680CBFB7
:10D75000089A1A466946FEF7C8FF04B070BD002358
:10D760006946FFF774F8F8E7E0580020F7B51A4D5E
:10D770002B681A682AB9194A11682960136003B026
:10D78000F0BDDB68DC681E68271D3846FEF760FECA
:10D79000236A2046984794F828305B07E8D5A369A8
:10D7A00033449E4206D22868636024613946FEF7FE
:10D7B00038FEDDE700230093324619462046FFF786
:10D7C000A9FF0028D4D14FF0500383F31188BFF391
:10D7D0006F8FBFF34F8FFEE7E8580020E45800201A
:10D7E0002DE9F043764F774E87B03B68D3F8008041
:10D7F000B8F1000F28D0DB68D3F800800024FFF7D1
:10D80000FBFBFFF701FC3368984205461ED33060EE
:10D8100024B36D4B1B681C68B4FA84F464096B4B29
:10D8200022461868A8EB0501FFF799F9FFF790FC6D
:10D8300088B94FF0E0234FF08052C3F8042DBFF3B6
:10D840004F8FBFF36F8F06E00124D8E7FFF78EFFFD
:10D850003560FFF77DFCDFF8748138E08045DED865
:10D86000FFF776FC3B68DB68D3F80C9009F1040005
:10D87000FEF7EEFD99F82830580719D5D9F8181099
:10D8800043462A4641444846FFF7C0FEA0B10094F3
:10D890002346424621464846FFF73CFF60B94FF019
:10D8A000500383F31188BFF36F8FBFF34F8FFEE7F1
:10D8B00023F0010389F82830D9F8203048469847EA
:10D8C000C9E7039B05999847029B002B0BDAD8F810
:10D8D0000000002202A9FFF717F8002885D0029B5C
:10D8E0000498002BEDDB049C636993B9FFF78CFB74
:10D8F00033689842054601D2FFF738FF029B356036
:10D90000092BE4D8DFE803F0090909333A53090980
:10D91000333A201DFEF79CFDE8E794F82830A16912
:10D9200043F0010384F82830039B2A46194420461B
:10D93000FFF76CFE0028CAD0236A2046984794F867
:10D9400028305907C3D5A269039900230A440093DC
:10D9500019462046FFF7DEFE0028B8D14FF05003ED
:10D9600083F31188BFF36F8FBFF34F8FFEE794F8F7
:10D97000283023F0010384F82830A8E794F82830F1
:10D980000399A16143F0010384F8283041B94FF0B5
:10D99000500383F31188BFF36F8FBFF34F8FFEE700
:10D9A0002B462A4629442046FFF730FE8FE794F89D
:10D9B00028309A07DDD4204600F076FA87E700BFCA
:10D9C000E8580020D8580020E4580020E0580020F3
:10D9D00008480068006880F308884FF0000080F372
:10D9E000148862B661B6BFF34F8FBFF36F8F00DF4D
:10D9F00000BF000008ED00E0DFF80C00016841F412
:10DA0000700101607047000088ED00E082B00023E3
:10DA100001930D4B1B68013308D04FF0500383F383
:10DA20001188BFF36F8FBFF34F8FFEE74FF05003A6
:10DA300083F31188BFF36F8FBFF34F8F019B002BD0
:10DA4000FCD002B0704700BF0C0000204FF0807384
:10DA500040F8043C074B40F80C3C21F001016FF00A
:10DA6000020340F8081C40F8202C40F8243C4438BD
:10DA7000704700BF0DDA0008000000000000000041
:10DA8000074B19680868B0E8F04F80F30988BFF3C6
:10DA90006F8F4FF0000080F311887047AFF3008064
:10DAA000E45700204FF0500383F31188BFF36F8FCA
:10DAB000BFF34F8F0A4A13680133012B13600ED155
:10DAC0004FF0E023D3F8043DDBB243B14FF05003F5
:10DAD00083F31188BFF36F8FBFF34F8FFEE770475B
:10DAE0000C000020084A136843B94FF0500383F339
:10DAF0001188BFF36F8FBFF34F8FFEE7013B1360B9
:10DB00000BB983F3118870470C000020000000005F
:10DB1000EFF30980BFF36F8F154B1A681EF0100FDB
:10DB200008BF20ED108A20E9F04F106009B44FF0D3
:10DB3000500080F31188BFF34F8FBFF36F8FFFF753
:10DB4000E9FB4FF0000080F3118809BC19680868F0
:10DB5000B0E8F04F1EF0100F08BFB0EC108A80F351
:10DB60000988BFF36F8F7047AFF30080AFF3008079
:10DB7000E457002008B54FF0500383F31188BFF33A
:10DB80006F8FBFF34F8FFFF74DFA28B14FF0E023AF
:10DB90004FF08052C3F8042D002383F3118808BD91
:10DBA0004FF0E022002313619361054B4FF47A712B
:10DBB0001B68B3FBF1F3013B53610723136170470B
:10DBC000000000204FF0E02337B5D3F8001D394A9C
:10DBD000914208D14FF0500383F31188BFF36F8F48
:10DBE000BFF34F8FFEE7D3F8002D334B9A4208D195
:10DBF0004FF0500383F31188BFF36F8FBFF34F8F44
:10DC0000FEE72E4B1A78D2B20192FF221A701B78CF
:10DC10002B4ADBB28DF803309DF8033003F050033C
:10DC20001370284A072313609DF80300000603F1D0
:10DC3000FF310AD4032B11D04FF0500383F3118826
:10DC4000BFF36F8FBFF34F8FFEE79DF80330116076
:10DC50005B00DBB28DF803300B46E5E74FF4407311
:10DC60001360019B154A4FF0E024DBB21370D4F827
:10DC7000203D43F47003C4F8203DD4F8203D43F028
:10DC80007043C4F8203DFFF78BFF0F4B00251D604C
:10DC9000FFF7B2FED4F8343F43F04043C4F8343FBA
:10DCA000FFF796FEFFF736FBFFF7B0FE284603B0FE
:10DCB00030BD00BF71C20F4170C20F4100E400E0EF
:10DCC00018590020145900200C000020EFF30583A0
:10DCD0000F2B0ED9114A9B5C114A12789A4208D92F
:10DCE0004FF0500383F31188BFF36F8FBFF34F8F53
:10DCF000FEE74FF0E0230B4AD3F80C3D126803F423
:10DD0000E063934208D94FF0500383F31188BFF3C7
:10DD10006F8FBFF34F8FFEE7704700BFF0E300E067
:10DD2000185900201459002010B5104B1A461B68D2
:10DD30008342FBD354681119884201BF41681046E1
:10DD400009195160446801198B420CD108490968CE
:10DD50008B4203D0596821444160196801609042A8
:10DD600018BF106010BD1946F8E700BF34590020F5
:10DD7000305900202DE9F0410446FFF73DF94349B1
:10DD8000434D0B680BBB434A56071FBFD01D20F005
:10DD9000070002F5C832131A0CBF4FF4C83302460D
:10DDA00013443D4E083B23F00703002070603260AF
:10DDB000C3E90000981AC2E900300B60374B1860C5
:10DDC000374B18604FF000432B602F68274207D075
:10DDD000FFF7BEF9F3F764FA00263046BDE8F0819C
:10DDE000002CF5D004F1080360071CBF23F00703E3
:10DDF0000833002BECD0DFF8A880D8F800509D4203
:10DE0000E6D3254A14686068984201D22668B6B9FC
:10DE10000968A142DCD0216816681160C21A102A74
:10DE200006F1080612D9E01841070BD04FF0500355
:10DE300083F31188BFF36F8FBFF34F8FFEE7224646
:10DE40003446E0E742606360FFF76EFF62681349A3
:10DE5000AD1A1743134A08686760002323601368EC
:10DE6000C8F80050854203F1010338BF0D6013600C
:10DE7000FFF76EF97307B0D04FF0500383F31188AA
:10DE8000BFF36F8FBFF34F8FFEE700BF3059002005
:10DE90001C5900203C5900203459002028590020EA
:10DEA0002C5900202459002010B5044690B31A4A7A
:10DEB00050F8043C1268134208D14FF0500383F32A
:10DEC0001188BFF36F8FBFF34F8FFEE750F8081C28
:10DED00041B14FF0500383F31188BFF36F8FBFF34D
:10DEE0004F8FFEE723EA020340F8043CFFF784F873
:10DEF0000A4A54F8043C1168A4F108000B4413606A
:10DF0000FFF712FF064A1368BDE8104001331360A3
:10DF1000FFF71EB910BD00BF1C5900202C5900206E
:10DF200020590020014B1868704700BF2C59002071
:10DF3000014B1868704700BF285900200CB430B559
:10DF4000184B0C1E1D689DB008DA8B232B604FF018
:10DF5000FF301DB0BDE8304002B070474FF402738F
:10DF6000ADF814304FF000031B9314BF04F1FF33DE
:10DF70002346049307934FF6FF7302900690ADF883
:10DF80001630209A21AB02A92846019300F048FAE6
:10DF9000431CBCBF8B232B60002CDAD0029B0022D9
:10DFA0001A70D6E71000002030B51446002C9BB044
:10DFB00005461A4605DA8B2303604FF0FF301BB08D
:10DFC00030BD4FF40273ADF80C304FF000031993DD
:10DFD00014BF04F1FF332346029305934FF6FF73FA
:10DFE00000910491ADF80E3069461E9B00F018FABE
:10DFF000431CBCBF8B232B60002CE0D0009B002275
:10E000001A70DCE707B5009313460A460146034839
:10E010000068FFF7C9FF03B000BD00BF100000207B
:10E0200002440346934200D1704703F8011BF9E70D
:10E030002D4B1B68834270B5044653D0C3691BB394
:10E04000DB6863B10025E369DB685959B1B9043570
:10E05000802DF8D1E3692046D96800F089F8E3699A
:10E06000196811B1204600F083F8E3699D685DB13D
:10E07000294620462D6800F07BF8F8E70E68204618
:10E0800000F076F83146E1E7616911B1204600F011
:10E090006FF8E16911B1204600F06AF8216B11B107
:10E0A000204600F065F8616B11B1204600F060F881
:10E0B000A16B11B1204600F05BF8A16C11B12046B4
:10E0C00000F056F8616C11B1204600F051F8E16A99
:10E0D00011B1204600F04CF8236A1BB12046BDE880
:10E0E0007040184770BD00BF10000020014B186839
:10E0F000704700BF1000002070B50D4B0D4D5B1B2D
:10E100009C100026A64209D101F038FE0A4D0B4BA7
:10E110005B1B9C100026A64205D170BD55F8043B40
:10E1200098470136EEE755F8043B98470136F2E789
:10E130008839010888390108883901088C390108B3
:10E1400070477047034611F8012B03F8012B002A92
:10E15000F9D170470A44914200F1FF3300D1704772
:10E1600010B511F8014B03F8014F9142F9D110BDE0
:10E1700038B50546002941D051F8043C0C1F002B4E
:10E18000B8BFE41800F0E0F81D4A136833B96360C3
:10E1900014602846BDE8384000F0DCB8A34208D936
:10E1A000206821188B4201BF19685B68091821603B
:10E1B000EDE71A465B680BB1A342FAD91168501813
:10E1C000A0420BD120680144501883421160E0D175
:10E1D00018685B68536008441060DAE702D90C23C2
:10E1E0002B60D6E7206821188B4204BF19685B6852
:10E1F000636004BF091821605460CAE738BD00BFDE
:10E2000080EA012070B50F4E0C463168054611B901
:10E2100000F0ACFB30602146284600F0A7FB431C11
:10E2200003D14FF0FF34204670BDC41C24F003041A
:10E23000A042F8D0211A284600F098FB0130F2D114
:10E24000EFE700BF7CEA01202DE9F843CD1C25F063
:10E25000030508350C2D38BF0C25002D064601DBC3
:10E26000A94204D90C2333600020BDE8F883DFF80D
:10E27000D48000F069F8D8F800301C4644BB294629
:10E280003046FFF7BFFF431C044658D1D8F8004082
:10E290002746002F43D1002C4BD023683946304607
:10E2A00004EB030900F062FB814542D121686D1A3D
:10E2B00029463046FFF7A6FF01303AD023682B44A9
:10E2C0002360D8F800305A6862BBC8F800700FE0CD
:10E2D0002268521B20D40B2A17D96119A34225604A
:10E2E00018BF5960636808BFC8F8001062514B60DE
:10E2F000304600F02FF804F10B00231D20F007003A
:10E30000C21A1CBF1B1AA350AFE76268A3420CBF1E
:10E31000C8F800205A60EBE723466468AEE73C4645
:10E320007F68B6E71A465B68A342FBD100235360BF
:10E33000DEE70C233360304600F00CF894E705600C
:10E34000D6E700BF80EA01200148FFF7F9BE00BF11
:10E3500078EA01200148FFF7F4BE00BF78EA012007
:10E360002DE9F0478E681F46BE4282460C46904615
:10E37000334653D8B1F90C0010F4906F2BD0656977
:10E380002368096905EB4505A3EB010905EBD57584
:10E390007B1C6D104B44AB422A4684BF1D462A4667
:10E3A000430527D511465046FFF74EFF064658B3A2
:10E3B00021694A46FFF7CEFEA38923F4906343F018
:10E3C0008003A381266165614E44A5EB09052660A3
:10E3D000A5603E463B461F4620683A46414600F04F
:10E3E000ABFAA3689B1BA36023683B442360002017
:10E3F000BDE8F087504600F0C9FA06460028E1D192
:10E4000021695046FFF7B4FE0C23CAF80030A389F7
:10E4100043F04003A3814FF0FF30E9E73E46DBE7DE
:10E420002DE9F0471F468B891B069CB006460D461A
:10E43000144610D50B6973B94021FFF705FF28601A
:10E44000286130B90C2333604FF0FF301CB0BDE8B9
:10E45000F08740236B610023099320238DF8293036
:10E4600003973023654F8DF82A304FF0010823467B
:10E47000994613F8012B0AB1252AF9D1B9EB040A00
:10E480000BD05346224629463046FFF769FF01303C
:10E4900000F0A480099A5244099299F80030002BA8
:10E4A00000F09C8000234FF0FF32CDE9052309F1F5
:10E4B0000109049307938DF853301A934C464F4843
:10E4C00014F8011B0522F1F78BFE049BD0B9D80686
:10E4D00044BF20228DF85320190744BF2B228DF80A
:10E4E000532099F800202A2A13D0079A4C4600207E
:10E4F0004FF00A0C214611F8013B303B092B49D95A
:10E5000068B913E0C01B08FA00F018430490A14654
:10E51000D4E7039A111D12680391002A01DB0792C8
:10E5200004E0524243F002030792049323782E2B17
:10E530000AD163782A2B32D1039B1A1D1B680392E0
:10E5400043EAE37302340593DFF8C0902178032295
:10E550004846F1F745FE38B1049BA0EB0900402284
:10E56000824013430134049314F8011B24488DF8AE
:10E5700028100622F1F734FE002835D0214818BBB8
:10E58000039B073323F0070308330393099B0344DA
:10E5900009936CE70CFB02320C460120AAE700232A
:10E5A0000134059319464FF00A0C204610F8012B50
:10E5B000303A092A03D9002BC6D00591C4E70CFBD9
:10E5C000012104460123F0E703AB00932A460E4BDA
:10E5D00004A93046AFF30080421CD7D1AB895B065B
:10E5E0003FF532AF099831E703AB00932A46064B5B
:10E5F00004A9304600F07AF8EEE700BF8F33010837
:10E60000993301080000000061E300089533010818
:10E610002DE9F047164698468A680B69DDF8209088
:10E620009342B8BF1346336091F8432007460C4627
:10E630000AB1013333602368990642BF336802335D
:10E640003360256815F0060506D104F1190AE36860
:10E6500032689B1AAB4226DC94F843302268003BB8
:10E6600018BF012392062BD404F1430241463846D9
:10E67000C84701301ED02368226903F00603042B2B
:10E6800002BFE5683368ED1AA3680CBF25EAE5759B
:10E6900000259342C4BF9B1AED1800261A34B542D8
:10E6A0001AD1002008E00123524641463846C847A7
:10E6B000013003D14FF0FF30BDE8F0870135C6E7E8
:10E6C000E1185A1C302081F84300224494F8451088
:10E6D00082F843100233C7E70123224641463846F9
:10E6E000C8470130E6D00136D9E700002DE9F043F4
:10E6F0000D7E85B0782D90460C9E07460C469946B7
:10E7000001F1430207D8622D0AD8002D00F0D7800E
:10E71000582D00F0BC8004F1420684F842503BE0E2
:10E72000A5F16303152BF6D801A151F823F000BF22
:10E7300089E700089DE7000817E7000817E70008C9
:10E7400017E7000817E700089DE7000817E700082B
:10E7500017E7000817E7000817E70008A5E8000812
:10E76000C7E7000857E8000817E7000817E70008A0
:10E77000C7E8000817E70008C7E7000817E7000820
:10E7800017E700085FE8000833681A1D1B6832604D
:10E7900004F1420684F842300123A1E03368206886
:10E7A000191D3160060601D51D6803E04506FBD53D
:10E7B000B3F90050002D03DA2D236D4284F8433065
:10E7C0005B480A2311E021683368080653F8045BAC
:10E7D00002D4490648BFADB23360237E54486F2B44
:10E7E0005CD10823002184F843106668A660002EDF
:10E7F00005DB21682E4321F00401216050D016462C
:10E80000B5FBF3F103FB115C10F80CC006F801CD69
:10E81000AC4663450D46F3D9082B0BD12368DB07C3
:10E8200008D5236961689942DEBF302306F8013CB0
:10E8300006F1FF36921B2261CDF80090434603AAF1
:10E8400021463846FFF7E4FE01304ED14FF0FF304D
:10E8500005B0BDE8F083236843F02003236035480A
:10E86000782584F845502368316813F0800F51F8FB
:10E87000045B03D113F0400F18BFADB23160D9076C
:10E8800044BF43F0200323601DB11023AAE72848AA
:10E89000E7E7236823F020032360F6E70A23A1E7D4
:10E8A0001646B9E7336825686169181D30602E0681
:10E8B0001B6801D5196002E06806FBD519800023AA
:10E8C00023611646B8E733681A1D32601E68626815
:10E8D00000213046F1F784FC08B1801B606063685A
:10E8E0002361002384F84330A6E72369324641467A
:10E8F0003846C8470130A9D023689B0713D4E06885
:10E90000039B9842B8BF1846A2E70123324641460E
:10E910003846C847013099D00135E36803995B1A3E
:10E92000AB42F2DCEBE7002504F11906F5E700BF86
:10E93000A0330108B1330108884210B501EB02048D
:10E9400002D98442234607D8431EA14207D011F8BA
:10E95000012B03F8012FF8E70244824200D110BDD9
:10E9600013F8011D02F8011DF7E7000038B5064D48
:10E970000023044608462B60F9F73AFF431C02D1F6
:10E980002B6803B1236038BD74EA01202DE9F04102
:10E99000074614460D4621B9BDE8F0411146FFF780
:10E9A00053BC2AB9FFF7E4FB25462846BDE8F081B1
:10E9B00000F01AF88442064602D8B4EB500FF4D89F
:10E9C00021463846FFF740FC804608B94546ECE74B
:10E9D000B4422246294628BF3246FFF7BBFB2946F0
:10E9E0003846FFF7C5FBF1E751F8043C181F002B30
:10E9F000BCBF0B58C018704738B52DED028B55ECD5
:10EA0000104B00F0F7F822462B4620462946B0EE80
:10EA1000408AF0EE608AF2F789F830B900220023CC
:10EA200020462946F2F75AF830B9B0EE480AF0EE1F
:10EA3000680ABDEC028B38BDFFF758FB00220023AB
:10EA40002121016010461946F1F700FF41EC180B37
:10EA5000B0EE480AF0EE680ABDEC028B38BD00BF8C
:10EA600000F0D8BA08B52DED028BB0EE408A00F068
:10EA7000B9F9B4EE488AF1EE10FA06D6DFED098A4C
:10EA8000B4EEE88AF1EE10FA02D4BDEC028B08BDB8
:10EA9000FFF72CFB88EEA80ABDEC028B2123036054
:10EAA00008BD00BF0000000010EE103A184923F026
:10EAB00000428A4219D9B2F1FF4F02D330EE400A28
:10EAC000704700B583B0684600F04AFB00F00300D1
:10EAD00001289DED000ADDED010A0FD0022808D0C3
:10EAE00088B900F0CDF903B000BDDFED0A0A00F0EF
:10EAF000C7B900F0C5F9B1EE400AF4E700F042FAF8
:10EB0000B1EE400AEFE7012000F03CFAEBE700BF6E
:10EB1000D80F493F0000000010EE103A194923F0C9
:10EB200000428A421AD9B2F1FF4F02D330EE400AB6
:10EB3000704700B583B0684600F012FB00F0030098
:10EB400001289DED000ADDED010A12D002280AD04D
:10EB500090B9012000F016FA03B000BDDFED0A0AFB
:10EB6000002000F00FBA012000F00CFAB1EE400ACC
:10EB7000F2E700F085F9EFE700F082F9B1EE400A24
:10EB8000EAE700BFD80F493F0000000010EE101A5E
:10EB9000C1F3C7520029A2F17F0CACBF01204FF096
:10EBA000FF30BCF11E0F0FDCBCF1000F1DDBC1F309
:10EBB0001603BCF1160F43F400030ADD963A03FA7C
:10EBC00002F202FB00F07047FDEEC07A17EE900AE9
:10EBD00070474FF4800242FA0CF21A44CCF1170C41
:10EBE00022FA0CF202FB00F07047BCF1FF3F18BFA5
:10EBF000002070472DE9F84F774955EC104BA94399
:10EC000000F0AE80002D2A46234655DD2C1562D03B
:10EC1000C2F31302E107A4F2FF3742F4801203D4D7
:10EC2000520002EBD3725B005200002602EBD3725B
:10EC30007F105B001624B4464FF400110CEB01006A
:10EC400090424FEAD3754FEA430303DC00EB010C1B
:10EC5000121A0E44013C05EB42024FEA5101EDD17C
:10EC6000A04620254FF000400AE043D0510001EBC0
:10EC7000D371013D0A464FEA43034FEA500045D0A5
:10EC8000624500EB080EF0DDBEF1000F0EEB000850
:10EC90000CDBE146A2EB0C019E4588BF01F1FF3180
:10ECA0004900CC46A3EB0E030444E0E7B8F1000FA3
:10ECB000EFDB0CF10109EDE725F00041214346D0DF
:10ECC000002D74D1D90A153A5B050029FAD0CE027D
:10ECD00014467DD40A4600215200D502084601F1AF
:10ECE0000101F9D5C1F1200523FA05F52A438B402E
:10ECF000241A8DE79E4502D94FEA4C01B7E7BEF1D1
:10ED0000000F0EEB000824DB0021CBE7194312D0E3
:10ED1000DFF8C8A0DFF8C8B0DAE90001DBE90023BA
:10ED2000F1F7B2FADAE9008902460B464046494655
:10ED3000F1F7DEFE10BB6508711001F17F5101F59E
:10ED4000001101EB075345EAC67243EC102BBDE8F6
:10ED5000F88FB8F1000FD7DB0CF1010C0021A1E70F
:10ED600022462B4620462946F1F746FC22462B46F2
:10ED7000F1F78CFA41EC100BBDE8F88FB4F1FF3FCE
:10ED8000DAE90001DBE900231ED0F1F77FFADAE9C6
:10ED9000008902460B4640464946F1F79FFEA8B15E
:10EDA000A31C04F1020508BF01366D08C4E7224622
:10EDB0002B4620462946F1F767FA02460B46F1F743
:10EDC00045FD41EC100BC2E70136B5E70134B2E76F
:10EDD0004FF0FF300A468BE70000F07F70350108E6
:10EDE00068350108B1EEC00A704700BF10EE102A66
:10EDF000C2F3C7537F3B162B22F000411BDC002BD4
:10EE000010461EDB1A4919410A4223D0DFED197A58
:10EE100070EE277AF5EEC07AF1EE10FA1ADD002ACC
:10EE200004DD4FF4000242FA03F3184420EA010320
:10EE300000EE103A7047B1F1FF4F0BD330EE000AED
:10EE40007047DFED0C7A70EE277AF5EEC07AF1EEBE
:10EE500010FA00DC7047002A06DB11B1B7EE000A99
:10EE6000F8E79FED050A70479FED040A704700BF61
:10EE7000FFFF7F00CAF2497100000000000000801F
:10EE800010EE103A23F00043B3F1485F2CD2FDEEB0
:10EE9000C07A17EE903A002B60D060EE007A9FEDBA
:10EEA000317A9FED315ADFED315A9FED316ADFED56
:10EEB000316AA7EE875A9FED307AE7EE855AA7EEC2
:10EEC000A56AA7EE867AE7EE876A67EEA66A60EE25
:10EED000C00AB6EE007AE7EEA60AB7EE000AD7EE51
:10EEE000870A30EE600A704760EE007A9FED1D7A67
:10EEF0009FED1D5ADFED1D5A9FED1D6ADFED1D6A66
:10EF00001E4AA7EE875A93429FED1B7AE5EE275AD9
:10EF1000A5EEA76AA6EE277AE7EE276A66EEA76A4D
:10EF2000D5D9174A934214D803F17F4307EE103A1C
:10EF3000B7EE006A36EE476A60EEC00AF6EE005A97
:10EF400097EEA57AE7EEA60A37EE607A36EE470A24
:10EF50007047B6EE076AB5EE027AEDE7B7EE000A43
:10EF6000704700BF4ED747ADF6740F317CF293B4B3
:10EF7000010DD037ABAA2A3D610BB6BA9999993EDB
:10EF80000000483F10EE103A23F00043B3F1485F11
:10EF900004D2FDEEC07A17EE903A5BB360EE007AD1
:10EFA0009FED157ADFED155A9FED156ADFED156AB5
:10EFB000E7EE875A9FED147AA5EEA76A20EE275A4E
:10EFC000E6EE276AA6EEA77A30B9DFED106AE7EE23
:10EFD000876AA6EE850A704727EE457AF6EE006A44
:10EFE000A0EEA67ADFED0A6AD7EE270AE5EE260A3A
:10EFF00030EE600A704700BFD3C92E2F342FD7B22E
:10F000001BEF3836010D50B98988083CABAA2ABEDF
:10F01000ABAA2A3E10B582B0CDED010A019B23F0C8
:10F020000042B2F1FF4FF0EE407A30D810EE100AF5
:10F0300020F00041B1F1FF4F29D8B3F17E5F3ED0FF
:10F040009C1704F0020444EAD07431B37AB3B2F1ED
:10F05000FF4F3FD0B1F1FF4F29D0891AB1F1F45FD2
:10F060004FEAE15233DA002B41DA3C323FDA9FEDCE
:10F07000330A012C4DD0022C42D064B19FED307A7E
:10F08000DFED307A30EE070A30EE670A03E09DEDDF
:10F09000017A37EE270A02B010BD022C0CD09FED8A
:10F0A0002A7A032C08BFB0EE470A02B010BD002830
:10F0B0000ADB9FED260AEEE79FED220AEBE702B09E
:10F0C000BDE8104000F082B99FED210AE3E79FED13
:10F0D0001F0ACEE7B1F1FF4F04F1FF3420D0022C1C
:10F0E00026D81C4B03EB840393ED000AD3E79DED78
:10F0F000017A87EE870A00F03BFA00F067F9B8E77B
:10F100009FED0F7ADFED0F7A30EE070A37EEC00A77
:10F11000C1E710EE103A03F1004300EE103ABAE7EF
:10F12000022C08D80C4B03EB840393ED000AB2E7E2
:10F130009FED020AAFE79FED090AACE7000000006F
:10F140002EBDBB33DB0F4940DB0F49C0DB0FC93F8E
:10F15000DB0FC9BF7835010884350108DB0F493F53
:10F1600070B510EE103A8B4A23F00044944286B0FA
:10F17000054671D9884A94421E4624D823F000429D
:10F18000002BDFED867A864922F00F02B0EE407A3E
:10F1900040F3E6808A4270EE677A09BF9FED817A7C
:10F1A000DFED816ADFED816A77EEC77A37EEE67AC6
:10F1B00077EEC77A80ED007A77EEE67AC0ED017AD5
:10F1C000012006B070BD7A4A944253D9B4F1FF4F82
:10F1D00049D2E215863AA4EBC25307EE903ABDEE4F
:10F1E000E77ADFED746AB8EEC77A77EEC77A8DED0D
:10F1F000037A67EEA67ABDEEE77AB8EEC77A77EEC5
:10F20000C77A8DED047A67EEA67AF5EE407AF1EED4
:10F2100010FACDED057A40F08E80B5EE407AF1EE31
:10F2200010FA40F08A800123634901910221009184
:10F2300003A8294600F0A4F9002EC2DA95ED007A61
:10F24000D5ED017AB1EE477AF1EE677A85ED007A75
:10F25000C5ED017A4042B4E7002285ED000A426024
:10F26000002006B070BD70EE407AC0ED017AC0EDAE
:10F27000007AF5E700F07CF99FED507A9FED476A40
:10F28000F6EE007AE0EE077A9FED477AFDEEE77A38
:10F29000F8EEE76A17EE900AA6EEC60A1F2866EE99
:10F2A000877AB1EE666A30EE677A1EDC444A411E08
:10F2B00026F0004352F8212023F0FF03934214D09C
:10F2C00085ED007A30EE470A002E30EE670A85EDB4
:10F2D000010ABFF676AFB1EE477AB1EE400A85ED8E
:10F2E000007A85ED010A40426BE717EE103AC3F34E
:10F2F000C753C3EBD453082B4FEAE452E0DD9FED34
:10F30000297A9FED2A5AF0EE405AE6EE075A70EE3F
:10F31000657AE6EE077AD6EE857A35EEE77A17EE6D
:10F32000103AC3F3C753D21A192A08DCB0EE650AA3
:10F3300085ED007AC6E7032376E7022374E79FEDA5
:10F34000217A9FED215AB0EE650AA6EE070A75EE06
:10F35000C07AE6EE077AD6EE857A30EE677AAFE7C6
:10F360008A4270EE277A09BF9FED0E7ADFED0E6AB2
:10F37000DFED0E6A77EE877A37EEA67A77EEC77AF8
:10F3800080ED007A77EEA67AC0ED017A4FF0FF307B
:10F3900017E700BFD80F493FE3CB1640800FC93FA6
:10F3A000D00FC93F004435374344353708A3852E75
:10F3B000800F4943000080431036010884F9223F42
:10F3C0009035010800A3852E32318D2438B510EE1A
:10F3D000105A25F00044B4F1A14FF0EE407A07D363
:10F3E000B4F1FF4F55D8002D77DD9FED4E0A38BDA3
:10F3F0004D4B9C425CD8B4F1445F4DD34FF0FF338A
:10F4000027EEA76A9FED495A9FED497ADFED495AE9
:10F41000DFED494A66EE066A5A1CA6EE857AE6EEEC
:10F42000A54A9FED465ADFED465AA7EE265AE4EE6E
:10F43000A65A9FED447ADFED444AA5EE267AE5EE22
:10F44000A64A9FED425ADFED425AA7EE265A9FED9B
:10F45000417AA4EEA67AE5EE265A27EE267AA5EEA4
:10F46000867A27EE877A3BD03B493C4A01EB830101
:10F47000D1ED006A37EE667A02EB8303D3ED006AC2
:10F4800037EE677A002D36EEC70AB0DAB1EE400AE1
:10F4900038BD30EE000A38BD9FED317A30EE077A84
:10F4A000F7EE006AB4EEE67AF1EE10FAA6DD38BDAA
:10F4B00000F05EF82B4B9C4215D8A3F5D0039C427C
:10F4C00026D8F0EE007ABFEE007AA0EE277A00236D
:10F4D00030EE270AC7EE007A92E79FED230A38BD87
:10F4E00037EEC70A38BD214B9C420BD8F7EE087A9D
:10F4F000B7EE007AA0EE277A022330EE670AC0EE5C
:10F50000077A7DE7BFEE007AC7EE007A032377E73C
:10F51000F7EE007A30EE677A30EE270A0123C7EE65
:10F52000007A6DE7DB0FC93FFFFFDF3ED769853CFF
:10F5300059DA4B3D21A215BD6BF16EBD356B883D8F
:10F5400095879DBD6E2EBA3D388EE3BD2549123E8E
:10F55000ABAAAA3ECDCC4CBE2839010838390108E7
:10F56000CAF24971FFFF973FDB0FC9BFFFFF1B4086
:10F5700010EE103A23F0004300EE103A704700BF3F
:10F580002DE9F04F2DED048BDBB01C469446039320
:10F590000A46BA4B68991CF1040F53F82170824651
:10F5A00004F1FF39C0F25682BCF1030348BF0CF1ED
:10F5B0000403DB10029301334FEAC30EACEB0E03DE
:10F5C0000593029B17EB0900A3EB090316D4013046
:10F5D0009FEDAB7A699C18441EA9002BA4BF54F878
:10F5E000235007EE905A03F10103ACBFF8EEE77A1F
:10F5F000F0EE477A8342E1EC017AEED1002FC0F2BF
:10F60000E28203991EA800EB81004FEA81087E1870
:10F61000002346AD4C460AEB8101B9F1000F80F2A0
:10F62000C8800134B44245F8043B00F10400F4D131
:10F630000DF1280B0BEB8703CDE9062E043B9FED64
:10F64000929ADFED908A059804930AEB080446AE7F
:10F650000BEB87080097CDF820C00DEB8703002F38
:10F6600093ED460A4FEA870515DD73195A4660EE99
:10F67000097AB0EE407AFDEEE77A73ED016AF8EEB2
:10F68000E77AB342A7EEE87A37EEA60ABDEEC77A6C
:10F69000A2EC017AEBD1019000F0B8FAF4EE007A16
:10F6A000B0EE408A20EE270A00F01EFBF2EE007A50
:10F6B000A0EE678A01980028FDEEC89AF8EEE97A74
:10F6C00038EE678A40F38280791EC0F108035BF848
:10F6D00021E04EFA03FC0CFA03F3AEEB030EC0F18B
:10F6E000070219EE903A4EFA02F26344002A09EE3C
:10F6F000903A4BF821E000F3AF80B5EE408AF1EE8E
:10F7000010FA74D1009B9F420ADD5D44002355F836
:10F71000041D454543EA0103F9D1002B40F0028165
:10F72000009B013B5BF823207B1C9C46002A40F099
:10F73000F780049A012152F8045D0131002DFAD0BE
:10F740003944029D039A05EB030E0EF1804E699D2C
:10F750000EF1FF3E3A4405EB8E0E1EAD06EB83071D
:10F7600005EB8205DEED017AF8EEE77AB9F1000FDC
:10F770000EF1040EE5EC017ADFED417A09DB2A4651
:10F780005346F3EC016A32ED017AA342E6EE877A42
:10F79000F7D10CF1010C8C45E7EC017AE2DD0F4664
:10F7A0005BE70134B442E5EC017A00F104003FF478
:10F7B0003FAFDFED337A83465346F3EC016A3BED0E
:10F7C000017A8B42E6EE877AF7D1EAE700F0918082
:10F7D000F6EE007AB4EEE78AF1EE10FA80F22981B3
:10F7E000B5EE408AF1EE10FA4FF000028AD0924650
:10F7F000DDE9062EDDF820C00197AEEB0C00B0EE7F
:10F80000480A009F009200F001FADFED1E6AB4EE94
:10F81000E60AF1EE10FADDE90023F0EE407AC0F2DC
:10F820009C819FED197A059920EE077A0831BDEE8B
:10F83000C77A0591B8EEC77A5C1CE7EE667ABDEE32
:10F84000C77AFDEEE77A17EE901A4BF8231017EE01
:10F85000103A4BF824307EE00133002F09EE903A45
:10F8600040F39D8159464FF0000E51F8043B002BA8
:10F8700039D0C3F5807341F8043C0CE074390108B9
:10F8800000000000000080430000803B0B68C3F1D3
:10F89000FF0341F8043B0EF1010E7745F6DC01232E
:10F8A0009E4600280BDD012800F0BB80022806D10F
:10F8B000791E5BF8213003F03F0C4BF821C0022A7F
:10F8C0007FF41BAFB7EE000A734630EE488A002B78
:10F8D0003FF413AF0992019000F098F90198099A4A
:10F8E00038EE408A09E70EF1010E7745BDDC9E46F1
:10F8F000D7E77B1E5BF82320D211002A7FF7FDAEED
:10F9000019EE903A002F03F1010309EE903AA9DCB9
:10F91000022A7FF4F2AEF7EE007A37EEC88AECE600
:10F9200019460EE73B469246DDE905125C1EA1F141
:10F9300008005BF82410009F059061B903F1804333
:10F94000013B0BEB8303014653F8040D013C0839DE
:10F950000028F9D0059105980092B7EE000A00F052
:10F9600055F9002C009AB0EE407AC0F22281601C5A
:10F9700046AD5FED3B6A81000BEB800305EB800039
:10F9800073ED017AF8EEE77A5B4567EE877A27EE4A
:10F99000267A60ED017AF3D10DF1C8080E1F2E44CE
:10F9A000C646A4460025002F7DDBDFF85C92DFED24
:10F9B000957A3046002307E0F9EC016AB0EC017A51
:10F9C0009F42E6EE877A03DB9D4203F10103F3DAFF
:10F9D0000CF1FF3CBCF1FF3FEEEC017A05F10105B3
:10F9E000A6F10406E1D1689B022B6ADC002B36DC11
:10F9F0000ED1DFED847A414431ED017A884577EE0E
:10FA0000877AF9D15346002B40F0C680C2ED007AC8
:10FA100019EE903A03F007005BB0BDEC048BBDE833
:10FA2000F08F791E5BF8213003F07F0C4BF821C07A
:10FA300045E719EE903A002F03F1010309EE903AE1
:10FA4000C8BF02223FF70EAFF7EE007A37EEC88A42
:10FA5000022252E600234FF0080E0293AEE5DDEDE0
:10FA6000327A9FED687A414471ED016A884537EE3C
:10FA7000267AF9D15346002B40F0848077EEC77A7E
:10FA800082ED007A64B133A90123B1EC017A01332C
:10FA90009C4277EE877AF8DA53460BB1F1EE677A3B
:10FAA000C2ED017AB4E70CF1FF3C0023BCF1FF3F4B
:10FAB0004EF8043B05F10105A6F104067FF473AF8F
:10FAC00091E7689B032BA3D1002C00F08C8008EBFE
:10FAD000840595ED007AA0002B46294671ED017A48
:10FAE000F0EE476A37EE277A884577EEC77A81EDE0
:10FAF000007A77EEA67AC1ED017AEFD1012C72D0AF
:10FB000095ED007A08F1040173ED017AF0EE476A91
:10FB100037EE277A994277EEC77A83ED007A77EE4F
:10FB2000A67AC3ED017AEFD1031DDFED367A4344A7
:10FB300008F1080833ED017A984577EE877AF9D114
:10FB40005346DDED326A9DED337A73B9C2ED006A3A
:10FB500082ED017AC2ED027A5AE7FDEEC07A1C46C8
:10FB600017EE901A4BF82310F5E6F1EE666AB1EE47
:10FB7000477AF1EE677AC2ED006A82ED017AC2ED52
:10FB8000027A45E7F1EE476A77EEC77AC2ED006A7E
:10FB9000002C7FF478AF81E7F1EE677A36E7012831
:10FBA00015D002287FF4B4AE0EF03F034BF821309D
:10FBB000AEE6689B022B12DC002B17DC7FF428AF2B
:10FBC000DFED107A1EE7039B4FEA830830E50EF065
:10FBD0007F03022A4BF821307FF48FAD9BE6689BB0
:10FBE000032B7FF415AFDFED077AA9E75346DDED70
:10FBF000327A1BB14FF0004313604FE700231360CC
:10FC00004EE700BF000000004839010810EE103A2E
:10FC100033F000411A4625D0B1F1FF4F1FD213F047
:10FC2000FF4F20D1DFED297A294A60EE277A9042F2
:10FC300017EE903A31DB4CF2503CC3F3C7516045AC
:10FC40001A46A1F1190114DD002BDFED227A9FED98
:10FC5000210AB8BFDFED207A27EE800A704730EE28
:10FC6000000A704770474CF2503C60454FEAD15152
:10FC7000EADC0144FE29E7DC002915DC11F1160F4E
:10FC800019DB193122F0FF4242EAC15207EE902AF5
:10FC90009FED120A27EE800A7047DFED117A07EE1A
:10FCA000103A27EE270A704722F0FF4242EAC1537A
:10FCB00000EE103A7047002BDFED097A9FED080A3D
:10FCC000B8BFDFED087A27EE800A70470000004CCD
:10FCD000B03CFFFFCAF24971CAF249F1000000339B
:10FCE0006042A20D6042A28D10EE102AC2F3C753EB
:10FCF0007F3B162B22F000411BDC002B10461EDB45
:10FD00001A4919410A4223D0DFED197A70EE277A99
:10FD1000F5EEC07AF1EE10FA1ADD002A04DA4FF49B
:10FD2000000242FA03F3184420EA010300EE103AFD
:10FD30007047B1F1FF4F0BD330EE000A7047DFED93
:10FD40000C7A70EE277AF5EEC07AF1EE10FA00DC4C
:10FD50007047002A02DB9FED070A704711B99FED3B
:10FD6000060A7047BFEE000AF2E700BFFFFF7F0000
:10FD7000CAF249710000000000000080F8B500BF21
:10FD8000F8BC08BC9E467047F8B500BFF8BC08BC7C
:04FD90009E467047D4
:10FD98000000000500000000AD550A19CB1A000844
:10FDA800291A0008351A0008000000006D1A00081A
:10FDB800491A00084D1A0008000000000000803FA2
:10FDC8000000000000000000000020410000204169
:10FDD8000000803F000020410000C84200000000F1
:10FDE80000000000000020410000A0400000803F0B
:10FDF800000020410000000000000040000000005A
:10FE0800000040400000C8420000803F0000C84297
:10FE180000000000000000000000804000002041B9
:10FE28000000C8420000803E0000C8420000204197
:10FE38000000000000000000000020410000C8424F
:10FE48000000803F000040404D4541535552454D0C
:10FE5800454E54004D4541535552454D454E545F0E
:10FE68004D4F54494F4E5F56325F444D415F5031BC
:10FE7800004944455F574F524B545245455F554ED4
:10FE8800545241434B4544005350495F444D415FF0
:10FE9800424C4F434B494E475F5752415050455291
:10FEA8005F563100554E4B4E4F574E5F434F4E46AF
:10FEB80049475F474154455F524553554C54004E9E
:10FEC8004F4E4500434F4E4649475F524541445FB8
:10FED8004641494C4544005354415455535F4E4F95
:10FEE800545F434C45414E00554E45585045435488
:10FEF80045445F4E4F4E5A45524F5F434F5252450D
:10FF08004354494F4E5F5441424C45004558504573
:10FF1800435445445F434F4E4649475F50524F460E
:10FF2800494C455F4D495353494E47005A45524F36
:10FF38005F4D49534D41544348004449525F4D4930
:10FF4800534D415443480046494C545F4D49534D25
:10FF580041544348005354415455535F4D49534D00
:10FF680041544348005052545F4D49534D41544306
:10FF78004800524D415049445F4D49534D41544307
:10FF88004800434F5252454354494F4E5F435243F2
:10FF98005F4D49534D41544348002D004D41363083
:10FFA8003020616E676C65207472616E73706F7259
:10FFB800743D25730D0A004255494C445F4D414E2E
:10FFC80049464553542C4170704D6F64653D257307
:10FFD8002C41707050726F66696C653D25732C4DAD
:10FFE80043553D53544D3332463430355247547897
:08FFF8002C536F75726365491B
:020000040801F1
:10000000643D25732C50726F66696C6546696E6736
:1000100065727072696E743D30782530386C582C7A
:1000200053797374656D436C6F636B487A3D256CCF
:10003000752C5472616E73706F72743D25730D0A66
:10004000004D413630302069646C65206163717504
:1000500069736974696F6E206661696C656420728A
:100060006573756C743D256420617474656D70747E
:10007000733D257520666C6167733D30782530329D
:10008000580D0A004D41363030207261773D25759C
:1000900020616E676C653D256C752E2530326C7560
:1000A000206465672053746174757356616C69646C
:1000B0003D2564204E564D423D2564204552524315
:1000C00052433D2564204552524D454D3D25642007
:1000D0004552525041523D25640D0A004D41363083
:1000E00030206E6F69736520286C617374202564FD
:1000F00073293A205032503D256C752E2530326CD4
:1001000075646567205374644465763D256C752E6F
:100110002530326C756465672044726966743D25CC
:1001200073256C752E2530326C75646567204D61C2
:1001300078537465703D256C752E2530326C75646E
:100140006567204E3D256C752076616C69643D25A0
:10015000640D0A0064656661756C745461736B00AC
:10016000575241505045445F5049445F534C4557A6
:100170005F563200554E4B4E4F574E002D256C6446
:100180002E25302A6C64004F524445525F4E4F5426
:100190005F434F4D5055544544004F524445525FC4
:1001A00041424F56455F4E595155495354005241B3
:1001B00054494F5F4F55545F4F465F52414E47453C
:1001C000002D256C642E2530326C6400554E4B4E4C
:1001D0004F574E5F4A4947004A756C2032302032F3
:1001E0003032362031363A35343A3533006A696771
:1001F0006D6F746F722D6E6C3200434F4E464947DF
:100200002C5265636F726456657273696F6E3D310F
:100210002C47617465506F6C6963793D504F4C4950
:1002200043595F415F4C4F434B45445F56312C432C
:100230006F6E666967436F6E746578743D25732CC5
:100240004669726D776172653D25732C4275696CE4
:100250006449443D25732C4D43555F5549443D2524
:1002600030386C582530386C582530386C582C4A4A
:10027000696749443D25732C4A69674B6E6F776EF9
:100280003D25642C436F6E666967476174655365ED
:100290006C66546573743D312C506F696E74536194
:1002A0006D706C657253656C66546573743D312C6A
:1002B000457870656374656443616C6962726174EA
:1002C000696F6E53746174653D5A45524F5F544176
:1002D000424C452C436F6E66696752656164566196
:1002E0006C69643D25642C436F6E66696756616C6A
:1002F00069643D25642C506F6C6963794147617472
:10030000655061737365643D25642C41756469743F
:100310004669656C64734C6F636B65643D312C4555
:100320007870656374656450726F66696C65466F5A
:10033000756E643D25642C52656A6563745265610F
:10034000736F6E3D25732C45787065637465645AD0
:1003500065726F3D3078253034582C457870656370
:100360007465644469723D3078253032582C457884
:1003700070656374656446696C743D30782530320D
:10038000582C457870656374656453746174757333
:100390003D3078253032582C45787065637465643B
:1003A0005072743D3078253032582C457870656332
:1003B000746564526D617049643D307825303258FF
:1003C0002C4578706563746564436F727243524361
:1003D00033323D30782530386C582C5A65726F3D79
:1003E0003078253034582C4469723D3078253032CD
:1003F000582C46696C743D3078253032582C537433
:10040000617475733D3078253032582C5072743DCC
:100410003078253032582C526D617049643D307807
:10042000253032582C436F72724E6F6E5A65726F60
:10043000436F756E743D25752C436F727243524342
:1004400033323D30782530386C580D0A004D6F74CA
:100450006F72204552524F523A2045256420284D54
:100460004136303020636F6E66696720676174655E
:100470002072656A65637465643A20257329210DCD
:100480000A0043435700505245434F4E4449544994
:100490004F4E004E41004F4646494349414C0044AF
:1004A000495341424C454400256C75002564004D7C
:1004B0004554412C536368656D6156657273696F6D
:1004C0006E3D25642C4669726D776172653D2573BA
:1004D0002C4275696C6449443D25732C4D43555F2E
:1004E0005549443D2530386C582530386C582530F6
:1004F000386C582C436F756E74657253636F7065FA
:100500003D424F4F542C4A696749443D25732C4A5C
:1005100069674B6E6F776E3D25642C4D6F746F72FB
:1005200049443D25732C4D6F746F724944536F7568
:100530007263653D25732C4D6F746F72494456612B
:100540006C69643D25642C4D6F746F72506F6C65DF
:10055000436F756E743D25752C4D6F746F72506FBF
:100560006C6550616972733D25752C456C656374CB
:10057000726963616C526970706C654D756C7469F9
:10058000706C653D25752C456C656374726963619B
:100590006C526970706C654F726465723D25752C84
:1005A0005465737449443D256C752C5377656570AB
:1005B00049443D256C752C446972656374696F6E9E
:1005C0003D25732C4D6561737572656D656E745054
:1005D0006F6C6963793D25732C4D65617375726528
:1005E0006D656E74446566696E6974696F6E3D25EC
:1005F000732C416363657074616E63654D6F6465F0
:100600003D25732C4F6666696369616C526573752D
:100610006C74536F757263653D4C45474143592C6B
:10062000536861646F7743616E6F6E6963616C4597
:100630006E61626C65643D25642C536861646F77FC
:10064000436F6E747261637456657273696F6E3D49
:1006500025732C536861646F774F666669636961BF
:100660006C3D302C436C6F7375726550726F6265B0
:10067000456E61626C65643D25642C436C6F7375D7
:10068000726550726F626550726F746F636F6C3D0C
:1006900025732C436C6F7375726550726F62654F72
:1006A0006666696369616C3D302C417070726F6180
:1006B000636850726F746F636F6C3D25732C41706B
:1006C00070726F6163685374727563747572616C74
:1006D00056616C69643D25732C52616D70536F6671
:1006E00074537461727450726F746F636F6C3D25D4
:1006F000732C52616D70536F6674537461727444DD
:10070000656C61794D733D25732C5068617365523A
:1007100065666572656E63653D5377656570507299
:100720006F67726573732C537465705261773D25E2
:10073000642C4578706563746564416E616C79738F
:100740006973506F696E74733D25642C43617074D6
:1007500075726564506F696E74733D25642C416ECB
:10076000616C79736973506F696E74733D25642C85
:100770004D6561737572656D656E7456616C696403
:100780003D25642C547261636B696E6756616C69B8
:10079000643D25642C547261636B696E67526D739E
:1007A0004C696D69744465673D31352E302C547247
:1007B00061636B696E674D61784C696D69744465FE
:1007C000673D33302E302C416371756973697469EC
:1007D0006F6E526573756C743D25732C4163715255
:1007E000656164417474656D7074733D256C752C1E
:1007F000416371526574726965733D256C752C4156
:1008000063715472616E73706F72744572726F723D
:10081000733D256C752C4163714A756D7052656A24
:10082000656374733D256C752C4163714661696C19
:10083000656453616D706C65733D256C752C436FF9
:100840006E74696E756F75735377656570436F6EFF
:10085000746578743D25732C436F6E74657874529B
:100860006561637175697265436F756E743D256C62
:10087000752C52616D70466565646261636B456E8F
:1008800061626C65643D312C536574746C65436FB3
:100890006E74726163743D25732C536574746C655A
:1008A00053746162696C6974794C696D69745261E1
:1008B000773D256C642C536574746C655461726764
:1008C0006574546F6C6572616E63655261773D2526
:1008D0006C642C536574746C65506F696E74733DF1
:1008E00025642C536574746C6553746162696C691A
:1008F000747956616C69643D25642C536574746C1D
:100900006554617267657450726F78696D69747946
:1009100056616C69643D25642C536574746C65562E
:10092000616C69643D25642C537461727452617703
:100930003D25752C5374617274416E676C65446516
:10094000673D25732C416E616C79736973537461D3
:1009500072745261773D25752C436F6E74726F6CA3
:100960006C65725374617465506F6C6963793D2571
:10097000732C436F6E74726F6C6C65725265736525
:10098000744170706C6965643D25642C436F6E74AE
:10099000726F6C6C657252657365745374617465C3
:1009A00056616C69643D25642C486F6D65526573B2
:1009B000756C743D25732C486F6D65447572617458
:1009C000696F6E4D733D256C752C486F6D65557064
:1009D00064617465436F756E743D256C752C42615E
:1009E00074636849443D256C752C4379636C654F8D
:1009F000726465723D256C752C52756E4F7264651C
:100A0000723D256C752C426174636852756E436F3C
:100A1000756E743D256C752C507265636F6E6469DC
:100A200074696F6E50726F746F636F6C3D25732CB9
:100A300052756E526F6C653D25732C456C69676904
:100A4000626C65466F725374617469737469637321
:100A50003D25642C507265636F6E646974696F6EB6
:100A600056616C69643D25732C546865726D616CC8
:100A700050726F746F636F6C3D25732C466972738F
:100A80007452756E496E42617463683D25642C4DE5
:100A90006F746F72416374697665447572617469CD
:100AA0006F6E4D733D256C752C436F6F6C646F7763
:100AB0006E5461726765744D733D25732C436F6F7F
:100AC0006C646F776E41637475616C4D733D257313
:100AD0002C436F6F6C646F776E56616C69643D2553
:100AE000732C54696D6553696E63655072657669E0
:100AF0006F757352756E4D733D25730D0A00434F2C
:100B00004F4C444F574E5F313230535F5631004F98
:100B10004E455F46554C4C5F53574545505F31320B
:100B200030535F56310052455345545F4245464F5E
:100B300052455F454143485F484F4D455F56310040
:100B400053544142494C4954595F414E445F5441CA
:100B5000524745545F56310053574545505F434F08
:100B60004E544558545F5631005343555256455FD5
:100B70004C4F434B5F504C55535F43575F4C4F4373
:100B8000414C5F415050524F4143485F5632004301
:100B90004C4F535552455F484F4C445F56310043CC
:100BA000414E4F4E4943414C5F5131365F56310003
:100BB0005245504F52545F4F4E4C590057484F4C7E
:100BC000455F53595354454D5F434F4D4D414E443E
:100BD0005F545241434B494E470057484F4C455F85
:100BE00053595354454D5F5245504F52545F4F4EE9
:100BF0004C595F563100554E5345540047524944B5
:100C00002C536368656D6156657273696F6E3D251F
:100C1000642C5465737449443D256C752C53776579
:100C2000657049443D256C752C50726F746F636F0D
:100C30006C3D25732C4E6F6D696E616C53746570DD
:100C40004465673D312E30303030302C506F696E46
:100C500074735065725265763D25752C52617753D9
:100C60007465704D696E3D25752C526177537465BE
:100C7000704D61783D25752C5461726765745275AD
:100C80006C653D524F554E445F494E4445585F5444
:100C9000494D45535F36353533365F4449565F33EA
:100CA00036300D0A00554E49464F524D5F315F4474
:100CB00045475F524F554E4445445F5241575F563A
:100CC00031004D4F54494F4E5F50524F46494C45AD
:100CD0002C536368656D6156657273696F6E3D254F
:100CE000642C5465737449443D256C752C537765A9
:100CF000657049443D256C752C4A696749443D251A
:100D0000732C4D6F746F7249443D25732C44697286
:100D1000656374696F6E3D25732C50726F66696CE4
:100D2000653D25732C486F6D65436F6E74726F6CF3
:100D30006C65723D25732C46696E616C54617267F7
:100D400065744D6F64653D4F50454E5F4C4F4F503D
:100D50005F554E4348414E4745442C43617074757E
:100D600072654D6F64653D5354415449435F41463C
:100D70005445525F534554544C452C5469636B4D54
:100D8000733D25752C436F6D6D616E647350657294
:100D90004465677265653D25752C506F7765723DBA
:100DA000312E3030302C4C6F636B44757261746936
:100DB0006F6E4D733D256C752C4C6F636B436F6D7F
:100DC0006D616E64733D256C752C4C6F636B54695B
:100DD0006D696E674F76657272756E733D256C75C1
:100DE0002C52616D705365676D656E74733D256C33
:100DF000752C52616D70436F6D6D616E64733D252E
:100E00006C752C52616D7054696D696E674F7665B3
:100E10007272756E733D256C752C4D61784C6174E2
:100E2000656E6573735469636B733D256C752C4FE8
:100E3000627365727665644261636B747261636B41
:100E4000733D256C752C4D61784F627365727665C4
:100E5000644261636B747261636B5261773D256CB0
:100E6000750D0A0053435552564534305F41425385
:100E70004F4C5554455F5449434B5F563200434FE6
:100E80004E54524F4C5F53544154452C5363686544
:100E90006D6156657273696F6E3D25642C54657380
:100EA0007449443D256C752C537765657049443D04
:100EB000256C752C4A696749443D25732C4D6F7428
:100EC0006F7249443D25732C446972656374696F80
:100ED0006E3D25732C506F6C6963793D25732C52E0
:100EE000657365744170706C6965643D25642C524E
:100EF00065736574537461746556616C69643D25EE
:100F0000642C4265666F7265496E74656772616CC8
:100F10005465726D3D25732C4265666F72654C6138
:100F200073744572726F724465673D25732C426518
:100F3000666F7265436F6D6D616E645261773D25BA
:100F4000732C4265666F726546696C746572656480
:100F5000446572697661746976653D25732C4265D6
:100F6000666F72654C6173744F75747075745374E9
:100F700065705261773D25732C4265666F726546D8
:100F80006565646261636B496E697469616C697AF5
:100F900065643D25642C4265666F726546656564CF
:100FA0006261636B41636365707465643D256C7554
:100FB0002C4265666F72654F7574707574456C650B
:100FC0006374726963616C506F736974696F6E5298
:100FD00061773D25752C4265666F72654F7574703B
:100FE0007574506F7765723D25732C4265666F721C
:100FF000654F7574707574456E61626C65643D25EE
:10100000642C4166746572496E74656772616C54D4
:1010100065726D3D25732C41667465724C61737405
:101020004572726F724465673D25732C4166746525
:1010300072436F6D6D616E645261773D25732C4113
:101040006674657246696C7465726564446572693C
:101050007661746976653D25732C41667465724CC2
:101060006173744F757470757453746570526177E1
:101070003D25732C416674657246656564626163E3
:101080006B496E697469616C697A65643D25642C8D
:101090004166746572466565646261636B41636352
:1010A00065707465643D256C752C41667465724F7E
:1010B0007574707574456C656374726963616C50A6
:1010C0006F736974696F6E5261773D25752C416647
:1010D0007465724F7574707574506F7765723D25C5
:1010E000732C41667465724F7574707574456E61CA
:1010F000626C65643D25642C486F6D65526573753F
:101100006C743D25732C486F6D654475726174690C
:101110006F6E4D733D256C752C486F6D6555706411
:10112000617465436F756E743D256C752C486F6DE9
:1011300065496E697469616C4572726F7244656766
:101140003D25732C486F6D6546696E616C45727202
:101150006F724465673D25732C486F6D65496E69F4
:101160007469616C436F6D6D616E645261773D258A
:101170006C642C486F6D6546696E616C436F6D6D74
:10118000616E645261773D256C640D0A00534841DD
:10119000444F575F4D4554412C536368656D61560C
:1011A000657273696F6E3D25642C54657374494490
:1011B0003D256C752C537765657049443D256C75EC
:1011C0002C4A696749443D25732C4D6F746F7249F1
:1011D000443D25732C4F6666696369616C3D302C14
:1011E000436F6E747261637456657273696F6E3D9E
:1011F00025732C5369676E6564436F6E76656E74F4
:10120000696F6E3D25732C5265666572656E636508
:10121000446566696E6974696F6E3D25732C436120
:101220006E6F6E6963616C4D65616E536F7572634D
:10123000653D25732C4D616446696C746572696EF9
:1012400067456E61626C65643D302C54696D696EF2
:10125000674D6F64653D4241434B5F544F5F424170
:10126000434B2C52657175697265644163636570A7
:1012700074656453616D706C65733D25752C4D61AB
:10128000785472616E73616374696F6E733D257516
:101290002C4D6178436F6E7365637574697665462E
:1012A00061696C757265733D25752C4D6178456C6F
:1012B000617073656455733D256C752C4D61784A7A
:1012C000756D705261773D256C640D0A00414C4C80
:1012D0005F544945523100504F494E54305F4341AD
:1012E0004E4F4E4943414C5F4D45414E004D4541A7
:1012F00053555245445F4D494E55535F54415247F3
:10130000455400444154412C25642C256C752C25F2
:101310006C752C25732C25732C25732C25642C259A
:10132000752C25752C25732C25730D0A004143510E
:101330002C25642C256C752C256C752C25732C257F
:10134000642C256C752C25752C25752C3078253052
:1013500032580D0A004D4F54494F4E2C5363686567
:101360006D6156657273696F6E3D25642C546573AB
:101370007449443D256C752C537765657049443D2F
:10138000256C752C4A696749443D25732C4D6F7453
:101390006F7249443D25732C446972656374696FAB
:1013A0006E3D25732C506F696E743D25642C52611F
:1013B0006D70416363657074656453616D706C65D5
:1013C000733D25752C536574746C65526573756C2B
:1013D000743D25732C53746162696C69747956612C
:1013E0006C69643D25642C54617267657450726F3A
:1013F00078696D69747956616C69643D25642C5314
:101400006574746C6556616C69643D25642C506F1D
:10141000736974696F6E4572726F725261773D25A0
:10142000732C506F736974696F6E4572726F72447A
:1014300065673D25732C506F6C6C436F756E743D02
:1014400025750D0A00534841444F575F44415441AC
:101450002C25642C256C752C256C752C25732C255E
:10146000732C25732C25642C25732C25732C257344
:101470000D0A00534841444F575F4143512C2564A6
:101480002C256C752C256C752C25732C25642C252E
:101490006C752C256C752C25752C25752C25752CBB
:1014A00025752C25752C25730D0A004D4F54494F79
:1014B0004E5F524553554C542C536368656D6156CD
:1014C000657273696F6E3D25642C5465737449446D
:1014D0003D256C752C537765657049443D256C75C9
:1014E0002C4A696749443D25732C4D6F746F7249CE
:1014F000443D25732C446972656374696F6E3D25A4
:10150000732C436F6E747261637456657273696F86
:101510006E3D25732C436F6E74696E756F757353D2
:1015200077656570436F6E746578743D25732C43E1
:101530006F6E746578745265616371756972654325
:101540006F756E743D256C752C436F6E7465787481
:1015500052656164417474656D7074733D256C757A
:101560002C436F6E74657874416363657074656451
:1015700053616D706C65733D256C752C436F6E7493
:10158000657874526574726965733D256C752C437A
:101590006F6E746578745472616E73706F72744597
:1015A00072726F72733D256C752C436F6E74657823
:1015B000744A756D7052656A656374733D256C7508
:1015C0002C436F6E746578744661696C6564536111
:1015D0006D706C65733D256C752C52616D70526534
:1015E0006164417474656D7074733D256C752C5223
:1015F000616D70416363657074656453616D706C97
:1016000065733D256C752C52616D705265747269FD
:1016100065733D256C752C52616D705472616E73EB
:10162000706F72744572726F72733D256C752C52B7
:10163000616D704A756D7052656A656374733D259E
:101640006C752C52616D704661696C656453616D97
:10165000706C65733D256C752C536574746C6552A4
:10166000656164417474656D7074733D256C752C8F
:10167000536574746C65416363657074656453612C
:101680006D706C65733D256C752C536574746C6559
:10169000526574726965733D256C752C536574745D
:1016A0006C655472616E73706F72744572726F7292
:1016B000733D256C752C536574746C654A756D703B
:1016C00052656A656374733D256C752C536574743B
:1016D0006C654661696C656453616D706C65733DE2
:1016E000256C752C536574746C65506F696E7473DA
:1016F0003D25642C53746162696C69747956616C20
:101700006964506F696E74733D25642C546172670F
:10171000657450726F78696D69747956616C69642B
:10172000506F696E74733D25642C536574746C65D9
:1017300056616C6964506F696E74733D25642C53F7
:101740006574746C6554696D656F7574506F696EFE
:1017500074733D25642C536574746C6557726F6E99
:1017600067506F736974696F6E506F696E74733D03
:1017700025642C536574746C6553746162696C697B
:10178000747956616C69643D25642C536574746C7E
:101790006554617267657450726F78696D697479A8
:1017A00056616C69643D25642C536574746C655690
:1017B000616C69643D25642C4D61784162735365A9
:1017C00074746C65506F736974696F6E4572726F73
:1017D000725261773D25732C4D6178416273536578
:1017E00074746C65506F736974696F6E4572726F53
:1017F000724465673D25730D0A00524553554C549C
:101800002C536368656D6156657273696F6E3D2513
:10181000642C5465737449443D256C752C5377656D
:10182000657049443D256C752C4A696749443D25DE
:10183000732C4D6F746F7249443D25732C4469724B
:10184000656374696F6E3D25732C436170747572A6
:101850006564506F696E74733D25642C416E616CD4
:1018600079736973506F696E74733D25642C4D658F
:10187000616E44433D25732C524D535F41433D25DA
:10188000732C41313D25732C41323D25732C41335E
:101890003D25732C41363D25732C41393D25732C54
:1018A0004131323D25732C4131383D25732C413275
:1018B000373D25732C4133363D25732C4134353D5E
:1018C00025732C4137323D25732C413130383D256D
:1018D000732C48315F506861736553776565704458
:1018E00065673D25732C48325F5068617365537797
:1018F0006565704465673D25732C48335F506861AA
:10190000736553776565704465673D25732C48366C
:101910005F506861736553776565704465673D2501
:10192000732C48395F5068617365537765657044FF
:1019300065673D25732C4831325F5068617365538C
:10194000776565704465673D25732C4831385F5075
:101950006861736553776565704465673D25732CD1
:101960004832375F506861736553776565704465C9
:10197000673D25732C4833365F5068617365537734
:101980006565704465673D25732C4834355F506844
:1019900061736553776565704465673D25732C48B1
:1019A00037325F506861736553776565704465676A
:1019B0003D25732C483130385F506861736553772B
:1019C0006565704465673D25732C41343D25732C56
:1019D00048345F5068617365537765657044656727
:1019E0003D25732C41383D25732C48385F50686184
:1019F000736553776565704465673D25732C4D6F3E
:101A0000746F72506F6C65436F756E743D25752CE5
:101A10004D6F746F72506F6C6550616972733D25C4
:101A2000752C456C656374726963616C5269707082
:101A30006C654D756C7469706C653D25752C456CD5
:101A4000656374726963616C526970706C654F7222
:101A50006465723D25752C41456C656374726963DC
:101A6000616C363D25732C456C65637472696361E6
:101A70006C365F5068617365537765657044656760
:101A80003D25732C456C656374726963616C5269A2
:101A900070706C6556616C69643D25642C5068619A
:101AA000736556616C69644D61736B3D30782530A8
:101AB00034582C446F6D696E616E7453656C656348
:101AC0007465644F726465723D25752C446F6D6951
:101AD0006E616E7453656C6563746564416D706CA2
:101AE00069747564653D25732C446F6D696E616E14
:101AF0007453656C6563746564456E65726779528D
:101B00006174696F3D25732C4C65676163794D6F16
:101B100064656C49643D48534554365F56312C4CDE
:101B200065676163794F72646572733D317C327CA5
:101B3000337C367C31327C31382C4C65676163797B
:101B40004D6F64656C56616C69643D25642C52650B
:101B500073696475616C5F524D535F48363D257300
:101B60002C526573696475616C5F524D535F4833E5
:101B7000363D25732C526573696475616C5F524DF7
:101B8000535F46756C6C3D25732C466974746564AF
:101B90005F5032503D25732C4669744578706C61F6
:101BA000696E6564526174696F3D25732C45787464
:101BB000656E6465644D6F64656C49643D4853456A
:101BC0005431325F56312C457874656E6465644FCC
:101BD00072646572733D317C327C337C367C397C37
:101BE00031327C31387C32377C33367C34357C374B
:101BF000327C3130382C457874656E6465644D6F85
:101C000064656C56616C69643D25642C526573692A
:101C10006475616C5F524D535F457874656E6465A1
:101C2000643D25732C4669747465645F5032505F5F
:101C3000457874656E6465643D25732C466974450A
:101C400078706C61696E6564526174696F5F457824
:101C500074656E6465643D25732C4D6F746F725F9F
:101C60004572726F725F5032505F4465673D2573F5
:101C70002C4D6F746F725F53797374656D5F494E4D
:101C80004C5F4465673D25732C43726573744661F0
:101C900063746F723D25732C5039395F4162734410
:101CA0006576696174696F6E3D25732C547261634A
:101CB0006B696E6756616C69643D25642C54726172
:101CC000636B696E674572726F725F524D535F440A
:101CD00065673D25732C547261636B696E6745724D
:101CE000726F725F4D61784162735F4465673D2535
:101CF000732C46656174757265436F6D707574659C
:101D000054696D654D733D256C750D0A005348414E
:101D1000444F575F524553554C542C536368656D7F
:101D20006156657273696F6E3D25642C54657374DA
:101D300049443D256C752C537765657049443D25B4
:101D40006C752C4A696749443D25732C4D6F746F3F
:101D50007249443D25732C4F6666696369616C3D29
:101D6000302C436F6E747261637456657273696F61
:101D70006E3D25732C56616C69643D25642C416E63
:101D8000616C79736973506F696E74733D25642C4F
:101D90004D65616E44433D25732C524D535F414365
:101DA0003D25732C4133363D25732C5032503D2553
:101DB000732C506F696E74304D65616E526177514E
:101DC00031363D25732C4572726F723052617751F6
:101DD00031363D25732C436C6F7375726545727295
:101DE0006F725261775131363D25732C436C6F739E
:101DF0007572654572726F724465673D25732C4339
:101E00006C6F737572654C696D69744465673D30BC
:101E10002E32303030302C436C6F737572655661E2
:101E20006C69643D25642C4C65676163794D696E0E
:101E3000757343616E6F6E6963616C524D533D25DE
:101E4000732C4C65676163794D696E757343616E80
:101E50006F6E6963616C4133363D25732C41747438
:101E6000656D70746564506F696E74733D25642C84
:101E70004361707475726564506F696E74733D254B
:101E8000642C5472616E73616374696F6E733D2567
:101E90006C752C416363657074656453616D706C1F
:101EA00065733D256C752C5370694661696C75725C
:101EB00065733D256C752C4A756D7052656A656356
:101EC00074733D256C752C4D657461646174614952
:101ED0006E76616C69643D256C752C4661696C6534
:101EE00064506F696E74733D256C752C536B69700B
:101EF000706564536C6F74733D256C752C54696DFB
:101F0000696E674F76657272756E733D256C752CC0
:101F10004D617841627354696D696E674572726F85
:101F2000724379636C65733D256C752C4D61784304
:101F30006F6E73656375746976654661696C7572F9
:101F400065734F627365727665643D256C752C46CA
:101F5000656174757265436F6D7075746554696DF4
:101F6000654D733D256C752C417070726F616368AF
:101F700050726F746F636F6C3D25732C417070727B
:101F80006F6163685374727563747572616C5661C6
:101F90006C69643D25730D0A00534841444F575FF7
:101FA0004D41442C536368656D6156657273696F6A
:101FB0006E3D25642C5465737449443D256C752C25
:101FC000537765657049443D256C752C4A696749AE
:101FD000443D25732C4D6F746F7249443D25732C1D
:101FE000446972656374696F6E3D25732C4F666634
:101FF000696369616C3D302C506F696E74496E6421
:1020000065783D25642C436F6D70757465643D255E
:10201000642C43616E646964617465436F756E74AA
:102020003D256C752C52656A6563746564436F75F4
:102030006E743D256C752C526F62757374436F75A9
:102040006E743D256C752C52656A656374466C6FC1
:102050006F7252656C5261773D256C642C506F69CC
:102060006E744D65616E5261775131363D25732C2A
:102070004D616446696C74657265644D65616E524C
:1020800061775131363D25732C44656C7461526122
:10209000775131363D25730D0A00434C4F5355524D
:1020A000455F50524F42452C536368656D615665DC
:1020B0007273696F6E3D25642C5465737449443D99
:1020C000256C752C537765657049443D256C752CDE
:1020D0004A696749443D25732C4D6F746F724944BA
:1020E0003D25732C446972656374696F6E3D257379
:1020F0002C4F6666696369616C3D302C50726F7459
:102100006F636F6C3D25732C53746167653D257358
:102110002C506F696E743D25752C436F6D6D616E2B
:10212000645261773D256C642C506F7765723D3148
:102130002E30303030302C4E6F6D696E616C486FD0
:102140006C644D733D256C752C43617074757265BC
:102150005374617274456C61707365644D733D2591
:102160006C752C43617074757265456E64456C6165
:10217000707365644D733D256C752C506F696E747A
:102180004D65616E5261775131363D25732C436C3C
:102190006F737572654572726F7252617751313625
:1021A0003D25732C436C6F737572654572726F7247
:1021B0004465673D25732C57696E646F77503250C4
:1021C0005261773D25732C57696E646F775032509A
:1021D0004465673D25732C57696E646F7744726957
:1021E00066745261773D25732C57696E646F77442E
:1021F000726966744465673D25732C5472616E7311
:10220000616374696F6E733D256C752C4163636502
:102210007074656453616D706C65733D256C752CCD
:102220005370694661696C757265733D256C752CD8
:102230004A756D7052656A656374733D256C752CC3
:102240004D65746164617461496E76616C69643D69
:10225000256C752C536B6970706564536C6F747367
:102260003D256C752C54696D696E674F7665727289
:10227000756E733D256C752C4D6178436F6E73657B
:102280006375746976654661696C757265734F62D2
:102290007365727665643D256C752C416371756953
:1022A000736974696F6E526573756C743D25732C18
:1022B00056616C69643D25640D0A00434C4F5355CB
:1022C00052455F50524F42455F524553554C542C36
:1022D000536368656D6156657273696F6E3D256401
:1022E0002C5465737449443D256C752C5377656592
:1022F0007049443D256C752C4A696749443D2573F6
:102300002C4D6F746F7249443D25732C446972657E
:102310006374696F6E3D25732C4F666669636961EE
:102320006C3D302C50726F746F636F6C3D25732C55
:10233000456E61626C65643D25642C5374617274F2
:1023400065643D25642C436F6D706C6574653D2537
:10235000642C457870656374656453746167657354
:102360003D25752C417474656D707465645374619A
:102370006765733D256C752C56616C696453746197
:102380006765733D256C752C506F73745475726E50
:1023900054696D696E67436F6D70617261626C65DF
:1023A0003D25642C4163717569736974696F6E5260
:1023B0006573756C743D25732C5374617475733D2E
:1023C00025730D0A00415050524F4143485F52451A
:1023D00053554C542C536368656D6156657273692F
:1023E0006F6E3D25642C5465737449443D256C75AE
:1023F0002C537765657049443D256C752C4A696797
:1024000049443D25732C4D6F746F7249443D2573CB
:102410002C446972656374696F6E3D25732C4F6639
:1024200066696369616C3D302C50726F746F636FC5
:102430006C3D25732C537461727465643D312C437B
:102440006F6D706C6574653D25642C537461747593
:10245000733D25732C417070726F616368426163D4
:102460006B6F66665261773D256C642C41707072AB
:102470006F61636852616D70537465705261773D2E
:1024800025642C417070726F61636852616D704495
:10249000656C61794D733D25642C423042536F6603
:1024A00074537461727450726F746F636F6C3D25F6
:1024B000732C417070726F616368457870656374E6
:1024C000656453746570733D25642C417070726F40
:1024D000616368496E697469616C536574746C6595
:1024E000526573756C743D25732C417070726F6109
:1024F00063684261636B6F6666536574746C6552A2
:102500006573756C743D25732C417070726F6163D7
:1025100068506F696E7430536574746C655265737E
:10252000756C743D25732C417070726F61636842E5
:1025300061636B6F66665374657073457865637528
:102540007465643D256C752C417070726F616368B1
:10255000466F727761726453746570734578656312
:10256000757465643D256C752C417070726F616384
:102570006853746570436F756E7456616C69643D21
:1025800025642C417070726F616368446972656381
:1025900074696F6E56616C69643D25642C42616399
:1025A0006B6F6666446972656374696F6E56616CC1
:1025B00069643D25642C417070726F61636841638A
:1025C000717569736974696F6E436C65616E3D25E1
:1025D000642C417070726F616368537472756374B8
:1025E0007572616C56616C69643D25642C4261634F
:1025F0006B6F66664F6273657276656444656C7472
:10260000615261773D25732C4261636B6F6666543E
:1026100061726765744572726F725261773D25739E
:102620002C417070726F6163684F6273657276657A
:102630006444656C74615261773D25732C41707000
:10264000726F6163685461726765744572726F720C
:102650005261773D25732C417070726F61636852CF
:10266000657475726E4572726F725261773D257333
:102670002C417070726F6163684D6F74696F6E5139
:1026800075616C696669636174696F6E3D554E432F
:10269000414C494252415445440D0A00534F46545F
:1026A0005F53544152545F563100415050524F4194
:1026B00043485F53544550532C536368656D6156CE
:1026C000657273696F6E3D25642C5465737449445B
:1026D0003D256C752C537765657049443D256C75B7
:1026E0002C4A696749443D25732C4D6F746F7249BC
:1026F000443D25732C4F6666696369616C3D302CDF
:102700004C65673D4241434B4F46462C53746570C0
:10271000436F756E743D25752C556E7772617070C0
:1027200065645261773D25730D0A00415050524F48
:102730004143485F53544550532C536368656D6162
:1027400056657273696F6E3D25642C5465737449C8
:10275000443D256C752C537765657049443D256C67
:10276000752C4A696749443D25732C4D6F746F720F
:1027700049443D25732C4F6666696369616C3D3041
:102780002C4C65673D464F52574152442C5374655B
:1027900070436F756E743D25752C556E7772617040
:1027A0007065645261773D25730D0A0053574545A6
:1027B000505F52414D505F53544550532C53636802
:1027C000656D6156657273696F6E3D25642C546545
:1027D000737449443D256C752C5377656570494485
:1027E0003D256C752C4A696749443D25732C4D6F16
:1027F000746F7249443D25732C4F66666963696145
:102800006C3D302C546F506F696E74496E646578FE
:102810003D256C752C53746570436F756E743D2542
:10282000752C556E777261707065645261773D25C5
:10283000730D0A00534841444F575F454E442C5393
:102840006368656D6156657273696F6E3D25642CB2
:102850005465737449443D256C752C5377656570D8
:1028600049443D256C752C4A696749443D25732CC4
:102870004D6F746F7249443D25732C4F66666963D2
:1028800069616C3D302C537461727465643D2564DC
:102890002C417474656D70746564506F696E7473E7
:1028A0003D25642C4361707475726564506F696E68
:1028B00074733D25642C4163717569736974696F24
:1028C0006E526573756C743D25732C537461747509
:1028D000733D25730D0A004D6F746F72206F66662D
:1028E0007365743A2025750D0A004D6F746F722060
:1028F000616E676C65206F66667365743A20257338
:10290000206465677265650D0A004D4136303020E0
:102910007374617274207261773D257520636F75E1
:102920006E743D256C642066696C74657265643DE7
:10293000257320726177416E676C653D2573206455
:1029400065677265650D0A004E4C20637572766589
:102950002025643A20616E676C653D2573206572A1
:10296000726F723D2573206465670D0A004E4C201E
:10297000706F696E7473206E6F7420736574746CFD
:1029800065642077697468696E20256C646D7320B6
:1029900025643A2025642F25640D0A004E4C2061E1
:1029A00062736F6C7574652065787472656D6120F3
:1029B00025643A206D61785F7261773D2575202826
:1029C00025732064656729206D696E5F7261773DAC
:1029D00025752028257320646567290D0A004E4C53
:1029E000206861726D6F6E69633120286D6F756E3E
:1029F00074696E672F636F6E63656E747269636965
:102A00007479207369676E61747572652920256415
:102A10003A20616D706C69747564653D2573207032
:102A2000686173653D2573206465670D0A004E4C2F
:102A3000206861726D6F6E696336202868697374EF
:102A40006F726963616C207265666572656E63653D
:102A50002C2073656520524553554C5427732044F0
:102A60006F6D696E616E7453656C65637465644FF8
:102A700072646572292025643A20616D706C6974F6
:102A80007564653D25732070686173653D2573200D
:102A90006465670D0A004E4C20646F6D696E616E4F
:102AA00074206861726D6F6E69632025643A206FCF
:102AB000726465723D257520616D706C6974756412
:102AC000653D2573206465670D0A004E4C207261D8
:102AD00077207065616B2D746F2D7065616B20259B
:102AE00064202873696E676C65206D61782D6D694F
:102AF0006E2C20666F7220636F6D70617269736FE8
:102B00006E293A202573206465677265650D0A0099
:102B10004E4C2054432070657263656E74696C6519
:102B20002025643A2050353D2573205039353D2508
:102B3000732072616E67653D2573206465677265F9
:102B4000650D0A004E4C20544320726D732025649D
:102B50003A202573206465677265650D0A004D4152
:102B600036303020526177204E6F6E6C696E656131
:102B70007220256420416E676C653A2025732064BD
:102B800065677265650D0A004D4136303020466933
:102B90006C7465722D526177204D617820446966AE
:102BA000662025643A202573206465677265650D8B
:102BB0000A004E6F6E6C696E656172202564204953
:102BC0004E56414C49443A20747261636B696E679A
:102BD0003D2564206163717569736974696F6E3D29
:102BE000257320736574746C65643D25642F2564BA
:102BF0000D0A00454E442C536368656D615665723D
:102C000073696F6E3D25642C5465737449443D258A
:102C10006C752C537765657049443D256C752C4463
:102C20006972656374696F6E3D25732C43617074BE
:102C300075726564506F696E74733D25642C416EC6
:102C4000616C79736973506F696E74733D25642C80
:102C5000547261636B696E6756616C69643D25648B
:102C60002C536574746C6553746162696C69747912
:102C700056616C69643D25642C536574746C6554AD
:102C8000617267657450726F78696D6974795661A5
:102C90006C69643D25642C536574746C6556616C75
:102CA00069643D25642C4163717569736974696F4A
:102CB0006E526573756C743D25732C537461747515
:102CC000733D25730D0A00505245434F4E444954FD
:102CD000494F4E5F5052455F4D4F544F5200424155
:102CE0005443485F5052455F4D4F544F5200476523
:102CF0007474696E6720726573756C74210D0A00B7
:102D00004D6F746F72204552524F523A2045353004
:102D1000372028636F6E74726F6C2D7365737369DF
:102D20006F6E20726573657420766572696669637B
:102D30006174696F6E206661696C656429210D0A92
:102D4000004D41363030206D6F76652D746F2D7AD1
:102D500065726F3A206572726F723D2573206465EB
:102D60006720736574746C65643D256C642F256CF5
:102D70006420636D64506F733D256C640D0A004DD3
:102D80006F746F72204552524F523A20453530329F
:102D9000210D0A004D6F746F72204552524F523A06
:102DA000204535303320286D6F76652D746F2D7A70
:102DB00065726F20646964206E6F7420636F6E7635
:102DC000657267652077697468696E20256C642078
:102DD0006D7329210D0A004D6F746F722045525298
:102DE0004F523A204535303420286D6F76652D746A
:102DF0006F2D7A65726F20656E636F6465722061F6
:102E000063717569736974696F6E206661696C6559
:102E10006429210D0A004D6F746F72204552524F84
:102E2000523A20453530352028737765657020612A
:102E300063717569736974696F6E206661696C6529
:102E4000643A20257329210D0A004D6F746F72209A
:102E50004552524F523A2045353036202873776517
:102E60006570206163717569736974696F6E20693B
:102E70006E76616C69643B20696E73706563742063
:102E80004D4554412F454E4429210D0A00505245CD
:102E9000434F4E444954494F4E5F524553554C544D
:102EA0002C536368656D6156657273696F6E3D255D
:102EB000642C426174636849443D256C752C4379E8
:102EC000636C654F726465723D256C752C54657337
:102ED0007449443D256C752C50726F746F636F6C30
:102EE0003D25732C52756E526F6C653D50524543B3
:102EF0004F4E444954494F4E2C456C696769626C8A
:102F000065466F72537461746973746963733D309D
:102F10002C5374617475733D56414C49440D0A003D
:102F20004D4136303020526177204E6F6E6C696EA5
:102F30006561722046696E616C20417665726167D9
:102F4000653A202573206465677265650D0A004D3A
:102F50006F746F72204F4B210D0A00424154434859
:102F60002C426174636849443D256C752C5374612F
:102F70007475733D4641494C45442C4379636C65F7
:102F80004F726465723D256C752C52756E4F72647C
:102F900065723D256C752C52756E526F6C653D25C2
:102FA000730D0A0042415443482C426174636849DE
:102FB000443D256C752C5374617475733D434F4DBE
:102FC000504C4554452C507265636F6E646974694A
:102FD0006F6E436F756E743D256C752C52756E4324
:102FE0006F756E743D256C752C546F74616C4379EC
:102FF000636C65436F756E743D256C752C507265FE
:10300000636F6E646974696F6E56616C69643D319B
:103010000D0A0042415443482C426174636849449C
:103020003D256C752C5374617475733D434F4F4C43
:10303000444F574E5F53544152542C4379636C654F
:103040004F726465723D256C752C52756E4F7264BB
:1030500065723D256C752C52756E526F6C653D2501
:10306000732C5461726765744D733D256C752C50DB
:10307000726F746F636F6C3D25730D0A00424F4F82
:10308000545F534D4F4B45004D4136303020535423
:103090004154555320707265636865636B206661A7
:1030A000696C6564204E564D423D25642043524371
:1030B0003D2564204D454D3D2564205041523D2520
:1030C000643B206261746368207265667573656431
:1030D0000D0A0042415443482C42617463684944DC
:1030E0003D256C752C5374617475733D5354415276
:1030F000542C507265636F6E646974696F6E5072A0
:103100006F746F636F6C3D25732C507265636F6EC7
:10311000646974696F6E436F756E743D256C752CB0
:1031200052756E436F756E743D256C752C546F74BB
:10313000616C4379636C65436F756E743D256C7586
:103140002C436F6F6C646F776E5461726765744D5A
:10315000733D256C750D0A0042415443482C426171
:1031600074636849443D256C752C537461747573A0
:103170003D4641494C45442C526561736F6E3D4359
:103180004F4F4C444F574E5F494E56414C49442C8B
:10319000436F6D706C657465644379636C654F72E1
:1031A0006465723D256C752C4E6578744379636C4B
:1031B000654F726465723D256C752C54617267654C
:1031C000744D733D256C752C41637475616C4D7342
:1031D0003D256C752C546F6C6572616E63654D7323
:1031E0003D256C750D0A0052554E54494D452C46EF
:1031F000726565486561703D256C752C4D696E453D
:1032000076657246726565486561703D256C752C02
:1032100054657374537461636B486967685761746C
:103220006572576F7264733D256C750D0A004E4FC1
:10323000545F4150504C494341424C45004F4B0074
:10324000494E495449414C5F534554544C455F469F
:1032500041494C4544004241434B4F46465F53452C
:1032600054544C455F4641494C454400504F494EEB
:1032700054305F534554544C455F4641494C454496
:10328000004143515549534954494F4E5F455252AD
:103290004F520057524F4E475F504F534954494F7A
:1032A0004E00444952454354494F4E5F4552524F98
:1032B0005200494E56414C49445F415247005350D9
:1032C000495F54494D454F5554005350495F45524D
:1032D000524F520053414D504C455F4A554D50009E
:1032E000434F4E4649475F4552524F520054494D55
:1032F000494E475F4D455441444154415F494E5604
:10330000414C4944004143515549534954494F4E5A
:103310005F4255444745545F4558434545444544FD
:10332000004143515549534954494F4E5F54494D0B
:10333000454F5554004D4154485F4F564552464CF9
:103340004F5700494E495449414C00484F4C445F47
:10335000353000484F4C445F31303000484F4C44CA
:103360005F32303000546573745461736B004A49A6
:103370004731004A494732004A4947330049444CE3
:103380004500546D725100546D72205376630023D2
:103390002D302B2000686C4C006566674546470061
:1033A000303132333435363738394142434445467B
:1033B0000030313233343536373839616263646511
:1033C00066000000C7FE0008CCFE0008DFFE000813
:1033D000F0FE000814FF000834FF000842FF000858
:1033E0004FFF00085DFF00086DFF00087AFF00082E
:1033F0008AFF0008540101080000000000000000DE
:103400000000000000000000001000001800000094
:10341000000000000000000000000040A69B443BAC
:103420009A99993E0000A0400000C8430000803EE9
:10343000000000410000FB01FD01FC012E320108EB
:103440003D32010840320108563201086C32010851
:10345000813201083D320108C2320108933201086D
:10346000813201083D320108A2320108C23201084E
:10347000813201083D320108B2320108BE32010832
:10348000CA320108D4320108E0320108ED320108E5
:10349000053301082133010835330108433301089E
:1034A0004B330108533301085C330108000000006E
:1034B0003200000064000000C8000000653301080D
:1034C00000000000000000000000000000000000FC
:1034D00000200000200000000000000000000000AC
:1034E000010203060C1201020306090C121B242D13
:1034F000486C000027003C0004473432353535382D
:103500006E3301080000000500000000AD550A19E7
:103510002C00250004473432353535387333010823
:103520000000000500000000AD550A193A004C00EB
:103530000B5134303933363178330108000000053F
:1035400000000000AD550A1900000000010203044C
:103550000000000000000000010203040607080943
:10356000000610160006101659F3F8C21F6EA501CA
:10357000000000000000F03F00000080DB0F494029
:10358000DB0F49C0DB0F49BFE4CB1640E4CB16C0CC
:10359000000FC93F000F494000CB9640000FC940C3
:1035A0000053FB4000CB164100ED2F41000F494175
:1035B0000031624100537B41003A8A4100CB964181
:1035C000005CA34100EDAF41007EBC41000FC9414A
:1035D00000A0D5410031E24100C2EE410053FB4161
:1035E00000F20342003A0A420083104200CB164226
:1035F00000141D42005C234200A5294200ED2F4229
:1036000000363642007E3C4200C74242000F49422B
:10361000A2000000F9000000830000006E0000001E
:103620004E000000440000001500000029000000CA
:10363000FC0000002700000057000000D10000003F
:10364000F500000034000000DD000000C0000000B4
:10365000DB000000620000009500000099000000FF
:103660003C0000004300000090000000410000000A
:10367000FE0000005100000063000000AB000000ED
:10368000DE000000BB000000C5000000610000007B
:10369000B7000000240000006E0000003A000000A7
:1036A000420000004D000000D2000000E0000000D9
:1036B00006000000490000002E000000EA000000A3
:1036C00009000000D1000000920000001C00000072
:1036D000FE0000001D000000EB0000001C000000C8
:1036E000B100000029000000A70000003E0000001B
:1036F000E80000008200000035000000F500000036
:103700002E000000BB000000440000008400000008
:10371000E90000009C00000070000000260000008E
:10372000B40000005F0000007E00000041000000C7
:103730003900000091000000D600000039000000B0
:10374000830000005300000039000000F400000076
:103750009C000000840000005F0000008B0000005F
:10376000BD000000F9000000280000003B00000040
:103770001F000000F800000097000000FF0000009C
:10378000DE00000005000000980000000F000000AF
:10379000EF0000002F000000110000008B0000006F
:1037A0005A0000000A0000006D0000001F00000029
:1037B0006D000000360000007E000000CF00000019
:1037C00027000000CB00000009000000B700000047
:1037D0004F000000460000003F00000066000000AF
:1037E0009E0000005F000000EA0000002D000000C5
:1037F0007500000027000000BA000000C7000000AC
:10380000EB000000E5000000F10000007B0000007C
:103810003D0000000700000039000000F700000034
:103820008A0000005200000092000000EA00000040
:103830006B000000FB0000005F000000B100000012
:103840001F0000008D0000005D0000000800000067
:103850005600000003000000300000004600000099
:10386000FC0000007B0000006B000000AB000000CB
:10387000F0000000CF000000BC00000020000000AD
:103880009A000000F4000000360000001D00000057
:10389000A9000000E30000009100000061000000AA
:1038A0005E000000E60000001B00000008000000B1
:1038B0006500000099000000850000005F00000026
:1038C00014000000A000000068000000400000009C
:1038D0008D000000FF000000D80000008000000004
:1038E0004D000000730000002700000031000000C0
:1038F0000600000006000000150000005600000051
:10390000CA00000073000000A8000000C900000009
:1039100060000000E20000007B000000C00000002A
:103920008C0000006B0000006937AC316821223345
:10393000B40F14336821A2333863ED3EDA0F493FE8
:103940005E987B3FDA0FC93F0000C93F0000F039A5
:103950000000DA370000A2330000842E0000502B54
:103960000000C2270000D0220000C41F0000C61BB8
:1039700000004417040000000700000009000000D8
:0839800050C8FE7F01000000A9
:04398800B50100087D
:04398C00910100089D
:103990000024F4000100000010000000AAAAAAAA56
:1039A00014000020000000003CE90120A4E90120EF
:1039B0000CEA0120000000000000000000000000F0
:1039C00000000000000000000000000000000000F7
:1039D00000000000000000000000000000000000E7
:1039E00000000000000000000000000000000000D7
:040000050800884126
:00000001FF
