"Seq","Phase","EncoderRaw","TravelRaw","TravelMilliDeg","DeltaRaw","VelocityRawPerSecond","AccelerationRawPerSecond2","PowerPpm","ScheduledTick","SampleTick","LatenessTicks","LoopCycles","SpiLatencyCycles","PwmCounterAtCs"
"0","ALIGN_RAMP","33259","-2","-10.986328125","-2","-2000","-2000000","0","48404","48404","0","2931","1329","279"
"1","ALIGN_RAMP","33263","2","10.986328125","4","4000","6000000","120","48405","48405","0","2935","1329","1699"
"2","ALIGN_RAMP","33260","-1","-5.4931640625","-3","-3000","-7000000","240","48406","48406","0","2935","1329","1609"
"3","ALIGN_RAMP","33262","1","5.4931640625","2","2000","5000000","360","48407","48407","0","2935","1329","1519"
"4","ALIGN_RAMP","33262","1","5.4931640625","0","0","-2000000","480","48408","48408","0","2935","1329","1429"
"5","ALIGN_RAMP","33266","5","27.4658203125","4","4000","4000000","600","48409","48409","0","2935","1329","1339"
"6","ALIGN_RAMP","33262","1","5.4931640625","-4","-4000","-8000000","720","48410","48410","0","2935","1329","1249"
"7","ALIGN_RAMP","33262","1","5.4931640625","0","0","4000000","840","48411","48411","0","2935","1329","1159"
"8","ALIGN_RAMP","33260","-1","-5.4931640625","-2","-2000","-2000000","960","48412","48412","0","2935","1329","1069"
"9","ALIGN_RAMP","33259","-2","-10.986328125","-1","-1000","1000000","1080","48413","48413","0","2935","1329","979"
"10","ALIGN_RAMP","33263","2","10.986328125","4","4000","5000000","1200","48414","48414","0","2935","1329","889"
"11","ALIGN_RAMP","33262","1","5.4931640625","-1","-1000","-5000000","1320","48415","48415","0","2935","1329","799"
"12","ALIGN_RAMP","33261","0","0","-1","-1000","0","1440","48416","48416","0","2935","1329","709"
"13","ALIGN_RAMP","33264","3","16.4794921875","3","3000","4000000","1560","48417","48417","0","2935","1329","619"
"14","ALIGN_RAMP","33262","1","5.4931640625","-2","-2000","-5000000","1680","48418","48418","0","2935","1329","529"
"15","ALIGN_RAMP","33262","1","5.4931640625","0","0","2000000","1800","48419","48419","0","2935","1329","439"
"16","ALIGN_RAMP","33258","-3","-16.4794921875","-4","-4000","-4000000","1920","48420","48420","0","2935","1329","349"
"17","ALIGN_RAMP","33261","0","0","3","3000","7000000","2040","48421","48421","0","2935","1329","259"
"18","ALIGN_RAMP","33264","3","16.4794921875","3","3000","0","2160","48422","48422","0","2935","1329","169"
"19","ALIGN_RAMP","33262","1","5.4931640625","-2","-2000","-5000000","2280","48423","48423","0","2935","1329","79"
"20","ALIGN_RAMP","33263","2","10.986328125","1","1000","3000000","2400","48424","48424","0","2935","1329","2144"
"21","ALIGN_RAMP","33262","1","5.4931640625","-1","-1000","-2000000","2520","48425","48425","0","2935","1329","2054"
"22","ALIGN_RAMP","33261","0","0","-1","-1000","0","2640","48426","48426","0","2935","1329","1964"
"23","ALIGN_RAMP","33260","-1","-5.4931640625","-1","-1000","0","2760","48427","48427","0","2935","1329","1874"
"24","ALIGN_RAMP","33260","-1","-5.4931640625","0","0","1000000","2880","48428","48428","0","2935","1329","1784"
"25","ALIGN_RAMP","33263","2","10.986328125","3","3000","3000000","3000","48429","48429","0","2935","1329","1694"
"26","ALIGN_RAMP","33264","3","16.4794921875","1","1000","-2000000","3120","48430","48430","0","2935","1329","1604"
"27","ALIGN_RAMP","33261","0","0","-3","-3000","-4000000","3240","48431","48431","0","2935","1329","1514"
"28","ALIGN_RAMP","33259","-2","-10.986328125","-2","-2000","1000000","3360","48432","48432","0","2935","1329","1424"
"29","ALIGN_RAMP","33262","1","5.4931640625","3","3000","5000000","3480","48433","48433","0","2935","1329","1334"
"30","ALIGN_RAMP","33259","-2","-10.986328125","-3","-3000","-6000000","3600","48434","48434","0","2935","1329","1244"
"31","ALIGN_RAMP","33265","4","21.97265625","6","6000","9000000","3720","48435","48435","0","2935","1329","1154"
"32","ALIGN_RAMP","33260","-1","-5.4931640625","-5","-5000","-11000000","3840","48436","48436","0","2935","1329","1064"
"33","ALIGN_RAMP","33261","0","0","1","1000","6000000","3960","48437","48437","0","2935","1329","974"
"34","ALIGN_RAMP","33261","0","0","0","0","-1000000","4080","48438","48438","0","2935","1329","884"
"35","ALIGN_RAMP","33262","1","5.4931640625","1","1000","1000000","4200","48439","48439","0","2935","1329","794"
"36","ALIGN_RAMP","33262","1","5.4931640625","0","0","-1000000","4320","48440","48440","0","2935","1329","704"
"37","ALIGN_RAMP","33261","0","0","-1","-1000","-1000000","4440","48441","48441","0","2935","1329","614"
"38","ALIGN_RAMP","33263","2","10.986328125","2","2000","3000000","4560","48442","48442","0","2935","1329","524"
"39","ALIGN_RAMP","33265","4","21.97265625","2","2000","0","4680","48443","48443","0","2935","1329","434"
"40","ALIGN_RAMP","33260","-1","-5.4931640625","-5","-5000","-7000000","4800","48444","48444","0","2935","1329","344"
"41","ALIGN_RAMP","33267","6","32.958984375","7","7000","12000000","4920","48445","48445","0","2935","1329","254"
"42","ALIGN_RAMP","33260","-1","-5.4931640625","-7","-7000","-14000000","5040","48446","48446","0","2935","1329","164"
"43","ALIGN_RAMP","33262","1","5.4931640625","2","2000","9000000","5160","48447","48447","0","2935","1329","74"
"44","ALIGN_RAMP","33262","1","5.4931640625","0","0","-2000000","5280","48448","48448","0","2935","1329","2139"
"45","ALIGN_RAMP","33263","2","10.986328125","1","1000","1000000","5400","48449","48449","0","2935","1329","2049"
"46","ALIGN_RAMP","33263","2","10.986328125","0","0","-1000000","5520","48450","48450","0","2935","1329","1959"
"47","ALIGN_RAMP","33263","2","10.986328125","0","0","0","5640","48451","48451","0","2935","1329","1869"
"48","ALIGN_RAMP","33264","3","16.4794921875","1","1000","1000000","5760","48452","48452","0","2935","1329","1779"
"49","ALIGN_RAMP","33262","1","5.4931640625","-2","-2000","-3000000","5880","48453","48453","0","2935","1329","1689"
"50","ALIGN_RAMP","33264","3","16.4794921875","2","2000","4000000","6000","48454","48454","0","2935","1329","1599"
"51","ALIGN_RAMP","33262","1","5.4931640625","-2","-2000","-4000000","6120","48455","48455","0","2935","1329","1509"
"52","ALIGN_RAMP","33256","-5","-27.4658203125","-6","-6000","-4000000","6240","48456","48456","0","2935","1329","1419"
"53","ALIGN_RAMP","33261","0","0","5","5000","11000000","6360","48457","48457","0","2935","1329","1329"
"54","ALIGN_RAMP","33264","3","16.4794921875","3","3000","-2000000","6480","48458","48458","0","2935","1329","1239"
"55","ALIGN_RAMP","33263","2","10.986328125","-1","-1000","-4000000","6600","48459","48459","0","2935","1329","1149"
"56","ALIGN_RAMP","33266","5","27.4658203125","3","3000","4000000","6720","48460","48460","0","2935","1329","1059"
"57","ALIGN_RAMP","33260","-1","-5.4931640625","-6","-6000","-9000000","6840","48461","48461","0","2935","1329","969"
"58","ALIGN_RAMP","33258","-3","-16.4794921875","-2","-2000","4000000","6960","48462","48462","0","2935","1329","879"
"59","ALIGN_RAMP","33261","0","0","3","3000","5000000","7080","48463","48463","0","2935","1329","789"
"60","ALIGN_RAMP","33265","4","21.97265625","4","4000","1000000","7200","48464","48464","0","2935","1329","699"
"61","ALIGN_RAMP","33265","4","21.97265625","0","0","-4000000","7320","48465","48465","0","2935","1329","609"
"62","ALIGN_RAMP","33264","3","16.4794921875","-1","-1000","-1000000","7440","48466","48466","0","2935","1329","519"
"63","ALIGN_RAMP","33262","1","5.4931640625","-2","-2000","-1000000","7560","48467","48467","0","2935","1329","429"
"64","ALIGN_RAMP","33265","4","21.97265625","3","3000","5000000","7680","48468","48468","0","2935","1329","339"
"65","ALIGN_RAMP","33262","1","5.4931640625","-3","-3000","-6000000","7800","48469","48469","0","2935","1329","249"
"66","ALIGN_RAMP","33262","1","5.4931640625","0","0","3000000","7920","48470","48470","0","2935","1329","159"
"67","ALIGN_RAMP","33260","-1","-5.4931640625","-2","-2000","-2000000","8040","48471","48471","0","2935","1329","69"
"68","ALIGN_RAMP","33260","-1","-5.4931640625","0","0","2000000","8160","48472","48472","0","2935","1329","2134"
"69","ALIGN_RAMP","33263","2","10.986328125","3","3000","3000000","8280","48473","48473","0","2935","1329","2044"
"70","ALIGN_RAMP","33261","0","0","-2","-2000","-5000000","8400","48474","48474","0","2935","1329","1954"
"71","ALIGN_RAMP","33262","1","5.4931640625","1","1000","3000000","8520","48475","48475","0","2935","1329","1864"
"72","ALIGN_RAMP","33263","2","10.986328125","1","1000","0","8640","48476","48476","0","2935","1329","1774"
"73","ALIGN_RAMP","33261","0","0","-2","-2000","-3000000","8760","48477","48477","0","2935","1329","1684"
"74","ALIGN_RAMP","33266","5","27.4658203125","5","5000","7000000","8880","48478","48478","0","2935","1329","1594"
"75","ALIGN_RAMP","33261","0","0","-5","-5000","-10000000","9000","48479","48479","0","2935","1329","1504"
"76","ALIGN_RAMP","33263","2","10.986328125","2","2000","7000000","9120","48480","48480","0","2935","1329","1414"
"77","ALIGN_RAMP","33259","-2","-10.986328125","-4","-4000","-6000000","9240","48481","48481","0","2935","1329","1324"
"78","ALIGN_RAMP","33263","2","10.986328125","4","4000","8000000","9360","48482","48482","0","2935","1329","1234"
"79","ALIGN_RAMP","33263","2","10.986328125","0","0","-4000000","9480","48483","48483","0","2935","1329","1144"
"80","ALIGN_RAMP","33260","-1","-5.4931640625","-3","-3000","-3000000","9600","48484","48484","0","2935","1329","1054"
"81","ALIGN_RAMP","33260","-1","-5.4931640625","0","0","3000000","9720","48485","48485","0","2935","1329","964"
"82","ALIGN_RAMP","33260","-1","-5.4931640625","0","0","0","9840","48486","48486","0","2935","1329","874"
"83","ALIGN_RAMP","33262","1","5.4931640625","2","2000","2000000","9960","48487","48487","0","2935","1329","784"
"84","ALIGN_RAMP","33262","1","5.4931640625","0","0","-2000000","10080","48488","48488","0","2935","1329","694"
"85","ALIGN_RAMP","33262","1","5.4931640625","0","0","0","10200","48489","48489","0","2935","1329","604"
"86","ALIGN_RAMP","33259","-2","-10.986328125","-3","-3000","-3000000","10320","48490","48490","0","2935","1329","514"
"87","ALIGN_RAMP","33263","2","10.986328125","4","4000","7000000","10440","48491","48491","0","2935","1329","424"
"88","ALIGN_RAMP","33268","7","38.4521484375","5","5000","1000000","10560","48492","48492","0","2935","1329","334"
"89","ALIGN_RAMP","33260","-1","-5.4931640625","-8","-8000","-13000000","10680","48493","48493","0","2935","1329","244"
"90","ALIGN_RAMP","33262","1","5.4931640625","2","2000","10000000","10800","48494","48494","0","2935","1329","154"
"91","ALIGN_RAMP","33261","0","0","-1","-1000","-3000000","10920","48495","48495","0","2935","1329","64"
"92","ALIGN_RAMP","33263","2","10.986328125","2","2000","3000000","11040","48496","48496","0","2935","1329","2129"
"93","ALIGN_RAMP","33261","0","0","-2","-2000","-4000000","11160","48497","48497","0","2935","1329","2039"
"94","ALIGN_RAMP","33263","2","10.986328125","2","2000","4000000","11280","48498","48498","0","2935","1329","1949"
"95","ALIGN_RAMP","33262","1","5.4931640625","-1","-1000","-3000000","11400","48499","48499","0","2935","1329","1859"
"96","ALIGN_RAMP","33257","-4","-21.97265625","-5","-5000","-4000000","11520","48500","48500","0","2935","1329","1769"
"97","ALIGN_RAMP","33264","3","16.4794921875","7","7000","12000000","11640","48501","48501","0","2935","1329","1679"
"98","ALIGN_RAMP","33262","1","5.4931640625","-2","-2000","-9000000","11760","48502","48502","0","2935","1329","1589"
"99","ALIGN_RAMP","33260","-1","-5.4931640625","-2","-2000","0","11880","48503","48503","0","2935","1329","1499"
"100","ALIGN_RAMP","33260","-1","-5.4931640625","0","0","2000000","12000","48504","48504","0","2935","1329","1409"
"101","ALIGN_RAMP","33258","-3","-16.4794921875","-2","-2000","-2000000","12120","48505","48505","0","2935","1329","1319"
"102","ALIGN_RAMP","33266","5","27.4658203125","8","8000","10000000","12240","48506","48506","0","2935","1329","1229"
"103","ALIGN_RAMP","33265","4","21.97265625","-1","-1000","-9000000","12360","48507","48507","0","2935","1329","1139"
"104","ALIGN_RAMP","33263","2","10.986328125","-2","-2000","-1000000","12480","48508","48508","0","2935","1329","1049"
"105","ALIGN_RAMP","33262","1","5.4931640625","-1","-1000","1000000","12600","48509","48509","0","2935","1329","959"
"106","ALIGN_RAMP","33266","5","27.4658203125","4","4000","5000000","12720","48510","48510","0","2935","1329","869"
"107","ALIGN_RAMP","33264","3","16.4794921875","-2","-2000","-6000000","12840","48511","48511","0","2935","1329","779"
"108","ALIGN_RAMP","33262","1","5.4931640625","-2","-2000","0","12960","48512","48512","0","2935","1329","689"
"109","ALIGN_RAMP","33267","6","32.958984375","5","5000","7000000","13080","48513","48513","0","2935","1329","599"
"110","ALIGN_RAMP","33260","-1","-5.4931640625","-7","-7000","-12000000","13200","48514","48514","0","2935","1329","509"
"111","ALIGN_RAMP","33259","-2","-10.986328125","-1","-1000","6000000","13320","48515","48515","0","2935","1329","419"
"112","ALIGN_RAMP","33259","-2","-10.986328125","0","0","1000000","13440","48516","48516","0","2935","1329","329"
"113","ALIGN_RAMP","33261","0","0","2","2000","2000000","13560","48517","48517","0","2935","1329","239"
"114","ALIGN_RAMP","33263","2","10.986328125","2","2000","0","13680","48518","48518","0","2935","1329","149"
"115","ALIGN_RAMP","33265","4","21.97265625","2","2000","0","13800","48519","48519","0","2935","1329","59"
"116","ALIGN_RAMP","33262","1","5.4931640625","-3","-3000","-5000000","13920","48520","48520","0","2935","1329","2124"
"117","ALIGN_RAMP","33261","0","0","-1","-1000","2000000","14040","48521","48521","0","2935","1329","2034"
"118","ALIGN_RAMP","33263","2","10.986328125","2","2000","3000000","14160","48522","48522","0","2935","1329","1944"
"119","ALIGN_RAMP","33263","2","10.986328125","0","0","-2000000","14280","48523","48523","0","2935","1329","1854"
"120","ALIGN_RAMP","33261","0","0","-2","-2000","-2000000","14400","48524","48524","0","2935","1329","1764"
"121","ALIGN_RAMP","33265","4","21.97265625","4","4000","6000000","14520","48525","48525","0","2935","1329","1674"
"122","ALIGN_RAMP","33263","2","10.986328125","-2","-2000","-6000000","14640","48526","48526","0","2935","1329","1584"
"123","ALIGN_RAMP","33263","2","10.986328125","0","0","2000000","14760","48527","48527","0","2935","1329","1494"
"124","ALIGN_RAMP","33263","2","10.986328125","0","0","0","14880","48528","48528","0","2935","1329","1404"
"125","ALIGN_RAMP","33260","-1","-5.4931640625","-3","-3000","-3000000","15000","48529","48529","0","2935","1329","1314"
"126","ALIGN_RAMP","33260","-1","-5.4931640625","0","0","3000000","15120","48530","48530","0","2935","1329","1224"
"127","ALIGN_RAMP","33260","-1","-5.4931640625","0","0","0","15240","48531","48531","0","2935","1329","1134"
"128","ALIGN_RAMP","33261","0","0","1","1000","1000000","15360","48532","48532","0","2935","1329","1044"
"129","ALIGN_RAMP","33259","-2","-10.986328125","-2","-2000","-3000000","15480","48533","48533","0","2935","1329","954"
"130","ALIGN_RAMP","33262","1","5.4931640625","3","3000","5000000","15600","48534","48534","0","2935","1329","864"
"131","ALIGN_RAMP","33261","0","0","-1","-1000","-4000000","15720","48535","48535","0","2935","1329","774"
"132","ALIGN_RAMP","33261","0","0","0","0","1000000","15840","48536","48536","0","2935","1329","684"
"133","ALIGN_RAMP","33261","0","0","0","0","0","15960","48537","48537","0","2935","1329","594"
"134","ALIGN_RAMP","33263","2","10.986328125","2","2000","2000000","16080","48538","48538","0","2935","1329","504"
"135","ALIGN_RAMP","33259","-2","-10.986328125","-4","-4000","-6000000","16200","48539","48539","0","2935","1329","414"
"136","ALIGN_RAMP","33262","1","5.4931640625","3","3000","7000000","16320","48540","48540","0","2935","1329","324"
"137","ALIGN_RAMP","33259","-2","-10.986328125","-3","-3000","-6000000","16440","48541","48541","0","2935","1329","234"
"138","ALIGN_RAMP","33261","0","0","2","2000","5000000","16560","48542","48542","0","2935","1329","144"
"139","ALIGN_RAMP","33262","1","5.4931640625","1","1000","-1000000","16680","48543","48543","0","2935","1329","54"
"140","ALIGN_RAMP","33262","1","5.4931640625","0","0","-1000000","16800","48544","48544","0","2935","1329","2119"
"141","ALIGN_RAMP","33260","-1","-5.4931640625","-2","-2000","-2000000","16920","48545","48545","0","2935","1329","2029"
"142","ALIGN_RAMP","33257","-4","-21.97265625","-3","-3000","-1000000","17040","48546","48546","0","2935","1329","1939"
"143","ALIGN_RAMP","33262","1","5.4931640625","5","5000","8000000","17160","48547","48547","0","2935","1329","1849"
"144","ALIGN_RAMP","33261","0","0","-1","-1000","-6000000","17280","48548","48548","0","2935","1329","1759"
"145","ALIGN_RAMP","33264","3","16.4794921875","3","3000","4000000","17400","48549","48549","0","2935","1329","1669"
"146","ALIGN_RAMP","33262","1","5.4931640625","-2","-2000","-5000000","17520","48550","48550","0","2935","1329","1579"
"147","ALIGN_RAMP","33263","2","10.986328125","1","1000","3000000","17640","48551","48551","0","2935","1329","1489"
"148","ALIGN_RAMP","33261","0","0","-2","-2000","-3000000","17760","48552","48552","0","2935","1329","1399"
"149","ALIGN_RAMP","33263","2","10.986328125","2","2000","4000000","17880","48553","48553","0","2935","1329","1309"
"150","ALIGN_RAMP","33261","0","0","-2","-2000","-4000000","18000","48554","48554","0","2935","1329","1219"
"151","ALIGN_RAMP","33261","0","0","0","0","2000000","18120","48555","48555","0","2935","1329","1129"
"152","ALIGN_RAMP","33261","0","0","0","0","0","18240","48556","48556","0","2935","1329","1039"
"153","ALIGN_RAMP","33264","3","16.4794921875","3","3000","3000000","18360","48557","48557","0","2935","1329","949"
"154","ALIGN_RAMP","33259","-2","-10.986328125","-5","-5000","-8000000","18480","48558","48558","0","2935","1329","859"
"155","ALIGN_RAMP","33265","4","21.97265625","6","6000","11000000","18600","48559","48559","0","2935","1329","769"
"156","ALIGN_RAMP","33265","4","21.97265625","0","0","-6000000","18720","48560","48560","0","2935","1329","679"
"157","ALIGN_RAMP","33260","-1","-5.4931640625","-5","-5000","-5000000","18840","48561","48561","0","2935","1329","589"
"158","ALIGN_RAMP","33263","2","10.986328125","3","3000","8000000","18960","48562","48562","0","2935","1329","499"
"159","ALIGN_RAMP","33261","0","0","-2","-2000","-5000000","19080","48563","48563","0","2935","1329","409"
"160","ALIGN_RAMP","33263","2","10.986328125","2","2000","4000000","19200","48564","48564","0","2935","1329","319"
"161","ALIGN_RAMP","33264","3","16.4794921875","1","1000","-1000000","19320","48565","48565","0","2935","1329","229"
"162","ALIGN_RAMP","33260","-1","-5.4931640625","-4","-4000","-5000000","19440","48566","48566","0","2935","1329","139"
"163","ALIGN_RAMP","33262","1","5.4931640625","2","2000","6000000","19560","48567","48567","0","2935","1329","49"
"164","ALIGN_RAMP","33264","3","16.4794921875","2","2000","0","19680","48568","48568","0","2935","1329","2114"
"165","ALIGN_RAMP","33260","-1","-5.4931640625","-4","-4000","-6000000","19800","48569","48569","0","2935","1329","2024"
"166","ALIGN_RAMP","33266","5","27.4658203125","6","6000","10000000","19920","48570","48570","0","2935","1329","1934"
"167","ALIGN_RAMP","33264","3","16.4794921875","-2","-2000","-8000000","20040","48571","48571","0","2935","1329","1844"
"168","ALIGN_RAMP","33263","2","10.986328125","-1","-1000","1000000","20160","48572","48572","0","2935","1329","1754"
"169","ALIGN_RAMP","33262","1","5.4931640625","-1","-1000","0","20280","48573","48573","0","2935","1329","1664"
"170","ALIGN_RAMP","33258","-3","-16.4794921875","-4","-4000","-3000000","20400","48574","48574","0","2935","1329","1574"
"171","ALIGN_RAMP","33261","0","0","3","3000","7000000","20520","48575","48575","0","2935","1329","1484"
"172","ALIGN_RAMP","33264","3","16.4794921875","3","3000","0","20640","48576","48576","0","2935","1329","1394"
"173","ALIGN_RAMP","33262","1","5.4931640625","-2","-2000","-5000000","20760","48577","48577","0","2935","1329","1304"
"174","ALIGN_RAMP","33263","2","10.986328125","1","1000","3000000","20880","48578","48578","0","2935","1329","1214"
"175","ALIGN_RAMP","33263","2","10.986328125","0","0","-1000000","21000","48579","48579","0","2935","1329","1124"
"176","ALIGN_RAMP","33263","2","10.986328125","0","0","0","21120","48580","48580","0","2935","1329","1034"
"177","ALIGN_RAMP","33265","4","21.97265625","2","2000","2000000","21240","48581","48581","0","2935","1329","944"
"178","ALIGN_RAMP","33264","3","16.4794921875","-1","-1000","-3000000","21360","48582","48582","0","2935","1329","854"
"179","ALIGN_RAMP","33263","2","10.986328125","-1","-1000","0","21480","48583","48583","0","2935","1329","764"
"180","ALIGN_RAMP","33263","2","10.986328125","0","0","1000000","21600","48584","48584","0","2935","1329","674"
"181","ALIGN_RAMP","33261","0","0","-2","-2000","-2000000","21720","48585","48585","0","2935","1329","584"
"182","ALIGN_RAMP","33263","2","10.986328125","2","2000","4000000","21840","48586","48586","0","2935","1329","494"
"183","ALIGN_RAMP","33262","1","5.4931640625","-1","-1000","-3000000","21960","48587","48587","0","2935","1329","404"
"184","ALIGN_RAMP","33258","-3","-16.4794921875","-4","-4000","-3000000","22080","48588","48588","0","2935","1329","314"
"185","ALIGN_RAMP","33263","2","10.986328125","5","5000","9000000","22200","48589","48589","0","2935","1329","224"
"186","ALIGN_RAMP","33264","3","16.4794921875","1","1000","-4000000","22320","48590","48590","0","2935","1329","134"
"187","ALIGN_RAMP","33261","0","0","-3","-3000","-4000000","22440","48591","48591","0","2935","1329","44"
"188","ALIGN_RAMP","33265","4","21.97265625","4","4000","7000000","22560","48592","48592","0","2935","1329","2109"
"189","ALIGN_RAMP","33264","3","16.4794921875","-1","-1000","-5000000","22680","48593","48593","0","2935","1329","2019"
"190","ALIGN_RAMP","33260","-1","-5.4931640625","-4","-4000","-3000000","22800","48594","48594","0","2935","1329","1929"
"191","ALIGN_RAMP","33260","-1","-5.4931640625","0","0","4000000","22920","48595","48595","0","2935","1329","1839"
"192","ALIGN_RAMP","33263","2","10.986328125","3","3000","3000000","23040","48596","48596","0","2935","1329","1749"
"193","ALIGN_RAMP","33262","1","5.4931640625","-1","-1000","-4000000","23160","48597","48597","0","2935","1329","1659"
"194","ALIGN_RAMP","33258","-3","-16.4794921875","-4","-4000","-3000000","23280","48598","48598","0","2935","1329","1569"
"195","ALIGN_RAMP","33261","0","0","3","3000","7000000","23400","48599","48599","0","2935","1329","1479"
"196","ALIGN_RAMP","33258","-3","-16.4794921875","-3","-3000","-6000000","23520","48600","48600","0","2935","1329","1389"
"197","ALIGN_RAMP","33261","0","0","3","3000","6000000","23640","48601","48601","0","2935","1329","1299"
"198","ALIGN_RAMP","33259","-2","-10.986328125","-2","-2000","-5000000","23760","48602","48602","0","2935","1329","1209"
"199","ALIGN_RAMP","33261","0","0","2","2000","4000000","23880","48603","48603","0","2935","1329","1119"
"200","ALIGN_RAMP","33261","0","0","0","0","-2000000","24000","48604","48604","0","2935","1329","1095"
"201","ALIGN_RAMP","33260","-1","-5.4931640625","-1","-1000","-1000000","24120","48605","48605","0","2935","1329","939"
"202","ALIGN_RAMP","33261","0","0","1","1000","2000000","24240","48606","48606","0","2935","1329","849"
"203","ALIGN_RAMP","33260","-1","-5.4931640625","-1","-1000","-2000000","24360","48607","48607","0","2935","1329","759"
"204","ALIGN_RAMP","33261","0","0","1","1000","2000000","24480","48608","48608","0","2935","1329","669"
"205","ALIGN_RAMP","33260","-1","-5.4931640625","-1","-1000","-2000000","24600","48609","48609","0","2935","1329","579"
"206","ALIGN_RAMP","33260","-1","-5.4931640625","0","0","1000000","24720","48610","48610","0","2935","1329","489"
"207","ALIGN_RAMP","33259","-2","-10.986328125","-1","-1000","-1000000","24840","48611","48611","0","2935","1329","399"
"208","ALIGN_RAMP","33261","0","0","2","2000","3000000","24960","48612","48612","0","2935","1329","309"
"209","ALIGN_RAMP","33259","-2","-10.986328125","-2","-2000","-4000000","25080","48613","48613","0","2935","1329","219"
"210","ALIGN_RAMP","33261","0","0","2","2000","4000000","25200","48614","48614","0","2935","1329","129"
"211","ALIGN_RAMP","33259","-2","-10.986328125","-2","-2000","-4000000","25320","48615","48615","0","2935","1329","39"
"212","ALIGN_RAMP","33263","2","10.986328125","4","4000","6000000","25440","48616","48616","0","2935","1329","2104"
"213","ALIGN_RAMP","33258","-3","-16.4794921875","-5","-5000","-9000000","25560","48617","48617","0","2935","1329","2014"
"214","ALIGN_RAMP","33260","-1","-5.4931640625","2","2000","7000000","25680","48618","48618","0","2935","1329","1924"
"215","ALIGN_RAMP","33261","0","0","1","1000","-1000000","25800","48619","48619","0","2935","1329","1834"
"216","ALIGN_RAMP","33259","-2","-10.986328125","-2","-2000","-3000000","25920","48620","48620","0","2935","1329","1744"
"217","ALIGN_RAMP","33261","0","0","2","2000","4000000","26040","48621","48621","0","2935","1329","1654"
"218","ALIGN_RAMP","33260","-1","-5.4931640625","-1","-1000","-3000000","26160","48622","48622","0","2935","1329","1564"
"219","ALIGN_RAMP","33262","1","5.4931640625","2","2000","3000000","26280","48623","48623","0","2935","1329","1474"
"220","ALIGN_RAMP","33263","2","10.986328125","1","1000","-1000000","26400","48624","48624","0","2935","1329","1384"
"221","ALIGN_RAMP","33261","0","0","-2","-2000","-3000000","26520","48625","48625","0","2935","1329","1294"
"222","ALIGN_RAMP","33260","-1","-5.4931640625","-1","-1000","1000000","26640","48626","48626","0","2935","1329","1204"
"223","ALIGN_RAMP","33263","2","10.986328125","3","3000","4000000","26760","48627","48627","0","2935","1329","1114"
"224","ALIGN_RAMP","33259","-2","-10.986328125","-4","-4000","-7000000","26880","48628","48628","0","2935","1329","1024"
"225","ALIGN_RAMP","33265","4","21.97265625","6","6000","10000000","27000","48629","48629","0","2935","1329","934"
"226","ALIGN_RAMP","33261","0","0","-4","-4000","-10000000","27120","48630","48630","0","2935","1329","844"
"227","ALIGN_RAMP","33260","-1","-5.4931640625","-1","-1000","3000000","27240","48631","48631","0","2935","1329","754"
"228","ALIGN_RAMP","33260","-1","-5.4931640625","0","0","1000000","27360","48632","48632","0","2935","1329","664"
"229","ALIGN_RAMP","33262","1","5.4931640625","2","2000","2000000","27480","48633","48633","0","2935","1329","574"
"230","ALIGN_RAMP","33263","2","10.986328125","1","1000","-1000000","27600","48634","48634","0","2935","1329","484"
"231","ALIGN_RAMP","33261","0","0","-2","-2000","-3000000","27720","48635","48635","0","2935","1329","394"
"232","ALIGN_RAMP","33261","0","0","0","0","2000000","27840","48636","48636","0","2935","1329","304"
"233","ALIGN_RAMP","33261","0","0","0","0","0","27960","48637","48637","0","2935","1329","214"
"234","ALIGN_RAMP","33257","-4","-21.97265625","-4","-4000","-4000000","28080","48638","48638","0","2935","1329","124"
"235","ALIGN_RAMP","33260","-1","-5.4931640625","3","3000","7000000","28200","48639","48639","0","2935","1329","34"
"236","ALIGN_RAMP","33263","2","10.986328125","3","3000","0","28320","48640","48640","0","2935","1329","2099"
"237","ALIGN_RAMP","33261","0","0","-2","-2000","-5000000","28440","48641","48641","0","2935","1329","2009"
"238","ALIGN_RAMP","33257","-4","-21.97265625","-4","-4000","-2000000","28560","48642","48642","0","2935","1329","1919"
"239","ALIGN_RAMP","33262","1","5.4931640625","5","5000","9000000","28680","48643","48643","0","2935","1329","1829"
"240","ALIGN_RAMP","33259","-2","-10.986328125","-3","-3000","-8000000","28800","48644","48644","0","2935","1329","1739"
"241","ALIGN_RAMP","33263","2","10.986328125","4","4000","7000000","28920","48645","48645","0","2935","1329","1649"
"242","ALIGN_RAMP","33266","5","27.4658203125","3","3000","-1000000","29040","48646","48646","0","2935","1329","1559"
"243","ALIGN_RAMP","33261","0","0","-5","-5000","-8000000","29160","48647","48647","0","2935","1329","1469"
"244","ALIGN_RAMP","33260","-1","-5.4931640625","-1","-1000","4000000","29280","48648","48648","0","2935","1329","1379"
"245","ALIGN_RAMP","33261","0","0","1","1000","2000000","29400","48649","48649","0","2935","1329","1289"
"246","ALIGN_RAMP","33258","-3","-16.4794921875","-3","-3000","-4000000","29520","48650","48650","0","2935","1329","1199"
"247","ALIGN_RAMP","33260","-1","-5.4931640625","2","2000","5000000","29640","48651","48651","0","2935","1329","1109"
"248","ALIGN_RAMP","33263","2","10.986328125","3","3000","1000000","29760","48652","48652","0","2935","1329","1019"
"249","ALIGN_RAMP","33262","1","5.4931640625","-1","-1000","-4000000","29880","48653","48653","0","2935","1329","929"
"250","ALIGN_RAMP","33262","1","5.4931640625","0","0","1000000","30000","48654","48654","0","2935","1329","839"
"251","ALIGN_RAMP","33259","-2","-10.986328125","-3","-3000","-3000000","30120","48655","48655","0","2935","1329","749"
"252","ALIGN_RAMP","33262","1","5.4931640625","3","3000","6000000","30240","48656","48656","0","2935","1329","659"
"253","ALIGN_RAMP","33261","0","0","-1","-1000","-4000000","30360","48657","48657","0","2935","1329","569"
"254","ALIGN_RAMP","33262","1","5.4931640625","1","1000","2000000","30480","48658","48658","0","2935","1329","479"
"255","ALIGN_RAMP","33261","0","0","-1","-1000","-2000000","30600","48659","48659","0","2935","1329","389"
"256","ALIGN_RAMP","33266","5","27.4658203125","5","5000","6000000","30720","48660","48660","0","2935","1329","299"
"257","ALIGN_RAMP","33261","0","0","-5","-5000","-10000000","30840","48661","48661","0","2935","1329","209"
"258","ALIGN_RAMP","33263","2","10.986328125","2","2000","7000000","30960","48662","48662","0","2935","1329","119"
"259","ALIGN_RAMP","33260","-1","-5.4931640625","-3","-3000","-5000000","31080","48663","48663","0","2935","1329","29"
"260","ALIGN_RAMP","33259","-2","-10.986328125","-1","-1000","2000000","31200","48664","48664","0","2935","1329","2094"
"261","ALIGN_RAMP","33257","-4","-21.97265625","-2","-2000","-1000000","31320","48665","48665","0","2935","1329","2004"
"262","ALIGN_RAMP","33259","-2","-10.986328125","2","2000","4000000","31440","48666","48666","0","2935","1329","1914"
"263","ALIGN_RAMP","33263","2","10.986328125","4","4000","2000000","31560","48667","48667","0","2935","1329","1824"
"264","ALIGN_RAMP","33257","-4","-21.97265625","-6","-6000","-10000000","31680","48668","48668","0","2935","1329","1734"
"265","ALIGN_RAMP","33257","-4","-21.97265625","0","0","6000000","31800","48669","48669","0","2935","1329","1644"
"266","ALIGN_RAMP","33259","-2","-10.986328125","2","2000","2000000","31920","48670","48670","0","2935","1329","1554"
"267","ALIGN_RAMP","33256","-5","-27.4658203125","-3","-3000","-5000000","32040","48671","48671","0","2935","1329","1464"
"268","ALIGN_RAMP","33260","-1","-5.4931640625","4","4000","7000000","32160","48672","48672","0","2935","1329","1374"
"269","ALIGN_RAMP","33260","-1","-5.4931640625","0","0","-4000000","32280","48673","48673","0","2935","1329","1284"
"270","ALIGN_RAMP","33257","-4","-21.97265625","-3","-3000","-3000000","32400","48674","48674","0","2935","1329","1194"
"271","ALIGN_RAMP","33260","-1","-5.4931640625","3","3000","6000000","32520","48675","48675","0","2935","1329","1104"
"272","ALIGN_RAMP","33260","-1","-5.4931640625","0","0","-3000000","32640","48676","48676","0","2935","1329","1014"
"273","ALIGN_RAMP","33259","-2","-10.986328125","-1","-1000","-1000000","32760","48677","48677","0","2935","1329","924"
"274","ALIGN_RAMP","33260","-1","-5.4931640625","1","1000","2000000","32880","48678","48678","0","2935","1329","834"
"275","ALIGN_RAMP","33261","0","0","1","1000","0","33000","48679","48679","0","2935","1329","744"
"276","ALIGN_RAMP","33255","-6","-32.958984375","-6","-6000","-7000000","33120","48680","48680","0","2935","1329","654"
"277","ALIGN_RAMP","33259","-2","-10.986328125","4","4000","10000000","33240","48681","48681","0","2935","1329","564"
"278","ALIGN_RAMP","33262","1","5.4931640625","3","3000","-1000000","33360","48682","48682","0","2935","1329","474"
"279","ALIGN_RAMP","33257","-4","-21.97265625","-5","-5000","-8000000","33480","48683","48683","0","2935","1329","384"
"280","ALIGN_RAMP","33261","0","0","4","4000","9000000","33600","48684","48684","0","2935","1329","294"
"281","ALIGN_RAMP","33258","-3","-16.4794921875","-3","-3000","-7000000","33720","48685","48685","0","2935","1329","204"
"282","ALIGN_RAMP","33256","-5","-27.4658203125","-2","-2000","1000000","33840","48686","48686","0","2935","1329","114"
"283","ALIGN_RAMP","33258","-3","-16.4794921875","2","2000","4000000","33960","48687","48687","0","2935","1329","24"
"284","ALIGN_RAMP","33260","-1","-5.4931640625","2","2000","0","34080","48688","48688","0","2935","1329","2089"
"285","ALIGN_RAMP","33262","1","5.4931640625","2","2000","0","34200","48689","48689","0","2935","1329","1999"
"286","ALIGN_RAMP","33260","-1","-5.4931640625","-2","-2000","-4000000","34320","48690","48690","0","2935","1329","1909"
"287","ALIGN_RAMP","33259","-2","-10.986328125","-1","-1000","1000000","34440","48691","48691","0","2935","1329","1819"
"288","ALIGN_RAMP","33259","-2","-10.986328125","0","0","1000000","34560","48692","48692","0","2935","1329","1729"
"289","ALIGN_RAMP","33256","-5","-27.4658203125","-3","-3000","-3000000","34680","48693","48693","0","2935","1329","1639"
"290","ALIGN_RAMP","33258","-3","-16.4794921875","2","2000","5000000","34800","48694","48694","0","2935","1329","1549"
"291","ALIGN_RAMP","33257","-4","-21.97265625","-1","-1000","-3000000","34920","48695","48695","0","2935","1329","1459"
"292","ALIGN_RAMP","33257","-4","-21.97265625","0","0","1000000","35040","48696","48696","0","2935","1329","1369"
"293","ALIGN_RAMP","33259","-2","-10.986328125","2","2000","2000000","35160","48697","48697","0","2935","1329","1279"
"294","ALIGN_RAMP","33257","-4","-21.97265625","-2","-2000","-4000000","35280","48698","48698","0","2935","1329","1189"
"295","ALIGN_RAMP","33255","-6","-32.958984375","-2","-2000","0","35400","48699","48699","0","2935","1329","1099"
"296","ALIGN_RAMP","33258","-3","-16.4794921875","3","3000","5000000","35520","48700","48700","0","2935","1329","1009"
"297","ALIGN_RAMP","33259","-2","-10.986328125","1","1000","-2000000","35640","48701","48701","0","2935","1329","919"
"298","ALIGN_RAMP","33256","-5","-27.4658203125","-3","-3000","-4000000","35760","48702","48702","0","2935","1329","829"
"299","ALIGN_RAMP","33261","0","0","5","5000","8000000","35880","48703","48703","0","2935","1329","739"
"300","ALIGN_RAMP","33258","-3","-16.4794921875","-3","-3000","-8000000","36000","48704","48704","0","2935","1329","649"
"301","ALIGN_RAMP","33258","-3","-16.4794921875","0","0","3000000","36120","48705","48705","0","2935","1329","559"
"302","ALIGN_RAMP","33255","-6","-32.958984375","-3","-3000","-3000000","36240","48706","48706","0","2935","1329","469"
"303","ALIGN_RAMP","33259","-2","-10.986328125","4","4000","7000000","36360","48707","48707","0","2935","1329","379"
"304","ALIGN_RAMP","33254","-7","-38.4521484375","-5","-5000","-9000000","36480","48708","48708","0","2935","1329","289"
"305","ALIGN_RAMP","33260","-1","-5.4931640625","6","6000","11000000","36600","48709","48709","0","2935","1329","199"
"306","ALIGN_RAMP","33257","-4","-21.97265625","-3","-3000","-9000000","36720","48710","48710","0","2935","1329","109"
"307","ALIGN_RAMP","33255","-6","-32.958984375","-2","-2000","1000000","36840","48711","48711","0","2935","1329","19"
"308","ALIGN_RAMP","33257","-4","-21.97265625","2","2000","4000000","36960","48712","48712","0","2935","1329","2084"
"309","ALIGN_RAMP","33255","-6","-32.958984375","-2","-2000","-4000000","37080","48713","48713","0","2935","1329","1994"
"310","ALIGN_RAMP","33254","-7","-38.4521484375","-1","-1000","1000000","37200","48714","48714","0","2935","1329","1904"
"311","ALIGN_RAMP","33260","-1","-5.4931640625","6","6000","7000000","37320","48715","48715","0","2935","1329","1814"
"312","ALIGN_RAMP","33258","-3","-16.4794921875","-2","-2000","-8000000","37440","48716","48716","0","2935","1329","1724"
"313","ALIGN_RAMP","33257","-4","-21.97265625","-1","-1000","1000000","37560","48717","48717","0","2935","1329","1634"
"314","ALIGN_RAMP","33256","-5","-27.4658203125","-1","-1000","0","37680","48718","48718","0","2935","1329","1544"
"315","ALIGN_RAMP","33258","-3","-16.4794921875","2","2000","3000000","37800","48719","48719","0","2935","1329","1454"
"316","ALIGN_RAMP","33254","-7","-38.4521484375","-4","-4000","-6000000","37920","48720","48720","0","2935","1329","1364"
"317","ALIGN_RAMP","33259","-2","-10.986328125","5","5000","9000000","38040","48721","48721","0","2935","1329","1274"
"318","ALIGN_RAMP","33255","-6","-32.958984375","-4","-4000","-9000000","38160","48722","48722","0","2935","1329","1184"
"319","ALIGN_RAMP","33254","-7","-38.4521484375","-1","-1000","3000000","38280","48723","48723","0","2935","1329","1094"
"320","ALIGN_RAMP","33254","-7","-38.4521484375","0","0","1000000","38400","48724","48724","0","2935","1329","1004"
"321","ALIGN_RAMP","33255","-6","-32.958984375","1","1000","1000000","38520","48725","48725","0","2935","1329","914"
"322","ALIGN_RAMP","33258","-3","-16.4794921875","3","3000","2000000","38640","48726","48726","0","2935","1329","824"
"323","ALIGN_RAMP","33253","-8","-43.9453125","-5","-5000","-8000000","38760","48727","48727","0","2935","1329","734"
"324","ALIGN_RAMP","33252","-9","-49.4384765625","-1","-1000","4000000","38880","48728","48728","0","2935","1329","644"
"325","ALIGN_RAMP","33258","-3","-16.4794921875","6","6000","7000000","39000","48729","48729","0","2935","1329","554"
"326","ALIGN_RAMP","33255","-6","-32.958984375","-3","-3000","-9000000","39120","48730","48730","0","2935","1329","464"
"327","ALIGN_RAMP","33254","-7","-38.4521484375","-1","-1000","2000000","39240","48731","48731","0","2935","1329","374"
"328","ALIGN_RAMP","33252","-9","-49.4384765625","-2","-2000","-1000000","39360","48732","48732","0","2935","1329","284"
"329","ALIGN_RAMP","33256","-5","-27.4658203125","4","4000","6000000","39480","48733","48733","0","2935","1329","194"
"330","ALIGN_RAMP","33256","-5","-27.4658203125","0","0","-4000000","39600","48734","48734","0","2935","1329","104"
"331","ALIGN_RAMP","33252","-9","-49.4384765625","-4","-4000","-4000000","39720","48735","48735","0","2935","1329","14"
"332","ALIGN_RAMP","33255","-6","-32.958984375","3","3000","7000000","39840","48736","48736","0","2935","1329","2079"
"333","ALIGN_RAMP","33253","-8","-43.9453125","-2","-2000","-5000000","39960","48737","48737","0","2935","1329","1989"
"334","ALIGN_RAMP","33255","-6","-32.958984375","2","2000","4000000","40080","48738","48738","0","2935","1329","1899"
"335","ALIGN_RAMP","33257","-4","-21.97265625","2","2000","0","40200","48739","48739","0","2935","1329","1809"
"336","ALIGN_RAMP","33254","-7","-38.4521484375","-3","-3000","-5000000","40320","48740","48740","0","2935","1329","1719"
"337","ALIGN_RAMP","33252","-9","-49.4384765625","-2","-2000","1000000","40440","48741","48741","0","2935","1329","1629"
"338","ALIGN_RAMP","33254","-7","-38.4521484375","2","2000","4000000","40560","48742","48742","0","2935","1329","1539"
"339","ALIGN_RAMP","33254","-7","-38.4521484375","0","0","-2000000","40680","48743","48743","0","2935","1329","1449"
"340","ALIGN_RAMP","33256","-5","-27.4658203125","2","2000","2000000","40800","48744","48744","0","2935","1329","1359"
"341","ALIGN_RAMP","33254","-7","-38.4521484375","-2","-2000","-4000000","40920","48745","48745","0","2935","1329","1269"
"342","ALIGN_RAMP","33253","-8","-43.9453125","-1","-1000","1000000","41040","48746","48746","0","2935","1329","1179"
"343","ALIGN_RAMP","33252","-9","-49.4384765625","-1","-1000","0","41160","48747","48747","0","2935","1329","1089"
"344","ALIGN_RAMP","33254","-7","-38.4521484375","2","2000","3000000","41280","48748","48748","0","2935","1329","999"
"345","ALIGN_RAMP","33252","-9","-49.4384765625","-2","-2000","-4000000","41400","48749","48749","0","2935","1329","909"
"346","ALIGN_RAMP","33252","-9","-49.4384765625","0","0","2000000","41520","48750","48750","0","2935","1329","819"
"347","ALIGN_RAMP","33255","-6","-32.958984375","3","3000","3000000","41640","48751","48751","0","2935","1329","729"
"348","ALIGN_RAMP","33252","-9","-49.4384765625","-3","-3000","-6000000","41760","48752","48752","0","2935","1329","639"
"349","ALIGN_RAMP","33251","-10","-54.931640625","-1","-1000","2000000","41880","48753","48753","0","2935","1329","549"
"350","ALIGN_RAMP","33253","-8","-43.9453125","2","2000","3000000","42000","48754","48754","0","2935","1329","459"
"351","ALIGN_RAMP","33255","-6","-32.958984375","2","2000","0","42120","48755","48755","0","2935","1329","369"
"352","ALIGN_RAMP","33254","-7","-38.4521484375","-1","-1000","-3000000","42240","48756","48756","0","2935","1329","279"
"353","ALIGN_RAMP","33252","-9","-49.4384765625","-2","-2000","-1000000","42360","48757","48757","0","2935","1329","189"
"354","ALIGN_RAMP","33252","-9","-49.4384765625","0","0","2000000","42480","48758","48758","0","2935","1329","99"
"355","ALIGN_RAMP","33252","-9","-49.4384765625","0","0","0","42600","48759","48759","0","2935","1329","9"
"356","ALIGN_RAMP","33254","-7","-38.4521484375","2","2000","2000000","42720","48760","48760","0","2935","1329","2074"
"357","ALIGN_RAMP","33252","-9","-49.4384765625","-2","-2000","-4000000","42840","48761","48761","0","2935","1329","1984"
"358","ALIGN_RAMP","33253","-8","-43.9453125","1","1000","3000000","42960","48762","48762","0","2935","1329","1894"
"359","ALIGN_RAMP","33254","-7","-38.4521484375","1","1000","0","43080","48763","48763","0","2935","1329","1804"
"360","ALIGN_RAMP","33251","-10","-54.931640625","-3","-3000","-4000000","43200","48764","48764","0","2935","1329","1714"
"361","ALIGN_RAMP","33249","-12","-65.91796875","-2","-2000","1000000","43320","48765","48765","0","2935","1329","1624"
"362","ALIGN_RAMP","33252","-9","-49.4384765625","3","3000","5000000","43440","48766","48766","0","2935","1329","1534"
"363","ALIGN_RAMP","33252","-9","-49.4384765625","0","0","-3000000","43560","48767","48767","0","2935","1329","1444"
"364","ALIGN_RAMP","33251","-10","-54.931640625","-1","-1000","-1000000","43680","48768","48768","0","2935","1329","1354"
"365","ALIGN_RAMP","33252","-9","-49.4384765625","1","1000","2000000","43800","48769","48769","0","2935","1329","1264"
"366","ALIGN_RAMP","33253","-8","-43.9453125","1","1000","0","43920","48770","48770","0","2935","1329","1174"
"367","ALIGN_RAMP","33248","-13","-71.4111328125","-5","-5000","-6000000","44040","48771","48771","0","2935","1329","1084"
"368","ALIGN_RAMP","33248","-13","-71.4111328125","0","0","5000000","44160","48772","48772","0","2935","1329","994"
"369","ALIGN_RAMP","33250","-11","-60.4248046875","2","2000","2000000","44280","48773","48773","0","2935","1329","904"
"370","ALIGN_RAMP","33249","-12","-65.91796875","-1","-1000","-3000000","44400","48774","48774","0","2935","1329","814"
"371","ALIGN_RAMP","33251","-10","-54.931640625","2","2000","3000000","44520","48775","48775","0","2935","1329","724"
"372","ALIGN_RAMP","33250","-11","-60.4248046875","-1","-1000","-3000000","44640","48776","48776","0","2935","1329","634"
"373","ALIGN_RAMP","33253","-8","-43.9453125","3","3000","4000000","44760","48777","48777","0","2935","1329","544"
"374","ALIGN_RAMP","33252","-9","-49.4384765625","-1","-1000","-4000000","44880","48778","48778","0","2935","1329","454"
"375","ALIGN_RAMP","33250","-11","-60.4248046875","-2","-2000","-1000000","45000","48779","48779","0","2935","1329","364"
"376","ALIGN_RAMP","33251","-10","-54.931640625","1","1000","3000000","45120","48780","48780","0","2935","1329","274"
"377","ALIGN_RAMP","33250","-11","-60.4248046875","-1","-1000","-2000000","45240","48781","48781","0","2935","1329","184"
"378","ALIGN_RAMP","33247","-14","-76.904296875","-3","-3000","-2000000","45360","48782","48782","0","2935","1329","94"
"379","ALIGN_RAMP","33254","-7","-38.4521484375","7","7000","10000000","45480","48783","48783","0","2935","1329","4"
"380","ALIGN_RAMP","33249","-12","-65.91796875","-5","-5000","-12000000","45600","48784","48784","0","2935","1329","2069"
"381","ALIGN_RAMP","33250","-11","-60.4248046875","1","1000","6000000","45720","48785","48785","0","2935","1329","1979"
"382","ALIGN_RAMP","33244","-17","-93.3837890625","-6","-6000","-7000000","45840","48786","48786","0","2935","1329","1889"
"383","ALIGN_RAMP","33249","-12","-65.91796875","5","5000","11000000","45960","48787","48787","0","2935","1329","1799"
"384","ALIGN_RAMP","33251","-10","-54.931640625","2","2000","-3000000","46080","48788","48788","0","2935","1329","1709"
"385","ALIGN_RAMP","33248","-13","-71.4111328125","-3","-3000","-5000000","46200","48789","48789","0","2935","1329","1619"
"386","ALIGN_RAMP","33249","-12","-65.91796875","1","1000","4000000","46320","48790","48790","0","2935","1329","1529"
"387","ALIGN_RAMP","33251","-10","-54.931640625","2","2000","1000000","46440","48791","48791","0","2935","1329","1439"
"388","ALIGN_RAMP","33250","-11","-60.4248046875","-1","-1000","-3000000","46560","48792","48792","0","2935","1329","1349"
"389","ALIGN_RAMP","33247","-14","-76.904296875","-3","-3000","-2000000","46680","48793","48793","0","2935","1329","1259"
"390","ALIGN_RAMP","33247","-14","-76.904296875","0","0","3000000","46800","48794","48794","0","2935","1329","1169"
"391","ALIGN_RAMP","33246","-15","-82.3974609375","-1","-1000","-1000000","46920","48795","48795","0","2935","1329","1079"
"392","ALIGN_RAMP","33249","-12","-65.91796875","3","3000","4000000","47040","48796","48796","0","2935","1329","989"
"393","ALIGN_RAMP","33249","-12","-65.91796875","0","0","-3000000","47160","48797","48797","0","2935","1329","899"
"394","ALIGN_RAMP","33249","-12","-65.91796875","0","0","0","47280","48798","48798","0","2935","1329","809"
"395","ALIGN_RAMP","33247","-14","-76.904296875","-2","-2000","-2000000","47400","48799","48799","0","2935","1329","719"
"396","ALIGN_RAMP","33242","-19","-104.3701171875","-5","-5000","-3000000","47520","48800","48800","0","2935","1329","629"
"397","ALIGN_RAMP","33246","-15","-82.3974609375","4","4000","9000000","47640","48801","48801","0","2935","1329","539"
"398","ALIGN_RAMP","33247","-14","-76.904296875","1","1000","-3000000","47760","48802","48802","0","2935","1329","449"
"399","ALIGN_RAMP","33248","-13","-71.4111328125","1","1000","0","47880","48803","48803","0","2935","1329","359"
"400","ALIGN_RAMP","33246","-15","-82.3974609375","-2","-2000","-3000000","48000","48804","48804","0","2935","1329","335"
"401","ALIGN_RAMP","33246","-15","-82.3974609375","0","0","2000000","48120","48805","48805","0","2935","1329","179"
"402","ALIGN_RAMP","33246","-15","-82.3974609375","0","0","0","48240","48806","48806","0","2935","1329","89"
"403","ALIGN_RAMP","33243","-18","-98.876953125","-3","-3000","-3000000","48360","48807","48807","0","2935","1329","2154"
"404","ALIGN_RAMP","33245","-16","-87.890625","2","2000","5000000","48480","48808","48808","0","2935","1329","2064"
"405","ALIGN_RAMP","33246","-15","-82.3974609375","1","1000","-1000000","48600","48809","48809","0","2935","1329","1974"
"406","ALIGN_RAMP","33242","-19","-104.3701171875","-4","-4000","-5000000","48720","48810","48810","0","2935","1329","1884"
"407","ALIGN_RAMP","33244","-17","-93.3837890625","2","2000","6000000","48840","48811","48811","0","2935","1329","1794"
"408","ALIGN_RAMP","33244","-17","-93.3837890625","0","0","-2000000","48960","48812","48812","0","2935","1329","1704"
"409","ALIGN_RAMP","33246","-15","-82.3974609375","2","2000","2000000","49080","48813","48813","0","2935","1329","1614"
"410","ALIGN_RAMP","33244","-17","-93.3837890625","-2","-2000","-4000000","49200","48814","48814","0","2935","1329","1524"
"411","ALIGN_RAMP","33246","-15","-82.3974609375","2","2000","4000000","49320","48815","48815","0","2935","1329","1434"
"412","ALIGN_RAMP","33247","-14","-76.904296875","1","1000","-1000000","49440","48816","48816","0","2935","1329","1344"
"413","ALIGN_RAMP","33245","-16","-87.890625","-2","-2000","-3000000","49560","48817","48817","0","2935","1329","1254"
"414","ALIGN_RAMP","33247","-14","-76.904296875","2","2000","4000000","49680","48818","48818","0","2935","1329","1164"
"415","ALIGN_RAMP","33244","-17","-93.3837890625","-3","-3000","-5000000","49800","48819","48819","0","2935","1329","1074"
"416","ALIGN_RAMP","33242","-19","-104.3701171875","-2","-2000","1000000","49920","48820","48820","0","2935","1329","984"
"417","ALIGN_RAMP","33243","-18","-98.876953125","1","1000","3000000","50040","48821","48821","0","2935","1329","894"
"418","ALIGN_RAMP","33242","-19","-104.3701171875","-1","-1000","-2000000","50160","48822","48822","0","2935","1329","804"
"419","ALIGN_RAMP","33244","-17","-93.3837890625","2","2000","3000000","50280","48823","48823","0","2935","1329","714"
"420","ALIGN_RAMP","33245","-16","-87.890625","1","1000","-1000000","50400","48824","48824","0","2935","1329","624"
"421","ALIGN_RAMP","33244","-17","-93.3837890625","-1","-1000","-2000000","50520","48825","48825","0","2935","1329","534"
"422","ALIGN_RAMP","33242","-19","-104.3701171875","-2","-2000","-1000000","50640","48826","48826","0","2935","1329","444"
"423","ALIGN_RAMP","33243","-18","-98.876953125","1","1000","3000000","50760","48827","48827","0","2935","1329","354"
"424","ALIGN_RAMP","33238","-23","-126.3427734375","-5","-5000","-6000000","50880","48828","48828","0","2935","1329","264"
"425","ALIGN_RAMP","33243","-18","-98.876953125","5","5000","10000000","51000","48829","48829","0","2935","1329","174"
"426","ALIGN_RAMP","33240","-21","-115.3564453125","-3","-3000","-8000000","51120","48830","48830","0","2935","1329","84"
"427","ALIGN_RAMP","33243","-18","-98.876953125","3","3000","6000000","51240","48831","48831","0","2935","1329","2149"
"428","ALIGN_RAMP","33241","-20","-109.86328125","-2","-2000","-5000000","51360","48832","48832","0","2935","1329","2059"
"429","ALIGN_RAMP","33242","-19","-104.3701171875","1","1000","3000000","51480","48833","48833","0","2935","1329","1969"
"430","ALIGN_RAMP","33241","-20","-109.86328125","-1","-1000","-2000000","51600","48834","48834","0","2935","1329","1879"
"431","ALIGN_RAMP","33246","-15","-82.3974609375","5","5000","6000000","51720","48835","48835","0","2935","1329","1789"
"432","ALIGN_RAMP","33242","-19","-104.3701171875","-4","-4000","-9000000","51840","48836","48836","0","2935","1329","1699"
"433","ALIGN_RAMP","33245","-16","-87.890625","3","3000","7000000","51960","48837","48837","0","2935","1329","1609"
"434","ALIGN_RAMP","33240","-21","-115.3564453125","-5","-5000","-8000000","52080","48838","48838","0","2935","1329","1519"
"435","ALIGN_RAMP","33243","-18","-98.876953125","3","3000","8000000","52200","48839","48839","0","2935","1329","1429"
"436","ALIGN_RAMP","33241","-20","-109.86328125","-2","-2000","-5000000","52320","48840","48840","0","2935","1329","1339"
"437","ALIGN_RAMP","33243","-18","-98.876953125","2","2000","4000000","52440","48841","48841","0","2935","1329","1249"
"438","ALIGN_RAMP","33244","-17","-93.3837890625","1","1000","-1000000","52560","48842","48842","0","2935","1329","1159"
"439","ALIGN_RAMP","33242","-19","-104.3701171875","-2","-2000","-3000000","52680","48843","48843","0","2935","1329","1069"
"440","ALIGN_RAMP","33235","-26","-142.822265625","-7","-7000","-5000000","52800","48844","48844","0","2935","1329","979"
"441","ALIGN_RAMP","33239","-22","-120.849609375","4","4000","11000000","52920","48845","48845","0","2935","1329","889"
"442","ALIGN_RAMP","33241","-20","-109.86328125","2","2000","-2000000","53040","48846","48846","0","2935","1329","799"
"443","ALIGN_RAMP","33240","-21","-115.3564453125","-1","-1000","-3000000","53160","48847","48847","0","2935","1329","709"
"444","ALIGN_RAMP","33240","-21","-115.3564453125","0","0","1000000","53280","48848","48848","0","2935","1329","619"
"445","ALIGN_RAMP","33243","-18","-98.876953125","3","3000","3000000","53400","48849","48849","0","2935","1329","529"
"446","ALIGN_RAMP","33243","-18","-98.876953125","0","0","-3000000","53520","48850","48850","0","2935","1329","439"
"447","ALIGN_RAMP","33237","-24","-131.8359375","-6","-6000","-6000000","53640","48851","48851","0","2935","1329","349"
"448","ALIGN_RAMP","33239","-22","-120.849609375","2","2000","8000000","53760","48852","48852","0","2935","1329","259"
"449","ALIGN_RAMP","33241","-20","-109.86328125","2","2000","0","53880","48853","48853","0","2935","1329","169"
"450","ALIGN_RAMP","33238","-23","-126.3427734375","-3","-3000","-5000000","54000","48854","48854","0","2935","1329","79"
"451","ALIGN_RAMP","33243","-18","-98.876953125","5","5000","8000000","54120","48855","48855","0","2935","1329","2144"
"452","ALIGN_RAMP","33241","-20","-109.86328125","-2","-2000","-7000000","54240","48856","48856","0","2935","1329","2054"
"453","ALIGN_RAMP","33240","-21","-115.3564453125","-1","-1000","1000000","54360","48857","48857","0","2935","1329","1964"
"454","ALIGN_RAMP","33236","-25","-137.3291015625","-4","-4000","-3000000","54480","48858","48858","0","2935","1329","1874"
"455","ALIGN_RAMP","33241","-20","-109.86328125","5","5000","9000000","54600","48859","48859","0","2935","1329","1784"
"456","ALIGN_RAMP","33238","-23","-126.3427734375","-3","-3000","-8000000","54720","48860","48860","0","2935","1329","1694"
"457","ALIGN_RAMP","33239","-22","-120.849609375","1","1000","4000000","54840","48861","48861","0","2935","1329","1604"
"458","ALIGN_RAMP","33235","-26","-142.822265625","-4","-4000","-5000000","54960","48862","48862","0","2935","1329","1514"
"459","ALIGN_RAMP","33238","-23","-126.3427734375","3","3000","7000000","55080","48863","48863","0","2935","1329","1424"
"460","ALIGN_RAMP","33236","-25","-137.3291015625","-2","-2000","-5000000","55200","48864","48864","0","2935","1329","1334"
"461","ALIGN_RAMP","33240","-21","-115.3564453125","4","4000","6000000","55320","48865","48865","0","2935","1329","1244"
"462","ALIGN_RAMP","33239","-22","-120.849609375","-1","-1000","-5000000","55440","48866","48866","0","2935","1329","1154"
"463","ALIGN_RAMP","33236","-25","-137.3291015625","-3","-3000","-2000000","55560","48867","48867","0","2935","1329","1064"
"464","ALIGN_RAMP","33239","-22","-120.849609375","3","3000","6000000","55680","48868","48868","0","2935","1329","974"
"465","ALIGN_RAMP","33237","-24","-131.8359375","-2","-2000","-5000000","55800","48869","48869","0","2935","1329","884"
"466","ALIGN_RAMP","33237","-24","-131.8359375","0","0","2000000","55920","48870","48870","0","2935","1329","794"
"467","ALIGN_RAMP","33236","-25","-137.3291015625","-1","-1000","-1000000","56040","48871","48871","0","2935","1329","704"
"468","ALIGN_RAMP","33238","-23","-126.3427734375","2","2000","3000000","56160","48872","48872","0","2935","1329","614"
"469","ALIGN_RAMP","33236","-25","-137.3291015625","-2","-2000","-4000000","56280","48873","48873","0","2935","1329","524"
"470","ALIGN_RAMP","33239","-22","-120.849609375","3","3000","5000000","56400","48874","48874","0","2935","1329","434"
"471","ALIGN_RAMP","33234","-27","-148.3154296875","-5","-5000","-8000000","56520","48875","48875","0","2935","1329","344"
"472","ALIGN_RAMP","33232","-29","-159.3017578125","-2","-2000","3000000","56640","48876","48876","0","2935","1329","254"
"473","ALIGN_RAMP","33234","-27","-148.3154296875","2","2000","4000000","56760","48877","48877","0","2935","1329","164"
"474","ALIGN_RAMP","33233","-28","-153.80859375","-1","-1000","-3000000","56880","48878","48878","0","2935","1329","74"
"475","ALIGN_RAMP","33234","-27","-148.3154296875","1","1000","2000000","57000","48879","48879","0","2935","1329","2139"
"476","ALIGN_RAMP","33237","-24","-131.8359375","3","3000","2000000","57120","48880","48880","0","2935","1329","2049"
"477","ALIGN_RAMP","33237","-24","-131.8359375","0","0","-3000000","57240","48881","48881","0","2935","1329","1959"
"478","ALIGN_RAMP","33235","-26","-142.822265625","-2","-2000","-2000000","57360","48882","48882","0","2935","1329","1869"
"479","ALIGN_RAMP","33232","-29","-159.3017578125","-3","-3000","-1000000","57480","48883","48883","0","2935","1329","1779"
"480","ALIGN_RAMP","33235","-26","-142.822265625","3","3000","6000000","57600","48884","48884","0","2935","1329","1689"
"481","ALIGN_RAMP","33234","-27","-148.3154296875","-1","-1000","-4000000","57720","48885","48885","0","2935","1329","1599"
"482","ALIGN_RAMP","33232","-29","-159.3017578125","-2","-2000","-1000000","57840","48886","48886","0","2935","1329","1509"
"483","ALIGN_RAMP","33235","-26","-142.822265625","3","3000","5000000","57960","48887","48887","0","2935","1329","1419"
"484","ALIGN_RAMP","33231","-30","-164.794921875","-4","-4000","-7000000","58080","48888","48888","0","2935","1329","1329"
"485","ALIGN_RAMP","33233","-28","-153.80859375","2","2000","6000000","58200","48889","48889","0","2935","1329","1239"
"486","ALIGN_RAMP","33232","-29","-159.3017578125","-1","-1000","-3000000","58320","48890","48890","0","2935","1329","1149"
"487","ALIGN_RAMP","33233","-28","-153.80859375","1","1000","2000000","58440","48891","48891","0","2935","1329","1059"
"488","ALIGN_RAMP","33233","-28","-153.80859375","0","0","-1000000","58560","48892","48892","0","2935","1329","969"
"489","ALIGN_RAMP","33230","-31","-170.2880859375","-3","-3000","-3000000","58680","48893","48893","0","2935","1329","879"
"490","ALIGN_RAMP","33231","-30","-164.794921875","1","1000","4000000","58800","48894","48894","0","2935","1329","789"
"491","ALIGN_RAMP","33229","-32","-175.78125","-2","-2000","-3000000","58920","48895","48895","0","2935","1329","699"
"492","ALIGN_RAMP","33229","-32","-175.78125","0","0","2000000","59040","48896","48896","0","2935","1329","609"
"493","ALIGN_RAMP","33231","-30","-164.794921875","2","2000","2000000","59160","48897","48897","0","2935","1329","519"
"494","ALIGN_RAMP","33233","-28","-153.80859375","2","2000","0","59280","48898","48898","0","2935","1329","429"
"495","ALIGN_RAMP","33232","-29","-159.3017578125","-1","-1000","-3000000","59400","48899","48899","0","2935","1329","339"
"496","ALIGN_RAMP","33230","-31","-170.2880859375","-2","-2000","-1000000","59520","48900","48900","0","2935","1329","249"
"497","ALIGN_RAMP","33229","-32","-175.78125","-1","-1000","1000000","59640","48901","48901","0","2935","1329","159"
"498","ALIGN_RAMP","33230","-31","-170.2880859375","1","1000","2000000","59760","48902","48902","0","2935","1329","69"
"499","ALIGN_RAMP","33226","-35","-192.2607421875","-4","-4000","-5000000","59880","48903","48903","0","2935","1329","2134"
"500","ALIGN_RAMP","33227","-34","-186.767578125","1","1000","5000000","60000","48904","48904","0","2935","1329","2044"
"501","ALIGN_HOLD","33228","-33","-181.2744140625","1","1000","0","60000","48905","48905","0","2935","1329","1954"
"502","ALIGN_HOLD","33229","-32","-175.78125","1","1000","0","60000","48906","48906","0","2935","1329","1864"
"503","ALIGN_HOLD","33231","-30","-164.794921875","2","2000","1000000","60000","48907","48907","0","2935","1329","1774"
"504","ALIGN_HOLD","33229","-32","-175.78125","-2","-2000","-4000000","60000","48908","48908","0","2935","1329","1684"
"505","ALIGN_HOLD","33228","-33","-181.2744140625","-1","-1000","1000000","60000","48909","48909","0","2935","1329","1594"
"506","ALIGN_HOLD","33228","-33","-181.2744140625","0","0","1000000","60000","48910","48910","0","2935","1329","1504"
"507","ALIGN_HOLD","33226","-35","-192.2607421875","-2","-2000","-2000000","60000","48911","48911","0","2935","1329","1414"
"508","ALIGN_HOLD","33231","-30","-164.794921875","5","5000","7000000","60000","48912","48912","0","2935","1329","1324"
"509","ALIGN_HOLD","33227","-34","-186.767578125","-4","-4000","-9000000","60000","48913","48913","0","2935","1329","1234"
"510","ALIGN_HOLD","33229","-32","-175.78125","2","2000","6000000","60000","48914","48914","0","2935","1329","1144"
"511","ALIGN_HOLD","33225","-36","-197.75390625","-4","-4000","-6000000","60000","48915","48915","0","2935","1329","1054"
"512","ALIGN_HOLD","33228","-33","-181.2744140625","3","3000","7000000","60000","48916","48916","0","2935","1329","964"
"513","ALIGN_HOLD","33228","-33","-181.2744140625","0","0","-3000000","60000","48917","48917","0","2935","1329","874"
"514","ALIGN_HOLD","33230","-31","-170.2880859375","2","2000","2000000","60000","48918","48918","0","2935","1329","784"
"515","ALIGN_HOLD","33230","-31","-170.2880859375","0","0","-2000000","60000","48919","48919","0","2935","1329","694"
"516","ALIGN_HOLD","33230","-31","-170.2880859375","0","0","0","60000","48920","48920","0","2935","1329","604"
"517","ALIGN_HOLD","33228","-33","-181.2744140625","-2","-2000","-2000000","60000","48921","48921","0","2935","1329","514"
"518","ALIGN_HOLD","33227","-34","-186.767578125","-1","-1000","1000000","60000","48922","48922","0","2935","1329","424"
"519","ALIGN_HOLD","33228","-33","-181.2744140625","1","1000","2000000","60000","48923","48923","0","2935","1329","334"
"520","ALIGN_HOLD","33227","-34","-186.767578125","-1","-1000","-2000000","60000","48924","48924","0","2935","1329","244"
"521","ALIGN_HOLD","33229","-32","-175.78125","2","2000","3000000","60000","48925","48925","0","2935","1329","154"
"522","ALIGN_HOLD","33229","-32","-175.78125","0","0","-2000000","60000","48926","48926","0","2935","1329","64"
"523","ALIGN_HOLD","33228","-33","-181.2744140625","-1","-1000","-1000000","60000","48927","48927","0","2935","1329","2129"
"524","ALIGN_HOLD","33227","-34","-186.767578125","-1","-1000","0","60000","48928","48928","0","2935","1329","2039"
"525","ALIGN_HOLD","33231","-30","-164.794921875","4","4000","5000000","60000","48929","48929","0","2935","1329","1949"
"526","ALIGN_HOLD","33231","-30","-164.794921875","0","0","-4000000","60000","48930","48930","0","2935","1329","1859"
"527","ALIGN_HOLD","33227","-34","-186.767578125","-4","-4000","-4000000","60000","48931","48931","0","2935","1329","1769"
"528","ALIGN_HOLD","33229","-32","-175.78125","2","2000","6000000","60000","48932","48932","0","2935","1329","1679"
"529","ALIGN_HOLD","33231","-30","-164.794921875","2","2000","0","60000","48933","48933","0","2935","1329","1589"
"530","ALIGN_HOLD","33227","-34","-186.767578125","-4","-4000","-6000000","60000","48934","48934","0","2935","1329","1499"
"531","ALIGN_HOLD","33228","-33","-181.2744140625","1","1000","5000000","60000","48935","48935","0","2935","1329","1409"
"532","ALIGN_HOLD","33230","-31","-170.2880859375","2","2000","1000000","60000","48936","48936","0","2935","1329","1319"
"533","ALIGN_HOLD","33228","-33","-181.2744140625","-2","-2000","-4000000","60000","48937","48937","0","2935","1329","1229"
"534","ALIGN_HOLD","33228","-33","-181.2744140625","0","0","2000000","60000","48938","48938","0","2935","1329","1139"
"535","ALIGN_HOLD","33229","-32","-175.78125","1","1000","1000000","60000","48939","48939","0","2935","1329","1049"
"536","ALIGN_HOLD","33230","-31","-170.2880859375","1","1000","0","60000","48940","48940","0","2935","1329","959"
"537","ALIGN_HOLD","33226","-35","-192.2607421875","-4","-4000","-5000000","60000","48941","48941","0","2935","1329","869"
"538","ALIGN_HOLD","33226","-35","-192.2607421875","0","0","4000000","60000","48942","48942","0","2935","1329","779"
"539","ALIGN_HOLD","33227","-34","-186.767578125","1","1000","1000000","60000","48943","48943","0","2935","1329","689"
"540","ALIGN_HOLD","33231","-30","-164.794921875","4","4000","3000000","60000","48944","48944","0","2935","1329","599"
"541","ALIGN_HOLD","33228","-33","-181.2744140625","-3","-3000","-7000000","60000","48945","48945","0","2935","1329","509"
"542","ALIGN_HOLD","33231","-30","-164.794921875","3","3000","6000000","60000","48946","48946","0","2935","1329","419"
"543","ALIGN_HOLD","33229","-32","-175.78125","-2","-2000","-5000000","60000","48947","48947","0","2935","1329","329"
"544","ALIGN_HOLD","33228","-33","-181.2744140625","-1","-1000","1000000","60000","48948","48948","0","2935","1329","239"
"545","ALIGN_HOLD","33228","-33","-181.2744140625","0","0","1000000","60000","48949","48949","0","2935","1329","149"
"546","ALIGN_HOLD","33229","-32","-175.78125","1","1000","1000000","60000","48950","48950","0","2935","1329","59"
"547","ALIGN_HOLD","33229","-32","-175.78125","0","0","-1000000","60000","48951","48951","0","2935","1329","2124"
"548","ALIGN_HOLD","33228","-33","-181.2744140625","-1","-1000","-1000000","60000","48952","48952","0","2935","1329","2034"
"549","ALIGN_HOLD","33228","-33","-181.2744140625","0","0","1000000","60000","48953","48953","0","2935","1329","1944"
"550","ALIGN_HOLD","33227","-34","-186.767578125","-1","-1000","-1000000","60000","48954","48954","0","2935","1329","1854"
"551","ALIGN_HOLD","33228","-33","-181.2744140625","1","1000","2000000","60000","48955","48955","0","2935","1329","1764"
"552","ALIGN_HOLD","33230","-31","-170.2880859375","2","2000","1000000","60000","48956","48956","0","2935","1329","1674"
"553","ALIGN_HOLD","33228","-33","-181.2744140625","-2","-2000","-4000000","60000","48957","48957","0","2935","1329","1584"
"554","ALIGN_HOLD","33228","-33","-181.2744140625","0","0","2000000","60000","48958","48958","0","2935","1329","1494"
"555","ALIGN_HOLD","33227","-34","-186.767578125","-1","-1000","-1000000","60000","48959","48959","0","2935","1329","1404"
"556","ALIGN_HOLD","33229","-32","-175.78125","2","2000","3000000","60000","48960","48960","0","2935","1329","1314"
"557","ALIGN_HOLD","33233","-28","-153.80859375","4","4000","2000000","60000","48961","48961","0","2935","1329","1224"
"558","ALIGN_HOLD","33227","-34","-186.767578125","-6","-6000","-10000000","60000","48962","48962","0","2935","1329","1134"
"559","ALIGN_HOLD","33232","-29","-159.3017578125","5","5000","11000000","60000","48963","48963","0","2935","1329","1044"
"560","ALIGN_HOLD","33228","-33","-181.2744140625","-4","-4000","-9000000","60000","48964","48964","0","2935","1329","954"
"561","ALIGN_HOLD","33228","-33","-181.2744140625","0","0","4000000","60000","48965","48965","0","2935","1329","864"
"562","ALIGN_HOLD","33228","-33","-181.2744140625","0","0","0","60000","48966","48966","0","2935","1329","774"
"563","ALIGN_HOLD","33225","-36","-197.75390625","-3","-3000","-3000000","60000","48967","48967","0","2935","1329","684"
"564","ALIGN_HOLD","33229","-32","-175.78125","4","4000","7000000","60000","48968","48968","0","2935","1329","594"
"565","ALIGN_HOLD","33229","-32","-175.78125","0","0","-4000000","60000","48969","48969","0","2935","1329","504"
"566","ALIGN_HOLD","33231","-30","-164.794921875","2","2000","2000000","60000","48970","48970","0","2935","1329","414"
"567","ALIGN_HOLD","33229","-32","-175.78125","-2","-2000","-4000000","60000","48971","48971","0","2935","1329","324"
"568","ALIGN_HOLD","33226","-35","-192.2607421875","-3","-3000","-1000000","60000","48972","48972","0","2935","1329","234"
"569","ALIGN_HOLD","33228","-33","-181.2744140625","2","2000","5000000","60000","48973","48973","0","2935","1329","144"
"570","ALIGN_HOLD","33229","-32","-175.78125","1","1000","-1000000","60000","48974","48974","0","2935","1329","54"
"571","ALIGN_HOLD","33230","-31","-170.2880859375","1","1000","0","60000","48975","48975","0","2935","1329","2119"
"572","ALIGN_HOLD","33229","-32","-175.78125","-1","-1000","-2000000","60000","48976","48976","0","2935","1329","2029"
"573","ALIGN_HOLD","33228","-33","-181.2744140625","-1","-1000","0","60000","48977","48977","0","2935","1329","1939"
"574","ALIGN_HOLD","33230","-31","-170.2880859375","2","2000","3000000","60000","48978","48978","0","2935","1329","1849"
"575","ALIGN_HOLD","33232","-29","-159.3017578125","2","2000","0","60000","48979","48979","0","2935","1329","1759"
"576","ALIGN_HOLD","33229","-32","-175.78125","-3","-3000","-5000000","60000","48980","48980","0","2935","1329","1669"
"577","ALIGN_HOLD","33230","-31","-170.2880859375","1","1000","4000000","60000","48981","48981","0","2935","1329","1579"
"578","ALIGN_HOLD","33230","-31","-170.2880859375","0","0","-1000000","60000","48982","48982","0","2935","1329","1489"
"579","ALIGN_HOLD","33224","-37","-203.2470703125","-6","-6000","-6000000","60000","48983","48983","0","2935","1329","1399"
"580","ALIGN_HOLD","33228","-33","-181.2744140625","4","4000","10000000","60000","48984","48984","0","2935","1329","1309"
"581","ALIGN_HOLD","33227","-34","-186.767578125","-1","-1000","-5000000","60000","48985","48985","0","2935","1329","1219"
"582","ALIGN_HOLD","33226","-35","-192.2607421875","-1","-1000","0","60000","48986","48986","0","2935","1329","1129"
"583","ALIGN_HOLD","33232","-29","-159.3017578125","6","6000","7000000","60000","48987","48987","0","2935","1329","1039"
"584","ALIGN_HOLD","33228","-33","-181.2744140625","-4","-4000","-10000000","60000","48988","48988","0","2935","1329","949"
"585","ALIGN_HOLD","33227","-34","-186.767578125","-1","-1000","3000000","60000","48989","48989","0","2935","1329","859"
"586","ALIGN_HOLD","33226","-35","-192.2607421875","-1","-1000","0","60000","48990","48990","0","2935","1329","769"
"587","ALIGN_HOLD","33230","-31","-170.2880859375","4","4000","5000000","60000","48991","48991","0","2935","1329","679"
"588","ALIGN_HOLD","33227","-34","-186.767578125","-3","-3000","-7000000","60000","48992","48992","0","2935","1329","589"
"589","ALIGN_HOLD","33228","-33","-181.2744140625","1","1000","4000000","60000","48993","48993","0","2935","1329","499"
"590","ALIGN_HOLD","33226","-35","-192.2607421875","-2","-2000","-3000000","60000","48994","48994","0","2935","1329","409"
"591","ALIGN_HOLD","33227","-34","-186.767578125","1","1000","3000000","60000","48995","48995","0","2935","1329","319"
"592","ALIGN_HOLD","33230","-31","-170.2880859375","3","3000","2000000","60000","48996","48996","0","2935","1329","229"
"593","ALIGN_HOLD","33228","-33","-181.2744140625","-2","-2000","-5000000","60000","48997","48997","0","2935","1329","139"
"594","ALIGN_HOLD","33226","-35","-192.2607421875","-2","-2000","0","60000","48998","48998","0","2935","1329","49"
"595","ALIGN_HOLD","33228","-33","-181.2744140625","2","2000","4000000","60000","48999","48999","0","2935","1329","2114"
"596","ALIGN_HOLD","33227","-34","-186.767578125","-1","-1000","-3000000","60000","49000","49000","0","2935","1329","2024"
"597","ALIGN_HOLD","33227","-34","-186.767578125","0","0","1000000","60000","49001","49001","0","2935","1329","1934"
"598","ALIGN_HOLD","33228","-33","-181.2744140625","1","1000","1000000","60000","49002","49002","0","2935","1329","1844"
"599","ALIGN_HOLD","33227","-34","-186.767578125","-1","-1000","-2000000","60000","49003","49003","0","2935","1329","1754"
"600","ALIGN_HOLD","33230","-31","-170.2880859375","3","3000","4000000","60000","49004","49004","0","2935","1329","1730"
"601","ALIGN_HOLD","33228","-33","-181.2744140625","-2","-2000","-5000000","60000","49005","49005","0","2935","1329","1574"
"602","ALIGN_HOLD","33229","-32","-175.78125","1","1000","3000000","60000","49006","49006","0","2935","1329","1484"
"603","ALIGN_HOLD","33227","-34","-186.767578125","-2","-2000","-3000000","60000","49007","49007","0","2935","1329","1394"
"604","ALIGN_HOLD","33231","-30","-164.794921875","4","4000","6000000","60000","49008","49008","0","2935","1329","1304"
"605","ALIGN_HOLD","33229","-32","-175.78125","-2","-2000","-6000000","60000","49009","49009","0","2935","1329","1214"
"606","ALIGN_HOLD","33228","-33","-181.2744140625","-1","-1000","1000000","60000","49010","49010","0","2935","1329","1124"
"607","ALIGN_HOLD","33227","-34","-186.767578125","-1","-1000","0","60000","49011","49011","0","2935","1329","1034"
"608","ALIGN_HOLD","33229","-32","-175.78125","2","2000","3000000","60000","49012","49012","0","2935","1329","944"
"609","ALIGN_HOLD","33228","-33","-181.2744140625","-1","-1000","-3000000","60000","49013","49013","0","2935","1329","854"
"610","ALIGN_HOLD","33227","-34","-186.767578125","-1","-1000","0","60000","49014","49014","0","2935","1329","764"
"611","ALIGN_HOLD","33227","-34","-186.767578125","0","0","1000000","60000","49015","49015","0","2935","1329","674"
"612","ALIGN_HOLD","33228","-33","-181.2744140625","1","1000","1000000","60000","49016","49016","0","2935","1329","584"
"613","ALIGN_HOLD","33228","-33","-181.2744140625","0","0","-1000000","60000","49017","49017","0","2935","1329","494"
"614","ALIGN_HOLD","33232","-29","-159.3017578125","4","4000","4000000","60000","49018","49018","0","2935","1329","404"
"615","ALIGN_HOLD","33232","-29","-159.3017578125","0","0","-4000000","60000","49019","49019","0","2935","1329","314"
"616","ALIGN_HOLD","33230","-31","-170.2880859375","-2","-2000","-2000000","60000","49020","49020","0","2935","1329","224"
"617","ALIGN_HOLD","33230","-31","-170.2880859375","0","0","2000000","60000","49021","49021","0","2935","1329","134"
"618","ALIGN_HOLD","33230","-31","-170.2880859375","0","0","0","60000","49022","49022","0","2935","1329","44"
"619","ALIGN_HOLD","33228","-33","-181.2744140625","-2","-2000","-2000000","60000","49023","49023","0","2935","1329","2109"
"620","ALIGN_HOLD","33229","-32","-175.78125","1","1000","3000000","60000","49024","49024","0","2935","1329","2019"
"621","ALIGN_HOLD","33228","-33","-181.2744140625","-1","-1000","-2000000","60000","49025","49025","0","2935","1329","1929"
"622","ALIGN_HOLD","33230","-31","-170.2880859375","2","2000","3000000","60000","49026","49026","0","2935","1329","1839"
"623","ALIGN_HOLD","33229","-32","-175.78125","-1","-1000","-3000000","60000","49027","49027","0","2935","1329","1749"
"624","ALIGN_HOLD","33232","-29","-159.3017578125","3","3000","4000000","60000","49028","49028","0","2935","1329","1659"
"625","ALIGN_HOLD","33227","-34","-186.767578125","-5","-5000","-8000000","60000","49029","49029","0","2935","1329","1569"
"626","ALIGN_HOLD","33225","-36","-197.75390625","-2","-2000","3000000","60000","49030","49030","0","2935","1329","1479"
"627","ALIGN_HOLD","33227","-34","-186.767578125","2","2000","4000000","60000","49031","49031","0","2935","1329","1389"
"628","ALIGN_HOLD","33229","-32","-175.78125","2","2000","0","60000","49032","49032","0","2935","1329","1299"
"629","ALIGN_HOLD","33230","-31","-170.2880859375","1","1000","-1000000","60000","49033","49033","0","2935","1329","1209"
"630","ALIGN_HOLD","33227","-34","-186.767578125","-3","-3000","-4000000","60000","49034","49034","0","2935","1329","1119"
"631","ALIGN_HOLD","33231","-30","-164.794921875","4","4000","7000000","60000","49035","49035","0","2935","1329","1029"
"632","ALIGN_HOLD","33227","-34","-186.767578125","-4","-4000","-8000000","60000","49036","49036","0","2935","1329","939"
"633","ALIGN_HOLD","33228","-33","-181.2744140625","1","1000","5000000","60000","49037","49037","0","2935","1329","849"
"634","ALIGN_HOLD","33225","-36","-197.75390625","-3","-3000","-4000000","60000","49038","49038","0","2935","1329","759"
"635","ALIGN_HOLD","33227","-34","-186.767578125","2","2000","5000000","60000","49039","49039","0","2935","1329","669"
"636","ALIGN_HOLD","33229","-32","-175.78125","2","2000","0","60000","49040","49040","0","2935","1329","579"
"637","ALIGN_HOLD","33230","-31","-170.2880859375","1","1000","-1000000","60000","49041","49041","0","2935","1329","489"
"638","ALIGN_HOLD","33227","-34","-186.767578125","-3","-3000","-4000000","60000","49042","49042","0","2935","1329","399"
"639","ALIGN_HOLD","33230","-31","-170.2880859375","3","3000","6000000","60000","49043","49043","0","2935","1329","309"
"640","ALIGN_HOLD","33228","-33","-181.2744140625","-2","-2000","-5000000","60000","49044","49044","0","2935","1329","219"
"641","ALIGN_HOLD","33229","-32","-175.78125","1","1000","3000000","60000","49045","49045","0","2935","1329","129"
"642","ALIGN_HOLD","33228","-33","-181.2744140625","-1","-1000","-2000000","60000","49046","49046","0","2935","1329","39"
"643","ALIGN_HOLD","33228","-33","-181.2744140625","0","0","1000000","60000","49047","49047","0","2935","1329","2104"
"644","ALIGN_HOLD","33227","-34","-186.767578125","-1","-1000","-1000000","60000","49048","49048","0","2935","1329","2014"
"645","ALIGN_HOLD","33226","-35","-192.2607421875","-1","-1000","0","60000","49049","49049","0","2935","1329","1924"
"646","ALIGN_HOLD","33227","-34","-186.767578125","1","1000","2000000","60000","49050","49050","0","2935","1329","1834"
"647","ALIGN_HOLD","33224","-37","-203.2470703125","-3","-3000","-4000000","60000","49051","49051","0","2935","1329","1744"
"648","ALIGN_HOLD","33228","-33","-181.2744140625","4","4000","7000000","60000","49052","49052","0","2935","1329","1654"
"649","ALIGN_HOLD","33229","-32","-175.78125","1","1000","-3000000","60000","49053","49053","0","2935","1329","1564"
"650","ALIGN_HOLD","33227","-34","-186.767578125","-2","-2000","-3000000","60000","49054","49054","0","2935","1329","1474"
"651","ALIGN_HOLD","33229","-32","-175.78125","2","2000","4000000","60000","49055","49055","0","2935","1329","1384"
"652","ALIGN_HOLD","33230","-31","-170.2880859375","1","1000","-1000000","60000","49056","49056","0","2935","1329","1294"
"653","ALIGN_HOLD","33231","-30","-164.794921875","1","1000","0","60000","49057","49057","0","2935","1329","1204"
"654","ALIGN_HOLD","33227","-34","-186.767578125","-4","-4000","-5000000","60000","49058","49058","0","2935","1329","1114"
"655","ALIGN_HOLD","33233","-28","-153.80859375","6","6000","10000000","60000","49059","49059","0","2935","1329","1024"
"656","ALIGN_HOLD","33229","-32","-175.78125","-4","-4000","-10000000","60000","49060","49060","0","2935","1329","934"
"657","ALIGN_HOLD","33226","-35","-192.2607421875","-3","-3000","1000000","60000","49061","49061","0","2935","1329","844"
"658","ALIGN_HOLD","33226","-35","-192.2607421875","0","0","3000000","60000","49062","49062","0","2935","1329","754"
"659","ALIGN_HOLD","33229","-32","-175.78125","3","3000","3000000","60000","49063","49063","0","2935","1329","664"
"660","ALIGN_HOLD","33231","-30","-164.794921875","2","2000","-1000000","60000","49064","49064","0","2935","1329","574"
"661","ALIGN_HOLD","33227","-34","-186.767578125","-4","-4000","-6000000","60000","49065","49065","0","2935","1329","484"
"662","ALIGN_HOLD","33229","-32","-175.78125","2","2000","6000000","60000","49066","49066","0","2935","1329","394"
"663","ALIGN_HOLD","33223","-38","-208.740234375","-6","-6000","-8000000","60000","49067","49067","0","2935","1329","304"
"664","ALIGN_HOLD","33229","-32","-175.78125","6","6000","12000000","60000","49068","49068","0","2935","1329","214"
"665","ALIGN_HOLD","33227","-34","-186.767578125","-2","-2000","-8000000","60000","49069","49069","0","2935","1329","124"
"666","ALIGN_HOLD","33229","-32","-175.78125","2","2000","4000000","60000","49070","49070","0","2935","1329","34"
"667","ALIGN_HOLD","33226","-35","-192.2607421875","-3","-3000","-5000000","60000","49071","49071","0","2935","1329","2099"
"668","ALIGN_HOLD","33227","-34","-186.767578125","1","1000","4000000","60000","49072","49072","0","2935","1329","2009"
"669","ALIGN_HOLD","33228","-33","-181.2744140625","1","1000","0","60000","49073","49073","0","2935","1329","1919"
"670","ALIGN_HOLD","33229","-32","-175.78125","1","1000","0","60000","49074","49074","0","2935","1329","1829"
"671","ALIGN_HOLD","33229","-32","-175.78125","0","0","-1000000","60000","49075","49075","0","2935","1329","1739"
"672","ALIGN_HOLD","33230","-31","-170.2880859375","1","1000","1000000","60000","49076","49076","0","2935","1329","1649"
"673","ALIGN_HOLD","33229","-32","-175.78125","-1","-1000","-2000000","60000","49077","49077","0","2935","1329","1559"
"674","ALIGN_HOLD","33227","-34","-186.767578125","-2","-2000","-1000000","60000","49078","49078","0","2935","1329","1469"
"675","ALIGN_HOLD","33226","-35","-192.2607421875","-1","-1000","1000000","60000","49079","49079","0","2935","1329","1379"
"676","ALIGN_HOLD","33227","-34","-186.767578125","1","1000","2000000","60000","49080","49080","0","2935","1329","1289"
"677","ALIGN_HOLD","33229","-32","-175.78125","2","2000","1000000","60000","49081","49081","0","2935","1329","1199"
"678","ALIGN_HOLD","33232","-29","-159.3017578125","3","3000","1000000","60000","49082","49082","0","2935","1329","1109"
"679","ALIGN_HOLD","33228","-33","-181.2744140625","-4","-4000","-7000000","60000","49083","49083","0","2935","1329","1019"
"680","ALIGN_HOLD","33224","-37","-203.2470703125","-4","-4000","0","60000","49084","49084","0","2935","1329","929"
"681","ALIGN_HOLD","33223","-38","-208.740234375","-1","-1000","3000000","60000","49085","49085","0","2935","1329","839"
"682","ALIGN_HOLD","33226","-35","-192.2607421875","3","3000","4000000","60000","49086","49086","0","2935","1329","749"
"683","ALIGN_HOLD","33230","-31","-170.2880859375","4","4000","1000000","60000","49087","49087","0","2935","1329","659"
"684","ALIGN_HOLD","33227","-34","-186.767578125","-3","-3000","-7000000","60000","49088","49088","0","2935","1329","569"
"685","ALIGN_HOLD","33226","-35","-192.2607421875","-1","-1000","2000000","60000","49089","49089","0","2935","1329","479"
"686","ALIGN_HOLD","33229","-32","-175.78125","3","3000","4000000","60000","49090","49090","0","2935","1329","389"
"687","ALIGN_HOLD","33230","-31","-170.2880859375","1","1000","-2000000","60000","49091","49091","0","2935","1329","299"
"688","ALIGN_HOLD","33230","-31","-170.2880859375","0","0","-1000000","60000","49092","49092","0","2935","1329","209"
"689","ALIGN_HOLD","33229","-32","-175.78125","-1","-1000","-1000000","60000","49093","49093","0","2935","1329","119"
"690","ALIGN_HOLD","33224","-37","-203.2470703125","-5","-5000","-4000000","60000","49094","49094","0","2935","1329","29"
"691","ALIGN_HOLD","33230","-31","-170.2880859375","6","6000","11000000","60000","49095","49095","0","2935","1329","2094"
"692","ALIGN_HOLD","33227","-34","-186.767578125","-3","-3000","-9000000","60000","49096","49096","0","2935","1329","2004"
"693","ALIGN_HOLD","33228","-33","-181.2744140625","1","1000","4000000","60000","49097","49097","0","2935","1329","1914"
"694","ALIGN_HOLD","33227","-34","-186.767578125","-1","-1000","-2000000","60000","49098","49098","0","2935","1329","1824"
"695","ALIGN_HOLD","33228","-33","-181.2744140625","1","1000","2000000","60000","49099","49099","0","2935","1329","1734"
"696","ALIGN_HOLD","33228","-33","-181.2744140625","0","0","-1000000","60000","49100","49100","0","2935","1329","1644"
"697","ALIGN_HOLD","33232","-29","-159.3017578125","4","4000","4000000","60000","49101","49101","0","2935","1329","1554"
"698","ALIGN_HOLD","33230","-31","-170.2880859375","-2","-2000","-6000000","60000","49102","49102","0","2935","1329","1464"
"699","ALIGN_HOLD","33226","-35","-192.2607421875","-4","-4000","-2000000","60000","49103","49103","0","2935","1329","1374"
"700","ALIGN_HOLD","33228","-33","-181.2744140625","2","2000","6000000","60000","49104","49104","0","2935","1329","1284"
"701","ALIGN_HOLD","33230","-31","-170.2880859375","2","2000","0","60000","49105","49105","0","2935","1329","1194"
"702","ALIGN_HOLD","33232","-29","-159.3017578125","2","2000","0","60000","49106","49106","0","2935","1329","1104"
"703","ALIGN_HOLD","33226","-35","-192.2607421875","-6","-6000","-8000000","60000","49107","49107","0","2935","1329","1014"
"704","ALIGN_HOLD","33225","-36","-197.75390625","-1","-1000","5000000","60000","49108","49108","0","2935","1329","924"
"705","ALIGN_HOLD","33230","-31","-170.2880859375","5","5000","6000000","60000","49109","49109","0","2935","1329","834"
"706","ALIGN_HOLD","33226","-35","-192.2607421875","-4","-4000","-9000000","60000","49110","49110","0","2935","1329","744"
"707","ALIGN_HOLD","33228","-33","-181.2744140625","2","2000","6000000","60000","49111","49111","0","2935","1329","654"
"708","ALIGN_HOLD","33230","-31","-170.2880859375","2","2000","0","60000","49112","49112","0","2935","1329","564"
"709","ALIGN_HOLD","33227","-34","-186.767578125","-3","-3000","-5000000","60000","49113","49113","0","2935","1329","474"
"710","ALIGN_HOLD","33228","-33","-181.2744140625","1","1000","4000000","60000","49114","49114","0","2935","1329","384"
"711","ALIGN_HOLD","33227","-34","-186.767578125","-1","-1000","-2000000","60000","49115","49115","0","2935","1329","294"
"712","ALIGN_HOLD","33231","-30","-164.794921875","4","4000","5000000","60000","49116","49116","0","2935","1329","204"
"713","ALIGN_HOLD","33225","-36","-197.75390625","-6","-6000","-10000000","60000","49117","49117","0","2935","1329","114"
"714","ALIGN_HOLD","33231","-30","-164.794921875","6","6000","12000000","60000","49118","49118","0","2935","1329","24"
"715","ALIGN_HOLD","33227","-34","-186.767578125","-4","-4000","-10000000","60000","49119","49119","0","2935","1329","2089"
"716","ALIGN_HOLD","33229","-32","-175.78125","2","2000","6000000","60000","49120","49120","0","2935","1329","1999"
"717","ALIGN_HOLD","33228","-33","-181.2744140625","-1","-1000","-3000000","60000","49121","49121","0","2935","1329","1909"
"718","ALIGN_HOLD","33228","-33","-181.2744140625","0","0","1000000","60000","49122","49122","0","2935","1329","1819"
"719","ALIGN_HOLD","33230","-31","-170.2880859375","2","2000","2000000","60000","49123","49123","0","2935","1329","1729"
"720","ALIGN_HOLD","33229","-32","-175.78125","-1","-1000","-3000000","60000","49124","49124","0","2935","1329","1639"
"721","ALIGN_HOLD","33227","-34","-186.767578125","-2","-2000","-1000000","60000","49125","49125","0","2935","1329","1549"
"722","ALIGN_HOLD","33226","-35","-192.2607421875","-1","-1000","1000000","60000","49126","49126","0","2935","1329","1459"
"723","ALIGN_HOLD","33228","-33","-181.2744140625","2","2000","3000000","60000","49127","49127","0","2935","1329","1369"
"724","ALIGN_HOLD","33230","-31","-170.2880859375","2","2000","0","60000","49128","49128","0","2935","1329","1279"
"725","ALIGN_HOLD","33226","-35","-192.2607421875","-4","-4000","-6000000","60000","49129","49129","0","2935","1329","1189"
"726","ALIGN_HOLD","33229","-32","-175.78125","3","3000","7000000","60000","49130","49130","0","2935","1329","1099"
"727","ALIGN_HOLD","33228","-33","-181.2744140625","-1","-1000","-4000000","60000","49131","49131","0","2935","1329","1009"
"728","ALIGN_HOLD","33231","-30","-164.794921875","3","3000","4000000","60000","49132","49132","0","2935","1329","919"
"729","ALIGN_HOLD","33230","-31","-170.2880859375","-1","-1000","-4000000","60000","49133","49133","0","2935","1329","829"
"730","ALIGN_HOLD","33229","-32","-175.78125","-1","-1000","0","60000","49134","49134","0","2935","1329","739"
"731","ALIGN_HOLD","33228","-33","-181.2744140625","-1","-1000","0","60000","49135","49135","0","2935","1329","649"
"732","ALIGN_HOLD","33226","-35","-192.2607421875","-2","-2000","-1000000","60000","49136","49136","0","2935","1329","559"
"733","ALIGN_HOLD","33228","-33","-181.2744140625","2","2000","4000000","60000","49137","49137","0","2935","1329","469"
"734","ALIGN_HOLD","33226","-35","-192.2607421875","-2","-2000","-4000000","60000","49138","49138","0","2935","1329","379"
"735","ALIGN_HOLD","33226","-35","-192.2607421875","0","0","2000000","60000","49139","49139","0","2935","1329","289"
"736","ALIGN_HOLD","33228","-33","-181.2744140625","2","2000","2000000","60000","49140","49140","0","2935","1329","199"
"737","ALIGN_HOLD","33233","-28","-153.80859375","5","5000","3000000","60000","49141","49141","0","2935","1329","109"
"738","ALIGN_HOLD","33225","-36","-197.75390625","-8","-8000","-13000000","60000","49142","49142","0","2935","1329","19"
"739","ALIGN_HOLD","33228","-33","-181.2744140625","3","3000","11000000","60000","49143","49143","0","2935","1329","2084"
"740","ALIGN_HOLD","33228","-33","-181.2744140625","0","0","-3000000","60000","49144","49144","0","2935","1329","1994"
"741","ALIGN_HOLD","33227","-34","-186.767578125","-1","-1000","-1000000","60000","49145","49145","0","2935","1329","1904"
"742","ALIGN_HOLD","33228","-33","-181.2744140625","1","1000","2000000","60000","49146","49146","0","2935","1329","1814"
"743","ALIGN_HOLD","33231","-30","-164.794921875","3","3000","2000000","60000","49147","49147","0","2935","1329","1724"
"744","ALIGN_HOLD","33228","-33","-181.2744140625","-3","-3000","-6000000","60000","49148","49148","0","2935","1329","1634"
"745","ALIGN_HOLD","33228","-33","-181.2744140625","0","0","3000000","60000","49149","49149","0","2935","1329","1544"
"746","ALIGN_HOLD","33228","-33","-181.2744140625","0","0","0","60000","49150","49150","0","2935","1329","1454"
"747","ALIGN_HOLD","33228","-33","-181.2744140625","0","0","0","60000","49151","49151","0","2935","1329","1364"
"748","ALIGN_HOLD","33230","-31","-170.2880859375","2","2000","2000000","60000","49152","49152","0","2935","1329","1274"
"749","ALIGN_HOLD","33227","-34","-186.767578125","-3","-3000","-5000000","60000","49153","49153","0","2935","1329","1184"
"750","ALIGN_HOLD","33232","-29","-159.3017578125","5","5000","8000000","60000","49154","49154","0","2935","1329","1094"
"751","ALIGN_HOLD","33226","-35","-192.2607421875","-6","-6000","-11000000","60000","49155","49155","0","2935","1329","1004"
"752","ALIGN_HOLD","33232","-29","-159.3017578125","6","6000","12000000","60000","49156","49156","0","2935","1329","914"
"753","ALIGN_HOLD","33226","-35","-192.2607421875","-6","-6000","-12000000","60000","49157","49157","0","2935","1329","824"
"754","ALIGN_HOLD","33230","-31","-170.2880859375","4","4000","10000000","60000","49158","49158","0","2935","1329","734"
"755","ALIGN_HOLD","33228","-33","-181.2744140625","-2","-2000","-6000000","60000","49159","49159","0","2935","1329","644"
"756","ALIGN_HOLD","33230","-31","-170.2880859375","2","2000","4000000","60000","49160","49160","0","2935","1329","554"
"757","ALIGN_HOLD","33227","-34","-186.767578125","-3","-3000","-5000000","60000","49161","49161","0","2935","1329","464"
"758","ALIGN_HOLD","33229","-32","-175.78125","2","2000","5000000","60000","49162","49162","0","2935","1329","374"
"759","ALIGN_HOLD","33225","-36","-197.75390625","-4","-4000","-6000000","60000","49163","49163","0","2935","1329","284"
"760","ALIGN_HOLD","33226","-35","-192.2607421875","1","1000","5000000","60000","49164","49164","0","2935","1329","194"
"761","ALIGN_HOLD","33227","-34","-186.767578125","1","1000","0","60000","49165","49165","0","2935","1329","104"
"762","ALIGN_HOLD","33229","-32","-175.78125","2","2000","1000000","60000","49166","49166","0","2935","1329","14"
"763","ALIGN_HOLD","33225","-36","-197.75390625","-4","-4000","-6000000","60000","49167","49167","0","2935","1329","2079"
"764","ALIGN_HOLD","33230","-31","-170.2880859375","5","5000","9000000","60000","49168","49168","0","2935","1329","1989"
"765","ALIGN_HOLD","33230","-31","-170.2880859375","0","0","-5000000","60000","49169","49169","0","2935","1329","1899"
"766","ALIGN_HOLD","33226","-35","-192.2607421875","-4","-4000","-4000000","60000","49170","49170","0","2935","1329","1809"
"767","ALIGN_HOLD","33231","-30","-164.794921875","5","5000","9000000","60000","49171","49171","0","2935","1329","1719"
"768","ALIGN_HOLD","33230","-31","-170.2880859375","-1","-1000","-6000000","60000","49172","49172","0","2935","1329","1629"
"769","ALIGN_HOLD","33228","-33","-181.2744140625","-2","-2000","-1000000","60000","49173","49173","0","2935","1329","1539"
"770","ALIGN_HOLD","33225","-36","-197.75390625","-3","-3000","-1000000","60000","49174","49174","0","2935","1329","1449"
"771","ALIGN_HOLD","33229","-32","-175.78125","4","4000","7000000","60000","49175","49175","0","2935","1329","1359"
"772","ALIGN_HOLD","33227","-34","-186.767578125","-2","-2000","-6000000","60000","49176","49176","0","2935","1329","1269"
"773","ALIGN_HOLD","33229","-32","-175.78125","2","2000","4000000","60000","49177","49177","0","2935","1329","1179"
"774","ALIGN_HOLD","33228","-33","-181.2744140625","-1","-1000","-3000000","60000","49178","49178","0","2935","1329","1089"
"775","ALIGN_HOLD","33228","-33","-181.2744140625","0","0","1000000","60000","49179","49179","0","2935","1329","999"
"776","ALIGN_HOLD","33228","-33","-181.2744140625","0","0","0","60000","49180","49180","0","2935","1329","909"
"777","ALIGN_HOLD","33228","-33","-181.2744140625","0","0","0","60000","49181","49181","0","2935","1329","819"
"778","ALIGN_HOLD","33228","-33","-181.2744140625","0","0","0","60000","49182","49182","0","2935","1329","729"
"779","ALIGN_HOLD","33225","-36","-197.75390625","-3","-3000","-3000000","60000","49183","49183","0","2935","1329","639"
"780","ALIGN_HOLD","33232","-29","-159.3017578125","7","7000","10000000","60000","49184","49184","0","2935","1329","549"
"781","ALIGN_HOLD","33227","-34","-186.767578125","-5","-5000","-12000000","60000","49185","49185","0","2935","1329","459"
"782","ALIGN_HOLD","33227","-34","-186.767578125","0","0","5000000","60000","49186","49186","0","2935","1329","369"
"783","ALIGN_HOLD","33231","-30","-164.794921875","4","4000","4000000","60000","49187","49187","0","2935","1329","279"
"784","ALIGN_HOLD","33226","-35","-192.2607421875","-5","-5000","-9000000","60000","49188","49188","0","2935","1329","189"
"785","ALIGN_HOLD","33229","-32","-175.78125","3","3000","8000000","60000","49189","49189","0","2935","1329","99"
"786","ALIGN_HOLD","33227","-34","-186.767578125","-2","-2000","-5000000","60000","49190","49190","0","2935","1329","9"
"787","ALIGN_HOLD","33226","-35","-192.2607421875","-1","-1000","1000000","60000","49191","49191","0","2935","1329","2074"
"788","ALIGN_HOLD","33226","-35","-192.2607421875","0","0","1000000","60000","49192","49192","0","2935","1329","1984"
"789","ALIGN_HOLD","33230","-31","-170.2880859375","4","4000","4000000","60000","49193","49193","0","2935","1329","1894"
"790","ALIGN_HOLD","33226","-35","-192.2607421875","-4","-4000","-8000000","60000","49194","49194","0","2935","1329","1804"
"791","ALIGN_HOLD","33230","-31","-170.2880859375","4","4000","8000000","60000","49195","49195","0","2935","1329","1714"
"792","ALIGN_HOLD","33228","-33","-181.2744140625","-2","-2000","-6000000","60000","49196","49196","0","2935","1329","1624"
"793","ALIGN_HOLD","33227","-34","-186.767578125","-1","-1000","1000000","60000","49197","49197","0","2935","1329","1534"
"794","ALIGN_HOLD","33229","-32","-175.78125","2","2000","3000000","60000","49198","49198","0","2935","1329","1444"
"795","ALIGN_HOLD","33228","-33","-181.2744140625","-1","-1000","-3000000","60000","49199","49199","0","2935","1329","1354"
"796","ALIGN_HOLD","33230","-31","-170.2880859375","2","2000","3000000","60000","49200","49200","0","2935","1329","1264"
"797","ALIGN_HOLD","33229","-32","-175.78125","-1","-1000","-3000000","60000","49201","49201","0","2935","1329","1174"
"798","ALIGN_HOLD","33226","-35","-192.2607421875","-3","-3000","-2000000","60000","49202","49202","0","2935","1329","1084"
"799","ALIGN_HOLD","33228","-33","-181.2744140625","2","2000","5000000","60000","49203","49203","0","2935","1329","994"
"800","ALIGN_HOLD","33226","-35","-192.2607421875","-2","-2000","-4000000","60000","49204","49204","0","2935","1329","970"
"801","ALIGN_HOLD","33228","-33","-181.2744140625","2","2000","4000000","60000","49205","49205","0","2935","1329","814"
"802","ALIGN_HOLD","33230","-31","-170.2880859375","2","2000","0","60000","49206","49206","0","2935","1329","724"
"803","ALIGN_HOLD","33226","-35","-192.2607421875","-4","-4000","-6000000","60000","49207","49207","0","2935","1329","634"
"804","ALIGN_HOLD","33229","-32","-175.78125","3","3000","7000000","60000","49208","49208","0","2935","1329","544"
"805","ALIGN_HOLD","33233","-28","-153.80859375","4","4000","1000000","60000","49209","49209","0","2935","1329","454"
"806","ALIGN_HOLD","33233","-28","-153.80859375","0","0","-4000000","60000","49210","49210","0","2935","1329","364"
"807","ALIGN_HOLD","33228","-33","-181.2744140625","-5","-5000","-5000000","60000","49211","49211","0","2935","1329","274"
"808","ALIGN_HOLD","33228","-33","-181.2744140625","0","0","5000000","60000","49212","49212","0","2935","1329","184"
"809","ALIGN_HOLD","33227","-34","-186.767578125","-1","-1000","-1000000","60000","49213","49213","0","2935","1329","94"
"810","ALIGN_HOLD","33230","-31","-170.2880859375","3","3000","4000000","60000","49214","49214","0","2935","1329","4"
"811","ALIGN_HOLD","33227","-34","-186.767578125","-3","-3000","-6000000","60000","49215","49215","0","2935","1329","2069"
"812","ALIGN_HOLD","33228","-33","-181.2744140625","1","1000","4000000","60000","49216","49216","0","2935","1329","1979"
"813","ALIGN_HOLD","33229","-32","-175.78125","1","1000","0","60000","49217","49217","0","2935","1329","1889"
"814","ALIGN_HOLD","33232","-29","-159.3017578125","3","3000","2000000","60000","49218","49218","0","2935","1329","1799"
"815","ALIGN_HOLD","33226","-35","-192.2607421875","-6","-6000","-9000000","60000","49219","49219","0","2935","1329","1709"
"816","ALIGN_HOLD","33229","-32","-175.78125","3","3000","9000000","60000","49220","49220","0","2935","1329","1619"
"817","ALIGN_HOLD","33229","-32","-175.78125","0","0","-3000000","60000","49221","49221","0","2935","1329","1529"
"818","ALIGN_HOLD","33230","-31","-170.2880859375","1","1000","1000000","60000","49222","49222","0","2935","1329","1439"
"819","ALIGN_HOLD","33230","-31","-170.2880859375","0","0","-1000000","60000","49223","49223","0","2935","1329","1349"
"820","ALIGN_HOLD","33226","-35","-192.2607421875","-4","-4000","-4000000","60000","49224","49224","0","2935","1329","1259"
"821","ALIGN_HOLD","33230","-31","-170.2880859375","4","4000","8000000","60000","49225","49225","0","2935","1329","1169"
"822","ALIGN_HOLD","33231","-30","-164.794921875","1","1000","-3000000","60000","49226","49226","0","2935","1329","1079"
"823","ALIGN_HOLD","33229","-32","-175.78125","-2","-2000","-3000000","60000","49227","49227","0","2935","1329","989"
"824","ALIGN_HOLD","33230","-31","-170.2880859375","1","1000","3000000","60000","49228","49228","0","2935","1329","899"
"825","ALIGN_HOLD","33228","-33","-181.2744140625","-2","-2000","-3000000","60000","49229","49229","0","2935","1329","809"
"826","ALIGN_HOLD","33229","-32","-175.78125","1","1000","3000000","60000","49230","49230","0","2935","1329","719"
"827","ALIGN_HOLD","33227","-34","-186.767578125","-2","-2000","-3000000","60000","49231","49231","0","2935","1329","629"
"828","ALIGN_HOLD","33230","-31","-170.2880859375","3","3000","5000000","60000","49232","49232","0","2935","1329","539"
"829","ALIGN_HOLD","33228","-33","-181.2744140625","-2","-2000","-5000000","60000","49233","49233","0","2935","1329","449"
"830","ALIGN_HOLD","33232","-29","-159.3017578125","4","4000","6000000","60000","49234","49234","0","2935","1329","359"
"831","ALIGN_HOLD","33228","-33","-181.2744140625","-4","-4000","-8000000","60000","49235","49235","0","2935","1329","269"
"832","ALIGN_HOLD","33233","-28","-153.80859375","5","5000","9000000","60000","49236","49236","0","2935","1329","179"
"833","ALIGN_HOLD","33228","-33","-181.2744140625","-5","-5000","-10000000","60000","49237","49237","0","2935","1329","89"
"834","ALIGN_HOLD","33231","-30","-164.794921875","3","3000","8000000","60000","49238","49238","0","2935","1329","2154"
"835","ALIGN_HOLD","33233","-28","-153.80859375","2","2000","-1000000","60000","49239","49239","0","2935","1329","2064"
"836","ALIGN_HOLD","33227","-34","-186.767578125","-6","-6000","-8000000","60000","49240","49240","0","2935","1329","1974"
"837","ALIGN_HOLD","33228","-33","-181.2744140625","1","1000","7000000","60000","49241","49241","0","2935","1329","1884"
"838","ALIGN_HOLD","33231","-30","-164.794921875","3","3000","2000000","60000","49242","49242","0","2935","1329","1794"
"839","ALIGN_HOLD","33230","-31","-170.2880859375","-1","-1000","-4000000","60000","49243","49243","0","2935","1329","1704"
"840","ALIGN_HOLD","33228","-33","-181.2744140625","-2","-2000","-1000000","60000","49244","49244","0","2935","1329","1614"
"841","ALIGN_HOLD","33228","-33","-181.2744140625","0","0","2000000","60000","49245","49245","0","2935","1329","1524"
"842","ALIGN_HOLD","33227","-34","-186.767578125","-1","-1000","-1000000","60000","49246","49246","0","2935","1329","1434"
"843","ALIGN_HOLD","33227","-34","-186.767578125","0","0","1000000","60000","49247","49247","0","2935","1329","1344"
"844","ALIGN_HOLD","33230","-31","-170.2880859375","3","3000","3000000","60000","49248","49248","0","2935","1329","1254"
"845","ALIGN_HOLD","33229","-32","-175.78125","-1","-1000","-4000000","60000","49249","49249","0","2935","1329","1164"
"846","ALIGN_HOLD","33229","-32","-175.78125","0","0","1000000","60000","49250","49250","0","2935","1329","1074"
"847","ALIGN_HOLD","33230","-31","-170.2880859375","1","1000","1000000","60000","49251","49251","0","2935","1329","984"
"848","ALIGN_HOLD","33229","-32","-175.78125","-1","-1000","-2000000","60000","49252","49252","0","2935","1329","894"
"849","ALIGN_HOLD","33227","-34","-186.767578125","-2","-2000","-1000000","60000","49253","49253","0","2935","1329","804"
"850","ALIGN_HOLD","33229","-32","-175.78125","2","2000","4000000","60000","49254","49254","0","2935","1329","714"
"851","ALIGN_HOLD","33228","-33","-181.2744140625","-1","-1000","-3000000","60000","49255","49255","0","2935","1329","624"
"852","ALIGN_HOLD","33228","-33","-181.2744140625","0","0","1000000","60000","49256","49256","0","2935","1329","534"
"853","ALIGN_HOLD","33228","-33","-181.2744140625","0","0","0","60000","49257","49257","0","2935","1329","444"
"854","ALIGN_HOLD","33229","-32","-175.78125","1","1000","1000000","60000","49258","49258","0","2935","1329","354"
"855","ALIGN_HOLD","33229","-32","-175.78125","0","0","-1000000","60000","49259","49259","0","2935","1329","264"
"856","ALIGN_HOLD","33229","-32","-175.78125","0","0","0","60000","49260","49260","0","2935","1329","174"
"857","ALIGN_HOLD","33227","-34","-186.767578125","-2","-2000","-2000000","60000","49261","49261","0","2935","1329","84"
"858","ALIGN_HOLD","33229","-32","-175.78125","2","2000","4000000","60000","49262","49262","0","2935","1329","2149"
"859","ALIGN_HOLD","33226","-35","-192.2607421875","-3","-3000","-5000000","60000","49263","49263","0","2935","1329","2059"
"860","ALIGN_HOLD","33231","-30","-164.794921875","5","5000","8000000","60000","49264","49264","0","2935","1329","1969"
"861","ALIGN_HOLD","33230","-31","-170.2880859375","-1","-1000","-6000000","60000","49265","49265","0","2935","1329","1879"
"862","ALIGN_HOLD","33228","-33","-181.2744140625","-2","-2000","-1000000","60000","49266","49266","0","2935","1329","1789"
"863","ALIGN_HOLD","33229","-32","-175.78125","1","1000","3000000","60000","49267","49267","0","2935","1329","1699"
"864","ALIGN_HOLD","33226","-35","-192.2607421875","-3","-3000","-4000000","60000","49268","49268","0","2935","1329","1609"
"865","ALIGN_HOLD","33231","-30","-164.794921875","5","5000","8000000","60000","49269","49269","0","2935","1329","1519"
"866","ALIGN_HOLD","33229","-32","-175.78125","-2","-2000","-7000000","60000","49270","49270","0","2935","1329","1429"
"867","ALIGN_HOLD","33228","-33","-181.2744140625","-1","-1000","1000000","60000","49271","49271","0","2935","1329","1339"
"868","ALIGN_HOLD","33229","-32","-175.78125","1","1000","2000000","60000","49272","49272","0","2935","1329","1249"
"869","ALIGN_HOLD","33230","-31","-170.2880859375","1","1000","0","60000","49273","49273","0","2935","1329","1159"
"870","ALIGN_HOLD","33228","-33","-181.2744140625","-2","-2000","-3000000","60000","49274","49274","0","2935","1329","1069"
"871","ALIGN_HOLD","33228","-33","-181.2744140625","0","0","2000000","60000","49275","49275","0","2935","1329","979"
"872","ALIGN_HOLD","33228","-33","-181.2744140625","0","0","0","60000","49276","49276","0","2935","1329","889"
"873","ALIGN_HOLD","33228","-33","-181.2744140625","0","0","0","60000","49277","49277","0","2935","1329","799"
"874","ALIGN_HOLD","33230","-31","-170.2880859375","2","2000","2000000","60000","49278","49278","0","2935","1329","709"
"875","ALIGN_HOLD","33230","-31","-170.2880859375","0","0","-2000000","60000","49279","49279","0","2935","1329","619"
"876","ALIGN_HOLD","33227","-34","-186.767578125","-3","-3000","-3000000","60000","49280","49280","0","2935","1329","529"
"877","ALIGN_HOLD","33230","-31","-170.2880859375","3","3000","6000000","60000","49281","49281","0","2935","1329","439"
"878","ALIGN_HOLD","33225","-36","-197.75390625","-5","-5000","-8000000","60000","49282","49282","0","2935","1329","349"
"879","ALIGN_HOLD","33232","-29","-159.3017578125","7","7000","12000000","60000","49283","49283","0","2935","1329","259"
"880","ALIGN_HOLD","33231","-30","-164.794921875","-1","-1000","-8000000","60000","49284","49284","0","2935","1329","169"
"881","ALIGN_HOLD","33229","-32","-175.78125","-2","-2000","-1000000","60000","49285","49285","0","2935","1329","79"
"882","ALIGN_HOLD","33228","-33","-181.2744140625","-1","-1000","1000000","60000","49286","49286","0","2935","1329","2144"
"883","ALIGN_HOLD","33228","-33","-181.2744140625","0","0","1000000","60000","49287","49287","0","2935","1329","2054"
"884","ALIGN_HOLD","33229","-32","-175.78125","1","1000","1000000","60000","49288","49288","0","2935","1329","1964"
"885","ALIGN_HOLD","33230","-31","-170.2880859375","1","1000","0","60000","49289","49289","0","2935","1329","1874"
"886","ALIGN_HOLD","33229","-32","-175.78125","-1","-1000","-2000000","60000","49290","49290","0","2935","1329","1784"
"887","ALIGN_HOLD","33229","-32","-175.78125","0","0","1000000","60000","49291","49291","0","2935","1329","1694"
"888","ALIGN_HOLD","33226","-35","-192.2607421875","-3","-3000","-3000000","60000","49292","49292","0","2935","1329","1604"
"889","ALIGN_HOLD","33229","-32","-175.78125","3","3000","6000000","60000","49293","49293","0","2935","1329","1514"
"890","ALIGN_HOLD","33230","-31","-170.2880859375","1","1000","-2000000","60000","49294","49294","0","2935","1329","1424"
"891","ALIGN_HOLD","33226","-35","-192.2607421875","-4","-4000","-5000000","60000","49295","49295","0","2935","1329","1334"
"892","ALIGN_HOLD","33226","-35","-192.2607421875","0","0","4000000","60000","49296","49296","0","2935","1329","1244"
"893","ALIGN_HOLD","33231","-30","-164.794921875","5","5000","5000000","60000","49297","49297","0","2935","1329","1154"
"894","ALIGN_HOLD","33227","-34","-186.767578125","-4","-4000","-9000000","60000","49298","49298","0","2935","1329","1064"
"895","ALIGN_HOLD","33228","-33","-181.2744140625","1","1000","5000000","60000","49299","49299","0","2935","1329","974"
"896","ALIGN_HOLD","33226","-35","-192.2607421875","-2","-2000","-3000000","60000","49300","49300","0","2935","1329","884"
"897","ALIGN_HOLD","33230","-31","-170.2880859375","4","4000","6000000","60000","49301","49301","0","2935","1329","794"
"898","ALIGN_HOLD","33229","-32","-175.78125","-1","-1000","-5000000","60000","49302","49302","0","2935","1329","704"
"899","ALIGN_HOLD","33227","-34","-186.767578125","-2","-2000","-1000000","60000","49303","49303","0","2935","1329","614"
"900","ALIGN_HOLD","33229","-32","-175.78125","2","2000","4000000","60000","49304","49304","0","2935","1329","524"
"901","ALIGN_HOLD","33229","-32","-175.78125","0","0","-2000000","60000","49305","49305","0","2935","1329","434"
"902","ALIGN_HOLD","33228","-33","-181.2744140625","-1","-1000","-1000000","60000","49306","49306","0","2935","1329","344"
"903","ALIGN_HOLD","33229","-32","-175.78125","1","1000","2000000","60000","49307","49307","0","2935","1329","254"
"904","ALIGN_HOLD","33229","-32","-175.78125","0","0","-1000000","60000","49308","49308","0","2935","1329","164"
"905","ALIGN_HOLD","33226","-35","-192.2607421875","-3","-3000","-3000000","60000","49309","49309","0","2935","1329","74"
"906","ALIGN_HOLD","33231","-30","-164.794921875","5","5000","8000000","60000","49310","49310","0","2935","1329","2139"
"907","ALIGN_HOLD","33227","-34","-186.767578125","-4","-4000","-9000000","60000","49311","49311","0","2935","1329","2049"
"908","ALIGN_HOLD","33228","-33","-181.2744140625","1","1000","5000000","60000","49312","49312","0","2935","1329","1959"
"909","ALIGN_HOLD","33232","-29","-159.3017578125","4","4000","3000000","60000","49313","49313","0","2935","1329","1869"
"910","ALIGN_HOLD","33228","-33","-181.2744140625","-4","-4000","-8000000","60000","49314","49314","0","2935","1329","1779"
"911","ALIGN_HOLD","33229","-32","-175.78125","1","1000","5000000","60000","49315","49315","0","2935","1329","1689"
"912","ALIGN_HOLD","33226","-35","-192.2607421875","-3","-3000","-4000000","60000","49316","49316","0","2935","1329","1599"
"913","ALIGN_HOLD","33228","-33","-181.2744140625","2","2000","5000000","60000","49317","49317","0","2935","1329","1509"
"914","ALIGN_HOLD","33228","-33","-181.2744140625","0","0","-2000000","60000","49318","49318","0","2935","1329","1419"
"915","ALIGN_HOLD","33229","-32","-175.78125","1","1000","1000000","60000","49319","49319","0","2935","1329","1329"
"916","ALIGN_HOLD","33231","-30","-164.794921875","2","2000","1000000","60000","49320","49320","0","2935","1329","1239"
"917","ALIGN_HOLD","33232","-29","-159.3017578125","1","1000","-1000000","60000","49321","49321","0","2935","1329","1149"
"918","ALIGN_HOLD","33225","-36","-197.75390625","-7","-7000","-8000000","60000","49322","49322","0","2935","1329","1059"
"919","ALIGN_HOLD","33230","-31","-170.2880859375","5","5000","12000000","60000","49323","49323","0","2935","1329","969"
"920","ALIGN_HOLD","33231","-30","-164.794921875","1","1000","-4000000","60000","49324","49324","0","2935","1329","879"
"921","ALIGN_HOLD","33229","-32","-175.78125","-2","-2000","-3000000","60000","49325","49325","0","2935","1329","789"
"922","ALIGN_HOLD","33229","-32","-175.78125","0","0","2000000","60000","49326","49326","0","2935","1329","699"
"923","ALIGN_HOLD","33227","-34","-186.767578125","-2","-2000","-2000000","60000","49327","49327","0","2935","1329","609"
"924","ALIGN_HOLD","33230","-31","-170.2880859375","3","3000","5000000","60000","49328","49328","0","2935","1329","519"
"925","ALIGN_HOLD","33227","-34","-186.767578125","-3","-3000","-6000000","60000","49329","49329","0","2935","1329","429"
"926","ALIGN_HOLD","33227","-34","-186.767578125","0","0","3000000","60000","49330","49330","0","2935","1329","339"
"927","ALIGN_HOLD","33231","-30","-164.794921875","4","4000","4000000","60000","49331","49331","0","2935","1329","249"
"928","ALIGN_HOLD","33230","-31","-170.2880859375","-1","-1000","-5000000","60000","49332","49332","0","2935","1329","159"
"929","ALIGN_HOLD","33226","-35","-192.2607421875","-4","-4000","-3000000","60000","49333","49333","0","2935","1329","69"
"930","ALIGN_HOLD","33230","-31","-170.2880859375","4","4000","8000000","60000","49334","49334","0","2935","1329","2134"
"931","ALIGN_HOLD","33228","-33","-181.2744140625","-2","-2000","-6000000","60000","49335","49335","0","2935","1329","2044"
"932","ALIGN_HOLD","33227","-34","-186.767578125","-1","-1000","1000000","60000","49336","49336","0","2935","1329","1954"
"933","ALIGN_HOLD","33232","-29","-159.3017578125","5","5000","6000000","60000","49337","49337","0","2935","1329","1864"
"934","ALIGN_HOLD","33225","-36","-197.75390625","-7","-7000","-12000000","60000","49338","49338","0","2935","1329","1774"
"935","ALIGN_HOLD","33226","-35","-192.2607421875","1","1000","8000000","60000","49339","49339","0","2935","1329","1684"
"936","ALIGN_HOLD","33228","-33","-181.2744140625","2","2000","1000000","60000","49340","49340","0","2935","1329","1594"
"937","ALIGN_HOLD","33231","-30","-164.794921875","3","3000","1000000","60000","49341","49341","0","2935","1329","1504"
"938","ALIGN_HOLD","33229","-32","-175.78125","-2","-2000","-5000000","60000","49342","49342","0","2935","1329","1414"
"939","ALIGN_HOLD","33227","-34","-186.767578125","-2","-2000","0","60000","49343","49343","0","2935","1329","1324"
"940","ALIGN_HOLD","33228","-33","-181.2744140625","1","1000","3000000","60000","49344","49344","0","2935","1329","1234"
"941","ALIGN_HOLD","33229","-32","-175.78125","1","1000","0","60000","49345","49345","0","2935","1329","1144"
"942","ALIGN_HOLD","33227","-34","-186.767578125","-2","-2000","-3000000","60000","49346","49346","0","2935","1329","1054"
"943","ALIGN_HOLD","33229","-32","-175.78125","2","2000","4000000","60000","49347","49347","0","2935","1329","964"
"944","ALIGN_HOLD","33230","-31","-170.2880859375","1","1000","-1000000","60000","49348","49348","0","2935","1329","874"
"945","ALIGN_HOLD","33224","-37","-203.2470703125","-6","-6000","-7000000","60000","49349","49349","0","2935","1329","784"
"946","ALIGN_HOLD","33228","-33","-181.2744140625","4","4000","10000000","60000","49350","49350","0","2935","1329","694"
"947","ALIGN_HOLD","33226","-35","-192.2607421875","-2","-2000","-6000000","60000","49351","49351","0","2935","1329","604"
"948","ALIGN_HOLD","33227","-34","-186.767578125","1","1000","3000000","60000","49352","49352","0","2935","1329","514"
"949","ALIGN_HOLD","33229","-32","-175.78125","2","2000","1000000","60000","49353","49353","0","2935","1329","424"
"950","ALIGN_HOLD","33227","-34","-186.767578125","-2","-2000","-4000000","60000","49354","49354","0","2935","1329","334"
"951","ALIGN_HOLD","33229","-32","-175.78125","2","2000","4000000","60000","49355","49355","0","2935","1329","244"
"952","ALIGN_HOLD","33231","-30","-164.794921875","2","2000","0","60000","49356","49356","0","2935","1329","154"
"953","ALIGN_HOLD","33225","-36","-197.75390625","-6","-6000","-8000000","60000","49357","49357","0","2935","1329","64"
"954","ALIGN_HOLD","33232","-29","-159.3017578125","7","7000","13000000","60000","49358","49358","0","2935","1329","2129"
"955","ALIGN_HOLD","33226","-35","-192.2607421875","-6","-6000","-13000000","60000","49359","49359","0","2935","1329","2039"
"956","ALIGN_HOLD","33227","-34","-186.767578125","1","1000","7000000","60000","49360","49360","0","2935","1329","1949"
"957","ALIGN_HOLD","33227","-34","-186.767578125","0","0","-1000000","60000","49361","49361","0","2935","1329","1859"
"958","ALIGN_HOLD","33230","-31","-170.2880859375","3","3000","3000000","60000","49362","49362","0","2935","1329","1769"
"959","ALIGN_HOLD","33227","-34","-186.767578125","-3","-3000","-6000000","60000","49363","49363","0","2935","1329","1679"
"960","ALIGN_HOLD","33228","-33","-181.2744140625","1","1000","4000000","60000","49364","49364","0","2935","1329","1589"
"961","ALIGN_HOLD","33230","-31","-170.2880859375","2","2000","1000000","60000","49365","49365","0","2935","1329","1499"
"962","ALIGN_HOLD","33226","-35","-192.2607421875","-4","-4000","-6000000","60000","49366","49366","0","2935","1329","1409"
"963","ALIGN_HOLD","33230","-31","-170.2880859375","4","4000","8000000","60000","49367","49367","0","2935","1329","1319"
"964","ALIGN_HOLD","33229","-32","-175.78125","-1","-1000","-5000000","60000","49368","49368","0","2935","1329","1229"
"965","ALIGN_HOLD","33230","-31","-170.2880859375","1","1000","2000000","60000","49369","49369","0","2935","1329","1139"
"966","ALIGN_HOLD","33226","-35","-192.2607421875","-4","-4000","-5000000","60000","49370","49370","0","2935","1329","1049"
"967","ALIGN_HOLD","33229","-32","-175.78125","3","3000","7000000","60000","49371","49371","0","2935","1329","959"
"968","ALIGN_HOLD","33230","-31","-170.2880859375","1","1000","-2000000","60000","49372","49372","0","2935","1329","869"
"969","ALIGN_HOLD","33227","-34","-186.767578125","-3","-3000","-4000000","60000","49373","49373","0","2935","1329","779"
"970","ALIGN_HOLD","33226","-35","-192.2607421875","-1","-1000","2000000","60000","49374","49374","0","2935","1329","689"
"971","ALIGN_HOLD","33226","-35","-192.2607421875","0","0","1000000","60000","49375","49375","0","2935","1329","599"
"972","ALIGN_HOLD","33225","-36","-197.75390625","-1","-1000","-1000000","60000","49376","49376","0","2935","1329","509"
"973","ALIGN_HOLD","33228","-33","-181.2744140625","3","3000","4000000","60000","49377","49377","0","2935","1329","419"
"974","ALIGN_HOLD","33230","-31","-170.2880859375","2","2000","-1000000","60000","49378","49378","0","2935","1329","329"
"975","ALIGN_HOLD","33226","-35","-192.2607421875","-4","-4000","-6000000","60000","49379","49379","0","2935","1329","239"
"976","ALIGN_HOLD","33226","-35","-192.2607421875","0","0","4000000","60000","49380","49380","0","2935","1329","149"
"977","ALIGN_HOLD","33228","-33","-181.2744140625","2","2000","2000000","60000","49381","49381","0","2935","1329","59"
"978","ALIGN_HOLD","33226","-35","-192.2607421875","-2","-2000","-4000000","60000","49382","49382","0","2935","1329","2124"
"979","ALIGN_HOLD","33225","-36","-197.75390625","-1","-1000","1000000","60000","49383","49383","0","2935","1329","2034"
"980","ALIGN_HOLD","33226","-35","-192.2607421875","1","1000","2000000","60000","49384","49384","0","2935","1329","1944"
"981","ALIGN_HOLD","33229","-32","-175.78125","3","3000","2000000","60000","49385","49385","0","2935","1329","1854"
"982","ALIGN_HOLD","33231","-30","-164.794921875","2","2000","-1000000","60000","49386","49386","0","2935","1329","1764"
"983","ALIGN_HOLD","33227","-34","-186.767578125","-4","-4000","-6000000","60000","49387","49387","0","2935","1329","1674"
"984","ALIGN_HOLD","33231","-30","-164.794921875","4","4000","8000000","60000","49388","49388","0","2935","1329","1584"
"985","ALIGN_HOLD","33228","-33","-181.2744140625","-3","-3000","-7000000","60000","49389","49389","0","2935","1329","1494"
"986","ALIGN_HOLD","33227","-34","-186.767578125","-1","-1000","2000000","60000","49390","49390","0","2935","1329","1404"
"987","ALIGN_HOLD","33229","-32","-175.78125","2","2000","3000000","60000","49391","49391","0","2935","1329","1314"
"988","ALIGN_HOLD","33228","-33","-181.2744140625","-1","-1000","-3000000","60000","49392","49392","0","2935","1329","1224"
"989","ALIGN_HOLD","33230","-31","-170.2880859375","2","2000","3000000","60000","49393","49393","0","2935","1329","1134"
"990","ALIGN_HOLD","33226","-35","-192.2607421875","-4","-4000","-6000000","60000","49394","49394","0","2935","1329","1044"
"991","ALIGN_HOLD","33229","-32","-175.78125","3","3000","7000000","60000","49395","49395","0","2935","1329","954"
"992","ALIGN_HOLD","33232","-29","-159.3017578125","3","3000","0","60000","49396","49396","0","2935","1329","864"
"993","ALIGN_HOLD","33229","-32","-175.78125","-3","-3000","-6000000","60000","49397","49397","0","2935","1329","774"
"994","ALIGN_HOLD","33229","-32","-175.78125","0","0","3000000","60000","49398","49398","0","2935","1329","684"
"995","ALIGN_HOLD","33226","-35","-192.2607421875","-3","-3000","-3000000","60000","49399","49399","0","2935","1329","594"
"996","ALIGN_HOLD","33231","-30","-164.794921875","5","5000","8000000","60000","49400","49400","0","2935","1329","504"
"997","ALIGN_HOLD","33228","-33","-181.2744140625","-3","-3000","-8000000","60000","49401","49401","0","2935","1329","414"
"998","ALIGN_HOLD","33231","-30","-164.794921875","3","3000","6000000","60000","49402","49402","0","2935","1329","324"
"999","ALIGN_HOLD","33228","-33","-181.2744140625","-3","-3000","-6000000","60000","49403","49403","0","2935","1329","234"
"1000","ALIGN_HOLD","33230","-31","-170.2880859375","2","2000","5000000","60000","49404","49404","0","2935","1329","210"
