"Seq","Phase","EncoderRaw","TravelRaw","TravelMilliDeg","DeltaRaw","VelocityRawPerSecond","AccelerationRawPerSecond2","PowerPpm","ScheduledTick","SampleTick","LatenessTicks","LoopCycles","SpiLatencyCycles","PwmCounterAtCs"
"0","ALIGN_RAMP","51509","2","10.986328125","2","2000","2000000","0","11409","11409","0","2931","1329","482"
"1","ALIGN_RAMP","51508","1","5.4931640625","-1","-1000","-3000000","120","11410","11410","0","2935","1329","1774"
"2","ALIGN_RAMP","51510","3","16.4794921875","2","2000","3000000","240","11411","11411","0","2935","1329","1684"
"3","ALIGN_RAMP","51507","0","0","-3","-3000","-5000000","360","11412","11412","0","2935","1329","1594"
"4","ALIGN_RAMP","51509","2","10.986328125","2","2000","5000000","480","11413","11413","0","2935","1329","1504"
"5","ALIGN_RAMP","51504","-3","-16.4794921875","-5","-5000","-7000000","600","11414","11414","0","2935","1329","1414"
"6","ALIGN_RAMP","51508","1","5.4931640625","4","4000","9000000","720","11415","11415","0","2935","1329","1324"
"7","ALIGN_RAMP","51505","-2","-10.986328125","-3","-3000","-7000000","840","11416","11416","0","2935","1329","1234"
"8","ALIGN_RAMP","51505","-2","-10.986328125","0","0","3000000","960","11417","11417","0","2935","1329","1144"
"9","ALIGN_RAMP","51505","-2","-10.986328125","0","0","0","1080","11418","11418","0","2935","1329","1054"
"10","ALIGN_RAMP","51508","1","5.4931640625","3","3000","3000000","1200","11419","11419","0","2935","1329","964"
"11","ALIGN_RAMP","51508","1","5.4931640625","0","0","-3000000","1320","11420","11420","0","2935","1329","874"
"12","ALIGN_RAMP","51506","-1","-5.4931640625","-2","-2000","-2000000","1440","11421","11421","0","2935","1329","784"
"13","ALIGN_RAMP","51506","-1","-5.4931640625","0","0","2000000","1560","11422","11422","0","2935","1329","694"
"14","ALIGN_RAMP","51505","-2","-10.986328125","-1","-1000","-1000000","1680","11423","11423","0","2935","1329","604"
"15","ALIGN_RAMP","51507","0","0","2","2000","3000000","1800","11424","11424","0","2935","1329","514"
"16","ALIGN_RAMP","51505","-2","-10.986328125","-2","-2000","-4000000","1920","11425","11425","0","2935","1329","424"
"17","ALIGN_RAMP","51507","0","0","2","2000","4000000","2040","11426","11426","0","2935","1329","334"
"18","ALIGN_RAMP","51505","-2","-10.986328125","-2","-2000","-4000000","2160","11427","11427","0","2935","1329","244"
"19","ALIGN_RAMP","51507","0","0","2","2000","4000000","2280","11428","11428","0","2935","1329","154"
"20","ALIGN_RAMP","51507","0","0","0","0","-2000000","2400","11429","11429","0","2935","1329","64"
"21","ALIGN_RAMP","51507","0","0","0","0","0","2520","11430","11430","0","2935","1329","2129"
"22","ALIGN_RAMP","51508","1","5.4931640625","1","1000","1000000","2640","11431","11431","0","2935","1329","2039"
"23","ALIGN_RAMP","51507","0","0","-1","-1000","-2000000","2760","11432","11432","0","2935","1329","1949"
"24","ALIGN_RAMP","51509","2","10.986328125","2","2000","3000000","2880","11433","11433","0","2935","1329","1859"
"25","ALIGN_RAMP","51504","-3","-16.4794921875","-5","-5000","-7000000","3000","11434","11434","0","2935","1329","1769"
"26","ALIGN_RAMP","51504","-3","-16.4794921875","0","0","5000000","3120","11435","11435","0","2935","1329","1679"
"27","ALIGN_RAMP","51509","2","10.986328125","5","5000","5000000","3240","11436","11436","0","2935","1329","1589"
"28","ALIGN_RAMP","51508","1","5.4931640625","-1","-1000","-6000000","3360","11437","11437","0","2935","1329","1499"
"29","ALIGN_RAMP","51506","-1","-5.4931640625","-2","-2000","-1000000","3480","11438","11438","0","2935","1329","1409"
"30","ALIGN_RAMP","51506","-1","-5.4931640625","0","0","2000000","3600","11439","11439","0","2935","1329","1319"
"31","ALIGN_RAMP","51506","-1","-5.4931640625","0","0","0","3720","11440","11440","0","2935","1329","1229"
"32","ALIGN_RAMP","51506","-1","-5.4931640625","0","0","0","3840","11441","11441","0","2935","1329","1139"
"33","ALIGN_RAMP","51507","0","0","1","1000","1000000","3960","11442","11442","0","2935","1329","1049"
"34","ALIGN_RAMP","51507","0","0","0","0","-1000000","4080","11443","11443","0","2935","1329","959"
"35","ALIGN_RAMP","51511","4","21.97265625","4","4000","4000000","4200","11444","11444","0","2935","1329","869"
"36","ALIGN_RAMP","51505","-2","-10.986328125","-6","-6000","-10000000","4320","11445","11445","0","2935","1329","779"
"37","ALIGN_RAMP","51508","1","5.4931640625","3","3000","9000000","4440","11446","11446","0","2935","1329","689"
"38","ALIGN_RAMP","51508","1","5.4931640625","0","0","-3000000","4560","11447","11447","0","2935","1329","599"
"39","ALIGN_RAMP","51507","0","0","-1","-1000","-1000000","4680","11448","11448","0","2935","1329","509"
"40","ALIGN_RAMP","51510","3","16.4794921875","3","3000","4000000","4800","11449","11449","0","2935","1329","419"
"41","ALIGN_RAMP","51505","-2","-10.986328125","-5","-5000","-8000000","4920","11450","11450","0","2935","1329","329"
"42","ALIGN_RAMP","51508","1","5.4931640625","3","3000","8000000","5040","11451","11451","0","2935","1329","239"
"43","ALIGN_RAMP","51508","1","5.4931640625","0","0","-3000000","5160","11452","11452","0","2935","1329","149"
"44","ALIGN_RAMP","51510","3","16.4794921875","2","2000","2000000","5280","11453","11453","0","2935","1329","59"
"45","ALIGN_RAMP","51507","0","0","-3","-3000","-5000000","5400","11454","11454","0","2935","1329","2124"
"46","ALIGN_RAMP","51507","0","0","0","0","3000000","5520","11455","11455","0","2935","1329","2034"
"47","ALIGN_RAMP","51509","2","10.986328125","2","2000","2000000","5640","11456","11456","0","2935","1329","1944"
"48","ALIGN_RAMP","51506","-1","-5.4931640625","-3","-3000","-5000000","5760","11457","11457","0","2935","1329","1854"
"49","ALIGN_RAMP","51507","0","0","1","1000","4000000","5880","11458","11458","0","2935","1329","1764"
"50","ALIGN_RAMP","51508","1","5.4931640625","1","1000","0","6000","11459","11459","0","2935","1329","1674"
"51","ALIGN_RAMP","51507","0","0","-1","-1000","-2000000","6120","11460","11460","0","2935","1329","1584"
"52","ALIGN_RAMP","51510","3","16.4794921875","3","3000","4000000","6240","11461","11461","0","2935","1329","1494"
"53","ALIGN_RAMP","51509","2","10.986328125","-1","-1000","-4000000","6360","11462","11462","0","2935","1329","1404"
"54","ALIGN_RAMP","51506","-1","-5.4931640625","-3","-3000","-2000000","6480","11463","11463","0","2935","1329","1314"
"55","ALIGN_RAMP","51507","0","0","1","1000","4000000","6600","11464","11464","0","2935","1329","1224"
"56","ALIGN_RAMP","51505","-2","-10.986328125","-2","-2000","-3000000","6720","11465","11465","0","2935","1329","1134"
"57","ALIGN_RAMP","51506","-1","-5.4931640625","1","1000","3000000","6840","11466","11466","0","2935","1329","1044"
"58","ALIGN_RAMP","51507","0","0","1","1000","0","6960","11467","11467","0","2935","1329","954"
"59","ALIGN_RAMP","51507","0","0","0","0","-1000000","7080","11468","11468","0","2935","1329","864"
"60","ALIGN_RAMP","51509","2","10.986328125","2","2000","2000000","7200","11469","11469","0","2935","1329","774"
"61","ALIGN_RAMP","51508","1","5.4931640625","-1","-1000","-3000000","7320","11470","11470","0","2935","1329","684"
"62","ALIGN_RAMP","51506","-1","-5.4931640625","-2","-2000","-1000000","7440","11471","11471","0","2935","1329","594"
"63","ALIGN_RAMP","51507","0","0","1","1000","3000000","7560","11472","11472","0","2935","1329","504"
"64","ALIGN_RAMP","51505","-2","-10.986328125","-2","-2000","-3000000","7680","11473","11473","0","2935","1329","414"
"65","ALIGN_RAMP","51509","2","10.986328125","4","4000","6000000","7800","11474","11474","0","2935","1329","324"
"66","ALIGN_RAMP","51509","2","10.986328125","0","0","-4000000","7920","11475","11475","0","2935","1329","234"
"67","ALIGN_RAMP","51506","-1","-5.4931640625","-3","-3000","-3000000","8040","11476","11476","0","2935","1329","144"
"68","ALIGN_RAMP","51508","1","5.4931640625","2","2000","5000000","8160","11477","11477","0","2935","1329","54"
"69","ALIGN_RAMP","51506","-1","-5.4931640625","-2","-2000","-4000000","8280","11478","11478","0","2935","1329","2119"
"70","ALIGN_RAMP","51507","0","0","1","1000","3000000","8400","11479","11479","0","2935","1329","2029"
"71","ALIGN_RAMP","51509","2","10.986328125","2","2000","1000000","8520","11480","11480","0","2935","1329","1939"
"72","ALIGN_RAMP","51508","1","5.4931640625","-1","-1000","-3000000","8640","11481","11481","0","2935","1329","1849"
"73","ALIGN_RAMP","51508","1","5.4931640625","0","0","1000000","8760","11482","11482","0","2935","1329","1759"
"74","ALIGN_RAMP","51509","2","10.986328125","1","1000","1000000","8880","11483","11483","0","2935","1329","1669"
"75","ALIGN_RAMP","51509","2","10.986328125","0","0","-1000000","9000","11484","11484","0","2935","1329","1579"
"76","ALIGN_RAMP","51506","-1","-5.4931640625","-3","-3000","-3000000","9120","11485","11485","0","2935","1329","1489"
"77","ALIGN_RAMP","51507","0","0","1","1000","4000000","9240","11486","11486","0","2935","1329","1399"
"78","ALIGN_RAMP","51505","-2","-10.986328125","-2","-2000","-3000000","9360","11487","11487","0","2935","1329","1309"
"79","ALIGN_RAMP","51508","1","5.4931640625","3","3000","5000000","9480","11488","11488","0","2935","1329","1219"
"80","ALIGN_RAMP","51506","-1","-5.4931640625","-2","-2000","-5000000","9600","11489","11489","0","2935","1329","1129"
"81","ALIGN_RAMP","51507","0","0","1","1000","3000000","9720","11490","11490","0","2935","1329","1039"
"82","ALIGN_RAMP","51504","-3","-16.4794921875","-3","-3000","-4000000","9840","11491","11491","0","2935","1329","949"
"83","ALIGN_RAMP","51507","0","0","3","3000","6000000","9960","11492","11492","0","2935","1329","859"
"84","ALIGN_RAMP","51508","1","5.4931640625","1","1000","-2000000","10080","11493","11493","0","2935","1329","769"
"85","ALIGN_RAMP","51506","-1","-5.4931640625","-2","-2000","-3000000","10200","11494","11494","0","2935","1329","679"
"86","ALIGN_RAMP","51505","-2","-10.986328125","-1","-1000","1000000","10320","11495","11495","0","2935","1329","589"
"87","ALIGN_RAMP","51507","0","0","2","2000","3000000","10440","11496","11496","0","2935","1329","499"
"88","ALIGN_RAMP","51509","2","10.986328125","2","2000","0","10560","11497","11497","0","2935","1329","409"
"89","ALIGN_RAMP","51508","1","5.4931640625","-1","-1000","-3000000","10680","11498","11498","0","2935","1329","319"
"90","ALIGN_RAMP","51508","1","5.4931640625","0","0","1000000","10800","11499","11499","0","2935","1329","229"
"91","ALIGN_RAMP","51508","1","5.4931640625","0","0","0","10920","11500","11500","0","2935","1329","139"
"92","ALIGN_RAMP","51510","3","16.4794921875","2","2000","2000000","11040","11501","11501","0","2935","1329","49"
"93","ALIGN_RAMP","51507","0","0","-3","-3000","-5000000","11160","11502","11502","0","2935","1329","2114"
"94","ALIGN_RAMP","51507","0","0","0","0","3000000","11280","11503","11503","0","2935","1329","2024"
"95","ALIGN_RAMP","51507","0","0","0","0","0","11400","11504","11504","0","2935","1329","1934"
"96","ALIGN_RAMP","51512","5","27.4658203125","5","5000","5000000","11520","11505","11505","0","2935","1329","1844"
"97","ALIGN_RAMP","51508","1","5.4931640625","-4","-4000","-9000000","11640","11506","11506","0","2935","1329","1754"
"98","ALIGN_RAMP","51510","3","16.4794921875","2","2000","6000000","11760","11507","11507","0","2935","1329","1664"
"99","ALIGN_RAMP","51509","2","10.986328125","-1","-1000","-3000000","11880","11508","11508","0","2935","1329","1574"
"100","ALIGN_RAMP","51508","1","5.4931640625","-1","-1000","0","12000","11509","11509","0","2935","1329","1484"
"101","ALIGN_RAMP","51506","-1","-5.4931640625","-2","-2000","-1000000","12120","11510","11510","0","2935","1329","1394"
"102","ALIGN_RAMP","51509","2","10.986328125","3","3000","5000000","12240","11511","11511","0","2935","1329","1304"
"103","ALIGN_RAMP","51508","1","5.4931640625","-1","-1000","-4000000","12360","11512","11512","0","2935","1329","1214"
"104","ALIGN_RAMP","51507","0","0","-1","-1000","0","12480","11513","11513","0","2935","1329","1124"
"105","ALIGN_RAMP","51505","-2","-10.986328125","-2","-2000","-1000000","12600","11514","11514","0","2935","1329","1034"
"106","ALIGN_RAMP","51511","4","21.97265625","6","6000","8000000","12720","11515","11515","0","2935","1329","944"
"107","ALIGN_RAMP","51507","0","0","-4","-4000","-10000000","12840","11516","11516","0","2935","1329","854"
"108","ALIGN_RAMP","51507","0","0","0","0","4000000","12960","11517","11517","0","2935","1329","764"
"109","ALIGN_RAMP","51507","0","0","0","0","0","13080","11518","11518","0","2935","1329","674"
"110","ALIGN_RAMP","51507","0","0","0","0","0","13200","11519","11519","0","2935","1329","584"
"111","ALIGN_RAMP","51509","2","10.986328125","2","2000","2000000","13320","11520","11520","0","2935","1329","494"
"112","ALIGN_RAMP","51508","1","5.4931640625","-1","-1000","-3000000","13440","11521","11521","0","2935","1329","404"
"113","ALIGN_RAMP","51507","0","0","-1","-1000","0","13560","11522","11522","0","2935","1329","314"
"114","ALIGN_RAMP","51506","-1","-5.4931640625","-1","-1000","0","13680","11523","11523","0","2935","1329","224"
"115","ALIGN_RAMP","51507","0","0","1","1000","2000000","13800","11524","11524","0","2935","1329","134"
"116","ALIGN_RAMP","51508","1","5.4931640625","1","1000","0","13920","11525","11525","0","2935","1329","44"
"117","ALIGN_RAMP","51507","0","0","-1","-1000","-2000000","14040","11526","11526","0","2935","1329","2109"
"118","ALIGN_RAMP","51510","3","16.4794921875","3","3000","4000000","14160","11527","11527","0","2935","1329","2019"
"119","ALIGN_RAMP","51508","1","5.4931640625","-2","-2000","-5000000","14280","11528","11528","0","2935","1329","1929"
"120","ALIGN_RAMP","51508","1","5.4931640625","0","0","2000000","14400","11529","11529","0","2935","1329","1839"
"121","ALIGN_RAMP","51508","1","5.4931640625","0","0","0","14520","11530","11530","0","2935","1329","1749"
"122","ALIGN_RAMP","51509","2","10.986328125","1","1000","1000000","14640","11531","11531","0","2935","1329","1659"
"123","ALIGN_RAMP","51508","1","5.4931640625","-1","-1000","-2000000","14760","11532","11532","0","2935","1329","1569"
"124","ALIGN_RAMP","51506","-1","-5.4931640625","-2","-2000","-1000000","14880","11533","11533","0","2935","1329","1479"
"125","ALIGN_RAMP","51507","0","0","1","1000","3000000","15000","11534","11534","0","2935","1329","1389"
"126","ALIGN_RAMP","51508","1","5.4931640625","1","1000","0","15120","11535","11535","0","2935","1329","1299"
"127","ALIGN_RAMP","51504","-3","-16.4794921875","-4","-4000","-5000000","15240","11536","11536","0","2935","1329","1209"
"128","ALIGN_RAMP","51508","1","5.4931640625","4","4000","8000000","15360","11537","11537","0","2935","1329","1119"
"129","ALIGN_RAMP","51508","1","5.4931640625","0","0","-4000000","15480","11538","11538","0","2935","1329","1029"
"130","ALIGN_RAMP","51504","-3","-16.4794921875","-4","-4000","-4000000","15600","11539","11539","0","2935","1329","939"
"131","ALIGN_RAMP","51510","3","16.4794921875","6","6000","10000000","15720","11540","11540","0","2935","1329","849"
"132","ALIGN_RAMP","51505","-2","-10.986328125","-5","-5000","-11000000","15840","11541","11541","0","2935","1329","759"
"133","ALIGN_RAMP","51509","2","10.986328125","4","4000","9000000","15960","11542","11542","0","2935","1329","669"
"134","ALIGN_RAMP","51508","1","5.4931640625","-1","-1000","-5000000","16080","11543","11543","0","2935","1329","579"
"135","ALIGN_RAMP","51507","0","0","-1","-1000","0","16200","11544","11544","0","2935","1329","489"
"136","ALIGN_RAMP","51505","-2","-10.986328125","-2","-2000","-1000000","16320","11545","11545","0","2935","1329","399"
"137","ALIGN_RAMP","51507","0","0","2","2000","4000000","16440","11546","11546","0","2935","1329","309"
"138","ALIGN_RAMP","51509","2","10.986328125","2","2000","0","16560","11547","11547","0","2935","1329","219"
"139","ALIGN_RAMP","51504","-3","-16.4794921875","-5","-5000","-7000000","16680","11548","11548","0","2935","1329","129"
"140","ALIGN_RAMP","51507","0","0","3","3000","8000000","16800","11549","11549","0","2935","1329","39"
"141","ALIGN_RAMP","51508","1","5.4931640625","1","1000","-2000000","16920","11550","11550","0","2935","1329","2104"
"142","ALIGN_RAMP","51506","-1","-5.4931640625","-2","-2000","-3000000","17040","11551","11551","0","2935","1329","2014"
"143","ALIGN_RAMP","51508","1","5.4931640625","2","2000","4000000","17160","11552","11552","0","2935","1329","1924"
"144","ALIGN_RAMP","51507","0","0","-1","-1000","-3000000","17280","11553","11553","0","2935","1329","1834"
"145","ALIGN_RAMP","51510","3","16.4794921875","3","3000","4000000","17400","11554","11554","0","2935","1329","1744"
"146","ALIGN_RAMP","51506","-1","-5.4931640625","-4","-4000","-7000000","17520","11555","11555","0","2935","1329","1654"
"147","ALIGN_RAMP","51507","0","0","1","1000","5000000","17640","11556","11556","0","2935","1329","1564"
"148","ALIGN_RAMP","51508","1","5.4931640625","1","1000","0","17760","11557","11557","0","2935","1329","1474"
"149","ALIGN_RAMP","51509","2","10.986328125","1","1000","0","17880","11558","11558","0","2935","1329","1384"
"150","ALIGN_RAMP","51505","-2","-10.986328125","-4","-4000","-5000000","18000","11559","11559","0","2935","1329","1294"
"151","ALIGN_RAMP","51509","2","10.986328125","4","4000","8000000","18120","11560","11560","0","2935","1329","1204"
"152","ALIGN_RAMP","51507","0","0","-2","-2000","-6000000","18240","11561","11561","0","2935","1329","1114"
"153","ALIGN_RAMP","51506","-1","-5.4931640625","-1","-1000","1000000","18360","11562","11562","0","2935","1329","1024"
"154","ALIGN_RAMP","51507","0","0","1","1000","2000000","18480","11563","11563","0","2935","1329","934"
"155","ALIGN_RAMP","51505","-2","-10.986328125","-2","-2000","-3000000","18600","11564","11564","0","2935","1329","844"
"156","ALIGN_RAMP","51507","0","0","2","2000","4000000","18720","11565","11565","0","2935","1329","754"
"157","ALIGN_RAMP","51510","3","16.4794921875","3","3000","1000000","18840","11566","11566","0","2935","1329","664"
"158","ALIGN_RAMP","51506","-1","-5.4931640625","-4","-4000","-7000000","18960","11567","11567","0","2935","1329","574"
"159","ALIGN_RAMP","51506","-1","-5.4931640625","0","0","4000000","19080","11568","11568","0","2935","1329","484"
"160","ALIGN_RAMP","51504","-3","-16.4794921875","-2","-2000","-2000000","19200","11569","11569","0","2935","1329","394"
"161","ALIGN_RAMP","51508","1","5.4931640625","4","4000","6000000","19320","11570","11570","0","2935","1329","304"
"162","ALIGN_RAMP","51509","2","10.986328125","1","1000","-3000000","19440","11571","11571","0","2935","1329","214"
"163","ALIGN_RAMP","51507","0","0","-2","-2000","-3000000","19560","11572","11572","0","2935","1329","124"
"164","ALIGN_RAMP","51506","-1","-5.4931640625","-1","-1000","1000000","19680","11573","11573","0","2935","1329","34"
"165","ALIGN_RAMP","51506","-1","-5.4931640625","0","0","1000000","19800","11574","11574","0","2935","1329","2099"
"166","ALIGN_RAMP","51507","0","0","1","1000","1000000","19920","11575","11575","0","2935","1329","2009"
"167","ALIGN_RAMP","51506","-1","-5.4931640625","-1","-1000","-2000000","20040","11576","11576","0","2935","1329","1919"
"168","ALIGN_RAMP","51508","1","5.4931640625","2","2000","3000000","20160","11577","11577","0","2935","1329","1829"
"169","ALIGN_RAMP","51507","0","0","-1","-1000","-3000000","20280","11578","11578","0","2935","1329","1739"
"170","ALIGN_RAMP","51510","3","16.4794921875","3","3000","4000000","20400","11579","11579","0","2935","1329","1649"
"171","ALIGN_RAMP","51508","1","5.4931640625","-2","-2000","-5000000","20520","11580","11580","0","2935","1329","1559"
"172","ALIGN_RAMP","51506","-1","-5.4931640625","-2","-2000","0","20640","11581","11581","0","2935","1329","1469"
"173","ALIGN_RAMP","51506","-1","-5.4931640625","0","0","2000000","20760","11582","11582","0","2935","1329","1379"
"174","ALIGN_RAMP","51506","-1","-5.4931640625","0","0","0","20880","11583","11583","0","2935","1329","1289"
"175","ALIGN_RAMP","51510","3","16.4794921875","4","4000","4000000","21000","11584","11584","0","2935","1329","1199"
"176","ALIGN_RAMP","51506","-1","-5.4931640625","-4","-4000","-8000000","21120","11585","11585","0","2935","1329","1109"
"177","ALIGN_RAMP","51510","3","16.4794921875","4","4000","8000000","21240","11586","11586","0","2935","1329","1019"
"178","ALIGN_RAMP","51508","1","5.4931640625","-2","-2000","-6000000","21360","11587","11587","0","2935","1329","929"
"179","ALIGN_RAMP","51505","-2","-10.986328125","-3","-3000","-1000000","21480","11588","11588","0","2935","1329","839"
"180","ALIGN_RAMP","51507","0","0","2","2000","5000000","21600","11589","11589","0","2935","1329","749"
"181","ALIGN_RAMP","51510","3","16.4794921875","3","3000","1000000","21720","11590","11590","0","2935","1329","659"
"182","ALIGN_RAMP","51508","1","5.4931640625","-2","-2000","-5000000","21840","11591","11591","0","2935","1329","569"
"183","ALIGN_RAMP","51507","0","0","-1","-1000","1000000","21960","11592","11592","0","2935","1329","479"
"184","ALIGN_RAMP","51506","-1","-5.4931640625","-1","-1000","0","22080","11593","11593","0","2935","1329","389"
"185","ALIGN_RAMP","51506","-1","-5.4931640625","0","0","1000000","22200","11594","11594","0","2935","1329","299"
"186","ALIGN_RAMP","51507","0","0","1","1000","1000000","22320","11595","11595","0","2935","1329","209"
"187","ALIGN_RAMP","51509","2","10.986328125","2","2000","1000000","22440","11596","11596","0","2935","1329","119"
"188","ALIGN_RAMP","51506","-1","-5.4931640625","-3","-3000","-5000000","22560","11597","11597","0","2935","1329","29"
"189","ALIGN_RAMP","51508","1","5.4931640625","2","2000","5000000","22680","11598","11598","0","2935","1329","2094"
"190","ALIGN_RAMP","51507","0","0","-1","-1000","-3000000","22800","11599","11599","0","2935","1329","2004"
"191","ALIGN_RAMP","51509","2","10.986328125","2","2000","3000000","22920","11600","11600","0","2935","1329","1914"
"192","ALIGN_RAMP","51507","0","0","-2","-2000","-4000000","23040","11601","11601","0","2935","1329","1824"
"193","ALIGN_RAMP","51506","-1","-5.4931640625","-1","-1000","1000000","23160","11602","11602","0","2935","1329","1734"
"194","ALIGN_RAMP","51507","0","0","1","1000","2000000","23280","11603","11603","0","2935","1329","1644"
"195","ALIGN_RAMP","51508","1","5.4931640625","1","1000","0","23400","11604","11604","0","2935","1329","1554"
"196","ALIGN_RAMP","51505","-2","-10.986328125","-3","-3000","-4000000","23520","11605","11605","0","2935","1329","1464"
"197","ALIGN_RAMP","51506","-1","-5.4931640625","1","1000","4000000","23640","11606","11606","0","2935","1329","1374"
"198","ALIGN_RAMP","51503","-4","-21.97265625","-3","-3000","-4000000","23760","11607","11607","0","2935","1329","1284"
"199","ALIGN_RAMP","51504","-3","-16.4794921875","1","1000","4000000","23880","11608","11608","0","2935","1329","1194"
"200","ALIGN_RAMP","51505","-2","-10.986328125","1","1000","0","24000","11609","11609","0","2935","1329","1170"
"201","ALIGN_RAMP","51501","-6","-32.958984375","-4","-4000","-5000000","24120","11610","11610","0","2935","1329","1014"
"202","ALIGN_RAMP","51509","2","10.986328125","8","8000","12000000","24240","11611","11611","0","2935","1329","924"
"203","ALIGN_RAMP","51508","1","5.4931640625","-1","-1000","-9000000","24360","11612","11612","0","2935","1329","834"
"204","ALIGN_RAMP","51508","1","5.4931640625","0","0","1000000","24480","11613","11613","0","2935","1329","744"
"205","ALIGN_RAMP","51505","-2","-10.986328125","-3","-3000","-3000000","24600","11614","11614","0","2935","1329","654"
"206","ALIGN_RAMP","51508","1","5.4931640625","3","3000","6000000","24720","11615","11615","0","2935","1329","564"
"207","ALIGN_RAMP","51506","-1","-5.4931640625","-2","-2000","-5000000","24840","11616","11616","0","2935","1329","474"
"208","ALIGN_RAMP","51508","1","5.4931640625","2","2000","4000000","24960","11617","11617","0","2935","1329","384"
"209","ALIGN_RAMP","51509","2","10.986328125","1","1000","-1000000","25080","11618","11618","0","2935","1329","294"
"210","ALIGN_RAMP","51504","-3","-16.4794921875","-5","-5000","-6000000","25200","11619","11619","0","2935","1329","204"
"211","ALIGN_RAMP","51507","0","0","3","3000","8000000","25320","11620","11620","0","2935","1329","114"
"212","ALIGN_RAMP","51506","-1","-5.4931640625","-1","-1000","-4000000","25440","11621","11621","0","2935","1329","24"
"213","ALIGN_RAMP","51506","-1","-5.4931640625","0","0","1000000","25560","11622","11622","0","2935","1329","2089"
"214","ALIGN_RAMP","51507","0","0","1","1000","1000000","25680","11623","11623","0","2935","1329","1999"
"215","ALIGN_RAMP","51509","2","10.986328125","2","2000","1000000","25800","11624","11624","0","2935","1329","1909"
"216","ALIGN_RAMP","51508","1","5.4931640625","-1","-1000","-3000000","25920","11625","11625","0","2935","1329","1819"
"217","ALIGN_RAMP","51501","-6","-32.958984375","-7","-7000","-6000000","26040","11626","11626","0","2935","1329","1729"
"218","ALIGN_RAMP","51506","-1","-5.4931640625","5","5000","12000000","26160","11627","11627","0","2935","1329","1639"
"219","ALIGN_RAMP","51508","1","5.4931640625","2","2000","-3000000","26280","11628","11628","0","2935","1329","1549"
"220","ALIGN_RAMP","51506","-1","-5.4931640625","-2","-2000","-4000000","26400","11629","11629","0","2935","1329","1459"
"221","ALIGN_RAMP","51507","0","0","1","1000","3000000","26520","11630","11630","0","2935","1329","1369"
"222","ALIGN_RAMP","51506","-1","-5.4931640625","-1","-1000","-2000000","26640","11631","11631","0","2935","1329","1279"
"223","ALIGN_RAMP","51507","0","0","1","1000","2000000","26760","11632","11632","0","2935","1329","1189"
"224","ALIGN_RAMP","51505","-2","-10.986328125","-2","-2000","-3000000","26880","11633","11633","0","2935","1329","1099"
"225","ALIGN_RAMP","51505","-2","-10.986328125","0","0","2000000","27000","11634","11634","0","2935","1329","1009"
"226","ALIGN_RAMP","51506","-1","-5.4931640625","1","1000","1000000","27120","11635","11635","0","2935","1329","919"
"227","ALIGN_RAMP","51505","-2","-10.986328125","-1","-1000","-2000000","27240","11636","11636","0","2935","1329","829"
"228","ALIGN_RAMP","51506","-1","-5.4931640625","1","1000","2000000","27360","11637","11637","0","2935","1329","739"
"229","ALIGN_RAMP","51506","-1","-5.4931640625","0","0","-1000000","27480","11638","11638","0","2935","1329","649"
"230","ALIGN_RAMP","51506","-1","-5.4931640625","0","0","0","27600","11639","11639","0","2935","1329","559"
"231","ALIGN_RAMP","51505","-2","-10.986328125","-1","-1000","-1000000","27720","11640","11640","0","2935","1329","469"
"232","ALIGN_RAMP","51507","0","0","2","2000","3000000","27840","11641","11641","0","2935","1329","379"
"233","ALIGN_RAMP","51508","1","5.4931640625","1","1000","-1000000","27960","11642","11642","0","2935","1329","289"
"234","ALIGN_RAMP","51508","1","5.4931640625","0","0","-1000000","28080","11643","11643","0","2935","1329","199"
"235","ALIGN_RAMP","51505","-2","-10.986328125","-3","-3000","-3000000","28200","11644","11644","0","2935","1329","109"
"236","ALIGN_RAMP","51507","0","0","2","2000","5000000","28320","11645","11645","0","2935","1329","19"
"237","ALIGN_RAMP","51503","-4","-21.97265625","-4","-4000","-6000000","28440","11646","11646","0","2935","1329","2084"
"238","ALIGN_RAMP","51505","-2","-10.986328125","2","2000","6000000","28560","11647","11647","0","2935","1329","1994"
"239","ALIGN_RAMP","51505","-2","-10.986328125","0","0","-2000000","28680","11648","11648","0","2935","1329","1904"
"240","ALIGN_RAMP","51503","-4","-21.97265625","-2","-2000","-2000000","28800","11649","11649","0","2935","1329","1814"
"241","ALIGN_RAMP","51508","1","5.4931640625","5","5000","7000000","28920","11650","11650","0","2935","1329","1724"
"242","ALIGN_RAMP","51507","0","0","-1","-1000","-6000000","29040","11651","11651","0","2935","1329","1634"
"243","ALIGN_RAMP","51506","-1","-5.4931640625","-1","-1000","0","29160","11652","11652","0","2935","1329","1544"
"244","ALIGN_RAMP","51504","-3","-16.4794921875","-2","-2000","-1000000","29280","11653","11653","0","2935","1329","1454"
"245","ALIGN_RAMP","51506","-1","-5.4931640625","2","2000","4000000","29400","11654","11654","0","2935","1329","1364"
"246","ALIGN_RAMP","51507","0","0","1","1000","-1000000","29520","11655","11655","0","2935","1329","1274"
"247","ALIGN_RAMP","51507","0","0","0","0","-1000000","29640","11656","11656","0","2935","1329","1184"
"248","ALIGN_RAMP","51508","1","5.4931640625","1","1000","1000000","29760","11657","11657","0","2935","1329","1094"
"249","ALIGN_RAMP","51503","-4","-21.97265625","-5","-5000","-6000000","29880","11658","11658","0","2935","1329","1004"
"250","ALIGN_RAMP","51508","1","5.4931640625","5","5000","10000000","30000","11659","11659","0","2935","1329","914"
"251","ALIGN_RAMP","51506","-1","-5.4931640625","-2","-2000","-7000000","30120","11660","11660","0","2935","1329","824"
"252","ALIGN_RAMP","51509","2","10.986328125","3","3000","5000000","30240","11661","11661","0","2935","1329","734"
"253","ALIGN_RAMP","51508","1","5.4931640625","-1","-1000","-4000000","30360","11662","11662","0","2935","1329","644"
"254","ALIGN_RAMP","51504","-3","-16.4794921875","-4","-4000","-3000000","30480","11663","11663","0","2935","1329","554"
"255","ALIGN_RAMP","51507","0","0","3","3000","7000000","30600","11664","11664","0","2935","1329","464"
"256","ALIGN_RAMP","51503","-4","-21.97265625","-4","-4000","-7000000","30720","11665","11665","0","2935","1329","374"
"257","ALIGN_RAMP","51503","-4","-21.97265625","0","0","4000000","30840","11666","11666","0","2935","1329","284"
"258","ALIGN_RAMP","51507","0","0","4","4000","4000000","30960","11667","11667","0","2935","1329","194"
"259","ALIGN_RAMP","51506","-1","-5.4931640625","-1","-1000","-5000000","31080","11668","11668","0","2935","1329","104"
"260","ALIGN_RAMP","51506","-1","-5.4931640625","0","0","1000000","31200","11669","11669","0","2935","1329","14"
"261","ALIGN_RAMP","51507","0","0","1","1000","1000000","31320","11670","11670","0","2935","1329","2079"
"262","ALIGN_RAMP","51508","1","5.4931640625","1","1000","0","31440","11671","11671","0","2935","1329","1989"
"263","ALIGN_RAMP","51507","0","0","-1","-1000","-2000000","31560","11672","11672","0","2935","1329","1899"
"264","ALIGN_RAMP","51506","-1","-5.4931640625","-1","-1000","0","31680","11673","11673","0","2935","1329","1809"
"265","ALIGN_RAMP","51505","-2","-10.986328125","-1","-1000","0","31800","11674","11674","0","2935","1329","1719"
"266","ALIGN_RAMP","51508","1","5.4931640625","3","3000","4000000","31920","11675","11675","0","2935","1329","1629"
"267","ALIGN_RAMP","51508","1","5.4931640625","0","0","-3000000","32040","11676","11676","0","2935","1329","1539"
"268","ALIGN_RAMP","51505","-2","-10.986328125","-3","-3000","-3000000","32160","11677","11677","0","2935","1329","1449"
"269","ALIGN_RAMP","51502","-5","-27.4658203125","-3","-3000","0","32280","11678","11678","0","2935","1329","1359"
"270","ALIGN_RAMP","51503","-4","-21.97265625","1","1000","4000000","32400","11679","11679","0","2935","1329","1269"
"271","ALIGN_RAMP","51504","-3","-16.4794921875","1","1000","0","32520","11680","11680","0","2935","1329","1179"
"272","ALIGN_RAMP","51506","-1","-5.4931640625","2","2000","1000000","32640","11681","11681","0","2935","1329","1089"
"273","ALIGN_RAMP","51505","-2","-10.986328125","-1","-1000","-3000000","32760","11682","11682","0","2935","1329","999"
"274","ALIGN_RAMP","51503","-4","-21.97265625","-2","-2000","-1000000","32880","11683","11683","0","2935","1329","909"
"275","ALIGN_RAMP","51504","-3","-16.4794921875","1","1000","3000000","33000","11684","11684","0","2935","1329","819"
"276","ALIGN_RAMP","51506","-1","-5.4931640625","2","2000","1000000","33120","11685","11685","0","2935","1329","729"
"277","ALIGN_RAMP","51502","-5","-27.4658203125","-4","-4000","-6000000","33240","11686","11686","0","2935","1329","639"
"278","ALIGN_RAMP","51499","-8","-43.9453125","-3","-3000","1000000","33360","11687","11687","0","2935","1329","549"
"279","ALIGN_RAMP","51503","-4","-21.97265625","4","4000","7000000","33480","11688","11688","0","2935","1329","459"
"280","ALIGN_RAMP","51507","0","0","4","4000","0","33600","11689","11689","0","2935","1329","369"
"281","ALIGN_RAMP","51506","-1","-5.4931640625","-1","-1000","-5000000","33720","11690","11690","0","2935","1329","279"
"282","ALIGN_RAMP","51501","-6","-32.958984375","-5","-5000","-4000000","33840","11691","11691","0","2935","1329","189"
"283","ALIGN_RAMP","51507","0","0","6","6000","11000000","33960","11692","11692","0","2935","1329","99"
"284","ALIGN_RAMP","51501","-6","-32.958984375","-6","-6000","-12000000","34080","11693","11693","0","2935","1329","9"
"285","ALIGN_RAMP","51505","-2","-10.986328125","4","4000","10000000","34200","11694","11694","0","2935","1329","2074"
"286","ALIGN_RAMP","51505","-2","-10.986328125","0","0","-4000000","34320","11695","11695","0","2935","1329","1984"
"287","ALIGN_RAMP","51503","-4","-21.97265625","-2","-2000","-2000000","34440","11696","11696","0","2935","1329","1894"
"288","ALIGN_RAMP","51502","-5","-27.4658203125","-1","-1000","1000000","34560","11697","11697","0","2935","1329","1804"
"289","ALIGN_RAMP","51501","-6","-32.958984375","-1","-1000","0","34680","11698","11698","0","2935","1329","1714"
"290","ALIGN_RAMP","51506","-1","-5.4931640625","5","5000","6000000","34800","11699","11699","0","2935","1329","1624"
"291","ALIGN_RAMP","51507","0","0","1","1000","-4000000","34920","11700","11700","0","2935","1329","1534"
"292","ALIGN_RAMP","51505","-2","-10.986328125","-2","-2000","-3000000","35040","11701","11701","0","2935","1329","1444"
"293","ALIGN_RAMP","51501","-6","-32.958984375","-4","-4000","-2000000","35160","11702","11702","0","2935","1329","1354"
"294","ALIGN_RAMP","51506","-1","-5.4931640625","5","5000","9000000","35280","11703","11703","0","2935","1329","1264"
"295","ALIGN_RAMP","51504","-3","-16.4794921875","-2","-2000","-7000000","35400","11704","11704","0","2935","1329","1174"
"296","ALIGN_RAMP","51505","-2","-10.986328125","1","1000","3000000","35520","11705","11705","0","2935","1329","1084"
"297","ALIGN_RAMP","51504","-3","-16.4794921875","-1","-1000","-2000000","35640","11706","11706","0","2935","1329","994"
"298","ALIGN_RAMP","51504","-3","-16.4794921875","0","0","1000000","35760","11707","11707","0","2935","1329","904"
"299","ALIGN_RAMP","51503","-4","-21.97265625","-1","-1000","-1000000","35880","11708","11708","0","2935","1329","814"
"300","ALIGN_RAMP","51504","-3","-16.4794921875","1","1000","2000000","36000","11709","11709","0","2935","1329","724"
"301","ALIGN_RAMP","51506","-1","-5.4931640625","2","2000","1000000","36120","11710","11710","0","2935","1329","634"
"302","ALIGN_RAMP","51503","-4","-21.97265625","-3","-3000","-5000000","36240","11711","11711","0","2935","1329","544"
"303","ALIGN_RAMP","51502","-5","-27.4658203125","-1","-1000","2000000","36360","11712","11712","0","2935","1329","454"
"304","ALIGN_RAMP","51504","-3","-16.4794921875","2","2000","3000000","36480","11713","11713","0","2935","1329","364"
"305","ALIGN_RAMP","51505","-2","-10.986328125","1","1000","-1000000","36600","11714","11714","0","2935","1329","274"
"306","ALIGN_RAMP","51505","-2","-10.986328125","0","0","-1000000","36720","11715","11715","0","2935","1329","184"
"307","ALIGN_RAMP","51503","-4","-21.97265625","-2","-2000","-2000000","36840","11716","11716","0","2935","1329","94"
"308","ALIGN_RAMP","51501","-6","-32.958984375","-2","-2000","0","36960","11717","11717","0","2935","1329","4"
"309","ALIGN_RAMP","51504","-3","-16.4794921875","3","3000","5000000","37080","11718","11718","0","2935","1329","2069"
"310","ALIGN_RAMP","51503","-4","-21.97265625","-1","-1000","-4000000","37200","11719","11719","0","2935","1329","1979"
"311","ALIGN_RAMP","51505","-2","-10.986328125","2","2000","3000000","37320","11720","11720","0","2935","1329","1889"
"312","ALIGN_RAMP","51503","-4","-21.97265625","-2","-2000","-4000000","37440","11721","11721","0","2935","1329","1799"
"313","ALIGN_RAMP","51505","-2","-10.986328125","2","2000","4000000","37560","11722","11722","0","2935","1329","1709"
"314","ALIGN_RAMP","51504","-3","-16.4794921875","-1","-1000","-3000000","37680","11723","11723","0","2935","1329","1619"
"315","ALIGN_RAMP","51502","-5","-27.4658203125","-2","-2000","-1000000","37800","11724","11724","0","2935","1329","1529"
"316","ALIGN_RAMP","51502","-5","-27.4658203125","0","0","2000000","37920","11725","11725","0","2935","1329","1439"
"317","ALIGN_RAMP","51505","-2","-10.986328125","3","3000","3000000","38040","11726","11726","0","2935","1329","1349"
"318","ALIGN_RAMP","51505","-2","-10.986328125","0","0","-3000000","38160","11727","11727","0","2935","1329","1259"
"319","ALIGN_RAMP","51504","-3","-16.4794921875","-1","-1000","-1000000","38280","11728","11728","0","2935","1329","1169"
"320","ALIGN_RAMP","51504","-3","-16.4794921875","0","0","1000000","38400","11729","11729","0","2935","1329","1079"
"321","ALIGN_RAMP","51503","-4","-21.97265625","-1","-1000","-1000000","38520","11730","11730","0","2935","1329","989"
"322","ALIGN_RAMP","51501","-6","-32.958984375","-2","-2000","-1000000","38640","11731","11731","0","2935","1329","899"
"323","ALIGN_RAMP","51504","-3","-16.4794921875","3","3000","5000000","38760","11732","11732","0","2935","1329","809"
"324","ALIGN_RAMP","51505","-2","-10.986328125","1","1000","-2000000","38880","11733","11733","0","2935","1329","719"
"325","ALIGN_RAMP","51503","-4","-21.97265625","-2","-2000","-3000000","39000","11734","11734","0","2935","1329","629"
"326","ALIGN_RAMP","51500","-7","-38.4521484375","-3","-3000","-1000000","39120","11735","11735","0","2935","1329","539"
"327","ALIGN_RAMP","51502","-5","-27.4658203125","2","2000","5000000","39240","11736","11736","0","2935","1329","449"
"328","ALIGN_RAMP","51501","-6","-32.958984375","-1","-1000","-3000000","39360","11737","11737","0","2935","1329","359"
"329","ALIGN_RAMP","51505","-2","-10.986328125","4","4000","5000000","39480","11738","11738","0","2935","1329","269"
"330","ALIGN_RAMP","51505","-2","-10.986328125","0","0","-4000000","39600","11739","11739","0","2935","1329","179"
"331","ALIGN_RAMP","51500","-7","-38.4521484375","-5","-5000","-5000000","39720","11740","11740","0","2935","1329","89"
"332","ALIGN_RAMP","51505","-2","-10.986328125","5","5000","10000000","39840","11741","11741","0","2935","1329","2154"
"333","ALIGN_RAMP","51501","-6","-32.958984375","-4","-4000","-9000000","39960","11742","11742","0","2935","1329","2064"
"334","ALIGN_RAMP","51503","-4","-21.97265625","2","2000","6000000","40080","11743","11743","0","2935","1329","1974"
"335","ALIGN_RAMP","51504","-3","-16.4794921875","1","1000","-1000000","40200","11744","11744","0","2935","1329","1884"
"336","ALIGN_RAMP","51505","-2","-10.986328125","1","1000","0","40320","11745","11745","0","2935","1329","1794"
"337","ALIGN_RAMP","51499","-8","-43.9453125","-6","-6000","-7000000","40440","11746","11746","0","2935","1329","1704"
"338","ALIGN_RAMP","51504","-3","-16.4794921875","5","5000","11000000","40560","11747","11747","0","2935","1329","1614"
"339","ALIGN_RAMP","51505","-2","-10.986328125","1","1000","-4000000","40680","11748","11748","0","2935","1329","1524"
"340","ALIGN_RAMP","51499","-8","-43.9453125","-6","-6000","-7000000","40800","11749","11749","0","2935","1329","1434"
"341","ALIGN_RAMP","51501","-6","-32.958984375","2","2000","8000000","40920","11750","11750","0","2935","1329","1344"
"342","ALIGN_RAMP","51502","-5","-27.4658203125","1","1000","-1000000","41040","11751","11751","0","2935","1329","1254"
"343","ALIGN_RAMP","51503","-4","-21.97265625","1","1000","0","41160","11752","11752","0","2935","1329","1164"
"344","ALIGN_RAMP","51503","-4","-21.97265625","0","0","-1000000","41280","11753","11753","0","2935","1329","1074"
"345","ALIGN_RAMP","51502","-5","-27.4658203125","-1","-1000","-1000000","41400","11754","11754","0","2935","1329","984"
"346","ALIGN_RAMP","51507","0","0","5","5000","6000000","41520","11755","11755","0","2935","1329","894"
"347","ALIGN_RAMP","51499","-8","-43.9453125","-8","-8000","-13000000","41640","11756","11756","0","2935","1329","804"
"348","ALIGN_RAMP","51503","-4","-21.97265625","4","4000","12000000","41760","11757","11757","0","2935","1329","714"
"349","ALIGN_RAMP","51500","-7","-38.4521484375","-3","-3000","-7000000","41880","11758","11758","0","2935","1329","624"
"350","ALIGN_RAMP","51501","-6","-32.958984375","1","1000","4000000","42000","11759","11759","0","2935","1329","534"
"351","ALIGN_RAMP","51504","-3","-16.4794921875","3","3000","2000000","42120","11760","11760","0","2935","1329","444"
"352","ALIGN_RAMP","51506","-1","-5.4931640625","2","2000","-1000000","42240","11761","11761","0","2935","1329","354"
"353","ALIGN_RAMP","51506","-1","-5.4931640625","0","0","-2000000","42360","11762","11762","0","2935","1329","264"
"354","ALIGN_RAMP","51504","-3","-16.4794921875","-2","-2000","-2000000","42480","11763","11763","0","2935","1329","174"
"355","ALIGN_RAMP","51503","-4","-21.97265625","-1","-1000","1000000","42600","11764","11764","0","2935","1329","84"
"356","ALIGN_RAMP","51501","-6","-32.958984375","-2","-2000","-1000000","42720","11765","11765","0","2935","1329","2149"
"357","ALIGN_RAMP","51503","-4","-21.97265625","2","2000","4000000","42840","11766","11766","0","2935","1329","2059"
"358","ALIGN_RAMP","51500","-7","-38.4521484375","-3","-3000","-5000000","42960","11767","11767","0","2935","1329","1969"
"359","ALIGN_RAMP","51505","-2","-10.986328125","5","5000","8000000","43080","11768","11768","0","2935","1329","1879"
"360","ALIGN_RAMP","51501","-6","-32.958984375","-4","-4000","-9000000","43200","11769","11769","0","2935","1329","1789"
"361","ALIGN_RAMP","51502","-5","-27.4658203125","1","1000","5000000","43320","11770","11770","0","2935","1329","1699"
"362","ALIGN_RAMP","51502","-5","-27.4658203125","0","0","-1000000","43440","11771","11771","0","2935","1329","1609"
"363","ALIGN_RAMP","51502","-5","-27.4658203125","0","0","0","43560","11772","11772","0","2935","1329","1519"
"364","ALIGN_RAMP","51500","-7","-38.4521484375","-2","-2000","-2000000","43680","11773","11773","0","2935","1329","1429"
"365","ALIGN_RAMP","51502","-5","-27.4658203125","2","2000","4000000","43800","11774","11774","0","2935","1329","1339"
"366","ALIGN_RAMP","51505","-2","-10.986328125","3","3000","1000000","43920","11775","11775","0","2935","1329","1249"
"367","ALIGN_RAMP","51501","-6","-32.958984375","-4","-4000","-7000000","44040","11776","11776","0","2935","1329","1159"
"368","ALIGN_RAMP","51499","-8","-43.9453125","-2","-2000","2000000","44160","11777","11777","0","2935","1329","1069"
"369","ALIGN_RAMP","51502","-5","-27.4658203125","3","3000","5000000","44280","11778","11778","0","2935","1329","979"
"370","ALIGN_RAMP","51498","-9","-49.4384765625","-4","-4000","-7000000","44400","11779","11779","0","2935","1329","889"
"371","ALIGN_RAMP","51503","-4","-21.97265625","5","5000","9000000","44520","11780","11780","0","2935","1329","799"
"372","ALIGN_RAMP","51500","-7","-38.4521484375","-3","-3000","-8000000","44640","11781","11781","0","2935","1329","709"
"373","ALIGN_RAMP","51502","-5","-27.4658203125","2","2000","5000000","44760","11782","11782","0","2935","1329","619"
"374","ALIGN_RAMP","51501","-6","-32.958984375","-1","-1000","-3000000","44880","11783","11783","0","2935","1329","529"
"375","ALIGN_RAMP","51502","-5","-27.4658203125","1","1000","2000000","45000","11784","11784","0","2935","1329","439"
"376","ALIGN_RAMP","51500","-7","-38.4521484375","-2","-2000","-3000000","45120","11785","11785","0","2935","1329","349"
"377","ALIGN_RAMP","51503","-4","-21.97265625","3","3000","5000000","45240","11786","11786","0","2935","1329","259"
"378","ALIGN_RAMP","51501","-6","-32.958984375","-2","-2000","-5000000","45360","11787","11787","0","2935","1329","169"
"379","ALIGN_RAMP","51500","-7","-38.4521484375","-1","-1000","1000000","45480","11788","11788","0","2935","1329","79"
"380","ALIGN_RAMP","51503","-4","-21.97265625","3","3000","4000000","45600","11789","11789","0","2935","1329","2144"
"381","ALIGN_RAMP","51503","-4","-21.97265625","0","0","-3000000","45720","11790","11790","0","2935","1329","2054"
"382","ALIGN_RAMP","51502","-5","-27.4658203125","-1","-1000","-1000000","45840","11791","11791","0","2935","1329","1964"
"383","ALIGN_RAMP","51501","-6","-32.958984375","-1","-1000","0","45960","11792","11792","0","2935","1329","1874"
"384","ALIGN_RAMP","51501","-6","-32.958984375","0","0","1000000","46080","11793","11793","0","2935","1329","1784"
"385","ALIGN_RAMP","51500","-7","-38.4521484375","-1","-1000","-1000000","46200","11794","11794","0","2935","1329","1694"
"386","ALIGN_RAMP","51502","-5","-27.4658203125","2","2000","3000000","46320","11795","11795","0","2935","1329","1604"
"387","ALIGN_RAMP","51500","-7","-38.4521484375","-2","-2000","-4000000","46440","11796","11796","0","2935","1329","1514"
"388","ALIGN_RAMP","51502","-5","-27.4658203125","2","2000","4000000","46560","11797","11797","0","2935","1329","1424"
"389","ALIGN_RAMP","51504","-3","-16.4794921875","2","2000","0","46680","11798","11798","0","2935","1329","1334"
"390","ALIGN_RAMP","51502","-5","-27.4658203125","-2","-2000","-4000000","46800","11799","11799","0","2935","1329","1244"
"391","ALIGN_RAMP","51502","-5","-27.4658203125","0","0","2000000","46920","11800","11800","0","2935","1329","1154"
"392","ALIGN_RAMP","51499","-8","-43.9453125","-3","-3000","-3000000","47040","11801","11801","0","2935","1329","1064"
"393","ALIGN_RAMP","51500","-7","-38.4521484375","1","1000","4000000","47160","11802","11802","0","2935","1329","974"
"394","ALIGN_RAMP","51499","-8","-43.9453125","-1","-1000","-2000000","47280","11803","11803","0","2935","1329","884"
"395","ALIGN_RAMP","51505","-2","-10.986328125","6","6000","7000000","47400","11804","11804","0","2935","1329","794"
"396","ALIGN_RAMP","51501","-6","-32.958984375","-4","-4000","-10000000","47520","11805","11805","0","2935","1329","704"
"397","ALIGN_RAMP","51500","-7","-38.4521484375","-1","-1000","3000000","47640","11806","11806","0","2935","1329","614"
"398","ALIGN_RAMP","51501","-6","-32.958984375","1","1000","2000000","47760","11807","11807","0","2935","1329","524"
"399","ALIGN_RAMP","51498","-9","-49.4384765625","-3","-3000","-4000000","47880","11808","11808","0","2935","1329","434"
"400","ALIGN_RAMP","51500","-7","-38.4521484375","2","2000","5000000","48000","11809","11809","0","2935","1329","410"
"401","ALIGN_RAMP","51499","-8","-43.9453125","-1","-1000","-3000000","48120","11810","11810","0","2935","1329","254"
"402","ALIGN_RAMP","51500","-7","-38.4521484375","1","1000","2000000","48240","11811","11811","0","2935","1329","164"
"403","ALIGN_RAMP","51497","-10","-54.931640625","-3","-3000","-4000000","48360","11812","11812","0","2935","1329","74"
"404","ALIGN_RAMP","51503","-4","-21.97265625","6","6000","9000000","48480","11813","11813","0","2935","1329","2139"
"405","ALIGN_RAMP","51500","-7","-38.4521484375","-3","-3000","-9000000","48600","11814","11814","0","2935","1329","2049"
"406","ALIGN_RAMP","51503","-4","-21.97265625","3","3000","6000000","48720","11815","11815","0","2935","1329","1959"
"407","ALIGN_RAMP","51502","-5","-27.4658203125","-1","-1000","-4000000","48840","11816","11816","0","2935","1329","1869"
"408","ALIGN_RAMP","51500","-7","-38.4521484375","-2","-2000","-1000000","48960","11817","11817","0","2935","1329","1779"
"409","ALIGN_RAMP","51504","-3","-16.4794921875","4","4000","6000000","49080","11818","11818","0","2935","1329","1689"
"410","ALIGN_RAMP","51499","-8","-43.9453125","-5","-5000","-9000000","49200","11819","11819","0","2935","1329","1599"
"411","ALIGN_RAMP","51501","-6","-32.958984375","2","2000","7000000","49320","11820","11820","0","2935","1329","1509"
"412","ALIGN_RAMP","51504","-3","-16.4794921875","3","3000","1000000","49440","11821","11821","0","2935","1329","1419"
"413","ALIGN_RAMP","51502","-5","-27.4658203125","-2","-2000","-5000000","49560","11822","11822","0","2935","1329","1329"
"414","ALIGN_RAMP","51500","-7","-38.4521484375","-2","-2000","0","49680","11823","11823","0","2935","1329","1239"
"415","ALIGN_RAMP","51499","-8","-43.9453125","-1","-1000","1000000","49800","11824","11824","0","2935","1329","1149"
"416","ALIGN_RAMP","51499","-8","-43.9453125","0","0","1000000","49920","11825","11825","0","2935","1329","1059"
"417","ALIGN_RAMP","51499","-8","-43.9453125","0","0","0","50040","11826","11826","0","2935","1329","969"
"418","ALIGN_RAMP","51500","-7","-38.4521484375","1","1000","1000000","50160","11827","11827","0","2935","1329","879"
"419","ALIGN_RAMP","51501","-6","-32.958984375","1","1000","0","50280","11828","11828","0","2935","1329","789"
"420","ALIGN_RAMP","51499","-8","-43.9453125","-2","-2000","-3000000","50400","11829","11829","0","2935","1329","699"
"421","ALIGN_RAMP","51498","-9","-49.4384765625","-1","-1000","1000000","50520","11830","11830","0","2935","1329","609"
"422","ALIGN_RAMP","51499","-8","-43.9453125","1","1000","2000000","50640","11831","11831","0","2935","1329","519"
"423","ALIGN_RAMP","51500","-7","-38.4521484375","1","1000","0","50760","11832","11832","0","2935","1329","429"
"424","ALIGN_RAMP","51500","-7","-38.4521484375","0","0","-1000000","50880","11833","11833","0","2935","1329","339"
"425","ALIGN_RAMP","51504","-3","-16.4794921875","4","4000","4000000","51000","11834","11834","0","2935","1329","249"
"426","ALIGN_RAMP","51500","-7","-38.4521484375","-4","-4000","-8000000","51120","11835","11835","0","2935","1329","159"
"427","ALIGN_RAMP","51504","-3","-16.4794921875","4","4000","8000000","51240","11836","11836","0","2935","1329","69"
"428","ALIGN_RAMP","51501","-6","-32.958984375","-3","-3000","-7000000","51360","11837","11837","0","2935","1329","2134"
"429","ALIGN_RAMP","51502","-5","-27.4658203125","1","1000","4000000","51480","11838","11838","0","2935","1329","2044"
"430","ALIGN_RAMP","51499","-8","-43.9453125","-3","-3000","-4000000","51600","11839","11839","0","2935","1329","1954"
"431","ALIGN_RAMP","51500","-7","-38.4521484375","1","1000","4000000","51720","11840","11840","0","2935","1329","1864"
"432","ALIGN_RAMP","51502","-5","-27.4658203125","2","2000","1000000","51840","11841","11841","0","2935","1329","1774"
"433","ALIGN_RAMP","51501","-6","-32.958984375","-1","-1000","-3000000","51960","11842","11842","0","2935","1329","1684"
"434","ALIGN_RAMP","51498","-9","-49.4384765625","-3","-3000","-2000000","52080","11843","11843","0","2935","1329","1594"
"435","ALIGN_RAMP","51501","-6","-32.958984375","3","3000","6000000","52200","11844","11844","0","2935","1329","1504"
"436","ALIGN_RAMP","51501","-6","-32.958984375","0","0","-3000000","52320","11845","11845","0","2935","1329","1414"
"437","ALIGN_RAMP","51502","-5","-27.4658203125","1","1000","1000000","52440","11846","11846","0","2935","1329","1324"
"438","ALIGN_RAMP","51502","-5","-27.4658203125","0","0","-1000000","52560","11847","11847","0","2935","1329","1234"
"439","ALIGN_RAMP","51501","-6","-32.958984375","-1","-1000","-1000000","52680","11848","11848","0","2935","1329","1144"
"440","ALIGN_RAMP","51500","-7","-38.4521484375","-1","-1000","0","52800","11849","11849","0","2935","1329","1054"
"441","ALIGN_RAMP","51504","-3","-16.4794921875","4","4000","5000000","52920","11850","11850","0","2935","1329","964"
"442","ALIGN_RAMP","51503","-4","-21.97265625","-1","-1000","-5000000","53040","11851","11851","0","2935","1329","874"
"443","ALIGN_RAMP","51501","-6","-32.958984375","-2","-2000","-1000000","53160","11852","11852","0","2935","1329","784"
"444","ALIGN_RAMP","51499","-8","-43.9453125","-2","-2000","0","53280","11853","11853","0","2935","1329","694"
"445","ALIGN_RAMP","51500","-7","-38.4521484375","1","1000","3000000","53400","11854","11854","0","2935","1329","604"
"446","ALIGN_RAMP","51502","-5","-27.4658203125","2","2000","1000000","53520","11855","11855","0","2935","1329","514"
"447","ALIGN_RAMP","51500","-7","-38.4521484375","-2","-2000","-4000000","53640","11856","11856","0","2935","1329","424"
"448","ALIGN_RAMP","51502","-5","-27.4658203125","2","2000","4000000","53760","11857","11857","0","2935","1329","334"
"449","ALIGN_RAMP","51501","-6","-32.958984375","-1","-1000","-3000000","53880","11858","11858","0","2935","1329","244"
"450","ALIGN_RAMP","51499","-8","-43.9453125","-2","-2000","-1000000","54000","11859","11859","0","2935","1329","154"
"451","ALIGN_RAMP","51500","-7","-38.4521484375","1","1000","3000000","54120","11860","11860","0","2935","1329","64"
"452","ALIGN_RAMP","51502","-5","-27.4658203125","2","2000","1000000","54240","11861","11861","0","2935","1329","2129"
"453","ALIGN_RAMP","51504","-3","-16.4794921875","2","2000","0","54360","11862","11862","0","2935","1329","2039"
"454","ALIGN_RAMP","51499","-8","-43.9453125","-5","-5000","-7000000","54480","11863","11863","0","2935","1329","1949"
"455","ALIGN_RAMP","51503","-4","-21.97265625","4","4000","9000000","54600","11864","11864","0","2935","1329","1859"
"456","ALIGN_RAMP","51500","-7","-38.4521484375","-3","-3000","-7000000","54720","11865","11865","0","2935","1329","1769"
"457","ALIGN_RAMP","51498","-9","-49.4384765625","-2","-2000","1000000","54840","11866","11866","0","2935","1329","1679"
"458","ALIGN_RAMP","51499","-8","-43.9453125","1","1000","3000000","54960","11867","11867","0","2935","1329","1589"
"459","ALIGN_RAMP","51504","-3","-16.4794921875","5","5000","4000000","55080","11868","11868","0","2935","1329","1499"
"460","ALIGN_RAMP","51504","-3","-16.4794921875","0","0","-5000000","55200","11869","11869","0","2935","1329","1409"
"461","ALIGN_RAMP","51498","-9","-49.4384765625","-6","-6000","-6000000","55320","11870","11870","0","2935","1329","1319"
"462","ALIGN_RAMP","51503","-4","-21.97265625","5","5000","11000000","55440","11871","11871","0","2935","1329","1229"
"463","ALIGN_RAMP","51501","-6","-32.958984375","-2","-2000","-7000000","55560","11872","11872","0","2935","1329","1139"
"464","ALIGN_RAMP","51500","-7","-38.4521484375","-1","-1000","1000000","55680","11873","11873","0","2935","1329","1049"
"465","ALIGN_RAMP","51503","-4","-21.97265625","3","3000","4000000","55800","11874","11874","0","2935","1329","959"
"466","ALIGN_RAMP","51505","-2","-10.986328125","2","2000","-1000000","55920","11875","11875","0","2935","1329","869"
"467","ALIGN_RAMP","51499","-8","-43.9453125","-6","-6000","-8000000","56040","11876","11876","0","2935","1329","779"
"468","ALIGN_RAMP","51500","-7","-38.4521484375","1","1000","7000000","56160","11877","11877","0","2935","1329","689"
"469","ALIGN_RAMP","51500","-7","-38.4521484375","0","0","-1000000","56280","11878","11878","0","2935","1329","599"
"470","ALIGN_RAMP","51498","-9","-49.4384765625","-2","-2000","-2000000","56400","11879","11879","0","2935","1329","509"
"471","ALIGN_RAMP","51502","-5","-27.4658203125","4","4000","6000000","56520","11880","11880","0","2935","1329","419"
"472","ALIGN_RAMP","51500","-7","-38.4521484375","-2","-2000","-6000000","56640","11881","11881","0","2935","1329","329"
"473","ALIGN_RAMP","51503","-4","-21.97265625","3","3000","5000000","56760","11882","11882","0","2935","1329","239"
"474","ALIGN_RAMP","51502","-5","-27.4658203125","-1","-1000","-4000000","56880","11883","11883","0","2935","1329","149"
"475","ALIGN_RAMP","51503","-4","-21.97265625","1","1000","2000000","57000","11884","11884","0","2935","1329","59"
"476","ALIGN_RAMP","51500","-7","-38.4521484375","-3","-3000","-4000000","57120","11885","11885","0","2935","1329","2124"
"477","ALIGN_RAMP","51502","-5","-27.4658203125","2","2000","5000000","57240","11886","11886","0","2935","1329","2034"
"478","ALIGN_RAMP","51501","-6","-32.958984375","-1","-1000","-3000000","57360","11887","11887","0","2935","1329","1944"
"479","ALIGN_RAMP","51501","-6","-32.958984375","0","0","1000000","57480","11888","11888","0","2935","1329","1854"
"480","ALIGN_RAMP","51504","-3","-16.4794921875","3","3000","3000000","57600","11889","11889","0","2935","1329","1764"
"481","ALIGN_RAMP","51501","-6","-32.958984375","-3","-3000","-6000000","57720","11890","11890","0","2935","1329","1674"
"482","ALIGN_RAMP","51499","-8","-43.9453125","-2","-2000","1000000","57840","11891","11891","0","2935","1329","1584"
"483","ALIGN_RAMP","51502","-5","-27.4658203125","3","3000","5000000","57960","11892","11892","0","2935","1329","1494"
"484","ALIGN_RAMP","51502","-5","-27.4658203125","0","0","-3000000","58080","11893","11893","0","2935","1329","1404"
"485","ALIGN_RAMP","51501","-6","-32.958984375","-1","-1000","-1000000","58200","11894","11894","0","2935","1329","1314"
"486","ALIGN_RAMP","51501","-6","-32.958984375","0","0","1000000","58320","11895","11895","0","2935","1329","1224"
"487","ALIGN_RAMP","51501","-6","-32.958984375","0","0","0","58440","11896","11896","0","2935","1329","1134"
"488","ALIGN_RAMP","51504","-3","-16.4794921875","3","3000","3000000","58560","11897","11897","0","2935","1329","1044"
"489","ALIGN_RAMP","51499","-8","-43.9453125","-5","-5000","-8000000","58680","11898","11898","0","2935","1329","954"
"490","ALIGN_RAMP","51501","-6","-32.958984375","2","2000","7000000","58800","11899","11899","0","2935","1329","864"
"491","ALIGN_RAMP","51501","-6","-32.958984375","0","0","-2000000","58920","11900","11900","0","2935","1329","774"
"492","ALIGN_RAMP","51501","-6","-32.958984375","0","0","0","59040","11901","11901","0","2935","1329","684"
"493","ALIGN_RAMP","51499","-8","-43.9453125","-2","-2000","-2000000","59160","11902","11902","0","2935","1329","594"
"494","ALIGN_RAMP","51502","-5","-27.4658203125","3","3000","5000000","59280","11903","11903","0","2935","1329","504"
"495","ALIGN_RAMP","51499","-8","-43.9453125","-3","-3000","-6000000","59400","11904","11904","0","2935","1329","414"
"496","ALIGN_RAMP","51500","-7","-38.4521484375","1","1000","4000000","59520","11905","11905","0","2935","1329","324"
"497","ALIGN_RAMP","51499","-8","-43.9453125","-1","-1000","-2000000","59640","11906","11906","0","2935","1329","234"
"498","ALIGN_RAMP","51500","-7","-38.4521484375","1","1000","2000000","59760","11907","11907","0","2935","1329","144"
"499","ALIGN_RAMP","51501","-6","-32.958984375","1","1000","0","59880","11908","11908","0","2935","1329","54"
"500","ALIGN_RAMP","51500","-7","-38.4521484375","-1","-1000","-2000000","60000","11909","11909","0","2935","1329","2119"
"501","ALIGN_HOLD","51498","-9","-49.4384765625","-2","-2000","-1000000","60000","11910","11910","0","2935","1329","2029"
"502","ALIGN_HOLD","51500","-7","-38.4521484375","2","2000","4000000","60000","11911","11911","0","2935","1329","1939"
"503","ALIGN_HOLD","51504","-3","-16.4794921875","4","4000","2000000","60000","11912","11912","0","2935","1329","1849"
"504","ALIGN_HOLD","51501","-6","-32.958984375","-3","-3000","-7000000","60000","11913","11913","0","2935","1329","1759"
"505","ALIGN_HOLD","51500","-7","-38.4521484375","-1","-1000","2000000","60000","11914","11914","0","2935","1329","1669"
"506","ALIGN_HOLD","51499","-8","-43.9453125","-1","-1000","0","60000","11915","11915","0","2935","1329","1579"
"507","ALIGN_HOLD","51502","-5","-27.4658203125","3","3000","4000000","60000","11916","11916","0","2935","1329","1489"
"508","ALIGN_HOLD","51498","-9","-49.4384765625","-4","-4000","-7000000","60000","11917","11917","0","2935","1329","1399"
"509","ALIGN_HOLD","51501","-6","-32.958984375","3","3000","7000000","60000","11918","11918","0","2935","1329","1309"
"510","ALIGN_HOLD","51502","-5","-27.4658203125","1","1000","-2000000","60000","11919","11919","0","2935","1329","1219"
"511","ALIGN_HOLD","51500","-7","-38.4521484375","-2","-2000","-3000000","60000","11920","11920","0","2935","1329","1129"
"512","ALIGN_HOLD","51500","-7","-38.4521484375","0","0","2000000","60000","11921","11921","0","2935","1329","1039"
"513","ALIGN_HOLD","51500","-7","-38.4521484375","0","0","0","60000","11922","11922","0","2935","1329","949"
"514","ALIGN_HOLD","51500","-7","-38.4521484375","0","0","0","60000","11923","11923","0","2935","1329","859"
"515","ALIGN_HOLD","51502","-5","-27.4658203125","2","2000","2000000","60000","11924","11924","0","2935","1329","769"
"516","ALIGN_HOLD","51504","-3","-16.4794921875","2","2000","0","60000","11925","11925","0","2935","1329","679"
"517","ALIGN_HOLD","51500","-7","-38.4521484375","-4","-4000","-6000000","60000","11926","11926","0","2935","1329","589"
"518","ALIGN_HOLD","51500","-7","-38.4521484375","0","0","4000000","60000","11927","11927","0","2935","1329","499"
"519","ALIGN_HOLD","51505","-2","-10.986328125","5","5000","5000000","60000","11928","11928","0","2935","1329","409"
"520","ALIGN_HOLD","51502","-5","-27.4658203125","-3","-3000","-8000000","60000","11929","11929","0","2935","1329","319"
"521","ALIGN_HOLD","51500","-7","-38.4521484375","-2","-2000","1000000","60000","11930","11930","0","2935","1329","229"
"522","ALIGN_HOLD","51502","-5","-27.4658203125","2","2000","4000000","60000","11931","11931","0","2935","1329","139"
"523","ALIGN_HOLD","51505","-2","-10.986328125","3","3000","1000000","60000","11932","11932","0","2935","1329","49"
"524","ALIGN_HOLD","51504","-3","-16.4794921875","-1","-1000","-4000000","60000","11933","11933","0","2935","1329","2114"
"525","ALIGN_HOLD","51501","-6","-32.958984375","-3","-3000","-2000000","60000","11934","11934","0","2935","1329","2024"
"526","ALIGN_HOLD","51500","-7","-38.4521484375","-1","-1000","2000000","60000","11935","11935","0","2935","1329","1934"
"527","ALIGN_HOLD","51505","-2","-10.986328125","5","5000","6000000","60000","11936","11936","0","2935","1329","1844"
"528","ALIGN_HOLD","51505","-2","-10.986328125","0","0","-5000000","60000","11937","11937","0","2935","1329","1754"
"529","ALIGN_HOLD","51503","-4","-21.97265625","-2","-2000","-2000000","60000","11938","11938","0","2935","1329","1664"
"530","ALIGN_HOLD","51500","-7","-38.4521484375","-3","-3000","-1000000","60000","11939","11939","0","2935","1329","1574"
"531","ALIGN_HOLD","51498","-9","-49.4384765625","-2","-2000","1000000","60000","11940","11940","0","2935","1329","1484"
"532","ALIGN_HOLD","51504","-3","-16.4794921875","6","6000","8000000","60000","11941","11941","0","2935","1329","1394"
"533","ALIGN_HOLD","51499","-8","-43.9453125","-5","-5000","-11000000","60000","11942","11942","0","2935","1329","1304"
"534","ALIGN_HOLD","51502","-5","-27.4658203125","3","3000","8000000","60000","11943","11943","0","2935","1329","1214"
"535","ALIGN_HOLD","51500","-7","-38.4521484375","-2","-2000","-5000000","60000","11944","11944","0","2935","1329","1124"
"536","ALIGN_HOLD","51499","-8","-43.9453125","-1","-1000","1000000","60000","11945","11945","0","2935","1329","1034"
"537","ALIGN_HOLD","51500","-7","-38.4521484375","1","1000","2000000","60000","11946","11946","0","2935","1329","944"
"538","ALIGN_HOLD","51499","-8","-43.9453125","-1","-1000","-2000000","60000","11947","11947","0","2935","1329","854"
"539","ALIGN_HOLD","51500","-7","-38.4521484375","1","1000","2000000","60000","11948","11948","0","2935","1329","764"
"540","ALIGN_HOLD","51505","-2","-10.986328125","5","5000","4000000","60000","11949","11949","0","2935","1329","674"
"541","ALIGN_HOLD","51500","-7","-38.4521484375","-5","-5000","-10000000","60000","11950","11950","0","2935","1329","584"
"542","ALIGN_HOLD","51502","-5","-27.4658203125","2","2000","7000000","60000","11951","11951","0","2935","1329","494"
"543","ALIGN_HOLD","51502","-5","-27.4658203125","0","0","-2000000","60000","11952","11952","0","2935","1329","404"
"544","ALIGN_HOLD","51500","-7","-38.4521484375","-2","-2000","-2000000","60000","11953","11953","0","2935","1329","314"
"545","ALIGN_HOLD","51498","-9","-49.4384765625","-2","-2000","0","60000","11954","11954","0","2935","1329","224"
"546","ALIGN_HOLD","51499","-8","-43.9453125","1","1000","3000000","60000","11955","11955","0","2935","1329","134"
"547","ALIGN_HOLD","51499","-8","-43.9453125","0","0","-1000000","60000","11956","11956","0","2935","1329","44"
"548","ALIGN_HOLD","51500","-7","-38.4521484375","1","1000","1000000","60000","11957","11957","0","2935","1329","2109"
"549","ALIGN_HOLD","51501","-6","-32.958984375","1","1000","0","60000","11958","11958","0","2935","1329","2019"
"550","ALIGN_HOLD","51501","-6","-32.958984375","0","0","-1000000","60000","11959","11959","0","2935","1329","1929"
"551","ALIGN_HOLD","51499","-8","-43.9453125","-2","-2000","-2000000","60000","11960","11960","0","2935","1329","1839"
"552","ALIGN_HOLD","51501","-6","-32.958984375","2","2000","4000000","60000","11961","11961","0","2935","1329","1749"
"553","ALIGN_HOLD","51502","-5","-27.4658203125","1","1000","-1000000","60000","11962","11962","0","2935","1329","1659"
"554","ALIGN_HOLD","51502","-5","-27.4658203125","0","0","-1000000","60000","11963","11963","0","2935","1329","1569"
"555","ALIGN_HOLD","51502","-5","-27.4658203125","0","0","0","60000","11964","11964","0","2935","1329","1479"
"556","ALIGN_HOLD","51500","-7","-38.4521484375","-2","-2000","-2000000","60000","11965","11965","0","2935","1329","1389"
"557","ALIGN_HOLD","51503","-4","-21.97265625","3","3000","5000000","60000","11966","11966","0","2935","1329","1299"
"558","ALIGN_HOLD","51503","-4","-21.97265625","0","0","-3000000","60000","11967","11967","0","2935","1329","1209"
"559","ALIGN_HOLD","51501","-6","-32.958984375","-2","-2000","-2000000","60000","11968","11968","0","2935","1329","1119"
"560","ALIGN_HOLD","51503","-4","-21.97265625","2","2000","4000000","60000","11969","11969","0","2935","1329","1029"
"561","ALIGN_HOLD","51500","-7","-38.4521484375","-3","-3000","-5000000","60000","11970","11970","0","2935","1329","939"
"562","ALIGN_HOLD","51497","-10","-54.931640625","-3","-3000","0","60000","11971","11971","0","2935","1329","849"
"563","ALIGN_HOLD","51502","-5","-27.4658203125","5","5000","8000000","60000","11972","11972","0","2935","1329","759"
"564","ALIGN_HOLD","51505","-2","-10.986328125","3","3000","-2000000","60000","11973","11973","0","2935","1329","669"
"565","ALIGN_HOLD","51499","-8","-43.9453125","-6","-6000","-9000000","60000","11974","11974","0","2935","1329","579"
"566","ALIGN_HOLD","51501","-6","-32.958984375","2","2000","8000000","60000","11975","11975","0","2935","1329","489"
"567","ALIGN_HOLD","51504","-3","-16.4794921875","3","3000","1000000","60000","11976","11976","0","2935","1329","399"
"568","ALIGN_HOLD","51502","-5","-27.4658203125","-2","-2000","-5000000","60000","11977","11977","0","2935","1329","309"
"569","ALIGN_HOLD","51503","-4","-21.97265625","1","1000","3000000","60000","11978","11978","0","2935","1329","219"
"570","ALIGN_HOLD","51504","-3","-16.4794921875","1","1000","0","60000","11979","11979","0","2935","1329","129"
"571","ALIGN_HOLD","51500","-7","-38.4521484375","-4","-4000","-5000000","60000","11980","11980","0","2935","1329","39"
"572","ALIGN_HOLD","51499","-8","-43.9453125","-1","-1000","3000000","60000","11981","11981","0","2935","1329","2104"
"573","ALIGN_HOLD","51500","-7","-38.4521484375","1","1000","2000000","60000","11982","11982","0","2935","1329","2014"
"574","ALIGN_HOLD","51502","-5","-27.4658203125","2","2000","1000000","60000","11983","11983","0","2935","1329","1924"
"575","ALIGN_HOLD","51502","-5","-27.4658203125","0","0","-2000000","60000","11984","11984","0","2935","1329","1834"
"576","ALIGN_HOLD","51503","-4","-21.97265625","1","1000","1000000","60000","11985","11985","0","2935","1329","1744"
"577","ALIGN_HOLD","51505","-2","-10.986328125","2","2000","1000000","60000","11986","11986","0","2935","1329","1654"
"578","ALIGN_HOLD","51501","-6","-32.958984375","-4","-4000","-6000000","60000","11987","11987","0","2935","1329","1564"
"579","ALIGN_HOLD","51502","-5","-27.4658203125","1","1000","5000000","60000","11988","11988","0","2935","1329","1474"
"580","ALIGN_HOLD","51500","-7","-38.4521484375","-2","-2000","-3000000","60000","11989","11989","0","2935","1329","1384"
"581","ALIGN_HOLD","51504","-3","-16.4794921875","4","4000","6000000","60000","11990","11990","0","2935","1329","1294"
"582","ALIGN_HOLD","51499","-8","-43.9453125","-5","-5000","-9000000","60000","11991","11991","0","2935","1329","1204"
"583","ALIGN_HOLD","51505","-2","-10.986328125","6","6000","11000000","60000","11992","11992","0","2935","1329","1114"
"584","ALIGN_HOLD","51499","-8","-43.9453125","-6","-6000","-12000000","60000","11993","11993","0","2935","1329","1024"
"585","ALIGN_HOLD","51505","-2","-10.986328125","6","6000","12000000","60000","11994","11994","0","2935","1329","934"
"586","ALIGN_HOLD","51505","-2","-10.986328125","0","0","-6000000","60000","11995","11995","0","2935","1329","844"
"587","ALIGN_HOLD","51501","-6","-32.958984375","-4","-4000","-4000000","60000","11996","11996","0","2935","1329","754"
"588","ALIGN_HOLD","51501","-6","-32.958984375","0","0","4000000","60000","11997","11997","0","2935","1329","664"
"589","ALIGN_HOLD","51499","-8","-43.9453125","-2","-2000","-2000000","60000","11998","11998","0","2935","1329","574"
"590","ALIGN_HOLD","51500","-7","-38.4521484375","1","1000","3000000","60000","11999","11999","0","2935","1329","484"
"591","ALIGN_HOLD","51499","-8","-43.9453125","-1","-1000","-2000000","60000","12000","12000","0","2935","1329","394"
"592","ALIGN_HOLD","51502","-5","-27.4658203125","3","3000","4000000","60000","12001","12001","0","2935","1329","304"
"593","ALIGN_HOLD","51497","-10","-54.931640625","-5","-5000","-8000000","60000","12002","12002","0","2935","1329","214"
"594","ALIGN_HOLD","51502","-5","-27.4658203125","5","5000","10000000","60000","12003","12003","0","2935","1329","124"
"595","ALIGN_HOLD","51507","0","0","5","5000","0","60000","12004","12004","0","2935","1329","34"
"596","ALIGN_HOLD","51501","-6","-32.958984375","-6","-6000","-11000000","60000","12005","12005","0","2935","1329","2099"
"597","ALIGN_HOLD","51499","-8","-43.9453125","-2","-2000","4000000","60000","12006","12006","0","2935","1329","2009"
"598","ALIGN_HOLD","51501","-6","-32.958984375","2","2000","4000000","60000","12007","12007","0","2935","1329","1919"
"599","ALIGN_HOLD","51505","-2","-10.986328125","4","4000","2000000","60000","12008","12008","0","2935","1329","1829"
"600","ALIGN_HOLD","51503","-4","-21.97265625","-2","-2000","-6000000","60000","12009","12009","0","2935","1329","1805"
"601","ALIGN_HOLD","51503","-4","-21.97265625","0","0","2000000","60000","12010","12010","0","2935","1329","1649"
"602","ALIGN_HOLD","51500","-7","-38.4521484375","-3","-3000","-3000000","60000","12011","12011","0","2935","1329","1559"
"603","ALIGN_HOLD","51501","-6","-32.958984375","1","1000","4000000","60000","12012","12012","0","2935","1329","1469"
"604","ALIGN_HOLD","51502","-5","-27.4658203125","1","1000","0","60000","12013","12013","0","2935","1329","1379"
"605","ALIGN_HOLD","51501","-6","-32.958984375","-1","-1000","-2000000","60000","12014","12014","0","2935","1329","1289"
"606","ALIGN_HOLD","51499","-8","-43.9453125","-2","-2000","-1000000","60000","12015","12015","0","2935","1329","1199"
"607","ALIGN_HOLD","51502","-5","-27.4658203125","3","3000","5000000","60000","12016","12016","0","2935","1329","1109"
"608","ALIGN_HOLD","51499","-8","-43.9453125","-3","-3000","-6000000","60000","12017","12017","0","2935","1329","1019"
"609","ALIGN_HOLD","51500","-7","-38.4521484375","1","1000","4000000","60000","12018","12018","0","2935","1329","929"
"610","ALIGN_HOLD","51499","-8","-43.9453125","-1","-1000","-2000000","60000","12019","12019","0","2935","1329","839"
"611","ALIGN_HOLD","51502","-5","-27.4658203125","3","3000","4000000","60000","12020","12020","0","2935","1329","749"
"612","ALIGN_HOLD","51505","-2","-10.986328125","3","3000","0","60000","12021","12021","0","2935","1329","659"
"613","ALIGN_HOLD","51504","-3","-16.4794921875","-1","-1000","-4000000","60000","12022","12022","0","2935","1329","569"
"614","ALIGN_HOLD","51500","-7","-38.4521484375","-4","-4000","-3000000","60000","12023","12023","0","2935","1329","479"
"615","ALIGN_HOLD","51500","-7","-38.4521484375","0","0","4000000","60000","12024","12024","0","2935","1329","389"
"616","ALIGN_HOLD","51500","-7","-38.4521484375","0","0","0","60000","12025","12025","0","2935","1329","299"
"617","ALIGN_HOLD","51500","-7","-38.4521484375","0","0","0","60000","12026","12026","0","2935","1329","209"
"618","ALIGN_HOLD","51502","-5","-27.4658203125","2","2000","2000000","60000","12027","12027","0","2935","1329","119"
"619","ALIGN_HOLD","51502","-5","-27.4658203125","0","0","-2000000","60000","12028","12028","0","2935","1329","29"
"620","ALIGN_HOLD","51499","-8","-43.9453125","-3","-3000","-3000000","60000","12029","12029","0","2935","1329","2094"
"621","ALIGN_HOLD","51503","-4","-21.97265625","4","4000","7000000","60000","12030","12030","0","2935","1329","2004"
"622","ALIGN_HOLD","51504","-3","-16.4794921875","1","1000","-3000000","60000","12031","12031","0","2935","1329","1914"
"623","ALIGN_HOLD","51503","-4","-21.97265625","-1","-1000","-2000000","60000","12032","12032","0","2935","1329","1824"
"624","ALIGN_HOLD","51503","-4","-21.97265625","0","0","1000000","60000","12033","12033","0","2935","1329","1734"
"625","ALIGN_HOLD","51501","-6","-32.958984375","-2","-2000","-2000000","60000","12034","12034","0","2935","1329","1644"
"626","ALIGN_HOLD","51502","-5","-27.4658203125","1","1000","3000000","60000","12035","12035","0","2935","1329","1554"
"627","ALIGN_HOLD","51499","-8","-43.9453125","-3","-3000","-4000000","60000","12036","12036","0","2935","1329","1464"
"628","ALIGN_HOLD","51500","-7","-38.4521484375","1","1000","4000000","60000","12037","12037","0","2935","1329","1374"
"629","ALIGN_HOLD","51501","-6","-32.958984375","1","1000","0","60000","12038","12038","0","2935","1329","1284"
"630","ALIGN_HOLD","51500","-7","-38.4521484375","-1","-1000","-2000000","60000","12039","12039","0","2935","1329","1194"
"631","ALIGN_HOLD","51502","-5","-27.4658203125","2","2000","3000000","60000","12040","12040","0","2935","1329","1104"
"632","ALIGN_HOLD","51501","-6","-32.958984375","-1","-1000","-3000000","60000","12041","12041","0","2935","1329","1014"
"633","ALIGN_HOLD","51504","-3","-16.4794921875","3","3000","4000000","60000","12042","12042","0","2935","1329","924"
"634","ALIGN_HOLD","51500","-7","-38.4521484375","-4","-4000","-7000000","60000","12043","12043","0","2935","1329","834"
"635","ALIGN_HOLD","51501","-6","-32.958984375","1","1000","5000000","60000","12044","12044","0","2935","1329","744"
"636","ALIGN_HOLD","51500","-7","-38.4521484375","-1","-1000","-2000000","60000","12045","12045","0","2935","1329","654"
"637","ALIGN_HOLD","51504","-3","-16.4794921875","4","4000","5000000","60000","12046","12046","0","2935","1329","564"
"638","ALIGN_HOLD","51503","-4","-21.97265625","-1","-1000","-5000000","60000","12047","12047","0","2935","1329","474"
"639","ALIGN_HOLD","51501","-6","-32.958984375","-2","-2000","-1000000","60000","12048","12048","0","2935","1329","384"
"640","ALIGN_HOLD","51499","-8","-43.9453125","-2","-2000","0","60000","12049","12049","0","2935","1329","294"
"641","ALIGN_HOLD","51501","-6","-32.958984375","2","2000","4000000","60000","12050","12050","0","2935","1329","204"
"642","ALIGN_HOLD","51501","-6","-32.958984375","0","0","-2000000","60000","12051","12051","0","2935","1329","114"
"643","ALIGN_HOLD","51499","-8","-43.9453125","-2","-2000","-2000000","60000","12052","12052","0","2935","1329","24"
"644","ALIGN_HOLD","51500","-7","-38.4521484375","1","1000","3000000","60000","12053","12053","0","2935","1329","2089"
"645","ALIGN_HOLD","51498","-9","-49.4384765625","-2","-2000","-3000000","60000","12054","12054","0","2935","1329","1999"
"646","ALIGN_HOLD","51499","-8","-43.9453125","1","1000","3000000","60000","12055","12055","0","2935","1329","1909"
"647","ALIGN_HOLD","51500","-7","-38.4521484375","1","1000","0","60000","12056","12056","0","2935","1329","1819"
"648","ALIGN_HOLD","51500","-7","-38.4521484375","0","0","-1000000","60000","12057","12057","0","2935","1329","1729"
"649","ALIGN_HOLD","51503","-4","-21.97265625","3","3000","3000000","60000","12058","12058","0","2935","1329","1639"
"650","ALIGN_HOLD","51501","-6","-32.958984375","-2","-2000","-5000000","60000","12059","12059","0","2935","1329","1549"
"651","ALIGN_HOLD","51504","-3","-16.4794921875","3","3000","5000000","60000","12060","12060","0","2935","1329","1459"
"652","ALIGN_HOLD","51506","-1","-5.4931640625","2","2000","-1000000","60000","12061","12061","0","2935","1329","1369"
"653","ALIGN_HOLD","51502","-5","-27.4658203125","-4","-4000","-6000000","60000","12062","12062","0","2935","1329","1279"
"654","ALIGN_HOLD","51498","-9","-49.4384765625","-4","-4000","0","60000","12063","12063","0","2935","1329","1189"
"655","ALIGN_HOLD","51501","-6","-32.958984375","3","3000","7000000","60000","12064","12064","0","2935","1329","1099"
"656","ALIGN_HOLD","51505","-2","-10.986328125","4","4000","1000000","60000","12065","12065","0","2935","1329","1009"
"657","ALIGN_HOLD","51502","-5","-27.4658203125","-3","-3000","-7000000","60000","12066","12066","0","2935","1329","919"
"658","ALIGN_HOLD","51504","-3","-16.4794921875","2","2000","5000000","60000","12067","12067","0","2935","1329","829"
"659","ALIGN_HOLD","51501","-6","-32.958984375","-3","-3000","-5000000","60000","12068","12068","0","2935","1329","739"
"660","ALIGN_HOLD","51502","-5","-27.4658203125","1","1000","4000000","60000","12069","12069","0","2935","1329","649"
"661","ALIGN_HOLD","51501","-6","-32.958984375","-1","-1000","-2000000","60000","12070","12070","0","2935","1329","559"
"662","ALIGN_HOLD","51500","-7","-38.4521484375","-1","-1000","0","60000","12071","12071","0","2935","1329","469"
"663","ALIGN_HOLD","51504","-3","-16.4794921875","4","4000","5000000","60000","12072","12072","0","2935","1329","379"
"664","ALIGN_HOLD","51500","-7","-38.4521484375","-4","-4000","-8000000","60000","12073","12073","0","2935","1329","289"
"665","ALIGN_HOLD","51501","-6","-32.958984375","1","1000","5000000","60000","12074","12074","0","2935","1329","199"
"666","ALIGN_HOLD","51497","-10","-54.931640625","-4","-4000","-5000000","60000","12075","12075","0","2935","1329","109"
"667","ALIGN_HOLD","51501","-6","-32.958984375","4","4000","8000000","60000","12076","12076","0","2935","1329","19"
"668","ALIGN_HOLD","51502","-5","-27.4658203125","1","1000","-3000000","60000","12077","12077","0","2935","1329","2084"
"669","ALIGN_HOLD","51499","-8","-43.9453125","-3","-3000","-4000000","60000","12078","12078","0","2935","1329","1994"
"670","ALIGN_HOLD","51501","-6","-32.958984375","2","2000","5000000","60000","12079","12079","0","2935","1329","1904"
"671","ALIGN_HOLD","51502","-5","-27.4658203125","1","1000","-1000000","60000","12080","12080","0","2935","1329","1814"
"672","ALIGN_HOLD","51498","-9","-49.4384765625","-4","-4000","-5000000","60000","12081","12081","0","2935","1329","1724"
"673","ALIGN_HOLD","51503","-4","-21.97265625","5","5000","9000000","60000","12082","12082","0","2935","1329","1634"
"674","ALIGN_HOLD","51502","-5","-27.4658203125","-1","-1000","-6000000","60000","12083","12083","0","2935","1329","1544"
"675","ALIGN_HOLD","51500","-7","-38.4521484375","-2","-2000","-1000000","60000","12084","12084","0","2935","1329","1454"
"676","ALIGN_HOLD","51501","-6","-32.958984375","1","1000","3000000","60000","12085","12085","0","2935","1329","1364"
"677","ALIGN_HOLD","51501","-6","-32.958984375","0","0","-1000000","60000","12086","12086","0","2935","1329","1274"
"678","ALIGN_HOLD","51501","-6","-32.958984375","0","0","0","60000","12087","12087","0","2935","1329","1184"
"679","ALIGN_HOLD","51499","-8","-43.9453125","-2","-2000","-2000000","60000","12088","12088","0","2935","1329","1094"
"680","ALIGN_HOLD","51505","-2","-10.986328125","6","6000","8000000","60000","12089","12089","0","2935","1329","1004"
"681","ALIGN_HOLD","51498","-9","-49.4384765625","-7","-7000","-13000000","60000","12090","12090","0","2935","1329","914"
"682","ALIGN_HOLD","51498","-9","-49.4384765625","0","0","7000000","60000","12091","12091","0","2935","1329","824"
"683","ALIGN_HOLD","51500","-7","-38.4521484375","2","2000","2000000","60000","12092","12092","0","2935","1329","734"
"684","ALIGN_HOLD","51504","-3","-16.4794921875","4","4000","2000000","60000","12093","12093","0","2935","1329","644"
"685","ALIGN_HOLD","51501","-6","-32.958984375","-3","-3000","-7000000","60000","12094","12094","0","2935","1329","554"
"686","ALIGN_HOLD","51506","-1","-5.4931640625","5","5000","8000000","60000","12095","12095","0","2935","1329","464"
"687","ALIGN_HOLD","51501","-6","-32.958984375","-5","-5000","-10000000","60000","12096","12096","0","2935","1329","374"
"688","ALIGN_HOLD","51506","-1","-5.4931640625","5","5000","10000000","60000","12097","12097","0","2935","1329","284"
"689","ALIGN_HOLD","51499","-8","-43.9453125","-7","-7000","-12000000","60000","12098","12098","0","2935","1329","194"
"690","ALIGN_HOLD","51503","-4","-21.97265625","4","4000","11000000","60000","12099","12099","0","2935","1329","104"
"691","ALIGN_HOLD","51502","-5","-27.4658203125","-1","-1000","-5000000","60000","12100","12100","0","2935","1329","14"
"692","ALIGN_HOLD","51502","-5","-27.4658203125","0","0","1000000","60000","12101","12101","0","2935","1329","2079"
"693","ALIGN_HOLD","51498","-9","-49.4384765625","-4","-4000","-4000000","60000","12102","12102","0","2935","1329","1989"
"694","ALIGN_HOLD","51499","-8","-43.9453125","1","1000","5000000","60000","12103","12103","0","2935","1329","1899"
"695","ALIGN_HOLD","51501","-6","-32.958984375","2","2000","1000000","60000","12104","12104","0","2935","1329","1809"
"696","ALIGN_HOLD","51502","-5","-27.4658203125","1","1000","-1000000","60000","12105","12105","0","2935","1329","1719"
"697","ALIGN_HOLD","51500","-7","-38.4521484375","-2","-2000","-3000000","60000","12106","12106","0","2935","1329","1629"
"698","ALIGN_HOLD","51499","-8","-43.9453125","-1","-1000","1000000","60000","12107","12107","0","2935","1329","1539"
"699","ALIGN_HOLD","51497","-10","-54.931640625","-2","-2000","-1000000","60000","12108","12108","0","2935","1329","1449"
"700","ALIGN_HOLD","51498","-9","-49.4384765625","1","1000","3000000","60000","12109","12109","0","2935","1329","1359"
"701","ALIGN_HOLD","51501","-6","-32.958984375","3","3000","2000000","60000","12110","12110","0","2935","1329","1269"
"702","ALIGN_HOLD","51499","-8","-43.9453125","-2","-2000","-5000000","60000","12111","12111","0","2935","1329","1179"
"703","ALIGN_HOLD","51500","-7","-38.4521484375","1","1000","3000000","60000","12112","12112","0","2935","1329","1089"
"704","ALIGN_HOLD","51502","-5","-27.4658203125","2","2000","1000000","60000","12113","12113","0","2935","1329","999"
"705","ALIGN_HOLD","51502","-5","-27.4658203125","0","0","-2000000","60000","12114","12114","0","2935","1329","909"
"706","ALIGN_HOLD","51503","-4","-21.97265625","1","1000","1000000","60000","12115","12115","0","2935","1329","819"
"707","ALIGN_HOLD","51503","-4","-21.97265625","0","0","-1000000","60000","12116","12116","0","2935","1329","729"
"708","ALIGN_HOLD","51500","-7","-38.4521484375","-3","-3000","-3000000","60000","12117","12117","0","2935","1329","639"
"709","ALIGN_HOLD","51505","-2","-10.986328125","5","5000","8000000","60000","12118","12118","0","2935","1329","549"
"710","ALIGN_HOLD","51501","-6","-32.958984375","-4","-4000","-9000000","60000","12119","12119","0","2935","1329","459"
"711","ALIGN_HOLD","51502","-5","-27.4658203125","1","1000","5000000","60000","12120","12120","0","2935","1329","369"
"712","ALIGN_HOLD","51501","-6","-32.958984375","-1","-1000","-2000000","60000","12121","12121","0","2935","1329","279"
"713","ALIGN_HOLD","51505","-2","-10.986328125","4","4000","5000000","60000","12122","12122","0","2935","1329","189"
"714","ALIGN_HOLD","51499","-8","-43.9453125","-6","-6000","-10000000","60000","12123","12123","0","2935","1329","99"
"715","ALIGN_HOLD","51502","-5","-27.4658203125","3","3000","9000000","60000","12124","12124","0","2935","1329","9"
"716","ALIGN_HOLD","51501","-6","-32.958984375","-1","-1000","-4000000","60000","12125","12125","0","2935","1329","2074"
"717","ALIGN_HOLD","51500","-7","-38.4521484375","-1","-1000","0","60000","12126","12126","0","2935","1329","1984"
"718","ALIGN_HOLD","51502","-5","-27.4658203125","2","2000","3000000","60000","12127","12127","0","2935","1329","1894"
"719","ALIGN_HOLD","51500","-7","-38.4521484375","-2","-2000","-4000000","60000","12128","12128","0","2935","1329","1804"
"720","ALIGN_HOLD","51502","-5","-27.4658203125","2","2000","4000000","60000","12129","12129","0","2935","1329","1714"
"721","ALIGN_HOLD","51502","-5","-27.4658203125","0","0","-2000000","60000","12130","12130","0","2935","1329","1624"
"722","ALIGN_HOLD","51508","1","5.4931640625","6","6000","6000000","60000","12131","12131","0","2935","1329","1534"
"723","ALIGN_HOLD","51499","-8","-43.9453125","-9","-9000","-15000000","60000","12132","12132","0","2935","1329","1444"
"724","ALIGN_HOLD","51501","-6","-32.958984375","2","2000","11000000","60000","12133","12133","0","2935","1329","1354"
"725","ALIGN_HOLD","51502","-5","-27.4658203125","1","1000","-1000000","60000","12134","12134","0","2935","1329","1264"
"726","ALIGN_HOLD","51502","-5","-27.4658203125","0","0","-1000000","60000","12135","12135","0","2935","1329","1174"
"727","ALIGN_HOLD","51502","-5","-27.4658203125","0","0","0","60000","12136","12136","0","2935","1329","1084"
"728","ALIGN_HOLD","51498","-9","-49.4384765625","-4","-4000","-4000000","60000","12137","12137","0","2935","1329","994"
"729","ALIGN_HOLD","51503","-4","-21.97265625","5","5000","9000000","60000","12138","12138","0","2935","1329","904"
"730","ALIGN_HOLD","51500","-7","-38.4521484375","-3","-3000","-8000000","60000","12139","12139","0","2935","1329","814"
"731","ALIGN_HOLD","51500","-7","-38.4521484375","0","0","3000000","60000","12140","12140","0","2935","1329","724"
"732","ALIGN_HOLD","51502","-5","-27.4658203125","2","2000","2000000","60000","12141","12141","0","2935","1329","634"
"733","ALIGN_HOLD","51498","-9","-49.4384765625","-4","-4000","-6000000","60000","12142","12142","0","2935","1329","544"
"734","ALIGN_HOLD","51502","-5","-27.4658203125","4","4000","8000000","60000","12143","12143","0","2935","1329","454"
"735","ALIGN_HOLD","51502","-5","-27.4658203125","0","0","-4000000","60000","12144","12144","0","2935","1329","364"
"736","ALIGN_HOLD","51501","-6","-32.958984375","-1","-1000","-1000000","60000","12145","12145","0","2935","1329","274"
"737","ALIGN_HOLD","51501","-6","-32.958984375","0","0","1000000","60000","12146","12146","0","2935","1329","184"
"738","ALIGN_HOLD","51501","-6","-32.958984375","0","0","0","60000","12147","12147","0","2935","1329","94"
"739","ALIGN_HOLD","51497","-10","-54.931640625","-4","-4000","-4000000","60000","12148","12148","0","2935","1329","4"
"740","ALIGN_HOLD","51497","-10","-54.931640625","0","0","4000000","60000","12149","12149","0","2935","1329","2069"
"741","ALIGN_HOLD","51503","-4","-21.97265625","6","6000","6000000","60000","12150","12150","0","2935","1329","1979"
"742","ALIGN_HOLD","51498","-9","-49.4384765625","-5","-5000","-11000000","60000","12151","12151","0","2935","1329","1889"
"743","ALIGN_HOLD","51504","-3","-16.4794921875","6","6000","11000000","60000","12152","12152","0","2935","1329","1799"
"744","ALIGN_HOLD","51501","-6","-32.958984375","-3","-3000","-9000000","60000","12153","12153","0","2935","1329","1709"
"745","ALIGN_HOLD","51499","-8","-43.9453125","-2","-2000","1000000","60000","12154","12154","0","2935","1329","1619"
"746","ALIGN_HOLD","51501","-6","-32.958984375","2","2000","4000000","60000","12155","12155","0","2935","1329","1529"
"747","ALIGN_HOLD","51502","-5","-27.4658203125","1","1000","-1000000","60000","12156","12156","0","2935","1329","1439"
"748","ALIGN_HOLD","51501","-6","-32.958984375","-1","-1000","-2000000","60000","12157","12157","0","2935","1329","1349"
"749","ALIGN_HOLD","51501","-6","-32.958984375","0","0","1000000","60000","12158","12158","0","2935","1329","1259"
"750","ALIGN_HOLD","51502","-5","-27.4658203125","1","1000","1000000","60000","12159","12159","0","2935","1329","1169"
"751","ALIGN_HOLD","51500","-7","-38.4521484375","-2","-2000","-3000000","60000","12160","12160","0","2935","1329","1079"
"752","ALIGN_HOLD","51500","-7","-38.4521484375","0","0","2000000","60000","12161","12161","0","2935","1329","989"
"753","ALIGN_HOLD","51503","-4","-21.97265625","3","3000","3000000","60000","12162","12162","0","2935","1329","899"
"754","ALIGN_HOLD","51501","-6","-32.958984375","-2","-2000","-5000000","60000","12163","12163","0","2935","1329","809"
"755","ALIGN_HOLD","51501","-6","-32.958984375","0","0","2000000","60000","12164","12164","0","2935","1329","719"
"756","ALIGN_HOLD","51505","-2","-10.986328125","4","4000","4000000","60000","12165","12165","0","2935","1329","629"
"757","ALIGN_HOLD","51499","-8","-43.9453125","-6","-6000","-10000000","60000","12166","12166","0","2935","1329","539"
"758","ALIGN_HOLD","51501","-6","-32.958984375","2","2000","8000000","60000","12167","12167","0","2935","1329","449"
"759","ALIGN_HOLD","51501","-6","-32.958984375","0","0","-2000000","60000","12168","12168","0","2935","1329","359"
"760","ALIGN_HOLD","51501","-6","-32.958984375","0","0","0","60000","12169","12169","0","2935","1329","269"
"761","ALIGN_HOLD","51503","-4","-21.97265625","2","2000","2000000","60000","12170","12170","0","2935","1329","179"
"762","ALIGN_HOLD","51497","-10","-54.931640625","-6","-6000","-8000000","60000","12171","12171","0","2935","1329","89"
"763","ALIGN_HOLD","51501","-6","-32.958984375","4","4000","10000000","60000","12172","12172","0","2935","1329","2154"
"764","ALIGN_HOLD","51499","-8","-43.9453125","-2","-2000","-6000000","60000","12173","12173","0","2935","1329","2064"
"765","ALIGN_HOLD","51500","-7","-38.4521484375","1","1000","3000000","60000","12174","12174","0","2935","1329","1974"
"766","ALIGN_HOLD","51503","-4","-21.97265625","3","3000","2000000","60000","12175","12175","0","2935","1329","1884"
"767","ALIGN_HOLD","51498","-9","-49.4384765625","-5","-5000","-8000000","60000","12176","12176","0","2935","1329","1794"
"768","ALIGN_HOLD","51503","-4","-21.97265625","5","5000","10000000","60000","12177","12177","0","2935","1329","1704"
"769","ALIGN_HOLD","51499","-8","-43.9453125","-4","-4000","-9000000","60000","12178","12178","0","2935","1329","1614"
"770","ALIGN_HOLD","51502","-5","-27.4658203125","3","3000","7000000","60000","12179","12179","0","2935","1329","1524"
"771","ALIGN_HOLD","51502","-5","-27.4658203125","0","0","-3000000","60000","12180","12180","0","2935","1329","1434"
"772","ALIGN_HOLD","51500","-7","-38.4521484375","-2","-2000","-2000000","60000","12181","12181","0","2935","1329","1344"
"773","ALIGN_HOLD","51501","-6","-32.958984375","1","1000","3000000","60000","12182","12182","0","2935","1329","1254"
"774","ALIGN_HOLD","51503","-4","-21.97265625","2","2000","1000000","60000","12183","12183","0","2935","1329","1164"
"775","ALIGN_HOLD","51502","-5","-27.4658203125","-1","-1000","-3000000","60000","12184","12184","0","2935","1329","1074"
"776","ALIGN_HOLD","51500","-7","-38.4521484375","-2","-2000","-1000000","60000","12185","12185","0","2935","1329","984"
"777","ALIGN_HOLD","51506","-1","-5.4931640625","6","6000","8000000","60000","12186","12186","0","2935","1329","894"
"778","ALIGN_HOLD","51501","-6","-32.958984375","-5","-5000","-11000000","60000","12187","12187","0","2935","1329","804"
"779","ALIGN_HOLD","51504","-3","-16.4794921875","3","3000","8000000","60000","12188","12188","0","2935","1329","714"
"780","ALIGN_HOLD","51502","-5","-27.4658203125","-2","-2000","-5000000","60000","12189","12189","0","2935","1329","624"
"781","ALIGN_HOLD","51502","-5","-27.4658203125","0","0","2000000","60000","12190","12190","0","2935","1329","534"
"782","ALIGN_HOLD","51503","-4","-21.97265625","1","1000","1000000","60000","12191","12191","0","2935","1329","444"
"783","ALIGN_HOLD","51499","-8","-43.9453125","-4","-4000","-5000000","60000","12192","12192","0","2935","1329","354"
"784","ALIGN_HOLD","51502","-5","-27.4658203125","3","3000","7000000","60000","12193","12193","0","2935","1329","264"
"785","ALIGN_HOLD","51500","-7","-38.4521484375","-2","-2000","-5000000","60000","12194","12194","0","2935","1329","174"
"786","ALIGN_HOLD","51501","-6","-32.958984375","1","1000","3000000","60000","12195","12195","0","2935","1329","84"
"787","ALIGN_HOLD","51504","-3","-16.4794921875","3","3000","2000000","60000","12196","12196","0","2935","1329","2149"
"788","ALIGN_HOLD","51501","-6","-32.958984375","-3","-3000","-6000000","60000","12197","12197","0","2935","1329","2059"
"789","ALIGN_HOLD","51503","-4","-21.97265625","2","2000","5000000","60000","12198","12198","0","2935","1329","1969"
"790","ALIGN_HOLD","51503","-4","-21.97265625","0","0","-2000000","60000","12199","12199","0","2935","1329","1879"
"791","ALIGN_HOLD","51499","-8","-43.9453125","-4","-4000","-4000000","60000","12200","12200","0","2935","1329","1789"
"792","ALIGN_HOLD","51502","-5","-27.4658203125","3","3000","7000000","60000","12201","12201","0","2935","1329","1699"
"793","ALIGN_HOLD","51503","-4","-21.97265625","1","1000","-2000000","60000","12202","12202","0","2935","1329","1609"
"794","ALIGN_HOLD","51503","-4","-21.97265625","0","0","-1000000","60000","12203","12203","0","2935","1329","1519"
"795","ALIGN_HOLD","51499","-8","-43.9453125","-4","-4000","-4000000","60000","12204","12204","0","2935","1329","1429"
"796","ALIGN_HOLD","51504","-3","-16.4794921875","5","5000","9000000","60000","12205","12205","0","2935","1329","1339"
"797","ALIGN_HOLD","51499","-8","-43.9453125","-5","-5000","-10000000","60000","12206","12206","0","2935","1329","1249"
"798","ALIGN_HOLD","51501","-6","-32.958984375","2","2000","7000000","60000","12207","12207","0","2935","1329","1159"
"799","ALIGN_HOLD","51501","-6","-32.958984375","0","0","-2000000","60000","12208","12208","0","2935","1329","1069"
"800","ALIGN_HOLD","51502","-5","-27.4658203125","1","1000","1000000","60000","12209","12209","0","2935","1329","1045"
"801","ALIGN_HOLD","51499","-8","-43.9453125","-3","-3000","-4000000","60000","12210","12210","0","2935","1329","889"
"802","ALIGN_HOLD","51499","-8","-43.9453125","0","0","3000000","60000","12211","12211","0","2935","1329","799"
"803","ALIGN_HOLD","51500","-7","-38.4521484375","1","1000","1000000","60000","12212","12212","0","2935","1329","709"
"804","ALIGN_HOLD","51500","-7","-38.4521484375","0","0","-1000000","60000","12213","12213","0","2935","1329","619"
"805","ALIGN_HOLD","51498","-9","-49.4384765625","-2","-2000","-2000000","60000","12214","12214","0","2935","1329","529"
"806","ALIGN_HOLD","51502","-5","-27.4658203125","4","4000","6000000","60000","12215","12215","0","2935","1329","439"
"807","ALIGN_HOLD","51499","-8","-43.9453125","-3","-3000","-7000000","60000","12216","12216","0","2935","1329","349"
"808","ALIGN_HOLD","51500","-7","-38.4521484375","1","1000","4000000","60000","12217","12217","0","2935","1329","259"
"809","ALIGN_HOLD","51501","-6","-32.958984375","1","1000","0","60000","12218","12218","0","2935","1329","169"
"810","ALIGN_HOLD","51502","-5","-27.4658203125","1","1000","0","60000","12219","12219","0","2935","1329","79"
"811","ALIGN_HOLD","51499","-8","-43.9453125","-3","-3000","-4000000","60000","12220","12220","0","2935","1329","2144"
"812","ALIGN_HOLD","51502","-5","-27.4658203125","3","3000","6000000","60000","12221","12221","0","2935","1329","2054"
"813","ALIGN_HOLD","51501","-6","-32.958984375","-1","-1000","-4000000","60000","12222","12222","0","2935","1329","1964"
"814","ALIGN_HOLD","51502","-5","-27.4658203125","1","1000","2000000","60000","12223","12223","0","2935","1329","1874"
"815","ALIGN_HOLD","51503","-4","-21.97265625","1","1000","0","60000","12224","12224","0","2935","1329","1784"
"816","ALIGN_HOLD","51499","-8","-43.9453125","-4","-4000","-5000000","60000","12225","12225","0","2935","1329","1694"
"817","ALIGN_HOLD","51500","-7","-38.4521484375","1","1000","5000000","60000","12226","12226","0","2935","1329","1604"
"818","ALIGN_HOLD","51501","-6","-32.958984375","1","1000","0","60000","12227","12227","0","2935","1329","1514"
"819","ALIGN_HOLD","51505","-2","-10.986328125","4","4000","3000000","60000","12228","12228","0","2935","1329","1424"
"820","ALIGN_HOLD","51506","-1","-5.4931640625","1","1000","-3000000","60000","12229","12229","0","2935","1329","1334"
"821","ALIGN_HOLD","51503","-4","-21.97265625","-3","-3000","-4000000","60000","12230","12230","0","2935","1329","1244"
"822","ALIGN_HOLD","51500","-7","-38.4521484375","-3","-3000","0","60000","12231","12231","0","2935","1329","1154"
"823","ALIGN_HOLD","51502","-5","-27.4658203125","2","2000","5000000","60000","12232","12232","0","2935","1329","1064"
"824","ALIGN_HOLD","51502","-5","-27.4658203125","0","0","-2000000","60000","12233","12233","0","2935","1329","974"
"825","ALIGN_HOLD","51503","-4","-21.97265625","1","1000","1000000","60000","12234","12234","0","2935","1329","884"
"826","ALIGN_HOLD","51502","-5","-27.4658203125","-1","-1000","-2000000","60000","12235","12235","0","2935","1329","794"
"827","ALIGN_HOLD","51503","-4","-21.97265625","1","1000","2000000","60000","12236","12236","0","2935","1329","704"
"828","ALIGN_HOLD","51505","-2","-10.986328125","2","2000","1000000","60000","12237","12237","0","2935","1329","614"
"829","ALIGN_HOLD","51499","-8","-43.9453125","-6","-6000","-8000000","60000","12238","12238","0","2935","1329","524"
"830","ALIGN_HOLD","51502","-5","-27.4658203125","3","3000","9000000","60000","12239","12239","0","2935","1329","434"
"831","ALIGN_HOLD","51504","-3","-16.4794921875","2","2000","-1000000","60000","12240","12240","0","2935","1329","344"
"832","ALIGN_HOLD","51503","-4","-21.97265625","-1","-1000","-3000000","60000","12241","12241","0","2935","1329","254"
"833","ALIGN_HOLD","51503","-4","-21.97265625","0","0","1000000","60000","12242","12242","0","2935","1329","164"
"834","ALIGN_HOLD","51499","-8","-43.9453125","-4","-4000","-4000000","60000","12243","12243","0","2935","1329","74"
"835","ALIGN_HOLD","51501","-6","-32.958984375","2","2000","6000000","60000","12244","12244","0","2935","1329","2139"
"836","ALIGN_HOLD","51503","-4","-21.97265625","2","2000","0","60000","12245","12245","0","2935","1329","2049"
"837","ALIGN_HOLD","51505","-2","-10.986328125","2","2000","0","60000","12246","12246","0","2935","1329","1959"
"838","ALIGN_HOLD","51497","-10","-54.931640625","-8","-8000","-10000000","60000","12247","12247","0","2935","1329","1869"
"839","ALIGN_HOLD","51499","-8","-43.9453125","2","2000","10000000","60000","12248","12248","0","2935","1329","1779"
"840","ALIGN_HOLD","51501","-6","-32.958984375","2","2000","0","60000","12249","12249","0","2935","1329","1689"
"841","ALIGN_HOLD","51502","-5","-27.4658203125","1","1000","-1000000","60000","12250","12250","0","2935","1329","1599"
"842","ALIGN_HOLD","51503","-4","-21.97265625","1","1000","0","60000","12251","12251","0","2935","1329","1509"
"843","ALIGN_HOLD","51504","-3","-16.4794921875","1","1000","0","60000","12252","12252","0","2935","1329","1419"
"844","ALIGN_HOLD","51500","-7","-38.4521484375","-4","-4000","-5000000","60000","12253","12253","0","2935","1329","1329"
"845","ALIGN_HOLD","51497","-10","-54.931640625","-3","-3000","1000000","60000","12254","12254","0","2935","1329","1239"
"846","ALIGN_HOLD","51504","-3","-16.4794921875","7","7000","10000000","60000","12255","12255","0","2935","1329","1149"
"847","ALIGN_HOLD","51504","-3","-16.4794921875","0","0","-7000000","60000","12256","12256","0","2935","1329","1059"
"848","ALIGN_HOLD","51504","-3","-16.4794921875","0","0","0","60000","12257","12257","0","2935","1329","969"
"849","ALIGN_HOLD","51498","-9","-49.4384765625","-6","-6000","-6000000","60000","12258","12258","0","2935","1329","879"
"850","ALIGN_HOLD","51503","-4","-21.97265625","5","5000","11000000","60000","12259","12259","0","2935","1329","789"
"851","ALIGN_HOLD","51499","-8","-43.9453125","-4","-4000","-9000000","60000","12260","12260","0","2935","1329","699"
"852","ALIGN_HOLD","51499","-8","-43.9453125","0","0","4000000","60000","12261","12261","0","2935","1329","609"
"853","ALIGN_HOLD","51500","-7","-38.4521484375","1","1000","1000000","60000","12262","12262","0","2935","1329","519"
"854","ALIGN_HOLD","51504","-3","-16.4794921875","4","4000","3000000","60000","12263","12263","0","2935","1329","429"
"855","ALIGN_HOLD","51501","-6","-32.958984375","-3","-3000","-7000000","60000","12264","12264","0","2935","1329","339"
"856","ALIGN_HOLD","51499","-8","-43.9453125","-2","-2000","1000000","60000","12265","12265","0","2935","1329","249"
"857","ALIGN_HOLD","51500","-7","-38.4521484375","1","1000","3000000","60000","12266","12266","0","2935","1329","159"
"858","ALIGN_HOLD","51502","-5","-27.4658203125","2","2000","1000000","60000","12267","12267","0","2935","1329","69"
"859","ALIGN_HOLD","51504","-3","-16.4794921875","2","2000","0","60000","12268","12268","0","2935","1329","2134"
"860","ALIGN_HOLD","51500","-7","-38.4521484375","-4","-4000","-6000000","60000","12269","12269","0","2935","1329","2044"
"861","ALIGN_HOLD","51497","-10","-54.931640625","-3","-3000","1000000","60000","12270","12270","0","2935","1329","1954"
"862","ALIGN_HOLD","51499","-8","-43.9453125","2","2000","5000000","60000","12271","12271","0","2935","1329","1864"
"863","ALIGN_HOLD","51501","-6","-32.958984375","2","2000","0","60000","12272","12272","0","2935","1329","1774"
"864","ALIGN_HOLD","51503","-4","-21.97265625","2","2000","0","60000","12273","12273","0","2935","1329","1684"
"865","ALIGN_HOLD","51499","-8","-43.9453125","-4","-4000","-6000000","60000","12274","12274","0","2935","1329","1594"
"866","ALIGN_HOLD","51499","-8","-43.9453125","0","0","4000000","60000","12275","12275","0","2935","1329","1504"
"867","ALIGN_HOLD","51500","-7","-38.4521484375","1","1000","1000000","60000","12276","12276","0","2935","1329","1414"
"868","ALIGN_HOLD","51500","-7","-38.4521484375","0","0","-1000000","60000","12277","12277","0","2935","1329","1324"
"869","ALIGN_HOLD","51500","-7","-38.4521484375","0","0","0","60000","12278","12278","0","2935","1329","1234"
"870","ALIGN_HOLD","51502","-5","-27.4658203125","2","2000","2000000","60000","12279","12279","0","2935","1329","1144"
"871","ALIGN_HOLD","51500","-7","-38.4521484375","-2","-2000","-4000000","60000","12280","12280","0","2935","1329","1054"
"872","ALIGN_HOLD","51502","-5","-27.4658203125","2","2000","4000000","60000","12281","12281","0","2935","1329","964"
"873","ALIGN_HOLD","51504","-3","-16.4794921875","2","2000","0","60000","12282","12282","0","2935","1329","874"
"874","ALIGN_HOLD","51499","-8","-43.9453125","-5","-5000","-7000000","60000","12283","12283","0","2935","1329","784"
"875","ALIGN_HOLD","51500","-7","-38.4521484375","1","1000","6000000","60000","12284","12284","0","2935","1329","694"
"876","ALIGN_HOLD","51505","-2","-10.986328125","5","5000","4000000","60000","12285","12285","0","2935","1329","604"
"877","ALIGN_HOLD","51500","-7","-38.4521484375","-5","-5000","-10000000","60000","12286","12286","0","2935","1329","514"
"878","ALIGN_HOLD","51499","-8","-43.9453125","-1","-1000","4000000","60000","12287","12287","0","2935","1329","424"
"879","ALIGN_HOLD","51503","-4","-21.97265625","4","4000","5000000","60000","12288","12288","0","2935","1329","334"
"880","ALIGN_HOLD","51500","-7","-38.4521484375","-3","-3000","-7000000","60000","12289","12289","0","2935","1329","244"
"881","ALIGN_HOLD","51499","-8","-43.9453125","-1","-1000","2000000","60000","12290","12290","0","2935","1329","154"
"882","ALIGN_HOLD","51501","-6","-32.958984375","2","2000","3000000","60000","12291","12291","0","2935","1329","64"
"883","ALIGN_HOLD","51503","-4","-21.97265625","2","2000","0","60000","12292","12292","0","2935","1329","2129"
"884","ALIGN_HOLD","51501","-6","-32.958984375","-2","-2000","-4000000","60000","12293","12293","0","2935","1329","2039"
"885","ALIGN_HOLD","51502","-5","-27.4658203125","1","1000","3000000","60000","12294","12294","0","2935","1329","1949"
"886","ALIGN_HOLD","51499","-8","-43.9453125","-3","-3000","-4000000","60000","12295","12295","0","2935","1329","1859"
"887","ALIGN_HOLD","51499","-8","-43.9453125","0","0","3000000","60000","12296","12296","0","2935","1329","1769"
"888","ALIGN_HOLD","51502","-5","-27.4658203125","3","3000","3000000","60000","12297","12297","0","2935","1329","1679"
"889","ALIGN_HOLD","51503","-4","-21.97265625","1","1000","-2000000","60000","12298","12298","0","2935","1329","1589"
"890","ALIGN_HOLD","51501","-6","-32.958984375","-2","-2000","-3000000","60000","12299","12299","0","2935","1329","1499"
"891","ALIGN_HOLD","51498","-9","-49.4384765625","-3","-3000","-1000000","60000","12300","12300","0","2935","1329","1409"
"892","ALIGN_HOLD","51500","-7","-38.4521484375","2","2000","5000000","60000","12301","12301","0","2935","1329","1319"
"893","ALIGN_HOLD","51498","-9","-49.4384765625","-2","-2000","-4000000","60000","12302","12302","0","2935","1329","1229"
"894","ALIGN_HOLD","51498","-9","-49.4384765625","0","0","2000000","60000","12303","12303","0","2935","1329","1139"
"895","ALIGN_HOLD","51503","-4","-21.97265625","5","5000","5000000","60000","12304","12304","0","2935","1329","1049"
"896","ALIGN_HOLD","51503","-4","-21.97265625","0","0","-5000000","60000","12305","12305","0","2935","1329","959"
"897","ALIGN_HOLD","51501","-6","-32.958984375","-2","-2000","-2000000","60000","12306","12306","0","2935","1329","869"
"898","ALIGN_HOLD","51500","-7","-38.4521484375","-1","-1000","1000000","60000","12307","12307","0","2935","1329","779"
"899","ALIGN_HOLD","51502","-5","-27.4658203125","2","2000","3000000","60000","12308","12308","0","2935","1329","689"
"900","ALIGN_HOLD","51500","-7","-38.4521484375","-2","-2000","-4000000","60000","12309","12309","0","2935","1329","599"
"901","ALIGN_HOLD","51504","-3","-16.4794921875","4","4000","6000000","60000","12310","12310","0","2935","1329","509"
"902","ALIGN_HOLD","51498","-9","-49.4384765625","-6","-6000","-10000000","60000","12311","12311","0","2935","1329","419"
"903","ALIGN_HOLD","51500","-7","-38.4521484375","2","2000","8000000","60000","12312","12312","0","2935","1329","329"
"904","ALIGN_HOLD","51500","-7","-38.4521484375","0","0","-2000000","60000","12313","12313","0","2935","1329","239"
"905","ALIGN_HOLD","51503","-4","-21.97265625","3","3000","3000000","60000","12314","12314","0","2935","1329","149"
"906","ALIGN_HOLD","51502","-5","-27.4658203125","-1","-1000","-4000000","60000","12315","12315","0","2935","1329","59"
"907","ALIGN_HOLD","51499","-8","-43.9453125","-3","-3000","-2000000","60000","12316","12316","0","2935","1329","2124"
"908","ALIGN_HOLD","51499","-8","-43.9453125","0","0","3000000","60000","12317","12317","0","2935","1329","2034"
"909","ALIGN_HOLD","51500","-7","-38.4521484375","1","1000","1000000","60000","12318","12318","0","2935","1329","1944"
"910","ALIGN_HOLD","51506","-1","-5.4931640625","6","6000","5000000","60000","12319","12319","0","2935","1329","1854"
"911","ALIGN_HOLD","51505","-2","-10.986328125","-1","-1000","-7000000","60000","12320","12320","0","2935","1329","1764"
"912","ALIGN_HOLD","51503","-4","-21.97265625","-2","-2000","-1000000","60000","12321","12321","0","2935","1329","1674"
"913","ALIGN_HOLD","51504","-3","-16.4794921875","1","1000","3000000","60000","12322","12322","0","2935","1329","1584"
"914","ALIGN_HOLD","51500","-7","-38.4521484375","-4","-4000","-5000000","60000","12323","12323","0","2935","1329","1494"
"915","ALIGN_HOLD","51499","-8","-43.9453125","-1","-1000","3000000","60000","12324","12324","0","2935","1329","1404"
"916","ALIGN_HOLD","51500","-7","-38.4521484375","1","1000","2000000","60000","12325","12325","0","2935","1329","1314"
"917","ALIGN_HOLD","51501","-6","-32.958984375","1","1000","0","60000","12326","12326","0","2935","1329","1224"
"918","ALIGN_HOLD","51502","-5","-27.4658203125","1","1000","0","60000","12327","12327","0","2935","1329","1134"
"919","ALIGN_HOLD","51502","-5","-27.4658203125","0","0","-1000000","60000","12328","12328","0","2935","1329","1044"
"920","ALIGN_HOLD","51502","-5","-27.4658203125","0","0","0","60000","12329","12329","0","2935","1329","954"
"921","ALIGN_HOLD","51502","-5","-27.4658203125","0","0","0","60000","12330","12330","0","2935","1329","864"
"922","ALIGN_HOLD","51503","-4","-21.97265625","1","1000","1000000","60000","12331","12331","0","2935","1329","774"
"923","ALIGN_HOLD","51500","-7","-38.4521484375","-3","-3000","-4000000","60000","12332","12332","0","2935","1329","684"
"924","ALIGN_HOLD","51501","-6","-32.958984375","1","1000","4000000","60000","12333","12333","0","2935","1329","594"
"925","ALIGN_HOLD","51500","-7","-38.4521484375","-1","-1000","-2000000","60000","12334","12334","0","2935","1329","504"
"926","ALIGN_HOLD","51501","-6","-32.958984375","1","1000","2000000","60000","12335","12335","0","2935","1329","414"
"927","ALIGN_HOLD","51500","-7","-38.4521484375","-1","-1000","-2000000","60000","12336","12336","0","2935","1329","324"
"928","ALIGN_HOLD","51501","-6","-32.958984375","1","1000","2000000","60000","12337","12337","0","2935","1329","234"
"929","ALIGN_HOLD","51501","-6","-32.958984375","0","0","-1000000","60000","12338","12338","0","2935","1329","144"
"930","ALIGN_HOLD","51502","-5","-27.4658203125","1","1000","1000000","60000","12339","12339","0","2935","1329","54"
"931","ALIGN_HOLD","51499","-8","-43.9453125","-3","-3000","-4000000","60000","12340","12340","0","2935","1329","2119"
"932","ALIGN_HOLD","51501","-6","-32.958984375","2","2000","5000000","60000","12341","12341","0","2935","1329","2029"
"933","ALIGN_HOLD","51498","-9","-49.4384765625","-3","-3000","-5000000","60000","12342","12342","0","2935","1329","1939"
"934","ALIGN_HOLD","51499","-8","-43.9453125","1","1000","4000000","60000","12343","12343","0","2935","1329","1849"
"935","ALIGN_HOLD","51501","-6","-32.958984375","2","2000","1000000","60000","12344","12344","0","2935","1329","1759"
"936","ALIGN_HOLD","51502","-5","-27.4658203125","1","1000","-1000000","60000","12345","12345","0","2935","1329","1669"
"937","ALIGN_HOLD","51500","-7","-38.4521484375","-2","-2000","-3000000","60000","12346","12346","0","2935","1329","1579"
"938","ALIGN_HOLD","51500","-7","-38.4521484375","0","0","2000000","60000","12347","12347","0","2935","1329","1489"
"939","ALIGN_HOLD","51504","-3","-16.4794921875","4","4000","4000000","60000","12348","12348","0","2935","1329","1399"
"940","ALIGN_HOLD","51504","-3","-16.4794921875","0","0","-4000000","60000","12349","12349","0","2935","1329","1309"
"941","ALIGN_HOLD","51500","-7","-38.4521484375","-4","-4000","-4000000","60000","12350","12350","0","2935","1329","1219"
"942","ALIGN_HOLD","51502","-5","-27.4658203125","2","2000","6000000","60000","12351","12351","0","2935","1329","1129"
"943","ALIGN_HOLD","51504","-3","-16.4794921875","2","2000","0","60000","12352","12352","0","2935","1329","1039"
"944","ALIGN_HOLD","51502","-5","-27.4658203125","-2","-2000","-4000000","60000","12353","12353","0","2935","1329","949"
"945","ALIGN_HOLD","51502","-5","-27.4658203125","0","0","2000000","60000","12354","12354","0","2935","1329","859"
"946","ALIGN_HOLD","51501","-6","-32.958984375","-1","-1000","-1000000","60000","12355","12355","0","2935","1329","769"
"947","ALIGN_HOLD","51500","-7","-38.4521484375","-1","-1000","0","60000","12356","12356","0","2935","1329","679"
"948","ALIGN_HOLD","51499","-8","-43.9453125","-1","-1000","0","60000","12357","12357","0","2935","1329","589"
"949","ALIGN_HOLD","51503","-4","-21.97265625","4","4000","5000000","60000","12358","12358","0","2935","1329","499"
"950","ALIGN_HOLD","51501","-6","-32.958984375","-2","-2000","-6000000","60000","12359","12359","0","2935","1329","409"
"951","ALIGN_HOLD","51499","-8","-43.9453125","-2","-2000","0","60000","12360","12360","0","2935","1329","319"
"952","ALIGN_HOLD","51500","-7","-38.4521484375","1","1000","3000000","60000","12361","12361","0","2935","1329","229"
"953","ALIGN_HOLD","51500","-7","-38.4521484375","0","0","-1000000","60000","12362","12362","0","2935","1329","139"
"954","ALIGN_HOLD","51507","0","0","7","7000","7000000","60000","12363","12363","0","2935","1329","49"
"955","ALIGN_HOLD","51501","-6","-32.958984375","-6","-6000","-13000000","60000","12364","12364","0","2935","1329","2114"
"956","ALIGN_HOLD","51502","-5","-27.4658203125","1","1000","7000000","60000","12365","12365","0","2935","1329","2024"
"957","ALIGN_HOLD","51500","-7","-38.4521484375","-2","-2000","-3000000","60000","12366","12366","0","2935","1329","1934"
"958","ALIGN_HOLD","51501","-6","-32.958984375","1","1000","3000000","60000","12367","12367","0","2935","1329","1844"
"959","ALIGN_HOLD","51504","-3","-16.4794921875","3","3000","2000000","60000","12368","12368","0","2935","1329","1754"
"960","ALIGN_HOLD","51498","-9","-49.4384765625","-6","-6000","-9000000","60000","12369","12369","0","2935","1329","1664"
"961","ALIGN_HOLD","51503","-4","-21.97265625","5","5000","11000000","60000","12370","12370","0","2935","1329","1574"
"962","ALIGN_HOLD","51504","-3","-16.4794921875","1","1000","-4000000","60000","12371","12371","0","2935","1329","1484"
"963","ALIGN_HOLD","51502","-5","-27.4658203125","-2","-2000","-3000000","60000","12372","12372","0","2935","1329","1394"
"964","ALIGN_HOLD","51501","-6","-32.958984375","-1","-1000","1000000","60000","12373","12373","0","2935","1329","1304"
"965","ALIGN_HOLD","51499","-8","-43.9453125","-2","-2000","-1000000","60000","12374","12374","0","2935","1329","1214"
"966","ALIGN_HOLD","51500","-7","-38.4521484375","1","1000","3000000","60000","12375","12375","0","2935","1329","1124"
"967","ALIGN_HOLD","51499","-8","-43.9453125","-1","-1000","-2000000","60000","12376","12376","0","2935","1329","1034"
"968","ALIGN_HOLD","51501","-6","-32.958984375","2","2000","3000000","60000","12377","12377","0","2935","1329","944"
"969","ALIGN_HOLD","51503","-4","-21.97265625","2","2000","0","60000","12378","12378","0","2935","1329","854"
"970","ALIGN_HOLD","51502","-5","-27.4658203125","-1","-1000","-3000000","60000","12379","12379","0","2935","1329","764"
"971","ALIGN_HOLD","51503","-4","-21.97265625","1","1000","2000000","60000","12380","12380","0","2935","1329","674"
"972","ALIGN_HOLD","51503","-4","-21.97265625","0","0","-1000000","60000","12381","12381","0","2935","1329","584"
"973","ALIGN_HOLD","51499","-8","-43.9453125","-4","-4000","-4000000","60000","12382","12382","0","2935","1329","494"
"974","ALIGN_HOLD","51502","-5","-27.4658203125","3","3000","7000000","60000","12383","12383","0","2935","1329","404"
"975","ALIGN_HOLD","51499","-8","-43.9453125","-3","-3000","-6000000","60000","12384","12384","0","2935","1329","314"
"976","ALIGN_HOLD","51500","-7","-38.4521484375","1","1000","4000000","60000","12385","12385","0","2935","1329","224"
"977","ALIGN_HOLD","51497","-10","-54.931640625","-3","-3000","-4000000","60000","12386","12386","0","2935","1329","134"
"978","ALIGN_HOLD","51498","-9","-49.4384765625","1","1000","4000000","60000","12387","12387","0","2935","1329","44"
"979","ALIGN_HOLD","51500","-7","-38.4521484375","2","2000","1000000","60000","12388","12388","0","2935","1329","2109"
"980","ALIGN_HOLD","51499","-8","-43.9453125","-1","-1000","-3000000","60000","12389","12389","0","2935","1329","2019"
"981","ALIGN_HOLD","51501","-6","-32.958984375","2","2000","3000000","60000","12390","12390","0","2935","1329","1929"
"982","ALIGN_HOLD","51503","-4","-21.97265625","2","2000","0","60000","12391","12391","0","2935","1329","1839"
"983","ALIGN_HOLD","51500","-7","-38.4521484375","-3","-3000","-5000000","60000","12392","12392","0","2935","1329","1749"
"984","ALIGN_HOLD","51500","-7","-38.4521484375","0","0","3000000","60000","12393","12393","0","2935","1329","1659"
"985","ALIGN_HOLD","51500","-7","-38.4521484375","0","0","0","60000","12394","12394","0","2935","1329","1569"
"986","ALIGN_HOLD","51500","-7","-38.4521484375","0","0","0","60000","12395","12395","0","2935","1329","1479"
"987","ALIGN_HOLD","51499","-8","-43.9453125","-1","-1000","-1000000","60000","12396","12396","0","2935","1329","1389"
"988","ALIGN_HOLD","51501","-6","-32.958984375","2","2000","3000000","60000","12397","12397","0","2935","1329","1299"
"989","ALIGN_HOLD","51504","-3","-16.4794921875","3","3000","1000000","60000","12398","12398","0","2935","1329","1209"
"990","ALIGN_HOLD","51499","-8","-43.9453125","-5","-5000","-8000000","60000","12399","12399","0","2935","1329","1119"
"991","ALIGN_HOLD","51504","-3","-16.4794921875","5","5000","10000000","60000","12400","12400","0","2935","1329","1029"
"992","ALIGN_HOLD","51500","-7","-38.4521484375","-4","-4000","-9000000","60000","12401","12401","0","2935","1329","939"
"993","ALIGN_HOLD","51501","-6","-32.958984375","1","1000","5000000","60000","12402","12402","0","2935","1329","849"
"994","ALIGN_HOLD","51499","-8","-43.9453125","-2","-2000","-3000000","60000","12403","12403","0","2935","1329","759"
"995","ALIGN_HOLD","51501","-6","-32.958984375","2","2000","4000000","60000","12404","12404","0","2935","1329","669"
"996","ALIGN_HOLD","51500","-7","-38.4521484375","-1","-1000","-3000000","60000","12405","12405","0","2935","1329","579"
"997","ALIGN_HOLD","51506","-1","-5.4931640625","6","6000","7000000","60000","12406","12406","0","2935","1329","489"
"998","ALIGN_HOLD","51500","-7","-38.4521484375","-6","-6000","-12000000","60000","12407","12407","0","2935","1329","399"
"999","ALIGN_HOLD","51500","-7","-38.4521484375","0","0","6000000","60000","12408","12408","0","2935","1329","309"
"1000","ALIGN_HOLD","51498","-9","-49.4384765625","-2","-2000","-2000000","60000","12409","12409","0","2935","1329","285"
