"Seq","Phase","EncoderRaw","TravelRaw","TravelMilliDeg","DeltaRaw","VelocityRawPerSecond","AccelerationRawPerSecond2","PowerPpm","ScheduledTick","SampleTick","LatenessTicks","LoopCycles","SpiLatencyCycles","PwmCounterAtCs"
"0","ALIGN_RAMP","24087","8","43.9453125","8","8000","8000000","0","117037","117037","0","2931","1329","1758"
"1","ALIGN_RAMP","24079","0","0","-8","-8000","-16000000","120","117038","117038","0","2935","1329","959"
"2","ALIGN_RAMP","24082","3","16.4794921875","3","3000","11000000","240","117039","117039","0","2935","1329","869"
"3","ALIGN_RAMP","24081","2","10.986328125","-1","-1000","-4000000","360","117040","117040","0","2935","1329","779"
"4","ALIGN_RAMP","24080","1","5.4931640625","-1","-1000","0","480","117041","117041","0","2935","1329","689"
"5","ALIGN_RAMP","24079","0","0","-1","-1000","0","600","117042","117042","0","2935","1329","599"
"6","ALIGN_RAMP","24081","2","10.986328125","2","2000","3000000","720","117043","117043","0","2935","1329","509"
"7","ALIGN_RAMP","24079","0","0","-2","-2000","-4000000","840","117044","117044","0","2935","1329","419"
"8","ALIGN_RAMP","24081","2","10.986328125","2","2000","4000000","960","117045","117045","0","2935","1329","329"
"9","ALIGN_RAMP","24082","3","16.4794921875","1","1000","-1000000","1080","117046","117046","0","2935","1329","239"
"10","ALIGN_RAMP","24082","3","16.4794921875","0","0","-1000000","1200","117047","117047","0","2935","1329","149"
"11","ALIGN_RAMP","24082","3","16.4794921875","0","0","0","1320","117048","117048","0","2935","1329","59"
"12","ALIGN_RAMP","24082","3","16.4794921875","0","0","0","1440","117049","117049","0","2935","1329","2124"
"13","ALIGN_RAMP","24081","2","10.986328125","-1","-1000","-1000000","1560","117050","117050","0","2935","1329","2034"
"14","ALIGN_RAMP","24080","1","5.4931640625","-1","-1000","0","1680","117051","117051","0","2935","1329","1944"
"15","ALIGN_RAMP","24079","0","0","-1","-1000","0","1800","117052","117052","0","2935","1329","1854"
"16","ALIGN_RAMP","24080","1","5.4931640625","1","1000","2000000","1920","117053","117053","0","2935","1329","1764"
"17","ALIGN_RAMP","24086","7","38.4521484375","6","6000","5000000","2040","117054","117054","0","2935","1329","1674"
"18","ALIGN_RAMP","24085","6","32.958984375","-1","-1000","-7000000","2160","117055","117055","0","2935","1329","1584"
"19","ALIGN_RAMP","24081","2","10.986328125","-4","-4000","-3000000","2280","117056","117056","0","2935","1329","1494"
"20","ALIGN_RAMP","24082","3","16.4794921875","1","1000","5000000","2400","117057","117057","0","2935","1329","1404"
"21","ALIGN_RAMP","24080","1","5.4931640625","-2","-2000","-3000000","2520","117058","117058","0","2935","1329","1314"
"22","ALIGN_RAMP","24082","3","16.4794921875","2","2000","4000000","2640","117059","117059","0","2935","1329","1224"
"23","ALIGN_RAMP","24082","3","16.4794921875","0","0","-2000000","2760","117060","117060","0","2935","1329","1134"
"24","ALIGN_RAMP","24080","1","5.4931640625","-2","-2000","-2000000","2880","117061","117061","0","2935","1329","1044"
"25","ALIGN_RAMP","24082","3","16.4794921875","2","2000","4000000","3000","117062","117062","0","2935","1329","954"
"26","ALIGN_RAMP","24080","1","5.4931640625","-2","-2000","-4000000","3120","117063","117063","0","2935","1329","864"
"27","ALIGN_RAMP","24079","0","0","-1","-1000","1000000","3240","117064","117064","0","2935","1329","774"
"28","ALIGN_RAMP","24081","2","10.986328125","2","2000","3000000","3360","117065","117065","0","2935","1329","684"
"29","ALIGN_RAMP","24083","4","21.97265625","2","2000","0","3480","117066","117066","0","2935","1329","594"
"30","ALIGN_RAMP","24080","1","5.4931640625","-3","-3000","-5000000","3600","117067","117067","0","2935","1329","504"
"31","ALIGN_RAMP","24082","3","16.4794921875","2","2000","5000000","3720","117068","117068","0","2935","1329","414"
"32","ALIGN_RAMP","24079","0","0","-3","-3000","-5000000","3840","117069","117069","0","2935","1329","324"
"33","ALIGN_RAMP","24079","0","0","0","0","3000000","3960","117070","117070","0","2935","1329","234"
"34","ALIGN_RAMP","24080","1","5.4931640625","1","1000","1000000","4080","117071","117071","0","2935","1329","144"
"35","ALIGN_RAMP","24079","0","0","-1","-1000","-2000000","4200","117072","117072","0","2935","1329","54"
"36","ALIGN_RAMP","24080","1","5.4931640625","1","1000","2000000","4320","117073","117073","0","2935","1329","2119"
"37","ALIGN_RAMP","24081","2","10.986328125","1","1000","0","4440","117074","117074","0","2935","1329","2029"
"38","ALIGN_RAMP","24079","0","0","-2","-2000","-3000000","4560","117075","117075","0","2935","1329","1939"
"39","ALIGN_RAMP","24081","2","10.986328125","2","2000","4000000","4680","117076","117076","0","2935","1329","1849"
"40","ALIGN_RAMP","24080","1","5.4931640625","-1","-1000","-3000000","4800","117077","117077","0","2935","1329","1759"
"41","ALIGN_RAMP","24079","0","0","-1","-1000","0","4920","117078","117078","0","2935","1329","1669"
"42","ALIGN_RAMP","24082","3","16.4794921875","3","3000","4000000","5040","117079","117079","0","2935","1329","1579"
"43","ALIGN_RAMP","24081","2","10.986328125","-1","-1000","-4000000","5160","117080","117080","0","2935","1329","1489"
"44","ALIGN_RAMP","24082","3","16.4794921875","1","1000","2000000","5280","117081","117081","0","2935","1329","1399"
"45","ALIGN_RAMP","24080","1","5.4931640625","-2","-2000","-3000000","5400","117082","117082","0","2935","1329","1309"
"46","ALIGN_RAMP","24084","5","27.4658203125","4","4000","6000000","5520","117083","117083","0","2935","1329","1219"
"47","ALIGN_RAMP","24081","2","10.986328125","-3","-3000","-7000000","5640","117084","117084","0","2935","1329","1129"
"48","ALIGN_RAMP","24083","4","21.97265625","2","2000","5000000","5760","117085","117085","0","2935","1329","1039"
"49","ALIGN_RAMP","24079","0","0","-4","-4000","-6000000","5880","117086","117086","0","2935","1329","949"
"50","ALIGN_RAMP","24083","4","21.97265625","4","4000","8000000","6000","117087","117087","0","2935","1329","859"
"51","ALIGN_RAMP","24083","4","21.97265625","0","0","-4000000","6120","117088","117088","0","2935","1329","769"
"52","ALIGN_RAMP","24080","1","5.4931640625","-3","-3000","-3000000","6240","117089","117089","0","2935","1329","679"
"53","ALIGN_RAMP","24083","4","21.97265625","3","3000","6000000","6360","117090","117090","0","2935","1329","589"
"54","ALIGN_RAMP","24078","-1","-5.4931640625","-5","-5000","-8000000","6480","117091","117091","0","2935","1329","499"
"55","ALIGN_RAMP","24081","2","10.986328125","3","3000","8000000","6600","117092","117092","0","2935","1329","409"
"56","ALIGN_RAMP","24089","10","54.931640625","8","8000","5000000","6720","117093","117093","0","2935","1329","319"
"57","ALIGN_RAMP","24082","3","16.4794921875","-7","-7000","-15000000","6840","117094","117094","0","2935","1329","229"
"58","ALIGN_RAMP","24083","4","21.97265625","1","1000","8000000","6960","117095","117095","0","2935","1329","139"
"59","ALIGN_RAMP","24084","5","27.4658203125","1","1000","0","7080","117096","117096","0","2935","1329","49"
"60","ALIGN_RAMP","24083","4","21.97265625","-1","-1000","-2000000","7200","117097","117097","0","2935","1329","2114"
"61","ALIGN_RAMP","24084","5","27.4658203125","1","1000","2000000","7320","117098","117098","0","2935","1329","2024"
"62","ALIGN_RAMP","24081","2","10.986328125","-3","-3000","-4000000","7440","117099","117099","0","2935","1329","1934"
"63","ALIGN_RAMP","24083","4","21.97265625","2","2000","5000000","7560","117100","117100","0","2935","1329","1844"
"64","ALIGN_RAMP","24077","-2","-10.986328125","-6","-6000","-8000000","7680","117101","117101","0","2935","1329","1754"
"65","ALIGN_RAMP","24084","5","27.4658203125","7","7000","13000000","7800","117102","117102","0","2935","1329","1664"
"66","ALIGN_RAMP","24080","1","5.4931640625","-4","-4000","-11000000","7920","117103","117103","0","2935","1329","1574"
"67","ALIGN_RAMP","24082","3","16.4794921875","2","2000","6000000","8040","117104","117104","0","2935","1329","1484"
"68","ALIGN_RAMP","24080","1","5.4931640625","-2","-2000","-4000000","8160","117105","117105","0","2935","1329","1394"
"69","ALIGN_RAMP","24079","0","0","-1","-1000","1000000","8280","117106","117106","0","2935","1329","1304"
"70","ALIGN_RAMP","24082","3","16.4794921875","3","3000","4000000","8400","117107","117107","0","2935","1329","1214"
"71","ALIGN_RAMP","24079","0","0","-3","-3000","-6000000","8520","117108","117108","0","2935","1329","1124"
"72","ALIGN_RAMP","24082","3","16.4794921875","3","3000","6000000","8640","117109","117109","0","2935","1329","1034"
"73","ALIGN_RAMP","24080","1","5.4931640625","-2","-2000","-5000000","8760","117110","117110","0","2935","1329","944"
"74","ALIGN_RAMP","24085","6","32.958984375","5","5000","7000000","8880","117111","117111","0","2935","1329","854"
"75","ALIGN_RAMP","24080","1","5.4931640625","-5","-5000","-10000000","9000","117112","117112","0","2935","1329","764"
"76","ALIGN_RAMP","24080","1","5.4931640625","0","0","5000000","9120","117113","117113","0","2935","1329","674"
"77","ALIGN_RAMP","24081","2","10.986328125","1","1000","1000000","9240","117114","117114","0","2935","1329","584"
"78","ALIGN_RAMP","24079","0","0","-2","-2000","-3000000","9360","117115","117115","0","2935","1329","494"
"79","ALIGN_RAMP","24079","0","0","0","0","2000000","9480","117116","117116","0","2935","1329","404"
"80","ALIGN_RAMP","24083","4","21.97265625","4","4000","4000000","9600","117117","117117","0","2935","1329","314"
"81","ALIGN_RAMP","24079","0","0","-4","-4000","-8000000","9720","117118","117118","0","2935","1329","224"
"82","ALIGN_RAMP","24077","-2","-10.986328125","-2","-2000","2000000","9840","117119","117119","0","2935","1329","134"
"83","ALIGN_RAMP","24082","3","16.4794921875","5","5000","7000000","9960","117120","117120","0","2935","1329","44"
"84","ALIGN_RAMP","24081","2","10.986328125","-1","-1000","-6000000","10080","117121","117121","0","2935","1329","2109"
"85","ALIGN_RAMP","24081","2","10.986328125","0","0","1000000","10200","117122","117122","0","2935","1329","2019"
"86","ALIGN_RAMP","24081","2","10.986328125","0","0","0","10320","117123","117123","0","2935","1329","1929"
"87","ALIGN_RAMP","24081","2","10.986328125","0","0","0","10440","117124","117124","0","2935","1329","1839"
"88","ALIGN_RAMP","24079","0","0","-2","-2000","-2000000","10560","117125","117125","0","2935","1329","1749"
"89","ALIGN_RAMP","24079","0","0","0","0","2000000","10680","117126","117126","0","2935","1329","1659"
"90","ALIGN_RAMP","24082","3","16.4794921875","3","3000","3000000","10800","117127","117127","0","2935","1329","1569"
"91","ALIGN_RAMP","24082","3","16.4794921875","0","0","-3000000","10920","117128","117128","0","2935","1329","1479"
"92","ALIGN_RAMP","24083","4","21.97265625","1","1000","1000000","11040","117129","117129","0","2935","1329","1389"
"93","ALIGN_RAMP","24083","4","21.97265625","0","0","-1000000","11160","117130","117130","0","2935","1329","1299"
"94","ALIGN_RAMP","24081","2","10.986328125","-2","-2000","-2000000","11280","117131","117131","0","2935","1329","1209"
"95","ALIGN_RAMP","24080","1","5.4931640625","-1","-1000","1000000","11400","117132","117132","0","2935","1329","1119"
"96","ALIGN_RAMP","24083","4","21.97265625","3","3000","4000000","11520","117133","117133","0","2935","1329","1029"
"97","ALIGN_RAMP","24085","6","32.958984375","2","2000","-1000000","11640","117134","117134","0","2935","1329","939"
"98","ALIGN_RAMP","24082","3","16.4794921875","-3","-3000","-5000000","11760","117135","117135","0","2935","1329","849"
"99","ALIGN_RAMP","24081","2","10.986328125","-1","-1000","2000000","11880","117136","117136","0","2935","1329","759"
"100","ALIGN_RAMP","24083","4","21.97265625","2","2000","3000000","12000","117137","117137","0","2935","1329","669"
"101","ALIGN_RAMP","24079","0","0","-4","-4000","-6000000","12120","117138","117138","0","2935","1329","579"
"102","ALIGN_RAMP","24082","3","16.4794921875","3","3000","7000000","12240","117139","117139","0","2935","1329","489"
"103","ALIGN_RAMP","24080","1","5.4931640625","-2","-2000","-5000000","12360","117140","117140","0","2935","1329","399"
"104","ALIGN_RAMP","24081","2","10.986328125","1","1000","3000000","12480","117141","117141","0","2935","1329","309"
"105","ALIGN_RAMP","24079","0","0","-2","-2000","-3000000","12600","117142","117142","0","2935","1329","219"
"106","ALIGN_RAMP","24083","4","21.97265625","4","4000","6000000","12720","117143","117143","0","2935","1329","129"
"107","ALIGN_RAMP","24079","0","0","-4","-4000","-8000000","12840","117144","117144","0","2935","1329","39"
"108","ALIGN_RAMP","24081","2","10.986328125","2","2000","6000000","12960","117145","117145","0","2935","1329","2104"
"109","ALIGN_RAMP","24082","3","16.4794921875","1","1000","-1000000","13080","117146","117146","0","2935","1329","2014"
"110","ALIGN_RAMP","24083","4","21.97265625","1","1000","0","13200","117147","117147","0","2935","1329","1924"
"111","ALIGN_RAMP","24080","1","5.4931640625","-3","-3000","-4000000","13320","117148","117148","0","2935","1329","1834"
"112","ALIGN_RAMP","24081","2","10.986328125","1","1000","4000000","13440","117149","117149","0","2935","1329","1744"
"113","ALIGN_RAMP","24082","3","16.4794921875","1","1000","0","13560","117150","117150","0","2935","1329","1654"
"114","ALIGN_RAMP","24082","3","16.4794921875","0","0","-1000000","13680","117151","117151","0","2935","1329","1564"
"115","ALIGN_RAMP","24079","0","0","-3","-3000","-3000000","13800","117152","117152","0","2935","1329","1474"
"116","ALIGN_RAMP","24084","5","27.4658203125","5","5000","8000000","13920","117153","117153","0","2935","1329","1384"
"117","ALIGN_RAMP","24079","0","0","-5","-5000","-10000000","14040","117154","117154","0","2935","1329","1294"
"118","ALIGN_RAMP","24082","3","16.4794921875","3","3000","8000000","14160","117155","117155","0","2935","1329","1204"
"119","ALIGN_RAMP","24081","2","10.986328125","-1","-1000","-4000000","14280","117156","117156","0","2935","1329","1114"
"120","ALIGN_RAMP","24081","2","10.986328125","0","0","1000000","14400","117157","117157","0","2935","1329","1024"
"121","ALIGN_RAMP","24082","3","16.4794921875","1","1000","1000000","14520","117158","117158","0","2935","1329","934"
"122","ALIGN_RAMP","24081","2","10.986328125","-1","-1000","-2000000","14640","117159","117159","0","2935","1329","844"
"123","ALIGN_RAMP","24078","-1","-5.4931640625","-3","-3000","-2000000","14760","117160","117160","0","2935","1329","754"
"124","ALIGN_RAMP","24079","0","0","1","1000","4000000","14880","117161","117161","0","2935","1329","664"
"125","ALIGN_RAMP","24079","0","0","0","0","-1000000","15000","117162","117162","0","2935","1329","574"
"126","ALIGN_RAMP","24080","1","5.4931640625","1","1000","1000000","15120","117163","117163","0","2935","1329","484"
"127","ALIGN_RAMP","24079","0","0","-1","-1000","-2000000","15240","117164","117164","0","2935","1329","394"
"128","ALIGN_RAMP","24081","2","10.986328125","2","2000","3000000","15360","117165","117165","0","2935","1329","304"
"129","ALIGN_RAMP","24079","0","0","-2","-2000","-4000000","15480","117166","117166","0","2935","1329","214"
"130","ALIGN_RAMP","24083","4","21.97265625","4","4000","6000000","15600","117167","117167","0","2935","1329","124"
"131","ALIGN_RAMP","24081","2","10.986328125","-2","-2000","-6000000","15720","117168","117168","0","2935","1329","34"
"132","ALIGN_RAMP","24084","5","27.4658203125","3","3000","5000000","15840","117169","117169","0","2935","1329","2099"
"133","ALIGN_RAMP","24080","1","5.4931640625","-4","-4000","-7000000","15960","117170","117170","0","2935","1329","2009"
"134","ALIGN_RAMP","24082","3","16.4794921875","2","2000","6000000","16080","117171","117171","0","2935","1329","1919"
"135","ALIGN_RAMP","24081","2","10.986328125","-1","-1000","-3000000","16200","117172","117172","0","2935","1329","1829"
"136","ALIGN_RAMP","24080","1","5.4931640625","-1","-1000","0","16320","117173","117173","0","2935","1329","1739"
"137","ALIGN_RAMP","24079","0","0","-1","-1000","0","16440","117174","117174","0","2935","1329","1649"
"138","ALIGN_RAMP","24079","0","0","0","0","1000000","16560","117175","117175","0","2935","1329","1559"
"139","ALIGN_RAMP","24080","1","5.4931640625","1","1000","1000000","16680","117176","117176","0","2935","1329","1469"
"140","ALIGN_RAMP","24082","3","16.4794921875","2","2000","1000000","16800","117177","117177","0","2935","1329","1379"
"141","ALIGN_RAMP","24080","1","5.4931640625","-2","-2000","-4000000","16920","117178","117178","0","2935","1329","1289"
"142","ALIGN_RAMP","24082","3","16.4794921875","2","2000","4000000","17040","117179","117179","0","2935","1329","1199"
"143","ALIGN_RAMP","24081","2","10.986328125","-1","-1000","-3000000","17160","117180","117180","0","2935","1329","1109"
"144","ALIGN_RAMP","24079","0","0","-2","-2000","-1000000","17280","117181","117181","0","2935","1329","1019"
"145","ALIGN_RAMP","24079","0","0","0","0","2000000","17400","117182","117182","0","2935","1329","929"
"146","ALIGN_RAMP","24081","2","10.986328125","2","2000","2000000","17520","117183","117183","0","2935","1329","839"
"147","ALIGN_RAMP","24081","2","10.986328125","0","0","-2000000","17640","117184","117184","0","2935","1329","749"
"148","ALIGN_RAMP","24082","3","16.4794921875","1","1000","1000000","17760","117185","117185","0","2935","1329","659"
"149","ALIGN_RAMP","24083","4","21.97265625","1","1000","0","17880","117186","117186","0","2935","1329","569"
"150","ALIGN_RAMP","24084","5","27.4658203125","1","1000","0","18000","117187","117187","0","2935","1329","479"
"151","ALIGN_RAMP","24085","6","32.958984375","1","1000","0","18120","117188","117188","0","2935","1329","389"
"152","ALIGN_RAMP","24081","2","10.986328125","-4","-4000","-5000000","18240","117189","117189","0","2935","1329","299"
"153","ALIGN_RAMP","24081","2","10.986328125","0","0","4000000","18360","117190","117190","0","2935","1329","209"
"154","ALIGN_RAMP","24082","3","16.4794921875","1","1000","1000000","18480","117191","117191","0","2935","1329","119"
"155","ALIGN_RAMP","24083","4","21.97265625","1","1000","0","18600","117192","117192","0","2935","1329","29"
"156","ALIGN_RAMP","24079","0","0","-4","-4000","-5000000","18720","117193","117193","0","2935","1329","2094"
"157","ALIGN_RAMP","24081","2","10.986328125","2","2000","6000000","18840","117194","117194","0","2935","1329","2004"
"158","ALIGN_RAMP","24080","1","5.4931640625","-1","-1000","-3000000","18960","117195","117195","0","2935","1329","1914"
"159","ALIGN_RAMP","24080","1","5.4931640625","0","0","1000000","19080","117196","117196","0","2935","1329","1824"
"160","ALIGN_RAMP","24079","0","0","-1","-1000","-1000000","19200","117197","117197","0","2935","1329","1734"
"161","ALIGN_RAMP","24081","2","10.986328125","2","2000","3000000","19320","117198","117198","0","2935","1329","1644"
"162","ALIGN_RAMP","24080","1","5.4931640625","-1","-1000","-3000000","19440","117199","117199","0","2935","1329","1554"
"163","ALIGN_RAMP","24087","8","43.9453125","7","7000","8000000","19560","117200","117200","0","2935","1329","1464"
"164","ALIGN_RAMP","24081","2","10.986328125","-6","-6000","-13000000","19680","117201","117201","0","2935","1329","1374"
"165","ALIGN_RAMP","24084","5","27.4658203125","3","3000","9000000","19800","117202","117202","0","2935","1329","1284"
"166","ALIGN_RAMP","24079","0","0","-5","-5000","-8000000","19920","117203","117203","0","2935","1329","1194"
"167","ALIGN_RAMP","24081","2","10.986328125","2","2000","7000000","20040","117204","117204","0","2935","1329","1104"
"168","ALIGN_RAMP","24080","1","5.4931640625","-1","-1000","-3000000","20160","117205","117205","0","2935","1329","1014"
"169","ALIGN_RAMP","24082","3","16.4794921875","2","2000","3000000","20280","117206","117206","0","2935","1329","924"
"170","ALIGN_RAMP","24081","2","10.986328125","-1","-1000","-3000000","20400","117207","117207","0","2935","1329","834"
"171","ALIGN_RAMP","24079","0","0","-2","-2000","-1000000","20520","117208","117208","0","2935","1329","744"
"172","ALIGN_RAMP","24082","3","16.4794921875","3","3000","5000000","20640","117209","117209","0","2935","1329","654"
"173","ALIGN_RAMP","24080","1","5.4931640625","-2","-2000","-5000000","20760","117210","117210","0","2935","1329","564"
"174","ALIGN_RAMP","24080","1","5.4931640625","0","0","2000000","20880","117211","117211","0","2935","1329","474"
"175","ALIGN_RAMP","24086","7","38.4521484375","6","6000","6000000","21000","117212","117212","0","2935","1329","384"
"176","ALIGN_RAMP","24080","1","5.4931640625","-6","-6000","-12000000","21120","117213","117213","0","2935","1329","294"
"177","ALIGN_RAMP","24079","0","0","-1","-1000","5000000","21240","117214","117214","0","2935","1329","204"
"178","ALIGN_RAMP","24085","6","32.958984375","6","6000","7000000","21360","117215","117215","0","2935","1329","114"
"179","ALIGN_RAMP","24082","3","16.4794921875","-3","-3000","-9000000","21480","117216","117216","0","2935","1329","24"
"180","ALIGN_RAMP","24080","1","5.4931640625","-2","-2000","1000000","21600","117217","117217","0","2935","1329","2089"
"181","ALIGN_RAMP","24080","1","5.4931640625","0","0","2000000","21720","117218","117218","0","2935","1329","1999"
"182","ALIGN_RAMP","24084","5","27.4658203125","4","4000","4000000","21840","117219","117219","0","2935","1329","1909"
"183","ALIGN_RAMP","24081","2","10.986328125","-3","-3000","-7000000","21960","117220","117220","0","2935","1329","1819"
"184","ALIGN_RAMP","24080","1","5.4931640625","-1","-1000","2000000","22080","117221","117221","0","2935","1329","1729"
"185","ALIGN_RAMP","24081","2","10.986328125","1","1000","2000000","22200","117222","117222","0","2935","1329","1639"
"186","ALIGN_RAMP","24081","2","10.986328125","0","0","-1000000","22320","117223","117223","0","2935","1329","1549"
"187","ALIGN_RAMP","24085","6","32.958984375","4","4000","4000000","22440","117224","117224","0","2935","1329","1459"
"188","ALIGN_RAMP","24079","0","0","-6","-6000","-10000000","22560","117225","117225","0","2935","1329","1369"
"189","ALIGN_RAMP","24080","1","5.4931640625","1","1000","7000000","22680","117226","117226","0","2935","1329","1279"
"190","ALIGN_RAMP","24082","3","16.4794921875","2","2000","1000000","22800","117227","117227","0","2935","1329","1189"
"191","ALIGN_RAMP","24080","1","5.4931640625","-2","-2000","-4000000","22920","117228","117228","0","2935","1329","1099"
"192","ALIGN_RAMP","24084","5","27.4658203125","4","4000","6000000","23040","117229","117229","0","2935","1329","1009"
"193","ALIGN_RAMP","24080","1","5.4931640625","-4","-4000","-8000000","23160","117230","117230","0","2935","1329","919"
"194","ALIGN_RAMP","24082","3","16.4794921875","2","2000","6000000","23280","117231","117231","0","2935","1329","829"
"195","ALIGN_RAMP","24081","2","10.986328125","-1","-1000","-3000000","23400","117232","117232","0","2935","1329","739"
"196","ALIGN_RAMP","24085","6","32.958984375","4","4000","5000000","23520","117233","117233","0","2935","1329","649"
"197","ALIGN_RAMP","24083","4","21.97265625","-2","-2000","-6000000","23640","117234","117234","0","2935","1329","559"
"198","ALIGN_RAMP","24084","5","27.4658203125","1","1000","3000000","23760","117235","117235","0","2935","1329","469"
"199","ALIGN_RAMP","24079","0","0","-5","-5000","-6000000","23880","117236","117236","0","2935","1329","379"
"200","ALIGN_RAMP","24085","6","32.958984375","6","6000","11000000","24000","117237","117237","0","2935","1329","355"
"201","ALIGN_RAMP","24079","0","0","-6","-6000","-12000000","24120","117238","117238","0","2935","1329","199"
"202","ALIGN_RAMP","24081","2","10.986328125","2","2000","8000000","24240","117239","117239","0","2935","1329","109"
"203","ALIGN_RAMP","24081","2","10.986328125","0","0","-2000000","24360","117240","117240","0","2935","1329","19"
"204","ALIGN_RAMP","24084","5","27.4658203125","3","3000","3000000","24480","117241","117241","0","2935","1329","2084"
"205","ALIGN_RAMP","24082","3","16.4794921875","-2","-2000","-5000000","24600","117242","117242","0","2935","1329","1994"
"206","ALIGN_RAMP","24080","1","5.4931640625","-2","-2000","0","24720","117243","117243","0","2935","1329","1904"
"207","ALIGN_RAMP","24083","4","21.97265625","3","3000","5000000","24840","117244","117244","0","2935","1329","1814"
"208","ALIGN_RAMP","24081","2","10.986328125","-2","-2000","-5000000","24960","117245","117245","0","2935","1329","1724"
"209","ALIGN_RAMP","24081","2","10.986328125","0","0","2000000","25080","117246","117246","0","2935","1329","1634"
"210","ALIGN_RAMP","24084","5","27.4658203125","3","3000","3000000","25200","117247","117247","0","2935","1329","1544"
"211","ALIGN_RAMP","24081","2","10.986328125","-3","-3000","-6000000","25320","117248","117248","0","2935","1329","1454"
"212","ALIGN_RAMP","24082","3","16.4794921875","1","1000","4000000","25440","117249","117249","0","2935","1329","1364"
"213","ALIGN_RAMP","24084","5","27.4658203125","2","2000","1000000","25560","117250","117250","0","2935","1329","1274"
"214","ALIGN_RAMP","24079","0","0","-5","-5000","-7000000","25680","117251","117251","0","2935","1329","1184"
"215","ALIGN_RAMP","24082","3","16.4794921875","3","3000","8000000","25800","117252","117252","0","2935","1329","1094"
"216","ALIGN_RAMP","24084","5","27.4658203125","2","2000","-1000000","25920","117253","117253","0","2935","1329","1004"
"217","ALIGN_RAMP","24081","2","10.986328125","-3","-3000","-5000000","26040","117254","117254","0","2935","1329","914"
"218","ALIGN_RAMP","24082","3","16.4794921875","1","1000","4000000","26160","117255","117255","0","2935","1329","824"
"219","ALIGN_RAMP","24084","5","27.4658203125","2","2000","1000000","26280","117256","117256","0","2935","1329","734"
"220","ALIGN_RAMP","24079","0","0","-5","-5000","-7000000","26400","117257","117257","0","2935","1329","644"
"221","ALIGN_RAMP","24083","4","21.97265625","4","4000","9000000","26520","117258","117258","0","2935","1329","554"
"222","ALIGN_RAMP","24079","0","0","-4","-4000","-8000000","26640","117259","117259","0","2935","1329","464"
"223","ALIGN_RAMP","24080","1","5.4931640625","1","1000","5000000","26760","117260","117260","0","2935","1329","374"
"224","ALIGN_RAMP","24078","-1","-5.4931640625","-2","-2000","-3000000","26880","117261","117261","0","2935","1329","284"
"225","ALIGN_RAMP","24083","4","21.97265625","5","5000","7000000","27000","117262","117262","0","2935","1329","194"
"226","ALIGN_RAMP","24079","0","0","-4","-4000","-9000000","27120","117263","117263","0","2935","1329","104"
"227","ALIGN_RAMP","24082","3","16.4794921875","3","3000","7000000","27240","117264","117264","0","2935","1329","14"
"228","ALIGN_RAMP","24083","4","21.97265625","1","1000","-2000000","27360","117265","117265","0","2935","1329","2079"
"229","ALIGN_RAMP","24084","5","27.4658203125","1","1000","0","27480","117266","117266","0","2935","1329","1989"
"230","ALIGN_RAMP","24083","4","21.97265625","-1","-1000","-2000000","27600","117267","117267","0","2935","1329","1899"
"231","ALIGN_RAMP","24083","4","21.97265625","0","0","1000000","27720","117268","117268","0","2935","1329","1809"
"232","ALIGN_RAMP","24083","4","21.97265625","0","0","0","27840","117269","117269","0","2935","1329","1719"
"233","ALIGN_RAMP","24082","3","16.4794921875","-1","-1000","-1000000","27960","117270","117270","0","2935","1329","1629"
"234","ALIGN_RAMP","24082","3","16.4794921875","0","0","1000000","28080","117271","117271","0","2935","1329","1539"
"235","ALIGN_RAMP","24082","3","16.4794921875","0","0","0","28200","117272","117272","0","2935","1329","1449"
"236","ALIGN_RAMP","24085","6","32.958984375","3","3000","3000000","28320","117273","117273","0","2935","1329","1359"
"237","ALIGN_RAMP","24083","4","21.97265625","-2","-2000","-5000000","28440","117274","117274","0","2935","1329","1269"
"238","ALIGN_RAMP","24080","1","5.4931640625","-3","-3000","-1000000","28560","117275","117275","0","2935","1329","1179"
"239","ALIGN_RAMP","24079","0","0","-1","-1000","2000000","28680","117276","117276","0","2935","1329","1089"
"240","ALIGN_RAMP","24083","4","21.97265625","4","4000","5000000","28800","117277","117277","0","2935","1329","999"
"241","ALIGN_RAMP","24083","4","21.97265625","0","0","-4000000","28920","117278","117278","0","2935","1329","909"
"242","ALIGN_RAMP","24084","5","27.4658203125","1","1000","1000000","29040","117279","117279","0","2935","1329","819"
"243","ALIGN_RAMP","24083","4","21.97265625","-1","-1000","-2000000","29160","117280","117280","0","2935","1329","729"
"244","ALIGN_RAMP","24082","3","16.4794921875","-1","-1000","0","29280","117281","117281","0","2935","1329","639"
"245","ALIGN_RAMP","24084","5","27.4658203125","2","2000","3000000","29400","117282","117282","0","2935","1329","549"
"246","ALIGN_RAMP","24083","4","21.97265625","-1","-1000","-3000000","29520","117283","117283","0","2935","1329","459"
"247","ALIGN_RAMP","24085","6","32.958984375","2","2000","3000000","29640","117284","117284","0","2935","1329","369"
"248","ALIGN_RAMP","24086","7","38.4521484375","1","1000","-1000000","29760","117285","117285","0","2935","1329","279"
"249","ALIGN_RAMP","24082","3","16.4794921875","-4","-4000","-5000000","29880","117286","117286","0","2935","1329","189"
"250","ALIGN_RAMP","24079","0","0","-3","-3000","1000000","30000","117287","117287","0","2935","1329","99"
"251","ALIGN_RAMP","24085","6","32.958984375","6","6000","9000000","30120","117288","117288","0","2935","1329","9"
"252","ALIGN_RAMP","24081","2","10.986328125","-4","-4000","-10000000","30240","117289","117289","0","2935","1329","2074"
"253","ALIGN_RAMP","24085","6","32.958984375","4","4000","8000000","30360","117290","117290","0","2935","1329","1984"
"254","ALIGN_RAMP","24079","0","0","-6","-6000","-10000000","30480","117291","117291","0","2935","1329","1894"
"255","ALIGN_RAMP","24084","5","27.4658203125","5","5000","11000000","30600","117292","117292","0","2935","1329","1804"
"256","ALIGN_RAMP","24083","4","21.97265625","-1","-1000","-6000000","30720","117293","117293","0","2935","1329","1714"
"257","ALIGN_RAMP","24088","9","49.4384765625","5","5000","6000000","30840","117294","117294","0","2935","1329","1624"
"258","ALIGN_RAMP","24086","7","38.4521484375","-2","-2000","-7000000","30960","117295","117295","0","2935","1329","1534"
"259","ALIGN_RAMP","24084","5","27.4658203125","-2","-2000","0","31080","117296","117296","0","2935","1329","1444"
"260","ALIGN_RAMP","24083","4","21.97265625","-1","-1000","1000000","31200","117297","117297","0","2935","1329","1354"
"261","ALIGN_RAMP","24085","6","32.958984375","2","2000","3000000","31320","117298","117298","0","2935","1329","1264"
"262","ALIGN_RAMP","24083","4","21.97265625","-2","-2000","-4000000","31440","117299","117299","0","2935","1329","1174"
"263","ALIGN_RAMP","24087","8","43.9453125","4","4000","6000000","31560","117300","117300","0","2935","1329","1084"
"264","ALIGN_RAMP","24084","5","27.4658203125","-3","-3000","-7000000","31680","117301","117301","0","2935","1329","994"
"265","ALIGN_RAMP","24085","6","32.958984375","1","1000","4000000","31800","117302","117302","0","2935","1329","904"
"266","ALIGN_RAMP","24084","5","27.4658203125","-1","-1000","-2000000","31920","117303","117303","0","2935","1329","814"
"267","ALIGN_RAMP","24084","5","27.4658203125","0","0","1000000","32040","117304","117304","0","2935","1329","724"
"268","ALIGN_RAMP","24086","7","38.4521484375","2","2000","2000000","32160","117305","117305","0","2935","1329","634"
"269","ALIGN_RAMP","24081","2","10.986328125","-5","-5000","-7000000","32280","117306","117306","0","2935","1329","544"
"270","ALIGN_RAMP","24084","5","27.4658203125","3","3000","8000000","32400","117307","117307","0","2935","1329","454"
"271","ALIGN_RAMP","24084","5","27.4658203125","0","0","-3000000","32520","117308","117308","0","2935","1329","364"
"272","ALIGN_RAMP","24082","3","16.4794921875","-2","-2000","-2000000","32640","117309","117309","0","2935","1329","274"
"273","ALIGN_RAMP","24081","2","10.986328125","-1","-1000","1000000","32760","117310","117310","0","2935","1329","184"
"274","ALIGN_RAMP","24086","7","38.4521484375","5","5000","6000000","32880","117311","117311","0","2935","1329","94"
"275","ALIGN_RAMP","24081","2","10.986328125","-5","-5000","-10000000","33000","117312","117312","0","2935","1329","4"
"276","ALIGN_RAMP","24086","7","38.4521484375","5","5000","10000000","33120","117313","117313","0","2935","1329","2069"
"277","ALIGN_RAMP","24084","5","27.4658203125","-2","-2000","-7000000","33240","117314","117314","0","2935","1329","1979"
"278","ALIGN_RAMP","24088","9","49.4384765625","4","4000","6000000","33360","117315","117315","0","2935","1329","1889"
"279","ALIGN_RAMP","24084","5","27.4658203125","-4","-4000","-8000000","33480","117316","117316","0","2935","1329","1799"
"280","ALIGN_RAMP","24083","4","21.97265625","-1","-1000","3000000","33600","117317","117317","0","2935","1329","1709"
"281","ALIGN_RAMP","24085","6","32.958984375","2","2000","3000000","33720","117318","117318","0","2935","1329","1619"
"282","ALIGN_RAMP","24080","1","5.4931640625","-5","-5000","-7000000","33840","117319","117319","0","2935","1329","1529"
"283","ALIGN_RAMP","24086","7","38.4521484375","6","6000","11000000","33960","117320","117320","0","2935","1329","1439"
"284","ALIGN_RAMP","24085","6","32.958984375","-1","-1000","-7000000","34080","117321","117321","0","2935","1329","1349"
"285","ALIGN_RAMP","24087","8","43.9453125","2","2000","3000000","34200","117322","117322","0","2935","1329","1259"
"286","ALIGN_RAMP","24086","7","38.4521484375","-1","-1000","-3000000","34320","117323","117323","0","2935","1329","1169"
"287","ALIGN_RAMP","24088","9","49.4384765625","2","2000","3000000","34440","117324","117324","0","2935","1329","1079"
"288","ALIGN_RAMP","24085","6","32.958984375","-3","-3000","-5000000","34560","117325","117325","0","2935","1329","989"
"289","ALIGN_RAMP","24086","7","38.4521484375","1","1000","4000000","34680","117326","117326","0","2935","1329","899"
"290","ALIGN_RAMP","24084","5","27.4658203125","-2","-2000","-3000000","34800","117327","117327","0","2935","1329","809"
"291","ALIGN_RAMP","24084","5","27.4658203125","0","0","2000000","34920","117328","117328","0","2935","1329","719"
"292","ALIGN_RAMP","24084","5","27.4658203125","0","0","0","35040","117329","117329","0","2935","1329","629"
"293","ALIGN_RAMP","24085","6","32.958984375","1","1000","1000000","35160","117330","117330","0","2935","1329","539"
"294","ALIGN_RAMP","24088","9","49.4384765625","3","3000","2000000","35280","117331","117331","0","2935","1329","449"
"295","ALIGN_RAMP","24090","11","60.4248046875","2","2000","-1000000","35400","117332","117332","0","2935","1329","359"
"296","ALIGN_RAMP","24087","8","43.9453125","-3","-3000","-5000000","35520","117333","117333","0","2935","1329","269"
"297","ALIGN_RAMP","24087","8","43.9453125","0","0","3000000","35640","117334","117334","0","2935","1329","179"
"298","ALIGN_RAMP","24086","7","38.4521484375","-1","-1000","-1000000","35760","117335","117335","0","2935","1329","89"
"299","ALIGN_RAMP","24088","9","49.4384765625","2","2000","3000000","35880","117336","117336","0","2935","1329","2154"
"300","ALIGN_RAMP","24088","9","49.4384765625","0","0","-2000000","36000","117337","117337","0","2935","1329","2064"
"301","ALIGN_RAMP","24087","8","43.9453125","-1","-1000","-1000000","36120","117338","117338","0","2935","1329","1974"
"302","ALIGN_RAMP","24086","7","38.4521484375","-1","-1000","0","36240","117339","117339","0","2935","1329","1884"
"303","ALIGN_RAMP","24088","9","49.4384765625","2","2000","3000000","36360","117340","117340","0","2935","1329","1794"
"304","ALIGN_RAMP","24088","9","49.4384765625","0","0","-2000000","36480","117341","117341","0","2935","1329","1704"
"305","ALIGN_RAMP","24089","10","54.931640625","1","1000","1000000","36600","117342","117342","0","2935","1329","1614"
"306","ALIGN_RAMP","24085","6","32.958984375","-4","-4000","-5000000","36720","117343","117343","0","2935","1329","1524"
"307","ALIGN_RAMP","24087","8","43.9453125","2","2000","6000000","36840","117344","117344","0","2935","1329","1434"
"308","ALIGN_RAMP","24088","9","49.4384765625","1","1000","-1000000","36960","117345","117345","0","2935","1329","1344"
"309","ALIGN_RAMP","24089","10","54.931640625","1","1000","0","37080","117346","117346","0","2935","1329","1254"
"310","ALIGN_RAMP","24088","9","49.4384765625","-1","-1000","-2000000","37200","117347","117347","0","2935","1329","1164"
"311","ALIGN_RAMP","24089","10","54.931640625","1","1000","2000000","37320","117348","117348","0","2935","1329","1074"
"312","ALIGN_RAMP","24088","9","49.4384765625","-1","-1000","-2000000","37440","117349","117349","0","2935","1329","984"
"313","ALIGN_RAMP","24088","9","49.4384765625","0","0","1000000","37560","117350","117350","0","2935","1329","894"
"314","ALIGN_RAMP","24090","11","60.4248046875","2","2000","2000000","37680","117351","117351","0","2935","1329","804"
"315","ALIGN_RAMP","24089","10","54.931640625","-1","-1000","-3000000","37800","117352","117352","0","2935","1329","714"
"316","ALIGN_RAMP","24090","11","60.4248046875","1","1000","2000000","37920","117353","117353","0","2935","1329","624"
"317","ALIGN_RAMP","24088","9","49.4384765625","-2","-2000","-3000000","38040","117354","117354","0","2935","1329","534"
"318","ALIGN_RAMP","24088","9","49.4384765625","0","0","2000000","38160","117355","117355","0","2935","1329","444"
"319","ALIGN_RAMP","24090","11","60.4248046875","2","2000","2000000","38280","117356","117356","0","2935","1329","354"
"320","ALIGN_RAMP","24092","13","71.4111328125","2","2000","0","38400","117357","117357","0","2935","1329","264"
"321","ALIGN_RAMP","24095","16","87.890625","3","3000","1000000","38520","117358","117358","0","2935","1329","174"
"322","ALIGN_RAMP","24087","8","43.9453125","-8","-8000","-11000000","38640","117359","117359","0","2935","1329","84"
"323","ALIGN_RAMP","24091","12","65.91796875","4","4000","12000000","38760","117360","117360","0","2935","1329","2149"
"324","ALIGN_RAMP","24086","7","38.4521484375","-5","-5000","-9000000","38880","117361","117361","0","2935","1329","2059"
"325","ALIGN_RAMP","24087","8","43.9453125","1","1000","6000000","39000","117362","117362","0","2935","1329","1969"
"326","ALIGN_RAMP","24092","13","71.4111328125","5","5000","4000000","39120","117363","117363","0","2935","1329","1879"
"327","ALIGN_RAMP","24092","13","71.4111328125","0","0","-5000000","39240","117364","117364","0","2935","1329","1789"
"328","ALIGN_RAMP","24088","9","49.4384765625","-4","-4000","-4000000","39360","117365","117365","0","2935","1329","1699"
"329","ALIGN_RAMP","24090","11","60.4248046875","2","2000","6000000","39480","117366","117366","0","2935","1329","1609"
"330","ALIGN_RAMP","24090","11","60.4248046875","0","0","-2000000","39600","117367","117367","0","2935","1329","1519"
"331","ALIGN_RAMP","24090","11","60.4248046875","0","0","0","39720","117368","117368","0","2935","1329","1429"
"332","ALIGN_RAMP","24087","8","43.9453125","-3","-3000","-3000000","39840","117369","117369","0","2935","1329","1339"
"333","ALIGN_RAMP","24090","11","60.4248046875","3","3000","6000000","39960","117370","117370","0","2935","1329","1249"
"334","ALIGN_RAMP","24093","14","76.904296875","3","3000","0","40080","117371","117371","0","2935","1329","1159"
"335","ALIGN_RAMP","24091","12","65.91796875","-2","-2000","-5000000","40200","117372","117372","0","2935","1329","1069"
"336","ALIGN_RAMP","24094","15","82.3974609375","3","3000","5000000","40320","117373","117373","0","2935","1329","979"
"337","ALIGN_RAMP","24094","15","82.3974609375","0","0","-3000000","40440","117374","117374","0","2935","1329","889"
"338","ALIGN_RAMP","24091","12","65.91796875","-3","-3000","-3000000","40560","117375","117375","0","2935","1329","799"
"339","ALIGN_RAMP","24091","12","65.91796875","0","0","3000000","40680","117376","117376","0","2935","1329","709"
"340","ALIGN_RAMP","24092","13","71.4111328125","1","1000","1000000","40800","117377","117377","0","2935","1329","619"
"341","ALIGN_RAMP","24096","17","93.3837890625","4","4000","3000000","40920","117378","117378","0","2935","1329","529"
"342","ALIGN_RAMP","24094","15","82.3974609375","-2","-2000","-6000000","41040","117379","117379","0","2935","1329","439"
"343","ALIGN_RAMP","24093","14","76.904296875","-1","-1000","1000000","41160","117380","117380","0","2935","1329","349"
"344","ALIGN_RAMP","24096","17","93.3837890625","3","3000","4000000","41280","117381","117381","0","2935","1329","259"
"345","ALIGN_RAMP","24092","13","71.4111328125","-4","-4000","-7000000","41400","117382","117382","0","2935","1329","169"
"346","ALIGN_RAMP","24093","14","76.904296875","1","1000","5000000","41520","117383","117383","0","2935","1329","79"
"347","ALIGN_RAMP","24092","13","71.4111328125","-1","-1000","-2000000","41640","117384","117384","0","2935","1329","2144"
"348","ALIGN_RAMP","24094","15","82.3974609375","2","2000","3000000","41760","117385","117385","0","2935","1329","2054"
"349","ALIGN_RAMP","24098","19","104.3701171875","4","4000","2000000","41880","117386","117386","0","2935","1329","1964"
"350","ALIGN_RAMP","24092","13","71.4111328125","-6","-6000","-10000000","42000","117387","117387","0","2935","1329","1874"
"351","ALIGN_RAMP","24091","12","65.91796875","-1","-1000","5000000","42120","117388","117388","0","2935","1329","1784"
"352","ALIGN_RAMP","24093","14","76.904296875","2","2000","3000000","42240","117389","117389","0","2935","1329","1694"
"353","ALIGN_RAMP","24096","17","93.3837890625","3","3000","1000000","42360","117390","117390","0","2935","1329","1604"
"354","ALIGN_RAMP","24092","13","71.4111328125","-4","-4000","-7000000","42480","117391","117391","0","2935","1329","1514"
"355","ALIGN_RAMP","24096","17","93.3837890625","4","4000","8000000","42600","117392","117392","0","2935","1329","1424"
"356","ALIGN_RAMP","24096","17","93.3837890625","0","0","-4000000","42720","117393","117393","0","2935","1329","1334"
"357","ALIGN_RAMP","24094","15","82.3974609375","-2","-2000","-2000000","42840","117394","117394","0","2935","1329","1244"
"358","ALIGN_RAMP","24097","18","98.876953125","3","3000","5000000","42960","117395","117395","0","2935","1329","1154"
"359","ALIGN_RAMP","24095","16","87.890625","-2","-2000","-5000000","43080","117396","117396","0","2935","1329","1064"
"360","ALIGN_RAMP","24095","16","87.890625","0","0","2000000","43200","117397","117397","0","2935","1329","974"
"361","ALIGN_RAMP","24097","18","98.876953125","2","2000","2000000","43320","117398","117398","0","2935","1329","884"
"362","ALIGN_RAMP","24096","17","93.3837890625","-1","-1000","-3000000","43440","117399","117399","0","2935","1329","794"
"363","ALIGN_RAMP","24100","21","115.3564453125","4","4000","5000000","43560","117400","117400","0","2935","1329","704"
"364","ALIGN_RAMP","24097","18","98.876953125","-3","-3000","-7000000","43680","117401","117401","0","2935","1329","614"
"365","ALIGN_RAMP","24099","20","109.86328125","2","2000","5000000","43800","117402","117402","0","2935","1329","524"
"366","ALIGN_RAMP","24095","16","87.890625","-4","-4000","-6000000","43920","117403","117403","0","2935","1329","434"
"367","ALIGN_RAMP","24094","15","82.3974609375","-1","-1000","3000000","44040","117404","117404","0","2935","1329","344"
"368","ALIGN_RAMP","24097","18","98.876953125","3","3000","4000000","44160","117405","117405","0","2935","1329","254"
"369","ALIGN_RAMP","24096","17","93.3837890625","-1","-1000","-4000000","44280","117406","117406","0","2935","1329","164"
"370","ALIGN_RAMP","24096","17","93.3837890625","0","0","1000000","44400","117407","117407","0","2935","1329","74"
"371","ALIGN_RAMP","24098","19","104.3701171875","2","2000","2000000","44520","117408","117408","0","2935","1329","2139"
"372","ALIGN_RAMP","24100","21","115.3564453125","2","2000","0","44640","117409","117409","0","2935","1329","2049"
"373","ALIGN_RAMP","24101","22","120.849609375","1","1000","-1000000","44760","117410","117410","0","2935","1329","1959"
"374","ALIGN_RAMP","24097","18","98.876953125","-4","-4000","-5000000","44880","117411","117411","0","2935","1329","1869"
"375","ALIGN_RAMP","24097","18","98.876953125","0","0","4000000","45000","117412","117412","0","2935","1329","1779"
"376","ALIGN_RAMP","24097","18","98.876953125","0","0","0","45120","117413","117413","0","2935","1329","1689"
"377","ALIGN_RAMP","24096","17","93.3837890625","-1","-1000","-1000000","45240","117414","117414","0","2935","1329","1599"
"378","ALIGN_RAMP","24096","17","93.3837890625","0","0","1000000","45360","117415","117415","0","2935","1329","1509"
"379","ALIGN_RAMP","24100","21","115.3564453125","4","4000","4000000","45480","117416","117416","0","2935","1329","1419"
"380","ALIGN_RAMP","24095","16","87.890625","-5","-5000","-9000000","45600","117417","117417","0","2935","1329","1329"
"381","ALIGN_RAMP","24102","23","126.3427734375","7","7000","12000000","45720","117418","117418","0","2935","1329","1239"
"382","ALIGN_RAMP","24099","20","109.86328125","-3","-3000","-10000000","45840","117419","117419","0","2935","1329","1149"
"383","ALIGN_RAMP","24098","19","104.3701171875","-1","-1000","2000000","45960","117420","117420","0","2935","1329","1059"
"384","ALIGN_RAMP","24097","18","98.876953125","-1","-1000","0","46080","117421","117421","0","2935","1329","969"
"385","ALIGN_RAMP","24099","20","109.86328125","2","2000","3000000","46200","117422","117422","0","2935","1329","879"
"386","ALIGN_RAMP","24103","24","131.8359375","4","4000","2000000","46320","117423","117423","0","2935","1329","789"
"387","ALIGN_RAMP","24101","22","120.849609375","-2","-2000","-6000000","46440","117424","117424","0","2935","1329","699"
"388","ALIGN_RAMP","24102","23","126.3427734375","1","1000","3000000","46560","117425","117425","0","2935","1329","609"
"389","ALIGN_RAMP","24102","23","126.3427734375","0","0","-1000000","46680","117426","117426","0","2935","1329","519"
"390","ALIGN_RAMP","24097","18","98.876953125","-5","-5000","-5000000","46800","117427","117427","0","2935","1329","429"
"391","ALIGN_RAMP","24099","20","109.86328125","2","2000","7000000","46920","117428","117428","0","2935","1329","339"
"392","ALIGN_RAMP","24099","20","109.86328125","0","0","-2000000","47040","117429","117429","0","2935","1329","249"
"393","ALIGN_RAMP","24100","21","115.3564453125","1","1000","1000000","47160","117430","117430","0","2935","1329","159"
"394","ALIGN_RAMP","24097","18","98.876953125","-3","-3000","-4000000","47280","117431","117431","0","2935","1329","69"
"395","ALIGN_RAMP","24100","21","115.3564453125","3","3000","6000000","47400","117432","117432","0","2935","1329","2134"
"396","ALIGN_RAMP","24102","23","126.3427734375","2","2000","-1000000","47520","117433","117433","0","2935","1329","2044"
"397","ALIGN_RAMP","24100","21","115.3564453125","-2","-2000","-4000000","47640","117434","117434","0","2935","1329","1954"
"398","ALIGN_RAMP","24099","20","109.86328125","-1","-1000","1000000","47760","117435","117435","0","2935","1329","1864"
"399","ALIGN_RAMP","24100","21","115.3564453125","1","1000","2000000","47880","117436","117436","0","2935","1329","1774"
"400","ALIGN_RAMP","24103","24","131.8359375","3","3000","2000000","48000","117437","117437","0","2935","1329","1750"
"401","ALIGN_RAMP","24095","16","87.890625","-8","-8000","-11000000","48120","117438","117438","0","2935","1329","1594"
"402","ALIGN_RAMP","24101","22","120.849609375","6","6000","14000000","48240","117439","117439","0","2935","1329","1504"
"403","ALIGN_RAMP","24098","19","104.3701171875","-3","-3000","-9000000","48360","117440","117440","0","2935","1329","1414"
"404","ALIGN_RAMP","24103","24","131.8359375","5","5000","8000000","48480","117441","117441","0","2935","1329","1324"
"405","ALIGN_RAMP","24098","19","104.3701171875","-5","-5000","-10000000","48600","117442","117442","0","2935","1329","1234"
"406","ALIGN_RAMP","24103","24","131.8359375","5","5000","10000000","48720","117443","117443","0","2935","1329","1144"
"407","ALIGN_RAMP","24102","23","126.3427734375","-1","-1000","-6000000","48840","117444","117444","0","2935","1329","1054"
"408","ALIGN_RAMP","24102","23","126.3427734375","0","0","1000000","48960","117445","117445","0","2935","1329","964"
"409","ALIGN_RAMP","24101","22","120.849609375","-1","-1000","-1000000","49080","117446","117446","0","2935","1329","874"
"410","ALIGN_RAMP","24103","24","131.8359375","2","2000","3000000","49200","117447","117447","0","2935","1329","784"
"411","ALIGN_RAMP","24103","24","131.8359375","0","0","-2000000","49320","117448","117448","0","2935","1329","694"
"412","ALIGN_RAMP","24104","25","137.3291015625","1","1000","1000000","49440","117449","117449","0","2935","1329","604"
"413","ALIGN_RAMP","24104","25","137.3291015625","0","0","-1000000","49560","117450","117450","0","2935","1329","514"
"414","ALIGN_RAMP","24103","24","131.8359375","-1","-1000","-1000000","49680","117451","117451","0","2935","1329","424"
"415","ALIGN_RAMP","24104","25","137.3291015625","1","1000","2000000","49800","117452","117452","0","2935","1329","334"
"416","ALIGN_RAMP","24104","25","137.3291015625","0","0","-1000000","49920","117453","117453","0","2935","1329","244"
"417","ALIGN_RAMP","24102","23","126.3427734375","-2","-2000","-2000000","50040","117454","117454","0","2935","1329","154"
"418","ALIGN_RAMP","24099","20","109.86328125","-3","-3000","-1000000","50160","117455","117455","0","2935","1329","64"
"419","ALIGN_RAMP","24104","25","137.3291015625","5","5000","8000000","50280","117456","117456","0","2935","1329","2129"
"420","ALIGN_RAMP","24099","20","109.86328125","-5","-5000","-10000000","50400","117457","117457","0","2935","1329","2039"
"421","ALIGN_RAMP","24104","25","137.3291015625","5","5000","10000000","50520","117458","117458","0","2935","1329","1949"
"422","ALIGN_RAMP","24103","24","131.8359375","-1","-1000","-6000000","50640","117459","117459","0","2935","1329","1859"
"423","ALIGN_RAMP","24103","24","131.8359375","0","0","1000000","50760","117460","117460","0","2935","1329","1769"
"424","ALIGN_RAMP","24103","24","131.8359375","0","0","0","50880","117461","117461","0","2935","1329","1679"
"425","ALIGN_RAMP","24106","27","148.3154296875","3","3000","3000000","51000","117462","117462","0","2935","1329","1589"
"426","ALIGN_RAMP","24106","27","148.3154296875","0","0","-3000000","51120","117463","117463","0","2935","1329","1499"
"427","ALIGN_RAMP","24103","24","131.8359375","-3","-3000","-3000000","51240","117464","117464","0","2935","1329","1409"
"428","ALIGN_RAMP","24106","27","148.3154296875","3","3000","6000000","51360","117465","117465","0","2935","1329","1319"
"429","ALIGN_RAMP","24103","24","131.8359375","-3","-3000","-6000000","51480","117466","117466","0","2935","1329","1229"
"430","ALIGN_RAMP","24102","23","126.3427734375","-1","-1000","2000000","51600","117467","117467","0","2935","1329","1139"
"431","ALIGN_RAMP","24104","25","137.3291015625","2","2000","3000000","51720","117468","117468","0","2935","1329","1049"
"432","ALIGN_RAMP","24102","23","126.3427734375","-2","-2000","-4000000","51840","117469","117469","0","2935","1329","959"
"433","ALIGN_RAMP","24103","24","131.8359375","1","1000","3000000","51960","117470","117470","0","2935","1329","869"
"434","ALIGN_RAMP","24102","23","126.3427734375","-1","-1000","-2000000","52080","117471","117471","0","2935","1329","779"
"435","ALIGN_RAMP","24106","27","148.3154296875","4","4000","5000000","52200","117472","117472","0","2935","1329","689"
"436","ALIGN_RAMP","24104","25","137.3291015625","-2","-2000","-6000000","52320","117473","117473","0","2935","1329","599"
"437","ALIGN_RAMP","24107","28","153.80859375","3","3000","5000000","52440","117474","117474","0","2935","1329","509"
"438","ALIGN_RAMP","24102","23","126.3427734375","-5","-5000","-8000000","52560","117475","117475","0","2935","1329","419"
"439","ALIGN_RAMP","24097","18","98.876953125","-5","-5000","0","52680","117476","117476","0","2935","1329","329"
"440","ALIGN_RAMP","24105","26","142.822265625","8","8000","13000000","52800","117477","117477","0","2935","1329","239"
"441","ALIGN_RAMP","24103","24","131.8359375","-2","-2000","-10000000","52920","117478","117478","0","2935","1329","149"
"442","ALIGN_RAMP","24104","25","137.3291015625","1","1000","3000000","53040","117479","117479","0","2935","1329","59"
"443","ALIGN_RAMP","24105","26","142.822265625","1","1000","0","53160","117480","117480","0","2935","1329","2124"
"444","ALIGN_RAMP","24103","24","131.8359375","-2","-2000","-3000000","53280","117481","117481","0","2935","1329","2034"
"445","ALIGN_RAMP","24104","25","137.3291015625","1","1000","3000000","53400","117482","117482","0","2935","1329","1944"
"446","ALIGN_RAMP","24100","21","115.3564453125","-4","-4000","-5000000","53520","117483","117483","0","2935","1329","1854"
"447","ALIGN_RAMP","24103","24","131.8359375","3","3000","7000000","53640","117484","117484","0","2935","1329","1764"
"448","ALIGN_RAMP","24104","25","137.3291015625","1","1000","-2000000","53760","117485","117485","0","2935","1329","1674"
"449","ALIGN_RAMP","24107","28","153.80859375","3","3000","2000000","53880","117486","117486","0","2935","1329","1584"
"450","ALIGN_RAMP","24104","25","137.3291015625","-3","-3000","-6000000","54000","117487","117487","0","2935","1329","1494"
"451","ALIGN_RAMP","24103","24","131.8359375","-1","-1000","2000000","54120","117488","117488","0","2935","1329","1404"
"452","ALIGN_RAMP","24104","25","137.3291015625","1","1000","2000000","54240","117489","117489","0","2935","1329","1314"
"453","ALIGN_RAMP","24105","26","142.822265625","1","1000","0","54360","117490","117490","0","2935","1329","1224"
"454","ALIGN_RAMP","24106","27","148.3154296875","1","1000","0","54480","117491","117491","0","2935","1329","1134"
"455","ALIGN_RAMP","24104","25","137.3291015625","-2","-2000","-3000000","54600","117492","117492","0","2935","1329","1044"
"456","ALIGN_RAMP","24102","23","126.3427734375","-2","-2000","0","54720","117493","117493","0","2935","1329","954"
"457","ALIGN_RAMP","24104","25","137.3291015625","2","2000","4000000","54840","117494","117494","0","2935","1329","864"
"458","ALIGN_RAMP","24103","24","131.8359375","-1","-1000","-3000000","54960","117495","117495","0","2935","1329","774"
"459","ALIGN_RAMP","24104","25","137.3291015625","1","1000","2000000","55080","117496","117496","0","2935","1329","684"
"460","ALIGN_RAMP","24104","25","137.3291015625","0","0","-1000000","55200","117497","117497","0","2935","1329","594"
"461","ALIGN_RAMP","24105","26","142.822265625","1","1000","1000000","55320","117498","117498","0","2935","1329","504"
"462","ALIGN_RAMP","24103","24","131.8359375","-2","-2000","-3000000","55440","117499","117499","0","2935","1329","414"
"463","ALIGN_RAMP","24103","24","131.8359375","0","0","2000000","55560","117500","117500","0","2935","1329","324"
"464","ALIGN_RAMP","24104","25","137.3291015625","1","1000","1000000","55680","117501","117501","0","2935","1329","234"
"465","ALIGN_RAMP","24105","26","142.822265625","1","1000","0","55800","117502","117502","0","2935","1329","144"
"466","ALIGN_RAMP","24103","24","131.8359375","-2","-2000","-3000000","55920","117503","117503","0","2935","1329","54"
"467","ALIGN_RAMP","24105","26","142.822265625","2","2000","4000000","56040","117504","117504","0","2935","1329","2119"
"468","ALIGN_RAMP","24104","25","137.3291015625","-1","-1000","-3000000","56160","117505","117505","0","2935","1329","2029"
"469","ALIGN_RAMP","24100","21","115.3564453125","-4","-4000","-3000000","56280","117506","117506","0","2935","1329","1939"
"470","ALIGN_RAMP","24104","25","137.3291015625","4","4000","8000000","56400","117507","117507","0","2935","1329","1849"
"471","ALIGN_RAMP","24103","24","131.8359375","-1","-1000","-5000000","56520","117508","117508","0","2935","1329","1759"
"472","ALIGN_RAMP","24105","26","142.822265625","2","2000","3000000","56640","117509","117509","0","2935","1329","1669"
"473","ALIGN_RAMP","24101","22","120.849609375","-4","-4000","-6000000","56760","117510","117510","0","2935","1329","1579"
"474","ALIGN_RAMP","24107","28","153.80859375","6","6000","10000000","56880","117511","117511","0","2935","1329","1489"
"475","ALIGN_RAMP","24102","23","126.3427734375","-5","-5000","-11000000","57000","117512","117512","0","2935","1329","1399"
"476","ALIGN_RAMP","24104","25","137.3291015625","2","2000","7000000","57120","117513","117513","0","2935","1329","1309"
"477","ALIGN_RAMP","24104","25","137.3291015625","0","0","-2000000","57240","117514","117514","0","2935","1329","1219"
"478","ALIGN_RAMP","24104","25","137.3291015625","0","0","0","57360","117515","117515","0","2935","1329","1129"
"479","ALIGN_RAMP","24104","25","137.3291015625","0","0","0","57480","117516","117516","0","2935","1329","1039"
"480","ALIGN_RAMP","24103","24","131.8359375","-1","-1000","-1000000","57600","117517","117517","0","2935","1329","949"
"481","ALIGN_RAMP","24101","22","120.849609375","-2","-2000","-1000000","57720","117518","117518","0","2935","1329","859"
"482","ALIGN_RAMP","24107","28","153.80859375","6","6000","8000000","57840","117519","117519","0","2935","1329","769"
"483","ALIGN_RAMP","24103","24","131.8359375","-4","-4000","-10000000","57960","117520","117520","0","2935","1329","679"
"484","ALIGN_RAMP","24102","23","126.3427734375","-1","-1000","3000000","58080","117521","117521","0","2935","1329","589"
"485","ALIGN_RAMP","24105","26","142.822265625","3","3000","4000000","58200","117522","117522","0","2935","1329","499"
"486","ALIGN_RAMP","24105","26","142.822265625","0","0","-3000000","58320","117523","117523","0","2935","1329","409"
"487","ALIGN_RAMP","24105","26","142.822265625","0","0","0","58440","117524","117524","0","2935","1329","319"
"488","ALIGN_RAMP","24107","28","153.80859375","2","2000","2000000","58560","117525","117525","0","2935","1329","229"
"489","ALIGN_RAMP","24104","25","137.3291015625","-3","-3000","-5000000","58680","117526","117526","0","2935","1329","139"
"490","ALIGN_RAMP","24105","26","142.822265625","1","1000","4000000","58800","117527","117527","0","2935","1329","49"
"491","ALIGN_RAMP","24104","25","137.3291015625","-1","-1000","-2000000","58920","117528","117528","0","2935","1329","2114"
"492","ALIGN_RAMP","24104","25","137.3291015625","0","0","1000000","59040","117529","117529","0","2935","1329","2024"
"493","ALIGN_RAMP","24104","25","137.3291015625","0","0","0","59160","117530","117530","0","2935","1329","1934"
"494","ALIGN_RAMP","24105","26","142.822265625","1","1000","1000000","59280","117531","117531","0","2935","1329","1844"
"495","ALIGN_RAMP","24100","21","115.3564453125","-5","-5000","-6000000","59400","117532","117532","0","2935","1329","1754"
"496","ALIGN_RAMP","24107","28","153.80859375","7","7000","12000000","59520","117533","117533","0","2935","1329","1664"
"497","ALIGN_RAMP","24103","24","131.8359375","-4","-4000","-11000000","59640","117534","117534","0","2935","1329","1574"
"498","ALIGN_RAMP","24105","26","142.822265625","2","2000","6000000","59760","117535","117535","0","2935","1329","1484"
"499","ALIGN_RAMP","24105","26","142.822265625","0","0","-2000000","59880","117536","117536","0","2935","1329","1394"
"500","ALIGN_RAMP","24103","24","131.8359375","-2","-2000","-2000000","60000","117537","117537","0","2935","1329","1304"
"501","ALIGN_HOLD","24106","27","148.3154296875","3","3000","5000000","60000","117538","117538","0","2935","1329","1214"
"502","ALIGN_HOLD","24103","24","131.8359375","-3","-3000","-6000000","60000","117539","117539","0","2935","1329","1124"
"503","ALIGN_HOLD","24104","25","137.3291015625","1","1000","4000000","60000","117540","117540","0","2935","1329","1034"
"504","ALIGN_HOLD","24106","27","148.3154296875","2","2000","1000000","60000","117541","117541","0","2935","1329","944"
"505","ALIGN_HOLD","24101","22","120.849609375","-5","-5000","-7000000","60000","117542","117542","0","2935","1329","854"
"506","ALIGN_HOLD","24104","25","137.3291015625","3","3000","8000000","60000","117543","117543","0","2935","1329","764"
"507","ALIGN_HOLD","24103","24","131.8359375","-1","-1000","-4000000","60000","117544","117544","0","2935","1329","674"
"508","ALIGN_HOLD","24108","29","159.3017578125","5","5000","6000000","60000","117545","117545","0","2935","1329","584"
"509","ALIGN_HOLD","24104","25","137.3291015625","-4","-4000","-9000000","60000","117546","117546","0","2935","1329","494"
"510","ALIGN_HOLD","24102","23","126.3427734375","-2","-2000","2000000","60000","117547","117547","0","2935","1329","404"
"511","ALIGN_HOLD","24103","24","131.8359375","1","1000","3000000","60000","117548","117548","0","2935","1329","314"
"512","ALIGN_HOLD","24106","27","148.3154296875","3","3000","2000000","60000","117549","117549","0","2935","1329","224"
"513","ALIGN_HOLD","24103","24","131.8359375","-3","-3000","-6000000","60000","117550","117550","0","2935","1329","134"
"514","ALIGN_HOLD","24103","24","131.8359375","0","0","3000000","60000","117551","117551","0","2935","1329","44"
"515","ALIGN_HOLD","24105","26","142.822265625","2","2000","2000000","60000","117552","117552","0","2935","1329","2109"
"516","ALIGN_HOLD","24107","28","153.80859375","2","2000","0","60000","117553","117553","0","2935","1329","2019"
"517","ALIGN_HOLD","24103","24","131.8359375","-4","-4000","-6000000","60000","117554","117554","0","2935","1329","1929"
"518","ALIGN_HOLD","24104","25","137.3291015625","1","1000","5000000","60000","117555","117555","0","2935","1329","1839"
"519","ALIGN_HOLD","24105","26","142.822265625","1","1000","0","60000","117556","117556","0","2935","1329","1749"
"520","ALIGN_HOLD","24109","30","164.794921875","4","4000","3000000","60000","117557","117557","0","2935","1329","1659"
"521","ALIGN_HOLD","24105","26","142.822265625","-4","-4000","-8000000","60000","117558","117558","0","2935","1329","1569"
"522","ALIGN_HOLD","24103","24","131.8359375","-2","-2000","2000000","60000","117559","117559","0","2935","1329","1479"
"523","ALIGN_HOLD","24104","25","137.3291015625","1","1000","3000000","60000","117560","117560","0","2935","1329","1389"
"524","ALIGN_HOLD","24104","25","137.3291015625","0","0","-1000000","60000","117561","117561","0","2935","1329","1299"
"525","ALIGN_HOLD","24105","26","142.822265625","1","1000","1000000","60000","117562","117562","0","2935","1329","1209"
"526","ALIGN_HOLD","24105","26","142.822265625","0","0","-1000000","60000","117563","117563","0","2935","1329","1119"
"527","ALIGN_HOLD","24103","24","131.8359375","-2","-2000","-2000000","60000","117564","117564","0","2935","1329","1029"
"528","ALIGN_HOLD","24104","25","137.3291015625","1","1000","3000000","60000","117565","117565","0","2935","1329","939"
"529","ALIGN_HOLD","24106","27","148.3154296875","2","2000","1000000","60000","117566","117566","0","2935","1329","849"
"530","ALIGN_HOLD","24106","27","148.3154296875","0","0","-2000000","60000","117567","117567","0","2935","1329","759"
"531","ALIGN_HOLD","24105","26","142.822265625","-1","-1000","-1000000","60000","117568","117568","0","2935","1329","669"
"532","ALIGN_HOLD","24104","25","137.3291015625","-1","-1000","0","60000","117569","117569","0","2935","1329","579"
"533","ALIGN_HOLD","24104","25","137.3291015625","0","0","1000000","60000","117570","117570","0","2935","1329","489"
"534","ALIGN_HOLD","24107","28","153.80859375","3","3000","3000000","60000","117571","117571","0","2935","1329","399"
"535","ALIGN_HOLD","24104","25","137.3291015625","-3","-3000","-6000000","60000","117572","117572","0","2935","1329","309"
"536","ALIGN_HOLD","24105","26","142.822265625","1","1000","4000000","60000","117573","117573","0","2935","1329","219"
"537","ALIGN_HOLD","24107","28","153.80859375","2","2000","1000000","60000","117574","117574","0","2935","1329","129"
"538","ALIGN_HOLD","24102","23","126.3427734375","-5","-5000","-7000000","60000","117575","117575","0","2935","1329","39"
"539","ALIGN_HOLD","24104","25","137.3291015625","2","2000","7000000","60000","117576","117576","0","2935","1329","2104"
"540","ALIGN_HOLD","24103","24","131.8359375","-1","-1000","-3000000","60000","117577","117577","0","2935","1329","2014"
"541","ALIGN_HOLD","24105","26","142.822265625","2","2000","3000000","60000","117578","117578","0","2935","1329","1924"
"542","ALIGN_HOLD","24104","25","137.3291015625","-1","-1000","-3000000","60000","117579","117579","0","2935","1329","1834"
"543","ALIGN_HOLD","24105","26","142.822265625","1","1000","2000000","60000","117580","117580","0","2935","1329","1744"
"544","ALIGN_HOLD","24105","26","142.822265625","0","0","-1000000","60000","117581","117581","0","2935","1329","1654"
"545","ALIGN_HOLD","24107","28","153.80859375","2","2000","2000000","60000","117582","117582","0","2935","1329","1564"
"546","ALIGN_HOLD","24105","26","142.822265625","-2","-2000","-4000000","60000","117583","117583","0","2935","1329","1474"
"547","ALIGN_HOLD","24105","26","142.822265625","0","0","2000000","60000","117584","117584","0","2935","1329","1384"
"548","ALIGN_HOLD","24104","25","137.3291015625","-1","-1000","-1000000","60000","117585","117585","0","2935","1329","1294"
"549","ALIGN_HOLD","24109","30","164.794921875","5","5000","6000000","60000","117586","117586","0","2935","1329","1204"
"550","ALIGN_HOLD","24104","25","137.3291015625","-5","-5000","-10000000","60000","117587","117587","0","2935","1329","1114"
"551","ALIGN_HOLD","24105","26","142.822265625","1","1000","6000000","60000","117588","117588","0","2935","1329","1024"
"552","ALIGN_HOLD","24106","27","148.3154296875","1","1000","0","60000","117589","117589","0","2935","1329","934"
"553","ALIGN_HOLD","24103","24","131.8359375","-3","-3000","-4000000","60000","117590","117590","0","2935","1329","844"
"554","ALIGN_HOLD","24103","24","131.8359375","0","0","3000000","60000","117591","117591","0","2935","1329","754"
"555","ALIGN_HOLD","24104","25","137.3291015625","1","1000","1000000","60000","117592","117592","0","2935","1329","664"
"556","ALIGN_HOLD","24107","28","153.80859375","3","3000","2000000","60000","117593","117593","0","2935","1329","574"
"557","ALIGN_HOLD","24106","27","148.3154296875","-1","-1000","-4000000","60000","117594","117594","0","2935","1329","484"
"558","ALIGN_HOLD","24105","26","142.822265625","-1","-1000","0","60000","117595","117595","0","2935","1329","394"
"559","ALIGN_HOLD","24104","25","137.3291015625","-1","-1000","0","60000","117596","117596","0","2935","1329","304"
"560","ALIGN_HOLD","24103","24","131.8359375","-1","-1000","0","60000","117597","117597","0","2935","1329","214"
"561","ALIGN_HOLD","24105","26","142.822265625","2","2000","3000000","60000","117598","117598","0","2935","1329","124"
"562","ALIGN_HOLD","24102","23","126.3427734375","-3","-3000","-5000000","60000","117599","117599","0","2935","1329","34"
"563","ALIGN_HOLD","24104","25","137.3291015625","2","2000","5000000","60000","117600","117600","0","2935","1329","2099"
"564","ALIGN_HOLD","24107","28","153.80859375","3","3000","1000000","60000","117601","117601","0","2935","1329","2009"
"565","ALIGN_HOLD","24104","25","137.3291015625","-3","-3000","-6000000","60000","117602","117602","0","2935","1329","1919"
"566","ALIGN_HOLD","24103","24","131.8359375","-1","-1000","2000000","60000","117603","117603","0","2935","1329","1829"
"567","ALIGN_HOLD","24105","26","142.822265625","2","2000","3000000","60000","117604","117604","0","2935","1329","1739"
"568","ALIGN_HOLD","24106","27","148.3154296875","1","1000","-1000000","60000","117605","117605","0","2935","1329","1649"
"569","ALIGN_HOLD","24105","26","142.822265625","-1","-1000","-2000000","60000","117606","117606","0","2935","1329","1559"
"570","ALIGN_HOLD","24103","24","131.8359375","-2","-2000","-1000000","60000","117607","117607","0","2935","1329","1469"
"571","ALIGN_HOLD","24104","25","137.3291015625","1","1000","3000000","60000","117608","117608","0","2935","1329","1379"
"572","ALIGN_HOLD","24105","26","142.822265625","1","1000","0","60000","117609","117609","0","2935","1329","1289"
"573","ALIGN_HOLD","24104","25","137.3291015625","-1","-1000","-2000000","60000","117610","117610","0","2935","1329","1199"
"574","ALIGN_HOLD","24107","28","153.80859375","3","3000","4000000","60000","117611","117611","0","2935","1329","1109"
"575","ALIGN_HOLD","24105","26","142.822265625","-2","-2000","-5000000","60000","117612","117612","0","2935","1329","1019"
"576","ALIGN_HOLD","24105","26","142.822265625","0","0","2000000","60000","117613","117613","0","2935","1329","929"
"577","ALIGN_HOLD","24104","25","137.3291015625","-1","-1000","-1000000","60000","117614","117614","0","2935","1329","839"
"578","ALIGN_HOLD","24109","30","164.794921875","5","5000","6000000","60000","117615","117615","0","2935","1329","749"
"579","ALIGN_HOLD","24099","20","109.86328125","-10","-10000","-15000000","60000","117616","117616","0","2935","1329","659"
"580","ALIGN_HOLD","24105","26","142.822265625","6","6000","16000000","60000","117617","117617","0","2935","1329","569"
"581","ALIGN_HOLD","24103","24","131.8359375","-2","-2000","-8000000","60000","117618","117618","0","2935","1329","479"
"582","ALIGN_HOLD","24107","28","153.80859375","4","4000","6000000","60000","117619","117619","0","2935","1329","389"
"583","ALIGN_HOLD","24107","28","153.80859375","0","0","-4000000","60000","117620","117620","0","2935","1329","299"
"584","ALIGN_HOLD","24100","21","115.3564453125","-7","-7000","-7000000","60000","117621","117621","0","2935","1329","209"
"585","ALIGN_HOLD","24106","27","148.3154296875","6","6000","13000000","60000","117622","117622","0","2935","1329","119"
"586","ALIGN_HOLD","24107","28","153.80859375","1","1000","-5000000","60000","117623","117623","0","2935","1329","29"
"587","ALIGN_HOLD","24103","24","131.8359375","-4","-4000","-5000000","60000","117624","117624","0","2935","1329","2094"
"588","ALIGN_HOLD","24109","30","164.794921875","6","6000","10000000","60000","117625","117625","0","2935","1329","2004"
"589","ALIGN_HOLD","24106","27","148.3154296875","-3","-3000","-9000000","60000","117626","117626","0","2935","1329","1914"
"590","ALIGN_HOLD","24108","29","159.3017578125","2","2000","5000000","60000","117627","117627","0","2935","1329","1824"
"591","ALIGN_HOLD","24104","25","137.3291015625","-4","-4000","-6000000","60000","117628","117628","0","2935","1329","1734"
"592","ALIGN_HOLD","24108","29","159.3017578125","4","4000","8000000","60000","117629","117629","0","2935","1329","1644"
"593","ALIGN_HOLD","24108","29","159.3017578125","0","0","-4000000","60000","117630","117630","0","2935","1329","1554"
"594","ALIGN_HOLD","24107","28","153.80859375","-1","-1000","-1000000","60000","117631","117631","0","2935","1329","1464"
"595","ALIGN_HOLD","24103","24","131.8359375","-4","-4000","-3000000","60000","117632","117632","0","2935","1329","1374"
"596","ALIGN_HOLD","24107","28","153.80859375","4","4000","8000000","60000","117633","117633","0","2935","1329","1284"
"597","ALIGN_HOLD","24106","27","148.3154296875","-1","-1000","-5000000","60000","117634","117634","0","2935","1329","1194"
"598","ALIGN_HOLD","24107","28","153.80859375","1","1000","2000000","60000","117635","117635","0","2935","1329","1104"
"599","ALIGN_HOLD","24107","28","153.80859375","0","0","-1000000","60000","117636","117636","0","2935","1329","1014"
"600","ALIGN_HOLD","24106","27","148.3154296875","-1","-1000","-1000000","60000","117637","117637","0","2935","1329","990"
"601","ALIGN_HOLD","24107","28","153.80859375","1","1000","2000000","60000","117638","117638","0","2935","1329","834"
"602","ALIGN_HOLD","24108","29","159.3017578125","1","1000","0","60000","117639","117639","0","2935","1329","744"
"603","ALIGN_HOLD","24104","25","137.3291015625","-4","-4000","-5000000","60000","117640","117640","0","2935","1329","654"
"604","ALIGN_HOLD","24105","26","142.822265625","1","1000","5000000","60000","117641","117641","0","2935","1329","564"
"605","ALIGN_HOLD","24108","29","159.3017578125","3","3000","2000000","60000","117642","117642","0","2935","1329","474"
"606","ALIGN_HOLD","24107","28","153.80859375","-1","-1000","-4000000","60000","117643","117643","0","2935","1329","384"
"607","ALIGN_HOLD","24105","26","142.822265625","-2","-2000","-1000000","60000","117644","117644","0","2935","1329","294"
"608","ALIGN_HOLD","24104","25","137.3291015625","-1","-1000","1000000","60000","117645","117645","0","2935","1329","204"
"609","ALIGN_HOLD","24109","30","164.794921875","5","5000","6000000","60000","117646","117646","0","2935","1329","114"
"610","ALIGN_HOLD","24106","27","148.3154296875","-3","-3000","-8000000","60000","117647","117647","0","2935","1329","24"
"611","ALIGN_HOLD","24107","28","153.80859375","1","1000","4000000","60000","117648","117648","0","2935","1329","2089"
"612","ALIGN_HOLD","24106","27","148.3154296875","-1","-1000","-2000000","60000","117649","117649","0","2935","1329","1999"
"613","ALIGN_HOLD","24108","29","159.3017578125","2","2000","3000000","60000","117650","117650","0","2935","1329","1909"
"614","ALIGN_HOLD","24106","27","148.3154296875","-2","-2000","-4000000","60000","117651","117651","0","2935","1329","1819"
"615","ALIGN_HOLD","24107","28","153.80859375","1","1000","3000000","60000","117652","117652","0","2935","1329","1729"
"616","ALIGN_HOLD","24106","27","148.3154296875","-1","-1000","-2000000","60000","117653","117653","0","2935","1329","1639"
"617","ALIGN_HOLD","24107","28","153.80859375","1","1000","2000000","60000","117654","117654","0","2935","1329","1549"
"618","ALIGN_HOLD","24104","25","137.3291015625","-3","-3000","-4000000","60000","117655","117655","0","2935","1329","1459"
"619","ALIGN_HOLD","24105","26","142.822265625","1","1000","4000000","60000","117656","117656","0","2935","1329","1369"
"620","ALIGN_HOLD","24110","31","170.2880859375","5","5000","4000000","60000","117657","117657","0","2935","1329","1279"
"621","ALIGN_HOLD","24111","32","175.78125","1","1000","-4000000","60000","117658","117658","0","2935","1329","1189"
"622","ALIGN_HOLD","24104","25","137.3291015625","-7","-7000","-8000000","60000","117659","117659","0","2935","1329","1099"
"623","ALIGN_HOLD","24107","28","153.80859375","3","3000","10000000","60000","117660","117660","0","2935","1329","1009"
"624","ALIGN_HOLD","24105","26","142.822265625","-2","-2000","-5000000","60000","117661","117661","0","2935","1329","919"
"625","ALIGN_HOLD","24104","25","137.3291015625","-1","-1000","1000000","60000","117662","117662","0","2935","1329","829"
"626","ALIGN_HOLD","24107","28","153.80859375","3","3000","4000000","60000","117663","117663","0","2935","1329","739"
"627","ALIGN_HOLD","24106","27","148.3154296875","-1","-1000","-4000000","60000","117664","117664","0","2935","1329","649"
"628","ALIGN_HOLD","24106","27","148.3154296875","0","0","1000000","60000","117665","117665","0","2935","1329","559"
"629","ALIGN_HOLD","24107","28","153.80859375","1","1000","1000000","60000","117666","117666","0","2935","1329","469"
"630","ALIGN_HOLD","24105","26","142.822265625","-2","-2000","-3000000","60000","117667","117667","0","2935","1329","379"
"631","ALIGN_HOLD","24105","26","142.822265625","0","0","2000000","60000","117668","117668","0","2935","1329","289"
"632","ALIGN_HOLD","24107","28","153.80859375","2","2000","2000000","60000","117669","117669","0","2935","1329","199"
"633","ALIGN_HOLD","24104","25","137.3291015625","-3","-3000","-5000000","60000","117670","117670","0","2935","1329","109"
"634","ALIGN_HOLD","24109","30","164.794921875","5","5000","8000000","60000","117671","117671","0","2935","1329","19"
"635","ALIGN_HOLD","24109","30","164.794921875","0","0","-5000000","60000","117672","117672","0","2935","1329","2084"
"636","ALIGN_HOLD","24105","26","142.822265625","-4","-4000","-4000000","60000","117673","117673","0","2935","1329","1994"
"637","ALIGN_HOLD","24103","24","131.8359375","-2","-2000","2000000","60000","117674","117674","0","2935","1329","1904"
"638","ALIGN_HOLD","24106","27","148.3154296875","3","3000","5000000","60000","117675","117675","0","2935","1329","1814"
"639","ALIGN_HOLD","24106","27","148.3154296875","0","0","-3000000","60000","117676","117676","0","2935","1329","1724"
"640","ALIGN_HOLD","24104","25","137.3291015625","-2","-2000","-2000000","60000","117677","117677","0","2935","1329","1634"
"641","ALIGN_HOLD","24104","25","137.3291015625","0","0","2000000","60000","117678","117678","0","2935","1329","1544"
"642","ALIGN_HOLD","24107","28","153.80859375","3","3000","3000000","60000","117679","117679","0","2935","1329","1454"
"643","ALIGN_HOLD","24110","31","170.2880859375","3","3000","0","60000","117680","117680","0","2935","1329","1364"
"644","ALIGN_HOLD","24104","25","137.3291015625","-6","-6000","-9000000","60000","117681","117681","0","2935","1329","1274"
"645","ALIGN_HOLD","24107","28","153.80859375","3","3000","9000000","60000","117682","117682","0","2935","1329","1184"
"646","ALIGN_HOLD","24106","27","148.3154296875","-1","-1000","-4000000","60000","117683","117683","0","2935","1329","1094"
"647","ALIGN_HOLD","24107","28","153.80859375","1","1000","2000000","60000","117684","117684","0","2935","1329","1004"
"648","ALIGN_HOLD","24108","29","159.3017578125","1","1000","0","60000","117685","117685","0","2935","1329","914"
"649","ALIGN_HOLD","24105","26","142.822265625","-3","-3000","-4000000","60000","117686","117686","0","2935","1329","824"
"650","ALIGN_HOLD","24104","25","137.3291015625","-1","-1000","2000000","60000","117687","117687","0","2935","1329","734"
"651","ALIGN_HOLD","24110","31","170.2880859375","6","6000","7000000","60000","117688","117688","0","2935","1329","644"
"652","ALIGN_HOLD","24108","29","159.3017578125","-2","-2000","-8000000","60000","117689","117689","0","2935","1329","554"
"653","ALIGN_HOLD","24105","26","142.822265625","-3","-3000","-1000000","60000","117690","117690","0","2935","1329","464"
"654","ALIGN_HOLD","24106","27","148.3154296875","1","1000","4000000","60000","117691","117691","0","2935","1329","374"
"655","ALIGN_HOLD","24104","25","137.3291015625","-2","-2000","-3000000","60000","117692","117692","0","2935","1329","284"
"656","ALIGN_HOLD","24108","29","159.3017578125","4","4000","6000000","60000","117693","117693","0","2935","1329","194"
"657","ALIGN_HOLD","24109","30","164.794921875","1","1000","-3000000","60000","117694","117694","0","2935","1329","104"
"658","ALIGN_HOLD","24105","26","142.822265625","-4","-4000","-5000000","60000","117695","117695","0","2935","1329","14"
"659","ALIGN_HOLD","24105","26","142.822265625","0","0","4000000","60000","117696","117696","0","2935","1329","2079"
"660","ALIGN_HOLD","24104","25","137.3291015625","-1","-1000","-1000000","60000","117697","117697","0","2935","1329","1989"
"661","ALIGN_HOLD","24106","27","148.3154296875","2","2000","3000000","60000","117698","117698","0","2935","1329","1899"
"662","ALIGN_HOLD","24108","29","159.3017578125","2","2000","0","60000","117699","117699","0","2935","1329","1809"
"663","ALIGN_HOLD","24108","29","159.3017578125","0","0","-2000000","60000","117700","117700","0","2935","1329","1719"
"664","ALIGN_HOLD","24105","26","142.822265625","-3","-3000","-3000000","60000","117701","117701","0","2935","1329","1629"
"665","ALIGN_HOLD","24106","27","148.3154296875","1","1000","4000000","60000","117702","117702","0","2935","1329","1539"
"666","ALIGN_HOLD","24108","29","159.3017578125","2","2000","1000000","60000","117703","117703","0","2935","1329","1449"
"667","ALIGN_HOLD","24105","26","142.822265625","-3","-3000","-5000000","60000","117704","117704","0","2935","1329","1359"
"668","ALIGN_HOLD","24103","24","131.8359375","-2","-2000","1000000","60000","117705","117705","0","2935","1329","1269"
"669","ALIGN_HOLD","24105","26","142.822265625","2","2000","4000000","60000","117706","117706","0","2935","1329","1179"
"670","ALIGN_HOLD","24107","28","153.80859375","2","2000","0","60000","117707","117707","0","2935","1329","1089"
"671","ALIGN_HOLD","24107","28","153.80859375","0","0","-2000000","60000","117708","117708","0","2935","1329","999"
"672","ALIGN_HOLD","24104","25","137.3291015625","-3","-3000","-3000000","60000","117709","117709","0","2935","1329","909"
"673","ALIGN_HOLD","24106","27","148.3154296875","2","2000","5000000","60000","117710","117710","0","2935","1329","819"
"674","ALIGN_HOLD","24107","28","153.80859375","1","1000","-1000000","60000","117711","117711","0","2935","1329","729"
"675","ALIGN_HOLD","24106","27","148.3154296875","-1","-1000","-2000000","60000","117712","117712","0","2935","1329","639"
"676","ALIGN_HOLD","24105","26","142.822265625","-1","-1000","0","60000","117713","117713","0","2935","1329","549"
"677","ALIGN_HOLD","24105","26","142.822265625","0","0","1000000","60000","117714","117714","0","2935","1329","459"
"678","ALIGN_HOLD","24106","27","148.3154296875","1","1000","1000000","60000","117715","117715","0","2935","1329","369"
"679","ALIGN_HOLD","24108","29","159.3017578125","2","2000","1000000","60000","117716","117716","0","2935","1329","279"
"680","ALIGN_HOLD","24109","30","164.794921875","1","1000","-1000000","60000","117717","117717","0","2935","1329","189"
"681","ALIGN_HOLD","24108","29","159.3017578125","-1","-1000","-2000000","60000","117718","117718","0","2935","1329","99"
"682","ALIGN_HOLD","24104","25","137.3291015625","-4","-4000","-3000000","60000","117719","117719","0","2935","1329","9"
"683","ALIGN_HOLD","24106","27","148.3154296875","2","2000","6000000","60000","117720","117720","0","2935","1329","2074"
"684","ALIGN_HOLD","24109","30","164.794921875","3","3000","1000000","60000","117721","117721","0","2935","1329","1984"
"685","ALIGN_HOLD","24107","28","153.80859375","-2","-2000","-5000000","60000","117722","117722","0","2935","1329","1894"
"686","ALIGN_HOLD","24105","26","142.822265625","-2","-2000","0","60000","117723","117723","0","2935","1329","1804"
"687","ALIGN_HOLD","24106","27","148.3154296875","1","1000","3000000","60000","117724","117724","0","2935","1329","1714"
"688","ALIGN_HOLD","24107","28","153.80859375","1","1000","0","60000","117725","117725","0","2935","1329","1624"
"689","ALIGN_HOLD","24109","30","164.794921875","2","2000","1000000","60000","117726","117726","0","2935","1329","1534"
"690","ALIGN_HOLD","24105","26","142.822265625","-4","-4000","-6000000","60000","117727","117727","0","2935","1329","1444"
"691","ALIGN_HOLD","24108","29","159.3017578125","3","3000","7000000","60000","117728","117728","0","2935","1329","1354"
"692","ALIGN_HOLD","24108","29","159.3017578125","0","0","-3000000","60000","117729","117729","0","2935","1329","1264"
"693","ALIGN_HOLD","24109","30","164.794921875","1","1000","1000000","60000","117730","117730","0","2935","1329","1174"
"694","ALIGN_HOLD","24108","29","159.3017578125","-1","-1000","-2000000","60000","117731","117731","0","2935","1329","1084"
"695","ALIGN_HOLD","24106","27","148.3154296875","-2","-2000","-1000000","60000","117732","117732","0","2935","1329","994"
"696","ALIGN_HOLD","24107","28","153.80859375","1","1000","3000000","60000","117733","117733","0","2935","1329","904"
"697","ALIGN_HOLD","24103","24","131.8359375","-4","-4000","-5000000","60000","117734","117734","0","2935","1329","814"
"698","ALIGN_HOLD","24104","25","137.3291015625","1","1000","5000000","60000","117735","117735","0","2935","1329","724"
"699","ALIGN_HOLD","24105","26","142.822265625","1","1000","0","60000","117736","117736","0","2935","1329","634"
"700","ALIGN_HOLD","24108","29","159.3017578125","3","3000","2000000","60000","117737","117737","0","2935","1329","544"
"701","ALIGN_HOLD","24105","26","142.822265625","-3","-3000","-6000000","60000","117738","117738","0","2935","1329","454"
"702","ALIGN_HOLD","24109","30","164.794921875","4","4000","7000000","60000","117739","117739","0","2935","1329","364"
"703","ALIGN_HOLD","24106","27","148.3154296875","-3","-3000","-7000000","60000","117740","117740","0","2935","1329","274"
"704","ALIGN_HOLD","24110","31","170.2880859375","4","4000","7000000","60000","117741","117741","0","2935","1329","184"
"705","ALIGN_HOLD","24104","25","137.3291015625","-6","-6000","-10000000","60000","117742","117742","0","2935","1329","94"
"706","ALIGN_HOLD","24107","28","153.80859375","3","3000","9000000","60000","117743","117743","0","2935","1329","4"
"707","ALIGN_HOLD","24106","27","148.3154296875","-1","-1000","-4000000","60000","117744","117744","0","2935","1329","2069"
"708","ALIGN_HOLD","24108","29","159.3017578125","2","2000","3000000","60000","117745","117745","0","2935","1329","1979"
"709","ALIGN_HOLD","24107","28","153.80859375","-1","-1000","-3000000","60000","117746","117746","0","2935","1329","1889"
"710","ALIGN_HOLD","24107","28","153.80859375","0","0","1000000","60000","117747","117747","0","2935","1329","1799"
"711","ALIGN_HOLD","24109","30","164.794921875","2","2000","2000000","60000","117748","117748","0","2935","1329","1709"
"712","ALIGN_HOLD","24109","30","164.794921875","0","0","-2000000","60000","117749","117749","0","2935","1329","1619"
"713","ALIGN_HOLD","24103","24","131.8359375","-6","-6000","-6000000","60000","117750","117750","0","2935","1329","1529"
"714","ALIGN_HOLD","24111","32","175.78125","8","8000","14000000","60000","117751","117751","0","2935","1329","1439"
"715","ALIGN_HOLD","24104","25","137.3291015625","-7","-7000","-15000000","60000","117752","117752","0","2935","1329","1349"
"716","ALIGN_HOLD","24110","31","170.2880859375","6","6000","13000000","60000","117753","117753","0","2935","1329","1259"
"717","ALIGN_HOLD","24105","26","142.822265625","-5","-5000","-11000000","60000","117754","117754","0","2935","1329","1169"
"718","ALIGN_HOLD","24107","28","153.80859375","2","2000","7000000","60000","117755","117755","0","2935","1329","1079"
"719","ALIGN_HOLD","24104","25","137.3291015625","-3","-3000","-5000000","60000","117756","117756","0","2935","1329","989"
"720","ALIGN_HOLD","24107","28","153.80859375","3","3000","6000000","60000","117757","117757","0","2935","1329","899"
"721","ALIGN_HOLD","24109","30","164.794921875","2","2000","-1000000","60000","117758","117758","0","2935","1329","809"
"722","ALIGN_HOLD","24108","29","159.3017578125","-1","-1000","-3000000","60000","117759","117759","0","2935","1329","719"
"723","ALIGN_HOLD","24107","28","153.80859375","-1","-1000","0","60000","117760","117760","0","2935","1329","629"
"724","ALIGN_HOLD","24109","30","164.794921875","2","2000","3000000","60000","117761","117761","0","2935","1329","539"
"725","ALIGN_HOLD","24105","26","142.822265625","-4","-4000","-6000000","60000","117762","117762","0","2935","1329","449"
"726","ALIGN_HOLD","24109","30","164.794921875","4","4000","8000000","60000","117763","117763","0","2935","1329","359"
"727","ALIGN_HOLD","24107","28","153.80859375","-2","-2000","-6000000","60000","117764","117764","0","2935","1329","269"
"728","ALIGN_HOLD","24105","26","142.822265625","-2","-2000","0","60000","117765","117765","0","2935","1329","179"
"729","ALIGN_HOLD","24112","33","181.2744140625","7","7000","9000000","60000","117766","117766","0","2935","1329","89"
"730","ALIGN_HOLD","24106","27","148.3154296875","-6","-6000","-13000000","60000","117767","117767","0","2935","1329","2154"
"731","ALIGN_HOLD","24107","28","153.80859375","1","1000","7000000","60000","117768","117768","0","2935","1329","2064"
"732","ALIGN_HOLD","24105","26","142.822265625","-2","-2000","-3000000","60000","117769","117769","0","2935","1329","1974"
"733","ALIGN_HOLD","24104","25","137.3291015625","-1","-1000","1000000","60000","117770","117770","0","2935","1329","1884"
"734","ALIGN_HOLD","24106","27","148.3154296875","2","2000","3000000","60000","117771","117771","0","2935","1329","1794"
"735","ALIGN_HOLD","24107","28","153.80859375","1","1000","-1000000","60000","117772","117772","0","2935","1329","1704"
"736","ALIGN_HOLD","24109","30","164.794921875","2","2000","1000000","60000","117773","117773","0","2935","1329","1614"
"737","ALIGN_HOLD","24104","25","137.3291015625","-5","-5000","-7000000","60000","117774","117774","0","2935","1329","1524"
"738","ALIGN_HOLD","24108","29","159.3017578125","4","4000","9000000","60000","117775","117775","0","2935","1329","1434"
"739","ALIGN_HOLD","24107","28","153.80859375","-1","-1000","-5000000","60000","117776","117776","0","2935","1329","1344"
"740","ALIGN_HOLD","24105","26","142.822265625","-2","-2000","-1000000","60000","117777","117777","0","2935","1329","1254"
"741","ALIGN_HOLD","24108","29","159.3017578125","3","3000","5000000","60000","117778","117778","0","2935","1329","1164"
"742","ALIGN_HOLD","24110","31","170.2880859375","2","2000","-1000000","60000","117779","117779","0","2935","1329","1074"
"743","ALIGN_HOLD","24109","30","164.794921875","-1","-1000","-3000000","60000","117780","117780","0","2935","1329","984"
"744","ALIGN_HOLD","24105","26","142.822265625","-4","-4000","-3000000","60000","117781","117781","0","2935","1329","894"
"745","ALIGN_HOLD","24105","26","142.822265625","0","0","4000000","60000","117782","117782","0","2935","1329","804"
"746","ALIGN_HOLD","24107","28","153.80859375","2","2000","2000000","60000","117783","117783","0","2935","1329","714"
"747","ALIGN_HOLD","24106","27","148.3154296875","-1","-1000","-3000000","60000","117784","117784","0","2935","1329","624"
"748","ALIGN_HOLD","24108","29","159.3017578125","2","2000","3000000","60000","117785","117785","0","2935","1329","534"
"749","ALIGN_HOLD","24106","27","148.3154296875","-2","-2000","-4000000","60000","117786","117786","0","2935","1329","444"
"750","ALIGN_HOLD","24105","26","142.822265625","-1","-1000","1000000","60000","117787","117787","0","2935","1329","354"
"751","ALIGN_HOLD","24106","27","148.3154296875","1","1000","2000000","60000","117788","117788","0","2935","1329","264"
"752","ALIGN_HOLD","24110","31","170.2880859375","4","4000","3000000","60000","117789","117789","0","2935","1329","174"
"753","ALIGN_HOLD","24109","30","164.794921875","-1","-1000","-5000000","60000","117790","117790","0","2935","1329","84"
"754","ALIGN_HOLD","24107","28","153.80859375","-2","-2000","-1000000","60000","117791","117791","0","2935","1329","2149"
"755","ALIGN_HOLD","24106","27","148.3154296875","-1","-1000","1000000","60000","117792","117792","0","2935","1329","2059"
"756","ALIGN_HOLD","24107","28","153.80859375","1","1000","2000000","60000","117793","117793","0","2935","1329","1969"
"757","ALIGN_HOLD","24103","24","131.8359375","-4","-4000","-5000000","60000","117794","117794","0","2935","1329","1879"
"758","ALIGN_HOLD","24105","26","142.822265625","2","2000","6000000","60000","117795","117795","0","2935","1329","1789"
"759","ALIGN_HOLD","24107","28","153.80859375","2","2000","0","60000","117796","117796","0","2935","1329","1699"
"760","ALIGN_HOLD","24110","31","170.2880859375","3","3000","1000000","60000","117797","117797","0","2935","1329","1609"
"761","ALIGN_HOLD","24108","29","159.3017578125","-2","-2000","-5000000","60000","117798","117798","0","2935","1329","1519"
"762","ALIGN_HOLD","24104","25","137.3291015625","-4","-4000","-2000000","60000","117799","117799","0","2935","1329","1429"
"763","ALIGN_HOLD","24110","31","170.2880859375","6","6000","10000000","60000","117800","117800","0","2935","1329","1339"
"764","ALIGN_HOLD","24103","24","131.8359375","-7","-7000","-13000000","60000","117801","117801","0","2935","1329","1249"
"765","ALIGN_HOLD","24106","27","148.3154296875","3","3000","10000000","60000","117802","117802","0","2935","1329","1159"
"766","ALIGN_HOLD","24109","30","164.794921875","3","3000","0","60000","117803","117803","0","2935","1329","1069"
"767","ALIGN_HOLD","24113","34","186.767578125","4","4000","1000000","60000","117804","117804","0","2935","1329","979"
"768","ALIGN_HOLD","24108","29","159.3017578125","-5","-5000","-9000000","60000","117805","117805","0","2935","1329","889"
"769","ALIGN_HOLD","24108","29","159.3017578125","0","0","5000000","60000","117806","117806","0","2935","1329","799"
"770","ALIGN_HOLD","24107","28","153.80859375","-1","-1000","-1000000","60000","117807","117807","0","2935","1329","709"
"771","ALIGN_HOLD","24105","26","142.822265625","-2","-2000","-1000000","60000","117808","117808","0","2935","1329","619"
"772","ALIGN_HOLD","24111","32","175.78125","6","6000","8000000","60000","117809","117809","0","2935","1329","529"
"773","ALIGN_HOLD","24105","26","142.822265625","-6","-6000","-12000000","60000","117810","117810","0","2935","1329","439"
"774","ALIGN_HOLD","24106","27","148.3154296875","1","1000","7000000","60000","117811","117811","0","2935","1329","349"
"775","ALIGN_HOLD","24106","27","148.3154296875","0","0","-1000000","60000","117812","117812","0","2935","1329","259"
"776","ALIGN_HOLD","24110","31","170.2880859375","4","4000","4000000","60000","117813","117813","0","2935","1329","169"
"777","ALIGN_HOLD","24109","30","164.794921875","-1","-1000","-5000000","60000","117814","117814","0","2935","1329","79"
"778","ALIGN_HOLD","24109","30","164.794921875","0","0","1000000","60000","117815","117815","0","2935","1329","2144"
"779","ALIGN_HOLD","24108","29","159.3017578125","-1","-1000","-1000000","60000","117816","117816","0","2935","1329","2054"
"780","ALIGN_HOLD","24109","30","164.794921875","1","1000","2000000","60000","117817","117817","0","2935","1329","1964"
"781","ALIGN_HOLD","24105","26","142.822265625","-4","-4000","-5000000","60000","117818","117818","0","2935","1329","1874"
"782","ALIGN_HOLD","24110","31","170.2880859375","5","5000","9000000","60000","117819","117819","0","2935","1329","1784"
"783","ALIGN_HOLD","24104","25","137.3291015625","-6","-6000","-11000000","60000","117820","117820","0","2935","1329","1694"
"784","ALIGN_HOLD","24109","30","164.794921875","5","5000","11000000","60000","117821","117821","0","2935","1329","1604"
"785","ALIGN_HOLD","24107","28","153.80859375","-2","-2000","-7000000","60000","117822","117822","0","2935","1329","1514"
"786","ALIGN_HOLD","24107","28","153.80859375","0","0","2000000","60000","117823","117823","0","2935","1329","1424"
"787","ALIGN_HOLD","24110","31","170.2880859375","3","3000","3000000","60000","117824","117824","0","2935","1329","1334"
"788","ALIGN_HOLD","24107","28","153.80859375","-3","-3000","-6000000","60000","117825","117825","0","2935","1329","1244"
"789","ALIGN_HOLD","24109","30","164.794921875","2","2000","5000000","60000","117826","117826","0","2935","1329","1154"
"790","ALIGN_HOLD","24107","28","153.80859375","-2","-2000","-4000000","60000","117827","117827","0","2935","1329","1064"
"791","ALIGN_HOLD","24107","28","153.80859375","0","0","2000000","60000","117828","117828","0","2935","1329","974"
"792","ALIGN_HOLD","24106","27","148.3154296875","-1","-1000","-1000000","60000","117829","117829","0","2935","1329","884"
"793","ALIGN_HOLD","24107","28","153.80859375","1","1000","2000000","60000","117830","117830","0","2935","1329","794"
"794","ALIGN_HOLD","24108","29","159.3017578125","1","1000","0","60000","117831","117831","0","2935","1329","704"
"795","ALIGN_HOLD","24109","30","164.794921875","1","1000","0","60000","117832","117832","0","2935","1329","614"
"796","ALIGN_HOLD","24105","26","142.822265625","-4","-4000","-5000000","60000","117833","117833","0","2935","1329","524"
"797","ALIGN_HOLD","24108","29","159.3017578125","3","3000","7000000","60000","117834","117834","0","2935","1329","434"
"798","ALIGN_HOLD","24106","27","148.3154296875","-2","-2000","-5000000","60000","117835","117835","0","2935","1329","344"
"799","ALIGN_HOLD","24108","29","159.3017578125","2","2000","4000000","60000","117836","117836","0","2935","1329","254"
"800","ALIGN_HOLD","24107","28","153.80859375","-1","-1000","-3000000","60000","117837","117837","0","2935","1329","230"
"801","ALIGN_HOLD","24108","29","159.3017578125","1","1000","2000000","60000","117838","117838","0","2935","1329","74"
"802","ALIGN_HOLD","24109","30","164.794921875","1","1000","0","60000","117839","117839","0","2935","1329","2139"
"803","ALIGN_HOLD","24107","28","153.80859375","-2","-2000","-3000000","60000","117840","117840","0","2935","1329","2049"
"804","ALIGN_HOLD","24107","28","153.80859375","0","0","2000000","60000","117841","117841","0","2935","1329","1959"
"805","ALIGN_HOLD","24103","24","131.8359375","-4","-4000","-4000000","60000","117842","117842","0","2935","1329","1869"
"806","ALIGN_HOLD","24111","32","175.78125","8","8000","12000000","60000","117843","117843","0","2935","1329","1779"
"807","ALIGN_HOLD","24107","28","153.80859375","-4","-4000","-12000000","60000","117844","117844","0","2935","1329","1689"
"808","ALIGN_HOLD","24108","29","159.3017578125","1","1000","5000000","60000","117845","117845","0","2935","1329","1599"
"809","ALIGN_HOLD","24106","27","148.3154296875","-2","-2000","-3000000","60000","117846","117846","0","2935","1329","1509"
"810","ALIGN_HOLD","24109","30","164.794921875","3","3000","5000000","60000","117847","117847","0","2935","1329","1419"
"811","ALIGN_HOLD","24106","27","148.3154296875","-3","-3000","-6000000","60000","117848","117848","0","2935","1329","1329"
"812","ALIGN_HOLD","24105","26","142.822265625","-1","-1000","2000000","60000","117849","117849","0","2935","1329","1239"
"813","ALIGN_HOLD","24109","30","164.794921875","4","4000","5000000","60000","117850","117850","0","2935","1329","1149"
"814","ALIGN_HOLD","24105","26","142.822265625","-4","-4000","-8000000","60000","117851","117851","0","2935","1329","1059"
"815","ALIGN_HOLD","24107","28","153.80859375","2","2000","6000000","60000","117852","117852","0","2935","1329","969"
"816","ALIGN_HOLD","24107","28","153.80859375","0","0","-2000000","60000","117853","117853","0","2935","1329","879"
"817","ALIGN_HOLD","24109","30","164.794921875","2","2000","2000000","60000","117854","117854","0","2935","1329","789"
"818","ALIGN_HOLD","24106","27","148.3154296875","-3","-3000","-5000000","60000","117855","117855","0","2935","1329","699"
"819","ALIGN_HOLD","24108","29","159.3017578125","2","2000","5000000","60000","117856","117856","0","2935","1329","609"
"820","ALIGN_HOLD","24108","29","159.3017578125","0","0","-2000000","60000","117857","117857","0","2935","1329","519"
"821","ALIGN_HOLD","24104","25","137.3291015625","-4","-4000","-4000000","60000","117858","117858","0","2935","1329","429"
"822","ALIGN_HOLD","24108","29","159.3017578125","4","4000","8000000","60000","117859","117859","0","2935","1329","339"
"823","ALIGN_HOLD","24111","32","175.78125","3","3000","-1000000","60000","117860","117860","0","2935","1329","249"
"824","ALIGN_HOLD","24109","30","164.794921875","-2","-2000","-5000000","60000","117861","117861","0","2935","1329","159"
"825","ALIGN_HOLD","24105","26","142.822265625","-4","-4000","-2000000","60000","117862","117862","0","2935","1329","69"
"826","ALIGN_HOLD","24108","29","159.3017578125","3","3000","7000000","60000","117863","117863","0","2935","1329","2134"
"827","ALIGN_HOLD","24108","29","159.3017578125","0","0","-3000000","60000","117864","117864","0","2935","1329","2044"
"828","ALIGN_HOLD","24106","27","148.3154296875","-2","-2000","-2000000","60000","117865","117865","0","2935","1329","1954"
"829","ALIGN_HOLD","24104","25","137.3291015625","-2","-2000","0","60000","117866","117866","0","2935","1329","1864"
"830","ALIGN_HOLD","24105","26","142.822265625","1","1000","3000000","60000","117867","117867","0","2935","1329","1774"
"831","ALIGN_HOLD","24107","28","153.80859375","2","2000","1000000","60000","117868","117868","0","2935","1329","1684"
"832","ALIGN_HOLD","24106","27","148.3154296875","-1","-1000","-3000000","60000","117869","117869","0","2935","1329","1594"
"833","ALIGN_HOLD","24109","30","164.794921875","3","3000","4000000","60000","117870","117870","0","2935","1329","1504"
"834","ALIGN_HOLD","24107","28","153.80859375","-2","-2000","-5000000","60000","117871","117871","0","2935","1329","1414"
"835","ALIGN_HOLD","24110","31","170.2880859375","3","3000","5000000","60000","117872","117872","0","2935","1329","1324"
"836","ALIGN_HOLD","24112","33","181.2744140625","2","2000","-1000000","60000","117873","117873","0","2935","1329","1234"
"837","ALIGN_HOLD","24109","30","164.794921875","-3","-3000","-5000000","60000","117874","117874","0","2935","1329","1144"
"838","ALIGN_HOLD","24110","31","170.2880859375","1","1000","4000000","60000","117875","117875","0","2935","1329","1054"
"839","ALIGN_HOLD","24105","26","142.822265625","-5","-5000","-6000000","60000","117876","117876","0","2935","1329","964"
"840","ALIGN_HOLD","24108","29","159.3017578125","3","3000","8000000","60000","117877","117877","0","2935","1329","874"
"841","ALIGN_HOLD","24109","30","164.794921875","1","1000","-2000000","60000","117878","117878","0","2935","1329","784"
"842","ALIGN_HOLD","24111","32","175.78125","2","2000","1000000","60000","117879","117879","0","2935","1329","694"
"843","ALIGN_HOLD","24102","23","126.3427734375","-9","-9000","-11000000","60000","117880","117880","0","2935","1329","604"
"844","ALIGN_HOLD","24110","31","170.2880859375","8","8000","17000000","60000","117881","117881","0","2935","1329","514"
"845","ALIGN_HOLD","24107","28","153.80859375","-3","-3000","-11000000","60000","117882","117882","0","2935","1329","424"
"846","ALIGN_HOLD","24108","29","159.3017578125","1","1000","4000000","60000","117883","117883","0","2935","1329","334"
"847","ALIGN_HOLD","24109","30","164.794921875","1","1000","0","60000","117884","117884","0","2935","1329","244"
"848","ALIGN_HOLD","24108","29","159.3017578125","-1","-1000","-2000000","60000","117885","117885","0","2935","1329","154"
"849","ALIGN_HOLD","24111","32","175.78125","3","3000","4000000","60000","117886","117886","0","2935","1329","64"
"850","ALIGN_HOLD","24108","29","159.3017578125","-3","-3000","-6000000","60000","117887","117887","0","2935","1329","2129"
"851","ALIGN_HOLD","24109","30","164.794921875","1","1000","4000000","60000","117888","117888","0","2935","1329","2039"
"852","ALIGN_HOLD","24108","29","159.3017578125","-1","-1000","-2000000","60000","117889","117889","0","2935","1329","1949"
"853","ALIGN_HOLD","24104","25","137.3291015625","-4","-4000","-3000000","60000","117890","117890","0","2935","1329","1859"
"854","ALIGN_HOLD","24106","27","148.3154296875","2","2000","6000000","60000","117891","117891","0","2935","1329","1769"
"855","ALIGN_HOLD","24107","28","153.80859375","1","1000","-1000000","60000","117892","117892","0","2935","1329","1679"
"856","ALIGN_HOLD","24106","27","148.3154296875","-1","-1000","-2000000","60000","117893","117893","0","2935","1329","1589"
"857","ALIGN_HOLD","24110","31","170.2880859375","4","4000","5000000","60000","117894","117894","0","2935","1329","1499"
"858","ALIGN_HOLD","24107","28","153.80859375","-3","-3000","-7000000","60000","117895","117895","0","2935","1329","1409"
"859","ALIGN_HOLD","24109","30","164.794921875","2","2000","5000000","60000","117896","117896","0","2935","1329","1319"
"860","ALIGN_HOLD","24107","28","153.80859375","-2","-2000","-4000000","60000","117897","117897","0","2935","1329","1229"
"861","ALIGN_HOLD","24106","27","148.3154296875","-1","-1000","1000000","60000","117898","117898","0","2935","1329","1139"
"862","ALIGN_HOLD","24109","30","164.794921875","3","3000","4000000","60000","117899","117899","0","2935","1329","1049"
"863","ALIGN_HOLD","24106","27","148.3154296875","-3","-3000","-6000000","60000","117900","117900","0","2935","1329","959"
"864","ALIGN_HOLD","24107","28","153.80859375","1","1000","4000000","60000","117901","117901","0","2935","1329","869"
"865","ALIGN_HOLD","24109","30","164.794921875","2","2000","1000000","60000","117902","117902","0","2935","1329","779"
"866","ALIGN_HOLD","24109","30","164.794921875","0","0","-2000000","60000","117903","117903","0","2935","1329","689"
"867","ALIGN_HOLD","24109","30","164.794921875","0","0","0","60000","117904","117904","0","2935","1329","599"
"868","ALIGN_HOLD","24108","29","159.3017578125","-1","-1000","-1000000","60000","117905","117905","0","2935","1329","509"
"869","ALIGN_HOLD","24108","29","159.3017578125","0","0","1000000","60000","117906","117906","0","2935","1329","419"
"870","ALIGN_HOLD","24108","29","159.3017578125","0","0","0","60000","117907","117907","0","2935","1329","329"
"871","ALIGN_HOLD","24109","30","164.794921875","1","1000","1000000","60000","117908","117908","0","2935","1329","239"
"872","ALIGN_HOLD","24110","31","170.2880859375","1","1000","0","60000","117909","117909","0","2935","1329","149"
"873","ALIGN_HOLD","24112","33","181.2744140625","2","2000","1000000","60000","117910","117910","0","2935","1329","59"
"874","ALIGN_HOLD","24108","29","159.3017578125","-4","-4000","-6000000","60000","117911","117911","0","2935","1329","2124"
"875","ALIGN_HOLD","24108","29","159.3017578125","0","0","4000000","60000","117912","117912","0","2935","1329","2034"
"876","ALIGN_HOLD","24104","25","137.3291015625","-4","-4000","-4000000","60000","117913","117913","0","2935","1329","1944"
"877","ALIGN_HOLD","24110","31","170.2880859375","6","6000","10000000","60000","117914","117914","0","2935","1329","1854"
"878","ALIGN_HOLD","24108","29","159.3017578125","-2","-2000","-8000000","60000","117915","117915","0","2935","1329","1764"
"879","ALIGN_HOLD","24107","28","153.80859375","-1","-1000","1000000","60000","117916","117916","0","2935","1329","1674"
"880","ALIGN_HOLD","24109","30","164.794921875","2","2000","3000000","60000","117917","117917","0","2935","1329","1584"
"881","ALIGN_HOLD","24110","31","170.2880859375","1","1000","-1000000","60000","117918","117918","0","2935","1329","1494"
"882","ALIGN_HOLD","24109","30","164.794921875","-1","-1000","-2000000","60000","117919","117919","0","2935","1329","1404"
"883","ALIGN_HOLD","24108","29","159.3017578125","-1","-1000","0","60000","117920","117920","0","2935","1329","1314"
"884","ALIGN_HOLD","24108","29","159.3017578125","0","0","1000000","60000","117921","117921","0","2935","1329","1224"
"885","ALIGN_HOLD","24108","29","159.3017578125","0","0","0","60000","117922","117922","0","2935","1329","1134"
"886","ALIGN_HOLD","24109","30","164.794921875","1","1000","1000000","60000","117923","117923","0","2935","1329","1044"
"887","ALIGN_HOLD","24105","26","142.822265625","-4","-4000","-5000000","60000","117924","117924","0","2935","1329","954"
"888","ALIGN_HOLD","24108","29","159.3017578125","3","3000","7000000","60000","117925","117925","0","2935","1329","864"
"889","ALIGN_HOLD","24107","28","153.80859375","-1","-1000","-4000000","60000","117926","117926","0","2935","1329","774"
"890","ALIGN_HOLD","24108","29","159.3017578125","1","1000","2000000","60000","117927","117927","0","2935","1329","684"
"891","ALIGN_HOLD","24106","27","148.3154296875","-2","-2000","-3000000","60000","117928","117928","0","2935","1329","594"
"892","ALIGN_HOLD","24110","31","170.2880859375","4","4000","6000000","60000","117929","117929","0","2935","1329","504"
"893","ALIGN_HOLD","24108","29","159.3017578125","-2","-2000","-6000000","60000","117930","117930","0","2935","1329","414"
"894","ALIGN_HOLD","24110","31","170.2880859375","2","2000","4000000","60000","117931","117931","0","2935","1329","324"
"895","ALIGN_HOLD","24110","31","170.2880859375","0","0","-2000000","60000","117932","117932","0","2935","1329","234"
"896","ALIGN_HOLD","24110","31","170.2880859375","0","0","0","60000","117933","117933","0","2935","1329","144"
"897","ALIGN_HOLD","24108","29","159.3017578125","-2","-2000","-2000000","60000","117934","117934","0","2935","1329","54"
"898","ALIGN_HOLD","24108","29","159.3017578125","0","0","2000000","60000","117935","117935","0","2935","1329","2119"
"899","ALIGN_HOLD","24107","28","153.80859375","-1","-1000","-1000000","60000","117936","117936","0","2935","1329","2029"
"900","ALIGN_HOLD","24106","27","148.3154296875","-1","-1000","0","60000","117937","117937","0","2935","1329","1939"
"901","ALIGN_HOLD","24111","32","175.78125","5","5000","6000000","60000","117938","117938","0","2935","1329","1849"
"902","ALIGN_HOLD","24109","30","164.794921875","-2","-2000","-7000000","60000","117939","117939","0","2935","1329","1759"
"903","ALIGN_HOLD","24108","29","159.3017578125","-1","-1000","1000000","60000","117940","117940","0","2935","1329","1669"
"904","ALIGN_HOLD","24106","27","148.3154296875","-2","-2000","-1000000","60000","117941","117941","0","2935","1329","1579"
"905","ALIGN_HOLD","24109","30","164.794921875","3","3000","5000000","60000","117942","117942","0","2935","1329","1489"
"906","ALIGN_HOLD","24110","31","170.2880859375","1","1000","-2000000","60000","117943","117943","0","2935","1329","1399"
"907","ALIGN_HOLD","24111","32","175.78125","1","1000","0","60000","117944","117944","0","2935","1329","1309"
"908","ALIGN_HOLD","24109","30","164.794921875","-2","-2000","-3000000","60000","117945","117945","0","2935","1329","1219"
"909","ALIGN_HOLD","24106","27","148.3154296875","-3","-3000","-1000000","60000","117946","117946","0","2935","1329","1129"
"910","ALIGN_HOLD","24111","32","175.78125","5","5000","8000000","60000","117947","117947","0","2935","1329","1039"
"911","ALIGN_HOLD","24109","30","164.794921875","-2","-2000","-7000000","60000","117948","117948","0","2935","1329","949"
"912","ALIGN_HOLD","24109","30","164.794921875","0","0","2000000","60000","117949","117949","0","2935","1329","859"
"913","ALIGN_HOLD","24107","28","153.80859375","-2","-2000","-2000000","60000","117950","117950","0","2935","1329","769"
"914","ALIGN_HOLD","24111","32","175.78125","4","4000","6000000","60000","117951","117951","0","2935","1329","679"
"915","ALIGN_HOLD","24106","27","148.3154296875","-5","-5000","-9000000","60000","117952","117952","0","2935","1329","589"
"916","ALIGN_HOLD","24110","31","170.2880859375","4","4000","9000000","60000","117953","117953","0","2935","1329","499"
"917","ALIGN_HOLD","24110","31","170.2880859375","0","0","-4000000","60000","117954","117954","0","2935","1329","409"
"918","ALIGN_HOLD","24106","27","148.3154296875","-4","-4000","-4000000","60000","117955","117955","0","2935","1329","319"
"919","ALIGN_HOLD","24106","27","148.3154296875","0","0","4000000","60000","117956","117956","0","2935","1329","229"
"920","ALIGN_HOLD","24107","28","153.80859375","1","1000","1000000","60000","117957","117957","0","2935","1329","139"
"921","ALIGN_HOLD","24110","31","170.2880859375","3","3000","2000000","60000","117958","117958","0","2935","1329","49"
"922","ALIGN_HOLD","24108","29","159.3017578125","-2","-2000","-5000000","60000","117959","117959","0","2935","1329","2114"
"923","ALIGN_HOLD","24112","33","181.2744140625","4","4000","6000000","60000","117960","117960","0","2935","1329","2024"
"924","ALIGN_HOLD","24109","30","164.794921875","-3","-3000","-7000000","60000","117961","117961","0","2935","1329","1934"
"925","ALIGN_HOLD","24105","26","142.822265625","-4","-4000","-1000000","60000","117962","117962","0","2935","1329","1844"
"926","ALIGN_HOLD","24109","30","164.794921875","4","4000","8000000","60000","117963","117963","0","2935","1329","1754"
"927","ALIGN_HOLD","24110","31","170.2880859375","1","1000","-3000000","60000","117964","117964","0","2935","1329","1664"
"928","ALIGN_HOLD","24107","28","153.80859375","-3","-3000","-4000000","60000","117965","117965","0","2935","1329","1574"
"929","ALIGN_HOLD","24108","29","159.3017578125","1","1000","4000000","60000","117966","117966","0","2935","1329","1484"
"930","ALIGN_HOLD","24108","29","159.3017578125","0","0","-1000000","60000","117967","117967","0","2935","1329","1394"
"931","ALIGN_HOLD","24108","29","159.3017578125","0","0","0","60000","117968","117968","0","2935","1329","1304"
"932","ALIGN_HOLD","24112","33","181.2744140625","4","4000","4000000","60000","117969","117969","0","2935","1329","1214"
"933","ALIGN_HOLD","24108","29","159.3017578125","-4","-4000","-8000000","60000","117970","117970","0","2935","1329","1124"
"934","ALIGN_HOLD","24109","30","164.794921875","1","1000","5000000","60000","117971","117971","0","2935","1329","1034"
"935","ALIGN_HOLD","24110","31","170.2880859375","1","1000","0","60000","117972","117972","0","2935","1329","944"
"936","ALIGN_HOLD","24109","30","164.794921875","-1","-1000","-2000000","60000","117973","117973","0","2935","1329","854"
"937","ALIGN_HOLD","24109","30","164.794921875","0","0","1000000","60000","117974","117974","0","2935","1329","764"
"938","ALIGN_HOLD","24106","27","148.3154296875","-3","-3000","-3000000","60000","117975","117975","0","2935","1329","674"
"939","ALIGN_HOLD","24112","33","181.2744140625","6","6000","9000000","60000","117976","117976","0","2935","1329","584"
"940","ALIGN_HOLD","24109","30","164.794921875","-3","-3000","-9000000","60000","117977","117977","0","2935","1329","494"
"941","ALIGN_HOLD","24107","28","153.80859375","-2","-2000","1000000","60000","117978","117978","0","2935","1329","404"
"942","ALIGN_HOLD","24107","28","153.80859375","0","0","2000000","60000","117979","117979","0","2935","1329","314"
"943","ALIGN_HOLD","24108","29","159.3017578125","1","1000","1000000","60000","117980","117980","0","2935","1329","224"
"944","ALIGN_HOLD","24111","32","175.78125","3","3000","2000000","60000","117981","117981","0","2935","1329","134"
"945","ALIGN_HOLD","24111","32","175.78125","0","0","-3000000","60000","117982","117982","0","2935","1329","44"
"946","ALIGN_HOLD","24108","29","159.3017578125","-3","-3000","-3000000","60000","117983","117983","0","2935","1329","2109"
"947","ALIGN_HOLD","24108","29","159.3017578125","0","0","3000000","60000","117984","117984","0","2935","1329","2019"
"948","ALIGN_HOLD","24107","28","153.80859375","-1","-1000","-1000000","60000","117985","117985","0","2935","1329","1929"
"949","ALIGN_HOLD","24107","28","153.80859375","0","0","1000000","60000","117986","117986","0","2935","1329","1839"
"950","ALIGN_HOLD","24107","28","153.80859375","0","0","0","60000","117987","117987","0","2935","1329","1749"
"951","ALIGN_HOLD","24112","33","181.2744140625","5","5000","5000000","60000","117988","117988","0","2935","1329","1659"
"952","ALIGN_HOLD","24111","32","175.78125","-1","-1000","-6000000","60000","117989","117989","0","2935","1329","1569"
"953","ALIGN_HOLD","24110","31","170.2880859375","-1","-1000","0","60000","117990","117990","0","2935","1329","1479"
"954","ALIGN_HOLD","24111","32","175.78125","1","1000","2000000","60000","117991","117991","0","2935","1329","1389"
"955","ALIGN_HOLD","24105","26","142.822265625","-6","-6000","-7000000","60000","117992","117992","0","2935","1329","1299"
"956","ALIGN_HOLD","24112","33","181.2744140625","7","7000","13000000","60000","117993","117993","0","2935","1329","1209"
"957","ALIGN_HOLD","24111","32","175.78125","-1","-1000","-8000000","60000","117994","117994","0","2935","1329","1119"
"958","ALIGN_HOLD","24112","33","181.2744140625","1","1000","2000000","60000","117995","117995","0","2935","1329","1029"
"959","ALIGN_HOLD","24108","29","159.3017578125","-4","-4000","-5000000","60000","117996","117996","0","2935","1329","939"
"960","ALIGN_HOLD","24108","29","159.3017578125","0","0","4000000","60000","117997","117997","0","2935","1329","849"
"961","ALIGN_HOLD","24111","32","175.78125","3","3000","3000000","60000","117998","117998","0","2935","1329","759"
"962","ALIGN_HOLD","24112","33","181.2744140625","1","1000","-2000000","60000","117999","117999","0","2935","1329","669"
"963","ALIGN_HOLD","24110","31","170.2880859375","-2","-2000","-3000000","60000","118000","118000","0","2935","1329","579"
"964","ALIGN_HOLD","24109","30","164.794921875","-1","-1000","1000000","60000","118001","118001","0","2935","1329","489"
"965","ALIGN_HOLD","24110","31","170.2880859375","1","1000","2000000","60000","118002","118002","0","2935","1329","399"
"966","ALIGN_HOLD","24113","34","186.767578125","3","3000","2000000","60000","118003","118003","0","2935","1329","309"
"967","ALIGN_HOLD","24108","29","159.3017578125","-5","-5000","-8000000","60000","118004","118004","0","2935","1329","219"
"968","ALIGN_HOLD","24111","32","175.78125","3","3000","8000000","60000","118005","118005","0","2935","1329","129"
"969","ALIGN_HOLD","24112","33","181.2744140625","1","1000","-2000000","60000","118006","118006","0","2935","1329","39"
"970","ALIGN_HOLD","24107","28","153.80859375","-5","-5000","-6000000","60000","118007","118007","0","2935","1329","2104"
"971","ALIGN_HOLD","24108","29","159.3017578125","1","1000","6000000","60000","118008","118008","0","2935","1329","2014"
"972","ALIGN_HOLD","24111","32","175.78125","3","3000","2000000","60000","118009","118009","0","2935","1329","1924"
"973","ALIGN_HOLD","24110","31","170.2880859375","-1","-1000","-4000000","60000","118010","118010","0","2935","1329","1834"
"974","ALIGN_HOLD","24109","30","164.794921875","-1","-1000","0","60000","118011","118011","0","2935","1329","1744"
"975","ALIGN_HOLD","24112","33","181.2744140625","3","3000","4000000","60000","118012","118012","0","2935","1329","1654"
"976","ALIGN_HOLD","24110","31","170.2880859375","-2","-2000","-5000000","60000","118013","118013","0","2935","1329","1564"
"977","ALIGN_HOLD","24108","29","159.3017578125","-2","-2000","0","60000","118014","118014","0","2935","1329","1474"
"978","ALIGN_HOLD","24106","27","148.3154296875","-2","-2000","0","60000","118015","118015","0","2935","1329","1384"
"979","ALIGN_HOLD","24109","30","164.794921875","3","3000","5000000","60000","118016","118016","0","2935","1329","1294"
"980","ALIGN_HOLD","24107","28","153.80859375","-2","-2000","-5000000","60000","118017","118017","0","2935","1329","1204"
"981","ALIGN_HOLD","24108","29","159.3017578125","1","1000","3000000","60000","118018","118018","0","2935","1329","1114"
"982","ALIGN_HOLD","24111","32","175.78125","3","3000","2000000","60000","118019","118019","0","2935","1329","1024"
"983","ALIGN_HOLD","24109","30","164.794921875","-2","-2000","-5000000","60000","118020","118020","0","2935","1329","934"
"984","ALIGN_HOLD","24108","29","159.3017578125","-1","-1000","1000000","60000","118021","118021","0","2935","1329","844"
"985","ALIGN_HOLD","24106","27","148.3154296875","-2","-2000","-1000000","60000","118022","118022","0","2935","1329","754"
"986","ALIGN_HOLD","24111","32","175.78125","5","5000","7000000","60000","118023","118023","0","2935","1329","664"
"987","ALIGN_HOLD","24107","28","153.80859375","-4","-4000","-9000000","60000","118024","118024","0","2935","1329","574"
"988","ALIGN_HOLD","24107","28","153.80859375","0","0","4000000","60000","118025","118025","0","2935","1329","484"
"989","ALIGN_HOLD","24107","28","153.80859375","0","0","0","60000","118026","118026","0","2935","1329","394"
"990","ALIGN_HOLD","24111","32","175.78125","4","4000","4000000","60000","118027","118027","0","2935","1329","304"
"991","ALIGN_HOLD","24110","31","170.2880859375","-1","-1000","-5000000","60000","118028","118028","0","2935","1329","214"
"992","ALIGN_HOLD","24109","30","164.794921875","-1","-1000","0","60000","118029","118029","0","2935","1329","124"
"993","ALIGN_HOLD","24109","30","164.794921875","0","0","1000000","60000","118030","118030","0","2935","1329","34"
"994","ALIGN_HOLD","24111","32","175.78125","2","2000","2000000","60000","118031","118031","0","2935","1329","2099"
"995","ALIGN_HOLD","24107","28","153.80859375","-4","-4000","-6000000","60000","118032","118032","0","2935","1329","2009"
"996","ALIGN_HOLD","24107","28","153.80859375","0","0","4000000","60000","118033","118033","0","2935","1329","1919"
"997","ALIGN_HOLD","24110","31","170.2880859375","3","3000","3000000","60000","118034","118034","0","2935","1329","1829"
"998","ALIGN_HOLD","24109","30","164.794921875","-1","-1000","-4000000","60000","118035","118035","0","2935","1329","1739"
"999","ALIGN_HOLD","24109","30","164.794921875","0","0","1000000","60000","118036","118036","0","2935","1329","1649"
"1000","ALIGN_HOLD","24108","29","159.3017578125","-1","-1000","-1000000","60000","118037","118037","0","2935","1329","1625"
