"Seq","Phase","EncoderRaw","TravelRaw","TravelMilliDeg","DeltaRaw","VelocityRawPerSecond","AccelerationRawPerSecond2","PowerPpm","ScheduledTick","SampleTick","LatenessTicks","LoopCycles","SpiLatencyCycles","PwmCounterAtCs"
"0","ALIGN_RAMP","38793","2","10.986328125","2","2000","2000000","0","3607","3607","0","2931","1329","68"
"1","ALIGN_RAMP","38791","0","0","-2","-2000","-4000000","120","3608","3608","0","2935","1329","1424"
"2","ALIGN_RAMP","38793","2","10.986328125","2","2000","4000000","240","3609","3609","0","2935","1329","1334"
"3","ALIGN_RAMP","38788","-3","-16.4794921875","-5","-5000","-7000000","360","3610","3610","0","2935","1329","1244"
"4","ALIGN_RAMP","38792","1","5.4931640625","4","4000","9000000","480","3611","3611","0","2935","1329","1154"
"5","ALIGN_RAMP","38796","5","27.4658203125","4","4000","0","600","3612","3612","0","2935","1329","1064"
"6","ALIGN_RAMP","38791","0","0","-5","-5000","-9000000","720","3613","3613","0","2935","1329","974"
"7","ALIGN_RAMP","38791","0","0","0","0","5000000","840","3614","3614","0","2935","1329","884"
"8","ALIGN_RAMP","38791","0","0","0","0","0","960","3615","3615","0","2935","1329","794"
"9","ALIGN_RAMP","38792","1","5.4931640625","1","1000","1000000","1080","3616","3616","0","2935","1329","704"
"10","ALIGN_RAMP","38790","-1","-5.4931640625","-2","-2000","-3000000","1200","3617","3617","0","2935","1329","614"
"11","ALIGN_RAMP","38792","1","5.4931640625","2","2000","4000000","1320","3618","3618","0","2935","1329","524"
"12","ALIGN_RAMP","38790","-1","-5.4931640625","-2","-2000","-4000000","1440","3619","3619","0","2935","1329","434"
"13","ALIGN_RAMP","38789","-2","-10.986328125","-1","-1000","1000000","1560","3620","3620","0","2935","1329","344"
"14","ALIGN_RAMP","38794","3","16.4794921875","5","5000","6000000","1680","3621","3621","0","2935","1329","254"
"15","ALIGN_RAMP","38791","0","0","-3","-3000","-8000000","1800","3622","3622","0","2935","1329","164"
"16","ALIGN_RAMP","38791","0","0","0","0","3000000","1920","3623","3623","0","2935","1329","74"
"17","ALIGN_RAMP","38791","0","0","0","0","0","2040","3624","3624","0","2935","1329","2139"
"18","ALIGN_RAMP","38794","3","16.4794921875","3","3000","3000000","2160","3625","3625","0","2935","1329","2049"
"19","ALIGN_RAMP","38792","1","5.4931640625","-2","-2000","-5000000","2280","3626","3626","0","2935","1329","1959"
"20","ALIGN_RAMP","38792","1","5.4931640625","0","0","2000000","2400","3627","3627","0","2935","1329","1869"
"21","ALIGN_RAMP","38792","1","5.4931640625","0","0","0","2520","3628","3628","0","2935","1329","1779"
"22","ALIGN_RAMP","38789","-2","-10.986328125","-3","-3000","-3000000","2640","3629","3629","0","2935","1329","1689"
"23","ALIGN_RAMP","38792","1","5.4931640625","3","3000","6000000","2760","3630","3630","0","2935","1329","1599"
"24","ALIGN_RAMP","38790","-1","-5.4931640625","-2","-2000","-5000000","2880","3631","3631","0","2935","1329","1509"
"25","ALIGN_RAMP","38794","3","16.4794921875","4","4000","6000000","3000","3632","3632","0","2935","1329","1419"
"26","ALIGN_RAMP","38793","2","10.986328125","-1","-1000","-5000000","3120","3633","3633","0","2935","1329","1329"
"27","ALIGN_RAMP","38792","1","5.4931640625","-1","-1000","0","3240","3634","3634","0","2935","1329","1239"
"28","ALIGN_RAMP","38791","0","0","-1","-1000","0","3360","3635","3635","0","2935","1329","1149"
"29","ALIGN_RAMP","38791","0","0","0","0","1000000","3480","3636","3636","0","2935","1329","1059"
"30","ALIGN_RAMP","38793","2","10.986328125","2","2000","2000000","3600","3637","3637","0","2935","1329","969"
"31","ALIGN_RAMP","38792","1","5.4931640625","-1","-1000","-3000000","3720","3638","3638","0","2935","1329","879"
"32","ALIGN_RAMP","38792","1","5.4931640625","0","0","1000000","3840","3639","3639","0","2935","1329","789"
"33","ALIGN_RAMP","38791","0","0","-1","-1000","-1000000","3960","3640","3640","0","2935","1329","699"
"34","ALIGN_RAMP","38793","2","10.986328125","2","2000","3000000","4080","3641","3641","0","2935","1329","609"
"35","ALIGN_RAMP","38791","0","0","-2","-2000","-4000000","4200","3642","3642","0","2935","1329","519"
"36","ALIGN_RAMP","38792","1","5.4931640625","1","1000","3000000","4320","3643","3643","0","2935","1329","429"
"37","ALIGN_RAMP","38792","1","5.4931640625","0","0","-1000000","4440","3644","3644","0","2935","1329","339"
"38","ALIGN_RAMP","38789","-2","-10.986328125","-3","-3000","-3000000","4560","3645","3645","0","2935","1329","249"
"39","ALIGN_RAMP","38792","1","5.4931640625","3","3000","6000000","4680","3646","3646","0","2935","1329","159"
"40","ALIGN_RAMP","38792","1","5.4931640625","0","0","-3000000","4800","3647","3647","0","2935","1329","69"
"41","ALIGN_RAMP","38795","4","21.97265625","3","3000","3000000","4920","3648","3648","0","2935","1329","2134"
"42","ALIGN_RAMP","38794","3","16.4794921875","-1","-1000","-4000000","5040","3649","3649","0","2935","1329","2044"
"43","ALIGN_RAMP","38795","4","21.97265625","1","1000","2000000","5160","3650","3650","0","2935","1329","1954"
"44","ALIGN_RAMP","38793","2","10.986328125","-2","-2000","-3000000","5280","3651","3651","0","2935","1329","1864"
"45","ALIGN_RAMP","38798","7","38.4521484375","5","5000","7000000","5400","3652","3652","0","2935","1329","1774"
"46","ALIGN_RAMP","38793","2","10.986328125","-5","-5000","-10000000","5520","3653","3653","0","2935","1329","1684"
"47","ALIGN_RAMP","38792","1","5.4931640625","-1","-1000","4000000","5640","3654","3654","0","2935","1329","1594"
"48","ALIGN_RAMP","38792","1","5.4931640625","0","0","1000000","5760","3655","3655","0","2935","1329","1504"
"49","ALIGN_RAMP","38789","-2","-10.986328125","-3","-3000","-3000000","5880","3656","3656","0","2935","1329","1414"
"50","ALIGN_RAMP","38790","-1","-5.4931640625","1","1000","4000000","6000","3657","3657","0","2935","1329","1324"
"51","ALIGN_RAMP","38791","0","0","1","1000","0","6120","3658","3658","0","2935","1329","1234"
"52","ALIGN_RAMP","38795","4","21.97265625","4","4000","3000000","6240","3659","3659","0","2935","1329","1144"
"53","ALIGN_RAMP","38793","2","10.986328125","-2","-2000","-6000000","6360","3660","3660","0","2935","1329","1054"
"54","ALIGN_RAMP","38791","0","0","-2","-2000","0","6480","3661","3661","0","2935","1329","964"
"55","ALIGN_RAMP","38796","5","27.4658203125","5","5000","7000000","6600","3662","3662","0","2935","1329","874"
"56","ALIGN_RAMP","38791","0","0","-5","-5000","-10000000","6720","3663","3663","0","2935","1329","784"
"57","ALIGN_RAMP","38791","0","0","0","0","5000000","6840","3664","3664","0","2935","1329","694"
"58","ALIGN_RAMP","38791","0","0","0","0","0","6960","3665","3665","0","2935","1329","604"
"59","ALIGN_RAMP","38792","1","5.4931640625","1","1000","1000000","7080","3666","3666","0","2935","1329","514"
"60","ALIGN_RAMP","38789","-2","-10.986328125","-3","-3000","-4000000","7200","3667","3667","0","2935","1329","424"
"61","ALIGN_RAMP","38792","1","5.4931640625","3","3000","6000000","7320","3668","3668","0","2935","1329","334"
"62","ALIGN_RAMP","38791","0","0","-1","-1000","-4000000","7440","3669","3669","0","2935","1329","244"
"63","ALIGN_RAMP","38796","5","27.4658203125","5","5000","6000000","7560","3670","3670","0","2935","1329","154"
"64","ALIGN_RAMP","38794","3","16.4794921875","-2","-2000","-7000000","7680","3671","3671","0","2935","1329","64"
"65","ALIGN_RAMP","38790","-1","-5.4931640625","-4","-4000","-2000000","7800","3672","3672","0","2935","1329","2129"
"66","ALIGN_RAMP","38791","0","0","1","1000","5000000","7920","3673","3673","0","2935","1329","2039"
"67","ALIGN_RAMP","38786","-5","-27.4658203125","-5","-5000","-6000000","8040","3674","3674","0","2935","1329","1949"
"68","ALIGN_RAMP","38790","-1","-5.4931640625","4","4000","9000000","8160","3675","3675","0","2935","1329","1859"
"69","ALIGN_RAMP","38792","1","5.4931640625","2","2000","-2000000","8280","3676","3676","0","2935","1329","1769"
"70","ALIGN_RAMP","38795","4","21.97265625","3","3000","1000000","8400","3677","3677","0","2935","1329","1679"
"71","ALIGN_RAMP","38793","2","10.986328125","-2","-2000","-5000000","8520","3678","3678","0","2935","1329","1589"
"72","ALIGN_RAMP","38792","1","5.4931640625","-1","-1000","1000000","8640","3679","3679","0","2935","1329","1499"
"73","ALIGN_RAMP","38790","-1","-5.4931640625","-2","-2000","-1000000","8760","3680","3680","0","2935","1329","1409"
"74","ALIGN_RAMP","38791","0","0","1","1000","3000000","8880","3681","3681","0","2935","1329","1319"
"75","ALIGN_RAMP","38791","0","0","0","0","-1000000","9000","3682","3682","0","2935","1329","1229"
"76","ALIGN_RAMP","38792","1","5.4931640625","1","1000","1000000","9120","3683","3683","0","2935","1329","1139"
"77","ALIGN_RAMP","38790","-1","-5.4931640625","-2","-2000","-3000000","9240","3684","3684","0","2935","1329","1049"
"78","ALIGN_RAMP","38791","0","0","1","1000","3000000","9360","3685","3685","0","2935","1329","959"
"79","ALIGN_RAMP","38793","2","10.986328125","2","2000","1000000","9480","3686","3686","0","2935","1329","869"
"80","ALIGN_RAMP","38795","4","21.97265625","2","2000","0","9600","3687","3687","0","2935","1329","779"
"81","ALIGN_RAMP","38793","2","10.986328125","-2","-2000","-4000000","9720","3688","3688","0","2935","1329","689"
"82","ALIGN_RAMP","38791","0","0","-2","-2000","0","9840","3689","3689","0","2935","1329","599"
"83","ALIGN_RAMP","38791","0","0","0","0","2000000","9960","3690","3690","0","2935","1329","509"
"84","ALIGN_RAMP","38792","1","5.4931640625","1","1000","1000000","10080","3691","3691","0","2935","1329","419"
"85","ALIGN_RAMP","38793","2","10.986328125","1","1000","0","10200","3692","3692","0","2935","1329","329"
"86","ALIGN_RAMP","38794","3","16.4794921875","1","1000","0","10320","3693","3693","0","2935","1329","239"
"87","ALIGN_RAMP","38793","2","10.986328125","-1","-1000","-2000000","10440","3694","3694","0","2935","1329","149"
"88","ALIGN_RAMP","38794","3","16.4794921875","1","1000","2000000","10560","3695","3695","0","2935","1329","59"
"89","ALIGN_RAMP","38792","1","5.4931640625","-2","-2000","-3000000","10680","3696","3696","0","2935","1329","2124"
"90","ALIGN_RAMP","38790","-1","-5.4931640625","-2","-2000","0","10800","3697","3697","0","2935","1329","2034"
"91","ALIGN_RAMP","38790","-1","-5.4931640625","0","0","2000000","10920","3698","3698","0","2935","1329","1944"
"92","ALIGN_RAMP","38791","0","0","1","1000","1000000","11040","3699","3699","0","2935","1329","1854"
"93","ALIGN_RAMP","38793","2","10.986328125","2","2000","1000000","11160","3700","3700","0","2935","1329","1764"
"94","ALIGN_RAMP","38791","0","0","-2","-2000","-4000000","11280","3701","3701","0","2935","1329","1674"
"95","ALIGN_RAMP","38792","1","5.4931640625","1","1000","3000000","11400","3702","3702","0","2935","1329","1584"
"96","ALIGN_RAMP","38791","0","0","-1","-1000","-2000000","11520","3703","3703","0","2935","1329","1494"
"97","ALIGN_RAMP","38795","4","21.97265625","4","4000","5000000","11640","3704","3704","0","2935","1329","1404"
"98","ALIGN_RAMP","38790","-1","-5.4931640625","-5","-5000","-9000000","11760","3705","3705","0","2935","1329","1314"
"99","ALIGN_RAMP","38794","3","16.4794921875","4","4000","9000000","11880","3706","3706","0","2935","1329","1224"
"100","ALIGN_RAMP","38794","3","16.4794921875","0","0","-4000000","12000","3707","3707","0","2935","1329","1134"
"101","ALIGN_RAMP","38788","-3","-16.4794921875","-6","-6000","-6000000","12120","3708","3708","0","2935","1329","1044"
"102","ALIGN_RAMP","38792","1","5.4931640625","4","4000","10000000","12240","3709","3709","0","2935","1329","954"
"103","ALIGN_RAMP","38789","-2","-10.986328125","-3","-3000","-7000000","12360","3710","3710","0","2935","1329","864"
"104","ALIGN_RAMP","38788","-3","-16.4794921875","-1","-1000","2000000","12480","3711","3711","0","2935","1329","774"
"105","ALIGN_RAMP","38791","0","0","3","3000","4000000","12600","3712","3712","0","2935","1329","684"
"106","ALIGN_RAMP","38789","-2","-10.986328125","-2","-2000","-5000000","12720","3713","3713","0","2935","1329","594"
"107","ALIGN_RAMP","38794","3","16.4794921875","5","5000","7000000","12840","3714","3714","0","2935","1329","504"
"108","ALIGN_RAMP","38790","-1","-5.4931640625","-4","-4000","-9000000","12960","3715","3715","0","2935","1329","414"
"109","ALIGN_RAMP","38794","3","16.4794921875","4","4000","8000000","13080","3716","3716","0","2935","1329","324"
"110","ALIGN_RAMP","38791","0","0","-3","-3000","-7000000","13200","3717","3717","0","2935","1329","234"
"111","ALIGN_RAMP","38791","0","0","0","0","3000000","13320","3718","3718","0","2935","1329","144"
"112","ALIGN_RAMP","38792","1","5.4931640625","1","1000","1000000","13440","3719","3719","0","2935","1329","54"
"113","ALIGN_RAMP","38791","0","0","-1","-1000","-2000000","13560","3720","3720","0","2935","1329","2119"
"114","ALIGN_RAMP","38793","2","10.986328125","2","2000","3000000","13680","3721","3721","0","2935","1329","2029"
"115","ALIGN_RAMP","38791","0","0","-2","-2000","-4000000","13800","3722","3722","0","2935","1329","1939"
"116","ALIGN_RAMP","38791","0","0","0","0","2000000","13920","3723","3723","0","2935","1329","1849"
"117","ALIGN_RAMP","38794","3","16.4794921875","3","3000","3000000","14040","3724","3724","0","2935","1329","1759"
"118","ALIGN_RAMP","38792","1","5.4931640625","-2","-2000","-5000000","14160","3725","3725","0","2935","1329","1669"
"119","ALIGN_RAMP","38793","2","10.986328125","1","1000","3000000","14280","3726","3726","0","2935","1329","1579"
"120","ALIGN_RAMP","38794","3","16.4794921875","1","1000","0","14400","3727","3727","0","2935","1329","1489"
"121","ALIGN_RAMP","38792","1","5.4931640625","-2","-2000","-3000000","14520","3728","3728","0","2935","1329","1399"
"122","ALIGN_RAMP","38791","0","0","-1","-1000","1000000","14640","3729","3729","0","2935","1329","1309"
"123","ALIGN_RAMP","38792","1","5.4931640625","1","1000","2000000","14760","3730","3730","0","2935","1329","1219"
"124","ALIGN_RAMP","38791","0","0","-1","-1000","-2000000","14880","3731","3731","0","2935","1329","1129"
"125","ALIGN_RAMP","38792","1","5.4931640625","1","1000","2000000","15000","3732","3732","0","2935","1329","1039"
"126","ALIGN_RAMP","38791","0","0","-1","-1000","-2000000","15120","3733","3733","0","2935","1329","949"
"127","ALIGN_RAMP","38795","4","21.97265625","4","4000","5000000","15240","3734","3734","0","2935","1329","859"
"128","ALIGN_RAMP","38794","3","16.4794921875","-1","-1000","-5000000","15360","3735","3735","0","2935","1329","769"
"129","ALIGN_RAMP","38791","0","0","-3","-3000","-2000000","15480","3736","3736","0","2935","1329","679"
"130","ALIGN_RAMP","38791","0","0","0","0","3000000","15600","3737","3737","0","2935","1329","589"
"131","ALIGN_RAMP","38794","3","16.4794921875","3","3000","3000000","15720","3738","3738","0","2935","1329","499"
"132","ALIGN_RAMP","38793","2","10.986328125","-1","-1000","-4000000","15840","3739","3739","0","2935","1329","409"
"133","ALIGN_RAMP","38795","4","21.97265625","2","2000","3000000","15960","3740","3740","0","2935","1329","319"
"134","ALIGN_RAMP","38790","-1","-5.4931640625","-5","-5000","-7000000","16080","3741","3741","0","2935","1329","229"
"135","ALIGN_RAMP","38791","0","0","1","1000","6000000","16200","3742","3742","0","2935","1329","139"
"136","ALIGN_RAMP","38792","1","5.4931640625","1","1000","0","16320","3743","3743","0","2935","1329","49"
"137","ALIGN_RAMP","38791","0","0","-1","-1000","-2000000","16440","3744","3744","0","2935","1329","2114"
"138","ALIGN_RAMP","38792","1","5.4931640625","1","1000","2000000","16560","3745","3745","0","2935","1329","2024"
"139","ALIGN_RAMP","38791","0","0","-1","-1000","-2000000","16680","3746","3746","0","2935","1329","1934"
"140","ALIGN_RAMP","38792","1","5.4931640625","1","1000","2000000","16800","3747","3747","0","2935","1329","1844"
"141","ALIGN_RAMP","38791","0","0","-1","-1000","-2000000","16920","3748","3748","0","2935","1329","1754"
"142","ALIGN_RAMP","38790","-1","-5.4931640625","-1","-1000","0","17040","3749","3749","0","2935","1329","1664"
"143","ALIGN_RAMP","38790","-1","-5.4931640625","0","0","1000000","17160","3750","3750","0","2935","1329","1574"
"144","ALIGN_RAMP","38789","-2","-10.986328125","-1","-1000","-1000000","17280","3751","3751","0","2935","1329","1484"
"145","ALIGN_RAMP","38793","2","10.986328125","4","4000","5000000","17400","3752","3752","0","2935","1329","1394"
"146","ALIGN_RAMP","38787","-4","-21.97265625","-6","-6000","-10000000","17520","3753","3753","0","2935","1329","1304"
"147","ALIGN_RAMP","38794","3","16.4794921875","7","7000","13000000","17640","3754","3754","0","2935","1329","1214"
"148","ALIGN_RAMP","38796","5","27.4658203125","2","2000","-5000000","17760","3755","3755","0","2935","1329","1124"
"149","ALIGN_RAMP","38790","-1","-5.4931640625","-6","-6000","-8000000","17880","3756","3756","0","2935","1329","1034"
"150","ALIGN_RAMP","38791","0","0","1","1000","7000000","18000","3757","3757","0","2935","1329","944"
"151","ALIGN_RAMP","38793","2","10.986328125","2","2000","1000000","18120","3758","3758","0","2935","1329","854"
"152","ALIGN_RAMP","38792","1","5.4931640625","-1","-1000","-3000000","18240","3759","3759","0","2935","1329","764"
"153","ALIGN_RAMP","38792","1","5.4931640625","0","0","1000000","18360","3760","3760","0","2935","1329","674"
"154","ALIGN_RAMP","38792","1","5.4931640625","0","0","0","18480","3761","3761","0","2935","1329","584"
"155","ALIGN_RAMP","38790","-1","-5.4931640625","-2","-2000","-2000000","18600","3762","3762","0","2935","1329","494"
"156","ALIGN_RAMP","38792","1","5.4931640625","2","2000","4000000","18720","3763","3763","0","2935","1329","404"
"157","ALIGN_RAMP","38794","3","16.4794921875","2","2000","0","18840","3764","3764","0","2935","1329","314"
"158","ALIGN_RAMP","38791","0","0","-3","-3000","-5000000","18960","3765","3765","0","2935","1329","224"
"159","ALIGN_RAMP","38790","-1","-5.4931640625","-1","-1000","2000000","19080","3766","3766","0","2935","1329","134"
"160","ALIGN_RAMP","38794","3","16.4794921875","4","4000","5000000","19200","3767","3767","0","2935","1329","44"
"161","ALIGN_RAMP","38788","-3","-16.4794921875","-6","-6000","-10000000","19320","3768","3768","0","2935","1329","2109"
"162","ALIGN_RAMP","38790","-1","-5.4931640625","2","2000","8000000","19440","3769","3769","0","2935","1329","2019"
"163","ALIGN_RAMP","38793","2","10.986328125","3","3000","1000000","19560","3770","3770","0","2935","1329","1929"
"164","ALIGN_RAMP","38792","1","5.4931640625","-1","-1000","-4000000","19680","3771","3771","0","2935","1329","1839"
"165","ALIGN_RAMP","38793","2","10.986328125","1","1000","2000000","19800","3772","3772","0","2935","1329","1749"
"166","ALIGN_RAMP","38793","2","10.986328125","0","0","-1000000","19920","3773","3773","0","2935","1329","1659"
"167","ALIGN_RAMP","38795","4","21.97265625","2","2000","2000000","20040","3774","3774","0","2935","1329","1569"
"168","ALIGN_RAMP","38790","-1","-5.4931640625","-5","-5000","-7000000","20160","3775","3775","0","2935","1329","1479"
"169","ALIGN_RAMP","38791","0","0","1","1000","6000000","20280","3776","3776","0","2935","1329","1389"
"170","ALIGN_RAMP","38787","-4","-21.97265625","-4","-4000","-5000000","20400","3777","3777","0","2935","1329","1299"
"171","ALIGN_RAMP","38792","1","5.4931640625","5","5000","9000000","20520","3778","3778","0","2935","1329","1209"
"172","ALIGN_RAMP","38793","2","10.986328125","1","1000","-4000000","20640","3779","3779","0","2935","1329","1119"
"173","ALIGN_RAMP","38794","3","16.4794921875","1","1000","0","20760","3780","3780","0","2935","1329","1029"
"174","ALIGN_RAMP","38794","3","16.4794921875","0","0","-1000000","20880","3781","3781","0","2935","1329","939"
"175","ALIGN_RAMP","38793","2","10.986328125","-1","-1000","-1000000","21000","3782","3782","0","2935","1329","849"
"176","ALIGN_RAMP","38791","0","0","-2","-2000","-1000000","21120","3783","3783","0","2935","1329","759"
"177","ALIGN_RAMP","38793","2","10.986328125","2","2000","4000000","21240","3784","3784","0","2935","1329","669"
"178","ALIGN_RAMP","38791","0","0","-2","-2000","-4000000","21360","3785","3785","0","2935","1329","579"
"179","ALIGN_RAMP","38793","2","10.986328125","2","2000","4000000","21480","3786","3786","0","2935","1329","489"
"180","ALIGN_RAMP","38794","3","16.4794921875","1","1000","-1000000","21600","3787","3787","0","2935","1329","399"
"181","ALIGN_RAMP","38791","0","0","-3","-3000","-4000000","21720","3788","3788","0","2935","1329","309"
"182","ALIGN_RAMP","38793","2","10.986328125","2","2000","5000000","21840","3789","3789","0","2935","1329","219"
"183","ALIGN_RAMP","38793","2","10.986328125","0","0","-2000000","21960","3790","3790","0","2935","1329","129"
"184","ALIGN_RAMP","38794","3","16.4794921875","1","1000","1000000","22080","3791","3791","0","2935","1329","39"
"185","ALIGN_RAMP","38795","4","21.97265625","1","1000","0","22200","3792","3792","0","2935","1329","2104"
"186","ALIGN_RAMP","38792","1","5.4931640625","-3","-3000","-4000000","22320","3793","3793","0","2935","1329","2014"
"187","ALIGN_RAMP","38793","2","10.986328125","1","1000","4000000","22440","3794","3794","0","2935","1329","1924"
"188","ALIGN_RAMP","38791","0","0","-2","-2000","-3000000","22560","3795","3795","0","2935","1329","1834"
"189","ALIGN_RAMP","38793","2","10.986328125","2","2000","4000000","22680","3796","3796","0","2935","1329","1744"
"190","ALIGN_RAMP","38791","0","0","-2","-2000","-4000000","22800","3797","3797","0","2935","1329","1654"
"191","ALIGN_RAMP","38792","1","5.4931640625","1","1000","3000000","22920","3798","3798","0","2935","1329","1564"
"192","ALIGN_RAMP","38794","3","16.4794921875","2","2000","1000000","23040","3799","3799","0","2935","1329","1474"
"193","ALIGN_RAMP","38791","0","0","-3","-3000","-5000000","23160","3800","3800","0","2935","1329","1384"
"194","ALIGN_RAMP","38793","2","10.986328125","2","2000","5000000","23280","3801","3801","0","2935","1329","1294"
"195","ALIGN_RAMP","38791","0","0","-2","-2000","-4000000","23400","3802","3802","0","2935","1329","1204"
"196","ALIGN_RAMP","38792","1","5.4931640625","1","1000","3000000","23520","3803","3803","0","2935","1329","1114"
"197","ALIGN_RAMP","38793","2","10.986328125","1","1000","0","23640","3804","3804","0","2935","1329","1024"
"198","ALIGN_RAMP","38793","2","10.986328125","0","0","-1000000","23760","3805","3805","0","2935","1329","934"
"199","ALIGN_RAMP","38791","0","0","-2","-2000","-2000000","23880","3806","3806","0","2935","1329","844"
"200","ALIGN_RAMP","38792","1","5.4931640625","1","1000","3000000","24000","3807","3807","0","2935","1329","820"
"201","ALIGN_RAMP","38792","1","5.4931640625","0","0","-1000000","24120","3808","3808","0","2935","1329","664"
"202","ALIGN_RAMP","38793","2","10.986328125","1","1000","1000000","24240","3809","3809","0","2935","1329","574"
"203","ALIGN_RAMP","38792","1","5.4931640625","-1","-1000","-2000000","24360","3810","3810","0","2935","1329","484"
"204","ALIGN_RAMP","38794","3","16.4794921875","2","2000","3000000","24480","3811","3811","0","2935","1329","394"
"205","ALIGN_RAMP","38790","-1","-5.4931640625","-4","-4000","-6000000","24600","3812","3812","0","2935","1329","304"
"206","ALIGN_RAMP","38792","1","5.4931640625","2","2000","6000000","24720","3813","3813","0","2935","1329","214"
"207","ALIGN_RAMP","38791","0","0","-1","-1000","-3000000","24840","3814","3814","0","2935","1329","124"
"208","ALIGN_RAMP","38795","4","21.97265625","4","4000","5000000","24960","3815","3815","0","2935","1329","34"
"209","ALIGN_RAMP","38791","0","0","-4","-4000","-8000000","25080","3816","3816","0","2935","1329","2099"
"210","ALIGN_RAMP","38793","2","10.986328125","2","2000","6000000","25200","3817","3817","0","2935","1329","2009"
"211","ALIGN_RAMP","38791","0","0","-2","-2000","-4000000","25320","3818","3818","0","2935","1329","1919"
"212","ALIGN_RAMP","38793","2","10.986328125","2","2000","4000000","25440","3819","3819","0","2935","1329","1829"
"213","ALIGN_RAMP","38792","1","5.4931640625","-1","-1000","-3000000","25560","3820","3820","0","2935","1329","1739"
"214","ALIGN_RAMP","38795","4","21.97265625","3","3000","4000000","25680","3821","3821","0","2935","1329","1649"
"215","ALIGN_RAMP","38791","0","0","-4","-4000","-7000000","25800","3822","3822","0","2935","1329","1559"
"216","ALIGN_RAMP","38794","3","16.4794921875","3","3000","7000000","25920","3823","3823","0","2935","1329","1469"
"217","ALIGN_RAMP","38794","3","16.4794921875","0","0","-3000000","26040","3824","3824","0","2935","1329","1379"
"218","ALIGN_RAMP","38797","6","32.958984375","3","3000","3000000","26160","3825","3825","0","2935","1329","1289"
"219","ALIGN_RAMP","38794","3","16.4794921875","-3","-3000","-6000000","26280","3826","3826","0","2935","1329","1199"
"220","ALIGN_RAMP","38795","4","21.97265625","1","1000","4000000","26400","3827","3827","0","2935","1329","1109"
"221","ALIGN_RAMP","38791","0","0","-4","-4000","-5000000","26520","3828","3828","0","2935","1329","1019"
"222","ALIGN_RAMP","38792","1","5.4931640625","1","1000","5000000","26640","3829","3829","0","2935","1329","929"
"223","ALIGN_RAMP","38794","3","16.4794921875","2","2000","1000000","26760","3830","3830","0","2935","1329","839"
"224","ALIGN_RAMP","38793","2","10.986328125","-1","-1000","-3000000","26880","3831","3831","0","2935","1329","749"
"225","ALIGN_RAMP","38791","0","0","-2","-2000","-1000000","27000","3832","3832","0","2935","1329","659"
"226","ALIGN_RAMP","38791","0","0","0","0","2000000","27120","3833","3833","0","2935","1329","569"
"227","ALIGN_RAMP","38793","2","10.986328125","2","2000","2000000","27240","3834","3834","0","2935","1329","479"
"228","ALIGN_RAMP","38789","-2","-10.986328125","-4","-4000","-6000000","27360","3835","3835","0","2935","1329","389"
"229","ALIGN_RAMP","38792","1","5.4931640625","3","3000","7000000","27480","3836","3836","0","2935","1329","299"
"230","ALIGN_RAMP","38796","5","27.4658203125","4","4000","1000000","27600","3837","3837","0","2935","1329","209"
"231","ALIGN_RAMP","38793","2","10.986328125","-3","-3000","-7000000","27720","3838","3838","0","2935","1329","119"
"232","ALIGN_RAMP","38792","1","5.4931640625","-1","-1000","2000000","27840","3839","3839","0","2935","1329","29"
"233","ALIGN_RAMP","38793","2","10.986328125","1","1000","2000000","27960","3840","3840","0","2935","1329","2094"
"234","ALIGN_RAMP","38791","0","0","-2","-2000","-3000000","28080","3841","3841","0","2935","1329","2004"
"235","ALIGN_RAMP","38797","6","32.958984375","6","6000","8000000","28200","3842","3842","0","2935","1329","1914"
"236","ALIGN_RAMP","38795","4","21.97265625","-2","-2000","-8000000","28320","3843","3843","0","2935","1329","1824"
"237","ALIGN_RAMP","38796","5","27.4658203125","1","1000","3000000","28440","3844","3844","0","2935","1329","1734"
"238","ALIGN_RAMP","38793","2","10.986328125","-3","-3000","-4000000","28560","3845","3845","0","2935","1329","1644"
"239","ALIGN_RAMP","38794","3","16.4794921875","1","1000","4000000","28680","3846","3846","0","2935","1329","1554"
"240","ALIGN_RAMP","38795","4","21.97265625","1","1000","0","28800","3847","3847","0","2935","1329","1464"
"241","ALIGN_RAMP","38791","0","0","-4","-4000","-5000000","28920","3848","3848","0","2935","1329","1374"
"242","ALIGN_RAMP","38794","3","16.4794921875","3","3000","7000000","29040","3849","3849","0","2935","1329","1284"
"243","ALIGN_RAMP","38791","0","0","-3","-3000","-6000000","29160","3850","3850","0","2935","1329","1194"
"244","ALIGN_RAMP","38792","1","5.4931640625","1","1000","4000000","29280","3851","3851","0","2935","1329","1104"
"245","ALIGN_RAMP","38794","3","16.4794921875","2","2000","1000000","29400","3852","3852","0","2935","1329","1014"
"246","ALIGN_RAMP","38793","2","10.986328125","-1","-1000","-3000000","29520","3853","3853","0","2935","1329","924"
"247","ALIGN_RAMP","38796","5","27.4658203125","3","3000","4000000","29640","3854","3854","0","2935","1329","834"
"248","ALIGN_RAMP","38793","2","10.986328125","-3","-3000","-6000000","29760","3855","3855","0","2935","1329","744"
"249","ALIGN_RAMP","38795","4","21.97265625","2","2000","5000000","29880","3856","3856","0","2935","1329","654"
"250","ALIGN_RAMP","38793","2","10.986328125","-2","-2000","-4000000","30000","3857","3857","0","2935","1329","564"
"251","ALIGN_RAMP","38798","7","38.4521484375","5","5000","7000000","30120","3858","3858","0","2935","1329","474"
"252","ALIGN_RAMP","38794","3","16.4794921875","-4","-4000","-9000000","30240","3859","3859","0","2935","1329","384"
"253","ALIGN_RAMP","38797","6","32.958984375","3","3000","7000000","30360","3860","3860","0","2935","1329","294"
"254","ALIGN_RAMP","38794","3","16.4794921875","-3","-3000","-6000000","30480","3861","3861","0","2935","1329","204"
"255","ALIGN_RAMP","38794","3","16.4794921875","0","0","3000000","30600","3862","3862","0","2935","1329","114"
"256","ALIGN_RAMP","38793","2","10.986328125","-1","-1000","-1000000","30720","3863","3863","0","2935","1329","24"
"257","ALIGN_RAMP","38793","2","10.986328125","0","0","1000000","30840","3864","3864","0","2935","1329","2089"
"258","ALIGN_RAMP","38793","2","10.986328125","0","0","0","30960","3865","3865","0","2935","1329","1999"
"259","ALIGN_RAMP","38795","4","21.97265625","2","2000","2000000","31080","3866","3866","0","2935","1329","1909"
"260","ALIGN_RAMP","38795","4","21.97265625","0","0","-2000000","31200","3867","3867","0","2935","1329","1819"
"261","ALIGN_RAMP","38798","7","38.4521484375","3","3000","3000000","31320","3868","3868","0","2935","1329","1729"
"262","ALIGN_RAMP","38794","3","16.4794921875","-4","-4000","-7000000","31440","3869","3869","0","2935","1329","1639"
"263","ALIGN_RAMP","38794","3","16.4794921875","0","0","4000000","31560","3870","3870","0","2935","1329","1549"
"264","ALIGN_RAMP","38796","5","27.4658203125","2","2000","2000000","31680","3871","3871","0","2935","1329","1459"
"265","ALIGN_RAMP","38794","3","16.4794921875","-2","-2000","-4000000","31800","3872","3872","0","2935","1329","1369"
"266","ALIGN_RAMP","38793","2","10.986328125","-1","-1000","1000000","31920","3873","3873","0","2935","1329","1279"
"267","ALIGN_RAMP","38792","1","5.4931640625","-1","-1000","0","32040","3874","3874","0","2935","1329","1189"
"268","ALIGN_RAMP","38795","4","21.97265625","3","3000","4000000","32160","3875","3875","0","2935","1329","1099"
"269","ALIGN_RAMP","38796","5","27.4658203125","1","1000","-2000000","32280","3876","3876","0","2935","1329","1009"
"270","ALIGN_RAMP","38794","3","16.4794921875","-2","-2000","-3000000","32400","3877","3877","0","2935","1329","919"
"271","ALIGN_RAMP","38797","6","32.958984375","3","3000","5000000","32520","3878","3878","0","2935","1329","829"
"272","ALIGN_RAMP","38795","4","21.97265625","-2","-2000","-5000000","32640","3879","3879","0","2935","1329","739"
"273","ALIGN_RAMP","38799","8","43.9453125","4","4000","6000000","32760","3880","3880","0","2935","1329","649"
"274","ALIGN_RAMP","38797","6","32.958984375","-2","-2000","-6000000","32880","3881","3881","0","2935","1329","559"
"275","ALIGN_RAMP","38798","7","38.4521484375","1","1000","3000000","33000","3882","3882","0","2935","1329","469"
"276","ALIGN_RAMP","38795","4","21.97265625","-3","-3000","-4000000","33120","3883","3883","0","2935","1329","379"
"277","ALIGN_RAMP","38795","4","21.97265625","0","0","3000000","33240","3884","3884","0","2935","1329","289"
"278","ALIGN_RAMP","38796","5","27.4658203125","1","1000","1000000","33360","3885","3885","0","2935","1329","199"
"279","ALIGN_RAMP","38792","1","5.4931640625","-4","-4000","-5000000","33480","3886","3886","0","2935","1329","109"
"280","ALIGN_RAMP","38799","8","43.9453125","7","7000","11000000","33600","3887","3887","0","2935","1329","19"
"281","ALIGN_RAMP","38795","4","21.97265625","-4","-4000","-11000000","33720","3888","3888","0","2935","1329","2084"
"282","ALIGN_RAMP","38798","7","38.4521484375","3","3000","7000000","33840","3889","3889","0","2935","1329","1994"
"283","ALIGN_RAMP","38797","6","32.958984375","-1","-1000","-4000000","33960","3890","3890","0","2935","1329","1904"
"284","ALIGN_RAMP","38796","5","27.4658203125","-1","-1000","0","34080","3891","3891","0","2935","1329","1814"
"285","ALIGN_RAMP","38795","4","21.97265625","-1","-1000","0","34200","3892","3892","0","2935","1329","1724"
"286","ALIGN_RAMP","38799","8","43.9453125","4","4000","5000000","34320","3893","3893","0","2935","1329","1634"
"287","ALIGN_RAMP","38794","3","16.4794921875","-5","-5000","-9000000","34440","3894","3894","0","2935","1329","1544"
"288","ALIGN_RAMP","38797","6","32.958984375","3","3000","8000000","34560","3895","3895","0","2935","1329","1454"
"289","ALIGN_RAMP","38800","9","49.4384765625","3","3000","0","34680","3896","3896","0","2935","1329","1364"
"290","ALIGN_RAMP","38798","7","38.4521484375","-2","-2000","-5000000","34800","3897","3897","0","2935","1329","1274"
"291","ALIGN_RAMP","38793","2","10.986328125","-5","-5000","-3000000","34920","3898","3898","0","2935","1329","1184"
"292","ALIGN_RAMP","38797","6","32.958984375","4","4000","9000000","35040","3899","3899","0","2935","1329","1094"
"293","ALIGN_RAMP","38799","8","43.9453125","2","2000","-2000000","35160","3900","3900","0","2935","1329","1004"
"294","ALIGN_RAMP","38801","10","54.931640625","2","2000","0","35280","3901","3901","0","2935","1329","914"
"295","ALIGN_RAMP","38797","6","32.958984375","-4","-4000","-6000000","35400","3902","3902","0","2935","1329","824"
"296","ALIGN_RAMP","38795","4","21.97265625","-2","-2000","2000000","35520","3903","3903","0","2935","1329","734"
"297","ALIGN_RAMP","38798","7","38.4521484375","3","3000","5000000","35640","3904","3904","0","2935","1329","644"
"298","ALIGN_RAMP","38798","7","38.4521484375","0","0","-3000000","35760","3905","3905","0","2935","1329","554"
"299","ALIGN_RAMP","38795","4","21.97265625","-3","-3000","-3000000","35880","3906","3906","0","2935","1329","464"
"300","ALIGN_RAMP","38798","7","38.4521484375","3","3000","6000000","36000","3907","3907","0","2935","1329","374"
"301","ALIGN_RAMP","38798","7","38.4521484375","0","0","-3000000","36120","3908","3908","0","2935","1329","284"
"302","ALIGN_RAMP","38800","9","49.4384765625","2","2000","2000000","36240","3909","3909","0","2935","1329","194"
"303","ALIGN_RAMP","38798","7","38.4521484375","-2","-2000","-4000000","36360","3910","3910","0","2935","1329","104"
"304","ALIGN_RAMP","38802","11","60.4248046875","4","4000","6000000","36480","3911","3911","0","2935","1329","14"
"305","ALIGN_RAMP","38799","8","43.9453125","-3","-3000","-7000000","36600","3912","3912","0","2935","1329","2079"
"306","ALIGN_RAMP","38798","7","38.4521484375","-1","-1000","2000000","36720","3913","3913","0","2935","1329","1989"
"307","ALIGN_RAMP","38797","6","32.958984375","-1","-1000","0","36840","3914","3914","0","2935","1329","1899"
"308","ALIGN_RAMP","38800","9","49.4384765625","3","3000","4000000","36960","3915","3915","0","2935","1329","1809"
"309","ALIGN_RAMP","38799","8","43.9453125","-1","-1000","-4000000","37080","3916","3916","0","2935","1329","1719"
"310","ALIGN_RAMP","38801","10","54.931640625","2","2000","3000000","37200","3917","3917","0","2935","1329","1629"
"311","ALIGN_RAMP","38798","7","38.4521484375","-3","-3000","-5000000","37320","3918","3918","0","2935","1329","1539"
"312","ALIGN_RAMP","38800","9","49.4384765625","2","2000","5000000","37440","3919","3919","0","2935","1329","1449"
"313","ALIGN_RAMP","38801","10","54.931640625","1","1000","-1000000","37560","3920","3920","0","2935","1329","1359"
"314","ALIGN_RAMP","38797","6","32.958984375","-4","-4000","-5000000","37680","3921","3921","0","2935","1329","1269"
"315","ALIGN_RAMP","38800","9","49.4384765625","3","3000","7000000","37800","3922","3922","0","2935","1329","1179"
"316","ALIGN_RAMP","38799","8","43.9453125","-1","-1000","-4000000","37920","3923","3923","0","2935","1329","1089"
"317","ALIGN_RAMP","38799","8","43.9453125","0","0","1000000","38040","3924","3924","0","2935","1329","999"
"318","ALIGN_RAMP","38802","11","60.4248046875","3","3000","3000000","38160","3925","3925","0","2935","1329","909"
"319","ALIGN_RAMP","38802","11","60.4248046875","0","0","-3000000","38280","3926","3926","0","2935","1329","819"
"320","ALIGN_RAMP","38800","9","49.4384765625","-2","-2000","-2000000","38400","3927","3927","0","2935","1329","729"
"321","ALIGN_RAMP","38800","9","49.4384765625","0","0","2000000","38520","3928","3928","0","2935","1329","639"
"322","ALIGN_RAMP","38801","10","54.931640625","1","1000","1000000","38640","3929","3929","0","2935","1329","549"
"323","ALIGN_RAMP","38802","11","60.4248046875","1","1000","0","38760","3930","3930","0","2935","1329","459"
"324","ALIGN_RAMP","38799","8","43.9453125","-3","-3000","-4000000","38880","3931","3931","0","2935","1329","369"
"325","ALIGN_RAMP","38805","14","76.904296875","6","6000","9000000","39000","3932","3932","0","2935","1329","279"
"326","ALIGN_RAMP","38803","12","65.91796875","-2","-2000","-8000000","39120","3933","3933","0","2935","1329","189"
"327","ALIGN_RAMP","38802","11","60.4248046875","-1","-1000","1000000","39240","3934","3934","0","2935","1329","99"
"328","ALIGN_RAMP","38800","9","49.4384765625","-2","-2000","-1000000","39360","3935","3935","0","2935","1329","9"
"329","ALIGN_RAMP","38801","10","54.931640625","1","1000","3000000","39480","3936","3936","0","2935","1329","2074"
"330","ALIGN_RAMP","38801","10","54.931640625","0","0","-1000000","39600","3937","3937","0","2935","1329","1984"
"331","ALIGN_RAMP","38804","13","71.4111328125","3","3000","3000000","39720","3938","3938","0","2935","1329","1894"
"332","ALIGN_RAMP","38803","12","65.91796875","-1","-1000","-4000000","39840","3939","3939","0","2935","1329","1804"
"333","ALIGN_RAMP","38805","14","76.904296875","2","2000","3000000","39960","3940","3940","0","2935","1329","1714"
"334","ALIGN_RAMP","38803","12","65.91796875","-2","-2000","-4000000","40080","3941","3941","0","2935","1329","1624"
"335","ALIGN_RAMP","38806","15","82.3974609375","3","3000","5000000","40200","3942","3942","0","2935","1329","1534"
"336","ALIGN_RAMP","38802","11","60.4248046875","-4","-4000","-7000000","40320","3943","3943","0","2935","1329","1444"
"337","ALIGN_RAMP","38801","10","54.931640625","-1","-1000","3000000","40440","3944","3944","0","2935","1329","1354"
"338","ALIGN_RAMP","38803","12","65.91796875","2","2000","3000000","40560","3945","3945","0","2935","1329","1264"
"339","ALIGN_RAMP","38803","12","65.91796875","0","0","-2000000","40680","3946","3946","0","2935","1329","1174"
"340","ALIGN_RAMP","38803","12","65.91796875","0","0","0","40800","3947","3947","0","2935","1329","1084"
"341","ALIGN_RAMP","38804","13","71.4111328125","1","1000","1000000","40920","3948","3948","0","2935","1329","994"
"342","ALIGN_RAMP","38804","13","71.4111328125","0","0","-1000000","41040","3949","3949","0","2935","1329","904"
"343","ALIGN_RAMP","38804","13","71.4111328125","0","0","0","41160","3950","3950","0","2935","1329","814"
"344","ALIGN_RAMP","38805","14","76.904296875","1","1000","1000000","41280","3951","3951","0","2935","1329","724"
"345","ALIGN_RAMP","38806","15","82.3974609375","1","1000","0","41400","3952","3952","0","2935","1329","634"
"346","ALIGN_RAMP","38804","13","71.4111328125","-2","-2000","-3000000","41520","3953","3953","0","2935","1329","544"
"347","ALIGN_RAMP","38806","15","82.3974609375","2","2000","4000000","41640","3954","3954","0","2935","1329","454"
"348","ALIGN_RAMP","38806","15","82.3974609375","0","0","-2000000","41760","3955","3955","0","2935","1329","364"
"349","ALIGN_RAMP","38806","15","82.3974609375","0","0","0","41880","3956","3956","0","2935","1329","274"
"350","ALIGN_RAMP","38801","10","54.931640625","-5","-5000","-5000000","42000","3957","3957","0","2935","1329","184"
"351","ALIGN_RAMP","38804","13","71.4111328125","3","3000","8000000","42120","3958","3958","0","2935","1329","94"
"352","ALIGN_RAMP","38808","17","93.3837890625","4","4000","1000000","42240","3959","3959","0","2935","1329","4"
"353","ALIGN_RAMP","38806","15","82.3974609375","-2","-2000","-6000000","42360","3960","3960","0","2935","1329","2069"
"354","ALIGN_RAMP","38806","15","82.3974609375","0","0","2000000","42480","3961","3961","0","2935","1329","1979"
"355","ALIGN_RAMP","38807","16","87.890625","1","1000","1000000","42600","3962","3962","0","2935","1329","1889"
"356","ALIGN_RAMP","38806","15","82.3974609375","-1","-1000","-2000000","42720","3963","3963","0","2935","1329","1799"
"357","ALIGN_RAMP","38806","15","82.3974609375","0","0","1000000","42840","3964","3964","0","2935","1329","1709"
"358","ALIGN_RAMP","38805","14","76.904296875","-1","-1000","-1000000","42960","3965","3965","0","2935","1329","1619"
"359","ALIGN_RAMP","38810","19","104.3701171875","5","5000","6000000","43080","3966","3966","0","2935","1329","1529"
"360","ALIGN_RAMP","38812","21","115.3564453125","2","2000","-3000000","43200","3967","3967","0","2935","1329","1439"
"361","ALIGN_RAMP","38808","17","93.3837890625","-4","-4000","-6000000","43320","3968","3968","0","2935","1329","1349"
"362","ALIGN_RAMP","38807","16","87.890625","-1","-1000","3000000","43440","3969","3969","0","2935","1329","1259"
"363","ALIGN_RAMP","38809","18","98.876953125","2","2000","3000000","43560","3970","3970","0","2935","1329","1169"
"364","ALIGN_RAMP","38812","21","115.3564453125","3","3000","1000000","43680","3971","3971","0","2935","1329","1079"
"365","ALIGN_RAMP","38808","17","93.3837890625","-4","-4000","-7000000","43800","3972","3972","0","2935","1329","989"
"366","ALIGN_RAMP","38808","17","93.3837890625","0","0","4000000","43920","3973","3973","0","2935","1329","899"
"367","ALIGN_RAMP","38809","18","98.876953125","1","1000","1000000","44040","3974","3974","0","2935","1329","809"
"368","ALIGN_RAMP","38813","22","120.849609375","4","4000","3000000","44160","3975","3975","0","2935","1329","719"
"369","ALIGN_RAMP","38807","16","87.890625","-6","-6000","-10000000","44280","3976","3976","0","2935","1329","629"
"370","ALIGN_RAMP","38812","21","115.3564453125","5","5000","11000000","44400","3977","3977","0","2935","1329","539"
"371","ALIGN_RAMP","38812","21","115.3564453125","0","0","-5000000","44520","3978","3978","0","2935","1329","449"
"372","ALIGN_RAMP","38807","16","87.890625","-5","-5000","-5000000","44640","3979","3979","0","2935","1329","359"
"373","ALIGN_RAMP","38808","17","93.3837890625","1","1000","6000000","44760","3980","3980","0","2935","1329","269"
"374","ALIGN_RAMP","38810","19","104.3701171875","2","2000","1000000","44880","3981","3981","0","2935","1329","179"
"375","ALIGN_RAMP","38811","20","109.86328125","1","1000","-1000000","45000","3982","3982","0","2935","1329","89"
"376","ALIGN_RAMP","38809","18","98.876953125","-2","-2000","-3000000","45120","3983","3983","0","2935","1329","2154"
"377","ALIGN_RAMP","38816","25","137.3291015625","7","7000","9000000","45240","3984","3984","0","2935","1329","2064"
"378","ALIGN_RAMP","38812","21","115.3564453125","-4","-4000","-11000000","45360","3985","3985","0","2935","1329","1974"
"379","ALIGN_RAMP","38814","23","126.3427734375","2","2000","6000000","45480","3986","3986","0","2935","1329","1884"
"380","ALIGN_RAMP","38811","20","109.86328125","-3","-3000","-5000000","45600","3987","3987","0","2935","1329","1794"
"381","ALIGN_RAMP","38808","17","93.3837890625","-3","-3000","0","45720","3988","3988","0","2935","1329","1704"
"382","ALIGN_RAMP","38812","21","115.3564453125","4","4000","7000000","45840","3989","3989","0","2935","1329","1614"
"383","ALIGN_RAMP","38812","21","115.3564453125","0","0","-4000000","45960","3990","3990","0","2935","1329","1524"
"384","ALIGN_RAMP","38813","22","120.849609375","1","1000","1000000","46080","3991","3991","0","2935","1329","1434"
"385","ALIGN_RAMP","38809","18","98.876953125","-4","-4000","-5000000","46200","3992","3992","0","2935","1329","1344"
"386","ALIGN_RAMP","38810","19","104.3701171875","1","1000","5000000","46320","3993","3993","0","2935","1329","1254"
"387","ALIGN_RAMP","38814","23","126.3427734375","4","4000","3000000","46440","3994","3994","0","2935","1329","1164"
"388","ALIGN_RAMP","38810","19","104.3701171875","-4","-4000","-8000000","46560","3995","3995","0","2935","1329","1074"
"389","ALIGN_RAMP","38813","22","120.849609375","3","3000","7000000","46680","3996","3996","0","2935","1329","984"
"390","ALIGN_RAMP","38813","22","120.849609375","0","0","-3000000","46800","3997","3997","0","2935","1329","894"
"391","ALIGN_RAMP","38814","23","126.3427734375","1","1000","1000000","46920","3998","3998","0","2935","1329","804"
"392","ALIGN_RAMP","38816","25","137.3291015625","2","2000","1000000","47040","3999","3999","0","2935","1329","714"
"393","ALIGN_RAMP","38813","22","120.849609375","-3","-3000","-5000000","47160","4000","4000","0","2935","1329","624"
"394","ALIGN_RAMP","38814","23","126.3427734375","1","1000","4000000","47280","4001","4001","0","2935","1329","534"
"395","ALIGN_RAMP","38813","22","120.849609375","-1","-1000","-2000000","47400","4002","4002","0","2935","1329","444"
"396","ALIGN_RAMP","38816","25","137.3291015625","3","3000","4000000","47520","4003","4003","0","2935","1329","354"
"397","ALIGN_RAMP","38817","26","142.822265625","1","1000","-2000000","47640","4004","4004","0","2935","1329","264"
"398","ALIGN_RAMP","38817","26","142.822265625","0","0","-1000000","47760","4005","4005","0","2935","1329","174"
"399","ALIGN_RAMP","38817","26","142.822265625","0","0","0","47880","4006","4006","0","2935","1329","84"
"400","ALIGN_RAMP","38818","27","148.3154296875","1","1000","1000000","48000","4007","4007","0","2935","1329","60"
"401","ALIGN_RAMP","38815","24","131.8359375","-3","-3000","-4000000","48120","4008","4008","0","2935","1329","2059"
"402","ALIGN_RAMP","38815","24","131.8359375","0","0","3000000","48240","4009","4009","0","2935","1329","1969"
"403","ALIGN_RAMP","38817","26","142.822265625","2","2000","2000000","48360","4010","4010","0","2935","1329","1879"
"404","ALIGN_RAMP","38816","25","137.3291015625","-1","-1000","-3000000","48480","4011","4011","0","2935","1329","1789"
"405","ALIGN_RAMP","38817","26","142.822265625","1","1000","2000000","48600","4012","4012","0","2935","1329","1699"
"406","ALIGN_RAMP","38816","25","137.3291015625","-1","-1000","-2000000","48720","4013","4013","0","2935","1329","1609"
"407","ALIGN_RAMP","38818","27","148.3154296875","2","2000","3000000","48840","4014","4014","0","2935","1329","1519"
"408","ALIGN_RAMP","38815","24","131.8359375","-3","-3000","-5000000","48960","4015","4015","0","2935","1329","1429"
"409","ALIGN_RAMP","38820","29","159.3017578125","5","5000","8000000","49080","4016","4016","0","2935","1329","1339"
"410","ALIGN_RAMP","38816","25","137.3291015625","-4","-4000","-9000000","49200","4017","4017","0","2935","1329","1249"
"411","ALIGN_RAMP","38816","25","137.3291015625","0","0","4000000","49320","4018","4018","0","2935","1329","1159"
"412","ALIGN_RAMP","38817","26","142.822265625","1","1000","1000000","49440","4019","4019","0","2935","1329","1069"
"413","ALIGN_RAMP","38818","27","148.3154296875","1","1000","0","49560","4020","4020","0","2935","1329","979"
"414","ALIGN_RAMP","38818","27","148.3154296875","0","0","-1000000","49680","4021","4021","0","2935","1329","889"
"415","ALIGN_RAMP","38815","24","131.8359375","-3","-3000","-3000000","49800","4022","4022","0","2935","1329","799"
"416","ALIGN_RAMP","38821","30","164.794921875","6","6000","9000000","49920","4023","4023","0","2935","1329","709"
"417","ALIGN_RAMP","38821","30","164.794921875","0","0","-6000000","50040","4024","4024","0","2935","1329","619"
"418","ALIGN_RAMP","38819","28","153.80859375","-2","-2000","-2000000","50160","4025","4025","0","2935","1329","529"
"419","ALIGN_RAMP","38817","26","142.822265625","-2","-2000","0","50280","4026","4026","0","2935","1329","439"
"420","ALIGN_RAMP","38819","28","153.80859375","2","2000","4000000","50400","4027","4027","0","2935","1329","349"
"421","ALIGN_RAMP","38822","31","170.2880859375","3","3000","1000000","50520","4028","4028","0","2935","1329","259"
"422","ALIGN_RAMP","38819","28","153.80859375","-3","-3000","-6000000","50640","4029","4029","0","2935","1329","169"
"423","ALIGN_RAMP","38819","28","153.80859375","0","0","3000000","50760","4030","4030","0","2935","1329","79"
"424","ALIGN_RAMP","38818","27","148.3154296875","-1","-1000","-1000000","50880","4031","4031","0","2935","1329","2144"
"425","ALIGN_RAMP","38818","27","148.3154296875","0","0","1000000","51000","4032","4032","0","2935","1329","2054"
"426","ALIGN_RAMP","38817","26","142.822265625","-1","-1000","-1000000","51120","4033","4033","0","2935","1329","1964"
"427","ALIGN_RAMP","38820","29","159.3017578125","3","3000","4000000","51240","4034","4034","0","2935","1329","1874"
"428","ALIGN_RAMP","38821","30","164.794921875","1","1000","-2000000","51360","4035","4035","0","2935","1329","1784"
"429","ALIGN_RAMP","38819","28","153.80859375","-2","-2000","-3000000","51480","4036","4036","0","2935","1329","1694"
"430","ALIGN_RAMP","38822","31","170.2880859375","3","3000","5000000","51600","4037","4037","0","2935","1329","1604"
"431","ALIGN_RAMP","38820","29","159.3017578125","-2","-2000","-5000000","51720","4038","4038","0","2935","1329","1514"
"432","ALIGN_RAMP","38822","31","170.2880859375","2","2000","4000000","51840","4039","4039","0","2935","1329","1424"
"433","ALIGN_RAMP","38819","28","153.80859375","-3","-3000","-5000000","51960","4040","4040","0","2935","1329","1334"
"434","ALIGN_RAMP","38821","30","164.794921875","2","2000","5000000","52080","4041","4041","0","2935","1329","1244"
"435","ALIGN_RAMP","38823","32","175.78125","2","2000","0","52200","4042","4042","0","2935","1329","1154"
"436","ALIGN_RAMP","38820","29","159.3017578125","-3","-3000","-5000000","52320","4043","4043","0","2935","1329","1064"
"437","ALIGN_RAMP","38823","32","175.78125","3","3000","6000000","52440","4044","4044","0","2935","1329","974"
"438","ALIGN_RAMP","38826","35","192.2607421875","3","3000","0","52560","4045","4045","0","2935","1329","884"
"439","ALIGN_RAMP","38822","31","170.2880859375","-4","-4000","-7000000","52680","4046","4046","0","2935","1329","794"
"440","ALIGN_RAMP","38823","32","175.78125","1","1000","5000000","52800","4047","4047","0","2935","1329","704"
"441","ALIGN_RAMP","38821","30","164.794921875","-2","-2000","-3000000","52920","4048","4048","0","2935","1329","614"
"442","ALIGN_RAMP","38822","31","170.2880859375","1","1000","3000000","53040","4049","4049","0","2935","1329","524"
"443","ALIGN_RAMP","38824","33","181.2744140625","2","2000","1000000","53160","4050","4050","0","2935","1329","434"
"444","ALIGN_RAMP","38824","33","181.2744140625","0","0","-2000000","53280","4051","4051","0","2935","1329","344"
"445","ALIGN_RAMP","38821","30","164.794921875","-3","-3000","-3000000","53400","4052","4052","0","2935","1329","254"
"446","ALIGN_RAMP","38822","31","170.2880859375","1","1000","4000000","53520","4053","4053","0","2935","1329","164"
"447","ALIGN_RAMP","38821","30","164.794921875","-1","-1000","-2000000","53640","4054","4054","0","2935","1329","74"
"448","ALIGN_RAMP","38826","35","192.2607421875","5","5000","6000000","53760","4055","4055","0","2935","1329","2139"
"449","ALIGN_RAMP","38823","32","175.78125","-3","-3000","-8000000","53880","4056","4056","0","2935","1329","2049"
"450","ALIGN_RAMP","38827","36","197.75390625","4","4000","7000000","54000","4057","4057","0","2935","1329","1959"
"451","ALIGN_RAMP","38825","34","186.767578125","-2","-2000","-6000000","54120","4058","4058","0","2935","1329","1869"
"452","ALIGN_RAMP","38825","34","186.767578125","0","0","2000000","54240","4059","4059","0","2935","1329","1779"
"453","ALIGN_RAMP","38825","34","186.767578125","0","0","0","54360","4060","4060","0","2935","1329","1689"
"454","ALIGN_RAMP","38824","33","181.2744140625","-1","-1000","-1000000","54480","4061","4061","0","2935","1329","1599"
"455","ALIGN_RAMP","38824","33","181.2744140625","0","0","1000000","54600","4062","4062","0","2935","1329","1509"
"456","ALIGN_RAMP","38824","33","181.2744140625","0","0","0","54720","4063","4063","0","2935","1329","1419"
"457","ALIGN_RAMP","38825","34","186.767578125","1","1000","1000000","54840","4064","4064","0","2935","1329","1329"
"458","ALIGN_RAMP","38827","36","197.75390625","2","2000","1000000","54960","4065","4065","0","2935","1329","1239"
"459","ALIGN_RAMP","38826","35","192.2607421875","-1","-1000","-3000000","55080","4066","4066","0","2935","1329","1149"
"460","ALIGN_RAMP","38826","35","192.2607421875","0","0","1000000","55200","4067","4067","0","2935","1329","1059"
"461","ALIGN_RAMP","38825","34","186.767578125","-1","-1000","-1000000","55320","4068","4068","0","2935","1329","969"
"462","ALIGN_RAMP","38827","36","197.75390625","2","2000","3000000","55440","4069","4069","0","2935","1329","879"
"463","ALIGN_RAMP","38830","39","214.2333984375","3","3000","1000000","55560","4070","4070","0","2935","1329","789"
"464","ALIGN_RAMP","38827","36","197.75390625","-3","-3000","-6000000","55680","4071","4071","0","2935","1329","699"
"465","ALIGN_RAMP","38830","39","214.2333984375","3","3000","6000000","55800","4072","4072","0","2935","1329","609"
"466","ALIGN_RAMP","38830","39","214.2333984375","0","0","-3000000","55920","4073","4073","0","2935","1329","519"
"467","ALIGN_RAMP","38830","39","214.2333984375","0","0","0","56040","4074","4074","0","2935","1329","429"
"468","ALIGN_RAMP","38830","39","214.2333984375","0","0","0","56160","4075","4075","0","2935","1329","339"
"469","ALIGN_RAMP","38829","38","208.740234375","-1","-1000","-1000000","56280","4076","4076","0","2935","1329","249"
"470","ALIGN_RAMP","38830","39","214.2333984375","1","1000","2000000","56400","4077","4077","0","2935","1329","159"
"471","ALIGN_RAMP","38830","39","214.2333984375","0","0","-1000000","56520","4078","4078","0","2935","1329","69"
"472","ALIGN_RAMP","38832","41","225.2197265625","2","2000","2000000","56640","4079","4079","0","2935","1329","2134"
"473","ALIGN_RAMP","38831","40","219.7265625","-1","-1000","-3000000","56760","4080","4080","0","2935","1329","2044"
"474","ALIGN_RAMP","38827","36","197.75390625","-4","-4000","-3000000","56880","4081","4081","0","2935","1329","1954"
"475","ALIGN_RAMP","38831","40","219.7265625","4","4000","8000000","57000","4082","4082","0","2935","1329","1864"
"476","ALIGN_RAMP","38829","38","208.740234375","-2","-2000","-6000000","57120","4083","4083","0","2935","1329","1774"
"477","ALIGN_RAMP","38831","40","219.7265625","2","2000","4000000","57240","4084","4084","0","2935","1329","1684"
"478","ALIGN_RAMP","38831","40","219.7265625","0","0","-2000000","57360","4085","4085","0","2935","1329","1594"
"479","ALIGN_RAMP","38829","38","208.740234375","-2","-2000","-2000000","57480","4086","4086","0","2935","1329","1504"
"480","ALIGN_RAMP","38832","41","225.2197265625","3","3000","5000000","57600","4087","4087","0","2935","1329","1414"
"481","ALIGN_RAMP","38830","39","214.2333984375","-2","-2000","-5000000","57720","4088","4088","0","2935","1329","1324"
"482","ALIGN_RAMP","38831","40","219.7265625","1","1000","3000000","57840","4089","4089","0","2935","1329","1234"
"483","ALIGN_RAMP","38831","40","219.7265625","0","0","-1000000","57960","4090","4090","0","2935","1329","1144"
"484","ALIGN_RAMP","38834","43","236.2060546875","3","3000","3000000","58080","4091","4091","0","2935","1329","1054"
"485","ALIGN_RAMP","38832","41","225.2197265625","-2","-2000","-5000000","58200","4092","4092","0","2935","1329","964"
"486","ALIGN_RAMP","38832","41","225.2197265625","0","0","2000000","58320","4093","4093","0","2935","1329","874"
"487","ALIGN_RAMP","38829","38","208.740234375","-3","-3000","-3000000","58440","4094","4094","0","2935","1329","784"
"488","ALIGN_RAMP","38832","41","225.2197265625","3","3000","6000000","58560","4095","4095","0","2935","1329","694"
"489","ALIGN_RAMP","38833","42","230.712890625","1","1000","-2000000","58680","4096","4096","0","2935","1329","604"
"490","ALIGN_RAMP","38833","42","230.712890625","0","0","-1000000","58800","4097","4097","0","2935","1329","514"
"491","ALIGN_RAMP","38833","42","230.712890625","0","0","0","58920","4098","4098","0","2935","1329","424"
"492","ALIGN_RAMP","38832","41","225.2197265625","-1","-1000","-1000000","59040","4099","4099","0","2935","1329","334"
"493","ALIGN_RAMP","38833","42","230.712890625","1","1000","2000000","59160","4100","4100","0","2935","1329","244"
"494","ALIGN_RAMP","38832","41","225.2197265625","-1","-1000","-2000000","59280","4101","4101","0","2935","1329","154"
"495","ALIGN_RAMP","38834","43","236.2060546875","2","2000","3000000","59400","4102","4102","0","2935","1329","64"
"496","ALIGN_RAMP","38836","45","247.1923828125","2","2000","0","59520","4103","4103","0","2935","1329","2129"
"497","ALIGN_RAMP","38830","39","214.2333984375","-6","-6000","-8000000","59640","4104","4104","0","2935","1329","2039"
"498","ALIGN_RAMP","38835","44","241.69921875","5","5000","11000000","59760","4105","4105","0","2935","1329","1949"
"499","ALIGN_RAMP","38831","40","219.7265625","-4","-4000","-9000000","59880","4106","4106","0","2935","1329","1859"
"500","ALIGN_RAMP","38834","43","236.2060546875","3","3000","7000000","60000","4107","4107","0","2935","1329","1769"
"501","ALIGN_HOLD","38834","43","236.2060546875","0","0","-3000000","60000","4108","4108","0","2935","1329","1679"
"502","ALIGN_HOLD","38833","42","230.712890625","-1","-1000","-1000000","60000","4109","4109","0","2935","1329","1589"
"503","ALIGN_HOLD","38837","46","252.685546875","4","4000","5000000","60000","4110","4110","0","2935","1329","1499"
"504","ALIGN_HOLD","38832","41","225.2197265625","-5","-5000","-9000000","60000","4111","4111","0","2935","1329","1409"
"505","ALIGN_HOLD","38839","48","263.671875","7","7000","12000000","60000","4112","4112","0","2935","1329","1319"
"506","ALIGN_HOLD","38839","48","263.671875","0","0","-7000000","60000","4113","4113","0","2935","1329","1229"
"507","ALIGN_HOLD","38834","43","236.2060546875","-5","-5000","-5000000","60000","4114","4114","0","2935","1329","1139"
"508","ALIGN_HOLD","38832","41","225.2197265625","-2","-2000","3000000","60000","4115","4115","0","2935","1329","1049"
"509","ALIGN_HOLD","38835","44","241.69921875","3","3000","5000000","60000","4116","4116","0","2935","1329","959"
"510","ALIGN_HOLD","38834","43","236.2060546875","-1","-1000","-4000000","60000","4117","4117","0","2935","1329","869"
"511","ALIGN_HOLD","38838","47","258.1787109375","4","4000","5000000","60000","4118","4118","0","2935","1329","779"
"512","ALIGN_HOLD","38833","42","230.712890625","-5","-5000","-9000000","60000","4119","4119","0","2935","1329","689"
"513","ALIGN_HOLD","38833","42","230.712890625","0","0","5000000","60000","4120","4120","0","2935","1329","599"
"514","ALIGN_HOLD","38836","45","247.1923828125","3","3000","3000000","60000","4121","4121","0","2935","1329","509"
"515","ALIGN_HOLD","38833","42","230.712890625","-3","-3000","-6000000","60000","4122","4122","0","2935","1329","419"
"516","ALIGN_HOLD","38837","46","252.685546875","4","4000","7000000","60000","4123","4123","0","2935","1329","329"
"517","ALIGN_HOLD","38837","46","252.685546875","0","0","-4000000","60000","4124","4124","0","2935","1329","239"
"518","ALIGN_HOLD","38834","43","236.2060546875","-3","-3000","-3000000","60000","4125","4125","0","2935","1329","149"
"519","ALIGN_HOLD","38832","41","225.2197265625","-2","-2000","1000000","60000","4126","4126","0","2935","1329","59"
"520","ALIGN_HOLD","38834","43","236.2060546875","2","2000","4000000","60000","4127","4127","0","2935","1329","2124"
"521","ALIGN_HOLD","38838","47","258.1787109375","4","4000","2000000","60000","4128","4128","0","2935","1329","2034"
"522","ALIGN_HOLD","38834","43","236.2060546875","-4","-4000","-8000000","60000","4129","4129","0","2935","1329","1944"
"523","ALIGN_HOLD","38836","45","247.1923828125","2","2000","6000000","60000","4130","4130","0","2935","1329","1854"
"524","ALIGN_HOLD","38835","44","241.69921875","-1","-1000","-3000000","60000","4131","4131","0","2935","1329","1764"
"525","ALIGN_HOLD","38834","43","236.2060546875","-1","-1000","0","60000","4132","4132","0","2935","1329","1674"
"526","ALIGN_HOLD","38837","46","252.685546875","3","3000","4000000","60000","4133","4133","0","2935","1329","1584"
"527","ALIGN_HOLD","38838","47","258.1787109375","1","1000","-2000000","60000","4134","4134","0","2935","1329","1494"
"528","ALIGN_HOLD","38838","47","258.1787109375","0","0","-1000000","60000","4135","4135","0","2935","1329","1404"
"529","ALIGN_HOLD","38835","44","241.69921875","-3","-3000","-3000000","60000","4136","4136","0","2935","1329","1314"
"530","ALIGN_HOLD","38836","45","247.1923828125","1","1000","4000000","60000","4137","4137","0","2935","1329","1224"
"531","ALIGN_HOLD","38839","48","263.671875","3","3000","2000000","60000","4138","4138","0","2935","1329","1134"
"532","ALIGN_HOLD","38832","41","225.2197265625","-7","-7000","-10000000","60000","4139","4139","0","2935","1329","1044"
"533","ALIGN_HOLD","38838","47","258.1787109375","6","6000","13000000","60000","4140","4140","0","2935","1329","954"
"534","ALIGN_HOLD","38834","43","236.2060546875","-4","-4000","-10000000","60000","4141","4141","0","2935","1329","864"
"535","ALIGN_HOLD","38835","44","241.69921875","1","1000","5000000","60000","4142","4142","0","2935","1329","774"
"536","ALIGN_HOLD","38839","48","263.671875","4","4000","3000000","60000","4143","4143","0","2935","1329","684"
"537","ALIGN_HOLD","38836","45","247.1923828125","-3","-3000","-7000000","60000","4144","4144","0","2935","1329","594"
"538","ALIGN_HOLD","38836","45","247.1923828125","0","0","3000000","60000","4145","4145","0","2935","1329","504"
"539","ALIGN_HOLD","38835","44","241.69921875","-1","-1000","-1000000","60000","4146","4146","0","2935","1329","414"
"540","ALIGN_HOLD","38837","46","252.685546875","2","2000","3000000","60000","4147","4147","0","2935","1329","324"
"541","ALIGN_HOLD","38836","45","247.1923828125","-1","-1000","-3000000","60000","4148","4148","0","2935","1329","234"
"542","ALIGN_HOLD","38834","43","236.2060546875","-2","-2000","-1000000","60000","4149","4149","0","2935","1329","144"
"543","ALIGN_HOLD","38836","45","247.1923828125","2","2000","4000000","60000","4150","4150","0","2935","1329","54"
"544","ALIGN_HOLD","38836","45","247.1923828125","0","0","-2000000","60000","4151","4151","0","2935","1329","2119"
"545","ALIGN_HOLD","38832","41","225.2197265625","-4","-4000","-4000000","60000","4152","4152","0","2935","1329","2029"
"546","ALIGN_HOLD","38839","48","263.671875","7","7000","11000000","60000","4153","4153","0","2935","1329","1939"
"547","ALIGN_HOLD","38837","46","252.685546875","-2","-2000","-9000000","60000","4154","4154","0","2935","1329","1849"
"548","ALIGN_HOLD","38837","46","252.685546875","0","0","2000000","60000","4155","4155","0","2935","1329","1759"
"549","ALIGN_HOLD","38835","44","241.69921875","-2","-2000","-2000000","60000","4156","4156","0","2935","1329","1669"
"550","ALIGN_HOLD","38837","46","252.685546875","2","2000","4000000","60000","4157","4157","0","2935","1329","1579"
"551","ALIGN_HOLD","38835","44","241.69921875","-2","-2000","-4000000","60000","4158","4158","0","2935","1329","1489"
"552","ALIGN_HOLD","38835","44","241.69921875","0","0","2000000","60000","4159","4159","0","2935","1329","1399"
"553","ALIGN_HOLD","38831","40","219.7265625","-4","-4000","-4000000","60000","4160","4160","0","2935","1329","1309"
"554","ALIGN_HOLD","38836","45","247.1923828125","5","5000","9000000","60000","4161","4161","0","2935","1329","1219"
"555","ALIGN_HOLD","38838","47","258.1787109375","2","2000","-3000000","60000","4162","4162","0","2935","1329","1129"
"556","ALIGN_HOLD","38835","44","241.69921875","-3","-3000","-5000000","60000","4163","4163","0","2935","1329","1039"
"557","ALIGN_HOLD","38840","49","269.1650390625","5","5000","8000000","60000","4164","4164","0","2935","1329","949"
"558","ALIGN_HOLD","38836","45","247.1923828125","-4","-4000","-9000000","60000","4165","4165","0","2935","1329","859"
"559","ALIGN_HOLD","38839","48","263.671875","3","3000","7000000","60000","4166","4166","0","2935","1329","769"
"560","ALIGN_HOLD","38839","48","263.671875","0","0","-3000000","60000","4167","4167","0","2935","1329","679"
"561","ALIGN_HOLD","38837","46","252.685546875","-2","-2000","-2000000","60000","4168","4168","0","2935","1329","589"
"562","ALIGN_HOLD","38837","46","252.685546875","0","0","2000000","60000","4169","4169","0","2935","1329","499"
"563","ALIGN_HOLD","38836","45","247.1923828125","-1","-1000","-1000000","60000","4170","4170","0","2935","1329","409"
"564","ALIGN_HOLD","38834","43","236.2060546875","-2","-2000","-1000000","60000","4171","4171","0","2935","1329","319"
"565","ALIGN_HOLD","38837","46","252.685546875","3","3000","5000000","60000","4172","4172","0","2935","1329","229"
"566","ALIGN_HOLD","38836","45","247.1923828125","-1","-1000","-4000000","60000","4173","4173","0","2935","1329","139"
"567","ALIGN_HOLD","38839","48","263.671875","3","3000","4000000","60000","4174","4174","0","2935","1329","49"
"568","ALIGN_HOLD","38836","45","247.1923828125","-3","-3000","-6000000","60000","4175","4175","0","2935","1329","2114"
"569","ALIGN_HOLD","38837","46","252.685546875","1","1000","4000000","60000","4176","4176","0","2935","1329","2024"
"570","ALIGN_HOLD","38837","46","252.685546875","0","0","-1000000","60000","4177","4177","0","2935","1329","1934"
"571","ALIGN_HOLD","38835","44","241.69921875","-2","-2000","-2000000","60000","4178","4178","0","2935","1329","1844"
"572","ALIGN_HOLD","38838","47","258.1787109375","3","3000","5000000","60000","4179","4179","0","2935","1329","1754"
"573","ALIGN_HOLD","38836","45","247.1923828125","-2","-2000","-5000000","60000","4180","4180","0","2935","1329","1664"
"574","ALIGN_HOLD","38839","48","263.671875","3","3000","5000000","60000","4181","4181","0","2935","1329","1574"
"575","ALIGN_HOLD","38838","47","258.1787109375","-1","-1000","-4000000","60000","4182","4182","0","2935","1329","1484"
"576","ALIGN_HOLD","38837","46","252.685546875","-1","-1000","0","60000","4183","4183","0","2935","1329","1394"
"577","ALIGN_HOLD","38840","49","269.1650390625","3","3000","4000000","60000","4184","4184","0","2935","1329","1304"
"578","ALIGN_HOLD","38835","44","241.69921875","-5","-5000","-8000000","60000","4185","4185","0","2935","1329","1214"
"579","ALIGN_HOLD","38842","51","280.1513671875","7","7000","12000000","60000","4186","4186","0","2935","1329","1124"
"580","ALIGN_HOLD","38838","47","258.1787109375","-4","-4000","-11000000","60000","4187","4187","0","2935","1329","1034"
"581","ALIGN_HOLD","38837","46","252.685546875","-1","-1000","3000000","60000","4188","4188","0","2935","1329","944"
"582","ALIGN_HOLD","38839","48","263.671875","2","2000","3000000","60000","4189","4189","0","2935","1329","854"
"583","ALIGN_HOLD","38840","49","269.1650390625","1","1000","-1000000","60000","4190","4190","0","2935","1329","764"
"584","ALIGN_HOLD","38835","44","241.69921875","-5","-5000","-6000000","60000","4191","4191","0","2935","1329","674"
"585","ALIGN_HOLD","38839","48","263.671875","4","4000","9000000","60000","4192","4192","0","2935","1329","584"
"586","ALIGN_HOLD","38836","45","247.1923828125","-3","-3000","-7000000","60000","4193","4193","0","2935","1329","494"
"587","ALIGN_HOLD","38839","48","263.671875","3","3000","6000000","60000","4194","4194","0","2935","1329","404"
"588","ALIGN_HOLD","38839","48","263.671875","0","0","-3000000","60000","4195","4195","0","2935","1329","314"
"589","ALIGN_HOLD","38837","46","252.685546875","-2","-2000","-2000000","60000","4196","4196","0","2935","1329","224"
"590","ALIGN_HOLD","38835","44","241.69921875","-2","-2000","0","60000","4197","4197","0","2935","1329","134"
"591","ALIGN_HOLD","38833","42","230.712890625","-2","-2000","0","60000","4198","4198","0","2935","1329","44"
"592","ALIGN_HOLD","38833","42","230.712890625","0","0","2000000","60000","4199","4199","0","2935","1329","2109"
"593","ALIGN_HOLD","38837","46","252.685546875","4","4000","4000000","60000","4200","4200","0","2935","1329","2019"
"594","ALIGN_HOLD","38835","44","241.69921875","-2","-2000","-6000000","60000","4201","4201","0","2935","1329","1929"
"595","ALIGN_HOLD","38835","44","241.69921875","0","0","2000000","60000","4202","4202","0","2935","1329","1839"
"596","ALIGN_HOLD","38836","45","247.1923828125","1","1000","1000000","60000","4203","4203","0","2935","1329","1749"
"597","ALIGN_HOLD","38838","47","258.1787109375","2","2000","1000000","60000","4204","4204","0","2935","1329","1659"
"598","ALIGN_HOLD","38839","48","263.671875","1","1000","-1000000","60000","4205","4205","0","2935","1329","1569"
"599","ALIGN_HOLD","38834","43","236.2060546875","-5","-5000","-6000000","60000","4206","4206","0","2935","1329","1479"
"600","ALIGN_HOLD","38838","47","258.1787109375","4","4000","9000000","60000","4207","4207","0","2935","1329","1455"
"601","ALIGN_HOLD","38837","46","252.685546875","-1","-1000","-5000000","60000","4208","4208","0","2935","1329","1299"
"602","ALIGN_HOLD","38833","42","230.712890625","-4","-4000","-3000000","60000","4209","4209","0","2935","1329","1209"
"603","ALIGN_HOLD","38839","48","263.671875","6","6000","10000000","60000","4210","4210","0","2935","1329","1119"
"604","ALIGN_HOLD","38835","44","241.69921875","-4","-4000","-10000000","60000","4211","4211","0","2935","1329","1029"
"605","ALIGN_HOLD","38839","48","263.671875","4","4000","8000000","60000","4212","4212","0","2935","1329","939"
"606","ALIGN_HOLD","38837","46","252.685546875","-2","-2000","-6000000","60000","4213","4213","0","2935","1329","849"
"607","ALIGN_HOLD","38839","48","263.671875","2","2000","4000000","60000","4214","4214","0","2935","1329","759"
"608","ALIGN_HOLD","38836","45","247.1923828125","-3","-3000","-5000000","60000","4215","4215","0","2935","1329","669"
"609","ALIGN_HOLD","38837","46","252.685546875","1","1000","4000000","60000","4216","4216","0","2935","1329","579"
"610","ALIGN_HOLD","38836","45","247.1923828125","-1","-1000","-2000000","60000","4217","4217","0","2935","1329","489"
"611","ALIGN_HOLD","38835","44","241.69921875","-1","-1000","0","60000","4218","4218","0","2935","1329","399"
"612","ALIGN_HOLD","38837","46","252.685546875","2","2000","3000000","60000","4219","4219","0","2935","1329","309"
"613","ALIGN_HOLD","38837","46","252.685546875","0","0","-2000000","60000","4220","4220","0","2935","1329","219"
"614","ALIGN_HOLD","38833","42","230.712890625","-4","-4000","-4000000","60000","4221","4221","0","2935","1329","129"
"615","ALIGN_HOLD","38838","47","258.1787109375","5","5000","9000000","60000","4222","4222","0","2935","1329","39"
"616","ALIGN_HOLD","38835","44","241.69921875","-3","-3000","-8000000","60000","4223","4223","0","2935","1329","2104"
"617","ALIGN_HOLD","38840","49","269.1650390625","5","5000","8000000","60000","4224","4224","0","2935","1329","2014"
"618","ALIGN_HOLD","38840","49","269.1650390625","0","0","-5000000","60000","4225","4225","0","2935","1329","1924"
"619","ALIGN_HOLD","38836","45","247.1923828125","-4","-4000","-4000000","60000","4226","4226","0","2935","1329","1834"
"620","ALIGN_HOLD","38839","48","263.671875","3","3000","7000000","60000","4227","4227","0","2935","1329","1744"
"621","ALIGN_HOLD","38837","46","252.685546875","-2","-2000","-5000000","60000","4228","4228","0","2935","1329","1654"
"622","ALIGN_HOLD","38836","45","247.1923828125","-1","-1000","1000000","60000","4229","4229","0","2935","1329","1564"
"623","ALIGN_HOLD","38839","48","263.671875","3","3000","4000000","60000","4230","4230","0","2935","1329","1474"
"624","ALIGN_HOLD","38834","43","236.2060546875","-5","-5000","-8000000","60000","4231","4231","0","2935","1329","1384"
"625","ALIGN_HOLD","38839","48","263.671875","5","5000","10000000","60000","4232","4232","0","2935","1329","1294"
"626","ALIGN_HOLD","38840","49","269.1650390625","1","1000","-4000000","60000","4233","4233","0","2935","1329","1204"
"627","ALIGN_HOLD","38835","44","241.69921875","-5","-5000","-6000000","60000","4234","4234","0","2935","1329","1114"
"628","ALIGN_HOLD","38836","45","247.1923828125","1","1000","6000000","60000","4235","4235","0","2935","1329","1024"
"629","ALIGN_HOLD","38836","45","247.1923828125","0","0","-1000000","60000","4236","4236","0","2935","1329","934"
"630","ALIGN_HOLD","38838","47","258.1787109375","2","2000","2000000","60000","4237","4237","0","2935","1329","844"
"631","ALIGN_HOLD","38839","48","263.671875","1","1000","-1000000","60000","4238","4238","0","2935","1329","754"
"632","ALIGN_HOLD","38839","48","263.671875","0","0","-1000000","60000","4239","4239","0","2935","1329","664"
"633","ALIGN_HOLD","38835","44","241.69921875","-4","-4000","-4000000","60000","4240","4240","0","2935","1329","574"
"634","ALIGN_HOLD","38837","46","252.685546875","2","2000","6000000","60000","4241","4241","0","2935","1329","484"
"635","ALIGN_HOLD","38835","44","241.69921875","-2","-2000","-4000000","60000","4242","4242","0","2935","1329","394"
"636","ALIGN_HOLD","38837","46","252.685546875","2","2000","4000000","60000","4243","4243","0","2935","1329","304"
"637","ALIGN_HOLD","38837","46","252.685546875","0","0","-2000000","60000","4244","4244","0","2935","1329","214"
"638","ALIGN_HOLD","38835","44","241.69921875","-2","-2000","-2000000","60000","4245","4245","0","2935","1329","124"
"639","ALIGN_HOLD","38838","47","258.1787109375","3","3000","5000000","60000","4246","4246","0","2935","1329","34"
"640","ALIGN_HOLD","38839","48","263.671875","1","1000","-2000000","60000","4247","4247","0","2935","1329","2099"
"641","ALIGN_HOLD","38840","49","269.1650390625","1","1000","0","60000","4248","4248","0","2935","1329","2009"
"642","ALIGN_HOLD","38837","46","252.685546875","-3","-3000","-4000000","60000","4249","4249","0","2935","1329","1919"
"643","ALIGN_HOLD","38837","46","252.685546875","0","0","3000000","60000","4250","4250","0","2935","1329","1829"
"644","ALIGN_HOLD","38836","45","247.1923828125","-1","-1000","-1000000","60000","4251","4251","0","2935","1329","1739"
"645","ALIGN_HOLD","38838","47","258.1787109375","2","2000","3000000","60000","4252","4252","0","2935","1329","1649"
"646","ALIGN_HOLD","38836","45","247.1923828125","-2","-2000","-4000000","60000","4253","4253","0","2935","1329","1559"
"647","ALIGN_HOLD","38835","44","241.69921875","-1","-1000","1000000","60000","4254","4254","0","2935","1329","1469"
"648","ALIGN_HOLD","38838","47","258.1787109375","3","3000","4000000","60000","4255","4255","0","2935","1329","1379"
"649","ALIGN_HOLD","38839","48","263.671875","1","1000","-2000000","60000","4256","4256","0","2935","1329","1289"
"650","ALIGN_HOLD","38837","46","252.685546875","-2","-2000","-3000000","60000","4257","4257","0","2935","1329","1199"
"651","ALIGN_HOLD","38837","46","252.685546875","0","0","2000000","60000","4258","4258","0","2935","1329","1109"
"652","ALIGN_HOLD","38837","46","252.685546875","0","0","0","60000","4259","4259","0","2935","1329","1019"
"653","ALIGN_HOLD","38835","44","241.69921875","-2","-2000","-2000000","60000","4260","4260","0","2935","1329","929"
"654","ALIGN_HOLD","38837","46","252.685546875","2","2000","4000000","60000","4261","4261","0","2935","1329","839"
"655","ALIGN_HOLD","38836","45","247.1923828125","-1","-1000","-3000000","60000","4262","4262","0","2935","1329","749"
"656","ALIGN_HOLD","38837","46","252.685546875","1","1000","2000000","60000","4263","4263","0","2935","1329","659"
"657","ALIGN_HOLD","38840","49","269.1650390625","3","3000","2000000","60000","4264","4264","0","2935","1329","569"
"658","ALIGN_HOLD","38836","45","247.1923828125","-4","-4000","-7000000","60000","4265","4265","0","2935","1329","479"
"659","ALIGN_HOLD","38836","45","247.1923828125","0","0","4000000","60000","4266","4266","0","2935","1329","389"
"660","ALIGN_HOLD","38840","49","269.1650390625","4","4000","4000000","60000","4267","4267","0","2935","1329","299"
"661","ALIGN_HOLD","38837","46","252.685546875","-3","-3000","-7000000","60000","4268","4268","0","2935","1329","209"
"662","ALIGN_HOLD","38839","48","263.671875","2","2000","5000000","60000","4269","4269","0","2935","1329","119"
"663","ALIGN_HOLD","38836","45","247.1923828125","-3","-3000","-5000000","60000","4270","4270","0","2935","1329","29"
"664","ALIGN_HOLD","38839","48","263.671875","3","3000","6000000","60000","4271","4271","0","2935","1329","2094"
"665","ALIGN_HOLD","38839","48","263.671875","0","0","-3000000","60000","4272","4272","0","2935","1329","2004"
"666","ALIGN_HOLD","38837","46","252.685546875","-2","-2000","-2000000","60000","4273","4273","0","2935","1329","1914"
"667","ALIGN_HOLD","38837","46","252.685546875","0","0","2000000","60000","4274","4274","0","2935","1329","1824"
"668","ALIGN_HOLD","38837","46","252.685546875","0","0","0","60000","4275","4275","0","2935","1329","1734"
"669","ALIGN_HOLD","38833","42","230.712890625","-4","-4000","-4000000","60000","4276","4276","0","2935","1329","1644"
"670","ALIGN_HOLD","38837","46","252.685546875","4","4000","8000000","60000","4277","4277","0","2935","1329","1554"
"671","ALIGN_HOLD","38840","49","269.1650390625","3","3000","-1000000","60000","4278","4278","0","2935","1329","1464"
"672","ALIGN_HOLD","38837","46","252.685546875","-3","-3000","-6000000","60000","4279","4279","0","2935","1329","1374"
"673","ALIGN_HOLD","38839","48","263.671875","2","2000","5000000","60000","4280","4280","0","2935","1329","1284"
"674","ALIGN_HOLD","38836","45","247.1923828125","-3","-3000","-5000000","60000","4281","4281","0","2935","1329","1194"
"675","ALIGN_HOLD","38839","48","263.671875","3","3000","6000000","60000","4282","4282","0","2935","1329","1104"
"676","ALIGN_HOLD","38838","47","258.1787109375","-1","-1000","-4000000","60000","4283","4283","0","2935","1329","1014"
"677","ALIGN_HOLD","38835","44","241.69921875","-3","-3000","-2000000","60000","4284","4284","0","2935","1329","924"
"678","ALIGN_HOLD","38838","47","258.1787109375","3","3000","6000000","60000","4285","4285","0","2935","1329","834"
"679","ALIGN_HOLD","38836","45","247.1923828125","-2","-2000","-5000000","60000","4286","4286","0","2935","1329","744"
"680","ALIGN_HOLD","38839","48","263.671875","3","3000","5000000","60000","4287","4287","0","2935","1329","654"
"681","ALIGN_HOLD","38836","45","247.1923828125","-3","-3000","-6000000","60000","4288","4288","0","2935","1329","564"
"682","ALIGN_HOLD","38841","50","274.658203125","5","5000","8000000","60000","4289","4289","0","2935","1329","474"
"683","ALIGN_HOLD","38837","46","252.685546875","-4","-4000","-9000000","60000","4290","4290","0","2935","1329","384"
"684","ALIGN_HOLD","38841","50","274.658203125","4","4000","8000000","60000","4291","4291","0","2935","1329","294"
"685","ALIGN_HOLD","38836","45","247.1923828125","-5","-5000","-9000000","60000","4292","4292","0","2935","1329","204"
"686","ALIGN_HOLD","38839","48","263.671875","3","3000","8000000","60000","4293","4293","0","2935","1329","114"
"687","ALIGN_HOLD","38837","46","252.685546875","-2","-2000","-5000000","60000","4294","4294","0","2935","1329","24"
"688","ALIGN_HOLD","38835","44","241.69921875","-2","-2000","0","60000","4295","4295","0","2935","1329","2089"
"689","ALIGN_HOLD","38833","42","230.712890625","-2","-2000","0","60000","4296","4296","0","2935","1329","1999"
"690","ALIGN_HOLD","38839","48","263.671875","6","6000","8000000","60000","4297","4297","0","2935","1329","1909"
"691","ALIGN_HOLD","38837","46","252.685546875","-2","-2000","-8000000","60000","4298","4298","0","2935","1329","1819"
"692","ALIGN_HOLD","38836","45","247.1923828125","-1","-1000","1000000","60000","4299","4299","0","2935","1329","1729"
"693","ALIGN_HOLD","38840","49","269.1650390625","4","4000","5000000","60000","4300","4300","0","2935","1329","1639"
"694","ALIGN_HOLD","38839","48","263.671875","-1","-1000","-5000000","60000","4301","4301","0","2935","1329","1549"
"695","ALIGN_HOLD","38833","42","230.712890625","-6","-6000","-5000000","60000","4302","4302","0","2935","1329","1459"
"696","ALIGN_HOLD","38837","46","252.685546875","4","4000","10000000","60000","4303","4303","0","2935","1329","1369"
"697","ALIGN_HOLD","38837","46","252.685546875","0","0","-4000000","60000","4304","4304","0","2935","1329","1279"
"698","ALIGN_HOLD","38838","47","258.1787109375","1","1000","1000000","60000","4305","4305","0","2935","1329","1189"
"699","ALIGN_HOLD","38836","45","247.1923828125","-2","-2000","-3000000","60000","4306","4306","0","2935","1329","1099"
"700","ALIGN_HOLD","38842","51","280.1513671875","6","6000","8000000","60000","4307","4307","0","2935","1329","1009"
"701","ALIGN_HOLD","38837","46","252.685546875","-5","-5000","-11000000","60000","4308","4308","0","2935","1329","919"
"702","ALIGN_HOLD","38837","46","252.685546875","0","0","5000000","60000","4309","4309","0","2935","1329","829"
"703","ALIGN_HOLD","38836","45","247.1923828125","-1","-1000","-1000000","60000","4310","4310","0","2935","1329","739"
"704","ALIGN_HOLD","38838","47","258.1787109375","2","2000","3000000","60000","4311","4311","0","2935","1329","649"
"705","ALIGN_HOLD","38838","47","258.1787109375","0","0","-2000000","60000","4312","4312","0","2935","1329","559"
"706","ALIGN_HOLD","38834","43","236.2060546875","-4","-4000","-4000000","60000","4313","4313","0","2935","1329","469"
"707","ALIGN_HOLD","38838","47","258.1787109375","4","4000","8000000","60000","4314","4314","0","2935","1329","379"
"708","ALIGN_HOLD","38837","46","252.685546875","-1","-1000","-5000000","60000","4315","4315","0","2935","1329","289"
"709","ALIGN_HOLD","38837","46","252.685546875","0","0","1000000","60000","4316","4316","0","2935","1329","199"
"710","ALIGN_HOLD","38840","49","269.1650390625","3","3000","3000000","60000","4317","4317","0","2935","1329","109"
"711","ALIGN_HOLD","38840","49","269.1650390625","0","0","-3000000","60000","4318","4318","0","2935","1329","19"
"712","ALIGN_HOLD","38835","44","241.69921875","-5","-5000","-5000000","60000","4319","4319","0","2935","1329","2084"
"713","ALIGN_HOLD","38840","49","269.1650390625","5","5000","10000000","60000","4320","4320","0","2935","1329","1994"
"714","ALIGN_HOLD","38840","49","269.1650390625","0","0","-5000000","60000","4321","4321","0","2935","1329","1904"
"715","ALIGN_HOLD","38839","48","263.671875","-1","-1000","-1000000","60000","4322","4322","0","2935","1329","1814"
"716","ALIGN_HOLD","38837","46","252.685546875","-2","-2000","-1000000","60000","4323","4323","0","2935","1329","1724"
"717","ALIGN_HOLD","38836","45","247.1923828125","-1","-1000","1000000","60000","4324","4324","0","2935","1329","1634"
"718","ALIGN_HOLD","38838","47","258.1787109375","2","2000","3000000","60000","4325","4325","0","2935","1329","1544"
"719","ALIGN_HOLD","38838","47","258.1787109375","0","0","-2000000","60000","4326","4326","0","2935","1329","1454"
"720","ALIGN_HOLD","38837","46","252.685546875","-1","-1000","-1000000","60000","4327","4327","0","2935","1329","1364"
"721","ALIGN_HOLD","38837","46","252.685546875","0","0","1000000","60000","4328","4328","0","2935","1329","1274"
"722","ALIGN_HOLD","38832","41","225.2197265625","-5","-5000","-5000000","60000","4329","4329","0","2935","1329","1184"
"723","ALIGN_HOLD","38839","48","263.671875","7","7000","12000000","60000","4330","4330","0","2935","1329","1094"
"724","ALIGN_HOLD","38836","45","247.1923828125","-3","-3000","-10000000","60000","4331","4331","0","2935","1329","1004"
"725","ALIGN_HOLD","38837","46","252.685546875","1","1000","4000000","60000","4332","4332","0","2935","1329","914"
"726","ALIGN_HOLD","38838","47","258.1787109375","1","1000","0","60000","4333","4333","0","2935","1329","824"
"727","ALIGN_HOLD","38836","45","247.1923828125","-2","-2000","-3000000","60000","4334","4334","0","2935","1329","734"
"728","ALIGN_HOLD","38837","46","252.685546875","1","1000","3000000","60000","4335","4335","0","2935","1329","644"
"729","ALIGN_HOLD","38837","46","252.685546875","0","0","-1000000","60000","4336","4336","0","2935","1329","554"
"730","ALIGN_HOLD","38839","48","263.671875","2","2000","2000000","60000","4337","4337","0","2935","1329","464"
"731","ALIGN_HOLD","38837","46","252.685546875","-2","-2000","-4000000","60000","4338","4338","0","2935","1329","374"
"732","ALIGN_HOLD","38838","47","258.1787109375","1","1000","3000000","60000","4339","4339","0","2935","1329","284"
"733","ALIGN_HOLD","38835","44","241.69921875","-3","-3000","-4000000","60000","4340","4340","0","2935","1329","194"
"734","ALIGN_HOLD","38834","43","236.2060546875","-1","-1000","2000000","60000","4341","4341","0","2935","1329","104"
"735","ALIGN_HOLD","38837","46","252.685546875","3","3000","4000000","60000","4342","4342","0","2935","1329","14"
"736","ALIGN_HOLD","38840","49","269.1650390625","3","3000","0","60000","4343","4343","0","2935","1329","2079"
"737","ALIGN_HOLD","38839","48","263.671875","-1","-1000","-4000000","60000","4344","4344","0","2935","1329","1989"
"738","ALIGN_HOLD","38839","48","263.671875","0","0","1000000","60000","4345","4345","0","2935","1329","1899"
"739","ALIGN_HOLD","38837","46","252.685546875","-2","-2000","-2000000","60000","4346","4346","0","2935","1329","1809"
"740","ALIGN_HOLD","38836","45","247.1923828125","-1","-1000","1000000","60000","4347","4347","0","2935","1329","1719"
"741","ALIGN_HOLD","38842","51","280.1513671875","6","6000","7000000","60000","4348","4348","0","2935","1329","1629"
"742","ALIGN_HOLD","38840","49","269.1650390625","-2","-2000","-8000000","60000","4349","4349","0","2935","1329","1539"
"743","ALIGN_HOLD","38841","50","274.658203125","1","1000","3000000","60000","4350","4350","0","2935","1329","1449"
"744","ALIGN_HOLD","38840","49","269.1650390625","-1","-1000","-2000000","60000","4351","4351","0","2935","1329","1359"
"745","ALIGN_HOLD","38836","45","247.1923828125","-4","-4000","-3000000","60000","4352","4352","0","2935","1329","1269"
"746","ALIGN_HOLD","38834","43","236.2060546875","-2","-2000","2000000","60000","4353","4353","0","2935","1329","1179"
"747","ALIGN_HOLD","38838","47","258.1787109375","4","4000","6000000","60000","4354","4354","0","2935","1329","1089"
"748","ALIGN_HOLD","38836","45","247.1923828125","-2","-2000","-6000000","60000","4355","4355","0","2935","1329","999"
"749","ALIGN_HOLD","38838","47","258.1787109375","2","2000","4000000","60000","4356","4356","0","2935","1329","909"
"750","ALIGN_HOLD","38836","45","247.1923828125","-2","-2000","-4000000","60000","4357","4357","0","2935","1329","819"
"751","ALIGN_HOLD","38836","45","247.1923828125","0","0","2000000","60000","4358","4358","0","2935","1329","729"
"752","ALIGN_HOLD","38838","47","258.1787109375","2","2000","2000000","60000","4359","4359","0","2935","1329","639"
"753","ALIGN_HOLD","38837","46","252.685546875","-1","-1000","-3000000","60000","4360","4360","0","2935","1329","549"
"754","ALIGN_HOLD","38836","45","247.1923828125","-1","-1000","0","60000","4361","4361","0","2935","1329","459"
"755","ALIGN_HOLD","38836","45","247.1923828125","0","0","1000000","60000","4362","4362","0","2935","1329","369"
"756","ALIGN_HOLD","38836","45","247.1923828125","0","0","0","60000","4363","4363","0","2935","1329","279"
"757","ALIGN_HOLD","38838","47","258.1787109375","2","2000","2000000","60000","4364","4364","0","2935","1329","189"
"758","ALIGN_HOLD","38837","46","252.685546875","-1","-1000","-3000000","60000","4365","4365","0","2935","1329","99"
"759","ALIGN_HOLD","38836","45","247.1923828125","-1","-1000","0","60000","4366","4366","0","2935","1329","9"
"760","ALIGN_HOLD","38840","49","269.1650390625","4","4000","5000000","60000","4367","4367","0","2935","1329","2074"
"761","ALIGN_HOLD","38838","47","258.1787109375","-2","-2000","-6000000","60000","4368","4368","0","2935","1329","1984"
"762","ALIGN_HOLD","38839","48","263.671875","1","1000","3000000","60000","4369","4369","0","2935","1329","1894"
"763","ALIGN_HOLD","38839","48","263.671875","0","0","-1000000","60000","4370","4370","0","2935","1329","1804"
"764","ALIGN_HOLD","38839","48","263.671875","0","0","0","60000","4371","4371","0","2935","1329","1714"
"765","ALIGN_HOLD","38839","48","263.671875","0","0","0","60000","4372","4372","0","2935","1329","1624"
"766","ALIGN_HOLD","38835","44","241.69921875","-4","-4000","-4000000","60000","4373","4373","0","2935","1329","1534"
"767","ALIGN_HOLD","38840","49","269.1650390625","5","5000","9000000","60000","4374","4374","0","2935","1329","1444"
"768","ALIGN_HOLD","38839","48","263.671875","-1","-1000","-6000000","60000","4375","4375","0","2935","1329","1354"
"769","ALIGN_HOLD","38840","49","269.1650390625","1","1000","2000000","60000","4376","4376","0","2935","1329","1264"
"770","ALIGN_HOLD","38841","50","274.658203125","1","1000","0","60000","4377","4377","0","2935","1329","1174"
"771","ALIGN_HOLD","38836","45","247.1923828125","-5","-5000","-6000000","60000","4378","4378","0","2935","1329","1084"
"772","ALIGN_HOLD","38837","46","252.685546875","1","1000","6000000","60000","4379","4379","0","2935","1329","994"
"773","ALIGN_HOLD","38838","47","258.1787109375","1","1000","0","60000","4380","4380","0","2935","1329","904"
"774","ALIGN_HOLD","38836","45","247.1923828125","-2","-2000","-3000000","60000","4381","4381","0","2935","1329","814"
"775","ALIGN_HOLD","38839","48","263.671875","3","3000","5000000","60000","4382","4382","0","2935","1329","724"
"776","ALIGN_HOLD","38838","47","258.1787109375","-1","-1000","-4000000","60000","4383","4383","0","2935","1329","634"
"777","ALIGN_HOLD","38839","48","263.671875","1","1000","2000000","60000","4384","4384","0","2935","1329","544"
"778","ALIGN_HOLD","38841","50","274.658203125","2","2000","1000000","60000","4385","4385","0","2935","1329","454"
"779","ALIGN_HOLD","38837","46","252.685546875","-4","-4000","-6000000","60000","4386","4386","0","2935","1329","364"
"780","ALIGN_HOLD","38838","47","258.1787109375","1","1000","5000000","60000","4387","4387","0","2935","1329","274"
"781","ALIGN_HOLD","38839","48","263.671875","1","1000","0","60000","4388","4388","0","2935","1329","184"
"782","ALIGN_HOLD","38840","49","269.1650390625","1","1000","0","60000","4389","4389","0","2935","1329","94"
"783","ALIGN_HOLD","38838","47","258.1787109375","-2","-2000","-3000000","60000","4390","4390","0","2935","1329","4"
"784","ALIGN_HOLD","38838","47","258.1787109375","0","0","2000000","60000","4391","4391","0","2935","1329","2069"
"785","ALIGN_HOLD","38839","48","263.671875","1","1000","1000000","60000","4392","4392","0","2935","1329","1979"
"786","ALIGN_HOLD","38838","47","258.1787109375","-1","-1000","-2000000","60000","4393","4393","0","2935","1329","1889"
"787","ALIGN_HOLD","38834","43","236.2060546875","-4","-4000","-3000000","60000","4394","4394","0","2935","1329","1799"
"788","ALIGN_HOLD","38837","46","252.685546875","3","3000","7000000","60000","4395","4395","0","2935","1329","1709"
"789","ALIGN_HOLD","38839","48","263.671875","2","2000","-1000000","60000","4396","4396","0","2935","1329","1619"
"790","ALIGN_HOLD","38837","46","252.685546875","-2","-2000","-4000000","60000","4397","4397","0","2935","1329","1529"
"791","ALIGN_HOLD","38838","47","258.1787109375","1","1000","3000000","60000","4398","4398","0","2935","1329","1439"
"792","ALIGN_HOLD","38838","47","258.1787109375","0","0","-1000000","60000","4399","4399","0","2935","1329","1349"
"793","ALIGN_HOLD","38837","46","252.685546875","-1","-1000","-1000000","60000","4400","4400","0","2935","1329","1259"
"794","ALIGN_HOLD","38837","46","252.685546875","0","0","1000000","60000","4401","4401","0","2935","1329","1169"
"795","ALIGN_HOLD","38835","44","241.69921875","-2","-2000","-2000000","60000","4402","4402","0","2935","1329","1079"
"796","ALIGN_HOLD","38839","48","263.671875","4","4000","6000000","60000","4403","4403","0","2935","1329","989"
"797","ALIGN_HOLD","38839","48","263.671875","0","0","-4000000","60000","4404","4404","0","2935","1329","899"
"798","ALIGN_HOLD","38837","46","252.685546875","-2","-2000","-2000000","60000","4405","4405","0","2935","1329","809"
"799","ALIGN_HOLD","38838","47","258.1787109375","1","1000","3000000","60000","4406","4406","0","2935","1329","719"
"800","ALIGN_HOLD","38837","46","252.685546875","-1","-1000","-2000000","60000","4407","4407","0","2935","1329","695"
"801","ALIGN_HOLD","38837","46","252.685546875","0","0","1000000","60000","4408","4408","0","2935","1329","539"
"802","ALIGN_HOLD","38839","48","263.671875","2","2000","2000000","60000","4409","4409","0","2935","1329","449"
"803","ALIGN_HOLD","38837","46","252.685546875","-2","-2000","-4000000","60000","4410","4410","0","2935","1329","359"
"804","ALIGN_HOLD","38839","48","263.671875","2","2000","4000000","60000","4411","4411","0","2935","1329","269"
"805","ALIGN_HOLD","38838","47","258.1787109375","-1","-1000","-3000000","60000","4412","4412","0","2935","1329","179"
"806","ALIGN_HOLD","38838","47","258.1787109375","0","0","1000000","60000","4413","4413","0","2935","1329","89"
"807","ALIGN_HOLD","38840","49","269.1650390625","2","2000","2000000","60000","4414","4414","0","2935","1329","2154"
"808","ALIGN_HOLD","38837","46","252.685546875","-3","-3000","-5000000","60000","4415","4415","0","2935","1329","2064"
"809","ALIGN_HOLD","38839","48","263.671875","2","2000","5000000","60000","4416","4416","0","2935","1329","1974"
"810","ALIGN_HOLD","38836","45","247.1923828125","-3","-3000","-5000000","60000","4417","4417","0","2935","1329","1884"
"811","ALIGN_HOLD","38835","44","241.69921875","-1","-1000","2000000","60000","4418","4418","0","2935","1329","1794"
"812","ALIGN_HOLD","38837","46","252.685546875","2","2000","3000000","60000","4419","4419","0","2935","1329","1704"
"813","ALIGN_HOLD","38840","49","269.1650390625","3","3000","1000000","60000","4420","4420","0","2935","1329","1614"
"814","ALIGN_HOLD","38839","48","263.671875","-1","-1000","-4000000","60000","4421","4421","0","2935","1329","1524"
"815","ALIGN_HOLD","38838","47","258.1787109375","-1","-1000","0","60000","4422","4422","0","2935","1329","1434"
"816","ALIGN_HOLD","38838","47","258.1787109375","0","0","1000000","60000","4423","4423","0","2935","1329","1344"
"817","ALIGN_HOLD","38837","46","252.685546875","-1","-1000","-1000000","60000","4424","4424","0","2935","1329","1254"
"818","ALIGN_HOLD","38835","44","241.69921875","-2","-2000","-1000000","60000","4425","4425","0","2935","1329","1164"
"819","ALIGN_HOLD","38840","49","269.1650390625","5","5000","7000000","60000","4426","4426","0","2935","1329","1074"
"820","ALIGN_HOLD","38837","46","252.685546875","-3","-3000","-8000000","60000","4427","4427","0","2935","1329","984"
"821","ALIGN_HOLD","38839","48","263.671875","2","2000","5000000","60000","4428","4428","0","2935","1329","894"
"822","ALIGN_HOLD","38839","48","263.671875","0","0","-2000000","60000","4429","4429","0","2935","1329","804"
"823","ALIGN_HOLD","38840","49","269.1650390625","1","1000","1000000","60000","4430","4430","0","2935","1329","714"
"824","ALIGN_HOLD","38838","47","258.1787109375","-2","-2000","-3000000","60000","4431","4431","0","2935","1329","624"
"825","ALIGN_HOLD","38839","48","263.671875","1","1000","3000000","60000","4432","4432","0","2935","1329","534"
"826","ALIGN_HOLD","38838","47","258.1787109375","-1","-1000","-2000000","60000","4433","4433","0","2935","1329","444"
"827","ALIGN_HOLD","38838","47","258.1787109375","0","0","1000000","60000","4434","4434","0","2935","1329","354"
"828","ALIGN_HOLD","38837","46","252.685546875","-1","-1000","-1000000","60000","4435","4435","0","2935","1329","264"
"829","ALIGN_HOLD","38839","48","263.671875","2","2000","3000000","60000","4436","4436","0","2935","1329","174"
"830","ALIGN_HOLD","38839","48","263.671875","0","0","-2000000","60000","4437","4437","0","2935","1329","84"
"831","ALIGN_HOLD","38837","46","252.685546875","-2","-2000","-2000000","60000","4438","4438","0","2935","1329","2149"
"832","ALIGN_HOLD","38841","50","274.658203125","4","4000","6000000","60000","4439","4439","0","2935","1329","2059"
"833","ALIGN_HOLD","38839","48","263.671875","-2","-2000","-6000000","60000","4440","4440","0","2935","1329","1969"
"834","ALIGN_HOLD","38836","45","247.1923828125","-3","-3000","-1000000","60000","4441","4441","0","2935","1329","1879"
"835","ALIGN_HOLD","38838","47","258.1787109375","2","2000","5000000","60000","4442","4442","0","2935","1329","1789"
"836","ALIGN_HOLD","38839","48","263.671875","1","1000","-1000000","60000","4443","4443","0","2935","1329","1699"
"837","ALIGN_HOLD","38837","46","252.685546875","-2","-2000","-3000000","60000","4444","4444","0","2935","1329","1609"
"838","ALIGN_HOLD","38836","45","247.1923828125","-1","-1000","1000000","60000","4445","4445","0","2935","1329","1519"
"839","ALIGN_HOLD","38834","43","236.2060546875","-2","-2000","-1000000","60000","4446","4446","0","2935","1329","1429"
"840","ALIGN_HOLD","38838","47","258.1787109375","4","4000","6000000","60000","4447","4447","0","2935","1329","1339"
"841","ALIGN_HOLD","38835","44","241.69921875","-3","-3000","-7000000","60000","4448","4448","0","2935","1329","1249"
"842","ALIGN_HOLD","38838","47","258.1787109375","3","3000","6000000","60000","4449","4449","0","2935","1329","1159"
"843","ALIGN_HOLD","38840","49","269.1650390625","2","2000","-1000000","60000","4450","4450","0","2935","1329","1069"
"844","ALIGN_HOLD","38837","46","252.685546875","-3","-3000","-5000000","60000","4451","4451","0","2935","1329","979"
"845","ALIGN_HOLD","38839","48","263.671875","2","2000","5000000","60000","4452","4452","0","2935","1329","889"
"846","ALIGN_HOLD","38839","48","263.671875","0","0","-2000000","60000","4453","4453","0","2935","1329","799"
"847","ALIGN_HOLD","38838","47","258.1787109375","-1","-1000","-1000000","60000","4454","4454","0","2935","1329","709"
"848","ALIGN_HOLD","38841","50","274.658203125","3","3000","4000000","60000","4455","4455","0","2935","1329","619"
"849","ALIGN_HOLD","38838","47","258.1787109375","-3","-3000","-6000000","60000","4456","4456","0","2935","1329","529"
"850","ALIGN_HOLD","38839","48","263.671875","1","1000","4000000","60000","4457","4457","0","2935","1329","439"
"851","ALIGN_HOLD","38839","48","263.671875","0","0","-1000000","60000","4458","4458","0","2935","1329","349"
"852","ALIGN_HOLD","38839","48","263.671875","0","0","0","60000","4459","4459","0","2935","1329","259"
"853","ALIGN_HOLD","38836","45","247.1923828125","-3","-3000","-3000000","60000","4460","4460","0","2935","1329","169"
"854","ALIGN_HOLD","38839","48","263.671875","3","3000","6000000","60000","4461","4461","0","2935","1329","79"
"855","ALIGN_HOLD","38838","47","258.1787109375","-1","-1000","-4000000","60000","4462","4462","0","2935","1329","2144"
"856","ALIGN_HOLD","38838","47","258.1787109375","0","0","1000000","60000","4463","4463","0","2935","1329","2054"
"857","ALIGN_HOLD","38836","45","247.1923828125","-2","-2000","-2000000","60000","4464","4464","0","2935","1329","1964"
"858","ALIGN_HOLD","38838","47","258.1787109375","2","2000","4000000","60000","4465","4465","0","2935","1329","1874"
"859","ALIGN_HOLD","38838","47","258.1787109375","0","0","-2000000","60000","4466","4466","0","2935","1329","1784"
"860","ALIGN_HOLD","38838","47","258.1787109375","0","0","0","60000","4467","4467","0","2935","1329","1694"
"861","ALIGN_HOLD","38835","44","241.69921875","-3","-3000","-3000000","60000","4468","4468","0","2935","1329","1604"
"862","ALIGN_HOLD","38835","44","241.69921875","0","0","3000000","60000","4469","4469","0","2935","1329","1514"
"863","ALIGN_HOLD","38838","47","258.1787109375","3","3000","3000000","60000","4470","4470","0","2935","1329","1424"
"864","ALIGN_HOLD","38842","51","280.1513671875","4","4000","1000000","60000","4471","4471","0","2935","1329","1334"
"865","ALIGN_HOLD","38836","45","247.1923828125","-6","-6000","-10000000","60000","4472","4472","0","2935","1329","1244"
"866","ALIGN_HOLD","38837","46","252.685546875","1","1000","7000000","60000","4473","4473","0","2935","1329","1154"
"867","ALIGN_HOLD","38837","46","252.685546875","0","0","-1000000","60000","4474","4474","0","2935","1329","1064"
"868","ALIGN_HOLD","38838","47","258.1787109375","1","1000","1000000","60000","4475","4475","0","2935","1329","974"
"869","ALIGN_HOLD","38836","45","247.1923828125","-2","-2000","-3000000","60000","4476","4476","0","2935","1329","884"
"870","ALIGN_HOLD","38837","46","252.685546875","1","1000","3000000","60000","4477","4477","0","2935","1329","794"
"871","ALIGN_HOLD","38839","48","263.671875","2","2000","1000000","60000","4478","4478","0","2935","1329","704"
"872","ALIGN_HOLD","38843","52","285.64453125","4","4000","2000000","60000","4479","4479","0","2935","1329","614"
"873","ALIGN_HOLD","38839","48","263.671875","-4","-4000","-8000000","60000","4480","4480","0","2935","1329","524"
"874","ALIGN_HOLD","38839","48","263.671875","0","0","4000000","60000","4481","4481","0","2935","1329","434"
"875","ALIGN_HOLD","38838","47","258.1787109375","-1","-1000","-1000000","60000","4482","4482","0","2935","1329","344"
"876","ALIGN_HOLD","38841","50","274.658203125","3","3000","4000000","60000","4483","4483","0","2935","1329","254"
"877","ALIGN_HOLD","38838","47","258.1787109375","-3","-3000","-6000000","60000","4484","4484","0","2935","1329","164"
"878","ALIGN_HOLD","38836","45","247.1923828125","-2","-2000","1000000","60000","4485","4485","0","2935","1329","74"
"879","ALIGN_HOLD","38838","47","258.1787109375","2","2000","4000000","60000","4486","4486","0","2935","1329","2139"
"880","ALIGN_HOLD","38837","46","252.685546875","-1","-1000","-3000000","60000","4487","4487","0","2935","1329","2049"
"881","ALIGN_HOLD","38837","46","252.685546875","0","0","1000000","60000","4488","4488","0","2935","1329","1959"
"882","ALIGN_HOLD","38836","45","247.1923828125","-1","-1000","-1000000","60000","4489","4489","0","2935","1329","1869"
"883","ALIGN_HOLD","38838","47","258.1787109375","2","2000","3000000","60000","4490","4490","0","2935","1329","1779"
"884","ALIGN_HOLD","38838","47","258.1787109375","0","0","-2000000","60000","4491","4491","0","2935","1329","1689"
"885","ALIGN_HOLD","38838","47","258.1787109375","0","0","0","60000","4492","4492","0","2935","1329","1599"
"886","ALIGN_HOLD","38836","45","247.1923828125","-2","-2000","-2000000","60000","4493","4493","0","2935","1329","1509"
"887","ALIGN_HOLD","38838","47","258.1787109375","2","2000","4000000","60000","4494","4494","0","2935","1329","1419"
"888","ALIGN_HOLD","38841","50","274.658203125","3","3000","1000000","60000","4495","4495","0","2935","1329","1329"
"889","ALIGN_HOLD","38838","47","258.1787109375","-3","-3000","-6000000","60000","4496","4496","0","2935","1329","1239"
"890","ALIGN_HOLD","38838","47","258.1787109375","0","0","3000000","60000","4497","4497","0","2935","1329","1149"
"891","ALIGN_HOLD","38839","48","263.671875","1","1000","1000000","60000","4498","4498","0","2935","1329","1059"
"892","ALIGN_HOLD","38838","47","258.1787109375","-1","-1000","-2000000","60000","4499","4499","0","2935","1329","969"
"893","ALIGN_HOLD","38837","46","252.685546875","-1","-1000","0","60000","4500","4500","0","2935","1329","879"
"894","ALIGN_HOLD","38837","46","252.685546875","0","0","1000000","60000","4501","4501","0","2935","1329","789"
"895","ALIGN_HOLD","38841","50","274.658203125","4","4000","4000000","60000","4502","4502","0","2935","1329","699"
"896","ALIGN_HOLD","38843","52","285.64453125","2","2000","-2000000","60000","4503","4503","0","2935","1329","609"
"897","ALIGN_HOLD","38840","49","269.1650390625","-3","-3000","-5000000","60000","4504","4504","0","2935","1329","519"
"898","ALIGN_HOLD","38841","50","274.658203125","1","1000","4000000","60000","4505","4505","0","2935","1329","429"
"899","ALIGN_HOLD","38841","50","274.658203125","0","0","-1000000","60000","4506","4506","0","2935","1329","339"
"900","ALIGN_HOLD","38836","45","247.1923828125","-5","-5000","-5000000","60000","4507","4507","0","2935","1329","249"
"901","ALIGN_HOLD","38836","45","247.1923828125","0","0","5000000","60000","4508","4508","0","2935","1329","159"
"902","ALIGN_HOLD","38835","44","241.69921875","-1","-1000","-1000000","60000","4509","4509","0","2935","1329","69"
"903","ALIGN_HOLD","38836","45","247.1923828125","1","1000","2000000","60000","4510","4510","0","2935","1329","2134"
"904","ALIGN_HOLD","38839","48","263.671875","3","3000","2000000","60000","4511","4511","0","2935","1329","2044"
"905","ALIGN_HOLD","38838","47","258.1787109375","-1","-1000","-4000000","60000","4512","4512","0","2935","1329","1954"
"906","ALIGN_HOLD","38841","50","274.658203125","3","3000","4000000","60000","4513","4513","0","2935","1329","1864"
"907","ALIGN_HOLD","38839","48","263.671875","-2","-2000","-5000000","60000","4514","4514","0","2935","1329","1774"
"908","ALIGN_HOLD","38840","49","269.1650390625","1","1000","3000000","60000","4515","4515","0","2935","1329","1684"
"909","ALIGN_HOLD","38838","47","258.1787109375","-2","-2000","-3000000","60000","4516","4516","0","2935","1329","1594"
"910","ALIGN_HOLD","38841","50","274.658203125","3","3000","5000000","60000","4517","4517","0","2935","1329","1504"
"911","ALIGN_HOLD","38839","48","263.671875","-2","-2000","-5000000","60000","4518","4518","0","2935","1329","1414"
"912","ALIGN_HOLD","38841","50","274.658203125","2","2000","4000000","60000","4519","4519","0","2935","1329","1324"
"913","ALIGN_HOLD","38838","47","258.1787109375","-3","-3000","-5000000","60000","4520","4520","0","2935","1329","1234"
"914","ALIGN_HOLD","38839","48","263.671875","1","1000","4000000","60000","4521","4521","0","2935","1329","1144"
"915","ALIGN_HOLD","38836","45","247.1923828125","-3","-3000","-4000000","60000","4522","4522","0","2935","1329","1054"
"916","ALIGN_HOLD","38836","45","247.1923828125","0","0","3000000","60000","4523","4523","0","2935","1329","964"
"917","ALIGN_HOLD","38840","49","269.1650390625","4","4000","4000000","60000","4524","4524","0","2935","1329","874"
"918","ALIGN_HOLD","38837","46","252.685546875","-3","-3000","-7000000","60000","4525","4525","0","2935","1329","784"
"919","ALIGN_HOLD","38839","48","263.671875","2","2000","5000000","60000","4526","4526","0","2935","1329","694"
"920","ALIGN_HOLD","38839","48","263.671875","0","0","-2000000","60000","4527","4527","0","2935","1329","604"
"921","ALIGN_HOLD","38837","46","252.685546875","-2","-2000","-2000000","60000","4528","4528","0","2935","1329","514"
"922","ALIGN_HOLD","38840","49","269.1650390625","3","3000","5000000","60000","4529","4529","0","2935","1329","424"
"923","ALIGN_HOLD","38841","50","274.658203125","1","1000","-2000000","60000","4530","4530","0","2935","1329","334"
"924","ALIGN_HOLD","38840","49","269.1650390625","-1","-1000","-2000000","60000","4531","4531","0","2935","1329","244"
"925","ALIGN_HOLD","38840","49","269.1650390625","0","0","1000000","60000","4532","4532","0","2935","1329","154"
"926","ALIGN_HOLD","38841","50","274.658203125","1","1000","1000000","60000","4533","4533","0","2935","1329","64"
"927","ALIGN_HOLD","38837","46","252.685546875","-4","-4000","-5000000","60000","4534","4534","0","2935","1329","2129"
"928","ALIGN_HOLD","38837","46","252.685546875","0","0","4000000","60000","4535","4535","0","2935","1329","2039"
"929","ALIGN_HOLD","38836","45","247.1923828125","-1","-1000","-1000000","60000","4536","4536","0","2935","1329","1949"
"930","ALIGN_HOLD","38840","49","269.1650390625","4","4000","5000000","60000","4537","4537","0","2935","1329","1859"
"931","ALIGN_HOLD","38838","47","258.1787109375","-2","-2000","-6000000","60000","4538","4538","0","2935","1329","1769"
"932","ALIGN_HOLD","38835","44","241.69921875","-3","-3000","-1000000","60000","4539","4539","0","2935","1329","1679"
"933","ALIGN_HOLD","38839","48","263.671875","4","4000","7000000","60000","4540","4540","0","2935","1329","1589"
"934","ALIGN_HOLD","38840","49","269.1650390625","1","1000","-3000000","60000","4541","4541","0","2935","1329","1499"
"935","ALIGN_HOLD","38840","49","269.1650390625","0","0","-1000000","60000","4542","4542","0","2935","1329","1409"
"936","ALIGN_HOLD","38840","49","269.1650390625","0","0","0","60000","4543","4543","0","2935","1329","1319"
"937","ALIGN_HOLD","38837","46","252.685546875","-3","-3000","-3000000","60000","4544","4544","0","2935","1329","1229"
"938","ALIGN_HOLD","38837","46","252.685546875","0","0","3000000","60000","4545","4545","0","2935","1329","1139"
"939","ALIGN_HOLD","38837","46","252.685546875","0","0","0","60000","4546","4546","0","2935","1329","1049"
"940","ALIGN_HOLD","38838","47","258.1787109375","1","1000","1000000","60000","4547","4547","0","2935","1329","959"
"941","ALIGN_HOLD","38840","49","269.1650390625","2","2000","1000000","60000","4548","4548","0","2935","1329","869"
"942","ALIGN_HOLD","38837","46","252.685546875","-3","-3000","-5000000","60000","4549","4549","0","2935","1329","779"
"943","ALIGN_HOLD","38839","48","263.671875","2","2000","5000000","60000","4550","4550","0","2935","1329","689"
"944","ALIGN_HOLD","38838","47","258.1787109375","-1","-1000","-3000000","60000","4551","4551","0","2935","1329","599"
"945","ALIGN_HOLD","38839","48","263.671875","1","1000","2000000","60000","4552","4552","0","2935","1329","509"
"946","ALIGN_HOLD","38838","47","258.1787109375","-1","-1000","-2000000","60000","4553","4553","0","2935","1329","419"
"947","ALIGN_HOLD","38837","46","252.685546875","-1","-1000","0","60000","4554","4554","0","2935","1329","329"
"948","ALIGN_HOLD","38840","49","269.1650390625","3","3000","4000000","60000","4555","4555","0","2935","1329","239"
"949","ALIGN_HOLD","38839","48","263.671875","-1","-1000","-4000000","60000","4556","4556","0","2935","1329","149"
"950","ALIGN_HOLD","38839","48","263.671875","0","0","1000000","60000","4557","4557","0","2935","1329","59"
"951","ALIGN_HOLD","38836","45","247.1923828125","-3","-3000","-3000000","60000","4558","4558","0","2935","1329","2124"
"952","ALIGN_HOLD","38838","47","258.1787109375","2","2000","5000000","60000","4559","4559","0","2935","1329","2034"
"953","ALIGN_HOLD","38837","46","252.685546875","-1","-1000","-3000000","60000","4560","4560","0","2935","1329","1944"
"954","ALIGN_HOLD","38836","45","247.1923828125","-1","-1000","0","60000","4561","4561","0","2935","1329","1854"
"955","ALIGN_HOLD","38840","49","269.1650390625","4","4000","5000000","60000","4562","4562","0","2935","1329","1764"
"956","ALIGN_HOLD","38840","49","269.1650390625","0","0","-4000000","60000","4563","4563","0","2935","1329","1674"
"957","ALIGN_HOLD","38839","48","263.671875","-1","-1000","-1000000","60000","4564","4564","0","2935","1329","1584"
"958","ALIGN_HOLD","38841","50","274.658203125","2","2000","3000000","60000","4565","4565","0","2935","1329","1494"
"959","ALIGN_HOLD","38840","49","269.1650390625","-1","-1000","-3000000","60000","4566","4566","0","2935","1329","1404"
"960","ALIGN_HOLD","38836","45","247.1923828125","-4","-4000","-3000000","60000","4567","4567","0","2935","1329","1314"
"961","ALIGN_HOLD","38832","41","225.2197265625","-4","-4000","0","60000","4568","4568","0","2935","1329","1224"
"962","ALIGN_HOLD","38836","45","247.1923828125","4","4000","8000000","60000","4569","4569","0","2935","1329","1134"
"963","ALIGN_HOLD","38836","45","247.1923828125","0","0","-4000000","60000","4570","4570","0","2935","1329","1044"
"964","ALIGN_HOLD","38836","45","247.1923828125","0","0","0","60000","4571","4571","0","2935","1329","954"
"965","ALIGN_HOLD","38840","49","269.1650390625","4","4000","4000000","60000","4572","4572","0","2935","1329","864"
"966","ALIGN_HOLD","38837","46","252.685546875","-3","-3000","-7000000","60000","4573","4573","0","2935","1329","774"
"967","ALIGN_HOLD","38838","47","258.1787109375","1","1000","4000000","60000","4574","4574","0","2935","1329","684"
"968","ALIGN_HOLD","38840","49","269.1650390625","2","2000","1000000","60000","4575","4575","0","2935","1329","594"
"969","ALIGN_HOLD","38839","48","263.671875","-1","-1000","-3000000","60000","4576","4576","0","2935","1329","504"
"970","ALIGN_HOLD","38839","48","263.671875","0","0","1000000","60000","4577","4577","0","2935","1329","414"
"971","ALIGN_HOLD","38838","47","258.1787109375","-1","-1000","-1000000","60000","4578","4578","0","2935","1329","324"
"972","ALIGN_HOLD","38836","45","247.1923828125","-2","-2000","-1000000","60000","4579","4579","0","2935","1329","234"
"973","ALIGN_HOLD","38838","47","258.1787109375","2","2000","4000000","60000","4580","4580","0","2935","1329","144"
"974","ALIGN_HOLD","38840","49","269.1650390625","2","2000","0","60000","4581","4581","0","2935","1329","54"
"975","ALIGN_HOLD","38838","47","258.1787109375","-2","-2000","-4000000","60000","4582","4582","0","2935","1329","2119"
"976","ALIGN_HOLD","38838","47","258.1787109375","0","0","2000000","60000","4583","4583","0","2935","1329","2029"
"977","ALIGN_HOLD","38838","47","258.1787109375","0","0","0","60000","4584","4584","0","2935","1329","1939"
"978","ALIGN_HOLD","38837","46","252.685546875","-1","-1000","-1000000","60000","4585","4585","0","2935","1329","1849"
"979","ALIGN_HOLD","38838","47","258.1787109375","1","1000","2000000","60000","4586","4586","0","2935","1329","1759"
"980","ALIGN_HOLD","38838","47","258.1787109375","0","0","-1000000","60000","4587","4587","0","2935","1329","1669"
"981","ALIGN_HOLD","38839","48","263.671875","1","1000","1000000","60000","4588","4588","0","2935","1329","1579"
"982","ALIGN_HOLD","38837","46","252.685546875","-2","-2000","-3000000","60000","4589","4589","0","2935","1329","1489"
"983","ALIGN_HOLD","38838","47","258.1787109375","1","1000","3000000","60000","4590","4590","0","2935","1329","1399"
"984","ALIGN_HOLD","38838","47","258.1787109375","0","0","-1000000","60000","4591","4591","0","2935","1329","1309"
"985","ALIGN_HOLD","38836","45","247.1923828125","-2","-2000","-2000000","60000","4592","4592","0","2935","1329","1219"
"986","ALIGN_HOLD","38838","47","258.1787109375","2","2000","4000000","60000","4593","4593","0","2935","1329","1129"
"987","ALIGN_HOLD","38839","48","263.671875","1","1000","-1000000","60000","4594","4594","0","2935","1329","1039"
"988","ALIGN_HOLD","38840","49","269.1650390625","1","1000","0","60000","4595","4595","0","2935","1329","949"
"989","ALIGN_HOLD","38839","48","263.671875","-1","-1000","-2000000","60000","4596","4596","0","2935","1329","859"
"990","ALIGN_HOLD","38835","44","241.69921875","-4","-4000","-3000000","60000","4597","4597","0","2935","1329","769"
"991","ALIGN_HOLD","38837","46","252.685546875","2","2000","6000000","60000","4598","4598","0","2935","1329","679"
"992","ALIGN_HOLD","38838","47","258.1787109375","1","1000","-1000000","60000","4599","4599","0","2935","1329","589"
"993","ALIGN_HOLD","38836","45","247.1923828125","-2","-2000","-3000000","60000","4600","4600","0","2935","1329","499"
"994","ALIGN_HOLD","38841","50","274.658203125","5","5000","7000000","60000","4601","4601","0","2935","1329","409"
"995","ALIGN_HOLD","38837","46","252.685546875","-4","-4000","-9000000","60000","4602","4602","0","2935","1329","319"
"996","ALIGN_HOLD","38840","49","269.1650390625","3","3000","7000000","60000","4603","4603","0","2935","1329","229"
"997","ALIGN_HOLD","38839","48","263.671875","-1","-1000","-4000000","60000","4604","4604","0","2935","1329","139"
"998","ALIGN_HOLD","38837","46","252.685546875","-2","-2000","-1000000","60000","4605","4605","0","2935","1329","49"
"999","ALIGN_HOLD","38837","46","252.685546875","0","0","2000000","60000","4606","4606","0","2935","1329","2114"
"1000","ALIGN_HOLD","38839","48","263.671875","2","2000","2000000","60000","4607","4607","0","2935","1329","2090"
