"Seq","Phase","EncoderRaw","TravelRaw","TravelMilliDeg","DeltaRaw","VelocityRawPerSecond","AccelerationRawPerSecond2","PowerPpm","ScheduledTick","SampleTick","LatenessTicks","LoopCycles","SpiLatencyCycles","PwmCounterAtCs"
"0","ALIGN_RAMP","57281","-2","-10.986328125","-2","-2000","-2000000","0","962039","962039","0","2931","1329","1464"
"1","ALIGN_RAMP","57284","1","5.4931640625","3","3000","5000000","120","962040","962040","0","2935","1329","729"
"2","ALIGN_RAMP","57283","0","0","-1","-1000","-4000000","240","962041","962041","0","2935","1329","639"
"3","ALIGN_RAMP","57283","0","0","0","0","1000000","360","962042","962042","0","2935","1329","549"
"4","ALIGN_RAMP","57284","1","5.4931640625","1","1000","1000000","480","962043","962043","0","2935","1329","459"
"5","ALIGN_RAMP","57283","0","0","-1","-1000","-2000000","600","962044","962044","0","2935","1329","369"
"6","ALIGN_RAMP","57284","1","5.4931640625","1","1000","2000000","720","962045","962045","0","2935","1329","279"
"7","ALIGN_RAMP","57283","0","0","-1","-1000","-2000000","840","962046","962046","0","2935","1329","189"
"8","ALIGN_RAMP","57283","0","0","0","0","1000000","960","962047","962047","0","2935","1329","99"
"9","ALIGN_RAMP","57284","1","5.4931640625","1","1000","1000000","1080","962048","962048","0","2935","1329","9"
"10","ALIGN_RAMP","57280","-3","-16.4794921875","-4","-4000","-5000000","1200","962049","962049","0","2935","1329","2074"
"11","ALIGN_RAMP","57283","0","0","3","3000","7000000","1320","962050","962050","0","2935","1329","1984"
"12","ALIGN_RAMP","57283","0","0","0","0","-3000000","1440","962051","962051","0","2935","1329","1894"
"13","ALIGN_RAMP","57286","3","16.4794921875","3","3000","3000000","1560","962052","962052","0","2935","1329","1804"
"14","ALIGN_RAMP","57285","2","10.986328125","-1","-1000","-4000000","1680","962053","962053","0","2935","1329","1714"
"15","ALIGN_RAMP","57283","0","0","-2","-2000","-1000000","1800","962054","962054","0","2935","1329","1624"
"16","ALIGN_RAMP","57284","1","5.4931640625","1","1000","3000000","1920","962055","962055","0","2935","1329","1534"
"17","ALIGN_RAMP","57283","0","0","-1","-1000","-2000000","2040","962056","962056","0","2935","1329","1444"
"18","ALIGN_RAMP","57285","2","10.986328125","2","2000","3000000","2160","962057","962057","0","2935","1329","1354"
"19","ALIGN_RAMP","57287","4","21.97265625","2","2000","0","2280","962058","962058","0","2935","1329","1264"
"20","ALIGN_RAMP","57281","-2","-10.986328125","-6","-6000","-8000000","2400","962059","962059","0","2935","1329","1174"
"21","ALIGN_RAMP","57283","0","0","2","2000","8000000","2520","962060","962060","0","2935","1329","1084"
"22","ALIGN_RAMP","57284","1","5.4931640625","1","1000","-1000000","2640","962061","962061","0","2935","1329","994"
"23","ALIGN_RAMP","57284","1","5.4931640625","0","0","-1000000","2760","962062","962062","0","2935","1329","904"
"24","ALIGN_RAMP","57284","1","5.4931640625","0","0","0","2880","962063","962063","0","2935","1329","814"
"25","ALIGN_RAMP","57284","1","5.4931640625","0","0","0","3000","962064","962064","0","2935","1329","724"
"26","ALIGN_RAMP","57284","1","5.4931640625","0","0","0","3120","962065","962065","0","2935","1329","634"
"27","ALIGN_RAMP","57284","1","5.4931640625","0","0","0","3240","962066","962066","0","2935","1329","544"
"28","ALIGN_RAMP","57287","4","21.97265625","3","3000","3000000","3360","962067","962067","0","2935","1329","454"
"29","ALIGN_RAMP","57284","1","5.4931640625","-3","-3000","-6000000","3480","962068","962068","0","2935","1329","364"
"30","ALIGN_RAMP","57280","-3","-16.4794921875","-4","-4000","-1000000","3600","962069","962069","0","2935","1329","274"
"31","ALIGN_RAMP","57283","0","0","3","3000","7000000","3720","962070","962070","0","2935","1329","184"
"32","ALIGN_RAMP","57287","4","21.97265625","4","4000","1000000","3840","962071","962071","0","2935","1329","94"
"33","ALIGN_RAMP","57281","-2","-10.986328125","-6","-6000","-10000000","3960","962072","962072","0","2935","1329","4"
"34","ALIGN_RAMP","57284","1","5.4931640625","3","3000","9000000","4080","962073","962073","0","2935","1329","2069"
"35","ALIGN_RAMP","57285","2","10.986328125","1","1000","-2000000","4200","962074","962074","0","2935","1329","1979"
"36","ALIGN_RAMP","57284","1","5.4931640625","-1","-1000","-2000000","4320","962075","962075","0","2935","1329","1889"
"37","ALIGN_RAMP","57285","2","10.986328125","1","1000","2000000","4440","962076","962076","0","2935","1329","1799"
"38","ALIGN_RAMP","57285","2","10.986328125","0","0","-1000000","4560","962077","962077","0","2935","1329","1709"
"39","ALIGN_RAMP","57286","3","16.4794921875","1","1000","1000000","4680","962078","962078","0","2935","1329","1619"
"40","ALIGN_RAMP","57285","2","10.986328125","-1","-1000","-2000000","4800","962079","962079","0","2935","1329","1529"
"41","ALIGN_RAMP","57283","0","0","-2","-2000","-1000000","4920","962080","962080","0","2935","1329","1439"
"42","ALIGN_RAMP","57284","1","5.4931640625","1","1000","3000000","5040","962081","962081","0","2935","1329","1349"
"43","ALIGN_RAMP","57283","0","0","-1","-1000","-2000000","5160","962082","962082","0","2935","1329","1259"
"44","ALIGN_RAMP","57287","4","21.97265625","4","4000","5000000","5280","962083","962083","0","2935","1329","1169"
"45","ALIGN_RAMP","57282","-1","-5.4931640625","-5","-5000","-9000000","5400","962084","962084","0","2935","1329","1079"
"46","ALIGN_RAMP","57285","2","10.986328125","3","3000","8000000","5520","962085","962085","0","2935","1329","989"
"47","ALIGN_RAMP","57281","-2","-10.986328125","-4","-4000","-7000000","5640","962086","962086","0","2935","1329","899"
"48","ALIGN_RAMP","57282","-1","-5.4931640625","1","1000","5000000","5760","962087","962087","0","2935","1329","809"
"49","ALIGN_RAMP","57283","0","0","1","1000","0","5880","962088","962088","0","2935","1329","719"
"50","ALIGN_RAMP","57283","0","0","0","0","-1000000","6000","962089","962089","0","2935","1329","629"
"51","ALIGN_RAMP","57286","3","16.4794921875","3","3000","3000000","6120","962090","962090","0","2935","1329","539"
"52","ALIGN_RAMP","57284","1","5.4931640625","-2","-2000","-5000000","6240","962091","962091","0","2935","1329","449"
"53","ALIGN_RAMP","57284","1","5.4931640625","0","0","2000000","6360","962092","962092","0","2935","1329","359"
"54","ALIGN_RAMP","57279","-4","-21.97265625","-5","-5000","-5000000","6480","962093","962093","0","2935","1329","269"
"55","ALIGN_RAMP","57283","0","0","4","4000","9000000","6600","962094","962094","0","2935","1329","179"
"56","ALIGN_RAMP","57281","-2","-10.986328125","-2","-2000","-6000000","6720","962095","962095","0","2935","1329","89"
"57","ALIGN_RAMP","57283","0","0","2","2000","4000000","6840","962096","962096","0","2935","1329","2154"
"58","ALIGN_RAMP","57284","1","5.4931640625","1","1000","-1000000","6960","962097","962097","0","2935","1329","2064"
"59","ALIGN_RAMP","57283","0","0","-1","-1000","-2000000","7080","962098","962098","0","2935","1329","1974"
"60","ALIGN_RAMP","57281","-2","-10.986328125","-2","-2000","-1000000","7200","962099","962099","0","2935","1329","1884"
"61","ALIGN_RAMP","57280","-3","-16.4794921875","-1","-1000","1000000","7320","962100","962100","0","2935","1329","1794"
"62","ALIGN_RAMP","57284","1","5.4931640625","4","4000","5000000","7440","962101","962101","0","2935","1329","1704"
"63","ALIGN_RAMP","57283","0","0","-1","-1000","-5000000","7560","962102","962102","0","2935","1329","1614"
"64","ALIGN_RAMP","57289","6","32.958984375","6","6000","7000000","7680","962103","962103","0","2935","1329","1524"
"65","ALIGN_RAMP","57284","1","5.4931640625","-5","-5000","-11000000","7800","962104","962104","0","2935","1329","1434"
"66","ALIGN_RAMP","57282","-1","-5.4931640625","-2","-2000","3000000","7920","962105","962105","0","2935","1329","1344"
"67","ALIGN_RAMP","57283","0","0","1","1000","3000000","8040","962106","962106","0","2935","1329","1254"
"68","ALIGN_RAMP","57285","2","10.986328125","2","2000","1000000","8160","962107","962107","0","2935","1329","1164"
"69","ALIGN_RAMP","57287","4","21.97265625","2","2000","0","8280","962108","962108","0","2935","1329","1074"
"70","ALIGN_RAMP","57282","-1","-5.4931640625","-5","-5000","-7000000","8400","962109","962109","0","2935","1329","984"
"71","ALIGN_RAMP","57283","0","0","1","1000","6000000","8520","962110","962110","0","2935","1329","894"
"72","ALIGN_RAMP","57285","2","10.986328125","2","2000","1000000","8640","962111","962111","0","2935","1329","804"
"73","ALIGN_RAMP","57285","2","10.986328125","0","0","-2000000","8760","962112","962112","0","2935","1329","714"
"74","ALIGN_RAMP","57284","1","5.4931640625","-1","-1000","-1000000","8880","962113","962113","0","2935","1329","624"
"75","ALIGN_RAMP","57285","2","10.986328125","1","1000","2000000","9000","962114","962114","0","2935","1329","534"
"76","ALIGN_RAMP","57283","0","0","-2","-2000","-3000000","9120","962115","962115","0","2935","1329","444"
"77","ALIGN_RAMP","57281","-2","-10.986328125","-2","-2000","0","9240","962116","962116","0","2935","1329","354"
"78","ALIGN_RAMP","57286","3","16.4794921875","5","5000","7000000","9360","962117","962117","0","2935","1329","264"
"79","ALIGN_RAMP","57285","2","10.986328125","-1","-1000","-6000000","9480","962118","962118","0","2935","1329","174"
"80","ALIGN_RAMP","57284","1","5.4931640625","-1","-1000","0","9600","962119","962119","0","2935","1329","84"
"81","ALIGN_RAMP","57286","3","16.4794921875","2","2000","3000000","9720","962120","962120","0","2935","1329","2149"
"82","ALIGN_RAMP","57281","-2","-10.986328125","-5","-5000","-7000000","9840","962121","962121","0","2935","1329","2059"
"83","ALIGN_RAMP","57284","1","5.4931640625","3","3000","8000000","9960","962122","962122","0","2935","1329","1969"
"84","ALIGN_RAMP","57284","1","5.4931640625","0","0","-3000000","10080","962123","962123","0","2935","1329","1879"
"85","ALIGN_RAMP","57285","2","10.986328125","1","1000","1000000","10200","962124","962124","0","2935","1329","1789"
"86","ALIGN_RAMP","57286","3","16.4794921875","1","1000","0","10320","962125","962125","0","2935","1329","1699"
"87","ALIGN_RAMP","57286","3","16.4794921875","0","0","-1000000","10440","962126","962126","0","2935","1329","1609"
"88","ALIGN_RAMP","57286","3","16.4794921875","0","0","0","10560","962127","962127","0","2935","1329","1519"
"89","ALIGN_RAMP","57283","0","0","-3","-3000","-3000000","10680","962128","962128","0","2935","1329","1429"
"90","ALIGN_RAMP","57284","1","5.4931640625","1","1000","4000000","10800","962129","962129","0","2935","1329","1339"
"91","ALIGN_RAMP","57283","0","0","-1","-1000","-2000000","10920","962130","962130","0","2935","1329","1249"
"92","ALIGN_RAMP","57284","1","5.4931640625","1","1000","2000000","11040","962131","962131","0","2935","1329","1159"
"93","ALIGN_RAMP","57284","1","5.4931640625","0","0","-1000000","11160","962132","962132","0","2935","1329","1069"
"94","ALIGN_RAMP","57284","1","5.4931640625","0","0","0","11280","962133","962133","0","2935","1329","979"
"95","ALIGN_RAMP","57283","0","0","-1","-1000","-1000000","11400","962134","962134","0","2935","1329","889"
"96","ALIGN_RAMP","57284","1","5.4931640625","1","1000","2000000","11520","962135","962135","0","2935","1329","799"
"97","ALIGN_RAMP","57284","1","5.4931640625","0","0","-1000000","11640","962136","962136","0","2935","1329","709"
"98","ALIGN_RAMP","57282","-1","-5.4931640625","-2","-2000","-2000000","11760","962137","962137","0","2935","1329","619"
"99","ALIGN_RAMP","57285","2","10.986328125","3","3000","5000000","11880","962138","962138","0","2935","1329","529"
"100","ALIGN_RAMP","57283","0","0","-2","-2000","-5000000","12000","962139","962139","0","2935","1329","439"
"101","ALIGN_RAMP","57285","2","10.986328125","2","2000","4000000","12120","962140","962140","0","2935","1329","349"
"102","ALIGN_RAMP","57282","-1","-5.4931640625","-3","-3000","-5000000","12240","962141","962141","0","2935","1329","259"
"103","ALIGN_RAMP","57282","-1","-5.4931640625","0","0","3000000","12360","962142","962142","0","2935","1329","169"
"104","ALIGN_RAMP","57284","1","5.4931640625","2","2000","2000000","12480","962143","962143","0","2935","1329","79"
"105","ALIGN_RAMP","57284","1","5.4931640625","0","0","-2000000","12600","962144","962144","0","2935","1329","2144"
"106","ALIGN_RAMP","57282","-1","-5.4931640625","-2","-2000","-2000000","12720","962145","962145","0","2935","1329","2054"
"107","ALIGN_RAMP","57283","0","0","1","1000","3000000","12840","962146","962146","0","2935","1329","1964"
"108","ALIGN_RAMP","57283","0","0","0","0","-1000000","12960","962147","962147","0","2935","1329","1874"
"109","ALIGN_RAMP","57286","3","16.4794921875","3","3000","3000000","13080","962148","962148","0","2935","1329","1784"
"110","ALIGN_RAMP","57285","2","10.986328125","-1","-1000","-4000000","13200","962149","962149","0","2935","1329","1694"
"111","ALIGN_RAMP","57287","4","21.97265625","2","2000","3000000","13320","962150","962150","0","2935","1329","1604"
"112","ALIGN_RAMP","57281","-2","-10.986328125","-6","-6000","-8000000","13440","962151","962151","0","2935","1329","1514"
"113","ALIGN_RAMP","57283","0","0","2","2000","8000000","13560","962152","962152","0","2935","1329","1424"
"114","ALIGN_RAMP","57285","2","10.986328125","2","2000","0","13680","962153","962153","0","2935","1329","1334"
"115","ALIGN_RAMP","57283","0","0","-2","-2000","-4000000","13800","962154","962154","0","2935","1329","1244"
"116","ALIGN_RAMP","57288","5","27.4658203125","5","5000","7000000","13920","962155","962155","0","2935","1329","1154"
"117","ALIGN_RAMP","57284","1","5.4931640625","-4","-4000","-9000000","14040","962156","962156","0","2935","1329","1064"
"118","ALIGN_RAMP","57282","-1","-5.4931640625","-2","-2000","2000000","14160","962157","962157","0","2935","1329","974"
"119","ALIGN_RAMP","57282","-1","-5.4931640625","0","0","2000000","14280","962158","962158","0","2935","1329","884"
"120","ALIGN_RAMP","57284","1","5.4931640625","2","2000","2000000","14400","962159","962159","0","2935","1329","794"
"121","ALIGN_RAMP","57282","-1","-5.4931640625","-2","-2000","-4000000","14520","962160","962160","0","2935","1329","704"
"122","ALIGN_RAMP","57282","-1","-5.4931640625","0","0","2000000","14640","962161","962161","0","2935","1329","614"
"123","ALIGN_RAMP","57283","0","0","1","1000","1000000","14760","962162","962162","0","2935","1329","524"
"124","ALIGN_RAMP","57283","0","0","0","0","-1000000","14880","962163","962163","0","2935","1329","434"
"125","ALIGN_RAMP","57284","1","5.4931640625","1","1000","1000000","15000","962164","962164","0","2935","1329","344"
"126","ALIGN_RAMP","57286","3","16.4794921875","2","2000","1000000","15120","962165","962165","0","2935","1329","254"
"127","ALIGN_RAMP","57283","0","0","-3","-3000","-5000000","15240","962166","962166","0","2935","1329","164"
"128","ALIGN_RAMP","57282","-1","-5.4931640625","-1","-1000","2000000","15360","962167","962167","0","2935","1329","74"
"129","ALIGN_RAMP","57284","1","5.4931640625","2","2000","3000000","15480","962168","962168","0","2935","1329","2139"
"130","ALIGN_RAMP","57285","2","10.986328125","1","1000","-1000000","15600","962169","962169","0","2935","1329","2049"
"131","ALIGN_RAMP","57285","2","10.986328125","0","0","-1000000","15720","962170","962170","0","2935","1329","1959"
"132","ALIGN_RAMP","57281","-2","-10.986328125","-4","-4000","-4000000","15840","962171","962171","0","2935","1329","1869"
"133","ALIGN_RAMP","57283","0","0","2","2000","6000000","15960","962172","962172","0","2935","1329","1779"
"134","ALIGN_RAMP","57283","0","0","0","0","-2000000","16080","962173","962173","0","2935","1329","1689"
"135","ALIGN_RAMP","57287","4","21.97265625","4","4000","4000000","16200","962174","962174","0","2935","1329","1599"
"136","ALIGN_RAMP","57286","3","16.4794921875","-1","-1000","-5000000","16320","962175","962175","0","2935","1329","1509"
"137","ALIGN_RAMP","57281","-2","-10.986328125","-5","-5000","-4000000","16440","962176","962176","0","2935","1329","1419"
"138","ALIGN_RAMP","57281","-2","-10.986328125","0","0","5000000","16560","962177","962177","0","2935","1329","1329"
"139","ALIGN_RAMP","57285","2","10.986328125","4","4000","4000000","16680","962178","962178","0","2935","1329","1239"
"140","ALIGN_RAMP","57285","2","10.986328125","0","0","-4000000","16800","962179","962179","0","2935","1329","1149"
"141","ALIGN_RAMP","57284","1","5.4931640625","-1","-1000","-1000000","16920","962180","962180","0","2935","1329","1059"
"142","ALIGN_RAMP","57286","3","16.4794921875","2","2000","3000000","17040","962181","962181","0","2935","1329","969"
"143","ALIGN_RAMP","57284","1","5.4931640625","-2","-2000","-4000000","17160","962182","962182","0","2935","1329","879"
"144","ALIGN_RAMP","57284","1","5.4931640625","0","0","2000000","17280","962183","962183","0","2935","1329","789"
"145","ALIGN_RAMP","57284","1","5.4931640625","0","0","0","17400","962184","962184","0","2935","1329","699"
"146","ALIGN_RAMP","57284","1","5.4931640625","0","0","0","17520","962185","962185","0","2935","1329","609"
"147","ALIGN_RAMP","57283","0","0","-1","-1000","-1000000","17640","962186","962186","0","2935","1329","519"
"148","ALIGN_RAMP","57283","0","0","0","0","1000000","17760","962187","962187","0","2935","1329","429"
"149","ALIGN_RAMP","57283","0","0","0","0","0","17880","962188","962188","0","2935","1329","339"
"150","ALIGN_RAMP","57282","-1","-5.4931640625","-1","-1000","-1000000","18000","962189","962189","0","2935","1329","249"
"151","ALIGN_RAMP","57283","0","0","1","1000","2000000","18120","962190","962190","0","2935","1329","159"
"152","ALIGN_RAMP","57283","0","0","0","0","-1000000","18240","962191","962191","0","2935","1329","69"
"153","ALIGN_RAMP","57283","0","0","0","0","0","18360","962192","962192","0","2935","1329","2134"
"154","ALIGN_RAMP","57285","2","10.986328125","2","2000","2000000","18480","962193","962193","0","2935","1329","2044"
"155","ALIGN_RAMP","57285","2","10.986328125","0","0","-2000000","18600","962194","962194","0","2935","1329","1954"
"156","ALIGN_RAMP","57284","1","5.4931640625","-1","-1000","-1000000","18720","962195","962195","0","2935","1329","1864"
"157","ALIGN_RAMP","57286","3","16.4794921875","2","2000","3000000","18840","962196","962196","0","2935","1329","1774"
"158","ALIGN_RAMP","57285","2","10.986328125","-1","-1000","-3000000","18960","962197","962197","0","2935","1329","1684"
"159","ALIGN_RAMP","57285","2","10.986328125","0","0","1000000","19080","962198","962198","0","2935","1329","1594"
"160","ALIGN_RAMP","57284","1","5.4931640625","-1","-1000","-1000000","19200","962199","962199","0","2935","1329","1504"
"161","ALIGN_RAMP","57283","0","0","-1","-1000","0","19320","962200","962200","0","2935","1329","1414"
"162","ALIGN_RAMP","57286","3","16.4794921875","3","3000","4000000","19440","962201","962201","0","2935","1329","1324"
"163","ALIGN_RAMP","57284","1","5.4931640625","-2","-2000","-5000000","19560","962202","962202","0","2935","1329","1234"
"164","ALIGN_RAMP","57286","3","16.4794921875","2","2000","4000000","19680","962203","962203","0","2935","1329","1144"
"165","ALIGN_RAMP","57284","1","5.4931640625","-2","-2000","-4000000","19800","962204","962204","0","2935","1329","1054"
"166","ALIGN_RAMP","57281","-2","-10.986328125","-3","-3000","-1000000","19920","962205","962205","0","2935","1329","964"
"167","ALIGN_RAMP","57285","2","10.986328125","4","4000","7000000","20040","962206","962206","0","2935","1329","874"
"168","ALIGN_RAMP","57285","2","10.986328125","0","0","-4000000","20160","962207","962207","0","2935","1329","784"
"169","ALIGN_RAMP","57287","4","21.97265625","2","2000","2000000","20280","962208","962208","0","2935","1329","694"
"170","ALIGN_RAMP","57284","1","5.4931640625","-3","-3000","-5000000","20400","962209","962209","0","2935","1329","604"
"171","ALIGN_RAMP","57286","3","16.4794921875","2","2000","5000000","20520","962210","962210","0","2935","1329","514"
"172","ALIGN_RAMP","57283","0","0","-3","-3000","-5000000","20640","962211","962211","0","2935","1329","424"
"173","ALIGN_RAMP","57283","0","0","0","0","3000000","20760","962212","962212","0","2935","1329","334"
"174","ALIGN_RAMP","57281","-2","-10.986328125","-2","-2000","-2000000","20880","962213","962213","0","2935","1329","244"
"175","ALIGN_RAMP","57284","1","5.4931640625","3","3000","5000000","21000","962214","962214","0","2935","1329","154"
"176","ALIGN_RAMP","57286","3","16.4794921875","2","2000","-1000000","21120","962215","962215","0","2935","1329","64"
"177","ALIGN_RAMP","57284","1","5.4931640625","-2","-2000","-4000000","21240","962216","962216","0","2935","1329","2129"
"178","ALIGN_RAMP","57283","0","0","-1","-1000","1000000","21360","962217","962217","0","2935","1329","2039"
"179","ALIGN_RAMP","57286","3","16.4794921875","3","3000","4000000","21480","962218","962218","0","2935","1329","1949"
"180","ALIGN_RAMP","57284","1","5.4931640625","-2","-2000","-5000000","21600","962219","962219","0","2935","1329","1859"
"181","ALIGN_RAMP","57281","-2","-10.986328125","-3","-3000","-1000000","21720","962220","962220","0","2935","1329","1769"
"182","ALIGN_RAMP","57285","2","10.986328125","4","4000","7000000","21840","962221","962221","0","2935","1329","1679"
"183","ALIGN_RAMP","57283","0","0","-2","-2000","-6000000","21960","962222","962222","0","2935","1329","1589"
"184","ALIGN_RAMP","57287","4","21.97265625","4","4000","6000000","22080","962223","962223","0","2935","1329","1499"
"185","ALIGN_RAMP","57280","-3","-16.4794921875","-7","-7000","-11000000","22200","962224","962224","0","2935","1329","1409"
"186","ALIGN_RAMP","57284","1","5.4931640625","4","4000","11000000","22320","962225","962225","0","2935","1329","1319"
"187","ALIGN_RAMP","57284","1","5.4931640625","0","0","-4000000","22440","962226","962226","0","2935","1329","1229"
"188","ALIGN_RAMP","57285","2","10.986328125","1","1000","1000000","22560","962227","962227","0","2935","1329","1139"
"189","ALIGN_RAMP","57284","1","5.4931640625","-1","-1000","-2000000","22680","962228","962228","0","2935","1329","1049"
"190","ALIGN_RAMP","57282","-1","-5.4931640625","-2","-2000","-1000000","22800","962229","962229","0","2935","1329","959"
"191","ALIGN_RAMP","57286","3","16.4794921875","4","4000","6000000","22920","962230","962230","0","2935","1329","869"
"192","ALIGN_RAMP","57282","-1","-5.4931640625","-4","-4000","-8000000","23040","962231","962231","0","2935","1329","779"
"193","ALIGN_RAMP","57284","1","5.4931640625","2","2000","6000000","23160","962232","962232","0","2935","1329","689"
"194","ALIGN_RAMP","57284","1","5.4931640625","0","0","-2000000","23280","962233","962233","0","2935","1329","599"
"195","ALIGN_RAMP","57283","0","0","-1","-1000","-1000000","23400","962234","962234","0","2935","1329","509"
"196","ALIGN_RAMP","57285","2","10.986328125","2","2000","3000000","23520","962235","962235","0","2935","1329","419"
"197","ALIGN_RAMP","57284","1","5.4931640625","-1","-1000","-3000000","23640","962236","962236","0","2935","1329","329"
"198","ALIGN_RAMP","57283","0","0","-1","-1000","0","23760","962237","962237","0","2935","1329","239"
"199","ALIGN_RAMP","57283","0","0","0","0","1000000","23880","962238","962238","0","2935","1329","149"
"200","ALIGN_RAMP","57288","5","27.4658203125","5","5000","5000000","24000","962239","962239","0","2935","1329","125"
"201","ALIGN_RAMP","57285","2","10.986328125","-3","-3000","-8000000","24120","962240","962240","0","2935","1329","2124"
"202","ALIGN_RAMP","57284","1","5.4931640625","-1","-1000","2000000","24240","962241","962241","0","2935","1329","2034"
"203","ALIGN_RAMP","57287","4","21.97265625","3","3000","4000000","24360","962242","962242","0","2935","1329","1944"
"204","ALIGN_RAMP","57287","4","21.97265625","0","0","-3000000","24480","962243","962243","0","2935","1329","1854"
"205","ALIGN_RAMP","57284","1","5.4931640625","-3","-3000","-3000000","24600","962244","962244","0","2935","1329","1764"
"206","ALIGN_RAMP","57282","-1","-5.4931640625","-2","-2000","1000000","24720","962245","962245","0","2935","1329","1674"
"207","ALIGN_RAMP","57284","1","5.4931640625","2","2000","4000000","24840","962246","962246","0","2935","1329","1584"
"208","ALIGN_RAMP","57284","1","5.4931640625","0","0","-2000000","24960","962247","962247","0","2935","1329","1494"
"209","ALIGN_RAMP","57285","2","10.986328125","1","1000","1000000","25080","962248","962248","0","2935","1329","1404"
"210","ALIGN_RAMP","57283","0","0","-2","-2000","-3000000","25200","962249","962249","0","2935","1329","1314"
"211","ALIGN_RAMP","57284","1","5.4931640625","1","1000","3000000","25320","962250","962250","0","2935","1329","1224"
"212","ALIGN_RAMP","57286","3","16.4794921875","2","2000","1000000","25440","962251","962251","0","2935","1329","1134"
"213","ALIGN_RAMP","57283","0","0","-3","-3000","-5000000","25560","962252","962252","0","2935","1329","1044"
"214","ALIGN_RAMP","57283","0","0","0","0","3000000","25680","962253","962253","0","2935","1329","954"
"215","ALIGN_RAMP","57286","3","16.4794921875","3","3000","3000000","25800","962254","962254","0","2935","1329","864"
"216","ALIGN_RAMP","57286","3","16.4794921875","0","0","-3000000","25920","962255","962255","0","2935","1329","774"
"217","ALIGN_RAMP","57283","0","0","-3","-3000","-3000000","26040","962256","962256","0","2935","1329","684"
"218","ALIGN_RAMP","57285","2","10.986328125","2","2000","5000000","26160","962257","962257","0","2935","1329","594"
"219","ALIGN_RAMP","57285","2","10.986328125","0","0","-2000000","26280","962258","962258","0","2935","1329","504"
"220","ALIGN_RAMP","57287","4","21.97265625","2","2000","2000000","26400","962259","962259","0","2935","1329","414"
"221","ALIGN_RAMP","57282","-1","-5.4931640625","-5","-5000","-7000000","26520","962260","962260","0","2935","1329","324"
"222","ALIGN_RAMP","57285","2","10.986328125","3","3000","8000000","26640","962261","962261","0","2935","1329","234"
"223","ALIGN_RAMP","57286","3","16.4794921875","1","1000","-2000000","26760","962262","962262","0","2935","1329","144"
"224","ALIGN_RAMP","57284","1","5.4931640625","-2","-2000","-3000000","26880","962263","962263","0","2935","1329","54"
"225","ALIGN_RAMP","57284","1","5.4931640625","0","0","2000000","27000","962264","962264","0","2935","1329","2119"
"226","ALIGN_RAMP","57282","-1","-5.4931640625","-2","-2000","-2000000","27120","962265","962265","0","2935","1329","2029"
"227","ALIGN_RAMP","57285","2","10.986328125","3","3000","5000000","27240","962266","962266","0","2935","1329","1939"
"228","ALIGN_RAMP","57284","1","5.4931640625","-1","-1000","-4000000","27360","962267","962267","0","2935","1329","1849"
"229","ALIGN_RAMP","57285","2","10.986328125","1","1000","2000000","27480","962268","962268","0","2935","1329","1759"
"230","ALIGN_RAMP","57283","0","0","-2","-2000","-3000000","27600","962269","962269","0","2935","1329","1669"
"231","ALIGN_RAMP","57287","4","21.97265625","4","4000","6000000","27720","962270","962270","0","2935","1329","1579"
"232","ALIGN_RAMP","57283","0","0","-4","-4000","-8000000","27840","962271","962271","0","2935","1329","1489"
"233","ALIGN_RAMP","57286","3","16.4794921875","3","3000","7000000","27960","962272","962272","0","2935","1329","1399"
"234","ALIGN_RAMP","57286","3","16.4794921875","0","0","-3000000","28080","962273","962273","0","2935","1329","1309"
"235","ALIGN_RAMP","57285","2","10.986328125","-1","-1000","-1000000","28200","962274","962274","0","2935","1329","1219"
"236","ALIGN_RAMP","57285","2","10.986328125","0","0","1000000","28320","962275","962275","0","2935","1329","1129"
"237","ALIGN_RAMP","57288","5","27.4658203125","3","3000","3000000","28440","962276","962276","0","2935","1329","1039"
"238","ALIGN_RAMP","57281","-2","-10.986328125","-7","-7000","-10000000","28560","962277","962277","0","2935","1329","949"
"239","ALIGN_RAMP","57283","0","0","2","2000","9000000","28680","962278","962278","0","2935","1329","859"
"240","ALIGN_RAMP","57283","0","0","0","0","-2000000","28800","962279","962279","0","2935","1329","769"
"241","ALIGN_RAMP","57284","1","5.4931640625","1","1000","1000000","28920","962280","962280","0","2935","1329","679"
"242","ALIGN_RAMP","57284","1","5.4931640625","0","0","-1000000","29040","962281","962281","0","2935","1329","589"
"243","ALIGN_RAMP","57284","1","5.4931640625","0","0","0","29160","962282","962282","0","2935","1329","499"
"244","ALIGN_RAMP","57288","5","27.4658203125","4","4000","4000000","29280","962283","962283","0","2935","1329","409"
"245","ALIGN_RAMP","57288","5","27.4658203125","0","0","-4000000","29400","962284","962284","0","2935","1329","319"
"246","ALIGN_RAMP","57286","3","16.4794921875","-2","-2000","-2000000","29520","962285","962285","0","2935","1329","229"
"247","ALIGN_RAMP","57284","1","5.4931640625","-2","-2000","0","29640","962286","962286","0","2935","1329","139"
"248","ALIGN_RAMP","57285","2","10.986328125","1","1000","3000000","29760","962287","962287","0","2935","1329","49"
"249","ALIGN_RAMP","57285","2","10.986328125","0","0","-1000000","29880","962288","962288","0","2935","1329","2114"
"250","ALIGN_RAMP","57283","0","0","-2","-2000","-2000000","30000","962289","962289","0","2935","1329","2024"
"251","ALIGN_RAMP","57286","3","16.4794921875","3","3000","5000000","30120","962290","962290","0","2935","1329","1934"
"252","ALIGN_RAMP","57283","0","0","-3","-3000","-6000000","30240","962291","962291","0","2935","1329","1844"
"253","ALIGN_RAMP","57285","2","10.986328125","2","2000","5000000","30360","962292","962292","0","2935","1329","1754"
"254","ALIGN_RAMP","57283","0","0","-2","-2000","-4000000","30480","962293","962293","0","2935","1329","1664"
"255","ALIGN_RAMP","57285","2","10.986328125","2","2000","4000000","30600","962294","962294","0","2935","1329","1574"
"256","ALIGN_RAMP","57288","5","27.4658203125","3","3000","1000000","30720","962295","962295","0","2935","1329","1484"
"257","ALIGN_RAMP","57287","4","21.97265625","-1","-1000","-4000000","30840","962296","962296","0","2935","1329","1394"
"258","ALIGN_RAMP","57285","2","10.986328125","-2","-2000","-1000000","30960","962297","962297","0","2935","1329","1304"
"259","ALIGN_RAMP","57286","3","16.4794921875","1","1000","3000000","31080","962298","962298","0","2935","1329","1214"
"260","ALIGN_RAMP","57283","0","0","-3","-3000","-4000000","31200","962299","962299","0","2935","1329","1124"
"261","ALIGN_RAMP","57285","2","10.986328125","2","2000","5000000","31320","962300","962300","0","2935","1329","1034"
"262","ALIGN_RAMP","57284","1","5.4931640625","-1","-1000","-3000000","31440","962301","962301","0","2935","1329","944"
"263","ALIGN_RAMP","57288","5","27.4658203125","4","4000","5000000","31560","962302","962302","0","2935","1329","854"
"264","ALIGN_RAMP","57284","1","5.4931640625","-4","-4000","-8000000","31680","962303","962303","0","2935","1329","764"
"265","ALIGN_RAMP","57282","-1","-5.4931640625","-2","-2000","2000000","31800","962304","962304","0","2935","1329","674"
"266","ALIGN_RAMP","57287","4","21.97265625","5","5000","7000000","31920","962305","962305","0","2935","1329","584"
"267","ALIGN_RAMP","57283","0","0","-4","-4000","-9000000","32040","962306","962306","0","2935","1329","494"
"268","ALIGN_RAMP","57285","2","10.986328125","2","2000","6000000","32160","962307","962307","0","2935","1329","404"
"269","ALIGN_RAMP","57285","2","10.986328125","0","0","-2000000","32280","962308","962308","0","2935","1329","314"
"270","ALIGN_RAMP","57287","4","21.97265625","2","2000","2000000","32400","962309","962309","0","2935","1329","224"
"271","ALIGN_RAMP","57286","3","16.4794921875","-1","-1000","-3000000","32520","962310","962310","0","2935","1329","134"
"272","ALIGN_RAMP","57284","1","5.4931640625","-2","-2000","-1000000","32640","962311","962311","0","2935","1329","44"
"273","ALIGN_RAMP","57290","7","38.4521484375","6","6000","8000000","32760","962312","962312","0","2935","1329","2109"
"274","ALIGN_RAMP","57285","2","10.986328125","-5","-5000","-11000000","32880","962313","962313","0","2935","1329","2019"
"275","ALIGN_RAMP","57285","2","10.986328125","0","0","5000000","33000","962314","962314","0","2935","1329","1929"
"276","ALIGN_RAMP","57286","3","16.4794921875","1","1000","1000000","33120","962315","962315","0","2935","1329","1839"
"277","ALIGN_RAMP","57288","5","27.4658203125","2","2000","1000000","33240","962316","962316","0","2935","1329","1749"
"278","ALIGN_RAMP","57288","5","27.4658203125","0","0","-2000000","33360","962317","962317","0","2935","1329","1659"
"279","ALIGN_RAMP","57284","1","5.4931640625","-4","-4000","-4000000","33480","962318","962318","0","2935","1329","1569"
"280","ALIGN_RAMP","57287","4","21.97265625","3","3000","7000000","33600","962319","962319","0","2935","1329","1479"
"281","ALIGN_RAMP","57288","5","27.4658203125","1","1000","-2000000","33720","962320","962320","0","2935","1329","1389"
"282","ALIGN_RAMP","57288","5","27.4658203125","0","0","-1000000","33840","962321","962321","0","2935","1329","1299"
"283","ALIGN_RAMP","57288","5","27.4658203125","0","0","0","33960","962322","962322","0","2935","1329","1209"
"284","ALIGN_RAMP","57285","2","10.986328125","-3","-3000","-3000000","34080","962323","962323","0","2935","1329","1119"
"285","ALIGN_RAMP","57287","4","21.97265625","2","2000","5000000","34200","962324","962324","0","2935","1329","1029"
"286","ALIGN_RAMP","57286","3","16.4794921875","-1","-1000","-3000000","34320","962325","962325","0","2935","1329","939"
"287","ALIGN_RAMP","57286","3","16.4794921875","0","0","1000000","34440","962326","962326","0","2935","1329","849"
"288","ALIGN_RAMP","57287","4","21.97265625","1","1000","1000000","34560","962327","962327","0","2935","1329","759"
"289","ALIGN_RAMP","57287","4","21.97265625","0","0","-1000000","34680","962328","962328","0","2935","1329","669"
"290","ALIGN_RAMP","57285","2","10.986328125","-2","-2000","-2000000","34800","962329","962329","0","2935","1329","579"
"291","ALIGN_RAMP","57287","4","21.97265625","2","2000","4000000","34920","962330","962330","0","2935","1329","489"
"292","ALIGN_RAMP","57288","5","27.4658203125","1","1000","-1000000","35040","962331","962331","0","2935","1329","399"
"293","ALIGN_RAMP","57289","6","32.958984375","1","1000","0","35160","962332","962332","0","2935","1329","309"
"294","ALIGN_RAMP","57285","2","10.986328125","-4","-4000","-5000000","35280","962333","962333","0","2935","1329","219"
"295","ALIGN_RAMP","57286","3","16.4794921875","1","1000","5000000","35400","962334","962334","0","2935","1329","129"
"296","ALIGN_RAMP","57285","2","10.986328125","-1","-1000","-2000000","35520","962335","962335","0","2935","1329","39"
"297","ALIGN_RAMP","57289","6","32.958984375","4","4000","5000000","35640","962336","962336","0","2935","1329","2104"
"298","ALIGN_RAMP","57288","5","27.4658203125","-1","-1000","-5000000","35760","962337","962337","0","2935","1329","2014"
"299","ALIGN_RAMP","57290","7","38.4521484375","2","2000","3000000","35880","962338","962338","0","2935","1329","1924"
"300","ALIGN_RAMP","57286","3","16.4794921875","-4","-4000","-6000000","36000","962339","962339","0","2935","1329","1834"
"301","ALIGN_RAMP","57287","4","21.97265625","1","1000","5000000","36120","962340","962340","0","2935","1329","1744"
"302","ALIGN_RAMP","57287","4","21.97265625","0","0","-1000000","36240","962341","962341","0","2935","1329","1654"
"303","ALIGN_RAMP","57285","2","10.986328125","-2","-2000","-2000000","36360","962342","962342","0","2935","1329","1564"
"304","ALIGN_RAMP","57290","7","38.4521484375","5","5000","7000000","36480","962343","962343","0","2935","1329","1474"
"305","ALIGN_RAMP","57285","2","10.986328125","-5","-5000","-10000000","36600","962344","962344","0","2935","1329","1384"
"306","ALIGN_RAMP","57287","4","21.97265625","2","2000","7000000","36720","962345","962345","0","2935","1329","1294"
"307","ALIGN_RAMP","57288","5","27.4658203125","1","1000","-1000000","36840","962346","962346","0","2935","1329","1204"
"308","ALIGN_RAMP","57288","5","27.4658203125","0","0","-1000000","36960","962347","962347","0","2935","1329","1114"
"309","ALIGN_RAMP","57290","7","38.4521484375","2","2000","2000000","37080","962348","962348","0","2935","1329","1024"
"310","ALIGN_RAMP","57287","4","21.97265625","-3","-3000","-5000000","37200","962349","962349","0","2935","1329","934"
"311","ALIGN_RAMP","57288","5","27.4658203125","1","1000","4000000","37320","962350","962350","0","2935","1329","844"
"312","ALIGN_RAMP","57286","3","16.4794921875","-2","-2000","-3000000","37440","962351","962351","0","2935","1329","754"
"313","ALIGN_RAMP","57289","6","32.958984375","3","3000","5000000","37560","962352","962352","0","2935","1329","664"
"314","ALIGN_RAMP","57288","5","27.4658203125","-1","-1000","-4000000","37680","962353","962353","0","2935","1329","574"
"315","ALIGN_RAMP","57288","5","27.4658203125","0","0","1000000","37800","962354","962354","0","2935","1329","484"
"316","ALIGN_RAMP","57288","5","27.4658203125","0","0","0","37920","962355","962355","0","2935","1329","394"
"317","ALIGN_RAMP","57288","5","27.4658203125","0","0","0","38040","962356","962356","0","2935","1329","304"
"318","ALIGN_RAMP","57286","3","16.4794921875","-2","-2000","-2000000","38160","962357","962357","0","2935","1329","214"
"319","ALIGN_RAMP","57291","8","43.9453125","5","5000","7000000","38280","962358","962358","0","2935","1329","124"
"320","ALIGN_RAMP","57289","6","32.958984375","-2","-2000","-7000000","38400","962359","962359","0","2935","1329","34"
"321","ALIGN_RAMP","57289","6","32.958984375","0","0","2000000","38520","962360","962360","0","2935","1329","2099"
"322","ALIGN_RAMP","57286","3","16.4794921875","-3","-3000","-3000000","38640","962361","962361","0","2935","1329","2009"
"323","ALIGN_RAMP","57290","7","38.4521484375","4","4000","7000000","38760","962362","962362","0","2935","1329","1919"
"324","ALIGN_RAMP","57288","5","27.4658203125","-2","-2000","-6000000","38880","962363","962363","0","2935","1329","1829"
"325","ALIGN_RAMP","57290","7","38.4521484375","2","2000","4000000","39000","962364","962364","0","2935","1329","1739"
"326","ALIGN_RAMP","57290","7","38.4521484375","0","0","-2000000","39120","962365","962365","0","2935","1329","1649"
"327","ALIGN_RAMP","57290","7","38.4521484375","0","0","0","39240","962366","962366","0","2935","1329","1559"
"328","ALIGN_RAMP","57290","7","38.4521484375","0","0","0","39360","962367","962367","0","2935","1329","1469"
"329","ALIGN_RAMP","57292","9","49.4384765625","2","2000","2000000","39480","962368","962368","0","2935","1329","1379"
"330","ALIGN_RAMP","57291","8","43.9453125","-1","-1000","-3000000","39600","962369","962369","0","2935","1329","1289"
"331","ALIGN_RAMP","57291","8","43.9453125","0","0","1000000","39720","962370","962370","0","2935","1329","1199"
"332","ALIGN_RAMP","57292","9","49.4384765625","1","1000","1000000","39840","962371","962371","0","2935","1329","1109"
"333","ALIGN_RAMP","57291","8","43.9453125","-1","-1000","-2000000","39960","962372","962372","0","2935","1329","1019"
"334","ALIGN_RAMP","57285","2","10.986328125","-6","-6000","-5000000","40080","962373","962373","0","2935","1329","929"
"335","ALIGN_RAMP","57290","7","38.4521484375","5","5000","11000000","40200","962374","962374","0","2935","1329","839"
"336","ALIGN_RAMP","57290","7","38.4521484375","0","0","-5000000","40320","962375","962375","0","2935","1329","749"
"337","ALIGN_RAMP","57289","6","32.958984375","-1","-1000","-1000000","40440","962376","962376","0","2935","1329","659"
"338","ALIGN_RAMP","57292","9","49.4384765625","3","3000","4000000","40560","962377","962377","0","2935","1329","569"
"339","ALIGN_RAMP","57289","6","32.958984375","-3","-3000","-6000000","40680","962378","962378","0","2935","1329","479"
"340","ALIGN_RAMP","57292","9","49.4384765625","3","3000","6000000","40800","962379","962379","0","2935","1329","389"
"341","ALIGN_RAMP","57287","4","21.97265625","-5","-5000","-8000000","40920","962380","962380","0","2935","1329","299"
"342","ALIGN_RAMP","57290","7","38.4521484375","3","3000","8000000","41040","962381","962381","0","2935","1329","209"
"343","ALIGN_RAMP","57290","7","38.4521484375","0","0","-3000000","41160","962382","962382","0","2935","1329","119"
"344","ALIGN_RAMP","57291","8","43.9453125","1","1000","1000000","41280","962383","962383","0","2935","1329","29"
"345","ALIGN_RAMP","57290","7","38.4521484375","-1","-1000","-2000000","41400","962384","962384","0","2935","1329","2094"
"346","ALIGN_RAMP","57287","4","21.97265625","-3","-3000","-2000000","41520","962385","962385","0","2935","1329","2004"
"347","ALIGN_RAMP","57289","6","32.958984375","2","2000","5000000","41640","962386","962386","0","2935","1329","1914"
"348","ALIGN_RAMP","57291","8","43.9453125","2","2000","0","41760","962387","962387","0","2935","1329","1824"
"349","ALIGN_RAMP","57291","8","43.9453125","0","0","-2000000","41880","962388","962388","0","2935","1329","1734"
"350","ALIGN_RAMP","57293","10","54.931640625","2","2000","2000000","42000","962389","962389","0","2935","1329","1644"
"351","ALIGN_RAMP","57290","7","38.4521484375","-3","-3000","-5000000","42120","962390","962390","0","2935","1329","1554"
"352","ALIGN_RAMP","57288","5","27.4658203125","-2","-2000","1000000","42240","962391","962391","0","2935","1329","1464"
"353","ALIGN_RAMP","57286","3","16.4794921875","-2","-2000","0","42360","962392","962392","0","2935","1329","1374"
"354","ALIGN_RAMP","57292","9","49.4384765625","6","6000","8000000","42480","962393","962393","0","2935","1329","1284"
"355","ALIGN_RAMP","57292","9","49.4384765625","0","0","-6000000","42600","962394","962394","0","2935","1329","1194"
"356","ALIGN_RAMP","57291","8","43.9453125","-1","-1000","-1000000","42720","962395","962395","0","2935","1329","1104"
"357","ALIGN_RAMP","57289","6","32.958984375","-2","-2000","-1000000","42840","962396","962396","0","2935","1329","1014"
"358","ALIGN_RAMP","57291","8","43.9453125","2","2000","4000000","42960","962397","962397","0","2935","1329","924"
"359","ALIGN_RAMP","57288","5","27.4658203125","-3","-3000","-5000000","43080","962398","962398","0","2935","1329","834"
"360","ALIGN_RAMP","57290","7","38.4521484375","2","2000","5000000","43200","962399","962399","0","2935","1329","744"
"361","ALIGN_RAMP","57292","9","49.4384765625","2","2000","0","43320","962400","962400","0","2935","1329","654"
"362","ALIGN_RAMP","57289","6","32.958984375","-3","-3000","-5000000","43440","962401","962401","0","2935","1329","564"
"363","ALIGN_RAMP","57294","11","60.4248046875","5","5000","8000000","43560","962402","962402","0","2935","1329","474"
"364","ALIGN_RAMP","57287","4","21.97265625","-7","-7000","-12000000","43680","962403","962403","0","2935","1329","384"
"365","ALIGN_RAMP","57290","7","38.4521484375","3","3000","10000000","43800","962404","962404","0","2935","1329","294"
"366","ALIGN_RAMP","57292","9","49.4384765625","2","2000","-1000000","43920","962405","962405","0","2935","1329","204"
"367","ALIGN_RAMP","57289","6","32.958984375","-3","-3000","-5000000","44040","962406","962406","0","2935","1329","114"
"368","ALIGN_RAMP","57291","8","43.9453125","2","2000","5000000","44160","962407","962407","0","2935","1329","24"
"369","ALIGN_RAMP","57290","7","38.4521484375","-1","-1000","-3000000","44280","962408","962408","0","2935","1329","2089"
"370","ALIGN_RAMP","57291","8","43.9453125","1","1000","2000000","44400","962409","962409","0","2935","1329","1999"
"371","ALIGN_RAMP","57288","5","27.4658203125","-3","-3000","-4000000","44520","962410","962410","0","2935","1329","1909"
"372","ALIGN_RAMP","57289","6","32.958984375","1","1000","4000000","44640","962411","962411","0","2935","1329","1819"
"373","ALIGN_RAMP","57290","7","38.4521484375","1","1000","0","44760","962412","962412","0","2935","1329","1729"
"374","ALIGN_RAMP","57285","2","10.986328125","-5","-5000","-6000000","44880","962413","962413","0","2935","1329","1639"
"375","ALIGN_RAMP","57293","10","54.931640625","8","8000","13000000","45000","962414","962414","0","2935","1329","1549"
"376","ALIGN_RAMP","57293","10","54.931640625","0","0","-8000000","45120","962415","962415","0","2935","1329","1459"
"377","ALIGN_RAMP","57286","3","16.4794921875","-7","-7000","-7000000","45240","962416","962416","0","2935","1329","1369"
"378","ALIGN_RAMP","57291","8","43.9453125","5","5000","12000000","45360","962417","962417","0","2935","1329","1279"
"379","ALIGN_RAMP","57292","9","49.4384765625","1","1000","-4000000","45480","962418","962418","0","2935","1329","1189"
"380","ALIGN_RAMP","57290","7","38.4521484375","-2","-2000","-3000000","45600","962419","962419","0","2935","1329","1099"
"381","ALIGN_RAMP","57289","6","32.958984375","-1","-1000","1000000","45720","962420","962420","0","2935","1329","1009"
"382","ALIGN_RAMP","57289","6","32.958984375","0","0","1000000","45840","962421","962421","0","2935","1329","919"
"383","ALIGN_RAMP","57291","8","43.9453125","2","2000","2000000","45960","962422","962422","0","2935","1329","829"
"384","ALIGN_RAMP","57292","9","49.4384765625","1","1000","-1000000","46080","962423","962423","0","2935","1329","739"
"385","ALIGN_RAMP","57288","5","27.4658203125","-4","-4000","-5000000","46200","962424","962424","0","2935","1329","649"
"386","ALIGN_RAMP","57290","7","38.4521484375","2","2000","6000000","46320","962425","962425","0","2935","1329","559"
"387","ALIGN_RAMP","57292","9","49.4384765625","2","2000","0","46440","962426","962426","0","2935","1329","469"
"388","ALIGN_RAMP","57291","8","43.9453125","-1","-1000","-3000000","46560","962427","962427","0","2935","1329","379"
"389","ALIGN_RAMP","57291","8","43.9453125","0","0","1000000","46680","962428","962428","0","2935","1329","289"
"390","ALIGN_RAMP","57288","5","27.4658203125","-3","-3000","-3000000","46800","962429","962429","0","2935","1329","199"
"391","ALIGN_RAMP","57289","6","32.958984375","1","1000","4000000","46920","962430","962430","0","2935","1329","109"
"392","ALIGN_RAMP","57289","6","32.958984375","0","0","-1000000","47040","962431","962431","0","2935","1329","19"
"393","ALIGN_RAMP","57290","7","38.4521484375","1","1000","1000000","47160","962432","962432","0","2935","1329","2084"
"394","ALIGN_RAMP","57293","10","54.931640625","3","3000","2000000","47280","962433","962433","0","2935","1329","1994"
"395","ALIGN_RAMP","57293","10","54.931640625","0","0","-3000000","47400","962434","962434","0","2935","1329","1904"
"396","ALIGN_RAMP","57289","6","32.958984375","-4","-4000","-4000000","47520","962435","962435","0","2935","1329","1814"
"397","ALIGN_RAMP","57289","6","32.958984375","0","0","4000000","47640","962436","962436","0","2935","1329","1724"
"398","ALIGN_RAMP","57293","10","54.931640625","4","4000","4000000","47760","962437","962437","0","2935","1329","1634"
"399","ALIGN_RAMP","57291","8","43.9453125","-2","-2000","-6000000","47880","962438","962438","0","2935","1329","1544"
"400","ALIGN_RAMP","57291","8","43.9453125","0","0","2000000","48000","962439","962439","0","2935","1329","1520"
"401","ALIGN_RAMP","57290","7","38.4521484375","-1","-1000","-1000000","48120","962440","962440","0","2935","1329","1364"
"402","ALIGN_RAMP","57293","10","54.931640625","3","3000","4000000","48240","962441","962441","0","2935","1329","1274"
"403","ALIGN_RAMP","57292","9","49.4384765625","-1","-1000","-4000000","48360","962442","962442","0","2935","1329","1184"
"404","ALIGN_RAMP","57292","9","49.4384765625","0","0","1000000","48480","962443","962443","0","2935","1329","1094"
"405","ALIGN_RAMP","57291","8","43.9453125","-1","-1000","-1000000","48600","962444","962444","0","2935","1329","1004"
"406","ALIGN_RAMP","57292","9","49.4384765625","1","1000","2000000","48720","962445","962445","0","2935","1329","914"
"407","ALIGN_RAMP","57291","8","43.9453125","-1","-1000","-2000000","48840","962446","962446","0","2935","1329","824"
"408","ALIGN_RAMP","57289","6","32.958984375","-2","-2000","-1000000","48960","962447","962447","0","2935","1329","734"
"409","ALIGN_RAMP","57290","7","38.4521484375","1","1000","3000000","49080","962448","962448","0","2935","1329","644"
"410","ALIGN_RAMP","57289","6","32.958984375","-1","-1000","-2000000","49200","962449","962449","0","2935","1329","554"
"411","ALIGN_RAMP","57289","6","32.958984375","0","0","1000000","49320","962450","962450","0","2935","1329","464"
"412","ALIGN_RAMP","57293","10","54.931640625","4","4000","4000000","49440","962451","962451","0","2935","1329","374"
"413","ALIGN_RAMP","57291","8","43.9453125","-2","-2000","-6000000","49560","962452","962452","0","2935","1329","284"
"414","ALIGN_RAMP","57291","8","43.9453125","0","0","2000000","49680","962453","962453","0","2935","1329","194"
"415","ALIGN_RAMP","57293","10","54.931640625","2","2000","2000000","49800","962454","962454","0","2935","1329","104"
"416","ALIGN_RAMP","57292","9","49.4384765625","-1","-1000","-3000000","49920","962455","962455","0","2935","1329","14"
"417","ALIGN_RAMP","57292","9","49.4384765625","0","0","1000000","50040","962456","962456","0","2935","1329","2079"
"418","ALIGN_RAMP","57290","7","38.4521484375","-2","-2000","-2000000","50160","962457","962457","0","2935","1329","1989"
"419","ALIGN_RAMP","57292","9","49.4384765625","2","2000","4000000","50280","962458","962458","0","2935","1329","1899"
"420","ALIGN_RAMP","57290","7","38.4521484375","-2","-2000","-4000000","50400","962459","962459","0","2935","1329","1809"
"421","ALIGN_RAMP","57291","8","43.9453125","1","1000","3000000","50520","962460","962460","0","2935","1329","1719"
"422","ALIGN_RAMP","57292","9","49.4384765625","1","1000","0","50640","962461","962461","0","2935","1329","1629"
"423","ALIGN_RAMP","57292","9","49.4384765625","0","0","-1000000","50760","962462","962462","0","2935","1329","1539"
"424","ALIGN_RAMP","57290","7","38.4521484375","-2","-2000","-2000000","50880","962463","962463","0","2935","1329","1449"
"425","ALIGN_RAMP","57288","5","27.4658203125","-2","-2000","0","51000","962464","962464","0","2935","1329","1359"
"426","ALIGN_RAMP","57288","5","27.4658203125","0","0","2000000","51120","962465","962465","0","2935","1329","1269"
"427","ALIGN_RAMP","57293","10","54.931640625","5","5000","5000000","51240","962466","962466","0","2935","1329","1179"
"428","ALIGN_RAMP","57295","12","65.91796875","2","2000","-3000000","51360","962467","962467","0","2935","1329","1089"
"429","ALIGN_RAMP","57292","9","49.4384765625","-3","-3000","-5000000","51480","962468","962468","0","2935","1329","999"
"430","ALIGN_RAMP","57290","7","38.4521484375","-2","-2000","1000000","51600","962469","962469","0","2935","1329","909"
"431","ALIGN_RAMP","57286","3","16.4794921875","-4","-4000","-2000000","51720","962470","962470","0","2935","1329","819"
"432","ALIGN_RAMP","57293","10","54.931640625","7","7000","11000000","51840","962471","962471","0","2935","1329","729"
"433","ALIGN_RAMP","57294","11","60.4248046875","1","1000","-6000000","51960","962472","962472","0","2935","1329","639"
"434","ALIGN_RAMP","57288","5","27.4658203125","-6","-6000","-7000000","52080","962473","962473","0","2935","1329","549"
"435","ALIGN_RAMP","57291","8","43.9453125","3","3000","9000000","52200","962474","962474","0","2935","1329","459"
"436","ALIGN_RAMP","57290","7","38.4521484375","-1","-1000","-4000000","52320","962475","962475","0","2935","1329","369"
"437","ALIGN_RAMP","57291","8","43.9453125","1","1000","2000000","52440","962476","962476","0","2935","1329","279"
"438","ALIGN_RAMP","57287","4","21.97265625","-4","-4000","-5000000","52560","962477","962477","0","2935","1329","189"
"439","ALIGN_RAMP","57292","9","49.4384765625","5","5000","9000000","52680","962478","962478","0","2935","1329","99"
"440","ALIGN_RAMP","57291","8","43.9453125","-1","-1000","-6000000","52800","962479","962479","0","2935","1329","9"
"441","ALIGN_RAMP","57293","10","54.931640625","2","2000","3000000","52920","962480","962480","0","2935","1329","2074"
"442","ALIGN_RAMP","57289","6","32.958984375","-4","-4000","-6000000","53040","962481","962481","0","2935","1329","1984"
"443","ALIGN_RAMP","57292","9","49.4384765625","3","3000","7000000","53160","962482","962482","0","2935","1329","1894"
"444","ALIGN_RAMP","57292","9","49.4384765625","0","0","-3000000","53280","962483","962483","0","2935","1329","1804"
"445","ALIGN_RAMP","57291","8","43.9453125","-1","-1000","-1000000","53400","962484","962484","0","2935","1329","1714"
"446","ALIGN_RAMP","57293","10","54.931640625","2","2000","3000000","53520","962485","962485","0","2935","1329","1624"
"447","ALIGN_RAMP","57292","9","49.4384765625","-1","-1000","-3000000","53640","962486","962486","0","2935","1329","1534"
"448","ALIGN_RAMP","57291","8","43.9453125","-1","-1000","0","53760","962487","962487","0","2935","1329","1444"
"449","ALIGN_RAMP","57293","10","54.931640625","2","2000","3000000","53880","962488","962488","0","2935","1329","1354"
"450","ALIGN_RAMP","57291","8","43.9453125","-2","-2000","-4000000","54000","962489","962489","0","2935","1329","1264"
"451","ALIGN_RAMP","57291","8","43.9453125","0","0","2000000","54120","962490","962490","0","2935","1329","1174"
"452","ALIGN_RAMP","57287","4","21.97265625","-4","-4000","-4000000","54240","962491","962491","0","2935","1329","1084"
"453","ALIGN_RAMP","57291","8","43.9453125","4","4000","8000000","54360","962492","962492","0","2935","1329","994"
"454","ALIGN_RAMP","57292","9","49.4384765625","1","1000","-3000000","54480","962493","962493","0","2935","1329","904"
"455","ALIGN_RAMP","57292","9","49.4384765625","0","0","-1000000","54600","962494","962494","0","2935","1329","814"
"456","ALIGN_RAMP","57292","9","49.4384765625","0","0","0","54720","962495","962495","0","2935","1329","724"
"457","ALIGN_RAMP","57292","9","49.4384765625","0","0","0","54840","962496","962496","0","2935","1329","634"
"458","ALIGN_RAMP","57292","9","49.4384765625","0","0","0","54960","962497","962497","0","2935","1329","544"
"459","ALIGN_RAMP","57290","7","38.4521484375","-2","-2000","-2000000","55080","962498","962498","0","2935","1329","454"
"460","ALIGN_RAMP","57290","7","38.4521484375","0","0","2000000","55200","962499","962499","0","2935","1329","364"
"461","ALIGN_RAMP","57292","9","49.4384765625","2","2000","2000000","55320","962500","962500","0","2935","1329","274"
"462","ALIGN_RAMP","57291","8","43.9453125","-1","-1000","-3000000","55440","962501","962501","0","2935","1329","184"
"463","ALIGN_RAMP","57291","8","43.9453125","0","0","1000000","55560","962502","962502","0","2935","1329","94"
"464","ALIGN_RAMP","57291","8","43.9453125","0","0","0","55680","962503","962503","0","2935","1329","4"
"465","ALIGN_RAMP","57291","8","43.9453125","0","0","0","55800","962504","962504","0","2935","1329","2069"
"466","ALIGN_RAMP","57291","8","43.9453125","0","0","0","55920","962505","962505","0","2935","1329","1979"
"467","ALIGN_RAMP","57293","10","54.931640625","2","2000","2000000","56040","962506","962506","0","2935","1329","1889"
"468","ALIGN_RAMP","57292","9","49.4384765625","-1","-1000","-3000000","56160","962507","962507","0","2935","1329","1799"
"469","ALIGN_RAMP","57292","9","49.4384765625","0","0","1000000","56280","962508","962508","0","2935","1329","1709"
"470","ALIGN_RAMP","57289","6","32.958984375","-3","-3000","-3000000","56400","962509","962509","0","2935","1329","1619"
"471","ALIGN_RAMP","57290","7","38.4521484375","1","1000","4000000","56520","962510","962510","0","2935","1329","1529"
"472","ALIGN_RAMP","57288","5","27.4658203125","-2","-2000","-3000000","56640","962511","962511","0","2935","1329","1439"
"473","ALIGN_RAMP","57293","10","54.931640625","5","5000","7000000","56760","962512","962512","0","2935","1329","1349"
"474","ALIGN_RAMP","57292","9","49.4384765625","-1","-1000","-6000000","56880","962513","962513","0","2935","1329","1259"
"475","ALIGN_RAMP","57290","7","38.4521484375","-2","-2000","-1000000","57000","962514","962514","0","2935","1329","1169"
"476","ALIGN_RAMP","57291","8","43.9453125","1","1000","3000000","57120","962515","962515","0","2935","1329","1079"
"477","ALIGN_RAMP","57292","9","49.4384765625","1","1000","0","57240","962516","962516","0","2935","1329","989"
"478","ALIGN_RAMP","57287","4","21.97265625","-5","-5000","-6000000","57360","962517","962517","0","2935","1329","899"
"479","ALIGN_RAMP","57291","8","43.9453125","4","4000","9000000","57480","962518","962518","0","2935","1329","809"
"480","ALIGN_RAMP","57288","5","27.4658203125","-3","-3000","-7000000","57600","962519","962519","0","2935","1329","719"
"481","ALIGN_RAMP","57290","7","38.4521484375","2","2000","5000000","57720","962520","962520","0","2935","1329","629"
"482","ALIGN_RAMP","57292","9","49.4384765625","2","2000","0","57840","962521","962521","0","2935","1329","539"
"483","ALIGN_RAMP","57292","9","49.4384765625","0","0","-2000000","57960","962522","962522","0","2935","1329","449"
"484","ALIGN_RAMP","57293","10","54.931640625","1","1000","1000000","58080","962523","962523","0","2935","1329","359"
"485","ALIGN_RAMP","57290","7","38.4521484375","-3","-3000","-4000000","58200","962524","962524","0","2935","1329","269"
"486","ALIGN_RAMP","57292","9","49.4384765625","2","2000","5000000","58320","962525","962525","0","2935","1329","179"
"487","ALIGN_RAMP","57291","8","43.9453125","-1","-1000","-3000000","58440","962526","962526","0","2935","1329","89"
"488","ALIGN_RAMP","57293","10","54.931640625","2","2000","3000000","58560","962527","962527","0","2935","1329","2154"
"489","ALIGN_RAMP","57292","9","49.4384765625","-1","-1000","-3000000","58680","962528","962528","0","2935","1329","2064"
"490","ALIGN_RAMP","57294","11","60.4248046875","2","2000","3000000","58800","962529","962529","0","2935","1329","1974"
"491","ALIGN_RAMP","57291","8","43.9453125","-3","-3000","-5000000","58920","962530","962530","0","2935","1329","1884"
"492","ALIGN_RAMP","57292","9","49.4384765625","1","1000","4000000","59040","962531","962531","0","2935","1329","1794"
"493","ALIGN_RAMP","57289","6","32.958984375","-3","-3000","-4000000","59160","962532","962532","0","2935","1329","1704"
"494","ALIGN_RAMP","57292","9","49.4384765625","3","3000","6000000","59280","962533","962533","0","2935","1329","1614"
"495","ALIGN_RAMP","57292","9","49.4384765625","0","0","-3000000","59400","962534","962534","0","2935","1329","1524"
"496","ALIGN_RAMP","57294","11","60.4248046875","2","2000","2000000","59520","962535","962535","0","2935","1329","1434"
"497","ALIGN_RAMP","57294","11","60.4248046875","0","0","-2000000","59640","962536","962536","0","2935","1329","1344"
"498","ALIGN_RAMP","57292","9","49.4384765625","-2","-2000","-2000000","59760","962537","962537","0","2935","1329","1254"
"499","ALIGN_RAMP","57293","10","54.931640625","1","1000","3000000","59880","962538","962538","0","2935","1329","1164"
"500","ALIGN_RAMP","57292","9","49.4384765625","-1","-1000","-2000000","60000","962539","962539","0","2935","1329","1074"
"501","ALIGN_HOLD","57290","7","38.4521484375","-2","-2000","-1000000","60000","962540","962540","0","2935","1329","984"
"502","ALIGN_HOLD","57289","6","32.958984375","-1","-1000","1000000","60000","962541","962541","0","2935","1329","894"
"503","ALIGN_HOLD","57290","7","38.4521484375","1","1000","2000000","60000","962542","962542","0","2935","1329","804"
"504","ALIGN_HOLD","57295","12","65.91796875","5","5000","4000000","60000","962543","962543","0","2935","1329","714"
"505","ALIGN_HOLD","57291","8","43.9453125","-4","-4000","-9000000","60000","962544","962544","0","2935","1329","624"
"506","ALIGN_HOLD","57290","7","38.4521484375","-1","-1000","3000000","60000","962545","962545","0","2935","1329","534"
"507","ALIGN_HOLD","57289","6","32.958984375","-1","-1000","0","60000","962546","962546","0","2935","1329","444"
"508","ALIGN_HOLD","57292","9","49.4384765625","3","3000","4000000","60000","962547","962547","0","2935","1329","354"
"509","ALIGN_HOLD","57294","11","60.4248046875","2","2000","-1000000","60000","962548","962548","0","2935","1329","264"
"510","ALIGN_HOLD","57293","10","54.931640625","-1","-1000","-3000000","60000","962549","962549","0","2935","1329","174"
"511","ALIGN_HOLD","57292","9","49.4384765625","-1","-1000","0","60000","962550","962550","0","2935","1329","84"
"512","ALIGN_HOLD","57292","9","49.4384765625","0","0","1000000","60000","962551","962551","0","2935","1329","2149"
"513","ALIGN_HOLD","57289","6","32.958984375","-3","-3000","-3000000","60000","962552","962552","0","2935","1329","2059"
"514","ALIGN_HOLD","57290","7","38.4521484375","1","1000","4000000","60000","962553","962553","0","2935","1329","1969"
"515","ALIGN_HOLD","57291","8","43.9453125","1","1000","0","60000","962554","962554","0","2935","1329","1879"
"516","ALIGN_HOLD","57290","7","38.4521484375","-1","-1000","-2000000","60000","962555","962555","0","2935","1329","1789"
"517","ALIGN_HOLD","57290","7","38.4521484375","0","0","1000000","60000","962556","962556","0","2935","1329","1699"
"518","ALIGN_HOLD","57289","6","32.958984375","-1","-1000","-1000000","60000","962557","962557","0","2935","1329","1609"
"519","ALIGN_HOLD","57293","10","54.931640625","4","4000","5000000","60000","962558","962558","0","2935","1329","1519"
"520","ALIGN_HOLD","57287","4","21.97265625","-6","-6000","-10000000","60000","962559","962559","0","2935","1329","1429"
"521","ALIGN_HOLD","57290","7","38.4521484375","3","3000","9000000","60000","962560","962560","0","2935","1329","1339"
"522","ALIGN_HOLD","57292","9","49.4384765625","2","2000","-1000000","60000","962561","962561","0","2935","1329","1249"
"523","ALIGN_HOLD","57288","5","27.4658203125","-4","-4000","-6000000","60000","962562","962562","0","2935","1329","1159"
"524","ALIGN_HOLD","57291","8","43.9453125","3","3000","7000000","60000","962563","962563","0","2935","1329","1069"
"525","ALIGN_HOLD","57289","6","32.958984375","-2","-2000","-5000000","60000","962564","962564","0","2935","1329","979"
"526","ALIGN_HOLD","57290","7","38.4521484375","1","1000","3000000","60000","962565","962565","0","2935","1329","889"
"527","ALIGN_HOLD","57289","6","32.958984375","-1","-1000","-2000000","60000","962566","962566","0","2935","1329","799"
"528","ALIGN_HOLD","57291","8","43.9453125","2","2000","3000000","60000","962567","962567","0","2935","1329","709"
"529","ALIGN_HOLD","57289","6","32.958984375","-2","-2000","-4000000","60000","962568","962568","0","2935","1329","619"
"530","ALIGN_HOLD","57294","11","60.4248046875","5","5000","7000000","60000","962569","962569","0","2935","1329","529"
"531","ALIGN_HOLD","57292","9","49.4384765625","-2","-2000","-7000000","60000","962570","962570","0","2935","1329","439"
"532","ALIGN_HOLD","57293","10","54.931640625","1","1000","3000000","60000","962571","962571","0","2935","1329","349"
"533","ALIGN_HOLD","57291","8","43.9453125","-2","-2000","-3000000","60000","962572","962572","0","2935","1329","259"
"534","ALIGN_HOLD","57291","8","43.9453125","0","0","2000000","60000","962573","962573","0","2935","1329","169"
"535","ALIGN_HOLD","57291","8","43.9453125","0","0","0","60000","962574","962574","0","2935","1329","79"
"536","ALIGN_HOLD","57291","8","43.9453125","0","0","0","60000","962575","962575","0","2935","1329","2144"
"537","ALIGN_HOLD","57290","7","38.4521484375","-1","-1000","-1000000","60000","962576","962576","0","2935","1329","2054"
"538","ALIGN_HOLD","57290","7","38.4521484375","0","0","1000000","60000","962577","962577","0","2935","1329","1964"
"539","ALIGN_HOLD","57290","7","38.4521484375","0","0","0","60000","962578","962578","0","2935","1329","1874"
"540","ALIGN_HOLD","57291","8","43.9453125","1","1000","1000000","60000","962579","962579","0","2935","1329","1784"
"541","ALIGN_HOLD","57291","8","43.9453125","0","0","-1000000","60000","962580","962580","0","2935","1329","1694"
"542","ALIGN_HOLD","57297","14","76.904296875","6","6000","6000000","60000","962581","962581","0","2935","1329","1604"
"543","ALIGN_HOLD","57288","5","27.4658203125","-9","-9000","-15000000","60000","962582","962582","0","2935","1329","1514"
"544","ALIGN_HOLD","57292","9","49.4384765625","4","4000","13000000","60000","962583","962583","0","2935","1329","1424"
"545","ALIGN_HOLD","57292","9","49.4384765625","0","0","-4000000","60000","962584","962584","0","2935","1329","1334"
"546","ALIGN_HOLD","57292","9","49.4384765625","0","0","0","60000","962585","962585","0","2935","1329","1244"
"547","ALIGN_HOLD","57289","6","32.958984375","-3","-3000","-3000000","60000","962586","962586","0","2935","1329","1154"
"548","ALIGN_HOLD","57290","7","38.4521484375","1","1000","4000000","60000","962587","962587","0","2935","1329","1064"
"549","ALIGN_HOLD","57293","10","54.931640625","3","3000","2000000","60000","962588","962588","0","2935","1329","974"
"550","ALIGN_HOLD","57293","10","54.931640625","0","0","-3000000","60000","962589","962589","0","2935","1329","884"
"551","ALIGN_HOLD","57290","7","38.4521484375","-3","-3000","-3000000","60000","962590","962590","0","2935","1329","794"
"552","ALIGN_HOLD","57293","10","54.931640625","3","3000","6000000","60000","962591","962591","0","2935","1329","704"
"553","ALIGN_HOLD","57292","9","49.4384765625","-1","-1000","-4000000","60000","962592","962592","0","2935","1329","614"
"554","ALIGN_HOLD","57289","6","32.958984375","-3","-3000","-2000000","60000","962593","962593","0","2935","1329","524"
"555","ALIGN_HOLD","57289","6","32.958984375","0","0","3000000","60000","962594","962594","0","2935","1329","434"
"556","ALIGN_HOLD","57291","8","43.9453125","2","2000","2000000","60000","962595","962595","0","2935","1329","344"
"557","ALIGN_HOLD","57292","9","49.4384765625","1","1000","-1000000","60000","962596","962596","0","2935","1329","254"
"558","ALIGN_HOLD","57292","9","49.4384765625","0","0","-1000000","60000","962597","962597","0","2935","1329","164"
"559","ALIGN_HOLD","57292","9","49.4384765625","0","0","0","60000","962598","962598","0","2935","1329","74"
"560","ALIGN_HOLD","57293","10","54.931640625","1","1000","1000000","60000","962599","962599","0","2935","1329","2139"
"561","ALIGN_HOLD","57292","9","49.4384765625","-1","-1000","-2000000","60000","962600","962600","0","2935","1329","2049"
"562","ALIGN_HOLD","57288","5","27.4658203125","-4","-4000","-3000000","60000","962601","962601","0","2935","1329","1959"
"563","ALIGN_HOLD","57291","8","43.9453125","3","3000","7000000","60000","962602","962602","0","2935","1329","1869"
"564","ALIGN_HOLD","57292","9","49.4384765625","1","1000","-2000000","60000","962603","962603","0","2935","1329","1779"
"565","ALIGN_HOLD","57292","9","49.4384765625","0","0","-1000000","60000","962604","962604","0","2935","1329","1689"
"566","ALIGN_HOLD","57292","9","49.4384765625","0","0","0","60000","962605","962605","0","2935","1329","1599"
"567","ALIGN_HOLD","57292","9","49.4384765625","0","0","0","60000","962606","962606","0","2935","1329","1509"
"568","ALIGN_HOLD","57292","9","49.4384765625","0","0","0","60000","962607","962607","0","2935","1329","1419"
"569","ALIGN_HOLD","57291","8","43.9453125","-1","-1000","-1000000","60000","962608","962608","0","2935","1329","1329"
"570","ALIGN_HOLD","57289","6","32.958984375","-2","-2000","-1000000","60000","962609","962609","0","2935","1329","1239"
"571","ALIGN_HOLD","57291","8","43.9453125","2","2000","4000000","60000","962610","962610","0","2935","1329","1149"
"572","ALIGN_HOLD","57295","12","65.91796875","4","4000","2000000","60000","962611","962611","0","2935","1329","1059"
"573","ALIGN_HOLD","57293","10","54.931640625","-2","-2000","-6000000","60000","962612","962612","0","2935","1329","969"
"574","ALIGN_HOLD","57288","5","27.4658203125","-5","-5000","-3000000","60000","962613","962613","0","2935","1329","879"
"575","ALIGN_HOLD","57293","10","54.931640625","5","5000","10000000","60000","962614","962614","0","2935","1329","789"
"576","ALIGN_HOLD","57291","8","43.9453125","-2","-2000","-7000000","60000","962615","962615","0","2935","1329","699"
"577","ALIGN_HOLD","57293","10","54.931640625","2","2000","4000000","60000","962616","962616","0","2935","1329","609"
"578","ALIGN_HOLD","57293","10","54.931640625","0","0","-2000000","60000","962617","962617","0","2935","1329","519"
"579","ALIGN_HOLD","57288","5","27.4658203125","-5","-5000","-5000000","60000","962618","962618","0","2935","1329","429"
"580","ALIGN_HOLD","57287","4","21.97265625","-1","-1000","4000000","60000","962619","962619","0","2935","1329","339"
"581","ALIGN_HOLD","57293","10","54.931640625","6","6000","7000000","60000","962620","962620","0","2935","1329","249"
"582","ALIGN_HOLD","57292","9","49.4384765625","-1","-1000","-7000000","60000","962621","962621","0","2935","1329","159"
"583","ALIGN_HOLD","57291","8","43.9453125","-1","-1000","0","60000","962622","962622","0","2935","1329","69"
"584","ALIGN_HOLD","57289","6","32.958984375","-2","-2000","-1000000","60000","962623","962623","0","2935","1329","2134"
"585","ALIGN_HOLD","57289","6","32.958984375","0","0","2000000","60000","962624","962624","0","2935","1329","2044"
"586","ALIGN_HOLD","57293","10","54.931640625","4","4000","4000000","60000","962625","962625","0","2935","1329","1954"
"587","ALIGN_HOLD","57293","10","54.931640625","0","0","-4000000","60000","962626","962626","0","2935","1329","1864"
"588","ALIGN_HOLD","57291","8","43.9453125","-2","-2000","-2000000","60000","962627","962627","0","2935","1329","1774"
"589","ALIGN_HOLD","57292","9","49.4384765625","1","1000","3000000","60000","962628","962628","0","2935","1329","1684"
"590","ALIGN_HOLD","57293","10","54.931640625","1","1000","0","60000","962629","962629","0","2935","1329","1594"
"591","ALIGN_HOLD","57291","8","43.9453125","-2","-2000","-3000000","60000","962630","962630","0","2935","1329","1504"
"592","ALIGN_HOLD","57288","5","27.4658203125","-3","-3000","-1000000","60000","962631","962631","0","2935","1329","1414"
"593","ALIGN_HOLD","57288","5","27.4658203125","0","0","3000000","60000","962632","962632","0","2935","1329","1324"
"594","ALIGN_HOLD","57290","7","38.4521484375","2","2000","2000000","60000","962633","962633","0","2935","1329","1234"
"595","ALIGN_HOLD","57289","6","32.958984375","-1","-1000","-3000000","60000","962634","962634","0","2935","1329","1144"
"596","ALIGN_HOLD","57294","11","60.4248046875","5","5000","6000000","60000","962635","962635","0","2935","1329","1054"
"597","ALIGN_HOLD","57292","9","49.4384765625","-2","-2000","-7000000","60000","962636","962636","0","2935","1329","964"
"598","ALIGN_HOLD","57289","6","32.958984375","-3","-3000","-1000000","60000","962637","962637","0","2935","1329","874"
"599","ALIGN_HOLD","57291","8","43.9453125","2","2000","5000000","60000","962638","962638","0","2935","1329","784"
"600","ALIGN_HOLD","57293","10","54.931640625","2","2000","0","60000","962639","962639","0","2935","1329","760"
"601","ALIGN_HOLD","57291","8","43.9453125","-2","-2000","-4000000","60000","962640","962640","0","2935","1329","604"
"602","ALIGN_HOLD","57291","8","43.9453125","0","0","2000000","60000","962641","962641","0","2935","1329","514"
"603","ALIGN_HOLD","57291","8","43.9453125","0","0","0","60000","962642","962642","0","2935","1329","424"
"604","ALIGN_HOLD","57290","7","38.4521484375","-1","-1000","-1000000","60000","962643","962643","0","2935","1329","334"
"605","ALIGN_HOLD","57289","6","32.958984375","-1","-1000","0","60000","962644","962644","0","2935","1329","244"
"606","ALIGN_HOLD","57293","10","54.931640625","4","4000","5000000","60000","962645","962645","0","2935","1329","154"
"607","ALIGN_HOLD","57292","9","49.4384765625","-1","-1000","-5000000","60000","962646","962646","0","2935","1329","64"
"608","ALIGN_HOLD","57290","7","38.4521484375","-2","-2000","-1000000","60000","962647","962647","0","2935","1329","2129"
"609","ALIGN_HOLD","57292","9","49.4384765625","2","2000","4000000","60000","962648","962648","0","2935","1329","2039"
"610","ALIGN_HOLD","57292","9","49.4384765625","0","0","-2000000","60000","962649","962649","0","2935","1329","1949"
"611","ALIGN_HOLD","57290","7","38.4521484375","-2","-2000","-2000000","60000","962650","962650","0","2935","1329","1859"
"612","ALIGN_HOLD","57293","10","54.931640625","3","3000","5000000","60000","962651","962651","0","2935","1329","1769"
"613","ALIGN_HOLD","57288","5","27.4658203125","-5","-5000","-8000000","60000","962652","962652","0","2935","1329","1679"
"614","ALIGN_HOLD","57292","9","49.4384765625","4","4000","9000000","60000","962653","962653","0","2935","1329","1589"
"615","ALIGN_HOLD","57288","5","27.4658203125","-4","-4000","-8000000","60000","962654","962654","0","2935","1329","1499"
"616","ALIGN_HOLD","57289","6","32.958984375","1","1000","5000000","60000","962655","962655","0","2935","1329","1409"
"617","ALIGN_HOLD","57291","8","43.9453125","2","2000","1000000","60000","962656","962656","0","2935","1329","1319"
"618","ALIGN_HOLD","57292","9","49.4384765625","1","1000","-1000000","60000","962657","962657","0","2935","1329","1229"
"619","ALIGN_HOLD","57292","9","49.4384765625","0","0","-1000000","60000","962658","962658","0","2935","1329","1139"
"620","ALIGN_HOLD","57289","6","32.958984375","-3","-3000","-3000000","60000","962659","962659","0","2935","1329","1049"
"621","ALIGN_HOLD","57291","8","43.9453125","2","2000","5000000","60000","962660","962660","0","2935","1329","959"
"622","ALIGN_HOLD","57293","10","54.931640625","2","2000","0","60000","962661","962661","0","2935","1329","869"
"623","ALIGN_HOLD","57291","8","43.9453125","-2","-2000","-4000000","60000","962662","962662","0","2935","1329","779"
"624","ALIGN_HOLD","57292","9","49.4384765625","1","1000","3000000","60000","962663","962663","0","2935","1329","689"
"625","ALIGN_HOLD","57290","7","38.4521484375","-2","-2000","-3000000","60000","962664","962664","0","2935","1329","599"
"626","ALIGN_HOLD","57291","8","43.9453125","1","1000","3000000","60000","962665","962665","0","2935","1329","509"
"627","ALIGN_HOLD","57289","6","32.958984375","-2","-2000","-3000000","60000","962666","962666","0","2935","1329","419"
"628","ALIGN_HOLD","57291","8","43.9453125","2","2000","4000000","60000","962667","962667","0","2935","1329","329"
"629","ALIGN_HOLD","57288","5","27.4658203125","-3","-3000","-5000000","60000","962668","962668","0","2935","1329","239"
"630","ALIGN_HOLD","57291","8","43.9453125","3","3000","6000000","60000","962669","962669","0","2935","1329","149"
"631","ALIGN_HOLD","57292","9","49.4384765625","1","1000","-2000000","60000","962670","962670","0","2935","1329","59"
"632","ALIGN_HOLD","57292","9","49.4384765625","0","0","-1000000","60000","962671","962671","0","2935","1329","2124"
"633","ALIGN_HOLD","57291","8","43.9453125","-1","-1000","-1000000","60000","962672","962672","0","2935","1329","2034"
"634","ALIGN_HOLD","57290","7","38.4521484375","-1","-1000","0","60000","962673","962673","0","2935","1329","1944"
"635","ALIGN_HOLD","57290","7","38.4521484375","0","0","1000000","60000","962674","962674","0","2935","1329","1854"
"636","ALIGN_HOLD","57289","6","32.958984375","-1","-1000","-1000000","60000","962675","962675","0","2935","1329","1764"
"637","ALIGN_HOLD","57293","10","54.931640625","4","4000","5000000","60000","962676","962676","0","2935","1329","1674"
"638","ALIGN_HOLD","57293","10","54.931640625","0","0","-4000000","60000","962677","962677","0","2935","1329","1584"
"639","ALIGN_HOLD","57290","7","38.4521484375","-3","-3000","-3000000","60000","962678","962678","0","2935","1329","1494"
"640","ALIGN_HOLD","57291","8","43.9453125","1","1000","4000000","60000","962679","962679","0","2935","1329","1404"
"641","ALIGN_HOLD","57289","6","32.958984375","-2","-2000","-3000000","60000","962680","962680","0","2935","1329","1314"
"642","ALIGN_HOLD","57293","10","54.931640625","4","4000","6000000","60000","962681","962681","0","2935","1329","1224"
"643","ALIGN_HOLD","57289","6","32.958984375","-4","-4000","-8000000","60000","962682","962682","0","2935","1329","1134"
"644","ALIGN_HOLD","57289","6","32.958984375","0","0","4000000","60000","962683","962683","0","2935","1329","1044"
"645","ALIGN_HOLD","57291","8","43.9453125","2","2000","2000000","60000","962684","962684","0","2935","1329","954"
"646","ALIGN_HOLD","57291","8","43.9453125","0","0","-2000000","60000","962685","962685","0","2935","1329","864"
"647","ALIGN_HOLD","57292","9","49.4384765625","1","1000","1000000","60000","962686","962686","0","2935","1329","774"
"648","ALIGN_HOLD","57292","9","49.4384765625","0","0","-1000000","60000","962687","962687","0","2935","1329","684"
"649","ALIGN_HOLD","57291","8","43.9453125","-1","-1000","-1000000","60000","962688","962688","0","2935","1329","594"
"650","ALIGN_HOLD","57287","4","21.97265625","-4","-4000","-3000000","60000","962689","962689","0","2935","1329","504"
"651","ALIGN_HOLD","57289","6","32.958984375","2","2000","6000000","60000","962690","962690","0","2935","1329","414"
"652","ALIGN_HOLD","57291","8","43.9453125","2","2000","0","60000","962691","962691","0","2935","1329","324"
"653","ALIGN_HOLD","57289","6","32.958984375","-2","-2000","-4000000","60000","962692","962692","0","2935","1329","234"
"654","ALIGN_HOLD","57288","5","27.4658203125","-1","-1000","1000000","60000","962693","962693","0","2935","1329","144"
"655","ALIGN_HOLD","57291","8","43.9453125","3","3000","4000000","60000","962694","962694","0","2935","1329","54"
"656","ALIGN_HOLD","57289","6","32.958984375","-2","-2000","-5000000","60000","962695","962695","0","2935","1329","2119"
"657","ALIGN_HOLD","57291","8","43.9453125","2","2000","4000000","60000","962696","962696","0","2935","1329","2029"
"658","ALIGN_HOLD","57292","9","49.4384765625","1","1000","-1000000","60000","962697","962697","0","2935","1329","1939"
"659","ALIGN_HOLD","57293","10","54.931640625","1","1000","0","60000","962698","962698","0","2935","1329","1849"
"660","ALIGN_HOLD","57290","7","38.4521484375","-3","-3000","-4000000","60000","962699","962699","0","2935","1329","1759"
"661","ALIGN_HOLD","57291","8","43.9453125","1","1000","4000000","60000","962700","962700","0","2935","1329","1669"
"662","ALIGN_HOLD","57293","10","54.931640625","2","2000","1000000","60000","962701","962701","0","2935","1329","1579"
"663","ALIGN_HOLD","57293","10","54.931640625","0","0","-2000000","60000","962702","962702","0","2935","1329","1489"
"664","ALIGN_HOLD","57290","7","38.4521484375","-3","-3000","-3000000","60000","962703","962703","0","2935","1329","1399"
"665","ALIGN_HOLD","57291","8","43.9453125","1","1000","4000000","60000","962704","962704","0","2935","1329","1309"
"666","ALIGN_HOLD","57292","9","49.4384765625","1","1000","0","60000","962705","962705","0","2935","1329","1219"
"667","ALIGN_HOLD","57294","11","60.4248046875","2","2000","1000000","60000","962706","962706","0","2935","1329","1129"
"668","ALIGN_HOLD","57289","6","32.958984375","-5","-5000","-7000000","60000","962707","962707","0","2935","1329","1039"
"669","ALIGN_HOLD","57290","7","38.4521484375","1","1000","6000000","60000","962708","962708","0","2935","1329","949"
"670","ALIGN_HOLD","57291","8","43.9453125","1","1000","0","60000","962709","962709","0","2935","1329","859"
"671","ALIGN_HOLD","57293","10","54.931640625","2","2000","1000000","60000","962710","962710","0","2935","1329","769"
"672","ALIGN_HOLD","57290","7","38.4521484375","-3","-3000","-5000000","60000","962711","962711","0","2935","1329","679"
"673","ALIGN_HOLD","57287","4","21.97265625","-3","-3000","0","60000","962712","962712","0","2935","1329","589"
"674","ALIGN_HOLD","57290","7","38.4521484375","3","3000","6000000","60000","962713","962713","0","2935","1329","499"
"675","ALIGN_HOLD","57293","10","54.931640625","3","3000","0","60000","962714","962714","0","2935","1329","409"
"676","ALIGN_HOLD","57292","9","49.4384765625","-1","-1000","-4000000","60000","962715","962715","0","2935","1329","319"
"677","ALIGN_HOLD","57290","7","38.4521484375","-2","-2000","-1000000","60000","962716","962716","0","2935","1329","229"
"678","ALIGN_HOLD","57288","5","27.4658203125","-2","-2000","0","60000","962717","962717","0","2935","1329","139"
"679","ALIGN_HOLD","57293","10","54.931640625","5","5000","7000000","60000","962718","962718","0","2935","1329","49"
"680","ALIGN_HOLD","57288","5","27.4658203125","-5","-5000","-10000000","60000","962719","962719","0","2935","1329","2114"
"681","ALIGN_HOLD","57291","8","43.9453125","3","3000","8000000","60000","962720","962720","0","2935","1329","2024"
"682","ALIGN_HOLD","57292","9","49.4384765625","1","1000","-2000000","60000","962721","962721","0","2935","1329","1934"
"683","ALIGN_HOLD","57288","5","27.4658203125","-4","-4000","-5000000","60000","962722","962722","0","2935","1329","1844"
"684","ALIGN_HOLD","57289","6","32.958984375","1","1000","5000000","60000","962723","962723","0","2935","1329","1754"
"685","ALIGN_HOLD","57294","11","60.4248046875","5","5000","4000000","60000","962724","962724","0","2935","1329","1664"
"686","ALIGN_HOLD","57290","7","38.4521484375","-4","-4000","-9000000","60000","962725","962725","0","2935","1329","1574"
"687","ALIGN_HOLD","57292","9","49.4384765625","2","2000","6000000","60000","962726","962726","0","2935","1329","1484"
"688","ALIGN_HOLD","57295","12","65.91796875","3","3000","1000000","60000","962727","962727","0","2935","1329","1394"
"689","ALIGN_HOLD","57295","12","65.91796875","0","0","-3000000","60000","962728","962728","0","2935","1329","1304"
"690","ALIGN_HOLD","57291","8","43.9453125","-4","-4000","-4000000","60000","962729","962729","0","2935","1329","1214"
"691","ALIGN_HOLD","57292","9","49.4384765625","1","1000","5000000","60000","962730","962730","0","2935","1329","1124"
"692","ALIGN_HOLD","57291","8","43.9453125","-1","-1000","-2000000","60000","962731","962731","0","2935","1329","1034"
"693","ALIGN_HOLD","57290","7","38.4521484375","-1","-1000","0","60000","962732","962732","0","2935","1329","944"
"694","ALIGN_HOLD","57292","9","49.4384765625","2","2000","3000000","60000","962733","962733","0","2935","1329","854"
"695","ALIGN_HOLD","57294","11","60.4248046875","2","2000","0","60000","962734","962734","0","2935","1329","764"
"696","ALIGN_HOLD","57290","7","38.4521484375","-4","-4000","-6000000","60000","962735","962735","0","2935","1329","674"
"697","ALIGN_HOLD","57288","5","27.4658203125","-2","-2000","2000000","60000","962736","962736","0","2935","1329","584"
"698","ALIGN_HOLD","57292","9","49.4384765625","4","4000","6000000","60000","962737","962737","0","2935","1329","494"
"699","ALIGN_HOLD","57289","6","32.958984375","-3","-3000","-7000000","60000","962738","962738","0","2935","1329","404"
"700","ALIGN_HOLD","57291","8","43.9453125","2","2000","5000000","60000","962739","962739","0","2935","1329","314"
"701","ALIGN_HOLD","57289","6","32.958984375","-2","-2000","-4000000","60000","962740","962740","0","2935","1329","224"
"702","ALIGN_HOLD","57291","8","43.9453125","2","2000","4000000","60000","962741","962741","0","2935","1329","134"
"703","ALIGN_HOLD","57292","9","49.4384765625","1","1000","-1000000","60000","962742","962742","0","2935","1329","44"
"704","ALIGN_HOLD","57294","11","60.4248046875","2","2000","1000000","60000","962743","962743","0","2935","1329","2109"
"705","ALIGN_HOLD","57292","9","49.4384765625","-2","-2000","-4000000","60000","962744","962744","0","2935","1329","2019"
"706","ALIGN_HOLD","57292","9","49.4384765625","0","0","2000000","60000","962745","962745","0","2935","1329","1929"
"707","ALIGN_HOLD","57293","10","54.931640625","1","1000","1000000","60000","962746","962746","0","2935","1329","1839"
"708","ALIGN_HOLD","57291","8","43.9453125","-2","-2000","-3000000","60000","962747","962747","0","2935","1329","1749"
"709","ALIGN_HOLD","57290","7","38.4521484375","-1","-1000","1000000","60000","962748","962748","0","2935","1329","1659"
"710","ALIGN_HOLD","57292","9","49.4384765625","2","2000","3000000","60000","962749","962749","0","2935","1329","1569"
"711","ALIGN_HOLD","57291","8","43.9453125","-1","-1000","-3000000","60000","962750","962750","0","2935","1329","1479"
"712","ALIGN_HOLD","57292","9","49.4384765625","1","1000","2000000","60000","962751","962751","0","2935","1329","1389"
"713","ALIGN_HOLD","57296","13","71.4111328125","4","4000","3000000","60000","962752","962752","0","2935","1329","1299"
"714","ALIGN_HOLD","57292","9","49.4384765625","-4","-4000","-8000000","60000","962753","962753","0","2935","1329","1209"
"715","ALIGN_HOLD","57291","8","43.9453125","-1","-1000","3000000","60000","962754","962754","0","2935","1329","1119"
"716","ALIGN_HOLD","57293","10","54.931640625","2","2000","3000000","60000","962755","962755","0","2935","1329","1029"
"717","ALIGN_HOLD","57290","7","38.4521484375","-3","-3000","-5000000","60000","962756","962756","0","2935","1329","939"
"718","ALIGN_HOLD","57292","9","49.4384765625","2","2000","5000000","60000","962757","962757","0","2935","1329","849"
"719","ALIGN_HOLD","57291","8","43.9453125","-1","-1000","-3000000","60000","962758","962758","0","2935","1329","759"
"720","ALIGN_HOLD","57290","7","38.4521484375","-1","-1000","0","60000","962759","962759","0","2935","1329","669"
"721","ALIGN_HOLD","57290","7","38.4521484375","0","0","1000000","60000","962760","962760","0","2935","1329","579"
"722","ALIGN_HOLD","57292","9","49.4384765625","2","2000","2000000","60000","962761","962761","0","2935","1329","489"
"723","ALIGN_HOLD","57292","9","49.4384765625","0","0","-2000000","60000","962762","962762","0","2935","1329","399"
"724","ALIGN_HOLD","57291","8","43.9453125","-1","-1000","-1000000","60000","962763","962763","0","2935","1329","309"
"725","ALIGN_HOLD","57289","6","32.958984375","-2","-2000","-1000000","60000","962764","962764","0","2935","1329","219"
"726","ALIGN_HOLD","57291","8","43.9453125","2","2000","4000000","60000","962765","962765","0","2935","1329","129"
"727","ALIGN_HOLD","57289","6","32.958984375","-2","-2000","-4000000","60000","962766","962766","0","2935","1329","39"
"728","ALIGN_HOLD","57292","9","49.4384765625","3","3000","5000000","60000","962767","962767","0","2935","1329","2104"
"729","ALIGN_HOLD","57290","7","38.4521484375","-2","-2000","-5000000","60000","962768","962768","0","2935","1329","2014"
"730","ALIGN_HOLD","57291","8","43.9453125","1","1000","3000000","60000","962769","962769","0","2935","1329","1924"
"731","ALIGN_HOLD","57290","7","38.4521484375","-1","-1000","-2000000","60000","962770","962770","0","2935","1329","1834"
"732","ALIGN_HOLD","57292","9","49.4384765625","2","2000","3000000","60000","962771","962771","0","2935","1329","1744"
"733","ALIGN_HOLD","57292","9","49.4384765625","0","0","-2000000","60000","962772","962772","0","2935","1329","1654"
"734","ALIGN_HOLD","57288","5","27.4658203125","-4","-4000","-4000000","60000","962773","962773","0","2935","1329","1564"
"735","ALIGN_HOLD","57288","5","27.4658203125","0","0","4000000","60000","962774","962774","0","2935","1329","1474"
"736","ALIGN_HOLD","57292","9","49.4384765625","4","4000","4000000","60000","962775","962775","0","2935","1329","1384"
"737","ALIGN_HOLD","57292","9","49.4384765625","0","0","-4000000","60000","962776","962776","0","2935","1329","1294"
"738","ALIGN_HOLD","57291","8","43.9453125","-1","-1000","-1000000","60000","962777","962777","0","2935","1329","1204"
"739","ALIGN_HOLD","57291","8","43.9453125","0","0","1000000","60000","962778","962778","0","2935","1329","1114"
"740","ALIGN_HOLD","57295","12","65.91796875","4","4000","4000000","60000","962779","962779","0","2935","1329","1024"
"741","ALIGN_HOLD","57291","8","43.9453125","-4","-4000","-8000000","60000","962780","962780","0","2935","1329","934"
"742","ALIGN_HOLD","57287","4","21.97265625","-4","-4000","0","60000","962781","962781","0","2935","1329","844"
"743","ALIGN_HOLD","57292","9","49.4384765625","5","5000","9000000","60000","962782","962782","0","2935","1329","754"
"744","ALIGN_HOLD","57290","7","38.4521484375","-2","-2000","-7000000","60000","962783","962783","0","2935","1329","664"
"745","ALIGN_HOLD","57292","9","49.4384765625","2","2000","4000000","60000","962784","962784","0","2935","1329","574"
"746","ALIGN_HOLD","57289","6","32.958984375","-3","-3000","-5000000","60000","962785","962785","0","2935","1329","484"
"747","ALIGN_HOLD","57290","7","38.4521484375","1","1000","4000000","60000","962786","962786","0","2935","1329","394"
"748","ALIGN_HOLD","57293","10","54.931640625","3","3000","2000000","60000","962787","962787","0","2935","1329","304"
"749","ALIGN_HOLD","57290","7","38.4521484375","-3","-3000","-6000000","60000","962788","962788","0","2935","1329","214"
"750","ALIGN_HOLD","57291","8","43.9453125","1","1000","4000000","60000","962789","962789","0","2935","1329","124"
"751","ALIGN_HOLD","57289","6","32.958984375","-2","-2000","-3000000","60000","962790","962790","0","2935","1329","34"
"752","ALIGN_HOLD","57292","9","49.4384765625","3","3000","5000000","60000","962791","962791","0","2935","1329","2099"
"753","ALIGN_HOLD","57292","9","49.4384765625","0","0","-3000000","60000","962792","962792","0","2935","1329","2009"
"754","ALIGN_HOLD","57290","7","38.4521484375","-2","-2000","-2000000","60000","962793","962793","0","2935","1329","1919"
"755","ALIGN_HOLD","57293","10","54.931640625","3","3000","5000000","60000","962794","962794","0","2935","1329","1829"
"756","ALIGN_HOLD","57290","7","38.4521484375","-3","-3000","-6000000","60000","962795","962795","0","2935","1329","1739"
"757","ALIGN_HOLD","57289","6","32.958984375","-1","-1000","2000000","60000","962796","962796","0","2935","1329","1649"
"758","ALIGN_HOLD","57292","9","49.4384765625","3","3000","4000000","60000","962797","962797","0","2935","1329","1559"
"759","ALIGN_HOLD","57289","6","32.958984375","-3","-3000","-6000000","60000","962798","962798","0","2935","1329","1469"
"760","ALIGN_HOLD","57291","8","43.9453125","2","2000","5000000","60000","962799","962799","0","2935","1329","1379"
"761","ALIGN_HOLD","57292","9","49.4384765625","1","1000","-1000000","60000","962800","962800","0","2935","1329","1289"
"762","ALIGN_HOLD","57292","9","49.4384765625","0","0","-1000000","60000","962801","962801","0","2935","1329","1199"
"763","ALIGN_HOLD","57288","5","27.4658203125","-4","-4000","-4000000","60000","962802","962802","0","2935","1329","1109"
"764","ALIGN_HOLD","57290","7","38.4521484375","2","2000","6000000","60000","962803","962803","0","2935","1329","1019"
"765","ALIGN_HOLD","57289","6","32.958984375","-1","-1000","-3000000","60000","962804","962804","0","2935","1329","929"
"766","ALIGN_HOLD","57291","8","43.9453125","2","2000","3000000","60000","962805","962805","0","2935","1329","839"
"767","ALIGN_HOLD","57290","7","38.4521484375","-1","-1000","-3000000","60000","962806","962806","0","2935","1329","749"
"768","ALIGN_HOLD","57288","5","27.4658203125","-2","-2000","-1000000","60000","962807","962807","0","2935","1329","659"
"769","ALIGN_HOLD","57287","4","21.97265625","-1","-1000","1000000","60000","962808","962808","0","2935","1329","569"
"770","ALIGN_HOLD","57291","8","43.9453125","4","4000","5000000","60000","962809","962809","0","2935","1329","479"
"771","ALIGN_HOLD","57289","6","32.958984375","-2","-2000","-6000000","60000","962810","962810","0","2935","1329","389"
"772","ALIGN_HOLD","57296","13","71.4111328125","7","7000","9000000","60000","962811","962811","0","2935","1329","299"
"773","ALIGN_HOLD","57290","7","38.4521484375","-6","-6000","-13000000","60000","962812","962812","0","2935","1329","209"
"774","ALIGN_HOLD","57290","7","38.4521484375","0","0","6000000","60000","962813","962813","0","2935","1329","119"
"775","ALIGN_HOLD","57288","5","27.4658203125","-2","-2000","-2000000","60000","962814","962814","0","2935","1329","29"
"776","ALIGN_HOLD","57289","6","32.958984375","1","1000","3000000","60000","962815","962815","0","2935","1329","2094"
"777","ALIGN_HOLD","57292","9","49.4384765625","3","3000","2000000","60000","962816","962816","0","2935","1329","2004"
"778","ALIGN_HOLD","57293","10","54.931640625","1","1000","-2000000","60000","962817","962817","0","2935","1329","1914"
"779","ALIGN_HOLD","57291","8","43.9453125","-2","-2000","-3000000","60000","962818","962818","0","2935","1329","1824"
"780","ALIGN_HOLD","57291","8","43.9453125","0","0","2000000","60000","962819","962819","0","2935","1329","1734"
"781","ALIGN_HOLD","57293","10","54.931640625","2","2000","2000000","60000","962820","962820","0","2935","1329","1644"
"782","ALIGN_HOLD","57292","9","49.4384765625","-1","-1000","-3000000","60000","962821","962821","0","2935","1329","1554"
"783","ALIGN_HOLD","57289","6","32.958984375","-3","-3000","-2000000","60000","962822","962822","0","2935","1329","1464"
"784","ALIGN_HOLD","57291","8","43.9453125","2","2000","5000000","60000","962823","962823","0","2935","1329","1374"
"785","ALIGN_HOLD","57290","7","38.4521484375","-1","-1000","-3000000","60000","962824","962824","0","2935","1329","1284"
"786","ALIGN_HOLD","57289","6","32.958984375","-1","-1000","0","60000","962825","962825","0","2935","1329","1194"
"787","ALIGN_HOLD","57291","8","43.9453125","2","2000","3000000","60000","962826","962826","0","2935","1329","1104"
"788","ALIGN_HOLD","57292","9","49.4384765625","1","1000","-1000000","60000","962827","962827","0","2935","1329","1014"
"789","ALIGN_HOLD","57292","9","49.4384765625","0","0","-1000000","60000","962828","962828","0","2935","1329","924"
"790","ALIGN_HOLD","57290","7","38.4521484375","-2","-2000","-2000000","60000","962829","962829","0","2935","1329","834"
"791","ALIGN_HOLD","57290","7","38.4521484375","0","0","2000000","60000","962830","962830","0","2935","1329","744"
"792","ALIGN_HOLD","57292","9","49.4384765625","2","2000","2000000","60000","962831","962831","0","2935","1329","654"
"793","ALIGN_HOLD","57290","7","38.4521484375","-2","-2000","-4000000","60000","962832","962832","0","2935","1329","564"
"794","ALIGN_HOLD","57289","6","32.958984375","-1","-1000","1000000","60000","962833","962833","0","2935","1329","474"
"795","ALIGN_HOLD","57291","8","43.9453125","2","2000","3000000","60000","962834","962834","0","2935","1329","384"
"796","ALIGN_HOLD","57293","10","54.931640625","2","2000","0","60000","962835","962835","0","2935","1329","294"
"797","ALIGN_HOLD","57291","8","43.9453125","-2","-2000","-4000000","60000","962836","962836","0","2935","1329","204"
"798","ALIGN_HOLD","57292","9","49.4384765625","1","1000","3000000","60000","962837","962837","0","2935","1329","114"
"799","ALIGN_HOLD","57289","6","32.958984375","-3","-3000","-4000000","60000","962838","962838","0","2935","1329","24"
"800","ALIGN_HOLD","57292","9","49.4384765625","3","3000","6000000","60000","962839","962839","0","2935","1329","0"
"801","ALIGN_HOLD","57292","9","49.4384765625","0","0","-3000000","60000","962840","962840","0","2935","1329","1999"
"802","ALIGN_HOLD","57291","8","43.9453125","-1","-1000","-1000000","60000","962841","962841","0","2935","1329","1909"
"803","ALIGN_HOLD","57292","9","49.4384765625","1","1000","2000000","60000","962842","962842","0","2935","1329","1819"
"804","ALIGN_HOLD","57297","14","76.904296875","5","5000","4000000","60000","962843","962843","0","2935","1329","1729"
"805","ALIGN_HOLD","57291","8","43.9453125","-6","-6000","-11000000","60000","962844","962844","0","2935","1329","1639"
"806","ALIGN_HOLD","57290","7","38.4521484375","-1","-1000","5000000","60000","962845","962845","0","2935","1329","1549"
"807","ALIGN_HOLD","57291","8","43.9453125","1","1000","2000000","60000","962846","962846","0","2935","1329","1459"
"808","ALIGN_HOLD","57288","5","27.4658203125","-3","-3000","-4000000","60000","962847","962847","0","2935","1329","1369"
"809","ALIGN_HOLD","57291","8","43.9453125","3","3000","6000000","60000","962848","962848","0","2935","1329","1279"
"810","ALIGN_HOLD","57292","9","49.4384765625","1","1000","-2000000","60000","962849","962849","0","2935","1329","1189"
"811","ALIGN_HOLD","57287","4","21.97265625","-5","-5000","-6000000","60000","962850","962850","0","2935","1329","1099"
"812","ALIGN_HOLD","57292","9","49.4384765625","5","5000","10000000","60000","962851","962851","0","2935","1329","1009"
"813","ALIGN_HOLD","57290","7","38.4521484375","-2","-2000","-7000000","60000","962852","962852","0","2935","1329","919"
"814","ALIGN_HOLD","57292","9","49.4384765625","2","2000","4000000","60000","962853","962853","0","2935","1329","829"
"815","ALIGN_HOLD","57291","8","43.9453125","-1","-1000","-3000000","60000","962854","962854","0","2935","1329","739"
"816","ALIGN_HOLD","57292","9","49.4384765625","1","1000","2000000","60000","962855","962855","0","2935","1329","649"
"817","ALIGN_HOLD","57292","9","49.4384765625","0","0","-1000000","60000","962856","962856","0","2935","1329","559"
"818","ALIGN_HOLD","57292","9","49.4384765625","0","0","0","60000","962857","962857","0","2935","1329","469"
"819","ALIGN_HOLD","57287","4","21.97265625","-5","-5000","-5000000","60000","962858","962858","0","2935","1329","379"
"820","ALIGN_HOLD","57290","7","38.4521484375","3","3000","8000000","60000","962859","962859","0","2935","1329","289"
"821","ALIGN_HOLD","57292","9","49.4384765625","2","2000","-1000000","60000","962860","962860","0","2935","1329","199"
"822","ALIGN_HOLD","57289","6","32.958984375","-3","-3000","-5000000","60000","962861","962861","0","2935","1329","109"
"823","ALIGN_HOLD","57287","4","21.97265625","-2","-2000","1000000","60000","962862","962862","0","2935","1329","19"
"824","ALIGN_HOLD","57291","8","43.9453125","4","4000","6000000","60000","962863","962863","0","2935","1329","2084"
"825","ALIGN_HOLD","57289","6","32.958984375","-2","-2000","-6000000","60000","962864","962864","0","2935","1329","1994"
"826","ALIGN_HOLD","57288","5","27.4658203125","-1","-1000","1000000","60000","962865","962865","0","2935","1329","1904"
"827","ALIGN_HOLD","57290","7","38.4521484375","2","2000","3000000","60000","962866","962866","0","2935","1329","1814"
"828","ALIGN_HOLD","57291","8","43.9453125","1","1000","-1000000","60000","962867","962867","0","2935","1329","1724"
"829","ALIGN_HOLD","57292","9","49.4384765625","1","1000","0","60000","962868","962868","0","2935","1329","1634"
"830","ALIGN_HOLD","57289","6","32.958984375","-3","-3000","-4000000","60000","962869","962869","0","2935","1329","1544"
"831","ALIGN_HOLD","57293","10","54.931640625","4","4000","7000000","60000","962870","962870","0","2935","1329","1454"
"832","ALIGN_HOLD","57289","6","32.958984375","-4","-4000","-8000000","60000","962871","962871","0","2935","1329","1364"
"833","ALIGN_HOLD","57291","8","43.9453125","2","2000","6000000","60000","962872","962872","0","2935","1329","1274"
"834","ALIGN_HOLD","57293","10","54.931640625","2","2000","0","60000","962873","962873","0","2935","1329","1184"
"835","ALIGN_HOLD","57292","9","49.4384765625","-1","-1000","-3000000","60000","962874","962874","0","2935","1329","1094"
"836","ALIGN_HOLD","57292","9","49.4384765625","0","0","1000000","60000","962875","962875","0","2935","1329","1004"
"837","ALIGN_HOLD","57292","9","49.4384765625","0","0","0","60000","962876","962876","0","2935","1329","914"
"838","ALIGN_HOLD","57292","9","49.4384765625","0","0","0","60000","962877","962877","0","2935","1329","824"
"839","ALIGN_HOLD","57290","7","38.4521484375","-2","-2000","-2000000","60000","962878","962878","0","2935","1329","734"
"840","ALIGN_HOLD","57291","8","43.9453125","1","1000","3000000","60000","962879","962879","0","2935","1329","644"
"841","ALIGN_HOLD","57291","8","43.9453125","0","0","-1000000","60000","962880","962880","0","2935","1329","554"
"842","ALIGN_HOLD","57292","9","49.4384765625","1","1000","1000000","60000","962881","962881","0","2935","1329","464"
"843","ALIGN_HOLD","57291","8","43.9453125","-1","-1000","-2000000","60000","962882","962882","0","2935","1329","374"
"844","ALIGN_HOLD","57293","10","54.931640625","2","2000","3000000","60000","962883","962883","0","2935","1329","284"
"845","ALIGN_HOLD","57291","8","43.9453125","-2","-2000","-4000000","60000","962884","962884","0","2935","1329","194"
"846","ALIGN_HOLD","57292","9","49.4384765625","1","1000","3000000","60000","962885","962885","0","2935","1329","104"
"847","ALIGN_HOLD","57290","7","38.4521484375","-2","-2000","-3000000","60000","962886","962886","0","2935","1329","14"
"848","ALIGN_HOLD","57289","6","32.958984375","-1","-1000","1000000","60000","962887","962887","0","2935","1329","2079"
"849","ALIGN_HOLD","57290","7","38.4521484375","1","1000","2000000","60000","962888","962888","0","2935","1329","1989"
"850","ALIGN_HOLD","57292","9","49.4384765625","2","2000","1000000","60000","962889","962889","0","2935","1329","1899"
"851","ALIGN_HOLD","57292","9","49.4384765625","0","0","-2000000","60000","962890","962890","0","2935","1329","1809"
"852","ALIGN_HOLD","57288","5","27.4658203125","-4","-4000","-4000000","60000","962891","962891","0","2935","1329","1719"
"853","ALIGN_HOLD","57294","11","60.4248046875","6","6000","10000000","60000","962892","962892","0","2935","1329","1629"
"854","ALIGN_HOLD","57288","5","27.4658203125","-6","-6000","-12000000","60000","962893","962893","0","2935","1329","1539"
"855","ALIGN_HOLD","57292","9","49.4384765625","4","4000","10000000","60000","962894","962894","0","2935","1329","1449"
"856","ALIGN_HOLD","57291","8","43.9453125","-1","-1000","-5000000","60000","962895","962895","0","2935","1329","1359"
"857","ALIGN_HOLD","57292","9","49.4384765625","1","1000","2000000","60000","962896","962896","0","2935","1329","1269"
"858","ALIGN_HOLD","57294","11","60.4248046875","2","2000","1000000","60000","962897","962897","0","2935","1329","1179"
"859","ALIGN_HOLD","57292","9","49.4384765625","-2","-2000","-4000000","60000","962898","962898","0","2935","1329","1089"
"860","ALIGN_HOLD","57289","6","32.958984375","-3","-3000","-1000000","60000","962899","962899","0","2935","1329","999"
"861","ALIGN_HOLD","57290","7","38.4521484375","1","1000","4000000","60000","962900","962900","0","2935","1329","909"
"862","ALIGN_HOLD","57289","6","32.958984375","-1","-1000","-2000000","60000","962901","962901","0","2935","1329","819"
"863","ALIGN_HOLD","57293","10","54.931640625","4","4000","5000000","60000","962902","962902","0","2935","1329","729"
"864","ALIGN_HOLD","57291","8","43.9453125","-2","-2000","-6000000","60000","962903","962903","0","2935","1329","639"
"865","ALIGN_HOLD","57289","6","32.958984375","-2","-2000","0","60000","962904","962904","0","2935","1329","549"
"866","ALIGN_HOLD","57290","7","38.4521484375","1","1000","3000000","60000","962905","962905","0","2935","1329","459"
"867","ALIGN_HOLD","57292","9","49.4384765625","2","2000","1000000","60000","962906","962906","0","2935","1329","369"
"868","ALIGN_HOLD","57292","9","49.4384765625","0","0","-2000000","60000","962907","962907","0","2935","1329","279"
"869","ALIGN_HOLD","57293","10","54.931640625","1","1000","1000000","60000","962908","962908","0","2935","1329","189"
"870","ALIGN_HOLD","57292","9","49.4384765625","-1","-1000","-2000000","60000","962909","962909","0","2935","1329","99"
"871","ALIGN_HOLD","57290","7","38.4521484375","-2","-2000","-1000000","60000","962910","962910","0","2935","1329","9"
"872","ALIGN_HOLD","57293","10","54.931640625","3","3000","5000000","60000","962911","962911","0","2935","1329","2074"
"873","ALIGN_HOLD","57291","8","43.9453125","-2","-2000","-5000000","60000","962912","962912","0","2935","1329","1984"
"874","ALIGN_HOLD","57293","10","54.931640625","2","2000","4000000","60000","962913","962913","0","2935","1329","1894"
"875","ALIGN_HOLD","57289","6","32.958984375","-4","-4000","-6000000","60000","962914","962914","0","2935","1329","1804"
"876","ALIGN_HOLD","57293","10","54.931640625","4","4000","8000000","60000","962915","962915","0","2935","1329","1714"
"877","ALIGN_HOLD","57291","8","43.9453125","-2","-2000","-6000000","60000","962916","962916","0","2935","1329","1624"
"878","ALIGN_HOLD","57289","6","32.958984375","-2","-2000","0","60000","962917","962917","0","2935","1329","1534"
"879","ALIGN_HOLD","57292","9","49.4384765625","3","3000","5000000","60000","962918","962918","0","2935","1329","1444"
"880","ALIGN_HOLD","57293","10","54.931640625","1","1000","-2000000","60000","962919","962919","0","2935","1329","1354"
"881","ALIGN_HOLD","57292","9","49.4384765625","-1","-1000","-2000000","60000","962920","962920","0","2935","1329","1264"
"882","ALIGN_HOLD","57289","6","32.958984375","-3","-3000","-2000000","60000","962921","962921","0","2935","1329","1174"
"883","ALIGN_HOLD","57295","12","65.91796875","6","6000","9000000","60000","962922","962922","0","2935","1329","1084"
"884","ALIGN_HOLD","57292","9","49.4384765625","-3","-3000","-9000000","60000","962923","962923","0","2935","1329","994"
"885","ALIGN_HOLD","57293","10","54.931640625","1","1000","4000000","60000","962924","962924","0","2935","1329","904"
"886","ALIGN_HOLD","57288","5","27.4658203125","-5","-5000","-6000000","60000","962925","962925","0","2935","1329","814"
"887","ALIGN_HOLD","57288","5","27.4658203125","0","0","5000000","60000","962926","962926","0","2935","1329","724"
"888","ALIGN_HOLD","57291","8","43.9453125","3","3000","3000000","60000","962927","962927","0","2935","1329","634"
"889","ALIGN_HOLD","57291","8","43.9453125","0","0","-3000000","60000","962928","962928","0","2935","1329","544"
"890","ALIGN_HOLD","57291","8","43.9453125","0","0","0","60000","962929","962929","0","2935","1329","454"
"891","ALIGN_HOLD","57292","9","49.4384765625","1","1000","1000000","60000","962930","962930","0","2935","1329","364"
"892","ALIGN_HOLD","57290","7","38.4521484375","-2","-2000","-3000000","60000","962931","962931","0","2935","1329","274"
"893","ALIGN_HOLD","57289","6","32.958984375","-1","-1000","1000000","60000","962932","962932","0","2935","1329","184"
"894","ALIGN_HOLD","57293","10","54.931640625","4","4000","5000000","60000","962933","962933","0","2935","1329","94"
"895","ALIGN_HOLD","57293","10","54.931640625","0","0","-4000000","60000","962934","962934","0","2935","1329","4"
"896","ALIGN_HOLD","57293","10","54.931640625","0","0","0","60000","962935","962935","0","2935","1329","2069"
"897","ALIGN_HOLD","57295","12","65.91796875","2","2000","2000000","60000","962936","962936","0","2935","1329","1979"
"898","ALIGN_HOLD","57292","9","49.4384765625","-3","-3000","-5000000","60000","962937","962937","0","2935","1329","1889"
"899","ALIGN_HOLD","57291","8","43.9453125","-1","-1000","2000000","60000","962938","962938","0","2935","1329","1799"
"900","ALIGN_HOLD","57290","7","38.4521484375","-1","-1000","0","60000","962939","962939","0","2935","1329","1709"
"901","ALIGN_HOLD","57289","6","32.958984375","-1","-1000","0","60000","962940","962940","0","2935","1329","1619"
"902","ALIGN_HOLD","57293","10","54.931640625","4","4000","5000000","60000","962941","962941","0","2935","1329","1529"
"903","ALIGN_HOLD","57290","7","38.4521484375","-3","-3000","-7000000","60000","962942","962942","0","2935","1329","1439"
"904","ALIGN_HOLD","57291","8","43.9453125","1","1000","4000000","60000","962943","962943","0","2935","1329","1349"
"905","ALIGN_HOLD","57291","8","43.9453125","0","0","-1000000","60000","962944","962944","0","2935","1329","1259"
"906","ALIGN_HOLD","57293","10","54.931640625","2","2000","2000000","60000","962945","962945","0","2935","1329","1169"
"907","ALIGN_HOLD","57289","6","32.958984375","-4","-4000","-6000000","60000","962946","962946","0","2935","1329","1079"
"908","ALIGN_HOLD","57290","7","38.4521484375","1","1000","5000000","60000","962947","962947","0","2935","1329","989"
"909","ALIGN_HOLD","57292","9","49.4384765625","2","2000","1000000","60000","962948","962948","0","2935","1329","899"
"910","ALIGN_HOLD","57293","10","54.931640625","1","1000","-1000000","60000","962949","962949","0","2935","1329","809"
"911","ALIGN_HOLD","57292","9","49.4384765625","-1","-1000","-2000000","60000","962950","962950","0","2935","1329","719"
"912","ALIGN_HOLD","57291","8","43.9453125","-1","-1000","0","60000","962951","962951","0","2935","1329","629"
"913","ALIGN_HOLD","57292","9","49.4384765625","1","1000","2000000","60000","962952","962952","0","2935","1329","539"
"914","ALIGN_HOLD","57291","8","43.9453125","-1","-1000","-2000000","60000","962953","962953","0","2935","1329","449"
"915","ALIGN_HOLD","57291","8","43.9453125","0","0","1000000","60000","962954","962954","0","2935","1329","359"
"916","ALIGN_HOLD","57290","7","38.4521484375","-1","-1000","-1000000","60000","962955","962955","0","2935","1329","269"
"917","ALIGN_HOLD","57293","10","54.931640625","3","3000","4000000","60000","962956","962956","0","2935","1329","179"
"918","ALIGN_HOLD","57289","6","32.958984375","-4","-4000","-7000000","60000","962957","962957","0","2935","1329","89"
"919","ALIGN_HOLD","57292","9","49.4384765625","3","3000","7000000","60000","962958","962958","0","2935","1329","2154"
"920","ALIGN_HOLD","57288","5","27.4658203125","-4","-4000","-7000000","60000","962959","962959","0","2935","1329","2064"
"921","ALIGN_HOLD","57293","10","54.931640625","5","5000","9000000","60000","962960","962960","0","2935","1329","1974"
"922","ALIGN_HOLD","57292","9","49.4384765625","-1","-1000","-6000000","60000","962961","962961","0","2935","1329","1884"
"923","ALIGN_HOLD","57288","5","27.4658203125","-4","-4000","-3000000","60000","962962","962962","0","2935","1329","1794"
"924","ALIGN_HOLD","57291","8","43.9453125","3","3000","7000000","60000","962963","962963","0","2935","1329","1704"
"925","ALIGN_HOLD","57292","9","49.4384765625","1","1000","-2000000","60000","962964","962964","0","2935","1329","1614"
"926","ALIGN_HOLD","57290","7","38.4521484375","-2","-2000","-3000000","60000","962965","962965","0","2935","1329","1524"
"927","ALIGN_HOLD","57292","9","49.4384765625","2","2000","4000000","60000","962966","962966","0","2935","1329","1434"
"928","ALIGN_HOLD","57289","6","32.958984375","-3","-3000","-5000000","60000","962967","962967","0","2935","1329","1344"
"929","ALIGN_HOLD","57292","9","49.4384765625","3","3000","6000000","60000","962968","962968","0","2935","1329","1254"
"930","ALIGN_HOLD","57292","9","49.4384765625","0","0","-3000000","60000","962969","962969","0","2935","1329","1164"
"931","ALIGN_HOLD","57289","6","32.958984375","-3","-3000","-3000000","60000","962970","962970","0","2935","1329","1074"
"932","ALIGN_HOLD","57292","9","49.4384765625","3","3000","6000000","60000","962971","962971","0","2935","1329","984"
"933","ALIGN_HOLD","57292","9","49.4384765625","0","0","-3000000","60000","962972","962972","0","2935","1329","894"
"934","ALIGN_HOLD","57294","11","60.4248046875","2","2000","2000000","60000","962973","962973","0","2935","1329","804"
"935","ALIGN_HOLD","57289","6","32.958984375","-5","-5000","-7000000","60000","962974","962974","0","2935","1329","714"
"936","ALIGN_HOLD","57289","6","32.958984375","0","0","5000000","60000","962975","962975","0","2935","1329","624"
"937","ALIGN_HOLD","57292","9","49.4384765625","3","3000","3000000","60000","962976","962976","0","2935","1329","534"
"938","ALIGN_HOLD","57292","9","49.4384765625","0","0","-3000000","60000","962977","962977","0","2935","1329","444"
"939","ALIGN_HOLD","57292","9","49.4384765625","0","0","0","60000","962978","962978","0","2935","1329","354"
"940","ALIGN_HOLD","57288","5","27.4658203125","-4","-4000","-4000000","60000","962979","962979","0","2935","1329","264"
"941","ALIGN_HOLD","57292","9","49.4384765625","4","4000","8000000","60000","962980","962980","0","2935","1329","174"
"942","ALIGN_HOLD","57294","11","60.4248046875","2","2000","-2000000","60000","962981","962981","0","2935","1329","84"
"943","ALIGN_HOLD","57294","11","60.4248046875","0","0","-2000000","60000","962982","962982","0","2935","1329","2149"
"944","ALIGN_HOLD","57292","9","49.4384765625","-2","-2000","-2000000","60000","962983","962983","0","2935","1329","2059"
"945","ALIGN_HOLD","57294","11","60.4248046875","2","2000","4000000","60000","962984","962984","0","2935","1329","1969"
"946","ALIGN_HOLD","57291","8","43.9453125","-3","-3000","-5000000","60000","962985","962985","0","2935","1329","1879"
"947","ALIGN_HOLD","57289","6","32.958984375","-2","-2000","1000000","60000","962986","962986","0","2935","1329","1789"
"948","ALIGN_HOLD","57290","7","38.4521484375","1","1000","3000000","60000","962987","962987","0","2935","1329","1699"
"949","ALIGN_HOLD","57291","8","43.9453125","1","1000","0","60000","962988","962988","0","2935","1329","1609"
"950","ALIGN_HOLD","57292","9","49.4384765625","1","1000","0","60000","962989","962989","0","2935","1329","1519"
"951","ALIGN_HOLD","57290","7","38.4521484375","-2","-2000","-3000000","60000","962990","962990","0","2935","1329","1429"
"952","ALIGN_HOLD","57291","8","43.9453125","1","1000","3000000","60000","962991","962991","0","2935","1329","1339"
"953","ALIGN_HOLD","57293","10","54.931640625","2","2000","1000000","60000","962992","962992","0","2935","1329","1249"
"954","ALIGN_HOLD","57291","8","43.9453125","-2","-2000","-4000000","60000","962993","962993","0","2935","1329","1159"
"955","ALIGN_HOLD","57289","6","32.958984375","-2","-2000","0","60000","962994","962994","0","2935","1329","1069"
"956","ALIGN_HOLD","57292","9","49.4384765625","3","3000","5000000","60000","962995","962995","0","2935","1329","979"
"957","ALIGN_HOLD","57289","6","32.958984375","-3","-3000","-6000000","60000","962996","962996","0","2935","1329","889"
"958","ALIGN_HOLD","57290","7","38.4521484375","1","1000","4000000","60000","962997","962997","0","2935","1329","799"
"959","ALIGN_HOLD","57292","9","49.4384765625","2","2000","1000000","60000","962998","962998","0","2935","1329","709"
"960","ALIGN_HOLD","57288","5","27.4658203125","-4","-4000","-6000000","60000","962999","962999","0","2935","1329","619"
"961","ALIGN_HOLD","57292","9","49.4384765625","4","4000","8000000","60000","963000","963000","0","2935","1329","529"
"962","ALIGN_HOLD","57292","9","49.4384765625","0","0","-4000000","60000","963001","963001","0","2935","1329","439"
"963","ALIGN_HOLD","57291","8","43.9453125","-1","-1000","-1000000","60000","963002","963002","0","2935","1329","349"
"964","ALIGN_HOLD","57295","12","65.91796875","4","4000","5000000","60000","963003","963003","0","2935","1329","259"
"965","ALIGN_HOLD","57289","6","32.958984375","-6","-6000","-10000000","60000","963004","963004","0","2935","1329","169"
"966","ALIGN_HOLD","57289","6","32.958984375","0","0","6000000","60000","963005","963005","0","2935","1329","79"
"967","ALIGN_HOLD","57296","13","71.4111328125","7","7000","7000000","60000","963006","963006","0","2935","1329","2144"
"968","ALIGN_HOLD","57292","9","49.4384765625","-4","-4000","-11000000","60000","963007","963007","0","2935","1329","2054"
"969","ALIGN_HOLD","57290","7","38.4521484375","-2","-2000","2000000","60000","963008","963008","0","2935","1329","1964"
"970","ALIGN_HOLD","57293","10","54.931640625","3","3000","5000000","60000","963009","963009","0","2935","1329","1874"
"971","ALIGN_HOLD","57289","6","32.958984375","-4","-4000","-7000000","60000","963010","963010","0","2935","1329","1784"
"972","ALIGN_HOLD","57294","11","60.4248046875","5","5000","9000000","60000","963011","963011","0","2935","1329","1694"
"973","ALIGN_HOLD","57293","10","54.931640625","-1","-1000","-6000000","60000","963012","963012","0","2935","1329","1604"
"974","ALIGN_HOLD","57292","9","49.4384765625","-1","-1000","0","60000","963013","963013","0","2935","1329","1514"
"975","ALIGN_HOLD","57291","8","43.9453125","-1","-1000","0","60000","963014","963014","0","2935","1329","1424"
"976","ALIGN_HOLD","57293","10","54.931640625","2","2000","3000000","60000","963015","963015","0","2935","1329","1334"
"977","ALIGN_HOLD","57292","9","49.4384765625","-1","-1000","-3000000","60000","963016","963016","0","2935","1329","1244"
"978","ALIGN_HOLD","57292","9","49.4384765625","0","0","1000000","60000","963017","963017","0","2935","1329","1154"
"979","ALIGN_HOLD","57290","7","38.4521484375","-2","-2000","-2000000","60000","963018","963018","0","2935","1329","1064"
"980","ALIGN_HOLD","57294","11","60.4248046875","4","4000","6000000","60000","963019","963019","0","2935","1329","974"
"981","ALIGN_HOLD","57293","10","54.931640625","-1","-1000","-5000000","60000","963020","963020","0","2935","1329","884"
"982","ALIGN_HOLD","57292","9","49.4384765625","-1","-1000","0","60000","963021","963021","0","2935","1329","794"
"983","ALIGN_HOLD","57292","9","49.4384765625","0","0","1000000","60000","963022","963022","0","2935","1329","704"
"984","ALIGN_HOLD","57289","6","32.958984375","-3","-3000","-3000000","60000","963023","963023","0","2935","1329","614"
"985","ALIGN_HOLD","57293","10","54.931640625","4","4000","7000000","60000","963024","963024","0","2935","1329","524"
"986","ALIGN_HOLD","57291","8","43.9453125","-2","-2000","-6000000","60000","963025","963025","0","2935","1329","434"
"987","ALIGN_HOLD","57292","9","49.4384765625","1","1000","3000000","60000","963026","963026","0","2935","1329","344"
"988","ALIGN_HOLD","57290","7","38.4521484375","-2","-2000","-3000000","60000","963027","963027","0","2935","1329","254"
"989","ALIGN_HOLD","57292","9","49.4384765625","2","2000","4000000","60000","963028","963028","0","2935","1329","164"
"990","ALIGN_HOLD","57291","8","43.9453125","-1","-1000","-3000000","60000","963029","963029","0","2935","1329","74"
"991","ALIGN_HOLD","57290","7","38.4521484375","-1","-1000","0","60000","963030","963030","0","2935","1329","2139"
"992","ALIGN_HOLD","57291","8","43.9453125","1","1000","2000000","60000","963031","963031","0","2935","1329","2049"
"993","ALIGN_HOLD","57289","6","32.958984375","-2","-2000","-3000000","60000","963032","963032","0","2935","1329","1959"
"994","ALIGN_HOLD","57292","9","49.4384765625","3","3000","5000000","60000","963033","963033","0","2935","1329","1869"
"995","ALIGN_HOLD","57293","10","54.931640625","1","1000","-2000000","60000","963034","963034","0","2935","1329","1779"
"996","ALIGN_HOLD","57290","7","38.4521484375","-3","-3000","-4000000","60000","963035","963035","0","2935","1329","1689"
"997","ALIGN_HOLD","57290","7","38.4521484375","0","0","3000000","60000","963036","963036","0","2935","1329","1599"
"998","ALIGN_HOLD","57293","10","54.931640625","3","3000","3000000","60000","963037","963037","0","2935","1329","1509"
"999","ALIGN_HOLD","57290","7","38.4521484375","-3","-3000","-6000000","60000","963038","963038","0","2935","1329","1419"
"1000","ALIGN_HOLD","57289","6","32.958984375","-1","-1000","2000000","60000","963039","963039","0","2935","1329","1395"
