"Seq","Phase","EncoderRaw","TravelRaw","TravelMilliDeg","DeltaRaw","VelocityRawPerSecond","AccelerationRawPerSecond2","PowerPpm","ScheduledTick","SampleTick","LatenessTicks","LoopCycles","SpiLatencyCycles","PwmCounterAtCs"
"0","ALIGN_RAMP","48174","1","5.4931640625","1","1000","1000000","0","6408","6408","0","2897","1336","1"
"1","ALIGN_RAMP","48172","-1","-5.4931640625","-2","-2000","-3000000","140","6409","6409","0","2902","1336","1411"
"2","ALIGN_RAMP","48173","0","0","1","1000","3000000","280","6410","6410","0","2902","1336","1321"
"3","ALIGN_RAMP","48174","1","5.4931640625","1","1000","0","420","6411","6411","0","2902","1336","1231"
"4","ALIGN_RAMP","48173","0","0","-1","-1000","-2000000","560","6412","6412","0","2902","1336","1141"
"5","ALIGN_RAMP","48171","-2","-10.986328125","-2","-2000","-1000000","700","6413","6413","0","2902","1336","1051"
"6","ALIGN_RAMP","48173","0","0","2","2000","4000000","840","6414","6414","0","2902","1336","961"
"7","ALIGN_RAMP","48173","0","0","0","0","-2000000","980","6415","6415","0","2902","1336","871"
"8","ALIGN_RAMP","48169","-4","-21.97265625","-4","-4000","-4000000","1120","6416","6416","0","2902","1336","781"
"9","ALIGN_RAMP","48173","0","0","4","4000","8000000","1260","6417","6417","0","2902","1336","691"
"10","ALIGN_RAMP","48171","-2","-10.986328125","-2","-2000","-6000000","1400","6418","6418","0","2902","1336","601"
"11","ALIGN_RAMP","48173","0","0","2","2000","4000000","1540","6419","6419","0","2902","1336","511"
"12","ALIGN_RAMP","48174","1","5.4931640625","1","1000","-1000000","1680","6420","6420","0","2902","1336","421"
"13","ALIGN_RAMP","48173","0","0","-1","-1000","-2000000","1820","6421","6421","0","2902","1336","331"
"14","ALIGN_RAMP","48174","1","5.4931640625","1","1000","2000000","1960","6422","6422","0","2902","1336","241"
"15","ALIGN_RAMP","48172","-1","-5.4931640625","-2","-2000","-3000000","2100","6423","6423","0","2902","1336","151"
"16","ALIGN_RAMP","48174","1","5.4931640625","2","2000","4000000","2240","6424","6424","0","2902","1336","61"
"17","ALIGN_RAMP","48171","-2","-10.986328125","-3","-3000","-5000000","2380","6425","6425","0","2902","1336","2126"
"18","ALIGN_RAMP","48172","-1","-5.4931640625","1","1000","4000000","2520","6426","6426","0","2902","1336","2036"
"19","ALIGN_RAMP","48171","-2","-10.986328125","-1","-1000","-2000000","2660","6427","6427","0","2902","1336","1946"
"20","ALIGN_RAMP","48176","3","16.4794921875","5","5000","6000000","2800","6428","6428","0","2902","1336","1856"
"21","ALIGN_RAMP","48175","2","10.986328125","-1","-1000","-6000000","2940","6429","6429","0","2902","1336","1766"
"22","ALIGN_RAMP","48172","-1","-5.4931640625","-3","-3000","-2000000","3080","6430","6430","0","2902","1336","1676"
"23","ALIGN_RAMP","48174","1","5.4931640625","2","2000","5000000","3220","6431","6431","0","2902","1336","1586"
"24","ALIGN_RAMP","48171","-2","-10.986328125","-3","-3000","-5000000","3360","6432","6432","0","2902","1336","1496"
"25","ALIGN_RAMP","48172","-1","-5.4931640625","1","1000","4000000","3500","6433","6433","0","2902","1336","1406"
"26","ALIGN_RAMP","48175","2","10.986328125","3","3000","2000000","3640","6434","6434","0","2902","1336","1316"
"27","ALIGN_RAMP","48172","-1","-5.4931640625","-3","-3000","-6000000","3780","6435","6435","0","2902","1336","1226"
"28","ALIGN_RAMP","48173","0","0","1","1000","4000000","3920","6436","6436","0","2902","1336","1136"
"29","ALIGN_RAMP","48174","1","5.4931640625","1","1000","0","4060","6437","6437","0","2902","1336","1046"
"30","ALIGN_RAMP","48175","2","10.986328125","1","1000","0","4200","6438","6438","0","2902","1336","956"
"31","ALIGN_RAMP","48172","-1","-5.4931640625","-3","-3000","-4000000","4340","6439","6439","0","2902","1336","866"
"32","ALIGN_RAMP","48172","-1","-5.4931640625","0","0","3000000","4480","6440","6440","0","2902","1336","776"
"33","ALIGN_RAMP","48171","-2","-10.986328125","-1","-1000","-1000000","4620","6441","6441","0","2902","1336","686"
"34","ALIGN_RAMP","48172","-1","-5.4931640625","1","1000","2000000","4760","6442","6442","0","2902","1336","596"
"35","ALIGN_RAMP","48175","2","10.986328125","3","3000","2000000","4900","6443","6443","0","2902","1336","506"
"36","ALIGN_RAMP","48174","1","5.4931640625","-1","-1000","-4000000","5040","6444","6444","0","2902","1336","416"
"37","ALIGN_RAMP","48172","-1","-5.4931640625","-2","-2000","-1000000","5180","6445","6445","0","2902","1336","326"
"38","ALIGN_RAMP","48173","0","0","1","1000","3000000","5320","6446","6446","0","2902","1336","236"
"39","ALIGN_RAMP","48168","-5","-27.4658203125","-5","-5000","-6000000","5460","6447","6447","0","2902","1336","146"
"40","ALIGN_RAMP","48175","2","10.986328125","7","7000","12000000","5600","6448","6448","0","2902","1336","56"
"41","ALIGN_RAMP","48173","0","0","-2","-2000","-9000000","5740","6449","6449","0","2902","1336","2121"
"42","ALIGN_RAMP","48171","-2","-10.986328125","-2","-2000","0","5880","6450","6450","0","2902","1336","2031"
"43","ALIGN_RAMP","48172","-1","-5.4931640625","1","1000","3000000","6020","6451","6451","0","2902","1336","1941"
"44","ALIGN_RAMP","48173","0","0","1","1000","0","6160","6452","6452","0","2902","1336","1851"
"45","ALIGN_RAMP","48176","3","16.4794921875","3","3000","2000000","6300","6453","6453","0","2902","1336","1761"
"46","ALIGN_RAMP","48172","-1","-5.4931640625","-4","-4000","-7000000","6440","6454","6454","0","2902","1336","1671"
"47","ALIGN_RAMP","48170","-3","-16.4794921875","-2","-2000","2000000","6580","6455","6455","0","2902","1336","1581"
"48","ALIGN_RAMP","48174","1","5.4931640625","4","4000","6000000","6720","6456","6456","0","2902","1336","1491"
"49","ALIGN_RAMP","48174","1","5.4931640625","0","0","-4000000","6860","6457","6457","0","2902","1336","1401"
"50","ALIGN_RAMP","48171","-2","-10.986328125","-3","-3000","-3000000","7000","6458","6458","0","2902","1336","1311"
"51","ALIGN_RAMP","48176","3","16.4794921875","5","5000","8000000","7140","6459","6459","0","2902","1336","1221"
"52","ALIGN_RAMP","48171","-2","-10.986328125","-5","-5000","-10000000","7280","6460","6460","0","2902","1336","1131"
"53","ALIGN_RAMP","48172","-1","-5.4931640625","1","1000","6000000","7420","6461","6461","0","2902","1336","1041"
"54","ALIGN_RAMP","48171","-2","-10.986328125","-1","-1000","-2000000","7560","6462","6462","0","2902","1336","951"
"55","ALIGN_RAMP","48174","1","5.4931640625","3","3000","4000000","7700","6463","6463","0","2902","1336","861"
"56","ALIGN_RAMP","48172","-1","-5.4931640625","-2","-2000","-5000000","7840","6464","6464","0","2902","1336","771"
"57","ALIGN_RAMP","48174","1","5.4931640625","2","2000","4000000","7980","6465","6465","0","2902","1336","681"
"58","ALIGN_RAMP","48173","0","0","-1","-1000","-3000000","8120","6466","6466","0","2902","1336","591"
"59","ALIGN_RAMP","48172","-1","-5.4931640625","-1","-1000","0","8260","6467","6467","0","2902","1336","501"
"60","ALIGN_RAMP","48175","2","10.986328125","3","3000","4000000","8400","6468","6468","0","2902","1336","411"
"61","ALIGN_RAMP","48174","1","5.4931640625","-1","-1000","-4000000","8540","6469","6469","0","2902","1336","321"
"62","ALIGN_RAMP","48175","2","10.986328125","1","1000","2000000","8680","6470","6470","0","2902","1336","231"
"63","ALIGN_RAMP","48178","5","27.4658203125","3","3000","2000000","8820","6471","6471","0","2902","1336","141"
"64","ALIGN_RAMP","48171","-2","-10.986328125","-7","-7000","-10000000","8960","6472","6472","0","2902","1336","51"
"65","ALIGN_RAMP","48173","0","0","2","2000","9000000","9100","6473","6473","0","2902","1336","2116"
"66","ALIGN_RAMP","48176","3","16.4794921875","3","3000","1000000","9240","6474","6474","0","2902","1336","2026"
"67","ALIGN_RAMP","48173","0","0","-3","-3000","-6000000","9380","6475","6475","0","2902","1336","1936"
"68","ALIGN_RAMP","48171","-2","-10.986328125","-2","-2000","1000000","9520","6476","6476","0","2902","1336","1846"
"69","ALIGN_RAMP","48173","0","0","2","2000","4000000","9660","6477","6477","0","2902","1336","1756"
"70","ALIGN_RAMP","48172","-1","-5.4931640625","-1","-1000","-3000000","9800","6478","6478","0","2902","1336","1666"
"71","ALIGN_RAMP","48173","0","0","1","1000","2000000","9940","6479","6479","0","2902","1336","1576"
"72","ALIGN_RAMP","48173","0","0","0","0","-1000000","10080","6480","6480","0","2902","1336","1486"
"73","ALIGN_RAMP","48175","2","10.986328125","2","2000","2000000","10220","6481","6481","0","2902","1336","1396"
"74","ALIGN_RAMP","48172","-1","-5.4931640625","-3","-3000","-5000000","10360","6482","6482","0","2902","1336","1306"
"75","ALIGN_RAMP","48172","-1","-5.4931640625","0","0","3000000","10500","6483","6483","0","2902","1336","1216"
"76","ALIGN_RAMP","48175","2","10.986328125","3","3000","3000000","10640","6484","6484","0","2902","1336","1126"
"77","ALIGN_RAMP","48171","-2","-10.986328125","-4","-4000","-7000000","10780","6485","6485","0","2902","1336","1036"
"78","ALIGN_RAMP","48174","1","5.4931640625","3","3000","7000000","10920","6486","6486","0","2902","1336","946"
"79","ALIGN_RAMP","48171","-2","-10.986328125","-3","-3000","-6000000","11060","6487","6487","0","2902","1336","856"
"80","ALIGN_RAMP","48176","3","16.4794921875","5","5000","8000000","11200","6488","6488","0","2902","1336","766"
"81","ALIGN_RAMP","48173","0","0","-3","-3000","-8000000","11340","6489","6489","0","2902","1336","676"
"82","ALIGN_RAMP","48168","-5","-27.4658203125","-5","-5000","-2000000","11480","6490","6490","0","2902","1336","586"
"83","ALIGN_RAMP","48174","1","5.4931640625","6","6000","11000000","11620","6491","6491","0","2902","1336","496"
"84","ALIGN_RAMP","48172","-1","-5.4931640625","-2","-2000","-8000000","11760","6492","6492","0","2902","1336","406"
"85","ALIGN_RAMP","48174","1","5.4931640625","2","2000","4000000","11900","6493","6493","0","2902","1336","316"
"86","ALIGN_RAMP","48170","-3","-16.4794921875","-4","-4000","-6000000","12040","6494","6494","0","2902","1336","226"
"87","ALIGN_RAMP","48173","0","0","3","3000","7000000","12180","6495","6495","0","2902","1336","136"
"88","ALIGN_RAMP","48169","-4","-21.97265625","-4","-4000","-7000000","12320","6496","6496","0","2902","1336","46"
"89","ALIGN_RAMP","48179","6","32.958984375","10","10000","14000000","12460","6497","6497","0","2902","1336","2111"
"90","ALIGN_RAMP","48172","-1","-5.4931640625","-7","-7000","-17000000","12600","6498","6498","0","2902","1336","2021"
"91","ALIGN_RAMP","48173","0","0","1","1000","8000000","12740","6499","6499","0","2902","1336","1931"
"92","ALIGN_RAMP","48175","2","10.986328125","2","2000","1000000","12880","6500","6500","0","2902","1336","1841"
"93","ALIGN_RAMP","48176","3","16.4794921875","1","1000","-1000000","13020","6501","6501","0","2902","1336","1751"
"94","ALIGN_RAMP","48172","-1","-5.4931640625","-4","-4000","-5000000","13160","6502","6502","0","2902","1336","1661"
"95","ALIGN_RAMP","48173","0","0","1","1000","5000000","13300","6503","6503","0","2902","1336","1571"
"96","ALIGN_RAMP","48174","1","5.4931640625","1","1000","0","13440","6504","6504","0","2902","1336","1481"
"97","ALIGN_RAMP","48173","0","0","-1","-1000","-2000000","13580","6505","6505","0","2902","1336","1391"
"98","ALIGN_RAMP","48176","3","16.4794921875","3","3000","4000000","13720","6506","6506","0","2902","1336","1301"
"99","ALIGN_RAMP","48172","-1","-5.4931640625","-4","-4000","-7000000","13860","6507","6507","0","2902","1336","1211"
"100","ALIGN_RAMP","48173","0","0","1","1000","5000000","14000","6508","6508","0","2902","1336","1121"
"101","ALIGN_RAMP","48173","0","0","0","0","-1000000","14140","6509","6509","0","2902","1336","1031"
"102","ALIGN_RAMP","48173","0","0","0","0","0","14280","6510","6510","0","2902","1336","941"
"103","ALIGN_RAMP","48172","-1","-5.4931640625","-1","-1000","-1000000","14420","6511","6511","0","2902","1336","851"
"104","ALIGN_RAMP","48173","0","0","1","1000","2000000","14560","6512","6512","0","2902","1336","761"
"105","ALIGN_RAMP","48176","3","16.4794921875","3","3000","2000000","14700","6513","6513","0","2902","1336","671"
"106","ALIGN_RAMP","48174","1","5.4931640625","-2","-2000","-5000000","14840","6514","6514","0","2902","1336","581"
"107","ALIGN_RAMP","48174","1","5.4931640625","0","0","2000000","14980","6515","6515","0","2902","1336","491"
"108","ALIGN_RAMP","48175","2","10.986328125","1","1000","1000000","15120","6516","6516","0","2902","1336","401"
"109","ALIGN_RAMP","48176","3","16.4794921875","1","1000","0","15260","6517","6517","0","2902","1336","311"
"110","ALIGN_RAMP","48173","0","0","-3","-3000","-4000000","15400","6518","6518","0","2902","1336","221"
"111","ALIGN_RAMP","48172","-1","-5.4931640625","-1","-1000","2000000","15540","6519","6519","0","2902","1336","131"
"112","ALIGN_RAMP","48174","1","5.4931640625","2","2000","3000000","15680","6520","6520","0","2902","1336","41"
"113","ALIGN_RAMP","48172","-1","-5.4931640625","-2","-2000","-4000000","15820","6521","6521","0","2902","1336","2106"
"114","ALIGN_RAMP","48173","0","0","1","1000","3000000","15960","6522","6522","0","2902","1336","2016"
"115","ALIGN_RAMP","48175","2","10.986328125","2","2000","1000000","16100","6523","6523","0","2902","1336","1926"
"116","ALIGN_RAMP","48176","3","16.4794921875","1","1000","-1000000","16240","6524","6524","0","2902","1336","1836"
"117","ALIGN_RAMP","48171","-2","-10.986328125","-5","-5000","-6000000","16380","6525","6525","0","2902","1336","1746"
"118","ALIGN_RAMP","48175","2","10.986328125","4","4000","9000000","16520","6526","6526","0","2902","1336","1656"
"119","ALIGN_RAMP","48175","2","10.986328125","0","0","-4000000","16660","6527","6527","0","2902","1336","1566"
"120","ALIGN_RAMP","48176","3","16.4794921875","1","1000","1000000","16800","6528","6528","0","2902","1336","1476"
"121","ALIGN_RAMP","48174","1","5.4931640625","-2","-2000","-3000000","16940","6529","6529","0","2902","1336","1386"
"122","ALIGN_RAMP","48178","5","27.4658203125","4","4000","6000000","17080","6530","6530","0","2902","1336","1296"
"123","ALIGN_RAMP","48175","2","10.986328125","-3","-3000","-7000000","17220","6531","6531","0","2902","1336","1206"
"124","ALIGN_RAMP","48177","4","21.97265625","2","2000","5000000","17360","6532","6532","0","2902","1336","1116"
"125","ALIGN_RAMP","48176","3","16.4794921875","-1","-1000","-3000000","17500","6533","6533","0","2902","1336","1026"
"126","ALIGN_RAMP","48176","3","16.4794921875","0","0","1000000","17640","6534","6534","0","2902","1336","936"
"127","ALIGN_RAMP","48173","0","0","-3","-3000","-3000000","17780","6535","6535","0","2902","1336","846"
"128","ALIGN_RAMP","48175","2","10.986328125","2","2000","5000000","17920","6536","6536","0","2902","1336","756"
"129","ALIGN_RAMP","48172","-1","-5.4931640625","-3","-3000","-5000000","18060","6537","6537","0","2902","1336","666"
"130","ALIGN_RAMP","48174","1","5.4931640625","2","2000","5000000","18200","6538","6538","0","2902","1336","576"
"131","ALIGN_RAMP","48172","-1","-5.4931640625","-2","-2000","-4000000","18340","6539","6539","0","2902","1336","486"
"132","ALIGN_RAMP","48179","6","32.958984375","7","7000","9000000","18480","6540","6540","0","2902","1336","396"
"133","ALIGN_RAMP","48176","3","16.4794921875","-3","-3000","-10000000","18620","6541","6541","0","2902","1336","306"
"134","ALIGN_RAMP","48174","1","5.4931640625","-2","-2000","1000000","18760","6542","6542","0","2902","1336","216"
"135","ALIGN_RAMP","48172","-1","-5.4931640625","-2","-2000","0","18900","6543","6543","0","2902","1336","126"
"136","ALIGN_RAMP","48173","0","0","1","1000","3000000","19040","6544","6544","0","2902","1336","36"
"137","ALIGN_RAMP","48174","1","5.4931640625","1","1000","0","19180","6545","6545","0","2902","1336","2101"
"138","ALIGN_RAMP","48172","-1","-5.4931640625","-2","-2000","-3000000","19320","6546","6546","0","2902","1336","2011"
"139","ALIGN_RAMP","48173","0","0","1","1000","3000000","19460","6547","6547","0","2902","1336","1921"
"140","ALIGN_RAMP","48174","1","5.4931640625","1","1000","0","19600","6548","6548","0","2902","1336","1831"
"141","ALIGN_RAMP","48170","-3","-16.4794921875","-4","-4000","-5000000","19740","6549","6549","0","2902","1336","1741"
"142","ALIGN_RAMP","48175","2","10.986328125","5","5000","9000000","19880","6550","6550","0","2902","1336","1651"
"143","ALIGN_RAMP","48177","4","21.97265625","2","2000","-3000000","20020","6551","6551","0","2902","1336","1561"
"144","ALIGN_RAMP","48174","1","5.4931640625","-3","-3000","-5000000","20160","6552","6552","0","2902","1336","1471"
"145","ALIGN_RAMP","48170","-3","-16.4794921875","-4","-4000","-1000000","20300","6553","6553","0","2902","1336","1381"
"146","ALIGN_RAMP","48171","-2","-10.986328125","1","1000","5000000","20440","6554","6554","0","2902","1336","1291"
"147","ALIGN_RAMP","48172","-1","-5.4931640625","1","1000","0","20580","6555","6555","0","2902","1336","1201"
"148","ALIGN_RAMP","48176","3","16.4794921875","4","4000","3000000","20720","6556","6556","0","2902","1336","1111"
"149","ALIGN_RAMP","48173","0","0","-3","-3000","-7000000","20860","6557","6557","0","2902","1336","1021"
"150","ALIGN_RAMP","48172","-1","-5.4931640625","-1","-1000","2000000","21000","6558","6558","0","2902","1336","931"
"151","ALIGN_RAMP","48171","-2","-10.986328125","-1","-1000","0","21140","6559","6559","0","2902","1336","841"
"152","ALIGN_RAMP","48178","5","27.4658203125","7","7000","8000000","21280","6560","6560","0","2902","1336","751"
"153","ALIGN_RAMP","48175","2","10.986328125","-3","-3000","-10000000","21420","6561","6561","0","2902","1336","661"
"154","ALIGN_RAMP","48172","-1","-5.4931640625","-3","-3000","0","21560","6562","6562","0","2902","1336","571"
"155","ALIGN_RAMP","48171","-2","-10.986328125","-1","-1000","2000000","21700","6563","6563","0","2902","1336","481"
"156","ALIGN_RAMP","48173","0","0","2","2000","3000000","21840","6564","6564","0","2902","1336","391"
"157","ALIGN_RAMP","48174","1","5.4931640625","1","1000","-1000000","21980","6565","6565","0","2902","1336","301"
"158","ALIGN_RAMP","48174","1","5.4931640625","0","0","-1000000","22120","6566","6566","0","2902","1336","211"
"159","ALIGN_RAMP","48173","0","0","-1","-1000","-1000000","22260","6567","6567","0","2902","1336","121"
"160","ALIGN_RAMP","48173","0","0","0","0","1000000","22400","6568","6568","0","2902","1336","31"
"161","ALIGN_RAMP","48174","1","5.4931640625","1","1000","1000000","22540","6569","6569","0","2902","1336","2096"
"162","ALIGN_RAMP","48176","3","16.4794921875","2","2000","1000000","22680","6570","6570","0","2902","1336","2006"
"163","ALIGN_RAMP","48174","1","5.4931640625","-2","-2000","-4000000","22820","6571","6571","0","2902","1336","1916"
"164","ALIGN_RAMP","48174","1","5.4931640625","0","0","2000000","22960","6572","6572","0","2902","1336","1826"
"165","ALIGN_RAMP","48177","4","21.97265625","3","3000","3000000","23100","6573","6573","0","2902","1336","1736"
"166","ALIGN_RAMP","48173","0","0","-4","-4000","-7000000","23240","6574","6574","0","2902","1336","1646"
"167","ALIGN_RAMP","48171","-2","-10.986328125","-2","-2000","2000000","23380","6575","6575","0","2902","1336","1556"
"168","ALIGN_RAMP","48178","5","27.4658203125","7","7000","9000000","23520","6576","6576","0","2902","1336","1466"
"169","ALIGN_RAMP","48175","2","10.986328125","-3","-3000","-10000000","23660","6577","6577","0","2902","1336","1376"
"170","ALIGN_RAMP","48179","6","32.958984375","4","4000","7000000","23800","6578","6578","0","2902","1336","1286"
"171","ALIGN_RAMP","48176","3","16.4794921875","-3","-3000","-7000000","23940","6579","6579","0","2902","1336","1196"
"172","ALIGN_RAMP","48176","3","16.4794921875","0","0","3000000","24080","6580","6580","0","2902","1336","1106"
"173","ALIGN_RAMP","48171","-2","-10.986328125","-5","-5000","-5000000","24220","6581","6581","0","2902","1336","1016"
"174","ALIGN_RAMP","48178","5","27.4658203125","7","7000","12000000","24360","6582","6582","0","2902","1336","926"
"175","ALIGN_RAMP","48177","4","21.97265625","-1","-1000","-8000000","24500","6583","6583","0","2902","1336","836"
"176","ALIGN_RAMP","48179","6","32.958984375","2","2000","3000000","24640","6584","6584","0","2902","1336","746"
"177","ALIGN_RAMP","48175","2","10.986328125","-4","-4000","-6000000","24780","6585","6585","0","2902","1336","656"
"178","ALIGN_RAMP","48177","4","21.97265625","2","2000","6000000","24920","6586","6586","0","2902","1336","566"
"179","ALIGN_RAMP","48175","2","10.986328125","-2","-2000","-4000000","25060","6587","6587","0","2902","1336","476"
"180","ALIGN_RAMP","48172","-1","-5.4931640625","-3","-3000","-1000000","25200","6588","6588","0","2902","1336","386"
"181","ALIGN_RAMP","48173","0","0","1","1000","4000000","25340","6589","6589","0","2902","1336","296"
"182","ALIGN_RAMP","48175","2","10.986328125","2","2000","1000000","25480","6590","6590","0","2902","1336","206"
"183","ALIGN_RAMP","48175","2","10.986328125","0","0","-2000000","25620","6591","6591","0","2902","1336","116"
"184","ALIGN_RAMP","48173","0","0","-2","-2000","-2000000","25760","6592","6592","0","2902","1336","26"
"185","ALIGN_RAMP","48175","2","10.986328125","2","2000","4000000","25900","6593","6593","0","2902","1336","2091"
"186","ALIGN_RAMP","48172","-1","-5.4931640625","-3","-3000","-5000000","26040","6594","6594","0","2902","1336","2001"
"187","ALIGN_RAMP","48174","1","5.4931640625","2","2000","5000000","26180","6595","6595","0","2902","1336","1911"
"188","ALIGN_RAMP","48174","1","5.4931640625","0","0","-2000000","26320","6596","6596","0","2902","1336","1821"
"189","ALIGN_RAMP","48176","3","16.4794921875","2","2000","2000000","26460","6597","6597","0","2902","1336","1731"
"190","ALIGN_RAMP","48177","4","21.97265625","1","1000","-1000000","26600","6598","6598","0","2902","1336","1641"
"191","ALIGN_RAMP","48176","3","16.4794921875","-1","-1000","-2000000","26740","6599","6599","0","2902","1336","1551"
"192","ALIGN_RAMP","48177","4","21.97265625","1","1000","2000000","26880","6600","6600","0","2902","1336","1461"
"193","ALIGN_RAMP","48177","4","21.97265625","0","0","-1000000","27020","6601","6601","0","2902","1336","1371"
"194","ALIGN_RAMP","48174","1","5.4931640625","-3","-3000","-3000000","27160","6602","6602","0","2902","1336","1281"
"195","ALIGN_RAMP","48177","4","21.97265625","3","3000","6000000","27300","6603","6603","0","2902","1336","1191"
"196","ALIGN_RAMP","48175","2","10.986328125","-2","-2000","-5000000","27440","6604","6604","0","2902","1336","1101"
"197","ALIGN_RAMP","48175","2","10.986328125","0","0","2000000","27580","6605","6605","0","2902","1336","1011"
"198","ALIGN_RAMP","48173","0","0","-2","-2000","-2000000","27720","6606","6606","0","2902","1336","921"
"199","ALIGN_RAMP","48176","3","16.4794921875","3","3000","5000000","27860","6607","6607","0","2902","1336","831"
"200","ALIGN_RAMP","48174","1","5.4931640625","-2","-2000","-5000000","28000","6608","6608","0","2902","1336","807"
"201","ALIGN_RAMP","48176","3","16.4794921875","2","2000","4000000","28140","6609","6609","0","2902","1336","651"
"202","ALIGN_RAMP","48176","3","16.4794921875","0","0","-2000000","28280","6610","6610","0","2902","1336","561"
"203","ALIGN_RAMP","48178","5","27.4658203125","2","2000","2000000","28420","6611","6611","0","2902","1336","471"
"204","ALIGN_RAMP","48173","0","0","-5","-5000","-7000000","28560","6612","6612","0","2902","1336","381"
"205","ALIGN_RAMP","48172","-1","-5.4931640625","-1","-1000","4000000","28700","6613","6613","0","2902","1336","291"
"206","ALIGN_RAMP","48177","4","21.97265625","5","5000","6000000","28840","6614","6614","0","2902","1336","201"
"207","ALIGN_RAMP","48180","7","38.4521484375","3","3000","-2000000","28980","6615","6615","0","2902","1336","111"
"208","ALIGN_RAMP","48176","3","16.4794921875","-4","-4000","-7000000","29120","6616","6616","0","2902","1336","21"
"209","ALIGN_RAMP","48176","3","16.4794921875","0","0","4000000","29260","6617","6617","0","2902","1336","2086"
"210","ALIGN_RAMP","48177","4","21.97265625","1","1000","1000000","29400","6618","6618","0","2902","1336","1996"
"211","ALIGN_RAMP","48174","1","5.4931640625","-3","-3000","-4000000","29540","6619","6619","0","2902","1336","1906"
"212","ALIGN_RAMP","48178","5","27.4658203125","4","4000","7000000","29680","6620","6620","0","2902","1336","1816"
"213","ALIGN_RAMP","48176","3","16.4794921875","-2","-2000","-6000000","29820","6621","6621","0","2902","1336","1726"
"214","ALIGN_RAMP","48180","7","38.4521484375","4","4000","6000000","29960","6622","6622","0","2902","1336","1636"
"215","ALIGN_RAMP","48176","3","16.4794921875","-4","-4000","-8000000","30100","6623","6623","0","2902","1336","1546"
"216","ALIGN_RAMP","48175","2","10.986328125","-1","-1000","3000000","30240","6624","6624","0","2902","1336","1456"
"217","ALIGN_RAMP","48176","3","16.4794921875","1","1000","2000000","30380","6625","6625","0","2902","1336","1366"
"218","ALIGN_RAMP","48176","3","16.4794921875","0","0","-1000000","30520","6626","6626","0","2902","1336","1276"
"219","ALIGN_RAMP","48177","4","21.97265625","1","1000","1000000","30660","6627","6627","0","2902","1336","1186"
"220","ALIGN_RAMP","48180","7","38.4521484375","3","3000","2000000","30800","6628","6628","0","2902","1336","1096"
"221","ALIGN_RAMP","48178","5","27.4658203125","-2","-2000","-5000000","30940","6629","6629","0","2902","1336","1006"
"222","ALIGN_RAMP","48178","5","27.4658203125","0","0","2000000","31080","6630","6630","0","2902","1336","916"
"223","ALIGN_RAMP","48176","3","16.4794921875","-2","-2000","-2000000","31220","6631","6631","0","2902","1336","826"
"224","ALIGN_RAMP","48179","6","32.958984375","3","3000","5000000","31360","6632","6632","0","2902","1336","736"
"225","ALIGN_RAMP","48178","5","27.4658203125","-1","-1000","-4000000","31500","6633","6633","0","2902","1336","646"
"226","ALIGN_RAMP","48177","4","21.97265625","-1","-1000","0","31640","6634","6634","0","2902","1336","556"
"227","ALIGN_RAMP","48177","4","21.97265625","0","0","1000000","31780","6635","6635","0","2902","1336","466"
"228","ALIGN_RAMP","48177","4","21.97265625","0","0","0","31920","6636","6636","0","2902","1336","376"
"229","ALIGN_RAMP","48180","7","38.4521484375","3","3000","3000000","32060","6637","6637","0","2902","1336","286"
"230","ALIGN_RAMP","48179","6","32.958984375","-1","-1000","-4000000","32200","6638","6638","0","2902","1336","196"
"231","ALIGN_RAMP","48178","5","27.4658203125","-1","-1000","0","32340","6639","6639","0","2902","1336","106"
"232","ALIGN_RAMP","48181","8","43.9453125","3","3000","4000000","32480","6640","6640","0","2902","1336","16"
"233","ALIGN_RAMP","48176","3","16.4794921875","-5","-5000","-8000000","32620","6641","6641","0","2902","1336","2081"
"234","ALIGN_RAMP","48178","5","27.4658203125","2","2000","7000000","32760","6642","6642","0","2902","1336","1991"
"235","ALIGN_RAMP","48182","9","49.4384765625","4","4000","2000000","32900","6643","6643","0","2902","1336","1901"
"236","ALIGN_RAMP","48181","8","43.9453125","-1","-1000","-5000000","33040","6644","6644","0","2902","1336","1811"
"237","ALIGN_RAMP","48181","8","43.9453125","0","0","1000000","33180","6645","6645","0","2902","1336","1721"
"238","ALIGN_RAMP","48178","5","27.4658203125","-3","-3000","-3000000","33320","6646","6646","0","2902","1336","1631"
"239","ALIGN_RAMP","48178","5","27.4658203125","0","0","3000000","33460","6647","6647","0","2902","1336","1541"
"240","ALIGN_RAMP","48180","7","38.4521484375","2","2000","2000000","33600","6648","6648","0","2902","1336","1451"
"241","ALIGN_RAMP","48181","8","43.9453125","1","1000","-1000000","33740","6649","6649","0","2902","1336","1361"
"242","ALIGN_RAMP","48182","9","49.4384765625","1","1000","0","33880","6650","6650","0","2902","1336","1271"
"243","ALIGN_RAMP","48179","6","32.958984375","-3","-3000","-4000000","34020","6651","6651","0","2902","1336","1181"
"244","ALIGN_RAMP","48180","7","38.4521484375","1","1000","4000000","34160","6652","6652","0","2902","1336","1091"
"245","ALIGN_RAMP","48178","5","27.4658203125","-2","-2000","-3000000","34300","6653","6653","0","2902","1336","1001"
"246","ALIGN_RAMP","48182","9","49.4384765625","4","4000","6000000","34440","6654","6654","0","2902","1336","911"
"247","ALIGN_RAMP","48183","10","54.931640625","1","1000","-3000000","34580","6655","6655","0","2902","1336","821"
"248","ALIGN_RAMP","48178","5","27.4658203125","-5","-5000","-6000000","34720","6656","6656","0","2902","1336","731"
"249","ALIGN_RAMP","48181","8","43.9453125","3","3000","8000000","34860","6657","6657","0","2902","1336","641"
"250","ALIGN_RAMP","48181","8","43.9453125","0","0","-3000000","35000","6658","6658","0","2902","1336","551"
"251","ALIGN_RAMP","48183","10","54.931640625","2","2000","2000000","35140","6659","6659","0","2902","1336","461"
"252","ALIGN_RAMP","48181","8","43.9453125","-2","-2000","-4000000","35280","6660","6660","0","2902","1336","371"
"253","ALIGN_RAMP","48187","14","76.904296875","6","6000","8000000","35420","6661","6661","0","2902","1336","281"
"254","ALIGN_RAMP","48180","7","38.4521484375","-7","-7000","-13000000","35560","6662","6662","0","2902","1336","191"
"255","ALIGN_RAMP","48186","13","71.4111328125","6","6000","13000000","35700","6663","6663","0","2902","1336","101"
"256","ALIGN_RAMP","48181","8","43.9453125","-5","-5000","-11000000","35840","6664","6664","0","2902","1336","11"
"257","ALIGN_RAMP","48183","10","54.931640625","2","2000","7000000","35980","6665","6665","0","2902","1336","2076"
"258","ALIGN_RAMP","48184","11","60.4248046875","1","1000","-1000000","36120","6666","6666","0","2902","1336","1986"
"259","ALIGN_RAMP","48181","8","43.9453125","-3","-3000","-4000000","36260","6667","6667","0","2902","1336","1896"
"260","ALIGN_RAMP","48183","10","54.931640625","2","2000","5000000","36400","6668","6668","0","2902","1336","1806"
"261","ALIGN_RAMP","48185","12","65.91796875","2","2000","0","36540","6669","6669","0","2902","1336","1716"
"262","ALIGN_RAMP","48182","9","49.4384765625","-3","-3000","-5000000","36680","6670","6670","0","2902","1336","1626"
"263","ALIGN_RAMP","48188","15","82.3974609375","6","6000","9000000","36820","6671","6671","0","2902","1336","1536"
"264","ALIGN_RAMP","48185","12","65.91796875","-3","-3000","-9000000","36960","6672","6672","0","2902","1336","1446"
"265","ALIGN_RAMP","48186","13","71.4111328125","1","1000","4000000","37100","6673","6673","0","2902","1336","1356"
"266","ALIGN_RAMP","48181","8","43.9453125","-5","-5000","-6000000","37240","6674","6674","0","2902","1336","1266"
"267","ALIGN_RAMP","48182","9","49.4384765625","1","1000","6000000","37380","6675","6675","0","2902","1336","1176"
"268","ALIGN_RAMP","48188","15","82.3974609375","6","6000","5000000","37520","6676","6676","0","2902","1336","1086"
"269","ALIGN_RAMP","48188","15","82.3974609375","0","0","-6000000","37660","6677","6677","0","2902","1336","996"
"270","ALIGN_RAMP","48185","12","65.91796875","-3","-3000","-3000000","37800","6678","6678","0","2902","1336","906"
"271","ALIGN_RAMP","48187","14","76.904296875","2","2000","5000000","37940","6679","6679","0","2902","1336","816"
"272","ALIGN_RAMP","48189","16","87.890625","2","2000","0","38080","6680","6680","0","2902","1336","726"
"273","ALIGN_RAMP","48182","9","49.4384765625","-7","-7000","-9000000","38220","6681","6681","0","2902","1336","636"
"274","ALIGN_RAMP","48187","14","76.904296875","5","5000","12000000","38360","6682","6682","0","2902","1336","546"
"275","ALIGN_RAMP","48183","10","54.931640625","-4","-4000","-9000000","38500","6683","6683","0","2902","1336","456"
"276","ALIGN_RAMP","48185","12","65.91796875","2","2000","6000000","38640","6684","6684","0","2902","1336","366"
"277","ALIGN_RAMP","48187","14","76.904296875","2","2000","0","38780","6685","6685","0","2902","1336","276"
"278","ALIGN_RAMP","48190","17","93.3837890625","3","3000","1000000","38920","6686","6686","0","2902","1336","186"
"279","ALIGN_RAMP","48186","13","71.4111328125","-4","-4000","-7000000","39060","6687","6687","0","2902","1336","96"
"280","ALIGN_RAMP","48188","15","82.3974609375","2","2000","6000000","39200","6688","6688","0","2902","1336","6"
"281","ALIGN_RAMP","48189","16","87.890625","1","1000","-1000000","39340","6689","6689","0","2902","1336","2071"
"282","ALIGN_RAMP","48189","16","87.890625","0","0","-1000000","39480","6690","6690","0","2902","1336","1981"
"283","ALIGN_RAMP","48188","15","82.3974609375","-1","-1000","-1000000","39620","6691","6691","0","2902","1336","1891"
"284","ALIGN_RAMP","48190","17","93.3837890625","2","2000","3000000","39760","6692","6692","0","2902","1336","1801"
"285","ALIGN_RAMP","48189","16","87.890625","-1","-1000","-3000000","39900","6693","6693","0","2902","1336","1711"
"286","ALIGN_RAMP","48187","14","76.904296875","-2","-2000","-1000000","40040","6694","6694","0","2902","1336","1621"
"287","ALIGN_RAMP","48191","18","98.876953125","4","4000","6000000","40180","6695","6695","0","2902","1336","1531"
"288","ALIGN_RAMP","48191","18","98.876953125","0","0","-4000000","40320","6696","6696","0","2902","1336","1441"
"289","ALIGN_RAMP","48187","14","76.904296875","-4","-4000","-4000000","40460","6697","6697","0","2902","1336","1351"
"290","ALIGN_RAMP","48188","15","82.3974609375","1","1000","5000000","40600","6698","6698","0","2902","1336","1261"
"291","ALIGN_RAMP","48193","20","109.86328125","5","5000","4000000","40740","6699","6699","0","2902","1336","1171"
"292","ALIGN_RAMP","48191","18","98.876953125","-2","-2000","-7000000","40880","6700","6700","0","2902","1336","1081"
"293","ALIGN_RAMP","48191","18","98.876953125","0","0","2000000","41020","6701","6701","0","2902","1336","991"
"294","ALIGN_RAMP","48191","18","98.876953125","0","0","0","41160","6702","6702","0","2902","1336","901"
"295","ALIGN_RAMP","48190","17","93.3837890625","-1","-1000","-1000000","41300","6703","6703","0","2902","1336","811"
"296","ALIGN_RAMP","48188","15","82.3974609375","-2","-2000","-1000000","41440","6704","6704","0","2902","1336","721"
"297","ALIGN_RAMP","48191","18","98.876953125","3","3000","5000000","41580","6705","6705","0","2902","1336","631"
"298","ALIGN_RAMP","48192","19","104.3701171875","1","1000","-2000000","41720","6706","6706","0","2902","1336","541"
"299","ALIGN_RAMP","48194","21","115.3564453125","2","2000","1000000","41860","6707","6707","0","2902","1336","451"
"300","ALIGN_RAMP","48194","21","115.3564453125","0","0","-2000000","42000","6708","6708","0","2902","1336","361"
"301","ALIGN_RAMP","48192","19","104.3701171875","-2","-2000","-2000000","42140","6709","6709","0","2902","1336","271"
"302","ALIGN_RAMP","48194","21","115.3564453125","2","2000","4000000","42280","6710","6710","0","2902","1336","181"
"303","ALIGN_RAMP","48194","21","115.3564453125","0","0","-2000000","42420","6711","6711","0","2902","1336","91"
"304","ALIGN_RAMP","48191","18","98.876953125","-3","-3000","-3000000","42560","6712","6712","0","2902","1336","1"
"305","ALIGN_RAMP","48191","18","98.876953125","0","0","3000000","42700","6713","6713","0","2902","1336","2066"
"306","ALIGN_RAMP","48196","23","126.3427734375","5","5000","5000000","42840","6714","6714","0","2902","1336","1976"
"307","ALIGN_RAMP","48197","24","131.8359375","1","1000","-4000000","42980","6715","6715","0","2902","1336","1886"
"308","ALIGN_RAMP","48194","21","115.3564453125","-3","-3000","-4000000","43120","6716","6716","0","2902","1336","1796"
"309","ALIGN_RAMP","48201","28","153.80859375","7","7000","10000000","43260","6717","6717","0","2902","1336","1706"
"310","ALIGN_RAMP","48193","20","109.86328125","-8","-8000","-15000000","43400","6718","6718","0","2902","1336","1616"
"311","ALIGN_RAMP","48196","23","126.3427734375","3","3000","11000000","43540","6719","6719","0","2902","1336","1526"
"312","ALIGN_RAMP","48194","21","115.3564453125","-2","-2000","-5000000","43680","6720","6720","0","2902","1336","1436"
"313","ALIGN_RAMP","48193","20","109.86328125","-1","-1000","1000000","43820","6721","6721","0","2902","1336","1346"
"314","ALIGN_RAMP","48194","21","115.3564453125","1","1000","2000000","43960","6722","6722","0","2902","1336","1256"
"315","ALIGN_RAMP","48194","21","115.3564453125","0","0","-1000000","44100","6723","6723","0","2902","1336","1166"
"316","ALIGN_RAMP","48195","22","120.849609375","1","1000","1000000","44240","6724","6724","0","2902","1336","1076"
"317","ALIGN_RAMP","48193","20","109.86328125","-2","-2000","-3000000","44380","6725","6725","0","2902","1336","986"
"318","ALIGN_RAMP","48198","25","137.3291015625","5","5000","7000000","44520","6726","6726","0","2902","1336","896"
"319","ALIGN_RAMP","48192","19","104.3701171875","-6","-6000","-11000000","44660","6727","6727","0","2902","1336","806"
"320","ALIGN_RAMP","48193","20","109.86328125","1","1000","7000000","44800","6728","6728","0","2902","1336","716"
"321","ALIGN_RAMP","48197","24","131.8359375","4","4000","3000000","44940","6729","6729","0","2902","1336","626"
"322","ALIGN_RAMP","48197","24","131.8359375","0","0","-4000000","45080","6730","6730","0","2902","1336","536"
"323","ALIGN_RAMP","48200","27","148.3154296875","3","3000","3000000","45220","6731","6731","0","2902","1336","446"
"324","ALIGN_RAMP","48197","24","131.8359375","-3","-3000","-6000000","45360","6732","6732","0","2902","1336","356"
"325","ALIGN_RAMP","48194","21","115.3564453125","-3","-3000","0","45500","6733","6733","0","2902","1336","266"
"326","ALIGN_RAMP","48197","24","131.8359375","3","3000","6000000","45640","6734","6734","0","2902","1336","176"
"327","ALIGN_RAMP","48199","26","142.822265625","2","2000","-1000000","45780","6735","6735","0","2902","1336","86"
"328","ALIGN_RAMP","48200","27","148.3154296875","1","1000","-1000000","45920","6736","6736","0","2902","1336","2151"
"329","ALIGN_RAMP","48196","23","126.3427734375","-4","-4000","-5000000","46060","6737","6737","0","2902","1336","2061"
"330","ALIGN_RAMP","48195","22","120.849609375","-1","-1000","3000000","46200","6738","6738","0","2902","1336","1971"
"331","ALIGN_RAMP","48199","26","142.822265625","4","4000","5000000","46340","6739","6739","0","2902","1336","1881"
"332","ALIGN_RAMP","48197","24","131.8359375","-2","-2000","-6000000","46480","6740","6740","0","2902","1336","1791"
"333","ALIGN_RAMP","48197","24","131.8359375","0","0","2000000","46620","6741","6741","0","2902","1336","1701"
"334","ALIGN_RAMP","48199","26","142.822265625","2","2000","2000000","46760","6742","6742","0","2902","1336","1611"
"335","ALIGN_RAMP","48199","26","142.822265625","0","0","-2000000","46900","6743","6743","0","2902","1336","1521"
"336","ALIGN_RAMP","48199","26","142.822265625","0","0","0","47040","6744","6744","0","2902","1336","1431"
"337","ALIGN_RAMP","48202","29","159.3017578125","3","3000","3000000","47180","6745","6745","0","2902","1336","1341"
"338","ALIGN_RAMP","48198","25","137.3291015625","-4","-4000","-7000000","47320","6746","6746","0","2902","1336","1251"
"339","ALIGN_RAMP","48196","23","126.3427734375","-2","-2000","2000000","47460","6747","6747","0","2902","1336","1161"
"340","ALIGN_RAMP","48201","28","153.80859375","5","5000","7000000","47600","6748","6748","0","2902","1336","1071"
"341","ALIGN_RAMP","48201","28","153.80859375","0","0","-5000000","47740","6749","6749","0","2902","1336","981"
"342","ALIGN_RAMP","48198","25","137.3291015625","-3","-3000","-3000000","47880","6750","6750","0","2902","1336","891"
"343","ALIGN_RAMP","48201","28","153.80859375","3","3000","6000000","48020","6751","6751","0","2902","1336","801"
"344","ALIGN_RAMP","48202","29","159.3017578125","1","1000","-2000000","48160","6752","6752","0","2902","1336","711"
"345","ALIGN_RAMP","48198","25","137.3291015625","-4","-4000","-5000000","48300","6753","6753","0","2902","1336","621"
"346","ALIGN_RAMP","48199","26","142.822265625","1","1000","5000000","48440","6754","6754","0","2902","1336","531"
"347","ALIGN_RAMP","48202","29","159.3017578125","3","3000","2000000","48580","6755","6755","0","2902","1336","441"
"348","ALIGN_RAMP","48201","28","153.80859375","-1","-1000","-4000000","48720","6756","6756","0","2902","1336","351"
"349","ALIGN_RAMP","48199","26","142.822265625","-2","-2000","-1000000","48860","6757","6757","0","2902","1336","261"
"350","ALIGN_RAMP","48202","29","159.3017578125","3","3000","5000000","49000","6758","6758","0","2902","1336","171"
"351","ALIGN_RAMP","48201","28","153.80859375","-1","-1000","-4000000","49140","6759","6759","0","2902","1336","81"
"352","ALIGN_RAMP","48203","30","164.794921875","2","2000","3000000","49280","6760","6760","0","2902","1336","2146"
"353","ALIGN_RAMP","48201","28","153.80859375","-2","-2000","-4000000","49420","6761","6761","0","2902","1336","2056"
"354","ALIGN_RAMP","48203","30","164.794921875","2","2000","4000000","49560","6762","6762","0","2902","1336","1966"
"355","ALIGN_RAMP","48204","31","170.2880859375","1","1000","-1000000","49700","6763","6763","0","2902","1336","1876"
"356","ALIGN_RAMP","48202","29","159.3017578125","-2","-2000","-3000000","49840","6764","6764","0","2902","1336","1786"
"357","ALIGN_RAMP","48203","30","164.794921875","1","1000","3000000","49980","6765","6765","0","2902","1336","1696"
"358","ALIGN_RAMP","48200","27","148.3154296875","-3","-3000","-4000000","50120","6766","6766","0","2902","1336","1606"
"359","ALIGN_RAMP","48201","28","153.80859375","1","1000","4000000","50260","6767","6767","0","2902","1336","1516"
"360","ALIGN_RAMP","48202","29","159.3017578125","1","1000","0","50400","6768","6768","0","2902","1336","1426"
"361","ALIGN_RAMP","48201","28","153.80859375","-1","-1000","-2000000","50540","6769","6769","0","2902","1336","1336"
"362","ALIGN_RAMP","48207","34","186.767578125","6","6000","7000000","50680","6770","6770","0","2902","1336","1246"
"363","ALIGN_RAMP","48204","31","170.2880859375","-3","-3000","-9000000","50820","6771","6771","0","2902","1336","1156"
"364","ALIGN_RAMP","48202","29","159.3017578125","-2","-2000","1000000","50960","6772","6772","0","2902","1336","1066"
"365","ALIGN_RAMP","48200","27","148.3154296875","-2","-2000","0","51100","6773","6773","0","2902","1336","976"
"366","ALIGN_RAMP","48204","31","170.2880859375","4","4000","6000000","51240","6774","6774","0","2902","1336","886"
"367","ALIGN_RAMP","48201","28","153.80859375","-3","-3000","-7000000","51380","6775","6775","0","2902","1336","796"
"368","ALIGN_RAMP","48201","28","153.80859375","0","0","3000000","51520","6776","6776","0","2902","1336","706"
"369","ALIGN_RAMP","48203","30","164.794921875","2","2000","2000000","51660","6777","6777","0","2902","1336","616"
"370","ALIGN_RAMP","48207","34","186.767578125","4","4000","2000000","51800","6778","6778","0","2902","1336","526"
"371","ALIGN_RAMP","48204","31","170.2880859375","-3","-3000","-7000000","51940","6779","6779","0","2902","1336","436"
"372","ALIGN_RAMP","48202","29","159.3017578125","-2","-2000","1000000","52080","6780","6780","0","2902","1336","346"
"373","ALIGN_RAMP","48203","30","164.794921875","1","1000","3000000","52220","6781","6781","0","2902","1336","256"
"374","ALIGN_RAMP","48203","30","164.794921875","0","0","-1000000","52360","6782","6782","0","2902","1336","166"
"375","ALIGN_RAMP","48201","28","153.80859375","-2","-2000","-2000000","52500","6783","6783","0","2902","1336","76"
"376","ALIGN_RAMP","48201","28","153.80859375","0","0","2000000","52640","6784","6784","0","2902","1336","2141"
"377","ALIGN_RAMP","48202","29","159.3017578125","1","1000","1000000","52780","6785","6785","0","2902","1336","2051"
"378","ALIGN_RAMP","48205","32","175.78125","3","3000","2000000","52920","6786","6786","0","2902","1336","1961"
"379","ALIGN_RAMP","48201","28","153.80859375","-4","-4000","-7000000","53060","6787","6787","0","2902","1336","1871"
"380","ALIGN_RAMP","48202","29","159.3017578125","1","1000","5000000","53200","6788","6788","0","2902","1336","1781"
"381","ALIGN_RAMP","48206","33","181.2744140625","4","4000","3000000","53340","6789","6789","0","2902","1336","1691"
"382","ALIGN_RAMP","48205","32","175.78125","-1","-1000","-5000000","53480","6790","6790","0","2902","1336","1601"
"383","ALIGN_RAMP","48208","35","192.2607421875","3","3000","4000000","53620","6791","6791","0","2902","1336","1511"
"384","ALIGN_RAMP","48206","33","181.2744140625","-2","-2000","-5000000","53760","6792","6792","0","2902","1336","1421"
"385","ALIGN_RAMP","48206","33","181.2744140625","0","0","2000000","53900","6793","6793","0","2902","1336","1331"
"386","ALIGN_RAMP","48207","34","186.767578125","1","1000","1000000","54040","6794","6794","0","2902","1336","1241"
"387","ALIGN_RAMP","48204","31","170.2880859375","-3","-3000","-4000000","54180","6795","6795","0","2902","1336","1151"
"388","ALIGN_RAMP","48206","33","181.2744140625","2","2000","5000000","54320","6796","6796","0","2902","1336","1061"
"389","ALIGN_RAMP","48207","34","186.767578125","1","1000","-1000000","54460","6797","6797","0","2902","1336","971"
"390","ALIGN_RAMP","48208","35","192.2607421875","1","1000","0","54600","6798","6798","0","2902","1336","881"
"391","ALIGN_RAMP","48203","30","164.794921875","-5","-5000","-6000000","54740","6799","6799","0","2902","1336","791"
"392","ALIGN_RAMP","48205","32","175.78125","2","2000","7000000","54880","6800","6800","0","2902","1336","701"
"393","ALIGN_RAMP","48206","33","181.2744140625","1","1000","-1000000","55020","6801","6801","0","2902","1336","611"
"394","ALIGN_RAMP","48210","37","203.2470703125","4","4000","3000000","55160","6802","6802","0","2902","1336","521"
"395","ALIGN_RAMP","48206","33","181.2744140625","-4","-4000","-8000000","55300","6803","6803","0","2902","1336","431"
"396","ALIGN_RAMP","48210","37","203.2470703125","4","4000","8000000","55440","6804","6804","0","2902","1336","341"
"397","ALIGN_RAMP","48208","35","192.2607421875","-2","-2000","-6000000","55580","6805","6805","0","2902","1336","251"
"398","ALIGN_RAMP","48205","32","175.78125","-3","-3000","-1000000","55720","6806","6806","0","2902","1336","161"
"399","ALIGN_RAMP","48209","36","197.75390625","4","4000","7000000","55860","6807","6807","0","2902","1336","71"
"400","ALIGN_RAMP","48205","32","175.78125","-4","-4000","-8000000","56000","6808","6808","0","2902","1336","47"
"401","ALIGN_RAMP","48208","35","192.2607421875","3","3000","7000000","56140","6809","6809","0","2902","1336","2046"
"402","ALIGN_RAMP","48211","38","208.740234375","3","3000","0","56280","6810","6810","0","2902","1336","1956"
"403","ALIGN_RAMP","48210","37","203.2470703125","-1","-1000","-4000000","56420","6811","6811","0","2902","1336","1866"
"404","ALIGN_RAMP","48207","34","186.767578125","-3","-3000","-2000000","56560","6812","6812","0","2902","1336","1776"
"405","ALIGN_RAMP","48208","35","192.2607421875","1","1000","4000000","56700","6813","6813","0","2902","1336","1686"
"406","ALIGN_RAMP","48210","37","203.2470703125","2","2000","1000000","56840","6814","6814","0","2902","1336","1596"
"407","ALIGN_RAMP","48212","39","214.2333984375","2","2000","0","56980","6815","6815","0","2902","1336","1506"
"408","ALIGN_RAMP","48205","32","175.78125","-7","-7000","-9000000","57120","6816","6816","0","2902","1336","1416"
"409","ALIGN_RAMP","48210","37","203.2470703125","5","5000","12000000","57260","6817","6817","0","2902","1336","1326"
"410","ALIGN_RAMP","48211","38","208.740234375","1","1000","-4000000","57400","6818","6818","0","2902","1336","1236"
"411","ALIGN_RAMP","48210","37","203.2470703125","-1","-1000","-2000000","57540","6819","6819","0","2902","1336","1146"
"412","ALIGN_RAMP","48209","36","197.75390625","-1","-1000","0","57680","6820","6820","0","2902","1336","1056"
"413","ALIGN_RAMP","48210","37","203.2470703125","1","1000","2000000","57820","6821","6821","0","2902","1336","966"
"414","ALIGN_RAMP","48210","37","203.2470703125","0","0","-1000000","57960","6822","6822","0","2902","1336","876"
"415","ALIGN_RAMP","48214","41","225.2197265625","4","4000","4000000","58100","6823","6823","0","2902","1336","786"
"416","ALIGN_RAMP","48211","38","208.740234375","-3","-3000","-7000000","58240","6824","6824","0","2902","1336","696"
"417","ALIGN_RAMP","48211","38","208.740234375","0","0","3000000","58380","6825","6825","0","2902","1336","606"
"418","ALIGN_RAMP","48215","42","230.712890625","4","4000","4000000","58520","6826","6826","0","2902","1336","516"
"419","ALIGN_RAMP","48210","37","203.2470703125","-5","-5000","-9000000","58660","6827","6827","0","2902","1336","426"
"420","ALIGN_RAMP","48213","40","219.7265625","3","3000","8000000","58800","6828","6828","0","2902","1336","336"
"421","ALIGN_RAMP","48211","38","208.740234375","-2","-2000","-5000000","58940","6829","6829","0","2902","1336","246"
"422","ALIGN_RAMP","48210","37","203.2470703125","-1","-1000","1000000","59080","6830","6830","0","2902","1336","156"
"423","ALIGN_RAMP","48212","39","214.2333984375","2","2000","3000000","59220","6831","6831","0","2902","1336","66"
"424","ALIGN_RAMP","48211","38","208.740234375","-1","-1000","-3000000","59360","6832","6832","0","2902","1336","2131"
"425","ALIGN_RAMP","48210","37","203.2470703125","-1","-1000","0","59500","6833","6833","0","2902","1336","2041"
"426","ALIGN_RAMP","48214","41","225.2197265625","4","4000","5000000","59640","6834","6834","0","2902","1336","1951"
"427","ALIGN_RAMP","48214","41","225.2197265625","0","0","-4000000","59780","6835","6835","0","2902","1336","1861"
"428","ALIGN_RAMP","48211","38","208.740234375","-3","-3000","-3000000","59920","6836","6836","0","2902","1336","1771"
"429","ALIGN_RAMP","48215","42","230.712890625","4","4000","7000000","60060","6837","6837","0","2902","1336","1681"
"430","ALIGN_RAMP","48213","40","219.7265625","-2","-2000","-6000000","60200","6838","6838","0","2902","1336","1591"
"431","ALIGN_RAMP","48213","40","219.7265625","0","0","2000000","60340","6839","6839","0","2902","1336","1501"
"432","ALIGN_RAMP","48214","41","225.2197265625","1","1000","1000000","60480","6840","6840","0","2902","1336","1411"
"433","ALIGN_RAMP","48215","42","230.712890625","1","1000","0","60620","6841","6841","0","2902","1336","1321"
"434","ALIGN_RAMP","48213","40","219.7265625","-2","-2000","-3000000","60760","6842","6842","0","2902","1336","1231"
"435","ALIGN_RAMP","48213","40","219.7265625","0","0","2000000","60900","6843","6843","0","2902","1336","1141"
"436","ALIGN_RAMP","48213","40","219.7265625","0","0","0","61040","6844","6844","0","2902","1336","1051"
"437","ALIGN_RAMP","48215","42","230.712890625","2","2000","2000000","61180","6845","6845","0","2902","1336","961"
"438","ALIGN_RAMP","48212","39","214.2333984375","-3","-3000","-5000000","61320","6846","6846","0","2902","1336","871"
"439","ALIGN_RAMP","48214","41","225.2197265625","2","2000","5000000","61460","6847","6847","0","2902","1336","781"
"440","ALIGN_RAMP","48215","42","230.712890625","1","1000","-1000000","61600","6848","6848","0","2902","1336","691"
"441","ALIGN_RAMP","48217","44","241.69921875","2","2000","1000000","61740","6849","6849","0","2902","1336","601"
"442","ALIGN_RAMP","48212","39","214.2333984375","-5","-5000","-7000000","61880","6850","6850","0","2902","1336","511"
"443","ALIGN_RAMP","48215","42","230.712890625","3","3000","8000000","62020","6851","6851","0","2902","1336","421"
"444","ALIGN_RAMP","48216","43","236.2060546875","1","1000","-2000000","62160","6852","6852","0","2902","1336","331"
"445","ALIGN_RAMP","48219","46","252.685546875","3","3000","2000000","62300","6853","6853","0","2902","1336","241"
"446","ALIGN_RAMP","48213","40","219.7265625","-6","-6000","-9000000","62440","6854","6854","0","2902","1336","151"
"447","ALIGN_RAMP","48219","46","252.685546875","6","6000","12000000","62580","6855","6855","0","2902","1336","61"
"448","ALIGN_RAMP","48216","43","236.2060546875","-3","-3000","-9000000","62720","6856","6856","0","2902","1336","2126"
"449","ALIGN_RAMP","48214","41","225.2197265625","-2","-2000","1000000","62860","6857","6857","0","2902","1336","2036"
"450","ALIGN_RAMP","48215","42","230.712890625","1","1000","3000000","63000","6858","6858","0","2902","1336","1946"
"451","ALIGN_RAMP","48216","43","236.2060546875","1","1000","0","63140","6859","6859","0","2902","1336","1856"
"452","ALIGN_RAMP","48219","46","252.685546875","3","3000","2000000","63280","6860","6860","0","2902","1336","1766"
"453","ALIGN_RAMP","48217","44","241.69921875","-2","-2000","-5000000","63420","6861","6861","0","2902","1336","1676"
"454","ALIGN_RAMP","48215","42","230.712890625","-2","-2000","0","63560","6862","6862","0","2902","1336","1586"
"455","ALIGN_RAMP","48218","45","247.1923828125","3","3000","5000000","63700","6863","6863","0","2902","1336","1496"
"456","ALIGN_RAMP","48216","43","236.2060546875","-2","-2000","-5000000","63840","6864","6864","0","2902","1336","1406"
"457","ALIGN_RAMP","48217","44","241.69921875","1","1000","3000000","63980","6865","6865","0","2902","1336","1316"
"458","ALIGN_RAMP","48216","43","236.2060546875","-1","-1000","-2000000","64120","6866","6866","0","2902","1336","1226"
"459","ALIGN_RAMP","48219","46","252.685546875","3","3000","4000000","64260","6867","6867","0","2902","1336","1136"
"460","ALIGN_RAMP","48218","45","247.1923828125","-1","-1000","-4000000","64400","6868","6868","0","2902","1336","1046"
"461","ALIGN_RAMP","48216","43","236.2060546875","-2","-2000","-1000000","64540","6869","6869","0","2902","1336","956"
"462","ALIGN_RAMP","48215","42","230.712890625","-1","-1000","1000000","64680","6870","6870","0","2902","1336","866"
"463","ALIGN_RAMP","48220","47","258.1787109375","5","5000","6000000","64820","6871","6871","0","2902","1336","776"
"464","ALIGN_RAMP","48218","45","247.1923828125","-2","-2000","-7000000","64960","6872","6872","0","2902","1336","686"
"465","ALIGN_RAMP","48219","46","252.685546875","1","1000","3000000","65100","6873","6873","0","2902","1336","596"
"466","ALIGN_RAMP","48220","47","258.1787109375","1","1000","0","65240","6874","6874","0","2902","1336","506"
"467","ALIGN_RAMP","48218","45","247.1923828125","-2","-2000","-3000000","65380","6875","6875","0","2902","1336","416"
"468","ALIGN_RAMP","48219","46","252.685546875","1","1000","3000000","65520","6876","6876","0","2902","1336","326"
"469","ALIGN_RAMP","48216","43","236.2060546875","-3","-3000","-4000000","65660","6877","6877","0","2902","1336","236"
"470","ALIGN_RAMP","48219","46","252.685546875","3","3000","6000000","65800","6878","6878","0","2902","1336","146"
"471","ALIGN_RAMP","48223","50","274.658203125","4","4000","1000000","65940","6879","6879","0","2902","1336","56"
"472","ALIGN_RAMP","48221","48","263.671875","-2","-2000","-6000000","66080","6880","6880","0","2902","1336","2121"
"473","ALIGN_RAMP","48220","47","258.1787109375","-1","-1000","1000000","66220","6881","6881","0","2902","1336","2031"
"474","ALIGN_RAMP","48219","46","252.685546875","-1","-1000","0","66360","6882","6882","0","2902","1336","1941"
"475","ALIGN_RAMP","48220","47","258.1787109375","1","1000","2000000","66500","6883","6883","0","2902","1336","1851"
"476","ALIGN_RAMP","48221","48","263.671875","1","1000","0","66640","6884","6884","0","2902","1336","1761"
"477","ALIGN_RAMP","48220","47","258.1787109375","-1","-1000","-2000000","66780","6885","6885","0","2902","1336","1671"
"478","ALIGN_RAMP","48224","51","280.1513671875","4","4000","5000000","66920","6886","6886","0","2902","1336","1581"
"479","ALIGN_RAMP","48223","50","274.658203125","-1","-1000","-5000000","67060","6887","6887","0","2902","1336","1491"
"480","ALIGN_RAMP","48224","51","280.1513671875","1","1000","2000000","67200","6888","6888","0","2902","1336","1401"
"481","ALIGN_RAMP","48219","46","252.685546875","-5","-5000","-6000000","67340","6889","6889","0","2902","1336","1311"
"482","ALIGN_RAMP","48221","48","263.671875","2","2000","7000000","67480","6890","6890","0","2902","1336","1221"
"483","ALIGN_RAMP","48219","46","252.685546875","-2","-2000","-4000000","67620","6891","6891","0","2902","1336","1131"
"484","ALIGN_RAMP","48217","44","241.69921875","-2","-2000","0","67760","6892","6892","0","2902","1336","1041"
"485","ALIGN_RAMP","48222","49","269.1650390625","5","5000","7000000","67900","6893","6893","0","2902","1336","951"
"486","ALIGN_RAMP","48222","49","269.1650390625","0","0","-5000000","68040","6894","6894","0","2902","1336","861"
"487","ALIGN_RAMP","48220","47","258.1787109375","-2","-2000","-2000000","68180","6895","6895","0","2902","1336","771"
"488","ALIGN_RAMP","48219","46","252.685546875","-1","-1000","1000000","68320","6896","6896","0","2902","1336","681"
"489","ALIGN_RAMP","48219","46","252.685546875","0","0","1000000","68460","6897","6897","0","2902","1336","591"
"490","ALIGN_RAMP","48220","47","258.1787109375","1","1000","1000000","68600","6898","6898","0","2902","1336","501"
"491","ALIGN_RAMP","48221","48","263.671875","1","1000","0","68740","6899","6899","0","2902","1336","411"
"492","ALIGN_RAMP","48222","49","269.1650390625","1","1000","0","68880","6900","6900","0","2902","1336","321"
"493","ALIGN_RAMP","48220","47","258.1787109375","-2","-2000","-3000000","69020","6901","6901","0","2902","1336","231"
"494","ALIGN_RAMP","48223","50","274.658203125","3","3000","5000000","69160","6902","6902","0","2902","1336","141"
"495","ALIGN_RAMP","48224","51","280.1513671875","1","1000","-2000000","69300","6903","6903","0","2902","1336","51"
"496","ALIGN_RAMP","48220","47","258.1787109375","-4","-4000","-5000000","69440","6904","6904","0","2902","1336","2116"
"497","ALIGN_RAMP","48221","48","263.671875","1","1000","5000000","69580","6905","6905","0","2902","1336","2026"
"498","ALIGN_RAMP","48223","50","274.658203125","2","2000","1000000","69720","6906","6906","0","2902","1336","1936"
"499","ALIGN_RAMP","48224","51","280.1513671875","1","1000","-1000000","69860","6907","6907","0","2902","1336","1846"
"500","ALIGN_RAMP","48222","49","269.1650390625","-2","-2000","-3000000","70000","6908","6908","0","2903","1336","1756"
"501","ALIGN_HOLD","48223","50","274.658203125","1","1000","3000000","70000","6909","6909","0","2903","1336","1666"
"502","ALIGN_HOLD","48219","46","252.685546875","-4","-4000","-5000000","70000","6910","6910","0","2903","1336","1576"
"503","ALIGN_HOLD","48223","50","274.658203125","4","4000","8000000","70000","6911","6911","0","2903","1336","1486"
"504","ALIGN_HOLD","48222","49","269.1650390625","-1","-1000","-5000000","70000","6912","6912","0","2903","1336","1396"
"505","ALIGN_HOLD","48221","48","263.671875","-1","-1000","0","70000","6913","6913","0","2903","1336","1306"
"506","ALIGN_HOLD","48225","52","285.64453125","4","4000","5000000","70000","6914","6914","0","2903","1336","1216"
"507","ALIGN_HOLD","48222","49","269.1650390625","-3","-3000","-7000000","70000","6915","6915","0","2903","1336","1126"
"508","ALIGN_HOLD","48220","47","258.1787109375","-2","-2000","1000000","70000","6916","6916","0","2903","1336","1036"
"509","ALIGN_HOLD","48223","50","274.658203125","3","3000","5000000","70000","6917","6917","0","2903","1336","946"
"510","ALIGN_HOLD","48226","53","291.1376953125","3","3000","0","70000","6918","6918","0","2903","1336","856"
"511","ALIGN_HOLD","48223","50","274.658203125","-3","-3000","-6000000","70000","6919","6919","0","2903","1336","766"
"512","ALIGN_HOLD","48224","51","280.1513671875","1","1000","4000000","70000","6920","6920","0","2903","1336","676"
"513","ALIGN_HOLD","48225","52","285.64453125","1","1000","0","70000","6921","6921","0","2903","1336","586"
"514","ALIGN_HOLD","48228","55","302.1240234375","3","3000","2000000","70000","6922","6922","0","2903","1336","496"
"515","ALIGN_HOLD","48226","53","291.1376953125","-2","-2000","-5000000","70000","6923","6923","0","2903","1336","406"
"516","ALIGN_HOLD","48222","49","269.1650390625","-4","-4000","-2000000","70000","6924","6924","0","2903","1336","316"
"517","ALIGN_HOLD","48225","52","285.64453125","3","3000","7000000","70000","6925","6925","0","2903","1336","226"
"518","ALIGN_HOLD","48224","51","280.1513671875","-1","-1000","-4000000","70000","6926","6926","0","2903","1336","136"
"519","ALIGN_HOLD","48224","51","280.1513671875","0","0","1000000","70000","6927","6927","0","2903","1336","46"
"520","ALIGN_HOLD","48224","51","280.1513671875","0","0","0","70000","6928","6928","0","2903","1336","2111"
"521","ALIGN_HOLD","48225","52","285.64453125","1","1000","1000000","70000","6929","6929","0","2903","1336","2021"
"522","ALIGN_HOLD","48219","46","252.685546875","-6","-6000","-7000000","70000","6930","6930","0","2903","1336","1931"
"523","ALIGN_HOLD","48221","48","263.671875","2","2000","8000000","70000","6931","6931","0","2903","1336","1841"
"524","ALIGN_HOLD","48223","50","274.658203125","2","2000","0","70000","6932","6932","0","2903","1336","1751"
"525","ALIGN_HOLD","48225","52","285.64453125","2","2000","0","70000","6933","6933","0","2903","1336","1661"
"526","ALIGN_HOLD","48223","50","274.658203125","-2","-2000","-4000000","70000","6934","6934","0","2903","1336","1571"
"527","ALIGN_HOLD","48223","50","274.658203125","0","0","2000000","70000","6935","6935","0","2903","1336","1481"
"528","ALIGN_HOLD","48222","49","269.1650390625","-1","-1000","-1000000","70000","6936","6936","0","2903","1336","1391"
"529","ALIGN_HOLD","48222","49","269.1650390625","0","0","1000000","70000","6937","6937","0","2903","1336","1301"
"530","ALIGN_HOLD","48224","51","280.1513671875","2","2000","2000000","70000","6938","6938","0","2903","1336","1211"
"531","ALIGN_HOLD","48222","49","269.1650390625","-2","-2000","-4000000","70000","6939","6939","0","2903","1336","1121"
"532","ALIGN_HOLD","48223","50","274.658203125","1","1000","3000000","70000","6940","6940","0","2903","1336","1031"
"533","ALIGN_HOLD","48222","49","269.1650390625","-1","-1000","-2000000","70000","6941","6941","0","2903","1336","941"
"534","ALIGN_HOLD","48221","48","263.671875","-1","-1000","0","70000","6942","6942","0","2903","1336","851"
"535","ALIGN_HOLD","48226","53","291.1376953125","5","5000","6000000","70000","6943","6943","0","2903","1336","761"
"536","ALIGN_HOLD","48225","52","285.64453125","-1","-1000","-6000000","70000","6944","6944","0","2903","1336","671"
"537","ALIGN_HOLD","48226","53","291.1376953125","1","1000","2000000","70000","6945","6945","0","2903","1336","581"
"538","ALIGN_HOLD","48225","52","285.64453125","-1","-1000","-2000000","70000","6946","6946","0","2903","1336","491"
"539","ALIGN_HOLD","48225","52","285.64453125","0","0","1000000","70000","6947","6947","0","2903","1336","401"
"540","ALIGN_HOLD","48224","51","280.1513671875","-1","-1000","-1000000","70000","6948","6948","0","2903","1336","311"
"541","ALIGN_HOLD","48226","53","291.1376953125","2","2000","3000000","70000","6949","6949","0","2903","1336","221"
"542","ALIGN_HOLD","48222","49","269.1650390625","-4","-4000","-6000000","70000","6950","6950","0","2903","1336","131"
"543","ALIGN_HOLD","48222","49","269.1650390625","0","0","4000000","70000","6951","6951","0","2903","1336","41"
"544","ALIGN_HOLD","48224","51","280.1513671875","2","2000","2000000","70000","6952","6952","0","2903","1336","2106"
"545","ALIGN_HOLD","48225","52","285.64453125","1","1000","-1000000","70000","6953","6953","0","2903","1336","2016"
"546","ALIGN_HOLD","48222","49","269.1650390625","-3","-3000","-4000000","70000","6954","6954","0","2903","1336","1926"
"547","ALIGN_HOLD","48224","51","280.1513671875","2","2000","5000000","70000","6955","6955","0","2903","1336","1836"
"548","ALIGN_HOLD","48222","49","269.1650390625","-2","-2000","-4000000","70000","6956","6956","0","2903","1336","1746"
"549","ALIGN_HOLD","48228","55","302.1240234375","6","6000","8000000","70000","6957","6957","0","2903","1336","1656"
"550","ALIGN_HOLD","48225","52","285.64453125","-3","-3000","-9000000","70000","6958","6958","0","2903","1336","1566"
"551","ALIGN_HOLD","48222","49","269.1650390625","-3","-3000","0","70000","6959","6959","0","2903","1336","1476"
"552","ALIGN_HOLD","48225","52","285.64453125","3","3000","6000000","70000","6960","6960","0","2903","1336","1386"
"553","ALIGN_HOLD","48226","53","291.1376953125","1","1000","-2000000","70000","6961","6961","0","2903","1336","1296"
"554","ALIGN_HOLD","48222","49","269.1650390625","-4","-4000","-5000000","70000","6962","6962","0","2903","1336","1206"
"555","ALIGN_HOLD","48221","48","263.671875","-1","-1000","3000000","70000","6963","6963","0","2903","1336","1116"
"556","ALIGN_HOLD","48223","50","274.658203125","2","2000","3000000","70000","6964","6964","0","2903","1336","1026"
"557","ALIGN_HOLD","48223","50","274.658203125","0","0","-2000000","70000","6965","6965","0","2903","1336","936"
"558","ALIGN_HOLD","48221","48","263.671875","-2","-2000","-2000000","70000","6966","6966","0","2903","1336","846"
"559","ALIGN_HOLD","48227","54","296.630859375","6","6000","8000000","70000","6967","6967","0","2903","1336","756"
"560","ALIGN_HOLD","48227","54","296.630859375","0","0","-6000000","70000","6968","6968","0","2903","1336","666"
"561","ALIGN_HOLD","48226","53","291.1376953125","-1","-1000","-1000000","70000","6969","6969","0","2903","1336","576"
"562","ALIGN_HOLD","48223","50","274.658203125","-3","-3000","-2000000","70000","6970","6970","0","2903","1336","486"
"563","ALIGN_HOLD","48225","52","285.64453125","2","2000","5000000","70000","6971","6971","0","2903","1336","396"
"564","ALIGN_HOLD","48229","56","307.6171875","4","4000","2000000","70000","6972","6972","0","2903","1336","306"
"565","ALIGN_HOLD","48222","49","269.1650390625","-7","-7000","-11000000","70000","6973","6973","0","2903","1336","216"
"566","ALIGN_HOLD","48225","52","285.64453125","3","3000","10000000","70000","6974","6974","0","2903","1336","126"
"567","ALIGN_HOLD","48222","49","269.1650390625","-3","-3000","-6000000","70000","6975","6975","0","2903","1336","36"
"568","ALIGN_HOLD","48225","52","285.64453125","3","3000","6000000","70000","6976","6976","0","2903","1336","2101"
"569","ALIGN_HOLD","48229","56","307.6171875","4","4000","1000000","70000","6977","6977","0","2903","1336","2011"
"570","ALIGN_HOLD","48223","50","274.658203125","-6","-6000","-10000000","70000","6978","6978","0","2903","1336","1921"
"571","ALIGN_HOLD","48223","50","274.658203125","0","0","6000000","70000","6979","6979","0","2903","1336","1831"
"572","ALIGN_HOLD","48220","47","258.1787109375","-3","-3000","-3000000","70000","6980","6980","0","2903","1336","1741"
"573","ALIGN_HOLD","48226","53","291.1376953125","6","6000","9000000","70000","6981","6981","0","2903","1336","1651"
"574","ALIGN_HOLD","48219","46","252.685546875","-7","-7000","-13000000","70000","6982","6982","0","2903","1336","1561"
"575","ALIGN_HOLD","48226","53","291.1376953125","7","7000","14000000","70000","6983","6983","0","2903","1336","1471"
"576","ALIGN_HOLD","48223","50","274.658203125","-3","-3000","-10000000","70000","6984","6984","0","2903","1336","1381"
"577","ALIGN_HOLD","48225","52","285.64453125","2","2000","5000000","70000","6985","6985","0","2903","1336","1291"
"578","ALIGN_HOLD","48224","51","280.1513671875","-1","-1000","-3000000","70000","6986","6986","0","2903","1336","1201"
"579","ALIGN_HOLD","48224","51","280.1513671875","0","0","1000000","70000","6987","6987","0","2903","1336","1111"
"580","ALIGN_HOLD","48222","49","269.1650390625","-2","-2000","-2000000","70000","6988","6988","0","2903","1336","1021"
"581","ALIGN_HOLD","48225","52","285.64453125","3","3000","5000000","70000","6989","6989","0","2903","1336","931"
"582","ALIGN_HOLD","48226","53","291.1376953125","1","1000","-2000000","70000","6990","6990","0","2903","1336","841"
"583","ALIGN_HOLD","48224","51","280.1513671875","-2","-2000","-3000000","70000","6991","6991","0","2903","1336","751"
"584","ALIGN_HOLD","48223","50","274.658203125","-1","-1000","1000000","70000","6992","6992","0","2903","1336","661"
"585","ALIGN_HOLD","48222","49","269.1650390625","-1","-1000","0","70000","6993","6993","0","2903","1336","571"
"586","ALIGN_HOLD","48223","50","274.658203125","1","1000","2000000","70000","6994","6994","0","2903","1336","481"
"587","ALIGN_HOLD","48224","51","280.1513671875","1","1000","0","70000","6995","6995","0","2903","1336","391"
"588","ALIGN_HOLD","48223","50","274.658203125","-1","-1000","-2000000","70000","6996","6996","0","2903","1336","301"
"589","ALIGN_HOLD","48221","48","263.671875","-2","-2000","-1000000","70000","6997","6997","0","2903","1336","211"
"590","ALIGN_HOLD","48220","47","258.1787109375","-1","-1000","1000000","70000","6998","6998","0","2903","1336","121"
"591","ALIGN_HOLD","48220","47","258.1787109375","0","0","1000000","70000","6999","6999","0","2903","1336","31"
"592","ALIGN_HOLD","48225","52","285.64453125","5","5000","5000000","70000","7000","7000","0","2903","1336","2096"
"593","ALIGN_HOLD","48222","49","269.1650390625","-3","-3000","-8000000","70000","7001","7001","0","2903","1336","2006"
"594","ALIGN_HOLD","48219","46","252.685546875","-3","-3000","0","70000","7002","7002","0","2903","1336","1916"
"595","ALIGN_HOLD","48220","47","258.1787109375","1","1000","4000000","70000","7003","7003","0","2903","1336","1826"
"596","ALIGN_HOLD","48227","54","296.630859375","7","7000","6000000","70000","7004","7004","0","2903","1336","1736"
"597","ALIGN_HOLD","48223","50","274.658203125","-4","-4000","-11000000","70000","7005","7005","0","2903","1336","1646"
"598","ALIGN_HOLD","48221","48","263.671875","-2","-2000","2000000","70000","7006","7006","0","2903","1336","1556"
"599","ALIGN_HOLD","48221","48","263.671875","0","0","2000000","70000","7007","7007","0","2903","1336","1466"
"600","ALIGN_HOLD","48228","55","302.1240234375","7","7000","7000000","70000","7008","7008","0","2903","1336","1442"
"601","ALIGN_HOLD","48227","54","296.630859375","-1","-1000","-8000000","70000","7009","7009","0","2903","1336","1286"
"602","ALIGN_HOLD","48224","51","280.1513671875","-3","-3000","-2000000","70000","7010","7010","0","2903","1336","1196"
"603","ALIGN_HOLD","48221","48","263.671875","-3","-3000","0","70000","7011","7011","0","2903","1336","1106"
"604","ALIGN_HOLD","48223","50","274.658203125","2","2000","5000000","70000","7012","7012","0","2903","1336","1016"
"605","ALIGN_HOLD","48225","52","285.64453125","2","2000","0","70000","7013","7013","0","2903","1336","926"
"606","ALIGN_HOLD","48224","51","280.1513671875","-1","-1000","-3000000","70000","7014","7014","0","2903","1336","836"
"607","ALIGN_HOLD","48225","52","285.64453125","1","1000","2000000","70000","7015","7015","0","2903","1336","746"
"608","ALIGN_HOLD","48224","51","280.1513671875","-1","-1000","-2000000","70000","7016","7016","0","2903","1336","656"
"609","ALIGN_HOLD","48225","52","285.64453125","1","1000","2000000","70000","7017","7017","0","2903","1336","566"
"610","ALIGN_HOLD","48221","48","263.671875","-4","-4000","-5000000","70000","7018","7018","0","2903","1336","476"
"611","ALIGN_HOLD","48223","50","274.658203125","2","2000","6000000","70000","7019","7019","0","2903","1336","386"
"612","ALIGN_HOLD","48221","48","263.671875","-2","-2000","-4000000","70000","7020","7020","0","2903","1336","296"
"613","ALIGN_HOLD","48224","51","280.1513671875","3","3000","5000000","70000","7021","7021","0","2903","1336","206"
"614","ALIGN_HOLD","48224","51","280.1513671875","0","0","-3000000","70000","7022","7022","0","2903","1336","116"
"615","ALIGN_HOLD","48224","51","280.1513671875","0","0","0","70000","7023","7023","0","2903","1336","26"
"616","ALIGN_HOLD","48227","54","296.630859375","3","3000","3000000","70000","7024","7024","0","2903","1336","2091"
"617","ALIGN_HOLD","48224","51","280.1513671875","-3","-3000","-6000000","70000","7025","7025","0","2903","1336","2001"
"618","ALIGN_HOLD","48223","50","274.658203125","-1","-1000","2000000","70000","7026","7026","0","2903","1336","1911"
"619","ALIGN_HOLD","48225","52","285.64453125","2","2000","3000000","70000","7027","7027","0","2903","1336","1821"
"620","ALIGN_HOLD","48226","53","291.1376953125","1","1000","-1000000","70000","7028","7028","0","2903","1336","1731"
"621","ALIGN_HOLD","48223","50","274.658203125","-3","-3000","-4000000","70000","7029","7029","0","2903","1336","1641"
"622","ALIGN_HOLD","48220","47","258.1787109375","-3","-3000","0","70000","7030","7030","0","2903","1336","1551"
"623","ALIGN_HOLD","48226","53","291.1376953125","6","6000","9000000","70000","7031","7031","0","2903","1336","1461"
"624","ALIGN_HOLD","48225","52","285.64453125","-1","-1000","-7000000","70000","7032","7032","0","2903","1336","1371"
"625","ALIGN_HOLD","48220","47","258.1787109375","-5","-5000","-4000000","70000","7033","7033","0","2903","1336","1281"
"626","ALIGN_HOLD","48226","53","291.1376953125","6","6000","11000000","70000","7034","7034","0","2903","1336","1191"
"627","ALIGN_HOLD","48223","50","274.658203125","-3","-3000","-9000000","70000","7035","7035","0","2903","1336","1101"
"628","ALIGN_HOLD","48225","52","285.64453125","2","2000","5000000","70000","7036","7036","0","2903","1336","1011"
"629","ALIGN_HOLD","48225","52","285.64453125","0","0","-2000000","70000","7037","7037","0","2903","1336","921"
"630","ALIGN_HOLD","48225","52","285.64453125","0","0","0","70000","7038","7038","0","2903","1336","831"
"631","ALIGN_HOLD","48226","53","291.1376953125","1","1000","1000000","70000","7039","7039","0","2903","1336","741"
"632","ALIGN_HOLD","48225","52","285.64453125","-1","-1000","-2000000","70000","7040","7040","0","2903","1336","651"
"633","ALIGN_HOLD","48224","51","280.1513671875","-1","-1000","0","70000","7041","7041","0","2903","1336","561"
"634","ALIGN_HOLD","48222","49","269.1650390625","-2","-2000","-1000000","70000","7042","7042","0","2903","1336","471"
"635","ALIGN_HOLD","48223","50","274.658203125","1","1000","3000000","70000","7043","7043","0","2903","1336","381"
"636","ALIGN_HOLD","48223","50","274.658203125","0","0","-1000000","70000","7044","7044","0","2903","1336","291"
"637","ALIGN_HOLD","48223","50","274.658203125","0","0","0","70000","7045","7045","0","2903","1336","201"
"638","ALIGN_HOLD","48223","50","274.658203125","0","0","0","70000","7046","7046","0","2903","1336","111"
"639","ALIGN_HOLD","48225","52","285.64453125","2","2000","2000000","70000","7047","7047","0","2903","1336","21"
"640","ALIGN_HOLD","48227","54","296.630859375","2","2000","0","70000","7048","7048","0","2903","1336","2086"
"641","ALIGN_HOLD","48228","55","302.1240234375","1","1000","-1000000","70000","7049","7049","0","2903","1336","1996"
"642","ALIGN_HOLD","48222","49","269.1650390625","-6","-6000","-7000000","70000","7050","7050","0","2903","1336","1906"
"643","ALIGN_HOLD","48223","50","274.658203125","1","1000","7000000","70000","7051","7051","0","2903","1336","1816"
"644","ALIGN_HOLD","48226","53","291.1376953125","3","3000","2000000","70000","7052","7052","0","2903","1336","1726"
"645","ALIGN_HOLD","48226","53","291.1376953125","0","0","-3000000","70000","7053","7053","0","2903","1336","1636"
"646","ALIGN_HOLD","48223","50","274.658203125","-3","-3000","-3000000","70000","7054","7054","0","2903","1336","1546"
"647","ALIGN_HOLD","48224","51","280.1513671875","1","1000","4000000","70000","7055","7055","0","2903","1336","1456"
"648","ALIGN_HOLD","48221","48","263.671875","-3","-3000","-4000000","70000","7056","7056","0","2903","1336","1366"
"649","ALIGN_HOLD","48226","53","291.1376953125","5","5000","8000000","70000","7057","7057","0","2903","1336","1276"
"650","ALIGN_HOLD","48223","50","274.658203125","-3","-3000","-8000000","70000","7058","7058","0","2903","1336","1186"
"651","ALIGN_HOLD","48227","54","296.630859375","4","4000","7000000","70000","7059","7059","0","2903","1336","1096"
"652","ALIGN_HOLD","48226","53","291.1376953125","-1","-1000","-5000000","70000","7060","7060","0","2903","1336","1006"
"653","ALIGN_HOLD","48223","50","274.658203125","-3","-3000","-2000000","70000","7061","7061","0","2903","1336","916"
"654","ALIGN_HOLD","48223","50","274.658203125","0","0","3000000","70000","7062","7062","0","2903","1336","826"
"655","ALIGN_HOLD","48225","52","285.64453125","2","2000","2000000","70000","7063","7063","0","2903","1336","736"
"656","ALIGN_HOLD","48223","50","274.658203125","-2","-2000","-4000000","70000","7064","7064","0","2903","1336","646"
"657","ALIGN_HOLD","48226","53","291.1376953125","3","3000","5000000","70000","7065","7065","0","2903","1336","556"
"658","ALIGN_HOLD","48225","52","285.64453125","-1","-1000","-4000000","70000","7066","7066","0","2903","1336","466"
"659","ALIGN_HOLD","48225","52","285.64453125","0","0","1000000","70000","7067","7067","0","2903","1336","376"
"660","ALIGN_HOLD","48226","53","291.1376953125","1","1000","1000000","70000","7068","7068","0","2903","1336","286"
"661","ALIGN_HOLD","48226","53","291.1376953125","0","0","-1000000","70000","7069","7069","0","2903","1336","196"
"662","ALIGN_HOLD","48225","52","285.64453125","-1","-1000","-1000000","70000","7070","7070","0","2903","1336","106"
"663","ALIGN_HOLD","48223","50","274.658203125","-2","-2000","-1000000","70000","7071","7071","0","2903","1336","16"
"664","ALIGN_HOLD","48221","48","263.671875","-2","-2000","0","70000","7072","7072","0","2903","1336","2081"
"665","ALIGN_HOLD","48224","51","280.1513671875","3","3000","5000000","70000","7073","7073","0","2903","1336","1991"
"666","ALIGN_HOLD","48221","48","263.671875","-3","-3000","-6000000","70000","7074","7074","0","2903","1336","1901"
"667","ALIGN_HOLD","48224","51","280.1513671875","3","3000","6000000","70000","7075","7075","0","2903","1336","1811"
"668","ALIGN_HOLD","48225","52","285.64453125","1","1000","-2000000","70000","7076","7076","0","2903","1336","1721"
"669","ALIGN_HOLD","48221","48","263.671875","-4","-4000","-5000000","70000","7077","7077","0","2903","1336","1631"
"670","ALIGN_HOLD","48225","52","285.64453125","4","4000","8000000","70000","7078","7078","0","2903","1336","1541"
"671","ALIGN_HOLD","48225","52","285.64453125","0","0","-4000000","70000","7079","7079","0","2903","1336","1451"
"672","ALIGN_HOLD","48223","50","274.658203125","-2","-2000","-2000000","70000","7080","7080","0","2903","1336","1361"
"673","ALIGN_HOLD","48223","50","274.658203125","0","0","2000000","70000","7081","7081","0","2903","1336","1271"
"674","ALIGN_HOLD","48226","53","291.1376953125","3","3000","3000000","70000","7082","7082","0","2903","1336","1181"
"675","ALIGN_HOLD","48225","52","285.64453125","-1","-1000","-4000000","70000","7083","7083","0","2903","1336","1091"
"676","ALIGN_HOLD","48225","52","285.64453125","0","0","1000000","70000","7084","7084","0","2903","1336","1001"
"677","ALIGN_HOLD","48224","51","280.1513671875","-1","-1000","-1000000","70000","7085","7085","0","2903","1336","911"
"678","ALIGN_HOLD","48223","50","274.658203125","-1","-1000","0","70000","7086","7086","0","2903","1336","821"
"679","ALIGN_HOLD","48226","53","291.1376953125","3","3000","4000000","70000","7087","7087","0","2903","1336","731"
"680","ALIGN_HOLD","48226","53","291.1376953125","0","0","-3000000","70000","7088","7088","0","2903","1336","641"
"681","ALIGN_HOLD","48224","51","280.1513671875","-2","-2000","-2000000","70000","7089","7089","0","2903","1336","551"
"682","ALIGN_HOLD","48220","47","258.1787109375","-4","-4000","-2000000","70000","7090","7090","0","2903","1336","461"
"683","ALIGN_HOLD","48222","49","269.1650390625","2","2000","6000000","70000","7091","7091","0","2903","1336","371"
"684","ALIGN_HOLD","48227","54","296.630859375","5","5000","3000000","70000","7092","7092","0","2903","1336","281"
"685","ALIGN_HOLD","48222","49","269.1650390625","-5","-5000","-10000000","70000","7093","7093","0","2903","1336","191"
"686","ALIGN_HOLD","48225","52","285.64453125","3","3000","8000000","70000","7094","7094","0","2903","1336","101"
"687","ALIGN_HOLD","48224","51","280.1513671875","-1","-1000","-4000000","70000","7095","7095","0","2903","1336","11"
"688","ALIGN_HOLD","48227","54","296.630859375","3","3000","4000000","70000","7096","7096","0","2903","1336","2076"
"689","ALIGN_HOLD","48222","49","269.1650390625","-5","-5000","-8000000","70000","7097","7097","0","2903","1336","1986"
"690","ALIGN_HOLD","48222","49","269.1650390625","0","0","5000000","70000","7098","7098","0","2903","1336","1896"
"691","ALIGN_HOLD","48223","50","274.658203125","1","1000","1000000","70000","7099","7099","0","2903","1336","1806"
"692","ALIGN_HOLD","48227","54","296.630859375","4","4000","3000000","70000","7100","7100","0","2903","1336","1716"
"693","ALIGN_HOLD","48221","48","263.671875","-6","-6000","-10000000","70000","7101","7101","0","2903","1336","1626"
"694","ALIGN_HOLD","48222","49","269.1650390625","1","1000","7000000","70000","7102","7102","0","2903","1336","1536"
"695","ALIGN_HOLD","48224","51","280.1513671875","2","2000","1000000","70000","7103","7103","0","2903","1336","1446"
"696","ALIGN_HOLD","48225","52","285.64453125","1","1000","-1000000","70000","7104","7104","0","2903","1336","1356"
"697","ALIGN_HOLD","48227","54","296.630859375","2","2000","1000000","70000","7105","7105","0","2903","1336","1266"
"698","ALIGN_HOLD","48221","48","263.671875","-6","-6000","-8000000","70000","7106","7106","0","2903","1336","1176"
"699","ALIGN_HOLD","48221","48","263.671875","0","0","6000000","70000","7107","7107","0","2903","1336","1086"
"700","ALIGN_HOLD","48227","54","296.630859375","6","6000","6000000","70000","7108","7108","0","2903","1336","996"
"701","ALIGN_HOLD","48226","53","291.1376953125","-1","-1000","-7000000","70000","7109","7109","0","2903","1336","906"
"702","ALIGN_HOLD","48225","52","285.64453125","-1","-1000","0","70000","7110","7110","0","2903","1336","816"
"703","ALIGN_HOLD","48223","50","274.658203125","-2","-2000","-1000000","70000","7111","7111","0","2903","1336","726"
"704","ALIGN_HOLD","48224","51","280.1513671875","1","1000","3000000","70000","7112","7112","0","2903","1336","636"
"705","ALIGN_HOLD","48224","51","280.1513671875","0","0","-1000000","70000","7113","7113","0","2903","1336","546"
"706","ALIGN_HOLD","48226","53","291.1376953125","2","2000","2000000","70000","7114","7114","0","2903","1336","456"
"707","ALIGN_HOLD","48227","54","296.630859375","1","1000","-1000000","70000","7115","7115","0","2903","1336","366"
"708","ALIGN_HOLD","48224","51","280.1513671875","-3","-3000","-4000000","70000","7116","7116","0","2903","1336","276"
"709","ALIGN_HOLD","48222","49","269.1650390625","-2","-2000","1000000","70000","7117","7117","0","2903","1336","186"
"710","ALIGN_HOLD","48225","52","285.64453125","3","3000","5000000","70000","7118","7118","0","2903","1336","96"
"711","ALIGN_HOLD","48223","50","274.658203125","-2","-2000","-5000000","70000","7119","7119","0","2903","1336","6"
"712","ALIGN_HOLD","48223","50","274.658203125","0","0","2000000","70000","7120","7120","0","2903","1336","2071"
"713","ALIGN_HOLD","48227","54","296.630859375","4","4000","4000000","70000","7121","7121","0","2903","1336","1981"
"714","ALIGN_HOLD","48223","50","274.658203125","-4","-4000","-8000000","70000","7122","7122","0","2903","1336","1891"
"715","ALIGN_HOLD","48223","50","274.658203125","0","0","4000000","70000","7123","7123","0","2903","1336","1801"
"716","ALIGN_HOLD","48221","48","263.671875","-2","-2000","-2000000","70000","7124","7124","0","2903","1336","1711"
"717","ALIGN_HOLD","48224","51","280.1513671875","3","3000","5000000","70000","7125","7125","0","2903","1336","1621"
"718","ALIGN_HOLD","48223","50","274.658203125","-1","-1000","-4000000","70000","7126","7126","0","2903","1336","1531"
"719","ALIGN_HOLD","48222","49","269.1650390625","-1","-1000","0","70000","7127","7127","0","2903","1336","1441"
"720","ALIGN_HOLD","48228","55","302.1240234375","6","6000","7000000","70000","7128","7128","0","2903","1336","1351"
"721","ALIGN_HOLD","48225","52","285.64453125","-3","-3000","-9000000","70000","7129","7129","0","2903","1336","1261"
"722","ALIGN_HOLD","48224","51","280.1513671875","-1","-1000","2000000","70000","7130","7130","0","2903","1336","1171"
"723","ALIGN_HOLD","48224","51","280.1513671875","0","0","1000000","70000","7131","7131","0","2903","1336","1081"
"724","ALIGN_HOLD","48226","53","291.1376953125","2","2000","2000000","70000","7132","7132","0","2903","1336","991"
"725","ALIGN_HOLD","48220","47","258.1787109375","-6","-6000","-8000000","70000","7133","7133","0","2903","1336","901"
"726","ALIGN_HOLD","48223","50","274.658203125","3","3000","9000000","70000","7134","7134","0","2903","1336","811"
"727","ALIGN_HOLD","48225","52","285.64453125","2","2000","-1000000","70000","7135","7135","0","2903","1336","721"
"728","ALIGN_HOLD","48226","53","291.1376953125","1","1000","-1000000","70000","7136","7136","0","2903","1336","631"
"729","ALIGN_HOLD","48222","49","269.1650390625","-4","-4000","-5000000","70000","7137","7137","0","2903","1336","541"
"730","ALIGN_HOLD","48222","49","269.1650390625","0","0","4000000","70000","7138","7138","0","2903","1336","451"
"731","ALIGN_HOLD","48227","54","296.630859375","5","5000","5000000","70000","7139","7139","0","2903","1336","361"
"732","ALIGN_HOLD","48228","55","302.1240234375","1","1000","-4000000","70000","7140","7140","0","2903","1336","271"
"733","ALIGN_HOLD","48225","52","285.64453125","-3","-3000","-4000000","70000","7141","7141","0","2903","1336","181"
"734","ALIGN_HOLD","48225","52","285.64453125","0","0","3000000","70000","7142","7142","0","2903","1336","91"
"735","ALIGN_HOLD","48223","50","274.658203125","-2","-2000","-2000000","70000","7143","7143","0","2903","1336","1"
"736","ALIGN_HOLD","48228","55","302.1240234375","5","5000","7000000","70000","7144","7144","0","2903","1336","2066"
"737","ALIGN_HOLD","48225","52","285.64453125","-3","-3000","-8000000","70000","7145","7145","0","2903","1336","1976"
"738","ALIGN_HOLD","48224","51","280.1513671875","-1","-1000","2000000","70000","7146","7146","0","2903","1336","1886"
"739","ALIGN_HOLD","48227","54","296.630859375","3","3000","4000000","70000","7147","7147","0","2903","1336","1796"
"740","ALIGN_HOLD","48226","53","291.1376953125","-1","-1000","-4000000","70000","7148","7148","0","2903","1336","1706"
"741","ALIGN_HOLD","48225","52","285.64453125","-1","-1000","0","70000","7149","7149","0","2903","1336","1616"
"742","ALIGN_HOLD","48223","50","274.658203125","-2","-2000","-1000000","70000","7150","7150","0","2903","1336","1526"
"743","ALIGN_HOLD","48223","50","274.658203125","0","0","2000000","70000","7151","7151","0","2903","1336","1436"
"744","ALIGN_HOLD","48222","49","269.1650390625","-1","-1000","-1000000","70000","7152","7152","0","2903","1336","1346"
"745","ALIGN_HOLD","48225","52","285.64453125","3","3000","4000000","70000","7153","7153","0","2903","1336","1256"
"746","ALIGN_HOLD","48224","51","280.1513671875","-1","-1000","-4000000","70000","7154","7154","0","2903","1336","1166"
"747","ALIGN_HOLD","48223","50","274.658203125","-1","-1000","0","70000","7155","7155","0","2903","1336","1076"
"748","ALIGN_HOLD","48223","50","274.658203125","0","0","1000000","70000","7156","7156","0","2903","1336","986"
"749","ALIGN_HOLD","48222","49","269.1650390625","-1","-1000","-1000000","70000","7157","7157","0","2903","1336","896"
"750","ALIGN_HOLD","48226","53","291.1376953125","4","4000","5000000","70000","7158","7158","0","2903","1336","806"
"751","ALIGN_HOLD","48226","53","291.1376953125","0","0","-4000000","70000","7159","7159","0","2903","1336","716"
"752","ALIGN_HOLD","48224","51","280.1513671875","-2","-2000","-2000000","70000","7160","7160","0","2903","1336","626"
"753","ALIGN_HOLD","48223","50","274.658203125","-1","-1000","1000000","70000","7161","7161","0","2903","1336","536"
"754","ALIGN_HOLD","48223","50","274.658203125","0","0","1000000","70000","7162","7162","0","2903","1336","446"
"755","ALIGN_HOLD","48226","53","291.1376953125","3","3000","3000000","70000","7163","7163","0","2903","1336","356"
"756","ALIGN_HOLD","48221","48","263.671875","-5","-5000","-8000000","70000","7164","7164","0","2903","1336","266"
"757","ALIGN_HOLD","48224","51","280.1513671875","3","3000","8000000","70000","7165","7165","0","2903","1336","176"
"758","ALIGN_HOLD","48224","51","280.1513671875","0","0","-3000000","70000","7166","7166","0","2903","1336","86"
"759","ALIGN_HOLD","48224","51","280.1513671875","0","0","0","70000","7167","7167","0","2903","1336","2151"
"760","ALIGN_HOLD","48226","53","291.1376953125","2","2000","2000000","70000","7168","7168","0","2903","1336","2061"
"761","ALIGN_HOLD","48225","52","285.64453125","-1","-1000","-3000000","70000","7169","7169","0","2903","1336","1971"
"762","ALIGN_HOLD","48224","51","280.1513671875","-1","-1000","0","70000","7170","7170","0","2903","1336","1881"
"763","ALIGN_HOLD","48225","52","285.64453125","1","1000","2000000","70000","7171","7171","0","2903","1336","1791"
"764","ALIGN_HOLD","48226","53","291.1376953125","1","1000","0","70000","7172","7172","0","2903","1336","1701"
"765","ALIGN_HOLD","48227","54","296.630859375","1","1000","0","70000","7173","7173","0","2903","1336","1611"
"766","ALIGN_HOLD","48223","50","274.658203125","-4","-4000","-5000000","70000","7174","7174","0","2903","1336","1521"
"767","ALIGN_HOLD","48222","49","269.1650390625","-1","-1000","3000000","70000","7175","7175","0","2903","1336","1431"
"768","ALIGN_HOLD","48226","53","291.1376953125","4","4000","5000000","70000","7176","7176","0","2903","1336","1341"
"769","ALIGN_HOLD","48225","52","285.64453125","-1","-1000","-5000000","70000","7177","7177","0","2903","1336","1251"
"770","ALIGN_HOLD","48225","52","285.64453125","0","0","1000000","70000","7178","7178","0","2903","1336","1161"
"771","ALIGN_HOLD","48226","53","291.1376953125","1","1000","1000000","70000","7179","7179","0","2903","1336","1071"
"772","ALIGN_HOLD","48225","52","285.64453125","-1","-1000","-2000000","70000","7180","7180","0","2903","1336","981"
"773","ALIGN_HOLD","48223","50","274.658203125","-2","-2000","-1000000","70000","7181","7181","0","2903","1336","891"
"774","ALIGN_HOLD","48224","51","280.1513671875","1","1000","3000000","70000","7182","7182","0","2903","1336","801"
"775","ALIGN_HOLD","48226","53","291.1376953125","2","2000","1000000","70000","7183","7183","0","2903","1336","711"
"776","ALIGN_HOLD","48227","54","296.630859375","1","1000","-1000000","70000","7184","7184","0","2903","1336","621"
"777","ALIGN_HOLD","48226","53","291.1376953125","-1","-1000","-2000000","70000","7185","7185","0","2903","1336","531"
"778","ALIGN_HOLD","48226","53","291.1376953125","0","0","1000000","70000","7186","7186","0","2903","1336","441"
"779","ALIGN_HOLD","48225","52","285.64453125","-1","-1000","-1000000","70000","7187","7187","0","2903","1336","351"
"780","ALIGN_HOLD","48224","51","280.1513671875","-1","-1000","0","70000","7188","7188","0","2903","1336","261"
"781","ALIGN_HOLD","48222","49","269.1650390625","-2","-2000","-1000000","70000","7189","7189","0","2903","1336","171"
"782","ALIGN_HOLD","48222","49","269.1650390625","0","0","2000000","70000","7190","7190","0","2903","1336","81"
"783","ALIGN_HOLD","48225","52","285.64453125","3","3000","3000000","70000","7191","7191","0","2903","1336","2146"
"784","ALIGN_HOLD","48224","51","280.1513671875","-1","-1000","-4000000","70000","7192","7192","0","2903","1336","2056"
"785","ALIGN_HOLD","48223","50","274.658203125","-1","-1000","0","70000","7193","7193","0","2903","1336","1966"
"786","ALIGN_HOLD","48223","50","274.658203125","0","0","1000000","70000","7194","7194","0","2903","1336","1876"
"787","ALIGN_HOLD","48225","52","285.64453125","2","2000","2000000","70000","7195","7195","0","2903","1336","1786"
"788","ALIGN_HOLD","48228","55","302.1240234375","3","3000","1000000","70000","7196","7196","0","2903","1336","1696"
"789","ALIGN_HOLD","48227","54","296.630859375","-1","-1000","-4000000","70000","7197","7197","0","2903","1336","1606"
"790","ALIGN_HOLD","48225","52","285.64453125","-2","-2000","-1000000","70000","7198","7198","0","2903","1336","1516"
"791","ALIGN_HOLD","48224","51","280.1513671875","-1","-1000","1000000","70000","7199","7199","0","2903","1336","1426"
"792","ALIGN_HOLD","48223","50","274.658203125","-1","-1000","0","70000","7200","7200","0","2903","1336","1336"
"793","ALIGN_HOLD","48226","53","291.1376953125","3","3000","4000000","70000","7201","7201","0","2903","1336","1246"
"794","ALIGN_HOLD","48223","50","274.658203125","-3","-3000","-6000000","70000","7202","7202","0","2903","1336","1156"
"795","ALIGN_HOLD","48225","52","285.64453125","2","2000","5000000","70000","7203","7203","0","2903","1336","1066"
"796","ALIGN_HOLD","48224","51","280.1513671875","-1","-1000","-3000000","70000","7204","7204","0","2903","1336","976"
"797","ALIGN_HOLD","48224","51","280.1513671875","0","0","1000000","70000","7205","7205","0","2903","1336","886"
"798","ALIGN_HOLD","48225","52","285.64453125","1","1000","1000000","70000","7206","7206","0","2903","1336","796"
"799","ALIGN_HOLD","48225","52","285.64453125","0","0","-1000000","70000","7207","7207","0","2903","1336","706"
"800","ALIGN_HOLD","48219","46","252.685546875","-6","-6000","-6000000","70000","7208","7208","0","2903","1336","682"
"801","ALIGN_HOLD","48225","52","285.64453125","6","6000","12000000","70000","7209","7209","0","2903","1336","526"
"802","ALIGN_HOLD","48222","49","269.1650390625","-3","-3000","-9000000","70000","7210","7210","0","2903","1336","436"
"803","ALIGN_HOLD","48222","49","269.1650390625","0","0","3000000","70000","7211","7211","0","2903","1336","346"
"804","ALIGN_HOLD","48224","51","280.1513671875","2","2000","2000000","70000","7212","7212","0","2903","1336","256"
"805","ALIGN_HOLD","48224","51","280.1513671875","0","0","-2000000","70000","7213","7213","0","2903","1336","166"
"806","ALIGN_HOLD","48222","49","269.1650390625","-2","-2000","-2000000","70000","7214","7214","0","2903","1336","76"
"807","ALIGN_HOLD","48221","48","263.671875","-1","-1000","1000000","70000","7215","7215","0","2903","1336","2141"
"808","ALIGN_HOLD","48224","51","280.1513671875","3","3000","4000000","70000","7216","7216","0","2903","1336","2051"
"809","ALIGN_HOLD","48223","50","274.658203125","-1","-1000","-4000000","70000","7217","7217","0","2903","1336","1961"
"810","ALIGN_HOLD","48225","52","285.64453125","2","2000","3000000","70000","7218","7218","0","2903","1336","1871"
"811","ALIGN_HOLD","48226","53","291.1376953125","1","1000","-1000000","70000","7219","7219","0","2903","1336","1781"
"812","ALIGN_HOLD","48220","47","258.1787109375","-6","-6000","-7000000","70000","7220","7220","0","2903","1336","1691"
"813","ALIGN_HOLD","48224","51","280.1513671875","4","4000","10000000","70000","7221","7221","0","2903","1336","1601"
"814","ALIGN_HOLD","48224","51","280.1513671875","0","0","-4000000","70000","7222","7222","0","2903","1336","1511"
"815","ALIGN_HOLD","48224","51","280.1513671875","0","0","0","70000","7223","7223","0","2903","1336","1421"
"816","ALIGN_HOLD","48225","52","285.64453125","1","1000","1000000","70000","7224","7224","0","2903","1336","1331"
"817","ALIGN_HOLD","48222","49","269.1650390625","-3","-3000","-4000000","70000","7225","7225","0","2903","1336","1241"
"818","ALIGN_HOLD","48224","51","280.1513671875","2","2000","5000000","70000","7226","7226","0","2903","1336","1151"
"819","ALIGN_HOLD","48225","52","285.64453125","1","1000","-1000000","70000","7227","7227","0","2903","1336","1061"
"820","ALIGN_HOLD","48225","52","285.64453125","0","0","-1000000","70000","7228","7228","0","2903","1336","971"
"821","ALIGN_HOLD","48223","50","274.658203125","-2","-2000","-2000000","70000","7229","7229","0","2903","1336","881"
"822","ALIGN_HOLD","48220","47","258.1787109375","-3","-3000","-1000000","70000","7230","7230","0","2903","1336","791"
"823","ALIGN_HOLD","48224","51","280.1513671875","4","4000","7000000","70000","7231","7231","0","2903","1336","701"
"824","ALIGN_HOLD","48222","49","269.1650390625","-2","-2000","-6000000","70000","7232","7232","0","2903","1336","611"
"825","ALIGN_HOLD","48226","53","291.1376953125","4","4000","6000000","70000","7233","7233","0","2903","1336","521"
"826","ALIGN_HOLD","48225","52","285.64453125","-1","-1000","-5000000","70000","7234","7234","0","2903","1336","431"
"827","ALIGN_HOLD","48223","50","274.658203125","-2","-2000","-1000000","70000","7235","7235","0","2903","1336","341"
"828","ALIGN_HOLD","48224","51","280.1513671875","1","1000","3000000","70000","7236","7236","0","2903","1336","251"
"829","ALIGN_HOLD","48222","49","269.1650390625","-2","-2000","-3000000","70000","7237","7237","0","2903","1336","161"
"830","ALIGN_HOLD","48223","50","274.658203125","1","1000","3000000","70000","7238","7238","0","2903","1336","71"
"831","ALIGN_HOLD","48226","53","291.1376953125","3","3000","2000000","70000","7239","7239","0","2903","1336","2136"
"832","ALIGN_HOLD","48223","50","274.658203125","-3","-3000","-6000000","70000","7240","7240","0","2903","1336","2046"
"833","ALIGN_HOLD","48224","51","280.1513671875","1","1000","4000000","70000","7241","7241","0","2903","1336","1956"
"834","ALIGN_HOLD","48222","49","269.1650390625","-2","-2000","-3000000","70000","7242","7242","0","2903","1336","1866"
"835","ALIGN_HOLD","48223","50","274.658203125","1","1000","3000000","70000","7243","7243","0","2903","1336","1776"
"836","ALIGN_HOLD","48221","48","263.671875","-2","-2000","-3000000","70000","7244","7244","0","2903","1336","1686"
"837","ALIGN_HOLD","48227","54","296.630859375","6","6000","8000000","70000","7245","7245","0","2903","1336","1596"
"838","ALIGN_HOLD","48226","53","291.1376953125","-1","-1000","-7000000","70000","7246","7246","0","2903","1336","1506"
"839","ALIGN_HOLD","48225","52","285.64453125","-1","-1000","0","70000","7247","7247","0","2903","1336","1416"
"840","ALIGN_HOLD","48223","50","274.658203125","-2","-2000","-1000000","70000","7248","7248","0","2903","1336","1326"
"841","ALIGN_HOLD","48226","53","291.1376953125","3","3000","5000000","70000","7249","7249","0","2903","1336","1236"
"842","ALIGN_HOLD","48224","51","280.1513671875","-2","-2000","-5000000","70000","7250","7250","0","2903","1336","1146"
"843","ALIGN_HOLD","48223","50","274.658203125","-1","-1000","1000000","70000","7251","7251","0","2903","1336","1056"
"844","ALIGN_HOLD","48225","52","285.64453125","2","2000","3000000","70000","7252","7252","0","2903","1336","966"
"845","ALIGN_HOLD","48227","54","296.630859375","2","2000","0","70000","7253","7253","0","2903","1336","876"
"846","ALIGN_HOLD","48224","51","280.1513671875","-3","-3000","-5000000","70000","7254","7254","0","2903","1336","786"
"847","ALIGN_HOLD","48225","52","285.64453125","1","1000","4000000","70000","7255","7255","0","2903","1336","696"
"848","ALIGN_HOLD","48222","49","269.1650390625","-3","-3000","-4000000","70000","7256","7256","0","2903","1336","606"
"849","ALIGN_HOLD","48221","48","263.671875","-1","-1000","2000000","70000","7257","7257","0","2903","1336","516"
"850","ALIGN_HOLD","48220","47","258.1787109375","-1","-1000","0","70000","7258","7258","0","2903","1336","426"
"851","ALIGN_HOLD","48226","53","291.1376953125","6","6000","7000000","70000","7259","7259","0","2903","1336","336"
"852","ALIGN_HOLD","48223","50","274.658203125","-3","-3000","-9000000","70000","7260","7260","0","2903","1336","246"
"853","ALIGN_HOLD","48220","47","258.1787109375","-3","-3000","0","70000","7261","7261","0","2903","1336","156"
"854","ALIGN_HOLD","48223","50","274.658203125","3","3000","6000000","70000","7262","7262","0","2903","1336","66"
"855","ALIGN_HOLD","48222","49","269.1650390625","-1","-1000","-4000000","70000","7263","7263","0","2903","1336","2131"
"856","ALIGN_HOLD","48227","54","296.630859375","5","5000","6000000","70000","7264","7264","0","2903","1336","2041"
"857","ALIGN_HOLD","48226","53","291.1376953125","-1","-1000","-6000000","70000","7265","7265","0","2903","1336","1951"
"858","ALIGN_HOLD","48226","53","291.1376953125","0","0","1000000","70000","7266","7266","0","2903","1336","1861"
"859","ALIGN_HOLD","48223","50","274.658203125","-3","-3000","-3000000","70000","7267","7267","0","2903","1336","1771"
"860","ALIGN_HOLD","48224","51","280.1513671875","1","1000","4000000","70000","7268","7268","0","2903","1336","1681"
"861","ALIGN_HOLD","48226","53","291.1376953125","2","2000","1000000","70000","7269","7269","0","2903","1336","1591"
"862","ALIGN_HOLD","48225","52","285.64453125","-1","-1000","-3000000","70000","7270","7270","0","2903","1336","1501"
"863","ALIGN_HOLD","48224","51","280.1513671875","-1","-1000","0","70000","7271","7271","0","2903","1336","1411"
"864","ALIGN_HOLD","48226","53","291.1376953125","2","2000","3000000","70000","7272","7272","0","2903","1336","1321"
"865","ALIGN_HOLD","48222","49","269.1650390625","-4","-4000","-6000000","70000","7273","7273","0","2903","1336","1231"
"866","ALIGN_HOLD","48224","51","280.1513671875","2","2000","6000000","70000","7274","7274","0","2903","1336","1141"
"867","ALIGN_HOLD","48223","50","274.658203125","-1","-1000","-3000000","70000","7275","7275","0","2903","1336","1051"
"868","ALIGN_HOLD","48220","47","258.1787109375","-3","-3000","-2000000","70000","7276","7276","0","2903","1336","961"
"869","ALIGN_HOLD","48225","52","285.64453125","5","5000","8000000","70000","7277","7277","0","2903","1336","871"
"870","ALIGN_HOLD","48224","51","280.1513671875","-1","-1000","-6000000","70000","7278","7278","0","2903","1336","781"
"871","ALIGN_HOLD","48223","50","274.658203125","-1","-1000","0","70000","7279","7279","0","2903","1336","691"
"872","ALIGN_HOLD","48223","50","274.658203125","0","0","1000000","70000","7280","7280","0","2903","1336","601"
"873","ALIGN_HOLD","48221","48","263.671875","-2","-2000","-2000000","70000","7281","7281","0","2903","1336","511"
"874","ALIGN_HOLD","48229","56","307.6171875","8","8000","10000000","70000","7282","7282","0","2903","1336","421"
"875","ALIGN_HOLD","48225","52","285.64453125","-4","-4000","-12000000","70000","7283","7283","0","2903","1336","331"
"876","ALIGN_HOLD","48226","53","291.1376953125","1","1000","5000000","70000","7284","7284","0","2903","1336","241"
"877","ALIGN_HOLD","48226","53","291.1376953125","0","0","-1000000","70000","7285","7285","0","2903","1336","151"
"878","ALIGN_HOLD","48228","55","302.1240234375","2","2000","2000000","70000","7286","7286","0","2903","1336","61"
"879","ALIGN_HOLD","48223","50","274.658203125","-5","-5000","-7000000","70000","7287","7287","0","2903","1336","2126"
"880","ALIGN_HOLD","48222","49","269.1650390625","-1","-1000","4000000","70000","7288","7288","0","2903","1336","2036"
"881","ALIGN_HOLD","48225","52","285.64453125","3","3000","4000000","70000","7289","7289","0","2903","1336","1946"
"882","ALIGN_HOLD","48226","53","291.1376953125","1","1000","-2000000","70000","7290","7290","0","2903","1336","1856"
"883","ALIGN_HOLD","48221","48","263.671875","-5","-5000","-6000000","70000","7291","7291","0","2903","1336","1766"
"884","ALIGN_HOLD","48222","49","269.1650390625","1","1000","6000000","70000","7292","7292","0","2903","1336","1676"
"885","ALIGN_HOLD","48225","52","285.64453125","3","3000","2000000","70000","7293","7293","0","2903","1336","1586"
"886","ALIGN_HOLD","48227","54","296.630859375","2","2000","-1000000","70000","7294","7294","0","2903","1336","1496"
"887","ALIGN_HOLD","48225","52","285.64453125","-2","-2000","-4000000","70000","7295","7295","0","2903","1336","1406"
"888","ALIGN_HOLD","48224","51","280.1513671875","-1","-1000","1000000","70000","7296","7296","0","2903","1336","1316"
"889","ALIGN_HOLD","48226","53","291.1376953125","2","2000","3000000","70000","7297","7297","0","2903","1336","1226"
"890","ALIGN_HOLD","48225","52","285.64453125","-1","-1000","-3000000","70000","7298","7298","0","2903","1336","1136"
"891","ALIGN_HOLD","48228","55","302.1240234375","3","3000","4000000","70000","7299","7299","0","2903","1336","1046"
"892","ALIGN_HOLD","48225","52","285.64453125","-3","-3000","-6000000","70000","7300","7300","0","2903","1336","956"
"893","ALIGN_HOLD","48224","51","280.1513671875","-1","-1000","2000000","70000","7301","7301","0","2903","1336","866"
"894","ALIGN_HOLD","48225","52","285.64453125","1","1000","2000000","70000","7302","7302","0","2903","1336","776"
"895","ALIGN_HOLD","48223","50","274.658203125","-2","-2000","-3000000","70000","7303","7303","0","2903","1336","686"
"896","ALIGN_HOLD","48227","54","296.630859375","4","4000","6000000","70000","7304","7304","0","2903","1336","596"
"897","ALIGN_HOLD","48225","52","285.64453125","-2","-2000","-6000000","70000","7305","7305","0","2903","1336","506"
"898","ALIGN_HOLD","48223","50","274.658203125","-2","-2000","0","70000","7306","7306","0","2903","1336","416"
"899","ALIGN_HOLD","48227","54","296.630859375","4","4000","6000000","70000","7307","7307","0","2903","1336","326"
"900","ALIGN_HOLD","48228","55","302.1240234375","1","1000","-3000000","70000","7308","7308","0","2903","1336","236"
"901","ALIGN_HOLD","48222","49","269.1650390625","-6","-6000","-7000000","70000","7309","7309","0","2903","1336","146"
"902","ALIGN_HOLD","48227","54","296.630859375","5","5000","11000000","70000","7310","7310","0","2903","1336","56"
"903","ALIGN_HOLD","48223","50","274.658203125","-4","-4000","-9000000","70000","7311","7311","0","2903","1336","2121"
"904","ALIGN_HOLD","48222","49","269.1650390625","-1","-1000","3000000","70000","7312","7312","0","2903","1336","2031"
"905","ALIGN_HOLD","48224","51","280.1513671875","2","2000","3000000","70000","7313","7313","0","2903","1336","1941"
"906","ALIGN_HOLD","48224","51","280.1513671875","0","0","-2000000","70000","7314","7314","0","2903","1336","1851"
"907","ALIGN_HOLD","48225","52","285.64453125","1","1000","1000000","70000","7315","7315","0","2903","1336","1761"
"908","ALIGN_HOLD","48228","55","302.1240234375","3","3000","2000000","70000","7316","7316","0","2903","1336","1671"
"909","ALIGN_HOLD","48229","56","307.6171875","1","1000","-2000000","70000","7317","7317","0","2903","1336","1581"
"910","ALIGN_HOLD","48222","49","269.1650390625","-7","-7000","-8000000","70000","7318","7318","0","2903","1336","1491"
"911","ALIGN_HOLD","48222","49","269.1650390625","0","0","7000000","70000","7319","7319","0","2903","1336","1401"
"912","ALIGN_HOLD","48225","52","285.64453125","3","3000","3000000","70000","7320","7320","0","2903","1336","1311"
"913","ALIGN_HOLD","48224","51","280.1513671875","-1","-1000","-4000000","70000","7321","7321","0","2903","1336","1221"
"914","ALIGN_HOLD","48225","52","285.64453125","1","1000","2000000","70000","7322","7322","0","2903","1336","1131"
"915","ALIGN_HOLD","48225","52","285.64453125","0","0","-1000000","70000","7323","7323","0","2903","1336","1041"
"916","ALIGN_HOLD","48225","52","285.64453125","0","0","0","70000","7324","7324","0","2903","1336","951"
"917","ALIGN_HOLD","48225","52","285.64453125","0","0","0","70000","7325","7325","0","2903","1336","861"
"918","ALIGN_HOLD","48227","54","296.630859375","2","2000","2000000","70000","7326","7326","0","2903","1336","771"
"919","ALIGN_HOLD","48224","51","280.1513671875","-3","-3000","-5000000","70000","7327","7327","0","2903","1336","681"
"920","ALIGN_HOLD","48225","52","285.64453125","1","1000","4000000","70000","7328","7328","0","2903","1336","591"
"921","ALIGN_HOLD","48221","48","263.671875","-4","-4000","-5000000","70000","7329","7329","0","2903","1336","501"
"922","ALIGN_HOLD","48226","53","291.1376953125","5","5000","9000000","70000","7330","7330","0","2903","1336","411"
"923","ALIGN_HOLD","48224","51","280.1513671875","-2","-2000","-7000000","70000","7331","7331","0","2903","1336","321"
"924","ALIGN_HOLD","48226","53","291.1376953125","2","2000","4000000","70000","7332","7332","0","2903","1336","231"
"925","ALIGN_HOLD","48223","50","274.658203125","-3","-3000","-5000000","70000","7333","7333","0","2903","1336","141"
"926","ALIGN_HOLD","48227","54","296.630859375","4","4000","7000000","70000","7334","7334","0","2903","1336","51"
"927","ALIGN_HOLD","48227","54","296.630859375","0","0","-4000000","70000","7335","7335","0","2903","1336","2116"
"928","ALIGN_HOLD","48226","53","291.1376953125","-1","-1000","-1000000","70000","7336","7336","0","2903","1336","2026"
"929","ALIGN_HOLD","48222","49","269.1650390625","-4","-4000","-3000000","70000","7337","7337","0","2903","1336","1936"
"930","ALIGN_HOLD","48224","51","280.1513671875","2","2000","6000000","70000","7338","7338","0","2903","1336","1846"
"931","ALIGN_HOLD","48229","56","307.6171875","5","5000","3000000","70000","7339","7339","0","2903","1336","1756"
"932","ALIGN_HOLD","48226","53","291.1376953125","-3","-3000","-8000000","70000","7340","7340","0","2903","1336","1666"
"933","ALIGN_HOLD","48224","51","280.1513671875","-2","-2000","1000000","70000","7341","7341","0","2903","1336","1576"
"934","ALIGN_HOLD","48225","52","285.64453125","1","1000","3000000","70000","7342","7342","0","2903","1336","1486"
"935","ALIGN_HOLD","48224","51","280.1513671875","-1","-1000","-2000000","70000","7343","7343","0","2903","1336","1396"
"936","ALIGN_HOLD","48227","54","296.630859375","3","3000","4000000","70000","7344","7344","0","2903","1336","1306"
"937","ALIGN_HOLD","48228","55","302.1240234375","1","1000","-2000000","70000","7345","7345","0","2903","1336","1216"
"938","ALIGN_HOLD","48224","51","280.1513671875","-4","-4000","-5000000","70000","7346","7346","0","2903","1336","1126"
"939","ALIGN_HOLD","48223","50","274.658203125","-1","-1000","3000000","70000","7347","7347","0","2903","1336","1036"
"940","ALIGN_HOLD","48224","51","280.1513671875","1","1000","2000000","70000","7348","7348","0","2903","1336","946"
"941","ALIGN_HOLD","48222","49","269.1650390625","-2","-2000","-3000000","70000","7349","7349","0","2903","1336","856"
"942","ALIGN_HOLD","48227","54","296.630859375","5","5000","7000000","70000","7350","7350","0","2903","1336","766"
"943","ALIGN_HOLD","48220","47","258.1787109375","-7","-7000","-12000000","70000","7351","7351","0","2903","1336","676"
"944","ALIGN_HOLD","48223","50","274.658203125","3","3000","10000000","70000","7352","7352","0","2903","1336","586"
"945","ALIGN_HOLD","48226","53","291.1376953125","3","3000","0","70000","7353","7353","0","2903","1336","496"
"946","ALIGN_HOLD","48222","49","269.1650390625","-4","-4000","-7000000","70000","7354","7354","0","2903","1336","406"
"947","ALIGN_HOLD","48225","52","285.64453125","3","3000","7000000","70000","7355","7355","0","2903","1336","316"
"948","ALIGN_HOLD","48224","51","280.1513671875","-1","-1000","-4000000","70000","7356","7356","0","2903","1336","226"
"949","ALIGN_HOLD","48223","50","274.658203125","-1","-1000","0","70000","7357","7357","0","2903","1336","136"
"950","ALIGN_HOLD","48222","49","269.1650390625","-1","-1000","0","70000","7358","7358","0","2903","1336","46"
"951","ALIGN_HOLD","48226","53","291.1376953125","4","4000","5000000","70000","7359","7359","0","2903","1336","2111"
"952","ALIGN_HOLD","48221","48","263.671875","-5","-5000","-9000000","70000","7360","7360","0","2903","1336","2021"
"953","ALIGN_HOLD","48224","51","280.1513671875","3","3000","8000000","70000","7361","7361","0","2903","1336","1931"
"954","ALIGN_HOLD","48224","51","280.1513671875","0","0","-3000000","70000","7362","7362","0","2903","1336","1841"
"955","ALIGN_HOLD","48224","51","280.1513671875","0","0","0","70000","7363","7363","0","2903","1336","1751"
"956","ALIGN_HOLD","48223","50","274.658203125","-1","-1000","-1000000","70000","7364","7364","0","2903","1336","1661"
"957","ALIGN_HOLD","48226","53","291.1376953125","3","3000","4000000","70000","7365","7365","0","2903","1336","1571"
"958","ALIGN_HOLD","48225","52","285.64453125","-1","-1000","-4000000","70000","7366","7366","0","2903","1336","1481"
"959","ALIGN_HOLD","48224","51","280.1513671875","-1","-1000","0","70000","7367","7367","0","2903","1336","1391"
"960","ALIGN_HOLD","48225","52","285.64453125","1","1000","2000000","70000","7368","7368","0","2903","1336","1301"
"961","ALIGN_HOLD","48223","50","274.658203125","-2","-2000","-3000000","70000","7369","7369","0","2903","1336","1211"
"962","ALIGN_HOLD","48227","54","296.630859375","4","4000","6000000","70000","7370","7370","0","2903","1336","1121"
"963","ALIGN_HOLD","48224","51","280.1513671875","-3","-3000","-7000000","70000","7371","7371","0","2903","1336","1031"
"964","ALIGN_HOLD","48222","49","269.1650390625","-2","-2000","1000000","70000","7372","7372","0","2903","1336","941"
"965","ALIGN_HOLD","48223","50","274.658203125","1","1000","3000000","70000","7373","7373","0","2903","1336","851"
"966","ALIGN_HOLD","48222","49","269.1650390625","-1","-1000","-2000000","70000","7374","7374","0","2903","1336","761"
"967","ALIGN_HOLD","48228","55","302.1240234375","6","6000","7000000","70000","7375","7375","0","2903","1336","671"
"968","ALIGN_HOLD","48222","49","269.1650390625","-6","-6000","-12000000","70000","7376","7376","0","2903","1336","581"
"969","ALIGN_HOLD","48224","51","280.1513671875","2","2000","8000000","70000","7377","7377","0","2903","1336","491"
"970","ALIGN_HOLD","48225","52","285.64453125","1","1000","-1000000","70000","7378","7378","0","2903","1336","401"
"971","ALIGN_HOLD","48222","49","269.1650390625","-3","-3000","-4000000","70000","7379","7379","0","2903","1336","311"
"972","ALIGN_HOLD","48226","53","291.1376953125","4","4000","7000000","70000","7380","7380","0","2903","1336","221"
"973","ALIGN_HOLD","48228","55","302.1240234375","2","2000","-2000000","70000","7381","7381","0","2903","1336","131"
"974","ALIGN_HOLD","48226","53","291.1376953125","-2","-2000","-4000000","70000","7382","7382","0","2903","1336","41"
"975","ALIGN_HOLD","48225","52","285.64453125","-1","-1000","1000000","70000","7383","7383","0","2903","1336","2106"
"976","ALIGN_HOLD","48225","52","285.64453125","0","0","1000000","70000","7384","7384","0","2903","1336","2016"
"977","ALIGN_HOLD","48224","51","280.1513671875","-1","-1000","-1000000","70000","7385","7385","0","2903","1336","1926"
"978","ALIGN_HOLD","48226","53","291.1376953125","2","2000","3000000","70000","7386","7386","0","2903","1336","1836"
"979","ALIGN_HOLD","48224","51","280.1513671875","-2","-2000","-4000000","70000","7387","7387","0","2903","1336","1746"
"980","ALIGN_HOLD","48227","54","296.630859375","3","3000","5000000","70000","7388","7388","0","2903","1336","1656"
"981","ALIGN_HOLD","48226","53","291.1376953125","-1","-1000","-4000000","70000","7389","7389","0","2903","1336","1566"
"982","ALIGN_HOLD","48227","54","296.630859375","1","1000","2000000","70000","7390","7390","0","2903","1336","1476"
"983","ALIGN_HOLD","48227","54","296.630859375","0","0","-1000000","70000","7391","7391","0","2903","1336","1386"
"984","ALIGN_HOLD","48226","53","291.1376953125","-1","-1000","-1000000","70000","7392","7392","0","2903","1336","1296"
"985","ALIGN_HOLD","48223","50","274.658203125","-3","-3000","-2000000","70000","7393","7393","0","2903","1336","1206"
"986","ALIGN_HOLD","48225","52","285.64453125","2","2000","5000000","70000","7394","7394","0","2903","1336","1116"
"987","ALIGN_HOLD","48226","53","291.1376953125","1","1000","-1000000","70000","7395","7395","0","2903","1336","1026"
"988","ALIGN_HOLD","48227","54","296.630859375","1","1000","0","70000","7396","7396","0","2903","1336","936"
"989","ALIGN_HOLD","48223","50","274.658203125","-4","-4000","-5000000","70000","7397","7397","0","2903","1336","846"
"990","ALIGN_HOLD","48229","56","307.6171875","6","6000","10000000","70000","7398","7398","0","2903","1336","756"
"991","ALIGN_HOLD","48222","49","269.1650390625","-7","-7000","-13000000","70000","7399","7399","0","2903","1336","666"
"992","ALIGN_HOLD","48224","51","280.1513671875","2","2000","9000000","70000","7400","7400","0","2903","1336","576"
"993","ALIGN_HOLD","48229","56","307.6171875","5","5000","3000000","70000","7401","7401","0","2903","1336","486"
"994","ALIGN_HOLD","48226","53","291.1376953125","-3","-3000","-8000000","70000","7402","7402","0","2903","1336","396"
"995","ALIGN_HOLD","48227","54","296.630859375","1","1000","4000000","70000","7403","7403","0","2903","1336","306"
"996","ALIGN_HOLD","48226","53","291.1376953125","-1","-1000","-2000000","70000","7404","7404","0","2903","1336","216"
"997","ALIGN_HOLD","48228","55","302.1240234375","2","2000","3000000","70000","7405","7405","0","2903","1336","126"
"998","ALIGN_HOLD","48226","53","291.1376953125","-2","-2000","-4000000","70000","7406","7406","0","2903","1336","36"
"999","ALIGN_HOLD","48223","50","274.658203125","-3","-3000","-1000000","70000","7407","7407","0","2903","1336","2101"
"1000","ALIGN_HOLD","48225","52","285.64453125","2","2000","5000000","70000","7408","7408","0","2903","1336","2077"
