"Seq","Phase","EncoderRaw","TravelRaw","TravelMilliDeg","DeltaRaw","VelocityRawPerSecond","AccelerationRawPerSecond2","PowerPpm","ScheduledTick","SampleTick","LatenessTicks","LoopCycles","SpiLatencyCycles","PwmCounterAtCs"
"0","ALIGN_RAMP","11586","1","5.4931640625","1","1000","1000000","0","198333","198333","0","2897","1336","1231"
"1","ALIGN_RAMP","11585","0","0","-1","-1000","-2000000","140","198334","198334","0","2902","1336","486"
"2","ALIGN_RAMP","11585","0","0","0","0","1000000","280","198335","198335","0","2902","1336","396"
"3","ALIGN_RAMP","11584","-1","-5.4931640625","-1","-1000","-1000000","420","198336","198336","0","2902","1336","306"
"4","ALIGN_RAMP","11584","-1","-5.4931640625","0","0","1000000","560","198337","198337","0","2902","1336","216"
"5","ALIGN_RAMP","11584","-1","-5.4931640625","0","0","0","700","198338","198338","0","2902","1336","126"
"6","ALIGN_RAMP","11581","-4","-21.97265625","-3","-3000","-3000000","840","198339","198339","0","2902","1336","36"
"7","ALIGN_RAMP","11584","-1","-5.4931640625","3","3000","6000000","980","198340","198340","0","2902","1336","2101"
"8","ALIGN_RAMP","11580","-5","-27.4658203125","-4","-4000","-7000000","1120","198341","198341","0","2902","1336","2011"
"9","ALIGN_RAMP","11582","-3","-16.4794921875","2","2000","6000000","1260","198342","198342","0","2902","1336","1921"
"10","ALIGN_RAMP","11581","-4","-21.97265625","-1","-1000","-3000000","1400","198343","198343","0","2902","1336","1831"
"11","ALIGN_RAMP","11582","-3","-16.4794921875","1","1000","2000000","1540","198344","198344","0","2902","1336","1741"
"12","ALIGN_RAMP","11587","2","10.986328125","5","5000","4000000","1680","198345","198345","0","2902","1336","1651"
"13","ALIGN_RAMP","11584","-1","-5.4931640625","-3","-3000","-8000000","1820","198346","198346","0","2902","1336","1561"
"14","ALIGN_RAMP","11585","0","0","1","1000","4000000","1960","198347","198347","0","2902","1336","1471"
"15","ALIGN_RAMP","11583","-2","-10.986328125","-2","-2000","-3000000","2100","198348","198348","0","2902","1336","1381"
"16","ALIGN_RAMP","11584","-1","-5.4931640625","1","1000","3000000","2240","198349","198349","0","2902","1336","1291"
"17","ALIGN_RAMP","11586","1","5.4931640625","2","2000","1000000","2380","198350","198350","0","2902","1336","1201"
"18","ALIGN_RAMP","11585","0","0","-1","-1000","-3000000","2520","198351","198351","0","2902","1336","1111"
"19","ALIGN_RAMP","11584","-1","-5.4931640625","-1","-1000","0","2660","198352","198352","0","2902","1336","1021"
"20","ALIGN_RAMP","11584","-1","-5.4931640625","0","0","1000000","2800","198353","198353","0","2902","1336","931"
"21","ALIGN_RAMP","11584","-1","-5.4931640625","0","0","0","2940","198354","198354","0","2902","1336","841"
"22","ALIGN_RAMP","11582","-3","-16.4794921875","-2","-2000","-2000000","3080","198355","198355","0","2902","1336","751"
"23","ALIGN_RAMP","11584","-1","-5.4931640625","2","2000","4000000","3220","198356","198356","0","2902","1336","661"
"24","ALIGN_RAMP","11585","0","0","1","1000","-1000000","3360","198357","198357","0","2902","1336","571"
"25","ALIGN_RAMP","11586","1","5.4931640625","1","1000","0","3500","198358","198358","0","2902","1336","481"
"26","ALIGN_RAMP","11584","-1","-5.4931640625","-2","-2000","-3000000","3640","198359","198359","0","2902","1336","391"
"27","ALIGN_RAMP","11584","-1","-5.4931640625","0","0","2000000","3780","198360","198360","0","2902","1336","301"
"28","ALIGN_RAMP","11586","1","5.4931640625","2","2000","2000000","3920","198361","198361","0","2902","1336","211"
"29","ALIGN_RAMP","11584","-1","-5.4931640625","-2","-2000","-4000000","4060","198362","198362","0","2902","1336","121"
"30","ALIGN_RAMP","11586","1","5.4931640625","2","2000","4000000","4200","198363","198363","0","2902","1336","31"
"31","ALIGN_RAMP","11580","-5","-27.4658203125","-6","-6000","-8000000","4340","198364","198364","0","2902","1336","2096"
"32","ALIGN_RAMP","11587","2","10.986328125","7","7000","13000000","4480","198365","198365","0","2902","1336","2006"
"33","ALIGN_RAMP","11584","-1","-5.4931640625","-3","-3000","-10000000","4620","198366","198366","0","2902","1336","1916"
"34","ALIGN_RAMP","11585","0","0","1","1000","4000000","4760","198367","198367","0","2902","1336","1826"
"35","ALIGN_RAMP","11583","-2","-10.986328125","-2","-2000","-3000000","4900","198368","198368","0","2902","1336","1736"
"36","ALIGN_RAMP","11587","2","10.986328125","4","4000","6000000","5040","198369","198369","0","2902","1336","1646"
"37","ALIGN_RAMP","11587","2","10.986328125","0","0","-4000000","5180","198370","198370","0","2902","1336","1556"
"38","ALIGN_RAMP","11584","-1","-5.4931640625","-3","-3000","-3000000","5320","198371","198371","0","2902","1336","1466"
"39","ALIGN_RAMP","11581","-4","-21.97265625","-3","-3000","0","5460","198372","198372","0","2902","1336","1376"
"40","ALIGN_RAMP","11584","-1","-5.4931640625","3","3000","6000000","5600","198373","198373","0","2902","1336","1286"
"41","ALIGN_RAMP","11586","1","5.4931640625","2","2000","-1000000","5740","198374","198374","0","2902","1336","1196"
"42","ALIGN_RAMP","11585","0","0","-1","-1000","-3000000","5880","198375","198375","0","2902","1336","1106"
"43","ALIGN_RAMP","11583","-2","-10.986328125","-2","-2000","-1000000","6020","198376","198376","0","2902","1336","1016"
"44","ALIGN_RAMP","11584","-1","-5.4931640625","1","1000","3000000","6160","198377","198377","0","2902","1336","926"
"45","ALIGN_RAMP","11586","1","5.4931640625","2","2000","1000000","6300","198378","198378","0","2902","1336","836"
"46","ALIGN_RAMP","11582","-3","-16.4794921875","-4","-4000","-6000000","6440","198379","198379","0","2902","1336","746"
"47","ALIGN_RAMP","11584","-1","-5.4931640625","2","2000","6000000","6580","198380","198380","0","2902","1336","656"
"48","ALIGN_RAMP","11582","-3","-16.4794921875","-2","-2000","-4000000","6720","198381","198381","0","2902","1336","566"
"49","ALIGN_RAMP","11583","-2","-10.986328125","1","1000","3000000","6860","198382","198382","0","2902","1336","476"
"50","ALIGN_RAMP","11584","-1","-5.4931640625","1","1000","0","7000","198383","198383","0","2902","1336","386"
"51","ALIGN_RAMP","11585","0","0","1","1000","0","7140","198384","198384","0","2902","1336","296"
"52","ALIGN_RAMP","11583","-2","-10.986328125","-2","-2000","-3000000","7280","198385","198385","0","2902","1336","206"
"53","ALIGN_RAMP","11583","-2","-10.986328125","0","0","2000000","7420","198386","198386","0","2902","1336","116"
"54","ALIGN_RAMP","11584","-1","-5.4931640625","1","1000","1000000","7560","198387","198387","0","2902","1336","26"
"55","ALIGN_RAMP","11583","-2","-10.986328125","-1","-1000","-2000000","7700","198388","198388","0","2902","1336","2091"
"56","ALIGN_RAMP","11586","1","5.4931640625","3","3000","4000000","7840","198389","198389","0","2902","1336","2001"
"57","ALIGN_RAMP","11583","-2","-10.986328125","-3","-3000","-6000000","7980","198390","198390","0","2902","1336","1911"
"58","ALIGN_RAMP","11585","0","0","2","2000","5000000","8120","198391","198391","0","2902","1336","1821"
"59","ALIGN_RAMP","11581","-4","-21.97265625","-4","-4000","-6000000","8260","198392","198392","0","2902","1336","1731"
"60","ALIGN_RAMP","11583","-2","-10.986328125","2","2000","6000000","8400","198393","198393","0","2902","1336","1641"
"61","ALIGN_RAMP","11585","0","0","2","2000","0","8540","198394","198394","0","2902","1336","1551"
"62","ALIGN_RAMP","11584","-1","-5.4931640625","-1","-1000","-3000000","8680","198395","198395","0","2902","1336","1461"
"63","ALIGN_RAMP","11585","0","0","1","1000","2000000","8820","198396","198396","0","2902","1336","1371"
"64","ALIGN_RAMP","11583","-2","-10.986328125","-2","-2000","-3000000","8960","198397","198397","0","2902","1336","1281"
"65","ALIGN_RAMP","11582","-3","-16.4794921875","-1","-1000","1000000","9100","198398","198398","0","2902","1336","1191"
"66","ALIGN_RAMP","11587","2","10.986328125","5","5000","6000000","9240","198399","198399","0","2902","1336","1101"
"67","ALIGN_RAMP","11585","0","0","-2","-2000","-7000000","9380","198400","198400","0","2902","1336","1011"
"68","ALIGN_RAMP","11583","-2","-10.986328125","-2","-2000","0","9520","198401","198401","0","2902","1336","921"
"69","ALIGN_RAMP","11582","-3","-16.4794921875","-1","-1000","1000000","9660","198402","198402","0","2902","1336","831"
"70","ALIGN_RAMP","11585","0","0","3","3000","4000000","9800","198403","198403","0","2902","1336","741"
"71","ALIGN_RAMP","11583","-2","-10.986328125","-2","-2000","-5000000","9940","198404","198404","0","2902","1336","651"
"72","ALIGN_RAMP","11585","0","0","2","2000","4000000","10080","198405","198405","0","2902","1336","561"
"73","ALIGN_RAMP","11583","-2","-10.986328125","-2","-2000","-4000000","10220","198406","198406","0","2902","1336","471"
"74","ALIGN_RAMP","11584","-1","-5.4931640625","1","1000","3000000","10360","198407","198407","0","2902","1336","381"
"75","ALIGN_RAMP","11584","-1","-5.4931640625","0","0","-1000000","10500","198408","198408","0","2902","1336","291"
"76","ALIGN_RAMP","11584","-1","-5.4931640625","0","0","0","10640","198409","198409","0","2902","1336","201"
"77","ALIGN_RAMP","11581","-4","-21.97265625","-3","-3000","-3000000","10780","198410","198410","0","2902","1336","111"
"78","ALIGN_RAMP","11585","0","0","4","4000","7000000","10920","198411","198411","0","2902","1336","21"
"79","ALIGN_RAMP","11585","0","0","0","0","-4000000","11060","198412","198412","0","2902","1336","2086"
"80","ALIGN_RAMP","11585","0","0","0","0","0","11200","198413","198413","0","2902","1336","1996"
"81","ALIGN_RAMP","11581","-4","-21.97265625","-4","-4000","-4000000","11340","198414","198414","0","2902","1336","1906"
"82","ALIGN_RAMP","11584","-1","-5.4931640625","3","3000","7000000","11480","198415","198415","0","2902","1336","1816"
"83","ALIGN_RAMP","11587","2","10.986328125","3","3000","0","11620","198416","198416","0","2902","1336","1726"
"84","ALIGN_RAMP","11584","-1","-5.4931640625","-3","-3000","-6000000","11760","198417","198417","0","2902","1336","1636"
"85","ALIGN_RAMP","11587","2","10.986328125","3","3000","6000000","11900","198418","198418","0","2902","1336","1546"
"86","ALIGN_RAMP","11582","-3","-16.4794921875","-5","-5000","-8000000","12040","198419","198419","0","2902","1336","1456"
"87","ALIGN_RAMP","11587","2","10.986328125","5","5000","10000000","12180","198420","198420","0","2902","1336","1366"
"88","ALIGN_RAMP","11586","1","5.4931640625","-1","-1000","-6000000","12320","198421","198421","0","2902","1336","1276"
"89","ALIGN_RAMP","11583","-2","-10.986328125","-3","-3000","-2000000","12460","198422","198422","0","2902","1336","1186"
"90","ALIGN_RAMP","11585","0","0","2","2000","5000000","12600","198423","198423","0","2902","1336","1096"
"91","ALIGN_RAMP","11584","-1","-5.4931640625","-1","-1000","-3000000","12740","198424","198424","0","2902","1336","1006"
"92","ALIGN_RAMP","11584","-1","-5.4931640625","0","0","1000000","12880","198425","198425","0","2902","1336","916"
"93","ALIGN_RAMP","11585","0","0","1","1000","1000000","13020","198426","198426","0","2902","1336","826"
"94","ALIGN_RAMP","11584","-1","-5.4931640625","-1","-1000","-2000000","13160","198427","198427","0","2902","1336","736"
"95","ALIGN_RAMP","11585","0","0","1","1000","2000000","13300","198428","198428","0","2902","1336","646"
"96","ALIGN_RAMP","11585","0","0","0","0","-1000000","13440","198429","198429","0","2902","1336","556"
"97","ALIGN_RAMP","11583","-2","-10.986328125","-2","-2000","-2000000","13580","198430","198430","0","2902","1336","466"
"98","ALIGN_RAMP","11582","-3","-16.4794921875","-1","-1000","1000000","13720","198431","198431","0","2902","1336","376"
"99","ALIGN_RAMP","11587","2","10.986328125","5","5000","6000000","13860","198432","198432","0","2902","1336","286"
"100","ALIGN_RAMP","11581","-4","-21.97265625","-6","-6000","-11000000","14000","198433","198433","0","2902","1336","196"
"101","ALIGN_RAMP","11584","-1","-5.4931640625","3","3000","9000000","14140","198434","198434","0","2902","1336","106"
"102","ALIGN_RAMP","11586","1","5.4931640625","2","2000","-1000000","14280","198435","198435","0","2902","1336","16"
"103","ALIGN_RAMP","11587","2","10.986328125","1","1000","-1000000","14420","198436","198436","0","2902","1336","2081"
"104","ALIGN_RAMP","11584","-1","-5.4931640625","-3","-3000","-4000000","14560","198437","198437","0","2902","1336","1991"
"105","ALIGN_RAMP","11584","-1","-5.4931640625","0","0","3000000","14700","198438","198438","0","2902","1336","1901"
"106","ALIGN_RAMP","11586","1","5.4931640625","2","2000","2000000","14840","198439","198439","0","2902","1336","1811"
"107","ALIGN_RAMP","11587","2","10.986328125","1","1000","-1000000","14980","198440","198440","0","2902","1336","1721"
"108","ALIGN_RAMP","11583","-2","-10.986328125","-4","-4000","-5000000","15120","198441","198441","0","2902","1336","1631"
"109","ALIGN_RAMP","11584","-1","-5.4931640625","1","1000","5000000","15260","198442","198442","0","2902","1336","1541"
"110","ALIGN_RAMP","11587","2","10.986328125","3","3000","2000000","15400","198443","198443","0","2902","1336","1451"
"111","ALIGN_RAMP","11584","-1","-5.4931640625","-3","-3000","-6000000","15540","198444","198444","0","2902","1336","1361"
"112","ALIGN_RAMP","11585","0","0","1","1000","4000000","15680","198445","198445","0","2902","1336","1271"
"113","ALIGN_RAMP","11584","-1","-5.4931640625","-1","-1000","-2000000","15820","198446","198446","0","2902","1336","1181"
"114","ALIGN_RAMP","11585","0","0","1","1000","2000000","15960","198447","198447","0","2902","1336","1091"
"115","ALIGN_RAMP","11584","-1","-5.4931640625","-1","-1000","-2000000","16100","198448","198448","0","2902","1336","1001"
"116","ALIGN_RAMP","11588","3","16.4794921875","4","4000","5000000","16240","198449","198449","0","2902","1336","911"
"117","ALIGN_RAMP","11583","-2","-10.986328125","-5","-5000","-9000000","16380","198450","198450","0","2902","1336","821"
"118","ALIGN_RAMP","11584","-1","-5.4931640625","1","1000","6000000","16520","198451","198451","0","2902","1336","731"
"119","ALIGN_RAMP","11588","3","16.4794921875","4","4000","3000000","16660","198452","198452","0","2902","1336","641"
"120","ALIGN_RAMP","11582","-3","-16.4794921875","-6","-6000","-10000000","16800","198453","198453","0","2902","1336","551"
"121","ALIGN_RAMP","11581","-4","-21.97265625","-1","-1000","5000000","16940","198454","198454","0","2902","1336","461"
"122","ALIGN_RAMP","11584","-1","-5.4931640625","3","3000","4000000","17080","198455","198455","0","2902","1336","371"
"123","ALIGN_RAMP","11586","1","5.4931640625","2","2000","-1000000","17220","198456","198456","0","2902","1336","281"
"124","ALIGN_RAMP","11584","-1","-5.4931640625","-2","-2000","-4000000","17360","198457","198457","0","2902","1336","191"
"125","ALIGN_RAMP","11584","-1","-5.4931640625","0","0","2000000","17500","198458","198458","0","2902","1336","101"
"126","ALIGN_RAMP","11583","-2","-10.986328125","-1","-1000","-1000000","17640","198459","198459","0","2902","1336","11"
"127","ALIGN_RAMP","11584","-1","-5.4931640625","1","1000","2000000","17780","198460","198460","0","2902","1336","2076"
"128","ALIGN_RAMP","11581","-4","-21.97265625","-3","-3000","-4000000","17920","198461","198461","0","2902","1336","1986"
"129","ALIGN_RAMP","11585","0","0","4","4000","7000000","18060","198462","198462","0","2902","1336","1896"
"130","ALIGN_RAMP","11588","3","16.4794921875","3","3000","-1000000","18200","198463","198463","0","2902","1336","1806"
"131","ALIGN_RAMP","11584","-1","-5.4931640625","-4","-4000","-7000000","18340","198464","198464","0","2902","1336","1716"
"132","ALIGN_RAMP","11584","-1","-5.4931640625","0","0","4000000","18480","198465","198465","0","2902","1336","1626"
"133","ALIGN_RAMP","11580","-5","-27.4658203125","-4","-4000","-4000000","18620","198466","198466","0","2902","1336","1536"
"134","ALIGN_RAMP","11586","1","5.4931640625","6","6000","10000000","18760","198467","198467","0","2902","1336","1446"
"135","ALIGN_RAMP","11585","0","0","-1","-1000","-7000000","18900","198468","198468","0","2902","1336","1356"
"136","ALIGN_RAMP","11585","0","0","0","0","1000000","19040","198469","198469","0","2902","1336","1266"
"137","ALIGN_RAMP","11587","2","10.986328125","2","2000","2000000","19180","198470","198470","0","2902","1336","1176"
"138","ALIGN_RAMP","11584","-1","-5.4931640625","-3","-3000","-5000000","19320","198471","198471","0","2902","1336","1086"
"139","ALIGN_RAMP","11584","-1","-5.4931640625","0","0","3000000","19460","198472","198472","0","2902","1336","996"
"140","ALIGN_RAMP","11587","2","10.986328125","3","3000","3000000","19600","198473","198473","0","2902","1336","906"
"141","ALIGN_RAMP","11586","1","5.4931640625","-1","-1000","-4000000","19740","198474","198474","0","2902","1336","816"
"142","ALIGN_RAMP","11581","-4","-21.97265625","-5","-5000","-4000000","19880","198475","198475","0","2902","1336","726"
"143","ALIGN_RAMP","11585","0","0","4","4000","9000000","20020","198476","198476","0","2902","1336","636"
"144","ALIGN_RAMP","11583","-2","-10.986328125","-2","-2000","-6000000","20160","198477","198477","0","2902","1336","546"
"145","ALIGN_RAMP","11585","0","0","2","2000","4000000","20300","198478","198478","0","2902","1336","456"
"146","ALIGN_RAMP","11583","-2","-10.986328125","-2","-2000","-4000000","20440","198479","198479","0","2902","1336","366"
"147","ALIGN_RAMP","11584","-1","-5.4931640625","1","1000","3000000","20580","198480","198480","0","2902","1336","276"
"148","ALIGN_RAMP","11584","-1","-5.4931640625","0","0","-1000000","20720","198481","198481","0","2902","1336","186"
"149","ALIGN_RAMP","11582","-3","-16.4794921875","-2","-2000","-2000000","20860","198482","198482","0","2902","1336","96"
"150","ALIGN_RAMP","11585","0","0","3","3000","5000000","21000","198483","198483","0","2902","1336","6"
"151","ALIGN_RAMP","11583","-2","-10.986328125","-2","-2000","-5000000","21140","198484","198484","0","2902","1336","2071"
"152","ALIGN_RAMP","11585","0","0","2","2000","4000000","21280","198485","198485","0","2902","1336","1981"
"153","ALIGN_RAMP","11584","-1","-5.4931640625","-1","-1000","-3000000","21420","198486","198486","0","2902","1336","1891"
"154","ALIGN_RAMP","11583","-2","-10.986328125","-1","-1000","0","21560","198487","198487","0","2902","1336","1801"
"155","ALIGN_RAMP","11584","-1","-5.4931640625","1","1000","2000000","21700","198488","198488","0","2902","1336","1711"
"156","ALIGN_RAMP","11584","-1","-5.4931640625","0","0","-1000000","21840","198489","198489","0","2902","1336","1621"
"157","ALIGN_RAMP","11583","-2","-10.986328125","-1","-1000","-1000000","21980","198490","198490","0","2902","1336","1531"
"158","ALIGN_RAMP","11583","-2","-10.986328125","0","0","1000000","22120","198491","198491","0","2902","1336","1441"
"159","ALIGN_RAMP","11584","-1","-5.4931640625","1","1000","1000000","22260","198492","198492","0","2902","1336","1351"
"160","ALIGN_RAMP","11584","-1","-5.4931640625","0","0","-1000000","22400","198493","198493","0","2902","1336","1261"
"161","ALIGN_RAMP","11583","-2","-10.986328125","-1","-1000","-1000000","22540","198494","198494","0","2902","1336","1171"
"162","ALIGN_RAMP","11582","-3","-16.4794921875","-1","-1000","0","22680","198495","198495","0","2902","1336","1081"
"163","ALIGN_RAMP","11580","-5","-27.4658203125","-2","-2000","-1000000","22820","198496","198496","0","2902","1336","991"
"164","ALIGN_RAMP","11582","-3","-16.4794921875","2","2000","4000000","22960","198497","198497","0","2902","1336","901"
"165","ALIGN_RAMP","11582","-3","-16.4794921875","0","0","-2000000","23100","198498","198498","0","2902","1336","811"
"166","ALIGN_RAMP","11584","-1","-5.4931640625","2","2000","2000000","23240","198499","198499","0","2902","1336","721"
"167","ALIGN_RAMP","11587","2","10.986328125","3","3000","1000000","23380","198500","198500","0","2902","1336","631"
"168","ALIGN_RAMP","11584","-1","-5.4931640625","-3","-3000","-6000000","23520","198501","198501","0","2902","1336","541"
"169","ALIGN_RAMP","11583","-2","-10.986328125","-1","-1000","2000000","23660","198502","198502","0","2902","1336","451"
"170","ALIGN_RAMP","11585","0","0","2","2000","3000000","23800","198503","198503","0","2902","1336","361"
"171","ALIGN_RAMP","11584","-1","-5.4931640625","-1","-1000","-3000000","23940","198504","198504","0","2902","1336","271"
"172","ALIGN_RAMP","11583","-2","-10.986328125","-1","-1000","0","24080","198505","198505","0","2902","1336","181"
"173","ALIGN_RAMP","11585","0","0","2","2000","3000000","24220","198506","198506","0","2902","1336","91"
"174","ALIGN_RAMP","11587","2","10.986328125","2","2000","0","24360","198507","198507","0","2902","1336","1"
"175","ALIGN_RAMP","11585","0","0","-2","-2000","-4000000","24500","198508","198508","0","2902","1336","2066"
"176","ALIGN_RAMP","11584","-1","-5.4931640625","-1","-1000","1000000","24640","198509","198509","0","2902","1336","1976"
"177","ALIGN_RAMP","11584","-1","-5.4931640625","0","0","1000000","24780","198510","198510","0","2902","1336","1886"
"178","ALIGN_RAMP","11584","-1","-5.4931640625","0","0","0","24920","198511","198511","0","2902","1336","1796"
"179","ALIGN_RAMP","11585","0","0","1","1000","1000000","25060","198512","198512","0","2902","1336","1706"
"180","ALIGN_RAMP","11580","-5","-27.4658203125","-5","-5000","-6000000","25200","198513","198513","0","2902","1336","1616"
"181","ALIGN_RAMP","11587","2","10.986328125","7","7000","12000000","25340","198514","198514","0","2902","1336","1526"
"182","ALIGN_RAMP","11586","1","5.4931640625","-1","-1000","-8000000","25480","198515","198515","0","2902","1336","1436"
"183","ALIGN_RAMP","11583","-2","-10.986328125","-3","-3000","-2000000","25620","198516","198516","0","2902","1336","1346"
"184","ALIGN_RAMP","11581","-4","-21.97265625","-2","-2000","1000000","25760","198517","198517","0","2902","1336","1256"
"185","ALIGN_RAMP","11583","-2","-10.986328125","2","2000","4000000","25900","198518","198518","0","2902","1336","1166"
"186","ALIGN_RAMP","11584","-1","-5.4931640625","1","1000","-1000000","26040","198519","198519","0","2902","1336","1076"
"187","ALIGN_RAMP","11582","-3","-16.4794921875","-2","-2000","-3000000","26180","198520","198520","0","2902","1336","986"
"188","ALIGN_RAMP","11584","-1","-5.4931640625","2","2000","4000000","26320","198521","198521","0","2902","1336","896"
"189","ALIGN_RAMP","11585","0","0","1","1000","-1000000","26460","198522","198522","0","2902","1336","806"
"190","ALIGN_RAMP","11588","3","16.4794921875","3","3000","2000000","26600","198523","198523","0","2902","1336","716"
"191","ALIGN_RAMP","11581","-4","-21.97265625","-7","-7000","-10000000","26740","198524","198524","0","2902","1336","626"
"192","ALIGN_RAMP","11584","-1","-5.4931640625","3","3000","10000000","26880","198525","198525","0","2902","1336","536"
"193","ALIGN_RAMP","11583","-2","-10.986328125","-1","-1000","-4000000","27020","198526","198526","0","2902","1336","446"
"194","ALIGN_RAMP","11582","-3","-16.4794921875","-1","-1000","0","27160","198527","198527","0","2902","1336","356"
"195","ALIGN_RAMP","11583","-2","-10.986328125","1","1000","2000000","27300","198528","198528","0","2902","1336","266"
"196","ALIGN_RAMP","11584","-1","-5.4931640625","1","1000","0","27440","198529","198529","0","2902","1336","176"
"197","ALIGN_RAMP","11582","-3","-16.4794921875","-2","-2000","-3000000","27580","198530","198530","0","2902","1336","86"
"198","ALIGN_RAMP","11584","-1","-5.4931640625","2","2000","4000000","27720","198531","198531","0","2902","1336","2151"
"199","ALIGN_RAMP","11584","-1","-5.4931640625","0","0","-2000000","27860","198532","198532","0","2902","1336","2061"
"200","ALIGN_RAMP","11583","-2","-10.986328125","-1","-1000","-1000000","28000","198533","198533","0","2902","1336","2037"
"201","ALIGN_RAMP","11584","-1","-5.4931640625","1","1000","2000000","28140","198534","198534","0","2902","1336","1881"
"202","ALIGN_RAMP","11582","-3","-16.4794921875","-2","-2000","-3000000","28280","198535","198535","0","2902","1336","1791"
"203","ALIGN_RAMP","11583","-2","-10.986328125","1","1000","3000000","28420","198536","198536","0","2902","1336","1701"
"204","ALIGN_RAMP","11578","-7","-38.4521484375","-5","-5000","-6000000","28560","198537","198537","0","2902","1336","1611"
"205","ALIGN_RAMP","11583","-2","-10.986328125","5","5000","10000000","28700","198538","198538","0","2902","1336","1521"
"206","ALIGN_RAMP","11583","-2","-10.986328125","0","0","-5000000","28840","198539","198539","0","2902","1336","1431"
"207","ALIGN_RAMP","11582","-3","-16.4794921875","-1","-1000","-1000000","28980","198540","198540","0","2902","1336","1341"
"208","ALIGN_RAMP","11585","0","0","3","3000","4000000","29120","198541","198541","0","2902","1336","1251"
"209","ALIGN_RAMP","11580","-5","-27.4658203125","-5","-5000","-8000000","29260","198542","198542","0","2902","1336","1161"
"210","ALIGN_RAMP","11581","-4","-21.97265625","1","1000","6000000","29400","198543","198543","0","2902","1336","1071"
"211","ALIGN_RAMP","11586","1","5.4931640625","5","5000","4000000","29540","198544","198544","0","2902","1336","981"
"212","ALIGN_RAMP","11584","-1","-5.4931640625","-2","-2000","-7000000","29680","198545","198545","0","2902","1336","891"
"213","ALIGN_RAMP","11582","-3","-16.4794921875","-2","-2000","0","29820","198546","198546","0","2902","1336","801"
"214","ALIGN_RAMP","11584","-1","-5.4931640625","2","2000","4000000","29960","198547","198547","0","2902","1336","711"
"215","ALIGN_RAMP","11581","-4","-21.97265625","-3","-3000","-5000000","30100","198548","198548","0","2902","1336","621"
"216","ALIGN_RAMP","11583","-2","-10.986328125","2","2000","5000000","30240","198549","198549","0","2902","1336","531"
"217","ALIGN_RAMP","11583","-2","-10.986328125","0","0","-2000000","30380","198550","198550","0","2902","1336","441"
"218","ALIGN_RAMP","11584","-1","-5.4931640625","1","1000","1000000","30520","198551","198551","0","2902","1336","351"
"219","ALIGN_RAMP","11583","-2","-10.986328125","-1","-1000","-2000000","30660","198552","198552","0","2902","1336","261"
"220","ALIGN_RAMP","11582","-3","-16.4794921875","-1","-1000","0","30800","198553","198553","0","2902","1336","171"
"221","ALIGN_RAMP","11582","-3","-16.4794921875","0","0","1000000","30940","198554","198554","0","2902","1336","81"
"222","ALIGN_RAMP","11583","-2","-10.986328125","1","1000","1000000","31080","198555","198555","0","2902","1336","2146"
"223","ALIGN_RAMP","11582","-3","-16.4794921875","-1","-1000","-2000000","31220","198556","198556","0","2902","1336","2056"
"224","ALIGN_RAMP","11582","-3","-16.4794921875","0","0","1000000","31360","198557","198557","0","2902","1336","1966"
"225","ALIGN_RAMP","11584","-1","-5.4931640625","2","2000","2000000","31500","198558","198558","0","2902","1336","1876"
"226","ALIGN_RAMP","11581","-4","-21.97265625","-3","-3000","-5000000","31640","198559","198559","0","2902","1336","1786"
"227","ALIGN_RAMP","11577","-8","-43.9453125","-4","-4000","-1000000","31780","198560","198560","0","2902","1336","1696"
"228","ALIGN_RAMP","11580","-5","-27.4658203125","3","3000","7000000","31920","198561","198561","0","2902","1336","1606"
"229","ALIGN_RAMP","11583","-2","-10.986328125","3","3000","0","32060","198562","198562","0","2902","1336","1516"
"230","ALIGN_RAMP","11580","-5","-27.4658203125","-3","-3000","-6000000","32200","198563","198563","0","2902","1336","1426"
"231","ALIGN_RAMP","11583","-2","-10.986328125","3","3000","6000000","32340","198564","198564","0","2902","1336","1336"
"232","ALIGN_RAMP","11583","-2","-10.986328125","0","0","-3000000","32480","198565","198565","0","2902","1336","1246"
"233","ALIGN_RAMP","11584","-1","-5.4931640625","1","1000","1000000","32620","198566","198566","0","2902","1336","1156"
"234","ALIGN_RAMP","11583","-2","-10.986328125","-1","-1000","-2000000","32760","198567","198567","0","2902","1336","1066"
"235","ALIGN_RAMP","11580","-5","-27.4658203125","-3","-3000","-2000000","32900","198568","198568","0","2902","1336","976"
"236","ALIGN_RAMP","11583","-2","-10.986328125","3","3000","6000000","33040","198569","198569","0","2902","1336","886"
"237","ALIGN_RAMP","11581","-4","-21.97265625","-2","-2000","-5000000","33180","198570","198570","0","2902","1336","796"
"238","ALIGN_RAMP","11581","-4","-21.97265625","0","0","2000000","33320","198571","198571","0","2902","1336","706"
"239","ALIGN_RAMP","11581","-4","-21.97265625","0","0","0","33460","198572","198572","0","2902","1336","616"
"240","ALIGN_RAMP","11581","-4","-21.97265625","0","0","0","33600","198573","198573","0","2902","1336","526"
"241","ALIGN_RAMP","11584","-1","-5.4931640625","3","3000","3000000","33740","198574","198574","0","2902","1336","436"
"242","ALIGN_RAMP","11585","0","0","1","1000","-2000000","33880","198575","198575","0","2902","1336","346"
"243","ALIGN_RAMP","11582","-3","-16.4794921875","-3","-3000","-4000000","34020","198576","198576","0","2902","1336","256"
"244","ALIGN_RAMP","11582","-3","-16.4794921875","0","0","3000000","34160","198577","198577","0","2902","1336","166"
"245","ALIGN_RAMP","11579","-6","-32.958984375","-3","-3000","-3000000","34300","198578","198578","0","2902","1336","76"
"246","ALIGN_RAMP","11578","-7","-38.4521484375","-1","-1000","2000000","34440","198579","198579","0","2902","1336","2141"
"247","ALIGN_RAMP","11582","-3","-16.4794921875","4","4000","5000000","34580","198580","198580","0","2902","1336","2051"
"248","ALIGN_RAMP","11582","-3","-16.4794921875","0","0","-4000000","34720","198581","198581","0","2902","1336","1961"
"249","ALIGN_RAMP","11581","-4","-21.97265625","-1","-1000","-1000000","34860","198582","198582","0","2902","1336","1871"
"250","ALIGN_RAMP","11581","-4","-21.97265625","0","0","1000000","35000","198583","198583","0","2902","1336","1781"
"251","ALIGN_RAMP","11580","-5","-27.4658203125","-1","-1000","-1000000","35140","198584","198584","0","2902","1336","1691"
"252","ALIGN_RAMP","11576","-9","-49.4384765625","-4","-4000","-3000000","35280","198585","198585","0","2902","1336","1601"
"253","ALIGN_RAMP","11582","-3","-16.4794921875","6","6000","10000000","35420","198586","198586","0","2902","1336","1511"
"254","ALIGN_RAMP","11579","-6","-32.958984375","-3","-3000","-9000000","35560","198587","198587","0","2902","1336","1421"
"255","ALIGN_RAMP","11582","-3","-16.4794921875","3","3000","6000000","35700","198588","198588","0","2902","1336","1331"
"256","ALIGN_RAMP","11579","-6","-32.958984375","-3","-3000","-6000000","35840","198589","198589","0","2902","1336","1241"
"257","ALIGN_RAMP","11582","-3","-16.4794921875","3","3000","6000000","35980","198590","198590","0","2902","1336","1151"
"258","ALIGN_RAMP","11578","-7","-38.4521484375","-4","-4000","-7000000","36120","198591","198591","0","2902","1336","1061"
"259","ALIGN_RAMP","11579","-6","-32.958984375","1","1000","5000000","36260","198592","198592","0","2902","1336","971"
"260","ALIGN_RAMP","11579","-6","-32.958984375","0","0","-1000000","36400","198593","198593","0","2902","1336","881"
"261","ALIGN_RAMP","11579","-6","-32.958984375","0","0","0","36540","198594","198594","0","2902","1336","791"
"262","ALIGN_RAMP","11578","-7","-38.4521484375","-1","-1000","-1000000","36680","198595","198595","0","2902","1336","701"
"263","ALIGN_RAMP","11578","-7","-38.4521484375","0","0","1000000","36820","198596","198596","0","2902","1336","611"
"264","ALIGN_RAMP","11576","-9","-49.4384765625","-2","-2000","-2000000","36960","198597","198597","0","2902","1336","521"
"265","ALIGN_RAMP","11576","-9","-49.4384765625","0","0","2000000","37100","198598","198598","0","2902","1336","431"
"266","ALIGN_RAMP","11579","-6","-32.958984375","3","3000","3000000","37240","198599","198599","0","2902","1336","341"
"267","ALIGN_RAMP","11575","-10","-54.931640625","-4","-4000","-7000000","37380","198600","198600","0","2902","1336","251"
"268","ALIGN_RAMP","11578","-7","-38.4521484375","3","3000","7000000","37520","198601","198601","0","2902","1336","161"
"269","ALIGN_RAMP","11575","-10","-54.931640625","-3","-3000","-6000000","37660","198602","198602","0","2902","1336","71"
"270","ALIGN_RAMP","11576","-9","-49.4384765625","1","1000","4000000","37800","198603","198603","0","2902","1336","2136"
"271","ALIGN_RAMP","11576","-9","-49.4384765625","0","0","-1000000","37940","198604","198604","0","2902","1336","2046"
"272","ALIGN_RAMP","11576","-9","-49.4384765625","0","0","0","38080","198605","198605","0","2902","1336","1956"
"273","ALIGN_RAMP","11573","-12","-65.91796875","-3","-3000","-3000000","38220","198606","198606","0","2902","1336","1866"
"274","ALIGN_RAMP","11577","-8","-43.9453125","4","4000","7000000","38360","198607","198607","0","2902","1336","1776"
"275","ALIGN_RAMP","11576","-9","-49.4384765625","-1","-1000","-5000000","38500","198608","198608","0","2902","1336","1686"
"276","ALIGN_RAMP","11578","-7","-38.4521484375","2","2000","3000000","38640","198609","198609","0","2902","1336","1596"
"277","ALIGN_RAMP","11574","-11","-60.4248046875","-4","-4000","-6000000","38780","198610","198610","0","2902","1336","1506"
"278","ALIGN_RAMP","11574","-11","-60.4248046875","0","0","4000000","38920","198611","198611","0","2902","1336","1416"
"279","ALIGN_RAMP","11575","-10","-54.931640625","1","1000","1000000","39060","198612","198612","0","2902","1336","1326"
"280","ALIGN_RAMP","11576","-9","-49.4384765625","1","1000","0","39200","198613","198613","0","2902","1336","1236"
"281","ALIGN_RAMP","11576","-9","-49.4384765625","0","0","-1000000","39340","198614","198614","0","2902","1336","1146"
"282","ALIGN_RAMP","11573","-12","-65.91796875","-3","-3000","-3000000","39480","198615","198615","0","2902","1336","1056"
"283","ALIGN_RAMP","11575","-10","-54.931640625","2","2000","5000000","39620","198616","198616","0","2902","1336","966"
"284","ALIGN_RAMP","11574","-11","-60.4248046875","-1","-1000","-3000000","39760","198617","198617","0","2902","1336","876"
"285","ALIGN_RAMP","11573","-12","-65.91796875","-1","-1000","0","39900","198618","198618","0","2902","1336","786"
"286","ALIGN_RAMP","11576","-9","-49.4384765625","3","3000","4000000","40040","198619","198619","0","2902","1336","696"
"287","ALIGN_RAMP","11568","-17","-93.3837890625","-8","-8000","-11000000","40180","198620","198620","0","2902","1336","606"
"288","ALIGN_RAMP","11575","-10","-54.931640625","7","7000","15000000","40320","198621","198621","0","2902","1336","516"
"289","ALIGN_RAMP","11574","-11","-60.4248046875","-1","-1000","-8000000","40460","198622","198622","0","2902","1336","426"
"290","ALIGN_RAMP","11572","-13","-71.4111328125","-2","-2000","-1000000","40600","198623","198623","0","2902","1336","336"
"291","ALIGN_RAMP","11571","-14","-76.904296875","-1","-1000","1000000","40740","198624","198624","0","2902","1336","246"
"292","ALIGN_RAMP","11572","-13","-71.4111328125","1","1000","2000000","40880","198625","198625","0","2902","1336","156"
"293","ALIGN_RAMP","11575","-10","-54.931640625","3","3000","2000000","41020","198626","198626","0","2902","1336","66"
"294","ALIGN_RAMP","11572","-13","-71.4111328125","-3","-3000","-6000000","41160","198627","198627","0","2902","1336","2131"
"295","ALIGN_RAMP","11571","-14","-76.904296875","-1","-1000","2000000","41300","198628","198628","0","2902","1336","2041"
"296","ALIGN_RAMP","11570","-15","-82.3974609375","-1","-1000","0","41440","198629","198629","0","2902","1336","1951"
"297","ALIGN_RAMP","11575","-10","-54.931640625","5","5000","6000000","41580","198630","198630","0","2902","1336","1861"
"298","ALIGN_RAMP","11568","-17","-93.3837890625","-7","-7000","-12000000","41720","198631","198631","0","2902","1336","1771"
"299","ALIGN_RAMP","11571","-14","-76.904296875","3","3000","10000000","41860","198632","198632","0","2902","1336","1681"
"300","ALIGN_RAMP","11567","-18","-98.876953125","-4","-4000","-7000000","42000","198633","198633","0","2902","1336","1591"
"301","ALIGN_RAMP","11571","-14","-76.904296875","4","4000","8000000","42140","198634","198634","0","2902","1336","1501"
"302","ALIGN_RAMP","11572","-13","-71.4111328125","1","1000","-3000000","42280","198635","198635","0","2902","1336","1411"
"303","ALIGN_RAMP","11571","-14","-76.904296875","-1","-1000","-2000000","42420","198636","198636","0","2902","1336","1321"
"304","ALIGN_RAMP","11567","-18","-98.876953125","-4","-4000","-3000000","42560","198637","198637","0","2902","1336","1231"
"305","ALIGN_RAMP","11568","-17","-93.3837890625","1","1000","5000000","42700","198638","198638","0","2902","1336","1141"
"306","ALIGN_RAMP","11568","-17","-93.3837890625","0","0","-1000000","42840","198639","198639","0","2902","1336","1051"
"307","ALIGN_RAMP","11570","-15","-82.3974609375","2","2000","2000000","42980","198640","198640","0","2902","1336","961"
"308","ALIGN_RAMP","11567","-18","-98.876953125","-3","-3000","-5000000","43120","198641","198641","0","2902","1336","871"
"309","ALIGN_RAMP","11574","-11","-60.4248046875","7","7000","10000000","43260","198642","198642","0","2902","1336","781"
"310","ALIGN_RAMP","11569","-16","-87.890625","-5","-5000","-12000000","43400","198643","198643","0","2902","1336","691"
"311","ALIGN_RAMP","11567","-18","-98.876953125","-2","-2000","3000000","43540","198644","198644","0","2902","1336","601"
"312","ALIGN_RAMP","11569","-16","-87.890625","2","2000","4000000","43680","198645","198645","0","2902","1336","511"
"313","ALIGN_RAMP","11568","-17","-93.3837890625","-1","-1000","-3000000","43820","198646","198646","0","2902","1336","421"
"314","ALIGN_RAMP","11571","-14","-76.904296875","3","3000","4000000","43960","198647","198647","0","2902","1336","331"
"315","ALIGN_RAMP","11568","-17","-93.3837890625","-3","-3000","-6000000","44100","198648","198648","0","2902","1336","241"
"316","ALIGN_RAMP","11566","-19","-104.3701171875","-2","-2000","1000000","44240","198649","198649","0","2902","1336","151"
"317","ALIGN_RAMP","11567","-18","-98.876953125","1","1000","3000000","44380","198650","198650","0","2902","1336","61"
"318","ALIGN_RAMP","11565","-20","-109.86328125","-2","-2000","-3000000","44520","198651","198651","0","2902","1336","2126"
"319","ALIGN_RAMP","11566","-19","-104.3701171875","1","1000","3000000","44660","198652","198652","0","2902","1336","2036"
"320","ALIGN_RAMP","11565","-20","-109.86328125","-1","-1000","-2000000","44800","198653","198653","0","2902","1336","1946"
"321","ALIGN_RAMP","11566","-19","-104.3701171875","1","1000","2000000","44940","198654","198654","0","2902","1336","1856"
"322","ALIGN_RAMP","11563","-22","-120.849609375","-3","-3000","-4000000","45080","198655","198655","0","2902","1336","1766"
"323","ALIGN_RAMP","11568","-17","-93.3837890625","5","5000","8000000","45220","198656","198656","0","2902","1336","1676"
"324","ALIGN_RAMP","11568","-17","-93.3837890625","0","0","-5000000","45360","198657","198657","0","2902","1336","1586"
"325","ALIGN_RAMP","11562","-23","-126.3427734375","-6","-6000","-6000000","45500","198658","198658","0","2902","1336","1496"
"326","ALIGN_RAMP","11566","-19","-104.3701171875","4","4000","10000000","45640","198659","198659","0","2902","1336","1406"
"327","ALIGN_RAMP","11560","-25","-137.3291015625","-6","-6000","-10000000","45780","198660","198660","0","2902","1336","1316"
"328","ALIGN_RAMP","11563","-22","-120.849609375","3","3000","9000000","45920","198661","198661","0","2902","1336","1226"
"329","ALIGN_RAMP","11568","-17","-93.3837890625","5","5000","2000000","46060","198662","198662","0","2902","1336","1136"
"330","ALIGN_RAMP","11562","-23","-126.3427734375","-6","-6000","-11000000","46200","198663","198663","0","2902","1336","1046"
"331","ALIGN_RAMP","11565","-20","-109.86328125","3","3000","9000000","46340","198664","198664","0","2902","1336","956"
"332","ALIGN_RAMP","11561","-24","-131.8359375","-4","-4000","-7000000","46480","198665","198665","0","2902","1336","866"
"333","ALIGN_RAMP","11560","-25","-137.3291015625","-1","-1000","3000000","46620","198666","198666","0","2902","1336","776"
"334","ALIGN_RAMP","11560","-25","-137.3291015625","0","0","1000000","46760","198667","198667","0","2902","1336","686"
"335","ALIGN_RAMP","11565","-20","-109.86328125","5","5000","5000000","46900","198668","198668","0","2902","1336","596"
"336","ALIGN_RAMP","11561","-24","-131.8359375","-4","-4000","-9000000","47040","198669","198669","0","2902","1336","506"
"337","ALIGN_RAMP","11563","-22","-120.849609375","2","2000","6000000","47180","198670","198670","0","2902","1336","416"
"338","ALIGN_RAMP","11560","-25","-137.3291015625","-3","-3000","-5000000","47320","198671","198671","0","2902","1336","326"
"339","ALIGN_RAMP","11562","-23","-126.3427734375","2","2000","5000000","47460","198672","198672","0","2902","1336","236"
"340","ALIGN_RAMP","11563","-22","-120.849609375","1","1000","-1000000","47600","198673","198673","0","2902","1336","146"
"341","ALIGN_RAMP","11560","-25","-137.3291015625","-3","-3000","-4000000","47740","198674","198674","0","2902","1336","56"
"342","ALIGN_RAMP","11562","-23","-126.3427734375","2","2000","5000000","47880","198675","198675","0","2902","1336","2121"
"343","ALIGN_RAMP","11560","-25","-137.3291015625","-2","-2000","-4000000","48020","198676","198676","0","2902","1336","2031"
"344","ALIGN_RAMP","11563","-22","-120.849609375","3","3000","5000000","48160","198677","198677","0","2902","1336","1941"
"345","ALIGN_RAMP","11559","-26","-142.822265625","-4","-4000","-7000000","48300","198678","198678","0","2902","1336","1851"
"346","ALIGN_RAMP","11561","-24","-131.8359375","2","2000","6000000","48440","198679","198679","0","2902","1336","1761"
"347","ALIGN_RAMP","11562","-23","-126.3427734375","1","1000","-1000000","48580","198680","198680","0","2902","1336","1671"
"348","ALIGN_RAMP","11562","-23","-126.3427734375","0","0","-1000000","48720","198681","198681","0","2902","1336","1581"
"349","ALIGN_RAMP","11559","-26","-142.822265625","-3","-3000","-3000000","48860","198682","198682","0","2902","1336","1491"
"350","ALIGN_RAMP","11563","-22","-120.849609375","4","4000","7000000","49000","198683","198683","0","2902","1336","1401"
"351","ALIGN_RAMP","11559","-26","-142.822265625","-4","-4000","-8000000","49140","198684","198684","0","2902","1336","1311"
"352","ALIGN_RAMP","11559","-26","-142.822265625","0","0","4000000","49280","198685","198685","0","2902","1336","1221"
"353","ALIGN_RAMP","11555","-30","-164.794921875","-4","-4000","-4000000","49420","198686","198686","0","2902","1336","1131"
"354","ALIGN_RAMP","11558","-27","-148.3154296875","3","3000","7000000","49560","198687","198687","0","2902","1336","1041"
"355","ALIGN_RAMP","11556","-29","-159.3017578125","-2","-2000","-5000000","49700","198688","198688","0","2902","1336","951"
"356","ALIGN_RAMP","11557","-28","-153.80859375","1","1000","3000000","49840","198689","198689","0","2902","1336","861"
"357","ALIGN_RAMP","11557","-28","-153.80859375","0","0","-1000000","49980","198690","198690","0","2902","1336","771"
"358","ALIGN_RAMP","11556","-29","-159.3017578125","-1","-1000","-1000000","50120","198691","198691","0","2902","1336","681"
"359","ALIGN_RAMP","11557","-28","-153.80859375","1","1000","2000000","50260","198692","198692","0","2902","1336","591"
"360","ALIGN_RAMP","11554","-31","-170.2880859375","-3","-3000","-4000000","50400","198693","198693","0","2902","1336","501"
"361","ALIGN_RAMP","11556","-29","-159.3017578125","2","2000","5000000","50540","198694","198694","0","2902","1336","411"
"362","ALIGN_RAMP","11556","-29","-159.3017578125","0","0","-2000000","50680","198695","198695","0","2902","1336","321"
"363","ALIGN_RAMP","11553","-32","-175.78125","-3","-3000","-3000000","50820","198696","198696","0","2902","1336","231"
"364","ALIGN_RAMP","11554","-31","-170.2880859375","1","1000","4000000","50960","198697","198697","0","2902","1336","141"
"365","ALIGN_RAMP","11559","-26","-142.822265625","5","5000","4000000","51100","198698","198698","0","2902","1336","51"
"366","ALIGN_RAMP","11554","-31","-170.2880859375","-5","-5000","-10000000","51240","198699","198699","0","2902","1336","2116"
"367","ALIGN_RAMP","11554","-31","-170.2880859375","0","0","5000000","51380","198700","198700","0","2902","1336","2026"
"368","ALIGN_RAMP","11554","-31","-170.2880859375","0","0","0","51520","198701","198701","0","2902","1336","1936"
"369","ALIGN_RAMP","11552","-33","-181.2744140625","-2","-2000","-2000000","51660","198702","198702","0","2902","1336","1846"
"370","ALIGN_RAMP","11555","-30","-164.794921875","3","3000","5000000","51800","198703","198703","0","2902","1336","1756"
"371","ALIGN_RAMP","11558","-27","-148.3154296875","3","3000","0","51940","198704","198704","0","2902","1336","1666"
"372","ALIGN_RAMP","11557","-28","-153.80859375","-1","-1000","-4000000","52080","198705","198705","0","2902","1336","1576"
"373","ALIGN_RAMP","11555","-30","-164.794921875","-2","-2000","-1000000","52220","198706","198706","0","2902","1336","1486"
"374","ALIGN_RAMP","11555","-30","-164.794921875","0","0","2000000","52360","198707","198707","0","2902","1336","1396"
"375","ALIGN_RAMP","11552","-33","-181.2744140625","-3","-3000","-3000000","52500","198708","198708","0","2902","1336","1306"
"376","ALIGN_RAMP","11554","-31","-170.2880859375","2","2000","5000000","52640","198709","198709","0","2902","1336","1216"
"377","ALIGN_RAMP","11552","-33","-181.2744140625","-2","-2000","-4000000","52780","198710","198710","0","2902","1336","1126"
"378","ALIGN_RAMP","11550","-35","-192.2607421875","-2","-2000","0","52920","198711","198711","0","2902","1336","1036"
"379","ALIGN_RAMP","11555","-30","-164.794921875","5","5000","7000000","53060","198712","198712","0","2902","1336","946"
"380","ALIGN_RAMP","11555","-30","-164.794921875","0","0","-5000000","53200","198713","198713","0","2902","1336","856"
"381","ALIGN_RAMP","11550","-35","-192.2607421875","-5","-5000","-5000000","53340","198714","198714","0","2902","1336","766"
"382","ALIGN_RAMP","11553","-32","-175.78125","3","3000","8000000","53480","198715","198715","0","2902","1336","676"
"383","ALIGN_RAMP","11552","-33","-181.2744140625","-1","-1000","-4000000","53620","198716","198716","0","2902","1336","586"
"384","ALIGN_RAMP","11552","-33","-181.2744140625","0","0","1000000","53760","198717","198717","0","2902","1336","496"
"385","ALIGN_RAMP","11552","-33","-181.2744140625","0","0","0","53900","198718","198718","0","2902","1336","406"
"386","ALIGN_RAMP","11547","-38","-208.740234375","-5","-5000","-5000000","54040","198719","198719","0","2902","1336","316"
"387","ALIGN_RAMP","11549","-36","-197.75390625","2","2000","7000000","54180","198720","198720","0","2902","1336","226"
"388","ALIGN_RAMP","11546","-39","-214.2333984375","-3","-3000","-5000000","54320","198721","198721","0","2902","1336","136"
"389","ALIGN_RAMP","11553","-32","-175.78125","7","7000","10000000","54460","198722","198722","0","2902","1336","46"
"390","ALIGN_RAMP","11550","-35","-192.2607421875","-3","-3000","-10000000","54600","198723","198723","0","2902","1336","2111"
"391","ALIGN_RAMP","11548","-37","-203.2470703125","-2","-2000","1000000","54740","198724","198724","0","2902","1336","2021"
"392","ALIGN_RAMP","11545","-40","-219.7265625","-3","-3000","-1000000","54880","198725","198725","0","2902","1336","1931"
"393","ALIGN_RAMP","11544","-41","-225.2197265625","-1","-1000","2000000","55020","198726","198726","0","2902","1336","1841"
"394","ALIGN_RAMP","11549","-36","-197.75390625","5","5000","6000000","55160","198727","198727","0","2902","1336","1751"
"395","ALIGN_RAMP","11547","-38","-208.740234375","-2","-2000","-7000000","55300","198728","198728","0","2902","1336","1661"
"396","ALIGN_RAMP","11543","-42","-230.712890625","-4","-4000","-2000000","55440","198729","198729","0","2902","1336","1571"
"397","ALIGN_RAMP","11549","-36","-197.75390625","6","6000","10000000","55580","198730","198730","0","2902","1336","1481"
"398","ALIGN_RAMP","11547","-38","-208.740234375","-2","-2000","-8000000","55720","198731","198731","0","2902","1336","1391"
"399","ALIGN_RAMP","11548","-37","-203.2470703125","1","1000","3000000","55860","198732","198732","0","2902","1336","1301"
"400","ALIGN_RAMP","11548","-37","-203.2470703125","0","0","-1000000","56000","198733","198733","0","2902","1336","1277"
"401","ALIGN_RAMP","11545","-40","-219.7265625","-3","-3000","-3000000","56140","198734","198734","0","2902","1336","1121"
"402","ALIGN_RAMP","11547","-38","-208.740234375","2","2000","5000000","56280","198735","198735","0","2902","1336","1031"
"403","ALIGN_RAMP","11543","-42","-230.712890625","-4","-4000","-6000000","56420","198736","198736","0","2902","1336","941"
"404","ALIGN_RAMP","11545","-40","-219.7265625","2","2000","6000000","56560","198737","198737","0","2902","1336","851"
"405","ALIGN_RAMP","11543","-42","-230.712890625","-2","-2000","-4000000","56700","198738","198738","0","2902","1336","761"
"406","ALIGN_RAMP","11541","-44","-241.69921875","-2","-2000","0","56840","198739","198739","0","2902","1336","671"
"407","ALIGN_RAMP","11544","-41","-225.2197265625","3","3000","5000000","56980","198740","198740","0","2902","1336","581"
"408","ALIGN_RAMP","11542","-43","-236.2060546875","-2","-2000","-5000000","57120","198741","198741","0","2902","1336","491"
"409","ALIGN_RAMP","11543","-42","-230.712890625","1","1000","3000000","57260","198742","198742","0","2902","1336","401"
"410","ALIGN_RAMP","11540","-45","-247.1923828125","-3","-3000","-4000000","57400","198743","198743","0","2902","1336","311"
"411","ALIGN_RAMP","11544","-41","-225.2197265625","4","4000","7000000","57540","198744","198744","0","2902","1336","221"
"412","ALIGN_RAMP","11539","-46","-252.685546875","-5","-5000","-9000000","57680","198745","198745","0","2902","1336","131"
"413","ALIGN_RAMP","11543","-42","-230.712890625","4","4000","9000000","57820","198746","198746","0","2902","1336","41"
"414","ALIGN_RAMP","11536","-49","-269.1650390625","-7","-7000","-11000000","57960","198747","198747","0","2902","1336","2106"
"415","ALIGN_RAMP","11542","-43","-236.2060546875","6","6000","13000000","58100","198748","198748","0","2902","1336","2016"
"416","ALIGN_RAMP","11536","-49","-269.1650390625","-6","-6000","-12000000","58240","198749","198749","0","2902","1336","1926"
"417","ALIGN_RAMP","11538","-47","-258.1787109375","2","2000","8000000","58380","198750","198750","0","2902","1336","1836"
"418","ALIGN_RAMP","11537","-48","-263.671875","-1","-1000","-3000000","58520","198751","198751","0","2902","1336","1746"
"419","ALIGN_RAMP","11536","-49","-269.1650390625","-1","-1000","0","58660","198752","198752","0","2902","1336","1656"
"420","ALIGN_RAMP","11538","-47","-258.1787109375","2","2000","3000000","58800","198753","198753","0","2902","1336","1566"
"421","ALIGN_RAMP","11536","-49","-269.1650390625","-2","-2000","-4000000","58940","198754","198754","0","2902","1336","1476"
"422","ALIGN_RAMP","11538","-47","-258.1787109375","2","2000","4000000","59080","198755","198755","0","2902","1336","1386"
"423","ALIGN_RAMP","11540","-45","-247.1923828125","2","2000","0","59220","198756","198756","0","2902","1336","1296"
"424","ALIGN_RAMP","11535","-50","-274.658203125","-5","-5000","-7000000","59360","198757","198757","0","2902","1336","1206"
"425","ALIGN_RAMP","11536","-49","-269.1650390625","1","1000","6000000","59500","198758","198758","0","2902","1336","1116"
"426","ALIGN_RAMP","11539","-46","-252.685546875","3","3000","2000000","59640","198759","198759","0","2902","1336","1026"
"427","ALIGN_RAMP","11536","-49","-269.1650390625","-3","-3000","-6000000","59780","198760","198760","0","2902","1336","936"
"428","ALIGN_RAMP","11536","-49","-269.1650390625","0","0","3000000","59920","198761","198761","0","2902","1336","846"
"429","ALIGN_RAMP","11534","-51","-280.1513671875","-2","-2000","-2000000","60060","198762","198762","0","2902","1336","756"
"430","ALIGN_RAMP","11535","-50","-274.658203125","1","1000","3000000","60200","198763","198763","0","2902","1336","666"
"431","ALIGN_RAMP","11531","-54","-296.630859375","-4","-4000","-5000000","60340","198764","198764","0","2902","1336","576"
"432","ALIGN_RAMP","11534","-51","-280.1513671875","3","3000","7000000","60480","198765","198765","0","2902","1336","486"
"433","ALIGN_RAMP","11536","-49","-269.1650390625","2","2000","-1000000","60620","198766","198766","0","2902","1336","396"
"434","ALIGN_RAMP","11532","-53","-291.1376953125","-4","-4000","-6000000","60760","198767","198767","0","2902","1336","306"
"435","ALIGN_RAMP","11533","-52","-285.64453125","1","1000","5000000","60900","198768","198768","0","2902","1336","216"
"436","ALIGN_RAMP","11534","-51","-280.1513671875","1","1000","0","61040","198769","198769","0","2902","1336","126"
"437","ALIGN_RAMP","11532","-53","-291.1376953125","-2","-2000","-3000000","61180","198770","198770","0","2902","1336","36"
"438","ALIGN_RAMP","11533","-52","-285.64453125","1","1000","3000000","61320","198771","198771","0","2902","1336","2101"
"439","ALIGN_RAMP","11531","-54","-296.630859375","-2","-2000","-3000000","61460","198772","198772","0","2902","1336","2011"
"440","ALIGN_RAMP","11533","-52","-285.64453125","2","2000","4000000","61600","198773","198773","0","2902","1336","1921"
"441","ALIGN_RAMP","11532","-53","-291.1376953125","-1","-1000","-3000000","61740","198774","198774","0","2902","1336","1831"
"442","ALIGN_RAMP","11526","-59","-324.0966796875","-6","-6000","-5000000","61880","198775","198775","0","2902","1336","1741"
"443","ALIGN_RAMP","11531","-54","-296.630859375","5","5000","11000000","62020","198776","198776","0","2902","1336","1651"
"444","ALIGN_RAMP","11526","-59","-324.0966796875","-5","-5000","-10000000","62160","198777","198777","0","2902","1336","1561"
"445","ALIGN_RAMP","11528","-57","-313.1103515625","2","2000","7000000","62300","198778","198778","0","2902","1336","1471"
"446","ALIGN_RAMP","11526","-59","-324.0966796875","-2","-2000","-4000000","62440","198779","198779","0","2902","1336","1381"
"447","ALIGN_RAMP","11529","-56","-307.6171875","3","3000","5000000","62580","198780","198780","0","2902","1336","1291"
"448","ALIGN_RAMP","11527","-58","-318.603515625","-2","-2000","-5000000","62720","198781","198781","0","2902","1336","1201"
"449","ALIGN_RAMP","11526","-59","-324.0966796875","-1","-1000","1000000","62860","198782","198782","0","2902","1336","1111"
"450","ALIGN_RAMP","11526","-59","-324.0966796875","0","0","1000000","63000","198783","198783","0","2902","1336","1021"
"451","ALIGN_RAMP","11524","-61","-335.0830078125","-2","-2000","-2000000","63140","198784","198784","0","2902","1336","931"
"452","ALIGN_RAMP","11527","-58","-318.603515625","3","3000","5000000","63280","198785","198785","0","2902","1336","841"
"453","ALIGN_RAMP","11526","-59","-324.0966796875","-1","-1000","-4000000","63420","198786","198786","0","2902","1336","751"
"454","ALIGN_RAMP","11526","-59","-324.0966796875","0","0","1000000","63560","198787","198787","0","2902","1336","661"
"455","ALIGN_RAMP","11525","-60","-329.58984375","-1","-1000","-1000000","63700","198788","198788","0","2902","1336","571"
"456","ALIGN_RAMP","11524","-61","-335.0830078125","-1","-1000","0","63840","198789","198789","0","2902","1336","481"
"457","ALIGN_RAMP","11523","-62","-340.576171875","-1","-1000","0","63980","198790","198790","0","2902","1336","391"
"458","ALIGN_RAMP","11524","-61","-335.0830078125","1","1000","2000000","64120","198791","198791","0","2902","1336","301"
"459","ALIGN_RAMP","11522","-63","-346.0693359375","-2","-2000","-3000000","64260","198792","198792","0","2902","1336","211"
"460","ALIGN_RAMP","11526","-59","-324.0966796875","4","4000","6000000","64400","198793","198793","0","2902","1336","121"
"461","ALIGN_RAMP","11519","-66","-362.548828125","-7","-7000","-11000000","64540","198794","198794","0","2902","1336","31"
"462","ALIGN_RAMP","11523","-62","-340.576171875","4","4000","11000000","64680","198795","198795","0","2902","1336","2096"
"463","ALIGN_RAMP","11522","-63","-346.0693359375","-1","-1000","-5000000","64820","198796","198796","0","2902","1336","2006"
"464","ALIGN_RAMP","11524","-61","-335.0830078125","2","2000","3000000","64960","198797","198797","0","2902","1336","1916"
"465","ALIGN_RAMP","11521","-64","-351.5625","-3","-3000","-5000000","65100","198798","198798","0","2902","1336","1826"
"466","ALIGN_RAMP","11520","-65","-357.0556640625","-1","-1000","2000000","65240","198799","198799","0","2902","1336","1736"
"467","ALIGN_RAMP","11517","-68","-373.53515625","-3","-3000","-2000000","65380","198800","198800","0","2902","1336","1646"
"468","ALIGN_RAMP","11519","-66","-362.548828125","2","2000","5000000","65520","198801","198801","0","2902","1336","1556"
"469","ALIGN_RAMP","11518","-67","-368.0419921875","-1","-1000","-3000000","65660","198802","198802","0","2902","1336","1466"
"470","ALIGN_RAMP","11519","-66","-362.548828125","1","1000","2000000","65800","198803","198803","0","2902","1336","1376"
"471","ALIGN_RAMP","11514","-71","-390.0146484375","-5","-5000","-6000000","65940","198804","198804","0","2902","1336","1286"
"472","ALIGN_RAMP","11517","-68","-373.53515625","3","3000","8000000","66080","198805","198805","0","2902","1336","1196"
"473","ALIGN_RAMP","11513","-72","-395.5078125","-4","-4000","-7000000","66220","198806","198806","0","2902","1336","1106"
"474","ALIGN_RAMP","11514","-71","-390.0146484375","1","1000","5000000","66360","198807","198807","0","2902","1336","1016"
"475","ALIGN_RAMP","11516","-69","-379.0283203125","2","2000","1000000","66500","198808","198808","0","2902","1336","926"
"476","ALIGN_RAMP","11516","-69","-379.0283203125","0","0","-2000000","66640","198809","198809","0","2902","1336","836"
"477","ALIGN_RAMP","11510","-75","-411.9873046875","-6","-6000","-6000000","66780","198810","198810","0","2902","1336","746"
"478","ALIGN_RAMP","11520","-65","-357.0556640625","10","10000","16000000","66920","198811","198811","0","2902","1336","656"
"479","ALIGN_RAMP","11516","-69","-379.0283203125","-4","-4000","-14000000","67060","198812","198812","0","2902","1336","566"
"480","ALIGN_RAMP","11515","-70","-384.521484375","-1","-1000","3000000","67200","198813","198813","0","2902","1336","476"
"481","ALIGN_RAMP","11513","-72","-395.5078125","-2","-2000","-1000000","67340","198814","198814","0","2902","1336","386"
"482","ALIGN_RAMP","11513","-72","-395.5078125","0","0","2000000","67480","198815","198815","0","2902","1336","296"
"483","ALIGN_RAMP","11510","-75","-411.9873046875","-3","-3000","-3000000","67620","198816","198816","0","2902","1336","206"
"484","ALIGN_RAMP","11508","-77","-422.9736328125","-2","-2000","1000000","67760","198817","198817","0","2902","1336","116"
"485","ALIGN_RAMP","11515","-70","-384.521484375","7","7000","9000000","67900","198818","198818","0","2902","1336","26"
"486","ALIGN_RAMP","11511","-74","-406.494140625","-4","-4000","-11000000","68040","198819","198819","0","2902","1336","2091"
"487","ALIGN_RAMP","11511","-74","-406.494140625","0","0","4000000","68180","198820","198820","0","2902","1336","2001"
"488","ALIGN_RAMP","11509","-76","-417.48046875","-2","-2000","-2000000","68320","198821","198821","0","2902","1336","1911"
"489","ALIGN_RAMP","11504","-81","-444.9462890625","-5","-5000","-3000000","68460","198822","198822","0","2902","1336","1821"
"490","ALIGN_RAMP","11505","-80","-439.453125","1","1000","6000000","68600","198823","198823","0","2902","1336","1731"
"491","ALIGN_RAMP","11504","-81","-444.9462890625","-1","-1000","-2000000","68740","198824","198824","0","2902","1336","1641"
"492","ALIGN_RAMP","11509","-76","-417.48046875","5","5000","6000000","68880","198825","198825","0","2902","1336","1551"
"493","ALIGN_RAMP","11506","-79","-433.9599609375","-3","-3000","-8000000","69020","198826","198826","0","2902","1336","1461"
"494","ALIGN_RAMP","11503","-82","-450.439453125","-3","-3000","0","69160","198827","198827","0","2902","1336","1371"
"495","ALIGN_RAMP","11507","-78","-428.466796875","4","4000","7000000","69300","198828","198828","0","2902","1336","1281"
"496","ALIGN_RAMP","11504","-81","-444.9462890625","-3","-3000","-7000000","69440","198829","198829","0","2902","1336","1191"
"497","ALIGN_RAMP","11503","-82","-450.439453125","-1","-1000","2000000","69580","198830","198830","0","2902","1336","1101"
"498","ALIGN_RAMP","11505","-80","-439.453125","2","2000","3000000","69720","198831","198831","0","2902","1336","1011"
"499","ALIGN_RAMP","11503","-82","-450.439453125","-2","-2000","-4000000","69860","198832","198832","0","2902","1336","921"
"500","ALIGN_RAMP","11504","-81","-444.9462890625","1","1000","3000000","70000","198833","198833","0","2903","1336","831"
"501","ALIGN_HOLD","11502","-83","-455.9326171875","-2","-2000","-3000000","70000","198834","198834","0","2903","1336","741"
"502","ALIGN_HOLD","11503","-82","-450.439453125","1","1000","3000000","70000","198835","198835","0","2903","1336","651"
"503","ALIGN_HOLD","11503","-82","-450.439453125","0","0","-1000000","70000","198836","198836","0","2903","1336","561"
"504","ALIGN_HOLD","11505","-80","-439.453125","2","2000","2000000","70000","198837","198837","0","2903","1336","471"
"505","ALIGN_HOLD","11501","-84","-461.42578125","-4","-4000","-6000000","70000","198838","198838","0","2903","1336","381"
"506","ALIGN_HOLD","11503","-82","-450.439453125","2","2000","6000000","70000","198839","198839","0","2903","1336","291"
"507","ALIGN_HOLD","11499","-86","-472.412109375","-4","-4000","-6000000","70000","198840","198840","0","2903","1336","201"
"508","ALIGN_HOLD","11506","-79","-433.9599609375","7","7000","11000000","70000","198841","198841","0","2903","1336","111"
"509","ALIGN_HOLD","11502","-83","-455.9326171875","-4","-4000","-11000000","70000","198842","198842","0","2903","1336","21"
"510","ALIGN_HOLD","11505","-80","-439.453125","3","3000","7000000","70000","198843","198843","0","2903","1336","2086"
"511","ALIGN_HOLD","11503","-82","-450.439453125","-2","-2000","-5000000","70000","198844","198844","0","2903","1336","1996"
"512","ALIGN_HOLD","11504","-81","-444.9462890625","1","1000","3000000","70000","198845","198845","0","2903","1336","1906"
"513","ALIGN_HOLD","11498","-87","-477.9052734375","-6","-6000","-7000000","70000","198846","198846","0","2903","1336","1816"
"514","ALIGN_HOLD","11502","-83","-455.9326171875","4","4000","10000000","70000","198847","198847","0","2903","1336","1726"
"515","ALIGN_HOLD","11501","-84","-461.42578125","-1","-1000","-5000000","70000","198848","198848","0","2903","1336","1636"
"516","ALIGN_HOLD","11501","-84","-461.42578125","0","0","1000000","70000","198849","198849","0","2903","1336","1546"
"517","ALIGN_HOLD","11503","-82","-450.439453125","2","2000","2000000","70000","198850","198850","0","2903","1336","1456"
"518","ALIGN_HOLD","11499","-86","-472.412109375","-4","-4000","-6000000","70000","198851","198851","0","2903","1336","1366"
"519","ALIGN_HOLD","11502","-83","-455.9326171875","3","3000","7000000","70000","198852","198852","0","2903","1336","1276"
"520","ALIGN_HOLD","11500","-85","-466.9189453125","-2","-2000","-5000000","70000","198853","198853","0","2903","1336","1186"
"521","ALIGN_HOLD","11501","-84","-461.42578125","1","1000","3000000","70000","198854","198854","0","2903","1336","1096"
"522","ALIGN_HOLD","11504","-81","-444.9462890625","3","3000","2000000","70000","198855","198855","0","2903","1336","1006"
"523","ALIGN_HOLD","11501","-84","-461.42578125","-3","-3000","-6000000","70000","198856","198856","0","2903","1336","916"
"524","ALIGN_HOLD","11500","-85","-466.9189453125","-1","-1000","2000000","70000","198857","198857","0","2903","1336","826"
"525","ALIGN_HOLD","11502","-83","-455.9326171875","2","2000","3000000","70000","198858","198858","0","2903","1336","736"
"526","ALIGN_HOLD","11501","-84","-461.42578125","-1","-1000","-3000000","70000","198859","198859","0","2903","1336","646"
"527","ALIGN_HOLD","11501","-84","-461.42578125","0","0","1000000","70000","198860","198860","0","2903","1336","556"
"528","ALIGN_HOLD","11496","-89","-488.8916015625","-5","-5000","-5000000","70000","198861","198861","0","2903","1336","466"
"529","ALIGN_HOLD","11499","-86","-472.412109375","3","3000","8000000","70000","198862","198862","0","2903","1336","376"
"530","ALIGN_HOLD","11501","-84","-461.42578125","2","2000","-1000000","70000","198863","198863","0","2903","1336","286"
"531","ALIGN_HOLD","11499","-86","-472.412109375","-2","-2000","-4000000","70000","198864","198864","0","2903","1336","196"
"532","ALIGN_HOLD","11504","-81","-444.9462890625","5","5000","7000000","70000","198865","198865","0","2903","1336","106"
"533","ALIGN_HOLD","11503","-82","-450.439453125","-1","-1000","-6000000","70000","198866","198866","0","2903","1336","16"
"534","ALIGN_HOLD","11500","-85","-466.9189453125","-3","-3000","-2000000","70000","198867","198867","0","2903","1336","2081"
"535","ALIGN_HOLD","11500","-85","-466.9189453125","0","0","3000000","70000","198868","198868","0","2903","1336","1991"
"536","ALIGN_HOLD","11502","-83","-455.9326171875","2","2000","2000000","70000","198869","198869","0","2903","1336","1901"
"537","ALIGN_HOLD","11501","-84","-461.42578125","-1","-1000","-3000000","70000","198870","198870","0","2903","1336","1811"
"538","ALIGN_HOLD","11501","-84","-461.42578125","0","0","1000000","70000","198871","198871","0","2903","1336","1721"
"539","ALIGN_HOLD","11502","-83","-455.9326171875","1","1000","1000000","70000","198872","198872","0","2903","1336","1631"
"540","ALIGN_HOLD","11502","-83","-455.9326171875","0","0","-1000000","70000","198873","198873","0","2903","1336","1541"
"541","ALIGN_HOLD","11503","-82","-450.439453125","1","1000","1000000","70000","198874","198874","0","2903","1336","1451"
"542","ALIGN_HOLD","11504","-81","-444.9462890625","1","1000","0","70000","198875","198875","0","2903","1336","1361"
"543","ALIGN_HOLD","11503","-82","-450.439453125","-1","-1000","-2000000","70000","198876","198876","0","2903","1336","1271"
"544","ALIGN_HOLD","11502","-83","-455.9326171875","-1","-1000","0","70000","198877","198877","0","2903","1336","1181"
"545","ALIGN_HOLD","11502","-83","-455.9326171875","0","0","1000000","70000","198878","198878","0","2903","1336","1091"
"546","ALIGN_HOLD","11501","-84","-461.42578125","-1","-1000","-1000000","70000","198879","198879","0","2903","1336","1001"
"547","ALIGN_HOLD","11499","-86","-472.412109375","-2","-2000","-1000000","70000","198880","198880","0","2903","1336","911"
"548","ALIGN_HOLD","11500","-85","-466.9189453125","1","1000","3000000","70000","198881","198881","0","2903","1336","821"
"549","ALIGN_HOLD","11501","-84","-461.42578125","1","1000","0","70000","198882","198882","0","2903","1336","731"
"550","ALIGN_HOLD","11499","-86","-472.412109375","-2","-2000","-3000000","70000","198883","198883","0","2903","1336","641"
"551","ALIGN_HOLD","11500","-85","-466.9189453125","1","1000","3000000","70000","198884","198884","0","2903","1336","551"
"552","ALIGN_HOLD","11498","-87","-477.9052734375","-2","-2000","-3000000","70000","198885","198885","0","2903","1336","461"
"553","ALIGN_HOLD","11497","-88","-483.3984375","-1","-1000","1000000","70000","198886","198886","0","2903","1336","371"
"554","ALIGN_HOLD","11503","-82","-450.439453125","6","6000","7000000","70000","198887","198887","0","2903","1336","281"
"555","ALIGN_HOLD","11501","-84","-461.42578125","-2","-2000","-8000000","70000","198888","198888","0","2903","1336","191"
"556","ALIGN_HOLD","11502","-83","-455.9326171875","1","1000","3000000","70000","198889","198889","0","2903","1336","101"
"557","ALIGN_HOLD","11501","-84","-461.42578125","-1","-1000","-2000000","70000","198890","198890","0","2903","1336","11"
"558","ALIGN_HOLD","11498","-87","-477.9052734375","-3","-3000","-2000000","70000","198891","198891","0","2903","1336","2076"
"559","ALIGN_HOLD","11501","-84","-461.42578125","3","3000","6000000","70000","198892","198892","0","2903","1336","1986"
"560","ALIGN_HOLD","11499","-86","-472.412109375","-2","-2000","-5000000","70000","198893","198893","0","2903","1336","1896"
"561","ALIGN_HOLD","11500","-85","-466.9189453125","1","1000","3000000","70000","198894","198894","0","2903","1336","1806"
"562","ALIGN_HOLD","11499","-86","-472.412109375","-1","-1000","-2000000","70000","198895","198895","0","2903","1336","1716"
"563","ALIGN_HOLD","11500","-85","-466.9189453125","1","1000","2000000","70000","198896","198896","0","2903","1336","1626"
"564","ALIGN_HOLD","11500","-85","-466.9189453125","0","0","-1000000","70000","198897","198897","0","2903","1336","1536"
"565","ALIGN_HOLD","11501","-84","-461.42578125","1","1000","1000000","70000","198898","198898","0","2903","1336","1446"
"566","ALIGN_HOLD","11503","-82","-450.439453125","2","2000","1000000","70000","198899","198899","0","2903","1336","1356"
"567","ALIGN_HOLD","11500","-85","-466.9189453125","-3","-3000","-5000000","70000","198900","198900","0","2903","1336","1266"
"568","ALIGN_HOLD","11498","-87","-477.9052734375","-2","-2000","1000000","70000","198901","198901","0","2903","1336","1176"
"569","ALIGN_HOLD","11501","-84","-461.42578125","3","3000","5000000","70000","198902","198902","0","2903","1336","1086"
"570","ALIGN_HOLD","11501","-84","-461.42578125","0","0","-3000000","70000","198903","198903","0","2903","1336","996"
"571","ALIGN_HOLD","11501","-84","-461.42578125","0","0","0","70000","198904","198904","0","2903","1336","906"
"572","ALIGN_HOLD","11499","-86","-472.412109375","-2","-2000","-2000000","70000","198905","198905","0","2903","1336","816"
"573","ALIGN_HOLD","11502","-83","-455.9326171875","3","3000","5000000","70000","198906","198906","0","2903","1336","726"
"574","ALIGN_HOLD","11498","-87","-477.9052734375","-4","-4000","-7000000","70000","198907","198907","0","2903","1336","636"
"575","ALIGN_HOLD","11503","-82","-450.439453125","5","5000","9000000","70000","198908","198908","0","2903","1336","546"
"576","ALIGN_HOLD","11501","-84","-461.42578125","-2","-2000","-7000000","70000","198909","198909","0","2903","1336","456"
"577","ALIGN_HOLD","11501","-84","-461.42578125","0","0","2000000","70000","198910","198910","0","2903","1336","366"
"578","ALIGN_HOLD","11497","-88","-483.3984375","-4","-4000","-4000000","70000","198911","198911","0","2903","1336","276"
"579","ALIGN_HOLD","11500","-85","-466.9189453125","3","3000","7000000","70000","198912","198912","0","2903","1336","186"
"580","ALIGN_HOLD","11499","-86","-472.412109375","-1","-1000","-4000000","70000","198913","198913","0","2903","1336","96"
"581","ALIGN_HOLD","11502","-83","-455.9326171875","3","3000","4000000","70000","198914","198914","0","2903","1336","6"
"582","ALIGN_HOLD","11495","-90","-494.384765625","-7","-7000","-10000000","70000","198915","198915","0","2903","1336","2071"
"583","ALIGN_HOLD","11496","-89","-488.8916015625","1","1000","8000000","70000","198916","198916","0","2903","1336","1981"
"584","ALIGN_HOLD","11497","-88","-483.3984375","1","1000","0","70000","198917","198917","0","2903","1336","1891"
"585","ALIGN_HOLD","11499","-86","-472.412109375","2","2000","1000000","70000","198918","198918","0","2903","1336","1801"
"586","ALIGN_HOLD","11503","-82","-450.439453125","4","4000","2000000","70000","198919","198919","0","2903","1336","1711"
"587","ALIGN_HOLD","11496","-89","-488.8916015625","-7","-7000","-11000000","70000","198920","198920","0","2903","1336","1621"
"588","ALIGN_HOLD","11498","-87","-477.9052734375","2","2000","9000000","70000","198921","198921","0","2903","1336","1531"
"589","ALIGN_HOLD","11498","-87","-477.9052734375","0","0","-2000000","70000","198922","198922","0","2903","1336","1441"
"590","ALIGN_HOLD","11501","-84","-461.42578125","3","3000","3000000","70000","198923","198923","0","2903","1336","1351"
"591","ALIGN_HOLD","11498","-87","-477.9052734375","-3","-3000","-6000000","70000","198924","198924","0","2903","1336","1261"
"592","ALIGN_HOLD","11499","-86","-472.412109375","1","1000","4000000","70000","198925","198925","0","2903","1336","1171"
"593","ALIGN_HOLD","11500","-85","-466.9189453125","1","1000","0","70000","198926","198926","0","2903","1336","1081"
"594","ALIGN_HOLD","11498","-87","-477.9052734375","-2","-2000","-3000000","70000","198927","198927","0","2903","1336","991"
"595","ALIGN_HOLD","11499","-86","-472.412109375","1","1000","3000000","70000","198928","198928","0","2903","1336","901"
"596","ALIGN_HOLD","11499","-86","-472.412109375","0","0","-1000000","70000","198929","198929","0","2903","1336","811"
"597","ALIGN_HOLD","11501","-84","-461.42578125","2","2000","2000000","70000","198930","198930","0","2903","1336","721"
"598","ALIGN_HOLD","11499","-86","-472.412109375","-2","-2000","-4000000","70000","198931","198931","0","2903","1336","631"
"599","ALIGN_HOLD","11501","-84","-461.42578125","2","2000","4000000","70000","198932","198932","0","2903","1336","541"
"600","ALIGN_HOLD","11498","-87","-477.9052734375","-3","-3000","-5000000","70000","198933","198933","0","2903","1336","517"
"601","ALIGN_HOLD","11500","-85","-466.9189453125","2","2000","5000000","70000","198934","198934","0","2903","1336","361"
"602","ALIGN_HOLD","11498","-87","-477.9052734375","-2","-2000","-4000000","70000","198935","198935","0","2903","1336","271"
"603","ALIGN_HOLD","11503","-82","-450.439453125","5","5000","7000000","70000","198936","198936","0","2903","1336","181"
"604","ALIGN_HOLD","11498","-87","-477.9052734375","-5","-5000","-10000000","70000","198937","198937","0","2903","1336","91"
"605","ALIGN_HOLD","11500","-85","-466.9189453125","2","2000","7000000","70000","198938","198938","0","2903","1336","1"
"606","ALIGN_HOLD","11498","-87","-477.9052734375","-2","-2000","-4000000","70000","198939","198939","0","2903","1336","2066"
"607","ALIGN_HOLD","11499","-86","-472.412109375","1","1000","3000000","70000","198940","198940","0","2903","1336","1976"
"608","ALIGN_HOLD","11501","-84","-461.42578125","2","2000","1000000","70000","198941","198941","0","2903","1336","1886"
"609","ALIGN_HOLD","11498","-87","-477.9052734375","-3","-3000","-5000000","70000","198942","198942","0","2903","1336","1796"
"610","ALIGN_HOLD","11503","-82","-450.439453125","5","5000","8000000","70000","198943","198943","0","2903","1336","1706"
"611","ALIGN_HOLD","11498","-87","-477.9052734375","-5","-5000","-10000000","70000","198944","198944","0","2903","1336","1616"
"612","ALIGN_HOLD","11497","-88","-483.3984375","-1","-1000","4000000","70000","198945","198945","0","2903","1336","1526"
"613","ALIGN_HOLD","11499","-86","-472.412109375","2","2000","3000000","70000","198946","198946","0","2903","1336","1436"
"614","ALIGN_HOLD","11500","-85","-466.9189453125","1","1000","-1000000","70000","198947","198947","0","2903","1336","1346"
"615","ALIGN_HOLD","11503","-82","-450.439453125","3","3000","2000000","70000","198948","198948","0","2903","1336","1256"
"616","ALIGN_HOLD","11500","-85","-466.9189453125","-3","-3000","-6000000","70000","198949","198949","0","2903","1336","1166"
"617","ALIGN_HOLD","11503","-82","-450.439453125","3","3000","6000000","70000","198950","198950","0","2903","1336","1076"
"618","ALIGN_HOLD","11501","-84","-461.42578125","-2","-2000","-5000000","70000","198951","198951","0","2903","1336","986"
"619","ALIGN_HOLD","11501","-84","-461.42578125","0","0","2000000","70000","198952","198952","0","2903","1336","896"
"620","ALIGN_HOLD","11498","-87","-477.9052734375","-3","-3000","-3000000","70000","198953","198953","0","2903","1336","806"
"621","ALIGN_HOLD","11498","-87","-477.9052734375","0","0","3000000","70000","198954","198954","0","2903","1336","716"
"622","ALIGN_HOLD","11496","-89","-488.8916015625","-2","-2000","-2000000","70000","198955","198955","0","2903","1336","626"
"623","ALIGN_HOLD","11497","-88","-483.3984375","1","1000","3000000","70000","198956","198956","0","2903","1336","536"
"624","ALIGN_HOLD","11500","-85","-466.9189453125","3","3000","2000000","70000","198957","198957","0","2903","1336","446"
"625","ALIGN_HOLD","11502","-83","-455.9326171875","2","2000","-1000000","70000","198958","198958","0","2903","1336","356"
"626","ALIGN_HOLD","11499","-86","-472.412109375","-3","-3000","-5000000","70000","198959","198959","0","2903","1336","266"
"627","ALIGN_HOLD","11500","-85","-466.9189453125","1","1000","4000000","70000","198960","198960","0","2903","1336","176"
"628","ALIGN_HOLD","11499","-86","-472.412109375","-1","-1000","-2000000","70000","198961","198961","0","2903","1336","86"
"629","ALIGN_HOLD","11498","-87","-477.9052734375","-1","-1000","0","70000","198962","198962","0","2903","1336","2151"
"630","ALIGN_HOLD","11496","-89","-488.8916015625","-2","-2000","-1000000","70000","198963","198963","0","2903","1336","2061"
"631","ALIGN_HOLD","11497","-88","-483.3984375","1","1000","3000000","70000","198964","198964","0","2903","1336","1971"
"632","ALIGN_HOLD","11498","-87","-477.9052734375","1","1000","0","70000","198965","198965","0","2903","1336","1881"
"633","ALIGN_HOLD","11498","-87","-477.9052734375","0","0","-1000000","70000","198966","198966","0","2903","1336","1791"
"634","ALIGN_HOLD","11501","-84","-461.42578125","3","3000","3000000","70000","198967","198967","0","2903","1336","1701"
"635","ALIGN_HOLD","11501","-84","-461.42578125","0","0","-3000000","70000","198968","198968","0","2903","1336","1611"
"636","ALIGN_HOLD","11499","-86","-472.412109375","-2","-2000","-2000000","70000","198969","198969","0","2903","1336","1521"
"637","ALIGN_HOLD","11500","-85","-466.9189453125","1","1000","3000000","70000","198970","198970","0","2903","1336","1431"
"638","ALIGN_HOLD","11500","-85","-466.9189453125","0","0","-1000000","70000","198971","198971","0","2903","1336","1341"
"639","ALIGN_HOLD","11500","-85","-466.9189453125","0","0","0","70000","198972","198972","0","2903","1336","1251"
"640","ALIGN_HOLD","11500","-85","-466.9189453125","0","0","0","70000","198973","198973","0","2903","1336","1161"
"641","ALIGN_HOLD","11502","-83","-455.9326171875","2","2000","2000000","70000","198974","198974","0","2903","1336","1071"
"642","ALIGN_HOLD","11496","-89","-488.8916015625","-6","-6000","-8000000","70000","198975","198975","0","2903","1336","981"
"643","ALIGN_HOLD","11500","-85","-466.9189453125","4","4000","10000000","70000","198976","198976","0","2903","1336","891"
"644","ALIGN_HOLD","11497","-88","-483.3984375","-3","-3000","-7000000","70000","198977","198977","0","2903","1336","801"
"645","ALIGN_HOLD","11501","-84","-461.42578125","4","4000","7000000","70000","198978","198978","0","2903","1336","711"
"646","ALIGN_HOLD","11498","-87","-477.9052734375","-3","-3000","-7000000","70000","198979","198979","0","2903","1336","621"
"647","ALIGN_HOLD","11503","-82","-450.439453125","5","5000","8000000","70000","198980","198980","0","2903","1336","531"
"648","ALIGN_HOLD","11498","-87","-477.9052734375","-5","-5000","-10000000","70000","198981","198981","0","2903","1336","441"
"649","ALIGN_HOLD","11500","-85","-466.9189453125","2","2000","7000000","70000","198982","198982","0","2903","1336","351"
"650","ALIGN_HOLD","11497","-88","-483.3984375","-3","-3000","-5000000","70000","198983","198983","0","2903","1336","261"
"651","ALIGN_HOLD","11501","-84","-461.42578125","4","4000","7000000","70000","198984","198984","0","2903","1336","171"
"652","ALIGN_HOLD","11497","-88","-483.3984375","-4","-4000","-8000000","70000","198985","198985","0","2903","1336","81"
"653","ALIGN_HOLD","11501","-84","-461.42578125","4","4000","8000000","70000","198986","198986","0","2903","1336","2146"
"654","ALIGN_HOLD","11501","-84","-461.42578125","0","0","-4000000","70000","198987","198987","0","2903","1336","2056"
"655","ALIGN_HOLD","11497","-88","-483.3984375","-4","-4000","-4000000","70000","198988","198988","0","2903","1336","1966"
"656","ALIGN_HOLD","11498","-87","-477.9052734375","1","1000","5000000","70000","198989","198989","0","2903","1336","1876"
"657","ALIGN_HOLD","11499","-86","-472.412109375","1","1000","0","70000","198990","198990","0","2903","1336","1786"
"658","ALIGN_HOLD","11496","-89","-488.8916015625","-3","-3000","-4000000","70000","198991","198991","0","2903","1336","1696"
"659","ALIGN_HOLD","11500","-85","-466.9189453125","4","4000","7000000","70000","198992","198992","0","2903","1336","1606"
"660","ALIGN_HOLD","11500","-85","-466.9189453125","0","0","-4000000","70000","198993","198993","0","2903","1336","1516"
"661","ALIGN_HOLD","11504","-81","-444.9462890625","4","4000","4000000","70000","198994","198994","0","2903","1336","1426"
"662","ALIGN_HOLD","11499","-86","-472.412109375","-5","-5000","-9000000","70000","198995","198995","0","2903","1336","1336"
"663","ALIGN_HOLD","11497","-88","-483.3984375","-2","-2000","3000000","70000","198996","198996","0","2903","1336","1246"
"664","ALIGN_HOLD","11500","-85","-466.9189453125","3","3000","5000000","70000","198997","198997","0","2903","1336","1156"
"665","ALIGN_HOLD","11496","-89","-488.8916015625","-4","-4000","-7000000","70000","198998","198998","0","2903","1336","1066"
"666","ALIGN_HOLD","11498","-87","-477.9052734375","2","2000","6000000","70000","198999","198999","0","2903","1336","976"
"667","ALIGN_HOLD","11500","-85","-466.9189453125","2","2000","0","70000","199000","199000","0","2903","1336","886"
"668","ALIGN_HOLD","11498","-87","-477.9052734375","-2","-2000","-4000000","70000","199001","199001","0","2903","1336","796"
"669","ALIGN_HOLD","11501","-84","-461.42578125","3","3000","5000000","70000","199002","199002","0","2903","1336","706"
"670","ALIGN_HOLD","11499","-86","-472.412109375","-2","-2000","-5000000","70000","199003","199003","0","2903","1336","616"
"671","ALIGN_HOLD","11502","-83","-455.9326171875","3","3000","5000000","70000","199004","199004","0","2903","1336","526"
"672","ALIGN_HOLD","11498","-87","-477.9052734375","-4","-4000","-7000000","70000","199005","199005","0","2903","1336","436"
"673","ALIGN_HOLD","11499","-86","-472.412109375","1","1000","5000000","70000","199006","199006","0","2903","1336","346"
"674","ALIGN_HOLD","11501","-84","-461.42578125","2","2000","1000000","70000","199007","199007","0","2903","1336","256"
"675","ALIGN_HOLD","11501","-84","-461.42578125","0","0","-2000000","70000","199008","199008","0","2903","1336","166"
"676","ALIGN_HOLD","11497","-88","-483.3984375","-4","-4000","-4000000","70000","199009","199009","0","2903","1336","76"
"677","ALIGN_HOLD","11500","-85","-466.9189453125","3","3000","7000000","70000","199010","199010","0","2903","1336","2141"
"678","ALIGN_HOLD","11498","-87","-477.9052734375","-2","-2000","-5000000","70000","199011","199011","0","2903","1336","2051"
"679","ALIGN_HOLD","11498","-87","-477.9052734375","0","0","2000000","70000","199012","199012","0","2903","1336","1961"
"680","ALIGN_HOLD","11497","-88","-483.3984375","-1","-1000","-1000000","70000","199013","199013","0","2903","1336","1871"
"681","ALIGN_HOLD","11504","-81","-444.9462890625","7","7000","8000000","70000","199014","199014","0","2903","1336","1781"
"682","ALIGN_HOLD","11497","-88","-483.3984375","-7","-7000","-14000000","70000","199015","199015","0","2903","1336","1691"
"683","ALIGN_HOLD","11499","-86","-472.412109375","2","2000","9000000","70000","199016","199016","0","2903","1336","1601"
"684","ALIGN_HOLD","11501","-84","-461.42578125","2","2000","0","70000","199017","199017","0","2903","1336","1511"
"685","ALIGN_HOLD","11499","-86","-472.412109375","-2","-2000","-4000000","70000","199018","199018","0","2903","1336","1421"
"686","ALIGN_HOLD","11500","-85","-466.9189453125","1","1000","3000000","70000","199019","199019","0","2903","1336","1331"
"687","ALIGN_HOLD","11499","-86","-472.412109375","-1","-1000","-2000000","70000","199020","199020","0","2903","1336","1241"
"688","ALIGN_HOLD","11498","-87","-477.9052734375","-1","-1000","0","70000","199021","199021","0","2903","1336","1151"
"689","ALIGN_HOLD","11498","-87","-477.9052734375","0","0","1000000","70000","199022","199022","0","2903","1336","1061"
"690","ALIGN_HOLD","11497","-88","-483.3984375","-1","-1000","-1000000","70000","199023","199023","0","2903","1336","971"
"691","ALIGN_HOLD","11499","-86","-472.412109375","2","2000","3000000","70000","199024","199024","0","2903","1336","881"
"692","ALIGN_HOLD","11500","-85","-466.9189453125","1","1000","-1000000","70000","199025","199025","0","2903","1336","791"
"693","ALIGN_HOLD","11498","-87","-477.9052734375","-2","-2000","-3000000","70000","199026","199026","0","2903","1336","701"
"694","ALIGN_HOLD","11496","-89","-488.8916015625","-2","-2000","0","70000","199027","199027","0","2903","1336","611"
"695","ALIGN_HOLD","11500","-85","-466.9189453125","4","4000","6000000","70000","199028","199028","0","2903","1336","521"
"696","ALIGN_HOLD","11498","-87","-477.9052734375","-2","-2000","-6000000","70000","199029","199029","0","2903","1336","431"
"697","ALIGN_HOLD","11501","-84","-461.42578125","3","3000","5000000","70000","199030","199030","0","2903","1336","341"
"698","ALIGN_HOLD","11496","-89","-488.8916015625","-5","-5000","-8000000","70000","199031","199031","0","2903","1336","251"
"699","ALIGN_HOLD","11498","-87","-477.9052734375","2","2000","7000000","70000","199032","199032","0","2903","1336","161"
"700","ALIGN_HOLD","11499","-86","-472.412109375","1","1000","-1000000","70000","199033","199033","0","2903","1336","71"
"701","ALIGN_HOLD","11496","-89","-488.8916015625","-3","-3000","-4000000","70000","199034","199034","0","2903","1336","2136"
"702","ALIGN_HOLD","11500","-85","-466.9189453125","4","4000","7000000","70000","199035","199035","0","2903","1336","2046"
"703","ALIGN_HOLD","11495","-90","-494.384765625","-5","-5000","-9000000","70000","199036","199036","0","2903","1336","1956"
"704","ALIGN_HOLD","11499","-86","-472.412109375","4","4000","9000000","70000","199037","199037","0","2903","1336","1866"
"705","ALIGN_HOLD","11499","-86","-472.412109375","0","0","-4000000","70000","199038","199038","0","2903","1336","1776"
"706","ALIGN_HOLD","11499","-86","-472.412109375","0","0","0","70000","199039","199039","0","2903","1336","1686"
"707","ALIGN_HOLD","11501","-84","-461.42578125","2","2000","2000000","70000","199040","199040","0","2903","1336","1596"
"708","ALIGN_HOLD","11496","-89","-488.8916015625","-5","-5000","-7000000","70000","199041","199041","0","2903","1336","1506"
"709","ALIGN_HOLD","11498","-87","-477.9052734375","2","2000","7000000","70000","199042","199042","0","2903","1336","1416"
"710","ALIGN_HOLD","11497","-88","-483.3984375","-1","-1000","-3000000","70000","199043","199043","0","2903","1336","1326"
"711","ALIGN_HOLD","11497","-88","-483.3984375","0","0","1000000","70000","199044","199044","0","2903","1336","1236"
"712","ALIGN_HOLD","11500","-85","-466.9189453125","3","3000","3000000","70000","199045","199045","0","2903","1336","1146"
"713","ALIGN_HOLD","11501","-84","-461.42578125","1","1000","-2000000","70000","199046","199046","0","2903","1336","1056"
"714","ALIGN_HOLD","11502","-83","-455.9326171875","1","1000","0","70000","199047","199047","0","2903","1336","966"
"715","ALIGN_HOLD","11501","-84","-461.42578125","-1","-1000","-2000000","70000","199048","199048","0","2903","1336","876"
"716","ALIGN_HOLD","11497","-88","-483.3984375","-4","-4000","-3000000","70000","199049","199049","0","2903","1336","786"
"717","ALIGN_HOLD","11497","-88","-483.3984375","0","0","4000000","70000","199050","199050","0","2903","1336","696"
"718","ALIGN_HOLD","11497","-88","-483.3984375","0","0","0","70000","199051","199051","0","2903","1336","606"
"719","ALIGN_HOLD","11497","-88","-483.3984375","0","0","0","70000","199052","199052","0","2903","1336","516"
"720","ALIGN_HOLD","11501","-84","-461.42578125","4","4000","4000000","70000","199053","199053","0","2903","1336","426"
"721","ALIGN_HOLD","11501","-84","-461.42578125","0","0","-4000000","70000","199054","199054","0","2903","1336","336"
"722","ALIGN_HOLD","11499","-86","-472.412109375","-2","-2000","-2000000","70000","199055","199055","0","2903","1336","246"
"723","ALIGN_HOLD","11497","-88","-483.3984375","-2","-2000","0","70000","199056","199056","0","2903","1336","156"
"724","ALIGN_HOLD","11501","-84","-461.42578125","4","4000","6000000","70000","199057","199057","0","2903","1336","66"
"725","ALIGN_HOLD","11504","-81","-444.9462890625","3","3000","-1000000","70000","199058","199058","0","2903","1336","2131"
"726","ALIGN_HOLD","11500","-85","-466.9189453125","-4","-4000","-7000000","70000","199059","199059","0","2903","1336","2041"
"727","ALIGN_HOLD","11498","-87","-477.9052734375","-2","-2000","2000000","70000","199060","199060","0","2903","1336","1951"
"728","ALIGN_HOLD","11498","-87","-477.9052734375","0","0","2000000","70000","199061","199061","0","2903","1336","1861"
"729","ALIGN_HOLD","11499","-86","-472.412109375","1","1000","1000000","70000","199062","199062","0","2903","1336","1771"
"730","ALIGN_HOLD","11500","-85","-466.9189453125","1","1000","0","70000","199063","199063","0","2903","1336","1681"
"731","ALIGN_HOLD","11496","-89","-488.8916015625","-4","-4000","-5000000","70000","199064","199064","0","2903","1336","1591"
"732","ALIGN_HOLD","11500","-85","-466.9189453125","4","4000","8000000","70000","199065","199065","0","2903","1336","1501"
"733","ALIGN_HOLD","11497","-88","-483.3984375","-3","-3000","-7000000","70000","199066","199066","0","2903","1336","1411"
"734","ALIGN_HOLD","11499","-86","-472.412109375","2","2000","5000000","70000","199067","199067","0","2903","1336","1321"
"735","ALIGN_HOLD","11501","-84","-461.42578125","2","2000","0","70000","199068","199068","0","2903","1336","1231"
"736","ALIGN_HOLD","11499","-86","-472.412109375","-2","-2000","-4000000","70000","199069","199069","0","2903","1336","1141"
"737","ALIGN_HOLD","11491","-94","-516.357421875","-8","-8000","-6000000","70000","199070","199070","0","2903","1336","1051"
"738","ALIGN_HOLD","11497","-88","-483.3984375","6","6000","14000000","70000","199071","199071","0","2903","1336","961"
"739","ALIGN_HOLD","11500","-85","-466.9189453125","3","3000","-3000000","70000","199072","199072","0","2903","1336","871"
"740","ALIGN_HOLD","11501","-84","-461.42578125","1","1000","-2000000","70000","199073","199073","0","2903","1336","781"
"741","ALIGN_HOLD","11498","-87","-477.9052734375","-3","-3000","-4000000","70000","199074","199074","0","2903","1336","691"
"742","ALIGN_HOLD","11494","-91","-499.8779296875","-4","-4000","-1000000","70000","199075","199075","0","2903","1336","601"
"743","ALIGN_HOLD","11496","-89","-488.8916015625","2","2000","6000000","70000","199076","199076","0","2903","1336","511"
"744","ALIGN_HOLD","11498","-87","-477.9052734375","2","2000","0","70000","199077","199077","0","2903","1336","421"
"745","ALIGN_HOLD","11499","-86","-472.412109375","1","1000","-1000000","70000","199078","199078","0","2903","1336","331"
"746","ALIGN_HOLD","11499","-86","-472.412109375","0","0","-1000000","70000","199079","199079","0","2903","1336","241"
"747","ALIGN_HOLD","11502","-83","-455.9326171875","3","3000","3000000","70000","199080","199080","0","2903","1336","151"
"748","ALIGN_HOLD","11499","-86","-472.412109375","-3","-3000","-6000000","70000","199081","199081","0","2903","1336","61"
"749","ALIGN_HOLD","11495","-90","-494.384765625","-4","-4000","-1000000","70000","199082","199082","0","2903","1336","2126"
"750","ALIGN_HOLD","11496","-89","-488.8916015625","1","1000","5000000","70000","199083","199083","0","2903","1336","2036"
"751","ALIGN_HOLD","11498","-87","-477.9052734375","2","2000","1000000","70000","199084","199084","0","2903","1336","1946"
"752","ALIGN_HOLD","11496","-89","-488.8916015625","-2","-2000","-4000000","70000","199085","199085","0","2903","1336","1856"
"753","ALIGN_HOLD","11498","-87","-477.9052734375","2","2000","4000000","70000","199086","199086","0","2903","1336","1766"
"754","ALIGN_HOLD","11500","-85","-466.9189453125","2","2000","0","70000","199087","199087","0","2903","1336","1676"
"755","ALIGN_HOLD","11497","-88","-483.3984375","-3","-3000","-5000000","70000","199088","199088","0","2903","1336","1586"
"756","ALIGN_HOLD","11499","-86","-472.412109375","2","2000","5000000","70000","199089","199089","0","2903","1336","1496"
"757","ALIGN_HOLD","11498","-87","-477.9052734375","-1","-1000","-3000000","70000","199090","199090","0","2903","1336","1406"
"758","ALIGN_HOLD","11500","-85","-466.9189453125","2","2000","3000000","70000","199091","199091","0","2903","1336","1316"
"759","ALIGN_HOLD","11496","-89","-488.8916015625","-4","-4000","-6000000","70000","199092","199092","0","2903","1336","1226"
"760","ALIGN_HOLD","11498","-87","-477.9052734375","2","2000","6000000","70000","199093","199093","0","2903","1336","1136"
"761","ALIGN_HOLD","11499","-86","-472.412109375","1","1000","-1000000","70000","199094","199094","0","2903","1336","1046"
"762","ALIGN_HOLD","11502","-83","-455.9326171875","3","3000","2000000","70000","199095","199095","0","2903","1336","956"
"763","ALIGN_HOLD","11498","-87","-477.9052734375","-4","-4000","-7000000","70000","199096","199096","0","2903","1336","866"
"764","ALIGN_HOLD","11498","-87","-477.9052734375","0","0","4000000","70000","199097","199097","0","2903","1336","776"
"765","ALIGN_HOLD","11496","-89","-488.8916015625","-2","-2000","-2000000","70000","199098","199098","0","2903","1336","686"
"766","ALIGN_HOLD","11499","-86","-472.412109375","3","3000","5000000","70000","199099","199099","0","2903","1336","596"
"767","ALIGN_HOLD","11499","-86","-472.412109375","0","0","-3000000","70000","199100","199100","0","2903","1336","506"
"768","ALIGN_HOLD","11498","-87","-477.9052734375","-1","-1000","-1000000","70000","199101","199101","0","2903","1336","416"
"769","ALIGN_HOLD","11498","-87","-477.9052734375","0","0","1000000","70000","199102","199102","0","2903","1336","326"
"770","ALIGN_HOLD","11502","-83","-455.9326171875","4","4000","4000000","70000","199103","199103","0","2903","1336","236"
"771","ALIGN_HOLD","11498","-87","-477.9052734375","-4","-4000","-8000000","70000","199104","199104","0","2903","1336","146"
"772","ALIGN_HOLD","11499","-86","-472.412109375","1","1000","5000000","70000","199105","199105","0","2903","1336","56"
"773","ALIGN_HOLD","11500","-85","-466.9189453125","1","1000","0","70000","199106","199106","0","2903","1336","2121"
"774","ALIGN_HOLD","11497","-88","-483.3984375","-3","-3000","-4000000","70000","199107","199107","0","2903","1336","2031"
"775","ALIGN_HOLD","11503","-82","-450.439453125","6","6000","9000000","70000","199108","199108","0","2903","1336","1941"
"776","ALIGN_HOLD","11497","-88","-483.3984375","-6","-6000","-12000000","70000","199109","199109","0","2903","1336","1851"
"777","ALIGN_HOLD","11501","-84","-461.42578125","4","4000","10000000","70000","199110","199110","0","2903","1336","1761"
"778","ALIGN_HOLD","11499","-86","-472.412109375","-2","-2000","-6000000","70000","199111","199111","0","2903","1336","1671"
"779","ALIGN_HOLD","11498","-87","-477.9052734375","-1","-1000","1000000","70000","199112","199112","0","2903","1336","1581"
"780","ALIGN_HOLD","11495","-90","-494.384765625","-3","-3000","-2000000","70000","199113","199113","0","2903","1336","1491"
"781","ALIGN_HOLD","11500","-85","-466.9189453125","5","5000","8000000","70000","199114","199114","0","2903","1336","1401"
"782","ALIGN_HOLD","11497","-88","-483.3984375","-3","-3000","-8000000","70000","199115","199115","0","2903","1336","1311"
"783","ALIGN_HOLD","11500","-85","-466.9189453125","3","3000","6000000","70000","199116","199116","0","2903","1336","1221"
"784","ALIGN_HOLD","11499","-86","-472.412109375","-1","-1000","-4000000","70000","199117","199117","0","2903","1336","1131"
"785","ALIGN_HOLD","11498","-87","-477.9052734375","-1","-1000","0","70000","199118","199118","0","2903","1336","1041"
"786","ALIGN_HOLD","11498","-87","-477.9052734375","0","0","1000000","70000","199119","199119","0","2903","1336","951"
"787","ALIGN_HOLD","11495","-90","-494.384765625","-3","-3000","-3000000","70000","199120","199120","0","2903","1336","861"
"788","ALIGN_HOLD","11499","-86","-472.412109375","4","4000","7000000","70000","199121","199121","0","2903","1336","771"
"789","ALIGN_HOLD","11502","-83","-455.9326171875","3","3000","-1000000","70000","199122","199122","0","2903","1336","681"
"790","ALIGN_HOLD","11498","-87","-477.9052734375","-4","-4000","-7000000","70000","199123","199123","0","2903","1336","591"
"791","ALIGN_HOLD","11497","-88","-483.3984375","-1","-1000","3000000","70000","199124","199124","0","2903","1336","501"
"792","ALIGN_HOLD","11501","-84","-461.42578125","4","4000","5000000","70000","199125","199125","0","2903","1336","411"
"793","ALIGN_HOLD","11497","-88","-483.3984375","-4","-4000","-8000000","70000","199126","199126","0","2903","1336","321"
"794","ALIGN_HOLD","11501","-84","-461.42578125","4","4000","8000000","70000","199127","199127","0","2903","1336","231"
"795","ALIGN_HOLD","11498","-87","-477.9052734375","-3","-3000","-7000000","70000","199128","199128","0","2903","1336","141"
"796","ALIGN_HOLD","11496","-89","-488.8916015625","-2","-2000","1000000","70000","199129","199129","0","2903","1336","51"
"797","ALIGN_HOLD","11500","-85","-466.9189453125","4","4000","6000000","70000","199130","199130","0","2903","1336","2116"
"798","ALIGN_HOLD","11497","-88","-483.3984375","-3","-3000","-7000000","70000","199131","199131","0","2903","1336","2026"
"799","ALIGN_HOLD","11496","-89","-488.8916015625","-1","-1000","2000000","70000","199132","199132","0","2903","1336","1936"
"800","ALIGN_HOLD","11501","-84","-461.42578125","5","5000","6000000","70000","199133","199133","0","2903","1336","1912"
"801","ALIGN_HOLD","11498","-87","-477.9052734375","-3","-3000","-8000000","70000","199134","199134","0","2903","1336","1756"
"802","ALIGN_HOLD","11499","-86","-472.412109375","1","1000","4000000","70000","199135","199135","0","2903","1336","1666"
"803","ALIGN_HOLD","11501","-84","-461.42578125","2","2000","1000000","70000","199136","199136","0","2903","1336","1576"
"804","ALIGN_HOLD","11501","-84","-461.42578125","0","0","-2000000","70000","199137","199137","0","2903","1336","1486"
"805","ALIGN_HOLD","11497","-88","-483.3984375","-4","-4000","-4000000","70000","199138","199138","0","2903","1336","1396"
"806","ALIGN_HOLD","11499","-86","-472.412109375","2","2000","6000000","70000","199139","199139","0","2903","1336","1306"
"807","ALIGN_HOLD","11497","-88","-483.3984375","-2","-2000","-4000000","70000","199140","199140","0","2903","1336","1216"
"808","ALIGN_HOLD","11498","-87","-477.9052734375","1","1000","3000000","70000","199141","199141","0","2903","1336","1126"
"809","ALIGN_HOLD","11492","-93","-510.8642578125","-6","-6000","-7000000","70000","199142","199142","0","2903","1336","1036"
"810","ALIGN_HOLD","11499","-86","-472.412109375","7","7000","13000000","70000","199143","199143","0","2903","1336","946"
"811","ALIGN_HOLD","11501","-84","-461.42578125","2","2000","-5000000","70000","199144","199144","0","2903","1336","856"
"812","ALIGN_HOLD","11500","-85","-466.9189453125","-1","-1000","-3000000","70000","199145","199145","0","2903","1336","766"
"813","ALIGN_HOLD","11498","-87","-477.9052734375","-2","-2000","-1000000","70000","199146","199146","0","2903","1336","676"
"814","ALIGN_HOLD","11499","-86","-472.412109375","1","1000","3000000","70000","199147","199147","0","2903","1336","586"
"815","ALIGN_HOLD","11500","-85","-466.9189453125","1","1000","0","70000","199148","199148","0","2903","1336","496"
"816","ALIGN_HOLD","11499","-86","-472.412109375","-1","-1000","-2000000","70000","199149","199149","0","2903","1336","406"
"817","ALIGN_HOLD","11498","-87","-477.9052734375","-1","-1000","0","70000","199150","199150","0","2903","1336","316"
"818","ALIGN_HOLD","11496","-89","-488.8916015625","-2","-2000","-1000000","70000","199151","199151","0","2903","1336","226"
"819","ALIGN_HOLD","11498","-87","-477.9052734375","2","2000","4000000","70000","199152","199152","0","2903","1336","136"
"820","ALIGN_HOLD","11498","-87","-477.9052734375","0","0","-2000000","70000","199153","199153","0","2903","1336","46"
"821","ALIGN_HOLD","11497","-88","-483.3984375","-1","-1000","-1000000","70000","199154","199154","0","2903","1336","2111"
"822","ALIGN_HOLD","11499","-86","-472.412109375","2","2000","3000000","70000","199155","199155","0","2903","1336","2021"
"823","ALIGN_HOLD","11501","-84","-461.42578125","2","2000","0","70000","199156","199156","0","2903","1336","1931"
"824","ALIGN_HOLD","11501","-84","-461.42578125","0","0","-2000000","70000","199157","199157","0","2903","1336","1841"
"825","ALIGN_HOLD","11498","-87","-477.9052734375","-3","-3000","-3000000","70000","199158","199158","0","2903","1336","1751"
"826","ALIGN_HOLD","11498","-87","-477.9052734375","0","0","3000000","70000","199159","199159","0","2903","1336","1661"
"827","ALIGN_HOLD","11496","-89","-488.8916015625","-2","-2000","-2000000","70000","199160","199160","0","2903","1336","1571"
"828","ALIGN_HOLD","11498","-87","-477.9052734375","2","2000","4000000","70000","199161","199161","0","2903","1336","1481"
"829","ALIGN_HOLD","11496","-89","-488.8916015625","-2","-2000","-4000000","70000","199162","199162","0","2903","1336","1391"
"830","ALIGN_HOLD","11499","-86","-472.412109375","3","3000","5000000","70000","199163","199163","0","2903","1336","1301"
"831","ALIGN_HOLD","11499","-86","-472.412109375","0","0","-3000000","70000","199164","199164","0","2903","1336","1211"
"832","ALIGN_HOLD","11498","-87","-477.9052734375","-1","-1000","-1000000","70000","199165","199165","0","2903","1336","1121"
"833","ALIGN_HOLD","11494","-91","-499.8779296875","-4","-4000","-3000000","70000","199166","199166","0","2903","1336","1031"
"834","ALIGN_HOLD","11499","-86","-472.412109375","5","5000","9000000","70000","199167","199167","0","2903","1336","941"
"835","ALIGN_HOLD","11496","-89","-488.8916015625","-3","-3000","-8000000","70000","199168","199168","0","2903","1336","851"
"836","ALIGN_HOLD","11499","-86","-472.412109375","3","3000","6000000","70000","199169","199169","0","2903","1336","761"
"837","ALIGN_HOLD","11500","-85","-466.9189453125","1","1000","-2000000","70000","199170","199170","0","2903","1336","671"
"838","ALIGN_HOLD","11501","-84","-461.42578125","1","1000","0","70000","199171","199171","0","2903","1336","581"
"839","ALIGN_HOLD","11501","-84","-461.42578125","0","0","-1000000","70000","199172","199172","0","2903","1336","491"
"840","ALIGN_HOLD","11500","-85","-466.9189453125","-1","-1000","-1000000","70000","199173","199173","0","2903","1336","401"
"841","ALIGN_HOLD","11496","-89","-488.8916015625","-4","-4000","-3000000","70000","199174","199174","0","2903","1336","311"
"842","ALIGN_HOLD","11498","-87","-477.9052734375","2","2000","6000000","70000","199175","199175","0","2903","1336","221"
"843","ALIGN_HOLD","11498","-87","-477.9052734375","0","0","-2000000","70000","199176","199176","0","2903","1336","131"
"844","ALIGN_HOLD","11499","-86","-472.412109375","1","1000","1000000","70000","199177","199177","0","2903","1336","41"
"845","ALIGN_HOLD","11498","-87","-477.9052734375","-1","-1000","-2000000","70000","199178","199178","0","2903","1336","2106"
"846","ALIGN_HOLD","11497","-88","-483.3984375","-1","-1000","0","70000","199179","199179","0","2903","1336","2016"
"847","ALIGN_HOLD","11499","-86","-472.412109375","2","2000","3000000","70000","199180","199180","0","2903","1336","1926"
"848","ALIGN_HOLD","11499","-86","-472.412109375","0","0","-2000000","70000","199181","199181","0","2903","1336","1836"
"849","ALIGN_HOLD","11501","-84","-461.42578125","2","2000","2000000","70000","199182","199182","0","2903","1336","1746"
"850","ALIGN_HOLD","11502","-83","-455.9326171875","1","1000","-1000000","70000","199183","199183","0","2903","1336","1656"
"851","ALIGN_HOLD","11497","-88","-483.3984375","-5","-5000","-6000000","70000","199184","199184","0","2903","1336","1566"
"852","ALIGN_HOLD","11497","-88","-483.3984375","0","0","5000000","70000","199185","199185","0","2903","1336","1476"
"853","ALIGN_HOLD","11500","-85","-466.9189453125","3","3000","3000000","70000","199186","199186","0","2903","1336","1386"
"854","ALIGN_HOLD","11497","-88","-483.3984375","-3","-3000","-6000000","70000","199187","199187","0","2903","1336","1296"
"855","ALIGN_HOLD","11498","-87","-477.9052734375","1","1000","4000000","70000","199188","199188","0","2903","1336","1206"
"856","ALIGN_HOLD","11497","-88","-483.3984375","-1","-1000","-2000000","70000","199189","199189","0","2903","1336","1116"
"857","ALIGN_HOLD","11495","-90","-494.384765625","-2","-2000","-1000000","70000","199190","199190","0","2903","1336","1026"
"858","ALIGN_HOLD","11500","-85","-466.9189453125","5","5000","7000000","70000","199191","199191","0","2903","1336","936"
"859","ALIGN_HOLD","11501","-84","-461.42578125","1","1000","-4000000","70000","199192","199192","0","2903","1336","846"
"860","ALIGN_HOLD","11499","-86","-472.412109375","-2","-2000","-3000000","70000","199193","199193","0","2903","1336","756"
"861","ALIGN_HOLD","11498","-87","-477.9052734375","-1","-1000","1000000","70000","199194","199194","0","2903","1336","666"
"862","ALIGN_HOLD","11496","-89","-488.8916015625","-2","-2000","-1000000","70000","199195","199195","0","2903","1336","576"
"863","ALIGN_HOLD","11500","-85","-466.9189453125","4","4000","6000000","70000","199196","199196","0","2903","1336","486"
"864","ALIGN_HOLD","11497","-88","-483.3984375","-3","-3000","-7000000","70000","199197","199197","0","2903","1336","396"
"865","ALIGN_HOLD","11499","-86","-472.412109375","2","2000","5000000","70000","199198","199198","0","2903","1336","306"
"866","ALIGN_HOLD","11498","-87","-477.9052734375","-1","-1000","-3000000","70000","199199","199199","0","2903","1336","216"
"867","ALIGN_HOLD","11499","-86","-472.412109375","1","1000","2000000","70000","199200","199200","0","2903","1336","126"
"868","ALIGN_HOLD","11500","-85","-466.9189453125","1","1000","0","70000","199201","199201","0","2903","1336","36"
"869","ALIGN_HOLD","11499","-86","-472.412109375","-1","-1000","-2000000","70000","199202","199202","0","2903","1336","2101"
"870","ALIGN_HOLD","11501","-84","-461.42578125","2","2000","3000000","70000","199203","199203","0","2903","1336","2011"
"871","ALIGN_HOLD","11501","-84","-461.42578125","0","0","-2000000","70000","199204","199204","0","2903","1336","1921"
"872","ALIGN_HOLD","11499","-86","-472.412109375","-2","-2000","-2000000","70000","199205","199205","0","2903","1336","1831"
"873","ALIGN_HOLD","11497","-88","-483.3984375","-2","-2000","0","70000","199206","199206","0","2903","1336","1741"
"874","ALIGN_HOLD","11499","-86","-472.412109375","2","2000","4000000","70000","199207","199207","0","2903","1336","1651"
"875","ALIGN_HOLD","11496","-89","-488.8916015625","-3","-3000","-5000000","70000","199208","199208","0","2903","1336","1561"
"876","ALIGN_HOLD","11495","-90","-494.384765625","-1","-1000","2000000","70000","199209","199209","0","2903","1336","1471"
"877","ALIGN_HOLD","11496","-89","-488.8916015625","1","1000","2000000","70000","199210","199210","0","2903","1336","1381"
"878","ALIGN_HOLD","11495","-90","-494.384765625","-1","-1000","-2000000","70000","199211","199211","0","2903","1336","1291"
"879","ALIGN_HOLD","11500","-85","-466.9189453125","5","5000","6000000","70000","199212","199212","0","2903","1336","1201"
"880","ALIGN_HOLD","11495","-90","-494.384765625","-5","-5000","-10000000","70000","199213","199213","0","2903","1336","1111"
"881","ALIGN_HOLD","11499","-86","-472.412109375","4","4000","9000000","70000","199214","199214","0","2903","1336","1021"
"882","ALIGN_HOLD","11499","-86","-472.412109375","0","0","-4000000","70000","199215","199215","0","2903","1336","931"
"883","ALIGN_HOLD","11499","-86","-472.412109375","0","0","0","70000","199216","199216","0","2903","1336","841"
"884","ALIGN_HOLD","11496","-89","-488.8916015625","-3","-3000","-3000000","70000","199217","199217","0","2903","1336","751"
"885","ALIGN_HOLD","11503","-82","-450.439453125","7","7000","10000000","70000","199218","199218","0","2903","1336","661"
"886","ALIGN_HOLD","11496","-89","-488.8916015625","-7","-7000","-14000000","70000","199219","199219","0","2903","1336","571"
"887","ALIGN_HOLD","11497","-88","-483.3984375","1","1000","8000000","70000","199220","199220","0","2903","1336","481"
"888","ALIGN_HOLD","11500","-85","-466.9189453125","3","3000","2000000","70000","199221","199221","0","2903","1336","391"
"889","ALIGN_HOLD","11500","-85","-466.9189453125","0","0","-3000000","70000","199222","199222","0","2903","1336","301"
"890","ALIGN_HOLD","11499","-86","-472.412109375","-1","-1000","-1000000","70000","199223","199223","0","2903","1336","211"
"891","ALIGN_HOLD","11499","-86","-472.412109375","0","0","1000000","70000","199224","199224","0","2903","1336","121"
"892","ALIGN_HOLD","11498","-87","-477.9052734375","-1","-1000","-1000000","70000","199225","199225","0","2903","1336","31"
"893","ALIGN_HOLD","11500","-85","-466.9189453125","2","2000","3000000","70000","199226","199226","0","2903","1336","2096"
"894","ALIGN_HOLD","11498","-87","-477.9052734375","-2","-2000","-4000000","70000","199227","199227","0","2903","1336","2006"
"895","ALIGN_HOLD","11495","-90","-494.384765625","-3","-3000","-1000000","70000","199228","199228","0","2903","1336","1916"
"896","ALIGN_HOLD","11498","-87","-477.9052734375","3","3000","6000000","70000","199229","199229","0","2903","1336","1826"
"897","ALIGN_HOLD","11500","-85","-466.9189453125","2","2000","-1000000","70000","199230","199230","0","2903","1336","1736"
"898","ALIGN_HOLD","11500","-85","-466.9189453125","0","0","-2000000","70000","199231","199231","0","2903","1336","1646"
"899","ALIGN_HOLD","11498","-87","-477.9052734375","-2","-2000","-2000000","70000","199232","199232","0","2903","1336","1556"
"900","ALIGN_HOLD","11499","-86","-472.412109375","1","1000","3000000","70000","199233","199233","0","2903","1336","1466"
"901","ALIGN_HOLD","11499","-86","-472.412109375","0","0","-1000000","70000","199234","199234","0","2903","1336","1376"
"902","ALIGN_HOLD","11499","-86","-472.412109375","0","0","0","70000","199235","199235","0","2903","1336","1286"
"903","ALIGN_HOLD","11501","-84","-461.42578125","2","2000","2000000","70000","199236","199236","0","2903","1336","1196"
"904","ALIGN_HOLD","11498","-87","-477.9052734375","-3","-3000","-5000000","70000","199237","199237","0","2903","1336","1106"
"905","ALIGN_HOLD","11496","-89","-488.8916015625","-2","-2000","1000000","70000","199238","199238","0","2903","1336","1016"
"906","ALIGN_HOLD","11498","-87","-477.9052734375","2","2000","4000000","70000","199239","199239","0","2903","1336","926"
"907","ALIGN_HOLD","11498","-87","-477.9052734375","0","0","-2000000","70000","199240","199240","0","2903","1336","836"
"908","ALIGN_HOLD","11496","-89","-488.8916015625","-2","-2000","-2000000","70000","199241","199241","0","2903","1336","746"
"909","ALIGN_HOLD","11495","-90","-494.384765625","-1","-1000","1000000","70000","199242","199242","0","2903","1336","656"
"910","ALIGN_HOLD","11499","-86","-472.412109375","4","4000","5000000","70000","199243","199243","0","2903","1336","566"
"911","ALIGN_HOLD","11500","-85","-466.9189453125","1","1000","-3000000","70000","199244","199244","0","2903","1336","476"
"912","ALIGN_HOLD","11501","-84","-461.42578125","1","1000","0","70000","199245","199245","0","2903","1336","386"
"913","ALIGN_HOLD","11497","-88","-483.3984375","-4","-4000","-5000000","70000","199246","199246","0","2903","1336","296"
"914","ALIGN_HOLD","11497","-88","-483.3984375","0","0","4000000","70000","199247","199247","0","2903","1336","206"
"915","ALIGN_HOLD","11499","-86","-472.412109375","2","2000","2000000","70000","199248","199248","0","2903","1336","116"
"916","ALIGN_HOLD","11499","-86","-472.412109375","0","0","-2000000","70000","199249","199249","0","2903","1336","26"
"917","ALIGN_HOLD","11496","-89","-488.8916015625","-3","-3000","-3000000","70000","199250","199250","0","2903","1336","2091"
"918","ALIGN_HOLD","11498","-87","-477.9052734375","2","2000","5000000","70000","199251","199251","0","2903","1336","2001"
"919","ALIGN_HOLD","11499","-86","-472.412109375","1","1000","-1000000","70000","199252","199252","0","2903","1336","1911"
"920","ALIGN_HOLD","11497","-88","-483.3984375","-2","-2000","-3000000","70000","199253","199253","0","2903","1336","1821"
"921","ALIGN_HOLD","11501","-84","-461.42578125","4","4000","6000000","70000","199254","199254","0","2903","1336","1731"
"922","ALIGN_HOLD","11497","-88","-483.3984375","-4","-4000","-8000000","70000","199255","199255","0","2903","1336","1641"
"923","ALIGN_HOLD","11499","-86","-472.412109375","2","2000","6000000","70000","199256","199256","0","2903","1336","1551"
"924","ALIGN_HOLD","11500","-85","-466.9189453125","1","1000","-1000000","70000","199257","199257","0","2903","1336","1461"
"925","ALIGN_HOLD","11496","-89","-488.8916015625","-4","-4000","-5000000","70000","199258","199258","0","2903","1336","1371"
"926","ALIGN_HOLD","11498","-87","-477.9052734375","2","2000","6000000","70000","199259","199259","0","2903","1336","1281"
"927","ALIGN_HOLD","11501","-84","-461.42578125","3","3000","1000000","70000","199260","199260","0","2903","1336","1191"
"928","ALIGN_HOLD","11497","-88","-483.3984375","-4","-4000","-7000000","70000","199261","199261","0","2903","1336","1101"
"929","ALIGN_HOLD","11498","-87","-477.9052734375","1","1000","5000000","70000","199262","199262","0","2903","1336","1011"
"930","ALIGN_HOLD","11497","-88","-483.3984375","-1","-1000","-2000000","70000","199263","199263","0","2903","1336","921"
"931","ALIGN_HOLD","11497","-88","-483.3984375","0","0","1000000","70000","199264","199264","0","2903","1336","831"
"932","ALIGN_HOLD","11495","-90","-494.384765625","-2","-2000","-2000000","70000","199265","199265","0","2903","1336","741"
"933","ALIGN_HOLD","11499","-86","-472.412109375","4","4000","6000000","70000","199266","199266","0","2903","1336","651"
"934","ALIGN_HOLD","11498","-87","-477.9052734375","-1","-1000","-5000000","70000","199267","199267","0","2903","1336","561"
"935","ALIGN_HOLD","11494","-91","-499.8779296875","-4","-4000","-3000000","70000","199268","199268","0","2903","1336","471"
"936","ALIGN_HOLD","11499","-86","-472.412109375","5","5000","9000000","70000","199269","199269","0","2903","1336","381"
"937","ALIGN_HOLD","11501","-84","-461.42578125","2","2000","-3000000","70000","199270","199270","0","2903","1336","291"
"938","ALIGN_HOLD","11498","-87","-477.9052734375","-3","-3000","-5000000","70000","199271","199271","0","2903","1336","201"
"939","ALIGN_HOLD","11500","-85","-466.9189453125","2","2000","5000000","70000","199272","199272","0","2903","1336","111"
"940","ALIGN_HOLD","11499","-86","-472.412109375","-1","-1000","-3000000","70000","199273","199273","0","2903","1336","21"
"941","ALIGN_HOLD","11500","-85","-466.9189453125","1","1000","2000000","70000","199274","199274","0","2903","1336","2086"
"942","ALIGN_HOLD","11496","-89","-488.8916015625","-4","-4000","-5000000","70000","199275","199275","0","2903","1336","1996"
"943","ALIGN_HOLD","11498","-87","-477.9052734375","2","2000","6000000","70000","199276","199276","0","2903","1336","1906"
"944","ALIGN_HOLD","11503","-82","-450.439453125","5","5000","3000000","70000","199277","199277","0","2903","1336","1816"
"945","ALIGN_HOLD","11498","-87","-477.9052734375","-5","-5000","-10000000","70000","199278","199278","0","2903","1336","1726"
"946","ALIGN_HOLD","11496","-89","-488.8916015625","-2","-2000","3000000","70000","199279","199279","0","2903","1336","1636"
"947","ALIGN_HOLD","11495","-90","-494.384765625","-1","-1000","1000000","70000","199280","199280","0","2903","1336","1546"
"948","ALIGN_HOLD","11497","-88","-483.3984375","2","2000","3000000","70000","199281","199281","0","2903","1336","1456"
"949","ALIGN_HOLD","11500","-85","-466.9189453125","3","3000","1000000","70000","199282","199282","0","2903","1336","1366"
"950","ALIGN_HOLD","11497","-88","-483.3984375","-3","-3000","-6000000","70000","199283","199283","0","2903","1336","1276"
"951","ALIGN_HOLD","11497","-88","-483.3984375","0","0","3000000","70000","199284","199284","0","2903","1336","1186"
"952","ALIGN_HOLD","11498","-87","-477.9052734375","1","1000","1000000","70000","199285","199285","0","2903","1336","1096"
"953","ALIGN_HOLD","11501","-84","-461.42578125","3","3000","2000000","70000","199286","199286","0","2903","1336","1006"
"954","ALIGN_HOLD","11501","-84","-461.42578125","0","0","-3000000","70000","199287","199287","0","2903","1336","916"
"955","ALIGN_HOLD","11498","-87","-477.9052734375","-3","-3000","-3000000","70000","199288","199288","0","2903","1336","826"
"956","ALIGN_HOLD","11500","-85","-466.9189453125","2","2000","5000000","70000","199289","199289","0","2903","1336","736"
"957","ALIGN_HOLD","11498","-87","-477.9052734375","-2","-2000","-4000000","70000","199290","199290","0","2903","1336","646"
"958","ALIGN_HOLD","11497","-88","-483.3984375","-1","-1000","1000000","70000","199291","199291","0","2903","1336","556"
"959","ALIGN_HOLD","11495","-90","-494.384765625","-2","-2000","-1000000","70000","199292","199292","0","2903","1336","466"
"960","ALIGN_HOLD","11496","-89","-488.8916015625","1","1000","3000000","70000","199293","199293","0","2903","1336","376"
"961","ALIGN_HOLD","11496","-89","-488.8916015625","0","0","-1000000","70000","199294","199294","0","2903","1336","286"
"962","ALIGN_HOLD","11498","-87","-477.9052734375","2","2000","2000000","70000","199295","199295","0","2903","1336","196"
"963","ALIGN_HOLD","11497","-88","-483.3984375","-1","-1000","-3000000","70000","199296","199296","0","2903","1336","106"
"964","ALIGN_HOLD","11500","-85","-466.9189453125","3","3000","4000000","70000","199297","199297","0","2903","1336","16"
"965","ALIGN_HOLD","11497","-88","-483.3984375","-3","-3000","-6000000","70000","199298","199298","0","2903","1336","2081"
"966","ALIGN_HOLD","11499","-86","-472.412109375","2","2000","5000000","70000","199299","199299","0","2903","1336","1991"
"967","ALIGN_HOLD","11501","-84","-461.42578125","2","2000","0","70000","199300","199300","0","2903","1336","1901"
"968","ALIGN_HOLD","11498","-87","-477.9052734375","-3","-3000","-5000000","70000","199301","199301","0","2903","1336","1811"
"969","ALIGN_HOLD","11498","-87","-477.9052734375","0","0","3000000","70000","199302","199302","0","2903","1336","1721"
"970","ALIGN_HOLD","11498","-87","-477.9052734375","0","0","0","70000","199303","199303","0","2903","1336","1631"
"971","ALIGN_HOLD","11497","-88","-483.3984375","-1","-1000","-1000000","70000","199304","199304","0","2903","1336","1541"
"972","ALIGN_HOLD","11498","-87","-477.9052734375","1","1000","2000000","70000","199305","199305","0","2903","1336","1451"
"973","ALIGN_HOLD","11497","-88","-483.3984375","-1","-1000","-2000000","70000","199306","199306","0","2903","1336","1361"
"974","ALIGN_HOLD","11501","-84","-461.42578125","4","4000","5000000","70000","199307","199307","0","2903","1336","1271"
"975","ALIGN_HOLD","11500","-85","-466.9189453125","-1","-1000","-5000000","70000","199308","199308","0","2903","1336","1181"
"976","ALIGN_HOLD","11499","-86","-472.412109375","-1","-1000","0","70000","199309","199309","0","2903","1336","1091"
"977","ALIGN_HOLD","11497","-88","-483.3984375","-2","-2000","-1000000","70000","199310","199310","0","2903","1336","1001"
"978","ALIGN_HOLD","11496","-89","-488.8916015625","-1","-1000","1000000","70000","199311","199311","0","2903","1336","911"
"979","ALIGN_HOLD","11501","-84","-461.42578125","5","5000","6000000","70000","199312","199312","0","2903","1336","821"
"980","ALIGN_HOLD","11500","-85","-466.9189453125","-1","-1000","-6000000","70000","199313","199313","0","2903","1336","731"
"981","ALIGN_HOLD","11501","-84","-461.42578125","1","1000","2000000","70000","199314","199314","0","2903","1336","641"
"982","ALIGN_HOLD","11496","-89","-488.8916015625","-5","-5000","-6000000","70000","199315","199315","0","2903","1336","551"
"983","ALIGN_HOLD","11501","-84","-461.42578125","5","5000","10000000","70000","199316","199316","0","2903","1336","461"
"984","ALIGN_HOLD","11498","-87","-477.9052734375","-3","-3000","-8000000","70000","199317","199317","0","2903","1336","371"
"985","ALIGN_HOLD","11498","-87","-477.9052734375","0","0","3000000","70000","199318","199318","0","2903","1336","281"
"986","ALIGN_HOLD","11497","-88","-483.3984375","-1","-1000","-1000000","70000","199319","199319","0","2903","1336","191"
"987","ALIGN_HOLD","11500","-85","-466.9189453125","3","3000","4000000","70000","199320","199320","0","2903","1336","101"
"988","ALIGN_HOLD","11497","-88","-483.3984375","-3","-3000","-6000000","70000","199321","199321","0","2903","1336","11"
"989","ALIGN_HOLD","11495","-90","-494.384765625","-2","-2000","1000000","70000","199322","199322","0","2903","1336","2076"
"990","ALIGN_HOLD","11496","-89","-488.8916015625","1","1000","3000000","70000","199323","199323","0","2903","1336","1986"
"991","ALIGN_HOLD","11498","-87","-477.9052734375","2","2000","1000000","70000","199324","199324","0","2903","1336","1896"
"992","ALIGN_HOLD","11498","-87","-477.9052734375","0","0","-2000000","70000","199325","199325","0","2903","1336","1806"
"993","ALIGN_HOLD","11499","-86","-472.412109375","1","1000","1000000","70000","199326","199326","0","2903","1336","1716"
"994","ALIGN_HOLD","11495","-90","-494.384765625","-4","-4000","-5000000","70000","199327","199327","0","2903","1336","1626"
"995","ALIGN_HOLD","11501","-84","-461.42578125","6","6000","10000000","70000","199328","199328","0","2903","1336","1536"
"996","ALIGN_HOLD","11497","-88","-483.3984375","-4","-4000","-10000000","70000","199329","199329","0","2903","1336","1446"
"997","ALIGN_HOLD","11498","-87","-477.9052734375","1","1000","5000000","70000","199330","199330","0","2903","1336","1356"
"998","ALIGN_HOLD","11501","-84","-461.42578125","3","3000","2000000","70000","199331","199331","0","2903","1336","1266"
"999","ALIGN_HOLD","11497","-88","-483.3984375","-4","-4000","-7000000","70000","199332","199332","0","2903","1336","1176"
"1000","ALIGN_HOLD","11497","-88","-483.3984375","0","0","4000000","70000","199333","199333","0","2903","1336","1152"
