"Seq","Phase","EncoderRaw","TravelRaw","TravelMilliDeg","DeltaRaw","VelocityRawPerSecond","AccelerationRawPerSecond2","PowerPpm","ScheduledTick","SampleTick","LatenessTicks","LoopCycles","SpiLatencyCycles","PwmCounterAtCs"
"0","ALIGN_RAMP","31415","-8","-43.9453125","-8","-8000","-8000000","0","153478","153478","0","2897","1336","1994"
"1","ALIGN_RAMP","31418","-5","-27.4658203125","3","3000","11000000","140","153479","153479","0","2902","1336","1121"
"2","ALIGN_RAMP","31418","-5","-27.4658203125","0","0","-3000000","280","153480","153480","0","2902","1336","1031"
"3","ALIGN_RAMP","31423","0","0","5","5000","5000000","420","153481","153481","0","2902","1336","941"
"4","ALIGN_RAMP","31417","-6","-32.958984375","-6","-6000","-11000000","560","153482","153482","0","2902","1336","851"
"5","ALIGN_RAMP","31422","-1","-5.4931640625","5","5000","11000000","700","153483","153483","0","2902","1336","761"
"6","ALIGN_RAMP","31423","0","0","1","1000","-4000000","840","153484","153484","0","2902","1336","671"
"7","ALIGN_RAMP","31421","-2","-10.986328125","-2","-2000","-3000000","980","153485","153485","0","2902","1336","581"
"8","ALIGN_RAMP","31421","-2","-10.986328125","0","0","2000000","1120","153486","153486","0","2902","1336","491"
"9","ALIGN_RAMP","31420","-3","-16.4794921875","-1","-1000","-1000000","1260","153487","153487","0","2902","1336","401"
"10","ALIGN_RAMP","31422","-1","-5.4931640625","2","2000","3000000","1400","153488","153488","0","2902","1336","311"
"11","ALIGN_RAMP","31417","-6","-32.958984375","-5","-5000","-7000000","1540","153489","153489","0","2902","1336","221"
"12","ALIGN_RAMP","31422","-1","-5.4931640625","5","5000","10000000","1680","153490","153490","0","2902","1336","131"
"13","ALIGN_RAMP","31418","-5","-27.4658203125","-4","-4000","-9000000","1820","153491","153491","0","2902","1336","41"
"14","ALIGN_RAMP","31418","-5","-27.4658203125","0","0","4000000","1960","153492","153492","0","2902","1336","2106"
"15","ALIGN_RAMP","31420","-3","-16.4794921875","2","2000","2000000","2100","153493","153493","0","2902","1336","2016"
"16","ALIGN_RAMP","31420","-3","-16.4794921875","0","0","-2000000","2240","153494","153494","0","2902","1336","1926"
"17","ALIGN_RAMP","31420","-3","-16.4794921875","0","0","0","2380","153495","153495","0","2902","1336","1836"
"18","ALIGN_RAMP","31417","-6","-32.958984375","-3","-3000","-3000000","2520","153496","153496","0","2902","1336","1746"
"19","ALIGN_RAMP","31421","-2","-10.986328125","4","4000","7000000","2660","153497","153497","0","2902","1336","1656"
"20","ALIGN_RAMP","31420","-3","-16.4794921875","-1","-1000","-5000000","2800","153498","153498","0","2902","1336","1566"
"21","ALIGN_RAMP","31419","-4","-21.97265625","-1","-1000","0","2940","153499","153499","0","2902","1336","1476"
"22","ALIGN_RAMP","31420","-3","-16.4794921875","1","1000","2000000","3080","153500","153500","0","2902","1336","1386"
"23","ALIGN_RAMP","31421","-2","-10.986328125","1","1000","0","3220","153501","153501","0","2902","1336","1296"
"24","ALIGN_RAMP","31423","0","0","2","2000","1000000","3360","153502","153502","0","2902","1336","1206"
"25","ALIGN_RAMP","31422","-1","-5.4931640625","-1","-1000","-3000000","3500","153503","153503","0","2902","1336","1116"
"26","ALIGN_RAMP","31419","-4","-21.97265625","-3","-3000","-2000000","3640","153504","153504","0","2902","1336","1026"
"27","ALIGN_RAMP","31422","-1","-5.4931640625","3","3000","6000000","3780","153505","153505","0","2902","1336","936"
"28","ALIGN_RAMP","31418","-5","-27.4658203125","-4","-4000","-7000000","3920","153506","153506","0","2902","1336","846"
"29","ALIGN_RAMP","31422","-1","-5.4931640625","4","4000","8000000","4060","153507","153507","0","2902","1336","756"
"30","ALIGN_RAMP","31422","-1","-5.4931640625","0","0","-4000000","4200","153508","153508","0","2902","1336","666"
"31","ALIGN_RAMP","31419","-4","-21.97265625","-3","-3000","-3000000","4340","153509","153509","0","2902","1336","576"
"32","ALIGN_RAMP","31420","-3","-16.4794921875","1","1000","4000000","4480","153510","153510","0","2902","1336","486"
"33","ALIGN_RAMP","31418","-5","-27.4658203125","-2","-2000","-3000000","4620","153511","153511","0","2902","1336","396"
"34","ALIGN_RAMP","31420","-3","-16.4794921875","2","2000","4000000","4760","153512","153512","0","2902","1336","306"
"35","ALIGN_RAMP","31422","-1","-5.4931640625","2","2000","0","4900","153513","153513","0","2902","1336","216"
"36","ALIGN_RAMP","31419","-4","-21.97265625","-3","-3000","-5000000","5040","153514","153514","0","2902","1336","126"
"37","ALIGN_RAMP","31420","-3","-16.4794921875","1","1000","4000000","5180","153515","153515","0","2902","1336","36"
"38","ALIGN_RAMP","31420","-3","-16.4794921875","0","0","-1000000","5320","153516","153516","0","2902","1336","2101"
"39","ALIGN_RAMP","31419","-4","-21.97265625","-1","-1000","-1000000","5460","153517","153517","0","2902","1336","2011"
"40","ALIGN_RAMP","31417","-6","-32.958984375","-2","-2000","-1000000","5600","153518","153518","0","2902","1336","1921"
"41","ALIGN_RAMP","31420","-3","-16.4794921875","3","3000","5000000","5740","153519","153519","0","2902","1336","1831"
"42","ALIGN_RAMP","31422","-1","-5.4931640625","2","2000","-1000000","5880","153520","153520","0","2902","1336","1741"
"43","ALIGN_RAMP","31419","-4","-21.97265625","-3","-3000","-5000000","6020","153521","153521","0","2902","1336","1651"
"44","ALIGN_RAMP","31422","-1","-5.4931640625","3","3000","6000000","6160","153522","153522","0","2902","1336","1561"
"45","ALIGN_RAMP","31420","-3","-16.4794921875","-2","-2000","-5000000","6300","153523","153523","0","2902","1336","1471"
"46","ALIGN_RAMP","31421","-2","-10.986328125","1","1000","3000000","6440","153524","153524","0","2902","1336","1381"
"47","ALIGN_RAMP","31419","-4","-21.97265625","-2","-2000","-3000000","6580","153525","153525","0","2902","1336","1291"
"48","ALIGN_RAMP","31420","-3","-16.4794921875","1","1000","3000000","6720","153526","153526","0","2902","1336","1201"
"49","ALIGN_RAMP","31423","0","0","3","3000","2000000","6860","153527","153527","0","2902","1336","1111"
"50","ALIGN_RAMP","31417","-6","-32.958984375","-6","-6000","-9000000","7000","153528","153528","0","2902","1336","1021"
"51","ALIGN_RAMP","31419","-4","-21.97265625","2","2000","8000000","7140","153529","153529","0","2902","1336","931"
"52","ALIGN_RAMP","31419","-4","-21.97265625","0","0","-2000000","7280","153530","153530","0","2902","1336","841"
"53","ALIGN_RAMP","31420","-3","-16.4794921875","1","1000","1000000","7420","153531","153531","0","2902","1336","751"
"54","ALIGN_RAMP","31420","-3","-16.4794921875","0","0","-1000000","7560","153532","153532","0","2902","1336","661"
"55","ALIGN_RAMP","31421","-2","-10.986328125","1","1000","1000000","7700","153533","153533","0","2902","1336","571"
"56","ALIGN_RAMP","31420","-3","-16.4794921875","-1","-1000","-2000000","7840","153534","153534","0","2902","1336","481"
"57","ALIGN_RAMP","31419","-4","-21.97265625","-1","-1000","0","7980","153535","153535","0","2902","1336","391"
"58","ALIGN_RAMP","31421","-2","-10.986328125","2","2000","3000000","8120","153536","153536","0","2902","1336","301"
"59","ALIGN_RAMP","31423","0","0","2","2000","0","8260","153537","153537","0","2902","1336","211"
"60","ALIGN_RAMP","31423","0","0","0","0","-2000000","8400","153538","153538","0","2902","1336","121"
"61","ALIGN_RAMP","31418","-5","-27.4658203125","-5","-5000","-5000000","8540","153539","153539","0","2902","1336","31"
"62","ALIGN_RAMP","31420","-3","-16.4794921875","2","2000","7000000","8680","153540","153540","0","2902","1336","2096"
"63","ALIGN_RAMP","31422","-1","-5.4931640625","2","2000","0","8820","153541","153541","0","2902","1336","2006"
"64","ALIGN_RAMP","31416","-7","-38.4521484375","-6","-6000","-8000000","8960","153542","153542","0","2902","1336","1916"
"65","ALIGN_RAMP","31418","-5","-27.4658203125","2","2000","8000000","9100","153543","153543","0","2902","1336","1826"
"66","ALIGN_RAMP","31420","-3","-16.4794921875","2","2000","0","9240","153544","153544","0","2902","1336","1736"
"67","ALIGN_RAMP","31422","-1","-5.4931640625","2","2000","0","9380","153545","153545","0","2902","1336","1646"
"68","ALIGN_RAMP","31420","-3","-16.4794921875","-2","-2000","-4000000","9520","153546","153546","0","2902","1336","1556"
"69","ALIGN_RAMP","31421","-2","-10.986328125","1","1000","3000000","9660","153547","153547","0","2902","1336","1466"
"70","ALIGN_RAMP","31421","-2","-10.986328125","0","0","-1000000","9800","153548","153548","0","2902","1336","1376"
"71","ALIGN_RAMP","31419","-4","-21.97265625","-2","-2000","-2000000","9940","153549","153549","0","2902","1336","1286"
"72","ALIGN_RAMP","31419","-4","-21.97265625","0","0","2000000","10080","153550","153550","0","2902","1336","1196"
"73","ALIGN_RAMP","31419","-4","-21.97265625","0","0","0","10220","153551","153551","0","2902","1336","1106"
"74","ALIGN_RAMP","31418","-5","-27.4658203125","-1","-1000","-1000000","10360","153552","153552","0","2902","1336","1016"
"75","ALIGN_RAMP","31419","-4","-21.97265625","1","1000","2000000","10500","153553","153553","0","2902","1336","926"
"76","ALIGN_RAMP","31420","-3","-16.4794921875","1","1000","0","10640","153554","153554","0","2902","1336","836"
"77","ALIGN_RAMP","31419","-4","-21.97265625","-1","-1000","-2000000","10780","153555","153555","0","2902","1336","746"
"78","ALIGN_RAMP","31423","0","0","4","4000","5000000","10920","153556","153556","0","2902","1336","656"
"79","ALIGN_RAMP","31422","-1","-5.4931640625","-1","-1000","-5000000","11060","153557","153557","0","2902","1336","566"
"80","ALIGN_RAMP","31419","-4","-21.97265625","-3","-3000","-2000000","11200","153558","153558","0","2902","1336","476"
"81","ALIGN_RAMP","31420","-3","-16.4794921875","1","1000","4000000","11340","153559","153559","0","2902","1336","386"
"82","ALIGN_RAMP","31419","-4","-21.97265625","-1","-1000","-2000000","11480","153560","153560","0","2902","1336","296"
"83","ALIGN_RAMP","31422","-1","-5.4931640625","3","3000","4000000","11620","153561","153561","0","2902","1336","206"
"84","ALIGN_RAMP","31421","-2","-10.986328125","-1","-1000","-4000000","11760","153562","153562","0","2902","1336","116"
"85","ALIGN_RAMP","31423","0","0","2","2000","3000000","11900","153563","153563","0","2902","1336","26"
"86","ALIGN_RAMP","31423","0","0","0","0","-2000000","12040","153564","153564","0","2902","1336","2091"
"87","ALIGN_RAMP","31416","-7","-38.4521484375","-7","-7000","-7000000","12180","153565","153565","0","2902","1336","2001"
"88","ALIGN_RAMP","31420","-3","-16.4794921875","4","4000","11000000","12320","153566","153566","0","2902","1336","1911"
"89","ALIGN_RAMP","31420","-3","-16.4794921875","0","0","-4000000","12460","153567","153567","0","2902","1336","1821"
"90","ALIGN_RAMP","31418","-5","-27.4658203125","-2","-2000","-2000000","12600","153568","153568","0","2902","1336","1731"
"91","ALIGN_RAMP","31418","-5","-27.4658203125","0","0","2000000","12740","153569","153569","0","2902","1336","1641"
"92","ALIGN_RAMP","31419","-4","-21.97265625","1","1000","1000000","12880","153570","153570","0","2902","1336","1551"
"93","ALIGN_RAMP","31421","-2","-10.986328125","2","2000","1000000","13020","153571","153571","0","2902","1336","1461"
"94","ALIGN_RAMP","31421","-2","-10.986328125","0","0","-2000000","13160","153572","153572","0","2902","1336","1371"
"95","ALIGN_RAMP","31420","-3","-16.4794921875","-1","-1000","-1000000","13300","153573","153573","0","2902","1336","1281"
"96","ALIGN_RAMP","31420","-3","-16.4794921875","0","0","1000000","13440","153574","153574","0","2902","1336","1191"
"97","ALIGN_RAMP","31422","-1","-5.4931640625","2","2000","2000000","13580","153575","153575","0","2902","1336","1101"
"98","ALIGN_RAMP","31418","-5","-27.4658203125","-4","-4000","-6000000","13720","153576","153576","0","2902","1336","1011"
"99","ALIGN_RAMP","31418","-5","-27.4658203125","0","0","4000000","13860","153577","153577","0","2902","1336","921"
"100","ALIGN_RAMP","31415","-8","-43.9453125","-3","-3000","-3000000","14000","153578","153578","0","2902","1336","831"
"101","ALIGN_RAMP","31419","-4","-21.97265625","4","4000","7000000","14140","153579","153579","0","2902","1336","741"
"102","ALIGN_RAMP","31422","-1","-5.4931640625","3","3000","-1000000","14280","153580","153580","0","2902","1336","651"
"103","ALIGN_RAMP","31421","-2","-10.986328125","-1","-1000","-4000000","14420","153581","153581","0","2902","1336","561"
"104","ALIGN_RAMP","31417","-6","-32.958984375","-4","-4000","-3000000","14560","153582","153582","0","2902","1336","471"
"105","ALIGN_RAMP","31423","0","0","6","6000","10000000","14700","153583","153583","0","2902","1336","381"
"106","ALIGN_RAMP","31418","-5","-27.4658203125","-5","-5000","-11000000","14840","153584","153584","0","2902","1336","291"
"107","ALIGN_RAMP","31418","-5","-27.4658203125","0","0","5000000","14980","153585","153585","0","2902","1336","201"
"108","ALIGN_RAMP","31415","-8","-43.9453125","-3","-3000","-3000000","15120","153586","153586","0","2902","1336","111"
"109","ALIGN_RAMP","31421","-2","-10.986328125","6","6000","9000000","15260","153587","153587","0","2902","1336","21"
"110","ALIGN_RAMP","31418","-5","-27.4658203125","-3","-3000","-9000000","15400","153588","153588","0","2902","1336","2086"
"111","ALIGN_RAMP","31417","-6","-32.958984375","-1","-1000","2000000","15540","153589","153589","0","2902","1336","1996"
"112","ALIGN_RAMP","31419","-4","-21.97265625","2","2000","3000000","15680","153590","153590","0","2902","1336","1906"
"113","ALIGN_RAMP","31418","-5","-27.4658203125","-1","-1000","-3000000","15820","153591","153591","0","2902","1336","1816"
"114","ALIGN_RAMP","31421","-2","-10.986328125","3","3000","4000000","15960","153592","153592","0","2902","1336","1726"
"115","ALIGN_RAMP","31422","-1","-5.4931640625","1","1000","-2000000","16100","153593","153593","0","2902","1336","1636"
"116","ALIGN_RAMP","31421","-2","-10.986328125","-1","-1000","-2000000","16240","153594","153594","0","2902","1336","1546"
"117","ALIGN_RAMP","31419","-4","-21.97265625","-2","-2000","-1000000","16380","153595","153595","0","2902","1336","1456"
"118","ALIGN_RAMP","31419","-4","-21.97265625","0","0","2000000","16520","153596","153596","0","2902","1336","1366"
"119","ALIGN_RAMP","31419","-4","-21.97265625","0","0","0","16660","153597","153597","0","2902","1336","1276"
"120","ALIGN_RAMP","31420","-3","-16.4794921875","1","1000","1000000","16800","153598","153598","0","2902","1336","1186"
"121","ALIGN_RAMP","31422","-1","-5.4931640625","2","2000","1000000","16940","153599","153599","0","2902","1336","1096"
"122","ALIGN_RAMP","31422","-1","-5.4931640625","0","0","-2000000","17080","153600","153600","0","2902","1336","1006"
"123","ALIGN_RAMP","31420","-3","-16.4794921875","-2","-2000","-2000000","17220","153601","153601","0","2902","1336","916"
"124","ALIGN_RAMP","31416","-7","-38.4521484375","-4","-4000","-2000000","17360","153602","153602","0","2902","1336","826"
"125","ALIGN_RAMP","31420","-3","-16.4794921875","4","4000","8000000","17500","153603","153603","0","2902","1336","736"
"126","ALIGN_RAMP","31419","-4","-21.97265625","-1","-1000","-5000000","17640","153604","153604","0","2902","1336","646"
"127","ALIGN_RAMP","31424","1","5.4931640625","5","5000","6000000","17780","153605","153605","0","2902","1336","556"
"128","ALIGN_RAMP","31419","-4","-21.97265625","-5","-5000","-10000000","17920","153606","153606","0","2902","1336","466"
"129","ALIGN_RAMP","31421","-2","-10.986328125","2","2000","7000000","18060","153607","153607","0","2902","1336","376"
"130","ALIGN_RAMP","31419","-4","-21.97265625","-2","-2000","-4000000","18200","153608","153608","0","2902","1336","286"
"131","ALIGN_RAMP","31419","-4","-21.97265625","0","0","2000000","18340","153609","153609","0","2902","1336","196"
"132","ALIGN_RAMP","31421","-2","-10.986328125","2","2000","2000000","18480","153610","153610","0","2902","1336","106"
"133","ALIGN_RAMP","31420","-3","-16.4794921875","-1","-1000","-3000000","18620","153611","153611","0","2902","1336","16"
"134","ALIGN_RAMP","31417","-6","-32.958984375","-3","-3000","-2000000","18760","153612","153612","0","2902","1336","2081"
"135","ALIGN_RAMP","31422","-1","-5.4931640625","5","5000","8000000","18900","153613","153613","0","2902","1336","1991"
"136","ALIGN_RAMP","31420","-3","-16.4794921875","-2","-2000","-7000000","19040","153614","153614","0","2902","1336","1901"
"137","ALIGN_RAMP","31423","0","0","3","3000","5000000","19180","153615","153615","0","2902","1336","1811"
"138","ALIGN_RAMP","31418","-5","-27.4658203125","-5","-5000","-8000000","19320","153616","153616","0","2902","1336","1721"
"139","ALIGN_RAMP","31417","-6","-32.958984375","-1","-1000","4000000","19460","153617","153617","0","2902","1336","1631"
"140","ALIGN_RAMP","31419","-4","-21.97265625","2","2000","3000000","19600","153618","153618","0","2902","1336","1541"
"141","ALIGN_RAMP","31421","-2","-10.986328125","2","2000","0","19740","153619","153619","0","2902","1336","1451"
"142","ALIGN_RAMP","31419","-4","-21.97265625","-2","-2000","-4000000","19880","153620","153620","0","2902","1336","1361"
"143","ALIGN_RAMP","31419","-4","-21.97265625","0","0","2000000","20020","153621","153621","0","2902","1336","1271"
"144","ALIGN_RAMP","31423","0","0","4","4000","4000000","20160","153622","153622","0","2902","1336","1181"
"145","ALIGN_RAMP","31421","-2","-10.986328125","-2","-2000","-6000000","20300","153623","153623","0","2902","1336","1091"
"146","ALIGN_RAMP","31417","-6","-32.958984375","-4","-4000","-2000000","20440","153624","153624","0","2902","1336","1001"
"147","ALIGN_RAMP","31419","-4","-21.97265625","2","2000","6000000","20580","153625","153625","0","2902","1336","911"
"148","ALIGN_RAMP","31417","-6","-32.958984375","-2","-2000","-4000000","20720","153626","153626","0","2902","1336","821"
"149","ALIGN_RAMP","31421","-2","-10.986328125","4","4000","6000000","20860","153627","153627","0","2902","1336","731"
"150","ALIGN_RAMP","31419","-4","-21.97265625","-2","-2000","-6000000","21000","153628","153628","0","2902","1336","641"
"151","ALIGN_RAMP","31424","1","5.4931640625","5","5000","7000000","21140","153629","153629","0","2902","1336","551"
"152","ALIGN_RAMP","31418","-5","-27.4658203125","-6","-6000","-11000000","21280","153630","153630","0","2902","1336","461"
"153","ALIGN_RAMP","31419","-4","-21.97265625","1","1000","7000000","21420","153631","153631","0","2902","1336","371"
"154","ALIGN_RAMP","31417","-6","-32.958984375","-2","-2000","-3000000","21560","153632","153632","0","2902","1336","281"
"155","ALIGN_RAMP","31421","-2","-10.986328125","4","4000","6000000","21700","153633","153633","0","2902","1336","191"
"156","ALIGN_RAMP","31420","-3","-16.4794921875","-1","-1000","-5000000","21840","153634","153634","0","2902","1336","101"
"157","ALIGN_RAMP","31417","-6","-32.958984375","-3","-3000","-2000000","21980","153635","153635","0","2902","1336","11"
"158","ALIGN_RAMP","31422","-1","-5.4931640625","5","5000","8000000","22120","153636","153636","0","2902","1336","2076"
"159","ALIGN_RAMP","31419","-4","-21.97265625","-3","-3000","-8000000","22260","153637","153637","0","2902","1336","1986"
"160","ALIGN_RAMP","31420","-3","-16.4794921875","1","1000","4000000","22400","153638","153638","0","2902","1336","1896"
"161","ALIGN_RAMP","31419","-4","-21.97265625","-1","-1000","-2000000","22540","153639","153639","0","2902","1336","1806"
"162","ALIGN_RAMP","31418","-5","-27.4658203125","-1","-1000","0","22680","153640","153640","0","2902","1336","1716"
"163","ALIGN_RAMP","31421","-2","-10.986328125","3","3000","4000000","22820","153641","153641","0","2902","1336","1626"
"164","ALIGN_RAMP","31421","-2","-10.986328125","0","0","-3000000","22960","153642","153642","0","2902","1336","1536"
"165","ALIGN_RAMP","31419","-4","-21.97265625","-2","-2000","-2000000","23100","153643","153643","0","2902","1336","1446"
"166","ALIGN_RAMP","31419","-4","-21.97265625","0","0","2000000","23240","153644","153644","0","2902","1336","1356"
"167","ALIGN_RAMP","31418","-5","-27.4658203125","-1","-1000","-1000000","23380","153645","153645","0","2902","1336","1266"
"168","ALIGN_RAMP","31418","-5","-27.4658203125","0","0","1000000","23520","153646","153646","0","2902","1336","1176"
"169","ALIGN_RAMP","31418","-5","-27.4658203125","0","0","0","23660","153647","153647","0","2902","1336","1086"
"170","ALIGN_RAMP","31418","-5","-27.4658203125","0","0","0","23800","153648","153648","0","2902","1336","996"
"171","ALIGN_RAMP","31419","-4","-21.97265625","1","1000","1000000","23940","153649","153649","0","2902","1336","906"
"172","ALIGN_RAMP","31419","-4","-21.97265625","0","0","-1000000","24080","153650","153650","0","2902","1336","816"
"173","ALIGN_RAMP","31420","-3","-16.4794921875","1","1000","1000000","24220","153651","153651","0","2902","1336","726"
"174","ALIGN_RAMP","31420","-3","-16.4794921875","0","0","-1000000","24360","153652","153652","0","2902","1336","636"
"175","ALIGN_RAMP","31418","-5","-27.4658203125","-2","-2000","-2000000","24500","153653","153653","0","2902","1336","546"
"176","ALIGN_RAMP","31416","-7","-38.4521484375","-2","-2000","0","24640","153654","153654","0","2902","1336","456"
"177","ALIGN_RAMP","31418","-5","-27.4658203125","2","2000","4000000","24780","153655","153655","0","2902","1336","366"
"178","ALIGN_RAMP","31419","-4","-21.97265625","1","1000","-1000000","24920","153656","153656","0","2902","1336","276"
"179","ALIGN_RAMP","31416","-7","-38.4521484375","-3","-3000","-4000000","25060","153657","153657","0","2902","1336","186"
"180","ALIGN_RAMP","31423","0","0","7","7000","10000000","25200","153658","153658","0","2902","1336","96"
"181","ALIGN_RAMP","31418","-5","-27.4658203125","-5","-5000","-12000000","25340","153659","153659","0","2902","1336","6"
"182","ALIGN_RAMP","31418","-5","-27.4658203125","0","0","5000000","25480","153660","153660","0","2902","1336","2071"
"183","ALIGN_RAMP","31422","-1","-5.4931640625","4","4000","4000000","25620","153661","153661","0","2902","1336","1981"
"184","ALIGN_RAMP","31417","-6","-32.958984375","-5","-5000","-9000000","25760","153662","153662","0","2902","1336","1891"
"185","ALIGN_RAMP","31418","-5","-27.4658203125","1","1000","6000000","25900","153663","153663","0","2902","1336","1801"
"186","ALIGN_RAMP","31416","-7","-38.4521484375","-2","-2000","-3000000","26040","153664","153664","0","2902","1336","1711"
"187","ALIGN_RAMP","31419","-4","-21.97265625","3","3000","5000000","26180","153665","153665","0","2902","1336","1621"
"188","ALIGN_RAMP","31421","-2","-10.986328125","2","2000","-1000000","26320","153666","153666","0","2902","1336","1531"
"189","ALIGN_RAMP","31415","-8","-43.9453125","-6","-6000","-8000000","26460","153667","153667","0","2902","1336","1441"
"190","ALIGN_RAMP","31416","-7","-38.4521484375","1","1000","7000000","26600","153668","153668","0","2902","1336","1351"
"191","ALIGN_RAMP","31420","-3","-16.4794921875","4","4000","3000000","26740","153669","153669","0","2902","1336","1261"
"192","ALIGN_RAMP","31415","-8","-43.9453125","-5","-5000","-9000000","26880","153670","153670","0","2902","1336","1171"
"193","ALIGN_RAMP","31417","-6","-32.958984375","2","2000","7000000","27020","153671","153671","0","2902","1336","1081"
"194","ALIGN_RAMP","31418","-5","-27.4658203125","1","1000","-1000000","27160","153672","153672","0","2902","1336","991"
"195","ALIGN_RAMP","31418","-5","-27.4658203125","0","0","-1000000","27300","153673","153673","0","2902","1336","901"
"196","ALIGN_RAMP","31419","-4","-21.97265625","1","1000","1000000","27440","153674","153674","0","2902","1336","811"
"197","ALIGN_RAMP","31417","-6","-32.958984375","-2","-2000","-3000000","27580","153675","153675","0","2902","1336","721"
"198","ALIGN_RAMP","31415","-8","-43.9453125","-2","-2000","0","27720","153676","153676","0","2902","1336","631"
"199","ALIGN_RAMP","31418","-5","-27.4658203125","3","3000","5000000","27860","153677","153677","0","2902","1336","541"
"200","ALIGN_RAMP","31419","-4","-21.97265625","1","1000","-2000000","28000","153678","153678","0","2902","1336","517"
"201","ALIGN_RAMP","31418","-5","-27.4658203125","-1","-1000","-2000000","28140","153679","153679","0","2902","1336","361"
"202","ALIGN_RAMP","31420","-3","-16.4794921875","2","2000","3000000","28280","153680","153680","0","2902","1336","271"
"203","ALIGN_RAMP","31417","-6","-32.958984375","-3","-3000","-5000000","28420","153681","153681","0","2902","1336","181"
"204","ALIGN_RAMP","31421","-2","-10.986328125","4","4000","7000000","28560","153682","153682","0","2902","1336","91"
"205","ALIGN_RAMP","31420","-3","-16.4794921875","-1","-1000","-5000000","28700","153683","153683","0","2902","1336","1"
"206","ALIGN_RAMP","31418","-5","-27.4658203125","-2","-2000","-1000000","28840","153684","153684","0","2902","1336","2066"
"207","ALIGN_RAMP","31417","-6","-32.958984375","-1","-1000","1000000","28980","153685","153685","0","2902","1336","1976"
"208","ALIGN_RAMP","31419","-4","-21.97265625","2","2000","3000000","29120","153686","153686","0","2902","1336","1886"
"209","ALIGN_RAMP","31416","-7","-38.4521484375","-3","-3000","-5000000","29260","153687","153687","0","2902","1336","1796"
"210","ALIGN_RAMP","31415","-8","-43.9453125","-1","-1000","2000000","29400","153688","153688","0","2902","1336","1706"
"211","ALIGN_RAMP","31414","-9","-49.4384765625","-1","-1000","0","29540","153689","153689","0","2902","1336","1616"
"212","ALIGN_RAMP","31417","-6","-32.958984375","3","3000","4000000","29680","153690","153690","0","2902","1336","1526"
"213","ALIGN_RAMP","31418","-5","-27.4658203125","1","1000","-2000000","29820","153691","153691","0","2902","1336","1436"
"214","ALIGN_RAMP","31415","-8","-43.9453125","-3","-3000","-4000000","29960","153692","153692","0","2902","1336","1346"
"215","ALIGN_RAMP","31418","-5","-27.4658203125","3","3000","6000000","30100","153693","153693","0","2902","1336","1256"
"216","ALIGN_RAMP","31419","-4","-21.97265625","1","1000","-2000000","30240","153694","153694","0","2902","1336","1166"
"217","ALIGN_RAMP","31415","-8","-43.9453125","-4","-4000","-5000000","30380","153695","153695","0","2902","1336","1076"
"218","ALIGN_RAMP","31419","-4","-21.97265625","4","4000","8000000","30520","153696","153696","0","2902","1336","986"
"219","ALIGN_RAMP","31415","-8","-43.9453125","-4","-4000","-8000000","30660","153697","153697","0","2902","1336","896"
"220","ALIGN_RAMP","31418","-5","-27.4658203125","3","3000","7000000","30800","153698","153698","0","2902","1336","806"
"221","ALIGN_RAMP","31417","-6","-32.958984375","-1","-1000","-4000000","30940","153699","153699","0","2902","1336","716"
"222","ALIGN_RAMP","31415","-8","-43.9453125","-2","-2000","-1000000","31080","153700","153700","0","2902","1336","626"
"223","ALIGN_RAMP","31418","-5","-27.4658203125","3","3000","5000000","31220","153701","153701","0","2902","1336","536"
"224","ALIGN_RAMP","31419","-4","-21.97265625","1","1000","-2000000","31360","153702","153702","0","2902","1336","446"
"225","ALIGN_RAMP","31417","-6","-32.958984375","-2","-2000","-3000000","31500","153703","153703","0","2902","1336","356"
"226","ALIGN_RAMP","31418","-5","-27.4658203125","1","1000","3000000","31640","153704","153704","0","2902","1336","266"
"227","ALIGN_RAMP","31416","-7","-38.4521484375","-2","-2000","-3000000","31780","153705","153705","0","2902","1336","176"
"228","ALIGN_RAMP","31420","-3","-16.4794921875","4","4000","6000000","31920","153706","153706","0","2902","1336","86"
"229","ALIGN_RAMP","31418","-5","-27.4658203125","-2","-2000","-6000000","32060","153707","153707","0","2902","1336","2151"
"230","ALIGN_RAMP","31418","-5","-27.4658203125","0","0","2000000","32200","153708","153708","0","2902","1336","2061"
"231","ALIGN_RAMP","31417","-6","-32.958984375","-1","-1000","-1000000","32340","153709","153709","0","2902","1336","1971"
"232","ALIGN_RAMP","31415","-8","-43.9453125","-2","-2000","-1000000","32480","153710","153710","0","2902","1336","1881"
"233","ALIGN_RAMP","31416","-7","-38.4521484375","1","1000","3000000","32620","153711","153711","0","2902","1336","1791"
"234","ALIGN_RAMP","31413","-10","-54.931640625","-3","-3000","-4000000","32760","153712","153712","0","2902","1336","1701"
"235","ALIGN_RAMP","31415","-8","-43.9453125","2","2000","5000000","32900","153713","153713","0","2902","1336","1611"
"236","ALIGN_RAMP","31417","-6","-32.958984375","2","2000","0","33040","153714","153714","0","2902","1336","1521"
"237","ALIGN_RAMP","31417","-6","-32.958984375","0","0","-2000000","33180","153715","153715","0","2902","1336","1431"
"238","ALIGN_RAMP","31414","-9","-49.4384765625","-3","-3000","-3000000","33320","153716","153716","0","2902","1336","1341"
"239","ALIGN_RAMP","31415","-8","-43.9453125","1","1000","4000000","33460","153717","153717","0","2902","1336","1251"
"240","ALIGN_RAMP","31416","-7","-38.4521484375","1","1000","0","33600","153718","153718","0","2902","1336","1161"
"241","ALIGN_RAMP","31411","-12","-65.91796875","-5","-5000","-6000000","33740","153719","153719","0","2902","1336","1071"
"242","ALIGN_RAMP","31416","-7","-38.4521484375","5","5000","10000000","33880","153720","153720","0","2902","1336","981"
"243","ALIGN_RAMP","31414","-9","-49.4384765625","-2","-2000","-7000000","34020","153721","153721","0","2902","1336","891"
"244","ALIGN_RAMP","31413","-10","-54.931640625","-1","-1000","1000000","34160","153722","153722","0","2902","1336","801"
"245","ALIGN_RAMP","31413","-10","-54.931640625","0","0","1000000","34300","153723","153723","0","2902","1336","711"
"246","ALIGN_RAMP","31417","-6","-32.958984375","4","4000","4000000","34440","153724","153724","0","2902","1336","621"
"247","ALIGN_RAMP","31416","-7","-38.4521484375","-1","-1000","-5000000","34580","153725","153725","0","2902","1336","531"
"248","ALIGN_RAMP","31414","-9","-49.4384765625","-2","-2000","-1000000","34720","153726","153726","0","2902","1336","441"
"249","ALIGN_RAMP","31418","-5","-27.4658203125","4","4000","6000000","34860","153727","153727","0","2902","1336","351"
"250","ALIGN_RAMP","31413","-10","-54.931640625","-5","-5000","-9000000","35000","153728","153728","0","2902","1336","261"
"251","ALIGN_RAMP","31416","-7","-38.4521484375","3","3000","8000000","35140","153729","153729","0","2902","1336","171"
"252","ALIGN_RAMP","31413","-10","-54.931640625","-3","-3000","-6000000","35280","153730","153730","0","2902","1336","81"
"253","ALIGN_RAMP","31413","-10","-54.931640625","0","0","3000000","35420","153731","153731","0","2902","1336","2146"
"254","ALIGN_RAMP","31414","-9","-49.4384765625","1","1000","1000000","35560","153732","153732","0","2902","1336","2056"
"255","ALIGN_RAMP","31412","-11","-60.4248046875","-2","-2000","-3000000","35700","153733","153733","0","2902","1336","1966"
"256","ALIGN_RAMP","31414","-9","-49.4384765625","2","2000","4000000","35840","153734","153734","0","2902","1336","1876"
"257","ALIGN_RAMP","31418","-5","-27.4658203125","4","4000","2000000","35980","153735","153735","0","2902","1336","1786"
"258","ALIGN_RAMP","31411","-12","-65.91796875","-7","-7000","-11000000","36120","153736","153736","0","2902","1336","1696"
"259","ALIGN_RAMP","31414","-9","-49.4384765625","3","3000","10000000","36260","153737","153737","0","2902","1336","1606"
"260","ALIGN_RAMP","31412","-11","-60.4248046875","-2","-2000","-5000000","36400","153738","153738","0","2902","1336","1516"
"261","ALIGN_RAMP","31414","-9","-49.4384765625","2","2000","4000000","36540","153739","153739","0","2902","1336","1426"
"262","ALIGN_RAMP","31411","-12","-65.91796875","-3","-3000","-5000000","36680","153740","153740","0","2902","1336","1336"
"263","ALIGN_RAMP","31411","-12","-65.91796875","0","0","3000000","36820","153741","153741","0","2902","1336","1246"
"264","ALIGN_RAMP","31413","-10","-54.931640625","2","2000","2000000","36960","153742","153742","0","2902","1336","1156"
"265","ALIGN_RAMP","31410","-13","-71.4111328125","-3","-3000","-5000000","37100","153743","153743","0","2902","1336","1066"
"266","ALIGN_RAMP","31410","-13","-71.4111328125","0","0","3000000","37240","153744","153744","0","2902","1336","976"
"267","ALIGN_RAMP","31415","-8","-43.9453125","5","5000","5000000","37380","153745","153745","0","2902","1336","886"
"268","ALIGN_RAMP","31413","-10","-54.931640625","-2","-2000","-7000000","37520","153746","153746","0","2902","1336","796"
"269","ALIGN_RAMP","31413","-10","-54.931640625","0","0","2000000","37660","153747","153747","0","2902","1336","706"
"270","ALIGN_RAMP","31413","-10","-54.931640625","0","0","0","37800","153748","153748","0","2902","1336","616"
"271","ALIGN_RAMP","31409","-14","-76.904296875","-4","-4000","-4000000","37940","153749","153749","0","2902","1336","526"
"272","ALIGN_RAMP","31410","-13","-71.4111328125","1","1000","5000000","38080","153750","153750","0","2902","1336","436"
"273","ALIGN_RAMP","31418","-5","-27.4658203125","8","8000","7000000","38220","153751","153751","0","2902","1336","346"
"274","ALIGN_RAMP","31410","-13","-71.4111328125","-8","-8000","-16000000","38360","153752","153752","0","2902","1336","256"
"275","ALIGN_RAMP","31410","-13","-71.4111328125","0","0","8000000","38500","153753","153753","0","2902","1336","166"
"276","ALIGN_RAMP","31415","-8","-43.9453125","5","5000","5000000","38640","153754","153754","0","2902","1336","76"
"277","ALIGN_RAMP","31408","-15","-82.3974609375","-7","-7000","-12000000","38780","153755","153755","0","2902","1336","2141"
"278","ALIGN_RAMP","31412","-11","-60.4248046875","4","4000","11000000","38920","153756","153756","0","2902","1336","2051"
"279","ALIGN_RAMP","31407","-16","-87.890625","-5","-5000","-9000000","39060","153757","153757","0","2902","1336","1961"
"280","ALIGN_RAMP","31411","-12","-65.91796875","4","4000","9000000","39200","153758","153758","0","2902","1336","1871"
"281","ALIGN_RAMP","31409","-14","-76.904296875","-2","-2000","-6000000","39340","153759","153759","0","2902","1336","1781"
"282","ALIGN_RAMP","31407","-16","-87.890625","-2","-2000","0","39480","153760","153760","0","2902","1336","1691"
"283","ALIGN_RAMP","31409","-14","-76.904296875","2","2000","4000000","39620","153761","153761","0","2902","1336","1601"
"284","ALIGN_RAMP","31410","-13","-71.4111328125","1","1000","-1000000","39760","153762","153762","0","2902","1336","1511"
"285","ALIGN_RAMP","31409","-14","-76.904296875","-1","-1000","-2000000","39900","153763","153763","0","2902","1336","1421"
"286","ALIGN_RAMP","31410","-13","-71.4111328125","1","1000","2000000","40040","153764","153764","0","2902","1336","1331"
"287","ALIGN_RAMP","31408","-15","-82.3974609375","-2","-2000","-3000000","40180","153765","153765","0","2902","1336","1241"
"288","ALIGN_RAMP","31407","-16","-87.890625","-1","-1000","1000000","40320","153766","153766","0","2902","1336","1151"
"289","ALIGN_RAMP","31407","-16","-87.890625","0","0","1000000","40460","153767","153767","0","2902","1336","1061"
"290","ALIGN_RAMP","31409","-14","-76.904296875","2","2000","2000000","40600","153768","153768","0","2902","1336","971"
"291","ALIGN_RAMP","31410","-13","-71.4111328125","1","1000","-1000000","40740","153769","153769","0","2902","1336","881"
"292","ALIGN_RAMP","31406","-17","-93.3837890625","-4","-4000","-5000000","40880","153770","153770","0","2902","1336","791"
"293","ALIGN_RAMP","31410","-13","-71.4111328125","4","4000","8000000","41020","153771","153771","0","2902","1336","701"
"294","ALIGN_RAMP","31411","-12","-65.91796875","1","1000","-3000000","41160","153772","153772","0","2902","1336","611"
"295","ALIGN_RAMP","31405","-18","-98.876953125","-6","-6000","-7000000","41300","153773","153773","0","2902","1336","521"
"296","ALIGN_RAMP","31404","-19","-104.3701171875","-1","-1000","5000000","41440","153774","153774","0","2902","1336","431"
"297","ALIGN_RAMP","31407","-16","-87.890625","3","3000","4000000","41580","153775","153775","0","2902","1336","341"
"298","ALIGN_RAMP","31408","-15","-82.3974609375","1","1000","-2000000","41720","153776","153776","0","2902","1336","251"
"299","ALIGN_RAMP","31408","-15","-82.3974609375","0","0","-1000000","41860","153777","153777","0","2902","1336","161"
"300","ALIGN_RAMP","31410","-13","-71.4111328125","2","2000","2000000","42000","153778","153778","0","2902","1336","71"
"301","ALIGN_RAMP","31410","-13","-71.4111328125","0","0","-2000000","42140","153779","153779","0","2902","1336","2136"
"302","ALIGN_RAMP","31407","-16","-87.890625","-3","-3000","-3000000","42280","153780","153780","0","2902","1336","2046"
"303","ALIGN_RAMP","31407","-16","-87.890625","0","0","3000000","42420","153781","153781","0","2902","1336","1956"
"304","ALIGN_RAMP","31406","-17","-93.3837890625","-1","-1000","-1000000","42560","153782","153782","0","2902","1336","1866"
"305","ALIGN_RAMP","31406","-17","-93.3837890625","0","0","1000000","42700","153783","153783","0","2902","1336","1776"
"306","ALIGN_RAMP","31409","-14","-76.904296875","3","3000","3000000","42840","153784","153784","0","2902","1336","1686"
"307","ALIGN_RAMP","31407","-16","-87.890625","-2","-2000","-5000000","42980","153785","153785","0","2902","1336","1596"
"308","ALIGN_RAMP","31407","-16","-87.890625","0","0","2000000","43120","153786","153786","0","2902","1336","1506"
"309","ALIGN_RAMP","31403","-20","-109.86328125","-4","-4000","-4000000","43260","153787","153787","0","2902","1336","1416"
"310","ALIGN_RAMP","31405","-18","-98.876953125","2","2000","6000000","43400","153788","153788","0","2902","1336","1326"
"311","ALIGN_RAMP","31407","-16","-87.890625","2","2000","0","43540","153789","153789","0","2902","1336","1236"
"312","ALIGN_RAMP","31405","-18","-98.876953125","-2","-2000","-4000000","43680","153790","153790","0","2902","1336","1146"
"313","ALIGN_RAMP","31409","-14","-76.904296875","4","4000","6000000","43820","153791","153791","0","2902","1336","1056"
"314","ALIGN_RAMP","31405","-18","-98.876953125","-4","-4000","-8000000","43960","153792","153792","0","2902","1336","966"
"315","ALIGN_RAMP","31408","-15","-82.3974609375","3","3000","7000000","44100","153793","153793","0","2902","1336","876"
"316","ALIGN_RAMP","31407","-16","-87.890625","-1","-1000","-4000000","44240","153794","153794","0","2902","1336","786"
"317","ALIGN_RAMP","31408","-15","-82.3974609375","1","1000","2000000","44380","153795","153795","0","2902","1336","696"
"318","ALIGN_RAMP","31408","-15","-82.3974609375","0","0","-1000000","44520","153796","153796","0","2902","1336","606"
"319","ALIGN_RAMP","31404","-19","-104.3701171875","-4","-4000","-4000000","44660","153797","153797","0","2902","1336","516"
"320","ALIGN_RAMP","31406","-17","-93.3837890625","2","2000","6000000","44800","153798","153798","0","2902","1336","426"
"321","ALIGN_RAMP","31406","-17","-93.3837890625","0","0","-2000000","44940","153799","153799","0","2902","1336","336"
"322","ALIGN_RAMP","31403","-20","-109.86328125","-3","-3000","-3000000","45080","153800","153800","0","2902","1336","246"
"323","ALIGN_RAMP","31405","-18","-98.876953125","2","2000","5000000","45220","153801","153801","0","2902","1336","156"
"324","ALIGN_RAMP","31406","-17","-93.3837890625","1","1000","-1000000","45360","153802","153802","0","2902","1336","66"
"325","ALIGN_RAMP","31405","-18","-98.876953125","-1","-1000","-2000000","45500","153803","153803","0","2902","1336","2131"
"326","ALIGN_RAMP","31406","-17","-93.3837890625","1","1000","2000000","45640","153804","153804","0","2902","1336","2041"
"327","ALIGN_RAMP","31403","-20","-109.86328125","-3","-3000","-4000000","45780","153805","153805","0","2902","1336","1951"
"328","ALIGN_RAMP","31403","-20","-109.86328125","0","0","3000000","45920","153806","153806","0","2902","1336","1861"
"329","ALIGN_RAMP","31406","-17","-93.3837890625","3","3000","3000000","46060","153807","153807","0","2902","1336","1771"
"330","ALIGN_RAMP","31403","-20","-109.86328125","-3","-3000","-6000000","46200","153808","153808","0","2902","1336","1681"
"331","ALIGN_RAMP","31403","-20","-109.86328125","0","0","3000000","46340","153809","153809","0","2902","1336","1591"
"332","ALIGN_RAMP","31404","-19","-104.3701171875","1","1000","1000000","46480","153810","153810","0","2902","1336","1501"
"333","ALIGN_RAMP","31405","-18","-98.876953125","1","1000","0","46620","153811","153811","0","2902","1336","1411"
"334","ALIGN_RAMP","31404","-19","-104.3701171875","-1","-1000","-2000000","46760","153812","153812","0","2902","1336","1321"
"335","ALIGN_RAMP","31401","-22","-120.849609375","-3","-3000","-2000000","46900","153813","153813","0","2902","1336","1231"
"336","ALIGN_RAMP","31403","-20","-109.86328125","2","2000","5000000","47040","153814","153814","0","2902","1336","1141"
"337","ALIGN_RAMP","31404","-19","-104.3701171875","1","1000","-1000000","47180","153815","153815","0","2902","1336","1051"
"338","ALIGN_RAMP","31404","-19","-104.3701171875","0","0","-1000000","47320","153816","153816","0","2902","1336","961"
"339","ALIGN_RAMP","31403","-20","-109.86328125","-1","-1000","-1000000","47460","153817","153817","0","2902","1336","871"
"340","ALIGN_RAMP","31400","-23","-126.3427734375","-3","-3000","-2000000","47600","153818","153818","0","2902","1336","781"
"341","ALIGN_RAMP","31401","-22","-120.849609375","1","1000","4000000","47740","153819","153819","0","2902","1336","691"
"342","ALIGN_RAMP","31404","-19","-104.3701171875","3","3000","2000000","47880","153820","153820","0","2902","1336","601"
"343","ALIGN_RAMP","31404","-19","-104.3701171875","0","0","-3000000","48020","153821","153821","0","2902","1336","511"
"344","ALIGN_RAMP","31403","-20","-109.86328125","-1","-1000","-1000000","48160","153822","153822","0","2902","1336","421"
"345","ALIGN_RAMP","31400","-23","-126.3427734375","-3","-3000","-2000000","48300","153823","153823","0","2902","1336","331"
"346","ALIGN_RAMP","31401","-22","-120.849609375","1","1000","4000000","48440","153824","153824","0","2902","1336","241"
"347","ALIGN_RAMP","31401","-22","-120.849609375","0","0","-1000000","48580","153825","153825","0","2902","1336","151"
"348","ALIGN_RAMP","31401","-22","-120.849609375","0","0","0","48720","153826","153826","0","2902","1336","61"
"349","ALIGN_RAMP","31398","-25","-137.3291015625","-3","-3000","-3000000","48860","153827","153827","0","2902","1336","2126"
"350","ALIGN_RAMP","31398","-25","-137.3291015625","0","0","3000000","49000","153828","153828","0","2902","1336","2036"
"351","ALIGN_RAMP","31401","-22","-120.849609375","3","3000","3000000","49140","153829","153829","0","2902","1336","1946"
"352","ALIGN_RAMP","31400","-23","-126.3427734375","-1","-1000","-4000000","49280","153830","153830","0","2902","1336","1856"
"353","ALIGN_RAMP","31402","-21","-115.3564453125","2","2000","3000000","49420","153831","153831","0","2902","1336","1766"
"354","ALIGN_RAMP","31405","-18","-98.876953125","3","3000","1000000","49560","153832","153832","0","2902","1336","1676"
"355","ALIGN_RAMP","31401","-22","-120.849609375","-4","-4000","-7000000","49700","153833","153833","0","2902","1336","1586"
"356","ALIGN_RAMP","31402","-21","-115.3564453125","1","1000","5000000","49840","153834","153834","0","2902","1336","1496"
"357","ALIGN_RAMP","31404","-19","-104.3701171875","2","2000","1000000","49980","153835","153835","0","2902","1336","1406"
"358","ALIGN_RAMP","31403","-20","-109.86328125","-1","-1000","-3000000","50120","153836","153836","0","2902","1336","1316"
"359","ALIGN_RAMP","31404","-19","-104.3701171875","1","1000","2000000","50260","153837","153837","0","2902","1336","1226"
"360","ALIGN_RAMP","31401","-22","-120.849609375","-3","-3000","-4000000","50400","153838","153838","0","2902","1336","1136"
"361","ALIGN_RAMP","31401","-22","-120.849609375","0","0","3000000","50540","153839","153839","0","2902","1336","1046"
"362","ALIGN_RAMP","31399","-24","-131.8359375","-2","-2000","-2000000","50680","153840","153840","0","2902","1336","956"
"363","ALIGN_RAMP","31402","-21","-115.3564453125","3","3000","5000000","50820","153841","153841","0","2902","1336","866"
"364","ALIGN_RAMP","31403","-20","-109.86328125","1","1000","-2000000","50960","153842","153842","0","2902","1336","776"
"365","ALIGN_RAMP","31403","-20","-109.86328125","0","0","-1000000","51100","153843","153843","0","2902","1336","686"
"366","ALIGN_RAMP","31398","-25","-137.3291015625","-5","-5000","-5000000","51240","153844","153844","0","2902","1336","596"
"367","ALIGN_RAMP","31400","-23","-126.3427734375","2","2000","7000000","51380","153845","153845","0","2902","1336","506"
"368","ALIGN_RAMP","31400","-23","-126.3427734375","0","0","-2000000","51520","153846","153846","0","2902","1336","416"
"369","ALIGN_RAMP","31401","-22","-120.849609375","1","1000","1000000","51660","153847","153847","0","2902","1336","326"
"370","ALIGN_RAMP","31400","-23","-126.3427734375","-1","-1000","-2000000","51800","153848","153848","0","2902","1336","236"
"371","ALIGN_RAMP","31400","-23","-126.3427734375","0","0","1000000","51940","153849","153849","0","2902","1336","146"
"372","ALIGN_RAMP","31400","-23","-126.3427734375","0","0","0","52080","153850","153850","0","2902","1336","56"
"373","ALIGN_RAMP","31399","-24","-131.8359375","-1","-1000","-1000000","52220","153851","153851","0","2902","1336","2121"
"374","ALIGN_RAMP","31398","-25","-137.3291015625","-1","-1000","0","52360","153852","153852","0","2902","1336","2031"
"375","ALIGN_RAMP","31399","-24","-131.8359375","1","1000","2000000","52500","153853","153853","0","2902","1336","1941"
"376","ALIGN_RAMP","31399","-24","-131.8359375","0","0","-1000000","52640","153854","153854","0","2902","1336","1851"
"377","ALIGN_RAMP","31397","-26","-142.822265625","-2","-2000","-2000000","52780","153855","153855","0","2902","1336","1761"
"378","ALIGN_RAMP","31403","-20","-109.86328125","6","6000","8000000","52920","153856","153856","0","2902","1336","1671"
"379","ALIGN_RAMP","31396","-27","-148.3154296875","-7","-7000","-13000000","53060","153857","153857","0","2902","1336","1581"
"380","ALIGN_RAMP","31401","-22","-120.849609375","5","5000","12000000","53200","153858","153858","0","2902","1336","1491"
"381","ALIGN_RAMP","31395","-28","-153.80859375","-6","-6000","-11000000","53340","153859","153859","0","2902","1336","1401"
"382","ALIGN_RAMP","31404","-19","-104.3701171875","9","9000","15000000","53480","153860","153860","0","2902","1336","1311"
"383","ALIGN_RAMP","31400","-23","-126.3427734375","-4","-4000","-13000000","53620","153861","153861","0","2902","1336","1221"
"384","ALIGN_RAMP","31401","-22","-120.849609375","1","1000","5000000","53760","153862","153862","0","2902","1336","1131"
"385","ALIGN_RAMP","31400","-23","-126.3427734375","-1","-1000","-2000000","53900","153863","153863","0","2902","1336","1041"
"386","ALIGN_RAMP","31399","-24","-131.8359375","-1","-1000","0","54040","153864","153864","0","2902","1336","951"
"387","ALIGN_RAMP","31401","-22","-120.849609375","2","2000","3000000","54180","153865","153865","0","2902","1336","861"
"388","ALIGN_RAMP","31399","-24","-131.8359375","-2","-2000","-4000000","54320","153866","153866","0","2902","1336","771"
"389","ALIGN_RAMP","31398","-25","-137.3291015625","-1","-1000","1000000","54460","153867","153867","0","2902","1336","681"
"390","ALIGN_RAMP","31397","-26","-142.822265625","-1","-1000","0","54600","153868","153868","0","2902","1336","591"
"391","ALIGN_RAMP","31398","-25","-137.3291015625","1","1000","2000000","54740","153869","153869","0","2902","1336","501"
"392","ALIGN_RAMP","31394","-29","-159.3017578125","-4","-4000","-5000000","54880","153870","153870","0","2902","1336","411"
"393","ALIGN_RAMP","31396","-27","-148.3154296875","2","2000","6000000","55020","153871","153871","0","2902","1336","321"
"394","ALIGN_RAMP","31398","-25","-137.3291015625","2","2000","0","55160","153872","153872","0","2902","1336","231"
"395","ALIGN_RAMP","31399","-24","-131.8359375","1","1000","-1000000","55300","153873","153873","0","2902","1336","141"
"396","ALIGN_RAMP","31394","-29","-159.3017578125","-5","-5000","-6000000","55440","153874","153874","0","2902","1336","51"
"397","ALIGN_RAMP","31395","-28","-153.80859375","1","1000","6000000","55580","153875","153875","0","2902","1336","2116"
"398","ALIGN_RAMP","31398","-25","-137.3291015625","3","3000","2000000","55720","153876","153876","0","2902","1336","2026"
"399","ALIGN_RAMP","31397","-26","-142.822265625","-1","-1000","-4000000","55860","153877","153877","0","2902","1336","1936"
"400","ALIGN_RAMP","31397","-26","-142.822265625","0","0","1000000","56000","153878","153878","0","2902","1336","1912"
"401","ALIGN_RAMP","31398","-25","-137.3291015625","1","1000","1000000","56140","153879","153879","0","2902","1336","1756"
"402","ALIGN_RAMP","31395","-28","-153.80859375","-3","-3000","-4000000","56280","153880","153880","0","2902","1336","1666"
"403","ALIGN_RAMP","31397","-26","-142.822265625","2","2000","5000000","56420","153881","153881","0","2902","1336","1576"
"404","ALIGN_RAMP","31396","-27","-148.3154296875","-1","-1000","-3000000","56560","153882","153882","0","2902","1336","1486"
"405","ALIGN_RAMP","31397","-26","-142.822265625","1","1000","2000000","56700","153883","153883","0","2902","1336","1396"
"406","ALIGN_RAMP","31393","-30","-164.794921875","-4","-4000","-5000000","56840","153884","153884","0","2902","1336","1306"
"407","ALIGN_RAMP","31395","-28","-153.80859375","2","2000","6000000","56980","153885","153885","0","2902","1336","1216"
"408","ALIGN_RAMP","31393","-30","-164.794921875","-2","-2000","-4000000","57120","153886","153886","0","2902","1336","1126"
"409","ALIGN_RAMP","31395","-28","-153.80859375","2","2000","4000000","57260","153887","153887","0","2902","1336","1036"
"410","ALIGN_RAMP","31397","-26","-142.822265625","2","2000","0","57400","153888","153888","0","2902","1336","946"
"411","ALIGN_RAMP","31396","-27","-148.3154296875","-1","-1000","-3000000","57540","153889","153889","0","2902","1336","856"
"412","ALIGN_RAMP","31393","-30","-164.794921875","-3","-3000","-2000000","57680","153890","153890","0","2902","1336","766"
"413","ALIGN_RAMP","31393","-30","-164.794921875","0","0","3000000","57820","153891","153891","0","2902","1336","676"
"414","ALIGN_RAMP","31392","-31","-170.2880859375","-1","-1000","-1000000","57960","153892","153892","0","2902","1336","586"
"415","ALIGN_RAMP","31393","-30","-164.794921875","1","1000","2000000","58100","153893","153893","0","2902","1336","496"
"416","ALIGN_RAMP","31394","-29","-159.3017578125","1","1000","0","58240","153894","153894","0","2902","1336","406"
"417","ALIGN_RAMP","31391","-32","-175.78125","-3","-3000","-4000000","58380","153895","153895","0","2902","1336","316"
"418","ALIGN_RAMP","31397","-26","-142.822265625","6","6000","9000000","58520","153896","153896","0","2902","1336","226"
"419","ALIGN_RAMP","31392","-31","-170.2880859375","-5","-5000","-11000000","58660","153897","153897","0","2902","1336","136"
"420","ALIGN_RAMP","31394","-29","-159.3017578125","2","2000","7000000","58800","153898","153898","0","2902","1336","46"
"421","ALIGN_RAMP","31395","-28","-153.80859375","1","1000","-1000000","58940","153899","153899","0","2902","1336","2111"
"422","ALIGN_RAMP","31393","-30","-164.794921875","-2","-2000","-3000000","59080","153900","153900","0","2902","1336","2021"
"423","ALIGN_RAMP","31391","-32","-175.78125","-2","-2000","0","59220","153901","153901","0","2902","1336","1931"
"424","ALIGN_RAMP","31391","-32","-175.78125","0","0","2000000","59360","153902","153902","0","2902","1336","1841"
"425","ALIGN_RAMP","31394","-29","-159.3017578125","3","3000","3000000","59500","153903","153903","0","2902","1336","1751"
"426","ALIGN_RAMP","31392","-31","-170.2880859375","-2","-2000","-5000000","59640","153904","153904","0","2902","1336","1661"
"427","ALIGN_RAMP","31394","-29","-159.3017578125","2","2000","4000000","59780","153905","153905","0","2902","1336","1571"
"428","ALIGN_RAMP","31394","-29","-159.3017578125","0","0","-2000000","59920","153906","153906","0","2902","1336","1481"
"429","ALIGN_RAMP","31392","-31","-170.2880859375","-2","-2000","-2000000","60060","153907","153907","0","2902","1336","1391"
"430","ALIGN_RAMP","31392","-31","-170.2880859375","0","0","2000000","60200","153908","153908","0","2902","1336","1301"
"431","ALIGN_RAMP","31394","-29","-159.3017578125","2","2000","2000000","60340","153909","153909","0","2902","1336","1211"
"432","ALIGN_RAMP","31393","-30","-164.794921875","-1","-1000","-3000000","60480","153910","153910","0","2902","1336","1121"
"433","ALIGN_RAMP","31393","-30","-164.794921875","0","0","1000000","60620","153911","153911","0","2902","1336","1031"
"434","ALIGN_RAMP","31391","-32","-175.78125","-2","-2000","-2000000","60760","153912","153912","0","2902","1336","941"
"435","ALIGN_RAMP","31388","-35","-192.2607421875","-3","-3000","-1000000","60900","153913","153913","0","2902","1336","851"
"436","ALIGN_RAMP","31394","-29","-159.3017578125","6","6000","9000000","61040","153914","153914","0","2902","1336","761"
"437","ALIGN_RAMP","31389","-34","-186.767578125","-5","-5000","-11000000","61180","153915","153915","0","2902","1336","671"
"438","ALIGN_RAMP","31391","-32","-175.78125","2","2000","7000000","61320","153916","153916","0","2902","1336","581"
"439","ALIGN_RAMP","31393","-30","-164.794921875","2","2000","0","61460","153917","153917","0","2902","1336","491"
"440","ALIGN_RAMP","31387","-36","-197.75390625","-6","-6000","-8000000","61600","153918","153918","0","2902","1336","401"
"441","ALIGN_RAMP","31393","-30","-164.794921875","6","6000","12000000","61740","153919","153919","0","2902","1336","311"
"442","ALIGN_RAMP","31392","-31","-170.2880859375","-1","-1000","-7000000","61880","153920","153920","0","2902","1336","221"
"443","ALIGN_RAMP","31390","-33","-181.2744140625","-2","-2000","-1000000","62020","153921","153921","0","2902","1336","131"
"444","ALIGN_RAMP","31390","-33","-181.2744140625","0","0","2000000","62160","153922","153922","0","2902","1336","41"
"445","ALIGN_RAMP","31392","-31","-170.2880859375","2","2000","2000000","62300","153923","153923","0","2902","1336","2106"
"446","ALIGN_RAMP","31390","-33","-181.2744140625","-2","-2000","-4000000","62440","153924","153924","0","2902","1336","2016"
"447","ALIGN_RAMP","31389","-34","-186.767578125","-1","-1000","1000000","62580","153925","153925","0","2902","1336","1926"
"448","ALIGN_RAMP","31387","-36","-197.75390625","-2","-2000","-1000000","62720","153926","153926","0","2902","1336","1836"
"449","ALIGN_RAMP","31391","-32","-175.78125","4","4000","6000000","62860","153927","153927","0","2902","1336","1746"
"450","ALIGN_RAMP","31391","-32","-175.78125","0","0","-4000000","63000","153928","153928","0","2902","1336","1656"
"451","ALIGN_RAMP","31389","-34","-186.767578125","-2","-2000","-2000000","63140","153929","153929","0","2902","1336","1566"
"452","ALIGN_RAMP","31390","-33","-181.2744140625","1","1000","3000000","63280","153930","153930","0","2902","1336","1476"
"453","ALIGN_RAMP","31391","-32","-175.78125","1","1000","0","63420","153931","153931","0","2902","1336","1386"
"454","ALIGN_RAMP","31391","-32","-175.78125","0","0","-1000000","63560","153932","153932","0","2902","1336","1296"
"455","ALIGN_RAMP","31388","-35","-192.2607421875","-3","-3000","-3000000","63700","153933","153933","0","2902","1336","1206"
"456","ALIGN_RAMP","31386","-37","-203.2470703125","-2","-2000","1000000","63840","153934","153934","0","2902","1336","1116"
"457","ALIGN_RAMP","31389","-34","-186.767578125","3","3000","5000000","63980","153935","153935","0","2902","1336","1026"
"458","ALIGN_RAMP","31386","-37","-203.2470703125","-3","-3000","-6000000","64120","153936","153936","0","2902","1336","936"
"459","ALIGN_RAMP","31390","-33","-181.2744140625","4","4000","7000000","64260","153937","153937","0","2902","1336","846"
"460","ALIGN_RAMP","31384","-39","-214.2333984375","-6","-6000","-10000000","64400","153938","153938","0","2902","1336","756"
"461","ALIGN_RAMP","31386","-37","-203.2470703125","2","2000","8000000","64540","153939","153939","0","2902","1336","666"
"462","ALIGN_RAMP","31387","-36","-197.75390625","1","1000","-1000000","64680","153940","153940","0","2902","1336","576"
"463","ALIGN_RAMP","31390","-33","-181.2744140625","3","3000","2000000","64820","153941","153941","0","2902","1336","486"
"464","ALIGN_RAMP","31387","-36","-197.75390625","-3","-3000","-6000000","64960","153942","153942","0","2902","1336","396"
"465","ALIGN_RAMP","31388","-35","-192.2607421875","1","1000","4000000","65100","153943","153943","0","2902","1336","306"
"466","ALIGN_RAMP","31387","-36","-197.75390625","-1","-1000","-2000000","65240","153944","153944","0","2902","1336","216"
"467","ALIGN_RAMP","31388","-35","-192.2607421875","1","1000","2000000","65380","153945","153945","0","2902","1336","126"
"468","ALIGN_RAMP","31388","-35","-192.2607421875","0","0","-1000000","65520","153946","153946","0","2902","1336","36"
"469","ALIGN_RAMP","31388","-35","-192.2607421875","0","0","0","65660","153947","153947","0","2902","1336","2101"
"470","ALIGN_RAMP","31385","-38","-208.740234375","-3","-3000","-3000000","65800","153948","153948","0","2902","1336","2011"
"471","ALIGN_RAMP","31385","-38","-208.740234375","0","0","3000000","65940","153949","153949","0","2902","1336","1921"
"472","ALIGN_RAMP","31387","-36","-197.75390625","2","2000","2000000","66080","153950","153950","0","2902","1336","1831"
"473","ALIGN_RAMP","31389","-34","-186.767578125","2","2000","0","66220","153951","153951","0","2902","1336","1741"
"474","ALIGN_RAMP","31387","-36","-197.75390625","-2","-2000","-4000000","66360","153952","153952","0","2902","1336","1651"
"475","ALIGN_RAMP","31385","-38","-208.740234375","-2","-2000","0","66500","153953","153953","0","2902","1336","1561"
"476","ALIGN_RAMP","31385","-38","-208.740234375","0","0","2000000","66640","153954","153954","0","2902","1336","1471"
"477","ALIGN_RAMP","31385","-38","-208.740234375","0","0","0","66780","153955","153955","0","2902","1336","1381"
"478","ALIGN_RAMP","31385","-38","-208.740234375","0","0","0","66920","153956","153956","0","2902","1336","1291"
"479","ALIGN_RAMP","31387","-36","-197.75390625","2","2000","2000000","67060","153957","153957","0","2902","1336","1201"
"480","ALIGN_RAMP","31386","-37","-203.2470703125","-1","-1000","-3000000","67200","153958","153958","0","2902","1336","1111"
"481","ALIGN_RAMP","31381","-42","-230.712890625","-5","-5000","-4000000","67340","153959","153959","0","2902","1336","1021"
"482","ALIGN_RAMP","31389","-34","-186.767578125","8","8000","13000000","67480","153960","153960","0","2902","1336","931"
"483","ALIGN_RAMP","31383","-40","-219.7265625","-6","-6000","-14000000","67620","153961","153961","0","2902","1336","841"
"484","ALIGN_RAMP","31384","-39","-214.2333984375","1","1000","7000000","67760","153962","153962","0","2902","1336","751"
"485","ALIGN_RAMP","31387","-36","-197.75390625","3","3000","2000000","67900","153963","153963","0","2902","1336","661"
"486","ALIGN_RAMP","31382","-41","-225.2197265625","-5","-5000","-8000000","68040","153964","153964","0","2902","1336","571"
"487","ALIGN_RAMP","31386","-37","-203.2470703125","4","4000","9000000","68180","153965","153965","0","2902","1336","481"
"488","ALIGN_RAMP","31388","-35","-192.2607421875","2","2000","-2000000","68320","153966","153966","0","2902","1336","391"
"489","ALIGN_RAMP","31385","-38","-208.740234375","-3","-3000","-5000000","68460","153967","153967","0","2902","1336","301"
"490","ALIGN_RAMP","31388","-35","-192.2607421875","3","3000","6000000","68600","153968","153968","0","2902","1336","211"
"491","ALIGN_RAMP","31388","-35","-192.2607421875","0","0","-3000000","68740","153969","153969","0","2902","1336","121"
"492","ALIGN_RAMP","31383","-40","-219.7265625","-5","-5000","-5000000","68880","153970","153970","0","2902","1336","31"
"493","ALIGN_RAMP","31387","-36","-197.75390625","4","4000","9000000","69020","153971","153971","0","2902","1336","2096"
"494","ALIGN_RAMP","31382","-41","-225.2197265625","-5","-5000","-9000000","69160","153972","153972","0","2902","1336","2006"
"495","ALIGN_RAMP","31385","-38","-208.740234375","3","3000","8000000","69300","153973","153973","0","2902","1336","1916"
"496","ALIGN_RAMP","31382","-41","-225.2197265625","-3","-3000","-6000000","69440","153974","153974","0","2902","1336","1826"
"497","ALIGN_RAMP","31386","-37","-203.2470703125","4","4000","7000000","69580","153975","153975","0","2902","1336","1736"
"498","ALIGN_RAMP","31383","-40","-219.7265625","-3","-3000","-7000000","69720","153976","153976","0","2902","1336","1646"
"499","ALIGN_RAMP","31384","-39","-214.2333984375","1","1000","4000000","69860","153977","153977","0","2902","1336","1556"
"500","ALIGN_RAMP","31384","-39","-214.2333984375","0","0","-1000000","70000","153978","153978","0","2903","1336","1466"
"501","ALIGN_HOLD","31384","-39","-214.2333984375","0","0","0","70000","153979","153979","0","2903","1336","1376"
"502","ALIGN_HOLD","31383","-40","-219.7265625","-1","-1000","-1000000","70000","153980","153980","0","2903","1336","1286"
"503","ALIGN_HOLD","31386","-37","-203.2470703125","3","3000","4000000","70000","153981","153981","0","2903","1336","1196"
"504","ALIGN_HOLD","31390","-33","-181.2744140625","4","4000","1000000","70000","153982","153982","0","2903","1336","1106"
"505","ALIGN_HOLD","31382","-41","-225.2197265625","-8","-8000","-12000000","70000","153983","153983","0","2903","1336","1016"
"506","ALIGN_HOLD","31384","-39","-214.2333984375","2","2000","10000000","70000","153984","153984","0","2903","1336","926"
"507","ALIGN_HOLD","31384","-39","-214.2333984375","0","0","-2000000","70000","153985","153985","0","2903","1336","836"
"508","ALIGN_HOLD","31386","-37","-203.2470703125","2","2000","2000000","70000","153986","153986","0","2903","1336","746"
"509","ALIGN_HOLD","31385","-38","-208.740234375","-1","-1000","-3000000","70000","153987","153987","0","2903","1336","656"
"510","ALIGN_HOLD","31382","-41","-225.2197265625","-3","-3000","-2000000","70000","153988","153988","0","2903","1336","566"
"511","ALIGN_HOLD","31385","-38","-208.740234375","3","3000","6000000","70000","153989","153989","0","2903","1336","476"
"512","ALIGN_HOLD","31387","-36","-197.75390625","2","2000","-1000000","70000","153990","153990","0","2903","1336","386"
"513","ALIGN_HOLD","31383","-40","-219.7265625","-4","-4000","-6000000","70000","153991","153991","0","2903","1336","296"
"514","ALIGN_HOLD","31386","-37","-203.2470703125","3","3000","7000000","70000","153992","153992","0","2903","1336","206"
"515","ALIGN_HOLD","31388","-35","-192.2607421875","2","2000","-1000000","70000","153993","153993","0","2903","1336","116"
"516","ALIGN_HOLD","31385","-38","-208.740234375","-3","-3000","-5000000","70000","153994","153994","0","2903","1336","26"
"517","ALIGN_HOLD","31387","-36","-197.75390625","2","2000","5000000","70000","153995","153995","0","2903","1336","2091"
"518","ALIGN_HOLD","31384","-39","-214.2333984375","-3","-3000","-5000000","70000","153996","153996","0","2903","1336","2001"
"519","ALIGN_HOLD","31384","-39","-214.2333984375","0","0","3000000","70000","153997","153997","0","2903","1336","1911"
"520","ALIGN_HOLD","31385","-38","-208.740234375","1","1000","1000000","70000","153998","153998","0","2903","1336","1821"
"521","ALIGN_HOLD","31384","-39","-214.2333984375","-1","-1000","-2000000","70000","153999","153999","0","2903","1336","1731"
"522","ALIGN_HOLD","31387","-36","-197.75390625","3","3000","4000000","70000","154000","154000","0","2903","1336","1641"
"523","ALIGN_HOLD","31383","-40","-219.7265625","-4","-4000","-7000000","70000","154001","154001","0","2903","1336","1551"
"524","ALIGN_HOLD","31382","-41","-225.2197265625","-1","-1000","3000000","70000","154002","154002","0","2903","1336","1461"
"525","ALIGN_HOLD","31388","-35","-192.2607421875","6","6000","7000000","70000","154003","154003","0","2903","1336","1371"
"526","ALIGN_HOLD","31379","-44","-241.69921875","-9","-9000","-15000000","70000","154004","154004","0","2903","1336","1281"
"527","ALIGN_HOLD","31383","-40","-219.7265625","4","4000","13000000","70000","154005","154005","0","2903","1336","1191"
"528","ALIGN_HOLD","31387","-36","-197.75390625","4","4000","0","70000","154006","154006","0","2903","1336","1101"
"529","ALIGN_HOLD","31387","-36","-197.75390625","0","0","-4000000","70000","154007","154007","0","2903","1336","1011"
"530","ALIGN_HOLD","31381","-42","-230.712890625","-6","-6000","-6000000","70000","154008","154008","0","2903","1336","921"
"531","ALIGN_HOLD","31383","-40","-219.7265625","2","2000","8000000","70000","154009","154009","0","2903","1336","831"
"532","ALIGN_HOLD","31388","-35","-192.2607421875","5","5000","3000000","70000","154010","154010","0","2903","1336","741"
"533","ALIGN_HOLD","31381","-42","-230.712890625","-7","-7000","-12000000","70000","154011","154011","0","2903","1336","651"
"534","ALIGN_HOLD","31383","-40","-219.7265625","2","2000","9000000","70000","154012","154012","0","2903","1336","561"
"535","ALIGN_HOLD","31384","-39","-214.2333984375","1","1000","-1000000","70000","154013","154013","0","2903","1336","471"
"536","ALIGN_HOLD","31385","-38","-208.740234375","1","1000","0","70000","154014","154014","0","2903","1336","381"
"537","ALIGN_HOLD","31379","-44","-241.69921875","-6","-6000","-7000000","70000","154015","154015","0","2903","1336","291"
"538","ALIGN_HOLD","31385","-38","-208.740234375","6","6000","12000000","70000","154016","154016","0","2903","1336","201"
"539","ALIGN_HOLD","31380","-43","-236.2060546875","-5","-5000","-11000000","70000","154017","154017","0","2903","1336","111"
"540","ALIGN_HOLD","31384","-39","-214.2333984375","4","4000","9000000","70000","154018","154018","0","2903","1336","21"
"541","ALIGN_HOLD","31385","-38","-208.740234375","1","1000","-3000000","70000","154019","154019","0","2903","1336","2086"
"542","ALIGN_HOLD","31385","-38","-208.740234375","0","0","-1000000","70000","154020","154020","0","2903","1336","1996"
"543","ALIGN_HOLD","31382","-41","-225.2197265625","-3","-3000","-3000000","70000","154021","154021","0","2903","1336","1906"
"544","ALIGN_HOLD","31383","-40","-219.7265625","1","1000","4000000","70000","154022","154022","0","2903","1336","1816"
"545","ALIGN_HOLD","31384","-39","-214.2333984375","1","1000","0","70000","154023","154023","0","2903","1336","1726"
"546","ALIGN_HOLD","31385","-38","-208.740234375","1","1000","0","70000","154024","154024","0","2903","1336","1636"
"547","ALIGN_HOLD","31386","-37","-203.2470703125","1","1000","0","70000","154025","154025","0","2903","1336","1546"
"548","ALIGN_HOLD","31387","-36","-197.75390625","1","1000","0","70000","154026","154026","0","2903","1336","1456"
"549","ALIGN_HOLD","31383","-40","-219.7265625","-4","-4000","-5000000","70000","154027","154027","0","2903","1336","1366"
"550","ALIGN_HOLD","31386","-37","-203.2470703125","3","3000","7000000","70000","154028","154028","0","2903","1336","1276"
"551","ALIGN_HOLD","31386","-37","-203.2470703125","0","0","-3000000","70000","154029","154029","0","2903","1336","1186"
"552","ALIGN_HOLD","31386","-37","-203.2470703125","0","0","0","70000","154030","154030","0","2903","1336","1096"
"553","ALIGN_HOLD","31387","-36","-197.75390625","1","1000","1000000","70000","154031","154031","0","2903","1336","1006"
"554","ALIGN_HOLD","31384","-39","-214.2333984375","-3","-3000","-4000000","70000","154032","154032","0","2903","1336","916"
"555","ALIGN_HOLD","31390","-33","-181.2744140625","6","6000","9000000","70000","154033","154033","0","2903","1336","826"
"556","ALIGN_HOLD","31383","-40","-219.7265625","-7","-7000","-13000000","70000","154034","154034","0","2903","1336","736"
"557","ALIGN_HOLD","31382","-41","-225.2197265625","-1","-1000","6000000","70000","154035","154035","0","2903","1336","646"
"558","ALIGN_HOLD","31384","-39","-214.2333984375","2","2000","3000000","70000","154036","154036","0","2903","1336","556"
"559","ALIGN_HOLD","31383","-40","-219.7265625","-1","-1000","-3000000","70000","154037","154037","0","2903","1336","466"
"560","ALIGN_HOLD","31384","-39","-214.2333984375","1","1000","2000000","70000","154038","154038","0","2903","1336","376"
"561","ALIGN_HOLD","31383","-40","-219.7265625","-1","-1000","-2000000","70000","154039","154039","0","2903","1336","286"
"562","ALIGN_HOLD","31386","-37","-203.2470703125","3","3000","4000000","70000","154040","154040","0","2903","1336","196"
"563","ALIGN_HOLD","31385","-38","-208.740234375","-1","-1000","-4000000","70000","154041","154041","0","2903","1336","106"
"564","ALIGN_HOLD","31387","-36","-197.75390625","2","2000","3000000","70000","154042","154042","0","2903","1336","16"
"565","ALIGN_HOLD","31384","-39","-214.2333984375","-3","-3000","-5000000","70000","154043","154043","0","2903","1336","2081"
"566","ALIGN_HOLD","31385","-38","-208.740234375","1","1000","4000000","70000","154044","154044","0","2903","1336","1991"
"567","ALIGN_HOLD","31383","-40","-219.7265625","-2","-2000","-3000000","70000","154045","154045","0","2903","1336","1901"
"568","ALIGN_HOLD","31385","-38","-208.740234375","2","2000","4000000","70000","154046","154046","0","2903","1336","1811"
"569","ALIGN_HOLD","31384","-39","-214.2333984375","-1","-1000","-3000000","70000","154047","154047","0","2903","1336","1721"
"570","ALIGN_HOLD","31384","-39","-214.2333984375","0","0","1000000","70000","154048","154048","0","2903","1336","1631"
"571","ALIGN_HOLD","31386","-37","-203.2470703125","2","2000","2000000","70000","154049","154049","0","2903","1336","1541"
"572","ALIGN_HOLD","31382","-41","-225.2197265625","-4","-4000","-6000000","70000","154050","154050","0","2903","1336","1451"
"573","ALIGN_HOLD","31385","-38","-208.740234375","3","3000","7000000","70000","154051","154051","0","2903","1336","1361"
"574","ALIGN_HOLD","31385","-38","-208.740234375","0","0","-3000000","70000","154052","154052","0","2903","1336","1271"
"575","ALIGN_HOLD","31382","-41","-225.2197265625","-3","-3000","-3000000","70000","154053","154053","0","2903","1336","1181"
"576","ALIGN_HOLD","31382","-41","-225.2197265625","0","0","3000000","70000","154054","154054","0","2903","1336","1091"
"577","ALIGN_HOLD","31386","-37","-203.2470703125","4","4000","4000000","70000","154055","154055","0","2903","1336","1001"
"578","ALIGN_HOLD","31383","-40","-219.7265625","-3","-3000","-7000000","70000","154056","154056","0","2903","1336","911"
"579","ALIGN_HOLD","31381","-42","-230.712890625","-2","-2000","1000000","70000","154057","154057","0","2903","1336","821"
"580","ALIGN_HOLD","31386","-37","-203.2470703125","5","5000","7000000","70000","154058","154058","0","2903","1336","731"
"581","ALIGN_HOLD","31381","-42","-230.712890625","-5","-5000","-10000000","70000","154059","154059","0","2903","1336","641"
"582","ALIGN_HOLD","31383","-40","-219.7265625","2","2000","7000000","70000","154060","154060","0","2903","1336","551"
"583","ALIGN_HOLD","31381","-42","-230.712890625","-2","-2000","-4000000","70000","154061","154061","0","2903","1336","461"
"584","ALIGN_HOLD","31382","-41","-225.2197265625","1","1000","3000000","70000","154062","154062","0","2903","1336","371"
"585","ALIGN_HOLD","31382","-41","-225.2197265625","0","0","-1000000","70000","154063","154063","0","2903","1336","281"
"586","ALIGN_HOLD","31390","-33","-181.2744140625","8","8000","8000000","70000","154064","154064","0","2903","1336","191"
"587","ALIGN_HOLD","31384","-39","-214.2333984375","-6","-6000","-14000000","70000","154065","154065","0","2903","1336","101"
"588","ALIGN_HOLD","31383","-40","-219.7265625","-1","-1000","5000000","70000","154066","154066","0","2903","1336","11"
"589","ALIGN_HOLD","31382","-41","-225.2197265625","-1","-1000","0","70000","154067","154067","0","2903","1336","2076"
"590","ALIGN_HOLD","31386","-37","-203.2470703125","4","4000","5000000","70000","154068","154068","0","2903","1336","1986"
"591","ALIGN_HOLD","31384","-39","-214.2333984375","-2","-2000","-6000000","70000","154069","154069","0","2903","1336","1896"
"592","ALIGN_HOLD","31383","-40","-219.7265625","-1","-1000","1000000","70000","154070","154070","0","2903","1336","1806"
"593","ALIGN_HOLD","31386","-37","-203.2470703125","3","3000","4000000","70000","154071","154071","0","2903","1336","1716"
"594","ALIGN_HOLD","31382","-41","-225.2197265625","-4","-4000","-7000000","70000","154072","154072","0","2903","1336","1626"
"595","ALIGN_HOLD","31385","-38","-208.740234375","3","3000","7000000","70000","154073","154073","0","2903","1336","1536"
"596","ALIGN_HOLD","31382","-41","-225.2197265625","-3","-3000","-6000000","70000","154074","154074","0","2903","1336","1446"
"597","ALIGN_HOLD","31384","-39","-214.2333984375","2","2000","5000000","70000","154075","154075","0","2903","1336","1356"
"598","ALIGN_HOLD","31385","-38","-208.740234375","1","1000","-1000000","70000","154076","154076","0","2903","1336","1266"
"599","ALIGN_HOLD","31382","-41","-225.2197265625","-3","-3000","-4000000","70000","154077","154077","0","2903","1336","1176"
"600","ALIGN_HOLD","31385","-38","-208.740234375","3","3000","6000000","70000","154078","154078","0","2903","1336","1152"
"601","ALIGN_HOLD","31386","-37","-203.2470703125","1","1000","-2000000","70000","154079","154079","0","2903","1336","996"
"602","ALIGN_HOLD","31385","-38","-208.740234375","-1","-1000","-2000000","70000","154080","154080","0","2903","1336","906"
"603","ALIGN_HOLD","31382","-41","-225.2197265625","-3","-3000","-2000000","70000","154081","154081","0","2903","1336","816"
"604","ALIGN_HOLD","31388","-35","-192.2607421875","6","6000","9000000","70000","154082","154082","0","2903","1336","726"
"605","ALIGN_HOLD","31383","-40","-219.7265625","-5","-5000","-11000000","70000","154083","154083","0","2903","1336","636"
"606","ALIGN_HOLD","31386","-37","-203.2470703125","3","3000","8000000","70000","154084","154084","0","2903","1336","546"
"607","ALIGN_HOLD","31380","-43","-236.2060546875","-6","-6000","-9000000","70000","154085","154085","0","2903","1336","456"
"608","ALIGN_HOLD","31385","-38","-208.740234375","5","5000","11000000","70000","154086","154086","0","2903","1336","366"
"609","ALIGN_HOLD","31381","-42","-230.712890625","-4","-4000","-9000000","70000","154087","154087","0","2903","1336","276"
"610","ALIGN_HOLD","31384","-39","-214.2333984375","3","3000","7000000","70000","154088","154088","0","2903","1336","186"
"611","ALIGN_HOLD","31382","-41","-225.2197265625","-2","-2000","-5000000","70000","154089","154089","0","2903","1336","96"
"612","ALIGN_HOLD","31386","-37","-203.2470703125","4","4000","6000000","70000","154090","154090","0","2903","1336","6"
"613","ALIGN_HOLD","31380","-43","-236.2060546875","-6","-6000","-10000000","70000","154091","154091","0","2903","1336","2071"
"614","ALIGN_HOLD","31386","-37","-203.2470703125","6","6000","12000000","70000","154092","154092","0","2903","1336","1981"
"615","ALIGN_HOLD","31383","-40","-219.7265625","-3","-3000","-9000000","70000","154093","154093","0","2903","1336","1891"
"616","ALIGN_HOLD","31381","-42","-230.712890625","-2","-2000","1000000","70000","154094","154094","0","2903","1336","1801"
"617","ALIGN_HOLD","31387","-36","-197.75390625","6","6000","8000000","70000","154095","154095","0","2903","1336","1711"
"618","ALIGN_HOLD","31385","-38","-208.740234375","-2","-2000","-8000000","70000","154096","154096","0","2903","1336","1621"
"619","ALIGN_HOLD","31385","-38","-208.740234375","0","0","2000000","70000","154097","154097","0","2903","1336","1531"
"620","ALIGN_HOLD","31384","-39","-214.2333984375","-1","-1000","-1000000","70000","154098","154098","0","2903","1336","1441"
"621","ALIGN_HOLD","31385","-38","-208.740234375","1","1000","2000000","70000","154099","154099","0","2903","1336","1351"
"622","ALIGN_HOLD","31385","-38","-208.740234375","0","0","-1000000","70000","154100","154100","0","2903","1336","1261"
"623","ALIGN_HOLD","31385","-38","-208.740234375","0","0","0","70000","154101","154101","0","2903","1336","1171"
"624","ALIGN_HOLD","31384","-39","-214.2333984375","-1","-1000","-1000000","70000","154102","154102","0","2903","1336","1081"
"625","ALIGN_HOLD","31385","-38","-208.740234375","1","1000","2000000","70000","154103","154103","0","2903","1336","991"
"626","ALIGN_HOLD","31381","-42","-230.712890625","-4","-4000","-5000000","70000","154104","154104","0","2903","1336","901"
"627","ALIGN_HOLD","31380","-43","-236.2060546875","-1","-1000","3000000","70000","154105","154105","0","2903","1336","811"
"628","ALIGN_HOLD","31384","-39","-214.2333984375","4","4000","5000000","70000","154106","154106","0","2903","1336","721"
"629","ALIGN_HOLD","31386","-37","-203.2470703125","2","2000","-2000000","70000","154107","154107","0","2903","1336","631"
"630","ALIGN_HOLD","31382","-41","-225.2197265625","-4","-4000","-6000000","70000","154108","154108","0","2903","1336","541"
"631","ALIGN_HOLD","31388","-35","-192.2607421875","6","6000","10000000","70000","154109","154109","0","2903","1336","451"
"632","ALIGN_HOLD","31386","-37","-203.2470703125","-2","-2000","-8000000","70000","154110","154110","0","2903","1336","361"
"633","ALIGN_HOLD","31384","-39","-214.2333984375","-2","-2000","0","70000","154111","154111","0","2903","1336","271"
"634","ALIGN_HOLD","31382","-41","-225.2197265625","-2","-2000","0","70000","154112","154112","0","2903","1336","181"
"635","ALIGN_HOLD","31386","-37","-203.2470703125","4","4000","6000000","70000","154113","154113","0","2903","1336","91"
"636","ALIGN_HOLD","31385","-38","-208.740234375","-1","-1000","-5000000","70000","154114","154114","0","2903","1336","1"
"637","ALIGN_HOLD","31383","-40","-219.7265625","-2","-2000","-1000000","70000","154115","154115","0","2903","1336","2066"
"638","ALIGN_HOLD","31381","-42","-230.712890625","-2","-2000","0","70000","154116","154116","0","2903","1336","1976"
"639","ALIGN_HOLD","31383","-40","-219.7265625","2","2000","4000000","70000","154117","154117","0","2903","1336","1886"
"640","ALIGN_HOLD","31383","-40","-219.7265625","0","0","-2000000","70000","154118","154118","0","2903","1336","1796"
"641","ALIGN_HOLD","31383","-40","-219.7265625","0","0","0","70000","154119","154119","0","2903","1336","1706"
"642","ALIGN_HOLD","31379","-44","-241.69921875","-4","-4000","-4000000","70000","154120","154120","0","2903","1336","1616"
"643","ALIGN_HOLD","31382","-41","-225.2197265625","3","3000","7000000","70000","154121","154121","0","2903","1336","1526"
"644","ALIGN_HOLD","31382","-41","-225.2197265625","0","0","-3000000","70000","154122","154122","0","2903","1336","1436"
"645","ALIGN_HOLD","31383","-40","-219.7265625","1","1000","1000000","70000","154123","154123","0","2903","1336","1346"
"646","ALIGN_HOLD","31381","-42","-230.712890625","-2","-2000","-3000000","70000","154124","154124","0","2903","1336","1256"
"647","ALIGN_HOLD","31382","-41","-225.2197265625","1","1000","3000000","70000","154125","154125","0","2903","1336","1166"
"648","ALIGN_HOLD","31385","-38","-208.740234375","3","3000","2000000","70000","154126","154126","0","2903","1336","1076"
"649","ALIGN_HOLD","31385","-38","-208.740234375","0","0","-3000000","70000","154127","154127","0","2903","1336","986"
"650","ALIGN_HOLD","31387","-36","-197.75390625","2","2000","2000000","70000","154128","154128","0","2903","1336","896"
"651","ALIGN_HOLD","31384","-39","-214.2333984375","-3","-3000","-5000000","70000","154129","154129","0","2903","1336","806"
"652","ALIGN_HOLD","31386","-37","-203.2470703125","2","2000","5000000","70000","154130","154130","0","2903","1336","716"
"653","ALIGN_HOLD","31384","-39","-214.2333984375","-2","-2000","-4000000","70000","154131","154131","0","2903","1336","626"
"654","ALIGN_HOLD","31388","-35","-192.2607421875","4","4000","6000000","70000","154132","154132","0","2903","1336","536"
"655","ALIGN_HOLD","31384","-39","-214.2333984375","-4","-4000","-8000000","70000","154133","154133","0","2903","1336","446"
"656","ALIGN_HOLD","31384","-39","-214.2333984375","0","0","4000000","70000","154134","154134","0","2903","1336","356"
"657","ALIGN_HOLD","31382","-41","-225.2197265625","-2","-2000","-2000000","70000","154135","154135","0","2903","1336","266"
"658","ALIGN_HOLD","31381","-42","-230.712890625","-1","-1000","1000000","70000","154136","154136","0","2903","1336","176"
"659","ALIGN_HOLD","31383","-40","-219.7265625","2","2000","3000000","70000","154137","154137","0","2903","1336","86"
"660","ALIGN_HOLD","31384","-39","-214.2333984375","1","1000","-1000000","70000","154138","154138","0","2903","1336","2151"
"661","ALIGN_HOLD","31381","-42","-230.712890625","-3","-3000","-4000000","70000","154139","154139","0","2903","1336","2061"
"662","ALIGN_HOLD","31381","-42","-230.712890625","0","0","3000000","70000","154140","154140","0","2903","1336","1971"
"663","ALIGN_HOLD","31386","-37","-203.2470703125","5","5000","5000000","70000","154141","154141","0","2903","1336","1881"
"664","ALIGN_HOLD","31383","-40","-219.7265625","-3","-3000","-8000000","70000","154142","154142","0","2903","1336","1791"
"665","ALIGN_HOLD","31384","-39","-214.2333984375","1","1000","4000000","70000","154143","154143","0","2903","1336","1701"
"666","ALIGN_HOLD","31384","-39","-214.2333984375","0","0","-1000000","70000","154144","154144","0","2903","1336","1611"
"667","ALIGN_HOLD","31387","-36","-197.75390625","3","3000","3000000","70000","154145","154145","0","2903","1336","1521"
"668","ALIGN_HOLD","31383","-40","-219.7265625","-4","-4000","-7000000","70000","154146","154146","0","2903","1336","1431"
"669","ALIGN_HOLD","31383","-40","-219.7265625","0","0","4000000","70000","154147","154147","0","2903","1336","1341"
"670","ALIGN_HOLD","31386","-37","-203.2470703125","3","3000","3000000","70000","154148","154148","0","2903","1336","1251"
"671","ALIGN_HOLD","31385","-38","-208.740234375","-1","-1000","-4000000","70000","154149","154149","0","2903","1336","1161"
"672","ALIGN_HOLD","31381","-42","-230.712890625","-4","-4000","-3000000","70000","154150","154150","0","2903","1336","1071"
"673","ALIGN_HOLD","31387","-36","-197.75390625","6","6000","10000000","70000","154151","154151","0","2903","1336","981"
"674","ALIGN_HOLD","31379","-44","-241.69921875","-8","-8000","-14000000","70000","154152","154152","0","2903","1336","891"
"675","ALIGN_HOLD","31384","-39","-214.2333984375","5","5000","13000000","70000","154153","154153","0","2903","1336","801"
"676","ALIGN_HOLD","31385","-38","-208.740234375","1","1000","-4000000","70000","154154","154154","0","2903","1336","711"
"677","ALIGN_HOLD","31383","-40","-219.7265625","-2","-2000","-3000000","70000","154155","154155","0","2903","1336","621"
"678","ALIGN_HOLD","31385","-38","-208.740234375","2","2000","4000000","70000","154156","154156","0","2903","1336","531"
"679","ALIGN_HOLD","31382","-41","-225.2197265625","-3","-3000","-5000000","70000","154157","154157","0","2903","1336","441"
"680","ALIGN_HOLD","31384","-39","-214.2333984375","2","2000","5000000","70000","154158","154158","0","2903","1336","351"
"681","ALIGN_HOLD","31383","-40","-219.7265625","-1","-1000","-3000000","70000","154159","154159","0","2903","1336","261"
"682","ALIGN_HOLD","31384","-39","-214.2333984375","1","1000","2000000","70000","154160","154160","0","2903","1336","171"
"683","ALIGN_HOLD","31380","-43","-236.2060546875","-4","-4000","-5000000","70000","154161","154161","0","2903","1336","81"
"684","ALIGN_HOLD","31383","-40","-219.7265625","3","3000","7000000","70000","154162","154162","0","2903","1336","2146"
"685","ALIGN_HOLD","31384","-39","-214.2333984375","1","1000","-2000000","70000","154163","154163","0","2903","1336","2056"
"686","ALIGN_HOLD","31382","-41","-225.2197265625","-2","-2000","-3000000","70000","154164","154164","0","2903","1336","1966"
"687","ALIGN_HOLD","31381","-42","-230.712890625","-1","-1000","1000000","70000","154165","154165","0","2903","1336","1876"
"688","ALIGN_HOLD","31383","-40","-219.7265625","2","2000","3000000","70000","154166","154166","0","2903","1336","1786"
"689","ALIGN_HOLD","31383","-40","-219.7265625","0","0","-2000000","70000","154167","154167","0","2903","1336","1696"
"690","ALIGN_HOLD","31380","-43","-236.2060546875","-3","-3000","-3000000","70000","154168","154168","0","2903","1336","1606"
"691","ALIGN_HOLD","31382","-41","-225.2197265625","2","2000","5000000","70000","154169","154169","0","2903","1336","1516"
"692","ALIGN_HOLD","31379","-44","-241.69921875","-3","-3000","-5000000","70000","154170","154170","0","2903","1336","1426"
"693","ALIGN_HOLD","31381","-42","-230.712890625","2","2000","5000000","70000","154171","154171","0","2903","1336","1336"
"694","ALIGN_HOLD","31382","-41","-225.2197265625","1","1000","-1000000","70000","154172","154172","0","2903","1336","1246"
"695","ALIGN_HOLD","31384","-39","-214.2333984375","2","2000","1000000","70000","154173","154173","0","2903","1336","1156"
"696","ALIGN_HOLD","31383","-40","-219.7265625","-1","-1000","-3000000","70000","154174","154174","0","2903","1336","1066"
"697","ALIGN_HOLD","31384","-39","-214.2333984375","1","1000","2000000","70000","154175","154175","0","2903","1336","976"
"698","ALIGN_HOLD","31382","-41","-225.2197265625","-2","-2000","-3000000","70000","154176","154176","0","2903","1336","886"
"699","ALIGN_HOLD","31383","-40","-219.7265625","1","1000","3000000","70000","154177","154177","0","2903","1336","796"
"700","ALIGN_HOLD","31388","-35","-192.2607421875","5","5000","4000000","70000","154178","154178","0","2903","1336","706"
"701","ALIGN_HOLD","31382","-41","-225.2197265625","-6","-6000","-11000000","70000","154179","154179","0","2903","1336","616"
"702","ALIGN_HOLD","31383","-40","-219.7265625","1","1000","7000000","70000","154180","154180","0","2903","1336","526"
"703","ALIGN_HOLD","31384","-39","-214.2333984375","1","1000","0","70000","154181","154181","0","2903","1336","436"
"704","ALIGN_HOLD","31381","-42","-230.712890625","-3","-3000","-4000000","70000","154182","154182","0","2903","1336","346"
"705","ALIGN_HOLD","31387","-36","-197.75390625","6","6000","9000000","70000","154183","154183","0","2903","1336","256"
"706","ALIGN_HOLD","31383","-40","-219.7265625","-4","-4000","-10000000","70000","154184","154184","0","2903","1336","166"
"707","ALIGN_HOLD","31384","-39","-214.2333984375","1","1000","5000000","70000","154185","154185","0","2903","1336","76"
"708","ALIGN_HOLD","31380","-43","-236.2060546875","-4","-4000","-5000000","70000","154186","154186","0","2903","1336","2141"
"709","ALIGN_HOLD","31383","-40","-219.7265625","3","3000","7000000","70000","154187","154187","0","2903","1336","2051"
"710","ALIGN_HOLD","31388","-35","-192.2607421875","5","5000","2000000","70000","154188","154188","0","2903","1336","1961"
"711","ALIGN_HOLD","31385","-38","-208.740234375","-3","-3000","-8000000","70000","154189","154189","0","2903","1336","1871"
"712","ALIGN_HOLD","31386","-37","-203.2470703125","1","1000","4000000","70000","154190","154190","0","2903","1336","1781"
"713","ALIGN_HOLD","31386","-37","-203.2470703125","0","0","-1000000","70000","154191","154191","0","2903","1336","1691"
"714","ALIGN_HOLD","31385","-38","-208.740234375","-1","-1000","-1000000","70000","154192","154192","0","2903","1336","1601"
"715","ALIGN_HOLD","31381","-42","-230.712890625","-4","-4000","-3000000","70000","154193","154193","0","2903","1336","1511"
"716","ALIGN_HOLD","31381","-42","-230.712890625","0","0","4000000","70000","154194","154194","0","2903","1336","1421"
"717","ALIGN_HOLD","31381","-42","-230.712890625","0","0","0","70000","154195","154195","0","2903","1336","1331"
"718","ALIGN_HOLD","31385","-38","-208.740234375","4","4000","4000000","70000","154196","154196","0","2903","1336","1241"
"719","ALIGN_HOLD","31386","-37","-203.2470703125","1","1000","-3000000","70000","154197","154197","0","2903","1336","1151"
"720","ALIGN_HOLD","31382","-41","-225.2197265625","-4","-4000","-5000000","70000","154198","154198","0","2903","1336","1061"
"721","ALIGN_HOLD","31383","-40","-219.7265625","1","1000","5000000","70000","154199","154199","0","2903","1336","971"
"722","ALIGN_HOLD","31387","-36","-197.75390625","4","4000","3000000","70000","154200","154200","0","2903","1336","881"
"723","ALIGN_HOLD","31383","-40","-219.7265625","-4","-4000","-8000000","70000","154201","154201","0","2903","1336","791"
"724","ALIGN_HOLD","31383","-40","-219.7265625","0","0","4000000","70000","154202","154202","0","2903","1336","701"
"725","ALIGN_HOLD","31385","-38","-208.740234375","2","2000","2000000","70000","154203","154203","0","2903","1336","611"
"726","ALIGN_HOLD","31381","-42","-230.712890625","-4","-4000","-6000000","70000","154204","154204","0","2903","1336","521"
"727","ALIGN_HOLD","31385","-38","-208.740234375","4","4000","8000000","70000","154205","154205","0","2903","1336","431"
"728","ALIGN_HOLD","31386","-37","-203.2470703125","1","1000","-3000000","70000","154206","154206","0","2903","1336","341"
"729","ALIGN_HOLD","31384","-39","-214.2333984375","-2","-2000","-3000000","70000","154207","154207","0","2903","1336","251"
"730","ALIGN_HOLD","31385","-38","-208.740234375","1","1000","3000000","70000","154208","154208","0","2903","1336","161"
"731","ALIGN_HOLD","31387","-36","-197.75390625","2","2000","1000000","70000","154209","154209","0","2903","1336","71"
"732","ALIGN_HOLD","31386","-37","-203.2470703125","-1","-1000","-3000000","70000","154210","154210","0","2903","1336","2136"
"733","ALIGN_HOLD","31383","-40","-219.7265625","-3","-3000","-2000000","70000","154211","154211","0","2903","1336","2046"
"734","ALIGN_HOLD","31381","-42","-230.712890625","-2","-2000","1000000","70000","154212","154212","0","2903","1336","1956"
"735","ALIGN_HOLD","31384","-39","-214.2333984375","3","3000","5000000","70000","154213","154213","0","2903","1336","1866"
"736","ALIGN_HOLD","31387","-36","-197.75390625","3","3000","0","70000","154214","154214","0","2903","1336","1776"
"737","ALIGN_HOLD","31384","-39","-214.2333984375","-3","-3000","-6000000","70000","154215","154215","0","2903","1336","1686"
"738","ALIGN_HOLD","31381","-42","-230.712890625","-3","-3000","0","70000","154216","154216","0","2903","1336","1596"
"739","ALIGN_HOLD","31383","-40","-219.7265625","2","2000","5000000","70000","154217","154217","0","2903","1336","1506"
"740","ALIGN_HOLD","31386","-37","-203.2470703125","3","3000","1000000","70000","154218","154218","0","2903","1336","1416"
"741","ALIGN_HOLD","31385","-38","-208.740234375","-1","-1000","-4000000","70000","154219","154219","0","2903","1336","1326"
"742","ALIGN_HOLD","31384","-39","-214.2333984375","-1","-1000","0","70000","154220","154220","0","2903","1336","1236"
"743","ALIGN_HOLD","31383","-40","-219.7265625","-1","-1000","0","70000","154221","154221","0","2903","1336","1146"
"744","ALIGN_HOLD","31385","-38","-208.740234375","2","2000","3000000","70000","154222","154222","0","2903","1336","1056"
"745","ALIGN_HOLD","31380","-43","-236.2060546875","-5","-5000","-7000000","70000","154223","154223","0","2903","1336","966"
"746","ALIGN_HOLD","31385","-38","-208.740234375","5","5000","10000000","70000","154224","154224","0","2903","1336","876"
"747","ALIGN_HOLD","31386","-37","-203.2470703125","1","1000","-4000000","70000","154225","154225","0","2903","1336","786"
"748","ALIGN_HOLD","31383","-40","-219.7265625","-3","-3000","-4000000","70000","154226","154226","0","2903","1336","696"
"749","ALIGN_HOLD","31384","-39","-214.2333984375","1","1000","4000000","70000","154227","154227","0","2903","1336","606"
"750","ALIGN_HOLD","31388","-35","-192.2607421875","4","4000","3000000","70000","154228","154228","0","2903","1336","516"
"751","ALIGN_HOLD","31378","-45","-247.1923828125","-10","-10000","-14000000","70000","154229","154229","0","2903","1336","426"
"752","ALIGN_HOLD","31385","-38","-208.740234375","7","7000","17000000","70000","154230","154230","0","2903","1336","336"
"753","ALIGN_HOLD","31384","-39","-214.2333984375","-1","-1000","-8000000","70000","154231","154231","0","2903","1336","246"
"754","ALIGN_HOLD","31383","-40","-219.7265625","-1","-1000","0","70000","154232","154232","0","2903","1336","156"
"755","ALIGN_HOLD","31382","-41","-225.2197265625","-1","-1000","0","70000","154233","154233","0","2903","1336","66"
"756","ALIGN_HOLD","31382","-41","-225.2197265625","0","0","1000000","70000","154234","154234","0","2903","1336","2131"
"757","ALIGN_HOLD","31381","-42","-230.712890625","-1","-1000","-1000000","70000","154235","154235","0","2903","1336","2041"
"758","ALIGN_HOLD","31385","-38","-208.740234375","4","4000","5000000","70000","154236","154236","0","2903","1336","1951"
"759","ALIGN_HOLD","31385","-38","-208.740234375","0","0","-4000000","70000","154237","154237","0","2903","1336","1861"
"760","ALIGN_HOLD","31383","-40","-219.7265625","-2","-2000","-2000000","70000","154238","154238","0","2903","1336","1771"
"761","ALIGN_HOLD","31383","-40","-219.7265625","0","0","2000000","70000","154239","154239","0","2903","1336","1681"
"762","ALIGN_HOLD","31385","-38","-208.740234375","2","2000","2000000","70000","154240","154240","0","2903","1336","1591"
"763","ALIGN_HOLD","31384","-39","-214.2333984375","-1","-1000","-3000000","70000","154241","154241","0","2903","1336","1501"
"764","ALIGN_HOLD","31385","-38","-208.740234375","1","1000","2000000","70000","154242","154242","0","2903","1336","1411"
"765","ALIGN_HOLD","31386","-37","-203.2470703125","1","1000","0","70000","154243","154243","0","2903","1336","1321"
"766","ALIGN_HOLD","31385","-38","-208.740234375","-1","-1000","-2000000","70000","154244","154244","0","2903","1336","1231"
"767","ALIGN_HOLD","31385","-38","-208.740234375","0","0","1000000","70000","154245","154245","0","2903","1336","1141"
"768","ALIGN_HOLD","31387","-36","-197.75390625","2","2000","2000000","70000","154246","154246","0","2903","1336","1051"
"769","ALIGN_HOLD","31384","-39","-214.2333984375","-3","-3000","-5000000","70000","154247","154247","0","2903","1336","961"
"770","ALIGN_HOLD","31382","-41","-225.2197265625","-2","-2000","1000000","70000","154248","154248","0","2903","1336","871"
"771","ALIGN_HOLD","31382","-41","-225.2197265625","0","0","2000000","70000","154249","154249","0","2903","1336","781"
"772","ALIGN_HOLD","31386","-37","-203.2470703125","4","4000","4000000","70000","154250","154250","0","2903","1336","691"
"773","ALIGN_HOLD","31385","-38","-208.740234375","-1","-1000","-5000000","70000","154251","154251","0","2903","1336","601"
"774","ALIGN_HOLD","31383","-40","-219.7265625","-2","-2000","-1000000","70000","154252","154252","0","2903","1336","511"
"775","ALIGN_HOLD","31383","-40","-219.7265625","0","0","2000000","70000","154253","154253","0","2903","1336","421"
"776","ALIGN_HOLD","31386","-37","-203.2470703125","3","3000","3000000","70000","154254","154254","0","2903","1336","331"
"777","ALIGN_HOLD","31384","-39","-214.2333984375","-2","-2000","-5000000","70000","154255","154255","0","2903","1336","241"
"778","ALIGN_HOLD","31384","-39","-214.2333984375","0","0","2000000","70000","154256","154256","0","2903","1336","151"
"779","ALIGN_HOLD","31386","-37","-203.2470703125","2","2000","2000000","70000","154257","154257","0","2903","1336","61"
"780","ALIGN_HOLD","31382","-41","-225.2197265625","-4","-4000","-6000000","70000","154258","154258","0","2903","1336","2126"
"781","ALIGN_HOLD","31386","-37","-203.2470703125","4","4000","8000000","70000","154259","154259","0","2903","1336","2036"
"782","ALIGN_HOLD","31387","-36","-197.75390625","1","1000","-3000000","70000","154260","154260","0","2903","1336","1946"
"783","ALIGN_HOLD","31384","-39","-214.2333984375","-3","-3000","-4000000","70000","154261","154261","0","2903","1336","1856"
"784","ALIGN_HOLD","31384","-39","-214.2333984375","0","0","3000000","70000","154262","154262","0","2903","1336","1766"
"785","ALIGN_HOLD","31386","-37","-203.2470703125","2","2000","2000000","70000","154263","154263","0","2903","1336","1676"
"786","ALIGN_HOLD","31384","-39","-214.2333984375","-2","-2000","-4000000","70000","154264","154264","0","2903","1336","1586"
"787","ALIGN_HOLD","31386","-37","-203.2470703125","2","2000","4000000","70000","154265","154265","0","2903","1336","1496"
"788","ALIGN_HOLD","31384","-39","-214.2333984375","-2","-2000","-4000000","70000","154266","154266","0","2903","1336","1406"
"789","ALIGN_HOLD","31384","-39","-214.2333984375","0","0","2000000","70000","154267","154267","0","2903","1336","1316"
"790","ALIGN_HOLD","31385","-38","-208.740234375","1","1000","1000000","70000","154268","154268","0","2903","1336","1226"
"791","ALIGN_HOLD","31385","-38","-208.740234375","0","0","-1000000","70000","154269","154269","0","2903","1336","1136"
"792","ALIGN_HOLD","31387","-36","-197.75390625","2","2000","2000000","70000","154270","154270","0","2903","1336","1046"
"793","ALIGN_HOLD","31386","-37","-203.2470703125","-1","-1000","-3000000","70000","154271","154271","0","2903","1336","956"
"794","ALIGN_HOLD","31387","-36","-197.75390625","1","1000","2000000","70000","154272","154272","0","2903","1336","866"
"795","ALIGN_HOLD","31383","-40","-219.7265625","-4","-4000","-5000000","70000","154273","154273","0","2903","1336","776"
"796","ALIGN_HOLD","31383","-40","-219.7265625","0","0","4000000","70000","154274","154274","0","2903","1336","686"
"797","ALIGN_HOLD","31386","-37","-203.2470703125","3","3000","3000000","70000","154275","154275","0","2903","1336","596"
"798","ALIGN_HOLD","31387","-36","-197.75390625","1","1000","-2000000","70000","154276","154276","0","2903","1336","506"
"799","ALIGN_HOLD","31380","-43","-236.2060546875","-7","-7000","-8000000","70000","154277","154277","0","2903","1336","416"
"800","ALIGN_HOLD","31387","-36","-197.75390625","7","7000","14000000","70000","154278","154278","0","2903","1336","392"
"801","ALIGN_HOLD","31382","-41","-225.2197265625","-5","-5000","-12000000","70000","154279","154279","0","2903","1336","236"
"802","ALIGN_HOLD","31383","-40","-219.7265625","1","1000","6000000","70000","154280","154280","0","2903","1336","146"
"803","ALIGN_HOLD","31381","-42","-230.712890625","-2","-2000","-3000000","70000","154281","154281","0","2903","1336","56"
"804","ALIGN_HOLD","31383","-40","-219.7265625","2","2000","4000000","70000","154282","154282","0","2903","1336","2121"
"805","ALIGN_HOLD","31385","-38","-208.740234375","2","2000","0","70000","154283","154283","0","2903","1336","2031"
"806","ALIGN_HOLD","31385","-38","-208.740234375","0","0","-2000000","70000","154284","154284","0","2903","1336","1941"
"807","ALIGN_HOLD","31384","-39","-214.2333984375","-1","-1000","-1000000","70000","154285","154285","0","2903","1336","1851"
"808","ALIGN_HOLD","31385","-38","-208.740234375","1","1000","2000000","70000","154286","154286","0","2903","1336","1761"
"809","ALIGN_HOLD","31386","-37","-203.2470703125","1","1000","0","70000","154287","154287","0","2903","1336","1671"
"810","ALIGN_HOLD","31384","-39","-214.2333984375","-2","-2000","-3000000","70000","154288","154288","0","2903","1336","1581"
"811","ALIGN_HOLD","31384","-39","-214.2333984375","0","0","2000000","70000","154289","154289","0","2903","1336","1491"
"812","ALIGN_HOLD","31382","-41","-225.2197265625","-2","-2000","-2000000","70000","154290","154290","0","2903","1336","1401"
"813","ALIGN_HOLD","31382","-41","-225.2197265625","0","0","2000000","70000","154291","154291","0","2903","1336","1311"
"814","ALIGN_HOLD","31379","-44","-241.69921875","-3","-3000","-3000000","70000","154292","154292","0","2903","1336","1221"
"815","ALIGN_HOLD","31384","-39","-214.2333984375","5","5000","8000000","70000","154293","154293","0","2903","1336","1131"
"816","ALIGN_HOLD","31384","-39","-214.2333984375","0","0","-5000000","70000","154294","154294","0","2903","1336","1041"
"817","ALIGN_HOLD","31381","-42","-230.712890625","-3","-3000","-3000000","70000","154295","154295","0","2903","1336","951"
"818","ALIGN_HOLD","31387","-36","-197.75390625","6","6000","9000000","70000","154296","154296","0","2903","1336","861"
"819","ALIGN_HOLD","31385","-38","-208.740234375","-2","-2000","-8000000","70000","154297","154297","0","2903","1336","771"
"820","ALIGN_HOLD","31386","-37","-203.2470703125","1","1000","3000000","70000","154298","154298","0","2903","1336","681"
"821","ALIGN_HOLD","31382","-41","-225.2197265625","-4","-4000","-5000000","70000","154299","154299","0","2903","1336","591"
"822","ALIGN_HOLD","31383","-40","-219.7265625","1","1000","5000000","70000","154300","154300","0","2903","1336","501"
"823","ALIGN_HOLD","31384","-39","-214.2333984375","1","1000","0","70000","154301","154301","0","2903","1336","411"
"824","ALIGN_HOLD","31385","-38","-208.740234375","1","1000","0","70000","154302","154302","0","2903","1336","321"
"825","ALIGN_HOLD","31384","-39","-214.2333984375","-1","-1000","-2000000","70000","154303","154303","0","2903","1336","231"
"826","ALIGN_HOLD","31382","-41","-225.2197265625","-2","-2000","-1000000","70000","154304","154304","0","2903","1336","141"
"827","ALIGN_HOLD","31382","-41","-225.2197265625","0","0","2000000","70000","154305","154305","0","2903","1336","51"
"828","ALIGN_HOLD","31383","-40","-219.7265625","1","1000","1000000","70000","154306","154306","0","2903","1336","2116"
"829","ALIGN_HOLD","31382","-41","-225.2197265625","-1","-1000","-2000000","70000","154307","154307","0","2903","1336","2026"
"830","ALIGN_HOLD","31383","-40","-219.7265625","1","1000","2000000","70000","154308","154308","0","2903","1336","1936"
"831","ALIGN_HOLD","31380","-43","-236.2060546875","-3","-3000","-4000000","70000","154309","154309","0","2903","1336","1846"
"832","ALIGN_HOLD","31384","-39","-214.2333984375","4","4000","7000000","70000","154310","154310","0","2903","1336","1756"
"833","ALIGN_HOLD","31383","-40","-219.7265625","-1","-1000","-5000000","70000","154311","154311","0","2903","1336","1666"
"834","ALIGN_HOLD","31385","-38","-208.740234375","2","2000","3000000","70000","154312","154312","0","2903","1336","1576"
"835","ALIGN_HOLD","31383","-40","-219.7265625","-2","-2000","-4000000","70000","154313","154313","0","2903","1336","1486"
"836","ALIGN_HOLD","31381","-42","-230.712890625","-2","-2000","0","70000","154314","154314","0","2903","1336","1396"
"837","ALIGN_HOLD","31384","-39","-214.2333984375","3","3000","5000000","70000","154315","154315","0","2903","1336","1306"
"838","ALIGN_HOLD","31385","-38","-208.740234375","1","1000","-2000000","70000","154316","154316","0","2903","1336","1216"
"839","ALIGN_HOLD","31382","-41","-225.2197265625","-3","-3000","-4000000","70000","154317","154317","0","2903","1336","1126"
"840","ALIGN_HOLD","31385","-38","-208.740234375","3","3000","6000000","70000","154318","154318","0","2903","1336","1036"
"841","ALIGN_HOLD","31386","-37","-203.2470703125","1","1000","-2000000","70000","154319","154319","0","2903","1336","946"
"842","ALIGN_HOLD","31381","-42","-230.712890625","-5","-5000","-6000000","70000","154320","154320","0","2903","1336","856"
"843","ALIGN_HOLD","31384","-39","-214.2333984375","3","3000","8000000","70000","154321","154321","0","2903","1336","766"
"844","ALIGN_HOLD","31382","-41","-225.2197265625","-2","-2000","-5000000","70000","154322","154322","0","2903","1336","676"
"845","ALIGN_HOLD","31386","-37","-203.2470703125","4","4000","6000000","70000","154323","154323","0","2903","1336","586"
"846","ALIGN_HOLD","31386","-37","-203.2470703125","0","0","-4000000","70000","154324","154324","0","2903","1336","496"
"847","ALIGN_HOLD","31385","-38","-208.740234375","-1","-1000","-1000000","70000","154325","154325","0","2903","1336","406"
"848","ALIGN_HOLD","31383","-40","-219.7265625","-2","-2000","-1000000","70000","154326","154326","0","2903","1336","316"
"849","ALIGN_HOLD","31382","-41","-225.2197265625","-1","-1000","1000000","70000","154327","154327","0","2903","1336","226"
"850","ALIGN_HOLD","31383","-40","-219.7265625","1","1000","2000000","70000","154328","154328","0","2903","1336","136"
"851","ALIGN_HOLD","31387","-36","-197.75390625","4","4000","3000000","70000","154329","154329","0","2903","1336","46"
"852","ALIGN_HOLD","31381","-42","-230.712890625","-6","-6000","-10000000","70000","154330","154330","0","2903","1336","2111"
"853","ALIGN_HOLD","31384","-39","-214.2333984375","3","3000","9000000","70000","154331","154331","0","2903","1336","2021"
"854","ALIGN_HOLD","31386","-37","-203.2470703125","2","2000","-1000000","70000","154332","154332","0","2903","1336","1931"
"855","ALIGN_HOLD","31384","-39","-214.2333984375","-2","-2000","-4000000","70000","154333","154333","0","2903","1336","1841"
"856","ALIGN_HOLD","31380","-43","-236.2060546875","-4","-4000","-2000000","70000","154334","154334","0","2903","1336","1751"
"857","ALIGN_HOLD","31382","-41","-225.2197265625","2","2000","6000000","70000","154335","154335","0","2903","1336","1661"
"858","ALIGN_HOLD","31384","-39","-214.2333984375","2","2000","0","70000","154336","154336","0","2903","1336","1571"
"859","ALIGN_HOLD","31384","-39","-214.2333984375","0","0","-2000000","70000","154337","154337","0","2903","1336","1481"
"860","ALIGN_HOLD","31382","-41","-225.2197265625","-2","-2000","-2000000","70000","154338","154338","0","2903","1336","1391"
"861","ALIGN_HOLD","31386","-37","-203.2470703125","4","4000","6000000","70000","154339","154339","0","2903","1336","1301"
"862","ALIGN_HOLD","31381","-42","-230.712890625","-5","-5000","-9000000","70000","154340","154340","0","2903","1336","1211"
"863","ALIGN_HOLD","31380","-43","-236.2060546875","-1","-1000","4000000","70000","154341","154341","0","2903","1336","1121"
"864","ALIGN_HOLD","31380","-43","-236.2060546875","0","0","1000000","70000","154342","154342","0","2903","1336","1031"
"865","ALIGN_HOLD","31385","-38","-208.740234375","5","5000","5000000","70000","154343","154343","0","2903","1336","941"
"866","ALIGN_HOLD","31384","-39","-214.2333984375","-1","-1000","-6000000","70000","154344","154344","0","2903","1336","851"
"867","ALIGN_HOLD","31386","-37","-203.2470703125","2","2000","3000000","70000","154345","154345","0","2903","1336","761"
"868","ALIGN_HOLD","31382","-41","-225.2197265625","-4","-4000","-6000000","70000","154346","154346","0","2903","1336","671"
"869","ALIGN_HOLD","31386","-37","-203.2470703125","4","4000","8000000","70000","154347","154347","0","2903","1336","581"
"870","ALIGN_HOLD","31383","-40","-219.7265625","-3","-3000","-7000000","70000","154348","154348","0","2903","1336","491"
"871","ALIGN_HOLD","31387","-36","-197.75390625","4","4000","7000000","70000","154349","154349","0","2903","1336","401"
"872","ALIGN_HOLD","31386","-37","-203.2470703125","-1","-1000","-5000000","70000","154350","154350","0","2903","1336","311"
"873","ALIGN_HOLD","31382","-41","-225.2197265625","-4","-4000","-3000000","70000","154351","154351","0","2903","1336","221"
"874","ALIGN_HOLD","31383","-40","-219.7265625","1","1000","5000000","70000","154352","154352","0","2903","1336","131"
"875","ALIGN_HOLD","31381","-42","-230.712890625","-2","-2000","-3000000","70000","154353","154353","0","2903","1336","41"
"876","ALIGN_HOLD","31384","-39","-214.2333984375","3","3000","5000000","70000","154354","154354","0","2903","1336","2106"
"877","ALIGN_HOLD","31382","-41","-225.2197265625","-2","-2000","-5000000","70000","154355","154355","0","2903","1336","2016"
"878","ALIGN_HOLD","31384","-39","-214.2333984375","2","2000","4000000","70000","154356","154356","0","2903","1336","1926"
"879","ALIGN_HOLD","31384","-39","-214.2333984375","0","0","-2000000","70000","154357","154357","0","2903","1336","1836"
"880","ALIGN_HOLD","31382","-41","-225.2197265625","-2","-2000","-2000000","70000","154358","154358","0","2903","1336","1746"
"881","ALIGN_HOLD","31381","-42","-230.712890625","-1","-1000","1000000","70000","154359","154359","0","2903","1336","1656"
"882","ALIGN_HOLD","31382","-41","-225.2197265625","1","1000","2000000","70000","154360","154360","0","2903","1336","1566"
"883","ALIGN_HOLD","31387","-36","-197.75390625","5","5000","4000000","70000","154361","154361","0","2903","1336","1476"
"884","ALIGN_HOLD","31381","-42","-230.712890625","-6","-6000","-11000000","70000","154362","154362","0","2903","1336","1386"
"885","ALIGN_HOLD","31379","-44","-241.69921875","-2","-2000","4000000","70000","154363","154363","0","2903","1336","1296"
"886","ALIGN_HOLD","31382","-41","-225.2197265625","3","3000","5000000","70000","154364","154364","0","2903","1336","1206"
"887","ALIGN_HOLD","31382","-41","-225.2197265625","0","0","-3000000","70000","154365","154365","0","2903","1336","1116"
"888","ALIGN_HOLD","31386","-37","-203.2470703125","4","4000","4000000","70000","154366","154366","0","2903","1336","1026"
"889","ALIGN_HOLD","31387","-36","-197.75390625","1","1000","-3000000","70000","154367","154367","0","2903","1336","936"
"890","ALIGN_HOLD","31387","-36","-197.75390625","0","0","-1000000","70000","154368","154368","0","2903","1336","846"
"891","ALIGN_HOLD","31384","-39","-214.2333984375","-3","-3000","-3000000","70000","154369","154369","0","2903","1336","756"
"892","ALIGN_HOLD","31384","-39","-214.2333984375","0","0","3000000","70000","154370","154370","0","2903","1336","666"
"893","ALIGN_HOLD","31384","-39","-214.2333984375","0","0","0","70000","154371","154371","0","2903","1336","576"
"894","ALIGN_HOLD","31382","-41","-225.2197265625","-2","-2000","-2000000","70000","154372","154372","0","2903","1336","486"
"895","ALIGN_HOLD","31382","-41","-225.2197265625","0","0","2000000","70000","154373","154373","0","2903","1336","396"
"896","ALIGN_HOLD","31380","-43","-236.2060546875","-2","-2000","-2000000","70000","154374","154374","0","2903","1336","306"
"897","ALIGN_HOLD","31383","-40","-219.7265625","3","3000","5000000","70000","154375","154375","0","2903","1336","216"
"898","ALIGN_HOLD","31387","-36","-197.75390625","4","4000","1000000","70000","154376","154376","0","2903","1336","126"
"899","ALIGN_HOLD","31383","-40","-219.7265625","-4","-4000","-8000000","70000","154377","154377","0","2903","1336","36"
"900","ALIGN_HOLD","31385","-38","-208.740234375","2","2000","6000000","70000","154378","154378","0","2903","1336","2101"
"901","ALIGN_HOLD","31384","-39","-214.2333984375","-1","-1000","-3000000","70000","154379","154379","0","2903","1336","2011"
"902","ALIGN_HOLD","31382","-41","-225.2197265625","-2","-2000","-1000000","70000","154380","154380","0","2903","1336","1921"
"903","ALIGN_HOLD","31383","-40","-219.7265625","1","1000","3000000","70000","154381","154381","0","2903","1336","1831"
"904","ALIGN_HOLD","31384","-39","-214.2333984375","1","1000","0","70000","154382","154382","0","2903","1336","1741"
"905","ALIGN_HOLD","31386","-37","-203.2470703125","2","2000","1000000","70000","154383","154383","0","2903","1336","1651"
"906","ALIGN_HOLD","31381","-42","-230.712890625","-5","-5000","-7000000","70000","154384","154384","0","2903","1336","1561"
"907","ALIGN_HOLD","31383","-40","-219.7265625","2","2000","7000000","70000","154385","154385","0","2903","1336","1471"
"908","ALIGN_HOLD","31383","-40","-219.7265625","0","0","-2000000","70000","154386","154386","0","2903","1336","1381"
"909","ALIGN_HOLD","31383","-40","-219.7265625","0","0","0","70000","154387","154387","0","2903","1336","1291"
"910","ALIGN_HOLD","31385","-38","-208.740234375","2","2000","2000000","70000","154388","154388","0","2903","1336","1201"
"911","ALIGN_HOLD","31384","-39","-214.2333984375","-1","-1000","-3000000","70000","154389","154389","0","2903","1336","1111"
"912","ALIGN_HOLD","31383","-40","-219.7265625","-1","-1000","0","70000","154390","154390","0","2903","1336","1021"
"913","ALIGN_HOLD","31384","-39","-214.2333984375","1","1000","2000000","70000","154391","154391","0","2903","1336","931"
"914","ALIGN_HOLD","31380","-43","-236.2060546875","-4","-4000","-5000000","70000","154392","154392","0","2903","1336","841"
"915","ALIGN_HOLD","31383","-40","-219.7265625","3","3000","7000000","70000","154393","154393","0","2903","1336","751"
"916","ALIGN_HOLD","31384","-39","-214.2333984375","1","1000","-2000000","70000","154394","154394","0","2903","1336","661"
"917","ALIGN_HOLD","31383","-40","-219.7265625","-1","-1000","-2000000","70000","154395","154395","0","2903","1336","571"
"918","ALIGN_HOLD","31380","-43","-236.2060546875","-3","-3000","-2000000","70000","154396","154396","0","2903","1336","481"
"919","ALIGN_HOLD","31386","-37","-203.2470703125","6","6000","9000000","70000","154397","154397","0","2903","1336","391"
"920","ALIGN_HOLD","31381","-42","-230.712890625","-5","-5000","-11000000","70000","154398","154398","0","2903","1336","301"
"921","ALIGN_HOLD","31383","-40","-219.7265625","2","2000","7000000","70000","154399","154399","0","2903","1336","211"
"922","ALIGN_HOLD","31385","-38","-208.740234375","2","2000","0","70000","154400","154400","0","2903","1336","121"
"923","ALIGN_HOLD","31385","-38","-208.740234375","0","0","-2000000","70000","154401","154401","0","2903","1336","31"
"924","ALIGN_HOLD","31385","-38","-208.740234375","0","0","0","70000","154402","154402","0","2903","1336","2096"
"925","ALIGN_HOLD","31383","-40","-219.7265625","-2","-2000","-2000000","70000","154403","154403","0","2903","1336","2006"
"926","ALIGN_HOLD","31384","-39","-214.2333984375","1","1000","3000000","70000","154404","154404","0","2903","1336","1916"
"927","ALIGN_HOLD","31384","-39","-214.2333984375","0","0","-1000000","70000","154405","154405","0","2903","1336","1826"
"928","ALIGN_HOLD","31383","-40","-219.7265625","-1","-1000","-1000000","70000","154406","154406","0","2903","1336","1736"
"929","ALIGN_HOLD","31385","-38","-208.740234375","2","2000","3000000","70000","154407","154407","0","2903","1336","1646"
"930","ALIGN_HOLD","31387","-36","-197.75390625","2","2000","0","70000","154408","154408","0","2903","1336","1556"
"931","ALIGN_HOLD","31380","-43","-236.2060546875","-7","-7000","-9000000","70000","154409","154409","0","2903","1336","1466"
"932","ALIGN_HOLD","31385","-38","-208.740234375","5","5000","12000000","70000","154410","154410","0","2903","1336","1376"
"933","ALIGN_HOLD","31383","-40","-219.7265625","-2","-2000","-7000000","70000","154411","154411","0","2903","1336","1286"
"934","ALIGN_HOLD","31382","-41","-225.2197265625","-1","-1000","1000000","70000","154412","154412","0","2903","1336","1196"
"935","ALIGN_HOLD","31384","-39","-214.2333984375","2","2000","3000000","70000","154413","154413","0","2903","1336","1106"
"936","ALIGN_HOLD","31384","-39","-214.2333984375","0","0","-2000000","70000","154414","154414","0","2903","1336","1016"
"937","ALIGN_HOLD","31383","-40","-219.7265625","-1","-1000","-1000000","70000","154415","154415","0","2903","1336","926"
"938","ALIGN_HOLD","31385","-38","-208.740234375","2","2000","3000000","70000","154416","154416","0","2903","1336","836"
"939","ALIGN_HOLD","31382","-41","-225.2197265625","-3","-3000","-5000000","70000","154417","154417","0","2903","1336","746"
"940","ALIGN_HOLD","31384","-39","-214.2333984375","2","2000","5000000","70000","154418","154418","0","2903","1336","656"
"941","ALIGN_HOLD","31379","-44","-241.69921875","-5","-5000","-7000000","70000","154419","154419","0","2903","1336","566"
"942","ALIGN_HOLD","31386","-37","-203.2470703125","7","7000","12000000","70000","154420","154420","0","2903","1336","476"
"943","ALIGN_HOLD","31388","-35","-192.2607421875","2","2000","-5000000","70000","154421","154421","0","2903","1336","386"
"944","ALIGN_HOLD","31384","-39","-214.2333984375","-4","-4000","-6000000","70000","154422","154422","0","2903","1336","296"
"945","ALIGN_HOLD","31383","-40","-219.7265625","-1","-1000","3000000","70000","154423","154423","0","2903","1336","206"
"946","ALIGN_HOLD","31382","-41","-225.2197265625","-1","-1000","0","70000","154424","154424","0","2903","1336","116"
"947","ALIGN_HOLD","31381","-42","-230.712890625","-1","-1000","0","70000","154425","154425","0","2903","1336","26"
"948","ALIGN_HOLD","31382","-41","-225.2197265625","1","1000","2000000","70000","154426","154426","0","2903","1336","2091"
"949","ALIGN_HOLD","31385","-38","-208.740234375","3","3000","2000000","70000","154427","154427","0","2903","1336","2001"
"950","ALIGN_HOLD","31384","-39","-214.2333984375","-1","-1000","-4000000","70000","154428","154428","0","2903","1336","1911"
"951","ALIGN_HOLD","31384","-39","-214.2333984375","0","0","1000000","70000","154429","154429","0","2903","1336","1821"
"952","ALIGN_HOLD","31383","-40","-219.7265625","-1","-1000","-1000000","70000","154430","154430","0","2903","1336","1731"
"953","ALIGN_HOLD","31384","-39","-214.2333984375","1","1000","2000000","70000","154431","154431","0","2903","1336","1641"
"954","ALIGN_HOLD","31383","-40","-219.7265625","-1","-1000","-2000000","70000","154432","154432","0","2903","1336","1551"
"955","ALIGN_HOLD","31384","-39","-214.2333984375","1","1000","2000000","70000","154433","154433","0","2903","1336","1461"
"956","ALIGN_HOLD","31383","-40","-219.7265625","-1","-1000","-2000000","70000","154434","154434","0","2903","1336","1371"
"957","ALIGN_HOLD","31385","-38","-208.740234375","2","2000","3000000","70000","154435","154435","0","2903","1336","1281"
"958","ALIGN_HOLD","31385","-38","-208.740234375","0","0","-2000000","70000","154436","154436","0","2903","1336","1191"
"959","ALIGN_HOLD","31383","-40","-219.7265625","-2","-2000","-2000000","70000","154437","154437","0","2903","1336","1101"
"960","ALIGN_HOLD","31384","-39","-214.2333984375","1","1000","3000000","70000","154438","154438","0","2903","1336","1011"
"961","ALIGN_HOLD","31387","-36","-197.75390625","3","3000","2000000","70000","154439","154439","0","2903","1336","921"
"962","ALIGN_HOLD","31384","-39","-214.2333984375","-3","-3000","-6000000","70000","154440","154440","0","2903","1336","831"
"963","ALIGN_HOLD","31385","-38","-208.740234375","1","1000","4000000","70000","154441","154441","0","2903","1336","741"
"964","ALIGN_HOLD","31387","-36","-197.75390625","2","2000","1000000","70000","154442","154442","0","2903","1336","651"
"965","ALIGN_HOLD","31384","-39","-214.2333984375","-3","-3000","-5000000","70000","154443","154443","0","2903","1336","561"
"966","ALIGN_HOLD","31386","-37","-203.2470703125","2","2000","5000000","70000","154444","154444","0","2903","1336","471"
"967","ALIGN_HOLD","31386","-37","-203.2470703125","0","0","-2000000","70000","154445","154445","0","2903","1336","381"
"968","ALIGN_HOLD","31385","-38","-208.740234375","-1","-1000","-1000000","70000","154446","154446","0","2903","1336","291"
"969","ALIGN_HOLD","31384","-39","-214.2333984375","-1","-1000","0","70000","154447","154447","0","2903","1336","201"
"970","ALIGN_HOLD","31382","-41","-225.2197265625","-2","-2000","-1000000","70000","154448","154448","0","2903","1336","111"
"971","ALIGN_HOLD","31381","-42","-230.712890625","-1","-1000","1000000","70000","154449","154449","0","2903","1336","21"
"972","ALIGN_HOLD","31381","-42","-230.712890625","0","0","1000000","70000","154450","154450","0","2903","1336","2086"
"973","ALIGN_HOLD","31385","-38","-208.740234375","4","4000","4000000","70000","154451","154451","0","2903","1336","1996"
"974","ALIGN_HOLD","31387","-36","-197.75390625","2","2000","-2000000","70000","154452","154452","0","2903","1336","1906"
"975","ALIGN_HOLD","31382","-41","-225.2197265625","-5","-5000","-7000000","70000","154453","154453","0","2903","1336","1816"
"976","ALIGN_HOLD","31383","-40","-219.7265625","1","1000","6000000","70000","154454","154454","0","2903","1336","1726"
"977","ALIGN_HOLD","31387","-36","-197.75390625","4","4000","3000000","70000","154455","154455","0","2903","1336","1636"
"978","ALIGN_HOLD","31386","-37","-203.2470703125","-1","-1000","-5000000","70000","154456","154456","0","2903","1336","1546"
"979","ALIGN_HOLD","31383","-40","-219.7265625","-3","-3000","-2000000","70000","154457","154457","0","2903","1336","1456"
"980","ALIGN_HOLD","31381","-42","-230.712890625","-2","-2000","1000000","70000","154458","154458","0","2903","1336","1366"
"981","ALIGN_HOLD","31382","-41","-225.2197265625","1","1000","3000000","70000","154459","154459","0","2903","1336","1276"
"982","ALIGN_HOLD","31383","-40","-219.7265625","1","1000","0","70000","154460","154460","0","2903","1336","1186"
"983","ALIGN_HOLD","31384","-39","-214.2333984375","1","1000","0","70000","154461","154461","0","2903","1336","1096"
"984","ALIGN_HOLD","31381","-42","-230.712890625","-3","-3000","-4000000","70000","154462","154462","0","2903","1336","1006"
"985","ALIGN_HOLD","31383","-40","-219.7265625","2","2000","5000000","70000","154463","154463","0","2903","1336","916"
"986","ALIGN_HOLD","31388","-35","-192.2607421875","5","5000","3000000","70000","154464","154464","0","2903","1336","826"
"987","ALIGN_HOLD","31385","-38","-208.740234375","-3","-3000","-8000000","70000","154465","154465","0","2903","1336","736"
"988","ALIGN_HOLD","31386","-37","-203.2470703125","1","1000","4000000","70000","154466","154466","0","2903","1336","646"
"989","ALIGN_HOLD","31380","-43","-236.2060546875","-6","-6000","-7000000","70000","154467","154467","0","2903","1336","556"
"990","ALIGN_HOLD","31386","-37","-203.2470703125","6","6000","12000000","70000","154468","154468","0","2903","1336","466"
"991","ALIGN_HOLD","31386","-37","-203.2470703125","0","0","-6000000","70000","154469","154469","0","2903","1336","376"
"992","ALIGN_HOLD","31385","-38","-208.740234375","-1","-1000","-1000000","70000","154470","154470","0","2903","1336","286"
"993","ALIGN_HOLD","31384","-39","-214.2333984375","-1","-1000","0","70000","154471","154471","0","2903","1336","196"
"994","ALIGN_HOLD","31384","-39","-214.2333984375","0","0","1000000","70000","154472","154472","0","2903","1336","106"
"995","ALIGN_HOLD","31383","-40","-219.7265625","-1","-1000","-1000000","70000","154473","154473","0","2903","1336","16"
"996","ALIGN_HOLD","31383","-40","-219.7265625","0","0","1000000","70000","154474","154474","0","2903","1336","2081"
"997","ALIGN_HOLD","31385","-38","-208.740234375","2","2000","2000000","70000","154475","154475","0","2903","1336","1991"
"998","ALIGN_HOLD","31387","-36","-197.75390625","2","2000","0","70000","154476","154476","0","2903","1336","1901"
"999","ALIGN_HOLD","31382","-41","-225.2197265625","-5","-5000","-7000000","70000","154477","154477","0","2903","1336","1811"
"1000","ALIGN_HOLD","31384","-39","-214.2333984375","2","2000","7000000","70000","154478","154478","0","2903","1336","1787"
