"Seq","Phase","EncoderRaw","TravelRaw","TravelMilliDeg","DeltaRaw","VelocityRawPerSecond","AccelerationRawPerSecond2","PowerPpm","ScheduledTick","SampleTick","LatenessTicks","LoopCycles","SpiLatencyCycles","PwmCounterAtCs"
"0","ALIGN_RAMP","42664","0","0","0","0","0","0","107019","107019","0","2897","1336","321"
"1","ALIGN_RAMP","42667","3","16.4794921875","3","3000","3000000","140","107020","107020","0","2902","1336","1731"
"2","ALIGN_RAMP","42664","0","0","-3","-3000","-6000000","280","107021","107021","0","2902","1336","1641"
"3","ALIGN_RAMP","42666","2","10.986328125","2","2000","5000000","420","107022","107022","0","2902","1336","1551"
"4","ALIGN_RAMP","42666","2","10.986328125","0","0","-2000000","560","107023","107023","0","2902","1336","1461"
"5","ALIGN_RAMP","42667","3","16.4794921875","1","1000","1000000","700","107024","107024","0","2902","1336","1371"
"6","ALIGN_RAMP","42666","2","10.986328125","-1","-1000","-2000000","840","107025","107025","0","2902","1336","1281"
"7","ALIGN_RAMP","42662","-2","-10.986328125","-4","-4000","-3000000","980","107026","107026","0","2902","1336","1191"
"8","ALIGN_RAMP","42664","0","0","2","2000","6000000","1120","107027","107027","0","2902","1336","1101"
"9","ALIGN_RAMP","42668","4","21.97265625","4","4000","2000000","1260","107028","107028","0","2902","1336","1011"
"10","ALIGN_RAMP","42662","-2","-10.986328125","-6","-6000","-10000000","1400","107029","107029","0","2902","1336","921"
"11","ALIGN_RAMP","42665","1","5.4931640625","3","3000","9000000","1540","107030","107030","0","2902","1336","831"
"12","ALIGN_RAMP","42668","4","21.97265625","3","3000","0","1680","107031","107031","0","2902","1336","741"
"13","ALIGN_RAMP","42662","-2","-10.986328125","-6","-6000","-9000000","1820","107032","107032","0","2902","1336","651"
"14","ALIGN_RAMP","42663","-1","-5.4931640625","1","1000","7000000","1960","107033","107033","0","2902","1336","561"
"15","ALIGN_RAMP","42665","1","5.4931640625","2","2000","1000000","2100","107034","107034","0","2902","1336","471"
"16","ALIGN_RAMP","42666","2","10.986328125","1","1000","-1000000","2240","107035","107035","0","2902","1336","381"
"17","ALIGN_RAMP","42667","3","16.4794921875","1","1000","0","2380","107036","107036","0","2902","1336","291"
"18","ALIGN_RAMP","42666","2","10.986328125","-1","-1000","-2000000","2520","107037","107037","0","2902","1336","201"
"19","ALIGN_RAMP","42665","1","5.4931640625","-1","-1000","0","2660","107038","107038","0","2902","1336","111"
"20","ALIGN_RAMP","42667","3","16.4794921875","2","2000","3000000","2800","107039","107039","0","2902","1336","21"
"21","ALIGN_RAMP","42665","1","5.4931640625","-2","-2000","-4000000","2940","107040","107040","0","2902","1336","2086"
"22","ALIGN_RAMP","42665","1","5.4931640625","0","0","2000000","3080","107041","107041","0","2902","1336","1996"
"23","ALIGN_RAMP","42665","1","5.4931640625","0","0","0","3220","107042","107042","0","2902","1336","1906"
"24","ALIGN_RAMP","42662","-2","-10.986328125","-3","-3000","-3000000","3360","107043","107043","0","2902","1336","1816"
"25","ALIGN_RAMP","42663","-1","-5.4931640625","1","1000","4000000","3500","107044","107044","0","2902","1336","1726"
"26","ALIGN_RAMP","42664","0","0","1","1000","0","3640","107045","107045","0","2902","1336","1636"
"27","ALIGN_RAMP","42662","-2","-10.986328125","-2","-2000","-3000000","3780","107046","107046","0","2902","1336","1546"
"28","ALIGN_RAMP","42663","-1","-5.4931640625","1","1000","3000000","3920","107047","107047","0","2902","1336","1456"
"29","ALIGN_RAMP","42663","-1","-5.4931640625","0","0","-1000000","4060","107048","107048","0","2902","1336","1366"
"30","ALIGN_RAMP","42663","-1","-5.4931640625","0","0","0","4200","107049","107049","0","2902","1336","1276"
"31","ALIGN_RAMP","42665","1","5.4931640625","2","2000","2000000","4340","107050","107050","0","2902","1336","1186"
"32","ALIGN_RAMP","42662","-2","-10.986328125","-3","-3000","-5000000","4480","107051","107051","0","2902","1336","1096"
"33","ALIGN_RAMP","42664","0","0","2","2000","5000000","4620","107052","107052","0","2902","1336","1006"
"34","ALIGN_RAMP","42668","4","21.97265625","4","4000","2000000","4760","107053","107053","0","2902","1336","916"
"35","ALIGN_RAMP","42666","2","10.986328125","-2","-2000","-6000000","4900","107054","107054","0","2902","1336","826"
"36","ALIGN_RAMP","42663","-1","-5.4931640625","-3","-3000","-1000000","5040","107055","107055","0","2902","1336","736"
"37","ALIGN_RAMP","42665","1","5.4931640625","2","2000","5000000","5180","107056","107056","0","2902","1336","646"
"38","ALIGN_RAMP","42665","1","5.4931640625","0","0","-2000000","5320","107057","107057","0","2902","1336","556"
"39","ALIGN_RAMP","42665","1","5.4931640625","0","0","0","5460","107058","107058","0","2902","1336","466"
"40","ALIGN_RAMP","42662","-2","-10.986328125","-3","-3000","-3000000","5600","107059","107059","0","2902","1336","376"
"41","ALIGN_RAMP","42665","1","5.4931640625","3","3000","6000000","5740","107060","107060","0","2902","1336","286"
"42","ALIGN_RAMP","42661","-3","-16.4794921875","-4","-4000","-7000000","5880","107061","107061","0","2902","1336","196"
"43","ALIGN_RAMP","42668","4","21.97265625","7","7000","11000000","6020","107062","107062","0","2902","1336","106"
"44","ALIGN_RAMP","42665","1","5.4931640625","-3","-3000","-10000000","6160","107063","107063","0","2902","1336","16"
"45","ALIGN_RAMP","42665","1","5.4931640625","0","0","3000000","6300","107064","107064","0","2902","1336","2081"
"46","ALIGN_RAMP","42667","3","16.4794921875","2","2000","2000000","6440","107065","107065","0","2902","1336","1991"
"47","ALIGN_RAMP","42667","3","16.4794921875","0","0","-2000000","6580","107066","107066","0","2902","1336","1901"
"48","ALIGN_RAMP","42663","-1","-5.4931640625","-4","-4000","-4000000","6720","107067","107067","0","2902","1336","1811"
"49","ALIGN_RAMP","42666","2","10.986328125","3","3000","7000000","6860","107068","107068","0","2902","1336","1721"
"50","ALIGN_RAMP","42665","1","5.4931640625","-1","-1000","-4000000","7000","107069","107069","0","2902","1336","1631"
"51","ALIGN_RAMP","42666","2","10.986328125","1","1000","2000000","7140","107070","107070","0","2902","1336","1541"
"52","ALIGN_RAMP","42664","0","0","-2","-2000","-3000000","7280","107071","107071","0","2902","1336","1451"
"53","ALIGN_RAMP","42667","3","16.4794921875","3","3000","5000000","7420","107072","107072","0","2902","1336","1361"
"54","ALIGN_RAMP","42663","-1","-5.4931640625","-4","-4000","-7000000","7560","107073","107073","0","2902","1336","1271"
"55","ALIGN_RAMP","42665","1","5.4931640625","2","2000","6000000","7700","107074","107074","0","2902","1336","1181"
"56","ALIGN_RAMP","42665","1","5.4931640625","0","0","-2000000","7840","107075","107075","0","2902","1336","1091"
"57","ALIGN_RAMP","42662","-2","-10.986328125","-3","-3000","-3000000","7980","107076","107076","0","2902","1336","1001"
"58","ALIGN_RAMP","42665","1","5.4931640625","3","3000","6000000","8120","107077","107077","0","2902","1336","911"
"59","ALIGN_RAMP","42667","3","16.4794921875","2","2000","-1000000","8260","107078","107078","0","2902","1336","821"
"60","ALIGN_RAMP","42664","0","0","-3","-3000","-5000000","8400","107079","107079","0","2902","1336","731"
"61","ALIGN_RAMP","42667","3","16.4794921875","3","3000","6000000","8540","107080","107080","0","2902","1336","641"
"62","ALIGN_RAMP","42664","0","0","-3","-3000","-6000000","8680","107081","107081","0","2902","1336","551"
"63","ALIGN_RAMP","42665","1","5.4931640625","1","1000","4000000","8820","107082","107082","0","2902","1336","461"
"64","ALIGN_RAMP","42667","3","16.4794921875","2","2000","1000000","8960","107083","107083","0","2902","1336","371"
"65","ALIGN_RAMP","42667","3","16.4794921875","0","0","-2000000","9100","107084","107084","0","2902","1336","281"
"66","ALIGN_RAMP","42666","2","10.986328125","-1","-1000","-1000000","9240","107085","107085","0","2902","1336","191"
"67","ALIGN_RAMP","42662","-2","-10.986328125","-4","-4000","-3000000","9380","107086","107086","0","2902","1336","101"
"68","ALIGN_RAMP","42664","0","0","2","2000","6000000","9520","107087","107087","0","2902","1336","11"
"69","ALIGN_RAMP","42662","-2","-10.986328125","-2","-2000","-4000000","9660","107088","107088","0","2902","1336","2076"
"70","ALIGN_RAMP","42665","1","5.4931640625","3","3000","5000000","9800","107089","107089","0","2902","1336","1986"
"71","ALIGN_RAMP","42665","1","5.4931640625","0","0","-3000000","9940","107090","107090","0","2902","1336","1896"
"72","ALIGN_RAMP","42667","3","16.4794921875","2","2000","2000000","10080","107091","107091","0","2902","1336","1806"
"73","ALIGN_RAMP","42664","0","0","-3","-3000","-5000000","10220","107092","107092","0","2902","1336","1716"
"74","ALIGN_RAMP","42663","-1","-5.4931640625","-1","-1000","2000000","10360","107093","107093","0","2902","1336","1626"
"75","ALIGN_RAMP","42662","-2","-10.986328125","-1","-1000","0","10500","107094","107094","0","2902","1336","1536"
"76","ALIGN_RAMP","42665","1","5.4931640625","3","3000","4000000","10640","107095","107095","0","2902","1336","1446"
"77","ALIGN_RAMP","42665","1","5.4931640625","0","0","-3000000","10780","107096","107096","0","2902","1336","1356"
"78","ALIGN_RAMP","42663","-1","-5.4931640625","-2","-2000","-2000000","10920","107097","107097","0","2902","1336","1266"
"79","ALIGN_RAMP","42665","1","5.4931640625","2","2000","4000000","11060","107098","107098","0","2902","1336","1176"
"80","ALIGN_RAMP","42663","-1","-5.4931640625","-2","-2000","-4000000","11200","107099","107099","0","2902","1336","1086"
"81","ALIGN_RAMP","42665","1","5.4931640625","2","2000","4000000","11340","107100","107100","0","2902","1336","996"
"82","ALIGN_RAMP","42663","-1","-5.4931640625","-2","-2000","-4000000","11480","107101","107101","0","2902","1336","906"
"83","ALIGN_RAMP","42664","0","0","1","1000","3000000","11620","107102","107102","0","2902","1336","816"
"84","ALIGN_RAMP","42663","-1","-5.4931640625","-1","-1000","-2000000","11760","107103","107103","0","2902","1336","726"
"85","ALIGN_RAMP","42662","-2","-10.986328125","-1","-1000","0","11900","107104","107104","0","2902","1336","636"
"86","ALIGN_RAMP","42666","2","10.986328125","4","4000","5000000","12040","107105","107105","0","2902","1336","546"
"87","ALIGN_RAMP","42665","1","5.4931640625","-1","-1000","-5000000","12180","107106","107106","0","2902","1336","456"
"88","ALIGN_RAMP","42665","1","5.4931640625","0","0","1000000","12320","107107","107107","0","2902","1336","366"
"89","ALIGN_RAMP","42665","1","5.4931640625","0","0","0","12460","107108","107108","0","2902","1336","276"
"90","ALIGN_RAMP","42665","1","5.4931640625","0","0","0","12600","107109","107109","0","2902","1336","186"
"91","ALIGN_RAMP","42667","3","16.4794921875","2","2000","2000000","12740","107110","107110","0","2902","1336","96"
"92","ALIGN_RAMP","42665","1","5.4931640625","-2","-2000","-4000000","12880","107111","107111","0","2902","1336","6"
"93","ALIGN_RAMP","42664","0","0","-1","-1000","1000000","13020","107112","107112","0","2902","1336","2071"
"94","ALIGN_RAMP","42663","-1","-5.4931640625","-1","-1000","0","13160","107113","107113","0","2902","1336","1981"
"95","ALIGN_RAMP","42666","2","10.986328125","3","3000","4000000","13300","107114","107114","0","2902","1336","1891"
"96","ALIGN_RAMP","42663","-1","-5.4931640625","-3","-3000","-6000000","13440","107115","107115","0","2902","1336","1801"
"97","ALIGN_RAMP","42663","-1","-5.4931640625","0","0","3000000","13580","107116","107116","0","2902","1336","1711"
"98","ALIGN_RAMP","42664","0","0","1","1000","1000000","13720","107117","107117","0","2902","1336","1621"
"99","ALIGN_RAMP","42664","0","0","0","0","-1000000","13860","107118","107118","0","2902","1336","1531"
"100","ALIGN_RAMP","42666","2","10.986328125","2","2000","2000000","14000","107119","107119","0","2902","1336","1441"
"101","ALIGN_RAMP","42668","4","21.97265625","2","2000","0","14140","107120","107120","0","2902","1336","1351"
"102","ALIGN_RAMP","42665","1","5.4931640625","-3","-3000","-5000000","14280","107121","107121","0","2902","1336","1261"
"103","ALIGN_RAMP","42664","0","0","-1","-1000","2000000","14420","107122","107122","0","2902","1336","1171"
"104","ALIGN_RAMP","42661","-3","-16.4794921875","-3","-3000","-2000000","14560","107123","107123","0","2902","1336","1081"
"105","ALIGN_RAMP","42666","2","10.986328125","5","5000","8000000","14700","107124","107124","0","2902","1336","991"
"106","ALIGN_RAMP","42666","2","10.986328125","0","0","-5000000","14840","107125","107125","0","2902","1336","901"
"107","ALIGN_RAMP","42664","0","0","-2","-2000","-2000000","14980","107126","107126","0","2902","1336","811"
"108","ALIGN_RAMP","42666","2","10.986328125","2","2000","4000000","15120","107127","107127","0","2902","1336","721"
"109","ALIGN_RAMP","42667","3","16.4794921875","1","1000","-1000000","15260","107128","107128","0","2902","1336","631"
"110","ALIGN_RAMP","42667","3","16.4794921875","0","0","-1000000","15400","107129","107129","0","2902","1336","541"
"111","ALIGN_RAMP","42664","0","0","-3","-3000","-3000000","15540","107130","107130","0","2902","1336","451"
"112","ALIGN_RAMP","42665","1","5.4931640625","1","1000","4000000","15680","107131","107131","0","2902","1336","361"
"113","ALIGN_RAMP","42668","4","21.97265625","3","3000","2000000","15820","107132","107132","0","2902","1336","271"
"114","ALIGN_RAMP","42666","2","10.986328125","-2","-2000","-5000000","15960","107133","107133","0","2902","1336","181"
"115","ALIGN_RAMP","42667","3","16.4794921875","1","1000","3000000","16100","107134","107134","0","2902","1336","91"
"116","ALIGN_RAMP","42664","0","0","-3","-3000","-4000000","16240","107135","107135","0","2902","1336","1"
"117","ALIGN_RAMP","42667","3","16.4794921875","3","3000","6000000","16380","107136","107136","0","2902","1336","2066"
"118","ALIGN_RAMP","42665","1","5.4931640625","-2","-2000","-5000000","16520","107137","107137","0","2902","1336","1976"
"119","ALIGN_RAMP","42664","0","0","-1","-1000","1000000","16660","107138","107138","0","2902","1336","1886"
"120","ALIGN_RAMP","42666","2","10.986328125","2","2000","3000000","16800","107139","107139","0","2902","1336","1796"
"121","ALIGN_RAMP","42666","2","10.986328125","0","0","-2000000","16940","107140","107140","0","2902","1336","1706"
"122","ALIGN_RAMP","42663","-1","-5.4931640625","-3","-3000","-3000000","17080","107141","107141","0","2902","1336","1616"
"123","ALIGN_RAMP","42665","1","5.4931640625","2","2000","5000000","17220","107142","107142","0","2902","1336","1526"
"124","ALIGN_RAMP","42662","-2","-10.986328125","-3","-3000","-5000000","17360","107143","107143","0","2902","1336","1436"
"125","ALIGN_RAMP","42667","3","16.4794921875","5","5000","8000000","17500","107144","107144","0","2902","1336","1346"
"126","ALIGN_RAMP","42663","-1","-5.4931640625","-4","-4000","-9000000","17640","107145","107145","0","2902","1336","1256"
"127","ALIGN_RAMP","42663","-1","-5.4931640625","0","0","4000000","17780","107146","107146","0","2902","1336","1166"
"128","ALIGN_RAMP","42664","0","0","1","1000","1000000","17920","107147","107147","0","2902","1336","1076"
"129","ALIGN_RAMP","42662","-2","-10.986328125","-2","-2000","-3000000","18060","107148","107148","0","2902","1336","986"
"130","ALIGN_RAMP","42666","2","10.986328125","4","4000","6000000","18200","107149","107149","0","2902","1336","896"
"131","ALIGN_RAMP","42663","-1","-5.4931640625","-3","-3000","-7000000","18340","107150","107150","0","2902","1336","806"
"132","ALIGN_RAMP","42660","-4","-21.97265625","-3","-3000","0","18480","107151","107151","0","2902","1336","716"
"133","ALIGN_RAMP","42661","-3","-16.4794921875","1","1000","4000000","18620","107152","107152","0","2902","1336","626"
"134","ALIGN_RAMP","42666","2","10.986328125","5","5000","4000000","18760","107153","107153","0","2902","1336","536"
"135","ALIGN_RAMP","42661","-3","-16.4794921875","-5","-5000","-10000000","18900","107154","107154","0","2902","1336","446"
"136","ALIGN_RAMP","42664","0","0","3","3000","8000000","19040","107155","107155","0","2902","1336","356"
"137","ALIGN_RAMP","42662","-2","-10.986328125","-2","-2000","-5000000","19180","107156","107156","0","2902","1336","266"
"138","ALIGN_RAMP","42664","0","0","2","2000","4000000","19320","107157","107157","0","2902","1336","176"
"139","ALIGN_RAMP","42662","-2","-10.986328125","-2","-2000","-4000000","19460","107158","107158","0","2902","1336","86"
"140","ALIGN_RAMP","42666","2","10.986328125","4","4000","6000000","19600","107159","107159","0","2902","1336","2151"
"141","ALIGN_RAMP","42663","-1","-5.4931640625","-3","-3000","-7000000","19740","107160","107160","0","2902","1336","2061"
"142","ALIGN_RAMP","42665","1","5.4931640625","2","2000","5000000","19880","107161","107161","0","2902","1336","1971"
"143","ALIGN_RAMP","42665","1","5.4931640625","0","0","-2000000","20020","107162","107162","0","2902","1336","1881"
"144","ALIGN_RAMP","42664","0","0","-1","-1000","-1000000","20160","107163","107163","0","2902","1336","1791"
"145","ALIGN_RAMP","42664","0","0","0","0","1000000","20300","107164","107164","0","2902","1336","1701"
"146","ALIGN_RAMP","42664","0","0","0","0","0","20440","107165","107165","0","2902","1336","1611"
"147","ALIGN_RAMP","42663","-1","-5.4931640625","-1","-1000","-1000000","20580","107166","107166","0","2902","1336","1521"
"148","ALIGN_RAMP","42666","2","10.986328125","3","3000","4000000","20720","107167","107167","0","2902","1336","1431"
"149","ALIGN_RAMP","42662","-2","-10.986328125","-4","-4000","-7000000","20860","107168","107168","0","2902","1336","1341"
"150","ALIGN_RAMP","42668","4","21.97265625","6","6000","10000000","21000","107169","107169","0","2902","1336","1251"
"151","ALIGN_RAMP","42664","0","0","-4","-4000","-10000000","21140","107170","107170","0","2902","1336","1161"
"152","ALIGN_RAMP","42664","0","0","0","0","4000000","21280","107171","107171","0","2902","1336","1071"
"153","ALIGN_RAMP","42663","-1","-5.4931640625","-1","-1000","-1000000","21420","107172","107172","0","2902","1336","981"
"154","ALIGN_RAMP","42663","-1","-5.4931640625","0","0","1000000","21560","107173","107173","0","2902","1336","891"
"155","ALIGN_RAMP","42663","-1","-5.4931640625","0","0","0","21700","107174","107174","0","2902","1336","801"
"156","ALIGN_RAMP","42660","-4","-21.97265625","-3","-3000","-3000000","21840","107175","107175","0","2902","1336","711"
"157","ALIGN_RAMP","42664","0","0","4","4000","7000000","21980","107176","107176","0","2902","1336","621"
"158","ALIGN_RAMP","42663","-1","-5.4931640625","-1","-1000","-5000000","22120","107177","107177","0","2902","1336","531"
"159","ALIGN_RAMP","42664","0","0","1","1000","2000000","22260","107178","107178","0","2902","1336","441"
"160","ALIGN_RAMP","42666","2","10.986328125","2","2000","1000000","22400","107179","107179","0","2902","1336","351"
"161","ALIGN_RAMP","42665","1","5.4931640625","-1","-1000","-3000000","22540","107180","107180","0","2902","1336","261"
"162","ALIGN_RAMP","42662","-2","-10.986328125","-3","-3000","-2000000","22680","107181","107181","0","2902","1336","171"
"163","ALIGN_RAMP","42664","0","0","2","2000","5000000","22820","107182","107182","0","2902","1336","81"
"164","ALIGN_RAMP","42660","-4","-21.97265625","-4","-4000","-6000000","22960","107183","107183","0","2902","1336","2146"
"165","ALIGN_RAMP","42664","0","0","4","4000","8000000","23100","107184","107184","0","2902","1336","2056"
"166","ALIGN_RAMP","42667","3","16.4794921875","3","3000","-1000000","23240","107185","107185","0","2902","1336","1966"
"167","ALIGN_RAMP","42662","-2","-10.986328125","-5","-5000","-8000000","23380","107186","107186","0","2902","1336","1876"
"168","ALIGN_RAMP","42660","-4","-21.97265625","-2","-2000","3000000","23520","107187","107187","0","2902","1336","1786"
"169","ALIGN_RAMP","42664","0","0","4","4000","6000000","23660","107188","107188","0","2902","1336","1696"
"170","ALIGN_RAMP","42661","-3","-16.4794921875","-3","-3000","-7000000","23800","107189","107189","0","2902","1336","1606"
"171","ALIGN_RAMP","42664","0","0","3","3000","6000000","23940","107190","107190","0","2902","1336","1516"
"172","ALIGN_RAMP","42659","-5","-27.4658203125","-5","-5000","-8000000","24080","107191","107191","0","2902","1336","1426"
"173","ALIGN_RAMP","42664","0","0","5","5000","10000000","24220","107192","107192","0","2902","1336","1336"
"174","ALIGN_RAMP","42662","-2","-10.986328125","-2","-2000","-7000000","24360","107193","107193","0","2902","1336","1246"
"175","ALIGN_RAMP","42659","-5","-27.4658203125","-3","-3000","-1000000","24500","107194","107194","0","2902","1336","1156"
"176","ALIGN_RAMP","42661","-3","-16.4794921875","2","2000","5000000","24640","107195","107195","0","2902","1336","1066"
"177","ALIGN_RAMP","42663","-1","-5.4931640625","2","2000","0","24780","107196","107196","0","2902","1336","976"
"178","ALIGN_RAMP","42666","2","10.986328125","3","3000","1000000","24920","107197","107197","0","2902","1336","886"
"179","ALIGN_RAMP","42662","-2","-10.986328125","-4","-4000","-7000000","25060","107198","107198","0","2902","1336","796"
"180","ALIGN_RAMP","42663","-1","-5.4931640625","1","1000","5000000","25200","107199","107199","0","2902","1336","706"
"181","ALIGN_RAMP","42663","-1","-5.4931640625","0","0","-1000000","25340","107200","107200","0","2902","1336","616"
"182","ALIGN_RAMP","42663","-1","-5.4931640625","0","0","0","25480","107201","107201","0","2902","1336","526"
"183","ALIGN_RAMP","42660","-4","-21.97265625","-3","-3000","-3000000","25620","107202","107202","0","2902","1336","436"
"184","ALIGN_RAMP","42662","-2","-10.986328125","2","2000","5000000","25760","107203","107203","0","2902","1336","346"
"185","ALIGN_RAMP","42663","-1","-5.4931640625","1","1000","-1000000","25900","107204","107204","0","2902","1336","256"
"186","ALIGN_RAMP","42660","-4","-21.97265625","-3","-3000","-4000000","26040","107205","107205","0","2902","1336","166"
"187","ALIGN_RAMP","42659","-5","-27.4658203125","-1","-1000","2000000","26180","107206","107206","0","2902","1336","76"
"188","ALIGN_RAMP","42662","-2","-10.986328125","3","3000","4000000","26320","107207","107207","0","2902","1336","2141"
"189","ALIGN_RAMP","42661","-3","-16.4794921875","-1","-1000","-4000000","26460","107208","107208","0","2902","1336","2051"
"190","ALIGN_RAMP","42659","-5","-27.4658203125","-2","-2000","-1000000","26600","107209","107209","0","2902","1336","1961"
"191","ALIGN_RAMP","42661","-3","-16.4794921875","2","2000","4000000","26740","107210","107210","0","2902","1336","1871"
"192","ALIGN_RAMP","42660","-4","-21.97265625","-1","-1000","-3000000","26880","107211","107211","0","2902","1336","1781"
"193","ALIGN_RAMP","42661","-3","-16.4794921875","1","1000","2000000","27020","107212","107212","0","2902","1336","1691"
"194","ALIGN_RAMP","42659","-5","-27.4658203125","-2","-2000","-3000000","27160","107213","107213","0","2902","1336","1601"
"195","ALIGN_RAMP","42662","-2","-10.986328125","3","3000","5000000","27300","107214","107214","0","2902","1336","1511"
"196","ALIGN_RAMP","42661","-3","-16.4794921875","-1","-1000","-4000000","27440","107215","107215","0","2902","1336","1421"
"197","ALIGN_RAMP","42661","-3","-16.4794921875","0","0","1000000","27580","107216","107216","0","2902","1336","1331"
"198","ALIGN_RAMP","42659","-5","-27.4658203125","-2","-2000","-2000000","27720","107217","107217","0","2902","1336","1241"
"199","ALIGN_RAMP","42661","-3","-16.4794921875","2","2000","4000000","27860","107218","107218","0","2902","1336","1151"
"200","ALIGN_RAMP","42660","-4","-21.97265625","-1","-1000","-3000000","28000","107219","107219","0","2902","1336","1127"
"201","ALIGN_RAMP","42659","-5","-27.4658203125","-1","-1000","0","28140","107220","107220","0","2902","1336","971"
"202","ALIGN_RAMP","42659","-5","-27.4658203125","0","0","1000000","28280","107221","107221","0","2902","1336","881"
"203","ALIGN_RAMP","42661","-3","-16.4794921875","2","2000","2000000","28420","107222","107222","0","2902","1336","791"
"204","ALIGN_RAMP","42660","-4","-21.97265625","-1","-1000","-3000000","28560","107223","107223","0","2902","1336","701"
"205","ALIGN_RAMP","42660","-4","-21.97265625","0","0","1000000","28700","107224","107224","0","2902","1336","611"
"206","ALIGN_RAMP","42662","-2","-10.986328125","2","2000","2000000","28840","107225","107225","0","2902","1336","521"
"207","ALIGN_RAMP","42661","-3","-16.4794921875","-1","-1000","-3000000","28980","107226","107226","0","2902","1336","431"
"208","ALIGN_RAMP","42661","-3","-16.4794921875","0","0","1000000","29120","107227","107227","0","2902","1336","341"
"209","ALIGN_RAMP","42661","-3","-16.4794921875","0","0","0","29260","107228","107228","0","2902","1336","251"
"210","ALIGN_RAMP","42656","-8","-43.9453125","-5","-5000","-5000000","29400","107229","107229","0","2902","1336","161"
"211","ALIGN_RAMP","42657","-7","-38.4521484375","1","1000","6000000","29540","107230","107230","0","2902","1336","71"
"212","ALIGN_RAMP","42660","-4","-21.97265625","3","3000","2000000","29680","107231","107231","0","2902","1336","2136"
"213","ALIGN_RAMP","42656","-8","-43.9453125","-4","-4000","-7000000","29820","107232","107232","0","2902","1336","2046"
"214","ALIGN_RAMP","42660","-4","-21.97265625","4","4000","8000000","29960","107233","107233","0","2902","1336","1956"
"215","ALIGN_RAMP","42652","-12","-65.91796875","-8","-8000","-12000000","30100","107234","107234","0","2902","1336","1866"
"216","ALIGN_RAMP","42659","-5","-27.4658203125","7","7000","15000000","30240","107235","107235","0","2902","1336","1776"
"217","ALIGN_RAMP","42659","-5","-27.4658203125","0","0","-7000000","30380","107236","107236","0","2902","1336","1686"
"218","ALIGN_RAMP","42658","-6","-32.958984375","-1","-1000","-1000000","30520","107237","107237","0","2902","1336","1596"
"219","ALIGN_RAMP","42661","-3","-16.4794921875","3","3000","4000000","30660","107238","107238","0","2902","1336","1506"
"220","ALIGN_RAMP","42658","-6","-32.958984375","-3","-3000","-6000000","30800","107239","107239","0","2902","1336","1416"
"221","ALIGN_RAMP","42657","-7","-38.4521484375","-1","-1000","2000000","30940","107240","107240","0","2902","1336","1326"
"222","ALIGN_RAMP","42657","-7","-38.4521484375","0","0","1000000","31080","107241","107241","0","2902","1336","1236"
"223","ALIGN_RAMP","42654","-10","-54.931640625","-3","-3000","-3000000","31220","107242","107242","0","2902","1336","1146"
"224","ALIGN_RAMP","42657","-7","-38.4521484375","3","3000","6000000","31360","107243","107243","0","2902","1336","1056"
"225","ALIGN_RAMP","42655","-9","-49.4384765625","-2","-2000","-5000000","31500","107244","107244","0","2902","1336","966"
"226","ALIGN_RAMP","42653","-11","-60.4248046875","-2","-2000","0","31640","107245","107245","0","2902","1336","876"
"227","ALIGN_RAMP","42654","-10","-54.931640625","1","1000","3000000","31780","107246","107246","0","2902","1336","786"
"228","ALIGN_RAMP","42654","-10","-54.931640625","0","0","-1000000","31920","107247","107247","0","2902","1336","696"
"229","ALIGN_RAMP","42657","-7","-38.4521484375","3","3000","3000000","32060","107248","107248","0","2902","1336","606"
"230","ALIGN_RAMP","42655","-9","-49.4384765625","-2","-2000","-5000000","32200","107249","107249","0","2902","1336","516"
"231","ALIGN_RAMP","42655","-9","-49.4384765625","0","0","2000000","32340","107250","107250","0","2902","1336","426"
"232","ALIGN_RAMP","42649","-15","-82.3974609375","-6","-6000","-6000000","32480","107251","107251","0","2902","1336","336"
"233","ALIGN_RAMP","42655","-9","-49.4384765625","6","6000","12000000","32620","107252","107252","0","2902","1336","246"
"234","ALIGN_RAMP","42652","-12","-65.91796875","-3","-3000","-9000000","32760","107253","107253","0","2902","1336","156"
"235","ALIGN_RAMP","42651","-13","-71.4111328125","-1","-1000","2000000","32900","107254","107254","0","2902","1336","66"
"236","ALIGN_RAMP","42652","-12","-65.91796875","1","1000","2000000","33040","107255","107255","0","2902","1336","2131"
"237","ALIGN_RAMP","42653","-11","-60.4248046875","1","1000","0","33180","107256","107256","0","2902","1336","2041"
"238","ALIGN_RAMP","42649","-15","-82.3974609375","-4","-4000","-5000000","33320","107257","107257","0","2902","1336","1951"
"239","ALIGN_RAMP","42651","-13","-71.4111328125","2","2000","6000000","33460","107258","107258","0","2902","1336","1861"
"240","ALIGN_RAMP","42646","-18","-98.876953125","-5","-5000","-7000000","33600","107259","107259","0","2902","1336","1771"
"241","ALIGN_RAMP","42648","-16","-87.890625","2","2000","7000000","33740","107260","107260","0","2902","1336","1681"
"242","ALIGN_RAMP","42650","-14","-76.904296875","2","2000","0","33880","107261","107261","0","2902","1336","1591"
"243","ALIGN_RAMP","42647","-17","-93.3837890625","-3","-3000","-5000000","34020","107262","107262","0","2902","1336","1501"
"244","ALIGN_RAMP","42646","-18","-98.876953125","-1","-1000","2000000","34160","107263","107263","0","2902","1336","1411"
"245","ALIGN_RAMP","42649","-15","-82.3974609375","3","3000","4000000","34300","107264","107264","0","2902","1336","1321"
"246","ALIGN_RAMP","42647","-17","-93.3837890625","-2","-2000","-5000000","34440","107265","107265","0","2902","1336","1231"
"247","ALIGN_RAMP","42643","-21","-115.3564453125","-4","-4000","-2000000","34580","107266","107266","0","2902","1336","1141"
"248","ALIGN_RAMP","42643","-21","-115.3564453125","0","0","4000000","34720","107267","107267","0","2902","1336","1051"
"249","ALIGN_RAMP","42641","-23","-126.3427734375","-2","-2000","-2000000","34860","107268","107268","0","2902","1336","961"
"250","ALIGN_RAMP","42643","-21","-115.3564453125","2","2000","4000000","35000","107269","107269","0","2902","1336","871"
"251","ALIGN_RAMP","42638","-26","-142.822265625","-5","-5000","-7000000","35140","107270","107270","0","2902","1336","781"
"252","ALIGN_RAMP","42637","-27","-148.3154296875","-1","-1000","4000000","35280","107271","107271","0","2902","1336","691"
"253","ALIGN_RAMP","42638","-26","-142.822265625","1","1000","2000000","35420","107272","107272","0","2902","1336","601"
"254","ALIGN_RAMP","42637","-27","-148.3154296875","-1","-1000","-2000000","35560","107273","107273","0","2902","1336","511"
"255","ALIGN_RAMP","42635","-29","-159.3017578125","-2","-2000","-1000000","35700","107274","107274","0","2902","1336","421"
"256","ALIGN_RAMP","42635","-29","-159.3017578125","0","0","2000000","35840","107275","107275","0","2902","1336","331"
"257","ALIGN_RAMP","42635","-29","-159.3017578125","0","0","0","35980","107276","107276","0","2902","1336","241"
"258","ALIGN_RAMP","42636","-28","-153.80859375","1","1000","1000000","36120","107277","107277","0","2902","1336","151"
"259","ALIGN_RAMP","42629","-35","-192.2607421875","-7","-7000","-8000000","36260","107278","107278","0","2902","1336","61"
"260","ALIGN_RAMP","42626","-38","-208.740234375","-3","-3000","4000000","36400","107279","107279","0","2902","1336","2126"
"261","ALIGN_RAMP","42625","-39","-214.2333984375","-1","-1000","2000000","36540","107280","107280","0","2902","1336","2036"
"262","ALIGN_RAMP","42620","-44","-241.69921875","-5","-5000","-4000000","36680","107281","107281","0","2902","1336","1946"
"263","ALIGN_RAMP","42620","-44","-241.69921875","0","0","5000000","36820","107282","107282","0","2902","1336","1856"
"264","ALIGN_RAMP","42616","-48","-263.671875","-4","-4000","-4000000","36960","107283","107283","0","2902","1336","1766"
"265","ALIGN_RAMP","42608","-56","-307.6171875","-8","-8000","-4000000","37100","107284","107284","0","2902","1336","1676"
"266","ALIGN_RAMP","42607","-57","-313.1103515625","-1","-1000","7000000","37240","107285","107285","0","2902","1336","1586"
"267","ALIGN_RAMP","42601","-63","-346.0693359375","-6","-6000","-5000000","37380","107286","107286","0","2902","1336","1496"
"268","ALIGN_RAMP","42594","-70","-384.521484375","-7","-7000","-1000000","37520","107287","107287","0","2902","1336","1406"
"269","ALIGN_RAMP","42593","-71","-390.0146484375","-1","-1000","6000000","37660","107288","107288","0","2902","1336","1316"
"270","ALIGN_RAMP","42591","-73","-401.0009765625","-2","-2000","-1000000","37800","107289","107289","0","2902","1336","1226"
"271","ALIGN_RAMP","42591","-73","-401.0009765625","0","0","2000000","37940","107290","107290","0","2902","1336","1136"
"272","ALIGN_RAMP","42587","-77","-422.9736328125","-4","-4000","-4000000","38080","107291","107291","0","2902","1336","1046"
"273","ALIGN_RAMP","42589","-75","-411.9873046875","2","2000","6000000","38220","107292","107292","0","2902","1336","956"
"274","ALIGN_RAMP","42586","-78","-428.466796875","-3","-3000","-5000000","38360","107293","107293","0","2902","1336","866"
"275","ALIGN_RAMP","42587","-77","-422.9736328125","1","1000","4000000","38500","107294","107294","0","2902","1336","776"
"276","ALIGN_RAMP","42592","-72","-395.5078125","5","5000","4000000","38640","107295","107295","0","2902","1336","686"
"277","ALIGN_RAMP","42587","-77","-422.9736328125","-5","-5000","-10000000","38780","107296","107296","0","2902","1336","596"
"278","ALIGN_RAMP","42585","-79","-433.9599609375","-2","-2000","3000000","38920","107297","107297","0","2902","1336","506"
"279","ALIGN_RAMP","42584","-80","-439.453125","-1","-1000","1000000","39060","107298","107298","0","2902","1336","416"
"280","ALIGN_RAMP","42579","-85","-466.9189453125","-5","-5000","-4000000","39200","107299","107299","0","2902","1336","326"
"281","ALIGN_RAMP","42580","-84","-461.42578125","1","1000","6000000","39340","107300","107300","0","2902","1336","236"
"282","ALIGN_RAMP","42580","-84","-461.42578125","0","0","-1000000","39480","107301","107301","0","2902","1336","146"
"283","ALIGN_RAMP","42581","-83","-455.9326171875","1","1000","1000000","39620","107302","107302","0","2902","1336","56"
"284","ALIGN_RAMP","42581","-83","-455.9326171875","0","0","-1000000","39760","107303","107303","0","2902","1336","2121"
"285","ALIGN_RAMP","42584","-80","-439.453125","3","3000","3000000","39900","107304","107304","0","2902","1336","2031"
"286","ALIGN_RAMP","42587","-77","-422.9736328125","3","3000","0","40040","107305","107305","0","2902","1336","1941"
"287","ALIGN_RAMP","42580","-84","-461.42578125","-7","-7000","-10000000","40180","107306","107306","0","2902","1336","1851"
"288","ALIGN_RAMP","42581","-83","-455.9326171875","1","1000","8000000","40320","107307","107307","0","2902","1336","1761"
"289","ALIGN_RAMP","42580","-84","-461.42578125","-1","-1000","-2000000","40460","107308","107308","0","2902","1336","1671"
"290","ALIGN_RAMP","42579","-85","-466.9189453125","-1","-1000","0","40600","107309","107309","0","2902","1336","1581"
"291","ALIGN_RAMP","42578","-86","-472.412109375","-1","-1000","0","40740","107310","107310","0","2902","1336","1491"
"292","ALIGN_RAMP","42576","-88","-483.3984375","-2","-2000","-1000000","40880","107311","107311","0","2902","1336","1401"
"293","ALIGN_RAMP","42577","-87","-477.9052734375","1","1000","3000000","41020","107312","107312","0","2902","1336","1311"
"294","ALIGN_RAMP","42573","-91","-499.8779296875","-4","-4000","-5000000","41160","107313","107313","0","2902","1336","1221"
"295","ALIGN_RAMP","42580","-84","-461.42578125","7","7000","11000000","41300","107314","107314","0","2902","1336","1131"
"296","ALIGN_RAMP","42576","-88","-483.3984375","-4","-4000","-11000000","41440","107315","107315","0","2902","1336","1041"
"297","ALIGN_RAMP","42578","-86","-472.412109375","2","2000","6000000","41580","107316","107316","0","2902","1336","951"
"298","ALIGN_RAMP","42579","-85","-466.9189453125","1","1000","-1000000","41720","107317","107317","0","2902","1336","861"
"299","ALIGN_RAMP","42573","-91","-499.8779296875","-6","-6000","-7000000","41860","107318","107318","0","2902","1336","771"
"300","ALIGN_RAMP","42574","-90","-494.384765625","1","1000","7000000","42000","107319","107319","0","2902","1336","681"
"301","ALIGN_RAMP","42573","-91","-499.8779296875","-1","-1000","-2000000","42140","107320","107320","0","2902","1336","591"
"302","ALIGN_RAMP","42571","-93","-510.8642578125","-2","-2000","-1000000","42280","107321","107321","0","2902","1336","501"
"303","ALIGN_RAMP","42577","-87","-477.9052734375","6","6000","8000000","42420","107322","107322","0","2902","1336","411"
"304","ALIGN_RAMP","42573","-91","-499.8779296875","-4","-4000","-10000000","42560","107323","107323","0","2902","1336","321"
"305","ALIGN_RAMP","42571","-93","-510.8642578125","-2","-2000","2000000","42700","107324","107324","0","2902","1336","231"
"306","ALIGN_RAMP","42572","-92","-505.37109375","1","1000","3000000","42840","107325","107325","0","2902","1336","141"
"307","ALIGN_RAMP","42575","-89","-488.8916015625","3","3000","2000000","42980","107326","107326","0","2902","1336","51"
"308","ALIGN_RAMP","42572","-92","-505.37109375","-3","-3000","-6000000","43120","107327","107327","0","2902","1336","2116"
"309","ALIGN_RAMP","42569","-95","-521.8505859375","-3","-3000","0","43260","107328","107328","0","2902","1336","2026"
"310","ALIGN_RAMP","42572","-92","-505.37109375","3","3000","6000000","43400","107329","107329","0","2902","1336","1936"
"311","ALIGN_RAMP","42567","-97","-532.8369140625","-5","-5000","-8000000","43540","107330","107330","0","2902","1336","1846"
"312","ALIGN_RAMP","42568","-96","-527.34375","1","1000","6000000","43680","107331","107331","0","2902","1336","1756"
"313","ALIGN_RAMP","42570","-94","-516.357421875","2","2000","1000000","43820","107332","107332","0","2902","1336","1666"
"314","ALIGN_RAMP","42567","-97","-532.8369140625","-3","-3000","-5000000","43960","107333","107333","0","2902","1336","1576"
"315","ALIGN_RAMP","42564","-100","-549.31640625","-3","-3000","0","44100","107334","107334","0","2902","1336","1486"
"316","ALIGN_RAMP","42565","-99","-543.8232421875","1","1000","4000000","44240","107335","107335","0","2902","1336","1396"
"317","ALIGN_RAMP","42567","-97","-532.8369140625","2","2000","1000000","44380","107336","107336","0","2902","1336","1306"
"318","ALIGN_RAMP","42566","-98","-538.330078125","-1","-1000","-3000000","44520","107337","107337","0","2902","1336","1216"
"319","ALIGN_RAMP","42564","-100","-549.31640625","-2","-2000","-1000000","44660","107338","107338","0","2902","1336","1126"
"320","ALIGN_RAMP","42563","-101","-554.8095703125","-1","-1000","1000000","44800","107339","107339","0","2902","1336","1036"
"321","ALIGN_RAMP","42564","-100","-549.31640625","1","1000","2000000","44940","107340","107340","0","2902","1336","946"
"322","ALIGN_RAMP","42562","-102","-560.302734375","-2","-2000","-3000000","45080","107341","107341","0","2902","1336","856"
"323","ALIGN_RAMP","42563","-101","-554.8095703125","1","1000","3000000","45220","107342","107342","0","2902","1336","766"
"324","ALIGN_RAMP","42565","-99","-543.8232421875","2","2000","1000000","45360","107343","107343","0","2902","1336","676"
"325","ALIGN_RAMP","42563","-101","-554.8095703125","-2","-2000","-4000000","45500","107344","107344","0","2902","1336","586"
"326","ALIGN_RAMP","42563","-101","-554.8095703125","0","0","2000000","45640","107345","107345","0","2902","1336","496"
"327","ALIGN_RAMP","42561","-103","-565.7958984375","-2","-2000","-2000000","45780","107346","107346","0","2902","1336","406"
"328","ALIGN_RAMP","42562","-102","-560.302734375","1","1000","3000000","45920","107347","107347","0","2902","1336","316"
"329","ALIGN_RAMP","42562","-102","-560.302734375","0","0","-1000000","46060","107348","107348","0","2902","1336","226"
"330","ALIGN_RAMP","42564","-100","-549.31640625","2","2000","2000000","46200","107349","107349","0","2902","1336","136"
"331","ALIGN_RAMP","42560","-104","-571.2890625","-4","-4000","-6000000","46340","107350","107350","0","2902","1336","46"
"332","ALIGN_RAMP","42559","-105","-576.7822265625","-1","-1000","3000000","46480","107351","107351","0","2902","1336","2111"
"333","ALIGN_RAMP","42556","-108","-593.26171875","-3","-3000","-2000000","46620","107352","107352","0","2902","1336","2021"
"334","ALIGN_RAMP","42559","-105","-576.7822265625","3","3000","6000000","46760","107353","107353","0","2902","1336","1931"
"335","ALIGN_RAMP","42557","-107","-587.7685546875","-2","-2000","-5000000","46900","107354","107354","0","2902","1336","1841"
"336","ALIGN_RAMP","42556","-108","-593.26171875","-1","-1000","1000000","47040","107355","107355","0","2902","1336","1751"
"337","ALIGN_RAMP","42558","-106","-582.275390625","2","2000","3000000","47180","107356","107356","0","2902","1336","1661"
"338","ALIGN_RAMP","42556","-108","-593.26171875","-2","-2000","-4000000","47320","107357","107357","0","2902","1336","1571"
"339","ALIGN_RAMP","42556","-108","-593.26171875","0","0","2000000","47460","107358","107358","0","2902","1336","1481"
"340","ALIGN_RAMP","42552","-112","-615.234375","-4","-4000","-4000000","47600","107359","107359","0","2902","1336","1391"
"341","ALIGN_RAMP","42555","-109","-598.7548828125","3","3000","7000000","47740","107360","107360","0","2902","1336","1301"
"342","ALIGN_RAMP","42554","-110","-604.248046875","-1","-1000","-4000000","47880","107361","107361","0","2902","1336","1211"
"343","ALIGN_RAMP","42553","-111","-609.7412109375","-1","-1000","0","48020","107362","107362","0","2902","1336","1121"
"344","ALIGN_RAMP","42556","-108","-593.26171875","3","3000","4000000","48160","107363","107363","0","2902","1336","1031"
"345","ALIGN_RAMP","42551","-113","-620.7275390625","-5","-5000","-8000000","48300","107364","107364","0","2902","1336","941"
"346","ALIGN_RAMP","42553","-111","-609.7412109375","2","2000","7000000","48440","107365","107365","0","2902","1336","851"
"347","ALIGN_RAMP","42549","-115","-631.7138671875","-4","-4000","-6000000","48580","107366","107366","0","2902","1336","761"
"348","ALIGN_RAMP","42550","-114","-626.220703125","1","1000","5000000","48720","107367","107367","0","2902","1336","671"
"349","ALIGN_RAMP","42550","-114","-626.220703125","0","0","-1000000","48860","107368","107368","0","2902","1336","581"
"350","ALIGN_RAMP","42547","-117","-642.7001953125","-3","-3000","-3000000","49000","107369","107369","0","2902","1336","491"
"351","ALIGN_RAMP","42551","-113","-620.7275390625","4","4000","7000000","49140","107370","107370","0","2902","1336","401"
"352","ALIGN_RAMP","42551","-113","-620.7275390625","0","0","-4000000","49280","107371","107371","0","2902","1336","311"
"353","ALIGN_RAMP","42546","-118","-648.193359375","-5","-5000","-5000000","49420","107372","107372","0","2902","1336","221"
"354","ALIGN_RAMP","42548","-116","-637.20703125","2","2000","7000000","49560","107373","107373","0","2902","1336","131"
"355","ALIGN_RAMP","42547","-117","-642.7001953125","-1","-1000","-3000000","49700","107374","107374","0","2902","1336","41"
"356","ALIGN_RAMP","42548","-116","-637.20703125","1","1000","2000000","49840","107375","107375","0","2902","1336","2106"
"357","ALIGN_RAMP","42548","-116","-637.20703125","0","0","-1000000","49980","107376","107376","0","2902","1336","2016"
"358","ALIGN_RAMP","42548","-116","-637.20703125","0","0","0","50120","107377","107377","0","2902","1336","1926"
"359","ALIGN_RAMP","42546","-118","-648.193359375","-2","-2000","-2000000","50260","107378","107378","0","2902","1336","1836"
"360","ALIGN_RAMP","42545","-119","-653.6865234375","-1","-1000","1000000","50400","107379","107379","0","2902","1336","1746"
"361","ALIGN_RAMP","42540","-124","-681.15234375","-5","-5000","-4000000","50540","107380","107380","0","2902","1336","1656"
"362","ALIGN_RAMP","42542","-122","-670.166015625","2","2000","7000000","50680","107381","107381","0","2902","1336","1566"
"363","ALIGN_RAMP","42542","-122","-670.166015625","0","0","-2000000","50820","107382","107382","0","2902","1336","1476"
"364","ALIGN_RAMP","42540","-124","-681.15234375","-2","-2000","-2000000","50960","107383","107383","0","2902","1336","1386"
"365","ALIGN_RAMP","42538","-126","-692.138671875","-2","-2000","0","51100","107384","107384","0","2902","1336","1296"
"366","ALIGN_RAMP","42544","-120","-659.1796875","6","6000","8000000","51240","107385","107385","0","2902","1336","1206"
"367","ALIGN_RAMP","42542","-122","-670.166015625","-2","-2000","-8000000","51380","107386","107386","0","2902","1336","1116"
"368","ALIGN_RAMP","42542","-122","-670.166015625","0","0","2000000","51520","107387","107387","0","2902","1336","1026"
"369","ALIGN_RAMP","42542","-122","-670.166015625","0","0","0","51660","107388","107388","0","2902","1336","936"
"370","ALIGN_RAMP","42539","-125","-686.6455078125","-3","-3000","-3000000","51800","107389","107389","0","2902","1336","846"
"371","ALIGN_RAMP","42540","-124","-681.15234375","1","1000","4000000","51940","107390","107390","0","2902","1336","756"
"372","ALIGN_RAMP","42539","-125","-686.6455078125","-1","-1000","-2000000","52080","107391","107391","0","2902","1336","666"
"373","ALIGN_RAMP","42541","-123","-675.6591796875","2","2000","3000000","52220","107392","107392","0","2902","1336","576"
"374","ALIGN_RAMP","42542","-122","-670.166015625","1","1000","-1000000","52360","107393","107393","0","2902","1336","486"
"375","ALIGN_RAMP","42539","-125","-686.6455078125","-3","-3000","-4000000","52500","107394","107394","0","2902","1336","396"
"376","ALIGN_RAMP","42537","-127","-697.6318359375","-2","-2000","1000000","52640","107395","107395","0","2902","1336","306"
"377","ALIGN_RAMP","42539","-125","-686.6455078125","2","2000","4000000","52780","107396","107396","0","2902","1336","216"
"378","ALIGN_RAMP","42535","-129","-708.6181640625","-4","-4000","-6000000","52920","107397","107397","0","2902","1336","126"
"379","ALIGN_RAMP","42539","-125","-686.6455078125","4","4000","8000000","53060","107398","107398","0","2902","1336","36"
"380","ALIGN_RAMP","42535","-129","-708.6181640625","-4","-4000","-8000000","53200","107399","107399","0","2902","1336","2101"
"381","ALIGN_RAMP","42534","-130","-714.111328125","-1","-1000","3000000","53340","107400","107400","0","2902","1336","2011"
"382","ALIGN_RAMP","42532","-132","-725.09765625","-2","-2000","-1000000","53480","107401","107401","0","2902","1336","1921"
"383","ALIGN_RAMP","42534","-130","-714.111328125","2","2000","4000000","53620","107402","107402","0","2902","1336","1831"
"384","ALIGN_RAMP","42533","-131","-719.6044921875","-1","-1000","-3000000","53760","107403","107403","0","2902","1336","1741"
"385","ALIGN_RAMP","42533","-131","-719.6044921875","0","0","1000000","53900","107404","107404","0","2902","1336","1651"
"386","ALIGN_RAMP","42530","-134","-736.083984375","-3","-3000","-3000000","54040","107405","107405","0","2902","1336","1561"
"387","ALIGN_RAMP","42528","-136","-747.0703125","-2","-2000","1000000","54180","107406","107406","0","2902","1336","1471"
"388","ALIGN_RAMP","42531","-133","-730.5908203125","3","3000","5000000","54320","107407","107407","0","2902","1336","1381"
"389","ALIGN_RAMP","42526","-138","-758.056640625","-5","-5000","-8000000","54460","107408","107408","0","2902","1336","1291"
"390","ALIGN_RAMP","42529","-135","-741.5771484375","3","3000","8000000","54600","107409","107409","0","2902","1336","1201"
"391","ALIGN_RAMP","42528","-136","-747.0703125","-1","-1000","-4000000","54740","107410","107410","0","2902","1336","1111"
"392","ALIGN_RAMP","42529","-135","-741.5771484375","1","1000","2000000","54880","107411","107411","0","2902","1336","1021"
"393","ALIGN_RAMP","42527","-137","-752.5634765625","-2","-2000","-3000000","55020","107412","107412","0","2902","1336","931"
"394","ALIGN_RAMP","42527","-137","-752.5634765625","0","0","2000000","55160","107413","107413","0","2902","1336","841"
"395","ALIGN_RAMP","42526","-138","-758.056640625","-1","-1000","-1000000","55300","107414","107414","0","2902","1336","751"
"396","ALIGN_RAMP","42523","-141","-774.5361328125","-3","-3000","-2000000","55440","107415","107415","0","2902","1336","661"
"397","ALIGN_RAMP","42522","-142","-780.029296875","-1","-1000","2000000","55580","107416","107416","0","2902","1336","571"
"398","ALIGN_RAMP","42522","-142","-780.029296875","0","0","1000000","55720","107417","107417","0","2902","1336","481"
"399","ALIGN_RAMP","42523","-141","-774.5361328125","1","1000","1000000","55860","107418","107418","0","2902","1336","391"
"400","ALIGN_RAMP","42521","-143","-785.5224609375","-2","-2000","-3000000","56000","107419","107419","0","2902","1336","367"
"401","ALIGN_RAMP","42520","-144","-791.015625","-1","-1000","1000000","56140","107420","107420","0","2902","1336","211"
"402","ALIGN_RAMP","42517","-147","-807.4951171875","-3","-3000","-2000000","56280","107421","107421","0","2902","1336","121"
"403","ALIGN_RAMP","42517","-147","-807.4951171875","0","0","3000000","56420","107422","107422","0","2902","1336","31"
"404","ALIGN_RAMP","42517","-147","-807.4951171875","0","0","0","56560","107423","107423","0","2902","1336","2096"
"405","ALIGN_RAMP","42517","-147","-807.4951171875","0","0","0","56700","107424","107424","0","2902","1336","2006"
"406","ALIGN_RAMP","42515","-149","-818.4814453125","-2","-2000","-2000000","56840","107425","107425","0","2902","1336","1916"
"407","ALIGN_RAMP","42515","-149","-818.4814453125","0","0","2000000","56980","107426","107426","0","2902","1336","1826"
"408","ALIGN_RAMP","42512","-152","-834.9609375","-3","-3000","-3000000","57120","107427","107427","0","2902","1336","1736"
"409","ALIGN_RAMP","42513","-151","-829.4677734375","1","1000","4000000","57260","107428","107428","0","2902","1336","1646"
"410","ALIGN_RAMP","42510","-154","-845.947265625","-3","-3000","-4000000","57400","107429","107429","0","2902","1336","1556"
"411","ALIGN_RAMP","42510","-154","-845.947265625","0","0","3000000","57540","107430","107430","0","2902","1336","1466"
"412","ALIGN_RAMP","42507","-157","-862.4267578125","-3","-3000","-3000000","57680","107431","107431","0","2902","1336","1376"
"413","ALIGN_RAMP","42511","-153","-840.4541015625","4","4000","7000000","57820","107432","107432","0","2902","1336","1286"
"414","ALIGN_RAMP","42512","-152","-834.9609375","1","1000","-3000000","57960","107433","107433","0","2902","1336","1196"
"415","ALIGN_RAMP","42507","-157","-862.4267578125","-5","-5000","-6000000","58100","107434","107434","0","2902","1336","1106"
"416","ALIGN_RAMP","42506","-158","-867.919921875","-1","-1000","4000000","58240","107435","107435","0","2902","1336","1016"
"417","ALIGN_RAMP","42506","-158","-867.919921875","0","0","1000000","58380","107436","107436","0","2902","1336","926"
"418","ALIGN_RAMP","42504","-160","-878.90625","-2","-2000","-2000000","58520","107437","107437","0","2902","1336","836"
"419","ALIGN_RAMP","42501","-163","-895.3857421875","-3","-3000","-1000000","58660","107438","107438","0","2902","1336","746"
"420","ALIGN_RAMP","42503","-161","-884.3994140625","2","2000","5000000","58800","107439","107439","0","2902","1336","656"
"421","ALIGN_RAMP","42505","-159","-873.4130859375","2","2000","0","58940","107440","107440","0","2902","1336","566"
"422","ALIGN_RAMP","42499","-165","-906.3720703125","-6","-6000","-8000000","59080","107441","107441","0","2902","1336","476"
"423","ALIGN_RAMP","42501","-163","-895.3857421875","2","2000","8000000","59220","107442","107442","0","2902","1336","386"
"424","ALIGN_RAMP","42498","-166","-911.865234375","-3","-3000","-5000000","59360","107443","107443","0","2902","1336","296"
"425","ALIGN_RAMP","42500","-164","-900.87890625","2","2000","5000000","59500","107444","107444","0","2902","1336","206"
"426","ALIGN_RAMP","42500","-164","-900.87890625","0","0","-2000000","59640","107445","107445","0","2902","1336","116"
"427","ALIGN_RAMP","42499","-165","-906.3720703125","-1","-1000","-1000000","59780","107446","107446","0","2902","1336","26"
"428","ALIGN_RAMP","42497","-167","-917.3583984375","-2","-2000","-1000000","59920","107447","107447","0","2902","1336","2091"
"429","ALIGN_RAMP","42497","-167","-917.3583984375","0","0","2000000","60060","107448","107448","0","2902","1336","2001"
"430","ALIGN_RAMP","42494","-170","-933.837890625","-3","-3000","-3000000","60200","107449","107449","0","2902","1336","1911"
"431","ALIGN_RAMP","42495","-169","-928.3447265625","1","1000","4000000","60340","107450","107450","0","2902","1336","1821"
"432","ALIGN_RAMP","42498","-166","-911.865234375","3","3000","2000000","60480","107451","107451","0","2902","1336","1731"
"433","ALIGN_RAMP","42492","-172","-944.82421875","-6","-6000","-9000000","60620","107452","107452","0","2902","1336","1641"
"434","ALIGN_RAMP","42494","-170","-933.837890625","2","2000","8000000","60760","107453","107453","0","2902","1336","1551"
"435","ALIGN_RAMP","42491","-173","-950.3173828125","-3","-3000","-5000000","60900","107454","107454","0","2902","1336","1461"
"436","ALIGN_RAMP","42492","-172","-944.82421875","1","1000","4000000","61040","107455","107455","0","2902","1336","1371"
"437","ALIGN_RAMP","42489","-175","-961.3037109375","-3","-3000","-4000000","61180","107456","107456","0","2902","1336","1281"
"438","ALIGN_RAMP","42494","-170","-933.837890625","5","5000","8000000","61320","107457","107457","0","2902","1336","1191"
"439","ALIGN_RAMP","42495","-169","-928.3447265625","1","1000","-4000000","61460","107458","107458","0","2902","1336","1101"
"440","ALIGN_RAMP","42491","-173","-950.3173828125","-4","-4000","-5000000","61600","107459","107459","0","2902","1336","1011"
"441","ALIGN_RAMP","42491","-173","-950.3173828125","0","0","4000000","61740","107460","107460","0","2902","1336","921"
"442","ALIGN_RAMP","42490","-174","-955.810546875","-1","-1000","-1000000","61880","107461","107461","0","2902","1336","831"
"443","ALIGN_RAMP","42491","-173","-950.3173828125","1","1000","2000000","62020","107462","107462","0","2902","1336","741"
"444","ALIGN_RAMP","42488","-176","-966.796875","-3","-3000","-4000000","62160","107463","107463","0","2902","1336","651"
"445","ALIGN_RAMP","42487","-177","-972.2900390625","-1","-1000","2000000","62300","107464","107464","0","2902","1336","561"
"446","ALIGN_RAMP","42487","-177","-972.2900390625","0","0","1000000","62440","107465","107465","0","2902","1336","471"
"447","ALIGN_RAMP","42485","-179","-983.2763671875","-2","-2000","-2000000","62580","107466","107466","0","2902","1336","381"
"448","ALIGN_RAMP","42485","-179","-983.2763671875","0","0","2000000","62720","107467","107467","0","2902","1336","291"
"449","ALIGN_RAMP","42485","-179","-983.2763671875","0","0","0","62860","107468","107468","0","2902","1336","201"
"450","ALIGN_RAMP","42482","-182","-999.755859375","-3","-3000","-3000000","63000","107469","107469","0","2902","1336","111"
"451","ALIGN_RAMP","42483","-181","-994.2626953125","1","1000","4000000","63140","107470","107470","0","2902","1336","21"
"452","ALIGN_RAMP","42483","-181","-994.2626953125","0","0","-1000000","63280","107471","107471","0","2902","1336","2086"
"453","ALIGN_RAMP","42483","-181","-994.2626953125","0","0","0","63420","107472","107472","0","2902","1336","1996"
"454","ALIGN_RAMP","42483","-181","-994.2626953125","0","0","0","63560","107473","107473","0","2902","1336","1906"
"455","ALIGN_RAMP","42483","-181","-994.2626953125","0","0","0","63700","107474","107474","0","2902","1336","1816"
"456","ALIGN_RAMP","42484","-180","-988.76953125","1","1000","1000000","63840","107475","107475","0","2902","1336","1726"
"457","ALIGN_RAMP","42481","-183","-1005.2490234375","-3","-3000","-4000000","63980","107476","107476","0","2902","1336","1636"
"458","ALIGN_RAMP","42481","-183","-1005.2490234375","0","0","3000000","64120","107477","107477","0","2902","1336","1546"
"459","ALIGN_RAMP","42482","-182","-999.755859375","1","1000","1000000","64260","107478","107478","0","2902","1336","1456"
"460","ALIGN_RAMP","42482","-182","-999.755859375","0","0","-1000000","64400","107479","107479","0","2902","1336","1366"
"461","ALIGN_RAMP","42476","-188","-1032.71484375","-6","-6000","-6000000","64540","107480","107480","0","2902","1336","1276"
"462","ALIGN_RAMP","42476","-188","-1032.71484375","0","0","6000000","64680","107481","107481","0","2902","1336","1186"
"463","ALIGN_RAMP","42479","-185","-1016.2353515625","3","3000","3000000","64820","107482","107482","0","2902","1336","1096"
"464","ALIGN_RAMP","42478","-186","-1021.728515625","-1","-1000","-4000000","64960","107483","107483","0","2902","1336","1006"
"465","ALIGN_RAMP","42475","-189","-1038.2080078125","-3","-3000","-2000000","65100","107484","107484","0","2902","1336","916"
"466","ALIGN_RAMP","42478","-186","-1021.728515625","3","3000","6000000","65240","107485","107485","0","2902","1336","826"
"467","ALIGN_RAMP","42480","-184","-1010.7421875","2","2000","-1000000","65380","107486","107486","0","2902","1336","736"
"468","ALIGN_RAMP","42477","-187","-1027.2216796875","-3","-3000","-5000000","65520","107487","107487","0","2902","1336","646"
"469","ALIGN_RAMP","42475","-189","-1038.2080078125","-2","-2000","1000000","65660","107488","107488","0","2902","1336","556"
"470","ALIGN_RAMP","42476","-188","-1032.71484375","1","1000","3000000","65800","107489","107489","0","2902","1336","466"
"471","ALIGN_RAMP","42474","-190","-1043.701171875","-2","-2000","-3000000","65940","107490","107490","0","2902","1336","376"
"472","ALIGN_RAMP","42480","-184","-1010.7421875","6","6000","8000000","66080","107491","107491","0","2902","1336","286"
"473","ALIGN_RAMP","42476","-188","-1032.71484375","-4","-4000","-10000000","66220","107492","107492","0","2902","1336","196"
"474","ALIGN_RAMP","42474","-190","-1043.701171875","-2","-2000","2000000","66360","107493","107493","0","2902","1336","106"
"475","ALIGN_RAMP","42478","-186","-1021.728515625","4","4000","6000000","66500","107494","107494","0","2902","1336","16"
"476","ALIGN_RAMP","42477","-187","-1027.2216796875","-1","-1000","-5000000","66640","107495","107495","0","2902","1336","2081"
"477","ALIGN_RAMP","42475","-189","-1038.2080078125","-2","-2000","-1000000","66780","107496","107496","0","2902","1336","1991"
"478","ALIGN_RAMP","42477","-187","-1027.2216796875","2","2000","4000000","66920","107497","107497","0","2902","1336","1901"
"479","ALIGN_RAMP","42473","-191","-1049.1943359375","-4","-4000","-6000000","67060","107498","107498","0","2902","1336","1811"
"480","ALIGN_RAMP","42472","-192","-1054.6875","-1","-1000","3000000","67200","107499","107499","0","2902","1336","1721"
"481","ALIGN_RAMP","42474","-190","-1043.701171875","2","2000","3000000","67340","107500","107500","0","2902","1336","1631"
"482","ALIGN_RAMP","42475","-189","-1038.2080078125","1","1000","-1000000","67480","107501","107501","0","2902","1336","1541"
"483","ALIGN_RAMP","42474","-190","-1043.701171875","-1","-1000","-2000000","67620","107502","107502","0","2902","1336","1451"
"484","ALIGN_RAMP","42475","-189","-1038.2080078125","1","1000","2000000","67760","107503","107503","0","2902","1336","1361"
"485","ALIGN_RAMP","42477","-187","-1027.2216796875","2","2000","1000000","67900","107504","107504","0","2902","1336","1271"
"486","ALIGN_RAMP","42472","-192","-1054.6875","-5","-5000","-7000000","68040","107505","107505","0","2902","1336","1181"
"487","ALIGN_RAMP","42472","-192","-1054.6875","0","0","5000000","68180","107506","107506","0","2902","1336","1091"
"488","ALIGN_RAMP","42474","-190","-1043.701171875","2","2000","2000000","68320","107507","107507","0","2902","1336","1001"
"489","ALIGN_RAMP","42472","-192","-1054.6875","-2","-2000","-4000000","68460","107508","107508","0","2902","1336","911"
"490","ALIGN_RAMP","42474","-190","-1043.701171875","2","2000","4000000","68600","107509","107509","0","2902","1336","821"
"491","ALIGN_RAMP","42472","-192","-1054.6875","-2","-2000","-4000000","68740","107510","107510","0","2902","1336","731"
"492","ALIGN_RAMP","42471","-193","-1060.1806640625","-1","-1000","1000000","68880","107511","107511","0","2902","1336","641"
"493","ALIGN_RAMP","42475","-189","-1038.2080078125","4","4000","5000000","69020","107512","107512","0","2902","1336","551"
"494","ALIGN_RAMP","42470","-194","-1065.673828125","-5","-5000","-9000000","69160","107513","107513","0","2902","1336","461"
"495","ALIGN_RAMP","42472","-192","-1054.6875","2","2000","7000000","69300","107514","107514","0","2902","1336","371"
"496","ALIGN_RAMP","42472","-192","-1054.6875","0","0","-2000000","69440","107515","107515","0","2902","1336","281"
"497","ALIGN_RAMP","42473","-191","-1049.1943359375","1","1000","1000000","69580","107516","107516","0","2902","1336","191"
"498","ALIGN_RAMP","42471","-193","-1060.1806640625","-2","-2000","-3000000","69720","107517","107517","0","2902","1336","101"
"499","ALIGN_RAMP","42471","-193","-1060.1806640625","0","0","2000000","69860","107518","107518","0","2902","1336","11"
"500","ALIGN_RAMP","42471","-193","-1060.1806640625","0","0","0","70000","107519","107519","0","2903","1336","2076"
"501","ALIGN_HOLD","42470","-194","-1065.673828125","-1","-1000","-1000000","70000","107520","107520","0","2903","1336","1986"
"502","ALIGN_HOLD","42473","-191","-1049.1943359375","3","3000","4000000","70000","107521","107521","0","2903","1336","1896"
"503","ALIGN_HOLD","42468","-196","-1076.66015625","-5","-5000","-8000000","70000","107522","107522","0","2903","1336","1806"
"504","ALIGN_HOLD","42469","-195","-1071.1669921875","1","1000","6000000","70000","107523","107523","0","2903","1336","1716"
"505","ALIGN_HOLD","42473","-191","-1049.1943359375","4","4000","3000000","70000","107524","107524","0","2903","1336","1626"
"506","ALIGN_HOLD","42469","-195","-1071.1669921875","-4","-4000","-8000000","70000","107525","107525","0","2903","1336","1536"
"507","ALIGN_HOLD","42471","-193","-1060.1806640625","2","2000","6000000","70000","107526","107526","0","2903","1336","1446"
"508","ALIGN_HOLD","42473","-191","-1049.1943359375","2","2000","0","70000","107527","107527","0","2903","1336","1356"
"509","ALIGN_HOLD","42467","-197","-1082.1533203125","-6","-6000","-8000000","70000","107528","107528","0","2903","1336","1266"
"510","ALIGN_HOLD","42466","-198","-1087.646484375","-1","-1000","5000000","70000","107529","107529","0","2903","1336","1176"
"511","ALIGN_HOLD","42471","-193","-1060.1806640625","5","5000","6000000","70000","107530","107530","0","2903","1336","1086"
"512","ALIGN_HOLD","42469","-195","-1071.1669921875","-2","-2000","-7000000","70000","107531","107531","0","2903","1336","996"
"513","ALIGN_HOLD","42469","-195","-1071.1669921875","0","0","2000000","70000","107532","107532","0","2903","1336","906"
"514","ALIGN_HOLD","42468","-196","-1076.66015625","-1","-1000","-1000000","70000","107533","107533","0","2903","1336","816"
"515","ALIGN_HOLD","42472","-192","-1054.6875","4","4000","5000000","70000","107534","107534","0","2903","1336","726"
"516","ALIGN_HOLD","42468","-196","-1076.66015625","-4","-4000","-8000000","70000","107535","107535","0","2903","1336","636"
"517","ALIGN_HOLD","42468","-196","-1076.66015625","0","0","4000000","70000","107536","107536","0","2903","1336","546"
"518","ALIGN_HOLD","42469","-195","-1071.1669921875","1","1000","1000000","70000","107537","107537","0","2903","1336","456"
"519","ALIGN_HOLD","42469","-195","-1071.1669921875","0","0","-1000000","70000","107538","107538","0","2903","1336","366"
"520","ALIGN_HOLD","42467","-197","-1082.1533203125","-2","-2000","-2000000","70000","107539","107539","0","2903","1336","276"
"521","ALIGN_HOLD","42468","-196","-1076.66015625","1","1000","3000000","70000","107540","107540","0","2903","1336","186"
"522","ALIGN_HOLD","42470","-194","-1065.673828125","2","2000","1000000","70000","107541","107541","0","2903","1336","96"
"523","ALIGN_HOLD","42468","-196","-1076.66015625","-2","-2000","-4000000","70000","107542","107542","0","2903","1336","6"
"524","ALIGN_HOLD","42469","-195","-1071.1669921875","1","1000","3000000","70000","107543","107543","0","2903","1336","2071"
"525","ALIGN_HOLD","42468","-196","-1076.66015625","-1","-1000","-2000000","70000","107544","107544","0","2903","1336","1981"
"526","ALIGN_HOLD","42471","-193","-1060.1806640625","3","3000","4000000","70000","107545","107545","0","2903","1336","1891"
"527","ALIGN_HOLD","42468","-196","-1076.66015625","-3","-3000","-6000000","70000","107546","107546","0","2903","1336","1801"
"528","ALIGN_HOLD","42470","-194","-1065.673828125","2","2000","5000000","70000","107547","107547","0","2903","1336","1711"
"529","ALIGN_HOLD","42468","-196","-1076.66015625","-2","-2000","-4000000","70000","107548","107548","0","2903","1336","1621"
"530","ALIGN_HOLD","42466","-198","-1087.646484375","-2","-2000","0","70000","107549","107549","0","2903","1336","1531"
"531","ALIGN_HOLD","42473","-191","-1049.1943359375","7","7000","9000000","70000","107550","107550","0","2903","1336","1441"
"532","ALIGN_HOLD","42466","-198","-1087.646484375","-7","-7000","-14000000","70000","107551","107551","0","2903","1336","1351"
"533","ALIGN_HOLD","42467","-197","-1082.1533203125","1","1000","8000000","70000","107552","107552","0","2903","1336","1261"
"534","ALIGN_HOLD","42469","-195","-1071.1669921875","2","2000","1000000","70000","107553","107553","0","2903","1336","1171"
"535","ALIGN_HOLD","42468","-196","-1076.66015625","-1","-1000","-3000000","70000","107554","107554","0","2903","1336","1081"
"536","ALIGN_HOLD","42471","-193","-1060.1806640625","3","3000","4000000","70000","107555","107555","0","2903","1336","991"
"537","ALIGN_HOLD","42468","-196","-1076.66015625","-3","-3000","-6000000","70000","107556","107556","0","2903","1336","901"
"538","ALIGN_HOLD","42466","-198","-1087.646484375","-2","-2000","1000000","70000","107557","107557","0","2903","1336","811"
"539","ALIGN_HOLD","42468","-196","-1076.66015625","2","2000","4000000","70000","107558","107558","0","2903","1336","721"
"540","ALIGN_HOLD","42468","-196","-1076.66015625","0","0","-2000000","70000","107559","107559","0","2903","1336","631"
"541","ALIGN_HOLD","42470","-194","-1065.673828125","2","2000","2000000","70000","107560","107560","0","2903","1336","541"
"542","ALIGN_HOLD","42467","-197","-1082.1533203125","-3","-3000","-5000000","70000","107561","107561","0","2903","1336","451"
"543","ALIGN_HOLD","42466","-198","-1087.646484375","-1","-1000","2000000","70000","107562","107562","0","2903","1336","361"
"544","ALIGN_HOLD","42471","-193","-1060.1806640625","5","5000","6000000","70000","107563","107563","0","2903","1336","271"
"545","ALIGN_HOLD","42465","-199","-1093.1396484375","-6","-6000","-11000000","70000","107564","107564","0","2903","1336","181"
"546","ALIGN_HOLD","42468","-196","-1076.66015625","3","3000","9000000","70000","107565","107565","0","2903","1336","91"
"547","ALIGN_HOLD","42471","-193","-1060.1806640625","3","3000","0","70000","107566","107566","0","2903","1336","1"
"548","ALIGN_HOLD","42466","-198","-1087.646484375","-5","-5000","-8000000","70000","107567","107567","0","2903","1336","2066"
"549","ALIGN_HOLD","42468","-196","-1076.66015625","2","2000","7000000","70000","107568","107568","0","2903","1336","1976"
"550","ALIGN_HOLD","42467","-197","-1082.1533203125","-1","-1000","-3000000","70000","107569","107569","0","2903","1336","1886"
"551","ALIGN_HOLD","42471","-193","-1060.1806640625","4","4000","5000000","70000","107570","107570","0","2903","1336","1796"
"552","ALIGN_HOLD","42470","-194","-1065.673828125","-1","-1000","-5000000","70000","107571","107571","0","2903","1336","1706"
"553","ALIGN_HOLD","42467","-197","-1082.1533203125","-3","-3000","-2000000","70000","107572","107572","0","2903","1336","1616"
"554","ALIGN_HOLD","42466","-198","-1087.646484375","-1","-1000","2000000","70000","107573","107573","0","2903","1336","1526"
"555","ALIGN_HOLD","42467","-197","-1082.1533203125","1","1000","2000000","70000","107574","107574","0","2903","1336","1436"
"556","ALIGN_HOLD","42467","-197","-1082.1533203125","0","0","-1000000","70000","107575","107575","0","2903","1336","1346"
"557","ALIGN_HOLD","42467","-197","-1082.1533203125","0","0","0","70000","107576","107576","0","2903","1336","1256"
"558","ALIGN_HOLD","42467","-197","-1082.1533203125","0","0","0","70000","107577","107577","0","2903","1336","1166"
"559","ALIGN_HOLD","42467","-197","-1082.1533203125","0","0","0","70000","107578","107578","0","2903","1336","1076"
"560","ALIGN_HOLD","42467","-197","-1082.1533203125","0","0","0","70000","107579","107579","0","2903","1336","986"
"561","ALIGN_HOLD","42467","-197","-1082.1533203125","0","0","0","70000","107580","107580","0","2903","1336","896"
"562","ALIGN_HOLD","42469","-195","-1071.1669921875","2","2000","2000000","70000","107581","107581","0","2903","1336","806"
"563","ALIGN_HOLD","42466","-198","-1087.646484375","-3","-3000","-5000000","70000","107582","107582","0","2903","1336","716"
"564","ALIGN_HOLD","42467","-197","-1082.1533203125","1","1000","4000000","70000","107583","107583","0","2903","1336","626"
"565","ALIGN_HOLD","42469","-195","-1071.1669921875","2","2000","1000000","70000","107584","107584","0","2903","1336","536"
"566","ALIGN_HOLD","42466","-198","-1087.646484375","-3","-3000","-5000000","70000","107585","107585","0","2903","1336","446"
"567","ALIGN_HOLD","42467","-197","-1082.1533203125","1","1000","4000000","70000","107586","107586","0","2903","1336","356"
"568","ALIGN_HOLD","42469","-195","-1071.1669921875","2","2000","1000000","70000","107587","107587","0","2903","1336","266"
"569","ALIGN_HOLD","42468","-196","-1076.66015625","-1","-1000","-3000000","70000","107588","107588","0","2903","1336","176"
"570","ALIGN_HOLD","42463","-201","-1104.1259765625","-5","-5000","-4000000","70000","107589","107589","0","2903","1336","86"
"571","ALIGN_HOLD","42465","-199","-1093.1396484375","2","2000","7000000","70000","107590","107590","0","2903","1336","2151"
"572","ALIGN_HOLD","42464","-200","-1098.6328125","-1","-1000","-3000000","70000","107591","107591","0","2903","1336","2061"
"573","ALIGN_HOLD","42468","-196","-1076.66015625","4","4000","5000000","70000","107592","107592","0","2903","1336","1971"
"574","ALIGN_HOLD","42467","-197","-1082.1533203125","-1","-1000","-5000000","70000","107593","107593","0","2903","1336","1881"
"575","ALIGN_HOLD","42465","-199","-1093.1396484375","-2","-2000","-1000000","70000","107594","107594","0","2903","1336","1791"
"576","ALIGN_HOLD","42464","-200","-1098.6328125","-1","-1000","1000000","70000","107595","107595","0","2903","1336","1701"
"577","ALIGN_HOLD","42467","-197","-1082.1533203125","3","3000","4000000","70000","107596","107596","0","2903","1336","1611"
"578","ALIGN_HOLD","42465","-199","-1093.1396484375","-2","-2000","-5000000","70000","107597","107597","0","2903","1336","1521"
"579","ALIGN_HOLD","42468","-196","-1076.66015625","3","3000","5000000","70000","107598","107598","0","2903","1336","1431"
"580","ALIGN_HOLD","42466","-198","-1087.646484375","-2","-2000","-5000000","70000","107599","107599","0","2903","1336","1341"
"581","ALIGN_HOLD","42467","-197","-1082.1533203125","1","1000","3000000","70000","107600","107600","0","2903","1336","1251"
"582","ALIGN_HOLD","42468","-196","-1076.66015625","1","1000","0","70000","107601","107601","0","2903","1336","1161"
"583","ALIGN_HOLD","42468","-196","-1076.66015625","0","0","-1000000","70000","107602","107602","0","2903","1336","1071"
"584","ALIGN_HOLD","42462","-202","-1109.619140625","-6","-6000","-6000000","70000","107603","107603","0","2903","1336","981"
"585","ALIGN_HOLD","42466","-198","-1087.646484375","4","4000","10000000","70000","107604","107604","0","2903","1336","891"
"586","ALIGN_HOLD","42466","-198","-1087.646484375","0","0","-4000000","70000","107605","107605","0","2903","1336","801"
"587","ALIGN_HOLD","42466","-198","-1087.646484375","0","0","0","70000","107606","107606","0","2903","1336","711"
"588","ALIGN_HOLD","42465","-199","-1093.1396484375","-1","-1000","-1000000","70000","107607","107607","0","2903","1336","621"
"589","ALIGN_HOLD","42467","-197","-1082.1533203125","2","2000","3000000","70000","107608","107608","0","2903","1336","531"
"590","ALIGN_HOLD","42463","-201","-1104.1259765625","-4","-4000","-6000000","70000","107609","107609","0","2903","1336","441"
"591","ALIGN_HOLD","42467","-197","-1082.1533203125","4","4000","8000000","70000","107610","107610","0","2903","1336","351"
"592","ALIGN_HOLD","42464","-200","-1098.6328125","-3","-3000","-7000000","70000","107611","107611","0","2903","1336","261"
"593","ALIGN_HOLD","42466","-198","-1087.646484375","2","2000","5000000","70000","107612","107612","0","2903","1336","171"
"594","ALIGN_HOLD","42471","-193","-1060.1806640625","5","5000","3000000","70000","107613","107613","0","2903","1336","81"
"595","ALIGN_HOLD","42466","-198","-1087.646484375","-5","-5000","-10000000","70000","107614","107614","0","2903","1336","2146"
"596","ALIGN_HOLD","42468","-196","-1076.66015625","2","2000","7000000","70000","107615","107615","0","2903","1336","2056"
"597","ALIGN_HOLD","42463","-201","-1104.1259765625","-5","-5000","-7000000","70000","107616","107616","0","2903","1336","1966"
"598","ALIGN_HOLD","42465","-199","-1093.1396484375","2","2000","7000000","70000","107617","107617","0","2903","1336","1876"
"599","ALIGN_HOLD","42467","-197","-1082.1533203125","2","2000","0","70000","107618","107618","0","2903","1336","1786"
"600","ALIGN_HOLD","42465","-199","-1093.1396484375","-2","-2000","-4000000","70000","107619","107619","0","2903","1336","1762"
"601","ALIGN_HOLD","42464","-200","-1098.6328125","-1","-1000","1000000","70000","107620","107620","0","2903","1336","1606"
"602","ALIGN_HOLD","42466","-198","-1087.646484375","2","2000","3000000","70000","107621","107621","0","2903","1336","1516"
"603","ALIGN_HOLD","42464","-200","-1098.6328125","-2","-2000","-4000000","70000","107622","107622","0","2903","1336","1426"
"604","ALIGN_HOLD","42468","-196","-1076.66015625","4","4000","6000000","70000","107623","107623","0","2903","1336","1336"
"605","ALIGN_HOLD","42471","-193","-1060.1806640625","3","3000","-1000000","70000","107624","107624","0","2903","1336","1246"
"606","ALIGN_HOLD","42467","-197","-1082.1533203125","-4","-4000","-7000000","70000","107625","107625","0","2903","1336","1156"
"607","ALIGN_HOLD","42469","-195","-1071.1669921875","2","2000","6000000","70000","107626","107626","0","2903","1336","1066"
"608","ALIGN_HOLD","42464","-200","-1098.6328125","-5","-5000","-7000000","70000","107627","107627","0","2903","1336","976"
"609","ALIGN_HOLD","42464","-200","-1098.6328125","0","0","5000000","70000","107628","107628","0","2903","1336","886"
"610","ALIGN_HOLD","42467","-197","-1082.1533203125","3","3000","3000000","70000","107629","107629","0","2903","1336","796"
"611","ALIGN_HOLD","42470","-194","-1065.673828125","3","3000","0","70000","107630","107630","0","2903","1336","706"
"612","ALIGN_HOLD","42463","-201","-1104.1259765625","-7","-7000","-10000000","70000","107631","107631","0","2903","1336","616"
"613","ALIGN_HOLD","42466","-198","-1087.646484375","3","3000","10000000","70000","107632","107632","0","2903","1336","526"
"614","ALIGN_HOLD","42469","-195","-1071.1669921875","3","3000","0","70000","107633","107633","0","2903","1336","436"
"615","ALIGN_HOLD","42468","-196","-1076.66015625","-1","-1000","-4000000","70000","107634","107634","0","2903","1336","346"
"616","ALIGN_HOLD","42467","-197","-1082.1533203125","-1","-1000","0","70000","107635","107635","0","2903","1336","256"
"617","ALIGN_HOLD","42467","-197","-1082.1533203125","0","0","1000000","70000","107636","107636","0","2903","1336","166"
"618","ALIGN_HOLD","42468","-196","-1076.66015625","1","1000","1000000","70000","107637","107637","0","2903","1336","76"
"619","ALIGN_HOLD","42464","-200","-1098.6328125","-4","-4000","-5000000","70000","107638","107638","0","2903","1336","2141"
"620","ALIGN_HOLD","42467","-197","-1082.1533203125","3","3000","7000000","70000","107639","107639","0","2903","1336","2051"
"621","ALIGN_HOLD","42467","-197","-1082.1533203125","0","0","-3000000","70000","107640","107640","0","2903","1336","1961"
"622","ALIGN_HOLD","42464","-200","-1098.6328125","-3","-3000","-3000000","70000","107641","107641","0","2903","1336","1871"
"623","ALIGN_HOLD","42467","-197","-1082.1533203125","3","3000","6000000","70000","107642","107642","0","2903","1336","1781"
"624","ALIGN_HOLD","42467","-197","-1082.1533203125","0","0","-3000000","70000","107643","107643","0","2903","1336","1691"
"625","ALIGN_HOLD","42467","-197","-1082.1533203125","0","0","0","70000","107644","107644","0","2903","1336","1601"
"626","ALIGN_HOLD","42464","-200","-1098.6328125","-3","-3000","-3000000","70000","107645","107645","0","2903","1336","1511"
"627","ALIGN_HOLD","42464","-200","-1098.6328125","0","0","3000000","70000","107646","107646","0","2903","1336","1421"
"628","ALIGN_HOLD","42468","-196","-1076.66015625","4","4000","4000000","70000","107647","107647","0","2903","1336","1331"
"629","ALIGN_HOLD","42469","-195","-1071.1669921875","1","1000","-3000000","70000","107648","107648","0","2903","1336","1241"
"630","ALIGN_HOLD","42468","-196","-1076.66015625","-1","-1000","-2000000","70000","107649","107649","0","2903","1336","1151"
"631","ALIGN_HOLD","42468","-196","-1076.66015625","0","0","1000000","70000","107650","107650","0","2903","1336","1061"
"632","ALIGN_HOLD","42468","-196","-1076.66015625","0","0","0","70000","107651","107651","0","2903","1336","971"
"633","ALIGN_HOLD","42468","-196","-1076.66015625","0","0","0","70000","107652","107652","0","2903","1336","881"
"634","ALIGN_HOLD","42466","-198","-1087.646484375","-2","-2000","-2000000","70000","107653","107653","0","2903","1336","791"
"635","ALIGN_HOLD","42465","-199","-1093.1396484375","-1","-1000","1000000","70000","107654","107654","0","2903","1336","701"
"636","ALIGN_HOLD","42468","-196","-1076.66015625","3","3000","4000000","70000","107655","107655","0","2903","1336","611"
"637","ALIGN_HOLD","42467","-197","-1082.1533203125","-1","-1000","-4000000","70000","107656","107656","0","2903","1336","521"
"638","ALIGN_HOLD","42468","-196","-1076.66015625","1","1000","2000000","70000","107657","107657","0","2903","1336","431"
"639","ALIGN_HOLD","42463","-201","-1104.1259765625","-5","-5000","-6000000","70000","107658","107658","0","2903","1336","341"
"640","ALIGN_HOLD","42467","-197","-1082.1533203125","4","4000","9000000","70000","107659","107659","0","2903","1336","251"
"641","ALIGN_HOLD","42466","-198","-1087.646484375","-1","-1000","-5000000","70000","107660","107660","0","2903","1336","161"
"642","ALIGN_HOLD","42467","-197","-1082.1533203125","1","1000","2000000","70000","107661","107661","0","2903","1336","71"
"643","ALIGN_HOLD","42467","-197","-1082.1533203125","0","0","-1000000","70000","107662","107662","0","2903","1336","2136"
"644","ALIGN_HOLD","42463","-201","-1104.1259765625","-4","-4000","-4000000","70000","107663","107663","0","2903","1336","2046"
"645","ALIGN_HOLD","42466","-198","-1087.646484375","3","3000","7000000","70000","107664","107664","0","2903","1336","1956"
"646","ALIGN_HOLD","42468","-196","-1076.66015625","2","2000","-1000000","70000","107665","107665","0","2903","1336","1866"
"647","ALIGN_HOLD","42464","-200","-1098.6328125","-4","-4000","-6000000","70000","107666","107666","0","2903","1336","1776"
"648","ALIGN_HOLD","42465","-199","-1093.1396484375","1","1000","5000000","70000","107667","107667","0","2903","1336","1686"
"649","ALIGN_HOLD","42463","-201","-1104.1259765625","-2","-2000","-3000000","70000","107668","107668","0","2903","1336","1596"
"650","ALIGN_HOLD","42465","-199","-1093.1396484375","2","2000","4000000","70000","107669","107669","0","2903","1336","1506"
"651","ALIGN_HOLD","42466","-198","-1087.646484375","1","1000","-1000000","70000","107670","107670","0","2903","1336","1416"
"652","ALIGN_HOLD","42464","-200","-1098.6328125","-2","-2000","-3000000","70000","107671","107671","0","2903","1336","1326"
"653","ALIGN_HOLD","42469","-195","-1071.1669921875","5","5000","7000000","70000","107672","107672","0","2903","1336","1236"
"654","ALIGN_HOLD","42468","-196","-1076.66015625","-1","-1000","-6000000","70000","107673","107673","0","2903","1336","1146"
"655","ALIGN_HOLD","42463","-201","-1104.1259765625","-5","-5000","-4000000","70000","107674","107674","0","2903","1336","1056"
"656","ALIGN_HOLD","42467","-197","-1082.1533203125","4","4000","9000000","70000","107675","107675","0","2903","1336","966"
"657","ALIGN_HOLD","42465","-199","-1093.1396484375","-2","-2000","-6000000","70000","107676","107676","0","2903","1336","876"
"658","ALIGN_HOLD","42467","-197","-1082.1533203125","2","2000","4000000","70000","107677","107677","0","2903","1336","786"
"659","ALIGN_HOLD","42464","-200","-1098.6328125","-3","-3000","-5000000","70000","107678","107678","0","2903","1336","696"
"660","ALIGN_HOLD","42464","-200","-1098.6328125","0","0","3000000","70000","107679","107679","0","2903","1336","606"
"661","ALIGN_HOLD","42466","-198","-1087.646484375","2","2000","2000000","70000","107680","107680","0","2903","1336","516"
"662","ALIGN_HOLD","42465","-199","-1093.1396484375","-1","-1000","-3000000","70000","107681","107681","0","2903","1336","426"
"663","ALIGN_HOLD","42465","-199","-1093.1396484375","0","0","1000000","70000","107682","107682","0","2903","1336","336"
"664","ALIGN_HOLD","42468","-196","-1076.66015625","3","3000","3000000","70000","107683","107683","0","2903","1336","246"
"665","ALIGN_HOLD","42466","-198","-1087.646484375","-2","-2000","-5000000","70000","107684","107684","0","2903","1336","156"
"666","ALIGN_HOLD","42462","-202","-1109.619140625","-4","-4000","-2000000","70000","107685","107685","0","2903","1336","66"
"667","ALIGN_HOLD","42465","-199","-1093.1396484375","3","3000","7000000","70000","107686","107686","0","2903","1336","2131"
"668","ALIGN_HOLD","42464","-200","-1098.6328125","-1","-1000","-4000000","70000","107687","107687","0","2903","1336","2041"
"669","ALIGN_HOLD","42464","-200","-1098.6328125","0","0","1000000","70000","107688","107688","0","2903","1336","1951"
"670","ALIGN_HOLD","42467","-197","-1082.1533203125","3","3000","3000000","70000","107689","107689","0","2903","1336","1861"
"671","ALIGN_HOLD","42462","-202","-1109.619140625","-5","-5000","-8000000","70000","107690","107690","0","2903","1336","1771"
"672","ALIGN_HOLD","42466","-198","-1087.646484375","4","4000","9000000","70000","107691","107691","0","2903","1336","1681"
"673","ALIGN_HOLD","42463","-201","-1104.1259765625","-3","-3000","-7000000","70000","107692","107692","0","2903","1336","1591"
"674","ALIGN_HOLD","42466","-198","-1087.646484375","3","3000","6000000","70000","107693","107693","0","2903","1336","1501"
"675","ALIGN_HOLD","42464","-200","-1098.6328125","-2","-2000","-5000000","70000","107694","107694","0","2903","1336","1411"
"676","ALIGN_HOLD","42464","-200","-1098.6328125","0","0","2000000","70000","107695","107695","0","2903","1336","1321"
"677","ALIGN_HOLD","42466","-198","-1087.646484375","2","2000","2000000","70000","107696","107696","0","2903","1336","1231"
"678","ALIGN_HOLD","42465","-199","-1093.1396484375","-1","-1000","-3000000","70000","107697","107697","0","2903","1336","1141"
"679","ALIGN_HOLD","42466","-198","-1087.646484375","1","1000","2000000","70000","107698","107698","0","2903","1336","1051"
"680","ALIGN_HOLD","42467","-197","-1082.1533203125","1","1000","0","70000","107699","107699","0","2903","1336","961"
"681","ALIGN_HOLD","42463","-201","-1104.1259765625","-4","-4000","-5000000","70000","107700","107700","0","2903","1336","871"
"682","ALIGN_HOLD","42464","-200","-1098.6328125","1","1000","5000000","70000","107701","107701","0","2903","1336","781"
"683","ALIGN_HOLD","42468","-196","-1076.66015625","4","4000","3000000","70000","107702","107702","0","2903","1336","691"
"684","ALIGN_HOLD","42463","-201","-1104.1259765625","-5","-5000","-9000000","70000","107703","107703","0","2903","1336","601"
"685","ALIGN_HOLD","42471","-193","-1060.1806640625","8","8000","13000000","70000","107704","107704","0","2903","1336","511"
"686","ALIGN_HOLD","42462","-202","-1109.619140625","-9","-9000","-17000000","70000","107705","107705","0","2903","1336","421"
"687","ALIGN_HOLD","42466","-198","-1087.646484375","4","4000","13000000","70000","107706","107706","0","2903","1336","331"
"688","ALIGN_HOLD","42463","-201","-1104.1259765625","-3","-3000","-7000000","70000","107707","107707","0","2903","1336","241"
"689","ALIGN_HOLD","42464","-200","-1098.6328125","1","1000","4000000","70000","107708","107708","0","2903","1336","151"
"690","ALIGN_HOLD","42467","-197","-1082.1533203125","3","3000","2000000","70000","107709","107709","0","2903","1336","61"
"691","ALIGN_HOLD","42468","-196","-1076.66015625","1","1000","-2000000","70000","107710","107710","0","2903","1336","2126"
"692","ALIGN_HOLD","42464","-200","-1098.6328125","-4","-4000","-5000000","70000","107711","107711","0","2903","1336","2036"
"693","ALIGN_HOLD","42462","-202","-1109.619140625","-2","-2000","2000000","70000","107712","107712","0","2903","1336","1946"
"694","ALIGN_HOLD","42466","-198","-1087.646484375","4","4000","6000000","70000","107713","107713","0","2903","1336","1856"
"695","ALIGN_HOLD","42467","-197","-1082.1533203125","1","1000","-3000000","70000","107714","107714","0","2903","1336","1766"
"696","ALIGN_HOLD","42465","-199","-1093.1396484375","-2","-2000","-3000000","70000","107715","107715","0","2903","1336","1676"
"697","ALIGN_HOLD","42467","-197","-1082.1533203125","2","2000","4000000","70000","107716","107716","0","2903","1336","1586"
"698","ALIGN_HOLD","42466","-198","-1087.646484375","-1","-1000","-3000000","70000","107717","107717","0","2903","1336","1496"
"699","ALIGN_HOLD","42461","-203","-1115.1123046875","-5","-5000","-4000000","70000","107718","107718","0","2903","1336","1406"
"700","ALIGN_HOLD","42467","-197","-1082.1533203125","6","6000","11000000","70000","107719","107719","0","2903","1336","1316"
"701","ALIGN_HOLD","42465","-199","-1093.1396484375","-2","-2000","-8000000","70000","107720","107720","0","2903","1336","1226"
"702","ALIGN_HOLD","42465","-199","-1093.1396484375","0","0","2000000","70000","107721","107721","0","2903","1336","1136"
"703","ALIGN_HOLD","42468","-196","-1076.66015625","3","3000","3000000","70000","107722","107722","0","2903","1336","1046"
"704","ALIGN_HOLD","42467","-197","-1082.1533203125","-1","-1000","-4000000","70000","107723","107723","0","2903","1336","956"
"705","ALIGN_HOLD","42468","-196","-1076.66015625","1","1000","2000000","70000","107724","107724","0","2903","1336","866"
"706","ALIGN_HOLD","42466","-198","-1087.646484375","-2","-2000","-3000000","70000","107725","107725","0","2903","1336","776"
"707","ALIGN_HOLD","42466","-198","-1087.646484375","0","0","2000000","70000","107726","107726","0","2903","1336","686"
"708","ALIGN_HOLD","42468","-196","-1076.66015625","2","2000","2000000","70000","107727","107727","0","2903","1336","596"
"709","ALIGN_HOLD","42465","-199","-1093.1396484375","-3","-3000","-5000000","70000","107728","107728","0","2903","1336","506"
"710","ALIGN_HOLD","42464","-200","-1098.6328125","-1","-1000","2000000","70000","107729","107729","0","2903","1336","416"
"711","ALIGN_HOLD","42468","-196","-1076.66015625","4","4000","5000000","70000","107730","107730","0","2903","1336","326"
"712","ALIGN_HOLD","42467","-197","-1082.1533203125","-1","-1000","-5000000","70000","107731","107731","0","2903","1336","236"
"713","ALIGN_HOLD","42466","-198","-1087.646484375","-1","-1000","0","70000","107732","107732","0","2903","1336","146"
"714","ALIGN_HOLD","42464","-200","-1098.6328125","-2","-2000","-1000000","70000","107733","107733","0","2903","1336","56"
"715","ALIGN_HOLD","42463","-201","-1104.1259765625","-1","-1000","1000000","70000","107734","107734","0","2903","1336","2121"
"716","ALIGN_HOLD","42469","-195","-1071.1669921875","6","6000","7000000","70000","107735","107735","0","2903","1336","2031"
"717","ALIGN_HOLD","42467","-197","-1082.1533203125","-2","-2000","-8000000","70000","107736","107736","0","2903","1336","1941"
"718","ALIGN_HOLD","42465","-199","-1093.1396484375","-2","-2000","0","70000","107737","107737","0","2903","1336","1851"
"719","ALIGN_HOLD","42465","-199","-1093.1396484375","0","0","2000000","70000","107738","107738","0","2903","1336","1761"
"720","ALIGN_HOLD","42463","-201","-1104.1259765625","-2","-2000","-2000000","70000","107739","107739","0","2903","1336","1671"
"721","ALIGN_HOLD","42465","-199","-1093.1396484375","2","2000","4000000","70000","107740","107740","0","2903","1336","1581"
"722","ALIGN_HOLD","42465","-199","-1093.1396484375","0","0","-2000000","70000","107741","107741","0","2903","1336","1491"
"723","ALIGN_HOLD","42468","-196","-1076.66015625","3","3000","3000000","70000","107742","107742","0","2903","1336","1401"
"724","ALIGN_HOLD","42465","-199","-1093.1396484375","-3","-3000","-6000000","70000","107743","107743","0","2903","1336","1311"
"725","ALIGN_HOLD","42467","-197","-1082.1533203125","2","2000","5000000","70000","107744","107744","0","2903","1336","1221"
"726","ALIGN_HOLD","42464","-200","-1098.6328125","-3","-3000","-5000000","70000","107745","107745","0","2903","1336","1131"
"727","ALIGN_HOLD","42463","-201","-1104.1259765625","-1","-1000","2000000","70000","107746","107746","0","2903","1336","1041"
"728","ALIGN_HOLD","42463","-201","-1104.1259765625","0","0","1000000","70000","107747","107747","0","2903","1336","951"
"729","ALIGN_HOLD","42465","-199","-1093.1396484375","2","2000","2000000","70000","107748","107748","0","2903","1336","861"
"730","ALIGN_HOLD","42464","-200","-1098.6328125","-1","-1000","-3000000","70000","107749","107749","0","2903","1336","771"
"731","ALIGN_HOLD","42463","-201","-1104.1259765625","-1","-1000","0","70000","107750","107750","0","2903","1336","681"
"732","ALIGN_HOLD","42465","-199","-1093.1396484375","2","2000","3000000","70000","107751","107751","0","2903","1336","591"
"733","ALIGN_HOLD","42465","-199","-1093.1396484375","0","0","-2000000","70000","107752","107752","0","2903","1336","501"
"734","ALIGN_HOLD","42464","-200","-1098.6328125","-1","-1000","-1000000","70000","107753","107753","0","2903","1336","411"
"735","ALIGN_HOLD","42467","-197","-1082.1533203125","3","3000","4000000","70000","107754","107754","0","2903","1336","321"
"736","ALIGN_HOLD","42462","-202","-1109.619140625","-5","-5000","-8000000","70000","107755","107755","0","2903","1336","231"
"737","ALIGN_HOLD","42465","-199","-1093.1396484375","3","3000","8000000","70000","107756","107756","0","2903","1336","141"
"738","ALIGN_HOLD","42464","-200","-1098.6328125","-1","-1000","-4000000","70000","107757","107757","0","2903","1336","51"
"739","ALIGN_HOLD","42462","-202","-1109.619140625","-2","-2000","-1000000","70000","107758","107758","0","2903","1336","2116"
"740","ALIGN_HOLD","42464","-200","-1098.6328125","2","2000","4000000","70000","107759","107759","0","2903","1336","2026"
"741","ALIGN_HOLD","42466","-198","-1087.646484375","2","2000","0","70000","107760","107760","0","2903","1336","1936"
"742","ALIGN_HOLD","42463","-201","-1104.1259765625","-3","-3000","-5000000","70000","107761","107761","0","2903","1336","1846"
"743","ALIGN_HOLD","42463","-201","-1104.1259765625","0","0","3000000","70000","107762","107762","0","2903","1336","1756"
"744","ALIGN_HOLD","42465","-199","-1093.1396484375","2","2000","2000000","70000","107763","107763","0","2903","1336","1666"
"745","ALIGN_HOLD","42465","-199","-1093.1396484375","0","0","-2000000","70000","107764","107764","0","2903","1336","1576"
"746","ALIGN_HOLD","42464","-200","-1098.6328125","-1","-1000","-1000000","70000","107765","107765","0","2903","1336","1486"
"747","ALIGN_HOLD","42463","-201","-1104.1259765625","-1","-1000","0","70000","107766","107766","0","2903","1336","1396"
"748","ALIGN_HOLD","42469","-195","-1071.1669921875","6","6000","7000000","70000","107767","107767","0","2903","1336","1306"
"749","ALIGN_HOLD","42464","-200","-1098.6328125","-5","-5000","-11000000","70000","107768","107768","0","2903","1336","1216"
"750","ALIGN_HOLD","42465","-199","-1093.1396484375","1","1000","6000000","70000","107769","107769","0","2903","1336","1126"
"751","ALIGN_HOLD","42467","-197","-1082.1533203125","2","2000","1000000","70000","107770","107770","0","2903","1336","1036"
"752","ALIGN_HOLD","42467","-197","-1082.1533203125","0","0","-2000000","70000","107771","107771","0","2903","1336","946"
"753","ALIGN_HOLD","42463","-201","-1104.1259765625","-4","-4000","-4000000","70000","107772","107772","0","2903","1336","856"
"754","ALIGN_HOLD","42467","-197","-1082.1533203125","4","4000","8000000","70000","107773","107773","0","2903","1336","766"
"755","ALIGN_HOLD","42461","-203","-1115.1123046875","-6","-6000","-10000000","70000","107774","107774","0","2903","1336","676"
"756","ALIGN_HOLD","42463","-201","-1104.1259765625","2","2000","8000000","70000","107775","107775","0","2903","1336","586"
"757","ALIGN_HOLD","42468","-196","-1076.66015625","5","5000","3000000","70000","107776","107776","0","2903","1336","496"
"758","ALIGN_HOLD","42467","-197","-1082.1533203125","-1","-1000","-6000000","70000","107777","107777","0","2903","1336","406"
"759","ALIGN_HOLD","42466","-198","-1087.646484375","-1","-1000","0","70000","107778","107778","0","2903","1336","316"
"760","ALIGN_HOLD","42463","-201","-1104.1259765625","-3","-3000","-2000000","70000","107779","107779","0","2903","1336","226"
"761","ALIGN_HOLD","42467","-197","-1082.1533203125","4","4000","7000000","70000","107780","107780","0","2903","1336","136"
"762","ALIGN_HOLD","42465","-199","-1093.1396484375","-2","-2000","-6000000","70000","107781","107781","0","2903","1336","46"
"763","ALIGN_HOLD","42468","-196","-1076.66015625","3","3000","5000000","70000","107782","107782","0","2903","1336","2111"
"764","ALIGN_HOLD","42463","-201","-1104.1259765625","-5","-5000","-8000000","70000","107783","107783","0","2903","1336","2021"
"765","ALIGN_HOLD","42463","-201","-1104.1259765625","0","0","5000000","70000","107784","107784","0","2903","1336","1931"
"766","ALIGN_HOLD","42467","-197","-1082.1533203125","4","4000","4000000","70000","107785","107785","0","2903","1336","1841"
"767","ALIGN_HOLD","42465","-199","-1093.1396484375","-2","-2000","-6000000","70000","107786","107786","0","2903","1336","1751"
"768","ALIGN_HOLD","42466","-198","-1087.646484375","1","1000","3000000","70000","107787","107787","0","2903","1336","1661"
"769","ALIGN_HOLD","42468","-196","-1076.66015625","2","2000","1000000","70000","107788","107788","0","2903","1336","1571"
"770","ALIGN_HOLD","42466","-198","-1087.646484375","-2","-2000","-4000000","70000","107789","107789","0","2903","1336","1481"
"771","ALIGN_HOLD","42463","-201","-1104.1259765625","-3","-3000","-1000000","70000","107790","107790","0","2903","1336","1391"
"772","ALIGN_HOLD","42466","-198","-1087.646484375","3","3000","6000000","70000","107791","107791","0","2903","1336","1301"
"773","ALIGN_HOLD","42468","-196","-1076.66015625","2","2000","-1000000","70000","107792","107792","0","2903","1336","1211"
"774","ALIGN_HOLD","42465","-199","-1093.1396484375","-3","-3000","-5000000","70000","107793","107793","0","2903","1336","1121"
"775","ALIGN_HOLD","42466","-198","-1087.646484375","1","1000","4000000","70000","107794","107794","0","2903","1336","1031"
"776","ALIGN_HOLD","42465","-199","-1093.1396484375","-1","-1000","-2000000","70000","107795","107795","0","2903","1336","941"
"777","ALIGN_HOLD","42467","-197","-1082.1533203125","2","2000","3000000","70000","107796","107796","0","2903","1336","851"
"778","ALIGN_HOLD","42466","-198","-1087.646484375","-1","-1000","-3000000","70000","107797","107797","0","2903","1336","761"
"779","ALIGN_HOLD","42463","-201","-1104.1259765625","-3","-3000","-2000000","70000","107798","107798","0","2903","1336","671"
"780","ALIGN_HOLD","42464","-200","-1098.6328125","1","1000","4000000","70000","107799","107799","0","2903","1336","581"
"781","ALIGN_HOLD","42467","-197","-1082.1533203125","3","3000","2000000","70000","107800","107800","0","2903","1336","491"
"782","ALIGN_HOLD","42467","-197","-1082.1533203125","0","0","-3000000","70000","107801","107801","0","2903","1336","401"
"783","ALIGN_HOLD","42467","-197","-1082.1533203125","0","0","0","70000","107802","107802","0","2903","1336","311"
"784","ALIGN_HOLD","42466","-198","-1087.646484375","-1","-1000","-1000000","70000","107803","107803","0","2903","1336","221"
"785","ALIGN_HOLD","42465","-199","-1093.1396484375","-1","-1000","0","70000","107804","107804","0","2903","1336","131"
"786","ALIGN_HOLD","42467","-197","-1082.1533203125","2","2000","3000000","70000","107805","107805","0","2903","1336","41"
"787","ALIGN_HOLD","42466","-198","-1087.646484375","-1","-1000","-3000000","70000","107806","107806","0","2903","1336","2106"
"788","ALIGN_HOLD","42467","-197","-1082.1533203125","1","1000","2000000","70000","107807","107807","0","2903","1336","2016"
"789","ALIGN_HOLD","42468","-196","-1076.66015625","1","1000","0","70000","107808","107808","0","2903","1336","1926"
"790","ALIGN_HOLD","42468","-196","-1076.66015625","0","0","-1000000","70000","107809","107809","0","2903","1336","1836"
"791","ALIGN_HOLD","42464","-200","-1098.6328125","-4","-4000","-4000000","70000","107810","107810","0","2903","1336","1746"
"792","ALIGN_HOLD","42467","-197","-1082.1533203125","3","3000","7000000","70000","107811","107811","0","2903","1336","1656"
"793","ALIGN_HOLD","42468","-196","-1076.66015625","1","1000","-2000000","70000","107812","107812","0","2903","1336","1566"
"794","ALIGN_HOLD","42463","-201","-1104.1259765625","-5","-5000","-6000000","70000","107813","107813","0","2903","1336","1476"
"795","ALIGN_HOLD","42467","-197","-1082.1533203125","4","4000","9000000","70000","107814","107814","0","2903","1336","1386"
"796","ALIGN_HOLD","42464","-200","-1098.6328125","-3","-3000","-7000000","70000","107815","107815","0","2903","1336","1296"
"797","ALIGN_HOLD","42466","-198","-1087.646484375","2","2000","5000000","70000","107816","107816","0","2903","1336","1206"
"798","ALIGN_HOLD","42467","-197","-1082.1533203125","1","1000","-1000000","70000","107817","107817","0","2903","1336","1116"
"799","ALIGN_HOLD","42463","-201","-1104.1259765625","-4","-4000","-5000000","70000","107818","107818","0","2903","1336","1026"
"800","ALIGN_HOLD","42465","-199","-1093.1396484375","2","2000","6000000","70000","107819","107819","0","2903","1336","1002"
"801","ALIGN_HOLD","42466","-198","-1087.646484375","1","1000","-1000000","70000","107820","107820","0","2903","1336","846"
"802","ALIGN_HOLD","42462","-202","-1109.619140625","-4","-4000","-5000000","70000","107821","107821","0","2903","1336","756"
"803","ALIGN_HOLD","42463","-201","-1104.1259765625","1","1000","5000000","70000","107822","107822","0","2903","1336","666"
"804","ALIGN_HOLD","42469","-195","-1071.1669921875","6","6000","5000000","70000","107823","107823","0","2903","1336","576"
"805","ALIGN_HOLD","42463","-201","-1104.1259765625","-6","-6000","-12000000","70000","107824","107824","0","2903","1336","486"
"806","ALIGN_HOLD","42467","-197","-1082.1533203125","4","4000","10000000","70000","107825","107825","0","2903","1336","396"
"807","ALIGN_HOLD","42466","-198","-1087.646484375","-1","-1000","-5000000","70000","107826","107826","0","2903","1336","306"
"808","ALIGN_HOLD","42464","-200","-1098.6328125","-2","-2000","-1000000","70000","107827","107827","0","2903","1336","216"
"809","ALIGN_HOLD","42463","-201","-1104.1259765625","-1","-1000","1000000","70000","107828","107828","0","2903","1336","126"
"810","ALIGN_HOLD","42468","-196","-1076.66015625","5","5000","6000000","70000","107829","107829","0","2903","1336","36"
"811","ALIGN_HOLD","42461","-203","-1115.1123046875","-7","-7000","-12000000","70000","107830","107830","0","2903","1336","2101"
"812","ALIGN_HOLD","42465","-199","-1093.1396484375","4","4000","11000000","70000","107831","107831","0","2903","1336","2011"
"813","ALIGN_HOLD","42468","-196","-1076.66015625","3","3000","-1000000","70000","107832","107832","0","2903","1336","1921"
"814","ALIGN_HOLD","42463","-201","-1104.1259765625","-5","-5000","-8000000","70000","107833","107833","0","2903","1336","1831"
"815","ALIGN_HOLD","42464","-200","-1098.6328125","1","1000","6000000","70000","107834","107834","0","2903","1336","1741"
"816","ALIGN_HOLD","42465","-199","-1093.1396484375","1","1000","0","70000","107835","107835","0","2903","1336","1651"
"817","ALIGN_HOLD","42467","-197","-1082.1533203125","2","2000","1000000","70000","107836","107836","0","2903","1336","1561"
"818","ALIGN_HOLD","42466","-198","-1087.646484375","-1","-1000","-3000000","70000","107837","107837","0","2903","1336","1471"
"819","ALIGN_HOLD","42463","-201","-1104.1259765625","-3","-3000","-2000000","70000","107838","107838","0","2903","1336","1381"
"820","ALIGN_HOLD","42464","-200","-1098.6328125","1","1000","4000000","70000","107839","107839","0","2903","1336","1291"
"821","ALIGN_HOLD","42465","-199","-1093.1396484375","1","1000","0","70000","107840","107840","0","2903","1336","1201"
"822","ALIGN_HOLD","42464","-200","-1098.6328125","-1","-1000","-2000000","70000","107841","107841","0","2903","1336","1111"
"823","ALIGN_HOLD","42467","-197","-1082.1533203125","3","3000","4000000","70000","107842","107842","0","2903","1336","1021"
"824","ALIGN_HOLD","42462","-202","-1109.619140625","-5","-5000","-8000000","70000","107843","107843","0","2903","1336","931"
"825","ALIGN_HOLD","42466","-198","-1087.646484375","4","4000","9000000","70000","107844","107844","0","2903","1336","841"
"826","ALIGN_HOLD","42467","-197","-1082.1533203125","1","1000","-3000000","70000","107845","107845","0","2903","1336","751"
"827","ALIGN_HOLD","42468","-196","-1076.66015625","1","1000","0","70000","107846","107846","0","2903","1336","661"
"828","ALIGN_HOLD","42466","-198","-1087.646484375","-2","-2000","-3000000","70000","107847","107847","0","2903","1336","571"
"829","ALIGN_HOLD","42463","-201","-1104.1259765625","-3","-3000","-1000000","70000","107848","107848","0","2903","1336","481"
"830","ALIGN_HOLD","42468","-196","-1076.66015625","5","5000","8000000","70000","107849","107849","0","2903","1336","391"
"831","ALIGN_HOLD","42461","-203","-1115.1123046875","-7","-7000","-12000000","70000","107850","107850","0","2903","1336","301"
"832","ALIGN_HOLD","42462","-202","-1109.619140625","1","1000","8000000","70000","107851","107851","0","2903","1336","211"
"833","ALIGN_HOLD","42464","-200","-1098.6328125","2","2000","1000000","70000","107852","107852","0","2903","1336","121"
"834","ALIGN_HOLD","42462","-202","-1109.619140625","-2","-2000","-4000000","70000","107853","107853","0","2903","1336","31"
"835","ALIGN_HOLD","42467","-197","-1082.1533203125","5","5000","7000000","70000","107854","107854","0","2903","1336","2096"
"836","ALIGN_HOLD","42464","-200","-1098.6328125","-3","-3000","-8000000","70000","107855","107855","0","2903","1336","2006"
"837","ALIGN_HOLD","42465","-199","-1093.1396484375","1","1000","4000000","70000","107856","107856","0","2903","1336","1916"
"838","ALIGN_HOLD","42463","-201","-1104.1259765625","-2","-2000","-3000000","70000","107857","107857","0","2903","1336","1826"
"839","ALIGN_HOLD","42465","-199","-1093.1396484375","2","2000","4000000","70000","107858","107858","0","2903","1336","1736"
"840","ALIGN_HOLD","42467","-197","-1082.1533203125","2","2000","0","70000","107859","107859","0","2903","1336","1646"
"841","ALIGN_HOLD","42466","-198","-1087.646484375","-1","-1000","-3000000","70000","107860","107860","0","2903","1336","1556"
"842","ALIGN_HOLD","42465","-199","-1093.1396484375","-1","-1000","0","70000","107861","107861","0","2903","1336","1466"
"843","ALIGN_HOLD","42464","-200","-1098.6328125","-1","-1000","0","70000","107862","107862","0","2903","1336","1376"
"844","ALIGN_HOLD","42462","-202","-1109.619140625","-2","-2000","-1000000","70000","107863","107863","0","2903","1336","1286"
"845","ALIGN_HOLD","42463","-201","-1104.1259765625","1","1000","3000000","70000","107864","107864","0","2903","1336","1196"
"846","ALIGN_HOLD","42461","-203","-1115.1123046875","-2","-2000","-3000000","70000","107865","107865","0","2903","1336","1106"
"847","ALIGN_HOLD","42465","-199","-1093.1396484375","4","4000","6000000","70000","107866","107866","0","2903","1336","1016"
"848","ALIGN_HOLD","42463","-201","-1104.1259765625","-2","-2000","-6000000","70000","107867","107867","0","2903","1336","926"
"849","ALIGN_HOLD","42467","-197","-1082.1533203125","4","4000","6000000","70000","107868","107868","0","2903","1336","836"
"850","ALIGN_HOLD","42466","-198","-1087.646484375","-1","-1000","-5000000","70000","107869","107869","0","2903","1336","746"
"851","ALIGN_HOLD","42463","-201","-1104.1259765625","-3","-3000","-2000000","70000","107870","107870","0","2903","1336","656"
"852","ALIGN_HOLD","42462","-202","-1109.619140625","-1","-1000","2000000","70000","107871","107871","0","2903","1336","566"
"853","ALIGN_HOLD","42467","-197","-1082.1533203125","5","5000","6000000","70000","107872","107872","0","2903","1336","476"
"854","ALIGN_HOLD","42463","-201","-1104.1259765625","-4","-4000","-9000000","70000","107873","107873","0","2903","1336","386"
"855","ALIGN_HOLD","42463","-201","-1104.1259765625","0","0","4000000","70000","107874","107874","0","2903","1336","296"
"856","ALIGN_HOLD","42462","-202","-1109.619140625","-1","-1000","-1000000","70000","107875","107875","0","2903","1336","206"
"857","ALIGN_HOLD","42467","-197","-1082.1533203125","5","5000","6000000","70000","107876","107876","0","2903","1336","116"
"858","ALIGN_HOLD","42464","-200","-1098.6328125","-3","-3000","-8000000","70000","107877","107877","0","2903","1336","26"
"859","ALIGN_HOLD","42463","-201","-1104.1259765625","-1","-1000","2000000","70000","107878","107878","0","2903","1336","2091"
"860","ALIGN_HOLD","42461","-203","-1115.1123046875","-2","-2000","-1000000","70000","107879","107879","0","2903","1336","2001"
"861","ALIGN_HOLD","42462","-202","-1109.619140625","1","1000","3000000","70000","107880","107880","0","2903","1336","1911"
"862","ALIGN_HOLD","42464","-200","-1098.6328125","2","2000","1000000","70000","107881","107881","0","2903","1336","1821"
"863","ALIGN_HOLD","42467","-197","-1082.1533203125","3","3000","1000000","70000","107882","107882","0","2903","1336","1731"
"864","ALIGN_HOLD","42461","-203","-1115.1123046875","-6","-6000","-9000000","70000","107883","107883","0","2903","1336","1641"
"865","ALIGN_HOLD","42461","-203","-1115.1123046875","0","0","6000000","70000","107884","107884","0","2903","1336","1551"
"866","ALIGN_HOLD","42467","-197","-1082.1533203125","6","6000","6000000","70000","107885","107885","0","2903","1336","1461"
"867","ALIGN_HOLD","42463","-201","-1104.1259765625","-4","-4000","-10000000","70000","107886","107886","0","2903","1336","1371"
"868","ALIGN_HOLD","42468","-196","-1076.66015625","5","5000","9000000","70000","107887","107887","0","2903","1336","1281"
"869","ALIGN_HOLD","42468","-196","-1076.66015625","0","0","-5000000","70000","107888","107888","0","2903","1336","1191"
"870","ALIGN_HOLD","42464","-200","-1098.6328125","-4","-4000","-4000000","70000","107889","107889","0","2903","1336","1101"
"871","ALIGN_HOLD","42462","-202","-1109.619140625","-2","-2000","2000000","70000","107890","107890","0","2903","1336","1011"
"872","ALIGN_HOLD","42464","-200","-1098.6328125","2","2000","4000000","70000","107891","107891","0","2903","1336","921"
"873","ALIGN_HOLD","42467","-197","-1082.1533203125","3","3000","1000000","70000","107892","107892","0","2903","1336","831"
"874","ALIGN_HOLD","42461","-203","-1115.1123046875","-6","-6000","-9000000","70000","107893","107893","0","2903","1336","741"
"875","ALIGN_HOLD","42466","-198","-1087.646484375","5","5000","11000000","70000","107894","107894","0","2903","1336","651"
"876","ALIGN_HOLD","42461","-203","-1115.1123046875","-5","-5000","-10000000","70000","107895","107895","0","2903","1336","561"
"877","ALIGN_HOLD","42465","-199","-1093.1396484375","4","4000","9000000","70000","107896","107896","0","2903","1336","471"
"878","ALIGN_HOLD","42468","-196","-1076.66015625","3","3000","-1000000","70000","107897","107897","0","2903","1336","381"
"879","ALIGN_HOLD","42462","-202","-1109.619140625","-6","-6000","-9000000","70000","107898","107898","0","2903","1336","291"
"880","ALIGN_HOLD","42466","-198","-1087.646484375","4","4000","10000000","70000","107899","107899","0","2903","1336","201"
"881","ALIGN_HOLD","42464","-200","-1098.6328125","-2","-2000","-6000000","70000","107900","107900","0","2903","1336","111"
"882","ALIGN_HOLD","42463","-201","-1104.1259765625","-1","-1000","1000000","70000","107901","107901","0","2903","1336","21"
"883","ALIGN_HOLD","42466","-198","-1087.646484375","3","3000","4000000","70000","107902","107902","0","2903","1336","2086"
"884","ALIGN_HOLD","42463","-201","-1104.1259765625","-3","-3000","-6000000","70000","107903","107903","0","2903","1336","1996"
"885","ALIGN_HOLD","42468","-196","-1076.66015625","5","5000","8000000","70000","107904","107904","0","2903","1336","1906"
"886","ALIGN_HOLD","42462","-202","-1109.619140625","-6","-6000","-11000000","70000","107905","107905","0","2903","1336","1816"
"887","ALIGN_HOLD","42467","-197","-1082.1533203125","5","5000","11000000","70000","107906","107906","0","2903","1336","1726"
"888","ALIGN_HOLD","42462","-202","-1109.619140625","-5","-5000","-10000000","70000","107907","107907","0","2903","1336","1636"
"889","ALIGN_HOLD","42464","-200","-1098.6328125","2","2000","7000000","70000","107908","107908","0","2903","1336","1546"
"890","ALIGN_HOLD","42468","-196","-1076.66015625","4","4000","2000000","70000","107909","107909","0","2903","1336","1456"
"891","ALIGN_HOLD","42464","-200","-1098.6328125","-4","-4000","-8000000","70000","107910","107910","0","2903","1336","1366"
"892","ALIGN_HOLD","42462","-202","-1109.619140625","-2","-2000","2000000","70000","107911","107911","0","2903","1336","1276"
"893","ALIGN_HOLD","42467","-197","-1082.1533203125","5","5000","7000000","70000","107912","107912","0","2903","1336","1186"
"894","ALIGN_HOLD","42461","-203","-1115.1123046875","-6","-6000","-11000000","70000","107913","107913","0","2903","1336","1096"
"895","ALIGN_HOLD","42463","-201","-1104.1259765625","2","2000","8000000","70000","107914","107914","0","2903","1336","1006"
"896","ALIGN_HOLD","42464","-200","-1098.6328125","1","1000","-1000000","70000","107915","107915","0","2903","1336","916"
"897","ALIGN_HOLD","42463","-201","-1104.1259765625","-1","-1000","-2000000","70000","107916","107916","0","2903","1336","826"
"898","ALIGN_HOLD","42465","-199","-1093.1396484375","2","2000","3000000","70000","107917","107917","0","2903","1336","736"
"899","ALIGN_HOLD","42467","-197","-1082.1533203125","2","2000","0","70000","107918","107918","0","2903","1336","646"
"900","ALIGN_HOLD","42466","-198","-1087.646484375","-1","-1000","-3000000","70000","107919","107919","0","2903","1336","556"
"901","ALIGN_HOLD","42462","-202","-1109.619140625","-4","-4000","-3000000","70000","107920","107920","0","2903","1336","466"
"902","ALIGN_HOLD","42465","-199","-1093.1396484375","3","3000","7000000","70000","107921","107921","0","2903","1336","376"
"903","ALIGN_HOLD","42467","-197","-1082.1533203125","2","2000","-1000000","70000","107922","107922","0","2903","1336","286"
"904","ALIGN_HOLD","42465","-199","-1093.1396484375","-2","-2000","-4000000","70000","107923","107923","0","2903","1336","196"
"905","ALIGN_HOLD","42466","-198","-1087.646484375","1","1000","3000000","70000","107924","107924","0","2903","1336","106"
"906","ALIGN_HOLD","42467","-197","-1082.1533203125","1","1000","0","70000","107925","107925","0","2903","1336","16"
"907","ALIGN_HOLD","42465","-199","-1093.1396484375","-2","-2000","-3000000","70000","107926","107926","0","2903","1336","2081"
"908","ALIGN_HOLD","42466","-198","-1087.646484375","1","1000","3000000","70000","107927","107927","0","2903","1336","1991"
"909","ALIGN_HOLD","42463","-201","-1104.1259765625","-3","-3000","-4000000","70000","107928","107928","0","2903","1336","1901"
"910","ALIGN_HOLD","42462","-202","-1109.619140625","-1","-1000","2000000","70000","107929","107929","0","2903","1336","1811"
"911","ALIGN_HOLD","42467","-197","-1082.1533203125","5","5000","6000000","70000","107930","107930","0","2903","1336","1721"
"912","ALIGN_HOLD","42463","-201","-1104.1259765625","-4","-4000","-9000000","70000","107931","107931","0","2903","1336","1631"
"913","ALIGN_HOLD","42465","-199","-1093.1396484375","2","2000","6000000","70000","107932","107932","0","2903","1336","1541"
"914","ALIGN_HOLD","42464","-200","-1098.6328125","-1","-1000","-3000000","70000","107933","107933","0","2903","1336","1451"
"915","ALIGN_HOLD","42463","-201","-1104.1259765625","-1","-1000","0","70000","107934","107934","0","2903","1336","1361"
"916","ALIGN_HOLD","42467","-197","-1082.1533203125","4","4000","5000000","70000","107935","107935","0","2903","1336","1271"
"917","ALIGN_HOLD","42462","-202","-1109.619140625","-5","-5000","-9000000","70000","107936","107936","0","2903","1336","1181"
"918","ALIGN_HOLD","42463","-201","-1104.1259765625","1","1000","6000000","70000","107937","107937","0","2903","1336","1091"
"919","ALIGN_HOLD","42462","-202","-1109.619140625","-1","-1000","-2000000","70000","107938","107938","0","2903","1336","1001"
"920","ALIGN_HOLD","42463","-201","-1104.1259765625","1","1000","2000000","70000","107939","107939","0","2903","1336","911"
"921","ALIGN_HOLD","42464","-200","-1098.6328125","1","1000","0","70000","107940","107940","0","2903","1336","821"
"922","ALIGN_HOLD","42466","-198","-1087.646484375","2","2000","1000000","70000","107941","107941","0","2903","1336","731"
"923","ALIGN_HOLD","42463","-201","-1104.1259765625","-3","-3000","-5000000","70000","107942","107942","0","2903","1336","641"
"924","ALIGN_HOLD","42463","-201","-1104.1259765625","0","0","3000000","70000","107943","107943","0","2903","1336","551"
"925","ALIGN_HOLD","42464","-200","-1098.6328125","1","1000","1000000","70000","107944","107944","0","2903","1336","461"
"926","ALIGN_HOLD","42465","-199","-1093.1396484375","1","1000","0","70000","107945","107945","0","2903","1336","371"
"927","ALIGN_HOLD","42469","-195","-1071.1669921875","4","4000","3000000","70000","107946","107946","0","2903","1336","281"
"928","ALIGN_HOLD","42462","-202","-1109.619140625","-7","-7000","-11000000","70000","107947","107947","0","2903","1336","191"
"929","ALIGN_HOLD","42462","-202","-1109.619140625","0","0","7000000","70000","107948","107948","0","2903","1336","101"
"930","ALIGN_HOLD","42464","-200","-1098.6328125","2","2000","2000000","70000","107949","107949","0","2903","1336","11"
"931","ALIGN_HOLD","42461","-203","-1115.1123046875","-3","-3000","-5000000","70000","107950","107950","0","2903","1336","2076"
"932","ALIGN_HOLD","42461","-203","-1115.1123046875","0","0","3000000","70000","107951","107951","0","2903","1336","1986"
"933","ALIGN_HOLD","42464","-200","-1098.6328125","3","3000","3000000","70000","107952","107952","0","2903","1336","1896"
"934","ALIGN_HOLD","42467","-197","-1082.1533203125","3","3000","0","70000","107953","107953","0","2903","1336","1806"
"935","ALIGN_HOLD","42465","-199","-1093.1396484375","-2","-2000","-5000000","70000","107954","107954","0","2903","1336","1716"
"936","ALIGN_HOLD","42465","-199","-1093.1396484375","0","0","2000000","70000","107955","107955","0","2903","1336","1626"
"937","ALIGN_HOLD","42468","-196","-1076.66015625","3","3000","3000000","70000","107956","107956","0","2903","1336","1536"
"938","ALIGN_HOLD","42469","-195","-1071.1669921875","1","1000","-2000000","70000","107957","107957","0","2903","1336","1446"
"939","ALIGN_HOLD","42460","-204","-1120.60546875","-9","-9000","-10000000","70000","107958","107958","0","2903","1336","1356"
"940","ALIGN_HOLD","42464","-200","-1098.6328125","4","4000","13000000","70000","107959","107959","0","2903","1336","1266"
"941","ALIGN_HOLD","42466","-198","-1087.646484375","2","2000","-2000000","70000","107960","107960","0","2903","1336","1176"
"942","ALIGN_HOLD","42466","-198","-1087.646484375","0","0","-2000000","70000","107961","107961","0","2903","1336","1086"
"943","ALIGN_HOLD","42464","-200","-1098.6328125","-2","-2000","-2000000","70000","107962","107962","0","2903","1336","996"
"944","ALIGN_HOLD","42465","-199","-1093.1396484375","1","1000","3000000","70000","107963","107963","0","2903","1336","906"
"945","ALIGN_HOLD","42465","-199","-1093.1396484375","0","0","-1000000","70000","107964","107964","0","2903","1336","816"
"946","ALIGN_HOLD","42465","-199","-1093.1396484375","0","0","0","70000","107965","107965","0","2903","1336","726"
"947","ALIGN_HOLD","42463","-201","-1104.1259765625","-2","-2000","-2000000","70000","107966","107966","0","2903","1336","636"
"948","ALIGN_HOLD","42466","-198","-1087.646484375","3","3000","5000000","70000","107967","107967","0","2903","1336","546"
"949","ALIGN_HOLD","42467","-197","-1082.1533203125","1","1000","-2000000","70000","107968","107968","0","2903","1336","456"
"950","ALIGN_HOLD","42462","-202","-1109.619140625","-5","-5000","-6000000","70000","107969","107969","0","2903","1336","366"
"951","ALIGN_HOLD","42468","-196","-1076.66015625","6","6000","11000000","70000","107970","107970","0","2903","1336","276"
"952","ALIGN_HOLD","42468","-196","-1076.66015625","0","0","-6000000","70000","107971","107971","0","2903","1336","186"
"953","ALIGN_HOLD","42465","-199","-1093.1396484375","-3","-3000","-3000000","70000","107972","107972","0","2903","1336","96"
"954","ALIGN_HOLD","42463","-201","-1104.1259765625","-2","-2000","1000000","70000","107973","107973","0","2903","1336","6"
"955","ALIGN_HOLD","42465","-199","-1093.1396484375","2","2000","4000000","70000","107974","107974","0","2903","1336","2071"
"956","ALIGN_HOLD","42460","-204","-1120.60546875","-5","-5000","-7000000","70000","107975","107975","0","2903","1336","1981"
"957","ALIGN_HOLD","42464","-200","-1098.6328125","4","4000","9000000","70000","107976","107976","0","2903","1336","1891"
"958","ALIGN_HOLD","42464","-200","-1098.6328125","0","0","-4000000","70000","107977","107977","0","2903","1336","1801"
"959","ALIGN_HOLD","42467","-197","-1082.1533203125","3","3000","3000000","70000","107978","107978","0","2903","1336","1711"
"960","ALIGN_HOLD","42467","-197","-1082.1533203125","0","0","-3000000","70000","107979","107979","0","2903","1336","1621"
"961","ALIGN_HOLD","42465","-199","-1093.1396484375","-2","-2000","-2000000","70000","107980","107980","0","2903","1336","1531"
"962","ALIGN_HOLD","42464","-200","-1098.6328125","-1","-1000","1000000","70000","107981","107981","0","2903","1336","1441"
"963","ALIGN_HOLD","42465","-199","-1093.1396484375","1","1000","2000000","70000","107982","107982","0","2903","1336","1351"
"964","ALIGN_HOLD","42466","-198","-1087.646484375","1","1000","0","70000","107983","107983","0","2903","1336","1261"
"965","ALIGN_HOLD","42465","-199","-1093.1396484375","-1","-1000","-2000000","70000","107984","107984","0","2903","1336","1171"
"966","ALIGN_HOLD","42461","-203","-1115.1123046875","-4","-4000","-3000000","70000","107985","107985","0","2903","1336","1081"
"967","ALIGN_HOLD","42464","-200","-1098.6328125","3","3000","7000000","70000","107986","107986","0","2903","1336","991"
"968","ALIGN_HOLD","42462","-202","-1109.619140625","-2","-2000","-5000000","70000","107987","107987","0","2903","1336","901"
"969","ALIGN_HOLD","42462","-202","-1109.619140625","0","0","2000000","70000","107988","107988","0","2903","1336","811"
"970","ALIGN_HOLD","42465","-199","-1093.1396484375","3","3000","3000000","70000","107989","107989","0","2903","1336","721"
"971","ALIGN_HOLD","42462","-202","-1109.619140625","-3","-3000","-6000000","70000","107990","107990","0","2903","1336","631"
"972","ALIGN_HOLD","42463","-201","-1104.1259765625","1","1000","4000000","70000","107991","107991","0","2903","1336","541"
"973","ALIGN_HOLD","42461","-203","-1115.1123046875","-2","-2000","-3000000","70000","107992","107992","0","2903","1336","451"
"974","ALIGN_HOLD","42466","-198","-1087.646484375","5","5000","7000000","70000","107993","107993","0","2903","1336","361"
"975","ALIGN_HOLD","42465","-199","-1093.1396484375","-1","-1000","-6000000","70000","107994","107994","0","2903","1336","271"
"976","ALIGN_HOLD","42464","-200","-1098.6328125","-1","-1000","0","70000","107995","107995","0","2903","1336","181"
"977","ALIGN_HOLD","42466","-198","-1087.646484375","2","2000","3000000","70000","107996","107996","0","2903","1336","91"
"978","ALIGN_HOLD","42464","-200","-1098.6328125","-2","-2000","-4000000","70000","107997","107997","0","2903","1336","1"
"979","ALIGN_HOLD","42462","-202","-1109.619140625","-2","-2000","0","70000","107998","107998","0","2903","1336","2066"
"980","ALIGN_HOLD","42464","-200","-1098.6328125","2","2000","4000000","70000","107999","107999","0","2903","1336","1976"
"981","ALIGN_HOLD","42465","-199","-1093.1396484375","1","1000","-1000000","70000","108000","108000","0","2903","1336","1886"
"982","ALIGN_HOLD","42463","-201","-1104.1259765625","-2","-2000","-3000000","70000","108001","108001","0","2903","1336","1796"
"983","ALIGN_HOLD","42467","-197","-1082.1533203125","4","4000","6000000","70000","108002","108002","0","2903","1336","1706"
"984","ALIGN_HOLD","42464","-200","-1098.6328125","-3","-3000","-7000000","70000","108003","108003","0","2903","1336","1616"
"985","ALIGN_HOLD","42465","-199","-1093.1396484375","1","1000","4000000","70000","108004","108004","0","2903","1336","1526"
"986","ALIGN_HOLD","42463","-201","-1104.1259765625","-2","-2000","-3000000","70000","108005","108005","0","2903","1336","1436"
"987","ALIGN_HOLD","42462","-202","-1109.619140625","-1","-1000","1000000","70000","108006","108006","0","2903","1336","1346"
"988","ALIGN_HOLD","42464","-200","-1098.6328125","2","2000","3000000","70000","108007","108007","0","2903","1336","1256"
"989","ALIGN_HOLD","42462","-202","-1109.619140625","-2","-2000","-4000000","70000","108008","108008","0","2903","1336","1166"
"990","ALIGN_HOLD","42463","-201","-1104.1259765625","1","1000","3000000","70000","108009","108009","0","2903","1336","1076"
"991","ALIGN_HOLD","42463","-201","-1104.1259765625","0","0","-1000000","70000","108010","108010","0","2903","1336","986"
"992","ALIGN_HOLD","42468","-196","-1076.66015625","5","5000","5000000","70000","108011","108011","0","2903","1336","896"
"993","ALIGN_HOLD","42462","-202","-1109.619140625","-6","-6000","-11000000","70000","108012","108012","0","2903","1336","806"
"994","ALIGN_HOLD","42462","-202","-1109.619140625","0","0","6000000","70000","108013","108013","0","2903","1336","716"
"995","ALIGN_HOLD","42462","-202","-1109.619140625","0","0","0","70000","108014","108014","0","2903","1336","626"
"996","ALIGN_HOLD","42462","-202","-1109.619140625","0","0","0","70000","108015","108015","0","2903","1336","536"
"997","ALIGN_HOLD","42465","-199","-1093.1396484375","3","3000","3000000","70000","108016","108016","0","2903","1336","446"
"998","ALIGN_HOLD","42462","-202","-1109.619140625","-3","-3000","-6000000","70000","108017","108017","0","2903","1336","356"
"999","ALIGN_HOLD","42464","-200","-1098.6328125","2","2000","5000000","70000","108018","108018","0","2903","1336","266"
"1000","ALIGN_HOLD","42463","-201","-1104.1259765625","-1","-1000","-3000000","70000","108019","108019","0","2903","1336","242"
