Group,Order,PeriodMechanicalDeg,AmplitudeMeanDeg,AmplitudeSDDeg,EnergyRatioMean,PhaseCircularMeanDeg,PhaseCoherence
ALL,1,360.0,0.2503033563347452,0.04427251726372515,0.06037596914579837,-30.184330625268515,0.9636343641340754
ALL,2,180.0,0.1853659514510065,0.06404140544392396,0.03468654728582937,16.4162495716776,0.5676623590575037
ALL,3,120.0,0.03638136511020601,0.025475072710853523,0.0018695882048377136,-3.7934715221258255,0.7020860497711129
ALL,4,90.0,0.04574399699232452,0.020821380977287845,0.0024122097030560836,-7.256244957317608,0.300633475182734
ALL,5,72.0,0.03201832558316783,0.012010753965456629,0.0010717820946548376,4.8582200975045495,0.14122872111915397
ALL,6,60.0,0.031125037516507942,0.018646199419594695,0.0012347956571674252,-4.8891080441635655,0.3706518190423114
ALL,7,51.42857142857143,0.03376832004672887,0.019921052903272014,0.0014343821275591246,6.73413318688993,0.6768871232708766
ALL,8,45.0,0.028238504605721537,0.013052785003145261,0.0009074280623813522,-110.90685094297957,0.16390655927217326
ALL,9,40.0,0.21637869367782298,0.1311993925883409,0.0561397947020061,-171.83200767390943,0.12860212764993287
ALL,10,36.0,0.03243467306922347,0.005112549137704808,0.0010024944683022416,-132.46164012406228,0.19915123194515272
ALL,11,32.72727272727273,0.043508629145777064,0.00914079479140668,0.0018682057048152502,-95.71617536431687,0.25848466924456964
ALL,12,30.0,0.04965077470340792,0.032399694122611886,0.0035588606772116818,-77.25723645612149,0.5844527707774556
ALL,13,27.692307692307693,0.03346632667482591,0.010914078466520953,0.001167749497941628,-22.179551221475304,0.24478679230040337
ALL,14,25.714285714285715,0.027308188880662564,0.012256485180178411,0.0008401539441721251,21.237040759008874,0.28731700510314695
ALL,15,24.0,0.019396749844402518,0.006079345264615315,0.0003765412930345349,66.730117842072,0.40035919425259336
ALL,16,22.5,0.019311022999682834,0.008852877272970978,0.00040808082270735885,81.00217964707387,0.5624714298189488
ALL,17,21.176470588235293,0.019296917038627702,0.007082214192915096,0.0003971515369357775,67.55176495991232,0.542189667617208
ALL,18,20.0,0.2040040804661556,0.15504262208068167,0.06079757475064125,73.11561062062289,0.4440353545919486
ALL,19,18.94736842105263,0.016356247436897883,0.006884955435977509,0.0002957751465580658,63.02296109584242,0.48020625547130513
ALL,20,18.0,0.01174152465973574,0.003928088866968881,0.00014312234184684158,109.45143228748027,0.4535666382708425
ALL,21,17.142857142857142,0.011033997308263887,0.004792241149231253,0.00013616910949369542,95.15758352042126,0.3328462030892502
ALL,22,16.363636363636363,0.013907813721039122,0.0061191041789459225,0.00021096156616704815,106.49677750242653,0.7287836662699182
ALL,23,15.652173913043478,0.009420865932299774,0.004526874823826806,9.965300788390161e-05,110.33376810373736,0.3738410743517027
ALL,24,15.0,0.016419313777115033,0.007875313041933552,0.0003305145648039276,166.44328885707438,0.3004894267459166
ALL,25,14.4,0.00675173211246548,0.0031999855303868423,5.277262182476753e-05,28.26586488014611,0.7563429363759872
ALL,26,13.846153846153847,0.007379691977737471,0.0028872792551880903,5.921886130281425e-05,98.18269976367942,0.3819181326480238
ALL,27,13.333333333333334,0.051131888119532135,0.03716846585394885,0.0034481962346888523,70.45060761507942,0.5559848028308837
ALL,28,12.857142857142858,0.007802484109557031,0.0022155802765406333,5.973124451940444e-05,42.982038180428574,0.6025487504145653
ALL,29,12.413793103448276,0.007959705963158353,0.0038141619914341,7.120776405875666e-05,109.82788369778147,0.8242246078163894
ALL,30,12.0,0.007900504856268094,0.003172231606515351,6.806910923382369e-05,116.6921461630321,0.6991713765935574
ALL,31,11.612903225806452,0.006757952189717892,0.002818433487429419,5.009166647537533e-05,81.65455794893866,0.4319945708923109
ALL,32,11.25,0.004789691658902291,0.0030859417921977553,2.952400596037998e-05,121.500169936558,0.354803068011113
ALL,33,10.909090909090908,0.0047205159373657855,0.0023400925574397313,2.570475975767431e-05,115.95842414144992,0.3321165097576096
ALL,34,10.588235294117647,0.007016646994912159,0.004557671159411333,6.126939788253211e-05,53.33458032147932,0.09210879734100684
ALL,35,10.285714285714286,0.007240714580746266,0.004098617846569241,6.371749546850295e-05,12.407478154289182,0.5069055927620292
ALL,36,10.0,0.8640984203369404,0.033552110016403854,0.6989389534462335,96.97770459290125,0.9995317393270914
ALL,37,9.72972972972973,0.005502525698743826,0.002248390026146618,3.2391543208475395e-05,107.48011894978862,0.8261958271760699
ALL,38,9.473684210526315,0.005881846019355047,0.003006225556527036,4.051568752566508e-05,63.49183403481684,0.3314571551630867
ALL,39,9.23076923076923,0.005626826387889856,0.002201223627280728,3.367897205111717e-05,72.8340164548456,0.8570232919585938
ALL,40,9.0,0.004951027980400024,0.002340675750021548,2.7828422698003822e-05,63.843544985899364,0.6853476565517725
ALL,41,8.78048780487805,0.0035206885877985526,0.0012345296325367628,1.2830601161063884e-05,90.66889017386929,0.6190558510152208
ALL,42,8.571428571428571,0.005755210034789,0.003645326669204396,4.323496584533068e-05,116.50263678378383,0.7572678817514321
ALL,43,8.372093023255815,0.006386138730032212,0.003629518661446149,5.0180427646099126e-05,77.0790012706176,0.7908560615705356
ALL,44,8.181818181818182,0.006986068474127452,0.004584348197632686,6.374130649027894e-05,79.08163474238722,0.6645594806253154
ALL,45,8.0,0.06241340248159695,0.033734759568331725,0.00441331870854781,28.84085460578633,0.11417509310226578
ALL,46,7.826086956521739,0.009765131697968136,0.003749761252537602,9.980374564581696e-05,76.02627522330307,0.6443018723049506
ALL,47,7.659574468085107,0.010911162551733886,0.0052336036400447,0.0001341319809501076,95.66787747166383,0.5750792640192447
ALL,48,7.5,0.018458580767157062,0.011528478884156229,0.0004711241764760269,98.45702755254409,0.7974792041649493
ALL,49,7.346938775510204,0.011253849136794076,0.003398563931847582,0.00013047637312614237,130.9679104301196,0.6143014388604247
ALL,50,7.2,0.00875567792609259,0.002611820738539938,7.820191875242689e-05,141.84082248321073,0.5554118477402596
ALL,51,7.0588235294117645,0.007526052481729234,0.002092962133433585,5.713946960049526e-05,151.1708335881818,0.4550601774528283
ALL,52,6.923076923076923,0.005410521112496305,0.001800398095238823,2.980795435051708e-05,148.33775561391073,0.4894800572063223
ALL,53,6.7924528301886795,0.0050039665160573395,0.0018824809880988523,2.752457500853014e-05,171.75588013620884,0.5184077648375333
ALL,54,6.666666666666667,0.09395700589065663,0.057983150563987194,0.011305486822798586,-144.64057594705858,0.6231883726517742
ALL,55,6.545454545454546,0.004362084903951,0.0019244201376601346,2.182777791831597e-05,153.26443408763419,0.3589969963073534
ALL,56,6.428571428571429,0.00609402816856902,0.002430797527312421,4.121552620754248e-05,153.06455924239347,0.46720396054222507
ALL,57,6.315789473684211,0.004880017286982075,0.0018918886020866273,2.6570061610268053e-05,117.35802414472417,0.36629429636542593
ALL,58,6.206896551724138,0.004361264312374843,0.0022794764430671185,2.314888563993052e-05,29.173672592681616,0.22465139322583674
ALL,59,6.101694915254237,0.0041611246312483205,0.0025736111708829523,2.3076715772576884e-05,90.28602213229031,0.5847516935646568
ALL,60,6.0,0.007512542330536531,0.004841526999778964,8.101985324037434e-05,80.51768623799941,0.6775188128458721
ALL,61,5.901639344262295,0.005500069431035534,0.0017359742408422055,3.17132787187299e-05,125.4864830934967,0.802915104370316
ALL,62,5.806451612903226,0.004050064797414835,0.002363658843574792,2.192605997562171e-05,156.32198036910586,0.508622564154768
ALL,63,5.714285714285714,0.0287056543769993,0.019278378015962445,0.001031538722834027,-103.35963085286693,0.4809083102882394
ALL,64,5.625,0.004143897498728387,0.001455722134500289,1.790192468948805e-05,179.24603016783956,0.7119397154647444
ALL,65,5.538461538461538,0.003379182385129565,0.0017917004447523808,1.4469130011026575e-05,179.77871084593107,0.19267571261189198
ALL,66,5.454545454545454,0.0060569100564572195,0.004515549744829256,5.292010142280022e-05,0.9806123248866453,0.3883420890482178
ALL,67,5.373134328358209,0.0031539843182155332,0.0016957444165536985,1.2216167578400544e-05,-116.85007698370154,0.1270747977012154
ALL,68,5.294117647058823,0.003541241935373135,0.0016625043614545676,1.4348166504652213e-05,110.36748718494668,0.5364625293532997
ALL,69,5.217391304347826,0.0026793496669854627,0.0012830659745489495,8.260623496525885e-06,85.4171544487918,0.47205707622101356
ALL,70,5.142857142857143,0.0038516340925013126,0.0017573605716807842,1.660541270375263e-05,84.15158402364223,0.3149751066174283
ALL,71,5.070422535211268,0.004632886284913425,0.0022413375910371905,2.5186999981760946e-05,120.85068632072658,0.7053246709386793
ALL,72,5.0,0.17260607258955057,0.019375584415757627,0.028303603031798914,-74.6116279243525,0.9956798644363435
ALL,73,4.931506849315069,0.0034891432402122473,0.002263518040013461,1.6298481490280977e-05,118.85256163712073,0.636329305093395
ALL,74,4.864864864864865,0.004180812927549455,0.0020030489420088953,2.090377578139059e-05,111.4008742057858,0.6564971706903068
ALL,75,4.8,0.003702228907072884,0.0019603463831251527,1.6276437699250187e-05,134.35657243343636,0.7296977220232832
ALL,76,4.7368421052631575,0.004179553158959234,0.0017094146853796083,1.9303414399921775e-05,154.0431739275344,0.6925067107277096
ALL,77,4.675324675324675,0.004160464718723796,0.0016646933687423202,1.9206230867477878e-05,160.90691812285556,0.6605036583019973
ALL,78,4.615384615384615,0.004559977457642352,0.002487422982928222,2.541976168314722e-05,163.13098236297682,0.22368021343912134
ALL,79,4.556962025316456,0.003629062478886191,0.001289424305214654,1.379513242920466e-05,-178.84190985691362,0.6140441112568864
ALL,80,4.5,0.003874104790436564,0.0020650560484376684,1.833421614097685e-05,176.92865326173188,0.487726254815091
ALL,81,4.444444444444445,0.029893514478432824,0.015611739032927308,0.0010057538418205172,-178.23093923719648,0.11916141146560633
ALL,82,4.390243902439025,0.004400310694467254,0.0016733843511874081,2.1445053507727507e-05,-125.43073649133305,0.3515475478000666
ALL,83,4.337349397590361,0.005056681984643525,0.0019394569718191462,2.849740836108196e-05,-110.52505955063444,0.3077604522957226
ALL,84,4.285714285714286,0.006368615335600745,0.004627710588051327,6.398526264910184e-05,-85.75546906005052,0.4870378374093655
ALL,85,4.235294117647059,0.003915094454265468,0.0018594300637319503,1.8206730482957693e-05,12.214404116124674,0.13245845862352823
ALL,86,4.186046511627907,0.0036156140329736456,0.0017217057943313913,1.5221944271267654e-05,103.21341923515574,0.3401683255052818
ALL,87,4.137931034482759,0.00296560523951557,0.0015540674595116487,1.055102801451663e-05,82.56768004705016,0.28467708370956024
ALL,88,4.090909090909091,0.0028684373720605635,0.001310405204660241,9.158682644553162e-06,133.2371056059969,0.2989124970380373
ALL,89,4.044943820224719,0.0029695972281133494,0.0015073007560902176,1.0828220027413798e-05,119.6874846065282,0.3669595634317816
ALL,90,4.0,0.044420973315502085,0.03245123501073614,0.0028169712317794855,119.75014336221662,0.5036893415269575
ALL,91,3.956043956043956,0.0028998336060708217,0.001786920436030425,1.0821158208949597e-05,141.02591932157512,0.311257089071927
ALL,92,3.9130434782608696,0.003348487875905308,0.002147586328129848,1.4173352732871088e-05,122.36645724419317,0.30603797066783645
ALL,93,3.870967741935484,0.0026457209146696996,0.0014941014482912278,9.072927550593022e-06,163.9238161392645,0.41191943326988734
ALL,94,3.8297872340425534,0.0036319356834028727,0.0019617039160163535,1.5356491890715266e-05,154.45803891477516,0.6301333093565742
ALL,95,3.789473684210526,0.003933718604891708,0.0018170564317988851,1.7343533967758606e-05,145.70921794194504,0.45252209799630305
ALL,96,3.75,0.004395428466889341,0.0021729850675706822,2.3891418445701936e-05,175.10914033587315,0.5484936367113407
ALL,97,3.711340206185567,0.0023570100599375264,0.001503208651716645,7.313952224662666e-06,-166.7000428706266,0.36533755211174423
ALL,98,3.673469387755102,0.0025022333915527425,0.0014665931006053298,7.802144862895431e-06,131.33627850240043,0.35733711270682217
ALL,99,3.6363636363636362,0.017361008514680518,0.010328538941414488,0.000355207344726728,106.37215361257748,0.547352165273735
ALL,100,3.6,0.0027670254168977925,0.0013327386454791972,8.897630541096625e-06,116.68494644116724,0.3899480296285624
ALL,101,3.5643564356435644,0.0036343672022942745,0.002340660417435111,1.746691936417922e-05,138.67479181209157,0.6020663610217503
ALL,102,3.5294117647058822,0.006148353046187197,0.0037285816576198326,4.777554839433794e-05,162.08431438195353,0.7235949754828355
ALL,103,3.495145631067961,0.003876083903694248,0.001902865570431036,1.709455135743391e-05,146.38878934701444,0.6714643647690345
ALL,104,3.4615384615384617,0.0033652987057448645,0.0017695636406781976,1.3850679512529776e-05,168.46646825630995,0.5364487157554597
ALL,105,3.4285714285714284,0.003639338046452298,0.0020120494875929106,1.6453797312089073e-05,-173.03648833177172,0.7057421231546694
ALL,106,3.3962264150943398,0.003408918722654408,0.0020508428339938134,1.493111971748005e-05,177.9539430676151,0.5977474977130626
ALL,107,3.364485981308411,0.0036035171231354906,0.0016666710697538676,1.496879023523048e-05,-143.13287480420286,0.41818416012463666
ALL,108,3.3333333333333335,0.10547600094829102,0.016717901788609647,0.010781785661818387,102.869416837156,0.9962291097775917
ALL,109,3.302752293577982,0.002760728166326077,0.0013113753294923202,8.831526495146307e-06,-176.67879784457276,0.18033732819407963
ALL,110,3.272727272727273,0.002892256758348932,0.0015332473806674994,1.0284475060576843e-05,-140.7620761228962,0.18693406171640298
ALL,111,3.2432432432432434,0.0024799497189934108,0.0014902182361109923,7.885210326486164e-06,118.24583117766409,0.28042212722386045
ALL,112,3.2142857142857144,0.002868672103776374,0.0018945779293258731,1.0950157517931226e-05,80.68089175840136,0.18391492755214828
ALL,113,3.185840707964602,0.00234747509918059,0.0014260561819584708,7.242828602733937e-06,50.038243690017296,0.13962856651094643
ALL,114,3.1578947368421053,0.002938393806849343,0.001723833611769927,1.0841101048701677e-05,135.32495457536214,0.44716086821438833
ALL,115,3.130434782608696,0.0028282207011049274,0.001404862962263704,9.279729666417467e-06,101.29658632780583,0.5516070003328025
ALL,116,3.103448275862069,0.002347989190854106,0.0019012690493951819,8.541625202226944e-06,130.05767549305796,0.457982044300922
ALL,117,3.076923076923077,0.01488234684665379,0.009830245110145403,0.0002788384091374994,134.354949428754,0.06582287657337157
ALL,118,3.0508474576271185,0.0031366596425019067,0.0013893689003346421,1.0985017846815952e-05,113.29984626313077,0.7134480653286145
ALL,119,3.0252100840336134,0.0029557351254057974,0.001404295667164401,1.0173045609058985e-05,117.59407127393816,0.5866446952625688
ALL,120,3.0,0.005348564610687735,0.0031922001661447907,3.9555194008321096e-05,124.22460384998064,0.7707817176842578
ALL,121,2.975206611570248,0.0036969374909998493,0.0015727726622711234,1.5277168963628065e-05,142.5690033020812,0.684670034245571
ALL,122,2.9508196721311477,0.0032035712961715293,0.001414652948193684,1.1549931647325217e-05,169.2360200334659,0.7093816609429188
ALL,123,2.926829268292683,0.0027688516096743493,0.0016451125435825017,9.955330354978525e-06,153.00400038963087,0.5442151602029706
ALL,124,2.903225806451613,0.003009922785652512,0.0015519542975140574,1.0780910338388281e-05,143.62131267146856,0.481055942627155
ALL,125,2.88,0.0035895822631720658,0.0015092900630352673,1.461931518713175e-05,158.57342113546335,0.7477435944498682
ALL,126,2.857142857142857,0.030405419819006706,0.014890191939355436,0.0010728782472173883,-132.04549534351537,0.6838604879271272
ALL,127,2.8346456692913384,0.0031364754232217386,0.0014310776405614448,1.1254976750080934e-05,170.8961513435424,0.5480129758491351
ALL,128,2.8125,0.002955829602327269,0.0015160833594578607,1.047145565523307e-05,175.98685632181414,0.6037819203763615
ALL,129,2.7906976744186047,0.0029795151745541405,0.0016209664227018461,1.0869078887624918e-05,154.59357059308448,0.6067858580688618
ALL,130,2.769230769230769,0.0030055591652953565,0.0015897163700098666,1.1028619746873234e-05,175.53201854157507,0.40480231649346976
ALL,131,2.7480916030534353,0.003238998609449221,0.0015068425392818694,1.217484523214646e-05,-175.55707419376915,0.5622800574245282
ALL,132,2.727272727272727,0.003054680295264193,0.002244542915245781,1.4567785066426733e-05,161.25552626012382,0.4780500735766618
ALL,133,2.706766917293233,0.003036753035110462,0.0017114000310029405,1.1618161161601045e-05,169.92364412633677,0.6932656303196237
ALL,134,2.6865671641791047,0.002928925566894663,0.00141269318567377,1.0105976471224634e-05,178.61690074326484,0.6292780961941327
ALL,135,2.6666666666666665,0.01115161250257895,0.005951693631873107,0.00014115783985706236,-82.96325594242639,0.47928298518772655
ALL,136,2.6470588235294117,0.0028611104347324346,0.0013585266805367232,9.532450338175238e-06,-163.82580583361187,0.6618050553945797
ALL,137,2.627737226277372,0.00244793777505499,0.0013867682850060873,7.602029815938836e-06,-137.7078655290012,0.4447704955536462
ALL,138,2.608695652173913,0.003457535716486118,0.0018493325675914805,1.452796057047547e-05,-115.51925756100003,0.18687362946274438
ALL,139,2.5899280575539567,0.002490426999726996,0.0013859988872313442,7.635773868124261e-06,-150.82912030536104,0.36699624460062835
ALL,140,2.5714285714285716,0.0023038245977777894,0.0013652557423982563,6.716193356401428e-06,-170.8078312487162,0.5280080327934337
ALL,141,2.5531914893617023,0.002230401176009981,0.001326830856606165,6.283325338298073e-06,127.83805250964174,0.1809633806636011
ALL,142,2.535211267605634,0.002219700199274818,0.0014720749235068678,6.674107942586717e-06,-174.1438609347187,0.2619738198108417
ALL,143,2.5174825174825175,0.0026979456306366915,0.0018498381819592763,1.044944322884508e-05,145.27835352821802,0.5073446180196985
ALL,144,2.5,0.01650444861386921,0.0061540459889511115,0.0003006123840510992,-53.4865454543555,0.8544754300773478
ALL,145,2.4827586206896552,0.0024479770356305576,0.0014543484584601278,7.829545880979539e-06,-160.5655304332279,0.5273129556987034
ALL,146,2.4657534246575343,0.003089785569419911,0.001813009815226689,1.2330389694045912e-05,178.57805772519882,0.5731144901564432
ALL,147,2.4489795918367347,0.002656234283936196,0.0014885993550899314,8.822502918952966e-06,-157.44257700706962,0.6267758291685305
ALL,148,2.4324324324324325,0.0029683948703546005,0.0014873761783961265,1.0410397241562698e-05,-155.67300846281742,0.6262657395393999
ALL,149,2.4161073825503356,0.002420755428083167,0.0013751970056548244,7.283381589814749e-06,-170.03956149005816,0.5375929107391124
ALL,150,2.4,0.002710092054857606,0.001264127295606593,8.47397127715899e-06,-152.5235743926575,0.49999955525884754
ALL,151,2.384105960264901,0.0029132923842094685,0.0017538581636209224,1.0825699245058769e-05,-132.9679664058991,0.676003187156703
ALL,152,2.3684210526315788,0.0024291980989938583,0.0018014215972631837,8.687075943506824e-06,-135.54677184630376,0.42348869100539777
ALL,153,2.3529411764705883,0.008211458395264448,0.005445318015876838,8.685690577087285e-05,-163.33380788064918,0.01631089626437909
ALL,154,2.3376623376623376,0.00242297986137104,0.0016543888767253914,8.264149921202044e-06,-112.98889189910889,0.5157275768876507
ALL,155,2.3225806451612905,0.00278476222078168,0.0016921283681320405,1.0037296488641971e-05,-138.66070847685032,0.3683157797337305
ALL,156,2.3076923076923075,0.003029142930086066,0.002150579763643948,1.372188594027227e-05,-119.74582781742774,0.28192725257931917
ALL,157,2.2929936305732483,0.002752144226581064,0.002154853535276788,1.1735915041796914e-05,-170.90405661247266,0.17341923644859691
ALL,158,2.278481012658228,0.002372121472230493,0.0017337826740511178,8.283445177829217e-06,-106.2780743914235,0.14513293105923789
ALL,159,2.2641509433962264,0.002476353833433735,0.0013597315877684824,7.5587582972163485e-06,-124.96814637191632,0.31596751638567694
ALL,160,2.25,0.002359799119871427,0.0014235660079204683,7.2038902239233264e-06,-148.416534788429,0.24184371730380969
ALL,161,2.2360248447204967,0.0026131040830624425,0.0013296953021269893,8.248979874848994e-06,-125.40191141259596,0.3325802866869119
ALL,162,2.2222222222222223,0.01560089279024043,0.009849424401731298,0.00031850735488222836,135.06609133340342,0.5513628824015431
ALL,163,2.208588957055215,0.002502939846428526,0.0012396419689633337,7.316280707986505e-06,-90.34051673287966,0.2832141772855815
ALL,164,2.1951219512195124,0.0024279516175555195,0.0016301646795821,7.9720897372698e-06,-116.92137484215317,0.1448277978447316
ALL,165,2.1818181818181817,0.0023562828089961525,0.0014368469292230038,7.385811768920317e-06,-126.0271220329669,0.5060456580231487
ALL,166,2.1686746987951806,0.002849322110885933,0.0016048236663659028,1.0107465087784432e-05,-173.2809284718093,0.31889498769523894
ALL,167,2.155688622754491,0.0025438209317229744,0.0017882225519136065,9.147220738770228e-06,-142.2825200398713,0.20689600893589066
ALL,168,2.142857142857143,0.0030166550780829195,0.0020024446216836216,1.3003014285222257e-05,-140.85104412040636,0.24761680609007827
ALL,169,2.1301775147928996,0.002534496841352706,0.001686232443004629,8.655825325509349e-06,-122.61927446327697,0.2102804461977013
ALL,170,2.1176470588235294,0.0023799767407510597,0.0012448881667142422,6.772483899693046e-06,-179.40364281522756,0.16194374968017658
ALL,171,2.1052631578947367,0.006665017690121826,0.003915902412572538,5.287995059757781e-05,153.00619458021276,0.2855359069453134
ALL,172,2.0930232558139537,0.0026831050862501744,0.001477817222592883,8.918283052089744e-06,145.34646940386526,0.13118567088782207
ALL,173,2.0809248554913293,0.002543226022468329,0.0017257393544937672,9.018725076003506e-06,175.52579022011946,0.21484124182267364
ALL,174,2.0689655172413794,0.0029989796347459742,0.0017393434558589716,1.1229754175649983e-05,121.42753408305128,0.23022573830847343
ALL,175,2.057142857142857,0.002502261972811158,0.0012408393050369504,7.325360559054338e-06,177.73015730900116,0.32108586892760643
ALL,176,2.0454545454545454,0.0024298216105030847,0.0014571589783192343,7.6271665594730865e-06,-178.3492658516319,0.32783888521487636
ALL,177,2.0338983050847457,0.002459609037059555,0.0015009816414683877,7.900978484170668e-06,168.77401876410178,0.288467687635124
ALL,178,2.0224719101123596,0.002903795738254418,0.0016251028967735643,1.0402374025315524e-05,144.911974429075,0.42249416445246274
ALL,179,2.011173184357542,0.0027960809863773325,0.0017252311353732129,1.0354348861094475e-05,-118.31851812333122,0.3431209255498335
P02_R1,1,360.0,0.2101831576032716,0.006393507296068172,0.03705174537592495,-46.50852715129587,0.9997875756156528
P02_R1,2,180.0,0.2527014876951618,0.002519315251781341,0.05352714252520816,-88.65150822346364,0.9998810125320859
P02_R1,3,120.0,0.0100997116094893,0.0029033463852504273,9.181055428624112e-05,-41.21080749960706,0.9281319594702575
P02_R1,4,90.0,0.03556682257144352,0.006490965339331044,0.0010921902790741605,55.46656682688329,0.9907029736923071
P02_R1,5,72.0,0.030115086156539923,0.0025686529802704107,0.0007651265155772819,-65.5646384735589,0.9960017654405017
P02_R1,6,60.0,0.015757367174783665,0.0030557578965287853,0.00021526148798123616,-124.43180199400187,0.9910952949391727
P02_R1,7,51.42857142857143,0.02122624945587672,0.0012790838440060923,0.00037876007631464407,-50.61079237563605,0.9947304731887552
P02_R1,8,45.0,0.014638813867751793,0.0012902585574459465,0.000180874067886912,-73.61058391667194,0.988959980301428
P02_R1,9,40.0,0.40753283486822756,0.0016104115123053951,0.13920566630036685,8.329174399199688,0.9999886623345974
P02_R1,10,36.0,0.029193386142739735,0.0014633006126178751,0.0007158281708185983,-63.85559354357987,0.9965331332268333
P02_R1,11,32.72727272727273,0.03605269302922247,0.0017316278848491834,0.0010919215711556734,-67.56926952314406,0.995467648693464
P02_R1,12,30.0,0.031249897800109883,0.0039681939957105705,0.0008302965263447438,-135.94595064419806,0.9986855525371808
P02_R1,13,27.692307692307693,0.029232860833653652,0.0012090912618358126,0.0007173824453676424,-10.141863185523293,0.9969714961283233
P02_R1,14,25.714285714285715,0.028140484542209,0.0013425621799824294,0.0006650033877431323,26.807926832288057,0.9978661941859875
P02_R1,15,24.0,0.023945642248126606,0.0013671043879439203,0.0004820187921326869,44.681587138179665,0.9960803385624457
P02_R1,16,22.5,0.028958054188372016,0.0018189130529184744,0.000705353061716728,46.52875213351816,0.9987893927021546
P02_R1,17,21.176470588235293,0.014716686549632702,0.0018251689503757612,0.00018395567928004464,76.36186792910017,0.9949345739706142
P02_R1,18,20.0,0.10036415094093902,0.0011285337909715597,0.008443935895244914,50.68745067612383,0.9998877608236046
P02_R1,19,18.94736842105263,0.010846183107271062,0.0009619259484998672,9.926657550116974e-05,41.04022812700891,0.9931609026352464
P02_R1,20,18.0,0.015635275417704275,0.0018235512937859997,0.00020742052043115603,56.760793824521095,0.9947672401906736
P02_R1,21,17.142857142857142,0.00843939863598288,0.0009673296365017446,6.0413392297586464e-05,55.38504573020475,0.9877184407271902
P02_R1,22,16.363636363636363,0.018696933107607946,0.0022255712684623855,0.0002967581183652929,112.25081150403959,0.9980255314557492
P02_R1,23,15.652173913043478,0.01273256962260046,0.0018901871206518845,0.0001386324872344629,131.8497187012075,0.9931215500813448
P02_R1,24,15.0,0.009996486804936472,0.0019520751730943695,8.660504474479634e-05,120.45346979513576,0.9866935522625672
P02_R1,25,14.4,0.00385584050252485,0.0012604428983370665,1.3658259768332736e-05,-4.266611558700589,0.7825520392116038
P02_R1,26,13.846153846153847,0.009996456297865212,0.0014143188092908356,8.524072317971241e-05,107.6354878498685,0.9903205489791483
P02_R1,27,13.333333333333334,0.10724814799781726,0.000992515668736415,0.00964157202370766,166.5398078796339,0.999867861567881
P02_R1,28,12.857142857142858,0.010063731239734072,0.0015335585346176754,8.665938468637677e-05,12.238686975538997,0.9925184907418315
P02_R1,29,12.413793103448276,0.0112534060462092,0.0015166877143469554,0.00010789281655452425,104.92488819484808,0.9914509825549171
P02_R1,30,12.0,0.007185712889256332,0.0017706272502915523,4.5604898295063164e-05,115.97165011427387,0.9936365154389194
P02_R1,31,11.612903225806452,0.00952150225135212,0.002184233983750404,7.959940573705284e-05,82.79939842170903,0.9952056576726296
P02_R1,32,11.25,0.0054069183223707466,0.002206738760325956,2.8171303108445575e-05,86.40524440822503,0.9300680958807523
P02_R1,33,10.909090909090908,0.005746226348116285,0.0017003485292823506,2.984690727006621e-05,104.64081014364177,0.9911949411012312
P02_R1,34,10.588235294117647,0.013194700526167672,0.0010866924969052537,0.00014681044738075425,98.87485222538004,0.9854345676678419
P02_R1,35,10.285714285714286,0.006614417451510393,0.0017579421409171312,3.901327596495995e-05,64.15732072154785,0.9743205132381009
P02_R1,36,10.0,0.9009667667985546,0.0014133355710120397,0.6803664682163453,96.1007669537474,0.9999920175469601
P02_R1,37,9.72972972972973,0.005338264758503521,0.0014856115990567473,2.5537036803051637e-05,105.53334482913026,0.9454452309908639
P02_R1,38,9.473684210526315,0.00700176653606846,0.0023831726941819383,4.5393869535417306e-05,137.9037789743691,0.973892411811365
P02_R1,39,9.23076923076923,0.005069940541337002,0.0017749139235556748,2.392527458257524e-05,68.1939267777599,0.9594842068358743
P02_R1,40,9.0,0.004979408653980803,0.0016808487796471888,2.293761959846389e-05,47.36078523259915,0.9227201676478869
P02_R1,41,8.78048780487805,0.00350125419309309,0.0009157398966246664,1.0900384216143737e-05,75.77788658222507,0.9618940482066889
P02_R1,42,8.571428571428571,0.003354749648855683,0.0010001344141548243,1.0186935147873294e-05,147.9627926578264,0.929044920797719
P02_R1,43,8.372093023255815,0.004566862193750828,0.001427183672857616,1.9013287080650812e-05,85.22672220477409,0.9559548361113819
P02_R1,44,8.181818181818182,0.007429308991152533,0.0014661892723670995,4.7891484468964504e-05,103.1419690323119,0.9715194105639537
P02_R1,45,8.0,0.11414786213881797,0.0018491587782790858,0.010923257801312935,-159.0102511550969,0.9999222462034616
P02_R1,46,7.826086956521739,0.01233570365829386,0.0011606455854302853,0.00012859528372619454,107.41205394000139,0.9938636727593365
P02_R1,47,7.659574468085107,0.013568711136201972,0.0006957226631486823,0.00015466435181228888,129.77932044749932,0.9888619551359217
P02_R1,48,7.5,0.010488506691400208,0.0020751423199266168,9.541603344929498e-05,41.97174639187826,0.9946700447756844
P02_R1,49,7.346938775510204,0.010509615724952754,0.0011022608779889859,9.346715409721347e-05,172.9264055136954,0.9970091196993681
P02_R1,50,7.2,0.00722705455428492,0.001047330508311256,4.4589809908651595e-05,176.25251226232757,0.9881957615135791
P02_R1,51,7.0588235294117645,0.008747119134621933,0.0014847239629502478,6.577160391140276e-05,-134.99484546541396,0.9920505040012896
P02_R1,52,6.923076923076923,0.0067090773218389105,0.001277075021197493,3.896773204175935e-05,-147.12784765832598,0.9833770820949903
P02_R1,53,6.7924528301886795,0.0034905571782973357,0.0012740078441502872,1.1449353131437024e-05,-149.41840539687843,0.9279190627235159
P02_R1,54,6.666666666666667,0.055297347894134596,0.001058551995040758,0.0025638926799154064,-150.4171443716082,0.9994988464820379
P02_R1,55,6.545454545454546,0.0031016248168168796,0.0014328632526581131,9.618096108334953e-06,-123.72265313707109,0.7719844518878899
P02_R1,56,6.428571428571429,0.005835188586504525,0.0013162214825627662,2.9856733878326883e-05,-138.88250129195282,0.9834809064515145
P02_R1,57,6.315789473684211,0.0037191579713332194,0.0010608911266235534,1.2450379719811673e-05,155.84654699672183,0.903377129395579
P02_R1,58,6.206896551724138,0.005775053583876583,0.001191163278954732,2.9020634837803416e-05,-17.565777849711914,0.9670721169650515
P02_R1,59,6.101694915254237,0.0024735055579019555,0.0014912045588179911,6.797261085281562e-06,41.10896849176609,0.524852117992001
P02_R1,60,6.0,0.0019459553130702662,0.0009866260031676578,3.909389838018171e-06,95.44377800510658,0.318022536378554
P02_R1,61,5.901639344262295,0.005145802288744414,0.0008878345212133289,2.2791593373620383e-05,93.51603923622656,0.9481472267891312
P02_R1,62,5.806451612903226,0.001512097903697366,0.0007177908241838325,2.304699172481895e-06,60.20197056122914,0.29748184983264225
P02_R1,63,5.714285714285714,0.05878621136857929,0.0013436167420035224,0.002897920522837276,-3.411654763295558,0.9995242110082463
P02_R1,64,5.625,0.004480269943476502,0.0012954963013249955,1.8095752031999156e-05,-176.65029583708724,0.9329021035523233
P02_R1,65,5.538461538461538,0.0015911332329122444,0.000835884330846209,2.6502617334801544e-06,118.7530176990107,0.05561507769563809
P02_R1,66,5.454545454545454,0.0024475206005729914,0.0013948126683658115,6.480252306498181e-06,-27.2907001363411,0.6118498749923822
P02_R1,67,5.373134328358209,0.003349599857200426,0.0017417684679033125,1.168347549103004e-05,-116.83176542501457,0.8778375741769042
P02_R1,68,5.294117647058823,0.002315006825746178,0.001144717261982967,5.481903925804659e-06,158.1984526976552,0.6613144197652213
P02_R1,69,5.217391304347826,0.002491207790031731,0.0007685423655274018,5.652809069846765e-06,21.100305082737933,0.7237567466832214
P02_R1,70,5.142857142857143,0.003948998781130238,0.0019858691802220356,1.607898933300781e-05,-51.86041944206172,0.8624827254549913
P02_R1,71,5.070422535211268,0.0024856958390440985,0.001071164739294331,6.0406252629974675e-06,159.20663453250305,0.414800312860117
P02_R1,72,5.0,0.1858874589200848,0.0018623326257252513,0.02896442201718909,-75.93322153344891,0.9999280440776988
P02_R1,73,4.931506849315069,0.0021931185091853757,0.0010523218896830626,4.868888158074756e-06,98.05726836142264,0.4063622337335748
P02_R1,74,4.864864864864865,0.0035421409614429613,0.0015215115365996934,1.2259376605862617e-05,41.39408663140055,0.8227657220605828
P02_R1,75,4.8,0.004189370876370347,0.0011721010980922804,1.5753013365154364e-05,122.44201601386683,0.9361355814823707
P02_R1,76,4.7368421052631575,0.0030144279824427704,0.0016932209484614449,9.771358958051915e-06,129.0686342790363,0.8840113954371355
P02_R1,77,4.675324675324675,0.003225006706729004,0.001264120990689906,9.923403958578286e-06,150.41364910172067,0.9043305105235139
P02_R1,78,4.615384615384615,0.0023376894162234546,0.0016038329758979947,6.509209545001986e-06,114.83901471450818,0.27372572002160755
P02_R1,79,4.556962025316456,0.003846372093806593,0.0011864767474422794,1.3464382136608064e-05,157.78450871755442,0.9406733207705043
P02_R1,80,4.5,0.0019346080040229501,0.0013469780617437089,4.513375702765961e-06,-148.0864854241189,0.1993613500268009
P02_R1,81,4.444444444444445,0.05214339796627675,0.0009684999182158913,0.0022796160539428033,37.08799812995941,0.9996731187268407
P02_R1,82,4.390243902439025,0.003639774697427445,0.0010341741724195928,1.1907384160760868e-05,-88.59656801104384,0.8943908504713012
P02_R1,83,4.337349397590361,0.0037376356210860546,0.0018402944809045652,1.4275459610575352e-05,-47.09710778741135,0.9005572577330322
P02_R1,84,4.285714285714286,0.005474662602575878,0.001314259518394418,2.6422303873461067e-05,-143.63159984661755,0.9482996473935887
P02_R1,85,4.235294117647059,0.0027974095206666277,0.000448649824226699,6.708409687534367e-06,2.3628909907607847,0.8448197056169208
P02_R1,86,4.186046511627907,0.004697961348058641,0.0014091071602201325,1.9991684598731625e-05,39.13457752752075,0.98507231865464
P02_R1,87,4.137931034482759,0.004088412419211112,0.0006967449575575753,1.438059871590462e-05,78.9591211695407,0.934800406066569
P02_R1,88,4.090909090909091,0.004173708816921083,0.0011168498066090255,1.553050445231246e-05,54.00330993866857,0.9306301146957777
P02_R1,89,4.044943820224719,0.0026535526908501627,0.0014630954998086474,7.517403471189556e-06,52.49294768822932,0.892262021851562
P02_R1,90,4.0,0.016095786767624926,0.0015530958107593056,0.00021890189679686528,105.79498983543726,0.9960802807060074
P02_R1,91,3.956043956043956,0.0038496623408733758,0.0009490755766249503,1.3091003860311705e-05,72.12639337864357,0.9222446021981089
P02_R1,92,3.9130434782608696,0.005252418737425113,0.0014185323430734671,2.4650511828265178e-05,88.05215378006882,0.9925573350841791
P02_R1,93,3.870967741935484,0.0017352010621699957,0.0010709851612154778,3.3994675137658508e-06,67.24063536391598,0.44265069638662996
P02_R1,94,3.8297872340425534,0.005450763590324185,0.0015537787421250513,2.6739433810838515e-05,139.9394771039823,0.9523305749919164
P02_R1,95,3.789473684210526,0.004869508759625454,0.0013319952430274119,2.1238716050752853e-05,144.97243034820698,0.97757391820391
P02_R1,96,3.75,0.003261871988617722,0.0011730155042126219,9.952419969457238e-06,115.9003352996666,0.8598460245131567
P02_R1,97,3.711340206185567,0.003275635449279271,0.0016907359397186853,1.1159182305208167e-05,-163.4552409821014,0.8315358855126963
P02_R1,98,3.673469387755102,0.0028686886119779517,0.0016834099992350316,9.023306869392854e-06,135.06574082758965,0.8383463758836038
P02_R1,99,3.6363636363636362,0.03323145677135284,0.0008050482943713302,0.0009260722468831297,178.9119303320599,0.9996565141481207
P02_R1,100,3.6,0.0018436080321463592,0.0008132521221054264,3.3537121873948673e-06,83.71125839565485,0.5007193507244888
P02_R1,101,3.5643564356435644,0.002150047330074707,0.001421671597613079,5.396662171069521e-06,139.0461189982655,0.738366389494738
P02_R1,102,3.5294117647058822,0.005675269379198539,0.0015827076326631086,2.8868299073763447e-05,160.45326244418712,0.9851217335452335
P02_R1,103,3.495145631067961,0.003859964186197442,0.0016293088704281882,1.4475748668696553e-05,148.16473912097365,0.8332057172368602
P02_R1,104,3.4615384615384617,0.001570122256634291,0.0010825691525215007,2.9485843806480146e-06,102.81664123515351,0.19356612385926367
P02_R1,105,3.4285714285714284,0.0017021619732460942,0.0010976083393635036,3.3340605211490293e-06,-171.97868249680278,0.8616723499794293
P02_R1,106,3.3962264150943398,0.003239310158159904,0.0009720234387331767,9.513624721025286e-06,134.00754341846505,0.9669909679294392
P02_R1,107,3.364485981308411,0.002297971463130355,0.0009259506538199878,5.0729352441305105e-06,166.2820626604199,0.803895948653968
P02_R1,108,3.3333333333333335,0.10811607150510076,0.0029950097092956793,0.00980412352491699,99.25958832772513,0.9998543336241945
P02_R1,109,3.302752293577982,0.0012593420483958018,0.0008969045365444308,1.934816971292439e-06,46.73084580733477,0.437843774167411
P02_R1,110,3.272727272727273,0.003006354942391551,0.0011676833935349766,8.6033104331315e-06,-158.52942579898775,0.9009898339391994
P02_R1,111,3.2432432432432434,0.0018780253788752374,0.0010101067070648385,3.7223343943874663e-06,161.7619242399284,0.08478003348059311
P02_R1,112,3.2142857142857144,0.0020927168247584006,0.001029172792982984,4.4649523215739976e-06,-51.40210244959193,0.2997045115430345
P02_R1,113,3.185840707964602,0.0019350092434164735,0.000597896784181946,3.40598482923458e-06,-68.13058737448682,0.2631697487618245
P02_R1,114,3.1578947368421053,0.002018036890318478,0.0010105014432155311,4.1825854557832995e-06,137.41417570682793,0.32165930877045007
P02_R1,115,3.130434782608696,0.0018171653095028655,0.001095134709154067,3.6716022231293206e-06,22.75485476800237,0.5793240353477239
P02_R1,116,3.103448275862069,0.001738390365139499,0.0013658501398871284,3.937628152238378e-06,149.80206399107493,0.3441913265917481
P02_R1,117,3.076923076923077,0.029556019350643236,0.0012553901948117393,0.0007333032168649776,-147.32061759129147,0.998418024599114
P02_R1,118,3.0508474576271185,0.0035961030090300994,0.0009455930438701194,1.1515278913440482e-05,108.58637653894047,0.9205647660570977
P02_R1,119,3.0252100840336134,0.003512773186586264,0.001062475547401405,1.1189163162694131e-05,109.82555877970613,0.8423790653083183
P02_R1,120,3.0,0.0034970778487401393,0.0013861575835611565,1.1709764719490969e-05,64.23194451899647,0.9283791159685895
P02_R1,121,2.975206611570248,0.00333376598142468,0.000990121405765223,1.0042562445520857e-05,161.9256729156172,0.927869914569585
P02_R1,122,2.9508196721311477,0.0027179878859742027,0.001287333271822023,7.432589690351643e-06,177.881986984277,0.8147129536344152
P02_R1,123,2.926829268292683,0.0015784269582999975,0.0007792736598887914,2.547057671465004e-06,-78.78835701981134,0.6025250309258484
P02_R1,124,2.903225806451613,0.0020965257606787506,0.0011438584146760836,4.664383383364931e-06,-126.93016199106732,0.7919350623759146
P02_R1,125,2.88,0.0022847951422949476,0.0006612193392919696,4.706069035450117e-06,-140.90622842038607,0.7821907843261295
P02_R1,126,2.857142857142857,0.016430902475715325,0.0011766419264838868,0.00022731347600427645,-134.14618903262817,0.993335695786408
P02_R1,127,2.8346456692913384,0.002279282382488726,0.0009059501440117441,4.971584902854955e-06,-138.537837903667,0.7372621907668652
P02_R1,128,2.8125,0.002229816971179955,0.001048839105535822,4.998482898509846e-06,-127.49138803937333,0.5295185791667331
P02_R1,129,2.7906976744186047,0.0029741515917187677,0.0009683069058423735,8.114887574813318e-06,113.05740509769858,0.9505657324454484
P02_R1,130,2.769230769230769,0.0019194111105586818,0.0008384046778608365,3.6211978168931423e-06,19.509496654419497,0.38913085590945395
P02_R1,131,2.7480916030534353,0.0014225281885946394,0.00045319677150947995,1.849554870490856e-06,-81.09189208915325,0.44713530283819236
P02_R1,132,2.727272727272727,0.0013941772411248017,0.0007173832733975177,2.01557006220671e-06,135.71098260817573,0.49172416243517175
P02_R1,133,2.706766917293233,0.0026415914346516562,0.0016497875156767819,7.925063839002714e-06,103.65645172088274,0.6173998627714371
P02_R1,134,2.6865671641791047,0.0014486768464799951,0.0007183010449933371,2.1491076355233158e-06,117.2931706262394,0.4120554403304329
P02_R1,135,2.6666666666666665,0.019558390409562098,0.0009708121179870064,0.0003212910514357156,0.5051090628820339,0.9982564495564618
P02_R1,136,2.6470588235294117,0.002578880713476109,0.0013675916773857732,6.982120437775514e-06,168.85846736695834,0.8612645475275585
P02_R1,137,2.627737226277372,0.0017846038087187097,0.0007722752533971651,3.118521385624123e-06,162.63294242111803,0.5402524729961884
P02_R1,138,2.608695652173913,0.0014175687006696487,0.001062714456025978,2.5338018526723736e-06,49.22645477991268,0.3184688135952372
P02_R1,139,2.5899280575539567,0.00202755391585011,0.001158328400777554,4.452496146090732e-06,-56.7283264662544,0.4482558991668542
P02_R1,140,2.5714285714285716,0.0024105599670652786,0.0009981713219197207,5.622279136133619e-06,176.20493023401247,0.7895533866801057
P02_R1,141,2.5531914893617023,0.0016667651585267785,0.0009248766500688393,2.974012851927052e-06,94.8836149855843,0.7296327989979958
P02_R1,142,2.535211267605634,0.0016898621784848082,0.0009164221753952326,3.0275316377926896e-06,33.23128714004168,0.08546945459813658
P02_R1,143,2.5174825174825175,0.001591002046195947,0.0009565228927748589,2.8099006840307176e-06,115.81792936074378,0.6953283454526461
P02_R1,144,2.5,0.013388552544420364,0.0010458132114621857,0.00015103421539689051,-79.5490496466431,0.9906580029237433
P02_R1,145,2.4827586206896552,0.001797508722538786,0.0009296928502730607,3.357969600212298e-06,148.82025141565578,0.8920396975538435
P02_R1,146,2.4657534246575343,0.0019276012637227918,0.0011099974982900522,4.0497164318725205e-06,115.01022299238473,0.5816332388113352
P02_R1,147,2.4489795918367347,0.001897508676198069,0.0011506565369193494,4.008891473631146e-06,-168.40033915903328,0.6718326375418451
P02_R1,148,2.4324324324324325,0.002440209923507166,0.0011646586254423729,6.006907792507588e-06,147.80561779495196,0.8980923269056507
P02_R1,149,2.4161073825503356,0.002364087861746822,0.0010677824095438253,5.541649254572825e-06,142.2209831607949,0.8120633242749369
P02_R1,150,2.4,0.0017873796464471163,0.0006492975700214242,2.993467672949351e-06,125.72000815734573,0.6697699407347655
P02_R1,151,2.384105960264901,0.0023849814558391633,0.0013232263589136799,6.09030687299423e-06,-167.4961911914341,0.6650470125529345
P02_R1,152,2.3684210526315788,0.0021207225426935084,0.0010402071858907468,4.582384368660737e-06,170.71806128069557,0.5858568004984577
P02_R1,153,2.3529411764705883,0.0150099377184344,0.0012324847842310545,0.0001899360846950604,45.04649144134934,0.9972866841491402
P02_R1,154,2.3376623376623376,0.00152050338385495,0.0007779751364869642,2.3949031905297014e-06,-85.94002976550561,0.3672976569387668
P02_R1,155,2.3225806451612905,0.0021229315989909855,0.000986995003714471,4.5152068421606445e-06,-56.14024256428446,0.17361194870311678
P02_R1,156,2.3076923076923075,0.0018212160414434408,0.0013845950123817846,4.229534563360791e-06,154.68914765919763,0.6119039759359732
P02_R1,157,2.2929936305732483,0.00164120651240246,0.0009451001685946775,2.925695890236673e-06,88.43359973927247,0.4460632477772343
P02_R1,158,2.278481012658228,0.0013299414933490342,0.0005019660661648978,1.6727453278084983e-06,48.65203595673046,0.5280201795671242
P02_R1,159,2.2641509433962264,0.002204577497648675,0.0009816087480557434,4.807318916883853e-06,146.92667295714088,0.7235693187991744
P02_R1,160,2.25,0.002038477292448483,0.0012947931026698692,4.751743568399272e-06,131.3464290477266,0.6349616849562774
P02_R1,161,2.2360248447204967,0.0027716626057776236,0.001473264515364441,8.067174650205713e-06,99.37538415602879,0.894301683810292
P02_R1,162,2.2222222222222223,0.006828262955894797,0.0016752773807739616,4.117530183661238e-05,136.42331926985557,0.989320520069246
P02_R1,163,2.208588957055215,0.0025120423876736266,0.0010421691125348238,6.102919150501886e-06,127.0556037268586,0.6931439979769628
P02_R1,164,2.1951219512195124,0.002265712460278531,0.001345434344939856,5.677973375246899e-06,152.87232010304044,0.7899878376317394
P02_R1,165,2.1818181818181817,0.0013167269959764854,0.0005886597795207829,1.7143019734208427e-06,-120.2172434401137,0.09011103227195315
P02_R1,166,2.1686746987951806,0.002527982629275438,0.0012762863524514194,6.585179059693937e-06,-176.9481045170417,0.9209895040076008
P02_R1,167,2.155688622754491,0.00282316160687521,0.0010339905253317423,7.476018757809666e-06,160.73183122763425,0.8545650604158613
P02_R1,168,2.142857142857143,0.0020196448365962178,0.000932760860346022,4.077396974265641e-06,157.69908914492575,0.7494142850653057
P02_R1,169,2.1301775147928996,0.0028948996768665388,0.0010977077653973953,7.934480532648516e-06,-170.28439642080852,0.760045733911182
P02_R1,170,2.1176470588235294,0.0023050689787626625,0.0009693417132282339,5.161717892820105e-06,-177.82797266535226,0.8694977476705918
P02_R1,171,2.1052631578947367,0.012044750900762555,0.0012074686714441249,0.00012268122733131683,160.06571535087994,0.9957196105858509
P02_R1,172,2.0930232558139537,0.0020903612905348637,0.0008793103055889176,4.245921121020888e-06,148.04901322456405,0.5550582597844498
P02_R1,173,2.0809248554913293,0.0014958074174828036,0.0009613984638127298,2.5704617204433314e-06,141.88901991664895,0.4044667096908045
P02_R1,174,2.0689655172413794,0.0018331010197588653,0.0010665471651045118,3.672620019667456e-06,123.55487719019068,0.6854697784758289
P02_R1,175,2.057142857142857,0.00233814101687582,0.0009985685964022794,5.3279581672244096e-06,174.90607531856486,0.8284520263803629
P02_R1,176,2.0454545454545454,0.0016567031106439335,0.0009790815800256383,3.0241794341989265e-06,153.4190973954588,0.7642615538605437
P02_R1,177,2.0338983050847457,0.0019154274836000508,0.0008703860387997106,3.6472862610265734e-06,151.35235567740187,0.7142299728072347
P02_R1,178,2.0224719101123596,0.002500325075215803,0.0009612832330324691,5.9419494680022515e-06,164.71896891602023,0.774594397164688
P02_R1,179,2.011173184357542,0.0017548588843431731,0.000572615135570587,2.827016547324504e-06,-164.6908664963939,0.7198057222366724
P02_R2,1,360.0,0.2077860072057557,0.009834576205440525,0.03618074813596055,-47.8800965446992,0.9955784070934242
P02_R2,2,180.0,0.250879209805575,0.00427679936957567,0.052662863713822304,-87.93780071258219,0.9986397680496146
P02_R2,3,120.0,0.011680148136516173,0.004843295325238463,0.00013216325213666973,-48.15684957269608,0.9118583337191161
P02_R2,4,90.0,0.034523506112572454,0.003059021407311089,0.0010044439262284867,64.99046694576374,0.9901591974690817
P02_R2,5,72.0,0.03278945325230993,0.0032993271696964365,0.0009082008446291425,-63.74239762430371,0.9911866658127484
P02_R2,6,60.0,0.019001094436307913,0.0056791307955138814,0.0003273795050471623,-131.01107594901603,0.987818847980777
P02_R2,7,51.42857142857143,0.021476624557290935,0.002608765348567335,0.00039116286337435207,-50.60645657891312,0.9844350321493632
P02_R2,8,45.0,0.01626099401351393,0.002793532855788596,0.00022739851168256515,-71.53307590876805,0.9917418246739534
P02_R2,9,40.0,0.40952529011370703,0.0014179369770653102,0.1403073290654127,8.35975596499245,0.9999858790467245
P02_R2,10,36.0,0.030221867200859797,0.0020430174180430033,0.000767454628896563,-62.14733568732182,0.9979251412879219
P02_R2,11,32.72727272727273,0.0363531342800036,0.0013852352173258928,0.001106859515428776,-64.89450898081452,0.9987726050317568
P02_R2,12,30.0,0.02628626787154429,0.0011430491927104111,0.0005789533682185511,-134.28822256911897,0.9990800612502335
P02_R2,13,27.692307692307693,0.029618181251933273,0.001933548940074012,0.0007368916695412542,-7.363968290708345,0.9990043585799053
P02_R2,14,25.714285714285715,0.02906412921268442,0.0012656339379287904,0.0007078023681692783,28.569237655863706,0.9987408310980307
P02_R2,15,24.0,0.02439924668440832,0.001439928995169871,0.0004997335589657166,45.579462236835504,0.9972879464217317
P02_R2,16,22.5,0.029311777924123573,0.0018556525359216145,0.0007210635142439299,46.46168917033415,0.9984298220867854
P02_R2,17,21.176470588235293,0.01420331710019224,0.0013941085408742504,0.0001701843350827913,77.9691336807865,0.9964677697440689
P02_R2,18,20.0,0.10120525041133592,0.0011156337713547296,0.008570077341141926,51.16576344694549,0.9998500184490919
P02_R2,19,18.94736842105263,0.011330350258197347,0.0010603069515243626,0.00010824346744521673,41.7144015018296,0.9951513055239939
P02_R2,20,18.0,0.014768280666889283,0.0012529929551996339,0.00018365859563943936,62.27294217921138,0.9929472795405299
P02_R2,21,17.142857142857142,0.00950898258755114,0.0013738529065176247,7.709847234540442e-05,56.114447978025595,0.9907349456228827
P02_R2,22,16.363636363636363,0.01923006408481753,0.0013207621345739794,0.0003108190053039981,111.32180940503105,0.997160747090635
P02_R2,23,15.652173913043478,0.014565484136740312,0.0018557217546616351,0.00018005299871966702,131.66548065387403,0.9964819493976137
P02_R2,24,15.0,0.01073637027128634,0.001543227571003867,9.823498043405444e-05,118.18402662012512,0.9934317017945276
P02_R2,25,14.4,0.003197121908320113,0.0013344887183473666,9.86681716266399e-06,-17.061919061066938,0.6537152416383086
P02_R2,26,13.846153846153847,0.00996401146148969,0.0020874262744871785,8.63975796210663e-05,111.21574545200629,0.9955143756755461
P02_R2,27,13.333333333333334,0.10847325826193857,0.0013758536207454113,0.009844768564339912,166.66346242821973,0.9999746639709601
P02_R2,28,12.857142857142858,0.009485416439935944,0.0013238572728037738,7.6627759690343e-05,11.48953815292291,0.9841257329593371
P02_R2,29,12.413793103448276,0.010646241108565437,0.0008131847200096156,9.533996513833168e-05,102.59166098679044,0.9887053016276175
P02_R2,30,12.0,0.0071421937302775405,0.001871118722840181,4.536193874141303e-05,117.43564308444776,0.954341002845309
P02_R2,31,11.612903225806452,0.009280795826066555,0.0008568145767040877,7.259926454919604e-05,91.64625207989545,0.9624210358570984
P02_R2,32,11.25,0.00733958099227474,0.0015597868699165787,4.690629070209104e-05,86.5560482020696,0.9930287573083234
P02_R2,33,10.909090909090908,0.005067548557925463,0.0012085413786084142,2.2579086220726636e-05,96.24225948670689,0.9574162238086582
P02_R2,34,10.588235294117647,0.013660653260769134,0.0016181883082954291,0.00015819500331177243,107.27741028215986,0.9867247382452035
P02_R2,35,10.285714285714286,0.00795812941703442,0.003594055341515264,6.298978111204366e-05,66.73146306697998,0.9519569227316811
P02_R2,36,10.0,0.9015897542172251,0.0019794761902248445,0.6800357785851456,96.04298673225466,0.9999860949218224
P02_R2,37,9.72972972972973,0.007262663163598559,0.003688719764589716,5.468626185972376e-05,107.77938962809509,0.9053183260267246
P02_R2,38,9.473684210526315,0.007322128208658374,0.0028199158278048695,5.104076963000535e-05,138.4497621465966,0.9361107587369252
P02_R2,39,9.23076923076923,0.006775506582193979,0.002912398240428175,4.491687948013744e-05,67.08560287479789,0.956877067064832
P02_R2,40,9.0,0.00452127545894985,0.0018995753555306144,1.9795205584405195e-05,31.474964294653137,0.8765797931236037
P02_R2,41,8.78048780487805,0.00414879491401777,0.0012610358641407578,1.562634563619929e-05,86.27731371528624,0.9010823675113885
P02_R2,42,8.571428571428571,0.004027310348112088,0.0018307971065995323,1.614145905557062e-05,114.6193368345936,0.8162877948346933
P02_R2,43,8.372093023255815,0.004826236537314939,0.0018052825966325772,2.1893702077515043e-05,84.55850648174811,0.8519737649234372
P02_R2,44,8.181818181818182,0.008284683776952602,0.001835712768495461,6.006458532839853e-05,114.09896507039714,0.9772015182407111
P02_R2,45,8.0,0.11502950962246332,0.0016877055767106348,0.011071469324809997,-159.17407928771016,0.9999453487989747
P02_R2,46,7.826086956521739,0.01294153677423005,0.0012654916914573702,0.00014140443792041556,112.88151371998342,0.9920628596857207
P02_R2,47,7.659574468085107,0.012543656607999411,0.002033077512053078,0.00013475328047131348,131.75620217327193,0.9930332262147985
P02_R2,48,7.5,0.008192599575194543,0.0016139850485717045,5.81296054682045e-05,45.36292071154472,0.9836103736441313
P02_R2,49,7.346938775510204,0.01094984298078051,0.0018552152705208441,0.00010289505086256624,173.89652817539195,0.9882502997840504
P02_R2,50,7.2,0.007123687794405015,0.001611158629804914,4.448602899331432e-05,-173.08292355429876,0.9456691055840357
P02_R2,51,7.0588235294117645,0.008407862461671009,0.0017696368341736336,6.150964738703585e-05,-143.29029331185316,0.9816142088105572
P02_R2,52,6.923076923076923,0.00632259409764308,0.0013496860847081052,3.479092836635295e-05,-152.09556212578084,0.9819651273152368
P02_R2,53,6.7924528301886795,0.004000720267932755,0.0014466332198661703,1.5000939802825462e-05,-145.508379488543,0.9121522777996548
P02_R2,54,6.666666666666667,0.05427349342241854,0.001315155846271793,0.002465822032959441,-149.4998839513658,0.9993810932027128
P02_R2,55,6.545454545454546,0.0037897730286663134,0.0016324282546554385,1.4046141645443117e-05,-146.3389743070235,0.9519244276781006
P02_R2,56,6.428571428571429,0.00578631953669388,0.0016563282567436095,3.0042618217265644e-05,-139.10905929976107,0.9545385126116761
P02_R2,57,6.315789473684211,0.0034823886526999305,0.0008829378066604594,1.0743308516133094e-05,164.82151899239543,0.8054613236294011
P02_R2,58,6.206896551724138,0.006505663150134004,0.001341897516806657,3.679610875803432e-05,-19.88699870081844,0.9824016455175077
P02_R2,59,6.101694915254237,0.002816111784627712,0.0012160176260354399,7.773412794084168e-06,-3.1021389516261912,0.70047056053302
P02_R2,60,6.0,0.0020053616339490506,0.0011744997133236177,4.401660293258812e-06,123.48184173037279,0.16411304467254823
P02_R2,61,5.901639344262295,0.004784841451481619,0.00201704812797465,2.2237415104114297e-05,90.00246882771653,0.9238538705546577
P02_R2,62,5.806451612903226,0.0014145482721232858,0.0007394515927198727,2.0920775031414935e-06,-88.92286627516701,0.09391934127290774
P02_R2,63,5.714285714285714,0.060187296946059524,0.002475231269641713,0.0030351816513007855,-4.084843463369687,0.9998063345197529
P02_R2,64,5.625,0.003954180244402177,0.0017694731386669593,1.5462377095132805e-05,-159.60482088000444,0.874587809855962
P02_R2,65,5.538461538461538,0.0021368709135590027,0.000993933539016772,4.57651204036258e-06,-139.4332134824232,0.6827164812605356
P02_R2,66,5.454545454545454,0.002648699445184525,0.0012047708843350726,6.966827532095975e-06,-30.056207665960947,0.2834741561539003
P02_R2,67,5.373134328358209,0.003761550220262232,0.002032953729675774,1.4947305961304031e-05,-82.44091158651949,0.6443977020643515
P02_R2,68,5.294117647058823,0.0023194435398753177,0.0011336070896894044,5.468315150394305e-06,150.0352130439543,0.8308505866752877
P02_R2,69,5.217391304347826,0.002178711428314211,0.0012391196769027681,5.134225566444046e-06,3.81817762523158,0.5924070507445299
P02_R2,70,5.142857142857143,0.003383588006172988,0.0011450798488379637,1.0593878963197236e-05,-50.30727647095393,0.7649839712378025
P02_R2,71,5.070422535211268,0.0033884613134180135,0.0026074577710690078,1.4831715407966761e-05,168.1758100400884,0.78622093180016
P02_R2,72,5.0,0.18546136498487537,0.002386996169861197,0.028778772577474226,-76.28946813609602,0.9999044038703128
P02_R2,73,4.931506849315069,0.0028108095611011252,0.0028027745939842637,1.260643466219712e-05,142.71539241705256,0.5596190822710075
P02_R2,74,4.864864864864865,0.003960612145138721,0.0017475903285772286,1.547458534362214e-05,25.729703675869363,0.8980032063201253
P02_R2,75,4.8,0.004302904887015422,0.0013880660684749515,1.694029387837909e-05,131.12856972971267,0.726795397635538
P02_R2,76,4.7368421052631575,0.004629761123520411,0.0012441244135135941,1.9087611447828413e-05,145.204050912306,0.9271080752934475
P02_R2,77,4.675324675324675,0.0022812861909794558,0.0010543941422096843,5.195405424556914e-06,136.19225537328103,0.6870421835648616
P02_R2,78,4.615384615384615,0.002029358642049088,0.0009736705245533763,4.165734959867762e-06,125.66337682783944,0.3516085441529192
P02_R2,79,4.556962025316456,0.0033740036466565182,0.0012134553243376668,1.0642247122655558e-05,162.44238215998448,0.7923675873996358
P02_R2,80,4.5,0.0017058836993608013,0.0005438811135047059,2.6579642491843762e-06,159.47086086437983,0.6536635048060907
P02_R2,81,4.444444444444445,0.051944356345315176,0.0022147040733707713,0.0022611370536798846,35.56846195051988,0.9994428774461732
P02_R2,82,4.390243902439025,0.004328290737780538,0.0017221967433802418,1.7919529488264932e-05,-95.96222919619379,0.9660799314958963
P02_R2,83,4.337349397590361,0.0042913942474438,0.0018607540655114078,1.800774444314877e-05,-32.22311389802884,0.716887788157149
P02_R2,84,4.285714285714286,0.004756215441072393,0.0009399130958148447,1.9583286052095702e-05,-135.1992864399122,0.9531784936769612
P02_R2,85,4.235294117647059,0.0039000368237300104,0.001233530338879645,1.3873461735556525e-05,-9.913761731869808,0.920243608768416
P02_R2,86,4.186046511627907,0.004086354913531596,0.00166275431571201,1.604968179991022e-05,42.053935562804305,0.94069424370481
P02_R2,87,4.137931034482759,0.0029193825578220337,0.0015143497481954235,8.859282124796457e-06,51.309725733203884,0.932741152906505
P02_R2,88,4.090909090909091,0.003698212328100746,0.0009827173574744404,1.215497180688309e-05,45.54603242435064,0.898753599765984
P02_R2,89,4.044943820224719,0.0021041610754135307,0.0008006417360942271,4.1956027031536554e-06,53.42633446239777,0.7612549965425186
P02_R2,90,4.0,0.016499057877952812,0.0019863323987551885,0.00023091863863723577,108.1354752589168,0.9937345088891127
P02_R2,91,3.956043956043956,0.004177684723665206,0.0018314633185529654,1.713232178577643e-05,73.63279618518102,0.9593308803835793
P02_R2,92,3.9130434782608696,0.006823135925472026,0.0014560838804353671,4.054051246488014e-05,96.51705671047682,0.9583886885776765
P02_R2,93,3.870967741935484,0.002235560877882754,0.0010026283466382443,4.945826787164311e-06,95.54775453084233,0.7481781666732714
P02_R2,94,3.8297872340425534,0.006065296345291315,0.001257941057599756,3.1958821552239997e-05,135.26756494149404,0.9469203056606247
P02_R2,95,3.789473684210526,0.005205566125177681,0.001593593635519909,2.45860042650331e-05,140.86392072026115,0.9374644537582951
P02_R2,96,3.75,0.0029019576451163845,0.0014431962257454478,8.617404947397596e-06,125.62751730100284,0.8089401773129086
P02_R2,97,3.711340206185567,0.0030021623859425245,0.0007924423035205574,8.022934609121606e-06,-179.49344276110946,0.530644159191813
P02_R2,98,3.673469387755102,0.0034664640995882103,0.0015092520570895134,1.1808194456778467e-05,143.8213457249929,0.9033106108507236
P02_R2,99,3.6363636363636362,0.03257531389180396,0.0007241906269087166,0.0008881625523357615,179.44060328361851,0.9984045306311523
P02_R2,100,3.6,0.00227332898949046,0.0011891391710791728,5.395686819452157e-06,120.82444229803293,0.6336166212872439
P02_R2,101,3.5643564356435644,0.0026923548266980703,0.0012517556886886857,7.228806925488739e-06,117.88010606832026,0.6046393073788042
P02_R2,102,3.5294117647058822,0.004704122419016317,0.0016997113968953853,2.067028000841128e-05,155.1988236549317,0.9703977343167065
P02_R2,103,3.495145631067961,0.003981628745160545,0.001191974879315748,1.4324126503635206e-05,160.9664308094654,0.9203034874150822
P02_R2,104,3.4615384615384617,0.0018931488841227428,0.0008620910772119844,3.5520844385517966e-06,-177.9550806574102,0.42344208979065134
P02_R2,105,3.4285714285714284,0.0021711006422165894,0.001264736660745914,5.147285453926808e-06,165.4229757438094,0.619395440112145
P02_R2,106,3.3962264150943398,0.002725337925556009,0.001488629170315582,7.880405248269392e-06,105.57055381007451,0.8332535718874953
P02_R2,107,3.364485981308411,0.002489574870888102,0.0011415696910279927,6.1608936909032805e-06,155.07538544435437,0.648146918808524
P02_R2,108,3.3333333333333335,0.11032204309987159,0.0017605672949968832,0.010183780154216802,99.06587086582974,0.9998550692839745
P02_R2,109,3.302752293577982,0.0024063826784899347,0.0016635015009555713,6.961370536978271e-06,57.25287328093028,0.25629296552831343
P02_R2,110,3.272727272727273,0.002912456603362364,0.0013708226751014626,8.54278486665226e-06,-162.48076250887632,0.8309526168301896
P02_R2,111,3.2432432432432434,0.002666681685990991,0.0010760219854539061,6.82404263749438e-06,149.9296752495788,0.2785296248290528
P02_R2,112,3.2142857142857144,0.0030405267120471677,0.0019600852899185205,1.0643627923482705e-05,-16.9114041430295,0.769019466653606
P02_R2,113,3.185840707964602,0.0016878133469830103,0.0012216877475554227,3.5017857833024728e-06,-131.1542570805599,0.5542437446551527
P02_R2,114,3.1578947368421053,0.0022498022415393727,0.0016951391698556452,6.4232176632446316e-06,-162.01705980954438,0.4888708748566347
P02_R2,115,3.130434782608696,0.0035460496104701275,0.0013457579331106625,1.1875510522258691e-05,23.11174539837015,0.6918249329638854
P02_R2,116,3.103448275862069,0.002291092673368011,0.0013409994304541702,5.757125948130883e-06,51.72677948034809,0.3188056018824423
P02_R2,117,3.076923076923077,0.02858920984544331,0.0013063240863860819,0.0006849667684338234,-147.72920851776718,0.9988337645029967
P02_R2,118,3.0508474576271185,0.003694098251377339,0.0014457041803111993,1.3008538585651736e-05,95.99446056658415,0.9114162570352681
P02_R2,119,3.0252100840336134,0.003059135502117479,0.0015070545457254285,9.523171430811458e-06,127.84618132366161,0.523387028858662
P02_R2,120,3.0,0.002461760705132757,0.0015602657769416424,6.905362507475377e-06,97.34791852646137,0.7992314626112476
P02_R2,121,2.975206611570248,0.0035523512998709428,0.0010552932717044067,1.1388594750604507e-05,178.2920926153869,0.9461690580131267
P02_R2,122,2.9508196721311477,0.003197921843568522,0.0012656435813562582,9.74653101233734e-06,-178.4795881452962,0.8311513138050092
P02_R2,123,2.926829268292683,0.0020285141027149177,0.0010063693276901342,4.2048664879698835e-06,-145.4106770916266,0.2531947447060231
P02_R2,124,2.903225806451613,0.002644872903999757,0.000987281798809845,6.572879493278478e-06,-160.98116757546845,0.6651006015614899
P02_R2,125,2.88,0.002886923852123524,0.0013305557802861534,8.30685065204869e-06,-158.84524466448818,0.8941580276616935
P02_R2,126,2.857142857142857,0.015453795262058445,0.002258275188428385,0.00020356581485561553,-132.85633548659928,0.9950785641804284
P02_R2,127,2.8346456692913384,0.0030746422071700466,0.0013736695349574775,9.360667980581034e-06,-98.22082743034093,0.7075859627118174
P02_R2,128,2.8125,0.0023662150467810552,0.0012571488786870645,5.877337070149631e-06,-88.96145766548551,0.6413594212639431
P02_R2,129,2.7906976744186047,0.0024190553602269284,0.001032920183575142,5.705176782166952e-06,120.11014149214995,0.7101613418468931
P02_R2,130,2.769230769230769,0.0025223923989208456,0.0009769590045993549,6.041401198782665e-06,-19.155122912034972,0.6399452446804339
P02_R2,131,2.7480916030534353,0.002052920545337928,0.0007637626061539728,3.963984742464802e-06,-99.94641334139928,0.47857090319102774
P02_R2,132,2.727272727272727,0.0020386168969681456,0.0007613930677728244,3.9121914209017405e-06,114.88948236246503,0.29517884752776236
P02_R2,133,2.706766917293233,0.002082692370410013,0.0014070844292959734,5.124850718100744e-06,132.10190951317196,0.7760081252387049
P02_R2,134,2.6865671641791047,0.0018795462175368721,0.0004777274127799144,3.1239960523283427e-06,129.7891092938574,0.49096000834849646
P02_R2,135,2.6666666666666665,0.019176760581593587,0.0011116134393327748,0.00030850893130569677,1.441735831359284,0.9964859319621888
P02_R2,136,2.6470588235294117,0.0022155155118326435,0.0007591745343080227,4.5357290433813e-06,179.9861673995519,0.649948557929314
P02_R2,137,2.627737226277372,0.002585487237208782,0.0011881161507271308,6.670195132077039e-06,-177.69984365562658,0.6031437947761141
P02_R2,138,2.608695652173913,0.002328101485708563,0.0008575082657554787,5.0861657862890185e-06,67.11742646681763,0.3891021989238296
P02_R2,139,2.5899280575539567,0.00197996782540612,0.0007478969681918021,3.696705996717123e-06,-127.44698132536716,0.15213976689025893
P02_R2,140,2.5714285714285716,0.0023426359134825483,0.0014117293554185713,6.095188958716286e-06,-174.71217825995672,0.6368120486909375
P02_R2,141,2.5531914893617023,0.001968357225051922,0.0014479186627346333,4.828716012871928e-06,85.70254358754173,0.4055359079975648
P02_R2,142,2.535211267605634,0.002363758328265659,0.0008846925938226022,5.2591568146832005e-06,-50.102128940683365,0.4216907314530137
P02_R2,143,2.5174825174825175,0.002033146124286446,0.0012200522701965768,4.580571777108206e-06,110.71181866377245,0.40879816161573523
P02_R2,144,2.5,0.014433060011078505,0.0014595263006735384,0.00017588114088041862,-66.6302104828136,0.993337071800323
P02_R2,145,2.4827586206896552,0.002383908622321408,0.0010254893403682716,5.546259448838283e-06,-168.02428856614912,0.4433217815885195
P02_R2,146,2.4657534246575343,0.0027667615607654445,0.001245389554710805,7.576469799635027e-06,101.17457174472668,0.5895039048165976
P02_R2,147,2.4489795918367347,0.002601992178967549,0.0010685834543420853,6.5282007957554975e-06,152.63801101681733,0.27537264660196636
P02_R2,148,2.4324324324324325,0.003009718076960351,0.0016089062649298819,9.54732698359361e-06,145.95800467533,0.8326146196222152
P02_R2,149,2.4161073825503356,0.0020126265397667873,0.0007897726768391736,3.8634096194449155e-06,145.5832096279013,0.6197482899087338
P02_R2,150,2.4,0.0027002794448723858,0.0013162108636917088,7.392144420000797e-06,80.13599611088478,0.495141534445135
P02_R2,151,2.384105960264901,0.0032916415384368963,0.0007375629159911629,9.480107737552011e-06,-173.85231620354955,0.7698181395320851
P02_R2,152,2.3684210526315788,0.00138701106086692,0.0009897627763473028,2.341565250193054e-06,176.5578418473565,0.30448716862827435
P02_R2,153,2.3529411764705883,0.01289572656678308,0.0008603521903846824,0.00013966299703481073,46.826262565568854,0.9959327915712004
P02_R2,154,2.3376623376623376,0.0016587668978311533,0.0007429440807985543,2.720002593062129e-06,-86.76259025493019,0.32628341871285943
P02_R2,155,2.3225806451612905,0.0015064784651150993,0.0009102804421101093,2.5237158999979148e-06,152.75874526544501,0.12114512911860391
P02_R2,156,2.3076923076923075,0.002239726984389581,0.0014719476450491423,5.830042457106584e-06,133.1903957528964,0.6827279488773476
P02_R2,157,2.2929936305732483,0.0014226468347090702,0.0005790100534822997,1.941761633245581e-06,72.94325427648025,0.5094815541102572
P02_R2,158,2.278481012658228,0.0019086334156143356,0.0015071254103870882,4.761727517215183e-06,79.57585371914341,0.6307384963324322
P02_R2,159,2.2641509433962264,0.0023841406484411192,0.0011544313070448672,5.77608646259705e-06,119.64138895870191,0.6756816125742718
P02_R2,160,2.25,0.0023727392949562756,0.001064188430226349,5.553649467672903e-06,77.5994778386699,0.5767627852688243
P02_R2,161,2.2360248447204967,0.0024689709428814617,0.0010522618009076287,5.9446264649741e-06,71.85191530639374,0.7153504851301966
P02_R2,162,2.2222222222222223,0.007419884749549006,0.0015369214558357683,4.7829560952391294e-05,144.31191990327875,0.9435444638034288
P02_R2,163,2.208588957055215,0.00251880857331317,0.0014120659425446303,6.832845587393012e-06,117.42035578646657,0.8805506281651688
P02_R2,164,2.1951219512195124,0.0032468654126033844,0.001187336552331838,9.892663525516421e-06,147.57771442161703,0.8664103789110643
P02_R2,165,2.1818181818181817,0.0015979457300419162,0.0012639869896889859,3.3456734090813173e-06,-156.9015779027025,0.4089655668834679
P02_R2,166,2.1686746987951806,0.003119528260865414,0.001019034539127189,8.914000724699472e-06,158.18677292478273,0.8015388994471865
P02_R2,167,2.155688622754491,0.0019634604807498264,0.0012190584083985436,4.332426416988295e-06,151.46948655874704,0.9000216101319686
P02_R2,168,2.142857142857143,0.002275042507345249,0.0013051686652989184,5.6054577361638026e-06,122.34624158001104,0.5673134526150152
P02_R2,169,2.1301775147928996,0.0018949709588691132,0.0012226667632163025,4.125148584698502e-06,-169.03714428689565,0.7237767984180514
P02_R2,170,2.1176470588235294,0.0020956695057815417,0.0012475346592095433,4.8526230439946985e-06,154.9589637769198,0.5463554379637542
P02_R2,171,2.1052631578947367,0.010595611897434541,0.0012418920138249595,9.504547257218769e-05,165.31409835916443,0.9899934978837185
P02_R2,172,2.0930232558139537,0.0021632838458974556,0.0009648936611763013,4.624057160868685e-06,149.5632010971198,0.5841569150051023
P02_R2,173,2.0809248554913293,0.0018459208493658476,0.0008784603618411293,3.4302348056702827e-06,131.75250224478785,0.23429166534424753
P02_R2,174,2.0689655172413794,0.0022212814119213107,0.0011603908855587813,5.143419436255983e-06,167.9510528763958,0.7300026171493139
P02_R2,175,2.057142857142857,0.0022071398658669254,0.0013382742085340136,5.422901086218914e-06,156.4615870135894,0.5828529676374892
P02_R2,176,2.0454545454545454,0.0020434423653059664,0.00163103310645026,5.496827665378048e-06,141.44596167821305,0.4758612738951234
P02_R2,177,2.0338983050847457,0.002115235799450607,0.001096334879541785,4.647188017724009e-06,153.02740576833227,0.676133886386561
P02_R2,178,2.0224719101123596,0.002739179701498327,0.0012644809294963845,7.4640668799830004e-06,146.64366783910376,0.8058670480908923
P02_R2,179,2.011173184357542,0.00248639351923765,0.001577763888239179,7.050727967840169e-06,-161.21576380854435,0.5975504950240702
P03,1,360.0,0.23457486616780338,0.004233358988689067,0.052549241932431566,-13.012570746725695,0.9998995824283574
P03,2,180.0,0.1773290512141597,0.0035775856610366866,0.030033947855172088,32.63680506810424,0.9999299006927509
P03,3,120.0,0.061698130834242595,0.004021762406028671,0.0036469327432784833,69.07065916758883,0.9977747165010465
P03,4,90.0,0.012879417339981797,0.00337285169283412,0.0001679860775497628,166.00922354358963,0.9880588270374682
P03,5,72.0,0.03434555344084518,0.0015688649842017434,0.0011283821337522623,-16.689919874373878,0.9974794204194855
P03,6,60.0,0.05400363599831241,0.0010979121346372067,0.0027853556597509754,22.738440256747797,0.9997283650012715
P03,7,51.42857142857143,0.055151563593189824,0.00163475593087512,0.0029060912275524205,20.404016937153052,0.9993985270069545
P03,8,45.0,0.03991280351530395,0.0015513721657940988,0.001522817468016073,28.980934200734175,0.9995022495072708
P03,9,40.0,0.19190473894393292,0.0007702673621823091,0.03516010023379279,83.15036480737639,0.9999812227860891
P03,10,36.0,0.03133281115741677,0.001612924560186373,0.0009397686283139365,40.051131648634325,0.9990486957104837
P03,11,32.72727272727273,0.04425833172215121,0.002258029861979544,0.0018750222074418537,46.98205049022191,0.9995470695498709
P03,12,30.0,0.0248568723914697,0.008395056848559434,0.0006492811096178595,67.89564735283147,0.9911817651146795
P03,13,27.692307692307693,0.038506925236020756,0.0021416156915373776,0.0014195348747181162,89.84106058939196,0.9992255250798757
P03,14,25.714285714285715,0.03045470029825556,0.0018073720405633958,0.0008881088272529169,107.51805557592856,0.9991033218642096
P03,15,24.0,0.02148565927451071,0.0015648622181402404,0.0004427645463311208,104.15710190476476,0.9976013005976294
P03,16,22.5,0.0208725139255189,0.0023811503945153478,0.0004208486152939775,118.98868108650008,0.9970248597867046
P03,17,21.176470588235293,0.0076920171907158535,0.00196875398016627,5.981774688989376e-05,99.87264824829556,0.9934427621183182
P03,18,20.0,0.09349383466799872,0.002544157883082773,0.00835059731885748,-86.39044759780721,0.9999796494019215
P03,19,18.94736842105263,0.011185829898319066,0.001862008058221012,0.00012242723355934242,93.82428984310373,0.9895596498255825
P03,20,18.0,0.012617817799320311,0.0018482876202687434,0.0001548550280546048,119.15553264581118,0.9858140895452533
P03,21,17.142857142857142,0.007887549681335423,0.0016141516767926582,6.16413076121413e-05,100.3139128273378,0.9946980000987051
P03,22,16.363636363636363,0.008856732346488237,0.0013176336493159165,7.638008237755942e-05,101.91617166976653,0.9926741028322404
P03,23,15.652173913043478,0.009337059178817043,0.002315795650872584,8.780677186122025e-05,69.1444121134192,0.9661655400676188
P03,24,15.0,0.018360091979918412,0.007687155837298721,0.00037188324805336045,91.50978275630135,0.9677238018901829
P03,25,14.4,0.006483482241223011,0.0022419178869215275,4.449089422933884e-05,93.93221350792386,0.7793086288271959
P03,26,13.846153846153847,0.006841858734898919,0.0018518973202754482,4.7669422213074094e-05,126.16783248186474,0.9639518845884143
P03,27,13.333333333333334,0.03716825857739896,0.0009678943593769398,0.0013197914173453673,100.05739778245456,0.9996501256064597
P03,28,12.857142857142858,0.007259216856913194,0.0013232125498690902,5.178487776208428e-05,70.65225635866057,0.9668224736107905
P03,29,12.413793103448276,0.013886016757463255,0.0019528934318784822,0.0001873423005380069,87.4578894172388,0.9944952017427074
P03,30,12.0,0.007847299042917888,0.0027696031072904975,6.536303185092818e-05,85.52959823375092,0.8625468079951831
P03,31,11.612903225806452,0.00729836742801958,0.0019091361831319656,5.3912131762680067e-05,65.60857649016148,0.9585430621733325
P03,32,11.25,0.009781425174644438,0.0025806401283132137,9.686930034477382e-05,99.30236076749485,0.9812014666691792
P03,33,10.909090909090908,0.008402928999472214,0.0016270829478378377,6.962982769875118e-05,91.47948145261304,0.9593650925918487
P03,34,10.588235294117647,0.0050848202658267646,0.002146796755938843,2.863217052966043e-05,113.40366161344541,0.8772746493142672
P03,35,10.285714285714286,0.010474032050673873,0.0029269833805798126,0.00011221066025955283,82.89863623502066,0.9763568407630385
P03,36,10.0,0.9083257654375616,0.0026703694928957443,0.7876684546817284,99.85514379492128,0.9999908904760934
P03,37,9.72972972972973,0.0064158392258665915,0.0018833225250753207,4.230827350857984e-05,147.66969529730912,0.9739288754175955
P03,38,9.473684210526315,0.008877922843286281,0.0021420713179076513,7.914479288229882e-05,136.79646669150404,0.985277423657
P03,39,9.23076923076923,0.00428410202024336,0.001451735247367642,1.9301127361821122e-05,135.66970926160894,0.6255141146810792
P03,40,9.0,0.005321370293492365,0.0021114869891917217,3.088614527690305e-05,63.94407112457778,0.6794646773548104
P03,41,8.78048780487805,0.004927728187654171,0.000956183931472125,2.3984360165530815e-05,131.32492788978482,0.9275339696546796
P03,42,8.571428571428571,0.006578670172642148,0.0022185738135012518,4.5512484403221725e-05,119.1045689537532,0.971732615674916
P03,43,8.372093023255815,0.00540889838008734,0.0019307182668178062,3.113408031323574e-05,99.39438327290452,0.9206044224745581
P03,44,8.181818181818182,0.004209369662250158,0.0011970552050933855,1.8158649467682892e-05,123.76390916266746,0.7862549026889997
P03,45,8.0,0.04499994121037212,0.0030684651759124333,0.0019416695087381124,-77.15976196522865,0.997313150611895
P03,46,7.826086956521739,0.004853290666599517,0.0022298785873195535,2.6782451508036036e-05,164.7595052568397,0.8541982460880466
P03,47,7.659574468085107,0.003247709988716544,0.0015526526277736014,1.218470064817369e-05,-178.27807385442216,0.5176866237711667
P03,48,7.5,0.005391044953682646,0.002990881005363536,3.552228554920695e-05,112.24602652543744,0.8622380011271826
P03,49,7.346938775510204,0.00485540332335868,0.002415265414098114,2.7506192921857963e-05,52.45898894403159,0.4612526371174056
P03,50,7.2,0.005323085338330759,0.0030185205341583337,3.487432248328451e-05,44.47014705487129,0.7227733733444179
P03,51,7.0588235294117645,0.004597786495696911,0.0017098587475727043,2.269722347181093e-05,53.315546039442005,0.8747998272512547
P03,52,6.923076923076923,0.006316680512896473,0.0015404445118301574,4.012281661806884e-05,49.20980639729849,0.9694369531602871
P03,53,6.7924528301886795,0.006666846412424715,0.001098696074897911,4.3454114354739864e-05,80.19124177747473,0.9773221474436017
P03,54,6.666666666666667,0.0699137953915246,0.0026112272791544463,0.004671959350338717,125.99149034748902,0.9995853293874849
P03,55,6.545454545454546,0.004465530992214377,0.002617044111070429,2.5028147288233403e-05,71.59367204394744,0.6113236820152207
P03,56,6.428571428571429,0.0060379738408534315,0.003601852526264571,4.599225616470655e-05,86.89304503281828,0.6866563393811713
P03,57,6.315789473684211,0.004741966889296069,0.002005706194812263,2.491500762803609e-05,94.38272977309107,0.8946110648491933
P03,58,6.206896551724138,0.003468402211123414,0.0018367096438904594,1.4386674748697038e-05,85.97053593617086,0.7681803848795739
P03,59,6.101694915254237,0.0046138995067409195,0.0011494437742397903,2.1472358338232283e-05,118.22885627215284,0.828216760183546
P03,60,6.0,0.005483231431692772,0.002457124636487269,3.39807275671562e-05,68.09543024065441,0.31830953912749577
P03,61,5.901639344262295,0.004162678268814941,0.0021743921192262316,2.0615460613435192e-05,88.98973103430555,0.6579388441681229
P03,62,5.806451612903226,0.0037132502876130397,0.00238109697299157,1.8030481137991748e-05,96.52583411871407,0.6699887218321685
P03,63,5.714285714285714,0.016436808572013344,0.002319630035566111,0.0002628284697004519,-67.21122535691546,0.9824650012315852
P03,64,5.625,0.003508671902525678,0.0011074334614851002,1.2801483582642143e-05,147.06649363528115,0.6023091933431167
P03,65,5.538461538461538,0.003520048031526438,0.0017978358162540572,1.4574024085769481e-05,90.24121201951101,0.5105726978002013
P03,66,5.454545454545454,0.004872377980578337,0.0020220836508400924,2.6189297572403445e-05,66.72046423211948,0.886853546536835
P03,67,5.373134328358209,0.0035803214739133843,0.001876528821237277,1.5252254155606568e-05,150.8129148692164,0.6592943387273529
P03,68,5.294117647058823,0.0036681598384462805,0.0018152460863417644,1.5727385004671793e-05,68.25749052687658,0.41073795273538755
P03,69,5.217391304347826,0.003605658330326421,0.0016341493291323038,1.4737097336752576e-05,41.64682731588574,0.7184532854349311
P03,70,5.142857142857143,0.005628991605952449,0.0011417020167970046,3.135838138086306e-05,54.25447245006998,0.6647401126194492
P03,71,5.070422535211268,0.002771847028864775,0.0019372839230987454,1.0554403327515196e-05,61.39284524008828,0.5842487165463427
P03,72,5.0,0.19828790065446747,0.0030600354320147235,0.0375402595617715,-66.11456468942848,0.9999394866174068
P03,73,4.931506849315069,0.006000388725815377,0.0023102762130701227,3.899659551509346e-05,120.90400291739736,0.9522649854758954
P03,74,4.864864864864865,0.0055482639427032006,0.0022330156649114983,3.365468279358539e-05,92.45172077449503,0.8737716857273622
P03,75,4.8,0.005678934618736689,0.0025749134692565675,3.6503800364688756e-05,109.95269441241157,0.8323366807910079
P03,76,4.7368421052631575,0.00510544529597296,0.0024933970098776127,3.02241286989023e-05,110.21599973319545,0.6824434074595205
P03,77,4.675324675324675,0.003946722165931929,0.0020145365197158293,1.8353945746209843e-05,69.78572158194335,0.9267030979687226
P03,78,4.615384615384615,0.004166260925173996,0.0016980555047117385,1.9053814790684496e-05,40.27075760517186,0.7808082615967646
P03,79,4.556962025316456,0.0041931208318261425,0.0021122652698795197,2.0614078935753448e-05,77.65093651583982,0.8811670485040417
P03,80,4.5,0.004647125034152147,0.0026393757728570733,2.6526120787566262e-05,46.64845512313651,0.6861861321079884
P03,81,4.444444444444445,0.025128103711000948,0.0027261825962711364,0.0006091481883489097,110.32393655143899,0.9924120752636651
P03,82,4.390243902439025,0.0037153699673648324,0.0016543846913249789,1.5571593322528245e-05,80.4587164581839,0.8025567450352252
P03,83,4.337349397590361,0.005240310388550807,0.001175481734873431,2.742033265914016e-05,91.86226700908557,0.8310799897359386
P03,84,4.285714285714286,0.003741009549580366,0.0024642293919259627,1.8565803139521247e-05,95.84233002567649,0.5016521686427143
P03,85,4.235294117647059,0.004943539890069404,0.003594646114295165,3.437837515830849e-05,99.99218876038107,0.7845770888122414
P03,86,4.186046511627907,0.004677604426577883,0.0016466689943206148,2.3223981055711306e-05,115.47451663805066,0.8213454341967025
P03,87,4.137931034482759,0.00456883511228226,0.0015000276397507616,2.1866593967055506e-05,159.68068483962335,0.57122780127113
P03,88,4.090909090909091,0.0025049590755206975,0.0015595185043586395,8.101539619891424e-06,152.6672729608921,0.7281433916871971
P03,89,4.044943820224719,0.003193635610612227,0.0013255202837658359,1.1263085101970539e-05,173.18974489808502,0.19619950513611856
P03,90,4.0,0.019278638268975294,0.0037638626541139637,0.0003665504294038302,-82.60281600976076,0.9868050927233736
P03,91,3.956043956043956,0.004099952150333199,0.002061898697050043,1.9664194504287056e-05,102.6397563058919,0.667528954358133
P03,92,3.9130434782608696,0.0033015593485601533,0.001624436461948023,1.2667825831416071e-05,41.61352269164132,0.39539410216252246
P03,93,3.870967741935484,0.0033745286762830117,0.0012815578200097886,1.225460702348245e-05,84.35845312414145,0.6113456916013261
P03,94,3.8297872340425534,0.003928121259795511,0.002638786977614661,2.074088316934266e-05,108.03959423302373,0.5250651617645207
P03,95,3.789473684210526,0.004596417815897203,0.0024338004036434167,2.5209091351889464e-05,95.8671327348149,0.5283947675284956
P03,96,3.75,0.005245331240168948,0.002795067711295523,3.29819957222852e-05,89.6311277342227,0.7301886213591888
P03,97,3.711340206185567,0.003603329010393644,0.0022075076137976495,1.6547253099395116e-05,107.25463294960808,0.7039936066683987
P03,98,3.673469387755102,0.003944070189906171,0.0017508326921651094,1.7449316485131252e-05,115.97709903287937,0.7760259336525107
P03,99,3.6363636363636362,0.012663825991060307,0.0023171483170496177,0.00015786866442549664,112.97162457117128,0.9791143607999236
P03,100,3.6,0.0036667974898712146,0.0013111542199451744,1.4322984329345972e-05,101.80414298150248,0.5636906645377574
P03,101,3.5643564356435644,0.005771085112000678,0.002628928326810265,3.77452709530239e-05,135.25220074273986,0.8654201760447534
P03,102,3.5294117647058822,0.005024731189591558,0.0024313219473489217,2.9178382886677995e-05,117.52280194194982,0.6924049800708265
P03,103,3.495145631067961,0.005002935554450418,0.0016893188587819754,2.633232241377094e-05,73.58521908142671,0.9574965044303286
P03,104,3.4615384615384617,0.004890648773135678,0.0016214498105308552,2.5133921770414003e-05,124.35320364095537,0.8883770070299226
P03,105,3.4285714285714284,0.0052758630095441,0.0018856534451934324,2.9674901781060284e-05,159.8177262378047,0.6734284814856887
P03,106,3.3962264150943398,0.007042225540304647,0.0028400146698686506,5.4209069785123076e-05,168.1749194236919,0.8533180254015298
P03,107,3.364485981308411,0.005313476587491069,0.0014456751999199677,2.8753062386903454e-05,152.47391226869482,0.9060816694865097
P03,108,3.3333333333333335,0.12366429660424683,0.0017009769832907128,0.014601135228725082,110.88336699156265,0.9998984766405241
P03,109,3.302752293577982,0.003547716911157158,0.001151246164926663,1.3147205648399398e-05,61.087721141846274,0.2713913436644395
P03,110,3.272727272727273,0.0037547329516326804,0.0016879968048435267,1.587058406218931e-05,-176.04198335398445,0.22622750569517708
P03,111,3.2432432432432434,0.0038159930601180956,0.002047980220345484,1.748456614053867e-05,28.33694189872002,0.15331307813165604
P03,112,3.2142857142857144,0.0038039881369807326,0.0017915808607839787,1.659586063210642e-05,122.27980675489934,0.795175191605849
P03,113,3.185840707964602,0.0036139061496670245,0.0018791844396831186,1.5478220051321443e-05,116.22911149804104,0.7304329524017782
P03,114,3.1578947368421053,0.0038838246267600797,0.002702136056787193,2.0629393852034355e-05,148.97590051256796,0.5602296989393514
P03,115,3.130434782608696,0.0038399261376306517,0.0016031489902930845,1.6277331316632997e-05,97.40258807702307,0.632649643037383
P03,116,3.103448275862069,0.005278898438645588,0.002895830481923172,3.394203906519047e-05,142.6335970509738,0.8347489279099102
P03,117,3.076923076923077,0.007895288511354777,0.0025323442809104526,6.499603443175774e-05,-69.3659701400675,0.9462721314822667
P03,118,3.0508474576271185,0.0040877968955196214,0.0016071544624961986,1.8165467074786237e-05,144.795886928013,0.8294260527897396
P03,119,3.0252100840336134,0.0029414484267041305,0.0016137281248502033,1.0519417067984771e-05,159.6229548080357,0.3991764794023636
P03,120,3.0,0.004315819828639551,0.0017122952628370366,2.0310694942687902e-05,125.57521844967926,0.8410106342424514
P03,121,2.975206611570248,0.004787725150365912,0.0030711657506656918,3.0030887945453956e-05,126.64242675688983,0.5963803368579332
P03,122,2.9508196721311477,0.003777156055746211,0.001994687360416208,1.7023254350789545e-05,-178.68204288568595,0.7400063350056479
P03,123,2.926829268292683,0.0034177799589963365,0.0019314789258707105,1.4324990437758464e-05,174.2266221342711,0.7566170372020171
P03,124,2.903225806451613,0.004526989625632938,0.0019144119382022904,2.269290403506446e-05,168.26732684164836,0.6206414113746516
P03,125,2.88,0.004198565592857492,0.001568683918838512,1.8949867292996594e-05,145.5676392873364,0.8909937328714623
P03,126,2.857142857142857,0.021746111982876588,0.0032863405323577586,0.0004607233561476581,155.97842035019593,0.9925035915271809
P03,127,2.8346456692913384,0.003532835823499646,0.0019482732763063896,1.5200661916007225e-05,-150.82370220208065,0.500600888203092
P03,128,2.8125,0.00433140709065593,0.002671328403684509,2.40808051498271e-05,-177.62848724167466,0.5751323343696585
P03,129,2.7906976744186047,0.004108942967043687,0.003060120048584087,2.4141391462450815e-05,-128.9211713592845,0.4575274611045461
P03,130,2.769230769230769,0.005114387181160125,0.0017160998601073517,2.7500225915253435e-05,-179.27968042297525,0.6878078067903927
P03,131,2.7480916030534353,0.0038111446311478087,0.0016719998470097115,1.6245421890803835e-05,-177.32454007334943,0.41384010919606135
P03,132,2.727272727272727,0.00384622584644162,0.002808787260821769,2.0909061629358093e-05,-143.56893699651823,0.5195480113373336
P03,133,2.706766917293233,0.003996362088338179,0.0027757111426735177,2.1936687365973013e-05,-142.82627571251894,0.5443400563958933
P03,134,2.6865671641791047,0.003909280027226998,0.0020712122227089934,1.8258582571027e-05,-122.63605566256517,0.4593686603567074
P03,135,2.6666666666666665,0.007464545545201542,0.002934367636228835,6.067731297622958e-05,-68.60321024773597,0.8887756136663458
P03,136,2.6470588235294117,0.0034668100565515996,0.0019357809449423726,1.468010509359588e-05,-133.59420923501753,0.32150118313472126
P03,137,2.627737226277372,0.0030366417968476682,0.001852492695970942,1.1754278491404648e-05,-93.11402173026418,0.472197430378932
P03,138,2.608695652173913,0.003623220927758889,0.0026095293386616323,1.8408034511707833e-05,-134.7511553846797,0.6487505822796487
P03,139,2.5899280575539567,0.003935195967942369,0.0014783568969034629,1.6669673256297655e-05,-127.90168968862451,0.8397292765360095
P03,140,2.5714285714285716,0.002828534088118061,0.0019107787252944858,1.0790115283529437e-05,-108.45701594784147,0.2666853965876689
P03,141,2.5531914893617023,0.002808318526281232,0.0015424819716499379,9.561405886220952e-06,-43.833687466671336,0.23087860853380462
P03,142,2.535211267605634,0.0032398889097548004,0.002475176165628388,1.530604863822123e-05,91.29791496482618,0.11461964714721581
P03,143,2.5174825174825175,0.0023763330194920837,0.0011641008931656464,6.567085716450386e-06,-118.20842850529692,0.20805058056451486
P03,144,2.5,0.026293706029008206,0.0023297077002652415,0.0006644363152720055,-30.55291789994851,0.9986951536247165
P03,145,2.4827586206896552,0.003547607357546178,0.0013151779441455088,1.3487721864007464e-05,-153.88849391094624,0.48691239791202595
P03,146,2.4657534246575343,0.004574635283006242,0.0022145556404710174,2.4155312965127306e-05,157.08767847674494,0.4062081276213519
P03,147,2.4489795918367347,0.004337149831713842,0.0018764459645333029,2.097072441515117e-05,-135.04211493913851,0.7608426342365814
P03,148,2.4324324324324325,0.003890342207115662,0.0018730599819479015,1.7472347799993387e-05,-98.27803714090084,0.5896485846574425
P03,149,2.4161073825503356,0.003137937268345373,0.0013647205954550035,1.1009614424536685e-05,-92.16444387699546,0.39308607948511903
P03,150,2.4,0.003198769360174289,0.001681192777115769,1.2186669660270568e-05,-151.84298818081285,0.23548889757173616
P03,151,2.384105960264901,0.0054868208309882096,0.0019854752339008006,3.2094884586964836e-05,-120.36779961816532,0.8009042267747751
P03,152,2.3684210526315788,0.00508148875864007,0.002750951754078992,3.12039423693044e-05,-83.34954055980363,0.7040470568177454
P03,153,2.3529411764705883,0.003970326025068351,0.0023865537909048143,1.9940482377687692e-05,175.83718581526267,0.4185327685764234
P03,154,2.3376623376623376,0.003931004716341351,0.0027552076500592286,2.134476531340335e-05,-71.72767255729744,0.38310218059338536
P03,155,2.3225806451612905,0.003985465349857652,0.0012240570342828244,1.6438014985835016e-05,-75.27900524843439,0.36029896576135145
P03,156,2.3076923076923075,0.004145896159701644,0.0019672317683473847,1.9697135768623047e-05,-64.20192308287761,0.7973539038293084
P03,157,2.2929936305732483,0.004589336795037543,0.0031783005861701556,2.8793324252467436e-05,-43.92284573214915,0.7271820114398073
P03,158,2.278481012658228,0.0036623814672361544,0.002378505467104068,1.764071799153977e-05,-36.00867047322791,0.6010470802927873
P03,159,2.2641509433962264,0.0037863074966589397,0.001698544803655421,1.6142766771189456e-05,-4.139647815817961,0.6512101798341638
P03,160,2.25,0.004090325818314309,0.001956842360635036,1.9264637344384463e-05,2.7229793376167204,0.48225569343897146
P03,161,2.2360248447204967,0.0032464424630203057,0.0017558160885204042,1.2706503833831928e-05,-12.680205021358608,0.40755889659878086
P03,162,2.2222222222222223,0.004468765844784058,0.0026629932686025315,2.513691993782839e-05,-78.60450734417189,0.6629422840836205
P03,163,2.208588957055215,0.003110620594987069,0.0012309692112449859,1.0551748031983502e-05,-39.827552493040166,0.3996568245603613
P03,164,2.1951219512195124,0.0038127816299399265,0.002564581908303536,1.9562096198018796e-05,21.985280209926366,0.19684304355334664
P03,165,2.1818181818181817,0.0029967057598017078,0.001782125547107177,1.1297836149452942e-05,-54.979969373362984,0.09323917885369164
P03,166,2.1686746987951806,0.0037366027083479093,0.001688363398181592,1.5760369870634342e-05,-15.20622957572908,0.5014256924913107
P03,167,2.155688622754491,0.0037313636893064306,0.001975640522608313,1.663158648002581e-05,-101.1329296364583,0.41335657369174855
P03,168,2.142857142857143,0.003543634967675815,0.0015536617933984286,1.402863978219467e-05,-95.48126922341773,0.40200960511126915
P03,169,2.1301775147928996,0.003905631488199883,0.0017206563821560229,1.7123459160343057e-05,-54.86238830775866,0.378928194113313
P03,170,2.1176470588235294,0.003225550048533799,0.001409782384426885,1.1659227385992308e-05,-60.048182753852174,0.25151311402784565
P03,171,2.1052631578947367,0.003632045266041188,0.0021067903653788143,1.6414290394535206e-05,-127.7954707500757,0.10338265408695217
P03,172,2.0930232558139537,0.0038793957042508103,0.00246863209245989,1.9611965492360214e-05,-57.957796353563495,0.45337138558791623
P03,173,2.0809248554913293,0.004723753326359112,0.0026495313525875626,2.7327751715897253e-05,-58.48963995289331,0.5408043046047416
P03,174,2.0689655172413794,0.0034006928956643325,0.0017616680965444268,1.370348804530754e-05,17.783314521536013,0.6647046734546652
P03,175,2.057142857142857,0.0029984587387985283,0.0015280377056079446,1.0601245086614996e-05,-9.741063792794758,0.44015754089074477
P03,176,2.0454545454545454,0.003956006279273892,0.002078578142677543,1.8672192419272156e-05,-33.71860267630507,0.5191053264268134
P03,177,2.0338983050847457,0.004569632017004005,0.002086530240231094,2.364110821311279e-05,-21.383295927056977,0.8049161779138844
P03,178,2.0224719101123596,0.005182555854090068,0.0026331986107761794,3.1602258787261734e-05,6.716648678572643,0.6847725918099511
P03,179,2.011173184357542,0.004580785844388132,0.001613871130693001,2.2295388247144536e-05,-11.478469296054405,0.8005516287863625
P04,1,360.0,0.3007038276601525,0.007357504594967212,0.08469438952480383,-13.704560236202175,0.9998817077296649
P04,2,180.0,0.2566688600985784,0.006298698995789576,0.061698365354634056,32.28676557505715,0.9977295592128615
P04,3,120.0,0.07354649135383504,0.006117331784902512,0.005096255371521375,27.285436809212417,0.9976537912042314
P04,4,90.0,0.032049083727375624,0.002736568430716731,0.0009678378234024463,1.2683156021474975,0.9532457634102234
P04,5,72.0,0.04801403505606662,0.0036874621579491415,0.0021709586768540534,46.49491914162045,0.9973472402769396
P04,6,60.0,0.05337026128277046,0.0020462095894369097,0.002670996566437346,78.61592032280163,0.9997755948221841
P04,7,51.42857142857143,0.06813612304459943,0.0032404364812620144,0.004356175871972448,48.95190415882494,0.9996339674704117
P04,8,45.0,0.05198498973334244,0.0025001861433289647,0.002535966706281434,86.02575308392198,0.9988976364263857
P04,9,40.0,0.16242146112145095,0.0023775148491121047,0.02470027180961031,138.73167845841525,0.9999313595139288
P04,10,36.0,0.034506123663074637,0.0017449458543862993,0.001116963398112596,124.98649463366434,0.99945382152331
P04,11,32.72727272727273,0.04069794151609722,0.001801797654563905,0.0015531942700962196,150.09359711394492,0.999416289623448
P04,12,30.0,0.027860290712505544,0.0012658783263150585,0.0007280015367590187,-63.32982623814325,0.9974048745909039
P04,13,27.692307692307693,0.020559860660672145,0.0016148038414726307,0.00039802290237843797,-156.02797270039753,0.9985906035323473
P04,14,25.714285714285715,0.009100412544029197,0.001411726053292361,7.927270745857163e-05,-113.72440813348956,0.9738125223454586
P04,15,24.0,0.008714489213500433,0.0017838070479900773,7.372210465122949e-05,-177.90866745923975,0.9810526629230266
P04,16,22.5,0.0027007948089659067,0.001862194681156785,9.791962925268164e-06,157.498224395506,0.5086534958446127
P04,17,21.176470588235293,0.02031397450977973,0.00120816623252065,0.00038767463758537926,-1.1756217467525254,0.9965320803343927
P04,18,20.0,0.25117130464381654,0.001958290913634908,0.059073120413975645,-84.90486370396157,0.9999875308413585
P04,19,18.94736842105263,0.01889884509220066,0.0011240795826512647,0.000335421313911793,158.8452201015294,0.9979306375265816
P04,20,18.0,0.004902799641404212,0.0013494156585465375,2.4079185663183996e-05,-172.65668028570747,0.8835806555079668
P04,21,17.142857142857142,0.006151166926312367,0.0017805156381308937,3.818770780926459e-05,-156.82086799398422,0.9429469655027294
P04,22,16.363636363636363,0.004229688004327956,0.0021389069764947166,2.055594342765524e-05,84.17439878193719,0.9510975267507967
P04,23,15.652173913043478,0.001964915008377892,0.0010261576280102367,4.499569543643273e-06,82.19652343773062,0.5033811131798507
P04,24,15.0,0.017334303737754478,0.0018356348554139225,0.00028399636247088426,-126.22402917612563,0.9965314914648016
P04,25,14.4,0.010506386729263066,0.0011776203204538886,0.00010445663720271921,58.344164930008105,0.9908872520457176
P04,26,13.846153846153847,0.006606225166790375,0.0013767838913926317,4.251418709869503e-05,22.087402214842037,0.9828295518937848
P04,27,13.333333333333334,0.049856464331059794,0.0013237818822975566,0.0023292083752828705,69.58170151420187,0.9997245476016381
P04,28,12.857142857142858,0.007988731055805555,0.0017943263721350456,6.258916667687734e-05,43.16834053140955,0.994452068116153
P04,29,12.413793103448276,0.004462885331368955,0.0016582833244030407,2.0974767668368234e-05,164.03981359392424,0.9769663154719395
P04,30,12.0,0.003164083010931458,0.0011723371017600054,1.0535420265053206e-05,-109.82851880890188,0.8859348401138766
P04,31,11.612903225806452,0.0034904771330577225,0.001457303671427379,1.3241068412264076e-05,82.76127973241587,0.7156866163321783
P04,32,11.25,0.0029391831750565814,0.0012933960431866056,9.471344592959064e-06,-97.31144276700908,0.7143144878596251
P04,33,10.909090909090908,0.002427588934876724,0.0010570525462422079,6.456811956519609e-06,20.337253094284563,0.458270595918688
P04,34,10.588235294117647,0.009407892762760774,0.00126968391611714,8.429861135159113e-05,-33.49981669494526,0.9741517648130132
P04,35,10.285714285714286,0.014383328300726094,0.0021879719635820895,0.00019791682766473435,15.270082454681491,0.9943110729010548
P04,36,10.0,0.8520679173937584,0.0027587396444237826,0.6797362721226643,96.55996990427471,0.9999450399499514
P04,37,9.72972972972973,0.007184755565319998,0.0018014766748393968,5.096821907110725e-05,68.3686769474876,0.939498660601443
P04,38,9.473684210526315,0.0022628006574521445,0.0008251784452533217,5.372811003630309e-06,-63.99356964345292,0.7880438356760981
P04,39,9.23076923076923,0.0037021425845448,0.0019720578880461745,1.6037226075218373e-05,70.42678460766429,0.8976709438149539
P04,40,9.0,0.004368718689551318,0.002120683691575604,2.1632302842863504e-05,95.33601970563359,0.8345002357719732
P04,41,8.78048780487805,0.0030033993762771114,0.0009546441403216953,9.229780438416447e-06,105.81222763043763,0.7808764030633869
P04,42,8.571428571428571,0.002618275368573535,0.0009650184662291459,7.214743727434607e-06,-145.86842999717928,0.7740455275474901
P04,43,8.372093023255815,0.007034684234417156,0.0013281555112505273,4.779435305160577e-05,34.88477255509878,0.9932214491242163
P04,44,8.181818181818182,0.0026655090265781454,0.0025989751367503874,1.242608938245761e-05,-1.6198130572288576,0.755854708209819
P04,45,8.0,0.04652466929039383,0.0013628749308832546,0.0020278209936991165,-20.957557086968965,0.9997394449943008
P04,46,7.826086956521739,0.006225754034414527,0.0012850710911008747,3.7682537865284805e-05,21.32214640345605,0.9842311014125986
P04,47,7.659574468085107,0.0073522316373213934,0.0008587394966018883,5.121945530266543e-05,35.04881632026341,0.991912932339353
P04,48,7.5,0.014005688757658508,0.0008675908636613257,0.000184193971811131,107.85443300670127,0.9980124456692473
P04,49,7.346938775510204,0.012052487197117717,0.001302262178818177,0.00013740893174118933,80.92839722553116,0.9959204545213081
P04,50,7.2,0.009822683371491357,0.0005884265514479487,9.06225660951686e-05,86.02338413970426,0.9887221290363002
P04,51,7.0588235294117645,0.00943403311116352,0.001223237927162061,8.456087888582951e-05,107.4391274269095,0.9842825537426022
P04,52,6.923076923076923,0.006034135711848134,0.0011193926872129596,3.513348749013171e-05,93.81107990950963,0.9751298604552138
P04,53,6.7924528301886795,0.006761278607324124,0.0007650783298185198,4.325684573462036e-05,146.56526493042176,0.9846797333776158
P04,54,6.666666666666667,0.12493044958689101,0.00138322114498025,0.014614541563766594,114.52554398676148,0.9997794508264662
P04,55,6.545454545454546,0.006471931896445221,0.0015212354465974744,4.112333328946065e-05,78.92388634546674,0.9688050580979529
P04,56,6.428571428571429,0.006748095094520318,0.0018791534872923906,4.558878668765614e-05,86.09521462474538,0.985903231861528
P04,57,6.315789473684211,0.006512247821198322,0.0011191192269095597,4.0766530993493135e-05,74.02493106635212,0.9795658757266388
P04,58,6.206896551724138,0.0031569995803003743,0.0008429178149766844,9.941382564977183e-06,95.1191413180972,0.88582669228794
P04,59,6.101694915254237,0.006268269557110327,0.0010927522113704205,3.7773085892548735e-05,113.77407107802979,0.9782832848359687
P04,60,6.0,0.010302251378211417,0.0018718635189600471,0.00010217949571341384,87.3430919055416,0.9948379791793079
P04,61,5.901639344262295,0.004734970093889173,0.0014893048553544985,2.2875136255352545e-05,154.08552765326627,0.9871796593539356
P04,62,5.806451612903226,0.004355016556628115,0.0007614091778189477,1.8256913483564456e-05,130.0564912879245,0.9740314910553666
P04,63,5.714285714285714,0.020405765139864963,0.001363337646094626,0.0003914074318153174,-103.15602298010513,0.9933482579232378
P04,64,5.625,0.003189995657929875,0.0012743434955980923,1.0914442324095305e-05,131.5186272234165,0.9070824150014358
P04,65,5.538461538461538,0.0023135424011337512,0.0009144460519871118,5.713068055300082e-06,126.95681750899168,0.8180717680037013
P04,66,5.454545454545454,0.007672626391776458,0.000773614565934307,5.564235761853191e-05,95.38401644928751,0.982747630056357
P04,67,5.373134328358209,0.0032124729464434593,0.0013302344210382995,1.1157774545629547e-05,61.04487427233552,0.9030161765717467
P04,68,5.294117647058823,0.0056513093597638266,0.0008725160254857903,3.054647788474441e-05,103.13961148433815,0.9874028122628582
P04,69,5.217391304347826,0.0022382997599919626,0.000905825901255538,5.38005651589611e-06,72.00125147730571,0.8708215315243207
P04,70,5.142857142857143,0.006138473519566512,0.0013187526140914585,3.6755221517784784e-05,108.46865045579139,0.9685124765302626
P04,71,5.070422535211268,0.006842860601139965,0.0011336162735110396,4.496687129777539e-05,149.00251275663845,0.9557988138699447
P04,72,5.0,0.1668757575293613,0.004990666252401063,0.026088760101539914,-77.05813054878114,0.9994351596325928
P04,73,4.931506849315069,0.004435491928617422,0.002519707353326578,2.383764572355949e-05,126.02469092929266,0.8596417631245798
P04,74,4.864864864864865,0.0032674084603325298,0.0009278837236344432,1.0726809922794191e-05,135.30360218531467,0.8720368963907306
P04,75,4.8,0.0029871030560425895,0.0012476840653686298,9.659267218336588e-06,121.27925710269645,0.7432553548615017
P04,76,4.7368421052631575,0.002428439658916603,0.0011736039305727535,6.6715259661023325e-06,-78.97135954414816,0.6717460826337183
P04,77,4.675324675324675,0.003403050885665742,0.0012015130709115223,1.2066258205583905e-05,152.54483298628406,0.8792010954428048
P04,78,4.615384615384615,0.006316299091083251,0.0014588287517131383,3.919396689252187e-05,90.64125708836545,0.9772028846927328
P04,79,4.556962025316456,0.0033760506774894545,0.0010676568754498757,1.1636349440241003e-05,-176.54257085365978,0.9421647135971892
P04,80,4.5,0.004570400675477305,0.002601212665113056,2.539812882832199e-05,142.569921593682,0.9299747791840118
P04,81,4.444444444444445,0.026525966245710665,0.0017730067180814024,0.0006613541350765412,166.35422248016252,0.9985865453744125
P04,82,4.390243902439025,0.004173205432344994,0.001872112268143668,1.9331147569945005e-05,139.38029478966422,0.9550792359427632
P04,83,4.337349397590361,0.003291615760716047,0.001421230362377175,1.1846999199132564e-05,166.76459866358854,0.9604286851373525
P04,84,4.285714285714286,0.0037644704781309136,0.0011196331144074315,1.4340741209685946e-05,-67.64050631438238,0.9119305299233841
P04,85,4.235294117647059,0.003340298499151409,0.0012287261180911706,1.1735507557184736e-05,-132.93878690146886,0.8608357747646382
P04,86,4.186046511627907,0.0018252153200437927,0.0006851485080278383,3.5151001808555006e-06,169.6975819821662,0.6811782075343911
P04,87,4.137931034482759,0.001783549550240671,0.0012700242062587117,4.359281993246664e-06,13.550737955177327,0.6477447011043226
P04,88,4.090909090909091,0.0030156060074715343,0.0011555989981344313,9.645467613868556e-06,65.56896181748264,0.6990923397090867
P04,89,4.044943820224719,0.003485940140896292,0.0015803326716537097,1.3476455194256199e-05,97.1159097301688,0.9519331308300654
P04,90,4.0,0.056406339279088225,0.0015992648378259607,0.0029806135901362034,-82.5796964756814,0.9992633244704666
P04,91,3.956043956043956,0.0025297898183694943,0.0013370257445555873,7.510472508208566e-06,128.317353932306,0.4521874969727962
P04,92,3.9130434782608696,0.003236399343782095,0.0011442534119838598,1.0907033176167951e-05,136.81945017578047,0.948419605853443
P04,93,3.870967741935484,0.0031777836642474036,0.0010656399531633175,1.0405886061538073e-05,-171.7451496469597,0.963596538930134
P04,94,3.8297872340425534,0.0016528928123965975,0.0007894195450279606,3.0906393821333798e-06,155.2395400263603,0.39240167804658205
P04,95,3.789473684210526,0.001415879867961711,0.0007333521499746931,2.3344517194012515e-06,117.62217748527796,0.18961351348196995
P04,96,3.75,0.003520925449211579,0.0007407493422545895,1.2061273717452016e-05,-128.0091974737938,0.8418011255015013
P04,97,3.711340206185567,0.0012963314350711386,0.0005223900932602662,1.8008206696071247e-06,125.50763847955638,0.4568178401476908
P04,98,3.673469387755102,0.0017154813813527933,0.0009012186341586064,3.4482056284818236e-06,58.7652225387262,0.757100178893229
P04,99,3.6363636363636362,0.015925204089916593,0.001888318162361261,0.000240299021084506,107.73979772055851,0.9971138123207322
P04,100,3.6,0.0025409888706213477,0.0008056208122329701,6.58598192574689e-06,105.82409853794658,0.9200327630899454
P04,101,3.5643564356435644,0.0028764077983740154,0.0015946694483906687,9.889758533554956e-06,117.53333510045131,0.902350803293478
P04,102,3.5294117647058822,0.0025015855371017005,0.001182038865077779,7.046158777570574e-06,-84.68004115080205,0.8019077849224623
P04,103,3.495145631067961,0.003362520301163478,0.001173910770639222,1.1752254038694054e-05,122.32162484224506,0.909960467090332
P04,104,3.4615384615384617,0.0024219613920918783,0.0008612860360968738,6.112551636970017e-06,112.8111435880943,0.8820051794461249
P04,105,3.4285714285714284,0.002573685573835098,0.001198948659531665,7.38821801257509e-06,157.08636184052486,0.6492754509696853
P04,106,3.3962264150943398,0.001976791637247777,0.0011846616199445695,4.843015729609681e-06,137.43067429063868,0.33638451019822035
P04,107,3.364485981308411,0.0037761432770163847,0.0021727811891258768,1.741930538864566e-05,27.211520550856406,0.9510012919155394
P04,108,3.3333333333333335,0.11246682094602736,0.0028160509892486566,0.011847154414081105,100.96259870432573,0.9993973094726166
P04,109,3.302752293577982,0.0029302191913387057,0.0010133251179217445,8.897040255582047e-06,112.91602200352243,0.5722805680187122
P04,110,3.272727272727273,0.004002421768631016,0.0008890907311607148,1.5659031845914686e-05,82.58003071136596,0.9609774087389592
P04,111,3.2432432432432434,0.0035689733187539868,0.0014999739382305691,1.3831192670187313e-05,107.26261605969707,0.9011381269453714
P04,112,3.2142857142857144,0.005930767707685248,0.0014993188784363945,3.479919741620698e-05,117.35790373947586,0.9848710359391256
P04,113,3.185840707964602,0.0034667297024904933,0.0012204276003654796,1.2501046949819759e-05,101.78390873261851,0.833317816882856
P04,114,3.1578947368421053,0.0026945024436038035,0.0017268257013253923,9.35094810887388e-06,-164.6579821899615,0.8654995708009531
P04,115,3.130434782608696,0.004192176375390684,0.001221366909792712,1.771196038333063e-05,130.68363634399918,0.9349975991280579
P04,116,3.103448275862069,0.0036954978252686324,0.0013971768620381834,1.439251130889451e-05,142.36729426795995,0.9299172219122698
P04,117,3.076923076923077,0.01038414366325923,0.0015050692128323112,0.00010282404418318726,29.36365073092577,0.9915070111560332
P04,118,3.0508474576271185,0.0026139674837553487,0.0010562939558155682,7.341975328259218e-06,132.56439872601177,0.8959310797215643
P04,119,3.0252100840336134,0.00398593216180006,0.0010772406440382961,1.58347101686388e-05,116.89715666057894,0.9657554783935554
P04,120,3.0,0.007544534102385386,0.001168631723480073,5.442180296767674e-05,147.7784767107313,0.9693961115879702
P04,121,2.975206611570248,0.00450958704842905,0.0009897350846022315,1.9864152305323374e-05,127.2597385175966,0.9591261676772858
P04,122,2.9508196721311477,0.004258629984201974,0.0011845382717003694,1.8136590449880667e-05,141.7560856444961,0.9561847407213402
P04,123,2.926829268292683,0.00530126023050873,0.0009968860357039446,2.7123770623771556e-05,155.9695495797444,0.9701360408136667
P04,124,2.903225806451613,0.004991751124735563,0.001602972871364193,2.5518324427328517e-05,172.71395830233817,0.9217023083138016
P04,125,2.88,0.004397376870591209,0.001407539722990044,1.9784691982038777e-05,-177.56239049001815,0.9428352174153218
P04,126,2.857142857142857,0.04190932216219663,0.0008141468240924232,0.0016448739034639382,129.931984678587,0.9992684918778947
P04,127,2.8346456692913384,0.00447059556237502,0.0012997469757920859,2.0159549961647398e-05,167.4642623207603,0.9911918508701736
P04,128,2.8125,0.0034330006396932388,0.0011545684978099128,1.2165153354944655e-05,169.62038797170294,0.9277480023018667
P04,129,2.7906976744186047,0.004290234378166507,0.0012999322118927808,1.8669567084140412e-05,144.42852725253144,0.9492139630924519
P04,130,2.769230769230769,0.004290465113189789,0.0012849795880529413,1.861910635827673e-05,162.11863097591163,0.9784826124889577
P04,131,2.7480916030534353,0.0047680889622723635,0.0013181687262942695,2.271847788868215e-05,149.80700616087933,0.977170187564312
P04,132,2.727272727272727,0.0045498846392393434,0.0010816032628855748,2.035926167713043e-05,155.8545389150736,0.9706336989022419
P04,133,2.706766917293233,0.004252036623618072,0.0014947883424409945,1.8814028811940653e-05,177.29361692838157,0.9568335347249841
P04,134,2.6865671641791047,0.004492323791456484,0.0010900883363085083,1.9872378672422373e-05,179.9871940001231,0.9738161108689304
P04,135,2.6666666666666665,0.0072908389167291605,0.0008774376944700888,5.042000298988341e-05,-80.62236933642555,0.9750705170536751
P04,136,2.6470588235294117,0.004151334973268468,0.0014611387337286421,1.7923366799322833e-05,-159.52778960448893,0.9566352839671055
P04,137,2.627737226277372,0.0027436309693511284,0.0013116097725816693,8.47732052576999e-06,-138.49084839595474,0.7423227382321709
P04,138,2.608695652173913,0.005447871051361924,0.0013045679113545376,2.9257795192944828e-05,-178.7375698839143,0.972917876761337
P04,139,2.5899280575539567,0.004203393739349668,0.0014263997111840405,1.825832570348135e-05,-152.13140078212356,0.9482155524630513
P04,140,2.5714285714285716,0.0031512103374203826,0.0012788616957679516,1.0674483203110482e-05,-138.5286104935194,0.9533425395370712
P04,141,2.5531914893617023,0.004095264457075469,0.0012633496516638507,1.709170025263017e-05,-120.82254737824539,0.9172608575286677
P04,142,2.535211267605634,0.0037533947147169212,0.001461738886902823,1.5041463315076538e-05,-171.52979149856728,0.9043420896357938
P04,143,2.5174825174825175,0.0055743308652276705,0.001713070120326661,3.163169212105117e-05,-167.7252471325824,0.9846454097227435
P04,144,2.5,0.017519212721304696,0.0017042342566905438,0.00028957616103798394,-79.28939600006089,0.9724452930861913
P04,145,2.4827586206896552,0.003495742496001226,0.001492365081576119,1.3336942693346443e-05,-159.324809374397,0.8907442523207085
P04,146,2.4657534246575343,0.00492834843720458,0.0017666373461490243,2.5390183578756206e-05,-147.59302041745704,0.9654999334777821
P04,147,2.4489795918367347,0.003920110041780201,0.001123226324241643,1.54464966607793e-05,-127.80966689160628,0.8883996412893695
P04,148,2.4324324324324325,0.004173174741063595,0.0012974799510357122,1.7709988550752666e-05,-105.22986905404606,0.9642758326020346
P04,149,2.4161073825503356,0.004539131415740259,0.0013201297763503893,2.0759123441269687e-05,-132.14153949407643,0.9704276327341202
P04,150,2.4,0.0034283274784772957,0.0012319534364191966,1.2261605698113945e-05,-158.9114098749602,0.9148484798310924
P04,151,2.384105960264901,0.004144127700864912,0.0015399082941466042,1.807678340943724e-05,-123.88120182070818,0.9387660625878675
P04,152,2.3684210526315788,0.003430326253707114,0.0008746904916719721,1.1646973924548995e-05,-111.26937696463916,0.9469384377951968
P04,153,2.3529411764705883,0.009634197715177572,0.00118243544816247,8.806535632764144e-05,-120.97019483715185,0.9902190061102943
P04,154,2.3376623376623376,0.004200544973577904,0.0009397070064921877,1.7300125632695813e-05,-114.8072703781903,0.9364994931476802
P04,155,2.3225806451612905,0.0052549932525002355,0.0015728935770700924,2.7958980357716447e-05,-104.4884106213775,0.9807180856957486
P04,156,2.3076923076923075,0.004915137114785662,0.0015825081935566978,2.4726236857890404e-05,-91.87513159454758,0.9552553376316787
P04,157,2.2929936305732483,0.005526708765621222,0.0018154960991350483,3.1387328412121096e-05,-91.76892224766688,0.9822494379713372
P04,158,2.278481012658228,0.004683216310662042,0.0012932432056938596,2.195775541511242e-05,-92.59430815399384,0.9510322052100278
P04,159,2.2641509433962264,0.0036165033162851947,0.0014433621326291363,1.396171578105748e-05,-73.03299075229084,0.9487230896302087
P04,160,2.25,0.002865415683190631,0.0012887742079309358,9.096811871798338e-06,-61.606218188422375,0.7829535770605119
P04,161,2.2360248447204967,0.0025843250465919622,0.0013664069011798815,7.846745784148205e-06,-96.79174922255658,0.9780145314176247
P04,162,2.2222222222222223,0.02162136478840508,0.0014879525850334686,0.0004395002227533652,-85.86386378850236,0.9991275469686066
P04,163,2.208588957055215,0.003360631516374238,0.0015820185459087539,1.268730179286683e-05,-50.77001323490736,0.9433073984053111
P04,164,2.1951219512195124,0.0035892195646464197,0.0014033812643576716,1.3735570556698046e-05,-69.93242639518935,0.9632314681347565
P04,165,2.1818181818181817,0.0035325857895652443,0.0015028846362357916,1.3554678430005116e-05,-91.54350972537286,0.9231713728840745
P04,166,2.1686746987951806,0.004817165340528403,0.0017021076685696404,2.420390890407166e-05,-66.5404288338309,0.9391827110398924
P04,167,2.155688622754491,0.004803160049833129,0.001382919487847555,2.3215083494388758e-05,-72.52535512743138,0.9610140845371999
P04,168,2.142857142857143,0.005241702537772462,0.0015981894916085979,2.786190400951953e-05,-68.3467603235011,0.9652135384076252
P04,169,2.1301775147928996,0.004940567896030275,0.0016406620784174585,2.513626045941375e-05,-51.18490717592057,0.989227961716368
P04,170,2.1176470588235294,0.004039243053751392,0.0010104159514126856,1.6114610170526012e-05,-32.69626682492707,0.987133060185402
P04,171,2.1052631578947367,0.0033966310294805623,0.001289478727378759,1.2219902314730708e-05,-92.01772315920456,0.794536005341426
P04,172,2.0930232558139537,0.003995905868785015,0.0014709229291894122,1.6786457084148053e-05,-15.1027362040553,0.9478763364090365
P04,173,2.0809248554913293,0.0036691000018650166,0.0012643074863274192,1.3951544329382086e-05,-11.431707591440656,0.9320293100910332
P04,174,2.0689655172413794,0.0040454563584262065,0.0016888031012356032,1.772540929150576e-05,-2.829336657364834,0.9724551961582895
P04,175,2.057142857142857,0.0029298314183728883,0.0013321342312965939,9.511913056238377e-06,-25.92939837936875,0.9128763346377011
P04,176,2.0454545454545454,0.0021704661309234234,0.0010495245639526509,5.324917336611254e-06,-6.926272036544955,0.6981302543978872
P04,177,2.0338983050847457,0.002421033599228894,0.0016422244729821654,7.797139237678635e-06,2.7660085347023475,0.5619811690342776
P04,178,2.0224719101123596,0.0034214748482688574,0.0016550350139288475,1.3307645891454442e-05,-16.941798580579878,0.8617566739989333
P04,179,2.011173184357542,0.004688141613251455,0.0020547417438977643,2.421329743312343e-05,3.707610471880047,0.9666664682862789
P05,1,360.0,0.3200589833134503,0.010076601757289779,0.09648252237601088,-8.114708435367792,0.9995134241302025
P05,2,180.0,0.21472471718320865,0.009715200101051603,0.04346650657527249,94.98551849856732,0.9969848474660561
P05,3,120.0,0.06737741053929083,0.004845497070084968,0.004293581519142104,50.65553187826609,0.9948673468349823
P05,4,90.0,0.08456811307958349,0.0015489577552990034,0.006733238570913647,32.05842173281147,0.9966149444066033
P05,5,72.0,0.040572098746063295,0.0033154896511700224,0.0015584252980490468,50.97886394350748,0.9971426307029498
P05,6,60.0,0.056678551258566835,0.003077186493235062,0.003031209767670387,72.71049830028498,0.9988527932277802
P05,7,51.42857142857143,0.051301920970915425,0.00228434497064251,0.002481290002735867,37.32863884906706,0.9995678888019334
P05,8,45.0,0.03786436931808712,0.0019264776338124845,0.0013520964934553097,94.42685621076127,0.9977716768768964
P05,9,40.0,0.2971170492742528,0.0021321925525770572,0.08308777917989174,156.4795105998631,0.9999769300608914
P05,10,36.0,0.031148524193418042,0.002753010319569456,0.0009191186931336243,125.50960154520227,0.9984766801928205
P05,11,32.72727272727273,0.03108395907158807,0.001079508031092645,0.0009104192148551736,136.1320866618939,0.9987593437214004
P05,12,30.0,0.02162478419479924,0.0023725069238245697,0.0004448592413379972,-77.31642910736225,0.9978705857185871
P05,13,27.692307692307693,0.017727895945805178,0.0018189877471415357,0.00029847820296432923,-164.50039100027587,0.9926171618514635
P05,14,25.714285714285715,0.007271011893880746,0.0013680803151167515,5.133789465302257e-05,-142.57387790585597,0.9692332907818346
P05,15,24.0,0.014866081736415748,0.0022643425631946167,0.00021224812033359504,160.0167270313918,0.9907114326506885
P05,16,22.5,0.009678229157430735,0.0013388102697130234,8.9673921198525e-05,150.65420493209322,0.9836931879154769
P05,17,21.176470588235293,0.020710346036186066,0.001424423002389099,0.0004054525231701066,-174.86828640758603,0.99896545931798
P05,18,20.0,0.09947256093146259,0.0018249930608286806,0.0093154674485986,122.3331574284732,0.999875091636953
P05,19,18.94736842105263,0.009993973715182961,0.0010531182647194,9.493153184700364e-05,-11.617119893089678,0.9854807934979938
P05,20,18.0,0.0076592721199897,0.0017386209850184632,5.779270994519087e-05,-154.36593383584554,0.9785240995721888
P05,21,17.142857142857142,0.00790387335973115,0.0014517676042315238,6.057594324771798e-05,-140.78893314215907,0.9895230283899585
P05,22,16.363636363636363,0.007578028624425977,0.0016979551717805263,5.6472832640878314e-05,114.61756084458763,0.9951720453422739
P05,23,15.652173913043478,0.0037074255513024506,0.0015520715799859754,1.500274268666431e-05,-37.593784524133305,0.9414615607668769
P05,24,15.0,0.00576174767755289,0.0012258231291381917,3.25232374136116e-05,36.30710946687701,0.9634488345874009
P05,25,14.4,0.011461935636937152,0.0014851326886843208,0.00012542570551666682,29.872230526464513,0.9922857789467001
P05,26,13.846153846153847,0.00518084882026711,0.001075747694329061,2.6247384596791935e-05,15.924371833897316,0.9647422123149153
P05,27,13.333333333333334,0.06389586160800638,0.00048206027771227806,0.0038427201778385538,33.19686870901731,0.9996593174033233
P05,28,12.857142857142858,0.00758962410987869,0.0021061775254412403,5.807502721817059e-05,12.163785573853396,0.984904177047156
P05,29,12.413793103448276,0.008481307760710047,0.0011711826191782018,6.885700991710805e-05,124.96753227587317,0.991611349229972
P05,30,12.0,0.006024253789619814,0.0012686511290518118,3.549945685032804e-05,132.4655608460305,0.9371763559490923
P05,31,11.612903225806452,0.006801006777950626,0.0010926952587413266,4.457007984037642e-05,63.11223353389186,0.9599464289044525
P05,32,11.25,0.0015101813634495732,0.0010055316498250879,3.002393382938604e-06,-108.18496378098305,0.2607452810609978
P05,33,10.909090909090908,0.0023511719011094314,0.0014702120688078921,7.032263506715768e-06,-75.22489462482646,0.11821481598099652
P05,34,10.588235294117647,0.0066673231475870235,0.0014285496155197076,4.357356390578271e-05,-84.04637512745559,0.9930534802035962
P05,35,10.285714285714286,0.007320891882465481,0.0015874704345547595,5.262542294482873e-05,-19.14931111750204,0.9600747185689876
P05,36,10.0,0.8542971410285615,0.002313627827536908,0.6868847269852619,94.01123584494613,0.9999984586616042
P05,37,9.72972972972973,0.005569692508609215,0.001609858341232685,3.139253989495107e-05,127.84979856367622,0.9557670235402299
P05,38,9.473684210526315,0.0015365339475691946,0.0005223273236825536,2.4545110417629447e-06,-35.6206088742549,0.6679303476338082
P05,39,9.23076923076923,0.007491699380142214,0.0015722852520862743,5.4950461104009766e-05,62.435775960203436,0.970079927201875
P05,40,9.0,0.001833789712007982,0.0008260149923466769,3.7364124623776992e-06,-134.1607365251804,0.4474330843588949
P05,41,8.78048780487805,0.0032272964945446207,0.0008573153227153877,1.0423048478765127e-05,86.38803866804538,0.7981091633946763
P05,42,8.571428571428571,0.0032622565993869227,0.0015032236290333807,1.1930082159003133e-05,91.47236686106694,0.946332781006327
P05,43,8.372093023255815,0.0015576257538681077,0.0009557295708609732,3.050980624298036e-06,36.5862958053441,0.46616268736279604
P05,44,8.181818181818182,0.0021965975793112797,0.0010317065711930014,5.437921191982072e-06,13.134710916045753,0.6710056783386271
P05,45,8.0,0.08020688621354857,0.0013761022977515863,0.006056540573275729,-10.854440227363636,0.9998457207045724
P05,46,7.826086956521739,0.0067960452105511075,0.0007464749633619246,4.394947295380546e-05,16.147321920367144,0.9836154296406987
P05,47,7.659574468085107,0.006070217198209753,0.001844542397453595,3.7541221534658855e-05,24.32080301319455,0.9804664577059797
P05,48,7.5,0.011934956827021281,0.0010880855744499185,0.0001351004448598627,109.23505303967137,0.9959471611057894
P05,49,7.346938775510204,0.009107872541284461,0.0007094547413645598,7.850401433872059e-05,80.50552816622937,0.9938240783277033
P05,50,7.2,0.009210060132156523,0.0010926516335406091,8.084441448336611e-05,83.43721512781856,0.9945841172160945
P05,51,7.0588235294117645,0.005544674934088258,0.0013066465903752982,3.035577663663695e-05,69.80062661928575,0.9901432335755948
P05,52,6.923076923076923,0.0063419683628372055,0.0009793707091546578,3.865140081350434e-05,69.63767033926084,0.9845807712258998
P05,53,6.7924528301886795,0.0026536915143208885,0.0008731434148260492,7.266576529895069e-06,86.95004578362153,0.9585518732611946
P05,54,6.666666666666667,0.03741477525874579,0.0014879024702797324,0.001319614132946952,-115.87822970473373,0.999817293956274
P05,55,6.545454545454546,0.003713892756619896,0.0014622590005544812,1.4767497688621053e-05,89.07940220884491,0.9515384783035363
P05,56,6.428571428571429,0.008377005565132722,0.0010301994303980801,6.694394540183407e-05,83.77731124019478,0.9926966551696922
P05,57,6.315789473684211,0.006166501493649201,0.0013409959428184676,3.734750333038756e-05,72.73108242978027,0.9777708702936844
P05,58,6.206896551724138,0.0022001598903102237,0.0012520711080211888,5.8871555195804906e-06,119.83301706735682,0.7248611489655831
P05,59,6.101694915254237,0.008232450301863727,0.0010692357742773772,6.47825545047968e-05,116.839340991129,0.9933329184328253
P05,60,6.0,0.005351492615959897,0.0017663572321489857,2.962092323247388e-05,85.54971764501252,0.9780833547192649
P05,61,5.901639344262295,0.0069055005835944455,0.0010577986032989021,4.584536023783582e-05,157.1530496339055,0.9830113685628963
P05,62,5.806451612903226,0.0031792322449156044,0.001425786750730668,1.1248889884794426e-05,126.14119020723315,0.9347247163995189
P05,63,5.714285714285714,0.03523079850649884,0.0012067999808370855,0.0011693260121268716,-155.61685480889525,0.9997373231904725
P05,64,5.625,0.005657517322005588,0.0010283567218947632,3.1035071813300996e-05,143.16462691530162,0.9481093241261253
P05,65,5.538461538461538,0.0028700058110692427,0.0014914676837847057,9.646019063213558e-06,157.23909351553024,0.8928035787830487
P05,66,5.454545454545454,0.0031206310798467837,0.0012308223830977845,1.0448855661841995e-05,41.39240309480133,0.9417580608134746
P05,67,5.373134328358209,0.001957790986464792,0.0010925340810158497,4.612801409573395e-06,144.89439743057343,0.5936041689907169
P05,68,5.294117647058823,0.003453722596944506,0.001352160602779906,1.2778460545011697e-05,156.2942795968431,0.8284101149501818
P05,69,5.217391304347826,0.0015763199737825746,0.000941238283917352,3.0995269833679264e-06,158.5982637440772,0.6944862156024446
P05,70,5.142857142857143,0.0027946945108786843,0.0010328955966870776,8.269520705315903e-06,95.21836133089232,0.959907044592797
P05,71,5.070422535211268,0.006560260287205898,0.0021149774162548397,4.4346328343854e-05,91.99228505107594,0.9771753503329931
P05,72,5.0,0.1703544686086252,0.0019682945940598844,0.02731672197124238,-83.69254913100063,0.9999835544215764
P05,73,4.931506849315069,0.005184690616688968,0.000964227972302318,2.6081400757725843e-05,93.97949112005398,0.9686474374557846
P05,74,4.864864864864865,0.005188921192080419,0.0015575802598525447,2.738967797784502e-05,135.3164639140268,0.9504452192184206
P05,75,4.8,0.004767403409936836,0.0022217393192444103,2.5574637026807748e-05,166.49830533293445,0.9871137695264055
P05,76,4.7368421052631575,0.0038773773079727957,0.0007736279626718727,1.4652914188561906e-05,145.58331384791614,0.9570815355962222
P05,77,4.675324675324675,0.0048021684587538065,0.0013892222112974536,2.3339143456680008e-05,128.36182412199457,0.9787202880962259
P05,78,4.615384615384615,0.0025887092600754475,0.0011905161348283613,7.51529198016822e-06,113.65484519877316,0.9227033653127649
P05,79,4.556962025316456,0.0030583989467923675,0.0013818952190718442,1.04387802005656e-05,173.7298703992337,0.8272604699822838
P05,80,4.5,0.0034807152952447025,0.0010246214587618812,1.2294680594809398e-05,140.42222088454045,0.8983511158425027
P05,81,4.444444444444445,0.04080999961054079,0.0009507052376582396,0.0015682372414530348,166.35454053817844,0.9997229036940909
P05,82,4.390243902439025,0.004507518287867994,0.0011992108918742145,2.033989790394761e-05,165.56711996899924,0.957103623184346
P05,83,4.337349397590361,0.004724622539121193,0.001254251295811692,2.2349124238486637e-05,-173.62811089772205,0.9429405203407529
P05,84,4.285714285714286,0.0014186046394524417,0.0005907358268392864,2.192400473667986e-06,-18.12874458354919,0.1733019466678793
P05,85,4.235294117647059,0.0036505391779465927,0.0008407600541225968,1.3145177011482775e-05,-165.9001468838382,0.9329539822037005
P05,86,4.186046511627907,0.002700005535047594,0.001216176639435173,8.110521766877105e-06,-148.94116191784997,0.8732657199913432
P05,87,4.137931034482759,0.0030539845688905528,0.0009479577344707331,9.536571773435686e-06,-178.44268139859776,0.9782218763326372
P05,88,4.090909090909091,0.003049721059611897,0.0010739462344513005,9.73152105946063e-06,-163.72331741295847,0.9238613191449837
P05,89,4.044943820224719,0.003641167047746237,0.0005870992295508419,1.2762809784108313e-05,117.67280156376967,0.939508148646043
P05,90,4.0,0.03056773590073092,0.0009029948539539916,0.0008799512382077696,129.52474398305242,0.9997152535465734
P05,91,3.956043956043956,0.0014491848624990098,0.0010388301299755257,2.89271460534496e-06,170.14774223115074,0.37640008029809563
P05,92,3.9130434782608696,0.001833104668782476,0.0005630750276642483,3.4332361677426345e-06,-110.28122504085412,0.6843653684311216
P05,93,3.870967741935484,0.0032851774383521964,0.0011411891979719552,1.1277233431216967e-05,-168.9941885484299,0.9891913265350648
P05,94,3.8297872340425534,0.0028573676245630163,0.0008335188442191704,8.282653186059714e-06,166.77077107611007,0.8032147100522311
P05,95,3.789473684210526,0.0023294627487009966,0.0006486189370196244,5.468100383033217e-06,-119.97614758128596,0.8348730371100103
P05,96,3.75,0.0027959332555527534,0.0008976435611472531,8.047041867182756e-06,178.53005161353923,0.810524644671543
P05,97,3.711340206185567,0.0013281749931470575,0.000633868865960972,2.003364596944496e-06,-40.12741265263015,0.22102304136064338
P05,98,3.673469387755102,0.0018096667792942948,0.0007705343715021013,3.5851145689808096e-06,-118.44893206096364,0.30437254268114167
P05,99,3.6363636363636362,0.021836795090501803,0.0013955095810425232,0.00045042371089807113,35.912465826559654,0.9989434092780636
P05,100,3.6,0.0018670912955311193,0.0014106899623407348,4.973251867616705e-06,-35.69876284806772,0.47095493005386746
P05,101,3.5643564356435644,0.0010654201291394755,0.00047923647064796425,1.2629139794661705e-06,110.75959162784073,0.3246555508693391
P05,102,3.5294117647058822,0.003909850712847409,0.0010575885304160279,1.5359117314786364e-05,166.04894170184477,0.9038719415305578
P05,103,3.495145631067961,0.0018987690805632516,0.0013728639858190568,4.997775717156262e-06,118.70894511104359,0.5273993212068282
P05,104,3.4615384615384617,0.0022754173716004983,0.000959824822574123,5.644293229083939e-06,144.94301881874213,0.6692901367767152
P05,105,3.4285714285714284,0.00236774201258576,0.0010508175166197703,6.199890784027744e-06,138.88712564364587,0.8332898589868787
P05,106,3.3962264150943398,0.002160008686054777,0.0009699578093738515,5.190792638898625e-06,-162.6952392278108,0.6906938404379646
P05,107,3.364485981308411,0.0047093057863488485,0.0014169625571920563,2.2583511115870917e-05,-139.45784186732755,0.9695170095504501
P05,108,3.3333333333333335,0.10748162430073109,0.0024617944573321142,0.01087784702710085,96.12877678924106,0.9999421598377852
P05,109,3.302752293577982,0.003449550411296386,0.001299294577794131,1.264558689643266e-05,-117.73735633842598,0.84279041866522
P05,110,3.272727272727273,0.002004691615457251,0.0010221319307000952,4.6694072274322974e-06,27.586548514030056,0.7796977675041186
P05,111,3.2432432432432434,0.002148959981047038,0.0013874817540545053,5.972391662776942e-06,74.42204748327289,0.6654120829120926
P05,112,3.2142857142857144,0.003375127430453359,0.0010004774340393145,1.1565044655638682e-05,89.25686020254102,0.8543753468510471
P05,113,3.185840707964602,0.001375619619387676,0.0007728919132008096,2.281873540938205e-06,-128.8381014053324,0.6764887337985972
P05,114,3.1578947368421053,0.002302567059198132,0.0011103000728900794,6.0240315460411126e-06,174.58859730152108,0.6551017502033915
P05,115,3.130434782608696,0.0026402448669127646,0.0008796017640133731,7.205248617295092e-06,122.2706061078999,0.781954584115277
P05,116,3.103448275862069,0.0013187804300275091,0.0003658199412618225,1.7499490172031981e-06,118.12556515672367,0.46933994644994714
P05,117,3.076923076923077,0.0222986292140782,0.0010655377175358,0.00046890803215429797,-11.198849364826874,0.9977226249663679
P05,118,3.0508474576271185,0.0021733025945638246,0.0009812590064397129,5.256895883963045e-06,98.53341570907467,0.6442406045507696
P05,119,3.0252100840336134,0.0018212066027281245,0.0005692914013944917,3.401647719547659e-06,118.05779533052326,0.32581312361409437
P05,120,3.0,0.0032866615575901487,0.0007535025832731559,1.063623034982667e-05,137.15951320700802,0.9116345607744679
P05,121,2.975206611570248,0.003030640245232018,0.0011953769088371119,9.845021430728497e-06,75.2779913872933,0.8741229131719328
P05,122,2.9508196721311477,0.0035463646824299014,0.0010366310457590425,1.2757329821277963e-05,138.16694046366186,0.9797681257308039
P05,123,2.926829268292683,0.0023564192002078644,0.0010225472584821024,6.121205006771553e-06,159.48039266641516,0.7023456180927224
P05,124,2.903225806451613,0.002045585879664447,0.0008281993964427101,4.523401954858261e-06,130.77328674715656,0.8694215362266023
P05,125,2.88,0.0034586624543335677,0.0013799160917408184,1.2869400725307868e-05,154.75349921801984,0.9346126240115307
P05,126,2.857142857142857,0.021854957666867354,0.001514242485929304,0.00045138218571974325,-114.26616128912049,0.9977991523761702
P05,127,2.8346456692913384,0.0032412668947407767,0.0009943078286164771,1.0726516105366125e-05,162.78782371284092,0.9336911774285349
P05,128,2.8125,0.003620850410814655,0.0009923972052812728,1.31717290459466e-05,169.29541912157868,0.9687731355693121
P05,129,2.7906976744186047,0.0022944361083792873,0.0008165181298526519,5.516832074851108e-06,-164.17552509361562,0.7891236723008488
P05,130,2.769230769230769,0.0019494546919884448,0.00104425330165044,4.500749680739761e-06,168.42431856306177,0.7188589168732915
P05,131,2.7480916030534353,0.003000999577706238,0.001127878111859981,9.55371183747039e-06,167.6872251122114,0.9177051920807349
P05,132,2.727272727272727,0.0015224587417406725,0.0007109709224298182,2.6156927936490265e-06,-112.36105999435456,0.3378647390904732
P05,133,2.706766917293233,0.00267216916476058,0.00134790241336463,8.264054318691478e-06,-163.03644404328915,0.9242245217309729
P05,134,2.6865671641791047,0.0025327444038487417,0.0008637729545525904,6.669006499280183e-06,174.9465298963281,0.8729329533330744
P05,135,2.6666666666666665,0.016689553721031414,0.0011966209221802924,0.00026333625300871004,-149.28678833263405,0.9980876999185738
P05,136,2.6470588235294117,0.0023134943849529356,0.0008838018206558451,5.703596619571187e-06,174.7309352160455,0.8413321499678915
P05,137,2.627737226277372,0.0028345016383909518,0.0013037047718786863,9.003529112905127e-06,-148.34286044411965,0.8356864585077332
P05,138,2.608695652173913,0.0025561422029019,0.00152977895914318,8.107875890581854e-06,-121.86246602387669,0.967624039845628
P05,139,2.5899280575539567,0.002607783853638,0.0006649087251696673,6.771609641458786e-06,-148.14378664130518,0.9198262291190881
P05,140,2.5714285714285716,0.003061906689384661,0.0009585542503923759,9.605580245065824e-06,-136.33046156212643,0.9189700417266484
P05,141,2.5531914893617023,0.002108771826815057,0.0010839740105014553,5.181470992516158e-06,-130.78268158464982,0.6931441607461399
P05,142,2.535211267605634,0.0016224738448679498,0.001081069608219946,3.469237671706937e-06,-152.7670058687608,0.5884494785383331
P05,143,2.5174825174825175,0.002267677038383658,0.0009108482143658045,5.553206541955797e-06,111.23056246539554,0.8786398800850577
P05,144,2.5,0.018612281470206098,0.0012620169976215673,0.00032731957145705514,-87.85496707931141,0.9989463893303019
P05,145,2.4827586206896552,0.0012364725680974998,0.0006806736895519321,1.837687600475712e-06,147.48726422243715,0.05821623636678125
P05,146,2.4657534246575343,0.0030419617855379174,0.00118153471245384,9.886671207303567e-06,-174.0918342656835,0.8475563223342961
P05,147,2.4489795918367347,0.002378930044139576,0.0006878311274788266,5.7221468624817e-06,-157.12692125482033,0.833500328984283
P05,148,2.4324324324324325,0.0026442390587241597,0.001525475632989247,8.556544364712567e-06,-126.83665661913484,0.8314368289874513
P05,149,2.4161073825503356,0.001895828206826337,0.0010717947422691327,4.349518789023983e-06,166.1449179916574,0.5789434318715015
P05,150,2.4,0.0026783065669475567,0.0007065412862232606,7.17083453139372e-06,-143.93515688527438,0.8243600949809172
P05,151,2.384105960264901,0.0016891987370395815,0.0010824454118377532,3.6871895661791044e-06,-121.3318783258849,0.8501117695650414
P05,152,2.3684210526315788,0.0028683504864335735,0.0007637745872633315,8.237284105031741e-06,-136.97209894766942,0.9298636534130675
P05,153,2.3529411764705883,0.014654445178465047,0.0011299484016561664,0.00020318790235406662,178.61435910572467,0.9983336931958045
P05,154,2.3376623376623376,0.0016557717406865742,0.001411933019934607,4.281030563052865e-06,-137.0052586598188,0.5221478287219635
P05,155,2.3225806451612905,0.0038049219406124392,0.0009988475897327836,1.4473608163349645e-05,-144.45359357260747,0.9216767336961279
P05,156,2.3076923076923075,0.0024790862740244686,0.0010520124452910306,6.733582765939171e-06,-24.826181446682053,0.47318068595000334
P05,157,2.2929936305732483,0.0023916367952314115,0.0013747988383477512,6.974878030364076e-06,-124.45793474090608,0.9024761059015542
P05,158,2.278481012658228,0.0014511032601478941,0.0006117212692467993,2.2990962291259647e-06,-46.887295217894284,0.7159263859622655
P05,159,2.2641509433962264,0.0016957108045137133,0.0007470295816269423,3.175558123770621e-06,-91.92595312313081,0.7013759720098048
P05,160,2.25,0.002046112773563628,0.000844428303223752,4.537693083066804e-06,-144.35029326223665,0.8329253206174061
P05,161,2.2360248447204967,0.0018769125120662374,0.0011070795511308605,4.354925103113004e-06,-114.53572121835096,0.6332452519272532
P05,162,2.2222222222222223,0.012634930370285435,0.0015501580614965796,0.0001522027867719809,117.49650551054022,0.9956529248487554
P05,163,2.208588957055215,0.0020549019638710616,0.0010990503820482271,4.99779456216531e-06,-99.78994407273248,0.629118543744588
P05,164,2.1951219512195124,0.001755113683538975,0.0005030898197113588,3.1151944509968615e-06,-28.496567074864842,0.8606173915591148
P05,165,2.1818181818181817,0.0020071898780881854,0.001111497308335335,4.833621271489675e-06,-107.81637101123947,0.9161606808806033
P05,166,2.1686746987951806,0.0017167833989487808,0.0007937003732419698,3.307986252581378e-06,-123.3678374505077,0.8475100152587614
P05,167,2.155688622754491,0.0020427871195950274,0.0012557643286911107,5.262229167770602e-06,-41.734658157349514,0.6175530188010495
P05,168,2.142857142857143,0.0023936084396958875,0.0009911302228153484,6.223259535699463e-06,-130.86897177577214,0.7225674880972346
P05,169,2.1301775147928996,0.0019129466831887174,0.000854221887383078,4.059403897383869e-06,-43.8796620398332,0.9037157775600094
P05,170,2.1176470588235294,0.0018152514670754557,0.0008232605176810783,3.680775409560044e-06,-61.29753503807202,0.5626336723819588
P05,171,2.1052631578947367,0.011433857841860434,0.001268100845959497,0.00012442072857535419,16.187025443153466,0.9955811307959522
P05,172,2.0930232558139537,0.001855728023137864,0.0008770505173792163,3.895815812346394e-06,-36.37561456225575,0.7899820063474043
P05,173,2.0809248554913293,0.001422361529171243,0.0007377624489983937,2.368739303126452e-06,42.099079031200944,0.2638090583039118
P05,174,2.0689655172413794,0.0011733259215033199,0.000629761657905806,1.630040466541837e-06,41.491651131014585,0.7734777863138873
P05,175,2.057142857142857,0.0015764203157620459,0.0009310295044065465,3.0722077562542435e-06,71.22199199202004,0.3220613767498982
P05,176,2.0454545454545454,0.0016160093847818753,0.0007738124525059937,2.9660695194288243e-06,121.49208348806087,0.45919822987725845
P05,177,2.0338983050847457,0.0013729701728927518,0.0004842114825412888,1.9744544384127003e-06,122.37045403298872,0.42606323749905245
P05,178,2.0224719101123596,0.001993779363653734,0.000995956571924575,4.574043082214611e-06,141.53747551090535,0.572552601560305
P05,179,2.011173184357542,0.0016119295881463253,0.0006845412377590295,2.8440771689307712e-06,-82.93543630745923,0.5647148258307582
P06_R1,1,360.0,0.24929252548760067,0.005696796640402027,0.05833206962356667,-37.524953860845265,0.9996852683561456
P06_R1,2,180.0,0.11578045478071705,0.0024400319970859373,0.012581673128993779,33.070624601268214,0.9995112113045448
P06_R1,3,120.0,0.021143185812939884,0.0027669003928605584,0.0004259871175099,4.671432906133385,0.9923650768228408
P06_R1,4,90.0,0.0553391529725659,0.003003210439316805,0.002880638614091501,-64.47712029369926,0.9993267114640865
P06_R1,5,72.0,0.034443777702105785,0.0031718179982584546,0.00112140290292758,-176.71575768858344,0.996869335585668
P06_R1,6,60.0,0.01829825880901695,0.00288787363472121,0.0003210655731010523,-26.23396913127259,0.9962476414475723
P06_R1,7,51.42857142857143,0.021403932435481148,0.0023946507421507414,0.00043466019913552254,-13.958837256574844,0.9939754151807854
P06_R1,8,45.0,0.025431504684398525,0.001959251807757431,0.0006101180275069533,-118.86780584872054,0.9964082331750695
P06_R1,9,40.0,0.06967434566409313,0.0014393218263503804,0.00455580411279005,-109.09072416058241,0.9998110993427848
P06_R1,10,36.0,0.04062035416580853,0.0018291962475503556,0.0015507694952224698,-107.52758966812301,0.9994827602998106
P06_R1,11,32.72727272727273,0.05724270849960981,0.002345515119116712,0.0030785727407649367,-64.17931941756238,0.9996039015676872
P06_R1,12,30.0,0.07605008133743632,0.0010048319338432654,0.005427121009571137,-33.170224702982104,0.9997715074897447
P06_R1,13,27.692307692307693,0.04695505502373481,0.0019413892909712785,0.00207123415078599,5.2781330417874965,0.998912555572481
P06_R1,14,25.714285714285715,0.04008421224807045,0.0019021798540320336,0.0015106923313895726,42.748066384684215,0.9994637870795089
P06_R1,15,24.0,0.02369934158500917,0.0015159840241850272,0.0005288633819395921,34.9477781133099,0.9982437341514325
P06_R1,16,22.5,0.021292483206294253,0.001660827827263895,0.00042766699826678433,82.77382360223432,0.9969070900626241
P06_R1,17,21.176470588235293,0.028811977480650307,0.0015632486971102503,0.000781056963418969,71.69159941337571,0.9988535945649046
P06_R1,18,20.0,0.4546071398915097,0.0018636259725212055,0.19390308226823,87.4553371261074,0.9999956440588847
P06_R1,19,18.94736842105263,0.026968008227081758,0.0018805252249971996,0.0006851882850260019,74.85244280115471,0.9986676429105965
P06_R1,20,18.0,0.012706574769437812,0.0022670078224239962,0.00015580221159181807,121.15255622773248,0.9915562025669324
P06_R1,21,17.142857142857142,0.01852468411235021,0.0017175631906998965,0.00032429048699975294,83.20666378742068,0.9959105015506153
P06_R1,22,16.363636363636363,0.019955860955018615,0.0009679013050024063,0.0003743775571000833,115.08402210707627,0.9955019797234391
P06_R1,23,15.652173913043478,0.012685704325956986,0.0018911160927658514,0.00015407364779039084,143.59927602977913,0.990531815416419
P06_R1,24,15.0,0.02006254220072413,0.0012821695179045045,0.0003789055569680484,-156.73382729429733,0.9957692605502908
P06_R1,25,14.4,0.007080710302310225,0.0019228227249303861,5.0124323041376563e-05,37.8874984464124,0.9906423174099892
P06_R1,26,13.846153846153847,0.004329634273110743,0.0017518846628960998,2.0175260171832628e-05,169.38377055830955,0.9581533074466936
P06_R1,27,13.333333333333334,0.013732779513635014,0.0011807201186402072,0.00017811332826607484,45.77816894028508,0.9946847513978285
P06_R1,28,12.857142857142858,0.007732363550359439,0.001062213037707088,5.703916707470145e-05,126.82648769577482,0.9642048889722195
P06_R1,29,12.413793103448276,0.004545706785048781,0.0026317079729902388,2.518004587914379e-05,115.23349448478353,0.9577884438929221
P06_R1,30,12.0,0.011193578970185861,0.00136719432150858,0.00011913158806882505,127.06869908861738,0.9927923371419608
P06_R1,31,11.612903225806452,0.003848024211344867,0.0013592768779374395,1.5446672702120568e-05,-148.32958561304338,0.816765462922743
P06_R1,32,11.25,0.005245558067205475,0.002148288239589409,2.9717552206619566e-05,169.85251321863487,0.9341720315257465
P06_R1,33,10.909090909090908,0.004444206330839013,0.0014535372929960066,2.033669346076796e-05,-177.94968483968816,0.9376889032863023
P06_R1,34,10.588235294117647,0.00208495628185897,0.0012406485772916945,5.381386796173097e-06,-122.08687398191118,0.6868167967211629
P06_R1,35,10.285714285714286,0.004470587467222559,0.0011168078088591232,1.9815263039097877e-05,-44.79464214862871,0.9319254634204492
P06_R1,36,10.0,0.8208484847741987,0.0026121507361681357,0.6321492110247442,98.62165800133448,0.9999895255121324
P06_R1,37,9.72972972972973,0.0041239588696963215,0.0012065206048731036,1.717032056033836e-05,110.46173526995692,0.863757961317667
P06_R1,38,9.473684210526315,0.007346881585389572,0.0019613990799137514,5.3837180416688906e-05,41.201699956663624,0.9836695394527488
P06_R1,39,9.23076923076923,0.006701467127823208,0.001095552488369527,4.312143691354981e-05,77.87974615643137,0.9754573542772982
P06_R1,40,9.0,0.006609426263185354,0.0018557822798177387,4.383480992206707e-05,70.09297858011266,0.9672713826612301
P06_R1,41,8.78048780487805,0.0037091580473932483,0.0007731477907848903,1.3418432501417177e-05,52.74795926979468,0.8505220244240101
P06_R1,42,8.571428571428571,0.011429123973012573,0.001622015994798785,0.00012468426949981685,91.7271779301803,0.9914775173522755
P06_R1,43,8.372093023255815,0.01143070128357527,0.0012723822663032603,0.00012400579936008217,106.01972486053072,0.9863628813453434
P06_R1,44,8.181818181818182,0.013199890270365116,0.0017956737791817539,0.00016613856291582666,89.97756707318666,0.9902581109504507
P06_R1,45,8.0,0.030796265064148204,0.001641465399897711,0.0008920210288388356,95.43686111044215,0.9987962998811052
P06_R1,46,7.826086956521739,0.014092452018694279,0.002308167755323928,0.00019077307085901867,91.69501353020566,0.995377314789998
P06_R1,47,7.659574468085107,0.0176829761600018,0.0010168704466266725,0.0002942592858508686,127.41781167363999,0.9992118397365366
P06_R1,48,7.5,0.030546899388757792,0.001173399664662291,0.0008765293678715081,144.28867199931426,0.999074573499094
P06_R1,49,7.346938775510204,0.014809000677356198,0.0009140242752936371,0.00020648177193108248,172.11977255832255,0.9930291007174554
P06_R1,50,7.2,0.011473827481115074,0.0008439232359362482,0.0001241011979743196,-160.46545995079725,0.996663502115986
P06_R1,51,7.0588235294117645,0.007254468904189473,0.001328609217460808,5.0913778432255645e-05,-169.8589733323316,0.9694254851136056
P06_R1,52,6.923076923076923,0.004441507902058042,0.0015426251206102411,2.0529751716433627e-05,-178.66915442615507,0.959921591065486
P06_R1,53,6.7924528301886795,0.0045800997127834146,0.0010633115020815328,2.06334304576501e-05,-130.89845690985325,0.936711520884117
P06_R1,54,6.666666666666667,0.18283558688401028,0.0011118643981686941,0.031364853874983493,-95.26507850147479,0.9999549572985617
P06_R1,55,6.545454545454546,0.0033488966082858363,0.00128895244732189,1.1906221419036005e-05,-145.108825217145,0.9366424608090439
P06_R1,56,6.428571428571429,0.003808061137699463,0.001392409946825427,1.5234086323471136e-05,-159.28138710318112,0.9312160806698169
P06_R1,57,6.315789473684211,0.0036537441630085745,0.001589960822306551,1.4645707759501769e-05,-92.97681475584068,0.8709341307564177
P06_R1,58,6.206896551724138,0.0031435337410082864,0.0012686299708226426,1.0625123988825177e-05,-72.25404398651274,0.8138040388685501
P06_R1,59,6.101694915254237,0.0016208972103548172,0.0007963006732711697,2.99910451809973e-06,58.3026310064033,0.638280920179312
P06_R1,60,6.0,0.008555185042025707,0.0014855794192895585,7.051125390863849e-05,59.31486252584391,0.9869441652431559
P06_R1,61,5.901639344262295,0.006257557365015824,0.0013993893699598208,3.835784330559047e-05,122.25356247831705,0.9695979130399277
P06_R1,62,5.806451612903226,0.0052829646614504094,0.001428237355592778,2.7907433892107413e-05,-147.74889141598172,0.9813469609773371
P06_R1,63,5.714285714285714,0.013543464265497306,0.0012337687425191138,0.00017334656023794529,-124.6481620961938,0.9976264589039605
P06_R1,64,5.625,0.0043233502355006885,0.001213539209441643,1.8757605796640574e-05,-134.79681610855843,0.9642805655670366
P06_R1,65,5.538461538461538,0.004020907432937437,0.001026813235136376,1.605092445741919e-05,-49.54781759943995,0.9663684196759484
P06_R1,66,5.454545454545454,0.013056703634300693,0.001042455579121437,0.0001608679867460562,-37.30728574192054,0.9981429927392207
P06_R1,67,5.373134328358209,0.0023421077019292877,0.0008116813877085947,5.7051215338478324e-06,-19.521511790158293,0.8112272171553588
P06_R1,68,5.294117647058823,0.003747119179106595,0.0013197150869805078,1.4638939527573126e-05,44.779888054277784,0.9220779909330977
P06_R1,69,5.217391304347826,0.0032255176462865458,0.0011622175664539082,1.0910282845067277e-05,116.75193776681687,0.9116303293073127
P06_R1,70,5.142857142857143,0.0036003521742536855,0.0007807264938623411,1.2674016984690873e-05,91.00568575049512,0.9321886978886941
P06_R1,71,5.070422535211268,0.004985356328792722,0.0016241388921696214,2.5503628598692944e-05,122.75154732671467,0.9492179585514073
P06_R1,72,5.0,0.14465253047442397,0.001344926224167292,0.01963208535311645,-69.42884974174852,0.9998942396935113
P06_R1,73,4.931506849315069,0.0021579748555620734,0.0014109488811380824,6.053394363761138e-06,109.11127833218717,0.7129939393189981
P06_R1,74,4.864864864864865,0.0027445538539817476,0.0008246149130848101,7.641168767355016e-06,141.84589981150665,0.821187143901135
P06_R1,75,4.8,0.0022965226931606943,0.0010072973828710796,5.803120246338285e-06,139.38020894498158,0.7292230806935502
P06_R1,76,4.7368421052631575,0.0047844411451450596,0.0011420010141441246,2.2567504046870237e-05,157.5656564060648,0.9853746498967462
P06_R1,77,4.675324675324675,0.005520394742888215,0.0011554288873130807,2.9741694687523278e-05,-148.73019688212588,0.9729264532365606
P06_R1,78,4.615384615384615,0.007745442806831149,0.0009939408785240068,5.70960708178805e-05,-119.38732781552666,0.9969636656325265
P06_R1,79,4.556962025316456,0.004057690283297403,0.0008686258864193856,1.6094381488318303e-05,-109.65331625582019,0.9635985964177974
P06_R1,80,4.5,0.005369970296149048,0.0013709608496661717,2.863817838667656e-05,-125.29052950095789,0.9712363281835206
P06_R1,81,4.444444444444445,0.011963362692128854,0.0008005577927337523,0.0001348204707146803,-76.207203439996,0.9936028552893872
P06_R1,82,4.390243902439025,0.003588824572872741,0.0007956791693349003,1.2624796987502866e-05,-66.95888927038924,0.9452007623685419
P06_R1,83,4.337349397590361,0.0058057240707215605,0.00103125510853609,3.255220449629031e-05,-68.40458607985276,0.9798145583920559
P06_R1,84,4.285714285714286,0.0075278718929007215,0.0014456534236070415,5.488613573668493e-05,-37.021741621698816,0.9936353498115097
P06_R1,85,4.235294117647059,0.0034133069217786444,0.0013204507941288962,1.2406825111171104e-05,40.68824795195526,0.9451863038683339
P06_R1,86,4.186046511627907,0.002468941851916694,0.0011097158938043062,6.760574143239114e-06,82.86616508325557,0.87094948591759
P06_R1,87,4.137931034482759,0.002149700382815011,0.0011669262374859385,5.474228045934478e-06,67.36898712353123,0.7348254409770059
P06_R1,88,4.090909090909091,0.001631894638973032,0.0006629118750776208,2.868479590833554e-06,167.82160101105035,0.5694380927975327
P06_R1,89,4.044943820224719,0.0019886095314666625,0.0007222166810885352,4.151676824892645e-06,165.82967834592807,0.3479058127216272
P06_R1,90,4.0,0.09695391969444077,0.0015858844468030267,0.00882133478436327,107.09128641780234,0.9999027318600824
P06_R1,91,3.956043956043956,0.001502204296366732,0.0008221209143518153,2.6801845436111463e-06,-127.97762825798439,0.7656172781307551
P06_R1,92,3.9130434782608696,0.001456231756582395,0.0008362222448395131,2.5796851273110817e-06,143.4402040789169,0.5253412300892655
P06_R1,93,3.870967741935484,0.0014254858825588678,0.0008493217944467701,2.5093093060326755e-06,-174.83339003293844,0.22707043320020295
P06_R1,94,3.8297872340425534,0.0027274966659576226,0.0007030351086297902,7.401342616935644e-06,154.64113697283466,0.9277629195704507
P06_R1,95,3.789473684210526,0.004760972822261256,0.0012537713869197062,2.258225448723649e-05,112.19677295276908,0.941615482766727
P06_R1,96,3.75,0.005136374000511091,0.0009880791928883069,2.5564019522809375e-05,-178.92155457267174,0.9423126038017322
P06_R1,97,3.711340206185567,0.0015934124598154544,0.0008974589378726277,3.0624532256526088e-06,-121.43432025684385,0.331581137821398
P06_R1,98,3.673469387755102,0.0019064042722404875,0.00102668870142027,4.292956310834011e-06,165.29349904738334,0.5812090879564152
P06_R1,99,3.6363636363636362,0.008700695009900221,0.001007456407556675,7.191328252287266e-05,95.69634762839867,0.9946363692785315
P06_R1,100,3.6,0.0030167791982331736,0.0012167461188148298,9.77145237710717e-06,134.4587262075677,0.9245690135637239
P06_R1,101,3.5643564356435644,0.006100290395279937,0.0011876645490105243,3.610118767530877e-05,142.7046032361135,0.9905989105110128
P06_R1,102,3.5294117647058822,0.012253067273508196,0.0009896385966082443,0.00014170415704866735,150.77658193234944,0.9960923320731374
P06_R1,103,3.495145631067961,0.005852011507299937,0.0008340857071327171,3.2711693292400633e-05,-173.99169226116604,0.9825558644378408
P06_R1,104,3.4615384615384617,0.005497966860453476,0.0011071062971771772,2.9371092043646285e-05,-153.93017505555346,0.9768918666523527
P06_R1,105,3.4285714285714284,0.0052742526716530284,0.0016211714183408667,2.8355632190586375e-05,-135.55362903050852,0.9785771391358925
P06_R1,106,3.3962264150943398,0.0037892031453072143,0.0009700545927573374,1.424987698233033e-05,-156.13809275229397,0.9739475363891735
P06_R1,107,3.364485981308411,0.003350175088040877,0.0009842885343975263,1.1349208551295393e-05,-102.14558985617056,0.9748055546107413
P06_R1,108,3.3333333333333335,0.08000459383485467,0.0019194510005002801,0.006007432066038709,107.87087613473261,0.9998722011025806
P06_R1,109,3.302752293577982,0.002915413459209501,0.0012876644407901925,9.369739751422324e-06,-142.79733542106513,0.9520817886699801
P06_R1,110,3.272727272727273,0.0015669519418595296,0.0008424701578690862,2.901698140700329e-06,-137.13168447243038,0.6350067004550564
P06_R1,111,3.2432432432432434,0.0016307665332512759,0.000693529905639181,2.898705087445801e-06,-173.89718142747984,0.6943865400958478
P06_R1,112,3.2142857142857144,0.0016660673460763774,0.0009098720988123877,3.303469344098061e-06,-97.6575530716448,0.2768289511433892
P06_R1,113,3.185840707964602,0.0018043271883957418,0.0009272487777044881,3.7775841389639463e-06,2.3141274399391785,0.7173065374589472
P06_R1,114,3.1578947368421053,0.004127199033103865,0.0010709384958522293,1.6951292667561505e-05,82.32025386626691,0.9816537750951556
P06_R1,115,3.130434782608696,0.002151379931370261,0.0009920854545155781,5.1584458570853795e-06,111.6593700686521,0.9239715974774425
P06_R1,116,3.103448275862069,0.0014629304698203166,0.0006273329718190408,2.33870779329596e-06,104.75029858422207,0.4941535310826732
P06_R1,117,3.076923076923077,0.005610355943335183,0.0008735346898179483,3.0183302985222956e-05,144.88420956578676,0.9843452292525037
P06_R1,118,3.0508474576271185,0.003347120803945583,0.0012916195736423863,1.1916967167106701e-05,146.7166744762968,0.8648841312450549
P06_R1,119,3.0252100840336134,0.0018286101037979809,0.0009839478394112911,3.956841420148417e-06,143.3568700615257,0.9094246067341839
P06_R1,120,3.0,0.004838848297763782,0.0010245071905697072,2.2860388201885816e-05,157.88529468992857,0.9661370900610851
P06_R1,121,2.975206611570248,0.0034919782696613646,0.001078401731082091,1.2408587166014664e-05,176.6448003247275,0.9617036097377358
P06_R1,122,2.9508196721311477,0.0024939128176812214,0.0010964772861262943,6.855054068409645e-06,-149.1606381819826,0.951740855163284
P06_R1,123,2.926829268292683,0.002280586160059558,0.0010727095821937167,5.838312719159188e-06,139.62890107249865,0.9375596964107749
P06_R1,124,2.903225806451613,0.0026646221999968977,0.000749006144897524,7.129256039205493e-06,103.4979902481628,0.8651360757959312
P06_R1,125,2.88,0.0033367664308067597,0.0015557663281438312,1.2495903745734024e-05,130.48032833417588,0.9505751105907658
P06_R1,126,2.857142857142857,0.05299666829797556,0.0013012523604124377,0.002636428240627373,-85.57561719399106,0.9997068884505129
P06_R1,127,2.8346456692913384,0.002300811189331994,0.0009446758820766727,5.7219263266130115e-06,146.73793459368932,0.9033476760095667
P06_R1,128,2.8125,0.0019446066751649602,0.0007084189242351131,3.969854511623144e-06,142.841415687584,0.6570476879641596
P06_R1,129,2.7906976744186047,0.002349767667865539,0.0011638854858764354,6.3144688351980295e-06,-179.50024192518913,0.7102386181019948
P06_R1,130,2.769230769230769,0.0023011400211017503,0.0007633736391382298,5.45923237066077e-06,-158.49063040582473,0.6995379588090721
P06_R1,131,2.7480916030534353,0.003884467326319911,0.0010371002730307874,1.5056371217280488e-05,-152.71903197554104,0.9539905610870644
P06_R1,132,2.727272727272727,0.0022685229907229887,0.0008412356769886398,5.427945579651441e-06,-170.34962256662035,0.752440106617769
P06_R1,133,2.706766917293233,0.002519036275014797,0.0010452936000536492,6.866659378780947e-06,-166.36464038655004,0.9532111687286611
P06_R1,134,2.6865671641791047,0.0026357606174058977,0.0007825803503191387,7.023762992297287e-06,-154.94266729241986,0.9182140056206043
P06_R1,135,2.6666666666666665,0.00663646480476984,0.001243628770377872,4.2634698454689985e-05,-95.3008024854545,0.9960924381139307
P06_R1,136,2.6470588235294117,0.002175118689730925,0.0010022581776616048,5.288014790711234e-06,-121.6674969254477,0.7995263351005282
P06_R1,137,2.627737226277372,0.0017172750674053234,0.0009817232843196645,3.576410153276494e-06,-74.61797104694269,0.8814941250899404
P06_R1,138,2.608695652173913,0.004826743243302964,0.0007963674690432932,2.2381102701961852e-05,-26.140884470598536,0.980736973623786
P06_R1,139,2.5899280575539567,0.0017297668330629869,0.0008163662161055153,3.3640648104024933e-06,-176.12721933744106,0.28460783410975954
P06_R1,140,2.5714285714285716,0.001235416665445592,0.000720428381342719,1.8706180769544681e-06,118.69620985128927,0.43816340982394797
P06_R1,141,2.5531914893617023,0.0017616846937243257,0.0008913906396744002,3.5797644862535743e-06,106.35894082682145,0.7338687929678518
P06_R1,142,2.535211267605634,0.0014632618629051614,0.0006161993063137546,2.3257490440674103e-06,162.27823313244303,0.5216508309756107
P06_R1,143,2.5174825174825175,0.0017225091266406436,0.0007407307297122308,3.2473632951417073e-06,169.55973912211894,0.7367276128944288
P06_R1,144,2.5,0.008793042459871146,0.0009551547896952482,7.327478310953827e-05,-10.127220571376677,0.9976595810312734
P06_R1,145,2.4827586206896552,0.001881742385273847,0.0009010139004183663,4.0010482494444936e-06,-154.6333531688083,0.41205322054163984
P06_R1,146,2.4657534246575343,0.0011941829483257398,0.00045094081369967306,1.5120512198270517e-06,-143.5642862709127,0.8465261228841249
P06_R1,147,2.4489795918367347,0.0012725547813921406,0.000940662312134456,2.266551727963459e-06,-165.8801868528239,0.4208563941104654
P06_R1,148,2.4324324324324325,0.002442199945951828,0.0011030455856556006,6.63857906502712e-06,-153.22814495848144,0.8367564760929107
P06_R1,149,2.4161073825503356,0.001561776677774728,0.0008463715026367801,2.8993491377323017e-06,151.37468283581214,0.3042366373269909
P06_R1,150,2.4,0.002894218386525046,0.0010312787526935354,8.758621234082847e-06,-111.6015588907491,0.9038277330529212
P06_R1,151,2.384105960264901,0.0014590320569025813,0.0009133646052453385,2.6970229932559743e-06,-111.23783674398824,0.773760996621824
P06_R1,152,2.3684210526315788,0.0013008589799884545,0.0007110512742521211,2.0088775830564696e-06,-80.1793345543605,0.24728954762127722
P06_R1,153,2.3529411764705883,0.0019745447279040478,0.0009549614290760463,4.435132855068311e-06,-1.0088914745113087,0.886620111615004
P06_R1,154,2.3376623376623376,0.001731297265321988,0.0008699580817852513,3.4545204835928773e-06,-79.6105979421719,0.7294383462302089
P06_R1,155,2.3225806451612905,0.0015957093178784244,0.0009953845512560816,3.223853679607314e-06,164.0598875314704,0.40334481502917774
P06_R1,156,2.3076923076923075,0.0012151654037672991,0.0006068127884799247,1.6982411985010327e-06,-153.3308224404995,0.28130106321252857
P06_R1,157,2.2929936305732483,0.0014014899362360203,0.0010564379575034027,2.7768172938196587e-06,141.85303559400737,0.5595636714330496
P06_R1,158,2.278481012658228,0.0014239399878798401,0.000659208594677858,2.2698269556951133e-06,-143.1380927170616,0.5942401118190876
P06_R1,159,2.2641509433962264,0.0019135064444259129,0.0006515695336951995,3.7912638167262605e-06,-117.8971471828683,0.733250164223835
P06_R1,160,2.25,0.0013319940193330124,0.0005860818594137769,1.9562990139204846e-06,-113.82482034777102,0.6421286358435575
P06_R1,161,2.2360248447204967,0.0019416301938584458,0.0005797741285450588,3.825757641398095e-06,-117.49737852155341,0.9541140825763
P06_R1,162,2.2222222222222223,0.0306242615722269,0.0014953471180242485,0.0008817206393879177,114.64051441372916,0.9994568094019164
P06_R1,163,2.208588957055215,0.002012304559332099,0.0009211557753440582,4.517147091395868e-06,-72.94754893209682,0.8754791585662308
P06_R1,164,2.1951219512195124,0.0012466499664462482,0.0008220117286588147,2.0243180375269256e-06,-67.15771141421777,0.061866700416019355
P06_R1,165,2.1818181818181817,0.0023898460062613774,0.0007455402263339669,5.822588449339772e-06,-124.33916683064272,0.6789292282193479
P06_R1,166,2.1686746987951806,0.001670683086448866,0.0009724858923698252,3.4200605577699598e-06,117.51889195114104,0.5800869867037909
P06_R1,167,2.155688622754491,0.0011367236861715532,0.000832581598716912,1.7919630013200015e-06,51.38408486741326,0.40664363145954097
P06_R1,168,2.142857142857143,0.0011425458342424284,0.0004790775779718419,1.4178783954225586e-06,93.35135261922984,0.2516600940396775
P06_R1,169,2.1301775147928996,0.001552079161891341,0.0007735629766822837,2.7601601788440637e-06,111.5355762133614,0.44277137405305944
P06_R1,170,2.1176470588235294,0.0015819364524792367,0.0006594787253318835,2.712784841777883e-06,116.29977223894936,0.7339587440287229
P06_R1,171,2.1052631578947367,0.00495319869794259,0.0010643540641313263,2.3973202809164206e-05,132.4969726240426,0.9822206157657067
P06_R1,172,2.0930232558139537,0.0021079268925810035,0.0010945857933787973,5.169374782936079e-06,133.0190452189254,0.8286542578581397
P06_R1,173,2.0809248554913293,0.002647188578848092,0.0012724801455840332,7.923864911967688e-06,163.53379326918903,0.9712202589251919
P06_R1,174,2.0689655172413794,0.004884126047752065,0.0009619816127436724,2.3173335010426325e-05,171.3943536513217,0.9565279165888451
P06_R1,175,2.057142857142857,0.0026555585100286284,0.0013409717928654242,8.135615213996862e-06,175.908031576163,0.9490696300695552
P06_R1,176,2.0454545454545454,0.002796403821528599,0.0010005548488399773,8.178276622407452e-06,-147.86397020306984,0.9659072203142799
P06_R1,177,2.0338983050847457,0.002500472815180088,0.000781401682195575,6.373825384612705e-06,176.8024219296337,0.9356270225960172
P06_R1,178,2.0224719101123596,0.0022504557280368376,0.0009796347713074052,5.562153167513482e-06,163.24596231539098,0.8883342800300982
P06_R1,179,2.011173184357542,0.0017983973489502942,0.0006431647221430484,3.381282297336985e-06,-159.2646809998333,0.8697121427011223
P06_R2,1,360.0,0.2837594741574604,0.0013632825685632075,0.07429408677796781,-30.289787976549956,0.9998947296374303
P06_R2,2,180.0,0.12023994542593874,0.002727625164488859,0.013345061508602138,27.64192981104508,0.9998744997349457
P06_R2,3,120.0,0.015755449033173632,0.0021780952929376543,0.00023296501235462236,-33.48522740278895,0.9884988352216484
P06_R2,4,90.0,0.0525844204798546,0.003151288913353924,0.0025589678853038507,-69.84024179821193,0.9991043021701368
P06_R2,5,72.0,0.030889986808006926,0.002924038582751998,0.0008873132187598637,-170.9262137032122,0.9974233424748821
P06_R2,6,60.0,0.016438871347972416,0.0024361123210022142,0.0002543464567142706,-28.516600542005627,0.9868388810479184
P06_R2,7,51.42857142857143,0.02024954129640987,0.0015075317264313186,0.00038019439853359944,-15.740092389744593,0.9972739750257325
P06_R2,8,45.0,0.02472195381577783,0.0016592538586197771,0.000566213223720949,-117.28444814934494,0.9958453261827924
P06_R2,9,40.0,0.0665162338294621,0.001772182460924448,0.004084775538712797,-108.50605518159644,0.9997828949486006
P06_R2,10,36.0,0.03791593414308805,0.0010809522289702313,0.0013273755343202254,-108.72791744439037,0.9986174414524084
P06_R2,11,32.72727272727273,0.05656047001462122,0.0020936252922280096,0.0029554769493035345,-66.42254764088783,0.9992417278793942
P06_R2,12,30.0,0.07605448441892071,0.0017259262227891585,0.005339457177670188,-42.24872499547383,0.9997751410813581
P06_R2,13,27.692307692307693,0.049534065558697195,0.0023040291680171887,0.0022683396906120314,5.916228580921849,0.9988377908966611
P06_R2,14,25.714285714285715,0.042839794819892495,0.002141373361441483,0.001697234398397977,42.926961713526374,0.9995763518818667
P06_R2,15,24.0,0.024824371109284458,0.0011107639986356883,0.0005695668079298401,36.90837045319689,0.9966157307805749
P06_R2,16,22.5,0.024218188761770697,0.0019034851541020752,0.000544189493992149,80.13012755911463,0.9986201621840531
P06_R2,17,21.176470588235293,0.029477066314234007,0.0012652574518347214,0.0008030309516651489,69.32775009004642,0.9993987842822767
P06_R2,18,20.0,0.45658297944200116,0.00162985524286342,0.19234894501416805,87.11222346935695,0.9999921379816751
P06_R2,19,18.94736842105263,0.02695921871189444,0.0017920501292130236,0.0006732157973279421,70.4058591541428,0.998408200288084
P06_R2,20,18.0,0.010810823941278785,0.002286034325074663,0.00011213113049930487,112.966778464979,0.9867357907285634
P06_R2,21,17.142857142857142,0.018313849543854045,0.001937860812119145,0.0003125015949142899,87.2532016033141,0.996231564671941
P06_R2,22,16.363636363636363,0.019146279654685933,0.0015823716221420204,0.0003403767949055203,110.35712958918789,0.9979911412677529
P06_R2,23,15.652173913043478,0.010971348916546789,0.0012185070285331777,0.00011227724690210054,142.64386041910447,0.9899868978125362
P06_R2,24,15.0,0.018099833740333405,0.0015411124154565208,0.0003042041980023249,-147.75712084006182,0.997228750811159
P06_R2,25,14.4,0.005710203241896091,0.0021831951392537914,3.405462952742289e-05,28.115398382821596,0.9756058603044497
P06_R2,26,13.846153846153847,0.005175939472894696,0.0018582695707521255,2.759984834687307e-05,175.89504026070117,0.951071397597264
P06_R2,27,13.333333333333334,0.013899600263358361,0.0014141774184075774,0.00017991842751388887,41.79466667666213,0.996845233832018
P06_R2,28,12.857142857142858,0.008036752771972001,0.0013002499993508897,6.098693816061601e-05,122.93682445947763,0.983601969634652
P06_R2,29,12.413793103448276,0.004121111443369084,0.0018182106767314914,1.8433729439449003e-05,132.4898508110805,0.9175060622695136
P06_R2,30,12.0,0.012297270373531587,0.0017609993429884706,0.00014210292864157216,122.77900074110869,0.9959876531667923
P06_R2,31,11.612903225806452,0.004565666869321562,0.0018381848062117136,2.2061043945545846e-05,-148.85696445961943,0.9458241065486136
P06_R2,32,11.25,0.003837065641118781,0.0010083800270793116,1.4421670303343668e-05,167.5051704916034,0.93190137984437
P06_R2,33,10.909090909090908,0.005414375477129624,0.0016778959197569813,2.938738178420888e-05,173.1175180775602,0.9602575292576321
P06_R2,34,10.588235294117647,0.0022893049207374605,0.0012490423313077296,6.1246375036028265e-06,-104.38408755565953,0.49683621182398624
P06_R2,35,10.285714285714286,0.003694143880554778,0.0012846050149586945,1.3956822677630793e-05,-51.241950697826134,0.887555786450303
P06_R2,36,10.0,0.8201237842906088,0.0014072129451724528,0.6205916201827336,98.31225572880552,0.9999897261311639
P06_R2,37,9.72972972972973,0.004088063229104425,0.0012529673711085504,1.673263595765428e-05,109.66149961584236,0.8964019784759351
P06_R2,38,9.473684210526315,0.006240722084555623,0.0016527336958632954,3.822294100766325e-05,39.78733984456003,0.9896082595325305
P06_R2,39,9.23076923076923,0.0065183311471508935,0.0016064340137654908,4.13786866391594e-05,72.35938956729062,0.9911102097729356
P06_R2,40,9.0,0.007749638912351276,0.001518449993645055,5.7296893540141483e-05,66.14446147637429,0.9965346633053116
P06_R2,41,8.78048780487805,0.003428552857485033,0.0010426692700460736,1.1743692045374222e-05,54.15216158541931,0.9602926670955682
P06_R2,42,8.571428571428571,0.010920329195813622,0.0015005614815274374,0.00011192839381965824,92.73485524756725,0.9970694865997195
P06_R2,43,8.372093023255815,0.011722604894038084,0.0014310725005915095,0.00012852390859016428,100.57806730907346,0.9953851839555786
P06_R2,44,8.181818181818182,0.013872940381265709,0.001634823008061803,0.00017983526497030342,89.1355574853156,0.9978106798232963
P06_R2,45,8.0,0.031370116391962535,0.0018204140012341324,0.0009106351004295012,95.9265228359788,0.999439555924399
P06_R2,46,7.826086956521739,0.01280080790687622,0.0013544216906893763,0.00015270858745135906,90.59439880973885,0.9970277284776895
P06_R2,47,7.659574468085107,0.017807549552703875,0.0009897733313012367,0.000293413854408418,126.09964122643132,0.9983701814751733
P06_R2,48,7.5,0.030230291336298933,0.002366554837005107,0.0008475856859172607,136.83922819689758,0.99881072180428
P06_R2,49,7.346938775510204,0.01445683980300252,0.0014592077444144226,0.0001945959937625443,178.17488966915144,0.9945400304404453
P06_R2,50,7.2,0.012002710353534006,0.0016218950613675351,0.00013509246611430483,-164.5643427148398,0.9961502928684082
P06_R2,51,7.0588235294117645,0.007294351900597527,0.0010604739604409559,5.001436581014426e-05,-164.20051386825477,0.9701263416579244
P06_R2,52,6.923076923076923,0.0035359156945627994,0.0007612649159864092,1.2014645490779279e-05,-179.2517174838551,0.9286114297460315
P06_R2,53,6.7924528301886795,0.005104152496961502,0.0015697094822732785,2.6089021816064597e-05,-125.86691373900953,0.9436659066429913
P06_R2,54,6.666666666666667,0.18447677691046932,0.0007929103726141687,0.03140052613898901,-96.00299949993214,0.9999633124164956
P06_R2,55,6.545454545454546,0.004093030296945124,0.0008981326639798091,1.6123909295748758e-05,-152.50543071568782,0.9335818749411093
P06_R2,56,6.428571428571429,0.0038301649461083506,0.0009200579681771973,1.4248834769261771e-05,-161.8309759807626,0.9461433641317094
P06_R2,57,6.315789473684211,0.0036416201921722993,0.0012836614964524592,1.3610435029066478e-05,-114.42796063313982,0.9285356814253697
P06_R2,58,6.206896551724138,0.0029117726003913052,0.0010335498020823987,8.714863507242976e-06,-73.09807694737414,0.936433138834731
P06_R2,59,6.101694915254237,0.0014372743057274322,0.000999275926428952,2.734071443769648e-06,70.18212259427702,0.44819263795634107
P06_R2,60,6.0,0.00985626716948675,0.0009274501343920793,9.032285439353684e-05,55.88870049871159,0.9958934251457647
P06_R2,61,5.901639344262295,0.004993922421171136,0.0009313060712463952,2.3723995983470736e-05,114.02620970969265,0.980032310365314
P06_R2,62,5.806451612903226,0.0053069201108620605,0.0009278925798553424,2.670735080671935e-05,-150.84429018842093,0.9930992596778568
P06_R2,63,5.714285714285714,0.014161033466862372,0.001243118001798469,0.00018632918390298648,-127.64386622135139,0.9969659900995985
P06_R2,64,5.625,0.004544605237131006,0.0011501241435032511,2.0153677913742887e-05,-125.95040535971606,0.9756132277941003
P06_R2,65,5.538461538461538,0.004524632958475138,0.0010224072706184382,1.9772407384787762e-05,-52.28976076679657,0.9550459885733434
P06_R2,66,5.454545454545454,0.012800253433363204,0.0012524814642788354,0.0001524130680918177,-51.49681709092914,0.9970204417497733
P06_R2,67,5.373134328358209,0.0022042601838061873,0.0012357811007214562,5.752385668762217e-06,-19.755894934053412,0.5615315799441825
P06_R2,68,5.294117647058823,0.00465505643664655,0.0010020905747646967,2.0811174470633593e-05,56.65785888047029,0.9361474931585652
P06_R2,69,5.217391304347826,0.0037846886114596768,0.0009747310875287166,1.4005049417672806e-05,93.6433552127639,0.9644420630148008
P06_R2,70,5.142857142857143,0.00282826615581685,0.0013183738137140977,8.814105510625187e-06,94.93395205414254,0.8970390424619427
P06_R2,71,5.070422535211268,0.0046810482918411105,0.0013341773179745319,2.169464261817336e-05,117.25486707668172,0.9569963526273562
P06_R2,72,5.0,0.1426234224860606,0.0013600399362151303,0.018769610820781556,-70.41964892466127,0.9999706924307348
P06_R2,73,4.931506849315069,0.0019471700842693912,0.000870264660057247,4.12630984928384e-06,70.0668414935026,0.7191051094675867
P06_R2,74,4.864864864864865,0.0024868022967932057,0.0008851874072984179,6.356957562005521e-06,136.7885777036872,0.9060626603076761
P06_R2,75,4.8,0.002315109511209706,0.0015259463362759865,6.882438542343674e-06,125.59525477952333,0.7560573431721785
P06_R2,76,4.7368421052631575,0.004786946367243258,0.0009661229277605338,2.1906608020372694e-05,164.37749900715838,0.9575976229142513
P06_R2,77,4.675324675324675,0.005165077521711036,0.0008307754300630829,2.518819780098181e-05,-152.21312005197842,0.991321091607019
P06_R2,78,4.615384615384615,0.007276773277640355,0.0013684581821011173,5.039570272728568e-05,-114.2737608247148,0.9979394314754018
P06_R2,79,4.556962025316456,0.00407404326484522,0.000757224794445925,1.5783403888286322e-05,-117.47948542079064,0.9778073651102223
P06_R2,80,4.5,0.005300006677389404,0.0014286328184276113,2.764216310605225e-05,-133.0318539933368,0.9607857221955355
P06_R2,81,4.444444444444445,0.011938741975524355,0.0013949826155213842,0.0001331278628007824,-77.25336452047664,0.9982733032171968
P06_R2,82,4.390243902439025,0.004598943688567816,0.0012317946523261619,2.0787412752180002e-05,-60.5473328396875,0.9709494443800879
P06_R2,83,4.337349397590361,0.005676139189828479,0.001095323808143485,3.0749471674920726e-05,-68.44618670537612,0.9800958080659085
P06_R2,84,4.285714285714286,0.007326377331735828,0.0008690201402362267,5.015545931206195e-05,-44.010062776137055,0.9911316760112545
P06_R2,85,4.235294117647059,0.0033812794524219368,0.000986297478274914,1.1355474412748729e-05,46.67685878374844,0.9442297229215526
P06_R2,86,4.186046511627907,0.0031697622678254177,0.0008909662648776744,9.937351677661454e-06,91.14861959357246,0.951452307260341
P06_R2,87,4.137931034482759,0.001525340349212962,0.0008878247417846477,2.7995662800205528e-06,52.34841500819172,0.5483250310963423
P06_R2,88,4.090909090909091,0.001791975072245011,0.0006635618929933884,3.3272680538128585e-06,155.77317197702914,0.5673111531307898
P06_R2,89,4.044943820224719,0.001961514620265178,0.0008841083721554166,4.194273594818785e-06,-179.9572300661264,0.6960897347338252
P06_R2,90,4.0,0.0952262191676369,0.0007675847828556896,0.008367540592756425,105.43683195148056,0.9999366175148569
P06_R2,91,3.956043956043956,0.0018985837048411049,0.001189032382559015,4.512702880014981e-06,-158.74243260609052,0.696346814183258
P06_R2,92,3.9130434782608696,0.0014010715546021553,0.0008513589244761164,2.412742640146824e-06,112.09311665149067,0.5159267871373275
P06_R2,93,3.870967741935484,0.0014106759037762913,0.0005788527169573931,2.1163339128015716e-06,-177.93092689843027,0.3773348495641879
P06_R2,94,3.8297872340425534,0.0034819881229423283,0.0009106483328488078,1.1881256034691777e-05,155.32379362396412,0.9415149501743092
P06_R2,95,3.789473684210526,0.00417626324742102,0.0007130689155579308,1.6517228017878455e-05,111.72220468815463,0.9656429512602319
P06_R2,96,3.75,0.004177122622524253,0.0004307664805794968,1.6258498100800134e-05,-169.30623982276782,0.9878357873044702
P06_R2,97,3.711340206185567,0.001669446776988537,0.000838087934073537,3.1564748074648944e-06,-157.36944263580082,0.7101923172584755
P06_R2,98,3.673469387755102,0.0014699228746744993,0.000839423426680506,2.5788709278588974e-06,133.10467247428363,0.6108773147258668
P06_R2,99,3.6363636363636362,0.009192817542803782,0.0007011407287908463,7.840130666229852e-05,100.19619339395469,0.9942262359237799
P06_R2,100,3.6,0.004149491960355671,0.001151123199018686,1.6984948573678392e-05,147.28265019627705,0.97062109940672
P06_R2,101,3.5643564356435644,0.005890408552688241,0.0013254154175635986,3.3481918574610514e-05,146.40086765877143,0.986904171235582
P06_R2,102,3.5294117647058822,0.011441141683433229,0.001178168353514146,0.00012188157902878452,144.50063824985233,0.9975862465666501
P06_R2,103,3.495145631067961,0.005484377618523963,0.0006448189200385179,2.809251709344793e-05,-174.9337520142381,0.9811703179123838
P06_R2,104,3.4615384615384617,0.004410306275374916,0.0009295061703229454,1.8666789008219742e-05,-152.21453464673806,0.9733576528405629
P06_R2,105,3.4285714285714284,0.00582689967027868,0.001155348731450381,3.243038789620621e-05,-144.05249612161288,0.9948407774671494
P06_R2,106,3.3962264150943398,0.0030746384697843488,0.0006668876183450116,9.083867420004976e-06,-150.2012866536435,0.9587933439673527
P06_R2,107,3.364485981308411,0.0036052863248269237,0.0009584205979139415,1.2770007689613875e-05,-108.5450233682582,0.9705132592119499
P06_R2,108,3.3333333333333335,0.0777517370745539,0.0009565309421359058,0.0055785936341970635,107.40870472762563,0.9999558256594265
P06_R2,109,3.302752293577982,0.002783721435065394,0.000982562905478515,7.946371529980986e-06,-153.68299706650006,0.8681051629959136
P06_R2,110,3.272727272727273,0.0015742109776086897,0.0008273926926606444,2.8536767808839525e-06,-111.17058337300104,0.5576918540145913
P06_R2,111,3.2432432432432434,0.0016135899304423288,0.0010088428865736695,3.2442435411567804e-06,-160.3384759086173,0.44075988861737625
P06_R2,112,3.2142857142857144,0.0010498773681157018,0.000598050053635017,1.3116098803665217e-06,-153.78671806506046,0.2562338837942581
P06_R2,113,3.185840707964602,0.001894549166170267,0.0007456962592209298,3.77778351240668e-06,-14.909772568208638,0.6897332298800825
P06_R2,114,3.1578947368421053,0.004102326296801867,0.0011929198826092446,1.6716105141223297e-05,79.99288424036155,0.9875036502483813
P06_R2,115,3.130434782608696,0.002054858130577343,0.000883313166059798,4.544102569701671e-06,123.77773819160366,0.9472395460197954
P06_R2,116,3.103448275862069,0.0012279936241522983,0.00086592681445744,2.010407676103646e-06,130.70350227360404,0.5885118942011701
P06_R2,117,3.076923076923077,0.0044374750480931984,0.001571480516508607,2.021356051096934e-05,133.8656436198415,0.96330383227015
P06_R2,118,3.0508474576271185,0.002413816379877408,0.0010235310392098373,6.252266073553223e-06,119.49162101949582,0.8526496240502272
P06_R2,119,3.0252100840336134,0.0022484860433454467,0.0008540813461904144,5.2666507520497555e-06,134.3444184672458,0.9324015644983052
P06_R2,120,3.0,0.00463147360614717,0.0008277491767813387,2.0370593934408467e-05,162.69800937601704,0.981698941475775
P06_R2,121,2.975206611570248,0.002766349794486888,0.0009333484397127648,7.781349157441041e-06,-178.57962873845625,0.9168836744787563
P06_R2,122,2.9508196721311477,0.0024448678401639634,0.0007810570382758017,6.022474595207779e-06,-148.5981565288957,0.926789925471893
P06_R2,123,2.926829268292683,0.0016295073591886789,0.0009318569051031261,3.1730534327147973e-06,125.07172789813352,0.6856602135386962
P06_R2,124,2.903225806451613,0.0023993896621914827,0.0010092679970336972,6.1510732452286876e-06,92.69895933792316,0.917558330160844
P06_R2,125,2.88,0.003349048898084247,0.0010879440684049624,1.1334243400506512e-05,136.8102352795133,0.9471456849322469
P06_R2,126,2.857142857142857,0.05136281250227853,0.0009002290349223408,0.0024347298301359167,-87.59843432527516,0.9996659005102172
P06_R2,127,2.8346456692913384,0.0029202821253474015,0.0010357061889065644,8.760628394702316e-06,140.00550307924638,0.9234332834538024
P06_R2,128,2.8125,0.002626520898932989,0.0009337465605929506,7.083086779853422e-06,168.06692888065015,0.963456548426533
P06_R2,129,2.7906976744186047,0.002259108798005652,0.0008855728765401014,5.355820829551606e-06,-167.41055037115922,0.86193187721927
P06_R2,130,2.769230769230769,0.002614163980385986,0.001119201549356493,7.3538887721822005e-06,-159.35108100170933,0.9186119399784063
P06_R2,131,2.7480916030534353,0.0037050334612058777,0.000557788122343216,1.2925866308456251e-05,-162.78638962122656,0.9476252146774204
P06_R2,132,2.727272727272727,0.001885570929661562,0.001031728955019898,4.1628825918400615e-06,179.67872170980837,0.842009828996639
P06_R2,133,2.706766917293233,0.0022499064666820323,0.0006508763252405056,5.025282579854233e-06,-173.35493670653204,0.9364413721072281
P06_R2,134,2.6865671641791047,0.0032483055280927097,0.0009070785342419368,1.041631793383211e-05,-154.4514807142566,0.9790324797173083
P06_R2,135,2.6666666666666665,0.0060306830328221775,0.0010884593571640398,3.4553453609378784e-05,-100.95172907082092,0.9876579609489954
P06_R2,136,2.6470588235294117,0.002558318466726185,0.000859482993491998,6.6521711533099915e-06,-119.64479040691364,0.9210013041330135
P06_R2,137,2.627737226277372,0.0015988360900762496,0.0006724268349871088,2.731213873430512e-06,-74.49341324431659,0.9108252522593827
P06_R2,138,2.608695652173913,0.004331844959219691,0.0009761587365854469,1.8095093673295644e-05,-44.822397842037525,0.9869340547324675
P06_R2,139,2.5899280575539567,0.0012096460243472445,0.0006663282302097123,1.7196690230669048e-06,90.51684484110437,0.29112055836833894
P06_R2,140,2.5714285714285716,0.0011487470629075126,0.00033612503377138776,1.312428731281965e-06,134.3613068161085,0.6598864032125362
P06_R2,141,2.5531914893617023,0.001702537739980945,0.0006745837160149557,3.054209629367651e-06,55.53464142123221,0.512896573241053
P06_R2,142,2.535211267605634,0.001400271670643637,0.0009706235089397344,2.5899354720380973e-06,-141.2355337146376,0.5717069178907738
P06_R2,143,2.5174825174825175,0.0016412749879800806,0.0009504261233655912,3.2440547017546143e-06,-160.6186241052463,0.6224980593361472
P06_R2,144,2.5,0.00911773845944248,0.000684143830839957,7.71012823259859e-05,-4.645479761716254,0.9940636573398265
P06_R2,145,2.4827586206896552,0.0017266140709192046,0.0010416139975096012,3.6550120030099787e-06,-123.66224687177153,0.7463615175095634
P06_R2,146,2.4657534246575343,0.002006336759991191,0.0007157545767032703,4.139665176973057e-06,-142.13602190455939,0.8794761805819065
P06_R2,147,2.4489795918367347,0.0016145789631819036,0.0005282327340055045,2.6351241661059e-06,-164.76545019790152,0.7764047660478467
P06_R2,148,2.4324324324324325,0.0017318939473358447,0.0007307958589304734,3.2124633100390527e-06,-146.28137541354698,0.815829211490288
P06_R2,149,2.4161073825503356,0.0013822195629494172,0.0008233214484257668,2.32947183642491e-06,-147.03911654035466,0.8891576424913764
P06_R2,150,2.4,0.0020948160791273516,0.001063257825193312,4.978929564769563e-06,-119.41939716875731,0.9777550746639693
P06_R2,151,2.384105960264901,0.002201159517230067,0.0008802036916383455,5.110668783290255e-06,-88.52317037588206,0.9395488544183876
P06_R2,152,2.3684210526315788,0.0008600496460249952,0.00032131790200872097,7.682147924837459e-07,-124.59073030925354,0.2593837266492848
P06_R2,153,2.3529411764705883,0.0014097250442326194,0.000721612416313855,2.264500072080829e-06,-31.93185458606711,0.364413433942057
P06_R2,154,2.3376623376623376,0.0016636834106743144,0.0006686712282116868,2.9225609162291223e-06,-112.67165583740149,0.9075631573564744
P06_R2,155,2.3225806451612905,0.0014637601897535173,0.000607073923890109,2.2834307713783484e-06,139.04039862657666,0.1369214384887538
P06_R2,156,2.3076923076923075,0.0012175846349699005,0.0006664601551176011,1.735065140348458e-06,140.55696727400178,0.2706613826106647
P06_R2,157,2.2929936305732483,0.0015581123454200024,0.0006214040740875614,2.564073258660244e-06,112.14134306918359,0.7935959464370438
P06_R2,158,2.278481012658228,0.0013582139809944003,0.0004790572567498794,1.8949799151485359e-06,174.98253517267696,0.5268542631317666
P06_R2,159,2.2641509433962264,0.0013602199597833264,0.000591233229890498,1.996457477477164e-06,-124.63656737387949,0.7124234137358186
P06_R2,160,2.25,0.0013236839833668478,0.0006913787180287958,2.0166105480318053e-06,-141.7379040129375,0.5919434975995264
P06_R2,161,2.2360248447204967,0.0021452202804481983,0.00048270897018191266,4.442387327068707e-06,-124.28127306274156,0.9119457234389047
P06_R2,162,2.2222222222222223,0.029474378221361442,0.0007532577463029324,0.0008020229809452427,114.5929059685144,0.9993357063872816
P06_R2,163,2.208588957055215,0.00182841477698465,0.0008791463165124606,3.730359317302421e-06,-68.4242117952688,0.8667910893944232
P06_R2,164,2.1951219512195124,0.0012252349709622426,0.0006853924283495573,1.776619156770198e-06,-95.47398854270551,0.21885258299430013
P06_R2,165,2.1818181818181817,0.0015945441265657553,0.0006900338375105505,2.7418606472716956e-06,-147.44395854716004,0.6665150908268672
P06_R2,166,2.1686746987951806,0.0019003270856204943,0.000651117315689671,3.6864264357942343e-06,116.04578030583762,0.891260930550449
P06_R2,167,2.155688622754491,0.0011253786657744991,0.0008414465656067472,1.758554791208781e-06,104.17944911723512,0.3798944485255226
P06_R2,168,2.142857142857143,0.0015008128350383321,0.0008950250743193597,2.738654835426837e-06,106.70481898563679,0.5291422826664146
P06_R2,169,2.1301775147928996,0.0010628868456960074,0.0004988406820079193,1.250398356905567e-06,118.9689432578046,0.4502776704771584
P06_R2,170,2.1176470588235294,0.0015336128873349073,0.0006883641489819559,2.561522466604588e-06,104.82432057660436,0.8671179955663356
P06_R2,171,2.1052631578947367,0.004315303497825192,0.00056743513811742,1.744812250977401e-05,135.3596643990934,0.988698139057737
P06_R2,172,2.0930232558139537,0.0023193263576712425,0.0008121710608762245,5.513570718209995e-06,120.97580921076678,0.9222175228592938
P06_R2,173,2.0809248554913293,0.0018325133396262041,0.0006912586851870023,3.4956831857991728e-06,170.4185761091112,0.8739152417273234
P06_R2,174,2.0689655172413794,0.004348548799774095,0.0010478892255607166,1.8353054217835254e-05,168.24863267161854,0.971213822308185
P06_R2,175,2.057142857142857,0.0027355276149666884,0.0009994878764379995,7.729394937587017e-06,174.12556602622996,0.918302415947792
P06_R2,176,2.0454545454545454,0.002671631574677677,0.0005401135768477762,6.828949872432799e-06,-158.26201998723678,0.9131858648837405
P06_R2,177,2.0338983050847457,0.0019713742655665598,0.0010420621717060004,4.491523469717446e-06,-143.83409697255883,0.6027888585810225
P06_R2,178,2.0224719101123596,0.002384083387620581,0.0007830483304995471,5.753077019385626e-06,164.29177903569476,0.8856087226692702
P06_R2,179,2.011173184357542,0.00176086588362472,0.00044888932084716427,3.0291954452480257e-06,-142.83875949653026,0.799409737725362
P07,1,360.0,0.19606800908246727,0.006740302819507181,0.04342294941972068,-44.157745592227364,0.9988829921378988
P07,2,180.0,0.09460388540471265,0.009183100755903654,0.010176817624929961,11.953437333739343,0.9960873462395352
P07,3,120.0,0.02975039356216063,0.005990285006435034,0.0010370100684723126,-51.76543884937182,0.9865537258814755
P07,4,90.0,0.05844145965521883,0.006485098071689973,0.0038923744478848144,-102.15862567187351,0.9886759961810017
P07,5,72.0,0.004976613503404974,0.0025246259901893302,3.4447166689469266e-05,90.92492788900744,0.8942958562675951
P07,6,60.0,0.0154522598243329,0.0017515596784920017,0.00027275024063697095,-5.710763915504151,0.9909723799612055
P07,7,51.42857142857143,0.011200605020067575,0.0022616240536365694,0.0001467223808541443,101.16498498672144,0.9850591566097956
P07,8,45.0,0.015092607897596696,0.002595550568092519,0.00026394000050062195,-176.91274239480092,0.9915523337546863
P07,9,40.0,0.1263375956074573,0.001970476614707487,0.01801663137547154,-143.48600556869698,0.9999001483672333
P07,10,36.0,0.024538383887382168,0.0017886444897737633,0.0006826771975999189,166.90420319599184,0.9969127532523612
P07,11,32.72727272727273,0.04581979503292287,0.0021737692481998707,0.0023741791694758324,-160.19168669347735,0.999298177388081
P07,12,30.0,0.11322351890047763,0.003160184581354703,0.01447291544817396,-99.7904360321224,0.9997432870212279
P07,13,27.692307692307693,0.035595768888090275,0.001356736093234242,0.0014321120471652237,-106.32179037610732,0.9990316169906994
P07,14,25.714285714285715,0.03151076548627864,0.0010937065840418748,0.0011217796383125298,-68.1728847867303,0.9980113174817639
P07,15,24.0,0.013239166903964705,0.0023468043155461115,0.00020341303199249809,-66.32055915322832,0.9944927751900555
P07,16,22.5,0.017456142024986587,0.0014286511515149377,0.00034605901402150923,-31.963072978704815,0.9934704733532936
P07,17,21.176470588235293,0.018449951127630714,0.0013793412633141065,0.00038603945839388684,-43.71330848681087,0.9910954887852321
P07,18,20.0,0.075135422800181,0.002049229095896192,0.006375372304913386,86.58810953577759,0.9999182248897013
P07,19,18.94736842105263,0.01466757048503578,0.0021411787938864003,0.00024750696784605686,-108.37363189550412,0.9949928048790766
P07,20,18.0,0.014831352921861541,0.0009773386906803858,0.0002492393529500347,-21.94916710317549,0.9932060047929191
P07,21,17.142857142857142,0.011542473618993871,0.002053375588200125,0.00015464397072340592,-72.83261481008685,0.993543611761376
P07,22,16.363636363636363,0.013568922990940785,0.00204422263670132,0.00021195219521539767,-67.75073832965725,0.9959590158659847
P07,23,15.652173913043478,0.009402420718056257,0.002195882290297856,0.0001048785983330637,-44.343564098234545,0.9951405487882673
P07,24,15.0,0.03100313380441414,0.0017266211230781924,0.0010877638903443406,-76.75656209701388,0.9978378916658617
P07,25,14.4,0.005718176337249341,0.0017796944477014467,4.010370814961924e-05,-4.0652924601224205,0.9569735859862529
P07,26,13.846153846153847,0.010942561594583029,0.0016088039535133982,0.00013790648519446854,-30.808033523635295,0.9852969031455294
P07,27,13.333333333333334,0.014780734403042783,0.0016983867937895559,0.00024947756321649065,-6.804007836812758,0.9931231406289023
P07,28,12.857142857142858,0.004264036851857353,0.0018801885404934923,2.408763488606605e-05,-36.61275661107823,0.8675994272983931
P07,29,12.413793103448276,0.00628097247253206,0.0010628757513343671,4.564147733512133e-05,42.37620603202765,0.9825646495704243
P07,30,12.0,0.00834964704342427,0.00150654785032557,8.095361115740665e-05,68.08126475151647,0.9804748345220817
P07,31,11.612903225806452,0.009257777020630104,0.0016105008126129348,9.930366485376672e-05,-2.96209318967719,0.9903186273720678
P07,32,11.25,0.002257620535097996,0.0013642138058643618,7.632193041868488e-06,12.346267204972833,0.5724668335933617
P07,33,10.909090909090908,0.003910080949457535,0.0017500963649739344,2.036910616363824e-05,-43.19236112454844,0.8874321715930586
P07,34,10.588235294117647,0.003743524793589478,0.0011506148470443714,1.713936228091999e-05,29.62736367545297,0.9277889335805974
P07,35,10.285714285714286,0.0030101861957825245,0.0009854982469872057,1.1211910085175435e-05,-95.62795620406519,0.4493420121636436
P07,36,10.0,0.8545677487550554,0.002393368048665286,0.8240790957712445,96.31775853837854,0.9999889015497623
P07,37,9.72972972972973,0.00403696826925198,0.001371555717283639,2.033705801239696e-05,73.86515947903337,0.7589634193183813
P07,38,9.473684210526315,0.0064660122918607215,0.0012099807981917636,4.8658624687853767e-05,14.418961811272712,0.966305484887443
P07,39,9.23076923076923,0.004471421719683398,0.001790594785918091,2.5800684252466225e-05,56.549388938200046,0.8838875230020841
P07,40,9.0,0.004224595859681246,0.0015470401227915813,2.25079923568087e-05,64.47888429699425,0.9348793584855529
P07,41,8.78048780487805,0.0022193246319233712,0.0013196476667037848,7.318765806664262e-06,-138.50554944615914,0.8743235751380753
P07,42,8.571428571428571,0.003850964971915433,0.0012411686878608158,1.828135895006698e-05,113.26173653486008,0.9131264494053608
P07,43,8.372093023255815,0.004541496563205974,0.0016591118733704873,2.6027310071241097e-05,45.619140323852086,0.9587004338529017
P07,44,8.181818181818182,0.0040302481051440716,0.0012692560705949668,1.997789419661585e-05,43.62387449408884,0.8833207100826228
P07,45,8.0,0.03623196992106906,0.0013234138625773137,0.001483135337278252,43.18428550368132,0.9996828638419604
P07,46,7.826086956521739,0.008075463314085528,0.0016848554748348558,7.653412288242152e-05,17.411038271405467,0.9747481330301845
P07,47,7.659574468085107,0.009016248132716339,0.0018126665624746653,9.501969757247399e-05,31.51033161185877,0.9934866282545148
P07,48,7.5,0.036878658607242584,0.0013348799036797673,0.0015365160168817457,82.4418253513063,0.9992855749308842
P07,49,7.346938775510204,0.013289730846499773,0.0019106512198101477,0.00020295187535396443,82.73385119877162,0.9936565691379152
P07,50,7.2,0.007862314383423065,0.0011130205403277933,7.100454396700553e-05,111.93637550329309,0.9834379434673594
P07,51,7.0588235294117645,0.008928122911805237,0.00114759495567359,9.129248226884612e-05,112.83629759240169,0.9860517036541834
P07,52,6.923076923076923,0.003582289296285798,0.0019202866449613066,1.8252872267106554e-05,145.6126443999292,0.8024206780963484
P07,53,6.7924528301886795,0.006774385938413984,0.0011148550997859019,5.304631824100866e-05,142.8597760875479,0.9826590269474468
P07,54,6.666666666666667,0.04251382177705891,0.001709474727363107,0.0020426848084890816,-134.48853227366476,0.9995092853151555
P07,55,6.545454545454546,0.00591199883561435,0.001605028913189855,4.2008876611649814e-05,98.53782646130053,0.9569032422361946
P07,56,6.428571428571429,0.008329416641039476,0.0018805133754918224,8.181694821781768e-05,108.46973218884939,0.9837329623173291
P07,57,6.315789473684211,0.007122511112498982,0.0009016526093032098,5.808161990571461e-05,78.75921821054652,0.9887795825884089
P07,58,6.206896551724138,0.00772852974185455,0.0015695169835225726,6.981914119428355e-05,114.65700073399998,0.9856673790646439
P07,59,6.101694915254237,0.0058265888256596714,0.0013773640475667898,4.0281877603802146e-05,112.51980093130572,0.968605243341557
P07,60,6.0,0.016600594059896386,0.0014323031342513327,0.00031323252097649847,106.85046141057163,0.9979312124282725
P07,61,5.901639344262295,0.007015282975572723,0.0013007644594590908,5.7259424876419754e-05,169.85340501653243,0.9873901755051033
P07,62,5.806451612903226,0.007636488342028795,0.0017643441152789823,6.886063392417292e-05,161.39129831924606,0.97557089341415
P07,63,5.714285714285714,0.010893856750618762,0.0013877894473312423,0.00013596995075058254,163.41597836578768,0.9930915410653214
P07,64,5.625,0.0034925894468555837,0.0014940951880014694,1.599498695835052e-05,158.0312094553679,0.8908240336734261
P07,65,5.538461538461538,0.006056318299423267,0.00117529068493947,4.276982326787979e-05,156.7465850677197,0.9685991361179193
P07,66,5.454545454545454,0.001836467886034763,0.00073969326395681,4.352165853156356e-06,-96.39977343005134,0.5583570999503498
P07,67,5.373134328358209,0.004823771175704497,0.0015241123755860852,2.861822186145073e-05,-149.71271218329062,0.9458296694045257
P07,68,5.294117647058823,0.0025201177064558284,0.0014656434436364652,9.332675528384114e-06,152.88027825546388,0.5596345805989416
P07,69,5.217391304347826,0.002334393795690577,0.0009931160790943943,7.165940237159569e-06,168.8329706915182,0.6648835670977181
P07,70,5.142857142857143,0.0024897079862390937,0.0011339872394577513,8.299187234536197e-06,-144.97654731839407,0.8122512012528843
P07,71,5.070422535211268,0.0053475605890008155,0.0011254639390731128,3.355778499711243e-05,103.11769433484784,0.9292869024705307
P07,72,5.0,0.18670567705850574,0.001340604341666641,0.03933819185127621,-77.95636560021632,0.9999648218277937
P07,73,4.931506849315069,0.0031835016404582494,0.0015353734414326485,1.3817182892552174e-05,-173.0009477570186,0.9109317426243508
P07,74,4.864864864864865,0.006707800567922856,0.0017016134406864865,5.3726947278054846e-05,136.24109147992135,0.9739636970692752
P07,75,4.8,0.003080482204110787,0.001538811327027114,1.3094930951953002e-05,168.31183155943114,0.4877058923912275
P07,76,4.7368421052631575,0.0048095863904600135,0.001830871706138572,2.954566387268439e-05,176.71667151599365,0.9343653028801369
P07,77,4.675324675324675,0.004940011077131173,0.0015049658119034495,2.984179765970897e-05,-163.95572184205227,0.9730216437631845
P07,78,4.615384615384615,0.0040192862420620696,0.0010862458743698938,1.9428301751767258e-05,-141.47047253620912,0.9045256393738866
P07,79,4.556962025316456,0.003052820086375829,0.0010818705143541601,1.1687436221208974e-05,168.71513448120484,0.9539068837267174
P07,80,4.5,0.003984128641696153,0.0010405599667718932,1.9003117472438004e-05,-176.56746917585113,0.9399080138942303
P07,81,4.444444444444445,0.01869418728096508,0.0020316851342770214,0.0003985897285475026,-137.30302634735577,0.9984396753282201
P07,82,4.390243902439025,0.006650558171511669,0.00175280238314521,5.307866587669052e-05,-157.03372145055303,0.956291182338291
P07,83,4.337349397590361,0.007686014059680254,0.0019983964579128625,7.077793056696117e-05,-156.82597294686525,0.9838035939973482
P07,84,4.285714285714286,0.016939710749357417,0.0014022355020111192,0.00032573597139563587,-103.8565644095989,0.9954642553390648
P07,85,4.235294117647059,0.005894345348359123,0.0016775442455759166,4.205061318967484e-05,-117.44360415608062,0.9809142957401595
P07,86,4.186046511627907,0.005299066600787545,0.0015681663879526559,3.418665894715491e-05,-115.83049783117382,0.9229979110603547
P07,87,4.137931034482759,0.003635636975649959,0.001464751613135083,1.713210121573908e-05,-103.74614941299231,0.8474482116126097
P07,88,4.090909090909091,0.003081421977640507,0.0010755665311009304,1.1909708959362714e-05,-124.66689046726333,0.8719575220215767
P07,89,4.044943820224719,0.004728197107656507,0.001956436668665665,2.9064453544920694e-05,-135.64785170544508,0.9346589562590675
P07,90,4.0,0.024340089567566846,0.001191855103505785,0.000669958683934284,118.71220639392202,0.9968998975235277
P07,91,3.956043956043956,0.0036916069516184508,0.0019175488029173015,1.908567098404192e-05,-142.01202753071567,0.7255784424341493
P07,92,3.9130434782608696,0.0034839816720360533,0.00156190975932664,1.61952746270388e-05,-89.1684138875582,0.9369580134785437
P07,93,3.870967741935484,0.004521353812087077,0.0016064635420754312,2.5674756368742278e-05,-148.57106982505263,0.9347998114157254
P07,94,3.8297872340425534,0.0028915590459524044,0.0018067533572293805,1.2756905373480438e-05,-101.55964976113586,0.7590220990291625
P07,95,3.789473684210526,0.004115677452088344,0.001296587811302016,2.0812425466844034e-05,-102.63477545240957,0.8737075782899758
P07,96,3.75,0.008123911533412,0.001774772573918056,7.764869371823119e-05,-106.99659613529391,0.986652301190578
P07,97,3.711340206185567,0.0030875879688625845,0.0014050223209314183,1.2759134483907315e-05,-116.25636297830911,0.8657458293412252
P07,98,3.673469387755102,0.002837168923387533,0.0010593886370009564,1.0231193655705337e-05,-52.06996605280071,0.8238575339641001
P07,99,3.6363636363636362,0.004761959730104627,0.0016984230747827836,2.8517973001687516e-05,-14.273392590541532,0.9443059667890491
P07,100,3.6,0.0027781174989329944,0.001041335152192366,9.793026248430849e-06,-62.212283608979014,0.6795205097493414
P07,101,3.5643564356435644,0.00252892347409907,0.0011849570565857198,8.6288361009112e-06,-91.62721918694217,0.697527059643922
P07,102,3.5294117647058822,0.0036770561748006255,0.0014863469225191773,1.7496413016042018e-05,-176.47921460012518,0.896221426723221
P07,103,3.495145631067961,0.0015664642361949519,0.0011313345636700396,4.069973131669692e-06,149.91933674257425,0.545452249201491
P07,104,3.4615384615384617,0.003962817832545434,0.0012818224786624673,1.937611959270442e-05,-149.17827204639354,0.7092376119391676
P07,105,3.4285714285714284,0.003922998818259034,0.0013019962064843374,1.910000185718104e-05,-148.4978178616751,0.926161127850843
P07,106,3.3962264150943398,0.003263834218820588,0.0015567234397659041,1.4478305214579045e-05,-122.60848841380427,0.7763226100751706
P07,107,3.364485981308411,0.0032862035873413623,0.0018492679409326369,1.5641397814480757e-05,-96.90357710252185,0.8272569158305977
P07,108,3.3333333333333335,0.12400082022094187,0.0018260327709177326,0.0173542192452705,101.39018428980714,0.9997505661989798
P07,109,3.302752293577982,0.002793479195655735,0.0009694644750911388,9.750080371082324e-06,66.42418452127357,0.3533323105882264
P07,110,3.272727272727273,0.004316233265848372,0.0014466014409368,2.3175307127710404e-05,-52.33166165145179,0.8999345031468292
P07,111,3.2432432432432434,0.0025166078634683343,0.0013950903832163533,9.10420647790196e-06,55.12816012115338,0.5582285766779769
P07,112,3.2142857142857144,0.0019903053040940043,0.0006670625138408971,4.917497969976441e-06,-13.046830707837465,0.4603543601636993
P07,113,3.185840707964602,0.0030018463769340346,0.0017433730980982913,1.3218350015884404e-05,54.34016263181178,0.8888352975364409
P07,114,3.1578947368421053,0.0021288918634691473,0.001150278375135323,6.451233954851334e-06,114.99403998357853,0.42096964477913745
P07,115,3.130434782608696,0.002383965246984719,0.0011700310600786465,7.793635841905954e-06,107.35426651221137,0.19704167800717473
P07,116,3.103448275862069,0.0017703297004109917,0.000812749597470068,4.204632656758512e-06,-166.10391856114032,0.13099636826581715
P07,117,3.076923076923077,0.0102876531970232,0.00242339615915424,0.00012531231353575886,51.87424947142776,0.9932150647352335
P07,118,3.0508474576271185,0.0031670717219460264,0.0017412485921379584,1.4422753747766976e-05,35.808783855173594,0.8053522162930798
P07,119,3.0252100840336134,0.004248288976166893,0.0011549455242475541,2.169276315059688e-05,30.364001901168134,0.9024807049392859
P07,120,3.0,0.01221234093910294,0.0009742671677321465,0.00016922671444311689,87.65613853850147,0.9941330930036382
P07,121,2.975206611570248,0.004103102138527939,0.0013539404098087849,2.085619650793762e-05,85.5479104459944,0.894926731542175
P07,122,2.9508196721311477,0.0031917292596062375,0.001686495117684829,1.4425629190347157e-05,97.25863856530245,0.8007032129433445
P07,123,2.926829268292683,0.0035583189074187135,0.001407538619353315,1.630938646021775e-05,114.90558256014147,0.9098293374058685
P07,124,2.903225806451613,0.002709645128320261,0.0008259630857521586,8.995060128777424e-06,54.21262268764397,0.5832017698572777
P07,125,2.88,0.004804518864284776,0.0015703248742925501,2.85074946629714e-05,111.19684701575487,0.8232932096000691
P07,126,2.857142857142857,0.02148878820208524,0.0017468156865502547,0.0005240091707845844,-117.25774807114075,0.996263830893705
P07,127,2.8346456692913384,0.0032720872008202987,0.0017311283096079573,1.5138278412875402e-05,81.23795605731249,0.552246022832637
P07,128,2.8125,0.003094219085395369,0.0012533780726747777,1.2425196431010164e-05,141.44569482098498,0.7702478461760256
P07,129,2.7906976744186047,0.003140424525026754,0.0013988611575520898,1.313448645782711e-05,109.5263361169165,0.8559713264476847
P07,130,2.769230769230769,0.0033330588250572273,0.0016055896816970703,1.5133155862197173e-05,127.53577205600502,0.6011474886342488
P07,131,2.7480916030534353,0.0032668061830089983,0.0017294413713790924,1.508537310152289e-05,132.5266756819315,0.8338901383236411
P07,132,2.727272727272727,0.00693198507621441,0.0016977359904558214,5.713967477667637e-05,97.64469750895388,0.971845810762383
P07,133,2.706766917293233,0.0038802298574083663,0.0014008560866596903,1.8988662280464585e-05,134.29416598266508,0.9515772351148148
P07,134,2.6865671641791047,0.003284767103109605,0.0010716157163492828,1.333465941308646e-05,145.40713908183722,0.8787867034049816
P07,135,2.6666666666666665,0.006365663008921778,0.0014635612041876064,4.784101507619471e-05,154.1480453411802,0.9667966108860161
P07,136,2.6470588235294117,0.0034294106813206097,0.0011051574354640934,1.4494498767733956e-05,156.51794730331125,0.8274550245619455
P07,137,2.627737226277372,0.003282525592441108,0.001810724856083732,1.5484769853022744e-05,139.40849907378086,0.9194817584338753
P07,138,2.608695652173913,0.003128793160965364,0.001134980494112861,1.2353814954350346e-05,143.11347541535903,0.8046521373986086
P07,139,2.5899280575539567,0.002230107838219469,0.0007245432101911039,6.153646367479042e-06,127.54099575236287,0.4842297580417256
P07,140,2.5714285714285716,0.0022515860583982783,0.001422655873758552,7.75885321641934e-06,-179.47464074414924,0.6126702117919284
P07,141,2.5531914893617023,0.0017315097806241179,0.0007681782574607477,3.995322594597099e-06,117.20495975011461,0.40181588094082465
P07,142,2.535211267605634,0.0022246900845596046,0.0008729864386879151,6.3737409471076435e-06,96.62395534507355,0.5536021098173445
P07,143,2.5174825174825175,0.004377291836887001,0.002065050744524432,2.5961670993268046e-05,101.78152164785347,0.9707228740014794
P07,144,2.5,0.023877995215622193,0.001638014360632579,0.0006462756029289161,-63.57509464301067,0.9945394287568607
P07,145,2.4827586206896552,0.0035142200623463128,0.0018619256558560673,1.741372558850164e-05,-144.70646315188932,0.8277003852399544
P07,146,2.4657534246575343,0.0042784565168053805,0.0011139537591756373,2.1933047172872554e-05,148.6202479668543,0.9553745922175776
P07,147,2.4489795918367347,0.003227049754116288,0.0011080631591671546,1.300188724975556e-05,-176.43547738038745,0.7210772561127892
P07,148,2.4324324324324325,0.003415381062178198,0.0009949975840772955,1.4139020065875605e-05,179.955974335102,0.8530126492526364
P07,149,2.4161073825503356,0.002472435891515611,0.0007839382457126354,7.51491621551269e-06,-161.6035591735376,0.8869929022723063
P07,150,2.4,0.002898639476289811,0.0015975390024925169,1.2049497435691121e-05,-159.71233502253693,0.7484389158078525
P07,151,2.384105960264901,0.0026493772363743373,0.0012018892790007414,9.3686300107965e-06,168.93414020546936,0.657249720460133
P07,152,2.3684210526315788,0.0023847770635962327,0.0015129161755813043,8.707365154775452e-06,158.98563726936464,0.5243198729192747
P07,153,2.3529411764705883,0.006142764186050471,0.00217644084760175,4.736279045056676e-05,-149.1681287956387,0.9104428360918969
P07,154,2.3376623376623376,0.003022266502680087,0.0011743603632671322,1.1695290677050503e-05,178.62133487806443,0.7830166518965738
P07,155,2.3225806451612905,0.002543837651545088,0.001259515212434788,8.88156120909044e-06,-164.4609812355819,0.8369420126435109
P07,156,2.3076923076923075,0.006199330827606532,0.0013277760628561226,4.5125248770408664e-05,-113.259284176163,0.9709077919302564
P07,157,2.2929936305732483,0.0034860158279907843,0.0016574881419939437,1.652344156346054e-05,-179.80419779935534,0.7752167370273445
P07,158,2.278481012658228,0.0031595418619602424,0.001578638684007122,1.377071207098824e-05,179.58553656507414,0.7205811648098047
P07,159,2.2641509433962264,0.0028498644997129977,0.0012733290139505722,1.08188990280289e-05,-166.11335300793098,0.6829589046365437
P07,160,2.25,0.002809644093798229,0.001235971245354481,1.0453676894112547e-05,176.3078082381675,0.8072692579367394
P07,161,2.2360248447204967,0.0038696686198553066,0.0013780335949061422,1.880371819405219e-05,-144.11708341190055,0.8433262758256312
P07,162,2.2222222222222223,0.011735293819416723,0.001732793084344955,0.00015847042647248853,123.57367803284285,0.9950645480140342
P07,163,2.208588957055215,0.0026257943988922906,0.001149171392542067,9.110130130283206e-06,-148.04192166923886,0.6627363025524848
P07,164,2.1951219512195124,0.00228203525202843,0.0014398809492198942,7.992282597384247e-06,-136.74194955459117,0.4979972441033216
P07,165,2.1818181818181817,0.0034147181856685484,0.0016176376027554548,1.577593382130118e-05,-162.19646046523795,0.8015383964336626
P07,166,2.1686746987951806,0.0033055043770521576,0.0016180934661151186,1.4981788897030468e-05,-164.97348292512632,0.623374011504548
P07,167,2.155688622754491,0.002724532155478119,0.002066318527314027,1.2709903800649921e-05,-128.68423378569304,0.8674927296624559
P07,168,2.142857142857143,0.006016248666296962,0.0011104885528280988,4.207092301308554e-05,-103.18042658400185,0.953787070654647
P07,169,2.1301775147928996,0.002111992020079772,0.0013427561018839063,6.8572914338374675e-06,-155.81317497609837,0.6095407177837792
P07,170,2.1176470588235294,0.0024434815322894833,0.0008369469370857344,7.43660998626873e-06,-142.8267611555212,0.7668778174388097
P07,171,2.1052631578947367,0.00294874238962754,0.0010090992474530134,1.0836658273559656e-05,-46.078122063126635,0.5197421748132273
P07,172,2.0930232558139537,0.0030529127071431362,0.0009789639648405783,1.1499102244827652e-05,-155.66292311008905,0.7028881144382757
P07,173,2.0809248554913293,0.0027091631370283102,0.0016539386149487044,1.108152063574178e-05,-163.8825747348502,0.8723436745224293
P07,174,2.0689655172413794,0.002085304623167601,0.0012305442773590729,6.4366669176597056e-06,-133.93214888954594,0.22271711645494696
P07,175,2.057142857142857,0.0025770183018177387,0.0011422735290901656,8.801649168299886e-06,-164.3539801225456,0.732616260492377
P07,176,2.0454545454545454,0.0025279102168893094,0.0018032887894669837,1.052591960605523e-05,171.4002650196319,0.7937035099847688
P07,177,2.0338983050847457,0.0028107261435534846,0.001307615962820886,1.0635302851080477e-05,179.15918464949453,0.6961932172139284
P07,178,2.0224719101123596,0.0027585119476511376,0.0006516587824625874,9.013797906709041e-06,138.64418012637026,0.9303565948139363
P07,179,2.011173184357542,0.003687275209076911,0.0013541546790025636,1.7193805781807377e-05,-125.00248527350185,0.7153423555349986
