:020000040800F2
:10000000000002202D9D0008019C0008039C0008B0
:10001000059C0008079C0008099C000800000000DF
:1000200000000000000000000000000071EF000868
:100030000B9C00080000000001F00008F5D5000846
:100040007D9D00087D9D00087D9D00087D9D000828
:100050007D9D00087D9D00087D9D00087D9D000818
:100060007D9D00087D9D00087D9D00087D9D000808
:100070000D9C00087D9D0008199C00087D9D0008CE
:10008000259C0008319C00083D9C00087D9D0008CF
:100090007D9D00087D9D00087D9D00087D9D0008D8
:1000A0007D9D00087D9D00087D9D00087D9D0008C8
:1000B000499C00087D9D00087D9D00087D9D0008ED
:1000C0007D9D0008559C0008619C0008D19C00089B
:1000D0007D9D00087D9D00086D9C0008799C0008AE
:1000E0007D9D00087D9D00087D9D00087D9D000888
:1000F0007D9D0008859C00087D9D0008A19C00084E
:100100007D9D00087D9D00087D9D00087D9D000867
:100110007D9D00087D9D00087D9D00087D9D000857
:10012000AD9C00087D9D0008B99C0008C59C000896
:100130007D9D000800000000000000007D9D00087B
:100140007D9D00087D9D00087D9D00087D9D000827
:100150007D9D00087D9D00087D9D00087D9D000817
:100160007D9D00087D9D00087D9D00087D9D000807
:100170007D9D00087D9D000800000000000000003B
:080180007D9D00087D9D000833
:1001900010B5054C237833B9044B13B10448AFF3C1
:1001A00000800123237010BD6000002000000000CB
:1001B0006C12010808B5034B1BB103490348AFF3A8
:1001C000008008BD00000000640000206C120108DF
:1001D000034613F8012B002AFBD1181A0138704787
:1001E00001F0FF01102A2BDB10F0070F08D010F8E8
:1001F000013B013A8B422DD010F0070F42B3F6D1EC
:10020000F0B441EA012141EA014122F007047FF004
:1002100000070023F0E80256083C85EA010586EA5B
:10022000010685FA47F5A3FA87F586FA47F6A5FA97
:1002300087F68EB9EED1F0BC01F0FF0102F00702A3
:1002400032B110F8013B013A83EA010313B1F8D14E
:100250000020704701387047002D06BF354603382F
:10026000073815F0010F07D1013015F4807F02BF68
:10027000013015F4C03F0130F0BC0138704700BFB9
:1002800081F0004102E000BF83F0004330B54FEA47
:1002900041044FEA430594EA050F08BF90EA020FB4
:1002A0001FBF54EA000C55EA020C7FEA645C7FEA47
:1002B000655C00F0E2804FEA5454D4EB5555B8BF6A
:1002C0006D420CDD2C4480EA020281EA030382EADB
:1002D000000083EA010180EA020281EA0303362D6D
:1002E00088BF30BD11F0004F4FEA01314FF4801C40
:1002F0004CEA113102D0404261EB410113F0004F52
:100300004FEA03334CEA133302D0524263EB430308
:1003100094EA050F00F0A780A4F10104D5F1200EA6
:100320000DDB02FA0EFC22FA05F2801841F1000101
:1003300003FA0EF2801843FA05F359410EE0A5F1D5
:1003400020050EF1200E012A03FA0EFC28BF4CF006
:10035000020C43FA05F3C01851EBE37101F00045BC
:1003600007D54FF0000EDCF1000C7EEB00006EEBC9
:100370000101B1F5801F1BD3B1F5001F0CD3490853
:100380005FEA30004FEA3C0C04F101044FEA4452AA
:1003900012F5800F80F09A80BCF1004F08BF5FEA31
:1003A000500C50F1000041EB045141EA050130BD11
:1003B0005FEA4C0C404141EB0101013C28BFB1F523
:1003C000801FE9D291F0000F04BF01460020B1FA6E
:1003D00081F308BF2033A3F10B03B3F120020CDA41
:1003E0000C3208DD02F1140CC2F10C0201FA0CF01F
:1003F00021FA02F10CE002F11402D8BFC2F1200C84
:1004000001FA02F120FA0CFCDCBF41EA0C01904039
:10041000E41AA2BF01EB0451294330BD6FEA040482
:100420001F3C1CDA0C340EDC04F11404C4F120026D
:1004300020FA04F001FA02F340EA030021FA04F37F
:1004400045EA030130BDC4F10C04C4F1200220FAD6
:1004500002F001FA04F340EA0300294630BD21FA14
:1004600004F0294630BD94F0000F83F4801306BFDA
:1004700081F480110134013D4EE77FEA645C18BFCE
:100480007FEA655C29D094EA050F08BF90EA020F65
:1004900005D054EA000C04BF1946104630BD91EA5D
:1004A000030F1EBF0021002030BD5FEA545C05D160
:1004B0004000494128BF41F0004130BD14F580049F
:1004C0003CBF01F5801130BD01F0004545F0FE4113
:1004D00041F470014FF0000030BD7FEA645C1ABF48
:1004E000194610467FEA655C1CBF0B46024650EA7F
:1004F000013406BF52EA033591EA030F41F40021AB
:1005000030BD00BF90F0000F04BF0021704730B530
:100510004FF4806404F132044FF000054FF0000105
:1005200050E700BF90F0000F04BF0021704730B5C6
:100530004FF4806404F1320410F0004548BF40429B
:100540004FF000013EE700BF42004FEAE2014FEAF0
:1005500031014FEA02701FBF12F07F4393F07F4FCB
:1005600081F06051704732F07F4208BF704793F0CE
:100570007F4F04BF41F40021704730B54FF46074E1
:1005800001F0004521F000411CE700BF50EA0102E4
:1005900008BF704730B54FF000050AE050EA01028D
:1005A00008BF704730B511F0004502D5404261EBFD
:1005B00041014FF4806404F132045FEA915C3FF43E
:1005C000D8AE4FF003025FEADC0C18BF03325FEADB
:1005D000DC0C18BF033202EBDC02C2F1200300FA8C
:1005E00003FC20FA02F001FA03FE40EA0E0021FAB1
:1005F00002F11444BDE600BF70B54FF0FF0C4CF49F
:10060000E06C1CEA11541DBF1CEA135594EA0C0F50
:1006100095EA0C0F00F0DEF82C4481EA030621EA8B
:100620004C5123EA4C5350EA013518BF52EA0335C6
:1006300041F4801143F4801338D0A0FB02CE4FF078
:100640000005E1FB02E506F00042E0FB03E54FF0A8
:100650000006E1FB03569CF0000F18BF4EF0010EA0
:10066000A4F1FF04B6F5007F64F5407404D25FEA9C
:100670004E0E6D4146EB060642EAC62141EA55514F
:100680004FEAC52040EA5E504FEACE2EB4F1FD0C91
:1006900088BFBCF5E06F1ED8BEF1004F08BF5FEA0F
:1006A000500E50F1000041EB045170BD06F00046C1
:1006B00046EA010140EA020081EA0301B4EB5C046E
:1006C000C2BFD4EB0C0541EA045170BD41F4801166
:1006D0004FF0000E013C00F3AB8014F1360FDEBF8B
:1006E000002001F0004170BDC4F10004203C35DA67
:1006F0000C341BDC04F11404C4F1200500FA05F3EA
:1007000020FA04F001FA05F240EA020001F000428A
:1007100021F0004110EBD37021FA04F642EB060100
:100720005EEA430E08BF20EAD37070BDC4F10C042A
:10073000C4F1200500FA04F320FA05F001FA04F2EE
:1007400040EA020001F0004110EBD37041F10001DA
:100750005EEA430E08BF20EAD37070BDC4F12005E5
:1007600000FA05F24EEA020E20FA04F301FA05F24D
:1007700043EA020321FA04F001F0004121FA04F2F5
:1007800020EA020000EBD3705EEA430E08BF20EAC5
:10079000D37070BD94F0000F0FD101F000464000FF
:1007A00041EB010111F4801F08BF013CF7D041EA81
:1007B000060195F0000F18BF704703F00046520085
:1007C00043EB030313F4801F08BF013DF7D043EA56
:1007D0000603704794EA0C0F0CEA135518BF95EA0C
:1007E0000C0F0CD050EA410618BF52EA4306D1D193
:1007F00081EA030101F000414FF0000070BD50EAB2
:10080000410606BF1046194652EA430619D094EA3B
:100810000C0F02D150EA013613D195EA0C0F05D125
:1008200052EA03361CBF104619460AD181EA030179
:1008300001F0004141F0FE4141F470014FF0000031
:1008400070BD41F0FE4141F4780170BD70B54FF0CC
:10085000FF0C4CF4E06C1CEA11541DBF1CEA13554C
:1008600094EA0C0F95EA0C0F00F0A7F8A4EB05042E
:1008700081EA030E52EA03354FEA013100F0888025
:100880004FEA03334FF0805545EA131343EA1263EE
:100890004FEA022245EA111545EA10654FEA0026A3
:1008A0000EF000419D4208BF964244F1FD0404F55C
:1008B000407402D25B084FEA3202B61A65EB0305B8
:1008C0005B084FEA32024FF480104FF4002CB6EB75
:1008D000020E75EB030E22BFB61A754640EA0C00F5
:1008E0005B084FEA3202B6EB020E75EB030E22BF35
:1008F000B61A754640EA5C005B084FEA3202B6EB76
:10090000020E75EB030E22BFB61A754640EA9C0034
:100910005B084FEA3202B6EB020E75EB030E22BF04
:10092000B61A754640EADC0055EA060E18D04FEAC2
:10093000051545EA16754FEA06164FEAC30343EA62
:1009400052734FEAC2025FEA1C1CC0D111F4801F2F
:100950000BD141EA00014FF000004FF0004CB6E728
:1009600011F4801F04BF01430020B4F1FD0C88BFC7
:10097000BCF5E06F3FF6AFAEB5EB030C04BFB6EBD2
:10098000020C5FEA500C50F1000041EB045170BDC5
:100990000EF0004E4EEA113114EB5C04C2BFD4EBF2
:1009A0000C0541EA045170BD41F480114FF0000E76
:1009B000013C90E645EA060E8DE60CEA135594EAF2
:1009C0000C0F08BF95EA0C0F3FF43BAF94EA0C0FF5
:1009D0000AD150EA01347FF434AF95EA0C0F7FF46A
:1009E00025AF104619462CE795EA0C0F06D152EABE
:1009F00003353FF4FDAE1046194622E750EA4106A2
:100A000018BF52EA43067FF4C5AE50EA41047FF4B2
:100A10000DAF52EA43057FF4EBAE12E74FF0FF3C17
:100A200006E000BF4FF0010C02E000BF4FF0010CE8
:100A30004DF804CD4FEA410C7FEA6C5C4FEA430C61
:100A400018BF7FEA6C5C1BD001B050EA410C0CBFB0
:100A500052EA430C91EA030F02BF90EA020F002012
:100A6000704710F1000F91EA030F58BF994208BF79
:100A700090422CBFD8176FEAE37040F00100704736
:100A80004FEA410C7FEA6C5C02D150EA013C07D18D
:100A90004FEA430C7FEA6C5CD6D152EA033CD3D0D8
:100AA0005DF8040B704700BF8446104662468C46D2
:100AB0001946634600E000BF01B5FFF7B7FF002805
:100AC00048BF10F1000F01BD4DF808EDFFF7F4FF2E
:100AD0000CBF012000205DF808FB00BF4DF808EDB9
:100AE000FFF7EAFF34BF012000205DF808FB00BFDC
:100AF0004DF808EDFFF7E0FF94BF012000205DF8FE
:100B000008FB00BF4DF808EDFFF7CEFF94BF0120B2
:100B100000205DF808FB00BF4DF808EDFFF7C4FFAB
:100B200034BF012000205DF808FB00BF4FEA410CF4
:100B30007FEA6C5C02D150EA013C0AD14FEA430CD7
:100B40007FEA6C5C02D152EA033C02D14FF0000014
:100B500070474FF0010070474A0011D212F50012A1
:100B600011D20DD56FF47873B3EB62520ED44FEA05
:100B7000C12343F0004343EA505323FA02F0704785
:100B80004FF00000704750EA013002D14FF0FF30C3
:100B900070474FF0000070474FEA4102B2F1E04366
:100BA00024BFB3F5001CDCF1FE5C0DD901F0004C54
:100BB0004FEAC0024CEA5070B2F1004F40EB8300A4
:100BC00008BF20F00100704711F0804F21D113F1D0
:100BD0003872BCBF01F00040704741F480114FEA09
:100BE0005252C2F11802C2F1200C10FA0CF320FA92
:100BF00002F018BF40F001004FEAC1234FEAD323AF
:100C000003FA0CFC40EA0C0023FA02F34FEA430318
:100C1000CCE77FEA625307D150EA01331EBF4FF0A1
:100C2000FE4040F44000704701F0004040F0FE40BC
:100C300040F40000704700BF80F0004002E000BFB9
:100C400081F0004142001FBF5FEA410392EA030FB7
:100C50007FEA226C7FEA236C6AD04FEA1262D2EB01
:100C60001363C1BFD218414048404140B8BF5B4206
:100C7000192B88BF704710F0004F40F4000020F09F
:100C80007F4018BF404211F0004F41F4000121F0B5
:100C90007F4118BF494292EA030F3FD0A2F10102FF
:100CA00041FA03FC10EB0C00C3F1200301FA03F13D
:100CB00000F0004302D5494260EB4000B0F5000F60
:100CC00013D3B0F1807F06D340084FEA310102F11F
:100CD0000102FE2A51D2B1F1004F40EBC25008BFD1
:100CE00020F0010040EA03007047490040EB00009B
:100CF000013A28BFB0F5000FEDD2B0FA80FCACF19C
:100D0000080CB2EB0C0200FA0CF0AABF00EBC250C8
:100D100052421843BCBFD0401843704792F0000FB6
:100D200081F4000106BF80F400000132013BB5E709
:100D30004FEA41037FEA226C18BF7FEA236C21D07F
:100D400092EA030F04D092F0000F08BF08467047E4
:100D500090EA010F1CBF0020704712F07F4F04D1B2
:100D6000400028BF40F00040704712F100723CBFC5
:100D700000F50000704700F0004343F0FE4040F4EF
:100D8000000070477FEA226216BF08467FEA2363AD
:100D90000146420206BF5FEA412390EA010F40F498
:100DA000800070474FF0000304E000BF10F00043E4
:100DB00048BF40425FEA000C08BF704743F09643CB
:100DC00001464FF000001CE050EA010208BF7047E6
:100DD0004FF000030AE000BF50EA010208BF70476D
:100DE00011F0004302D5404261EB41015FEA010C82
:100DF00002BF84460146002043F0B64308BFA3F17A
:100E00008053A3F50003BCFA8CF2083AA3EBC2535B
:100E100010DB01FA02FC634400FA02FCC2F120027A
:100E2000BCF1004F20FA02F243EB020008BF20F0B1
:100E30000100704702F1200201FA02FCC2F1200217
:100E400050EA4C0021FA02F243EB020008BF20EA0C
:100E5000DC7070477BB972B90029BEBF00204FF02B
:100E6000004106E008BF00281CBF6FF000414FF0B2
:100E7000FF3000F0D3B9ADF1080C6DE904CE0029C4
:100E800009DB002B1ADB00F04DF8DDF804E0DDE9AA
:100E9000022304B07047404261EB4101002B1BDB91
:100EA00000F040F8DDF804E0DDE9022304B0404240
:100EB00061EB4101524263EB43037047524263EBE3
:100EC000430300F02FF8DDF804E0DDE9022304B06D
:100ED000404261EB41017047524263EB430300F033
:100EE00021F8DDF804E0DDE9022304B0524263EBAF
:100EF0004303704753B94AB9002908BF00281CBFF3
:100F00004FF0FF314FF0FF3000F088B9ADF1080C21
:100F10006DE904CE00F006F8DDF804E0DDE9022317
:100F200004B070472DE9F047089D0F4604468C46F3
:100F3000002B48D18A42164661D9B2FA82F34BB1EE
:100F4000C3F1200201FA03FC20FA02F29E4042EAB9
:100F50000C0C9C404FEA164EB7B2BCFBFEF1220CC3
:100F60000EFB11CC42EA0C4201FB07F0904209D97A
:100F7000B21801F1FF3C80F0EE80904240F2EB802D
:100F800002393244121AA4B2B2FBFEF00EFB102258
:100F900044EA024400FB07F7A74209D9341900F1DB
:100FA000FF3280F0DA80A74240F2D7803444023822
:100FB00040EA0140E41B00211DB1DC400023C5E9EB
:100FC0000043BDE8F0878B4206D90DB1C5E90001A9
:100FD00000210846BDE8F087B3FA83F1002948D123
:100FE000BB4202D3824200F20781841A67EB0302FC
:100FF00001209446002DE4D0C5E9004CE1E7002A29
:1010000000F09280B2FA82F3002B40F0A8808A1A96
:101010004FEA164E1FFA86FC0121200CB2FBFEF7A8
:101020000EFB172240EA02420CFB07F0904207D960
:10103000B21807F1FF3802D2904200F2E280474630
:10104000121AA4B2B2FBFEF00EFB102244EA0244D4
:101050000CFB00FCA44507D9341900F1FF3202D281
:10106000A44500F2CB801046A4EB0C0440EA0740F4
:10107000A2E7C1F120068B4022FA06FC4CEA030CE1
:1010800007FA01F420FA06F3F7404FEA1C4923431C
:1010900000FA01F81FFA8CFEB7FBF9F01C0C09FBF3
:1010A000107744EA074400FB0EF7A74202FA01F268
:1010B0000AD91CEB040400F1FF3A80F09B80A742A0
:1010C00040F2988002386444E41B9FB2B4FBF9F309
:1010D00009FB134447EA044403FB0EFEA64509D965
:1010E0001CEB040403F1FF3780F08280A6457FD912
:1010F000023B644443EA0040A4EB0E04A0FB02E779
:10110000BC427346B94663D360D05DB1B8EB03020D
:1011100064EB090404FA06F622FA01F31E43CC40FC
:10112000C5E9006400214CE76208480842EAC17141
:101130000B0C43EA00438AB242EA0342B3FBF6F1E6
:10114000E407B4463746B6461F23B0FBF6F0D21B81
:1011500041EA004161E7614614E7104628E7C3F120
:10116000200120FA01F29E4027FA01F19F403A4304
:101170004FEA164E1FFA86FCB1FBFEF70EFB171066
:10118000110C41EA004107FB0CF8884504FA03F40E
:101190003AD9711807F1FF3001D288451FD8A1EB69
:1011A0000801B1FBFEF808FB0CF70EFB181192B218
:1011B00042EA0142BA422FD2B21808F1FF31C6D238
:1011C000BA42C4D2A8F102013244C0E7F0459CD231
:1011D000BEEB020367EB0C070138B94695E7A6EBB7
:1011E00008084144B81EB1FBFEF808FB0CF7DCE729
:1011F0003B467FE7504667E70846FBE63444023843
:1012000032E7023F32441BE7A1EB08013846B1FB4D
:10121000FEF808FB0CF7C8E7414698E7704700BFA7
:1012200007F016BF07F068BF07F084BF004870479B
:1012300040130108004870474C13010800487047EC
:10124000691301080B480C4B0C4A10F8011B11B133
:101250004B405343F9E783F0FF03094907485343E1
:1012600011F8012B12B153404343F9E783F0FF0318
:101270005843704740130108C59D1C81930100012C
:101280004C13010808B5054800224FF4006109F02D
:101290007DFABDE8084001F09FBE00BF000002409B
:1012A00008B5054800224FF4006109F06FFABDE867
:1012B000084001F091BE00BF000002400248012238
:1012C000402109F063BA00BF000402400248002236
:1012D000402109F05BBA00BF0004024037B500238B
:1012E00004460D46ADF80430FFF7F0FFD2238DF829
:1012F000003012488DF801400A23022269460AF0A4
:1013000033FD0446FFF7DAFF34B1032C0CBF02248F
:101310000324204603B030BDFFF7D8FF07480A2357
:10132000022201A90AF0BDFE0446FFF7C7FF002C08
:10133000EBD19DF805302B70EBE700BF580600207D
:10134000084B834210B50BD1074C2378012B07D1F2
:10135000064B5A68064B1A60FFF7B0FF0223237052
:1013600010BD00BF5806002080000020001000E0E3
:101370007C000020084B834210B50BD1074C23782A
:10138000012B07D1064B5A68064B1A60FFF796FFF0
:101390000323237010BD00BF5806002080000020EA
:1013A000001000E07C000020004870478013010816
:1013B00007EE900A9FED057A9FED050AF8EE677A31
:1013C00067EE877A27EE800A704700BF0000B443BB
:1013D0000000803713B5044610B9002002B010BDDC
:1013E0000DF107011A20FFF779FF0028F5D19DF8CC
:1013F0000730DA092270C3F380026270C3F340023F
:1014000003F00103A270E3700120E7E72DE9F04744
:1014100007460C4619B100230B604B608B60002F10
:101420006DD0384B5968384B1A68536A1CB1238108
:1014300001232160A372354E317801F0FF0319B109
:1014400003252846BDE8F0873149DFF8C880DFF87A
:10145000D4900B70C9F800304B7088F8003088F8D1
:101460000130012333703CB1264B5B682360536A23
:10147000238140F201136381FFF728FF254A2449A5
:10148000254802230AF0AAFE054638B1FFF716FFE9
:101490000023032D3370D3D10225D2E7DFF864A0F7
:1014A0001E4B1F4A1B68DAF80410B3FBF2F342F23A
:1014B000107253433278012A0ED03378DBB214B164
:1014C000D9F8002062600022022B3270B8D1B8F83F
:1014D00000305BBA3B80B4E7DAF80420521A93423A
:1014E000E8D804230C4833700AF0FCFEFFF7E6FE50
:1014F00014B1DAF80430636000233370CCE70125BF
:101500009FE700BF001000E0500500208000002091
:1015100083000020810000205806002000000020E9
:1015200040420F007C00002009B1FFF7D7BE012028
:10153000704700001FB5D723ADF808300023ADF881
:101540000C30FFF7C3FE0A23009303AA022302A96B
:1015500005480AF0B6FC0446FFF7B0FEB4FA84F082
:10156000400904B010BD00BF5806002013B5002389
:10157000044601A80193FFF72DFF30B914B90020EC
:1015800002B010BD01982060F9E79DF805302BB935
:101590009DF8063013B99DF8073033B1FFF7CAFF45
:1015A00001A8FFF717FF0028E8D00CB101982060D0
:1015B0009DF8043063B99DF8050058B99DF80630D0
:1015C0001BB99DF8070080F0010000F00100D7E78B
:1015D0000020FAE71846F8E730B548B100230024A8
:1015E0000025C0E90245C0E90433037043808361EC
:1015F00030BD70B5049D002838D0002D36D0002BAA
:1016000034DB047864B901230370436941800133FA
:10161000C0E902140261436129606C60002070BD62
:1016200044880C1BB4F5004F0CDDA4F5803484EA2B
:10163000E476A6EBE476B3420ADA83690133836188
:101640000420ECE714F5004FB8BF04F58034EEE752
:10165000D0E90236026142694180E31846EBE47446
:101660000132C0E9023442612B60D6E70120D6E79F
:101670002DE9F7430446002800F08680342200213B
:101680000DF046FF002001A98DF804008DF805003B
:101690008DF80600FFF722FE04F10806002843D06B
:1016A00000259DF805209DF8043043EA022363805D
:1016B0004FF000089DF80630A371A4F82A80B146C7
:1016C00020270DF1070138468DF80780FFF706FE49
:1016D00010B18DF8078000259DF8073009F8013F0B
:1016E00013B1638D013363850137FFB2402FE8D119
:1016F000264904F128074FF0FF3316F8012F082080
:10170000534043F300020A40013882EA5303F8D100
:10171000B742F2D1DB43E36225706DBB84F83050F1
:10172000052003B0BDE8F0830DF105010120FFF7AE
:10173000D5FD0028B4D1211D0920FFF7F5FE0028B2
:10174000AED1611D0D20FFF7EFFE0028A8D10DF1ED
:1017500006011A20FFF7C2FD0028A1D1E11D1C20BF
:10176000FFF7E2FE00289BD131461F20FFF7DCFE89
:10177000B0FA80F56D0994E7638D002B14BF022346
:10178000012384F83030CCE70120CAE72083B8ED8C
:10179000024678B103786BB190F8301051B183797B
:1017A00013F0870008D1012908D1538D002B18BFF1
:1017B00003207047012070470220704703207047C4
:1017C00038B505460C46FFF7E3FFE8B9ECB16A8887
:1017D00023889A421BD12A79A3789A4219D16A792F
:1017E000E3789A4217D1AA7923799A4215D1EA79F6
:1017F00063799A4213D12A7AA3799A4211D1EA6A7B
:10180000A3689A4218BF0B2038BD0420FCE70520CE
:10181000FAE70620F8E70720F6E70820F4E70920B2
:10182000F2E70A20F0E700000B289ABF024B53F8BA
:1018300020000248704700BFA85701089C13010808
:101840002DE9F04F95B00021342207A80DF060FE7D
:10185000012605233E4A8DF8213007A812928DF803
:101860001C608DF84C60FFF793FF3A4A044607CAA4
:1018700004AD85E80700294607A8FFF7A1FF00216E
:10188000039007A8FFF79CFF2946834607A8ADF8F9
:101890001E60FFF795FF00272946824607A8ADF88E
:1018A0001E708DF82060FFF78BFF4FF48061ADF85C
:1018B00020108146294607A8FFF782FF05238DF8EF
:1018C000213029460823804607A88DF82230FFF7EB
:1018D00077FF4FF480710290ADF8221007A82946D7
:1018E000FFF76EFF2946019007A88DF823708DF849
:1018F0002460FFF765FF039A8DF8247001461648AF
:10190000129044EA020010F0FF001ED1BBF1040F58
:10191000029B17D1BAF1050F14D1B9F1060F11D1FD
:10192000B8F1070F0ED1082B0CD1019B092B09D15F
:101930000A2907D1294607A8FFF742FFA0F10B03A8
:101940005842584115B0BDE8F08F3846FAE700BF5D
:10195000AD550A1988120108AC550A19074AD2F880
:10196000FC3043F08073C2F8FC30054B00225A6013
:101970001A6842F001021A60704700BF00ED00E0F3
:10198000001000E008B5FFF799FCBDE80840FFF73C
:10199000E5BF0000034B044A1B68B3FBF2F3584356
:1019A000704700BF0000002040420F0070B50446A1
:1019B000049868B1002B0CDA561E63F10045A6426C
:1019C0008D410FDBA41A61EB0301C0E90041012046
:1019D00070BD52EA0305F5D003F10045944271EB66
:1019E0000505EEE70020F3E72DE9F0410546012467
:1019F0008C4201D3BDE8F08155F8087F6E682B4614
:101A0000224653E902EC774576EB0C0805DA013AF9
:101A1000C3E900ECA3F10803F3D100EBC20340F8E3
:101A2000327001345E60E3E7014B5868704700BFD5
:101A3000001000E0034A53685B1A002B00DB70477C
:101A400000BFF8E7001000E0806E7047D0F88C30DF
:101A5000072B9FBF5A1C00EB8303C0F88C20D9666C
:101A6000836E5B1A002BB8BF8166704770B5D0B12A
:101A7000C9B1C2B1D0E91843A34214D25C1C446678
:101A800000EB83050024146094605460AC6914601A
:101A9000C41830F8133094F8586096720B80AB6B12
:101AA0008366207C70BD0120FCE738B504460D46F6
:101AB000902200210DF02CFD25662A4604F15800E5
:101AC0000121BDE838400DF023BD08461146FFF75F
:101AD0009DBC10B5044640B1382200210DF018FD20
:101AE0002046BDE81040FFF777BD10BD2DE9F04757
:101AF00089468AB090461C460546002866D0002BD1
:101B000064D0002A62D0002960DB20220021184620
:101B100001260DF0FDFC4FF0000A267707AF2B6A77
:101B2000ADF80EA00133012E2B62C7E900AAC7F859
:101B300008A0667706D9AB6A0133AB62A37F43F096
:101B40000103A37739460DF10E00FFF75FFC8446D1
:101B500097E8070004F1100383E80700604690B19E
:101B6000EB6A0133EB62A37F43F002030136F6B266
:101B7000B045A3772077D2D243F00803A3776B6BED
:101B800001336B631FE000220023CDE9042304AB83
:101B90000093079ABDF80E104B462846FFF729FD23
:101BA00030B12B6B01332B63A37F43F00403DDE7DC
:101BB000BDF80E302380DDE904232077C4E9022339
:101BC0006B6A01336B620AB0BDE8F0870120FAE767
:101BD00008B5FFF701F99FED057A9FED050A07EEBD
:101BE000900A67EE877A27EE800A08BD0000B443AA
:101BF000000080372DE9F843089F84460020B7B3E2
:101C0000012A73F100051DDBB1F1004F08BF8445C7
:101C100018D0540844EAC374D4F1FF386FF000457B
:101C200081424FEA630EA5EB63050DDBE0458D4174
:101C300008DB1CEB04004EEB0101FFF70BF9C7E9D1
:101C400000010120BDE8F883DCF1000961EB4106E9
:101C5000C845B541F6DBB4EB0C006EEB0101FFF7B4
:101C6000F9F8404261EB4101C7E90001E9E7384674
:101C7000E8E7F7B50346084661B192B3490803EBBC
:101C8000C10510F0010053F83130696804D0C2E991
:101C90000031012003B0F0BD012B55E9024671F17E
:101CA000000512DBDD43A5426FF00045A5EB010501
:101CB000B541EFDBE01800924FF000034FF0020255
:101CC00046EB0101FFF796FFE4E753EA0105F1D087
:101CD0005F424FF0004565EB0105BC4276EB050520
:101CE000E7E71046D6E72DE9FF419446DDE90A27EC
:101CF0000C9E044688461AB9002004B0BDE8F08165
:101D0000002FF9D0002EF7D000200021CDE90201EC
:101D10004FF0FF3003F500454FF6FF71604571EB62
:101D20000505E9D308F50045A042A941E4D319040B
:101D300002AB00934FEA0C40002341EA1C41FFF73D
:101D400059FF0028D8D0DDE90232012B4FEA0841C3
:101D500072F1000541EA14414FEA04440FDBDD4310
:101D6000A5426FF00045A5EB02058D41C4DBC7E934
:101D700000321B1942EB0102C6E90032BDE753EA0B
:101D80000205F4D0D3F1000C4FF0004565EB0205DD
:101D9000644571EB0505E9E72DE9F04385B0DDE920
:101DA0000C540E9EDEB104F500474FF000084FF0D2
:101DB0000009B7F5803FCDE9028910D202AF009744
:101DC000FFF7F4FD58B1DDE9020123042A0443EAD8
:101DD00015430C9605B0BDE8F043FFF7E7BD0020C2
:101DE00005B0BDE8F08300002DE9F04F2DED028B2A
:101DF00099B0DDE9245808932A9C289B0D93299BD0
:101E00000C900592099334B19022002120460DF0E8
:101E10007FFB0123E3700C9B002B00F06082002D00
:101E200000F05D82B8F1000F00F05982002C00F044
:101E30005682D8F80030002B00F05182D8F80430D8
:101E4000002B00F04C82AB68002B00F04882EA685F
:101E5000934200F244826A69002A40F34082AA69F0
:101E6000002AC0F23C822878012800F2388206D18C
:101E70006A68002A44DDD8F80820002A40D0269A53
:101E800052B1279A934200F22A82402B00F2278215
:101E9000099A002AC0F223824FF0FF306FF0004110
:101EA000C4E9060100204FF00041059AA260C4E990
:101EB00008019FED9B8B0027089AE2602365A770BD
:101EC0003E46BA46D4F85490994511D304F13003F4
:101ED000029304F12803CDE9009305980899D4E909
:101EE0000423FFF700FF002840F01E81207009E165
:101EF000A26DEB689A4208D3002323700720E0709C
:101F000019B0BDEC028BBDE8F08F2B78012B2FD1DF
:101F100094F801B0BBF1000F2ED0A36F6A69F31AD9
:101F2000934203D9002323700820E8E7D8F808304B
:101F3000D8F80C0031469847B146D8F80030D8F8A8
:101F40000C00ADF838A014AA0EA9CDE914AACDF85A
:101F500058A09847A26D511C9DF85A20A1650346D0
:101F600062B9636E84F800A0013363660620C6E799
:101F70004FF00009CB46E0E7D946DEE7149AE26766
:101F8000012945D1A2672978012902D16E686170C3
:101F90001644D8F80420D8F80C0006939047A26F96
:101FA0006969821A8A428346C4F88020BAD8069B9F
:101FB0008DED108B002B40D09A1ED2B2012A02D890
:101FC000E26D0132E2652371A36E0137BB422B69DA
:101FD00038BFA766BB428FD3D4F85490AB689945FD
:101FE000BFF474AF2A78012A7FF46CAFBBEB060B09
:101FF0003FF568AFE26E6968BBFBF1FB0BF1010BCB
:1020000012EB0B02BFF478AFE2660BFB016659E7F7
:10201000BBF1000FBDD0A2EB0901002908DAA9EB42
:102020000201626F8A4238BF61676E684E44B0E752
:10203000FBD0226F01322267F3E710AB0093AB694C
:10204000149ABDF838100C98FFF7D3FA0428034609
:1020500003D1226E01322266B5E70028B3D1DDE953
:102060001023CDE9062312AB0093DDE90601059AA2
:10207000089B8DED128BFFF799FC002840D0DDE91D
:102080001232012B72F10007D4E904102BDBDF437D
:102090008F426FF00047A7EB0207874130DBC9187A
:1020A00040EB0200C4E904102699676D61BBD4E9D6
:1020B0000601834272EB0101D4E90801B8BFC4E90B
:1020C000063298429141B8BFC4E908321FB9DDE930
:1020D0000623C4E91023DDE9062301376765C4E957
:1020E0001223002778E753EA0207D8D0D3F1000C77
:1020F0004FF0004767EB0207614570EB0707CDE73C
:10210000002323700920FAE62799B942CFD92699EE
:10211000269801EBC70140F837304A60C7E700BF97
:102120000000000000000000269B002B00F0B9809A
:1021300009F1FF333F2BC4F8849000F2B280269857
:102140004946FFF751FC4FF0000A4FF0000B0EAA72
:10215000CDE90EABFFF78DFD002800F0A280269D93
:10216000634E05EBC9030C932F460DF15008DDE9D2
:102170000E23CDF80080F7E80201CDE90A23CDE96E
:1021800014ABFFF713FC002800F08F80DDE9143258
:10219000002A02DA5B4262EB4202C6E900320C9B83
:1021A000BB4206F10806E2D151484946FFF71CFC44
:1021B0000026002710AACDE91067FFF75AFD002876
:1021C0006FD0DDE910014B4B83424B4B8B41CDE986
:1021D000126766D340F2072612ABA0FB06070093F6
:1021E0006422002306FB0171FFF704FD002858D08C
:1021F000DDE912AB0D9B9A45099B9FED3B7B7BEB89
:1022000003034FF00007BCBFDDF834A0DDF824B0B5
:102210000697B846B946D5E9006114AB009330463D
:10222000DDE90A2309918DED147BFFF7BFFB08352B
:10223000099900283ED0DDE91432002A02DA5B4217
:1022400062EB42029A457BEB020244DB012E71F104
:10225000000334DBF343BB426FF00043A3EB010305
:1022600073EB08031DDBF619374641EB080809F14B
:1022700001090C9BAB42CED1069BC4E92239B9F1CE
:10228000000F0ED004F13803029314ABCDE9009394
:10229000059808993A464346FFF725FD08B1012302
:1022A000A37001232370002029E64FF0FF336FF065
:1022B000004272E74FF0FF336FF00042C2E756EA88
:1022C0000103D0D072424FF0004363EB0103974209
:1022D00078EB0303C6E7069B01330693C9E70120A9
:1022E0000EE600BFAFF30080000000000000000019
:1022F000880000205E77026D05233F00F0B51F4681
:102300000D4B054616460FCB8DB008AC84E80F0088
:10231000189B0693DDE91623CDE90423149B039350
:10232000139BCDE90143129B009332463B4628465E
:10233000FFF75AFD0DB0F0BD941201082DE9F04FE2
:102340000022ADF5297D0023CDE91423CDE9162324
:1023500016AC022314AD00930294019501220023D0
:1023600064200021FFF7BFFC78B12B68159AA3F514
:10237000004313432ED12368179AA3F5C9031343CF
:102380000CBF012300230A9300E00A90022300936C
:10239000CDE901544FF0FF324FF0FF336FF063008F
:1023A0004FF0FF31FFF79FFCB0B12A68159BB3F1E6
:1023B000FF3F08BF12F5004F40F0A383179B226830
:1023C000B3F1FF3F08BF12F5C90F0CBF0123002373
:1023D0000B9302E00023D6E70B9001220023CDE906
:1023E000182300220023CDE9002318AC4FF4C802C3
:1023F0000023029410461946FFF7CEFC002840F057
:10240000828300230D93CB4BCB4E0FCB1DAD0DF52F
:10241000047885E80F0002214046FFF746FBC74BD2
:1024200084934FF47A714FF48263CDE98A1340F2BA
:10243000ED3040F2154321AFCDE9920340F2E33392
:1024400028A89E93C5F80C80FFF7C6F801233B70BF
:1024500028240223C7E90143C7E903331423C7E94A
:1024600005630022002360AE0024CDE90423CDE9FA
:102470000244CDE9007506966422002328A8FFF7E0
:10248000B3FC90BB347884B3B36D022B40F0588317
:10249000736D022B40F05483F46E002C40F0508397
:1024A000D6E91032643B13431FD1D6E91232653BA3
:1024B00013431AD1D6E90632134316D1D6E90832AE
:1024C000013B134311D1D6E90C32A3F5C9031343E1
:1024D00040F03683A79B012B40F032839F9CA4F5EC
:1024E000826BDBF1000444EB0B0404214046FFF750
:1024F000DCFA934B8493A3F1041385934FF47A7C15
:102500004FF48263CDE98AC34FF4876E4FF48C6336
:10251000CDE98CE340F2ED3940F21543CDE99293D9
:1025200040F23D4A40F26543CDE994A328A840F229
:10253000E3339E93FFF750F80423C7E902333B616E
:10254000002200234FF00009CDE90423CDE90299D0
:10255000CDE9007506966422002328A8FFF744FC05
:10256000002840F0EF82D6E90623B3F1FF3F08BF11
:1025700012F1040F40F0E982D6E90832043B13431C
:1025800040F0E382D6E91013D6E912029A4208BF5E
:1025900088420CBF01234B46089304214046FFF7B5
:1025A00084FA664B849303F1021385934FF47A7B8C
:1025B0004FF482634FF48762CDE98AB34FF48C63A2
:1025C000CDE98C2340F2ED3140F21543CDE9921371
:1025D00040F23D4040F26543CDE9940340F2E333DD
:1025E00028A89E934FF00009FEF7F6FF0022002373
:1025F000CDE90423CDE90299CDE900750696642260
:10260000002328A8FFF7F0FB002840F0A082D6E9BD
:102610000632134340F09E82D6E90832033B13434F
:1026200040F09882D6E91232D6E910105B1AA3F175
:10263000030362EB000213430CBF01234B460993D3
:1026400003214046FFF731FA6423ADF812326623C6
:102650004FF47A7CADF814324FF48263CDE98AC32B
:102660004FF487638C9340F2ED3940F21543CDE986
:10267000929340F23D430226949328A840F2E3331C
:102680008DF820629E9360AFFEF7A6FF4FF0000921
:1026900021AB032200200021CDE92422CDE9040151
:1026A000CDE90035CDE9029906976422002328A8D8
:1026B0002396FFF799FB0646002840F04D829DF8CF
:1026C0008131002B00F04A82769B032B15D1759B3C
:1026D000022B12D1779B012B0FD19DF88431022B55
:1026E0000BD1A79B022B08D19F9BB3F5826F04D11E
:1026F000A09EA6F587677E427E4103214046FFF7F4
:10270000D4F90E4B84936623ADF814324FF47A7BE0
:1027100040F26543CDE98AB34FF4916340F2ED3165
:102720008C9340F26A43CDE9921340F28D43949327
:1027300028A807E0A4120108A08601006400650033
:102740006400680040F2E3339E930DF5C079FEF714
:1027500043FF4FF0000A21AB032200200021CDE906
:102760000401CDE900352392CDE902AACDF81890F5
:102770006422002328A8FFF737FB0746002840F013
:10278000EF817B9B022B13D17C9B012B10D17D9B76
:10279000552B0DD1A79B022B0AD19F9BB3F5826FBE
:1027A00006D1A09FA7F5916ADAF1000747EB0A0767
:1027B00002214046FFF779F9BA4B84936FF00F0E70
:1027C0001023CDE98AE36FF00A081523CDE992833F
:1027D00028A86FF01F039E934FF02009FEF7FCFE20
:1027E0000222CDE9229221AB00200DF5C078002114
:1027F0004FF00009CDE92422CDE90401CDE90035EF
:10280000CDE90299CDF818804FF6FE72002328A872
:10281000FFF7EAFAB8B9809B252B40F0A3817B999A
:10282000002940F09F81DDE97032A3F57F43FE3B34
:10283000134340F09981DDE97232A3F10113134390
:1028400008BF4FF00109082184A8FFF72EF9964B25
:102850008493013B8593954B86930DF5097803F599
:102860008013879342464FF47A7342F8043F591D10
:102870002833B3F5A56F1162F7D140F2E33328A8EE
:102880009E932825FEF7A8FE0822CDE92252CDE925
:102890002422039230AA21AB0020002102920DF5E0
:1028A000C07A1DAACDE90032CDE90401CDF818A007
:1028B0006422002328A8FFF797FA0546002840F075
:1028C00055819DF88231002B00F05281819B082BAD
:1028D00015D1829B012B12D1839B072B0FD1DDE9F0
:1028E0006E32A3F5C803134309D1DDE96C32A3F5B9
:1028F000CB03A3F5C04313430CBF012500250821DA
:1029000084A8FFF7D2F84FF06413CDE9843386939F
:1029100003F58033879342464FF47A7342F8043FBD
:10292000591D2833B3F5A56F1162F7D140F2E33397
:1029300028A89E93FEF750FE00220023CDE9042331
:102940000823039340AB02931DAB0DF5C07A0193AE
:1029500021AB0093CDF818A06422002328A8FFF72C
:1029600043FA002840F006819DF882313BB1829BFA
:10297000012B40F00181839BD81F434243410C93BC
:10298000082184A8FFF791F84FF06413CDE9843350
:10299000869303F5803387934FF47A7348F8043FA6
:1029A0005A1D2833B3F5A56FC8F82020F6D10DF1D4
:1029B000A00840F2E33340469E93FEF70DFE092245
:1029C0000023CDE904230823039350AB02931DABEE
:1029D0000DF5C07B019321AB0093CDF818B06422B4
:1029E00000234046FFF700FA002840F0C7809DF81A
:1029F0008231002B00F0C280829B002B40F0C1800E
:102A0000839BA3F10801D1F1000A4AEB010A404679
:102A1000FEF7E2FD00220023CDE91A230DF1680B39
:102A20000A231A466421CDF800B04046FEF7E1FDC6
:102A3000B8F802300F93D8F808301293D8F80C3059
:102A40001393D8F810301093D8F814300E901193D7
:102A5000CDF800B00A231422C8214046FEF7C9FD74
:102A6000042840F09080B8F802300F9A934240F06A
:102A70008A80D8E90223DDE91210834208BF8A4226
:102A800040F08180D8F81030109A93427BD1D8F86A
:102A90001430119A934276D1D8F818305A1E534206
:102AA000534105E0FEFF010064006500640063001F
:102AB0000A9A002A69D00B9A002A68D00D9A002A37
:102AC00067D0002C67D0089A002A66D0099A002A9D
:102AD00065D0002E65D0002F65D0B9F1000F64D00D
:102AE0004DB10C9A12EA0A0505D00E9A002A14BFBD
:102AF000002503F0010505F001000DF5297DBDE875
:102B0000F08F002364E42368199A13437FF479ACAF
:102B10004FF480320023CDE9002302944FF4C80221
:102B200000234FF4C8000121FFF736F900283FF4D5
:102B300068AC2368199A13430CBF0123002361E496
:102B40000024D2E4CDF8209027E5089025E5CDF8C3
:102B5000249075E5099073E54E46CEE51E46CCE51A
:102B6000574625E681466EE689466CE60025C6E6B0
:102B70001D46C4E6002302E70C9001E74FF0000A6F
:102B800045E7824643E7002392E70A9DB3E70B9DA2
:102B9000B1E70D9DAFE72546ADE7089DABE7099D81
:102BA000A9E73546A7E73D46A5E74D46A3E700BFA1
:102BB0002DE9F04F2DED048BADF5217D1AA8FEF720
:102BC00088FFFEF7F1FB354A0346602128A80CF088
:102BD0002DFC5F28A8BF5F2082B228A9322330488D
:102BE0000AF008FBFEF722FB0446FEF723FB05462E
:102BF000FEF724FB0646FEF725FB2A4B0746D3F8D3
:102C00000080FEF7D1FB284A0095CDE903802346DA
:102C10004FF48071CDE9016760A80CF007FCFF2834
:102C2000A8BFFF2082B232231D4860A90AF0E2FA51
:102C30001E481F4C012107F0A3FD00280CBF0125F1
:102C4000002503D123780BB9FEF7ECFA194825705B
:102C50004FF4804107F09FFDFEF7E6FA18B1C82057
:102C60000AF04FFDE4E712AC234603224FF4004183
:102C70001AA8FEF73BFF074610B3A37F0193637FBB
:102C800000930D4A0346602140A80CF0CFFB32238D
:102C900082B240A902480AF0ADFAE0E794140108B4
:102CA0003804002000000020AF140108000002409A
:102CB000B302002000080240311501080000C8429C
:102CC00026885FED028A3046FEF772FBB6EE008A78
:102CD000F0EE487AE0EE287A11AD28461197FCEE26
:102CE000E77A17EE904AFEF775FB9DF844309DF8A1
:102CF00045209DF846109DF8475018B113B90AB900
:102D000001B9BDB1CDE903326422B4FBF2F302FB99
:102D10001344CDE90515CDE900349B4A02903346B2
:102D2000802140A80CF082FB322382B240A9974850
:102D30000AF060FADFF87CB295499BF80040954AAA
:102D4000DFF87482DFF87492934DDFF874A2002CE0
:102D500040F0F4809FED8A7B01238BF800308F4B8D
:102D60000E8083ED007B8AED007B8D4B1460C8F8EC
:102D70000040C9F800402C601C60D8F80030A34225
:102D8000B8BFC8F800402046FDF7CCFBDAE90023C5
:102D900006460F46FDF77AFACAE90001DFF8FCA102
:102DA000CDE90E0132463B4630463946FDF724FC5C
:102DB000DAE90023FDF76AFA06460F46CAE900671A
:102DC000DFF8DCA1DAF8000001301828CAF80000AA
:102DD0007FF645AFFDF796FB02460B46CDE90C01A9
:102DE000DDE90E01FDF732FDDDE90C23CDE90E0131
:102DF00030463946FDF72AFDDDE90E2306460F462B
:102E000010461946FDF7F8FB02460B463046394698
:102E1000FDF73AFA02460B4643EC192B0022002339
:102E2000FDF77AFE002800F0A280B0EE490AF0EE2D
:102E3000690A0DF059F857EC106BD9F80030D8F842
:102E40000000C01A2B6840F2DA22934200F392800D
:102E500004F6396841F6724398458CBF4FF000087C
:102E60004FF0010880B2FEF7A3FAB0EE489A4D4B3E
:102E7000002230463946A0EE289AFDF707FAFDF702
:102E80006BFE80B2FEF794FAF0EE487AE0EE287A14
:102E90002888BCEEC99AFCEEE77A17EE907AFEF726
:102EA00087FAF0EE487AE0EE287A002CA0B2B8BF9C
:102EB0004042FCEEE77AB8BF80B217EE909AFEF778
:102EC00077FAA0EE288A64233748B7FBF3F6FCEEC6
:102ED000C87A03FB1671354FCDF8288017EE90CADB
:102EE00030EA240028BF384619EE102ADAF80040EC
:102EF0000994B9FBF3F403FB1497B2FBF3F5CDE9A6
:102F00000747BCFBF3F403FB152203FB14C3CDE915
:102F10000310CDE90543CDE901260523244A009598
:102F2000802140A80CF082FA322382B240A91748CF
:102F30000AF060F900238BF8003090E60C880E80D0
:102F4000341B116823B2002B01FA84F4B8BF5B4232
:102F500014602A689BB29A4207DBD9F800309C4281
:102F6000BFF60BAFC9F8004007E72B60F5E7002676
:102F7000002762E74FF0000874E700BFAFF300805E
:102F80000000000000000000741501083804002053
:102F9000B0020020AC020020A0020020900200201D
:102FA000880200200000E03F044F0108921401084D
:102FB000CC150108B2020020A8020020A4020020C3
:102FC000980200200268034B9A4201D106F0F2BE3B
:102FD000704700BF0020004007B572B6064C074896
:102FE0004FF4005107F0D7FB00230193019BA3424C
:102FF000F5D8019B0133F8E71FA107000008024044
:1030000010B594B0102200210AA80CF081FA142205
:10301000002103A80CF07CFA1F4B002101911A6CCF
:1030200042F080521A641B6C03F080530193019BA1
:103030001A4B02911A6842F480421A601B6803F42A
:1030400080430293029B01214FF480330224CDE997
:1030500008134FF48003CDE90E43A822042308A8E7
:10306000CDE91032CDE9124308F086FA08B1FFF736
:10307000B3FF0F23CDE9033405904FF4A0524FF472
:103080008053052103A8CDE9062308F051FC002850
:10309000EDD114B010BD00BF0038024000700040F8
:1030A00080B5BAB000246D4D06F06AFEFFF7A8FFA8
:1030B0001422002132A80CF02BFA02942B6B6848E2
:1030C00043F004032B632B6B03F004030293029B76
:1030D00003942B6B43F080032B632B6B03F0800373
:1030E0000393039B04942B6B43F001032B632B6B23
:1030F00003F001030493049B05942B6B43F002033C
:103100002B632B6B03F00203224605934EF207015B
:10311000059B07F03BFB224652484FF4006107F045
:1031200035FB22465048402107F030FB01264EF285
:1031300007034B4832A9CDE93236CDE9344407F0D4
:1031400047FA4848349632A9CDE9326407F040FA8C
:103150004FF40063434832A9CDE93236CDE9344417
:1031600007F036FA4023404832A9CDE93236CDE99E
:10317000344407F02DFA00942B6B43F400132B63B7
:103180002B6B03F400130093009B01942B6B43F40F
:1031900080032B632B6B03F48003224605210193EC
:1031A0000C20019B06F0F4FF0C2007F023F82246C8
:1031B00005210E2006F0ECFF0E2007F01BF822463A
:1031C0000521102006F0E4FF102007F013F8224636
:1031D0000521112006F0DCFF112007F00BF8224634
:1031E00005212F2006F0D4FF2F2007F003F82246F8
:1031F0000521382006F0CCFF382006F0FBFF2246E0
:1032000005213A2006F0C4FF3A2006F0F3FF2246DB
:1032100005213B2006F0BCFF3B2006F0EBFF10220F
:10322000214618A80CF074F9104A114B13604FF4A2
:103230008033C2E9013482F820400E4BD462D4605E
:1032400010460224166116769362D46182F83060CB
:10325000566106F0C1FD78B1FFF7BEFE00380240AE
:10326000000802400000024000040240180800204C
:10327000002001400100000F0523C8481A9318A937
:10328000CDE9186606F0E0FE0028E5D1C348042623
:1032900018A9CDE9186406F0D7FE05460028DBD151
:1032A0000146102214A80CF033F91C22294623A849
:1032B000CDE90A550CF02CF92022294632A80CF051
:1032C00027F9B74CB74BA560C4E90035204640F656
:1032D0006A03C4E90335C4E905550AAF09F052FB96
:1032E0000028B9D14FF4805314A92046149309F053
:1032F00023FD0028B0D1204609F070FB0028ABD197
:10330000CDE90A003946204609F01EFE0246002893
:10331000A2D17023CDE92330CDE92500CDE92700E6
:10332000299023A9204609F0E1FB002894D13246D8
:1033300023A9204609F0DAFB00288DD1082223A911
:10334000204609F0D3FB002886D100234FF4005219
:1033500032A92046CDE93233CDE934333693379262
:10336000399309F02FFE054600287FF475AF2046FB
:1033700006F0C4FA102229460CA80CF0C9F88A4CB1
:103380001022294610A8CDE908550CF0C1F84FF0DD
:103390008043C4E9003520464FF0FF33C4E90335CC
:1033A00008AEA560A56109F0EDFA00287FF454AFDE
:1033B0004FF480530CA920460C9309F0BDFC002863
:1033C0007FF44AAF204609F035FB00287FF444AF74
:1033D000CDE908003146204609F0B6FD0246002836
:1033E0007FF43AAF0123CDE911301090139010A96A
:1033F000204609F00BFC00287FF42EAF02230422A4
:1034000010A92046CDE9103309F000FC034600283E
:103410007FF422AF6548DFF8C8C1654A03624FF404
:103420008044C0E90233C0E90443C0E90633C0E97F
:1034300000C207F0B9F9034600287FF40DAF5D48DC
:103440005D4F03614FF46122C0E900720C22C0E9B4
:103450000233C0E90523C36109F09EFE034600283C
:103460007FF4FAAE5548564E564A0362C0E90062F0
:10347000C0E90233C0E90443C0E9063307F094F918
:1034800000287FF4E9AE5049504B0B604FF4827036
:10349000002301220224C1E90103C1E90442CB60F7
:1034A0004FF4007518220B624B628B6208460A23A8
:1034B000C1E90652CB6208F0FBFB054600287FF409
:1034C000CBAE0146CDE906001C221CA80CF020F86A
:1034D000294620222AA80CF01BF83D4C3D49A56046
:1034E0005323C4E90013204640F2E733C4E903350F
:1034F000C4E9055506AE09F071FA00287FF4ACAEB8
:10350000CDE906003146204609F01EFD024600289E
:103510007FF4A2AE6023CDE91C30CDE91E00CDE9D9
:10352000200022901CA9204609F0E0FA00287FF430
:1035300093AECDE92A00CDE92C002E904FF4005334
:1035400031902AA920462F9309F03CFD054600281A
:103550007FF482AE204606F0D1F91F481F4A05616C
:103560004FF46123C0E900230C23C0E90255C0E9F0
:103570000535C56109F010FE044600287FF46CAEE5
:10358000FEF700FAFEF75CF900283FF465AEFEF79F
:10359000D5FE00283FF460AE24E000BF18080020EC
:1035A0005005002000000140080500201007002001
:1035B000A086010038040020004800406407002075
:1035C00000540040801A06005806002000300140D8
:1035D000C0040020000401407C040020004400409E
:1035E0000058004000F01CF800F048F800283FF4B4
:1035F00033AE0AF00DF8074A074821460AF03BF8B7
:10360000064B1860FDF70CFE00283FF425AE0AF0CB
:1036100011F8FEE7D8570108B12B0008B4020020CA
:1036200008B500F0B3F90448044905F091FDBDE880
:1036300008400348FEF74DBA98080020FC570108DF
:103640006008002000F046B900F054B900F062B9FB
:1036500008B5044805F074FDBDE808400248FEF7CF
:1036600038BA00BF980800206008002008B5FFF7AE
:10367000EFFFBDE8084000F081B9000070B52DED06
:10368000068B84B005F006FE00284AD0284C294D50
:103690002046B0EE000A05F06DFD0123B6EE000AEB
:1036A0007B202B706B6200F035F9FFF7DFFF94EDA4
:1036B00007AAD4ED089A94ED099AD4ED0A8A94EDFC
:1036C0000B8A2E786C6A01A800F086F9B5EE40AA44
:1036D000F1EE10FABDF80420DDED027A9DF80C3011
:1036E00023D1F5EE409AF1EE10FA1ED1B5EE409AD4
:1036F000F1EE10FA19D1F5EE408AF1EE10FA14D17C
:10370000B5EE408AF1EE10FA0FD176B96CB962B914
:10371000F5EE407AF1EE10FA07D183F0010000F0E7
:10372000010004B0BDEC068B70BD0020F7E700BFC0
:1037300098080020600800201FB50446D8B10F4B40
:10374000DA6902601A6A42605A6A82609A6ADB6ABF
:1037500003610B4BC2601A785B6A8361027501A832
:1037600000F03AF9BDF80430A383029B23629DF870
:103770000C3084F8243004B010BD00BF980800203D
:103780006008002030B52DED028B054689B0B0EE03
:10379000408AC8B31D486B4603224FF40051FEF720
:1037A000A5F9044628BBDDE90201FEF711FADFEDB9
:1037B000187A9FED187A30EE480AB4EEE70AF1EE77
:1037C00010FA1BDCDFED147A9FED127AB4EEE70AF3
:1037D000F1EE10FA15D4114885ED000A05F0CAFC87
:1037E000FDEEC07AB7EE000A17EE903A98B200F0FC
:1037F00091F8204609B0BDEC028B30BD30EE470A8F
:10380000DBE730EE070AE1E70124F2E76008002079
:10381000000034430000B443000034C39808002083
:1038200042F6AB23B0FBF3F202FB130080B2704709
:10383000062070470C20704708B5044805F020FDAD
:10384000FDEEC07A17EE900A08BD00BF9808002070
:10385000004870475016010808B507EE900A9FED22
:10386000197AF8EEE77A2DED028B67EE877AB0EEE3
:10387000408A9FED150A87EE800A0CF0C5FBF6EE34
:10388000007AE0EE277A67EE887AF5EEC07AF1EEFC
:1038900010FA14D4B7EE000AF4EEC07AF1EE10FA82
:1038A000D8BFB0EE670ADFED097A20EE270ABDEC3B
:1038B000028BBCEEC00A10EE103A98B208BD9FED24
:1038C000040AF0E7DB0FC94000AC2A4600A0064519
:1038D0000000000008B5012204484FF4006106F022
:1038E00055FF034B01221A7208BD00BF00000240C1
:1038F000C808002008B5002204484FF4006106F013
:1039000045FF034B00221A7208BD00BF00000240B1
:10391000C808002070B542F6AB250446B0FBF5F0B0
:1039200005FB10402DED028B80B2B0EE408AFFF710
:1039300093FF104B1E6804F63963B0EE480A7063BB
:10394000B3FBF5F005FB1030FFF786FF04F5E353FA
:103950001233B063B0EE480AB3FBF5F005FB10304C
:10396000FFF77AFF044BF06383ED018ABDEC028B15
:103970001C8070BD50050020C80800209FED020A81
:103980000020FFF7C7BF00BF0000000008B5FFF729
:10399000B1FF012211460E4806F0F8FE0C48002245
:1039A000022106F0F3FE00220948042106F0EEFE93
:1039B0000021084809F0C6FA0421064809F0C2FAB5
:1039C0000448082109F0BEFABDE80840FFF7D6BF59
:1039D0000008024050050020034618B1024A07CAF9
:1039E00083E80700704700BFC80800200F4B70B580
:1039F000D3F8101AD3F8144AD3F8185A0C4B0022F3
:103A000018461E688E4209D15E68A64206D19E689D
:103A1000AE4203D11C2303FB020070BD0132082A11
:103A200003F11C03EDD10020F7E700BF0070FF1F7A
:103A30001C59010809289ABF024B53F8200002487C
:103A4000704700BF9C580108641601080346B0B3D4
:103A5000D0ED007AF5EE407AF1EE10FA2FD1D0EDEC
:103A6000017AF5EE407AF1EE10FA28D1D0ED027A23
:103A7000F5EE407AF1EE10FA21D1D0ED037AF5EEB1
:103A8000407AF1EE10FA1AD1D0ED047AF5EE407AD0
:103A9000F1EE10FA13D1027D8AB9806978B99A8B58
:103AA00052B9D3ED087AF5EE407AF1EE10FA06D16C
:103AB00093F8240080F0010000F00100704700201E
:103AC000FAE700000FB400B5ADF2747D0DF5EF63B9
:103AD00040F26C7153F8042B009301A80BF00AFD1F
:103AE000021E0FDD40F26B739A4228BF1A46084847
:103AF000C82392B201A909F07DFB18B1054A1368E9
:103B0000013313600DF2747D5DF804EB04B070476F
:103B100038040020C43B00200FB400B5A3B024AB90
:103B2000802153F8042B019302A80BF0E3FC021E42
:103B30000DDD802A28BF7F220748642392B202A9A4
:103B400009F058FB18B1054A13680133136023B01C
:103B50005DF804EB04B0704738040020C43B00203B
:103B60002DE9F04FAFB01F90FFF740FF054600284A
:103B700000F08880D0F80CA00125FFF737FF04463D
:103B800000B1103421A8FDF773FD00287DD19DF808
:103B90008460002E7AD0214621A8FDF711FE01266F
:103BA00007463846FDF740FE032F9CBF3C4B33F9D8
:103BB00017803C4BD3F8102A1B9288BF4FF4FF7834
:103BC000D3F8142AD3F8183A1D93002CB8FA88F7C2
:103BD00014BF0123002381464FEA57171C921E93FE
:103BE00056D02388A178E07894F804C094F805E0D2
:103BF0001A93A379A468BDF8AEB0CDF860B09DF873
:103C00008CB0CDF85CB09DF88BB0CDF858B09DF875
:103C10008AB0CDF854B0CDE90FE39DF889B01A9B76
:103C2000CDF850B00B939DF888B0CDF84CB0002380
:103C3000CDE90993BDF886B01E9B2C9A1992CDE967
:103C40000D0CCDE907730C91CDE9114BCDE905675A
:103C5000CDE903A51D9B02931C9B01931B9B009325
:103C6000114A124B1F991248FFF72CFFB8F1000FB1
:103C700004D010484A464146FFF74EFF38462FB061
:103C8000BDE8F08FDFF830A077E70026012788E74E
:103C90002346A646A446204621461A94ABE700BF19
:103CA000185801080070FF1F8D16010878160108CA
:103CB0009A160108061901086C16010873B5034627
:103CC00000250846012611460A220135AB4202FBB7
:103CD00006F6FAD107EE906AB5EEC00AF1EE10FAD8
:103CE000F8EEE76A4CBFB1EE407AB0EE407AF6EEFD
:103CF000007AE6EE877AB5EEC00AFDEEE77AF1EEDD
:103D000010FA17EE904A94FBF6F306FB1344CDE944
:103D1000005407D553EA040204D0034A0BF086FB93
:103D200002B070BD014AF9E73B1901083C190108CE
:103D30002DE9F04F8FB09B469DF86030199C03929F
:103D40000293824680B17CB147220021601C0BF0B7
:103D5000DFFB0322227006AB40F21D715046FDF7D7
:103D6000C5FE064628B16070032528460FB0BDE8A1
:103D7000F08F06AF0FCF04F108050FC597E80F00CD
:103D800085E80F000123A362DDE9087806F01EF83C
:103D9000B1460190012009F0B4FC06AB032240F2C9
:103DA0001D715046FDF7A2FE054630B10323607039
:103DB0002370D9E71F469046ECE70DF1180EBEE8D8
:103DC0000F0004F1080CACE80F009EE80F008CE82F
:103DD0000F00A36A0133A362DDE90832DF1B62EB47
:103DE0000808B8F1000F02DA7F4268EB480803992F
:103DF000B3EB010C029962EB0B00C4E90EC079B37E
:103E00000028614602DA494260EB400040F28F3CF4
:103E1000614570F1000034BF012100210A2F78F1C3
:103E2000000821D209F10109E1B10136E06A4845F3
:103E3000206B38BFC4F82C90B04200D22663E06AF1
:103E400084F84110072894BF00200120082E84F830
:103E500040000DD1012384F842300023237084E711
:103E60000121DBE70E46E1E74FF000094E46E6E7A9
:103E7000CDE9043205F0AAFF019BC01A6328DDE9F1
:103E8000043297D9002384F8423094F840302BB1A3
:103E900094F8413013B90225257066E70125FBE748
:103EA0002DE9F0412DED0A8B9FED3E9A9FED3EBA34
:103EB000DFED3EBA9FED3ECA0D46F0EE40AA164633
:103EC0001C4680460027B0EE498AB0EE49AAAF42B0
:103ED00012DB002D267033DCDFED327A84ED01AA8F
:103EE00084ED02AA84ED03AA0023BDEC0A8BC4ED85
:103EF000047A2375BDE8F08107EE907AB8EEE77A90
:103F0000F8EC018A27EE0B7A78EEEA8AC7EE0B7A94
:103F1000013767EEAB7AC7EE8C9A07EE906AF8EE3F
:103F2000E77A69EEA79AB0EE690A0CF035F8A0EED0
:103F3000288AB0EE690A0CF067F8A0EE289AC6E766
:103F400007EE905AF8EEE77AB0EE007AC7EE278ACD
:103F500028EE888A68EE898A84ED018A28EEA80A0C
:103F6000C4ED028AA8EE080A0BF0F4FFF0EE480A4E
:103F7000B0EE409A84ED030AB0EE680A0BF0E8FF59
:103F8000DFED0B7A9FED097A20EE270AC0EE077A63
:103F90009FED087AB4EEC79AF1EE10FAACBF012398
:103FA0000023A2E7000000000000B443DB0F4940FB
:103FB00000003443CDCC4C3D036A10B50C681C1B8B
:103FC0001368234413604C68436A1C1B53682344E2
:103FD00053608C68836A1C1B936823449360CC688D
:103FE000C36A1C1BD3682344D3600C69036B496903
:103FF0001C1B136923441361436B591A53690B4407
:10400000536110BD06EE902A07EE103AF8EEE66A0C
:10401000B8EEC77ABAEE0E6AC6EE877A091AF1EEE2
:10402000086AA7EEA66AF2EE046AE7EE866A27EE51
:10403000A77A27EE277A07EE901A27EE267A06EE61
:10404000900AF8EEE77AB8EEE60AA7EE270A0CF037
:1040500015B82DE9F047002986B00E4690460F4668
:1040600002DA404261EB41070546EA460024E94690
:10407000284639460A220023FCF73CFFAC46303282
:104080000AF8012BBCF10A0F3A4672F100022346EE
:10409000054604F101040F4602D3172CE8D116237C
:1040A000002E09DA172C07D004F118020DEB0204D8
:1040B0002D2204F8182C9C1C09EB040208F1FF3196
:1040C000012312F8010D01F8010F9C4203D00133C6
:1040D000182BF6D11724002308F8043006B0BDE8E9
:1040E000F0872DE9F04F002487B0894616461470FA
:1040F000A0F1080725464FF07C0AA3464C4502D1A3
:1041000007B0BDE8F08FF7E902016A46FFF7A1FFAB
:104110006846FCF75DF8002C0CBF2B466B1C034473
:10412000B3F5806FECD214B106F805A001356846EE
:10413000FCF74EF8804602467019454469460BF07C
:1041400081FA013406F805B0D8E700004F4B002291
:10415000F0B583F8B020C3F8A820002800F08F80C5
:10416000D0E90862D0E90A54D0E90C10C3E9AF6283
:10417000D3F8EC72D3F8D4223A44D3F818773A44FF
:10418000D3F830773A44D3F848773A44D3F87C7779
:104190003A44D3F878783A44D3F890783A44B61A47
:1041A000C3F8A862D3F8DC22D3F8F4623244D3F81F
:1041B00020673244D3F838673244D3F8506732442A
:1041C000D3F884673244D3F880683244D3F89868CF
:1041D0003244C3E9B154AD1AC3F8AC52D3F8E0226B
:1041E000D3F8F8522A44D3F824572A44D3F83C573A
:1041F0002A44D3F854572A44D3F888572A44D3F88A
:1042000084582A44D3F89C582A44A41AC3E9B3100A
:10421000C3F8B042D3F8FC42D3F8E4222244D3F8E6
:1042200028472244D3F840472244D3F85847224431
:10423000D3F88C472244D3F888482244D3F8A048C6
:104240002244891AC3F8B412D3F8E822D3F8001331
:104250000A44D3F82C170A44D3F844170A44D3F875
:104260005C170A44D3F890170A44D3F88C180A4410
:10427000D3F8A4180A44801AC3F8B802F0BD014666
:10428000044605460246064670E700BFE0100020DF
:104290002DE9F043002900F0AB805B4BD3F8944349
:1042A000002C00F0A580012583F82953D3F8305362
:1042B000D1F858C0D3F84063D1F85CE0D1F8608001
:1042C000D1F86490CF6E0135C3F83053D3F83C5326
:1042D0006544C3F83C534D6D2E44C3F84063D3F896
:1042E00044637644C3F84463D3F848634644C3F850
:1042F0004863D3F84C634E44C3F84C63D3F854631B
:104300003E44C3F854630F6FD3F858633E44C3F878
:1043100058634F6FD3F85C63B74288BFC3F85C73D0
:10432000D3F860638F6EB74288BFC3F8607304EB45
:10433000800707F580578E6FC7F84067D1F8806017
:10434000C7F8106DBCF1FF0F04EB000642F2C8572E
:1043500028BF4FF0FF0C06F807C0FF2D42F23C7754
:1043600028BFFF25F555BEF1FF0F42F6B00528BF67
:104370004FF0FF0E06F805E0B8F1FF0F42F62425D6
:1043800028BF4FF0FF0806F80580B9F1FF0F42F68D
:10439000983528BF4FF0FF0906F8059042F60C55F6
:1043A00072554ABB0D783DB3D1E90C6704EBC004EC
:1043B000C4E9006708B9C3E9DA67D3F834230132E6
:1043C000C3F834238B789BB1A0B1B0F5B47F0FD183
:1043D0000E4B01221A70D1F884205A60D1F888203F
:1043E0009A60D1F88C20DA60D1E90E01C3E90401AA
:1043F000BDE8F083064BECE7D3F8501383F82C2389
:104400000131C3F85013F3E7E010002090140020AE
:10441000781400200E4A30B50121151F814200DBBF
:1044200030BDD2ED007A4B1E144634ED017AF4EE25
:10443000C77AF1EE10FA03D5013B84ED017AF4D28C
:1044400005EB8303C3ED017A01310432E6E700BFD7
:10445000140B0020084B0022C0B293F8C810814210
:1044600006D001320C2A03F11803F6D10020704760
:1044700003F1C800704700BFE01000202DE9F047AD
:1044800088462DED0A8B0446F0EE409A002852D063
:10449000DFF8C090DFED2B8ADFED2BAA9FED2BBA62
:1044A000DFED2BBA0027561807EE907AB8EEE77AC0
:1044B000C24627EE2A7AB0EE699AC7EE2A7A67EEEC
:1044C0008B7A87EEABCA1AF8010BFFF7C3FF0546DC
:1044D000D0B1037808EE103AB8EE488A28EE0C8A7C
:1044E000B0EE480A0BF058FDB0EE40AAB0EE480A14
:1044F0000BF08AFDD5ED027A95ED017A60EE277A10
:10450000E7EE0A7A39EE279A5645DCD1F9EC017AC2
:10451000013777EEC97ABC42E7EEA78AC4D107EE2D
:10452000904AB8EEE70A88EE800ABDEC0A8BBDE837
:10453000F0470BF00FBDBDEC0A8B9FED020ABDE802
:10454000F08700BF000000000000B443DB0F4940CB
:1045500000003443902100202DE9F04715462DED51
:104560000C8B0E46142200211F460446F0EE40BA82
:10457000F0EE60AA0AF0CCFF07EB0508A94619F88F
:1045800001AB5046FFF766FF30B94E4B2361BDECDF
:104590000C8B2046BDE8F087B6EB4A0F01D84A4B9A
:1045A000F4E7C145EBD13A462946B0EE6B0A3046F6
:1045B000FFF764FF9FED45BA9FED458ADFED45CAE1
:1045C0009FED45DAF0EE409A002707EE907AB8EEBC
:1045D000E7AAA9462AEE2CAAF0EE6B8A2AEE0DAACB
:1045E00019F8010BFFF736FF0646D0B1037809EE44
:1045F000103AB8EE499A29EE0A9AB0EE490A0BF041
:10460000CBFCB0EE40CAB0EE490A0BF0FDFCD6ED93
:10461000027A96ED017A60EE277AE7EE0C7A78EE70
:10462000A78AC845DCD1F4EEC88AF1EE10FAB4EEE0
:10463000E8BAC8BFB0EE688A0137F1EE10FAC8BF19
:10464000B0EE68BAB7F5805FBFD1DFED247AF4EE43
:10465000E7AAF1EE10FA38EE4B8A2FDD89EEAA7A3E
:10466000F7EE007AE7EE477A9FED1D7AF0EEE76A03
:10467000F4EE476AF1EE10FA06D89FED1A7AF4EEDE
:10468000C77AF1EE10FA05D5174BC4ED009A84ED08
:10469000018A7BE79FED157AB4EEE77AF1EE10FA26
:1046A000C8BFF0EE477A012323730123C4ED009ABB
:1046B00084ED018AC4ED027A637368E7DFED0B7A5B
:1046C0000023F1E74619010859190108286B6E4EBD
:1046D000286B6ECEDB0FC94000008039BD378635B0
:1046E000FFFF7F7F6F1283BA6D1901080000000081
:1046F000B5EEC00AF1EE10FADFED126A4CBFB1EE72
:10470000407AB0EE407AF6EE007AE7EE267A07B508
:10471000FDEEE77A642117EE902AB5EEC00A92FB0F
:10472000F1F3F1EE10FA01FB1322009208D553EADF
:10473000020105D0044A10210AF078FE03B000BD42
:10474000024AF8E70000C8428019010881190108EF
:104750002DE9F04F91B01F469DF86C3007930B6820
:104760004B4C02939342CCBF4FF0FF330123059390
:1047700006900491934608F077FFD4F87C32DDF878
:1047800068904FF0000801330546C4F87C32CDF83C
:1047900004800126CDF80C80029828233246594621
:1047A000FFF730FCDDF80CA0049BB7EE000A1860A0
:1047B00080B2FEF74BFF08AB0698032240F21D7152
:1047C000FDF794F9D4F880320133C4F8803298B1FF
:1047D00007B13E6011B0BDE8F08F401B002847DDF7
:1047E000D4F884320133C4F88432D4F88832984241
:1047F00088BFC4F888023BE0BAF1000F1FD00A9BC3
:1048000001990B9AB3EB080362EB010205990129A8
:1048100011D113F1090F72F1FF3210DA5B42D4F8B3
:104820008C220132C4F88C22D4F890229A4238BFEC
:10483000C4F8903203E00A2B72F10002EFDADDE9EE
:104840000A8301931A9B3BB1079BB34222BF019B92
:10485000C9F80080C9F804300136292E12D008F0BA
:1048600003FF01352B1A002BB7DD284608F055FF52
:104870004FF0010A282E09F10809CDF80CA08BD1C0
:10488000584691E7002FA5D028233B60A2E700BF40
:10489000E01000202DE9F04F2DED028BBE4CBF4AF9
:1048A000217BBF4BADF5805D83B0002908BF1A4660
:1048B0004A92FFF79BF8002801F0B281C368499340
:1048C0004FF0010B94ED2E0A64A8FFF711FF94ED51
:1048D000040A1422E4A90520FFF7F0F994ED050A73
:1048E0001422E9A90520FFF7E9F994ED060A182238
:1048F0000DF5A4610320FFF7E1F994ED070A1422F6
:10490000F8A90520FFF7DAF994ED080A1422FDA9A9
:104910000520FFF7D3F994ED0E0A1422EEA9052025
:10492000FFF7CCF994ED0F0A1422F3A90520FFF745
:10493000C5F994ED100A18220DF5A7610320FFF7C1
:10494000BDF994ED110A14220DF581610520FFF7E0
:10495000B5F994ED120A14220DF21C410520FFF75F
:10496000ADF994ED0C0A14220DF586610320FFF7D2
:10497000A5F994ED160A14220DF244410320FFF725
:104980009DF994ED1B0A14220DF58B610520FFF7AC
:1049900095F914220DF26C4194ED1C0A0520FFF7E5
:1049A0008DF9804B94F8EC167F4A002918BF1A46FF
:1049B00094F88F304E92002B01F037817B4968A824
:1049C0000AF038FE79496CA80AF034FE774962A8EB
:1049D0000AF030FE94F8A430002B01F03D81D4F8A9
:1049E000A030734A102170A80AF020FD94F88C3092
:1049F000002B41F0378194F88E306E4D002B01F082
:104A00003581684E6C4B94F8A402D3F8102A4C926E
:104A1000D3F8142AD3F8183A4F93B4F8303250939D
:104A2000B4F832325193B4F83432529363685393EA
:104A3000A368549394F82833559394F8C8334D924F
:104A40005693D4E92A23579394F8B030589394F8A6
:104A500078325993FEF7EEFFD4F8A8325B93D4F87E
:104A6000AC325C93D4F8B0325D93D4F8B4325E9338
:104A7000D4F8B8325F93D4F804336093002AD4F8A2
:104A80000833B4F8B2705A90619341F3F280D4F8CD
:104A90000C13D4F81003A1EB020ADAF1000343EB84
:104AA0000A034B93831A58425841D4F81433434CA9
:104AB000991A4B42B4F880C64B41374C94F80D809C
:104AC00094F80E9094F86040032C96BFDFF80CE148
:104AD000DFF8FCE05EF824E070AC469462AC4594EC
:104AE0006CAC449468AC43942B4CD4F89C10429129
:104AF00094F88FA0CDF804A1DFF8E4A0CDE93F6AD7
:104B000094F88D60CDE93D562D4D3C95D4F88850F4
:104B10003B95D4F884503A95D4F880503995E56F98
:104B20003895A56E3795656ECDE935E5CDE93389C4
:104B3000CDE92D034B9B2C93619B2B9340F28E3040
:104B40000923CDE929301F4B2893609B27931E4BE7
:104B500026935F9B25935E9B24935D9B23935C9B95
:104B600022935B9B194D21935A9B2093599B1F9332
:104B7000CDE931C5589B1E9364ADCDE92F75579B88
:104B8000134D1448CDE91C23084A1992124A189271
:104B90004E9A179226E000BFE01000208B19010802
:104BA0008C1901083D570108265701089C19010876
:104BB000BF1901089F1901080070FF1FE0200020A5
:104BC000262001085D200108752001084320010806
:104BD00064160108C6190108B71301088C580108AA
:104BE00015200108B64A1692B64A1592569A1492A2
:104BF000B54A1392559A1292B44A1192B44A10923D
:104C0000B44A0F924A9A0E92549A0D92539A0C9269
:104C1000529A0B9206220A92519A0992509A0023B4
:104C20004FF4B476CDE91A36CDE90732AA4B069394
:104C3000499B03934F9B02934D9B01934C9BA74A27
:104C40000093CDE904B5A64B0521FEF73BFFB7273E
:104C5000B623CDE90237A34B01960093D4E9012393
:104C60000521A148FEF72EFFD4E90167FEF7F0FD0C
:104C7000D4F890320F93D4F88C320E93D4F8883253
:104C80000D93D4F884320C93D4F880320B93D4F87B
:104C90007C320A93D4F89C320993D4F89832089362
:104CA000D4F8943207934FF0280C0123CDE9053C4A
:104CB0008E4B03934A9B0490CDE90153499B8C484A
:104CC000009332463B460521FEF7FCFE4FF0640E92
:104CD0001123CDE9153E60224023CDE91323109323
:104CE00042230F930422834B0E934FF05108CDE9DA
:104CF00011284FF4A0731522CDE90C32CDE906320C
:104D00004FF00F09DC23CDE90439C82303937A4916
:104D10007A4B0B9102937A494A9B0A911021CDE973
:104D20000053CDE90811499B7648D4E90112FEF7FA
:104D3000C9FED4E9012394F860B04B93BBF1030F93
:104D4000236D98BF704D4C93A36F94F834C0A17B32
:104D500094F82400A66A94F84CE094F80D80A78D8E
:104D600094F85CA0B4F8549098BF55F82B50209359
:104D70000DF26C4B636FCDF878B00DF58B6BCDF801
:104D800074B01F93A36E1C93636ECDF864A0CDE93D
:104D90001A534C9BDFF898A10DF24445CDE91795C5
:104DA0000DF21C45CDE915E3CDE90B061495FDA8E0
:104DB0000DF5816513950A900DF5A765F8A8129574
:104DC0000990F3AD0DF5A46011950890EEADE9A83A
:104DD000CDE90FC54A9B07900DF58665E4A8CDE99E
:104DE0000510CDE90D754949494D0293499B494844
:104DF00003910195009305214B9BCDF81080FEF7A0
:104E000061FE44F6206340F21D72CDE909320221B1
:104E10006023CDE90731402306933F4B05933F4B79
:104E200004933F4B0393284B3E48CDE90153499BE4
:104E30000093D4E901230521FEF744FEAAF2CE53E4
:104E40004D93394B4B934FF0000BB423374C4C939D
:104E5000AAF2CE565D46D4F8A8309D42C0F24087F3
:104E6000D4F89433002B41F09B80304C0DF5AA62AE
:104E7000D4E9C801FFF7EDF8D4E9C801FCF7A8FEB2
:104E80000DF5906105201422FEF718FF63684B931F
:104E9000A3684C93D4F804334F93D4F8BC325093A6
:104EA000D4F8C0325193D4F8C4325293D4F8C832F3
:104EB0005393D4F8CC325493D4F8D032559339E08C
:104EC00086200108B2200108C2200108DB20010869
:104ED000E720010805210108212101088D1601089C
:104EE00078160108D0210108272101088F23010825
:104EF000ED210108F42501081526010851260108B5
:104F000035260108A92301088C580108432001080F
:104F1000641601087D260108CC2A0108D62A01085A
:104F2000EC2A01088C290108CF380020E01000206D
:104F30005E270020D4F8D4325693D4F8D832579351
:104F4000D4F8DC325893D4F8E0325993D4F8E432F0
:104F50005A93D4F8E8325B93D4F8EC325C93D4F8EB
:104F6000F0325D93D4F8A830002BD4E9BD67D4E9C2
:104F7000BFCED4E9C281D4E9C405D4E9C69A01F30D
:104F800083810022144613460DF5906BCDF888B04E
:104F90000DF5AA6BCDE9203B5D9B13935C9B1293AF
:104FA0005B9B11935A9B1093599B0F93589B0E93A5
:104FB000579B0D93569B0C93559BCDE91E42CDE913
:104FC0001A05CDE91881CDE91467CDE91C9ACDE920
:104FD00016CE0B93549B0A93539B0993529B0893B1
:104FE000519B0793509B06934F9B0593C74B04938C
:104FF000C74B03934A9B0293C64B0193499B009373
:10500000C548C64EDDE94B230521FEF75BFD0025B3
:105010000DF5D1692F4634460DF5E96896ED350A50
:10502000102249460420FEF749FE96ED360A10226A
:1050300008EB07110420FEF741FE96F8DC3013B1AF
:105040000123BB401D4301370C2F06F1180609F15F
:105050001009E3D194ED7D0A102274A90420FEF713
:105060002DFE94ED7E0A102278A90420FEF726FE7C
:1050700094ED830A10227CA90420FEF71FFE94ED14
:10508000840A102280A90420FEF718FE94ED890AF4
:10509000102284A90420FEF711FE94ED8A0A102242
:1050A00088A90420FEF70AFE94F8143294F8FC2133
:1050B00094ED300A5B0343EA02332B4310228CA9A0
:1050C00004204B93FEF7FAFD94ED310A102290A9CB
:1050D0000420FEF7F3FD94ED900A102294A9042019
:1050E000FEF7ECFD94ED910A102298A90420FEF73A
:1050F000E5FD94ED920A10229CA90420FEF7DEFD46
:1051000094ED930A1022A0A90420FEF7D7FD94ED98
:10511000940A1022A4A90420FEF7D0FD94ED960A6B
:105120001022A8A90420FEF7C9FD94ED970A1022C9
:10513000ACA90420FEF7C2FD0DF5347894ED980A71
:105140001022B0A90420FEF7B9FD0DF538794146CB
:1051500094ED9A0A10220420FEF7B0FD0DF53C7A7A
:10516000494694ED9B0A10220420FEF7A7FD0DF599
:10517000407B94ED9C0A102251460420FEF79EFDD0
:10518000C4AD94ED9D0A102259460420FEF796FD09
:10519000C8AE294694ED8E0A10220420FEF78EFD3B
:1051A000314694ED8F0A10220420FEF787FD5C4BF8
:1051B000CCAF93ED270A394610220420FEF77EFD7E
:1051C000574B93ED270AF6EE007A20EE270AD0A976
:1051D00010220420FEF772FDD4F8A032CDF8F4A01E
:1051E000CDE93EB394F87832CDF8E880CDE93B9331
:1051F000D0A9B0ABCDE938713793ACAB3693A8AB3F
:10520000359394F864323493A4AB3393A0AB3293C8
:105210009CAB319398AB309394AB2F9394F854326A
:105220002C95CDE92D6394F837322B934B9B2A9321
:1052300094F83632299388AB289384AB2793B4F83B
:105240003432269306232593B4F832322493B4F8EB
:105250003032239380AB22937CAB219378AB2093A5
:1052600074AB1F930DF5FF631E930DF5FD631D9346
:105270000DF5FB631C930DF5F9631B930DF5F763B7
:105280001A930DF5F56319930DF5F36318930DF566
:10529000F16317930DF5EF6316930DF5ED63159319
:1052A0000DF5EB6314930DF5E96313930DF5E763C7
:1052B00012930DF5E56311930DF5E36310930DF56E
:1052C000E1630F930DF5DF630E930DF5DD630D9331
:1052D0000DF5DB630C930DF5D9630B930DF5D763D7
:1052E0000A930DF5D56309930DF5D36308930DF576
:1052F000D163079390AB06938CAB0593D4F8AC3095
:105300000493D4F8A83003930CE000BF7520010883
:105310005D20010864160108C32F0108E010002079
:10532000E02000204A9B0293C24B0193499B0093CB
:10533000D4E90123C04805210DF29445FEF7C2FBD4
:105340000DF5956694EDDE0A142229460520FEF738
:10535000B5FC0DF2BC4794EDDF0A1422314605205E
:10536000FEF7ACFC0DF59A6894EDE00A142239467C
:105370000520FEF7A3FC0DF2E44994EDE10A1422A6
:1053800041460520FEF79AFC94EDE20A14224946B4
:105390000520FEF793FC94EDE30A14220DF59F61BE
:1053A0000520FEF78BFC94EDE40A14220DF20C515B
:1053B0000520FEF783FCD4F83433002B40F37887C4
:1053C000D4E9DA010DF5AD62FEF743FE0DF5B362E7
:1053D00000200021FEF73DFE984C94F82A33002B64
:1053E00000F07287D4E9DC010DF5B062FEF731FE02
:1053F0004E9B1E93924B1D93D4F864331C93D4F8A8
:1054000060331B93D4F85C331A93D4F85833199350
:10541000D4F854331893D4F850331793D4F84C334A
:105420001693D4F848331593D4F844331493D4F82E
:1054300040331393D4F83C331293D4F8343311939C
:10544000D4F8303310930DF20C530F930DF59F6386
:105450000E9394F82B337B48CDE90C930DF5B06394
:105460000B930DF5B3630A930DF5AD63CDE9088396
:10547000CDE906670595D4F83833049394F82A33B8
:105480000393714B02936B4B0193499B0093D4E9B7
:1054900001230521FEF716FBD4F89433002B40F0CE
:1054A0002D876A4C6A4D04F54078A4F57679237807
:1054B000002B00F0A1806378002B00F08787D4E9EF
:1054C00018010DF5CB62FEF7C4FDD4E906010DF518
:1054D000CE62FEF7BEFDD4E908010DF60802FEF724
:1054E000B8FD0DF60842D4E90A01FEF7B2FDD4E991
:1054F0000601FBF753F8574B0022FBF77DF8564B9C
:105500000022FBF779F8FBF747FB142200EE100AA4
:105510000DF5C2610520FEF7D1FBD4E90801FCF7C7
:1055200057FB14220DF5C5610520FEF7C7FBD4E932
:105530000A01FCF74DFB14220DF5C8610520FEF7AA
:10554000BDFBD9E901234B932B68549323694C93FA
:1055500063684E93A3684F93E3685093D4E9237331
:105560005193D4F89430A0785293D4F89830539350
:10557000FEF760FA6378D4E927ABD4E92161CDE97D
:105580001903539BCDF858A0CDE917B3529B15933F
:10559000519B3248CDE913730DF5C86310930DF696
:1055A0000843CDE911160F930DF5C5630E930DF663
:1055B00008030D930DF5C2630C930DF5CE630B93A9
:1055C0000DF5CB630A93509B09934F9B08934E9B19
:1055D00007934C9B06934FF4B4730593549B049329
:1055E0001F4B03934A9B0293124B0193499B0093D9
:1055F00005214B9BFEF766FAC034444505F10405CE
:105600007FF455AF0D4C94F8C85394F8CA63D4F89E
:10561000D47394F8CC03002D00F0FD86002E00F02A
:10562000FD86042F40F0FA860E490F4B002818BF64
:1056300019461BE06416010812330108E01000202F
:105640008620010825380108C2200108B81400206E
:10565000C4580108008076400000F03DB23B0108CC
:10566000B2200108CB560108C9560108FEF7E2F93D
:10567000D4E90128D4F8D093CDE90B0194F8CB33C9
:10568000CDF82090CDE909730423CDE9066394F8A1
:10569000C933D748CDE90453D64B03934A9BD64D23
:1056A0000293D64B0193499B00932E464346052116
:1056B000FEF708FAF6E804010DF5B662FEF7C9FC3C
:1056C00056E902010DF5B962FEF7C3FCD6E9000107
:1056D0000DF5BC62FEF7BDFCD5E908010DF5BF6212
:1056E000FEF7B7FCD5E90A010DF5C262FEF7B1FC81
:1056F000D5E90C010DF5C562FEF7ABFCD5E910014B
:105700000DF5C862FEF7A5FCD5E912010DF5CB62D7
:10571000FEF79FFCD5E93E010DF5CE62FEF799FC40
:10572000D5E940010DF60802FEF793FCD5E94201E8
:105730000DF60842FEF78DFCD4F81827D4F89437FC
:10574000D4F82017D4F82407D4F82857D4F8886858
:105750001344D4F878281344D4F890281344D4F888
:1057600048271344D4F860271344D4F89C270A44EC
:10577000D4F880180A44D4F898180A44D4F850177A
:105780000A44D4F8681702EB010BD4F8A0170144BF
:10579000D4F884080144D4F89C080144D4F8540790
:1057A0000144D4F86C070144D4F8A40705443544F7
:1057B000D4F8A068D4F8A8073544D4F8586735441D
:1057C000D4F870673544D4F82C678719D4F88C68FE
:1057D00094F8D8063744D4F8A4683744D4F85C6702
:1057E0003744D4F874673744D4E901264B96461EF3
:1057F000D6F1000AD4F800484C944AEB060A072870
:1058000096BF7F4CDFF8F4C154F820C07D4CD4F82B
:10581000C8074E90D4F8E8074F9094F8D9060028AE
:1058200000F0FF8594F8DC06032800F2FD85764E33
:1058300056F8200094F8DB66002E00F0F88594F806
:10584000DE46032C00F2F6856F4E56F824606D4C50
:1058500094F878E7BEF1000F00F0EF8594F879E74F
:10586000BEF1030F00F2ED85DFF89C8158F82EE0C1
:1058700094F87488B8F1000F00F0E78594F8754843
:10588000032C00F2E685DFF8808158F824905D4C07
:1058900094F8EC86CDF87C8094F8EB86CDE91B1566
:1058A000CDE91D78CDE9193BD4F8C03818930DF532
:1058B000CB6310930DF5C8630F934F9B0E930DF5BB
:1058C000C5630D930DF5C2630C934E9B0A930DF5C2
:1058D000BC6309930DF5CE670DF5B9630DF60808A5
:1058E0000DF60845CDE9149708930DF5BF690DF540
:1058F000B663CDE9126ECDE906C3CDF8588011909C
:10590000CDF814A01795CDF82C904C9B04933F4BE9
:1059100003934A9B394E0293499B3D4800930521CE
:105920004B9B0196FEF7CEF8424694F8C41804F655
:10593000C800FEF7D6FB94F8081A2A4604F5216041
:10594000FEF7CFFBCDF80C8094F8C4383148CDE990
:105950000163499B0093D4E901230521FEF7B2F8C6
:10596000039594F8083A2C48CDE90163499B0093CC
:10597000D4E901230521FEF7A5F804F6C14B04F68E
:10598000C84A4FF000081BF8011F08F1010889B14F
:105990002A465046FEF7A5FB04959BF80030019679
:1059A000CDE90283499B0093D4E901231B480521DB
:1059B000FEF788F8B8F1030F0AF5A07AE3D1D4E92D
:1059C000CCB394F82C034B93154994F829A3FEF714
:1059D00031F894F82AE3134BD4E90128BEF1000F03
:1059E00018BF19464B9BCDE903B3499B00931BE0BD
:1059F000D33D0108B2200108901800206416010868
:105A00005C580108E01000207C580108862001083D
:105A1000DD3E010833420108B44201083543010864
:105A2000C9560108CB560108CDE90501CDE9016A47
:105A3000934843460521FEF745F8267B002E40F0AB
:105A4000658594F8B030002B00F04C8594F88D30CB
:105A5000002B00F037860DF55478B4F8B41089485F
:105A6000D4F800A09FED888AFEF756F894ED2E0A30
:105A70004046FEF73DFE41468448FEF74DF8CDF81E
:105A800000804346D4F8BC20B4F8B2108048FEF73A
:105A900043F8B0460AF10106D4F8A8309845C0F2A0
:105AA000DC84DFF838820093D8F8883079483246B1
:105AB0006421FEF731F80DF55C7A98ED230AD8A839
:105AC000FEF716FE98ED240A5046FEF711FECDF8BB
:105AD00004A0B8F896300093B8F894206E48D8AB7C
:105AE0003146FEF719F80120FEF7B4FC8246062085
:105AF000FEF7B0FC8046BAF1000F00F0D1849AEDB9
:105B0000030AE0A8FEF7F4FDBAF1000F00F0CC8420
:105B10009AED040A0DF5B660FEF7EAFD5F480DF553
:105B2000B663E0AA3146FDF7F7FFB8F1000F00F0C9
:105B3000BF8498ED030A0DF5B960FEF7D9FDB8F101
:105B4000000F00F0B98498ED040ADFF890810DF59C
:105B5000BC60FEF7CDFD0DF5BC630DF5B9623146B5
:105B60004F48FDF7D9FF94ED8E0A4846FEF7C0FD79
:105B70004B4694F837224B483146FDF7CDFF98ED60
:105B8000270A0DF5C260FEF7B3FD0DF5C26231467E
:105B90004548FDF7C1FF98ED290A0DF5C560FEF7F0
:105BA000A7FD0DF5CB6998ED2A0A0DF5C860FEF743
:105BB0009FFD98ED2B0A4846FEF79AFD0DF5C86348
:105BC0000DF5C56231463948CDF80090FDF7A4FFC8
:105BD00098ED280A3846FEF78BFD3A4631463448A0
:105BE000FDF79AFF98ED260A0DF60800FEF780FDF6
:105BF00030480DF608023146FDF78EFF0DF608021B
:105C000031462D48FDF788FF28469FED2C0AFEF708
:105C10006FFD2B482A463146FDF77EFF00F076BC2B
:105C2000284B49938346FEF74DBED4F89030264A60
:105C3000102168A809F0FAFBD4F89430224A102108
:105C40006CA809F0F3FB94F89830204A082162A868
:105C500009F0ECFBFEF7BEBE1D4970A809F0EAFC96
:105C6000FEF7C4BE1B4D1A4EFEF7CCBE1A4EFEF711
:105C7000C9BE0023BC4618464B93FEF71EBF00BFAB
:105C8000BD430108604401080000B44373440108A7
:105C900093440108F64401082545010867450108B9
:105CA000B74501081F4601085446010899460108F6
:105CB000CD460108F1460108E74601080000000052
:105CC000114701086C160108BF190108C319010822
:105CD0009C1901088F19010826570108E0200020AF
:105CE0003AF8020F0DF5CE67FBF762FB0DF5D168B0
:105CF000142239460520FDF7E1FFB6EC010A142213
:105D000041460520FDF7DAFFCDE90678BAF8003004
:105D10000593B4F8B220D6F8B438974813449BB230
:105D2000CDE903534A9B0293944B0193499B009303
:105D3000D4E901230521FDF7EFFE4B9B9048013389
:105D40004B9393F8743105934B9B1B780493BAF8EB
:105D5000883E0393D6F8843ECDE901534A9B0093D5
:105D6000D4E901230521FDF7D7FED4F89433002BA5
:105D700052D0D4F8082395424EDA591942F6F472FB
:105D80008F5C05F5BA7203EBC203D3E900890DF607
:105D9000084240464946FEF75CF940464946FBF753
:105DA00017FF14220DF608010520FDF787FFD4F830
:105DB00094C343F268100CEB0501D4E9012311F8F8
:105DC00000E001F53A510978032996BF6D486B4808
:105DD00050F8210005F58B5110313CF811100B9152
:105DE0000DF608010A910DF608410991C7F38001EB
:105DF0000891C7F3400107914A9902915F490191C7
:105E000007F0010749990091CDE90507CDE9035E47
:105E10005D480521FDF756FED4F89473002F63D03A
:105E2000D4F834339D425FDA002200230DF5CB61B4
:105E3000C1E90023237B4FF4B472002B40F095801E
:105E40004C9800235946FBF755F8EB004F93C317C6
:105E5000CDE900030DF5CB68CDF8088007EBC5014F
:105E6000D7E90023D1E90001FBF796FF00283BD0DA
:105E7000464FD7F89433EA0013440DF60809D3E9E6
:105E800000014A46FEF7E5F80DF60842D8E90001A0
:105E9000FEF7DFF8D8E90001FAF780FB3C4B00225F
:105EA000FAF7AAFB3B4B0022FAF7A6FBFAF774FEBF
:105EB000142200EE100A0DF5E9610520FDF7FEFE43
:105EC0000DF5E96306930DF60843CDE904934A9B6B
:105ED00002932A4B0193499B03950093D7E9012331
:105EE0002D480521FDF718FED4F89413002932D06F
:105EF000D4F830339D422EDA01EB850303F580534D
:105F00002944D3F84087D3F8109D42F60C53D4E9C6
:105F10000127C85CFDF78EFD42F698330990CB5CF3
:105F2000089342F624231D48CB5C079342F6B00346
:105F3000CB5C069342F23C73CB5C059342F2C853B0
:105F4000CB5CCDE903934A9B0093CDE901583B46D6
:105F50000521FDF7E1FD4C9B13F5803305F10105AB
:105F60004C934BF1000BFEF776BF4C98002359463B
:105F7000FAF7C0FF404268E7022B010864160108E7
:105F80002C2B01087C580108542B0108E01000203C
:105F9000008076400000F03D442C0108722C01087E
:105FA000CD4D0024D5F8943346F618211A19575CC4
:105FB000002F00F0068146F68C31422C12F801A029
:105FC00005D0BAF1010F02D0012F00F0FA8004F2DF
:105FD0005C6203EBC203D3E90001002983460B4650
:105FE00003DAD0F1000B61EB4103BAF1010F03BFFB
:105FF0004FF4A0784FF0000915264FF0DC081CBFC5
:106000004FF000090F260DF5BF62422C08BF512644
:106010004B93FEF71EF84B9B584619460DF5C2628E
:10602000FEF717F8404649460DF5C562FEF711F830
:1060300004F54253D5F8941330330DF5C86231F8A6
:1060400013000021FEF705F8D5F8943304F5FA6241
:1060500003EBC203D3E900010DF5CB62FDF7F9FFB5
:10606000D5F8943304F6441203EBC203D3E90001DC
:106070000DF5CE62FDF7EDFFD5F8943304F6B822A6
:1060800003EBC203D3E900010DF5D162FDF7E1FF97
:1060900004F54853D5F8941324330DF5E96231F82B
:1060A00013000021FDF7D5FFD5F894331A1902F536
:1060B000DA4246F6A408127802F00101C2F3400267
:1060C0004C9204F55C52383203EB42034B919888B2
:1060D0000DF608020021FDF7BCFFD5F8943304F655
:1060E0002C6203EBC203D3E900010DF60842FDF771
:1060F000B0FFD5F894C379490CEB040347F67462FA
:1061000046F2307E985C6A684F92AA685092744A50
:1061100013F80EE013F80880BAF1010F08BF0A4621
:10612000422C03F5FA4308BF0CF5E04C93F800B09D
:1061300008BF9CF8E83F079618BF00230A2F96BFB8
:10614000DFF8B0C1674F5CF8277018970DF5CB6783
:10615000CDE9163700F00109C0F3400A0DF60843F7
:10616000C0F38000CDE914030DF60803CDE912B3A6
:106170000DF5E963CDE90E834C9B0D934B9B0C937E
:106180000DF5D1630B930DF5CE630A930DF5C8633E
:10619000CDE908E30DF5C56306930DF5C263CDE9BE
:1061A000109A059204930DF5BF63CDE902434A9B13
:1061B00001934C4B0093DDE94F12499B4A48FDF790
:1061C00081FC0134B4F5BA7F7FF4ECAE424FDFF8C6
:1061D0001481DFF824A10024D7F8946306F5E04386
:1061E00093F8E83F9C42BEF440AE4FF0300B0BFBFF
:1061F000046505F50043D3E900010DF5E962FDF7FB
:1062000028FF05F50043D3E902010DF60802FDF76A
:1062100020FF05F500410DF608431031D1E90001DA
:106220001A46FDF716FF47F6F07004F1010955F81C
:1062300000C047F6F4700BFB0464285C48F21805B4
:106240000DF60843655DD7E90112CDE909350DF674
:10625000080308930DF5E963079347F6F8730328DD
:10626000E35894BF5AF820004046CDE90503422385
:1062700002934A9B1D48CDE90083CDE9039C499BCD
:10628000FDF720FC4C46A7E7A1EB030BDBF1000474
:1062900044EB0B04A0EB030BDBF1000242EB0B021F
:1062A000A5EB030BDBF1000343EB0B03FEF76CBE26
:1062B0000F490DF5AD6009F0BDF90D490DF5B3605D
:1062C00009F0B8F9FFF788B809490DF5B06009F091
:1062D000B1F9FFF78DB800BFE0100020A819010840
:1062E000B119010864160108AA2C0108D02E010872
:1062F0009C19010830580108205801084FF4B47364
:106300000026CDF85C366E4FCDF858660DF5CB63A0
:106310004B934B9BD7F8342353F8045B4B93954234
:1063200044DA684A02F11804002D08BF1446D7F871
:10633000942302EBC50152F835A0D1F804B00DF555
:10634000CE6250465946FDF784FE22780DF6084984
:106350000DF60808002A30D0D4E904014246FDF7C2
:1063600078FED4E90401B0EB0A004A4661EB0B0168
:10637000FDF76FFECDE90A890DF5CE630922099379
:106380000892E2680792A2680692626805922278F3
:106390004A9B0293CDE903524B4B0193499B0093D7
:1063A000D7E9012349480521FDF78CFB731C022B1B
:1063B0004FF00106ADD1FFF774B84549404609F0EA
:1063C00039F94349484609F035F9D3E740490DF515
:1063D000CB6009F02FF93E490DF5CE6009F02AF99E
:1063E0003B490DF6080009F025F939490DF608403A
:1063F00009F020F936490DF5C26009F01BF934495E
:106400000DF5C56009F016F931490DF5C86009F0C0
:1064100011F9FFF796B82F49FFF728B92E49FFF772
:1064200025B92B48FFF706BA2748FFF703BA284ECD
:10643000FFF70DBA244EFFF70ABADFF894E0FFF732
:1064400017BADFF884E0FFF713BADFF88490FFF79C
:106450001EBADFF87490FFF71ABABAF1000F18DB12
:1064600007EE908AB8EEE70A0DF6080020EE080A5B
:1064700080EE080AFEF73CF94D9B284693ED000A92
:10648000FEF736F915482B460DF608023146FDF7A2
:1064900043FB4D9B043308F101084D93FFF7FCBA11
:1064A0009FED0F0AFFF72DBB9FED0D0AFFF732BBE3
:1064B0009FED0B0AFFF73FBB9FED090AFFF745BBB6
:1064C000E01000207814002064160108B13A010899
:1064D0009C190108B6190108C9560108D1440108E0
:1064E0000000000094F8A402FDF7A4FAD4F8A82054
:1064F0002168019203467F48D0F88800121A009262
:1065000094F878227C480131FDF706FB7B4E0DF5AF
:10651000CB6256E90201FDF79CFDD6E910013A462F
:10652000FDF797FDD6E908010DF60802FDF791FD8C
:10653000D6E91A012A46FDF78CFD63684993A368E2
:106540004B93D4E92A13002994F878824C9340F3B2
:10655000CB80D4F80C33D4F810235B1AD3F10009A4
:1065600049EB0309D4F81433501A4242A3EB010556
:106570004241D5F1000A4AEB050A94F8A402FDF75E
:1065800059FA5F4BD4F8345C1F68D4F8103C4D9333
:10659000D4F8143C4E93D4F8203C4F93D4F8243CC8
:1065A0005093D4F8283C5193D4F82C3C5293D4F80F
:1065B000303C5393D4F8383C5493D4F83C3C559336
:1065C000D4F8483C5693D4F84C3C5793D4F8503CFC
:1065D0005893D4F8543C5993D4F8583C5A93D4F86F
:1065E000683C5B93D4F8703CD4F8806C5C93D4F82E
:1065F000743C5D93D4F8783C5E93844645EA060388
:1066000094F8B000D4F86CECD4F87CBCB3FA83F303
:106610005B0900286CD047EA05003A4C30433A4801
:1066200018BF2046CDE923300DF60843CDE921639C
:106630005E9B1F935D9B1E935C9BCDF880B0CDE964
:106640001CE35B9B1B930DF5CE631A935A9B199326
:10665000599B1893589B1793579B1693569B1593CA
:106660000DF608031493559B1393549B2748CDE9CB
:106670001153539B1093529B0F93519B0E93509B1E
:106680000D934F9B0C930DF5CB630B934E9B0A938D
:106690004D9BCDF80C80CDE908734C9BCDE90113DF
:1066A0004A9B0093CDE904924B9B499A0521CDE981
:1066B00006ACFDF707FA0DF5805D03B0BDEC028B6B
:1066C000BDE8F08FD4F8342C22B121681048013194
:1066D000FFF7A2BAD4F8802C002A3FF417AF216844
:1066E0000C480131FFF798BA00229146924644E7E0
:1066F000044897E7E02000203B470108001D0020E8
:10670000C43B0020C9560108CB560108EC470108DC
:106710007C470108B44701082DE9F04F2DED0C8BA3
:10672000ADF25C5DCDE9330127939DF8B035374874
:106730002893002348923F93FDF7EEF9344B279AB4
:106740003448354C002A08BF1846FDF709FA50B9FD
:106750000A2323700023159315980DF25C5DBDECA0
:106760000C8BBDE8F08F2D4B1A68013222921A6013
:10677000FCF76AFF92A8FCF7DFFFFCF777FF9CA805
:10678000FCF7DAFF9CA8FDF761F9159028B90A23F8
:1067900023482370FDF7C0F9DCE7FCF753FF03F053
:1067A00015FB204B38901B782F9363B31E4B1B684F
:1067B000C31A1C22002174A8399308F0A9FE03F023
:1067C00005FB0546FDF738F8DFED188A124B4490BB
:1067D000FCAF02263846B0EE680AC7ED008A1E708C
:1067E000FCF7D0FF044628B303F0F0FA0026FDF7CB
:1067F00023F80323159C1993B1464D469FED0B8A50
:10680000DDF8649034E12F9BD3E700BF664D0108AB
:10681000DE4C0108C74C0108C83B002008090020D5
:10682000784D0108D4080020D8080020000000009E
:10683000CDCC4C3DD7ED009A30962F460DF58766AE
:10684000C6ED008A3046B0EE680AFCF79BFF19904F
:106850000028C9D196ED009A1FED0B7AF0EEC97AA7
:10686000F4EEC77AF1EE10FA40F15781013440F2AC
:10687000F5139C4240F06A8103F0A8FA431B45934C
:10688000FCF7DAFFC94B469003221A7003F09EFA18
:10689000C74B199A1A60C74B81460DF599601A606B
:1068A000FCF74AFFBDF8E44442F6AB26B4FBF6F32E
:1068B00006FB1344A4B241F255539C4240F292812C
:1068C000351BB723B635B5FBF3F528235D4306F03A
:1068D000CBFEDFF8E0A2DFF8D8B207464FF00108A0
:1068E000454580F08581B7EE000A0020FCF7AEFE3A
:1068F000C82006F006FF03F069FAAF4CAF4BA0EBDF
:10690000090542F6D822002120461D6008F000FE4D
:10691000AB4B002149F2B022184608F0F9FDA94A14
:10692000229B63604FF00008C2F80080A64AC4F8BA
:1069300094521368C4F8940301273B441360A36086
:106940009B4B84F828731B68C4F89832994B84F8E1
:10695000C8731B68C4F89C3284F8CB73FCF76AFFD9
:10696000A4F83002FCF764FFA4F8320200EB400008
:10697000A6AEB840A4F834028C4D3046FBF7A9F817
:10698000D6E9091206232B70F36A306ACDF82C8100
:10699000CDE95823336B5A930DF50278736B5B93F3
:1069A000CDE956014346032240F21D713046FBF704
:1069B0009DF804F29472814656A93046FDF7FCFA20
:1069C0000523B9F1000F00F03F8184F8A49284F808
:1069D000D836FDF7BBFB784D01269CA86E73FDF7FA
:1069E00035F892AFA8730FCF05F110040FC40FCF85
:1069F0000FC497E8030084E803009CAC0FCC05F1BA
:106A000038070FC70FCC0FC7459B759394E8030059
:106A1000309B7693449B7993CDED779A469B7A93FE
:106A200074AC87E803000FCC05F160070FC78DED4C
:106A3000789A94E8070087E8070095F8B030D5F811
:106A4000344C1593D5F8803C1C43B4FA84F46409A3
:106A5000B9F1000F7FF4D1AE159B002B01F0EC874C
:106A600005F5805595ED268A38EE288A0025012601
:106A7000FCF7EAFD4D4B08221A7003F0A7F9534BBF
:106A80001860534B01221A70389BC01A002E3BD05D
:106A9000494B339ADA67349AC3F88020489AC3F88E
:106AA00084200322C3F88820279A83F88C20002AA8
:106AB00041F0C687289A002A01F0C587D3F8342C04
:106AC000D3F8801C0A43B2FA82F2520983F88D206F
:106AD000289A83F88E209DF8B42583F88F203D4AAC
:106AE000C3F89020DDF8B825C3F894209DF8BC25A4
:106AF00083F89820399AC3F8A0202F9AC3F89C00F5
:106B000083F8A420FDF7C6FEB9F1010F41F09E877E
:106B1000264B31480A221A703CE69DEDFC7AB0EE15
:106B2000C77A77EEC77A9FED2D7AF4EEC77AF1EE49
:106B300010FA0ADD03F04AF9FCF77EFE159CDDF839
:106B40006490012319934E4657E6199C03F03EF9D1
:106B5000C31BB3F5FA7F804611D396ED000A0DF5FD
:106B60009960FDF7C5FDFCF767FE4FF4FA730090DE
:106B700022461B480DF59961FCF7CEFF4746309B36
:106B800001333093A8EB050844F61F63984508D9F4
:106B900003F01CF94FF00009FCF74EFE159C022390
:106BA000D0E7022006F0ADFD4AE600BFC83B00205A
:106BB000BC3B0020B83B0020E0100020C03B002080
:106BC00000000010C43B002004090020D808002069
:106BD000D4080020C0D40100F74D01080000B442E1
:106BE000B94D01080CB926466AE6199E254668E6A5
:106BF000B8F1010F0AD006F037FD01373B1A002B20
:106C000017DD384606F089FD45451BD02B46424628
:106C100031462046FDF7F6F9B7EE000A80B2FCF7E0
:106C200015FDDBF800300133CBF8003008F1010826
:106C300056E6C01B0028C2BFDAF800300133CAF89C
:106C40000030E1E73046E7E72B70D6E90931326AD8
:106C500084F8D976F76ACDE95C23CDE95E17336B0A
:106C60006093C6AF736B6193CDE90097D8E90223B7
:106C7000FDF75EF804F5E362804684F8DC065CA963
:106C80003046FDF799F9B8F1000F11D0B8F1030FB4
:106C900014BF0223052384F8D836FDF757FAB8F15C
:106CA000030F7FF498AE97F8019084F8A49292E6CF
:106CB0003B6910937B69129304232B7003F086F8D1
:106CC000D6E909751B90D6E90B01726B366ADFF8BD
:106CD00090A2CDF84C90CDE964509C4DCDE962670F
:106CE000CDE966124E464F464A46904600234FF481
:106CF000B47228463146FAF7FDF8A0EB0808B8F15F
:106D0000000F024607D0CCBF01214FF0FF310FB179
:106D1000B94226D10F4600230DF52678CDE9003380
:106D2000CDF8C8344BA90DF5996340461492FDF790
:106D30000FFD139ADDF8C8341A4413928346149A4F
:106D4000A8B1834A62A94046FDF736F9A2F6780257
:106D5000052382F8A4B282F8D836D946FDF7F6F9B1
:106D600039E6D4F800380133C4F80038D2E715F515
:106D7000803546F10006864208BF5545B5D1744EB0
:106D8000744C324662A94046FDF716F91099052366
:106D9000237042F6AB23CB181493129BD8F8201023
:106DA000509143F10003D8F824101693D8F82830F6
:106DB000CDE95113D8F82C305393A6F67805D8F8BE
:106DC000303054930122D8F8343085F878270DF507
:106DD000587ACDE9002A5593149A169BFCF7A8FF20
:106DE000A6F5B072834685F8790750A94046FDF7AD
:106DF000E3F8BBF1000F11D0BBF1030F14BF072361
:106E0000052385F8D836FDF7A1F9BBF1030F7FF410
:106E1000E2AD9AF8019085F8A492DCE5DAF810303A
:106E20001893DAF814301A9342F6AB22002346E99D
:106E30003223109A189B129947489B1A1A9AC5F840
:106E4000B83762EB01021B18C5F8BC2762F10002DB
:106E500046F8B83CC5F8C42702F0B8FF1B9BC01A1F
:106E6000C5F8C80702F0B2FF012F4FF004032370EA
:106E700008BFD5F800381D90A6AC08BF0133D4E98F
:106E8000091208BFC5F80038D4E90B35206A666BD3
:106E9000CDE964230023CDE96201CDE900334C93B1
:106EA00042F6F5124CAB4BA92046CDE96656FDF7EC
:106EB0004FFC2A4E0746324662A92046FDF77CF871
:106EC000A6F5096547B1052385F8A47285F8D8367B
:106ED000B946FDF73BF97EE51E4F216A4FF00503E9
:106EE0003B70D4E909235293E36A5393236B549381
:106EF000636B5593109BCDE9501242F6F5129A1828
:106F0000129B4FF0010B0DF56A7A85F874B843F1C6
:106F10000003CDE900BAFCF70BFFA6F5BC72804672
:106F200085F8750850A92046FDF746F8B8F1000F1E
:106F300018D0B8F1030F14BF0323052385F8D83602
:106F4000FDF704F9B8F1030F61E700BFB4000100D9
:106F500058190020C83B002055D5FFFF70190020AC
:106F6000B4003D00DAF810301B93DAF814301C93AB
:106F70006FF0B5024FF0FF33C6E90623189A1B9B4A
:106F80001A999B1A1C9A62EB0102C6E90832B633C1
:106F900042F10002C6E90A3202F018FF1D9BC01A36
:106FA000736AC5F8C008DB0F85F8EA3602F00EFFF9
:106FB00004233B70D5F8003818900133C5F8003829
:106FC000D4E90923E06A216ACDF83481CDE964303F
:106FD000236B6693636B679328230DF59A7A01936D
:106FE00006F5C073CDE96212009342F6AB22534618
:106FF0004BA92046FDF7ACFBA6F5A472804662A91A
:107000002046FCF7D9FFDDF834A1C5F8E4A685F8E1
:1070100008AAB8F1000F09D04FF0050385F8A48243
:1070200085F8D836C146FDF791F8D4E44FF0050352
:107030003B70D4E90923E76A216A85F8DBB6CDE91C
:107040005237236B54930DF57C78636B5593CDE9E0
:107050005012169B149ACDE900B8FCF769FEA6F20F
:10706000A452074685F8DE0650A92046FCF7A4FF87
:10707000A6F5987250A9FCF79FFF6FB1032F14BFBC
:107080000423052385F8D836FDF760F8032F7FF435
:10709000A2AC98F80190BEE6D8F8103021930DF517
:1070A0007E7CD8F814302993BCE80F0082AC0FC462
:1070B0009CE80F0084E80F0048224146B4A808F07D
:1070C000C1FA85F8D8B602F081FE189B1C99C01A47
:1070D000B622002346E930231B9A219BC5F8E80716
:1070E0009B1A299A62EB010246E92E32B63B42F125
:1070F000FF3246E92C32109A219B12999B1A299A49
:1071000062EB0102C74946E928325B1862F10002CE
:1071100046E92632139BB3F5166F06D14C9B282BFC
:1071200003D1AAF1280047424741BF4AD2F82417A9
:10713000D2F82037D2F8B00782F8E9760B43D2F8BC
:1071400028170B43D2F82C170B43D2F880180B43A7
:10715000D2F884180B43D2F888180B43D2F88C1855
:107160000B43D2F898180B43D2F89C180B43D2F873
:10717000A0180B43D2F8A4180B43D2F850170B43B6
:10718000D2F854170B43D2F858170B43D2F85C17B8
:107190000B43D2F868170B43D2F86C170B43D2F8A5
:1071A00070170B43D2F874170B43D2F8B417B3FA25
:1071B00083F301284FEA531371F1000182F8EB3693
:1071C000C0F21B82D2F8AC18002980F21682D2F8E5
:1071D0000028022A40F011823B40934DBDF808027E
:1071E00085F8EC36A5F8B200FCF71AFB2999A5F84A
:1071F000B4002198DFED8DAADFED8DBA9FED8DDA19
:10720000FAF7E6FC219BC5F8BC302E4685ED2E0A28
:10721000A6AD0FCD8AAC0FC495E80F0084E80F002F
:1072200096F828332393402160230024CDE97D1371
:1072300044F6206002237F93B0EE40AA8DF8EC4123
:107240007C94FAF7A7FB40F21D73819306F6C843BE
:10725000329303F57A73419303F2CE534293764B04
:107260002593764B3193A3F2CE532693744B8090A3
:107270004E942C931B943D943C94B0EE6ABA3A948D
:1072800010949DF8103333B1674AD2F80C330133B0
:10729000C2F80C3301239DF811233AB16249D1F8A9
:1072A0001023013243F00203C1F810239DF812238A
:1072B0003AB15D49D1F81423013243F00403C1F817
:1072C00014239DF8D052012D40F09C815649D1F8ED
:1072D00018230132C1F81823DDE9C264002C3246BC
:1072E000274602DA724264EB44074F49D1E9C801EC
:1072F0009042B9413CBF4C49C1E9C8274A49D1F83D
:1073000008230132C1F80823D1F894230AB3109955
:1073100001F5BA7102EBC101C1E900641099BE9C8C
:107320004FF6FF7001F58B511031A04228BF204667
:1073300022F8110010990A4402F53A510D7042F6F4
:10734000F47153543A9943F26813FF2928BFFF217F
:10735000D154DDE9B834CDE91634239B03B3109B37
:10736000F3B10DF5876100220023C1E900238AA84B
:107370000091BA9ABDF8D81240F21D73FAF739F9A4
:10738000044668B1902200210DF5996008F0C0F81C
:10739000109822460DF59961FCF77AFF002323939C
:1073A000284B9FED228A06221A704023139382AC49
:1073B0002346032240F21D71A6A8FAF797FB12900C
:1073C000002840F03381D4E90201FAF701FC139B55
:1073D000013B38EE008A1393EAD1DDED107A9FED80
:1073E0001A7ADDF838B1F8EEE77A584667EE877A10
:1073F0004FEAEB71C7EE87DAFAF7EAFB234603227E
:1074000040F21D71A6A89FED117AF0EE4A7AD8EEEF
:10741000077A30EE678AFAF769FB1290002840F08D
:10742000058115E055D5FFFFE010002000000000A9
:10743000286B6E4E286B6ECECF3800205E27002062
:10744000B4000100C83B00200000B4430000803CB1
:1074500024882046F9F7ACFF269B869AA3EC018A84
:107460002693319B269923F8024F3193269BC3F82C
:10747000B4B8C1F8842E3199BDF82022A1F8882E25
:1074800025999DF8252201F8012FB4EEC8DA9DF860
:10749000263281F87431F1EE10FA239B48BF3C94F8
:1074A000F4EEC8BA44BFB0EE40BAB0EE48DAF1EE3E
:1074B00010FAC2BF3D94F0EE40AAF0EE48BA259112
:1074C000002B00F05181109B002B00F0A480B3F53D
:1074D000B47F00F0A08000231A460020CDE90123EC
:1074E00000210DF587657BABCDE90401009306957E
:1074F000DDE916238AA8FAF701FF29460746024666
:107500001098FCF7C5FE002F40F0AC817C4C94F83D
:10751000C833002B00F02881109BB3F5B47F40F0F6
:107520002381012684F8C96384F8CB7302F04EFCF2
:1075300030223946824604F5767007F0E9FF902242
:10754000294604F5816084F8D863C4F8E8B308F0EC
:1075500079F8D4F8D0333344C4F8D0339DF83834B4
:10756000002B5CD004F57C7302934FF4803200232F
:10757000CDE90023D4E9DA23D5E90C01FAF70CFCB4
:10758000002857D0DDF85014DDF85834DDF85404E5
:10759000DDF85C2484F8D9635B1A62EB0002C4E96D
:1075A000FE32DDF87814DDF88034DDF88424DDF86F
:1075B0007C045B1AC4F80034D4F8D4339FED4ECB6E
:1075C000334462EB0002C4F8D4334E4BC4F80424B5
:1075D000189304F59665189B53F8042F149218938A
:1075E0000AEB020702F0F2FB149AA0EB0A039A429C
:1075F00022D9381A06F085F8F4E70023EDE5CDF836
:1076000040B03EE6022D01BF3D49D1F81C230132B6
:10761000C1F81C2360E63C4A402309205EE733465C
:10762000374A82F8DA3382F8CC331293DDF840B06F
:1076300000F093BD0923F3E702F0C8FBA0EB0A03B7
:107640001A930DF599634FF0000806937BABCDE9D3
:10765000018800938DED04CBDDE916238AA8FAF7A3
:107660004DFE074602F0B2FB41461C90C022A5F138
:10767000180007F04DFF149B45F8143C1A9B45F881
:10768000103C1C9B05F8167CA3EB0A034FF0010885
:1076900045E9033B05F8188C90220DF5996105F139
:1076A000180007F0CFFFD4F8D0334344C4F8D033E8
:1076B00027B99DF8C8343BB905F8168C15F8163C67
:1076C000002B44D00E4AAEE74FF480320023CDE9C0
:1076D000002302950DF59F61D4E9DA23D1E9000179
:1076E000FAF75AFB90B9C02303FB0643092683F837
:1076F000DA633346E6E700BF000000000000000048
:10770000E0100020D458010810090020DDF8E03412
:10771000DDF8E824DDF8E41405F8178CD21ADDF85A
:10772000EC3463EB0103C5E90223DDF81025DDF835
:107730000835DDF80C15D31ADDF8142562EB0102CB
:10774000C5E90432D4F8D4330133C4F8D433013654
:10775000042E05F1C0057FF43EAF8D4B012283F866
:10776000CA23002283F8CC23DFED8A7A109BF4EE43
:10777000E7DAF1EE10FADDE9AEA4DDE9B087DDE984
:10778000B26503F1010B80F2E8842C981B994FF449
:10779000B4720023F9F7AEFB7F4B3E90BBF1030FB1
:1077A0004FF004021A70CDE96C65D8BF28234FADA5
:1077B000D8BF12934FF00001D8BF329A29601299B6
:1077C000CABF00222B461346CDE90021A6A83E9A47
:1077D0004EA9CDE96A87CDE968A4FCF7B9FFBBF1F2
:1077E000030FDCBF259B2A681290D8BFA3F5D9539D
:1077F000A6ADD8BF03F80E2C68A9684A2846FCF746
:10780000DBFB1299DDE9AEE3DDE9B0C7DDE9B26289
:1078100029BB191BCDE950E3CDE954624E9B219A57
:107820003A919A182A92299A5B4942EBE3732B9377
:1078300005240123B4AE0C7000930196DDE92A23E0
:10784000CDE952C7FCF774FA50AC0746544A2146BA
:107850002846FCF7B1FB032F07D173781293CDF8BC
:1078600040B0E3E6002323937EE7D6E904582A9B41
:107870005B1B1D932B9B63EB08031A931D9B2D939E
:107880001A9B2E93002B06DA1D9B5B422D931A9BAD
:1078900063EB43032E932D9BB399AE9AC92B2E9B7A
:1078A000DDE9AF7673F10003DDE9B1402BBF4FF4A2
:1078B000A073DC23359335932CBF15230F23BBF125
:1078C000420FCDE96E27CDE97064CDE972011E93B8
:1078D00000F08182602200210DF5996007F018FE0A
:1078E0001D9B1D9A012B1A9B4FF0000473F100039E
:1078F0001A9B1494ACBF4FF0010A4FF0FF3A169454
:1079000018941C94002B1146184602DA514263EB7E
:107910004300CDE91FA82F4602E02F46CDF8808016
:10792000112970F100001C99249236930DD2002980
:107930000CBF012105218DF8C8141C998DF8E214A3
:10794000CDF8D824CDF8DC348EE091B1DDF8E41424
:10795000142903D906218DF8C814F1E7DDF8E814DD
:10796000B1F5A07FDDF8EC1471F100011ADB0721FD
:10797000F1E71E991398814201D80221EBE716998D
:1079800035988142189971F100010BDB0321E2E780
:10799000E01000200000B943C83B0020B4130020D1
:1079A000CC1300204E984FEA0A1630444E90B7EEA2
:1079B000000A80B2FBF74AFE002200230DF5896120
:1079C000C1E900230DF58763721901934FF000039D
:1079D0000093A6A848EBE673FCF7AAF9139BDDF821
:1079E0004854DDF84C8401331393CDF8CC34169B06
:1079F00010331693189B43F100031893169BCDF890
:107A0000D034189BCDF8D4341C9B86467BB1DDF86E
:107A1000E434DDF8EC240133CDF8E434DDF8E83467
:107A2000103342F10002CDF8E834CDF8EC240DF526
:107A3000886CBCE80F00B6AE0FC69CE80F0086E865
:107A40000F002A9B5A1B2B9B63EB0803BEF1030F0D
:107A500040F06E810A21CDF8DC349DF839348DF880
:107A6000C814CDF8D8241293AE4A6EA9A6A8FCF784
:107A7000A3FAA2F549629DF8E154D2F894739DF8F7
:107A800000659DF8C8249DF810A5002F00F0908097
:107A9000BBF5BA7F00F08C80109B1D9807EBC303E9
:107AA00003F54B514FF6FF7E88621A98C8620DF5B8
:107AB0009B6090ED007B03F57A510DF59E6081EDA2
:107AC000027B90ED007B03F594410DF59F6081ED05
:107AD0000A7B90ED007B03F5AB4181ED127B1099A1
:107AE00007EB410C16990CF5C04C714528BF714647
:107AF000ACF86211DDF8E814714528BF7146ACF8A6
:107B00004A141399FF2928BFFF2107EB0B00884671
:107B100046F2307103F5E24300F80180DDF8E41429
:107B200046F6A408FF2928BFFF2100F8081046F6F2
:107B3000182142542D99C9292E9971F1000146F658
:107B40008C312CBF4FF001084FF0000800F8018085
:107B50009DF8E21400F5DA4845EA410188F8001082
:107B6000DDF80815714528BF7146ACF8761E1499EA
:107B7000D9669C66DDF8043500F5FA41FF2B28BF75
:107B8000FF230B709DF801154FEA8A0343EA410376
:107B900047F674613343BBF1420F435408D1DDF81B
:107BA000203507F5E047FF2B28BFFF2387F8E83F84
:107BB0005D481399D0F8143C0B44D0F81C1C10916C
:107BC000C0F8143C1699D0F8183C13EB010C109B2C
:107BD0001899C0F818CC41EB0301139BC0F81C1C8A
:107BE00023B1D0F8103C0133C0F8103C022A40F019
:107BF0007882D0F8203C0133C0F8203C9DF8E004A6
:107C0000494B20B1D3F8281C0131C3F8281C15B307
:107C1000D3F82C1CD3F83C5C444F0131C3F82C1C26
:107C2000DDF8E4142944C3F83C1CDDF8E854396855
:107C300011EB050C7968DDF8EC5441EB05059DF876
:107C4000E214C7E900C5002900F05382D3F8301CC4
:107C50000131C3F8301C3449082A02BFD1F8383C3E
:107C60000133C1F8383C76B1D1F8743C0133C1F826
:107C7000743C9DF80135002B00F04182D1F8783C2E
:107C80000133C1F8783CBAF1000F05D02649D1F88C
:107C9000803C0133C1F8803C224951E9023100297E
:107CA00002DA5B4261EB4101149E002E254602DAA6
:107CB000654266EB4606AB4271EB06063FBF194BC9
:107CC000149943F8084C43F8041C2D9B164CC92BFF
:107CD0002E9B73F10003C0F00B83D4F8503C139932
:107CE000169E0133C4F8503CD4F8583C0B44C4F8F9
:107CF000583CD4F8603CD4F8641C9B19189EC4F816
:107D0000603C46EB0101013A04F546656960042ACE
:107D100000F20082DFE812F0F901E002E602FE0163
:107D2000F90100BF701D0020E0100020201D002080
:107D3000DDF850E02099EF1B704668EB0101002848
:107D4000264602DA66426EEB4E0E002938468C4615
:107D500002DA784261EB410C86427EEB0C0C3FBFAD
:107D6000CDF81875CDF81C153C461491002B114622
:107D7000184616461F4602DA564263EB4307112E99
:107D800077F10007FFF4BEADBAF1010F1AD1002B55
:107D9000BFF6C3AD1C99002940F0A1812499CDF80C
:107DA000F0143699CDF8F41440F20111ADF8E01456
:107DB0001F99CDF8F824C1F1000A1599CDF8FC34CB
:107DC0001C919FE5012A73F10001FFF69BAD4FF076
:107DD000FF311F91DEE7A64BD3F89463002E2ED01F
:107DE00006F5FF46642370363B93602200210DF5B3
:107DF000996007F08DFB1D9B1D9A012B1A9B73F157
:107E00000003ACBF01234FF0FF33002420931A9BE3
:107E10001494169418941E941C94002B1146184622
:107E200002DA514263EB4300209F40971C9F1F954D
:107E30007F00CDE93623CDF80C81499706E03B96CB
:107E4000D3E7CDE936231F95CDF80C81112970F1C8
:107E5000000C0ED21C9900290CBF012105218DF8C0
:107E6000C8141C998DF8E2149DF800158DF80115C1
:107E700066E51E9F37B9412970F1000004D2012147
:107E80008DF8001515991E911C99002900F0E180CC
:107E9000DDF8E41410293FF65DADDDF8E814402963
:107EA000DDF8EC1471F10001BFF661AD1E9B499A3B
:107EB0004E98002B209B0CBF4FF0100A4FF0040A85
:107EC0000AFB03F324931E9B1344DBB24793249BCA
:107ED00018444E90B7EE000A80B2FBF7B7FB0DF5E1
:107EE000876100220023C1E90423249B01915A19D0
:107EF0004FF000030093249BA6A848EBE373FBF725
:107F000017FF139BDDF84854DDF84C8401331393BD
:107F1000CDF8CC34169B1AEB03031693189B43F150
:107F200000031893169BCDF8D034189BCDF8D434A9
:107F30001C9B844683B1DDF8E434DDF8EC24013386
:107F4000CDF8E434DDF8E83413EB0A0342F1000223
:107F5000CDF8E834CDF8EC241E9B83B1DDF8043570
:107F6000DDF80C250133CDF80435DDF8083513EBC9
:107F70000A0342F10002CDF80835CDF80C250DF5C5
:107F8000886ABAE80F000DF5367EAEE80F009AE871
:107F90000F008EE80F002A9B5A1B2B9B63EB0803F4
:107FA000BCF1030F3FF456AD1F99B5EB010C43999B
:107FB00068EB010100291F91E6468A4603DADCF1ED
:107FC000000E61EB410A149F002F2146384603DA68
:107FD000614267EB470738467145014671EB0A017C
:107FE00006D21F99CDF818C5CDF81C15644614911A
:107FF000002E3BD0DDF820153B9F8F4236D9302034
:108000004F1C41430846CDF8207507467118139858
:10801000F05147980871249888603698086137981D
:108020004B62C1E9050C1F98C1E907024FF000003F
:1080300081F828001E98E8B1BEF1610F7AF1000ABC
:1080400018D301208DF8100509B181F82800092105
:1080500081E4139950293FF690AC169935988142E6
:10806000189971F10001FFF621AF8FE40021E1E7DB
:10807000E0100020002B1146184694469E4603DA75
:10808000D2F1000C63EB430EBCF1110F7EF1000E38
:10809000FFF4C3AE209F012F18D1002BBFF6D1AE45
:1080A0001C99E1B93699CDF8F0143799CDF8F4144C
:1080B00040F20111ADF8E0144099CDF8F82449429E
:1080C00020911599CDF8FC341C91A6E6012A73F194
:1080D0000001FFF6A2AE4FF0FF314091E0E708212A
:1080E00039E4032A02BFD0F8243C0133C0F8243C11
:1080F00084E5D3F8341C0131C3F8341CABE5D1F866
:108100007C3C0133C1F87C3CBDE5D4F8543C0133E0
:10811000C4F8543C20B1D4F8703C0133C4F8703C2E
:10812000129B002B7FF49BAB329B3E9A12984E928F
:1081300003F5A07332932C9B13F580332C931B9B78
:108140002C9A43F100031B931B99714B814208BF8A
:108150009A427FF454AA4FF4BA7B6E4CD4F814239D
:10816000D4F80833D4F8EC52C4F8A8B004F5805120
:108170009B1AC1F888303C9BA1F894303D9BA1F834
:108180009630129B84F8A432DDE9AE73C4E9AF7374
:10819000D4F8D43281ED23BA2B44D4F81857C1ED6A
:1081A00024AAFB1A5B1BD4F830575B1BD4F8485742
:1081B0005D1BD4F87C37ED1AD4F87838DDE9B212BB
:1081C000DDE9B060ED1AD4F89038C4E9B312C4E91F
:1081D000B160ED1AD4F8903CED1AC4F8A852D4F866
:1081E000F432D4F8DC522B44D4F82057F31A5B1B3A
:1081F000D4F838575B1BD4F850575D1BD4F884373C
:10820000ED1AD4F88038ED1AD4F89838ED1AD4F86D
:10821000983CED1AC4F8AC52D4F8E032D4F8F852D5
:108220002B44D4F82457C31A5B1BD4F83C57D4F81A
:1082300084085B1BD4F854575B1BD4F888575B1B2E
:108240001B1AD4F89C081B1AD4F89C0C1B1AC4F8EF
:10825000B032D4F8FC02D4F8E4320344CB1AD4F898
:1082600028175B1AD4F840175B1AD4F858175B1A12
:10827000D4F88C175B1AD4F888185B1AD4F8A018B5
:108280005B1AD4F8A01C5B1AC4F8B432D4F8E832F4
:10829000D4F800130B44D31AD4F82C279B1AD4F823
:1082A00044279B1AD4F85C279B1AD4F890279B1A72
:1082B000D4F88C289B1AD4F8A4289B1AD4F8A42CA0
:1082C0009B1AC4F8B832129B33B30023DDF84890F0
:1082D00084F8B030FEF77FBBD4F8683C0133C4F8B3
:1082E000683C17E7D4F86C3C0133C4F86C3C11E7E8
:1082F000032A02BFD4F8483C0133C4F8483C0028A4
:108300003FF40EAFD4F84C3C0133C4F84C3C07E7C3
:10831000B4007501E0100020D84B07221A7001F05C
:1083200055FDBBF5B47F5B46A8BF4FF4B473BBF5F6
:10833000B47F8246C4F8AC30C0F2BB81D4F80823C5
:10834000934540F0B681D4F81463A6EB0B02564275
:108350005641CB4ADFEDD47A0024A34240F0AB81F2
:10836000BBF1000F00F0AD8107EE104AB8EEC77AFE
:1083700087EE878AC34BC24A9FEDCBAA83ED308A32
:10838000B0EE4A7A00239C4240F09E81BBF1000F80
:1083900000F0AB8107EE904AB8EEE70A87EE000ADC
:1083A00007F0D8FDDFEDB87AB4EEE70AF1EE10FA87
:1083B00040F3A081CAEE007AB24BDFF8D4820027E6
:1083C00083ED310AC3ED9A7AAE4D18F8012BAC4813
:1083D00005F1C8033B44B0EE480A21461837FBF7C5
:1083E0005FFDB7F5907FEFD105F5F47303F6C86034
:1083F0000422B0EE480A2146FBF752FD05F5007352
:108400000822B0EE480A214603F56B60FBF748FDF1
:10841000B5F834221AB1B4EB420F00F26E81994BD9
:10842000002283F83622974BD3ED357A93F8C82093
:1084300083F83722C3ED8E7A0022012395ED3B7A33
:10844000B4EEE77AF1EE10FAC4BF95F8E0203F925F
:1084500003F10103C4BF159AF0EE477A0C2B05F126
:108460001805EBD1874B22B13F9AC3ED8E7A83F882
:108470003722DFED857A93ED31AA824DB4EEE7AA7B
:10848000F1EE10FAC9BF93ED8E7A9FED877AF6EE82
:10849000007A67EE277AC4BF6AEE0A6A67EE877AC7
:1084A0004FF00607C8BF87EEA67A01224FA92046E3
:1084B0008DF83C710DF5DC78B0EE480A85ED8F7AC9
:1084C000FBF7DCFF242385ED900A012268A92046F2
:1084D000B0EE480A8DF8A031FBF7D0FF3B4685EDA2
:1084E000910A6A4AF0EE4A0AB0EE480A214640462E
:1084F000FCF732F86E9BC5F848326F9BC5F84C32DA
:10850000709BC5F850329DF8C5310BB19DF8C43150
:1085100085F854320DF587670C235D4AF0EE4A0A60
:10852000B0EE480A21463846FCF716F83B68C5F815
:1085300058327B68C5F85C32BB68C5F860329DF87C
:1085400045340BB19DF844344E4ADFF84C814C4918
:1085500082F86432424600239C4240F0DB80204691
:10856000FBF758FF07EE904A9FED4A0AB8EEE78AFC
:1085700028EE000A07F0B2FEBDEEC00ADFED4A7A2F
:10858000404A10EE103A013B9C42D8BF04F1FF3341
:10859000BBF1000F00F0C8803F4923EAE37301EB11
:1085A00083031B68C2F86C320023419A0133B2EC9A
:1085B000017A9C42E7EE077A4192F6DC87EE880A60
:1085C00007F0C8FC344D2E49A7003A462846B0EEC5
:1085D000408A07F037F82046FBF71CFF9FED327A00
:1085E000052C234607EB0502A8BF0523F0EE476ADA
:1085F0000021F5EC017A013176EEA76A72ED017A7D
:108600008B4237EE277AF4D107EE903AF8EEE77A0C
:10861000224B9FED235A87EE276A1F44611E0433C5
:1086200086EEA77AD3ED007AD7ED006A76EEE76A98
:1086300007EE901A36EE476AF8EEE75AB6EE007A81
:10864000F0EE477AE5EE857A9FED165AA5EE857A2B
:10865000FDEEE77ABDEEC77A17EE902A17EE100A04
:1086600022EAE2728442C8BF014603EB820203EBB6
:108670008103D2ED005A93ED007A17E0C83B002049
:1086800090210020E0100020BD37863508590108F0
:108690000E590108A4707D3F100B00200C0B002028
:1086A000CDCC4C3D3333733F0000000077EE657A4C
:1086B00046E0129E4DE6B2EC017A013477EE877AFD
:1086C0004BE61FED078A55E6F2EC017A77EEC87AA1
:1086D0000133A7EEA77AF0EEE77AF4EECA7AF1EE6C
:1086E00010FAC8BFB0EE67AA4DE61FED110AF0EE12
:1086F000407A61E65FED147A5EE6012385F8363252
:1087000005F50673B0EE480A214603F69860FBF7BC
:10871000C7FB88E6F1EC017A77EEC87A0133F0EE18
:10872000E77AE2EC017A17E7C2ED9B7AB0EE677A5E
:10873000F0EE675AB0EE678AF0EE676AB0EE676AED
:10874000D24C9FEDD3AA9FEDD3BA84ED266AC4ED37
:10875000276A84ED288AC4ED295A84ED2A7AC4ED6B
:108760002B7A04F664150027F0EE4AAAA4F580548B
:10877000BB455BD1BBF1000F00F08B8007EE90BAD8
:10878000B8EEE70A8AEE800A07F0E4FB84ED9C0A63
:1087900084ED9DAABBF1000F11D0F2EE0E7AB4EE7B
:1087A000E70AF1EE10FA77D8F3EE0E7AB4EEE7AA04
:1087B000F1EE10FA94BF4FF0010B4FF0000BB64CE6
:1087C0000BF0010384F878320BEA060384F8B0302A
:1087D00001F0FCFAA0EB0A00C4F8A00201F0F6FADE
:1087E0000023A4F82A3394F828338246ABB194F8D6
:1087F000293393B1D4F894337BB194F82C6366B9E0
:10880000D4F83413D4F8A820914206D1D4F8AC207F
:10881000002A02DDB1F5B47F41DC01F0D7FA9E4BAE
:10882000A0EB0A00C3F86403FEF7D5B8429B33F807
:10883000020F4293F8F7BCFD55F8040FB4F8B230BC
:10884000184480B2B0EE408AF8F7B2FDDFED937ABB
:1088500038EE400AB4EEE70AF1EE10FA13DCDFED71
:10886000907AB4EEE70AF1EE10FA0FD4E0EE00AA27
:108870000137B0EEC00AB4EECA0AF1EE10FAC8BF72
:10888000B0EE40AA74E730EE4B0AE3E730EE0B0A95
:10889000E7E79FED7F0A79E74FF0000B8FE7D3E919
:1088A0000023C4E9DA23DFF804B29FED7E8ADFED0E
:1088B0007EAA9FED77AAB4253746D4F834339F4279
:1088C0004CDBD4F8AC509FED727AC4F8385307EE05
:1088D000905AB8EEE70A00238AEE00BA84EDDEBAB9
:1088E0009D4200F3A18087EE000A07F033FB6A4C3B
:1088F0006E480DF5996324222946B0EE40AA84ED16
:10890000DF0AB0EE4B0AFBF7CBFAD4ED317A77EE03
:10891000CA7A0DF2D44393ED007AC4EDE37AD4ED34
:10892000657A84EDE07A77EEC77A9FED617AC4EDDF
:10893000E47AD4EDE27AF0EEE77AF4EEC77AF1EE7B
:1089400010FA94BF0123002338EE6A8A84F82B338F
:10895000012384EDE18A84F82A331FE00DF5996143
:1089600000220023C1E90023D4F89433029103EBE1
:10897000C70310934FF4B472002328463146F8F72A
:10898000B9FACDE900011099D4E9DA23D1E900015F
:10899000F9F702FA50B9092384F82C3301F016FADA
:1089A000A0EB0A00C4F86403FEF715B80DF599634F
:1089B000D3E9002310461946CDE91023F7F7EEFD61
:1089C0003C4B0022F7F718FE3B4B0022F7F714FE52
:1089D000F8F7E2F8D4F8AC309F4207EE900A11DACB
:1089E000F4EEE7AAF1EE10FAF4EEC87AC8BFF0EEA2
:1089F00067AA3AEE27AAF1EE10FACBF80000C8BF3A
:108A0000B0EE678AB7F5B47F02BFDDE91023C4ED8D
:108A1000E27AC4E9DC2315F5803507F101070BF193
:108A2000040B46F1000648E7F8EC017A77EECB7AC2
:108A30000133A7EEA77A53E79FED158AFEF716B824
:108A40000022FEF743B8289AFEF740B8B9F1020FAA
:108A500009D11A4B1A480A221A7044F62061FBF712
:108A60005BF8FDF777BEB9F1030F05D1134B15483D
:108A70000A221A70FDF78EBE45B3104B0A22284613
:108A80001A70FAF7D7FF01460F48E8E7E020002008
:108A9000000000000000B443E01000200000344358
:108AA000000034C3286B6ECE286B6E4E100B002076
:108AB000CDCC4C3E008076400000F03DC83B00200D
:108AC0000C4E01084F4E01088E4E0108159B2BB924
:108AD0005D4B5E480A221A70FDF75CBE279B002B97
:108AE00000F08D80FAF782FF00287FD0C368584DD0
:108AF000109395F87862002E7AD095F82B63002EAB
:108B000078D095F8A432002B76D1524F0126524BE3
:108B10000DF5467893ED260A41460DF55879142255
:108B20000520FBF7CBF80DF56A7A95ED350A494635
:108B300014220520FBF7C2F80DF57C7B95ED360A73
:108B4000514614220220FBF7B9F895ED3B0A59462D
:108B500014220520FBF7B2F80DF58763194695ED51
:108B60003C0A14220220FBF7A9F895EDE20A0DF564
:108B7000996114220520FBF7A1F895F8A402FAF7F1
:108B800059FF0022CDE90B06CDE90D7295F82B2394
:108B90000A920DF5876395F878220992CDE906B31C
:108BA0002E4B0293109B01930DF59961229B089126
:108BB0000093CDE9049ADDE933232948CDF80C80F0
:108BC0000521FAF77FFF274A274B2848002C18BFBA
:108BD0001346CDE90243264B0193229B00930521C6
:108BE000DDE93323FAF76EFFFDF7B6BD214B7EE7D3
:108BF000214F8CE7214F8AE7214F002687E7B4B148
:108C0000289BFBB1B0EE480A0DF59960FBF770FDAB
:108C10000DF599611B48FAF77FFF1B480DF5996127
:108C2000FAF77AFF1948FAF777FFFDF795BD18496B
:108C3000074A1848D2F8803CD2F8342CFAF76CFF77
:108C4000FDF78ABD1449F3E7C83B0020C24E010876
:108C5000E0100020B7130108E0200020641601088E
:108C6000054F0108CB560108214D01085D50010850
:108C7000262001086C160108EE4C0108FF4C010883
:108C80000F4D01080E51010804510108335101082C
:108C9000494D01083F510108344D01082DE9F04FBD
:108CA000DFF89C91514F99F80030DFF898A1D7F880
:108CB00000B04F4EDFF890814E4D89B05C46039373
:108CC000DAF80030029333780193012C98F80030E1
:108CD000009338BF0124013CBBF1010F8CBF00237E
:108CE0000123224628685946FDF716FD00233370FC
:108CF0003A68414E98B903233370404B40480A21EB
:108D000019704049404BBBF1010F98BF0B460093CF
:108D100029682346FAF700FF09B0BDE8F08FBBF1E0
:108D2000010F0ED839490B6801330B60384BD3F86B
:108D3000340CD3F8803C1843B0FA80F0400988F82E
:108D40000000032A20D9334B1B7804ACBBB19FED44
:108D5000320A102221460520FAF7B0FF03232B4ADE
:108D6000337003941268029298F800200192042252
:108D70000092296829480122FAF7A4FECCE7284985
:108D8000204606F057FCE9E7264B1A68264B1A6086
:108D900001F01CF8254B186002233370174B244850
:108DA00009221A70174A184B4FF00008BBF1010F47
:108DB00098BF13461F4ACAF8008089F800800292C3
:108DC0001D4ACDE9003223463A682968FAF7A4FE25
:108DD000404605F02FFE044606F01CFB02461748ED
:108DE000214609B0BDE8F04FFAF796BEF40800201E
:108DF000E5080020F808002000090020C83B0020FA
:108E0000905101088F1901089F190108E0080020FE
:108E1000E0100020DC08002000000000D95101080B
:108E20009C190108D8080020F0080020EC08002058
:108E30008352010815200108C0D40100ED52010839
:108E4000E6080020E8080020E40800202DE9F04FA3
:108E5000674E684FDFF8ECA1674DDFF8EC9187B003
:108E6000FAF7F2FB012365483370FAF779FE002325
:108E70003B7033700022DAF800008DF81320642371
:108E80000DF1130104F0DFFC0446C8B99DF813800E
:108E9000B8F1010F14D105A886F80080F8F766FB39
:108EA000002873D10A2333709DF8173000939DF882
:108EB00015209DF816309DF814105148FAF72CFE35
:108EC0002B78022B45D100F081FF4E4ADFF87C81E0
:108ED000136847F22F51C31A8B420CD910604A4ACB
:108EE000D8F8003049490092494A09681268C31A03
:108EF0004848FAF711FED8F800B000F067FF464B7B
:108F0000A0EB0B00984224D900F060FFD8F80030A5
:108F10003F49C01A414B1860A0F5EA33C03BB3F596
:108F2000967F3F4B94BF012200221A700A6802F11B
:108F3000010356D9032129700A2131704FF496712B
:108F4000CDE9010130490091304936480968FAF706
:108F5000E3FD2B78032B03D0002C8BD1002B89D180
:108F600000242C70FAF770FB204605F063FD834661
:108F700006F050FA804606F053FA5B460246414638
:108F80002948FAF7C9FD3C70347073E72B78013B30
:108F9000012B95D9D9F800101C4B1B4A234885F8A2
:108FA0000080013119601A4BC9F80010C3F8008025
:108FB0001F4B1C701F4B83F80080184B1C60184B14
:108FC0001C701D4B1C601D4B1C700423CDE901322D
:108FD00003231B4A00934346FAF774FDFFF75EFE36
:108FE0006EE70B6001232B70FFF758FEB1E700BF5F
:108FF000C83B0020C93B0020000900204053010865
:109000004B530108EC080020C0D40100F8080020F0
:10901000F40800201B540108BFD40100E808002018
:10902000E608002065540108F4540108965301082D
:10903000E4080020E5080020E0080020DC0800200B
:1090400026200108D03B0020FC080020F00800206A
:109050002DE9F047204E33689BBBDFF89890D9F894
:10906000004074BB1D4D1E4FB620A04682462146CF
:1090700028464FF4B4720023F7F73CFFA0EB0A0A2E
:1090800015F58035AAF1B60A44F10004BAF1010FD2
:1090900017D8444508BFBD42E8D101210022084647
:1090A00004F065FB306060B10E4A0F48002104F007
:1090B000E2FA0446C9F8000030B9306804F0F3FB66
:1090C00034600020BDE8F087084B01201870084B81
:1090D00083F80080F6E700BFD03B0020B400020018
:1090E000B4007301E45801084D8E0008C93B00200C
:1090F000C83B0020CC3B00200C4B73B5186880B1F6
:109100000B4D2B7803F0FF065BB901243346324642
:109110000DF107012C708DF8074004F063FB18B1C6
:109120002E70002002B070BD2046FBE7D03B00202F
:10913000C93B0020014B1878704700BFC93B002095
:1091400028B10023C361036243628362C362704734
:1091500070B40C46064658B151B105460FCC0FC548
:1091600094E8070085E80700304670BCFFF7E8BFC9
:1091700070BC704700287DD0D0ED017AD0ED076A31
:1091800090ED026A90ED007AE7EE806AD0ED037A06
:10919000F4EEE76AF1EE10FAC8BFF0EE676AF1EE9E
:1091A000677AF4EEE67AF1EE10FAD8BFF0EE667A5E
:1091B000D0ED086AC0ED077A70EE666A20EE077A95
:1091C00066EE866A90ED056AB5EEC06AF1EE10FAB9
:1091D00043D4F7EE005AB4EEE56AF1EE10FAD8BFC8
:1091E000F0EE465A90ED0A6A80ED080A76EEC66AFD
:1091F00037EE277AA6EEA56AD0ED047A80ED0A6AEA
:1092000037EE067AB4EEE77AF1EE10FAC8BFB0EEA8
:10921000677AF1EE677AF4EEC77AF1EE10FAD8BF0A
:10922000F0EE477A90ED067AB5EEC07AF1EE10FADC
:109230000ADDD0ED0B6A37EEE66AB4EEC67AF1EEDF
:1092400010FA0DD576EE877A90ED090AC0ED0B7A0B
:1092500030EE670A80ED090A7047DFED085AC1E772
:10926000F1EE475AF4EEC65AF1EE10FAC8BF76EEA8
:10927000C77AE9E79FED010A704700BF00000000D0
:1092800010B190ED090A70479FED010A704700BFC9
:1092900000000000F0B59B4D0FCDB1B001AC0FC484
:1092A00095E8070001AF84E807000FCF24AE0FC692
:1092B00094E80700B0EE000A002486E8070024A81E
:1092C0002C942D942E942B942F94FFF753FFF0EEB3
:1092D000401ABFEE000AFFF74DFF05F10C0CBCE889
:1092E0000F0008AF0FC79CE807000DF1200E87E8BC
:1092F0000700BEE80F000DF1900CACE80F0097E8F6
:109300000700B0EE402A86E80700B7EE000A24A85E
:109310002C942D942E942B942F94FFF72BFF05F172
:10932000280CBCE80F000FAF0FC79CE807000DF139
:109330003C0E87E80700BEE80F000DF1900CACE88A
:109340000F0097E80700F0EE402A86E80700B0EE2D
:10935000000A24A82C942D942E942B942F94FFF77C
:1093600009FFB0EE403AB0EE000AFFF703FF05F147
:10937000440CBCE80F0016AF0FC79CE807000DF1C6
:10938000580E87E80700BEE80F000DF1900CACE81E
:109390000F0097E80700F0EE403A86E80700B1EECC
:1093A000000A24A89DED2B1A2C942D942E942B9416
:1093B0002F94FFF7DFFE6035B0EE404AB1EE000AB1
:1093C000FFF7D8FE0FCD1DAF0FC795E807000DF1D1
:1093D000740C87E80700BCE80F0024AD0FC597E8C0
:1093E0000700F0EE404A86E80700B0EE000A24A825
:1093F0002C942D942E942B942F94FFF7BBFEB0EE5B
:10940000405AB0EE000AFFF7B5FEF0EE007A71EEBA
:10941000A71ADFED3D7AF0EEE11AF4EEE71AF1EE6D
:1094200010FA6DD5B7EE007A32EE072AB0EEC22AF6
:10943000B4EEE72AF1EE10FA62D5B1EE047A72EEDC
:10944000872AF0EEE22AF4EEE72AF1EE10FA57D579
:10945000B0EE087A33EE073AB0EEC33AB4EEE73A2C
:10946000F1EE10FA4CD5F1EE086A73EEA63AF0EE82
:10947000E33AF4EEE73AF1EE10FA41D531EE471A4D
:10948000B0EEC11AB4EEE71AF1EE10FA38D5B1EE2B
:10949000006A34EE064AB0EEC44AB4EEE74AF1EE92
:1094A00010FA2DD5B1EE0C6A74EE864AF0EEE44A5D
:1094B000F4EEE74AF1EE10FA22D535EE075AB0EE97
:1094C000C55AB4EEE75AF1EE10FA19D5B2EE027AA7
:1094D00030EE070AB0EEC00AB4EEE70AF1EE10FA79
:1094E0000ED59DED2F7A37EE667AB0EEC77AB4EEE0
:1094F000E77AF1EE10FA4CBF0120002031B0F0BD48
:109500000020FBE7B412010817B7D13882B00E4B28
:1095100000220092596C41F480415964596C01F465
:109520008041009100990192196C41F080511964B9
:109530001B6C03F080530193019B0F216FF001001E
:1095400002B000F025BE00BF0038024070B50646EC
:1095500088B01422002103A805F0DAFF3268244BFA
:109560009A4242D103F58C33002501955A6C21486B
:10957000214C42F480725A645A6C02F48072019257
:10958000019A02951A6B42F001021A631B6B03F0F9
:1095900001030293029B1222032303A9CDE90323B3
:1095A00001F016F8154B4FF48061C4E900354FF413
:1095B00000634FF40050C4E904134FF48073C4E90E
:1095C00006032046C4E90255C4E9085500F036FEFA
:1095D00008B1F9F701FDB463122000220521A6634A
:1095E00000F0D6FD122000F005FE08B070BD00BFEF
:1095F0000020014000000240B80700201064024033
:1096000070B514228AB0064600210DEB020005F069
:109610007FFF33683C4A934225D13C4C3C480025AF
:109620000195236B43F002032363236B03F00203D2
:109630000193019B4FF4C0761223CDE905634FF0EF
:10964000030C042305A9CDE908C300F0C1FF02956E
:10965000236C43F400132364236C03F4001302937C
:10966000029B0AB070BD2B4A9342FAD1274C28487E
:1096700000250395236B43F002032363236B03F060
:1096800002030393039B4FF440621223CDE90523A9
:109690000123079305A90423099300F099FF04957A
:1096A000236C1D4843F480032364236C1B4C03F498
:1096B00080030493049B4FF06063C4E900034023DC
:1096C000C4E9023520464FF48063C4E90435C4E997
:1096D0000655C4E9085500F0B1FD08B1F9F77CFC66
:1096E0007463002205212120A66300F051FD212092
:1096F00000F080FD00220521222000F049FD2220FB
:1097000000F078FDADE700BF005400400038024093
:109710000004024000580040B8600240B00600203B
:1097200070B5064688B01422002103A805F0F0FEAB
:109730003268344B9A4263D1002503F58433019596
:109740005A6C42F480525A645A6C02F4805201926C
:10975000019A02951A6B42F002021A631B6B03F026
:1097600002030293029B38200223CDE90303012464
:109770000323CDE905432448244C052303A907937B
:1097800000F026FFDFF890C04FF0C063C4E900C3CB
:109790004FF48063C4E9043520464FF40033C4E934
:1097A0000255C4E90655C4E9083500F047FD08B183
:1097B000F9F712FC164AF464A663164C4FF0C06326
:1097C000C4E9002300234FF48062C4E9042340214C
:1097D0004FF400322046C4E90213C4E90633C4E959
:1097E000082300F02BFD08B1F9F7F6FB2320B46441
:1097F00000220521A66300F0CBFC232000F0FAFC38
:1098000008B070BD0030014000040240F80500209F
:1098100058640240980500204064024010B5044698
:1098200088B01422002103A805F072FE2368204AA4
:1098300093420DD1002300931E4B5A6C42F001025B
:109840005A645B6C03F001030093009B08B010BDE9
:10985000B3F1804FFAD103F50E33002401941A6C52
:10986000154842F001021A641A6C02F001020192DA
:10987000019A02941A6B42F001021A631B6B03F007
:1098800001030293029B4FF400420223CDE903231C
:1098900003A901230593079300F09AFE22460521B0
:1098A0001C2000F075FC1C2000F0A4FCCEE700BFDB
:1098B00000000140003802400000024007B50E4B96
:1098C00002689A4216D1002203F59A330192596C2C
:1098D00041F0020159645B6C03F00203019305211E
:1098E0002D20019B00F054FC2D2003B05DF804EB0B
:1098F00000F080BC03B000BD0004014010B5044678
:1099000088B01422002103A805F002FE23681A4A39
:10991000934218D100230193184B19481A6B42F057
:1099200001021A631B6B03F0010301934FF4E06122
:10993000019B0223CDE903130123079303A900F040
:1099400047FE08B010BD0F4A9342FAD1002302939C
:109950000A4B0D481A6B42F004021A631B6B03F0AA
:1099600004030293029B40220223CDE90323032335
:10997000079303A9E3E700BF00000140003802405D
:1099800000000240000401400008024070B51422AB
:109990008AB0054600210DEB020005F0B9FD2B68E9
:1099A000624A934260D1624B6248634C0026019642
:1099B0001A6C42F400321A641A6C02F400320192FA
:1099C000019A02961A6B42F001021A631B6B03F0B4
:1099D00001030293029B0C220223CDE905230321FC
:1099E0000723CDE9081305A900F0F2FD53484FF015
:1099F0000063C4E900034023C4E9023620464FF463
:109A00008063C4E90436C4E90666C4E9086600F068
:109A100015FC08B1F9F7E0FA6C63DFF83CE1A563E7
:109A2000474C4FF000634FF48062C4E900E3002329
:109A3000C4E9042320464FF48072C4E90233C4E928
:109A40000723A361636200F0F9FB08B1F9F7C4FAD8
:109A5000AC63262000220521A56300F099FB262097
:109A600000F0C8FB0AB070BD364A9342FAD1304BC1
:109A7000354C002603961A6C42F480221A641A6C44
:109A800002F480220392039A04961A6B42F00402B5
:109A90001A631B6B03F004030493049B4FF44061AF
:109AA0000223CDE9051303200723CDE9080305A907
:109AB000264800F08DFDDFF8A4C04FF00063C4E934
:109AC00000C34023C4E9023620464FF48063C4E952
:109AD0000436C4E90666C4E9086600F0AFFB08B1C5
:109AE000F9F77AFA1A4A6C63A5631A4C4FF00063CF
:109AF000C4E9002300234FF48062C4E90423204614
:109B00004FF48072C4E90233C4E90723A36163629E
:109B100000F094FB08B1F9F75FFAAC63272000224C
:109B20000521A56300F034FB272099E7004400409D
:109B30000038024000000240D8030020A06002402C
:109B4000780300200048004018030020000802406D
:109B500028600240B802002088600240586002403D
:109B600030B589B000230293204B1A6C42F4807206
:109B70001A641B6C03F480730293054601A903A8C1
:109B8000029B01F08FFF069B4BBB01F06BFF184A55
:109B9000184B136040F2E733D360174BB0FBF3F37D
:109BA000013B53601046002313619360936102F000
:109BB000E9FE044680B90E4802F0B2FD044658B9E9
:109BC0002D2000F017FB0F2D0DD8224629462D2001
:109BD00000F0DEFA094B1D60204609B030BD01F0EF
:109BE00041FF4000D3E70124F6E700BF0038024000
:109BF000D43B00200020004040420F00080000201D
:109C0000FEE7FEE7FEE7FEE7FEE77047014800F0EB
:109C10001DBC00BFB8020020014800F017BC00BF07
:109C200018030020014800F011BC00BF7803002099
:109C3000014800F00BBC00BFD8030020014800F031
:109C400074B900BF18080020014802F0A8BD00BF89
:109C500008050020014800F0B3BF00BF1007002036
:109C6000014801F0F1BB00BF10070020014803F0DC
:109C70007BBB00BF7C040020014803F075BB00BF24
:109C80003804002008B5044802F089FDBDE808400A
:109C9000024802F084BD00BFC0040020D43B002075
:109CA000014800F0D3BB00BFB0060020014800F01F
:109CB000CDBB00BFB8070020014800F0C7BB00BF04
:109CC000F8050020014800F0C1BB00BF9805002046
:109CD000014802F017BC00BF580600200A4A03469C
:109CE000106810B508B9094810600949094C0344C7
:109CF000091B8B4206D905F071FC0C2303604FF061
:109D0000FF3010BD1360FCE71C3C002050ED01202B
:109D10000000022000040000034AD2F8883043F417
:109D20007003C2F88830704700ED00E0DFF834D0EF
:109D30000D480E490E4A002302E0D458C4500433A3
:109D4000C4188C42F9D30B4A0B4C002301E013607A
:109D50000432A242FBD3FFF7DFFF05F045FCF9F721
:109D60009FF97047000002200000002060000020E2
:109D7000485E01086000002050ED0120FEE7000071
:109D800008B50B4B1A6842F400721A601A6842F464
:109D900080621A601A6842F480721A60032000F030
:109DA000E5F90520FFF7DCFEFFF7B0FB002008BD5A
:109DB000003C0240034A044B11681B780B441360BB
:109DC000704700BF203C002004000020014B1868B1
:109DD000704700BF203C002038B50446002800F042
:109DE0009B80056C25B9FFF7B1FB656484F83C5096
:109DF000236CDB0600F18E80236C23F4885323F060
:109E0000020343F002032364444B5A6822F44032B5
:109E10005A605A6861680A435A60236821695A681F
:109E200022F480725A605A6842EA01225A605A68E3
:109E3000A16822F040725A605A680A435A609A68D0
:109E4000E16822F400629A609A680A439A60344991
:109E5000A26A8A4252D0996821F07061996099682B
:109E60000A439A609A68E16A22F040529A609A68BE
:109E70000A439A609A6822F002029A609A68217EE8
:109E800042EA41029A6094F82020002A3ED05A68A3
:109E9000616A42F400625A605A6822F460425A6071
:109EA0005A68013942EA41325A60DA6AE16922F4B9
:109EB0007002DA62DA6A013942EA0152DA629A68B9
:109EC00022F400729A609A6894F8301042EA4122B3
:109ED0009A609A68616922F480629A609A680020A8
:109EE00042EA81229A606064236C23F0030343F00A
:109EF00001032364002384F83C3038BD9A6822F0C3
:109F000070629A609A6822F04052B2E75A6822F46E
:109F10000062C9E70120EDE70120EEE700230140E0
:109F20000100000F704770477047036870B51E68E6
:109F30005D68B20704462BD5A80629D5226CD10648
:109F40005EBF226C42F4007222649A6812F0405F95
:109F500017D1227EAAB9DA6A12F4700F02D09A6879
:109F600052050ED45A6822F020025A60236C23F462
:109F700080732364236CD8045EBF236C43F0010319
:109F800023642046FFF7CEFF23686FF012021A60A9
:109F9000710733D52A0631D5236CDB065EBF236CEF
:109FA00043F40053236423689A6812F4401F1ED1BF
:109FB0009A6B12F4401F02D09A68500517D45A6861
:109FC000510514D49A6812F0405F10D1227E72B904
:109FD0005A6822F080025A60236C23F48053236471
:109FE000236CDA055EBF236C43F001032364204633
:109FF00000F0BAF823686FF00C021A60F30710D56E
:10A0000068060ED523681B68D9070AD5236C43F46C
:10A01000803323642046FFF786FF23686FF0010238
:10A020001A60B2060ED56B010CD5636C43F00203C7
:10A03000636423686FF020051D602046FFF774FFFE
:10A0400023681D6070BD0000F7B50023019390F8F0
:10A050003C30012B05467CD0012380F83C30086859
:10A060002B688E68092884B230D904EB4402DF687B
:10A070001E3A4FF0070C0CFA02FC27EA0C07DF60CF
:10A08000DF6806FA02F23A43DA604968062901EB12
:10A0900081022AD8596B053A1F26964021EA06010B
:10A0A0005963596B04FA02F20A435A632A4A9342EB
:10A0B00007D1122834D1D2F8043343F48003C2F814
:10A0C0000433002085F83C0003B0F0BD1A6900EBB2
:10A0D000400C072707FA0CF722EA07021A611A69EF
:10A0E00006FA0CF616431E61CFE70C294FF01F014C
:10A0F0000BD81E6B233A914026EA01011963196BB4
:10A1000004FA02F20A431A63D0E7DE6A413A914048
:10A1100026EA0101D962D96A94400C43DC62C5E7A2
:10A12000A0F11003012BCCD80C4A5368102843F43B
:10A1300000035360C5D10A4B0A4A1B68B3FBF2F314
:10A140000A2253430193019B002BBAD0019B013B90
:10A15000F8E70220B8E700BF0020014000230140DB
:10A160000000002040420F00704700000749CA6805
:10A1700022F4E0620302120403F4E063120C1343BE
:10A1800043F0BF6343F40033CB60704700ED00E061
:10A19000164B30B5DC68C4F30224C4F10703251D57
:10A1A000042B28BF0423062D4FF0FF358CBF033C42
:10A1B000002405FA03F321EA0303A54022EA05027D
:10A1C000A340002843EA0203ACBF00F16040084A04
:10A1D0004FEA0313B8BF00F00F00DBB2AABF00F5CF
:10A1E0006140135480F8003330BD00BF00ED00E043
:10A1F00014ED00E0002807DB4109044A00F01F00CD
:10A200000123834042F82130704700BF00E100E0A5
:10A21000036810B5084C0246D9B210391820B1FBBA
:10A22000F0F0205CD06523F47F7020F003005F29FC
:10A2300088BF0430906510BD145A010870B50446FB
:10A24000FFF7C4FD0546002C60D0022384F83530AA
:10A250002268002384F83430136823F0010313606C
:10A2600022681368D8072ED413683248A1691840B1
:10A27000D4E901352B43E5682B4325692B436569F8
:10A280002B43E5690B432B43256A2B430343606A49
:10A29000042802BFD4E90B5635432B43136053699E
:10A2A000042823F0070343EA000335D1A06AE56AD6
:10A2B00003438DB391B9012820D030F002012BD196
:10A2C000E90129D51DE0FFF781FD401B0528C7D90D
:10A2D00020230320636584F8350070BDB1F5005F6D
:10A2E00016D1032818D801A151F820F003A30008C3
:10A2F000C1A2000803A30008FDA20008B5F1C07FB9
:10A300000AD140236365012384F835300120E4E756
:10A310000228F6D90328D3D053612046FFF778FFEF
:10A32000E26D3F239340836000200123606584F841
:10A330003530D2E73F8010F070B590F83440866D2C
:10A34000012C30D0012480F8344090F83540012CA5
:10A350004FF0000425D1022580F83550446504688B
:10A36000256825F48025256063608368402B0EBF37
:10A37000A260A160E260C26D08BFE1603F2393402C
:10A38000B360236843F016032360036C1BB123689A
:10A3900043F008032360236843F001032360002097
:10A3A00070BD80F834400220FAE770B50446866D2F
:10A3B000FFF70CFD94F83530022B054606D08023BC
:10A3C00063650120002384F8343070BD23681A6867
:10A3D00022F016021A605A6922F080025A61226C39
:10A3E0000AB9A26C1AB11A6822F008021A601A6837
:10A3F00022F001021A602368186810F0010007D1EA
:10A40000E26D3F239340B360012384F83530D9E7F0
:10A41000FFF7DCFC401B0528EDD9202303206365F2
:10A4200084F83500CEE790F83530022B03D0802336
:10A430004365012070470268052380F835301368B2
:10A4400023F001031360002070470000F7B50023DC
:10A4500001935C4B856D1F68C36D2E6808229A407E
:10A46000324204460CD001680868400708D50868E5
:10A4700020F004000860AA60626D42F0010262658B
:10A4800001229A40324208D021684969090641BF39
:10A49000AA60626D42F00202626504229A40324272
:10A4A00008D021680968880741BFAA60626D42F040
:10A4B0000402626510229A40324210D02368196863
:10A4C00009070CD5AA601A68500337D51B68190311
:10A4D00001D4236C00E0A36C0BB120469847E16DDA
:10A4E00020228A4032423AD023681868C60636D500
:10A4F000AA6094F83520052A1A6827D122F016029E
:10A500001A605A6922F080025A61226C0AB9A26C60
:10A510001AB11A6822F008021A603F238B40AB6020
:10A52000012384F83530002384F83430236D002B68
:10A5300045D0204603B0BDE8F04018471A68D20560
:10A540005EBF1A6822F008021A60C2E7500327D5DE
:10A550001B68190331D4636C0BB120469847636DB7
:10A560006BB3636DDA0719D522684FF41653B7FB46
:10A57000F3F7052384F83530136823F001031360E3
:10A58000019B0133BB42019302D81368DB07F7D468
:10A59000012384F83530002384F83430E36CC6E7B7
:10A5A0001A6812F4807208D1196821F0100119603C
:10A5B000012384F8353084F83420E36BCCE703B012
:10A5C000F0BD00BF0000002090F83500704700008B
:10A5D0002DE9F74FDFF8A491664A00230D680124A6
:10A5E0009C4004EA0506AC4340F0AF804D68032769
:10A5F00005F003044FEA430807FA08FC671E012F21
:10A600006FEA0C0C34D8876807EA0C0ECF6807FA9B
:10A6100008F747EA0E078760476827EA060EC5F382
:10A6200000179F4047EA0E074760C76807EA0C0E0D
:10A630008F6807FA08F747EA0E07022CC76019D19E
:10A640004FEAD30A00EB8A0A03F0070BDAF820700E
:10A650004FEA8B0B4FF00F0E0EFA0BFE27EA0E0E91
:10A660000F6907FA0BF747EA0E07CAF8207001E0F6
:10A67000032CDAD1076804FA08F407EA0C073C4314
:10A6800015F4403F046060D000240194D9F84440A0
:10A6900044F48044C9F84440D9F8444023F0030707
:10A6A00007F1804704F4804407F59C37019403F0D8
:10A6B000030C019CD7F808E04FEA8C0C0F2404FA35
:10A6C0000CF42EEA040E2C4CA04245D004F5806414
:10A6D000A04243D004F58064A04241D004F58064D8
:10A6E000A0423FD004F58064A0423DD004F58064D0
:10A6F000A0423BD004F58064A04239D004F58064C8
:10A70000A04214BF0824072404FA0CF444EA0E04FF
:10A71000BC609468F74315F4801F0CBF3C40344381
:10A720009460D46815F4001F0CBF3C403443D460DF
:10A73000546815F4003F0CBF3C4034435460146827
:10A74000ED0354BF3C40344314600133102B7FF4BD
:10A7500045AF03B0BDE8F08F0024D5E70124D3E76F
:10A760000224D1E70324CFE70424CDE70524CBE777
:10A770000624C9E7003C01400000024000380240C6
:10A7800000690840003818BF012070470AB1816194
:10A7900070470904FBE7436901EA030221EA030168
:10A7A00041EA02418161704770B5044608B9012051
:10A7B00070BD90F83D3003F0FF021BB980F83C20DB
:10A7C000FEF71EFF242384F83D3023681A6822F028
:10A7D00001021A601A6842F400421A601A6822F4F0
:10A7E00000421A6001F03EF93F4B65689D4294BFFC
:10A7F0003E4B3F4B98428CBF00230123002BD6D108
:10A800002268394E51683B4BB0FBF3F321F03F0116
:10A810001943B542516088BF4FF49676116A88BFDC
:10A82000734321F03F0184BF4FF47A76B3FBF6F314
:10A8300001330B431362D169431E2B4821F44F416E
:10A84000854221F0FF0132D86D0040F6FC70B3FB69
:10A85000F5F30133034242D0C3F30B031943D16133
:10A86000D4E907301168034321F0C0010B431360A2
:10A870009168D4E9030321F40341034321F0FF016C
:10A880000B439360D4E90530D168034321F0FF0105
:10A890000B43D360136843F00103136000202023AF
:10A8A000206484F83D30206384F83E0080E7A0688F
:10A8B00050B905EB4505B3FBF5F30133C3F30B03C7
:10A8C0007BB143F40043C9E719206843B3FBF0F3BD
:10A8D0000133C3F30B0323B143F44043BEE7042326
:10A8E000BCE70123BAE700BFA08601007F841E00F9
:10A8F000FF083D0040420F007047704770477047A7
:10A9000070477047704790F83D2008B5036DD2B28C
:10A9100083B9C36C0268012B836C05D1DBB2136170
:10A92000036D0233036508BDC3F307231361036D91
:10A930000133F7E7036D012B03D1836C0268DBB2AF
:10A94000F4E7036D022BEED1222A05D102681368C9
:10A9500043F480731360EAE7438D9BB263B1212A0D
:10A960000AD1436A026813F8011B11614362438DE7
:10A97000013B9BB24385D6E7438D9BB2002BD2D1DE
:10A98000212AD0D10268516821F4E0615160116838
:10A9900041F4007111602022036380F83D2080F8AB
:10A9A0003E30FFF7AFFFBEE77047704770470000CB
:10A9B00037B5002301932D4B806B1B6890F83D2029
:10A9C00046F2A811B3FBF1F323214B430193036833
:10A9D000D2B2019941BB016C41F020010164446B8A
:10A9E0000CB10021E163816B09B10025CD631D68C5
:10A9F00025F480651D600025458504B1256501B1FC
:10AA00000D65196821F00101196090F83D10602969
:10AA100011D1202380F83D30002380F83E300364BC
:10AA2000FFF7C4FF03B030BD0199013901911968E6
:10AA30008905CED4D3E702F02802282A0ED119685E
:10AA400041F001011960196841F480611960002327
:10AA5000036380F83D20FFF7A8FFE3E7202380F899
:10AA60003D30002380F83E30F5E700BF00000020B5
:10AA700010B590F83D2090F83E30102BD9B2044626
:10AA80000368D2B201D0402913D1222A11D119680A
:10AA900021F400611960596811F4006106D1602A3F
:10AAA0001EBF202284F83D2084F83E10002222633D
:10AAB00007E002F028012829EDD10022226384F862
:10AAC0003D105A6812F400624FD05A68606B22F44D
:10AAD00000625A6090F83530012B374B2BD003655C
:10AAE000FFF7A1FC50B12268606B136823F00103EB
:10AAF0001360202384F83D30036D9847236C1907B9
:10AB00001FBF2268536823F4E063536094F83D301C
:10AB1000226C5207DBB20DD5282B0BD1274BE362F9
:10AB2000202200232363204684F83D2084F83E3011
:10AB3000FFF7E7FE10BDA06B0365FFF774FC00286C
:10AB4000DCD023685A69510605D51A69636A1A7000
:10AB5000636A013363622268A06B136823F0010308
:10AB60001360202384F83D30C6E794F83D10602937
:10AB700015D1202184F83D1022645A69520605D56A
:10AB80001A69636A1A70636A013363622268136820
:10AB900023F0010313602046FFF708FFAEE75A6970
:10ABA000500605D51A69636A1A70636A01336362D5
:10ABB0002046FFF7FAFEA1E7B1A900080000FFFF59
:10ABC000F0B5036804465A68C66A90F83E0094F8E7
:10ABD0003D1010288FB0C5B2C9B202D0402D40F050
:10ABE000CF829F69586910F0010F07D1B6F52A0F7F
:10ABF00002D0B6F12A4F51D10FB0F0BD96054DD518
:10AC0000E26AB2F52A0F0CD10122E26294F83E20EA
:10AC1000402A11D1226D52B9626C02F0FE021A6113
:10AC2000EAE7E26AB2F12A4FF0D10822EDE7626C5E
:10AC300042F00102D2B2F2E72269B2F5804F1AD196
:10AC400094F83D20212A626C11D102F0FE021A61B3
:10AC5000626B0AB1D26B2AB9A26B002ACCD0D26B3C
:10AC6000002AC9D05A6842F400625A60C4E742F030
:10AC70000102D2B2EBE7226D32B9626CD21102F05E
:10AC8000060242F0F002CAE7226D012AB4D1626CDA
:10AC9000D21102F0060242F0F102C0E7060703D526
:10ACA000960501D5626CE4E7860740F1E8809605D9
:10ACB00040F1E58094F83E10E26A256B94F83D007F
:10ACC0002228C9B240F0D380206D40B9402906D176
:10ACD00001905A6901929B690193019B8CE7216D58
:10ACE00089B92069B0F5404F0DD102915A6902929D
:10ACF0009A690292029A1A6842F480721A60236D6D
:10AD00000133236578E7618D89B251B903915A699E
:10AD100003929A690392039A1A6842F400721A60C5
:10AD200019E0618D89B2012949D112F5803F1BD10B
:10AD30001A6822F480621A605A6812F400620CD019
:10AD40001A6822F480621A60002204925A690492FE
:10AD50009B690493049B0023D3E705925A690592EB
:10AD60009A690592059AD7E7082A1CD0202A1AD09A
:10AD7000122D0DD1012A16D11A6822F480621A60B0
:10AD8000002206925A6906929B690693069BE2E7A7
:10AD9000102AF1D8974941FA02F2D707ECD41A6881
:10ADA00042F48062EBE71A6822F480621A600022A3
:10ADB00007925A6907929A690792079AACE7618DE0
:10ADC00089B2022930D1102A03D88B49D140CE074D
:10ADD00015D4196821F480611960196841F4006183
:10ADE000196059680D0514D5202A1AD8072A0AD8DF
:10ADF000012A0ED15A6842F480525A6009E019685B
:10AE000041F48061ECE7A2F108017C4ACA40D00716
:10AE1000F0D4002208925A6908929B690893089B13
:10AE200099E712F5803FE4E7196841F48061196001
:10AE30005968090510D5202A16D8072A06D8012AEC
:10AE40000AD15A6842F480525A6005E0A2F1080122
:10AE50006A4ACA40D207F4D4002209925A69099278
:10AE60009B690993099B76E712F5803FE8E700228A
:10AE70000A925A690A929B690A930A9BBCE67F0769
:10AE800040F18D805E6836053FF5B6AE070600F0EE
:10AE900004063ED550053CD5002E3DD194F83D200A
:10AEA000258D94F83E10E06AD2B2C9B2C5B9212A04
:10AEB00018D1082858D0202856D010F5803F53D0FC
:10AEC0005A6822F4E0625A6011232363002384F855
:10AED0003E30202384F83D302046FFF70DFD8BE601
:10AEE000212A05D040297FF487AE222A7FF484AE40
:10AEF000628D92B21AB95A6822F48062B5E694F86B
:10AF00003E20402A16D120460FB0BDE8F040FFF7A2
:10AF1000FABC002E3FF470AE97057FF56DAE212987
:10AF200039D1E16A94F83D20212A7FF465AE628D23
:10AF300092B24AB1626A12F8011B19616262638DB2
:10AF4000013B9BB2638557E608290DD020290BD021
:10AF500011F5803F08D0596821F4E0615960112350
:10AF6000236384F83E20B4E75A6822F4E0625A6012
:10AF70001A6842F400721A6000232022236384F8C6
:10AF80003D2094F83E2084F83E30402A2046A4D14B
:10AF9000FFF7B8FC30E6402D7FF42EAEB3E75968DA
:10AFA0000E053FF529AE450600F004017DD550059C
:10AFB0007BD500297CD194F83D20222A7FF41CAE59
:10AFC000628D92B2032A1BD91A69636A1A70636A86
:10AFD00001336362638D013B9BB26385638D9BB2DA
:10AFE000032B7FF409AE2268536823F48063536017
:10AFF00002E600BFEBFFFEFF1400010001010001AB
:10B00000E06A02283FF477AF012A3FF674AF764A30
:10B010000B91126846F2A811B2FBF1F202EB820228
:10B020000B920B9A013A0B920B99D1B9226C42F018
:10B03000200222645A6822F4E0625A601A69636A44
:10B040001A70636A01336362638D013B9BB263854F
:10B05000202384F83D30204684F83E10FFF7A5FCFD
:10B06000CAE51A6812F40072DBD1196821F4806114
:10B070001960596821F4E06159601969636A1970AF
:10B08000636A01336362638D013B9BB26385202356
:10B0900084F83D3094F83E3084F83E20402B69D14E
:10B0A00022632046FFF780FCA6E500293FF4A4AD0B
:10B0B00092057FF5A1ADE26A608D616A80B20428D5
:10B0C00009D15A6822F480625A601B690B70636A66
:10B0D0000133636233E7608D80B203280CD1586876
:10B0E000042A20F480605860EFD0022AEDD01A685C
:10B0F00022F480621A60E8E7608D80B20228E4D111
:10B10000042A33D007D8012A07D0022A2ED01A6881
:10B1100042F4007204E0102AF9D11A6822F4806225
:10B120001A601B690B70626A531C6362638D013B7A
:10B130009BB2638523681B695370636A226801337D
:10B140006362638D013B9BB26385536823F4407354
:10B150005360202384F83D3094F83E30402B4FF06C
:10B16000000384F83E3005D123639AE71A6842F45D
:10B170008062D5E7122323632046FFF7BEFB3BE541
:10B18000206C18B35869002587072FD596052DD553
:10B19000226C02B19D6994F83D2002F02802282A11
:10B1A00017D15A682F0622F480625A60C5F38001D5
:10B1B00054BFE268A269002381F00101C9B284F89A
:10B1C0003C3092B22046FFF79BFB15E59D6958691C
:10B1D000DAE700220C9259690C919B690C930C9B45
:10B1E00084F83C2008E500BF00000020C60640F1BE
:10B1F000B180950540F1AE8094F83D505A6822F434
:10B20000E0625A6000220D925A690D921A6842F06B
:10B2100001021A600D9A1A6822F480621A605A6854
:10B220001005EDB220D505F0F702222A4AD1A06B15
:10B230000268526892B26285628D92B21AB1226C33
:10B2400042F0040222645A6822F400625A60FFF756
:10B25000BBF9012808D0A06B794B0365FFF7E3F831
:10B2600010B1A06B036D9847638D9BB213B3236835
:10B270005A69510709D51A69636A1A70636A0133FA
:10B280006362638D013B9BB2638523685A695206F2
:10B2900009D51A69636A1A70636A01336362638D40
:10B2A000013B9BB26385638D9BB21BB1236C43F062
:10B2B00004032364236C13B320460FB0BDE8F040B1
:10B2C000FFF7D6BB606B0268526892B26285628DEE
:10B2D00092B21AB1226C42F0040222645A6822F43B
:10B2E00000625A60FFF770F90128BDD0606B544BC3
:10B2F0000365FFF798F80028B6D0606BB2E72A2DF7
:10B3000006D12363282384F83D302046FFF7F7FA5F
:10B3100094F83D30282B0CD14A4BE36220220023C5
:10B320002363204684F83D2084F83E30FFF7E9FA95
:10B3300062E4236B222B02D0222D7FF45DAC00232C
:10B340002022236384F83D2084F83E302046FFF716
:10B35000D6FA51E401F0F701212900F0040535D1B6
:10B36000070627D5560525D53DBB94F83D00628DCF
:10B3700092B2C0B2002A3FF43FAC626A12F8015B9D
:10B380001D616262628D013A92B26285628D92B2F3
:10B39000002A7FF431AC29287FF42EAC5A6822F4BD
:10B3A00080625A6028232163204684F83D30FFF7ED
:10B3B000A5FA21E4002D3FF41FAC95057FF51CACE8
:10B3C000628D92B2002A3FF417ACB3E5400627D550
:10B3D000510525D53DBB94F83D20618D89B2D2B28F
:10B3E00000293FF409AC1969636A1970636A013373
:10B3F0006362638D013B9BB26385638D9BB2002BBF
:10B400007FF4FAAB2A2A7FF4F7AB2268536823F45F
:10B410008063536022232363282384F83D3095E71B
:10B42000002D3FF4E9AB92057FF5E6AB628D92B259
:10B43000002A3FF4E1AB1A69636A1A7047E600BF5D
:10B44000B1A900080000FFFFF8B503685F695E68F6
:10B4500090F83E2017F480750446D2B206D016F458
:10B4600080751EBF6FF4807159610125B80506D53E
:10B47000F10542BF6FF4007145F00205596178058E
:10B4800036D5F10534D5608D94F83D10D4F830C030
:10B49000202A80B2C9B25BD1002859D101F0F7004F
:10B4A000212804D0282953D1BCF1210F50D194F880
:10B4B0003D20E16A0829D2B201D020292AD1282AC8
:10B4C00028D12C4AE2625A6822F4E0625A606FF492
:10B4D00080625A611A6822F480621A600023202276
:10B4E0002363204684F83D2084F83E30FFF709FAB4
:10B4F0003A053BD5F30539D523686FF4006245F072
:10B5000008055A61236C1D4325642046BDE8F840B8
:10B51000FFF7AEBA212A17D11649E1622263202231
:10B5200084F83D20002284F83E205A6822F4E0622C
:10B530005A606FF480625A611A6822F480621A605D
:10B540002046FFF7DBF9D3E76FF480625A61CFE75B
:10B550006FF48061102A596145F0040501D0402A3A
:10B56000C6D11A6842F400721A60C1E7002DC9D131
:10B57000F8BD00BF0000FFFF2DE9F341044640B3D2
:10B580000368DE0710D423689D075BD4236819077E
:10B5900000F19D8023685A0700F1BD80A369002B4C
:10B5A00040F0248100202CE08D4B9A6802F00C02C0
:10B5B000042A07D09A6802F00C02082A0BD15B68B3
:10B5C000590208D5864B1B689A03DCD56368002BAB
:10B5D000D9D1012015E06368814DB3F5803F13D1C7
:10B5E0002B6843F480332B60FEF7F0FB7C4E05465E
:10B5F00033689B03C7D4FEF7E9FB401B6428F7D9E7
:10B60000032002B0BDE8F081B3F5A02F04D12B6870
:10B6100043F480232B60E3E72A6822F480322A6017
:10B620002A6822F480222A60002BDDD1FEF7CEFBAF
:10B6300006462B689F03A6D5FEF7C8FB801B64282F
:10B64000F7D9DDE7664B9A6812F00C0F07D09A68BD
:10B6500002F00C02082A11D15B685D020ED4604A28
:10B660001368990702D5E368012BB2D113682169E9
:10B6700023F0F80343EAC103136087E7E268594BFC
:10B68000B2B101221A60FEF7A1FB554D06462B68A8
:10B690009B0707D52B68226923F0F80343EAC2030E
:10B6A0002B6073E7FEF792FB801B0228EFD9A7E718
:10B6B0001A60FEF78BFB4A4E054633689F077FF5FD
:10B6C00065AFFEF783FB401B0228F6D998E7626955
:10B6D000444B82B10122C3F8802EFEF777FB404E27
:10B6E0000546736F9B073FF555AFFEF76FFB401B99
:10B6F0000228F6D984E7C3F8802EFEF767FB384EA0
:10B700000546736F9F077FF545AFFEF75FFB401B54
:10B710000228F6D974E7324B1A6C12F0805228D105
:10B7200001921A6C42F080521A641B6C03F0805331
:10B730000193019B01272C4D2B68D8051BD5A368CD
:10B74000274D012B27D12B6F43F001032B67FEF709
:10B750003DFB234E054641F28838336F9A0739D5B1
:10B76000002F3FF41BAF1E4A136C23F08053136469
:10B7700014E70027DFE72B6843F480732B60FEF7A4
:10B7800025FB06462B68D905D9D4FEF71FFB801B85
:10B790000228F7D934E7052B04D12B6F43F00403BB
:10B7A0002B67D0E72A6F22F001022A672A6F22F066
:10B7B00004022A67002BCAD1FEF708FB41F2883841
:10B7C00006462B6F9B07CBD5FEF700FB801B404541
:10B7D000F7D915E7FEF7FAFA401B4045BDD90FE748
:10B7E000003802400000474200700040374DAA6810
:10B7F00002F00C02082A3ED0022B354B4FF000021B
:10B800001A662BD1FEF7E2FA06462B6899011FD47F
:10B81000D4E907321343626A43EA8213E26A43EAD5
:10B820000263A26A5208013A43EA02436B60284B62
:10B83000264D01221A66FEF7C9FA04462B689A01C2
:10B840003FF5B0AEFEF7C2FA001B0228F6D9D7E6E4
:10B85000FEF7BCFA801B0228D7D9D1E6FEF7B6FA6C
:10B8600004462B689B017FF59DAEFEF7AFFA001BE7
:10B870000228F6D9C4E6012B3FF4ABAE6B68E2694F
:10B8800003F4800191427FF4A4AE216A03F03F02E9
:10B890008A427FF49EAE616A47F6C0721A40B2EBEC
:10B8A000811F7FF496AEA26A520803F44031013A38
:10B8B000B1EB024F7FF48DAEE26A03F07063B3EB3D
:10B8C000026F14BF012000209BE600BF0038024039
:10B8D00000004742134908B58B6803F00C03042BA2
:10B8E0001CD0082B1CD14A684B68496813F48003AC
:10B8F00014BF0D480D48C1F3881118BF002302F092
:10B900003F02A1FB0001F5F7F5FA064B5B68C3F3B4
:10B91000014301335B00B0FBF3F008BD0248FCE7D4
:10B920000248FAE70038024000127A000024F400CE
:10B930002DE9F0410D46044610B90120BDE8F08123
:10B94000434B1A6802F007028A4228D321688F0706
:10B950002DD4C80740D43E4B1A6802F00702AA4211
:10B9600065D8226851076BD4130707D5394A216976
:10B97000936823F4604343EAC1039360FFF7AAFF8F
:10B98000344B354A9B68C3F30313D35CD840334B25
:10B990001860334B1868FEF7E3F80020CEE7CAB210
:10B9A0001A701B6803F007038B42C6D1CEE7294B00
:10B9B00011F0040F1EBF9A6842F4E0529A600E071D
:10B9C00042BF9A6842F460429A609A68A06822F086
:10B9D000F00202439A60BCE762681E4B012A1CD148
:10B9E0001B6813F4003FA8D01A4EB36823F003037A
:10B9F0001343B360FEF7EAF941F288380746B368AB
:10BA0000626803F00C03B3EB820FA4D0FEF7DEF9FB
:10BA1000C01B4045F3D9032090E7911E01291B6804
:10BA200002D813F0007FDEE713F0020FDBE7EAB283
:10BA30001A701B6803F00703AB427FF47EAF90E7F8
:10BA40000449E0688B6823F4E05303438B608BE781
:10BA5000003C024000380240045A01080000002067
:10BA600008000020044B054A9B68C3F38223D35C83
:10BA7000034A1068D840704700380240FC5901085A
:10BA800000000020044B054A9B68C3F34233D35C9B
:10BA9000034A1068D840704700380240FC5901083A
:10BAA000000000200F2303600B4B9A6802F0030292
:10BAB00042609A6802F0F00282609A6802F4E052F2
:10BAC000C2609B68DB0803F4E0530361034B1B680F
:10BAD00003F007030B60704700380240003C02404F
:10BAE00082B000230093134B45F6C0521B68B3FB92
:10BAF000F2F36422534301930368019A9AB9426DA9
:10BB000042F0400242651A6822F040021A605A6808
:10BB100022F0E0025A60DB680093009B072380F864
:10BB2000513002B07047019A013A01929A68920727
:10BB3000E3D5E8E70000002003685A6822F080029D
:10BB40005A601A6822F040021A60072380F85130C8
:10BB5000704700002DE9F3411C4616460F46054686
:10BB6000FEF734F93444241AFEF730F9244B1B68ED
:10BB7000C3F3CB336343804601932A68936837EA63
:10BB8000030301D000202EE0731CF7D0FEF71EF94E
:10BB9000A0EB0800A04229D32B685A6822F0E002EB
:10BBA0005A606A68B2F5827F0AD1AA68B2F5004F7E
:10BBB00002D0B2F5806F03D11A6822F040021A60F9
:10BBC000AA6AB2F5005F07D11A6822F400521A601F
:10BBD0001A6842F400521A60012385F8513000239C
:10BBE00085F85030032002B0BDE8F081019A019B36
:10BBF000002A03F1FF33019308BF1446BDE700BFDD
:10BC00000000002038B513464268B2F5827F044632
:10BC100006D00A460121FFF79DFFB8B9002038BDC4
:10BC20008268B2F5004F02D0B2F5806F07D1256867
:10BC30002868B2F5806F20F04000286003D00A46E3
:10BC400080212046E7E70A460121FAE7636D43F0C9
:10BC5000200363650320E2E737B51346124A1568EF
:10BC6000124AB5FBF2F54FF47A72554342680195DA
:10BC7000B2F5827F04460BD10A468021FFF76AFFA6
:10BC800078B1636D43F020036365032003B030BDDA
:10BC9000019B33B1019B013B019323689B681B0609
:10BCA000F6D40020F2E700BF0000002000366E014D
:10BCB00010B50446002855D0436A002B4ED1426887
:10BCC000B2F5827F00D0C3610023A36294F85130A3
:10BCD00003F0FF0223B984F850202046FDF720FD31
:10BCE0002168A068A269022384F851300B6823F010
:10BCF00040030B60636800F4044003F48273034361
:10BD0000E06800F400600343206900F00200034390
:10BD1000606900F00100034302F400700343E0692E
:10BD200000F038000343206A00F080000343A06A5B
:10BD300000F4005003430B60636A120C03F010031D
:10BD400002F004021A434A60CB6923F40063CB611A
:10BD500000200123606584F8513010BD0023C0E944
:10BD60000433B1E70120F8E72DE9F7431F4690F8C7
:10BD70005030012B04460D46904600F0A080012370
:10BD800080F85030FEF722F894F85130012B8146AC
:10BD9000D8B240F09280002D61D0B8F1000F5ED093
:10BDA000032384F8513000236365C4E91033A4F8F9
:10BDB0003680A363A387E387A36826682563B3F56A
:10BDC000004FA4F8348007D1336823F04003336078
:10BDD000336843F4804333603368E2685B065EBFD8
:10BDE000336843F040033360B2F5006F63683FD1BE
:10BDF00013B1B8F1010F07D135F8023BF3602563A9
:10BE0000E38E013B9BB2E386E38E9BB2A3B94A4625
:10BE100039462046FFF720FF00284BD1A36833B9ED
:10BE200001932368DA6801929B680193019B606D1E
:10BE3000003818BF012012E022689368980705D5E2
:10BE4000236B33F8021BD1602363D9E7FDF7BEFFF4
:10BE5000A0EB0900B842D7D3791CD5D00320012329
:10BE600084F85130002384F8503003B0BDE8F083EB
:10BE700013B1B8F1010F08D12B783373236B013361
:10BE80002363E38E013B9BB2E386E38E9BB2002BE0
:10BE9000BDD023689A68920703D5226B12781A7373
:10BEA000ECE7FDF793FFA0EB0900B842EDD37B1C54
:10BEB000EBD0D3E720236365B0E70220CFE7022071
:10BEC000D3E72DE9F7431E4690F85030DDF828807F
:10BED000012B04460D46914600F0E180012380F8D5
:10BEE0005030FDF773FF94F851306268012B07461C
:10BEF000D9B20AD0B2F5827F40F0CF80A368002B80
:10BF000040F0CB80042940F0C88015B1B9F1000F92
:10BF100009D10120012384F85130002384F85030E6
:10BF200003B0BDE8F083002EF3D094F85130C4F88C
:10BF30003890042B1CBF052384F85130002363651F
:10BF4000C4E910332368E687E6861968A6874906A0
:10BF500058BF1968256358BF41F04001A68658BFF5
:10BF60001960E168B1F5006F48D10AB1012E07D11F
:10BF700035F8022BDA60E38E2563013B9BB2E38642
:10BF80000125E38E9BB263B9E38F9BB24BB93A466E
:10BF900041462046FFF760FE002872D020236365EB
:10BFA000B7E721688B689A070DD5E38E9BB253B132
:10BFB00045B1236B33F8022BCA602363E38E013B48
:10BFC0009BB2E38600258A6812F001020CD0E38F51
:10BFD0009BB24BB1A36BC96823F8021BA363E38F29
:10BFE000013B9BB2E3871546FDF7F0FEC01B4045C1
:10BFF000C7D3B8F1FF3FC4D003208BE70AB1012EAD
:10C0000008D12A781A73236B01332363E38E013B33
:10C010009BB2E3860125E38E9BB21BB9E38F9BB2F3
:10C02000002BB4D0226893689B070ED5E38E9BB299
:10C030005BB14DB1236B1B781373236B0133236307
:10C04000E38E013B9BB2E38600252268916811F0E4
:10C0500001010DD0E38F9BB253B1A36BD2681A706C
:10C06000A36B0133A363E38F013B9BB2E3870D46D0
:10C07000FDF7ACFEC01B4045CDD3B8F1FF3FCAD0A1
:10C08000BAE7A368002B7FF445AF23680190DA6814
:10C0900001929B680193019B3CE702203AE7022052
:10C0A0003EE72DE9F7431D464368B3F5827F04461A
:10C0B000894617460CD1836853B9042380F8513060
:10C0C000134600950A46FFF7FCFE03B0BDE8F08377
:10C0D00094F85030012B7FD0012384F85030FDF7C5
:10C0E00075FE94F85130012B8046D8B272D1B9F167
:10C0F000000F5CD0002F5AD0A268C4F838900026F8
:10C100000423B2F5004F84F85130C4E91066666527
:10C110002368E787A7872663A686E68607D11A687D
:10C1200022F040021A601A6822F480421A601A68EB
:10C1300056065EBF1A6842F040021A60E368F3B127
:10C14000E38F9BB2FBB123689A68D20736D5DA68D1
:10C15000A36B23F8022BA363E38F013B9BB2E3871E
:10C16000EEE723689A68D00718D5A26B1B7B137083
:10C17000A36B0133A363E38F013B9BB2E387E38FA0
:10C180009BB2002BEDD1424629462046FFF73AFDEF
:10C19000E8B9606D003818BF012008E0FDF716FE11
:10C1A000A0EB0800A842EAD3691CE8D003200123D1
:10C1B00084F85130002384F8503086E7FDF706FEFE
:10C1C000A0EB0800A842BBD36B1CB9D0EEE720233C
:10C1D0006365DEE70220EAE7022076E738B5044629
:10C1E00090F85000012870D0012084F8500094F895
:10C1F00051000128C5B208D06068B0F5827F62D1D5
:10C20000A06800285FD1042D5DD1002933D0002A19
:10C2100031D0002B2FD094F85100A38604281CBFE6
:10C22000052084F8510000206065E386E387A3873A
:10C2300094F851302163042BC4E9100018BF24493D
:10C24000E06C12BF234B2449244BA263C0E90F3199
:10C25000234BC364002321680365E38F0C319BB239
:10C26000FEF76AF8034658B1636D43F01003636547
:10C27000012384F851300120002384F8503038BD68
:10C280002268A06C516841F001015160C0E90F3390
:10C29000C0E91333E38E216B9BB20C32FEF74CF8EE
:10C2A0000028E1D123681A6852065EBF1A6842F07E
:10C2B00040021A605A6842F020025A605A6842F0FE
:10C2C00002025A60D8E70220D6E70220D7E700BF73
:10C2D00019C40008ABC400080DC4000845C4000818
:10C2E00023C400081FB5454B45F6C0521B68B3FB7D
:10C2F000F2F3642253430193019B009303685A684D
:10C3000022F020025A605A68110604460AD53C4AB7
:10C310004264009A002A59D1626D42F0400262657F
:10C32000019A00925A6852060AD5364A2264009A47
:10C33000002A53D1626D42F040026265019A009278
:10C340005A68900714D5A06C90B100230365FEF7DE
:10C350002CF808B14023636523685A6822F0020272
:10C360005A60009A002A41D1626D42F04002626533
:10C370005A68D20711D5E06C78B100230365FEF747
:10C3800014F808B14023636523681A6822F040025C
:10C390001A605A6822F001025A600022E287E2869F
:10C3A000616D402918BF62650292D968029199684F
:10C3B0000291029903929B680393039B14BF10465A
:10C3C0000120012384F8513004B010BD009A013AD5
:10C3D000009294F85120072A9BD1A1E7009A013AD4
:10C3E000009294F85120072AA1D1A7E7009A013AB8
:10C3F00000929A689107B4D5BAE700BF0000002008
:10C4000039BB0008E1BA00087047704708B5806B77
:10C41000FFF7FBFF08BD704708B5806BFFF7FBFF18
:10C4200008BD806B026808B5536823F003035360AE
:10C43000436D43F010034365012380F85130F4F756
:10C4400099FF08BD38B50546846BFDF7BFFC2B6826
:10C450001B68DB05024624D42368596821F02001BB
:10C460005960A168C9B96168B1F5827F15D1596871
:10C4700021F00301596020466421FFF7C3FB08B196
:10C48000202363650023E387012384F85130636D23
:10C490003BB12046F4F76EFF38BD596821F0010129
:10C4A000E8E72046FFF7B0FFF6E738B50546846BAE
:10C4B000FDF78CFC2B681B68DB0502461ED4216847
:10C4C0004B6823F020034B6020466421FFF7C4FB38
:10C4D00018B1636D43F0200363652268536823F04D
:10C4E000030353600023E386E387012384F851307C
:10C4F000636D1BB12046F4F73DFF38BD2046F4F7CD
:10C500001FFFFAE7F0B503685D689A68560685B0C4
:10C5100004464FEA9211C2F3801708D4D60706D515
:10C520006E0604D5036C05B0BDE8F04018479607C9
:10C5300004D5280602D5636C2046F4E741EA52117F
:10C5400002F4807001F0010101434FEA521657D006
:10C55000AA0655D57FB194F85120032A4FF0000167
:10C5600048D0626D42F0040262650091DA68009280
:10C570009A680092009AF1070CD5626D42F00102B0
:10C580006265002202929A6802921A6822F04002C2
:10C590001A60029A40B1626D42F0080262650022A0
:10C5A00003929A680392039A626D4AB35A6822F022
:10C5B000E0025A60012284F85120AA0722D05A686A
:10C5C000E06C22F003025A6040B1104B0365FDF7A6
:10C5D0002AFF18B1636D43F040036365A06C78B126
:10C5E0000A4B0365FDF71FFF50B1636D43F0400335
:10C5F000636505E00191DA6801929B680193019BF4
:10C6000005B0F0BD2046F4F7B5FEF9E711C6000805
:10C6100008B5806B0023C387C386F4F7ABFE08BD63
:10C62000036A23F0010370B50362036A44688269F8
:10C630000D6822F073022A438D6823F002032B4316
:10C640000C4DA84203D005F58065A8420BD1CD68FA
:10C6500023F008032B43D1E9055624F440743543F5
:10C6600023F004032C43446082614A6842630362FE
:10C6700070BD00BF00000140036A23F4807370B5F1
:10C680000362036A4468C2690D6822F073022A4398
:10C690008D6823F4007343EA05230D4DA84203D0AF
:10C6A00005F58065A8420DD1CD6823F4006343EA07
:10C6B0000523D1E9055624F44054354323F480631F
:10C6C00044EA05144460C2614A68C263036270BDF3
:10C6D00000000140036A23F4805330B50362036A0B
:10C6E0004468C2690D6822F4E64242EA05228D6878
:10C6F00023F4005343EA0533084DA84203D005F55F
:10C700008065A84204D14D6924F4804444EA85142C
:10C710004460C2614A680264036230BD00000140A7
:10C7200090F83D30012B30D1022380F83D30036872
:10C73000DA6842F00102DA60154A93421AD0B3F186
:10C74000804F17D0A2F57C42934213D002F580624D
:10C7500093420FD002F5806293420BD002F57842EB
:10C76000934207D002F57052934203D0A2F594325F
:10C77000934204D19A6802F00702062A03D01A688D
:10C7800042F001021A60002070470120704700BF8C
:10C79000000001407047704770477047704703685A
:10C7A0001A69910710B504460ED5DA6892070BD5C1
:10C7B0006FF002021A61012202779B699B0777D012
:10C7C000FFF7EAFF0023237723681A69500710D583
:10C7D000DA6851070DD56FF004021A610222227740
:10C7E0009B6913F4407F204668D0FFF7D5FF0023F4
:10C7F000237723681A6912070FD5DA6810070CD55A
:10C800006FF008021A6104222277DB69990720463B
:10C810005AD0FFF7C1FF0023237723681A69D20695
:10C8200010D5DA68D0060DD56FF010021A61082213
:10C830002277DB6913F4407F20464BD0FFF7ACFF33
:10C840000023237723681A69D10708D5DA68D2074D
:10C8500005D56FF001021A612046F6F7B3FB236895
:10C860001A69100608D5DA68110605D56FF080023E
:10C870001A61204600F0CDFB23681A69520608D5DC
:10C88000DA68500605D56FF040021A612046FFF7BE
:10C8900085FF23681A69910622D5DA6892061FD5AA
:10C8A0006FF0200220461A61BDE8104000F0B0BBD6
:10C8B000FFF771FF2046FFF770FF83E7FFF76BFF7D
:10C8C0002046FFF76AFF92E7FFF765FF2046FFF774
:10C8D00064FFA0E7FFF75FFF2046FFF75EFFAFE7CB
:10C8E00010BD0000254A0368904212D0B0F1804F7D
:10C8F0000FD0A2F57C4290420BD002F580629042AC
:10C9000007D002F58062904203D002F5784290424F
:10C9100008D14A6823F070031343CA6823F44073B4
:10C92000134316E0164A9042F7D002F58062904217
:10C93000F3D002F580629042EFD0A2F59832904297
:10C94000EBD002F580629042E7D002F5806290421F
:10C95000E3D04A6923F08003134303608B68C3620A
:10C960000B688362054B984203D003F580639842BD
:10C9700001D10B690363012343617047000001404B
:10C980000040014010B5044630B390F83D3003F04C
:10C99000FF021BB980F83C20FCF740FF022320680F
:10C9A00084F83D30211DFFF79DFF012384F84630B8
:10C9B000002084F83E3084F83F3084F8403084F81A
:10C9C000413084F8423084F8433084F8443084F8AD
:10C9D000453084F83D3010BD0120FCE710B5044619
:10C9E00030B390F83D3003F0FF021BB980F83C20D3
:10C9F000FCF764FF0223206884F83D30211DFFF717
:10CA000071FF012384F84630002084F83E3084F81A
:10CA10003F3084F8403084F8413084F8423084F864
:10CA2000433084F8443084F8453084F83D3010BDFC
:10CA30000120FCE710B5044630B390F83D3003F018
:10CA4000FF021BB980F83C20FFF7A4FE02232068F8
:10CA500084F83D30211DFFF745FF012384F846305F
:10CA6000002084F83E3084F83F3084F8403084F869
:10CA7000413084F8423084F8433084F8443084F8FC
:10CA8000453084F83D3010BD0120FCE7036A23F0F7
:10CA9000100370B50362036A446882690D6822F46A
:10CAA000E64242EA05228D6823F0200343EA05139B
:10CAB0000D4DA84203D005F58065A8420DD1CD6883
:10CAC00023F0800343EA0513D1E9055624F44064BA
:10CAD000354323F0400344EA8504446082614A6898
:10CAE0008263036270BD00BF0000014038B590F85A
:10CAF0003C30012B04464FD00120082A84F83C002A
:10CB00003AD006D8BAB1042A26D0002384F83C30A3
:10CB100038BD0C2AF9D12068FFF7DCFDC3690A692A
:10CB200043F40063C361C36923F48063C361C369D1
:10CB300043EA02232EE02068FFF772FD83690A6949
:10CB400043F008038361836923F0040383618369ED
:10CB5000134383610020D8E72068FFF797FF8369BC
:10CB60000A6943F400638361836923F4806383610A
:10CB7000836943EA0223ECE72068FFF77DFDC36980
:10CB80000A6943F00803C361C36923F00403C36166
:10CB9000C3691343C361DDE70220B9E770B5046AD6
:10CBA000194E24F001040462B0428469056A26D05B
:10CBB000B0F1804F23D0A6F57C46B0421FD006F5D9
:10CBC0008066B0421BD006F58066B04217D006F5ED
:10CBD0007846B04213D006F57056B0420FD0A6F595
:10CBE0009436B0420BD044F0010263F3071201F017
:10CBF0000A0125F00A0319438261016270BD24F025
:10CC000003042243F1E700BF00000140F8B590F8AB
:10CC10003C30012B05460C4600F082800120082A9A
:10CC200085F83C005CD006D842B3042A36D00023F5
:10CC300085F83C30F8BD0C2AF9D12B68CE68D1E9D3
:10CC40000027196A21F480511962D969186A21F400
:10CC50004071120341EA072120F4204002F42042EF
:10CC600066F30F310243D9611A62DA69A16822F4CE
:10CC70004062DA61DA6942EA01224FE02868CB6853
:10CC8000D1E90012FFF78AFF8369A26823F00C0341
:10CC900083618369134383610020C8E72B68CE68F2
:10CCA000D1E90027196A21F0100119629969186AFF
:10CCB00021F44071120141EA072120F0A00002F0A6
:10CCC000A00266F30F31024399611A629A69A16862
:10CCD00022F440629A619A6942EA01229A61DBE792
:10CCE0002B68E768186A20F48070D1E90021186287
:10CCF000DE69186A26F003061202314320F4206030
:10CD000002F4206267F307110243D9611A62DA69FB
:10CD1000A16822F00C02DA61DA690A43DA61BBE742
:10CD2000022087E710B584680A4324F47F4442EA6E
:10CD300003222243826010BD38B590F83C30012BAD
:10CD400004464FF0020000F08E8084F83D0001227E
:10CD5000206884F83C20836823F47F4323F0770322
:10CD600083600B68602B4FD032D8402B64D016D82C
:10CD7000202B0DD00AD833F0100109D0012384F8FC
:10CD80003D30002384F83C30104638BD302BF5D1BF
:10CD9000826822F07002134343F0070328E0502B0F
:10CDA000ECD14A68CD68016A036A23F0010303628B
:10CDB000836921F00A0123F0F00343EA05130A43D3
:10CDC00083610262836823F0700343F057030FE02E
:10CDD000B3F5805F0DD0B3F5005F0CD0702BCDD1D3
:10CDE000CB68D1E90121FFF79DFF836843F077030A
:10CDF00083600022C2E7CB68D1E90121FFF792FFEF
:10CE0000836843F48043F3E7036A4D68C96823F0FD
:10CE1000100303628269036A22F4704223F0A003C4
:10CE200043EA051342EA013282610362836823F018
:10CE3000700343F06703DBE74A68CD68016A036A61
:10CE400023F001030362836921F00A0123F0F00358
:10CE500043EA05130A4383610262836823F0700387
:10CE600043F04703C4E702468EE7036A10B501F0BA
:10CE70001F0101248C4023EA04030362036A8A40F1
:10CE80001A43026210BD000008B529B990F83E307F
:10CE9000012B1FD0012035E0042907D190F83F3045
:10CEA000012BF7D1022380F83F3016E008290CBF90
:10CEB00090F8403090F84130013B18BF0123002B1F
:10CEC000E8D108294FF002030CBF80F8403080F809
:10CED000413002E0022380F83E3000680122FFF773
:10CEE000C4FF164B984203D003F5806398420AD1E1
:10CEF000436C43F400434364836803F00703062B49
:10CF000017D1002008BDB0F1804FF5D00C4B9842EE
:10CF1000F2D003F580639842EED003F58063984227
:10CF2000EAD003F59A339842E6D0A3F594339842B9
:10CF3000E2D0036843F001030360E2E70000014030
:10CF400000040040FFF7A0BF30B590F83C30012B43
:10CF500002464FF0020032D0136882F83D005C6850
:10CF60000D68986824F070042C435C60144CA34254
:10CF70001AD0B3F1804F17D0A4F57C44A34213D04C
:10CF800004F58064A3420FD004F58064A3420BD063
:10CF900004F57844A34207D004F57054A34203D0AB
:10CFA000A4F59434A34204D1496820F080000143E1
:10CFB00099600123002082F83D3082F83C0030BDAA
:10CFC0000000014090F83C30012B02461ED0CB6897
:10CFD000886823F440730343486823F48063034361
:10CFE000086823F400630343086923F48053034370
:10CFF0004869C96923F40053034323F480430B4376
:10D00000116800204B6482F83C0070470220704792
:10D0100070477047026802F10C0353E8003F23F4A5
:10D0200090730C3242E8003102680029F2D102F11B
:10D03000140353E8003F23F0010302F1140C4CE801
:10D0400000310029F3D1036B012B0BD102F10C034A
:10D0500053E8003F23F0100302F10C0C4CE80031C0
:10D060000029F3D1202380F83E300023036370476A
:10D070000268C16838B5136923F440530B43136148
:10D08000054683680069D168034368690343E8691A
:10D0900021F4164121F00C0103430B43D360536983
:10D0A000A96923F440730B4353611F4B9A4203D089
:10D0B00003F580639A4224D1FEF7E4FCEA69192162
:10D0C000B2F5004FD5E90043A0FB01011CD1DA18ED
:10D0D0004FF0000545EB0503F3F70CFF6422B0FBAE
:10D0E000F2F102FB1103DB003233B3FBF2F303F086
:10D0F00007025B0002EB011203F4F8731344A36010
:10D1000038BDFEF7AFFCD9E79A009B0FF3F7F2FEAC
:10D110006422B0FBF2F102FB11031B013233B3FBBB
:10D12000F2F303EB0113EAE700100140F8B50446FF
:10D130000E4617461D462268136836EA030301D1DE
:10D14000002028E06B1CF7D025B1FCF73FFEC01B88
:10D150008542F0D2226802F10C0353E8003F23F429
:10D16000D0730C3242E8003021680028F2D101F17E
:10D17000140353E8003F23F0010301F1140040E8D9
:10D180000032002AF3D1202384F83D3084F83C207B
:10D1900084F83E300320F8BD10B5044640B390F843
:10D1A0003D3003F0FF021BB980F83C20FCF7EEFB9A
:10D1B0002268242384F83D30D36823F40053D360DD
:10D1C0002046FFF755FF23681A6922F490421A613E
:10D1D0005A6922F02A025A61DA6842F40052DA608F
:10D1E00000202023206484F83D3084F83E3010BDB8
:10D1F0000120FCE72DE9F843984690F83D30202BBC
:10D2000004460E46174648D1002944D0002A42D091
:10D2100090F83C30012B40D0012380F83C300025B1
:10D220002123056480F83D30FCF7D0FDA368A78476
:10D23000B3F5805F8146E78403D123690BB9354696
:10D240001E46002384F83C30E38C9BB253B943461E
:10D250004A4640212046FFF769FF50B9202384F851
:10D260003D3007E043464A4680212046FFF75EFFF7
:10D2700010B10320BDE8F88322684EB935F8023BAF
:10D28000C3F308035360E18C013989B2E184DBE721
:10D2900016F8013BF6E70120ECE70220EAE77047C9
:10D2A0007047704708B5806B0023C385C384FFF7C0
:10D2B000F8FF08BD704790F83E30222B07B541D1EA
:10D2C00081680268836AB1F5805F3DD101690029F8
:10D2D0003DD15268C2F3080223F8022B8362C38D4A
:10D2E000013B9BB2C385002B2CD10268D16821F091
:10D2F0002001D160D16821F48071D160516921F0A1
:10D3000001015161202280F83E20026B012A02684F
:10D3100027D1036302F10C0353E8003F23F010030D
:10D3200002F10C0C4CE800310029F3D11368DB0644
:10D3300005D501911368019353680193019B818D79
:10D34000FFF7B8FF03B000BD39B9016929B95268C8
:10D35000D2B21A70836A0133C0E7526802F07F02CA
:10D36000F7E7FFF79DFFEDE703681A6873B5160747
:10D37000D9685D69044608D1960668D58D0666D5DC
:10D3800002B0BDE87040FFF796BF05F0010001F460
:10D39000907505435BD0D60705D5CD0542BF236CFC
:10D3A00043F001032364530704D518B1236C43F001
:10D3B00002032364960704D518B1236C43F00403D9
:10D3C0002364150707D501F0200303431EBF236C18
:10D3D00043F008032364236C002B32D0920604D55B
:10D3E0008B0602D52046FFF766FF26687369226C1C
:10D3F00003F0400302F0080253EA0205204622D05F
:10D40000FFF708FE73695E0618D5226802F114035F
:10D4100053E8003F23F04003143242E80031002972
:10D42000F3D1A06B50B1724B0365FCF7FCFF40B128
:10D43000A06B036D02B0BDE8704018472046FFF7AF
:10D4400030FF02B070BDFFF72CFF2564F9E7206BB9
:10D45000012840F09180D50640F18E80C80640F149
:10D460008B80002201921A6801925A680192019AF7
:10D470005A6952064CD5A16B0A68526892B2002ACA
:10D48000DFD0A08D9042DCD9E285CA69B2F5807FF9
:10D4900036D003F10C0252E8002F22F4807203F11F
:10D4A0000C0040E800210029F3D103F1140252E8F6
:10D4B000002F22F0010203F1140040E800210029AE
:10D4C000F3D103F1140252E8002F22F0400203F1DD
:10D4D000140040E800210029F3D1202284F83E20E6
:10D4E000216303F10C0252E8002F22F0100203F135
:10D4F0000C0040E800210029F3D1A06BFCF755FF98
:10D50000E38DA18DC91A89B22046FFF7D3FE98E7B3
:10D51000E28DE18D89B292B2002992D0A18D891A53
:10D5200089B200298DD003F10C0252E8002F22F4B9
:10D53000907203F10C0545E800200028F3D103F1B7
:10D54000140252E8002F22F0010203F1140545E80D
:10D5500000200028F3D1202284F83E20206303F12C
:10D560000C0252E8002F22F0100203F10C0545E8EE
:10D5700000200028F3D1C7E7160628D50D0626D5CA
:10D5800094F83D20212A7FF45CAFA168226AB1F5AE
:10D59000805F17D12169A9B932F8021BC1F30801D4
:10D5A00059602262E28C013A92B2E284002A7FF44E
:10D5B00048AFDA6822F08002DA60DA6842F04002AE
:10D5C000DA603EE7511C216212785A60EAE75006A1
:10D5D0007FF537AF4A067FF534AFDA6822F04002B4
:10D5E000DA60202384F83D302046FFF758FE28E714
:10D5F000A5D2000808B54FF0E0231B6901F02AFA14
:10D60000012803D0BDE8084001F02CBD08BD000092
:10D61000EFF305832BB9064B186828B901221A606D
:10D6200070476FF0050070474FF0FF30704700BF44
:10D630007455002010B5EFF305845CB9084B1A68E7
:10D64000012A0AD1074AD47702221A6000F0FAFEB2
:10D65000204610BD6FF00500FBE74FF0FF30F8E704
:10D660007455002000ED00E0EFF305830BB100F0EE
:10D6700047BF00F03FBFF0B587B0144600220B460D
:10D680000592EFF30582FAB9F0B15CB3A56925B153
:10D69000691E372902D9002017E018256268D207D1
:10D6A000F9D466699EB1B208D4E9027C21688FB1D1
:10D6B000BCF1A70F08D9246934B12EB1CDE90147D7
:10D6C000009500F059FE0590059807B0F0BD4FF4A5
:10D6D0000072E9E7BCF1000FF6D12469002CF3D108
:10D6E0000C4602E018254FF4007205A9CDE900515F
:10D6F00092B2214600F078FE01281CBF002305935A
:10D70000E2E708B5EFF3058222B908B101F054F859
:10D71000002008BD6FF00500FBE737B50546EFF3C5
:10D7200005845CB900F0E6FE291A0029019008DDA5
:10D7300001A800F0F7FF204603B030BD6FF00500F0
:10D74000FAE76FF00300F7E738B50546EFF3058415
:10D750003CB948B100F04CFC284600F061FC204682
:10D7600038BD6FF00500FBE76FF00300F8E7F7B591
:10D7700005460E461446EFF305871FB100252846DF
:10D7800003B0F0BD0028F9D00029F7D0DAB1D2E912
:10D79000023283B14F2AF1D92269002AEED066699C
:10D7A0004D43AE42EAD3009700F0A0F905460028A9
:10D7B000E4D0246811E0002AE0D12369002BDDD1F8
:10D7C0006369002BDAD128460022314600F0DCF9EB
:10D7D00005460028D2D0002CEBD12146284600F087
:10D7E000F5FBCCE773B51C46EFF30586DEB138B325
:10D7F00031B32BBB01AA019300F09FFA012803D09B
:10D800006FF0020002B070BD019B0BB90020F9E778
:10D810004FF0E0234FF08052C3F8042DBFF34F8F39
:10D82000BFF36F8FF2E758B151B13346224600F093
:10D83000D2F90128EAD0002CE2D06FF00100E1E734
:10D840006FF00300DEE737B51C46EFF30583DBB16D
:10D8500030B329B324BB01AA019400F06AFB01286C
:10D8600003D06FF0020003B030BD019B0BB9002064
:10D87000F9E74FF0E0234FF08052C3F8042DBFF3D7
:10D880004F8FBFF36F8FF2E750B149B1224600F0DE
:10D89000B1FA0128EBD0002CE3D06FF00100E2E7F1
:10D8A0006FF00300DFE7FFF74FBF0000034B03609B
:10D8B000034B0B604FF4007313607047CC5400208F
:10D8C000CC4C0020034B0360034B0B604FF4806390
:10D8D00013607047244C0020243C002000F1080312
:10D8E0004FF0FF32C0E9022343600361002303606D
:10D8F000704700230361704743684B609A688A60F1
:10D90000516099600368086101330360704730B566
:10D910000C68631C0AD103695A684A6091608B6085
:10D920005960036808610133036030BD00F10802EB
:10D93000134652681568A542FAD9EDE7D0E90112FD
:10D9400003698A6051605968814208BF5A600022A9
:10D9500002611A68013A1A601868704710B50446E7
:10D9600001F018FBA46B01F035FBB4FA84F0400918
:10D9700010BD70B51646026C856B044642B9066848
:10D980009EB9806801F076F8A6600135A56370BD88
:10D990006EB9406801F056FE6368226C1344A268B9
:10D9A0006360934224BF236863600020EDE7C06892
:10D9B00001F048FE226CE36851429B1A2268E36042
:10D9C00093423EBFA3685B18E360022EEDD10DB118
:10D9D000013DEAE72846D8E7034610B41A6C08462A
:10D9E00062B1DC68A1189C68D960A14228BF19689F
:10D9F0005DF8044B28BFD96001F024BE5DF8044BEC
:10DA0000704770B5044601F0C5FA94F8455004F12A
:10DA100024066DB2002D01DD636AB3B9FF2384F8DB
:10DA2000453001F0D7FA01F0B5FA94F8445004F10A
:10DA300010066DB2002D01DD23697BB9FF2384F848
:10DA40004430BDE8704001F0C5BA304600F064FFD4
:10DA500008B100F0E9FF013D6DB2DBE7304600F0B0
:10DA60005BFF08B100F0E0FF013D6DB2E2E738B5C1
:10DA70000D46044640B94FF0500383F31188BFF3BD
:10DA80006F8FBFF34F8FFEE701F084FAD4E90F31B7
:10DA9000226862604B43D0185B1A1A44A060FF23CF
:10DAA0000020A063E26084F8443084F84530A5B9D2
:10DAB000236973B104F1100000F02EFF48B14FF05C
:10DAC000E0234FF08052C3F8042DBFF34F8FBFF314
:10DAD0006F8F01F07FFA012038BD04F11000FFF7CD
:10DAE000FDFE04F12400FFF7F9FEF2E737B50D461D
:10DAF0001C4640B94FF0500383F31188BFF36F8F7A
:10DB0000BFF34F8FFEE743B94FF0500383F3118803
:10DB1000BFF36F8FBFF34F8FFEE74AB191B94FF05C
:10DB2000500383F31188BFF36F8FBFF34F8FFEE76E
:10DB300041B14FF0500383F31188BFF36F8FBFF3F0
:10DB40004F8FFEE750230193019B502B08D04FF0DD
:10DB5000500383F31188BFF36F8FBFF34F8FFEE73E
:10DB60000121002D08BF2246C4E90F0584F84610A4
:10DB700022602046019BFFF77AFF9DF8183084F859
:10DB80004C30204603B030BDF8B50D46174606466A
:10DB900040B94FF0500383F31188BFF36F8FBFF389
:10DBA0004F8FFEE74843503001F05CFB044670B1F4
:10DBB000002380F8463065B100F15003C4E90F65D9
:10DBC000236001212046FFF752FF84F84C70204665
:10DBD000F8BD0346F2E72DE9FF410F4601921E46CC
:10DBE000044640B94FF0500383F31188BFF36F8FA1
:10DBF000BFF34F8FFEE751B9036C43B14FF05003B1
:10DC000083F31188BFF36F8FBFF34F8FFEE7022EB0
:10DC10000BD1E36B012B08D04FF0500383F3118835
:10DC2000BFF36F8FBFF34F8FFEE700F013FF054682
:10DC300050B9019B4BB14FF0500383F31188BFF3F0
:10DC40006F8FBFF34F8FFEE700254FF0000839E0DC
:10DC5000022E3DD0019B1BB901F0BCF9002050E021
:10DC600015B902A800F098FE01F0B4F900F03AFCF2
:10DC700001F090F994F84430FF2B08BF84F84480F9
:10DC800094F84530FF2B08BF84F8458001F0A2F9D5
:10DC900001A902A800F08CFE002848D101F07AF911
:10DCA000A26BE36B9A422FD101F094F9019904F130
:10DCB000100000F0F9FD2046FFF7A3FE00F0BEFCC7
:10DCC00050B3012501F066F9A26BE36B9A42BFD213
:10DCD000324639462046FFF74CFE636A1BB104F119
:10DCE000240000F019FE48B14FF0E0234FF08052BD
:10DCF000C3F8042DBFF34F8FBFF36F8F01F06AF9A4
:10DD0000012004B0BDE8F08101F064F92046FFF77E
:10DD100078FE00F093FCD4E74FF0E0234FF0805200
:10DD2000C3F8042DBFF34F8FBFF36F8FC9E72046B1
:10DD3000FFF767FE00F082FC90E72DE9F843894683
:10DD400017461E46044640B94FF0500383F311882E
:10DD5000BFF36F8FBFF34F8FFEE751B9036C43B131
:10DD60004FF0500383F31188BFF36F8FBFF34F8FD2
:10DD7000FEE7022E0BD1E36B012B08D04FF05003CE
:10DD800083F31188BFF36F8FBFF34F8FFEE701F06E
:10DD900015FAEFF311884FF0500383F31188BFF3A6
:10DDA0006F8FBFF34F8FA26BE36B9A4201D3022EAA
:10DDB0001ED194F84550A36B6DB2324649462046B9
:10DDC000FFF7D7FD6B1C0ED1636A3BB104F1240051
:10DDD00000F0A2FD10B10FB101233B60012088F3D8
:10DDE0001188BDE8F88301356DB284F84550F5E738
:10DDF0000020F4E72DE9FF410E460192044640B9A8
:10DE00004FF0500383F31188BFF36F8FBFF34F8F31
:10DE1000FEE751B9036C43B14FF0500383F311880F
:10DE2000BFF36F8FBFF34F8FFEE700F013FE054681
:10DE300050B9019B4BB14FF0500383F31188BFF3EE
:10DE40006F8FBFF34F8FFEE700254FF000083DE0D6
:10DE5000019B1BB901F0BEF8002056E015B902A8DD
:10DE600000F09AFD01F0B6F800F03CFB01F092F8EA
:10DE700094F84430FF2B08BF84F8448094F8453070
:10DE8000FF2B08BF84F8458001F0A4F801A902A87F
:10DE900000F08EFD002841D12046FFF75FFDB8B3AA
:10DEA000019904F1240000F0FFFC2046FFF7A9FDD2
:10DEB00000F0C4FB48B94FF0E0234FF08052C3F8A4
:10DEC000042DBFF34F8FBFF36F8F012501F062F870
:10DED000A76B002FBCD031462046013FFFF77CFDE9
:10DEE000A763236973B104F1100000F015FD48B178
:10DEF0004FF0E0234FF08052C3F8042DBFF34F8F53
:10DF0000BFF36F8F01F066F8012004B0BDE8F08127
:10DF10002046FFF776FD00F091FBD6E72046FFF79D
:10DF200070FD00F08BFB2046FFF718FD0028CCD0D9
:10DF300092E72DE9F84389469046044640B94FF0F0
:10DF4000500383F31188BFF36F8FBFF34F8FFEE74A
:10DF500051B9036C43B14FF0500383F31188BFF301
:10DF60006F8FBFF34F8FFEE701F028F9EFF31187B2
:10DF70004FF0500383F31188BFF36F8FBFF34F8FC0
:10DF8000A56B0DB394F84460494676B22046FFF77E
:10DF900023FD013D731CA56311D1236953B104F125
:10DFA000100000F0B9FC28B1B8F1000F02D0012335
:10DFB000C8F80030012087F31188BDE8F8830136E6
:10DFC00076B284F84460F5E72846F4E730B5074AAE
:10DFD000002352F8335002EBC3041DB942F833104A
:10DFE000606030BD0133082BF3D1FAE7785500208B
:10DFF00010B5094A002352F8331081424FEAC30496
:10E0000006D1064A002142F833102244516010BD67
:10E010000133082BEFD1FAE77C550020785500201A
:10E0200010B540B94FF0500383F31188BFF36F8FE1
:10E03000BFF34F8FFEE7FFF7DBFF90F846301BB9C9
:10E04000BDE8104001F0A8B910BD70B504460D46FA
:10E05000164600F09FFF94F84430FF2B04BF0023C6
:10E0600084F8443094F84530FF2B04BF002384F833
:10E07000453000F0AFFFA36B2BB93246294604F1BF
:10E08000240000F02BFC2046BDE87040FFF7B9BC2F
:10E090002DE9F041044600F07DFF304B304E1A6808
:10E0A000304F01321A603568002D4BD134601B6847
:10E0B000012B1FD1B84640460135FFF70FFC382D24
:10E0C00008F11408F7D1DFF8C480274D4046FFF768
:10E0D00005FC2846FFF702FC2448FFF7FFFB244815
:10E0E000FFF7FCFB2348FFF7F9FB234BC3F8008045
:10E0F000224B1D60224A136801331360214A636476
:10E100001168E36A14208B4200FB037004F10401E0
:10E1100088BF1360FFF7F0FB00F05CFF1A4B1B6831
:10E1200073B13368DA6AE36A9A4209D24FF0E023A6
:10E130004FF08052C3F8042DBFF34F8FBFF36F8FA2
:10E14000BDE8F081104B1B68002BD3D13368DA6A2D
:10E15000E36A9A4298BF3460CCE700BFDC550020E8
:10E16000B05A002050560020285600200C5600209F
:10E17000F8550020E05500202456002020560020AD
:10E18000C0550020D4550020D05500203C5600201A
:10E19000F8B5154B154D1C680646286804300F4627
:10E1A000FFF7CCFB731C07D137B129681048BDE8D5
:10E1B000F8400431FFF7A0BB2B68A4195C6007D3BB
:10E1C0000C4B18682968BDE8F8400431FFF79FBB85
:10E1D000094B186829680431FFF799FB074B1A6847
:10E1E000A24288BF1C60F8BDD8550020B05A00205C
:10E1F000E05500202056002024560020BC55002069
:10E20000064A13681968064B19B94FF0FF321A60B5
:10E2100070471268D268D2685268F8E72456002026
:10E22000BC55002010B50446543001F079F994F83B
:10E23000A5303BB9206B01F0AFF82046BDE8104097
:10E2400001F0AAB8012BF8D0022B08D04FF05003F0
:10E2500083F31188BFF36F8FBFF34F8FFEE710BDBD
:10E2600080B5134C134F144D236873B9134B1B68BF
:10E27000012BF8D94FF0E0234FF08052C3F8042D62
:10E28000BFF34F8FBFF36F8FEDE700F083FEFB68A6
:10E29000DE68301DFFF752FB2B68013B2B602368C3
:10E2A000013B236000F096FE3046FFF7BBFFDBE743
:10E2B000F4550020F8550020DC5500205056002071
:10E2C0002DE9F047DDE909949600324607460D46F0
:10E2D000206BA521984601F01BF9236B043E1E44D8
:10E2E00026F00706002D41D06B1E04F133020F35D6
:10E2F00013F8011F02F8011F09B1AB42F8D1002346
:10E3000084F84330089D372D28BF37254FF0000A89
:10E31000E562E564201DC4F850A0FFF7EAFAC5F1F4
:10E32000380504F11800FFF7E4FAC4F8A0A04C2265
:10E3300051462461A561646284F8A4A004F15400EC
:10E3400001F0E6F80B4BA36503F16802D033E265F8
:10E35000236642463946304600F0EEFD2060B9F1B2
:10E36000000F01D0C9F80040BDE8F08784F83450B0
:10E37000C8E700BF08EC012070B586B0DDE90B549A
:10E3800045B94FF0500383F31188BFF36F8FBFF38C
:10E390004F8FFEE744B94FF0500383F31188BFF36A
:10E3A0006F8FBFF34F8FFEE7A8260596059EA82E18
:10E3B00008D04FF0500383F31188BFF36F8FBFF382
:10E3C0004F8FFEE72563022584F8A55004AD019523
:10E3D0000A9D02940095059EFFF772FF2046FFF705
:10E3E00057FE049806B070BD2DE9F043074685B08E
:10E3F000900088461646994600F034FF054620B93D
:10E400004FF0FF3005B0BDE8F083A82000F02AFFF0
:10E41000044698B1002380F8A5300D9B0563019355
:10E420000C9B0290009332464B4641463846FFF71C
:10E4300047FF2046FFF72CFE0120E3E7284600F0C7
:10E44000ABFFDDE710B588B0002407AA06A905A830
:10E45000CDE90544FFF72AFA059B0293069B079A2C
:10E4600019491A48CDE900432346FFF785FF40B319
:10E4700000F094FB012819D14FF0500383F3118869
:10E48000BFF36F8FBFF34F8F114B124A1B6854338A
:10E490001360114B4FF0FF321A60104B1860104B95
:10E4A0001C6008B0BDE8104000F004BE013008D187
:10E4B0004FF0500383F31188BFF36F8FBFF34F8F7B
:10E4C000FEE708B010BD00BF6257010861E2000816
:10E4D000B05A002010000020BC550020D05500206C
:10E4E000D8550020024A136801331360704700BFFB
:10E4F000B8550020014B1868704700BFD855002060
:10E5000008B500F05BFE014B186808BDD855002027
:10E510003F4B1B682DE9F74F002B73D13D4B1C6817
:10E5200001341C60BCB93C4B1A68126842B14FF010
:10E53000500383F31188BFF36F8FBFF34F8FFEE754
:10E54000364A1968106818601160354A136801333B
:10E550001360FFF755FE334E334F3368DFF8D48036
:10E560009C424FF000050AD3DFF8ACA0DFF8C8B03A
:10E57000DAF800301B68A3B94FF0FF333360D8F8E6
:10E580000030DB6A14225343F858284B1B680128DB
:10E5900098BF002B14BF01200020284303B0BDE822
:10E5A000F08FDAF80030DB68D3F80C90D9F804204B
:10E5B000944201D23260E2E709F104031846019364
:10E5C000FFF7BCF9D9F828201AB109F11800FFF7B4
:10E5D000B5F9D9F82C00DBF800201423904288BF4D
:10E5E000CBF8000009F1040103FB0070FFF784F988
:10E5F000D8F80010D9F82C20CB6A9A4228BF45F0F1
:10E600000105B5E70A4A1368013313600020C5E726
:10E61000B8550020D8550020245600202056002050
:10E62000C4550020BC55002050560020C85500207D
:10E63000CC550020B05A0020D45500202DE9F041DF
:10E64000304C236843B94FF0500383F31188BFF374
:10E650006F8FBFF34F8FFEE700F09CFC2368013BF8
:10E66000236024682CB1002400F0B4FC2046BDE8EF
:10E67000F081254B1B68002BF5D0244D244EDFF88C
:10E68000A0801DE0EB68DC68271D04F11800FFF78F
:10E6900055F93846FFF752F9E36A3268142093427D
:10E6A00000FB0380394688BF3360FFF725F9194B1B
:10E6B000E26A1B68DB6A9A4202D3174B01221A6096
:10E6C0002B68002BDED10CB1FFF79AFD134D2C689F
:10E6D00044B1114E0127FFF71BFF00B13760013C29
:10E6E000F9D12C600C4B1B68002BBCD04FF0E02301
:10E6F0004FF08052C3F8042DBFF34F8FBFF36F8FDD
:10E700000124B1E7B8550020DC5500200C5600204C
:10E71000D4550020B05A0020C8550020CC55002008
:10E720005056002010B540B94FF0500383F31188C4
:10E73000BFF36F8FBFF34F8FFEE741B94FF0500328
:10E7400083F31188BFF36F8FBFF34F8FFEE7184B32
:10E750001B6843B14FF0500383F31188BFF36F8FF1
:10E76000BFF34F8FFEE7FFF7BDFE124B04681A6838
:10E7700063182CBF0121002194420FD979B903609D
:10E78000FFF75CFF48B94FF0E0234FF08052C3F829
:10E79000042DBFF34F8FBFF36F8F10BD09B99A429D
:10E7A000EDD203600021981AFFF7F2FCE8E700BF02
:10E7B000B8550020D855002008B550B94FF0E023D7
:10E7C0004FF08052C3F8042DBFF34F8FBFF36F8F0C
:10E7D00008BD0A4B196841B14FF0500383F311880B
:10E7E000BFF36F8FBFF34F8FFEE7FFF77BFEFFF79F
:10E7F000CFFCFFF723FF0028E0D0E9E7B855002061
:10E80000F8B5234B1A68234B12B101221A60F8BDE8
:10E81000214C1A6023681B6B1A68B2F1A53F0BD11B
:10E820005A68B2F1A53F07D19A68B2F1A53F03D16A
:10E83000DB68B3F1A53F04D0206821683431F2F7DA
:10E8400021FD164E164D3168142707FB01F3E81819
:10E85000EA5882B142680833526842602B449A42B7
:10E8600004BF52684260D3682360316023680D4A58
:10E8700054331360CBE741B94FF0500383F3118851
:10E88000BFF36F8FBFF34F8FFEE70139DDE700BFA6
:10E89000B8550020C8550020B05A0020D45500209B
:10E8A000505600201000002010B50C4640B94FF023
:10E8B000500383F31188BFF36F8FBFF34F8FFEE7D1
:10E8C000054B19681831FFF722F820460121BDE8F1
:10E8D0001040FFF75DBC00BFB05A002038B50D46B0
:10E8E000144640B94FF0500383F31188BFF36F8F84
:10E8F000BFF34F8FFEE7074B19681831FEF7FCFF97
:10E90000002C21460CBF28464FF0FF30BDE83840B0
:10E91000FFF73EBCB05A002038B5C368DC6844B984
:10E920004FF0500383F31188BFF36F8FBFF34F8F06
:10E93000FEE704F118052846FFF700F8104B1B68A6
:10E94000DBB9251D2846FEF7F9FF0E4AE36A116878
:10E950008B4288BF13600C4A1420294600FB032019
:10E96000FEF7CAFF094BE26A1B68DB6A9A4283BF63
:10E97000074B01201860002038BD06482946EFE704
:10E98000B8550020D455002050560020B05A002021
:10E99000C85500200C560020034B1B680360034B36
:10E9A0001B684360704700BFC4550020D855002045
:10E9B00070B50C46054640B94FF0500383F31188FB
:10E9C000BFF36F8FBFF34F8FFEE741B94FF0500396
:10E9D00083F31188BFF36F8FBFF34F8FFEE700F013
:10E9E000D9FA0F4B196823685A1C10D00D482E68AD
:10E9F00000686A68864201D08A420FD9881A834229
:10EA00000AD95B1A134423602846FFF7C5FF002488
:10EA100000F0E0FA204670BD002323600124F7E7F0
:10EA2000D8550020C4550020014B01221A607047C0
:10EA3000C855002008B9064B1868026B0020135C0B
:10EA4000A52B02D0C0F38F0070470130F7E700BF5D
:10EA5000B05A0020054B1B6833B1054B1868B0FA5B
:10EA600080F040094000704701207047D0550020D9
:10EA7000B855002038B508B9002038BD1B4B1C68BC
:10EA8000844208D04FF0500383F31188BFF36F8F97
:10EA9000BFF34F8FFEE7236D43B94FF0500383F36D
:10EAA0001188BFF36F8FBFF34F8FFEE7E16AE26C0F
:10EAB000013B91422365DFD0002BDDD1251D284687
:10EAC000FEF73CFFE36CE362C3F13802A261084A3F
:10EAD00011688B4288BF1360064A142000FB032094
:10EAE0002946FEF709FF0120C7E700BFB05A002002
:10EAF000D455002050560020914208B54160006175
:10EB00000AD8D21A83699A420DD2084B011D18689F
:10EB1000FEF7FDFE002008BD9A4201D2994202D2C2
:10EB2000034B011DF3E70120F5E700BFB05B0020B8
:10EB3000B45B0020F7B5114C00F02CFA2568BDB984
:10EB40000F4F104E3846FEF7C9FE3046FEF7C6FEA0
:10EB50000D4B0E4A1F600E4B10211E600A200D4BFC
:10EB60000095FEF7C3FF206010B10B49FFF72EFAA6
:10EB700003B0BDE8F04000F02DBA00BFAC5B002050
:10EB8000CC5B0020B85B0020B45B0020045B00205D
:10EB9000B05B0020B45A00206757010810B588B058
:10EBA000FFF7C8FF124B1B68B3B1002407AA06A9E0
:10EBB00005A8CDE90544FEF785FE059B0293069B5B
:10EBC000019302230093079A0A490B482346FFF753
:10EBD000D3FB0A4B186040B94FF0500383F3118800
:10EBE000BFF36F8FBFF34F8FFEE7012008B010BD5A
:10EBF000AC5B00206C570108CDEC0008A85B00203E
:10EC00007FB5154604461A4640B94FF0500383F3CA
:10EC10001188BFF36F8FBFF34F8FFEE70D4E306843
:10EC200088B10529CDE9001502940EDCFFF712FF2B
:10EC30000346022B4FF0000330680CBF089A1A46B7
:10EC40006946FEF7C8FF04B070BD00236946FFF7B0
:10EC500074F8F8E7AC5B0020F7B51A4D2B681A681A
:10EC60002AB9194A11682960136003B0F0BDDB6846
:10EC7000DC681E68271D3846FEF760FE236A2046C2
:10EC8000984794F828305B07E8D5A36933449E423F
:10EC900006D22868636024613946FEF738FEDDE756
:10ECA00000230093324619462046FFF7A9FF0028AB
:10ECB000D4D14FF0500383F31188BFF36F8FBFF3AC
:10ECC0004F8FFEE7B45B0020B05B00202DE9F043DE
:10ECD000764F774E87B03B68D3F80080B8F1000FCD
:10ECE00028D0DB68D3F800800024FFF7FBFBFFF798
:10ECF00001FC3368984205461ED3306024B36D4B47
:10ED00001B681C68B4FA84F464096B4B22461868CB
:10ED1000A8EB0501FFF799F9FFF790FC88B94FF0D0
:10ED2000E0234FF08052C3F8042DBFF34F8FBFF3A1
:10ED30006F8F06E00124D8E7FFF78EFF3560FFF7FD
:10ED40007DFCDFF8748138E08045DED8FFF776FC83
:10ED50003B68DB68D3F80C9009F10400FEF7EEFD88
:10ED600099F82830580719D5D9F8181043462A467B
:10ED700041444846FFF7C0FEA0B1009423464246F6
:10ED800021464846FFF73CFF60B94FF0500383F33C
:10ED90001188BFF36F8FBFF34F8FFEE723F001039E
:10EDA00089F82830D9F8203048469847C9E7039BAE
:10EDB00005999847029B002B0BDAD8F80000002237
:10EDC00002A9FFF717F8002885D0029B0498002BB2
:10EDD000EDDB049C636993B9FFF78CFB33689842C1
:10EDE000054601D2FFF738FF029B3560092BE4D8B6
:10EDF000DFE803F0090909333A530909333A201DC2
:10EE0000FEF79CFDE8E794F82830A16943F0010380
:10EE100084F82830039B2A4619442046FFF76CFEED
:10EE20000028CAD0236A2046984794F8283059070A
:10EE3000C3D5A269039900230A44009319462046CA
:10EE4000FFF7DEFE0028B8D14FF0500383F311889E
:10EE5000BFF36F8FBFF34F8FFEE794F8283023F096
:10EE6000010384F82830A8E794F828300399A161B9
:10EE700043F0010384F8283041B94FF0500383F385
:10EE80001188BFF36F8FBFF34F8FFEE72B462A46E3
:10EE900029442046FFF730FE8FE794F828309A0780
:10EEA000DDD4204600F078FA87E700BFB45B00208D
:10EEB000A45B0020B05B0020AC5B00200848006829
:10EEC000006880F308884FF0000080F3148862B671
:10EED00061B6BFF34F8FBFF36F8F00DF00BF00003D
:10EEE00008ED00E0DFF80C00016841F470010160FA
:10EEF0007047000088ED00E082B0002301930D4BC5
:10EF00001B68013308D04FF0500383F31188BFF31F
:10EF10006F8FBFF34F8FFEE74FF0500383F31188DD
:10EF2000BFF36F8FBFF34F8F019B002BFCD002B05C
:10EF3000704700BF0C0000204FF0807340F8043C85
:10EF4000074B40F80C3C21F001016FF0020340F840
:10EF5000081C40F8202C40F8243C4438704700BF7F
:10EF6000F9EE0008000000000000000000000000B2
:10EF7000074B19680868B0E8F04F80F30988BFF3C1
:10EF80006F8F4FF0000080F311887047AFF300805F
:10EF9000B05A00204FF0500383F31188BFF36F8FF6
:10EFA000BFF34F8F0A4A13680133012B13600ED150
:10EFB0004FF0E023D3F8043DDBB243B14FF05003F0
:10EFC00083F31188BFF36F8FBFF34F8FFEE7704756
:10EFD0000C000020084A136843B94FF0500383F334
:10EFE0001188BFF36F8FBFF34F8FFEE7013B1360B4
:10EFF0000BB983F3118870470C000020000000005B
:10F00000EFF30980BFF36F8F154B1A681EF0100FD6
:10F0100008BF20ED108A20E9F04F106009B44FF0CE
:10F02000500080F31188BFF34F8FBFF36F8FFFF74E
:10F03000E7FB4FF0000080F3118809BC19680868ED
:10F04000B0E8F04F1EF0100F08BFB0EC108A80F34C
:10F050000988BFF36F8F7047AFF30080AFF3008074
:10F06000B05A002008B54FF0500383F31188BFF366
:10F070006F8FBFF34F8FFFF74BFA28B14FF0E023AC
:10F080004FF08052C3F8042D002383F3118808BD8C
:10F090004FF0E022002313619361054B4FF47A7126
:10F0A0001B68B3FBF1F3013B536107231361704706
:10F0B000000000204FF0E02337B5D3F8001D394A97
:10F0C000914208D14FF0500383F31188BFF36F8F43
:10F0D000BFF34F8FFEE7D3F8002D334B9A4208D190
:10F0E0004FF0500383F31188BFF36F8FBFF34F8F3F
:10F0F000FEE72E4B1A78D2B20192FF221A701B78CB
:10F100002B4ADBB28DF803309DF8033003F0500337
:10F110001370284A072313609DF80300000603F1CB
:10F12000FF310AD4032B11D04FF0500383F3118821
:10F13000BFF36F8FBFF34F8FFEE79DF80330116071
:10F140005B00DBB28DF803300B46E5E74FF440730C
:10F150001360019B154A4FF0E024DBB21370D4F822
:10F16000203D43F47003C4F8203DD4F8203D43F023
:10F170007043C4F8203DFFF78BFF0F4B00251D6047
:10F18000FFF7B0FED4F8343F43F04043C4F8343FB7
:10F19000FFF794FEFFF734FBFFF7AEFE284603B0FF
:10F1A00030BD00BF71C20F4170C20F4100E400E0EA
:10F1B000E45B0020E05B00200C000020EFF30583FF
:10F1C0000F2B0ED9114A9B5C114A12789A4208D92A
:10F1D0004FF0500383F31188BFF36F8FBFF34F8F4E
:10F1E000FEE74FF0E0230B4AD3F80C3D126803F41E
:10F1F000E063934208D94FF0500383F31188BFF3C3
:10F200006F8FBFF34F8FFEE7704700BFF0E300E062
:10F21000E45B0020E05B002010B5104B1A461B6831
:10F220008342FBD354681119884201BF41681046DC
:10F2300009195160446801198B420CD108490968C9
:10F240008B4203D0596821444160196801609042A3
:10F2500018BF106010BD1946F8E700BF005C002021
:10F26000FC5B00202DE9F0410446FFF73BF94349E0
:10F27000434D0B680BBB434A56071FBFD01D20F000
:10F28000070002F5C832131A0CBF4FF4C833024608
:10F2900013443D4E083B23F00703002070603260AA
:10F2A000C3E90000981AC2E900300B60374B1860C0
:10F2B000374B18604FF000432B602F68274207D070
:10F2C000FFF7BCF9F1F7ECFF00263046BDE8F0810E
:10F2D000002CF5D004F1080360071CBF23F00703DE
:10F2E0000833002BECD0DFF8A880D8F800509D42FE
:10F2F000E6D3254A14686068984201D22668B6B9F8
:10F300000968A142DCD0216816681160C21A102A6F
:10F3100006F1080612D9E01841070BD04FF0500350
:10F3200083F31188BFF36F8FBFF34F8FFEE7224641
:10F330003446E0E742606360FFF76EFF626813499E
:10F34000AD1A1743134A08686760002323601368E7
:10F35000C8F80050854203F1010338BF0D60136007
:10F36000FFF76CF97307B0D04FF0500383F31188A7
:10F37000BFF36F8FBFF34F8FFEE700BFFC5B002032
:10F38000E85B0020085C0020005C0020F45B0020AB
:10F39000F85B0020F05B002010B5044690B31A4AD9
:10F3A00050F8043C1268134208D14FF0500383F325
:10F3B0001188BFF36F8FBFF34F8FFEE750F8081C23
:10F3C00041B14FF0500383F31188BFF36F8FBFF348
:10F3D0004F8FFEE723EA020340F8043CFFF782F870
:10F3E0000A4A54F8043C1168A4F108000B44136065
:10F3F000FFF712FF064A1368BDE81040013313609F
:10F40000FFF71CB910BD00BFE85B0020F85B0020CF
:10F41000EC5B0020014B1868704700BFF85B0020D0
:10F42000014B1868704700BFF45B00200CB430B586
:10F43000184B0C1E1D689DB008DA8B232B604FF013
:10F44000FF301DB0BDE8304002B070474FF402738A
:10F45000ADF814304FF000031B9314BF04F1FF33D9
:10F460002346049307934FF6FF7302900690ADF87E
:10F470001630209A21AB02A92846019300F048FAE1
:10F48000431CBCBF8B232B60002CDAD0029B0022D4
:10F490001A70D6E71000002030B51446002C9BB03F
:10F4A00005461A4605DA8B2303604FF0FF301BB088
:10F4B00030BD4FF40273ADF80C304FF000031993D8
:10F4C00014BF04F1FF332346029305934FF6FF73F5
:10F4D00000910491ADF80E3069461E9B00F018FAB9
:10F4E000431CBCBF8B232B60002CE0D0009B002270
:10F4F0001A70DCE707B5009313460A460146034835
:10F500000068FFF7C9FF03B000BD00BF1000002076
:10F5100002440346934200D1704703F8011BF9E708
:10F520002D4B1B68834270B5044653D0C3691BB38F
:10F53000DB6863B10025E369DB685959B1B904356B
:10F54000802DF8D1E3692046D96800F089F8E36995
:10F55000196811B1204600F083F8E3699D685DB138
:10F56000294620462D6800F07BF8F8E70E68204613
:10F5700000F076F83146E1E7616911B1204600F00C
:10F580006FF8E16911B1204600F06AF8216B11B102
:10F59000204600F065F8616B11B1204600F060F87C
:10F5A000A16B11B1204600F05BF8A16C11B12046AF
:10F5B00000F056F8616C11B1204600F051F8E16A94
:10F5C00011B1204600F04CF8236A1BB12046BDE87B
:10F5D0007040184770BD00BF10000020014B186834
:10F5E000704700BF1000002070B50D4B0D4D5B1B28
:10F5F0009C100026A64209D101F038FE0A4D0B4BA3
:10F600005B1B9C100026A64205D170BD55F8043B3B
:10F6100098470136EEE755F8043B98470136F2E784
:10F62000405E0108405E0108405E0108445E01083A
:10F6300070477047034611F8012B03F8012B002A8D
:10F64000F9D170470A44914200F1FF3300D170476D
:10F6500010B511F8014B03F8014F9142F9D110BDDB
:10F6600038B50546002941D051F8043C0C1F002B49
:10F67000B8BFE41800F0E0F81D4A136833B96360BE
:10F6800014602846BDE8384000F0DCB8A34208D931
:10F69000206821188B4201BF19685B680918216036
:10F6A000EDE71A465B680BB1A342FAD9116850180E
:10F6B000A0420BD120680144501883421160E0D170
:10F6C00018685B68536008441060DAE702D90C23BD
:10F6D0002B60D6E7206821188B4204BF19685B684D
:10F6E000636004BF091821605460CAE738BD00BFD9
:10F6F0004CED012070B50F4E0C463168054611B92E
:10F7000000F0ACFB30602146284600F0A7FB431C0C
:10F7100003D14FF0FF34204670BDC41C24F0030415
:10F72000A042F8D0211A284600F098FB0130F2D10F
:10F73000EFE700BF48ED01202DE9F843CD1C25F08F
:10F74000030508350C2D38BF0C25002D064601DBBE
:10F75000A94204D90C2333600020BDE8F883DFF808
:10F76000D48000F069F8D8F800301C4644BB294624
:10F770003046FFF7BFFF431C044658D1D8F800407D
:10F780002746002F43D1002C4BD023683946304602
:10F7900004EB030900F062FB814542D121686D1A38
:10F7A00029463046FFF7A6FF01303AD023682B44A4
:10F7B0002360D8F800305A6862BBC8F800700FE0C8
:10F7C0002268521B20D40B2A17D96119A342256045
:10F7D00018BF5960636808BFC8F8001062514B60D9
:10F7E000304600F02FF804F10B00231D20F0070035
:10F7F000C21A1CBF1B1AA350AFE76268A3420CBF1A
:10F80000C8F800205A60EBE723466468AEE73C4640
:10F810007F68B6E71A465B68A342FBD100235360BA
:10F82000DEE70C233360304600F00CF894E7056007
:10F83000D6E700BF4CED01200148FFF7F9BE00BF3D
:10F8400044ED01200148FFF7F4BE00BF44ED012064
:10F850002DE9F0478E681F46BE4282460C46904610
:10F86000334653D8B1F90C0010F4906F2BD0656972
:10F870002368096905EB4505A3EB010905EBD5757F
:10F880007B1C6D104B44AB422A4684BF1D462A4662
:10F89000430527D511465046FFF74EFF064658B39D
:10F8A00021694A46FFF7CEFEA38923F4906343F013
:10F8B0008003A381266165614E44A5EB090526609E
:10F8C000A5603E463B461F4620683A46414600F04A
:10F8D000ABFAA3689B1BA36023683B442360002012
:10F8E000BDE8F087504600F0C9FA06460028E1D18D
:10F8F00021695046FFF7B4FE0C23CAF80030A389F3
:10F9000043F04003A3814FF0FF30E9E73E46DBE7D9
:10F910002DE9F0471F468B891B069CB006460D4615
:10F92000144610D50B6973B94021FFF705FF286015
:10F93000286130B90C2333604FF0FF301CB0BDE8B4
:10F94000F08740236B610023099320238DF8293031
:10F9500003973023654F8DF82A304FF00108234676
:10F96000994613F8012B0AB1252AF9D1B9EB040AFB
:10F970000BD05346224629463046FFF769FF013037
:10F9800000F0A480099A5244099299F80030002BA3
:10F9900000F09C8000234FF0FF32CDE9052309F1F0
:10F9A0000109049307938DF853301A934C464F483E
:10F9B00014F8011B0522F0F713FC049BD0B9D806FC
:10F9C00044BF20228DF85320190744BF2B228DF805
:10F9D000532099F800202A2A13D0079A4C46002079
:10F9E0004FF00A0C214611F8013B303B092B49D955
:10F9F00068B913E0C01B08FA00F018430490A14650
:10FA0000D4E7039A111D12680391002A01DB0792C3
:10FA100004E0524243F002030792049323782E2B12
:10FA20000AD163782A2B32D1039B1A1D1B680392DB
:10FA300043EAE37302340593DFF8C0902178032290
:10FA40004846F0F7CDFB38B1049BA0EB09004022FB
:10FA5000824013430134049314F8011B24488DF8A9
:10FA600028100622F0F7BCFB002835D0214818BB2F
:10FA7000039B073323F0070308330393099B0344D5
:10FA800009936CE70CFB02320C460120AAE7002325
:10FA90000134059319464FF00A0C204610F8012B4B
:10FAA000303A092A03D9002BC6D00591C4E70CFBD4
:10FAB000012104460123F0E703AB00932A460E4BD5
:10FAC00004A93046AFF30080421CD7D1AB895B0656
:10FAD0003FF532AF099831E703AB00932A46064B56
:10FAE00004A9304600F07AF8EEE700BF7457010829
:10FAF0007E5701080000000051F800087A570108FD
:10FB00002DE9F047164698468A680B69DDF8209083
:10FB10009342B8BF1346336091F8432007460C4622
:10FB20000AB1013333602368990642BF3368023358
:10FB30003360256815F0060506D104F1190AE3685B
:10FB400032689B1AAB4226DC94F843302268003BB3
:10FB500018BF012392062BD404F1430241463846D4
:10FB6000C84701301ED02368226903F00603042B26
:10FB700002BFE5683368ED1AA3680CBF25EAE57596
:10FB800000259342C4BF9B1AED1800261A34B542D3
:10FB90001AD1002008E00123524641463846C847A2
:10FBA000013003D14FF0FF30BDE8F0870135C6E7E3
:10FBB000E1185A1C302081F84300224494F8451083
:10FBC00082F843100233C7E70123224641463846F4
:10FBD000C8470130E6D00136D9E700002DE9F043EF
:10FBE0000D7E85B0782D90460C9E07460C469946B2
:10FBF00001F1430207D8622D0AD8002D00F0D7800A
:10FC0000582D00F0BC8004F1420684F842503BE0DD
:10FC1000A5F16303152BF6D801A151F823F000BF1D
:10FC200079FC00088DFC000807FC000807FC0008B0
:10FC300007FC000807FC00088DFC000807FC000812
:10FC400007FC000807FC000807FC000895FD0008F9
:10FC5000B7FC000847FD000807FC000807FC000887
:10FC6000B7FD000807FC0008B7FC000807FC000807
:10FC700007FC00084FFD000833681A1D1B6832603E
:10FC800004F1420684F842300123A1E03368206881
:10FC9000191D3160060601D51D6803E04506FBD538
:10FCA000B3F90050002D03DA2D236D4284F8433060
:10FCB0005B480A2311E021683368080653F8045BA7
:10FCC00002D4490648BFADB23360237E54486F2B3F
:10FCD0005CD10823002184F843106668A660002EDA
:10FCE00005DB21682E4321F00401216050D0164627
:10FCF000B5FBF3F103FB115C10F80CC006F801CD65
:10FD0000AC4663450D46F3D9082B0BD12368DB07BE
:10FD100008D5236961689942DEBF302306F8013CAB
:10FD200006F1FF36921B2261CDF80090434603AAEC
:10FD300021463846FFF7E4FE01304ED14FF0FF3048
:10FD400005B0BDE8F083236843F020032360354805
:10FD5000782584F845502368316813F0800F51F8F6
:10FD6000045B03D113F0400F18BFADB23160D90767
:10FD700044BF43F0200323601DB11023AAE72848A5
:10FD8000E7E7236823F020032360F6E70A23A1E7CF
:10FD90001646B9E7336825686169181D30602E067C
:10FDA0001B6801D5196002E06806FBD519800023A5
:10FDB00023611646B8E733681A1D32601E68626810
:10FDC00000213046F0F70CFA08B1801B60606368D0
:10FDD0002361002384F84330A6E723693246414675
:10FDE0003846C8470130A9D023689B0713D4E06880
:10FDF000039B9842B8BF1846A2E70123324641460A
:10FE00003846C847013099D00135E36803995B1A39
:10FE1000AB42F2DCEBE7002504F11906F5E700BF81
:10FE20008557010896570108884210B501EB020476
:10FE300002D98442234607D8431EA14207D011F8B5
:10FE4000012B03F8012FF8E70244824200D110BDD4
:10FE500013F8011D02F8011DF7E7000038B5064D43
:10FE60000023044608462B60F9F738FF431C02D1F3
:10FE70002B6803B1236038BD40ED01202DE9F0412E
:10FE8000074614460D4621B9BDE8F0411146FFF77B
:10FE900053BC2AB9FFF7E4FB25462846BDE8F081AC
:10FEA00000F01AF88442064602D8B4EB500FF4D89A
:10FEB00021463846FFF740FC804608B94546ECE746
:10FEC000B4422246294628BF3246FFF7BBFB2946EB
:10FED0003846FFF7C5FBF1E751F8043C181F002B2B
:10FEE000BCBF0B58C018704738B52DED028B55ECD0
:10FEF000104B00F0F7F822462B4620462946B0EE7C
:10FF0000408AF0EE608AF0F711FE30B9002200233B
:10FF100020462946F0F7E2FD30B9B0EE480AF0EE8F
:10FF2000680ABDEC028B38BDFFF758FB00220023A6
:10FF30002121016010461946F0F788FC41EC180BAE
:10FF4000B0EE480AF0EE680ABDEC028B38BD00BF87
:10FF500000F0D8BA08B52DED028BB0EE408A00F063
:10FF6000B9F9B4EE488AF1EE10FA06D6DFED098A47
:10FF7000B4EEE88AF1EE10FA02D4BDEC028B08BDB3
:10FF8000FFF72CFB88EEA80ABDEC028B212303604F
:10FF900008BD00BF0000000010EE103A184923F021
:10FFA00000428A4219D9B2F1FF4F02D330EE400A23
:10FFB000704700B583B0684600F04AFB00F00300CC
:10FFC00001289DED000ADDED010A0FD0022808D0BE
:10FFD00088B900F0CDF903B000BDDFED0A0A00F0EA
:10FFE000C7B900F0C5F9B1EE400AF4E700F042FAF3
:10FFF000B1EE400AEFE7012000F03CFAEBE700BF6A
:020000040801F1
:10000000D80F493F0000000010EE103A194923F0C4
:1000100000428A421AD9B2F1FF4F02D330EE400AB1
:10002000704700B583B0684600F012FB00F0030093
:1000300001289DED000ADDED010A12D002280AD048
:1000400090B9012000F016FA03B000BDDFED0A0AF6
:10005000002000F00FBA012000F00CFAB1EE400AC7
:10006000F2E700F085F9EFE700F082F9B1EE400A1F
:10007000EAE700BFD80F493F0000000010EE101A59
:10008000C1F3C7520029A2F17F0CACBF01204FF091
:10009000FF30BCF11E0F0FDCBCF1000F1DDBC1F304
:1000A0001603BCF1160F43F400030ADD963A03FA77
:1000B00002F202FB00F07047FDEEC07A17EE900AE4
:1000C00070474FF4800242FA0CF21A44CCF1170C3C
:1000D00022FA0CF202FB00F07047BCF1FF3F18BFA0
:1000E000002070472DE9F84F774955EC104BA94394
:1000F00000F0AE80002D2A46234655DD2C1562D037
:10010000C2F31302E107A4F2FF3742F4801203D4D2
:10011000520002EBD3725B005200002602EBD37256
:100120007F105B001624B4464FF400110CEB010065
:1001300090424FEAD3754FEA430303DC00EB010C16
:10014000121A0E44013C05EB42024FEA5101EDD177
:10015000A04620254FF000400AE043D0510001EBBB
:10016000D371013D0A464FEA43034FEA500045D0A0
:10017000624500EB080EF0DDBEF1000F0EEB00084B
:100180000CDBE146A2EB0C019E4588BF01F1FF317B
:100190004900CC46A3EB0E030444E0E7B8F1000F9E
:1001A000EFDB0CF10109EDE725F00041214346D0DA
:1001B000002D74D1D90A153A5B050029FAD0CE0278
:1001C00014467DD40A4600215200D502084601F1AA
:1001D0000101F9D5C1F1200523FA05F52A438B4029
:1001E000241A8DE79E4502D94FEA4C01B7E7BEF1CC
:1001F000000F0EEB000824DB0021CBE7194312D0DF
:10020000DFF8C8A0DFF8C8B0DAE90001DBE90023B5
:10021000F0F73AF8DAE9008902460B4640464946CB
:10022000F0F766FC10BB6508711001F17F5101F514
:10023000001101EB075345EAC67243EC102BBDE8F1
:10024000F88FB8F1000FD7DB0CF1010C0021A1E70A
:1002500022462B4620462946F0F7CEF922462B4669
:10026000F0F714F841EC100BBDE8F88FB4F1FF3F44
:10027000DAE90001DBE900231ED0F0F707F8DAE93C
:10028000008902460B4640464946F0F727FCA8B1D4
:10029000A31C04F1020508BF01366D08C4E722461D
:1002A0002B4620462946EFF7EFFF02460B46F0F7B4
:1002B000CDFA41EC100BC2E70136B5E70134B2E7E5
:1002C0004FF0FF300A468BE70000F07F285A010804
:1002D000205A0108B1EEC00A704700BF10EE102A84
:1002E000C2F3C7537F3B162B22F000411BDC002BCF
:1002F00010461EDB1A4919410A4223D0DFED197A54
:1003000070EE277AF5EEC07AF1EE10FA1ADD002AC7
:1003100004DD4FF4000242FA03F3184420EA01031B
:1003200000EE103A7047B1F1FF4F0BD330EE000AE8
:100330007047DFED0C7A70EE277AF5EEC07AF1EEB9
:1003400010FA00DC7047002A06DB11B1B7EE000A94
:10035000F8E79FED050A70479FED040A704700BF5C
:10036000FFFF7F00CAF2497100000000000000801A
:1003700010EE103A23F00043B3F1485F2CD2FDEEAB
:10038000C07A17EE903A002B60D060EE007A9FEDB5
:10039000317A9FED315ADFED315A9FED316ADFED51
:1003A000316AA7EE875A9FED307AE7EE855AA7EEBD
:1003B000A56AA7EE867AE7EE876A67EEA66A60EE20
:1003C000C00AB6EE007AE7EEA60AB7EE000AD7EE4C
:1003D000870A30EE600A704760EE007A9FED1D7A62
:1003E0009FED1D5ADFED1D5A9FED1D6ADFED1D6A61
:1003F0001E4AA7EE875A93429FED1B7AE5EE275AD5
:10040000A5EEA76AA6EE277AE7EE276A66EEA76A48
:10041000D5D9174A934214D803F17F4307EE103A17
:10042000B7EE006A36EE476A60EEC00AF6EE005A92
:1004300097EEA57AE7EEA60A37EE607A36EE470A1F
:100440007047B6EE076AB5EE027AEDE7B7EE000A3E
:10045000704700BF4ED747ADF6740F317CF293B4AE
:10046000010DD037ABAA2A3D610BB6BA9999993ED6
:100470000000483F10EE103A23F00043B3F1485F0C
:1004800004D2FDEEC07A17EE903A5BB360EE007ACC
:100490009FED157ADFED155A9FED156ADFED156AB0
:1004A000E7EE875A9FED147AA5EEA76A20EE275A49
:1004B000E6EE276AA6EEA77A30B9DFED106AE7EE1E
:1004C000876AA6EE850A704727EE457AF6EE006A3F
:1004D000A0EEA67ADFED0A6AD7EE270AE5EE260A35
:1004E00030EE600A704700BFD3C92E2F342FD7B229
:1004F0001BEF3836010D50B98988083CABAA2ABEDB
:10050000ABAA2A3E10B582B0CDED010A019B23F0C3
:100510000042B2F1FF4FF0EE407A30D810EE100AF0
:1005200020F00041B1F1FF4F29D8B3F17E5F3ED0FA
:100530009C1704F0020444EAD07431B37AB3B2F1E8
:10054000FF4F3FD0B1F1FF4F29D0891AB1F1F45FCD
:100550004FEAE15233DA002B41DA3C323FDA9FEDC9
:10056000330A012C4DD0022C42D064B19FED307A79
:10057000DFED307A30EE070A30EE670A03E09DEDDA
:10058000017A37EE270A02B010BD022C0CD09FED85
:100590002A7A032C08BFB0EE470A02B010BD00282B
:1005A0000ADB9FED260AEEE79FED220AEBE702B099
:1005B000BDE8104000F082B99FED210AE3E79FED0E
:1005C0001F0ACEE7B1F1FF4F04F1FF3420D0022C17
:1005D00026D81C4B03EB840393ED000AD3E79DED73
:1005E000017A87EE870A00F03BFA00F067F9B8E776
:1005F0009FED0F7ADFED0F7A30EE070A37EEC00A73
:10060000C1E710EE103A03F1004300EE103ABAE7EA
:10061000022C08D80C4B03EB840393ED000AB2E7DD
:100620009FED020AAFE79FED090AACE7000000006A
:100630002EBDBB33DB0F4940DB0F49C0DB0FC93F89
:10064000DB0FC9BF305A01083C5A0108DB0F493F94
:1006500070B510EE103A8B4A23F00044944286B0F5
:10066000054671D9884A94421E4624D823F0004298
:10067000002BDFED867A864922F00F02B0EE407A39
:1006800040F3E6808A4270EE677A09BF9FED817A77
:10069000DFED816ADFED816A77EEC77A37EEE67AC1
:1006A00077EEC77A80ED007A77EEE67AC0ED017AD0
:1006B000012006B070BD7A4A944253D9B4F1FF4F7D
:1006C00049D2E215863AA4EBC25307EE903ABDEE4A
:1006D000E77ADFED746AB8EEC77A77EEC77A8DED08
:1006E000037A67EEA67ABDEEE77AB8EEC77A77EEC0
:1006F000C77A8DED047A67EEA67AF5EE407AF1EED0
:1007000010FACDED057A40F08E80B5EE407AF1EE2C
:1007100010FA40F08A80012363490191022100917F
:1007200003A8294600F0A4F9002EC2DA95ED007A5C
:10073000D5ED017AB1EE477AF1EE677A85ED007A70
:10074000C5ED017A4042B4E7002285ED000A42601F
:10075000002006B070BD70EE407AC0ED017AC0EDA9
:10076000007AF5E700F07CF99FED507A9FED476A3B
:10077000F6EE007AE0EE077A9FED477AFDEEE77A33
:10078000F8EEE76A17EE900AA6EEC60A1F2866EE94
:10079000877AB1EE666A30EE677A1EDC444A411E03
:1007A00026F0004352F8212023F0FF03934214D097
:1007B00085ED007A30EE470A002E30EE670A85EDAF
:1007C000010ABFF676AFB1EE477AB1EE400A85ED89
:1007D000007A85ED010A40426BE717EE103AC3F349
:1007E000C753C3EBD453082B4FEAE452E0DD9FED2F
:1007F000297A9FED2A5AF0EE405AE6EE075A70EE3B
:10080000657AE6EE077AD6EE857A35EEE77A17EE68
:10081000103AC3F3C753D21A192A08DCB0EE650A9E
:1008200085ED007AC6E7032376E7022374E79FEDA0
:10083000217A9FED215AB0EE650AA6EE070A75EE01
:10084000C07AE6EE077AD6EE857A30EE677AAFE7C1
:100850008A4270EE277A09BF9FED0E7ADFED0E6AAD
:10086000DFED0E6A77EE877A37EEA67A77EEC77AF3
:1008700080ED007A77EEA67AC0ED017A4FF0FF3076
:1008800017E700BFD80F493FE3CB1640800FC93FA1
:10089000D00FC93F004435374344353708A3852E70
:1008A000800F494300008043C85A010884F9223F61
:1008B000485A010800A3852E32318D2438B510EE38
:1008C000105A25F00044B4F1A14FF0EE407A07D35E
:1008D000B4F1FF4F55D8002D77DD9FED4E0A38BD9E
:1008E0004D4B9C425CD8B4F1445F4DD34FF0FF3385
:1008F00027EEA76A9FED495A9FED497ADFED495AE5
:10090000DFED494A66EE066A5A1CA6EE857AE6EEE7
:10091000A54A9FED465ADFED465AA7EE265AE4EE69
:10092000A65A9FED447ADFED444AA5EE267AE5EE1D
:10093000A64A9FED425ADFED425AA7EE265A9FED96
:10094000417AA4EEA67AE5EE265A27EE267AA5EE9F
:10095000867A27EE877A3BD03B493C4A01EB8301FC
:10096000D1ED006A37EE667A02EB8303D3ED006ABD
:1009700037EE677A002D36EEC70AB0DAB1EE400ADC
:1009800038BD30EE000A38BD9FED317A30EE077A7F
:10099000F7EE006AB4EEE67AF1EE10FAA6DD38BDA5
:1009A00000F05EF82B4B9C4215D8A3F5D0039C4277
:1009B00026D8F0EE007ABFEE007AA0EE277A002368
:1009C00030EE270AC7EE007A92E79FED230A38BD82
:1009D00037EEC70A38BD214B9C420BD8F7EE087A98
:1009E000B7EE007AA0EE277A022330EE670AC0EE57
:1009F000077A7DE7BFEE007AC7EE007A032377E738
:100A0000F7EE007A30EE677A30EE270A0123C7EE60
:100A1000007A6DE7DB0FC93FFFFFDF3ED769853CFA
:100A200059DA4B3D21A215BD6BF16EBD356B883D8A
:100A300095879DBD6E2EBA3D388EE3BD2549123E89
:100A4000ABAAAA3ECDCC4CBEE05D0108F05D01082A
:100A5000CAF24971FFFF973FDB0FC9BFFFFF1B4081
:100A600010EE103A23F0004300EE103A704700BF3A
:100A70002DE9F04F2DED048BDBB01C46944603931B
:100A80000A46BA4B68991CF1040F53F8217082464C
:100A900004F1FF39C0F25682BCF1030348BF0CF1E8
:100AA0000403DB10029301334FEAC30EACEB0E03D9
:100AB0000593029B17EB0900A3EB090316D4013041
:100AC0009FEDAB7A699C18441EA9002BA4BF54F873
:100AD000235007EE905A03F10103ACBFF8EEE77A1A
:100AE000F0EE477A8342E1EC017AEED1002FC0F2BA
:100AF000E28203991EA800EB81004FEA81087E186C
:100B0000002346AD4C460AEB8101B9F1000F80F29B
:100B1000C8800134B44245F8043B00F10400F4D12C
:100B20000DF1280B0BEB8703CDE9062E043B9FED5F
:100B3000929ADFED908A059804930AEB080446AE7A
:100B40000BEB87080097CDF820C00DEB8703002F33
:100B500093ED460A4FEA870515DD73195A4660EE94
:100B6000097AB0EE407AFDEEE77A73ED016AF8EEAD
:100B7000E77AB342A7EEE87A37EEA60ABDEEC77A67
:100B8000A2EC017AEBD1019000F0B8FAF4EE007A11
:100B9000B0EE408A20EE270A00F01EFBF2EE007A4B
:100BA000A0EE678A01980028FDEEC89AF8EEE97A6F
:100BB00038EE678A40F38280791EC0F108035BF843
:100BC00021E04EFA03FC0CFA03F3AEEB030EC0F186
:100BD000070219EE903A4EFA02F26344002A09EE37
:100BE000903A4BF821E000F3AF80B5EE408AF1EE89
:100BF00010FA74D1009B9F420ADD5D44002355F832
:100C0000041D454543EA0103F9D1002B40F0028160
:100C1000009B013B5BF823207B1C9C46002A40F094
:100C2000F780049A012152F8045D0131002DFAD0B9
:100C30003944029D039A05EB030E0EF1804E699D27
:100C40000EF1FF3E3A4405EB8E0E1EAD06EB830718
:100C500005EB8205DEED017AF8EEE77AB9F1000FD7
:100C60000EF1040EE5EC017ADFED417A09DB2A464C
:100C70005346F3EC016A32ED017AA342E6EE877A3D
:100C8000F7D10CF1010C8C45E7EC017AE2DD0F465F
:100C90005BE70134B442E5EC017A00F104003FF473
:100CA0003FAFDFED337A83465346F3EC016A3BED09
:100CB000017A8B42E6EE877AF7D1EAE700F091807D
:100CC000F6EE007AB4EEE78AF1EE10FA80F22981AE
:100CD000B5EE408AF1EE10FA4FF000028AD092464B
:100CE000DDE9062EDDF820C00197AEEB0C00B0EE7A
:100CF000480A009F009200F001FADFED1E6AB4EE90
:100D0000E60AF1EE10FADDE90023F0EE407AC0F2D7
:100D10009C819FED197A059920EE077A0831BDEE86
:100D2000C77A0591B8EEC77A5C1CE7EE667ABDEE2D
:100D3000C77AFDEEE77A17EE901A4BF8231017EEFC
:100D4000103A4BF824307EE00133002F09EE903A40
:100D500040F39D8159464FF0000E51F8043B002BA3
:100D600039D0C3F5807341F8043C0CE02C5E0108D7
:100D700000000000000080430000803B0B68C3F1CE
:100D8000FF0341F8043B0EF1010E7745F6DC012329
:100D90009E4600280BDD012800F0BB80022806D10A
:100DA000791E5BF8213003F03F0C4BF821C0022A7A
:100DB0007FF41BAFB7EE000A734630EE488A002B73
:100DC0003FF413AF0992019000F098F90198099A45
:100DD00038EE408A09E70EF1010E7745BDDC9E46EC
:100DE000D7E77B1E5BF82320D211002A7FF7FDAEE8
:100DF00019EE903A002F03F1010309EE903AA9DCB5
:100E0000022A7FF4F2AEF7EE007A37EEC88AECE6FB
:100E100019460EE73B469246DDE905125C1EA1F13C
:100E200008005BF82410009F059061B903F180432E
:100E3000013B0BEB8303014653F8040D013C0839D9
:100E40000028F9D0059105980092B7EE000A00F04D
:100E500055F9002C009AB0EE407AC0F22281601C55
:100E600046AD5FED3B6A81000BEB800305EB800034
:100E700073ED017AF8EEE77A5B4567EE877A27EE45
:100E8000267A60ED017AF3D10DF1C8080E1F2E44C9
:100E9000C646A4460025002F7DDBDFF85C92DFED1F
:100EA000957A3046002307E0F9EC016AB0EC017A4C
:100EB0009F42E6EE877A03DB9D4203F10103F3DAFA
:100EC0000CF1FF3CBCF1FF3FEEEC017A05F10105AE
:100ED000A6F10406E1D1689B022B6ADC002B36DC0C
:100EE0000ED1DFED847A414431ED017A884577EE09
:100EF000877AF9D15346002B40F0C680C2ED007AC4
:100F000019EE903A03F007005BB0BDEC048BBDE82E
:100F1000F08F791E5BF8213003F07F0C4BF821C075
:100F200045E719EE903A002F03F1010309EE903ADC
:100F3000C8BF02223FF70EAFF7EE007A37EEC88A3D
:100F4000022252E600234FF0080E0293AEE5DDEDDB
:100F5000327A9FED687A414471ED016A884537EE37
:100F6000267AF9D15346002B40F0848077EEC77A79
:100F700082ED007A64B133A90123B1EC017A013327
:100F80009C4277EE877AF8DA53460BB1F1EE677A36
:100F9000C2ED017AB4E70CF1FF3C0023BCF1FF3F46
:100FA0004EF8043B05F10105A6F104067FF473AF8A
:100FB00091E7689B032BA3D1002C00F08C8008EBF9
:100FC000840595ED007AA0002B46294671ED017A43
:100FD000F0EE476A37EE277A884577EEC77A81EDDB
:100FE000007A77EEA67AC1ED017AEFD1012C72D0AA
:100FF00095ED007A08F1040173ED017AF0EE476A8D
:1010000037EE277A994277EEC77A83ED007A77EE4A
:10101000A67AC3ED017AEFD1031DDFED367A4344A2
:1010200008F1080833ED017A984577EE877AF9D10F
:101030005346DDED326A9DED337A73B9C2ED006A35
:1010400082ED017AC2ED027A5AE7FDEEC07A1C46C3
:1010500017EE901A4BF82310F5E6F1EE666AB1EE42
:10106000477AF1EE677AC2ED006A82ED017AC2ED4D
:10107000027A45E7F1EE476A77EEC77AC2ED006A79
:10108000002C7FF478AF81E7F1EE677A36E701282C
:1010900015D002287FF4B4AE0EF03F034BF8213098
:1010A000AEE6689B022B12DC002B17DC7FF428AF26
:1010B000DFED107A1EE7039B4FEA830830E50EF060
:1010C0007F03022A4BF821307FF48FAD9BE6689BAB
:1010D000032B7FF415AFDFED077AA9E75346DDED6B
:1010E000327A1BB14FF0004313604FE700231360C7
:1010F0004EE700BF00000000005E010810EE103A4D
:1011000033F000411A4625D0B1F1FF4F1FD213F042
:10111000FF4F20D1DFED297A294A60EE277A9042ED
:1011200017EE903A31DB4CF2503CC3F3C7516045A7
:101130001A46A1F1190114DD002BDFED227A9FED93
:10114000210AB8BFDFED207A27EE800A704730EE23
:10115000000A704770474CF2503C60454FEAD1514D
:10116000EADC0144FE29E7DC002915DC11F1160F49
:1011700019DB193122F0FF4242EAC15207EE902AF0
:101180009FED120A27EE800A7047DFED117A07EE15
:10119000103A27EE270A704722F0FF4242EAC15375
:1011A00000EE103A7047002BDFED097A9FED080A38
:1011B000B8BFDFED087A27EE800A70470000004CC8
:1011C000B03CFFFFCAF24971CAF249F10000003396
:1011D0006042A20D6042A28D10EE102AC2F3C753E6
:1011E0007F3B162B22F000411BDC002B10461EDB40
:1011F0001A4919410A4223D0DFED197A70EE277A95
:10120000F5EEC07AF1EE10FA1ADD002A04DA4FF496
:10121000000242FA03F3184420EA010300EE103AF8
:101220007047B1F1FF4F0BD330EE000A7047DFED8E
:101230000C7A70EE277AF5EEC07AF1EE10FA00DC47
:101240007047002A02DB9FED070A704711B99FED36
:10125000060A7047BFEE000AF2E700BFFFFF7F00FB
:10126000CAF249710000000000000080F8B500BF1C
:10127000F8BC08BC9E467047F8B500BFF8BC08BC77
:041280009E467047CF
:101288000000000500000000AD550A19CB1A00083F
:10129800291A0008351A0008000000006D1A000815
:1012A800491A00084D1A0008000000000000803F9D
:1012B8000000000000000000000020410000204164
:1012C8000000803F000020410000C84200000000EC
:1012D80000000000000020410000A0400000803F06
:1012E8000000204100000000000000400000000055
:1012F800000040400000C8420000803F0000C84293
:1013080000000000000000000000804000002041B4
:101318000000C8420000803E0000C8420000204192
:101328000000000000000000000020410000C8424A
:101338000000803F000040404D4541535552454D07
:10134800454E54004D4541535552454D454E545F09
:101358004D4F54494F4E5F56325F444D415F5031B7
:10136800004944455F574F524B545245455F554ECF
:10137800545241434B4544005350495F444D415FEB
:10138800424C4F434B494E475F575241505045528C
:101398005F563100554E4B4E4F574E5F434F4E46AA
:1013A80049475F474154455F524553554C54004E99
:1013B8004F4E4500434F4E4649475F524541445FB3
:1013C8004641494C4544005354415455535F4E4F90
:1013D800545F434C45414E00554E45585045435483
:1013E80045445F4E4F4E5A45524F5F434F52524508
:1013F8004354494F4E5F5441424C4500455850456F
:10140800435445445F434F4E4649475F50524F4609
:10141800494C455F4D495353494E47005A45524F31
:101428005F4D49534D41544348004449525F4D492B
:10143800534D415443480046494C545F4D49534D20
:1014480041544348005354415455535F4D49534DFB
:1014580041544348005052545F4D49534D41544301
:101468004800524D415049445F4D49534D41544302
:101478004800434F5252454354494F4E5F435243ED
:101488005F4D49534D41544348002D004D4136307E
:101498003020616E676C65207472616E73706F7254
:1014A800743D25730D0A004255494C445F4D414E29
:1014B80049464553542C4170704D6F64653D257302
:1014C8002C41707050726F66696C653D25732C4DA8
:1014D80043553D53544D3332463430355247547892
:1014E8002C536F7572636549643D25732C50726F78
:1014F80066696C6546696E6765727072696E743D7F
:1015080030782530386C582C53797374656D436C7A
:101518006F636B487A3D256C752C5472616E7370DD
:101528006F72743D25730D0A004D413630302069C5
:10153800646C65206163717569736974696F6E2085
:101548006661696C656420726573756C743D2564A9
:1015580020617474656D7074733D257520666C61C7
:1015680067733D3078253032580D0A004D413630CA
:1015780030207261773D257520616E676C653D2569
:101588006C752E2530326C75206465672053746144
:1015980074757356616C69643D2564204E564D42DE
:1015A8003D2564204552524352433D25642045520F
:1015B800524D454D3D2564204552525041523D25DE
:1015C800640D0A004D41363030206E6F6973652016
:1015D800286C61737420256473293A205032503D79
:1015E800256C752E2530326C7564656720537464DC
:1015F8004465763D256C752E2530326C75646567BB
:101608002044726966743D2573256C752E25303229
:101618006C75646567204D6178537465703D256C01
:10162800752E2530326C75646567204E3D256C75C6
:101638002076616C69643D25640D0A006465666105
:10164800756C745461736B00575241505045445F38
:101658005049445F534C45575F563200554E4B4EE8
:101668004F574E00554E4B4E4F574E5F4A49470015
:1016780041756720203520323032362031363A32F3
:10168800343A3134006A69676D6F746F722D6E6C0D
:101698003200434F4E4649472C5265636F72645679
:1016A800657273696F6E3D312C47617465506F6C5C
:1016B8006963793D504F4C4943595F415F4C4F43F3
:1016C8004B45445F56312C436F6E666967436F6EB6
:1016D800746578743D25732C4669726D77617265FF
:1016E8003D25732C4275696C6449443D25732C4D26
:1016F80043555F5549443D2530386C582530386C82
:10170800582530386C582C4A696749443D25732C54
:101718004A69674B6E6F776E3D25642C436F6E6622
:1017280069674761746553656C66546573743D31C8
:101738002C506F696E7453616D706C657253656C73
:1017480066546573743D312C4578706563746564BF
:1017580043616C6962726174696F6E537461746518
:101768003D5A45524F5F5441424C452C436F6E667B
:1017780069675265616456616C69643D25642C43F0
:101788006F6E66696756616C69643D25642C506F9D
:101798006C69637941476174655061737365643D31
:1017A80025642C41756469744669656C64734C6F73
:1017B800636B65643D312C4578706563746564506E
:1017C800726F66696C65466F756E643D25642C5250
:1017D800656A656374526561736F6E3D25732C503D
:1017E8006F6C696379414279706173734F76657282
:1017F800726964653D25642C457870656374656419
:101808005A65726F3D3078253034582C45787065AC
:10181800637465644469723D3078253032582C45CC
:101828007870656374656446696C743D30782530FA
:1018380032582C45787065637465645374617475A7
:10184800733D3078253032582C457870656374655F
:10185800645072743D3078253032582C4578706564
:1018680063746564526D617049643D307825303227
:10187800582C4578706563746564436F727243527F
:101888004333323D30782530386C582C5A65726FA6
:101898003D3078253034582C4469723D30782530F5
:1018A80032582C46696C743D3078253032582C53A8
:1018B80074617475733D3078253032582C507274C9
:1018C8003D3078253032582C526D617049643D3076
:1018D80078253032582C436F72724E6F6E5A65728B
:1018E8006F436F756E743D25752C436F727243524A
:1018F8004333323D30782530386C580D0A004D6F2F
:10190800746F72204552524F523A20452564202860
:101918004D4136303020636F6E66696720676174A9
:10192800652072656A65637465643A2025732921A8
:101938000D0A002D256C642E25302A6C64004F5248
:101948004445525F4E4F545F434F4D5055544544A4
:10195800004F524445525F41424F56455F4E5951E0
:101968005549535400524154494F5F4F55545F4FA6
:10197800465F52414E4745002D256C642E25303276
:101988006C640043435700505245434F4E444954FA
:10199800494F4E004E41004F4646494349414C008D
:1019A800455854454E444544004241534500444936
:1019B8005341424C454400256C75002564004D4553
:1019C80054412C536368656D6156657273696F6E17
:1019D8003D25642C4669726D776172653D25732CCF
:1019E8004275696C6449443D25732C4D43555F55D8
:1019F80049443D2530386C582530386C58253038E6
:101A08006C582C436F756E74657253636F70653DC7
:101A1800424F4F542C4A696749443D25732C4A6903
:101A2800674B6E6F776E3D25642C4D6F746F7249EE
:101A3800443D25732C4D6F746F724944536F757212
:101A480063653D25732C4D6F746F72494456616C04
:101A580069643D25642C4D6F746F72506F6C6543DB
:101A68006F756E743D25752C4D6F746F72506F6C69
:101A78006550616972733D25752C456C6563747298
:101A88006963616C526970706C654D756C746970CE
:101A98006C653D25752C456C656374726963616C72
:101AA800526970706C654F726465723D25752C546F
:101AB80065737449443D256C752C53776565704989
:101AC800443D256C752C446972656374696F6E3D7D
:101AD80025732C4D6561737572656D656E74506FF5
:101AE8006C6963793D25732C4D6561737572656DFD
:101AF800656E74446566696E6974696F6E3D2573B9
:101B08002C416363657074616E63654D6F64653DF8
:101B180025732C4F6666696369616C526573756CD1
:101B280074536F757263653D4C45474143592C5357
:101B38006861646F7743616E6F6E6963616C456E4F
:101B480061626C65643D25642C536861646F7743FA
:101B58006F6E747261637456657273696F6E3D253A
:101B6800732C536861646F774F6666696369616C4B
:101B78003D302C436C6F7375726550726F626545AA
:101B88006E61626C65643D25642C436C6F7375727D
:101B98006550726F626550726F746F636F6C3D252C
:101BA800732C436C6F7375726550726F62654F6604
:101BB80066696369616C3D302C417070726F616356
:101BC8006850726F746F636F6C3D25732C41707031
:101BD800726F6163685374727563747572616C5661
:101BE800616C69643D25732C52616D70536F667426
:101BF800537461727450726F746F636F6C3D2573A8
:101C08002C52616D70536F667453746172744465BD
:101C18006C61794D733D25732C506861736552650D
:101C2800666572656E63653D537765657050726F62
:101C380067726573732C537465705261773D2564C0
:101C48002C4578706563746564416E616C7973695D
:101C580073506F696E74733D25642C43617074759D
:101C6800726564506F696E74733D25642C416E61B2
:101C78006C79736973506F696E74733D25642C4D6C
:101C88006561737572656D656E7456616C69643DE6
:101C980025642C547261636B696E6756616C696464
:101CA8003D25642C547261636B696E67526D734C89
:101CB800696D69744465673D31352E302C54726105
:101CC800636B696E674D61784C696D6974446567CB
:101CD8003D33302E302C4163717569736974696FB7
:101CE8006E526573756C743D25732C416371526532
:101CF8006164417474656D7074733D256C752C4115
:101D08006371526574726965733D256C752C416306
:101D1800715472616E73706F72744572726F727300
:101D28003D256C752C4163714A756D7052656A6505
:101D38006374733D256C752C4163714661696C65EC
:101D48006453616D706C65733D256C752C436F6EC3
:101D580074696E756F75735377656570436F6E74CC
:101D68006578743D25732C436F6E7465787452657D
:101D780061637175697265436F756E743D256C7525
:101D88002C52616D70466565646261636B456E6176
:101D9800626C65643D312C536574746C65436F6E79
:101DA80074726163743D25732C536574746C655348
:101DB800746162696C6974794C696D697452617790
:101DC8003D256C642C536574746C65546172676549
:101DD80074546F6C6572616E63655261773D256CF2
:101DE800642C536574746C65506F696E74733D250B
:101DF800642C536574746C6553746162696C69749E
:101E08007956616C69643D25642C536574746C65FE
:101E180054617267657450726F78696D6974795628
:101E2800616C69643D25642C536574746C655661F6
:101E38006C69643D25642C53746172745261773DFA
:101E480025752C5374617274416E676C65446567BF
:101E58003D25732C416E616C79736973537461729B
:101E6800745261773D25752C436F6E74726F6C6C7C
:101E780065725374617465506F6C6963793D25733D
:101E88002C436F6E74726F6C6C65725265736574F7
:101E98004170706C6965643D25642C436F6E747283
:101EA8006F6C6C65725265736574537461746556B2
:101EB800616C69643D25642C486F6D655265737566
:101EC8006C743D25732C486F6D6544757261746937
:101ED8006F6E4D733D256C752C486F6D655570643C
:101EE800617465436F756E743D256C752C42617421
:101EF800636849443D256C752C4379636C654F7262
:101F08006465723D256C752C52756E4F72646572EE
:101F18003D256C752C426174636852756E436F750C
:101F28006E743D256C752C507265636F6E646974B0
:101F3800696F6E50726F746F636F6C3D25732C52AE
:101F4800756E526F6C653D25732C456C69676962C7
:101F58006C65466F72537461746973746963733D19
:101F680025642C507265636F6E646974696F6E5670
:101F7800616C69643D25732C546865726D616C50A1
:101F8800726F746F636F6C3D25732C46697273743E
:101F980052756E496E42617463683D25642C4D6FBD
:101FA800746F724163746976654475726174696FA0
:101FB8006E4D733D256C752C436F6F6C646F776E37
:101FC8005461726765744D733D25732C436F6F6C54
:101FD800646F776E41637475616C4D733D25732C26
:101FE800436F6F6C646F776E56616C69643D2573DF
:101FF8002C54696D6553696E636550726576696FB7
:10200800757352756E4D733D25730D0A00434F4F1E
:102018004C444F574E5F313230535F5631004F4E6C
:10202800455F46554C4C5F53574545505F313230FC
:10203800535F56315F46415354330052455345541C
:102048005F4245464F52455F454143485F484F4DC3
:10205800455F56310053544142494C4954595F41F8
:102068004E445F5441524745545F563100535745DB
:1020780045505F434F4E544558545F5631005343C3
:10208800555256455F43575F505245524F4C4C5F2F
:102098004C4F43414C5F524556455253414C5F4368
:1020A8004F4E54524F4C5F563100434C4F5355528C
:1020B800455F484F4C445F56310043414E4F4E49AF
:1020C80043414C5F5131365F314445473336305FC9
:1020D8005632005245504F52545F4F4E4C5900579C
:1020E800484F4C455F53595354454D5F434F4D4DF1
:1020F800414E445F545241434B494E470057484F65
:102108004C455F53595354454D5F5245504F5254B7
:102118005F4F4E4C595F563100554E53455400475A
:102128005249442C536368656D6156657273696FD3
:102138006E3D25642C5465737449443D256C752C9B
:10214800537765657049443D256C752C50726F74E2
:102158006F636F6C3D25732C4E6F6D696E616C53A8
:102168007465704465673D312E30303030302C5006
:102178006F696E74735065725265763D25752C5281
:102188006177537465704D696E3D25752C52617782
:10219800537465704D61783D25752C54617267657F
:1021A8007452756C653D524F554E445F494E4445D7
:1021B800585F54494D45535F36353533365F44498A
:1021C800565F3336300D0A00554E49464F524D5F23
:1021D800315F4445475F524F554E4445445F524135
:1021E800575F5631004D4F54494F4E5F50524F463E
:1021F800494C452C536368656D6156657273696F08
:102208006E3D25642C5465737449443D256C752CCA
:10221800537765657049443D256C752C4A69674953
:10222800443D25732C4D6F746F7249443D25732CC2
:10223800446972656374696F6E3D25732C50726FC3
:1022480066696C653D25732C486F6D65436F6E74C8
:10225800726F6C6C65723D25732C46696E616C54A7
:1022680061726765744D6F64653D4F50454E5F4CB4
:102278004F4F505F554E4348414E4745442C4361AC
:1022880070747572654D6F64653D5354415449438C
:102298005F41465445525F534554544C452C54694C
:1022A800636B4D733D25752C436F6D6D616E647363
:1022B8005065724465677265653D25752C506F776A
:1022C80065723D312E3030302C4C6F636B44757223
:1022D8006174696F6E4D733D256C752C4C6F636B23
:1022E800436F6D6D616E64733D256C752C4C6F6327
:1022F8006B54696D696E674F76657272756E733D62
:10230800256C752C52616D705365676D656E7473BD
:102318003D256C752C52616D70436F6D6D616E64F7
:10232800733D256C752C52616D7054696D696E67CB
:102338004F76657272756E733D256C752C4D61789C
:102348004C6174656E6573735469636B733D256C7A
:10235800752C4F627365727665644261636B747243
:1023680061636B733D256C752C4D61784F627365A5
:10237800727665644261636B747261636B526177F4
:102388003D256C750D0A0053435552564534305F50
:102398004142534F4C5554455F5449434B5F563265
:1023A8000053574545505F43524545505F434F4E94
:1023B8004649472C536368656D6156657273696F4A
:1023C8006E3D362C5465737449443D256C752C5309
:1023D8007765657049443D256C752C4A69674944A1
:1023E8003D25732C4D6F746F7249443D25732C4401
:1023F8006972656374696F6E3D25732C4F666669F3
:102408006369616C3D302C456E61626C65643D3179
:102418002C50726F746F636F6C3D25732C53656C11
:10242800656374696F6E52756C653D4142535F49CF
:102438004E495449414C5F4741505F47545F54529D
:1024480049474745522C54726967676572526177EC
:102458003D256C642C4261736542756467657452EE
:1024680061773D256C642C426173654D61784974D0
:1024780065726174696F6E733D256C752C4578744F
:10248800656E6465644275646765745261773D255D
:102498006C642C457874656E6465644D6178497424
:1024A80065726174696F6E733D256C752C53746524
:1024B800705261773D25752C4465616462616E6474
:1024C8005261773D25752C506F7765723D312E30FE
:1024D80030302C54617267657443726F7373696E20
:1024E8006747756172643D25732C5265636F766525
:1024F800727950726F746F636F6C3D25732C5265DF
:10250800636F766572794275646765745261773D69
:10251800256C642C5265636F766572794D617849D4
:102528007465726174696F6E733D256C752C4669AC
:102538006E654C616E64696E6750726F746F636F1D
:102548006C3D25732C46696E6554617267657450DD
:102558006F696E743D25752C46696E65456E74729B
:10256800795261773D25752C46696E65537465709F
:102578005261773D25752C46696E654D61784974C1
:1025880065726174696F6E733D256C752C4A756D43
:10259800705468726573686F6C645261773D257515
:1025A8002C46696E655265636F766572794275640B
:1025B8006765745261773D256C642C46696E655277
:1025C80065636F766572794D617849746572617477
:1025D800696F6E733D256C752C5472616365436138
:1025E8007061636974793D25750D0A00504F494E35
:1025F8005436365F46494E455F53544550345F4A1A
:10260800554D505F47554152445F563100504F4930
:102618004E5436365F46494E455F53494E474C4502
:102628005F524556455253414C5F56310053544F03
:10263800505F4245464F52455F4E4558545F434FA1
:102648004D4D414E445F5631004144415054495626
:10265800455F4741505F4255444745545F504F4995
:102668004E5436365F46494E455F4C414E44494EBE
:10267800475F563100434F4E54524F4C5F535441BD
:1026880054452C536368656D6156657273696F6E46
:102698003D25642C5465737449443D256C752C5351
:1026A8007765657049443D256C752C4A69674944CE
:1026B8003D25732C4D6F746F7249443D25732C442E
:1026C8006972656374696F6E3D25732C506F6C6910
:1026D80063793D25732C52657365744170706C691C
:1026E80065643D25642C5265736574537461746523
:1026F80056616C69643D25642C4265666F72654954
:102708006E74656772616C5465726D3D25732C42F9
:1027180065666F72654C6173744572726F72446559
:10272800673D25732C4265666F7265436F6D6D61F9
:102738006E645261773D25732C4265666F726546FB
:10274800696C7465726564446572697661746976EA
:10275800653D25732C4265666F72654C6173744FD5
:102768007574707574537465705261773D25732C58
:102778004265666F7265466565646261636B496E42
:10278800697469616C697A65643D25642C42656683
:102798006F7265466565646261636B41636365700A
:1027A8007465643D256C752C4265666F72654F755E
:1027B80074707574456C656374726963616C506F8D
:1027C800736974696F6E5261773D25752C42656631
:1027D8006F72654F7574707574506F7765723D25AB
:1027E800732C4265666F72654F7574707574456EAB
:1027F80061626C65643D25642C4166746572496E3E
:1028080074656772616C5465726D3D25732C416601
:102818007465724C6173744572726F724465673D7A
:1028280025732C4166746572436F6D6D616E6452D9
:1028380061773D25732C416674657246696C7465D1
:10284800726564446572697661746976653D25735D
:102858002C41667465724C6173744F75747075742D
:10286800537465705261773D25732C4166746572A7
:10287800466565646261636B496E697469616C6918
:102888007A65643D25642C416674657246656564A5
:102898006261636B41636365707465643D256C7543
:1028A8002C41667465724F7574707574456C6563F8
:1028B80074726963616C506F736974696F6E526189
:1028C800773D25752C41667465724F757470757403
:1028D800506F7765723D25732C41667465724F752C
:1028E80074707574456E61626C65643D25642C482E
:1028F8006F6D65526573756C743D25732C486F6DEB
:10290800654475726174696F6E4D733D256C752CE5
:10291800486F6D65557064617465436F756E743D7D
:10292800256C752C486F6D65496E697469616C45D5
:1029380072726F724465673D25732C486F6D6546EA
:10294800696E616C4572726F724465673D25732CC0
:10295800486F6D65496E697469616C436F6D6D612F
:102968006E645261773D256C642C486F6D654669CD
:102978006E616C436F6D6D616E645261773D256C5D
:10298800640D0A00534841444F575F4D4554412C4C
:10299800536368656D6156657273696F6E3D256432
:1029A8002C5465737449443D256C752C53776565C3
:1029B8007049443D256C752C4A696749443D257327
:1029C8002C4D6F746F7249443D25732C4F666669B0
:1029D8006369616C3D302C436F6E74726163745629
:1029E800657273696F6E3D25732C5369676E6564F4
:1029F800436F6E76656E74696F6E3D25732C5265F4
:102A0800666572656E6365446566696E6974696F4B
:102A18006E3D25732C43616E6F6E6963616C4D6505
:102A2800616E536F757263653D25732C4D61644605
:102A3800696C746572696E67456E61626C65643D48
:102A4800302C54696D696E674D6F64653D42414332
:102A58004B5F544F5F4241434B2C5265717569720D
:102A68006564416363657074656453616D706C651A
:102A7800733D25752C4D61785472616E7361637472
:102A8800696F6E733D25752C4D6178436F6E736564
:102A98006375746976654661696C757265733D2501
:102AA800752C4D6178456C617073656455733D256F
:102AB8006C752C4D61784A756D705261773D256C47
:102AC800640D0A00414C4C5F544945523100504F47
:102AD800494E54305F43414E4F4E4943414C5F4D40
:102AE80045414E004D454153555245445F4D494E71
:102AF80055535F54415247455400444154412C2595
:102B0800642C256C752C256C752C25732C25732C41
:102B180025732C25642C25752C25752C25732C25BF
:102B2800730D0A004143512C25642C256C752C2506
:102B38006C752C25732C25642C256C752C25752C0F
:102B480025752C3078253032580D0A004D4F5449E0
:102B58004F4E2C536368656D6156657273696F6E6D
:102B68003D25642C5465737449443D256C752C537C
:102B78007765657049443D256C752C4A69674944F9
:102B88003D25732C4D6F746F7249443D25732C4459
:102B98006972656374696F6E3D25732C506F696E39
:102BA800743D25642C52616D704163636570746572
:102BB8006453616D706C65733D25752C5365747431
:102BC8006C65526573756C743D25732C5374616222
:102BD800696C69747956616C69643D25642C54612B
:102BE8007267657450726F78696D69747956616C33
:102BF80069643D25642C536574746C6556616C6911
:102C0800643D25642C506F736974696F6E457272E8
:102C18006F725261773D25732C506F736974696FB9
:102C28006E4572726F724465673D25732C506F6CE8
:102C38006C436F756E743D25750D0A005348414409
:102C48004F575F444154412C25642C256C752C2525
:102C58006C752C25732C25732C25732C25642C2539
:102C6800732C25732C25730D0A00534841444F5784
:102C78005F4143512C25642C256C752C256C752CD3
:102C880025732C25642C256C752C256C752C2575C5
:102C98002C25752C25752C25752C25752C25730D43
:102CA8000A0053574545505F43524545505F504FC2
:102CB800494E542C536368656D6156657273696F2C
:102CC8006E3D362C5465737449443D256C752C5300
:102CD8007765657049443D256C752C4A6967494498
:102CE8003D25732C4D6F746F7249443D25732C44F8
:102CF8006972656374696F6E3D25732C506F696ED8
:102D0800743D25642C4F6666696369616C3D302C9F
:102D1800496E697469616C4761705261773D2573CA
:102D28002C496E697469616C4162734761705261C4
:102D3800773D25732C427564676574436C617373C2
:102D48003D25732C53656C656374656442756467CF
:102D580065745261773D25732C53656C65637465A2
:102D6800644D6178497465726174696F6E733D254D
:102D78006C752C497465726174696F6E733D257545
:102D88002C546F74616C436F7272656374696F6EF3
:102D98005261773D25732C50726543726F73734788
:102DA80061705261773D25732C43726F7373696E3E
:102DB800674761705261773D25732C5265636F7662
:102DC800657279417474656D707465643D25642C11
:102DD8005265636F7665727953756363656564657B
:102DE800643D25642C5265636F7665727949746514
:102DF800726174696F6E733D25752C5265636F76C9
:102E0800657279436F7272656374696F6E52617728
:102E18003D25732C46696E654C616E64696E674129
:102E28007474656D707465643D25642C46696E65BF
:102E38004C616E64696E6753756363656564656448
:102E48003D25642C46696E65497465726174696FC5
:102E58006E733D25752C46696E65436F72726563A6
:102E680074696F6E5261773D25732C537469636B77
:102E7800536C69704A756D704465746563746564F4
:102E88003D25642C4D61784F627365727665645395
:102E980074657044656C74615261773D25732C5478
:102EA80072616365436F756E743D25752C46696E56
:102EB800616C4761705261773D25732C526573755B
:102EC8006C743D25730D0A0053574545505F4352B6
:102ED8004545505F535445502C536368656D6156A2
:102EE800657273696F6E3D312C5465737449443D46
:102EF800256C752C537765657049443D256C752C98
:102F08004A696749443D25732C4D6F746F72494473
:102F18003D25732C446972656374696F6E3D257332
:102F28002C506F696E743D25752C4F666669636910
:102F3800616C3D302C537465704F726465723D2529
:102F48006C752C497465726174696F6E3D256C757A
:102F58002C50686173653D25732C436F6D6D616EF0
:102F680064537465705261773D256C642C476170B9
:102F78004265666F72655261773D25732C4F6273A7
:102F8800657276656444656C74615261773D25733A
:102F98002C47617041667465725261773D25732CC8
:102FA800537469636B536C69704A756D70446574CA
:102FB80065637465643D25640D0A004D4F54494F9F
:102FC8004E5F524553554C542C536368656D61569A
:102FD800657273696F6E3D25642C5465737449443A
:102FE8003D256C752C537765657049443D256C7596
:102FF8002C4A696749443D25732C4D6F746F72499B
:10300800443D25732C446972656374696F6E3D2570
:10301800732C436F6E747261637456657273696F53
:103028006E3D25732C436F6E74696E756F7573539F
:1030380077656570436F6E746578743D25732C43AE
:103048006F6E7465787452656163717569726543F2
:103058006F756E743D256C752C436F6E746578744E
:1030680052656164417474656D7074733D256C7547
:103078002C436F6E7465787441636365707465641E
:1030880053616D706C65733D256C752C436F6E7460
:10309800657874526574726965733D256C752C4347
:1030A8006F6E746578745472616E73706F72744564
:1030B80072726F72733D256C752C436F6E746578F0
:1030C800744A756D7052656A656374733D256C75D5
:1030D8002C436F6E746578744661696C65645361DE
:1030E8006D706C65733D256C752C52616D70526501
:1030F8006164417474656D7074733D256C752C52F0
:10310800616D70416363657074656453616D706C63
:1031180065733D256C752C52616D705265747269CA
:1031280065733D256C752C52616D705472616E73B8
:10313800706F72744572726F72733D256C752C5284
:10314800616D704A756D7052656A656374733D256B
:103158006C752C52616D704661696C656453616D64
:10316800706C65733D256C752C536574746C655271
:10317800656164417474656D7074733D256C752C5C
:10318800536574746C6541636365707465645361F9
:103198006D706C65733D256C752C536574746C6526
:1031A800526574726965733D256C752C536574742A
:1031B8006C655472616E73706F72744572726F725F
:1031C800733D256C752C536574746C654A756D7008
:1031D80052656A656374733D256C752C5365747408
:1031E8006C654661696C656453616D706C65733DAF
:1031F800256C752C536574746C65506F696E7473A7
:103208003D25642C53746162696C69747956616CEC
:103218006964506F696E74733D25642C54617267DC
:10322800657450726F78696D69747956616C6964F8
:10323800506F696E74733D25642C536574746C65A6
:1032480056616C6964506F696E74733D25642C53C4
:103258006574746C6554696D656F7574506F696ECB
:1032680074733D25642C536574746C6557726F6E66
:1032780067506F736974696F6E506F696E74733DD0
:1032880025642C536574746C6553746162696C6948
:10329800747956616C69643D25642C536574746C4B
:1032A8006554617267657450726F78696D69747975
:1032B80056616C69643D25642C536574746C65565D
:1032C800616C69643D25642C4D6178416273536576
:1032D80074746C65506F736974696F6E4572726F40
:1032E800725261773D25732C4D6178416273536545
:1032F80074746C65506F736974696F6E4572726F20
:10330800724465673D25730D0A00524553554C5468
:103318002C536368656D6156657273696F6E3D25E0
:10332800642C5465737449443D256C752C5377653A
:10333800657049443D256C752C4A696749443D25AB
:10334800732C4D6F746F7249443D25732C44697218
:10335800656374696F6E3D25732C43617074757273
:103368006564506F696E74733D25642C416E616CA1
:1033780079736973506F696E74733D25642C4D655C
:10338800616E44433D25732C524D535F41433D25A7
:10339800732C41313D25732C41323D25732C41332B
:1033A8003D25732C41363D25732C41393D25732C21
:1033B8004131323D25732C4131383D25732C413242
:1033C800373D25732C4133363D25732C4134353D2B
:1033D80025732C4137323D25732C413130383D253A
:1033E800732C48315F506861736553776565704425
:1033F80065673D25732C48325F5068617365537764
:103408006565704465673D25732C48335F50686176
:10341800736553776565704465673D25732C483639
:103428005F506861736553776565704465673D25CE
:10343800732C48395F5068617365537765657044CC
:1034480065673D25732C4831325F50686173655359
:10345800776565704465673D25732C4831385F5042
:103468006861736553776565704465673D25732C9E
:103478004832375F50686173655377656570446596
:10348800673D25732C4833365F5068617365537701
:103498006565704465673D25732C4834355F506811
:1034A80061736553776565704465673D25732C487E
:1034B80037325F5068617365537765657044656737
:1034C8003D25732C483130385F50686173655377F8
:1034D8006565704465673D25732C41343D25732C23
:1034E80048345F50686173655377656570446567F4
:1034F8003D25732C41383D25732C48385F50686151
:10350800736553776565704465673D25732C4D6F0A
:10351800746F72506F6C65436F756E743D25752CB2
:103528004D6F746F72506F6C6550616972733D2591
:10353800752C456C656374726963616C526970704F
:103548006C654D756C7469706C653D25752C456CA2
:10355800656374726963616C526970706C654F72EF
:103568006465723D25752C41456C656374726963A9
:10357800616C363D25732C456C65637472696361B3
:103588006C365F506861736553776565704465672D
:103598003D25732C456C656374726963616C52696F
:1035A80070706C6556616C69643D25642C50686167
:1035B800736556616C69644D61736B3D3078253075
:1035C80034582C446F6D696E616E7453656C656315
:1035D8007465644F726465723D25752C446F6D691E
:1035E8006E616E7453656C6563746564416D706C6F
:1035F80069747564653D25732C446F6D696E616EE1
:103608007453656C6563746564456E657267795259
:103618006174696F3D25732C4C65676163794D6FE3
:1036280064656C49643D48534554365F56312C4CAB
:1036380065676163794F72646572733D317C327C72
:10364800337C367C31327C31382C4C656761637948
:103658004D6F64656C56616C69643D25642C5265D8
:1036680073696475616C5F524D535F48363D2573CD
:103678002C526573696475616C5F524D535F4833B2
:10368800363D25732C526573696475616C5F524DC4
:10369800535F46756C6C3D25732C4669747465647C
:1036A8005F5032503D25732C4669744578706C61C3
:1036B800696E6564526174696F3D25732C45787431
:1036C800656E6465644D6F64656C49643D48534537
:1036D8005431325F56312C457874656E6465644F99
:1036E80072646572733D317C327C337C367C397C04
:1036F80031327C31387C32377C33367C34357C3718
:10370800327C3130382C457874656E6465644D6F51
:1037180064656C56616C69643D25642C52657369F7
:103728006475616C5F524D535F457874656E64656E
:10373800643D25732C4669747465645F5032505F2C
:10374800457874656E6465643D25732C46697445D7
:1037580078706C61696E6564526174696F5F4578F1
:1037680074656E6465643D25732C4D6F746F725F6C
:103778004572726F725F5032505F4465673D2573C2
:103788002C4D6F746F725F53797374656D5F494E1A
:103798004C5F4465673D25732C43726573744661BD
:1037A80063746F723D25732C5039395F41627344DD
:1037B8006576696174696F6E3D25732C5472616317
:1037C8006B696E6756616C69643D25642C5472613F
:1037D800636B696E674572726F725F524D535F44D7
:1037E80065673D25732C547261636B696E6745721A
:1037F800726F725F4D61784162735F4465673D2502
:10380800732C46656174757265436F6D7075746568
:1038180054696D654D733D256C750D0A005348411B
:10382800444F575F524553554C542C536368656D4C
:103838006156657273696F6E3D25642C54657374A7
:1038480049443D256C752C537765657049443D2581
:103858006C752C4A696749443D25732C4D6F746F0C
:103868007249443D25732C4F6666696369616C3DF6
:10387800302C436F6E747261637456657273696F2E
:103888006E3D25732C56616C69643D25642C416E30
:10389800616C79736973506F696E74733D25642C1C
:1038A8004D65616E44433D25732C524D535F414332
:1038B8003D25732C4133363D25732C5032503D2520
:1038C800732C506F696E74304D65616E526177511B
:1038D80031363D25732C4572726F723052617751C3
:1038E80031363D25732C436C6F7375726545727262
:1038F8006F725261775131363D25732C436C6F736B
:103908007572654572726F724465673D25732C4305
:103918006C6F737572654C696D69744465673D3089
:103928002E32303030302C436C6F737572655661AF
:103938006C69643D25642C4C65676163794D696EDB
:10394800757343616E6F6E6963616C524D533D25AB
:10395800732C4C65676163794D696E757343616E4D
:103968006F6E6963616C4133363D25732C41747405
:10397800656D70746564506F696E74733D25642C51
:103988004361707475726564506F696E74733D2518
:10399800642C5472616E73616374696F6E733D2534
:1039A8006C752C416363657074656453616D706CEC
:1039B80065733D256C752C5370694661696C757229
:1039C80065733D256C752C4A756D7052656A656323
:1039D80074733D256C752C4D65746164617461491F
:1039E8006E76616C69643D256C752C4661696C6501
:1039F80064506F696E74733D256C752C536B6970D8
:103A0800706564536C6F74733D256C752C54696DC7
:103A1800696E674F76657272756E733D256C752C8D
:103A28004D617841627354696D696E674572726F52
:103A3800724379636C65733D256C752C4D617843D1
:103A48006F6E73656375746976654661696C7572C6
:103A580065734F627365727665643D256C752C4697
:103A6800656174757265436F6D7075746554696DC1
:103A7800654D733D256C752C417070726F6163687C
:103A880050726F746F636F6C3D25732C4170707248
:103A98006F6163685374727563747572616C566193
:103AA8006C69643D25730D0A00534841444F575FC4
:103AB8004D41442C536368656D6156657273696F37
:103AC8006E3D25642C5465737449443D256C752CF2
:103AD800537765657049443D256C752C4A6967497B
:103AE800443D25732C4D6F746F7249443D25732CEA
:103AF800446972656374696F6E3D25732C4F666601
:103B0800696369616C3D302C506F696E74496E64ED
:103B180065783D25642C436F6D70757465643D252B
:103B2800642C43616E646964617465436F756E7477
:103B38003D256C752C52656A6563746564436F75C1
:103B48006E743D256C752C526F62757374436F7576
:103B58006E743D256C752C52656A656374466C6F8E
:103B68006F7252656C5261773D256C642C506F6999
:103B78006E744D65616E5261775131363D25732CF7
:103B88004D616446696C74657265644D65616E5219
:103B980061775131363D25732C44656C74615261EF
:103BA800775131363D25730D0A00434C4F5355521A
:103BB800455F50524F42452C536368656D615665A9
:103BC8007273696F6E3D25642C5465737449443D66
:103BD800256C752C537765657049443D256C752CAB
:103BE8004A696749443D25732C4D6F746F72494487
:103BF8003D25732C446972656374696F6E3D257346
:103C08002C4F6666696369616C3D302C50726F7425
:103C18006F636F6C3D25732C53746167653D257325
:103C28002C506F696E743D25752C436F6D6D616EF8
:103C3800645261773D256C642C506F7765723D3115
:103C48002E30303030302C4E6F6D696E616C486F9D
:103C58006C644D733D256C752C4361707475726589
:103C68005374617274456C61707365644D733D255E
:103C78006C752C43617074757265456E64456C6132
:103C8800707365644D733D256C752C506F696E7447
:103C98004D65616E5261775131363D25732C436C09
:103CA8006F737572654572726F72526177513136F2
:103CB8003D25732C436C6F737572654572726F7214
:103CC8004465673D25732C57696E646F7750325091
:103CD8005261773D25732C57696E646F7750325067
:103CE8004465673D25732C57696E646F7744726924
:103CF80066745261773D25732C57696E646F7744FB
:103D0800726966744465673D25732C5472616E73DD
:103D1800616374696F6E733D256C752C41636365CF
:103D28007074656453616D706C65733D256C752C9A
:103D38005370694661696C757265733D256C752CA5
:103D48004A756D7052656A656374733D256C752C90
:103D58004D65746164617461496E76616C69643D36
:103D6800256C752C536B6970706564536C6F747334
:103D78003D256C752C54696D696E674F7665727256
:103D8800756E733D256C752C4D6178436F6E736548
:103D98006375746976654661696C757265734F629F
:103DA8007365727665643D256C752C416371756920
:103DB800736974696F6E526573756C743D25732CE5
:103DC80056616C69643D25640D0A00434C4F535598
:103DD80052455F50524F42455F524553554C542C03
:103DE800536368656D6156657273696F6E3D2564CE
:103DF8002C5465737449443D256C752C537765655F
:103E08007049443D256C752C4A696749443D2573C2
:103E18002C4D6F746F7249443D25732C446972654B
:103E28006374696F6E3D25732C4F666669636961BB
:103E38006C3D302C50726F746F636F6C3D25732C22
:103E4800456E61626C65643D25642C5374617274BF
:103E580065643D25642C436F6D706C6574653D2504
:103E6800642C457870656374656453746167657321
:103E78003D25752C417474656D7074656453746167
:103E88006765733D256C752C56616C696453746164
:103E98006765733D256C752C506F73745475726E1D
:103EA80054696D696E67436F6D70617261626C65AC
:103EB8003D25642C4163717569736974696F6E522D
:103EC8006573756C743D25732C5374617475733DFB
:103ED80025730D0A00415050524F4143485F5245E7
:103EE80053554C542C536368656D615665727369FC
:103EF8006F6E3D25642C5465737449443D256C757B
:103F08002C537765657049443D256C752C4A696763
:103F180049443D25732C4D6F746F7249443D257398
:103F28002C446972656374696F6E3D25732C4F6606
:103F380066696369616C3D302C50726F746F636F92
:103F48006C3D25732C417070726F616368506174A9
:103F5800683D43575F4343575F43572C5265766527
:103F68007273616C436F756E743D256C752C537458
:103F780061727465643D312C436F6D706C65746556
:103F88003D25642C5374617475733D25732C5072F0
:103F980065526F6C6C436F6D6D616E6444656C74D3
:103FA800615261773D25732C507265526F6C6C4F6E
:103FB8006273657276656444656C74615261773DBD
:103FC80025732C507265526F6C6C546172676574FE
:103FD8004572726F725261773D25732C507265522B
:103FE8006F6C6C4475726174696F6E4D733D256CAE
:103FF800752C46696E616C436F6D6D616E644465C6
:104008006C74615261773D25732C46696E616C4F03
:104018006273657276656444656C74615261773D5C
:1040280025732C46696E616C5461726765744572BC
:10403800726F725261773D25732C46696E616C44CC
:1040480075726174696F6E4D733D256C752C4F7276
:104058006967696E53686966744F627365727665DD
:10406800645261773D25732C4F726967696E536896
:104078006966745461726765744572726F725261D1
:10408800773D25732C496E697469616C5365747446
:104098006C65526573756C743D25732C507265524E
:1040A8006F6C6C536574746C65526573756C743D94
:1040B8004E412C46696E616C536574746C6552652B
:1040C80073756C743D25732C507265506F736974E9
:1040D800696F6E536574746C65526573756C743D65
:1040E80025732C4C6F63616C4261636B6F6666531A
:1040F8006574746C65526573756C743D25732C4CCE
:104108006F63616C4261636B6F6666436F6D6D616F
:104118006E6444656C74615261773D25732C4C6FF5
:1041280063616C4261636B6F66664F62736572763A
:10413800656444656C74615261773D25732C4C6FDE
:1041480063616C4261636B6F666654617267657424
:104158004572726F725261773D25732C4C6F6361A3
:104168006C4261636B6F66664475726174696F6EE9
:104178004D733D256C752C417070726F6163685288
:10418800656164417474656D7074733D256C752C3C
:10419800417070726F616368526574726965733DCE
:1041A800256C752C417070726F6163685472616E12
:1041B80073706F72744572726F72733D256C752CD3
:1041C800417070726F6163684A756D7052656A6597
:1041D8006374733D256C752C417070726F616368F0
:1041E8004661696C656453616D706C65733D256CDF
:1041F800752C417070726F61636841637175697382
:104208006974696F6E436C65616E3D25642C4170FD
:1042180070726F6163685374727563747572616CE0
:1042280056616C69643D25640D0A00415050524F37
:104238004143485F53544550532C536368656D613F
:1042480056657273696F6E3D25642C5465737449A5
:10425800443D256C752C537765657049443D256C44
:10426800752C4A696749443D25732C4D6F746F72EC
:1042780049443D25732C4F6666696369616C3D301E
:104288002C4C65673D4241434B4F46462C53746561
:1042980070436F756E743D25752C556E777261701D
:1042A8007065645261773D25730D0A004150505284
:1042B8004F4143485F53544550532C536368656DD1
:1042C8006156657273696F6E3D25642C546573740D
:1042D80049443D256C752C537765657049443D25E7
:1042E8006C752C4A696749443D25732C4D6F746F72
:1042F8007249443D25732C4F6666696369616C3D5C
:10430800302C4C65673D464F52574152442C5374EC
:104318006570436F756E743D25752C556E777261A7
:10432800707065645261773D25730D0A00535745D7
:1043380045505F52414D505F53544550532C536381
:1043480068656D6156657273696F6E3D25642C549E
:1043580065737449443D256C752C537765657049C0
:10436800443D256C752C4A696749443D25732C4D9D
:104378006F746F7249443D25732C4F666669636993
:10438800616C3D302C546F506F696E74496E646572
:10439800783D256C752C53746570436F756E743D4C
:1043A80025752C556E777261707065645261773D22
:1043B80025730D0A00534841444F575F454E442C1E
:1043C800536368656D6156657273696F6E3D2564E8
:1043D8002C5465737449443D256C752C5377656579
:1043E8007049443D256C752C4A696749443D2573DD
:1043F8002C4D6F746F7249443D25732C4F66666966
:104408006369616C3D302C537461727465643D2539
:10441800642C417474656D70746564506F696E7452
:10442800733D25642C4361707475726564506F69BF
:104438006E74733D25642C41637175697369746981
:104448006F6E526573756C743D25732C537461746B
:1044580075733D25730D0A004D6F746F72206F667A
:10446800667365743A2025750D0A004D6F746F7276
:1044780020616E676C65206F66667365743A2025E7
:1044880073206465677265650D0A004D41363030EA
:10449800207374617274207261773D257520636F93
:1044A800756E743D256C642066696C74657265640C
:1044B8003D257320726177416E676C653D257320D9
:1044C8006465677265650D0A004E4C2063757276E7
:1044D800652025643A20616E676C653D257320650B
:1044E80072726F723D2573206465670D0A004E4C29
:1044F80020706F696E7473206E6F742073657474A6
:104508006C65642077697468696E20256C646D73C6
:104518002025643A2025642F25640D0A004E4C207E
:104528006162736F6C7574652065787472656D610E
:104538002025643A206D61785F7261773D2575208A
:104548002825732064656729206D696E5F7261771D
:104558003D25752028257320646567290D0A004EBE
:104568004C206861726D6F6E69633120286D6F75BC
:104578006E74696E672F636F6E63656E74726963BC
:10458800697479207369676E61747572652920256D
:10459800643A20616D706C69747564653D2573209B
:1045A80070686173653D2573206465670D0A004E68
:1045B8004C206861726D6F6E696336202868697374
:1045C800746F726963616C207265666572656E638B
:1045D800652C2073656520524553554C542773202C
:1045E800446F6D696E616E7453656C656374656460
:1045F8004F72646572292025643A20616D706C6978
:10460800747564653D25732070686173653D257315
:10461800206465670D0A004E4C20646F6D696E61F9
:104628006E74206861726D6F6E69632025643A202C
:104638006F726465723D257520616D706C69747563
:1046480064653D2573206465670D0A004E4C207231
:104658006177207065616B2D746F2D7065616B20BB
:104668002564202873696E676C65206D61782D6DEF
:10467800696E2C20666F7220636F6D70617269734A
:104688006F6E293A202573206465677265650D0A87
:10469800004E4C2054432070657263656E74696CDB
:1046A800652025643A2050353D2573205039353D25
:1046B80025732072616E67653D2573206465677296
:1046C80065650D0A004E4C20544320726D732025F9
:1046D800643A202573206465677265650D0A004D8C
:1046E8004136303020526177204E6F6E6C696E65AE
:1046F800617220256420416E676C653A202573201D
:104708006465677265650D0A004D41363030204694
:10471800696C7465722D526177204D617820446907
:1047280066662025643A202573206465677265658E
:104738000D0A004E6F6E6C696E65617220256420EB
:10474800494E56414C49443A20747261636B696E14
:10475800673D2564206163717569736974696F6E5B
:104768003D257320736574746C65643D25642F253D
:10477800640D0A004E6F6E6C696E65617220256467
:1047880020494E56414C49443A2073776565705F1D
:1047980063726565705F7265636F766572795F666F
:1047A80061696C65643D256C750D0A004E6F6E6C11
:1047B800696E65617220256420494E56414C494412
:1047C8003A2073776565705F63726565705F7374AF
:1047D80069636B5F736C69705F6A756D703D256C9A
:1047E800750D0A00454E442C536368656D61566526
:1047F8007273696F6E3D25642C5465737449443D2A
:10480800256C752C537765657049443D256C752C6E
:10481800446972656374696F6E3D25732C436170DA
:104828007475726564506F696E74733D25642C41AC
:104838006E616C79736973506F696E74733D25642A
:104848002C547261636B696E6756616C69643D25AF
:10485800642C536574746C6553746162696C697413
:104868007956616C69643D25642C536574746C6574
:1048780054617267657450726F78696D697479569E
:10488800616C69643D25642C536574746C6556616C
:104898006C69643D25642C41637175697369746939
:1048A8006F6E526573756C743D25732C5561727407
:1048B8005472616E736D69744661696C7572657363
:1048C8003D256C752C5377656570506F696E744320
:1048D80072656570506F696E7473436F7272656349
:1048E8007465643D256C752C5377656570506F69E8
:1048F8006E744372656570546F74616C4974657247
:104908006174696F6E733D256C752C53776565709E
:10491800506F696E744372656570546F74616C434F
:104928006F7272656374696F6E5261773D25732C7F
:104938005377656570506F696E744372656570541E
:10494800696D656F7574733D256C752C5377656556
:1049580070506F696E7443726565704275646765FF
:104968007445786365656465643D256C752C53777B
:10497800656570506F696E744372656570546172D5
:1049880067657443726F737365643D256C752C534A
:1049980077656570506F696E7443726565705265AE
:1049A800636F76657279417474656D707465643D82
:1049B800256C752C5377656570506F696E744372FA
:1049C8006565705265636F76657279537563636563
:1049D800656465643D256C752C5377656570506F0B
:1049E800696E7443726565705265636F7665727936
:1049F8004661696C65643D256C752C5377656570F7
:104A0800506F696E7443726565705265636F766541
:104A18007279526563726F737365643D256C752C8A
:104A28005377656570506F696E744372656570522F
:104A380065636F76657279546F74616C49746572D9
:104A48006174696F6E733D256C752C53776565705D
:104A5800506F696E7443726565705265636F7665F1
:104A68007279546F74616C436F7272656374696FA5
:104A78006E5261773D25732C5377656570506F6969
:104A88006E744372656570426173654275646765EB
:104A98007445786365656465643D256C752C53774A
:104AA800656570506F696E744372656570426173B5
:104AB8006554617267657443726F737365643D25ED
:104AC8006C752C5377656570506F696E74437265A9
:104AD8006570457874656E646564506F696E74734B
:104AE8003D256C752C5377656570506F696E7443FE
:104AF80072656570457874656E6465644F6B3D25B5
:104B08006C752C5377656570506F696E7443726568
:104B18006570457874656E646564546F74616C493A
:104B28007465726174696F6E733D256C752C53776B
:104B3800656570506F696E74437265657045787409
:104B4800656E646564546F74616C436F72726563FB
:104B580074696F6E5261773D25732C537765657064
:104B6800506F696E744372656570457874656E64DC
:104B7800656454696D656F7574733D256C752C5348
:104B880077656570506F696E7443726565704578B6
:104B980074656E64656442756467657445786365B9
:104BA800656465643D256C752C5377656570506F39
:104BB800696E744372656570457874656E64656482
:104BC80054617267657443726F737365643D256CD5
:104BD800752C5377656570506F696E74437265659F
:104BE8007046696E654C616E64696E674174746580
:104BF8006D707465643D256C752C537765657050D0
:104C08006F696E74437265657046696E654C616E56
:104C180064696E675375636365656465643D256C97
:104C2800752C5377656570506F696E74437265654E
:104C38007046696E654C616E64696E674661696C41
:104C480065643D256C752C5377656570506F696E8A
:104C5800744372656570537469636B536C69704A09
:104C6800756D703D256C752C5377656570506F694F
:104C78006E7443726565704D61784F6273657276C4
:104C880065645374657044656C74615261773D2541
:104C9800732C5377656570506F696E7443726565E0
:104CA80070496E7465677269747956616C69643DA0
:104CB80025642C5374617475733D25730D0A005077
:104CC8005245434F4E444954494F4E5F5052455FF9
:104CD8004D4F544F520042415443485F5052455F34
:104CE8004D4F544F5200545241434B494E475F4930
:104CF8004E56414C494400434C4F535552455F4929
:104D08004E56414C49440041435155495349544931
:104D18004F4E5F4641554C5400444941474E4F530E
:104D28005449435F494E56414C494400505245430B
:104D38004F4E444954494F4E5F494E56414C4944A1
:104D48000053574545505F43524545505F494E54BF
:104D58004547524954595F4641494C4544004765C7
:104D68007474696E6720726573756C74210D0A001E
:104D78004D6F746F72204552524F523A204535306C
:104D8800372028636F6E74726F6C2D736573736947
:104D98006F6E2072657365742076657269666963E3
:104DA8006174696F6E206661696C656429210D0AFA
:104DB800004D41363030206D6F76652D746F2D7A39
:104DC80065726F3A206572726F723D257320646553
:104DD8006720736574746C65643D256C642F256C5D
:104DE8006420636D64506F733D256C640D0A004D3B
:104DF8006F746F72204552524F523A204535303207
:104E0800210D0A004D6F746F72204552524F523A6D
:104E1800204535303320286D6F76652D746F2D7AD7
:104E280065726F20646964206E6F7420636F6E769C
:104E3800657267652077697468696E20256C6420DF
:104E48006D7329210D0A004D6F746F7220455252FF
:104E58004F523A204535303420286D6F76652D74D1
:104E68006F2D7A65726F20656E636F64657220615D
:104E780063717569736974696F6E206661696C65C1
:104E88006429210D0A004D6F746F72204552524FEC
:104E9800523A204535303520287377656570206192
:104EA80063717569736974696F6E206661696C6591
:104EB800643A20257329210D0A004D6F746F722002
:104EC8004552524F523A204535303620287377657F
:104ED8006570206163717569736974696F6E2069A3
:104EE8006E76616C69643B20696E737065637420CB
:104EF8004D4554412F454E4429210D0A004D4F552B
:104F08004E545F505245434845434B5F52455355B5
:104F18004C542C536368656D6156657273696F6E86
:104F28003D25642C426174636849443D256C752CA9
:104F38004379636C654F726465723D256C752C54BA
:104F480065737449443D256C752C50726F746F639A
:104F58006F6C3D505245434F4E444954494F4E5F44
:104F680046554C4C5F53574545505F4D4F554E5431
:104F78005F474154455F56312C4A696749443D258E
:104F8800732C4D6F746F7249443D25732C526F62B8
:104F98007573745032504465673D25732C48314110
:104FA8006D706C69747564654465673D25732C483C
:104FB8003150686173654465673D25732C483241FB
:104FC8006D706C69747564654465673D25732C481C
:104FD8003250686173654465673D25732C436C6F77
:104FE800737572654572726F724465673D25732CDF
:104FF800547261636B696E6756616C69643D2564C0
:105008002C436C6F7375726556616C69643D2564D9
:105018002C4163717569736974696F6E5265737534
:105028006C743D25732C4D6F756E7456616C696494
:105038003D25642C52656A656374526561736F6EB1
:105048003D25732C47617465456E61626C65643DEE
:1050580025640D0A00505245434F4E444954494F68
:105068004E5F524553554C542C536368656D6156D9
:10507800657273696F6E3D25642C4261746368497B
:10508800443D256C752C4379636C654F7264657279
:105098003D256C752C5465737449443D256C752CFD
:1050A80050726F746F636F6C3D25732C52756E521E
:1050B8006F6C653D505245434F4E444954494F4EDD
:1050C8002C456C696769626C65466F7253746174CC
:1050D8006973746963733D302C4372656570496EFA
:1050E8007465677269747956616C69643D25642CCE
:1050F8005374617475733D25730D0A004D41363044
:105108003020526177204E6F6E6C696E6561722037
:1051180046696E616C20417665726167653A202543
:1051280073206465677265650D0A004D6F746F7250
:10513800204F4B210D0A004D6F746F72205245535A
:10514800554C5420494E56414C49443A2025732029
:10515800285377656570506F696E74437265657022
:105168005265636F766572794661696C65643D2541
:105178006C752C537469636B536C69704A756D70E8
:105188003D256C75290D0A0042415443482C426163
:1051980074636849443D256C752C53746174757348
:1051A8003D4641494C45442C4379636C654F7264D4
:1051B80065723D256C752C52756E4F726465723D33
:1051C800256C752C52756E526F6C653D25730D0AF2
:1051D8000042415443482C426174636849443D2568
:1051E8006C752C5374617475733D434F4D504C4529
:1051F80054452C507265636F6E646974696F6E43B1
:105208006F756E743D256C752C52756E436F756E97
:10521800743D256C752C546F74616C4379636C65AF
:10522800436F756E743D256C752C507265636F6E97
:10523800646974696F6E56616C69643D25642C50AD
:105248007265636F6E646974696F6E52756E7355BB
:105258007365643D256C752C507265636F6E646967
:1052680074696F6E53746162696C69747944656CB2
:1052780074614465673D25730D0A004241544348F3
:105288002C426174636849443D256C752C537461E4
:105298007475733D434F4F4C444F574E5F535441C1
:1052A80052542C4379636C654F726465723D256C6A
:1052B800752C52756E4F726465723D256C752C5253
:1052C800756E526F6C653D25732C546172676574F9
:1052D8004D733D256C752C50726F746F636F6C3D08
:1052E80025730D0A0052554E54494D455F434845B4
:1052F800434B504F494E542C53746167653D434F9F
:105308004F4C444F574E5F53544152542C5465737D
:1053180074537461636B4869676857617465725741
:105328006F7264733D256C752C46726565486561BE
:10533800703D256C750D0A00424F4F545F534D4F19
:105348004B45004D4136303020535441545553207D
:10535800707265636865636B206661696C6564205B
:105368004E564D423D2564204352433D2564204D11
:10537800454D3D2564205041523D25643B206261E6
:1053880074636820726566757365640D0A0042412E
:105398005443482C426174636849443D256C752C1C
:1053A8005374617475733D53544152542C50726553
:1053B800636F6E646974696F6E50726F746F636F38
:1053C8006C3D25732C507265636F6E646974696FE8
:1053D8006E436F756E743D256C752C52756E436FF8
:1053E800756E743D256C752C546F74616C437963CC
:1053F8006C65436F756E743D256C752C436F6F6CCF
:10540800646F776E5461726765744D733D256C7572
:105418000D0A00434F4F4C444F574E5F50524F4771
:10542800524553532C426174636849443D256C7559
:105438002C4379636C654F726465723D256C752CDD
:10544800456C61707365644D733D256C752C5461B2
:10545800726765744D733D256C750D0A00424154A1
:1054680043482C426174636849443D256C752C534C
:1054780074617475733D4641494C45442C526561CD
:10548800736F6E3D434F4F4C444F574E5F494E56D6
:10549800414C49442C436F6D706C65746564437965
:1054A800636C654F726465723D256C752C4E65782A
:1054B800744379636C654F726465723D256C752C15
:1054C8005461726765744D733D256C752C41637426
:1054D80075616C4D733D256C752C546F6C657261EC
:1054E8006E63654D733D256C750D0A0052554E541B
:1054F800494D452C46726565486561703D256C755A
:105508002C4D696E457665724672656548656170B1
:105518003D256C752C54657374537461636B4869CD
:1055280067685761746572576F7264733D256C754F
:105538000D0A005245434F564552595F434F415259
:105548005345005245434F564552595F46494E45CB
:10555800004E4F545F52554E004F4B005441524736
:1055680045545F43524F53534544004F4B5F524598
:10557800434F5645524544005245434F56455259AC
:105588005F54494D454F5554005245434F56455277
:10559800595F4255444745545F455843454544453E
:1055A80044005245434F564552595F524543524F66
:1055B8005353454400535449434B5F534C49505F40
:1055C8004A554D50004143515549534954494F4E4E
:1055D8005F4552524F52004E4F545F4150504C4914
:1055E8004341424C4500494E495449414C5F53455B
:1055F80054544C455F4641494C4544004241434B55
:105608004F46465F534554544C455F4641494C45C7
:105618004400504F494E54305F534554544C455FF5
:105628004641494C454400505245524F4C4C5F53FB
:105638004554544C455F4641494C454400505245F9
:10564800504F534954494F4E5F534554544C455F4E
:105658004641494C45440057524F4E475F504F53BF
:105668004954494F4E00444952454354494F4E5FAF
:105678004552524F5200494E56414C49445F41529F
:1056880047005350495F54494D454F5554005350B6
:10569800495F4552524F520053414D504C455F4A65
:1056A800554D5000434F4E4649475F4552524F5261
:1056B8000054494D494E475F4D455441444154417A
:1056C8005F494E56414C494400414351554953495D
:1056D80054494F4E5F4255444745545F45584345EA
:1056E80045444544004143515549534954494F4E57
:1056F8005F54494D454F5554004D4154485F4F56EE
:105708004552464C4F5700494E495449414C004870
:105718004F4C445F353000484F4C445F31303000C7
:10572800484F4C445F323030005465737454617391
:105738006B004A494731004A494732004A494733D2
:10574800004A494734004A494735004A4947360024
:105758004A494737004A4947380049444C450054AC
:105768006D725100546D722053766300232D302BD7
:105778002000686C4C00656667454647003031324A
:1057880033343536373839414243444546003031A1
:105798003233343536373839616263646566000000
:1057A800B7130108BC130108CF130108E01301085F
:1057B8000414010824140108321401083F140108D4
:1057C8004D1401085D1401086A1401087A140108CF
:1057D800441601080000000000000000000000005E
:1057E8000000000000100000180000000000000089
:1057F8000000000000000040A69B443B9A99993E97
:105808000000A0400000C8430000803E00000041A6
:105818000000FB01FD01FC01445501085455010835
:105828003B5501084B5501085955010861550108B8
:105838008E560108DD5601086455010873550108A4
:105848008055010891550108AA550108BD55010860
:10585800CD550108DF55010861550108EE550108CD
:10586800045601081A560108CD5501082F5601089B
:1058780045560108615501088E5601085F56010812
:10588800CD550108615501086E5601088E5601086C
:10589800CD550108615501087E5601088A56010850
:1058A80096560108A0560108AC560108B9560108D9
:1058B800D1560108ED560108015701080F57010894
:1058C800175701081F570108285701080000000052
:1058D8003200000064000000C800000031570108D1
:1058E80000000000000000000000000000000000B0
:1058F8000030000020000000000000000000000050
:10590800010203060C1201020306090C121B242DC6
:10591800486C000027003C000447343235353538E0
:105928003A5701080000000500000000AD550A19AB
:105938002C00250004473432353535383F570108E7
:105948000000000500000000AD550A193A004C009F
:105958000B51343039333631445701080000000503
:1059680000000000AD550A193A0049000B513430C7
:10597800393336314957010800000005000000009E
:10598800AD550A1928001D0004473432353535381D
:105998004E5701080000000500000000AD550A1927
:1059A8003200510018513532313838355357010813
:1059B8000000000500000000AD550A19320046003D
:1059C800185135323138383558570108000000056C
:1059D80000000000AD550A1932003E00185135325A
:1059E800313838355D570108000000050000000017
:1059F800AD550A1900000000010203040000000070
:105A0800000000000102030406070809000610163A
:105A1800000610160000000059F3F8C21F6EA50119
:105A2800000000000000F03F00000080DB0F49404C
:105A3800DB0F49C0DB0F49BFE4CB1640E4CB16C0EF
:105A4800000FC93F000F494000CB9640000FC940E6
:105A58000053FB4000CB164100ED2F41000F494198
:105A68000031624100537B41003A8A4100CB9641A4
:105A7800005CA34100EDAF41007EBC41000FC9416D
:105A880000A0D5410031E24100C2EE410053FB4184
:105A980000F20342003A0A420083104200CB164249
:105AA80000141D42005C234200A5294200ED2F424C
:105AB80000363642007E3C4200C74242000F49424F
:105AC800A2000000F9000000830000006E00000042
:105AD8004E000000440000001500000029000000EE
:105AE800FC0000002700000057000000D100000063
:105AF800F500000034000000DD000000C0000000D8
:105B0800DB00000062000000950000009900000022
:105B18003C0000004300000090000000410000002D
:105B2800FE0000005100000063000000AB00000010
:105B3800DE000000BB000000C5000000610000009E
:105B4800B7000000240000006E0000003A000000CA
:105B5800420000004D000000D2000000E0000000FC
:105B680006000000490000002E000000EA000000C6
:105B780009000000D1000000920000001C00000095
:105B8800FE0000001D000000EB0000001C000000EB
:105B9800B100000029000000A70000003E0000003E
:105BA800E80000008200000035000000F500000059
:105BB8002E000000BB00000044000000840000002C
:105BC800E90000009C0000007000000026000000B2
:105BD800B40000005F0000007E00000041000000EB
:105BE8003900000091000000D600000039000000D4
:105BF800830000005300000039000000F40000009A
:105C08009C000000840000005F0000008B00000082
:105C1800BD000000F9000000280000003B00000063
:105C28001F000000F800000097000000FF000000BF
:105C3800DE00000005000000980000000F000000D2
:105C4800EF0000002F000000110000008B00000092
:105C58005A0000000A0000006D0000001F0000004C
:105C68006D000000360000007E000000CF0000003C
:105C780027000000CB00000009000000B70000006A
:105C88004F000000460000003F00000066000000D2
:105C98009E0000005F000000EA0000002D000000E8
:105CA8007500000027000000BA000000C7000000CF
:105CB800EB000000E5000000F10000007B000000A0
:105CC8003D0000000700000039000000F700000058
:105CD8008A0000005200000092000000EA00000064
:105CE8006B000000FB0000005F000000B100000036
:105CF8001F0000008D0000005D000000080000008B
:105D080056000000030000003000000046000000BC
:105D1800FC0000007B0000006B000000AB000000EE
:105D2800F0000000CF000000BC00000020000000D0
:105D38009A000000F4000000360000001D0000007A
:105D4800A9000000E30000009100000061000000CD
:105D58005E000000E60000001B00000008000000D4
:105D68006500000099000000850000005F00000049
:105D780014000000A00000006800000040000000BF
:105D88008D000000FF000000D80000008000000027
:105D98004D000000730000002700000031000000E3
:105DA8000600000006000000150000005600000074
:105DB800CA00000073000000A8000000C90000002D
:105DC80060000000E20000007B000000C00000004E
:105DD8008C0000006B0000006937AC316821223369
:105DE800B40F14336821A2333863ED3EDA0F493F0C
:105DF8005E987B3FDA0FC93F0000C93F0000F039C9
:105E08000000DA370000A2330000842E0000502B77
:105E18000000C2270000D0220000C41F0000C61BDB
:105E280000004417040000000700000009000000FB
:085E380098A3FE7F01000000A9
:045E4000B5010008A0
:045E440091010008C0
:105E48000024F4000100000010000000AAAAAAAA79
:105E5800140000200000000008EC012070EC012074
:105E6800D8EC012000000000000000000000000045
:105E7800000000000000000000000000000000001A
:105E8800000000000000000000000000000000000A
:105E980000000000000000000000000000000000FA
:0400000508009D2D25
:00000001FF
