:020000040800F2
:1000000000000220D58C0008A98B0008AB8B0008EB
:10001000AD8B0008AF8B0008B18B0008000000001A
:1000200000000000000000000000000011DF0008D8
:10003000B38B000800000000A1DF00089DC5000888
:10004000258D0008258D0008258D0008258D0008C8
:10005000258D0008258D0008258D0008258D0008B8
:10006000258D0008258D0008258D0008258D0008A8
:10007000B58B0008258D0008C18B0008258D000870
:10008000CD8B0008D98B0008E58B0008258D000872
:10009000258D0008258D0008258D0008258D000878
:1000A000258D0008258D0008258D0008258D000868
:1000B000F18B0008258D0008258D0008258D00088E
:1000C000258D0008FD8B0008098C0008798C00083C
:1000D000258D0008258D0008158C0008218C00084E
:1000E000258D0008258D0008258D0008258D000828
:1000F000258D00082D8C0008258D0008498C0008EE
:10010000258D0008258D0008258D0008258D000807
:10011000258D0008258D0008258D0008258D0008F7
:10012000558C0008258D0008618C00086D8C000836
:10013000258D00080000000000000000258D00084B
:10014000258D0008258D0008258D0008258D0008C7
:10015000258D0008258D0008258D0008258D0008B7
:10016000258D0008258D0008258D0008258D0008A7
:10017000258D0008258D000800000000000000000B
:08018000258D0008258D000803
:1001900010B5054C237833B9044B13B10448AFF3C1
:1001A00000800123237010BD6000002000000000CB
:1001B0000C02010808B5034B1BB103490348AFF318
:1001C000008008BD00000000640000200C0201084F
:1001D000034613F8012B002AFBD1181A0138704787
:1001E00001F0FF01102A2BDB10F0070F08D010F8E8
:1001F000013B013A8B422DD010F0070F42B3F6D1EC
:10020000F0B441EA012141EA014122F007047FF004
:1002100000070023F0E80256083C85EA010586EA5B
:10022000010685FA47F5A3FA87F586FA47F6A5FA97
:1002300087F68EB9EED1F0BC01F0FF0102F00702A3
:1002400032B110F8013B013A83EA010313B1F8D14E
:100250000020704701387047002D06BF354603382F
:10026000073815F0010F07D1013015F4807F02BF68
:10027000013015F4C03F0130F0BC0138704700BFB9
:1002800081F0004102E000BF83F0004330B54FEA47
:1002900041044FEA430594EA050F08BF90EA020FB4
:1002A0001FBF54EA000C55EA020C7FEA645C7FEA47
:1002B000655C00F0E2804FEA5454D4EB5555B8BF6A
:1002C0006D420CDD2C4480EA020281EA030382EADB
:1002D000000083EA010180EA020281EA0303362D6D
:1002E00088BF30BD11F0004F4FEA01314FF4801C40
:1002F0004CEA113102D0404261EB410113F0004F52
:100300004FEA03334CEA133302D0524263EB430308
:1003100094EA050F00F0A780A4F10104D5F1200EA6
:100320000DDB02FA0EFC22FA05F2801841F1000101
:1003300003FA0EF2801843FA05F359410EE0A5F1D5
:1003400020050EF1200E012A03FA0EFC28BF4CF006
:10035000020C43FA05F3C01851EBE37101F00045BC
:1003600007D54FF0000EDCF1000C7EEB00006EEBC9
:100370000101B1F5801F1BD3B1F5001F0CD3490853
:100380005FEA30004FEA3C0C04F101044FEA4452AA
:1003900012F5800F80F09A80BCF1004F08BF5FEA31
:1003A000500C50F1000041EB045141EA050130BD11
:1003B0005FEA4C0C404141EB0101013C28BFB1F523
:1003C000801FE9D291F0000F04BF01460020B1FA6E
:1003D00081F308BF2033A3F10B03B3F120020CDA41
:1003E0000C3208DD02F1140CC2F10C0201FA0CF01F
:1003F00021FA02F10CE002F11402D8BFC2F1200C84
:1004000001FA02F120FA0CFCDCBF41EA0C01904039
:10041000E41AA2BF01EB0451294330BD6FEA040482
:100420001F3C1CDA0C340EDC04F11404C4F120026D
:1004300020FA04F001FA02F340EA030021FA04F37F
:1004400045EA030130BDC4F10C04C4F1200220FAD6
:1004500002F001FA04F340EA0300294630BD21FA14
:1004600004F0294630BD94F0000F83F4801306BFDA
:1004700081F480110134013D4EE77FEA645C18BFCE
:100480007FEA655C29D094EA050F08BF90EA020F65
:1004900005D054EA000C04BF1946104630BD91EA5D
:1004A000030F1EBF0021002030BD5FEA545C05D160
:1004B0004000494128BF41F0004130BD14F580049F
:1004C0003CBF01F5801130BD01F0004545F0FE4113
:1004D00041F470014FF0000030BD7FEA645C1ABF48
:1004E000194610467FEA655C1CBF0B46024650EA7F
:1004F000013406BF52EA033591EA030F41F40021AB
:1005000030BD00BF90F0000F04BF0021704730B530
:100510004FF4806404F132044FF000054FF0000105
:1005200050E700BF90F0000F04BF0021704730B5C6
:100530004FF4806404F1320410F0004548BF40429B
:100540004FF000013EE700BF42004FEAE2014FEAF0
:1005500031014FEA02701FBF12F07F4393F07F4FCB
:1005600081F06051704732F07F4208BF704793F0CE
:100570007F4F04BF41F40021704730B54FF46074E1
:1005800001F0004521F000411CE700BF50EA0102E4
:1005900008BF704730B54FF000050AE050EA01028D
:1005A00008BF704730B511F0004502D5404261EBFD
:1005B00041014FF4806404F132045FEA915C3FF43E
:1005C000D8AE4FF003025FEADC0C18BF03325FEADB
:1005D000DC0C18BF033202EBDC02C2F1200300FA8C
:1005E00003FC20FA02F001FA03FE40EA0E0021FAB1
:1005F00002F11444BDE600BF70B54FF0FF0C4CF49F
:10060000E06C1CEA11541DBF1CEA135594EA0C0F50
:1006100095EA0C0F00F0DEF82C4481EA030621EA8B
:100620004C5123EA4C5350EA013518BF52EA0335C6
:1006300041F4801143F4801338D0A0FB02CE4FF078
:100640000005E1FB02E506F00042E0FB03E54FF0A8
:100650000006E1FB03569CF0000F18BF4EF0010EA0
:10066000A4F1FF04B6F5007F64F5407404D25FEA9C
:100670004E0E6D4146EB060642EAC62141EA55514F
:100680004FEAC52040EA5E504FEACE2EB4F1FD0C91
:1006900088BFBCF5E06F1ED8BEF1004F08BF5FEA0F
:1006A000500E50F1000041EB045170BD06F00046C1
:1006B00046EA010140EA020081EA0301B4EB5C046E
:1006C000C2BFD4EB0C0541EA045170BD41F4801166
:1006D0004FF0000E013C00F3AB8014F1360FDEBF8B
:1006E000002001F0004170BDC4F10004203C35DA67
:1006F0000C341BDC04F11404C4F1200500FA05F3EA
:1007000020FA04F001FA05F240EA020001F000428A
:1007100021F0004110EBD37021FA04F642EB060100
:100720005EEA430E08BF20EAD37070BDC4F10C042A
:10073000C4F1200500FA04F320FA05F001FA04F2EE
:1007400040EA020001F0004110EBD37041F10001DA
:100750005EEA430E08BF20EAD37070BDC4F12005E5
:1007600000FA05F24EEA020E20FA04F301FA05F24D
:1007700043EA020321FA04F001F0004121FA04F2F5
:1007800020EA020000EBD3705EEA430E08BF20EAC5
:10079000D37070BD94F0000F0FD101F000464000FF
:1007A00041EB010111F4801F08BF013CF7D041EA81
:1007B000060195F0000F18BF704703F00046520085
:1007C00043EB030313F4801F08BF013DF7D043EA56
:1007D0000603704794EA0C0F0CEA135518BF95EA0C
:1007E0000C0F0CD050EA410618BF52EA4306D1D193
:1007F00081EA030101F000414FF0000070BD50EAB2
:10080000410606BF1046194652EA430619D094EA3B
:100810000C0F02D150EA013613D195EA0C0F05D125
:1008200052EA03361CBF104619460AD181EA030179
:1008300001F0004141F0FE4141F470014FF0000031
:1008400070BD41F0FE4141F4780170BD70B54FF0CC
:10085000FF0C4CF4E06C1CEA11541DBF1CEA13554C
:1008600094EA0C0F95EA0C0F00F0A7F8A4EB05042E
:1008700081EA030E52EA03354FEA013100F0888025
:100880004FEA03334FF0805545EA131343EA1263EE
:100890004FEA022245EA111545EA10654FEA0026A3
:1008A0000EF000419D4208BF964244F1FD0404F55C
:1008B000407402D25B084FEA3202B61A65EB0305B8
:1008C0005B084FEA32024FF480104FF4002CB6EB75
:1008D000020E75EB030E22BFB61A754640EA0C00F5
:1008E0005B084FEA3202B6EB020E75EB030E22BF35
:1008F000B61A754640EA5C005B084FEA3202B6EB76
:10090000020E75EB030E22BFB61A754640EA9C0034
:100910005B084FEA3202B6EB020E75EB030E22BF04
:10092000B61A754640EADC0055EA060E18D04FEAC2
:10093000051545EA16754FEA06164FEAC30343EA62
:1009400052734FEAC2025FEA1C1CC0D111F4801F2F
:100950000BD141EA00014FF000004FF0004CB6E728
:1009600011F4801F04BF01430020B4F1FD0C88BFC7
:10097000BCF5E06F3FF6AFAEB5EB030C04BFB6EBD2
:10098000020C5FEA500C50F1000041EB045170BDC5
:100990000EF0004E4EEA113114EB5C04C2BFD4EBF2
:1009A0000C0541EA045170BD41F480114FF0000E76
:1009B000013C90E645EA060E8DE60CEA135594EAF2
:1009C0000C0F08BF95EA0C0F3FF43BAF94EA0C0FF5
:1009D0000AD150EA01347FF434AF95EA0C0F7FF46A
:1009E00025AF104619462CE795EA0C0F06D152EABE
:1009F00003353FF4FDAE1046194622E750EA4106A2
:100A000018BF52EA43067FF4C5AE50EA41047FF4B2
:100A10000DAF52EA43057FF4EBAE12E74FF0FF3C17
:100A200006E000BF4FF0010C02E000BF4FF0010CE8
:100A30004DF804CD4FEA410C7FEA6C5C4FEA430C61
:100A400018BF7FEA6C5C1BD001B050EA410C0CBFB0
:100A500052EA430C91EA030F02BF90EA020F002012
:100A6000704710F1000F91EA030F58BF994208BF79
:100A700090422CBFD8176FEAE37040F00100704736
:100A80004FEA410C7FEA6C5C02D150EA013C07D18D
:100A90004FEA430C7FEA6C5CD6D152EA033CD3D0D8
:100AA0005DF8040B704700BF8446104662468C46D2
:100AB0001946634600E000BF01B5FFF7B7FF002805
:100AC00048BF10F1000F01BD4DF808EDFFF7F4FF2E
:100AD0000CBF012000205DF808FB00BF4DF808EDB9
:100AE000FFF7EAFF34BF012000205DF808FB00BFDC
:100AF0004DF808EDFFF7E0FF94BF012000205DF8FE
:100B000008FB00BF4DF808EDFFF7CEFF94BF0120B2
:100B100000205DF808FB00BF4DF808EDFFF7C4FFAB
:100B200034BF012000205DF808FB00BF4FEA410CF4
:100B30007FEA6C5C02D150EA013C0AD14FEA430CD7
:100B40007FEA6C5C02D152EA033C02D14FF0000014
:100B500070474FF0010070474A0011D212F50012A1
:100B600011D20DD56FF47873B3EB62520ED44FEA05
:100B7000C12343F0004343EA505323FA02F0704785
:100B80004FF00000704750EA013002D14FF0FF30C3
:100B900070474FF0000070474FEA4102B2F1E04366
:100BA00024BFB3F5001CDCF1FE5C0DD901F0004C54
:100BB0004FEAC0024CEA5070B2F1004F40EB8300A4
:100BC00008BF20F00100704711F0804F21D113F1D0
:100BD0003872BCBF01F00040704741F480114FEA09
:100BE0005252C2F11802C2F1200C10FA0CF320FA92
:100BF00002F018BF40F001004FEAC1234FEAD323AF
:100C000003FA0CFC40EA0C0023FA02F34FEA430318
:100C1000CCE77FEA625307D150EA01331EBF4FF0A1
:100C2000FE4040F44000704701F0004040F0FE40BC
:100C300040F40000704700BF80F0004002E000BFB9
:100C400081F0004142001FBF5FEA410392EA030FB7
:100C50007FEA226C7FEA236C6AD04FEA1262D2EB01
:100C60001363C1BFD218414048404140B8BF5B4206
:100C7000192B88BF704710F0004F40F4000020F09F
:100C80007F4018BF404211F0004F41F4000121F0B5
:100C90007F4118BF494292EA030F3FD0A2F10102FF
:100CA00041FA03FC10EB0C00C3F1200301FA03F13D
:100CB00000F0004302D5494260EB4000B0F5000F60
:100CC00013D3B0F1807F06D340084FEA310102F11F
:100CD0000102FE2A51D2B1F1004F40EBC25008BFD1
:100CE00020F0010040EA03007047490040EB00009B
:100CF000013A28BFB0F5000FEDD2B0FA80FCACF19C
:100D0000080CB2EB0C0200FA0CF0AABF00EBC250C8
:100D100052421843BCBFD0401843704792F0000FB6
:100D200081F4000106BF80F400000132013BB5E709
:100D30004FEA41037FEA226C18BF7FEA236C21D07F
:100D400092EA030F04D092F0000F08BF08467047E4
:100D500090EA010F1CBF0020704712F07F4F04D1B2
:100D6000400028BF40F00040704712F100723CBFC5
:100D700000F50000704700F0004343F0FE4040F4EF
:100D8000000070477FEA226216BF08467FEA2363AD
:100D90000146420206BF5FEA412390EA010F40F498
:100DA000800070474FF0000304E000BF10F00043E4
:100DB00048BF40425FEA000C08BF704743F09643CB
:100DC00001464FF000001CE050EA010208BF7047E6
:100DD0004FF000030AE000BF50EA010208BF70476D
:100DE00011F0004302D5404261EB41015FEA010C82
:100DF00002BF84460146002043F0B64308BFA3F17A
:100E00008053A3F50003BCFA8CF2083AA3EBC2535B
:100E100010DB01FA02FC634400FA02FCC2F120027A
:100E2000BCF1004F20FA02F243EB020008BF20F0B1
:100E30000100704702F1200201FA02FCC2F1200217
:100E400050EA4C0021FA02F243EB020008BF20EA0C
:100E5000DC7070477BB972B90029BEBF00204FF02B
:100E6000004106E008BF00281CBF6FF000414FF0B2
:100E7000FF3000F0D3B9ADF1080C6DE904CE0029C4
:100E800009DB002B1ADB00F04DF8DDF804E0DDE9AA
:100E9000022304B07047404261EB4101002B1BDB91
:100EA00000F040F8DDF804E0DDE9022304B0404240
:100EB00061EB4101524263EB43037047524263EBE3
:100EC000430300F02FF8DDF804E0DDE9022304B06D
:100ED000404261EB41017047524263EB430300F033
:100EE00021F8DDF804E0DDE9022304B0524263EBAF
:100EF0004303704753B94AB9002908BF00281CBFF3
:100F00004FF0FF314FF0FF3000F088B9ADF1080C21
:100F10006DE904CE00F006F8DDF804E0DDE9022317
:100F200004B070472DE9F047089D0F4604468C46F3
:100F3000002B48D18A42164661D9B2FA82F34BB1EE
:100F4000C3F1200201FA03FC20FA02F29E4042EAB9
:100F50000C0C9C404FEA164EB7B2BCFBFEF1220CC3
:100F60000EFB11CC42EA0C4201FB07F0904209D97A
:100F7000B21801F1FF3C80F0EE80904240F2EB802D
:100F800002393244121AA4B2B2FBFEF00EFB102258
:100F900044EA024400FB07F7A74209D9341900F1DB
:100FA000FF3280F0DA80A74240F2D7803444023822
:100FB00040EA0140E41B00211DB1DC400023C5E9EB
:100FC0000043BDE8F0878B4206D90DB1C5E90001A9
:100FD00000210846BDE8F087B3FA83F1002948D123
:100FE000BB4202D3824200F20781841A67EB0302FC
:100FF00001209446002DE4D0C5E9004CE1E7002A29
:1010000000F09280B2FA82F3002B40F0A8808A1A96
:101010004FEA164E1FFA86FC0121200CB2FBFEF7A8
:101020000EFB172240EA02420CFB07F0904207D960
:10103000B21807F1FF3802D2904200F2E280474630
:10104000121AA4B2B2FBFEF00EFB102244EA0244D4
:101050000CFB00FCA44507D9341900F1FF3202D281
:10106000A44500F2CB801046A4EB0C0440EA0740F4
:10107000A2E7C1F120068B4022FA06FC4CEA030CE1
:1010800007FA01F420FA06F3F7404FEA1C4923431C
:1010900000FA01F81FFA8CFEB7FBF9F01C0C09FBF3
:1010A000107744EA074400FB0EF7A74202FA01F268
:1010B0000AD91CEB040400F1FF3A80F09B80A742A0
:1010C00040F2988002386444E41B9FB2B4FBF9F309
:1010D00009FB134447EA044403FB0EFEA64509D965
:1010E0001CEB040403F1FF3780F08280A6457FD912
:1010F000023B644443EA0040A4EB0E04A0FB02E779
:10110000BC427346B94663D360D05DB1B8EB03020D
:1011100064EB090404FA06F622FA01F31E43CC40FC
:10112000C5E9006400214CE76208480842EAC17141
:101130000B0C43EA00438AB242EA0342B3FBF6F1E6
:10114000E407B4463746B6461F23B0FBF6F0D21B81
:1011500041EA004161E7614614E7104628E7C3F120
:10116000200120FA01F29E4027FA01F19F403A4304
:101170004FEA164E1FFA86FCB1FBFEF70EFB171066
:10118000110C41EA004107FB0CF8884504FA03F40E
:101190003AD9711807F1FF3001D288451FD8A1EB69
:1011A0000801B1FBFEF808FB0CF70EFB181192B218
:1011B00042EA0142BA422FD2B21808F1FF31C6D238
:1011C000BA42C4D2A8F102013244C0E7F0459CD231
:1011D000BEEB020367EB0C070138B94695E7A6EBB7
:1011E00008084144B81EB1FBFEF808FB0CF7DCE729
:1011F0003B467FE7504667E70846FBE63444023843
:1012000032E7023F32441BE7A1EB08013846B1FB4D
:10121000FEF808FB0CF7C8E7414698E7704700BFA7
:1012200006F0EABE06F03CBF06F058BF0048704723
:10123000E002010800487047EC02010800487047CE
:10124000090301080B480C4B0C4A10F8011B11B1A3
:101250004B405343F9E783F0FF03094907485343E1
:1012600011F8012B12B153404343F9E783F0FF0318
:1012700058437047E0020108C59D1C81930100019D
:10128000EC02010808B5054800224FF4006108F09F
:1012900051FABDE8084001F09FBE00BF00000240C7
:1012A00008B5054800224FF4006108F043FABDE894
:1012B000084001F091BE00BF000002400248012238
:1012C000402108F037BA00BF000402400248002263
:1012D000402108F02FBA00BF0004024037B50023B8
:1012E00004460D46ADF80430FFF7F0FFD2238DF829
:1012F000003012488DF801400A230222694609F0A5
:1013000007FD0446FFF7DAFF34B1032C0CBF0224BB
:101310000324204603B030BDFFF7D8FF07480A2357
:10132000022201A909F091FE0446FFF7C7FF002C35
:10133000EBD19DF805302B70EBE700BF580600207D
:10134000084B834210B50BD1074C2378012B07D1F2
:10135000064B5A68064B1A60FFF7B0FF0223237052
:1013600010BD00BF5806002080000020001000E0E3
:101370007C000020084B834210B50BD1074C23782A
:10138000012B07D1064B5A68064B1A60FFF796FFF0
:101390000323237010BD00BF5806002080000020EA
:1013A000001000E07C000020004870472003010886
:1013B00007EE900A9FED057A9FED050AF8EE677A31
:1013C00067EE877A27EE800A704700BF0000B443BB
:1013D0000000803713B5044610B9002002B010BDDC
:1013E0000DF107011A20FFF779FF0028F5D19DF8CC
:1013F0000730DA092270C3F380026270C3F340023F
:1014000003F00103A270E3700120E7E72DE9F04744
:1014100007460C4619B100230B604B608B60002F10
:101420006DD0384B5968384B1A68536A1CB1238108
:1014300001232160A372354E317801F0FF0319B109
:1014400003252846BDE8F0873149DFF8C880DFF87A
:10145000D4900B70C9F800304B7088F8003088F8D1
:101460000130012333703CB1264B5B682360536A23
:10147000238140F201136381FFF728FF254A2449A5
:101480002548022309F07EFE054638B1FFF716FF16
:101490000023032D3370D3D10225D2E7DFF864A0F7
:1014A0001E4B1F4A1B68DAF80410B3FBF2F342F23A
:1014B000107253433278012A0ED03378DBB214B164
:1014C000D9F8002062600022022B3270B8D1B8F83F
:1014D00000305BBA3B80B4E7DAF80420521A93423A
:1014E000E8D804230C48337009F0D0FEFFF7E6FE7D
:1014F00014B1DAF80430636000233370CCE70125BF
:101500009FE700BF001000E0500500208000002091
:1015100083000020810000205806002000000020E9
:1015200040420F007C00002009B1FFF7D7BE012028
:10153000704700001FB5D723ADF808300023ADF881
:101540000C30FFF7C3FE0A23009303AA022302A96B
:10155000054809F08AFC0446FFF7B0FEB4FA84F0AF
:10156000400904B010BD00BF5806002013B5002389
:10157000044601A80193FFF72DFF30B914B90020EC
:1015800002B010BD01982060F9E79DF805302BB935
:101590009DF8063013B99DF8073033B1FFF7CAFF45
:1015A00001A8FFF717FF0028E8D00CB101982060D0
:1015B0009DF8043063B99DF8050058B99DF80630D0
:1015C0001BB99DF8070080F0010000F00100D7E78B
:1015D0000020FAE71846F8E730B548B100230024A8
:1015E0000025C0E90245C0E90433037043808361EC
:1015F00030BD70B5049D002838D0002D36D0002BAA
:1016000034DB047864B901230370436941800133FA
:10161000C0E902140261436129606C60002070BD62
:1016200044880C1BB4F5004F0CDDA4F5803484EA2B
:10163000E476A6EBE476B3420ADA83690133836188
:101640000420ECE714F5004FB8BF04F58034EEE752
:10165000D0E90236026142694180E31846EBE47446
:101660000132C0E9023442612B60D6E70120D6E79F
:101670002DE9F7430446002800F08680342200213B
:101680000CF016FF002001A98DF804008DF805006C
:101690008DF80600FFF722FE04F10806002843D06B
:1016A00000259DF805209DF8043043EA022363805D
:1016B0004FF000089DF80630A371A4F82A80B146C7
:1016C00020270DF1070138468DF80780FFF706FE49
:1016D00010B18DF8078000259DF8073009F8013F0B
:1016E00013B1638D013363850137FFB2402FE8D119
:1016F000264904F128074FF0FF3316F8012F082080
:10170000534043F300020A40013882EA5303F8D100
:10171000B742F2D1DB43E36225706DBB84F83050F1
:10172000052003B0BDE8F0830DF105010120FFF7AE
:10173000D5FD0028B4D1211D0920FFF7F5FE0028B2
:10174000AED1611D0D20FFF7EFFE0028A8D10DF1ED
:1017500006011A20FFF7C2FD0028A1D1E11D1C20BF
:10176000FFF7E2FE00289BD131461F20FFF7DCFE89
:10177000B0FA80F56D0994E7638D002B14BF022346
:10178000012384F83030CCE70120CAE72083B8ED8C
:10179000024678B103786BB190F8301051B183797B
:1017A00013F0870008D1012908D1538D002B18BFF1
:1017B00003207047012070470220704703207047C4
:1017C00038B505460C46FFF7E3FFE8B9ECB16A8887
:1017D00023889A421BD12A79A3789A4219D16A792F
:1017E000E3789A4217D1AA7923799A4215D1EA79F6
:1017F00063799A4213D12A7AA3799A4211D1EA6A7B
:10180000A3689A4218BF0B2038BD0420FCE70520CE
:10181000FAE70620F8E70720F6E70820F4E70920B2
:10182000F2E70A20F0E700000B289ABF024B53F8BA
:1018300020000248704700BFA03A01083C0301089D
:101840002DE9F04F95B00021342207A80CF030FEAE
:10185000012605233E4A8DF8213007A812928DF803
:101860001C608DF84C60FFF793FF3A4A044607CAA4
:1018700004AD85E80700294607A8FFF7A1FF00216E
:10188000039007A8FFF79CFF2946834607A8ADF8F9
:101890001E60FFF795FF00272946824607A8ADF88E
:1018A0001E708DF82060FFF78BFF4FF48061ADF85C
:1018B00020108146294607A8FFF782FF05238DF8EF
:1018C000213029460823804607A88DF82230FFF7EB
:1018D00077FF4FF480710290ADF8221007A82946D7
:1018E000FFF76EFF2946019007A88DF823708DF849
:1018F0002460FFF765FF039A8DF8247001461648AF
:10190000129044EA020010F0FF001ED1BBF1040F58
:10191000029B17D1BAF1050F14D1B9F1060F11D1FD
:10192000B8F1070F0ED1082B0CD1019B092B09D15F
:101930000A2907D1294607A8FFF742FFA0F10B03A8
:101940005842584115B0BDE8F08F3846FAE700BF5D
:10195000AD550A1928020108AC550A19074AD2F8F0
:10196000FC3043F08073C2F8FC30054B00225A6013
:101970001A6842F001021A60704700BF00ED00E0F3
:10198000001000E008B5FFF799FCBDE80840FFF73C
:10199000E5BF0000034B044A1B68B3FBF2F3584356
:1019A000704700BF0000002040420F0070B50446A1
:1019B000049868B1002B0CDA561E63F10045A6426C
:1019C0008D410FDBA41A61EB0301C0E90041012046
:1019D00070BD52EA0305F5D003F10045944271EB66
:1019E0000505EEE70020F3E72DE9F0410546012467
:1019F0008C4201D3BDE8F08155F8087F6E682B4614
:101A0000224653E902EC774576EB0C0805DA013AF9
:101A1000C3E900ECA3F10803F3D100EBC20340F8E3
:101A2000327001345E60E3E7014B5868704700BFD5
:101A3000001000E0034A53685B1A002B00DB70477C
:101A400000BFF8E7001000E0806E7047D0F88C30DF
:101A5000072B9FBF5A1C00EB8303C0F88C20D9666C
:101A6000836E5B1A002BB8BF8166704770B5D0B12A
:101A7000C9B1C2B1D0E91843A34214D25C1C446678
:101A800000EB83050024146094605460AC6914601A
:101A9000C41830F8133094F8586096720B80AB6B12
:101AA0008366207C70BD0120FCE738B504460D46F6
:101AB000902200210CF0FCFC25662A4604F1580017
:101AC0000121BDE838400CF0F3BC08461146FFF791
:101AD0009DBC10B5044640B1382200210CF0E8FC52
:101AE0002046BDE81040FFF777BD10BD2DE9F04757
:101AF00089468AB090461C460546002866D0002BD1
:101B000064D0002A62D0002960DB20220021184620
:101B100001260CF0CDFC4FF0000A267707AF2B6AA8
:101B2000ADF80EA00133012E2B62C7E900AAC7F859
:101B300008A0667706D9AB6A0133AB62A37F43F096
:101B40000103A37739460DF10E00FFF75FFC8446D1
:101B500097E8070004F1100383E80700604690B19E
:101B6000EB6A0133EB62A37F43F002030136F6B266
:101B7000B045A3772077D2D243F00803A3776B6BED
:101B800001336B631FE000220023CDE9042304AB83
:101B90000093079ABDF80E104B462846FFF729FD23
:101BA00030B12B6B01332B63A37F43F00403DDE7DC
:101BB000BDF80E302380DDE904232077C4E9022339
:101BC0006B6A01336B620AB0BDE8F0870120FAE767
:101BD00008B5FFF701F99FED057A9FED050A07EEBD
:101BE000900A67EE877A27EE800A08BD0000B443AA
:101BF000000080372DE9F843089F84460020B7B3E2
:101C0000012A73F100051DDBB1F1004F08BF8445C7
:101C100018D0540844EAC374D4F1FF386FF000457B
:101C200081424FEA630EA5EB63050DDBE0458D4174
:101C300008DB1CEB04004EEB0101FFF70BF9C7E9D1
:101C400000010120BDE8F883DCF1000961EB4106E9
:101C5000C845B541F6DBB4EB0C006EEB0101FFF7B4
:101C6000F9F8404261EB4101C7E90001E9E7384674
:101C7000E8E7F7B50346084661B192B3490803EBBC
:101C8000C10510F0010053F83130696804D0C2E991
:101C90000031012003B0F0BD012B55E9024671F17E
:101CA000000512DBDD43A5426FF00045A5EB010501
:101CB000B541EFDBE01800924FF000034FF0020255
:101CC00046EB0101FFF796FFE4E753EA0105F1D087
:101CD0005F424FF0004565EB0105BC4276EB050520
:101CE000E7E71046D6E72DE9FF419446DDE90A27EC
:101CF0000C9E044688461AB9002004B0BDE8F08165
:101D0000002FF9D0002EF7D000200021CDE90201EC
:101D10004FF0FF3003F500454FF6FF71604571EB62
:101D20000505E9D308F50045A042A941E4D319040B
:101D300002AB00934FEA0C40002341EA1C41FFF73D
:101D400059FF0028D8D0DDE90232012B4FEA0841C3
:101D500072F1000541EA14414FEA04440FDBDD4310
:101D6000A5426FF00045A5EB02058D41C4DBC7E934
:101D700000321B1942EB0102C6E90032BDE753EA0B
:101D80000205F4D0D3F1000C4FF0004565EB0205DD
:101D9000644571EB0505E9E72DE9F04385B0DDE920
:101DA0000C540E9EDEB104F500474FF000084FF0D2
:101DB0000009B7F5803FCDE9028910D202AF009744
:101DC000FFF7F4FD58B1DDE9020123042A0443EAD8
:101DD00015430C9605B0BDE8F043FFF7E7BD0020C2
:101DE00005B0BDE8F08300002DE9F04F2DED028B2A
:101DF00099B0DDE9245808932A9C289B0D93299BD0
:101E00000C900592099334B19022002120460CF0E9
:101E10004FFB0123E3700C9B002B00F06082002D30
:101E200000F05D82B8F1000F00F05982002C00F044
:101E30005682D8F80030002B00F05182D8F80430D8
:101E4000002B00F04C82AB68002B00F04882EA685F
:101E5000934200F244826A69002A40F34082AA69F0
:101E6000002AC0F23C822878012800F2388206D18C
:101E70006A68002A44DDD8F80820002A40D0269A53
:101E800052B1279A934200F22A82402B00F2278215
:101E9000099A002AC0F223824FF0FF306FF0004110
:101EA000C4E9060100204FF00041059AA260C4E990
:101EB00008019FED9B8B0027089AE2602365A770BD
:101EC0003E46BA46D4F85490994511D304F13003F4
:101ED000029304F12803CDE9009305980899D4E909
:101EE0000423FFF700FF002840F01E81207009E165
:101EF000A26DEB689A4208D3002323700720E0709C
:101F000019B0BDEC028BBDE8F08F2B78012B2FD1DF
:101F100094F801B0BBF1000F2ED0A36F6A69F31AD9
:101F2000934203D9002323700820E8E7D8F808304B
:101F3000D8F80C0031469847B146D8F80030D8F8A8
:101F40000C00ADF838A014AA0EA9CDE914AACDF85A
:101F500058A09847A26D511C9DF85A20A1650346D0
:101F600062B9636E84F800A0013363660620C6E799
:101F70004FF00009CB46E0E7D946DEE7149AE26766
:101F8000012945D1A2672978012902D16E686170C3
:101F90001644D8F80420D8F80C0006939047A26F96
:101FA0006969821A8A428346C4F88020BAD8069B9F
:101FB0008DED108B002B40D09A1ED2B2012A02D890
:101FC000E26D0132E2652371A36E0137BB422B69DA
:101FD00038BFA766BB428FD3D4F85490AB689945FD
:101FE000BFF474AF2A78012A7FF46CAFBBEB060B09
:101FF0003FF568AFE26E6968BBFBF1FB0BF1010BCB
:1020000012EB0B02BFF478AFE2660BFB016659E7F7
:10201000BBF1000FBDD0A2EB0901002908DAA9EB42
:102020000201626F8A4238BF61676E684E44B0E752
:10203000FBD0226F01322267F3E710AB0093AB694C
:10204000149ABDF838100C98FFF7D3FA0428034609
:1020500003D1226E01322266B5E70028B3D1DDE953
:102060001023CDE9062312AB0093DDE90601059AA2
:10207000089B8DED128BFFF799FC002840D0DDE91D
:102080001232012B72F10007D4E904102BDBDF437D
:102090008F426FF00047A7EB0207874130DBC9187A
:1020A00040EB0200C4E904102699676D61BBD4E9D6
:1020B0000601834272EB0101D4E90801B8BFC4E90B
:1020C000063298429141B8BFC4E908321FB9DDE930
:1020D0000623C4E91023DDE9062301376765C4E957
:1020E0001223002778E753EA0207D8D0D3F1000C77
:1020F0004FF0004767EB0207614570EB0707CDE73C
:10210000002323700920FAE62799B942CFD92699EE
:10211000269801EBC70140F837304A60C7E700BF97
:102120000000000000000000269B002B00F0B9809A
:1021300009F1FF333F2BC4F8849000F2B280269857
:102140004946FFF751FC4FF0000A4FF0000B0EAA72
:10215000CDE90EABFFF78DFD002800F0A280269D93
:10216000634E05EBC9030C932F460DF15008DDE9D2
:102170000E23CDF80080F7E80201CDE90A23CDE96E
:1021800014ABFFF713FC002800F08F80DDE9143258
:10219000002A02DA5B4262EB4202C6E900320C9B83
:1021A000BB4206F10806E2D151484946FFF71CFC44
:1021B0000026002710AACDE91067FFF75AFD002876
:1021C0006FD0DDE910014B4B83424B4B8B41CDE986
:1021D000126766D340F2072612ABA0FB06070093F6
:1021E0006422002306FB0171FFF704FD002858D08C
:1021F000DDE912AB0D9B9A45099B9FED3B7B7BEB89
:1022000003034FF00007BCBFDDF834A0DDF824B0B5
:102210000697B846B946D5E9006114AB009330463D
:10222000DDE90A2309918DED147BFFF7BFFB08352B
:10223000099900283ED0DDE91432002A02DA5B4217
:1022400062EB42029A457BEB020244DB012E71F104
:10225000000334DBF343BB426FF00043A3EB010305
:1022600073EB08031DDBF619374641EB080809F14B
:1022700001090C9BAB42CED1069BC4E92239B9F1CE
:10228000000F0ED004F13803029314ABCDE9009394
:10229000059808993A464346FFF725FD08B1012302
:1022A000A37001232370002029E64FF0FF336FF065
:1022B000004272E74FF0FF336FF00042C2E756EA88
:1022C0000103D0D072424FF0004363EB0103974209
:1022D00078EB0303C6E7069B01330693C9E70120A9
:1022E0000EE600BFAFF30080000000000000000019
:1022F000880000205E77026D05233F00F0B51F4681
:102300000D4B054616460FCB8DB008AC84E80F0088
:10231000189B0693DDE91623CDE90423149B039350
:10232000139BCDE90143129B009332463B4628465E
:10233000FFF75AFD0DB0F0BD340201082DE9F04F52
:102340000022ADF5297D0023CDE91423CDE9162324
:1023500016AC022314AD00930294019501220023D0
:1023600064200021FFF7BFFC78B12B68159AA3F514
:10237000004313432ED12368179AA3F5C9031343CF
:102380000CBF012300230A9300E00A90022300936C
:10239000CDE901544FF0FF324FF0FF336FF063008F
:1023A0004FF0FF31FFF79FFCB0B12A68159BB3F1E6
:1023B000FF3F08BF12F5004F40F0A383179B226830
:1023C000B3F1FF3F08BF12F5C90F0CBF0123002373
:1023D0000B9302E00023D6E70B9001220023CDE906
:1023E000182300220023CDE9002318AC4FF4C802C3
:1023F0000023029410461946FFF7CEFC002840F057
:10240000828300230D93CB4BCB4E0FCB1DAD0DF52F
:10241000047885E80F0002214046FFF746FBC74BD2
:1024200084934FF47A714FF48263CDE98A1340F2BA
:10243000ED3040F2154321AFCDE9920340F2E33392
:1024400028A89E93C5F80C80FFF7C6F801233B70BF
:1024500028240223C7E90143C7E903331423C7E94A
:1024600005630022002360AE0024CDE90423CDE9FA
:102470000244CDE9007506966422002328A8FFF7E0
:10248000B3FC90BB347884B3B36D022B40F0588317
:10249000736D022B40F05483F46E002C40F0508397
:1024A000D6E91032643B13431FD1D6E91232653BA3
:1024B00013431AD1D6E90632134316D1D6E90832AE
:1024C000013B134311D1D6E90C32A3F5C9031343E1
:1024D00040F03683A79B012B40F032839F9CA4F5EC
:1024E000826BDBF1000444EB0B0404214046FFF750
:1024F000DCFA934B8493A3F1041385934FF47A7C15
:102500004FF48263CDE98AC34FF4876E4FF48C6336
:10251000CDE98CE340F2ED3940F21543CDE99293D9
:1025200040F23D4A40F26543CDE994A328A840F229
:10253000E3339E93FFF750F80423C7E902333B616E
:10254000002200234FF00009CDE90423CDE90299D0
:10255000CDE9007506966422002328A8FFF744FC05
:10256000002840F0EF82D6E90623B3F1FF3F08BF11
:1025700012F1040F40F0E982D6E90832043B13431C
:1025800040F0E382D6E91013D6E912029A4208BF5E
:1025900088420CBF01234B46089304214046FFF7B5
:1025A00084FA664B849303F1021385934FF47A7B8C
:1025B0004FF482634FF48762CDE98AB34FF48C63A2
:1025C000CDE98C2340F2ED3140F21543CDE9921371
:1025D00040F23D4040F26543CDE9940340F2E333DD
:1025E00028A89E934FF00009FEF7F6FF0022002373
:1025F000CDE90423CDE90299CDE900750696642260
:10260000002328A8FFF7F0FB002840F0A082D6E9BD
:102610000632134340F09E82D6E90832033B13434F
:1026200040F09882D6E91232D6E910105B1AA3F175
:10263000030362EB000213430CBF01234B460993D3
:1026400003214046FFF731FA6423ADF812326623C6
:102650004FF47A7CADF814324FF48263CDE98AC32B
:102660004FF487638C9340F2ED3940F21543CDE986
:10267000929340F23D430226949328A840F2E3331C
:102680008DF820629E9360AFFEF7A6FF4FF0000921
:1026900021AB032200200021CDE92422CDE9040151
:1026A000CDE90035CDE9029906976422002328A8D8
:1026B0002396FFF799FB0646002840F04D829DF8CF
:1026C0008131002B00F04A82769B032B15D1759B3C
:1026D000022B12D1779B012B0FD19DF88431022B55
:1026E0000BD1A79B022B08D19F9BB3F5826F04D11E
:1026F000A09EA6F587677E427E4103214046FFF7F4
:10270000D4F90E4B84936623ADF814324FF47A7BE0
:1027100040F26543CDE98AB34FF4916340F2ED3165
:102720008C9340F26A43CDE9921340F28D43949327
:1027300028A807E044020108A086010064006500A3
:102740006400680040F2E3339E930DF5C079FEF714
:1027500043FF4FF0000A21AB032200200021CDE906
:102760000401CDE900352392CDE902AACDF81890F5
:102770006422002328A8FFF737FB0746002840F013
:10278000EF817B9B022B13D17C9B012B10D17D9B76
:10279000552B0DD1A79B022B0AD19F9BB3F5826FBE
:1027A00006D1A09FA7F5916ADAF1000747EB0A0767
:1027B00002214046FFF779F9BA4B84936FF00F0E70
:1027C0001023CDE98AE36FF00A081523CDE992833F
:1027D00028A86FF01F039E934FF02009FEF7FCFE20
:1027E0000222CDE9229221AB00200DF5C078002114
:1027F0004FF00009CDE92422CDE90401CDE90035EF
:10280000CDE90299CDF818804FF6FE72002328A872
:10281000FFF7EAFAB8B9809B252B40F0A3817B999A
:10282000002940F09F81DDE97032A3F57F43FE3B34
:10283000134340F09981DDE97232A3F10113134390
:1028400008BF4FF00109082184A8FFF72EF9964B25
:102850008493013B8593954B86930DF5097803F599
:102860008013879342464FF47A7342F8043F591D10
:102870002833B3F5A56F1162F7D140F2E33328A8EE
:102880009E932825FEF7A8FE0822CDE92252CDE925
:102890002422039230AA21AB0020002102920DF5E0
:1028A000C07A1DAACDE90032CDE90401CDF818A007
:1028B0006422002328A8FFF797FA0546002840F075
:1028C00055819DF88231002B00F05281819B082BAD
:1028D00015D1829B012B12D1839B072B0FD1DDE9F0
:1028E0006E32A3F5C803134309D1DDE96C32A3F5B9
:1028F000CB03A3F5C04313430CBF012500250821DA
:1029000084A8FFF7D2F84FF06413CDE9843386939F
:1029100003F58033879342464FF47A7342F8043FBD
:10292000591D2833B3F5A56F1162F7D140F2E33397
:1029300028A89E93FEF750FE00220023CDE9042331
:102940000823039340AB02931DAB0DF5C07A0193AE
:1029500021AB0093CDF818A06422002328A8FFF72C
:1029600043FA002840F006819DF882313BB1829BFA
:10297000012B40F00181839BD81F434243410C93BC
:10298000082184A8FFF791F84FF06413CDE9843350
:10299000869303F5803387934FF47A7348F8043FA6
:1029A0005A1D2833B3F5A56FC8F82020F6D10DF1D4
:1029B000A00840F2E33340469E93FEF70DFE092245
:1029C0000023CDE904230823039350AB02931DABEE
:1029D0000DF5C07B019321AB0093CDF818B06422B4
:1029E00000234046FFF700FA002840F0C7809DF81A
:1029F0008231002B00F0C280829B002B40F0C1800E
:102A0000839BA3F10801D1F1000A4AEB010A404679
:102A1000FEF7E2FD00220023CDE91A230DF1680B39
:102A20000A231A466421CDF800B04046FEF7E1FDC6
:102A3000B8F802300F93D8F808301293D8F80C3059
:102A40001393D8F810301093D8F814300E901193D7
:102A5000CDF800B00A231422C8214046FEF7C9FD74
:102A6000042840F09080B8F802300F9A934240F06A
:102A70008A80D8E90223DDE91210834208BF8A4226
:102A800040F08180D8F81030109A93427BD1D8F86A
:102A90001430119A934276D1D8F818305A1E534206
:102AA000534105E0FEFF010064006500640063001F
:102AB0000A9A002A69D00B9A002A68D00D9A002A37
:102AC00067D0002C67D0089A002A66D0099A002A9D
:102AD00065D0002E65D0002F65D0B9F1000F64D00D
:102AE0004DB10C9A12EA0A0505D00E9A002A14BFBD
:102AF000002503F0010505F001000DF5297DBDE875
:102B0000F08F002364E42368199A13437FF479ACAF
:102B10004FF480320023CDE9002302944FF4C80221
:102B200000234FF4C8000121FFF736F900283FF4D5
:102B300068AC2368199A13430CBF0123002361E496
:102B40000024D2E4CDF8209027E5089025E5CDF8C3
:102B5000249075E5099073E54E46CEE51E46CCE51A
:102B6000574625E681466EE689466CE60025C6E6B0
:102B70001D46C4E6002302E70C9001E74FF0000A6F
:102B800045E7824643E7002392E70A9DB3E70B9DA2
:102B9000B1E70D9DAFE72546ADE7089DABE7099D81
:102BA000A9E73546A7E73D46A5E74D46A3E700BFA1
:102BB0002DE9F04F2DED048BADF5217D1AA8FEF720
:102BC00088FFFEF7F1FB354A0346602128A80BF089
:102BD000FDFB5F28A8BF5F2082B228A932233048BE
:102BE00009F0DCFAFEF722FB0446FEF723FB05465C
:102BF000FEF724FB0646FEF725FB2A4B0746D3F8D3
:102C00000080FEF7D1FB284A0095CDE903802346DA
:102C10004FF48071CDE9016760A80BF0D7FBFF2866
:102C2000A8BFFF2082B232231D4860A909F0B6FA7E
:102C30001E481F4C012106F077FD00280CBF01251E
:102C4000002503D123780BB9FEF7ECFA194825705B
:102C50004FF4804106F073FDFEF7E6FA18B1C82084
:102C600009F023FDE4E712AC234603224FF40041B0
:102C70001AA8FEF73BFF074610B3A37F0193637FBB
:102C800000930D4A0346602140A80BF09FFB3223BE
:102C900082B240A9024809F081FAE0E73404010851
:102CA00038040020000000204F040108000002400A
:102CB000B302002000080240D10401080000C8420D
:102CC00026885FED028A3046FEF772FBB6EE008A78
:102CD000F0EE487AE0EE287A11AD28461197FCEE26
:102CE000E77A17EE904AFEF775FB9DF844309DF8A1
:102CF00045209DF846109DF8475018B113B90AB900
:102D000001B9BDB1CDE903326422B4FBF2F302FB99
:102D10001344CDE90515CDE900349B4A02903346B2
:102D2000802140A80BF052FB322382B240A9974881
:102D300009F034FADFF87CB295499BF80040954AD7
:102D4000DFF87482DFF87492934DDFF874A2002CE0
:102D500040F0F4809FED8A7B01238BF800308F4B8D
:102D60000E8083ED007B8AED007B8D4B1460C8F8EC
:102D70000040C9F800402C601C60D8F80030A34225
:102D8000B8BFC8F800402046FDF7CCFBDAE90023C5
:102D900006460F46FDF77AFACAE90001DFF8FCA102
:102DA000CDE90E0132463B4630463946FDF724FC5C
:102DB000DAE90023FDF76AFA06460F46CAE900671A
:102DC000DFF8DCA1DAF8000001301828CAF80000AA
:102DD0007FF645AFFDF796FB02460B46CDE90C01A9
:102DE000DDE90E01FDF732FDDDE90C23CDE90E0131
:102DF00030463946FDF72AFDDDE90E2306460F462B
:102E000010461946FDF7F8FB02460B463046394698
:102E1000FDF73AFA02460B4643EC192B0022002339
:102E2000FDF77AFE002800F0A280B0EE490AF0EE2D
:102E3000690A0CF029F857EC106BD9F80030D8F873
:102E40000000C01A2B6840F2DA22934200F392800D
:102E500004F6396841F6724398458CBF4FF000087C
:102E60004FF0010880B2FEF7A3FAB0EE489A4D4B3E
:102E7000002230463946A0EE289AFDF707FAFDF702
:102E80006BFE80B2FEF794FAF0EE487AE0EE287A14
:102E90002888BCEEC99AFCEEE77A17EE907AFEF726
:102EA00087FAF0EE487AE0EE287A002CA0B2B8BF9C
:102EB0004042FCEEE77AB8BF80B217EE909AFEF778
:102EC00077FAA0EE288A64233748B7FBF3F6FCEEC6
:102ED000C87A03FB1671354FCDF8288017EE90CADB
:102EE00030EA240028BF384619EE102ADAF80040EC
:102EF0000994B9FBF3F403FB1497B2FBF3F5CDE9A6
:102F00000747BCFBF3F403FB152203FB14C3CDE915
:102F10000310CDE90543CDE901260523244A009598
:102F2000802140A80BF052FA322382B240A9174800
:102F300009F034F900238BF8003090E60C880E80FD
:102F4000341B116823B2002B01FA84F4B8BF5B4232
:102F500014602A689BB29A4207DBD9F800309C4281
:102F6000BFF60BAFC9F8004007E72B60F5E7002676
:102F7000002762E74FF0000874E700BFAFF300805E
:102F800000000000000000001405010838040020C3
:102F9000B0020020AC020020A0020020900200201D
:102FA000880200200000E03FFE34010832040108DE
:102FB0006C050108B2020020A8020020A402002033
:102FC000980200200268034B9A4201D105F0C6BE68
:102FD000704700BF0020004007B572B6064C074896
:102FE0004FF4005106F0ABFB00230193019BA34279
:102FF000F5D8019B0133F8E71FA107000008024044
:1030000010B594B0102200210AA80BF051FA142236
:10301000002103A80BF04CFA1F4B002101911A6C00
:1030200042F080521A641B6C03F080530193019BA1
:103030001A4B02911A6842F480421A601B6803F42A
:1030400080430293029B01214FF480330224CDE997
:1030500008134FF48003CDE90E43A822042308A8E7
:10306000CDE91032CDE9124307F05AFA08B1FFF763
:10307000B3FF0F23CDE9033405904FF4A0524FF472
:103080008053052103A8CDE9062307F025FC00287D
:10309000EDD114B010BD00BF0038024000700040F8
:1030A00080B5BAB000246D4D05F03EFEFFF7A8FFD5
:1030B0001422002132A80BF0FBF902942B6B684814
:1030C00043F004032B632B6B03F004030293029B76
:1030D00003942B6B43F080032B632B6B03F0800373
:1030E0000393039B04942B6B43F001032B632B6B23
:1030F00003F001030493049B05942B6B43F002033C
:103100002B632B6B03F00203224605934EF207015B
:10311000059B06F00FFB224652484FF4006106F073
:1031200009FB22465048402106F004FB01264EF2DE
:1031300007034B4832A9CDE93236CDE9344406F0D5
:103140001BFA4848349632A9CDE9326406F014FAE5
:103150004FF40063434832A9CDE93236CDE9344417
:1031600006F00AFA4023404832A9CDE93236CDE9CB
:10317000344406F001FA00942B6B43F400132B63E4
:103180002B6B03F400130093009B01942B6B43F40F
:1031900080032B632B6B03F48003224605210193EC
:1031A0000C20019B05F0C8FF0C2005F0F7FF22461C
:1031B00005210E2005F0C0FF0E2005F0EFFF22468E
:1031C0000521102005F0B8FF102005F0E7FF22468A
:1031D0000521112005F0B0FF112005F0DFFF224688
:1031E00005212F2005F0A8FF2F2005F0D7FF22464C
:1031F0000521382005F0A0FF382005F0CFFF22463A
:1032000005213A2005F098FF3A2005F0C7FF224635
:1032100005213B2005F090FF3B2005F0BFFF102269
:10322000214618A80BF044F9104A114B13604FF4D3
:103230008033C2E9013482F820400E4BD462D4605E
:1032400010460224166116769362D46182F83060CB
:10325000566105F095FD78B1FFF7BEFE00380240DB
:10326000000802400000024000040240180800204C
:10327000002001400100000F0523C8481A9318A937
:10328000CDE9186605F0B4FE0028E5D1C348042650
:1032900018A9CDE9186405F0ABFE05460028DBD17E
:1032A0000146102214A80BF003F91C22294623A87A
:1032B000CDE90A550BF0FCF82022294632A80BF084
:1032C000F7F8B74CB74BA560C4E90035204640F687
:1032D0006A03C4E90335C4E905550AAF08F026FBC3
:1032E0000028B9D14FF4805314A92046149308F054
:1032F000F7FC0028B0D1204608F044FB0028ABD1F1
:10330000CDE90A003946204608F0F2FD02460028C1
:10331000A2D17023CDE92330CDE92500CDE92700E6
:10332000299023A9204608F0B5FB002894D1324605
:1033300023A9204608F0AEFB00288DD1082223A93E
:10334000204608F0A7FB002886D100234FF4005246
:1033500032A92046CDE93233CDE934333693379262
:10336000399308F003FE054600287FF475AF204628
:1033700005F098FA102229460CA80BF099F88A4C0F
:103380001022294610A8CDE908550BF091F84FF00E
:103390008043C4E9003520464FF0FF33C4E90335CC
:1033A00008AEA560A56108F0C1FA00287FF454AF0B
:1033B0004FF480530CA920460C9308F091FC002890
:1033C0007FF44AAF204608F009FB00287FF444AFA1
:1033D000CDE908003146204608F08AFD0246002863
:1033E0007FF43AAF0123CDE911301090139010A96A
:1033F000204608F0DFFB00287FF42EAF02230422D2
:1034000010A92046CDE9103308F0D4FB034600286C
:103410007FF422AF6548DFF8C8C1654A03624FF404
:103420008044C0E90233C0E90443C0E90633C0E97F
:1034300000C206F08DF9034600287FF40DAF5D4809
:103440005D4F03614FF46122C0E900720C22C0E9B4
:103450000233C0E90523C36108F072FE0346002869
:103460007FF4FAAE5548564E564A0362C0E90062F0
:10347000C0E90233C0E90443C0E9063306F068F945
:1034800000287FF4E9AE5049504B0B604FF4827036
:10349000002301220224C1E90103C1E90442CB60F7
:1034A0004FF4007518220B624B628B6208460A23A8
:1034B000C1E90652CB6207F0CFFB054600287FF436
:1034C000CBAE0146CDE906001C221CA80AF0F0FF95
:1034D000294620222AA80AF0EBFF3D4C3D49A56071
:1034E0005323C4E90013204640F2E733C4E903350F
:1034F000C4E9055506AE08F045FA00287FF4ACAEE5
:10350000CDE906003146204608F0F2FC02460028CC
:103510007FF4A2AE6023CDE91C30CDE91E00CDE9D9
:10352000200022901CA9204608F0B4FA00287FF45D
:1035300093AECDE92A00CDE92C002E904FF4005334
:1035400031902AA920462F9308F010FD0546002847
:103550007FF482AE204605F0A5F91F481F4A056199
:103560004FF46123C0E900230C23C0E90255C0E9F0
:103570000535C56108F0E4FD044600287FF46CAE13
:10358000FEF700FAFEF75CF900283FF465AEFEF79F
:10359000D5FE00283FF460AE24E000BF18080020EC
:1035A0005005002000000140080500201007002001
:1035B000A086010038040020004800406407002075
:1035C00000540040801A06005806002000300140D8
:1035D000C0040020000401407C040020004400409E
:1035E0000058004000F01CF800F048F800283FF4B4
:1035F00033AE08F0E1FF074A0748214609F00FF80B
:10360000064B1860FDF70CFE00283FF425AE08F0CD
:10361000E5FFFEE7D03A0108B12B0008B402002014
:1036200008B500F0B3F90448044904F065FDBDE8AD
:1036300008400348FEF74DBA98080020F43A010804
:103640006008002000F046B900F054B900F062B9FB
:1036500008B5044804F048FDBDE808400248FEF7FC
:1036600038BA00BF980800206008002008B5FFF7AE
:10367000EFFFBDE8084000F081B9000070B52DED06
:10368000068B84B004F0DAFD00284AD0284C294D7E
:103690002046B0EE000A04F041FD0123B6EE000A18
:1036A0007B202B706B6200F035F9FFF7DFFF94EDA4
:1036B00007AAD4ED089A94ED099AD4ED0A8A94EDFC
:1036C0000B8A2E786C6A01A800F086F9B5EE40AA44
:1036D000F1EE10FABDF80420DDED027A9DF80C3011
:1036E00023D1F5EE409AF1EE10FA1ED1B5EE409AD4
:1036F000F1EE10FA19D1F5EE408AF1EE10FA14D17C
:10370000B5EE408AF1EE10FA0FD176B96CB962B914
:10371000F5EE407AF1EE10FA07D183F0010000F0E7
:10372000010004B0BDEC068B70BD0020F7E700BFC0
:1037300098080020600800201FB50446D8B10F4B40
:10374000DA6902601A6A42605A6A82609A6ADB6ABF
:1037500003610B4BC2601A785B6A8361027501A832
:1037600000F03AF9BDF80430A383029B23629DF870
:103770000C3084F8243004B010BD00BF980800203D
:103780006008002030B52DED028B054689B0B0EE03
:10379000408AC8B31D486B4603224FF40051FEF720
:1037A000A5F9044628BBDDE90201FEF711FADFEDB9
:1037B000187A9FED187A30EE480AB4EEE70AF1EE77
:1037C00010FA1BDCDFED147A9FED127AB4EEE70AF3
:1037D000F1EE10FA15D4114885ED000A04F09EFCB4
:1037E000FDEEC07AB7EE000A17EE903A98B200F0FC
:1037F00091F8204609B0BDEC028B30BD30EE470A8F
:10380000DBE730EE070AE1E70124F2E76008002079
:10381000000034430000B443000034C39808002083
:1038200042F6AB23B0FBF3F202FB130080B2704709
:10383000062070470C20704708B5044804F0F4FCDB
:10384000FDEEC07A17EE900A08BD00BF9808002070
:1038500000487047F005010808B507EE900A9FED93
:10386000197AF8EEE77A2DED028B67EE877AB0EEE3
:10387000408A9FED150A87EE800A0BF095FBF6EE65
:10388000007AE0EE277A67EE887AF5EEC07AF1EEFC
:1038900010FA14D4B7EE000AF4EEC07AF1EE10FA82
:1038A000D8BFB0EE670ADFED097A20EE270ABDEC3B
:1038B000028BBCEEC00A10EE103A98B208BD9FED24
:1038C000040AF0E7DB0FC94000AC2A4600A0064519
:1038D0000000000008B5012204484FF4006105F023
:1038E00029FF034B01221A7208BD00BF00000240ED
:1038F000C808002008B5002204484FF4006105F014
:1039000019FF034B00221A7208BD00BF00000240DD
:10391000C808002070B542F6AB250446B0FBF5F0B0
:1039200005FB10402DED028B80B2B0EE408AFFF710
:1039300093FF104B1E6804F63963B0EE480A7063BB
:10394000B3FBF5F005FB1030FFF786FF04F5E353FA
:103950001233B063B0EE480AB3FBF5F005FB10304C
:10396000FFF77AFF044BF06383ED018ABDEC028B15
:103970001C8070BD50050020C80800209FED020A81
:103980000020FFF7C7BF00BF0000000008B5FFF729
:10399000B1FF012211460E4805F0CCFE0C48002272
:1039A000022105F0C7FE00220948042105F0C2FEED
:1039B0000021084808F09AFA0421064808F096FA0F
:1039C0000448082108F092FABDE80840FFF7D6BF86
:1039D0000008024050050020034618B1024A07CAF9
:1039E00083E80700704700BFC8080020164B17483F
:1039F000D3F8101AD3F8142AD3F8183A814207D111
:103A000013498A4202D1134A93421BD000207047C7
:103A10001148814207D10E498A42F7D10D4A93429B
:103A2000F4D1012309E00D488142EFD10C498A42CB
:103A3000ECD10C4A9342E9D102230B481C2202FB31
:103A4000030070470023F8E70070FF1F27003C00C9
:103A500004473432353535382C0025003A004C0007
:103A60000B51343039333631D83B010809289ABF1D
:103A7000024B53F820000248704700BF583B010832
:103A8000040601080346B0B3D0ED007AF5EE407AA3
:103A9000F1EE10FA2FD1D0ED017AF5EE407AF1EE89
:103AA00010FA28D1D0ED027AF5EE407AF1EE10FA54
:103AB00021D1D0ED037AF5EE407AF1EE10FA1AD169
:103AC000D0ED047AF5EE407AF1EE10FA13D1027DD2
:103AD0008AB9806978B99A8B52B9D3ED087AF5EE34
:103AE000407AF1EE10FA06D193F8240080F001003C
:103AF00000F0010070470020FAE700000FB400B5A5
:103B0000ADF2747D0DF5EF6340F26C7153F8042B48
:103B1000009301A80AF0BEFC021E0ADD40F26B739E
:103B20009A4228BF1A460648C82392B201A908F053
:103B300035FB0DF2747D5DF804EB04B0704700BFF7
:103B4000380400200FB400B5A3B024AB802153F893
:103B5000042B019302A80AF09DFC021E08DD802AB6
:103B600028BF7F220548642392B202A908F016FB01
:103B700023B05DF804EB04B0704700BF38040020A8
:103B800073B5034600250846012611460A22013571
:103B9000AB4202FB06F6FAD107EE906AB5EEC00A18
:103BA000F1EE10FAF8EEE76A4CBFB1EE407AB0EEF3
:103BB000407AF6EE007AE6EE877AB5EEC00AFDEEC0
:103BC000E77AF1EE10FA17EE904A94FBF6F306FB53
:103BD0001344CDE9005407D553EA040204D0034A44
:103BE0000AF0F4FB02B070BD014AF9E70C060108C7
:103BF0000D0601082DE9F04F8FB09B469DF860300F
:103C0000199C03920293824680B17CB14722002125
:103C1000601C0AF04DFC0322227006AB40F21D71BD
:103C20005046FDF763FF064628B16070032528461D
:103C30000FB0BDE8F08F06AF0FCF04F108050FC538
:103C400097E80F0085E80F000123A362DDE90878FB
:103C500005F090F8B1460190012008F026FD06AB72
:103C6000032240F21D715046FDF740FF054630B17A
:103C7000032360702370D9E71F469046ECE70DF1EF
:103C8000180EBEE80F0004F1080CACE80F009EE827
:103C90000F008CE80F00A36A0133A362DDE908324C
:103CA000DF1B62EB0808B8F1000F02DA7F4268EB15
:103CB00048080399B3EB010C029962EB0B00C4E9CD
:103CC0000EC079B30028614602DA494260EB400039
:103CD00040F28F3C614570F1000034BF01210021AA
:103CE0000A2F78F1000821D209F10109E1B101366A
:103CF000E06A4845206B38BFC4F82C90B04200D22F
:103D00002663E06A84F84110072894BF0020012050
:103D1000082E84F840000DD1012384F8423000239E
:103D2000237084E70121DBE70E46E1E74FF000094D
:103D30004E46E6E7CDE9043205F01CF8019BC01AB7
:103D40006328DDE9043297D9002384F8423094F8DF
:103D500040302BB194F8413013B90225257066E745
:103D60000125FBE72DE9F0412DED0A8B9FED3E9AF1
:103D70009FED3EBADFED3EBA9FED3ECA0D46F0EE36
:103D800040AA16461C4680460027B0EE498AB0EE8F
:103D900049AAAF4212DB002D267033DCDFED327A08
:103DA00084ED01AA84ED02AA84ED03AA0023BDECF0
:103DB0000A8BC4ED047A2375BDE8F08107EE907A92
:103DC000B8EEE77AF8EC018A27EE0B7A78EEEA8A09
:103DD000C7EE0B7A013767EEAB7AC7EE8C9A07EE27
:103DE000906AF8EEE77A69EEA79AB0EE690A0BF0EE
:103DF000A3F8A0EE288AB0EE690A0BF0D5F8A0EE81
:103E0000289AC6E707EE905AF8EEE77AB0EE007A05
:103E1000C7EE278A28EE888A68EE898A84ED018AAF
:103E200028EEA80AC4ED028AA8EE080A0BF062F890
:103E3000F0EE480AB0EE409A84ED030AB0EE680A4C
:103E40000BF056F8DFED0B7A9FED097A20EE270A8A
:103E5000C0EE077A9FED087AB4EEC79AF1EE10FA39
:103E6000ACBF01230023A2E7000000000000B44320
:103E7000DB0F494000003443CDCC4C3D036A10B504
:103E80000C681C1B1368234413604C68436A1C1B9A
:103E90005368234453608C68836A1C1B93682344D3
:103EA0009360CC68C36A1C1BD3682344D3600C693D
:103EB000036B49691C1B136923441361436B591A33
:103EC00053690B44536110BD06EE902A07EE103A79
:103ED000F8EEE66AB8EEC77ABAEE0E6AC6EE877AF0
:103EE000091AF1EE086AA7EEA66AF2EE046AE7EE96
:103EF000866A27EEA77A27EE277A07EE901A27EE32
:103F0000267A06EE900AF8EEE77AB8EEE60AA7EE11
:103F1000270A0BF083B82DE9F047002986B00E463A
:103F200090460F4602DA404261EB41070546EA46F9
:103F30000024E946284639460A220023FCF7DAFF26
:103F4000AC4630320AF8012BBCF10A0F3A4672F146
:103F500000022346054604F101040F4602D3172C44
:103F6000E8D11623002E09DA172C07D004F1180225
:103F70000DEB02042D2204F8182C9C1C09EB040202
:103F800008F1FF31012312F8010D01F8010F9C42E5
:103F900003D00133182BF6D11724002308F804307E
:103FA00006B0BDE8F0872DE9F04F002487B08946C0
:103FB00016461470A0F1080725464FF07C0AA34668
:103FC0004C4502D107B0BDE8F08FF7E902016A461F
:103FD000FFF7A1FF6846FCF7FBF8002C0CBF2B464F
:103FE0006B1C0344B3F5806FECD214B106F805A046
:103FF00001356846FCF7ECF88046024670194544E6
:1040000069460AF0EFFA013406F805B0D8E7000077
:104010004F4B0022F0B583F8B020C3F8A820002849
:1040200000F08F80D0E90862D0E90A54D0E90C1082
:10403000C3E9AF62D3F8EC72D3F8D4223A44D3F890
:1040400018773A44D3F830773A44D3F848773A446B
:10405000D3F87C773A44D3F878783A44D3F8907818
:104060003A44B61AC3F8A862D3F8DC22D3F8F46253
:104070003244D3F820673244D3F838673244D3F857
:1040800050673244D3F884673244D3F880683244AE
:10409000D3F898683244C3E9B154AD1AC3F8AC52AE
:1040A000D3F8E022D3F8F8522A44D3F824572A440C
:1040B000D3F83C572A44D3F854572A44D3F88857A6
:1040C0002A44D3F884582A44D3F89C582A44A41A82
:1040D000C3E9B310C3F8B042D3F8FC42D3F8E422EA
:1040E0002244D3F828472244D3F840472244D3F847
:1040F00058472244D3F88C472244D3F888482244B6
:10410000D3F8A0482244891AC3F8B412D3F8E8229D
:10411000D3F800130A44D3F82C170A44D3F84417F1
:104120000A44D3F85C170A44D3F890170A44D3F82A
:104130008C180A44D3F8A4180A44801AC3F8B802A9
:10414000F0BD0146044605460246064670E700BF3C
:10415000D81000202DE9F043002900F0AB805B4B24
:10416000D3F89443002C00F0A580012583F829534F
:10417000D3F83053D1F858C0D3F84063D1F85CE09D
:10418000D1F86080D1F86490CF6E0135C3F8305318
:10419000D3F83C536544C3F83C534D6D2E44C3F8EB
:1041A0004063D3F844637644C3F84463D3F8486368
:1041B0004644C3F84863D3F84C634E44C3F84C6399
:1041C000D3F854633E44C3F854630F6FD3F8586375
:1041D0003E44C3F858634F6FD3F85C63B74288BF5F
:1041E000C3F85C73D3F860638F6EB74288BFC3F8BF
:1041F000607304EB800707F580578E6FC7F8406740
:10420000D1F88060C7F8106DBCF1FF0F04EB000619
:1042100042F2C85728BF4FF0FF0C06F807C0FF2D29
:1042200042F23C7728BFFF25F555BEF1FF0F42F65D
:10423000B00528BF4FF0FF0E06F805E0B8F1FF0FFC
:1042400042F6242528BF4FF0FF0806F80580B9F193
:10425000FF0F42F6983528BF4FF0FF0906F805908A
:1042600042F60C5572554ABB0D783DB3D1E90C6747
:1042700004EBC004C4E9006708B9C3E9DA67D3F8FE
:1042800034230132C3F834238B789BB1A0B1B0F54D
:10429000B47F0FD10E4B01221A70D1F884205A60DE
:1042A000D1F888209A60D1F88C20DA60D1E90E012B
:1042B000C3E90401BDE8F083064BECE7D3F85013E3
:1042C00083F82C230131C3F85013F3E7D8100020F2
:1042D00088140020701400200E4A30B50121151FEB
:1042E000814200DB30BDD2ED007A4B1E144634ED26
:1042F000017AF4EEC77AF1EE10FA03D5013B84EDB2
:10430000017AF4D205EB8303C3ED017A0131043263
:10431000E6E700BF0C0B0020084B0022C0B293F868
:10432000C810814206D001320C2A03F11803F6D1DD
:104330000020704703F1C800704700BFD81000206C
:104340002DE9F04788462DED0A8B0446F0EE409AA1
:10435000002852D0DFF8C090DFED2B8ADFED2BAACA
:104360009FED2BBADFED2BBA0027561807EE907A97
:10437000B8EEE77AC24627EE2A7AB0EE699AC7EE1F
:104380002A7A67EE8B7A87EEABCA1AF8010BFFF731
:10439000C3FF0546D0B1037808EE103AB8EE488A5C
:1043A00028EE0C8AB0EE480A0AF0C6FDB0EE40AA2C
:1043B000B0EE480A0AF0F8FDD5ED027A95ED017AE3
:1043C00060EE277AE7EE0A7A39EE279A5645DCD175
:1043D000F9EC017A013777EEC97ABC42E7EEA78A99
:1043E000C4D107EE904AB8EEE70A88EE800ABDEC29
:1043F0000A8BBDE8F0470AF07DBDBDEC0A8B9FED4E
:10440000020ABDE8F08700BF000000000000B443CE
:10441000DB0F494000003443602000202DE9F047C5
:1044200015462DED0C8B0E46142200211F46044626
:10443000F0EE40BAF0EE60AA0AF03AF807EB050891
:10444000A94619F801AB5046FFF766FF30B94E4B4D
:104450002361BDEC0C8B2046BDE8F087B6EB4A0F1C
:1044600001D84A4BF4E7C145EBD13A462946B0EEB4
:104470006B0A3046FFF764FF9FED45BA9FED458A12
:10448000DFED45CA9FED45DAF0EE409A002707EED2
:10449000907AB8EEE7AAA9462AEE2CAAF0EE6B8A2B
:1044A0002AEE0DAA19F8010BFFF736FF0646D0B128
:1044B000037809EE103AB8EE499A29EE0A9AB0EE5E
:1044C000490A0AF039FDB0EE40CAB0EE490A0AF0D6
:1044D0006BFDD6ED027A96ED017A60EE277AE7EE73
:1044E0000C7A78EEA78AC845DCD1F4EEC88AF1EEE2
:1044F00010FAB4EEE8BAC8BFB0EE688A0137F1EE40
:1045000010FAC8BFB0EE68BAB7F5805FBFD1DFED73
:10451000247AF4EEE7AAF1EE10FA38EE4B8A2FDD9A
:1045200089EEAA7AF7EE007AE7EE477A9FED1D7AD8
:10453000F0EEE76AF4EE476AF1EE10FA06D89FED66
:104540001A7AF4EEC77AF1EE10FA05D5174BC4EDDE
:10455000009A84ED018A7BE79FED157AB4EEE77A45
:10456000F1EE10FAC8BFF0EE477A0123237301235E
:10457000C4ED009A84ED018AC4ED027A637368E7A2
:10458000DFED0B7A0023F1E7170601082A06010880
:10459000286B6E4E286B6ECEDB0FC9400000803951
:1045A000BD378635FFFF7F7F6F1283BA3E06010855
:1045B00000000000B5EEC00AF1EE10FADFED126A5D
:1045C0004CBFB1EE407AB0EE407AF6EE007AE7EEFC
:1045D000267A07B5FDEEE77A642117EE902AB5EE4C
:1045E000C00A92FBF1F3F1EE10FA01FB13220092E4
:1045F00008D553EA020105D0044A102109F0E6FE6D
:1046000003B000BD024AF8E70000C84251060108A5
:10461000520601082DE9F04F91B01F469DF86C300D
:1046200007930B684B4C02939342CCBF4FF0FF3380
:104630000123059306900491934607F0E9FFD4F80F
:104640007C32DDF868904FF0000801330546C4F86D
:104650007C32CDF804800126CDF80C800298282306
:1046600032465946FFF730FCDDF80CA0049BB7EE4C
:10467000000A186080B2FEF7E9FF08AB0698032233
:1046800040F21D71FDF732FAD4F880320133C4F8DC
:10469000803298B107B13E6011B0BDE8F08F401B89
:1046A000002847DDD4F884320133C4F88432D4F8CA
:1046B0008832984288BFC4F888023BE0BAF1000F04
:1046C0001FD00A9B01990B9AB3EB080362EB01021E
:1046D0000599012911D113F1090F72F1FF3210DA96
:1046E0005B42D4F88C220132C4F88C22D4F8902298
:1046F0009A4238BFC4F8903203E00A2B72F10002EC
:10470000EFDADDE90A8301931A9B3BB1079BB342C1
:1047100022BF019BC9F80080C9F804300136292E58
:1047200012D007F075FF01352B1A002BB7DD284694
:1047300007F0C7FF4FF0010A282E09F10809CDF84C
:104740000CA08BD1584691E7002FA5D028233B60C1
:10475000A2E700BFD81000202DE9F04FAFB01F90A6
:10476000FFF744F90546002800F08680D0F80CA039
:104770000125FFF73BF9044600B1103421A8FCF7EE
:1047800077FF00287BD19DF88460002E78D02146E9
:1047900021A8FDF715F8012607463846FDF744F82D
:1047A000032F9CBF3B4B33F917803B4BD3F8102AA8
:1047B0001B9288BF4FF4FF78D3F8142AD3F8183A25
:1047C0001D93002CB8FA88F714BF012300238146FB
:1047D0004FEA57171C921E9354D02388A178E07893
:1047E00094F804C094F805E01A93A379A468BDF87E
:1047F000AEB0CDF85CB09DF88CB0CDF858B09DF857
:104800008BB0CDF854B09DF88AB0CDF850B0CDE95A
:104810000EE39DF889B01A9BCDF84CB09DF888B096
:10482000CDF848B0CDE90993BDF886B01E9B2C9A0F
:104830001892CDE90C0C0B91CDE9104BCDE9077323
:10484000CDE90567CDE903A51D9B02931C9B019350
:104850001B9B0093114A124B1F991248FFF74EF908
:10486000B8F1000F04D010484A464146FFF76AF9F4
:1048700038462FB0BDE8F08FDFF830A079E700268A
:1048800001278AE72346A646A446204621461A94D5
:10489000ADE700BF103B01080070FF1F7D06010857
:1048A000680601088A060108DD0801085C0601089F
:1048B0002DE9F04F2DED028BBF4CC04A217BC04B40
:1048C000ADF5815D81B0002908BF1A464A92FFF715
:1048D0008DF8002801F0D581C36849934FF0010B92
:1048E00094ED2E0A64A8FFF765FE94ED040A1422E5
:1048F000D8A90520FFF744F994ED050A1422DDA993
:104900000520FFF73DF994ED060A18220DF59E618A
:104910000320FFF735F994ED070A1422ECA90520CE
:10492000FFF72EF994ED080A1422F1A90520FFF7EC
:1049300027F994ED0E0A1422E2A90520FFF720F9C9
:1049400094ED0F0A1422E7A90520FFF719F994ED59
:10495000100A18220DF5A1610320FFF711F994ED5B
:10496000110A1422F6A90520FFF70AF994ED120A9C
:104970001422FBA90520FFF703F994ED0C0A142279
:104980000DF580610320FFF7FBF894ED160A142261
:104990000DF214410320FFF7F3F894ED1B0A1422E3
:1049A0000DF585610520FFF7EBF814220DF23C416F
:1049B00094ED1C0A0520FFF7E3F8824B94F8EC16FF
:1049C000814A002918BF1A4694F88F304E92002B66
:1049D00001F05C817D4968A809F0FCFD7B496CA869
:1049E00009F0F8FD794962A809F0F4FD94F8A430C3
:1049F000002B01F06281D4F8A030754A102170A814
:104A000009F0E4FC94F88C30002B41F05C8194F8C0
:104A10008E30704D002B01F05A816A4E6E4B94F827
:104A2000A402D3F8102A4C92D3F8142AD3F8183AD7
:104A30004F93B4F830325093B4F832325193B4F803
:104A40003432529363685393A368549394F8283391
:104A5000559394F8C8334D925693D4E92A2357932B
:104A600094F8B030589394F878325993FEF7FEFFDB
:104A7000D4F8A8325B93D4F8AC325C93D4F8B0325B
:104A80005D93D4F8B4325E93D4F8B8325F93D4F81F
:104A900004336093002AD4F80833B4F8B2705A9003
:104AA000619341F31781D4F80C13D4F81003A1EBF0
:104AB000020EDEF1000343EB0E034B93D4F81433E4
:104AC000464CA0EB0208D8F10000A3EB020940EB32
:104AD0000800B4F858C5D9F1000343EB0903364C7C
:104AE00094F80D8094F80E9094F86040032C96BFD3
:104AF000DFF808E1DFF8F8E05EF824E070AC4694F7
:104B000062AC45946CAC449468AC43942A4CD4F8A1
:104B10009C10429194F88FA0CDF804A1DFF8E0A09A
:104B2000CDE93F6A94F88D60CDE93D562C4D3C951A
:104B3000D4F888503B95D4F884503A95D4F88050F6
:104B40003995E56F3895A56E3795656ECDE935E5F4
:104B5000CDE93389CDE92D034B9B2C93619B2B939E
:104B600040F28E300923CDE929301E4B2893609BFB
:104B700027931D4B26935F9B25935E9B24935D9B00
:104B800023935C9B22935B9B184D21935A9B20930C
:104B9000599B1F93CDE931C5589B1E9364ADCDE958
:104BA0002F75579B124D1348CDE91C23074A1992C4
:104BB000114A18924E9A25E0D810002012090108D7
:104BC000130901084D3A0108363A01082309010882
:104BD00038090108260901080070FF1FD8200020AD
:104BE0009F0F0108D00F0108E80F0108B60F010858
:104BF000040601083F09010857030108483B010862
:104C00008E0F01081792B64A1692B64A1592569A16
:104C10001492B54A1392559A1292B44A1192B44A18
:104C20001092B44A0F924A9A0E92549A0D92539A45
:104C30000C92529A0B9206220A92519A0992509A19
:104C400000234FF4B476CDE91A36CDE90732AA4BEA
:104C50000693499B03934F9B02934D9B01934C9B5F
:104C6000A64A0093CDE904B5A54B0521FEF746FF02
:104C7000B727B623CDE90237A24B01960093D4E9BA
:104C800001230521A048FEF739FFD4E90167FEF7AB
:104C9000DFFDD4F890320F93D4F88C320E93D4F811
:104CA00088320D93D4F884320C93D4F880320B936D
:104CB000D4F87C320A93D4F89C320993D4F8983211
:104CC0000893D4F8943207934FF0280C0123CDE9D0
:104CD000053C8E4B03934A9B0490CDE90153499BBD
:104CE0008B48009332463B460521FEF707FFD4E987
:104CF000012394F860B04B93BBF1030F236D98BF71
:104D0000844D4C93A36F94F834C0A17B94F8240095
:104D1000A66A94F84CE094F80D80A78D94F85CA0F6
:104D2000B4F8549098BF55F82B5020930DF23C4B9B
:104D3000636FCDF878B00DF5856BCDF874B01F9327
:104D4000A36E1C93636ECDF864A0CDE91A534C9BFF
:104D5000DFF8E4B10DF21445CDE91795FBADCDE9CF
:104D600015E3CDE90B061495F1A8F6AD13950A905D
:104D70000DF5A165ECA812950990E7AD0DF59E60C3
:104D800011950890E2ADDDA8CDE90FC54A9B0790CB
:104D90000DF58065D8A8CDE90510CDE90D755E4902
:104DA0005E4D0293499B5E48039101950093052156
:104DB0004B9BCDF81080FEF7A1FE44F6206340F235
:104DC0001D72CDE9093202216023CDE9073140236C
:104DD0000693544B0593544B0493544B0393424B0B
:104DE0005348CDE90153499B0093D4E901230521A0
:104DF000FEF784FEABF2CE534D934E4B4B93ABF28A
:104E0000CE56B4234FF0000A4C935546A6F688744C
:104E1000D4F8A8309D42C0F29D870DF5A462D4E974
:104E2000C801FFF778F8D4E9C801FCF7D1FE0DF509
:104E30008A6105201422FEF7A3FE63684B93A368E2
:104E40004C93D4F804334F93D4F8BC325093D4F835
:104E5000C0325193D4F8C4325293D4F8C832539329
:104E6000D4F8CC325493D4F8D0325593D4F8D43209
:104E70005693D4F8D8325793D4F8DC325893D4F8F8
:104E8000E0325993D4F8E4325A93D4F8E8325B9381
:104E9000D4F8EC325C93D4F8F0325D93D4F8A830B7
:104EA000002BD4E9BD67D4E9BFCED4E9C281D4E9EF
:104EB000C405D4E9C69A41F39980A1EB030BDBF159
:104EC000000444EB0B04A0EB030BDBF1000242EB0C
:104ED0000B02A5EB030BDBF1000343EB0B032DE00F
:104EE000F90F01081A1001082A1001083B100108E7
:104EF0004710010865100108811001087D060108AE
:104F0000680601083011010887100108EF12010836
:104F10004D110108483B0108B60F010804060108BD
:104F200009130108581701086217010878170108CA
:104F3000181601089F3700202E2600200DF58A6BD9
:104F4000CDF888B00DF5A46BCDE9203B5D9B1393A4
:104F50005C9B12935B9B11935A9B1093599B0F93ED
:104F6000589B0E93579B0D93569B0C93559BCDE9E5
:104F70001E42CDE91A05CDE91881CDE91467CDE9C6
:104F80001C9ACDE916CE0B93549B0A93539B09931D
:104F9000529B0893519B0793509B06934F9B0593FD
:104FA000C74B0493C74B03934A9B0293C64B019391
:104FB000499B0093C548C64EDDE94B230521FEF70A
:104FC0009DFD00250DF5D4692F4634460DF5EC689E
:104FD00096ED350A102249460420FEF7D1FD96EDE4
:104FE000360A102208EB07110420FEF7C9FD96F8D7
:104FF000DC3013B10123BB401D4301370C2F06F1F8
:10500000180609F11009E3D194ED7D0A102274A964
:105010000420FEF7B5FD94ED7E0A102278A9042045
:10502000FEF7AEFD94ED830A10227CA90420FEF762
:10503000A7FD94ED840A102280A90420FEF7A0FDAC
:1050400094ED890A102284A90420FEF799FD94EDBD
:105050008A0A102288A90420FEF792FD94F81432DF
:1050600094F8FC2194ED300A5B0343EA02332B43AE
:1050700010228CA904204B93FEF782FD94ED310A97
:10508000102290A90420FEF77BFD94ED900A1022D7
:1050900094A90420FEF774FD94ED910A102298A9BA
:1050A0000420FEF76DFD94ED920A10229CA90420C5
:1050B000FEF766FD94ED930A1022A0A90420FEF7E6
:1050C0005FFD94ED940A1022A4A90420FEF758FD78
:1050D00094ED960A1022A8A90420FEF751FD94ED44
:1050E000970A1022ACA90420FEF74AFD0DF534788A
:1050F00094ED980A1022B0A90420FEF741FD0DF5A9
:105100003879414694ED9A0A10220420FEF738FDC2
:105110000DF53C7A494694ED9B0A10220420FEF7D7
:105120002FFD0DF5407B94ED9C0A10225146042082
:10513000FEF726FDC4AD94ED9D0A102259460420C9
:10514000FEF71EFDC8AE294694ED8E0A10220420FB
:10515000FEF716FD314694ED8F0A10220420FEF76B
:105160000FFD5C4BCCAF93ED000A394610220420B2
:10517000FEF706FD574B93ED000AF6EE007A20EE9F
:10518000270AD0A910220420FEF7FAFCD4F8A03296
:10519000CDF8F4A0CDE93EB394F87832CDF8E880AC
:1051A000CDE93B93D0A9B0ABCDE938713793ACAB27
:1051B0003693A8AB359394F864323493A4AB33930D
:1051C000A0AB32939CAB319398AB309394AB2F93BD
:1051D00094F854322C95CDE92D6394F837322B9303
:1051E0004B9B2A9394F83632299388AB289384AB4F
:1051F0002793B4F83432269306232593B4F8323239
:105200002493B4F83032239380AB22937CAB219368
:1052100078AB209374AB1F930DF501631E930DF5CE
:1052200000631D930DF5FE631C930DF5FC631B934A
:105230000DF5FA631A930DF5F86319930DF5F663FE
:1052400018930DF5F46317930DF5F26316930DF5AE
:10525000F06315930DF5EE6314930DF5EC63139362
:105260000DF5EA6312930DF5E86311930DF5E6630E
:1052700010930DF5E4630F930DF5E2630E930DF5B6
:10528000E0630D930DF5DE630C930DF5DC630B937A
:105290000DF5DA630A930DF5D86309930DF5D6631E
:1052A00008930DF5D463079390AB06938CAB0593ED
:1052B000D4F8AC300493D4F8A83003930CE000BFCA
:1052C000E80F0108D00F010804060108361901088B
:1052D000D81000204C2000204A9B0293C24B01931F
:1052E000499B0093D4E90123C04805210DF2644590
:1052F000FEF704FC0DF58F6694EDDE0A14222946B4
:105300000520FEF73DFC0DF28C4794EDDF0A1422D8
:1053100031460520FEF734FC0DF5946894EDE00A63
:10532000142239460520FEF72BFC0DF2B44994ED0A
:10533000E10A142241460520FEF722FC94EDE20A20
:10534000142249460520FEF71BFC94EDE30A1422C3
:105350000DF599610520FEF713FC94EDE40A142283
:105360000DF2DC410520FEF70BFCD4F83433002BA2
:1053700040F34186D4E9DA010DF5A762FEF7CBFDD3
:105380000DF5AD6200200021FEF7C5FD984C94F8A4
:105390002A33002B00F03B86D4E9DC010DF5AA622C
:1053A000FEF7B9FD4E9B1E93924B1D93D4F86433C8
:1053B0001C93D4F860331B93D4F85C331A93D4F85D
:1053C00058331993D4F854331893D4F850331793AF
:1053D000D4F84C331693D4F848331593D4F84433A7
:1053E0001493D4F840331393D4F83C331293D4F885
:1053F00034331193D4F8303310930DF2DC430F9310
:105400000DF599630E9394F82B337B48CDE90C93FB
:105410000DF5AA630B930DF5AD630A930DF5A76324
:10542000CDE90883CDE906670595D4F838330493B0
:1054300094F82A330393714B02936B4B0193499B6E
:105440000093D4E901230521FEF758FBD4F89433E7
:10545000002B40F0F9856A4C6A4D04F54078A4F5BC
:1054600076792378002B00F0A1806378002B00F080
:105470005386D4E918010DF5CE62FEF74CFDD4E950
:1054800006010DF5D162FEF746FDD4E908010DF5E0
:105490000262FEF740FD0DF54262D4E90A01FEF713
:1054A0003AFDD4E90601FBF779F8574B0022FBF7E8
:1054B000A3F8564B0022FBF79FF8FBF76DFB142275
:1054C00000EE100A0DF5C5610520FEF759FBD4E981
:1054D0000801FCF77DFB14220DF5C8610520FEF7DD
:1054E0004FFBD4E90A01FCF773FB14220DF5CB61E5
:1054F0000520FEF745FBD9E901234B932B68549314
:1055000023694C9363684E93A3684F93E368509369
:10551000D4E923735193D4F89430A0785293D4F8FB
:1055200098305393FEF7A2FA6378D4E927ABD4E915
:105530002161CDE91903539BCDF858A0CDE917B3EC
:10554000529B1593519B3248CDE913730DF5CB63F4
:1055500010930DF54263CDE911160F930DF5C86355
:105560000E930DF502630D930DF5C5630C930DF5C8
:10557000D1630B930DF5CE630A93509B09934F9B18
:1055800008934E9B07934C9B06934FF4B47305937B
:10559000549B04931F4B03934A9B0293124B01931A
:1055A000499B009305214B9BFEF7A8FAC034A04508
:1055B00005F104057FF455AF0D4C94F8C85394F8E9
:1055C000CA63D4F8D47394F8CC03002D00F0C985D5
:1055D000002E00F0C985042F40F0C6850E490F4B00
:1055E000002818BF19461BE004060108851C0108A5
:1055F000D8100020F90F0108982101082A1001088D
:10560000B0140020803B0108008076400000F03D8F
:10561000252501081A100108DB390108D9390108CC
:10562000FEF724FAD4E90128D4F8D093CDE90B0190
:1056300094F8CB33CDF82090CDE909730423CDE95C
:10564000066394F8C933D148CDE90453D04B039392
:105650004A9BD04D0293D04B0193499B00932E4619
:1056600043460521FEF74AFAF6E804010DF5B0625B
:10567000FEF751FC56E902010DF5B362FEF74BFC53
:10568000D6E900010DF5B662FEF745FCD5E9080143
:105690000DF5B962FEF73FFCD5E90A010DF5BC62D4
:1056A000FEF739FCD5E90C010DF5BF62FEF733FCBE
:1056B000D5E910010DF5C262FEF72DFCD5E9120106
:1056C0000DF5C562FEF727FCD5E922010DF5C8628C
:1056D000FEF721FCD5E924010DF5CB62FEF71BFC9A
:1056E000D5E926010DF5CE62FEF715FCD5E92A01B4
:1056F0000DF5D162FEF70FFCD5E92C010DF5026224
:10570000FEF709FCD5E92E010DF54262FEF703FC18
:10571000D4F81827D4F89437D4F8A017D4F8A407ED
:10572000D4F8A8771344D4F87C271344D4F8482736
:105730001344D4F8602703EB020ED4F82027D4F8E2
:105740009C371344D4F884271344D4F850271344C7
:10575000D4F8682703EB020BD4F8243762684C9224
:105760001944D4F88837A2684E921944D4F85437B3
:10577000D4F800281944D4F86C37CB184B93D4F8DC
:1057800028371844D4F88C371844D4F858371844BC
:10579000D4F870371844D4F82C371F44D4F8903715
:1057A0001F44D4F85C371F44D4F874371F4494F86E
:1057B000D8364F9203F1FF38D8F1000C4CEB080CAF
:1057C000072B96BF754ADFF8D08152F82380744BBF
:1057D000D3F8C8275092D3F8E827519293F8D926E6
:1057E000002A00F0C48493F8DC26032A00F2C28465
:1057F0006C4C54F8224093F87827002A00F0BD84BE
:1058000093F87937032B00F2BB84664A52F82330B1
:10581000634E96F8DB26002A00F0B58496F8DE2663
:10582000032A00F2B3845F4D55F82220D6F8705851
:1058300022950DF50269CDF880900DF542650DF5C4
:10584000D1692195CDF87C900DF5CE6AD6F8501827
:10585000CDF874A00DF5CB6ACDF870A00DF5C86A2F
:105860001E91CDF86CA096F8ECA6CDF868A096F83D
:10587000EBA64B991790CDE911430DF5C563109335
:105880000DF5C2630F93519B0E930DF5BF630D93FE
:105890000DF5BC630C930DF5B9630B93509B0A9304
:1058A0000DF5B663CDE9187ACDE9132ECDE915B122
:1058B00009930DF5B36308930DF5B063CDE9068345
:1058C0004F9B0493384B03934A9B0293324F499B5F
:1058D00000934C9A4E9B3548CDF814C00197052192
:1058E000FEF70CF92E4CDFF8E0A04FF0000894F81A
:1058F00004385FFA88FB5B4500F24B840DF50268C3
:1059000094F8C4182A484246FEF74DFB94F8081A4A
:1059100028482A46FEF747FBCDF80C8094F8C43897
:105920002548CDE90173499B0093D4E90123052162
:10593000FEF7E4F8039594F8083A2048CDE901739E
:10594000499B0093D4E9012305211D4CFEF7D6F8AD
:1059500004F1070A4FF00008A4F6993B14F8011F60
:1059600008F1010891B32A465046FEF71CFB049546
:1059700023780197CDE90283499B0093DBE901235A
:1059800010480521FEF7BAF820E000BF46270108BD
:105990001A1001088818002004060108183B0108A5
:1059A000D8100020383B0108F90F010850280108E1
:1059B000A0190020E81A00201C2D01089D2D0108C7
:1059C000711C00201E2E01082C3C0108B8F1030FA9
:1059D0000AF5A07AC2D1C24CC24994F82C0394F8BB
:1059E00029A3D4E9CCB34B93FEF740F894F82AE30B
:1059F000BD4BD4E90128BEF1000F18BF19464B9BDF
:105A0000CDE903B3499B0093CDE90501CDE9017AC6
:105A1000B64843460521FEF771F8277B002F40F07A
:105A2000F28094F8B030002B00F0FB8394F88D30B6
:105A3000002B00F0E8800DF55478B4F8B410AC48B1
:105A4000D4F800A09FEDAB8AFEF77CF894ED2E0A07
:105A50004046FEF7AFFD4146A748FEF773F8CDF884
:105A600000804346D4F8BC20B4F8B210A348FEF737
:105A700069F8B8460AF10107D4F8A8309845C0F291
:105A8000A283DFF8CC820093D4F8603F9C483A466A
:105A90006421FEF757F8B8EC010A0DF5B36A0DF56D
:105AA000B060FEF787FD98ED000A5046FEF782FDD4
:105AB000CDF804A0B4F86E3F0093B4F86C2F914871
:105AC0000DF5B0633946FEF73DF80120FEF724FCE2
:105AD00082460620FEF720FC8046BAF1000F00F057
:105AE00094839AED030A0DF5B660FEF763FDBAF1F3
:105AF000000F00F08D839AED040A0DF5B960FEF7F2
:105B000059FD81480DF5B9630DF5B6623946FEF7CA
:105B100019F8B8F1000F00F07E8398ED030A0DF537
:105B2000BC60FEF747FDB8F1000F00F0778398EDF9
:105B3000040A0DF5BF60FEF73DFD0DF5BF630DF5E1
:105B4000BC6239467148FDF7FDFF96ED8E0A0DF5F2
:105B5000C260FEF72FFD96F837226D4E6D480DF5A9
:105B6000C2633946FDF7EEFF96ED000A0DF5C560FC
:105B7000FEF720FD0DF5C56239466748FDF7E2FFE7
:105B800096ED020A0DF5C860FEF714FD0DF5CE681E
:105B900096ED030A0DF5CB60FEF70CFD96ED040AB9
:105BA0004046FEF707FD0DF5CB630DF5C86239469B
:105BB0005A48CDF80080FDF7C5FF96ED010A48462A
:105BC000FEF7F8FC4A4639465548FDF7BBFF16ED8F
:105BD000010A0DF50260FEF7EDFC52480DF5026278
:105BE0003946FDF7AFFF0DF5026239464E48FDF725
:105BF000A9FF28469FED4D0AFEF7DCFC4C482A46DB
:105C00003946FDF79FFFD4E92A59002DD4E9012830
:105C100094F878A240F31983D4F80C63D4F81013E5
:105C2000D4F81473731B5E42A1EB0500A7EB050CBF
:105C30005E4141424141DCF1000747EB0C0794F81B
:105C4000A402FDF713FF94F8B0C0274B254CBCF11C
:105C5000000F18BF1C464A9B0093CDE90704CDE90D
:105C60000517CDE903A6CDE9015932484346052180
:105C7000FDF744FF0DF5815D01B0BDEC028BBDE881
:105C8000F08F2D4B49938346FEF72ABED4F890300F
:105C90002A4A102168A808F099FBD4F89430274AC2
:105CA00010216CA808F092FB94F89830244A08213F
:105CB00062A808F08BFBFEF799BE224970A808F095
:105CC00089FCFEF79FBE204D1E4EFEF7A7BE1F4E5D
:105CD000FEF7A4BE0023BC4618464B93FEF7FFBE5A
:105CE000D8100020D9390108DB390108A62E010897
:105CF000492F01080000B4435C2F01087C2F0108E4
:105D0000DF2F01080E30010850300108A0300108D3
:105D10004C200020083101083D3101088231010882
:105D2000B6310108DA310108D03101080000000065
:105D3000FA310108653201085C06010838090108DA
:105D40003C0901082309010816090108363A01082F
:105D50003C2000203BF8020F0DF5D167FBF728FB34
:105D60000DF5D468142239460520FDF709FFB6EC7D
:105D7000010A142241460520FDF702FFCDE906780D
:105D8000BBF800300593B4F8B220D6F8B438A34875
:105D900013449BB2CDE903534A9B0293A04B01935A
:105DA000499B0093D4E901230521FDF7CBFE4B9BD2
:105DB0009C4801334B9393F8743105934B9B1B78AC
:105DC0000493BBF8883E0393D6F8843ECDE9015393
:105DD0004A9B0093D4E901230521FDF7B3FED4F8D3
:105DE0009433002B52D0D4F8082395424EDA591937
:105DF00042F6F4728F5C05F5BA7203EBC203D3E985
:105E000000890DF5426240464946FEF784F8404657
:105E10004946FBF7DDFE14220DF502610520FDF772
:105E2000AFFED4F894C343F268100CEB0501D4E93B
:105E3000012311F800E001F53A510978032996BFD2
:105E40007948774850F8210005F58B5110313CF81E
:105E500011100B910DF502610A910DF54261099146
:105E6000C7F380010891C7F3400107914A99029155
:105E70006B49019107F0010749990091CDE90507A8
:105E8000CDE9035E69480521FDF738FED4F8947327
:105E9000002F63D0D4F834339D425FDA0022002310
:105EA0000DF5CE61C1E90023237B4FF4B472002BC2
:105EB00040F095804C9800235146FBF71BF8EB000F
:105EC0004F93C317CDE900030DF5CE68CDF80880D8
:105ED00007EBC501D7E90023D1E90001FBF75CFF1F
:105EE00000283BD0524FD7F89433EA0013440DF505
:105EF0000269D3E900014A46FEF70DF80DF542624A
:105F0000D8E90001FEF707F8D8E90001FAF746FBE7
:105F1000484B0022FAF770FB474B0022FAF76CFB64
:105F2000FAF73AFE142200EE100A0DF5EC61052096
:105F3000FDF726FE0DF5EC6306930DF54263CDE902
:105F400004934A9B0293364B0193499B039500931C
:105F5000D7E9012339480521FDF7F4FDD4F894135E
:105F6000002932D0D4F830339D422EDA01EB85037C
:105F700003F580532944D3F84087D3F8109D42F6A7
:105F80000C53D4E90127C85CFDF770FD42F6983345
:105F90000990CB5C089342F624232948CB5C0793F5
:105FA00042F6B003CB5C069342F23C73CB5C0593A4
:105FB00042F2C853CB5CCDE903934A9B0093CDE9F1
:105FC00001583B460521FDF7BDFD4C9B13F5803381
:105FD00005F101054C934AF1000AFEF719BF4C98F0
:105FE00000235146FAF786FF404268E70022144634
:105FF0001346FEF7A3BF13490DF5A76008F0EAFAB0
:1060000010490DF5AD6008F0E5FAFFF7BFB90D498D
:106010000DF5AA6008F0DEFAFFF7C4B98E17010883
:1060200004060108B8170108383B0108E017010809
:10603000D8100020008076400000F03DD018010804
:10604000FE180108230901084FF4B4730026CDF8A7
:106050007436804FCDF870660DF5CE634B934B9B35
:10606000D7F8342353F8045B4B93954244DA7A4AC9
:1060700002F11804002D08BF1446D7F8942302EB50
:10608000C50152F835A0D1F804B00DF5D1625046E3
:106090005946FDF740FF22780DF542690DF502687B
:1060A000002A30D0D4E904014246FDF734FFD4E998
:1060B0000401B0EB0A004A4661EB0B01FDF72BFF30
:1060C000CDE90A890DF5D163092209930892E268A6
:1060D0000792A26806926268059222784A9B029310
:1060E000CDE903525D4B0193499B0093D7E901230E
:1060F0005B480521FDF702FD731C022B4FF00106E2
:10610000ADD1FFF7A8B95749404608F063FA5549A1
:10611000484608F05FFAD3E752490DF5CE6008F023
:1061200059FA50490DF5D16008F054FA4D490DF572
:10613000026008F04FFA4B490DF5426008F04AFA48
:1061400048490DF5C56008F045FA46490DF5C860A7
:1061500008F040FA43490DF5CB6008F03BFAFFF731
:10616000CAB94149FFF75CBA4049FFF759BA3D4CFB
:10617000FFF741BB394CFFF73EBB3A4BFFF748BB3B
:10618000364BFFF745BB374AFFF750BB334AFFF7A3
:106190004DBB0BF2011304EBC303D3E900012A4604
:1061A000FDF7B9FE5AF82B300395CDE90173499BF1
:1061B0000093D4E901232E480521FDF79FFC08F147
:1061C0000108FFF794BBBAF1000F18DB07EE908AC5
:1061D000B8EEE70A0DF5026020EE080A80EE080A24
:1061E000FEF7E8F94D9B284693ED000AFEF7E2F929
:1061F00020482B460DF502623946FDF7A3FC4D9B66
:10620000043308F101084D9336E49FED1B0A6AE45C
:106210009FED190A71E49FED180A80E49FED160ABC
:1062200087E4D4F8603FD4F8A86094F8A40294F806
:106230007822F51AFDF71AFC21680346CDE90056CD
:106240000E480131FDF77EFCDDE400210E460F46CD
:10625000F5E400BFD81000207014002004060108E7
:1062600024240108230901082F090108D93901084C
:106270009D2C0108BA2F01080000000024320108FB
:106280002DE9F04F2DED0C8BADF2844DCDE92501BC
:10629000149336482C9200232393FDF753FC344B80
:1062A000149A3448344C002A08BF1846FEF754FAB2
:1062B00050B90A23237000230B930B980DF2844DE1
:1062C000BDEC0C8BBDE8F08F2C4B1A680132169296
:1062D0001A60FDF7B9F96EA8FDF72EFAFDF7C6F9B9
:1062E00078A8FDF729FA78A8FDF7CCFB0B9028B920
:1062F0000A2323482370FDF725FCDCE7FDF7A2F90C
:1063000002F038FD1F4B1D901B7817935BB31E4B9B
:106310001B68C31A1C22002150A8209308F0C8F85B
:1063200002F028FD0546FDF787FADFED188A124BCB
:106330002890C6AF02263846B0EE680AC7ED008A3C
:106340001E70FDF71FFA044620B302F013FD00246F
:10635000FDF772FA03230A93A3465D469FED0B8A6D
:10636000DDF828B024E1179BD4E700BF60330108B3
:106370005033010839330108943A00200409002001
:1063800072330108D4080020D80800200000000063
:10639000CDCC4C3DD7ED009A19962F46D8AEC6ED20
:1063A000008A3046B0EE680AFDF7ECF90A90002842
:1063B000CBD196ED009A1FED0A7AF0EEC97AF4EE91
:1063C000C77AF1EE10FA40F13B81013440F2F51347
:1063D0009C4240F04D8102F0CDFC431B2993FDF718
:1063E0002BFABC4B2A9003221A7002F0C3FCBA4B62
:1063F0000A9A1A60B94B8146FCA81A60FDF79CF90D
:10640000BDF80C4442F6AB26B4FBF6F306FB13448E
:10641000A4B241F255539C4240F25681351BB7233A
:10642000B635B5FBF3F528235D4306F0F1F8DFF848
:10643000ACA2DFF8A4B207464FF00108454580F052
:106440006381B7EE000A0020FDF700F9C82006F0CE
:106450002CF902F08FFCA24CA24BA0EB090642F6ED
:10646000B012002120461E6008F022F89E4B002149
:1064700043F2E022184608F01BF89C4A169B636022
:106480001368C4F8946201252B441360A360924BF7
:10649000C4F894031B68C4F89832904B84F82853CE
:1064A0001B68C4F89C3284F8C85384F8CB53FDF7BA
:1064B000C1F9A4F83002FDF7BBF9A4F8320200EBF1
:1064C000400082AFA840A4F834023846FBF701FB35
:1064D000804E386A0023D7E90912309306233370BF
:1064E000FB6ACDE940233B6B42930DF5BC797B6B96
:1064F0004393CDE93E014B46032240F21D713846DD
:10650000FBF7F4FA04F2947283463EA93846FDF78D
:10651000B5FC0523BBF1000F00F0228184F8A4B282
:1065200084F8D836FDF774FD6D4D012478A86C739E
:10653000FDF7A8FA6EAFA8730FCF05F110060FC6CE
:106540000FCF0FC697E8030086E8030078AE0FCEA2
:1065500005F138070FC70FCE0FC7299B519396E857
:106560000300199B5293289B5593CDED539A2A9B78
:10657000569350AE87E803000FCE05F160070FC7B2
:106580008DED549A96E8070087E8070095F8B0303B
:106590000B93BBF1000F7FF4E0AE002B01F01783EB
:1065A00005F5776595ED008A38EE288A00250124E7
:1065B000FDF74AF8474B08221A7002F0DBFB4C4B00
:1065C00018604C4B01221A701D9BC01A7CB3444BBF
:1065D000259ADA67269AC3F880202C9AC3F884207B
:1065E0000A22C3F88820149A83F88C2082F00102D2
:1065F00083F88D209DF8D82483F88E209DF8DC2424
:1066000083F88F203C4AC3F89020DDF8E024C3F8DB
:1066100094209DF8E42483F89820209AC3F8A020C1
:10662000179AC3F89C0083F8A420FEF741F9BBF148
:10663000010F41F0D082274B30480A221A705AE6E7
:106640009DEDC67AB0EEC77A77EEC77A9FED2C7AC9
:10665000F4EEC77AF1EE10FA09DD02F08BFBFDF7DC
:10666000EBF8DDF828B001230A935C4675E60A9C36
:1066700002F080FBC31BB3F5FA7F80460FD396ED83
:10668000000AFCA8FDF796FFFDF7D6F84FF4FA7361
:10669000009022461B48FCA9FDF754FA4746199B77
:1066A00001331993A8EB050844F61F63984507D9F1
:1066B00002F060FB4FF0000BFDF7BEF80223D3E7BA
:1066C000022005F0F2FF6AE60CB92646A6E60A9E0D
:1066D0002546A4E6943A00208C3A0020883A00200F
:1066E000D8100020903A002000000010000900207F
:1066F000D8080020D4080020C0D40100F1330108DC
:106700000000B442B3330108B8F1010F0AD005F01C
:106710007FFF01373B1A002B17DD384605F0D1FF0C
:1067200045451BD02B46424631462046FDF7CCFB63
:10673000B7EE000A80B2FCF789FFDBF800300133C6
:10674000CBF8003008F1010878E6C01B0028C2BF72
:10675000DAF800300133CAF80030E1E73046E7E705
:106760003370D7E909313A6A84F8D956CDE9442320
:10677000FB6A47930DF522783B6B48937B6B4993FB
:10678000CDE900B8D9E902234691FDF733FA04F5C3
:10679000E362814684F8DC0644A93846FDF76EFBC7
:1067A000B9F1000F11D0B9F1030F14BF0223052373
:1067B00084F8D836FDF72CFCB9F1030F7FF4B4AEA2
:1067C00098F801B084F8A4B2AEE6D8F81030089377
:1067D000D8F814300D930423337002F0CBFAD7E9C4
:1067E00009C61090D7E90B017A6B3F6ACDF830B03B
:1067F000CDE94C60CDE94E12CDE90EBBCDE94A7C26
:10680000A44FD946D846DA464FF4B472002338462E
:106810004946FAF76FFB5346C31A002BCDE9110125
:106820000246824609D0CCBF01214FF0FF31B8F1BA
:10683000000F01D088451FD188460023CDE90033E1
:10684000FC9330A9FCAB82A8FDF7E4FE0F9AFC9BF9
:106850001A440F920646A8B18F4A4AA982A8FDF7AA
:106860000DFBA2F27C72052182F8A46282F8D81690
:10687000FDF7CEFBB34657E6D4F800380133C4F831
:106880000038D9E70A2D63D0142D00F086801E2D24
:1068900000F08580282D00F08480322D00F0838068
:1068A0003B2D00F0828017F580377C4B49F10009C1
:1068B000B9F1000F08BF9F4205F10105A4D1764E42
:1068C000774C0DF5027932464AA94846FDF7D6FACB
:1068D00005232370DDE98B2311938A9B8D9FCDE9DE
:1068E0003832119BCDE93A378E9B3C938F9B3D9379
:1068F000089B42F6F5129A18A6F27C750D9B4FF094
:106900000101B4AF85F8781743F10003CDE9001712
:10691000FDF770F9A6F16402824685F8790738A977
:106920004846FDF7ABFABAF1000F40D0BAF1030FB9
:1069300014BF0623052385F8D836FDF769FBBAF1A5
:10694000030F7FF4F1AD97F801B085F8A4B2EBE541
:106950000346119A089EDDE9841012EB060C129E84
:106960000D9A03F2011342EB0602B1EB0C0644F858
:10697000336004EBC30C94F8043860EB020201337B
:106980003B2D84F8043808BF464BCCF8042002BFE6
:1069900043E902620C910E9085E70123D9E70223B7
:1069A000D7E70323D5E70423D3E70523D1E73B69E2
:1069B00011937B69129342F6F5120023C6E90D2369
:1069C000089A119B0D9938489B1A129AC5F8B83746
:1069D00062EB01021B18C5F8BC2762F10002736468
:1069E000C5F8C42702F0C6F9109BC01AD6E91123D6
:1069F000C6E931230C9A119BC5F8C8079B1A0E985B
:106A0000129AC5F8483862EB0002BB6AC5F84C28F8
:106A1000C5F8503802F0AEF90423B8F1010F237025
:106A200088BFD5F800388F9E1A9082AC88BF01339A
:106A3000D4E9091288BFC5F80038D4E90B35206ABB
:106A4000CDE94C230023CDE94E5631AF174D31939C
:106A50002823CDE94A01019342F6AB223B4630A9F7
:106A600000952046FDF7D6FDA5F521670646A5F55C
:106A700032724AA92046FDF701FA319B1093C7F8FC
:106A8000E43687F8083A9EB1052387F8A46287F8B0
:106A9000D836EDE6B400010054180020B4003C00E4
:106AA000943A0020181900200BD6FFFFE81A0020A6
:106AB000A3681593E3681893089BE66A42F6AB282F
:106AC00013EB08080D9B43F100031393159B1399D7
:106AD000B3EB0802189BA5F5D87A63EB01034AE9EA
:106AE00002234FF0010387F8DB361B4B216A052296
:106AF0001A70D4E90923CDE93A36236B3C93636BD2
:106B00003D930DF546790123CDE9381200934246B5
:106B1000139BCDF80490FDF76DF8A5F2247206469C
:106B200087F8DE0638A92046FDF7A8F9A5F52C72EE
:106B300038A9FDF7A3F98EB1032E14BF0423052352
:106B400087F8D836FDF764FA032E7FF4EDAC99F898
:106B500001B087F8A4B2E7E4943A0020D9F81030E5
:106B60000C930DF5487CD9F814300E93BCE80F0057
:106B70005EAC0FC49CE80F0084E80F004822494631
:106B800090A807F02FFD4FF0010387F8D83602F0E8
:106B9000F1F81A9B13990E9AC01A0C9BC7F8E807D4
:106BA000B3EB080362EB0102CAE90032159A0C9BB1
:106BB00018989B1A0E9AA5F5D07162EB000241E974
:106BC0000232D9F82830C7F87038B622002345E9D8
:106BD0009023119A0C9B12999B1A0E9A62EB010258
:106BE000A5F50C7141E90232B63B42F1FF32C1E931
:106BF0000032089A0C9B9B1ADDE90D1262EB010230
:106C0000A5F50871C1E90032B7495B1862F10002CD
:106C1000A5F5047545E902320F9A40F638139A42F9
:106C200004D1109BA3F1280046424641AF4CD4F852
:106C30002027D4F82437D4F8B00784F8E966134342
:106C4000D4F828271343D4F82C271343D4F88427E7
:106C50001343D4F888271343D4F88C271343D4F86C
:106C600090271343D4F850271343D4F854271343E1
:106C7000D4F858271343D4F85C271343D4F8682773
:106C80001343D4F86C271343D4F870271343D4F874
:106C900074271343D4F8B427B3FA83F301284FEAD7
:106CA000531372F1000284F8EB36C0F20182D4F87B
:106CB0000028002A40F0FC813340BDF8780184F8B8
:106CC000EC36A4F8B200FCF7ABFD0E99A4F8B400C2
:106CD0000C98DFED87AADFED87BA9FED87DAFAF728
:106CE00077FF82AE0C9BC4F8BC300FCE66AD0FC5EB
:106CF00096E80F0085E80F0094F8283310934021A0
:106D00006023CDE9591384ED2E0A0223002444F6B2
:106D100020605B93B0EE40AA8DF85C415894FAF77E
:106D200039FE40F21D735D93744B1B9303F57A7328
:106D30000D9303F2CE531C93714B12931C9B1A9329
:106D40000D9B13936F4B15936C4B5C90329408948E
:106D500021942294B0EE6ABA0F94A246A3F53A6841
:106D60009DF8803233B1614AD2F80C330133C2F856
:106D70000C3301239DF881223AB15C49D1F81023EC
:106D8000013243F00203C1F810239DF882223AB188
:106D90005649D1F81423013243F00403C1F81423F7
:106DA0009DF84052012D40F08581D8F8182301321A
:106DB000C8F81823DDE99E64002C3246274602DA23
:106DC000724264EB4407D8E9C8019042B94138BF28
:106DD000C8E9C827D8F808230132C8F80823D8F82A
:106DE0009423F2B10AF5BA7102EBC101C1E9006462
:106DF0009A9C4FF6FF700AF58B511031A04228BFC4
:106E0000204622F81100524402F53A510D7042F624
:106E1000F47153540F9943F26813FF2928BFFF21DF
:106E2000D154DDE99434CDE91E34109BF3B1BAF1AD
:106E3000000F1BD000220023CDE9D823D8AB00934C
:106E4000969ABDF8481240F21D7366A8FAF7D1FB76
:106E5000044658B190220021FCA807F029FB2246E5
:106E6000FCA95046FDF776F900231093264B9FEDC1
:106E7000208A06221A7040245EAD2B46032240F27F
:106E80001D7182A8FAF732FE8146002840F0258164
:106E9000D5E90201FAF79CFE013C38EE008AECD1FC
:106EA00007EE90AA9FED197A329B0F93F8EEE77ADE
:106EB000184667EE877AD917C7EE87DAFAF788FEA1
:106EC0002B46032240F21D7182A89FED117AF0EE4D
:106ED0004A7AD8EE077A30EE678AFAF707FE8146DB
:106EE000002840F0FA8015E055D5FFFFD8100020AB
:106EF00000000000286B6E4E286B6ECE781C0020C0
:106F00009F370020B4000100943A00200000B443F1
:106F10000000803C2D882846FAF74AFA139B0F9A06
:106F2000A3EC018A13931A9B139923F8025F1A9317
:106F3000139BC3F8B428629AC1F8842E1A99BDF83D
:106F40009021A1F8882E12999DF8952101F8012F22
:106F5000B4EEC8DA9DF8963181F87431F1EE10FA8A
:106F6000109B48BF2295F4EEC8BA44BFB0EE40BAB9
:106F7000B0EE48DAF1EE10FAC2BF2195F0EE40AA69
:106F8000F0EE48BA1291002B00F0F681BAF1000F32
:106F900000F09880BAF5B47F00F0948000230020C0
:106FA0000021CDE90134D8AD57ABCDE90401009300
:106FB0000695DDE91E2366A8FBF7A0F929460746DA
:106FC00002465046FDF7C6F8002F40F04F82D04CE5
:106FD00094F8C833002B00F0CF81BAF5B47F40F0AD
:106FE000CB81012684F8C96384F8CB7301F0C2FE1B
:106FF00030221190394604F5767007F059FA0F9B4C
:10700000C4F8E8339022294604F5816084F8D863F7
:1070100007F0E8FAD4F8D0333344C4F8D0339DF8FD
:107020006033002B52D004F57C7302934FF480320E
:107030000023CDE90023DDE9E401D4E9DA23FAF7FE
:10704000ABFE002800F0FB80DDE9DE10DDE9E03278
:107050005B1A62EB0002C4E9FE32DDE9E810DDE90B
:10706000EA325B1AC4F80034D4F8D43384F8D96314
:1070700033449FEDA5CB62EB0002C4F8D433A54B9B
:10708000C4F80424249304F59665249B53F8042F34
:107090002493119B18929F1801F06CFE119B189A73
:1070A000C31A9A4240F2CD80381A05F0FEFAF3E78F
:1070B000002302E6022D02BFD8F81C230132C8F8D3
:1070C0001C2377E6944B4024092069E73346904A15
:1070D00082F8DA3382F8CC3399468D4CD4F81423F5
:1070E000D4F80833D4F8EC52C4F8A8A09B1AC4F81A
:1070F000603F04F6647383ED00BA04F66873C3ED71
:1071000000AA229BA4F86C3F219BA4F86E3FDDE906
:107110008A73C4E9AF73D4F8D43284F8A4922B44B0
:10712000D4F81857FB1A5B1BD4F830575B1BD4F804
:1071300048575D1BD4F87C37ED1AD4F87838DDE970
:107140008E12DDE98C60ED1AD4F89038ED1AC4E99E
:10715000B312C4E9B160C4F8A852D4F8DC52D4F830
:10716000F4322B44D4F82057F31A5B1BD4F8385769
:107170005B1BD4F850575D1BD4F88437ED1AD4F854
:107180008038ED1AD4F89838ED1AC4F8AC52D4F817
:10719000E032D4F8F8522B44D4F82457C31A5B1BBE
:1071A000D4F83C57D4F884085B1BD4F854575B1BC5
:1071B000D4F888575B1B1B1AD4F89C081B1AC4F818
:1071C000B032D4F8FC02D4F8E4320344CB1AD4F839
:1071D00028175B1AD4F840175B1AD4F858175B1AB3
:1071E000D4F88C175B1AD4F888185B1AD4F8A01856
:1071F0005B1AC4F8B432D4F80013D4F8E8320B4464
:10720000D31AD4F82C279B1AD4F844279B1AD4F805
:107210005C279B1AD4F890279B1AD4F88C289B1AC9
:10722000D4F8A4289B1AC4F8B832B9F1000F00F0C2
:107230004381002384F8B030CB46FFF775B90923AA
:1072400045E701F097FD119BC31A2B93FCAB002778
:10725000069357ABCDE9017700938DED04CBDDE9C3
:107260001E2366A8FBF74AF8279001F083FD3946F4
:107270002D90C022A5F1180007F01AF9279B05F8F8
:10728000163C189B45F8143C2B9B119A45F8103C72
:107290002D9B9B1A012745F80C3C0F9B45F8083C99
:1072A00005F8187C9022FCA905F1180007F09AF95E
:1072B000D4F8D0333B44C4F8D033279B23B99DF88E
:1072C000F0333BB905F8167C15F8163C002B46D078
:1072D0000F4AFFE64FF480320023CDE900230295E8
:1072E0000DF58461D4E9DA23D1E90001FAF754FD00
:1072F000A0B9C02303FB0643092683F8DA633346AB
:10730000E6E700BFAFF300800000000000000000CF
:10731000D8100020903B010808090020DDF808344F
:10732000DDF81024DDF80C1405F8177CD21ADDF80E
:10733000143463EB0103C5E90223DDF83824DDF8DA
:107340003034DDF83414D31ADDF83C2462EB01024A
:10735000C5E90432D4F8D4330133C4F8D433013648
:10736000042E05F1C0057FF490AE4D4B012283F849
:10737000CA23002283F8CC238A9ADFED4A7A0F923F
:10738000DDE98B42F4EEE7DAF1EE10FADDE98D7615
:107390008F9D11920AF1010ABFF69FAE15980899C8
:1073A0004FF4B4720023F9F7A5FD3F4BCDF8045418
:1073B000042119700F9BCDF80064BAF1030FD8BFF8
:1073C0001B99D8ADCDE9FC34119B0246CCBF0021FE
:1073D0004FF028094FF00000CDE9FE372860D4BFF8
:1073E0002B460B46CDE9001982A832A9FDF712F908
:1073F000BAF1030FDEBF129B2A68A3F5D95382AD01
:10740000D8BF03F80E2C8146284AFCA92846FCF771
:1074100035FDDDE98AE3DDE98CC7DDE98E62B9F18E
:10742000000F7FF45AAE191B0F911F4905240C70F1
:10743000CDE938E3CDE93C62329B0C9A0121009101
:107440000E999A1890AE41EBE3730196CDE93AC7D5
:10745000FCF7D0FB38AC0746154A21462846FCF716
:107460000DFD032F05D19DF8419236E600231093C0
:1074700082E71B9B03F5A0731B93159B13F58033C9
:107480001593089B159A43F1000308930899094B3B
:10749000494508BF9A427FF463AC4FF4BA7A1CE6C0
:1074A000D81000200000B943943A0020AC1300200B
:1074B000C4130020B4007501D74B07221A7001F0E5
:1074C00059FCBAF5B47F5346A8BF4FF4B473BAF56C
:1074D000B47F0890C4F8AC30C0F2BB81D4F8082364
:1074E000924540F0B681D4F81463A6EB0A025642E6
:1074F00056410D9ADFEDD37A0024A34240F0AB81D0
:10750000BAF1000F00F0AD8107EE104AB8EEC77A6D
:1075100087EE878AC14B0D9A9FEDCAAA83ED308A08
:10752000B0EE4A7A00239C4240F09E81BAF1000FEF
:1075300000F0AB8107EE904AB8EEE70A87EE000A4A
:1075400007F0D8FCDFEDB67AB4EEE70AF1EE10FAF8
:1075500040F3A081CAEE007AB04BDFF8CC8200275E
:1075600083ED310AC3ED9A7AAC4D18F8012B05F181
:10757000C8033B44B0EE480A214605F68870183728
:10758000FCF7F0FBB7F5907FEED105F5F47304221C
:10759000B0EE480A214605F68870FCF7E3FB0822A6
:1075A00005F50073B0EE480A214605F68870FCF731
:1075B000D9FBB5F834221AB1B4EB420F00F26D8159
:1075C000964B002283F83622944BD3ED357A93F80C
:1075D000C82083F83722C3ED8E7A0022012395ED6F
:1075E0003B7AB4EEE77AF1EE10FAC4BF95F8E020EA
:1075F000239203F10103C4BF0B9AF0EE477A0C2BE0
:1076000005F11805EBD1854B22B1239AC3ED8E7A93
:1076100083F83722DFED827A93ED31AA7F4DB4EE05
:10762000E7AAF1EE10FAC9BF93ED8E7A9FED857A45
:10763000F6EE007A67EE277AC4BF6AEE0A6A67EE52
:10764000877A4FF00607C8BF87EEA67A01222EA9D7
:1076500020468DF8B8700DF1CC08B0EE480A85EDE3
:107660008F7AFCF76DFE242385ED900A01222FA965
:107670002046B0EE480A8DF8BC30FCF761FE3B4670
:1076800085ED910A674AF0EE4A0AB0EE480A2146B3
:107690004046FCF7C3FE339BC5F84832349BC5F81F
:1076A0004C32359BC5F850329DF8D9300BB19DF85E
:1076B000D83085F85432D8AF0C235B4AF0EE4A0A32
:1076C000B0EE480A21463846FCF7A8FED89BC5F81C
:1076D0005832D99BC5F85C32DA9BC5F860329DF808
:1076E0006D330BB19DF86C334C4A0D9982F86432BE
:1076F0004E4B0B931A4600239C4240F0DB80204601
:10770000FCF7EAFD07EE904A9FED490AB8EEE78ADA
:1077100028EE000A07F0B2FDBDEEC00ADFED497A9F
:107720003E4A10EE103A013B9C42D8BF04F1FF33B1
:10773000BAF1000F00F0C8803C4923EAE37301EB83
:1077400083031B68C2F86C3200230D9A0133B2EC3C
:10775000017A9C42E7EE077A0D92F6DC87EE880A02
:1077600007F0C8FB314D3349A7003A462846B0EE32
:10777000408A06F037FF2046FCF7AEFD9FED317AD8
:10778000052C234607EB0502A8BF0523F0EE476A48
:107790000021F5EC017A013176EEA76A72ED017AEB
:1077A0008B4237EE277AF4D107EE903AF8EEE77A7B
:1077B000214B9FED225A87EE276A1F44611E043336
:1077C00086EEA77AD3ED007AD7ED006A76EEE76A07
:1077D00007EE901A36EE476AF8EEE75AB6EE007AF0
:1077E000F0EE477AE5EE857A9FED155AA5EE857A9B
:1077F000FDEEE77ABDEEC77A17EE902A17EE100A73
:1078000022EAE2728442C8BF014603EB820203EB24
:107810008103D2ED005A17E0943A0020D8100020DE
:10782000BD378635C43B0108CA3B0108080B002060
:10783000A4707D3F60200020040B0020CDCC4C3D87
:107840003333733F0000000093ED007A77EE657AE2
:1078500046E04E464DE6B2EC017A013477EE877A87
:107860004BE61FED088A55E6F2EC017A77EEC87A0E
:107870000133A7EEA77AF0EEE77AF4EECA7AF1EEDA
:1078800010FAC8BFB0EE67AA4DE61FED120AF0EE7F
:10789000407A61E65FED157A5EE6012385F83632BF
:1078A000B0EE480A05F50673214605F68870FCF728
:1078B00059FA89E6F1EC017A77EEC87A0133F0EEF5
:1078C000E77AE2EC017A17E7C2ED9B7AB0EE677ACD
:1078D000F0EE675AB0EE678AF0EE676AB0EE676A5C
:1078E000D14C9FEDD2AA9FEDD2BA84ED028A2346F5
:1078F000A3EC016AC4ED035A84ED047AC4ED057A61
:1079000004F6CC05C3ED006A0027F0EE4AAAA4F500
:107910007764BA455BD1BAF1000F00F08B8007EEB7
:1079200090AAB8EEE70A8AEE800A07F0E3FA84ED3F
:107930009C0A84ED9DAABAF1000F11D0F2EE0E7AE6
:10794000B4EEE70AF1EE10FA77D8F3EE0E7AB4EE61
:10795000E7AAF1EE10FA94BF4FF0010A4FF0000AC7
:10796000B44C0AF0010384F878320AEA060384F87A
:10797000B03001F0FFF9089BC01AC4F8A00201F072
:10798000F9F90023A4F82A3394F828338246ABB1DE
:1079900094F8293393B1D4F894337BB194F82C63E1
:1079A00066B9D4F83413D4F8A820914206D1D4F89B
:1079B000AC20002A02DDB1F5B47F41DC01F0DAF938
:1079C0009C4BA0EB0A00C3F86403FEF7ADBD1C9B03
:1079D00033F8020F1C93F9F7EBFC55F8040FB4F8D9
:1079E000B230184480B2B0EE408AF9F7E1FCDFED26
:1079F000927A38EE400AB4EEE70AF1EE10FA13DCA0
:107A0000DFED8E7AB4EEE70AF1EE10FA0FD4E0EE75
:107A100000AA0137B0EEC00AB4EECA0AF1EE10FABD
:107A2000C8BFB0EE40AA74E730EE4B0AE3E730EE91
:107A30000B0AE7E79FED7D0A79E74FF0000A8FE731
:107A4000D3E90023C4E9DA23DFF8FC919FED7C8AB7
:107A5000DFED7CAA9FED75AAB4253746D4F8343300
:107A60009F4249DBD4F8AC509FED707AC4F838538C
:107A700007EE905AB8EEE70A00238AEE00BA84EDCA
:107A8000DEBA9D4200F3998087EE000A07F032FAD1
:107A9000684C6D48FCAB24222946B0EE40AA84ED28
:107AA000DF0AB0EE4B0AFCF75DF9D4ED317A9DEDBB
:107AB000FF7A77EECA7A84EDE07AC4EDE37AD4ED0A
:107AC000657A77EEC77A9FED617AC4EDE47AD4EDFA
:107AD000E27AF0EEE77AF4EEC77AF1EE10FA94BFAC
:107AE0000123002338EE6A8A84F82B33012384EDC6
:107AF000E18A84F82A331CE000220023CDE9FC232C
:107B0000D4F8943303EBC708FCAB02934FF4B47280
:107B1000002328463146F9F7EDF9CDE90001D4E913
:107B2000DA23D8E90001FAF737F950B9092384F8C4
:107B30002C3301F01FF9A0EB0A00C4F86403FEF730
:107B4000F3BCDDE9FC2310461946CDE90823F8F71C
:107B500025FD3F4B0022F8F74FFD3E4B0022F8F782
:107B60004BFDF9F719F8D4F8AC309F4207EE900AB4
:107B700011DAF4EEE7AAF1EE10FAF4EEC87AC8BF13
:107B8000F0EE67AA3AEE27AAF1EE10FAC9F8000063
:107B9000C8BFB0EE678AB7F5B47F02BFDDE908233E
:107BA000C4EDE27AC4E9DC2315F5803507F101075D
:107BB00009F1040946F1000650E70B9AF2EC017A4C
:107BC00077EECB7A0B92A7EEA77A013359E79FEDB8
:107BD000178AFEF7EBBCBBF1020F09D11E4B1F4801
:107BE0000A221A7044F62061FBF7ACFFFEF763BB74
:107BF000BBF1030F05D1184B19480A221A70FEF782
:107C00007ABB45B1144B0A2228461A70FBF72EFFA7
:107C100001461448E8E70B9B43BB0F4B12480A226E
:107C20001A70FEF768BB00BF48200020000000006B
:107C30000000B443D810002000003443000034C3D7
:107C4000286B6ECE286B6E4E080B0020CDCC4C3EC0
:107C5000008076400000F03D943A00200634010890
:107C60004934010888340108BC340108149B5BB115
:107C70000E4B0193169B00930D48DDE9252305214A
:107C8000FBF73CFFFEF719BBB0EE480AFCA8FCF777
:107C900091FCFCA90748FBF755FF0748FCA9FBF737
:107CA00051FF0648FBF74EFFFEF707BB9F0F010889
:107CB000FF3401089C35010892350108C1350108DF
:107CC0002DE9F04FDFF85081424F98F80030DFF88F
:107CD0004C913C68DFF848B1DFF848A13E4E89B0CE
:107CE000012C0393D9F8003002939BF800300193E4
:107CF0009AF800300093254638BF0125013D012C3C
:107D00008CBF002301232A4630682146FEF7B8FACB
:107D100000233A688BF80030304F90B903233B7052
:107D20002F4B30480A2119702F49304B012C98BF36
:107D30000B46009331682B46FBF704FF09B0BDE802
:107D4000F08F012C06D82A490B6801330B60012300
:107D50008AF800300A2A1ED9264B1B7804ACABB136
:107D60009FED250A102221460520FBF709FF03237A
:107D70003B701F4B02941B6801930B2300933168E7
:107D80001E480A230122FBF7B9FED7E71C4920460B
:107D900006F020FCEBE71B4B1B4819681B4B1960D6
:107DA0000023C9F8003088F8003002233B700C4BE8
:107DB000092119700C490D4B012C98BF0B46144931
:107DC00002911449CDE900312B463168FBF7BAFE28
:107DD000B4E700BFF0080020F4080020FC080020F1
:107DE000943A0020CD35010816090108260901083A
:107DF000E0080020DC080020000000001636010822
:107E000023090108D8080020BF360108EC0800202B
:107E10008E0F0108C0D40100E6080020E808002009
:107E2000E5080020E40800202DE9F04F5C4E5D4F8E
:107E3000DFF8B8A15C4DDFF8B89187B0FBF704FC20
:107E400001235A483370FCF787FC00233B703370E2
:107E50000022DAF800008DF8132064230DF11301DD
:107E600004F0C5FC0446C8B99DF81380B8F1010FB1
:107E700014D105A886F80080F9F778FB00285DD1B9
:107E80000A2333709DF8173000939DF815209DF854
:107E900016309DF814104648FBF754FE2B78022B41
:107EA0002FD1DFF85081D8F800B000F063FF414BCC
:107EB000A0EB0B00984224D900F05CFFD8F800300A
:107EC0003D49C01A3D4B1860A0F5EA33C03BB3F5FD
:107ED000967F3B4B94BF012200221A700A6802F180
:107EE000010356D9032129700A2131704FF496718C
:107EF000CDE9010133490091334934480968FBF762
:107F000021FE2B78032B03D0002CA1D1002B9FD175
:107F100000242C70FBF798FB204605F05FFD83469C
:107F200006F048FA804606F04BFA5B4602464146A8
:107F30002748FBF707FE3C70347089E72B78013B3C
:107F4000012BABD9D9F800101F4B1E4A214885F8E8
:107F5000008001311960184BC9F80010C3F8008087
:107F60001D4B1C701D4B83F80080144B1C60144B80
:107F70001C701B4B1C601B4B1C700B23CDE901328A
:107F80000A23194A00934346FBF7B8FDFFF798FE12
:107F900084E70B6001232B70FFF792FEB1E700BF6F
:107FA000943A0020953A0020FC0800202937010867
:107FB00034370108BFD40100F0080020E808002091
:107FC000E6080020C0D40100F408002004380108AD
:107FD000933801087F370108E4080020E5080020F5
:107FE000E0080020DC0800209F0F01089C3A0020D8
:107FF000F8080020EC0800202DE9F047204E3368F7
:108000009BBBDFF89890D9F8004074BB1D4D1E4F04
:10801000B620A0468246214628464FF4B47200237B
:10802000F8F768FFA0EB0A0A15F58035AAF1B60A41
:1080300044F10004BAF1010F17D8444508BFBD420E
:10804000E8D101210022084604F065FB306060B1F0
:108050000E4A0F48002104F0E2FA0446C9F8000075
:1080600030B9306804F0F3FB34600020BDE8F087DD
:10807000084B01201870084B83F80080F6E700BF1A
:108080009C3A0020B4000200B4007301A03B010838
:10809000297E0008953A0020943A0020983A002062
:1080A0000C4B73B5186880B10B4D2B7803F0FF06AD
:1080B0005BB90124334632460DF107012C708DF86F
:1080C000074004F063FB18B12E70002002B070BDB1
:1080D0002046FBE79C3A0020953A0020014B187897
:1080E000704700BF953A002028B10023C3610362A6
:1080F00043628362C362704770B40C46064658B14F
:1081000051B105460FCC0FC594E8070085E807007C
:10811000304670BCFFF7E8BF70BC704700287DD0C8
:10812000D0ED017AD0ED076A90ED026A90ED007A09
:10813000E7EE806AD0ED037AF4EEE76AF1EE10FA2A
:10814000C8BFF0EE676AF1EE677AF4EEE67AF1EE18
:1081500010FAD8BFF0EE667AD0ED086AC0ED077A63
:1081600070EE666A20EE077A66EE866A90ED056A22
:10817000B5EEC06AF1EE10FA43D4F7EE005AB4EE51
:10818000E56AF1EE10FAD8BFF0EE465A90ED0A6AB1
:1081900080ED080A76EEC66A37EE277AA6EEA56A63
:1081A000D0ED047A80ED0A6A37EE067AB4EEE77A0B
:1081B000F1EE10FAC8BFB0EE677AF1EE677AF4EE2E
:1081C000C77AF1EE10FAD8BFF0EE477A90ED067A52
:1081D000B5EEC07AF1EE10FA0ADDD0ED0B6A37EE9B
:1081E000E66AB4EEC67AF1EE10FA0DD576EE877A2D
:1081F00090ED090AC0ED0B7A30EE670A80ED090AAE
:108200007047DFED085AC1E7F1EE475AF4EEC65A5F
:10821000F1EE10FAC8BF76EEC77AE9E79FED010AE2
:10822000704700BF0000000010B190ED090A7047D0
:108230009FED010A704700BF00000000F0B59B4DA4
:108240000FCDB1B001AC0FC495E8070001AF84E8D1
:1082500007000FCF24AE0FC694E80700B0EE000A67
:10826000002486E8070024A82C942D942E942B94A7
:108270002F94FFF753FFF0EE401ABFEE000AFFF70E
:108280004DFF05F10C0CBCE80F0008AF0FC79CE8D0
:1082900007000DF1200E87E80700BEE80F000DF182
:1082A000900CACE80F0097E80700B0EE402A86E893
:1082B0000700B7EE000A24A82C942D942E942B943A
:1082C0002F94FFF72BFF05F1280CBCE80F000FAF30
:1082D0000FC79CE807000DF13C0E87E80700BEE8D9
:1082E0000F000DF1900CACE80F0097E80700F0EEDE
:1082F000402A86E80700B0EE000A24A82C942D94AA
:108300002E942B942F94FFF709FFB0EE403AB0EE75
:10831000000AFFF703FF05F1440CBCE80F0016AF9D
:108320000FC79CE807000DF1580E87E80700BEE86C
:108330000F000DF1900CACE80F0097E80700F0EE8D
:10834000403A86E80700B1EE000A24A89DED2B1AFA
:108350002C942D942E942B942F94FFF7DFFE6035F0
:10836000B0EE404AB1EE000AFFF7D8FE0FCD1DAFC8
:108370000FC795E807000DF1740C87E80700BCE80B
:108380000F0024AD0FC597E80700F0EE404A86E8DD
:108390000700B0EE000A24A82C942D942E942B9460
:1083A0002F94FFF7BBFEB0EE405AB0EE000AFFF785
:1083B000B5FEF0EE007A71EEA71ADFED3D7AF0EE31
:1083C000E11AF4EEE71AF1EE10FA6DD5B7EE007A85
:1083D00032EE072AB0EEC22AB4EEE72AF1EE10FA26
:1083E00062D5B1EE047A72EE872AF0EEE22AF4EE5C
:1083F000E72AF1EE10FA57D5B0EE087A33EE073AD5
:10840000B0EEC33AB4EEE73AF1EE10FA4CD5F1EE25
:10841000086A73EEA63AF0EEE33AF4EEE73AF1EECC
:1084200010FA41D531EE471AB0EEC11AB4EEE71A90
:10843000F1EE10FA38D5B1EE006A34EE064AB0EE2D
:10844000C44AB4EEE74AF1EE10FA2DD5B1EE0C6A4B
:1084500074EE864AF0EEE44AF4EEE74AF1EE10FAE2
:1084600022D535EE075AB0EEC55AB4EEE75AF1EE12
:1084700010FA19D5B2EE027A30EE070AB0EEC00A51
:10848000B4EEE70AF1EE10FA0ED59DED2F7A37EE35
:10849000667AB0EEC77AB4EEE77AF1EE10FA4CBF26
:1084A0000120002031B0F0BD0020FBE7540201089C
:1084B00017B7D13882B00E4B00220092596C41F4AC
:1084C00080415964596C01F48041009100990192F6
:1084D000196C41F0805119641B6C03F080530193B7
:1084E000019B0F216FF0010002B000F025BE00BF1C
:1084F0000038024070B5064688B01422002103A857
:1085000005F0D6FF3268244B9A4242D103F58C33F2
:10851000002501955A6C2148214C42F480725A641E
:108520005A6C02F480720192019A02951A6B42F021
:1085300001021A631B6B03F001030293029B1222D8
:10854000032303A9CDE9032301F016F8154B4FF4DB
:108550008061C4E900354FF400634FF40050C4E972
:1085600004134FF48073C4E906032046C4E902559E
:10857000C4E9085500F036FE08B1FAF72DFDB463E2
:10858000122000220521A66300F0D6FD122000F083
:1085900005FE08B070BD00BF002001400000024091
:1085A000B80700201064024070B514228AB0064655
:1085B00000210DEB020005F07BFF33683C4A93423B
:1085C00025D13C4C3C4800250195236B43F0020328
:1085D0002363236B03F002030193019B4FF4C076E6
:1085E0001223CDE905634FF0030C042305A9CDE95F
:1085F00008C300F0C1FF0295236C43F40013236409
:10860000236C03F400130293029B0AB070BD2B4A43
:108610009342FAD1274C284800250395236B43F059
:1086200002032363236B03F002030393039B4FF4C2
:1086300040621223CDE905230123079305A90423F2
:10864000099300F099FF0495236C1D4843F48003BF
:108650002364236C1B4C03F480030493049B4FF0AE
:108660006063C4E900034023C4E9023520464FF4A7
:108670008063C4E90435C4E90655C4E9085500F02F
:10868000B1FD08B1FAF7A8FC74630022052121208E
:10869000A66300F051FD212000F080FD002205219D
:1086A000222000F049FD222000F078FDADE700BF58
:1086B00000540040003802400004024000580040CE
:1086C000B8600240B006002070B5064688B014229B
:1086D000002103A805F0ECFE3268344B9A4263D1C6
:1086E000002503F5843301955A6C42F480525A6494
:1086F0005A6C02F480520192019A02951A6B42F070
:1087000002021A631B6B03F002030293029B3820E0
:108710000223CDE9030301240323CDE905432448C3
:10872000244C052303A9079300F026FFDFF890C02F
:108730004FF0C063C4E900C34FF48063C4E904355B
:1087400020464FF40033C4E90255C4E90655C4E994
:10875000083500F047FD08B1FAF73EFC164AF4640C
:10876000A663164C4FF0C063C4E9002300234FF406
:108770008062C4E9042340214FF400322046C4E95A
:108780000213C4E90633C4E9082300F02BFD08B145
:10879000FAF722FC2320B46400220521A66300F02E
:1087A000CBFC232000F0FAFC08B070BD0030014083
:1087B00000040240F805002058640240980500209B
:1087C0004064024010B5044688B01422002103A87A
:1087D00005F06EFE2368204A93420DD100230093DA
:1087E0001E4B5A6C42F001025A645B6C03F00103A9
:1087F0000093009B08B010BDB3F1804FFAD103F590
:108800000E33002401941A6C154842F001021A64D8
:108810001A6C02F001020192019A02941A6B42F062
:1088200001021A631B6B03F001030293029B4FF4D6
:1088300000420223CDE9032303A9012305930793F3
:1088400000F09AFE224605211C2000F075FC1C2039
:1088500000F0A4FCCEE700BF000001400038024059
:108860000000024007B50E4B02689A4216D1002262
:1088700003F59A330192596C41F0020159645B6C23
:1088800003F00203019305212D20019B00F054FC0D
:108890002D2003B05DF804EB00F080BC03B000BDF8
:1088A0000004014010B5044688B01422002103A83A
:1088B00005F0FEFD23681A4A934218D10023019364
:1088C000184B19481A6B42F001021A631B6B03F034
:1088D000010301934FF4E061019B0223CDE90313EF
:1088E0000123079303A900F047FE08B010BD0F4A0B
:1088F0009342FAD1002302930A4B0D481A6B42F0BF
:1089000004021A631B6B03F004030293029B4022D0
:108910000223CDE903230323079303A9E3E700BF61
:108920000000014000380240000002400004014005
:108930000008024070B514228AB0054600210DEBF4
:10894000020005F0B5FD2B68624A934260D1624B8C
:108950006248634C002601961A6C42F400321A6495
:108960001A6C02F400320192019A02961A6B42F0DC
:1089700001021A631B6B03F001030293029B0C229A
:108980000223CDE9052303210723CDE9081305A917
:1089900000F0F2FD53484FF00063C4E900034023A8
:1089A000C4E9023620464FF48063C4E90436C4E9C2
:1089B0000666C4E9086600F015FC08B1FAF70CFB7E
:1089C0006C63DFF83CE1A563474C4FF000634FF464
:1089D0008062C4E900E30023C4E9042320464FF485
:1089E0008072C4E90233C4E90723A361636200F023
:1089F000F9FB08B1FAF7F0FAAC6326200022052152
:108A0000A56300F099FB262000F0C8FB0AB070BDFA
:108A1000364A9342FAD1304B354C002603961A6CF5
:108A200042F480221A641A6C02F480220392039AA0
:108A300004961A6B42F004021A631B6B03F00403E2
:108A40000493049B4FF440610223CDE905130320F6
:108A50000723CDE9080305A9264800F08DFDDFF8BE
:108A6000A4C04FF00063C4E900C34023C4E9023648
:108A700020464FF48063C4E90436C4E90666C4E9BD
:108A8000086600F0AFFB08B1FAF7A6FA1A4A6C6361
:108A9000A5631A4C4FF00063C4E9002300234FF490
:108AA0008062C4E9042320464FF48072C4E9023393
:108AB000C4E90723A361636200F094FB08B1FAF7ED
:108AC0008BFAAC63272000220521A56300F034FB5C
:108AD000272099E70044004000380240000002408F
:108AE000D8030020A0600240780300200048004026
:108AF000180300200008024028600240B80200204D
:108B0000886002405860024030B589B0002302936B
:108B1000204B1A6C42F480721A641B6C03F480734D
:108B20000293054601A903A8029B01F08FFF069B53
:108B30004BBB01F06BFF184A184B136040F2E73350
:108B4000D360174BB0FBF3F3013B53601046002397
:108B500013619360936102F0E9FE044680B90E4808
:108B600002F0B2FD044658B92D2000F017FB0F2D7E
:108B70000DD8224629462D2000F0DEFA094B1D6053
:108B8000204609B030BD01F041FF4000D3E7012489
:108B9000F6E700BF00380240A03A00200020004065
:108BA00040420F0008000020FEE7FEE7FEE7FEE778
:108BB000FEE77047014800F01DBC00BFB80200206E
:108BC000014800F017BC00BF18030020014800F066
:108BD00011BC00BF78030020014800F00BBC00BFAF
:108BE000D8030020014800F074B900BF1808002025
:108BF000014802F0A8BD00BF08050020014800F0B0
:108C0000B3BF00BF10070020014801F0F1BB00BF57
:108C100010070020014803F07BBB00BF7C0400204C
:108C2000014803F075BB00BF3804002008B50448B4
:108C300002F089FDBDE80840024802F084BD00BF93
:108C4000C0040020A03A0020014800F0D3BB00BFC0
:108C5000B0060020014800F0CDBB00BFB8070020DF
:108C6000014800F0C7BB00BFF8050020014800F034
:108C7000C1BB00BF98050020014802F017BC00BF2F
:108C8000580600200A4A0346106810B508B909487A
:108C900010600949094C0344091B8B4206D905F0B1
:108CA0006DFC0C2303604FF0FF3010BD1360FCE738
:108CB000E83A002020EC012000000220000400001F
:108CC000034AD2F8883043F47003C2F88830704702
:108CD00000ED00E0DFF834D00D480E490E4A0023C5
:108CE00002E0D458C4500433C4188C42F9D30B4A60
:108CF0000B4C002301E013600432A242FBD3FFF7C8
:108D0000DFFF05F041FCFAF7CBF9704700000220C5
:108D1000000000206000002090400108600000205A
:108D20001CEC0120FEE7000008B50B4B1A6842F46A
:108D300000721A601A6842F480621A601A6842F47B
:108D400080721A60032000F0E5F90520FFF7DCFED1
:108D5000FFF7B0FB002008BD003C0240034A044B73
:108D600011681B780B441360704700BFEC3A002079
:108D700004000020014B1868704700BFEC3A002047
:108D800038B50446002800F09B80056C25B9FFF734
:108D9000B1FB656484F83C50236CDB0600F18E80E7
:108DA000236C23F4885323F0020343F0020323646B
:108DB000444B5A6822F440325A605A6861680A4348
:108DC0005A60236821695A6822F480725A605A688E
:108DD00042EA01225A605A68A16822F040725A6041
:108DE0005A680A435A609A68E16822F400629A60FD
:108DF0009A680A439A603449A26A8A4252D09968B2
:108E000021F07061996099680A439A609A68E16AF2
:108E100022F040529A609A680A439A609A6822F057
:108E200002029A609A68217E42EA41029A6094F8AE
:108E30002020002A3ED05A68616A42F400625A60DB
:108E40005A6822F460425A605A68013942EA413253
:108E50005A60DA6AE16922F47002DA62DA6A013988
:108E600042EA0152DA629A6822F400729A609A68C1
:108E700094F8301042EA41229A609A68616922F4BB
:108E800080629A609A68002042EA81229A60606457
:108E9000236C23F0030343F001032364002384F8CD
:108EA0003C3038BD9A6822F070629A609A6822F06D
:108EB0004052B2E75A6822F40062C9E70120EDE7A8
:108EC0000120EEE7002301400100000F70477047CA
:108ED0007047036870B51E685D68B20704462BD5FD
:108EE000A80629D5226CD1065EBF226C42F400721E
:108EF00022649A6812F0405F17D1227EAAB9DA6A1A
:108F000012F4700F02D09A6852050ED45A6822F0FB
:108F100020025A60236C23F480732364236CD804EA
:108F20005EBF236C43F0010323642046FFF7CEFFAE
:108F300023686FF012021A60710733D52A0631D503
:108F4000236CDB065EBF236C43F400532364236869
:108F50009A6812F4401F1ED19A6B12F4401F02D07F
:108F60009A68500517D45A68510514D49A6812F0BB
:108F7000405F10D1227E72B95A6822F080025A6096
:108F8000236C23F480532364236CDA055EBF236CC7
:108F900043F001032364204600F0BAF823686FF021
:108FA0000C021A60F30710D568060ED523681B68FB
:108FB000D9070AD5236C43F4803323642046FFF796
:108FC00086FF23686FF001021A60B2060ED56B01AE
:108FD0000CD5636C43F00203636423686FF02005D3
:108FE0001D602046FFF774FF23681D6070BD000000
:108FF000F7B50023019390F83C30012B05467CD057
:10900000012380F83C3008682B688E68092884B2F8
:1090100030D904EB4402DF681E3A4FF0070C0CFA1B
:1090200002FC27EA0C07DF60DF6806FA02F23A4327
:10903000DA604968062901EB81022AD8596B053AA2
:109040001F26964021EA06015963596B04FA02F281
:109050000A435A632A4A934207D1122834D1D2F8DC
:10906000043343F48003C2F80433002085F83C0045
:1090700003B0F0BD1A6900EB400C072707FA0CF7A4
:1090800022EA07021A611A6906FA0CF616431E61F3
:10909000CFE70C294FF01F010BD81E6B233A9140EC
:1090A00026EA01011963196B04FA02F20A431A63F2
:1090B000D0E7DE6A413A914026EA0101D962D96AD5
:1090C00094400C43DC62C5E7A0F11003012BCCD81F
:1090D0000C4A5368102843F400035360C5D10A4B6F
:1090E0000A4A1B68B3FBF2F30A2253430193019B24
:1090F000002BBAD0019B013BF8E70220B8E700BF84
:1091000000200140002301400000002040420F00E9
:10911000704700000749CA6822F4E06203021204A3
:1091200003F4E063120C134343F0BF6343F40033D2
:10913000CB60704700ED00E0164B30B5DC68C4F33F
:109140000224C4F10703251D042B28BF0423062D88
:109150004FF0FF358CBF033C002405FA03F321EAEE
:109160000303A54022EA0502A340002843EA0203C4
:10917000ACBF00F16040084A4FEA0313B8BF00F0EB
:109180000F00DBB2AABF00F56140135480F8003332
:1091900030BD00BF00ED00E014ED00E0002807DB6B
:1091A0004109044A00F01F000123834042F82130A6
:1091B000704700BF00E100E0036810B5084C0246AC
:1091C000D9B210391820B1FBF0F0205CD06523F43F
:1091D0007F7020F003005F2988BF0430906510BDC8
:1091E0005C3C010870B50446FFF7C4FD0546002C41
:1091F00060D0022384F835302268002384F83430AC
:10920000136823F00103136022681368D8072ED473
:1092100013683248A1691840D4E901352B43E56849
:109220002B4325692B4365692B43E5690B432B438E
:10923000256A2B430343606A042802BFD4E90B5616
:1092400035432B4313605369042823F0070343EA93
:10925000000335D1A06AE56A03438DB391B90128B3
:1092600020D030F002012BD1E90129D51DE0FFF714
:1092700081FD401B0528C7D920230320636584F89E
:10928000350070BDB1F5005F16D1032818D801A1D3
:1092900051F820F0AB92000869920008AB920008E8
:1092A000A5920008B5F1C07F0AD140236365012370
:1092B00084F835300120E4E70228F6D90328D3D01A
:1092C00053612046FFF778FFE26D3F2393408360B0
:1092D00000200123606584F83530D2E73F8010F02C
:1092E00070B590F83440866D012C30D0012480F8A0
:1092F000344090F83540012C4FF0000425D1022570
:1093000080F8355044650468256825F4802525607B
:1093100063608368402B0EBFA260A160E260C26DF3
:1093200008BFE1603F239340B360236843F0160316
:109330002360036C1BB1236843F008032360236898
:1093400043F001032360002070BD80F83440022008
:10935000FAE770B50446866DFFF70CFD94F83530DA
:10936000022B054606D0802363650120002384F884
:10937000343070BD23681A6822F016021A605A69E8
:1093800022F080025A61226C0AB9A26C1AB11A68E2
:1093900022F008021A601A6822F001021A6023689B
:1093A000186810F0010007D1E26D3F239340B360CD
:1093B000012384F83530D9E7FFF7DCFC401B052892
:1093C000EDD920230320636584F83500CEE790F8BB
:1093D0003530022B03D0802343650120704702689B
:1093E000052380F83530136823F001031360002053
:1093F00070470000F7B5002301935C4B856D1F6833
:10940000C36D2E6808229A40324204460CD001688F
:109410000868400708D5086820F004000860AA60C2
:10942000626D42F00102626501229A40324208D028
:1094300021684969090641BFAA60626D42F00202D3
:10944000626504229A40324208D021680968880780
:1094500041BFAA60626D42F00402626510229A4028
:10946000324210D02368196809070CD5AA601A681F
:10947000500337D51B68190301D4236C00E0A36C9B
:109480000BB120469847E16D20228A4032423AD003
:1094900023681868C60636D5AA6094F83520052AD0
:1094A0001A6827D122F016021A605A6922F0800247
:1094B0005A61226C0AB9A26C1AB11A6822F0080229
:1094C0001A603F238B40AB60012384F835300023C2
:1094D00084F83430236D002B45D0204603B0BDE81E
:1094E000F04018471A68D2055EBF1A6822F00802D9
:1094F0001A60C2E7500327D51B68190331D4636C87
:109500000BB120469847636D6BB3636DDA0719D5CD
:1095100022684FF41653B7FBF3F7052384F8353070
:10952000136823F001031360019B0133BB420193D5
:1095300002D81368DB07F7D4012384F83530002301
:1095400084F83430E36CC6E71A6812F4807208D1EC
:10955000196821F010011960012384F8353084F86E
:109560003420E36BCCE703B0F0BD00BF0000002067
:1095700090F83500704700002DE9F74FDFF8A4910F
:10958000664A00230D6801249C4004EA0506AC43AA
:1095900040F0AF804D68032705F003044FEA43080D
:1095A00007FA08FC671E012F6FEA0C0C34D8876895
:1095B00007EA0C0ECF6807FA08F747EA0E0787603C
:1095C000476827EA060EC5F300179F4047EA0E07D3
:1095D0004760C76807EA0C0E8F6807FA08F747EA82
:1095E0000E07022CC76019D14FEAD30A00EB8A0A92
:1095F00003F0070BDAF820704FEA8B0B4FF00F0ED9
:109600000EFA0BFE27EA0E0E0F6907FA0BF747EA70
:109610000E07CAF8207001E0032CDAD1076804FABB
:1096200008F407EA0C073C4315F4403F046060D09F
:1096300000240194D9F8444044F48044C9F84440DB
:10964000D9F8444023F0030707F1804704F480442D
:1096500007F59C37019403F0030C019CD7F808E050
:109660004FEA8C0C0F2404FA0CF42EEA040E2C4C56
:10967000A04245D004F58064A04243D004F5806444
:10968000A04241D004F58064A0423FD004F580643C
:10969000A0423DD004F58064A0423BD004F5806434
:1096A000A04239D004F58064A04214BF08240724E6
:1096B00004FA0CF444EA0E04BC609468F74315F411
:1096C000801F0CBF3C4034439460D46815F4001FE5
:1096D0000CBF3C403443D460546815F4003F0CBFC9
:1096E0003C40344354601468ED0354BF3C40344361
:1096F00014600133102B7FF445AF03B0BDE8F08F49
:109700000024D5E70124D3E70224D1E70324CFE7DF
:109710000424CDE70524CBE70624C9E7003C01403B
:10972000000002400038024000690840003818BFBD
:10973000012070470AB1816170470904FBE7436962
:1097400001EA030221EA030141EA02418161704713
:1097500070B5044608B9012070BD90F83D3003F0A3
:10976000FF021BB980F83C20FEF71EFF242384F87B
:109770003D3023681A6822F001021A601A6842F428
:1097800000421A601A6822F400421A6001F03EF9A1
:109790003F4B65689D4294BF3E4B3F4B98428CBF08
:1097A00000230123002BD6D12268394E51683B4B50
:1097B000B0FBF3F321F03F011943B542516088BF7C
:1097C0004FF49676116A88BF734321F03F0184BF3E
:1097D0004FF47A76B3FBF6F301330B431362D1698E
:1097E000431E2B4821F44F41854221F0FF0132D81E
:1097F0006D0040F6FC70B3FBF5F30133034242D039
:10980000C3F30B031943D161D4E907301168034353
:1098100021F0C0010B4313609168D4E9030321F4E4
:109820000341034321F0FF010B439360D4E905306A
:10983000D168034321F0FF010B43D360136843F069
:109840000103136000202023206484F83D3020634E
:1098500084F83E0080E7A06850B905EB4505B3FBEE
:10986000F5F30133C3F30B037BB143F40043C9E7C2
:1098700019206843B3FBF0F30133C3F30B0323B1A7
:1098800043F44043BEE70423BCE70123BAE700BF2B
:10989000A08601007F841E00FF083D0040420F00AB
:1098A000704770477047704770477047704790F82F
:1098B0003D2008B5036DD2B283B9C36C0268012B99
:1098C000836C05D1DBB21361036D0233036508BD00
:1098D000C3F307231361036D0133F7E7036D012B16
:1098E00003D1836C0268DBB2F4E7036D022BEED187
:1098F000222A05D10268136843F480731360EAE7F3
:10990000438D9BB263B1212A0AD1436A026813F8DE
:10991000011B11614362438D013B9BB24385D6E736
:10992000438D9BB2002BD2D1212AD0D1026851683D
:1099300021F4E0615160116841F40071116020224E
:10994000036380F83D2080F83E30FFF7AFFFBEE7AD
:10995000704770477047000037B5002301932D4BC7
:10996000806B1B6890F83D2046F2A811B3FBF1F321
:1099700023214B4301930368D2B2019941BB016C8F
:1099800041F020010164446B0CB10021E163816B63
:1099900009B10025CD631D6825F480651D60002593
:1099A000458504B1256501B10D65196821F00101F6
:1099B000196090F83D10602911D1202380F83D30C6
:1099C000002380F83E300364FFF7C4FF03B030BDCE
:1099D00001990139019119688905CED4D3E702F0C4
:1099E0002802282A0ED1196841F00101196019686E
:1099F00041F4806119600023036380F83D20FFF784
:109A0000A8FFE3E7202380F83D30002380F83E30B4
:109A1000F5E700BF0000002010B590F83D2090F859
:109A20003E30102BD9B204460368D2B201D040298F
:109A300013D1222A11D1196821F4006119605968E3
:109A400011F4006106D1602A1EBF202284F83D2057
:109A500084F83E100022226307E002F02801282942
:109A6000EDD10022226384F83D105A6812F400629E
:109A70004FD05A68606B22F400625A6090F835301B
:109A8000012B374B2BD00365FFF7A1FC50B12268A7
:109A9000606B136823F001031360202384F83D30CA
:109AA000036D9847236C19071FBF2268536823F47E
:109AB000E063536094F83D30226C5207DBB20DD561
:109AC000282B0BD1274BE36220220023236320465F
:109AD00084F83D2084F83E30FFF7E7FE10BDA06B10
:109AE0000365FFF774FC0028DCD023685A6951062F
:109AF00005D51A69636A1A70636A01336362226862
:109B0000A06B136823F001031360202384F83D3019
:109B1000C6E794F83D10602915D1202184F83D1046
:109B200022645A69520605D51A69636A1A70636A13
:109B3000013363622268136823F001031360204637
:109B4000FFF708FFAEE75A69500605D51A69636A40
:109B50001A70636A013363622046FFF7FAFEA1E7D9
:109B6000599900080000FFFFF0B5036804465A68E1
:109B7000C66A90F83E0094F83D1010288FB0C5B228
:109B8000C9B202D0402D40F0CF829F69586910F0D1
:109B9000010F07D1B6F52A0F02D0B6F12A4F51D1E5
:109BA0000FB0F0BD96054DD5E26AB2F52A0F0CD183
:109BB0000122E26294F83E20402A11D1226D52B96E
:109BC000626C02F0FE021A61EAE7E26AB2F12A4F21
:109BD000F0D10822EDE7626C42F00102D2B2F2E766
:109BE0002269B2F5804F1AD194F83D20212A626C87
:109BF00011D102F0FE021A61626B0AB1D26B2AB96E
:109C0000A26B002ACCD0D26B002AC9D05A6842F489
:109C100000625A60C4E742F00102D2B2EBE7226D63
:109C200032B9626CD21102F0060242F0F002CAE7C9
:109C3000226D012AB4D1626CD21102F0060242F008
:109C4000F102C0E7060703D5960501D5626CE4E78B
:109C5000860740F1E880960540F1E58094F83E10D3
:109C6000E26A256B94F83D002228C9B240F0D38007
:109C7000206D40B9402906D101905A6901929B6933
:109C80000193019B8CE7216D89B92069B0F5404FA4
:109C90000DD102915A6902929A690292029A1A6847
:109CA00042F480721A60236D0133236578E7618D79
:109CB00089B251B903915A6903929A690392039A3E
:109CC0001A6842F400721A6019E0618D89B20129A4
:109CD00049D112F5803F1BD11A6822F480621A60C4
:109CE0005A6812F400620CD01A6822F480621A607A
:109CF000002204925A6904929B690493049B0023F6
:109D0000D3E705925A6905929A690592059AD7E7B1
:109D1000082A1CD0202A1AD0122D0DD1012A16D1C2
:109D20001A6822F480621A60002206925A6906922A
:109D30009B690693069BE2E7102AF1D8974941FAFE
:109D400002F2D707ECD41A6842F48062EBE71A6893
:109D500022F480621A60002207925A6907929A6977
:109D60000792079AACE7618D89B2022930D1102A97
:109D700003D88B49D140CE0715D4196821F48061EE
:109D80001960196841F40061196059680D0514D50E
:109D9000202A1AD8072A0AD8012A0ED15A6842F472
:109DA00080525A6009E0196841F48061ECE7A2F141
:109DB00008017C4ACA40D007F0D4002208925A69B0
:109DC00008929B690893089B99E712F5803FE4E7A6
:109DD000196841F4806119605968090510D5202A75
:109DE00016D8072A06D8012A0AD15A6842F48052A6
:109DF0005A6005E0A2F108016A4ACA40D207F4D4C9
:109E0000002209925A6909929B690993099B76E796
:109E100012F5803FE8E700220A925A690A929B698C
:109E20000A930A9BBCE67F0740F18D805E68360589
:109E30003FF5B6AE070600F004063ED550053CD50A
:109E4000002E3DD194F83D20258D94F83E10E06A17
:109E5000D2B2C9B2C5B9212A18D1082858D02028B1
:109E600056D010F5803F53D05A6822F4E0625A6011
:109E700011232363002384F83E30202384F83D30EF
:109E80002046FFF70DFD8BE6212A05D040297FF4FF
:109E900087AE222A7FF484AE628D92B21AB95A68D4
:109EA00022F48062B5E694F83E20402A16D120467E
:109EB0000FB0BDE8F040FFF7FABC002E3FF470AEE3
:109EC00097057FF56DAE212939D1E16A94F83D20DF
:109ED000212A7FF465AE628D92B24AB1626A12F8AD
:109EE000011B19616262638D013B9BB2638557E67A
:109EF00008290DD020290BD011F5803F08D05968D2
:109F000021F4E06159601123236384F83E20B4E713
:109F10005A6822F4E0625A601A6842F400721A60C9
:109F200000232022236384F83D2094F83E2084F807
:109F30003E30402A2046A4D1FFF7B8FC30E6402D41
:109F40007FF42EAEB3E759680E053FF529AE4506FE
:109F500000F004017DD550057BD500297CD194F813
:109F60003D20222A7FF41CAE628D92B2032A1BD9B7
:109F70001A69636A1A70636A01336362638D013B15
:109F80009BB26385638D9BB2032B7FF409AE22687D
:109F9000536823F48063536002E600BFEBFFFEFFCB
:109FA0001400010001010001E06A02283FF477AFCC
:109FB000012A3FF674AF764A0B91126846F2A81157
:109FC000B2FBF1F202EB82020B920B9A013A0B9276
:109FD0000B99D1B9226C42F0200222645A6822F413
:109FE000E0625A601A69636A1A70636A01336362D5
:109FF000638D013B9BB26385202384F83D3020466E
:10A0000084F83E10FFF7A5FCCAE51A6812F4007246
:10A01000DBD1196821F480611960596821F4E0618D
:10A0200059601969636A1970636A01336362638DE9
:10A03000013B9BB26385202384F83D3094F83E3089
:10A0400084F83E20402B69D122632046FFF780FC34
:10A05000A6E500293FF4A4AD92057FF5A1ADE26A23
:10A06000608D616A80B2042809D15A6822F4806246
:10A070005A601B690B70636A0133636233E7608D5A
:10A0800080B203280CD15868042A20F480605860FC
:10A09000EFD0022AEDD01A6822F480621A60E8E755
:10A0A000608D80B20228E4D1042A33D007D8012A77
:10A0B00007D0022A2ED01A6842F4007204E0102A57
:10A0C000F9D11A6822F480621A601B690B70626A07
:10A0D000531C6362638D013B9BB2638523681B69DC
:10A0E0005370636A226801336362638D013B9BB2E4
:10A0F0006385536823F440735360202384F83D3014
:10A1000094F83E30402B4FF0000384F83E3005D1E8
:10A1100023639AE71A6842F48062D5E71223236327
:10A120002046FFF7BEFB3BE5206C18B358690025BD
:10A1300087072FD596052DD5226C02B19D6994F81D
:10A140003D2002F02802282A17D15A682F0622F44F
:10A1500080625A60C5F3800154BFE268A26900239F
:10A1600081F00101C9B284F83C3092B22046FFF779
:10A170009BFB15E59D695869DAE700220C92596945
:10A180000C919B690C930C9B84F83C2008E500BF64
:10A1900000000020C60640F1B180950540F1AE8078
:10A1A00094F83D505A6822F4E0625A6000220D9201
:10A1B0005A690D921A6842F001021A600D9A1A68E3
:10A1C00022F480621A605A681005EDB220D505F0BD
:10A1D000F702222A4AD1A06B0268526892B26285C5
:10A1E000628D92B21AB1226C42F0040222645A6863
:10A1F00022F400625A60FFF7BBF9012808D0A06B77
:10A20000794B0365FFF7E3F810B1A06B036D984736
:10A21000638D9BB213B323685A69510709D51A6934
:10A22000636A1A70636A01336362638D013B9BB298
:10A23000638523685A69520609D51A69636A1A70D8
:10A24000636A01336362638D013B9BB26385638DF7
:10A250009BB21BB1236C43F004032364236C13B340
:10A2600020460FB0BDE8F040FFF7D6BB606B026838
:10A27000526892B26285628D92B21AB1226C42F03B
:10A28000040222645A6822F400625A60FFF770F9EF
:10A290000128BDD0606B544B0365FFF798F8002888
:10A2A000B6D0606BB2E72A2D06D12363282384F849
:10A2B0003D302046FFF7F7FA94F83D30282B0CD1BB
:10A2C0004A4BE362202200232363204684F83D208A
:10A2D00084F83E30FFF7E9FA62E4236B222B02D0C8
:10A2E000222D7FF45DAC00232022236384F83D20DF
:10A2F00084F83E302046FFF7D6FA51E401F0F7012A
:10A30000212900F0040535D1070627D5560525D5A6
:10A310003DBB94F83D00628D92B2C0B2002A3FF47A
:10A320003FAC626A12F8015B1D616262628D013AA4
:10A3300092B26285628D92B2002A7FF431AC2928F4
:10A340007FF42EAC5A6822F480625A60282321637D
:10A35000204684F83D30FFF7A5FA21E4002D3FF4B4
:10A360001FAC95057FF51CAC628D92B2002A3FF4BC
:10A3700017ACB3E5400627D5510525D53DBB94F86C
:10A380003D20618D89B2D2B200293FF409AC196930
:10A39000636A1970636A01336362638D013B9BB228
:10A3A0006385638D9BB2002B7FF4FAAB2A2A7FF47E
:10A3B000F7AB2268536823F480635360222323633E
:10A3C000282384F83D3095E7002D3FF4E9AB920552
:10A3D0007FF5E6AB628D92B2002A3FF4E1AB1A69D9
:10A3E000636A1A7047E600BF599900080000FFFF32
:10A3F000F8B503685F695E6890F83E2017F48075D1
:10A400000446D2B206D016F480751EBF6FF4807178
:10A4100059610125B80506D5F10542BF6FF40071F9
:10A4200045F002055961780536D5F10534D5608DC2
:10A4300094F83D10D4F830C0202A80B2C9B25BD164
:10A44000002859D101F0F700212804D0282953D140
:10A45000BCF1210F50D194F83D20E16A0829D2B215
:10A4600001D020292AD1282A28D12C4AE2625A6810
:10A4700022F4E0625A606FF480625A611A6822F432
:10A4800080621A60002320222363204684F83D2046
:10A4900084F83E30FFF709FA3A053BD5F30539D584
:10A4A00023686FF4006245F008055A61236C1D4370
:10A4B00025642046BDE8F840FFF7AEBA212A17D13F
:10A4C0001649E1622263202284F83D20002284F8AC
:10A4D0003E205A6822F4E0625A606FF480625A614A
:10A4E0001A6822F480621A602046FFF7DBF9D3E78E
:10A4F0006FF480625A61CFE76FF48061102A59616E
:10A5000045F0040501D0402AC6D11A6842F4007211
:10A510001A60C1E7002DC9D1F8BD00BF0000FFFFE0
:10A520002DE9F341044640B30368DE0710D42368E5
:10A530009D075BD42368190700F19D8023685A07A3
:10A5400000F1BD80A369002B40F0248100202CE0A5
:10A550008D4B9A6802F00C02042A07D09A6802F028
:10A560000C02082A0BD15B68590208D5864B1B6880
:10A570009A03DCD56368002BD9D1012015E063680C
:10A58000814DB3F5803F13D12B6843F480332B60AA
:10A59000FEF7F0FB7C4E054633689B03C7D4FEF7FD
:10A5A000E9FB401B6428F7D9032002B0BDE8F08125
:10A5B000B3F5A02F04D12B6843F480232B60E3E78D
:10A5C0002A6822F480322A602A6822F480222A60D3
:10A5D000002BDDD1FEF7CEFB06462B689F03A6D5E8
:10A5E000FEF7C8FB801B6428F7D9DDE7664B9A6845
:10A5F00012F00C0F07D09A6802F00C02082A11D151
:10A600005B685D020ED4604A1368990702D5E3685F
:10A61000012BB2D11368216923F0F80343EAC10387
:10A62000136087E7E268594BB2B101221A60FEF766
:10A63000A1FB554D06462B689B0707D52B68226961
:10A6400023F0F80343EAC2032B6073E7FEF792FBA3
:10A65000801B0228EFD9A7E71A60FEF78BFB4A4E52
:10A66000054633689F077FF565AFFEF783FB401B08
:10A670000228F6D998E76269444B82B10122C3F8F7
:10A68000802EFEF777FB404E0546736F9B073FF524
:10A6900055AFFEF76FFB401B0228F6D984E7C3F8DD
:10A6A000802EFEF767FB384E0546736F9F077FF5D8
:10A6B00045AFFEF75FFB401B0228F6D974E7324B2B
:10A6C0001A6C12F0805228D101921A6C42F080521A
:10A6D0001A641B6C03F080530193019B01272C4DDE
:10A6E0002B68D8051BD5A368274D012B27D12B6FCD
:10A6F00043F001032B67FEF73DFB234E054641F275
:10A700008838336F9A0739D5002F3FF41BAF1E4AA4
:10A71000136C23F08053136414E70027DFE72B68E2
:10A7200043F480732B60FEF725FB06462B68D905A2
:10A73000D9D4FEF71FFB801B0228F7D934E7052B7D
:10A7400004D12B6F43F004032B67D0E72A6F22F06C
:10A7500001022A672A6F22F004022A67002BCAD15D
:10A76000FEF708FB41F2883806462B6F9B07CBD5D6
:10A77000FEF700FB801B4045F7D915E7FEF7FAFA14
:10A78000401B4045BDD90FE700380240000047425A
:10A7900000700040374DAA6802F00C02082A3ED033
:10A7A000022B354B4FF000021A662BD1FEF7E2FA6E
:10A7B00006462B6899011FD4D4E907321343626A15
:10A7C00043EA8213E26A43EA0263A26A5208013A48
:10A7D00043EA02436B60284B264D01221A66FEF7BE
:10A7E000C9FA04462B689A013FF5B0AEFEF7C2FAEB
:10A7F000001B0228F6D9D7E6FEF7BCFA801B022818
:10A80000D7D9D1E6FEF7B6FA04462B689B017FF54F
:10A810009DAEFEF7AFFA001B0228F6D9C4E6012B65
:10A820003FF4ABAE6B68E26903F4800191427FF4C0
:10A83000A4AE216A03F03F028A427FF49EAE616AB1
:10A8400047F6C0721A40B2EB811F7FF496AEA26A3F
:10A85000520803F44031013AB1EB024F7FF48DAE60
:10A86000E26A03F07063B3EB026F14BF01200020B3
:10A870009BE600BF0038024000004742134908B57C
:10A880008B6803F00C03042B1CD0082B1CD14A68E6
:10A890004B68496813F4800314BF0D480D48C1F399
:10A8A000881118BF002302F03F02A1FB0001F6F758
:10A8B00021FB064B5B68C3F3014301335B00B0FB34
:10A8C000F3F008BD0248FCE70248FAE7003802400E
:10A8D00000127A000024F4002DE9F0410D460446F0
:10A8E00010B90120BDE8F081434B1A6802F007025D
:10A8F0008A4228D321688F072DD4C80740D43E4B05
:10A900001A6802F00702AA4265D8226851076BD480
:10A91000130707D5394A2169936823F4604343EA52
:10A92000C1039360FFF7AAFF344B354A9B68C3F31A
:10A930000313D35CD840334B1860334B1868FEF7D1
:10A94000E3F80020CEE7CAB21A701B6803F00703D1
:10A950008B42C6D1CEE7294B11F0040F1EBF9A6877
:10A9600042F4E0529A600E0742BF9A6842F4604295
:10A970009A609A68A06822F0F00202439A60BCE7ED
:10A9800062681E4B012A1CD11B6813F4003FA8D03B
:10A990001A4EB36823F003031343B360FEF7EAF9DA
:10A9A00041F288380746B368626803F00C03B3EBE2
:10A9B000820FA4D0FEF7DEF9C01B4045F3D9032077
:10A9C00090E7911E01291B6802D813F0007FDEE793
:10A9D00013F0020FDBE7EAB21A701B6803F00703FB
:10A9E000AB427FF47EAF90E70449E0688B6823F4C4
:10A9F000E05303438B608BE7003C02400038024089
:10AA00004C3C01080000002008000020044B054ACF
:10AA10009B68C3F38223D35C034A1068D840704715
:10AA200000380240443C010800000020044B054A65
:10AA30009B68C3F34233D35C034A1068D840704725
:10AA400000380240443C0108000000200F2303604E
:10AA50000B4B9A6802F0030242609A6802F0F0021F
:10AA600082609A6802F4E052C2609B68DB0803F4DB
:10AA7000E0530361034B1B6803F007030B6070474F
:10AA800000380240003C024082B000230093134B88
:10AA900045F6C0521B68B3FBF2F3642253430193A3
:10AAA0000368019A9AB9426D42F0400242651A6801
:10AAB00022F040021A605A6822F0E0025A60DB6815
:10AAC0000093009B072380F8513002B07047019A31
:10AAD000013A01929A689207E3D5E8E70000002066
:10AAE00003685A6822F080025A601A6822F0400215
:10AAF0001A60072380F85130704700002DE9F341B8
:10AB00001C4616460F460546FEF734F93444241A0F
:10AB1000FEF730F9244B1B68C3F3CB336343804605
:10AB200001932A68936837EA030301D000202EE0DE
:10AB3000731CF7D0FEF71EF9A0EB0800A04229D342
:10AB40002B685A6822F0E0025A606A68B2F5827F88
:10AB50000AD1AA68B2F5004F02D0B2F5806F03D1D6
:10AB60001A6822F040021A60AA6AB2F5005F07D1A3
:10AB70001A6822F400521A601A6842F400521A60ED
:10AB8000012385F85130002385F85030032002B0AE
:10AB9000BDE8F081019A019B002A03F1FF33019384
:10ABA00008BF1446BDE700BF0000002038B51346BB
:10ABB0004268B2F5827F044606D00A460121FFF7BB
:10ABC0009DFFB8B9002038BD8268B2F5004F02D0B1
:10ABD000B2F5806F07D125682868B2F5806F20F044
:10ABE0004000286003D00A4680212046E7E70A4655
:10ABF0000121FAE7636D43F0200363650320E2E778
:10AC000037B51346124A1568124AB5FBF2F54FF4F0
:10AC10007A72554342680195B2F5827F04460BD1A2
:10AC20000A468021FFF76AFF78B1636D43F0200385
:10AC30006365032003B030BD019B33B1019B013B31
:10AC4000019323689B681B06F6D40020F2E700BF3F
:10AC50000000002000366E0110B50446002855D0D3
:10AC6000436A002B4ED14268B2F5827F00D0C361A7
:10AC70000023A36294F8513003F0FF0223B984F853
:10AC800050202046FDF720FD2168A068A26902231C
:10AC900084F851300B6823F040030B60636800F4C4
:10ACA000044003F482730343E06800F4006003434C
:10ACB000206900F002000343606900F001000343D3
:10ACC00002F400700343E06900F038000343206A97
:10ACD00000F080000343A06A00F4005003430B60BF
:10ACE000636A120C03F0100302F004021A434A6074
:10ACF000CB6923F40063CB6100200123606584F8F5
:10AD0000513010BD0023C0E90433B1E70120F8E75A
:10AD10002DE9F7431F4690F85030012B04460D46AD
:10AD2000904600F0A080012380F85030FEF722F812
:10AD300094F85130012B8146D8B240F09280002D1A
:10AD400061D0B8F1000F5ED0032384F851300023A6
:10AD50006365C4E91033A4F83680A363A387E3874F
:10AD6000A36826682563B3F5004FA4F8348007D1A3
:10AD7000336823F040033360336843F48043336027
:10AD80003368E2685B065EBF336843F040033360BC
:10AD9000B2F5006F63683FD113B1B8F1010F07D16D
:10ADA00035F8023BF3602563E38E013B9BB2E386FB
:10ADB000E38E9BB2A3B94A4639462046FFF720FFEF
:10ADC00000284BD1A36833B901932368DA68019254
:10ADD0009B680193019B606D003818BF012012E051
:10ADE00022689368980705D5236B33F8021BD1605E
:10ADF0002363D9E7FDF7BEFFA0EB0900B842D7D324
:10AE0000791CD5D00320012384F85130002384F825
:10AE1000503003B0BDE8F08313B1B8F1010F08D191
:10AE20002B783373236B01332363E38E013B9BB297
:10AE3000E386E38E9BB2002BBDD023689A6892070D
:10AE400003D5226B12781A73ECE7FDF793FFA0EBA2
:10AE50000900B842EDD37B1CEBD0D3E72023636518
:10AE6000B0E70220CFE70220D3E72DE9F7431E46E3
:10AE700090F85030DDF82880012B04460D469146AD
:10AE800000F0E180012380F85030FDF773FF94F863
:10AE900051306268012B0746D9B20AD0B2F5827FE1
:10AEA00040F0CF80A368002B40F0CB80042940F015
:10AEB000C88015B1B9F1000F09D10120012384F830
:10AEC0005130002384F8503003B0BDE8F083002EE9
:10AED000F3D094F85130C4F83890042B1CBF0523EC
:10AEE00084F8513000236365C4E910332368E68792
:10AEF000E6861968A687490658BF1968256358BFB2
:10AF000041F04001A68658BF1960E168B1F5006FB5
:10AF100048D10AB1012E07D135F8022BDA60E38E51
:10AF20002563013B9BB2E3860125E38E9BB263B9A7
:10AF3000E38F9BB24BB93A4641462046FFF760FE8D
:10AF4000002872D020236365B7E721688B689A07D1
:10AF50000DD5E38E9BB253B145B1236B33F8022B71
:10AF6000CA602363E38E013B9BB2E38600258A68B7
:10AF700012F001020CD0E38F9BB24BB1A36BC968F6
:10AF800023F8021BA363E38F013B9BB2E3871546C3
:10AF9000FDF7F0FEC01B4045C7D3B8F1FF3FC4D05A
:10AFA00003208BE70AB1012E08D12A781A73236B8C
:10AFB00001332363E38E013B9BB2E3860125E38EDD
:10AFC0009BB21BB9E38F9BB2002BB4D0226893686D
:10AFD0009B070ED5E38E9BB25BB14DB1236B1B7803
:10AFE0001373236B01332363E38E013B9BB2E38630
:10AFF00000252268916811F001010DD0E38F9BB20A
:10B0000053B1A36BD2681A70A36B0133A363E38FB0
:10B01000013B9BB2E3870D46FDF7ACFEC01B4045EC
:10B02000CDD3B8F1FF3FCAD0BAE7A368002B7FF4B5
:10B0300045AF23680190DA6801929B680193019BF8
:10B040003CE702203AE702203EE72DE9F7431D46A0
:10B050004368B3F5827F0446894617460CD183685E
:10B0600053B9042380F85130134600950A46FFF780
:10B07000FCFE03B0BDE8F08394F85030012B7FD084
:10B08000012384F85030FDF775FE94F85130012B00
:10B090008046D8B272D1B9F1000F5CD0002F5AD0DF
:10B0A000A268C4F8389000260423B2F5004F84F853
:10B0B0005130C4E9106666652368E787A787266371
:10B0C000A686E68607D11A6822F040021A601A683E
:10B0D00022F480421A601A6856065EBF1A6842F06F
:10B0E00040021A60E368F3B1E38F9BB2FBB12368BF
:10B0F0009A68D20736D5DA68A36B23F8022BA363CC
:10B10000E38F013B9BB2E387EEE723689A68D007A1
:10B1100018D5A26B1B7B1370A36B0133A363E38F62
:10B12000013B9BB2E387E38F9BB2002BEDD14246FC
:10B1300029462046FFF73AFDE8B9606D003818BF90
:10B14000012008E0FDF716FEA0EB0800A842EAD3B4
:10B15000691CE8D00320012384F85130002384F8CF
:10B16000503086E7FDF706FEA0EB0800A842BBD3EF
:10B170006B1CB9D0EEE720236365DEE70220EAE727
:10B18000022076E738B5044690F85000012870D0C8
:10B19000012084F8500094F851000128C5B208D06D
:10B1A0006068B0F5827F62D1A06800285FD1042D6D
:10B1B0005DD1002933D0002A31D0002B2FD094F854
:10B1C0005100A38604281CBF052084F851000020EC
:10B1D0006065E386E387A38794F851302163042BED
:10B1E000C4E9100018BF2449E06C12BF234B244966
:10B1F000244BA263C0E90F31234BC36400232168B1
:10B200000365E38F0C319BB2FEF76AF8034658B131
:10B21000636D43F010036365012384F8513001200E
:10B22000002384F8503038BD2268A06C516841F08A
:10B2300001015160C0E90F33C0E91333E38E216B84
:10B240009BB20C32FEF74CF80028E1D123681A6853
:10B2500052065EBF1A6842F040021A605A6842F015
:10B2600020025A605A6842F002025A60D8E702206F
:10B27000D6E70220D7E700BFC1B3000853B40008E7
:10B28000B5B30008EDB30008CBB300081FB5454BBC
:10B2900045F6C0521B68B3FBF2F36422534301939B
:10B2A000019B009303685A6822F020025A605A6892
:10B2B000110604460AD53C4A4264009A002A59D134
:10B2C000626D42F040026265019A00925A6852062D
:10B2D0000AD5364A2264009A002A53D1626D42F0A0
:10B2E00040026265019A00925A68900714D5A06CDA
:10B2F00090B100230365FEF72CF808B14023636585
:10B3000023685A6822F002025A60009A002A41D14A
:10B31000626D42F0400262655A68D20711D5E06C56
:10B3200078B100230365FEF714F808B14023636584
:10B3300023681A6822F040021A605A6822F001025B
:10B340005A600022E287E286616D402918BF62657B
:10B350000292D968029199680291029903929B68BE
:10B360000393039B14BF10460120012384F851303E
:10B3700004B010BD009A013A009294F85120072AB7
:10B380009BD1A1E7009A013A009294F85120072A34
:10B39000A1D1A7E7009A013A00929A689107B4D523
:10B3A000BAE700BF00000020E1AA000889AA00084F
:10B3B0007047704708B5806BFFF7FBFF08BD70470B
:10B3C00008B5806BFFF7FBFF08BD806B026808B50E
:10B3D000536823F003035360436D43F01003436548
:10B3E000012380F85130F5F7C5FF08BD38B5054693
:10B3F000846BFDF7BFFC2B681B68DB05024624D479
:10B400002368596821F020015960A168C9B96168B1
:10B41000B1F5827F15D1596821F0030159602046AA
:10B420006421FFF7C3FB08B1202363650023E38792
:10B43000012384F85130636D3BB12046F5F79AFF44
:10B4400038BD596821F00101E8E72046FFF7B0FF59
:10B45000F6E738B50546846BFDF78CFC2B681B6856
:10B46000DB0502461ED421684B6823F020034B60A5
:10B4700020466421FFF7C4FB18B1636D43F020033D
:10B4800063652268536823F0030353600023E38657
:10B49000E387012384F85130636D1BB12046F5F733
:10B4A00069FF38BD2046F5F74BFFFAE7F0B50368B2
:10B4B0005D689A68560685B004464FEA9211C2F359
:10B4C000801708D4D60706D56E0604D5036C05B0E0
:10B4D000BDE8F0401847960704D5280602D5636CEE
:10B4E0002046F4E741EA521102F4807001F00101B4
:10B4F00001434FEA521657D0AA0655D57FB194F8AA
:10B500005120032A4FF0000148D0626D42F004023E
:10B5100062650091DA6800929A680092009AF107D9
:10B520000CD5626D42F001026265002202929A68B7
:10B5300002921A6822F040021A60029A40B1626DCB
:10B5400042F008026265002203929A680392039A0D
:10B55000626D4AB35A6822F0E0025A60012284F810
:10B560005120AA0722D05A68E06C22F003025A60E8
:10B5700040B1104B0365FDF72AFF18B1636D43F02E
:10B5800040036365A06C78B10A4B0365FDF71FFFAC
:10B5900050B1636D43F04003636505E00191DA68E3
:10B5A00001929B680193019B05B0F0BD2046F5F721
:10B5B000E1FEF9E7B9B5000808B5806B0023C38741
:10B5C000C386F5F7D7FE08BD036A23F0010370B503
:10B5D0000362036A446882690D6822F073022A4399
:10B5E0008D6823F002032B430C4DA84203D005F5D0
:10B5F0008065A8420BD1CD6823F008032B43D1E925
:10B60000055624F44074354323F004032C4344606E
:10B6100082614A684263036270BD00BF000001405E
:10B62000036A23F4807370B50362036A4468C269D5
:10B630000D6822F073022A438D6823F4007343EAF5
:10B6400005230D4DA84203D005F58065A8420DD114
:10B65000CD6823F4006343EA0523D1E9055624F4B9
:10B660004054354323F4806344EA05144460C261C6
:10B670004A68C263036270BD00000140036A23F49C
:10B68000805330B50362036A4468C2690D6822F4CE
:10B69000E64242EA05228D6823F4005343EA05336B
:10B6A000084DA84203D005F58065A84204D14D6934
:10B6B00024F4804444EA85144460C2614A68026408
:10B6C000036230BD0000014090F83D30012B30D1C5
:10B6D000022380F83D300368DA6842F00102DA6044
:10B6E000154A93421AD0B3F1804F17D0A2F57C428D
:10B6F000934213D002F5806293420FD002F580622C
:10B7000093420BD002F57842934207D002F5705273
:10B71000934203D0A2F59432934204D19A6802F086
:10B720000702062A03D01A6842F001021A600020BC
:10B7300070470120704700BF00000140704770470C
:10B7400070477047704703681A69910710B504463F
:10B750000ED5DA6892070BD56FF002021A6101224A
:10B7600002779B699B0777D0FFF7EAFF00232377D7
:10B7700023681A69500710D5DA6851070DD56FF0A4
:10B7800004021A61022222779B6913F4407F20464B
:10B7900068D0FFF7D5FF0023237723681A691207C3
:10B7A0000FD5DA6810070CD56FF008021A61042271
:10B7B0002277DB69990720465AD0FFF7C1FF0023A3
:10B7C000237723681A69D20610D5DA68D0060DD51A
:10B7D0006FF010021A6108222277DB6913F4407FB0
:10B7E00020464BD0FFF7ACFF0023237723681A696C
:10B7F000D10708D5DA68D20705D56FF001021A61C2
:10B800002046F7F7DFFB23681A69100608D5DA68C7
:10B81000110605D56FF080021A61204600F0CDFBBD
:10B8200023681A69520608D5DA68500605D56FF004
:10B8300040021A612046FFF785FF23681A699106C6
:10B8400022D5DA6892061FD56FF0200220461A61D1
:10B85000BDE8104000F0B0BBFFF771FF2046FFF7D6
:10B8600070FF83E7FFF76BFF2046FFF76AFF92E761
:10B87000FFF765FF2046FFF764FFA0E7FFF75FFFD4
:10B880002046FFF75EFFAFE710BD0000254A0368C2
:10B89000904212D0B0F1804F0FD0A2F57C4290427E
:10B8A0000BD002F58062904207D002F58062904290
:10B8B00003D002F57842904208D14A6823F0700321
:10B8C0001343CA6823F44073134316E0164A9042A8
:10B8D000F7D002F580629042F3D002F58062904288
:10B8E000EFD0A2F598329042EBD002F58062904200
:10B8F000E7D002F580629042E3D04A6923F08003EA
:10B90000134303608B68C3620B688362054B9842E4
:10B9100003D003F58063984201D10B6903630123CF
:10B9200043617047000001400040014010B50446EB
:10B9300030B390F83D3003F0FF021BB980F83C2093
:10B94000FCF740FF0223206884F83D30211DFFF7FB
:10B950009DFF012384F84630002084F83E3084F8AF
:10B960003F3084F8403084F8413084F8423084F825
:10B97000433084F8443084F8453084F83D3010BDBD
:10B980000120FCE710B5044630B390F83D3003F0D9
:10B99000FF021BB980F83C20FCF764FF02232068FB
:10B9A00084F83D30211DFFF771FF012384F84630F4
:10B9B000002084F83E3084F83F3084F8403084F82A
:10B9C000413084F8423084F8433084F8443084F8BD
:10B9D000453084F83D3010BD0120FCE710B5044629
:10B9E00030B390F83D3003F0FF021BB980F83C20E3
:10B9F000FFF7A4FE0223206884F83D30211DFFF7E5
:10BA000045FF012384F84630002084F83E3084F856
:10BA10003F3084F8403084F8413084F8423084F874
:10BA2000433084F8443084F8453084F83D3010BD0C
:10BA30000120FCE7036A23F0100370B50362036A78
:10BA4000446882690D6822F4E64242EA05228D6864
:10BA500023F0200343EA05130D4DA84203D005F55A
:10BA60008065A8420DD1CD6823F0800343EA051319
:10BA7000D1E9055624F44064354323F0400344EAF9
:10BA80008504446082614A688263036270BD00BFBE
:10BA90000000014038B590F83C30012B04464FD0EF
:10BAA0000120082A84F83C003AD006D8BAB1042A0A
:10BAB00026D0002384F83C3038BD0C2AF9D1206808
:10BAC000FFF7DCFDC3690A6943F40063C361C3691E
:10BAD00023F48063C361C36943EA02232EE0206834
:10BAE000FFF772FD83690A6943F008038361836984
:10BAF00023F0040383618369134383610020D8E743
:10BB00002068FFF797FF83690A6943F40063836144
:10BB1000836923F480638361836943EA0223ECE74A
:10BB20002068FFF77DFDC3690A6943F00803C3611C
:10BB3000C36923F00403C361C3691343C361DDE731
:10BB40000220B9E770B5046A194E24F001040462BA
:10BB5000B0428469056A26D0B0F1804F23D0A6F5A3
:10BB60007C46B0421FD006F58066B0421BD006F579
:10BB70008066B04217D006F57846B04213D006F57D
:10BB80007056B0420FD0A6F59436B0420BD044F0B8
:10BB9000010263F3071201F00A0125F00A031943B9
:10BBA0008261016270BD24F003042243F1E700BF0B
:10BBB00000000140F8B590F83C30012B05460C46DA
:10BBC00000F082800120082A85F83C005CD006D86D
:10BBD00042B3042A36D0002385F83C30F8BD0C2A45
:10BBE000F9D12B68CE68D1E90027196A21F4805178
:10BBF0001962D969186A21F44071120341EA0721D8
:10BC000020F4204002F4204266F30F310243D96150
:10BC10001A62DA69A16822F44062DA61DA6942EAFA
:10BC200001224FE02868CB68D1E90012FFF78AFFB4
:10BC30008369A26823F00C038361836913438361E2
:10BC40000020C8E72B68CE68D1E90027196A21F0E7
:10BC5000100119629969186A21F44071120141EAD0
:10BC6000072120F0A00002F0A00266F30F3102438A
:10BC700099611A629A69A16822F440629A619A698C
:10BC800042EA01229A61DBE72B68E768186A20F430
:10BC90008070D1E900211862DE69186A26F0030677
:10BCA0001202314320F4206002F4206267F307118E
:10BCB0000243D9611A62DA69A16822F00C02DA61E2
:10BCC000DA690A43DA61BBE7022087E710B58468C6
:10BCD0000A4324F47F4442EA03222243826010BDD7
:10BCE00038B590F83C30012B04464FF0020000F0CC
:10BCF0008E8084F83D000122206884F83C2083680F
:10BD000023F47F4323F0770383600B68602B4FD0CD
:10BD100032D8402B64D016D8202B0DD00AD833F05F
:10BD2000100109D0012384F83D30002384F83C3011
:10BD3000104638BD302BF5D1826822F070021343D3
:10BD400043F0070328E0502BECD14A68CD68016A24
:10BD5000036A23F001030362836921F00A0123F0DF
:10BD6000F00343EA05130A4383610262836823F008
:10BD7000700343F057030FE0B3F5805F0DD0B3F5C8
:10BD8000005F0CD0702BCDD1CB68D1E90121FFF73A
:10BD90009DFF836843F0770383600022C2E7CB688E
:10BDA000D1E90121FFF792FF836843F48043F3E771
:10BDB000036A4D68C96823F0100303628269036A4D
:10BDC00022F4704223F0A00343EA051342EA013251
:10BDD00082610362836823F0700343F06703DBE74B
:10BDE0004A68CD68016A036A23F00103036283692C
:10BDF00021F00A0123F0F00343EA05130A438361AB
:10BE00000262836823F0700343F04703C4E70246ED
:10BE10008EE7036A10B501F01F0101248C4023EA6C
:10BE200004030362036A8A401A43026210BD0000E1
:10BE300008B529B990F83E30012B1FD0012035E01C
:10BE4000042907D190F83F30012BF7D1022380F865
:10BE50003F3016E008290CBF90F8403090F8413090
:10BE6000013B18BF0123002BE8D108294FF0020342
:10BE70000CBF80F8403080F8413002E0022380F8A7
:10BE80003E3000680122FFF7C4FF164B984203D0F2
:10BE900003F5806398420AD1436C43F40043436442
:10BEA000836803F00703062B17D1002008BDB0F10B
:10BEB000804FF5D00C4B9842F2D003F58063984246
:10BEC000EED003F580639842EAD003F59A339842A6
:10BED000E6D0A3F594339842E2D0036843F001031F
:10BEE0000360E2E70000014000040040FFF7A0BF4C
:10BEF00030B590F83C30012B02464FF0020032D0B2
:10BF0000136882F83D005C680D68986824F070043E
:10BF10002C435C60144CA3421AD0B3F1804F17D06D
:10BF2000A4F57C44A34213D004F58064A3420FD04F
:10BF300004F58064A3420BD004F57844A34207D0F3
:10BF400004F57054A34203D0A4F59434A34204D161
:10BF5000496820F08000014399600123002082F8A5
:10BF60003D3082F83C0030BD0000014090F83C308C
:10BF7000012B02461ED0CB68886823F4407303432C
:10BF8000486823F480630343086823F40063034391
:10BF9000086923F4805303434869C96923F40053B3
:10BFA000034323F480430B43116800204B6482F861
:10BFB0003C0070470220704770477047026802F1EA
:10BFC0000C0353E8003F23F490730C3242E8003135
:10BFD00002680029F2D102F1140353E8003F23F074
:10BFE000010302F1140C4CE800310029F3D1036B7A
:10BFF000012B0BD102F10C0353E8003F23F0100397
:10C0000002F10C0C4CE800310029F3D1202380F818
:10C010003E300023036370470268C16838B5136976
:10C0200023F440530B431361054683680069D168CC
:10C03000034368690343E86921F4164121F00C01C8
:10C0400003430B43D3605369A96923F440730B4343
:10C0500053611F4B9A4203D003F580639A4224D167
:10C06000FEF7E4FCEA691921B2F5004FD5E9004377
:10C07000A0FB01011CD1DA184FF0000545EB0503C8
:10C08000F4F738FF6422B0FBF2F102FB1103DB008E
:10C090003233B3FBF2F303F007025B0002EB011251
:10C0A00003F4F8731344A36038BDFEF7AFFCD9E77F
:10C0B0009A009B0FF4F71EFF6422B0FBF2F102FB23
:10C0C00011031B013233B3FBF2F303EB0113EAE775
:10C0D00000100140F8B504460E4617461D4622687A
:10C0E000136836EA030301D1002028E06B1CF7D067
:10C0F00025B1FCF73FFEC01B8542F0D2226802F159
:10C100000C0353E8003F23F4D0730C3242E80030B4
:10C1100021680028F2D101F1140353E8003F23F015
:10C12000010301F1140040E80032002AF3D120237A
:10C1300084F83D3084F83C2084F83E300320F8BD7C
:10C1400010B5044640B390F83D3003F0FF021BB930
:10C1500080F83C20FCF7EEFB2268242384F83D3075
:10C16000D36823F40053D3602046FFF755FF2368BC
:10C170001A6922F490421A615A6922F02A025A611D
:10C18000DA6842F40052DA6000202023206484F848
:10C190003D3084F83E3010BD0120FCE72DE9F84326
:10C1A000984690F83D30202B04460E46174648D15D
:10C1B000002944D0002A42D090F83C30012B40D0D6
:10C1C000012380F83C3000252123056480F83D30B0
:10C1D000FCF7D0FDA368A784B3F5805F8146E784B0
:10C1E00003D123690BB935461E46002384F83C3041
:10C1F000E38C9BB253B943464A4640212046FFF7A1
:10C2000069FF50B9202384F83D3007E043464A4691
:10C2100080212046FFF75EFF10B10320BDE8F883C0
:10C2200022684EB935F8023BC3F308035360E18C32
:10C23000013989B2E184DBE716F8013BF6E701201A
:10C24000ECE70220EAE770477047704708B5806B5B
:10C250000023C385C384FFF7F8FF08BD704790F83B
:10C260003E30222B07B541D181680268836AB1F55F
:10C27000805F3DD1016900293DD15268C2F30802B7
:10C2800023F8022B8362C38D013B9BB2C385002B35
:10C290002CD10268D16821F02001D160D16821F44D
:10C2A0008071D160516921F001015161202280F833
:10C2B0003E20026B012A026827D1036302F10C03BE
:10C2C00053E8003F23F0100302F10C0C4CE800315E
:10C2D0000029F3D11368DB0605D50191136801939A
:10C2E00053680193019B818DFFF7B8FF03B000BD38
:10C2F00039B9016929B95268D2B21A70836A013317
:10C30000C0E7526802F07F02F7E7FFF79DFFEDE715
:10C3100003681A6873B51607D9685D69044608D1C1
:10C32000960668D58D0666D502B0BDE87040FFF769
:10C3300096BF05F0010001F4907505435BD0D60768
:10C3400005D5CD0542BF236C43F001032364530799
:10C3500004D518B1236C43F002032364960704D577
:10C3600018B1236C43F004032364150707D501F0CB
:10C37000200303431EBF236C43F008032364236C94
:10C38000002B32D0920604D58B0602D52046FFF74B
:10C3900066FF26687369226C03F0400302F008020E
:10C3A00053EA0205204622D0FFF708FE73695E06B5
:10C3B00018D5226802F1140353E8003F23F040032C
:10C3C000143242E800310029F3D1A06B50B1724B16
:10C3D0000365FCF7FCFF40B1A06B036D02B0BDE844
:10C3E000704018472046FFF730FF02B070BDFFF7DE
:10C3F0002CFF2564F9E7206B012840F09180D506D9
:10C4000040F18E80C80640F18B80002201921A68AC
:10C4100001925A680192019A5A6952064CD5A16B51
:10C420000A68526892B2002ADFD0A08D9042DCD90F
:10C43000E285CA69B2F5807F36D003F10C0252E87A
:10C44000002F22F4807203F10C0040E80021002943
:10C45000F3D103F1140252E8002F22F0010203F19C
:10C46000140040E800210029F3D103F1140252E83E
:10C47000002F22F0400203F1140040E800210029BF
:10C48000F3D1202284F83E20216303F10C0252E80C
:10C49000002F22F0100203F10C0040E800210029D7
:10C4A000F3D1A06BFCF755FFE38DA18DC91A89B2BA
:10C4B0002046FFF7D3FE98E7E28DE18D89B292B274
:10C4C000002992D0A18D891A89B200298DD003F15B
:10C4D0000C0252E8002F22F4907203F10C0545E89B
:10C4E00000200028F3D103F1140252E8002F22F0BB
:10C4F000010203F1140545E800200028F3D12022B1
:10C5000084F83E20206303F10C0252E8002F22F051
:10C51000100203F10C0545E800200028F3D1C7E71D
:10C52000160628D50D0626D594F83D20212A7FF43D
:10C530005CAFA168226AB1F5805F17D12169A9B902
:10C5400032F8021BC1F3080159602262E28C013A01
:10C5500092B2E284002A7FF448AFDA6822F08002C7
:10C56000DA60DA6842F04002DA603EE7511C21628C
:10C5700012785A60EAE750067FF537AF4A067FF532
:10C5800034AFDA6822F04002DA60202384F83D30CC
:10C590002046FFF758FE28E74DC2000808B54FF0C7
:10C5A000E0231B6901F02AFA012803D0BDE8084006
:10C5B00001F028BD08BD0000EFF305832BB9064B41
:10C5C000186828B901221A6070476FF0050070479B
:10C5D0004FF0FF30704700BF4054002010B5EFF31C
:10C5E00005845CB9084B1A68012A0AD1074AD47736
:10C5F00002221A6000F0FAFE204610BD6FF005001E
:10C60000FBE74FF0FF30F8E74054002000ED00E07A
:10C61000EFF305830BB100F047BF00F03FBFF0B56B
:10C6200087B0144600220B460592EFF30582FAB953
:10C63000F0B15CB3A56925B1691E372902D9002084
:10C6400017E018256268D207F9D466699EB1B2086E
:10C65000D4E9027C21688FB1BCF1A70F08D9246905
:10C6600034B12EB1CDE90147009500F059FE059097
:10C67000059807B0F0BD4FF40072E9E7BCF1000F78
:10C68000F6D12469002CF3D10C4602E018254FF4B2
:10C69000007205A9CDE9005192B2214600F078FE62
:10C6A00001281CBF00230593E2E708B5EFF30582DC
:10C6B00022B908B101F054F8002008BD6FF0050060
:10C6C000FBE737B50546EFF305845CB900F0E6FEFD
:10C6D000291A0029019008DD01A800F0F7FF204683
:10C6E00003B030BD6FF00500FAE76FF00300F7E725
:10C6F00038B50546EFF305843CB948B100F04CFC71
:10C70000284600F061FC204638BD6FF00500FBE7CD
:10C710006FF00300F8E7F7B505460E461446EFF351
:10C7200005871FB10025284603B0F0BD0028F9D0C9
:10C730000029F7D0DAB1D2E9023283B14F2AF1D918
:10C740002269002AEED066694D43AE42EAD30097D3
:10C7500000F0A0F905460028E4D0246811E0002A82
:10C76000E0D12369002BDDD16369002BDAD12846A3
:10C770000022314600F0DCF905460028D2D0002C1A
:10C78000EBD12146284600F0F5FBCCE773B51C46FB
:10C79000EFF30586DEB138B331B32BBB01AA0193A9
:10C7A00000F09FFA012803D06FF0020002B070BDC4
:10C7B000019B0BB90020F9E74FF0E0234FF08052C6
:10C7C000C3F8042DBFF34F8FBFF36F8FF2E758B15B
:10C7D00051B13346224600F0D2F90128EAD0002CAC
:10C7E000E2D06FF00100E1E76FF00300DEE737B55C
:10C7F0001C46EFF30583DBB130B329B324BB01AA98
:10C80000019400F06AFB012803D06FF0020003B02E
:10C8100030BD019B0BB90020F9E74FF0E0234FF04A
:10C820008052C3F8042DBFF34F8FBFF36F8FF2E731
:10C8300050B149B1224600F0B1FA0128EBD0002CEA
:10C84000E3D06FF00100E2E76FF00300DFE7FFF7EE
:10C850004FBF0000034B0360034B0B604FF40073AA
:10C860001360704798530020984B0020034B0360DF
:10C87000034B0B604FF4806313607047F04A002055
:10C88000F03A002000F108034FF0FF32C0E9022324
:10C890004360036100230360704700230361704716
:10C8A00043684B609A688A605160996003680861C8
:10C8B00001330360704730B50C68631C0AD103690B
:10C8C0005A684A6091608B6059600368086101335F
:10C8D000036030BD00F10802134652681568A54296
:10C8E000FAD9EDE7D0E9011203698A60516059680D
:10C8F000814208BF5A60002202611A68013A1A6038
:10C900001868704710B5044601F014FBA46B01F0E1
:10C9100031FBB4FA84F0400910BD70B51646026CC4
:10C92000856B044642B906689EB9806801F076F8C6
:10C93000A6600135A56370BD6EB9406801F052FE76
:10C940006368226C1344A2686360934224BF236827
:10C9500063600020EDE7C06801F044FE226CE368EC
:10C9600051429B1A2268E36093423EBFA3685B1862
:10C97000E360022EEDD10DB1013DEAE72846D8E78C
:10C98000034610B41A6C084662B1DC68A1189C68B2
:10C99000D960A14228BF19685DF8044B28BFD9604F
:10C9A00001F020BE5DF8044B704770B5044601F0FD
:10C9B000C1FA94F8455004F124066DB2002D01DD52
:10C9C000636AB3B9FF2384F8453001F0D3FA01F06C
:10C9D000B1FA94F8445004F110066DB2002D01DD57
:10C9E00023697BB9FF2384F84430BDE8704001F02F
:10C9F000C1BA304600F064FF08B100F0E9FF013D24
:10CA00006DB2DBE7304600F05BFF08B100F0E0FFFD
:10CA1000013D6DB2E2E738B50D46044640B94FF02E
:10CA2000500383F31188BFF36F8FBFF34F8FFEE77F
:10CA300001F080FAD4E90F31226862604B43D018CC
:10CA40005B1A1A44A060FF230020A063E26084F810
:10CA5000443084F84530A5B9236973B104F110005E
:10CA600000F02EFF48B14FF0E0234FF08052C3F8A2
:10CA7000042DBFF34F8FBFF36F8F01F07BFA0120BE
:10CA800038BD04F11000FFF7FDFE04F12400FFF7AC
:10CA9000F9FEF2E737B50D461C4640B94FF050039A
:10CAA00083F31188BFF36F8FBFF34F8FFEE743B956
:10CAB0004FF0500383F31188BFF36F8FBFF34F8F95
:10CAC000FEE74AB191B94FF0500383F31188BFF3E9
:10CAD0006F8FBFF34F8FFEE741B14FF0500383F3E9
:10CAE0001188BFF36F8FBFF34F8FFEE75023019381
:10CAF000019B502B08D04FF0500383F31188BFF3F4
:10CB00006F8FBFF34F8FFEE70121002D08BF224634
:10CB1000C4E90F0584F8461022602046019BFFF708
:10CB20007AFF9DF8183084F84C30204603B030BDB1
:10CB3000F8B50D461746064640B94FF0500383F34B
:10CB40001188BFF36F8FBFF34F8FFEE7484350301C
:10CB500001F058FB044670B1002380F8463065B1FF
:10CB600000F15003C4E90F65236001212046FFF75F
:10CB700052FF84F84C702046F8BD0346F2E72DE9D9
:10CB8000FF410F4601921E46044640B94FF0500344
:10CB900083F31188BFF36F8FBFF34F8FFEE751B957
:10CBA000036C43B14FF0500383F31188BFF36F8FD1
:10CBB000BFF34F8FFEE7022E0BD1E36B012B08D0A2
:10CBC0004FF0500383F31188BFF36F8FBFF34F8F84
:10CBD000FEE700F013FF054650B9019B4BB14FF043
:10CBE000500383F31188BFF36F8FBFF34F8FFEE7BE
:10CBF00000254FF0000839E0022E3DD0019B1BB903
:10CC000001F0B8F9002050E015B902A800F098FE34
:10CC100001F0B0F900F03AFC01F08CF994F84430DE
:10CC2000FF2B08BF84F8448094F84530FF2B08BFE1
:10CC300084F8458001F09EF901A902A800F08CFE5D
:10CC4000002848D101F076F9A26BE36B9A422FD10C
:10CC500001F090F9019904F1100000F0F9FD20466F
:10CC6000FFF7A3FE00F0BEFC50B3012501F062F90E
:10CC7000A26BE36B9A42BFD2324639462046FFF799
:10CC80004CFE636A1BB104F1240000F019FE48B1A8
:10CC90004FF0E0234FF08052C3F8042DBFF34F8FC5
:10CCA000BFF36F8F01F066F9012004B0BDE8F08199
:10CCB00001F060F92046FFF778FE00F093FCD4E71E
:10CCC0004FF0E0234FF08052C3F8042DBFF34F8F95
:10CCD000BFF36F8FC9E72046FFF767FE00F082FCC5
:10CCE00090E72DE9F843894617461E46044640B9A9
:10CCF0004FF0500383F31188BFF36F8FBFF34F8F53
:10CD0000FEE751B9036C43B14FF0500383F3118830
:10CD1000BFF36F8FBFF34F8FFEE7022E0BD1E36B94
:10CD2000012B08D04FF0500383F31188BFF36F8FAE
:10CD3000BFF34F8FFEE701F011FAEFF311884FF0C8
:10CD4000500383F31188BFF36F8FBFF34F8FA26B34
:10CD5000E36B9A4201D3022E1ED194F84550A36B87
:10CD60006DB2324649462046FFF7D7FD6B1C0ED107
:10CD7000636A3BB104F1240000F0A2FD10B10FB1D1
:10CD800001233B60012088F31188BDE8F883013559
:10CD90006DB284F84550F5E70020F4E72DE9FF4136
:10CDA0000E460192044640B94FF0500383F31188B8
:10CDB000BFF36F8FBFF34F8FFEE751B9036C43B1E1
:10CDC0004FF0500383F31188BFF36F8FBFF34F8F82
:10CDD000FEE700F013FE054650B9019B4BB14FF042
:10CDE000500383F31188BFF36F8FBFF34F8FFEE7BC
:10CDF00000254FF000083DE0019B1BB901F0BAF897
:10CE0000002056E015B902A800F09AFD01F0B2F832
:10CE100000F03CFB01F08EF894F84430FF2B08BF83
:10CE200084F8448094F84530FF2B08BF84F845808F
:10CE300001F0A0F801A902A800F08EFD002841D160
:10CE40002046FFF75FFDB8B3019904F1240000F01C
:10CE5000FFFC2046FFF7A9FD00F0C4FB48B94FF0E6
:10CE6000E0234FF08052C3F8042DBFF34F8FBFF380
:10CE70006F8F012501F05EF8A76B002FBCD0314603
:10CE80002046013FFFF77CFDA763236973B104F1DE
:10CE9000100000F015FD48B14FF0E0234FF0805234
:10CEA000C3F8042DBFF34F8FBFF36F8F01F062F80B
:10CEB000012004B0BDE8F0812046FFF776FD00F0C8
:10CEC00091FBD6E72046FFF770FD00F08BFB204674
:10CED000FFF718FD0028CCD092E72DE9F8438946EA
:10CEE0009046044640B94FF0500383F31188BFF3D6
:10CEF0006F8FBFF34F8FFEE751B9036C43B14FF013
:10CF0000500383F31188BFF36F8FBFF34F8FFEE79A
:10CF100001F024F9EFF311874FF0500383F31188E8
:10CF2000BFF36F8FBFF34F8FA56B0DB394F84460C1
:10CF3000494676B22046FFF723FD013D731CA563E9
:10CF400011D1236953B104F1100000F0B9FC28B1EC
:10CF5000B8F1000F02D00123C8F80030012087F398
:10CF60001188BDE8F883013676B284F84460F5E7AD
:10CF70002846F4E730B5074A002352F8335002EB55
:10CF8000C3041DB942F83310606030BD0133082B73
:10CF9000F3D1FAE74454002010B5094A002352F8AF
:10CFA000331081424FEAC30406D1064A002142F8F9
:10CFB00033102244516010BD0133082BEFD1FAE742
:10CFC000485400204454002010B540B94FF050039D
:10CFD00083F31188BFF36F8FBFF34F8FFEE7FFF727
:10CFE000DBFF90F846301BB9BDE8104001F0A4B952
:10CFF00010BD70B504460D46164600F09BFF94F830
:10D000004430FF2B04BF002384F8443094F84530AB
:10D01000FF2B04BF002384F8453000F0ABFFA36B67
:10D020002BB93246294604F1240000F02BFC20469F
:10D03000BDE87040FFF7B9BC2DE9F041044600F0AF
:10D0400079FF304B304E1A68304F01321A60356824
:10D05000002D4BD134601B68012B1FD1B8464046D0
:10D060000135FFF70FFC382D08F11408F7D1DFF870
:10D07000C480274D4046FFF705FC2846FFF702FC19
:10D080002448FFF7FFFB2448FFF7FCFB2348FFF78A
:10D09000F9FB234BC3F80080224B1D60224A136822
:10D0A00001331360214A63641168E36A14208B42E0
:10D0B00000FB037004F1040188BF1360FFF7F0FB6D
:10D0C00000F058FF1A4B1B6873B13368DA6AE36AE1
:10D0D0009A4209D24FF0E0234FF08052C3F8042D5A
:10D0E000BFF34F8FBFF36F8FBDE8F081104B1B680C
:10D0F000002BD3D13368DA6AE36A9A4298BF34606E
:10D10000CCE700BFA85400207C5900201C5500200B
:10D11000F4540020D8540020C4540020AC54002003
:10D12000F0540020EC5400208C540020A054002027
:10D130009C54002008550020F8B5154B154D1C686F
:10D140000646286804300F46FFF7CCFB731C07D156
:10D1500037B129681048BDE8F8400431FFF7A0BB9B
:10D160002B68A4195C6007D30C4B18682968BDE8CC
:10D17000F8400431FFF79FBB094B18682968043158
:10D18000FFF799FB074B1A68A24288BF1C60F8BDE5
:10D19000A45400207C590020AC540020EC54002002
:10D1A000F054002088540020064A13681968064B82
:10D1B00019B94FF0FF321A6070471268D268D2680E
:10D1C0005268F8E7F05400208854002010B5044657
:10D1D000543001F075F994F8A5303BB9206B01F09B
:10D1E000ABF82046BDE8104001F0A6B8012BF8D0FE
:10D1F000022B08D04FF0500383F31188BFF36F8FD9
:10D20000BFF34F8FFEE710BD80B5134C134F144D85
:10D21000236873B9134B1B68012BF8D94FF0E02337
:10D220004FF08052C3F8042DBFF34F8FBFF36F8FC1
:10D23000EDE700F07FFEFB68DE68301DFFF752FB74
:10D240002B68013B2B602368013B236000F092FEBA
:10D250003046FFF7BBFFDBE7C0540020C45400207A
:10D26000A85400201C5500202DE9F047DDE9099461
:10D270009600324607460D46206BA521984601F0E0
:10D2800017F9236B043E1E4426F00706002D41D0FB
:10D290006B1E04F133020F3513F8011F02F8011F52
:10D2A00009B1AB42F8D1002384F84330089D372DF3
:10D2B00028BF37254FF0000AE562E564201DC4F859
:10D2C00050A0FFF7EAFAC5F1380504F11800FFF79E
:10D2D000E4FAC4F8A0A04C2251462461A56164621E
:10D2E00084F8A4A004F1540001F0E2F80B4BA3650C
:10D2F00003F16802D033E265236642463946304680
:10D3000000F0EEFD2060B9F1000F01D0C9F8004037
:10D31000BDE8F08784F83450C8E700BFD4EA0120A4
:10D3200070B586B0DDE90B5445B94FF0500383F377
:10D330001188BFF36F8FBFF34F8FFEE744B94FF0F3
:10D34000500383F31188BFF36F8FBFF34F8FFEE756
:10D35000A8260596059EA82E08D04FF0500383F30B
:10D360001188BFF36F8FBFF34F8FFEE72563022550
:10D3700084F8A55004AD01950A9D02940095059E80
:10D38000FFF772FF2046FFF757FE049806B070BD06
:10D390002DE9F043074685B0900088461646994629
:10D3A00000F030FF054620B94FF0FF3005B0BDE872
:10D3B000F083A82000F026FF044698B1002380F8EF
:10D3C000A5300D9B056301930C9B029000933246A0
:10D3D0004B4641463846FFF747FF2046FFF72CFEF5
:10D3E0000120E3E7284600F0A7FFDDE710B588B08D
:10D3F000002407AA06A905A8CDE90544FFF72AFAE3
:10D40000059B0293069B079A19491A48CDE90043E8
:10D410002346FFF785FF40B300F094FB012819D1A4
:10D420004FF0500383F31188BFF36F8FBFF34F8F1B
:10D43000114B124A1B6854331360114B4FF0FF32EB
:10D440001A60104B1860104B1C6008B0BDE810400B
:10D4500000F000BE013008D14FF0500383F3118873
:10D46000BFF36F8FBFF34F8FFEE708B010BD00BF53
:10D47000593A010809D200087C5900201000002008
:10D48000885400209C540020A4540020024A1368B1
:10D4900001331360704700BF84540020014B1868AB
:10D4A000704700BFA454002008B500F057FE014BA0
:10D4B000186808BDA45400203F4B1B682DE9F74FA6
:10D4C000002B73D13D4B1C6801341C60BCB93C4B34
:10D4D0001A68126842B14FF0500383F31188BFF30A
:10D4E0006F8FBFF34F8FFEE7364A196810681860D8
:10D4F0001160354A136801331360FFF755FE334E50
:10D50000334F3368DFF8D4809C424FF000050AD3D4
:10D51000DFF8ACA0DFF8C8B0DAF800301B68A3B9B8
:10D520004FF0FF333360D8F80030DB6A14225343E6
:10D53000F858284B1B68012898BF002B14BF012006
:10D540000020284303B0BDE8F08FDAF80030DB6834
:10D55000D3F80C90D9F80420944201D23260E2E76B
:10D5600009F1040318460193FFF7BCF9D9F8282004
:10D570001AB109F11800FFF7B5F9D9F82C00DBF85A
:10D5800000201423904288BFCBF8000009F1040169
:10D5900003FB0070FFF784F9D8F80010D9F82C20AD
:10D5A000CB6A9A4228BF45F00105B5E70A4A1368DD
:10D5B000013313600020C5E784540020A4540020E8
:10D5C000F0540020EC540020905400208854002097
:10D5D0001C55002094540020985400207C590020B1
:10D5E000A05400202DE9F041304C236843B94FF09E
:10D5F000500383F31188BFF36F8FBFF34F8FFEE7A4
:10D6000000F098FC2368013B236024682CB10024BF
:10D6100000F0B0FC2046BDE8F081254B1B68002BD4
:10D62000F5D0244D244EDFF8A0801DE0EB68DC68C7
:10D63000271D04F11800FFF755F93846FFF752F996
:10D64000E36A32681420934200FB0380394688BFA6
:10D650003360FFF725F9194BE26A1B68DB6A9A42CF
:10D6600002D3174B01221A602B68002BDED10CB1BC
:10D67000FFF79AFD134D2C6844B1114E0127FFF7B7
:10D680001BFF00B13760013CF9D12C600C4B1B68CB
:10D69000002BBCD04FF0E0234FF08052C3F8042D94
:10D6A000BFF34F8FBFF36F8F0124B1E78454002085
:10D6B000A8540020D8540020A05400207C590020F9
:10D6C00094540020985400201C55002010B540B9F7
:10D6D0004FF0500383F31188BFF36F8FBFF34F8F69
:10D6E000FEE741B94FF0500383F31188BFF36F8F0A
:10D6F000BFF34F8FFEE7184B1B6843B14FF0500349
:10D7000083F31188BFF36F8FBFF34F8FFEE7FFF7EF
:10D71000BDFE124B04681A6863182CBF012100215A
:10D7200094420FD979B90360FFF75CFF48B94FF015
:10D73000E0234FF08052C3F8042DBFF34F8FBFF3A7
:10D740006F8F10BD09B99A42EDD203600021981A7B
:10D75000FFF7F2FCE8E700BF84540020A454002047
:10D7600008B550B94FF0E0234FF08052C3F8042DB4
:10D77000BFF34F8FBFF36F8F08BD0A4B196841B1DC
:10D780004FF0500383F31188BFF36F8FBFF34F8FB8
:10D79000FEE7FFF77BFEFFF7CFFCFFF723FF002834
:10D7A000E0D0E9E784540020F8B5234B1A68234BF6
:10D7B00012B101221A60F8BD214C1A6023681B6B5C
:10D7C0001A68B2F1A53F0BD15A68B2F1A53F07D153
:10D7D0009A68B2F1A53F03D1DB68B3F1A53F04D04D
:10D7E000206821683431F3F74DFD164E164D31682F
:10D7F000142707FB01F3E818EA5882B1426808339E
:10D80000526842602B449A4204BF52684260D36817
:10D810002360316023680D4A54331360CBE741B96C
:10D820004FF0500383F31188BFF36F8FBFF34F8F17
:10D83000FEE70139DDE700BF845400209454002046
:10D840007C590020A05400201C550020100000200E
:10D8500010B50C4640B94FF0500383F31188BFF365
:10D860006F8FBFF34F8FFEE7054B19681831FFF735
:10D8700022F820460121BDE81040FFF75DBC00BF43
:10D880007C59002038B50D46144640B94FF050037E
:10D8900083F31188BFF36F8FBFF34F8FFEE7074B02
:10D8A00019681831FEF7FCFF002C21460CBF2846F2
:10D8B0004FF0FF30BDE83840FFF73EBC7C590020F8
:10D8C00038B5C368DC6844B94FF0500383F311885E
:10D8D000BFF36F8FBFF34F8FFEE704F118052846A3
:10D8E000FFF700F8104B1B68DBB9251D2846FEF733
:10D8F000F9FF0E4AE36A11688B4288BF13600C4A35
:10D900001420294600FB0320FEF7CAFF094BE26AF8
:10D910001B68DB6A9A4283BF074B01201860002016
:10D9200038BD06482946EFE784540020A054002063
:10D930001C5500207C59002094540020D85400200D
:10D94000034B1B680360034B1B684360704700BFB9
:10D9500090540020A454002070B50C46054640B9F0
:10D960004FF0500383F31188BFF36F8FBFF34F8FD6
:10D97000FEE741B94FF0500383F31188BFF36F8F77
:10D98000BFF34F8FFEE700F0D5FA0F4B19682368FD
:10D990005A1C10D00D482E6800686A68864201D073
:10D9A0008A420FD9881A83420AD95B1A134423602A
:10D9B0002846FFF7C5FF002400F0DCFA204670BDC2
:10D9C000002323600124F7E7A45400209054002092
:10D9D000014B01221A6070479454002008B9064B8D
:10D9E0001868026B0020135CA52B02D0C0F38F00D7
:10D9F00070470130F7E700BF7C590020054B1B68DA
:10DA000033B1054B1868B0FA80F040094000704708
:10DA1000012070479C5400208454002038B508B978
:10DA2000002038BD1B4B1C68844208D04FF05003C7
:10DA300083F31188BFF36F8FBFF34F8FFEE7236D22
:10DA400043B94FF0500383F31188BFF36F8FBFF3D7
:10DA50004F8FFEE7E16AE26C013B91422365DFD024
:10DA6000002BDDD1251D2846FEF73CFFE36CE36269
:10DA7000C3F13802A261084A11688B4288BF136063
:10DA8000064A142000FB03202946FEF709FF012067
:10DA9000C7E700BF7C590020A05400201C5500207F
:10DAA000914208B5416000610AD8D21A83699A424E
:10DAB0000DD2084B011D1868FEF7FDFE002008BDC1
:10DAC0009A4201D2994202D2034B011DF3E7012091
:10DAD000F5E700BF7C5A0020805A0020F7B5114CB2
:10DAE00000F028FA2568BDB90F4F104E3846FEF7F2
:10DAF000C9FE3046FEF7C6FE0D4B0E4A1F600E4BA8
:10DB000010211E600A200D4B0095FEF7C3FF206018
:10DB100010B10B49FFF72EFA03B0BDE8F04000F05A
:10DB200029BA00BF785A0020985A0020845A002051
:10DB3000805A0020D05900207C5A002080590020B3
:10DB40005E3A010810B588B0FFF7C8FF124B1B689A
:10DB5000B3B1002407AA06A905A8CDE90544FEF73C
:10DB600085FE059B0293069B019302230093079A6F
:10DB70000A490B482346FFF7D3FB0A4B186040B90C
:10DB80004FF0500383F31188BFF36F8FBFF34F8FB4
:10DB9000FEE7012008B010BD785A0020633A010862
:10DBA00075DC0008745A00207FB5154604461A46F5
:10DBB00040B94FF0500383F31188BFF36F8FBFF369
:10DBC0004F8FFEE70D4E306888B10529CDE900156D
:10DBD00002940EDCFFF712FF0346022B4FF0000306
:10DBE00030680CBF089A1A466946FEF7C8FF04B0B1
:10DBF00070BD00236946FFF774F8F8E7785A0020F3
:10DC0000F7B51A4D2B681A682AB9194A11682960A4
:10DC1000136003B0F0BDDB68DC681E68271D384662
:10DC2000FEF760FE236A2046984794F828305B0789
:10DC3000E8D5A36933449E4206D228686360246114
:10DC40003946FEF738FEDDE70023009332461946D9
:10DC50002046FFF7A9FF0028D4D14FF0500383F3EB
:10DC60001188BFF36F8FBFF34F8FFEE7805A0020FC
:10DC70007C5A00202DE9F043764F774E87B03B6801
:10DC8000D3F80080B8F1000F28D0DB68D3F800800B
:10DC90000024FFF7FBFBFFF701FC336898420546C1
:10DCA0001ED3306024B36D4B1B681C68B4FA84F437
:10DCB00064096B4B22461868A8EB0501FFF799F938
:10DCC000FFF790FC88B94FF0E0234FF08052C3F883
:10DCD000042DBFF34F8FBFF36F8F06E00124D8E709
:10DCE000FFF78EFF3560FFF77DFCDFF8748138E0C9
:10DCF0008045DED8FFF776FC3B68DB68D3F80C90F4
:10DD000009F10400FEF7EEFD99F82830580719D5FF
:10DD1000D9F8181043462A4641444846FFF7C0FE4A
:10DD2000A0B100942346424621464846FFF73CFFF7
:10DD300060B94FF0500383F31188BFF36F8FBFF3C7
:10DD40004F8FFEE723F0010389F82830D9F82030FF
:10DD500048469847C9E7039B05999847029B002BC3
:10DD60000BDAD8F80000002202A9FFF717F8002804
:10DD700085D0029B0498002BEDDB049C636993B96A
:10DD8000FFF78CFB33689842054601D2FFF738FF56
:10DD9000029B3560092BE4D8DFE803F00909093359
:10DDA0003A530909333A201DFEF79CFDE8E794F841
:10DDB0002830A16943F0010384F82830039B2A46E8
:10DDC00019442046FFF76CFE0028CAD0236A20467B
:10DDD000984794F828305907C3D5A26903990023BE
:10DDE0000A44009319462046FFF7DEFE0028B8D10A
:10DDF0004FF0500383F31188BFF36F8FBFF34F8F42
:10DE0000FEE794F8283023F0010384F82830A8E7CF
:10DE100094F828300399A16143F0010384F8283075
:10DE200041B94FF0500383F31188BFF36F8FBFF3F5
:10DE30004F8FFEE72B462A4629442046FFF730FE47
:10DE40008FE794F828309A07DDD4204600F074FA62
:10DE500087E700BF805A0020705A00207C5A0020BB
:10DE6000785A002008480068006880F308884FF05E
:10DE7000000080F3148862B661B6BFF34F8FBFF322
:10DE80006F8F00DF00BF000008ED00E0DFF80C003E
:10DE9000016841F4700101607047000088ED00E006
:10DEA00082B0002301930D4B1B68013308D04FF063
:10DEB000500383F31188BFF36F8FBFF34F8FFEE7DB
:10DEC0004FF0500383F31188BFF36F8FBFF34F8F71
:10DED000019B002BFCD002B0704700BF0C0000205B
:10DEE0004FF0807340F8043C074B40F80C3C21F0A5
:10DEF00001016FF0020340F8081C40F8202C40F8A4
:10DF0000243C4438704700BFA1DE00080000000038
:10DF1000074B19680868B0E8F04F80F30988BFF331
:10DF20006F8F4FF0000080F311887047AFF30080CF
:10DF30007C5900204FF0500383F31188BFF36F8F9B
:10DF4000BFF34F8F0A4A13680133012B13600ED1C0
:10DF50004FF0E023D3F8043DDBB243B14FF0500360
:10DF600083F31188BFF36F8FBFF34F8FFEE77047C6
:10DF70000C000020084A136843B94FF0500383F3A4
:10DF80001188BFF36F8FBFF34F8FFEE7013B136024
:10DF90000BB983F3118870470C00002000000000CB
:10DFA000EFF30980BFF36F8F154B1A681EF0100F47
:10DFB00008BF20ED108A20E9F04F106009B44FF03F
:10DFC000500080F31188BFF34F8FBFF36F8FFFF7BF
:10DFD000EBFB4FF0000080F3118809BC196808685A
:10DFE000B0E8F04F1EF0100F08BFB0EC108A80F3BD
:10DFF0000988BFF36F8F7047AFF30080AFF30080E5
:10E000007C59002008B54FF0500383F31188BFF30B
:10E010006F8FBFF34F8FFFF74FFA28B14FF0E02318
:10E020004FF08052C3F8042D002383F3118808BDFC
:10E030004FF0E022002313619361054B4FF47A7196
:10E040001B68B3FBF1F3013B536107231361704776
:10E05000000000204FF0E02337B5D3F8001D394A07
:10E06000914208D14FF0500383F31188BFF36F8FB3
:10E07000BFF34F8FFEE7D3F8002D334B9A4208D100
:10E080004FF0500383F31188BFF36F8FBFF34F8FAF
:10E09000FEE72E4B1A78D2B20192FF221A701B783B
:10E0A0002B4ADBB28DF803309DF8033003F05003A8
:10E0B0001370284A072313609DF80300000603F13C
:10E0C000FF310AD4032B11D04FF0500383F3118892
:10E0D000BFF36F8FBFF34F8FFEE79DF803301160E2
:10E0E0005B00DBB28DF803300B46E5E74FF440737D
:10E0F0001360019B154A4FF0E024DBB21370D4F893
:10E10000203D43F47003C4F8203DD4F8203D43F093
:10E110007043C4F8203DFFF78BFF0F4B00251D60B7
:10E12000FFF7B4FED4F8343F43F04043C4F8343F23
:10E13000FFF798FEFFF738FBFFF7B2FE284603B063
:10E1400030BD00BF71C20F4170C20F4100E400E05A
:10E15000B05A0020AC5A00200C000020EFF30583D9
:10E160000F2B0ED9114A9B5C114A12789A4208D99A
:10E170004FF0500383F31188BFF36F8FBFF34F8FBE
:10E18000FEE74FF0E0230B4AD3F80C3D126803F48E
:10E19000E063934208D94FF0500383F31188BFF333
:10E1A0006F8FBFF34F8FFEE7704700BFF0E300E0D3
:10E1B000B05A0020AC5A002010B5104B1A461B680C
:10E1C0008342FBD354681119884201BF416810464D
:10E1D00009195160446801198B420CD1084909683A
:10E1E0008B4203D059682144416019680160904214
:10E1F00018BF106010BD1946F8E700BFCC5A0020C8
:10E20000C85A00202DE9F0410446FFF73FF9434981
:10E21000434D0B680BBB434A56071FBFD01D20F070
:10E22000070002F5C832131A0CBF4FF4C833024678
:10E2300013443D4E083B23F007030020706032601A
:10E24000C3E90000981AC2E900300B60374B186030
:10E25000374B18604FF000432B602F68274207D0E0
:10E26000FFF7C0F9F3F71CF800263046BDE8F0814F
:10E27000002CF5D004F1080360071CBF23F007034E
:10E280000833002BECD0DFF8A880D8F800509D426E
:10E29000E6D3254A14686068984201D22668B6B968
:10E2A0000968A142DCD0216816681160C21A102AE0
:10E2B00006F1080612D9E01841070BD04FF05003C1
:10E2C00083F31188BFF36F8FBFF34F8FFEE72246B2
:10E2D0003446E0E742606360FFF76EFF626813490F
:10E2E000AD1A1743134A0868676000232360136858
:10E2F000C8F80050854203F1010338BF0D60136078
:10E30000FFF770F97307B0D04FF0500383F3118813
:10E31000BFF36F8FBFF34F8FFEE700BFC85A0020D7
:10E32000B45A0020D45A0020CC5A0020C05A0020F1
:10E33000C45A0020BC5A002010B5044690B31A4AB3
:10E3400050F8043C1268134208D14FF0500383F395
:10E350001188BFF36F8FBFF34F8FFEE750F8081C93
:10E3600041B14FF0500383F31188BFF36F8FBFF3B8
:10E370004F8FFEE723EA020340F8043CFFF786F8DC
:10E380000A4A54F8043C1168A4F108000B441360D5
:10E39000FFF712FF064A1368BDE81040013313600F
:10E3A000FFF720B910BD00BFB45A0020C45A0020A6
:10E3B000B85A0020014B1868704700BFC45A0020AB
:10E3C000014B1868704700BFC05A00200CB430B52C
:10E3D000184B0C1E1D689DB008DA8B232B604FF084
:10E3E000FF301DB0BDE8304002B070474FF40273FB
:10E3F000ADF814304FF000031B9314BF04F1FF334A
:10E400002346049307934FF6FF7302900690ADF8EE
:10E410001630209A21AB02A92846019300F048FA51
:10E42000431CBCBF8B232B60002CDAD0029B002244
:10E430001A70D6E71000002030B51446002C9BB0AF
:10E4400005461A4605DA8B2303604FF0FF301BB0F8
:10E4500030BD4FF40273ADF80C304FF00003199348
:10E4600014BF04F1FF332346029305934FF6FF7365
:10E4700000910491ADF80E3069461E9B00F018FA29
:10E48000431CBCBF8B232B60002CE0D0009B0022E0
:10E490001A70DCE707B5009313460A4601460348A5
:10E4A0000068FFF7C9FF03B000BD00BF10000020E7
:10E4B00002440346934200D1704703F8011BF9E779
:10E4C0002D4B1B68834270B5044653D0C3691BB300
:10E4D000DB6863B10025E369DB685959B1B90435DC
:10E4E000802DF8D1E3692046D96800F089F8E36906
:10E4F000196811B1204600F083F8E3699D685DB1A9
:10E50000294620462D6800F07BF8F8E70E68204683
:10E5100000F076F83146E1E7616911B1204600F07C
:10E520006FF8E16911B1204600F06AF8216B11B172
:10E53000204600F065F8616B11B1204600F060F8EC
:10E54000A16B11B1204600F05BF8A16C11B120461F
:10E5500000F056F8616C11B1204600F051F8E16A04
:10E5600011B1204600F04CF8236A1BB12046BDE8EB
:10E570007040184770BD00BF10000020014B1868A4
:10E58000704700BF1000002070B50D4B0D4D5B1B98
:10E590009C100026A64209D101F038FE0A4D0B4B13
:10E5A0005B1B9C100026A64205D170BD55F8043BAC
:10E5B00098470136EEE755F8043B98470136F2E7F5
:10E5C0008840010888400108884001088C40010803
:10E5D00070477047034611F8012B03F8012B002AFE
:10E5E000F9D170470A44914200F1FF3300D17047DE
:10E5F00010B511F8014B03F8014F9142F9D110BD4C
:10E6000038B50546002941D051F8043C0C1F002BB9
:10E61000B8BFE41800F0E0F81D4A136833B963602E
:10E6200014602846BDE8384000F0DCB8A34208D9A1
:10E63000206821188B4201BF19685B6809182160A6
:10E64000EDE71A465B680BB1A342FAD9116850187E
:10E65000A0420BD120680144501883421160E0D1E0
:10E6600018685B68536008441060DAE702D90C232D
:10E670002B60D6E7206821188B4204BF19685B68BD
:10E68000636004BF091821605460CAE738BD00BF49
:10E6900018EC012070B50F4E0C463168054611B9D3
:10E6A00000F0ACFB30602146284600F0A7FB431C7D
:10E6B00003D14FF0FF34204670BDC41C24F0030486
:10E6C000A042F8D0211A284600F098FB0130F2D180
:10E6D000EFE700BF14EC01202DE9F843CD1C25F035
:10E6E000030508350C2D38BF0C25002D064601DB2F
:10E6F000A94204D90C2333600020BDE8F883DFF879
:10E70000D48000F069F8D8F800301C4644BB294694
:10E710003046FFF7BFFF431C044658D1D8F80040ED
:10E720002746002F43D1002C4BD023683946304672
:10E7300004EB030900F062FB814542D121686D1AA8
:10E7400029463046FFF7A6FF01303AD023682B4414
:10E750002360D8F800305A6862BBC8F800700FE038
:10E760002268521B20D40B2A17D96119A3422560B5
:10E7700018BF5960636808BFC8F8001062514B6049
:10E78000304600F02FF804F10B00231D20F00700A5
:10E79000C21A1CBF1B1AA350AFE76268A3420CBF8A
:10E7A000C8F800205A60EBE723466468AEE73C46B1
:10E7B0007F68B6E71A465B68A342FBD1002353602B
:10E7C000DEE70C233360304600F00CF894E7056078
:10E7D000D6E700BF18EC01200148FFF7F9BE00BFE3
:10E7E00010EC01200148FFF7F4BE00BF10EC01203F
:10E7F0002DE9F0478E681F46BE4282460C46904681
:10E80000334653D8B1F90C0010F4906F2BD06569E2
:10E810002368096905EB4505A3EB010905EBD575EF
:10E820007B1C6D104B44AB422A4684BF1D462A46D2
:10E83000430527D511465046FFF74EFF064658B30D
:10E8400021694A46FFF7CEFEA38923F4906343F083
:10E850008003A381266165614E44A5EB090526600E
:10E86000A5603E463B461F4620683A46414600F0BA
:10E87000ABFAA3689B1BA36023683B442360002082
:10E88000BDE8F087504600F0C9FA06460028E1D1FD
:10E8900021695046FFF7B4FE0C23CAF80030A38963
:10E8A00043F04003A3814FF0FF30E9E73E46DBE74A
:10E8B0002DE9F0471F468B891B069CB006460D4686
:10E8C000144610D50B6973B94021FFF705FF286086
:10E8D000286130B90C2333604FF0FF301CB0BDE825
:10E8E000F08740236B610023099320238DF82930A2
:10E8F00003973023654F8DF82A304FF001082346E7
:10E90000994613F8012B0AB1252AF9D1B9EB040A6B
:10E910000BD05346224629463046FFF769FF0130A7
:10E9200000F0A480099A5244099299F80030002B13
:10E9300000F09C8000234FF0FF32CDE9052309F160
:10E940000109049307938DF853301A934C464F48AE
:10E9500014F8011B0522F1F743FC049BD0B9D8063B
:10E9600044BF20228DF85320190744BF2B228DF875
:10E97000532099F800202A2A13D0079A4C460020E9
:10E980004FF00A0C214611F8013B303B092B49D9C5
:10E9900068B913E0C01B08FA00F018430490A146C0
:10E9A000D4E7039A111D12680391002A01DB079234
:10E9B00004E0524243F002030792049323782E2B83
:10E9C0000AD163782A2B32D1039B1A1D1B6803924C
:10E9D00043EAE37302340593DFF8C0902178032201
:10E9E0004846F1F7FDFB38B1049BA0EB090040223B
:10E9F000824013430134049314F8011B24488DF81A
:10EA000028100622F1F7ECFB002835D0214818BB6E
:10EA1000039B073323F0070308330393099B034445
:10EA200009936CE70CFB02320C460120AAE7002395
:10EA30000134059319464FF00A0C204610F8012BBB
:10EA4000303A092A03D9002BC6D00591C4E70CFB44
:10EA5000012104460123F0E703AB00932A460E4B45
:10EA600004A93046AFF30080421CD7D1AB895B06C6
:10EA70003FF532AF099831E703AB00932A46064BC6
:10EA800004A9304600F07AF8EEE700BF6B3A0108BF
:10EA9000753A010800000000F1E70008713A01082A
:10EAA0002DE9F047164698468A680B69DDF82090F4
:10EAB0009342B8BF1346336091F8432007460C4693
:10EAC0000AB1013333602368990642BF33680233C9
:10EAD0003360256815F0060506D104F1190AE368CC
:10EAE00032689B1AAB4226DC94F843302268003B24
:10EAF00018BF012392062BD404F143024146384645
:10EB0000C84701301ED02368226903F00603042B96
:10EB100002BFE5683368ED1AA3680CBF25EAE57506
:10EB200000259342C4BF9B1AED1800261A34B54243
:10EB30001AD1002008E00123524641463846C84712
:10EB4000013003D14FF0FF30BDE8F0870135C6E753
:10EB5000E1185A1C302081F84300224494F84510F3
:10EB600082F843100233C7E7012322464146384664
:10EB7000C8470130E6D00136D9E700002DE9F0435F
:10EB80000D7E85B0782D90460C9E07460C46994622
:10EB900001F1430207D8622D0AD8002D00F0D7807A
:10EBA000582D00F0BC8004F1420684F842503BE04E
:10EBB000A5F16303152BF6D801A151F823F000BF8E
:10EBC00019EC00082DEC0008A7EB0008A7EB0008E3
:10EBD000A7EB0008A7EB00082DEC0008A7EB000846
:10EBE000A7EB0008A7EB0008A7EB000835ED00082D
:10EBF00057EC0008E7EC0008A7EB0008A7EB0008BB
:10EC000057ED0008A7EB000857EC0008A7EB000839
:10EC1000A7EB0008EFEC000833681A1D1B68326090
:10EC200004F1420684F842300123A1E033682068F1
:10EC3000191D3160060601D51D6803E04506FBD5A8
:10EC4000B3F90050002D03DA2D236D4284F84330D0
:10EC50005B480A2311E021683368080653F8045B17
:10EC600002D4490648BFADB23360237E54486F2BAF
:10EC70005CD10823002184F843106668A660002E4A
:10EC800005DB21682E4321F00401216050D0164697
:10EC9000B5FBF3F103FB115C10F80CC006F801CDD5
:10ECA000AC4663450D46F3D9082B0BD12368DB072F
:10ECB00008D5236961689942DEBF302306F8013C1C
:10ECC00006F1FF36921B2261CDF80090434603AA5D
:10ECD00021463846FFF7E4FE01304ED14FF0FF30B9
:10ECE00005B0BDE8F083236843F020032360354876
:10ECF000782584F845502368316813F0800F51F867
:10ED0000045B03D113F0400F18BFADB23160D907D7
:10ED100044BF43F0200323601DB11023AAE7284815
:10ED2000E7E7236823F020032360F6E70A23A1E73F
:10ED30001646B9E7336825686169181D30602E06EC
:10ED40001B6801D5196002E06806FBD51980002315
:10ED500023611646B8E733681A1D32601E68626880
:10ED600000213046F1F73CFA08B1801B606063680F
:10ED70002361002384F84330A6E7236932464146E5
:10ED80003846C8470130A9D023689B0713D4E068F0
:10ED9000039B9842B8BF1846A2E70123324641467A
:10EDA0003846C847013099D00135E36803995B1AAA
:10EDB000AB42F2DCEBE7002504F11906F5E700BFF2
:10EDC0007C3A01088D3A0108884210B501EB020433
:10EDD00002D98442234607D8431EA14207D011F826
:10EDE000012B03F8012FF8E70244824200D110BD45
:10EDF00013F8011D02F8011DF7E7000038B5064DB4
:10EE00000023044608462B60F9F73CFF431C02D15F
:10EE10002B6803B1236038BD0CEC01202DE9F041D3
:10EE2000074614460D4621B9BDE8F0411146FFF7EB
:10EE300053BC2AB9FFF7E4FB25462846BDE8F0811C
:10EE400000F01AF88442064602D8B4EB500FF4D80A
:10EE500021463846FFF740FC804608B94546ECE7B6
:10EE6000B4422246294628BF3246FFF7BBFB29465B
:10EE70003846FFF7C5FBF1E751F8043C181F002B9B
:10EE8000BCBF0B58C018704738B52DED028B55EC40
:10EE9000104B00F0F7F822462B4620462946B0EEEC
:10EEA000408AF0EE608AF1F741FE30B9002200237B
:10EEB00020462946F1F712FE30B9B0EE480AF0EECE
:10EEC000680ABDEC028B38BDFFF758FB0022002317
:10EED0002121016010461946F1F7B8FC41EC180BEE
:10EEE000B0EE480AF0EE680ABDEC028B38BD00BFF8
:10EEF00000F0D8BA08B52DED028BB0EE408A00F0D4
:10EF0000B9F9B4EE488AF1EE10FA06D6DFED098AB7
:10EF1000B4EEE88AF1EE10FA02D4BDEC028B08BD23
:10EF2000FFF72CFB88EEA80ABDEC028B21230360BF
:10EF300008BD00BF0000000010EE103A184923F091
:10EF400000428A4219D9B2F1FF4F02D330EE400A93
:10EF5000704700B583B0684600F04AFB00F003003C
:10EF600001289DED000ADDED010A0FD0022808D02E
:10EF700088B900F0CDF903B000BDDFED0A0A00F05A
:10EF8000C7B900F0C5F9B1EE400AF4E700F042FA63
:10EF9000B1EE400AEFE7012000F03CFAEBE700BFDA
:10EFA000D80F493F0000000010EE103A194923F035
:10EFB00000428A421AD9B2F1FF4F02D330EE400A22
:10EFC000704700B583B0684600F012FB00F0030004
:10EFD00001289DED000ADDED010A12D002280AD0B9
:10EFE00090B9012000F016FA03B000BDDFED0A0A67
:10EFF000002000F00FBA012000F00CFAB1EE400A38
:10F00000F2E700F085F9EFE700F082F9B1EE400A8F
:10F01000EAE700BFD80F493F0000000010EE101AC9
:10F02000C1F3C7520029A2F17F0CACBF01204FF001
:10F03000FF30BCF11E0F0FDCBCF1000F1DDBC1F374
:10F040001603BCF1160F43F400030ADD963A03FAE7
:10F0500002F202FB00F07047FDEEC07A17EE900A54
:10F0600070474FF4800242FA0CF21A44CCF1170CAC
:10F0700022FA0CF202FB00F07047BCF1FF3F18BF10
:10F08000002070472DE9F84F774955EC104BA94304
:10F0900000F0AE80002D2A46234655DD2C1562D0A7
:10F0A000C2F31302E107A4F2FF3742F4801203D443
:10F0B000520002EBD3725B005200002602EBD372C7
:10F0C0007F105B001624B4464FF400110CEB0100D6
:10F0D00090424FEAD3754FEA430303DC00EB010C87
:10F0E000121A0E44013C05EB42024FEA5101EDD1E8
:10F0F000A04620254FF000400AE043D0510001EB2C
:10F10000D371013D0A464FEA43034FEA500045D010
:10F11000624500EB080EF0DDBEF1000F0EEB0008BB
:10F120000CDBE146A2EB0C019E4588BF01F1FF31EB
:10F130004900CC46A3EB0E030444E0E7B8F1000F0E
:10F14000EFDB0CF10109EDE725F00041214346D04A
:10F15000002D74D1D90A153A5B050029FAD0CE02E8
:10F1600014467DD40A4600215200D502084601F11A
:10F170000101F9D5C1F1200523FA05F52A438B4099
:10F18000241A8DE79E4502D94FEA4C01B7E7BEF13C
:10F19000000F0EEB000824DB0021CBE7194312D04F
:10F1A000DFF8C8A0DFF8C8B0DAE90001DBE9002326
:10F1B000F1F76AF8DAE9008902460B46404649460B
:10F1C000F1F796FC10BB6508711001F17F5101F554
:10F1D000001101EB075345EAC67243EC102BBDE862
:10F1E000F88FB8F1000FD7DB0CF1010C0021A1E77B
:10F1F00022462B4620462946F1F7FEF922462B46A9
:10F20000F1F744F841EC100BBDE8F88FB4F1FF3F83
:10F21000DAE90001DBE900231ED0F1F737F8DAE97B
:10F22000008902460B4640464946F1F757FCA8B113
:10F23000A31C04F1020508BF01366D08C4E722468D
:10F240002B4620462946F1F71FF802460B46F1F7F8
:10F25000FDFA41EC100BC2E70136B5E70134B2E725
:10F260004FF0FF300A468BE70000F07F703C01084A
:10F27000683C0108B1EEC00A704700BF10EE102ACA
:10F28000C2F3C7537F3B162B22F000411BDC002B3F
:10F2900010461EDB1A4919410A4223D0DFED197AC4
:10F2A00070EE277AF5EEC07AF1EE10FA1ADD002A38
:10F2B00004DD4FF4000242FA03F3184420EA01038C
:10F2C00000EE103A7047B1F1FF4F0BD330EE000A59
:10F2D0007047DFED0C7A70EE277AF5EEC07AF1EE2A
:10F2E00010FA00DC7047002A06DB11B1B7EE000A05
:10F2F000F8E79FED050A70479FED040A704700BFCD
:10F30000FFFF7F00CAF2497100000000000000808A
:10F3100010EE103A23F00043B3F1485F2CD2FDEE1B
:10F32000C07A17EE903A002B60D060EE007A9FED25
:10F33000317A9FED315ADFED315A9FED316ADFEDC1
:10F34000316AA7EE875A9FED307AE7EE855AA7EE2D
:10F35000A56AA7EE867AE7EE876A67EEA66A60EE90
:10F36000C00AB6EE007AE7EEA60AB7EE000AD7EEBC
:10F37000870A30EE600A704760EE007A9FED1D7AD2
:10F380009FED1D5ADFED1D5A9FED1D6ADFED1D6AD1
:10F390001E4AA7EE875A93429FED1B7AE5EE275A45
:10F3A000A5EEA76AA6EE277AE7EE276A66EEA76AB9
:10F3B000D5D9174A934214D803F17F4307EE103A88
:10F3C000B7EE006A36EE476A60EEC00AF6EE005A03
:10F3D00097EEA57AE7EEA60A37EE607A36EE470A90
:10F3E0007047B6EE076AB5EE027AEDE7B7EE000AAF
:10F3F000704700BF4ED747ADF6740F317CF293B41F
:10F40000010DD037ABAA2A3D610BB6BA9999993E46
:10F410000000483F10EE103A23F00043B3F1485F7C
:10F4200004D2FDEEC07A17EE903A5BB360EE007A3C
:10F430009FED157ADFED155A9FED156ADFED156A20
:10F44000E7EE875A9FED147AA5EEA76A20EE275AB9
:10F45000E6EE276AA6EEA77A30B9DFED106AE7EE8E
:10F46000876AA6EE850A704727EE457AF6EE006AAF
:10F47000A0EEA67ADFED0A6AD7EE270AE5EE260AA5
:10F4800030EE600A704700BFD3C92E2F342FD7B299
:10F490001BEF3836010D50B98988083CABAA2ABE4B
:10F4A000ABAA2A3E10B582B0CDED010A019B23F034
:10F4B0000042B2F1FF4FF0EE407A30D810EE100A61
:10F4C00020F00041B1F1FF4F29D8B3F17E5F3ED06B
:10F4D0009C1704F0020444EAD07431B37AB3B2F159
:10F4E000FF4F3FD0B1F1FF4F29D0891AB1F1F45F3E
:10F4F0004FEAE15233DA002B41DA3C323FDA9FED3A
:10F50000330A012C4DD0022C42D064B19FED307AE9
:10F51000DFED307A30EE070A30EE670A03E09DED4A
:10F52000017A37EE270A02B010BD022C0CD09FEDF5
:10F530002A7A032C08BFB0EE470A02B010BD00289B
:10F540000ADB9FED260AEEE79FED220AEBE702B009
:10F55000BDE8104000F082B99FED210AE3E79FED7E
:10F560001F0ACEE7B1F1FF4F04F1FF3420D0022C87
:10F5700026D81C4B03EB840393ED000AD3E79DEDE3
:10F58000017A87EE870A00F03BFA00F067F9B8E7E6
:10F590009FED0F7ADFED0F7A30EE070A37EEC00AE3
:10F5A000C1E710EE103A03F1004300EE103ABAE75B
:10F5B000022C08D80C4B03EB840393ED000AB2E74E
:10F5C0009FED020AAFE79FED090AACE700000000DB
:10F5D0002EBDBB33DB0F4940DB0F49C0DB0FC93FFA
:10F5E000DB0FC9BF783C0108843C0108DB0F493FB1
:10F5F00070B510EE103A8B4A23F00044944286B066
:10F60000054671D9884A94421E4624D823F0004208
:10F61000002BDFED867A864922F00F02B0EE407AA9
:10F6200040F3E6808A4270EE677A09BF9FED817AE7
:10F63000DFED816ADFED816A77EEC77A37EEE67A31
:10F6400077EEC77A80ED007A77EEE67AC0ED017A40
:10F65000012006B070BD7A4A944253D9B4F1FF4FED
:10F6600049D2E215863AA4EBC25307EE903ABDEEBA
:10F67000E77ADFED746AB8EEC77A77EEC77A8DED78
:10F68000037A67EEA67ABDEEE77AB8EEC77A77EE30
:10F69000C77A8DED047A67EEA67AF5EE407AF1EE40
:10F6A00010FACDED057A40F08E80B5EE407AF1EE9D
:10F6B00010FA40F08A8001236349019102210091F0
:10F6C00003A8294600F0A4F9002EC2DA95ED007ACD
:10F6D000D5ED017AB1EE477AF1EE677A85ED007AE1
:10F6E000C5ED017A4042B4E7002285ED000A426090
:10F6F000002006B070BD70EE407AC0ED017AC0ED1A
:10F70000007AF5E700F07CF99FED507A9FED476AAB
:10F71000F6EE007AE0EE077A9FED477AFDEEE77AA3
:10F72000F8EEE76A17EE900AA6EEC60A1F2866EE04
:10F73000877AB1EE666A30EE677A1EDC444A411E73
:10F7400026F0004352F8212023F0FF03934214D007
:10F7500085ED007A30EE470A002E30EE670A85ED1F
:10F76000010ABFF676AFB1EE477AB1EE400A85EDF9
:10F77000007A85ED010A40426BE717EE103AC3F3B9
:10F78000C753C3EBD453082B4FEAE452E0DD9FED9F
:10F79000297A9FED2A5AF0EE405AE6EE075A70EEAB
:10F7A000657AE6EE077AD6EE857A35EEE77A17EED9
:10F7B000103AC3F3C753D21A192A08DCB0EE650A0F
:10F7C00085ED007AC6E7032376E7022374E79FED11
:10F7D000217A9FED215AB0EE650AA6EE070A75EE72
:10F7E000C07AE6EE077AD6EE857A30EE677AAFE732
:10F7F0008A4270EE277A09BF9FED0E7ADFED0E6A1E
:10F80000DFED0E6A77EE877A37EEA67A77EEC77A63
:10F8100080ED007A77EEA67AC0ED017A4FF0FF30E6
:10F8200017E700BFD80F493FE3CB1640800FC93F11
:10F83000D00FC93F004435374344353708A3852EE0
:10F84000800F494300008043103D010884F9223FA6
:10F85000903C010800A3852E32318D2438B510EE7E
:10F86000105A25F00044B4F1A14FF0EE407A07D3CE
:10F87000B4F1FF4F55D8002D77DD9FED4E0A38BD0E
:10F880004D4B9C425CD8B4F1445F4DD34FF0FF33F5
:10F8900027EEA76A9FED495A9FED497ADFED495A55
:10F8A000DFED494A66EE066A5A1CA6EE857AE6EE58
:10F8B000A54A9FED465ADFED465AA7EE265AE4EEDA
:10F8C000A65A9FED447ADFED444AA5EE267AE5EE8E
:10F8D000A64A9FED425ADFED425AA7EE265A9FED07
:10F8E000417AA4EEA67AE5EE265A27EE267AA5EE10
:10F8F000867A27EE877A3BD03B493C4A01EB83016D
:10F90000D1ED006A37EE667A02EB8303D3ED006A2D
:10F9100037EE677A002D36EEC70AB0DAB1EE400A4C
:10F9200038BD30EE000A38BD9FED317A30EE077AEF
:10F93000F7EE006AB4EEE67AF1EE10FAA6DD38BD15
:10F9400000F05EF82B4B9C4215D8A3F5D0039C42E7
:10F9500026D8F0EE007ABFEE007AA0EE277A0023D8
:10F9600030EE270AC7EE007A92E79FED230A38BDF2
:10F9700037EEC70A38BD214B9C420BD8F7EE087A08
:10F98000B7EE007AA0EE277A022330EE670AC0EEC7
:10F99000077A7DE7BFEE007AC7EE007A032377E7A8
:10F9A000F7EE007A30EE677A30EE270A0123C7EED1
:10F9B000007A6DE7DB0FC93FFFFFDF3ED769853C6B
:10F9C00059DA4B3D21A215BD6BF16EBD356B883DFB
:10F9D00095879DBD6E2EBA3D388EE3BD2549123EFA
:10F9E000ABAAAA3ECDCC4CBE284001083840010845
:10F9F000CAF24971FFFF973FDB0FC9BFFFFF1B40F2
:10FA000010EE103A23F0004300EE103A704700BFAA
:10FA10002DE9F04F2DED048BDBB01C46944603938B
:10FA20000A46BA4B68991CF1040F53F821708246BC
:10FA300004F1FF39C0F25682BCF1030348BF0CF158
:10FA40000403DB10029301334FEAC30EACEB0E0349
:10FA50000593029B17EB0900A3EB090316D40130B1
:10FA60009FEDAB7A699C18441EA9002BA4BF54F8E3
:10FA7000235007EE905A03F10103ACBFF8EEE77A8A
:10FA8000F0EE477A8342E1EC017AEED1002FC0F22A
:10FA9000E28203991EA800EB81004FEA81087E18DC
:10FAA000002346AD4C460AEB8101B9F1000F80F20C
:10FAB000C8800134B44245F8043B00F10400F4D19D
:10FAC0000DF1280B0BEB8703CDE9062E043B9FEDD0
:10FAD000929ADFED908A059804930AEB080446AEEB
:10FAE0000BEB87080097CDF820C00DEB8703002FA4
:10FAF00093ED460A4FEA870515DD73195A4660EE05
:10FB0000097AB0EE407AFDEEE77A73ED016AF8EE1D
:10FB1000E77AB342A7EEE87A37EEA60ABDEEC77AD7
:10FB2000A2EC017AEBD1019000F0B8FAF4EE007A81
:10FB3000B0EE408A20EE270A00F01EFBF2EE007ABB
:10FB4000A0EE678A01980028FDEEC89AF8EEE97ADF
:10FB500038EE678A40F38280791EC0F108035BF8B3
:10FB600021E04EFA03FC0CFA03F3AEEB030EC0F1F6
:10FB7000070219EE903A4EFA02F26344002A09EEA7
:10FB8000903A4BF821E000F3AF80B5EE408AF1EEF9
:10FB900010FA74D1009B9F420ADD5D44002355F8A2
:10FBA000041D454543EA0103F9D1002B40F00281D1
:10FBB000009B013B5BF823207B1C9C46002A40F005
:10FBC000F780049A012152F8045D0131002DFAD02A
:10FBD0003944029D039A05EB030E0EF1804E699D98
:10FBE0000EF1FF3E3A4405EB8E0E1EAD06EB830789
:10FBF00005EB8205DEED017AF8EEE77AB9F1000F48
:10FC00000EF1040EE5EC017ADFED417A09DB2A46BC
:10FC10005346F3EC016A32ED017AA342E6EE877AAD
:10FC2000F7D10CF1010C8C45E7EC017AE2DD0F46CF
:10FC30005BE70134B442E5EC017A00F104003FF4E3
:10FC40003FAFDFED337A83465346F3EC016A3BED79
:10FC5000017A8B42E6EE877AF7D1EAE700F09180ED
:10FC6000F6EE007AB4EEE78AF1EE10FA80F229811E
:10FC7000B5EE408AF1EE10FA4FF000028AD09246BB
:10FC8000DDE9062EDDF820C00197AEEB0C00B0EEEA
:10FC9000480A009F009200F001FADFED1E6AB4EE00
:10FCA000E60AF1EE10FADDE90023F0EE407AC0F248
:10FCB0009C819FED197A059920EE077A0831BDEEF7
:10FCC000C77A0591B8EEC77A5C1CE7EE667ABDEE9E
:10FCD000C77AFDEEE77A17EE901A4BF8231017EE6D
:10FCE000103A4BF824307EE00133002F09EE903AB1
:10FCF00040F39D8159464FF0000E51F8043B002B14
:10FD000039D0C3F5807341F8043C0CE0744001081D
:10FD100000000000000080430000803B0B68C3F13E
:10FD2000FF0341F8043B0EF1010E7745F6DC012399
:10FD30009E4600280BDD012800F0BB80022806D17A
:10FD4000791E5BF8213003F03F0C4BF821C0022AEA
:10FD50007FF41BAFB7EE000A734630EE488A002BE3
:10FD60003FF413AF0992019000F098F90198099AB5
:10FD700038EE408A09E70EF1010E7745BDDC9E465C
:10FD8000D7E77B1E5BF82320D211002A7FF7FDAE58
:10FD900019EE903A002F03F1010309EE903AA9DC25
:10FDA000022A7FF4F2AEF7EE007A37EEC88AECE66C
:10FDB00019460EE73B469246DDE905125C1EA1F1AD
:10FDC00008005BF82410009F059061B903F180439F
:10FDD000013B0BEB8303014653F8040D013C08394A
:10FDE0000028F9D0059105980092B7EE000A00F0BE
:10FDF00055F9002C009AB0EE407AC0F22281601CC6
:10FE000046AD5FED3B6A81000BEB800305EB8000A4
:10FE100073ED017AF8EEE77A5B4567EE877A27EEB5
:10FE2000267A60ED017AF3D10DF1C8080E1F2E4439
:10FE3000C646A4460025002F7DDBDFF85C92DFED8F
:10FE4000957A3046002307E0F9EC016AB0EC017ABC
:10FE50009F42E6EE877A03DB9D4203F10103F3DA6A
:10FE60000CF1FF3CBCF1FF3FEEEC017A05F101051E
:10FE7000A6F10406E1D1689B022B6ADC002B36DC7C
:10FE80000ED1DFED847A414431ED017A884577EE79
:10FE9000877AF9D15346002B40F0C680C2ED007A34
:10FEA00019EE903A03F007005BB0BDEC048BBDE89F
:10FEB000F08F791E5BF8213003F07F0C4BF821C0E6
:10FEC00045E719EE903A002F03F1010309EE903A4D
:10FED000C8BF02223FF70EAFF7EE007A37EEC88AAE
:10FEE000022252E600234FF0080E0293AEE5DDED4C
:10FEF000327A9FED687A414471ED016A884537EEA8
:10FF0000267AF9D15346002B40F0848077EEC77AE9
:10FF100082ED007A64B133A90123B1EC017A013397
:10FF20009C4277EE877AF8DA53460BB1F1EE677AA6
:10FF3000C2ED017AB4E70CF1FF3C0023BCF1FF3FB6
:10FF40004EF8043B05F10105A6F104067FF473AFFA
:10FF500091E7689B032BA3D1002C00F08C8008EB69
:10FF6000840595ED007AA0002B46294671ED017AB3
:10FF7000F0EE476A37EE277A884577EEC77A81ED4B
:10FF8000007A77EEA67AC1ED017AEFD1012C72D01A
:10FF900095ED007A08F1040173ED017AF0EE476AFD
:10FFA00037EE277A994277EEC77A83ED007A77EEBB
:10FFB000A67AC3ED017AEFD1031DDFED367A434413
:10FFC00008F1080833ED017A984577EE877AF9D180
:10FFD0005346DDED326A9DED337A73B9C2ED006AA6
:10FFE00082ED017AC2ED027A5AE7FDEEC07A1C4634
:10FFF00017EE901A4BF82310F5E6F1EE666AB1EEB3
:020000040801F1
:10000000477AF1EE677AC2ED006A82ED017AC2EDBD
:10001000027A45E7F1EE476A77EEC77AC2ED006AE9
:10002000002C7FF478AF81E7F1EE677A36E701289C
:1000300015D002287FF4B4AE0EF03F034BF8213008
:10004000AEE6689B022B12DC002B17DC7FF428AF96
:10005000DFED107A1EE7039B4FEA830830E50EF0D0
:100060007F03022A4BF821307FF48FAD9BE6689B1B
:10007000032B7FF415AFDFED077AA9E75346DDEDDB
:10008000327A1BB14FF0004313604FE70023136037
:100090004EE700BF000000004840010810EE103A93
:1000A00033F000411A4625D0B1F1FF4F1FD213F0B3
:1000B000FF4F20D1DFED297A294A60EE277A90425E
:1000C00017EE903A31DB4CF2503CC3F3C751604518
:1000D0001A46A1F1190114DD002BDFED227A9FED04
:1000E000210AB8BFDFED207A27EE800A704730EE94
:1000F000000A704770474CF2503C60454FEAD151BE
:10010000EADC0144FE29E7DC002915DC11F1160FB9
:1001100019DB193122F0FF4242EAC15207EE902A60
:100120009FED120A27EE800A7047DFED117A07EE85
:10013000103A27EE270A704722F0FF4242EAC153E5
:1001400000EE103A7047002BDFED097A9FED080AA8
:10015000B8BFDFED087A27EE800A70470000004C38
:10016000B03CFFFFCAF24971CAF249F10000003306
:100170006042A20D6042A28D10EE102AC2F3C75356
:100180007F3B162B22F000411BDC002B10461EDBB0
:100190001A4919410A4223D0DFED197A70EE277A05
:1001A000F5EEC07AF1EE10FA1ADD002A04DA4FF407
:1001B000000242FA03F3184420EA010300EE103A69
:1001C0007047B1F1FF4F0BD330EE000A7047DFEDFF
:1001D0000C7A70EE277AF5EEC07AF1EE10FA00DCB8
:1001E0007047002A02DB9FED070A704711B99FEDA7
:1001F000060A7047BFEE000AF2E700BFFFFF7F006C
:10020000CAF249710000000000000080F8B500BF8C
:10021000F8BC08BC9E467047F8B500BFF8BC08BCE7
:040220009E4670473F
:100228000000000500000000AD550A19CB1A0008AF
:10023800291A0008351A0008000000006D1A000885
:10024800491A00084D1A0008000000000000803F0D
:1002580000000000000000000000204100002041D4
:100268000000803F000020410000C842000000005C
:1002780000000000000020410000A0400000803F76
:1002880000002041000000000000004000000000C5
:10029800000040400000C8420000803F0000C84203
:1002A8000000000000000000000080400000204125
:1002B8000000C8420000803E0000C8420000204103
:1002C8000000000000000000000020410000C842BB
:1002D8000000803F000040404D4541535552454D78
:1002E800454E54004D4541535552454D454E545F7A
:1002F8004D4F54494F4E5F56325F444D415F503128
:10030800004944455F574F524B545245455F554E3F
:10031800545241434B4544005350495F444D415F5B
:10032800424C4F434B494E475F57524150504552FC
:100338005F563100554E4B4E4F574E5F434F4E461A
:1003480049475F474154455F524553554C54004E09
:100358004F4E4500434F4E4649475F524541445F23
:100368004641494C4544005354415455535F4E4F00
:10037800545F434C45414E00554E455850454354F3
:1003880045445F4E4F4E5A45524F5F434F52524578
:100398004354494F4E5F5441424C450045585045DF
:1003A800435445445F434F4E4649475F50524F467A
:1003B800494C455F4D495353494E47005A45524FA2
:1003C8005F4D49534D41544348004449525F4D499C
:1003D800534D415443480046494C545F4D49534D91
:1003E80041544348005354415455535F4D49534D6C
:1003F80041544348005052545F4D49534D41544372
:100408004800524D415049445F4D49534D41544372
:100418004800434F5252454354494F4E5F4352435D
:100428005F4D49534D41544348002D004D413630EE
:100438003020616E676C65207472616E73706F72C4
:10044800743D25730D0A004255494C445F4D414E99
:1004580049464553542C4170704D6F64653D257372
:100468002C41707050726F66696C653D25732C4D18
:1004780043553D53544D3332463430355247547802
:100488002C536F7572636549643D25732C50726FE8
:1004980066696C6546696E6765727072696E743DEF
:1004A80030782530386C582C53797374656D436CEB
:1004B8006F636B487A3D256C752C5472616E73704E
:1004C8006F72743D25730D0A004D41363030206936
:1004D800646C65206163717569736974696F6E20F6
:1004E8006661696C656420726573756C743D25641A
:1004F80020617474656D7074733D257520666C6138
:1005080067733D3078253032580D0A004D4136303A
:1005180030207261773D257520616E676C653D25D9
:100528006C752E2530326C752064656720537461B4
:1005380074757356616C69643D2564204E564D424E
:100548003D2564204552524352433D25642045527F
:10055800524D454D3D2564204552525041523D254E
:10056800640D0A004D41363030206E6F6973652086
:10057800286C61737420256473293A205032503DE9
:10058800256C752E2530326C75646567205374644C
:100598004465763D256C752E2530326C756465672B
:1005A8002044726966743D2573256C752E2530329A
:1005B8006C75646567204D6178537465703D256C72
:1005C800752E2530326C75646567204E3D256C7537
:1005D8002076616C69643D25640D0A006465666176
:1005E800756C745461736B00575241505045445FA9
:1005F8005049445F534C45575F563200554E4B4E59
:100608004F574E002D256C642E25302A6C64004F00
:10061800524445525F4E4F545F434F4D50555445D9
:1006280044004F524445525F41424F56455F4E5930
:10063800515549535400524154494F5F4F55545FE7
:100648004F465F52414E4745002D256C642E25309C
:10065800326C6400554E4B4E4F574E5F4A49470027
:100668004A756C20323320323032362031373A32F4
:10067800313A3135006A69676D6F746F722D6E6C2F
:100688003200434F4E4649472C5265636F72645699
:10069800657273696F6E3D312C47617465506F6C7C
:1006A8006963793D504F4C4943595F415F4C4F4313
:1006B8004B45445F56312C436F6E666967436F6ED6
:1006C800746578743D25732C4669726D776172651F
:1006D8003D25732C4275696C6449443D25732C4D46
:1006E80043555F5549443D2530386C582530386CA2
:1006F800582530386C582C4A696749443D25732C75
:100708004A69674B6E6F776E3D25642C436F6E6642
:1007180069674761746553656C66546573743D31E8
:100728002C506F696E7453616D706C657253656C93
:1007380066546573743D312C4578706563746564DF
:1007480043616C6962726174696F6E537461746538
:100758003D5A45524F5F5441424C452C436F6E669B
:1007680069675265616456616C69643D25642C4310
:100778006F6E66696756616C69643D25642C506FBD
:100788006C69637941476174655061737365643D51
:1007980025642C41756469744669656C64734C6F93
:1007A800636B65643D312C4578706563746564508E
:1007B800726F66696C65466F756E643D25642C5270
:1007C800656A656374526561736F6E3D25732C4568
:1007D800787065637465645A65726F3D307825304A
:1007E80034582C45787065637465644469723D308B
:1007F80078253032582C457870656374656446698D
:100808006C743D3078253032582C457870656374A7
:1008180065645374617475733D3078253032582C93
:1008280045787065637465645072743D307825301E
:1008380032582C4578706563746564526D617049EF
:10084800643D3078253032582C457870656374657E
:1008580064436F727243524333323D3078253038E7
:100868006C582C5A65726F3D3078253034582C44BA
:1008780069723D3078253032582C46696C743D30A9
:1008880078253032582C5374617475733D3078254F
:100898003032582C5072743D3078253032582C52F2
:1008A8006D617049643D3078253032582C436F7241
:1008B800724E6F6E5A65726F436F756E743D257513
:1008C8002C436F727243524333323D3078253038AF
:1008D8006C580D0A004D6F746F72204552524F527A
:1008E8003A2045256420284D4136303020636F6E0C
:1008F80066696720676174652072656A65637465F7
:10090800643A20257329210D0A00434357005052A9
:1009180045434F4E444954494F4E004E41004F46BF
:1009280046494349414C0044495341424C454400DF
:10093800256C75002564004D4554412C536368654A
:100948006D6156657273696F6E3D25642C466972D8
:100958006D776172653D25732C4275696C644944F5
:100968003D25732C4D43555F5549443D2530386C22
:10097800582530386C582530386C582C436F756EB4
:1009880074657253636F70653D424F4F542C4A69CA
:100998006749443D25732C4A69674B6E6F776E3DF6
:1009A80025642C4D6F746F7249443D25732C4D6F2F
:1009B800746F724944536F757263653D25732C4D8E
:1009C8006F746F72494456616C69643D25642C4D9F
:1009D8006F746F72506F6C65436F756E743D2575DB
:1009E8002C4D6F746F72506F6C6550616972733DF6
:1009F80025752C456C656374726963616C52697006
:100A0800706C654D756C7469706C653D25752C4509
:100A18006C656374726963616C526970706C654F60
:100A2800726465723D25752C5465737449443D257F
:100A38006C752C537765657049443D256C752C445D
:100A48006972656374696F6E3D25732C4D656173BA
:100A58007572656D656E74506F6C6963793D257349
:100A68002C4D6561737572656D656E744465666954
:100A78006E6974696F6E3D25732C4163636570748C
:100A8800616E63654D6F64653D25732C4F666669BD
:100A98006369616C526573756C74536F75726365C5
:100AA8003D4C45474143592C536861646F77436116
:100AB8006E6F6E6963616C456E61626C65643D253D
:100AC800642C536861646F77436F6E7472616374EA
:100AD80056657273696F6E3D25732C536861646F38
:100AE800774F6666696369616C3D302C436C6F7340
:100AF80075726550726F6265456E61626C65643DC2
:100B080025642C436C6F7375726550726F62655003
:100B1800726F746F636F6C3D25732C436C6F7375C4
:100B2800726550726F62654F6666696369616C3D94
:100B3800302C417070726F61636850726F746F63AC
:100B48006F6C3D25732C417070726F6163685374CC
:100B5800727563747572616C56616C69643D257356
:100B68002C52616D70536F66745374617274507255
:100B78006F746F636F6C3D25732C52616D70536F8A
:100B88006674537461727444656C61794D733D2564
:100B9800732C50686173655265666572656E63652E
:100BA8003D537765657050726F67726573732C5328
:100BB8007465705261773D25642C4578706563745F
:100BC8006564416E616C79736973506F696E747393
:100BD8003D25642C4361707475726564506F696E4D
:100BE80074733D25642C416E616C79736973506F21
:100BF800696E74733D25642C4D6561737572656DFE
:100C0800656E7456616C69643D25642C5472616329
:100C18006B696E6756616C69643D25642C5472611A
:100C2800636B696E67526D734C696D69744465676F
:100C38003D31352E302C547261636B696E674D619E
:100C4800784C696D69744465673D33302E302C41AA
:100C580063717569736974696F6E526573756C74C5
:100C68003D25732C41637152656164417474656DEF
:100C78007074733D256C752C41637152657472698B
:100C880065733D256C752C4163715472616E737088
:100C98006F72744572726F72733D256C752C416367
:100CA800714A756D7052656A656374733D256C751C
:100CB8002C4163714661696C656453616D706C6544
:100CC800733D256C752C436F6E74696E756F757303
:100CD8005377656570436F6E746578743D25732C22
:100CE800436F6E7465787452656163717569726576
:100CF800436F756E743D256C752C52616D70466539
:100D080065646261636B456E61626C65643D312C3C
:100D1800536574746C65436F6E74726163743D25BA
:100D2800732C536574746C6553746162696C69746F
:100D3800794C696D69745261773D256C642C5365F3
:100D480074746C65546172676574546F6C65726114
:100D58006E63655261773D256C642C536574746CC1
:100D680065506F696E74733D25642C536574746C9B
:100D78006553746162696C69747956616C69643D24
:100D880025642C536574746C65546172676574507E
:100D9800726F78696D69747956616C69643D256410
:100DA8002C536574746C6556616C69643D25642CBC
:100DB80053746172745261773D25752C5374617256
:100DC80074416E676C654465673D25732C416E619F
:100DD8006C7973697353746172745261773D2575C8
:100DE8002C436F6E74726F6C6C65725374617465AA
:100DF800506F6C6963793D25732C436F6E74726F05
:100E08006C6C657252657365744170706C69656469
:100E18003D25642C436F6E74726F6C6C65725265FD
:100E2800736574537461746556616C69643D2564B7
:100E38002C486F6D65526573756C743D25732C482D
:100E48006F6D654475726174696F6E4D733D256C85
:100E5800752C486F6D65557064617465436F756E68
:100E6800743D256C752C426174636849443D256C5A
:100E7800752C4379636C654F726465723D256C759A
:100E88002C52756E4F726465723D256C752C4261EB
:100E980074636852756E436F756E743D256C752C5E
:100EA800507265636F6E646974696F6E50726F74A7
:100EB8006F636F6C3D25732C52756E526F6C653D78
:100EC80025732C456C696769626C65466F7253744B
:100ED80061746973746963733D25642C507265632A
:100EE8006F6E646974696F6E56616C69643D2573D1
:100EF8002C546865726D616C50726F746F636F6C9F
:100F08003D25732C466972737452756E496E426141
:100F18007463683D25642C4D6F746F724163746906
:100F280076654475726174696F6E4D733D256C7595
:100F38002C436F6F6C646F776E5461726765744D84
:100F4800733D25732C436F6F6C646F776E416374C8
:100F580075616C4D733D25732C436F6F6C646F77AF
:100F68006E56616C69643D25732C54696D655369CF
:100F78006E636550726576696F757352756E4D73E1
:100F88003D25730D0A00434F4F4C444F574E5F3178
:100F98003230535F5631004F4E455F46554C4C5FDB
:100FA80053574545505F313230535F5631005245F3
:100FB8005345545F4245464F52455F454143485F5C
:100FC800484F4D455F56310053544142494C4954AE
:100FD800595F414E445F5441524745545F56310072
:100FE80053574545505F434F4E544558545F56310B
:100FF800005343555256455F43575F505245524F31
:101008004C4C5F4E4F5F524556455253414C5F56CC
:101018003100434C4F535552455F484F4C445F563F
:10102800310043414E4F4E4943414C5F5131365F89
:101038005631005245504F52545F4F4E4C5900574D
:10104800484F4C455F53595354454D5F434F4D4DA1
:10105800414E445F545241434B494E470057484F15
:101068004C455F53595354454D5F5245504F525468
:101078005F4F4E4C595F563100554E53455400470B
:101088005249442C536368656D6156657273696F84
:101098006E3D25642C5465737449443D256C752C4C
:1010A800537765657049443D256C752C50726F7493
:1010B8006F636F6C3D25732C4E6F6D696E616C5359
:1010C8007465704465673D312E30303030302C50B7
:1010D8006F696E74735065725265763D25752C5232
:1010E8006177537465704D696E3D25752C52617733
:1010F800537465704D61783D25752C546172676530
:101108007452756C653D524F554E445F494E444587
:10111800585F54494D45535F36353533365F44493A
:10112800565F3336300D0A00554E49464F524D5FD3
:10113800315F4445475F524F554E4445445F5241E5
:10114800575F5631004D4F54494F4E5F50524F46EE
:10115800494C452C536368656D6156657273696FB8
:101168006E3D25642C5465737449443D256C752C7B
:10117800537765657049443D256C752C4A69674904
:10118800443D25732C4D6F746F7249443D25732C73
:10119800446972656374696F6E3D25732C50726F74
:1011A80066696C653D25732C486F6D65436F6E7479
:1011B800726F6C6C65723D25732C46696E616C5458
:1011C80061726765744D6F64653D4F50454E5F4C65
:1011D8004F4F505F554E4348414E4745442C43615D
:1011E80070747572654D6F64653D5354415449433D
:1011F8005F41465445525F534554544C452C5469FD
:10120800636B4D733D25752C436F6D6D616E647313
:101218005065724465677265653D25752C506F771A
:1012280065723D312E3030302C4C6F636B447572D3
:101238006174696F6E4D733D256C752C4C6F636BD3
:10124800436F6D6D616E64733D256C752C4C6F63D7
:101258006B54696D696E674F76657272756E733D12
:10126800256C752C52616D705365676D656E74736E
:101278003D256C752C52616D70436F6D6D616E64A8
:10128800733D256C752C52616D7054696D696E677C
:101298004F76657272756E733D256C752C4D61784D
:1012A8004C6174656E6573735469636B733D256C2B
:1012B800752C4F627365727665644261636B7472F4
:1012C80061636B733D256C752C4D61784F62736556
:1012D800727665644261636B747261636B526177A5
:1012E8003D256C750D0A0053435552564534305F01
:1012F8004142534F4C5554455F5449434B5F563216
:1013080000434F4E54524F4C5F53544154452C5355
:101318006368656D6156657273696F6E3D25642CEF
:101328005465737449443D256C752C537765657015
:1013380049443D256C752C4A696749443D25732C01
:101348004D6F746F7249443D25732C44697265630F
:1013580074696F6E3D25732C506F6C6963793D25F8
:10136800732C52657365744170706C6965643D25B2
:10137800642C5265736574537461746556616C6945
:10138800643D25642C4265666F7265496E746567B5
:1013980072616C5465726D3D25732C4265666F727F
:1013A800654C6173744572726F724465673D25734D
:1013B8002C4265666F7265436F6D6D616E64526134
:1013C800773D25732C4265666F726546696C746556
:1013D800726564446572697661746976653D2573E2
:1013E8002C4265666F72654C6173744F75747075C5
:1013F80074537465705261773D25732C4265666F2E
:101408007265466565646261636B496E697469619A
:101418006C697A65643D25642C4265666F72654621
:101428006565646261636B41636365707465643D9F
:10143800256C752C4265666F72654F75747075748E
:10144800456C656374726963616C506F7369746924
:101458006F6E5261773D25752C4265666F72654FD8
:101468007574707574506F7765723D25732C42657D
:10147800666F72654F7574707574456E61626C65E0
:10148800643D25642C4166746572496E74656772A3
:10149800616C5465726D3D25732C41667465724CA0
:1014A8006173744572726F724465673D25732C4190
:1014B80066746572436F6D6D616E645261773D2528
:1014C800732C416674657246696C74657265644410
:1014D8006572697661746976653D25732C41667419
:1014E80065724C6173744F7574707574537465705C
:1014F8005261773D25732C41667465724665656453
:101508006261636B496E697469616C697A65643D8F
:1015180025642C4166746572466565646261636B17
:1015280041636365707465643D256C752C41667410
:1015380065724F7574707574456C65637472696310
:10154800616C506F736974696F6E5261773D257570
:101558002C41667465724F7574707574506F776539
:10156800723D25732C41667465724F75747075747D
:10157800456E61626C65643D25642C486F6D6552EB
:101588006573756C743D25732C486F6D6544757271
:101598006174696F6E4D733D256C752C486F6D6570
:1015A800557064617465436F756E743D256C752C58
:1015B800486F6D65496E697469616C4572726F72C6
:1015C8004465673D25732C486F6D6546696E616C8F
:1015D8004572726F724465673D25732C486F6D655F
:1015E800496E697469616C436F6D6D616E645261B7
:1015F800773D256C642C486F6D6546696E616C4358
:101608006F6D6D616E645261773D256C640D0A00E3
:10161800534841444F575F4D4554412C53636865C7
:101628006D6156657273696F6E3D25642C546573E0
:101638007449443D256C752C537765657049443D64
:10164800256C752C4A696749443D25732C4D6F7488
:101658006F7249443D25732C4F6666696369616CF6
:101668003D302C436F6E7472616374566572736992
:101678006F6E3D25732C5369676E6564436F6E7694
:10168800656E74696F6E3D25732C5265666572656B
:101698006E6365446566696E6974696F6E3D25732E
:1016A8002C43616E6F6E6963616C4D65616E536F3B
:1016B800757263653D25732C4D616446696C74656C
:1016C80072696E67456E61626C65643D302C546961
:1016D8006D696E674D6F64653D4241434B5F544F82
:1016E8005F4241434B2C5265717569726564416371
:1016F80063657074656453616D706C65733D2575C1
:101708002C4D61785472616E73616374696F6E7386
:101718003D25752C4D6178436F6E736563757469EB
:1017280076654661696C757265733D25752C4D61EA
:1017380078456C617073656455733D256C752C4DE7
:1017480061784A756D705261773D256C640D0A00A9
:10175800414C4C5F544945523100504F494E54302A
:101768005F43414E4F4E4943414C5F4D45414E000A
:101778004D454153555245445F4D494E55535F546D
:10178800415247455400444154412C25642C256C52
:10179800752C256C752C25732C25732C25732C25FD
:1017A800642C25752C25752C25732C25730D0A00A2
:1017B8004143512C25642C256C752C256C752C25E2
:1017C800732C25642C256C752C25752C25752C30CF
:1017D80078253032580D0A004D4F54494F4E2C533E
:1017E8006368656D6156657273696F6E3D25642C1B
:1017F8005465737449443D256C752C537765657041
:1018080049443D256C752C4A696749443D25732C2C
:101818004D6F746F7249443D25732C44697265633A
:1018280074696F6E3D25732C506F696E743D256425
:101838002C52616D70416363657074656453616DAA
:10184800706C65733D25752C536574746C655265B1
:1018580073756C743D25732C53746162696C69747B
:101868007956616C69643D25642C546172676574AE
:1018780050726F78696D69747956616C69643D2539
:10188800642C536574746C6556616C69643D256499
:101898002C506F736974696F6E4572726F72526102
:1018A800773D25732C506F736974696F6E4572723A
:1018B8006F724465673D25732C506F6C6C436F7570
:1018C8006E743D25750D0A00534841444F575F44D7
:1018D8004154412C25642C256C752C256C752C25C0
:1018E800732C25732C25732C25642C25732C2573B8
:1018F8002C25730D0A00534841444F575F4143510B
:101908002C25642C256C752C256C752C25732C25A1
:10191800642C256C752C256C752C25752C25752C3F
:1019280025752C25752C25752C25730D0A004D4F12
:1019380054494F4E5F524553554C542C5363686578
:101948006D6156657273696F6E3D25642C546573BD
:101958007449443D256C752C537765657049443D41
:10196800256C752C4A696749443D25732C4D6F7465
:101978006F7249443D25732C446972656374696FBD
:101988006E3D25732C436F6E747261637456657275
:1019980073696F6E3D25732C436F6E74696E756F36
:1019A80075735377656570436F6E746578743D25FC
:1019B800732C436F6E7465787452656163717569D1
:1019C8007265436F756E743D256C752C436F6E742C
:1019D80065787452656164417474656D7074733DA3
:1019E800256C752C436F6E746578744163636570FC
:1019F80074656453616D706C65733D256C752C431B
:101A08006F6E74657874526574726965733D256C80
:101A1800752C436F6E746578745472616E73706F51
:101A280072744572726F72733D256C752C436F6EBC
:101A3800746578744A756D7052656A656374733D30
:101A4800256C752C436F6E746578744661696C6596
:101A58006453616D706C65733D256C752C52616DB6
:101A68007052656164417474656D7074733D256C62
:101A7800752C52616D704163636570746564536160
:101A88006D706C65733D256C752C52616D70526577
:101A980074726965733D256C752C52616D70547252
:101AA800616E73706F72744572726F72733D256CDC
:101AB800752C52616D704A756D7052656A656374F4
:101AC800733D256C752C52616D704661696C656457
:101AD80053616D706C65733D256C752C536574741A
:101AE8006C6552656164417474656D7074733D25ED
:101AF8006C752C536574746C6541636365707465AB
:101B08006453616D706C65733D256C752C536574F9
:101B1800746C65526574726965733D256C752C53D8
:101B28006574746C655472616E73706F727445720B
:101B3800726F72733D256C752C536574746C654AAD
:101B4800756D7052656A656374733D256C752C53A9
:101B58006574746C654661696C656453616D706C1D
:101B680065733D256C752C536574746C65506F698D
:101B78006E74733D25642C53746162696C69747961
:101B880056616C6964506F696E74733D25642C549A
:101B9800617267657450726F78696D69747956619E
:101BA8006C6964506F696E74733D25642C53657459
:101BB800746C6556616C6964506F696E74733D2509
:101BC800642C536574746C6554696D656F757450D5
:101BD8006F696E74733D25642C536574746C655716
:101BE800726F6E67506F736974696F6E506F696E4C
:101BF80074733D25642C536574746C655374616209
:101C0800696C69747956616C69643D25642C536507
:101C180074746C6554617267657450726F78696D1D
:101C280069747956616C69643D25642C53657474D4
:101C38006C6556616C69643D25642C4D6178416220
:101C480073536574746C65506F736974696F6E450E
:101C580072726F725261773D25732C4D61784162C3
:101C680073536574746C65506F736974696F6E45EE
:101C780072726F724465673D25730D0A00524553B1
:101C8800554C542C536368656D6156657273696F62
:101C98006E3D25642C5465737449443D256C752C40
:101CA800537765657049443D256C752C4A696749C9
:101CB800443D25732C4D6F746F7249443D25732C38
:101CC800446972656374696F6E3D25732C43617056
:101CD8007475726564506F696E74733D25642C4128
:101CE8006E616C79736973506F696E74733D2564A6
:101CF8002C4D65616E44433D25732C524D535F4115
:101D0800433D25732C41313D25732C41323D2573CC
:101D18002C41333D25732C41363D25732C41393DEB
:101D280025732C4131323D25732C4131383D2573C3
:101D38002C4132373D25732C4133363D25732C41D8
:101D480034353D25732C4137323D25732C413130D4
:101D5800383D25732C48315F50686173655377654A
:101D680065704465673D25732C48325F5068617320
:101D78006553776565704465673D25732C48335F07
:101D8800506861736553776565704465673D257371
:101D98002C48365F50686173655377656570446594
:101DA800673D25732C48395F5068617365537765C3
:101DB80065704465673D25732C4831325F50686112
:101DC800736553776565704465673D25732C4831A5
:101DD800385F506861736553776565704465673D22
:101DE80025732C4832375F50686173655377656592
:101DF800704465673D25732C4833365F50686173BE
:101E08006553776565704465673D25732C4834359F
:101E18005F506861736553776565704465673D25F4
:101E2800732C4837325F5068617365537765657006
:101E38004465673D25732C483130385F50686173BD
:101E48006553776565704465673D25732C41343D5E
:101E580025732C48345F50686173655377656570E6
:101E68004465673D25732C41383D25732C48385F00
:101E7800506861736553776565704465673D257380
:101E88002C4D6F746F72506F6C65436F756E743D37
:101E980025752C4D6F746F72506F6C655061697247
:101EA800733D25752C456C656374726963616C526A
:101EB8006970706C654D756C7469706C653D2575DD
:101EC8002C456C656374726963616C526970706CDF
:101ED800654F726465723D25752C41456C65637468
:101EE800726963616C363D25732C456C6563747249
:101EF8006963616C365F50686173655377656570B7
:101F08004465673D25732C456C656374726963612C
:101F18006C526970706C6556616C69643D25642CFF
:101F2800506861736556616C69644D61736B3D30CF
:101F380078253034582C446F6D696E616E74536522
:101F48006C65637465644F726465723D25752C44D5
:101F58006F6D696E616E7453656C65637465644119
:101F68006D706C69747564653D25732C446F6D697B
:101F78006E616E7453656C6563746564456E6572F5
:101F88006779526174696F3D25732C4C656761638D
:101F9800794D6F64656C49643D48534554365F56C6
:101FA800312C4C65676163794F72646572733D319A
:101FB8007C327C337C367C31327C31382C4C656702
:101FC8006163794D6F64656C56616C69643D256425
:101FD8002C526573696475616C5F524D535F483666
:101FE8003D25732C526573696475616C5F524D535E
:101FF8005F4833363D25732C526573696475616C8F
:102008005F524D535F46756C6C3D25732C46697461
:102018007465645F5032503D25732C466974457869
:10202800706C61696E6564526174696F3D25732CCB
:10203800457874656E6465644D6F64656C49643D8C
:102048004853455431325F56312C457874656E6477
:1020580065644F72646572733D317C327C337C36C3
:102068007C397C31327C31387C32377C33367C3475
:10207800357C37327C3130382C457874656E646530
:10208800644D6F64656C56616C69643D25642C52BF
:102098006573696475616C5F524D535F457874650B
:1020A8006E6465643D25732C4669747465645F507D
:1020B80032505F457874656E6465643D25732C46BF
:1020C80069744578706C61696E6564526174696F92
:1020D8005F457874656E6465643D25732C4D6F7437
:1020E8006F725F4572726F725F5032505F446567FE
:1020F8003D25732C4D6F746F725F53797374656DE2
:102108005F494E4C5F4465673D25732C4372657388
:1021180074466163746F723D25732C5039395F4181
:102128006273446576696174696F6E3D25732C54DA
:102138007261636B696E6756616C69643D25642CD6
:10214800547261636B696E674572726F725F524D4C
:10215800535F4465673D25732C547261636B696EE8
:10216800674572726F725F4D61784162735F446553
:10217800673D25732C46656174757265436F6D7094
:1021880075746554696D654D733D256C750D0A0050
:10219800534841444F575F524553554C542C536351
:1021A80068656D6156657273696F6E3D25642C5460
:1021B80065737449443D256C752C53776565704982
:1021C800443D256C752C4A696749443D25732C4D5F
:1021D8006F746F7249443D25732C4F666669636955
:1021E800616C3D302C436F6E747261637456657216
:1021F80073696F6E3D25732C56616C69643D256467
:102208002C416E616C79736973506F696E74733D9C
:1022180025642C4D65616E44433D25732C524D5306
:102228005F41433D25732C4133363D25732C503295
:10223800503D25732C506F696E74304D65616E5238
:1022480061775131363D25732C4572726F72305269
:1022580061775131363D25732C436C6F7375726508
:102268004572726F725261775131363D25732C4336
:102278006C6F737572654572726F724465673D2540
:10228800732C436C6F737572654C696D6974446522
:10229800673D302E32303030302C436C6F7375729E
:1022A8006556616C69643D25642C4C65676163798A
:1022B8004D696E757343616E6F6E6963616C524DE3
:1022C800533D25732C4C65676163794D696E757351
:1022D80043616E6F6E6963616C4133363D25732CC3
:1022E800417474656D70746564506F696E74733D84
:1022F80025642C4361707475726564506F696E74DF
:10230800733D25642C5472616E73616374696F6EDA
:10231800733D256C752C4163636570746564536106
:102328006D706C65733D256C752C537069466169D9
:102338006C757265733D256C752C4A756D705265A8
:102348006A656374733D256C752C4D6574616461B1
:102358007461496E76616C69643D256C752C4661C3
:10236800696C6564506F696E74733D256C752C5388
:102378006B6970706564536C6F74733D256C752C54
:1023880054696D696E674F76657272756E733D2517
:102398006C752C4D617841627354696D696E67453F
:1023A80072726F724379636C65733D256C752C4D41
:1023B8006178436F6E7365637574697665466169A4
:1023C8006C757265734F627365727665643D256CD2
:1023D800752C46656174757265436F6D70757465AB
:1023E80054696D654D733D256C752C417070726F25
:1023F80061636850726F746F636F6C3D25732C4115
:102408007070726F6163685374727563747572610A
:102418006C56616C69643D25730D0A00534841444C
:102428004F575F4D41442C536368656D6156657223
:1024380073696F6E3D25642C5465737449443D255A
:102448006C752C537765657049443D256C752C4A2D
:10245800696749443D25732C4D6F746F7249443D3B
:1024680025732C446972656374696F6E3D25732CFE
:102478004F6666696369616C3D302C506F696E7494
:10248800496E6465783D25642C436F6D707574657D
:10249800643D25642C43616E646964617465436FAF
:1024A800756E743D256C752C52656A656374656438
:1024B800436F756E743D256C752C526F627573741D
:1024C800436F756E743D256C752C52656A6563742F
:1024D800466C6F6F7252656C5261773D256C642C47
:1024E800506F696E744D65616E5261775131363D3A
:1024F80025732C4D616446696C74657265644D651D
:10250800616E5261775131363D25732C44656C7488
:10251800615261775131363D25730D0A00434C4FA6
:10252800535552455F50524F42452C536368656D71
:102538006156657273696F6E3D25642C54657374BA
:1025480049443D256C752C537765657049443D2594
:102558006C752C4A696749443D25732C4D6F746F1F
:102568007249443D25732C446972656374696F6EC2
:102578003D25732C4F6666696369616C3D302C504C
:10258800726F746F636F6C3D25732C53746167654C
:102598003D25732C506F696E743D25752C436F6D06
:1025A8006D616E645261773D256C642C506F776560
:1025B800723D312E30303030302C4E6F6D696E6187
:1025C8006C486F6C644D733D256C752C4361707459
:1025D8007572655374617274456C61707365644D8E
:1025E800733D256C752C43617074757265456E6416
:1025F800456C61707365644D733D256C752C506F27
:10260800696E744D65616E5261775131363D25733F
:102618002C436C6F737572654572726F7252617775
:102628005131363D25732C436C6F73757265457255
:10263800726F724465673D25732C57696E646F77B6
:102648005032505261773D25732C57696E646F770D
:102658005032504465673D25732C57696E646F7717
:1026680044726966745261773D25732C57696E64AC
:102678006F7744726966744465673D25732C54729C
:10268800616E73616374696F6E733D256C752C415F
:102698006363657074656453616D706C65733D2523
:1026A8006C752C5370694661696C757265733D254C
:1026B8006C752C4A756D7052656A656374733D2537
:1026C8006C752C4D65746164617461496E76616CDA
:1026D80069643D256C752C536B6970706564536C27
:1026E8006F74733D256C752C54696D696E674F76F0
:1026F800657272756E733D256C752C4D6178436FEC
:102708006E73656375746976654661696C75726523
:10271800734F627365727665643D256C752C4163F1
:10272800717569736974696F6E526573756C743D00
:1027380025732C56616C69643D25640D0A00434C71
:102748004F535552455F50524F42455F524553557E
:102758004C542C536368656D6156657273696F6E6E
:102768003D25642C5465737449443D256C752C5380
:102778007765657049443D256C752C4A69674944FD
:102788003D25732C4D6F746F7249443D25732C445D
:102798006972656374696F6E3D25732C4F6666694F
:1027A8006369616C3D302C50726F746F636F6C3D60
:1027B80025732C456E61626C65643D25642C5374E9
:1027C80061727465643D25642C436F6D706C65742B
:1027D800653D25642C457870656374656453746140
:1027E8006765733D25752C417474656D70746564F7
:1027F8005374616765733D256C752C56616C69640B
:102808005374616765733D256C752C506F737454F0
:1028180075726E54696D696E67436F6D7061726130
:10282800626C653D25642C416371756973697469CF
:102838006F6E526573756C743D25732C5374617497
:1028480075733D25730D0A00415050524F4143485E
:102858005F524553554C542C536368656D615665FA
:102868007273696F6E3D25642C5465737449443DD9
:10287800256C752C537765657049443D256C752C1E
:102888004A696749443D25732C4D6F746F724944FA
:102898003D25732C446972656374696F6E3D2573B9
:1028A8002C4F6666696369616C3D302C50726F7499
:1028B8006F636F6C3D25732C417070726F61636834
:1028C800506174683D43575F4F4E4C592C526576A2
:1028D800657273616C436F756E743D256C752C530E
:1028E8007461727465643D312C436F6D706C6574EE
:1028F800653D25642C5374617475733D25732C50A4
:102908007265526F6C6C436F6D6D616E6444656C7B
:1029180074615261773D25732C507265526F6C6CEF
:102928004F6273657276656444656C746152617751
:102938003D25732C507265526F6C6C5461726765DB
:10294800744572726F725261773D25732C507265AF
:10295800526F6C6C4475726174696F6E4D733D256E
:102968006C752C46696E616C436F6D6D616E644465
:10297800656C74615261773D25732C46696E616C94
:102988004F6273657276656444656C7461526177F1
:102998003D25732C46696E616C5461726765744598
:1029A80072726F725261773D25732C46696E616C45
:1029B8004475726174696F6E4D733D256C752C4F4B
:1029C800726967696E53686966744F627365727677
:1029D80065645261773D25732C4F726967696E5340
:1029E800686966745461726765744572726F725271
:1029F80061773D25732C496E697469616C53657400
:102A0800746C65526573756C743D25732C507265D2
:102A1800526F6C6C536574746C65526573756C7425
:102A28003D25732C46696E616C536574746C6552F0
:102A38006573756C743D25732C507265506F73699E
:102A480074696F6E536574746C65526573756C74D4
:102A58003D4E412C4C6F63616C4261636B6F6666DF
:102A6800536574746C65526573756C743D4E412C76
:102A78004C6F63616C4261636B6F6666436F6D6D2B
:102A8800616E6444656C74615261773D4E412C4CB3
:102A98006F63616C4261636B6F66664F62736572E8
:102AA80076656444656C74615261773D4E412C4C87
:102AB8006F63616C4261636B6F66665461726765D0
:102AC800744572726F725261773D4E412C4C6F6340
:102AD800616C4261636B6F66664475726174696F9D
:102AE8006E4D733D4E412C417070726F6163685238
:102AF800656164417474656D7074733D256C752CE3
:102B0800417070726F616368526574726965733D74
:102B1800256C752C417070726F6163685472616EB8
:102B280073706F72744572726F72733D256C752C79
:102B3800417070726F6163684A756D7052656A653D
:102B48006374733D256C752C417070726F61636896
:102B58004661696C656453616D706C65733D256C85
:102B6800752C417070726F61636841637175697328
:102B78006974696F6E436C65616E3D25642C4170A4
:102B880070726F6163685374727563747572616C87
:102B980056616C69643D25642C507265526F6C6C8B
:102BA80052616D70456E64546172676574457272E6
:102BB8006F725261773D25732C507265526F6C6C41
:102BC800536574746C656454617267657445727298
:102BD8006F725261773D25732C507265526F6C6C21
:102BE800536574746C65436F7272656374696F6E54
:102BF8005261773D25732C507265526F6C6C53652A
:102C080074746C65506F6C6C436F756E743D256C95
:102C1800752C46696E616C52616D70456E644162D7
:102C2800736F6C7574655461726765744572726F01
:102C3800725261773D25732C46696E616C536574D9
:102C4800746C65644162736F6C7574655461726706
:102C580065744572726F725261773D25732C4669AF
:102C68006E616C536574746C65436F7272656374DE
:102C7800696F6E5261773D25732C46696E616C539E
:102C88006574746C65506F6C6C436F756E743D251C
:102C98006C750D0A00505245524F4C4C5F434845E5
:102CA800434B504F494E542C536368656D615665CC
:102CB8007273696F6E3D25642C5465737449443D85
:102CC800256C752C537765657049443D256C752CCA
:102CD8004A696749443D25732C4D6F746F724944A6
:102CE8003D25732C4F6666696369616C3D302C50D5
:102CF8006F696E743D256C752C52616D70456E64FC
:102D08005461726765744572726F725261773D25BE
:102D1800730D0A00415050524F4143485F53544588
:102D280050532C536368656D6156657273696F6E95
:102D38003D25642C5465737449443D256C752C53AA
:102D48007765657049443D256C752C4A6967494427
:102D58003D25732C4D6F746F7249443D25732C4F7C
:102D68006666696369616C3D302C4C65673D42411C
:102D7800434B4F46462C53746570436F756E743DD4
:102D880025752C556E777261707065645261773D58
:102D980025730D0A00415050524F4143485F535428
:102DA8004550532C536368656D6156657273696F3E
:102DB8006E3D25642C5465737449443D256C752C0F
:102DC800537765657049443D256C752C4A69674998
:102DD800443D25732C4D6F746F7249443D25732C07
:102DE8004F6666696369616C3D302C4C65673D468A
:102DF8004F52574152442C53746570436F756E742B
:102E08003D25752C556E77726170706564526177D7
:102E18003D25730D0A0053574545505F52414D50AB
:102E28005F53544550532C536368656D6156657202
:102E380073696F6E3D25642C5465737449443D2550
:102E48006C752C537765657049443D256C752C4A23
:102E5800696749443D25732C4D6F746F7249443D31
:102E680025732C4F6666696369616C3D302C546F1D
:102E7800506F696E74496E6465783D256C752C5386
:102E8800746570436F756E743D25752C556E777239
:102E980061707065645261773D25730D0A0053486F
:102EA80041444F575F454E442C536368656D6156E6
:102EB800657273696F6E3D25642C5465737449445B
:102EC8003D256C752C537765657049443D256C75B7
:102ED8002C4A696749443D25732C4D6F746F7249BC
:102EE800443D25732C4F6666696369616C3D302CDF
:102EF800537461727465643D25642C417474656D06
:102F080070746564506F696E74733D25642C4361F9
:102F1800707475726564506F696E74733D25642CA6
:102F28004163717569736974696F6E526573756C05
:102F3800743D25732C5374617475733D25730D0AA4
:102F4800004D6F746F72206F66667365743A202542
:102F5800750D0A004D6F746F7220616E676C652085
:102F68006F66667365743A202573206465677265B9
:102F7800650D0A004D41363030207374617274203B
:102F88007261773D257520636F756E743D256C649D
:102F98002066696C74657265643D2573207261777B
:102FA800416E676C653D2573206465677265650DC4
:102FB8000A004E4C2063757276652025643A2061BC
:102FC8006E676C653D2573206572726F723D25735F
:102FD800206465670D0A004E4C20706F696E74732B
:102FE800206E6F7420736574746C656420776974DF
:102FF80068696E20256C646D732025643A20256409
:103008002F25640D0A004E4C206162736F6C757435
:10301800652065787472656D612025643A206D615C
:10302800785F7261773D2575202825732064656770
:1030380029206D696E5F7261773D2575202825739B
:1030480020646567290D0A004E4C206861726D6F17
:103058006E69633120286D6F756E74696E672F63B2
:103068006F6E63656E7472696369747920736967DA
:103078006E6174757265292025643A20616D706CE3
:1030880069747564653D25732070686173653D25B5
:1030980073206465670D0A004E4C206861726D6F7D
:1030A8006E6963362028686973746F726963616C2E
:1030B800207265666572656E63652C207365652090
:1030C800524553554C54277320446F6D696E616E99
:1030D8007453656C65637465644F72646572292006
:1030E80025643A20616D706C69747564653D25735B
:1030F8002070686173653D2573206465670D0A005B
:103108004E4C20646F6D696E616E74206861726DDB
:103118006F6E69632025643A206F726465723D257D
:103128007520616D706C69747564653D25732064E4
:1031380065670D0A004E4C20726177207065616BDF
:103148002D746F2D7065616B202564202873696E5E
:10315800676C65206D61782D6D696E2C20666F72C5
:1031680020636F6D70617269736F6E293A202573E1
:10317800206465677265650D0A004E4C2054432033
:1031880070657263656E74696C652025643A2050B9
:10319800353D2573205039353D25732072616E67A2
:1031A800653D2573206465677265650D0A004E4CA0
:1031B80020544320726D732025643A2025732064BF
:1031C80065677265650D0A004D41363030205261E1
:1031D80077204E6F6E6C696E6561722025642041A0
:1031E8006E676C653A202573206465677265650DA6
:1031F8000A004D413630302046696C7465722D5294
:103208006177204D617820446966662025643A20FC
:103218002573206465677265650D0A004E6F6E6CD4
:10322800696E65617220256420494E56414C4944B7
:103238003A20747261636B696E673D25642061632F
:10324800717569736974696F6E3D25732073657450
:10325800746C65643D25642F25640D0A00454E4451
:103268002C536368656D6156657273696F6E3D2591
:10327800642C5465737449443D256C752C537765EB
:10328800657049443D256C752C44697265637469A1
:103298006F6E3D25732C4361707475726564506F51
:1032A800696E74733D25642C416E616C7973697322
:1032B800506F696E74733D25642C547261636B6939
:1032C8006E6756616C69643D25642C536574746C33
:1032D8006553746162696C69747956616C69643D9F
:1032E80025642C536574746C6554617267657450F9
:1032F800726F78696D69747956616C69643D25648B
:103308002C536574746C6556616C69643D25642C36
:103318004163717569736974696F6E526573756C11
:10332800743D25732C5374617475733D25730D0AB0
:1033380000505245434F4E444954494F4E5F5052F6
:10334800455F4D4F544F520042415443485F5052DD
:10335800455F4D4F544F520047657474696E67203E
:10336800726573756C74210D0A004D6F746F72204D
:103378004552524F523A20453530372028636F6EF8
:1033880074726F6C2D73657373696F6E20726573D9
:10339800657420766572696669636174696F6E2009
:1033A8006661696C656429210D0A004D413630302B
:1033B800206D6F76652D746F2D7A65726F3A206572
:1033C80072726F723D25732064656720736574742B
:1033D8006C65643D256C642F256C6420636D6450B6
:1033E8006F733D256C640D0A004D6F746F72204534
:1033F80052524F523A2045353032210D0A004D6F56
:10340800746F72204552524F523A2045353033205E
:10341800286D6F76652D746F2D7A65726F206469DB
:1034280064206E6F7420636F6E76657267652077AF
:10343800697468696E20256C64206D7329210D0AF2
:10344800004D6F746F72204552524F523A204535E5
:10345800303420286D6F76652D746F2D7A65726F04
:1034680020656E636F646572206163717569736945
:1034780074696F6E206661696C656429210D0A00A4
:103488004D6F746F72204552524F523A2045353075
:103498003520287377656570206163717569736974
:1034A80074696F6E206661696C65643A20257329BA
:1034B800210D0A004D6F746F72204552524F523AD7
:1034C8002045353036202873776565702061637133
:1034D8007569736974696F6E20696E76616C696469
:1034E8003B20696E7370656374204D4554412F45C8
:1034F8004E4429210D0A00505245434F4E44495429
:10350800494F4E5F524553554C542C536368656D73
:103518006156657273696F6E3D25642C42617463F0
:103528006849443D256C752C4379636C654F72641A
:1035380065723D256C752C5465737449443D256C42
:10354800752C50726F746F636F6C3D25732C5275B8
:103558006E526F6C653D505245434F4E4449544935
:103568004F4E2C456C696769626C65466F7253747F
:1035780061746973746963733D302C537461747535
:10358800733D56414C49440D0A004D4136303020B8
:10359800526177204E6F6E6C696E65617220466964
:1035A8006E616C20417665726167653A20257320EB
:1035B8006465677265650D0A004D6F746F72204F00
:1035C8004B210D0A0042415443482C426174636800
:1035D80049443D256C752C5374617475733D46419F
:1035E800494C45442C4379636C654F726465723D60
:1035F800256C752C52756E4F726465723D256C751D
:103608002C52756E526F6C653D25730D0A00424150
:103618005443482C426174636849443D256C752CB9
:103628005374617475733D434F4D504C4554452C4C
:10363800507265636F6E646974696F6E436F756EFF
:10364800743D256C752C52756E436F756E743D25EF
:103658006C752C546F74616C4379636C65436F753A
:103668006E743D256C752C507265636F6E64697459
:10367800696F6E56616C69643D312C507265636F79
:103688006E646974696F6E52756E73557365643DC7
:10369800256C752C507265636F6E646974696F6E02
:1036A80053746162696C69747944656C74614465CA
:1036B800673D25730D0A0042415443482C4261740A
:1036C800636849443D256C752C5374617475733D6A
:1036D800434F4F4C444F574E5F53544152542C4321
:1036E80079636C654F726465723D256C752C5275F3
:1036F8006E4F726465723D256C752C52756E526FF3
:103708006C653D25732C5461726765744D733D2556
:103718006C752C50726F746F636F6C3D25730D0A56
:1037280000424F4F545F534D4F4B45004D4136308B
:103738003020535441545553207072656368656353
:103748006B206661696C6564204E564D423D256468
:10375800204352433D2564204D454D3D256420506E
:1037680041523D25643B206261746368207265663E
:10377800757365640D0A0042415443482C426174D4
:10378800636849443D256C752C5374617475733DA9
:1037980053544152542C507265636F6E6469746956
:1037A8006F6E50726F746F636F6C3D25732C50721F
:1037B80065636F6E646974696F6E436F756E743D8F
:1037C800256C752C52756E436F756E743D256C753E
:1037D8002C546F74616C4379636C65436F756E74B8
:1037E8003D256C752C436F6F6C646F776E546172F6
:1037F8006765744D733D256C750D0A00424154434D
:10380800482C426174636849443D256C752C537497
:10381800617475733D4641494C45442C526561734A
:103828006F6E3D434F4F4C444F574E5F494E564184
:103838004C49442C436F6D706C65746564437963BF
:103848006C654F726465723D256C752C4E65787495
:103858004379636C654F726465723D256C752C54B1
:1038680061726765744D733D256C752C4163747581
:10387800616C4D733D256C752C546F6C6572616E6F
:1038880063654D733D256C750D0A0052554E5449BC
:103898004D452C46726565486561703D256C752CF3
:1038A8004D696E4576657246726565486561703D1D
:1038B800256C752C54657374537461636B48696720
:1038C800685761746572576F7264733D256C750D26
:1038D8000A004E4F545F4150504C494341424C45B9
:1038E800004F4B00494E495449414C5F534554548D
:1038F8004C455F4641494C4544004241434B4F4685
:10390800465F534554544C455F4641494C45440035
:10391800504F494E54305F534554544C455F4641CF
:10392800494C4544004143515549534954494F4E28
:103938005F4552524F5200505245524F4C4C5F53C4
:103948004554544C455F4641494C45440050524506
:10395800504F534954494F4E5F534554544C455F5B
:103968004641494C45440057524F4E475F504F53CC
:103978004954494F4E00444952454354494F4E5FBC
:103988004552524F5200494E56414C49445F4152AC
:1039980047005350495F54494D454F5554005350C3
:1039A800495F4552524F520053414D504C455F4A72
:1039B800554D5000434F4E4649475F4552524F526E
:1039C8000054494D494E475F4D4554414441544187
:1039D8005F494E56414C494400414351554953496A
:1039E80054494F4E5F4255444745545F45584345F7
:1039F80045444544004143515549534954494F4E64
:103A08005F54494D454F5554004D4154485F4F56FA
:103A18004552464C4F5700494E495449414C00487D
:103A28004F4C445F353000484F4C445F31303000D4
:103A3800484F4C445F32303000546573745461739E
:103A48006B004A494731004A494732004A494733DF
:103A58000049444C4500546D725100546D72205316
:103A6800766300232D302B2000686C4C0065666758
:103A780045464700303132333435363738394142DC
:103A880043444546003031323334353637383961AE
:103A98006263646566000000570301085C0301085F
:103AA8006F03010880030108A4030108C403010887
:103AB800D2030108DF030108ED030108FD03010833
:103AC8000A0401081A040108E405010800000000BE
:103AD80000000000000000000000000000100000CE
:103AE8001800000000000000000000000000004076
:103AF800A69B443B9A99993E0000A0400000C84309
:103B08000000803E000000410000FB01FD01FC01B7
:103B1800DA380108E9380108EC38010802390108E7
:103B2800183901082D3901083F39010855390108AC
:103B3800E93801089E3901086F3901082D39010853
:103B4800E93801087E3901089E3901082D39010834
:103B5800E93801088E3901089A390108A63901089F
:103B6800B0390108BC390108C9390108E13901082F
:103B7800FD390108113A01081F3A0108273A0108DE
:103B88002F3A0108383A010800000000320000000E
:103B980064000000C8000000413A0108000000006D
:103BA80000000000000000000000000000200000ED
:103BB80020000000000000000000000001020306D1
:103BC8000C1201020306090C121B242D486C00007C
:103BD80027003C0004473432353535384A3A010865
:103BE8000000000500000000AD550A192C00250052
:103BF80004473432353535384F3A0108000000059E
:103C080000000000AD550A193A004C000B51343041
:103C180039333631543A010800000005000000002D
:103C2800AD550A190A000000140000001E0000002B
:103C380028000000320000003B00000000000000E7
:103C48000102030400000000000000000102030458
:103C580006070809000610160006101600000000E6
:103C680059F3F8C21F6EA501000000000000F03FE4
:103C780000000080DB0F4940DB0F49C0DB0F49BF64
:103C8800E4CB1640E4CB16C0000FC93F000F4940F3
:103C980000CB9640000FC9400053FB4000CB1641B3
:103CA80000ED2F41000F49410031624100537B4133
:103CB800003A8A4100CB9641005CA34100EDAF4138
:103CC800007EBC41000FC94100A0D5410031E2414E
:103CD80000C2EE410053FB4100F20342003A0A429F
:103CE8000083104200CB164200141D42005C2342A0
:103CF80000A5294200ED2F4200363642007E3C42A4
:103D080000C74242000F4942A2000000F90000002B
:103D1800830000006E0000004E0000004400000018
:103D28001500000029000000FC000000270000002A
:103D380057000000D1000000F5000000340000002A
:103D4800DD000000C0000000DB0000006200000091
:103D580095000000990000003C00000043000000AE
:103D68009000000041000000FE000000510000002B
:103D780063000000AB000000DE000000BB00000094
:103D8800C500000061000000B7000000240000002A
:103D98006E0000003A000000420000004D000000E4
:103DA800D2000000E000000006000000490000000A
:103DB8002E000000EA00000009000000D100000009
:103DC800920000001C000000FE0000001D00000022
:103DD800EB0000001C000000B100000029000000FA
:103DE800A70000003E000000E8000000820000007C
:103DF80035000000F50000002E000000BB000000A8
:103E08004400000084000000E90000009C0000005D
:103E18007000000026000000B40000005F000000F1
:103E28007E00000041000000390000009100000001
:103E3800D600000039000000830000005300000095
:103E480039000000F40000009C000000840000001D
:103E58005F0000008B000000BD000000F9000000BA
:103E6800280000003B0000001F000000F8000000D0
:103E780097000000FF000000DE00000005000000C1
:103E8800980000000F000000EF0000002F00000065
:103E9800110000008B0000005A0000000A0000001A
:103EA8006D0000001F0000006D00000036000000DB
:103EB8007E000000CF00000027000000CB000000BB
:103EC80009000000B70000004F0000004600000095
:103ED8003F000000660000009E0000005F00000038
:103EE800EA0000002D000000750000002700000017
:103EF800BA000000C7000000EB000000E500000069
:103F0800F10000007B0000003D00000007000000F9
:103F180039000000F70000008A000000520000008D
:103F280092000000EA0000006B000000FB000000A7
:103F38005F000000B10000001F0000008D000000BD
:103F48005D000000080000005600000003000000AB
:103F58003000000046000000FC0000007B0000006C
:103F68006B000000AB000000F0000000CF00000074
:103F7800BC000000200000009A000000F4000000CF
:103F8800360000001D000000A9000000E30000004A
:103F980091000000610000005E000000E6000000E3
:103FA8001B000000080000006500000099000000E8
:103FB800850000005F00000014000000A000000061
:103FC80068000000400000008D000000FF000000B5
:103FD800D8000000800000004D00000073000000C1
:103FE8002700000031000000060000000600000065
:103FF8001500000056000000CA0000007300000011
:10400800A8000000C900000060000000E2000000F5
:104018007B000000C00000008C0000006B00000066
:104028006937AC3168212233B40F14336821A233C5
:104038003863ED3EDA0F493F5E987B3FDA0FC93FA0
:104048000000C93F0000F0390000DA370000A23351
:104058000000842E0000502B0000C2270000D02250
:104068000000C41F0000C61B000044170400000025
:08407800070000000900000030
:0840800050C1FE7F01000000A9
:04408800B501000876
:04408C009101000896
:104090000024F4000100000010000000AAAAAAAA4F
:1040A0001400002000000000D4EA01203CEB0120B5
:1040B000A4EB012000000000000000000000000050
:1040C00000000000000000000000000000000000F0
:1040D00000000000000000000000000000000000E0
:1040E00000000000000000000000000000000000D0
:0400000508008CD58E
:00000001FF
