"Seq","Phase","EncoderRaw","TravelRaw","TravelMilliDeg","DeltaRaw","VelocityRawPerSecond","AccelerationRawPerSecond2","PowerPpm","ScheduledTick","SampleTick","LatenessTicks","LoopCycles","SpiLatencyCycles","PwmCounterAtCs"
"0","ALIGN_RAMP","42222","-5","-27.4658203125","-5","-5000","-5000000","0","185517","185517","0","2897","1336","1746"
"1","ALIGN_RAMP","42226","-1","-5.4931640625","4","4000","9000000","180","185518","185518","0","2902","1336","1001"
"2","ALIGN_RAMP","42225","-2","-10.986328125","-1","-1000","-5000000","360","185519","185519","0","2902","1336","911"
"3","ALIGN_RAMP","42223","-4","-21.97265625","-2","-2000","-1000000","540","185520","185520","0","2902","1336","821"
"4","ALIGN_RAMP","42223","-4","-21.97265625","0","0","2000000","720","185521","185521","0","2902","1336","731"
"5","ALIGN_RAMP","42222","-5","-27.4658203125","-1","-1000","-1000000","900","185522","185522","0","2902","1336","641"
"6","ALIGN_RAMP","42225","-2","-10.986328125","3","3000","4000000","1080","185523","185523","0","2902","1336","551"
"7","ALIGN_RAMP","42225","-2","-10.986328125","0","0","-3000000","1260","185524","185524","0","2902","1336","461"
"8","ALIGN_RAMP","42226","-1","-5.4931640625","1","1000","1000000","1440","185525","185525","0","2902","1336","371"
"9","ALIGN_RAMP","42224","-3","-16.4794921875","-2","-2000","-3000000","1620","185526","185526","0","2902","1336","281"
"10","ALIGN_RAMP","42227","0","0","3","3000","5000000","1800","185527","185527","0","2902","1336","191"
"11","ALIGN_RAMP","42228","1","5.4931640625","1","1000","-2000000","1980","185528","185528","0","2902","1336","101"
"12","ALIGN_RAMP","42223","-4","-21.97265625","-5","-5000","-6000000","2160","185529","185529","0","2902","1336","11"
"13","ALIGN_RAMP","42224","-3","-16.4794921875","1","1000","6000000","2340","185530","185530","0","2902","1336","2076"
"14","ALIGN_RAMP","42229","2","10.986328125","5","5000","4000000","2520","185531","185531","0","2902","1336","1986"
"15","ALIGN_RAMP","42223","-4","-21.97265625","-6","-6000","-11000000","2700","185532","185532","0","2902","1336","1896"
"16","ALIGN_RAMP","42226","-1","-5.4931640625","3","3000","9000000","2880","185533","185533","0","2902","1336","1806"
"17","ALIGN_RAMP","42221","-6","-32.958984375","-5","-5000","-8000000","3060","185534","185534","0","2902","1336","1716"
"18","ALIGN_RAMP","42225","-2","-10.986328125","4","4000","9000000","3240","185535","185535","0","2902","1336","1626"
"19","ALIGN_RAMP","42227","0","0","2","2000","-2000000","3420","185536","185536","0","2902","1336","1536"
"20","ALIGN_RAMP","42226","-1","-5.4931640625","-1","-1000","-3000000","3600","185537","185537","0","2902","1336","1446"
"21","ALIGN_RAMP","42222","-5","-27.4658203125","-4","-4000","-3000000","3780","185538","185538","0","2902","1336","1356"
"22","ALIGN_RAMP","42226","-1","-5.4931640625","4","4000","8000000","3960","185539","185539","0","2902","1336","1266"
"23","ALIGN_RAMP","42224","-3","-16.4794921875","-2","-2000","-6000000","4140","185540","185540","0","2902","1336","1176"
"24","ALIGN_RAMP","42226","-1","-5.4931640625","2","2000","4000000","4320","185541","185541","0","2902","1336","1086"
"25","ALIGN_RAMP","42227","0","0","1","1000","-1000000","4500","185542","185542","0","2902","1336","996"
"26","ALIGN_RAMP","42221","-6","-32.958984375","-6","-6000","-7000000","4680","185543","185543","0","2902","1336","906"
"27","ALIGN_RAMP","42227","0","0","6","6000","12000000","4860","185544","185544","0","2902","1336","816"
"28","ALIGN_RAMP","42225","-2","-10.986328125","-2","-2000","-8000000","5040","185545","185545","0","2902","1336","726"
"29","ALIGN_RAMP","42225","-2","-10.986328125","0","0","2000000","5220","185546","185546","0","2902","1336","636"
"30","ALIGN_RAMP","42227","0","0","2","2000","2000000","5400","185547","185547","0","2902","1336","546"
"31","ALIGN_RAMP","42225","-2","-10.986328125","-2","-2000","-4000000","5580","185548","185548","0","2902","1336","456"
"32","ALIGN_RAMP","42226","-1","-5.4931640625","1","1000","3000000","5760","185549","185549","0","2902","1336","366"
"33","ALIGN_RAMP","42228","1","5.4931640625","2","2000","1000000","5940","185550","185550","0","2902","1336","276"
"34","ALIGN_RAMP","42227","0","0","-1","-1000","-3000000","6120","185551","185551","0","2902","1336","186"
"35","ALIGN_RAMP","42225","-2","-10.986328125","-2","-2000","-1000000","6300","185552","185552","0","2902","1336","96"
"36","ALIGN_RAMP","42223","-4","-21.97265625","-2","-2000","0","6480","185553","185553","0","2902","1336","6"
"37","ALIGN_RAMP","42224","-3","-16.4794921875","1","1000","3000000","6660","185554","185554","0","2902","1336","2071"
"38","ALIGN_RAMP","42227","0","0","3","3000","2000000","6840","185555","185555","0","2902","1336","1981"
"39","ALIGN_RAMP","42224","-3","-16.4794921875","-3","-3000","-6000000","7020","185556","185556","0","2902","1336","1891"
"40","ALIGN_RAMP","42223","-4","-21.97265625","-1","-1000","2000000","7200","185557","185557","0","2902","1336","1801"
"41","ALIGN_RAMP","42223","-4","-21.97265625","0","0","1000000","7380","185558","185558","0","2902","1336","1711"
"42","ALIGN_RAMP","42224","-3","-16.4794921875","1","1000","1000000","7560","185559","185559","0","2902","1336","1621"
"43","ALIGN_RAMP","42228","1","5.4931640625","4","4000","3000000","7740","185560","185560","0","2902","1336","1531"
"44","ALIGN_RAMP","42223","-4","-21.97265625","-5","-5000","-9000000","7920","185561","185561","0","2902","1336","1441"
"45","ALIGN_RAMP","42224","-3","-16.4794921875","1","1000","6000000","8100","185562","185562","0","2902","1336","1351"
"46","ALIGN_RAMP","42226","-1","-5.4931640625","2","2000","1000000","8280","185563","185563","0","2902","1336","1261"
"47","ALIGN_RAMP","42228","1","5.4931640625","2","2000","0","8460","185564","185564","0","2902","1336","1171"
"48","ALIGN_RAMP","42228","1","5.4931640625","0","0","-2000000","8640","185565","185565","0","2902","1336","1081"
"49","ALIGN_RAMP","42226","-1","-5.4931640625","-2","-2000","-2000000","8820","185566","185566","0","2902","1336","991"
"50","ALIGN_RAMP","42227","0","0","1","1000","3000000","9000","185567","185567","0","2902","1336","901"
"51","ALIGN_RAMP","42220","-7","-38.4521484375","-7","-7000","-8000000","9180","185568","185568","0","2902","1336","811"
"52","ALIGN_RAMP","42223","-4","-21.97265625","3","3000","10000000","9360","185569","185569","0","2902","1336","721"
"53","ALIGN_RAMP","42225","-2","-10.986328125","2","2000","-1000000","9540","185570","185570","0","2902","1336","631"
"54","ALIGN_RAMP","42225","-2","-10.986328125","0","0","-2000000","9720","185571","185571","0","2902","1336","541"
"55","ALIGN_RAMP","42222","-5","-27.4658203125","-3","-3000","-3000000","9900","185572","185572","0","2902","1336","451"
"56","ALIGN_RAMP","42224","-3","-16.4794921875","2","2000","5000000","10080","185573","185573","0","2902","1336","361"
"57","ALIGN_RAMP","42227","0","0","3","3000","1000000","10260","185574","185574","0","2902","1336","271"
"58","ALIGN_RAMP","42228","1","5.4931640625","1","1000","-2000000","10440","185575","185575","0","2902","1336","181"
"59","ALIGN_RAMP","42226","-1","-5.4931640625","-2","-2000","-3000000","10620","185576","185576","0","2902","1336","91"
"60","ALIGN_RAMP","42223","-4","-21.97265625","-3","-3000","-1000000","10800","185577","185577","0","2902","1336","1"
"61","ALIGN_RAMP","42222","-5","-27.4658203125","-1","-1000","2000000","10980","185578","185578","0","2902","1336","2066"
"62","ALIGN_RAMP","42226","-1","-5.4931640625","4","4000","5000000","11160","185579","185579","0","2902","1336","1976"
"63","ALIGN_RAMP","42225","-2","-10.986328125","-1","-1000","-5000000","11340","185580","185580","0","2902","1336","1886"
"64","ALIGN_RAMP","42228","1","5.4931640625","3","3000","4000000","11520","185581","185581","0","2902","1336","1796"
"65","ALIGN_RAMP","42224","-3","-16.4794921875","-4","-4000","-7000000","11700","185582","185582","0","2902","1336","1706"
"66","ALIGN_RAMP","42228","1","5.4931640625","4","4000","8000000","11880","185583","185583","0","2902","1336","1616"
"67","ALIGN_RAMP","42225","-2","-10.986328125","-3","-3000","-7000000","12060","185584","185584","0","2902","1336","1526"
"68","ALIGN_RAMP","42224","-3","-16.4794921875","-1","-1000","2000000","12240","185585","185585","0","2902","1336","1436"
"69","ALIGN_RAMP","42225","-2","-10.986328125","1","1000","2000000","12420","185586","185586","0","2902","1336","1346"
"70","ALIGN_RAMP","42226","-1","-5.4931640625","1","1000","0","12600","185587","185587","0","2902","1336","1256"
"71","ALIGN_RAMP","42226","-1","-5.4931640625","0","0","-1000000","12780","185588","185588","0","2902","1336","1166"
"72","ALIGN_RAMP","42225","-2","-10.986328125","-1","-1000","-1000000","12960","185589","185589","0","2902","1336","1076"
"73","ALIGN_RAMP","42223","-4","-21.97265625","-2","-2000","-1000000","13140","185590","185590","0","2902","1336","986"
"74","ALIGN_RAMP","42223","-4","-21.97265625","0","0","2000000","13320","185591","185591","0","2902","1336","896"
"75","ALIGN_RAMP","42227","0","0","4","4000","4000000","13500","185592","185592","0","2902","1336","806"
"76","ALIGN_RAMP","42226","-1","-5.4931640625","-1","-1000","-5000000","13680","185593","185593","0","2902","1336","716"
"77","ALIGN_RAMP","42227","0","0","1","1000","2000000","13860","185594","185594","0","2902","1336","626"
"78","ALIGN_RAMP","42226","-1","-5.4931640625","-1","-1000","-2000000","14040","185595","185595","0","2902","1336","536"
"79","ALIGN_RAMP","42228","1","5.4931640625","2","2000","3000000","14220","185596","185596","0","2902","1336","446"
"80","ALIGN_RAMP","42224","-3","-16.4794921875","-4","-4000","-6000000","14400","185597","185597","0","2902","1336","356"
"81","ALIGN_RAMP","42227","0","0","3","3000","7000000","14580","185598","185598","0","2902","1336","266"
"82","ALIGN_RAMP","42225","-2","-10.986328125","-2","-2000","-5000000","14760","185599","185599","0","2902","1336","176"
"83","ALIGN_RAMP","42228","1","5.4931640625","3","3000","5000000","14940","185600","185600","0","2902","1336","86"
"84","ALIGN_RAMP","42227","0","0","-1","-1000","-4000000","15120","185601","185601","0","2902","1336","2151"
"85","ALIGN_RAMP","42222","-5","-27.4658203125","-5","-5000","-4000000","15300","185602","185602","0","2902","1336","2061"
"86","ALIGN_RAMP","42228","1","5.4931640625","6","6000","11000000","15480","185603","185603","0","2902","1336","1971"
"87","ALIGN_RAMP","42224","-3","-16.4794921875","-4","-4000","-10000000","15660","185604","185604","0","2902","1336","1881"
"88","ALIGN_RAMP","42228","1","5.4931640625","4","4000","8000000","15840","185605","185605","0","2902","1336","1791"
"89","ALIGN_RAMP","42225","-2","-10.986328125","-3","-3000","-7000000","16020","185606","185606","0","2902","1336","1701"
"90","ALIGN_RAMP","42225","-2","-10.986328125","0","0","3000000","16200","185607","185607","0","2902","1336","1611"
"91","ALIGN_RAMP","42226","-1","-5.4931640625","1","1000","1000000","16380","185608","185608","0","2902","1336","1521"
"92","ALIGN_RAMP","42225","-2","-10.986328125","-1","-1000","-2000000","16560","185609","185609","0","2902","1336","1431"
"93","ALIGN_RAMP","42227","0","0","2","2000","3000000","16740","185610","185610","0","2902","1336","1341"
"94","ALIGN_RAMP","42223","-4","-21.97265625","-4","-4000","-6000000","16920","185611","185611","0","2902","1336","1251"
"95","ALIGN_RAMP","42222","-5","-27.4658203125","-1","-1000","3000000","17100","185612","185612","0","2902","1336","1161"
"96","ALIGN_RAMP","42227","0","0","5","5000","6000000","17280","185613","185613","0","2902","1336","1071"
"97","ALIGN_RAMP","42226","-1","-5.4931640625","-1","-1000","-6000000","17460","185614","185614","0","2902","1336","981"
"98","ALIGN_RAMP","42225","-2","-10.986328125","-1","-1000","0","17640","185615","185615","0","2902","1336","891"
"99","ALIGN_RAMP","42224","-3","-16.4794921875","-1","-1000","0","17820","185616","185616","0","2902","1336","801"
"100","ALIGN_RAMP","42226","-1","-5.4931640625","2","2000","3000000","18000","185617","185617","0","2902","1336","711"
"101","ALIGN_RAMP","42224","-3","-16.4794921875","-2","-2000","-4000000","18180","185618","185618","0","2902","1336","621"
"102","ALIGN_RAMP","42224","-3","-16.4794921875","0","0","2000000","18360","185619","185619","0","2902","1336","531"
"103","ALIGN_RAMP","42224","-3","-16.4794921875","0","0","0","18540","185620","185620","0","2902","1336","441"
"104","ALIGN_RAMP","42224","-3","-16.4794921875","0","0","0","18720","185621","185621","0","2902","1336","351"
"105","ALIGN_RAMP","42222","-5","-27.4658203125","-2","-2000","-2000000","18900","185622","185622","0","2902","1336","261"
"106","ALIGN_RAMP","42224","-3","-16.4794921875","2","2000","4000000","19080","185623","185623","0","2902","1336","171"
"107","ALIGN_RAMP","42227","0","0","3","3000","1000000","19260","185624","185624","0","2902","1336","81"
"108","ALIGN_RAMP","42226","-1","-5.4931640625","-1","-1000","-4000000","19440","185625","185625","0","2902","1336","2146"
"109","ALIGN_RAMP","42224","-3","-16.4794921875","-2","-2000","-1000000","19620","185626","185626","0","2902","1336","2056"
"110","ALIGN_RAMP","42228","1","5.4931640625","4","4000","6000000","19800","185627","185627","0","2902","1336","1966"
"111","ALIGN_RAMP","42226","-1","-5.4931640625","-2","-2000","-6000000","19980","185628","185628","0","2902","1336","1876"
"112","ALIGN_RAMP","42225","-2","-10.986328125","-1","-1000","1000000","20160","185629","185629","0","2902","1336","1786"
"113","ALIGN_RAMP","42227","0","0","2","2000","3000000","20340","185630","185630","0","2902","1336","1696"
"114","ALIGN_RAMP","42222","-5","-27.4658203125","-5","-5000","-7000000","20520","185631","185631","0","2902","1336","1606"
"115","ALIGN_RAMP","42224","-3","-16.4794921875","2","2000","7000000","20700","185632","185632","0","2902","1336","1516"
"116","ALIGN_RAMP","42226","-1","-5.4931640625","2","2000","0","20880","185633","185633","0","2902","1336","1426"
"117","ALIGN_RAMP","42225","-2","-10.986328125","-1","-1000","-3000000","21060","185634","185634","0","2902","1336","1336"
"118","ALIGN_RAMP","42222","-5","-27.4658203125","-3","-3000","-2000000","21240","185635","185635","0","2902","1336","1246"
"119","ALIGN_RAMP","42221","-6","-32.958984375","-1","-1000","2000000","21420","185636","185636","0","2902","1336","1156"
"120","ALIGN_RAMP","42224","-3","-16.4794921875","3","3000","4000000","21600","185637","185637","0","2902","1336","1066"
"121","ALIGN_RAMP","42222","-5","-27.4658203125","-2","-2000","-5000000","21780","185638","185638","0","2902","1336","976"
"122","ALIGN_RAMP","42225","-2","-10.986328125","3","3000","5000000","21960","185639","185639","0","2902","1336","886"
"123","ALIGN_RAMP","42223","-4","-21.97265625","-2","-2000","-5000000","22140","185640","185640","0","2902","1336","796"
"124","ALIGN_RAMP","42223","-4","-21.97265625","0","0","2000000","22320","185641","185641","0","2902","1336","706"
"125","ALIGN_RAMP","42227","0","0","4","4000","4000000","22500","185642","185642","0","2902","1336","616"
"126","ALIGN_RAMP","42225","-2","-10.986328125","-2","-2000","-6000000","22680","185643","185643","0","2902","1336","526"
"127","ALIGN_RAMP","42224","-3","-16.4794921875","-1","-1000","1000000","22860","185644","185644","0","2902","1336","436"
"128","ALIGN_RAMP","42225","-2","-10.986328125","1","1000","2000000","23040","185645","185645","0","2902","1336","346"
"129","ALIGN_RAMP","42223","-4","-21.97265625","-2","-2000","-3000000","23220","185646","185646","0","2902","1336","256"
"130","ALIGN_RAMP","42226","-1","-5.4931640625","3","3000","5000000","23400","185647","185647","0","2902","1336","166"
"131","ALIGN_RAMP","42221","-6","-32.958984375","-5","-5000","-8000000","23580","185648","185648","0","2902","1336","76"
"132","ALIGN_RAMP","42225","-2","-10.986328125","4","4000","9000000","23760","185649","185649","0","2902","1336","2141"
"133","ALIGN_RAMP","42228","1","5.4931640625","3","3000","-1000000","23940","185650","185650","0","2902","1336","2051"
"134","ALIGN_RAMP","42223","-4","-21.97265625","-5","-5000","-8000000","24120","185651","185651","0","2902","1336","1961"
"135","ALIGN_RAMP","42223","-4","-21.97265625","0","0","5000000","24300","185652","185652","0","2902","1336","1871"
"136","ALIGN_RAMP","42226","-1","-5.4931640625","3","3000","3000000","24480","185653","185653","0","2902","1336","1781"
"137","ALIGN_RAMP","42224","-3","-16.4794921875","-2","-2000","-5000000","24660","185654","185654","0","2902","1336","1691"
"138","ALIGN_RAMP","42227","0","0","3","3000","5000000","24840","185655","185655","0","2902","1336","1601"
"139","ALIGN_RAMP","42223","-4","-21.97265625","-4","-4000","-7000000","25020","185656","185656","0","2902","1336","1511"
"140","ALIGN_RAMP","42221","-6","-32.958984375","-2","-2000","2000000","25200","185657","185657","0","2902","1336","1421"
"141","ALIGN_RAMP","42225","-2","-10.986328125","4","4000","6000000","25380","185658","185658","0","2902","1336","1331"
"142","ALIGN_RAMP","42222","-5","-27.4658203125","-3","-3000","-7000000","25560","185659","185659","0","2902","1336","1241"
"143","ALIGN_RAMP","42224","-3","-16.4794921875","2","2000","5000000","25740","185660","185660","0","2902","1336","1151"
"144","ALIGN_RAMP","42225","-2","-10.986328125","1","1000","-1000000","25920","185661","185661","0","2902","1336","1061"
"145","ALIGN_RAMP","42224","-3","-16.4794921875","-1","-1000","-2000000","26100","185662","185662","0","2902","1336","971"
"146","ALIGN_RAMP","42224","-3","-16.4794921875","0","0","1000000","26280","185663","185663","0","2902","1336","881"
"147","ALIGN_RAMP","42223","-4","-21.97265625","-1","-1000","-1000000","26460","185664","185664","0","2902","1336","791"
"148","ALIGN_RAMP","42223","-4","-21.97265625","0","0","1000000","26640","185665","185665","0","2902","1336","701"
"149","ALIGN_RAMP","42223","-4","-21.97265625","0","0","0","26820","185666","185666","0","2902","1336","611"
"150","ALIGN_RAMP","42225","-2","-10.986328125","2","2000","2000000","27000","185667","185667","0","2902","1336","521"
"151","ALIGN_RAMP","42224","-3","-16.4794921875","-1","-1000","-3000000","27180","185668","185668","0","2902","1336","431"
"152","ALIGN_RAMP","42224","-3","-16.4794921875","0","0","1000000","27360","185669","185669","0","2902","1336","341"
"153","ALIGN_RAMP","42225","-2","-10.986328125","1","1000","1000000","27540","185670","185670","0","2902","1336","251"
"154","ALIGN_RAMP","42227","0","0","2","2000","1000000","27720","185671","185671","0","2902","1336","161"
"155","ALIGN_RAMP","42226","-1","-5.4931640625","-1","-1000","-3000000","27900","185672","185672","0","2902","1336","71"
"156","ALIGN_RAMP","42224","-3","-16.4794921875","-2","-2000","-1000000","28080","185673","185673","0","2902","1336","2136"
"157","ALIGN_RAMP","42222","-5","-27.4658203125","-2","-2000","0","28260","185674","185674","0","2902","1336","2046"
"158","ALIGN_RAMP","42228","1","5.4931640625","6","6000","8000000","28440","185675","185675","0","2902","1336","1956"
"159","ALIGN_RAMP","42223","-4","-21.97265625","-5","-5000","-11000000","28620","185676","185676","0","2902","1336","1866"
"160","ALIGN_RAMP","42222","-5","-27.4658203125","-1","-1000","4000000","28800","185677","185677","0","2902","1336","1776"
"161","ALIGN_RAMP","42223","-4","-21.97265625","1","1000","2000000","28980","185678","185678","0","2902","1336","1686"
"162","ALIGN_RAMP","42222","-5","-27.4658203125","-1","-1000","-2000000","29160","185679","185679","0","2902","1336","1596"
"163","ALIGN_RAMP","42223","-4","-21.97265625","1","1000","2000000","29340","185680","185680","0","2902","1336","1506"
"164","ALIGN_RAMP","42227","0","0","4","4000","3000000","29520","185681","185681","0","2902","1336","1416"
"165","ALIGN_RAMP","42223","-4","-21.97265625","-4","-4000","-8000000","29700","185682","185682","0","2902","1336","1326"
"166","ALIGN_RAMP","42221","-6","-32.958984375","-2","-2000","2000000","29880","185683","185683","0","2902","1336","1236"
"167","ALIGN_RAMP","42226","-1","-5.4931640625","5","5000","7000000","30060","185684","185684","0","2902","1336","1146"
"168","ALIGN_RAMP","42222","-5","-27.4658203125","-4","-4000","-9000000","30240","185685","185685","0","2902","1336","1056"
"169","ALIGN_RAMP","42222","-5","-27.4658203125","0","0","4000000","30420","185686","185686","0","2902","1336","966"
"170","ALIGN_RAMP","42222","-5","-27.4658203125","0","0","0","30600","185687","185687","0","2902","1336","876"
"171","ALIGN_RAMP","42223","-4","-21.97265625","1","1000","1000000","30780","185688","185688","0","2902","1336","786"
"172","ALIGN_RAMP","42223","-4","-21.97265625","0","0","-1000000","30960","185689","185689","0","2902","1336","696"
"173","ALIGN_RAMP","42222","-5","-27.4658203125","-1","-1000","-1000000","31140","185690","185690","0","2902","1336","606"
"174","ALIGN_RAMP","42221","-6","-32.958984375","-1","-1000","0","31320","185691","185691","0","2902","1336","516"
"175","ALIGN_RAMP","42220","-7","-38.4521484375","-1","-1000","0","31500","185692","185692","0","2902","1336","426"
"176","ALIGN_RAMP","42226","-1","-5.4931640625","6","6000","7000000","31680","185693","185693","0","2902","1336","336"
"177","ALIGN_RAMP","42222","-5","-27.4658203125","-4","-4000","-10000000","31860","185694","185694","0","2902","1336","246"
"178","ALIGN_RAMP","42225","-2","-10.986328125","3","3000","7000000","32040","185695","185695","0","2902","1336","156"
"179","ALIGN_RAMP","42219","-8","-43.9453125","-6","-6000","-9000000","32220","185696","185696","0","2902","1336","66"
"180","ALIGN_RAMP","42223","-4","-21.97265625","4","4000","10000000","32400","185697","185697","0","2902","1336","2131"
"181","ALIGN_RAMP","42222","-5","-27.4658203125","-1","-1000","-5000000","32580","185698","185698","0","2902","1336","2041"
"182","ALIGN_RAMP","42221","-6","-32.958984375","-1","-1000","0","32760","185699","185699","0","2902","1336","1951"
"183","ALIGN_RAMP","42220","-7","-38.4521484375","-1","-1000","0","32940","185700","185700","0","2902","1336","1861"
"184","ALIGN_RAMP","42219","-8","-43.9453125","-1","-1000","0","33120","185701","185701","0","2902","1336","1771"
"185","ALIGN_RAMP","42219","-8","-43.9453125","0","0","1000000","33300","185702","185702","0","2902","1336","1681"
"186","ALIGN_RAMP","42221","-6","-32.958984375","2","2000","2000000","33480","185703","185703","0","2902","1336","1591"
"187","ALIGN_RAMP","42222","-5","-27.4658203125","1","1000","-1000000","33660","185704","185704","0","2902","1336","1501"
"188","ALIGN_RAMP","42220","-7","-38.4521484375","-2","-2000","-3000000","33840","185705","185705","0","2902","1336","1411"
"189","ALIGN_RAMP","42222","-5","-27.4658203125","2","2000","4000000","34020","185706","185706","0","2902","1336","1321"
"190","ALIGN_RAMP","42219","-8","-43.9453125","-3","-3000","-5000000","34200","185707","185707","0","2902","1336","1231"
"191","ALIGN_RAMP","42222","-5","-27.4658203125","3","3000","6000000","34380","185708","185708","0","2902","1336","1141"
"192","ALIGN_RAMP","42223","-4","-21.97265625","1","1000","-2000000","34560","185709","185709","0","2902","1336","1051"
"193","ALIGN_RAMP","42220","-7","-38.4521484375","-3","-3000","-4000000","34740","185710","185710","0","2902","1336","961"
"194","ALIGN_RAMP","42221","-6","-32.958984375","1","1000","4000000","34920","185711","185711","0","2902","1336","871"
"195","ALIGN_RAMP","42219","-8","-43.9453125","-2","-2000","-3000000","35100","185712","185712","0","2902","1336","781"
"196","ALIGN_RAMP","42220","-7","-38.4521484375","1","1000","3000000","35280","185713","185713","0","2902","1336","691"
"197","ALIGN_RAMP","42218","-9","-49.4384765625","-2","-2000","-3000000","35460","185714","185714","0","2902","1336","601"
"198","ALIGN_RAMP","42219","-8","-43.9453125","1","1000","3000000","35640","185715","185715","0","2902","1336","511"
"199","ALIGN_RAMP","42218","-9","-49.4384765625","-1","-1000","-2000000","35820","185716","185716","0","2902","1336","421"
"200","ALIGN_RAMP","42219","-8","-43.9453125","1","1000","2000000","36000","185717","185717","0","2902","1336","397"
"201","ALIGN_RAMP","42221","-6","-32.958984375","2","2000","1000000","36180","185718","185718","0","2902","1336","241"
"202","ALIGN_RAMP","42219","-8","-43.9453125","-2","-2000","-4000000","36360","185719","185719","0","2902","1336","151"
"203","ALIGN_RAMP","42218","-9","-49.4384765625","-1","-1000","1000000","36540","185720","185720","0","2902","1336","61"
"204","ALIGN_RAMP","42215","-12","-65.91796875","-3","-3000","-2000000","36720","185721","185721","0","2902","1336","2126"
"205","ALIGN_RAMP","42218","-9","-49.4384765625","3","3000","6000000","36900","185722","185722","0","2902","1336","2036"
"206","ALIGN_RAMP","42219","-8","-43.9453125","1","1000","-2000000","37080","185723","185723","0","2902","1336","1946"
"207","ALIGN_RAMP","42216","-11","-60.4248046875","-3","-3000","-4000000","37260","185724","185724","0","2902","1336","1856"
"208","ALIGN_RAMP","42215","-12","-65.91796875","-1","-1000","2000000","37440","185725","185725","0","2902","1336","1766"
"209","ALIGN_RAMP","42217","-10","-54.931640625","2","2000","3000000","37620","185726","185726","0","2902","1336","1676"
"210","ALIGN_RAMP","42214","-13","-71.4111328125","-3","-3000","-5000000","37800","185727","185727","0","2902","1336","1586"
"211","ALIGN_RAMP","42220","-7","-38.4521484375","6","6000","9000000","37980","185728","185728","0","2902","1336","1496"
"212","ALIGN_RAMP","42215","-12","-65.91796875","-5","-5000","-11000000","38160","185729","185729","0","2902","1336","1406"
"213","ALIGN_RAMP","42216","-11","-60.4248046875","1","1000","6000000","38340","185730","185730","0","2902","1336","1316"
"214","ALIGN_RAMP","42215","-12","-65.91796875","-1","-1000","-2000000","38520","185731","185731","0","2902","1336","1226"
"215","ALIGN_RAMP","42214","-13","-71.4111328125","-1","-1000","0","38700","185732","185732","0","2902","1336","1136"
"216","ALIGN_RAMP","42213","-14","-76.904296875","-1","-1000","0","38880","185733","185733","0","2902","1336","1046"
"217","ALIGN_RAMP","42217","-10","-54.931640625","4","4000","5000000","39060","185734","185734","0","2902","1336","956"
"218","ALIGN_RAMP","42216","-11","-60.4248046875","-1","-1000","-5000000","39240","185735","185735","0","2902","1336","866"
"219","ALIGN_RAMP","42214","-13","-71.4111328125","-2","-2000","-1000000","39420","185736","185736","0","2902","1336","776"
"220","ALIGN_RAMP","42213","-14","-76.904296875","-1","-1000","1000000","39600","185737","185737","0","2902","1336","686"
"221","ALIGN_RAMP","42214","-13","-71.4111328125","1","1000","2000000","39780","185738","185738","0","2902","1336","596"
"222","ALIGN_RAMP","42212","-15","-82.3974609375","-2","-2000","-3000000","39960","185739","185739","0","2902","1336","506"
"223","ALIGN_RAMP","42213","-14","-76.904296875","1","1000","3000000","40140","185740","185740","0","2902","1336","416"
"224","ALIGN_RAMP","42212","-15","-82.3974609375","-1","-1000","-2000000","40320","185741","185741","0","2902","1336","326"
"225","ALIGN_RAMP","42213","-14","-76.904296875","1","1000","2000000","40500","185742","185742","0","2902","1336","236"
"226","ALIGN_RAMP","42213","-14","-76.904296875","0","0","-1000000","40680","185743","185743","0","2902","1336","146"
"227","ALIGN_RAMP","42212","-15","-82.3974609375","-1","-1000","-1000000","40860","185744","185744","0","2902","1336","56"
"228","ALIGN_RAMP","42212","-15","-82.3974609375","0","0","1000000","41040","185745","185745","0","2902","1336","2121"
"229","ALIGN_RAMP","42211","-16","-87.890625","-1","-1000","-1000000","41220","185746","185746","0","2902","1336","2031"
"230","ALIGN_RAMP","42211","-16","-87.890625","0","0","1000000","41400","185747","185747","0","2902","1336","1941"
"231","ALIGN_RAMP","42212","-15","-82.3974609375","1","1000","1000000","41580","185748","185748","0","2902","1336","1851"
"232","ALIGN_RAMP","42211","-16","-87.890625","-1","-1000","-2000000","41760","185749","185749","0","2902","1336","1761"
"233","ALIGN_RAMP","42210","-17","-93.3837890625","-1","-1000","0","41940","185750","185750","0","2902","1336","1671"
"234","ALIGN_RAMP","42213","-14","-76.904296875","3","3000","4000000","42120","185751","185751","0","2902","1336","1581"
"235","ALIGN_RAMP","42212","-15","-82.3974609375","-1","-1000","-4000000","42300","185752","185752","0","2902","1336","1491"
"236","ALIGN_RAMP","42210","-17","-93.3837890625","-2","-2000","-1000000","42480","185753","185753","0","2902","1336","1401"
"237","ALIGN_RAMP","42209","-18","-98.876953125","-1","-1000","1000000","42660","185754","185754","0","2902","1336","1311"
"238","ALIGN_RAMP","42215","-12","-65.91796875","6","6000","7000000","42840","185755","185755","0","2902","1336","1221"
"239","ALIGN_RAMP","42210","-17","-93.3837890625","-5","-5000","-11000000","43020","185756","185756","0","2902","1336","1131"
"240","ALIGN_RAMP","42209","-18","-98.876953125","-1","-1000","4000000","43200","185757","185757","0","2902","1336","1041"
"241","ALIGN_RAMP","42212","-15","-82.3974609375","3","3000","4000000","43380","185758","185758","0","2902","1336","951"
"242","ALIGN_RAMP","42213","-14","-76.904296875","1","1000","-2000000","43560","185759","185759","0","2902","1336","861"
"243","ALIGN_RAMP","42210","-17","-93.3837890625","-3","-3000","-4000000","43740","185760","185760","0","2902","1336","771"
"244","ALIGN_RAMP","42212","-15","-82.3974609375","2","2000","5000000","43920","185761","185761","0","2902","1336","681"
"245","ALIGN_RAMP","42210","-17","-93.3837890625","-2","-2000","-4000000","44100","185762","185762","0","2902","1336","591"
"246","ALIGN_RAMP","42209","-18","-98.876953125","-1","-1000","1000000","44280","185763","185763","0","2902","1336","501"
"247","ALIGN_RAMP","42209","-18","-98.876953125","0","0","1000000","44460","185764","185764","0","2902","1336","411"
"248","ALIGN_RAMP","42212","-15","-82.3974609375","3","3000","3000000","44640","185765","185765","0","2902","1336","321"
"249","ALIGN_RAMP","42208","-19","-104.3701171875","-4","-4000","-7000000","44820","185766","185766","0","2902","1336","231"
"250","ALIGN_RAMP","42208","-19","-104.3701171875","0","0","4000000","45000","185767","185767","0","2902","1336","141"
"251","ALIGN_RAMP","42209","-18","-98.876953125","1","1000","1000000","45180","185768","185768","0","2902","1336","51"
"252","ALIGN_RAMP","42208","-19","-104.3701171875","-1","-1000","-2000000","45360","185769","185769","0","2902","1336","2116"
"253","ALIGN_RAMP","42205","-22","-120.849609375","-3","-3000","-2000000","45540","185770","185770","0","2902","1336","2026"
"254","ALIGN_RAMP","42209","-18","-98.876953125","4","4000","7000000","45720","185771","185771","0","2902","1336","1936"
"255","ALIGN_RAMP","42209","-18","-98.876953125","0","0","-4000000","45900","185772","185772","0","2902","1336","1846"
"256","ALIGN_RAMP","42208","-19","-104.3701171875","-1","-1000","-1000000","46080","185773","185773","0","2902","1336","1756"
"257","ALIGN_RAMP","42206","-21","-115.3564453125","-2","-2000","-1000000","46260","185774","185774","0","2902","1336","1666"
"258","ALIGN_RAMP","42208","-19","-104.3701171875","2","2000","4000000","46440","185775","185775","0","2902","1336","1576"
"259","ALIGN_RAMP","42208","-19","-104.3701171875","0","0","-2000000","46620","185776","185776","0","2902","1336","1486"
"260","ALIGN_RAMP","42207","-20","-109.86328125","-1","-1000","-1000000","46800","185777","185777","0","2902","1336","1396"
"261","ALIGN_RAMP","42206","-21","-115.3564453125","-1","-1000","0","46980","185778","185778","0","2902","1336","1306"
"262","ALIGN_RAMP","42206","-21","-115.3564453125","0","0","1000000","47160","185779","185779","0","2902","1336","1216"
"263","ALIGN_RAMP","42208","-19","-104.3701171875","2","2000","2000000","47340","185780","185780","0","2902","1336","1126"
"264","ALIGN_RAMP","42205","-22","-120.849609375","-3","-3000","-5000000","47520","185781","185781","0","2902","1336","1036"
"265","ALIGN_RAMP","42204","-23","-126.3427734375","-1","-1000","2000000","47700","185782","185782","0","2902","1336","946"
"266","ALIGN_RAMP","42206","-21","-115.3564453125","2","2000","3000000","47880","185783","185783","0","2902","1336","856"
"267","ALIGN_RAMP","42203","-24","-131.8359375","-3","-3000","-5000000","48060","185784","185784","0","2902","1336","766"
"268","ALIGN_RAMP","42204","-23","-126.3427734375","1","1000","4000000","48240","185785","185785","0","2902","1336","676"
"269","ALIGN_RAMP","42205","-22","-120.849609375","1","1000","0","48420","185786","185786","0","2902","1336","586"
"270","ALIGN_RAMP","42203","-24","-131.8359375","-2","-2000","-3000000","48600","185787","185787","0","2902","1336","496"
"271","ALIGN_RAMP","42206","-21","-115.3564453125","3","3000","5000000","48780","185788","185788","0","2902","1336","406"
"272","ALIGN_RAMP","42202","-25","-137.3291015625","-4","-4000","-7000000","48960","185789","185789","0","2902","1336","316"
"273","ALIGN_RAMP","42202","-25","-137.3291015625","0","0","4000000","49140","185790","185790","0","2902","1336","226"
"274","ALIGN_RAMP","42200","-27","-148.3154296875","-2","-2000","-2000000","49320","185791","185791","0","2902","1336","136"
"275","ALIGN_RAMP","42201","-26","-142.822265625","1","1000","3000000","49500","185792","185792","0","2902","1336","46"
"276","ALIGN_RAMP","42206","-21","-115.3564453125","5","5000","4000000","49680","185793","185793","0","2902","1336","2111"
"277","ALIGN_RAMP","42204","-23","-126.3427734375","-2","-2000","-7000000","49860","185794","185794","0","2902","1336","2021"
"278","ALIGN_RAMP","42202","-25","-137.3291015625","-2","-2000","0","50040","185795","185795","0","2902","1336","1931"
"279","ALIGN_RAMP","42203","-24","-131.8359375","1","1000","3000000","50220","185796","185796","0","2902","1336","1841"
"280","ALIGN_RAMP","42200","-27","-148.3154296875","-3","-3000","-4000000","50400","185797","185797","0","2902","1336","1751"
"281","ALIGN_RAMP","42204","-23","-126.3427734375","4","4000","7000000","50580","185798","185798","0","2902","1336","1661"
"282","ALIGN_RAMP","42203","-24","-131.8359375","-1","-1000","-5000000","50760","185799","185799","0","2902","1336","1571"
"283","ALIGN_RAMP","42203","-24","-131.8359375","0","0","1000000","50940","185800","185800","0","2902","1336","1481"
"284","ALIGN_RAMP","42202","-25","-137.3291015625","-1","-1000","-1000000","51120","185801","185801","0","2902","1336","1391"
"285","ALIGN_RAMP","42204","-23","-126.3427734375","2","2000","3000000","51300","185802","185802","0","2902","1336","1301"
"286","ALIGN_RAMP","42199","-28","-153.80859375","-5","-5000","-7000000","51480","185803","185803","0","2902","1336","1211"
"287","ALIGN_RAMP","42204","-23","-126.3427734375","5","5000","10000000","51660","185804","185804","0","2902","1336","1121"
"288","ALIGN_RAMP","42204","-23","-126.3427734375","0","0","-5000000","51840","185805","185805","0","2902","1336","1031"
"289","ALIGN_RAMP","42201","-26","-142.822265625","-3","-3000","-3000000","52020","185806","185806","0","2902","1336","941"
"290","ALIGN_RAMP","42202","-25","-137.3291015625","1","1000","4000000","52200","185807","185807","0","2902","1336","851"
"291","ALIGN_RAMP","42203","-24","-131.8359375","1","1000","0","52380","185808","185808","0","2902","1336","761"
"292","ALIGN_RAMP","42203","-24","-131.8359375","0","0","-1000000","52560","185809","185809","0","2902","1336","671"
"293","ALIGN_RAMP","42201","-26","-142.822265625","-2","-2000","-2000000","52740","185810","185810","0","2902","1336","581"
"294","ALIGN_RAMP","42203","-24","-131.8359375","2","2000","4000000","52920","185811","185811","0","2902","1336","491"
"295","ALIGN_RAMP","42200","-27","-148.3154296875","-3","-3000","-5000000","53100","185812","185812","0","2902","1336","401"
"296","ALIGN_RAMP","42202","-25","-137.3291015625","2","2000","5000000","53280","185813","185813","0","2902","1336","311"
"297","ALIGN_RAMP","42201","-26","-142.822265625","-1","-1000","-3000000","53460","185814","185814","0","2902","1336","221"
"298","ALIGN_RAMP","42199","-28","-153.80859375","-2","-2000","-1000000","53640","185815","185815","0","2902","1336","131"
"299","ALIGN_RAMP","42200","-27","-148.3154296875","1","1000","3000000","53820","185816","185816","0","2902","1336","41"
"300","ALIGN_RAMP","42195","-32","-175.78125","-5","-5000","-6000000","54000","185817","185817","0","2902","1336","2106"
"301","ALIGN_RAMP","42204","-23","-126.3427734375","9","9000","14000000","54180","185818","185818","0","2902","1336","2016"
"302","ALIGN_RAMP","42202","-25","-137.3291015625","-2","-2000","-11000000","54360","185819","185819","0","2902","1336","1926"
"303","ALIGN_RAMP","42199","-28","-153.80859375","-3","-3000","-1000000","54540","185820","185820","0","2902","1336","1836"
"304","ALIGN_RAMP","42198","-29","-159.3017578125","-1","-1000","2000000","54720","185821","185821","0","2902","1336","1746"
"305","ALIGN_RAMP","42199","-28","-153.80859375","1","1000","2000000","54900","185822","185822","0","2902","1336","1656"
"306","ALIGN_RAMP","42197","-30","-164.794921875","-2","-2000","-3000000","55080","185823","185823","0","2902","1336","1566"
"307","ALIGN_RAMP","42202","-25","-137.3291015625","5","5000","7000000","55260","185824","185824","0","2902","1336","1476"
"308","ALIGN_RAMP","42197","-30","-164.794921875","-5","-5000","-10000000","55440","185825","185825","0","2902","1336","1386"
"309","ALIGN_RAMP","42196","-31","-170.2880859375","-1","-1000","4000000","55620","185826","185826","0","2902","1336","1296"
"310","ALIGN_RAMP","42198","-29","-159.3017578125","2","2000","3000000","55800","185827","185827","0","2902","1336","1206"
"311","ALIGN_RAMP","42200","-27","-148.3154296875","2","2000","0","55980","185828","185828","0","2902","1336","1116"
"312","ALIGN_RAMP","42196","-31","-170.2880859375","-4","-4000","-6000000","56160","185829","185829","0","2902","1336","1026"
"313","ALIGN_RAMP","42197","-30","-164.794921875","1","1000","5000000","56340","185830","185830","0","2902","1336","936"
"314","ALIGN_RAMP","42198","-29","-159.3017578125","1","1000","0","56520","185831","185831","0","2902","1336","846"
"315","ALIGN_RAMP","42197","-30","-164.794921875","-1","-1000","-2000000","56700","185832","185832","0","2902","1336","756"
"316","ALIGN_RAMP","42198","-29","-159.3017578125","1","1000","2000000","56880","185833","185833","0","2902","1336","666"
"317","ALIGN_RAMP","42198","-29","-159.3017578125","0","0","-1000000","57060","185834","185834","0","2902","1336","576"
"318","ALIGN_RAMP","42195","-32","-175.78125","-3","-3000","-3000000","57240","185835","185835","0","2902","1336","486"
"319","ALIGN_RAMP","42201","-26","-142.822265625","6","6000","9000000","57420","185836","185836","0","2902","1336","396"
"320","ALIGN_RAMP","42193","-34","-186.767578125","-8","-8000","-14000000","57600","185837","185837","0","2902","1336","306"
"321","ALIGN_RAMP","42195","-32","-175.78125","2","2000","10000000","57780","185838","185838","0","2902","1336","216"
"322","ALIGN_RAMP","42197","-30","-164.794921875","2","2000","0","57960","185839","185839","0","2902","1336","126"
"323","ALIGN_RAMP","42193","-34","-186.767578125","-4","-4000","-6000000","58140","185840","185840","0","2902","1336","36"
"324","ALIGN_RAMP","42198","-29","-159.3017578125","5","5000","9000000","58320","185841","185841","0","2902","1336","2101"
"325","ALIGN_RAMP","42195","-32","-175.78125","-3","-3000","-8000000","58500","185842","185842","0","2902","1336","2011"
"326","ALIGN_RAMP","42193","-34","-186.767578125","-2","-2000","1000000","58680","185843","185843","0","2902","1336","1921"
"327","ALIGN_RAMP","42192","-35","-192.2607421875","-1","-1000","1000000","58860","185844","185844","0","2902","1336","1831"
"328","ALIGN_RAMP","42192","-35","-192.2607421875","0","0","1000000","59040","185845","185845","0","2902","1336","1741"
"329","ALIGN_RAMP","42193","-34","-186.767578125","1","1000","1000000","59220","185846","185846","0","2902","1336","1651"
"330","ALIGN_RAMP","42195","-32","-175.78125","2","2000","1000000","59400","185847","185847","0","2902","1336","1561"
"331","ALIGN_RAMP","42194","-33","-181.2744140625","-1","-1000","-3000000","59580","185848","185848","0","2902","1336","1471"
"332","ALIGN_RAMP","42191","-36","-197.75390625","-3","-3000","-2000000","59760","185849","185849","0","2902","1336","1381"
"333","ALIGN_RAMP","42189","-38","-208.740234375","-2","-2000","1000000","59940","185850","185850","0","2902","1336","1291"
"334","ALIGN_RAMP","42196","-31","-170.2880859375","7","7000","9000000","60120","185851","185851","0","2902","1336","1201"
"335","ALIGN_RAMP","42192","-35","-192.2607421875","-4","-4000","-11000000","60300","185852","185852","0","2902","1336","1111"
"336","ALIGN_RAMP","42196","-31","-170.2880859375","4","4000","8000000","60480","185853","185853","0","2902","1336","1021"
"337","ALIGN_RAMP","42193","-34","-186.767578125","-3","-3000","-7000000","60660","185854","185854","0","2902","1336","931"
"338","ALIGN_RAMP","42194","-33","-181.2744140625","1","1000","4000000","60840","185855","185855","0","2902","1336","841"
"339","ALIGN_RAMP","42192","-35","-192.2607421875","-2","-2000","-3000000","61020","185856","185856","0","2902","1336","751"
"340","ALIGN_RAMP","42192","-35","-192.2607421875","0","0","2000000","61200","185857","185857","0","2902","1336","661"
"341","ALIGN_RAMP","42189","-38","-208.740234375","-3","-3000","-3000000","61380","185858","185858","0","2902","1336","571"
"342","ALIGN_RAMP","42190","-37","-203.2470703125","1","1000","4000000","61560","185859","185859","0","2902","1336","481"
"343","ALIGN_RAMP","42193","-34","-186.767578125","3","3000","2000000","61740","185860","185860","0","2902","1336","391"
"344","ALIGN_RAMP","42191","-36","-197.75390625","-2","-2000","-5000000","61920","185861","185861","0","2902","1336","301"
"345","ALIGN_RAMP","42188","-39","-214.2333984375","-3","-3000","-1000000","62100","185862","185862","0","2902","1336","211"
"346","ALIGN_RAMP","42189","-38","-208.740234375","1","1000","4000000","62280","185863","185863","0","2902","1336","121"
"347","ALIGN_RAMP","42189","-38","-208.740234375","0","0","-1000000","62460","185864","185864","0","2902","1336","31"
"348","ALIGN_RAMP","42193","-34","-186.767578125","4","4000","4000000","62640","185865","185865","0","2902","1336","2096"
"349","ALIGN_RAMP","42188","-39","-214.2333984375","-5","-5000","-9000000","62820","185866","185866","0","2902","1336","2006"
"350","ALIGN_RAMP","42192","-35","-192.2607421875","4","4000","9000000","63000","185867","185867","0","2902","1336","1916"
"351","ALIGN_RAMP","42190","-37","-203.2470703125","-2","-2000","-6000000","63180","185868","185868","0","2902","1336","1826"
"352","ALIGN_RAMP","42190","-37","-203.2470703125","0","0","2000000","63360","185869","185869","0","2902","1336","1736"
"353","ALIGN_RAMP","42190","-37","-203.2470703125","0","0","0","63540","185870","185870","0","2902","1336","1646"
"354","ALIGN_RAMP","42190","-37","-203.2470703125","0","0","0","63720","185871","185871","0","2902","1336","1556"
"355","ALIGN_RAMP","42189","-38","-208.740234375","-1","-1000","-1000000","63900","185872","185872","0","2902","1336","1466"
"356","ALIGN_RAMP","42187","-40","-219.7265625","-2","-2000","-1000000","64080","185873","185873","0","2902","1336","1376"
"357","ALIGN_RAMP","42189","-38","-208.740234375","2","2000","4000000","64260","185874","185874","0","2902","1336","1286"
"358","ALIGN_RAMP","42187","-40","-219.7265625","-2","-2000","-4000000","64440","185875","185875","0","2902","1336","1196"
"359","ALIGN_RAMP","42187","-40","-219.7265625","0","0","2000000","64620","185876","185876","0","2902","1336","1106"
"360","ALIGN_RAMP","42189","-38","-208.740234375","2","2000","2000000","64800","185877","185877","0","2902","1336","1016"
"361","ALIGN_RAMP","42188","-39","-214.2333984375","-1","-1000","-3000000","64980","185878","185878","0","2902","1336","926"
"362","ALIGN_RAMP","42189","-38","-208.740234375","1","1000","2000000","65160","185879","185879","0","2902","1336","836"
"363","ALIGN_RAMP","42189","-38","-208.740234375","0","0","-1000000","65340","185880","185880","0","2902","1336","746"
"364","ALIGN_RAMP","42188","-39","-214.2333984375","-1","-1000","-1000000","65520","185881","185881","0","2902","1336","656"
"365","ALIGN_RAMP","42189","-38","-208.740234375","1","1000","2000000","65700","185882","185882","0","2902","1336","566"
"366","ALIGN_RAMP","42189","-38","-208.740234375","0","0","-1000000","65880","185883","185883","0","2902","1336","476"
"367","ALIGN_RAMP","42189","-38","-208.740234375","0","0","0","66060","185884","185884","0","2902","1336","386"
"368","ALIGN_RAMP","42187","-40","-219.7265625","-2","-2000","-2000000","66240","185885","185885","0","2902","1336","296"
"369","ALIGN_RAMP","42188","-39","-214.2333984375","1","1000","3000000","66420","185886","185886","0","2902","1336","206"
"370","ALIGN_RAMP","42190","-37","-203.2470703125","2","2000","1000000","66600","185887","185887","0","2902","1336","116"
"371","ALIGN_RAMP","42187","-40","-219.7265625","-3","-3000","-5000000","66780","185888","185888","0","2902","1336","26"
"372","ALIGN_RAMP","42189","-38","-208.740234375","2","2000","5000000","66960","185889","185889","0","2902","1336","2091"
"373","ALIGN_RAMP","42189","-38","-208.740234375","0","0","-2000000","67140","185890","185890","0","2902","1336","2001"
"374","ALIGN_RAMP","42184","-43","-236.2060546875","-5","-5000","-5000000","67320","185891","185891","0","2902","1336","1911"
"375","ALIGN_RAMP","42187","-40","-219.7265625","3","3000","8000000","67500","185892","185892","0","2902","1336","1821"
"376","ALIGN_RAMP","42185","-42","-230.712890625","-2","-2000","-5000000","67680","185893","185893","0","2902","1336","1731"
"377","ALIGN_RAMP","42186","-41","-225.2197265625","1","1000","3000000","67860","185894","185894","0","2902","1336","1641"
"378","ALIGN_RAMP","42186","-41","-225.2197265625","0","0","-1000000","68040","185895","185895","0","2902","1336","1551"
"379","ALIGN_RAMP","42188","-39","-214.2333984375","2","2000","2000000","68220","185896","185896","0","2902","1336","1461"
"380","ALIGN_RAMP","42185","-42","-230.712890625","-3","-3000","-5000000","68400","185897","185897","0","2902","1336","1371"
"381","ALIGN_RAMP","42190","-37","-203.2470703125","5","5000","8000000","68580","185898","185898","0","2902","1336","1281"
"382","ALIGN_RAMP","42187","-40","-219.7265625","-3","-3000","-8000000","68760","185899","185899","0","2902","1336","1191"
"383","ALIGN_RAMP","42189","-38","-208.740234375","2","2000","5000000","68940","185900","185900","0","2902","1336","1101"
"384","ALIGN_RAMP","42188","-39","-214.2333984375","-1","-1000","-3000000","69120","185901","185901","0","2902","1336","1011"
"385","ALIGN_RAMP","42187","-40","-219.7265625","-1","-1000","0","69300","185902","185902","0","2902","1336","921"
"386","ALIGN_RAMP","42188","-39","-214.2333984375","1","1000","2000000","69480","185903","185903","0","2902","1336","831"
"387","ALIGN_RAMP","42184","-43","-236.2060546875","-4","-4000","-5000000","69660","185904","185904","0","2902","1336","741"
"388","ALIGN_RAMP","42186","-41","-225.2197265625","2","2000","6000000","69840","185905","185905","0","2902","1336","651"
"389","ALIGN_RAMP","42186","-41","-225.2197265625","0","0","-2000000","70020","185906","185906","0","2902","1336","561"
"390","ALIGN_RAMP","42183","-44","-241.69921875","-3","-3000","-3000000","70200","185907","185907","0","2902","1336","471"
"391","ALIGN_RAMP","42189","-38","-208.740234375","6","6000","9000000","70380","185908","185908","0","2902","1336","381"
"392","ALIGN_RAMP","42188","-39","-214.2333984375","-1","-1000","-7000000","70560","185909","185909","0","2902","1336","291"
"393","ALIGN_RAMP","42188","-39","-214.2333984375","0","0","1000000","70740","185910","185910","0","2902","1336","201"
"394","ALIGN_RAMP","42183","-44","-241.69921875","-5","-5000","-5000000","70920","185911","185911","0","2902","1336","111"
"395","ALIGN_RAMP","42187","-40","-219.7265625","4","4000","9000000","71100","185912","185912","0","2902","1336","21"
"396","ALIGN_RAMP","42186","-41","-225.2197265625","-1","-1000","-5000000","71280","185913","185913","0","2902","1336","2086"
"397","ALIGN_RAMP","42184","-43","-236.2060546875","-2","-2000","-1000000","71460","185914","185914","0","2902","1336","1996"
"398","ALIGN_RAMP","42186","-41","-225.2197265625","2","2000","4000000","71640","185915","185915","0","2902","1336","1906"
"399","ALIGN_RAMP","42185","-42","-230.712890625","-1","-1000","-3000000","71820","185916","185916","0","2902","1336","1816"
"400","ALIGN_RAMP","42185","-42","-230.712890625","0","0","1000000","72000","185917","185917","0","2902","1336","1792"
"401","ALIGN_RAMP","42188","-39","-214.2333984375","3","3000","3000000","72180","185918","185918","0","2902","1336","1636"
"402","ALIGN_RAMP","42184","-43","-236.2060546875","-4","-4000","-7000000","72360","185919","185919","0","2902","1336","1546"
"403","ALIGN_RAMP","42184","-43","-236.2060546875","0","0","4000000","72540","185920","185920","0","2902","1336","1456"
"404","ALIGN_RAMP","42181","-46","-252.685546875","-3","-3000","-3000000","72720","185921","185921","0","2902","1336","1366"
"405","ALIGN_RAMP","42184","-43","-236.2060546875","3","3000","6000000","72900","185922","185922","0","2902","1336","1276"
"406","ALIGN_RAMP","42184","-43","-236.2060546875","0","0","-3000000","73080","185923","185923","0","2902","1336","1186"
"407","ALIGN_RAMP","42181","-46","-252.685546875","-3","-3000","-3000000","73260","185924","185924","0","2902","1336","1096"
"408","ALIGN_RAMP","42183","-44","-241.69921875","2","2000","5000000","73440","185925","185925","0","2902","1336","1006"
"409","ALIGN_RAMP","42183","-44","-241.69921875","0","0","-2000000","73620","185926","185926","0","2902","1336","916"
"410","ALIGN_RAMP","42185","-42","-230.712890625","2","2000","2000000","73800","185927","185927","0","2902","1336","826"
"411","ALIGN_RAMP","42188","-39","-214.2333984375","3","3000","1000000","73980","185928","185928","0","2902","1336","736"
"412","ALIGN_RAMP","42185","-42","-230.712890625","-3","-3000","-6000000","74160","185929","185929","0","2902","1336","646"
"413","ALIGN_RAMP","42183","-44","-241.69921875","-2","-2000","1000000","74340","185930","185930","0","2902","1336","556"
"414","ALIGN_RAMP","42180","-47","-258.1787109375","-3","-3000","-1000000","74520","185931","185931","0","2902","1336","466"
"415","ALIGN_RAMP","42179","-48","-263.671875","-1","-1000","2000000","74700","185932","185932","0","2902","1336","376"
"416","ALIGN_RAMP","42179","-48","-263.671875","0","0","1000000","74880","185933","185933","0","2902","1336","286"
"417","ALIGN_RAMP","42183","-44","-241.69921875","4","4000","4000000","75060","185934","185934","0","2902","1336","196"
"418","ALIGN_RAMP","42181","-46","-252.685546875","-2","-2000","-6000000","75240","185935","185935","0","2902","1336","106"
"419","ALIGN_RAMP","42183","-44","-241.69921875","2","2000","4000000","75420","185936","185936","0","2902","1336","16"
"420","ALIGN_RAMP","42179","-48","-263.671875","-4","-4000","-6000000","75600","185937","185937","0","2902","1336","2081"
"421","ALIGN_RAMP","42181","-46","-252.685546875","2","2000","6000000","75780","185938","185938","0","2902","1336","1991"
"422","ALIGN_RAMP","42182","-45","-247.1923828125","1","1000","-1000000","75960","185939","185939","0","2902","1336","1901"
"423","ALIGN_RAMP","42180","-47","-258.1787109375","-2","-2000","-3000000","76140","185940","185940","0","2902","1336","1811"
"424","ALIGN_RAMP","42178","-49","-269.1650390625","-2","-2000","0","76320","185941","185941","0","2902","1336","1721"
"425","ALIGN_RAMP","42186","-41","-225.2197265625","8","8000","10000000","76500","185942","185942","0","2902","1336","1631"
"426","ALIGN_RAMP","42182","-45","-247.1923828125","-4","-4000","-12000000","76680","185943","185943","0","2902","1336","1541"
"427","ALIGN_RAMP","42182","-45","-247.1923828125","0","0","4000000","76860","185944","185944","0","2902","1336","1451"
"428","ALIGN_RAMP","42183","-44","-241.69921875","1","1000","1000000","77040","185945","185945","0","2902","1336","1361"
"429","ALIGN_RAMP","42177","-50","-274.658203125","-6","-6000","-7000000","77220","185946","185946","0","2902","1336","1271"
"430","ALIGN_RAMP","42179","-48","-263.671875","2","2000","8000000","77400","185947","185947","0","2902","1336","1181"
"431","ALIGN_RAMP","42179","-48","-263.671875","0","0","-2000000","77580","185948","185948","0","2902","1336","1091"
"432","ALIGN_RAMP","42180","-47","-258.1787109375","1","1000","1000000","77760","185949","185949","0","2902","1336","1001"
"433","ALIGN_RAMP","42179","-48","-263.671875","-1","-1000","-2000000","77940","185950","185950","0","2902","1336","911"
"434","ALIGN_RAMP","42178","-49","-269.1650390625","-1","-1000","0","78120","185951","185951","0","2902","1336","821"
"435","ALIGN_RAMP","42179","-48","-263.671875","1","1000","2000000","78300","185952","185952","0","2902","1336","731"
"436","ALIGN_RAMP","42179","-48","-263.671875","0","0","-1000000","78480","185953","185953","0","2902","1336","641"
"437","ALIGN_RAMP","42178","-49","-269.1650390625","-1","-1000","-1000000","78660","185954","185954","0","2902","1336","551"
"438","ALIGN_RAMP","42181","-46","-252.685546875","3","3000","4000000","78840","185955","185955","0","2902","1336","461"
"439","ALIGN_RAMP","42179","-48","-263.671875","-2","-2000","-5000000","79020","185956","185956","0","2902","1336","371"
"440","ALIGN_RAMP","42178","-49","-269.1650390625","-1","-1000","1000000","79200","185957","185957","0","2902","1336","281"
"441","ALIGN_RAMP","42179","-48","-263.671875","1","1000","2000000","79380","185958","185958","0","2902","1336","191"
"442","ALIGN_RAMP","42176","-51","-280.1513671875","-3","-3000","-4000000","79560","185959","185959","0","2902","1336","101"
"443","ALIGN_RAMP","42180","-47","-258.1787109375","4","4000","7000000","79740","185960","185960","0","2902","1336","11"
"444","ALIGN_RAMP","42178","-49","-269.1650390625","-2","-2000","-6000000","79920","185961","185961","0","2902","1336","2076"
"445","ALIGN_RAMP","42180","-47","-258.1787109375","2","2000","4000000","80100","185962","185962","0","2902","1336","1986"
"446","ALIGN_RAMP","42177","-50","-274.658203125","-3","-3000","-5000000","80280","185963","185963","0","2902","1336","1896"
"447","ALIGN_RAMP","42175","-52","-285.64453125","-2","-2000","1000000","80460","185964","185964","0","2902","1336","1806"
"448","ALIGN_RAMP","42179","-48","-263.671875","4","4000","6000000","80640","185965","185965","0","2902","1336","1716"
"449","ALIGN_RAMP","42176","-51","-280.1513671875","-3","-3000","-7000000","80820","185966","185966","0","2902","1336","1626"
"450","ALIGN_RAMP","42174","-53","-291.1376953125","-2","-2000","1000000","81000","185967","185967","0","2902","1336","1536"
"451","ALIGN_RAMP","42172","-55","-302.1240234375","-2","-2000","0","81180","185968","185968","0","2902","1336","1446"
"452","ALIGN_RAMP","42174","-53","-291.1376953125","2","2000","4000000","81360","185969","185969","0","2902","1336","1356"
"453","ALIGN_RAMP","42176","-51","-280.1513671875","2","2000","0","81540","185970","185970","0","2902","1336","1266"
"454","ALIGN_RAMP","42177","-50","-274.658203125","1","1000","-1000000","81720","185971","185971","0","2902","1336","1176"
"455","ALIGN_RAMP","42177","-50","-274.658203125","0","0","-1000000","81900","185972","185972","0","2902","1336","1086"
"456","ALIGN_RAMP","42176","-51","-280.1513671875","-1","-1000","-1000000","82080","185973","185973","0","2902","1336","996"
"457","ALIGN_RAMP","42176","-51","-280.1513671875","0","0","1000000","82260","185974","185974","0","2902","1336","906"
"458","ALIGN_RAMP","42172","-55","-302.1240234375","-4","-4000","-4000000","82440","185975","185975","0","2902","1336","816"
"459","ALIGN_RAMP","42177","-50","-274.658203125","5","5000","9000000","82620","185976","185976","0","2902","1336","726"
"460","ALIGN_RAMP","42174","-53","-291.1376953125","-3","-3000","-8000000","82800","185977","185977","0","2902","1336","636"
"461","ALIGN_RAMP","42174","-53","-291.1376953125","0","0","3000000","82980","185978","185978","0","2902","1336","546"
"462","ALIGN_RAMP","42176","-51","-280.1513671875","2","2000","2000000","83160","185979","185979","0","2902","1336","456"
"463","ALIGN_RAMP","42174","-53","-291.1376953125","-2","-2000","-4000000","83340","185980","185980","0","2902","1336","366"
"464","ALIGN_RAMP","42176","-51","-280.1513671875","2","2000","4000000","83520","185981","185981","0","2902","1336","276"
"465","ALIGN_RAMP","42175","-52","-285.64453125","-1","-1000","-3000000","83700","185982","185982","0","2902","1336","186"
"466","ALIGN_RAMP","42174","-53","-291.1376953125","-1","-1000","0","83880","185983","185983","0","2902","1336","96"
"467","ALIGN_RAMP","42175","-52","-285.64453125","1","1000","2000000","84060","185984","185984","0","2902","1336","6"
"468","ALIGN_RAMP","42176","-51","-280.1513671875","1","1000","0","84240","185985","185985","0","2902","1336","2071"
"469","ALIGN_RAMP","42175","-52","-285.64453125","-1","-1000","-2000000","84420","185986","185986","0","2902","1336","1981"
"470","ALIGN_RAMP","42174","-53","-291.1376953125","-1","-1000","0","84600","185987","185987","0","2902","1336","1891"
"471","ALIGN_RAMP","42174","-53","-291.1376953125","0","0","1000000","84780","185988","185988","0","2902","1336","1801"
"472","ALIGN_RAMP","42173","-54","-296.630859375","-1","-1000","-1000000","84960","185989","185989","0","2902","1336","1711"
"473","ALIGN_RAMP","42170","-57","-313.1103515625","-3","-3000","-2000000","85140","185990","185990","0","2902","1336","1621"
"474","ALIGN_RAMP","42171","-56","-307.6171875","1","1000","4000000","85320","185991","185991","0","2902","1336","1531"
"475","ALIGN_RAMP","42173","-54","-296.630859375","2","2000","1000000","85500","185992","185992","0","2902","1336","1441"
"476","ALIGN_RAMP","42173","-54","-296.630859375","0","0","-2000000","85680","185993","185993","0","2902","1336","1351"
"477","ALIGN_RAMP","42174","-53","-291.1376953125","1","1000","1000000","85860","185994","185994","0","2902","1336","1261"
"478","ALIGN_RAMP","42171","-56","-307.6171875","-3","-3000","-4000000","86040","185995","185995","0","2902","1336","1171"
"479","ALIGN_RAMP","42168","-59","-324.0966796875","-3","-3000","0","86220","185996","185996","0","2902","1336","1081"
"480","ALIGN_RAMP","42172","-55","-302.1240234375","4","4000","7000000","86400","185997","185997","0","2902","1336","991"
"481","ALIGN_RAMP","42170","-57","-313.1103515625","-2","-2000","-6000000","86580","185998","185998","0","2902","1336","901"
"482","ALIGN_RAMP","42169","-58","-318.603515625","-1","-1000","1000000","86760","185999","185999","0","2902","1336","811"
"483","ALIGN_RAMP","42167","-60","-329.58984375","-2","-2000","-1000000","86940","186000","186000","0","2902","1336","721"
"484","ALIGN_RAMP","42171","-56","-307.6171875","4","4000","6000000","87120","186001","186001","0","2902","1336","631"
"485","ALIGN_RAMP","42168","-59","-324.0966796875","-3","-3000","-7000000","87300","186002","186002","0","2902","1336","541"
"486","ALIGN_RAMP","42169","-58","-318.603515625","1","1000","4000000","87480","186003","186003","0","2902","1336","451"
"487","ALIGN_RAMP","42168","-59","-324.0966796875","-1","-1000","-2000000","87660","186004","186004","0","2902","1336","361"
"488","ALIGN_RAMP","42167","-60","-329.58984375","-1","-1000","0","87840","186005","186005","0","2902","1336","271"
"489","ALIGN_RAMP","42172","-55","-302.1240234375","5","5000","6000000","88020","186006","186006","0","2902","1336","181"
"490","ALIGN_RAMP","42169","-58","-318.603515625","-3","-3000","-8000000","88200","186007","186007","0","2902","1336","91"
"491","ALIGN_RAMP","42172","-55","-302.1240234375","3","3000","6000000","88380","186008","186008","0","2902","1336","1"
"492","ALIGN_RAMP","42168","-59","-324.0966796875","-4","-4000","-7000000","88560","186009","186009","0","2902","1336","2066"
"493","ALIGN_RAMP","42172","-55","-302.1240234375","4","4000","8000000","88740","186010","186010","0","2902","1336","1976"
"494","ALIGN_RAMP","42171","-56","-307.6171875","-1","-1000","-5000000","88920","186011","186011","0","2902","1336","1886"
"495","ALIGN_RAMP","42169","-58","-318.603515625","-2","-2000","-1000000","89100","186012","186012","0","2902","1336","1796"
"496","ALIGN_RAMP","42166","-61","-335.0830078125","-3","-3000","-1000000","89280","186013","186013","0","2902","1336","1706"
"497","ALIGN_RAMP","42165","-62","-340.576171875","-1","-1000","2000000","89460","186014","186014","0","2902","1336","1616"
"498","ALIGN_RAMP","42166","-61","-335.0830078125","1","1000","2000000","89640","186015","186015","0","2902","1336","1526"
"499","ALIGN_RAMP","42171","-56","-307.6171875","5","5000","4000000","89820","186016","186016","0","2902","1336","1436"
"500","ALIGN_RAMP","42170","-57","-313.1103515625","-1","-1000","-6000000","90000","186017","186017","0","2903","1336","1346"
"501","ALIGN_HOLD","42168","-59","-324.0966796875","-2","-2000","-1000000","90000","186018","186018","0","2903","1336","1256"
"502","ALIGN_HOLD","42167","-60","-329.58984375","-1","-1000","1000000","90000","186019","186019","0","2903","1336","1166"
"503","ALIGN_HOLD","42167","-60","-329.58984375","0","0","1000000","90000","186020","186020","0","2903","1336","1076"
"504","ALIGN_HOLD","42166","-61","-335.0830078125","-1","-1000","-1000000","90000","186021","186021","0","2903","1336","986"
"505","ALIGN_HOLD","42167","-60","-329.58984375","1","1000","2000000","90000","186022","186022","0","2903","1336","896"
"506","ALIGN_HOLD","42167","-60","-329.58984375","0","0","-1000000","90000","186023","186023","0","2903","1336","806"
"507","ALIGN_HOLD","42164","-63","-346.0693359375","-3","-3000","-3000000","90000","186024","186024","0","2903","1336","716"
"508","ALIGN_HOLD","42167","-60","-329.58984375","3","3000","6000000","90000","186025","186025","0","2903","1336","626"
"509","ALIGN_HOLD","42167","-60","-329.58984375","0","0","-3000000","90000","186026","186026","0","2903","1336","536"
"510","ALIGN_HOLD","42166","-61","-335.0830078125","-1","-1000","-1000000","90000","186027","186027","0","2903","1336","446"
"511","ALIGN_HOLD","42170","-57","-313.1103515625","4","4000","5000000","90000","186028","186028","0","2903","1336","356"
"512","ALIGN_HOLD","42166","-61","-335.0830078125","-4","-4000","-8000000","90000","186029","186029","0","2903","1336","266"
"513","ALIGN_HOLD","42170","-57","-313.1103515625","4","4000","8000000","90000","186030","186030","0","2903","1336","176"
"514","ALIGN_HOLD","42162","-65","-357.0556640625","-8","-8000","-12000000","90000","186031","186031","0","2903","1336","86"
"515","ALIGN_HOLD","42166","-61","-335.0830078125","4","4000","12000000","90000","186032","186032","0","2903","1336","2151"
"516","ALIGN_HOLD","42163","-64","-351.5625","-3","-3000","-7000000","90000","186033","186033","0","2903","1336","2061"
"517","ALIGN_HOLD","42164","-63","-346.0693359375","1","1000","4000000","90000","186034","186034","0","2903","1336","1971"
"518","ALIGN_HOLD","42162","-65","-357.0556640625","-2","-2000","-3000000","90000","186035","186035","0","2903","1336","1881"
"519","ALIGN_HOLD","42165","-62","-340.576171875","3","3000","5000000","90000","186036","186036","0","2903","1336","1791"
"520","ALIGN_HOLD","42166","-61","-335.0830078125","1","1000","-2000000","90000","186037","186037","0","2903","1336","1701"
"521","ALIGN_HOLD","42168","-59","-324.0966796875","2","2000","1000000","90000","186038","186038","0","2903","1336","1611"
"522","ALIGN_HOLD","42163","-64","-351.5625","-5","-5000","-7000000","90000","186039","186039","0","2903","1336","1521"
"523","ALIGN_HOLD","42167","-60","-329.58984375","4","4000","9000000","90000","186040","186040","0","2903","1336","1431"
"524","ALIGN_HOLD","42167","-60","-329.58984375","0","0","-4000000","90000","186041","186041","0","2903","1336","1341"
"525","ALIGN_HOLD","42163","-64","-351.5625","-4","-4000","-4000000","90000","186042","186042","0","2903","1336","1251"
"526","ALIGN_HOLD","42166","-61","-335.0830078125","3","3000","7000000","90000","186043","186043","0","2903","1336","1161"
"527","ALIGN_HOLD","42168","-59","-324.0966796875","2","2000","-1000000","90000","186044","186044","0","2903","1336","1071"
"528","ALIGN_HOLD","42164","-63","-346.0693359375","-4","-4000","-6000000","90000","186045","186045","0","2903","1336","981"
"529","ALIGN_HOLD","42170","-57","-313.1103515625","6","6000","10000000","90000","186046","186046","0","2903","1336","891"
"530","ALIGN_HOLD","42166","-61","-335.0830078125","-4","-4000","-10000000","90000","186047","186047","0","2903","1336","801"
"531","ALIGN_HOLD","42163","-64","-351.5625","-3","-3000","1000000","90000","186048","186048","0","2903","1336","711"
"532","ALIGN_HOLD","42164","-63","-346.0693359375","1","1000","4000000","90000","186049","186049","0","2903","1336","621"
"533","ALIGN_HOLD","42167","-60","-329.58984375","3","3000","2000000","90000","186050","186050","0","2903","1336","531"
"534","ALIGN_HOLD","42167","-60","-329.58984375","0","0","-3000000","90000","186051","186051","0","2903","1336","441"
"535","ALIGN_HOLD","42168","-59","-324.0966796875","1","1000","1000000","90000","186052","186052","0","2903","1336","351"
"536","ALIGN_HOLD","42165","-62","-340.576171875","-3","-3000","-4000000","90000","186053","186053","0","2903","1336","261"
"537","ALIGN_HOLD","42164","-63","-346.0693359375","-1","-1000","2000000","90000","186054","186054","0","2903","1336","171"
"538","ALIGN_HOLD","42164","-63","-346.0693359375","0","0","1000000","90000","186055","186055","0","2903","1336","81"
"539","ALIGN_HOLD","42164","-63","-346.0693359375","0","0","0","90000","186056","186056","0","2903","1336","2146"
"540","ALIGN_HOLD","42164","-63","-346.0693359375","0","0","0","90000","186057","186057","0","2903","1336","2056"
"541","ALIGN_HOLD","42166","-61","-335.0830078125","2","2000","2000000","90000","186058","186058","0","2903","1336","1966"
"542","ALIGN_HOLD","42169","-58","-318.603515625","3","3000","1000000","90000","186059","186059","0","2903","1336","1876"
"543","ALIGN_HOLD","42166","-61","-335.0830078125","-3","-3000","-6000000","90000","186060","186060","0","2903","1336","1786"
"544","ALIGN_HOLD","42164","-63","-346.0693359375","-2","-2000","1000000","90000","186061","186061","0","2903","1336","1696"
"545","ALIGN_HOLD","42166","-61","-335.0830078125","2","2000","4000000","90000","186062","186062","0","2903","1336","1606"
"546","ALIGN_HOLD","42169","-58","-318.603515625","3","3000","1000000","90000","186063","186063","0","2903","1336","1516"
"547","ALIGN_HOLD","42163","-64","-351.5625","-6","-6000","-9000000","90000","186064","186064","0","2903","1336","1426"
"548","ALIGN_HOLD","42164","-63","-346.0693359375","1","1000","7000000","90000","186065","186065","0","2903","1336","1336"
"549","ALIGN_HOLD","42165","-62","-340.576171875","1","1000","0","90000","186066","186066","0","2903","1336","1246"
"550","ALIGN_HOLD","42168","-59","-324.0966796875","3","3000","2000000","90000","186067","186067","0","2903","1336","1156"
"551","ALIGN_HOLD","42165","-62","-340.576171875","-3","-3000","-6000000","90000","186068","186068","0","2903","1336","1066"
"552","ALIGN_HOLD","42168","-59","-324.0966796875","3","3000","6000000","90000","186069","186069","0","2903","1336","976"
"553","ALIGN_HOLD","42166","-61","-335.0830078125","-2","-2000","-5000000","90000","186070","186070","0","2903","1336","886"
"554","ALIGN_HOLD","42164","-63","-346.0693359375","-2","-2000","0","90000","186071","186071","0","2903","1336","796"
"555","ALIGN_HOLD","42166","-61","-335.0830078125","2","2000","4000000","90000","186072","186072","0","2903","1336","706"
"556","ALIGN_HOLD","42166","-61","-335.0830078125","0","0","-2000000","90000","186073","186073","0","2903","1336","616"
"557","ALIGN_HOLD","42165","-62","-340.576171875","-1","-1000","-1000000","90000","186074","186074","0","2903","1336","526"
"558","ALIGN_HOLD","42166","-61","-335.0830078125","1","1000","2000000","90000","186075","186075","0","2903","1336","436"
"559","ALIGN_HOLD","42167","-60","-329.58984375","1","1000","0","90000","186076","186076","0","2903","1336","346"
"560","ALIGN_HOLD","42168","-59","-324.0966796875","1","1000","0","90000","186077","186077","0","2903","1336","256"
"561","ALIGN_HOLD","42168","-59","-324.0966796875","0","0","-1000000","90000","186078","186078","0","2903","1336","166"
"562","ALIGN_HOLD","42167","-60","-329.58984375","-1","-1000","-1000000","90000","186079","186079","0","2903","1336","76"
"563","ALIGN_HOLD","42163","-64","-351.5625","-4","-4000","-3000000","90000","186080","186080","0","2903","1336","2141"
"564","ALIGN_HOLD","42163","-64","-351.5625","0","0","4000000","90000","186081","186081","0","2903","1336","2051"
"565","ALIGN_HOLD","42164","-63","-346.0693359375","1","1000","1000000","90000","186082","186082","0","2903","1336","1961"
"566","ALIGN_HOLD","42163","-64","-351.5625","-1","-1000","-2000000","90000","186083","186083","0","2903","1336","1871"
"567","ALIGN_HOLD","42168","-59","-324.0966796875","5","5000","6000000","90000","186084","186084","0","2903","1336","1781"
"568","ALIGN_HOLD","42165","-62","-340.576171875","-3","-3000","-8000000","90000","186085","186085","0","2903","1336","1691"
"569","ALIGN_HOLD","42163","-64","-351.5625","-2","-2000","1000000","90000","186086","186086","0","2903","1336","1601"
"570","ALIGN_HOLD","42164","-63","-346.0693359375","1","1000","3000000","90000","186087","186087","0","2903","1336","1511"
"571","ALIGN_HOLD","42167","-60","-329.58984375","3","3000","2000000","90000","186088","186088","0","2903","1336","1421"
"572","ALIGN_HOLD","42168","-59","-324.0966796875","1","1000","-2000000","90000","186089","186089","0","2903","1336","1331"
"573","ALIGN_HOLD","42164","-63","-346.0693359375","-4","-4000","-5000000","90000","186090","186090","0","2903","1336","1241"
"574","ALIGN_HOLD","42164","-63","-346.0693359375","0","0","4000000","90000","186091","186091","0","2903","1336","1151"
"575","ALIGN_HOLD","42165","-62","-340.576171875","1","1000","1000000","90000","186092","186092","0","2903","1336","1061"
"576","ALIGN_HOLD","42168","-59","-324.0966796875","3","3000","2000000","90000","186093","186093","0","2903","1336","971"
"577","ALIGN_HOLD","42165","-62","-340.576171875","-3","-3000","-6000000","90000","186094","186094","0","2903","1336","881"
"578","ALIGN_HOLD","42165","-62","-340.576171875","0","0","3000000","90000","186095","186095","0","2903","1336","791"
"579","ALIGN_HOLD","42166","-61","-335.0830078125","1","1000","1000000","90000","186096","186096","0","2903","1336","701"
"580","ALIGN_HOLD","42169","-58","-318.603515625","3","3000","2000000","90000","186097","186097","0","2903","1336","611"
"581","ALIGN_HOLD","42164","-63","-346.0693359375","-5","-5000","-8000000","90000","186098","186098","0","2903","1336","521"
"582","ALIGN_HOLD","42167","-60","-329.58984375","3","3000","8000000","90000","186099","186099","0","2903","1336","431"
"583","ALIGN_HOLD","42165","-62","-340.576171875","-2","-2000","-5000000","90000","186100","186100","0","2903","1336","341"
"584","ALIGN_HOLD","42166","-61","-335.0830078125","1","1000","3000000","90000","186101","186101","0","2903","1336","251"
"585","ALIGN_HOLD","42164","-63","-346.0693359375","-2","-2000","-3000000","90000","186102","186102","0","2903","1336","161"
"586","ALIGN_HOLD","42166","-61","-335.0830078125","2","2000","4000000","90000","186103","186103","0","2903","1336","71"
"587","ALIGN_HOLD","42163","-64","-351.5625","-3","-3000","-5000000","90000","186104","186104","0","2903","1336","2136"
"588","ALIGN_HOLD","42169","-58","-318.603515625","6","6000","9000000","90000","186105","186105","0","2903","1336","2046"
"589","ALIGN_HOLD","42164","-63","-346.0693359375","-5","-5000","-11000000","90000","186106","186106","0","2903","1336","1956"
"590","ALIGN_HOLD","42167","-60","-329.58984375","3","3000","8000000","90000","186107","186107","0","2903","1336","1866"
"591","ALIGN_HOLD","42163","-64","-351.5625","-4","-4000","-7000000","90000","186108","186108","0","2903","1336","1776"
"592","ALIGN_HOLD","42166","-61","-335.0830078125","3","3000","7000000","90000","186109","186109","0","2903","1336","1686"
"593","ALIGN_HOLD","42164","-63","-346.0693359375","-2","-2000","-5000000","90000","186110","186110","0","2903","1336","1596"
"594","ALIGN_HOLD","42167","-60","-329.58984375","3","3000","5000000","90000","186111","186111","0","2903","1336","1506"
"595","ALIGN_HOLD","42169","-58","-318.603515625","2","2000","-1000000","90000","186112","186112","0","2903","1336","1416"
"596","ALIGN_HOLD","42164","-63","-346.0693359375","-5","-5000","-7000000","90000","186113","186113","0","2903","1336","1326"
"597","ALIGN_HOLD","42166","-61","-335.0830078125","2","2000","7000000","90000","186114","186114","0","2903","1336","1236"
"598","ALIGN_HOLD","42165","-62","-340.576171875","-1","-1000","-3000000","90000","186115","186115","0","2903","1336","1146"
"599","ALIGN_HOLD","42166","-61","-335.0830078125","1","1000","2000000","90000","186116","186116","0","2903","1336","1056"
"600","ALIGN_HOLD","42168","-59","-324.0966796875","2","2000","1000000","90000","186117","186117","0","2903","1336","1032"
"601","ALIGN_HOLD","42168","-59","-324.0966796875","0","0","-2000000","90000","186118","186118","0","2903","1336","876"
"602","ALIGN_HOLD","42168","-59","-324.0966796875","0","0","0","90000","186119","186119","0","2903","1336","786"
"603","ALIGN_HOLD","42167","-60","-329.58984375","-1","-1000","-1000000","90000","186120","186120","0","2903","1336","696"
"604","ALIGN_HOLD","42165","-62","-340.576171875","-2","-2000","-1000000","90000","186121","186121","0","2903","1336","606"
"605","ALIGN_HOLD","42165","-62","-340.576171875","0","0","2000000","90000","186122","186122","0","2903","1336","516"
"606","ALIGN_HOLD","42166","-61","-335.0830078125","1","1000","1000000","90000","186123","186123","0","2903","1336","426"
"607","ALIGN_HOLD","42164","-63","-346.0693359375","-2","-2000","-3000000","90000","186124","186124","0","2903","1336","336"
"608","ALIGN_HOLD","42163","-64","-351.5625","-1","-1000","1000000","90000","186125","186125","0","2903","1336","246"
"609","ALIGN_HOLD","42165","-62","-340.576171875","2","2000","3000000","90000","186126","186126","0","2903","1336","156"
"610","ALIGN_HOLD","42167","-60","-329.58984375","2","2000","0","90000","186127","186127","0","2903","1336","66"
"611","ALIGN_HOLD","42163","-64","-351.5625","-4","-4000","-6000000","90000","186128","186128","0","2903","1336","2131"
"612","ALIGN_HOLD","42166","-61","-335.0830078125","3","3000","7000000","90000","186129","186129","0","2903","1336","2041"
"613","ALIGN_HOLD","42168","-59","-324.0966796875","2","2000","-1000000","90000","186130","186130","0","2903","1336","1951"
"614","ALIGN_HOLD","42167","-60","-329.58984375","-1","-1000","-3000000","90000","186131","186131","0","2903","1336","1861"
"615","ALIGN_HOLD","42166","-61","-335.0830078125","-1","-1000","0","90000","186132","186132","0","2903","1336","1771"
"616","ALIGN_HOLD","42165","-62","-340.576171875","-1","-1000","0","90000","186133","186133","0","2903","1336","1681"
"617","ALIGN_HOLD","42166","-61","-335.0830078125","1","1000","2000000","90000","186134","186134","0","2903","1336","1591"
"618","ALIGN_HOLD","42166","-61","-335.0830078125","0","0","-1000000","90000","186135","186135","0","2903","1336","1501"
"619","ALIGN_HOLD","42166","-61","-335.0830078125","0","0","0","90000","186136","186136","0","2903","1336","1411"
"620","ALIGN_HOLD","42166","-61","-335.0830078125","0","0","0","90000","186137","186137","0","2903","1336","1321"
"621","ALIGN_HOLD","42166","-61","-335.0830078125","0","0","0","90000","186138","186138","0","2903","1336","1231"
"622","ALIGN_HOLD","42167","-60","-329.58984375","1","1000","1000000","90000","186139","186139","0","2903","1336","1141"
"623","ALIGN_HOLD","42166","-61","-335.0830078125","-1","-1000","-2000000","90000","186140","186140","0","2903","1336","1051"
"624","ALIGN_HOLD","42165","-62","-340.576171875","-1","-1000","0","90000","186141","186141","0","2903","1336","961"
"625","ALIGN_HOLD","42166","-61","-335.0830078125","1","1000","2000000","90000","186142","186142","0","2903","1336","871"
"626","ALIGN_HOLD","42167","-60","-329.58984375","1","1000","0","90000","186143","186143","0","2903","1336","781"
"627","ALIGN_HOLD","42163","-64","-351.5625","-4","-4000","-5000000","90000","186144","186144","0","2903","1336","691"
"628","ALIGN_HOLD","42168","-59","-324.0966796875","5","5000","9000000","90000","186145","186145","0","2903","1336","601"
"629","ALIGN_HOLD","42166","-61","-335.0830078125","-2","-2000","-7000000","90000","186146","186146","0","2903","1336","511"
"630","ALIGN_HOLD","42164","-63","-346.0693359375","-2","-2000","0","90000","186147","186147","0","2903","1336","421"
"631","ALIGN_HOLD","42165","-62","-340.576171875","1","1000","3000000","90000","186148","186148","0","2903","1336","331"
"632","ALIGN_HOLD","42167","-60","-329.58984375","2","2000","1000000","90000","186149","186149","0","2903","1336","241"
"633","ALIGN_HOLD","42169","-58","-318.603515625","2","2000","0","90000","186150","186150","0","2903","1336","151"
"634","ALIGN_HOLD","42165","-62","-340.576171875","-4","-4000","-6000000","90000","186151","186151","0","2903","1336","61"
"635","ALIGN_HOLD","42163","-64","-351.5625","-2","-2000","2000000","90000","186152","186152","0","2903","1336","2126"
"636","ALIGN_HOLD","42164","-63","-346.0693359375","1","1000","3000000","90000","186153","186153","0","2903","1336","2036"
"637","ALIGN_HOLD","42169","-58","-318.603515625","5","5000","4000000","90000","186154","186154","0","2903","1336","1946"
"638","ALIGN_HOLD","42167","-60","-329.58984375","-2","-2000","-7000000","90000","186155","186155","0","2903","1336","1856"
"639","ALIGN_HOLD","42163","-64","-351.5625","-4","-4000","-2000000","90000","186156","186156","0","2903","1336","1766"
"640","ALIGN_HOLD","42164","-63","-346.0693359375","1","1000","5000000","90000","186157","186157","0","2903","1336","1676"
"641","ALIGN_HOLD","42168","-59","-324.0966796875","4","4000","3000000","90000","186158","186158","0","2903","1336","1586"
"642","ALIGN_HOLD","42165","-62","-340.576171875","-3","-3000","-7000000","90000","186159","186159","0","2903","1336","1496"
"643","ALIGN_HOLD","42167","-60","-329.58984375","2","2000","5000000","90000","186160","186160","0","2903","1336","1406"
"644","ALIGN_HOLD","42166","-61","-335.0830078125","-1","-1000","-3000000","90000","186161","186161","0","2903","1336","1316"
"645","ALIGN_HOLD","42166","-61","-335.0830078125","0","0","1000000","90000","186162","186162","0","2903","1336","1226"
"646","ALIGN_HOLD","42167","-60","-329.58984375","1","1000","1000000","90000","186163","186163","0","2903","1336","1136"
"647","ALIGN_HOLD","42163","-64","-351.5625","-4","-4000","-5000000","90000","186164","186164","0","2903","1336","1046"
"648","ALIGN_HOLD","42165","-62","-340.576171875","2","2000","6000000","90000","186165","186165","0","2903","1336","956"
"649","ALIGN_HOLD","42165","-62","-340.576171875","0","0","-2000000","90000","186166","186166","0","2903","1336","866"
"650","ALIGN_HOLD","42165","-62","-340.576171875","0","0","0","90000","186167","186167","0","2903","1336","776"
"651","ALIGN_HOLD","42164","-63","-346.0693359375","-1","-1000","-1000000","90000","186168","186168","0","2903","1336","686"
"652","ALIGN_HOLD","42165","-62","-340.576171875","1","1000","2000000","90000","186169","186169","0","2903","1336","596"
"653","ALIGN_HOLD","42167","-60","-329.58984375","2","2000","1000000","90000","186170","186170","0","2903","1336","506"
"654","ALIGN_HOLD","42168","-59","-324.0966796875","1","1000","-1000000","90000","186171","186171","0","2903","1336","416"
"655","ALIGN_HOLD","42164","-63","-346.0693359375","-4","-4000","-5000000","90000","186172","186172","0","2903","1336","326"
"656","ALIGN_HOLD","42163","-64","-351.5625","-1","-1000","3000000","90000","186173","186173","0","2903","1336","236"
"657","ALIGN_HOLD","42164","-63","-346.0693359375","1","1000","2000000","90000","186174","186174","0","2903","1336","146"
"658","ALIGN_HOLD","42163","-64","-351.5625","-1","-1000","-2000000","90000","186175","186175","0","2903","1336","56"
"659","ALIGN_HOLD","42166","-61","-335.0830078125","3","3000","4000000","90000","186176","186176","0","2903","1336","2121"
"660","ALIGN_HOLD","42165","-62","-340.576171875","-1","-1000","-4000000","90000","186177","186177","0","2903","1336","2031"
"661","ALIGN_HOLD","42163","-64","-351.5625","-2","-2000","-1000000","90000","186178","186178","0","2903","1336","1941"
"662","ALIGN_HOLD","42169","-58","-318.603515625","6","6000","8000000","90000","186179","186179","0","2903","1336","1851"
"663","ALIGN_HOLD","42168","-59","-324.0966796875","-1","-1000","-7000000","90000","186180","186180","0","2903","1336","1761"
"664","ALIGN_HOLD","42168","-59","-324.0966796875","0","0","1000000","90000","186181","186181","0","2903","1336","1671"
"665","ALIGN_HOLD","42167","-60","-329.58984375","-1","-1000","-1000000","90000","186182","186182","0","2903","1336","1581"
"666","ALIGN_HOLD","42163","-64","-351.5625","-4","-4000","-3000000","90000","186183","186183","0","2903","1336","1491"
"667","ALIGN_HOLD","42164","-63","-346.0693359375","1","1000","5000000","90000","186184","186184","0","2903","1336","1401"
"668","ALIGN_HOLD","42163","-64","-351.5625","-1","-1000","-2000000","90000","186185","186185","0","2903","1336","1311"
"669","ALIGN_HOLD","42165","-62","-340.576171875","2","2000","3000000","90000","186186","186186","0","2903","1336","1221"
"670","ALIGN_HOLD","42164","-63","-346.0693359375","-1","-1000","-3000000","90000","186187","186187","0","2903","1336","1131"
"671","ALIGN_HOLD","42167","-60","-329.58984375","3","3000","4000000","90000","186188","186188","0","2903","1336","1041"
"672","ALIGN_HOLD","42164","-63","-346.0693359375","-3","-3000","-6000000","90000","186189","186189","0","2903","1336","951"
"673","ALIGN_HOLD","42164","-63","-346.0693359375","0","0","3000000","90000","186190","186190","0","2903","1336","861"
"674","ALIGN_HOLD","42166","-61","-335.0830078125","2","2000","2000000","90000","186191","186191","0","2903","1336","771"
"675","ALIGN_HOLD","42166","-61","-335.0830078125","0","0","-2000000","90000","186192","186192","0","2903","1336","681"
"676","ALIGN_HOLD","42165","-62","-340.576171875","-1","-1000","-1000000","90000","186193","186193","0","2903","1336","591"
"677","ALIGN_HOLD","42165","-62","-340.576171875","0","0","1000000","90000","186194","186194","0","2903","1336","501"
"678","ALIGN_HOLD","42170","-57","-313.1103515625","5","5000","5000000","90000","186195","186195","0","2903","1336","411"
"679","ALIGN_HOLD","42164","-63","-346.0693359375","-6","-6000","-11000000","90000","186196","186196","0","2903","1336","321"
"680","ALIGN_HOLD","42169","-58","-318.603515625","5","5000","11000000","90000","186197","186197","0","2903","1336","231"
"681","ALIGN_HOLD","42164","-63","-346.0693359375","-5","-5000","-10000000","90000","186198","186198","0","2903","1336","141"
"682","ALIGN_HOLD","42166","-61","-335.0830078125","2","2000","7000000","90000","186199","186199","0","2903","1336","51"
"683","ALIGN_HOLD","42168","-59","-324.0966796875","2","2000","0","90000","186200","186200","0","2903","1336","2116"
"684","ALIGN_HOLD","42167","-60","-329.58984375","-1","-1000","-3000000","90000","186201","186201","0","2903","1336","2026"
"685","ALIGN_HOLD","42165","-62","-340.576171875","-2","-2000","-1000000","90000","186202","186202","0","2903","1336","1936"
"686","ALIGN_HOLD","42165","-62","-340.576171875","0","0","2000000","90000","186203","186203","0","2903","1336","1846"
"687","ALIGN_HOLD","42166","-61","-335.0830078125","1","1000","1000000","90000","186204","186204","0","2903","1336","1756"
"688","ALIGN_HOLD","42163","-64","-351.5625","-3","-3000","-4000000","90000","186205","186205","0","2903","1336","1666"
"689","ALIGN_HOLD","42165","-62","-340.576171875","2","2000","5000000","90000","186206","186206","0","2903","1336","1576"
"690","ALIGN_HOLD","42166","-61","-335.0830078125","1","1000","-1000000","90000","186207","186207","0","2903","1336","1486"
"691","ALIGN_HOLD","42167","-60","-329.58984375","1","1000","0","90000","186208","186208","0","2903","1336","1396"
"692","ALIGN_HOLD","42162","-65","-357.0556640625","-5","-5000","-6000000","90000","186209","186209","0","2903","1336","1306"
"693","ALIGN_HOLD","42162","-65","-357.0556640625","0","0","5000000","90000","186210","186210","0","2903","1336","1216"
"694","ALIGN_HOLD","42165","-62","-340.576171875","3","3000","3000000","90000","186211","186211","0","2903","1336","1126"
"695","ALIGN_HOLD","42165","-62","-340.576171875","0","0","-3000000","90000","186212","186212","0","2903","1336","1036"
"696","ALIGN_HOLD","42162","-65","-357.0556640625","-3","-3000","-3000000","90000","186213","186213","0","2903","1336","946"
"697","ALIGN_HOLD","42167","-60","-329.58984375","5","5000","8000000","90000","186214","186214","0","2903","1336","856"
"698","ALIGN_HOLD","42163","-64","-351.5625","-4","-4000","-9000000","90000","186215","186215","0","2903","1336","766"
"699","ALIGN_HOLD","42166","-61","-335.0830078125","3","3000","7000000","90000","186216","186216","0","2903","1336","676"
"700","ALIGN_HOLD","42164","-63","-346.0693359375","-2","-2000","-5000000","90000","186217","186217","0","2903","1336","586"
"701","ALIGN_HOLD","42167","-60","-329.58984375","3","3000","5000000","90000","186218","186218","0","2903","1336","496"
"702","ALIGN_HOLD","42165","-62","-340.576171875","-2","-2000","-5000000","90000","186219","186219","0","2903","1336","406"
"703","ALIGN_HOLD","42165","-62","-340.576171875","0","0","2000000","90000","186220","186220","0","2903","1336","316"
"704","ALIGN_HOLD","42166","-61","-335.0830078125","1","1000","1000000","90000","186221","186221","0","2903","1336","226"
"705","ALIGN_HOLD","42165","-62","-340.576171875","-1","-1000","-2000000","90000","186222","186222","0","2903","1336","136"
"706","ALIGN_HOLD","42164","-63","-346.0693359375","-1","-1000","0","90000","186223","186223","0","2903","1336","46"
"707","ALIGN_HOLD","42167","-60","-329.58984375","3","3000","4000000","90000","186224","186224","0","2903","1336","2111"
"708","ALIGN_HOLD","42165","-62","-340.576171875","-2","-2000","-5000000","90000","186225","186225","0","2903","1336","2021"
"709","ALIGN_HOLD","42163","-64","-351.5625","-2","-2000","0","90000","186226","186226","0","2903","1336","1931"
"710","ALIGN_HOLD","42164","-63","-346.0693359375","1","1000","3000000","90000","186227","186227","0","2903","1336","1841"
"711","ALIGN_HOLD","42166","-61","-335.0830078125","2","2000","1000000","90000","186228","186228","0","2903","1336","1751"
"712","ALIGN_HOLD","42167","-60","-329.58984375","1","1000","-1000000","90000","186229","186229","0","2903","1336","1661"
"713","ALIGN_HOLD","42164","-63","-346.0693359375","-3","-3000","-4000000","90000","186230","186230","0","2903","1336","1571"
"714","ALIGN_HOLD","42164","-63","-346.0693359375","0","0","3000000","90000","186231","186231","0","2903","1336","1481"
"715","ALIGN_HOLD","42166","-61","-335.0830078125","2","2000","2000000","90000","186232","186232","0","2903","1336","1391"
"716","ALIGN_HOLD","42164","-63","-346.0693359375","-2","-2000","-4000000","90000","186233","186233","0","2903","1336","1301"
"717","ALIGN_HOLD","42169","-58","-318.603515625","5","5000","7000000","90000","186234","186234","0","2903","1336","1211"
"718","ALIGN_HOLD","42167","-60","-329.58984375","-2","-2000","-7000000","90000","186235","186235","0","2903","1336","1121"
"719","ALIGN_HOLD","42166","-61","-335.0830078125","-1","-1000","1000000","90000","186236","186236","0","2903","1336","1031"
"720","ALIGN_HOLD","42165","-62","-340.576171875","-1","-1000","0","90000","186237","186237","0","2903","1336","941"
"721","ALIGN_HOLD","42165","-62","-340.576171875","0","0","1000000","90000","186238","186238","0","2903","1336","851"
"722","ALIGN_HOLD","42164","-63","-346.0693359375","-1","-1000","-1000000","90000","186239","186239","0","2903","1336","761"
"723","ALIGN_HOLD","42167","-60","-329.58984375","3","3000","4000000","90000","186240","186240","0","2903","1336","671"
"724","ALIGN_HOLD","42161","-66","-362.548828125","-6","-6000","-9000000","90000","186241","186241","0","2903","1336","581"
"725","ALIGN_HOLD","42165","-62","-340.576171875","4","4000","10000000","90000","186242","186242","0","2903","1336","491"
"726","ALIGN_HOLD","42162","-65","-357.0556640625","-3","-3000","-7000000","90000","186243","186243","0","2903","1336","401"
"727","ALIGN_HOLD","42165","-62","-340.576171875","3","3000","6000000","90000","186244","186244","0","2903","1336","311"
"728","ALIGN_HOLD","42160","-67","-368.0419921875","-5","-5000","-8000000","90000","186245","186245","0","2903","1336","221"
"729","ALIGN_HOLD","42164","-63","-346.0693359375","4","4000","9000000","90000","186246","186246","0","2903","1336","131"
"730","ALIGN_HOLD","42168","-59","-324.0966796875","4","4000","0","90000","186247","186247","0","2903","1336","41"
"731","ALIGN_HOLD","42163","-64","-351.5625","-5","-5000","-9000000","90000","186248","186248","0","2903","1336","2106"
"732","ALIGN_HOLD","42168","-59","-324.0966796875","5","5000","10000000","90000","186249","186249","0","2903","1336","2016"
"733","ALIGN_HOLD","42165","-62","-340.576171875","-3","-3000","-8000000","90000","186250","186250","0","2903","1336","1926"
"734","ALIGN_HOLD","42163","-64","-351.5625","-2","-2000","1000000","90000","186251","186251","0","2903","1336","1836"
"735","ALIGN_HOLD","42162","-65","-357.0556640625","-1","-1000","1000000","90000","186252","186252","0","2903","1336","1746"
"736","ALIGN_HOLD","42165","-62","-340.576171875","3","3000","4000000","90000","186253","186253","0","2903","1336","1656"
"737","ALIGN_HOLD","42167","-60","-329.58984375","2","2000","-1000000","90000","186254","186254","0","2903","1336","1566"
"738","ALIGN_HOLD","42164","-63","-346.0693359375","-3","-3000","-5000000","90000","186255","186255","0","2903","1336","1476"
"739","ALIGN_HOLD","42163","-64","-351.5625","-1","-1000","2000000","90000","186256","186256","0","2903","1336","1386"
"740","ALIGN_HOLD","42163","-64","-351.5625","0","0","1000000","90000","186257","186257","0","2903","1336","1296"
"741","ALIGN_HOLD","42166","-61","-335.0830078125","3","3000","3000000","90000","186258","186258","0","2903","1336","1206"
"742","ALIGN_HOLD","42163","-64","-351.5625","-3","-3000","-6000000","90000","186259","186259","0","2903","1336","1116"
"743","ALIGN_HOLD","42170","-57","-313.1103515625","7","7000","10000000","90000","186260","186260","0","2903","1336","1026"
"744","ALIGN_HOLD","42163","-64","-351.5625","-7","-7000","-14000000","90000","186261","186261","0","2903","1336","936"
"745","ALIGN_HOLD","42166","-61","-335.0830078125","3","3000","10000000","90000","186262","186262","0","2903","1336","846"
"746","ALIGN_HOLD","42164","-63","-346.0693359375","-2","-2000","-5000000","90000","186263","186263","0","2903","1336","756"
"747","ALIGN_HOLD","42164","-63","-346.0693359375","0","0","2000000","90000","186264","186264","0","2903","1336","666"
"748","ALIGN_HOLD","42164","-63","-346.0693359375","0","0","0","90000","186265","186265","0","2903","1336","576"
"749","ALIGN_HOLD","42165","-62","-340.576171875","1","1000","1000000","90000","186266","186266","0","2903","1336","486"
"750","ALIGN_HOLD","42169","-58","-318.603515625","4","4000","3000000","90000","186267","186267","0","2903","1336","396"
"751","ALIGN_HOLD","42167","-60","-329.58984375","-2","-2000","-6000000","90000","186268","186268","0","2903","1336","306"
"752","ALIGN_HOLD","42161","-66","-362.548828125","-6","-6000","-4000000","90000","186269","186269","0","2903","1336","216"
"753","ALIGN_HOLD","42166","-61","-335.0830078125","5","5000","11000000","90000","186270","186270","0","2903","1336","126"
"754","ALIGN_HOLD","42166","-61","-335.0830078125","0","0","-5000000","90000","186271","186271","0","2903","1336","36"
"755","ALIGN_HOLD","42164","-63","-346.0693359375","-2","-2000","-2000000","90000","186272","186272","0","2903","1336","2101"
"756","ALIGN_HOLD","42168","-59","-324.0966796875","4","4000","6000000","90000","186273","186273","0","2903","1336","2011"
"757","ALIGN_HOLD","42168","-59","-324.0966796875","0","0","-4000000","90000","186274","186274","0","2903","1336","1921"
"758","ALIGN_HOLD","42165","-62","-340.576171875","-3","-3000","-3000000","90000","186275","186275","0","2903","1336","1831"
"759","ALIGN_HOLD","42166","-61","-335.0830078125","1","1000","4000000","90000","186276","186276","0","2903","1336","1741"
"760","ALIGN_HOLD","42163","-64","-351.5625","-3","-3000","-4000000","90000","186277","186277","0","2903","1336","1651"
"761","ALIGN_HOLD","42166","-61","-335.0830078125","3","3000","6000000","90000","186278","186278","0","2903","1336","1561"
"762","ALIGN_HOLD","42166","-61","-335.0830078125","0","0","-3000000","90000","186279","186279","0","2903","1336","1471"
"763","ALIGN_HOLD","42170","-57","-313.1103515625","4","4000","4000000","90000","186280","186280","0","2903","1336","1381"
"764","ALIGN_HOLD","42166","-61","-335.0830078125","-4","-4000","-8000000","90000","186281","186281","0","2903","1336","1291"
"765","ALIGN_HOLD","42166","-61","-335.0830078125","0","0","4000000","90000","186282","186282","0","2903","1336","1201"
"766","ALIGN_HOLD","42162","-65","-357.0556640625","-4","-4000","-4000000","90000","186283","186283","0","2903","1336","1111"
"767","ALIGN_HOLD","42165","-62","-340.576171875","3","3000","7000000","90000","186284","186284","0","2903","1336","1021"
"768","ALIGN_HOLD","42166","-61","-335.0830078125","1","1000","-2000000","90000","186285","186285","0","2903","1336","931"
"769","ALIGN_HOLD","42165","-62","-340.576171875","-1","-1000","-2000000","90000","186286","186286","0","2903","1336","841"
"770","ALIGN_HOLD","42167","-60","-329.58984375","2","2000","3000000","90000","186287","186287","0","2903","1336","751"
"771","ALIGN_HOLD","42167","-60","-329.58984375","0","0","-2000000","90000","186288","186288","0","2903","1336","661"
"772","ALIGN_HOLD","42167","-60","-329.58984375","0","0","0","90000","186289","186289","0","2903","1336","571"
"773","ALIGN_HOLD","42166","-61","-335.0830078125","-1","-1000","-1000000","90000","186290","186290","0","2903","1336","481"
"774","ALIGN_HOLD","42161","-66","-362.548828125","-5","-5000","-4000000","90000","186291","186291","0","2903","1336","391"
"775","ALIGN_HOLD","42167","-60","-329.58984375","6","6000","11000000","90000","186292","186292","0","2903","1336","301"
"776","ALIGN_HOLD","42165","-62","-340.576171875","-2","-2000","-8000000","90000","186293","186293","0","2903","1336","211"
"777","ALIGN_HOLD","42167","-60","-329.58984375","2","2000","4000000","90000","186294","186294","0","2903","1336","121"
"778","ALIGN_HOLD","42163","-64","-351.5625","-4","-4000","-6000000","90000","186295","186295","0","2903","1336","31"
"779","ALIGN_HOLD","42166","-61","-335.0830078125","3","3000","7000000","90000","186296","186296","0","2903","1336","2096"
"780","ALIGN_HOLD","42168","-59","-324.0966796875","2","2000","-1000000","90000","186297","186297","0","2903","1336","2006"
"781","ALIGN_HOLD","42165","-62","-340.576171875","-3","-3000","-5000000","90000","186298","186298","0","2903","1336","1916"
"782","ALIGN_HOLD","42167","-60","-329.58984375","2","2000","5000000","90000","186299","186299","0","2903","1336","1826"
"783","ALIGN_HOLD","42162","-65","-357.0556640625","-5","-5000","-7000000","90000","186300","186300","0","2903","1336","1736"
"784","ALIGN_HOLD","42164","-63","-346.0693359375","2","2000","7000000","90000","186301","186301","0","2903","1336","1646"
"785","ALIGN_HOLD","42165","-62","-340.576171875","1","1000","-1000000","90000","186302","186302","0","2903","1336","1556"
"786","ALIGN_HOLD","42163","-64","-351.5625","-2","-2000","-3000000","90000","186303","186303","0","2903","1336","1466"
"787","ALIGN_HOLD","42165","-62","-340.576171875","2","2000","4000000","90000","186304","186304","0","2903","1336","1376"
"788","ALIGN_HOLD","42163","-64","-351.5625","-2","-2000","-4000000","90000","186305","186305","0","2903","1336","1286"
"789","ALIGN_HOLD","42161","-66","-362.548828125","-2","-2000","0","90000","186306","186306","0","2903","1336","1196"
"790","ALIGN_HOLD","42167","-60","-329.58984375","6","6000","8000000","90000","186307","186307","0","2903","1336","1106"
"791","ALIGN_HOLD","42168","-59","-324.0966796875","1","1000","-5000000","90000","186308","186308","0","2903","1336","1016"
"792","ALIGN_HOLD","42165","-62","-340.576171875","-3","-3000","-4000000","90000","186309","186309","0","2903","1336","926"
"793","ALIGN_HOLD","42166","-61","-335.0830078125","1","1000","4000000","90000","186310","186310","0","2903","1336","836"
"794","ALIGN_HOLD","42167","-60","-329.58984375","1","1000","0","90000","186311","186311","0","2903","1336","746"
"795","ALIGN_HOLD","42166","-61","-335.0830078125","-1","-1000","-2000000","90000","186312","186312","0","2903","1336","656"
"796","ALIGN_HOLD","42165","-62","-340.576171875","-1","-1000","0","90000","186313","186313","0","2903","1336","566"
"797","ALIGN_HOLD","42161","-66","-362.548828125","-4","-4000","-3000000","90000","186314","186314","0","2903","1336","476"
"798","ALIGN_HOLD","42163","-64","-351.5625","2","2000","6000000","90000","186315","186315","0","2903","1336","386"
"799","ALIGN_HOLD","42165","-62","-340.576171875","2","2000","0","90000","186316","186316","0","2903","1336","296"
"800","ALIGN_HOLD","42164","-63","-346.0693359375","-1","-1000","-3000000","90000","186317","186317","0","2903","1336","272"
"801","ALIGN_HOLD","42164","-63","-346.0693359375","0","0","1000000","90000","186318","186318","0","2903","1336","116"
"802","ALIGN_HOLD","42166","-61","-335.0830078125","2","2000","2000000","90000","186319","186319","0","2903","1336","26"
"803","ALIGN_HOLD","42160","-67","-368.0419921875","-6","-6000","-8000000","90000","186320","186320","0","2903","1336","2091"
"804","ALIGN_HOLD","42165","-62","-340.576171875","5","5000","11000000","90000","186321","186321","0","2903","1336","2001"
"805","ALIGN_HOLD","42167","-60","-329.58984375","2","2000","-3000000","90000","186322","186322","0","2903","1336","1911"
"806","ALIGN_HOLD","42166","-61","-335.0830078125","-1","-1000","-3000000","90000","186323","186323","0","2903","1336","1821"
"807","ALIGN_HOLD","42164","-63","-346.0693359375","-2","-2000","-1000000","90000","186324","186324","0","2903","1336","1731"
"808","ALIGN_HOLD","42164","-63","-346.0693359375","0","0","2000000","90000","186325","186325","0","2903","1336","1641"
"809","ALIGN_HOLD","42166","-61","-335.0830078125","2","2000","2000000","90000","186326","186326","0","2903","1336","1551"
"810","ALIGN_HOLD","42165","-62","-340.576171875","-1","-1000","-3000000","90000","186327","186327","0","2903","1336","1461"
"811","ALIGN_HOLD","42166","-61","-335.0830078125","1","1000","2000000","90000","186328","186328","0","2903","1336","1371"
"812","ALIGN_HOLD","42163","-64","-351.5625","-3","-3000","-4000000","90000","186329","186329","0","2903","1336","1281"
"813","ALIGN_HOLD","42166","-61","-335.0830078125","3","3000","6000000","90000","186330","186330","0","2903","1336","1191"
"814","ALIGN_HOLD","42170","-57","-313.1103515625","4","4000","1000000","90000","186331","186331","0","2903","1336","1101"
"815","ALIGN_HOLD","42164","-63","-346.0693359375","-6","-6000","-10000000","90000","186332","186332","0","2903","1336","1011"
"816","ALIGN_HOLD","42165","-62","-340.576171875","1","1000","7000000","90000","186333","186333","0","2903","1336","921"
"817","ALIGN_HOLD","42163","-64","-351.5625","-2","-2000","-3000000","90000","186334","186334","0","2903","1336","831"
"818","ALIGN_HOLD","42167","-60","-329.58984375","4","4000","6000000","90000","186335","186335","0","2903","1336","741"
"819","ALIGN_HOLD","42166","-61","-335.0830078125","-1","-1000","-5000000","90000","186336","186336","0","2903","1336","651"
"820","ALIGN_HOLD","42164","-63","-346.0693359375","-2","-2000","-1000000","90000","186337","186337","0","2903","1336","561"
"821","ALIGN_HOLD","42165","-62","-340.576171875","1","1000","3000000","90000","186338","186338","0","2903","1336","471"
"822","ALIGN_HOLD","42164","-63","-346.0693359375","-1","-1000","-2000000","90000","186339","186339","0","2903","1336","381"
"823","ALIGN_HOLD","42164","-63","-346.0693359375","0","0","1000000","90000","186340","186340","0","2903","1336","291"
"824","ALIGN_HOLD","42166","-61","-335.0830078125","2","2000","2000000","90000","186341","186341","0","2903","1336","201"
"825","ALIGN_HOLD","42168","-59","-324.0966796875","2","2000","0","90000","186342","186342","0","2903","1336","111"
"826","ALIGN_HOLD","42167","-60","-329.58984375","-1","-1000","-3000000","90000","186343","186343","0","2903","1336","21"
"827","ALIGN_HOLD","42166","-61","-335.0830078125","-1","-1000","0","90000","186344","186344","0","2903","1336","2086"
"828","ALIGN_HOLD","42166","-61","-335.0830078125","0","0","1000000","90000","186345","186345","0","2903","1336","1996"
"829","ALIGN_HOLD","42163","-64","-351.5625","-3","-3000","-3000000","90000","186346","186346","0","2903","1336","1906"
"830","ALIGN_HOLD","42165","-62","-340.576171875","2","2000","5000000","90000","186347","186347","0","2903","1336","1816"
"831","ALIGN_HOLD","42165","-62","-340.576171875","0","0","-2000000","90000","186348","186348","0","2903","1336","1726"
"832","ALIGN_HOLD","42163","-64","-351.5625","-2","-2000","-2000000","90000","186349","186349","0","2903","1336","1636"
"833","ALIGN_HOLD","42163","-64","-351.5625","0","0","2000000","90000","186350","186350","0","2903","1336","1546"
"834","ALIGN_HOLD","42163","-64","-351.5625","0","0","0","90000","186351","186351","0","2903","1336","1456"
"835","ALIGN_HOLD","42164","-63","-346.0693359375","1","1000","1000000","90000","186352","186352","0","2903","1336","1366"
"836","ALIGN_HOLD","42166","-61","-335.0830078125","2","2000","1000000","90000","186353","186353","0","2903","1336","1276"
"837","ALIGN_HOLD","42167","-60","-329.58984375","1","1000","-1000000","90000","186354","186354","0","2903","1336","1186"
"838","ALIGN_HOLD","42167","-60","-329.58984375","0","0","-1000000","90000","186355","186355","0","2903","1336","1096"
"839","ALIGN_HOLD","42165","-62","-340.576171875","-2","-2000","-2000000","90000","186356","186356","0","2903","1336","1006"
"840","ALIGN_HOLD","42166","-61","-335.0830078125","1","1000","3000000","90000","186357","186357","0","2903","1336","916"
"841","ALIGN_HOLD","42163","-64","-351.5625","-3","-3000","-4000000","90000","186358","186358","0","2903","1336","826"
"842","ALIGN_HOLD","42164","-63","-346.0693359375","1","1000","4000000","90000","186359","186359","0","2903","1336","736"
"843","ALIGN_HOLD","42163","-64","-351.5625","-1","-1000","-2000000","90000","186360","186360","0","2903","1336","646"
"844","ALIGN_HOLD","42168","-59","-324.0966796875","5","5000","6000000","90000","186361","186361","0","2903","1336","556"
"845","ALIGN_HOLD","42164","-63","-346.0693359375","-4","-4000","-9000000","90000","186362","186362","0","2903","1336","466"
"846","ALIGN_HOLD","42164","-63","-346.0693359375","0","0","4000000","90000","186363","186363","0","2903","1336","376"
"847","ALIGN_HOLD","42164","-63","-346.0693359375","0","0","0","90000","186364","186364","0","2903","1336","286"
"848","ALIGN_HOLD","42165","-62","-340.576171875","1","1000","1000000","90000","186365","186365","0","2903","1336","196"
"849","ALIGN_HOLD","42163","-64","-351.5625","-2","-2000","-3000000","90000","186366","186366","0","2903","1336","106"
"850","ALIGN_HOLD","42164","-63","-346.0693359375","1","1000","3000000","90000","186367","186367","0","2903","1336","16"
"851","ALIGN_HOLD","42165","-62","-340.576171875","1","1000","0","90000","186368","186368","0","2903","1336","2081"
"852","ALIGN_HOLD","42167","-60","-329.58984375","2","2000","1000000","90000","186369","186369","0","2903","1336","1991"
"853","ALIGN_HOLD","42164","-63","-346.0693359375","-3","-3000","-5000000","90000","186370","186370","0","2903","1336","1901"
"854","ALIGN_HOLD","42167","-60","-329.58984375","3","3000","6000000","90000","186371","186371","0","2903","1336","1811"
"855","ALIGN_HOLD","42166","-61","-335.0830078125","-1","-1000","-4000000","90000","186372","186372","0","2903","1336","1721"
"856","ALIGN_HOLD","42169","-58","-318.603515625","3","3000","4000000","90000","186373","186373","0","2903","1336","1631"
"857","ALIGN_HOLD","42163","-64","-351.5625","-6","-6000","-9000000","90000","186374","186374","0","2903","1336","1541"
"858","ALIGN_HOLD","42167","-60","-329.58984375","4","4000","10000000","90000","186375","186375","0","2903","1336","1451"
"859","ALIGN_HOLD","42166","-61","-335.0830078125","-1","-1000","-5000000","90000","186376","186376","0","2903","1336","1361"
"860","ALIGN_HOLD","42165","-62","-340.576171875","-1","-1000","0","90000","186377","186377","0","2903","1336","1271"
"861","ALIGN_HOLD","42166","-61","-335.0830078125","1","1000","2000000","90000","186378","186378","0","2903","1336","1181"
"862","ALIGN_HOLD","42164","-63","-346.0693359375","-2","-2000","-3000000","90000","186379","186379","0","2903","1336","1091"
"863","ALIGN_HOLD","42163","-64","-351.5625","-1","-1000","1000000","90000","186380","186380","0","2903","1336","1001"
"864","ALIGN_HOLD","42163","-64","-351.5625","0","0","1000000","90000","186381","186381","0","2903","1336","911"
"865","ALIGN_HOLD","42167","-60","-329.58984375","4","4000","4000000","90000","186382","186382","0","2903","1336","821"
"866","ALIGN_HOLD","42165","-62","-340.576171875","-2","-2000","-6000000","90000","186383","186383","0","2903","1336","731"
"867","ALIGN_HOLD","42164","-63","-346.0693359375","-1","-1000","1000000","90000","186384","186384","0","2903","1336","641"
"868","ALIGN_HOLD","42164","-63","-346.0693359375","0","0","1000000","90000","186385","186385","0","2903","1336","551"
"869","ALIGN_HOLD","42163","-64","-351.5625","-1","-1000","-1000000","90000","186386","186386","0","2903","1336","461"
"870","ALIGN_HOLD","42165","-62","-340.576171875","2","2000","3000000","90000","186387","186387","0","2903","1336","371"
"871","ALIGN_HOLD","42165","-62","-340.576171875","0","0","-2000000","90000","186388","186388","0","2903","1336","281"
"872","ALIGN_HOLD","42163","-64","-351.5625","-2","-2000","-2000000","90000","186389","186389","0","2903","1336","191"
"873","ALIGN_HOLD","42163","-64","-351.5625","0","0","2000000","90000","186390","186390","0","2903","1336","101"
"874","ALIGN_HOLD","42164","-63","-346.0693359375","1","1000","1000000","90000","186391","186391","0","2903","1336","11"
"875","ALIGN_HOLD","42167","-60","-329.58984375","3","3000","2000000","90000","186392","186392","0","2903","1336","2076"
"876","ALIGN_HOLD","42167","-60","-329.58984375","0","0","-3000000","90000","186393","186393","0","2903","1336","1986"
"877","ALIGN_HOLD","42162","-65","-357.0556640625","-5","-5000","-5000000","90000","186394","186394","0","2903","1336","1896"
"878","ALIGN_HOLD","42168","-59","-324.0966796875","6","6000","11000000","90000","186395","186395","0","2903","1336","1806"
"879","ALIGN_HOLD","42165","-62","-340.576171875","-3","-3000","-9000000","90000","186396","186396","0","2903","1336","1716"
"880","ALIGN_HOLD","42165","-62","-340.576171875","0","0","3000000","90000","186397","186397","0","2903","1336","1626"
"881","ALIGN_HOLD","42164","-63","-346.0693359375","-1","-1000","-1000000","90000","186398","186398","0","2903","1336","1536"
"882","ALIGN_HOLD","42164","-63","-346.0693359375","0","0","1000000","90000","186399","186399","0","2903","1336","1446"
"883","ALIGN_HOLD","42165","-62","-340.576171875","1","1000","1000000","90000","186400","186400","0","2903","1336","1356"
"884","ALIGN_HOLD","42164","-63","-346.0693359375","-1","-1000","-2000000","90000","186401","186401","0","2903","1336","1266"
"885","ALIGN_HOLD","42168","-59","-324.0966796875","4","4000","5000000","90000","186402","186402","0","2903","1336","1176"
"886","ALIGN_HOLD","42165","-62","-340.576171875","-3","-3000","-7000000","90000","186403","186403","0","2903","1336","1086"
"887","ALIGN_HOLD","42165","-62","-340.576171875","0","0","3000000","90000","186404","186404","0","2903","1336","996"
"888","ALIGN_HOLD","42163","-64","-351.5625","-2","-2000","-2000000","90000","186405","186405","0","2903","1336","906"
"889","ALIGN_HOLD","42166","-61","-335.0830078125","3","3000","5000000","90000","186406","186406","0","2903","1336","816"
"890","ALIGN_HOLD","42168","-59","-324.0966796875","2","2000","-1000000","90000","186407","186407","0","2903","1336","726"
"891","ALIGN_HOLD","42166","-61","-335.0830078125","-2","-2000","-4000000","90000","186408","186408","0","2903","1336","636"
"892","ALIGN_HOLD","42168","-59","-324.0966796875","2","2000","4000000","90000","186409","186409","0","2903","1336","546"
"893","ALIGN_HOLD","42166","-61","-335.0830078125","-2","-2000","-4000000","90000","186410","186410","0","2903","1336","456"
"894","ALIGN_HOLD","42168","-59","-324.0966796875","2","2000","4000000","90000","186411","186411","0","2903","1336","366"
"895","ALIGN_HOLD","42165","-62","-340.576171875","-3","-3000","-5000000","90000","186412","186412","0","2903","1336","276"
"896","ALIGN_HOLD","42166","-61","-335.0830078125","1","1000","4000000","90000","186413","186413","0","2903","1336","186"
"897","ALIGN_HOLD","42171","-56","-307.6171875","5","5000","4000000","90000","186414","186414","0","2903","1336","96"
"898","ALIGN_HOLD","42165","-62","-340.576171875","-6","-6000","-11000000","90000","186415","186415","0","2903","1336","6"
"899","ALIGN_HOLD","42163","-64","-351.5625","-2","-2000","4000000","90000","186416","186416","0","2903","1336","2071"
"900","ALIGN_HOLD","42167","-60","-329.58984375","4","4000","6000000","90000","186417","186417","0","2903","1336","1981"
"901","ALIGN_HOLD","42166","-61","-335.0830078125","-1","-1000","-5000000","90000","186418","186418","0","2903","1336","1891"
"902","ALIGN_HOLD","42165","-62","-340.576171875","-1","-1000","0","90000","186419","186419","0","2903","1336","1801"
"903","ALIGN_HOLD","42165","-62","-340.576171875","0","0","1000000","90000","186420","186420","0","2903","1336","1711"
"904","ALIGN_HOLD","42163","-64","-351.5625","-2","-2000","-2000000","90000","186421","186421","0","2903","1336","1621"
"905","ALIGN_HOLD","42165","-62","-340.576171875","2","2000","4000000","90000","186422","186422","0","2903","1336","1531"
"906","ALIGN_HOLD","42164","-63","-346.0693359375","-1","-1000","-3000000","90000","186423","186423","0","2903","1336","1441"
"907","ALIGN_HOLD","42163","-64","-351.5625","-1","-1000","0","90000","186424","186424","0","2903","1336","1351"
"908","ALIGN_HOLD","42164","-63","-346.0693359375","1","1000","2000000","90000","186425","186425","0","2903","1336","1261"
"909","ALIGN_HOLD","42165","-62","-340.576171875","1","1000","0","90000","186426","186426","0","2903","1336","1171"
"910","ALIGN_HOLD","42170","-57","-313.1103515625","5","5000","4000000","90000","186427","186427","0","2903","1336","1081"
"911","ALIGN_HOLD","42165","-62","-340.576171875","-5","-5000","-10000000","90000","186428","186428","0","2903","1336","991"
"912","ALIGN_HOLD","42167","-60","-329.58984375","2","2000","7000000","90000","186429","186429","0","2903","1336","901"
"913","ALIGN_HOLD","42165","-62","-340.576171875","-2","-2000","-4000000","90000","186430","186430","0","2903","1336","811"
"914","ALIGN_HOLD","42167","-60","-329.58984375","2","2000","4000000","90000","186431","186431","0","2903","1336","721"
"915","ALIGN_HOLD","42163","-64","-351.5625","-4","-4000","-6000000","90000","186432","186432","0","2903","1336","631"
"916","ALIGN_HOLD","42166","-61","-335.0830078125","3","3000","7000000","90000","186433","186433","0","2903","1336","541"
"917","ALIGN_HOLD","42166","-61","-335.0830078125","0","0","-3000000","90000","186434","186434","0","2903","1336","451"
"918","ALIGN_HOLD","42165","-62","-340.576171875","-1","-1000","-1000000","90000","186435","186435","0","2903","1336","361"
"919","ALIGN_HOLD","42168","-59","-324.0966796875","3","3000","4000000","90000","186436","186436","0","2903","1336","271"
"920","ALIGN_HOLD","42170","-57","-313.1103515625","2","2000","-1000000","90000","186437","186437","0","2903","1336","181"
"921","ALIGN_HOLD","42164","-63","-346.0693359375","-6","-6000","-8000000","90000","186438","186438","0","2903","1336","91"
"922","ALIGN_HOLD","42165","-62","-340.576171875","1","1000","7000000","90000","186439","186439","0","2903","1336","1"
"923","ALIGN_HOLD","42162","-65","-357.0556640625","-3","-3000","-4000000","90000","186440","186440","0","2903","1336","2066"
"924","ALIGN_HOLD","42166","-61","-335.0830078125","4","4000","7000000","90000","186441","186441","0","2903","1336","1976"
"925","ALIGN_HOLD","42163","-64","-351.5625","-3","-3000","-7000000","90000","186442","186442","0","2903","1336","1886"
"926","ALIGN_HOLD","42166","-61","-335.0830078125","3","3000","6000000","90000","186443","186443","0","2903","1336","1796"
"927","ALIGN_HOLD","42163","-64","-351.5625","-3","-3000","-6000000","90000","186444","186444","0","2903","1336","1706"
"928","ALIGN_HOLD","42164","-63","-346.0693359375","1","1000","4000000","90000","186445","186445","0","2903","1336","1616"
"929","ALIGN_HOLD","42168","-59","-324.0966796875","4","4000","3000000","90000","186446","186446","0","2903","1336","1526"
"930","ALIGN_HOLD","42167","-60","-329.58984375","-1","-1000","-5000000","90000","186447","186447","0","2903","1336","1436"
"931","ALIGN_HOLD","42164","-63","-346.0693359375","-3","-3000","-2000000","90000","186448","186448","0","2903","1336","1346"
"932","ALIGN_HOLD","42168","-59","-324.0966796875","4","4000","7000000","90000","186449","186449","0","2903","1336","1256"
"933","ALIGN_HOLD","42169","-58","-318.603515625","1","1000","-3000000","90000","186450","186450","0","2903","1336","1166"
"934","ALIGN_HOLD","42162","-65","-357.0556640625","-7","-7000","-8000000","90000","186451","186451","0","2903","1336","1076"
"935","ALIGN_HOLD","42167","-60","-329.58984375","5","5000","12000000","90000","186452","186452","0","2903","1336","986"
"936","ALIGN_HOLD","42164","-63","-346.0693359375","-3","-3000","-8000000","90000","186453","186453","0","2903","1336","896"
"937","ALIGN_HOLD","42163","-64","-351.5625","-1","-1000","2000000","90000","186454","186454","0","2903","1336","806"
"938","ALIGN_HOLD","42167","-60","-329.58984375","4","4000","5000000","90000","186455","186455","0","2903","1336","716"
"939","ALIGN_HOLD","42163","-64","-351.5625","-4","-4000","-8000000","90000","186456","186456","0","2903","1336","626"
"940","ALIGN_HOLD","42166","-61","-335.0830078125","3","3000","7000000","90000","186457","186457","0","2903","1336","536"
"941","ALIGN_HOLD","42165","-62","-340.576171875","-1","-1000","-4000000","90000","186458","186458","0","2903","1336","446"
"942","ALIGN_HOLD","42164","-63","-346.0693359375","-1","-1000","0","90000","186459","186459","0","2903","1336","356"
"943","ALIGN_HOLD","42164","-63","-346.0693359375","0","0","1000000","90000","186460","186460","0","2903","1336","266"
"944","ALIGN_HOLD","42166","-61","-335.0830078125","2","2000","2000000","90000","186461","186461","0","2903","1336","176"
"945","ALIGN_HOLD","42165","-62","-340.576171875","-1","-1000","-3000000","90000","186462","186462","0","2903","1336","86"
"946","ALIGN_HOLD","42165","-62","-340.576171875","0","0","1000000","90000","186463","186463","0","2903","1336","2151"
"947","ALIGN_HOLD","42166","-61","-335.0830078125","1","1000","1000000","90000","186464","186464","0","2903","1336","2061"
"948","ALIGN_HOLD","42166","-61","-335.0830078125","0","0","-1000000","90000","186465","186465","0","2903","1336","1971"
"949","ALIGN_HOLD","42164","-63","-346.0693359375","-2","-2000","-2000000","90000","186466","186466","0","2903","1336","1881"
"950","ALIGN_HOLD","42163","-64","-351.5625","-1","-1000","1000000","90000","186467","186467","0","2903","1336","1791"
"951","ALIGN_HOLD","42165","-62","-340.576171875","2","2000","3000000","90000","186468","186468","0","2903","1336","1701"
"952","ALIGN_HOLD","42165","-62","-340.576171875","0","0","-2000000","90000","186469","186469","0","2903","1336","1611"
"953","ALIGN_HOLD","42168","-59","-324.0966796875","3","3000","3000000","90000","186470","186470","0","2903","1336","1521"
"954","ALIGN_HOLD","42168","-59","-324.0966796875","0","0","-3000000","90000","186471","186471","0","2903","1336","1431"
"955","ALIGN_HOLD","42166","-61","-335.0830078125","-2","-2000","-2000000","90000","186472","186472","0","2903","1336","1341"
"956","ALIGN_HOLD","42165","-62","-340.576171875","-1","-1000","1000000","90000","186473","186473","0","2903","1336","1251"
"957","ALIGN_HOLD","42166","-61","-335.0830078125","1","1000","2000000","90000","186474","186474","0","2903","1336","1161"
"958","ALIGN_HOLD","42165","-62","-340.576171875","-1","-1000","-2000000","90000","186475","186475","0","2903","1336","1071"
"959","ALIGN_HOLD","42168","-59","-324.0966796875","3","3000","4000000","90000","186476","186476","0","2903","1336","981"
"960","ALIGN_HOLD","42165","-62","-340.576171875","-3","-3000","-6000000","90000","186477","186477","0","2903","1336","891"
"961","ALIGN_HOLD","42166","-61","-335.0830078125","1","1000","4000000","90000","186478","186478","0","2903","1336","801"
"962","ALIGN_HOLD","42163","-64","-351.5625","-3","-3000","-4000000","90000","186479","186479","0","2903","1336","711"
"963","ALIGN_HOLD","42164","-63","-346.0693359375","1","1000","4000000","90000","186480","186480","0","2903","1336","621"
"964","ALIGN_HOLD","42162","-65","-357.0556640625","-2","-2000","-3000000","90000","186481","186481","0","2903","1336","531"
"965","ALIGN_HOLD","42164","-63","-346.0693359375","2","2000","4000000","90000","186482","186482","0","2903","1336","441"
"966","ALIGN_HOLD","42165","-62","-340.576171875","1","1000","-1000000","90000","186483","186483","0","2903","1336","351"
"967","ALIGN_HOLD","42168","-59","-324.0966796875","3","3000","2000000","90000","186484","186484","0","2903","1336","261"
"968","ALIGN_HOLD","42166","-61","-335.0830078125","-2","-2000","-5000000","90000","186485","186485","0","2903","1336","171"
"969","ALIGN_HOLD","42165","-62","-340.576171875","-1","-1000","1000000","90000","186486","186486","0","2903","1336","81"
"970","ALIGN_HOLD","42164","-63","-346.0693359375","-1","-1000","0","90000","186487","186487","0","2903","1336","2146"
"971","ALIGN_HOLD","42166","-61","-335.0830078125","2","2000","3000000","90000","186488","186488","0","2903","1336","2056"
"972","ALIGN_HOLD","42165","-62","-340.576171875","-1","-1000","-3000000","90000","186489","186489","0","2903","1336","1966"
"973","ALIGN_HOLD","42165","-62","-340.576171875","0","0","1000000","90000","186490","186490","0","2903","1336","1876"
"974","ALIGN_HOLD","42166","-61","-335.0830078125","1","1000","1000000","90000","186491","186491","0","2903","1336","1786"
"975","ALIGN_HOLD","42164","-63","-346.0693359375","-2","-2000","-3000000","90000","186492","186492","0","2903","1336","1696"
"976","ALIGN_HOLD","42165","-62","-340.576171875","1","1000","3000000","90000","186493","186493","0","2903","1336","1606"
"977","ALIGN_HOLD","42164","-63","-346.0693359375","-1","-1000","-2000000","90000","186494","186494","0","2903","1336","1516"
"978","ALIGN_HOLD","42168","-59","-324.0966796875","4","4000","5000000","90000","186495","186495","0","2903","1336","1426"
"979","ALIGN_HOLD","42165","-62","-340.576171875","-3","-3000","-7000000","90000","186496","186496","0","2903","1336","1336"
"980","ALIGN_HOLD","42164","-63","-346.0693359375","-1","-1000","2000000","90000","186497","186497","0","2903","1336","1246"
"981","ALIGN_HOLD","42167","-60","-329.58984375","3","3000","4000000","90000","186498","186498","0","2903","1336","1156"
"982","ALIGN_HOLD","42166","-61","-335.0830078125","-1","-1000","-4000000","90000","186499","186499","0","2903","1336","1066"
"983","ALIGN_HOLD","42165","-62","-340.576171875","-1","-1000","0","90000","186500","186500","0","2903","1336","976"
"984","ALIGN_HOLD","42163","-64","-351.5625","-2","-2000","-1000000","90000","186501","186501","0","2903","1336","886"
"985","ALIGN_HOLD","42164","-63","-346.0693359375","1","1000","3000000","90000","186502","186502","0","2903","1336","796"
"986","ALIGN_HOLD","42164","-63","-346.0693359375","0","0","-1000000","90000","186503","186503","0","2903","1336","706"
"987","ALIGN_HOLD","42164","-63","-346.0693359375","0","0","0","90000","186504","186504","0","2903","1336","616"
"988","ALIGN_HOLD","42164","-63","-346.0693359375","0","0","0","90000","186505","186505","0","2903","1336","526"
"989","ALIGN_HOLD","42165","-62","-340.576171875","1","1000","1000000","90000","186506","186506","0","2903","1336","436"
"990","ALIGN_HOLD","42165","-62","-340.576171875","0","0","-1000000","90000","186507","186507","0","2903","1336","346"
"991","ALIGN_HOLD","42165","-62","-340.576171875","0","0","0","90000","186508","186508","0","2903","1336","256"
"992","ALIGN_HOLD","42164","-63","-346.0693359375","-1","-1000","-1000000","90000","186509","186509","0","2903","1336","166"
"993","ALIGN_HOLD","42165","-62","-340.576171875","1","1000","2000000","90000","186510","186510","0","2903","1336","76"
"994","ALIGN_HOLD","42165","-62","-340.576171875","0","0","-1000000","90000","186511","186511","0","2903","1336","2141"
"995","ALIGN_HOLD","42163","-64","-351.5625","-2","-2000","-2000000","90000","186512","186512","0","2903","1336","2051"
"996","ALIGN_HOLD","42165","-62","-340.576171875","2","2000","4000000","90000","186513","186513","0","2903","1336","1961"
"997","ALIGN_HOLD","42165","-62","-340.576171875","0","0","-2000000","90000","186514","186514","0","2903","1336","1871"
"998","ALIGN_HOLD","42166","-61","-335.0830078125","1","1000","1000000","90000","186515","186515","0","2903","1336","1781"
"999","ALIGN_HOLD","42163","-64","-351.5625","-3","-3000","-4000000","90000","186516","186516","0","2903","1336","1691"
"1000","ALIGN_HOLD","42165","-62","-340.576171875","2","2000","5000000","90000","186517","186517","0","2903","1336","1667"
