"Seq","Phase","EncoderRaw","TravelRaw","TravelMilliDeg","DeltaRaw","VelocityRawPerSecond","AccelerationRawPerSecond2","PowerPpm","ScheduledTick","SampleTick","LatenessTicks","LoopCycles","SpiLatencyCycles","PwmCounterAtCs"
"0","ALIGN_RAMP","24289","2","10.986328125","2","2000","2000000","0","279806","279806","0","2897","1336","35"
"1","ALIGN_RAMP","24288","1","5.4931640625","-1","-1000","-3000000","180","279807","279807","0","2902","1336","1381"
"2","ALIGN_RAMP","24289","2","10.986328125","1","1000","2000000","360","279808","279808","0","2902","1336","1291"
"3","ALIGN_RAMP","24289","2","10.986328125","0","0","-1000000","540","279809","279809","0","2902","1336","1201"
"4","ALIGN_RAMP","24288","1","5.4931640625","-1","-1000","-1000000","720","279810","279810","0","2902","1336","1111"
"5","ALIGN_RAMP","24287","0","0","-1","-1000","0","900","279811","279811","0","2902","1336","1021"
"6","ALIGN_RAMP","24289","2","10.986328125","2","2000","3000000","1080","279812","279812","0","2902","1336","931"
"7","ALIGN_RAMP","24286","-1","-5.4931640625","-3","-3000","-5000000","1260","279813","279813","0","2902","1336","841"
"8","ALIGN_RAMP","24286","-1","-5.4931640625","0","0","3000000","1440","279814","279814","0","2902","1336","751"
"9","ALIGN_RAMP","24288","1","5.4931640625","2","2000","2000000","1620","279815","279815","0","2902","1336","661"
"10","ALIGN_RAMP","24290","3","16.4794921875","2","2000","0","1800","279816","279816","0","2902","1336","571"
"11","ALIGN_RAMP","24286","-1","-5.4931640625","-4","-4000","-6000000","1980","279817","279817","0","2902","1336","481"
"12","ALIGN_RAMP","24292","5","27.4658203125","6","6000","10000000","2160","279818","279818","0","2902","1336","391"
"13","ALIGN_RAMP","24292","5","27.4658203125","0","0","-6000000","2340","279819","279819","0","2902","1336","301"
"14","ALIGN_RAMP","24289","2","10.986328125","-3","-3000","-3000000","2520","279820","279820","0","2902","1336","211"
"15","ALIGN_RAMP","24290","3","16.4794921875","1","1000","4000000","2700","279821","279821","0","2902","1336","121"
"16","ALIGN_RAMP","24291","4","21.97265625","1","1000","0","2880","279822","279822","0","2902","1336","31"
"17","ALIGN_RAMP","24290","3","16.4794921875","-1","-1000","-2000000","3060","279823","279823","0","2902","1336","2096"
"18","ALIGN_RAMP","24285","-2","-10.986328125","-5","-5000","-4000000","3240","279824","279824","0","2902","1336","2006"
"19","ALIGN_RAMP","24289","2","10.986328125","4","4000","9000000","3420","279825","279825","0","2902","1336","1916"
"20","ALIGN_RAMP","24289","2","10.986328125","0","0","-4000000","3600","279826","279826","0","2902","1336","1826"
"21","ALIGN_RAMP","24290","3","16.4794921875","1","1000","1000000","3780","279827","279827","0","2902","1336","1736"
"22","ALIGN_RAMP","24289","2","10.986328125","-1","-1000","-2000000","3960","279828","279828","0","2902","1336","1646"
"23","ALIGN_RAMP","24288","1","5.4931640625","-1","-1000","0","4140","279829","279829","0","2902","1336","1556"
"24","ALIGN_RAMP","24290","3","16.4794921875","2","2000","3000000","4320","279830","279830","0","2902","1336","1466"
"25","ALIGN_RAMP","24287","0","0","-3","-3000","-5000000","4500","279831","279831","0","2902","1336","1376"
"26","ALIGN_RAMP","24289","2","10.986328125","2","2000","5000000","4680","279832","279832","0","2902","1336","1286"
"27","ALIGN_RAMP","24292","5","27.4658203125","3","3000","1000000","4860","279833","279833","0","2902","1336","1196"
"28","ALIGN_RAMP","24288","1","5.4931640625","-4","-4000","-7000000","5040","279834","279834","0","2902","1336","1106"
"29","ALIGN_RAMP","24289","2","10.986328125","1","1000","5000000","5220","279835","279835","0","2902","1336","1016"
"30","ALIGN_RAMP","24290","3","16.4794921875","1","1000","0","5400","279836","279836","0","2902","1336","926"
"31","ALIGN_RAMP","24286","-1","-5.4931640625","-4","-4000","-5000000","5580","279837","279837","0","2902","1336","836"
"32","ALIGN_RAMP","24291","4","21.97265625","5","5000","9000000","5760","279838","279838","0","2902","1336","746"
"33","ALIGN_RAMP","24294","7","38.4521484375","3","3000","-2000000","5940","279839","279839","0","2902","1336","656"
"34","ALIGN_RAMP","24287","0","0","-7","-7000","-10000000","6120","279840","279840","0","2902","1336","566"
"35","ALIGN_RAMP","24289","2","10.986328125","2","2000","9000000","6300","279841","279841","0","2902","1336","476"
"36","ALIGN_RAMP","24289","2","10.986328125","0","0","-2000000","6480","279842","279842","0","2902","1336","386"
"37","ALIGN_RAMP","24293","6","32.958984375","4","4000","4000000","6660","279843","279843","0","2902","1336","296"
"38","ALIGN_RAMP","24287","0","0","-6","-6000","-10000000","6840","279844","279844","0","2902","1336","206"
"39","ALIGN_RAMP","24283","-4","-21.97265625","-4","-4000","2000000","7020","279845","279845","0","2902","1336","116"
"40","ALIGN_RAMP","24289","2","10.986328125","6","6000","10000000","7200","279846","279846","0","2902","1336","26"
"41","ALIGN_RAMP","24288","1","5.4931640625","-1","-1000","-7000000","7380","279847","279847","0","2902","1336","2091"
"42","ALIGN_RAMP","24290","3","16.4794921875","2","2000","3000000","7560","279848","279848","0","2902","1336","2001"
"43","ALIGN_RAMP","24288","1","5.4931640625","-2","-2000","-4000000","7740","279849","279849","0","2902","1336","1911"
"44","ALIGN_RAMP","24291","4","21.97265625","3","3000","5000000","7920","279850","279850","0","2902","1336","1821"
"45","ALIGN_RAMP","24288","1","5.4931640625","-3","-3000","-6000000","8100","279851","279851","0","2902","1336","1731"
"46","ALIGN_RAMP","24289","2","10.986328125","1","1000","4000000","8280","279852","279852","0","2902","1336","1641"
"47","ALIGN_RAMP","24288","1","5.4931640625","-1","-1000","-2000000","8460","279853","279853","0","2902","1336","1551"
"48","ALIGN_RAMP","24287","0","0","-1","-1000","0","8640","279854","279854","0","2902","1336","1461"
"49","ALIGN_RAMP","24286","-1","-5.4931640625","-1","-1000","0","8820","279855","279855","0","2902","1336","1371"
"50","ALIGN_RAMP","24288","1","5.4931640625","2","2000","3000000","9000","279856","279856","0","2902","1336","1281"
"51","ALIGN_RAMP","24290","3","16.4794921875","2","2000","0","9180","279857","279857","0","2902","1336","1191"
"52","ALIGN_RAMP","24287","0","0","-3","-3000","-5000000","9360","279858","279858","0","2902","1336","1101"
"53","ALIGN_RAMP","24287","0","0","0","0","3000000","9540","279859","279859","0","2902","1336","1011"
"54","ALIGN_RAMP","24290","3","16.4794921875","3","3000","3000000","9720","279860","279860","0","2902","1336","921"
"55","ALIGN_RAMP","24290","3","16.4794921875","0","0","-3000000","9900","279861","279861","0","2902","1336","831"
"56","ALIGN_RAMP","24287","0","0","-3","-3000","-3000000","10080","279862","279862","0","2902","1336","741"
"57","ALIGN_RAMP","24291","4","21.97265625","4","4000","7000000","10260","279863","279863","0","2902","1336","651"
"58","ALIGN_RAMP","24285","-2","-10.986328125","-6","-6000","-10000000","10440","279864","279864","0","2902","1336","561"
"59","ALIGN_RAMP","24288","1","5.4931640625","3","3000","9000000","10620","279865","279865","0","2902","1336","471"
"60","ALIGN_RAMP","24290","3","16.4794921875","2","2000","-1000000","10800","279866","279866","0","2902","1336","381"
"61","ALIGN_RAMP","24285","-2","-10.986328125","-5","-5000","-7000000","10980","279867","279867","0","2902","1336","291"
"62","ALIGN_RAMP","24289","2","10.986328125","4","4000","9000000","11160","279868","279868","0","2902","1336","201"
"63","ALIGN_RAMP","24287","0","0","-2","-2000","-6000000","11340","279869","279869","0","2902","1336","111"
"64","ALIGN_RAMP","24286","-1","-5.4931640625","-1","-1000","1000000","11520","279870","279870","0","2902","1336","21"
"65","ALIGN_RAMP","24286","-1","-5.4931640625","0","0","1000000","11700","279871","279871","0","2902","1336","2086"
"66","ALIGN_RAMP","24291","4","21.97265625","5","5000","5000000","11880","279872","279872","0","2902","1336","1996"
"67","ALIGN_RAMP","24289","2","10.986328125","-2","-2000","-7000000","12060","279873","279873","0","2902","1336","1906"
"68","ALIGN_RAMP","24288","1","5.4931640625","-1","-1000","1000000","12240","279874","279874","0","2902","1336","1816"
"69","ALIGN_RAMP","24287","0","0","-1","-1000","0","12420","279875","279875","0","2902","1336","1726"
"70","ALIGN_RAMP","24288","1","5.4931640625","1","1000","2000000","12600","279876","279876","0","2902","1336","1636"
"71","ALIGN_RAMP","24288","1","5.4931640625","0","0","-1000000","12780","279877","279877","0","2902","1336","1546"
"72","ALIGN_RAMP","24288","1","5.4931640625","0","0","0","12960","279878","279878","0","2902","1336","1456"
"73","ALIGN_RAMP","24292","5","27.4658203125","4","4000","4000000","13140","279879","279879","0","2902","1336","1366"
"74","ALIGN_RAMP","24289","2","10.986328125","-3","-3000","-7000000","13320","279880","279880","0","2902","1336","1276"
"75","ALIGN_RAMP","24289","2","10.986328125","0","0","3000000","13500","279881","279881","0","2902","1336","1186"
"76","ALIGN_RAMP","24290","3","16.4794921875","1","1000","1000000","13680","279882","279882","0","2902","1336","1096"
"77","ALIGN_RAMP","24287","0","0","-3","-3000","-4000000","13860","279883","279883","0","2902","1336","1006"
"78","ALIGN_RAMP","24288","1","5.4931640625","1","1000","4000000","14040","279884","279884","0","2902","1336","916"
"79","ALIGN_RAMP","24289","2","10.986328125","1","1000","0","14220","279885","279885","0","2902","1336","826"
"80","ALIGN_RAMP","24290","3","16.4794921875","1","1000","0","14400","279886","279886","0","2902","1336","736"
"81","ALIGN_RAMP","24289","2","10.986328125","-1","-1000","-2000000","14580","279887","279887","0","2902","1336","646"
"82","ALIGN_RAMP","24287","0","0","-2","-2000","-1000000","14760","279888","279888","0","2902","1336","556"
"83","ALIGN_RAMP","24288","1","5.4931640625","1","1000","3000000","14940","279889","279889","0","2902","1336","466"
"84","ALIGN_RAMP","24291","4","21.97265625","3","3000","2000000","15120","279890","279890","0","2902","1336","376"
"85","ALIGN_RAMP","24289","2","10.986328125","-2","-2000","-5000000","15300","279891","279891","0","2902","1336","286"
"86","ALIGN_RAMP","24288","1","5.4931640625","-1","-1000","1000000","15480","279892","279892","0","2902","1336","196"
"87","ALIGN_RAMP","24291","4","21.97265625","3","3000","4000000","15660","279893","279893","0","2902","1336","106"
"88","ALIGN_RAMP","24288","1","5.4931640625","-3","-3000","-6000000","15840","279894","279894","0","2902","1336","16"
"89","ALIGN_RAMP","24286","-1","-5.4931640625","-2","-2000","1000000","16020","279895","279895","0","2902","1336","2081"
"90","ALIGN_RAMP","24291","4","21.97265625","5","5000","7000000","16200","279896","279896","0","2902","1336","1991"
"91","ALIGN_RAMP","24287","0","0","-4","-4000","-9000000","16380","279897","279897","0","2902","1336","1901"
"92","ALIGN_RAMP","24287","0","0","0","0","4000000","16560","279898","279898","0","2902","1336","1811"
"93","ALIGN_RAMP","24289","2","10.986328125","2","2000","2000000","16740","279899","279899","0","2902","1336","1721"
"94","ALIGN_RAMP","24290","3","16.4794921875","1","1000","-1000000","16920","279900","279900","0","2902","1336","1631"
"95","ALIGN_RAMP","24291","4","21.97265625","1","1000","0","17100","279901","279901","0","2902","1336","1541"
"96","ALIGN_RAMP","24284","-3","-16.4794921875","-7","-7000","-8000000","17280","279902","279902","0","2902","1336","1451"
"97","ALIGN_RAMP","24285","-2","-10.986328125","1","1000","8000000","17460","279903","279903","0","2902","1336","1361"
"98","ALIGN_RAMP","24288","1","5.4931640625","3","3000","2000000","17640","279904","279904","0","2902","1336","1271"
"99","ALIGN_RAMP","24288","1","5.4931640625","0","0","-3000000","17820","279905","279905","0","2902","1336","1181"
"100","ALIGN_RAMP","24286","-1","-5.4931640625","-2","-2000","-2000000","18000","279906","279906","0","2902","1336","1091"
"101","ALIGN_RAMP","24287","0","0","1","1000","3000000","18180","279907","279907","0","2902","1336","1001"
"102","ALIGN_RAMP","24292","5","27.4658203125","5","5000","4000000","18360","279908","279908","0","2902","1336","911"
"103","ALIGN_RAMP","24289","2","10.986328125","-3","-3000","-8000000","18540","279909","279909","0","2902","1336","821"
"104","ALIGN_RAMP","24287","0","0","-2","-2000","1000000","18720","279910","279910","0","2902","1336","731"
"105","ALIGN_RAMP","24287","0","0","0","0","2000000","18900","279911","279911","0","2902","1336","641"
"106","ALIGN_RAMP","24290","3","16.4794921875","3","3000","3000000","19080","279912","279912","0","2902","1336","551"
"107","ALIGN_RAMP","24287","0","0","-3","-3000","-6000000","19260","279913","279913","0","2902","1336","461"
"108","ALIGN_RAMP","24287","0","0","0","0","3000000","19440","279914","279914","0","2902","1336","371"
"109","ALIGN_RAMP","24289","2","10.986328125","2","2000","2000000","19620","279915","279915","0","2902","1336","281"
"110","ALIGN_RAMP","24290","3","16.4794921875","1","1000","-1000000","19800","279916","279916","0","2902","1336","191"
"111","ALIGN_RAMP","24290","3","16.4794921875","0","0","-1000000","19980","279917","279917","0","2902","1336","101"
"112","ALIGN_RAMP","24291","4","21.97265625","1","1000","1000000","20160","279918","279918","0","2902","1336","11"
"113","ALIGN_RAMP","24292","5","27.4658203125","1","1000","0","20340","279919","279919","0","2902","1336","2076"
"114","ALIGN_RAMP","24285","-2","-10.986328125","-7","-7000","-8000000","20520","279920","279920","0","2902","1336","1986"
"115","ALIGN_RAMP","24290","3","16.4794921875","5","5000","12000000","20700","279921","279921","0","2902","1336","1896"
"116","ALIGN_RAMP","24289","2","10.986328125","-1","-1000","-6000000","20880","279922","279922","0","2902","1336","1806"
"117","ALIGN_RAMP","24287","0","0","-2","-2000","-1000000","21060","279923","279923","0","2902","1336","1716"
"118","ALIGN_RAMP","24290","3","16.4794921875","3","3000","5000000","21240","279924","279924","0","2902","1336","1626"
"119","ALIGN_RAMP","24290","3","16.4794921875","0","0","-3000000","21420","279925","279925","0","2902","1336","1536"
"120","ALIGN_RAMP","24288","1","5.4931640625","-2","-2000","-2000000","21600","279926","279926","0","2902","1336","1446"
"121","ALIGN_RAMP","24292","5","27.4658203125","4","4000","6000000","21780","279927","279927","0","2902","1336","1356"
"122","ALIGN_RAMP","24288","1","5.4931640625","-4","-4000","-8000000","21960","279928","279928","0","2902","1336","1266"
"123","ALIGN_RAMP","24290","3","16.4794921875","2","2000","6000000","22140","279929","279929","0","2902","1336","1176"
"124","ALIGN_RAMP","24283","-4","-21.97265625","-7","-7000","-9000000","22320","279930","279930","0","2902","1336","1086"
"125","ALIGN_RAMP","24289","2","10.986328125","6","6000","13000000","22500","279931","279931","0","2902","1336","996"
"126","ALIGN_RAMP","24291","4","21.97265625","2","2000","-4000000","22680","279932","279932","0","2902","1336","906"
"127","ALIGN_RAMP","24286","-1","-5.4931640625","-5","-5000","-7000000","22860","279933","279933","0","2902","1336","816"
"128","ALIGN_RAMP","24285","-2","-10.986328125","-1","-1000","4000000","23040","279934","279934","0","2902","1336","726"
"129","ALIGN_RAMP","24291","4","21.97265625","6","6000","7000000","23220","279935","279935","0","2902","1336","636"
"130","ALIGN_RAMP","24292","5","27.4658203125","1","1000","-5000000","23400","279936","279936","0","2902","1336","546"
"131","ALIGN_RAMP","24290","3","16.4794921875","-2","-2000","-3000000","23580","279937","279937","0","2902","1336","456"
"132","ALIGN_RAMP","24292","5","27.4658203125","2","2000","4000000","23760","279938","279938","0","2902","1336","366"
"133","ALIGN_RAMP","24289","2","10.986328125","-3","-3000","-5000000","23940","279939","279939","0","2902","1336","276"
"134","ALIGN_RAMP","24287","0","0","-2","-2000","1000000","24120","279940","279940","0","2902","1336","186"
"135","ALIGN_RAMP","24289","2","10.986328125","2","2000","4000000","24300","279941","279941","0","2902","1336","96"
"136","ALIGN_RAMP","24286","-1","-5.4931640625","-3","-3000","-5000000","24480","279942","279942","0","2902","1336","6"
"137","ALIGN_RAMP","24287","0","0","1","1000","4000000","24660","279943","279943","0","2902","1336","2071"
"138","ALIGN_RAMP","24287","0","0","0","0","-1000000","24840","279944","279944","0","2902","1336","1981"
"139","ALIGN_RAMP","24291","4","21.97265625","4","4000","4000000","25020","279945","279945","0","2902","1336","1891"
"140","ALIGN_RAMP","24292","5","27.4658203125","1","1000","-3000000","25200","279946","279946","0","2902","1336","1801"
"141","ALIGN_RAMP","24288","1","5.4931640625","-4","-4000","-5000000","25380","279947","279947","0","2902","1336","1711"
"142","ALIGN_RAMP","24290","3","16.4794921875","2","2000","6000000","25560","279948","279948","0","2902","1336","1621"
"143","ALIGN_RAMP","24293","6","32.958984375","3","3000","1000000","25740","279949","279949","0","2902","1336","1531"
"144","ALIGN_RAMP","24292","5","27.4658203125","-1","-1000","-4000000","25920","279950","279950","0","2902","1336","1441"
"145","ALIGN_RAMP","24293","6","32.958984375","1","1000","2000000","26100","279951","279951","0","2902","1336","1351"
"146","ALIGN_RAMP","24291","4","21.97265625","-2","-2000","-3000000","26280","279952","279952","0","2902","1336","1261"
"147","ALIGN_RAMP","24288","1","5.4931640625","-3","-3000","-1000000","26460","279953","279953","0","2902","1336","1171"
"148","ALIGN_RAMP","24290","3","16.4794921875","2","2000","5000000","26640","279954","279954","0","2902","1336","1081"
"149","ALIGN_RAMP","24293","6","32.958984375","3","3000","1000000","26820","279955","279955","0","2902","1336","991"
"150","ALIGN_RAMP","24287","0","0","-6","-6000","-9000000","27000","279956","279956","0","2902","1336","901"
"151","ALIGN_RAMP","24292","5","27.4658203125","5","5000","11000000","27180","279957","279957","0","2902","1336","811"
"152","ALIGN_RAMP","24291","4","21.97265625","-1","-1000","-6000000","27360","279958","279958","0","2902","1336","721"
"153","ALIGN_RAMP","24290","3","16.4794921875","-1","-1000","0","27540","279959","279959","0","2902","1336","631"
"154","ALIGN_RAMP","24290","3","16.4794921875","0","0","1000000","27720","279960","279960","0","2902","1336","541"
"155","ALIGN_RAMP","24290","3","16.4794921875","0","0","0","27900","279961","279961","0","2902","1336","451"
"156","ALIGN_RAMP","24291","4","21.97265625","1","1000","1000000","28080","279962","279962","0","2902","1336","361"
"157","ALIGN_RAMP","24292","5","27.4658203125","1","1000","0","28260","279963","279963","0","2902","1336","271"
"158","ALIGN_RAMP","24292","5","27.4658203125","0","0","-1000000","28440","279964","279964","0","2902","1336","181"
"159","ALIGN_RAMP","24288","1","5.4931640625","-4","-4000","-4000000","28620","279965","279965","0","2902","1336","91"
"160","ALIGN_RAMP","24293","6","32.958984375","5","5000","9000000","28800","279966","279966","0","2902","1336","1"
"161","ALIGN_RAMP","24291","4","21.97265625","-2","-2000","-7000000","28980","279967","279967","0","2902","1336","2066"
"162","ALIGN_RAMP","24292","5","27.4658203125","1","1000","3000000","29160","279968","279968","0","2902","1336","1976"
"163","ALIGN_RAMP","24290","3","16.4794921875","-2","-2000","-3000000","29340","279969","279969","0","2902","1336","1886"
"164","ALIGN_RAMP","24292","5","27.4658203125","2","2000","4000000","29520","279970","279970","0","2902","1336","1796"
"165","ALIGN_RAMP","24292","5","27.4658203125","0","0","-2000000","29700","279971","279971","0","2902","1336","1706"
"166","ALIGN_RAMP","24289","2","10.986328125","-3","-3000","-3000000","29880","279972","279972","0","2902","1336","1616"
"167","ALIGN_RAMP","24293","6","32.958984375","4","4000","7000000","30060","279973","279973","0","2902","1336","1526"
"168","ALIGN_RAMP","24291","4","21.97265625","-2","-2000","-6000000","30240","279974","279974","0","2902","1336","1436"
"169","ALIGN_RAMP","24293","6","32.958984375","2","2000","4000000","30420","279975","279975","0","2902","1336","1346"
"170","ALIGN_RAMP","24293","6","32.958984375","0","0","-2000000","30600","279976","279976","0","2902","1336","1256"
"171","ALIGN_RAMP","24291","4","21.97265625","-2","-2000","-2000000","30780","279977","279977","0","2902","1336","1166"
"172","ALIGN_RAMP","24292","5","27.4658203125","1","1000","3000000","30960","279978","279978","0","2902","1336","1076"
"173","ALIGN_RAMP","24291","4","21.97265625","-1","-1000","-2000000","31140","279979","279979","0","2902","1336","986"
"174","ALIGN_RAMP","24294","7","38.4521484375","3","3000","4000000","31320","279980","279980","0","2902","1336","896"
"175","ALIGN_RAMP","24296","9","49.4384765625","2","2000","-1000000","31500","279981","279981","0","2902","1336","806"
"176","ALIGN_RAMP","24292","5","27.4658203125","-4","-4000","-6000000","31680","279982","279982","0","2902","1336","716"
"177","ALIGN_RAMP","24292","5","27.4658203125","0","0","4000000","31860","279983","279983","0","2902","1336","626"
"178","ALIGN_RAMP","24290","3","16.4794921875","-2","-2000","-2000000","32040","279984","279984","0","2902","1336","536"
"179","ALIGN_RAMP","24291","4","21.97265625","1","1000","3000000","32220","279985","279985","0","2902","1336","446"
"180","ALIGN_RAMP","24292","5","27.4658203125","1","1000","0","32400","279986","279986","0","2902","1336","356"
"181","ALIGN_RAMP","24291","4","21.97265625","-1","-1000","-2000000","32580","279987","279987","0","2902","1336","266"
"182","ALIGN_RAMP","24294","7","38.4521484375","3","3000","4000000","32760","279988","279988","0","2902","1336","176"
"183","ALIGN_RAMP","24292","5","27.4658203125","-2","-2000","-5000000","32940","279989","279989","0","2902","1336","86"
"184","ALIGN_RAMP","24289","2","10.986328125","-3","-3000","-1000000","33120","279990","279990","0","2902","1336","2151"
"185","ALIGN_RAMP","24293","6","32.958984375","4","4000","7000000","33300","279991","279991","0","2902","1336","2061"
"186","ALIGN_RAMP","24293","6","32.958984375","0","0","-4000000","33480","279992","279992","0","2902","1336","1971"
"187","ALIGN_RAMP","24296","9","49.4384765625","3","3000","3000000","33660","279993","279993","0","2902","1336","1881"
"188","ALIGN_RAMP","24292","5","27.4658203125","-4","-4000","-7000000","33840","279994","279994","0","2902","1336","1791"
"189","ALIGN_RAMP","24296","9","49.4384765625","4","4000","8000000","34020","279995","279995","0","2902","1336","1701"
"190","ALIGN_RAMP","24291","4","21.97265625","-5","-5000","-9000000","34200","279996","279996","0","2902","1336","1611"
"191","ALIGN_RAMP","24291","4","21.97265625","0","0","5000000","34380","279997","279997","0","2902","1336","1521"
"192","ALIGN_RAMP","24291","4","21.97265625","0","0","0","34560","279998","279998","0","2902","1336","1431"
"193","ALIGN_RAMP","24294","7","38.4521484375","3","3000","3000000","34740","279999","279999","0","2902","1336","1341"
"194","ALIGN_RAMP","24291","4","21.97265625","-3","-3000","-6000000","34920","280000","280000","0","2902","1336","1251"
"195","ALIGN_RAMP","24296","9","49.4384765625","5","5000","8000000","35100","280001","280001","0","2902","1336","1161"
"196","ALIGN_RAMP","24295","8","43.9453125","-1","-1000","-6000000","35280","280002","280002","0","2902","1336","1071"
"197","ALIGN_RAMP","24295","8","43.9453125","0","0","1000000","35460","280003","280003","0","2902","1336","981"
"198","ALIGN_RAMP","24296","9","49.4384765625","1","1000","1000000","35640","280004","280004","0","2902","1336","891"
"199","ALIGN_RAMP","24295","8","43.9453125","-1","-1000","-2000000","35820","280005","280005","0","2902","1336","801"
"200","ALIGN_RAMP","24294","7","38.4521484375","-1","-1000","0","36000","280006","280006","0","2902","1336","777"
"201","ALIGN_RAMP","24295","8","43.9453125","1","1000","2000000","36180","280007","280007","0","2902","1336","621"
"202","ALIGN_RAMP","24297","10","54.931640625","2","2000","1000000","36360","280008","280008","0","2902","1336","531"
"203","ALIGN_RAMP","24296","9","49.4384765625","-1","-1000","-3000000","36540","280009","280009","0","2902","1336","441"
"204","ALIGN_RAMP","24298","11","60.4248046875","2","2000","3000000","36720","280010","280010","0","2902","1336","351"
"205","ALIGN_RAMP","24298","11","60.4248046875","0","0","-2000000","36900","280011","280011","0","2902","1336","261"
"206","ALIGN_RAMP","24297","10","54.931640625","-1","-1000","-1000000","37080","280012","280012","0","2902","1336","171"
"207","ALIGN_RAMP","24300","13","71.4111328125","3","3000","4000000","37260","280013","280013","0","2902","1336","81"
"208","ALIGN_RAMP","24298","11","60.4248046875","-2","-2000","-5000000","37440","280014","280014","0","2902","1336","2146"
"209","ALIGN_RAMP","24300","13","71.4111328125","2","2000","4000000","37620","280015","280015","0","2902","1336","2056"
"210","ALIGN_RAMP","24300","13","71.4111328125","0","0","-2000000","37800","280016","280016","0","2902","1336","1966"
"211","ALIGN_RAMP","24297","10","54.931640625","-3","-3000","-3000000","37980","280017","280017","0","2902","1336","1876"
"212","ALIGN_RAMP","24299","12","65.91796875","2","2000","5000000","38160","280018","280018","0","2902","1336","1786"
"213","ALIGN_RAMP","24299","12","65.91796875","0","0","-2000000","38340","280019","280019","0","2902","1336","1696"
"214","ALIGN_RAMP","24298","11","60.4248046875","-1","-1000","-1000000","38520","280020","280020","0","2902","1336","1606"
"215","ALIGN_RAMP","24298","11","60.4248046875","0","0","1000000","38700","280021","280021","0","2902","1336","1516"
"216","ALIGN_RAMP","24298","11","60.4248046875","0","0","0","38880","280022","280022","0","2902","1336","1426"
"217","ALIGN_RAMP","24306","19","104.3701171875","8","8000","8000000","39060","280023","280023","0","2902","1336","1336"
"218","ALIGN_RAMP","24298","11","60.4248046875","-8","-8000","-16000000","39240","280024","280024","0","2902","1336","1246"
"219","ALIGN_RAMP","24300","13","71.4111328125","2","2000","10000000","39420","280025","280025","0","2902","1336","1156"
"220","ALIGN_RAMP","24299","12","65.91796875","-1","-1000","-3000000","39600","280026","280026","0","2902","1336","1066"
"221","ALIGN_RAMP","24300","13","71.4111328125","1","1000","2000000","39780","280027","280027","0","2902","1336","976"
"222","ALIGN_RAMP","24301","14","76.904296875","1","1000","0","39960","280028","280028","0","2902","1336","886"
"223","ALIGN_RAMP","24299","12","65.91796875","-2","-2000","-3000000","40140","280029","280029","0","2902","1336","796"
"224","ALIGN_RAMP","24301","14","76.904296875","2","2000","4000000","40320","280030","280030","0","2902","1336","706"
"225","ALIGN_RAMP","24298","11","60.4248046875","-3","-3000","-5000000","40500","280031","280031","0","2902","1336","616"
"226","ALIGN_RAMP","24299","12","65.91796875","1","1000","4000000","40680","280032","280032","0","2902","1336","526"
"227","ALIGN_RAMP","24302","15","82.3974609375","3","3000","2000000","40860","280033","280033","0","2902","1336","436"
"228","ALIGN_RAMP","24301","14","76.904296875","-1","-1000","-4000000","41040","280034","280034","0","2902","1336","346"
"229","ALIGN_RAMP","24303","16","87.890625","2","2000","3000000","41220","280035","280035","0","2902","1336","256"
"230","ALIGN_RAMP","24302","15","82.3974609375","-1","-1000","-3000000","41400","280036","280036","0","2902","1336","166"
"231","ALIGN_RAMP","24300","13","71.4111328125","-2","-2000","-1000000","41580","280037","280037","0","2902","1336","76"
"232","ALIGN_RAMP","24300","13","71.4111328125","0","0","2000000","41760","280038","280038","0","2902","1336","2141"
"233","ALIGN_RAMP","24301","14","76.904296875","1","1000","1000000","41940","280039","280039","0","2902","1336","2051"
"234","ALIGN_RAMP","24302","15","82.3974609375","1","1000","0","42120","280040","280040","0","2902","1336","1961"
"235","ALIGN_RAMP","24301","14","76.904296875","-1","-1000","-2000000","42300","280041","280041","0","2902","1336","1871"
"236","ALIGN_RAMP","24303","16","87.890625","2","2000","3000000","42480","280042","280042","0","2902","1336","1781"
"237","ALIGN_RAMP","24300","13","71.4111328125","-3","-3000","-5000000","42660","280043","280043","0","2902","1336","1691"
"238","ALIGN_RAMP","24303","16","87.890625","3","3000","6000000","42840","280044","280044","0","2902","1336","1601"
"239","ALIGN_RAMP","24301","14","76.904296875","-2","-2000","-5000000","43020","280045","280045","0","2902","1336","1511"
"240","ALIGN_RAMP","24302","15","82.3974609375","1","1000","3000000","43200","280046","280046","0","2902","1336","1421"
"241","ALIGN_RAMP","24303","16","87.890625","1","1000","0","43380","280047","280047","0","2902","1336","1331"
"242","ALIGN_RAMP","24304","17","93.3837890625","1","1000","0","43560","280048","280048","0","2902","1336","1241"
"243","ALIGN_RAMP","24302","15","82.3974609375","-2","-2000","-3000000","43740","280049","280049","0","2902","1336","1151"
"244","ALIGN_RAMP","24304","17","93.3837890625","2","2000","4000000","43920","280050","280050","0","2902","1336","1061"
"245","ALIGN_RAMP","24305","18","98.876953125","1","1000","-1000000","44100","280051","280051","0","2902","1336","971"
"246","ALIGN_RAMP","24304","17","93.3837890625","-1","-1000","-2000000","44280","280052","280052","0","2902","1336","881"
"247","ALIGN_RAMP","24301","14","76.904296875","-3","-3000","-2000000","44460","280053","280053","0","2902","1336","791"
"248","ALIGN_RAMP","24306","19","104.3701171875","5","5000","8000000","44640","280054","280054","0","2902","1336","701"
"249","ALIGN_RAMP","24304","17","93.3837890625","-2","-2000","-7000000","44820","280055","280055","0","2902","1336","611"
"250","ALIGN_RAMP","24300","13","71.4111328125","-4","-4000","-2000000","45000","280056","280056","0","2902","1336","521"
"251","ALIGN_RAMP","24299","12","65.91796875","-1","-1000","3000000","45180","280057","280057","0","2902","1336","431"
"252","ALIGN_RAMP","24302","15","82.3974609375","3","3000","4000000","45360","280058","280058","0","2902","1336","341"
"253","ALIGN_RAMP","24300","13","71.4111328125","-2","-2000","-5000000","45540","280059","280059","0","2902","1336","251"
"254","ALIGN_RAMP","24300","13","71.4111328125","0","0","2000000","45720","280060","280060","0","2902","1336","161"
"255","ALIGN_RAMP","24302","15","82.3974609375","2","2000","2000000","45900","280061","280061","0","2902","1336","71"
"256","ALIGN_RAMP","24305","18","98.876953125","3","3000","1000000","46080","280062","280062","0","2902","1336","2136"
"257","ALIGN_RAMP","24299","12","65.91796875","-6","-6000","-9000000","46260","280063","280063","0","2902","1336","2046"
"258","ALIGN_RAMP","24301","14","76.904296875","2","2000","8000000","46440","280064","280064","0","2902","1336","1956"
"259","ALIGN_RAMP","24302","15","82.3974609375","1","1000","-1000000","46620","280065","280065","0","2902","1336","1866"
"260","ALIGN_RAMP","24300","13","71.4111328125","-2","-2000","-3000000","46800","280066","280066","0","2902","1336","1776"
"261","ALIGN_RAMP","24300","13","71.4111328125","0","0","2000000","46980","280067","280067","0","2902","1336","1686"
"262","ALIGN_RAMP","24300","13","71.4111328125","0","0","0","47160","280068","280068","0","2902","1336","1596"
"263","ALIGN_RAMP","24306","19","104.3701171875","6","6000","6000000","47340","280069","280069","0","2902","1336","1506"
"264","ALIGN_RAMP","24299","12","65.91796875","-7","-7000","-13000000","47520","280070","280070","0","2902","1336","1416"
"265","ALIGN_RAMP","24304","17","93.3837890625","5","5000","12000000","47700","280071","280071","0","2902","1336","1326"
"266","ALIGN_RAMP","24303","16","87.890625","-1","-1000","-6000000","47880","280072","280072","0","2902","1336","1236"
"267","ALIGN_RAMP","24304","17","93.3837890625","1","1000","2000000","48060","280073","280073","0","2902","1336","1146"
"268","ALIGN_RAMP","24303","16","87.890625","-1","-1000","-2000000","48240","280074","280074","0","2902","1336","1056"
"269","ALIGN_RAMP","24308","21","115.3564453125","5","5000","6000000","48420","280075","280075","0","2902","1336","966"
"270","ALIGN_RAMP","24305","18","98.876953125","-3","-3000","-8000000","48600","280076","280076","0","2902","1336","876"
"271","ALIGN_RAMP","24303","16","87.890625","-2","-2000","1000000","48780","280077","280077","0","2902","1336","786"
"272","ALIGN_RAMP","24306","19","104.3701171875","3","3000","5000000","48960","280078","280078","0","2902","1336","696"
"273","ALIGN_RAMP","24308","21","115.3564453125","2","2000","-1000000","49140","280079","280079","0","2902","1336","606"
"274","ALIGN_RAMP","24303","16","87.890625","-5","-5000","-7000000","49320","280080","280080","0","2902","1336","516"
"275","ALIGN_RAMP","24305","18","98.876953125","2","2000","7000000","49500","280081","280081","0","2902","1336","426"
"276","ALIGN_RAMP","24304","17","93.3837890625","-1","-1000","-3000000","49680","280082","280082","0","2902","1336","336"
"277","ALIGN_RAMP","24307","20","109.86328125","3","3000","4000000","49860","280083","280083","0","2902","1336","246"
"278","ALIGN_RAMP","24301","14","76.904296875","-6","-6000","-9000000","50040","280084","280084","0","2902","1336","156"
"279","ALIGN_RAMP","24306","19","104.3701171875","5","5000","11000000","50220","280085","280085","0","2902","1336","66"
"280","ALIGN_RAMP","24305","18","98.876953125","-1","-1000","-6000000","50400","280086","280086","0","2902","1336","2131"
"281","ALIGN_RAMP","24302","15","82.3974609375","-3","-3000","-2000000","50580","280087","280087","0","2902","1336","2041"
"282","ALIGN_RAMP","24308","21","115.3564453125","6","6000","9000000","50760","280088","280088","0","2902","1336","1951"
"283","ALIGN_RAMP","24305","18","98.876953125","-3","-3000","-9000000","50940","280089","280089","0","2902","1336","1861"
"284","ALIGN_RAMP","24304","17","93.3837890625","-1","-1000","2000000","51120","280090","280090","0","2902","1336","1771"
"285","ALIGN_RAMP","24305","18","98.876953125","1","1000","2000000","51300","280091","280091","0","2902","1336","1681"
"286","ALIGN_RAMP","24305","18","98.876953125","0","0","-1000000","51480","280092","280092","0","2902","1336","1591"
"287","ALIGN_RAMP","24303","16","87.890625","-2","-2000","-2000000","51660","280093","280093","0","2902","1336","1501"
"288","ALIGN_RAMP","24305","18","98.876953125","2","2000","4000000","51840","280094","280094","0","2902","1336","1411"
"289","ALIGN_RAMP","24307","20","109.86328125","2","2000","0","52020","280095","280095","0","2902","1336","1321"
"290","ALIGN_RAMP","24308","21","115.3564453125","1","1000","-1000000","52200","280096","280096","0","2902","1336","1231"
"291","ALIGN_RAMP","24304","17","93.3837890625","-4","-4000","-5000000","52380","280097","280097","0","2902","1336","1141"
"292","ALIGN_RAMP","24305","18","98.876953125","1","1000","5000000","52560","280098","280098","0","2902","1336","1051"
"293","ALIGN_RAMP","24302","15","82.3974609375","-3","-3000","-4000000","52740","280099","280099","0","2902","1336","961"
"294","ALIGN_RAMP","24307","20","109.86328125","5","5000","8000000","52920","280100","280100","0","2902","1336","871"
"295","ALIGN_RAMP","24304","17","93.3837890625","-3","-3000","-8000000","53100","280101","280101","0","2902","1336","781"
"296","ALIGN_RAMP","24303","16","87.890625","-1","-1000","2000000","53280","280102","280102","0","2902","1336","691"
"297","ALIGN_RAMP","24303","16","87.890625","0","0","1000000","53460","280103","280103","0","2902","1336","601"
"298","ALIGN_RAMP","24305","18","98.876953125","2","2000","2000000","53640","280104","280104","0","2902","1336","511"
"299","ALIGN_RAMP","24306","19","104.3701171875","1","1000","-1000000","53820","280105","280105","0","2902","1336","421"
"300","ALIGN_RAMP","24306","19","104.3701171875","0","0","-1000000","54000","280106","280106","0","2902","1336","331"
"301","ALIGN_RAMP","24303","16","87.890625","-3","-3000","-3000000","54180","280107","280107","0","2902","1336","241"
"302","ALIGN_RAMP","24304","17","93.3837890625","1","1000","4000000","54360","280108","280108","0","2902","1336","151"
"303","ALIGN_RAMP","24308","21","115.3564453125","4","4000","3000000","54540","280109","280109","0","2902","1336","61"
"304","ALIGN_RAMP","24305","18","98.876953125","-3","-3000","-7000000","54720","280110","280110","0","2902","1336","2126"
"305","ALIGN_RAMP","24304","17","93.3837890625","-1","-1000","2000000","54900","280111","280111","0","2902","1336","2036"
"306","ALIGN_RAMP","24303","16","87.890625","-1","-1000","0","55080","280112","280112","0","2902","1336","1946"
"307","ALIGN_RAMP","24306","19","104.3701171875","3","3000","4000000","55260","280113","280113","0","2902","1336","1856"
"308","ALIGN_RAMP","24307","20","109.86328125","1","1000","-2000000","55440","280114","280114","0","2902","1336","1766"
"309","ALIGN_RAMP","24303","16","87.890625","-4","-4000","-5000000","55620","280115","280115","0","2902","1336","1676"
"310","ALIGN_RAMP","24307","20","109.86328125","4","4000","8000000","55800","280116","280116","0","2902","1336","1586"
"311","ALIGN_RAMP","24304","17","93.3837890625","-3","-3000","-7000000","55980","280117","280117","0","2902","1336","1496"
"312","ALIGN_RAMP","24306","19","104.3701171875","2","2000","5000000","56160","280118","280118","0","2902","1336","1406"
"313","ALIGN_RAMP","24302","15","82.3974609375","-4","-4000","-6000000","56340","280119","280119","0","2902","1336","1316"
"314","ALIGN_RAMP","24306","19","104.3701171875","4","4000","8000000","56520","280120","280120","0","2902","1336","1226"
"315","ALIGN_RAMP","24302","15","82.3974609375","-4","-4000","-8000000","56700","280121","280121","0","2902","1336","1136"
"316","ALIGN_RAMP","24305","18","98.876953125","3","3000","7000000","56880","280122","280122","0","2902","1336","1046"
"317","ALIGN_RAMP","24310","23","126.3427734375","5","5000","2000000","57060","280123","280123","0","2902","1336","956"
"318","ALIGN_RAMP","24308","21","115.3564453125","-2","-2000","-7000000","57240","280124","280124","0","2902","1336","866"
"319","ALIGN_RAMP","24301","14","76.904296875","-7","-7000","-5000000","57420","280125","280125","0","2902","1336","776"
"320","ALIGN_RAMP","24307","20","109.86328125","6","6000","13000000","57600","280126","280126","0","2902","1336","686"
"321","ALIGN_RAMP","24306","19","104.3701171875","-1","-1000","-7000000","57780","280127","280127","0","2902","1336","596"
"322","ALIGN_RAMP","24308","21","115.3564453125","2","2000","3000000","57960","280128","280128","0","2902","1336","506"
"323","ALIGN_RAMP","24308","21","115.3564453125","0","0","-2000000","58140","280129","280129","0","2902","1336","416"
"324","ALIGN_RAMP","24307","20","109.86328125","-1","-1000","-1000000","58320","280130","280130","0","2902","1336","326"
"325","ALIGN_RAMP","24307","20","109.86328125","0","0","1000000","58500","280131","280131","0","2902","1336","236"
"326","ALIGN_RAMP","24304","17","93.3837890625","-3","-3000","-3000000","58680","280132","280132","0","2902","1336","146"
"327","ALIGN_RAMP","24306","19","104.3701171875","2","2000","5000000","58860","280133","280133","0","2902","1336","56"
"328","ALIGN_RAMP","24307","20","109.86328125","1","1000","-1000000","59040","280134","280134","0","2902","1336","2121"
"329","ALIGN_RAMP","24304","17","93.3837890625","-3","-3000","-4000000","59220","280135","280135","0","2902","1336","2031"
"330","ALIGN_RAMP","24309","22","120.849609375","5","5000","8000000","59400","280136","280136","0","2902","1336","1941"
"331","ALIGN_RAMP","24309","22","120.849609375","0","0","-5000000","59580","280137","280137","0","2902","1336","1851"
"332","ALIGN_RAMP","24308","21","115.3564453125","-1","-1000","-1000000","59760","280138","280138","0","2902","1336","1761"
"333","ALIGN_RAMP","24308","21","115.3564453125","0","0","1000000","59940","280139","280139","0","2902","1336","1671"
"334","ALIGN_RAMP","24304","17","93.3837890625","-4","-4000","-4000000","60120","280140","280140","0","2902","1336","1581"
"335","ALIGN_RAMP","24308","21","115.3564453125","4","4000","8000000","60300","280141","280141","0","2902","1336","1491"
"336","ALIGN_RAMP","24306","19","104.3701171875","-2","-2000","-6000000","60480","280142","280142","0","2902","1336","1401"
"337","ALIGN_RAMP","24309","22","120.849609375","3","3000","5000000","60660","280143","280143","0","2902","1336","1311"
"338","ALIGN_RAMP","24305","18","98.876953125","-4","-4000","-7000000","60840","280144","280144","0","2902","1336","1221"
"339","ALIGN_RAMP","24305","18","98.876953125","0","0","4000000","61020","280145","280145","0","2902","1336","1131"
"340","ALIGN_RAMP","24309","22","120.849609375","4","4000","4000000","61200","280146","280146","0","2902","1336","1041"
"341","ALIGN_RAMP","24308","21","115.3564453125","-1","-1000","-5000000","61380","280147","280147","0","2902","1336","951"
"342","ALIGN_RAMP","24304","17","93.3837890625","-4","-4000","-3000000","61560","280148","280148","0","2902","1336","861"
"343","ALIGN_RAMP","24304","17","93.3837890625","0","0","4000000","61740","280149","280149","0","2902","1336","771"
"344","ALIGN_RAMP","24305","18","98.876953125","1","1000","1000000","61920","280150","280150","0","2902","1336","681"
"345","ALIGN_RAMP","24306","19","104.3701171875","1","1000","0","62100","280151","280151","0","2902","1336","591"
"346","ALIGN_RAMP","24304","17","93.3837890625","-2","-2000","-3000000","62280","280152","280152","0","2902","1336","501"
"347","ALIGN_RAMP","24307","20","109.86328125","3","3000","5000000","62460","280153","280153","0","2902","1336","411"
"348","ALIGN_RAMP","24304","17","93.3837890625","-3","-3000","-6000000","62640","280154","280154","0","2902","1336","321"
"349","ALIGN_RAMP","24309","22","120.849609375","5","5000","8000000","62820","280155","280155","0","2902","1336","231"
"350","ALIGN_RAMP","24307","20","109.86328125","-2","-2000","-7000000","63000","280156","280156","0","2902","1336","141"
"351","ALIGN_RAMP","24307","20","109.86328125","0","0","2000000","63180","280157","280157","0","2902","1336","51"
"352","ALIGN_RAMP","24307","20","109.86328125","0","0","0","63360","280158","280158","0","2902","1336","2116"
"353","ALIGN_RAMP","24308","21","115.3564453125","1","1000","1000000","63540","280159","280159","0","2902","1336","2026"
"354","ALIGN_RAMP","24305","18","98.876953125","-3","-3000","-4000000","63720","280160","280160","0","2902","1336","1936"
"355","ALIGN_RAMP","24306","19","104.3701171875","1","1000","4000000","63900","280161","280161","0","2902","1336","1846"
"356","ALIGN_RAMP","24304","17","93.3837890625","-2","-2000","-3000000","64080","280162","280162","0","2902","1336","1756"
"357","ALIGN_RAMP","24308","21","115.3564453125","4","4000","6000000","64260","280163","280163","0","2902","1336","1666"
"358","ALIGN_RAMP","24302","15","82.3974609375","-6","-6000","-10000000","64440","280164","280164","0","2902","1336","1576"
"359","ALIGN_RAMP","24307","20","109.86328125","5","5000","11000000","64620","280165","280165","0","2902","1336","1486"
"360","ALIGN_RAMP","24308","21","115.3564453125","1","1000","-4000000","64800","280166","280166","0","2902","1336","1396"
"361","ALIGN_RAMP","24307","20","109.86328125","-1","-1000","-2000000","64980","280167","280167","0","2902","1336","1306"
"362","ALIGN_RAMP","24305","18","98.876953125","-2","-2000","-1000000","65160","280168","280168","0","2902","1336","1216"
"363","ALIGN_RAMP","24304","17","93.3837890625","-1","-1000","1000000","65340","280169","280169","0","2902","1336","1126"
"364","ALIGN_RAMP","24308","21","115.3564453125","4","4000","5000000","65520","280170","280170","0","2902","1336","1036"
"365","ALIGN_RAMP","24306","19","104.3701171875","-2","-2000","-6000000","65700","280171","280171","0","2902","1336","946"
"366","ALIGN_RAMP","24305","18","98.876953125","-1","-1000","1000000","65880","280172","280172","0","2902","1336","856"
"367","ALIGN_RAMP","24307","20","109.86328125","2","2000","3000000","66060","280173","280173","0","2902","1336","766"
"368","ALIGN_RAMP","24303","16","87.890625","-4","-4000","-6000000","66240","280174","280174","0","2902","1336","676"
"369","ALIGN_RAMP","24307","20","109.86328125","4","4000","8000000","66420","280175","280175","0","2902","1336","586"
"370","ALIGN_RAMP","24308","21","115.3564453125","1","1000","-3000000","66600","280176","280176","0","2902","1336","496"
"371","ALIGN_RAMP","24307","20","109.86328125","-1","-1000","-2000000","66780","280177","280177","0","2902","1336","406"
"372","ALIGN_RAMP","24309","22","120.849609375","2","2000","3000000","66960","280178","280178","0","2902","1336","316"
"373","ALIGN_RAMP","24305","18","98.876953125","-4","-4000","-6000000","67140","280179","280179","0","2902","1336","226"
"374","ALIGN_RAMP","24305","18","98.876953125","0","0","4000000","67320","280180","280180","0","2902","1336","136"
"375","ALIGN_RAMP","24304","17","93.3837890625","-1","-1000","-1000000","67500","280181","280181","0","2902","1336","46"
"376","ALIGN_RAMP","24305","18","98.876953125","1","1000","2000000","67680","280182","280182","0","2902","1336","2111"
"377","ALIGN_RAMP","24307","20","109.86328125","2","2000","1000000","67860","280183","280183","0","2902","1336","2021"
"378","ALIGN_RAMP","24305","18","98.876953125","-2","-2000","-4000000","68040","280184","280184","0","2902","1336","1931"
"379","ALIGN_RAMP","24306","19","104.3701171875","1","1000","3000000","68220","280185","280185","0","2902","1336","1841"
"380","ALIGN_RAMP","24304","17","93.3837890625","-2","-2000","-3000000","68400","280186","280186","0","2902","1336","1751"
"381","ALIGN_RAMP","24306","19","104.3701171875","2","2000","4000000","68580","280187","280187","0","2902","1336","1661"
"382","ALIGN_RAMP","24307","20","109.86328125","1","1000","-1000000","68760","280188","280188","0","2902","1336","1571"
"383","ALIGN_RAMP","24307","20","109.86328125","0","0","-1000000","68940","280189","280189","0","2902","1336","1481"
"384","ALIGN_RAMP","24305","18","98.876953125","-2","-2000","-2000000","69120","280190","280190","0","2902","1336","1391"
"385","ALIGN_RAMP","24306","19","104.3701171875","1","1000","3000000","69300","280191","280191","0","2902","1336","1301"
"386","ALIGN_RAMP","24308","21","115.3564453125","2","2000","1000000","69480","280192","280192","0","2902","1336","1211"
"387","ALIGN_RAMP","24304","17","93.3837890625","-4","-4000","-6000000","69660","280193","280193","0","2902","1336","1121"
"388","ALIGN_RAMP","24305","18","98.876953125","1","1000","5000000","69840","280194","280194","0","2902","1336","1031"
"389","ALIGN_RAMP","24305","18","98.876953125","0","0","-1000000","70020","280195","280195","0","2902","1336","941"
"390","ALIGN_RAMP","24306","19","104.3701171875","1","1000","1000000","70200","280196","280196","0","2902","1336","851"
"391","ALIGN_RAMP","24308","21","115.3564453125","2","2000","1000000","70380","280197","280197","0","2902","1336","761"
"392","ALIGN_RAMP","24305","18","98.876953125","-3","-3000","-5000000","70560","280198","280198","0","2902","1336","671"
"393","ALIGN_RAMP","24304","17","93.3837890625","-1","-1000","2000000","70740","280199","280199","0","2902","1336","581"
"394","ALIGN_RAMP","24307","20","109.86328125","3","3000","4000000","70920","280200","280200","0","2902","1336","491"
"395","ALIGN_RAMP","24307","20","109.86328125","0","0","-3000000","71100","280201","280201","0","2902","1336","401"
"396","ALIGN_RAMP","24308","21","115.3564453125","1","1000","1000000","71280","280202","280202","0","2902","1336","311"
"397","ALIGN_RAMP","24304","17","93.3837890625","-4","-4000","-5000000","71460","280203","280203","0","2902","1336","221"
"398","ALIGN_RAMP","24303","16","87.890625","-1","-1000","3000000","71640","280204","280204","0","2902","1336","131"
"399","ALIGN_RAMP","24304","17","93.3837890625","1","1000","2000000","71820","280205","280205","0","2902","1336","41"
"400","ALIGN_RAMP","24304","17","93.3837890625","0","0","-1000000","72000","280206","280206","0","2902","1336","17"
"401","ALIGN_RAMP","24304","17","93.3837890625","0","0","0","72180","280207","280207","0","2902","1336","2016"
"402","ALIGN_RAMP","24309","22","120.849609375","5","5000","5000000","72360","280208","280208","0","2902","1336","1926"
"403","ALIGN_RAMP","24308","21","115.3564453125","-1","-1000","-6000000","72540","280209","280209","0","2902","1336","1836"
"404","ALIGN_RAMP","24305","18","98.876953125","-3","-3000","-2000000","72720","280210","280210","0","2902","1336","1746"
"405","ALIGN_RAMP","24305","18","98.876953125","0","0","3000000","72900","280211","280211","0","2902","1336","1656"
"406","ALIGN_RAMP","24308","21","115.3564453125","3","3000","3000000","73080","280212","280212","0","2902","1336","1566"
"407","ALIGN_RAMP","24304","17","93.3837890625","-4","-4000","-7000000","73260","280213","280213","0","2902","1336","1476"
"408","ALIGN_RAMP","24306","19","104.3701171875","2","2000","6000000","73440","280214","280214","0","2902","1336","1386"
"409","ALIGN_RAMP","24308","21","115.3564453125","2","2000","0","73620","280215","280215","0","2902","1336","1296"
"410","ALIGN_RAMP","24307","20","109.86328125","-1","-1000","-3000000","73800","280216","280216","0","2902","1336","1206"
"411","ALIGN_RAMP","24306","19","104.3701171875","-1","-1000","0","73980","280217","280217","0","2902","1336","1116"
"412","ALIGN_RAMP","24308","21","115.3564453125","2","2000","3000000","74160","280218","280218","0","2902","1336","1026"
"413","ALIGN_RAMP","24306","19","104.3701171875","-2","-2000","-4000000","74340","280219","280219","0","2902","1336","936"
"414","ALIGN_RAMP","24301","14","76.904296875","-5","-5000","-3000000","74520","280220","280220","0","2902","1336","846"
"415","ALIGN_RAMP","24307","20","109.86328125","6","6000","11000000","74700","280221","280221","0","2902","1336","756"
"416","ALIGN_RAMP","24305","18","98.876953125","-2","-2000","-8000000","74880","280222","280222","0","2902","1336","666"
"417","ALIGN_RAMP","24301","14","76.904296875","-4","-4000","-2000000","75060","280223","280223","0","2902","1336","576"
"418","ALIGN_RAMP","24303","16","87.890625","2","2000","6000000","75240","280224","280224","0","2902","1336","486"
"419","ALIGN_RAMP","24308","21","115.3564453125","5","5000","3000000","75420","280225","280225","0","2902","1336","396"
"420","ALIGN_RAMP","24303","16","87.890625","-5","-5000","-10000000","75600","280226","280226","0","2902","1336","306"
"421","ALIGN_RAMP","24305","18","98.876953125","2","2000","7000000","75780","280227","280227","0","2902","1336","216"
"422","ALIGN_RAMP","24308","21","115.3564453125","3","3000","1000000","75960","280228","280228","0","2902","1336","126"
"423","ALIGN_RAMP","24303","16","87.890625","-5","-5000","-8000000","76140","280229","280229","0","2902","1336","36"
"424","ALIGN_RAMP","24304","17","93.3837890625","1","1000","6000000","76320","280230","280230","0","2902","1336","2101"
"425","ALIGN_RAMP","24304","17","93.3837890625","0","0","-1000000","76500","280231","280231","0","2902","1336","2011"
"426","ALIGN_RAMP","24307","20","109.86328125","3","3000","3000000","76680","280232","280232","0","2902","1336","1921"
"427","ALIGN_RAMP","24310","23","126.3427734375","3","3000","0","76860","280233","280233","0","2902","1336","1831"
"428","ALIGN_RAMP","24305","18","98.876953125","-5","-5000","-8000000","77040","280234","280234","0","2902","1336","1741"
"429","ALIGN_RAMP","24306","19","104.3701171875","1","1000","6000000","77220","280235","280235","0","2902","1336","1651"
"430","ALIGN_RAMP","24306","19","104.3701171875","0","0","-1000000","77400","280236","280236","0","2902","1336","1561"
"431","ALIGN_RAMP","24305","18","98.876953125","-1","-1000","-1000000","77580","280237","280237","0","2902","1336","1471"
"432","ALIGN_RAMP","24306","19","104.3701171875","1","1000","2000000","77760","280238","280238","0","2902","1336","1381"
"433","ALIGN_RAMP","24305","18","98.876953125","-1","-1000","-2000000","77940","280239","280239","0","2902","1336","1291"
"434","ALIGN_RAMP","24306","19","104.3701171875","1","1000","2000000","78120","280240","280240","0","2902","1336","1201"
"435","ALIGN_RAMP","24307","20","109.86328125","1","1000","0","78300","280241","280241","0","2902","1336","1111"
"436","ALIGN_RAMP","24306","19","104.3701171875","-1","-1000","-2000000","78480","280242","280242","0","2902","1336","1021"
"437","ALIGN_RAMP","24308","21","115.3564453125","2","2000","3000000","78660","280243","280243","0","2902","1336","931"
"438","ALIGN_RAMP","24306","19","104.3701171875","-2","-2000","-4000000","78840","280244","280244","0","2902","1336","841"
"439","ALIGN_RAMP","24308","21","115.3564453125","2","2000","4000000","79020","280245","280245","0","2902","1336","751"
"440","ALIGN_RAMP","24304","17","93.3837890625","-4","-4000","-6000000","79200","280246","280246","0","2902","1336","661"
"441","ALIGN_RAMP","24307","20","109.86328125","3","3000","7000000","79380","280247","280247","0","2902","1336","571"
"442","ALIGN_RAMP","24304","17","93.3837890625","-3","-3000","-6000000","79560","280248","280248","0","2902","1336","481"
"443","ALIGN_RAMP","24305","18","98.876953125","1","1000","4000000","79740","280249","280249","0","2902","1336","391"
"444","ALIGN_RAMP","24304","17","93.3837890625","-1","-1000","-2000000","79920","280250","280250","0","2902","1336","301"
"445","ALIGN_RAMP","24307","20","109.86328125","3","3000","4000000","80100","280251","280251","0","2902","1336","211"
"446","ALIGN_RAMP","24304","17","93.3837890625","-3","-3000","-6000000","80280","280252","280252","0","2902","1336","121"
"447","ALIGN_RAMP","24305","18","98.876953125","1","1000","4000000","80460","280253","280253","0","2902","1336","31"
"448","ALIGN_RAMP","24304","17","93.3837890625","-1","-1000","-2000000","80640","280254","280254","0","2902","1336","2096"
"449","ALIGN_RAMP","24306","19","104.3701171875","2","2000","3000000","80820","280255","280255","0","2902","1336","2006"
"450","ALIGN_RAMP","24304","17","93.3837890625","-2","-2000","-4000000","81000","280256","280256","0","2902","1336","1916"
"451","ALIGN_RAMP","24306","19","104.3701171875","2","2000","4000000","81180","280257","280257","0","2902","1336","1826"
"452","ALIGN_RAMP","24305","18","98.876953125","-1","-1000","-3000000","81360","280258","280258","0","2902","1336","1736"
"453","ALIGN_RAMP","24305","18","98.876953125","0","0","1000000","81540","280259","280259","0","2902","1336","1646"
"454","ALIGN_RAMP","24305","18","98.876953125","0","0","0","81720","280260","280260","0","2902","1336","1556"
"455","ALIGN_RAMP","24308","21","115.3564453125","3","3000","3000000","81900","280261","280261","0","2902","1336","1466"
"456","ALIGN_RAMP","24304","17","93.3837890625","-4","-4000","-7000000","82080","280262","280262","0","2902","1336","1376"
"457","ALIGN_RAMP","24304","17","93.3837890625","0","0","4000000","82260","280263","280263","0","2902","1336","1286"
"458","ALIGN_RAMP","24306","19","104.3701171875","2","2000","2000000","82440","280264","280264","0","2902","1336","1196"
"459","ALIGN_RAMP","24307","20","109.86328125","1","1000","-1000000","82620","280265","280265","0","2902","1336","1106"
"460","ALIGN_RAMP","24304","17","93.3837890625","-3","-3000","-4000000","82800","280266","280266","0","2902","1336","1016"
"461","ALIGN_RAMP","24307","20","109.86328125","3","3000","6000000","82980","280267","280267","0","2902","1336","926"
"462","ALIGN_RAMP","24306","19","104.3701171875","-1","-1000","-4000000","83160","280268","280268","0","2902","1336","836"
"463","ALIGN_RAMP","24304","17","93.3837890625","-2","-2000","-1000000","83340","280269","280269","0","2902","1336","746"
"464","ALIGN_RAMP","24304","17","93.3837890625","0","0","2000000","83520","280270","280270","0","2902","1336","656"
"465","ALIGN_RAMP","24307","20","109.86328125","3","3000","3000000","83700","280271","280271","0","2902","1336","566"
"466","ALIGN_RAMP","24308","21","115.3564453125","1","1000","-2000000","83880","280272","280272","0","2902","1336","476"
"467","ALIGN_RAMP","24303","16","87.890625","-5","-5000","-6000000","84060","280273","280273","0","2902","1336","386"
"468","ALIGN_RAMP","24303","16","87.890625","0","0","5000000","84240","280274","280274","0","2902","1336","296"
"469","ALIGN_RAMP","24308","21","115.3564453125","5","5000","5000000","84420","280275","280275","0","2902","1336","206"
"470","ALIGN_RAMP","24306","19","104.3701171875","-2","-2000","-7000000","84600","280276","280276","0","2902","1336","116"
"471","ALIGN_RAMP","24305","18","98.876953125","-1","-1000","1000000","84780","280277","280277","0","2902","1336","26"
"472","ALIGN_RAMP","24307","20","109.86328125","2","2000","3000000","84960","280278","280278","0","2902","1336","2091"
"473","ALIGN_RAMP","24304","17","93.3837890625","-3","-3000","-5000000","85140","280279","280279","0","2902","1336","2001"
"474","ALIGN_RAMP","24307","20","109.86328125","3","3000","6000000","85320","280280","280280","0","2902","1336","1911"
"475","ALIGN_RAMP","24308","21","115.3564453125","1","1000","-2000000","85500","280281","280281","0","2902","1336","1821"
"476","ALIGN_RAMP","24304","17","93.3837890625","-4","-4000","-5000000","85680","280282","280282","0","2902","1336","1731"
"477","ALIGN_RAMP","24305","18","98.876953125","1","1000","5000000","85860","280283","280283","0","2902","1336","1641"
"478","ALIGN_RAMP","24306","19","104.3701171875","1","1000","0","86040","280284","280284","0","2902","1336","1551"
"479","ALIGN_RAMP","24306","19","104.3701171875","0","0","-1000000","86220","280285","280285","0","2902","1336","1461"
"480","ALIGN_RAMP","24305","18","98.876953125","-1","-1000","-1000000","86400","280286","280286","0","2902","1336","1371"
"481","ALIGN_RAMP","24305","18","98.876953125","0","0","1000000","86580","280287","280287","0","2902","1336","1281"
"482","ALIGN_RAMP","24302","15","82.3974609375","-3","-3000","-3000000","86760","280288","280288","0","2902","1336","1191"
"483","ALIGN_RAMP","24307","20","109.86328125","5","5000","8000000","86940","280289","280289","0","2902","1336","1101"
"484","ALIGN_RAMP","24301","14","76.904296875","-6","-6000","-11000000","87120","280290","280290","0","2902","1336","1011"
"485","ALIGN_RAMP","24304","17","93.3837890625","3","3000","9000000","87300","280291","280291","0","2902","1336","921"
"486","ALIGN_RAMP","24305","18","98.876953125","1","1000","-2000000","87480","280292","280292","0","2902","1336","831"
"487","ALIGN_RAMP","24305","18","98.876953125","0","0","-1000000","87660","280293","280293","0","2902","1336","741"
"488","ALIGN_RAMP","24306","19","104.3701171875","1","1000","1000000","87840","280294","280294","0","2902","1336","651"
"489","ALIGN_RAMP","24304","17","93.3837890625","-2","-2000","-3000000","88020","280295","280295","0","2902","1336","561"
"490","ALIGN_RAMP","24309","22","120.849609375","5","5000","7000000","88200","280296","280296","0","2902","1336","471"
"491","ALIGN_RAMP","24304","17","93.3837890625","-5","-5000","-10000000","88380","280297","280297","0","2902","1336","381"
"492","ALIGN_RAMP","24306","19","104.3701171875","2","2000","7000000","88560","280298","280298","0","2902","1336","291"
"493","ALIGN_RAMP","24305","18","98.876953125","-1","-1000","-3000000","88740","280299","280299","0","2902","1336","201"
"494","ALIGN_RAMP","24306","19","104.3701171875","1","1000","2000000","88920","280300","280300","0","2902","1336","111"
"495","ALIGN_RAMP","24308","21","115.3564453125","2","2000","1000000","89100","280301","280301","0","2902","1336","21"
"496","ALIGN_RAMP","24308","21","115.3564453125","0","0","-2000000","89280","280302","280302","0","2902","1336","2086"
"497","ALIGN_RAMP","24308","21","115.3564453125","0","0","0","89460","280303","280303","0","2902","1336","1996"
"498","ALIGN_RAMP","24303","16","87.890625","-5","-5000","-5000000","89640","280304","280304","0","2902","1336","1906"
"499","ALIGN_RAMP","24306","19","104.3701171875","3","3000","8000000","89820","280305","280305","0","2902","1336","1816"
"500","ALIGN_RAMP","24304","17","93.3837890625","-2","-2000","-5000000","90000","280306","280306","0","2903","1336","1726"
"501","ALIGN_HOLD","24306","19","104.3701171875","2","2000","4000000","90000","280307","280307","0","2903","1336","1636"
"502","ALIGN_HOLD","24307","20","109.86328125","1","1000","-1000000","90000","280308","280308","0","2903","1336","1546"
"503","ALIGN_HOLD","24306","19","104.3701171875","-1","-1000","-2000000","90000","280309","280309","0","2903","1336","1456"
"504","ALIGN_HOLD","24306","19","104.3701171875","0","0","1000000","90000","280310","280310","0","2903","1336","1366"
"505","ALIGN_HOLD","24307","20","109.86328125","1","1000","1000000","90000","280311","280311","0","2903","1336","1276"
"506","ALIGN_HOLD","24307","20","109.86328125","0","0","-1000000","90000","280312","280312","0","2903","1336","1186"
"507","ALIGN_HOLD","24302","15","82.3974609375","-5","-5000","-5000000","90000","280313","280313","0","2903","1336","1096"
"508","ALIGN_HOLD","24301","14","76.904296875","-1","-1000","4000000","90000","280314","280314","0","2903","1336","1006"
"509","ALIGN_HOLD","24305","18","98.876953125","4","4000","5000000","90000","280315","280315","0","2903","1336","916"
"510","ALIGN_HOLD","24301","14","76.904296875","-4","-4000","-8000000","90000","280316","280316","0","2903","1336","826"
"511","ALIGN_HOLD","24303","16","87.890625","2","2000","6000000","90000","280317","280317","0","2903","1336","736"
"512","ALIGN_HOLD","24302","15","82.3974609375","-1","-1000","-3000000","90000","280318","280318","0","2903","1336","646"
"513","ALIGN_HOLD","24303","16","87.890625","1","1000","2000000","90000","280319","280319","0","2903","1336","556"
"514","ALIGN_HOLD","24303","16","87.890625","0","0","-1000000","90000","280320","280320","0","2903","1336","466"
"515","ALIGN_HOLD","24303","16","87.890625","0","0","0","90000","280321","280321","0","2903","1336","376"
"516","ALIGN_HOLD","24303","16","87.890625","0","0","0","90000","280322","280322","0","2903","1336","286"
"517","ALIGN_HOLD","24305","18","98.876953125","2","2000","2000000","90000","280323","280323","0","2903","1336","196"
"518","ALIGN_HOLD","24306","19","104.3701171875","1","1000","-1000000","90000","280324","280324","0","2903","1336","106"
"519","ALIGN_HOLD","24306","19","104.3701171875","0","0","-1000000","90000","280325","280325","0","2903","1336","16"
"520","ALIGN_HOLD","24305","18","98.876953125","-1","-1000","-1000000","90000","280326","280326","0","2903","1336","2081"
"521","ALIGN_HOLD","24302","15","82.3974609375","-3","-3000","-2000000","90000","280327","280327","0","2903","1336","1991"
"522","ALIGN_HOLD","24307","20","109.86328125","5","5000","8000000","90000","280328","280328","0","2903","1336","1901"
"523","ALIGN_HOLD","24306","19","104.3701171875","-1","-1000","-6000000","90000","280329","280329","0","2903","1336","1811"
"524","ALIGN_HOLD","24301","14","76.904296875","-5","-5000","-4000000","90000","280330","280330","0","2903","1336","1721"
"525","ALIGN_HOLD","24305","18","98.876953125","4","4000","9000000","90000","280331","280331","0","2903","1336","1631"
"526","ALIGN_HOLD","24305","18","98.876953125","0","0","-4000000","90000","280332","280332","0","2903","1336","1541"
"527","ALIGN_HOLD","24308","21","115.3564453125","3","3000","3000000","90000","280333","280333","0","2903","1336","1451"
"528","ALIGN_HOLD","24307","20","109.86328125","-1","-1000","-4000000","90000","280334","280334","0","2903","1336","1361"
"529","ALIGN_HOLD","24309","22","120.849609375","2","2000","3000000","90000","280335","280335","0","2903","1336","1271"
"530","ALIGN_HOLD","24308","21","115.3564453125","-1","-1000","-3000000","90000","280336","280336","0","2903","1336","1181"
"531","ALIGN_HOLD","24306","19","104.3701171875","-2","-2000","-1000000","90000","280337","280337","0","2903","1336","1091"
"532","ALIGN_HOLD","24308","21","115.3564453125","2","2000","4000000","90000","280338","280338","0","2903","1336","1001"
"533","ALIGN_HOLD","24306","19","104.3701171875","-2","-2000","-4000000","90000","280339","280339","0","2903","1336","911"
"534","ALIGN_HOLD","24302","15","82.3974609375","-4","-4000","-2000000","90000","280340","280340","0","2903","1336","821"
"535","ALIGN_HOLD","24299","12","65.91796875","-3","-3000","1000000","90000","280341","280341","0","2903","1336","731"
"536","ALIGN_HOLD","24304","17","93.3837890625","5","5000","8000000","90000","280342","280342","0","2903","1336","641"
"537","ALIGN_HOLD","24307","20","109.86328125","3","3000","-2000000","90000","280343","280343","0","2903","1336","551"
"538","ALIGN_HOLD","24305","18","98.876953125","-2","-2000","-5000000","90000","280344","280344","0","2903","1336","461"
"539","ALIGN_HOLD","24301","14","76.904296875","-4","-4000","-2000000","90000","280345","280345","0","2903","1336","371"
"540","ALIGN_HOLD","24305","18","98.876953125","4","4000","8000000","90000","280346","280346","0","2903","1336","281"
"541","ALIGN_HOLD","24307","20","109.86328125","2","2000","-2000000","90000","280347","280347","0","2903","1336","191"
"542","ALIGN_HOLD","24307","20","109.86328125","0","0","-2000000","90000","280348","280348","0","2903","1336","101"
"543","ALIGN_HOLD","24305","18","98.876953125","-2","-2000","-2000000","90000","280349","280349","0","2903","1336","11"
"544","ALIGN_HOLD","24307","20","109.86328125","2","2000","4000000","90000","280350","280350","0","2903","1336","2076"
"545","ALIGN_HOLD","24308","21","115.3564453125","1","1000","-1000000","90000","280351","280351","0","2903","1336","1986"
"546","ALIGN_HOLD","24306","19","104.3701171875","-2","-2000","-3000000","90000","280352","280352","0","2903","1336","1896"
"547","ALIGN_HOLD","24306","19","104.3701171875","0","0","2000000","90000","280353","280353","0","2903","1336","1806"
"548","ALIGN_HOLD","24302","15","82.3974609375","-4","-4000","-4000000","90000","280354","280354","0","2903","1336","1716"
"549","ALIGN_HOLD","24309","22","120.849609375","7","7000","11000000","90000","280355","280355","0","2903","1336","1626"
"550","ALIGN_HOLD","24304","17","93.3837890625","-5","-5000","-12000000","90000","280356","280356","0","2903","1336","1536"
"551","ALIGN_HOLD","24308","21","115.3564453125","4","4000","9000000","90000","280357","280357","0","2903","1336","1446"
"552","ALIGN_HOLD","24303","16","87.890625","-5","-5000","-9000000","90000","280358","280358","0","2903","1336","1356"
"553","ALIGN_HOLD","24307","20","109.86328125","4","4000","9000000","90000","280359","280359","0","2903","1336","1266"
"554","ALIGN_HOLD","24302","15","82.3974609375","-5","-5000","-9000000","90000","280360","280360","0","2903","1336","1176"
"555","ALIGN_HOLD","24308","21","115.3564453125","6","6000","11000000","90000","280361","280361","0","2903","1336","1086"
"556","ALIGN_HOLD","24304","17","93.3837890625","-4","-4000","-10000000","90000","280362","280362","0","2903","1336","996"
"557","ALIGN_HOLD","24305","18","98.876953125","1","1000","5000000","90000","280363","280363","0","2903","1336","906"
"558","ALIGN_HOLD","24307","20","109.86328125","2","2000","1000000","90000","280364","280364","0","2903","1336","816"
"559","ALIGN_HOLD","24307","20","109.86328125","0","0","-2000000","90000","280365","280365","0","2903","1336","726"
"560","ALIGN_HOLD","24307","20","109.86328125","0","0","0","90000","280366","280366","0","2903","1336","636"
"561","ALIGN_HOLD","24307","20","109.86328125","0","0","0","90000","280367","280367","0","2903","1336","546"
"562","ALIGN_HOLD","24306","19","104.3701171875","-1","-1000","-1000000","90000","280368","280368","0","2903","1336","456"
"563","ALIGN_HOLD","24308","21","115.3564453125","2","2000","3000000","90000","280369","280369","0","2903","1336","366"
"564","ALIGN_HOLD","24304","17","93.3837890625","-4","-4000","-6000000","90000","280370","280370","0","2903","1336","276"
"565","ALIGN_HOLD","24303","16","87.890625","-1","-1000","3000000","90000","280371","280371","0","2903","1336","186"
"566","ALIGN_HOLD","24307","20","109.86328125","4","4000","5000000","90000","280372","280372","0","2903","1336","96"
"567","ALIGN_HOLD","24306","19","104.3701171875","-1","-1000","-5000000","90000","280373","280373","0","2903","1336","6"
"568","ALIGN_HOLD","24304","17","93.3837890625","-2","-2000","-1000000","90000","280374","280374","0","2903","1336","2071"
"569","ALIGN_HOLD","24306","19","104.3701171875","2","2000","4000000","90000","280375","280375","0","2903","1336","1981"
"570","ALIGN_HOLD","24303","16","87.890625","-3","-3000","-5000000","90000","280376","280376","0","2903","1336","1891"
"571","ALIGN_HOLD","24307","20","109.86328125","4","4000","7000000","90000","280377","280377","0","2903","1336","1801"
"572","ALIGN_HOLD","24303","16","87.890625","-4","-4000","-8000000","90000","280378","280378","0","2903","1336","1711"
"573","ALIGN_HOLD","24305","18","98.876953125","2","2000","6000000","90000","280379","280379","0","2903","1336","1621"
"574","ALIGN_HOLD","24305","18","98.876953125","0","0","-2000000","90000","280380","280380","0","2903","1336","1531"
"575","ALIGN_HOLD","24306","19","104.3701171875","1","1000","1000000","90000","280381","280381","0","2903","1336","1441"
"576","ALIGN_HOLD","24307","20","109.86328125","1","1000","0","90000","280382","280382","0","2903","1336","1351"
"577","ALIGN_HOLD","24305","18","98.876953125","-2","-2000","-3000000","90000","280383","280383","0","2903","1336","1261"
"578","ALIGN_HOLD","24307","20","109.86328125","2","2000","4000000","90000","280384","280384","0","2903","1336","1171"
"579","ALIGN_HOLD","24306","19","104.3701171875","-1","-1000","-3000000","90000","280385","280385","0","2903","1336","1081"
"580","ALIGN_HOLD","24308","21","115.3564453125","2","2000","3000000","90000","280386","280386","0","2903","1336","991"
"581","ALIGN_HOLD","24309","22","120.849609375","1","1000","-1000000","90000","280387","280387","0","2903","1336","901"
"582","ALIGN_HOLD","24305","18","98.876953125","-4","-4000","-5000000","90000","280388","280388","0","2903","1336","811"
"583","ALIGN_HOLD","24307","20","109.86328125","2","2000","6000000","90000","280389","280389","0","2903","1336","721"
"584","ALIGN_HOLD","24306","19","104.3701171875","-1","-1000","-3000000","90000","280390","280390","0","2903","1336","631"
"585","ALIGN_HOLD","24304","17","93.3837890625","-2","-2000","-1000000","90000","280391","280391","0","2903","1336","541"
"586","ALIGN_HOLD","24306","19","104.3701171875","2","2000","4000000","90000","280392","280392","0","2903","1336","451"
"587","ALIGN_HOLD","24306","19","104.3701171875","0","0","-2000000","90000","280393","280393","0","2903","1336","361"
"588","ALIGN_HOLD","24306","19","104.3701171875","0","0","0","90000","280394","280394","0","2903","1336","271"
"589","ALIGN_HOLD","24306","19","104.3701171875","0","0","0","90000","280395","280395","0","2903","1336","181"
"590","ALIGN_HOLD","24306","19","104.3701171875","0","0","0","90000","280396","280396","0","2903","1336","91"
"591","ALIGN_HOLD","24302","15","82.3974609375","-4","-4000","-4000000","90000","280397","280397","0","2903","1336","1"
"592","ALIGN_HOLD","24309","22","120.849609375","7","7000","11000000","90000","280398","280398","0","2903","1336","2066"
"593","ALIGN_HOLD","24307","20","109.86328125","-2","-2000","-9000000","90000","280399","280399","0","2903","1336","1976"
"594","ALIGN_HOLD","24306","19","104.3701171875","-1","-1000","1000000","90000","280400","280400","0","2903","1336","1886"
"595","ALIGN_HOLD","24307","20","109.86328125","1","1000","2000000","90000","280401","280401","0","2903","1336","1796"
"596","ALIGN_HOLD","24307","20","109.86328125","0","0","-1000000","90000","280402","280402","0","2903","1336","1706"
"597","ALIGN_HOLD","24306","19","104.3701171875","-1","-1000","-1000000","90000","280403","280403","0","2903","1336","1616"
"598","ALIGN_HOLD","24304","17","93.3837890625","-2","-2000","-1000000","90000","280404","280404","0","2903","1336","1526"
"599","ALIGN_HOLD","24308","21","115.3564453125","4","4000","6000000","90000","280405","280405","0","2903","1336","1436"
"600","ALIGN_HOLD","24304","17","93.3837890625","-4","-4000","-8000000","90000","280406","280406","0","2903","1336","1412"
"601","ALIGN_HOLD","24308","21","115.3564453125","4","4000","8000000","90000","280407","280407","0","2903","1336","1256"
"602","ALIGN_HOLD","24307","20","109.86328125","-1","-1000","-5000000","90000","280408","280408","0","2903","1336","1166"
"603","ALIGN_HOLD","24304","17","93.3837890625","-3","-3000","-2000000","90000","280409","280409","0","2903","1336","1076"
"604","ALIGN_HOLD","24303","16","87.890625","-1","-1000","2000000","90000","280410","280410","0","2903","1336","986"
"605","ALIGN_HOLD","24305","18","98.876953125","2","2000","3000000","90000","280411","280411","0","2903","1336","896"
"606","ALIGN_HOLD","24305","18","98.876953125","0","0","-2000000","90000","280412","280412","0","2903","1336","806"
"607","ALIGN_HOLD","24306","19","104.3701171875","1","1000","1000000","90000","280413","280413","0","2903","1336","716"
"608","ALIGN_HOLD","24301","14","76.904296875","-5","-5000","-6000000","90000","280414","280414","0","2903","1336","626"
"609","ALIGN_HOLD","24305","18","98.876953125","4","4000","9000000","90000","280415","280415","0","2903","1336","536"
"610","ALIGN_HOLD","24304","17","93.3837890625","-1","-1000","-5000000","90000","280416","280416","0","2903","1336","446"
"611","ALIGN_HOLD","24307","20","109.86328125","3","3000","4000000","90000","280417","280417","0","2903","1336","356"
"612","ALIGN_HOLD","24309","22","120.849609375","2","2000","-1000000","90000","280418","280418","0","2903","1336","266"
"613","ALIGN_HOLD","24306","19","104.3701171875","-3","-3000","-5000000","90000","280419","280419","0","2903","1336","176"
"614","ALIGN_HOLD","24303","16","87.890625","-3","-3000","0","90000","280420","280420","0","2903","1336","86"
"615","ALIGN_HOLD","24305","18","98.876953125","2","2000","5000000","90000","280421","280421","0","2903","1336","2151"
"616","ALIGN_HOLD","24306","19","104.3701171875","1","1000","-1000000","90000","280422","280422","0","2903","1336","2061"
"617","ALIGN_HOLD","24303","16","87.890625","-3","-3000","-4000000","90000","280423","280423","0","2903","1336","1971"
"618","ALIGN_HOLD","24308","21","115.3564453125","5","5000","8000000","90000","280424","280424","0","2903","1336","1881"
"619","ALIGN_HOLD","24303","16","87.890625","-5","-5000","-10000000","90000","280425","280425","0","2903","1336","1791"
"620","ALIGN_HOLD","24304","17","93.3837890625","1","1000","6000000","90000","280426","280426","0","2903","1336","1701"
"621","ALIGN_HOLD","24306","19","104.3701171875","2","2000","1000000","90000","280427","280427","0","2903","1336","1611"
"622","ALIGN_HOLD","24304","17","93.3837890625","-2","-2000","-4000000","90000","280428","280428","0","2903","1336","1521"
"623","ALIGN_HOLD","24305","18","98.876953125","1","1000","3000000","90000","280429","280429","0","2903","1336","1431"
"624","ALIGN_HOLD","24307","20","109.86328125","2","2000","1000000","90000","280430","280430","0","2903","1336","1341"
"625","ALIGN_HOLD","24303","16","87.890625","-4","-4000","-6000000","90000","280431","280431","0","2903","1336","1251"
"626","ALIGN_HOLD","24304","17","93.3837890625","1","1000","5000000","90000","280432","280432","0","2903","1336","1161"
"627","ALIGN_HOLD","24303","16","87.890625","-1","-1000","-2000000","90000","280433","280433","0","2903","1336","1071"
"628","ALIGN_HOLD","24305","18","98.876953125","2","2000","3000000","90000","280434","280434","0","2903","1336","981"
"629","ALIGN_HOLD","24306","19","104.3701171875","1","1000","-1000000","90000","280435","280435","0","2903","1336","891"
"630","ALIGN_HOLD","24304","17","93.3837890625","-2","-2000","-3000000","90000","280436","280436","0","2903","1336","801"
"631","ALIGN_HOLD","24306","19","104.3701171875","2","2000","4000000","90000","280437","280437","0","2903","1336","711"
"632","ALIGN_HOLD","24304","17","93.3837890625","-2","-2000","-4000000","90000","280438","280438","0","2903","1336","621"
"633","ALIGN_HOLD","24305","18","98.876953125","1","1000","3000000","90000","280439","280439","0","2903","1336","531"
"634","ALIGN_HOLD","24306","19","104.3701171875","1","1000","0","90000","280440","280440","0","2903","1336","441"
"635","ALIGN_HOLD","24306","19","104.3701171875","0","0","-1000000","90000","280441","280441","0","2903","1336","351"
"636","ALIGN_HOLD","24306","19","104.3701171875","0","0","0","90000","280442","280442","0","2903","1336","261"
"637","ALIGN_HOLD","24305","18","98.876953125","-1","-1000","-1000000","90000","280443","280443","0","2903","1336","171"
"638","ALIGN_HOLD","24305","18","98.876953125","0","0","1000000","90000","280444","280444","0","2903","1336","81"
"639","ALIGN_HOLD","24308","21","115.3564453125","3","3000","3000000","90000","280445","280445","0","2903","1336","2146"
"640","ALIGN_HOLD","24306","19","104.3701171875","-2","-2000","-5000000","90000","280446","280446","0","2903","1336","2056"
"641","ALIGN_HOLD","24305","18","98.876953125","-1","-1000","1000000","90000","280447","280447","0","2903","1336","1966"
"642","ALIGN_HOLD","24305","18","98.876953125","0","0","1000000","90000","280448","280448","0","2903","1336","1876"
"643","ALIGN_HOLD","24303","16","87.890625","-2","-2000","-2000000","90000","280449","280449","0","2903","1336","1786"
"644","ALIGN_HOLD","24304","17","93.3837890625","1","1000","3000000","90000","280450","280450","0","2903","1336","1696"
"645","ALIGN_HOLD","24299","12","65.91796875","-5","-5000","-6000000","90000","280451","280451","0","2903","1336","1606"
"646","ALIGN_HOLD","24303","16","87.890625","4","4000","9000000","90000","280452","280452","0","2903","1336","1516"
"647","ALIGN_HOLD","24305","18","98.876953125","2","2000","-2000000","90000","280453","280453","0","2903","1336","1426"
"648","ALIGN_HOLD","24301","14","76.904296875","-4","-4000","-6000000","90000","280454","280454","0","2903","1336","1336"
"649","ALIGN_HOLD","24307","20","109.86328125","6","6000","10000000","90000","280455","280455","0","2903","1336","1246"
"650","ALIGN_HOLD","24302","15","82.3974609375","-5","-5000","-11000000","90000","280456","280456","0","2903","1336","1156"
"651","ALIGN_HOLD","24305","18","98.876953125","3","3000","8000000","90000","280457","280457","0","2903","1336","1066"
"652","ALIGN_HOLD","24305","18","98.876953125","0","0","-3000000","90000","280458","280458","0","2903","1336","976"
"653","ALIGN_HOLD","24306","19","104.3701171875","1","1000","1000000","90000","280459","280459","0","2903","1336","886"
"654","ALIGN_HOLD","24304","17","93.3837890625","-2","-2000","-3000000","90000","280460","280460","0","2903","1336","796"
"655","ALIGN_HOLD","24309","22","120.849609375","5","5000","7000000","90000","280461","280461","0","2903","1336","706"
"656","ALIGN_HOLD","24306","19","104.3701171875","-3","-3000","-8000000","90000","280462","280462","0","2903","1336","616"
"657","ALIGN_HOLD","24305","18","98.876953125","-1","-1000","2000000","90000","280463","280463","0","2903","1336","526"
"658","ALIGN_HOLD","24304","17","93.3837890625","-1","-1000","0","90000","280464","280464","0","2903","1336","436"
"659","ALIGN_HOLD","24303","16","87.890625","-1","-1000","0","90000","280465","280465","0","2903","1336","346"
"660","ALIGN_HOLD","24307","20","109.86328125","4","4000","5000000","90000","280466","280466","0","2903","1336","256"
"661","ALIGN_HOLD","24306","19","104.3701171875","-1","-1000","-5000000","90000","280467","280467","0","2903","1336","166"
"662","ALIGN_HOLD","24305","18","98.876953125","-1","-1000","0","90000","280468","280468","0","2903","1336","76"
"663","ALIGN_HOLD","24308","21","115.3564453125","3","3000","4000000","90000","280469","280469","0","2903","1336","2141"
"664","ALIGN_HOLD","24304","17","93.3837890625","-4","-4000","-7000000","90000","280470","280470","0","2903","1336","2051"
"665","ALIGN_HOLD","24307","20","109.86328125","3","3000","7000000","90000","280471","280471","0","2903","1336","1961"
"666","ALIGN_HOLD","24307","20","109.86328125","0","0","-3000000","90000","280472","280472","0","2903","1336","1871"
"667","ALIGN_HOLD","24305","18","98.876953125","-2","-2000","-2000000","90000","280473","280473","0","2903","1336","1781"
"668","ALIGN_HOLD","24304","17","93.3837890625","-1","-1000","1000000","90000","280474","280474","0","2903","1336","1691"
"669","ALIGN_HOLD","24306","19","104.3701171875","2","2000","3000000","90000","280475","280475","0","2903","1336","1601"
"670","ALIGN_HOLD","24308","21","115.3564453125","2","2000","0","90000","280476","280476","0","2903","1336","1511"
"671","ALIGN_HOLD","24304","17","93.3837890625","-4","-4000","-6000000","90000","280477","280477","0","2903","1336","1421"
"672","ALIGN_HOLD","24304","17","93.3837890625","0","0","4000000","90000","280478","280478","0","2903","1336","1331"
"673","ALIGN_HOLD","24304","17","93.3837890625","0","0","0","90000","280479","280479","0","2903","1336","1241"
"674","ALIGN_HOLD","24306","19","104.3701171875","2","2000","2000000","90000","280480","280480","0","2903","1336","1151"
"675","ALIGN_HOLD","24300","13","71.4111328125","-6","-6000","-8000000","90000","280481","280481","0","2903","1336","1061"
"676","ALIGN_HOLD","24307","20","109.86328125","7","7000","13000000","90000","280482","280482","0","2903","1336","971"
"677","ALIGN_HOLD","24303","16","87.890625","-4","-4000","-11000000","90000","280483","280483","0","2903","1336","881"
"678","ALIGN_HOLD","24302","15","82.3974609375","-1","-1000","3000000","90000","280484","280484","0","2903","1336","791"
"679","ALIGN_HOLD","24305","18","98.876953125","3","3000","4000000","90000","280485","280485","0","2903","1336","701"
"680","ALIGN_HOLD","24308","21","115.3564453125","3","3000","0","90000","280486","280486","0","2903","1336","611"
"681","ALIGN_HOLD","24301","14","76.904296875","-7","-7000","-10000000","90000","280487","280487","0","2903","1336","521"
"682","ALIGN_HOLD","24306","19","104.3701171875","5","5000","12000000","90000","280488","280488","0","2903","1336","431"
"683","ALIGN_HOLD","24303","16","87.890625","-3","-3000","-8000000","90000","280489","280489","0","2903","1336","341"
"684","ALIGN_HOLD","24306","19","104.3701171875","3","3000","6000000","90000","280490","280490","0","2903","1336","251"
"685","ALIGN_HOLD","24309","22","120.849609375","3","3000","0","90000","280491","280491","0","2903","1336","161"
"686","ALIGN_HOLD","24303","16","87.890625","-6","-6000","-9000000","90000","280492","280492","0","2903","1336","71"
"687","ALIGN_HOLD","24305","18","98.876953125","2","2000","8000000","90000","280493","280493","0","2903","1336","2136"
"688","ALIGN_HOLD","24303","16","87.890625","-2","-2000","-4000000","90000","280494","280494","0","2903","1336","2046"
"689","ALIGN_HOLD","24306","19","104.3701171875","3","3000","5000000","90000","280495","280495","0","2903","1336","1956"
"690","ALIGN_HOLD","24305","18","98.876953125","-1","-1000","-4000000","90000","280496","280496","0","2903","1336","1866"
"691","ALIGN_HOLD","24304","17","93.3837890625","-1","-1000","0","90000","280497","280497","0","2903","1336","1776"
"692","ALIGN_HOLD","24306","19","104.3701171875","2","2000","3000000","90000","280498","280498","0","2903","1336","1686"
"693","ALIGN_HOLD","24308","21","115.3564453125","2","2000","0","90000","280499","280499","0","2903","1336","1596"
"694","ALIGN_HOLD","24306","19","104.3701171875","-2","-2000","-4000000","90000","280500","280500","0","2903","1336","1506"
"695","ALIGN_HOLD","24306","19","104.3701171875","0","0","2000000","90000","280501","280501","0","2903","1336","1416"
"696","ALIGN_HOLD","24306","19","104.3701171875","0","0","0","90000","280502","280502","0","2903","1336","1326"
"697","ALIGN_HOLD","24304","17","93.3837890625","-2","-2000","-2000000","90000","280503","280503","0","2903","1336","1236"
"698","ALIGN_HOLD","24307","20","109.86328125","3","3000","5000000","90000","280504","280504","0","2903","1336","1146"
"699","ALIGN_HOLD","24301","14","76.904296875","-6","-6000","-9000000","90000","280505","280505","0","2903","1336","1056"
"700","ALIGN_HOLD","24305","18","98.876953125","4","4000","10000000","90000","280506","280506","0","2903","1336","966"
"701","ALIGN_HOLD","24303","16","87.890625","-2","-2000","-6000000","90000","280507","280507","0","2903","1336","876"
"702","ALIGN_HOLD","24305","18","98.876953125","2","2000","4000000","90000","280508","280508","0","2903","1336","786"
"703","ALIGN_HOLD","24305","18","98.876953125","0","0","-2000000","90000","280509","280509","0","2903","1336","696"
"704","ALIGN_HOLD","24304","17","93.3837890625","-1","-1000","-1000000","90000","280510","280510","0","2903","1336","606"
"705","ALIGN_HOLD","24304","17","93.3837890625","0","0","1000000","90000","280511","280511","0","2903","1336","516"
"706","ALIGN_HOLD","24310","23","126.3427734375","6","6000","6000000","90000","280512","280512","0","2903","1336","426"
"707","ALIGN_HOLD","24304","17","93.3837890625","-6","-6000","-12000000","90000","280513","280513","0","2903","1336","336"
"708","ALIGN_HOLD","24304","17","93.3837890625","0","0","6000000","90000","280514","280514","0","2903","1336","246"
"709","ALIGN_HOLD","24306","19","104.3701171875","2","2000","2000000","90000","280515","280515","0","2903","1336","156"
"710","ALIGN_HOLD","24307","20","109.86328125","1","1000","-1000000","90000","280516","280516","0","2903","1336","66"
"711","ALIGN_HOLD","24302","15","82.3974609375","-5","-5000","-6000000","90000","280517","280517","0","2903","1336","2131"
"712","ALIGN_HOLD","24303","16","87.890625","1","1000","6000000","90000","280518","280518","0","2903","1336","2041"
"713","ALIGN_HOLD","24305","18","98.876953125","2","2000","1000000","90000","280519","280519","0","2903","1336","1951"
"714","ALIGN_HOLD","24302","15","82.3974609375","-3","-3000","-5000000","90000","280520","280520","0","2903","1336","1861"
"715","ALIGN_HOLD","24309","22","120.849609375","7","7000","10000000","90000","280521","280521","0","2903","1336","1771"
"716","ALIGN_HOLD","24304","17","93.3837890625","-5","-5000","-12000000","90000","280522","280522","0","2903","1336","1681"
"717","ALIGN_HOLD","24305","18","98.876953125","1","1000","6000000","90000","280523","280523","0","2903","1336","1591"
"718","ALIGN_HOLD","24306","19","104.3701171875","1","1000","0","90000","280524","280524","0","2903","1336","1501"
"719","ALIGN_HOLD","24308","21","115.3564453125","2","2000","1000000","90000","280525","280525","0","2903","1336","1411"
"720","ALIGN_HOLD","24305","18","98.876953125","-3","-3000","-5000000","90000","280526","280526","0","2903","1336","1321"
"721","ALIGN_HOLD","24305","18","98.876953125","0","0","3000000","90000","280527","280527","0","2903","1336","1231"
"722","ALIGN_HOLD","24300","13","71.4111328125","-5","-5000","-5000000","90000","280528","280528","0","2903","1336","1141"
"723","ALIGN_HOLD","24300","13","71.4111328125","0","0","5000000","90000","280529","280529","0","2903","1336","1051"
"724","ALIGN_HOLD","24308","21","115.3564453125","8","8000","8000000","90000","280530","280530","0","2903","1336","961"
"725","ALIGN_HOLD","24304","17","93.3837890625","-4","-4000","-12000000","90000","280531","280531","0","2903","1336","871"
"726","ALIGN_HOLD","24302","15","82.3974609375","-2","-2000","2000000","90000","280532","280532","0","2903","1336","781"
"727","ALIGN_HOLD","24305","18","98.876953125","3","3000","5000000","90000","280533","280533","0","2903","1336","691"
"728","ALIGN_HOLD","24304","17","93.3837890625","-1","-1000","-4000000","90000","280534","280534","0","2903","1336","601"
"729","ALIGN_HOLD","24303","16","87.890625","-1","-1000","0","90000","280535","280535","0","2903","1336","511"
"730","ALIGN_HOLD","24303","16","87.890625","0","0","1000000","90000","280536","280536","0","2903","1336","421"
"731","ALIGN_HOLD","24308","21","115.3564453125","5","5000","5000000","90000","280537","280537","0","2903","1336","331"
"732","ALIGN_HOLD","24304","17","93.3837890625","-4","-4000","-9000000","90000","280538","280538","0","2903","1336","241"
"733","ALIGN_HOLD","24303","16","87.890625","-1","-1000","3000000","90000","280539","280539","0","2903","1336","151"
"734","ALIGN_HOLD","24306","19","104.3701171875","3","3000","4000000","90000","280540","280540","0","2903","1336","61"
"735","ALIGN_HOLD","24305","18","98.876953125","-1","-1000","-4000000","90000","280541","280541","0","2903","1336","2126"
"736","ALIGN_HOLD","24302","15","82.3974609375","-3","-3000","-2000000","90000","280542","280542","0","2903","1336","2036"
"737","ALIGN_HOLD","24306","19","104.3701171875","4","4000","7000000","90000","280543","280543","0","2903","1336","1946"
"738","ALIGN_HOLD","24310","23","126.3427734375","4","4000","0","90000","280544","280544","0","2903","1336","1856"
"739","ALIGN_HOLD","24306","19","104.3701171875","-4","-4000","-8000000","90000","280545","280545","0","2903","1336","1766"
"740","ALIGN_HOLD","24306","19","104.3701171875","0","0","4000000","90000","280546","280546","0","2903","1336","1676"
"741","ALIGN_HOLD","24304","17","93.3837890625","-2","-2000","-2000000","90000","280547","280547","0","2903","1336","1586"
"742","ALIGN_HOLD","24305","18","98.876953125","1","1000","3000000","90000","280548","280548","0","2903","1336","1496"
"743","ALIGN_HOLD","24305","18","98.876953125","0","0","-1000000","90000","280549","280549","0","2903","1336","1406"
"744","ALIGN_HOLD","24305","18","98.876953125","0","0","0","90000","280550","280550","0","2903","1336","1316"
"745","ALIGN_HOLD","24307","20","109.86328125","2","2000","2000000","90000","280551","280551","0","2903","1336","1226"
"746","ALIGN_HOLD","24305","18","98.876953125","-2","-2000","-4000000","90000","280552","280552","0","2903","1336","1136"
"747","ALIGN_HOLD","24304","17","93.3837890625","-1","-1000","1000000","90000","280553","280553","0","2903","1336","1046"
"748","ALIGN_HOLD","24304","17","93.3837890625","0","0","1000000","90000","280554","280554","0","2903","1336","956"
"749","ALIGN_HOLD","24304","17","93.3837890625","0","0","0","90000","280555","280555","0","2903","1336","866"
"750","ALIGN_HOLD","24300","13","71.4111328125","-4","-4000","-4000000","90000","280556","280556","0","2903","1336","776"
"751","ALIGN_HOLD","24303","16","87.890625","3","3000","7000000","90000","280557","280557","0","2903","1336","686"
"752","ALIGN_HOLD","24307","20","109.86328125","4","4000","1000000","90000","280558","280558","0","2903","1336","596"
"753","ALIGN_HOLD","24302","15","82.3974609375","-5","-5000","-9000000","90000","280559","280559","0","2903","1336","506"
"754","ALIGN_HOLD","24305","18","98.876953125","3","3000","8000000","90000","280560","280560","0","2903","1336","416"
"755","ALIGN_HOLD","24304","17","93.3837890625","-1","-1000","-4000000","90000","280561","280561","0","2903","1336","326"
"756","ALIGN_HOLD","24304","17","93.3837890625","0","0","1000000","90000","280562","280562","0","2903","1336","236"
"757","ALIGN_HOLD","24307","20","109.86328125","3","3000","3000000","90000","280563","280563","0","2903","1336","146"
"758","ALIGN_HOLD","24301","14","76.904296875","-6","-6000","-9000000","90000","280564","280564","0","2903","1336","56"
"759","ALIGN_HOLD","24306","19","104.3701171875","5","5000","11000000","90000","280565","280565","0","2903","1336","2121"
"760","ALIGN_HOLD","24301","14","76.904296875","-5","-5000","-10000000","90000","280566","280566","0","2903","1336","2031"
"761","ALIGN_HOLD","24304","17","93.3837890625","3","3000","8000000","90000","280567","280567","0","2903","1336","1941"
"762","ALIGN_HOLD","24306","19","104.3701171875","2","2000","-1000000","90000","280568","280568","0","2903","1336","1851"
"763","ALIGN_HOLD","24303","16","87.890625","-3","-3000","-5000000","90000","280569","280569","0","2903","1336","1761"
"764","ALIGN_HOLD","24307","20","109.86328125","4","4000","7000000","90000","280570","280570","0","2903","1336","1671"
"765","ALIGN_HOLD","24302","15","82.3974609375","-5","-5000","-9000000","90000","280571","280571","0","2903","1336","1581"
"766","ALIGN_HOLD","24305","18","98.876953125","3","3000","8000000","90000","280572","280572","0","2903","1336","1491"
"767","ALIGN_HOLD","24307","20","109.86328125","2","2000","-1000000","90000","280573","280573","0","2903","1336","1401"
"768","ALIGN_HOLD","24301","14","76.904296875","-6","-6000","-8000000","90000","280574","280574","0","2903","1336","1311"
"769","ALIGN_HOLD","24304","17","93.3837890625","3","3000","9000000","90000","280575","280575","0","2903","1336","1221"
"770","ALIGN_HOLD","24305","18","98.876953125","1","1000","-2000000","90000","280576","280576","0","2903","1336","1131"
"771","ALIGN_HOLD","24304","17","93.3837890625","-1","-1000","-2000000","90000","280577","280577","0","2903","1336","1041"
"772","ALIGN_HOLD","24303","16","87.890625","-1","-1000","0","90000","280578","280578","0","2903","1336","951"
"773","ALIGN_HOLD","24304","17","93.3837890625","1","1000","2000000","90000","280579","280579","0","2903","1336","861"
"774","ALIGN_HOLD","24305","18","98.876953125","1","1000","0","90000","280580","280580","0","2903","1336","771"
"775","ALIGN_HOLD","24302","15","82.3974609375","-3","-3000","-4000000","90000","280581","280581","0","2903","1336","681"
"776","ALIGN_HOLD","24305","18","98.876953125","3","3000","6000000","90000","280582","280582","0","2903","1336","591"
"777","ALIGN_HOLD","24307","20","109.86328125","2","2000","-1000000","90000","280583","280583","0","2903","1336","501"
"778","ALIGN_HOLD","24303","16","87.890625","-4","-4000","-6000000","90000","280584","280584","0","2903","1336","411"
"779","ALIGN_HOLD","24305","18","98.876953125","2","2000","6000000","90000","280585","280585","0","2903","1336","321"
"780","ALIGN_HOLD","24306","19","104.3701171875","1","1000","-1000000","90000","280586","280586","0","2903","1336","231"
"781","ALIGN_HOLD","24305","18","98.876953125","-1","-1000","-2000000","90000","280587","280587","0","2903","1336","141"
"782","ALIGN_HOLD","24304","17","93.3837890625","-1","-1000","0","90000","280588","280588","0","2903","1336","51"
"783","ALIGN_HOLD","24307","20","109.86328125","3","3000","4000000","90000","280589","280589","0","2903","1336","2116"
"784","ALIGN_HOLD","24305","18","98.876953125","-2","-2000","-5000000","90000","280590","280590","0","2903","1336","2026"
"785","ALIGN_HOLD","24304","17","93.3837890625","-1","-1000","1000000","90000","280591","280591","0","2903","1336","1936"
"786","ALIGN_HOLD","24303","16","87.890625","-1","-1000","0","90000","280592","280592","0","2903","1336","1846"
"787","ALIGN_HOLD","24305","18","98.876953125","2","2000","3000000","90000","280593","280593","0","2903","1336","1756"
"788","ALIGN_HOLD","24305","18","98.876953125","0","0","-2000000","90000","280594","280594","0","2903","1336","1666"
"789","ALIGN_HOLD","24305","18","98.876953125","0","0","0","90000","280595","280595","0","2903","1336","1576"
"790","ALIGN_HOLD","24301","14","76.904296875","-4","-4000","-4000000","90000","280596","280596","0","2903","1336","1486"
"791","ALIGN_HOLD","24306","19","104.3701171875","5","5000","9000000","90000","280597","280597","0","2903","1336","1396"
"792","ALIGN_HOLD","24303","16","87.890625","-3","-3000","-8000000","90000","280598","280598","0","2903","1336","1306"
"793","ALIGN_HOLD","24304","17","93.3837890625","1","1000","4000000","90000","280599","280599","0","2903","1336","1216"
"794","ALIGN_HOLD","24307","20","109.86328125","3","3000","2000000","90000","280600","280600","0","2903","1336","1126"
"795","ALIGN_HOLD","24306","19","104.3701171875","-1","-1000","-4000000","90000","280601","280601","0","2903","1336","1036"
"796","ALIGN_HOLD","24304","17","93.3837890625","-2","-2000","-1000000","90000","280602","280602","0","2903","1336","946"
"797","ALIGN_HOLD","24303","16","87.890625","-1","-1000","1000000","90000","280603","280603","0","2903","1336","856"
"798","ALIGN_HOLD","24303","16","87.890625","0","0","1000000","90000","280604","280604","0","2903","1336","766"
"799","ALIGN_HOLD","24303","16","87.890625","0","0","0","90000","280605","280605","0","2903","1336","676"
"800","ALIGN_HOLD","24304","17","93.3837890625","1","1000","1000000","90000","280606","280606","0","2903","1336","652"
"801","ALIGN_HOLD","24308","21","115.3564453125","4","4000","3000000","90000","280607","280607","0","2903","1336","496"
"802","ALIGN_HOLD","24301","14","76.904296875","-7","-7000","-11000000","90000","280608","280608","0","2903","1336","406"
"803","ALIGN_HOLD","24305","18","98.876953125","4","4000","11000000","90000","280609","280609","0","2903","1336","316"
"804","ALIGN_HOLD","24303","16","87.890625","-2","-2000","-6000000","90000","280610","280610","0","2903","1336","226"
"805","ALIGN_HOLD","24304","17","93.3837890625","1","1000","3000000","90000","280611","280611","0","2903","1336","136"
"806","ALIGN_HOLD","24308","21","115.3564453125","4","4000","3000000","90000","280612","280612","0","2903","1336","46"
"807","ALIGN_HOLD","24305","18","98.876953125","-3","-3000","-7000000","90000","280613","280613","0","2903","1336","2111"
"808","ALIGN_HOLD","24304","17","93.3837890625","-1","-1000","2000000","90000","280614","280614","0","2903","1336","2021"
"809","ALIGN_HOLD","24306","19","104.3701171875","2","2000","3000000","90000","280615","280615","0","2903","1336","1931"
"810","ALIGN_HOLD","24305","18","98.876953125","-1","-1000","-3000000","90000","280616","280616","0","2903","1336","1841"
"811","ALIGN_HOLD","24306","19","104.3701171875","1","1000","2000000","90000","280617","280617","0","2903","1336","1751"
"812","ALIGN_HOLD","24308","21","115.3564453125","2","2000","1000000","90000","280618","280618","0","2903","1336","1661"
"813","ALIGN_HOLD","24308","21","115.3564453125","0","0","-2000000","90000","280619","280619","0","2903","1336","1571"
"814","ALIGN_HOLD","24304","17","93.3837890625","-4","-4000","-4000000","90000","280620","280620","0","2903","1336","1481"
"815","ALIGN_HOLD","24305","18","98.876953125","1","1000","5000000","90000","280621","280621","0","2903","1336","1391"
"816","ALIGN_HOLD","24303","16","87.890625","-2","-2000","-3000000","90000","280622","280622","0","2903","1336","1301"
"817","ALIGN_HOLD","24305","18","98.876953125","2","2000","4000000","90000","280623","280623","0","2903","1336","1211"
"818","ALIGN_HOLD","24300","13","71.4111328125","-5","-5000","-7000000","90000","280624","280624","0","2903","1336","1121"
"819","ALIGN_HOLD","24303","16","87.890625","3","3000","8000000","90000","280625","280625","0","2903","1336","1031"
"820","ALIGN_HOLD","24302","15","82.3974609375","-1","-1000","-4000000","90000","280626","280626","0","2903","1336","941"
"821","ALIGN_HOLD","24304","17","93.3837890625","2","2000","3000000","90000","280627","280627","0","2903","1336","851"
"822","ALIGN_HOLD","24303","16","87.890625","-1","-1000","-3000000","90000","280628","280628","0","2903","1336","761"
"823","ALIGN_HOLD","24301","14","76.904296875","-2","-2000","-1000000","90000","280629","280629","0","2903","1336","671"
"824","ALIGN_HOLD","24308","21","115.3564453125","7","7000","9000000","90000","280630","280630","0","2903","1336","581"
"825","ALIGN_HOLD","24302","15","82.3974609375","-6","-6000","-13000000","90000","280631","280631","0","2903","1336","491"
"826","ALIGN_HOLD","24303","16","87.890625","1","1000","7000000","90000","280632","280632","0","2903","1336","401"
"827","ALIGN_HOLD","24304","17","93.3837890625","1","1000","0","90000","280633","280633","0","2903","1336","311"
"828","ALIGN_HOLD","24305","18","98.876953125","1","1000","0","90000","280634","280634","0","2903","1336","221"
"829","ALIGN_HOLD","24309","22","120.849609375","4","4000","3000000","90000","280635","280635","0","2903","1336","131"
"830","ALIGN_HOLD","24305","18","98.876953125","-4","-4000","-8000000","90000","280636","280636","0","2903","1336","41"
"831","ALIGN_HOLD","24308","21","115.3564453125","3","3000","7000000","90000","280637","280637","0","2903","1336","2106"
"832","ALIGN_HOLD","24306","19","104.3701171875","-2","-2000","-5000000","90000","280638","280638","0","2903","1336","2016"
"833","ALIGN_HOLD","24305","18","98.876953125","-1","-1000","1000000","90000","280639","280639","0","2903","1336","1926"
"834","ALIGN_HOLD","24305","18","98.876953125","0","0","1000000","90000","280640","280640","0","2903","1336","1836"
"835","ALIGN_HOLD","24308","21","115.3564453125","3","3000","3000000","90000","280641","280641","0","2903","1336","1746"
"836","ALIGN_HOLD","24306","19","104.3701171875","-2","-2000","-5000000","90000","280642","280642","0","2903","1336","1656"
"837","ALIGN_HOLD","24302","15","82.3974609375","-4","-4000","-2000000","90000","280643","280643","0","2903","1336","1566"
"838","ALIGN_HOLD","24304","17","93.3837890625","2","2000","6000000","90000","280644","280644","0","2903","1336","1476"
"839","ALIGN_HOLD","24307","20","109.86328125","3","3000","1000000","90000","280645","280645","0","2903","1336","1386"
"840","ALIGN_HOLD","24304","17","93.3837890625","-3","-3000","-6000000","90000","280646","280646","0","2903","1336","1296"
"841","ALIGN_HOLD","24305","18","98.876953125","1","1000","4000000","90000","280647","280647","0","2903","1336","1206"
"842","ALIGN_HOLD","24304","17","93.3837890625","-1","-1000","-2000000","90000","280648","280648","0","2903","1336","1116"
"843","ALIGN_HOLD","24303","16","87.890625","-1","-1000","0","90000","280649","280649","0","2903","1336","1026"
"844","ALIGN_HOLD","24307","20","109.86328125","4","4000","5000000","90000","280650","280650","0","2903","1336","936"
"845","ALIGN_HOLD","24305","18","98.876953125","-2","-2000","-6000000","90000","280651","280651","0","2903","1336","846"
"846","ALIGN_HOLD","24306","19","104.3701171875","1","1000","3000000","90000","280652","280652","0","2903","1336","756"
"847","ALIGN_HOLD","24306","19","104.3701171875","0","0","-1000000","90000","280653","280653","0","2903","1336","666"
"848","ALIGN_HOLD","24306","19","104.3701171875","0","0","0","90000","280654","280654","0","2903","1336","576"
"849","ALIGN_HOLD","24306","19","104.3701171875","0","0","0","90000","280655","280655","0","2903","1336","486"
"850","ALIGN_HOLD","24307","20","109.86328125","1","1000","1000000","90000","280656","280656","0","2903","1336","396"
"851","ALIGN_HOLD","24302","15","82.3974609375","-5","-5000","-6000000","90000","280657","280657","0","2903","1336","306"
"852","ALIGN_HOLD","24306","19","104.3701171875","4","4000","9000000","90000","280658","280658","0","2903","1336","216"
"853","ALIGN_HOLD","24303","16","87.890625","-3","-3000","-7000000","90000","280659","280659","0","2903","1336","126"
"854","ALIGN_HOLD","24306","19","104.3701171875","3","3000","6000000","90000","280660","280660","0","2903","1336","36"
"855","ALIGN_HOLD","24304","17","93.3837890625","-2","-2000","-5000000","90000","280661","280661","0","2903","1336","2101"
"856","ALIGN_HOLD","24309","22","120.849609375","5","5000","7000000","90000","280662","280662","0","2903","1336","2011"
"857","ALIGN_HOLD","24303","16","87.890625","-6","-6000","-11000000","90000","280663","280663","0","2903","1336","1921"
"858","ALIGN_HOLD","24305","18","98.876953125","2","2000","8000000","90000","280664","280664","0","2903","1336","1831"
"859","ALIGN_HOLD","24308","21","115.3564453125","3","3000","1000000","90000","280665","280665","0","2903","1336","1741"
"860","ALIGN_HOLD","24306","19","104.3701171875","-2","-2000","-5000000","90000","280666","280666","0","2903","1336","1651"
"861","ALIGN_HOLD","24303","16","87.890625","-3","-3000","-1000000","90000","280667","280667","0","2903","1336","1561"
"862","ALIGN_HOLD","24310","23","126.3427734375","7","7000","10000000","90000","280668","280668","0","2903","1336","1471"
"863","ALIGN_HOLD","24306","19","104.3701171875","-4","-4000","-11000000","90000","280669","280669","0","2903","1336","1381"
"864","ALIGN_HOLD","24300","13","71.4111328125","-6","-6000","-2000000","90000","280670","280670","0","2903","1336","1291"
"865","ALIGN_HOLD","24303","16","87.890625","3","3000","9000000","90000","280671","280671","0","2903","1336","1201"
"866","ALIGN_HOLD","24298","11","60.4248046875","-5","-5000","-8000000","90000","280672","280672","0","2903","1336","1111"
"867","ALIGN_HOLD","24301","14","76.904296875","3","3000","8000000","90000","280673","280673","0","2903","1336","1021"
"868","ALIGN_HOLD","24306","19","104.3701171875","5","5000","2000000","90000","280674","280674","0","2903","1336","931"
"869","ALIGN_HOLD","24305","18","98.876953125","-1","-1000","-6000000","90000","280675","280675","0","2903","1336","841"
"870","ALIGN_HOLD","24306","19","104.3701171875","1","1000","2000000","90000","280676","280676","0","2903","1336","751"
"871","ALIGN_HOLD","24306","19","104.3701171875","0","0","-1000000","90000","280677","280677","0","2903","1336","661"
"872","ALIGN_HOLD","24307","20","109.86328125","1","1000","1000000","90000","280678","280678","0","2903","1336","571"
"873","ALIGN_HOLD","24303","16","87.890625","-4","-4000","-5000000","90000","280679","280679","0","2903","1336","481"
"874","ALIGN_HOLD","24306","19","104.3701171875","3","3000","7000000","90000","280680","280680","0","2903","1336","391"
"875","ALIGN_HOLD","24303","16","87.890625","-3","-3000","-6000000","90000","280681","280681","0","2903","1336","301"
"876","ALIGN_HOLD","24307","20","109.86328125","4","4000","7000000","90000","280682","280682","0","2903","1336","211"
"877","ALIGN_HOLD","24307","20","109.86328125","0","0","-4000000","90000","280683","280683","0","2903","1336","121"
"878","ALIGN_HOLD","24306","19","104.3701171875","-1","-1000","-1000000","90000","280684","280684","0","2903","1336","31"
"879","ALIGN_HOLD","24305","18","98.876953125","-1","-1000","0","90000","280685","280685","0","2903","1336","2096"
"880","ALIGN_HOLD","24308","21","115.3564453125","3","3000","4000000","90000","280686","280686","0","2903","1336","2006"
"881","ALIGN_HOLD","24305","18","98.876953125","-3","-3000","-6000000","90000","280687","280687","0","2903","1336","1916"
"882","ALIGN_HOLD","24306","19","104.3701171875","1","1000","4000000","90000","280688","280688","0","2903","1336","1826"
"883","ALIGN_HOLD","24307","20","109.86328125","1","1000","0","90000","280689","280689","0","2903","1336","1736"
"884","ALIGN_HOLD","24306","19","104.3701171875","-1","-1000","-2000000","90000","280690","280690","0","2903","1336","1646"
"885","ALIGN_HOLD","24306","19","104.3701171875","0","0","1000000","90000","280691","280691","0","2903","1336","1556"
"886","ALIGN_HOLD","24305","18","98.876953125","-1","-1000","-1000000","90000","280692","280692","0","2903","1336","1466"
"887","ALIGN_HOLD","24303","16","87.890625","-2","-2000","-1000000","90000","280693","280693","0","2903","1336","1376"
"888","ALIGN_HOLD","24308","21","115.3564453125","5","5000","7000000","90000","280694","280694","0","2903","1336","1286"
"889","ALIGN_HOLD","24304","17","93.3837890625","-4","-4000","-9000000","90000","280695","280695","0","2903","1336","1196"
"890","ALIGN_HOLD","24307","20","109.86328125","3","3000","7000000","90000","280696","280696","0","2903","1336","1106"
"891","ALIGN_HOLD","24304","17","93.3837890625","-3","-3000","-6000000","90000","280697","280697","0","2903","1336","1016"
"892","ALIGN_HOLD","24305","18","98.876953125","1","1000","4000000","90000","280698","280698","0","2903","1336","926"
"893","ALIGN_HOLD","24301","14","76.904296875","-4","-4000","-5000000","90000","280699","280699","0","2903","1336","836"
"894","ALIGN_HOLD","24303","16","87.890625","2","2000","6000000","90000","280700","280700","0","2903","1336","746"
"895","ALIGN_HOLD","24305","18","98.876953125","2","2000","0","90000","280701","280701","0","2903","1336","656"
"896","ALIGN_HOLD","24305","18","98.876953125","0","0","-2000000","90000","280702","280702","0","2903","1336","566"
"897","ALIGN_HOLD","24304","17","93.3837890625","-1","-1000","-1000000","90000","280703","280703","0","2903","1336","476"
"898","ALIGN_HOLD","24304","17","93.3837890625","0","0","1000000","90000","280704","280704","0","2903","1336","386"
"899","ALIGN_HOLD","24303","16","87.890625","-1","-1000","-1000000","90000","280705","280705","0","2903","1336","296"
"900","ALIGN_HOLD","24308","21","115.3564453125","5","5000","6000000","90000","280706","280706","0","2903","1336","206"
"901","ALIGN_HOLD","24307","20","109.86328125","-1","-1000","-6000000","90000","280707","280707","0","2903","1336","116"
"902","ALIGN_HOLD","24304","17","93.3837890625","-3","-3000","-2000000","90000","280708","280708","0","2903","1336","26"
"903","ALIGN_HOLD","24306","19","104.3701171875","2","2000","5000000","90000","280709","280709","0","2903","1336","2091"
"904","ALIGN_HOLD","24305","18","98.876953125","-1","-1000","-3000000","90000","280710","280710","0","2903","1336","2001"
"905","ALIGN_HOLD","24304","17","93.3837890625","-1","-1000","0","90000","280711","280711","0","2903","1336","1911"
"906","ALIGN_HOLD","24304","17","93.3837890625","0","0","1000000","90000","280712","280712","0","2903","1336","1821"
"907","ALIGN_HOLD","24305","18","98.876953125","1","1000","1000000","90000","280713","280713","0","2903","1336","1731"
"908","ALIGN_HOLD","24308","21","115.3564453125","3","3000","2000000","90000","280714","280714","0","2903","1336","1641"
"909","ALIGN_HOLD","24305","18","98.876953125","-3","-3000","-6000000","90000","280715","280715","0","2903","1336","1551"
"910","ALIGN_HOLD","24305","18","98.876953125","0","0","3000000","90000","280716","280716","0","2903","1336","1461"
"911","ALIGN_HOLD","24304","17","93.3837890625","-1","-1000","-1000000","90000","280717","280717","0","2903","1336","1371"
"912","ALIGN_HOLD","24303","16","87.890625","-1","-1000","0","90000","280718","280718","0","2903","1336","1281"
"913","ALIGN_HOLD","24303","16","87.890625","0","0","1000000","90000","280719","280719","0","2903","1336","1191"
"914","ALIGN_HOLD","24308","21","115.3564453125","5","5000","5000000","90000","280720","280720","0","2903","1336","1101"
"915","ALIGN_HOLD","24306","19","104.3701171875","-2","-2000","-7000000","90000","280721","280721","0","2903","1336","1011"
"916","ALIGN_HOLD","24305","18","98.876953125","-1","-1000","1000000","90000","280722","280722","0","2903","1336","921"
"917","ALIGN_HOLD","24304","17","93.3837890625","-1","-1000","0","90000","280723","280723","0","2903","1336","831"
"918","ALIGN_HOLD","24306","19","104.3701171875","2","2000","3000000","90000","280724","280724","0","2903","1336","741"
"919","ALIGN_HOLD","24308","21","115.3564453125","2","2000","0","90000","280725","280725","0","2903","1336","651"
"920","ALIGN_HOLD","24306","19","104.3701171875","-2","-2000","-4000000","90000","280726","280726","0","2903","1336","561"
"921","ALIGN_HOLD","24305","18","98.876953125","-1","-1000","1000000","90000","280727","280727","0","2903","1336","471"
"922","ALIGN_HOLD","24306","19","104.3701171875","1","1000","2000000","90000","280728","280728","0","2903","1336","381"
"923","ALIGN_HOLD","24306","19","104.3701171875","0","0","-1000000","90000","280729","280729","0","2903","1336","291"
"924","ALIGN_HOLD","24307","20","109.86328125","1","1000","1000000","90000","280730","280730","0","2903","1336","201"
"925","ALIGN_HOLD","24305","18","98.876953125","-2","-2000","-3000000","90000","280731","280731","0","2903","1336","111"
"926","ALIGN_HOLD","24305","18","98.876953125","0","0","2000000","90000","280732","280732","0","2903","1336","21"
"927","ALIGN_HOLD","24306","19","104.3701171875","1","1000","1000000","90000","280733","280733","0","2903","1336","2086"
"928","ALIGN_HOLD","24305","18","98.876953125","-1","-1000","-2000000","90000","280734","280734","0","2903","1336","1996"
"929","ALIGN_HOLD","24302","15","82.3974609375","-3","-3000","-2000000","90000","280735","280735","0","2903","1336","1906"
"930","ALIGN_HOLD","24308","21","115.3564453125","6","6000","9000000","90000","280736","280736","0","2903","1336","1816"
"931","ALIGN_HOLD","24308","21","115.3564453125","0","0","-6000000","90000","280737","280737","0","2903","1336","1726"
"932","ALIGN_HOLD","24308","21","115.3564453125","0","0","0","90000","280738","280738","0","2903","1336","1636"
"933","ALIGN_HOLD","24303","16","87.890625","-5","-5000","-5000000","90000","280739","280739","0","2903","1336","1546"
"934","ALIGN_HOLD","24306","19","104.3701171875","3","3000","8000000","90000","280740","280740","0","2903","1336","1456"
"935","ALIGN_HOLD","24306","19","104.3701171875","0","0","-3000000","90000","280741","280741","0","2903","1336","1366"
"936","ALIGN_HOLD","24306","19","104.3701171875","0","0","0","90000","280742","280742","0","2903","1336","1276"
"937","ALIGN_HOLD","24305","18","98.876953125","-1","-1000","-1000000","90000","280743","280743","0","2903","1336","1186"
"938","ALIGN_HOLD","24308","21","115.3564453125","3","3000","4000000","90000","280744","280744","0","2903","1336","1096"
"939","ALIGN_HOLD","24308","21","115.3564453125","0","0","-3000000","90000","280745","280745","0","2903","1336","1006"
"940","ALIGN_HOLD","24306","19","104.3701171875","-2","-2000","-2000000","90000","280746","280746","0","2903","1336","916"
"941","ALIGN_HOLD","24303","16","87.890625","-3","-3000","-1000000","90000","280747","280747","0","2903","1336","826"
"942","ALIGN_HOLD","24307","20","109.86328125","4","4000","7000000","90000","280748","280748","0","2903","1336","736"
"943","ALIGN_HOLD","24306","19","104.3701171875","-1","-1000","-5000000","90000","280749","280749","0","2903","1336","646"
"944","ALIGN_HOLD","24305","18","98.876953125","-1","-1000","0","90000","280750","280750","0","2903","1336","556"
"945","ALIGN_HOLD","24303","16","87.890625","-2","-2000","-1000000","90000","280751","280751","0","2903","1336","466"
"946","ALIGN_HOLD","24302","15","82.3974609375","-1","-1000","1000000","90000","280752","280752","0","2903","1336","376"
"947","ALIGN_HOLD","24306","19","104.3701171875","4","4000","5000000","90000","280753","280753","0","2903","1336","286"
"948","ALIGN_HOLD","24304","17","93.3837890625","-2","-2000","-6000000","90000","280754","280754","0","2903","1336","196"
"949","ALIGN_HOLD","24304","17","93.3837890625","0","0","2000000","90000","280755","280755","0","2903","1336","106"
"950","ALIGN_HOLD","24302","15","82.3974609375","-2","-2000","-2000000","90000","280756","280756","0","2903","1336","16"
"951","ALIGN_HOLD","24303","16","87.890625","1","1000","3000000","90000","280757","280757","0","2903","1336","2081"
"952","ALIGN_HOLD","24303","16","87.890625","0","0","-1000000","90000","280758","280758","0","2903","1336","1991"
"953","ALIGN_HOLD","24303","16","87.890625","0","0","0","90000","280759","280759","0","2903","1336","1901"
"954","ALIGN_HOLD","24306","19","104.3701171875","3","3000","3000000","90000","280760","280760","0","2903","1336","1811"
"955","ALIGN_HOLD","24307","20","109.86328125","1","1000","-2000000","90000","280761","280761","0","2903","1336","1721"
"956","ALIGN_HOLD","24305","18","98.876953125","-2","-2000","-3000000","90000","280762","280762","0","2903","1336","1631"
"957","ALIGN_HOLD","24307","20","109.86328125","2","2000","4000000","90000","280763","280763","0","2903","1336","1541"
"958","ALIGN_HOLD","24306","19","104.3701171875","-1","-1000","-3000000","90000","280764","280764","0","2903","1336","1451"
"959","ALIGN_HOLD","24308","21","115.3564453125","2","2000","3000000","90000","280765","280765","0","2903","1336","1361"
"960","ALIGN_HOLD","24305","18","98.876953125","-3","-3000","-5000000","90000","280766","280766","0","2903","1336","1271"
"961","ALIGN_HOLD","24307","20","109.86328125","2","2000","5000000","90000","280767","280767","0","2903","1336","1181"
"962","ALIGN_HOLD","24307","20","109.86328125","0","0","-2000000","90000","280768","280768","0","2903","1336","1091"
"963","ALIGN_HOLD","24304","17","93.3837890625","-3","-3000","-3000000","90000","280769","280769","0","2903","1336","1001"
"964","ALIGN_HOLD","24308","21","115.3564453125","4","4000","7000000","90000","280770","280770","0","2903","1336","911"
"965","ALIGN_HOLD","24305","18","98.876953125","-3","-3000","-7000000","90000","280771","280771","0","2903","1336","821"
"966","ALIGN_HOLD","24306","19","104.3701171875","1","1000","4000000","90000","280772","280772","0","2903","1336","731"
"967","ALIGN_HOLD","24305","18","98.876953125","-1","-1000","-2000000","90000","280773","280773","0","2903","1336","641"
"968","ALIGN_HOLD","24304","17","93.3837890625","-1","-1000","0","90000","280774","280774","0","2903","1336","551"
"969","ALIGN_HOLD","24305","18","98.876953125","1","1000","2000000","90000","280775","280775","0","2903","1336","461"
"970","ALIGN_HOLD","24303","16","87.890625","-2","-2000","-3000000","90000","280776","280776","0","2903","1336","371"
"971","ALIGN_HOLD","24306","19","104.3701171875","3","3000","5000000","90000","280777","280777","0","2903","1336","281"
"972","ALIGN_HOLD","24306","19","104.3701171875","0","0","-3000000","90000","280778","280778","0","2903","1336","191"
"973","ALIGN_HOLD","24307","20","109.86328125","1","1000","1000000","90000","280779","280779","0","2903","1336","101"
"974","ALIGN_HOLD","24304","17","93.3837890625","-3","-3000","-4000000","90000","280780","280780","0","2903","1336","11"
"975","ALIGN_HOLD","24307","20","109.86328125","3","3000","6000000","90000","280781","280781","0","2903","1336","2076"
"976","ALIGN_HOLD","24306","19","104.3701171875","-1","-1000","-4000000","90000","280782","280782","0","2903","1336","1986"
"977","ALIGN_HOLD","24308","21","115.3564453125","2","2000","3000000","90000","280783","280783","0","2903","1336","1896"
"978","ALIGN_HOLD","24310","23","126.3427734375","2","2000","0","90000","280784","280784","0","2903","1336","1806"
"979","ALIGN_HOLD","24307","20","109.86328125","-3","-3000","-5000000","90000","280785","280785","0","2903","1336","1716"
"980","ALIGN_HOLD","24305","18","98.876953125","-2","-2000","1000000","90000","280786","280786","0","2903","1336","1626"
"981","ALIGN_HOLD","24304","17","93.3837890625","-1","-1000","1000000","90000","280787","280787","0","2903","1336","1536"
"982","ALIGN_HOLD","24305","18","98.876953125","1","1000","2000000","90000","280788","280788","0","2903","1336","1446"
"983","ALIGN_HOLD","24303","16","87.890625","-2","-2000","-3000000","90000","280789","280789","0","2903","1336","1356"
"984","ALIGN_HOLD","24305","18","98.876953125","2","2000","4000000","90000","280790","280790","0","2903","1336","1266"
"985","ALIGN_HOLD","24304","17","93.3837890625","-1","-1000","-3000000","90000","280791","280791","0","2903","1336","1176"
"986","ALIGN_HOLD","24308","21","115.3564453125","4","4000","5000000","90000","280792","280792","0","2903","1336","1086"
"987","ALIGN_HOLD","24304","17","93.3837890625","-4","-4000","-8000000","90000","280793","280793","0","2903","1336","996"
"988","ALIGN_HOLD","24303","16","87.890625","-1","-1000","3000000","90000","280794","280794","0","2903","1336","906"
"989","ALIGN_HOLD","24305","18","98.876953125","2","2000","3000000","90000","280795","280795","0","2903","1336","816"
"990","ALIGN_HOLD","24304","17","93.3837890625","-1","-1000","-3000000","90000","280796","280796","0","2903","1336","726"
"991","ALIGN_HOLD","24308","21","115.3564453125","4","4000","5000000","90000","280797","280797","0","2903","1336","636"
"992","ALIGN_HOLD","24306","19","104.3701171875","-2","-2000","-6000000","90000","280798","280798","0","2903","1336","546"
"993","ALIGN_HOLD","24306","19","104.3701171875","0","0","2000000","90000","280799","280799","0","2903","1336","456"
"994","ALIGN_HOLD","24305","18","98.876953125","-1","-1000","-1000000","90000","280800","280800","0","2903","1336","366"
"995","ALIGN_HOLD","24305","18","98.876953125","0","0","1000000","90000","280801","280801","0","2903","1336","276"
"996","ALIGN_HOLD","24305","18","98.876953125","0","0","0","90000","280802","280802","0","2903","1336","186"
"997","ALIGN_HOLD","24305","18","98.876953125","0","0","0","90000","280803","280803","0","2903","1336","96"
"998","ALIGN_HOLD","24306","19","104.3701171875","1","1000","1000000","90000","280804","280804","0","2903","1336","6"
"999","ALIGN_HOLD","24308","21","115.3564453125","2","2000","1000000","90000","280805","280805","0","2903","1336","2071"
"1000","ALIGN_HOLD","24307","20","109.86328125","-1","-1000","-3000000","90000","280806","280806","0","2903","1336","2047"
