point_index,sweep_angle_deg,a1_raw_mean_error_deg,a1_raw_pointwise_sd_deg,a1_centered_mean_error_deg,a1_centered_pointwise_sd_deg,a1_top_selection_rate,a1_bottom_selection_rate,b_raw_mean_error_deg,b_raw_pointwise_sd_deg,b_centered_mean_error_deg,b_centered_pointwise_sd_deg,b_top_selection_rate,b_bottom_selection_rate,a2_raw_mean_error_deg,a2_raw_pointwise_sd_deg,a2_centered_mean_error_deg,a2_centered_pointwise_sd_deg,a2_top_selection_rate,a2_bottom_selection_rate,a_average_raw_mean_error_deg,a_average_centered_mean_error_deg,b_minus_a_raw_error_deg,b_minus_a_centered_error_deg,b_aligned_source_index,b_aligned_source_angle_deg,b_aligned_centered_mean_error_deg,b_minus_a_aligned_centered_error_deg
0,0.0,0.01034,0.019841416280094525,0.04972847222222222,0.010963179954066562,0.0,0.0,0.00037333333333333316,0.013417802850442145,0.015327388888888889,0.011632757555129382,0.0,0.0,0.01034,0.019841416280094525,0.04972847222222222,0.010963179954066562,0.0,0.0,0.01034,0.04972847222222222,-0.009966666666666667,-0.03440108333333333,0,0.0,0.015327388888888889,-0.03440108333333333
1,1.0,0.07638,0.00025455844122715653,0.11576847222222222,0.009132794767255105,0.0,0.0,0.08532,0.0005999999999999964,0.10027405555555556,0.0017058780739215886,0.0,0.0,0.07638,0.00025455844122715653,0.11576847222222222,0.009132794767255105,0.0,0.0,0.07638,0.11576847222222222,0.00893999999999999,-0.015494416666666663,1,1.0,0.10027405555555556,-0.015494416666666663
2,2.0,0.07205,0.011002581515262682,0.11143847222222221,0.01988081784129064,0.0,0.0,0.07971,0.017242728902351855,0.09466405555555556,0.01591208225436737,0.0,0.0,0.07205,0.011002581515262682,0.11143847222222221,0.01988081784129064,0.0,0.0,0.07205,0.11143847222222221,0.00766,-0.016774416666666653,2,2.0,0.09466405555555556,-0.016774416666666653
3,3.0,0.07797,0.014028998538741101,0.11735847222222222,0.022907234864769067,0.0,0.0,0.07658,0.02046589602240762,0.09153405555555556,0.02047105162045983,0.0,0.0,0.07797,0.014028998538741101,0.11735847222222222,0.022907234864769067,0.0,0.0,0.07797,0.11735847222222222,-0.0013900000000000023,-0.025824416666666655,3,3.0,0.09153405555555556,-0.025824416666666655
4,4.0,0.06459,0.003577960312803932,0.10397847222222223,0.005300276013224021,0.0,0.0,0.06549,0.016575656849729965,0.08044405555555556,0.014616507866973853,0.0,0.0,0.06459,0.003577960312803932,0.10397847222222223,0.005300276013224021,0.0,0.0,0.06459,0.10397847222222223,0.0009000000000000119,-0.02353441666666667,4,4.0,0.08044405555555556,-0.02353441666666667
5,5.0,-0.040345,0.022592061658910194,-0.0009565277777777801,0.03147029798493815,0.0,0.0,-0.08074333333333333,0.009837262491838542,-0.06578927777777778,0.01165557501335629,0.0,0.0,-0.040345,0.022592061658910194,-0.0009565277777777801,0.03147029798493815,0.0,0.0,-0.040345,-0.0009565277777777801,-0.040398333333333335,-0.06483275,5,5.0,-0.06578927777777778,-0.06483275
6,6.0,-0.06944,0.020152543263816602,-0.03005152777777778,0.02903077958984456,0.0,0.0,-0.07957000000000002,0.006197039615816571,-0.06461594444444445,0.007852022138898561,0.0,0.0,-0.06944,0.020152543263816602,-0.03005152777777778,0.02903077958984456,0.0,0.0,-0.06944,-0.03005152777777778,-0.010130000000000014,-0.03456441666666667,6,6.0,-0.06461594444444445,-0.03456441666666667
7,7.0,-0.09642,0.0038325187540310837,-0.05703152777777778,0.005045717571996875,0.0,0.0,-0.09871333333333333,0.011114213122544186,-0.08375927777777777,0.01222493794589012,0.0,0.0,-0.09642,0.0038325187540310837,-0.05703152777777778,0.005045717571996875,0.0,0.0,-0.09642,-0.05703152777777778,-0.002293333333333328,-0.026727749999999988,7,7.0,-0.08375927777777777,-0.026727749999999988
8,8.0,-0.38615,0.020025264043203036,-0.3467615277777778,0.028903500369230964,0.0,0.0,-0.12966,0.03998618261349788,-0.11470594444444444,0.040220465257858995,0.0,0.0,-0.38615,0.020025264043203036,-0.3467615277777778,0.028903500369230964,0.0,0.0,-0.38615,-0.3467615277777778,0.25649,0.23205558333333337,8,8.0,-0.11470594444444444,0.23205558333333337
9,9.0,-0.12725,0.047531717831359725,-0.08786152777777778,0.05640995415738769,0.0,0.0,-0.08614333333333334,0.0050261051852635704,-0.07118927777777778,0.005769763812109721,0.0,0.0,-0.12725,0.047531717831359725,-0.08786152777777778,0.05640995415738769,0.0,0.0,-0.12725,-0.08786152777777778,0.041106666666666666,0.01667225,9,9.0,-0.07118927777777778,0.01667225
10,10.0,-0.095445,0.009708576105691293,-0.05605652777777778,0.0008303397796633338,0.0,0.0,-0.08632666666666666,0.0027808332084706794,-0.07137261111111111,0.0010057432314119032,0.0,0.0,-0.095445,0.009708576105691293,-0.05605652777777778,0.0008303397796633338,0.0,0.0,-0.095445,-0.05605652777777778,0.00911833333333334,-0.015316083333333327,10,10.0,-0.07137261111111111,-0.015316083333333327
11,11.0,0.08553,0.004058792924010789,0.12491847222222223,0.012937029250038748,0.0,0.0,0.08210666666666666,0.010693967146636152,0.09706072222222221,0.00876598552504558,0.0,0.0,0.08553,0.004058792924010789,0.12491847222222223,0.012937029250038748,0.0,0.0,0.08553,0.12491847222222223,-0.003423333333333334,-0.027857750000000014,11,11.0,0.09706072222222221,-0.027857750000000014
12,12.0,0.075565,0.006738727624707796,0.11495347222222223,0.0021395087013201626,0.0,0.0,0.08223,0.021027439216414343,0.09718405555555555,0.01929023682254194,0.3333333333333333,0.0,0.075565,0.006738727624707796,0.11495347222222223,0.0021395087013201626,0.0,0.0,0.075565,0.11495347222222223,0.006665000000000004,-0.017769416666666676,12,12.0,0.09718405555555555,-0.017769416666666676
13,13.0,0.075345,0.009708576105691301,0.11473347222222223,0.01858681243171926,0.0,0.0,0.07983,0.011844277099088828,0.09478405555555557,0.013730165269814487,0.0,0.0,0.075345,0.009708576105691301,0.11473347222222223,0.01858681243171926,0.0,0.0,0.075345,0.11473347222222223,0.004485000000000003,-0.019949416666666664,13,13.0,0.09478405555555557,-0.019949416666666664
14,14.0,0.07081,0.0029274220741123103,0.11019847222222222,0.005950814251915658,0.0,0.0,0.07931666666666666,0.015263568826894102,0.09427072222222223,0.01335017503017918,0.0,0.0,0.07081,0.0029274220741123103,0.11019847222222222,0.005950814251915658,0.0,0.0,0.07081,0.11019847222222222,0.008506666666666662,-0.01592774999999999,14,14.0,0.09427072222222223,-0.01592774999999999
15,15.0,0.080545,0.030893495270040257,0.11993347222222223,0.022015258944012298,0.0,0.0,0.07939,0.013574671266737918,0.09434405555555554,0.011680086971840278,0.0,0.0,0.080545,0.030893495270040257,0.11993347222222223,0.022015258944012298,0.0,0.0,0.080545,0.11993347222222223,-0.0011550000000000032,-0.025589416666666684,15,15.0,0.09434405555555554,-0.025589416666666684
16,16.0,-0.072145,0.006866006845321374,-0.03275652777777778,0.0020122294807065843,0.0,0.0,-0.06343,0.018160790181046643,-0.048475944444444447,0.016446176252747018,0.0,0.0,-0.072145,0.006866006845321374,-0.03275652777777778,0.0020122294807065843,0.0,0.0,-0.072145,-0.03275652777777778,0.008715,-0.015719416666666666,16,16.0,-0.048475944444444447,-0.015719416666666666
17,17.0,-0.24302,0.006858935777509521,-0.20363152777777777,0.01573717210353749,0.0,0.0,-0.07293666666666666,0.005826185144100152,-0.0579826111111111,0.00437687274239112,0.0,0.0,-0.24302,0.006858935777509521,-0.20363152777777777,0.01573717210353749,0.0,0.0,-0.24302,-0.20363152777777777,0.17008333333333336,0.14564891666666666,17,17.0,-0.0579826111111111,0.14564891666666666
18,18.0,-0.28637999999999997,0.015103800846144648,-0.24699152777777778,0.0062255645201167,0.0,0.0,-0.08474333333333334,0.012035124982040419,-0.06978927777777778,0.013629821247004995,0.0,0.0,-0.28637999999999997,0.015103800846144648,-0.24699152777777778,0.0062255645201167,0.0,0.0,-0.28637999999999997,-0.24699152777777778,0.20163666666666663,0.17720225,18,18.0,-0.06978927777777778,0.17720225
19,19.0,-0.13818999999999998,0.03726452736853105,-0.09880152777777777,0.028386291042503085,0.0,0.0,-0.09040666666666668,0.009441553544482676,-0.07545261111111111,0.009230302751913144,0.0,0.0,-0.13818999999999998,0.03726452736853105,-0.09880152777777777,0.028386291042503085,0.0,0.0,-0.13818999999999998,-0.09880152777777777,0.0477833333333333,0.023348916666666664,19,19.0,-0.07545261111111111,0.023348916666666664
20,20.0,-0.10567,0.012614784976368004,-0.06628152777777778,0.021493021302395967,0.0,0.0,-0.09089666666666667,0.010416320527582347,-0.07594261111111111,0.008460800592718932,0.0,0.0,-0.10567,0.012614784976368004,-0.06628152777777778,0.021493021302395967,0.0,0.0,-0.10567,-0.06628152777777778,0.014773333333333333,-0.009661083333333334,20,20.0,-0.07594261111111111,-0.009661083333333334
21,21.0,0.08144499999999999,0.0003606244584051368,0.12083347222222222,0.009238860784433095,0.0,0.0,0.08391,0.007541273102069702,0.09886405555555555,0.007917420104693032,0.0,0.0,0.08144499999999999,0.0003606244584051368,0.12083347222222222,0.009238860784433095,0.0,0.0,0.08144499999999999,0.12083347222222222,0.002465000000000009,-0.021969416666666672,21,21.0,0.09886405555555555,-0.021969416666666672
22,22.0,0.07974500000000001,0.0012091525958289986,0.11913347222222223,0.010087388921856956,0.0,0.0,0.07732666666666667,0.012719238708874573,0.09228072222222222,0.012683169885183268,0.0,0.0,0.07974500000000001,0.0012091525958289986,0.11913347222222223,0.010087388921856956,0.0,0.0,0.07974500000000001,0.11913347222222223,-0.0024183333333333418,-0.02685275000000001,22,22.0,0.09228072222222222,-0.02685275000000001
23,23.0,0.086995,0.025830610716744588,0.12638347222222224,0.034708847042772537,0.5,0.0,0.09246666666666666,0.011152763484147475,0.10742072222222222,0.009194007045822947,0.0,0.0,0.086995,0.025830610716744588,0.12638347222222224,0.034708847042772537,0.5,0.0,0.086995,0.12638347222222224,0.0054716666666666525,-0.018962750000000014,23,23.0,0.10742072222222222,-0.018962750000000014
24,24.0,0.085785,0.005508361825443199,0.12517347222222222,0.003369874500584749,0.0,0.0,0.06857333333333333,0.02455945099820705,0.08352738888888889,0.026149119392497457,0.0,0.0,0.085785,0.005508361825443199,0.12517347222222222,0.003369874500584749,0.0,0.0,0.085785,0.12517347222222222,-0.017211666666666667,-0.041646083333333334,24,24.0,0.08352738888888889,-0.041646083333333334
25,25.0,-0.080945,0.0019445436482630075,-0.04155652777777778,0.010822779974290965,0.0,0.0,-0.08079000000000001,0.01272614631379036,-0.06583594444444445,0.011230990210760468,0.0,0.0,-0.080945,0.0019445436482630075,-0.04155652777777778,0.010822779974290965,0.0,0.0,-0.080945,-0.04155652777777778,0.00015499999999998848,-0.024279416666666664,25,25.0,-0.06583594444444445,-0.024279416666666664
26,26.0,-0.062445,0.02263448806578139,-0.023056527777777783,0.013756251739753431,0.0,0.0,-0.07561333333333332,0.011220438197028374,-0.06065927777777778,0.010231914261150298,0.0,0.0,-0.062445,0.02263448806578139,-0.023056527777777783,0.013756251739753431,0.0,0.0,-0.062445,-0.023056527777777783,-0.013168333333333324,-0.03760274999999999,26,26.0,-0.06065927777777778,-0.03760274999999999
27,27.0,-0.068595,0.0022980970388562813,-0.029206527777777783,0.01117633336488424,0.0,0.0,-0.10062666666666666,0.01962333899552605,-0.08567261111111112,0.019302960524310426,0.0,0.0,-0.068595,0.0022980970388562813,-0.029206527777777783,0.01117633336488424,0.0,0.0,-0.068595,-0.029206527777777783,-0.03203166666666665,-0.05646608333333333,27,27.0,-0.08567261111111112,-0.05646608333333333
28,28.0,-0.179435,0.014021927470929228,-0.14004652777777776,0.022900163796957196,0.0,0.0,-0.20222666666666667,0.021659645272564674,-0.18727261111111113,0.02260207914484313,0.0,0.0,-0.179435,0.014021927470929228,-0.14004652777777776,0.022900163796957196,0.0,0.0,-0.179435,-0.14004652777777776,-0.022791666666666655,-0.04722608333333336,28,28.0,-0.18727261111111113,-0.04722608333333336
29,29.0,-0.285225,0.022351645353306786,-0.2458365277777778,0.013473409027278838,0.0,0.0,-0.07627,0.00404471259794809,-0.061315944444444444,0.0030861362940266617,0.0,0.0,-0.285225,0.022351645353306786,-0.2458365277777778,0.013473409027278838,0.0,0.0,-0.285225,-0.2458365277777778,0.208955,0.18452058333333338,29,29.0,-0.061315944444444444,0.18452058333333338
30,30.0,-0.09883,0.012685495654486671,-0.05944152777777778,0.0038072593284587124,0.0,0.0,-0.09329666666666665,0.005007996938231221,-0.07834261111111111,0.00593385367594541,0.0,0.0,-0.09883,0.012685495654486671,-0.05944152777777778,0.0038072593284587124,0.0,0.0,-0.09883,-0.05944152777777778,0.005533333333333348,-0.018901083333333332,30,30.0,-0.07834261111111111,-0.018901083333333332
31,31.0,0.063345,0.03970404576362464,0.10273347222222222,0.03082580943759668,0.0,0.0,0.09355333333333334,0.014147545134521867,0.10850738888888889,0.012490506950959808,0.3333333333333333,0.0,0.063345,0.03970404576362464,0.10273347222222222,0.03082580943759668,0.0,0.0,0.063345,0.10273347222222222,0.030208333333333337,0.00577391666666667,31,31.0,0.10850738888888889,0.00577391666666667
32,32.0,0.08999499999999999,0.006866006845321384,0.1293834722222222,0.015744243171349342,0.0,0.0,0.08279666666666667,0.006314082144962428,0.09775072222222221,0.007501413533667263,0.0,0.0,0.08999499999999999,0.006866006845321384,0.1293834722222222,0.015744243171349342,0.0,0.0,0.08999499999999999,0.1293834722222222,-0.0071983333333333205,-0.03163275,32,32.0,0.09775072222222221,-0.03163275
33,33.0,0.074765,0.02182838633522872,0.11415347222222222,0.01295015000920076,0.0,0.0,0.09495666666666668,0.01519308175892348,0.10991072222222222,0.017078681805845226,0.6666666666666666,0.0,0.074765,0.02182838633522872,0.11415347222222222,0.01295015000920076,0.0,0.0,0.074765,0.11415347222222222,0.020191666666666677,-0.0042427500000000035,33,33.0,0.10991072222222222,-0.0042427500000000035
34,34.0,0.07471,0.00914996174855393,0.11409847222222222,0.0180281980745819,0.0,0.0,0.06316333333333334,0.01130771565495584,0.07811738888888889,0.009881015804886649,0.0,0.0,0.07471,0.00914996174855393,0.11409847222222222,0.0180281980745819,0.0,0.0,0.07471,0.11409847222222222,-0.011546666666666663,-0.03598108333333333,34,34.0,0.07811738888888889,-0.03598108333333333
35,35.0,-0.08535000000000001,0.024239620459074844,-0.04596152777777779,0.0331178567851028,0.0,0.0,-0.07964666666666667,0.007649995642700283,-0.06469261111111112,0.009439139408911399,0.0,0.0,-0.08535000000000001,0.024239620459074844,-0.04596152777777779,0.0331178567851028,0.0,0.0,-0.08535000000000001,-0.04596152777777779,0.005703333333333338,-0.01873108333333333,35,35.0,-0.06469261111111112,-0.01873108333333333
36,36.0,-0.097305,0.008308504678941932,-0.05791652777777778,0.017186741004969894,0.0,0.0,-0.0692,0.016653696286410412,-0.054245944444444444,0.015292926324240296,0.0,0.0,-0.097305,0.008308504678941932,-0.05791652777777778,0.017186741004969894,0.0,0.0,-0.097305,-0.05791652777777778,0.028105000000000005,0.003670583333333338,36,36.0,-0.054245944444444444,0.003670583333333338
37,37.0,-0.06415,0.00466690475583121,-0.024761527777777778,0.013545141081859169,0.0,0.0,-0.08139333333333333,0.012413224131277628,-0.06643927777777776,0.010756866644292205,0.0,0.0,-0.06415,0.00466690475583121,-0.024761527777777778,0.013545141081859169,0.0,0.0,-0.06415,-0.024761527777777778,-0.017243333333333333,-0.041677749999999986,37,37.0,-0.06643927777777776,-0.041677749999999986
38,38.0,-0.133855,0.03489571965155613,-0.09446652777777778,0.026017483325528157,0.0,0.0,-0.16305,0.01800910603000604,-0.14809594444444443,0.017381874227762467,0.0,0.0,-0.133855,0.03489571965155613,-0.09446652777777778,0.026017483325528157,0.0,0.0,-0.133855,-0.09446652777777778,-0.029195,-0.05362941666666665,38,38.0,-0.14809594444444443,-0.05362941666666665
39,39.0,-0.30227499999999996,0.04381940723013037,-0.26288652777777777,0.03494117090410242,0.0,0.0,-0.08339999999999999,0.002835189588016997,-0.06844594444444445,0.00436490861591725,0.0,0.0,-0.30227499999999996,0.04381940723013037,-0.26288652777777777,0.03494117090410242,0.0,0.0,-0.30227499999999996,-0.26288652777777777,0.218875,0.1944405833333333,39,39.0,-0.06844594444444445,0.1944405833333333
40,40.0,-0.086965,0.002439518395093595,-0.04757652777777778,0.011317754721121552,0.0,0.0,-0.08416333333333333,0.0055412032387680355,-0.06920927777777777,0.007500485540044713,0.0,0.0,-0.086965,0.002439518395093595,-0.04757652777777778,0.011317754721121552,0.0,0.0,-0.086965,-0.04757652777777778,0.0028016666666666745,-0.021632749999999992,40,40.0,-0.06920927777777777,-0.021632749999999992
41,41.0,0.042965,0.058187817023841,0.08235347222222222,0.04930958069781304,0.0,0.0,0.07967333333333333,0.004668365167093653,0.09462738888888889,0.005292437791874767,0.0,0.0,0.042965,0.058187817023841,0.08235347222222222,0.04930958069781304,0.0,0.0,0.042965,0.08235347222222222,0.03670833333333333,0.012273916666666662,41,41.0,0.09462738888888889,0.012273916666666662
42,42.0,0.08766499999999999,0.0017606958851545077,0.12705347222222224,0.007117540440873451,0.0,0.0,0.08613333333333334,0.009910813959172746,0.1010873888888889,0.00847354507359213,0.0,0.0,0.08766499999999999,0.0017606958851545077,0.12705347222222224,0.007117540440873451,0.0,0.0,0.08766499999999999,0.12705347222222224,-0.0015316666666666534,-0.025966083333333348,42,42.0,0.1010873888888889,-0.025966083333333348
43,43.0,0.07322000000000001,0.006066976182580571,0.11260847222222221,0.002811260143447387,0.0,0.0,0.07818666666666667,0.002890697724310405,0.09314072222222221,0.0043166624199178355,0.0,0.0,0.07322000000000001,0.006066976182580571,0.11260847222222221,0.002811260143447387,0.0,0.0,0.07322000000000001,0.11260847222222221,0.004966666666666661,-0.019467750000000006,43,43.0,0.09314072222222221,-0.019467750000000006
44,44.0,0.072255,0.011773327906756014,0.11164347222222222,0.020651564232783963,0.0,0.0,0.06123666666666666,0.022990751038914174,0.07619072222222223,0.02376896910312495,0.0,0.0,0.072255,0.011773327906756014,0.11164347222222222,0.020651564232783963,0.0,0.0,0.072255,0.11164347222222222,-0.011018333333333338,-0.03545274999999999,44,44.0,0.07619072222222223,-0.03545274999999999
45,45.0,-0.08695,0.004978031739553288,-0.04756152777777778,0.013856268065581247,0.0,0.0,-0.07840333333333334,0.008556367998942856,-0.06344927777777777,0.010488048727680362,0.0,0.0,-0.08695,0.004978031739553288,-0.04756152777777778,0.013856268065581247,0.0,0.0,-0.08695,-0.04756152777777778,0.00854666666666666,-0.015887749999999992,45,45.0,-0.06344927777777777,-0.015887749999999992
46,46.0,-0.12871,0.034761369363130686,-0.08932152777777778,0.043639605689158645,0.0,0.0,-0.09126333333333332,0.01512236864162931,-0.07630927777777778,0.016823157254305346,0.0,0.0,-0.12871,0.034761369363130686,-0.08932152777777778,0.043639605689158645,0.0,0.0,-0.12871,-0.08932152777777778,0.03744666666666667,0.013012250000000003,46,46.0,-0.07630927777777778,0.013012250000000003
47,47.0,-0.07707,0.016617009357883863,-0.03768152777777778,0.007738773031855903,0.0,0.0,-0.06741,0.014574621778969085,-0.05245594444444444,0.012820424676740437,0.0,0.0,-0.07707,0.016617009357883863,-0.03768152777777778,0.007738773031855903,0.0,0.0,-0.07707,-0.03768152777777778,0.009660000000000002,-0.014774416666666658,47,47.0,-0.05245594444444444,-0.014774416666666658
48,48.0,-0.380315,0.041782939700313076,-0.34092652777777777,0.032904703374285145,0.0,0.0,-0.09001333333333333,0.007178623359205668,-0.07505927777777778,0.007159514803763493,0.0,0.0,-0.380315,0.041782939700313076,-0.34092652777777777,0.032904703374285145,0.0,0.0,-0.380315,-0.34092652777777777,0.2903016666666667,0.26586725,48,48.0,-0.07505927777777778,0.26586725
49,49.0,-0.124405,0.036210938264563106,-0.08501652777777778,0.027332701938535136,0.0,0.0,-0.08750999999999999,0.016546093194467384,-0.07255594444444445,0.014594361963244484,0.0,0.0,-0.124405,0.036210938264563106,-0.08501652777777778,0.027332701938535136,0.0,0.0,-0.124405,-0.08501652777777778,0.03689500000000001,0.01246058333333333,49,49.0,-0.07255594444444445,0.01246058333333333
50,50.0,-0.089525,0.0028213560569343298,-0.05013652777777778,0.006056880269093628,0.0,0.0,-0.08834333333333333,0.008231235225246167,-0.07338927777777778,0.009622961515896226,0.0,0.0,-0.089525,0.0028213560569343298,-0.05013652777777778,0.006056880269093628,0.0,0.0,-0.089525,-0.05013652777777778,0.0011816666666666642,-0.023252749999999996,50,50.0,-0.07338927777777778,-0.023252749999999996
51,51.0,0.08690999999999999,0.009291383104791233,0.12629847222222224,0.00041314677876327547,0.0,0.0,0.08039666666666667,0.01193044145592833,0.09535072222222223,0.01384252933305253,0.0,0.0,0.08690999999999999,0.009291383104791233,0.12629847222222224,0.00041314677876327547,0.0,0.0,0.08690999999999999,0.12629847222222224,-0.006513333333333315,-0.03094775000000001,51,51.0,0.09535072222222223,-0.03094775000000001
52,52.0,0.091535,0.003938584771209073,0.13092347222222223,0.012816821097237032,0.0,0.0,0.07727333333333333,0.00597415544937804,0.09222738888888889,0.0044769568040476555,0.0,0.0,0.091535,0.003938584771209073,0.13092347222222223,0.012816821097237032,0.0,0.0,0.091535,0.13092347222222223,-0.014261666666666672,-0.03869608333333334,52,52.0,0.09222738888888889,-0.03869608333333334
53,53.0,0.09124,0.002687005768508879,0.13062847222222224,0.011565242094536847,0.0,0.0,0.08356333333333332,0.008235061222197032,0.09851738888888889,0.006408741339658038,0.0,0.0,0.09124,0.002687005768508879,0.13062847222222224,0.011565242094536847,0.0,0.0,0.09124,0.13062847222222224,-0.007676666666666679,-0.032111083333333346,53,53.0,0.09851738888888889,-0.032111083333333346
54,54.0,0.078485,0.0274852405847211,0.11787347222222222,0.018607004258693147,0.0,0.0,0.07378666666666667,0.009102858525393736,0.08874072222222222,0.009981019654144557,0.0,0.0,0.078485,0.0274852405847211,0.11787347222222222,0.018607004258693147,0.0,0.0,0.078485,0.11787347222222222,-0.004698333333333332,-0.02913275,54,54.0,0.08874072222222222,-0.02913275
55,55.0,0.049065,0.0249255140368258,0.08845347222222222,0.03380375036285376,0.0,0.0,0.07937666666666666,0.018306808387409675,0.09433072222222222,0.01826933327564035,0.0,0.0,0.049065,0.0249255140368258,0.08845347222222222,0.03380375036285376,0.0,0.0,0.049065,0.08845347222222222,0.030311666666666667,0.0058772500000000005,55,55.0,0.09433072222222222,0.0058772500000000005
56,56.0,-0.097675,0.011405632380539016,-0.05828652777777778,0.02028386870656698,0.0,0.0,-0.08109,0.005641391672273785,-0.06613594444444444,0.004940293457632942,0.0,0.0,-0.097675,0.011405632380539016,-0.05828652777777778,0.02028386870656698,0.0,0.0,-0.097675,-0.05828652777777778,0.016585000000000003,-0.007849416666666664,56,56.0,-0.06613594444444444,-0.007849416666666664
57,57.0,-0.16140500000000002,0.07373002407432132,-0.12201652777777779,0.06485178774829334,0.0,0.0,-0.08830666666666666,0.0028154277354130947,-0.07335261111111112,0.0009814442321722581,0.0,0.0,-0.16140500000000002,0.07373002407432132,-0.12201652777777779,0.06485178774829334,0.0,0.0,-0.16140500000000002,-0.12201652777777779,0.07309833333333336,0.04866391666666667,57,57.0,-0.07335261111111112,0.04866391666666667
58,58.0,-0.237465,0.07425328309239936,-0.1980765277777778,0.06537504676637138,0.0,0.0,-0.09169333333333334,0.01026869189981535,-0.07673927777777778,0.011202522806283805,0.0,0.0,-0.237465,0.07425328309239936,-0.1980765277777778,0.06537504676637138,0.0,0.0,-0.237465,-0.1980765277777778,0.1457716666666667,0.12133725000000001,58,58.0,-0.07673927777777778,0.12133725000000001
59,59.0,-0.10616500000000001,0.04005759915421791,-0.06677652777777777,0.03117936282818995,0.0,0.0,-0.07567333333333333,0.0045092386644901925,-0.060719277777777775,0.002845605969985956,0.0,0.0,-0.10616500000000001,0.04005759915421791,-0.06677652777777777,0.03117936282818995,0.0,0.0,-0.10616500000000001,-0.06677652777777777,0.03049166666666668,0.00605725,59,59.0,-0.060719277777777775,0.00605725
60,60.0,-0.083385,0.0011242997820866162,-0.04399652777777778,0.010002536108114574,0.0,0.0,-0.08283,0.01554512463764765,-0.06787594444444445,0.01620073810056463,0.0,0.0,-0.083385,0.0011242997820866162,-0.04399652777777778,0.010002536108114574,0.0,0.0,-0.083385,-0.04399652777777778,0.0005549999999999999,-0.023879416666666667,60,60.0,-0.06787594444444445,-0.023879416666666667
61,61.0,0.07347000000000001,0.00350724963468528,0.11285847222222221,0.012385485960713238,0.0,0.0,0.08223666666666667,0.009490101861062049,0.09719072222222223,0.00784851249195794,0.0,0.0,0.07347000000000001,0.00350724963468528,0.11285847222222221,0.012385485960713238,0.0,0.0,0.07347000000000001,0.11285847222222221,0.008766666666666659,-0.01566774999999998,61,61.0,0.09719072222222223,-0.01566774999999998
62,62.0,0.08893999999999999,0.0052325901807804545,0.1283284722222222,0.003645646145247504,0.0,0.0,0.08262666666666667,0.004998463097126288,0.09758072222222221,0.006636196158005794,0.0,0.0,0.08893999999999999,0.0052325901807804545,0.1283284722222222,0.003645646145247504,0.0,0.0,0.08893999999999999,0.1283284722222222,-0.006313333333333324,-0.030747750000000004,62,62.0,0.09758072222222221,-0.030747750000000004
63,63.0,0.0753,0.017126126240338185,0.11468847222222223,0.008247889914310226,0.0,0.0,0.08720666666666667,0.006421513321120909,0.10216072222222222,0.008023755909296798,0.0,0.0,0.0753,0.017126126240338185,0.11468847222222223,0.008247889914310226,0.0,0.0,0.0753,0.11468847222222223,0.011906666666666663,-0.012527750000000004,63,63.0,0.10216072222222222,-0.012527750000000004
64,64.0,0.07144500000000001,0.001025304832720489,0.11083347222222222,0.009903541158748447,0.0,0.0,0.06915,0.021874926285590086,0.08410405555555556,0.021234878201329733,0.0,0.0,0.07144500000000001,0.001025304832720489,0.11083347222222222,0.009903541158748447,0.0,0.0,0.07144500000000001,0.11083347222222222,-0.0022950000000000054,-0.02672941666666666,64,64.0,0.08410405555555556,-0.02672941666666666
65,65.0,-0.06969,0.00350724963468527,-0.03030152777777778,0.012385485960713228,0.0,0.0,-0.08689333333333334,0.021041885213386496,-0.07193927777777777,0.02159342212091394,0.0,0.0,-0.06969,0.00350724963468527,-0.03030152777777778,0.012385485960713228,0.0,0.0,-0.06969,-0.03030152777777778,-0.017203333333333334,-0.04163774999999999,65,65.0,-0.07193927777777777,-0.04163774999999999
66,66.0,-0.06429,0.02653064643011926,-0.02490152777777778,0.03540888275614722,0.0,0.0,-0.07857666666666667,0.00460175328905553,-0.06362261111111112,0.006130022476193872,0.0,0.0,-0.06429,0.02653064643011926,-0.02490152777777778,0.03540888275614722,0.0,0.0,-0.06429,-0.02490152777777778,-0.01428666666666667,-0.038721083333333337,66,66.0,-0.06362261111111112,-0.038721083333333337
67,67.0,-0.33829,0.06163142704821945,-0.2989015277777778,0.0705096633742474,0.0,0.0,-0.4925466666666667,0.0272938845409248,-0.4775926111111111,0.027006785731712713,0.0,1.0,-0.33829,0.06163142704821945,-0.2989015277777778,0.0705096633742474,0.0,0.0,-0.33829,-0.2989015277777778,-0.1542566666666667,-0.17869108333333333,67,67.0,-0.4775926111111111,-0.17869108333333333
68,68.0,-0.459915,0.02130512731715067,-0.42052652777777777,0.01242689099112274,0.0,1.0,-0.46778000000000003,0.01842655420853286,-0.45282594444444446,0.016610318479881283,0.0,1.0,-0.459915,0.02130512731715067,-0.42052652777777777,0.01242689099112274,0.0,1.0,-0.459915,-0.42052652777777777,-0.007865000000000011,-0.03229941666666669,68,68.0,-0.45282594444444446,-0.03229941666666669
69,69.0,-0.45477,0.060853609588914295,-0.4153815277777778,0.05197537326288637,0.0,0.5,-0.20156,0.02940912613458619,-0.18660594444444445,0.027552553692953532,0.0,0.0,-0.45477,0.060853609588914295,-0.4153815277777778,0.05197537326288637,0.0,0.5,-0.45477,-0.4153815277777778,0.25321000000000005,0.22877558333333337,69,69.0,-0.18660594444444445,0.22877558333333337
70,70.0,-0.09818,0.01421284630184961,-0.05879152777777778,0.005334609975821657,0.0,0.0,-0.09959333333333333,0.007895266514395401,-0.08463927777777779,0.009030417487751408,0.0,0.0,-0.09818,0.01421284630184961,-0.05879152777777778,0.005334609975821657,0.0,0.0,-0.09818,-0.05879152777777778,-0.001413333333333322,-0.025847750000000003,70,70.0,-0.08463927777777779,-0.025847750000000003
71,71.0,0.018015,0.10669534221323816,0.057403472222222224,0.09781710588721021,0.0,0.0,0.02978666666666667,0.047684545015479946,0.04474072222222222,0.04588310262083633,0.0,0.0,0.018015,0.10669534221323816,0.057403472222222224,0.09781710588721021,0.0,0.0,0.018015,0.057403472222222224,0.01177166666666667,-0.01266275,71,71.0,0.04474072222222222,-0.01266275
72,72.0,0.080985,0.0057487781310466305,0.12037347222222222,0.014627014457074579,0.0,0.0,0.09166666666666667,0.007963945839427425,0.10662072222222223,0.009923664114002,0.0,0.0,0.080985,0.0057487781310466305,0.12037347222222222,0.014627014457074579,0.0,0.0,0.080985,0.12037347222222222,0.010681666666666673,-0.013752749999999994,72,72.0,0.10662072222222223,-0.013752749999999994
73,73.0,0.09343,0.010634885989045674,0.1328184722222222,0.0017566496630177248,0.0,0.0,0.08580333333333334,0.00759201115208173,0.1007573888888889,0.00858390648589801,0.0,0.0,0.09343,0.010634885989045674,0.1328184722222222,0.0017566496630177248,0.0,0.0,0.09343,0.1328184722222222,-0.007626666666666657,-0.03206108333333331,73,73.0,0.1007573888888889,-0.03206108333333331
74,74.0,0.06941,0.007919595949289324,0.10879847222222222,0.0009586403767386444,0.0,0.0,0.07797333333333333,0.010752866284546334,0.09292738888888889,0.011555349026065701,0.0,0.0,0.06941,0.007919595949289324,0.10879847222222222,0.0009586403767386444,0.0,0.0,0.06941,0.10879847222222222,0.008563333333333326,-0.015871083333333327,74,74.0,0.09292738888888889,-0.015871083333333327
75,75.0,-0.084995,0.006031620843521258,-0.04560652777777778,0.002846615482506701,0.0,0.0,-0.0877,0.017951437268363776,-0.07274594444444445,0.018985455939358124,0.0,0.0,-0.084995,0.006031620843521258,-0.04560652777777778,0.002846615482506701,0.0,0.0,-0.084995,-0.04560652777777778,-0.002704999999999999,-0.027139416666666666,75,75.0,-0.07274594444444445,-0.027139416666666666
76,76.0,-0.109095,0.016284669170726185,-0.06970652777777778,0.007406432844698218,0.0,0.0,-0.08213999999999999,0.007508814819929972,-0.06718594444444444,0.0067864206326373805,0.0,0.0,-0.109095,0.016284669170726185,-0.06970652777777778,0.007406432844698218,0.0,0.0,-0.109095,-0.06970652777777778,0.026955000000000007,0.00252058333333334,76,76.0,-0.06718594444444444,0.00252058333333334
77,77.0,-0.257045,0.25343414144507054,-0.21765652777777778,0.26231237777109845,0.0,0.5,-0.08919333333333333,0.004913922397976322,-0.07423927777777778,0.006769822170877806,0.0,0.0,-0.257045,0.25343414144507054,-0.21765652777777778,0.26231237777109845,0.0,0.5,-0.257045,-0.21765652777777778,0.16785166666666668,0.14341725,77,77.0,-0.07423927777777778,0.14341725
78,78.0,-0.220665,0.1503945412905668,-0.18127652777777778,0.15927277761659475,0.0,0.0,-0.10152333333333334,0.013041021176784177,-0.08656927777777779,0.011417041697138428,0.0,0.0,-0.220665,0.1503945412905668,-0.18127652777777778,0.15927277761659475,0.0,0.0,-0.220665,-0.18127652777777778,0.11914166666666666,0.09470724999999999,78,78.0,-0.08656927777777779,0.09470724999999999
79,79.0,-0.191655,0.09929900528202686,-0.15226652777777777,0.0904207689559989,0.0,0.0,-0.08361999999999999,0.0025509410028458188,-0.06866594444444445,0.004496913200899013,0.0,0.0,-0.191655,0.09929900528202686,-0.15226652777777777,0.0904207689559989,0.0,0.0,-0.191655,-0.15226652777777777,0.108035,0.08360058333333333,79,79.0,-0.06866594444444445,0.08360058333333333
80,80.0,-0.094415,0.007870098474606275,-0.05502652777777778,0.0010081378514216835,0.0,0.0,-0.08127333333333332,0.006810259417476942,-0.06631927777777778,0.006463953425882292,0.0,0.0,-0.094415,0.007870098474606275,-0.05502652777777778,0.0010081378514216835,0.0,0.0,-0.094415,-0.05502652777777778,0.013141666666666676,-0.011292750000000004,80,80.0,-0.06631927777777778,-0.011292750000000004
81,81.0,0.08282,0.010564175310927017,0.12220847222222223,0.0016859389848990582,0.0,0.0,0.08417000000000001,0.00970583844909856,0.09912405555555555,0.008887287362843228,0.0,0.0,0.08282,0.010564175310927017,0.12220847222222223,0.0016859389848990582,0.0,0.0,0.08282,0.12220847222222223,0.001350000000000004,-0.023084416666666677,81,81.0,0.09912405555555555,-0.023084416666666677
82,82.0,0.08078,0.009927779207859125,0.12016847222222223,0.0010495428818311768,0.0,0.0,0.07722333333333332,0.004229755706105652,0.09217738888888889,0.006056632315328909,0.0,0.0,0.08078,0.009927779207859125,0.12016847222222223,0.0010495428818311768,0.0,0.0,0.08078,0.12016847222222223,-0.00355666666666668,-0.027991083333333333,82,82.0,0.09217738888888889,-0.027991083333333333
83,83.0,0.07339999999999999,0.005317442994522846,0.11278847222222221,0.0035607933315051116,0.0,0.0,0.09713,0.019551562597398705,0.11208405555555556,0.02151174392441843,0.3333333333333333,0.0,0.07339999999999999,0.005317442994522846,0.11278847222222221,0.0035607933315051116,0.0,0.0,0.07339999999999999,0.11278847222222221,0.02373,-0.0007044166666666518,83,83.0,0.11208405555555556,-0.0007044166666666518
84,84.0,0.07954,0.0030971277015970746,0.11892847222222222,0.011975364027625043,0.0,0.0,0.07862999999999999,0.012334467965826493,0.09358405555555556,0.010452030770396177,0.0,0.0,0.07954,0.0030971277015970746,0.11892847222222222,0.011975364027625043,0.0,0.0,0.07954,0.11892847222222222,-0.000910000000000008,-0.02534441666666666,84,84.0,0.09358405555555556,-0.02534441666666666
85,85.0,0.0006849999999999981,0.12706001751141072,0.04007347222222221,0.11818178118538276,0.0,0.0,0.032716666666666665,0.019114406434240467,0.04767072222222222,0.020679847893347175,0.0,0.0,0.0006849999999999981,0.12706001751141072,0.04007347222222221,0.11818178118538276,0.0,0.0,0.0006849999999999981,0.04007347222222221,0.03203166666666667,0.007597250000000007,85,85.0,0.04767072222222222,0.007597250000000007
86,86.0,-0.094235,0.002665792565073281,-0.05484652777777778,0.0062124437609546775,0.0,0.0,-0.09349,0.007452590153765336,-0.07853594444444445,0.006475772283654906,0.0,0.0,-0.094235,0.002665792565073281,-0.05484652777777778,0.0062124437609546775,0.0,0.0,-0.094235,-0.05484652777777778,0.0007449999999999957,-0.02368941666666667,86,86.0,-0.07853594444444445,-0.02368941666666667
87,87.0,-0.292795,0.09048845478844247,-0.2534065277777778,0.08161021846241452,0.0,0.0,-0.09709333333333332,0.011224693017331618,-0.08213927777777778,0.012939128727441759,0.0,0.0,-0.292795,0.09048845478844247,-0.2534065277777778,0.08161021846241452,0.0,0.0,-0.292795,-0.2534065277777778,0.19570166666666672,0.17126724999999998,87,87.0,-0.08213927777777778,0.17126724999999998
88,88.0,-0.24319999999999997,0.081105147802097,-0.20381152777777778,0.07222691147606905,0.0,0.0,-0.08567999999999999,0.007639626954243254,-0.07072594444444444,0.00957376679048754,0.0,0.0,-0.24319999999999997,0.081105147802097,-0.20381152777777778,0.07222691147606905,0.0,0.0,-0.24319999999999997,-0.20381152777777778,0.15752,0.13308558333333334,88,88.0,-0.07072594444444444,0.13308558333333334
89,89.0,-0.08851500000000001,0.02090914751968621,-0.04912652777777778,0.012030911193658251,0.0,0.0,-0.08537666666666666,0.003257826473790975,-0.0704226111111111,0.005217952717171934,0.0,0.0,-0.08851500000000001,0.02090914751968621,-0.04912652777777778,0.012030911193658251,0.0,0.0,-0.08851500000000001,-0.04912652777777778,0.003138333333333354,-0.02129608333333332,89,89.0,-0.0704226111111111,-0.02129608333333332
90,90.0,-0.056715,0.05791911644699011,-0.01732652777777778,0.04904088012096215,0.0,0.0,-0.004836666666666667,0.028003552155634354,0.01011738888888889,0.026401805746383202,0.0,0.0,-0.056715,0.05791911644699011,-0.01732652777777778,0.04904088012096215,0.0,0.0,-0.056715,-0.01732652777777778,0.05187833333333333,0.027443916666666672,90,90.0,0.01011738888888889,0.027443916666666672
91,91.0,0.08271,0.004695189027078671,0.12209847222222221,0.004183047298949288,0.0,0.0,0.08022,0.004569595168064676,0.09517405555555557,0.006237844179128437,0.0,0.0,0.08271,0.004695189027078671,0.12209847222222221,0.004183047298949288,0.0,0.0,0.08271,0.12209847222222221,-0.002490000000000006,-0.026924416666666645,91,91.0,0.09517405555555557,-0.026924416666666645
92,92.0,0.08502,0.014523973285571689,0.12440847222222222,0.023402209611599636,0.0,0.0,0.07128666666666666,0.01058131056785186,0.08624072222222223,0.01223951288077439,0.0,0.0,0.08502,0.014523973285571689,0.12440847222222222,0.023402209611599636,0.0,0.0,0.08502,0.12440847222222222,-0.013733333333333334,-0.038167749999999986,92,92.0,0.08624072222222223,-0.038167749999999986
93,93.0,0.083485,0.016680648968190655,0.12287347222222222,0.025558885294218625,0.0,0.0,0.07372,0.0035078340895772202,0.08867405555555556,0.004142841148398556,0.0,0.0,0.083485,0.016680648968190655,0.12287347222222222,0.025558885294218625,0.0,0.0,0.083485,0.12287347222222222,-0.00976500000000001,-0.03419941666666666,93,93.0,0.08867405555555556,-0.03419941666666666
94,94.0,0.071625,0.011829896449250947,0.11101347222222221,0.002951660123222988,0.0,0.0,0.0655,0.003949531617799761,0.08045405555555556,0.004333060119948309,0.0,0.0,0.071625,0.011829896449250947,0.11101347222222221,0.002951660123222988,0.0,0.0,0.071625,0.11101347222222221,-0.0061249999999999916,-0.03055941666666666,94,94.0,0.08045405555555556,-0.03055941666666666
95,95.0,0.06578,0.020194969670687804,0.10516847222222223,0.029073205996715756,0.0,0.0,0.06544333333333334,0.02397724824356067,0.08039738888888888,0.022072614757325613,0.0,0.0,0.06578,0.020194969670687804,0.10516847222222223,0.029073205996715756,0.0,0.0,0.06578,0.10516847222222223,-0.00033666666666666567,-0.024771083333333346,95,95.0,0.08039738888888888,-0.024771083333333346
96,96.0,-0.07713,0.007636753236814716,-0.037741527777777784,0.016514989562842676,0.0,0.0,-0.07905333333333332,0.0026597430953634077,-0.06409927777777778,0.0023852735698628807,0.0,0.0,-0.07713,0.007636753236814716,-0.037741527777777784,0.016514989562842676,0.0,0.0,-0.07713,-0.037741527777777784,-0.0019233333333333186,-0.02635775,96,96.0,-0.06409927777777778,-0.02635775
97,97.0,-0.22975,0.22392657546615585,-0.19036152777777776,0.23280481179218382,0.0,0.0,-0.07768333333333334,0.003953635457820222,-0.06272927777777777,0.004463801257869027,0.0,0.0,-0.22975,0.22392657546615585,-0.19036152777777776,0.23280481179218382,0.0,0.0,-0.22975,-0.19036152777777776,0.15206666666666668,0.12763225,97,97.0,-0.06272927777777777,0.12763225
98,98.0,-0.4366,0.07414721707522139,-0.3972115277777778,0.06526898074919345,0.0,0.5,-0.10064666666666666,0.023494893771484334,-0.08569261111111111,0.021658133447911225,0.0,0.0,-0.4366,0.07414721707522139,-0.3972115277777778,0.06526898074919345,0.0,0.5,-0.4366,-0.3972115277777778,0.3359533333333333,0.3115189166666667,98,98.0,-0.08569261111111111,0.3115189166666667
99,99.0,-0.235935,0.052318830739992654,-0.19654652777777779,0.04344059441396468,0.0,0.0,-0.09577666666666666,0.012470574699400714,-0.08082261111111111,0.014399871430860363,0.0,0.0,-0.235935,0.052318830739992654,-0.19654652777777779,0.04344059441396468,0.0,0.0,-0.235935,-0.19654652777777779,0.14015833333333333,0.11572391666666668,99,99.0,-0.08082261111111111,0.11572391666666668
100,100.0,-0.08854000000000001,0.006010407640085649,-0.04915152777777778,0.014888643966113608,0.0,0.0,-0.08112666666666667,0.006991082415000793,-0.06617261111111111,0.007928320720526563,0.0,0.0,-0.08854000000000001,0.006010407640085649,-0.04915152777777778,0.014888643966113608,0.0,0.0,-0.08854000000000001,-0.04915152777777778,0.007413333333333341,-0.017021083333333333,100,100.0,-0.06617261111111111,-0.017021083333333333
101,101.0,0.053255,0.018985817074858805,0.09264347222222222,0.010107580748830851,0.0,0.0,0.09305333333333332,0.01814964554291167,0.10800738888888889,0.018069630876226733,0.3333333333333333,0.0,0.053255,0.018985817074858805,0.09264347222222222,0.010107580748830851,0.0,0.0,0.053255,0.09264347222222222,0.039798333333333324,0.015363916666666672,101,101.0,0.10800738888888889,0.015363916666666672
102,102.0,0.09184999999999999,0.014905810947412423,0.13123847222222224,0.006027574621384465,0.0,0.0,0.07707666666666667,0.0032302063917547664,0.09203072222222224,0.001537134600763445,0.0,0.0,0.09184999999999999,0.014905810947412423,0.13123847222222224,0.006027574621384465,0.0,0.0,0.09184999999999999,0.13123847222222224,-0.014773333333333319,-0.03920775,102,102.0,0.09203072222222224,-0.03920775
103,103.0,0.075805,0.008181225458328353,0.11519347222222222,0.0006970108676996154,0.0,0.0,0.07643,0.0019636445706899246,0.09138405555555557,0.001636514589939982,0.0,0.0,0.075805,0.008181225458328353,0.11519347222222222,0.0006970108676996154,0.0,0.0,0.075805,0.11519347222222222,0.0006250000000000006,-0.023809416666666652,103,103.0,0.09138405555555557,-0.023809416666666652
104,104.0,0.070725,0.03144503855936577,0.11011347222222223,0.022566802233337818,0.0,0.0,0.06666,0.015180622516879867,0.08161405555555555,0.017064944623498966,0.0,0.0,0.070725,0.03144503855936577,0.11011347222222223,0.022566802233337818,0.0,0.0,0.070725,0.11011347222222223,-0.004064999999999999,-0.02849941666666668,104,104.0,0.08161405555555555,-0.02849941666666668
105,105.0,-0.082255,0.01026011939501681,-0.04286652777777778,0.01913835572104477,0.0,0.0,-0.07854333333333334,0.007742463001741333,-0.06358927777777777,0.009140588724218413,0.0,0.0,-0.082255,0.01026011939501681,-0.04286652777777778,0.01913835572104477,0.0,0.0,-0.082255,-0.04286652777777778,0.003711666666666655,-0.02072274999999999,105,105.0,-0.06358927777777777,-0.02072274999999999
106,106.0,-0.0905,0.012883485553218896,-0.05111152777777779,0.02176172187924686,0.0,0.0,-0.07112666666666667,0.0062011799952374665,-0.05617261111111111,0.008130393013787342,0.0,0.0,-0.0905,0.012883485553218896,-0.05111152777777779,0.02176172187924686,0.0,0.0,-0.0905,-0.05111152777777779,0.019373333333333326,-0.00506108333333332,106,106.0,-0.05617261111111111,-0.00506108333333332
107,107.0,-0.27996,0.029514637046726494,-0.24057152777777774,0.03839287337275444,0.0,0.0,-0.3252366666666667,0.021057961281504296,-0.31028261111111116,0.021008130172302845,0.0,1.0,-0.27996,0.029514637046726494,-0.24057152777777774,0.03839287337275444,0.0,0.0,-0.27996,-0.24057152777777774,-0.04527666666666669,-0.06971108333333342,107,107.0,-0.31028261111111116,-0.06971108333333342
108,108.0,-0.42423999999999995,0.1869873172169706,-0.38485152777777776,0.19586555354299853,0.0,0.5,-0.2742866666666667,0.02644956395355761,-0.2593326111111111,0.02449137019221211,0.0,1.0,-0.42423999999999995,0.1869873172169706,-0.38485152777777776,0.19586555354299853,0.0,0.5,-0.42423999999999995,-0.38485152777777776,0.14995333333333327,0.12551891666666665,108,108.0,-0.2593326111111111,0.12551891666666665
109,109.0,-0.31638,0.07199761246041428,-0.2769915277777778,0.06311937613438634,0.0,0.0,-0.08691666666666668,0.00609714960726185,-0.07196261111111112,0.004159365870842671,0.0,0.0,-0.31638,0.07199761246041428,-0.2769915277777778,0.06311937613438634,0.0,0.0,-0.31638,-0.2769915277777778,0.2294633333333333,0.20502891666666667,109,109.0,-0.07196261111111112,0.20502891666666667
110,110.0,-0.088255,0.005112382027978729,-0.04886652777777778,0.013990618354006687,0.0,0.0,-0.08795000000000001,0.005561321785331252,-0.07299594444444445,0.006111361050696918,0.0,0.0,-0.088255,0.005112382027978729,-0.04886652777777778,0.013990618354006687,0.0,0.0,-0.088255,-0.04886652777777778,0.00030499999999998584,-0.024129416666666667,110,110.0,-0.07299594444444445,-0.024129416666666667
111,111.0,0.06395,0.01361887660565291,0.10333847222222223,0.004740640279624946,0.0,0.0,0.09901333333333333,0.004541325063605705,0.1139673888888889,0.0064697566073726445,0.3333333333333333,0.0,0.06395,0.01361887660565291,0.10333847222222223,0.004740640279624946,0.0,0.0,0.06395,0.10333847222222223,0.03506333333333332,0.010628916666666668,111,111.0,0.1139673888888889,0.010628916666666668
112,112.0,0.07719999999999999,0.015202795795510775,0.11658847222222221,0.006324559469482818,0.0,0.0,0.08035333333333333,0.00047815618090048386,0.09530738888888889,0.002217012630339853,0.0,0.0,0.07719999999999999,0.015202795795510775,0.11658847222222221,0.006324559469482818,0.0,0.0,0.07719999999999999,0.11658847222222221,0.0031533333333333413,-0.021281083333333325,112,112.0,0.09530738888888889,-0.021281083333333325
113,113.0,0.086725,0.007148849557795991,0.12611347222222222,0.001729386768231967,0.0,0.0,0.07758,0.008056345325270014,0.09253405555555556,0.00925311650218922,0.0,0.0,0.086725,0.007148849557795991,0.12611347222222222,0.001729386768231967,0.0,0.0,0.086725,0.12611347222222222,-0.009145,-0.03357941666666665,113,113.0,0.09253405555555556,-0.03357941666666665
114,114.0,0.07147,0.0070993520831129425,0.11085847222222221,0.001778884242915016,0.0,0.0,0.0643,0.017738737271857877,0.07925405555555555,0.015981592432225047,0.0,0.0,0.07147,0.0070993520831129425,0.11085847222222221,0.001778884242915016,0.0,0.0,0.07147,0.11085847222222221,-0.00717000000000001,-0.03160441666666666,114,114.0,0.07925405555555555,-0.03160441666666666
115,115.0,0.01023,0.08602661099915537,0.049618472222222224,0.07714837467312742,0.0,0.0,0.03554,0.04636515609808728,0.05049405555555556,0.04475976494952157,0.0,0.0,0.01023,0.08602661099915537,0.049618472222222224,0.07714837467312742,0.0,0.0,0.01023,0.049618472222222224,0.025310000000000003,0.0008755833333333393,115,115.0,0.05049405555555556,0.0008755833333333393
116,116.0,-0.07873,0.009291383104791233,-0.03934152777777778,0.01816961943081919,0.0,0.0,-0.08611333333333333,0.006707490837364848,-0.07115927777777777,0.005008279755983837,0.0,0.0,-0.07873,0.009291383104791233,-0.03934152777777778,0.01816961943081919,0.0,0.0,-0.07873,-0.03934152777777778,-0.007383333333333339,-0.031817749999999985,116,116.0,-0.07115927777777777,-0.031817749999999985
117,117.0,-0.275635,0.05660389783398312,-0.2362465277777778,0.04772566150795517,0.0,0.0,-0.08456999999999999,0.007882074600002209,-0.06961594444444444,0.008813125092268653,0.0,0.0,-0.275635,0.05660389783398312,-0.2362465277777778,0.04772566150795517,0.0,0.0,-0.275635,-0.2362465277777778,0.19106500000000004,0.16663058333333336,117,117.0,-0.06961594444444444,0.16663058333333336
118,118.0,-0.21249,0.06231024955815857,-0.17310152777777776,0.0534320132321306,0.0,0.0,-0.07853,0.013568039652064703,-0.06357594444444443,0.011612155915379646,0.0,0.0,-0.21249,0.06231024955815857,-0.17310152777777776,0.0534320132321306,0.0,0.0,-0.21249,-0.17310152777777776,0.13396000000000002,0.10952558333333333,118,118.0,-0.06357594444444443,0.10952558333333333
119,119.0,-0.09692,0.0005939696961966953,-0.057531527777777786,0.008284266629831267,0.0,0.0,-0.07414333333333332,0.013392301271003923,-0.05918927777777777,0.012390876078917354,0.0,0.0,-0.09692,0.0005939696961966953,-0.057531527777777786,0.008284266629831267,0.0,0.0,-0.09692,-0.057531527777777786,0.02277666666666668,-0.0016577499999999856,119,119.0,-0.05918927777777777,-0.0016577499999999856
120,120.0,-0.09436,0.013491597385039326,-0.054971527777777786,0.0046133610590113686,0.0,0.0,-0.08666,0.014029893085836406,-0.07170594444444445,0.014741765460485914,0.0,0.0,-0.09436,0.013491597385039326,-0.054971527777777786,0.0046133610590113686,0.0,0.0,-0.09436,-0.054971527777777786,0.0076999999999999985,-0.01673441666666666,120,120.0,-0.07170594444444445,-0.01673441666666666
121,121.0,0.09687499999999999,0.011037936854322005,0.1362634722222222,0.002159700528294048,0.5,0.0,0.08755,0.006102360199136065,0.10250405555555557,0.004388962545443804,0.0,0.0,0.09687499999999999,0.011037936854322005,0.1362634722222222,0.002159700528294048,0.5,0.0,0.09687499999999999,0.1362634722222222,-0.009324999999999986,-0.03375941666666664,121,121.0,0.10250405555555557,-0.03375941666666664
122,122.0,0.084505,0.002892066735052977,0.12389347222222222,0.011770303061080935,0.0,0.0,0.08193,0.017407524235226554,0.09688405555555556,0.019300845879643536,0.0,0.0,0.084505,0.002892066735052977,0.12389347222222222,0.011770303061080935,0.0,0.0,0.084505,0.12389347222222222,-0.002574999999999994,-0.02700941666666666,122,122.0,0.09688405555555556,-0.02700941666666666
123,123.0,0.07979,0.018257497090236663,0.11917847222222222,0.027135733416264633,0.0,0.0,0.08037,0.004084899019559719,0.09532405555555556,0.006043385732699631,0.0,0.0,0.07979,0.018257497090236663,0.11917847222222222,0.027135733416264633,0.0,0.0,0.07979,0.11917847222222222,0.0005799999999999972,-0.023854416666666656,123,123.0,0.09532405555555556,-0.023854416666666656
124,124.0,0.061200000000000004,0.006194255403194154,0.10058847222222222,0.015072491729222117,0.0,0.0,0.03007333333333333,0.0679347262696578,0.04502738888888889,0.06989501864703773,0.0,0.0,0.061200000000000004,0.006194255403194154,0.10058847222222222,0.015072491729222117,0.0,0.0,0.061200000000000004,0.10058847222222222,-0.031126666666666674,-0.05556108333333334,124,124.0,0.04502738888888889,-0.05556108333333334
125,125.0,-0.087965,0.020866721112815022,-0.04857652777777778,0.029744957438842985,0.0,0.0,-0.08431,0.0049050688068568455,-0.06935594444444444,0.006843447839826048,0.0,0.0,-0.087965,0.020866721112815022,-0.04857652777777778,0.029744957438842985,0.0,0.0,-0.087965,-0.04857652777777778,0.0036550000000000055,-0.02077941666666666,125,125.0,-0.06935594444444444,-0.02077941666666666
126,126.0,-0.09306,0.013336033893178287,-0.053671527777777776,0.00445779756715033,0.0,0.0,-0.07519333333333333,0.006977279794685985,-0.060239277777777774,0.005589223609647579,0.0,0.0,-0.09306,0.013336033893178287,-0.053671527777777776,0.00445779756715033,0.0,0.0,-0.09306,-0.053671527777777776,0.01786666666666667,-0.006567749999999997,126,126.0,-0.060239277777777774,-0.006567749999999997
127,127.0,-0.32179,0.05646954754555768,-0.28240152777777777,0.047591311219529725,0.0,0.0,-0.08644333333333333,0.0010744921280927751,-0.07148927777777779,0.0030163657313576316,0.0,0.0,-0.32179,0.05646954754555768,-0.28240152777777777,0.047591311219529725,0.0,0.0,-0.32179,-0.28240152777777777,0.2353466666666667,0.21091224999999997,127,127.0,-0.07148927777777779,0.21091224999999997
128,128.0,-0.23219499999999998,0.05694330908895266,-0.19280652777777776,0.048065072762924696,0.0,0.0,-0.09008,0.01649190104263301,-0.07512594444444444,0.016899680700559527,0.0,0.0,-0.23219499999999998,0.05694330908895266,-0.19280652777777776,0.048065072762924696,0.0,0.0,-0.23219499999999998,-0.19280652777777776,0.142115,0.11768058333333332,128,128.0,-0.07512594444444444,0.11768058333333332
129,129.0,-0.08876,0.011978388873300112,-0.04937152777777778,0.0031001525472721544,0.0,0.0,-0.09575,0.0055478193914366,-0.08079594444444445,0.005942848129640806,0.0,0.0,-0.08876,0.011978388873300112,-0.04937152777777778,0.0031001525472721544,0.0,0.0,-0.08876,-0.04937152777777778,-0.006989999999999996,-0.03142441666666667,129,129.0,-0.08079594444444445,-0.03142441666666667
130,130.0,0.003700000000000002,0.0880065099864777,0.04308847222222223,0.07912827366044975,0.0,0.0,-0.011423333333333334,0.060901738344100925,0.003530722222222222,0.05896970799583628,0.0,0.0,0.003700000000000002,0.0880065099864777,0.04308847222222223,0.07912827366044975,0.0,0.0,0.003700000000000002,0.04308847222222223,-0.015123333333333336,-0.03955775000000001,130,130.0,0.003530722222222222,-0.03955775000000001
131,131.0,0.09025,0.009008540392316616,0.12963847222222222,0.000130304066288668,0.0,0.0,0.08520666666666667,0.0026584644690748377,0.10016072222222222,0.0041991371471844325,0.0,0.0,0.09025,0.009008540392316616,0.12963847222222222,0.000130304066288668,0.0,0.0,0.09025,0.12963847222222222,-0.00504333333333333,-0.029477749999999997,131,131.0,0.10016072222222222,-0.029477749999999997
132,132.0,0.09368499999999999,0.014219917369661472,0.1330734722222222,0.005341681043633514,0.5,0.0,0.09189333333333333,0.007296289011088673,0.1068473888888889,0.005666755440753431,0.0,0.0,0.09368499999999999,0.014219917369661472,0.1330734722222222,0.005341681043633514,0.5,0.0,0.09368499999999999,0.1330734722222222,-0.0017916666666666636,-0.026226083333333317,132,132.0,0.1068473888888889,-0.026226083333333317
133,133.0,0.090645,0.004433559518039651,0.13003347222222222,0.004444676807988317,0.0,0.0,0.08660000000000001,0.014059519906454841,0.10155405555555556,0.015441469723614676,0.0,0.0,0.090645,0.004433559518039651,0.13003347222222222,0.004444676807988317,0.0,0.0,0.090645,0.13003347222222222,-0.004044999999999993,-0.02847941666666666,133,133.0,0.10155405555555556,-0.02847941666666666
134,134.0,0.0824,0.0026728636328851537,0.12178847222222222,0.006205372693142815,0.0,0.0,0.06804666666666666,0.009678643155594347,0.08300072222222223,0.007736095555739394,0.0,0.0,0.0824,0.0026728636328851537,0.12178847222222222,0.006205372693142815,0.0,0.0,0.0824,0.12178847222222222,-0.014353333333333343,-0.038787749999999996,134,134.0,0.08300072222222223,-0.038787749999999996
135,135.0,0.070595,0.013088546519762998,0.10998347222222223,0.021966782845790962,0.0,0.0,0.06193666666666667,0.01673269354686607,0.07689072222222222,0.01731393371128127,0.0,0.0,0.070595,0.013088546519762998,0.10998347222222223,0.021966782845790962,0.0,0.0,0.070595,0.10998347222222223,-0.008658333333333337,-0.033092750000000004,135,135.0,0.07689072222222222,-0.033092750000000004
136,136.0,-0.09481,0.0114692719908458,-0.05542152777777777,0.020347508316873753,0.0,0.0,-0.07992666666666666,0.01282360843652571,-0.0649726111111111,0.014511008120380649,0.0,0.0,-0.09481,0.0114692719908458,-0.05542152777777777,0.020347508316873753,0.0,0.0,-0.09481,-0.05542152777777777,0.014883333333333346,-0.009551083333333335,136,136.0,-0.0649726111111111,-0.009551083333333335
137,137.0,-0.14944000000000002,0.056653395308666185,-0.11005152777777778,0.04777515898263822,0.0,0.0,-0.08725,0.015365959130493613,-0.07229594444444444,0.01410644287404312,0.0,0.0,-0.14944000000000002,0.056653395308666185,-0.11005152777777778,0.04777515898263822,0.0,0.0,-0.14944000000000002,-0.11005152777777778,0.06219000000000002,0.03775558333333334,137,137.0,-0.07229594444444444,0.03775558333333334
138,138.0,-0.20538,0.07090866801738702,-0.1659915277777778,0.06203043169135904,0.0,0.0,-0.07368333333333334,0.005801209643973691,-0.058729277777777776,0.006040244476543961,0.0,0.0,-0.20538,0.07090866801738702,-0.1659915277777778,0.06203043169135904,0.0,0.0,-0.20538,-0.1659915277777778,0.13169666666666668,0.10726225,138,138.0,-0.058729277777777776,0.10726225
139,139.0,-0.089035,0.012126881297349288,-0.04964652777777778,0.003248644971321331,0.0,0.0,-0.08377,0.00687635804768775,-0.06881594444444444,0.008817429204754885,0.0,0.0,-0.089035,0.012126881297349288,-0.04964652777777778,0.003248644971321331,0.0,0.0,-0.089035,-0.04964652777777778,0.005265000000000006,-0.01916941666666666,139,139.0,-0.06881594444444444,-0.01916941666666666
140,140.0,-0.09154999999999999,0.00045254833995938176,-0.05216152777777778,0.00933078466598734,0.0,0.0,-0.08251333333333333,0.0021350019515994226,-0.06755927777777777,0.003946109406431977,0.0,0.0,-0.09154999999999999,0.00045254833995938176,-0.05216152777777778,0.00933078466598734,0.0,0.0,-0.09154999999999999,-0.05216152777777778,0.009036666666666665,-0.015397749999999995,140,140.0,-0.06755927777777777,-0.015397749999999995
141,141.0,0.0851,0.017267547596575488,0.12448847222222222,0.008389311270547541,0.0,0.0,0.10103333333333332,0.012545526427110718,0.11598738888888889,0.012237858904181,0.3333333333333333,0.0,0.0851,0.017267547596575488,0.12448847222222222,0.008389311270547541,0.0,0.0,0.0851,0.12448847222222222,0.015933333333333327,-0.008501083333333326,141,141.0,0.11598738888888889,-0.008501083333333326
142,142.0,0.088645,0.0066821590822128745,0.12803347222222222,0.015560395408240833,0.0,0.0,0.0699,0.017854444824748822,0.08485405555555554,0.018967812297057872,0.0,0.0,0.088645,0.0066821590822128745,0.12803347222222222,0.015560395408240833,0.0,0.0,0.088645,0.12803347222222222,-0.018744999999999998,-0.04317941666666668,142,142.0,0.08485405555555554,-0.04317941666666668
143,143.0,0.06595000000000001,0.003577960312803927,0.10533847222222223,0.005300276013224031,0.0,0.0,0.06464333333333333,0.026733096216737282,0.07959738888888888,0.026485778332757663,0.0,0.0,0.06595000000000001,0.003577960312803927,0.10533847222222223,0.005300276013224031,0.0,0.0,0.06595000000000001,0.10533847222222223,-0.0013066666666666782,-0.025741083333333345,143,143.0,0.07959738888888888,-0.025741083333333345
144,144.0,0.048235,0.014050211742176699,0.08762347222222222,0.022928448068204668,0.0,0.0,0.031036666666666667,0.05322004259048778,0.045990722222222225,0.05128895902414928,0.0,0.0,0.048235,0.014050211742176699,0.08762347222222222,0.022928448068204668,0.0,0.0,0.048235,0.08762347222222222,-0.017198333333333333,-0.041632749999999996,144,144.0,0.045990722222222225,-0.041632749999999996
145,145.0,-0.096445,0.008817621561396245,-0.05705652777777778,0.017695857887424206,0.0,0.0,-0.08140666666666667,0.004041192068354751,-0.06645261111111112,0.002448791085589832,0.0,0.0,-0.096445,0.008817621561396245,-0.05705652777777778,0.017695857887424206,0.0,0.0,-0.096445,-0.05705652777777778,0.015038333333333334,-0.009396083333333333,145,145.0,-0.06645261111111112,-0.009396083333333333
146,146.0,-0.17006,0.13989400558994655,-0.13067152777777777,0.14877224191597452,0.0,0.0,-0.07894666666666666,0.007250112642803099,-0.06399261111111111,0.005331756954823484,0.0,0.0,-0.17006,0.13989400558994655,-0.13067152777777777,0.14877224191597452,0.0,0.0,-0.17006,-0.13067152777777777,0.09111333333333332,0.06667891666666666,146,146.0,-0.06399261111111111,0.06667891666666666
147,147.0,-0.17053000000000001,0.04734787006825122,-0.13114152777777777,0.03846963374222325,0.0,0.0,-0.16500333333333334,0.009696970317234823,-0.15004927777777777,0.010949239243120324,0.0,0.0,-0.17053000000000001,0.04734787006825122,-0.13114152777777777,0.03846963374222325,0.0,0.0,-0.17053000000000001,-0.13114152777777777,0.00552666666666668,-0.01890775,147,147.0,-0.15004927777777777,-0.01890775
148,148.0,-0.31742,0.11203399841119659,-0.27803152777777773,0.12091223473722454,0.0,0.0,-0.14188,0.018510032414882475,-0.12692594444444447,0.01658264785862277,0.0,0.0,-0.31742,0.11203399841119659,-0.27803152777777773,0.12091223473722454,0.0,0.0,-0.31742,-0.27803152777777773,0.17553999999999997,0.15110558333333327,148,148.0,-0.12692594444444447,0.15110558333333327
149,149.0,-0.211395,0.11327143527827306,-0.1720065277777778,0.1043931989522451,0.0,0.0,-0.08713,0.009986535935948962,-0.07217594444444445,0.011925917947561746,0.0,0.0,-0.211395,0.11327143527827306,-0.1720065277777778,0.1043931989522451,0.0,0.0,-0.211395,-0.1720065277777778,0.124265,0.09983058333333336,149,149.0,-0.07217594444444445,0.09983058333333336
150,150.0,-0.0923,0.00524673231640418,-0.05291152777777778,0.0036315040096237786,0.0,0.0,-0.09309,0.007140903304204591,-0.07813594444444444,0.00709081177791042,0.0,0.0,-0.0923,0.00524673231640418,-0.05291152777777778,0.0036315040096237786,0.0,0.0,-0.0923,-0.05291152777777778,-0.0007900000000000129,-0.02522441666666666,150,150.0,-0.07813594444444444,-0.02522441666666666
151,151.0,0.08319499999999999,0.002793071785686859,0.12258347222222223,0.011671308111714818,0.0,0.0,0.07883,0.004655620259428388,0.09378405555555556,0.00409494186673942,0.0,0.0,0.08319499999999999,0.002793071785686859,0.12258347222222223,0.011671308111714818,0.0,0.0,0.08319499999999999,0.12258347222222223,-0.004364999999999994,-0.02879941666666666,151,151.0,0.09378405555555556,-0.02879941666666666
152,152.0,0.07889499999999999,0.009934850275670988,0.11828347222222221,0.0010566139496430297,0.0,0.0,0.07983,0.012122899818112823,0.09478405555555554,0.013920718292561777,0.0,0.0,0.07889499999999999,0.009934850275670988,0.11828347222222221,0.0010566139496430297,0.0,0.0,0.07889499999999999,0.11828347222222221,0.0009350000000000053,-0.023499416666666675,152,152.0,0.09478405555555554,-0.023499416666666675
153,153.0,0.07452500000000001,0.028659037841490768,0.11391347222222221,0.037537274167518724,0.0,0.0,0.07515000000000001,0.012974991329476868,0.09010405555555556,0.014218248602989739,0.0,0.0,0.07452500000000001,0.028659037841490768,0.11391347222222221,0.037537274167518724,0.0,0.0,0.07452500000000001,0.11391347222222221,0.0006250000000000006,-0.023809416666666652,153,153.0,0.09010405555555556,-0.023809416666666652
154,154.0,0.08207500000000001,0.009821713190681145,0.12146347222222222,0.018699949516709103,0.0,0.0,0.07151333333333333,0.004473134620524324,0.08646738888888889,0.006427193702696015,0.0,0.0,0.08207500000000001,0.009821713190681145,0.12146347222222222,0.018699949516709103,0.0,0.0,0.08207500000000001,0.12146347222222222,-0.010561666666666678,-0.03499608333333333,154,154.0,0.08646738888888889,-0.03499608333333333
155,155.0,-0.09548000000000001,0.004171930009000632,-0.05609152777777778,0.004706306317027326,0.0,0.0,-0.09067333333333334,0.011216636453649256,-0.07571927777777777,0.012847867527457094,0.0,0.0,-0.09548000000000001,0.004171930009000632,-0.05609152777777778,0.004706306317027326,0.0,0.0,-0.09548000000000001,-0.05609152777777778,0.004806666666666667,-0.019627749999999992,155,155.0,-0.07571927777777777,-0.019627749999999992
156,156.0,-0.122275,0.031643028458098,-0.08288652777777777,0.02276479213207004,0.0,0.0,-0.08044666666666667,0.006599866160259112,-0.06549261111111111,0.008508548054931963,0.0,0.0,-0.122275,0.031643028458098,-0.08288652777777777,0.02276479213207004,0.0,0.0,-0.122275,-0.08288652777777777,0.04182833333333333,0.01739391666666666,156,156.0,-0.06549261111111111,0.01739391666666666
157,157.0,-0.243705,0.20820759172037892,-0.20431652777777776,0.21708582804640686,0.0,0.0,-0.09434666666666668,0.015120133376836771,-0.07939261111111111,0.01521641116991701,0.0,0.0,-0.243705,0.20820759172037892,-0.20431652777777776,0.21708582804640686,0.0,0.0,-0.243705,-0.20431652777777776,0.14935833333333332,0.12492391666666665,157,157.0,-0.07939261111111111,0.12492391666666665
158,158.0,-0.36647,0.09717061387065536,-0.32708152777777777,0.08829237754462742,0.0,0.0,-0.09985,0.027042017306406714,-0.08489594444444444,0.0261127603545933,0.0,0.0,-0.36647,0.09717061387065536,-0.32708152777777777,0.08829237754462742,0.0,0.0,-0.36647,-0.32708152777777777,0.26662,0.24218558333333334,158,158.0,-0.08489594444444444,0.24218558333333334
159,159.0,-0.151945,0.06907726145411383,-0.11255652777777778,0.06019902512808586,0.0,0.0,-0.08328,0.016340253975994378,-0.06832594444444444,0.01790277357477755,0.0,0.0,-0.151945,0.06907726145411383,-0.11255652777777778,0.06019902512808586,0.0,0.0,-0.151945,-0.11255652777777778,0.06866499999999999,0.04423058333333334,159,159.0,-0.06832594444444444,0.04423058333333334
160,160.0,-0.080985,0.001930401512639282,-0.04159652777777778,0.010808637838667241,0.0,0.0,-0.08841333333333334,0.00956792732692579,-0.07345927777777778,0.01104471464863412,0.0,0.0,-0.080985,0.001930401512639282,-0.04159652777777778,0.010808637838667241,0.0,0.0,-0.080985,-0.04159652777777778,-0.007428333333333342,-0.031862749999999995,160,160.0,-0.07345927777777778,-0.031862749999999995
161,161.0,0.092055,0.006993286065934952,0.13144347222222222,0.001884950260093006,0.0,0.0,0.08014,0.008133652316149244,0.09509405555555556,0.009107648525813515,0.0,0.0,0.092055,0.006993286065934952,0.13144347222222222,0.001884950260093006,0.0,0.0,0.092055,0.13144347222222222,-0.011914999999999995,-0.03634941666666666,161,161.0,0.09509405555555556,-0.03634941666666666
162,162.0,0.088115,0.0025243712088359677,0.12750347222222222,0.006353865117191981,0.0,0.0,0.07960666666666667,0.00687189445010132,0.09456072222222223,0.004956299022767536,0.0,0.0,0.088115,0.0025243712088359677,0.12750347222222222,0.006353865117191981,0.0,0.0,0.088115,0.12750347222222222,-0.008508333333333326,-0.03294274999999999,162,162.0,0.09456072222222223,-0.03294274999999999
163,163.0,0.075095,0.003330472939388643,0.11448347222222222,0.012208709265416602,0.0,0.0,0.07349666666666667,0.013931289722539453,0.08845072222222222,0.012110124689824062,0.0,0.0,0.075095,0.003330472939388643,0.11448347222222222,0.012208709265416602,0.0,0.0,0.075095,0.11448347222222222,-0.0015983333333333266,-0.026032749999999993,163,163.0,0.08845072222222222,-0.026032749999999993
164,164.0,0.079055,0.0177978776824654,0.11844347222222222,0.026676114008493367,0.0,0.0,0.04606,0.03785640236472557,0.06101405555555555,0.037544584252189456,0.0,0.0,0.079055,0.0177978776824654,0.11844347222222222,0.026676114008493367,0.0,0.0,0.079055,0.11844347222222222,-0.032995000000000003,-0.05742941666666667,164,164.0,0.06101405555555555,-0.05742941666666667
165,165.0,-0.017645,0.0884378451230015,0.021743472222222223,0.07955960879697355,0.0,0.0,-0.08191333333333334,0.005475256462790878,-0.06695927777777778,0.006121894541795385,0.0,0.0,-0.017645,0.0884378451230015,0.021743472222222223,0.07955960879697355,0.0,0.0,-0.017645,0.021743472222222223,-0.06426833333333334,-0.08870275000000001,165,165.0,-0.06695927777777778,-0.08870275000000001
166,166.0,-0.088875,0.005041671349860082,-0.049486527777777775,0.0038365649761678763,0.0,0.0,-0.08647,0.00856506275516998,-0.07151594444444444,0.0076023411600767725,0.0,0.0,-0.088875,0.005041671349860082,-0.049486527777777775,0.0038365649761678763,0.0,0.0,-0.088875,-0.049486527777777775,0.0024049999999999905,-0.022029416666666662,166,166.0,-0.07151594444444444,-0.022029416666666662
167,167.0,-0.226015,0.09071472895842216,-0.18662652777777777,0.08183649263239419,0.0,0.0,-0.08339999999999999,0.010414528313850802,-0.06844594444444445,0.010611109063554194,0.0,0.0,-0.226015,0.09071472895842216,-0.18662652777777777,0.08183649263239419,0.0,0.0,-0.226015,-0.18662652777777777,0.142615,0.11818058333333332,167,167.0,-0.06844594444444445,0.11818058333333332
168,168.0,-0.12642,0.06351233108617571,-0.08703152777777778,0.054634094760147744,0.0,0.0,-0.08972666666666666,0.01323200791011452,-0.07477261111111111,0.01426488252094702,0.0,0.0,-0.12642,0.06351233108617571,-0.08703152777777778,0.054634094760147744,0.0,0.0,-0.12642,-0.08703152777777778,0.03669333333333334,0.012258916666666675,168,168.0,-0.07477261111111111,0.012258916666666675
169,169.0,-0.08633,0.005515432893255071,-0.04694152777777778,0.0033628034327728867,0.0,0.0,-0.08060333333333333,0.004670592396402547,-0.06564927777777778,0.006600813081463504,0.0,0.0,-0.08633,0.005515432893255071,-0.04694152777777778,0.0033628034327728867,0.0,0.0,-0.08633,-0.04694152777777778,0.005726666666666672,-0.018707749999999995,169,169.0,-0.06564927777777778,-0.018707749999999995
170,170.0,0.089535,0.004985102807365161,0.12892347222222222,0.013863339133393129,0.0,0.0,0.08603,0.010404772943221782,0.10098405555555556,0.012365047086345086,0.0,0.0,0.089535,0.004985102807365161,0.12892347222222222,0.013863339133393129,0.0,0.0,0.089535,0.12892347222222222,-0.003505000000000008,-0.02793941666666666,170,170.0,0.10098405555555556,-0.02793941666666666
171,171.0,0.073565,0.02742867204222618,0.11295347222222221,0.03630690836825413,0.0,0.0,0.08427666666666667,0.018265963794263172,0.09923072222222222,0.016953899092761245,0.0,0.0,0.073565,0.02742867204222618,0.11295347222222221,0.03630690836825413,0.0,0.0,0.073565,0.11295347222222221,0.010711666666666661,-0.013722749999999992,171,171.0,0.09923072222222222,-0.013722749999999992
172,172.0,0.09861500000000001,0.01745846642749586,0.13800347222222223,0.02633670275352382,0.5,0.0,0.08477333333333333,0.0010462472620434114,0.0997273888888889,0.0024944545168071905,0.0,0.0,0.09861500000000001,0.01745846642749586,0.13800347222222223,0.02633670275352382,0.5,0.0,0.09861500000000001,0.13800347222222223,-0.013841666666666683,-0.038276083333333336,172,172.0,0.0997273888888889,-0.038276083333333336
173,173.0,0.102415,0.008110514780209696,0.14180347222222223,0.0007677215458182623,0.5,0.0,0.08063333333333333,0.01469616389855983,0.09558738888888889,0.016589522513481468,0.0,0.0,0.102415,0.008110514780209696,0.14180347222222223,0.0007677215458182623,0.5,0.0,0.102415,0.14180347222222223,-0.02178166666666667,-0.04621608333333334,173,173.0,0.09558738888888889,-0.04621608333333334
174,174.0,0.08165,0.00722663130372652,0.12103847222222222,0.01610486762975449,0.0,0.0,0.07466666666666667,0.017892762037576344,0.08962072222222223,0.01662075957626411,0.0,0.0,0.08165,0.00722663130372652,0.12103847222222222,0.01610486762975449,0.0,0.0,0.08165,0.12103847222222222,-0.0069833333333333275,-0.031417749999999994,174,174.0,0.08962072222222223,-0.031417749999999994
175,175.0,0.084685,0.01946664968606565,0.12407347222222222,0.0283448860120936,0.0,0.0,0.061386666666666666,0.03111740081262144,0.07634072222222223,0.032533046626174816,0.0,0.0,0.084685,0.01946664968606565,0.12407347222222222,0.0283448860120936,0.0,0.0,0.084685,0.12407347222222222,-0.02329833333333333,-0.04773274999999999,175,175.0,0.07634072222222223,-0.04773274999999999
176,176.0,-0.09147,0.02537099130897332,-0.052081527777777775,0.01649275498294537,0.0,0.0,-0.08944333333333333,0.017549342817704983,-0.07448927777777777,0.017000319441533962,0.0,0.0,-0.09147,0.02537099130897332,-0.052081527777777775,0.01649275498294537,0.0,0.0,-0.09147,-0.052081527777777775,0.0020266666666666627,-0.02240774999999999,176,176.0,-0.07448927777777777,-0.02240774999999999
177,177.0,-0.09708,0.009192388155425125,-0.05769152777777778,0.01807062448145309,0.0,0.0,-0.08386,0.013657594956653243,-0.06890594444444444,0.01547206728637766,0.0,0.0,-0.09708,0.009192388155425125,-0.05769152777777778,0.01807062448145309,0.0,0.0,-0.09708,-0.05769152777777778,0.013219999999999996,-0.011214416666666657,177,177.0,-0.06890594444444444,-0.011214416666666657
178,178.0,-0.09512999999999999,0.008442854967367372,-0.05574152777777778,0.00043538135866058624,0.0,0.0,-0.08515,0.010554245591230098,-0.07019594444444444,0.011806834532157768,0.0,0.0,-0.09512999999999999,0.008442854967367372,-0.05574152777777778,0.00043538135866058624,0.0,0.0,-0.09512999999999999,-0.05574152777777778,0.009979999999999989,-0.014454416666666657,178,178.0,-0.07019594444444444,-0.014454416666666657
179,179.0,-0.07521,0.006321534623807737,-0.03582152777777778,0.015199770949835696,0.0,0.0,-0.09131666666666667,0.007093746071951927,-0.0763626111111111,0.008514861159093669,0.0,0.0,-0.07521,0.006321534623807737,-0.03582152777777778,0.015199770949835696,0.0,0.0,-0.07521,-0.03582152777777778,-0.016106666666666672,-0.040541083333333325,179,179.0,-0.0763626111111111,-0.040541083333333325
180,180.0,0.057205000000000006,0.02089500538406248,0.09659347222222223,0.012016769058034525,0.0,0.0,0.08016,0.00281980495779407,0.09511405555555556,0.0029920534574060216,0.0,0.0,0.057205000000000006,0.02089500538406248,0.09659347222222223,0.012016769058034525,0.0,0.0,0.057205000000000006,0.09659347222222223,0.02295499999999999,-0.0014794166666666636,180,180.0,0.09511405555555556,-0.0014794166666666636
181,181.0,0.088725,0.01526643540581756,0.12811347222222222,0.006388199079789591,0.0,0.0,0.08043,0.008112773878273695,0.09538405555555556,0.0071525302440447885,0.0,0.0,0.088725,0.01526643540581756,0.12811347222222222,0.006388199079789591,0.0,0.0,0.088725,0.12811347222222222,-0.008294999999999997,-0.032729416666666664,181,181.0,0.09538405555555556,-0.032729416666666664
182,182.0,0.07865,0.008838834764831842,0.11803847222222223,0.0177170710908598,0.0,0.0,0.08569333333333333,0.01023875643490621,0.1006473888888889,0.012169408777877689,0.0,0.0,0.07865,0.008838834764831842,0.11803847222222223,0.0177170710908598,0.0,0.0,0.07865,0.11803847222222223,0.007043333333333332,-0.017391083333333335,182,182.0,0.1006473888888889,-0.017391083333333335
183,183.0,0.066935,0.0029203510063004474,0.10632347222222222,0.0059578853197275105,0.0,0.0,0.06967,0.025685334336932424,0.08462405555555556,0.023730899711435237,0.0,0.0,0.066935,0.0029203510063004474,0.10632347222222222,0.0059578853197275105,0.0,0.0,0.066935,0.10632347222222222,0.0027350000000000013,-0.02169941666666665,183,183.0,0.08462405555555556,-0.02169941666666665
184,184.0,0.053434999999999996,0.025137646071181765,0.09282347222222222,0.034015882397209735,0.0,0.0,0.07590666666666666,0.01623188323434263,0.09086072222222223,0.015645695378984453,0.0,0.0,0.053434999999999996,0.025137646071181765,0.09282347222222222,0.034015882397209735,0.0,0.0,0.053434999999999996,0.09282347222222222,0.022471666666666668,-0.0019627499999999853,184,184.0,0.09086072222222223,-0.0019627499999999853
185,185.0,-0.08471999999999999,0.004638620484583749,-0.045331527777777776,0.013516856810611707,0.0,0.0,-0.08265666666666667,0.009246568732958906,-0.0677026111111111,0.009578353923925307,0.0,0.0,-0.08471999999999999,0.004638620484583749,-0.045331527777777776,0.013516856810611707,0.0,0.0,-0.08471999999999999,-0.045331527777777776,0.00206333333333332,-0.022371083333333326,185,185.0,-0.0677026111111111,-0.022371083333333326
186,186.0,-0.179215,0.0957917556473416,-0.13982652777777776,0.08691351932131364,0.0,0.0,-0.08190333333333333,0.0052451533183819656,-0.06694927777777777,0.00701239390910264,0.0,0.0,-0.179215,0.0957917556473416,-0.13982652777777776,0.08691351932131364,0.0,0.0,-0.179215,-0.13982652777777776,0.09731166666666669,0.07287724999999999,186,186.0,-0.06694927777777777,0.07287724999999999
187,187.0,-0.268895,0.18121025481467654,-0.22950652777777775,0.19008849114070447,0.0,0.0,-0.13055666666666665,0.008491079632963841,-0.1156026111111111,0.008279207960157235,0.0,0.0,-0.268895,0.18121025481467654,-0.22950652777777775,0.19008849114070447,0.0,0.0,-0.268895,-0.22950652777777775,0.13833833333333334,0.11390391666666665,187,187.0,-0.1156026111111111,0.11390391666666665
188,188.0,-0.324195,0.08723576359498435,-0.2848065277777778,0.07835752726895641,0.0,0.0,-0.09392,0.012320742672420356,-0.07896594444444445,0.010699874869609854,0.0,0.0,-0.324195,0.08723576359498435,-0.2848065277777778,0.07835752726895641,0.0,0.0,-0.324195,-0.2848065277777778,0.230275,0.20584058333333338,188,188.0,-0.07896594444444445,0.20584058333333338
189,189.0,-0.096875,0.028418621535887346,-0.05748652777777778,0.019540385209859394,0.0,0.0,-0.09036666666666666,0.019055614220836157,-0.07541261111111112,0.01710011349873892,0.0,0.0,-0.096875,0.028418621535887346,-0.05748652777777778,0.019540385209859394,0.0,0.0,-0.096875,-0.05748652777777778,0.006508333333333338,-0.017926083333333342,189,189.0,-0.07541261111111112,-0.017926083333333342
190,190.0,-0.044205,0.060705117164865104,-0.004816527777777781,0.051826880838837144,0.0,0.0,0.0036766666666666684,0.044930373171534345,0.018630722222222226,0.04297871525538061,0.0,0.0,-0.044205,0.060705117164865104,-0.004816527777777781,0.051826880838837144,0.0,0.0,-0.044205,-0.004816527777777781,0.04788166666666667,0.023447250000000006,190,190.0,0.018630722222222226,0.023447250000000006
191,191.0,0.07209,0.0013859292911256257,0.11147847222222222,0.0074923070349023424,0.0,0.0,0.09157,0.0077275351827086475,0.10652405555555555,0.008033505323385565,0.3333333333333333,0.0,0.07209,0.0013859292911256257,0.11147847222222222,0.0074923070349023424,0.0,0.0,0.07209,0.11147847222222222,0.019479999999999997,-0.0049544166666666695,191,191.0,0.10652405555555555,-0.0049544166666666695
192,192.0,0.08088000000000001,0.012529932162625622,0.12026847222222221,0.02140816848865358,0.0,0.0,0.0873,0.016247572126320907,0.10225405555555556,0.018079591471625252,0.0,0.0,0.08088000000000001,0.012529932162625622,0.12026847222222221,0.02140816848865358,0.0,0.0,0.08088000000000001,0.12026847222222221,0.006419999999999995,-0.018014416666666658,192,192.0,0.10225405555555556,-0.018014416666666658
193,193.0,0.07611,0.0050487424176719545,0.11549847222222222,0.013926978743699922,0.0,0.0,0.07722,0.020812681230442175,0.09217405555555556,0.02008526318536326,0.0,0.0,0.07611,0.0050487424176719545,0.11549847222222222,0.013926978743699922,0.0,0.0,0.07611,0.11549847222222222,0.0011099999999999999,-0.023324416666666653,193,193.0,0.09217405555555556,-0.023324416666666653
194,194.0,0.073795,0.017995867581197634,0.11318347222222222,0.026874103907225583,0.0,0.0,0.07412666666666666,0.020087539255302857,0.08908072222222223,0.02046712513066253,0.0,0.0,0.073795,0.017995867581197634,0.11318347222222222,0.026874103907225583,0.0,0.0,0.073795,0.11318347222222222,0.00033166666666666067,-0.024102749999999992,194,194.0,0.08908072222222223,-0.024102749999999992
195,195.0,-0.016355,0.09546648652799579,0.023033472222222216,0.08658825020196782,0.0,0.0,-0.03989666666666667,0.0290570995340783,-0.024942611111111113,0.02864004801948911,0.0,0.0,-0.016355,0.09546648652799579,0.023033472222222216,0.08658825020196782,0.0,0.0,-0.016355,0.023033472222222216,-0.02354166666666667,-0.04797608333333333,195,195.0,-0.024942611111111113,-0.04797608333333333
196,196.0,-0.09526,0.00857013418798095,-0.05587152777777778,0.017448370514008913,0.0,0.0,-0.09025,0.006656763477847172,-0.07529594444444444,0.005635053041530678,0.0,0.0,-0.09526,0.00857013418798095,-0.05587152777777778,0.017448370514008913,0.0,0.0,-0.09526,-0.05587152777777778,0.0050100000000000006,-0.019424416666666666,196,196.0,-0.07529594444444444,-0.019424416666666666
197,197.0,-0.15013,0.07472704463579435,-0.11074152777777778,0.06584880830976639,0.0,0.0,-0.09099,0.010831431115046619,-0.07603594444444445,0.01263323403667124,0.0,0.0,-0.15013,0.07472704463579435,-0.11074152777777778,0.06584880830976639,0.0,0.0,-0.15013,-0.11074152777777778,0.05914000000000001,0.03470558333333333,197,197.0,-0.07603594444444445,0.03470558333333333
198,198.0,-0.128635,0.04372041228076423,-0.08924652777777778,0.034842175954736265,0.0,0.0,-0.09634666666666668,0.016076944154077705,-0.08139261111111111,0.015357240348259103,0.0,0.0,-0.128635,0.04372041228076423,-0.08924652777777778,0.034842175954736265,0.0,0.0,-0.128635,-0.08924652777777778,0.03228833333333332,0.007853916666666669,198,198.0,-0.08139261111111111,0.007853916666666669
199,199.0,-0.0739,0.011115718600252525,-0.03451152777777778,0.019993954926280484,0.0,0.0,-0.08414666666666666,0.013657167837195722,-0.06919261111111111,0.015377373692206127,0.0,0.0,-0.0739,0.011115718600252525,-0.03451152777777778,0.019993954926280484,0.0,0.0,-0.0739,-0.03451152777777778,-0.010246666666666668,-0.03468108333333333,199,199.0,-0.06919261111111111,-0.03468108333333333
200,200.0,-0.04228,0.06782568245141364,-0.002891527777777781,0.05894744612538568,0.0,0.0,0.013479999999999999,0.029692337395361784,0.028434055555555556,0.02774867189019599,0.0,0.0,-0.04228,0.06782568245141364,-0.002891527777777781,0.05894744612538568,0.0,0.0,-0.04228,-0.002891527777777781,0.05576,0.03132558333333334,200,200.0,0.028434055555555556,0.03132558333333334
201,201.0,0.07492499999999999,0.0012515790027001945,0.11431347222222221,0.010129815328728153,0.0,0.0,0.07473,0.025015888950824832,0.08968405555555554,0.026727869932229868,0.0,0.0,0.07492499999999999,0.0012515790027001945,0.11431347222222221,0.010129815328728153,0.0,0.0,0.07492499999999999,0.11431347222222221,-0.00019499999999998685,-0.024629416666666668,201,201.0,0.08968405555555554,-0.024629416666666668
202,202.0,0.08688,0.0009475230867899792,0.1262684722222222,0.007930713239237969,0.0,0.0,0.06602999999999999,0.009902504733651984,0.08098405555555556,0.010229001309065521,0.0,0.0,0.08688,0.0009475230867899792,0.1262684722222222,0.007930713239237969,0.0,0.0,0.08688,0.1262684722222222,-0.020850000000000007,-0.045284416666666646,202,202.0,0.08098405555555556,-0.045284416666666646
203,203.0,0.063005,0.0008838834764831901,0.10239347222222223,0.007994352849544762,0.0,0.0,0.06646,0.03138398795564388,0.08141405555555555,0.030797127580755132,0.0,0.0,0.063005,0.0008838834764831901,0.10239347222222223,0.007994352849544762,0.0,0.0,0.063005,0.10239347222222223,0.0034549999999999997,-0.02097941666666668,203,203.0,0.08141405555555555,-0.02097941666666668
204,204.0,0.0717,0.009814642122869283,0.11108847222222222,0.0009364057968413337,0.0,0.0,0.07375666666666666,0.0253319903152779,0.08871072222222222,0.024288628683736338,0.0,0.0,0.0717,0.009814642122869283,0.11108847222222222,0.0009364057968413337,0.0,0.0,0.0717,0.11108847222222222,0.002056666666666665,-0.022377750000000002,204,204.0,0.08871072222222222,-0.022377750000000002
205,205.0,0.087205,0.008053946237714774,0.12659347222222223,0.016932182563742734,0.0,0.0,0.026763333333333333,0.10471066055246397,0.041717388888888894,0.10327684845169414,0.3333333333333333,0.0,0.087205,0.008053946237714774,0.12659347222222223,0.016932182563742734,0.0,0.0,0.087205,0.12659347222222223,-0.06044166666666667,-0.08487608333333332,205,205.0,0.041717388888888894,-0.08487608333333332
206,206.0,-0.087315,0.010486393564996498,-0.047926527777777776,0.0016081572389685388,0.0,0.0,-0.08659,0.002707341869805139,-0.07163594444444445,0.001415870561714891,0.0,0.0,-0.087315,0.010486393564996498,-0.047926527777777776,0.0016081572389685388,0.0,0.0,-0.087315,-0.047926527777777776,0.0007250000000000034,-0.02370941666666667,206,206.0,-0.07163594444444445,-0.02370941666666667
207,207.0,-0.08651500000000001,0.003019345955666565,-0.04712652777777778,0.011897582281694524,0.0,0.0,-0.08715666666666666,0.007957916393964778,-0.0722026111111111,0.00981608668364661,0.0,0.0,-0.08651500000000001,0.003019345955666565,-0.04712652777777778,0.011897582281694524,0.0,0.0,-0.08651500000000001,-0.04712652777777778,-0.0006416666666666515,-0.025076083333333325,207,207.0,-0.0722026111111111,-0.025076083333333325
208,208.0,-0.096235,0.0043345645686735336,-0.05684652777777778,0.004543671757354424,0.0,0.0,-0.08335333333333333,0.014665586702663259,-0.06839927777777778,0.0129712993867563,0.0,0.0,-0.096235,0.0043345645686735336,-0.05684652777777778,0.004543671757354424,0.0,0.0,-0.096235,-0.05684652777777778,0.012881666666666666,-0.01155275,208,208.0,-0.06839927777777778,-0.01155275
209,209.0,-0.08799499999999999,0.011631906550518711,-0.04860652777777778,0.020510142876546674,0.0,0.0,-0.07535666666666667,0.0029019705948429776,-0.06040261111111111,0.003841494862792893,0.0,0.0,-0.08799499999999999,0.011631906550518711,-0.04860652777777778,0.020510142876546674,0.0,0.0,-0.08799499999999999,-0.04860652777777778,0.012638333333333321,-0.011796083333333325,209,209.0,-0.06040261111111111,-0.011796083333333325
210,210.0,0.07944999999999999,0.011242997820866114,0.11883847222222221,0.0023647614948381556,0.0,0.0,0.08404333333333332,0.0011184066046538389,0.09899738888888888,0.003034380405870505,0.0,0.0,0.07944999999999999,0.011242997820866114,0.11883847222222221,0.0023647614948381556,0.0,0.0,0.07944999999999999,0.11883847222222221,0.004593333333333324,-0.01984108333333333,210,210.0,0.09899738888888888,-0.01984108333333333
211,211.0,0.07511999999999999,0.003818376618407358,0.11450847222222223,0.012696612944435316,0.0,0.0,0.08774666666666668,0.007471414413170596,0.10270072222222222,0.009119615610976996,0.0,0.0,0.07511999999999999,0.003818376618407358,0.11450847222222223,0.012696612944435316,0.0,0.0,0.07511999999999999,0.11450847222222223,0.012626666666666689,-0.011807750000000006,211,211.0,0.10270072222222222,-0.011807750000000006
212,212.0,0.09665,0.0066892301500247366,0.1360384722222222,0.015567466476052704,0.5,0.0,0.07755333333333332,0.0055826278161214835,0.09250738888888888,0.0067914007721184295,0.0,0.0,0.09665,0.0066892301500247366,0.1360384722222222,0.015567466476052704,0.5,0.0,0.09665,0.1360384722222222,-0.01909666666666668,-0.04353108333333333,212,212.0,0.09250738888888888,-0.04353108333333333
213,213.0,0.07361000000000001,0.00988535280098794,0.11299847222222223,0.0187635891270159,0.0,0.0,0.07477,0.008555355048155508,0.08972405555555556,0.007728081011104732,0.0,0.0,0.07361000000000001,0.00988535280098794,0.11299847222222223,0.0187635891270159,0.0,0.0,0.07361000000000001,0.11299847222222223,0.0011599999999999944,-0.023274416666666672,213,213.0,0.08972405555555556,-0.023274416666666672
214,214.0,0.08057,0.015061374439273462,0.11995847222222222,0.02393961076530142,0.0,0.0,0.05143333333333333,0.02448561686650621,0.06638738888888888,0.025899397343970464,0.0,0.0,0.08057,0.015061374439273462,0.11995847222222222,0.02393961076530142,0.0,0.0,0.08057,0.11995847222222222,-0.029136666666666672,-0.05357108333333334,214,214.0,0.06638738888888888,-0.05357108333333334
215,215.0,0.08815,0.0030829855659733393,0.12753847222222223,0.011961221892001297,0.0,0.0,0.06081333333333333,0.02622538528474526,0.07576738888888888,0.025847751686081107,0.0,0.0,0.08815,0.0030829855659733393,0.12753847222222223,0.011961221892001297,0.0,0.0,0.08815,0.12753847222222223,-0.027336666666666676,-0.05177108333333334,215,215.0,0.07576738888888888,-0.05177108333333334
216,216.0,-0.088895,0.00867620020515894,-0.04950652777777778,0.0175544365311869,0.0,0.0,-0.08485,0.012766718450721783,-0.06989594444444444,0.012949315232979942,0.0,0.0,-0.088895,0.00867620020515894,-0.04950652777777778,0.0175544365311869,0.0,0.0,-0.088895,-0.04950652777777778,0.004045000000000007,-0.02038941666666666,216,216.0,-0.06989594444444444,-0.02038941666666666
217,217.0,-0.15753,0.06503968173353865,-0.11814152777777778,0.056161445407510675,0.0,0.0,-0.09456333333333333,0.008421379538610838,-0.07960927777777778,0.010379040605565394,0.0,0.0,-0.15753,0.06503968173353865,-0.11814152777777778,0.056161445407510675,0.0,0.0,-0.15753,-0.11814152777777778,0.06296666666666667,0.038532250000000004,217,217.0,-0.07960927777777778,0.038532250000000004
218,218.0,-0.172805,0.060747543571736305,-0.1334165277777778,0.05186930724570834,0.0,0.0,-0.07860333333333333,0.004394113486624277,-0.06364927777777778,0.0024699351099838384,0.0,0.0,-0.172805,0.060747543571736305,-0.1334165277777778,0.05186930724570834,0.0,0.0,-0.172805,-0.1334165277777778,0.09420166666666666,0.06976725000000002,218,218.0,-0.06364927777777778,0.06976725000000002
219,219.0,-0.086365,0.02106471101154725,-0.046976527777777784,0.01218647468551929,0.0,0.0,-0.08093333333333334,0.006603122998501035,-0.06597927777777778,0.0049676404529467606,0.0,0.0,-0.086365,0.02106471101154725,-0.046976527777777784,0.01218647468551929,0.0,0.0,-0.086365,-0.046976527777777784,0.005431666666666654,-0.019002749999999992,219,219.0,-0.06597927777777778,-0.019002749999999992
220,220.0,-0.05814,0.027577164466275353,-0.01875152777777778,0.018698928140247394,0.0,0.0,-0.06779,0.02077106882180116,-0.05283594444444445,0.018822303156473638,0.0,0.0,-0.05814,0.027577164466275353,-0.01875152777777778,0.018698928140247394,0.0,0.0,-0.05814,-0.01875152777777778,-0.009650000000000006,-0.03408441666666667,220,220.0,-0.05283594444444445,-0.03408441666666667
221,221.0,0.085835,0.020824294705943817,0.12522347222222224,0.01194605837991586,0.0,0.0,0.08893,0.006730200591364274,0.10388405555555556,0.008186262544502883,0.0,0.0,0.085835,0.020824294705943817,0.12522347222222224,0.01194605837991586,0.0,0.0,0.085835,0.12522347222222224,0.0030950000000000005,-0.02133941666666668,221,221.0,0.10388405555555556,-0.02133941666666668
222,222.0,0.095825,0.009751002512562498,0.13521347222222221,0.0008727661865345396,0.0,0.0,0.07832,0.004600945554991933,0.09327405555555557,0.0033047197734247,0.0,0.0,0.095825,0.009751002512562498,0.13521347222222221,0.0008727661865345396,0.0,0.0,0.095825,0.13521347222222221,-0.017504999999999993,-0.041939416666666646,222,222.0,0.09327405555555557,-0.041939416666666646
223,223.0,0.065565,0.012579429637308681,0.10495347222222222,0.021457665963336647,0.0,0.0,0.06366000000000001,0.0313789595111119,0.07861405555555556,0.029446561929154492,0.0,0.0,0.065565,0.012579429637308681,0.10495347222222222,0.021457665963336647,0.0,0.0,0.065565,0.10495347222222222,-0.00190499999999999,-0.026339416666666657,223,223.0,0.07861405555555556,-0.026339416666666657
224,224.0,0.047685,0.014304770183403854,0.08707347222222223,0.023183006509431812,0.0,0.0,-0.007933333333333332,0.062260492556141356,0.007020722222222224,0.06222948801727341,0.0,0.0,0.047685,0.014304770183403854,0.08707347222222223,0.023183006509431812,0.0,0.0,0.047685,0.08707347222222223,-0.05561833333333333,-0.08005275,224,224.0,0.007020722222222224,-0.08005275
225,225.0,-0.08743000000000001,0.008414570696119922,-0.04804152777777778,0.0004636656299080372,0.0,0.0,-0.08231666666666666,0.019685792677292258,-0.06736261111111112,0.017770399107716488,0.0,0.0,-0.08743000000000001,0.008414570696119922,-0.04804152777777778,0.0004636656299080372,0.0,0.0,-0.08743000000000001,-0.04804152777777778,0.005113333333333345,-0.019321083333333343,225,225.0,-0.06736261111111112,-0.019321083333333343
226,226.0,-0.14078,0.08415984909682289,-0.10139152777777778,0.09303808542285084,0.0,0.0,-0.08433333333333333,0.006460110938159914,-0.06937927777777778,0.0045002954227445265,0.0,0.0,-0.14078,0.08415984909682289,-0.10139152777777778,0.09303808542285084,0.0,0.0,-0.14078,-0.10139152777777778,0.05644666666666666,0.032012250000000006,226,226.0,-0.06937927777777778,0.032012250000000006
227,227.0,-0.319125,0.14881062210070892,-0.2797365277777778,0.15768885842673688,0.0,0.5,-0.19829333333333335,0.022816367663003094,-0.18333927777777778,0.020948329541007372,0.0,0.0,-0.319125,0.14881062210070892,-0.2797365277777778,0.15768885842673688,0.0,0.5,-0.319125,-0.2797365277777778,0.12083166666666664,0.09639725000000002,227,227.0,-0.18333927777777778,0.09639725000000002
228,228.0,-0.334385,0.09956770585887775,-0.2949965277777778,0.0906894695328498,0.0,0.0,-0.10372999999999999,0.02925608825526748,-0.08877594444444444,0.02762696862774926,0.0,0.0,-0.334385,0.09956770585887775,-0.2949965277777778,0.0906894695328498,0.0,0.0,-0.334385,-0.2949965277777778,0.230655,0.20622058333333337,228,228.0,-0.08877594444444444,0.20622058333333337
229,229.0,-0.090775,0.009948992411294722,-0.051386527777777774,0.001070756085266765,0.0,0.0,-0.09131,0.014526334706318728,-0.07635594444444445,0.01438795970412521,0.0,0.0,-0.090775,0.009948992411294722,-0.051386527777777774,0.001070756085266765,0.0,0.0,-0.090775,-0.051386527777777774,-0.0005350000000000077,-0.024969416666666674,229,229.0,-0.07635594444444445,-0.024969416666666674
230,230.0,-0.036485000000000004,0.06436793029141143,0.0029034722222222205,0.05548969396538347,0.0,0.0,-0.03776,0.04070408947513751,-0.022805944444444445,0.03874593374368145,0.0,0.0,-0.036485000000000004,0.06436793029141143,0.0029034722222222205,0.05548969396538347,0.0,0.0,-0.036485000000000004,0.0029034722222222205,-0.0012749999999999984,-0.025709416666666665,230,230.0,-0.022805944444444445,-0.025709416666666665
231,231.0,0.08835000000000001,0.009192388155425116,0.12773847222222223,0.0003141518293971579,0.0,0.0,0.08212333333333334,0.008323204511084257,0.0970773888888889,0.00887480340957714,0.0,0.0,0.08835000000000001,0.009192388155425116,0.12773847222222223,0.0003141518293971579,0.0,0.0,0.08835000000000001,0.12773847222222223,-0.006226666666666672,-0.03066108333333334,231,231.0,0.0970773888888889,-0.03066108333333334
232,232.0,0.09401000000000001,0.0035638181771802013,0.13339847222222223,0.005314418148847757,0.0,0.0,0.08422666666666667,0.012161234860544934,0.09918072222222223,0.013465177908746606,0.0,0.0,0.09401000000000001,0.0035638181771802013,0.13339847222222223,0.005314418148847757,0.0,0.0,0.09401000000000001,0.13339847222222223,-0.009783333333333338,-0.034217750000000005,232,232.0,0.09918072222222223,-0.034217750000000005
233,233.0,0.08662,0.004553767670841367,0.12600847222222222,0.013432003996869335,0.0,0.0,0.08014,0.014113599824282959,0.09509405555555556,0.013205983934177453,0.0,0.0,0.08662,0.004553767670841367,0.12600847222222222,0.013432003996869335,0.0,0.0,0.08662,0.12600847222222222,-0.00648,-0.030914416666666666,233,233.0,0.09509405555555556,-0.030914416666666666
234,234.0,0.06665,0.028963093757400984,0.10603847222222222,0.03784133008342893,0.0,0.0,0.03599,0.05023824340081966,0.050944055555555555,0.050585176353055775,0.0,0.0,0.06665,0.028963093757400984,0.10603847222222222,0.03784133008342893,0.0,0.0,0.06665,0.10603847222222222,-0.03066,-0.05509441666666667,234,234.0,0.050944055555555555,-0.05509441666666667
235,235.0,0.08518500000000001,0.025010366850568184,0.12457347222222222,0.033888603176596144,0.5,0.0,0.06813666666666666,0.015288787830738363,0.08309072222222223,0.014155865490349374,0.0,0.0,0.08518500000000001,0.025010366850568184,0.12457347222222222,0.033888603176596144,0.5,0.0,0.08518500000000001,0.12457347222222222,-0.017048333333333346,-0.041482749999999985,235,235.0,0.08309072222222223,-0.041482749999999985
236,236.0,-0.08476500000000001,0.002694076836320742,-0.04537652777777778,0.0061841594897072165,0.0,0.0,-0.08988333333333333,0.005608318226824628,-0.07492927777777779,0.006344754088814705,0.0,0.0,-0.08476500000000001,0.002694076836320742,-0.04537652777777778,0.0061841594897072165,0.0,0.0,-0.08476500000000001,-0.04537652777777778,-0.005118333333333322,-0.02955275000000001,236,236.0,-0.07492927777777779,-0.02955275000000001
237,237.0,-0.09166,0.018582766209582467,-0.052271527777777785,0.02746100253561043,0.0,0.0,-0.07773000000000001,0.009774338852321414,-0.06277594444444444,0.01172569933961665,0.0,0.0,-0.09166,0.018582766209582467,-0.052271527777777785,0.02746100253561043,0.0,0.0,-0.09166,-0.052271527777777785,0.013929999999999998,-0.010504416666666655,237,237.0,-0.06277594444444444,-0.010504416666666655
238,238.0,-0.08177000000000001,0.006151828996322963,-0.04238152777777778,0.01503006532235092,0.0,0.0,-0.08415666666666666,0.003925994566136496,-0.0692026111111111,0.00408227945621585,0.0,0.0,-0.08177000000000001,0.006151828996322963,-0.04238152777777778,0.01503006532235092,0.0,0.0,-0.08177000000000001,-0.04238152777777778,-0.002386666666666648,-0.026821083333333322,238,238.0,-0.0692026111111111,-0.026821083333333322
239,239.0,-0.08351,0.0015273506473629393,-0.04412152777777778,0.007350885678665019,0.0,0.0,-0.08453333333333334,0.005892218031720595,-0.06957927777777778,0.005363262015558342,0.0,0.0,-0.08351,0.0015273506473629393,-0.04412152777777778,0.007350885678665019,0.0,0.0,-0.08351,-0.04412152777777778,-0.0010233333333333344,-0.02545775,239,239.0,-0.06957927777777778,-0.02545775
240,240.0,-0.04625,0.0696358758112512,-0.006861527777777782,0.060757639485223246,0.0,0.0,-0.004433333333333333,0.01612032981465743,0.010520722222222223,0.014223808776632142,0.0,0.0,-0.04625,0.0696358758112512,-0.006861527777777782,0.060757639485223246,0.0,0.0,-0.04625,-0.006861527777777782,0.04181666666666667,0.017382250000000005,240,240.0,0.010520722222222223,0.017382250000000005
241,241.0,0.083495,0.004532554467405769,0.12288347222222222,0.004345681858622199,0.0,0.0,0.08169666666666665,0.0018669315288283414,0.09665072222222222,0.0014748013059308399,0.0,0.0,0.083495,0.004532554467405769,0.12288347222222222,0.004345681858622199,0.0,0.0,0.083495,0.12288347222222222,-0.0017983333333333462,-0.02623275,241,241.0,0.09665072222222222,-0.02623275
242,242.0,0.08101,0.012925911960090082,0.12039847222222222,0.004047675634062134,0.0,0.0,0.06888666666666667,0.02108901214692934,0.08384072222222222,0.021641836952295733,0.0,0.0,0.08101,0.012925911960090082,0.12039847222222222,0.004047675634062134,0.0,0.0,0.08101,0.12039847222222222,-0.012123333333333333,-0.03655775,242,242.0,0.08384072222222222,-0.03655775
243,243.0,0.053845,0.014177490962790277,0.09323347222222221,0.023055727288818235,0.0,0.0,0.06957,0.006680561353658843,0.08452405555555555,0.007946618847925052,0.0,0.0,0.053845,0.014177490962790277,0.09323347222222221,0.023055727288818235,0.0,0.0,0.053845,0.09323347222222221,0.01572500000000001,-0.008709416666666664,243,243.0,0.08452405555555555,-0.008709416666666664
244,244.0,0.07708999999999999,0.024084056967213805,0.11647847222222221,0.03296229329324176,0.0,0.0,0.06453333333333333,0.0089778301016077,0.07948738888888889,0.007329012856280908,0.0,0.0,0.07708999999999999,0.024084056967213805,0.11647847222222221,0.03296229329324176,0.0,0.0,0.07708999999999999,0.11647847222222221,-0.01255666666666666,-0.03699108333333333,244,244.0,0.07948738888888889,-0.03699108333333333
245,245.0,-0.010284999999999996,0.1085903883868181,0.02910347222222222,0.09971215206079014,0.0,0.0,-0.0477,0.04729793124440011,-0.032745944444444446,0.048597164714995665,0.0,0.0,-0.010284999999999996,0.1085903883868181,0.02910347222222222,0.09971215206079014,0.0,0.0,-0.010284999999999996,0.02910347222222222,-0.037415000000000004,-0.06184941666666667,245,245.0,-0.032745944444444446,-0.06184941666666667
246,246.0,-0.0885,0.0006081118318204306,-0.049111527777777775,0.00948634815784839,0.0,0.0,-0.08772666666666668,0.0007829005896876913,-0.07277261111111112,0.00147653122131937,0.0,0.0,-0.0885,0.0006081118318204306,-0.049111527777777775,0.00948634815784839,0.0,0.0,-0.0885,-0.049111527777777775,0.0007733333333333203,-0.023661083333333346,246,246.0,-0.07277261111111112,-0.023661083333333346
247,247.0,-0.257995,0.0727683588519076,-0.21860652777777778,0.06389012252587965,0.0,0.0,-0.09130666666666666,0.003521453298473991,-0.07635261111111112,0.00221078580870588,0.0,0.0,-0.257995,0.0727683588519076,-0.21860652777777778,0.06389012252587965,0.0,0.0,-0.257995,-0.21860652777777778,0.16668833333333333,0.14225391666666665,247,247.0,-0.07635261111111112,0.14225391666666665
248,248.0,-0.21189999999999998,0.08408913841870423,-0.17251152777777778,0.07521090209267627,0.0,0.0,-0.09447333333333334,0.00642554537244375,-0.07951927777777777,0.0073566984218298,0.0,0.0,-0.21189999999999998,0.08408913841870423,-0.17251152777777778,0.07521090209267627,0.0,0.0,-0.21189999999999998,-0.17251152777777778,0.11742666666666664,0.09299225000000001,248,248.0,-0.07951927777777777,0.09299225000000001
249,249.0,-0.102355,0.0035850313806157896,-0.06296652777777778,0.005293204945412164,0.0,0.0,-0.09308,0.006261381636667738,-0.07812594444444444,0.008157918545994828,0.0,0.0,-0.102355,0.0035850313806157896,-0.06296652777777778,0.005293204945412164,0.0,0.0,-0.102355,-0.06296652777777778,0.009275000000000005,-0.015159416666666661,249,249.0,-0.07812594444444444,-0.015159416666666661
250,250.0,0.059190000000000006,0.029627774131716342,0.09857847222222223,0.02074953780568839,0.0,0.0,0.08771666666666667,0.007679806855210183,0.10267072222222222,0.008585675894106526,0.0,0.0,0.059190000000000006,0.029627774131716342,0.09857847222222223,0.02074953780568839,0.0,0.0,0.059190000000000006,0.09857847222222223,0.02852666666666666,0.004092249999999992,250,250.0,0.10267072222222222,0.004092249999999992
251,251.0,0.08534,0.01866761902332486,0.12472847222222222,0.027545855349352808,0.0,0.0,0.07306666666666667,0.006914566749503057,0.08802072222222222,0.007267764175741913,0.0,0.0,0.08534,0.01866761902332486,0.12472847222222222,0.027545855349352808,0.0,0.0,0.08534,0.12472847222222222,-0.01227333333333333,-0.03670775,251,251.0,0.08802072222222222,-0.03670775
252,252.0,0.067035,0.014955308422095477,0.10642347222222222,0.02383354474812343,0.0,0.0,0.07417,0.007894358745332005,0.08912405555555557,0.009385100751414313,0.0,0.0,0.067035,0.014955308422095477,0.10642347222222222,0.02383354474812343,0.0,0.0,0.067035,0.10642347222222222,0.0071350000000000025,-0.01729941666666665,252,252.0,0.08912405555555557,-0.01729941666666665
253,253.0,0.07638500000000001,0.021446548673387994,0.11577347222222222,0.030324784999415953,0.0,0.0,0.08349666666666666,0.01154506532390931,0.09845072222222223,0.013466031750823905,0.0,0.0,0.07638500000000001,0.021446548673387994,0.11577347222222222,0.030324784999415953,0.0,0.0,0.07638500000000001,0.11577347222222222,0.007111666666666655,-0.017322749999999984,253,253.0,0.09845072222222223,-0.017322749999999984
254,254.0,0.06845,0.012685495654486666,0.10783847222222222,0.02156373198051462,0.0,0.0,0.07565333333333334,0.014011628503972452,0.09060738888888888,0.012057481587185134,0.0,0.0,0.06845,0.012685495654486666,0.10783847222222222,0.02156373198051462,0.0,0.0,0.06845,0.10783847222222222,0.007203333333333339,-0.01723108333333334,254,254.0,0.09060738888888888,-0.01723108333333334
255,255.0,0.047345,0.04417296062072362,0.08673347222222222,0.03529472429469567,0.0,0.0,0.032453333333333334,0.025514390710603563,0.047407388888888895,0.02500816384487225,0.0,0.0,0.047345,0.04417296062072362,0.08673347222222222,0.03529472429469567,0.0,0.0,0.047345,0.08673347222222222,-0.014891666666666664,-0.039326083333333324,255,255.0,0.047407388888888895,-0.039326083333333324
256,256.0,-0.091475,0.010684383463728742,-0.05208652777777778,0.019562619789756704,0.0,0.0,-0.08226333333333334,0.011229787768846452,-0.06730927777777777,0.01081186020600514,0.0,0.0,-0.091475,0.010684383463728742,-0.05208652777777778,0.019562619789756704,0.0,0.0,-0.091475,-0.05208652777777778,0.00921166666666666,-0.015222749999999993,256,256.0,-0.06730927777777777,-0.015222749999999993
257,257.0,-0.106125,0.011674332957389897,-0.06673652777777778,0.02055256928341785,0.0,0.0,-0.08496999999999999,0.009521402207658285,-0.07001594444444444,0.01053122328563854,0.0,0.0,-0.106125,0.011674332957389897,-0.06673652777777778,0.02055256928341785,0.0,0.0,-0.106125,-0.06673652777777778,0.021155000000000007,-0.0032794166666666597,257,257.0,-0.07001594444444444,-0.0032794166666666597
258,258.0,-0.10983000000000001,0.03241377484959134,-0.07044152777777778,0.02353553852356338,0.0,0.0,-0.09050333333333332,0.005112204351679743,-0.07554927777777777,0.007071908551348915,0.0,0.0,-0.10983000000000001,0.03241377484959134,-0.07044152777777778,0.02353553852356338,0.0,0.0,-0.10983000000000001,-0.07044152777777778,0.019326666666666686,-0.005107749999999994,258,258.0,-0.07554927777777777,-0.005107749999999994
259,259.0,-0.087495,0.00867620020515894,-0.04810652777777778,0.0175544365311869,0.0,0.0,-0.08198,0.0070141072133237305,-0.06702594444444444,0.0075474331915469295,0.0,0.0,-0.087495,0.00867620020515894,-0.04810652777777778,0.0175544365311869,0.0,0.0,-0.087495,-0.04810652777777778,0.005515000000000006,-0.01891941666666666,259,259.0,-0.06702594444444444,-0.01891941666666666
260,260.0,-0.036315,0.06559829609067601,0.003073472222222224,0.056720059764648056,0.0,0.0,-0.018236666666666665,0.05014264884639954,-0.0032826111111111094,0.048257619571107656,0.0,0.0,-0.036315,0.06559829609067601,0.003073472222222224,0.056720059764648056,0.0,0.0,-0.036315,0.003073472222222224,0.018078333333333335,-0.006356083333333333,260,260.0,-0.0032826111111111094,-0.006356083333333333
261,261.0,0.10503,0.012063241687042495,0.1444184722222222,0.020941478013070464,0.5,0.0,0.08251000000000001,0.0048674120433758235,0.09746405555555555,0.006782932420812457,0.0,0.0,0.10503,0.012063241687042495,0.1444184722222222,0.020941478013070464,0.5,0.0,0.10503,0.1444184722222222,-0.022519999999999984,-0.04695441666666665,261,261.0,0.09746405555555555,-0.04695441666666665
262,262.0,0.06633,0.003125411972844545,0.10571847222222222,0.012003648298872493,0.0,0.0,0.0677,0.021882020016442728,0.08265405555555556,0.023498176383209397,0.0,0.0,0.06633,0.003125411972844545,0.10571847222222222,0.012003648298872493,0.0,0.0,0.06633,0.10571847222222222,0.0013699999999999962,-0.023064416666666657,262,262.0,0.08265405555555556,-0.023064416666666657
263,263.0,0.05691500000000001,0.02580232644549712,0.09630347222222223,0.034680562771525085,0.0,0.0,0.07821666666666667,0.018256246419604806,0.09317072222222222,0.01764582922086619,0.0,0.0,0.05691500000000001,0.02580232644549712,0.09630347222222223,0.034680562771525085,0.0,0.0,0.05691500000000001,0.09630347222222223,0.021301666666666663,-0.0031327500000000036,263,263.0,0.09317072222222222,-0.0031327500000000036
264,264.0,0.07341,0.0369675425204327,0.11279847222222222,0.02808930619440474,0.0,0.0,0.0038133333333333357,0.0934682076073642,0.018767388888888892,0.09434722233150139,0.3333333333333333,0.0,0.07341,0.0369675425204327,0.11279847222222222,0.02808930619440474,0.0,0.0,0.07341,0.11279847222222222,-0.06959666666666667,-0.09403108333333333,264,264.0,0.018767388888888892,-0.09403108333333333
265,265.0,-0.0015249999999999986,0.11614228880989044,0.03786347222222222,0.10726405248386248,0.0,0.0,-0.08454333333333335,0.021543663414872908,-0.06958927777777778,0.02104903769251374,0.0,0.0,-0.0015249999999999986,0.11614228880989044,0.03786347222222222,0.10726405248386248,0.0,0.0,-0.0015249999999999986,0.03786347222222222,-0.08301833333333335,-0.10745275,265,265.0,-0.06958927777777778,-0.10745275
266,266.0,-0.20598,0.010507606768432085,-0.16659152777777778,0.019385843094460054,0.0,0.0,-0.08075,0.014390187629075587,-0.06579594444444443,0.01299131496221729,0.0,0.0,-0.20598,0.010507606768432085,-0.16659152777777778,0.019385843094460054,0.0,0.0,-0.20598,-0.16659152777777778,0.12523,0.10079558333333334,266,266.0,-0.06579594444444443,0.10079558333333334
267,267.0,-0.38573999999999997,0.06335676759431463,-0.3463515277777778,0.0544785312682867,0.0,0.0,-0.07856333333333333,0.008199544702807184,-0.06360927777777776,0.006260056620508735,0.0,0.0,-0.38573999999999997,0.06335676759431463,-0.3463515277777778,0.0544785312682867,0.0,0.0,-0.38573999999999997,-0.3463515277777778,0.30717666666666665,0.28274225000000003,267,267.0,-0.06360927777777776,0.28274225000000003
268,268.0,-0.232165,0.0732633335987382,-0.19277652777777776,0.06438509727271023,0.0,0.0,-0.08478999999999999,0.00938392774908247,-0.06983594444444445,0.0075960115632977415,0.0,0.0,-0.232165,0.0732633335987382,-0.19277652777777776,0.06438509727271023,0.0,0.0,-0.232165,-0.19277652777777776,0.14737500000000003,0.12294058333333331,268,268.0,-0.06983594444444445,0.12294058333333331
269,269.0,-0.087025,0.010854089091213506,-0.047636527777777785,0.019732325417241466,0.0,0.0,-0.08592666666666667,0.0069855732286859115,-0.07097261111111111,0.005028087885157159,0.0,0.0,-0.087025,0.010854089091213506,-0.047636527777777785,0.019732325417241466,0.0,0.0,-0.087025,-0.047636527777777785,0.00109833333333334,-0.023336083333333327,269,269.0,-0.07097261111111111,-0.023336083333333327
270,270.0,0.035405,0.07047733288086319,0.07479347222222223,0.06159909655483523,0.0,0.0,0.06757666666666666,0.02042039748225615,0.08253072222222223,0.01859641491742062,0.0,0.0,0.035405,0.07047733288086319,0.07479347222222223,0.06159909655483523,0.0,0.0,0.035405,0.07479347222222223,0.03217166666666666,0.007737250000000001,270,270.0,0.08253072222222223,0.007737250000000001
271,271.0,0.08460999999999999,0.01719683691845683,0.12399847222222223,0.02607507324448479,0.0,0.0,0.07208333333333333,0.008353169059305178,0.0870373888888889,0.007160561353132538,0.0,0.0,0.08460999999999999,0.01719683691845683,0.12399847222222223,0.02607507324448479,0.0,0.0,0.08460999999999999,0.12399847222222223,-0.012526666666666658,-0.036961083333333325,271,271.0,0.0870373888888889,-0.036961083333333325
272,272.0,0.084215,0.011674332957389897,0.12360347222222222,0.0027960966313619294,0.0,0.0,0.08868333333333334,0.023240856983625484,0.10363738888888889,0.022454188881730282,0.3333333333333333,0.0,0.084215,0.011674332957389897,0.12360347222222222,0.0027960966313619294,0.0,0.0,0.084215,0.12360347222222222,0.004468333333333338,-0.01996608333333333,272,272.0,0.10363738888888889,-0.01996608333333333
273,273.0,0.086,0.002630437226013948,0.1253884722222222,0.011508673552041906,0.0,0.0,0.05618000000000001,0.014477938389149196,0.07113405555555556,0.01441566268191102,0.0,0.0,0.086,0.002630437226013948,0.1253884722222222,0.011508673552041906,0.0,0.0,0.086,0.1253884722222222,-0.029819999999999985,-0.05425441666666665,273,273.0,0.07113405555555556,-0.05425441666666665
274,274.0,0.07999,0.014113851352483482,0.11937847222222221,0.005235615026455524,0.0,0.0,0.06618333333333333,0.015349805644806492,0.08113738888888888,0.01361251213662463,0.0,0.0,0.07999,0.014113851352483482,0.11937847222222221,0.005235615026455524,0.0,0.0,0.07999,0.11937847222222221,-0.013806666666666675,-0.03824108333333333,274,274.0,0.08113738888888888,-0.03824108333333333
275,275.0,0.031175,0.07101473403456497,0.07056347222222223,0.06213649770853702,0.0,0.0,0.008663333333333334,0.046559409718480466,0.023617388888888886,0.04730291175560593,0.0,0.0,0.031175,0.07101473403456497,0.07056347222222223,0.06213649770853702,0.0,0.0,0.031175,0.07056347222222223,-0.022511666666666666,-0.04694608333333335,275,275.0,0.023617388888888886,-0.04694608333333335
276,276.0,-0.08685000000000001,0.005133595231414337,-0.04746152777777778,0.014011831557442294,0.0,0.0,-0.08134666666666666,0.0023225919429235393,-0.06639261111111111,0.0042428185734875445,0.0,0.0,-0.08685000000000001,0.005133595231414337,-0.04746152777777778,0.014011831557442294,0.0,0.0,-0.08685000000000001,-0.04746152777777778,0.005503333333333346,-0.018931083333333328,276,276.0,-0.06639261111111111,-0.018931083333333328
277,277.0,-0.143615,0.07630389275784034,-0.10422652777777777,0.06742565643181238,0.0,0.0,-0.08100333333333333,0.00697862689454977,-0.06604927777777779,0.005932087322611358,0.0,0.0,-0.143615,0.07630389275784034,-0.10422652777777777,0.06742565643181238,0.0,0.0,-0.143615,-0.10422652777777777,0.06261166666666666,0.03817724999999998,277,277.0,-0.06604927777777779,0.03817724999999998
278,278.0,-0.09997500000000001,0.023992133085659558,-0.06058652777777779,0.015113896759631606,0.0,0.0,-0.09150333333333334,0.014026547448796273,-0.07654927777777777,0.01355332743083892,0.0,0.0,-0.09997500000000001,0.023992133085659558,-0.06058652777777779,0.015113896759631606,0.0,0.0,-0.09997500000000001,-0.06058652777777779,0.008471666666666669,-0.015962749999999984,278,278.0,-0.07654927777777777,-0.015962749999999984
279,279.0,-0.087175,0.00748826081276554,-0.047786527777777775,0.0013899755132624184,0.0,0.0,-0.08687333333333334,0.01026924697012071,-0.07191927777777778,0.009558871010903244,0.0,0.0,-0.087175,0.00748826081276554,-0.047786527777777775,0.0013899755132624184,0.0,0.0,-0.087175,-0.047786527777777775,0.0003016666666666584,-0.02413275,279,279.0,-0.07191927777777778,-0.02413275
280,280.0,0.070375,0.030723789642555493,0.10976347222222223,0.021845553316527534,0.0,0.0,0.05654,0.019154015244851403,0.07149405555555556,0.017228800548396272,0.0,0.0,0.070375,0.030723789642555493,0.10976347222222223,0.021845553316527534,0.0,0.0,0.070375,0.10976347222222223,-0.013834999999999993,-0.03826941666666667,280,280.0,0.07149405555555556,-0.03826941666666667
281,281.0,0.09244,0.007467047609329942,0.13182847222222221,0.0163452839353579,0.0,0.0,0.07654666666666667,0.005671087491243044,0.09150072222222222,0.0037309543763817217,0.0,0.0,0.09244,0.007467047609329942,0.13182847222222221,0.0163452839353579,0.0,0.0,0.09244,0.13182847222222221,-0.01589333333333333,-0.040327749999999996,281,281.0,0.09150072222222222,-0.040327749999999996
282,282.0,0.0867,0.005741707063234757,0.12608847222222222,0.014619943389262705,0.0,0.0,0.07414,0.009276082147113618,0.08909405555555555,0.010751990281017115,0.0,0.0,0.0867,0.005741707063234757,0.12608847222222222,0.014619943389262705,0.0,0.0,0.0867,0.12608847222222222,-0.012560000000000002,-0.03699441666666667,282,282.0,0.08909405555555555,-0.03699441666666667
283,283.0,0.058515,0.021729391385862606,0.09790347222222222,0.012851155059834642,0.0,0.0,0.07265333333333333,0.01069192374333699,0.08760738888888887,0.008983992523914582,0.0,0.0,0.058515,0.021729391385862606,0.09790347222222222,0.012851155059834642,0.0,0.0,0.058515,0.09790347222222222,0.014138333333333336,-0.010296083333333345,283,283.0,0.08760738888888887,-0.010296083333333345
284,284.0,0.07152,0.023065823202305182,0.11090847222222222,0.01418758687627723,0.0,0.0,0.03138333333333333,0.07636397863740033,0.046337388888888886,0.07456941448895324,0.0,0.0,0.07152,0.023065823202305182,0.11090847222222222,0.01418758687627723,0.0,0.0,0.07152,0.11090847222222222,-0.04013666666666667,-0.06457108333333333,284,284.0,0.046337388888888886,-0.06457108333333333
285,285.0,0.082615,0.014672465709620865,0.12200347222222221,0.023550702035648824,0.0,0.0,0.06208,0.0012957237359869588,0.07703405555555555,0.0016950920993588055,0.0,0.0,0.082615,0.014672465709620865,0.12200347222222221,0.023550702035648824,0.0,0.0,0.082615,0.12200347222222221,-0.02053499999999999,-0.044969416666666664,285,285.0,0.07703405555555555,-0.044969416666666664
286,286.0,-0.071365,0.0032597622612699864,-0.03197652777777778,0.005618474064757972,0.0,0.0,-0.09018,0.007408670595997636,-0.07522594444444443,0.009305070541423328,0.0,0.0,-0.071365,0.0032597622612699864,-0.03197652777777778,0.005618474064757972,0.0,0.0,-0.071365,-0.03197652777777778,-0.018815,-0.04324941666666665,286,286.0,-0.07522594444444443,-0.04324941666666665
287,287.0,-0.0869,0.001400071426749361,-0.04751152777777778,0.01027830775277732,0.0,0.0,-0.09242666666666666,0.01717363192028213,-0.0774726111111111,0.016634961827521173,0.0,0.0,-0.0869,0.001400071426749361,-0.04751152777777778,0.01027830775277732,0.0,0.0,-0.0869,-0.04751152777777778,-0.005526666666666652,-0.029961083333333326,287,287.0,-0.0774726111111111,-0.029961083333333326
288,288.0,-0.086335,0.01791101476745525,-0.04694652777777778,0.009032778441427294,0.0,0.0,-0.09041333333333335,0.012680159042115103,-0.07545927777777778,0.011336059696716977,0.0,0.0,-0.086335,0.01791101476745525,-0.04694652777777778,0.009032778441427294,0.0,0.0,-0.086335,-0.04694652777777778,-0.0040783333333333505,-0.028512749999999996,288,288.0,-0.07545927777777778,-0.028512749999999996
289,289.0,-0.07785,0.012558216433873082,-0.03846152777777778,0.02143645275990104,0.0,0.0,-0.09079,0.0009412226091632067,-0.07583594444444446,0.002272232383161193,0.0,0.0,-0.07785,0.012558216433873082,-0.03846152777777778,0.02143645275990104,0.0,0.0,-0.07785,-0.03846152777777778,-0.012939999999999993,-0.037374416666666674,289,289.0,-0.07583594444444446,-0.037374416666666674
290,290.0,0.083495,0.008506494577674176,0.12288347222222222,0.017384730903702145,0.0,0.0,0.08561999999999999,0.007688218259128708,0.10057405555555556,0.005895787620814803,0.0,0.0,0.083495,0.008506494577674176,0.12288347222222222,0.017384730903702145,0.0,0.0,0.083495,0.12288347222222222,0.002124999999999988,-0.022309416666666665,290,290.0,0.10057405555555556,-0.022309416666666665
291,291.0,0.070525,0.007898382745853735,0.10991347222222221,0.016776619071881695,0.0,0.0,0.07760666666666667,0.012575453603482199,0.09256072222222222,0.010620325037021013,0.0,0.0,0.070525,0.007898382745853735,0.10991347222222221,0.016776619071881695,0.0,0.0,0.070525,0.10991347222222221,0.007081666666666667,-0.017352749999999986,291,291.0,0.09256072222222222,-0.017352749999999986
292,292.0,0.10582,0.01940301007575886,0.14520847222222222,0.01052477374973091,0.5,0.0,0.08966333333333333,0.002205092590648598,0.10461738888888888,0.0018126449375851488,0.0,0.0,0.10582,0.01940301007575886,0.14520847222222222,0.01052477374973091,0.5,0.0,0.10582,0.14520847222222222,-0.016156666666666666,-0.04059108333333333,292,292.0,0.10461738888888888,-0.04059108333333333
293,293.0,0.07469,0.00213546247918338,0.11407847222222221,0.011013698805211337,0.0,0.0,0.08403666666666666,0.015469797456118593,0.09899072222222222,0.013585840525372886,0.0,0.0,0.07469,0.00213546247918338,0.11407847222222221,0.011013698805211337,0.0,0.0,0.07469,0.11407847222222221,0.009346666666666656,-0.015087749999999997,293,293.0,0.09899072222222222,-0.015087749999999997
294,294.0,0.06872500000000001,0.005649783181680522,0.10811347222222221,0.0032284531443474355,0.0,0.0,0.07855,0.006675934391529026,0.09350405555555556,0.004716251395473804,0.0,0.0,0.06872500000000001,0.005649783181680522,0.10811347222222221,0.0032284531443474355,0.0,0.0,0.06872500000000001,0.10811347222222221,0.009824999999999987,-0.014609416666666653,294,294.0,0.09350405555555556,-0.014609416666666653
295,295.0,0.08333,0.00045254833995939163,0.12271847222222222,0.009330784665987359,0.0,0.0,0.08890666666666668,0.011451743680913107,0.10386072222222222,0.012215291873657453,0.0,0.0,0.08333,0.00045254833995939163,0.12271847222222222,0.009330784665987359,0.0,0.0,0.08333,0.12271847222222222,0.005576666666666674,-0.018857750000000006,295,295.0,0.10386072222222222,-0.018857750000000006
296,296.0,-0.084995,0.0019869700551342034,-0.04560652777777778,0.010865206381162161,0.0,0.0,-0.07806333333333333,0.014005000297512787,-0.06310927777777778,0.014987091575485058,0.0,0.0,-0.084995,0.0019869700551342034,-0.04560652777777778,0.010865206381162161,0.0,0.0,-0.084995,-0.04560652777777778,0.006931666666666669,-0.017502749999999997,296,296.0,-0.06310927777777778,-0.017502749999999997
297,297.0,-0.082245,0.012126881297349288,-0.04285652777777778,0.003248644971321331,0.0,0.0,-0.08066666666666666,0.008122292369358134,-0.06571261111111111,0.006999324134258945,0.0,0.0,-0.082245,0.012126881297349288,-0.04285652777777778,0.003248644971321331,0.0,0.0,-0.082245,-0.04285652777777778,0.0015783333333333344,-0.022856083333333332,297,297.0,-0.06571261111111111,-0.022856083333333332
298,298.0,-0.08571999999999999,0.010917728701520291,-0.04633152777777778,0.019795965027548247,0.0,0.0,-0.07678333333333333,0.005184036393905169,-0.061829277777777775,0.006929910894310721,0.0,0.0,-0.08571999999999999,0.010917728701520291,-0.04633152777777778,0.019795965027548247,0.0,0.0,-0.08571999999999999,-0.04633152777777778,0.008936666666666662,-0.015497749999999998,298,298.0,-0.061829277777777775,-0.015497749999999998
299,299.0,-0.091015,0.016765501781933048,-0.05162652777777778,0.025643738107961,0.0,0.0,-0.08426,0.015968916682104643,-0.06930594444444445,0.015443488002059419,0.0,0.0,-0.091015,0.016765501781933048,-0.05162652777777778,0.025643738107961,0.0,0.0,-0.091015,-0.05162652777777778,0.006754999999999997,-0.01767941666666667,299,299.0,-0.06930594444444445,-0.01767941666666667
300,300.0,0.031799999999999995,0.052396612485923165,0.07118847222222222,0.043518376159895206,0.0,0.0,0.08884666666666667,0.006155812970951386,0.10380072222222221,0.007574674947391599,0.0,0.0,0.031799999999999995,0.052396612485923165,0.07118847222222222,0.043518376159895206,0.0,0.0,0.031799999999999995,0.07118847222222222,0.057046666666666676,0.032612249999999995,300,300.0,0.10380072222222221,0.032612249999999995
301,301.0,0.076585,0.005282087655463513,0.11597347222222222,0.01416032398149148,0.0,0.0,0.06984333333333333,0.011549131280461457,0.08479738888888888,0.011928119904139575,0.0,0.0,0.076585,0.005282087655463513,0.11597347222222222,0.01416032398149148,0.0,0.0,0.076585,0.11597347222222222,-0.006741666666666674,-0.03117608333333334,301,301.0,0.08479738888888888,-0.03117608333333334
302,302.0,0.08011,0.012473363620130691,0.11949847222222222,0.02135159994615864,0.0,0.0,0.07394666666666666,0.02282179075649703,0.08890072222222223,0.023271170576554298,0.0,0.0,0.08011,0.012473363620130691,0.11949847222222222,0.02135159994615864,0.0,0.0,0.08011,0.11949847222222222,-0.00616333333333334,-0.030597749999999993,302,302.0,0.08890072222222223,-0.030597749999999993
303,303.0,0.07263,0.021538472554942234,0.11201847222222222,0.01266023622891427,0.0,0.0,0.006246666666666668,0.06074839284568221,0.02120072222222223,0.06251700430463147,0.0,0.0,0.07263,0.021538472554942234,0.11201847222222222,0.01266023622891427,0.0,0.0,0.07263,0.11201847222222222,-0.06638333333333334,-0.09081774999999999,303,303.0,0.02120072222222223,-0.09081774999999999
304,304.0,0.044615,0.04523362079250345,0.08400347222222222,0.054111857118531406,0.0,0.0,-0.008830000000000001,0.0680623162991093,0.006124055555555554,0.06990082036557843,0.0,0.0,0.044615,0.04523362079250345,0.08400347222222222,0.054111857118531406,0.0,0.0,0.044615,0.08400347222222222,-0.053445000000000006,-0.07787941666666667,304,304.0,0.006124055555555554,-0.07787941666666667
305,305.0,-0.09123,0.010210621920333743,-0.05184152777777778,0.0013323855943057842,0.0,0.0,-0.06925333333333333,0.025280079773080888,-0.05429927777777779,0.02641212549827105,0.0,0.0,-0.09123,0.010210621920333743,-0.05184152777777778,0.0013323855943057842,0.0,0.0,-0.09123,-0.05184152777777778,0.021976666666666672,-0.0024577500000000085,305,305.0,-0.05429927777777779,-0.0024577500000000085
306,306.0,-0.18712,0.15815150268018321,-0.14773152777777776,0.16702973900621115,0.0,0.0,-0.08794333333333333,0.009685810928019054,-0.07298927777777778,0.00944131405653882,0.0,0.0,-0.18712,0.15815150268018321,-0.14773152777777776,0.16702973900621115,0.0,0.0,-0.18712,-0.14773152777777776,0.09917666666666668,0.07474224999999998,306,306.0,-0.07298927777777778,0.07474224999999998
307,307.0,-0.40232999999999997,0.14965207917032092,-0.3629415277777778,0.15853031549634886,0.0,0.5,-0.13161,0.035107054846568946,-0.11665594444444445,0.0367906519377285,0.0,0.0,-0.40232999999999997,0.14965207917032092,-0.3629415277777778,0.15853031549634886,0.0,0.5,-0.40232999999999997,-0.3629415277777778,0.27071999999999996,0.24628558333333334,307,307.0,-0.11665594444444445,0.24628558333333334
308,308.0,-0.403675,0.07917474628945774,-0.3642865277777778,0.0702965099634298,0.0,0.5,-0.09629333333333333,0.018221408653925013,-0.08133927777777777,0.020143557889497347,0.0,0.0,-0.403675,0.07917474628945774,-0.3642865277777778,0.0702965099634298,0.0,0.5,-0.403675,-0.3642865277777778,0.30738166666666666,0.28294725000000004,308,308.0,-0.08133927777777777,0.28294725000000004
309,309.0,-0.10516,0.025766971106437792,-0.06577152777777778,0.01688873478040984,0.0,0.0,-0.0842,0.004653138725634554,-0.06924594444444444,0.0031508089795017073,0.0,0.0,-0.10516,0.025766971106437792,-0.06577152777777778,0.01688873478040984,0.0,0.0,-0.10516,-0.06577152777777778,0.020960000000000006,-0.0034744166666666604,309,309.0,-0.06924594444444444,-0.0034744166666666604
310,310.0,-0.048354999999999995,0.05647661861336955,-0.008966527777777776,0.04759838228734159,0.0,0.0,-0.01837,0.043080857698054247,-0.0034159444444444467,0.04114080656048846,0.0,0.0,-0.048354999999999995,0.05647661861336955,-0.008966527777777776,0.04759838228734159,0.0,0.0,-0.048354999999999995,-0.008966527777777776,0.029984999999999994,0.005550583333333329,310,310.0,-0.0034159444444444467,0.005550583333333329
311,311.0,0.08516,0.016037181797310902,0.12454847222222222,0.02491541812333887,0.0,0.0,0.08404333333333332,0.0032259003911053004,0.09899738888888888,0.001273322863298038,0.0,0.0,0.08516,0.016037181797310902,0.12454847222222222,0.02491541812333887,0.0,0.0,0.08516,0.12454847222222222,-0.0011166666666666825,-0.025551083333333335,311,311.0,0.09899738888888888,-0.025551083333333335
312,312.0,0.06637499999999999,0.0005161879502661758,0.10576347222222222,0.009394424276294134,0.0,0.0,0.07783,0.01910077485339273,0.09278405555555556,0.02090033452690219,0.0,0.0,0.06637499999999999,0.0005161879502661758,0.10576347222222222,0.009394424276294134,0.0,0.0,0.06637499999999999,0.10576347222222222,0.011455000000000007,-0.01297941666666666,312,312.0,0.09278405555555556,-0.01297941666666666
313,313.0,0.082885,0.011433916651786466,0.12227347222222222,0.020312152977814434,0.0,0.0,0.06249,0.019341248667032847,0.07744405555555556,0.02111507614380403,0.0,0.0,0.082885,0.011433916651786466,0.12227347222222222,0.020312152977814434,0.0,0.0,0.082885,0.12227347222222222,-0.020395000000000003,-0.04482941666666666,313,313.0,0.07744405555555556,-0.04482941666666666
314,314.0,0.078705,0.013555236995346111,0.11809347222222222,0.022433473321374058,0.0,0.0,0.04636666666666667,0.05864339036356385,0.061320722222222214,0.058608319090976774,0.0,0.0,0.078705,0.013555236995346111,0.11809347222222222,0.022433473321374058,0.0,0.0,0.078705,0.11809347222222222,-0.03233833333333333,-0.056772750000000004,314,314.0,0.061320722222222214,-0.056772750000000004
315,315.0,0.0018900000000000028,0.09244714057232922,0.04127847222222222,0.08356890424630127,0.0,0.0,-0.02076333333333333,0.07942668086564698,-0.0058092777777777735,0.07750660304847708,0.0,0.0,0.0018900000000000028,0.09244714057232922,0.04127847222222222,0.08356890424630127,0.0,0.0,0.0018900000000000028,0.04127847222222222,-0.022653333333333334,-0.04708775,315,315.0,-0.0058092777777777735,-0.04708775
316,316.0,-0.092075,0.007983235559596118,-0.052686527777777784,0.01686147188562408,0.0,0.0,-0.07739333333333333,0.0012643707262244438,-0.062439277777777774,0.0013604474357021819,0.0,0.0,-0.092075,0.007983235559596118,-0.052686527777777784,0.01686147188562408,0.0,0.0,-0.092075,-0.052686527777777784,0.014681666666666676,-0.00975274999999999,316,316.0,-0.062439277777777774,-0.00975274999999999
317,317.0,-0.15393,0.08070916800463253,-0.11454152777777778,0.07183093167860456,0.0,0.0,-0.08558,0.006071746042120012,-0.07062594444444445,0.004588033166447232,0.0,0.0,-0.15393,0.08070916800463253,-0.11454152777777778,0.07183093167860456,0.0,0.0,-0.15393,-0.11454152777777778,0.06835000000000001,0.04391558333333333,317,317.0,-0.07062594444444445,0.04391558333333333
318,318.0,-0.11972,0.048040834713814026,-0.08033152777777777,0.03916259838778607,0.0,0.0,-0.09309666666666666,0.0014654805810154349,-0.07814261111111111,0.0029494703861273077,0.0,0.0,-0.11972,0.048040834713814026,-0.08033152777777777,0.03916259838778607,0.0,0.0,-0.11972,-0.08033152777777777,0.026623333333333332,0.0021889166666666654,318,318.0,-0.07814261111111111,0.0021889166666666654
319,319.0,-0.090805,0.013526952724098651,-0.05141652777777778,0.004648716398070692,0.0,0.0,-0.08257333333333333,0.009241565523943084,-0.06761927777777778,0.008022059170588295,0.0,0.0,-0.090805,0.013526952724098651,-0.05141652777777778,0.004648716398070692,0.0,0.0,-0.090805,-0.05141652777777778,0.008231666666666665,-0.016202749999999995,319,319.0,-0.06761927777777778,-0.016202749999999995
320,320.0,-0.024075,0.08204559982107511,0.015313472222222218,0.07316736349504714,0.0,0.0,0.007293333333333333,0.03161834330469156,0.02224738888888889,0.029658411894674965,0.0,0.0,-0.024075,0.08204559982107511,0.015313472222222218,0.07316736349504714,0.0,0.0,-0.024075,0.015313472222222218,0.03136833333333333,0.0069339166666666716,320,320.0,0.02224738888888889,0.0069339166666666716
321,321.0,0.08574000000000001,0.004723473298326141,0.12512847222222223,0.0136017096243541,0.0,0.0,0.07672333333333334,0.004311871210197882,0.09167738888888889,0.0028788302992665774,0.0,0.0,0.08574000000000001,0.004723473298326141,0.12512847222222223,0.0136017096243541,0.0,0.0,0.08574000000000001,0.12512847222222223,-0.009016666666666673,-0.03345108333333334,321,321.0,0.09167738888888889,-0.03345108333333334
322,322.0,0.076765,0.014135064555919091,0.11615347222222222,0.023013300881947057,0.0,0.0,0.08660000000000001,0.001010148503933955,0.10155405555555556,0.0025885944282945375,0.0,0.0,0.076765,0.014135064555919091,0.11615347222222222,0.023013300881947057,0.0,0.0,0.076765,0.11615347222222222,0.00983500000000001,-0.014599416666666656,322,322.0,0.10155405555555556,-0.014599416666666656
323,323.0,0.05858,0.011158145007123721,0.09796847222222223,0.02003638133315168,0.0,0.0,0.07533000000000001,0.011166776616374125,0.09028405555555556,0.009395939253077934,0.0,0.0,0.05858,0.011158145007123721,0.09796847222222223,0.02003638133315168,0.0,0.0,0.05858,0.09796847222222223,0.016750000000000008,-0.007684416666666666,323,323.0,0.09028405555555556,-0.007684416666666666
324,324.0,0.093125,0.022804193693266157,0.1325134722222222,0.01392595736723821,0.5,0.0,0.017406666666666668,0.04401571802587495,0.03236072222222222,0.042567969244006014,0.0,0.0,0.093125,0.022804193693266157,0.1325134722222222,0.01392595736723821,0.5,0.0,0.093125,0.1325134722222222,-0.07571833333333333,-0.10015274999999998,324,324.0,0.03236072222222222,-0.10015274999999998
325,325.0,0.05316,0.004058792924010784,0.09254847222222223,0.004819443402017179,0.0,0.0,0.08201,0.02130648023489567,0.09696405555555555,0.023262305620485348,0.0,0.0,0.05316,0.004058792924010784,0.09254847222222223,0.004819443402017179,0.0,0.0,0.05316,0.09254847222222223,0.02885,0.00441558333333332,325,325.0,0.09696405555555555,0.00441558333333332
326,326.0,-0.091555,0.0004737615433949896,-0.05216652777777778,0.009351997869422948,0.0,0.0,-0.08731,0.01554165049150186,-0.07235594444444444,0.0138308745807976,0.0,0.0,-0.091555,0.0004737615433949896,-0.05216652777777778,0.009351997869422948,0.0,0.0,-0.091555,-0.05216652777777778,0.004244999999999999,-0.020189416666666668,326,326.0,-0.07235594444444444,-0.020189416666666668
327,327.0,-0.11148,0.02006769045007422,-0.07209152777777778,0.011189454124046263,0.0,0.0,-0.09549999999999999,0.008352406838750135,-0.08054594444444445,0.010285345994438333,0.0,0.0,-0.11148,0.02006769045007422,-0.07209152777777778,0.011189454124046263,0.0,0.0,-0.11148,-0.07209152777777778,0.015980000000000008,-0.008454416666666673,327,327.0,-0.08054594444444445,-0.008454416666666673
328,328.0,-0.08498,0.015386643558619276,-0.04559152777777778,0.006508407232591317,0.0,0.0,-0.08908,0.006274240989952491,-0.07412594444444444,0.007023530016450089,0.0,0.0,-0.08498,0.015386643558619276,-0.04559152777777778,0.006508407232591317,0.0,0.0,-0.08498,-0.04559152777777778,-0.004100000000000006,-0.02853441666666666,328,328.0,-0.07412594444444444,-0.02853441666666666
329,329.0,-0.08144,0.0012727922061357827,-0.04205152777777778,0.010151028532163741,0.0,0.0,-0.09262,0.011283953207985224,-0.07766594444444445,0.013113075111962696,0.0,0.0,-0.08144,0.0012727922061357827,-0.04205152777777778,0.010151028532163741,0.0,0.0,-0.08144,-0.04205152777777778,-0.011179999999999995,-0.035614416666666676,329,329.0,-0.07766594444444445,-0.035614416666666676
330,330.0,0.075695,0.0092560277657319,0.11508347222222222,0.000377791439703952,0.0,0.0,0.09715666666666667,0.006431456548351499,0.11211072222222222,0.004728281988063102,0.3333333333333333,0.0,0.075695,0.0092560277657319,0.11508347222222222,0.000377791439703952,0.0,0.0,0.075695,0.11508347222222222,0.02146166666666667,-0.0029727499999999962,330,330.0,0.11211072222222222,-0.0029727499999999962
331,331.0,0.06813,0.011370277041479688,0.10751847222222222,0.02024851336750764,0.0,0.0,0.08653,0.008932815905413028,0.10148405555555556,0.009790963521010235,0.0,0.0,0.06813,0.011370277041479688,0.10751847222222222,0.02024851336750764,0.0,0.0,0.06813,0.10751847222222222,0.0184,-0.006034416666666653,331,331.0,0.10148405555555556,-0.006034416666666653
332,332.0,0.077255,0.002043538597629125,0.11664347222222222,0.010921774923657073,0.0,0.0,0.08050333333333333,0.0157101697423463,0.09545738888888888,0.01530337281279949,0.0,0.0,0.077255,0.002043538597629125,0.11664347222222222,0.010921774923657073,0.0,0.0,0.077255,0.11664347222222222,0.0032483333333333253,-0.02118608333333334,332,332.0,0.09545738888888888,-0.02118608333333334
333,333.0,0.083925,0.00379716341497176,0.12331347222222222,0.012675399740999719,0.0,0.0,0.08560333333333332,0.020225000206015652,0.10055738888888889,0.018318844547586557,0.3333333333333333,0.0,0.083925,0.00379716341497176,0.12331347222222222,0.012675399740999719,0.0,0.0,0.083925,0.12331347222222222,0.0016783333333333234,-0.02275608333333333,333,333.0,0.10055738888888889,-0.02275608333333333
334,334.0,0.08485000000000001,0.012968338366961289,0.12423847222222222,0.021846574692989246,0.0,0.0,0.08023,0.01603284441388988,0.09518405555555555,0.01798247005968677,0.0,0.0,0.08485000000000001,0.012968338366961289,0.12423847222222222,0.021846574692989246,0.0,0.0,0.08485000000000001,0.12423847222222222,-0.004620000000000013,-0.029054416666666666,334,334.0,0.09518405555555555,-0.029054416666666666
335,335.0,0.073195,0.0010960155108391456,0.11258347222222222,0.009974251836867095,0.0,0.0,0.013896666666666668,0.06977017008244521,0.028850722222222226,0.0682749087187866,0.0,0.0,0.073195,0.0010960155108391456,0.11258347222222222,0.009974251836867095,0.0,0.0,0.073195,0.11258347222222222,-0.05929833333333333,-0.08373275,335,335.0,0.028850722222222226,-0.08373275
336,336.0,-0.09111,0.02052023879003361,-0.05172152777777778,0.011642002464005654,0.0,0.0,-0.09243666666666667,0.00500591982889592,-0.07748261111111111,0.0058499420702523815,0.0,0.0,-0.09111,0.02052023879003361,-0.05172152777777778,0.011642002464005654,0.0,0.0,-0.09111,-0.05172152777777778,-0.0013266666666666704,-0.02576108333333333,336,336.0,-0.07748261111111111,-0.02576108333333333
337,337.0,-0.135575,0.06285472177967222,-0.09618652777777778,0.05397648545364425,0.0,0.0,-0.08181666666666666,0.009335578896529837,-0.06686261111111112,0.00969565438183392,0.0,0.0,-0.135575,0.06285472177967222,-0.09618652777777778,0.05397648545364425,0.0,0.0,-0.135575,-0.09618652777777778,0.05375833333333334,0.029323916666666658,337,337.0,-0.06686261111111112,0.029323916666666658
338,338.0,-0.15518,0.08441440753805005,-0.11579152777777778,0.07553617121202208,0.0,0.0,-0.08398666666666667,0.015296621631371202,-0.06903261111111111,0.016930818038344484,0.0,0.0,-0.15518,0.08441440753805005,-0.11579152777777778,0.07553617121202208,0.0,0.0,-0.15518,-0.11579152777777778,0.07119333333333334,0.046758916666666664,338,338.0,-0.06903261111111111,0.046758916666666664
339,339.0,-0.09332499999999999,0.004702260094890543,-0.05393652777777778,0.004175976231137415,0.0,0.0,-0.09143666666666667,0.015201714815550684,-0.07648261111111111,0.016549783248086418,0.0,0.0,-0.09332499999999999,0.004702260094890543,-0.05393652777777778,0.004175976231137415,0.0,0.0,-0.09332499999999999,-0.05393652777777778,0.0018883333333333252,-0.022546083333333335,339,339.0,-0.07648261111111111,-0.022546083333333335
340,340.0,-0.059615,0.0413728177672249,-0.02022652777777778,0.03249458144119694,0.0,0.0,-0.07603666666666667,0.02455808285134109,-0.06108261111111111,0.022649674783114748,0.0,0.0,-0.059615,0.0413728177672249,-0.02022652777777778,0.03249458144119694,0.0,0.0,-0.059615,-0.02022652777777778,-0.016421666666666668,-0.04085608333333333,340,340.0,-0.06108261111111111,-0.04085608333333333
341,341.0,0.08321,0.012968338366961289,0.12259847222222223,0.00409010204093333,0.0,0.0,0.08425666666666666,0.002327194305023398,0.09921072222222223,0.004140003422271508,0.0,0.0,0.08321,0.012968338366961289,0.12259847222222223,0.00409010204093333,0.0,0.0,0.08321,0.12259847222222223,0.001046666666666654,-0.02338775,341,341.0,0.09921072222222223,-0.02338775
342,342.0,0.076815,0.009454017664464145,0.11620347222222221,0.018332253990492105,0.0,0.0,0.07590999999999999,0.0050662708178698885,0.09086405555555555,0.006787638396606468,0.0,0.0,0.076815,0.009454017664464145,0.11620347222222221,0.018332253990492105,0.0,0.0,0.076815,0.11620347222222221,-0.000905000000000003,-0.02533941666666667,342,342.0,0.09086405555555555,-0.02533941666666667
343,343.0,0.073395,0.007728677118368961,0.11278347222222222,0.01660691344439691,0.0,0.0,0.05098666666666666,0.03707991684636487,0.06594072222222222,0.038959671221273834,0.0,0.0,0.073395,0.007728677118368961,0.11278347222222222,0.01660691344439691,0.0,0.0,0.073395,0.11278347222222222,-0.022408333333333343,-0.04684275,343,343.0,0.06594072222222222,-0.04684275
344,344.0,0.0381,0.007665037508062177,0.07748847222222222,0.0012131988179657814,0.0,0.0,-0.03538,0.06562261729007766,-0.020425944444444444,0.06756687677983099,0.0,0.0,0.0381,0.007665037508062177,0.07748847222222222,0.0012131988179657814,0.0,0.0,0.0381,0.07748847222222222,-0.07348,-0.09791441666666666,344,344.0,-0.020425944444444444,-0.09791441666666666
345,345.0,-0.09765499999999999,0.016185674221360077,-0.05826652777777777,0.007307437895332115,0.0,0.0,-0.08598,0.009263190595037971,-0.07102594444444445,0.010040459706318105,0.0,0.0,-0.09765499999999999,0.016185674221360077,-0.05826652777777777,0.007307437895332115,0.0,0.0,-0.09765499999999999,-0.05826652777777777,0.011674999999999991,-0.012759416666666676,345,345.0,-0.07102594444444445,-0.012759416666666676
346,346.0,-0.30217,0.06441742776609445,-0.2627815277777778,0.0555391914400665,0.0,0.0,-0.09906333333333334,0.029568960640058567,-0.08410927777777777,0.029659332595375197,0.0,0.0,-0.30217,0.06441742776609445,-0.2627815277777778,0.0555391914400665,0.0,0.0,-0.30217,-0.2627815277777778,0.20310666666666666,0.17867225000000003,346,346.0,-0.08410927777777777,0.17867225000000003
347,347.0,-0.27266,0.06816509370638317,-0.23327152777777777,0.059286857380355225,0.0,0.0,-0.28146333333333334,0.04485785364162371,-0.2665092777777778,0.04422635185425564,0.0,1.0,-0.27266,0.06816509370638317,-0.23327152777777777,0.059286857380355225,0.0,0.0,-0.27266,-0.23327152777777777,-0.00880333333333333,-0.03323775000000001,347,347.0,-0.2665092777777778,-0.03323775000000001
348,348.0,-0.433655,0.09157739923146978,-0.3942665277777778,0.08269916290544185,0.0,0.5,-0.18948,0.019696931233062678,-0.17452594444444444,0.018320133627083558,0.0,0.0,-0.433655,0.09157739923146978,-0.3942665277777778,0.08269916290544185,0.0,0.5,-0.433655,-0.3942665277777778,0.244175,0.21974058333333338,348,348.0,-0.17452594444444444,0.21974058333333338
349,349.0,-0.15892,0.08107686353084954,-0.11953152777777777,0.07219862720482158,0.0,0.0,-0.08888666666666667,0.006851002359752426,-0.07393261111111112,0.008119194165185067,0.0,0.0,-0.15892,0.08107686353084954,-0.11953152777777777,0.07219862720482158,0.0,0.0,-0.15892,-0.11953152777777777,0.07003333333333334,0.045598916666666656,349,349.0,-0.07393261111111112,0.045598916666666656
350,350.0,-0.09134,0.010267190462828663,-0.05195152777777778,0.0013889541368007057,0.0,0.0,-0.09018999999999999,0.007406240611808391,-0.07523594444444444,0.005828323277350747,0.0,0.0,-0.09134,0.010267190462828663,-0.05195152777777778,0.0013889541368007057,0.0,0.0,-0.09134,-0.05195152777777778,0.0011500000000000121,-0.02328441666666666,350,350.0,-0.07523594444444444,-0.02328441666666666
351,351.0,0.082425,0.003627457787486986,0.12181347222222222,0.012505694113514935,0.0,0.0,0.08823666666666667,0.018705139222506027,0.10319072222222221,0.02066281158944407,0.3333333333333333,0.0,0.082425,0.003627457787486986,0.12181347222222222,0.012505694113514935,0.0,0.0,0.082425,0.12181347222222222,0.005811666666666673,-0.018622750000000007,351,351.0,0.10319072222222221,-0.018622750000000007
352,352.0,0.08716,0.012473363620130691,0.1265484722222222,0.003595127294102742,0.0,0.0,0.07893,0.011319439032036877,0.09388405555555557,0.013107815861910526,0.0,0.0,0.08716,0.012473363620130691,0.1265484722222222,0.003595127294102742,0.0,0.0,0.08716,0.1265484722222222,-0.008230000000000001,-0.03266441666666664,352,352.0,0.09388405555555557,-0.03266441666666664
353,353.0,0.08035,0.0007353910524340089,0.11973847222222221,0.008142845273593949,0.0,0.0,0.08268333333333333,0.023671979920009505,0.09763738888888888,0.023203252442103355,0.0,0.0,0.08035,0.0007353910524340089,0.11973847222222221,0.008142845273593949,0.0,0.0,0.08035,0.11973847222222221,0.002333333333333326,-0.022101083333333327,353,353.0,0.09763738888888888,-0.022101083333333327
354,354.0,0.0891,0.01542906996549047,0.1284884722222222,0.02430730629151842,0.0,0.0,0.06543333333333333,0.020402245791415544,0.0803873888888889,0.019847701672227772,0.0,0.0,0.0891,0.01542906996549047,0.1284884722222222,0.02430730629151842,0.0,0.0,0.0891,0.1284884722222222,-0.02366666666666667,-0.04810108333333331,354,354.0,0.0803873888888889,-0.04810108333333331
355,355.0,0.059539999999999996,0.029005520164272176,0.09892847222222223,0.020127283838244223,0.0,0.0,0.07987333333333334,0.008160774064592974,0.09482738888888888,0.00988989739879247,0.0,0.0,0.059539999999999996,0.029005520164272176,0.09892847222222223,0.020127283838244223,0.0,0.0,0.059539999999999996,0.09892847222222223,0.020333333333333342,-0.004101083333333352,355,355.0,0.09482738888888888,-0.004101083333333352
356,356.0,-0.10949500000000001,0.004617407281148151,-0.07010652777777777,0.004260829044879807,0.0,0.0,-0.07938666666666666,0.005506090567120502,-0.06443261111111111,0.004412776274357321,0.0,0.0,-0.10949500000000001,0.004617407281148151,-0.07010652777777777,0.004260829044879807,0.0,0.0,-0.10949500000000001,-0.07010652777777777,0.030108333333333348,0.005673916666666667,356,356.0,-0.06443261111111111,0.005673916666666667
357,357.0,-0.15695,0.07824843640610335,-0.11756152777777777,0.06937020008007538,0.0,0.0,-0.08224666666666668,0.002801594783928135,-0.06729261111111111,0.00465411359298629,0.0,0.0,-0.15695,0.07824843640610335,-0.11756152777777777,0.06937020008007538,0.0,0.0,-0.15695,-0.11756152777777777,0.07470333333333333,0.05026891666666666,357,357.0,-0.06729261111111111,0.05026891666666666
358,358.0,-0.16362,0.0749816030770215,-0.12423152777777778,0.06610336675099353,0.0,0.0,-0.08584666666666667,0.005723026588557255,-0.07089261111111111,0.007672402456045362,0.0,0.0,-0.16362,0.0749816030770215,-0.12423152777777778,0.06610336675099353,0.0,0.0,-0.16362,-0.12423152777777778,0.07777333333333332,0.053338916666666666,358,358.0,-0.07089261111111111,0.053338916666666666
359,359.0,-0.08174000000000001,0.024833590155271548,-0.04235152777777778,0.01595535382924359,0.0,0.0,-0.08839999999999999,0.0061142129501678315,-0.07344594444444445,0.007911724001110827,0.0,0.0,-0.08174000000000001,0.024833590155271548,-0.04235152777777778,0.01595535382924359,0.0,0.0,-0.08174000000000001,-0.04235152777777778,-0.006659999999999985,-0.031094416666666673,359,359.0,-0.07344594444444445,-0.031094416666666673
