"Seq","Phase","EncoderRaw","TravelRaw","TravelMilliDeg","DeltaRaw","VelocityRawPerSecond","AccelerationRawPerSecond2","PowerPpm","ScheduledTick","SampleTick","LatenessTicks","LoopCycles","SpiLatencyCycles","PwmCounterAtCs"
"0","ALIGN_RAMP","9797","3","16.4794921875","3","3000","3000000","0","184146","184146","0","2897","1336","146"
"1","ALIGN_RAMP","9793","-1","-5.4931640625","-4","-4000","-7000000","160","184147","184147","0","2902","1336","1556"
"2","ALIGN_RAMP","9794","0","0","1","1000","5000000","320","184148","184148","0","2902","1336","1466"
"3","ALIGN_RAMP","9796","2","10.986328125","2","2000","1000000","480","184149","184149","0","2902","1336","1376"
"4","ALIGN_RAMP","9794","0","0","-2","-2000","-4000000","640","184150","184150","0","2902","1336","1286"
"5","ALIGN_RAMP","9791","-3","-16.4794921875","-3","-3000","-1000000","800","184151","184151","0","2902","1336","1196"
"6","ALIGN_RAMP","9794","0","0","3","3000","6000000","960","184152","184152","0","2902","1336","1106"
"7","ALIGN_RAMP","9795","1","5.4931640625","1","1000","-2000000","1120","184153","184153","0","2902","1336","1016"
"8","ALIGN_RAMP","9794","0","0","-1","-1000","-2000000","1280","184154","184154","0","2902","1336","926"
"9","ALIGN_RAMP","9796","2","10.986328125","2","2000","3000000","1440","184155","184155","0","2902","1336","836"
"10","ALIGN_RAMP","9791","-3","-16.4794921875","-5","-5000","-7000000","1600","184156","184156","0","2902","1336","746"
"11","ALIGN_RAMP","9794","0","0","3","3000","8000000","1760","184157","184157","0","2902","1336","656"
"12","ALIGN_RAMP","9794","0","0","0","0","-3000000","1920","184158","184158","0","2902","1336","566"
"13","ALIGN_RAMP","9794","0","0","0","0","0","2080","184159","184159","0","2902","1336","476"
"14","ALIGN_RAMP","9791","-3","-16.4794921875","-3","-3000","-3000000","2240","184160","184160","0","2902","1336","386"
"15","ALIGN_RAMP","9793","-1","-5.4931640625","2","2000","5000000","2400","184161","184161","0","2902","1336","296"
"16","ALIGN_RAMP","9794","0","0","1","1000","-1000000","2560","184162","184162","0","2902","1336","206"
"17","ALIGN_RAMP","9793","-1","-5.4931640625","-1","-1000","-2000000","2720","184163","184163","0","2902","1336","116"
"18","ALIGN_RAMP","9795","1","5.4931640625","2","2000","3000000","2880","184164","184164","0","2902","1336","26"
"19","ALIGN_RAMP","9793","-1","-5.4931640625","-2","-2000","-4000000","3040","184165","184165","0","2902","1336","2091"
"20","ALIGN_RAMP","9794","0","0","1","1000","3000000","3200","184166","184166","0","2902","1336","2001"
"21","ALIGN_RAMP","9796","2","10.986328125","2","2000","1000000","3360","184167","184167","0","2902","1336","1911"
"22","ALIGN_RAMP","9792","-2","-10.986328125","-4","-4000","-6000000","3520","184168","184168","0","2902","1336","1821"
"23","ALIGN_RAMP","9794","0","0","2","2000","6000000","3680","184169","184169","0","2902","1336","1731"
"24","ALIGN_RAMP","9791","-3","-16.4794921875","-3","-3000","-5000000","3840","184170","184170","0","2902","1336","1641"
"25","ALIGN_RAMP","9794","0","0","3","3000","6000000","4000","184171","184171","0","2902","1336","1551"
"26","ALIGN_RAMP","9794","0","0","0","0","-3000000","4160","184172","184172","0","2902","1336","1461"
"27","ALIGN_RAMP","9795","1","5.4931640625","1","1000","1000000","4320","184173","184173","0","2902","1336","1371"
"28","ALIGN_RAMP","9792","-2","-10.986328125","-3","-3000","-4000000","4480","184174","184174","0","2902","1336","1281"
"29","ALIGN_RAMP","9793","-1","-5.4931640625","1","1000","4000000","4640","184175","184175","0","2902","1336","1191"
"30","ALIGN_RAMP","9796","2","10.986328125","3","3000","2000000","4800","184176","184176","0","2902","1336","1101"
"31","ALIGN_RAMP","9792","-2","-10.986328125","-4","-4000","-7000000","4960","184177","184177","0","2902","1336","1011"
"32","ALIGN_RAMP","9796","2","10.986328125","4","4000","8000000","5120","184178","184178","0","2902","1336","921"
"33","ALIGN_RAMP","9794","0","0","-2","-2000","-6000000","5280","184179","184179","0","2902","1336","831"
"34","ALIGN_RAMP","9792","-2","-10.986328125","-2","-2000","0","5440","184180","184180","0","2902","1336","741"
"35","ALIGN_RAMP","9794","0","0","2","2000","4000000","5600","184181","184181","0","2902","1336","651"
"36","ALIGN_RAMP","9795","1","5.4931640625","1","1000","-1000000","5760","184182","184182","0","2902","1336","561"
"37","ALIGN_RAMP","9792","-2","-10.986328125","-3","-3000","-4000000","5920","184183","184183","0","2902","1336","471"
"38","ALIGN_RAMP","9793","-1","-5.4931640625","1","1000","4000000","6080","184184","184184","0","2902","1336","381"
"39","ALIGN_RAMP","9792","-2","-10.986328125","-1","-1000","-2000000","6240","184185","184185","0","2902","1336","291"
"40","ALIGN_RAMP","9799","5","27.4658203125","7","7000","8000000","6400","184186","184186","0","2902","1336","201"
"41","ALIGN_RAMP","9790","-4","-21.97265625","-9","-9000","-16000000","6560","184187","184187","0","2902","1336","111"
"42","ALIGN_RAMP","9796","2","10.986328125","6","6000","15000000","6720","184188","184188","0","2902","1336","21"
"43","ALIGN_RAMP","9796","2","10.986328125","0","0","-6000000","6880","184189","184189","0","2902","1336","2086"
"44","ALIGN_RAMP","9792","-2","-10.986328125","-4","-4000","-4000000","7040","184190","184190","0","2902","1336","1996"
"45","ALIGN_RAMP","9793","-1","-5.4931640625","1","1000","5000000","7200","184191","184191","0","2902","1336","1906"
"46","ALIGN_RAMP","9793","-1","-5.4931640625","0","0","-1000000","7360","184192","184192","0","2902","1336","1816"
"47","ALIGN_RAMP","9793","-1","-5.4931640625","0","0","0","7520","184193","184193","0","2902","1336","1726"
"48","ALIGN_RAMP","9795","1","5.4931640625","2","2000","2000000","7680","184194","184194","0","2902","1336","1636"
"49","ALIGN_RAMP","9793","-1","-5.4931640625","-2","-2000","-4000000","7840","184195","184195","0","2902","1336","1546"
"50","ALIGN_RAMP","9793","-1","-5.4931640625","0","0","2000000","8000","184196","184196","0","2902","1336","1456"
"51","ALIGN_RAMP","9792","-2","-10.986328125","-1","-1000","-1000000","8160","184197","184197","0","2902","1336","1366"
"52","ALIGN_RAMP","9796","2","10.986328125","4","4000","5000000","8320","184198","184198","0","2902","1336","1276"
"53","ALIGN_RAMP","9792","-2","-10.986328125","-4","-4000","-8000000","8480","184199","184199","0","2902","1336","1186"
"54","ALIGN_RAMP","9792","-2","-10.986328125","0","0","4000000","8640","184200","184200","0","2902","1336","1096"
"55","ALIGN_RAMP","9794","0","0","2","2000","2000000","8800","184201","184201","0","2902","1336","1006"
"56","ALIGN_RAMP","9793","-1","-5.4931640625","-1","-1000","-3000000","8960","184202","184202","0","2902","1336","916"
"57","ALIGN_RAMP","9794","0","0","1","1000","2000000","9120","184203","184203","0","2902","1336","826"
"58","ALIGN_RAMP","9797","3","16.4794921875","3","3000","2000000","9280","184204","184204","0","2902","1336","736"
"59","ALIGN_RAMP","9792","-2","-10.986328125","-5","-5000","-8000000","9440","184205","184205","0","2902","1336","646"
"60","ALIGN_RAMP","9797","3","16.4794921875","5","5000","10000000","9600","184206","184206","0","2902","1336","556"
"61","ALIGN_RAMP","9794","0","0","-3","-3000","-8000000","9760","184207","184207","0","2902","1336","466"
"62","ALIGN_RAMP","9791","-3","-16.4794921875","-3","-3000","0","9920","184208","184208","0","2902","1336","376"
"63","ALIGN_RAMP","9791","-3","-16.4794921875","0","0","3000000","10080","184209","184209","0","2902","1336","286"
"64","ALIGN_RAMP","9793","-1","-5.4931640625","2","2000","2000000","10240","184210","184210","0","2902","1336","196"
"65","ALIGN_RAMP","9792","-2","-10.986328125","-1","-1000","-3000000","10400","184211","184211","0","2902","1336","106"
"66","ALIGN_RAMP","9793","-1","-5.4931640625","1","1000","2000000","10560","184212","184212","0","2902","1336","16"
"67","ALIGN_RAMP","9794","0","0","1","1000","0","10720","184213","184213","0","2902","1336","2081"
"68","ALIGN_RAMP","9796","2","10.986328125","2","2000","1000000","10880","184214","184214","0","2902","1336","1991"
"69","ALIGN_RAMP","9797","3","16.4794921875","1","1000","-1000000","11040","184215","184215","0","2902","1336","1901"
"70","ALIGN_RAMP","9795","1","5.4931640625","-2","-2000","-3000000","11200","184216","184216","0","2902","1336","1811"
"71","ALIGN_RAMP","9794","0","0","-1","-1000","1000000","11360","184217","184217","0","2902","1336","1721"
"72","ALIGN_RAMP","9793","-1","-5.4931640625","-1","-1000","0","11520","184218","184218","0","2902","1336","1631"
"73","ALIGN_RAMP","9791","-3","-16.4794921875","-2","-2000","-1000000","11680","184219","184219","0","2902","1336","1541"
"74","ALIGN_RAMP","9795","1","5.4931640625","4","4000","6000000","11840","184220","184220","0","2902","1336","1451"
"75","ALIGN_RAMP","9792","-2","-10.986328125","-3","-3000","-7000000","12000","184221","184221","0","2902","1336","1361"
"76","ALIGN_RAMP","9796","2","10.986328125","4","4000","7000000","12160","184222","184222","0","2902","1336","1271"
"77","ALIGN_RAMP","9796","2","10.986328125","0","0","-4000000","12320","184223","184223","0","2902","1336","1181"
"78","ALIGN_RAMP","9792","-2","-10.986328125","-4","-4000","-4000000","12480","184224","184224","0","2902","1336","1091"
"79","ALIGN_RAMP","9793","-1","-5.4931640625","1","1000","5000000","12640","184225","184225","0","2902","1336","1001"
"80","ALIGN_RAMP","9793","-1","-5.4931640625","0","0","-1000000","12800","184226","184226","0","2902","1336","911"
"81","ALIGN_RAMP","9793","-1","-5.4931640625","0","0","0","12960","184227","184227","0","2902","1336","821"
"82","ALIGN_RAMP","9791","-3","-16.4794921875","-2","-2000","-2000000","13120","184228","184228","0","2902","1336","731"
"83","ALIGN_RAMP","9791","-3","-16.4794921875","0","0","2000000","13280","184229","184229","0","2902","1336","641"
"84","ALIGN_RAMP","9794","0","0","3","3000","3000000","13440","184230","184230","0","2902","1336","551"
"85","ALIGN_RAMP","9792","-2","-10.986328125","-2","-2000","-5000000","13600","184231","184231","0","2902","1336","461"
"86","ALIGN_RAMP","9792","-2","-10.986328125","0","0","2000000","13760","184232","184232","0","2902","1336","371"
"87","ALIGN_RAMP","9796","2","10.986328125","4","4000","4000000","13920","184233","184233","0","2902","1336","281"
"88","ALIGN_RAMP","9796","2","10.986328125","0","0","-4000000","14080","184234","184234","0","2902","1336","191"
"89","ALIGN_RAMP","9794","0","0","-2","-2000","-2000000","14240","184235","184235","0","2902","1336","101"
"90","ALIGN_RAMP","9792","-2","-10.986328125","-2","-2000","0","14400","184236","184236","0","2902","1336","11"
"91","ALIGN_RAMP","9796","2","10.986328125","4","4000","6000000","14560","184237","184237","0","2902","1336","2076"
"92","ALIGN_RAMP","9796","2","10.986328125","0","0","-4000000","14720","184238","184238","0","2902","1336","1986"
"93","ALIGN_RAMP","9795","1","5.4931640625","-1","-1000","-1000000","14880","184239","184239","0","2902","1336","1896"
"94","ALIGN_RAMP","9792","-2","-10.986328125","-3","-3000","-2000000","15040","184240","184240","0","2902","1336","1806"
"95","ALIGN_RAMP","9795","1","5.4931640625","3","3000","6000000","15200","184241","184241","0","2902","1336","1716"
"96","ALIGN_RAMP","9799","5","27.4658203125","4","4000","1000000","15360","184242","184242","0","2902","1336","1626"
"97","ALIGN_RAMP","9792","-2","-10.986328125","-7","-7000","-11000000","15520","184243","184243","0","2902","1336","1536"
"98","ALIGN_RAMP","9793","-1","-5.4931640625","1","1000","8000000","15680","184244","184244","0","2902","1336","1446"
"99","ALIGN_RAMP","9796","2","10.986328125","3","3000","2000000","15840","184245","184245","0","2902","1336","1356"
"100","ALIGN_RAMP","9792","-2","-10.986328125","-4","-4000","-7000000","16000","184246","184246","0","2902","1336","1266"
"101","ALIGN_RAMP","9794","0","0","2","2000","6000000","16160","184247","184247","0","2902","1336","1176"
"102","ALIGN_RAMP","9793","-1","-5.4931640625","-1","-1000","-3000000","16320","184248","184248","0","2902","1336","1086"
"103","ALIGN_RAMP","9794","0","0","1","1000","2000000","16480","184249","184249","0","2902","1336","996"
"104","ALIGN_RAMP","9797","3","16.4794921875","3","3000","2000000","16640","184250","184250","0","2902","1336","906"
"105","ALIGN_RAMP","9792","-2","-10.986328125","-5","-5000","-8000000","16800","184251","184251","0","2902","1336","816"
"106","ALIGN_RAMP","9792","-2","-10.986328125","0","0","5000000","16960","184252","184252","0","2902","1336","726"
"107","ALIGN_RAMP","9795","1","5.4931640625","3","3000","3000000","17120","184253","184253","0","2902","1336","636"
"108","ALIGN_RAMP","9797","3","16.4794921875","2","2000","-1000000","17280","184254","184254","0","2902","1336","546"
"109","ALIGN_RAMP","9793","-1","-5.4931640625","-4","-4000","-6000000","17440","184255","184255","0","2902","1336","456"
"110","ALIGN_RAMP","9794","0","0","1","1000","5000000","17600","184256","184256","0","2902","1336","366"
"111","ALIGN_RAMP","9796","2","10.986328125","2","2000","1000000","17760","184257","184257","0","2902","1336","276"
"112","ALIGN_RAMP","9792","-2","-10.986328125","-4","-4000","-6000000","17920","184258","184258","0","2902","1336","186"
"113","ALIGN_RAMP","9792","-2","-10.986328125","0","0","4000000","18080","184259","184259","0","2902","1336","96"
"114","ALIGN_RAMP","9794","0","0","2","2000","2000000","18240","184260","184260","0","2902","1336","6"
"115","ALIGN_RAMP","9795","1","5.4931640625","1","1000","-1000000","18400","184261","184261","0","2902","1336","2071"
"116","ALIGN_RAMP","9793","-1","-5.4931640625","-2","-2000","-3000000","18560","184262","184262","0","2902","1336","1981"
"117","ALIGN_RAMP","9794","0","0","1","1000","3000000","18720","184263","184263","0","2902","1336","1891"
"118","ALIGN_RAMP","9793","-1","-5.4931640625","-1","-1000","-2000000","18880","184264","184264","0","2902","1336","1801"
"119","ALIGN_RAMP","9796","2","10.986328125","3","3000","4000000","19040","184265","184265","0","2902","1336","1711"
"120","ALIGN_RAMP","9792","-2","-10.986328125","-4","-4000","-7000000","19200","184266","184266","0","2902","1336","1621"
"121","ALIGN_RAMP","9797","3","16.4794921875","5","5000","9000000","19360","184267","184267","0","2902","1336","1531"
"122","ALIGN_RAMP","9794","0","0","-3","-3000","-8000000","19520","184268","184268","0","2902","1336","1441"
"123","ALIGN_RAMP","9795","1","5.4931640625","1","1000","4000000","19680","184269","184269","0","2902","1336","1351"
"124","ALIGN_RAMP","9796","2","10.986328125","1","1000","0","19840","184270","184270","0","2902","1336","1261"
"125","ALIGN_RAMP","9792","-2","-10.986328125","-4","-4000","-5000000","20000","184271","184271","0","2902","1336","1171"
"126","ALIGN_RAMP","9796","2","10.986328125","4","4000","8000000","20160","184272","184272","0","2902","1336","1081"
"127","ALIGN_RAMP","9793","-1","-5.4931640625","-3","-3000","-7000000","20320","184273","184273","0","2902","1336","991"
"128","ALIGN_RAMP","9791","-3","-16.4794921875","-2","-2000","1000000","20480","184274","184274","0","2902","1336","901"
"129","ALIGN_RAMP","9793","-1","-5.4931640625","2","2000","4000000","20640","184275","184275","0","2902","1336","811"
"130","ALIGN_RAMP","9793","-1","-5.4931640625","0","0","-2000000","20800","184276","184276","0","2902","1336","721"
"131","ALIGN_RAMP","9793","-1","-5.4931640625","0","0","0","20960","184277","184277","0","2902","1336","631"
"132","ALIGN_RAMP","9794","0","0","1","1000","1000000","21120","184278","184278","0","2902","1336","541"
"133","ALIGN_RAMP","9790","-4","-21.97265625","-4","-4000","-5000000","21280","184279","184279","0","2902","1336","451"
"134","ALIGN_RAMP","9793","-1","-5.4931640625","3","3000","7000000","21440","184280","184280","0","2902","1336","361"
"135","ALIGN_RAMP","9793","-1","-5.4931640625","0","0","-3000000","21600","184281","184281","0","2902","1336","271"
"136","ALIGN_RAMP","9794","0","0","1","1000","1000000","21760","184282","184282","0","2902","1336","181"
"137","ALIGN_RAMP","9794","0","0","0","0","-1000000","21920","184283","184283","0","2902","1336","91"
"138","ALIGN_RAMP","9794","0","0","0","0","0","22080","184284","184284","0","2902","1336","1"
"139","ALIGN_RAMP","9793","-1","-5.4931640625","-1","-1000","-1000000","22240","184285","184285","0","2902","1336","2066"
"140","ALIGN_RAMP","9794","0","0","1","1000","2000000","22400","184286","184286","0","2902","1336","1976"
"141","ALIGN_RAMP","9794","0","0","0","0","-1000000","22560","184287","184287","0","2902","1336","1886"
"142","ALIGN_RAMP","9796","2","10.986328125","2","2000","2000000","22720","184288","184288","0","2902","1336","1796"
"143","ALIGN_RAMP","9793","-1","-5.4931640625","-3","-3000","-5000000","22880","184289","184289","0","2902","1336","1706"
"144","ALIGN_RAMP","9792","-2","-10.986328125","-1","-1000","2000000","23040","184290","184290","0","2902","1336","1616"
"145","ALIGN_RAMP","9793","-1","-5.4931640625","1","1000","2000000","23200","184291","184291","0","2902","1336","1526"
"146","ALIGN_RAMP","9792","-2","-10.986328125","-1","-1000","-2000000","23360","184292","184292","0","2902","1336","1436"
"147","ALIGN_RAMP","9792","-2","-10.986328125","0","0","1000000","23520","184293","184293","0","2902","1336","1346"
"148","ALIGN_RAMP","9790","-4","-21.97265625","-2","-2000","-2000000","23680","184294","184294","0","2902","1336","1256"
"149","ALIGN_RAMP","9794","0","0","4","4000","6000000","23840","184295","184295","0","2902","1336","1166"
"150","ALIGN_RAMP","9792","-2","-10.986328125","-2","-2000","-6000000","24000","184296","184296","0","2902","1336","1076"
"151","ALIGN_RAMP","9796","2","10.986328125","4","4000","6000000","24160","184297","184297","0","2902","1336","986"
"152","ALIGN_RAMP","9793","-1","-5.4931640625","-3","-3000","-7000000","24320","184298","184298","0","2902","1336","896"
"153","ALIGN_RAMP","9792","-2","-10.986328125","-1","-1000","2000000","24480","184299","184299","0","2902","1336","806"
"154","ALIGN_RAMP","9789","-5","-27.4658203125","-3","-3000","-2000000","24640","184300","184300","0","2902","1336","716"
"155","ALIGN_RAMP","9791","-3","-16.4794921875","2","2000","5000000","24800","184301","184301","0","2902","1336","626"
"156","ALIGN_RAMP","9794","0","0","3","3000","1000000","24960","184302","184302","0","2902","1336","536"
"157","ALIGN_RAMP","9791","-3","-16.4794921875","-3","-3000","-6000000","25120","184303","184303","0","2902","1336","446"
"158","ALIGN_RAMP","9793","-1","-5.4931640625","2","2000","5000000","25280","184304","184304","0","2902","1336","356"
"159","ALIGN_RAMP","9793","-1","-5.4931640625","0","0","-2000000","25440","184305","184305","0","2902","1336","266"
"160","ALIGN_RAMP","9789","-5","-27.4658203125","-4","-4000","-4000000","25600","184306","184306","0","2902","1336","176"
"161","ALIGN_RAMP","9791","-3","-16.4794921875","2","2000","6000000","25760","184307","184307","0","2902","1336","86"
"162","ALIGN_RAMP","9790","-4","-21.97265625","-1","-1000","-3000000","25920","184308","184308","0","2902","1336","2151"
"163","ALIGN_RAMP","9791","-3","-16.4794921875","1","1000","2000000","26080","184309","184309","0","2902","1336","2061"
"164","ALIGN_RAMP","9791","-3","-16.4794921875","0","0","-1000000","26240","184310","184310","0","2902","1336","1971"
"165","ALIGN_RAMP","9792","-2","-10.986328125","1","1000","1000000","26400","184311","184311","0","2902","1336","1881"
"166","ALIGN_RAMP","9792","-2","-10.986328125","0","0","-1000000","26560","184312","184312","0","2902","1336","1791"
"167","ALIGN_RAMP","9793","-1","-5.4931640625","1","1000","1000000","26720","184313","184313","0","2902","1336","1701"
"168","ALIGN_RAMP","9786","-8","-43.9453125","-7","-7000","-8000000","26880","184314","184314","0","2902","1336","1611"
"169","ALIGN_RAMP","9790","-4","-21.97265625","4","4000","11000000","27040","184315","184315","0","2902","1336","1521"
"170","ALIGN_RAMP","9790","-4","-21.97265625","0","0","-4000000","27200","184316","184316","0","2902","1336","1431"
"171","ALIGN_RAMP","9793","-1","-5.4931640625","3","3000","3000000","27360","184317","184317","0","2902","1336","1341"
"172","ALIGN_RAMP","9793","-1","-5.4931640625","0","0","-3000000","27520","184318","184318","0","2902","1336","1251"
"173","ALIGN_RAMP","9789","-5","-27.4658203125","-4","-4000","-4000000","27680","184319","184319","0","2902","1336","1161"
"174","ALIGN_RAMP","9792","-2","-10.986328125","3","3000","7000000","27840","184320","184320","0","2902","1336","1071"
"175","ALIGN_RAMP","9789","-5","-27.4658203125","-3","-3000","-6000000","28000","184321","184321","0","2902","1336","981"
"176","ALIGN_RAMP","9789","-5","-27.4658203125","0","0","3000000","28160","184322","184322","0","2902","1336","891"
"177","ALIGN_RAMP","9791","-3","-16.4794921875","2","2000","2000000","28320","184323","184323","0","2902","1336","801"
"178","ALIGN_RAMP","9792","-2","-10.986328125","1","1000","-1000000","28480","184324","184324","0","2902","1336","711"
"179","ALIGN_RAMP","9790","-4","-21.97265625","-2","-2000","-3000000","28640","184325","184325","0","2902","1336","621"
"180","ALIGN_RAMP","9791","-3","-16.4794921875","1","1000","3000000","28800","184326","184326","0","2902","1336","531"
"181","ALIGN_RAMP","9793","-1","-5.4931640625","2","2000","1000000","28960","184327","184327","0","2902","1336","441"
"182","ALIGN_RAMP","9787","-7","-38.4521484375","-6","-6000","-8000000","29120","184328","184328","0","2902","1336","351"
"183","ALIGN_RAMP","9790","-4","-21.97265625","3","3000","9000000","29280","184329","184329","0","2902","1336","261"
"184","ALIGN_RAMP","9790","-4","-21.97265625","0","0","-3000000","29440","184330","184330","0","2902","1336","171"
"185","ALIGN_RAMP","9789","-5","-27.4658203125","-1","-1000","-1000000","29600","184331","184331","0","2902","1336","81"
"186","ALIGN_RAMP","9791","-3","-16.4794921875","2","2000","3000000","29760","184332","184332","0","2902","1336","2146"
"187","ALIGN_RAMP","9790","-4","-21.97265625","-1","-1000","-3000000","29920","184333","184333","0","2902","1336","2056"
"188","ALIGN_RAMP","9792","-2","-10.986328125","2","2000","3000000","30080","184334","184334","0","2902","1336","1966"
"189","ALIGN_RAMP","9787","-7","-38.4521484375","-5","-5000","-7000000","30240","184335","184335","0","2902","1336","1876"
"190","ALIGN_RAMP","9789","-5","-27.4658203125","2","2000","7000000","30400","184336","184336","0","2902","1336","1786"
"191","ALIGN_RAMP","9789","-5","-27.4658203125","0","0","-2000000","30560","184337","184337","0","2902","1336","1696"
"192","ALIGN_RAMP","9793","-1","-5.4931640625","4","4000","4000000","30720","184338","184338","0","2902","1336","1606"
"193","ALIGN_RAMP","9787","-7","-38.4521484375","-6","-6000","-10000000","30880","184339","184339","0","2902","1336","1516"
"194","ALIGN_RAMP","9790","-4","-21.97265625","3","3000","9000000","31040","184340","184340","0","2902","1336","1426"
"195","ALIGN_RAMP","9787","-7","-38.4521484375","-3","-3000","-6000000","31200","184341","184341","0","2902","1336","1336"
"196","ALIGN_RAMP","9790","-4","-21.97265625","3","3000","6000000","31360","184342","184342","0","2902","1336","1246"
"197","ALIGN_RAMP","9791","-3","-16.4794921875","1","1000","-2000000","31520","184343","184343","0","2902","1336","1156"
"198","ALIGN_RAMP","9788","-6","-32.958984375","-3","-3000","-4000000","31680","184344","184344","0","2902","1336","1066"
"199","ALIGN_RAMP","9787","-7","-38.4521484375","-1","-1000","2000000","31840","184345","184345","0","2902","1336","976"
"200","ALIGN_RAMP","9787","-7","-38.4521484375","0","0","1000000","32000","184346","184346","0","2902","1336","952"
"201","ALIGN_RAMP","9789","-5","-27.4658203125","2","2000","2000000","32160","184347","184347","0","2902","1336","796"
"202","ALIGN_RAMP","9789","-5","-27.4658203125","0","0","-2000000","32320","184348","184348","0","2902","1336","706"
"203","ALIGN_RAMP","9789","-5","-27.4658203125","0","0","0","32480","184349","184349","0","2902","1336","616"
"204","ALIGN_RAMP","9787","-7","-38.4521484375","-2","-2000","-2000000","32640","184350","184350","0","2902","1336","526"
"205","ALIGN_RAMP","9788","-6","-32.958984375","1","1000","3000000","32800","184351","184351","0","2902","1336","436"
"206","ALIGN_RAMP","9784","-10","-54.931640625","-4","-4000","-5000000","32960","184352","184352","0","2902","1336","346"
"207","ALIGN_RAMP","9789","-5","-27.4658203125","5","5000","9000000","33120","184353","184353","0","2902","1336","256"
"208","ALIGN_RAMP","9785","-9","-49.4384765625","-4","-4000","-9000000","33280","184354","184354","0","2902","1336","166"
"209","ALIGN_RAMP","9789","-5","-27.4658203125","4","4000","8000000","33440","184355","184355","0","2902","1336","76"
"210","ALIGN_RAMP","9787","-7","-38.4521484375","-2","-2000","-6000000","33600","184356","184356","0","2902","1336","2141"
"211","ALIGN_RAMP","9786","-8","-43.9453125","-1","-1000","1000000","33760","184357","184357","0","2902","1336","2051"
"212","ALIGN_RAMP","9785","-9","-49.4384765625","-1","-1000","0","33920","184358","184358","0","2902","1336","1961"
"213","ALIGN_RAMP","9782","-12","-65.91796875","-3","-3000","-2000000","34080","184359","184359","0","2902","1336","1871"
"214","ALIGN_RAMP","9784","-10","-54.931640625","2","2000","5000000","34240","184360","184360","0","2902","1336","1781"
"215","ALIGN_RAMP","9786","-8","-43.9453125","2","2000","0","34400","184361","184361","0","2902","1336","1691"
"216","ALIGN_RAMP","9786","-8","-43.9453125","0","0","-2000000","34560","184362","184362","0","2902","1336","1601"
"217","ALIGN_RAMP","9786","-8","-43.9453125","0","0","0","34720","184363","184363","0","2902","1336","1511"
"218","ALIGN_RAMP","9784","-10","-54.931640625","-2","-2000","-2000000","34880","184364","184364","0","2902","1336","1421"
"219","ALIGN_RAMP","9781","-13","-71.4111328125","-3","-3000","-1000000","35040","184365","184365","0","2902","1336","1331"
"220","ALIGN_RAMP","9784","-10","-54.931640625","3","3000","6000000","35200","184366","184366","0","2902","1336","1241"
"221","ALIGN_RAMP","9783","-11","-60.4248046875","-1","-1000","-4000000","35360","184367","184367","0","2902","1336","1151"
"222","ALIGN_RAMP","9782","-12","-65.91796875","-1","-1000","0","35520","184368","184368","0","2902","1336","1061"
"223","ALIGN_RAMP","9786","-8","-43.9453125","4","4000","5000000","35680","184369","184369","0","2902","1336","971"
"224","ALIGN_RAMP","9781","-13","-71.4111328125","-5","-5000","-9000000","35840","184370","184370","0","2902","1336","881"
"225","ALIGN_RAMP","9784","-10","-54.931640625","3","3000","8000000","36000","184371","184371","0","2902","1336","791"
"226","ALIGN_RAMP","9778","-16","-87.890625","-6","-6000","-9000000","36160","184372","184372","0","2902","1336","701"
"227","ALIGN_RAMP","9782","-12","-65.91796875","4","4000","10000000","36320","184373","184373","0","2902","1336","611"
"228","ALIGN_RAMP","9779","-15","-82.3974609375","-3","-3000","-7000000","36480","184374","184374","0","2902","1336","521"
"229","ALIGN_RAMP","9779","-15","-82.3974609375","0","0","3000000","36640","184375","184375","0","2902","1336","431"
"230","ALIGN_RAMP","9778","-16","-87.890625","-1","-1000","-1000000","36800","184376","184376","0","2902","1336","341"
"231","ALIGN_RAMP","9780","-14","-76.904296875","2","2000","3000000","36960","184377","184377","0","2902","1336","251"
"232","ALIGN_RAMP","9779","-15","-82.3974609375","-1","-1000","-3000000","37120","184378","184378","0","2902","1336","161"
"233","ALIGN_RAMP","9778","-16","-87.890625","-1","-1000","0","37280","184379","184379","0","2902","1336","71"
"234","ALIGN_RAMP","9776","-18","-98.876953125","-2","-2000","-1000000","37440","184380","184380","0","2902","1336","2136"
"235","ALIGN_RAMP","9777","-17","-93.3837890625","1","1000","3000000","37600","184381","184381","0","2902","1336","2046"
"236","ALIGN_RAMP","9776","-18","-98.876953125","-1","-1000","-2000000","37760","184382","184382","0","2902","1336","1956"
"237","ALIGN_RAMP","9775","-19","-104.3701171875","-1","-1000","0","37920","184383","184383","0","2902","1336","1866"
"238","ALIGN_RAMP","9774","-20","-109.86328125","-1","-1000","0","38080","184384","184384","0","2902","1336","1776"
"239","ALIGN_RAMP","9774","-20","-109.86328125","0","0","1000000","38240","184385","184385","0","2902","1336","1686"
"240","ALIGN_RAMP","9772","-22","-120.849609375","-2","-2000","-2000000","38400","184386","184386","0","2902","1336","1596"
"241","ALIGN_RAMP","9772","-22","-120.849609375","0","0","2000000","38560","184387","184387","0","2902","1336","1506"
"242","ALIGN_RAMP","9771","-23","-126.3427734375","-1","-1000","-1000000","38720","184388","184388","0","2902","1336","1416"
"243","ALIGN_RAMP","9772","-22","-120.849609375","1","1000","2000000","38880","184389","184389","0","2902","1336","1326"
"244","ALIGN_RAMP","9770","-24","-131.8359375","-2","-2000","-3000000","39040","184390","184390","0","2902","1336","1236"
"245","ALIGN_RAMP","9773","-21","-115.3564453125","3","3000","5000000","39200","184391","184391","0","2902","1336","1146"
"246","ALIGN_RAMP","9766","-28","-153.80859375","-7","-7000","-10000000","39360","184392","184392","0","2902","1336","1056"
"247","ALIGN_RAMP","9769","-25","-137.3291015625","3","3000","10000000","39520","184393","184393","0","2902","1336","966"
"248","ALIGN_RAMP","9767","-27","-148.3154296875","-2","-2000","-5000000","39680","184394","184394","0","2902","1336","876"
"249","ALIGN_RAMP","9767","-27","-148.3154296875","0","0","2000000","39840","184395","184395","0","2902","1336","786"
"250","ALIGN_RAMP","9766","-28","-153.80859375","-1","-1000","-1000000","40000","184396","184396","0","2902","1336","696"
"251","ALIGN_RAMP","9765","-29","-159.3017578125","-1","-1000","0","40160","184397","184397","0","2902","1336","606"
"252","ALIGN_RAMP","9765","-29","-159.3017578125","0","0","1000000","40320","184398","184398","0","2902","1336","516"
"253","ALIGN_RAMP","9760","-34","-186.767578125","-5","-5000","-5000000","40480","184399","184399","0","2902","1336","426"
"254","ALIGN_RAMP","9761","-33","-181.2744140625","1","1000","6000000","40640","184400","184400","0","2902","1336","336"
"255","ALIGN_RAMP","9761","-33","-181.2744140625","0","0","-1000000","40800","184401","184401","0","2902","1336","246"
"256","ALIGN_RAMP","9760","-34","-186.767578125","-1","-1000","-1000000","40960","184402","184402","0","2902","1336","156"
"257","ALIGN_RAMP","9760","-34","-186.767578125","0","0","1000000","41120","184403","184403","0","2902","1336","66"
"258","ALIGN_RAMP","9761","-33","-181.2744140625","1","1000","1000000","41280","184404","184404","0","2902","1336","2131"
"259","ALIGN_RAMP","9761","-33","-181.2744140625","0","0","-1000000","41440","184405","184405","0","2902","1336","2041"
"260","ALIGN_RAMP","9758","-36","-197.75390625","-3","-3000","-3000000","41600","184406","184406","0","2902","1336","1951"
"261","ALIGN_RAMP","9758","-36","-197.75390625","0","0","3000000","41760","184407","184407","0","2902","1336","1861"
"262","ALIGN_RAMP","9756","-38","-208.740234375","-2","-2000","-2000000","41920","184408","184408","0","2902","1336","1771"
"263","ALIGN_RAMP","9758","-36","-197.75390625","2","2000","4000000","42080","184409","184409","0","2902","1336","1681"
"264","ALIGN_RAMP","9757","-37","-203.2470703125","-1","-1000","-3000000","42240","184410","184410","0","2902","1336","1591"
"265","ALIGN_RAMP","9757","-37","-203.2470703125","0","0","1000000","42400","184411","184411","0","2902","1336","1501"
"266","ALIGN_RAMP","9756","-38","-208.740234375","-1","-1000","-1000000","42560","184412","184412","0","2902","1336","1411"
"267","ALIGN_RAMP","9751","-43","-236.2060546875","-5","-5000","-4000000","42720","184413","184413","0","2902","1336","1321"
"268","ALIGN_RAMP","9753","-41","-225.2197265625","2","2000","7000000","42880","184414","184414","0","2902","1336","1231"
"269","ALIGN_RAMP","9751","-43","-236.2060546875","-2","-2000","-4000000","43040","184415","184415","0","2902","1336","1141"
"270","ALIGN_RAMP","9752","-42","-230.712890625","1","1000","3000000","43200","184416","184416","0","2902","1336","1051"
"271","ALIGN_RAMP","9752","-42","-230.712890625","0","0","-1000000","43360","184417","184417","0","2902","1336","961"
"272","ALIGN_RAMP","9757","-37","-203.2470703125","5","5000","5000000","43520","184418","184418","0","2902","1336","871"
"273","ALIGN_RAMP","9751","-43","-236.2060546875","-6","-6000","-11000000","43680","184419","184419","0","2902","1336","781"
"274","ALIGN_RAMP","9748","-46","-252.685546875","-3","-3000","3000000","43840","184420","184420","0","2902","1336","691"
"275","ALIGN_RAMP","9751","-43","-236.2060546875","3","3000","6000000","44000","184421","184421","0","2902","1336","601"
"276","ALIGN_RAMP","9748","-46","-252.685546875","-3","-3000","-6000000","44160","184422","184422","0","2902","1336","511"
"277","ALIGN_RAMP","9749","-45","-247.1923828125","1","1000","4000000","44320","184423","184423","0","2902","1336","421"
"278","ALIGN_RAMP","9747","-47","-258.1787109375","-2","-2000","-3000000","44480","184424","184424","0","2902","1336","331"
"279","ALIGN_RAMP","9749","-45","-247.1923828125","2","2000","4000000","44640","184425","184425","0","2902","1336","241"
"280","ALIGN_RAMP","9745","-49","-269.1650390625","-4","-4000","-6000000","44800","184426","184426","0","2902","1336","151"
"281","ALIGN_RAMP","9744","-50","-274.658203125","-1","-1000","3000000","44960","184427","184427","0","2902","1336","61"
"282","ALIGN_RAMP","9743","-51","-280.1513671875","-1","-1000","0","45120","184428","184428","0","2902","1336","2126"
"283","ALIGN_RAMP","9745","-49","-269.1650390625","2","2000","3000000","45280","184429","184429","0","2902","1336","2036"
"284","ALIGN_RAMP","9742","-52","-285.64453125","-3","-3000","-5000000","45440","184430","184430","0","2902","1336","1946"
"285","ALIGN_RAMP","9742","-52","-285.64453125","0","0","3000000","45600","184431","184431","0","2902","1336","1856"
"286","ALIGN_RAMP","9743","-51","-280.1513671875","1","1000","1000000","45760","184432","184432","0","2902","1336","1766"
"287","ALIGN_RAMP","9744","-50","-274.658203125","1","1000","0","45920","184433","184433","0","2902","1336","1676"
"288","ALIGN_RAMP","9741","-53","-291.1376953125","-3","-3000","-4000000","46080","184434","184434","0","2902","1336","1586"
"289","ALIGN_RAMP","9740","-54","-296.630859375","-1","-1000","2000000","46240","184435","184435","0","2902","1336","1496"
"290","ALIGN_RAMP","9741","-53","-291.1376953125","1","1000","2000000","46400","184436","184436","0","2902","1336","1406"
"291","ALIGN_RAMP","9741","-53","-291.1376953125","0","0","-1000000","46560","184437","184437","0","2902","1336","1316"
"292","ALIGN_RAMP","9739","-55","-302.1240234375","-2","-2000","-2000000","46720","184438","184438","0","2902","1336","1226"
"293","ALIGN_RAMP","9737","-57","-313.1103515625","-2","-2000","0","46880","184439","184439","0","2902","1336","1136"
"294","ALIGN_RAMP","9737","-57","-313.1103515625","0","0","2000000","47040","184440","184440","0","2902","1336","1046"
"295","ALIGN_RAMP","9738","-56","-307.6171875","1","1000","1000000","47200","184441","184441","0","2902","1336","956"
"296","ALIGN_RAMP","9735","-59","-324.0966796875","-3","-3000","-4000000","47360","184442","184442","0","2902","1336","866"
"297","ALIGN_RAMP","9738","-56","-307.6171875","3","3000","6000000","47520","184443","184443","0","2902","1336","776"
"298","ALIGN_RAMP","9737","-57","-313.1103515625","-1","-1000","-4000000","47680","184444","184444","0","2902","1336","686"
"299","ALIGN_RAMP","9736","-58","-318.603515625","-1","-1000","0","47840","184445","184445","0","2902","1336","596"
"300","ALIGN_RAMP","9732","-62","-340.576171875","-4","-4000","-3000000","48000","184446","184446","0","2902","1336","506"
"301","ALIGN_RAMP","9732","-62","-340.576171875","0","0","4000000","48160","184447","184447","0","2902","1336","416"
"302","ALIGN_RAMP","9737","-57","-313.1103515625","5","5000","5000000","48320","184448","184448","0","2902","1336","326"
"303","ALIGN_RAMP","9730","-64","-351.5625","-7","-7000","-12000000","48480","184449","184449","0","2902","1336","236"
"304","ALIGN_RAMP","9732","-62","-340.576171875","2","2000","9000000","48640","184450","184450","0","2902","1336","146"
"305","ALIGN_RAMP","9733","-61","-335.0830078125","1","1000","-1000000","48800","184451","184451","0","2902","1336","56"
"306","ALIGN_RAMP","9730","-64","-351.5625","-3","-3000","-4000000","48960","184452","184452","0","2902","1336","2121"
"307","ALIGN_RAMP","9730","-64","-351.5625","0","0","3000000","49120","184453","184453","0","2902","1336","2031"
"308","ALIGN_RAMP","9729","-65","-357.0556640625","-1","-1000","-1000000","49280","184454","184454","0","2902","1336","1941"
"309","ALIGN_RAMP","9729","-65","-357.0556640625","0","0","1000000","49440","184455","184455","0","2902","1336","1851"
"310","ALIGN_RAMP","9729","-65","-357.0556640625","0","0","0","49600","184456","184456","0","2902","1336","1761"
"311","ALIGN_RAMP","9727","-67","-368.0419921875","-2","-2000","-2000000","49760","184457","184457","0","2902","1336","1671"
"312","ALIGN_RAMP","9733","-61","-335.0830078125","6","6000","8000000","49920","184458","184458","0","2902","1336","1581"
"313","ALIGN_RAMP","9727","-67","-368.0419921875","-6","-6000","-12000000","50080","184459","184459","0","2902","1336","1491"
"314","ALIGN_RAMP","9728","-66","-362.548828125","1","1000","7000000","50240","184460","184460","0","2902","1336","1401"
"315","ALIGN_RAMP","9728","-66","-362.548828125","0","0","-1000000","50400","184461","184461","0","2902","1336","1311"
"316","ALIGN_RAMP","9727","-67","-368.0419921875","-1","-1000","-1000000","50560","184462","184462","0","2902","1336","1221"
"317","ALIGN_RAMP","9727","-67","-368.0419921875","0","0","1000000","50720","184463","184463","0","2902","1336","1131"
"318","ALIGN_RAMP","9728","-66","-362.548828125","1","1000","1000000","50880","184464","184464","0","2902","1336","1041"
"319","ALIGN_RAMP","9729","-65","-357.0556640625","1","1000","0","51040","184465","184465","0","2902","1336","951"
"320","ALIGN_RAMP","9726","-68","-373.53515625","-3","-3000","-4000000","51200","184466","184466","0","2902","1336","861"
"321","ALIGN_RAMP","9727","-67","-368.0419921875","1","1000","4000000","51360","184467","184467","0","2902","1336","771"
"322","ALIGN_RAMP","9726","-68","-373.53515625","-1","-1000","-2000000","51520","184468","184468","0","2902","1336","681"
"323","ALIGN_RAMP","9728","-66","-362.548828125","2","2000","3000000","51680","184469","184469","0","2902","1336","591"
"324","ALIGN_RAMP","9728","-66","-362.548828125","0","0","-2000000","51840","184470","184470","0","2902","1336","501"
"325","ALIGN_RAMP","9727","-67","-368.0419921875","-1","-1000","-1000000","52000","184471","184471","0","2902","1336","411"
"326","ALIGN_RAMP","9728","-66","-362.548828125","1","1000","2000000","52160","184472","184472","0","2902","1336","321"
"327","ALIGN_RAMP","9725","-69","-379.0283203125","-3","-3000","-4000000","52320","184473","184473","0","2902","1336","231"
"328","ALIGN_RAMP","9726","-68","-373.53515625","1","1000","4000000","52480","184474","184474","0","2902","1336","141"
"329","ALIGN_RAMP","9726","-68","-373.53515625","0","0","-1000000","52640","184475","184475","0","2902","1336","51"
"330","ALIGN_RAMP","9725","-69","-379.0283203125","-1","-1000","-1000000","52800","184476","184476","0","2902","1336","2116"
"331","ALIGN_RAMP","9725","-69","-379.0283203125","0","0","1000000","52960","184477","184477","0","2902","1336","2026"
"332","ALIGN_RAMP","9722","-72","-395.5078125","-3","-3000","-3000000","53120","184478","184478","0","2902","1336","1936"
"333","ALIGN_RAMP","9726","-68","-373.53515625","4","4000","7000000","53280","184479","184479","0","2902","1336","1846"
"334","ALIGN_RAMP","9726","-68","-373.53515625","0","0","-4000000","53440","184480","184480","0","2902","1336","1756"
"335","ALIGN_RAMP","9726","-68","-373.53515625","0","0","0","53600","184481","184481","0","2902","1336","1666"
"336","ALIGN_RAMP","9723","-71","-390.0146484375","-3","-3000","-3000000","53760","184482","184482","0","2902","1336","1576"
"337","ALIGN_RAMP","9722","-72","-395.5078125","-1","-1000","2000000","53920","184483","184483","0","2902","1336","1486"
"338","ALIGN_RAMP","9722","-72","-395.5078125","0","0","1000000","54080","184484","184484","0","2902","1336","1396"
"339","ALIGN_RAMP","9722","-72","-395.5078125","0","0","0","54240","184485","184485","0","2902","1336","1306"
"340","ALIGN_RAMP","9719","-75","-411.9873046875","-3","-3000","-3000000","54400","184486","184486","0","2902","1336","1216"
"341","ALIGN_RAMP","9720","-74","-406.494140625","1","1000","4000000","54560","184487","184487","0","2902","1336","1126"
"342","ALIGN_RAMP","9719","-75","-411.9873046875","-1","-1000","-2000000","54720","184488","184488","0","2902","1336","1036"
"343","ALIGN_RAMP","9717","-77","-422.9736328125","-2","-2000","-1000000","54880","184489","184489","0","2902","1336","946"
"344","ALIGN_RAMP","9720","-74","-406.494140625","3","3000","5000000","55040","184490","184490","0","2902","1336","856"
"345","ALIGN_RAMP","9724","-70","-384.521484375","4","4000","1000000","55200","184491","184491","0","2902","1336","766"
"346","ALIGN_RAMP","9720","-74","-406.494140625","-4","-4000","-8000000","55360","184492","184492","0","2902","1336","676"
"347","ALIGN_RAMP","9718","-76","-417.48046875","-2","-2000","2000000","55520","184493","184493","0","2902","1336","586"
"348","ALIGN_RAMP","9718","-76","-417.48046875","0","0","2000000","55680","184494","184494","0","2902","1336","496"
"349","ALIGN_RAMP","9716","-78","-428.466796875","-2","-2000","-2000000","55840","184495","184495","0","2902","1336","406"
"350","ALIGN_RAMP","9717","-77","-422.9736328125","1","1000","3000000","56000","184496","184496","0","2902","1336","316"
"351","ALIGN_RAMP","9718","-76","-417.48046875","1","1000","0","56160","184497","184497","0","2902","1336","226"
"352","ALIGN_RAMP","9719","-75","-411.9873046875","1","1000","0","56320","184498","184498","0","2902","1336","136"
"353","ALIGN_RAMP","9715","-79","-433.9599609375","-4","-4000","-5000000","56480","184499","184499","0","2902","1336","46"
"354","ALIGN_RAMP","9713","-81","-444.9462890625","-2","-2000","2000000","56640","184500","184500","0","2902","1336","2111"
"355","ALIGN_RAMP","9715","-79","-433.9599609375","2","2000","4000000","56800","184501","184501","0","2902","1336","2021"
"356","ALIGN_RAMP","9712","-82","-450.439453125","-3","-3000","-5000000","56960","184502","184502","0","2902","1336","1931"
"357","ALIGN_RAMP","9712","-82","-450.439453125","0","0","3000000","57120","184503","184503","0","2902","1336","1841"
"358","ALIGN_RAMP","9714","-80","-439.453125","2","2000","2000000","57280","184504","184504","0","2902","1336","1751"
"359","ALIGN_RAMP","9712","-82","-450.439453125","-2","-2000","-4000000","57440","184505","184505","0","2902","1336","1661"
"360","ALIGN_RAMP","9715","-79","-433.9599609375","3","3000","5000000","57600","184506","184506","0","2902","1336","1571"
"361","ALIGN_RAMP","9711","-83","-455.9326171875","-4","-4000","-7000000","57760","184507","184507","0","2902","1336","1481"
"362","ALIGN_RAMP","9713","-81","-444.9462890625","2","2000","6000000","57920","184508","184508","0","2902","1336","1391"
"363","ALIGN_RAMP","9713","-81","-444.9462890625","0","0","-2000000","58080","184509","184509","0","2902","1336","1301"
"364","ALIGN_RAMP","9714","-80","-439.453125","1","1000","1000000","58240","184510","184510","0","2902","1336","1211"
"365","ALIGN_RAMP","9711","-83","-455.9326171875","-3","-3000","-4000000","58400","184511","184511","0","2902","1336","1121"
"366","ALIGN_RAMP","9707","-87","-477.9052734375","-4","-4000","-1000000","58560","184512","184512","0","2902","1336","1031"
"367","ALIGN_RAMP","9712","-82","-450.439453125","5","5000","9000000","58720","184513","184513","0","2902","1336","941"
"368","ALIGN_RAMP","9708","-86","-472.412109375","-4","-4000","-9000000","58880","184514","184514","0","2902","1336","851"
"369","ALIGN_RAMP","9709","-85","-466.9189453125","1","1000","5000000","59040","184515","184515","0","2902","1336","761"
"370","ALIGN_RAMP","9708","-86","-472.412109375","-1","-1000","-2000000","59200","184516","184516","0","2902","1336","671"
"371","ALIGN_RAMP","9711","-83","-455.9326171875","3","3000","4000000","59360","184517","184517","0","2902","1336","581"
"372","ALIGN_RAMP","9713","-81","-444.9462890625","2","2000","-1000000","59520","184518","184518","0","2902","1336","491"
"373","ALIGN_RAMP","9706","-88","-483.3984375","-7","-7000","-9000000","59680","184519","184519","0","2902","1336","401"
"374","ALIGN_RAMP","9707","-87","-477.9052734375","1","1000","8000000","59840","184520","184520","0","2902","1336","311"
"375","ALIGN_RAMP","9708","-86","-472.412109375","1","1000","0","60000","184521","184521","0","2902","1336","221"
"376","ALIGN_RAMP","9708","-86","-472.412109375","0","0","-1000000","60160","184522","184522","0","2902","1336","131"
"377","ALIGN_RAMP","9706","-88","-483.3984375","-2","-2000","-2000000","60320","184523","184523","0","2902","1336","41"
"378","ALIGN_RAMP","9709","-85","-466.9189453125","3","3000","5000000","60480","184524","184524","0","2902","1336","2106"
"379","ALIGN_RAMP","9707","-87","-477.9052734375","-2","-2000","-5000000","60640","184525","184525","0","2902","1336","2016"
"380","ALIGN_RAMP","9705","-89","-488.8916015625","-2","-2000","0","60800","184526","184526","0","2902","1336","1926"
"381","ALIGN_RAMP","9707","-87","-477.9052734375","2","2000","4000000","60960","184527","184527","0","2902","1336","1836"
"382","ALIGN_RAMP","9707","-87","-477.9052734375","0","0","-2000000","61120","184528","184528","0","2902","1336","1746"
"383","ALIGN_RAMP","9704","-90","-494.384765625","-3","-3000","-3000000","61280","184529","184529","0","2902","1336","1656"
"384","ALIGN_RAMP","9706","-88","-483.3984375","2","2000","5000000","61440","184530","184530","0","2902","1336","1566"
"385","ALIGN_RAMP","9706","-88","-483.3984375","0","0","-2000000","61600","184531","184531","0","2902","1336","1476"
"386","ALIGN_RAMP","9707","-87","-477.9052734375","1","1000","1000000","61760","184532","184532","0","2902","1336","1386"
"387","ALIGN_RAMP","9706","-88","-483.3984375","-1","-1000","-2000000","61920","184533","184533","0","2902","1336","1296"
"388","ALIGN_RAMP","9704","-90","-494.384765625","-2","-2000","-1000000","62080","184534","184534","0","2902","1336","1206"
"389","ALIGN_RAMP","9701","-93","-510.8642578125","-3","-3000","-1000000","62240","184535","184535","0","2902","1336","1116"
"390","ALIGN_RAMP","9707","-87","-477.9052734375","6","6000","9000000","62400","184536","184536","0","2902","1336","1026"
"391","ALIGN_RAMP","9706","-88","-483.3984375","-1","-1000","-7000000","62560","184537","184537","0","2902","1336","936"
"392","ALIGN_RAMP","9706","-88","-483.3984375","0","0","1000000","62720","184538","184538","0","2902","1336","846"
"393","ALIGN_RAMP","9706","-88","-483.3984375","0","0","0","62880","184539","184539","0","2902","1336","756"
"394","ALIGN_RAMP","9707","-87","-477.9052734375","1","1000","1000000","63040","184540","184540","0","2902","1336","666"
"395","ALIGN_RAMP","9704","-90","-494.384765625","-3","-3000","-4000000","63200","184541","184541","0","2902","1336","576"
"396","ALIGN_RAMP","9701","-93","-510.8642578125","-3","-3000","0","63360","184542","184542","0","2902","1336","486"
"397","ALIGN_RAMP","9698","-96","-527.34375","-3","-3000","0","63520","184543","184543","0","2902","1336","396"
"398","ALIGN_RAMP","9703","-91","-499.8779296875","5","5000","8000000","63680","184544","184544","0","2902","1336","306"
"399","ALIGN_RAMP","9700","-94","-516.357421875","-3","-3000","-8000000","63840","184545","184545","0","2902","1336","216"
"400","ALIGN_RAMP","9700","-94","-516.357421875","0","0","3000000","64000","184546","184546","0","2902","1336","192"
"401","ALIGN_RAMP","9701","-93","-510.8642578125","1","1000","1000000","64160","184547","184547","0","2902","1336","36"
"402","ALIGN_RAMP","9699","-95","-521.8505859375","-2","-2000","-3000000","64320","184548","184548","0","2902","1336","2101"
"403","ALIGN_RAMP","9703","-91","-499.8779296875","4","4000","6000000","64480","184549","184549","0","2902","1336","2011"
"404","ALIGN_RAMP","9697","-97","-532.8369140625","-6","-6000","-10000000","64640","184550","184550","0","2902","1336","1921"
"405","ALIGN_RAMP","9700","-94","-516.357421875","3","3000","9000000","64800","184551","184551","0","2902","1336","1831"
"406","ALIGN_RAMP","9701","-93","-510.8642578125","1","1000","-2000000","64960","184552","184552","0","2902","1336","1741"
"407","ALIGN_RAMP","9699","-95","-521.8505859375","-2","-2000","-3000000","65120","184553","184553","0","2902","1336","1651"
"408","ALIGN_RAMP","9700","-94","-516.357421875","1","1000","3000000","65280","184554","184554","0","2902","1336","1561"
"409","ALIGN_RAMP","9699","-95","-521.8505859375","-1","-1000","-2000000","65440","184555","184555","0","2902","1336","1471"
"410","ALIGN_RAMP","9698","-96","-527.34375","-1","-1000","0","65600","184556","184556","0","2902","1336","1381"
"411","ALIGN_RAMP","9698","-96","-527.34375","0","0","1000000","65760","184557","184557","0","2902","1336","1291"
"412","ALIGN_RAMP","9700","-94","-516.357421875","2","2000","2000000","65920","184558","184558","0","2902","1336","1201"
"413","ALIGN_RAMP","9697","-97","-532.8369140625","-3","-3000","-5000000","66080","184559","184559","0","2902","1336","1111"
"414","ALIGN_RAMP","9699","-95","-521.8505859375","2","2000","5000000","66240","184560","184560","0","2902","1336","1021"
"415","ALIGN_RAMP","9700","-94","-516.357421875","1","1000","-1000000","66400","184561","184561","0","2902","1336","931"
"416","ALIGN_RAMP","9697","-97","-532.8369140625","-3","-3000","-4000000","66560","184562","184562","0","2902","1336","841"
"417","ALIGN_RAMP","9698","-96","-527.34375","1","1000","4000000","66720","184563","184563","0","2902","1336","751"
"418","ALIGN_RAMP","9697","-97","-532.8369140625","-1","-1000","-2000000","66880","184564","184564","0","2902","1336","661"
"419","ALIGN_RAMP","9697","-97","-532.8369140625","0","0","1000000","67040","184565","184565","0","2902","1336","571"
"420","ALIGN_RAMP","9698","-96","-527.34375","1","1000","1000000","67200","184566","184566","0","2902","1336","481"
"421","ALIGN_RAMP","9695","-99","-543.8232421875","-3","-3000","-4000000","67360","184567","184567","0","2902","1336","391"
"422","ALIGN_RAMP","9697","-97","-532.8369140625","2","2000","5000000","67520","184568","184568","0","2902","1336","301"
"423","ALIGN_RAMP","9695","-99","-543.8232421875","-2","-2000","-4000000","67680","184569","184569","0","2902","1336","211"
"424","ALIGN_RAMP","9697","-97","-532.8369140625","2","2000","4000000","67840","184570","184570","0","2902","1336","121"
"425","ALIGN_RAMP","9695","-99","-543.8232421875","-2","-2000","-4000000","68000","184571","184571","0","2902","1336","31"
"426","ALIGN_RAMP","9696","-98","-538.330078125","1","1000","3000000","68160","184572","184572","0","2902","1336","2096"
"427","ALIGN_RAMP","9696","-98","-538.330078125","0","0","-1000000","68320","184573","184573","0","2902","1336","2006"
"428","ALIGN_RAMP","9697","-97","-532.8369140625","1","1000","1000000","68480","184574","184574","0","2902","1336","1916"
"429","ALIGN_RAMP","9697","-97","-532.8369140625","0","0","-1000000","68640","184575","184575","0","2902","1336","1826"
"430","ALIGN_RAMP","9695","-99","-543.8232421875","-2","-2000","-2000000","68800","184576","184576","0","2902","1336","1736"
"431","ALIGN_RAMP","9696","-98","-538.330078125","1","1000","3000000","68960","184577","184577","0","2902","1336","1646"
"432","ALIGN_RAMP","9695","-99","-543.8232421875","-1","-1000","-2000000","69120","184578","184578","0","2902","1336","1556"
"433","ALIGN_RAMP","9695","-99","-543.8232421875","0","0","1000000","69280","184579","184579","0","2902","1336","1466"
"434","ALIGN_RAMP","9694","-100","-549.31640625","-1","-1000","-1000000","69440","184580","184580","0","2902","1336","1376"
"435","ALIGN_RAMP","9695","-99","-543.8232421875","1","1000","2000000","69600","184581","184581","0","2902","1336","1286"
"436","ALIGN_RAMP","9695","-99","-543.8232421875","0","0","-1000000","69760","184582","184582","0","2902","1336","1196"
"437","ALIGN_RAMP","9695","-99","-543.8232421875","0","0","0","69920","184583","184583","0","2902","1336","1106"
"438","ALIGN_RAMP","9696","-98","-538.330078125","1","1000","1000000","70080","184584","184584","0","2902","1336","1016"
"439","ALIGN_RAMP","9697","-97","-532.8369140625","1","1000","0","70240","184585","184585","0","2902","1336","926"
"440","ALIGN_RAMP","9693","-101","-554.8095703125","-4","-4000","-5000000","70400","184586","184586","0","2902","1336","836"
"441","ALIGN_RAMP","9694","-100","-549.31640625","1","1000","5000000","70560","184587","184587","0","2902","1336","746"
"442","ALIGN_RAMP","9695","-99","-543.8232421875","1","1000","0","70720","184588","184588","0","2902","1336","656"
"443","ALIGN_RAMP","9695","-99","-543.8232421875","0","0","-1000000","70880","184589","184589","0","2902","1336","566"
"444","ALIGN_RAMP","9690","-104","-571.2890625","-5","-5000","-5000000","71040","184590","184590","0","2902","1336","476"
"445","ALIGN_RAMP","9693","-101","-554.8095703125","3","3000","8000000","71200","184591","184591","0","2902","1336","386"
"446","ALIGN_RAMP","9693","-101","-554.8095703125","0","0","-3000000","71360","184592","184592","0","2902","1336","296"
"447","ALIGN_RAMP","9689","-105","-576.7822265625","-4","-4000","-4000000","71520","184593","184593","0","2902","1336","206"
"448","ALIGN_RAMP","9693","-101","-554.8095703125","4","4000","8000000","71680","184594","184594","0","2902","1336","116"
"449","ALIGN_RAMP","9689","-105","-576.7822265625","-4","-4000","-8000000","71840","184595","184595","0","2902","1336","26"
"450","ALIGN_RAMP","9691","-103","-565.7958984375","2","2000","6000000","72000","184596","184596","0","2902","1336","2091"
"451","ALIGN_RAMP","9689","-105","-576.7822265625","-2","-2000","-4000000","72160","184597","184597","0","2902","1336","2001"
"452","ALIGN_RAMP","9694","-100","-549.31640625","5","5000","7000000","72320","184598","184598","0","2902","1336","1911"
"453","ALIGN_RAMP","9691","-103","-565.7958984375","-3","-3000","-8000000","72480","184599","184599","0","2902","1336","1821"
"454","ALIGN_RAMP","9691","-103","-565.7958984375","0","0","3000000","72640","184600","184600","0","2902","1336","1731"
"455","ALIGN_RAMP","9694","-100","-549.31640625","3","3000","3000000","72800","184601","184601","0","2902","1336","1641"
"456","ALIGN_RAMP","9689","-105","-576.7822265625","-5","-5000","-8000000","72960","184602","184602","0","2902","1336","1551"
"457","ALIGN_RAMP","9690","-104","-571.2890625","1","1000","6000000","73120","184603","184603","0","2902","1336","1461"
"458","ALIGN_RAMP","9690","-104","-571.2890625","0","0","-1000000","73280","184604","184604","0","2902","1336","1371"
"459","ALIGN_RAMP","9687","-107","-587.7685546875","-3","-3000","-3000000","73440","184605","184605","0","2902","1336","1281"
"460","ALIGN_RAMP","9689","-105","-576.7822265625","2","2000","5000000","73600","184606","184606","0","2902","1336","1191"
"461","ALIGN_RAMP","9688","-106","-582.275390625","-1","-1000","-3000000","73760","184607","184607","0","2902","1336","1101"
"462","ALIGN_RAMP","9688","-106","-582.275390625","0","0","1000000","73920","184608","184608","0","2902","1336","1011"
"463","ALIGN_RAMP","9689","-105","-576.7822265625","1","1000","1000000","74080","184609","184609","0","2902","1336","921"
"464","ALIGN_RAMP","9692","-102","-560.302734375","3","3000","2000000","74240","184610","184610","0","2902","1336","831"
"465","ALIGN_RAMP","9689","-105","-576.7822265625","-3","-3000","-6000000","74400","184611","184611","0","2902","1336","741"
"466","ALIGN_RAMP","9689","-105","-576.7822265625","0","0","3000000","74560","184612","184612","0","2902","1336","651"
"467","ALIGN_RAMP","9687","-107","-587.7685546875","-2","-2000","-2000000","74720","184613","184613","0","2902","1336","561"
"468","ALIGN_RAMP","9687","-107","-587.7685546875","0","0","2000000","74880","184614","184614","0","2902","1336","471"
"469","ALIGN_RAMP","9687","-107","-587.7685546875","0","0","0","75040","184615","184615","0","2902","1336","381"
"470","ALIGN_RAMP","9688","-106","-582.275390625","1","1000","1000000","75200","184616","184616","0","2902","1336","291"
"471","ALIGN_RAMP","9687","-107","-587.7685546875","-1","-1000","-2000000","75360","184617","184617","0","2902","1336","201"
"472","ALIGN_RAMP","9686","-108","-593.26171875","-1","-1000","0","75520","184618","184618","0","2902","1336","111"
"473","ALIGN_RAMP","9688","-106","-582.275390625","2","2000","3000000","75680","184619","184619","0","2902","1336","21"
"474","ALIGN_RAMP","9686","-108","-593.26171875","-2","-2000","-4000000","75840","184620","184620","0","2902","1336","2086"
"475","ALIGN_RAMP","9685","-109","-598.7548828125","-1","-1000","1000000","76000","184621","184621","0","2902","1336","1996"
"476","ALIGN_RAMP","9688","-106","-582.275390625","3","3000","4000000","76160","184622","184622","0","2902","1336","1906"
"477","ALIGN_RAMP","9686","-108","-593.26171875","-2","-2000","-5000000","76320","184623","184623","0","2902","1336","1816"
"478","ALIGN_RAMP","9688","-106","-582.275390625","2","2000","4000000","76480","184624","184624","0","2902","1336","1726"
"479","ALIGN_RAMP","9685","-109","-598.7548828125","-3","-3000","-5000000","76640","184625","184625","0","2902","1336","1636"
"480","ALIGN_RAMP","9681","-113","-620.7275390625","-4","-4000","-1000000","76800","184626","184626","0","2902","1336","1546"
"481","ALIGN_RAMP","9685","-109","-598.7548828125","4","4000","8000000","76960","184627","184627","0","2902","1336","1456"
"482","ALIGN_RAMP","9685","-109","-598.7548828125","0","0","-4000000","77120","184628","184628","0","2902","1336","1366"
"483","ALIGN_RAMP","9687","-107","-587.7685546875","2","2000","2000000","77280","184629","184629","0","2902","1336","1276"
"484","ALIGN_RAMP","9688","-106","-582.275390625","1","1000","-1000000","77440","184630","184630","0","2902","1336","1186"
"485","ALIGN_RAMP","9684","-110","-604.248046875","-4","-4000","-5000000","77600","184631","184631","0","2902","1336","1096"
"486","ALIGN_RAMP","9684","-110","-604.248046875","0","0","4000000","77760","184632","184632","0","2902","1336","1006"
"487","ALIGN_RAMP","9688","-106","-582.275390625","4","4000","4000000","77920","184633","184633","0","2902","1336","916"
"488","ALIGN_RAMP","9681","-113","-620.7275390625","-7","-7000","-11000000","78080","184634","184634","0","2902","1336","826"
"489","ALIGN_RAMP","9682","-112","-615.234375","1","1000","8000000","78240","184635","184635","0","2902","1336","736"
"490","ALIGN_RAMP","9685","-109","-598.7548828125","3","3000","2000000","78400","184636","184636","0","2902","1336","646"
"491","ALIGN_RAMP","9682","-112","-615.234375","-3","-3000","-6000000","78560","184637","184637","0","2902","1336","556"
"492","ALIGN_RAMP","9685","-109","-598.7548828125","3","3000","6000000","78720","184638","184638","0","2902","1336","466"
"493","ALIGN_RAMP","9683","-111","-609.7412109375","-2","-2000","-5000000","78880","184639","184639","0","2902","1336","376"
"494","ALIGN_RAMP","9684","-110","-604.248046875","1","1000","3000000","79040","184640","184640","0","2902","1336","286"
"495","ALIGN_RAMP","9680","-114","-626.220703125","-4","-4000","-5000000","79200","184641","184641","0","2902","1336","196"
"496","ALIGN_RAMP","9682","-112","-615.234375","2","2000","6000000","79360","184642","184642","0","2902","1336","106"
"497","ALIGN_RAMP","9680","-114","-626.220703125","-2","-2000","-4000000","79520","184643","184643","0","2902","1336","16"
"498","ALIGN_RAMP","9679","-115","-631.7138671875","-1","-1000","1000000","79680","184644","184644","0","2902","1336","2081"
"499","ALIGN_RAMP","9680","-114","-626.220703125","1","1000","2000000","79840","184645","184645","0","2902","1336","1991"
"500","ALIGN_RAMP","9683","-111","-609.7412109375","3","3000","2000000","80000","184646","184646","0","2903","1336","1901"
"501","ALIGN_HOLD","9683","-111","-609.7412109375","0","0","-3000000","80000","184647","184647","0","2903","1336","1811"
"502","ALIGN_HOLD","9682","-112","-615.234375","-1","-1000","-1000000","80000","184648","184648","0","2903","1336","1721"
"503","ALIGN_HOLD","9680","-114","-626.220703125","-2","-2000","-1000000","80000","184649","184649","0","2903","1336","1631"
"504","ALIGN_HOLD","9680","-114","-626.220703125","0","0","2000000","80000","184650","184650","0","2903","1336","1541"
"505","ALIGN_HOLD","9679","-115","-631.7138671875","-1","-1000","-1000000","80000","184651","184651","0","2903","1336","1451"
"506","ALIGN_HOLD","9677","-117","-642.7001953125","-2","-2000","-1000000","80000","184652","184652","0","2903","1336","1361"
"507","ALIGN_HOLD","9682","-112","-615.234375","5","5000","7000000","80000","184653","184653","0","2903","1336","1271"
"508","ALIGN_HOLD","9679","-115","-631.7138671875","-3","-3000","-8000000","80000","184654","184654","0","2903","1336","1181"
"509","ALIGN_HOLD","9681","-113","-620.7275390625","2","2000","5000000","80000","184655","184655","0","2903","1336","1091"
"510","ALIGN_HOLD","9679","-115","-631.7138671875","-2","-2000","-4000000","80000","184656","184656","0","2903","1336","1001"
"511","ALIGN_HOLD","9682","-112","-615.234375","3","3000","5000000","80000","184657","184657","0","2903","1336","911"
"512","ALIGN_HOLD","9678","-116","-637.20703125","-4","-4000","-7000000","80000","184658","184658","0","2903","1336","821"
"513","ALIGN_HOLD","9678","-116","-637.20703125","0","0","4000000","80000","184659","184659","0","2903","1336","731"
"514","ALIGN_HOLD","9677","-117","-642.7001953125","-1","-1000","-1000000","80000","184660","184660","0","2903","1336","641"
"515","ALIGN_HOLD","9677","-117","-642.7001953125","0","0","1000000","80000","184661","184661","0","2903","1336","551"
"516","ALIGN_HOLD","9680","-114","-626.220703125","3","3000","3000000","80000","184662","184662","0","2903","1336","461"
"517","ALIGN_HOLD","9681","-113","-620.7275390625","1","1000","-2000000","80000","184663","184663","0","2903","1336","371"
"518","ALIGN_HOLD","9679","-115","-631.7138671875","-2","-2000","-3000000","80000","184664","184664","0","2903","1336","281"
"519","ALIGN_HOLD","9680","-114","-626.220703125","1","1000","3000000","80000","184665","184665","0","2903","1336","191"
"520","ALIGN_HOLD","9677","-117","-642.7001953125","-3","-3000","-4000000","80000","184666","184666","0","2903","1336","101"
"521","ALIGN_HOLD","9678","-116","-637.20703125","1","1000","4000000","80000","184667","184667","0","2903","1336","11"
"522","ALIGN_HOLD","9679","-115","-631.7138671875","1","1000","0","80000","184668","184668","0","2903","1336","2076"
"523","ALIGN_HOLD","9677","-117","-642.7001953125","-2","-2000","-3000000","80000","184669","184669","0","2903","1336","1986"
"524","ALIGN_HOLD","9679","-115","-631.7138671875","2","2000","4000000","80000","184670","184670","0","2903","1336","1896"
"525","ALIGN_HOLD","9679","-115","-631.7138671875","0","0","-2000000","80000","184671","184671","0","2903","1336","1806"
"526","ALIGN_HOLD","9679","-115","-631.7138671875","0","0","0","80000","184672","184672","0","2903","1336","1716"
"527","ALIGN_HOLD","9678","-116","-637.20703125","-1","-1000","-1000000","80000","184673","184673","0","2903","1336","1626"
"528","ALIGN_HOLD","9679","-115","-631.7138671875","1","1000","2000000","80000","184674","184674","0","2903","1336","1536"
"529","ALIGN_HOLD","9677","-117","-642.7001953125","-2","-2000","-3000000","80000","184675","184675","0","2903","1336","1446"
"530","ALIGN_HOLD","9678","-116","-637.20703125","1","1000","3000000","80000","184676","184676","0","2903","1336","1356"
"531","ALIGN_HOLD","9677","-117","-642.7001953125","-1","-1000","-2000000","80000","184677","184677","0","2903","1336","1266"
"532","ALIGN_HOLD","9675","-119","-653.6865234375","-2","-2000","-1000000","80000","184678","184678","0","2903","1336","1176"
"533","ALIGN_HOLD","9678","-116","-637.20703125","3","3000","5000000","80000","184679","184679","0","2903","1336","1086"
"534","ALIGN_HOLD","9679","-115","-631.7138671875","1","1000","-2000000","80000","184680","184680","0","2903","1336","996"
"535","ALIGN_HOLD","9678","-116","-637.20703125","-1","-1000","-2000000","80000","184681","184681","0","2903","1336","906"
"536","ALIGN_HOLD","9679","-115","-631.7138671875","1","1000","2000000","80000","184682","184682","0","2903","1336","816"
"537","ALIGN_HOLD","9678","-116","-637.20703125","-1","-1000","-2000000","80000","184683","184683","0","2903","1336","726"
"538","ALIGN_HOLD","9680","-114","-626.220703125","2","2000","3000000","80000","184684","184684","0","2903","1336","636"
"539","ALIGN_HOLD","9680","-114","-626.220703125","0","0","-2000000","80000","184685","184685","0","2903","1336","546"
"540","ALIGN_HOLD","9681","-113","-620.7275390625","1","1000","1000000","80000","184686","184686","0","2903","1336","456"
"541","ALIGN_HOLD","9677","-117","-642.7001953125","-4","-4000","-5000000","80000","184687","184687","0","2903","1336","366"
"542","ALIGN_HOLD","9678","-116","-637.20703125","1","1000","5000000","80000","184688","184688","0","2903","1336","276"
"543","ALIGN_HOLD","9681","-113","-620.7275390625","3","3000","2000000","80000","184689","184689","0","2903","1336","186"
"544","ALIGN_HOLD","9679","-115","-631.7138671875","-2","-2000","-5000000","80000","184690","184690","0","2903","1336","96"
"545","ALIGN_HOLD","9676","-118","-648.193359375","-3","-3000","-1000000","80000","184691","184691","0","2903","1336","6"
"546","ALIGN_HOLD","9680","-114","-626.220703125","4","4000","7000000","80000","184692","184692","0","2903","1336","2071"
"547","ALIGN_HOLD","9675","-119","-653.6865234375","-5","-5000","-9000000","80000","184693","184693","0","2903","1336","1981"
"548","ALIGN_HOLD","9679","-115","-631.7138671875","4","4000","9000000","80000","184694","184694","0","2903","1336","1891"
"549","ALIGN_HOLD","9676","-118","-648.193359375","-3","-3000","-7000000","80000","184695","184695","0","2903","1336","1801"
"550","ALIGN_HOLD","9676","-118","-648.193359375","0","0","3000000","80000","184696","184696","0","2903","1336","1711"
"551","ALIGN_HOLD","9676","-118","-648.193359375","0","0","0","80000","184697","184697","0","2903","1336","1621"
"552","ALIGN_HOLD","9677","-117","-642.7001953125","1","1000","1000000","80000","184698","184698","0","2903","1336","1531"
"553","ALIGN_HOLD","9676","-118","-648.193359375","-1","-1000","-2000000","80000","184699","184699","0","2903","1336","1441"
"554","ALIGN_HOLD","9677","-117","-642.7001953125","1","1000","2000000","80000","184700","184700","0","2903","1336","1351"
"555","ALIGN_HOLD","9681","-113","-620.7275390625","4","4000","3000000","80000","184701","184701","0","2903","1336","1261"
"556","ALIGN_HOLD","9677","-117","-642.7001953125","-4","-4000","-8000000","80000","184702","184702","0","2903","1336","1171"
"557","ALIGN_HOLD","9676","-118","-648.193359375","-1","-1000","3000000","80000","184703","184703","0","2903","1336","1081"
"558","ALIGN_HOLD","9680","-114","-626.220703125","4","4000","5000000","80000","184704","184704","0","2903","1336","991"
"559","ALIGN_HOLD","9680","-114","-626.220703125","0","0","-4000000","80000","184705","184705","0","2903","1336","901"
"560","ALIGN_HOLD","9678","-116","-637.20703125","-2","-2000","-2000000","80000","184706","184706","0","2903","1336","811"
"561","ALIGN_HOLD","9675","-119","-653.6865234375","-3","-3000","-1000000","80000","184707","184707","0","2903","1336","721"
"562","ALIGN_HOLD","9678","-116","-637.20703125","3","3000","6000000","80000","184708","184708","0","2903","1336","631"
"563","ALIGN_HOLD","9680","-114","-626.220703125","2","2000","-1000000","80000","184709","184709","0","2903","1336","541"
"564","ALIGN_HOLD","9677","-117","-642.7001953125","-3","-3000","-5000000","80000","184710","184710","0","2903","1336","451"
"565","ALIGN_HOLD","9678","-116","-637.20703125","1","1000","4000000","80000","184711","184711","0","2903","1336","361"
"566","ALIGN_HOLD","9678","-116","-637.20703125","0","0","-1000000","80000","184712","184712","0","2903","1336","271"
"567","ALIGN_HOLD","9682","-112","-615.234375","4","4000","4000000","80000","184713","184713","0","2903","1336","181"
"568","ALIGN_HOLD","9680","-114","-626.220703125","-2","-2000","-6000000","80000","184714","184714","0","2903","1336","91"
"569","ALIGN_HOLD","9677","-117","-642.7001953125","-3","-3000","-1000000","80000","184715","184715","0","2903","1336","1"
"570","ALIGN_HOLD","9680","-114","-626.220703125","3","3000","6000000","80000","184716","184716","0","2903","1336","2066"
"571","ALIGN_HOLD","9678","-116","-637.20703125","-2","-2000","-5000000","80000","184717","184717","0","2903","1336","1976"
"572","ALIGN_HOLD","9680","-114","-626.220703125","2","2000","4000000","80000","184718","184718","0","2903","1336","1886"
"573","ALIGN_HOLD","9678","-116","-637.20703125","-2","-2000","-4000000","80000","184719","184719","0","2903","1336","1796"
"574","ALIGN_HOLD","9677","-117","-642.7001953125","-1","-1000","1000000","80000","184720","184720","0","2903","1336","1706"
"575","ALIGN_HOLD","9679","-115","-631.7138671875","2","2000","3000000","80000","184721","184721","0","2903","1336","1616"
"576","ALIGN_HOLD","9679","-115","-631.7138671875","0","0","-2000000","80000","184722","184722","0","2903","1336","1526"
"577","ALIGN_HOLD","9680","-114","-626.220703125","1","1000","1000000","80000","184723","184723","0","2903","1336","1436"
"578","ALIGN_HOLD","9680","-114","-626.220703125","0","0","-1000000","80000","184724","184724","0","2903","1336","1346"
"579","ALIGN_HOLD","9677","-117","-642.7001953125","-3","-3000","-3000000","80000","184725","184725","0","2903","1336","1256"
"580","ALIGN_HOLD","9677","-117","-642.7001953125","0","0","3000000","80000","184726","184726","0","2903","1336","1166"
"581","ALIGN_HOLD","9675","-119","-653.6865234375","-2","-2000","-2000000","80000","184727","184727","0","2903","1336","1076"
"582","ALIGN_HOLD","9677","-117","-642.7001953125","2","2000","4000000","80000","184728","184728","0","2903","1336","986"
"583","ALIGN_HOLD","9675","-119","-653.6865234375","-2","-2000","-4000000","80000","184729","184729","0","2903","1336","896"
"584","ALIGN_HOLD","9676","-118","-648.193359375","1","1000","3000000","80000","184730","184730","0","2903","1336","806"
"585","ALIGN_HOLD","9678","-116","-637.20703125","2","2000","1000000","80000","184731","184731","0","2903","1336","716"
"586","ALIGN_HOLD","9676","-118","-648.193359375","-2","-2000","-4000000","80000","184732","184732","0","2903","1336","626"
"587","ALIGN_HOLD","9674","-120","-659.1796875","-2","-2000","0","80000","184733","184733","0","2903","1336","536"
"588","ALIGN_HOLD","9674","-120","-659.1796875","0","0","2000000","80000","184734","184734","0","2903","1336","446"
"589","ALIGN_HOLD","9674","-120","-659.1796875","0","0","0","80000","184735","184735","0","2903","1336","356"
"590","ALIGN_HOLD","9675","-119","-653.6865234375","1","1000","1000000","80000","184736","184736","0","2903","1336","266"
"591","ALIGN_HOLD","9677","-117","-642.7001953125","2","2000","1000000","80000","184737","184737","0","2903","1336","176"
"592","ALIGN_HOLD","9676","-118","-648.193359375","-1","-1000","-3000000","80000","184738","184738","0","2903","1336","86"
"593","ALIGN_HOLD","9675","-119","-653.6865234375","-1","-1000","0","80000","184739","184739","0","2903","1336","2151"
"594","ALIGN_HOLD","9674","-120","-659.1796875","-1","-1000","0","80000","184740","184740","0","2903","1336","2061"
"595","ALIGN_HOLD","9676","-118","-648.193359375","2","2000","3000000","80000","184741","184741","0","2903","1336","1971"
"596","ALIGN_HOLD","9677","-117","-642.7001953125","1","1000","-1000000","80000","184742","184742","0","2903","1336","1881"
"597","ALIGN_HOLD","9678","-116","-637.20703125","1","1000","0","80000","184743","184743","0","2903","1336","1791"
"598","ALIGN_HOLD","9676","-118","-648.193359375","-2","-2000","-3000000","80000","184744","184744","0","2903","1336","1701"
"599","ALIGN_HOLD","9680","-114","-626.220703125","4","4000","6000000","80000","184745","184745","0","2903","1336","1611"
"600","ALIGN_HOLD","9679","-115","-631.7138671875","-1","-1000","-5000000","80000","184746","184746","0","2903","1336","1587"
"601","ALIGN_HOLD","9676","-118","-648.193359375","-3","-3000","-2000000","80000","184747","184747","0","2903","1336","1431"
"602","ALIGN_HOLD","9678","-116","-637.20703125","2","2000","5000000","80000","184748","184748","0","2903","1336","1341"
"603","ALIGN_HOLD","9679","-115","-631.7138671875","1","1000","-1000000","80000","184749","184749","0","2903","1336","1251"
"604","ALIGN_HOLD","9678","-116","-637.20703125","-1","-1000","-2000000","80000","184750","184750","0","2903","1336","1161"
"605","ALIGN_HOLD","9677","-117","-642.7001953125","-1","-1000","0","80000","184751","184751","0","2903","1336","1071"
"606","ALIGN_HOLD","9678","-116","-637.20703125","1","1000","2000000","80000","184752","184752","0","2903","1336","981"
"607","ALIGN_HOLD","9677","-117","-642.7001953125","-1","-1000","-2000000","80000","184753","184753","0","2903","1336","891"
"608","ALIGN_HOLD","9676","-118","-648.193359375","-1","-1000","0","80000","184754","184754","0","2903","1336","801"
"609","ALIGN_HOLD","9678","-116","-637.20703125","2","2000","3000000","80000","184755","184755","0","2903","1336","711"
"610","ALIGN_HOLD","9676","-118","-648.193359375","-2","-2000","-4000000","80000","184756","184756","0","2903","1336","621"
"611","ALIGN_HOLD","9676","-118","-648.193359375","0","0","2000000","80000","184757","184757","0","2903","1336","531"
"612","ALIGN_HOLD","9675","-119","-653.6865234375","-1","-1000","-1000000","80000","184758","184758","0","2903","1336","441"
"613","ALIGN_HOLD","9678","-116","-637.20703125","3","3000","4000000","80000","184759","184759","0","2903","1336","351"
"614","ALIGN_HOLD","9679","-115","-631.7138671875","1","1000","-2000000","80000","184760","184760","0","2903","1336","261"
"615","ALIGN_HOLD","9678","-116","-637.20703125","-1","-1000","-2000000","80000","184761","184761","0","2903","1336","171"
"616","ALIGN_HOLD","9678","-116","-637.20703125","0","0","1000000","80000","184762","184762","0","2903","1336","81"
"617","ALIGN_HOLD","9675","-119","-653.6865234375","-3","-3000","-3000000","80000","184763","184763","0","2903","1336","2146"
"618","ALIGN_HOLD","9677","-117","-642.7001953125","2","2000","5000000","80000","184764","184764","0","2903","1336","2056"
"619","ALIGN_HOLD","9679","-115","-631.7138671875","2","2000","0","80000","184765","184765","0","2903","1336","1966"
"620","ALIGN_HOLD","9679","-115","-631.7138671875","0","0","-2000000","80000","184766","184766","0","2903","1336","1876"
"621","ALIGN_HOLD","9681","-113","-620.7275390625","2","2000","2000000","80000","184767","184767","0","2903","1336","1786"
"622","ALIGN_HOLD","9676","-118","-648.193359375","-5","-5000","-7000000","80000","184768","184768","0","2903","1336","1696"
"623","ALIGN_HOLD","9676","-118","-648.193359375","0","0","5000000","80000","184769","184769","0","2903","1336","1606"
"624","ALIGN_HOLD","9678","-116","-637.20703125","2","2000","2000000","80000","184770","184770","0","2903","1336","1516"
"625","ALIGN_HOLD","9678","-116","-637.20703125","0","0","-2000000","80000","184771","184771","0","2903","1336","1426"
"626","ALIGN_HOLD","9676","-118","-648.193359375","-2","-2000","-2000000","80000","184772","184772","0","2903","1336","1336"
"627","ALIGN_HOLD","9676","-118","-648.193359375","0","0","2000000","80000","184773","184773","0","2903","1336","1246"
"628","ALIGN_HOLD","9675","-119","-653.6865234375","-1","-1000","-1000000","80000","184774","184774","0","2903","1336","1156"
"629","ALIGN_HOLD","9680","-114","-626.220703125","5","5000","6000000","80000","184775","184775","0","2903","1336","1066"
"630","ALIGN_HOLD","9675","-119","-653.6865234375","-5","-5000","-10000000","80000","184776","184776","0","2903","1336","976"
"631","ALIGN_HOLD","9677","-117","-642.7001953125","2","2000","7000000","80000","184777","184777","0","2903","1336","886"
"632","ALIGN_HOLD","9675","-119","-653.6865234375","-2","-2000","-4000000","80000","184778","184778","0","2903","1336","796"
"633","ALIGN_HOLD","9677","-117","-642.7001953125","2","2000","4000000","80000","184779","184779","0","2903","1336","706"
"634","ALIGN_HOLD","9678","-116","-637.20703125","1","1000","-1000000","80000","184780","184780","0","2903","1336","616"
"635","ALIGN_HOLD","9676","-118","-648.193359375","-2","-2000","-3000000","80000","184781","184781","0","2903","1336","526"
"636","ALIGN_HOLD","9677","-117","-642.7001953125","1","1000","3000000","80000","184782","184782","0","2903","1336","436"
"637","ALIGN_HOLD","9677","-117","-642.7001953125","0","0","-1000000","80000","184783","184783","0","2903","1336","346"
"638","ALIGN_HOLD","9675","-119","-653.6865234375","-2","-2000","-2000000","80000","184784","184784","0","2903","1336","256"
"639","ALIGN_HOLD","9678","-116","-637.20703125","3","3000","5000000","80000","184785","184785","0","2903","1336","166"
"640","ALIGN_HOLD","9679","-115","-631.7138671875","1","1000","-2000000","80000","184786","184786","0","2903","1336","76"
"641","ALIGN_HOLD","9678","-116","-637.20703125","-1","-1000","-2000000","80000","184787","184787","0","2903","1336","2141"
"642","ALIGN_HOLD","9681","-113","-620.7275390625","3","3000","4000000","80000","184788","184788","0","2903","1336","2051"
"643","ALIGN_HOLD","9677","-117","-642.7001953125","-4","-4000","-7000000","80000","184789","184789","0","2903","1336","1961"
"644","ALIGN_HOLD","9680","-114","-626.220703125","3","3000","7000000","80000","184790","184790","0","2903","1336","1871"
"645","ALIGN_HOLD","9678","-116","-637.20703125","-2","-2000","-5000000","80000","184791","184791","0","2903","1336","1781"
"646","ALIGN_HOLD","9676","-118","-648.193359375","-2","-2000","0","80000","184792","184792","0","2903","1336","1691"
"647","ALIGN_HOLD","9678","-116","-637.20703125","2","2000","4000000","80000","184793","184793","0","2903","1336","1601"
"648","ALIGN_HOLD","9677","-117","-642.7001953125","-1","-1000","-3000000","80000","184794","184794","0","2903","1336","1511"
"649","ALIGN_HOLD","9680","-114","-626.220703125","3","3000","4000000","80000","184795","184795","0","2903","1336","1421"
"650","ALIGN_HOLD","9675","-119","-653.6865234375","-5","-5000","-8000000","80000","184796","184796","0","2903","1336","1331"
"651","ALIGN_HOLD","9672","-122","-670.166015625","-3","-3000","2000000","80000","184797","184797","0","2903","1336","1241"
"652","ALIGN_HOLD","9678","-116","-637.20703125","6","6000","9000000","80000","184798","184798","0","2903","1336","1151"
"653","ALIGN_HOLD","9677","-117","-642.7001953125","-1","-1000","-7000000","80000","184799","184799","0","2903","1336","1061"
"654","ALIGN_HOLD","9677","-117","-642.7001953125","0","0","1000000","80000","184800","184800","0","2903","1336","971"
"655","ALIGN_HOLD","9675","-119","-653.6865234375","-2","-2000","-2000000","80000","184801","184801","0","2903","1336","881"
"656","ALIGN_HOLD","9675","-119","-653.6865234375","0","0","2000000","80000","184802","184802","0","2903","1336","791"
"657","ALIGN_HOLD","9678","-116","-637.20703125","3","3000","3000000","80000","184803","184803","0","2903","1336","701"
"658","ALIGN_HOLD","9676","-118","-648.193359375","-2","-2000","-5000000","80000","184804","184804","0","2903","1336","611"
"659","ALIGN_HOLD","9675","-119","-653.6865234375","-1","-1000","1000000","80000","184805","184805","0","2903","1336","521"
"660","ALIGN_HOLD","9678","-116","-637.20703125","3","3000","4000000","80000","184806","184806","0","2903","1336","431"
"661","ALIGN_HOLD","9676","-118","-648.193359375","-2","-2000","-5000000","80000","184807","184807","0","2903","1336","341"
"662","ALIGN_HOLD","9679","-115","-631.7138671875","3","3000","5000000","80000","184808","184808","0","2903","1336","251"
"663","ALIGN_HOLD","9680","-114","-626.220703125","1","1000","-2000000","80000","184809","184809","0","2903","1336","161"
"664","ALIGN_HOLD","9676","-118","-648.193359375","-4","-4000","-5000000","80000","184810","184810","0","2903","1336","71"
"665","ALIGN_HOLD","9675","-119","-653.6865234375","-1","-1000","3000000","80000","184811","184811","0","2903","1336","2136"
"666","ALIGN_HOLD","9679","-115","-631.7138671875","4","4000","5000000","80000","184812","184812","0","2903","1336","2046"
"667","ALIGN_HOLD","9676","-118","-648.193359375","-3","-3000","-7000000","80000","184813","184813","0","2903","1336","1956"
"668","ALIGN_HOLD","9676","-118","-648.193359375","0","0","3000000","80000","184814","184814","0","2903","1336","1866"
"669","ALIGN_HOLD","9679","-115","-631.7138671875","3","3000","3000000","80000","184815","184815","0","2903","1336","1776"
"670","ALIGN_HOLD","9677","-117","-642.7001953125","-2","-2000","-5000000","80000","184816","184816","0","2903","1336","1686"
"671","ALIGN_HOLD","9678","-116","-637.20703125","1","1000","3000000","80000","184817","184817","0","2903","1336","1596"
"672","ALIGN_HOLD","9682","-112","-615.234375","4","4000","3000000","80000","184818","184818","0","2903","1336","1506"
"673","ALIGN_HOLD","9680","-114","-626.220703125","-2","-2000","-6000000","80000","184819","184819","0","2903","1336","1416"
"674","ALIGN_HOLD","9675","-119","-653.6865234375","-5","-5000","-3000000","80000","184820","184820","0","2903","1336","1326"
"675","ALIGN_HOLD","9675","-119","-653.6865234375","0","0","5000000","80000","184821","184821","0","2903","1336","1236"
"676","ALIGN_HOLD","9680","-114","-626.220703125","5","5000","5000000","80000","184822","184822","0","2903","1336","1146"
"677","ALIGN_HOLD","9676","-118","-648.193359375","-4","-4000","-9000000","80000","184823","184823","0","2903","1336","1056"
"678","ALIGN_HOLD","9676","-118","-648.193359375","0","0","4000000","80000","184824","184824","0","2903","1336","966"
"679","ALIGN_HOLD","9676","-118","-648.193359375","0","0","0","80000","184825","184825","0","2903","1336","876"
"680","ALIGN_HOLD","9679","-115","-631.7138671875","3","3000","3000000","80000","184826","184826","0","2903","1336","786"
"681","ALIGN_HOLD","9676","-118","-648.193359375","-3","-3000","-6000000","80000","184827","184827","0","2903","1336","696"
"682","ALIGN_HOLD","9677","-117","-642.7001953125","1","1000","4000000","80000","184828","184828","0","2903","1336","606"
"683","ALIGN_HOLD","9678","-116","-637.20703125","1","1000","0","80000","184829","184829","0","2903","1336","516"
"684","ALIGN_HOLD","9678","-116","-637.20703125","0","0","-1000000","80000","184830","184830","0","2903","1336","426"
"685","ALIGN_HOLD","9678","-116","-637.20703125","0","0","0","80000","184831","184831","0","2903","1336","336"
"686","ALIGN_HOLD","9677","-117","-642.7001953125","-1","-1000","-1000000","80000","184832","184832","0","2903","1336","246"
"687","ALIGN_HOLD","9675","-119","-653.6865234375","-2","-2000","-1000000","80000","184833","184833","0","2903","1336","156"
"688","ALIGN_HOLD","9677","-117","-642.7001953125","2","2000","4000000","80000","184834","184834","0","2903","1336","66"
"689","ALIGN_HOLD","9676","-118","-648.193359375","-1","-1000","-3000000","80000","184835","184835","0","2903","1336","2131"
"690","ALIGN_HOLD","9677","-117","-642.7001953125","1","1000","2000000","80000","184836","184836","0","2903","1336","2041"
"691","ALIGN_HOLD","9677","-117","-642.7001953125","0","0","-1000000","80000","184837","184837","0","2903","1336","1951"
"692","ALIGN_HOLD","9681","-113","-620.7275390625","4","4000","4000000","80000","184838","184838","0","2903","1336","1861"
"693","ALIGN_HOLD","9679","-115","-631.7138671875","-2","-2000","-6000000","80000","184839","184839","0","2903","1336","1771"
"694","ALIGN_HOLD","9678","-116","-637.20703125","-1","-1000","1000000","80000","184840","184840","0","2903","1336","1681"
"695","ALIGN_HOLD","9678","-116","-637.20703125","0","0","1000000","80000","184841","184841","0","2903","1336","1591"
"696","ALIGN_HOLD","9677","-117","-642.7001953125","-1","-1000","-1000000","80000","184842","184842","0","2903","1336","1501"
"697","ALIGN_HOLD","9677","-117","-642.7001953125","0","0","1000000","80000","184843","184843","0","2903","1336","1411"
"698","ALIGN_HOLD","9677","-117","-642.7001953125","0","0","0","80000","184844","184844","0","2903","1336","1321"
"699","ALIGN_HOLD","9677","-117","-642.7001953125","0","0","0","80000","184845","184845","0","2903","1336","1231"
"700","ALIGN_HOLD","9680","-114","-626.220703125","3","3000","3000000","80000","184846","184846","0","2903","1336","1141"
"701","ALIGN_HOLD","9678","-116","-637.20703125","-2","-2000","-5000000","80000","184847","184847","0","2903","1336","1051"
"702","ALIGN_HOLD","9678","-116","-637.20703125","0","0","2000000","80000","184848","184848","0","2903","1336","961"
"703","ALIGN_HOLD","9678","-116","-637.20703125","0","0","0","80000","184849","184849","0","2903","1336","871"
"704","ALIGN_HOLD","9678","-116","-637.20703125","0","0","0","80000","184850","184850","0","2903","1336","781"
"705","ALIGN_HOLD","9676","-118","-648.193359375","-2","-2000","-2000000","80000","184851","184851","0","2903","1336","691"
"706","ALIGN_HOLD","9677","-117","-642.7001953125","1","1000","3000000","80000","184852","184852","0","2903","1336","601"
"707","ALIGN_HOLD","9677","-117","-642.7001953125","0","0","-1000000","80000","184853","184853","0","2903","1336","511"
"708","ALIGN_HOLD","9679","-115","-631.7138671875","2","2000","2000000","80000","184854","184854","0","2903","1336","421"
"709","ALIGN_HOLD","9676","-118","-648.193359375","-3","-3000","-5000000","80000","184855","184855","0","2903","1336","331"
"710","ALIGN_HOLD","9678","-116","-637.20703125","2","2000","5000000","80000","184856","184856","0","2903","1336","241"
"711","ALIGN_HOLD","9677","-117","-642.7001953125","-1","-1000","-3000000","80000","184857","184857","0","2903","1336","151"
"712","ALIGN_HOLD","9678","-116","-637.20703125","1","1000","2000000","80000","184858","184858","0","2903","1336","61"
"713","ALIGN_HOLD","9674","-120","-659.1796875","-4","-4000","-5000000","80000","184859","184859","0","2903","1336","2126"
"714","ALIGN_HOLD","9677","-117","-642.7001953125","3","3000","7000000","80000","184860","184860","0","2903","1336","2036"
"715","ALIGN_HOLD","9679","-115","-631.7138671875","2","2000","-1000000","80000","184861","184861","0","2903","1336","1946"
"716","ALIGN_HOLD","9676","-118","-648.193359375","-3","-3000","-5000000","80000","184862","184862","0","2903","1336","1856"
"717","ALIGN_HOLD","9678","-116","-637.20703125","2","2000","5000000","80000","184863","184863","0","2903","1336","1766"
"718","ALIGN_HOLD","9680","-114","-626.220703125","2","2000","0","80000","184864","184864","0","2903","1336","1676"
"719","ALIGN_HOLD","9675","-119","-653.6865234375","-5","-5000","-7000000","80000","184865","184865","0","2903","1336","1586"
"720","ALIGN_HOLD","9677","-117","-642.7001953125","2","2000","7000000","80000","184866","184866","0","2903","1336","1496"
"721","ALIGN_HOLD","9676","-118","-648.193359375","-1","-1000","-3000000","80000","184867","184867","0","2903","1336","1406"
"722","ALIGN_HOLD","9677","-117","-642.7001953125","1","1000","2000000","80000","184868","184868","0","2903","1336","1316"
"723","ALIGN_HOLD","9679","-115","-631.7138671875","2","2000","1000000","80000","184869","184869","0","2903","1336","1226"
"724","ALIGN_HOLD","9677","-117","-642.7001953125","-2","-2000","-4000000","80000","184870","184870","0","2903","1336","1136"
"725","ALIGN_HOLD","9677","-117","-642.7001953125","0","0","2000000","80000","184871","184871","0","2903","1336","1046"
"726","ALIGN_HOLD","9676","-118","-648.193359375","-1","-1000","-1000000","80000","184872","184872","0","2903","1336","956"
"727","ALIGN_HOLD","9679","-115","-631.7138671875","3","3000","4000000","80000","184873","184873","0","2903","1336","866"
"728","ALIGN_HOLD","9677","-117","-642.7001953125","-2","-2000","-5000000","80000","184874","184874","0","2903","1336","776"
"729","ALIGN_HOLD","9678","-116","-637.20703125","1","1000","3000000","80000","184875","184875","0","2903","1336","686"
"730","ALIGN_HOLD","9676","-118","-648.193359375","-2","-2000","-3000000","80000","184876","184876","0","2903","1336","596"
"731","ALIGN_HOLD","9678","-116","-637.20703125","2","2000","4000000","80000","184877","184877","0","2903","1336","506"
"732","ALIGN_HOLD","9678","-116","-637.20703125","0","0","-2000000","80000","184878","184878","0","2903","1336","416"
"733","ALIGN_HOLD","9676","-118","-648.193359375","-2","-2000","-2000000","80000","184879","184879","0","2903","1336","326"
"734","ALIGN_HOLD","9679","-115","-631.7138671875","3","3000","5000000","80000","184880","184880","0","2903","1336","236"
"735","ALIGN_HOLD","9676","-118","-648.193359375","-3","-3000","-6000000","80000","184881","184881","0","2903","1336","146"
"736","ALIGN_HOLD","9674","-120","-659.1796875","-2","-2000","1000000","80000","184882","184882","0","2903","1336","56"
"737","ALIGN_HOLD","9681","-113","-620.7275390625","7","7000","9000000","80000","184883","184883","0","2903","1336","2121"
"738","ALIGN_HOLD","9676","-118","-648.193359375","-5","-5000","-12000000","80000","184884","184884","0","2903","1336","2031"
"739","ALIGN_HOLD","9677","-117","-642.7001953125","1","1000","6000000","80000","184885","184885","0","2903","1336","1941"
"740","ALIGN_HOLD","9673","-121","-664.6728515625","-4","-4000","-5000000","80000","184886","184886","0","2903","1336","1851"
"741","ALIGN_HOLD","9677","-117","-642.7001953125","4","4000","8000000","80000","184887","184887","0","2903","1336","1761"
"742","ALIGN_HOLD","9678","-116","-637.20703125","1","1000","-3000000","80000","184888","184888","0","2903","1336","1671"
"743","ALIGN_HOLD","9676","-118","-648.193359375","-2","-2000","-3000000","80000","184889","184889","0","2903","1336","1581"
"744","ALIGN_HOLD","9676","-118","-648.193359375","0","0","2000000","80000","184890","184890","0","2903","1336","1491"
"745","ALIGN_HOLD","9677","-117","-642.7001953125","1","1000","1000000","80000","184891","184891","0","2903","1336","1401"
"746","ALIGN_HOLD","9679","-115","-631.7138671875","2","2000","1000000","80000","184892","184892","0","2903","1336","1311"
"747","ALIGN_HOLD","9678","-116","-637.20703125","-1","-1000","-3000000","80000","184893","184893","0","2903","1336","1221"
"748","ALIGN_HOLD","9677","-117","-642.7001953125","-1","-1000","0","80000","184894","184894","0","2903","1336","1131"
"749","ALIGN_HOLD","9678","-116","-637.20703125","1","1000","2000000","80000","184895","184895","0","2903","1336","1041"
"750","ALIGN_HOLD","9675","-119","-653.6865234375","-3","-3000","-4000000","80000","184896","184896","0","2903","1336","951"
"751","ALIGN_HOLD","9677","-117","-642.7001953125","2","2000","5000000","80000","184897","184897","0","2903","1336","861"
"752","ALIGN_HOLD","9677","-117","-642.7001953125","0","0","-2000000","80000","184898","184898","0","2903","1336","771"
"753","ALIGN_HOLD","9677","-117","-642.7001953125","0","0","0","80000","184899","184899","0","2903","1336","681"
"754","ALIGN_HOLD","9674","-120","-659.1796875","-3","-3000","-3000000","80000","184900","184900","0","2903","1336","591"
"755","ALIGN_HOLD","9678","-116","-637.20703125","4","4000","7000000","80000","184901","184901","0","2903","1336","501"
"756","ALIGN_HOLD","9676","-118","-648.193359375","-2","-2000","-6000000","80000","184902","184902","0","2903","1336","411"
"757","ALIGN_HOLD","9678","-116","-637.20703125","2","2000","4000000","80000","184903","184903","0","2903","1336","321"
"758","ALIGN_HOLD","9675","-119","-653.6865234375","-3","-3000","-5000000","80000","184904","184904","0","2903","1336","231"
"759","ALIGN_HOLD","9674","-120","-659.1796875","-1","-1000","2000000","80000","184905","184905","0","2903","1336","141"
"760","ALIGN_HOLD","9677","-117","-642.7001953125","3","3000","4000000","80000","184906","184906","0","2903","1336","51"
"761","ALIGN_HOLD","9677","-117","-642.7001953125","0","0","-3000000","80000","184907","184907","0","2903","1336","2116"
"762","ALIGN_HOLD","9677","-117","-642.7001953125","0","0","0","80000","184908","184908","0","2903","1336","2026"
"763","ALIGN_HOLD","9675","-119","-653.6865234375","-2","-2000","-2000000","80000","184909","184909","0","2903","1336","1936"
"764","ALIGN_HOLD","9672","-122","-670.166015625","-3","-3000","-1000000","80000","184910","184910","0","2903","1336","1846"
"765","ALIGN_HOLD","9676","-118","-648.193359375","4","4000","7000000","80000","184911","184911","0","2903","1336","1756"
"766","ALIGN_HOLD","9676","-118","-648.193359375","0","0","-4000000","80000","184912","184912","0","2903","1336","1666"
"767","ALIGN_HOLD","9676","-118","-648.193359375","0","0","0","80000","184913","184913","0","2903","1336","1576"
"768","ALIGN_HOLD","9676","-118","-648.193359375","0","0","0","80000","184914","184914","0","2903","1336","1486"
"769","ALIGN_HOLD","9676","-118","-648.193359375","0","0","0","80000","184915","184915","0","2903","1336","1396"
"770","ALIGN_HOLD","9678","-116","-637.20703125","2","2000","2000000","80000","184916","184916","0","2903","1336","1306"
"771","ALIGN_HOLD","9677","-117","-642.7001953125","-1","-1000","-3000000","80000","184917","184917","0","2903","1336","1216"
"772","ALIGN_HOLD","9679","-115","-631.7138671875","2","2000","3000000","80000","184918","184918","0","2903","1336","1126"
"773","ALIGN_HOLD","9673","-121","-664.6728515625","-6","-6000","-8000000","80000","184919","184919","0","2903","1336","1036"
"774","ALIGN_HOLD","9675","-119","-653.6865234375","2","2000","8000000","80000","184920","184920","0","2903","1336","946"
"775","ALIGN_HOLD","9673","-121","-664.6728515625","-2","-2000","-4000000","80000","184921","184921","0","2903","1336","856"
"776","ALIGN_HOLD","9676","-118","-648.193359375","3","3000","5000000","80000","184922","184922","0","2903","1336","766"
"777","ALIGN_HOLD","9677","-117","-642.7001953125","1","1000","-2000000","80000","184923","184923","0","2903","1336","676"
"778","ALIGN_HOLD","9678","-116","-637.20703125","1","1000","0","80000","184924","184924","0","2903","1336","586"
"779","ALIGN_HOLD","9679","-115","-631.7138671875","1","1000","0","80000","184925","184925","0","2903","1336","496"
"780","ALIGN_HOLD","9676","-118","-648.193359375","-3","-3000","-4000000","80000","184926","184926","0","2903","1336","406"
"781","ALIGN_HOLD","9675","-119","-653.6865234375","-1","-1000","2000000","80000","184927","184927","0","2903","1336","316"
"782","ALIGN_HOLD","9676","-118","-648.193359375","1","1000","2000000","80000","184928","184928","0","2903","1336","226"
"783","ALIGN_HOLD","9680","-114","-626.220703125","4","4000","3000000","80000","184929","184929","0","2903","1336","136"
"784","ALIGN_HOLD","9675","-119","-653.6865234375","-5","-5000","-9000000","80000","184930","184930","0","2903","1336","46"
"785","ALIGN_HOLD","9674","-120","-659.1796875","-1","-1000","4000000","80000","184931","184931","0","2903","1336","2111"
"786","ALIGN_HOLD","9675","-119","-653.6865234375","1","1000","2000000","80000","184932","184932","0","2903","1336","2021"
"787","ALIGN_HOLD","9675","-119","-653.6865234375","0","0","-1000000","80000","184933","184933","0","2903","1336","1931"
"788","ALIGN_HOLD","9676","-118","-648.193359375","1","1000","1000000","80000","184934","184934","0","2903","1336","1841"
"789","ALIGN_HOLD","9675","-119","-653.6865234375","-1","-1000","-2000000","80000","184935","184935","0","2903","1336","1751"
"790","ALIGN_HOLD","9678","-116","-637.20703125","3","3000","4000000","80000","184936","184936","0","2903","1336","1661"
"791","ALIGN_HOLD","9678","-116","-637.20703125","0","0","-3000000","80000","184937","184937","0","2903","1336","1571"
"792","ALIGN_HOLD","9673","-121","-664.6728515625","-5","-5000","-5000000","80000","184938","184938","0","2903","1336","1481"
"793","ALIGN_HOLD","9677","-117","-642.7001953125","4","4000","9000000","80000","184939","184939","0","2903","1336","1391"
"794","ALIGN_HOLD","9676","-118","-648.193359375","-1","-1000","-5000000","80000","184940","184940","0","2903","1336","1301"
"795","ALIGN_HOLD","9679","-115","-631.7138671875","3","3000","4000000","80000","184941","184941","0","2903","1336","1211"
"796","ALIGN_HOLD","9678","-116","-637.20703125","-1","-1000","-4000000","80000","184942","184942","0","2903","1336","1121"
"797","ALIGN_HOLD","9678","-116","-637.20703125","0","0","1000000","80000","184943","184943","0","2903","1336","1031"
"798","ALIGN_HOLD","9677","-117","-642.7001953125","-1","-1000","-1000000","80000","184944","184944","0","2903","1336","941"
"799","ALIGN_HOLD","9677","-117","-642.7001953125","0","0","1000000","80000","184945","184945","0","2903","1336","851"
"800","ALIGN_HOLD","9679","-115","-631.7138671875","2","2000","2000000","80000","184946","184946","0","2903","1336","827"
"801","ALIGN_HOLD","9675","-119","-653.6865234375","-4","-4000","-6000000","80000","184947","184947","0","2903","1336","671"
"802","ALIGN_HOLD","9677","-117","-642.7001953125","2","2000","6000000","80000","184948","184948","0","2903","1336","581"
"803","ALIGN_HOLD","9674","-120","-659.1796875","-3","-3000","-5000000","80000","184949","184949","0","2903","1336","491"
"804","ALIGN_HOLD","9677","-117","-642.7001953125","3","3000","6000000","80000","184950","184950","0","2903","1336","401"
"805","ALIGN_HOLD","9676","-118","-648.193359375","-1","-1000","-4000000","80000","184951","184951","0","2903","1336","311"
"806","ALIGN_HOLD","9680","-114","-626.220703125","4","4000","5000000","80000","184952","184952","0","2903","1336","221"
"807","ALIGN_HOLD","9673","-121","-664.6728515625","-7","-7000","-11000000","80000","184953","184953","0","2903","1336","131"
"808","ALIGN_HOLD","9677","-117","-642.7001953125","4","4000","11000000","80000","184954","184954","0","2903","1336","41"
"809","ALIGN_HOLD","9678","-116","-637.20703125","1","1000","-3000000","80000","184955","184955","0","2903","1336","2106"
"810","ALIGN_HOLD","9677","-117","-642.7001953125","-1","-1000","-2000000","80000","184956","184956","0","2903","1336","2016"
"811","ALIGN_HOLD","9677","-117","-642.7001953125","0","0","1000000","80000","184957","184957","0","2903","1336","1926"
"812","ALIGN_HOLD","9674","-120","-659.1796875","-3","-3000","-3000000","80000","184958","184958","0","2903","1336","1836"
"813","ALIGN_HOLD","9677","-117","-642.7001953125","3","3000","6000000","80000","184959","184959","0","2903","1336","1746"
"814","ALIGN_HOLD","9674","-120","-659.1796875","-3","-3000","-6000000","80000","184960","184960","0","2903","1336","1656"
"815","ALIGN_HOLD","9675","-119","-653.6865234375","1","1000","4000000","80000","184961","184961","0","2903","1336","1566"
"816","ALIGN_HOLD","9675","-119","-653.6865234375","0","0","-1000000","80000","184962","184962","0","2903","1336","1476"
"817","ALIGN_HOLD","9678","-116","-637.20703125","3","3000","3000000","80000","184963","184963","0","2903","1336","1386"
"818","ALIGN_HOLD","9676","-118","-648.193359375","-2","-2000","-5000000","80000","184964","184964","0","2903","1336","1296"
"819","ALIGN_HOLD","9677","-117","-642.7001953125","1","1000","3000000","80000","184965","184965","0","2903","1336","1206"
"820","ALIGN_HOLD","9679","-115","-631.7138671875","2","2000","1000000","80000","184966","184966","0","2903","1336","1116"
"821","ALIGN_HOLD","9680","-114","-626.220703125","1","1000","-1000000","80000","184967","184967","0","2903","1336","1026"
"822","ALIGN_HOLD","9678","-116","-637.20703125","-2","-2000","-3000000","80000","184968","184968","0","2903","1336","936"
"823","ALIGN_HOLD","9678","-116","-637.20703125","0","0","2000000","80000","184969","184969","0","2903","1336","846"
"824","ALIGN_HOLD","9680","-114","-626.220703125","2","2000","2000000","80000","184970","184970","0","2903","1336","756"
"825","ALIGN_HOLD","9682","-112","-615.234375","2","2000","0","80000","184971","184971","0","2903","1336","666"
"826","ALIGN_HOLD","9678","-116","-637.20703125","-4","-4000","-6000000","80000","184972","184972","0","2903","1336","576"
"827","ALIGN_HOLD","9673","-121","-664.6728515625","-5","-5000","-1000000","80000","184973","184973","0","2903","1336","486"
"828","ALIGN_HOLD","9676","-118","-648.193359375","3","3000","8000000","80000","184974","184974","0","2903","1336","396"
"829","ALIGN_HOLD","9679","-115","-631.7138671875","3","3000","0","80000","184975","184975","0","2903","1336","306"
"830","ALIGN_HOLD","9679","-115","-631.7138671875","0","0","-3000000","80000","184976","184976","0","2903","1336","216"
"831","ALIGN_HOLD","9676","-118","-648.193359375","-3","-3000","-3000000","80000","184977","184977","0","2903","1336","126"
"832","ALIGN_HOLD","9679","-115","-631.7138671875","3","3000","6000000","80000","184978","184978","0","2903","1336","36"
"833","ALIGN_HOLD","9676","-118","-648.193359375","-3","-3000","-6000000","80000","184979","184979","0","2903","1336","2101"
"834","ALIGN_HOLD","9673","-121","-664.6728515625","-3","-3000","0","80000","184980","184980","0","2903","1336","2011"
"835","ALIGN_HOLD","9677","-117","-642.7001953125","4","4000","7000000","80000","184981","184981","0","2903","1336","1921"
"836","ALIGN_HOLD","9675","-119","-653.6865234375","-2","-2000","-6000000","80000","184982","184982","0","2903","1336","1831"
"837","ALIGN_HOLD","9678","-116","-637.20703125","3","3000","5000000","80000","184983","184983","0","2903","1336","1741"
"838","ALIGN_HOLD","9679","-115","-631.7138671875","1","1000","-2000000","80000","184984","184984","0","2903","1336","1651"
"839","ALIGN_HOLD","9679","-115","-631.7138671875","0","0","-1000000","80000","184985","184985","0","2903","1336","1561"
"840","ALIGN_HOLD","9678","-116","-637.20703125","-1","-1000","-1000000","80000","184986","184986","0","2903","1336","1471"
"841","ALIGN_HOLD","9675","-119","-653.6865234375","-3","-3000","-2000000","80000","184987","184987","0","2903","1336","1381"
"842","ALIGN_HOLD","9678","-116","-637.20703125","3","3000","6000000","80000","184988","184988","0","2903","1336","1291"
"843","ALIGN_HOLD","9679","-115","-631.7138671875","1","1000","-2000000","80000","184989","184989","0","2903","1336","1201"
"844","ALIGN_HOLD","9676","-118","-648.193359375","-3","-3000","-4000000","80000","184990","184990","0","2903","1336","1111"
"845","ALIGN_HOLD","9677","-117","-642.7001953125","1","1000","4000000","80000","184991","184991","0","2903","1336","1021"
"846","ALIGN_HOLD","9676","-118","-648.193359375","-1","-1000","-2000000","80000","184992","184992","0","2903","1336","931"
"847","ALIGN_HOLD","9678","-116","-637.20703125","2","2000","3000000","80000","184993","184993","0","2903","1336","841"
"848","ALIGN_HOLD","9674","-120","-659.1796875","-4","-4000","-6000000","80000","184994","184994","0","2903","1336","751"
"849","ALIGN_HOLD","9675","-119","-653.6865234375","1","1000","5000000","80000","184995","184995","0","2903","1336","661"
"850","ALIGN_HOLD","9676","-118","-648.193359375","1","1000","0","80000","184996","184996","0","2903","1336","571"
"851","ALIGN_HOLD","9676","-118","-648.193359375","0","0","-1000000","80000","184997","184997","0","2903","1336","481"
"852","ALIGN_HOLD","9677","-117","-642.7001953125","1","1000","1000000","80000","184998","184998","0","2903","1336","391"
"853","ALIGN_HOLD","9675","-119","-653.6865234375","-2","-2000","-3000000","80000","184999","184999","0","2903","1336","301"
"854","ALIGN_HOLD","9676","-118","-648.193359375","1","1000","3000000","80000","185000","185000","0","2903","1336","211"
"855","ALIGN_HOLD","9677","-117","-642.7001953125","1","1000","0","80000","185001","185001","0","2903","1336","121"
"856","ALIGN_HOLD","9677","-117","-642.7001953125","0","0","-1000000","80000","185002","185002","0","2903","1336","31"
"857","ALIGN_HOLD","9677","-117","-642.7001953125","0","0","0","80000","185003","185003","0","2903","1336","2096"
"858","ALIGN_HOLD","9679","-115","-631.7138671875","2","2000","2000000","80000","185004","185004","0","2903","1336","2006"
"859","ALIGN_HOLD","9675","-119","-653.6865234375","-4","-4000","-6000000","80000","185005","185005","0","2903","1336","1916"
"860","ALIGN_HOLD","9681","-113","-620.7275390625","6","6000","10000000","80000","185006","185006","0","2903","1336","1826"
"861","ALIGN_HOLD","9680","-114","-626.220703125","-1","-1000","-7000000","80000","185007","185007","0","2903","1336","1736"
"862","ALIGN_HOLD","9676","-118","-648.193359375","-4","-4000","-3000000","80000","185008","185008","0","2903","1336","1646"
"863","ALIGN_HOLD","9678","-116","-637.20703125","2","2000","6000000","80000","185009","185009","0","2903","1336","1556"
"864","ALIGN_HOLD","9677","-117","-642.7001953125","-1","-1000","-3000000","80000","185010","185010","0","2903","1336","1466"
"865","ALIGN_HOLD","9677","-117","-642.7001953125","0","0","1000000","80000","185011","185011","0","2903","1336","1376"
"866","ALIGN_HOLD","9676","-118","-648.193359375","-1","-1000","-1000000","80000","185012","185012","0","2903","1336","1286"
"867","ALIGN_HOLD","9679","-115","-631.7138671875","3","3000","4000000","80000","185013","185013","0","2903","1336","1196"
"868","ALIGN_HOLD","9677","-117","-642.7001953125","-2","-2000","-5000000","80000","185014","185014","0","2903","1336","1106"
"869","ALIGN_HOLD","9677","-117","-642.7001953125","0","0","2000000","80000","185015","185015","0","2903","1336","1016"
"870","ALIGN_HOLD","9675","-119","-653.6865234375","-2","-2000","-2000000","80000","185016","185016","0","2903","1336","926"
"871","ALIGN_HOLD","9675","-119","-653.6865234375","0","0","2000000","80000","185017","185017","0","2903","1336","836"
"872","ALIGN_HOLD","9679","-115","-631.7138671875","4","4000","4000000","80000","185018","185018","0","2903","1336","746"
"873","ALIGN_HOLD","9680","-114","-626.220703125","1","1000","-3000000","80000","185019","185019","0","2903","1336","656"
"874","ALIGN_HOLD","9677","-117","-642.7001953125","-3","-3000","-4000000","80000","185020","185020","0","2903","1336","566"
"875","ALIGN_HOLD","9676","-118","-648.193359375","-1","-1000","2000000","80000","185021","185021","0","2903","1336","476"
"876","ALIGN_HOLD","9678","-116","-637.20703125","2","2000","3000000","80000","185022","185022","0","2903","1336","386"
"877","ALIGN_HOLD","9679","-115","-631.7138671875","1","1000","-1000000","80000","185023","185023","0","2903","1336","296"
"878","ALIGN_HOLD","9680","-114","-626.220703125","1","1000","0","80000","185024","185024","0","2903","1336","206"
"879","ALIGN_HOLD","9678","-116","-637.20703125","-2","-2000","-3000000","80000","185025","185025","0","2903","1336","116"
"880","ALIGN_HOLD","9678","-116","-637.20703125","0","0","2000000","80000","185026","185026","0","2903","1336","26"
"881","ALIGN_HOLD","9680","-114","-626.220703125","2","2000","2000000","80000","185027","185027","0","2903","1336","2091"
"882","ALIGN_HOLD","9675","-119","-653.6865234375","-5","-5000","-7000000","80000","185028","185028","0","2903","1336","2001"
"883","ALIGN_HOLD","9680","-114","-626.220703125","5","5000","10000000","80000","185029","185029","0","2903","1336","1911"
"884","ALIGN_HOLD","9679","-115","-631.7138671875","-1","-1000","-6000000","80000","185030","185030","0","2903","1336","1821"
"885","ALIGN_HOLD","9679","-115","-631.7138671875","0","0","1000000","80000","185031","185031","0","2903","1336","1731"
"886","ALIGN_HOLD","9677","-117","-642.7001953125","-2","-2000","-2000000","80000","185032","185032","0","2903","1336","1641"
"887","ALIGN_HOLD","9673","-121","-664.6728515625","-4","-4000","-2000000","80000","185033","185033","0","2903","1336","1551"
"888","ALIGN_HOLD","9674","-120","-659.1796875","1","1000","5000000","80000","185034","185034","0","2903","1336","1461"
"889","ALIGN_HOLD","9678","-116","-637.20703125","4","4000","3000000","80000","185035","185035","0","2903","1336","1371"
"890","ALIGN_HOLD","9679","-115","-631.7138671875","1","1000","-3000000","80000","185036","185036","0","2903","1336","1281"
"891","ALIGN_HOLD","9678","-116","-637.20703125","-1","-1000","-2000000","80000","185037","185037","0","2903","1336","1191"
"892","ALIGN_HOLD","9677","-117","-642.7001953125","-1","-1000","0","80000","185038","185038","0","2903","1336","1101"
"893","ALIGN_HOLD","9677","-117","-642.7001953125","0","0","1000000","80000","185039","185039","0","2903","1336","1011"
"894","ALIGN_HOLD","9678","-116","-637.20703125","1","1000","1000000","80000","185040","185040","0","2903","1336","921"
"895","ALIGN_HOLD","9675","-119","-653.6865234375","-3","-3000","-4000000","80000","185041","185041","0","2903","1336","831"
"896","ALIGN_HOLD","9673","-121","-664.6728515625","-2","-2000","1000000","80000","185042","185042","0","2903","1336","741"
"897","ALIGN_HOLD","9678","-116","-637.20703125","5","5000","7000000","80000","185043","185043","0","2903","1336","651"
"898","ALIGN_HOLD","9674","-120","-659.1796875","-4","-4000","-9000000","80000","185044","185044","0","2903","1336","561"
"899","ALIGN_HOLD","9676","-118","-648.193359375","2","2000","6000000","80000","185045","185045","0","2903","1336","471"
"900","ALIGN_HOLD","9677","-117","-642.7001953125","1","1000","-1000000","80000","185046","185046","0","2903","1336","381"
"901","ALIGN_HOLD","9678","-116","-637.20703125","1","1000","0","80000","185047","185047","0","2903","1336","291"
"902","ALIGN_HOLD","9676","-118","-648.193359375","-2","-2000","-3000000","80000","185048","185048","0","2903","1336","201"
"903","ALIGN_HOLD","9679","-115","-631.7138671875","3","3000","5000000","80000","185049","185049","0","2903","1336","111"
"904","ALIGN_HOLD","9677","-117","-642.7001953125","-2","-2000","-5000000","80000","185050","185050","0","2903","1336","21"
"905","ALIGN_HOLD","9676","-118","-648.193359375","-1","-1000","1000000","80000","185051","185051","0","2903","1336","2086"
"906","ALIGN_HOLD","9673","-121","-664.6728515625","-3","-3000","-2000000","80000","185052","185052","0","2903","1336","1996"
"907","ALIGN_HOLD","9677","-117","-642.7001953125","4","4000","7000000","80000","185053","185053","0","2903","1336","1906"
"908","ALIGN_HOLD","9679","-115","-631.7138671875","2","2000","-2000000","80000","185054","185054","0","2903","1336","1816"
"909","ALIGN_HOLD","9678","-116","-637.20703125","-1","-1000","-3000000","80000","185055","185055","0","2903","1336","1726"
"910","ALIGN_HOLD","9680","-114","-626.220703125","2","2000","3000000","80000","185056","185056","0","2903","1336","1636"
"911","ALIGN_HOLD","9679","-115","-631.7138671875","-1","-1000","-3000000","80000","185057","185057","0","2903","1336","1546"
"912","ALIGN_HOLD","9678","-116","-637.20703125","-1","-1000","0","80000","185058","185058","0","2903","1336","1456"
"913","ALIGN_HOLD","9674","-120","-659.1796875","-4","-4000","-3000000","80000","185059","185059","0","2903","1336","1366"
"914","ALIGN_HOLD","9676","-118","-648.193359375","2","2000","6000000","80000","185060","185060","0","2903","1336","1276"
"915","ALIGN_HOLD","9671","-123","-675.6591796875","-5","-5000","-7000000","80000","185061","185061","0","2903","1336","1186"
"916","ALIGN_HOLD","9672","-122","-670.166015625","1","1000","6000000","80000","185062","185062","0","2903","1336","1096"
"917","ALIGN_HOLD","9673","-121","-664.6728515625","1","1000","0","80000","185063","185063","0","2903","1336","1006"
"918","ALIGN_HOLD","9678","-116","-637.20703125","5","5000","4000000","80000","185064","185064","0","2903","1336","916"
"919","ALIGN_HOLD","9677","-117","-642.7001953125","-1","-1000","-6000000","80000","185065","185065","0","2903","1336","826"
"920","ALIGN_HOLD","9676","-118","-648.193359375","-1","-1000","0","80000","185066","185066","0","2903","1336","736"
"921","ALIGN_HOLD","9681","-113","-620.7275390625","5","5000","6000000","80000","185067","185067","0","2903","1336","646"
"922","ALIGN_HOLD","9675","-119","-653.6865234375","-6","-6000","-11000000","80000","185068","185068","0","2903","1336","556"
"923","ALIGN_HOLD","9676","-118","-648.193359375","1","1000","7000000","80000","185069","185069","0","2903","1336","466"
"924","ALIGN_HOLD","9675","-119","-653.6865234375","-1","-1000","-2000000","80000","185070","185070","0","2903","1336","376"
"925","ALIGN_HOLD","9677","-117","-642.7001953125","2","2000","3000000","80000","185071","185071","0","2903","1336","286"
"926","ALIGN_HOLD","9681","-113","-620.7275390625","4","4000","2000000","80000","185072","185072","0","2903","1336","196"
"927","ALIGN_HOLD","9675","-119","-653.6865234375","-6","-6000","-10000000","80000","185073","185073","0","2903","1336","106"
"928","ALIGN_HOLD","9679","-115","-631.7138671875","4","4000","10000000","80000","185074","185074","0","2903","1336","16"
"929","ALIGN_HOLD","9675","-119","-653.6865234375","-4","-4000","-8000000","80000","185075","185075","0","2903","1336","2081"
"930","ALIGN_HOLD","9679","-115","-631.7138671875","4","4000","8000000","80000","185076","185076","0","2903","1336","1991"
"931","ALIGN_HOLD","9680","-114","-626.220703125","1","1000","-3000000","80000","185077","185077","0","2903","1336","1901"
"932","ALIGN_HOLD","9675","-119","-653.6865234375","-5","-5000","-6000000","80000","185078","185078","0","2903","1336","1811"
"933","ALIGN_HOLD","9680","-114","-626.220703125","5","5000","10000000","80000","185079","185079","0","2903","1336","1721"
"934","ALIGN_HOLD","9676","-118","-648.193359375","-4","-4000","-9000000","80000","185080","185080","0","2903","1336","1631"
"935","ALIGN_HOLD","9676","-118","-648.193359375","0","0","4000000","80000","185081","185081","0","2903","1336","1541"
"936","ALIGN_HOLD","9677","-117","-642.7001953125","1","1000","1000000","80000","185082","185082","0","2903","1336","1451"
"937","ALIGN_HOLD","9678","-116","-637.20703125","1","1000","0","80000","185083","185083","0","2903","1336","1361"
"938","ALIGN_HOLD","9678","-116","-637.20703125","0","0","-1000000","80000","185084","185084","0","2903","1336","1271"
"939","ALIGN_HOLD","9675","-119","-653.6865234375","-3","-3000","-3000000","80000","185085","185085","0","2903","1336","1181"
"940","ALIGN_HOLD","9676","-118","-648.193359375","1","1000","4000000","80000","185086","185086","0","2903","1336","1091"
"941","ALIGN_HOLD","9676","-118","-648.193359375","0","0","-1000000","80000","185087","185087","0","2903","1336","1001"
"942","ALIGN_HOLD","9679","-115","-631.7138671875","3","3000","3000000","80000","185088","185088","0","2903","1336","911"
"943","ALIGN_HOLD","9674","-120","-659.1796875","-5","-5000","-8000000","80000","185089","185089","0","2903","1336","821"
"944","ALIGN_HOLD","9675","-119","-653.6865234375","1","1000","6000000","80000","185090","185090","0","2903","1336","731"
"945","ALIGN_HOLD","9676","-118","-648.193359375","1","1000","0","80000","185091","185091","0","2903","1336","641"
"946","ALIGN_HOLD","9680","-114","-626.220703125","4","4000","3000000","80000","185092","185092","0","2903","1336","551"
"947","ALIGN_HOLD","9677","-117","-642.7001953125","-3","-3000","-7000000","80000","185093","185093","0","2903","1336","461"
"948","ALIGN_HOLD","9679","-115","-631.7138671875","2","2000","5000000","80000","185094","185094","0","2903","1336","371"
"949","ALIGN_HOLD","9676","-118","-648.193359375","-3","-3000","-5000000","80000","185095","185095","0","2903","1336","281"
"950","ALIGN_HOLD","9676","-118","-648.193359375","0","0","3000000","80000","185096","185096","0","2903","1336","191"
"951","ALIGN_HOLD","9679","-115","-631.7138671875","3","3000","3000000","80000","185097","185097","0","2903","1336","101"
"952","ALIGN_HOLD","9678","-116","-637.20703125","-1","-1000","-4000000","80000","185098","185098","0","2903","1336","11"
"953","ALIGN_HOLD","9676","-118","-648.193359375","-2","-2000","-1000000","80000","185099","185099","0","2903","1336","2076"
"954","ALIGN_HOLD","9680","-114","-626.220703125","4","4000","6000000","80000","185100","185100","0","2903","1336","1986"
"955","ALIGN_HOLD","9675","-119","-653.6865234375","-5","-5000","-9000000","80000","185101","185101","0","2903","1336","1896"
"956","ALIGN_HOLD","9677","-117","-642.7001953125","2","2000","7000000","80000","185102","185102","0","2903","1336","1806"
"957","ALIGN_HOLD","9677","-117","-642.7001953125","0","0","-2000000","80000","185103","185103","0","2903","1336","1716"
"958","ALIGN_HOLD","9679","-115","-631.7138671875","2","2000","2000000","80000","185104","185104","0","2903","1336","1626"
"959","ALIGN_HOLD","9677","-117","-642.7001953125","-2","-2000","-4000000","80000","185105","185105","0","2903","1336","1536"
"960","ALIGN_HOLD","9677","-117","-642.7001953125","0","0","2000000","80000","185106","185106","0","2903","1336","1446"
"961","ALIGN_HOLD","9678","-116","-637.20703125","1","1000","1000000","80000","185107","185107","0","2903","1336","1356"
"962","ALIGN_HOLD","9675","-119","-653.6865234375","-3","-3000","-4000000","80000","185108","185108","0","2903","1336","1266"
"963","ALIGN_HOLD","9675","-119","-653.6865234375","0","0","3000000","80000","185109","185109","0","2903","1336","1176"
"964","ALIGN_HOLD","9673","-121","-664.6728515625","-2","-2000","-2000000","80000","185110","185110","0","2903","1336","1086"
"965","ALIGN_HOLD","9675","-119","-653.6865234375","2","2000","4000000","80000","185111","185111","0","2903","1336","996"
"966","ALIGN_HOLD","9676","-118","-648.193359375","1","1000","-1000000","80000","185112","185112","0","2903","1336","906"
"967","ALIGN_HOLD","9675","-119","-653.6865234375","-1","-1000","-2000000","80000","185113","185113","0","2903","1336","816"
"968","ALIGN_HOLD","9677","-117","-642.7001953125","2","2000","3000000","80000","185114","185114","0","2903","1336","726"
"969","ALIGN_HOLD","9676","-118","-648.193359375","-1","-1000","-3000000","80000","185115","185115","0","2903","1336","636"
"970","ALIGN_HOLD","9678","-116","-637.20703125","2","2000","3000000","80000","185116","185116","0","2903","1336","546"
"971","ALIGN_HOLD","9674","-120","-659.1796875","-4","-4000","-6000000","80000","185117","185117","0","2903","1336","456"
"972","ALIGN_HOLD","9678","-116","-637.20703125","4","4000","8000000","80000","185118","185118","0","2903","1336","366"
"973","ALIGN_HOLD","9675","-119","-653.6865234375","-3","-3000","-7000000","80000","185119","185119","0","2903","1336","276"
"974","ALIGN_HOLD","9674","-120","-659.1796875","-1","-1000","2000000","80000","185120","185120","0","2903","1336","186"
"975","ALIGN_HOLD","9676","-118","-648.193359375","2","2000","3000000","80000","185121","185121","0","2903","1336","96"
"976","ALIGN_HOLD","9679","-115","-631.7138671875","3","3000","1000000","80000","185122","185122","0","2903","1336","6"
"977","ALIGN_HOLD","9676","-118","-648.193359375","-3","-3000","-6000000","80000","185123","185123","0","2903","1336","2071"
"978","ALIGN_HOLD","9678","-116","-637.20703125","2","2000","5000000","80000","185124","185124","0","2903","1336","1981"
"979","ALIGN_HOLD","9675","-119","-653.6865234375","-3","-3000","-5000000","80000","185125","185125","0","2903","1336","1891"
"980","ALIGN_HOLD","9674","-120","-659.1796875","-1","-1000","2000000","80000","185126","185126","0","2903","1336","1801"
"981","ALIGN_HOLD","9675","-119","-653.6865234375","1","1000","2000000","80000","185127","185127","0","2903","1336","1711"
"982","ALIGN_HOLD","9674","-120","-659.1796875","-1","-1000","-2000000","80000","185128","185128","0","2903","1336","1621"
"983","ALIGN_HOLD","9678","-116","-637.20703125","4","4000","5000000","80000","185129","185129","0","2903","1336","1531"
"984","ALIGN_HOLD","9675","-119","-653.6865234375","-3","-3000","-7000000","80000","185130","185130","0","2903","1336","1441"
"985","ALIGN_HOLD","9677","-117","-642.7001953125","2","2000","5000000","80000","185131","185131","0","2903","1336","1351"
"986","ALIGN_HOLD","9674","-120","-659.1796875","-3","-3000","-5000000","80000","185132","185132","0","2903","1336","1261"
"987","ALIGN_HOLD","9679","-115","-631.7138671875","5","5000","8000000","80000","185133","185133","0","2903","1336","1171"
"988","ALIGN_HOLD","9675","-119","-653.6865234375","-4","-4000","-9000000","80000","185134","185134","0","2903","1336","1081"
"989","ALIGN_HOLD","9674","-120","-659.1796875","-1","-1000","3000000","80000","185135","185135","0","2903","1336","991"
"990","ALIGN_HOLD","9678","-116","-637.20703125","4","4000","5000000","80000","185136","185136","0","2903","1336","901"
"991","ALIGN_HOLD","9679","-115","-631.7138671875","1","1000","-3000000","80000","185137","185137","0","2903","1336","811"
"992","ALIGN_HOLD","9678","-116","-637.20703125","-1","-1000","-2000000","80000","185138","185138","0","2903","1336","721"
"993","ALIGN_HOLD","9676","-118","-648.193359375","-2","-2000","-1000000","80000","185139","185139","0","2903","1336","631"
"994","ALIGN_HOLD","9676","-118","-648.193359375","0","0","2000000","80000","185140","185140","0","2903","1336","541"
"995","ALIGN_HOLD","9676","-118","-648.193359375","0","0","0","80000","185141","185141","0","2903","1336","451"
"996","ALIGN_HOLD","9679","-115","-631.7138671875","3","3000","3000000","80000","185142","185142","0","2903","1336","361"
"997","ALIGN_HOLD","9673","-121","-664.6728515625","-6","-6000","-9000000","80000","185143","185143","0","2903","1336","271"
"998","ALIGN_HOLD","9675","-119","-653.6865234375","2","2000","8000000","80000","185144","185144","0","2903","1336","181"
"999","ALIGN_HOLD","9678","-116","-637.20703125","3","3000","1000000","80000","185145","185145","0","2903","1336","91"
"1000","ALIGN_HOLD","9677","-117","-642.7001953125","-1","-1000","-4000000","80000","185146","185146","0","2903","1336","67"
