"Seq","Phase","EncoderRaw","TravelRaw","TravelMilliDeg","DeltaRaw","VelocityRawPerSecond","AccelerationRawPerSecond2","PowerPpm","ScheduledTick","SampleTick","LatenessTicks","LoopCycles","SpiLatencyCycles","PwmCounterAtCs"
"0","ALIGN_RAMP","26065","0","0","0","0","0","0","141903","141903","0","2897","1336","596"
"1","ALIGN_RAMP","26064","-1","-5.4931640625","-1","-1000","-1000000","160","141904","141904","0","2902","1336","2006"
"2","ALIGN_RAMP","26065","0","0","1","1000","2000000","320","141905","141905","0","2902","1336","1916"
"3","ALIGN_RAMP","26063","-2","-10.986328125","-2","-2000","-3000000","480","141906","141906","0","2902","1336","1826"
"4","ALIGN_RAMP","26065","0","0","2","2000","4000000","640","141907","141907","0","2902","1336","1736"
"5","ALIGN_RAMP","26063","-2","-10.986328125","-2","-2000","-4000000","800","141908","141908","0","2902","1336","1646"
"6","ALIGN_RAMP","26064","-1","-5.4931640625","1","1000","3000000","960","141909","141909","0","2902","1336","1556"
"7","ALIGN_RAMP","26064","-1","-5.4931640625","0","0","-1000000","1120","141910","141910","0","2902","1336","1466"
"8","ALIGN_RAMP","26067","2","10.986328125","3","3000","3000000","1280","141911","141911","0","2902","1336","1376"
"9","ALIGN_RAMP","26065","0","0","-2","-2000","-5000000","1440","141912","141912","0","2902","1336","1286"
"10","ALIGN_RAMP","26063","-2","-10.986328125","-2","-2000","0","1600","141913","141913","0","2902","1336","1196"
"11","ALIGN_RAMP","26061","-4","-21.97265625","-2","-2000","0","1760","141914","141914","0","2902","1336","1106"
"12","ALIGN_RAMP","26064","-1","-5.4931640625","3","3000","5000000","1920","141915","141915","0","2902","1336","1016"
"13","ALIGN_RAMP","26066","1","5.4931640625","2","2000","-1000000","2080","141916","141916","0","2902","1336","926"
"14","ALIGN_RAMP","26064","-1","-5.4931640625","-2","-2000","-4000000","2240","141917","141917","0","2902","1336","836"
"15","ALIGN_RAMP","26065","0","0","1","1000","3000000","2400","141918","141918","0","2902","1336","746"
"16","ALIGN_RAMP","26067","2","10.986328125","2","2000","1000000","2560","141919","141919","0","2902","1336","656"
"17","ALIGN_RAMP","26064","-1","-5.4931640625","-3","-3000","-5000000","2720","141920","141920","0","2902","1336","566"
"18","ALIGN_RAMP","26066","1","5.4931640625","2","2000","5000000","2880","141921","141921","0","2902","1336","476"
"19","ALIGN_RAMP","26064","-1","-5.4931640625","-2","-2000","-4000000","3040","141922","141922","0","2902","1336","386"
"20","ALIGN_RAMP","26066","1","5.4931640625","2","2000","4000000","3200","141923","141923","0","2902","1336","296"
"21","ALIGN_RAMP","26066","1","5.4931640625","0","0","-2000000","3360","141924","141924","0","2902","1336","206"
"22","ALIGN_RAMP","26065","0","0","-1","-1000","-1000000","3520","141925","141925","0","2902","1336","116"
"23","ALIGN_RAMP","26064","-1","-5.4931640625","-1","-1000","0","3680","141926","141926","0","2902","1336","26"
"24","ALIGN_RAMP","26065","0","0","1","1000","2000000","3840","141927","141927","0","2902","1336","2091"
"25","ALIGN_RAMP","26067","2","10.986328125","2","2000","1000000","4000","141928","141928","0","2902","1336","2001"
"26","ALIGN_RAMP","26064","-1","-5.4931640625","-3","-3000","-5000000","4160","141929","141929","0","2902","1336","1911"
"27","ALIGN_RAMP","26064","-1","-5.4931640625","0","0","3000000","4320","141930","141930","0","2902","1336","1821"
"28","ALIGN_RAMP","26062","-3","-16.4794921875","-2","-2000","-2000000","4480","141931","141931","0","2902","1336","1731"
"29","ALIGN_RAMP","26063","-2","-10.986328125","1","1000","3000000","4640","141932","141932","0","2902","1336","1641"
"30","ALIGN_RAMP","26064","-1","-5.4931640625","1","1000","0","4800","141933","141933","0","2902","1336","1551"
"31","ALIGN_RAMP","26065","0","0","1","1000","0","4960","141934","141934","0","2902","1336","1461"
"32","ALIGN_RAMP","26064","-1","-5.4931640625","-1","-1000","-2000000","5120","141935","141935","0","2902","1336","1371"
"33","ALIGN_RAMP","26065","0","0","1","1000","2000000","5280","141936","141936","0","2902","1336","1281"
"34","ALIGN_RAMP","26062","-3","-16.4794921875","-3","-3000","-4000000","5440","141937","141937","0","2902","1336","1191"
"35","ALIGN_RAMP","26065","0","0","3","3000","6000000","5600","141938","141938","0","2902","1336","1101"
"36","ALIGN_RAMP","26065","0","0","0","0","-3000000","5760","141939","141939","0","2902","1336","1011"
"37","ALIGN_RAMP","26064","-1","-5.4931640625","-1","-1000","-1000000","5920","141940","141940","0","2902","1336","921"
"38","ALIGN_RAMP","26064","-1","-5.4931640625","0","0","1000000","6080","141941","141941","0","2902","1336","831"
"39","ALIGN_RAMP","26063","-2","-10.986328125","-1","-1000","-1000000","6240","141942","141942","0","2902","1336","741"
"40","ALIGN_RAMP","26065","0","0","2","2000","3000000","6400","141943","141943","0","2902","1336","651"
"41","ALIGN_RAMP","26062","-3","-16.4794921875","-3","-3000","-5000000","6560","141944","141944","0","2902","1336","561"
"42","ALIGN_RAMP","26064","-1","-5.4931640625","2","2000","5000000","6720","141945","141945","0","2902","1336","471"
"43","ALIGN_RAMP","26066","1","5.4931640625","2","2000","0","6880","141946","141946","0","2902","1336","381"
"44","ALIGN_RAMP","26064","-1","-5.4931640625","-2","-2000","-4000000","7040","141947","141947","0","2902","1336","291"
"45","ALIGN_RAMP","26067","2","10.986328125","3","3000","5000000","7200","141948","141948","0","2902","1336","201"
"46","ALIGN_RAMP","26069","4","21.97265625","2","2000","-1000000","7360","141949","141949","0","2902","1336","111"
"47","ALIGN_RAMP","26064","-1","-5.4931640625","-5","-5000","-7000000","7520","141950","141950","0","2902","1336","21"
"48","ALIGN_RAMP","26064","-1","-5.4931640625","0","0","5000000","7680","141951","141951","0","2902","1336","2086"
"49","ALIGN_RAMP","26064","-1","-5.4931640625","0","0","0","7840","141952","141952","0","2902","1336","1996"
"50","ALIGN_RAMP","26065","0","0","1","1000","1000000","8000","141953","141953","0","2902","1336","1906"
"51","ALIGN_RAMP","26064","-1","-5.4931640625","-1","-1000","-2000000","8160","141954","141954","0","2902","1336","1816"
"52","ALIGN_RAMP","26063","-2","-10.986328125","-1","-1000","0","8320","141955","141955","0","2902","1336","1726"
"53","ALIGN_RAMP","26064","-1","-5.4931640625","1","1000","2000000","8480","141956","141956","0","2902","1336","1636"
"54","ALIGN_RAMP","26069","4","21.97265625","5","5000","4000000","8640","141957","141957","0","2902","1336","1546"
"55","ALIGN_RAMP","26067","2","10.986328125","-2","-2000","-7000000","8800","141958","141958","0","2902","1336","1456"
"56","ALIGN_RAMP","26062","-3","-16.4794921875","-5","-5000","-3000000","8960","141959","141959","0","2902","1336","1366"
"57","ALIGN_RAMP","26060","-5","-27.4658203125","-2","-2000","3000000","9120","141960","141960","0","2902","1336","1276"
"58","ALIGN_RAMP","26067","2","10.986328125","7","7000","9000000","9280","141961","141961","0","2902","1336","1186"
"59","ALIGN_RAMP","26062","-3","-16.4794921875","-5","-5000","-12000000","9440","141962","141962","0","2902","1336","1096"
"60","ALIGN_RAMP","26067","2","10.986328125","5","5000","10000000","9600","141963","141963","0","2902","1336","1006"
"61","ALIGN_RAMP","26064","-1","-5.4931640625","-3","-3000","-8000000","9760","141964","141964","0","2902","1336","916"
"62","ALIGN_RAMP","26068","3","16.4794921875","4","4000","7000000","9920","141965","141965","0","2902","1336","826"
"63","ALIGN_RAMP","26065","0","0","-3","-3000","-7000000","10080","141966","141966","0","2902","1336","736"
"64","ALIGN_RAMP","26067","2","10.986328125","2","2000","5000000","10240","141967","141967","0","2902","1336","646"
"65","ALIGN_RAMP","26063","-2","-10.986328125","-4","-4000","-6000000","10400","141968","141968","0","2902","1336","556"
"66","ALIGN_RAMP","26065","0","0","2","2000","6000000","10560","141969","141969","0","2902","1336","466"
"67","ALIGN_RAMP","26066","1","5.4931640625","1","1000","-1000000","10720","141970","141970","0","2902","1336","376"
"68","ALIGN_RAMP","26066","1","5.4931640625","0","0","-1000000","10880","141971","141971","0","2902","1336","286"
"69","ALIGN_RAMP","26064","-1","-5.4931640625","-2","-2000","-2000000","11040","141972","141972","0","2902","1336","196"
"70","ALIGN_RAMP","26066","1","5.4931640625","2","2000","4000000","11200","141973","141973","0","2902","1336","106"
"71","ALIGN_RAMP","26070","5","27.4658203125","4","4000","2000000","11360","141974","141974","0","2902","1336","16"
"72","ALIGN_RAMP","26063","-2","-10.986328125","-7","-7000","-11000000","11520","141975","141975","0","2902","1336","2081"
"73","ALIGN_RAMP","26064","-1","-5.4931640625","1","1000","8000000","11680","141976","141976","0","2902","1336","1991"
"74","ALIGN_RAMP","26066","1","5.4931640625","2","2000","1000000","11840","141977","141977","0","2902","1336","1901"
"75","ALIGN_RAMP","26067","2","10.986328125","1","1000","-1000000","12000","141978","141978","0","2902","1336","1811"
"76","ALIGN_RAMP","26064","-1","-5.4931640625","-3","-3000","-4000000","12160","141979","141979","0","2902","1336","1721"
"77","ALIGN_RAMP","26064","-1","-5.4931640625","0","0","3000000","12320","141980","141980","0","2902","1336","1631"
"78","ALIGN_RAMP","26068","3","16.4794921875","4","4000","4000000","12480","141981","141981","0","2902","1336","1541"
"79","ALIGN_RAMP","26064","-1","-5.4931640625","-4","-4000","-8000000","12640","141982","141982","0","2902","1336","1451"
"80","ALIGN_RAMP","26064","-1","-5.4931640625","0","0","4000000","12800","141983","141983","0","2902","1336","1361"
"81","ALIGN_RAMP","26063","-2","-10.986328125","-1","-1000","-1000000","12960","141984","141984","0","2902","1336","1271"
"82","ALIGN_RAMP","26066","1","5.4931640625","3","3000","4000000","13120","141985","141985","0","2902","1336","1181"
"83","ALIGN_RAMP","26066","1","5.4931640625","0","0","-3000000","13280","141986","141986","0","2902","1336","1091"
"84","ALIGN_RAMP","26063","-2","-10.986328125","-3","-3000","-3000000","13440","141987","141987","0","2902","1336","1001"
"85","ALIGN_RAMP","26065","0","0","2","2000","5000000","13600","141988","141988","0","2902","1336","911"
"86","ALIGN_RAMP","26063","-2","-10.986328125","-2","-2000","-4000000","13760","141989","141989","0","2902","1336","821"
"87","ALIGN_RAMP","26064","-1","-5.4931640625","1","1000","3000000","13920","141990","141990","0","2902","1336","731"
"88","ALIGN_RAMP","26067","2","10.986328125","3","3000","2000000","14080","141991","141991","0","2902","1336","641"
"89","ALIGN_RAMP","26066","1","5.4931640625","-1","-1000","-4000000","14240","141992","141992","0","2902","1336","551"
"90","ALIGN_RAMP","26063","-2","-10.986328125","-3","-3000","-2000000","14400","141993","141993","0","2902","1336","461"
"91","ALIGN_RAMP","26065","0","0","2","2000","5000000","14560","141994","141994","0","2902","1336","371"
"92","ALIGN_RAMP","26066","1","5.4931640625","1","1000","-1000000","14720","141995","141995","0","2902","1336","281"
"93","ALIGN_RAMP","26061","-4","-21.97265625","-5","-5000","-6000000","14880","141996","141996","0","2902","1336","191"
"94","ALIGN_RAMP","26063","-2","-10.986328125","2","2000","7000000","15040","141997","141997","0","2902","1336","101"
"95","ALIGN_RAMP","26066","1","5.4931640625","3","3000","1000000","15200","141998","141998","0","2902","1336","11"
"96","ALIGN_RAMP","26065","0","0","-1","-1000","-4000000","15360","141999","141999","0","2902","1336","2076"
"97","ALIGN_RAMP","26067","2","10.986328125","2","2000","3000000","15520","142000","142000","0","2902","1336","1986"
"98","ALIGN_RAMP","26064","-1","-5.4931640625","-3","-3000","-5000000","15680","142001","142001","0","2902","1336","1896"
"99","ALIGN_RAMP","26066","1","5.4931640625","2","2000","5000000","15840","142002","142002","0","2902","1336","1806"
"100","ALIGN_RAMP","26066","1","5.4931640625","0","0","-2000000","16000","142003","142003","0","2902","1336","1716"
"101","ALIGN_RAMP","26065","0","0","-1","-1000","-1000000","16160","142004","142004","0","2902","1336","1626"
"102","ALIGN_RAMP","26061","-4","-21.97265625","-4","-4000","-3000000","16320","142005","142005","0","2902","1336","1536"
"103","ALIGN_RAMP","26066","1","5.4931640625","5","5000","9000000","16480","142006","142006","0","2902","1336","1446"
"104","ALIGN_RAMP","26067","2","10.986328125","1","1000","-4000000","16640","142007","142007","0","2902","1336","1356"
"105","ALIGN_RAMP","26064","-1","-5.4931640625","-3","-3000","-4000000","16800","142008","142008","0","2902","1336","1266"
"106","ALIGN_RAMP","26064","-1","-5.4931640625","0","0","3000000","16960","142009","142009","0","2902","1336","1176"
"107","ALIGN_RAMP","26061","-4","-21.97265625","-3","-3000","-3000000","17120","142010","142010","0","2902","1336","1086"
"108","ALIGN_RAMP","26062","-3","-16.4794921875","1","1000","4000000","17280","142011","142011","0","2902","1336","996"
"109","ALIGN_RAMP","26065","0","0","3","3000","2000000","17440","142012","142012","0","2902","1336","906"
"110","ALIGN_RAMP","26070","5","27.4658203125","5","5000","2000000","17600","142013","142013","0","2902","1336","816"
"111","ALIGN_RAMP","26067","2","10.986328125","-3","-3000","-8000000","17760","142014","142014","0","2902","1336","726"
"112","ALIGN_RAMP","26064","-1","-5.4931640625","-3","-3000","0","17920","142015","142015","0","2902","1336","636"
"113","ALIGN_RAMP","26066","1","5.4931640625","2","2000","5000000","18080","142016","142016","0","2902","1336","546"
"114","ALIGN_RAMP","26068","3","16.4794921875","2","2000","0","18240","142017","142017","0","2902","1336","456"
"115","ALIGN_RAMP","26064","-1","-5.4931640625","-4","-4000","-6000000","18400","142018","142018","0","2902","1336","366"
"116","ALIGN_RAMP","26063","-2","-10.986328125","-1","-1000","3000000","18560","142019","142019","0","2902","1336","276"
"117","ALIGN_RAMP","26065","0","0","2","2000","3000000","18720","142020","142020","0","2902","1336","186"
"118","ALIGN_RAMP","26062","-3","-16.4794921875","-3","-3000","-5000000","18880","142021","142021","0","2902","1336","96"
"119","ALIGN_RAMP","26069","4","21.97265625","7","7000","10000000","19040","142022","142022","0","2902","1336","6"
"120","ALIGN_RAMP","26063","-2","-10.986328125","-6","-6000","-13000000","19200","142023","142023","0","2902","1336","2071"
"121","ALIGN_RAMP","26062","-3","-16.4794921875","-1","-1000","5000000","19360","142024","142024","0","2902","1336","1981"
"122","ALIGN_RAMP","26065","0","0","3","3000","4000000","19520","142025","142025","0","2902","1336","1891"
"123","ALIGN_RAMP","26064","-1","-5.4931640625","-1","-1000","-4000000","19680","142026","142026","0","2902","1336","1801"
"124","ALIGN_RAMP","26064","-1","-5.4931640625","0","0","1000000","19840","142027","142027","0","2902","1336","1711"
"125","ALIGN_RAMP","26064","-1","-5.4931640625","0","0","0","20000","142028","142028","0","2902","1336","1621"
"126","ALIGN_RAMP","26066","1","5.4931640625","2","2000","2000000","20160","142029","142029","0","2902","1336","1531"
"127","ALIGN_RAMP","26063","-2","-10.986328125","-3","-3000","-5000000","20320","142030","142030","0","2902","1336","1441"
"128","ALIGN_RAMP","26068","3","16.4794921875","5","5000","8000000","20480","142031","142031","0","2902","1336","1351"
"129","ALIGN_RAMP","26066","1","5.4931640625","-2","-2000","-7000000","20640","142032","142032","0","2902","1336","1261"
"130","ALIGN_RAMP","26065","0","0","-1","-1000","1000000","20800","142033","142033","0","2902","1336","1171"
"131","ALIGN_RAMP","26066","1","5.4931640625","1","1000","2000000","20960","142034","142034","0","2902","1336","1081"
"132","ALIGN_RAMP","26063","-2","-10.986328125","-3","-3000","-4000000","21120","142035","142035","0","2902","1336","991"
"133","ALIGN_RAMP","26065","0","0","2","2000","5000000","21280","142036","142036","0","2902","1336","901"
"134","ALIGN_RAMP","26066","1","5.4931640625","1","1000","-1000000","21440","142037","142037","0","2902","1336","811"
"135","ALIGN_RAMP","26066","1","5.4931640625","0","0","-1000000","21600","142038","142038","0","2902","1336","721"
"136","ALIGN_RAMP","26065","0","0","-1","-1000","-1000000","21760","142039","142039","0","2902","1336","631"
"137","ALIGN_RAMP","26062","-3","-16.4794921875","-3","-3000","-2000000","21920","142040","142040","0","2902","1336","541"
"138","ALIGN_RAMP","26066","1","5.4931640625","4","4000","7000000","22080","142041","142041","0","2902","1336","451"
"139","ALIGN_RAMP","26065","0","0","-1","-1000","-5000000","22240","142042","142042","0","2902","1336","361"
"140","ALIGN_RAMP","26068","3","16.4794921875","3","3000","4000000","22400","142043","142043","0","2902","1336","271"
"141","ALIGN_RAMP","26063","-2","-10.986328125","-5","-5000","-8000000","22560","142044","142044","0","2902","1336","181"
"142","ALIGN_RAMP","26068","3","16.4794921875","5","5000","10000000","22720","142045","142045","0","2902","1336","91"
"143","ALIGN_RAMP","26064","-1","-5.4931640625","-4","-4000","-9000000","22880","142046","142046","0","2902","1336","1"
"144","ALIGN_RAMP","26064","-1","-5.4931640625","0","0","4000000","23040","142047","142047","0","2902","1336","2066"
"145","ALIGN_RAMP","26066","1","5.4931640625","2","2000","2000000","23200","142048","142048","0","2902","1336","1976"
"146","ALIGN_RAMP","26065","0","0","-1","-1000","-3000000","23360","142049","142049","0","2902","1336","1886"
"147","ALIGN_RAMP","26064","-1","-5.4931640625","-1","-1000","0","23520","142050","142050","0","2902","1336","1796"
"148","ALIGN_RAMP","26069","4","21.97265625","5","5000","6000000","23680","142051","142051","0","2902","1336","1706"
"149","ALIGN_RAMP","26066","1","5.4931640625","-3","-3000","-8000000","23840","142052","142052","0","2902","1336","1616"
"150","ALIGN_RAMP","26064","-1","-5.4931640625","-2","-2000","1000000","24000","142053","142053","0","2902","1336","1526"
"151","ALIGN_RAMP","26067","2","10.986328125","3","3000","5000000","24160","142054","142054","0","2902","1336","1436"
"152","ALIGN_RAMP","26065","0","0","-2","-2000","-5000000","24320","142055","142055","0","2902","1336","1346"
"153","ALIGN_RAMP","26070","5","27.4658203125","5","5000","7000000","24480","142056","142056","0","2902","1336","1256"
"154","ALIGN_RAMP","26063","-2","-10.986328125","-7","-7000","-12000000","24640","142057","142057","0","2902","1336","1166"
"155","ALIGN_RAMP","26068","3","16.4794921875","5","5000","12000000","24800","142058","142058","0","2902","1336","1076"
"156","ALIGN_RAMP","26065","0","0","-3","-3000","-8000000","24960","142059","142059","0","2902","1336","986"
"157","ALIGN_RAMP","26067","2","10.986328125","2","2000","5000000","25120","142060","142060","0","2902","1336","896"
"158","ALIGN_RAMP","26068","3","16.4794921875","1","1000","-1000000","25280","142061","142061","0","2902","1336","806"
"159","ALIGN_RAMP","26069","4","21.97265625","1","1000","0","25440","142062","142062","0","2902","1336","716"
"160","ALIGN_RAMP","26068","3","16.4794921875","-1","-1000","-2000000","25600","142063","142063","0","2902","1336","626"
"161","ALIGN_RAMP","26065","0","0","-3","-3000","-2000000","25760","142064","142064","0","2902","1336","536"
"162","ALIGN_RAMP","26068","3","16.4794921875","3","3000","6000000","25920","142065","142065","0","2902","1336","446"
"163","ALIGN_RAMP","26067","2","10.986328125","-1","-1000","-4000000","26080","142066","142066","0","2902","1336","356"
"164","ALIGN_RAMP","26071","6","32.958984375","4","4000","5000000","26240","142067","142067","0","2902","1336","266"
"165","ALIGN_RAMP","26066","1","5.4931640625","-5","-5000","-9000000","26400","142068","142068","0","2902","1336","176"
"166","ALIGN_RAMP","26068","3","16.4794921875","2","2000","7000000","26560","142069","142069","0","2902","1336","86"
"167","ALIGN_RAMP","26068","3","16.4794921875","0","0","-2000000","26720","142070","142070","0","2902","1336","2151"
"168","ALIGN_RAMP","26066","1","5.4931640625","-2","-2000","-2000000","26880","142071","142071","0","2902","1336","2061"
"169","ALIGN_RAMP","26068","3","16.4794921875","2","2000","4000000","27040","142072","142072","0","2902","1336","1971"
"170","ALIGN_RAMP","26068","3","16.4794921875","0","0","-2000000","27200","142073","142073","0","2902","1336","1881"
"171","ALIGN_RAMP","26065","0","0","-3","-3000","-3000000","27360","142074","142074","0","2902","1336","1791"
"172","ALIGN_RAMP","26064","-1","-5.4931640625","-1","-1000","2000000","27520","142075","142075","0","2902","1336","1701"
"173","ALIGN_RAMP","26066","1","5.4931640625","2","2000","3000000","27680","142076","142076","0","2902","1336","1611"
"174","ALIGN_RAMP","26069","4","21.97265625","3","3000","1000000","27840","142077","142077","0","2902","1336","1521"
"175","ALIGN_RAMP","26068","3","16.4794921875","-1","-1000","-4000000","28000","142078","142078","0","2902","1336","1431"
"176","ALIGN_RAMP","26067","2","10.986328125","-1","-1000","0","28160","142079","142079","0","2902","1336","1341"
"177","ALIGN_RAMP","26072","7","38.4521484375","5","5000","6000000","28320","142080","142080","0","2902","1336","1251"
"178","ALIGN_RAMP","26069","4","21.97265625","-3","-3000","-8000000","28480","142081","142081","0","2902","1336","1161"
"179","ALIGN_RAMP","26067","2","10.986328125","-2","-2000","1000000","28640","142082","142082","0","2902","1336","1071"
"180","ALIGN_RAMP","26070","5","27.4658203125","3","3000","5000000","28800","142083","142083","0","2902","1336","981"
"181","ALIGN_RAMP","26064","-1","-5.4931640625","-6","-6000","-9000000","28960","142084","142084","0","2902","1336","891"
"182","ALIGN_RAMP","26066","1","5.4931640625","2","2000","8000000","29120","142085","142085","0","2902","1336","801"
"183","ALIGN_RAMP","26069","4","21.97265625","3","3000","1000000","29280","142086","142086","0","2902","1336","711"
"184","ALIGN_RAMP","26070","5","27.4658203125","1","1000","-2000000","29440","142087","142087","0","2902","1336","621"
"185","ALIGN_RAMP","26069","4","21.97265625","-1","-1000","-2000000","29600","142088","142088","0","2902","1336","531"
"186","ALIGN_RAMP","26065","0","0","-4","-4000","-3000000","29760","142089","142089","0","2902","1336","441"
"187","ALIGN_RAMP","26068","3","16.4794921875","3","3000","7000000","29920","142090","142090","0","2902","1336","351"
"188","ALIGN_RAMP","26071","6","32.958984375","3","3000","0","30080","142091","142091","0","2902","1336","261"
"189","ALIGN_RAMP","26069","4","21.97265625","-2","-2000","-5000000","30240","142092","142092","0","2902","1336","171"
"190","ALIGN_RAMP","26068","3","16.4794921875","-1","-1000","1000000","30400","142093","142093","0","2902","1336","81"
"191","ALIGN_RAMP","26068","3","16.4794921875","0","0","1000000","30560","142094","142094","0","2902","1336","2146"
"192","ALIGN_RAMP","26068","3","16.4794921875","0","0","0","30720","142095","142095","0","2902","1336","2056"
"193","ALIGN_RAMP","26067","2","10.986328125","-1","-1000","-1000000","30880","142096","142096","0","2902","1336","1966"
"194","ALIGN_RAMP","26070","5","27.4658203125","3","3000","4000000","31040","142097","142097","0","2902","1336","1876"
"195","ALIGN_RAMP","26069","4","21.97265625","-1","-1000","-4000000","31200","142098","142098","0","2902","1336","1786"
"196","ALIGN_RAMP","26070","5","27.4658203125","1","1000","2000000","31360","142099","142099","0","2902","1336","1696"
"197","ALIGN_RAMP","26068","3","16.4794921875","-2","-2000","-3000000","31520","142100","142100","0","2902","1336","1606"
"198","ALIGN_RAMP","26070","5","27.4658203125","2","2000","4000000","31680","142101","142101","0","2902","1336","1516"
"199","ALIGN_RAMP","26069","4","21.97265625","-1","-1000","-3000000","31840","142102","142102","0","2902","1336","1426"
"200","ALIGN_RAMP","26071","6","32.958984375","2","2000","3000000","32000","142103","142103","0","2902","1336","1402"
"201","ALIGN_RAMP","26068","3","16.4794921875","-3","-3000","-5000000","32160","142104","142104","0","2902","1336","1246"
"202","ALIGN_RAMP","26070","5","27.4658203125","2","2000","5000000","32320","142105","142105","0","2902","1336","1156"
"203","ALIGN_RAMP","26072","7","38.4521484375","2","2000","0","32480","142106","142106","0","2902","1336","1066"
"204","ALIGN_RAMP","26068","3","16.4794921875","-4","-4000","-6000000","32640","142107","142107","0","2902","1336","976"
"205","ALIGN_RAMP","26070","5","27.4658203125","2","2000","6000000","32800","142108","142108","0","2902","1336","886"
"206","ALIGN_RAMP","26071","6","32.958984375","1","1000","-1000000","32960","142109","142109","0","2902","1336","796"
"207","ALIGN_RAMP","26071","6","32.958984375","0","0","-1000000","33120","142110","142110","0","2902","1336","706"
"208","ALIGN_RAMP","26074","9","49.4384765625","3","3000","3000000","33280","142111","142111","0","2902","1336","616"
"209","ALIGN_RAMP","26070","5","27.4658203125","-4","-4000","-7000000","33440","142112","142112","0","2902","1336","526"
"210","ALIGN_RAMP","26073","8","43.9453125","3","3000","7000000","33600","142113","142113","0","2902","1336","436"
"211","ALIGN_RAMP","26068","3","16.4794921875","-5","-5000","-8000000","33760","142114","142114","0","2902","1336","346"
"212","ALIGN_RAMP","26074","9","49.4384765625","6","6000","11000000","33920","142115","142115","0","2902","1336","256"
"213","ALIGN_RAMP","26069","4","21.97265625","-5","-5000","-11000000","34080","142116","142116","0","2902","1336","166"
"214","ALIGN_RAMP","26071","6","32.958984375","2","2000","7000000","34240","142117","142117","0","2902","1336","76"
"215","ALIGN_RAMP","26073","8","43.9453125","2","2000","0","34400","142118","142118","0","2902","1336","2141"
"216","ALIGN_RAMP","26074","9","49.4384765625","1","1000","-1000000","34560","142119","142119","0","2902","1336","2051"
"217","ALIGN_RAMP","26073","8","43.9453125","-1","-1000","-2000000","34720","142120","142120","0","2902","1336","1961"
"218","ALIGN_RAMP","26073","8","43.9453125","0","0","1000000","34880","142121","142121","0","2902","1336","1871"
"219","ALIGN_RAMP","26072","7","38.4521484375","-1","-1000","-1000000","35040","142122","142122","0","2902","1336","1781"
"220","ALIGN_RAMP","26076","11","60.4248046875","4","4000","5000000","35200","142123","142123","0","2902","1336","1691"
"221","ALIGN_RAMP","26072","7","38.4521484375","-4","-4000","-8000000","35360","142124","142124","0","2902","1336","1601"
"222","ALIGN_RAMP","26075","10","54.931640625","3","3000","7000000","35520","142125","142125","0","2902","1336","1511"
"223","ALIGN_RAMP","26069","4","21.97265625","-6","-6000","-9000000","35680","142126","142126","0","2902","1336","1421"
"224","ALIGN_RAMP","26072","7","38.4521484375","3","3000","9000000","35840","142127","142127","0","2902","1336","1331"
"225","ALIGN_RAMP","26071","6","32.958984375","-1","-1000","-4000000","36000","142128","142128","0","2902","1336","1241"
"226","ALIGN_RAMP","26075","10","54.931640625","4","4000","5000000","36160","142129","142129","0","2902","1336","1151"
"227","ALIGN_RAMP","26076","11","60.4248046875","1","1000","-3000000","36320","142130","142130","0","2902","1336","1061"
"228","ALIGN_RAMP","26075","10","54.931640625","-1","-1000","-2000000","36480","142131","142131","0","2902","1336","971"
"229","ALIGN_RAMP","26075","10","54.931640625","0","0","1000000","36640","142132","142132","0","2902","1336","881"
"230","ALIGN_RAMP","26077","12","65.91796875","2","2000","2000000","36800","142133","142133","0","2902","1336","791"
"231","ALIGN_RAMP","26075","10","54.931640625","-2","-2000","-4000000","36960","142134","142134","0","2902","1336","701"
"232","ALIGN_RAMP","26076","11","60.4248046875","1","1000","3000000","37120","142135","142135","0","2902","1336","611"
"233","ALIGN_RAMP","26078","13","71.4111328125","2","2000","1000000","37280","142136","142136","0","2902","1336","521"
"234","ALIGN_RAMP","26079","14","76.904296875","1","1000","-1000000","37440","142137","142137","0","2902","1336","431"
"235","ALIGN_RAMP","26076","11","60.4248046875","-3","-3000","-4000000","37600","142138","142138","0","2902","1336","341"
"236","ALIGN_RAMP","26077","12","65.91796875","1","1000","4000000","37760","142139","142139","0","2902","1336","251"
"237","ALIGN_RAMP","26077","12","65.91796875","0","0","-1000000","37920","142140","142140","0","2902","1336","161"
"238","ALIGN_RAMP","26079","14","76.904296875","2","2000","2000000","38080","142141","142141","0","2902","1336","71"
"239","ALIGN_RAMP","26080","15","82.3974609375","1","1000","-1000000","38240","142142","142142","0","2902","1336","2136"
"240","ALIGN_RAMP","26079","14","76.904296875","-1","-1000","-2000000","38400","142143","142143","0","2902","1336","2046"
"241","ALIGN_RAMP","26078","13","71.4111328125","-1","-1000","0","38560","142144","142144","0","2902","1336","1956"
"242","ALIGN_RAMP","26083","18","98.876953125","5","5000","6000000","38720","142145","142145","0","2902","1336","1866"
"243","ALIGN_RAMP","26081","16","87.890625","-2","-2000","-7000000","38880","142146","142146","0","2902","1336","1776"
"244","ALIGN_RAMP","26080","15","82.3974609375","-1","-1000","1000000","39040","142147","142147","0","2902","1336","1686"
"245","ALIGN_RAMP","26082","17","93.3837890625","2","2000","3000000","39200","142148","142148","0","2902","1336","1596"
"246","ALIGN_RAMP","26083","18","98.876953125","1","1000","-1000000","39360","142149","142149","0","2902","1336","1506"
"247","ALIGN_RAMP","26082","17","93.3837890625","-1","-1000","-2000000","39520","142150","142150","0","2902","1336","1416"
"248","ALIGN_RAMP","26083","18","98.876953125","1","1000","2000000","39680","142151","142151","0","2902","1336","1326"
"249","ALIGN_RAMP","26084","19","104.3701171875","1","1000","0","39840","142152","142152","0","2902","1336","1236"
"250","ALIGN_RAMP","26084","19","104.3701171875","0","0","-1000000","40000","142153","142153","0","2902","1336","1146"
"251","ALIGN_RAMP","26082","17","93.3837890625","-2","-2000","-2000000","40160","142154","142154","0","2902","1336","1056"
"252","ALIGN_RAMP","26084","19","104.3701171875","2","2000","4000000","40320","142155","142155","0","2902","1336","966"
"253","ALIGN_RAMP","26084","19","104.3701171875","0","0","-2000000","40480","142156","142156","0","2902","1336","876"
"254","ALIGN_RAMP","26085","20","109.86328125","1","1000","1000000","40640","142157","142157","0","2902","1336","786"
"255","ALIGN_RAMP","26085","20","109.86328125","0","0","-1000000","40800","142158","142158","0","2902","1336","696"
"256","ALIGN_RAMP","26085","20","109.86328125","0","0","0","40960","142159","142159","0","2902","1336","606"
"257","ALIGN_RAMP","26085","20","109.86328125","0","0","0","41120","142160","142160","0","2902","1336","516"
"258","ALIGN_RAMP","26090","25","137.3291015625","5","5000","5000000","41280","142161","142161","0","2902","1336","426"
"259","ALIGN_RAMP","26087","22","120.849609375","-3","-3000","-8000000","41440","142162","142162","0","2902","1336","336"
"260","ALIGN_RAMP","26089","24","131.8359375","2","2000","5000000","41600","142163","142163","0","2902","1336","246"
"261","ALIGN_RAMP","26086","21","115.3564453125","-3","-3000","-5000000","41760","142164","142164","0","2902","1336","156"
"262","ALIGN_RAMP","26085","20","109.86328125","-1","-1000","2000000","41920","142165","142165","0","2902","1336","66"
"263","ALIGN_RAMP","26085","20","109.86328125","0","0","1000000","42080","142166","142166","0","2902","1336","2131"
"264","ALIGN_RAMP","26088","23","126.3427734375","3","3000","3000000","42240","142167","142167","0","2902","1336","2041"
"265","ALIGN_RAMP","26090","25","137.3291015625","2","2000","-1000000","42400","142168","142168","0","2902","1336","1951"
"266","ALIGN_RAMP","26089","24","131.8359375","-1","-1000","-3000000","42560","142169","142169","0","2902","1336","1861"
"267","ALIGN_RAMP","26088","23","126.3427734375","-1","-1000","0","42720","142170","142170","0","2902","1336","1771"
"268","ALIGN_RAMP","26093","28","153.80859375","5","5000","6000000","42880","142171","142171","0","2902","1336","1681"
"269","ALIGN_RAMP","26090","25","137.3291015625","-3","-3000","-8000000","43040","142172","142172","0","2902","1336","1591"
"270","ALIGN_RAMP","26089","24","131.8359375","-1","-1000","2000000","43200","142173","142173","0","2902","1336","1501"
"271","ALIGN_RAMP","26090","25","137.3291015625","1","1000","2000000","43360","142174","142174","0","2902","1336","1411"
"272","ALIGN_RAMP","26093","28","153.80859375","3","3000","2000000","43520","142175","142175","0","2902","1336","1321"
"273","ALIGN_RAMP","26091","26","142.822265625","-2","-2000","-5000000","43680","142176","142176","0","2902","1336","1231"
"274","ALIGN_RAMP","26090","25","137.3291015625","-1","-1000","1000000","43840","142177","142177","0","2902","1336","1141"
"275","ALIGN_RAMP","26092","27","148.3154296875","2","2000","3000000","44000","142178","142178","0","2902","1336","1051"
"276","ALIGN_RAMP","26092","27","148.3154296875","0","0","-2000000","44160","142179","142179","0","2902","1336","961"
"277","ALIGN_RAMP","26092","27","148.3154296875","0","0","0","44320","142180","142180","0","2902","1336","871"
"278","ALIGN_RAMP","26095","30","164.794921875","3","3000","3000000","44480","142181","142181","0","2902","1336","781"
"279","ALIGN_RAMP","26092","27","148.3154296875","-3","-3000","-6000000","44640","142182","142182","0","2902","1336","691"
"280","ALIGN_RAMP","26095","30","164.794921875","3","3000","6000000","44800","142183","142183","0","2902","1336","601"
"281","ALIGN_RAMP","26097","32","175.78125","2","2000","-1000000","44960","142184","142184","0","2902","1336","511"
"282","ALIGN_RAMP","26094","29","159.3017578125","-3","-3000","-5000000","45120","142185","142185","0","2902","1336","421"
"283","ALIGN_RAMP","26092","27","148.3154296875","-2","-2000","1000000","45280","142186","142186","0","2902","1336","331"
"284","ALIGN_RAMP","26096","31","170.2880859375","4","4000","6000000","45440","142187","142187","0","2902","1336","241"
"285","ALIGN_RAMP","26096","31","170.2880859375","0","0","-4000000","45600","142188","142188","0","2902","1336","151"
"286","ALIGN_RAMP","26097","32","175.78125","1","1000","1000000","45760","142189","142189","0","2902","1336","61"
"287","ALIGN_RAMP","26095","30","164.794921875","-2","-2000","-3000000","45920","142190","142190","0","2902","1336","2126"
"288","ALIGN_RAMP","26100","35","192.2607421875","5","5000","7000000","46080","142191","142191","0","2902","1336","2036"
"289","ALIGN_RAMP","26093","28","153.80859375","-7","-7000","-12000000","46240","142192","142192","0","2902","1336","1946"
"290","ALIGN_RAMP","26097","32","175.78125","4","4000","11000000","46400","142193","142193","0","2902","1336","1856"
"291","ALIGN_RAMP","26098","33","181.2744140625","1","1000","-3000000","46560","142194","142194","0","2902","1336","1766"
"292","ALIGN_RAMP","26097","32","175.78125","-1","-1000","-2000000","46720","142195","142195","0","2902","1336","1676"
"293","ALIGN_RAMP","26099","34","186.767578125","2","2000","3000000","46880","142196","142196","0","2902","1336","1586"
"294","ALIGN_RAMP","26098","33","181.2744140625","-1","-1000","-3000000","47040","142197","142197","0","2902","1336","1496"
"295","ALIGN_RAMP","26096","31","170.2880859375","-2","-2000","-1000000","47200","142198","142198","0","2902","1336","1406"
"296","ALIGN_RAMP","26100","35","192.2607421875","4","4000","6000000","47360","142199","142199","0","2902","1336","1316"
"297","ALIGN_RAMP","26100","35","192.2607421875","0","0","-4000000","47520","142200","142200","0","2902","1336","1226"
"298","ALIGN_RAMP","26099","34","186.767578125","-1","-1000","-1000000","47680","142201","142201","0","2902","1336","1136"
"299","ALIGN_RAMP","26099","34","186.767578125","0","0","1000000","47840","142202","142202","0","2902","1336","1046"
"300","ALIGN_RAMP","26099","34","186.767578125","0","0","0","48000","142203","142203","0","2902","1336","956"
"301","ALIGN_RAMP","26103","38","208.740234375","4","4000","4000000","48160","142204","142204","0","2902","1336","866"
"302","ALIGN_RAMP","26104","39","214.2333984375","1","1000","-3000000","48320","142205","142205","0","2902","1336","776"
"303","ALIGN_RAMP","26101","36","197.75390625","-3","-3000","-4000000","48480","142206","142206","0","2902","1336","686"
"304","ALIGN_RAMP","26101","36","197.75390625","0","0","3000000","48640","142207","142207","0","2902","1336","596"
"305","ALIGN_RAMP","26107","42","230.712890625","6","6000","6000000","48800","142208","142208","0","2902","1336","506"
"306","ALIGN_RAMP","26100","35","192.2607421875","-7","-7000","-13000000","48960","142209","142209","0","2902","1336","416"
"307","ALIGN_RAMP","26103","38","208.740234375","3","3000","10000000","49120","142210","142210","0","2902","1336","326"
"308","ALIGN_RAMP","26105","40","219.7265625","2","2000","-1000000","49280","142211","142211","0","2902","1336","236"
"309","ALIGN_RAMP","26106","41","225.2197265625","1","1000","-1000000","49440","142212","142212","0","2902","1336","146"
"310","ALIGN_RAMP","26103","38","208.740234375","-3","-3000","-4000000","49600","142213","142213","0","2902","1336","56"
"311","ALIGN_RAMP","26104","39","214.2333984375","1","1000","4000000","49760","142214","142214","0","2902","1336","2121"
"312","ALIGN_RAMP","26105","40","219.7265625","1","1000","0","49920","142215","142215","0","2902","1336","2031"
"313","ALIGN_RAMP","26104","39","214.2333984375","-1","-1000","-2000000","50080","142216","142216","0","2902","1336","1941"
"314","ALIGN_RAMP","26105","40","219.7265625","1","1000","2000000","50240","142217","142217","0","2902","1336","1851"
"315","ALIGN_RAMP","26104","39","214.2333984375","-1","-1000","-2000000","50400","142218","142218","0","2902","1336","1761"
"316","ALIGN_RAMP","26106","41","225.2197265625","2","2000","3000000","50560","142219","142219","0","2902","1336","1671"
"317","ALIGN_RAMP","26104","39","214.2333984375","-2","-2000","-4000000","50720","142220","142220","0","2902","1336","1581"
"318","ALIGN_RAMP","26107","42","230.712890625","3","3000","5000000","50880","142221","142221","0","2902","1336","1491"
"319","ALIGN_RAMP","26106","41","225.2197265625","-1","-1000","-4000000","51040","142222","142222","0","2902","1336","1401"
"320","ALIGN_RAMP","26110","45","247.1923828125","4","4000","5000000","51200","142223","142223","0","2902","1336","1311"
"321","ALIGN_RAMP","26106","41","225.2197265625","-4","-4000","-8000000","51360","142224","142224","0","2902","1336","1221"
"322","ALIGN_RAMP","26110","45","247.1923828125","4","4000","8000000","51520","142225","142225","0","2902","1336","1131"
"323","ALIGN_RAMP","26111","46","252.685546875","1","1000","-3000000","51680","142226","142226","0","2902","1336","1041"
"324","ALIGN_RAMP","26110","45","247.1923828125","-1","-1000","-2000000","51840","142227","142227","0","2902","1336","951"
"325","ALIGN_RAMP","26110","45","247.1923828125","0","0","1000000","52000","142228","142228","0","2902","1336","861"
"326","ALIGN_RAMP","26109","44","241.69921875","-1","-1000","-1000000","52160","142229","142229","0","2902","1336","771"
"327","ALIGN_RAMP","26108","43","236.2060546875","-1","-1000","0","52320","142230","142230","0","2902","1336","681"
"328","ALIGN_RAMP","26109","44","241.69921875","1","1000","2000000","52480","142231","142231","0","2902","1336","591"
"329","ALIGN_RAMP","26111","46","252.685546875","2","2000","1000000","52640","142232","142232","0","2902","1336","501"
"330","ALIGN_RAMP","26109","44","241.69921875","-2","-2000","-4000000","52800","142233","142233","0","2902","1336","411"
"331","ALIGN_RAMP","26112","47","258.1787109375","3","3000","5000000","52960","142234","142234","0","2902","1336","321"
"332","ALIGN_RAMP","26113","48","263.671875","1","1000","-2000000","53120","142235","142235","0","2902","1336","231"
"333","ALIGN_RAMP","26113","48","263.671875","0","0","-1000000","53280","142236","142236","0","2902","1336","141"
"334","ALIGN_RAMP","26114","49","269.1650390625","1","1000","1000000","53440","142237","142237","0","2902","1336","51"
"335","ALIGN_RAMP","26113","48","263.671875","-1","-1000","-2000000","53600","142238","142238","0","2902","1336","2116"
"336","ALIGN_RAMP","26111","46","252.685546875","-2","-2000","-1000000","53760","142239","142239","0","2902","1336","2026"
"337","ALIGN_RAMP","26116","51","280.1513671875","5","5000","7000000","53920","142240","142240","0","2902","1336","1936"
"338","ALIGN_RAMP","26114","49","269.1650390625","-2","-2000","-7000000","54080","142241","142241","0","2902","1336","1846"
"339","ALIGN_RAMP","26114","49","269.1650390625","0","0","2000000","54240","142242","142242","0","2902","1336","1756"
"340","ALIGN_RAMP","26117","52","285.64453125","3","3000","3000000","54400","142243","142243","0","2902","1336","1666"
"341","ALIGN_RAMP","26118","53","291.1376953125","1","1000","-2000000","54560","142244","142244","0","2902","1336","1576"
"342","ALIGN_RAMP","26116","51","280.1513671875","-2","-2000","-3000000","54720","142245","142245","0","2902","1336","1486"
"343","ALIGN_RAMP","26118","53","291.1376953125","2","2000","4000000","54880","142246","142246","0","2902","1336","1396"
"344","ALIGN_RAMP","26120","55","302.1240234375","2","2000","0","55040","142247","142247","0","2902","1336","1306"
"345","ALIGN_RAMP","26120","55","302.1240234375","0","0","-2000000","55200","142248","142248","0","2902","1336","1216"
"346","ALIGN_RAMP","26116","51","280.1513671875","-4","-4000","-4000000","55360","142249","142249","0","2902","1336","1126"
"347","ALIGN_RAMP","26118","53","291.1376953125","2","2000","6000000","55520","142250","142250","0","2902","1336","1036"
"348","ALIGN_RAMP","26120","55","302.1240234375","2","2000","0","55680","142251","142251","0","2902","1336","946"
"349","ALIGN_RAMP","26120","55","302.1240234375","0","0","-2000000","55840","142252","142252","0","2902","1336","856"
"350","ALIGN_RAMP","26117","52","285.64453125","-3","-3000","-3000000","56000","142253","142253","0","2902","1336","766"
"351","ALIGN_RAMP","26120","55","302.1240234375","3","3000","6000000","56160","142254","142254","0","2902","1336","676"
"352","ALIGN_RAMP","26119","54","296.630859375","-1","-1000","-4000000","56320","142255","142255","0","2902","1336","586"
"353","ALIGN_RAMP","26121","56","307.6171875","2","2000","3000000","56480","142256","142256","0","2902","1336","496"
"354","ALIGN_RAMP","26123","58","318.603515625","2","2000","0","56640","142257","142257","0","2902","1336","406"
"355","ALIGN_RAMP","26123","58","318.603515625","0","0","-2000000","56800","142258","142258","0","2902","1336","316"
"356","ALIGN_RAMP","26122","57","313.1103515625","-1","-1000","-1000000","56960","142259","142259","0","2902","1336","226"
"357","ALIGN_RAMP","26123","58","318.603515625","1","1000","2000000","57120","142260","142260","0","2902","1336","136"
"358","ALIGN_RAMP","26128","63","346.0693359375","5","5000","4000000","57280","142261","142261","0","2902","1336","46"
"359","ALIGN_RAMP","26125","60","329.58984375","-3","-3000","-8000000","57440","142262","142262","0","2902","1336","2111"
"360","ALIGN_RAMP","26127","62","340.576171875","2","2000","5000000","57600","142263","142263","0","2902","1336","2021"
"361","ALIGN_RAMP","26124","59","324.0966796875","-3","-3000","-5000000","57760","142264","142264","0","2902","1336","1931"
"362","ALIGN_RAMP","26127","62","340.576171875","3","3000","6000000","57920","142265","142265","0","2902","1336","1841"
"363","ALIGN_RAMP","26127","62","340.576171875","0","0","-3000000","58080","142266","142266","0","2902","1336","1751"
"364","ALIGN_RAMP","26129","64","351.5625","2","2000","2000000","58240","142267","142267","0","2902","1336","1661"
"365","ALIGN_RAMP","26131","66","362.548828125","2","2000","0","58400","142268","142268","0","2902","1336","1571"
"366","ALIGN_RAMP","26125","60","329.58984375","-6","-6000","-8000000","58560","142269","142269","0","2902","1336","1481"
"367","ALIGN_RAMP","26126","61","335.0830078125","1","1000","7000000","58720","142270","142270","0","2902","1336","1391"
"368","ALIGN_RAMP","26129","64","351.5625","3","3000","2000000","58880","142271","142271","0","2902","1336","1301"
"369","ALIGN_RAMP","26133","68","373.53515625","4","4000","1000000","59040","142272","142272","0","2902","1336","1211"
"370","ALIGN_RAMP","26132","67","368.0419921875","-1","-1000","-5000000","59200","142273","142273","0","2902","1336","1121"
"371","ALIGN_RAMP","26134","69","379.0283203125","2","2000","3000000","59360","142274","142274","0","2902","1336","1031"
"372","ALIGN_RAMP","26133","68","373.53515625","-1","-1000","-3000000","59520","142275","142275","0","2902","1336","941"
"373","ALIGN_RAMP","26135","70","384.521484375","2","2000","3000000","59680","142276","142276","0","2902","1336","851"
"374","ALIGN_RAMP","26136","71","390.0146484375","1","1000","-1000000","59840","142277","142277","0","2902","1336","761"
"375","ALIGN_RAMP","26138","73","401.0009765625","2","2000","1000000","60000","142278","142278","0","2902","1336","671"
"376","ALIGN_RAMP","26135","70","384.521484375","-3","-3000","-5000000","60160","142279","142279","0","2902","1336","581"
"377","ALIGN_RAMP","26135","70","384.521484375","0","0","3000000","60320","142280","142280","0","2902","1336","491"
"378","ALIGN_RAMP","26135","70","384.521484375","0","0","0","60480","142281","142281","0","2902","1336","401"
"379","ALIGN_RAMP","26133","68","373.53515625","-2","-2000","-2000000","60640","142282","142282","0","2902","1336","311"
"380","ALIGN_RAMP","26138","73","401.0009765625","5","5000","7000000","60800","142283","142283","0","2902","1336","221"
"381","ALIGN_RAMP","26135","70","384.521484375","-3","-3000","-8000000","60960","142284","142284","0","2902","1336","131"
"382","ALIGN_RAMP","26136","71","390.0146484375","1","1000","4000000","61120","142285","142285","0","2902","1336","41"
"383","ALIGN_RAMP","26137","72","395.5078125","1","1000","0","61280","142286","142286","0","2902","1336","2106"
"384","ALIGN_RAMP","26140","75","411.9873046875","3","3000","2000000","61440","142287","142287","0","2902","1336","2016"
"385","ALIGN_RAMP","26136","71","390.0146484375","-4","-4000","-7000000","61600","142288","142288","0","2902","1336","1926"
"386","ALIGN_RAMP","26140","75","411.9873046875","4","4000","8000000","61760","142289","142289","0","2902","1336","1836"
"387","ALIGN_RAMP","26139","74","406.494140625","-1","-1000","-5000000","61920","142290","142290","0","2902","1336","1746"
"388","ALIGN_RAMP","26141","76","417.48046875","2","2000","3000000","62080","142291","142291","0","2902","1336","1656"
"389","ALIGN_RAMP","26139","74","406.494140625","-2","-2000","-4000000","62240","142292","142292","0","2902","1336","1566"
"390","ALIGN_RAMP","26145","80","439.453125","6","6000","8000000","62400","142293","142293","0","2902","1336","1476"
"391","ALIGN_RAMP","26139","74","406.494140625","-6","-6000","-12000000","62560","142294","142294","0","2902","1336","1386"
"392","ALIGN_RAMP","26140","75","411.9873046875","1","1000","7000000","62720","142295","142295","0","2902","1336","1296"
"393","ALIGN_RAMP","26143","78","428.466796875","3","3000","2000000","62880","142296","142296","0","2902","1336","1206"
"394","ALIGN_RAMP","26144","79","433.9599609375","1","1000","-2000000","63040","142297","142297","0","2902","1336","1116"
"395","ALIGN_RAMP","26146","81","444.9462890625","2","2000","1000000","63200","142298","142298","0","2902","1336","1026"
"396","ALIGN_RAMP","26144","79","433.9599609375","-2","-2000","-4000000","63360","142299","142299","0","2902","1336","936"
"397","ALIGN_RAMP","26145","80","439.453125","1","1000","3000000","63520","142300","142300","0","2902","1336","846"
"398","ALIGN_RAMP","26143","78","428.466796875","-2","-2000","-3000000","63680","142301","142301","0","2902","1336","756"
"399","ALIGN_RAMP","26145","80","439.453125","2","2000","4000000","63840","142302","142302","0","2902","1336","666"
"400","ALIGN_RAMP","26147","82","450.439453125","2","2000","0","64000","142303","142303","0","2902","1336","642"
"401","ALIGN_RAMP","26147","82","450.439453125","0","0","-2000000","64160","142304","142304","0","2902","1336","486"
"402","ALIGN_RAMP","26148","83","455.9326171875","1","1000","1000000","64320","142305","142305","0","2902","1336","396"
"403","ALIGN_RAMP","26148","83","455.9326171875","0","0","-1000000","64480","142306","142306","0","2902","1336","306"
"404","ALIGN_RAMP","26150","85","466.9189453125","2","2000","2000000","64640","142307","142307","0","2902","1336","216"
"405","ALIGN_RAMP","26148","83","455.9326171875","-2","-2000","-4000000","64800","142308","142308","0","2902","1336","126"
"406","ALIGN_RAMP","26147","82","450.439453125","-1","-1000","1000000","64960","142309","142309","0","2902","1336","36"
"407","ALIGN_RAMP","26147","82","450.439453125","0","0","1000000","65120","142310","142310","0","2902","1336","2101"
"408","ALIGN_RAMP","26149","84","461.42578125","2","2000","2000000","65280","142311","142311","0","2902","1336","2011"
"409","ALIGN_RAMP","26148","83","455.9326171875","-1","-1000","-3000000","65440","142312","142312","0","2902","1336","1921"
"410","ALIGN_RAMP","26149","84","461.42578125","1","1000","2000000","65600","142313","142313","0","2902","1336","1831"
"411","ALIGN_RAMP","26149","84","461.42578125","0","0","-1000000","65760","142314","142314","0","2902","1336","1741"
"412","ALIGN_RAMP","26151","86","472.412109375","2","2000","2000000","65920","142315","142315","0","2902","1336","1651"
"413","ALIGN_RAMP","26148","83","455.9326171875","-3","-3000","-5000000","66080","142316","142316","0","2902","1336","1561"
"414","ALIGN_RAMP","26150","85","466.9189453125","2","2000","5000000","66240","142317","142317","0","2902","1336","1471"
"415","ALIGN_RAMP","26153","88","483.3984375","3","3000","1000000","66400","142318","142318","0","2902","1336","1381"
"416","ALIGN_RAMP","26152","87","477.9052734375","-1","-1000","-4000000","66560","142319","142319","0","2902","1336","1291"
"417","ALIGN_RAMP","26152","87","477.9052734375","0","0","1000000","66720","142320","142320","0","2902","1336","1201"
"418","ALIGN_RAMP","26152","87","477.9052734375","0","0","0","66880","142321","142321","0","2902","1336","1111"
"419","ALIGN_RAMP","26155","90","494.384765625","3","3000","3000000","67040","142322","142322","0","2902","1336","1021"
"420","ALIGN_RAMP","26152","87","477.9052734375","-3","-3000","-6000000","67200","142323","142323","0","2902","1336","931"
"421","ALIGN_RAMP","26152","87","477.9052734375","0","0","3000000","67360","142324","142324","0","2902","1336","841"
"422","ALIGN_RAMP","26152","87","477.9052734375","0","0","0","67520","142325","142325","0","2902","1336","751"
"423","ALIGN_RAMP","26153","88","483.3984375","1","1000","1000000","67680","142326","142326","0","2902","1336","661"
"424","ALIGN_RAMP","26157","92","505.37109375","4","4000","3000000","67840","142327","142327","0","2902","1336","571"
"425","ALIGN_RAMP","26155","90","494.384765625","-2","-2000","-6000000","68000","142328","142328","0","2902","1336","481"
"426","ALIGN_RAMP","26151","86","472.412109375","-4","-4000","-2000000","68160","142329","142329","0","2902","1336","391"
"427","ALIGN_RAMP","26152","87","477.9052734375","1","1000","5000000","68320","142330","142330","0","2902","1336","301"
"428","ALIGN_RAMP","26153","88","483.3984375","1","1000","0","68480","142331","142331","0","2902","1336","211"
"429","ALIGN_RAMP","26155","90","494.384765625","2","2000","1000000","68640","142332","142332","0","2902","1336","121"
"430","ALIGN_RAMP","26154","89","488.8916015625","-1","-1000","-3000000","68800","142333","142333","0","2902","1336","31"
"431","ALIGN_RAMP","26154","89","488.8916015625","0","0","1000000","68960","142334","142334","0","2902","1336","2096"
"432","ALIGN_RAMP","26152","87","477.9052734375","-2","-2000","-2000000","69120","142335","142335","0","2902","1336","2006"
"433","ALIGN_RAMP","26158","93","510.8642578125","6","6000","8000000","69280","142336","142336","0","2902","1336","1916"
"434","ALIGN_RAMP","26155","90","494.384765625","-3","-3000","-9000000","69440","142337","142337","0","2902","1336","1826"
"435","ALIGN_RAMP","26157","92","505.37109375","2","2000","5000000","69600","142338","142338","0","2902","1336","1736"
"436","ALIGN_RAMP","26154","89","488.8916015625","-3","-3000","-5000000","69760","142339","142339","0","2902","1336","1646"
"437","ALIGN_RAMP","26158","93","510.8642578125","4","4000","7000000","69920","142340","142340","0","2902","1336","1556"
"438","ALIGN_RAMP","26157","92","505.37109375","-1","-1000","-5000000","70080","142341","142341","0","2902","1336","1466"
"439","ALIGN_RAMP","26157","92","505.37109375","0","0","1000000","70240","142342","142342","0","2902","1336","1376"
"440","ALIGN_RAMP","26156","91","499.8779296875","-1","-1000","-1000000","70400","142343","142343","0","2902","1336","1286"
"441","ALIGN_RAMP","26156","91","499.8779296875","0","0","1000000","70560","142344","142344","0","2902","1336","1196"
"442","ALIGN_RAMP","26162","97","532.8369140625","6","6000","6000000","70720","142345","142345","0","2902","1336","1106"
"443","ALIGN_RAMP","26155","90","494.384765625","-7","-7000","-13000000","70880","142346","142346","0","2902","1336","1016"
"444","ALIGN_RAMP","26159","94","516.357421875","4","4000","11000000","71040","142347","142347","0","2902","1336","926"
"445","ALIGN_RAMP","26159","94","516.357421875","0","0","-4000000","71200","142348","142348","0","2902","1336","836"
"446","ALIGN_RAMP","26162","97","532.8369140625","3","3000","3000000","71360","142349","142349","0","2902","1336","746"
"447","ALIGN_RAMP","26161","96","527.34375","-1","-1000","-4000000","71520","142350","142350","0","2902","1336","656"
"448","ALIGN_RAMP","26161","96","527.34375","0","0","1000000","71680","142351","142351","0","2902","1336","566"
"449","ALIGN_RAMP","26161","96","527.34375","0","0","0","71840","142352","142352","0","2902","1336","476"
"450","ALIGN_RAMP","26161","96","527.34375","0","0","0","72000","142353","142353","0","2902","1336","386"
"451","ALIGN_RAMP","26164","99","543.8232421875","3","3000","3000000","72160","142354","142354","0","2902","1336","296"
"452","ALIGN_RAMP","26158","93","510.8642578125","-6","-6000","-9000000","72320","142355","142355","0","2902","1336","206"
"453","ALIGN_RAMP","26161","96","527.34375","3","3000","9000000","72480","142356","142356","0","2902","1336","116"
"454","ALIGN_RAMP","26164","99","543.8232421875","3","3000","0","72640","142357","142357","0","2902","1336","26"
"455","ALIGN_RAMP","26166","101","554.8095703125","2","2000","-1000000","72800","142358","142358","0","2902","1336","2091"
"456","ALIGN_RAMP","26163","98","538.330078125","-3","-3000","-5000000","72960","142359","142359","0","2902","1336","2001"
"457","ALIGN_RAMP","26164","99","543.8232421875","1","1000","4000000","73120","142360","142360","0","2902","1336","1911"
"458","ALIGN_RAMP","26164","99","543.8232421875","0","0","-1000000","73280","142361","142361","0","2902","1336","1821"
"459","ALIGN_RAMP","26163","98","538.330078125","-1","-1000","-1000000","73440","142362","142362","0","2902","1336","1731"
"460","ALIGN_RAMP","26165","100","549.31640625","2","2000","3000000","73600","142363","142363","0","2902","1336","1641"
"461","ALIGN_RAMP","26166","101","554.8095703125","1","1000","-1000000","73760","142364","142364","0","2902","1336","1551"
"462","ALIGN_RAMP","26166","101","554.8095703125","0","0","-1000000","73920","142365","142365","0","2902","1336","1461"
"463","ALIGN_RAMP","26167","102","560.302734375","1","1000","1000000","74080","142366","142366","0","2902","1336","1371"
"464","ALIGN_RAMP","26162","97","532.8369140625","-5","-5000","-6000000","74240","142367","142367","0","2902","1336","1281"
"465","ALIGN_RAMP","26172","107","587.7685546875","10","10000","15000000","74400","142368","142368","0","2902","1336","1191"
"466","ALIGN_RAMP","26171","106","582.275390625","-1","-1000","-11000000","74560","142369","142369","0","2902","1336","1101"
"467","ALIGN_RAMP","26167","102","560.302734375","-4","-4000","-3000000","74720","142370","142370","0","2902","1336","1011"
"468","ALIGN_RAMP","26167","102","560.302734375","0","0","4000000","74880","142371","142371","0","2902","1336","921"
"469","ALIGN_RAMP","26168","103","565.7958984375","1","1000","1000000","75040","142372","142372","0","2902","1336","831"
"470","ALIGN_RAMP","26164","99","543.8232421875","-4","-4000","-5000000","75200","142373","142373","0","2902","1336","741"
"471","ALIGN_RAMP","26166","101","554.8095703125","2","2000","6000000","75360","142374","142374","0","2902","1336","651"
"472","ALIGN_RAMP","26168","103","565.7958984375","2","2000","0","75520","142375","142375","0","2902","1336","561"
"473","ALIGN_RAMP","26168","103","565.7958984375","0","0","-2000000","75680","142376","142376","0","2902","1336","471"
"474","ALIGN_RAMP","26168","103","565.7958984375","0","0","0","75840","142377","142377","0","2902","1336","381"
"475","ALIGN_RAMP","26170","105","576.7822265625","2","2000","2000000","76000","142378","142378","0","2902","1336","291"
"476","ALIGN_RAMP","26169","104","571.2890625","-1","-1000","-3000000","76160","142379","142379","0","2902","1336","201"
"477","ALIGN_RAMP","26171","106","582.275390625","2","2000","3000000","76320","142380","142380","0","2902","1336","111"
"478","ALIGN_RAMP","26173","108","593.26171875","2","2000","0","76480","142381","142381","0","2902","1336","21"
"479","ALIGN_RAMP","26170","105","576.7822265625","-3","-3000","-5000000","76640","142382","142382","0","2902","1336","2086"
"480","ALIGN_RAMP","26172","107","587.7685546875","2","2000","5000000","76800","142383","142383","0","2902","1336","1996"
"481","ALIGN_RAMP","26171","106","582.275390625","-1","-1000","-3000000","76960","142384","142384","0","2902","1336","1906"
"482","ALIGN_RAMP","26173","108","593.26171875","2","2000","3000000","77120","142385","142385","0","2902","1336","1816"
"483","ALIGN_RAMP","26171","106","582.275390625","-2","-2000","-4000000","77280","142386","142386","0","2902","1336","1726"
"484","ALIGN_RAMP","26173","108","593.26171875","2","2000","4000000","77440","142387","142387","0","2902","1336","1636"
"485","ALIGN_RAMP","26177","112","615.234375","4","4000","2000000","77600","142388","142388","0","2902","1336","1546"
"486","ALIGN_RAMP","26174","109","598.7548828125","-3","-3000","-7000000","77760","142389","142389","0","2902","1336","1456"
"487","ALIGN_RAMP","26174","109","598.7548828125","0","0","3000000","77920","142390","142390","0","2902","1336","1366"
"488","ALIGN_RAMP","26173","108","593.26171875","-1","-1000","-1000000","78080","142391","142391","0","2902","1336","1276"
"489","ALIGN_RAMP","26172","107","587.7685546875","-1","-1000","0","78240","142392","142392","0","2902","1336","1186"
"490","ALIGN_RAMP","26175","110","604.248046875","3","3000","4000000","78400","142393","142393","0","2902","1336","1096"
"491","ALIGN_RAMP","26175","110","604.248046875","0","0","-3000000","78560","142394","142394","0","2902","1336","1006"
"492","ALIGN_RAMP","26172","107","587.7685546875","-3","-3000","-3000000","78720","142395","142395","0","2902","1336","916"
"493","ALIGN_RAMP","26174","109","598.7548828125","2","2000","5000000","78880","142396","142396","0","2902","1336","826"
"494","ALIGN_RAMP","26179","114","626.220703125","5","5000","3000000","79040","142397","142397","0","2902","1336","736"
"495","ALIGN_RAMP","26176","111","609.7412109375","-3","-3000","-8000000","79200","142398","142398","0","2902","1336","646"
"496","ALIGN_RAMP","26177","112","615.234375","1","1000","4000000","79360","142399","142399","0","2902","1336","556"
"497","ALIGN_RAMP","26179","114","626.220703125","2","2000","1000000","79520","142400","142400","0","2902","1336","466"
"498","ALIGN_RAMP","26177","112","615.234375","-2","-2000","-4000000","79680","142401","142401","0","2902","1336","376"
"499","ALIGN_RAMP","26180","115","631.7138671875","3","3000","5000000","79840","142402","142402","0","2902","1336","286"
"500","ALIGN_RAMP","26182","117","642.7001953125","2","2000","-1000000","80000","142403","142403","0","2903","1336","196"
"501","ALIGN_HOLD","26182","117","642.7001953125","0","0","-2000000","80000","142404","142404","0","2903","1336","106"
"502","ALIGN_HOLD","26182","117","642.7001953125","0","0","0","80000","142405","142405","0","2903","1336","16"
"503","ALIGN_HOLD","26185","120","659.1796875","3","3000","3000000","80000","142406","142406","0","2903","1336","2081"
"504","ALIGN_HOLD","26179","114","626.220703125","-6","-6000","-9000000","80000","142407","142407","0","2903","1336","1991"
"505","ALIGN_HOLD","26180","115","631.7138671875","1","1000","7000000","80000","142408","142408","0","2903","1336","1901"
"506","ALIGN_HOLD","26180","115","631.7138671875","0","0","-1000000","80000","142409","142409","0","2903","1336","1811"
"507","ALIGN_HOLD","26178","113","620.7275390625","-2","-2000","-2000000","80000","142410","142410","0","2903","1336","1721"
"508","ALIGN_HOLD","26180","115","631.7138671875","2","2000","4000000","80000","142411","142411","0","2903","1336","1631"
"509","ALIGN_HOLD","26181","116","637.20703125","1","1000","-1000000","80000","142412","142412","0","2903","1336","1541"
"510","ALIGN_HOLD","26179","114","626.220703125","-2","-2000","-3000000","80000","142413","142413","0","2903","1336","1451"
"511","ALIGN_HOLD","26181","116","637.20703125","2","2000","4000000","80000","142414","142414","0","2903","1336","1361"
"512","ALIGN_HOLD","26181","116","637.20703125","0","0","-2000000","80000","142415","142415","0","2903","1336","1271"
"513","ALIGN_HOLD","26181","116","637.20703125","0","0","0","80000","142416","142416","0","2903","1336","1181"
"514","ALIGN_HOLD","26182","117","642.7001953125","1","1000","1000000","80000","142417","142417","0","2903","1336","1091"
"515","ALIGN_HOLD","26181","116","637.20703125","-1","-1000","-2000000","80000","142418","142418","0","2903","1336","1001"
"516","ALIGN_HOLD","26183","118","648.193359375","2","2000","3000000","80000","142419","142419","0","2903","1336","911"
"517","ALIGN_HOLD","26183","118","648.193359375","0","0","-2000000","80000","142420","142420","0","2903","1336","821"
"518","ALIGN_HOLD","26182","117","642.7001953125","-1","-1000","-1000000","80000","142421","142421","0","2903","1336","731"
"519","ALIGN_HOLD","26184","119","653.6865234375","2","2000","3000000","80000","142422","142422","0","2903","1336","641"
"520","ALIGN_HOLD","26182","117","642.7001953125","-2","-2000","-4000000","80000","142423","142423","0","2903","1336","551"
"521","ALIGN_HOLD","26181","116","637.20703125","-1","-1000","1000000","80000","142424","142424","0","2903","1336","461"
"522","ALIGN_HOLD","26184","119","653.6865234375","3","3000","4000000","80000","142425","142425","0","2903","1336","371"
"523","ALIGN_HOLD","26182","117","642.7001953125","-2","-2000","-5000000","80000","142426","142426","0","2903","1336","281"
"524","ALIGN_HOLD","26182","117","642.7001953125","0","0","2000000","80000","142427","142427","0","2903","1336","191"
"525","ALIGN_HOLD","26182","117","642.7001953125","0","0","0","80000","142428","142428","0","2903","1336","101"
"526","ALIGN_HOLD","26182","117","642.7001953125","0","0","0","80000","142429","142429","0","2903","1336","11"
"527","ALIGN_HOLD","26184","119","653.6865234375","2","2000","2000000","80000","142430","142430","0","2903","1336","2076"
"528","ALIGN_HOLD","26179","114","626.220703125","-5","-5000","-7000000","80000","142431","142431","0","2903","1336","1986"
"529","ALIGN_HOLD","26182","117","642.7001953125","3","3000","8000000","80000","142432","142432","0","2903","1336","1896"
"530","ALIGN_HOLD","26184","119","653.6865234375","2","2000","-1000000","80000","142433","142433","0","2903","1336","1806"
"531","ALIGN_HOLD","26182","117","642.7001953125","-2","-2000","-4000000","80000","142434","142434","0","2903","1336","1716"
"532","ALIGN_HOLD","26182","117","642.7001953125","0","0","2000000","80000","142435","142435","0","2903","1336","1626"
"533","ALIGN_HOLD","26181","116","637.20703125","-1","-1000","-1000000","80000","142436","142436","0","2903","1336","1536"
"534","ALIGN_HOLD","26181","116","637.20703125","0","0","1000000","80000","142437","142437","0","2903","1336","1446"
"535","ALIGN_HOLD","26179","114","626.220703125","-2","-2000","-2000000","80000","142438","142438","0","2903","1336","1356"
"536","ALIGN_HOLD","26185","120","659.1796875","6","6000","8000000","80000","142439","142439","0","2903","1336","1266"
"537","ALIGN_HOLD","26182","117","642.7001953125","-3","-3000","-9000000","80000","142440","142440","0","2903","1336","1176"
"538","ALIGN_HOLD","26185","120","659.1796875","3","3000","6000000","80000","142441","142441","0","2903","1336","1086"
"539","ALIGN_HOLD","26180","115","631.7138671875","-5","-5000","-8000000","80000","142442","142442","0","2903","1336","996"
"540","ALIGN_HOLD","26184","119","653.6865234375","4","4000","9000000","80000","142443","142443","0","2903","1336","906"
"541","ALIGN_HOLD","26182","117","642.7001953125","-2","-2000","-6000000","80000","142444","142444","0","2903","1336","816"
"542","ALIGN_HOLD","26181","116","637.20703125","-1","-1000","1000000","80000","142445","142445","0","2903","1336","726"
"543","ALIGN_HOLD","26180","115","631.7138671875","-1","-1000","0","80000","142446","142446","0","2903","1336","636"
"544","ALIGN_HOLD","26183","118","648.193359375","3","3000","4000000","80000","142447","142447","0","2903","1336","546"
"545","ALIGN_HOLD","26185","120","659.1796875","2","2000","-1000000","80000","142448","142448","0","2903","1336","456"
"546","ALIGN_HOLD","26181","116","637.20703125","-4","-4000","-6000000","80000","142449","142449","0","2903","1336","366"
"547","ALIGN_HOLD","26180","115","631.7138671875","-1","-1000","3000000","80000","142450","142450","0","2903","1336","276"
"548","ALIGN_HOLD","26184","119","653.6865234375","4","4000","5000000","80000","142451","142451","0","2903","1336","186"
"549","ALIGN_HOLD","26186","121","664.6728515625","2","2000","-2000000","80000","142452","142452","0","2903","1336","96"
"550","ALIGN_HOLD","26181","116","637.20703125","-5","-5000","-7000000","80000","142453","142453","0","2903","1336","6"
"551","ALIGN_HOLD","26183","118","648.193359375","2","2000","7000000","80000","142454","142454","0","2903","1336","2071"
"552","ALIGN_HOLD","26182","117","642.7001953125","-1","-1000","-3000000","80000","142455","142455","0","2903","1336","1981"
"553","ALIGN_HOLD","26184","119","653.6865234375","2","2000","3000000","80000","142456","142456","0","2903","1336","1891"
"554","ALIGN_HOLD","26184","119","653.6865234375","0","0","-2000000","80000","142457","142457","0","2903","1336","1801"
"555","ALIGN_HOLD","26184","119","653.6865234375","0","0","0","80000","142458","142458","0","2903","1336","1711"
"556","ALIGN_HOLD","26186","121","664.6728515625","2","2000","2000000","80000","142459","142459","0","2903","1336","1621"
"557","ALIGN_HOLD","26187","122","670.166015625","1","1000","-1000000","80000","142460","142460","0","2903","1336","1531"
"558","ALIGN_HOLD","26184","119","653.6865234375","-3","-3000","-4000000","80000","142461","142461","0","2903","1336","1441"
"559","ALIGN_HOLD","26182","117","642.7001953125","-2","-2000","1000000","80000","142462","142462","0","2903","1336","1351"
"560","ALIGN_HOLD","26187","122","670.166015625","5","5000","7000000","80000","142463","142463","0","2903","1336","1261"
"561","ALIGN_HOLD","26185","120","659.1796875","-2","-2000","-7000000","80000","142464","142464","0","2903","1336","1171"
"562","ALIGN_HOLD","26179","114","626.220703125","-6","-6000","-4000000","80000","142465","142465","0","2903","1336","1081"
"563","ALIGN_HOLD","26184","119","653.6865234375","5","5000","11000000","80000","142466","142466","0","2903","1336","991"
"564","ALIGN_HOLD","26183","118","648.193359375","-1","-1000","-6000000","80000","142467","142467","0","2903","1336","901"
"565","ALIGN_HOLD","26179","114","626.220703125","-4","-4000","-3000000","80000","142468","142468","0","2903","1336","811"
"566","ALIGN_HOLD","26183","118","648.193359375","4","4000","8000000","80000","142469","142469","0","2903","1336","721"
"567","ALIGN_HOLD","26182","117","642.7001953125","-1","-1000","-5000000","80000","142470","142470","0","2903","1336","631"
"568","ALIGN_HOLD","26186","121","664.6728515625","4","4000","5000000","80000","142471","142471","0","2903","1336","541"
"569","ALIGN_HOLD","26183","118","648.193359375","-3","-3000","-7000000","80000","142472","142472","0","2903","1336","451"
"570","ALIGN_HOLD","26185","120","659.1796875","2","2000","5000000","80000","142473","142473","0","2903","1336","361"
"571","ALIGN_HOLD","26183","118","648.193359375","-2","-2000","-4000000","80000","142474","142474","0","2903","1336","271"
"572","ALIGN_HOLD","26181","116","637.20703125","-2","-2000","0","80000","142475","142475","0","2903","1336","181"
"573","ALIGN_HOLD","26184","119","653.6865234375","3","3000","5000000","80000","142476","142476","0","2903","1336","91"
"574","ALIGN_HOLD","26184","119","653.6865234375","0","0","-3000000","80000","142477","142477","0","2903","1336","1"
"575","ALIGN_HOLD","26186","121","664.6728515625","2","2000","2000000","80000","142478","142478","0","2903","1336","2066"
"576","ALIGN_HOLD","26182","117","642.7001953125","-4","-4000","-6000000","80000","142479","142479","0","2903","1336","1976"
"577","ALIGN_HOLD","26187","122","670.166015625","5","5000","9000000","80000","142480","142480","0","2903","1336","1886"
"578","ALIGN_HOLD","26183","118","648.193359375","-4","-4000","-9000000","80000","142481","142481","0","2903","1336","1796"
"579","ALIGN_HOLD","26183","118","648.193359375","0","0","4000000","80000","142482","142482","0","2903","1336","1706"
"580","ALIGN_HOLD","26182","117","642.7001953125","-1","-1000","-1000000","80000","142483","142483","0","2903","1336","1616"
"581","ALIGN_HOLD","26184","119","653.6865234375","2","2000","3000000","80000","142484","142484","0","2903","1336","1526"
"582","ALIGN_HOLD","26187","122","670.166015625","3","3000","1000000","80000","142485","142485","0","2903","1336","1436"
"583","ALIGN_HOLD","26184","119","653.6865234375","-3","-3000","-6000000","80000","142486","142486","0","2903","1336","1346"
"584","ALIGN_HOLD","26182","117","642.7001953125","-2","-2000","1000000","80000","142487","142487","0","2903","1336","1256"
"585","ALIGN_HOLD","26183","118","648.193359375","1","1000","3000000","80000","142488","142488","0","2903","1336","1166"
"586","ALIGN_HOLD","26183","118","648.193359375","0","0","-1000000","80000","142489","142489","0","2903","1336","1076"
"587","ALIGN_HOLD","26186","121","664.6728515625","3","3000","3000000","80000","142490","142490","0","2903","1336","986"
"588","ALIGN_HOLD","26181","116","637.20703125","-5","-5000","-8000000","80000","142491","142491","0","2903","1336","896"
"589","ALIGN_HOLD","26184","119","653.6865234375","3","3000","8000000","80000","142492","142492","0","2903","1336","806"
"590","ALIGN_HOLD","26181","116","637.20703125","-3","-3000","-6000000","80000","142493","142493","0","2903","1336","716"
"591","ALIGN_HOLD","26183","118","648.193359375","2","2000","5000000","80000","142494","142494","0","2903","1336","626"
"592","ALIGN_HOLD","26183","118","648.193359375","0","0","-2000000","80000","142495","142495","0","2903","1336","536"
"593","ALIGN_HOLD","26184","119","653.6865234375","1","1000","1000000","80000","142496","142496","0","2903","1336","446"
"594","ALIGN_HOLD","26187","122","670.166015625","3","3000","2000000","80000","142497","142497","0","2903","1336","356"
"595","ALIGN_HOLD","26183","118","648.193359375","-4","-4000","-7000000","80000","142498","142498","0","2903","1336","266"
"596","ALIGN_HOLD","26183","118","648.193359375","0","0","4000000","80000","142499","142499","0","2903","1336","176"
"597","ALIGN_HOLD","26186","121","664.6728515625","3","3000","3000000","80000","142500","142500","0","2903","1336","86"
"598","ALIGN_HOLD","26185","120","659.1796875","-1","-1000","-4000000","80000","142501","142501","0","2903","1336","2151"
"599","ALIGN_HOLD","26182","117","642.7001953125","-3","-3000","-2000000","80000","142502","142502","0","2903","1336","2061"
"600","ALIGN_HOLD","26184","119","653.6865234375","2","2000","5000000","80000","142503","142503","0","2903","1336","2037"
"601","ALIGN_HOLD","26182","117","642.7001953125","-2","-2000","-4000000","80000","142504","142504","0","2903","1336","1881"
"602","ALIGN_HOLD","26183","118","648.193359375","1","1000","3000000","80000","142505","142505","0","2903","1336","1791"
"603","ALIGN_HOLD","26187","122","670.166015625","4","4000","3000000","80000","142506","142506","0","2903","1336","1701"
"604","ALIGN_HOLD","26182","117","642.7001953125","-5","-5000","-9000000","80000","142507","142507","0","2903","1336","1611"
"605","ALIGN_HOLD","26181","116","637.20703125","-1","-1000","4000000","80000","142508","142508","0","2903","1336","1521"
"606","ALIGN_HOLD","26183","118","648.193359375","2","2000","3000000","80000","142509","142509","0","2903","1336","1431"
"607","ALIGN_HOLD","26183","118","648.193359375","0","0","-2000000","80000","142510","142510","0","2903","1336","1341"
"608","ALIGN_HOLD","26184","119","653.6865234375","1","1000","1000000","80000","142511","142511","0","2903","1336","1251"
"609","ALIGN_HOLD","26186","121","664.6728515625","2","2000","1000000","80000","142512","142512","0","2903","1336","1161"
"610","ALIGN_HOLD","26184","119","653.6865234375","-2","-2000","-4000000","80000","142513","142513","0","2903","1336","1071"
"611","ALIGN_HOLD","26184","119","653.6865234375","0","0","2000000","80000","142514","142514","0","2903","1336","981"
"612","ALIGN_HOLD","26184","119","653.6865234375","0","0","0","80000","142515","142515","0","2903","1336","891"
"613","ALIGN_HOLD","26188","123","675.6591796875","4","4000","4000000","80000","142516","142516","0","2903","1336","801"
"614","ALIGN_HOLD","26187","122","670.166015625","-1","-1000","-5000000","80000","142517","142517","0","2903","1336","711"
"615","ALIGN_HOLD","26184","119","653.6865234375","-3","-3000","-2000000","80000","142518","142518","0","2903","1336","621"
"616","ALIGN_HOLD","26182","117","642.7001953125","-2","-2000","1000000","80000","142519","142519","0","2903","1336","531"
"617","ALIGN_HOLD","26187","122","670.166015625","5","5000","7000000","80000","142520","142520","0","2903","1336","441"
"618","ALIGN_HOLD","26184","119","653.6865234375","-3","-3000","-8000000","80000","142521","142521","0","2903","1336","351"
"619","ALIGN_HOLD","26183","118","648.193359375","-1","-1000","2000000","80000","142522","142522","0","2903","1336","261"
"620","ALIGN_HOLD","26185","120","659.1796875","2","2000","3000000","80000","142523","142523","0","2903","1336","171"
"621","ALIGN_HOLD","26183","118","648.193359375","-2","-2000","-4000000","80000","142524","142524","0","2903","1336","81"
"622","ALIGN_HOLD","26185","120","659.1796875","2","2000","4000000","80000","142525","142525","0","2903","1336","2146"
"623","ALIGN_HOLD","26186","121","664.6728515625","1","1000","-1000000","80000","142526","142526","0","2903","1336","2056"
"624","ALIGN_HOLD","26183","118","648.193359375","-3","-3000","-4000000","80000","142527","142527","0","2903","1336","1966"
"625","ALIGN_HOLD","26186","121","664.6728515625","3","3000","6000000","80000","142528","142528","0","2903","1336","1876"
"626","ALIGN_HOLD","26183","118","648.193359375","-3","-3000","-6000000","80000","142529","142529","0","2903","1336","1786"
"627","ALIGN_HOLD","26185","120","659.1796875","2","2000","5000000","80000","142530","142530","0","2903","1336","1696"
"628","ALIGN_HOLD","26183","118","648.193359375","-2","-2000","-4000000","80000","142531","142531","0","2903","1336","1606"
"629","ALIGN_HOLD","26183","118","648.193359375","0","0","2000000","80000","142532","142532","0","2903","1336","1516"
"630","ALIGN_HOLD","26184","119","653.6865234375","1","1000","1000000","80000","142533","142533","0","2903","1336","1426"
"631","ALIGN_HOLD","26184","119","653.6865234375","0","0","-1000000","80000","142534","142534","0","2903","1336","1336"
"632","ALIGN_HOLD","26182","117","642.7001953125","-2","-2000","-2000000","80000","142535","142535","0","2903","1336","1246"
"633","ALIGN_HOLD","26184","119","653.6865234375","2","2000","4000000","80000","142536","142536","0","2903","1336","1156"
"634","ALIGN_HOLD","26187","122","670.166015625","3","3000","1000000","80000","142537","142537","0","2903","1336","1066"
"635","ALIGN_HOLD","26186","121","664.6728515625","-1","-1000","-4000000","80000","142538","142538","0","2903","1336","976"
"636","ALIGN_HOLD","26185","120","659.1796875","-1","-1000","0","80000","142539","142539","0","2903","1336","886"
"637","ALIGN_HOLD","26183","118","648.193359375","-2","-2000","-1000000","80000","142540","142540","0","2903","1336","796"
"638","ALIGN_HOLD","26184","119","653.6865234375","1","1000","3000000","80000","142541","142541","0","2903","1336","706"
"639","ALIGN_HOLD","26184","119","653.6865234375","0","0","-1000000","80000","142542","142542","0","2903","1336","616"
"640","ALIGN_HOLD","26187","122","670.166015625","3","3000","3000000","80000","142543","142543","0","2903","1336","526"
"641","ALIGN_HOLD","26186","121","664.6728515625","-1","-1000","-4000000","80000","142544","142544","0","2903","1336","436"
"642","ALIGN_HOLD","26183","118","648.193359375","-3","-3000","-2000000","80000","142545","142545","0","2903","1336","346"
"643","ALIGN_HOLD","26186","121","664.6728515625","3","3000","6000000","80000","142546","142546","0","2903","1336","256"
"644","ALIGN_HOLD","26186","121","664.6728515625","0","0","-3000000","80000","142547","142547","0","2903","1336","166"
"645","ALIGN_HOLD","26184","119","653.6865234375","-2","-2000","-2000000","80000","142548","142548","0","2903","1336","76"
"646","ALIGN_HOLD","26184","119","653.6865234375","0","0","2000000","80000","142549","142549","0","2903","1336","2141"
"647","ALIGN_HOLD","26184","119","653.6865234375","0","0","0","80000","142550","142550","0","2903","1336","2051"
"648","ALIGN_HOLD","26184","119","653.6865234375","0","0","0","80000","142551","142551","0","2903","1336","1961"
"649","ALIGN_HOLD","26184","119","653.6865234375","0","0","0","80000","142552","142552","0","2903","1336","1871"
"650","ALIGN_HOLD","26185","120","659.1796875","1","1000","1000000","80000","142553","142553","0","2903","1336","1781"
"651","ALIGN_HOLD","26183","118","648.193359375","-2","-2000","-3000000","80000","142554","142554","0","2903","1336","1691"
"652","ALIGN_HOLD","26180","115","631.7138671875","-3","-3000","-1000000","80000","142555","142555","0","2903","1336","1601"
"653","ALIGN_HOLD","26183","118","648.193359375","3","3000","6000000","80000","142556","142556","0","2903","1336","1511"
"654","ALIGN_HOLD","26187","122","670.166015625","4","4000","1000000","80000","142557","142557","0","2903","1336","1421"
"655","ALIGN_HOLD","26184","119","653.6865234375","-3","-3000","-7000000","80000","142558","142558","0","2903","1336","1331"
"656","ALIGN_HOLD","26180","115","631.7138671875","-4","-4000","-1000000","80000","142559","142559","0","2903","1336","1241"
"657","ALIGN_HOLD","26186","121","664.6728515625","6","6000","10000000","80000","142560","142560","0","2903","1336","1151"
"658","ALIGN_HOLD","26183","118","648.193359375","-3","-3000","-9000000","80000","142561","142561","0","2903","1336","1061"
"659","ALIGN_HOLD","26186","121","664.6728515625","3","3000","6000000","80000","142562","142562","0","2903","1336","971"
"660","ALIGN_HOLD","26181","116","637.20703125","-5","-5000","-8000000","80000","142563","142563","0","2903","1336","881"
"661","ALIGN_HOLD","26186","121","664.6728515625","5","5000","10000000","80000","142564","142564","0","2903","1336","791"
"662","ALIGN_HOLD","26184","119","653.6865234375","-2","-2000","-7000000","80000","142565","142565","0","2903","1336","701"
"663","ALIGN_HOLD","26185","120","659.1796875","1","1000","3000000","80000","142566","142566","0","2903","1336","611"
"664","ALIGN_HOLD","26186","121","664.6728515625","1","1000","0","80000","142567","142567","0","2903","1336","521"
"665","ALIGN_HOLD","26185","120","659.1796875","-1","-1000","-2000000","80000","142568","142568","0","2903","1336","431"
"666","ALIGN_HOLD","26184","119","653.6865234375","-1","-1000","0","80000","142569","142569","0","2903","1336","341"
"667","ALIGN_HOLD","26185","120","659.1796875","1","1000","2000000","80000","142570","142570","0","2903","1336","251"
"668","ALIGN_HOLD","26185","120","659.1796875","0","0","-1000000","80000","142571","142571","0","2903","1336","161"
"669","ALIGN_HOLD","26189","124","681.15234375","4","4000","4000000","80000","142572","142572","0","2903","1336","71"
"670","ALIGN_HOLD","26186","121","664.6728515625","-3","-3000","-7000000","80000","142573","142573","0","2903","1336","2136"
"671","ALIGN_HOLD","26180","115","631.7138671875","-6","-6000","-3000000","80000","142574","142574","0","2903","1336","2046"
"672","ALIGN_HOLD","26184","119","653.6865234375","4","4000","10000000","80000","142575","142575","0","2903","1336","1956"
"673","ALIGN_HOLD","26186","121","664.6728515625","2","2000","-2000000","80000","142576","142576","0","2903","1336","1866"
"674","ALIGN_HOLD","26184","119","653.6865234375","-2","-2000","-4000000","80000","142577","142577","0","2903","1336","1776"
"675","ALIGN_HOLD","26183","118","648.193359375","-1","-1000","1000000","80000","142578","142578","0","2903","1336","1686"
"676","ALIGN_HOLD","26184","119","653.6865234375","1","1000","2000000","80000","142579","142579","0","2903","1336","1596"
"677","ALIGN_HOLD","26183","118","648.193359375","-1","-1000","-2000000","80000","142580","142580","0","2903","1336","1506"
"678","ALIGN_HOLD","26186","121","664.6728515625","3","3000","4000000","80000","142581","142581","0","2903","1336","1416"
"679","ALIGN_HOLD","26183","118","648.193359375","-3","-3000","-6000000","80000","142582","142582","0","2903","1336","1326"
"680","ALIGN_HOLD","26184","119","653.6865234375","1","1000","4000000","80000","142583","142583","0","2903","1336","1236"
"681","ALIGN_HOLD","26184","119","653.6865234375","0","0","-1000000","80000","142584","142584","0","2903","1336","1146"
"682","ALIGN_HOLD","26184","119","653.6865234375","0","0","0","80000","142585","142585","0","2903","1336","1056"
"683","ALIGN_HOLD","26184","119","653.6865234375","0","0","0","80000","142586","142586","0","2903","1336","966"
"684","ALIGN_HOLD","26186","121","664.6728515625","2","2000","2000000","80000","142587","142587","0","2903","1336","876"
"685","ALIGN_HOLD","26188","123","675.6591796875","2","2000","0","80000","142588","142588","0","2903","1336","786"
"686","ALIGN_HOLD","26187","122","670.166015625","-1","-1000","-3000000","80000","142589","142589","0","2903","1336","696"
"687","ALIGN_HOLD","26188","123","675.6591796875","1","1000","2000000","80000","142590","142590","0","2903","1336","606"
"688","ALIGN_HOLD","26187","122","670.166015625","-1","-1000","-2000000","80000","142591","142591","0","2903","1336","516"
"689","ALIGN_HOLD","26182","117","642.7001953125","-5","-5000","-4000000","80000","142592","142592","0","2903","1336","426"
"690","ALIGN_HOLD","26186","121","664.6728515625","4","4000","9000000","80000","142593","142593","0","2903","1336","336"
"691","ALIGN_HOLD","26185","120","659.1796875","-1","-1000","-5000000","80000","142594","142594","0","2903","1336","246"
"692","ALIGN_HOLD","26187","122","670.166015625","2","2000","3000000","80000","142595","142595","0","2903","1336","156"
"693","ALIGN_HOLD","26186","121","664.6728515625","-1","-1000","-3000000","80000","142596","142596","0","2903","1336","66"
"694","ALIGN_HOLD","26188","123","675.6591796875","2","2000","3000000","80000","142597","142597","0","2903","1336","2131"
"695","ALIGN_HOLD","26185","120","659.1796875","-3","-3000","-5000000","80000","142598","142598","0","2903","1336","2041"
"696","ALIGN_HOLD","26188","123","675.6591796875","3","3000","6000000","80000","142599","142599","0","2903","1336","1951"
"697","ALIGN_HOLD","26183","118","648.193359375","-5","-5000","-8000000","80000","142600","142600","0","2903","1336","1861"
"698","ALIGN_HOLD","26183","118","648.193359375","0","0","5000000","80000","142601","142601","0","2903","1336","1771"
"699","ALIGN_HOLD","26182","117","642.7001953125","-1","-1000","-1000000","80000","142602","142602","0","2903","1336","1681"
"700","ALIGN_HOLD","26184","119","653.6865234375","2","2000","3000000","80000","142603","142603","0","2903","1336","1591"
"701","ALIGN_HOLD","26186","121","664.6728515625","2","2000","0","80000","142604","142604","0","2903","1336","1501"
"702","ALIGN_HOLD","26187","122","670.166015625","1","1000","-1000000","80000","142605","142605","0","2903","1336","1411"
"703","ALIGN_HOLD","26185","120","659.1796875","-2","-2000","-3000000","80000","142606","142606","0","2903","1336","1321"
"704","ALIGN_HOLD","26186","121","664.6728515625","1","1000","3000000","80000","142607","142607","0","2903","1336","1231"
"705","ALIGN_HOLD","26187","122","670.166015625","1","1000","0","80000","142608","142608","0","2903","1336","1141"
"706","ALIGN_HOLD","26187","122","670.166015625","0","0","-1000000","80000","142609","142609","0","2903","1336","1051"
"707","ALIGN_HOLD","26185","120","659.1796875","-2","-2000","-2000000","80000","142610","142610","0","2903","1336","961"
"708","ALIGN_HOLD","26186","121","664.6728515625","1","1000","3000000","80000","142611","142611","0","2903","1336","871"
"709","ALIGN_HOLD","26187","122","670.166015625","1","1000","0","80000","142612","142612","0","2903","1336","781"
"710","ALIGN_HOLD","26187","122","670.166015625","0","0","-1000000","80000","142613","142613","0","2903","1336","691"
"711","ALIGN_HOLD","26185","120","659.1796875","-2","-2000","-2000000","80000","142614","142614","0","2903","1336","601"
"712","ALIGN_HOLD","26186","121","664.6728515625","1","1000","3000000","80000","142615","142615","0","2903","1336","511"
"713","ALIGN_HOLD","26187","122","670.166015625","1","1000","0","80000","142616","142616","0","2903","1336","421"
"714","ALIGN_HOLD","26184","119","653.6865234375","-3","-3000","-4000000","80000","142617","142617","0","2903","1336","331"
"715","ALIGN_HOLD","26184","119","653.6865234375","0","0","3000000","80000","142618","142618","0","2903","1336","241"
"716","ALIGN_HOLD","26187","122","670.166015625","3","3000","3000000","80000","142619","142619","0","2903","1336","151"
"717","ALIGN_HOLD","26184","119","653.6865234375","-3","-3000","-6000000","80000","142620","142620","0","2903","1336","61"
"718","ALIGN_HOLD","26186","121","664.6728515625","2","2000","5000000","80000","142621","142621","0","2903","1336","2126"
"719","ALIGN_HOLD","26183","118","648.193359375","-3","-3000","-5000000","80000","142622","142622","0","2903","1336","2036"
"720","ALIGN_HOLD","26185","120","659.1796875","2","2000","5000000","80000","142623","142623","0","2903","1336","1946"
"721","ALIGN_HOLD","26184","119","653.6865234375","-1","-1000","-3000000","80000","142624","142624","0","2903","1336","1856"
"722","ALIGN_HOLD","26186","121","664.6728515625","2","2000","3000000","80000","142625","142625","0","2903","1336","1766"
"723","ALIGN_HOLD","26186","121","664.6728515625","0","0","-2000000","80000","142626","142626","0","2903","1336","1676"
"724","ALIGN_HOLD","26183","118","648.193359375","-3","-3000","-3000000","80000","142627","142627","0","2903","1336","1586"
"725","ALIGN_HOLD","26183","118","648.193359375","0","0","3000000","80000","142628","142628","0","2903","1336","1496"
"726","ALIGN_HOLD","26184","119","653.6865234375","1","1000","1000000","80000","142629","142629","0","2903","1336","1406"
"727","ALIGN_HOLD","26188","123","675.6591796875","4","4000","3000000","80000","142630","142630","0","2903","1336","1316"
"728","ALIGN_HOLD","26187","122","670.166015625","-1","-1000","-5000000","80000","142631","142631","0","2903","1336","1226"
"729","ALIGN_HOLD","26185","120","659.1796875","-2","-2000","-1000000","80000","142632","142632","0","2903","1336","1136"
"730","ALIGN_HOLD","26183","118","648.193359375","-2","-2000","0","80000","142633","142633","0","2903","1336","1046"
"731","ALIGN_HOLD","26182","117","642.7001953125","-1","-1000","1000000","80000","142634","142634","0","2903","1336","956"
"732","ALIGN_HOLD","26184","119","653.6865234375","2","2000","3000000","80000","142635","142635","0","2903","1336","866"
"733","ALIGN_HOLD","26187","122","670.166015625","3","3000","1000000","80000","142636","142636","0","2903","1336","776"
"734","ALIGN_HOLD","26183","118","648.193359375","-4","-4000","-7000000","80000","142637","142637","0","2903","1336","686"
"735","ALIGN_HOLD","26188","123","675.6591796875","5","5000","9000000","80000","142638","142638","0","2903","1336","596"
"736","ALIGN_HOLD","26181","116","637.20703125","-7","-7000","-12000000","80000","142639","142639","0","2903","1336","506"
"737","ALIGN_HOLD","26188","123","675.6591796875","7","7000","14000000","80000","142640","142640","0","2903","1336","416"
"738","ALIGN_HOLD","26186","121","664.6728515625","-2","-2000","-9000000","80000","142641","142641","0","2903","1336","326"
"739","ALIGN_HOLD","26185","120","659.1796875","-1","-1000","1000000","80000","142642","142642","0","2903","1336","236"
"740","ALIGN_HOLD","26185","120","659.1796875","0","0","1000000","80000","142643","142643","0","2903","1336","146"
"741","ALIGN_HOLD","26183","118","648.193359375","-2","-2000","-2000000","80000","142644","142644","0","2903","1336","56"
"742","ALIGN_HOLD","26184","119","653.6865234375","1","1000","3000000","80000","142645","142645","0","2903","1336","2121"
"743","ALIGN_HOLD","26183","118","648.193359375","-1","-1000","-2000000","80000","142646","142646","0","2903","1336","2031"
"744","ALIGN_HOLD","26187","122","670.166015625","4","4000","5000000","80000","142647","142647","0","2903","1336","1941"
"745","ALIGN_HOLD","26186","121","664.6728515625","-1","-1000","-5000000","80000","142648","142648","0","2903","1336","1851"
"746","ALIGN_HOLD","26186","121","664.6728515625","0","0","1000000","80000","142649","142649","0","2903","1336","1761"
"747","ALIGN_HOLD","26188","123","675.6591796875","2","2000","2000000","80000","142650","142650","0","2903","1336","1671"
"748","ALIGN_HOLD","26186","121","664.6728515625","-2","-2000","-4000000","80000","142651","142651","0","2903","1336","1581"
"749","ALIGN_HOLD","26186","121","664.6728515625","0","0","2000000","80000","142652","142652","0","2903","1336","1491"
"750","ALIGN_HOLD","26184","119","653.6865234375","-2","-2000","-2000000","80000","142653","142653","0","2903","1336","1401"
"751","ALIGN_HOLD","26183","118","648.193359375","-1","-1000","1000000","80000","142654","142654","0","2903","1336","1311"
"752","ALIGN_HOLD","26186","121","664.6728515625","3","3000","4000000","80000","142655","142655","0","2903","1336","1221"
"753","ALIGN_HOLD","26186","121","664.6728515625","0","0","-3000000","80000","142656","142656","0","2903","1336","1131"
"754","ALIGN_HOLD","26189","124","681.15234375","3","3000","3000000","80000","142657","142657","0","2903","1336","1041"
"755","ALIGN_HOLD","26188","123","675.6591796875","-1","-1000","-4000000","80000","142658","142658","0","2903","1336","951"
"756","ALIGN_HOLD","26184","119","653.6865234375","-4","-4000","-3000000","80000","142659","142659","0","2903","1336","861"
"757","ALIGN_HOLD","26187","122","670.166015625","3","3000","7000000","80000","142660","142660","0","2903","1336","771"
"758","ALIGN_HOLD","26184","119","653.6865234375","-3","-3000","-6000000","80000","142661","142661","0","2903","1336","681"
"759","ALIGN_HOLD","26184","119","653.6865234375","0","0","3000000","80000","142662","142662","0","2903","1336","591"
"760","ALIGN_HOLD","26184","119","653.6865234375","0","0","0","80000","142663","142663","0","2903","1336","501"
"761","ALIGN_HOLD","26186","121","664.6728515625","2","2000","2000000","80000","142664","142664","0","2903","1336","411"
"762","ALIGN_HOLD","26184","119","653.6865234375","-2","-2000","-4000000","80000","142665","142665","0","2903","1336","321"
"763","ALIGN_HOLD","26187","122","670.166015625","3","3000","5000000","80000","142666","142666","0","2903","1336","231"
"764","ALIGN_HOLD","26188","123","675.6591796875","1","1000","-2000000","80000","142667","142667","0","2903","1336","141"
"765","ALIGN_HOLD","26185","120","659.1796875","-3","-3000","-4000000","80000","142668","142668","0","2903","1336","51"
"766","ALIGN_HOLD","26185","120","659.1796875","0","0","3000000","80000","142669","142669","0","2903","1336","2116"
"767","ALIGN_HOLD","26183","118","648.193359375","-2","-2000","-2000000","80000","142670","142670","0","2903","1336","2026"
"768","ALIGN_HOLD","26184","119","653.6865234375","1","1000","3000000","80000","142671","142671","0","2903","1336","1936"
"769","ALIGN_HOLD","26187","122","670.166015625","3","3000","2000000","80000","142672","142672","0","2903","1336","1846"
"770","ALIGN_HOLD","26185","120","659.1796875","-2","-2000","-5000000","80000","142673","142673","0","2903","1336","1756"
"771","ALIGN_HOLD","26185","120","659.1796875","0","0","2000000","80000","142674","142674","0","2903","1336","1666"
"772","ALIGN_HOLD","26185","120","659.1796875","0","0","0","80000","142675","142675","0","2903","1336","1576"
"773","ALIGN_HOLD","26184","119","653.6865234375","-1","-1000","-1000000","80000","142676","142676","0","2903","1336","1486"
"774","ALIGN_HOLD","26184","119","653.6865234375","0","0","1000000","80000","142677","142677","0","2903","1336","1396"
"775","ALIGN_HOLD","26189","124","681.15234375","5","5000","5000000","80000","142678","142678","0","2903","1336","1306"
"776","ALIGN_HOLD","26183","118","648.193359375","-6","-6000","-11000000","80000","142679","142679","0","2903","1336","1216"
"777","ALIGN_HOLD","26182","117","642.7001953125","-1","-1000","5000000","80000","142680","142680","0","2903","1336","1126"
"778","ALIGN_HOLD","26186","121","664.6728515625","4","4000","5000000","80000","142681","142681","0","2903","1336","1036"
"779","ALIGN_HOLD","26183","118","648.193359375","-3","-3000","-7000000","80000","142682","142682","0","2903","1336","946"
"780","ALIGN_HOLD","26185","120","659.1796875","2","2000","5000000","80000","142683","142683","0","2903","1336","856"
"781","ALIGN_HOLD","26184","119","653.6865234375","-1","-1000","-3000000","80000","142684","142684","0","2903","1336","766"
"782","ALIGN_HOLD","26184","119","653.6865234375","0","0","1000000","80000","142685","142685","0","2903","1336","676"
"783","ALIGN_HOLD","26185","120","659.1796875","1","1000","1000000","80000","142686","142686","0","2903","1336","586"
"784","ALIGN_HOLD","26183","118","648.193359375","-2","-2000","-3000000","80000","142687","142687","0","2903","1336","496"
"785","ALIGN_HOLD","26187","122","670.166015625","4","4000","6000000","80000","142688","142688","0","2903","1336","406"
"786","ALIGN_HOLD","26187","122","670.166015625","0","0","-4000000","80000","142689","142689","0","2903","1336","316"
"787","ALIGN_HOLD","26183","118","648.193359375","-4","-4000","-4000000","80000","142690","142690","0","2903","1336","226"
"788","ALIGN_HOLD","26181","116","637.20703125","-2","-2000","2000000","80000","142691","142691","0","2903","1336","136"
"789","ALIGN_HOLD","26184","119","653.6865234375","3","3000","5000000","80000","142692","142692","0","2903","1336","46"
"790","ALIGN_HOLD","26185","120","659.1796875","1","1000","-2000000","80000","142693","142693","0","2903","1336","2111"
"791","ALIGN_HOLD","26183","118","648.193359375","-2","-2000","-3000000","80000","142694","142694","0","2903","1336","2021"
"792","ALIGN_HOLD","26182","117","642.7001953125","-1","-1000","1000000","80000","142695","142695","0","2903","1336","1931"
"793","ALIGN_HOLD","26186","121","664.6728515625","4","4000","5000000","80000","142696","142696","0","2903","1336","1841"
"794","ALIGN_HOLD","26182","117","642.7001953125","-4","-4000","-8000000","80000","142697","142697","0","2903","1336","1751"
"795","ALIGN_HOLD","26187","122","670.166015625","5","5000","9000000","80000","142698","142698","0","2903","1336","1661"
"796","ALIGN_HOLD","26179","114","626.220703125","-8","-8000","-13000000","80000","142699","142699","0","2903","1336","1571"
"797","ALIGN_HOLD","26183","118","648.193359375","4","4000","12000000","80000","142700","142700","0","2903","1336","1481"
"798","ALIGN_HOLD","26185","120","659.1796875","2","2000","-2000000","80000","142701","142701","0","2903","1336","1391"
"799","ALIGN_HOLD","26186","121","664.6728515625","1","1000","-1000000","80000","142702","142702","0","2903","1336","1301"
"800","ALIGN_HOLD","26184","119","653.6865234375","-2","-2000","-3000000","80000","142703","142703","0","2903","1336","1277"
"801","ALIGN_HOLD","26184","119","653.6865234375","0","0","2000000","80000","142704","142704","0","2903","1336","1121"
"802","ALIGN_HOLD","26184","119","653.6865234375","0","0","0","80000","142705","142705","0","2903","1336","1031"
"803","ALIGN_HOLD","26185","120","659.1796875","1","1000","1000000","80000","142706","142706","0","2903","1336","941"
"804","ALIGN_HOLD","26188","123","675.6591796875","3","3000","2000000","80000","142707","142707","0","2903","1336","851"
"805","ALIGN_HOLD","26184","119","653.6865234375","-4","-4000","-7000000","80000","142708","142708","0","2903","1336","761"
"806","ALIGN_HOLD","26184","119","653.6865234375","0","0","4000000","80000","142709","142709","0","2903","1336","671"
"807","ALIGN_HOLD","26184","119","653.6865234375","0","0","0","80000","142710","142710","0","2903","1336","581"
"808","ALIGN_HOLD","26190","125","686.6455078125","6","6000","6000000","80000","142711","142711","0","2903","1336","491"
"809","ALIGN_HOLD","26183","118","648.193359375","-7","-7000","-13000000","80000","142712","142712","0","2903","1336","401"
"810","ALIGN_HOLD","26186","121","664.6728515625","3","3000","10000000","80000","142713","142713","0","2903","1336","311"
"811","ALIGN_HOLD","26188","123","675.6591796875","2","2000","-1000000","80000","142714","142714","0","2903","1336","221"
"812","ALIGN_HOLD","26188","123","675.6591796875","0","0","-2000000","80000","142715","142715","0","2903","1336","131"
"813","ALIGN_HOLD","26184","119","653.6865234375","-4","-4000","-4000000","80000","142716","142716","0","2903","1336","41"
"814","ALIGN_HOLD","26187","122","670.166015625","3","3000","7000000","80000","142717","142717","0","2903","1336","2106"
"815","ALIGN_HOLD","26187","122","670.166015625","0","0","-3000000","80000","142718","142718","0","2903","1336","2016"
"816","ALIGN_HOLD","26185","120","659.1796875","-2","-2000","-2000000","80000","142719","142719","0","2903","1336","1926"
"817","ALIGN_HOLD","26188","123","675.6591796875","3","3000","5000000","80000","142720","142720","0","2903","1336","1836"
"818","ALIGN_HOLD","26184","119","653.6865234375","-4","-4000","-7000000","80000","142721","142721","0","2903","1336","1746"
"819","ALIGN_HOLD","26183","118","648.193359375","-1","-1000","3000000","80000","142722","142722","0","2903","1336","1656"
"820","ALIGN_HOLD","26185","120","659.1796875","2","2000","3000000","80000","142723","142723","0","2903","1336","1566"
"821","ALIGN_HOLD","26188","123","675.6591796875","3","3000","1000000","80000","142724","142724","0","2903","1336","1476"
"822","ALIGN_HOLD","26187","122","670.166015625","-1","-1000","-4000000","80000","142725","142725","0","2903","1336","1386"
"823","ALIGN_HOLD","26184","119","653.6865234375","-3","-3000","-2000000","80000","142726","142726","0","2903","1336","1296"
"824","ALIGN_HOLD","26185","120","659.1796875","1","1000","4000000","80000","142727","142727","0","2903","1336","1206"
"825","ALIGN_HOLD","26183","118","648.193359375","-2","-2000","-3000000","80000","142728","142728","0","2903","1336","1116"
"826","ALIGN_HOLD","26186","121","664.6728515625","3","3000","5000000","80000","142729","142729","0","2903","1336","1026"
"827","ALIGN_HOLD","26185","120","659.1796875","-1","-1000","-4000000","80000","142730","142730","0","2903","1336","936"
"828","ALIGN_HOLD","26186","121","664.6728515625","1","1000","2000000","80000","142731","142731","0","2903","1336","846"
"829","ALIGN_HOLD","26188","123","675.6591796875","2","2000","1000000","80000","142732","142732","0","2903","1336","756"
"830","ALIGN_HOLD","26186","121","664.6728515625","-2","-2000","-4000000","80000","142733","142733","0","2903","1336","666"
"831","ALIGN_HOLD","26188","123","675.6591796875","2","2000","4000000","80000","142734","142734","0","2903","1336","576"
"832","ALIGN_HOLD","26186","121","664.6728515625","-2","-2000","-4000000","80000","142735","142735","0","2903","1336","486"
"833","ALIGN_HOLD","26186","121","664.6728515625","0","0","2000000","80000","142736","142736","0","2903","1336","396"
"834","ALIGN_HOLD","26190","125","686.6455078125","4","4000","4000000","80000","142737","142737","0","2903","1336","306"
"835","ALIGN_HOLD","26188","123","675.6591796875","-2","-2000","-6000000","80000","142738","142738","0","2903","1336","216"
"836","ALIGN_HOLD","26183","118","648.193359375","-5","-5000","-3000000","80000","142739","142739","0","2903","1336","126"
"837","ALIGN_HOLD","26183","118","648.193359375","0","0","5000000","80000","142740","142740","0","2903","1336","36"
"838","ALIGN_HOLD","26184","119","653.6865234375","1","1000","1000000","80000","142741","142741","0","2903","1336","2101"
"839","ALIGN_HOLD","26187","122","670.166015625","3","3000","2000000","80000","142742","142742","0","2903","1336","2011"
"840","ALIGN_HOLD","26186","121","664.6728515625","-1","-1000","-4000000","80000","142743","142743","0","2903","1336","1921"
"841","ALIGN_HOLD","26187","122","670.166015625","1","1000","2000000","80000","142744","142744","0","2903","1336","1831"
"842","ALIGN_HOLD","26187","122","670.166015625","0","0","-1000000","80000","142745","142745","0","2903","1336","1741"
"843","ALIGN_HOLD","26186","121","664.6728515625","-1","-1000","-1000000","80000","142746","142746","0","2903","1336","1651"
"844","ALIGN_HOLD","26182","117","642.7001953125","-4","-4000","-3000000","80000","142747","142747","0","2903","1336","1561"
"845","ALIGN_HOLD","26184","119","653.6865234375","2","2000","6000000","80000","142748","142748","0","2903","1336","1471"
"846","ALIGN_HOLD","26186","121","664.6728515625","2","2000","0","80000","142749","142749","0","2903","1336","1381"
"847","ALIGN_HOLD","26187","122","670.166015625","1","1000","-1000000","80000","142750","142750","0","2903","1336","1291"
"848","ALIGN_HOLD","26184","119","653.6865234375","-3","-3000","-4000000","80000","142751","142751","0","2903","1336","1201"
"849","ALIGN_HOLD","26188","123","675.6591796875","4","4000","7000000","80000","142752","142752","0","2903","1336","1111"
"850","ALIGN_HOLD","26186","121","664.6728515625","-2","-2000","-6000000","80000","142753","142753","0","2903","1336","1021"
"851","ALIGN_HOLD","26185","120","659.1796875","-1","-1000","1000000","80000","142754","142754","0","2903","1336","931"
"852","ALIGN_HOLD","26186","121","664.6728515625","1","1000","2000000","80000","142755","142755","0","2903","1336","841"
"853","ALIGN_HOLD","26185","120","659.1796875","-1","-1000","-2000000","80000","142756","142756","0","2903","1336","751"
"854","ALIGN_HOLD","26186","121","664.6728515625","1","1000","2000000","80000","142757","142757","0","2903","1336","661"
"855","ALIGN_HOLD","26188","123","675.6591796875","2","2000","1000000","80000","142758","142758","0","2903","1336","571"
"856","ALIGN_HOLD","26182","117","642.7001953125","-6","-6000","-8000000","80000","142759","142759","0","2903","1336","481"
"857","ALIGN_HOLD","26184","119","653.6865234375","2","2000","8000000","80000","142760","142760","0","2903","1336","391"
"858","ALIGN_HOLD","26185","120","659.1796875","1","1000","-1000000","80000","142761","142761","0","2903","1336","301"
"859","ALIGN_HOLD","26185","120","659.1796875","0","0","-1000000","80000","142762","142762","0","2903","1336","211"
"860","ALIGN_HOLD","26186","121","664.6728515625","1","1000","1000000","80000","142763","142763","0","2903","1336","121"
"861","ALIGN_HOLD","26185","120","659.1796875","-1","-1000","-2000000","80000","142764","142764","0","2903","1336","31"
"862","ALIGN_HOLD","26183","118","648.193359375","-2","-2000","-1000000","80000","142765","142765","0","2903","1336","2096"
"863","ALIGN_HOLD","26185","120","659.1796875","2","2000","4000000","80000","142766","142766","0","2903","1336","2006"
"864","ALIGN_HOLD","26185","120","659.1796875","0","0","-2000000","80000","142767","142767","0","2903","1336","1916"
"865","ALIGN_HOLD","26186","121","664.6728515625","1","1000","1000000","80000","142768","142768","0","2903","1336","1826"
"866","ALIGN_HOLD","26182","117","642.7001953125","-4","-4000","-5000000","80000","142769","142769","0","2903","1336","1736"
"867","ALIGN_HOLD","26187","122","670.166015625","5","5000","9000000","80000","142770","142770","0","2903","1336","1646"
"868","ALIGN_HOLD","26185","120","659.1796875","-2","-2000","-7000000","80000","142771","142771","0","2903","1336","1556"
"869","ALIGN_HOLD","26184","119","653.6865234375","-1","-1000","1000000","80000","142772","142772","0","2903","1336","1466"
"870","ALIGN_HOLD","26189","124","681.15234375","5","5000","6000000","80000","142773","142773","0","2903","1336","1376"
"871","ALIGN_HOLD","26185","120","659.1796875","-4","-4000","-9000000","80000","142774","142774","0","2903","1336","1286"
"872","ALIGN_HOLD","26186","121","664.6728515625","1","1000","5000000","80000","142775","142775","0","2903","1336","1196"
"873","ALIGN_HOLD","26189","124","681.15234375","3","3000","2000000","80000","142776","142776","0","2903","1336","1106"
"874","ALIGN_HOLD","26186","121","664.6728515625","-3","-3000","-6000000","80000","142777","142777","0","2903","1336","1016"
"875","ALIGN_HOLD","26187","122","670.166015625","1","1000","4000000","80000","142778","142778","0","2903","1336","926"
"876","ALIGN_HOLD","26188","123","675.6591796875","1","1000","0","80000","142779","142779","0","2903","1336","836"
"877","ALIGN_HOLD","26188","123","675.6591796875","0","0","-1000000","80000","142780","142780","0","2903","1336","746"
"878","ALIGN_HOLD","26186","121","664.6728515625","-2","-2000","-2000000","80000","142781","142781","0","2903","1336","656"
"879","ALIGN_HOLD","26188","123","675.6591796875","2","2000","4000000","80000","142782","142782","0","2903","1336","566"
"880","ALIGN_HOLD","26187","122","670.166015625","-1","-1000","-3000000","80000","142783","142783","0","2903","1336","476"
"881","ALIGN_HOLD","26188","123","675.6591796875","1","1000","2000000","80000","142784","142784","0","2903","1336","386"
"882","ALIGN_HOLD","26184","119","653.6865234375","-4","-4000","-5000000","80000","142785","142785","0","2903","1336","296"
"883","ALIGN_HOLD","26189","124","681.15234375","5","5000","9000000","80000","142786","142786","0","2903","1336","206"
"884","ALIGN_HOLD","26186","121","664.6728515625","-3","-3000","-8000000","80000","142787","142787","0","2903","1336","116"
"885","ALIGN_HOLD","26186","121","664.6728515625","0","0","3000000","80000","142788","142788","0","2903","1336","26"
"886","ALIGN_HOLD","26186","121","664.6728515625","0","0","0","80000","142789","142789","0","2903","1336","2091"
"887","ALIGN_HOLD","26185","120","659.1796875","-1","-1000","-1000000","80000","142790","142790","0","2903","1336","2001"
"888","ALIGN_HOLD","26184","119","653.6865234375","-1","-1000","0","80000","142791","142791","0","2903","1336","1911"
"889","ALIGN_HOLD","26188","123","675.6591796875","4","4000","5000000","80000","142792","142792","0","2903","1336","1821"
"890","ALIGN_HOLD","26188","123","675.6591796875","0","0","-4000000","80000","142793","142793","0","2903","1336","1731"
"891","ALIGN_HOLD","26184","119","653.6865234375","-4","-4000","-4000000","80000","142794","142794","0","2903","1336","1641"
"892","ALIGN_HOLD","26185","120","659.1796875","1","1000","5000000","80000","142795","142795","0","2903","1336","1551"
"893","ALIGN_HOLD","26187","122","670.166015625","2","2000","1000000","80000","142796","142796","0","2903","1336","1461"
"894","ALIGN_HOLD","26184","119","653.6865234375","-3","-3000","-5000000","80000","142797","142797","0","2903","1336","1371"
"895","ALIGN_HOLD","26184","119","653.6865234375","0","0","3000000","80000","142798","142798","0","2903","1336","1281"
"896","ALIGN_HOLD","26187","122","670.166015625","3","3000","3000000","80000","142799","142799","0","2903","1336","1191"
"897","ALIGN_HOLD","26187","122","670.166015625","0","0","-3000000","80000","142800","142800","0","2903","1336","1101"
"898","ALIGN_HOLD","26188","123","675.6591796875","1","1000","1000000","80000","142801","142801","0","2903","1336","1011"
"899","ALIGN_HOLD","26187","122","670.166015625","-1","-1000","-2000000","80000","142802","142802","0","2903","1336","921"
"900","ALIGN_HOLD","26187","122","670.166015625","0","0","1000000","80000","142803","142803","0","2903","1336","831"
"901","ALIGN_HOLD","26185","120","659.1796875","-2","-2000","-2000000","80000","142804","142804","0","2903","1336","741"
"902","ALIGN_HOLD","26188","123","675.6591796875","3","3000","5000000","80000","142805","142805","0","2903","1336","651"
"903","ALIGN_HOLD","26185","120","659.1796875","-3","-3000","-6000000","80000","142806","142806","0","2903","1336","561"
"904","ALIGN_HOLD","26186","121","664.6728515625","1","1000","4000000","80000","142807","142807","0","2903","1336","471"
"905","ALIGN_HOLD","26187","122","670.166015625","1","1000","0","80000","142808","142808","0","2903","1336","381"
"906","ALIGN_HOLD","26189","124","681.15234375","2","2000","1000000","80000","142809","142809","0","2903","1336","291"
"907","ALIGN_HOLD","26190","125","686.6455078125","1","1000","-1000000","80000","142810","142810","0","2903","1336","201"
"908","ALIGN_HOLD","26186","121","664.6728515625","-4","-4000","-5000000","80000","142811","142811","0","2903","1336","111"
"909","ALIGN_HOLD","26185","120","659.1796875","-1","-1000","3000000","80000","142812","142812","0","2903","1336","21"
"910","ALIGN_HOLD","26186","121","664.6728515625","1","1000","2000000","80000","142813","142813","0","2903","1336","2086"
"911","ALIGN_HOLD","26186","121","664.6728515625","0","0","-1000000","80000","142814","142814","0","2903","1336","1996"
"912","ALIGN_HOLD","26187","122","670.166015625","1","1000","1000000","80000","142815","142815","0","2903","1336","1906"
"913","ALIGN_HOLD","26184","119","653.6865234375","-3","-3000","-4000000","80000","142816","142816","0","2903","1336","1816"
"914","ALIGN_HOLD","26188","123","675.6591796875","4","4000","7000000","80000","142817","142817","0","2903","1336","1726"
"915","ALIGN_HOLD","26188","123","675.6591796875","0","0","-4000000","80000","142818","142818","0","2903","1336","1636"
"916","ALIGN_HOLD","26190","125","686.6455078125","2","2000","2000000","80000","142819","142819","0","2903","1336","1546"
"917","ALIGN_HOLD","26190","125","686.6455078125","0","0","-2000000","80000","142820","142820","0","2903","1336","1456"
"918","ALIGN_HOLD","26186","121","664.6728515625","-4","-4000","-4000000","80000","142821","142821","0","2903","1336","1366"
"919","ALIGN_HOLD","26186","121","664.6728515625","0","0","4000000","80000","142822","142822","0","2903","1336","1276"
"920","ALIGN_HOLD","26187","122","670.166015625","1","1000","1000000","80000","142823","142823","0","2903","1336","1186"
"921","ALIGN_HOLD","26186","121","664.6728515625","-1","-1000","-2000000","80000","142824","142824","0","2903","1336","1096"
"922","ALIGN_HOLD","26187","122","670.166015625","1","1000","2000000","80000","142825","142825","0","2903","1336","1006"
"923","ALIGN_HOLD","26187","122","670.166015625","0","0","-1000000","80000","142826","142826","0","2903","1336","916"
"924","ALIGN_HOLD","26187","122","670.166015625","0","0","0","80000","142827","142827","0","2903","1336","826"
"925","ALIGN_HOLD","26184","119","653.6865234375","-3","-3000","-3000000","80000","142828","142828","0","2903","1336","736"
"926","ALIGN_HOLD","26188","123","675.6591796875","4","4000","7000000","80000","142829","142829","0","2903","1336","646"
"927","ALIGN_HOLD","26187","122","670.166015625","-1","-1000","-5000000","80000","142830","142830","0","2903","1336","556"
"928","ALIGN_HOLD","26189","124","681.15234375","2","2000","3000000","80000","142831","142831","0","2903","1336","466"
"929","ALIGN_HOLD","26186","121","664.6728515625","-3","-3000","-5000000","80000","142832","142832","0","2903","1336","376"
"930","ALIGN_HOLD","26186","121","664.6728515625","0","0","3000000","80000","142833","142833","0","2903","1336","286"
"931","ALIGN_HOLD","26189","124","681.15234375","3","3000","3000000","80000","142834","142834","0","2903","1336","196"
"932","ALIGN_HOLD","26187","122","670.166015625","-2","-2000","-5000000","80000","142835","142835","0","2903","1336","106"
"933","ALIGN_HOLD","26185","120","659.1796875","-2","-2000","0","80000","142836","142836","0","2903","1336","16"
"934","ALIGN_HOLD","26189","124","681.15234375","4","4000","6000000","80000","142837","142837","0","2903","1336","2081"
"935","ALIGN_HOLD","26187","122","670.166015625","-2","-2000","-6000000","80000","142838","142838","0","2903","1336","1991"
"936","ALIGN_HOLD","26187","122","670.166015625","0","0","2000000","80000","142839","142839","0","2903","1336","1901"
"937","ALIGN_HOLD","26189","124","681.15234375","2","2000","2000000","80000","142840","142840","0","2903","1336","1811"
"938","ALIGN_HOLD","26187","122","670.166015625","-2","-2000","-4000000","80000","142841","142841","0","2903","1336","1721"
"939","ALIGN_HOLD","26182","117","642.7001953125","-5","-5000","-3000000","80000","142842","142842","0","2903","1336","1631"
"940","ALIGN_HOLD","26187","122","670.166015625","5","5000","10000000","80000","142843","142843","0","2903","1336","1541"
"941","ALIGN_HOLD","26185","120","659.1796875","-2","-2000","-7000000","80000","142844","142844","0","2903","1336","1451"
"942","ALIGN_HOLD","26185","120","659.1796875","0","0","2000000","80000","142845","142845","0","2903","1336","1361"
"943","ALIGN_HOLD","26186","121","664.6728515625","1","1000","1000000","80000","142846","142846","0","2903","1336","1271"
"944","ALIGN_HOLD","26189","124","681.15234375","3","3000","2000000","80000","142847","142847","0","2903","1336","1181"
"945","ALIGN_HOLD","26186","121","664.6728515625","-3","-3000","-6000000","80000","142848","142848","0","2903","1336","1091"
"946","ALIGN_HOLD","26190","125","686.6455078125","4","4000","7000000","80000","142849","142849","0","2903","1336","1001"
"947","ALIGN_HOLD","26187","122","670.166015625","-3","-3000","-7000000","80000","142850","142850","0","2903","1336","911"
"948","ALIGN_HOLD","26188","123","675.6591796875","1","1000","4000000","80000","142851","142851","0","2903","1336","821"
"949","ALIGN_HOLD","26186","121","664.6728515625","-2","-2000","-3000000","80000","142852","142852","0","2903","1336","731"
"950","ALIGN_HOLD","26186","121","664.6728515625","0","0","2000000","80000","142853","142853","0","2903","1336","641"
"951","ALIGN_HOLD","26186","121","664.6728515625","0","0","0","80000","142854","142854","0","2903","1336","551"
"952","ALIGN_HOLD","26188","123","675.6591796875","2","2000","2000000","80000","142855","142855","0","2903","1336","461"
"953","ALIGN_HOLD","26188","123","675.6591796875","0","0","-2000000","80000","142856","142856","0","2903","1336","371"
"954","ALIGN_HOLD","26186","121","664.6728515625","-2","-2000","-2000000","80000","142857","142857","0","2903","1336","281"
"955","ALIGN_HOLD","26184","119","653.6865234375","-2","-2000","0","80000","142858","142858","0","2903","1336","191"
"956","ALIGN_HOLD","26188","123","675.6591796875","4","4000","6000000","80000","142859","142859","0","2903","1336","101"
"957","ALIGN_HOLD","26184","119","653.6865234375","-4","-4000","-8000000","80000","142860","142860","0","2903","1336","11"
"958","ALIGN_HOLD","26191","126","692.138671875","7","7000","11000000","80000","142861","142861","0","2903","1336","2076"
"959","ALIGN_HOLD","26186","121","664.6728515625","-5","-5000","-12000000","80000","142862","142862","0","2903","1336","1986"
"960","ALIGN_HOLD","26186","121","664.6728515625","0","0","5000000","80000","142863","142863","0","2903","1336","1896"
"961","ALIGN_HOLD","26185","120","659.1796875","-1","-1000","-1000000","80000","142864","142864","0","2903","1336","1806"
"962","ALIGN_HOLD","26186","121","664.6728515625","1","1000","2000000","80000","142865","142865","0","2903","1336","1716"
"963","ALIGN_HOLD","26187","122","670.166015625","1","1000","0","80000","142866","142866","0","2903","1336","1626"
"964","ALIGN_HOLD","26189","124","681.15234375","2","2000","1000000","80000","142867","142867","0","2903","1336","1536"
"965","ALIGN_HOLD","26188","123","675.6591796875","-1","-1000","-3000000","80000","142868","142868","0","2903","1336","1446"
"966","ALIGN_HOLD","26189","124","681.15234375","1","1000","2000000","80000","142869","142869","0","2903","1336","1356"
"967","ALIGN_HOLD","26190","125","686.6455078125","1","1000","0","80000","142870","142870","0","2903","1336","1266"
"968","ALIGN_HOLD","26187","122","670.166015625","-3","-3000","-4000000","80000","142871","142871","0","2903","1336","1176"
"969","ALIGN_HOLD","26189","124","681.15234375","2","2000","5000000","80000","142872","142872","0","2903","1336","1086"
"970","ALIGN_HOLD","26185","120","659.1796875","-4","-4000","-6000000","80000","142873","142873","0","2903","1336","996"
"971","ALIGN_HOLD","26185","120","659.1796875","0","0","4000000","80000","142874","142874","0","2903","1336","906"
"972","ALIGN_HOLD","26185","120","659.1796875","0","0","0","80000","142875","142875","0","2903","1336","816"
"973","ALIGN_HOLD","26184","119","653.6865234375","-1","-1000","-1000000","80000","142876","142876","0","2903","1336","726"
"974","ALIGN_HOLD","26188","123","675.6591796875","4","4000","5000000","80000","142877","142877","0","2903","1336","636"
"975","ALIGN_HOLD","26184","119","653.6865234375","-4","-4000","-8000000","80000","142878","142878","0","2903","1336","546"
"976","ALIGN_HOLD","26187","122","670.166015625","3","3000","7000000","80000","142879","142879","0","2903","1336","456"
"977","ALIGN_HOLD","26191","126","692.138671875","4","4000","1000000","80000","142880","142880","0","2903","1336","366"
"978","ALIGN_HOLD","26189","124","681.15234375","-2","-2000","-6000000","80000","142881","142881","0","2903","1336","276"
"979","ALIGN_HOLD","26186","121","664.6728515625","-3","-3000","-1000000","80000","142882","142882","0","2903","1336","186"
"980","ALIGN_HOLD","26187","122","670.166015625","1","1000","4000000","80000","142883","142883","0","2903","1336","96"
"981","ALIGN_HOLD","26190","125","686.6455078125","3","3000","2000000","80000","142884","142884","0","2903","1336","6"
"982","ALIGN_HOLD","26190","125","686.6455078125","0","0","-3000000","80000","142885","142885","0","2903","1336","2071"
"983","ALIGN_HOLD","26184","119","653.6865234375","-6","-6000","-6000000","80000","142886","142886","0","2903","1336","1981"
"984","ALIGN_HOLD","26190","125","686.6455078125","6","6000","12000000","80000","142887","142887","0","2903","1336","1891"
"985","ALIGN_HOLD","26183","118","648.193359375","-7","-7000","-13000000","80000","142888","142888","0","2903","1336","1801"
"986","ALIGN_HOLD","26191","126","692.138671875","8","8000","15000000","80000","142889","142889","0","2903","1336","1711"
"987","ALIGN_HOLD","26184","119","653.6865234375","-7","-7000","-15000000","80000","142890","142890","0","2903","1336","1621"
"988","ALIGN_HOLD","26185","120","659.1796875","1","1000","8000000","80000","142891","142891","0","2903","1336","1531"
"989","ALIGN_HOLD","26184","119","653.6865234375","-1","-1000","-2000000","80000","142892","142892","0","2903","1336","1441"
"990","ALIGN_HOLD","26186","121","664.6728515625","2","2000","3000000","80000","142893","142893","0","2903","1336","1351"
"991","ALIGN_HOLD","26184","119","653.6865234375","-2","-2000","-4000000","80000","142894","142894","0","2903","1336","1261"
"992","ALIGN_HOLD","26190","125","686.6455078125","6","6000","8000000","80000","142895","142895","0","2903","1336","1171"
"993","ALIGN_HOLD","26188","123","675.6591796875","-2","-2000","-8000000","80000","142896","142896","0","2903","1336","1081"
"994","ALIGN_HOLD","26187","122","670.166015625","-1","-1000","1000000","80000","142897","142897","0","2903","1336","991"
"995","ALIGN_HOLD","26185","120","659.1796875","-2","-2000","-1000000","80000","142898","142898","0","2903","1336","901"
"996","ALIGN_HOLD","26188","123","675.6591796875","3","3000","5000000","80000","142899","142899","0","2903","1336","811"
"997","ALIGN_HOLD","26183","118","648.193359375","-5","-5000","-8000000","80000","142900","142900","0","2903","1336","721"
"998","ALIGN_HOLD","26190","125","686.6455078125","7","7000","12000000","80000","142901","142901","0","2903","1336","631"
"999","ALIGN_HOLD","26184","119","653.6865234375","-6","-6000","-13000000","80000","142902","142902","0","2903","1336","541"
"1000","ALIGN_HOLD","26188","123","675.6591796875","4","4000","10000000","80000","142903","142903","0","2903","1336","517"
