"Seq","Phase","EncoderRaw","TravelRaw","TravelMilliDeg","DeltaRaw","VelocityRawPerSecond","AccelerationRawPerSecond2","PowerPpm","ScheduledTick","SampleTick","LatenessTicks","LoopCycles","SpiLatencyCycles","PwmCounterAtCs"
"0","ALIGN_RAMP","46021","-1","-5.4931640625","-1","-1000","-1000000","0","104064","104064","0","2897","1336","1206"
"1","ALIGN_RAMP","46023","1","5.4931640625","2","2000","3000000","160","104065","104065","0","2902","1336","461"
"2","ALIGN_RAMP","46023","1","5.4931640625","0","0","-2000000","320","104066","104066","0","2902","1336","371"
"3","ALIGN_RAMP","46024","2","10.986328125","1","1000","1000000","480","104067","104067","0","2902","1336","281"
"4","ALIGN_RAMP","46024","2","10.986328125","0","0","-1000000","640","104068","104068","0","2902","1336","191"
"5","ALIGN_RAMP","46023","1","5.4931640625","-1","-1000","-1000000","800","104069","104069","0","2902","1336","101"
"6","ALIGN_RAMP","46023","1","5.4931640625","0","0","1000000","960","104070","104070","0","2902","1336","11"
"7","ALIGN_RAMP","46027","5","27.4658203125","4","4000","4000000","1120","104071","104071","0","2902","1336","2076"
"8","ALIGN_RAMP","46021","-1","-5.4931640625","-6","-6000","-10000000","1280","104072","104072","0","2902","1336","1986"
"9","ALIGN_RAMP","46022","0","0","1","1000","7000000","1440","104073","104073","0","2902","1336","1896"
"10","ALIGN_RAMP","46022","0","0","0","0","-1000000","1600","104074","104074","0","2902","1336","1806"
"11","ALIGN_RAMP","46022","0","0","0","0","0","1760","104075","104075","0","2902","1336","1716"
"12","ALIGN_RAMP","46021","-1","-5.4931640625","-1","-1000","-1000000","1920","104076","104076","0","2902","1336","1626"
"13","ALIGN_RAMP","46023","1","5.4931640625","2","2000","3000000","2080","104077","104077","0","2902","1336","1536"
"14","ALIGN_RAMP","46025","3","16.4794921875","2","2000","0","2240","104078","104078","0","2902","1336","1446"
"15","ALIGN_RAMP","46024","2","10.986328125","-1","-1000","-3000000","2400","104079","104079","0","2902","1336","1356"
"16","ALIGN_RAMP","46025","3","16.4794921875","1","1000","2000000","2560","104080","104080","0","2902","1336","1266"
"17","ALIGN_RAMP","46022","0","0","-3","-3000","-4000000","2720","104081","104081","0","2902","1336","1176"
"18","ALIGN_RAMP","46022","0","0","0","0","3000000","2880","104082","104082","0","2902","1336","1086"
"19","ALIGN_RAMP","46024","2","10.986328125","2","2000","2000000","3040","104083","104083","0","2902","1336","996"
"20","ALIGN_RAMP","46023","1","5.4931640625","-1","-1000","-3000000","3200","104084","104084","0","2902","1336","906"
"21","ALIGN_RAMP","46026","4","21.97265625","3","3000","4000000","3360","104085","104085","0","2902","1336","816"
"22","ALIGN_RAMP","46025","3","16.4794921875","-1","-1000","-4000000","3520","104086","104086","0","2902","1336","726"
"23","ALIGN_RAMP","46025","3","16.4794921875","0","0","1000000","3680","104087","104087","0","2902","1336","636"
"24","ALIGN_RAMP","46022","0","0","-3","-3000","-3000000","3840","104088","104088","0","2902","1336","546"
"25","ALIGN_RAMP","46025","3","16.4794921875","3","3000","6000000","4000","104089","104089","0","2902","1336","456"
"26","ALIGN_RAMP","46022","0","0","-3","-3000","-6000000","4160","104090","104090","0","2902","1336","366"
"27","ALIGN_RAMP","46024","2","10.986328125","2","2000","5000000","4320","104091","104091","0","2902","1336","276"
"28","ALIGN_RAMP","46022","0","0","-2","-2000","-4000000","4480","104092","104092","0","2902","1336","186"
"29","ALIGN_RAMP","46024","2","10.986328125","2","2000","4000000","4640","104093","104093","0","2902","1336","96"
"30","ALIGN_RAMP","46025","3","16.4794921875","1","1000","-1000000","4800","104094","104094","0","2902","1336","6"
"31","ALIGN_RAMP","46024","2","10.986328125","-1","-1000","-2000000","4960","104095","104095","0","2902","1336","2071"
"32","ALIGN_RAMP","46026","4","21.97265625","2","2000","3000000","5120","104096","104096","0","2902","1336","1981"
"33","ALIGN_RAMP","46023","1","5.4931640625","-3","-3000","-5000000","5280","104097","104097","0","2902","1336","1891"
"34","ALIGN_RAMP","46022","0","0","-1","-1000","2000000","5440","104098","104098","0","2902","1336","1801"
"35","ALIGN_RAMP","46019","-3","-16.4794921875","-3","-3000","-2000000","5600","104099","104099","0","2902","1336","1711"
"36","ALIGN_RAMP","46024","2","10.986328125","5","5000","8000000","5760","104100","104100","0","2902","1336","1621"
"37","ALIGN_RAMP","46019","-3","-16.4794921875","-5","-5000","-10000000","5920","104101","104101","0","2902","1336","1531"
"38","ALIGN_RAMP","46021","-1","-5.4931640625","2","2000","7000000","6080","104102","104102","0","2902","1336","1441"
"39","ALIGN_RAMP","46022","0","0","1","1000","-1000000","6240","104103","104103","0","2902","1336","1351"
"40","ALIGN_RAMP","46023","1","5.4931640625","1","1000","0","6400","104104","104104","0","2902","1336","1261"
"41","ALIGN_RAMP","46024","2","10.986328125","1","1000","0","6560","104105","104105","0","2902","1336","1171"
"42","ALIGN_RAMP","46027","5","27.4658203125","3","3000","2000000","6720","104106","104106","0","2902","1336","1081"
"43","ALIGN_RAMP","46027","5","27.4658203125","0","0","-3000000","6880","104107","104107","0","2902","1336","991"
"44","ALIGN_RAMP","46024","2","10.986328125","-3","-3000","-3000000","7040","104108","104108","0","2902","1336","901"
"45","ALIGN_RAMP","46027","5","27.4658203125","3","3000","6000000","7200","104109","104109","0","2902","1336","811"
"46","ALIGN_RAMP","46020","-2","-10.986328125","-7","-7000","-10000000","7360","104110","104110","0","2902","1336","721"
"47","ALIGN_RAMP","46025","3","16.4794921875","5","5000","12000000","7520","104111","104111","0","2902","1336","631"
"48","ALIGN_RAMP","46020","-2","-10.986328125","-5","-5000","-10000000","7680","104112","104112","0","2902","1336","541"
"49","ALIGN_RAMP","46023","1","5.4931640625","3","3000","8000000","7840","104113","104113","0","2902","1336","451"
"50","ALIGN_RAMP","46021","-1","-5.4931640625","-2","-2000","-5000000","8000","104114","104114","0","2902","1336","361"
"51","ALIGN_RAMP","46021","-1","-5.4931640625","0","0","2000000","8160","104115","104115","0","2902","1336","271"
"52","ALIGN_RAMP","46026","4","21.97265625","5","5000","5000000","8320","104116","104116","0","2902","1336","181"
"53","ALIGN_RAMP","46019","-3","-16.4794921875","-7","-7000","-12000000","8480","104117","104117","0","2902","1336","91"
"54","ALIGN_RAMP","46023","1","5.4931640625","4","4000","11000000","8640","104118","104118","0","2902","1336","1"
"55","ALIGN_RAMP","46020","-2","-10.986328125","-3","-3000","-7000000","8800","104119","104119","0","2902","1336","2066"
"56","ALIGN_RAMP","46024","2","10.986328125","4","4000","7000000","8960","104120","104120","0","2902","1336","1976"
"57","ALIGN_RAMP","46023","1","5.4931640625","-1","-1000","-5000000","9120","104121","104121","0","2902","1336","1886"
"58","ALIGN_RAMP","46022","0","0","-1","-1000","0","9280","104122","104122","0","2902","1336","1796"
"59","ALIGN_RAMP","46024","2","10.986328125","2","2000","3000000","9440","104123","104123","0","2902","1336","1706"
"60","ALIGN_RAMP","46021","-1","-5.4931640625","-3","-3000","-5000000","9600","104124","104124","0","2902","1336","1616"
"61","ALIGN_RAMP","46022","0","0","1","1000","4000000","9760","104125","104125","0","2902","1336","1526"
"62","ALIGN_RAMP","46023","1","5.4931640625","1","1000","0","9920","104126","104126","0","2902","1336","1436"
"63","ALIGN_RAMP","46025","3","16.4794921875","2","2000","1000000","10080","104127","104127","0","2902","1336","1346"
"64","ALIGN_RAMP","46023","1","5.4931640625","-2","-2000","-4000000","10240","104128","104128","0","2902","1336","1256"
"65","ALIGN_RAMP","46022","0","0","-1","-1000","1000000","10400","104129","104129","0","2902","1336","1166"
"66","ALIGN_RAMP","46024","2","10.986328125","2","2000","3000000","10560","104130","104130","0","2902","1336","1076"
"67","ALIGN_RAMP","46023","1","5.4931640625","-1","-1000","-3000000","10720","104131","104131","0","2902","1336","986"
"68","ALIGN_RAMP","46023","1","5.4931640625","0","0","1000000","10880","104132","104132","0","2902","1336","896"
"69","ALIGN_RAMP","46023","1","5.4931640625","0","0","0","11040","104133","104133","0","2902","1336","806"
"70","ALIGN_RAMP","46028","6","32.958984375","5","5000","5000000","11200","104134","104134","0","2902","1336","716"
"71","ALIGN_RAMP","46023","1","5.4931640625","-5","-5000","-10000000","11360","104135","104135","0","2902","1336","626"
"72","ALIGN_RAMP","46025","3","16.4794921875","2","2000","7000000","11520","104136","104136","0","2902","1336","536"
"73","ALIGN_RAMP","46025","3","16.4794921875","0","0","-2000000","11680","104137","104137","0","2902","1336","446"
"74","ALIGN_RAMP","46027","5","27.4658203125","2","2000","2000000","11840","104138","104138","0","2902","1336","356"
"75","ALIGN_RAMP","46023","1","5.4931640625","-4","-4000","-6000000","12000","104139","104139","0","2902","1336","266"
"76","ALIGN_RAMP","46021","-1","-5.4931640625","-2","-2000","2000000","12160","104140","104140","0","2902","1336","176"
"77","ALIGN_RAMP","46025","3","16.4794921875","4","4000","6000000","12320","104141","104141","0","2902","1336","86"
"78","ALIGN_RAMP","46023","1","5.4931640625","-2","-2000","-6000000","12480","104142","104142","0","2902","1336","2151"
"79","ALIGN_RAMP","46020","-2","-10.986328125","-3","-3000","-1000000","12640","104143","104143","0","2902","1336","2061"
"80","ALIGN_RAMP","46024","2","10.986328125","4","4000","7000000","12800","104144","104144","0","2902","1336","1971"
"81","ALIGN_RAMP","46021","-1","-5.4931640625","-3","-3000","-7000000","12960","104145","104145","0","2902","1336","1881"
"82","ALIGN_RAMP","46025","3","16.4794921875","4","4000","7000000","13120","104146","104146","0","2902","1336","1791"
"83","ALIGN_RAMP","46022","0","0","-3","-3000","-7000000","13280","104147","104147","0","2902","1336","1701"
"84","ALIGN_RAMP","46024","2","10.986328125","2","2000","5000000","13440","104148","104148","0","2902","1336","1611"
"85","ALIGN_RAMP","46023","1","5.4931640625","-1","-1000","-3000000","13600","104149","104149","0","2902","1336","1521"
"86","ALIGN_RAMP","46023","1","5.4931640625","0","0","1000000","13760","104150","104150","0","2902","1336","1431"
"87","ALIGN_RAMP","46021","-1","-5.4931640625","-2","-2000","-2000000","13920","104151","104151","0","2902","1336","1341"
"88","ALIGN_RAMP","46022","0","0","1","1000","3000000","14080","104152","104152","0","2902","1336","1251"
"89","ALIGN_RAMP","46024","2","10.986328125","2","2000","1000000","14240","104153","104153","0","2902","1336","1161"
"90","ALIGN_RAMP","46023","1","5.4931640625","-1","-1000","-3000000","14400","104154","104154","0","2902","1336","1071"
"91","ALIGN_RAMP","46021","-1","-5.4931640625","-2","-2000","-1000000","14560","104155","104155","0","2902","1336","981"
"92","ALIGN_RAMP","46022","0","0","1","1000","3000000","14720","104156","104156","0","2902","1336","891"
"93","ALIGN_RAMP","46024","2","10.986328125","2","2000","1000000","14880","104157","104157","0","2902","1336","801"
"94","ALIGN_RAMP","46023","1","5.4931640625","-1","-1000","-3000000","15040","104158","104158","0","2902","1336","711"
"95","ALIGN_RAMP","46019","-3","-16.4794921875","-4","-4000","-3000000","15200","104159","104159","0","2902","1336","621"
"96","ALIGN_RAMP","46022","0","0","3","3000","7000000","15360","104160","104160","0","2902","1336","531"
"97","ALIGN_RAMP","46024","2","10.986328125","2","2000","-1000000","15520","104161","104161","0","2902","1336","441"
"98","ALIGN_RAMP","46025","3","16.4794921875","1","1000","-1000000","15680","104162","104162","0","2902","1336","351"
"99","ALIGN_RAMP","46025","3","16.4794921875","0","0","-1000000","15840","104163","104163","0","2902","1336","261"
"100","ALIGN_RAMP","46022","0","0","-3","-3000","-3000000","16000","104164","104164","0","2902","1336","171"
"101","ALIGN_RAMP","46023","1","5.4931640625","1","1000","4000000","16160","104165","104165","0","2902","1336","81"
"102","ALIGN_RAMP","46024","2","10.986328125","1","1000","0","16320","104166","104166","0","2902","1336","2146"
"103","ALIGN_RAMP","46022","0","0","-2","-2000","-3000000","16480","104167","104167","0","2902","1336","2056"
"104","ALIGN_RAMP","46025","3","16.4794921875","3","3000","5000000","16640","104168","104168","0","2902","1336","1966"
"105","ALIGN_RAMP","46026","4","21.97265625","1","1000","-2000000","16800","104169","104169","0","2902","1336","1876"
"106","ALIGN_RAMP","46022","0","0","-4","-4000","-5000000","16960","104170","104170","0","2902","1336","1786"
"107","ALIGN_RAMP","46021","-1","-5.4931640625","-1","-1000","3000000","17120","104171","104171","0","2902","1336","1696"
"108","ALIGN_RAMP","46027","5","27.4658203125","6","6000","7000000","17280","104172","104172","0","2902","1336","1606"
"109","ALIGN_RAMP","46023","1","5.4931640625","-4","-4000","-10000000","17440","104173","104173","0","2902","1336","1516"
"110","ALIGN_RAMP","46022","0","0","-1","-1000","3000000","17600","104174","104174","0","2902","1336","1426"
"111","ALIGN_RAMP","46024","2","10.986328125","2","2000","3000000","17760","104175","104175","0","2902","1336","1336"
"112","ALIGN_RAMP","46021","-1","-5.4931640625","-3","-3000","-5000000","17920","104176","104176","0","2902","1336","1246"
"113","ALIGN_RAMP","46023","1","5.4931640625","2","2000","5000000","18080","104177","104177","0","2902","1336","1156"
"114","ALIGN_RAMP","46024","2","10.986328125","1","1000","-1000000","18240","104178","104178","0","2902","1336","1066"
"115","ALIGN_RAMP","46021","-1","-5.4931640625","-3","-3000","-4000000","18400","104179","104179","0","2902","1336","976"
"116","ALIGN_RAMP","46022","0","0","1","1000","4000000","18560","104180","104180","0","2902","1336","886"
"117","ALIGN_RAMP","46023","1","5.4931640625","1","1000","0","18720","104181","104181","0","2902","1336","796"
"118","ALIGN_RAMP","46024","2","10.986328125","1","1000","0","18880","104182","104182","0","2902","1336","706"
"119","ALIGN_RAMP","46024","2","10.986328125","0","0","-1000000","19040","104183","104183","0","2902","1336","616"
"120","ALIGN_RAMP","46020","-2","-10.986328125","-4","-4000","-4000000","19200","104184","104184","0","2902","1336","526"
"121","ALIGN_RAMP","46023","1","5.4931640625","3","3000","7000000","19360","104185","104185","0","2902","1336","436"
"122","ALIGN_RAMP","46025","3","16.4794921875","2","2000","-1000000","19520","104186","104186","0","2902","1336","346"
"123","ALIGN_RAMP","46019","-3","-16.4794921875","-6","-6000","-8000000","19680","104187","104187","0","2902","1336","256"
"124","ALIGN_RAMP","46021","-1","-5.4931640625","2","2000","8000000","19840","104188","104188","0","2902","1336","166"
"125","ALIGN_RAMP","46021","-1","-5.4931640625","0","0","-2000000","20000","104189","104189","0","2902","1336","76"
"126","ALIGN_RAMP","46020","-2","-10.986328125","-1","-1000","-1000000","20160","104190","104190","0","2902","1336","2141"
"127","ALIGN_RAMP","46026","4","21.97265625","6","6000","7000000","20320","104191","104191","0","2902","1336","2051"
"128","ALIGN_RAMP","46021","-1","-5.4931640625","-5","-5000","-11000000","20480","104192","104192","0","2902","1336","1961"
"129","ALIGN_RAMP","46023","1","5.4931640625","2","2000","7000000","20640","104193","104193","0","2902","1336","1871"
"130","ALIGN_RAMP","46022","0","0","-1","-1000","-3000000","20800","104194","104194","0","2902","1336","1781"
"131","ALIGN_RAMP","46027","5","27.4658203125","5","5000","6000000","20960","104195","104195","0","2902","1336","1691"
"132","ALIGN_RAMP","46023","1","5.4931640625","-4","-4000","-9000000","21120","104196","104196","0","2902","1336","1601"
"133","ALIGN_RAMP","46021","-1","-5.4931640625","-2","-2000","2000000","21280","104197","104197","0","2902","1336","1511"
"134","ALIGN_RAMP","46026","4","21.97265625","5","5000","7000000","21440","104198","104198","0","2902","1336","1421"
"135","ALIGN_RAMP","46026","4","21.97265625","0","0","-5000000","21600","104199","104199","0","2902","1336","1331"
"136","ALIGN_RAMP","46023","1","5.4931640625","-3","-3000","-3000000","21760","104200","104200","0","2902","1336","1241"
"137","ALIGN_RAMP","46024","2","10.986328125","1","1000","4000000","21920","104201","104201","0","2902","1336","1151"
"138","ALIGN_RAMP","46025","3","16.4794921875","1","1000","0","22080","104202","104202","0","2902","1336","1061"
"139","ALIGN_RAMP","46024","2","10.986328125","-1","-1000","-2000000","22240","104203","104203","0","2902","1336","971"
"140","ALIGN_RAMP","46022","0","0","-2","-2000","-1000000","22400","104204","104204","0","2902","1336","881"
"141","ALIGN_RAMP","46026","4","21.97265625","4","4000","6000000","22560","104205","104205","0","2902","1336","791"
"142","ALIGN_RAMP","46019","-3","-16.4794921875","-7","-7000","-11000000","22720","104206","104206","0","2902","1336","701"
"143","ALIGN_RAMP","46025","3","16.4794921875","6","6000","13000000","22880","104207","104207","0","2902","1336","611"
"144","ALIGN_RAMP","46025","3","16.4794921875","0","0","-6000000","23040","104208","104208","0","2902","1336","521"
"145","ALIGN_RAMP","46026","4","21.97265625","1","1000","1000000","23200","104209","104209","0","2902","1336","431"
"146","ALIGN_RAMP","46024","2","10.986328125","-2","-2000","-3000000","23360","104210","104210","0","2902","1336","341"
"147","ALIGN_RAMP","46025","3","16.4794921875","1","1000","3000000","23520","104211","104211","0","2902","1336","251"
"148","ALIGN_RAMP","46021","-1","-5.4931640625","-4","-4000","-5000000","23680","104212","104212","0","2902","1336","161"
"149","ALIGN_RAMP","46025","3","16.4794921875","4","4000","8000000","23840","104213","104213","0","2902","1336","71"
"150","ALIGN_RAMP","46027","5","27.4658203125","2","2000","-2000000","24000","104214","104214","0","2902","1336","2136"
"151","ALIGN_RAMP","46026","4","21.97265625","-1","-1000","-3000000","24160","104215","104215","0","2902","1336","2046"
"152","ALIGN_RAMP","46027","5","27.4658203125","1","1000","2000000","24320","104216","104216","0","2902","1336","1956"
"153","ALIGN_RAMP","46025","3","16.4794921875","-2","-2000","-3000000","24480","104217","104217","0","2902","1336","1866"
"154","ALIGN_RAMP","46026","4","21.97265625","1","1000","3000000","24640","104218","104218","0","2902","1336","1776"
"155","ALIGN_RAMP","46020","-2","-10.986328125","-6","-6000","-7000000","24800","104219","104219","0","2902","1336","1686"
"156","ALIGN_RAMP","46025","3","16.4794921875","5","5000","11000000","24960","104220","104220","0","2902","1336","1596"
"157","ALIGN_RAMP","46023","1","5.4931640625","-2","-2000","-7000000","25120","104221","104221","0","2902","1336","1506"
"158","ALIGN_RAMP","46028","6","32.958984375","5","5000","7000000","25280","104222","104222","0","2902","1336","1416"
"159","ALIGN_RAMP","46024","2","10.986328125","-4","-4000","-9000000","25440","104223","104223","0","2902","1336","1326"
"160","ALIGN_RAMP","46024","2","10.986328125","0","0","4000000","25600","104224","104224","0","2902","1336","1236"
"161","ALIGN_RAMP","46027","5","27.4658203125","3","3000","3000000","25760","104225","104225","0","2902","1336","1146"
"162","ALIGN_RAMP","46024","2","10.986328125","-3","-3000","-6000000","25920","104226","104226","0","2902","1336","1056"
"163","ALIGN_RAMP","46026","4","21.97265625","2","2000","5000000","26080","104227","104227","0","2902","1336","966"
"164","ALIGN_RAMP","46024","2","10.986328125","-2","-2000","-4000000","26240","104228","104228","0","2902","1336","876"
"165","ALIGN_RAMP","46026","4","21.97265625","2","2000","4000000","26400","104229","104229","0","2902","1336","786"
"166","ALIGN_RAMP","46024","2","10.986328125","-2","-2000","-4000000","26560","104230","104230","0","2902","1336","696"
"167","ALIGN_RAMP","46025","3","16.4794921875","1","1000","3000000","26720","104231","104231","0","2902","1336","606"
"168","ALIGN_RAMP","46025","3","16.4794921875","0","0","-1000000","26880","104232","104232","0","2902","1336","516"
"169","ALIGN_RAMP","46024","2","10.986328125","-1","-1000","-1000000","27040","104233","104233","0","2902","1336","426"
"170","ALIGN_RAMP","46029","7","38.4521484375","5","5000","6000000","27200","104234","104234","0","2902","1336","336"
"171","ALIGN_RAMP","46027","5","27.4658203125","-2","-2000","-7000000","27360","104235","104235","0","2902","1336","246"
"172","ALIGN_RAMP","46024","2","10.986328125","-3","-3000","-1000000","27520","104236","104236","0","2902","1336","156"
"173","ALIGN_RAMP","46021","-1","-5.4931640625","-3","-3000","0","27680","104237","104237","0","2902","1336","66"
"174","ALIGN_RAMP","46026","4","21.97265625","5","5000","8000000","27840","104238","104238","0","2902","1336","2131"
"175","ALIGN_RAMP","46029","7","38.4521484375","3","3000","-2000000","28000","104239","104239","0","2902","1336","2041"
"176","ALIGN_RAMP","46024","2","10.986328125","-5","-5000","-8000000","28160","104240","104240","0","2902","1336","1951"
"177","ALIGN_RAMP","46028","6","32.958984375","4","4000","9000000","28320","104241","104241","0","2902","1336","1861"
"178","ALIGN_RAMP","46024","2","10.986328125","-4","-4000","-8000000","28480","104242","104242","0","2902","1336","1771"
"179","ALIGN_RAMP","46027","5","27.4658203125","3","3000","7000000","28640","104243","104243","0","2902","1336","1681"
"180","ALIGN_RAMP","46026","4","21.97265625","-1","-1000","-4000000","28800","104244","104244","0","2902","1336","1591"
"181","ALIGN_RAMP","46021","-1","-5.4931640625","-5","-5000","-4000000","28960","104245","104245","0","2902","1336","1501"
"182","ALIGN_RAMP","46029","7","38.4521484375","8","8000","13000000","29120","104246","104246","0","2902","1336","1411"
"183","ALIGN_RAMP","46023","1","5.4931640625","-6","-6000","-14000000","29280","104247","104247","0","2902","1336","1321"
"184","ALIGN_RAMP","46023","1","5.4931640625","0","0","6000000","29440","104248","104248","0","2902","1336","1231"
"185","ALIGN_RAMP","46024","2","10.986328125","1","1000","1000000","29600","104249","104249","0","2902","1336","1141"
"186","ALIGN_RAMP","46025","3","16.4794921875","1","1000","0","29760","104250","104250","0","2902","1336","1051"
"187","ALIGN_RAMP","46027","5","27.4658203125","2","2000","1000000","29920","104251","104251","0","2902","1336","961"
"188","ALIGN_RAMP","46024","2","10.986328125","-3","-3000","-5000000","30080","104252","104252","0","2902","1336","871"
"189","ALIGN_RAMP","46026","4","21.97265625","2","2000","5000000","30240","104253","104253","0","2902","1336","781"
"190","ALIGN_RAMP","46026","4","21.97265625","0","0","-2000000","30400","104254","104254","0","2902","1336","691"
"191","ALIGN_RAMP","46024","2","10.986328125","-2","-2000","-2000000","30560","104255","104255","0","2902","1336","601"
"192","ALIGN_RAMP","46028","6","32.958984375","4","4000","6000000","30720","104256","104256","0","2902","1336","511"
"193","ALIGN_RAMP","46027","5","27.4658203125","-1","-1000","-5000000","30880","104257","104257","0","2902","1336","421"
"194","ALIGN_RAMP","46024","2","10.986328125","-3","-3000","-2000000","31040","104258","104258","0","2902","1336","331"
"195","ALIGN_RAMP","46022","0","0","-2","-2000","1000000","31200","104259","104259","0","2902","1336","241"
"196","ALIGN_RAMP","46028","6","32.958984375","6","6000","8000000","31360","104260","104260","0","2902","1336","151"
"197","ALIGN_RAMP","46025","3","16.4794921875","-3","-3000","-9000000","31520","104261","104261","0","2902","1336","61"
"198","ALIGN_RAMP","46026","4","21.97265625","1","1000","4000000","31680","104262","104262","0","2902","1336","2126"
"199","ALIGN_RAMP","46027","5","27.4658203125","1","1000","0","31840","104263","104263","0","2902","1336","2036"
"200","ALIGN_RAMP","46027","5","27.4658203125","0","0","-1000000","32000","104264","104264","0","2902","1336","2012"
"201","ALIGN_RAMP","46027","5","27.4658203125","0","0","0","32160","104265","104265","0","2902","1336","1856"
"202","ALIGN_RAMP","46027","5","27.4658203125","0","0","0","32320","104266","104266","0","2902","1336","1766"
"203","ALIGN_RAMP","46028","6","32.958984375","1","1000","1000000","32480","104267","104267","0","2902","1336","1676"
"204","ALIGN_RAMP","46022","0","0","-6","-6000","-7000000","32640","104268","104268","0","2902","1336","1586"
"205","ALIGN_RAMP","46027","5","27.4658203125","5","5000","11000000","32800","104269","104269","0","2902","1336","1496"
"206","ALIGN_RAMP","46030","8","43.9453125","3","3000","-2000000","32960","104270","104270","0","2902","1336","1406"
"207","ALIGN_RAMP","46026","4","21.97265625","-4","-4000","-7000000","33120","104271","104271","0","2902","1336","1316"
"208","ALIGN_RAMP","46023","1","5.4931640625","-3","-3000","1000000","33280","104272","104272","0","2902","1336","1226"
"209","ALIGN_RAMP","46021","-1","-5.4931640625","-2","-2000","1000000","33440","104273","104273","0","2902","1336","1136"
"210","ALIGN_RAMP","46028","6","32.958984375","7","7000","9000000","33600","104274","104274","0","2902","1336","1046"
"211","ALIGN_RAMP","46027","5","27.4658203125","-1","-1000","-8000000","33760","104275","104275","0","2902","1336","956"
"212","ALIGN_RAMP","46026","4","21.97265625","-1","-1000","0","33920","104276","104276","0","2902","1336","866"
"213","ALIGN_RAMP","46028","6","32.958984375","2","2000","3000000","34080","104277","104277","0","2902","1336","776"
"214","ALIGN_RAMP","46027","5","27.4658203125","-1","-1000","-3000000","34240","104278","104278","0","2902","1336","686"
"215","ALIGN_RAMP","46027","5","27.4658203125","0","0","1000000","34400","104279","104279","0","2902","1336","596"
"216","ALIGN_RAMP","46030","8","43.9453125","3","3000","3000000","34560","104280","104280","0","2902","1336","506"
"217","ALIGN_RAMP","46029","7","38.4521484375","-1","-1000","-4000000","34720","104281","104281","0","2902","1336","416"
"218","ALIGN_RAMP","46026","4","21.97265625","-3","-3000","-2000000","34880","104282","104282","0","2902","1336","326"
"219","ALIGN_RAMP","46028","6","32.958984375","2","2000","5000000","35040","104283","104283","0","2902","1336","236"
"220","ALIGN_RAMP","46028","6","32.958984375","0","0","-2000000","35200","104284","104284","0","2902","1336","146"
"221","ALIGN_RAMP","46029","7","38.4521484375","1","1000","1000000","35360","104285","104285","0","2902","1336","56"
"222","ALIGN_RAMP","46028","6","32.958984375","-1","-1000","-2000000","35520","104286","104286","0","2902","1336","2121"
"223","ALIGN_RAMP","46028","6","32.958984375","0","0","1000000","35680","104287","104287","0","2902","1336","2031"
"224","ALIGN_RAMP","46030","8","43.9453125","2","2000","2000000","35840","104288","104288","0","2902","1336","1941"
"225","ALIGN_RAMP","46030","8","43.9453125","0","0","-2000000","36000","104289","104289","0","2902","1336","1851"
"226","ALIGN_RAMP","46030","8","43.9453125","0","0","0","36160","104290","104290","0","2902","1336","1761"
"227","ALIGN_RAMP","46032","10","54.931640625","2","2000","2000000","36320","104291","104291","0","2902","1336","1671"
"228","ALIGN_RAMP","46031","9","49.4384765625","-1","-1000","-3000000","36480","104292","104292","0","2902","1336","1581"
"229","ALIGN_RAMP","46031","9","49.4384765625","0","0","1000000","36640","104293","104293","0","2902","1336","1491"
"230","ALIGN_RAMP","46034","12","65.91796875","3","3000","3000000","36800","104294","104294","0","2902","1336","1401"
"231","ALIGN_RAMP","46029","7","38.4521484375","-5","-5000","-8000000","36960","104295","104295","0","2902","1336","1311"
"232","ALIGN_RAMP","46036","14","76.904296875","7","7000","12000000","37120","104296","104296","0","2902","1336","1221"
"233","ALIGN_RAMP","46030","8","43.9453125","-6","-6000","-13000000","37280","104297","104297","0","2902","1336","1131"
"234","ALIGN_RAMP","46035","13","71.4111328125","5","5000","11000000","37440","104298","104298","0","2902","1336","1041"
"235","ALIGN_RAMP","46035","13","71.4111328125","0","0","-5000000","37600","104299","104299","0","2902","1336","951"
"236","ALIGN_RAMP","46034","12","65.91796875","-1","-1000","-1000000","37760","104300","104300","0","2902","1336","861"
"237","ALIGN_RAMP","46036","14","76.904296875","2","2000","3000000","37920","104301","104301","0","2902","1336","771"
"238","ALIGN_RAMP","46033","11","60.4248046875","-3","-3000","-5000000","38080","104302","104302","0","2902","1336","681"
"239","ALIGN_RAMP","46035","13","71.4111328125","2","2000","5000000","38240","104303","104303","0","2902","1336","591"
"240","ALIGN_RAMP","46036","14","76.904296875","1","1000","-1000000","38400","104304","104304","0","2902","1336","501"
"241","ALIGN_RAMP","46036","14","76.904296875","0","0","-1000000","38560","104305","104305","0","2902","1336","411"
"242","ALIGN_RAMP","46036","14","76.904296875","0","0","0","38720","104306","104306","0","2902","1336","321"
"243","ALIGN_RAMP","46034","12","65.91796875","-2","-2000","-2000000","38880","104307","104307","0","2902","1336","231"
"244","ALIGN_RAMP","46034","12","65.91796875","0","0","2000000","39040","104308","104308","0","2902","1336","141"
"245","ALIGN_RAMP","46036","14","76.904296875","2","2000","2000000","39200","104309","104309","0","2902","1336","51"
"246","ALIGN_RAMP","46034","12","65.91796875","-2","-2000","-4000000","39360","104310","104310","0","2902","1336","2116"
"247","ALIGN_RAMP","46037","15","82.3974609375","3","3000","5000000","39520","104311","104311","0","2902","1336","2026"
"248","ALIGN_RAMP","46037","15","82.3974609375","0","0","-3000000","39680","104312","104312","0","2902","1336","1936"
"249","ALIGN_RAMP","46037","15","82.3974609375","0","0","0","39840","104313","104313","0","2902","1336","1846"
"250","ALIGN_RAMP","46035","13","71.4111328125","-2","-2000","-2000000","40000","104314","104314","0","2902","1336","1756"
"251","ALIGN_RAMP","46036","14","76.904296875","1","1000","3000000","40160","104315","104315","0","2902","1336","1666"
"252","ALIGN_RAMP","46036","14","76.904296875","0","0","-1000000","40320","104316","104316","0","2902","1336","1576"
"253","ALIGN_RAMP","46037","15","82.3974609375","1","1000","1000000","40480","104317","104317","0","2902","1336","1486"
"254","ALIGN_RAMP","46037","15","82.3974609375","0","0","-1000000","40640","104318","104318","0","2902","1336","1396"
"255","ALIGN_RAMP","46036","14","76.904296875","-1","-1000","-1000000","40800","104319","104319","0","2902","1336","1306"
"256","ALIGN_RAMP","46039","17","93.3837890625","3","3000","4000000","40960","104320","104320","0","2902","1336","1216"
"257","ALIGN_RAMP","46041","19","104.3701171875","2","2000","-1000000","41120","104321","104321","0","2902","1336","1126"
"258","ALIGN_RAMP","46035","13","71.4111328125","-6","-6000","-8000000","41280","104322","104322","0","2902","1336","1036"
"259","ALIGN_RAMP","46041","19","104.3701171875","6","6000","12000000","41440","104323","104323","0","2902","1336","946"
"260","ALIGN_RAMP","46040","18","98.876953125","-1","-1000","-7000000","41600","104324","104324","0","2902","1336","856"
"261","ALIGN_RAMP","46037","15","82.3974609375","-3","-3000","-2000000","41760","104325","104325","0","2902","1336","766"
"262","ALIGN_RAMP","46037","15","82.3974609375","0","0","3000000","41920","104326","104326","0","2902","1336","676"
"263","ALIGN_RAMP","46037","15","82.3974609375","0","0","0","42080","104327","104327","0","2902","1336","586"
"264","ALIGN_RAMP","46040","18","98.876953125","3","3000","3000000","42240","104328","104328","0","2902","1336","496"
"265","ALIGN_RAMP","46045","23","126.3427734375","5","5000","2000000","42400","104329","104329","0","2902","1336","406"
"266","ALIGN_RAMP","46043","21","115.3564453125","-2","-2000","-7000000","42560","104330","104330","0","2902","1336","316"
"267","ALIGN_RAMP","46038","16","87.890625","-5","-5000","-3000000","42720","104331","104331","0","2902","1336","226"
"268","ALIGN_RAMP","46040","18","98.876953125","2","2000","7000000","42880","104332","104332","0","2902","1336","136"
"269","ALIGN_RAMP","46039","17","93.3837890625","-1","-1000","-3000000","43040","104333","104333","0","2902","1336","46"
"270","ALIGN_RAMP","46041","19","104.3701171875","2","2000","3000000","43200","104334","104334","0","2902","1336","2111"
"271","ALIGN_RAMP","46039","17","93.3837890625","-2","-2000","-4000000","43360","104335","104335","0","2902","1336","2021"
"272","ALIGN_RAMP","46039","17","93.3837890625","0","0","2000000","43520","104336","104336","0","2902","1336","1931"
"273","ALIGN_RAMP","46041","19","104.3701171875","2","2000","2000000","43680","104337","104337","0","2902","1336","1841"
"274","ALIGN_RAMP","46037","15","82.3974609375","-4","-4000","-6000000","43840","104338","104338","0","2902","1336","1751"
"275","ALIGN_RAMP","46044","22","120.849609375","7","7000","11000000","44000","104339","104339","0","2902","1336","1661"
"276","ALIGN_RAMP","46038","16","87.890625","-6","-6000","-13000000","44160","104340","104340","0","2902","1336","1571"
"277","ALIGN_RAMP","46042","20","109.86328125","4","4000","10000000","44320","104341","104341","0","2902","1336","1481"
"278","ALIGN_RAMP","46040","18","98.876953125","-2","-2000","-6000000","44480","104342","104342","0","2902","1336","1391"
"279","ALIGN_RAMP","46043","21","115.3564453125","3","3000","5000000","44640","104343","104343","0","2902","1336","1301"
"280","ALIGN_RAMP","46040","18","98.876953125","-3","-3000","-6000000","44800","104344","104344","0","2902","1336","1211"
"281","ALIGN_RAMP","46044","22","120.849609375","4","4000","7000000","44960","104345","104345","0","2902","1336","1121"
"282","ALIGN_RAMP","46039","17","93.3837890625","-5","-5000","-9000000","45120","104346","104346","0","2902","1336","1031"
"283","ALIGN_RAMP","46042","20","109.86328125","3","3000","8000000","45280","104347","104347","0","2902","1336","941"
"284","ALIGN_RAMP","46044","22","120.849609375","2","2000","-1000000","45440","104348","104348","0","2902","1336","851"
"285","ALIGN_RAMP","46044","22","120.849609375","0","0","-2000000","45600","104349","104349","0","2902","1336","761"
"286","ALIGN_RAMP","46039","17","93.3837890625","-5","-5000","-5000000","45760","104350","104350","0","2902","1336","671"
"287","ALIGN_RAMP","46044","22","120.849609375","5","5000","10000000","45920","104351","104351","0","2902","1336","581"
"288","ALIGN_RAMP","46043","21","115.3564453125","-1","-1000","-6000000","46080","104352","104352","0","2902","1336","491"
"289","ALIGN_RAMP","46044","22","120.849609375","1","1000","2000000","46240","104353","104353","0","2902","1336","401"
"290","ALIGN_RAMP","46041","19","104.3701171875","-3","-3000","-4000000","46400","104354","104354","0","2902","1336","311"
"291","ALIGN_RAMP","46041","19","104.3701171875","0","0","3000000","46560","104355","104355","0","2902","1336","221"
"292","ALIGN_RAMP","46043","21","115.3564453125","2","2000","2000000","46720","104356","104356","0","2902","1336","131"
"293","ALIGN_RAMP","46044","22","120.849609375","1","1000","-1000000","46880","104357","104357","0","2902","1336","41"
"294","ALIGN_RAMP","46042","20","109.86328125","-2","-2000","-3000000","47040","104358","104358","0","2902","1336","2106"
"295","ALIGN_RAMP","46041","19","104.3701171875","-1","-1000","1000000","47200","104359","104359","0","2902","1336","2016"
"296","ALIGN_RAMP","46044","22","120.849609375","3","3000","4000000","47360","104360","104360","0","2902","1336","1926"
"297","ALIGN_RAMP","46039","17","93.3837890625","-5","-5000","-8000000","47520","104361","104361","0","2902","1336","1836"
"298","ALIGN_RAMP","46040","18","98.876953125","1","1000","6000000","47680","104362","104362","0","2902","1336","1746"
"299","ALIGN_RAMP","46043","21","115.3564453125","3","3000","2000000","47840","104363","104363","0","2902","1336","1656"
"300","ALIGN_RAMP","46042","20","109.86328125","-1","-1000","-4000000","48000","104364","104364","0","2902","1336","1566"
"301","ALIGN_RAMP","46044","22","120.849609375","2","2000","3000000","48160","104365","104365","0","2902","1336","1476"
"302","ALIGN_RAMP","46041","19","104.3701171875","-3","-3000","-5000000","48320","104366","104366","0","2902","1336","1386"
"303","ALIGN_RAMP","46044","22","120.849609375","3","3000","6000000","48480","104367","104367","0","2902","1336","1296"
"304","ALIGN_RAMP","46043","21","115.3564453125","-1","-1000","-4000000","48640","104368","104368","0","2902","1336","1206"
"305","ALIGN_RAMP","46042","20","109.86328125","-1","-1000","0","48800","104369","104369","0","2902","1336","1116"
"306","ALIGN_RAMP","46045","23","126.3427734375","3","3000","4000000","48960","104370","104370","0","2902","1336","1026"
"307","ALIGN_RAMP","46046","24","131.8359375","1","1000","-2000000","49120","104371","104371","0","2902","1336","936"
"308","ALIGN_RAMP","46043","21","115.3564453125","-3","-3000","-4000000","49280","104372","104372","0","2902","1336","846"
"309","ALIGN_RAMP","46041","19","104.3701171875","-2","-2000","1000000","49440","104373","104373","0","2902","1336","756"
"310","ALIGN_RAMP","46045","23","126.3427734375","4","4000","6000000","49600","104374","104374","0","2902","1336","666"
"311","ALIGN_RAMP","46045","23","126.3427734375","0","0","-4000000","49760","104375","104375","0","2902","1336","576"
"312","ALIGN_RAMP","46042","20","109.86328125","-3","-3000","-3000000","49920","104376","104376","0","2902","1336","486"
"313","ALIGN_RAMP","46044","22","120.849609375","2","2000","5000000","50080","104377","104377","0","2902","1336","396"
"314","ALIGN_RAMP","46043","21","115.3564453125","-1","-1000","-3000000","50240","104378","104378","0","2902","1336","306"
"315","ALIGN_RAMP","46043","21","115.3564453125","0","0","1000000","50400","104379","104379","0","2902","1336","216"
"316","ALIGN_RAMP","46042","20","109.86328125","-1","-1000","-1000000","50560","104380","104380","0","2902","1336","126"
"317","ALIGN_RAMP","46044","22","120.849609375","2","2000","3000000","50720","104381","104381","0","2902","1336","36"
"318","ALIGN_RAMP","46046","24","131.8359375","2","2000","0","50880","104382","104382","0","2902","1336","2101"
"319","ALIGN_RAMP","46046","24","131.8359375","0","0","-2000000","51040","104383","104383","0","2902","1336","2011"
"320","ALIGN_RAMP","46043","21","115.3564453125","-3","-3000","-3000000","51200","104384","104384","0","2902","1336","1921"
"321","ALIGN_RAMP","46044","22","120.849609375","1","1000","4000000","51360","104385","104385","0","2902","1336","1831"
"322","ALIGN_RAMP","46043","21","115.3564453125","-1","-1000","-2000000","51520","104386","104386","0","2902","1336","1741"
"323","ALIGN_RAMP","46045","23","126.3427734375","2","2000","3000000","51680","104387","104387","0","2902","1336","1651"
"324","ALIGN_RAMP","46044","22","120.849609375","-1","-1000","-3000000","51840","104388","104388","0","2902","1336","1561"
"325","ALIGN_RAMP","46047","25","137.3291015625","3","3000","4000000","52000","104389","104389","0","2902","1336","1471"
"326","ALIGN_RAMP","46048","26","142.822265625","1","1000","-2000000","52160","104390","104390","0","2902","1336","1381"
"327","ALIGN_RAMP","46044","22","120.849609375","-4","-4000","-5000000","52320","104391","104391","0","2902","1336","1291"
"328","ALIGN_RAMP","46043","21","115.3564453125","-1","-1000","3000000","52480","104392","104392","0","2902","1336","1201"
"329","ALIGN_RAMP","46042","20","109.86328125","-1","-1000","0","52640","104393","104393","0","2902","1336","1111"
"330","ALIGN_RAMP","46045","23","126.3427734375","3","3000","4000000","52800","104394","104394","0","2902","1336","1021"
"331","ALIGN_RAMP","46046","24","131.8359375","1","1000","-2000000","52960","104395","104395","0","2902","1336","931"
"332","ALIGN_RAMP","46049","27","148.3154296875","3","3000","2000000","53120","104396","104396","0","2902","1336","841"
"333","ALIGN_RAMP","46043","21","115.3564453125","-6","-6000","-9000000","53280","104397","104397","0","2902","1336","751"
"334","ALIGN_RAMP","46042","20","109.86328125","-1","-1000","5000000","53440","104398","104398","0","2902","1336","661"
"335","ALIGN_RAMP","46042","20","109.86328125","0","0","1000000","53600","104399","104399","0","2902","1336","571"
"336","ALIGN_RAMP","46047","25","137.3291015625","5","5000","5000000","53760","104400","104400","0","2902","1336","481"
"337","ALIGN_RAMP","46044","22","120.849609375","-3","-3000","-8000000","53920","104401","104401","0","2902","1336","391"
"338","ALIGN_RAMP","46044","22","120.849609375","0","0","3000000","54080","104402","104402","0","2902","1336","301"
"339","ALIGN_RAMP","46048","26","142.822265625","4","4000","4000000","54240","104403","104403","0","2902","1336","211"
"340","ALIGN_RAMP","46043","21","115.3564453125","-5","-5000","-9000000","54400","104404","104404","0","2902","1336","121"
"341","ALIGN_RAMP","46041","19","104.3701171875","-2","-2000","3000000","54560","104405","104405","0","2902","1336","31"
"342","ALIGN_RAMP","46043","21","115.3564453125","2","2000","4000000","54720","104406","104406","0","2902","1336","2096"
"343","ALIGN_RAMP","46044","22","120.849609375","1","1000","-1000000","54880","104407","104407","0","2902","1336","2006"
"344","ALIGN_RAMP","46044","22","120.849609375","0","0","-1000000","55040","104408","104408","0","2902","1336","1916"
"345","ALIGN_RAMP","46048","26","142.822265625","4","4000","4000000","55200","104409","104409","0","2902","1336","1826"
"346","ALIGN_RAMP","46044","22","120.849609375","-4","-4000","-8000000","55360","104410","104410","0","2902","1336","1736"
"347","ALIGN_RAMP","46044","22","120.849609375","0","0","4000000","55520","104411","104411","0","2902","1336","1646"
"348","ALIGN_RAMP","46046","24","131.8359375","2","2000","2000000","55680","104412","104412","0","2902","1336","1556"
"349","ALIGN_RAMP","46044","22","120.849609375","-2","-2000","-4000000","55840","104413","104413","0","2902","1336","1466"
"350","ALIGN_RAMP","46044","22","120.849609375","0","0","2000000","56000","104414","104414","0","2902","1336","1376"
"351","ALIGN_RAMP","46044","22","120.849609375","0","0","0","56160","104415","104415","0","2902","1336","1286"
"352","ALIGN_RAMP","46043","21","115.3564453125","-1","-1000","-1000000","56320","104416","104416","0","2902","1336","1196"
"353","ALIGN_RAMP","46045","23","126.3427734375","2","2000","3000000","56480","104417","104417","0","2902","1336","1106"
"354","ALIGN_RAMP","46044","22","120.849609375","-1","-1000","-3000000","56640","104418","104418","0","2902","1336","1016"
"355","ALIGN_RAMP","46044","22","120.849609375","0","0","1000000","56800","104419","104419","0","2902","1336","926"
"356","ALIGN_RAMP","46044","22","120.849609375","0","0","0","56960","104420","104420","0","2902","1336","836"
"357","ALIGN_RAMP","46046","24","131.8359375","2","2000","2000000","57120","104421","104421","0","2902","1336","746"
"358","ALIGN_RAMP","46045","23","126.3427734375","-1","-1000","-3000000","57280","104422","104422","0","2902","1336","656"
"359","ALIGN_RAMP","46041","19","104.3701171875","-4","-4000","-3000000","57440","104423","104423","0","2902","1336","566"
"360","ALIGN_RAMP","46042","20","109.86328125","1","1000","5000000","57600","104424","104424","0","2902","1336","476"
"361","ALIGN_RAMP","46047","25","137.3291015625","5","5000","4000000","57760","104425","104425","0","2902","1336","386"
"362","ALIGN_RAMP","46043","21","115.3564453125","-4","-4000","-9000000","57920","104426","104426","0","2902","1336","296"
"363","ALIGN_RAMP","46049","27","148.3154296875","6","6000","10000000","58080","104427","104427","0","2902","1336","206"
"364","ALIGN_RAMP","46043","21","115.3564453125","-6","-6000","-12000000","58240","104428","104428","0","2902","1336","116"
"365","ALIGN_RAMP","46048","26","142.822265625","5","5000","11000000","58400","104429","104429","0","2902","1336","26"
"366","ALIGN_RAMP","46041","19","104.3701171875","-7","-7000","-12000000","58560","104430","104430","0","2902","1336","2091"
"367","ALIGN_RAMP","46043","21","115.3564453125","2","2000","9000000","58720","104431","104431","0","2902","1336","2001"
"368","ALIGN_RAMP","46046","24","131.8359375","3","3000","1000000","58880","104432","104432","0","2902","1336","1911"
"369","ALIGN_RAMP","46043","21","115.3564453125","-3","-3000","-6000000","59040","104433","104433","0","2902","1336","1821"
"370","ALIGN_RAMP","46042","20","109.86328125","-1","-1000","2000000","59200","104434","104434","0","2902","1336","1731"
"371","ALIGN_RAMP","46045","23","126.3427734375","3","3000","4000000","59360","104435","104435","0","2902","1336","1641"
"372","ALIGN_RAMP","46044","22","120.849609375","-1","-1000","-4000000","59520","104436","104436","0","2902","1336","1551"
"373","ALIGN_RAMP","46045","23","126.3427734375","1","1000","2000000","59680","104437","104437","0","2902","1336","1461"
"374","ALIGN_RAMP","46045","23","126.3427734375","0","0","-1000000","59840","104438","104438","0","2902","1336","1371"
"375","ALIGN_RAMP","46043","21","115.3564453125","-2","-2000","-2000000","60000","104439","104439","0","2902","1336","1281"
"376","ALIGN_RAMP","46044","22","120.849609375","1","1000","3000000","60160","104440","104440","0","2902","1336","1191"
"377","ALIGN_RAMP","46047","25","137.3291015625","3","3000","2000000","60320","104441","104441","0","2902","1336","1101"
"378","ALIGN_RAMP","46047","25","137.3291015625","0","0","-3000000","60480","104442","104442","0","2902","1336","1011"
"379","ALIGN_RAMP","46046","24","131.8359375","-1","-1000","-1000000","60640","104443","104443","0","2902","1336","921"
"380","ALIGN_RAMP","46046","24","131.8359375","0","0","1000000","60800","104444","104444","0","2902","1336","831"
"381","ALIGN_RAMP","46047","25","137.3291015625","1","1000","1000000","60960","104445","104445","0","2902","1336","741"
"382","ALIGN_RAMP","46045","23","126.3427734375","-2","-2000","-3000000","61120","104446","104446","0","2902","1336","651"
"383","ALIGN_RAMP","46042","20","109.86328125","-3","-3000","-1000000","61280","104447","104447","0","2902","1336","561"
"384","ALIGN_RAMP","46047","25","137.3291015625","5","5000","8000000","61440","104448","104448","0","2902","1336","471"
"385","ALIGN_RAMP","46043","21","115.3564453125","-4","-4000","-9000000","61600","104449","104449","0","2902","1336","381"
"386","ALIGN_RAMP","46043","21","115.3564453125","0","0","4000000","61760","104450","104450","0","2902","1336","291"
"387","ALIGN_RAMP","46044","22","120.849609375","1","1000","1000000","61920","104451","104451","0","2902","1336","201"
"388","ALIGN_RAMP","46044","22","120.849609375","0","0","-1000000","62080","104452","104452","0","2902","1336","111"
"389","ALIGN_RAMP","46044","22","120.849609375","0","0","0","62240","104453","104453","0","2902","1336","21"
"390","ALIGN_RAMP","46046","24","131.8359375","2","2000","2000000","62400","104454","104454","0","2902","1336","2086"
"391","ALIGN_RAMP","46044","22","120.849609375","-2","-2000","-4000000","62560","104455","104455","0","2902","1336","1996"
"392","ALIGN_RAMP","46041","19","104.3701171875","-3","-3000","-1000000","62720","104456","104456","0","2902","1336","1906"
"393","ALIGN_RAMP","46045","23","126.3427734375","4","4000","7000000","62880","104457","104457","0","2902","1336","1816"
"394","ALIGN_RAMP","46045","23","126.3427734375","0","0","-4000000","63040","104458","104458","0","2902","1336","1726"
"395","ALIGN_RAMP","46047","25","137.3291015625","2","2000","2000000","63200","104459","104459","0","2902","1336","1636"
"396","ALIGN_RAMP","46044","22","120.849609375","-3","-3000","-5000000","63360","104460","104460","0","2902","1336","1546"
"397","ALIGN_RAMP","46048","26","142.822265625","4","4000","7000000","63520","104461","104461","0","2902","1336","1456"
"398","ALIGN_RAMP","46050","28","153.80859375","2","2000","-2000000","63680","104462","104462","0","2902","1336","1366"
"399","ALIGN_RAMP","46049","27","148.3154296875","-1","-1000","-3000000","63840","104463","104463","0","2902","1336","1276"
"400","ALIGN_RAMP","46045","23","126.3427734375","-4","-4000","-3000000","64000","104464","104464","0","2902","1336","1252"
"401","ALIGN_RAMP","46042","20","109.86328125","-3","-3000","1000000","64160","104465","104465","0","2902","1336","1096"
"402","ALIGN_RAMP","46050","28","153.80859375","8","8000","11000000","64320","104466","104466","0","2902","1336","1006"
"403","ALIGN_RAMP","46045","23","126.3427734375","-5","-5000","-13000000","64480","104467","104467","0","2902","1336","916"
"404","ALIGN_RAMP","46047","25","137.3291015625","2","2000","7000000","64640","104468","104468","0","2902","1336","826"
"405","ALIGN_RAMP","46044","22","120.849609375","-3","-3000","-5000000","64800","104469","104469","0","2902","1336","736"
"406","ALIGN_RAMP","46045","23","126.3427734375","1","1000","4000000","64960","104470","104470","0","2902","1336","646"
"407","ALIGN_RAMP","46044","22","120.849609375","-1","-1000","-2000000","65120","104471","104471","0","2902","1336","556"
"408","ALIGN_RAMP","46048","26","142.822265625","4","4000","5000000","65280","104472","104472","0","2902","1336","466"
"409","ALIGN_RAMP","46046","24","131.8359375","-2","-2000","-6000000","65440","104473","104473","0","2902","1336","376"
"410","ALIGN_RAMP","46045","23","126.3427734375","-1","-1000","1000000","65600","104474","104474","0","2902","1336","286"
"411","ALIGN_RAMP","46046","24","131.8359375","1","1000","2000000","65760","104475","104475","0","2902","1336","196"
"412","ALIGN_RAMP","46046","24","131.8359375","0","0","-1000000","65920","104476","104476","0","2902","1336","106"
"413","ALIGN_RAMP","46051","29","159.3017578125","5","5000","5000000","66080","104477","104477","0","2902","1336","16"
"414","ALIGN_RAMP","46050","28","153.80859375","-1","-1000","-6000000","66240","104478","104478","0","2902","1336","2081"
"415","ALIGN_RAMP","46044","22","120.849609375","-6","-6000","-5000000","66400","104479","104479","0","2902","1336","1991"
"416","ALIGN_RAMP","46041","19","104.3701171875","-3","-3000","3000000","66560","104480","104480","0","2902","1336","1901"
"417","ALIGN_RAMP","46044","22","120.849609375","3","3000","6000000","66720","104481","104481","0","2902","1336","1811"
"418","ALIGN_RAMP","46044","22","120.849609375","0","0","-3000000","66880","104482","104482","0","2902","1336","1721"
"419","ALIGN_RAMP","46043","21","115.3564453125","-1","-1000","-1000000","67040","104483","104483","0","2902","1336","1631"
"420","ALIGN_RAMP","46044","22","120.849609375","1","1000","2000000","67200","104484","104484","0","2902","1336","1541"
"421","ALIGN_RAMP","46047","25","137.3291015625","3","3000","2000000","67360","104485","104485","0","2902","1336","1451"
"422","ALIGN_RAMP","46043","21","115.3564453125","-4","-4000","-7000000","67520","104486","104486","0","2902","1336","1361"
"423","ALIGN_RAMP","46042","20","109.86328125","-1","-1000","3000000","67680","104487","104487","0","2902","1336","1271"
"424","ALIGN_RAMP","46044","22","120.849609375","2","2000","3000000","67840","104488","104488","0","2902","1336","1181"
"425","ALIGN_RAMP","46044","22","120.849609375","0","0","-2000000","68000","104489","104489","0","2902","1336","1091"
"426","ALIGN_RAMP","46045","23","126.3427734375","1","1000","1000000","68160","104490","104490","0","2902","1336","1001"
"427","ALIGN_RAMP","46042","20","109.86328125","-3","-3000","-4000000","68320","104491","104491","0","2902","1336","911"
"428","ALIGN_RAMP","46042","20","109.86328125","0","0","3000000","68480","104492","104492","0","2902","1336","821"
"429","ALIGN_RAMP","46044","22","120.849609375","2","2000","2000000","68640","104493","104493","0","2902","1336","731"
"430","ALIGN_RAMP","46044","22","120.849609375","0","0","-2000000","68800","104494","104494","0","2902","1336","641"
"431","ALIGN_RAMP","46041","19","104.3701171875","-3","-3000","-3000000","68960","104495","104495","0","2902","1336","551"
"432","ALIGN_RAMP","46043","21","115.3564453125","2","2000","5000000","69120","104496","104496","0","2902","1336","461"
"433","ALIGN_RAMP","46044","22","120.849609375","1","1000","-1000000","69280","104497","104497","0","2902","1336","371"
"434","ALIGN_RAMP","46040","18","98.876953125","-4","-4000","-5000000","69440","104498","104498","0","2902","1336","281"
"435","ALIGN_RAMP","46042","20","109.86328125","2","2000","6000000","69600","104499","104499","0","2902","1336","191"
"436","ALIGN_RAMP","46046","24","131.8359375","4","4000","2000000","69760","104500","104500","0","2902","1336","101"
"437","ALIGN_RAMP","46043","21","115.3564453125","-3","-3000","-7000000","69920","104501","104501","0","2902","1336","11"
"438","ALIGN_RAMP","46044","22","120.849609375","1","1000","4000000","70080","104502","104502","0","2902","1336","2076"
"439","ALIGN_RAMP","46045","23","126.3427734375","1","1000","0","70240","104503","104503","0","2902","1336","1986"
"440","ALIGN_RAMP","46040","18","98.876953125","-5","-5000","-6000000","70400","104504","104504","0","2902","1336","1896"
"441","ALIGN_RAMP","46041","19","104.3701171875","1","1000","6000000","70560","104505","104505","0","2902","1336","1806"
"442","ALIGN_RAMP","46041","19","104.3701171875","0","0","-1000000","70720","104506","104506","0","2902","1336","1716"
"443","ALIGN_RAMP","46042","20","109.86328125","1","1000","1000000","70880","104507","104507","0","2902","1336","1626"
"444","ALIGN_RAMP","46041","19","104.3701171875","-1","-1000","-2000000","71040","104508","104508","0","2902","1336","1536"
"445","ALIGN_RAMP","46043","21","115.3564453125","2","2000","3000000","71200","104509","104509","0","2902","1336","1446"
"446","ALIGN_RAMP","46046","24","131.8359375","3","3000","1000000","71360","104510","104510","0","2902","1336","1356"
"447","ALIGN_RAMP","46049","27","148.3154296875","3","3000","0","71520","104511","104511","0","2902","1336","1266"
"448","ALIGN_RAMP","46041","19","104.3701171875","-8","-8000","-11000000","71680","104512","104512","0","2902","1336","1176"
"449","ALIGN_RAMP","46043","21","115.3564453125","2","2000","10000000","71840","104513","104513","0","2902","1336","1086"
"450","ALIGN_RAMP","46042","20","109.86328125","-1","-1000","-3000000","72000","104514","104514","0","2902","1336","996"
"451","ALIGN_RAMP","46044","22","120.849609375","2","2000","3000000","72160","104515","104515","0","2902","1336","906"
"452","ALIGN_RAMP","46046","24","131.8359375","2","2000","0","72320","104516","104516","0","2902","1336","816"
"453","ALIGN_RAMP","46044","22","120.849609375","-2","-2000","-4000000","72480","104517","104517","0","2902","1336","726"
"454","ALIGN_RAMP","46043","21","115.3564453125","-1","-1000","1000000","72640","104518","104518","0","2902","1336","636"
"455","ALIGN_RAMP","46044","22","120.849609375","1","1000","2000000","72800","104519","104519","0","2902","1336","546"
"456","ALIGN_RAMP","46044","22","120.849609375","0","0","-1000000","72960","104520","104520","0","2902","1336","456"
"457","ALIGN_RAMP","46039","17","93.3837890625","-5","-5000","-5000000","73120","104521","104521","0","2902","1336","366"
"458","ALIGN_RAMP","46041","19","104.3701171875","2","2000","7000000","73280","104522","104522","0","2902","1336","276"
"459","ALIGN_RAMP","46043","21","115.3564453125","2","2000","0","73440","104523","104523","0","2902","1336","186"
"460","ALIGN_RAMP","46044","22","120.849609375","1","1000","-1000000","73600","104524","104524","0","2902","1336","96"
"461","ALIGN_RAMP","46044","22","120.849609375","0","0","-1000000","73760","104525","104525","0","2902","1336","6"
"462","ALIGN_RAMP","46043","21","115.3564453125","-1","-1000","-1000000","73920","104526","104526","0","2902","1336","2071"
"463","ALIGN_RAMP","46041","19","104.3701171875","-2","-2000","-1000000","74080","104527","104527","0","2902","1336","1981"
"464","ALIGN_RAMP","46042","20","109.86328125","1","1000","3000000","74240","104528","104528","0","2902","1336","1891"
"465","ALIGN_RAMP","46043","21","115.3564453125","1","1000","0","74400","104529","104529","0","2902","1336","1801"
"466","ALIGN_RAMP","46043","21","115.3564453125","0","0","-1000000","74560","104530","104530","0","2902","1336","1711"
"467","ALIGN_RAMP","46040","18","98.876953125","-3","-3000","-3000000","74720","104531","104531","0","2902","1336","1621"
"468","ALIGN_RAMP","46044","22","120.849609375","4","4000","7000000","74880","104532","104532","0","2902","1336","1531"
"469","ALIGN_RAMP","46041","19","104.3701171875","-3","-3000","-7000000","75040","104533","104533","0","2902","1336","1441"
"470","ALIGN_RAMP","46043","21","115.3564453125","2","2000","5000000","75200","104534","104534","0","2902","1336","1351"
"471","ALIGN_RAMP","46040","18","98.876953125","-3","-3000","-5000000","75360","104535","104535","0","2902","1336","1261"
"472","ALIGN_RAMP","46042","20","109.86328125","2","2000","5000000","75520","104536","104536","0","2902","1336","1171"
"473","ALIGN_RAMP","46044","22","120.849609375","2","2000","0","75680","104537","104537","0","2902","1336","1081"
"474","ALIGN_RAMP","46040","18","98.876953125","-4","-4000","-6000000","75840","104538","104538","0","2902","1336","991"
"475","ALIGN_RAMP","46044","22","120.849609375","4","4000","8000000","76000","104539","104539","0","2902","1336","901"
"476","ALIGN_RAMP","46042","20","109.86328125","-2","-2000","-6000000","76160","104540","104540","0","2902","1336","811"
"477","ALIGN_RAMP","46044","22","120.849609375","2","2000","4000000","76320","104541","104541","0","2902","1336","721"
"478","ALIGN_RAMP","46042","20","109.86328125","-2","-2000","-4000000","76480","104542","104542","0","2902","1336","631"
"479","ALIGN_RAMP","46040","18","98.876953125","-2","-2000","0","76640","104543","104543","0","2902","1336","541"
"480","ALIGN_RAMP","46043","21","115.3564453125","3","3000","5000000","76800","104544","104544","0","2902","1336","451"
"481","ALIGN_RAMP","46043","21","115.3564453125","0","0","-3000000","76960","104545","104545","0","2902","1336","361"
"482","ALIGN_RAMP","46042","20","109.86328125","-1","-1000","-1000000","77120","104546","104546","0","2902","1336","271"
"483","ALIGN_RAMP","46043","21","115.3564453125","1","1000","2000000","77280","104547","104547","0","2902","1336","181"
"484","ALIGN_RAMP","46043","21","115.3564453125","0","0","-1000000","77440","104548","104548","0","2902","1336","91"
"485","ALIGN_RAMP","46042","20","109.86328125","-1","-1000","-1000000","77600","104549","104549","0","2902","1336","1"
"486","ALIGN_RAMP","46043","21","115.3564453125","1","1000","2000000","77760","104550","104550","0","2902","1336","2066"
"487","ALIGN_RAMP","46043","21","115.3564453125","0","0","-1000000","77920","104551","104551","0","2902","1336","1976"
"488","ALIGN_RAMP","46042","20","109.86328125","-1","-1000","-1000000","78080","104552","104552","0","2902","1336","1886"
"489","ALIGN_RAMP","46042","20","109.86328125","0","0","1000000","78240","104553","104553","0","2902","1336","1796"
"490","ALIGN_RAMP","46043","21","115.3564453125","1","1000","1000000","78400","104554","104554","0","2902","1336","1706"
"491","ALIGN_RAMP","46043","21","115.3564453125","0","0","-1000000","78560","104555","104555","0","2902","1336","1616"
"492","ALIGN_RAMP","46042","20","109.86328125","-1","-1000","-1000000","78720","104556","104556","0","2902","1336","1526"
"493","ALIGN_RAMP","46040","18","98.876953125","-2","-2000","-1000000","78880","104557","104557","0","2902","1336","1436"
"494","ALIGN_RAMP","46040","18","98.876953125","0","0","2000000","79040","104558","104558","0","2902","1336","1346"
"495","ALIGN_RAMP","46043","21","115.3564453125","3","3000","3000000","79200","104559","104559","0","2902","1336","1256"
"496","ALIGN_RAMP","46043","21","115.3564453125","0","0","-3000000","79360","104560","104560","0","2902","1336","1166"
"497","ALIGN_RAMP","46044","22","120.849609375","1","1000","1000000","79520","104561","104561","0","2902","1336","1076"
"498","ALIGN_RAMP","46044","22","120.849609375","0","0","-1000000","79680","104562","104562","0","2902","1336","986"
"499","ALIGN_RAMP","46040","18","98.876953125","-4","-4000","-4000000","79840","104563","104563","0","2902","1336","896"
"500","ALIGN_RAMP","46043","21","115.3564453125","3","3000","7000000","80000","104564","104564","0","2903","1336","806"
"501","ALIGN_HOLD","46039","17","93.3837890625","-4","-4000","-7000000","80000","104565","104565","0","2903","1336","716"
"502","ALIGN_HOLD","46039","17","93.3837890625","0","0","4000000","80000","104566","104566","0","2903","1336","626"
"503","ALIGN_HOLD","46044","22","120.849609375","5","5000","5000000","80000","104567","104567","0","2903","1336","536"
"504","ALIGN_HOLD","46045","23","126.3427734375","1","1000","-4000000","80000","104568","104568","0","2903","1336","446"
"505","ALIGN_HOLD","46042","20","109.86328125","-3","-3000","-4000000","80000","104569","104569","0","2903","1336","356"
"506","ALIGN_HOLD","46044","22","120.849609375","2","2000","5000000","80000","104570","104570","0","2903","1336","266"
"507","ALIGN_HOLD","46037","15","82.3974609375","-7","-7000","-9000000","80000","104571","104571","0","2903","1336","176"
"508","ALIGN_HOLD","46046","24","131.8359375","9","9000","16000000","80000","104572","104572","0","2903","1336","86"
"509","ALIGN_HOLD","46039","17","93.3837890625","-7","-7000","-16000000","80000","104573","104573","0","2903","1336","2151"
"510","ALIGN_HOLD","46040","18","98.876953125","1","1000","8000000","80000","104574","104574","0","2903","1336","2061"
"511","ALIGN_HOLD","46044","22","120.849609375","4","4000","3000000","80000","104575","104575","0","2903","1336","1971"
"512","ALIGN_HOLD","46042","20","109.86328125","-2","-2000","-6000000","80000","104576","104576","0","2903","1336","1881"
"513","ALIGN_HOLD","46039","17","93.3837890625","-3","-3000","-1000000","80000","104577","104577","0","2903","1336","1791"
"514","ALIGN_HOLD","46041","19","104.3701171875","2","2000","5000000","80000","104578","104578","0","2903","1336","1701"
"515","ALIGN_HOLD","46044","22","120.849609375","3","3000","1000000","80000","104579","104579","0","2903","1336","1611"
"516","ALIGN_HOLD","46042","20","109.86328125","-2","-2000","-5000000","80000","104580","104580","0","2903","1336","1521"
"517","ALIGN_HOLD","46043","21","115.3564453125","1","1000","3000000","80000","104581","104581","0","2903","1336","1431"
"518","ALIGN_HOLD","46045","23","126.3427734375","2","2000","1000000","80000","104582","104582","0","2903","1336","1341"
"519","ALIGN_HOLD","46042","20","109.86328125","-3","-3000","-5000000","80000","104583","104583","0","2903","1336","1251"
"520","ALIGN_HOLD","46042","20","109.86328125","0","0","3000000","80000","104584","104584","0","2903","1336","1161"
"521","ALIGN_HOLD","46044","22","120.849609375","2","2000","2000000","80000","104585","104585","0","2903","1336","1071"
"522","ALIGN_HOLD","46042","20","109.86328125","-2","-2000","-4000000","80000","104586","104586","0","2903","1336","981"
"523","ALIGN_HOLD","46040","18","98.876953125","-2","-2000","0","80000","104587","104587","0","2903","1336","891"
"524","ALIGN_HOLD","46042","20","109.86328125","2","2000","4000000","80000","104588","104588","0","2903","1336","801"
"525","ALIGN_HOLD","46042","20","109.86328125","0","0","-2000000","80000","104589","104589","0","2903","1336","711"
"526","ALIGN_HOLD","46039","17","93.3837890625","-3","-3000","-3000000","80000","104590","104590","0","2903","1336","621"
"527","ALIGN_HOLD","46043","21","115.3564453125","4","4000","7000000","80000","104591","104591","0","2903","1336","531"
"528","ALIGN_HOLD","46042","20","109.86328125","-1","-1000","-5000000","80000","104592","104592","0","2903","1336","441"
"529","ALIGN_HOLD","46037","15","82.3974609375","-5","-5000","-4000000","80000","104593","104593","0","2903","1336","351"
"530","ALIGN_HOLD","46042","20","109.86328125","5","5000","10000000","80000","104594","104594","0","2903","1336","261"
"531","ALIGN_HOLD","46043","21","115.3564453125","1","1000","-4000000","80000","104595","104595","0","2903","1336","171"
"532","ALIGN_HOLD","46044","22","120.849609375","1","1000","0","80000","104596","104596","0","2903","1336","81"
"533","ALIGN_HOLD","46045","23","126.3427734375","1","1000","0","80000","104597","104597","0","2903","1336","2146"
"534","ALIGN_HOLD","46043","21","115.3564453125","-2","-2000","-3000000","80000","104598","104598","0","2903","1336","2056"
"535","ALIGN_HOLD","46042","20","109.86328125","-1","-1000","1000000","80000","104599","104599","0","2903","1336","1966"
"536","ALIGN_HOLD","46039","17","93.3837890625","-3","-3000","-2000000","80000","104600","104600","0","2903","1336","1876"
"537","ALIGN_HOLD","46043","21","115.3564453125","4","4000","7000000","80000","104601","104601","0","2903","1336","1786"
"538","ALIGN_HOLD","46044","22","120.849609375","1","1000","-3000000","80000","104602","104602","0","2903","1336","1696"
"539","ALIGN_HOLD","46042","20","109.86328125","-2","-2000","-3000000","80000","104603","104603","0","2903","1336","1606"
"540","ALIGN_HOLD","46040","18","98.876953125","-2","-2000","0","80000","104604","104604","0","2903","1336","1516"
"541","ALIGN_HOLD","46041","19","104.3701171875","1","1000","3000000","80000","104605","104605","0","2903","1336","1426"
"542","ALIGN_HOLD","46041","19","104.3701171875","0","0","-1000000","80000","104606","104606","0","2903","1336","1336"
"543","ALIGN_HOLD","46044","22","120.849609375","3","3000","3000000","80000","104607","104607","0","2903","1336","1246"
"544","ALIGN_HOLD","46041","19","104.3701171875","-3","-3000","-6000000","80000","104608","104608","0","2903","1336","1156"
"545","ALIGN_HOLD","46038","16","87.890625","-3","-3000","0","80000","104609","104609","0","2903","1336","1066"
"546","ALIGN_HOLD","46037","15","82.3974609375","-1","-1000","2000000","80000","104610","104610","0","2903","1336","976"
"547","ALIGN_HOLD","46043","21","115.3564453125","6","6000","7000000","80000","104611","104611","0","2903","1336","886"
"548","ALIGN_HOLD","46040","18","98.876953125","-3","-3000","-9000000","80000","104612","104612","0","2903","1336","796"
"549","ALIGN_HOLD","46039","17","93.3837890625","-1","-1000","2000000","80000","104613","104613","0","2903","1336","706"
"550","ALIGN_HOLD","46042","20","109.86328125","3","3000","4000000","80000","104614","104614","0","2903","1336","616"
"551","ALIGN_HOLD","46043","21","115.3564453125","1","1000","-2000000","80000","104615","104615","0","2903","1336","526"
"552","ALIGN_HOLD","46041","19","104.3701171875","-2","-2000","-3000000","80000","104616","104616","0","2903","1336","436"
"553","ALIGN_HOLD","46041","19","104.3701171875","0","0","2000000","80000","104617","104617","0","2903","1336","346"
"554","ALIGN_HOLD","46041","19","104.3701171875","0","0","0","80000","104618","104618","0","2903","1336","256"
"555","ALIGN_HOLD","46040","18","98.876953125","-1","-1000","-1000000","80000","104619","104619","0","2903","1336","166"
"556","ALIGN_HOLD","46039","17","93.3837890625","-1","-1000","0","80000","104620","104620","0","2903","1336","76"
"557","ALIGN_HOLD","46040","18","98.876953125","1","1000","2000000","80000","104621","104621","0","2903","1336","2141"
"558","ALIGN_HOLD","46039","17","93.3837890625","-1","-1000","-2000000","80000","104622","104622","0","2903","1336","2051"
"559","ALIGN_HOLD","46040","18","98.876953125","1","1000","2000000","80000","104623","104623","0","2903","1336","1961"
"560","ALIGN_HOLD","46044","22","120.849609375","4","4000","3000000","80000","104624","104624","0","2903","1336","1871"
"561","ALIGN_HOLD","46042","20","109.86328125","-2","-2000","-6000000","80000","104625","104625","0","2903","1336","1781"
"562","ALIGN_HOLD","46040","18","98.876953125","-2","-2000","0","80000","104626","104626","0","2903","1336","1691"
"563","ALIGN_HOLD","46040","18","98.876953125","0","0","2000000","80000","104627","104627","0","2903","1336","1601"
"564","ALIGN_HOLD","46039","17","93.3837890625","-1","-1000","-1000000","80000","104628","104628","0","2903","1336","1511"
"565","ALIGN_HOLD","46041","19","104.3701171875","2","2000","3000000","80000","104629","104629","0","2903","1336","1421"
"566","ALIGN_HOLD","46037","15","82.3974609375","-4","-4000","-6000000","80000","104630","104630","0","2903","1336","1331"
"567","ALIGN_HOLD","46042","20","109.86328125","5","5000","9000000","80000","104631","104631","0","2903","1336","1241"
"568","ALIGN_HOLD","46044","22","120.849609375","2","2000","-3000000","80000","104632","104632","0","2903","1336","1151"
"569","ALIGN_HOLD","46039","17","93.3837890625","-5","-5000","-7000000","80000","104633","104633","0","2903","1336","1061"
"570","ALIGN_HOLD","46043","21","115.3564453125","4","4000","9000000","80000","104634","104634","0","2903","1336","971"
"571","ALIGN_HOLD","46041","19","104.3701171875","-2","-2000","-6000000","80000","104635","104635","0","2903","1336","881"
"572","ALIGN_HOLD","46042","20","109.86328125","1","1000","3000000","80000","104636","104636","0","2903","1336","791"
"573","ALIGN_HOLD","46041","19","104.3701171875","-1","-1000","-2000000","80000","104637","104637","0","2903","1336","701"
"574","ALIGN_HOLD","46040","18","98.876953125","-1","-1000","0","80000","104638","104638","0","2903","1336","611"
"575","ALIGN_HOLD","46042","20","109.86328125","2","2000","3000000","80000","104639","104639","0","2903","1336","521"
"576","ALIGN_HOLD","46041","19","104.3701171875","-1","-1000","-3000000","80000","104640","104640","0","2903","1336","431"
"577","ALIGN_HOLD","46045","23","126.3427734375","4","4000","5000000","80000","104641","104641","0","2903","1336","341"
"578","ALIGN_HOLD","46043","21","115.3564453125","-2","-2000","-6000000","80000","104642","104642","0","2903","1336","251"
"579","ALIGN_HOLD","46043","21","115.3564453125","0","0","2000000","80000","104643","104643","0","2903","1336","161"
"580","ALIGN_HOLD","46039","17","93.3837890625","-4","-4000","-4000000","80000","104644","104644","0","2903","1336","71"
"581","ALIGN_HOLD","46043","21","115.3564453125","4","4000","8000000","80000","104645","104645","0","2903","1336","2136"
"582","ALIGN_HOLD","46043","21","115.3564453125","0","0","-4000000","80000","104646","104646","0","2903","1336","2046"
"583","ALIGN_HOLD","46042","20","109.86328125","-1","-1000","-1000000","80000","104647","104647","0","2903","1336","1956"
"584","ALIGN_HOLD","46039","17","93.3837890625","-3","-3000","-2000000","80000","104648","104648","0","2903","1336","1866"
"585","ALIGN_HOLD","46045","23","126.3427734375","6","6000","9000000","80000","104649","104649","0","2903","1336","1776"
"586","ALIGN_HOLD","46039","17","93.3837890625","-6","-6000","-12000000","80000","104650","104650","0","2903","1336","1686"
"587","ALIGN_HOLD","46040","18","98.876953125","1","1000","7000000","80000","104651","104651","0","2903","1336","1596"
"588","ALIGN_HOLD","46041","19","104.3701171875","1","1000","0","80000","104652","104652","0","2903","1336","1506"
"589","ALIGN_HOLD","46042","20","109.86328125","1","1000","0","80000","104653","104653","0","2903","1336","1416"
"590","ALIGN_HOLD","46041","19","104.3701171875","-1","-1000","-2000000","80000","104654","104654","0","2903","1336","1326"
"591","ALIGN_HOLD","46042","20","109.86328125","1","1000","2000000","80000","104655","104655","0","2903","1336","1236"
"592","ALIGN_HOLD","46040","18","98.876953125","-2","-2000","-3000000","80000","104656","104656","0","2903","1336","1146"
"593","ALIGN_HOLD","46042","20","109.86328125","2","2000","4000000","80000","104657","104657","0","2903","1336","1056"
"594","ALIGN_HOLD","46041","19","104.3701171875","-1","-1000","-3000000","80000","104658","104658","0","2903","1336","966"
"595","ALIGN_HOLD","46041","19","104.3701171875","0","0","1000000","80000","104659","104659","0","2903","1336","876"
"596","ALIGN_HOLD","46044","22","120.849609375","3","3000","3000000","80000","104660","104660","0","2903","1336","786"
"597","ALIGN_HOLD","46039","17","93.3837890625","-5","-5000","-8000000","80000","104661","104661","0","2903","1336","696"
"598","ALIGN_HOLD","46040","18","98.876953125","1","1000","6000000","80000","104662","104662","0","2903","1336","606"
"599","ALIGN_HOLD","46045","23","126.3427734375","5","5000","4000000","80000","104663","104663","0","2903","1336","516"
"600","ALIGN_HOLD","46041","19","104.3701171875","-4","-4000","-9000000","80000","104664","104664","0","2903","1336","492"
"601","ALIGN_HOLD","46038","16","87.890625","-3","-3000","1000000","80000","104665","104665","0","2903","1336","336"
"602","ALIGN_HOLD","46042","20","109.86328125","4","4000","7000000","80000","104666","104666","0","2903","1336","246"
"603","ALIGN_HOLD","46044","22","120.849609375","2","2000","-2000000","80000","104667","104667","0","2903","1336","156"
"604","ALIGN_HOLD","46039","17","93.3837890625","-5","-5000","-7000000","80000","104668","104668","0","2903","1336","66"
"605","ALIGN_HOLD","46039","17","93.3837890625","0","0","5000000","80000","104669","104669","0","2903","1336","2131"
"606","ALIGN_HOLD","46040","18","98.876953125","1","1000","1000000","80000","104670","104670","0","2903","1336","2041"
"607","ALIGN_HOLD","46041","19","104.3701171875","1","1000","0","80000","104671","104671","0","2903","1336","1951"
"608","ALIGN_HOLD","46040","18","98.876953125","-1","-1000","-2000000","80000","104672","104672","0","2903","1336","1861"
"609","ALIGN_HOLD","46043","21","115.3564453125","3","3000","4000000","80000","104673","104673","0","2903","1336","1771"
"610","ALIGN_HOLD","46040","18","98.876953125","-3","-3000","-6000000","80000","104674","104674","0","2903","1336","1681"
"611","ALIGN_HOLD","46040","18","98.876953125","0","0","3000000","80000","104675","104675","0","2903","1336","1591"
"612","ALIGN_HOLD","46041","19","104.3701171875","1","1000","1000000","80000","104676","104676","0","2903","1336","1501"
"613","ALIGN_HOLD","46041","19","104.3701171875","0","0","-1000000","80000","104677","104677","0","2903","1336","1411"
"614","ALIGN_HOLD","46042","20","109.86328125","1","1000","1000000","80000","104678","104678","0","2903","1336","1321"
"615","ALIGN_HOLD","46040","18","98.876953125","-2","-2000","-3000000","80000","104679","104679","0","2903","1336","1231"
"616","ALIGN_HOLD","46042","20","109.86328125","2","2000","4000000","80000","104680","104680","0","2903","1336","1141"
"617","ALIGN_HOLD","46043","21","115.3564453125","1","1000","-1000000","80000","104681","104681","0","2903","1336","1051"
"618","ALIGN_HOLD","46041","19","104.3701171875","-2","-2000","-3000000","80000","104682","104682","0","2903","1336","961"
"619","ALIGN_HOLD","46042","20","109.86328125","1","1000","3000000","80000","104683","104683","0","2903","1336","871"
"620","ALIGN_HOLD","46042","20","109.86328125","0","0","-1000000","80000","104684","104684","0","2903","1336","781"
"621","ALIGN_HOLD","46042","20","109.86328125","0","0","0","80000","104685","104685","0","2903","1336","691"
"622","ALIGN_HOLD","46043","21","115.3564453125","1","1000","1000000","80000","104686","104686","0","2903","1336","601"
"623","ALIGN_HOLD","46043","21","115.3564453125","0","0","-1000000","80000","104687","104687","0","2903","1336","511"
"624","ALIGN_HOLD","46040","18","98.876953125","-3","-3000","-3000000","80000","104688","104688","0","2903","1336","421"
"625","ALIGN_HOLD","46039","17","93.3837890625","-1","-1000","2000000","80000","104689","104689","0","2903","1336","331"
"626","ALIGN_HOLD","46039","17","93.3837890625","0","0","1000000","80000","104690","104690","0","2903","1336","241"
"627","ALIGN_HOLD","46040","18","98.876953125","1","1000","1000000","80000","104691","104691","0","2903","1336","151"
"628","ALIGN_HOLD","46039","17","93.3837890625","-1","-1000","-2000000","80000","104692","104692","0","2903","1336","61"
"629","ALIGN_HOLD","46042","20","109.86328125","3","3000","4000000","80000","104693","104693","0","2903","1336","2126"
"630","ALIGN_HOLD","46039","17","93.3837890625","-3","-3000","-6000000","80000","104694","104694","0","2903","1336","2036"
"631","ALIGN_HOLD","46039","17","93.3837890625","0","0","3000000","80000","104695","104695","0","2903","1336","1946"
"632","ALIGN_HOLD","46044","22","120.849609375","5","5000","5000000","80000","104696","104696","0","2903","1336","1856"
"633","ALIGN_HOLD","46040","18","98.876953125","-4","-4000","-9000000","80000","104697","104697","0","2903","1336","1766"
"634","ALIGN_HOLD","46044","22","120.849609375","4","4000","8000000","80000","104698","104698","0","2903","1336","1676"
"635","ALIGN_HOLD","46041","19","104.3701171875","-3","-3000","-7000000","80000","104699","104699","0","2903","1336","1586"
"636","ALIGN_HOLD","46043","21","115.3564453125","2","2000","5000000","80000","104700","104700","0","2903","1336","1496"
"637","ALIGN_HOLD","46043","21","115.3564453125","0","0","-2000000","80000","104701","104701","0","2903","1336","1406"
"638","ALIGN_HOLD","46043","21","115.3564453125","0","0","0","80000","104702","104702","0","2903","1336","1316"
"639","ALIGN_HOLD","46043","21","115.3564453125","0","0","0","80000","104703","104703","0","2903","1336","1226"
"640","ALIGN_HOLD","46043","21","115.3564453125","0","0","0","80000","104704","104704","0","2903","1336","1136"
"641","ALIGN_HOLD","46043","21","115.3564453125","0","0","0","80000","104705","104705","0","2903","1336","1046"
"642","ALIGN_HOLD","46040","18","98.876953125","-3","-3000","-3000000","80000","104706","104706","0","2903","1336","956"
"643","ALIGN_HOLD","46044","22","120.849609375","4","4000","7000000","80000","104707","104707","0","2903","1336","866"
"644","ALIGN_HOLD","46039","17","93.3837890625","-5","-5000","-9000000","80000","104708","104708","0","2903","1336","776"
"645","ALIGN_HOLD","46044","22","120.849609375","5","5000","10000000","80000","104709","104709","0","2903","1336","686"
"646","ALIGN_HOLD","46040","18","98.876953125","-4","-4000","-9000000","80000","104710","104710","0","2903","1336","596"
"647","ALIGN_HOLD","46040","18","98.876953125","0","0","4000000","80000","104711","104711","0","2903","1336","506"
"648","ALIGN_HOLD","46040","18","98.876953125","0","0","0","80000","104712","104712","0","2903","1336","416"
"649","ALIGN_HOLD","46043","21","115.3564453125","3","3000","3000000","80000","104713","104713","0","2903","1336","326"
"650","ALIGN_HOLD","46038","16","87.890625","-5","-5000","-8000000","80000","104714","104714","0","2903","1336","236"
"651","ALIGN_HOLD","46043","21","115.3564453125","5","5000","10000000","80000","104715","104715","0","2903","1336","146"
"652","ALIGN_HOLD","46043","21","115.3564453125","0","0","-5000000","80000","104716","104716","0","2903","1336","56"
"653","ALIGN_HOLD","46043","21","115.3564453125","0","0","0","80000","104717","104717","0","2903","1336","2121"
"654","ALIGN_HOLD","46042","20","109.86328125","-1","-1000","-1000000","80000","104718","104718","0","2903","1336","2031"
"655","ALIGN_HOLD","46039","17","93.3837890625","-3","-3000","-2000000","80000","104719","104719","0","2903","1336","1941"
"656","ALIGN_HOLD","46038","16","87.890625","-1","-1000","2000000","80000","104720","104720","0","2903","1336","1851"
"657","ALIGN_HOLD","46042","20","109.86328125","4","4000","5000000","80000","104721","104721","0","2903","1336","1761"
"658","ALIGN_HOLD","46041","19","104.3701171875","-1","-1000","-5000000","80000","104722","104722","0","2903","1336","1671"
"659","ALIGN_HOLD","46041","19","104.3701171875","0","0","1000000","80000","104723","104723","0","2903","1336","1581"
"660","ALIGN_HOLD","46042","20","109.86328125","1","1000","1000000","80000","104724","104724","0","2903","1336","1491"
"661","ALIGN_HOLD","46042","20","109.86328125","0","0","-1000000","80000","104725","104725","0","2903","1336","1401"
"662","ALIGN_HOLD","46040","18","98.876953125","-2","-2000","-2000000","80000","104726","104726","0","2903","1336","1311"
"663","ALIGN_HOLD","46043","21","115.3564453125","3","3000","5000000","80000","104727","104727","0","2903","1336","1221"
"664","ALIGN_HOLD","46040","18","98.876953125","-3","-3000","-6000000","80000","104728","104728","0","2903","1336","1131"
"665","ALIGN_HOLD","46039","17","93.3837890625","-1","-1000","2000000","80000","104729","104729","0","2903","1336","1041"
"666","ALIGN_HOLD","46038","16","87.890625","-1","-1000","0","80000","104730","104730","0","2903","1336","951"
"667","ALIGN_HOLD","46043","21","115.3564453125","5","5000","6000000","80000","104731","104731","0","2903","1336","861"
"668","ALIGN_HOLD","46039","17","93.3837890625","-4","-4000","-9000000","80000","104732","104732","0","2903","1336","771"
"669","ALIGN_HOLD","46043","21","115.3564453125","4","4000","8000000","80000","104733","104733","0","2903","1336","681"
"670","ALIGN_HOLD","46040","18","98.876953125","-3","-3000","-7000000","80000","104734","104734","0","2903","1336","591"
"671","ALIGN_HOLD","46043","21","115.3564453125","3","3000","6000000","80000","104735","104735","0","2903","1336","501"
"672","ALIGN_HOLD","46041","19","104.3701171875","-2","-2000","-5000000","80000","104736","104736","0","2903","1336","411"
"673","ALIGN_HOLD","46039","17","93.3837890625","-2","-2000","0","80000","104737","104737","0","2903","1336","321"
"674","ALIGN_HOLD","46042","20","109.86328125","3","3000","5000000","80000","104738","104738","0","2903","1336","231"
"675","ALIGN_HOLD","46040","18","98.876953125","-2","-2000","-5000000","80000","104739","104739","0","2903","1336","141"
"676","ALIGN_HOLD","46043","21","115.3564453125","3","3000","5000000","80000","104740","104740","0","2903","1336","51"
"677","ALIGN_HOLD","46043","21","115.3564453125","0","0","-3000000","80000","104741","104741","0","2903","1336","2116"
"678","ALIGN_HOLD","46038","16","87.890625","-5","-5000","-5000000","80000","104742","104742","0","2903","1336","2026"
"679","ALIGN_HOLD","46040","18","98.876953125","2","2000","7000000","80000","104743","104743","0","2903","1336","1936"
"680","ALIGN_HOLD","46039","17","93.3837890625","-1","-1000","-3000000","80000","104744","104744","0","2903","1336","1846"
"681","ALIGN_HOLD","46043","21","115.3564453125","4","4000","5000000","80000","104745","104745","0","2903","1336","1756"
"682","ALIGN_HOLD","46040","18","98.876953125","-3","-3000","-7000000","80000","104746","104746","0","2903","1336","1666"
"683","ALIGN_HOLD","46040","18","98.876953125","0","0","3000000","80000","104747","104747","0","2903","1336","1576"
"684","ALIGN_HOLD","46042","20","109.86328125","2","2000","2000000","80000","104748","104748","0","2903","1336","1486"
"685","ALIGN_HOLD","46041","19","104.3701171875","-1","-1000","-3000000","80000","104749","104749","0","2903","1336","1396"
"686","ALIGN_HOLD","46040","18","98.876953125","-1","-1000","0","80000","104750","104750","0","2903","1336","1306"
"687","ALIGN_HOLD","46043","21","115.3564453125","3","3000","4000000","80000","104751","104751","0","2903","1336","1216"
"688","ALIGN_HOLD","46041","19","104.3701171875","-2","-2000","-5000000","80000","104752","104752","0","2903","1336","1126"
"689","ALIGN_HOLD","46046","24","131.8359375","5","5000","7000000","80000","104753","104753","0","2903","1336","1036"
"690","ALIGN_HOLD","46042","20","109.86328125","-4","-4000","-9000000","80000","104754","104754","0","2903","1336","946"
"691","ALIGN_HOLD","46041","19","104.3701171875","-1","-1000","3000000","80000","104755","104755","0","2903","1336","856"
"692","ALIGN_HOLD","46043","21","115.3564453125","2","2000","3000000","80000","104756","104756","0","2903","1336","766"
"693","ALIGN_HOLD","46041","19","104.3701171875","-2","-2000","-4000000","80000","104757","104757","0","2903","1336","676"
"694","ALIGN_HOLD","46044","22","120.849609375","3","3000","5000000","80000","104758","104758","0","2903","1336","586"
"695","ALIGN_HOLD","46042","20","109.86328125","-2","-2000","-5000000","80000","104759","104759","0","2903","1336","496"
"696","ALIGN_HOLD","46044","22","120.849609375","2","2000","4000000","80000","104760","104760","0","2903","1336","406"
"697","ALIGN_HOLD","46040","18","98.876953125","-4","-4000","-6000000","80000","104761","104761","0","2903","1336","316"
"698","ALIGN_HOLD","46042","20","109.86328125","2","2000","6000000","80000","104762","104762","0","2903","1336","226"
"699","ALIGN_HOLD","46043","21","115.3564453125","1","1000","-1000000","80000","104763","104763","0","2903","1336","136"
"700","ALIGN_HOLD","46041","19","104.3701171875","-2","-2000","-3000000","80000","104764","104764","0","2903","1336","46"
"701","ALIGN_HOLD","46037","15","82.3974609375","-4","-4000","-2000000","80000","104765","104765","0","2903","1336","2111"
"702","ALIGN_HOLD","46042","20","109.86328125","5","5000","9000000","80000","104766","104766","0","2903","1336","2021"
"703","ALIGN_HOLD","46039","17","93.3837890625","-3","-3000","-8000000","80000","104767","104767","0","2903","1336","1931"
"704","ALIGN_HOLD","46040","18","98.876953125","1","1000","4000000","80000","104768","104768","0","2903","1336","1841"
"705","ALIGN_HOLD","46042","20","109.86328125","2","2000","1000000","80000","104769","104769","0","2903","1336","1751"
"706","ALIGN_HOLD","46040","18","98.876953125","-2","-2000","-4000000","80000","104770","104770","0","2903","1336","1661"
"707","ALIGN_HOLD","46040","18","98.876953125","0","0","2000000","80000","104771","104771","0","2903","1336","1571"
"708","ALIGN_HOLD","46041","19","104.3701171875","1","1000","1000000","80000","104772","104772","0","2903","1336","1481"
"709","ALIGN_HOLD","46043","21","115.3564453125","2","2000","1000000","80000","104773","104773","0","2903","1336","1391"
"710","ALIGN_HOLD","46040","18","98.876953125","-3","-3000","-5000000","80000","104774","104774","0","2903","1336","1301"
"711","ALIGN_HOLD","46042","20","109.86328125","2","2000","5000000","80000","104775","104775","0","2903","1336","1211"
"712","ALIGN_HOLD","46042","20","109.86328125","0","0","-2000000","80000","104776","104776","0","2903","1336","1121"
"713","ALIGN_HOLD","46040","18","98.876953125","-2","-2000","-2000000","80000","104777","104777","0","2903","1336","1031"
"714","ALIGN_HOLD","46042","20","109.86328125","2","2000","4000000","80000","104778","104778","0","2903","1336","941"
"715","ALIGN_HOLD","46039","17","93.3837890625","-3","-3000","-5000000","80000","104779","104779","0","2903","1336","851"
"716","ALIGN_HOLD","46039","17","93.3837890625","0","0","3000000","80000","104780","104780","0","2903","1336","761"
"717","ALIGN_HOLD","46039","17","93.3837890625","0","0","0","80000","104781","104781","0","2903","1336","671"
"718","ALIGN_HOLD","46041","19","104.3701171875","2","2000","2000000","80000","104782","104782","0","2903","1336","581"
"719","ALIGN_HOLD","46042","20","109.86328125","1","1000","-1000000","80000","104783","104783","0","2903","1336","491"
"720","ALIGN_HOLD","46040","18","98.876953125","-2","-2000","-3000000","80000","104784","104784","0","2903","1336","401"
"721","ALIGN_HOLD","46040","18","98.876953125","0","0","2000000","80000","104785","104785","0","2903","1336","311"
"722","ALIGN_HOLD","46041","19","104.3701171875","1","1000","1000000","80000","104786","104786","0","2903","1336","221"
"723","ALIGN_HOLD","46044","22","120.849609375","3","3000","2000000","80000","104787","104787","0","2903","1336","131"
"724","ALIGN_HOLD","46045","23","126.3427734375","1","1000","-2000000","80000","104788","104788","0","2903","1336","41"
"725","ALIGN_HOLD","46041","19","104.3701171875","-4","-4000","-5000000","80000","104789","104789","0","2903","1336","2106"
"726","ALIGN_HOLD","46041","19","104.3701171875","0","0","4000000","80000","104790","104790","0","2903","1336","2016"
"727","ALIGN_HOLD","46041","19","104.3701171875","0","0","0","80000","104791","104791","0","2903","1336","1926"
"728","ALIGN_HOLD","46038","16","87.890625","-3","-3000","-3000000","80000","104792","104792","0","2903","1336","1836"
"729","ALIGN_HOLD","46040","18","98.876953125","2","2000","5000000","80000","104793","104793","0","2903","1336","1746"
"730","ALIGN_HOLD","46042","20","109.86328125","2","2000","0","80000","104794","104794","0","2903","1336","1656"
"731","ALIGN_HOLD","46042","20","109.86328125","0","0","-2000000","80000","104795","104795","0","2903","1336","1566"
"732","ALIGN_HOLD","46040","18","98.876953125","-2","-2000","-2000000","80000","104796","104796","0","2903","1336","1476"
"733","ALIGN_HOLD","46038","16","87.890625","-2","-2000","0","80000","104797","104797","0","2903","1336","1386"
"734","ALIGN_HOLD","46043","21","115.3564453125","5","5000","7000000","80000","104798","104798","0","2903","1336","1296"
"735","ALIGN_HOLD","46040","18","98.876953125","-3","-3000","-8000000","80000","104799","104799","0","2903","1336","1206"
"736","ALIGN_HOLD","46036","14","76.904296875","-4","-4000","-1000000","80000","104800","104800","0","2903","1336","1116"
"737","ALIGN_HOLD","46040","18","98.876953125","4","4000","8000000","80000","104801","104801","0","2903","1336","1026"
"738","ALIGN_HOLD","46038","16","87.890625","-2","-2000","-6000000","80000","104802","104802","0","2903","1336","936"
"739","ALIGN_HOLD","46043","21","115.3564453125","5","5000","7000000","80000","104803","104803","0","2903","1336","846"
"740","ALIGN_HOLD","46044","22","120.849609375","1","1000","-4000000","80000","104804","104804","0","2903","1336","756"
"741","ALIGN_HOLD","46043","21","115.3564453125","-1","-1000","-2000000","80000","104805","104805","0","2903","1336","666"
"742","ALIGN_HOLD","46043","21","115.3564453125","0","0","1000000","80000","104806","104806","0","2903","1336","576"
"743","ALIGN_HOLD","46041","19","104.3701171875","-2","-2000","-2000000","80000","104807","104807","0","2903","1336","486"
"744","ALIGN_HOLD","46042","20","109.86328125","1","1000","3000000","80000","104808","104808","0","2903","1336","396"
"745","ALIGN_HOLD","46043","21","115.3564453125","1","1000","0","80000","104809","104809","0","2903","1336","306"
"746","ALIGN_HOLD","46040","18","98.876953125","-3","-3000","-4000000","80000","104810","104810","0","2903","1336","216"
"747","ALIGN_HOLD","46042","20","109.86328125","2","2000","5000000","80000","104811","104811","0","2903","1336","126"
"748","ALIGN_HOLD","46041","19","104.3701171875","-1","-1000","-3000000","80000","104812","104812","0","2903","1336","36"
"749","ALIGN_HOLD","46041","19","104.3701171875","0","0","1000000","80000","104813","104813","0","2903","1336","2101"
"750","ALIGN_HOLD","46039","17","93.3837890625","-2","-2000","-2000000","80000","104814","104814","0","2903","1336","2011"
"751","ALIGN_HOLD","46042","20","109.86328125","3","3000","5000000","80000","104815","104815","0","2903","1336","1921"
"752","ALIGN_HOLD","46039","17","93.3837890625","-3","-3000","-6000000","80000","104816","104816","0","2903","1336","1831"
"753","ALIGN_HOLD","46039","17","93.3837890625","0","0","3000000","80000","104817","104817","0","2903","1336","1741"
"754","ALIGN_HOLD","46040","18","98.876953125","1","1000","1000000","80000","104818","104818","0","2903","1336","1651"
"755","ALIGN_HOLD","46040","18","98.876953125","0","0","-1000000","80000","104819","104819","0","2903","1336","1561"
"756","ALIGN_HOLD","46043","21","115.3564453125","3","3000","3000000","80000","104820","104820","0","2903","1336","1471"
"757","ALIGN_HOLD","46036","14","76.904296875","-7","-7000","-10000000","80000","104821","104821","0","2903","1336","1381"
"758","ALIGN_HOLD","46045","23","126.3427734375","9","9000","16000000","80000","104822","104822","0","2903","1336","1291"
"759","ALIGN_HOLD","46042","20","109.86328125","-3","-3000","-12000000","80000","104823","104823","0","2903","1336","1201"
"760","ALIGN_HOLD","46040","18","98.876953125","-2","-2000","1000000","80000","104824","104824","0","2903","1336","1111"
"761","ALIGN_HOLD","46042","20","109.86328125","2","2000","4000000","80000","104825","104825","0","2903","1336","1021"
"762","ALIGN_HOLD","46039","17","93.3837890625","-3","-3000","-5000000","80000","104826","104826","0","2903","1336","931"
"763","ALIGN_HOLD","46042","20","109.86328125","3","3000","6000000","80000","104827","104827","0","2903","1336","841"
"764","ALIGN_HOLD","46042","20","109.86328125","0","0","-3000000","80000","104828","104828","0","2903","1336","751"
"765","ALIGN_HOLD","46042","20","109.86328125","0","0","0","80000","104829","104829","0","2903","1336","661"
"766","ALIGN_HOLD","46040","18","98.876953125","-2","-2000","-2000000","80000","104830","104830","0","2903","1336","571"
"767","ALIGN_HOLD","46038","16","87.890625","-2","-2000","0","80000","104831","104831","0","2903","1336","481"
"768","ALIGN_HOLD","46041","19","104.3701171875","3","3000","5000000","80000","104832","104832","0","2903","1336","391"
"769","ALIGN_HOLD","46041","19","104.3701171875","0","0","-3000000","80000","104833","104833","0","2903","1336","301"
"770","ALIGN_HOLD","46040","18","98.876953125","-1","-1000","-1000000","80000","104834","104834","0","2903","1336","211"
"771","ALIGN_HOLD","46042","20","109.86328125","2","2000","3000000","80000","104835","104835","0","2903","1336","121"
"772","ALIGN_HOLD","46042","20","109.86328125","0","0","-2000000","80000","104836","104836","0","2903","1336","31"
"773","ALIGN_HOLD","46041","19","104.3701171875","-1","-1000","-1000000","80000","104837","104837","0","2903","1336","2096"
"774","ALIGN_HOLD","46040","18","98.876953125","-1","-1000","0","80000","104838","104838","0","2903","1336","2006"
"775","ALIGN_HOLD","46041","19","104.3701171875","1","1000","2000000","80000","104839","104839","0","2903","1336","1916"
"776","ALIGN_HOLD","46041","19","104.3701171875","0","0","-1000000","80000","104840","104840","0","2903","1336","1826"
"777","ALIGN_HOLD","46040","18","98.876953125","-1","-1000","-1000000","80000","104841","104841","0","2903","1336","1736"
"778","ALIGN_HOLD","46040","18","98.876953125","0","0","1000000","80000","104842","104842","0","2903","1336","1646"
"779","ALIGN_HOLD","46042","20","109.86328125","2","2000","2000000","80000","104843","104843","0","2903","1336","1556"
"780","ALIGN_HOLD","46041","19","104.3701171875","-1","-1000","-3000000","80000","104844","104844","0","2903","1336","1466"
"781","ALIGN_HOLD","46039","17","93.3837890625","-2","-2000","-1000000","80000","104845","104845","0","2903","1336","1376"
"782","ALIGN_HOLD","46044","22","120.849609375","5","5000","7000000","80000","104846","104846","0","2903","1336","1286"
"783","ALIGN_HOLD","46040","18","98.876953125","-4","-4000","-9000000","80000","104847","104847","0","2903","1336","1196"
"784","ALIGN_HOLD","46042","20","109.86328125","2","2000","6000000","80000","104848","104848","0","2903","1336","1106"
"785","ALIGN_HOLD","46042","20","109.86328125","0","0","-2000000","80000","104849","104849","0","2903","1336","1016"
"786","ALIGN_HOLD","46040","18","98.876953125","-2","-2000","-2000000","80000","104850","104850","0","2903","1336","926"
"787","ALIGN_HOLD","46041","19","104.3701171875","1","1000","3000000","80000","104851","104851","0","2903","1336","836"
"788","ALIGN_HOLD","46039","17","93.3837890625","-2","-2000","-3000000","80000","104852","104852","0","2903","1336","746"
"789","ALIGN_HOLD","46041","19","104.3701171875","2","2000","4000000","80000","104853","104853","0","2903","1336","656"
"790","ALIGN_HOLD","46043","21","115.3564453125","2","2000","0","80000","104854","104854","0","2903","1336","566"
"791","ALIGN_HOLD","46038","16","87.890625","-5","-5000","-7000000","80000","104855","104855","0","2903","1336","476"
"792","ALIGN_HOLD","46043","21","115.3564453125","5","5000","10000000","80000","104856","104856","0","2903","1336","386"
"793","ALIGN_HOLD","46042","20","109.86328125","-1","-1000","-6000000","80000","104857","104857","0","2903","1336","296"
"794","ALIGN_HOLD","46039","17","93.3837890625","-3","-3000","-2000000","80000","104858","104858","0","2903","1336","206"
"795","ALIGN_HOLD","46038","16","87.890625","-1","-1000","2000000","80000","104859","104859","0","2903","1336","116"
"796","ALIGN_HOLD","46043","21","115.3564453125","5","5000","6000000","80000","104860","104860","0","2903","1336","26"
"797","ALIGN_HOLD","46039","17","93.3837890625","-4","-4000","-9000000","80000","104861","104861","0","2903","1336","2091"
"798","ALIGN_HOLD","46041","19","104.3701171875","2","2000","6000000","80000","104862","104862","0","2903","1336","2001"
"799","ALIGN_HOLD","46039","17","93.3837890625","-2","-2000","-4000000","80000","104863","104863","0","2903","1336","1911"
"800","ALIGN_HOLD","46043","21","115.3564453125","4","4000","6000000","80000","104864","104864","0","2903","1336","1887"
"801","ALIGN_HOLD","46042","20","109.86328125","-1","-1000","-5000000","80000","104865","104865","0","2903","1336","1731"
"802","ALIGN_HOLD","46045","23","126.3427734375","3","3000","4000000","80000","104866","104866","0","2903","1336","1641"
"803","ALIGN_HOLD","46042","20","109.86328125","-3","-3000","-6000000","80000","104867","104867","0","2903","1336","1551"
"804","ALIGN_HOLD","46043","21","115.3564453125","1","1000","4000000","80000","104868","104868","0","2903","1336","1461"
"805","ALIGN_HOLD","46045","23","126.3427734375","2","2000","1000000","80000","104869","104869","0","2903","1336","1371"
"806","ALIGN_HOLD","46043","21","115.3564453125","-2","-2000","-4000000","80000","104870","104870","0","2903","1336","1281"
"807","ALIGN_HOLD","46041","19","104.3701171875","-2","-2000","0","80000","104871","104871","0","2903","1336","1191"
"808","ALIGN_HOLD","46040","18","98.876953125","-1","-1000","1000000","80000","104872","104872","0","2903","1336","1101"
"809","ALIGN_HOLD","46040","18","98.876953125","0","0","1000000","80000","104873","104873","0","2903","1336","1011"
"810","ALIGN_HOLD","46044","22","120.849609375","4","4000","4000000","80000","104874","104874","0","2903","1336","921"
"811","ALIGN_HOLD","46037","15","82.3974609375","-7","-7000","-11000000","80000","104875","104875","0","2903","1336","831"
"812","ALIGN_HOLD","46041","19","104.3701171875","4","4000","11000000","80000","104876","104876","0","2903","1336","741"
"813","ALIGN_HOLD","46037","15","82.3974609375","-4","-4000","-8000000","80000","104877","104877","0","2903","1336","651"
"814","ALIGN_HOLD","46038","16","87.890625","1","1000","5000000","80000","104878","104878","0","2903","1336","561"
"815","ALIGN_HOLD","46042","20","109.86328125","4","4000","3000000","80000","104879","104879","0","2903","1336","471"
"816","ALIGN_HOLD","46042","20","109.86328125","0","0","-4000000","80000","104880","104880","0","2903","1336","381"
"817","ALIGN_HOLD","46043","21","115.3564453125","1","1000","1000000","80000","104881","104881","0","2903","1336","291"
"818","ALIGN_HOLD","46042","20","109.86328125","-1","-1000","-2000000","80000","104882","104882","0","2903","1336","201"
"819","ALIGN_HOLD","46042","20","109.86328125","0","0","1000000","80000","104883","104883","0","2903","1336","111"
"820","ALIGN_HOLD","46039","17","93.3837890625","-3","-3000","-3000000","80000","104884","104884","0","2903","1336","21"
"821","ALIGN_HOLD","46039","17","93.3837890625","0","0","3000000","80000","104885","104885","0","2903","1336","2086"
"822","ALIGN_HOLD","46042","20","109.86328125","3","3000","3000000","80000","104886","104886","0","2903","1336","1996"
"823","ALIGN_HOLD","46040","18","98.876953125","-2","-2000","-5000000","80000","104887","104887","0","2903","1336","1906"
"824","ALIGN_HOLD","46040","18","98.876953125","0","0","2000000","80000","104888","104888","0","2903","1336","1816"
"825","ALIGN_HOLD","46041","19","104.3701171875","1","1000","1000000","80000","104889","104889","0","2903","1336","1726"
"826","ALIGN_HOLD","46041","19","104.3701171875","0","0","-1000000","80000","104890","104890","0","2903","1336","1636"
"827","ALIGN_HOLD","46044","22","120.849609375","3","3000","3000000","80000","104891","104891","0","2903","1336","1546"
"828","ALIGN_HOLD","46042","20","109.86328125","-2","-2000","-5000000","80000","104892","104892","0","2903","1336","1456"
"829","ALIGN_HOLD","46038","16","87.890625","-4","-4000","-2000000","80000","104893","104893","0","2903","1336","1366"
"830","ALIGN_HOLD","46042","20","109.86328125","4","4000","8000000","80000","104894","104894","0","2903","1336","1276"
"831","ALIGN_HOLD","46045","23","126.3427734375","3","3000","-1000000","80000","104895","104895","0","2903","1336","1186"
"832","ALIGN_HOLD","46042","20","109.86328125","-3","-3000","-6000000","80000","104896","104896","0","2903","1336","1096"
"833","ALIGN_HOLD","46040","18","98.876953125","-2","-2000","1000000","80000","104897","104897","0","2903","1336","1006"
"834","ALIGN_HOLD","46042","20","109.86328125","2","2000","4000000","80000","104898","104898","0","2903","1336","916"
"835","ALIGN_HOLD","46040","18","98.876953125","-2","-2000","-4000000","80000","104899","104899","0","2903","1336","826"
"836","ALIGN_HOLD","46041","19","104.3701171875","1","1000","3000000","80000","104900","104900","0","2903","1336","736"
"837","ALIGN_HOLD","46040","18","98.876953125","-1","-1000","-2000000","80000","104901","104901","0","2903","1336","646"
"838","ALIGN_HOLD","46043","21","115.3564453125","3","3000","4000000","80000","104902","104902","0","2903","1336","556"
"839","ALIGN_HOLD","46042","20","109.86328125","-1","-1000","-4000000","80000","104903","104903","0","2903","1336","466"
"840","ALIGN_HOLD","46041","19","104.3701171875","-1","-1000","0","80000","104904","104904","0","2903","1336","376"
"841","ALIGN_HOLD","46036","14","76.904296875","-5","-5000","-4000000","80000","104905","104905","0","2903","1336","286"
"842","ALIGN_HOLD","46039","17","93.3837890625","3","3000","8000000","80000","104906","104906","0","2903","1336","196"
"843","ALIGN_HOLD","46042","20","109.86328125","3","3000","0","80000","104907","104907","0","2903","1336","106"
"844","ALIGN_HOLD","46039","17","93.3837890625","-3","-3000","-6000000","80000","104908","104908","0","2903","1336","16"
"845","ALIGN_HOLD","46039","17","93.3837890625","0","0","3000000","80000","104909","104909","0","2903","1336","2081"
"846","ALIGN_HOLD","46045","23","126.3427734375","6","6000","6000000","80000","104910","104910","0","2903","1336","1991"
"847","ALIGN_HOLD","46041","19","104.3701171875","-4","-4000","-10000000","80000","104911","104911","0","2903","1336","1901"
"848","ALIGN_HOLD","46041","19","104.3701171875","0","0","4000000","80000","104912","104912","0","2903","1336","1811"
"849","ALIGN_HOLD","46041","19","104.3701171875","0","0","0","80000","104913","104913","0","2903","1336","1721"
"850","ALIGN_HOLD","46041","19","104.3701171875","0","0","0","80000","104914","104914","0","2903","1336","1631"
"851","ALIGN_HOLD","46041","19","104.3701171875","0","0","0","80000","104915","104915","0","2903","1336","1541"
"852","ALIGN_HOLD","46044","22","120.849609375","3","3000","3000000","80000","104916","104916","0","2903","1336","1451"
"853","ALIGN_HOLD","46040","18","98.876953125","-4","-4000","-7000000","80000","104917","104917","0","2903","1336","1361"
"854","ALIGN_HOLD","46043","21","115.3564453125","3","3000","7000000","80000","104918","104918","0","2903","1336","1271"
"855","ALIGN_HOLD","46040","18","98.876953125","-3","-3000","-6000000","80000","104919","104919","0","2903","1336","1181"
"856","ALIGN_HOLD","46042","20","109.86328125","2","2000","5000000","80000","104920","104920","0","2903","1336","1091"
"857","ALIGN_HOLD","46039","17","93.3837890625","-3","-3000","-5000000","80000","104921","104921","0","2903","1336","1001"
"858","ALIGN_HOLD","46042","20","109.86328125","3","3000","6000000","80000","104922","104922","0","2903","1336","911"
"859","ALIGN_HOLD","46041","19","104.3701171875","-1","-1000","-4000000","80000","104923","104923","0","2903","1336","821"
"860","ALIGN_HOLD","46039","17","93.3837890625","-2","-2000","-1000000","80000","104924","104924","0","2903","1336","731"
"861","ALIGN_HOLD","46040","18","98.876953125","1","1000","3000000","80000","104925","104925","0","2903","1336","641"
"862","ALIGN_HOLD","46043","21","115.3564453125","3","3000","2000000","80000","104926","104926","0","2903","1336","551"
"863","ALIGN_HOLD","46044","22","120.849609375","1","1000","-2000000","80000","104927","104927","0","2903","1336","461"
"864","ALIGN_HOLD","46041","19","104.3701171875","-3","-3000","-4000000","80000","104928","104928","0","2903","1336","371"
"865","ALIGN_HOLD","46040","18","98.876953125","-1","-1000","2000000","80000","104929","104929","0","2903","1336","281"
"866","ALIGN_HOLD","46041","19","104.3701171875","1","1000","2000000","80000","104930","104930","0","2903","1336","191"
"867","ALIGN_HOLD","46040","18","98.876953125","-1","-1000","-2000000","80000","104931","104931","0","2903","1336","101"
"868","ALIGN_HOLD","46044","22","120.849609375","4","4000","5000000","80000","104932","104932","0","2903","1336","11"
"869","ALIGN_HOLD","46041","19","104.3701171875","-3","-3000","-7000000","80000","104933","104933","0","2903","1336","2076"
"870","ALIGN_HOLD","46044","22","120.849609375","3","3000","6000000","80000","104934","104934","0","2903","1336","1986"
"871","ALIGN_HOLD","46038","16","87.890625","-6","-6000","-9000000","80000","104935","104935","0","2903","1336","1896"
"872","ALIGN_HOLD","46043","21","115.3564453125","5","5000","11000000","80000","104936","104936","0","2903","1336","1806"
"873","ALIGN_HOLD","46037","15","82.3974609375","-6","-6000","-11000000","80000","104937","104937","0","2903","1336","1716"
"874","ALIGN_HOLD","46037","15","82.3974609375","0","0","6000000","80000","104938","104938","0","2903","1336","1626"
"875","ALIGN_HOLD","46041","19","104.3701171875","4","4000","4000000","80000","104939","104939","0","2903","1336","1536"
"876","ALIGN_HOLD","46041","19","104.3701171875","0","0","-4000000","80000","104940","104940","0","2903","1336","1446"
"877","ALIGN_HOLD","46038","16","87.890625","-3","-3000","-3000000","80000","104941","104941","0","2903","1336","1356"
"878","ALIGN_HOLD","46041","19","104.3701171875","3","3000","6000000","80000","104942","104942","0","2903","1336","1266"
"879","ALIGN_HOLD","46044","22","120.849609375","3","3000","0","80000","104943","104943","0","2903","1336","1176"
"880","ALIGN_HOLD","46039","17","93.3837890625","-5","-5000","-8000000","80000","104944","104944","0","2903","1336","1086"
"881","ALIGN_HOLD","46042","20","109.86328125","3","3000","8000000","80000","104945","104945","0","2903","1336","996"
"882","ALIGN_HOLD","46041","19","104.3701171875","-1","-1000","-4000000","80000","104946","104946","0","2903","1336","906"
"883","ALIGN_HOLD","46040","18","98.876953125","-1","-1000","0","80000","104947","104947","0","2903","1336","816"
"884","ALIGN_HOLD","46039","17","93.3837890625","-1","-1000","0","80000","104948","104948","0","2903","1336","726"
"885","ALIGN_HOLD","46038","16","87.890625","-1","-1000","0","80000","104949","104949","0","2903","1336","636"
"886","ALIGN_HOLD","46045","23","126.3427734375","7","7000","8000000","80000","104950","104950","0","2903","1336","546"
"887","ALIGN_HOLD","46038","16","87.890625","-7","-7000","-14000000","80000","104951","104951","0","2903","1336","456"
"888","ALIGN_HOLD","46039","17","93.3837890625","1","1000","8000000","80000","104952","104952","0","2903","1336","366"
"889","ALIGN_HOLD","46043","21","115.3564453125","4","4000","3000000","80000","104953","104953","0","2903","1336","276"
"890","ALIGN_HOLD","46044","22","120.849609375","1","1000","-3000000","80000","104954","104954","0","2903","1336","186"
"891","ALIGN_HOLD","46041","19","104.3701171875","-3","-3000","-4000000","80000","104955","104955","0","2903","1336","96"
"892","ALIGN_HOLD","46041","19","104.3701171875","0","0","3000000","80000","104956","104956","0","2903","1336","6"
"893","ALIGN_HOLD","46041","19","104.3701171875","0","0","0","80000","104957","104957","0","2903","1336","2071"
"894","ALIGN_HOLD","46041","19","104.3701171875","0","0","0","80000","104958","104958","0","2903","1336","1981"
"895","ALIGN_HOLD","46040","18","98.876953125","-1","-1000","-1000000","80000","104959","104959","0","2903","1336","1891"
"896","ALIGN_HOLD","46042","20","109.86328125","2","2000","3000000","80000","104960","104960","0","2903","1336","1801"
"897","ALIGN_HOLD","46041","19","104.3701171875","-1","-1000","-3000000","80000","104961","104961","0","2903","1336","1711"
"898","ALIGN_HOLD","46043","21","115.3564453125","2","2000","3000000","80000","104962","104962","0","2903","1336","1621"
"899","ALIGN_HOLD","46043","21","115.3564453125","0","0","-2000000","80000","104963","104963","0","2903","1336","1531"
"900","ALIGN_HOLD","46040","18","98.876953125","-3","-3000","-3000000","80000","104964","104964","0","2903","1336","1441"
"901","ALIGN_HOLD","46040","18","98.876953125","0","0","3000000","80000","104965","104965","0","2903","1336","1351"
"902","ALIGN_HOLD","46041","19","104.3701171875","1","1000","1000000","80000","104966","104966","0","2903","1336","1261"
"903","ALIGN_HOLD","46040","18","98.876953125","-1","-1000","-2000000","80000","104967","104967","0","2903","1336","1171"
"904","ALIGN_HOLD","46043","21","115.3564453125","3","3000","4000000","80000","104968","104968","0","2903","1336","1081"
"905","ALIGN_HOLD","46039","17","93.3837890625","-4","-4000","-7000000","80000","104969","104969","0","2903","1336","991"
"906","ALIGN_HOLD","46039","17","93.3837890625","0","0","4000000","80000","104970","104970","0","2903","1336","901"
"907","ALIGN_HOLD","46040","18","98.876953125","1","1000","1000000","80000","104971","104971","0","2903","1336","811"
"908","ALIGN_HOLD","46044","22","120.849609375","4","4000","3000000","80000","104972","104972","0","2903","1336","721"
"909","ALIGN_HOLD","46044","22","120.849609375","0","0","-4000000","80000","104973","104973","0","2903","1336","631"
"910","ALIGN_HOLD","46040","18","98.876953125","-4","-4000","-4000000","80000","104974","104974","0","2903","1336","541"
"911","ALIGN_HOLD","46044","22","120.849609375","4","4000","8000000","80000","104975","104975","0","2903","1336","451"
"912","ALIGN_HOLD","46039","17","93.3837890625","-5","-5000","-9000000","80000","104976","104976","0","2903","1336","361"
"913","ALIGN_HOLD","46037","15","82.3974609375","-2","-2000","3000000","80000","104977","104977","0","2903","1336","271"
"914","ALIGN_HOLD","46045","23","126.3427734375","8","8000","10000000","80000","104978","104978","0","2903","1336","181"
"915","ALIGN_HOLD","46038","16","87.890625","-7","-7000","-15000000","80000","104979","104979","0","2903","1336","91"
"916","ALIGN_HOLD","46040","18","98.876953125","2","2000","9000000","80000","104980","104980","0","2903","1336","1"
"917","ALIGN_HOLD","46041","19","104.3701171875","1","1000","-1000000","80000","104981","104981","0","2903","1336","2066"
"918","ALIGN_HOLD","46044","22","120.849609375","3","3000","2000000","80000","104982","104982","0","2903","1336","1976"
"919","ALIGN_HOLD","46042","20","109.86328125","-2","-2000","-5000000","80000","104983","104983","0","2903","1336","1886"
"920","ALIGN_HOLD","46042","20","109.86328125","0","0","2000000","80000","104984","104984","0","2903","1336","1796"
"921","ALIGN_HOLD","46041","19","104.3701171875","-1","-1000","-1000000","80000","104985","104985","0","2903","1336","1706"
"922","ALIGN_HOLD","46038","16","87.890625","-3","-3000","-2000000","80000","104986","104986","0","2903","1336","1616"
"923","ALIGN_HOLD","46043","21","115.3564453125","5","5000","8000000","80000","104987","104987","0","2903","1336","1526"
"924","ALIGN_HOLD","46039","17","93.3837890625","-4","-4000","-9000000","80000","104988","104988","0","2903","1336","1436"
"925","ALIGN_HOLD","46041","19","104.3701171875","2","2000","6000000","80000","104989","104989","0","2903","1336","1346"
"926","ALIGN_HOLD","46038","16","87.890625","-3","-3000","-5000000","80000","104990","104990","0","2903","1336","1256"
"927","ALIGN_HOLD","46044","22","120.849609375","6","6000","9000000","80000","104991","104991","0","2903","1336","1166"
"928","ALIGN_HOLD","46040","18","98.876953125","-4","-4000","-10000000","80000","104992","104992","0","2903","1336","1076"
"929","ALIGN_HOLD","46040","18","98.876953125","0","0","4000000","80000","104993","104993","0","2903","1336","986"
"930","ALIGN_HOLD","46039","17","93.3837890625","-1","-1000","-1000000","80000","104994","104994","0","2903","1336","896"
"931","ALIGN_HOLD","46040","18","98.876953125","1","1000","2000000","80000","104995","104995","0","2903","1336","806"
"932","ALIGN_HOLD","46043","21","115.3564453125","3","3000","2000000","80000","104996","104996","0","2903","1336","716"
"933","ALIGN_HOLD","46042","20","109.86328125","-1","-1000","-4000000","80000","104997","104997","0","2903","1336","626"
"934","ALIGN_HOLD","46043","21","115.3564453125","1","1000","2000000","80000","104998","104998","0","2903","1336","536"
"935","ALIGN_HOLD","46043","21","115.3564453125","0","0","-1000000","80000","104999","104999","0","2903","1336","446"
"936","ALIGN_HOLD","46042","20","109.86328125","-1","-1000","-1000000","80000","105000","105000","0","2903","1336","356"
"937","ALIGN_HOLD","46039","17","93.3837890625","-3","-3000","-2000000","80000","105001","105001","0","2903","1336","266"
"938","ALIGN_HOLD","46045","23","126.3427734375","6","6000","9000000","80000","105002","105002","0","2903","1336","176"
"939","ALIGN_HOLD","46038","16","87.890625","-7","-7000","-13000000","80000","105003","105003","0","2903","1336","86"
"940","ALIGN_HOLD","46041","19","104.3701171875","3","3000","10000000","80000","105004","105004","0","2903","1336","2151"
"941","ALIGN_HOLD","46040","18","98.876953125","-1","-1000","-4000000","80000","105005","105005","0","2903","1336","2061"
"942","ALIGN_HOLD","46043","21","115.3564453125","3","3000","4000000","80000","105006","105006","0","2903","1336","1971"
"943","ALIGN_HOLD","46041","19","104.3701171875","-2","-2000","-5000000","80000","105007","105007","0","2903","1336","1881"
"944","ALIGN_HOLD","46039","17","93.3837890625","-2","-2000","0","80000","105008","105008","0","2903","1336","1791"
"945","ALIGN_HOLD","46040","18","98.876953125","1","1000","3000000","80000","105009","105009","0","2903","1336","1701"
"946","ALIGN_HOLD","46043","21","115.3564453125","3","3000","2000000","80000","105010","105010","0","2903","1336","1611"
"947","ALIGN_HOLD","46041","19","104.3701171875","-2","-2000","-5000000","80000","105011","105011","0","2903","1336","1521"
"948","ALIGN_HOLD","46037","15","82.3974609375","-4","-4000","-2000000","80000","105012","105012","0","2903","1336","1431"
"949","ALIGN_HOLD","46042","20","109.86328125","5","5000","9000000","80000","105013","105013","0","2903","1336","1341"
"950","ALIGN_HOLD","46041","19","104.3701171875","-1","-1000","-6000000","80000","105014","105014","0","2903","1336","1251"
"951","ALIGN_HOLD","46042","20","109.86328125","1","1000","2000000","80000","105015","105015","0","2903","1336","1161"
"952","ALIGN_HOLD","46042","20","109.86328125","0","0","-1000000","80000","105016","105016","0","2903","1336","1071"
"953","ALIGN_HOLD","46041","19","104.3701171875","-1","-1000","-1000000","80000","105017","105017","0","2903","1336","981"
"954","ALIGN_HOLD","46042","20","109.86328125","1","1000","2000000","80000","105018","105018","0","2903","1336","891"
"955","ALIGN_HOLD","46041","19","104.3701171875","-1","-1000","-2000000","80000","105019","105019","0","2903","1336","801"
"956","ALIGN_HOLD","46042","20","109.86328125","1","1000","2000000","80000","105020","105020","0","2903","1336","711"
"957","ALIGN_HOLD","46040","18","98.876953125","-2","-2000","-3000000","80000","105021","105021","0","2903","1336","621"
"958","ALIGN_HOLD","46044","22","120.849609375","4","4000","6000000","80000","105022","105022","0","2903","1336","531"
"959","ALIGN_HOLD","46037","15","82.3974609375","-7","-7000","-11000000","80000","105023","105023","0","2903","1336","441"
"960","ALIGN_HOLD","46042","20","109.86328125","5","5000","12000000","80000","105024","105024","0","2903","1336","351"
"961","ALIGN_HOLD","46036","14","76.904296875","-6","-6000","-11000000","80000","105025","105025","0","2903","1336","261"
"962","ALIGN_HOLD","46043","21","115.3564453125","7","7000","13000000","80000","105026","105026","0","2903","1336","171"
"963","ALIGN_HOLD","46040","18","98.876953125","-3","-3000","-10000000","80000","105027","105027","0","2903","1336","81"
"964","ALIGN_HOLD","46039","17","93.3837890625","-1","-1000","2000000","80000","105028","105028","0","2903","1336","2146"
"965","ALIGN_HOLD","46042","20","109.86328125","3","3000","4000000","80000","105029","105029","0","2903","1336","2056"
"966","ALIGN_HOLD","46038","16","87.890625","-4","-4000","-7000000","80000","105030","105030","0","2903","1336","1966"
"967","ALIGN_HOLD","46043","21","115.3564453125","5","5000","9000000","80000","105031","105031","0","2903","1336","1876"
"968","ALIGN_HOLD","46039","17","93.3837890625","-4","-4000","-9000000","80000","105032","105032","0","2903","1336","1786"
"969","ALIGN_HOLD","46040","18","98.876953125","1","1000","5000000","80000","105033","105033","0","2903","1336","1696"
"970","ALIGN_HOLD","46038","16","87.890625","-2","-2000","-3000000","80000","105034","105034","0","2903","1336","1606"
"971","ALIGN_HOLD","46043","21","115.3564453125","5","5000","7000000","80000","105035","105035","0","2903","1336","1516"
"972","ALIGN_HOLD","46041","19","104.3701171875","-2","-2000","-7000000","80000","105036","105036","0","2903","1336","1426"
"973","ALIGN_HOLD","46039","17","93.3837890625","-2","-2000","0","80000","105037","105037","0","2903","1336","1336"
"974","ALIGN_HOLD","46038","16","87.890625","-1","-1000","1000000","80000","105038","105038","0","2903","1336","1246"
"975","ALIGN_HOLD","46038","16","87.890625","0","0","1000000","80000","105039","105039","0","2903","1336","1156"
"976","ALIGN_HOLD","46039","17","93.3837890625","1","1000","1000000","80000","105040","105040","0","2903","1336","1066"
"977","ALIGN_HOLD","46042","20","109.86328125","3","3000","2000000","80000","105041","105041","0","2903","1336","976"
"978","ALIGN_HOLD","46041","19","104.3701171875","-1","-1000","-4000000","80000","105042","105042","0","2903","1336","886"
"979","ALIGN_HOLD","46039","17","93.3837890625","-2","-2000","-1000000","80000","105043","105043","0","2903","1336","796"
"980","ALIGN_HOLD","46036","14","76.904296875","-3","-3000","-1000000","80000","105044","105044","0","2903","1336","706"
"981","ALIGN_HOLD","46041","19","104.3701171875","5","5000","8000000","80000","105045","105045","0","2903","1336","616"
"982","ALIGN_HOLD","46043","21","115.3564453125","2","2000","-3000000","80000","105046","105046","0","2903","1336","526"
"983","ALIGN_HOLD","46044","22","120.849609375","1","1000","-1000000","80000","105047","105047","0","2903","1336","436"
"984","ALIGN_HOLD","46041","19","104.3701171875","-3","-3000","-4000000","80000","105048","105048","0","2903","1336","346"
"985","ALIGN_HOLD","46042","20","109.86328125","1","1000","4000000","80000","105049","105049","0","2903","1336","256"
"986","ALIGN_HOLD","46041","19","104.3701171875","-1","-1000","-2000000","80000","105050","105050","0","2903","1336","166"
"987","ALIGN_HOLD","46042","20","109.86328125","1","1000","2000000","80000","105051","105051","0","2903","1336","76"
"988","ALIGN_HOLD","46041","19","104.3701171875","-1","-1000","-2000000","80000","105052","105052","0","2903","1336","2141"
"989","ALIGN_HOLD","46039","17","93.3837890625","-2","-2000","-1000000","80000","105053","105053","0","2903","1336","2051"
"990","ALIGN_HOLD","46042","20","109.86328125","3","3000","5000000","80000","105054","105054","0","2903","1336","1961"
"991","ALIGN_HOLD","46043","21","115.3564453125","1","1000","-2000000","80000","105055","105055","0","2903","1336","1871"
"992","ALIGN_HOLD","46041","19","104.3701171875","-2","-2000","-3000000","80000","105056","105056","0","2903","1336","1781"
"993","ALIGN_HOLD","46042","20","109.86328125","1","1000","3000000","80000","105057","105057","0","2903","1336","1691"
"994","ALIGN_HOLD","46044","22","120.849609375","2","2000","1000000","80000","105058","105058","0","2903","1336","1601"
"995","ALIGN_HOLD","46040","18","98.876953125","-4","-4000","-6000000","80000","105059","105059","0","2903","1336","1511"
"996","ALIGN_HOLD","46040","18","98.876953125","0","0","4000000","80000","105060","105060","0","2903","1336","1421"
"997","ALIGN_HOLD","46040","18","98.876953125","0","0","0","80000","105061","105061","0","2903","1336","1331"
"998","ALIGN_HOLD","46042","20","109.86328125","2","2000","2000000","80000","105062","105062","0","2903","1336","1241"
"999","ALIGN_HOLD","46044","22","120.849609375","2","2000","0","80000","105063","105063","0","2903","1336","1151"
"1000","ALIGN_HOLD","46042","20","109.86328125","-2","-2000","-4000000","80000","105064","105064","0","2903","1336","1127"
