"Seq","Phase","EncoderRaw","TravelRaw","TravelMilliDeg","DeltaRaw","VelocityRawPerSecond","AccelerationRawPerSecond2","PowerPpm","ScheduledTick","SampleTick","LatenessTicks","LoopCycles","SpiLatencyCycles","PwmCounterAtCs"
"0","ALIGN_RAMP","31581","2","10.986328125","2","2000","2000000","0","15810","15810","0","2897","1336","736"
"1","ALIGN_RAMP","31581","2","10.986328125","0","0","-2000000","160","15811","15811","0","2902","1336","2146"
"2","ALIGN_RAMP","31577","-2","-10.986328125","-4","-4000","-4000000","320","15812","15812","0","2902","1336","2056"
"3","ALIGN_RAMP","31577","-2","-10.986328125","0","0","4000000","480","15813","15813","0","2902","1336","1966"
"4","ALIGN_RAMP","31577","-2","-10.986328125","0","0","0","640","15814","15814","0","2902","1336","1876"
"5","ALIGN_RAMP","31576","-3","-16.4794921875","-1","-1000","-1000000","800","15815","15815","0","2902","1336","1786"
"6","ALIGN_RAMP","31578","-1","-5.4931640625","2","2000","3000000","960","15816","15816","0","2902","1336","1696"
"7","ALIGN_RAMP","31582","3","16.4794921875","4","4000","2000000","1120","15817","15817","0","2902","1336","1606"
"8","ALIGN_RAMP","31574","-5","-27.4658203125","-8","-8000","-12000000","1280","15818","15818","0","2902","1336","1516"
"9","ALIGN_RAMP","31580","1","5.4931640625","6","6000","14000000","1440","15819","15819","0","2902","1336","1426"
"10","ALIGN_RAMP","31576","-3","-16.4794921875","-4","-4000","-10000000","1600","15820","15820","0","2902","1336","1336"
"11","ALIGN_RAMP","31579","0","0","3","3000","7000000","1760","15821","15821","0","2902","1336","1246"
"12","ALIGN_RAMP","31577","-2","-10.986328125","-2","-2000","-5000000","1920","15822","15822","0","2902","1336","1156"
"13","ALIGN_RAMP","31580","1","5.4931640625","3","3000","5000000","2080","15823","15823","0","2902","1336","1066"
"14","ALIGN_RAMP","31578","-1","-5.4931640625","-2","-2000","-5000000","2240","15824","15824","0","2902","1336","976"
"15","ALIGN_RAMP","31577","-2","-10.986328125","-1","-1000","1000000","2400","15825","15825","0","2902","1336","886"
"16","ALIGN_RAMP","31580","1","5.4931640625","3","3000","4000000","2560","15826","15826","0","2902","1336","796"
"17","ALIGN_RAMP","31580","1","5.4931640625","0","0","-3000000","2720","15827","15827","0","2902","1336","706"
"18","ALIGN_RAMP","31580","1","5.4931640625","0","0","0","2880","15828","15828","0","2902","1336","616"
"19","ALIGN_RAMP","31577","-2","-10.986328125","-3","-3000","-3000000","3040","15829","15829","0","2902","1336","526"
"20","ALIGN_RAMP","31578","-1","-5.4931640625","1","1000","4000000","3200","15830","15830","0","2902","1336","436"
"21","ALIGN_RAMP","31578","-1","-5.4931640625","0","0","-1000000","3360","15831","15831","0","2902","1336","346"
"22","ALIGN_RAMP","31580","1","5.4931640625","2","2000","2000000","3520","15832","15832","0","2902","1336","256"
"23","ALIGN_RAMP","31574","-5","-27.4658203125","-6","-6000","-8000000","3680","15833","15833","0","2902","1336","166"
"24","ALIGN_RAMP","31577","-2","-10.986328125","3","3000","9000000","3840","15834","15834","0","2902","1336","76"
"25","ALIGN_RAMP","31578","-1","-5.4931640625","1","1000","-2000000","4000","15835","15835","0","2902","1336","2141"
"26","ALIGN_RAMP","31578","-1","-5.4931640625","0","0","-1000000","4160","15836","15836","0","2902","1336","2051"
"27","ALIGN_RAMP","31579","0","0","1","1000","1000000","4320","15837","15837","0","2902","1336","1961"
"28","ALIGN_RAMP","31581","2","10.986328125","2","2000","1000000","4480","15838","15838","0","2902","1336","1871"
"29","ALIGN_RAMP","31579","0","0","-2","-2000","-4000000","4640","15839","15839","0","2902","1336","1781"
"30","ALIGN_RAMP","31574","-5","-27.4658203125","-5","-5000","-3000000","4800","15840","15840","0","2902","1336","1691"
"31","ALIGN_RAMP","31576","-3","-16.4794921875","2","2000","7000000","4960","15841","15841","0","2902","1336","1601"
"32","ALIGN_RAMP","31578","-1","-5.4931640625","2","2000","0","5120","15842","15842","0","2902","1336","1511"
"33","ALIGN_RAMP","31579","0","0","1","1000","-1000000","5280","15843","15843","0","2902","1336","1421"
"34","ALIGN_RAMP","31579","0","0","0","0","-1000000","5440","15844","15844","0","2902","1336","1331"
"35","ALIGN_RAMP","31580","1","5.4931640625","1","1000","1000000","5600","15845","15845","0","2902","1336","1241"
"36","ALIGN_RAMP","31575","-4","-21.97265625","-5","-5000","-6000000","5760","15846","15846","0","2902","1336","1151"
"37","ALIGN_RAMP","31579","0","0","4","4000","9000000","5920","15847","15847","0","2902","1336","1061"
"38","ALIGN_RAMP","31578","-1","-5.4931640625","-1","-1000","-5000000","6080","15848","15848","0","2902","1336","971"
"39","ALIGN_RAMP","31574","-5","-27.4658203125","-4","-4000","-3000000","6240","15849","15849","0","2902","1336","881"
"40","ALIGN_RAMP","31580","1","5.4931640625","6","6000","10000000","6400","15850","15850","0","2902","1336","791"
"41","ALIGN_RAMP","31579","0","0","-1","-1000","-7000000","6560","15851","15851","0","2902","1336","701"
"42","ALIGN_RAMP","31580","1","5.4931640625","1","1000","2000000","6720","15852","15852","0","2902","1336","611"
"43","ALIGN_RAMP","31578","-1","-5.4931640625","-2","-2000","-3000000","6880","15853","15853","0","2902","1336","521"
"44","ALIGN_RAMP","31578","-1","-5.4931640625","0","0","2000000","7040","15854","15854","0","2902","1336","431"
"45","ALIGN_RAMP","31579","0","0","1","1000","1000000","7200","15855","15855","0","2902","1336","341"
"46","ALIGN_RAMP","31577","-2","-10.986328125","-2","-2000","-3000000","7360","15856","15856","0","2902","1336","251"
"47","ALIGN_RAMP","31578","-1","-5.4931640625","1","1000","3000000","7520","15857","15857","0","2902","1336","161"
"48","ALIGN_RAMP","31581","2","10.986328125","3","3000","2000000","7680","15858","15858","0","2902","1336","71"
"49","ALIGN_RAMP","31578","-1","-5.4931640625","-3","-3000","-6000000","7840","15859","15859","0","2902","1336","2136"
"50","ALIGN_RAMP","31580","1","5.4931640625","2","2000","5000000","8000","15860","15860","0","2902","1336","2046"
"51","ALIGN_RAMP","31580","1","5.4931640625","0","0","-2000000","8160","15861","15861","0","2902","1336","1956"
"52","ALIGN_RAMP","31578","-1","-5.4931640625","-2","-2000","-2000000","8320","15862","15862","0","2902","1336","1866"
"53","ALIGN_RAMP","31579","0","0","1","1000","3000000","8480","15863","15863","0","2902","1336","1776"
"54","ALIGN_RAMP","31579","0","0","0","0","-1000000","8640","15864","15864","0","2902","1336","1686"
"55","ALIGN_RAMP","31577","-2","-10.986328125","-2","-2000","-2000000","8800","15865","15865","0","2902","1336","1596"
"56","ALIGN_RAMP","31577","-2","-10.986328125","0","0","2000000","8960","15866","15866","0","2902","1336","1506"
"57","ALIGN_RAMP","31578","-1","-5.4931640625","1","1000","1000000","9120","15867","15867","0","2902","1336","1416"
"58","ALIGN_RAMP","31578","-1","-5.4931640625","0","0","-1000000","9280","15868","15868","0","2902","1336","1326"
"59","ALIGN_RAMP","31577","-2","-10.986328125","-1","-1000","-1000000","9440","15869","15869","0","2902","1336","1236"
"60","ALIGN_RAMP","31581","2","10.986328125","4","4000","5000000","9600","15870","15870","0","2902","1336","1146"
"61","ALIGN_RAMP","31581","2","10.986328125","0","0","-4000000","9760","15871","15871","0","2902","1336","1056"
"62","ALIGN_RAMP","31577","-2","-10.986328125","-4","-4000","-4000000","9920","15872","15872","0","2902","1336","966"
"63","ALIGN_RAMP","31576","-3","-16.4794921875","-1","-1000","3000000","10080","15873","15873","0","2902","1336","876"
"64","ALIGN_RAMP","31582","3","16.4794921875","6","6000","7000000","10240","15874","15874","0","2902","1336","786"
"65","ALIGN_RAMP","31579","0","0","-3","-3000","-9000000","10400","15875","15875","0","2902","1336","696"
"66","ALIGN_RAMP","31581","2","10.986328125","2","2000","5000000","10560","15876","15876","0","2902","1336","606"
"67","ALIGN_RAMP","31578","-1","-5.4931640625","-3","-3000","-5000000","10720","15877","15877","0","2902","1336","516"
"68","ALIGN_RAMP","31579","0","0","1","1000","4000000","10880","15878","15878","0","2902","1336","426"
"69","ALIGN_RAMP","31578","-1","-5.4931640625","-1","-1000","-2000000","11040","15879","15879","0","2902","1336","336"
"70","ALIGN_RAMP","31578","-1","-5.4931640625","0","0","1000000","11200","15880","15880","0","2902","1336","246"
"71","ALIGN_RAMP","31579","0","0","1","1000","1000000","11360","15881","15881","0","2902","1336","156"
"72","ALIGN_RAMP","31575","-4","-21.97265625","-4","-4000","-5000000","11520","15882","15882","0","2902","1336","66"
"73","ALIGN_RAMP","31576","-3","-16.4794921875","1","1000","5000000","11680","15883","15883","0","2902","1336","2131"
"74","ALIGN_RAMP","31573","-6","-32.958984375","-3","-3000","-4000000","11840","15884","15884","0","2902","1336","2041"
"75","ALIGN_RAMP","31580","1","5.4931640625","7","7000","10000000","12000","15885","15885","0","2902","1336","1951"
"76","ALIGN_RAMP","31578","-1","-5.4931640625","-2","-2000","-9000000","12160","15886","15886","0","2902","1336","1861"
"77","ALIGN_RAMP","31577","-2","-10.986328125","-1","-1000","1000000","12320","15887","15887","0","2902","1336","1771"
"78","ALIGN_RAMP","31581","2","10.986328125","4","4000","5000000","12480","15888","15888","0","2902","1336","1681"
"79","ALIGN_RAMP","31578","-1","-5.4931640625","-3","-3000","-7000000","12640","15889","15889","0","2902","1336","1591"
"80","ALIGN_RAMP","31577","-2","-10.986328125","-1","-1000","2000000","12800","15890","15890","0","2902","1336","1501"
"81","ALIGN_RAMP","31579","0","0","2","2000","3000000","12960","15891","15891","0","2902","1336","1411"
"82","ALIGN_RAMP","31580","1","5.4931640625","1","1000","-1000000","13120","15892","15892","0","2902","1336","1321"
"83","ALIGN_RAMP","31576","-3","-16.4794921875","-4","-4000","-5000000","13280","15893","15893","0","2902","1336","1231"
"84","ALIGN_RAMP","31578","-1","-5.4931640625","2","2000","6000000","13440","15894","15894","0","2902","1336","1141"
"85","ALIGN_RAMP","31575","-4","-21.97265625","-3","-3000","-5000000","13600","15895","15895","0","2902","1336","1051"
"86","ALIGN_RAMP","31578","-1","-5.4931640625","3","3000","6000000","13760","15896","15896","0","2902","1336","961"
"87","ALIGN_RAMP","31578","-1","-5.4931640625","0","0","-3000000","13920","15897","15897","0","2902","1336","871"
"88","ALIGN_RAMP","31580","1","5.4931640625","2","2000","2000000","14080","15898","15898","0","2902","1336","781"
"89","ALIGN_RAMP","31579","0","0","-1","-1000","-3000000","14240","15899","15899","0","2902","1336","691"
"90","ALIGN_RAMP","31579","0","0","0","0","1000000","14400","15900","15900","0","2902","1336","601"
"91","ALIGN_RAMP","31581","2","10.986328125","2","2000","2000000","14560","15901","15901","0","2902","1336","511"
"92","ALIGN_RAMP","31578","-1","-5.4931640625","-3","-3000","-5000000","14720","15902","15902","0","2902","1336","421"
"93","ALIGN_RAMP","31576","-3","-16.4794921875","-2","-2000","1000000","14880","15903","15903","0","2902","1336","331"
"94","ALIGN_RAMP","31578","-1","-5.4931640625","2","2000","4000000","15040","15904","15904","0","2902","1336","241"
"95","ALIGN_RAMP","31577","-2","-10.986328125","-1","-1000","-3000000","15200","15905","15905","0","2902","1336","151"
"96","ALIGN_RAMP","31576","-3","-16.4794921875","-1","-1000","0","15360","15906","15906","0","2902","1336","61"
"97","ALIGN_RAMP","31576","-3","-16.4794921875","0","0","1000000","15520","15907","15907","0","2902","1336","2126"
"98","ALIGN_RAMP","31577","-2","-10.986328125","1","1000","1000000","15680","15908","15908","0","2902","1336","2036"
"99","ALIGN_RAMP","31579","0","0","2","2000","1000000","15840","15909","15909","0","2902","1336","1946"
"100","ALIGN_RAMP","31580","1","5.4931640625","1","1000","-1000000","16000","15910","15910","0","2902","1336","1856"
"101","ALIGN_RAMP","31579","0","0","-1","-1000","-2000000","16160","15911","15911","0","2902","1336","1766"
"102","ALIGN_RAMP","31581","2","10.986328125","2","2000","3000000","16320","15912","15912","0","2902","1336","1676"
"103","ALIGN_RAMP","31575","-4","-21.97265625","-6","-6000","-8000000","16480","15913","15913","0","2902","1336","1586"
"104","ALIGN_RAMP","31575","-4","-21.97265625","0","0","6000000","16640","15914","15914","0","2902","1336","1496"
"105","ALIGN_RAMP","31580","1","5.4931640625","5","5000","5000000","16800","15915","15915","0","2902","1336","1406"
"106","ALIGN_RAMP","31580","1","5.4931640625","0","0","-5000000","16960","15916","15916","0","2902","1336","1316"
"107","ALIGN_RAMP","31577","-2","-10.986328125","-3","-3000","-3000000","17120","15917","15917","0","2902","1336","1226"
"108","ALIGN_RAMP","31578","-1","-5.4931640625","1","1000","4000000","17280","15918","15918","0","2902","1336","1136"
"109","ALIGN_RAMP","31581","2","10.986328125","3","3000","2000000","17440","15919","15919","0","2902","1336","1046"
"110","ALIGN_RAMP","31573","-6","-32.958984375","-8","-8000","-11000000","17600","15920","15920","0","2902","1336","956"
"111","ALIGN_RAMP","31577","-2","-10.986328125","4","4000","12000000","17760","15921","15921","0","2902","1336","866"
"112","ALIGN_RAMP","31575","-4","-21.97265625","-2","-2000","-6000000","17920","15922","15922","0","2902","1336","776"
"113","ALIGN_RAMP","31577","-2","-10.986328125","2","2000","4000000","18080","15923","15923","0","2902","1336","686"
"114","ALIGN_RAMP","31577","-2","-10.986328125","0","0","-2000000","18240","15924","15924","0","2902","1336","596"
"115","ALIGN_RAMP","31579","0","0","2","2000","2000000","18400","15925","15925","0","2902","1336","506"
"116","ALIGN_RAMP","31581","2","10.986328125","2","2000","0","18560","15926","15926","0","2902","1336","416"
"117","ALIGN_RAMP","31580","1","5.4931640625","-1","-1000","-3000000","18720","15927","15927","0","2902","1336","326"
"118","ALIGN_RAMP","31577","-2","-10.986328125","-3","-3000","-2000000","18880","15928","15928","0","2902","1336","236"
"119","ALIGN_RAMP","31578","-1","-5.4931640625","1","1000","4000000","19040","15929","15929","0","2902","1336","146"
"120","ALIGN_RAMP","31578","-1","-5.4931640625","0","0","-1000000","19200","15930","15930","0","2902","1336","56"
"121","ALIGN_RAMP","31577","-2","-10.986328125","-1","-1000","-1000000","19360","15931","15931","0","2902","1336","2121"
"122","ALIGN_RAMP","31576","-3","-16.4794921875","-1","-1000","0","19520","15932","15932","0","2902","1336","2031"
"123","ALIGN_RAMP","31576","-3","-16.4794921875","0","0","1000000","19680","15933","15933","0","2902","1336","1941"
"124","ALIGN_RAMP","31574","-5","-27.4658203125","-2","-2000","-2000000","19840","15934","15934","0","2902","1336","1851"
"125","ALIGN_RAMP","31575","-4","-21.97265625","1","1000","3000000","20000","15935","15935","0","2902","1336","1761"
"126","ALIGN_RAMP","31580","1","5.4931640625","5","5000","4000000","20160","15936","15936","0","2902","1336","1671"
"127","ALIGN_RAMP","31577","-2","-10.986328125","-3","-3000","-8000000","20320","15937","15937","0","2902","1336","1581"
"128","ALIGN_RAMP","31577","-2","-10.986328125","0","0","3000000","20480","15938","15938","0","2902","1336","1491"
"129","ALIGN_RAMP","31574","-5","-27.4658203125","-3","-3000","-3000000","20640","15939","15939","0","2902","1336","1401"
"130","ALIGN_RAMP","31573","-6","-32.958984375","-1","-1000","2000000","20800","15940","15940","0","2902","1336","1311"
"131","ALIGN_RAMP","31577","-2","-10.986328125","4","4000","5000000","20960","15941","15941","0","2902","1336","1221"
"132","ALIGN_RAMP","31574","-5","-27.4658203125","-3","-3000","-7000000","21120","15942","15942","0","2902","1336","1131"
"133","ALIGN_RAMP","31580","1","5.4931640625","6","6000","9000000","21280","15943","15943","0","2902","1336","1041"
"134","ALIGN_RAMP","31575","-4","-21.97265625","-5","-5000","-11000000","21440","15944","15944","0","2902","1336","951"
"135","ALIGN_RAMP","31573","-6","-32.958984375","-2","-2000","3000000","21600","15945","15945","0","2902","1336","861"
"136","ALIGN_RAMP","31578","-1","-5.4931640625","5","5000","7000000","21760","15946","15946","0","2902","1336","771"
"137","ALIGN_RAMP","31580","1","5.4931640625","2","2000","-3000000","21920","15947","15947","0","2902","1336","681"
"138","ALIGN_RAMP","31576","-3","-16.4794921875","-4","-4000","-6000000","22080","15948","15948","0","2902","1336","591"
"139","ALIGN_RAMP","31574","-5","-27.4658203125","-2","-2000","2000000","22240","15949","15949","0","2902","1336","501"
"140","ALIGN_RAMP","31573","-6","-32.958984375","-1","-1000","1000000","22400","15950","15950","0","2902","1336","411"
"141","ALIGN_RAMP","31577","-2","-10.986328125","4","4000","5000000","22560","15951","15951","0","2902","1336","321"
"142","ALIGN_RAMP","31574","-5","-27.4658203125","-3","-3000","-7000000","22720","15952","15952","0","2902","1336","231"
"143","ALIGN_RAMP","31574","-5","-27.4658203125","0","0","3000000","22880","15953","15953","0","2902","1336","141"
"144","ALIGN_RAMP","31571","-8","-43.9453125","-3","-3000","-3000000","23040","15954","15954","0","2902","1336","51"
"145","ALIGN_RAMP","31576","-3","-16.4794921875","5","5000","8000000","23200","15955","15955","0","2902","1336","2116"
"146","ALIGN_RAMP","31577","-2","-10.986328125","1","1000","-4000000","23360","15956","15956","0","2902","1336","2026"
"147","ALIGN_RAMP","31573","-6","-32.958984375","-4","-4000","-5000000","23520","15957","15957","0","2902","1336","1936"
"148","ALIGN_RAMP","31576","-3","-16.4794921875","3","3000","7000000","23680","15958","15958","0","2902","1336","1846"
"149","ALIGN_RAMP","31576","-3","-16.4794921875","0","0","-3000000","23840","15959","15959","0","2902","1336","1756"
"150","ALIGN_RAMP","31575","-4","-21.97265625","-1","-1000","-1000000","24000","15960","15960","0","2902","1336","1666"
"151","ALIGN_RAMP","31575","-4","-21.97265625","0","0","1000000","24160","15961","15961","0","2902","1336","1576"
"152","ALIGN_RAMP","31573","-6","-32.958984375","-2","-2000","-2000000","24320","15962","15962","0","2902","1336","1486"
"153","ALIGN_RAMP","31576","-3","-16.4794921875","3","3000","5000000","24480","15963","15963","0","2902","1336","1396"
"154","ALIGN_RAMP","31575","-4","-21.97265625","-1","-1000","-4000000","24640","15964","15964","0","2902","1336","1306"
"155","ALIGN_RAMP","31572","-7","-38.4521484375","-3","-3000","-2000000","24800","15965","15965","0","2902","1336","1216"
"156","ALIGN_RAMP","31573","-6","-32.958984375","1","1000","4000000","24960","15966","15966","0","2902","1336","1126"
"157","ALIGN_RAMP","31576","-3","-16.4794921875","3","3000","2000000","25120","15967","15967","0","2902","1336","1036"
"158","ALIGN_RAMP","31577","-2","-10.986328125","1","1000","-2000000","25280","15968","15968","0","2902","1336","946"
"159","ALIGN_RAMP","31575","-4","-21.97265625","-2","-2000","-3000000","25440","15969","15969","0","2902","1336","856"
"160","ALIGN_RAMP","31575","-4","-21.97265625","0","0","2000000","25600","15970","15970","0","2902","1336","766"
"161","ALIGN_RAMP","31571","-8","-43.9453125","-4","-4000","-4000000","25760","15971","15971","0","2902","1336","676"
"162","ALIGN_RAMP","31575","-4","-21.97265625","4","4000","8000000","25920","15972","15972","0","2902","1336","586"
"163","ALIGN_RAMP","31576","-3","-16.4794921875","1","1000","-3000000","26080","15973","15973","0","2902","1336","496"
"164","ALIGN_RAMP","31578","-1","-5.4931640625","2","2000","1000000","26240","15974","15974","0","2902","1336","406"
"165","ALIGN_RAMP","31578","-1","-5.4931640625","0","0","-2000000","26400","15975","15975","0","2902","1336","316"
"166","ALIGN_RAMP","31574","-5","-27.4658203125","-4","-4000","-4000000","26560","15976","15976","0","2902","1336","226"
"167","ALIGN_RAMP","31575","-4","-21.97265625","1","1000","5000000","26720","15977","15977","0","2902","1336","136"
"168","ALIGN_RAMP","31572","-7","-38.4521484375","-3","-3000","-4000000","26880","15978","15978","0","2902","1336","46"
"169","ALIGN_RAMP","31571","-8","-43.9453125","-1","-1000","2000000","27040","15979","15979","0","2902","1336","2111"
"170","ALIGN_RAMP","31575","-4","-21.97265625","4","4000","5000000","27200","15980","15980","0","2902","1336","2021"
"171","ALIGN_RAMP","31574","-5","-27.4658203125","-1","-1000","-5000000","27360","15981","15981","0","2902","1336","1931"
"172","ALIGN_RAMP","31573","-6","-32.958984375","-1","-1000","0","27520","15982","15982","0","2902","1336","1841"
"173","ALIGN_RAMP","31577","-2","-10.986328125","4","4000","5000000","27680","15983","15983","0","2902","1336","1751"
"174","ALIGN_RAMP","31570","-9","-49.4384765625","-7","-7000","-11000000","27840","15984","15984","0","2902","1336","1661"
"175","ALIGN_RAMP","31573","-6","-32.958984375","3","3000","10000000","28000","15985","15985","0","2902","1336","1571"
"176","ALIGN_RAMP","31572","-7","-38.4521484375","-1","-1000","-4000000","28160","15986","15986","0","2902","1336","1481"
"177","ALIGN_RAMP","31573","-6","-32.958984375","1","1000","2000000","28320","15987","15987","0","2902","1336","1391"
"178","ALIGN_RAMP","31573","-6","-32.958984375","0","0","-1000000","28480","15988","15988","0","2902","1336","1301"
"179","ALIGN_RAMP","31574","-5","-27.4658203125","1","1000","1000000","28640","15989","15989","0","2902","1336","1211"
"180","ALIGN_RAMP","31571","-8","-43.9453125","-3","-3000","-4000000","28800","15990","15990","0","2902","1336","1121"
"181","ALIGN_RAMP","31573","-6","-32.958984375","2","2000","5000000","28960","15991","15991","0","2902","1336","1031"
"182","ALIGN_RAMP","31569","-10","-54.931640625","-4","-4000","-6000000","29120","15992","15992","0","2902","1336","941"
"183","ALIGN_RAMP","31570","-9","-49.4384765625","1","1000","5000000","29280","15993","15993","0","2902","1336","851"
"184","ALIGN_RAMP","31575","-4","-21.97265625","5","5000","4000000","29440","15994","15994","0","2902","1336","761"
"185","ALIGN_RAMP","31573","-6","-32.958984375","-2","-2000","-7000000","29600","15995","15995","0","2902","1336","671"
"186","ALIGN_RAMP","31574","-5","-27.4658203125","1","1000","3000000","29760","15996","15996","0","2902","1336","581"
"187","ALIGN_RAMP","31572","-7","-38.4521484375","-2","-2000","-3000000","29920","15997","15997","0","2902","1336","491"
"188","ALIGN_RAMP","31569","-10","-54.931640625","-3","-3000","-1000000","30080","15998","15998","0","2902","1336","401"
"189","ALIGN_RAMP","31570","-9","-49.4384765625","1","1000","4000000","30240","15999","15999","0","2902","1336","311"
"190","ALIGN_RAMP","31574","-5","-27.4658203125","4","4000","3000000","30400","16000","16000","0","2902","1336","221"
"191","ALIGN_RAMP","31574","-5","-27.4658203125","0","0","-4000000","30560","16001","16001","0","2902","1336","131"
"192","ALIGN_RAMP","31572","-7","-38.4521484375","-2","-2000","-2000000","30720","16002","16002","0","2902","1336","41"
"193","ALIGN_RAMP","31572","-7","-38.4521484375","0","0","2000000","30880","16003","16003","0","2902","1336","2106"
"194","ALIGN_RAMP","31571","-8","-43.9453125","-1","-1000","-1000000","31040","16004","16004","0","2902","1336","2016"
"195","ALIGN_RAMP","31570","-9","-49.4384765625","-1","-1000","0","31200","16005","16005","0","2902","1336","1926"
"196","ALIGN_RAMP","31574","-5","-27.4658203125","4","4000","5000000","31360","16006","16006","0","2902","1336","1836"
"197","ALIGN_RAMP","31572","-7","-38.4521484375","-2","-2000","-6000000","31520","16007","16007","0","2902","1336","1746"
"198","ALIGN_RAMP","31573","-6","-32.958984375","1","1000","3000000","31680","16008","16008","0","2902","1336","1656"
"199","ALIGN_RAMP","31571","-8","-43.9453125","-2","-2000","-3000000","31840","16009","16009","0","2902","1336","1566"
"200","ALIGN_RAMP","31568","-11","-60.4248046875","-3","-3000","-1000000","32000","16010","16010","0","2902","1336","1542"
"201","ALIGN_RAMP","31570","-9","-49.4384765625","2","2000","5000000","32160","16011","16011","0","2902","1336","1386"
"202","ALIGN_RAMP","31571","-8","-43.9453125","1","1000","-1000000","32320","16012","16012","0","2902","1336","1296"
"203","ALIGN_RAMP","31571","-8","-43.9453125","0","0","-1000000","32480","16013","16013","0","2902","1336","1206"
"204","ALIGN_RAMP","31571","-8","-43.9453125","0","0","0","32640","16014","16014","0","2902","1336","1116"
"205","ALIGN_RAMP","31572","-7","-38.4521484375","1","1000","1000000","32800","16015","16015","0","2902","1336","1026"
"206","ALIGN_RAMP","31572","-7","-38.4521484375","0","0","-1000000","32960","16016","16016","0","2902","1336","936"
"207","ALIGN_RAMP","31571","-8","-43.9453125","-1","-1000","-1000000","33120","16017","16017","0","2902","1336","846"
"208","ALIGN_RAMP","31568","-11","-60.4248046875","-3","-3000","-2000000","33280","16018","16018","0","2902","1336","756"
"209","ALIGN_RAMP","31571","-8","-43.9453125","3","3000","6000000","33440","16019","16019","0","2902","1336","666"
"210","ALIGN_RAMP","31569","-10","-54.931640625","-2","-2000","-5000000","33600","16020","16020","0","2902","1336","576"
"211","ALIGN_RAMP","31568","-11","-60.4248046875","-1","-1000","1000000","33760","16021","16021","0","2902","1336","486"
"212","ALIGN_RAMP","31571","-8","-43.9453125","3","3000","4000000","33920","16022","16022","0","2902","1336","396"
"213","ALIGN_RAMP","31567","-12","-65.91796875","-4","-4000","-7000000","34080","16023","16023","0","2902","1336","306"
"214","ALIGN_RAMP","31570","-9","-49.4384765625","3","3000","7000000","34240","16024","16024","0","2902","1336","216"
"215","ALIGN_RAMP","31566","-13","-71.4111328125","-4","-4000","-7000000","34400","16025","16025","0","2902","1336","126"
"216","ALIGN_RAMP","31569","-10","-54.931640625","3","3000","7000000","34560","16026","16026","0","2902","1336","36"
"217","ALIGN_RAMP","31567","-12","-65.91796875","-2","-2000","-5000000","34720","16027","16027","0","2902","1336","2101"
"218","ALIGN_RAMP","31566","-13","-71.4111328125","-1","-1000","1000000","34880","16028","16028","0","2902","1336","2011"
"219","ALIGN_RAMP","31567","-12","-65.91796875","1","1000","2000000","35040","16029","16029","0","2902","1336","1921"
"220","ALIGN_RAMP","31564","-15","-82.3974609375","-3","-3000","-4000000","35200","16030","16030","0","2902","1336","1831"
"221","ALIGN_RAMP","31566","-13","-71.4111328125","2","2000","5000000","35360","16031","16031","0","2902","1336","1741"
"222","ALIGN_RAMP","31567","-12","-65.91796875","1","1000","-1000000","35520","16032","16032","0","2902","1336","1651"
"223","ALIGN_RAMP","31567","-12","-65.91796875","0","0","-1000000","35680","16033","16033","0","2902","1336","1561"
"224","ALIGN_RAMP","31563","-16","-87.890625","-4","-4000","-4000000","35840","16034","16034","0","2902","1336","1471"
"225","ALIGN_RAMP","31565","-14","-76.904296875","2","2000","6000000","36000","16035","16035","0","2902","1336","1381"
"226","ALIGN_RAMP","31560","-19","-104.3701171875","-5","-5000","-7000000","36160","16036","16036","0","2902","1336","1291"
"227","ALIGN_RAMP","31564","-15","-82.3974609375","4","4000","9000000","36320","16037","16037","0","2902","1336","1201"
"228","ALIGN_RAMP","31563","-16","-87.890625","-1","-1000","-5000000","36480","16038","16038","0","2902","1336","1111"
"229","ALIGN_RAMP","31564","-15","-82.3974609375","1","1000","2000000","36640","16039","16039","0","2902","1336","1021"
"230","ALIGN_RAMP","31563","-16","-87.890625","-1","-1000","-2000000","36800","16040","16040","0","2902","1336","931"
"231","ALIGN_RAMP","31560","-19","-104.3701171875","-3","-3000","-2000000","36960","16041","16041","0","2902","1336","841"
"232","ALIGN_RAMP","31557","-22","-120.849609375","-3","-3000","0","37120","16042","16042","0","2902","1336","751"
"233","ALIGN_RAMP","31561","-18","-98.876953125","4","4000","7000000","37280","16043","16043","0","2902","1336","661"
"234","ALIGN_RAMP","31563","-16","-87.890625","2","2000","-2000000","37440","16044","16044","0","2902","1336","571"
"235","ALIGN_RAMP","31558","-21","-115.3564453125","-5","-5000","-7000000","37600","16045","16045","0","2902","1336","481"
"236","ALIGN_RAMP","31558","-21","-115.3564453125","0","0","5000000","37760","16046","16046","0","2902","1336","391"
"237","ALIGN_RAMP","31560","-19","-104.3701171875","2","2000","2000000","37920","16047","16047","0","2902","1336","301"
"238","ALIGN_RAMP","31560","-19","-104.3701171875","0","0","-2000000","38080","16048","16048","0","2902","1336","211"
"239","ALIGN_RAMP","31555","-24","-131.8359375","-5","-5000","-5000000","38240","16049","16049","0","2902","1336","121"
"240","ALIGN_RAMP","31560","-19","-104.3701171875","5","5000","10000000","38400","16050","16050","0","2902","1336","31"
"241","ALIGN_RAMP","31558","-21","-115.3564453125","-2","-2000","-7000000","38560","16051","16051","0","2902","1336","2096"
"242","ALIGN_RAMP","31556","-23","-126.3427734375","-2","-2000","0","38720","16052","16052","0","2902","1336","2006"
"243","ALIGN_RAMP","31554","-25","-137.3291015625","-2","-2000","0","38880","16053","16053","0","2902","1336","1916"
"244","ALIGN_RAMP","31557","-22","-120.849609375","3","3000","5000000","39040","16054","16054","0","2902","1336","1826"
"245","ALIGN_RAMP","31553","-26","-142.822265625","-4","-4000","-7000000","39200","16055","16055","0","2902","1336","1736"
"246","ALIGN_RAMP","31554","-25","-137.3291015625","1","1000","5000000","39360","16056","16056","0","2902","1336","1646"
"247","ALIGN_RAMP","31550","-29","-159.3017578125","-4","-4000","-5000000","39520","16057","16057","0","2902","1336","1556"
"248","ALIGN_RAMP","31553","-26","-142.822265625","3","3000","7000000","39680","16058","16058","0","2902","1336","1466"
"249","ALIGN_RAMP","31555","-24","-131.8359375","2","2000","-1000000","39840","16059","16059","0","2902","1336","1376"
"250","ALIGN_RAMP","31550","-29","-159.3017578125","-5","-5000","-7000000","40000","16060","16060","0","2902","1336","1286"
"251","ALIGN_RAMP","31550","-29","-159.3017578125","0","0","5000000","40160","16061","16061","0","2902","1336","1196"
"252","ALIGN_RAMP","31552","-27","-148.3154296875","2","2000","2000000","40320","16062","16062","0","2902","1336","1106"
"253","ALIGN_RAMP","31554","-25","-137.3291015625","2","2000","0","40480","16063","16063","0","2902","1336","1016"
"254","ALIGN_RAMP","31553","-26","-142.822265625","-1","-1000","-3000000","40640","16064","16064","0","2902","1336","926"
"255","ALIGN_RAMP","31547","-32","-175.78125","-6","-6000","-5000000","40800","16065","16065","0","2902","1336","836"
"256","ALIGN_RAMP","31552","-27","-148.3154296875","5","5000","11000000","40960","16066","16066","0","2902","1336","746"
"257","ALIGN_RAMP","31549","-30","-164.794921875","-3","-3000","-8000000","41120","16067","16067","0","2902","1336","656"
"258","ALIGN_RAMP","31548","-31","-170.2880859375","-1","-1000","2000000","41280","16068","16068","0","2902","1336","566"
"259","ALIGN_RAMP","31553","-26","-142.822265625","5","5000","6000000","41440","16069","16069","0","2902","1336","476"
"260","ALIGN_RAMP","31547","-32","-175.78125","-6","-6000","-11000000","41600","16070","16070","0","2902","1336","386"
"261","ALIGN_RAMP","31548","-31","-170.2880859375","1","1000","7000000","41760","16071","16071","0","2902","1336","296"
"262","ALIGN_RAMP","31549","-30","-164.794921875","1","1000","0","41920","16072","16072","0","2902","1336","206"
"263","ALIGN_RAMP","31545","-34","-186.767578125","-4","-4000","-5000000","42080","16073","16073","0","2902","1336","116"
"264","ALIGN_RAMP","31546","-33","-181.2744140625","1","1000","5000000","42240","16074","16074","0","2902","1336","26"
"265","ALIGN_RAMP","31543","-36","-197.75390625","-3","-3000","-4000000","42400","16075","16075","0","2902","1336","2091"
"266","ALIGN_RAMP","31547","-32","-175.78125","4","4000","7000000","42560","16076","16076","0","2902","1336","2001"
"267","ALIGN_RAMP","31545","-34","-186.767578125","-2","-2000","-6000000","42720","16077","16077","0","2902","1336","1911"
"268","ALIGN_RAMP","31545","-34","-186.767578125","0","0","2000000","42880","16078","16078","0","2902","1336","1821"
"269","ALIGN_RAMP","31544","-35","-192.2607421875","-1","-1000","-1000000","43040","16079","16079","0","2902","1336","1731"
"270","ALIGN_RAMP","31545","-34","-186.767578125","1","1000","2000000","43200","16080","16080","0","2902","1336","1641"
"271","ALIGN_RAMP","31541","-38","-208.740234375","-4","-4000","-5000000","43360","16081","16081","0","2902","1336","1551"
"272","ALIGN_RAMP","31547","-32","-175.78125","6","6000","10000000","43520","16082","16082","0","2902","1336","1461"
"273","ALIGN_RAMP","31546","-33","-181.2744140625","-1","-1000","-7000000","43680","16083","16083","0","2902","1336","1371"
"274","ALIGN_RAMP","31544","-35","-192.2607421875","-2","-2000","-1000000","43840","16084","16084","0","2902","1336","1281"
"275","ALIGN_RAMP","31543","-36","-197.75390625","-1","-1000","1000000","44000","16085","16085","0","2902","1336","1191"
"276","ALIGN_RAMP","31541","-38","-208.740234375","-2","-2000","-1000000","44160","16086","16086","0","2902","1336","1101"
"277","ALIGN_RAMP","31540","-39","-214.2333984375","-1","-1000","1000000","44320","16087","16087","0","2902","1336","1011"
"278","ALIGN_RAMP","31538","-41","-225.2197265625","-2","-2000","-1000000","44480","16088","16088","0","2902","1336","921"
"279","ALIGN_RAMP","31540","-39","-214.2333984375","2","2000","4000000","44640","16089","16089","0","2902","1336","831"
"280","ALIGN_RAMP","31542","-37","-203.2470703125","2","2000","0","44800","16090","16090","0","2902","1336","741"
"281","ALIGN_RAMP","31537","-42","-230.712890625","-5","-5000","-7000000","44960","16091","16091","0","2902","1336","651"
"282","ALIGN_RAMP","31538","-41","-225.2197265625","1","1000","6000000","45120","16092","16092","0","2902","1336","561"
"283","ALIGN_RAMP","31540","-39","-214.2333984375","2","2000","1000000","45280","16093","16093","0","2902","1336","471"
"284","ALIGN_RAMP","31537","-42","-230.712890625","-3","-3000","-5000000","45440","16094","16094","0","2902","1336","381"
"285","ALIGN_RAMP","31533","-46","-252.685546875","-4","-4000","-1000000","45600","16095","16095","0","2902","1336","291"
"286","ALIGN_RAMP","31539","-40","-219.7265625","6","6000","10000000","45760","16096","16096","0","2902","1336","201"
"287","ALIGN_RAMP","31536","-43","-236.2060546875","-3","-3000","-9000000","45920","16097","16097","0","2902","1336","111"
"288","ALIGN_RAMP","31540","-39","-214.2333984375","4","4000","7000000","46080","16098","16098","0","2902","1336","21"
"289","ALIGN_RAMP","31536","-43","-236.2060546875","-4","-4000","-8000000","46240","16099","16099","0","2902","1336","2086"
"290","ALIGN_RAMP","31538","-41","-225.2197265625","2","2000","6000000","46400","16100","16100","0","2902","1336","1996"
"291","ALIGN_RAMP","31533","-46","-252.685546875","-5","-5000","-7000000","46560","16101","16101","0","2902","1336","1906"
"292","ALIGN_RAMP","31535","-44","-241.69921875","2","2000","7000000","46720","16102","16102","0","2902","1336","1816"
"293","ALIGN_RAMP","31532","-47","-258.1787109375","-3","-3000","-5000000","46880","16103","16103","0","2902","1336","1726"
"294","ALIGN_RAMP","31531","-48","-263.671875","-1","-1000","2000000","47040","16104","16104","0","2902","1336","1636"
"295","ALIGN_RAMP","31533","-46","-252.685546875","2","2000","3000000","47200","16105","16105","0","2902","1336","1546"
"296","ALIGN_RAMP","31532","-47","-258.1787109375","-1","-1000","-3000000","47360","16106","16106","0","2902","1336","1456"
"297","ALIGN_RAMP","31532","-47","-258.1787109375","0","0","1000000","47520","16107","16107","0","2902","1336","1366"
"298","ALIGN_RAMP","31531","-48","-263.671875","-1","-1000","-1000000","47680","16108","16108","0","2902","1336","1276"
"299","ALIGN_RAMP","31531","-48","-263.671875","0","0","1000000","47840","16109","16109","0","2902","1336","1186"
"300","ALIGN_RAMP","31532","-47","-258.1787109375","1","1000","1000000","48000","16110","16110","0","2902","1336","1096"
"301","ALIGN_RAMP","31530","-49","-269.1650390625","-2","-2000","-3000000","48160","16111","16111","0","2902","1336","1006"
"302","ALIGN_RAMP","31529","-50","-274.658203125","-1","-1000","1000000","48320","16112","16112","0","2902","1336","916"
"303","ALIGN_RAMP","31529","-50","-274.658203125","0","0","1000000","48480","16113","16113","0","2902","1336","826"
"304","ALIGN_RAMP","31528","-51","-280.1513671875","-1","-1000","-1000000","48640","16114","16114","0","2902","1336","736"
"305","ALIGN_RAMP","31529","-50","-274.658203125","1","1000","2000000","48800","16115","16115","0","2902","1336","646"
"306","ALIGN_RAMP","31530","-49","-269.1650390625","1","1000","0","48960","16116","16116","0","2902","1336","556"
"307","ALIGN_RAMP","31528","-51","-280.1513671875","-2","-2000","-3000000","49120","16117","16117","0","2902","1336","466"
"308","ALIGN_RAMP","31527","-52","-285.64453125","-1","-1000","1000000","49280","16118","16118","0","2902","1336","376"
"309","ALIGN_RAMP","31529","-50","-274.658203125","2","2000","3000000","49440","16119","16119","0","2902","1336","286"
"310","ALIGN_RAMP","31527","-52","-285.64453125","-2","-2000","-4000000","49600","16120","16120","0","2902","1336","196"
"311","ALIGN_RAMP","31523","-56","-307.6171875","-4","-4000","-2000000","49760","16121","16121","0","2902","1336","106"
"312","ALIGN_RAMP","31521","-58","-318.603515625","-2","-2000","2000000","49920","16122","16122","0","2902","1336","16"
"313","ALIGN_RAMP","31526","-53","-291.1376953125","5","5000","7000000","50080","16123","16123","0","2902","1336","2081"
"314","ALIGN_RAMP","31526","-53","-291.1376953125","0","0","-5000000","50240","16124","16124","0","2902","1336","1991"
"315","ALIGN_RAMP","31523","-56","-307.6171875","-3","-3000","-3000000","50400","16125","16125","0","2902","1336","1901"
"316","ALIGN_RAMP","31521","-58","-318.603515625","-2","-2000","1000000","50560","16126","16126","0","2902","1336","1811"
"317","ALIGN_RAMP","31524","-55","-302.1240234375","3","3000","5000000","50720","16127","16127","0","2902","1336","1721"
"318","ALIGN_RAMP","31522","-57","-313.1103515625","-2","-2000","-5000000","50880","16128","16128","0","2902","1336","1631"
"319","ALIGN_RAMP","31527","-52","-285.64453125","5","5000","7000000","51040","16129","16129","0","2902","1336","1541"
"320","ALIGN_RAMP","31522","-57","-313.1103515625","-5","-5000","-10000000","51200","16130","16130","0","2902","1336","1451"
"321","ALIGN_RAMP","31522","-57","-313.1103515625","0","0","5000000","51360","16131","16131","0","2902","1336","1361"
"322","ALIGN_RAMP","31520","-59","-324.0966796875","-2","-2000","-2000000","51520","16132","16132","0","2902","1336","1271"
"323","ALIGN_RAMP","31524","-55","-302.1240234375","4","4000","6000000","51680","16133","16133","0","2902","1336","1181"
"324","ALIGN_RAMP","31517","-62","-340.576171875","-7","-7000","-11000000","51840","16134","16134","0","2902","1336","1091"
"325","ALIGN_RAMP","31518","-61","-335.0830078125","1","1000","8000000","52000","16135","16135","0","2902","1336","1001"
"326","ALIGN_RAMP","31519","-60","-329.58984375","1","1000","0","52160","16136","16136","0","2902","1336","911"
"327","ALIGN_RAMP","31523","-56","-307.6171875","4","4000","3000000","52320","16137","16137","0","2902","1336","821"
"328","ALIGN_RAMP","31520","-59","-324.0966796875","-3","-3000","-7000000","52480","16138","16138","0","2902","1336","731"
"329","ALIGN_RAMP","31521","-58","-318.603515625","1","1000","4000000","52640","16139","16139","0","2902","1336","641"
"330","ALIGN_RAMP","31516","-63","-346.0693359375","-5","-5000","-6000000","52800","16140","16140","0","2902","1336","551"
"331","ALIGN_RAMP","31517","-62","-340.576171875","1","1000","6000000","52960","16141","16141","0","2902","1336","461"
"332","ALIGN_RAMP","31517","-62","-340.576171875","0","0","-1000000","53120","16142","16142","0","2902","1336","371"
"333","ALIGN_RAMP","31520","-59","-324.0966796875","3","3000","3000000","53280","16143","16143","0","2902","1336","281"
"334","ALIGN_RAMP","31521","-58","-318.603515625","1","1000","-2000000","53440","16144","16144","0","2902","1336","191"
"335","ALIGN_RAMP","31517","-62","-340.576171875","-4","-4000","-5000000","53600","16145","16145","0","2902","1336","101"
"336","ALIGN_RAMP","31516","-63","-346.0693359375","-1","-1000","3000000","53760","16146","16146","0","2902","1336","11"
"337","ALIGN_RAMP","31515","-64","-351.5625","-1","-1000","0","53920","16147","16147","0","2902","1336","2076"
"338","ALIGN_RAMP","31515","-64","-351.5625","0","0","1000000","54080","16148","16148","0","2902","1336","1986"
"339","ALIGN_RAMP","31515","-64","-351.5625","0","0","0","54240","16149","16149","0","2902","1336","1896"
"340","ALIGN_RAMP","31517","-62","-340.576171875","2","2000","2000000","54400","16150","16150","0","2902","1336","1806"
"341","ALIGN_RAMP","31516","-63","-346.0693359375","-1","-1000","-3000000","54560","16151","16151","0","2902","1336","1716"
"342","ALIGN_RAMP","31512","-67","-368.0419921875","-4","-4000","-3000000","54720","16152","16152","0","2902","1336","1626"
"343","ALIGN_RAMP","31514","-65","-357.0556640625","2","2000","6000000","54880","16153","16153","0","2902","1336","1536"
"344","ALIGN_RAMP","31511","-68","-373.53515625","-3","-3000","-5000000","55040","16154","16154","0","2902","1336","1446"
"345","ALIGN_RAMP","31511","-68","-373.53515625","0","0","3000000","55200","16155","16155","0","2902","1336","1356"
"346","ALIGN_RAMP","31512","-67","-368.0419921875","1","1000","1000000","55360","16156","16156","0","2902","1336","1266"
"347","ALIGN_RAMP","31510","-69","-379.0283203125","-2","-2000","-3000000","55520","16157","16157","0","2902","1336","1176"
"348","ALIGN_RAMP","31509","-70","-384.521484375","-1","-1000","1000000","55680","16158","16158","0","2902","1336","1086"
"349","ALIGN_RAMP","31508","-71","-390.0146484375","-1","-1000","0","55840","16159","16159","0","2902","1336","996"
"350","ALIGN_RAMP","31511","-68","-373.53515625","3","3000","4000000","56000","16160","16160","0","2902","1336","906"
"351","ALIGN_RAMP","31509","-70","-384.521484375","-2","-2000","-5000000","56160","16161","16161","0","2902","1336","816"
"352","ALIGN_RAMP","31511","-68","-373.53515625","2","2000","4000000","56320","16162","16162","0","2902","1336","726"
"353","ALIGN_RAMP","31510","-69","-379.0283203125","-1","-1000","-3000000","56480","16163","16163","0","2902","1336","636"
"354","ALIGN_RAMP","31509","-70","-384.521484375","-1","-1000","0","56640","16164","16164","0","2902","1336","546"
"355","ALIGN_RAMP","31506","-73","-401.0009765625","-3","-3000","-2000000","56800","16165","16165","0","2902","1336","456"
"356","ALIGN_RAMP","31504","-75","-411.9873046875","-2","-2000","1000000","56960","16166","16166","0","2902","1336","366"
"357","ALIGN_RAMP","31502","-77","-422.9736328125","-2","-2000","0","57120","16167","16167","0","2902","1336","276"
"358","ALIGN_RAMP","31504","-75","-411.9873046875","2","2000","4000000","57280","16168","16168","0","2902","1336","186"
"359","ALIGN_RAMP","31502","-77","-422.9736328125","-2","-2000","-4000000","57440","16169","16169","0","2902","1336","96"
"360","ALIGN_RAMP","31501","-78","-428.466796875","-1","-1000","1000000","57600","16170","16170","0","2902","1336","6"
"361","ALIGN_RAMP","31501","-78","-428.466796875","0","0","1000000","57760","16171","16171","0","2902","1336","2071"
"362","ALIGN_RAMP","31501","-78","-428.466796875","0","0","0","57920","16172","16172","0","2902","1336","1981"
"363","ALIGN_RAMP","31502","-77","-422.9736328125","1","1000","1000000","58080","16173","16173","0","2902","1336","1891"
"364","ALIGN_RAMP","31497","-82","-450.439453125","-5","-5000","-6000000","58240","16174","16174","0","2902","1336","1801"
"365","ALIGN_RAMP","31500","-79","-433.9599609375","3","3000","8000000","58400","16175","16175","0","2902","1336","1711"
"366","ALIGN_RAMP","31496","-83","-455.9326171875","-4","-4000","-7000000","58560","16176","16176","0","2902","1336","1621"
"367","ALIGN_RAMP","31500","-79","-433.9599609375","4","4000","8000000","58720","16177","16177","0","2902","1336","1531"
"368","ALIGN_RAMP","31498","-81","-444.9462890625","-2","-2000","-6000000","58880","16178","16178","0","2902","1336","1441"
"369","ALIGN_RAMP","31497","-82","-450.439453125","-1","-1000","1000000","59040","16179","16179","0","2902","1336","1351"
"370","ALIGN_RAMP","31494","-85","-466.9189453125","-3","-3000","-2000000","59200","16180","16180","0","2902","1336","1261"
"371","ALIGN_RAMP","31496","-83","-455.9326171875","2","2000","5000000","59360","16181","16181","0","2902","1336","1171"
"372","ALIGN_RAMP","31494","-85","-466.9189453125","-2","-2000","-4000000","59520","16182","16182","0","2902","1336","1081"
"373","ALIGN_RAMP","31497","-82","-450.439453125","3","3000","5000000","59680","16183","16183","0","2902","1336","991"
"374","ALIGN_RAMP","31492","-87","-477.9052734375","-5","-5000","-8000000","59840","16184","16184","0","2902","1336","901"
"375","ALIGN_RAMP","31491","-88","-483.3984375","-1","-1000","4000000","60000","16185","16185","0","2902","1336","811"
"376","ALIGN_RAMP","31491","-88","-483.3984375","0","0","1000000","60160","16186","16186","0","2902","1336","721"
"377","ALIGN_RAMP","31488","-91","-499.8779296875","-3","-3000","-3000000","60320","16187","16187","0","2902","1336","631"
"378","ALIGN_RAMP","31494","-85","-466.9189453125","6","6000","9000000","60480","16188","16188","0","2902","1336","541"
"379","ALIGN_RAMP","31491","-88","-483.3984375","-3","-3000","-9000000","60640","16189","16189","0","2902","1336","451"
"380","ALIGN_RAMP","31491","-88","-483.3984375","0","0","3000000","60800","16190","16190","0","2902","1336","361"
"381","ALIGN_RAMP","31493","-86","-472.412109375","2","2000","2000000","60960","16191","16191","0","2902","1336","271"
"382","ALIGN_RAMP","31489","-90","-494.384765625","-4","-4000","-6000000","61120","16192","16192","0","2902","1336","181"
"383","ALIGN_RAMP","31489","-90","-494.384765625","0","0","4000000","61280","16193","16193","0","2902","1336","91"
"384","ALIGN_RAMP","31487","-92","-505.37109375","-2","-2000","-2000000","61440","16194","16194","0","2902","1336","1"
"385","ALIGN_RAMP","31488","-91","-499.8779296875","1","1000","3000000","61600","16195","16195","0","2902","1336","2066"
"386","ALIGN_RAMP","31485","-94","-516.357421875","-3","-3000","-4000000","61760","16196","16196","0","2902","1336","1976"
"387","ALIGN_RAMP","31489","-90","-494.384765625","4","4000","7000000","61920","16197","16197","0","2902","1336","1886"
"388","ALIGN_RAMP","31490","-89","-488.8916015625","1","1000","-3000000","62080","16198","16198","0","2902","1336","1796"
"389","ALIGN_RAMP","31484","-95","-521.8505859375","-6","-6000","-7000000","62240","16199","16199","0","2902","1336","1706"
"390","ALIGN_RAMP","31485","-94","-516.357421875","1","1000","7000000","62400","16200","16200","0","2902","1336","1616"
"391","ALIGN_RAMP","31484","-95","-521.8505859375","-1","-1000","-2000000","62560","16201","16201","0","2902","1336","1526"
"392","ALIGN_RAMP","31484","-95","-521.8505859375","0","0","1000000","62720","16202","16202","0","2902","1336","1436"
"393","ALIGN_RAMP","31482","-97","-532.8369140625","-2","-2000","-2000000","62880","16203","16203","0","2902","1336","1346"
"394","ALIGN_RAMP","31480","-99","-543.8232421875","-2","-2000","0","63040","16204","16204","0","2902","1336","1256"
"395","ALIGN_RAMP","31481","-98","-538.330078125","1","1000","3000000","63200","16205","16205","0","2902","1336","1166"
"396","ALIGN_RAMP","31482","-97","-532.8369140625","1","1000","0","63360","16206","16206","0","2902","1336","1076"
"397","ALIGN_RAMP","31481","-98","-538.330078125","-1","-1000","-2000000","63520","16207","16207","0","2902","1336","986"
"398","ALIGN_RAMP","31482","-97","-532.8369140625","1","1000","2000000","63680","16208","16208","0","2902","1336","896"
"399","ALIGN_RAMP","31479","-100","-549.31640625","-3","-3000","-4000000","63840","16209","16209","0","2902","1336","806"
"400","ALIGN_RAMP","31477","-102","-560.302734375","-2","-2000","1000000","64000","16210","16210","0","2902","1336","782"
"401","ALIGN_RAMP","31474","-105","-576.7822265625","-3","-3000","-1000000","64160","16211","16211","0","2902","1336","626"
"402","ALIGN_RAMP","31478","-101","-554.8095703125","4","4000","7000000","64320","16212","16212","0","2902","1336","536"
"403","ALIGN_RAMP","31477","-102","-560.302734375","-1","-1000","-5000000","64480","16213","16213","0","2902","1336","446"
"404","ALIGN_RAMP","31476","-103","-565.7958984375","-1","-1000","0","64640","16214","16214","0","2902","1336","356"
"405","ALIGN_RAMP","31476","-103","-565.7958984375","0","0","1000000","64800","16215","16215","0","2902","1336","266"
"406","ALIGN_RAMP","31470","-109","-598.7548828125","-6","-6000","-6000000","64960","16216","16216","0","2902","1336","176"
"407","ALIGN_RAMP","31477","-102","-560.302734375","7","7000","13000000","65120","16217","16217","0","2902","1336","86"
"408","ALIGN_RAMP","31468","-111","-609.7412109375","-9","-9000","-16000000","65280","16218","16218","0","2902","1336","2151"
"409","ALIGN_RAMP","31475","-104","-571.2890625","7","7000","16000000","65440","16219","16219","0","2902","1336","2061"
"410","ALIGN_RAMP","31469","-110","-604.248046875","-6","-6000","-13000000","65600","16220","16220","0","2902","1336","1971"
"411","ALIGN_RAMP","31473","-106","-582.275390625","4","4000","10000000","65760","16221","16221","0","2902","1336","1881"
"412","ALIGN_RAMP","31471","-108","-593.26171875","-2","-2000","-6000000","65920","16222","16222","0","2902","1336","1791"
"413","ALIGN_RAMP","31469","-110","-604.248046875","-2","-2000","0","66080","16223","16223","0","2902","1336","1701"
"414","ALIGN_RAMP","31467","-112","-615.234375","-2","-2000","0","66240","16224","16224","0","2902","1336","1611"
"415","ALIGN_RAMP","31468","-111","-609.7412109375","1","1000","3000000","66400","16225","16225","0","2902","1336","1521"
"416","ALIGN_RAMP","31469","-110","-604.248046875","1","1000","0","66560","16226","16226","0","2902","1336","1431"
"417","ALIGN_RAMP","31468","-111","-609.7412109375","-1","-1000","-2000000","66720","16227","16227","0","2902","1336","1341"
"418","ALIGN_RAMP","31467","-112","-615.234375","-1","-1000","0","66880","16228","16228","0","2902","1336","1251"
"419","ALIGN_RAMP","31465","-114","-626.220703125","-2","-2000","-1000000","67040","16229","16229","0","2902","1336","1161"
"420","ALIGN_RAMP","31467","-112","-615.234375","2","2000","4000000","67200","16230","16230","0","2902","1336","1071"
"421","ALIGN_RAMP","31466","-113","-620.7275390625","-1","-1000","-3000000","67360","16231","16231","0","2902","1336","981"
"422","ALIGN_RAMP","31466","-113","-620.7275390625","0","0","1000000","67520","16232","16232","0","2902","1336","891"
"423","ALIGN_RAMP","31464","-115","-631.7138671875","-2","-2000","-2000000","67680","16233","16233","0","2902","1336","801"
"424","ALIGN_RAMP","31465","-114","-626.220703125","1","1000","3000000","67840","16234","16234","0","2902","1336","711"
"425","ALIGN_RAMP","31471","-108","-593.26171875","6","6000","5000000","68000","16235","16235","0","2902","1336","621"
"426","ALIGN_RAMP","31466","-113","-620.7275390625","-5","-5000","-11000000","68160","16236","16236","0","2902","1336","531"
"427","ALIGN_RAMP","31464","-115","-631.7138671875","-2","-2000","3000000","68320","16237","16237","0","2902","1336","441"
"428","ALIGN_RAMP","31463","-116","-637.20703125","-1","-1000","1000000","68480","16238","16238","0","2902","1336","351"
"429","ALIGN_RAMP","31466","-113","-620.7275390625","3","3000","4000000","68640","16239","16239","0","2902","1336","261"
"430","ALIGN_RAMP","31467","-112","-615.234375","1","1000","-2000000","68800","16240","16240","0","2902","1336","171"
"431","ALIGN_RAMP","31464","-115","-631.7138671875","-3","-3000","-4000000","68960","16241","16241","0","2902","1336","81"
"432","ALIGN_RAMP","31461","-118","-648.193359375","-3","-3000","0","69120","16242","16242","0","2902","1336","2146"
"433","ALIGN_RAMP","31466","-113","-620.7275390625","5","5000","8000000","69280","16243","16243","0","2902","1336","2056"
"434","ALIGN_RAMP","31464","-115","-631.7138671875","-2","-2000","-7000000","69440","16244","16244","0","2902","1336","1966"
"435","ALIGN_RAMP","31464","-115","-631.7138671875","0","0","2000000","69600","16245","16245","0","2902","1336","1876"
"436","ALIGN_RAMP","31465","-114","-626.220703125","1","1000","1000000","69760","16246","16246","0","2902","1336","1786"
"437","ALIGN_RAMP","31460","-119","-653.6865234375","-5","-5000","-6000000","69920","16247","16247","0","2902","1336","1696"
"438","ALIGN_RAMP","31459","-120","-659.1796875","-1","-1000","4000000","70080","16248","16248","0","2902","1336","1606"
"439","ALIGN_RAMP","31460","-119","-653.6865234375","1","1000","2000000","70240","16249","16249","0","2902","1336","1516"
"440","ALIGN_RAMP","31458","-121","-664.6728515625","-2","-2000","-3000000","70400","16250","16250","0","2902","1336","1426"
"441","ALIGN_RAMP","31459","-120","-659.1796875","1","1000","3000000","70560","16251","16251","0","2902","1336","1336"
"442","ALIGN_RAMP","31459","-120","-659.1796875","0","0","-1000000","70720","16252","16252","0","2902","1336","1246"
"443","ALIGN_RAMP","31460","-119","-653.6865234375","1","1000","1000000","70880","16253","16253","0","2902","1336","1156"
"444","ALIGN_RAMP","31454","-125","-686.6455078125","-6","-6000","-7000000","71040","16254","16254","0","2902","1336","1066"
"445","ALIGN_RAMP","31456","-123","-675.6591796875","2","2000","8000000","71200","16255","16255","0","2902","1336","976"
"446","ALIGN_RAMP","31460","-119","-653.6865234375","4","4000","2000000","71360","16256","16256","0","2902","1336","886"
"447","ALIGN_RAMP","31459","-120","-659.1796875","-1","-1000","-5000000","71520","16257","16257","0","2902","1336","796"
"448","ALIGN_RAMP","31458","-121","-664.6728515625","-1","-1000","0","71680","16258","16258","0","2902","1336","706"
"449","ALIGN_RAMP","31455","-124","-681.15234375","-3","-3000","-2000000","71840","16259","16259","0","2902","1336","616"
"450","ALIGN_RAMP","31455","-124","-681.15234375","0","0","3000000","72000","16260","16260","0","2902","1336","526"
"451","ALIGN_RAMP","31454","-125","-686.6455078125","-1","-1000","-1000000","72160","16261","16261","0","2902","1336","436"
"452","ALIGN_RAMP","31456","-123","-675.6591796875","2","2000","3000000","72320","16262","16262","0","2902","1336","346"
"453","ALIGN_RAMP","31455","-124","-681.15234375","-1","-1000","-3000000","72480","16263","16263","0","2902","1336","256"
"454","ALIGN_RAMP","31451","-128","-703.125","-4","-4000","-3000000","72640","16264","16264","0","2902","1336","166"
"455","ALIGN_RAMP","31449","-130","-714.111328125","-2","-2000","2000000","72800","16265","16265","0","2902","1336","76"
"456","ALIGN_RAMP","31449","-130","-714.111328125","0","0","2000000","72960","16266","16266","0","2902","1336","2141"
"457","ALIGN_RAMP","31450","-129","-708.6181640625","1","1000","1000000","73120","16267","16267","0","2902","1336","2051"
"458","ALIGN_RAMP","31449","-130","-714.111328125","-1","-1000","-2000000","73280","16268","16268","0","2902","1336","1961"
"459","ALIGN_RAMP","31448","-131","-719.6044921875","-1","-1000","0","73440","16269","16269","0","2902","1336","1871"
"460","ALIGN_RAMP","31448","-131","-719.6044921875","0","0","1000000","73600","16270","16270","0","2902","1336","1781"
"461","ALIGN_RAMP","31446","-133","-730.5908203125","-2","-2000","-2000000","73760","16271","16271","0","2902","1336","1691"
"462","ALIGN_RAMP","31447","-132","-725.09765625","1","1000","3000000","73920","16272","16272","0","2902","1336","1601"
"463","ALIGN_RAMP","31447","-132","-725.09765625","0","0","-1000000","74080","16273","16273","0","2902","1336","1511"
"464","ALIGN_RAMP","31444","-135","-741.5771484375","-3","-3000","-3000000","74240","16274","16274","0","2902","1336","1421"
"465","ALIGN_RAMP","31443","-136","-747.0703125","-1","-1000","2000000","74400","16275","16275","0","2902","1336","1331"
"466","ALIGN_RAMP","31446","-133","-730.5908203125","3","3000","4000000","74560","16276","16276","0","2902","1336","1241"
"467","ALIGN_RAMP","31441","-138","-758.056640625","-5","-5000","-8000000","74720","16277","16277","0","2902","1336","1151"
"468","ALIGN_RAMP","31443","-136","-747.0703125","2","2000","7000000","74880","16278","16278","0","2902","1336","1061"
"469","ALIGN_RAMP","31444","-135","-741.5771484375","1","1000","-1000000","75040","16279","16279","0","2902","1336","971"
"470","ALIGN_RAMP","31441","-138","-758.056640625","-3","-3000","-4000000","75200","16280","16280","0","2902","1336","881"
"471","ALIGN_RAMP","31442","-137","-752.5634765625","1","1000","4000000","75360","16281","16281","0","2902","1336","791"
"472","ALIGN_RAMP","31440","-139","-763.5498046875","-2","-2000","-3000000","75520","16282","16282","0","2902","1336","701"
"473","ALIGN_RAMP","31439","-140","-769.04296875","-1","-1000","1000000","75680","16283","16283","0","2902","1336","611"
"474","ALIGN_RAMP","31440","-139","-763.5498046875","1","1000","2000000","75840","16284","16284","0","2902","1336","521"
"475","ALIGN_RAMP","31439","-140","-769.04296875","-1","-1000","-2000000","76000","16285","16285","0","2902","1336","431"
"476","ALIGN_RAMP","31438","-141","-774.5361328125","-1","-1000","0","76160","16286","16286","0","2902","1336","341"
"477","ALIGN_RAMP","31437","-142","-780.029296875","-1","-1000","0","76320","16287","16287","0","2902","1336","251"
"478","ALIGN_RAMP","31440","-139","-763.5498046875","3","3000","4000000","76480","16288","16288","0","2902","1336","161"
"479","ALIGN_RAMP","31438","-141","-774.5361328125","-2","-2000","-5000000","76640","16289","16289","0","2902","1336","71"
"480","ALIGN_RAMP","31437","-142","-780.029296875","-1","-1000","1000000","76800","16290","16290","0","2902","1336","2136"
"481","ALIGN_RAMP","31437","-142","-780.029296875","0","0","1000000","76960","16291","16291","0","2902","1336","2046"
"482","ALIGN_RAMP","31435","-144","-791.015625","-2","-2000","-2000000","77120","16292","16292","0","2902","1336","1956"
"483","ALIGN_RAMP","31436","-143","-785.5224609375","1","1000","3000000","77280","16293","16293","0","2902","1336","1866"
"484","ALIGN_RAMP","31431","-148","-812.98828125","-5","-5000","-6000000","77440","16294","16294","0","2902","1336","1776"
"485","ALIGN_RAMP","31432","-147","-807.4951171875","1","1000","6000000","77600","16295","16295","0","2902","1336","1686"
"486","ALIGN_RAMP","31434","-145","-796.5087890625","2","2000","1000000","77760","16296","16296","0","2902","1336","1596"
"487","ALIGN_RAMP","31433","-146","-802.001953125","-1","-1000","-3000000","77920","16297","16297","0","2902","1336","1506"
"488","ALIGN_RAMP","31431","-148","-812.98828125","-2","-2000","-1000000","78080","16298","16298","0","2902","1336","1416"
"489","ALIGN_RAMP","31431","-148","-812.98828125","0","0","2000000","78240","16299","16299","0","2902","1336","1326"
"490","ALIGN_RAMP","31436","-143","-785.5224609375","5","5000","5000000","78400","16300","16300","0","2902","1336","1236"
"491","ALIGN_RAMP","31430","-149","-818.4814453125","-6","-6000","-11000000","78560","16301","16301","0","2902","1336","1146"
"492","ALIGN_RAMP","31429","-150","-823.974609375","-1","-1000","5000000","78720","16302","16302","0","2902","1336","1056"
"493","ALIGN_RAMP","31432","-147","-807.4951171875","3","3000","4000000","78880","16303","16303","0","2902","1336","966"
"494","ALIGN_RAMP","31429","-150","-823.974609375","-3","-3000","-6000000","79040","16304","16304","0","2902","1336","876"
"495","ALIGN_RAMP","31430","-149","-818.4814453125","1","1000","4000000","79200","16305","16305","0","2902","1336","786"
"496","ALIGN_RAMP","31428","-151","-829.4677734375","-2","-2000","-3000000","79360","16306","16306","0","2902","1336","696"
"497","ALIGN_RAMP","31426","-153","-840.4541015625","-2","-2000","0","79520","16307","16307","0","2902","1336","606"
"498","ALIGN_RAMP","31425","-154","-845.947265625","-1","-1000","1000000","79680","16308","16308","0","2902","1336","516"
"499","ALIGN_RAMP","31423","-156","-856.93359375","-2","-2000","-1000000","79840","16309","16309","0","2902","1336","426"
"500","ALIGN_RAMP","31431","-148","-812.98828125","8","8000","10000000","80000","16310","16310","0","2903","1336","336"
"501","ALIGN_HOLD","31427","-152","-834.9609375","-4","-4000","-12000000","80000","16311","16311","0","2903","1336","246"
"502","ALIGN_HOLD","31426","-153","-840.4541015625","-1","-1000","3000000","80000","16312","16312","0","2903","1336","156"
"503","ALIGN_HOLD","31425","-154","-845.947265625","-1","-1000","0","80000","16313","16313","0","2903","1336","66"
"504","ALIGN_HOLD","31425","-154","-845.947265625","0","0","1000000","80000","16314","16314","0","2903","1336","2131"
"505","ALIGN_HOLD","31423","-156","-856.93359375","-2","-2000","-2000000","80000","16315","16315","0","2903","1336","2041"
"506","ALIGN_HOLD","31424","-155","-851.4404296875","1","1000","3000000","80000","16316","16316","0","2903","1336","1951"
"507","ALIGN_HOLD","31428","-151","-829.4677734375","4","4000","3000000","80000","16317","16317","0","2903","1336","1861"
"508","ALIGN_HOLD","31422","-157","-862.4267578125","-6","-6000","-10000000","80000","16318","16318","0","2903","1336","1771"
"509","ALIGN_HOLD","31427","-152","-834.9609375","5","5000","11000000","80000","16319","16319","0","2903","1336","1681"
"510","ALIGN_HOLD","31421","-158","-867.919921875","-6","-6000","-11000000","80000","16320","16320","0","2903","1336","1591"
"511","ALIGN_HOLD","31420","-159","-873.4130859375","-1","-1000","5000000","80000","16321","16321","0","2903","1336","1501"
"512","ALIGN_HOLD","31423","-156","-856.93359375","3","3000","4000000","80000","16322","16322","0","2903","1336","1411"
"513","ALIGN_HOLD","31429","-150","-823.974609375","6","6000","3000000","80000","16323","16323","0","2903","1336","1321"
"514","ALIGN_HOLD","31424","-155","-851.4404296875","-5","-5000","-11000000","80000","16324","16324","0","2903","1336","1231"
"515","ALIGN_HOLD","31425","-154","-845.947265625","1","1000","6000000","80000","16325","16325","0","2903","1336","1141"
"516","ALIGN_HOLD","31425","-154","-845.947265625","0","0","-1000000","80000","16326","16326","0","2903","1336","1051"
"517","ALIGN_HOLD","31423","-156","-856.93359375","-2","-2000","-2000000","80000","16327","16327","0","2903","1336","961"
"518","ALIGN_HOLD","31422","-157","-862.4267578125","-1","-1000","1000000","80000","16328","16328","0","2903","1336","871"
"519","ALIGN_HOLD","31426","-153","-840.4541015625","4","4000","5000000","80000","16329","16329","0","2903","1336","781"
"520","ALIGN_HOLD","31425","-154","-845.947265625","-1","-1000","-5000000","80000","16330","16330","0","2903","1336","691"
"521","ALIGN_HOLD","31423","-156","-856.93359375","-2","-2000","-1000000","80000","16331","16331","0","2903","1336","601"
"522","ALIGN_HOLD","31423","-156","-856.93359375","0","0","2000000","80000","16332","16332","0","2903","1336","511"
"523","ALIGN_HOLD","31424","-155","-851.4404296875","1","1000","1000000","80000","16333","16333","0","2903","1336","421"
"524","ALIGN_HOLD","31420","-159","-873.4130859375","-4","-4000","-5000000","80000","16334","16334","0","2903","1336","331"
"525","ALIGN_HOLD","31419","-160","-878.90625","-1","-1000","3000000","80000","16335","16335","0","2903","1336","241"
"526","ALIGN_HOLD","31424","-155","-851.4404296875","5","5000","6000000","80000","16336","16336","0","2903","1336","151"
"527","ALIGN_HOLD","31424","-155","-851.4404296875","0","0","-5000000","80000","16337","16337","0","2903","1336","61"
"528","ALIGN_HOLD","31425","-154","-845.947265625","1","1000","1000000","80000","16338","16338","0","2903","1336","2126"
"529","ALIGN_HOLD","31423","-156","-856.93359375","-2","-2000","-3000000","80000","16339","16339","0","2903","1336","2036"
"530","ALIGN_HOLD","31423","-156","-856.93359375","0","0","2000000","80000","16340","16340","0","2903","1336","1946"
"531","ALIGN_HOLD","31424","-155","-851.4404296875","1","1000","1000000","80000","16341","16341","0","2903","1336","1856"
"532","ALIGN_HOLD","31422","-157","-862.4267578125","-2","-2000","-3000000","80000","16342","16342","0","2903","1336","1766"
"533","ALIGN_HOLD","31420","-159","-873.4130859375","-2","-2000","0","80000","16343","16343","0","2903","1336","1676"
"534","ALIGN_HOLD","31423","-156","-856.93359375","3","3000","5000000","80000","16344","16344","0","2903","1336","1586"
"535","ALIGN_HOLD","31425","-154","-845.947265625","2","2000","-1000000","80000","16345","16345","0","2903","1336","1496"
"536","ALIGN_HOLD","31418","-161","-884.3994140625","-7","-7000","-9000000","80000","16346","16346","0","2903","1336","1406"
"537","ALIGN_HOLD","31424","-155","-851.4404296875","6","6000","13000000","80000","16347","16347","0","2903","1336","1316"
"538","ALIGN_HOLD","31419","-160","-878.90625","-5","-5000","-11000000","80000","16348","16348","0","2903","1336","1226"
"539","ALIGN_HOLD","31424","-155","-851.4404296875","5","5000","10000000","80000","16349","16349","0","2903","1336","1136"
"540","ALIGN_HOLD","31418","-161","-884.3994140625","-6","-6000","-11000000","80000","16350","16350","0","2903","1336","1046"
"541","ALIGN_HOLD","31425","-154","-845.947265625","7","7000","13000000","80000","16351","16351","0","2903","1336","956"
"542","ALIGN_HOLD","31422","-157","-862.4267578125","-3","-3000","-10000000","80000","16352","16352","0","2903","1336","866"
"543","ALIGN_HOLD","31422","-157","-862.4267578125","0","0","3000000","80000","16353","16353","0","2903","1336","776"
"544","ALIGN_HOLD","31421","-158","-867.919921875","-1","-1000","-1000000","80000","16354","16354","0","2903","1336","686"
"545","ALIGN_HOLD","31422","-157","-862.4267578125","1","1000","2000000","80000","16355","16355","0","2903","1336","596"
"546","ALIGN_HOLD","31420","-159","-873.4130859375","-2","-2000","-3000000","80000","16356","16356","0","2903","1336","506"
"547","ALIGN_HOLD","31424","-155","-851.4404296875","4","4000","6000000","80000","16357","16357","0","2903","1336","416"
"548","ALIGN_HOLD","31420","-159","-873.4130859375","-4","-4000","-8000000","80000","16358","16358","0","2903","1336","326"
"549","ALIGN_HOLD","31425","-154","-845.947265625","5","5000","9000000","80000","16359","16359","0","2903","1336","236"
"550","ALIGN_HOLD","31421","-158","-867.919921875","-4","-4000","-9000000","80000","16360","16360","0","2903","1336","146"
"551","ALIGN_HOLD","31423","-156","-856.93359375","2","2000","6000000","80000","16361","16361","0","2903","1336","56"
"552","ALIGN_HOLD","31424","-155","-851.4404296875","1","1000","-1000000","80000","16362","16362","0","2903","1336","2121"
"553","ALIGN_HOLD","31426","-153","-840.4541015625","2","2000","1000000","80000","16363","16363","0","2903","1336","2031"
"554","ALIGN_HOLD","31422","-157","-862.4267578125","-4","-4000","-6000000","80000","16364","16364","0","2903","1336","1941"
"555","ALIGN_HOLD","31420","-159","-873.4130859375","-2","-2000","2000000","80000","16365","16365","0","2903","1336","1851"
"556","ALIGN_HOLD","31422","-157","-862.4267578125","2","2000","4000000","80000","16366","16366","0","2903","1336","1761"
"557","ALIGN_HOLD","31425","-154","-845.947265625","3","3000","1000000","80000","16367","16367","0","2903","1336","1671"
"558","ALIGN_HOLD","31422","-157","-862.4267578125","-3","-3000","-6000000","80000","16368","16368","0","2903","1336","1581"
"559","ALIGN_HOLD","31418","-161","-884.3994140625","-4","-4000","-1000000","80000","16369","16369","0","2903","1336","1491"
"560","ALIGN_HOLD","31421","-158","-867.919921875","3","3000","7000000","80000","16370","16370","0","2903","1336","1401"
"561","ALIGN_HOLD","31419","-160","-878.90625","-2","-2000","-5000000","80000","16371","16371","0","2903","1336","1311"
"562","ALIGN_HOLD","31424","-155","-851.4404296875","5","5000","7000000","80000","16372","16372","0","2903","1336","1221"
"563","ALIGN_HOLD","31422","-157","-862.4267578125","-2","-2000","-7000000","80000","16373","16373","0","2903","1336","1131"
"564","ALIGN_HOLD","31423","-156","-856.93359375","1","1000","3000000","80000","16374","16374","0","2903","1336","1041"
"565","ALIGN_HOLD","31422","-157","-862.4267578125","-1","-1000","-2000000","80000","16375","16375","0","2903","1336","951"
"566","ALIGN_HOLD","31421","-158","-867.919921875","-1","-1000","0","80000","16376","16376","0","2903","1336","861"
"567","ALIGN_HOLD","31423","-156","-856.93359375","2","2000","3000000","80000","16377","16377","0","2903","1336","771"
"568","ALIGN_HOLD","31426","-153","-840.4541015625","3","3000","1000000","80000","16378","16378","0","2903","1336","681"
"569","ALIGN_HOLD","31423","-156","-856.93359375","-3","-3000","-6000000","80000","16379","16379","0","2903","1336","591"
"570","ALIGN_HOLD","31420","-159","-873.4130859375","-3","-3000","0","80000","16380","16380","0","2903","1336","501"
"571","ALIGN_HOLD","31418","-161","-884.3994140625","-2","-2000","1000000","80000","16381","16381","0","2903","1336","411"
"572","ALIGN_HOLD","31422","-157","-862.4267578125","4","4000","6000000","80000","16382","16382","0","2903","1336","321"
"573","ALIGN_HOLD","31421","-158","-867.919921875","-1","-1000","-5000000","80000","16383","16383","0","2903","1336","231"
"574","ALIGN_HOLD","31420","-159","-873.4130859375","-1","-1000","0","80000","16384","16384","0","2903","1336","141"
"575","ALIGN_HOLD","31420","-159","-873.4130859375","0","0","1000000","80000","16385","16385","0","2903","1336","51"
"576","ALIGN_HOLD","31417","-162","-889.892578125","-3","-3000","-3000000","80000","16386","16386","0","2903","1336","2116"
"577","ALIGN_HOLD","31419","-160","-878.90625","2","2000","5000000","80000","16387","16387","0","2903","1336","2026"
"578","ALIGN_HOLD","31423","-156","-856.93359375","4","4000","2000000","80000","16388","16388","0","2903","1336","1936"
"579","ALIGN_HOLD","31422","-157","-862.4267578125","-1","-1000","-5000000","80000","16389","16389","0","2903","1336","1846"
"580","ALIGN_HOLD","31419","-160","-878.90625","-3","-3000","-2000000","80000","16390","16390","0","2903","1336","1756"
"581","ALIGN_HOLD","31420","-159","-873.4130859375","1","1000","4000000","80000","16391","16391","0","2903","1336","1666"
"582","ALIGN_HOLD","31420","-159","-873.4130859375","0","0","-1000000","80000","16392","16392","0","2903","1336","1576"
"583","ALIGN_HOLD","31419","-160","-878.90625","-1","-1000","-1000000","80000","16393","16393","0","2903","1336","1486"
"584","ALIGN_HOLD","31419","-160","-878.90625","0","0","1000000","80000","16394","16394","0","2903","1336","1396"
"585","ALIGN_HOLD","31421","-158","-867.919921875","2","2000","2000000","80000","16395","16395","0","2903","1336","1306"
"586","ALIGN_HOLD","31421","-158","-867.919921875","0","0","-2000000","80000","16396","16396","0","2903","1336","1216"
"587","ALIGN_HOLD","31420","-159","-873.4130859375","-1","-1000","-1000000","80000","16397","16397","0","2903","1336","1126"
"588","ALIGN_HOLD","31419","-160","-878.90625","-1","-1000","0","80000","16398","16398","0","2903","1336","1036"
"589","ALIGN_HOLD","31419","-160","-878.90625","0","0","1000000","80000","16399","16399","0","2903","1336","946"
"590","ALIGN_HOLD","31421","-158","-867.919921875","2","2000","2000000","80000","16400","16400","0","2903","1336","856"
"591","ALIGN_HOLD","31421","-158","-867.919921875","0","0","-2000000","80000","16401","16401","0","2903","1336","766"
"592","ALIGN_HOLD","31423","-156","-856.93359375","2","2000","2000000","80000","16402","16402","0","2903","1336","676"
"593","ALIGN_HOLD","31420","-159","-873.4130859375","-3","-3000","-5000000","80000","16403","16403","0","2903","1336","586"
"594","ALIGN_HOLD","31422","-157","-862.4267578125","2","2000","5000000","80000","16404","16404","0","2903","1336","496"
"595","ALIGN_HOLD","31421","-158","-867.919921875","-1","-1000","-3000000","80000","16405","16405","0","2903","1336","406"
"596","ALIGN_HOLD","31422","-157","-862.4267578125","1","1000","2000000","80000","16406","16406","0","2903","1336","316"
"597","ALIGN_HOLD","31419","-160","-878.90625","-3","-3000","-4000000","80000","16407","16407","0","2903","1336","226"
"598","ALIGN_HOLD","31423","-156","-856.93359375","4","4000","7000000","80000","16408","16408","0","2903","1336","136"
"599","ALIGN_HOLD","31419","-160","-878.90625","-4","-4000","-8000000","80000","16409","16409","0","2903","1336","46"
"600","ALIGN_HOLD","31422","-157","-862.4267578125","3","3000","7000000","80000","16410","16410","0","2903","1336","22"
"601","ALIGN_HOLD","31422","-157","-862.4267578125","0","0","-3000000","80000","16411","16411","0","2903","1336","2021"
"602","ALIGN_HOLD","31421","-158","-867.919921875","-1","-1000","-1000000","80000","16412","16412","0","2903","1336","1931"
"603","ALIGN_HOLD","31420","-159","-873.4130859375","-1","-1000","0","80000","16413","16413","0","2903","1336","1841"
"604","ALIGN_HOLD","31418","-161","-884.3994140625","-2","-2000","-1000000","80000","16414","16414","0","2903","1336","1751"
"605","ALIGN_HOLD","31420","-159","-873.4130859375","2","2000","4000000","80000","16415","16415","0","2903","1336","1661"
"606","ALIGN_HOLD","31422","-157","-862.4267578125","2","2000","0","80000","16416","16416","0","2903","1336","1571"
"607","ALIGN_HOLD","31421","-158","-867.919921875","-1","-1000","-3000000","80000","16417","16417","0","2903","1336","1481"
"608","ALIGN_HOLD","31420","-159","-873.4130859375","-1","-1000","0","80000","16418","16418","0","2903","1336","1391"
"609","ALIGN_HOLD","31420","-159","-873.4130859375","0","0","1000000","80000","16419","16419","0","2903","1336","1301"
"610","ALIGN_HOLD","31422","-157","-862.4267578125","2","2000","2000000","80000","16420","16420","0","2903","1336","1211"
"611","ALIGN_HOLD","31419","-160","-878.90625","-3","-3000","-5000000","80000","16421","16421","0","2903","1336","1121"
"612","ALIGN_HOLD","31421","-158","-867.919921875","2","2000","5000000","80000","16422","16422","0","2903","1336","1031"
"613","ALIGN_HOLD","31421","-158","-867.919921875","0","0","-2000000","80000","16423","16423","0","2903","1336","941"
"614","ALIGN_HOLD","31422","-157","-862.4267578125","1","1000","1000000","80000","16424","16424","0","2903","1336","851"
"615","ALIGN_HOLD","31417","-162","-889.892578125","-5","-5000","-6000000","80000","16425","16425","0","2903","1336","761"
"616","ALIGN_HOLD","31422","-157","-862.4267578125","5","5000","10000000","80000","16426","16426","0","2903","1336","671"
"617","ALIGN_HOLD","31419","-160","-878.90625","-3","-3000","-8000000","80000","16427","16427","0","2903","1336","581"
"618","ALIGN_HOLD","31419","-160","-878.90625","0","0","3000000","80000","16428","16428","0","2903","1336","491"
"619","ALIGN_HOLD","31421","-158","-867.919921875","2","2000","2000000","80000","16429","16429","0","2903","1336","401"
"620","ALIGN_HOLD","31418","-161","-884.3994140625","-3","-3000","-5000000","80000","16430","16430","0","2903","1336","311"
"621","ALIGN_HOLD","31419","-160","-878.90625","1","1000","4000000","80000","16431","16431","0","2903","1336","221"
"622","ALIGN_HOLD","31417","-162","-889.892578125","-2","-2000","-3000000","80000","16432","16432","0","2903","1336","131"
"623","ALIGN_HOLD","31419","-160","-878.90625","2","2000","4000000","80000","16433","16433","0","2903","1336","41"
"624","ALIGN_HOLD","31421","-158","-867.919921875","2","2000","0","80000","16434","16434","0","2903","1336","2106"
"625","ALIGN_HOLD","31422","-157","-862.4267578125","1","1000","-1000000","80000","16435","16435","0","2903","1336","2016"
"626","ALIGN_HOLD","31423","-156","-856.93359375","1","1000","0","80000","16436","16436","0","2903","1336","1926"
"627","ALIGN_HOLD","31422","-157","-862.4267578125","-1","-1000","-2000000","80000","16437","16437","0","2903","1336","1836"
"628","ALIGN_HOLD","31419","-160","-878.90625","-3","-3000","-2000000","80000","16438","16438","0","2903","1336","1746"
"629","ALIGN_HOLD","31421","-158","-867.919921875","2","2000","5000000","80000","16439","16439","0","2903","1336","1656"
"630","ALIGN_HOLD","31418","-161","-884.3994140625","-3","-3000","-5000000","80000","16440","16440","0","2903","1336","1566"
"631","ALIGN_HOLD","31418","-161","-884.3994140625","0","0","3000000","80000","16441","16441","0","2903","1336","1476"
"632","ALIGN_HOLD","31421","-158","-867.919921875","3","3000","3000000","80000","16442","16442","0","2903","1336","1386"
"633","ALIGN_HOLD","31421","-158","-867.919921875","0","0","-3000000","80000","16443","16443","0","2903","1336","1296"
"634","ALIGN_HOLD","31419","-160","-878.90625","-2","-2000","-2000000","80000","16444","16444","0","2903","1336","1206"
"635","ALIGN_HOLD","31419","-160","-878.90625","0","0","2000000","80000","16445","16445","0","2903","1336","1116"
"636","ALIGN_HOLD","31417","-162","-889.892578125","-2","-2000","-2000000","80000","16446","16446","0","2903","1336","1026"
"637","ALIGN_HOLD","31423","-156","-856.93359375","6","6000","8000000","80000","16447","16447","0","2903","1336","936"
"638","ALIGN_HOLD","31422","-157","-862.4267578125","-1","-1000","-7000000","80000","16448","16448","0","2903","1336","846"
"639","ALIGN_HOLD","31424","-155","-851.4404296875","2","2000","3000000","80000","16449","16449","0","2903","1336","756"
"640","ALIGN_HOLD","31421","-158","-867.919921875","-3","-3000","-5000000","80000","16450","16450","0","2903","1336","666"
"641","ALIGN_HOLD","31422","-157","-862.4267578125","1","1000","4000000","80000","16451","16451","0","2903","1336","576"
"642","ALIGN_HOLD","31415","-164","-900.87890625","-7","-7000","-8000000","80000","16452","16452","0","2903","1336","486"
"643","ALIGN_HOLD","31418","-161","-884.3994140625","3","3000","10000000","80000","16453","16453","0","2903","1336","396"
"644","ALIGN_HOLD","31421","-158","-867.919921875","3","3000","0","80000","16454","16454","0","2903","1336","306"
"645","ALIGN_HOLD","31419","-160","-878.90625","-2","-2000","-5000000","80000","16455","16455","0","2903","1336","216"
"646","ALIGN_HOLD","31419","-160","-878.90625","0","0","2000000","80000","16456","16456","0","2903","1336","126"
"647","ALIGN_HOLD","31421","-158","-867.919921875","2","2000","2000000","80000","16457","16457","0","2903","1336","36"
"648","ALIGN_HOLD","31421","-158","-867.919921875","0","0","-2000000","80000","16458","16458","0","2903","1336","2101"
"649","ALIGN_HOLD","31418","-161","-884.3994140625","-3","-3000","-3000000","80000","16459","16459","0","2903","1336","2011"
"650","ALIGN_HOLD","31421","-158","-867.919921875","3","3000","6000000","80000","16460","16460","0","2903","1336","1921"
"651","ALIGN_HOLD","31419","-160","-878.90625","-2","-2000","-5000000","80000","16461","16461","0","2903","1336","1831"
"652","ALIGN_HOLD","31424","-155","-851.4404296875","5","5000","7000000","80000","16462","16462","0","2903","1336","1741"
"653","ALIGN_HOLD","31419","-160","-878.90625","-5","-5000","-10000000","80000","16463","16463","0","2903","1336","1651"
"654","ALIGN_HOLD","31422","-157","-862.4267578125","3","3000","8000000","80000","16464","16464","0","2903","1336","1561"
"655","ALIGN_HOLD","31419","-160","-878.90625","-3","-3000","-6000000","80000","16465","16465","0","2903","1336","1471"
"656","ALIGN_HOLD","31419","-160","-878.90625","0","0","3000000","80000","16466","16466","0","2903","1336","1381"
"657","ALIGN_HOLD","31419","-160","-878.90625","0","0","0","80000","16467","16467","0","2903","1336","1291"
"658","ALIGN_HOLD","31422","-157","-862.4267578125","3","3000","3000000","80000","16468","16468","0","2903","1336","1201"
"659","ALIGN_HOLD","31421","-158","-867.919921875","-1","-1000","-4000000","80000","16469","16469","0","2903","1336","1111"
"660","ALIGN_HOLD","31418","-161","-884.3994140625","-3","-3000","-2000000","80000","16470","16470","0","2903","1336","1021"
"661","ALIGN_HOLD","31421","-158","-867.919921875","3","3000","6000000","80000","16471","16471","0","2903","1336","931"
"662","ALIGN_HOLD","31420","-159","-873.4130859375","-1","-1000","-4000000","80000","16472","16472","0","2903","1336","841"
"663","ALIGN_HOLD","31420","-159","-873.4130859375","0","0","1000000","80000","16473","16473","0","2903","1336","751"
"664","ALIGN_HOLD","31419","-160","-878.90625","-1","-1000","-1000000","80000","16474","16474","0","2903","1336","661"
"665","ALIGN_HOLD","31422","-157","-862.4267578125","3","3000","4000000","80000","16475","16475","0","2903","1336","571"
"666","ALIGN_HOLD","31422","-157","-862.4267578125","0","0","-3000000","80000","16476","16476","0","2903","1336","481"
"667","ALIGN_HOLD","31419","-160","-878.90625","-3","-3000","-3000000","80000","16477","16477","0","2903","1336","391"
"668","ALIGN_HOLD","31418","-161","-884.3994140625","-1","-1000","2000000","80000","16478","16478","0","2903","1336","301"
"669","ALIGN_HOLD","31420","-159","-873.4130859375","2","2000","3000000","80000","16479","16479","0","2903","1336","211"
"670","ALIGN_HOLD","31420","-159","-873.4130859375","0","0","-2000000","80000","16480","16480","0","2903","1336","121"
"671","ALIGN_HOLD","31422","-157","-862.4267578125","2","2000","2000000","80000","16481","16481","0","2903","1336","31"
"672","ALIGN_HOLD","31418","-161","-884.3994140625","-4","-4000","-6000000","80000","16482","16482","0","2903","1336","2096"
"673","ALIGN_HOLD","31422","-157","-862.4267578125","4","4000","8000000","80000","16483","16483","0","2903","1336","2006"
"674","ALIGN_HOLD","31422","-157","-862.4267578125","0","0","-4000000","80000","16484","16484","0","2903","1336","1916"
"675","ALIGN_HOLD","31419","-160","-878.90625","-3","-3000","-3000000","80000","16485","16485","0","2903","1336","1826"
"676","ALIGN_HOLD","31418","-161","-884.3994140625","-1","-1000","2000000","80000","16486","16486","0","2903","1336","1736"
"677","ALIGN_HOLD","31419","-160","-878.90625","1","1000","2000000","80000","16487","16487","0","2903","1336","1646"
"678","ALIGN_HOLD","31420","-159","-873.4130859375","1","1000","0","80000","16488","16488","0","2903","1336","1556"
"679","ALIGN_HOLD","31422","-157","-862.4267578125","2","2000","1000000","80000","16489","16489","0","2903","1336","1466"
"680","ALIGN_HOLD","31421","-158","-867.919921875","-1","-1000","-3000000","80000","16490","16490","0","2903","1336","1376"
"681","ALIGN_HOLD","31420","-159","-873.4130859375","-1","-1000","0","80000","16491","16491","0","2903","1336","1286"
"682","ALIGN_HOLD","31419","-160","-878.90625","-1","-1000","0","80000","16492","16492","0","2903","1336","1196"
"683","ALIGN_HOLD","31421","-158","-867.919921875","2","2000","3000000","80000","16493","16493","0","2903","1336","1106"
"684","ALIGN_HOLD","31420","-159","-873.4130859375","-1","-1000","-3000000","80000","16494","16494","0","2903","1336","1016"
"685","ALIGN_HOLD","31422","-157","-862.4267578125","2","2000","3000000","80000","16495","16495","0","2903","1336","926"
"686","ALIGN_HOLD","31420","-159","-873.4130859375","-2","-2000","-4000000","80000","16496","16496","0","2903","1336","836"
"687","ALIGN_HOLD","31419","-160","-878.90625","-1","-1000","1000000","80000","16497","16497","0","2903","1336","746"
"688","ALIGN_HOLD","31423","-156","-856.93359375","4","4000","5000000","80000","16498","16498","0","2903","1336","656"
"689","ALIGN_HOLD","31420","-159","-873.4130859375","-3","-3000","-7000000","80000","16499","16499","0","2903","1336","566"
"690","ALIGN_HOLD","31418","-161","-884.3994140625","-2","-2000","1000000","80000","16500","16500","0","2903","1336","476"
"691","ALIGN_HOLD","31420","-159","-873.4130859375","2","2000","4000000","80000","16501","16501","0","2903","1336","386"
"692","ALIGN_HOLD","31419","-160","-878.90625","-1","-1000","-3000000","80000","16502","16502","0","2903","1336","296"
"693","ALIGN_HOLD","31419","-160","-878.90625","0","0","1000000","80000","16503","16503","0","2903","1336","206"
"694","ALIGN_HOLD","31422","-157","-862.4267578125","3","3000","3000000","80000","16504","16504","0","2903","1336","116"
"695","ALIGN_HOLD","31418","-161","-884.3994140625","-4","-4000","-7000000","80000","16505","16505","0","2903","1336","26"
"696","ALIGN_HOLD","31421","-158","-867.919921875","3","3000","7000000","80000","16506","16506","0","2903","1336","2091"
"697","ALIGN_HOLD","31421","-158","-867.919921875","0","0","-3000000","80000","16507","16507","0","2903","1336","2001"
"698","ALIGN_HOLD","31420","-159","-873.4130859375","-1","-1000","-1000000","80000","16508","16508","0","2903","1336","1911"
"699","ALIGN_HOLD","31420","-159","-873.4130859375","0","0","1000000","80000","16509","16509","0","2903","1336","1821"
"700","ALIGN_HOLD","31419","-160","-878.90625","-1","-1000","-1000000","80000","16510","16510","0","2903","1336","1731"
"701","ALIGN_HOLD","31421","-158","-867.919921875","2","2000","3000000","80000","16511","16511","0","2903","1336","1641"
"702","ALIGN_HOLD","31419","-160","-878.90625","-2","-2000","-4000000","80000","16512","16512","0","2903","1336","1551"
"703","ALIGN_HOLD","31417","-162","-889.892578125","-2","-2000","0","80000","16513","16513","0","2903","1336","1461"
"704","ALIGN_HOLD","31420","-159","-873.4130859375","3","3000","5000000","80000","16514","16514","0","2903","1336","1371"
"705","ALIGN_HOLD","31420","-159","-873.4130859375","0","0","-3000000","80000","16515","16515","0","2903","1336","1281"
"706","ALIGN_HOLD","31420","-159","-873.4130859375","0","0","0","80000","16516","16516","0","2903","1336","1191"
"707","ALIGN_HOLD","31420","-159","-873.4130859375","0","0","0","80000","16517","16517","0","2903","1336","1101"
"708","ALIGN_HOLD","31419","-160","-878.90625","-1","-1000","-1000000","80000","16518","16518","0","2903","1336","1011"
"709","ALIGN_HOLD","31421","-158","-867.919921875","2","2000","3000000","80000","16519","16519","0","2903","1336","921"
"710","ALIGN_HOLD","31419","-160","-878.90625","-2","-2000","-4000000","80000","16520","16520","0","2903","1336","831"
"711","ALIGN_HOLD","31420","-159","-873.4130859375","1","1000","3000000","80000","16521","16521","0","2903","1336","741"
"712","ALIGN_HOLD","31419","-160","-878.90625","-1","-1000","-2000000","80000","16522","16522","0","2903","1336","651"
"713","ALIGN_HOLD","31416","-163","-895.3857421875","-3","-3000","-2000000","80000","16523","16523","0","2903","1336","561"
"714","ALIGN_HOLD","31420","-159","-873.4130859375","4","4000","7000000","80000","16524","16524","0","2903","1336","471"
"715","ALIGN_HOLD","31420","-159","-873.4130859375","0","0","-4000000","80000","16525","16525","0","2903","1336","381"
"716","ALIGN_HOLD","31419","-160","-878.90625","-1","-1000","-1000000","80000","16526","16526","0","2903","1336","291"
"717","ALIGN_HOLD","31425","-154","-845.947265625","6","6000","7000000","80000","16527","16527","0","2903","1336","201"
"718","ALIGN_HOLD","31417","-162","-889.892578125","-8","-8000","-14000000","80000","16528","16528","0","2903","1336","111"
"719","ALIGN_HOLD","31419","-160","-878.90625","2","2000","10000000","80000","16529","16529","0","2903","1336","21"
"720","ALIGN_HOLD","31420","-159","-873.4130859375","1","1000","-1000000","80000","16530","16530","0","2903","1336","2086"
"721","ALIGN_HOLD","31419","-160","-878.90625","-1","-1000","-2000000","80000","16531","16531","0","2903","1336","1996"
"722","ALIGN_HOLD","31414","-165","-906.3720703125","-5","-5000","-4000000","80000","16532","16532","0","2903","1336","1906"
"723","ALIGN_HOLD","31420","-159","-873.4130859375","6","6000","11000000","80000","16533","16533","0","2903","1336","1816"
"724","ALIGN_HOLD","31421","-158","-867.919921875","1","1000","-5000000","80000","16534","16534","0","2903","1336","1726"
"725","ALIGN_HOLD","31420","-159","-873.4130859375","-1","-1000","-2000000","80000","16535","16535","0","2903","1336","1636"
"726","ALIGN_HOLD","31419","-160","-878.90625","-1","-1000","0","80000","16536","16536","0","2903","1336","1546"
"727","ALIGN_HOLD","31416","-163","-895.3857421875","-3","-3000","-2000000","80000","16537","16537","0","2903","1336","1456"
"728","ALIGN_HOLD","31420","-159","-873.4130859375","4","4000","7000000","80000","16538","16538","0","2903","1336","1366"
"729","ALIGN_HOLD","31419","-160","-878.90625","-1","-1000","-5000000","80000","16539","16539","0","2903","1336","1276"
"730","ALIGN_HOLD","31418","-161","-884.3994140625","-1","-1000","0","80000","16540","16540","0","2903","1336","1186"
"731","ALIGN_HOLD","31417","-162","-889.892578125","-1","-1000","0","80000","16541","16541","0","2903","1336","1096"
"732","ALIGN_HOLD","31418","-161","-884.3994140625","1","1000","2000000","80000","16542","16542","0","2903","1336","1006"
"733","ALIGN_HOLD","31421","-158","-867.919921875","3","3000","2000000","80000","16543","16543","0","2903","1336","916"
"734","ALIGN_HOLD","31420","-159","-873.4130859375","-1","-1000","-4000000","80000","16544","16544","0","2903","1336","826"
"735","ALIGN_HOLD","31422","-157","-862.4267578125","2","2000","3000000","80000","16545","16545","0","2903","1336","736"
"736","ALIGN_HOLD","31419","-160","-878.90625","-3","-3000","-5000000","80000","16546","16546","0","2903","1336","646"
"737","ALIGN_HOLD","31418","-161","-884.3994140625","-1","-1000","2000000","80000","16547","16547","0","2903","1336","556"
"738","ALIGN_HOLD","31416","-163","-895.3857421875","-2","-2000","-1000000","80000","16548","16548","0","2903","1336","466"
"739","ALIGN_HOLD","31420","-159","-873.4130859375","4","4000","6000000","80000","16549","16549","0","2903","1336","376"
"740","ALIGN_HOLD","31416","-163","-895.3857421875","-4","-4000","-8000000","80000","16550","16550","0","2903","1336","286"
"741","ALIGN_HOLD","31417","-162","-889.892578125","1","1000","5000000","80000","16551","16551","0","2903","1336","196"
"742","ALIGN_HOLD","31419","-160","-878.90625","2","2000","1000000","80000","16552","16552","0","2903","1336","106"
"743","ALIGN_HOLD","31421","-158","-867.919921875","2","2000","0","80000","16553","16553","0","2903","1336","16"
"744","ALIGN_HOLD","31419","-160","-878.90625","-2","-2000","-4000000","80000","16554","16554","0","2903","1336","2081"
"745","ALIGN_HOLD","31420","-159","-873.4130859375","1","1000","3000000","80000","16555","16555","0","2903","1336","1991"
"746","ALIGN_HOLD","31416","-163","-895.3857421875","-4","-4000","-5000000","80000","16556","16556","0","2903","1336","1901"
"747","ALIGN_HOLD","31420","-159","-873.4130859375","4","4000","8000000","80000","16557","16557","0","2903","1336","1811"
"748","ALIGN_HOLD","31419","-160","-878.90625","-1","-1000","-5000000","80000","16558","16558","0","2903","1336","1721"
"749","ALIGN_HOLD","31417","-162","-889.892578125","-2","-2000","-1000000","80000","16559","16559","0","2903","1336","1631"
"750","ALIGN_HOLD","31419","-160","-878.90625","2","2000","4000000","80000","16560","16560","0","2903","1336","1541"
"751","ALIGN_HOLD","31420","-159","-873.4130859375","1","1000","-1000000","80000","16561","16561","0","2903","1336","1451"
"752","ALIGN_HOLD","31420","-159","-873.4130859375","0","0","-1000000","80000","16562","16562","0","2903","1336","1361"
"753","ALIGN_HOLD","31419","-160","-878.90625","-1","-1000","-1000000","80000","16563","16563","0","2903","1336","1271"
"754","ALIGN_HOLD","31417","-162","-889.892578125","-2","-2000","-1000000","80000","16564","16564","0","2903","1336","1181"
"755","ALIGN_HOLD","31415","-164","-900.87890625","-2","-2000","0","80000","16565","16565","0","2903","1336","1091"
"756","ALIGN_HOLD","31419","-160","-878.90625","4","4000","6000000","80000","16566","16566","0","2903","1336","1001"
"757","ALIGN_HOLD","31419","-160","-878.90625","0","0","-4000000","80000","16567","16567","0","2903","1336","911"
"758","ALIGN_HOLD","31421","-158","-867.919921875","2","2000","2000000","80000","16568","16568","0","2903","1336","821"
"759","ALIGN_HOLD","31420","-159","-873.4130859375","-1","-1000","-3000000","80000","16569","16569","0","2903","1336","731"
"760","ALIGN_HOLD","31421","-158","-867.919921875","1","1000","2000000","80000","16570","16570","0","2903","1336","641"
"761","ALIGN_HOLD","31420","-159","-873.4130859375","-1","-1000","-2000000","80000","16571","16571","0","2903","1336","551"
"762","ALIGN_HOLD","31419","-160","-878.90625","-1","-1000","0","80000","16572","16572","0","2903","1336","461"
"763","ALIGN_HOLD","31420","-159","-873.4130859375","1","1000","2000000","80000","16573","16573","0","2903","1336","371"
"764","ALIGN_HOLD","31421","-158","-867.919921875","1","1000","0","80000","16574","16574","0","2903","1336","281"
"765","ALIGN_HOLD","31417","-162","-889.892578125","-4","-4000","-5000000","80000","16575","16575","0","2903","1336","191"
"766","ALIGN_HOLD","31418","-161","-884.3994140625","1","1000","5000000","80000","16576","16576","0","2903","1336","101"
"767","ALIGN_HOLD","31417","-162","-889.892578125","-1","-1000","-2000000","80000","16577","16577","0","2903","1336","11"
"768","ALIGN_HOLD","31415","-164","-900.87890625","-2","-2000","-1000000","80000","16578","16578","0","2903","1336","2076"
"769","ALIGN_HOLD","31416","-163","-895.3857421875","1","1000","3000000","80000","16579","16579","0","2903","1336","1986"
"770","ALIGN_HOLD","31418","-161","-884.3994140625","2","2000","1000000","80000","16580","16580","0","2903","1336","1896"
"771","ALIGN_HOLD","31419","-160","-878.90625","1","1000","-1000000","80000","16581","16581","0","2903","1336","1806"
"772","ALIGN_HOLD","31420","-159","-873.4130859375","1","1000","0","80000","16582","16582","0","2903","1336","1716"
"773","ALIGN_HOLD","31420","-159","-873.4130859375","0","0","-1000000","80000","16583","16583","0","2903","1336","1626"
"774","ALIGN_HOLD","31420","-159","-873.4130859375","0","0","0","80000","16584","16584","0","2903","1336","1536"
"775","ALIGN_HOLD","31420","-159","-873.4130859375","0","0","0","80000","16585","16585","0","2903","1336","1446"
"776","ALIGN_HOLD","31417","-162","-889.892578125","-3","-3000","-3000000","80000","16586","16586","0","2903","1336","1356"
"777","ALIGN_HOLD","31416","-163","-895.3857421875","-1","-1000","2000000","80000","16587","16587","0","2903","1336","1266"
"778","ALIGN_HOLD","31419","-160","-878.90625","3","3000","4000000","80000","16588","16588","0","2903","1336","1176"
"779","ALIGN_HOLD","31420","-159","-873.4130859375","1","1000","-2000000","80000","16589","16589","0","2903","1336","1086"
"780","ALIGN_HOLD","31417","-162","-889.892578125","-3","-3000","-4000000","80000","16590","16590","0","2903","1336","996"
"781","ALIGN_HOLD","31417","-162","-889.892578125","0","0","3000000","80000","16591","16591","0","2903","1336","906"
"782","ALIGN_HOLD","31419","-160","-878.90625","2","2000","2000000","80000","16592","16592","0","2903","1336","816"
"783","ALIGN_HOLD","31420","-159","-873.4130859375","1","1000","-1000000","80000","16593","16593","0","2903","1336","726"
"784","ALIGN_HOLD","31419","-160","-878.90625","-1","-1000","-2000000","80000","16594","16594","0","2903","1336","636"
"785","ALIGN_HOLD","31420","-159","-873.4130859375","1","1000","2000000","80000","16595","16595","0","2903","1336","546"
"786","ALIGN_HOLD","31418","-161","-884.3994140625","-2","-2000","-3000000","80000","16596","16596","0","2903","1336","456"
"787","ALIGN_HOLD","31419","-160","-878.90625","1","1000","3000000","80000","16597","16597","0","2903","1336","366"
"788","ALIGN_HOLD","31421","-158","-867.919921875","2","2000","1000000","80000","16598","16598","0","2903","1336","276"
"789","ALIGN_HOLD","31416","-163","-895.3857421875","-5","-5000","-7000000","80000","16599","16599","0","2903","1336","186"
"790","ALIGN_HOLD","31421","-158","-867.919921875","5","5000","10000000","80000","16600","16600","0","2903","1336","96"
"791","ALIGN_HOLD","31418","-161","-884.3994140625","-3","-3000","-8000000","80000","16601","16601","0","2903","1336","6"
"792","ALIGN_HOLD","31420","-159","-873.4130859375","2","2000","5000000","80000","16602","16602","0","2903","1336","2071"
"793","ALIGN_HOLD","31419","-160","-878.90625","-1","-1000","-3000000","80000","16603","16603","0","2903","1336","1981"
"794","ALIGN_HOLD","31419","-160","-878.90625","0","0","1000000","80000","16604","16604","0","2903","1336","1891"
"795","ALIGN_HOLD","31419","-160","-878.90625","0","0","0","80000","16605","16605","0","2903","1336","1801"
"796","ALIGN_HOLD","31421","-158","-867.919921875","2","2000","2000000","80000","16606","16606","0","2903","1336","1711"
"797","ALIGN_HOLD","31420","-159","-873.4130859375","-1","-1000","-3000000","80000","16607","16607","0","2903","1336","1621"
"798","ALIGN_HOLD","31419","-160","-878.90625","-1","-1000","0","80000","16608","16608","0","2903","1336","1531"
"799","ALIGN_HOLD","31418","-161","-884.3994140625","-1","-1000","0","80000","16609","16609","0","2903","1336","1441"
"800","ALIGN_HOLD","31420","-159","-873.4130859375","2","2000","3000000","80000","16610","16610","0","2903","1336","1417"
"801","ALIGN_HOLD","31419","-160","-878.90625","-1","-1000","-3000000","80000","16611","16611","0","2903","1336","1261"
"802","ALIGN_HOLD","31415","-164","-900.87890625","-4","-4000","-3000000","80000","16612","16612","0","2903","1336","1171"
"803","ALIGN_HOLD","31417","-162","-889.892578125","2","2000","6000000","80000","16613","16613","0","2903","1336","1081"
"804","ALIGN_HOLD","31417","-162","-889.892578125","0","0","-2000000","80000","16614","16614","0","2903","1336","991"
"805","ALIGN_HOLD","31420","-159","-873.4130859375","3","3000","3000000","80000","16615","16615","0","2903","1336","901"
"806","ALIGN_HOLD","31418","-161","-884.3994140625","-2","-2000","-5000000","80000","16616","16616","0","2903","1336","811"
"807","ALIGN_HOLD","31417","-162","-889.892578125","-1","-1000","1000000","80000","16617","16617","0","2903","1336","721"
"808","ALIGN_HOLD","31420","-159","-873.4130859375","3","3000","4000000","80000","16618","16618","0","2903","1336","631"
"809","ALIGN_HOLD","31421","-158","-867.919921875","1","1000","-2000000","80000","16619","16619","0","2903","1336","541"
"810","ALIGN_HOLD","31420","-159","-873.4130859375","-1","-1000","-2000000","80000","16620","16620","0","2903","1336","451"
"811","ALIGN_HOLD","31420","-159","-873.4130859375","0","0","1000000","80000","16621","16621","0","2903","1336","361"
"812","ALIGN_HOLD","31418","-161","-884.3994140625","-2","-2000","-2000000","80000","16622","16622","0","2903","1336","271"
"813","ALIGN_HOLD","31415","-164","-900.87890625","-3","-3000","-1000000","80000","16623","16623","0","2903","1336","181"
"814","ALIGN_HOLD","31420","-159","-873.4130859375","5","5000","8000000","80000","16624","16624","0","2903","1336","91"
"815","ALIGN_HOLD","31417","-162","-889.892578125","-3","-3000","-8000000","80000","16625","16625","0","2903","1336","1"
"816","ALIGN_HOLD","31420","-159","-873.4130859375","3","3000","6000000","80000","16626","16626","0","2903","1336","2066"
"817","ALIGN_HOLD","31419","-160","-878.90625","-1","-1000","-4000000","80000","16627","16627","0","2903","1336","1976"
"818","ALIGN_HOLD","31420","-159","-873.4130859375","1","1000","2000000","80000","16628","16628","0","2903","1336","1886"
"819","ALIGN_HOLD","31419","-160","-878.90625","-1","-1000","-2000000","80000","16629","16629","0","2903","1336","1796"
"820","ALIGN_HOLD","31419","-160","-878.90625","0","0","1000000","80000","16630","16630","0","2903","1336","1706"
"821","ALIGN_HOLD","31419","-160","-878.90625","0","0","0","80000","16631","16631","0","2903","1336","1616"
"822","ALIGN_HOLD","31418","-161","-884.3994140625","-1","-1000","-1000000","80000","16632","16632","0","2903","1336","1526"
"823","ALIGN_HOLD","31414","-165","-906.3720703125","-4","-4000","-3000000","80000","16633","16633","0","2903","1336","1436"
"824","ALIGN_HOLD","31417","-162","-889.892578125","3","3000","7000000","80000","16634","16634","0","2903","1336","1346"
"825","ALIGN_HOLD","31419","-160","-878.90625","2","2000","-1000000","80000","16635","16635","0","2903","1336","1256"
"826","ALIGN_HOLD","31421","-158","-867.919921875","2","2000","0","80000","16636","16636","0","2903","1336","1166"
"827","ALIGN_HOLD","31420","-159","-873.4130859375","-1","-1000","-3000000","80000","16637","16637","0","2903","1336","1076"
"828","ALIGN_HOLD","31421","-158","-867.919921875","1","1000","2000000","80000","16638","16638","0","2903","1336","986"
"829","ALIGN_HOLD","31417","-162","-889.892578125","-4","-4000","-5000000","80000","16639","16639","0","2903","1336","896"
"830","ALIGN_HOLD","31419","-160","-878.90625","2","2000","6000000","80000","16640","16640","0","2903","1336","806"
"831","ALIGN_HOLD","31420","-159","-873.4130859375","1","1000","-1000000","80000","16641","16641","0","2903","1336","716"
"832","ALIGN_HOLD","31418","-161","-884.3994140625","-2","-2000","-3000000","80000","16642","16642","0","2903","1336","626"
"833","ALIGN_HOLD","31417","-162","-889.892578125","-1","-1000","1000000","80000","16643","16643","0","2903","1336","536"
"834","ALIGN_HOLD","31421","-158","-867.919921875","4","4000","5000000","80000","16644","16644","0","2903","1336","446"
"835","ALIGN_HOLD","31418","-161","-884.3994140625","-3","-3000","-7000000","80000","16645","16645","0","2903","1336","356"
"836","ALIGN_HOLD","31419","-160","-878.90625","1","1000","4000000","80000","16646","16646","0","2903","1336","266"
"837","ALIGN_HOLD","31421","-158","-867.919921875","2","2000","1000000","80000","16647","16647","0","2903","1336","176"
"838","ALIGN_HOLD","31418","-161","-884.3994140625","-3","-3000","-5000000","80000","16648","16648","0","2903","1336","86"
"839","ALIGN_HOLD","31417","-162","-889.892578125","-1","-1000","2000000","80000","16649","16649","0","2903","1336","2151"
"840","ALIGN_HOLD","31419","-160","-878.90625","2","2000","3000000","80000","16650","16650","0","2903","1336","2061"
"841","ALIGN_HOLD","31422","-157","-862.4267578125","3","3000","1000000","80000","16651","16651","0","2903","1336","1971"
"842","ALIGN_HOLD","31417","-162","-889.892578125","-5","-5000","-8000000","80000","16652","16652","0","2903","1336","1881"
"843","ALIGN_HOLD","31415","-164","-900.87890625","-2","-2000","3000000","80000","16653","16653","0","2903","1336","1791"
"844","ALIGN_HOLD","31422","-157","-862.4267578125","7","7000","9000000","80000","16654","16654","0","2903","1336","1701"
"845","ALIGN_HOLD","31421","-158","-867.919921875","-1","-1000","-8000000","80000","16655","16655","0","2903","1336","1611"
"846","ALIGN_HOLD","31416","-163","-895.3857421875","-5","-5000","-4000000","80000","16656","16656","0","2903","1336","1521"
"847","ALIGN_HOLD","31415","-164","-900.87890625","-1","-1000","4000000","80000","16657","16657","0","2903","1336","1431"
"848","ALIGN_HOLD","31421","-158","-867.919921875","6","6000","7000000","80000","16658","16658","0","2903","1336","1341"
"849","ALIGN_HOLD","31420","-159","-873.4130859375","-1","-1000","-7000000","80000","16659","16659","0","2903","1336","1251"
"850","ALIGN_HOLD","31415","-164","-900.87890625","-5","-5000","-4000000","80000","16660","16660","0","2903","1336","1161"
"851","ALIGN_HOLD","31419","-160","-878.90625","4","4000","9000000","80000","16661","16661","0","2903","1336","1071"
"852","ALIGN_HOLD","31419","-160","-878.90625","0","0","-4000000","80000","16662","16662","0","2903","1336","981"
"853","ALIGN_HOLD","31418","-161","-884.3994140625","-1","-1000","-1000000","80000","16663","16663","0","2903","1336","891"
"854","ALIGN_HOLD","31418","-161","-884.3994140625","0","0","1000000","80000","16664","16664","0","2903","1336","801"
"855","ALIGN_HOLD","31417","-162","-889.892578125","-1","-1000","-1000000","80000","16665","16665","0","2903","1336","711"
"856","ALIGN_HOLD","31419","-160","-878.90625","2","2000","3000000","80000","16666","16666","0","2903","1336","621"
"857","ALIGN_HOLD","31417","-162","-889.892578125","-2","-2000","-4000000","80000","16667","16667","0","2903","1336","531"
"858","ALIGN_HOLD","31420","-159","-873.4130859375","3","3000","5000000","80000","16668","16668","0","2903","1336","441"
"859","ALIGN_HOLD","31420","-159","-873.4130859375","0","0","-3000000","80000","16669","16669","0","2903","1336","351"
"860","ALIGN_HOLD","31420","-159","-873.4130859375","0","0","0","80000","16670","16670","0","2903","1336","261"
"861","ALIGN_HOLD","31417","-162","-889.892578125","-3","-3000","-3000000","80000","16671","16671","0","2903","1336","171"
"862","ALIGN_HOLD","31417","-162","-889.892578125","0","0","3000000","80000","16672","16672","0","2903","1336","81"
"863","ALIGN_HOLD","31421","-158","-867.919921875","4","4000","4000000","80000","16673","16673","0","2903","1336","2146"
"864","ALIGN_HOLD","31419","-160","-878.90625","-2","-2000","-6000000","80000","16674","16674","0","2903","1336","2056"
"865","ALIGN_HOLD","31419","-160","-878.90625","0","0","2000000","80000","16675","16675","0","2903","1336","1966"
"866","ALIGN_HOLD","31419","-160","-878.90625","0","0","0","80000","16676","16676","0","2903","1336","1876"
"867","ALIGN_HOLD","31421","-158","-867.919921875","2","2000","2000000","80000","16677","16677","0","2903","1336","1786"
"868","ALIGN_HOLD","31420","-159","-873.4130859375","-1","-1000","-3000000","80000","16678","16678","0","2903","1336","1696"
"869","ALIGN_HOLD","31418","-161","-884.3994140625","-2","-2000","-1000000","80000","16679","16679","0","2903","1336","1606"
"870","ALIGN_HOLD","31415","-164","-900.87890625","-3","-3000","-1000000","80000","16680","16680","0","2903","1336","1516"
"871","ALIGN_HOLD","31419","-160","-878.90625","4","4000","7000000","80000","16681","16681","0","2903","1336","1426"
"872","ALIGN_HOLD","31419","-160","-878.90625","0","0","-4000000","80000","16682","16682","0","2903","1336","1336"
"873","ALIGN_HOLD","31421","-158","-867.919921875","2","2000","2000000","80000","16683","16683","0","2903","1336","1246"
"874","ALIGN_HOLD","31420","-159","-873.4130859375","-1","-1000","-3000000","80000","16684","16684","0","2903","1336","1156"
"875","ALIGN_HOLD","31418","-161","-884.3994140625","-2","-2000","-1000000","80000","16685","16685","0","2903","1336","1066"
"876","ALIGN_HOLD","31417","-162","-889.892578125","-1","-1000","1000000","80000","16686","16686","0","2903","1336","976"
"877","ALIGN_HOLD","31421","-158","-867.919921875","4","4000","5000000","80000","16687","16687","0","2903","1336","886"
"878","ALIGN_HOLD","31417","-162","-889.892578125","-4","-4000","-8000000","80000","16688","16688","0","2903","1336","796"
"879","ALIGN_HOLD","31419","-160","-878.90625","2","2000","6000000","80000","16689","16689","0","2903","1336","706"
"880","ALIGN_HOLD","31418","-161","-884.3994140625","-1","-1000","-3000000","80000","16690","16690","0","2903","1336","616"
"881","ALIGN_HOLD","31421","-158","-867.919921875","3","3000","4000000","80000","16691","16691","0","2903","1336","526"
"882","ALIGN_HOLD","31420","-159","-873.4130859375","-1","-1000","-4000000","80000","16692","16692","0","2903","1336","436"
"883","ALIGN_HOLD","31418","-161","-884.3994140625","-2","-2000","-1000000","80000","16693","16693","0","2903","1336","346"
"884","ALIGN_HOLD","31416","-163","-895.3857421875","-2","-2000","0","80000","16694","16694","0","2903","1336","256"
"885","ALIGN_HOLD","31416","-163","-895.3857421875","0","0","2000000","80000","16695","16695","0","2903","1336","166"
"886","ALIGN_HOLD","31420","-159","-873.4130859375","4","4000","4000000","80000","16696","16696","0","2903","1336","76"
"887","ALIGN_HOLD","31418","-161","-884.3994140625","-2","-2000","-6000000","80000","16697","16697","0","2903","1336","2141"
"888","ALIGN_HOLD","31417","-162","-889.892578125","-1","-1000","1000000","80000","16698","16698","0","2903","1336","2051"
"889","ALIGN_HOLD","31419","-160","-878.90625","2","2000","3000000","80000","16699","16699","0","2903","1336","1961"
"890","ALIGN_HOLD","31419","-160","-878.90625","0","0","-2000000","80000","16700","16700","0","2903","1336","1871"
"891","ALIGN_HOLD","31416","-163","-895.3857421875","-3","-3000","-3000000","80000","16701","16701","0","2903","1336","1781"
"892","ALIGN_HOLD","31421","-158","-867.919921875","5","5000","8000000","80000","16702","16702","0","2903","1336","1691"
"893","ALIGN_HOLD","31416","-163","-895.3857421875","-5","-5000","-10000000","80000","16703","16703","0","2903","1336","1601"
"894","ALIGN_HOLD","31419","-160","-878.90625","3","3000","8000000","80000","16704","16704","0","2903","1336","1511"
"895","ALIGN_HOLD","31417","-162","-889.892578125","-2","-2000","-5000000","80000","16705","16705","0","2903","1336","1421"
"896","ALIGN_HOLD","31418","-161","-884.3994140625","1","1000","3000000","80000","16706","16706","0","2903","1336","1331"
"897","ALIGN_HOLD","31416","-163","-895.3857421875","-2","-2000","-3000000","80000","16707","16707","0","2903","1336","1241"
"898","ALIGN_HOLD","31420","-159","-873.4130859375","4","4000","6000000","80000","16708","16708","0","2903","1336","1151"
"899","ALIGN_HOLD","31417","-162","-889.892578125","-3","-3000","-7000000","80000","16709","16709","0","2903","1336","1061"
"900","ALIGN_HOLD","31418","-161","-884.3994140625","1","1000","4000000","80000","16710","16710","0","2903","1336","971"
"901","ALIGN_HOLD","31418","-161","-884.3994140625","0","0","-1000000","80000","16711","16711","0","2903","1336","881"
"902","ALIGN_HOLD","31422","-157","-862.4267578125","4","4000","4000000","80000","16712","16712","0","2903","1336","791"
"903","ALIGN_HOLD","31420","-159","-873.4130859375","-2","-2000","-6000000","80000","16713","16713","0","2903","1336","701"
"904","ALIGN_HOLD","31417","-162","-889.892578125","-3","-3000","-1000000","80000","16714","16714","0","2903","1336","611"
"905","ALIGN_HOLD","31419","-160","-878.90625","2","2000","5000000","80000","16715","16715","0","2903","1336","521"
"906","ALIGN_HOLD","31417","-162","-889.892578125","-2","-2000","-4000000","80000","16716","16716","0","2903","1336","431"
"907","ALIGN_HOLD","31420","-159","-873.4130859375","3","3000","5000000","80000","16717","16717","0","2903","1336","341"
"908","ALIGN_HOLD","31417","-162","-889.892578125","-3","-3000","-6000000","80000","16718","16718","0","2903","1336","251"
"909","ALIGN_HOLD","31421","-158","-867.919921875","4","4000","7000000","80000","16719","16719","0","2903","1336","161"
"910","ALIGN_HOLD","31420","-159","-873.4130859375","-1","-1000","-5000000","80000","16720","16720","0","2903","1336","71"
"911","ALIGN_HOLD","31421","-158","-867.919921875","1","1000","2000000","80000","16721","16721","0","2903","1336","2136"
"912","ALIGN_HOLD","31422","-157","-862.4267578125","1","1000","0","80000","16722","16722","0","2903","1336","2046"
"913","ALIGN_HOLD","31419","-160","-878.90625","-3","-3000","-4000000","80000","16723","16723","0","2903","1336","1956"
"914","ALIGN_HOLD","31420","-159","-873.4130859375","1","1000","4000000","80000","16724","16724","0","2903","1336","1866"
"915","ALIGN_HOLD","31419","-160","-878.90625","-1","-1000","-2000000","80000","16725","16725","0","2903","1336","1776"
"916","ALIGN_HOLD","31420","-159","-873.4130859375","1","1000","2000000","80000","16726","16726","0","2903","1336","1686"
"917","ALIGN_HOLD","31419","-160","-878.90625","-1","-1000","-2000000","80000","16727","16727","0","2903","1336","1596"
"918","ALIGN_HOLD","31420","-159","-873.4130859375","1","1000","2000000","80000","16728","16728","0","2903","1336","1506"
"919","ALIGN_HOLD","31418","-161","-884.3994140625","-2","-2000","-3000000","80000","16729","16729","0","2903","1336","1416"
"920","ALIGN_HOLD","31418","-161","-884.3994140625","0","0","2000000","80000","16730","16730","0","2903","1336","1326"
"921","ALIGN_HOLD","31417","-162","-889.892578125","-1","-1000","-1000000","80000","16731","16731","0","2903","1336","1236"
"922","ALIGN_HOLD","31420","-159","-873.4130859375","3","3000","4000000","80000","16732","16732","0","2903","1336","1146"
"923","ALIGN_HOLD","31419","-160","-878.90625","-1","-1000","-4000000","80000","16733","16733","0","2903","1336","1056"
"924","ALIGN_HOLD","31421","-158","-867.919921875","2","2000","3000000","80000","16734","16734","0","2903","1336","966"
"925","ALIGN_HOLD","31416","-163","-895.3857421875","-5","-5000","-7000000","80000","16735","16735","0","2903","1336","876"
"926","ALIGN_HOLD","31419","-160","-878.90625","3","3000","8000000","80000","16736","16736","0","2903","1336","786"
"927","ALIGN_HOLD","31414","-165","-906.3720703125","-5","-5000","-8000000","80000","16737","16737","0","2903","1336","696"
"928","ALIGN_HOLD","31414","-165","-906.3720703125","0","0","5000000","80000","16738","16738","0","2903","1336","606"
"929","ALIGN_HOLD","31420","-159","-873.4130859375","6","6000","6000000","80000","16739","16739","0","2903","1336","516"
"930","ALIGN_HOLD","31420","-159","-873.4130859375","0","0","-6000000","80000","16740","16740","0","2903","1336","426"
"931","ALIGN_HOLD","31419","-160","-878.90625","-1","-1000","-1000000","80000","16741","16741","0","2903","1336","336"
"932","ALIGN_HOLD","31421","-158","-867.919921875","2","2000","3000000","80000","16742","16742","0","2903","1336","246"
"933","ALIGN_HOLD","31420","-159","-873.4130859375","-1","-1000","-3000000","80000","16743","16743","0","2903","1336","156"
"934","ALIGN_HOLD","31419","-160","-878.90625","-1","-1000","0","80000","16744","16744","0","2903","1336","66"
"935","ALIGN_HOLD","31418","-161","-884.3994140625","-1","-1000","0","80000","16745","16745","0","2903","1336","2131"
"936","ALIGN_HOLD","31419","-160","-878.90625","1","1000","2000000","80000","16746","16746","0","2903","1336","2041"
"937","ALIGN_HOLD","31419","-160","-878.90625","0","0","-1000000","80000","16747","16747","0","2903","1336","1951"
"938","ALIGN_HOLD","31416","-163","-895.3857421875","-3","-3000","-3000000","80000","16748","16748","0","2903","1336","1861"
"939","ALIGN_HOLD","31417","-162","-889.892578125","1","1000","4000000","80000","16749","16749","0","2903","1336","1771"
"940","ALIGN_HOLD","31418","-161","-884.3994140625","1","1000","0","80000","16750","16750","0","2903","1336","1681"
"941","ALIGN_HOLD","31418","-161","-884.3994140625","0","0","-1000000","80000","16751","16751","0","2903","1336","1591"
"942","ALIGN_HOLD","31420","-159","-873.4130859375","2","2000","2000000","80000","16752","16752","0","2903","1336","1501"
"943","ALIGN_HOLD","31418","-161","-884.3994140625","-2","-2000","-4000000","80000","16753","16753","0","2903","1336","1411"
"944","ALIGN_HOLD","31416","-163","-895.3857421875","-2","-2000","0","80000","16754","16754","0","2903","1336","1321"
"945","ALIGN_HOLD","31420","-159","-873.4130859375","4","4000","6000000","80000","16755","16755","0","2903","1336","1231"
"946","ALIGN_HOLD","31420","-159","-873.4130859375","0","0","-4000000","80000","16756","16756","0","2903","1336","1141"
"947","ALIGN_HOLD","31417","-162","-889.892578125","-3","-3000","-3000000","80000","16757","16757","0","2903","1336","1051"
"948","ALIGN_HOLD","31420","-159","-873.4130859375","3","3000","6000000","80000","16758","16758","0","2903","1336","961"
"949","ALIGN_HOLD","31416","-163","-895.3857421875","-4","-4000","-7000000","80000","16759","16759","0","2903","1336","871"
"950","ALIGN_HOLD","31420","-159","-873.4130859375","4","4000","8000000","80000","16760","16760","0","2903","1336","781"
"951","ALIGN_HOLD","31420","-159","-873.4130859375","0","0","-4000000","80000","16761","16761","0","2903","1336","691"
"952","ALIGN_HOLD","31417","-162","-889.892578125","-3","-3000","-3000000","80000","16762","16762","0","2903","1336","601"
"953","ALIGN_HOLD","31419","-160","-878.90625","2","2000","5000000","80000","16763","16763","0","2903","1336","511"
"954","ALIGN_HOLD","31417","-162","-889.892578125","-2","-2000","-4000000","80000","16764","16764","0","2903","1336","421"
"955","ALIGN_HOLD","31416","-163","-895.3857421875","-1","-1000","1000000","80000","16765","16765","0","2903","1336","331"
"956","ALIGN_HOLD","31419","-160","-878.90625","3","3000","4000000","80000","16766","16766","0","2903","1336","241"
"957","ALIGN_HOLD","31422","-157","-862.4267578125","3","3000","0","80000","16767","16767","0","2903","1336","151"
"958","ALIGN_HOLD","31418","-161","-884.3994140625","-4","-4000","-7000000","80000","16768","16768","0","2903","1336","61"
"959","ALIGN_HOLD","31415","-164","-900.87890625","-3","-3000","1000000","80000","16769","16769","0","2903","1336","2126"
"960","ALIGN_HOLD","31416","-163","-895.3857421875","1","1000","4000000","80000","16770","16770","0","2903","1336","2036"
"961","ALIGN_HOLD","31417","-162","-889.892578125","1","1000","0","80000","16771","16771","0","2903","1336","1946"
"962","ALIGN_HOLD","31419","-160","-878.90625","2","2000","1000000","80000","16772","16772","0","2903","1336","1856"
"963","ALIGN_HOLD","31416","-163","-895.3857421875","-3","-3000","-5000000","80000","16773","16773","0","2903","1336","1766"
"964","ALIGN_HOLD","31419","-160","-878.90625","3","3000","6000000","80000","16774","16774","0","2903","1336","1676"
"965","ALIGN_HOLD","31418","-161","-884.3994140625","-1","-1000","-4000000","80000","16775","16775","0","2903","1336","1586"
"966","ALIGN_HOLD","31418","-161","-884.3994140625","0","0","1000000","80000","16776","16776","0","2903","1336","1496"
"967","ALIGN_HOLD","31416","-163","-895.3857421875","-2","-2000","-2000000","80000","16777","16777","0","2903","1336","1406"
"968","ALIGN_HOLD","31420","-159","-873.4130859375","4","4000","6000000","80000","16778","16778","0","2903","1336","1316"
"969","ALIGN_HOLD","31417","-162","-889.892578125","-3","-3000","-7000000","80000","16779","16779","0","2903","1336","1226"
"970","ALIGN_HOLD","31417","-162","-889.892578125","0","0","3000000","80000","16780","16780","0","2903","1336","1136"
"971","ALIGN_HOLD","31420","-159","-873.4130859375","3","3000","3000000","80000","16781","16781","0","2903","1336","1046"
"972","ALIGN_HOLD","31418","-161","-884.3994140625","-2","-2000","-5000000","80000","16782","16782","0","2903","1336","956"
"973","ALIGN_HOLD","31418","-161","-884.3994140625","0","0","2000000","80000","16783","16783","0","2903","1336","866"
"974","ALIGN_HOLD","31416","-163","-895.3857421875","-2","-2000","-2000000","80000","16784","16784","0","2903","1336","776"
"975","ALIGN_HOLD","31419","-160","-878.90625","3","3000","5000000","80000","16785","16785","0","2903","1336","686"
"976","ALIGN_HOLD","31417","-162","-889.892578125","-2","-2000","-5000000","80000","16786","16786","0","2903","1336","596"
"977","ALIGN_HOLD","31419","-160","-878.90625","2","2000","4000000","80000","16787","16787","0","2903","1336","506"
"978","ALIGN_HOLD","31419","-160","-878.90625","0","0","-2000000","80000","16788","16788","0","2903","1336","416"
"979","ALIGN_HOLD","31416","-163","-895.3857421875","-3","-3000","-3000000","80000","16789","16789","0","2903","1336","326"
"980","ALIGN_HOLD","31420","-159","-873.4130859375","4","4000","7000000","80000","16790","16790","0","2903","1336","236"
"981","ALIGN_HOLD","31415","-164","-900.87890625","-5","-5000","-9000000","80000","16791","16791","0","2903","1336","146"
"982","ALIGN_HOLD","31418","-161","-884.3994140625","3","3000","8000000","80000","16792","16792","0","2903","1336","56"
"983","ALIGN_HOLD","31419","-160","-878.90625","1","1000","-2000000","80000","16793","16793","0","2903","1336","2121"
"984","ALIGN_HOLD","31416","-163","-895.3857421875","-3","-3000","-4000000","80000","16794","16794","0","2903","1336","2031"
"985","ALIGN_HOLD","31418","-161","-884.3994140625","2","2000","5000000","80000","16795","16795","0","2903","1336","1941"
"986","ALIGN_HOLD","31418","-161","-884.3994140625","0","0","-2000000","80000","16796","16796","0","2903","1336","1851"
"987","ALIGN_HOLD","31418","-161","-884.3994140625","0","0","0","80000","16797","16797","0","2903","1336","1761"
"988","ALIGN_HOLD","31414","-165","-906.3720703125","-4","-4000","-4000000","80000","16798","16798","0","2903","1336","1671"
"989","ALIGN_HOLD","31418","-161","-884.3994140625","4","4000","8000000","80000","16799","16799","0","2903","1336","1581"
"990","ALIGN_HOLD","31415","-164","-900.87890625","-3","-3000","-7000000","80000","16800","16800","0","2903","1336","1491"
"991","ALIGN_HOLD","31416","-163","-895.3857421875","1","1000","4000000","80000","16801","16801","0","2903","1336","1401"
"992","ALIGN_HOLD","31419","-160","-878.90625","3","3000","2000000","80000","16802","16802","0","2903","1336","1311"
"993","ALIGN_HOLD","31421","-158","-867.919921875","2","2000","-1000000","80000","16803","16803","0","2903","1336","1221"
"994","ALIGN_HOLD","31419","-160","-878.90625","-2","-2000","-4000000","80000","16804","16804","0","2903","1336","1131"
"995","ALIGN_HOLD","31420","-159","-873.4130859375","1","1000","3000000","80000","16805","16805","0","2903","1336","1041"
"996","ALIGN_HOLD","31420","-159","-873.4130859375","0","0","-1000000","80000","16806","16806","0","2903","1336","951"
"997","ALIGN_HOLD","31420","-159","-873.4130859375","0","0","0","80000","16807","16807","0","2903","1336","861"
"998","ALIGN_HOLD","31419","-160","-878.90625","-1","-1000","-1000000","80000","16808","16808","0","2903","1336","771"
"999","ALIGN_HOLD","31417","-162","-889.892578125","-2","-2000","-1000000","80000","16809","16809","0","2903","1336","681"
"1000","ALIGN_HOLD","31416","-163","-895.3857421875","-1","-1000","1000000","80000","16810","16810","0","2903","1336","657"
