:020000040800F2
:1000000000000220A55B0008795A00087B5A00080E
:100010007D5A00087F5A0008815A0008000000003D
:10002000000000000000000000000000E1AD00083A
:10003000835A00080000000071AE00086D940008AB
:10004000F55B0008F55B0008F55B0008F55B000850
:10005000F55B0008F55B0008F55B0008F55B000840
:10006000F55B0008F55B0008F55B0008F55B000830
:10007000855A0008F55B0008915A0008F55B0008F6
:100080009D5A0008A95A0008B55A0008F55B0008F7
:10009000F55B0008F55B0008F55B0008F55B000800
:1000A000F55B0008F55B0008F55B0008F55B0008F0
:1000B000C15A0008F55B0008F55B0008F55B000815
:1000C000F55B0008CD5A0008D95A0008495B0008C2
:1000D000F55B0008F55B0008E55A0008F15A0008D6
:1000E000F55B0008F55B0008F55B0008F55B0008B0
:1000F000F55B0008FD5A0008F55B0008195B000875
:10010000F55B0008F55B0008F55B0008F55B00088F
:10011000F55B0008F55B0008F55B0008F55B00087F
:10012000255B0008F55B0008315B00083D5B0008BB
:10013000F55B00080000000000000000F55B00080F
:10014000F55B0008F55B0008F55B0008F55B00084F
:10015000F55B0008F55B0008F55B0008F55B00083F
:10016000F55B0008F55B0008F55B0008F55B00082F
:10017000F55B0008F55B00080000000000000000CF
:08018000F55B0008F55B0008C7
:1001900010B5054C237833B9044B13B10448AFF3C1
:1001A00000800123237010BD6000002000000000CB
:1001B000A8CC000808B5034B1BB103490348AFF3B3
:1001C000008008BD0000000064000020A8CC0008EA
:1001D00001F0FF01102A2BDB10F0070F08D010F8F8
:1001E000013B013A8B422DD010F0070F42B3F6D1FC
:1001F000F0B441EA012141EA014122F007047FF015
:1002000000070023F0E80256083C85EA010586EA6B
:10021000010685FA47F5A3FA87F586FA47F6A5FAA7
:1002200087F68EB9EED1F0BC01F0FF0102F00702B3
:1002300032B110F8013B013A83EA010313B1F8D15E
:100240000020704701387047002D06BF354603383F
:10025000073815F0010F07D1013015F4807F02BF78
:10026000013015F4C03F0130F0BC0138704700BFC9
:1002700081F0004102E000BF83F0004330B54FEA57
:1002800041044FEA430594EA050F08BF90EA020FC4
:100290001FBF54EA000C55EA020C7FEA645C7FEA57
:1002A000655C00F0E2804FEA5454D4EB5555B8BF7A
:1002B0006D420CDD2C4480EA020281EA030382EAEB
:1002C000000083EA010180EA020281EA0303362D7D
:1002D00088BF30BD11F0004F4FEA01314FF4801C50
:1002E0004CEA113102D0404261EB410113F0004F62
:1002F0004FEA03334CEA133302D0524263EB430319
:1003000094EA050F00F0A780A4F10104D5F1200EB6
:100310000DDB02FA0EFC22FA05F2801841F1000111
:1003200003FA0EF2801843FA05F359410EE0A5F1E5
:1003300020050EF1200E012A03FA0EFC28BF4CF016
:10034000020C43FA05F3C01851EBE37101F00045CC
:1003500007D54FF0000EDCF1000C7EEB00006EEBD9
:100360000101B1F5801F1BD3B1F5001F0CD3490863
:100370005FEA30004FEA3C0C04F101044FEA4452BA
:1003800012F5800F80F09A80BCF1004F08BF5FEA41
:10039000500C50F1000041EB045141EA050130BD21
:1003A0005FEA4C0C404141EB0101013C28BFB1F533
:1003B000801FE9D291F0000F04BF01460020B1FA7E
:1003C00081F308BF2033A3F10B03B3F120020CDA51
:1003D0000C3208DD02F1140CC2F10C0201FA0CF02F
:1003E00021FA02F10CE002F11402D8BFC2F1200C94
:1003F00001FA02F120FA0CFCDCBF41EA0C0190404A
:10040000E41AA2BF01EB0451294330BD6FEA040492
:100410001F3C1CDA0C340EDC04F11404C4F120027D
:1004200020FA04F001FA02F340EA030021FA04F38F
:1004300045EA030130BDC4F10C04C4F1200220FAE6
:1004400002F001FA04F340EA0300294630BD21FA24
:1004500004F0294630BD94F0000F83F4801306BFEA
:1004600081F480110134013D4EE77FEA645C18BFDE
:100470007FEA655C29D094EA050F08BF90EA020F75
:1004800005D054EA000C04BF1946104630BD91EA6D
:10049000030F1EBF0021002030BD5FEA545C05D170
:1004A0004000494128BF41F0004130BD14F58004AF
:1004B0003CBF01F5801130BD01F0004545F0FE4123
:1004C00041F470014FF0000030BD7FEA645C1ABF58
:1004D000194610467FEA655C1CBF0B46024650EA8F
:1004E000013406BF52EA033591EA030F41F40021BB
:1004F00030BD00BF90F0000F04BF0021704730B541
:100500004FF4806404F132044FF000054FF0000115
:1005100050E700BF90F0000F04BF0021704730B5D6
:100520004FF4806404F1320410F0004548BF4042AB
:100530004FF000013EE700BF42004FEAE2014FEA00
:1005400031014FEA02701FBF12F07F4393F07F4FDB
:1005500081F06051704732F07F4208BF704793F0DE
:100560007F4F04BF41F40021704730B54FF46074F1
:1005700001F0004521F000411CE700BF50EA0102F4
:1005800008BF704730B54FF000050AE050EA01029D
:1005900008BF704730B511F0004502D5404261EB0D
:1005A00041014FF4806404F132045FEA915C3FF44E
:1005B000D8AE4FF003025FEADC0C18BF03325FEAEB
:1005C000DC0C18BF033202EBDC02C2F1200300FA9C
:1005D00003FC20FA02F001FA03FE40EA0E0021FAC1
:1005E00002F11444BDE600BF70B54FF0FF0C4CF4AF
:1005F000E06C1CEA11541DBF1CEA135594EA0C0F61
:1006000095EA0C0F00F0DEF82C4481EA030621EA9B
:100610004C5123EA4C5350EA013518BF52EA0335D6
:1006200041F4801143F4801338D0A0FB02CE4FF088
:100630000005E1FB02E506F00042E0FB03E54FF0B8
:100640000006E1FB03569CF0000F18BF4EF0010EB0
:10065000A4F1FF04B6F5007F64F5407404D25FEAAC
:100660004E0E6D4146EB060642EAC62141EA55515F
:100670004FEAC52040EA5E504FEACE2EB4F1FD0CA1
:1006800088BFBCF5E06F1ED8BEF1004F08BF5FEA1F
:10069000500E50F1000041EB045170BD06F00046D1
:1006A00046EA010140EA020081EA0301B4EB5C047E
:1006B000C2BFD4EB0C0541EA045170BD41F4801176
:1006C0004FF0000E013C00F3AB8014F1360FDEBF9B
:1006D000002001F0004170BDC4F10004203C35DA77
:1006E0000C341BDC04F11404C4F1200500FA05F3FA
:1006F00020FA04F001FA05F240EA020001F000429B
:1007000021F0004110EBD37021FA04F642EB060110
:100710005EEA430E08BF20EAD37070BDC4F10C043A
:10072000C4F1200500FA04F320FA05F001FA04F2FE
:1007300040EA020001F0004110EBD37041F10001EA
:100740005EEA430E08BF20EAD37070BDC4F12005F5
:1007500000FA05F24EEA020E20FA04F301FA05F25D
:1007600043EA020321FA04F001F0004121FA04F205
:1007700020EA020000EBD3705EEA430E08BF20EAD5
:10078000D37070BD94F0000F0FD101F0004640000F
:1007900041EB010111F4801F08BF013CF7D041EA91
:1007A000060195F0000F18BF704703F00046520095
:1007B00043EB030313F4801F08BF013DF7D043EA66
:1007C0000603704794EA0C0F0CEA135518BF95EA1C
:1007D0000C0F0CD050EA410618BF52EA4306D1D1A3
:1007E00081EA030101F000414FF0000070BD50EAC2
:1007F000410606BF1046194652EA430619D094EA4C
:100800000C0F02D150EA013613D195EA0C0F05D135
:1008100052EA03361CBF104619460AD181EA030189
:1008200001F0004141F0FE4141F470014FF0000041
:1008300070BD41F0FE4141F4780170BD70B54FF0DC
:10084000FF0C4CF4E06C1CEA11541DBF1CEA13555C
:1008500094EA0C0F95EA0C0F00F0A7F8A4EB05043E
:1008600081EA030E52EA03354FEA013100F0888035
:100870004FEA03334FF0805545EA131343EA1263FE
:100880004FEA022245EA111545EA10654FEA0026B3
:100890000EF000419D4208BF964244F1FD0404F56C
:1008A000407402D25B084FEA3202B61A65EB0305C8
:1008B0005B084FEA32024FF480104FF4002CB6EB85
:1008C000020E75EB030E22BFB61A754640EA0C0005
:1008D0005B084FEA3202B6EB020E75EB030E22BF45
:1008E000B61A754640EA5C005B084FEA3202B6EB86
:1008F000020E75EB030E22BFB61A754640EA9C0045
:100900005B084FEA3202B6EB020E75EB030E22BF14
:10091000B61A754640EADC0055EA060E18D04FEAD2
:10092000051545EA16754FEA06164FEAC30343EA72
:1009300052734FEAC2025FEA1C1CC0D111F4801F3F
:100940000BD141EA00014FF000004FF0004CB6E738
:1009500011F4801F04BF01430020B4F1FD0C88BFD7
:10096000BCF5E06F3FF6AFAEB5EB030C04BFB6EBE2
:10097000020C5FEA500C50F1000041EB045170BDD5
:100980000EF0004E4EEA113114EB5C04C2BFD4EB02
:100990000C0541EA045170BD41F480114FF0000E86
:1009A000013C90E645EA060E8DE60CEA135594EA02
:1009B0000C0F08BF95EA0C0F3FF43BAF94EA0C0F05
:1009C0000AD150EA01347FF434AF95EA0C0F7FF47A
:1009D00025AF104619462CE795EA0C0F06D152EACE
:1009E00003353FF4FDAE1046194622E750EA4106B2
:1009F00018BF52EA43067FF4C5AE50EA41047FF4C3
:100A00000DAF52EA43057FF4EBAE12E74FF0FF3C27
:100A100006E000BF4FF0010C02E000BF4FF0010CF8
:100A20004DF804CD4FEA410C7FEA6C5C4FEA430C71
:100A300018BF7FEA6C5C1BD001B050EA410C0CBFC0
:100A400052EA430C91EA030F02BF90EA020F002022
:100A5000704710F1000F91EA030F58BF994208BF89
:100A600090422CBFD8176FEAE37040F00100704746
:100A70004FEA410C7FEA6C5C02D150EA013C07D19D
:100A80004FEA430C7FEA6C5CD6D152EA033CD3D0E8
:100A90005DF8040B704700BF8446104662468C46E2
:100AA0001946634600E000BF01B5FFF7B7FF002815
:100AB00048BF10F1000F01BD4DF808EDFFF7F4FF3E
:100AC0000CBF012000205DF808FB00BF4DF808EDC9
:100AD000FFF7EAFF34BF012000205DF808FB00BFEC
:100AE0004DF808EDFFF7E0FF94BF012000205DF80E
:100AF00008FB00BF4DF808EDFFF7CEFF94BF0120C3
:100B000000205DF808FB00BF4DF808EDFFF7C4FFBB
:100B100034BF012000205DF808FB00BF4FEA410C04
:100B20007FEA6C5C02D150EA013C0AD14FEA430CE7
:100B30007FEA6C5C02D152EA033C02D14FF0000024
:100B400070474FF0010070474A0011D212F50012B1
:100B500011D20DD56FF47873B3EB62520ED44FEA15
:100B6000C12343F0004343EA505323FA02F0704795
:100B70004FF00000704750EA013002D14FF0FF30D3
:100B800070474FF0000070477BB972B90029BEBFB3
:100B900000204FF0004106E008BF00281CBF6FF0A6
:100BA00000414FF0FF3000F0D3B9ADF1080C6DE912
:100BB00004CE002909DB002B1ADB00F04DF8DDF82C
:100BC00004E0DDE9022304B07047404261EB4101DB
:100BD000002B1BDB00F040F8DDF804E0DDE9022328
:100BE00004B0404261EB4101524263EB4303704762
:100BF000524263EB430300F02FF8DDF804E0DDE937
:100C0000022304B0404261EB41017047524263EB62
:100C1000430300F021F8DDF804E0DDE9022304B02D
:100C2000524263EB4303704753B94AB9002908BFE6
:100C300000281CBF4FF0FF314FF0FF3000F088B9A3
:100C4000ADF1080C6DE904CE00F006F8DDF804E023
:100C5000DDE9022304B070472DE9F047089D0F46F7
:100C600004468C46002B48D18A42164661D9B2FA16
:100C700082F34BB1C3F1200201FA03FC20FA02F225
:100C80009E4042EA0C0C9C404FEA164EB7B2BCFBA9
:100C9000FEF1220C0EFB11CC42EA0C4201FB07F0E4
:100CA000904209D9B21801F1FF3C80F0EE809042E9
:100CB00040F2EB8002393244121AA4B2B2FBFEF0C9
:100CC0000EFB102244EA024400FB07F7A74209D9B1
:100CD000341900F1FF3280F0DA80A74240F2D78069
:100CE0003444023840EA0140E41B00211DB1DC40DD
:100CF0000023C5E90043BDE8F0878B4206D90DB15A
:100D0000C5E9000100210846BDE8F087B3FA83F188
:100D1000002948D1BB4202D3824200F20781841AE3
:100D200067EB030201209446002DE4D0C5E9004C96
:100D3000E1E7002A00F09280B2FA82F3002B40F043
:100D4000A8808A1A4FEA164E1FFA86FC0121200C51
:100D5000B2FBFEF70EFB172240EA02420CFB07F043
:100D6000904207D9B21807F1FF3802D2904200F240
:100D7000E2804746121AA4B2B2FBFEF00EFB10222C
:100D800044EA02440CFB00FCA44507D9341900F1E5
:100D9000FF3202D2A44500F2CB801046A4EB0C0433
:100DA00040EA0740A2E7C1F120068B4022FA06FC88
:100DB0004CEA030C07FA01F420FA06F3F7404FEA75
:100DC0001C49234300FA01F81FFA8CFEB7FBF9F027
:100DD0001C0C09FB107744EA074400FB0EF7A742FE
:100DE00002FA01F20AD91CEB040400F1FF3A80F088
:100DF0009B80A74240F2988002386444E41B9FB273
:100E0000B4FBF9F309FB134447EA044403FB0EFE69
:100E1000A64509D91CEB040403F1FF3780F082805A
:100E2000A6457FD9023B644443EA0040A4EB0E048C
:100E3000A0FB02E7BC427346B94663D360D05DB104
:100E4000B8EB030264EB090404FA06F622FA01F394
:100E50001E43CC40C5E9006400214CE76208480805
:100E600042EAC1710B0C43EA00438AB242EA0342F0
:100E7000B3FBF6F1E407B4463746B6461F23B0FB92
:100E8000F6F0D21B41EA004161E7614614E71046E3
:100E900028E7C3F1200120FA01F29E4027FA01F170
:100EA0009F403A434FEA164E1FFA86FCB1FBFEF70D
:100EB0000EFB1710110C41EA004107FB0CF88845A6
:100EC00004FA03F43AD9711807F1FF3001D28845CA
:100ED0001FD8A1EB0801B1FBFEF808FB0CF70EFBD5
:100EE000181192B242EA0142BA422FD2B21808F166
:100EF000FF31C6D2BA42C4D2A8F102013244C0E7DF
:100F0000F0459CD2BEEB020367EB0C070138B946F3
:100F100095E7A6EB08084144B81EB1FBFEF808FBB4
:100F20000CF7DCE73B467FE7504667E70846FBE601
:100F30003444023832E7023F32441BE7A1EB080198
:100F40003846B1FBFEF808FB0CF7C8E7414698E7C6
:100F5000704700BF01F082BC01F0CABC01F0F6BCD2
:100F60000048704778CD00080048704786CD0008DB
:100F700000487047BDCD00080B480C4B0C4A10F8D8
:100F8000011B11B14B405343F9E783F0FF030949BB
:100F90000748534311F8012B12B153404343F9E77B
:100FA00083F0FF035843704778CD0008C59D1C812E
:100FB0009301000186CD000840B10378012B4368FE
:100FC00098BF017013434360002303727047000011
:100FD000034690F82400F8B1988BE0B993ED087AB5
:100FE000B5EEC07AF1EE10FA16D9F7EE007AB4EE4B
:100FF000E77AF1EE10FA0FDADFED086A084BF6EE49
:10100000007AE7EE267AFCEEE77A17EE900AC31A2A
:101010005842584170470020704700BF002474496F
:10102000305705002DE9F0411B4FD7F80080B8F18B
:10103000000F2FD100F0C4FD10B90020BDE8F081F1
:1010400001F016FF0028F8D00AF01CF9B0F5B03F07
:101050000646F2D34FF4C0400AF03CF8044600289C
:10106000EBD00AF00FF9B0F5803F054603D22046D9
:101070000AF0CAF8E1E74FF4C042414620460AF0C0
:101080008FF9064B3C601E60054B1D600AF000F9AD
:10109000044B18600120D1E7880000208400002064
:1010A000800000207C00002010B5074C206818B19B
:1010B0000AF0AAF800232360044A00231360044ABC
:1010C0001360044A136010BD8800002084000020D3
:1010D000800000207C00002038B50446002836D06F
:1010E0004FF4F07200210AF05BF9194D012384F8E6
:1010F000D4304FF0FF33C4F8B431C4F8C0312B689A
:10110000003B18BF012384F8D431124B1B68C4F88C
:101110008831114B1B68C4F88C31104B1B68C4F824
:10112000903104F1580000F0F6FB94F8D43133B953
:1011300020468022BDE838400421FFF73DBF2868E3
:101140004FF4C042BDE8384000210AF029B938BD4B
:101150008800002084000020800000207C00002007
:1011600070B5044600B390F8D451EDB100F1A0067B
:10117000304601F095FDD0B994F8A030BBB1012301
:101180000D4984F8D531304601F032FE00280CBFFD
:101190000123002384F8D40084F8D63105D002223C
:1011A00005212046FFF708FF0025284670BD0023D3
:1011B00084F8D5310120E9E76CDF000830B180F810
:1011C000D71119B904220621FFF7F6BE704738B5CA
:1011D000044608B9002038BD00F58875284603F09C
:1011E0004CFD2846FFF7F4FE84F8D8010028F2D120
:1011F000082207212046FFF7DFFEEBE770B5044623
:1012000000286DD000F59C75284603F036FD284671
:10121000FFF7DEFE94ED447AD4ED4E7A84F8D901DE
:10122000B4EE677AF1EE10FA06464FD194ED457AA6
:10123000D4ED4F7AB4EE677AF1EE10FA46D194ED20
:10124000467AD4ED507AB4EE677AF1EE10FA3DD1D9
:1012500094ED477AD4ED517AB4EE677AF1EE10FA54
:1012600034D194ED487AD4ED527AB4EE677AF1EE47
:1012700010FA2BD194F8242194F84C319A4225D1BC
:10128000D4F82821D4F850319A421FD1B4F82C2137
:10129000B4F854319A4219D194ED4C7AD4ED567A7F
:1012A000B4EE677AF1EE10FA10D194F8343194F874
:1012B0005C219A1A534253411D4683F0010384F87E
:1012C000DA312EB123B92E46304670BD0023F3E744
:1012D000082207212046FFF76FFE002EF4D0F2E728
:1012E0000646F1E72DE9F04F95B00446079150B15D
:1012F00021B1DFF8E0A3DAF8003043B980220221FF
:101300002046FFF759FE022015B0BDE8F08F90F897
:10131000D6312BB190F8D73113B190F8D86136B9E6
:10132000802202212046FFF747FE2078ECE7DFF815
:10133000A883D8F8007037B14FF47A75B7FBF5F38E
:1013400005FB137717B120220921EBE702460123A1
:1013500002F8D83B1046059201F0C7FE04F158038D
:101360001846DFF878B3089300F0D5FAD8F80030C3
:10137000C4F8A831B3FBF5F2DBF800300492DB6A65
:10138000C4F8AC210133C4F8B031002BDBD008F035
:10139000A7F800F1010904F055FCB8460690039740
:1013A000079B9847002800F0858020220D212046C9
:1013B000FFF702FE04F046FC069BC01A40F6FC0351
:1013C0009842C4F8A40109D9D4F8A0310133C4F873
:1013D000A031202209212046FFF7EEFDD4F89431F8
:1013E000B3F5006F40F05A81D4F8F830B3F5006FD0
:1013F00040F06281D4F8FC30B3F5006F40F05C81BE
:10140000D4F80021002A40F05781D4F80431002B91
:1014100040F05281D4F80821002A40F04E81D4F8DF
:101420000C31002B00F04B81134684F8DB31D4F8EB
:101430009831B3F5006F40F04581D4F89C31002B12
:1014400040F04081D4F8A011002900F03D811846F9
:1014500084F8DC31D4F89830962B0CD8D4E91E13DC
:10146000D23173F1FF3306DBD4E92013D32973F1B2
:101470000003C0F22C8100263346E16D84F8DD6163
:10148000A1F500656942694184F8DE11002A00F087
:101490000E8118B9626842F0200262601BB963686D
:1014A00043F04003636019B9636843F080036360ED
:1014B000207829E7B8F1000F01D009F1010908F0FF
:1014C0000FF8A9EB0003002B04DD484608F061F893
:1014D00008F006F8A0EB0902002A0ADDD4F89C31D6
:1014E0001344C4F89C31D4F8A0310133C4F8A031BE
:1014F00047E0A9EB00000028F5DCD4F8983101336F
:10150000C4F8983104F09EFB069BC01A40F6FB031A
:101510009842E8D805980CAB012240F21D7101F009
:10152000F1FD10B11022082141E79DF84A2012B9BF
:1015300080220C213BE7139A099022F07F4222F08F
:10154000FF02B2F5807FF3D1DDE9101000F0C8F999
:10155000B0F5803F0546EBD2D4F8C8218218E7D217
:10156000099B0B93B8F1000F0ED1109F109B0393B2
:101570000BAB00930399049B4246384600F0B2F946
:1015800098B92022092112E70399109800F0A8F9D0
:10159000D4F8B4318342D4F8B83188BFC4F8B40168
:1015A000834238BFC4F8B801E0E70B9BD4F8BC21F4
:1015B000002BB8BF5B429A42049A38BFC4F8BC31D2
:1015C000934290D2BDF83010089800F0AFF910B9EE
:1015D00080220321EBE6DAF8001010980C2202FBBF
:1015E00008F28B188850BDF84800BDF830209A806A
:1015F000D8801D819DF84D209A729DF84E20DA7298
:10160000D4F8C031AB42D4F8C43188BFC4F8C0515B
:10161000AB42D4F8C83138BFC4F8C4512B44C4F825
:10162000C831DBF80030DA6A08F101080132C4F889
:10163000948108D0002340011946FFF7F5FA1F28CE
:10164000024628BF1F22012303FA02F2D4F8D03148
:101650001343C4F8D031D4F89830962B02D94022E5
:101660000A21A4E6D4E91E23002B0FDA524263EBD1
:101670004303D32A73F10003D4E9200103D2D32812
:1016800071F1000105DB40220B2190E60022134698
:10169000EFE7B8F5006F7FF483AE8BE6002384F8A4
:1016A000DB31A4F8DC3184F8DE3118461946626873
:1016B00042F010026260ECE600231A46B5E63346BB
:1016C0000122B2E60023C2E633460120C0E6012330
:1016D000D3E600BF88000020000000209008002012
:1016E00010B5044608B9002010BD00F5B07003F035
:1016F000C4FA94F884316BB9D4ED607AF5EE407A8F
:10170000F1EE10FA06D1B4F87C311BB9012084F84F
:10171000DF01E9E7002384F8DF314FF480720E2106
:101720002046FFF749FCDEE710B50446002850D0FC
:1017300090F8583053B100F11001583000F0C6F95C
:1017400020B9802203212046FFF736FCD4F8B431BB
:10175000013304BF0023C4F8B431D4F8C0310133DD
:1017600004BF0023C4F8C031D4F894312BB1D4F8AD
:10177000C82102EB5302B2FBF3F3C4F8CC3109F0F9
:1017800087FD2378C4F89001012B23D194F8D4313C
:10179000E3B194F8D631CBB194F8D731B3B194F822
:1017A000D8319BB194F8D93183B194F8DA318BB93F
:1017B00094F8DB3153B194F8DC313BB194F8DD316E
:1017C00043B194F8DE310BB194F8DF3103F001003E
:1017D000207210BD0023F9E7014B1868704700BF65
:1017E00088000020CBB210B50A4C5840082340F3C3
:1017F00000022240013B82EA5000F8D180EA112029
:10180000082340F300022240013B82EA5000F8D155
:1018100010BD00BF2083B8ED081AB0F5004F02DB01
:10182000A0F58030704710F5004FB8BF00F580304C
:101830007047F8B51E46CAB3C3B301F50043B3F50C
:10184000803F33D20F0457EA10474FEA00454FEA72
:10185000520410D4E343AB426FF00043BB4125DB9D
:1018600028194FF0000347F10001FFF78DF9C6E991
:1018700000010120F8BD11F5004F08BF002815D068
:101880006B426FEA040067EB470198426FF0004338
:101890008B410BDB601B67EB47010023FFF774F9FB
:1018A000404261EB4101C6E90001E2E70020E1E7C7
:1018B00070B5144678B179B182B1054600EB4106A6
:1018C0004FF0FF3035F8021BFFF78CFFB542F9D11E
:1018D000C0432060012070BD0846FCE71046FAE7CF
:1018E000401A704730B5039C054683B18CB1A2FB0A
:1018F0000323002053B9491B891A63EB430311F1F9
:10190000004243F100030BB92160012030BD1846AD
:10191000FCE72046FAE710B5044630B14822002122
:1019200009F03EFD4FF0FF33636410BD2DE9F74F22
:1019300088460446002854D043680193013350D0B0
:101940000378DBB900260027C0E90413C0E90613B9
:10195000C0E90867C0E90A67C0E90C67C0E90E671B
:10196000012202704260018141810364606CFFF7D3
:1019700039FF6064012003B0BDE8F08F4089FFF7B4
:101980004BFF0746002FD4E906624FEAE0702ADDDC
:10199000FB43B3426FF00043A3EB0003934120DB12
:1019A000F61940EB0200D4E90432002A25DA5D1E64
:1019B00062F10041B542814113DBF31A60EB020290
:1019C000012B72F10001D4E90C5C1FDBD943A94261
:1019D0006FF00041A1EB020171EB0C014FF000012F
:1019E00069DA0020C7E7DBD079424FF0004363EBB0
:1019F00000038E4272EB0303D1E753EA0201DCD00D
:101A000002F100419E4270EB0101D5E753EA020169
:101A100013D0D3F1000E4FF0004161EB0201754588
:101A20007CEB0101DDDB27498B424FF0FF3172EB8C
:101A30000101D6DBED184CEB020C03FB02FEA3FB0D
:101A4000039101EB4E0159EA010BD4E90EEA09D0EA
:101A50006FEA090BF3456FF0004BABEB010B7BEB2F
:101A60000A0BBEDBC4E90660D4E908601EEB090E70
:101A700041EB0A0A002FB8BF7F42B34272EB00006D
:101A8000D4E90A60B8BFC4E908329E429041B8BFA9
:101A9000C4E90A320199236CA4F80A8001F1010912
:101AA000BB42C4E90C5CC4E90EEAC4F8049038BF38
:101AB000276441465AE7DFF810E09E4571EB020EBD
:101AC000B7E700BFCD0CFB4A33F304B52DE9F04F67
:101AD000884695B0044628B94FF0000B584615B01B
:101AE000BDE8F08F0029F7D00378002BF4D0D0F8B0
:101AF00004A0BAF1000FEFD04822002102A809F09B
:101B00004FFCD4E90856002ED4E90A7946DA6A1E59
:101B100066F10043BA4273EB0903DDDBD4E904301C
:101B20000028D4E9062142DA13F1FF3E60F1004CAF
:101B300096457CEB010CCFDBD4E90CBCB7EB050E72
:101B4000CDE900BC69EB060CD21A61EB0001CDE9CE
:101B50000A210CABDDE900015246CDE908ECFFF7A4
:101B600068FE83460028B7D0A168D4E91023CDE9E8
:101B700002A1DDE9000194ED0E7BDB43CDE90E010E
:101B8000CDE9122302A948224046CDE90456CDE909
:101B900006798DED107B09F095FC9FE755EA060369
:101BA000BCD006F10043AF4279EB0303B5E753EA3B
:101BB000000CC1D000F1004C9A4271EB0C0CBAE75A
:101BC0002DE9F041484CA6B00525D4F80080B8F1C5
:101BD000000F03D1002026B0BDE8F0816668002E1A
:101BE000F8D04422002102A809F0DAFB4FF0FF33BD
:101BF0001393002738F8171002A8FFF797FE002864
:101C0000E8D00137BE42F5D1002314A902A8019300
:101C1000FFF75CFF0028DDD001AA31464046FFF700
:101C200047FE0028D6D0149B9E42D3D1D4E902139C
:101C3000DDE916029A4208BF8842CBD1D4E90413E9
:101C4000DDE918029A4208BF8842C3D1D4E90613DD
:101C5000DDE91A029A4208BF8842BBD1D4E90813D1
:101C6000DDE91C029A4208BF8842B3D1D4E90A13C5
:101C7000DDE91E029A4208BF8842ABD1236B249A49
:101C80009A42A7D1626B259B9342A3D1019A9342BA
:101C9000A0D1013D04F1380497D14422294602A87D
:101CA00009F07EFB4FF0FF3313934FF0FF326FF0DC
:101CB00000430124CDE9082302A9482214A88DF885
:101CC0000840039409F0FEFB214602A8FFF72EFE10
:101CD00040B9482214A902A809F052FBB0FA80F0DA
:101CE000400978E7284676E7A8DF0008B5EEC00A85
:101CF000F1EE10FA11D9F7EE007AB4EEE70AF1EE40
:101D000010FA0CDA9FED077AF6EE007AE0EE077A29
:101D1000FCEEE77A17EE900A704700207047024801
:101D2000704700BF0024744940420F00014B1878EF
:101D3000704700BFAC0300200FB400B5ADF5037DC4
:101D400084AB4FF4007153F8042B019302A809F0FF
:101D500009FB00280ADB40F2FF139842A8BF18468F
:101D600082B26423044802A907F080F90DF5037DCF
:101D70005DF804EB04B07047780700202DE9F04FC0
:101D80002DED028BADF56B7D4EAC902200212046EF
:101D900009F006FB4EF6A0120021B64809F000FB40
:101DA0004FF4C8720021B44809F0FAFA4FF4C8722F
:101DB0000021B24809F0F4FA0123237072AF4FF00A
:101DC000FF33A36302F040FF02F050FF3846FFF7F5
:101DD00083F997F8D431C3B13846FFF7C1F9A0B100
:101DE00064A82AAD01F081F940F21D712B4603224F
:101DF00064A801F087F90146002800F0FE81022363
:101E0000237000213846FFF7D9F9002320931D9352
:101E100002F01AFF9FED9A0A002002F017FF1D9BA7
:101E20004EAD23B103F00EFF209BC01A6860B5F8D9
:101E30004E30944EDFF8989242F6AB2272ACB3FB70
:101E4000F2F1204602FB1133A5F85030FFF748FCB1
:101E50002046FFF769FC2B78EF690D2B96BF8A4A65
:101E60008A4A52F823204FF4004319460020E7FB2A
:101E70000610090C41EA00411491A8697D4F002128
:101E8000E0FB06311B0C43EA01431393B5F85030D5
:101E90001293B5F84E301193B5F84C301093AB6CEB
:101EA0000F936B6C0E932B6C0D93EB6B0C93AB6BD6
:101EB0000B9395F836300A93AB6809936B680893D7
:101EC0004FF4FA704FF49673CDE906304FF4AF73C8
:101ED000059395F83530049395F8343003932B6BC4
:101EE0000293EB6A019341F623730093AB6A68494E
:101EF0006848FFF721FF6B6A95F8532095F8521058
:101F00006548FFF719FFD5F88C300693D5F888306F
:101F10000593D5F884300493D5F880300393EB6FA4
:101F20000293AB6F01932B6A0093D5E90423E96810
:101F30005A48FFF701FF4FF00008AB689845C0F022
:101F4000EF83002008F0B2FC064609F09BF9054635
:101F500009F09EF92946024633465148FFF7ECFE48
:101F6000FFF73AFC23780E2B96BF4E4A474F52F8A4
:101F70002370227A4C4B002A0CBFB84698464B4B34
:101F800041F62372CDE9033200214FF400634FF490
:101F90007A72CDE90131009245493D4A05464548EE
:101FA000FFF7CAFE444B0093414B394A4348194658
:101FB000FFF7C2FED4F8B0310093D4E96A233C495C
:101FC0003F48FFF7B9FE94F8D030012B00F0F983B9
:101FD0003C4E2E4A022B18BF164694F8D40094F8B3
:101FE000D59194F8D6A100F037FFD4F8CC300993FE
:101FF000B4F8CA30089394F8A830079394F8A7303F
:10200000069394F8A630059394F8A530049394F8B9
:10201000A4300393B4F8A2302549CDF800A0CDE94F
:102020000103324628484B46FFF786FE636D0B934B
:10203000A36B0A93236D0993236B0893A36A0793F9
:10204000236A0693A3690593E38A0493A38A0393FF
:1020500023690293636816491C48CDE900833A4618
:10206000237AFFF769FED4F8D0310893D4F8CC3145
:1020700030E000BF000000101C0200208C00002097
:1020800000000000407E0500FCE00008D0CD000804
:1020900017CE000849CE0008FECF00084ED0000839
:1020A00054D20008C0E00008FACD000830570500FF
:1020B00086CD0008A9D20008BDCD00088ED3000847
:1020C000EFD300080ACE000854D400087AD50008DF
:1020D000EFCD00080793D4F8C4310693D4F8C0318B
:1020E0000593D4F8BC310493D4F8B8310393D4F8F1
:1020F000B4310293D4F8A4310193D4F8A031009301
:10210000D4E966238D498E48FFF716FE94F8DE3138
:10211000079394F8DD31069394F8DC31059394F835
:10212000DB310493D4F80C310393D4F808310293D3
:10213000D4F804310193D4F800310093D4E93E235C
:102140007E498048FFF7F8FD002008F0AFFB94EDD2
:102150004C0A0646FFF7CAFD94ED560A0346FFF700
:10216000C5FD94ED600A0246FFF7C0FD0C90B4F87F
:102170007C110B9194F884110A9194F8DF11724844
:10218000CDE90821B4F85421079294F85C216B49F9
:10219000CDE90532B4F82C31049394F8343103932B
:1021A00094F8DA31029394F8D931019394F8D83144
:1021B000009394F8D73194F8D421FFF7BDFDD4E90A
:1021C000627809F05FF80296D4F890315B49CDE966
:1021D00000033A465D484346FFF7AEFD3DB1002699
:1021E000D4F894319E4205F10C05C0F0EC820DF557
:1021F0006B7DBDEC028BBDE8F08F2B88A4F84C30D2
:1022000042F6AB22B3FBF2F002FB103606F688363C
:10221000B6B2A4F84E30B6FBF2F302FB1366951B80
:10222000B5FBF2F302FB1355D22D8CBF0023012323
:10223000B5F57A7F84F8343034BF00230123A662D9
:10224000E56284F8353075B14FF4166C41F25550A3
:10225000E5FB0C0142F6AB220023FEF7E5FCF0287B
:1022600038BFF02005469FED3A0A2563304602F05C
:1022700009FD1D9008B90323C2E53AAD284602F0D6
:10228000FCFC9DF80C61002E52D1DDED427AF5EE9A
:10229000407AF1EE10FA4BD1A36ABDF804119AB25C
:1022A000914245D107EE903A9DED3C7AF8EE677A7F
:1022B000B4EE677AF1EE10FA3AD1012784F8527041
:1022C00003F0C0FC44AD209002F0BCFC284602F0B4
:1022D000D4FC9FED208A95ED087A95F8243021935F
:1022E000F6EE007AE7EE087AFCEEE77AC4ED097ABA
:1022F000A3BB002384F853300424B4FA84F14909C1
:1023000072A88DF83841FEF759FF9DF83831002B3F
:102310007FF47EAD72A8FEF75AFF00283FF478AD37
:102320000D4972A8FEF7DEFF72A8FEF767FF6FE5A2
:102330000021032384F85210237063E586CD000842
:1023400080D600089FD700087ED80008B5D90008BD
:1023500000000000002474492D1D0008AA8B238D65
:102360009A42C6D1B5EE407AF1EE10FAC1D1236B94
:102370001B9303F54873279384F8537007F0B0F864
:10238000CDE92566934B1A9017931F96B2461E9679
:102390003546914B1B78002B40F0B481002D00F0A6
:1023A00009811A9B0133189307F09AF8189B1A9029
:1023B0001B1A002B40F3E580189807F0EAF8189BE9
:1023C0001A93002319931E93B5F5967FC0F0F880F9
:1023D0001B9B179ADDF8648103F59673AB422CBF03
:1023E0004FF0010B4FF0020B1B9B934229D9002A9F
:1023F00000F0EA80DDED1B7AF8EE676A07EE902ABE
:10240000F8EE677ABAEE0E6A87EEA67AF1EE086AFF
:10241000A7EE266AF2EE046AE7EE066A67EE077A2E
:1024200067EE877A07EE108A67EEA67AB8EE470A5B
:1024300027EE800A09F006FD20EAE0708045A8BF7B
:102440008046589BDFF8A09142F6AB224344B3FB91
:10245000F2F102FB11339BB22893604B2898B5F53B
:10246000967F3EBF6B434FF49672B3FBF2F3249317
:10247000DDED247AD9F804301C93B8EEE70A80EE3B
:10248000080A02F0E3FB32AB032240F21D7164A89C
:1024900000F038FED9F804301C9A9B1A22930446A7
:1024A00007F01EF8539B229A29909A4284BF134644
:1024B0005393002C40F028812C9B349FFF1AA7EBEC
:1024C0000A031C931C9A4FF47A735343B5F5967F15
:1024D000239308BF6097BBF1000F00F08780609ADC
:1024E000BBF1010FA7EB0202A8EB02027FD11B9BFD
:1024F000002B7CD017996423B1FBF3FC03FB1C1C5D
:10250000FEB963291ED9364B53F82C30B8EB030EB5
:102510006AEB0A0ABEF13C0F7AF1000312DB314983
:1025200051F82C10FB170846791A63EBE073491831
:102530005B41714573EB0A0304DBCDE95C588DF810
:102540006EB1219E264B43F82C80264B43F82C700D
:10255000002E4ED05F9B9A424EA938DC259BD318A3
:102560002593269B43EBE27326931F9B01331F9316
:1025700040F6AB239A4200F3C980219E39E0BA4667
:1025800007E71A9B189A9B1A002B19937FF717AF2E
:10259000519A1999013251921E9A01321E92529A01
:1025A0001E9B914284BF0A465292022B7FF60CAFCB
:1025B0000824A2E61A9BAB46CDE91835A84640E7A9
:1025C0004FF0000BD8463CE7DDF85C8039E74A6401
:1025D000C4E700BFD4FEFFFFAC0300203057050066
:1025E0008C0000201C020020001000E05A46002E43
:1025F000BED11C99239B5498BDF8C8E0ADF886E184
:102600000029BCBF0B46594287EAE77CB8BF239B31
:10261000ACEBE77CB8BF5B426045559838BFCDF85E
:1026200050C18842569838BF5591984238BF56934A
:10263000714B6B43B3F1553F0DF59C7A02D9279B43
:10264000AB4237D1DDF8409140F22B4399455FD83A
:102650006A4B4FF0380A18460AFB09FA534440F80F
:102660000A5018985860299898602298D86019984C
:10267000586124981F62C3E906081C985862239881
:10268000A3F830E0C3E90A02289A5A8600221A61A8
:102690009A869DF8E22083F836B083F8376032B12D
:1026A000DDE93602121A1A61BDF8E0209A8609F1B6
:1026B0000103509396292DD842F6E0639C452BD810
:1026C00003F0C0FA209BC01AB0F57A6F26D2179B90
:1026D00001331793279B0135AB42BFF450AF1F9BCB
:1026E0004EAD33B11A46DDE925010023FEF74CFA61
:1026F000286495F83530002B3FF4FFAD002E08BF5D
:102700000C24FAE50B24F8E50524F6E50D24F4E5A0
:102710000A24F2E50724F0E50624EEE50924ECE5B9
:1027200097F836303968002B44D0354A012B18BF52
:102730004A4634483E6A3B8E86FB000CBCF1000FD3
:102740003ADB10F500404CF1000CB7F834E0CDF85E
:1027500034E03E690C96FE680B967E690A96BE6868
:1027600009967E68089697F837E0CDF81CE0BE69B8
:102770000696FE690596B7F832E0CDF810E0FE6ADD
:102780000396BE6A02967E6A0196BCF1000F05DAD6
:102790004FF6FF7E10EB0E004CF1000C000C40EAEF
:1027A0000C4000901848FFF7C7FA08F101083837C5
:1027B000FFF7C3BB154ABCE7B0F500404CF1FF3C46
:1027C000C3E7134E09E415F8012C35F8083C0492D0
:1027D00015F8022C039235F8042C029235F8062CD9
:1027E000019255F80C2C00920A490B483246FFF72B
:1027F000A3FA0136F4E400BFABAAAAAA00000010B5
:10280000E3CD0008407E05001BD10008D8CD0008AC
:10281000FFCD000886CD000861DA000807B50C4E30
:102820000C4D0D4C30684FF0FF3300220DF10701C5
:1028300006F045FF28B102F007FA00232B70237041
:10284000F0E79DF80730012BF5D1FFF797FAF2E793
:10285000B4030020AD030020AC0300202DE9F843B1
:10286000DFF8848002F0F0F998F800301BB1002402
:102870002046BDE8F883174F3B68002BF7D1DFF8FF
:102880006C90D9F80050002DF1D1FEF7CBFB044637
:102890000028ECD001212A46084606F0A4FE386044
:1028A00010B9FEF701FCE2E70B4A0C48294606F096
:1028B0001EFE0646C9F8000020B9386806F02FFF52
:1028C0003E60EEE7064B1D70064B1D70012388F835
:1028D0000030CDE7B403002034E100081D280008D3
:1028E000AD030020AC030020AE030020B0030020A5
:1028F000124B1B7873B503F0FF061BB902F0A4F965
:10290000002607E00E4D0F4A2978012301F0FF044D
:1029100019B11370304602B070BD0B482B708DF8A2
:10292000073014700068234622460DF1070106F0B7
:1029300095FE0028EED02C70E0E700BFAE0300202B
:10294000AD030020AC030020B4030020014B187835
:10295000704700BFAD03002008B5054800224FF4C2
:10296000006103F04FFEBDE8084001F011BE00BF5A
:102970000000024008B5054800224FF4006103F052
:1029800041FEBDE8084001F003BE00BF0000024068
:1029900002480122402103F035BE00BF000402407E
:1029A00002480022402103F02DBE00BF0004024077
:1029B00037B5002304460D46ADF80430FFF7F0FFAD
:1029C000D2238DF8003012488DF801400A230222EC
:1029D000694605F005F90446FFF7DAFF34B1032C28
:1029E0000CBF02240324204603B030BDFFF7D8FFFC
:1029F00007480A23022201A905F08FFA0446FFF7CF
:102A0000C7FF002CEBD19DF805302B70EBE700BF22
:102A100098090020084B834210B50BD1074C23784E
:102A2000012B07D1064B5A68064B1A60FFF7B0FF1F
:102A30000223237010BD00BF98090020BC030020B2
:102A4000001000E0B8030020084B834210B50BD102
:102A5000074C2378012B07D1064B5A68064B1A60A6
:102A6000FFF796FF0323237010BD00BF98090020D5
:102A7000BC030020001000E0B803002000487047AD
:102A800059DC000807EE900A9FED057A9FED050AD4
:102A9000F8EE677A67EE877A27EE800A704700BF04
:102AA0000000B4430000803713B5044610B900207D
:102AB00002B010BD0DF107011A20FFF779FF0028C1
:102AC000F5D19DF80730DA092270C3F380026270F5
:102AD000C3F3400203F00103A270E3700120E7E7B3
:102AE0002DE9F04707460C4619B100230B604B60F7
:102AF0008B60002F6DD0384B5968384B1A68536A79
:102B00001CB1238101232160A372354E317801F07D
:102B1000FF0319B103252846BDE8F0873149DFF8E6
:102B2000C880DFF8D4900B70C9F800304B7088F87B
:102B3000003088F80130012333703CB1264B5B68CC
:102B40002360536A238140F201136381FFF728FF5A
:102B5000254A24492548022305F07CFA054638B168
:102B6000FFF716FF0023032D3370D3D10225D2E7E0
:102B7000DFF864A01E4B1F4A1B68DAF80410B3FB91
:102B8000F2F342F2107253433278012A0ED03378B6
:102B9000DBB214B1D9F8002062600022022B32703F
:102BA000B8D1B8F800305BBA3B80B4E7DAF804205B
:102BB000521A9342E8D804230C48337005F0CEFA39
:102BC000FFF7E6FE14B1DAF80430636000233370D7
:102BD000CCE701259FE700BF001000E0900800202F
:102BE000BC030020BF030020BD0300209809002083
:102BF0000000002040420F00B803002009B1FFF799
:102C0000D7BE0120704730B548B10023002400250D
:102C1000C0E90245C0E9043303704380836130BDDD
:102C200070B5049D002838D0002D36D0002B34DB41
:102C3000047864B901230370436941800133C0E91A
:102C400002140261436129606C60002070BD4488F9
:102C50000C1BB4F5004F0CDDA4F5803484EAE47657
:102C6000A6EBE476B3420ADA836901338361042078
:102C7000ECE714F5004FB8BF04F58034EEE7D0E977
:102C80000236026142694180E31846EBE474013286
:102C9000C0E9023442612B60D6E70120D6E700008C
:102CA0002DE9F7430446002800F0868034220021F5
:102CB00008F076FB002001A98DF804008DF80500CE
:102CC0008DF80600FFF774FE04F10806002843D0D3
:102CD00000259DF805209DF8043043EA0223638017
:102CE0004FF000089DF80630A371A4F82A80B14681
:102CF00020270DF1070138468DF80780FFF758FEB1
:102D000010B18DF8078000259DF8073009F8013FC4
:102D100013B1638D013363850137FFB2402FE8D1D2
:102D2000264904F128074FF0FF3316F8012F082039
:102D3000534043F300020A40013882EA5303F8D1BA
:102D4000B742F2D1DB43E36225706DBB84F83050AB
:102D5000052003B0BDE8F0830DF105010120FFF768
:102D600027FE0028B4D1211D0920FFF747FF0028C6
:102D7000AED1611D0D20FFF741FF0028A8D10DF154
:102D800006011A20FFF714FE0028A1D1E11D1C2026
:102D9000FFF734FF00289BD131461F20FFF72EFF9D
:102DA000B0FA80F56D0994E7638D002B14BF022300
:102DB000012384F83030CCE70120CAE72083B8ED46
:102DC000024678B103786BB190F8301051B1837935
:102DD00013F0870008D1012908D1538D002B18BFAB
:102DE000032070470120704702207047032070477E
:102DF00038B505460C46FFF7E3FFE8B9ECB16A8841
:102E000023889A421BD12A79A3789A4219D16A79E8
:102E1000E3789A4217D1AA7923799A4215D1EA79AF
:102E200063799A4213D12A7AA3799A4211D1EA6A34
:102E3000A3689A4218BF0B2038BD0420FCE7052088
:102E4000FAE70620F8E70720F6E70820F4E709206C
:102E5000F2E70A20F0E700000B289ABF024B53F874
:102E600020000248704700BF58E1000875DC0008E8
:102E70002DE9F04F95B00021342207A808F090FA10
:102E8000012605233E4A8DF8213007A812928DF8BD
:102E90001C608DF84C60FFF793FF3A4A044607CA5E
:102EA00004AD85E80700294607A8FFF7A1FF002128
:102EB000039007A8FFF79CFF2946834607A8ADF8B3
:102EC0001E60FFF795FF00272946824607A8ADF848
:102ED0001E708DF82060FFF78BFF4FF48061ADF816
:102EE00020108146294607A8FFF782FF05238DF8A9
:102EF000213029460823804607A88DF82230FFF7A5
:102F000077FF4FF480710290ADF8221007A8294690
:102F1000FFF76EFF2946019007A88DF823708DF802
:102F20002460FFF765FF039A8DF824700146164868
:102F3000129044EA020010F0FF001ED1BBF1040F12
:102F4000029B17D1BAF1050F14D1B9F1060F11D1B7
:102F5000B8F1070F0ED1082B0CD1019B092B09D119
:102F60000A2907D1294607A8FFF742FFA0F10B0362
:102F70005842584115B0BDE8F08F3846FAE700BF17
:102F8000AD550A19C0CC0008AC550A19074AD2F849
:102F9000FC3043F08073C2F8FC30054B00225A60CD
:102FA0001A6842F001021A60704700BF00ED00E0AD
:102FB000001000E008B5FFF7EBFCBDE80840FFF7A4
:102FC000E5BF70B50446049868B1002B0CDA561EB4
:102FD00063F10045A6428D410FDBA41A61EB0301AA
:102FE000C0E90041012070BD52EA0305F5D003F1AC
:102FF0000045944271EB0505EEE70020F3E72DE96B
:10300000F041054601248C4201D3BDE8F08155F81A
:10301000087F6E682B46224653E902EC774576EB33
:103020000C0805DA013AC3E900ECA3F10803F3D177
:1030300000EBC20340F8327001345E60E3E7000049
:10304000014B5868704700BF001000E0034A536806
:103050005B1A002B00DB704700BFF8E7001000E0B0
:10306000806E7047D0F88C30072B9FBF5A1C00EB46
:103070008303C0F88C20D966836E5B1A002BB8BF1F
:103080008166704770B5D0B1C9B1C2B1D0E91843FB
:10309000A34214D25C1C446600EB83050024146038
:1030A00094605460AC691460C41830F8133094F81C
:1030B000586096720B80AB6B8366207C70BD0120DC
:1030C000FCE738B504460D469022002108F068F967
:1030D00025662A4604F158000121BDE8384008F071
:1030E0005FB908461146FFF7FBBC10B5044640B176
:1030F0003822002108F054F92046BDE81040FFF7BF
:1031000082BD10BD2DE9F04789468AB090461C4625
:103110000546002866D0002B64D0002A62D0002922
:1031200060DB202200211846012608F039F94FF013
:10313000000A267707AF2B6AADF80EA00133012EE7
:103140002B62C7E900AAC7F808A0667706D9AB6A60
:103150000133AB62A37F43F00103A37739460DF13E
:103160000E00FFF7BDFC844697E8070004F110034A
:1031700083E80700604690B1EB6A0133EB62A37FFE
:1031800043F002030136F6B2B045A3772077D2D2DE
:1031900043F00803A3776B6B01336B631FE00022DE
:1031A0000023CDE9042304AB0093079ABDF80E1069
:1031B0004B462846FFF734FD30B12B6B01332B63B0
:1031C000A37F43F00403DDE7BDF80E302380DDE983
:1031D00004232077C4E902236B6A01336B620AB0CF
:1031E000BDE8F0870120FAE72DE9F843089F8446FF
:1031F0000020B7B3012A73F100051DDBB1F1004FC8
:1032000008BF844518D0540844EAC374D4F1FF3889
:103210006FF0004581424FEA630EA5EB63050DDBBD
:10322000E0458D4108DB1CEB04004EEB0101FDF78E
:10323000ABFCC7E900010120BDE8F883DCF100091F
:1032400061EB4106C845B541F6DBB4EB0C006EEB13
:103250000101FDF799FC404261EB4101C7E9000122
:10326000E9E73846E8E7F7B50346084661B192B3A7
:10327000490803EBC10510F0010053F831306968CB
:1032800004D0C2E90031012003B0F0BD012B55E9A3
:10329000024671F1000512DBDD43A5426FF00045E7
:1032A000A5EB0105B541EFDBE01800924FF00003FC
:1032B0004FF0020246EB0101FFF796FFE4E753EA05
:1032C0000105F1D05F424FF0004565EB0105BC42BE
:1032D00076EB0505E7E71046D6E72DE9FF41944672
:1032E000DDE90A270C9E044688461AB9002004B07E
:1032F000BDE8F081002FF9D0002EF7D0002000218A
:10330000CDE902014FF0FF3003F500454FF6FF71A4
:10331000604571EB0505E9D308F50045A042A941D8
:10332000E4D3190402AB00934FEA0C40002341EAB6
:103330001C41FFF759FF0028D8D0DDE90232012BEC
:103340004FEA084172F1000541EA14414FEA044492
:103350000FDBDD43A5426FF00045A5EB02058D4173
:10336000C4DBC7E900321B1942EB0102C6E9003297
:10337000BDE753EA0205F4D0D3F1000C4FF000454D
:1033800065EB0205644571EB0505E9E72DE9F043BE
:1033900085B0DDE90C540E9EDEB104F500474FF018
:1033A00000084FF00009B7F5803FCDE9028910D23F
:1033B00002AF0097FFF705FE58B1DDE902012304D3
:1033C0002A0443EA15430C9605B0BDE8F043FFF725
:1033D000F8BD002005B0BDE8F0830000000000004B
:1033E0002DE9F04F2DED028B99B0DDE924580893BB
:1033F0002A9C289B0D93299B0C900592099334B12C
:1034000090220021204607F0CBFF0123E3700C9BA4
:10341000002B00F06082002D00F05D82B8F1000FFB
:1034200000F05982002C00F05682D8F80030002BB2
:1034300000F05182D8F80430002B00F04C82AB68C9
:10344000002B00F04882EA68934200F244826A69E5
:10345000002A40F34082AA69002AC0F23C82287800
:10346000012800F2388206D16A68002A44DDD8F8C3
:103470000820002A40D0269A52B1279A934200F29F
:103480002A82402B00F22782099A002AC0F2238266
:103490004FF0FF306FF00041C4E9060100204FF00B
:1034A0000041059AA260C4E908019FED9B8B0027AB
:1034B000089AE2602365A7703E46BA46D4F8549055
:1034C000994511D304F13003029304F12803CDE9A7
:1034D000009305980899D4E90423FFF7FEFE00281D
:1034E00040F01E81207009E1A26DEB689A4208D37A
:1034F000002323700720E07019B0BDEC028BBDE8FB
:10350000F08F2B78012B2FD194F801B0BBF1000F75
:103510002ED0A36F6A69F31A934203D90023237054
:103520000820E8E7D8F80830D8F80C00314698476A
:10353000B146D8F80030D8F80C00ADF838A014AA7D
:103540000EA9CDE914AACDF858A09847A26D511C38
:103550009DF85A20A165034662B9636E84F800A005
:10356000013363660620C6E74FF00009CB46E0E76B
:10357000D946DEE7149AE267012945D1A267297886
:10358000012902D16E6861701644D8F80420D8F879
:103590000C0006939047A26F6969821A8A4283469B
:1035A000C4F88020BAD8069B8DED108B002B40D03C
:1035B0009A1ED2B2012A02D8E26D0132E26523716D
:1035C000A36E0137BB422B6938BFA766BB428FD3BE
:1035D000D4F85490AB689945BFF474AF2A78012AA7
:1035E0007FF46CAFBBEB060B3FF568AFE26E69682A
:1035F000BBFBF1FB0BF1010B12EB0B02BFF478AF3D
:10360000E2660BFB016659E7BBF1000FBDD0A2EBF0
:103610000901002908DAA9EB0201626F8A4238BF6A
:1036200061676E684E44B0E7FBD0226F01322267BB
:10363000F3E710AB0093AB69149ABDF838100C98FF
:10364000FFF7EEFA0428034603D1226E0132226608
:10365000B5E70028B3D1DDE91023CDE9062312AB8D
:103660000093DDE90601059A089B8DED128BFFF7AB
:10367000A8FC002840D0DDE91232012B72F10007CE
:10368000D4E904102BDBDF438F426FF00047A7EB38
:103690000207874130DBC91840EB0200C4E904107F
:1036A0002699676D61BBD4E90601834272EB010183
:1036B000D4E90801B8BFC4E9063298429141B8BFC5
:1036C000C4E908321FB9DDE90623C4E91023DDE9A6
:1036D000062301376765C4E91223002778E753EA18
:1036E0000207D8D0D3F1000C4FF0004767EB020778
:1036F000614570EB0707CDE7002323700920FAE648
:103700002799B942CFD92699269801EBC70140F8ED
:1037100037304A60C7E700BF00000000000000002B
:10372000269B002B00F0B98009F1FF333F2BC4F832
:10373000849000F2B28026984946FFF760FC4FF073
:10374000000A4FF0000B0EAACDE90EABFFF78BFD80
:10375000002800F0A280269D634E05EBC9030C9360
:103760002F460DF15008DDE90E23CDF80080F7E873
:103770000201CDE90A23CDE914ABFFF722FC0028B2
:1037800000F08F80DDE91432002A02DA5B4262EB3E
:103790004202C6E900320C9BBB4206F10806E2D1A8
:1037A00051484946FFF72BFC0026002710AACDE917
:1037B0001067FFF758FD00286FD0DDE910014B4B73
:1037C00083424B4B8B41CDE9126766D340F207260B
:1037D00012ABA0FB060700936422002306FB0171D5
:1037E000FFF702FD002858D0DDE912AB0D9B9A458A
:1037F000099B9FED3B7B7BEB03034FF00007BCBFB6
:10380000DDF834A0DDF824B00697B846B946D5E90E
:10381000006114AB00933046DDE90A2309918DED78
:10382000147BFFF7CEFB0835099900283ED0DDE96F
:103830001432002A02DA5B4262EB42029A457BEBC9
:10384000020244DB012E71F1000334DBF343BB427F
:103850006FF00043A3EB010373EB08031DDBF619C4
:10386000374641EB080809F101090C9BAB42CED168
:10387000069BC4E92239B9F1000F0ED004F13803D8
:10388000029314ABCDE90093059808993A46434654
:10389000FFF723FD08B10123A3700123237000204B
:1038A00029E64FF0FF336FF0004272E74FF0FF332D
:1038B0006FF00042C2E756EA0103D0D072424FF0E7
:1038C000004363EB0103974278EB0303C6E7069BD3
:1038D00001330693C9E701200EE600BFAFF3008075
:1038E0000000000000000000C80300205E77026DA9
:1038F00005233F002DE9F04F0022ADF5297D00237F
:10390000CDE91423CDE9162316AC022314AD0093A0
:10391000029401950122002364200021FFF7DDFCC1
:1039200078B12B68159AA3F5004313432ED1236871
:10393000179AA3F5C90313430CBF012300230A936D
:1039400000E00A9002230093CDE901544FF0FF32CA
:103950004FF0FF336FF063004FF0FF31FFF7BDFC16
:10396000B0B12A68159BB3F1FF3F08BF12F5004FB5
:1039700040F0A383179B2268B3F1FF3F08BF12F505
:10398000C90F0CBF012300230B9302E00023D6E7ED
:103990000B9001220023CDE9182300220023CDE95A
:1039A000002318AC4FF4C8020023029410461946B5
:1039B000FFF7ECFC002840F0828300230D93CB4BF3
:1039C000CB4E0FCB1DAD0DF5047885E80F0002211D
:1039D0004046FFF776FBC74B84934FF47A714FF460
:1039E0008263CDE98A1340F2ED3040F2154321AFF6
:1039F000CDE9920340F2E33328A89E93C5F80C80EA
:103A0000FFF701F901233B7028240223C7E9014392
:103A1000C7E903331423C7E905630022002360AE1E
:103A20000024CDE90423CDE90244CDE900750696D2
:103A30006422002328A8FFF7D3FC90BB347884B31A
:103A4000B36D022B40F05883736D022B40F054830A
:103A5000F46E002C40F05083D6E91032643B1343DF
:103A60001FD1D6E91232653B13431AD1D6E906328B
:103A7000134316D1D6E90832013B134311D1D6E9DD
:103A80000C32A3F5C903134340F03683A79B012BE7
:103A900040F032839F9CA4F5826BDBF1000444EB81
:103AA0000B0404214046FFF70CFB934B8493A3F1D6
:103AB000041385934FF47A7C4FF48263CDE98AC373
:103AC0004FF4876E4FF48C63CDE98CE340F2ED390F
:103AD00040F21543CDE9929340F23D4A40F26543EE
:103AE000CDE994A328A840F2E3339E93FFF78BF827
:103AF0000423C7E902333B61002200234FF0000991
:103B0000CDE90423CDE90299CDE90075069664223A
:103B1000002328A8FFF764FC002840F0EF82D6E9D4
:103B20000623B3F1FF3F08BF12F1040F40F0E98212
:103B3000D6E90832043B134340F0E382D6E9101380
:103B4000D6E912029A4208BF88420CBF01234B46B5
:103B5000089304214046FFF7B4FA664B849303F1BF
:103B6000021385934FF47A7B4FF482634FF487629C
:103B7000CDE98AB34FF48C63CDE98C2340F2ED316B
:103B800040F21543CDE9921340F23D4040F26543C7
:103B9000CDE9940340F2E33328A89E934FF0000947
:103BA000FFF731F800220023CDE90423CDE9029983
:103BB000CDE9007506966422002328A8FFF710FCC3
:103BC000002840F0A082D6E90632134340F09E82DE
:103BD000D6E90832033B134340F09882D6E912320B
:103BE000D6E910105B1AA3F1030362EB0002134342
:103BF0000CBF01234B46099303214046FFF761FAAE
:103C00006423ADF8123266234FF47A7CADF8143297
:103C10004FF48263CDE98AC34FF487638C9340F2FB
:103C2000ED3940F21543CDE9929340F23D4302262F
:103C3000949328A840F2E3338DF820629E9360AFFE
:103C4000FEF7E1FF4FF0000921AB03220020002125
:103C5000CDE92422CDE90401CDE90035CDE9029971
:103C600006976422002328A82396FFF7B9FB06468F
:103C7000002840F04D829DF88131002B00F04A82EF
:103C8000769B032B15D1759B022B12D1779B012BB1
:103C90000FD19DF88431022B0BD1A79B022B08D1A9
:103CA0009F9BB3F5826F04D1A09EA6F587677E42E5
:103CB0007E4103214046FFF704FA0E4B84936623AE
:103CC000ADF814324FF47A7B40F26543CDE98AB304
:103CD0004FF4916340F2ED318C9340F26A43CDE9A9
:103CE000921340F28D43949328A807E0DCCC00089F
:103CF000A0860100640065006400680040F2E333C0
:103D00009E930DF5C079FEF77EFF4FF0000A21ABC0
:103D1000032200200021CDE90401CDE900352392E2
:103D2000CDE902AACDF818906422002328A8FFF755
:103D300057FB0746002840F0EF817B9B022B13D1F5
:103D40007C9B012B10D17D9B552B0DD1A79B022B6A
:103D50000AD19F9BB3F5826F06D1A09FA7F5916A08
:103D6000DAF1000747EB0A0702214046FFF7A9F9FD
:103D7000BA4B84936FF00F0E1023CDE98AE36FF0F6
:103D80000A081523CDE9928328A86FF01F039E939C
:103D90004FF02009FEF737FF0222CDE9229221AB36
:103DA00000200DF5C07800214FF00009CDE9242254
:103DB000CDE90401CDE90035CDE90299CDF81880AF
:103DC0004FF6FE72002328A8FFF70AFBB8B9809BC4
:103DD000252B40F0A3817B99002940F09F81DDE9EC
:103DE0007032A3F57F43FE3B134340F09981DDE938
:103DF0007232A3F10113134308BF4FF001090821E8
:103E000084A8FFF75EF9964B8493013B8593954B0D
:103E100086930DF5097803F58013879342464FF496
:103E20007A7342F8043F591D2833B3F5A56F116228
:103E3000F7D140F2E33328A89E932825FEF7E3FE4E
:103E40000822CDE92252CDE92422039230AA21ABE7
:103E50000020002102920DF5C07A1DAACDE90032A2
:103E6000CDE90401CDF818A06422002328A8FFF7AB
:103E7000B7FA0546002840F055819DF88231002BA5
:103E800000F05281819B082B15D1829B012B12D10E
:103E9000839B072B0FD1DDE96E32A3F5C8031343D3
:103EA00009D1DDE96C32A3F5CB03A3F5C04313437D
:103EB0000CBF01250025082184A8FFF702F94FF067
:103EC0006413CDE98433869303F5803387934246A8
:103ED0004FF47A7342F8043F591D2833B3F5A56FA8
:103EE0001162F7D140F2E33328A89E93FEF78BFED0
:103EF00000220023CDE904230823039340AB02935F
:103F00001DAB0DF5C07A019321AB0093CDF818A03D
:103F10006422002328A8FFF763FA002840F00681F6
:103F20009DF882313BB1829B012B40F00181839B44
:103F3000D81F434243410C93082184A8FFF7C1F8DE
:103F40004FF06413CDE98433869303F58033879370
:103F50004FF47A7348F8043F5A1D2833B3F5A56F20
:103F6000C8F82020F6D10DF1A00840F2E333404616
:103F70009E93FEF748FE09220023CDE9042308237F
:103F8000039350AB02931DAB0DF5C07B019321ABA6
:103F90000093CDF818B0642200234046FFF720FAC2
:103FA000002840F0C7809DF88231002B00F0C280CD
:103FB000829B002B40F0C180839BA3F10801D1F1CB
:103FC000000A4AEB010A4046FEF71DFE00220023CC
:103FD000CDE91A230DF1680B0A231A466421CDF8A6
:103FE00000B04046FEF71CFEB8F802300F93D8F838
:103FF00008301293D8F80C301393D8F8103010937F
:10400000D8F814300E901193CDF800B00A23142282
:10401000C8214046FEF704FE042840F09080B8F81E
:1040200002300F9A934240F08A80D8E90223DDE9FA
:104030001210834208BF8A4240F08180D8F81030C5
:10404000109A93427BD1D8F81430119A934276D1CA
:10405000D8F818305A1E5342534105E0FEFF0100C4
:1040600064006500640063000A9A002A69D00B9A14
:10407000002A68D00D9A002A67D0002C67D0089AD1
:10408000002A66D0099A002A65D0002E65D0002F3C
:1040900065D0B9F1000F64D04DB10C9A12EA0A054F
:1040A00005D00E9A002A14BF002503F0010505F083
:1040B00001000DF5297DBDE8F08F002364E423683D
:1040C000199A13437FF479AC4FF480320023CDE981
:1040D000002302944FF4C80200234FF4C8000121CA
:1040E000FFF754F900283FF468AC2368199A13438A
:1040F0000CBF0123002361E40024D2E4CDF820901A
:1041000027E5089025E5CDF8249075E5099073E53D
:104110004E46CEE51E46CCE5574625E681466EE680
:1041200089466CE60025C6E61D46C4E6002302E784
:104130000C9001E74FF0000A45E7824643E7002371
:1041400092E70A9DB3E70B9DB1E70D9DAFE72546CA
:10415000ADE7089DABE7099DA9E73546A7E73D46D2
:10416000A5E74D46A3E700BF2DE9F04F2DED048BE9
:10417000ADF5217D1AA8FEF7B8FFFEF77FFC354AA2
:104180000346602128A807F089F85F28A8BF5F20B0
:1041900082B228A93223304804F068FFFCF7E0FE21
:1041A0000446FCF7E1FE0546FCF7E2FE0646FCF796
:1041B000E3FE2A4B0746D3F80080FEF75FFC284A4F
:1041C0000095CDE9038023464FF48071CDE9016766
:1041D00060A807F063F8FF28A8BFFF2082B232234F
:1041E0001D4860A904F042FF1E481F4C012102F047
:1041F00003FA00280CBF0125002503D123780BB951
:10420000FCF7AAFE194825704FF4804102F0FFF92F
:10421000FCF7A4FE18B1C82005F0AFF9E4E712AC32
:10422000234603224FF400411AA8FEF76BFF07460E
:1042300010B3A37F0193637F00930D4A034660216F
:1042400040A807F02BF8322382B240A9024804F0BC
:104250000DFFE0E768DD000878070020000000207F
:1042600083DD000800000240F30500200008024042
:1042700005DE00080000C84226885FED028A30464D
:10428000FEF700FCB6EE008AF0EE487AE0EE287AFF
:1042900011AD28461197FCEEE77A17EE904AFEF72B
:1042A00003FC9DF844309DF845209DF846109DF88C
:1042B000475018B113B90AB901B9BDB1CDE90332FC
:1042C0006422B4FBF2F302FB1344CDE90515CDE9FA
:1042D00000349B4A02903346802140A806F0DEFF5E
:1042E000322382B240A9974804F0C0FEDFF87CB2C6
:1042F00095499BF80040954ADFF87482DFF8749284
:10430000934DDFF874A2002C40F0F4809FED8A7B7F
:1043100001238BF800308F4B0E8083ED007B8AEDFC
:10432000007B8D4B1460C8F80040C9F800402C6039
:104330001C60D8F80030A342B8BFC8F8004020463F
:10434000FCF7E8F8DAE9002306460F46FBF796FF8C
:10435000CAE90001DFF8FCA1CDE90E0132463B4677
:1043600030463946FCF740F9DAE90023FBF786FFCF
:1043700006460F46CAE90067DFF8DCA1DAF800005C
:1043800001301828CAF800007FF645AFFCF7B2F8F4
:1043900002460B46CDE90C01DDE90E01FCF74EFAB1
:1043A000DDE90C23CDE90E0130463946FCF746FA2B
:1043B000DDE90E2306460F4610461946FCF714F9B0
:1043C00002460B4630463946FBF756FF02460B467F
:1043D00043EC192B00220023FCF796FB002800F089
:1043E000A280B0EE490AF0EE690A07F0BDFC57EC76
:1043F000106BD9F80030D8F80000C01A2B6840F2D2
:10440000DA22934200F3928004F6396841F672434F
:1044100098458CBF4FF000084FF0010880B2FEF7BE
:1044200031FBB0EE489A4D4B002230463946A0EEA3
:10443000289AFBF723FFFCF787FB80B2FEF722FBED
:10444000F0EE487AE0EE287A2888BCEEC99AFCEEB5
:10445000E77A17EE907AFEF715FBF0EE487AE0EE79
:10446000287A002CA0B2B8BF4042FCEEE77AB8BF71
:1044700080B217EE909AFEF705FBA0EE288A64231F
:104480003748B7FBF3F6FCEEC87A03FB1671354FDD
:10449000CDF8288017EE90CA30EA240028BF3846AD
:1044A00019EE102ADAF800400994B9FBF3F403FB83
:1044B0001497B2FBF3F5CDE90747BCFBF3F403FB1C
:1044C000152203FB14C3CDE90310CDE90543CDE963
:1044D00001260523244A0095802140A806F0DEFE2F
:1044E000322382B240A9174804F0C0FD00238BF8A4
:1044F000003090E60C880E80341B116823B2002B2C
:1045000001FA84F4B8BF5B4214602A689BB29A42F5
:1045100007DBD9F800309C42BFF60BAFC9F800406A
:1045200007E72B60F5E70026002762E74FF0000859
:1045300074E700BFAFF3008000000000000000003F
:1045400048DE000878070020F0050020EC05002078
:10455000E0050020D0050020C80500200000E03F55
:1045600053D2000866DD0008A0DE0008F205002036
:10457000E8050020E4050020D80500200268034B70
:104580009A4201D101F052BB704700BF00200040A9
:1045900007B572B6064C07484FF4005102F037F8E1
:1045A00000230193019BA342F5D8019B0133F8E757
:1045B0001FA107000008024010B594B0102200218E
:1045C0000AA806F0EDFE1422002103A806F0E8FE7A
:1045D0001F4B002101911A6C42F080521A641B6C2F
:1045E00003F080530193019B1A4B02911A6842F425
:1045F00080421A601B6803F480430293029B0121EE
:104600004FF480330224CDE908134FF48003CDE941
:104610000E43A822042308A8CDE91032CDE91243A5
:1046200002F0E6FE08B1FFF7B3FF0F23CDE9033434
:1046300005904FF4A0524FF48053052103A8CDE913
:10464000062303F0B1F80028EDD114B010BD00BF6F
:10465000003802400070004080B5BAB000246D4DB3
:1046600001F0CAFAFFF7A8FF1422002132A806F0D1
:1046700097FE02942B6B684843F004032B632B6B6B
:1046800003F004030293029B03942B6B43F080031B
:104690002B632B6B03F080030393039B04942B6B1E
:1046A00043F001032B632B6B03F001030493049B82
:1046B00005942B6B43F002032B632B6B03F0020377
:1046C000224605934EF20701059B01F09BFF22460F
:1046D00052484FF4006101F095FF224650484021B6
:1046E00001F090FF01264EF207034B4832A9CDE9B5
:1046F0003236CDE9344401F0A7FE4848349632A959
:10470000CDE9326401F0A0FE4FF40063434832A9C2
:10471000CDE93236CDE9344401F096FE40234048DD
:1047200032A9CDE93236CDE9344401F08DFE009452
:104730002B6B43F400132B632B6B03F400130093D8
:10474000009B01942B6B43F480032B632B6B03F4CE
:1047500080032246052101930C20019B01F054FCAB
:104760000C2001F083FC224605210E2001F04CFCB8
:104770000E2001F07BFC22460521102001F044FCB4
:10478000102001F073FC22460521112001F03CFCB1
:10479000112001F06BFC224605212F2001F034FC92
:1047A0002F2001F063FC22460521382001F02CFC6B
:1047B000382001F05BFC224605213A2001F024FC60
:1047C0003A2001F053FC224605213B2001F01CFC5D
:1047D0003B2001F04BFC1022214618A806F0E0FD1A
:1047E000104A114B13604FF48033C2E9013482F850
:1047F00020400E4BD462D460104602241661167617
:104800009362D46182F83060566101F021FA78B188
:10481000FFF7BEFE003802400008024000000240E0
:1048200000040240580B0020002001400100000F4E
:104830000523C8481A9318A9CDE9186601F040FB72
:104840000028E5D1C348042618A9CDE9186401F071
:1048500037FB05460028DBD10146102214A806F0DC
:104860009FFD1C22294623A8CDE90A5506F098FD94
:104870002022294632A806F093FDB74CB74BA5601D
:10488000C4E90035204640F66A03C4E90335C4E9AB
:1048900005550AAF03F0B2FF0028B9D14FF4805399
:1048A00014A92046149304F083F90028B0D12046BF
:1048B00003F0D0FF0028ABD1CDE90A0039462046ED
:1048C00004F07EFA02460028A2D17023CDE92330FD
:1048D000CDE92500CDE92700299023A9204604F041
:1048E00041F8002894D1324623A9204604F03AF832
:1048F00000288DD1082223A9204604F033F800288F
:1049000086D100234FF4005232A92046CDE932333C
:10491000CDE9343336933792399304F08FFA054654
:1049200000287FF475AF204600F024FF10222946AE
:104930000CA806F035FD8A4C1022294610A8CDE9B6
:10494000085506F02DFD4FF08043C4E900352046A0
:104950004FF0FF33C4E9033508AEA560A56103F04D
:104960004DFF00287FF454AF4FF480530CA920462C
:104970000C9304F01DF900287FF44AAF204603F0A1
:1049800095FF00287FF444AFCDE90800314620466A
:1049900004F016FA024600287FF43AAF0123CDE96D
:1049A00011301090139010A9204604F06BF80028E5
:1049B0007FF42EAF0223042210A92046CDE9103344
:1049C00004F060F8034600287FF422AF6548DFF862
:1049D000C8C1654A03624FF48044C0E90233C0E9AC
:1049E0000443C0E90633C0E900C201F019FE0346E2
:1049F00000287FF40DAF5D485D4F03614FF46122E5
:104A0000C0E900720C22C0E90233C0E90523C3618A
:104A100004F0FEFA034600287FF4FAAE5548564EDD
:104A2000564A0362C0E90062C0E90233C0E90443A8
:104A3000C0E9063301F0F4FD00287FF4E9AE5049E7
:104A4000504B0B604FF48270002301220224C1E915
:104A50000103C1E90442CB604FF4007518220B62D8
:104A60004B628B6208460A23C1E90652CB6203F00F
:104A70005BF8054600287FF4CBAE0146CDE9060081
:104A80001C221CA806F08CFC294620222AA806F02D
:104A900087FC3D4C3D49A5605323C4E900132046E3
:104AA00040F2E733C4E90335C4E9055506AE03F027
:104AB000D1FE00287FF4ACAECDE906003146204699
:104AC00004F07EF9024600287FF4A2AE6023CDE90F
:104AD0001C30CDE91E00CDE9200022901CA9204603
:104AE00003F040FF00287FF493AECDE92A00CDE922
:104AF0002C002E904FF4005331902AA920462F937A
:104B000004F09CF9054600287FF482AE204600F0B0
:104B100031FE1F481F4A05614FF46123C0E900239D
:104B20000C23C0E90255C0E90535C56104F070FAEF
:104B3000044600287FF46CAEFEF73CFAFEF798F9C5
:104B400000283FF465AEFEF7D5FE00283FF460AEC6
:104B500024E000BF580B0020900800200000014016
:104B600048080020500A0020A08601007807002095
:104B700000480040A40A002000540040801A0600AB
:104B80009809002000300140000800200004014086
:104B9000BC070020004400400058004000F040F8EE
:104BA00000F09EF800283FF433AE04F06DFC074A95
:104BB0000748214604F09BFC064B1860FCF7CAF935
:104BC00000283FF425AE04F071FCFEE788E1000800
:104BD00069410008F40500201FB50F4BDA69026037
:104BE0001A6A42605A6A82609A6ADB6A03610B4BF6
:104BF000C2601A785B6A02750446836101A800F0FE
:104C0000DBF9BDF80430A383029B23629DF80C30CE
:104C100084F8243004B010BDD80B0020A00B002075
:104C200008B500F0A3F90448044900F0D7F9BDE83D
:104C300008400348FEF759BAD80B0020ACE1000841
:104C4000A00B002000F036B900F044B900F052B9D2
:104C500008B5044800F0BAF9BDE808400248FEF77C
:104C600044BA00BFD80B0020A00B002008B5FFF706
:104C7000EFFFBDE8084000F071B908B1FFF7ACBF25
:104C80007047000000B52DED028B87B0B0EE408A72
:104C9000019003A800F090F99DF8143023B9B5EE07
:104CA000408AF1EE10FA06D000F014F9002007B0A7
:104CB000BDEC028B00BDFFF7CBFFDDED017A064BAB
:104CC000BDF804009FED050AF8EEE77AC3ED097A16
:104CD00000F010F90120EAE7D80B002000000000E6
:104CE00030B58BB000F012FA002800F097804E48E3
:104CF000B0EE000A00F084F94C4B0122B6EE000A37
:104D00007B201A705A6200F0F5F8FFF7AFFF684693
:104D1000FFF762FFDDED007AF5EE407AF1EE10FA72
:104D20007ED1DDED017AF5EE407AF1EE10FA77D121
:104D3000DDED027AF5EE407AF1EE10FA70D1DDED9C
:104D4000037AF5EE407AF1EE10FA69D1DDED047ADE
:104D5000F5EE407AF1EE10FA62D19DF81430002B96
:104D60005ED1069C002C5BD1BDF81C3053B9DDED43
:104D7000087AF5EE407AF1EE10FA51D19DF8244010
:104D800084F001049FED2A0A40F24110FFF77AFFF8
:104D900005466846FFF720FFD5B3DDED007AF5EE56
:104DA000407AF1EE10FA3DD1DDED017AF5EE407A70
:104DB000F1EE10FA36D1DFED1F7A9DED027AB4EEF6
:104DC000677AF1EE10FA2DD1DDED037AF5EE407A37
:104DD000F1EE10FA26D1DDED047AF5EE407AF1EE2F
:104DE00010FA1FD19DF81430E3B9069DD5B9BDF86E
:104DF0001C2040F241139A420AD1DDED087AF5EE0B
:104E0000407AF1EE10FA0DD19DF8245085F001059D
:104E1000FFF72CFF04EA050000F001000BB030BDE5
:104E20000024AFE70025F3E7D80B0020A00B0020FB
:104E3000000000000080A04308B507EE900A9FED37
:104E4000197AF8EEE77A2DED028B67EE877AB0EEED
:104E5000408A9FED150A87EE800A06F0B9FFF6EE4C
:104E6000007AE0EE277A67EE887AF5EEC07AF1EE06
:104E700010FA14D4B7EE000AF4EEC07AF1EE10FA8C
:104E8000D8BFB0EE670ADFED097A20EE270ABDEC45
:104E9000028BBCEEC00A10EE103A98B208BD9FED2E
:104EA000040AF0E7DB0FC94000AC2A4600A0064523
:104EB0000000000008B5012204484FF4006101F031
:104EC000A1FB034B01221A7208BD00BF0000024083
:104ED000080C002008B5002204484FF4006101F0DE
:104EE00091FB034B00221A7208BD00BF0000024074
:104EF000080C002070B542F6AB250446B0FBF5F077
:104F000005FB10402DED028B80B2B0EE408AFFF71A
:104F100093FF104B1E6804F63963B0EE480A7063C5
:104F2000B3FBF5F005FB1030FFF786FF04F5E35304
:104F30001233B063B0EE480AB3FBF5F005FB103056
:104F4000FFF77AFF044BF06383ED018ABDEC028B1F
:104F50001C8070BD90080020080C00209FED020A04
:104F60000020FFF7C7BF00BF0000000008B5FFF733
:104F7000B1FF012211460E4801F044FB0C4800220B
:104F8000022101F03FFB00220948042101F03AFB15
:104F90000021084803F012FF0421064803F00EFF29
:104FA0000448082103F00AFFBDE80840FFF7D6BF18
:104FB0000008024090080020034618B1024A07CAC0
:104FC00083E80700704700BF080C002028B10023C9
:104FD000C361036243628362C362704770B40C466C
:104FE000064658B151B105460FCC0FC594E80700ED
:104FF00085E80700304670BCFFF7E8BF70BC70471B
:1050000000287DD0D0ED017AD0ED076A90ED026ADC
:1050100090ED007AE7EE806AD0ED037AF4EEE76A6D
:10502000F1EE10FAC8BFF0EE676AF1EE677AF4EEBF
:10503000E67AF1EE10FAD8BFF0EE667AD0ED086AA3
:10504000C0ED077A70EE666A20EE077A66EE866A31
:1050500090ED056AB5EEC06AF1EE10FA43D4F7EEB2
:10506000005AB4EEE56AF1EE10FAD8BFF0EE465AF7
:1050700090ED0A6A80ED080A76EEC66A37EE277A66
:10508000A6EEA56AD0ED047A80ED0A6A37EE067ABC
:10509000B4EEE77AF1EE10FAC8BFB0EE677AF1EE3F
:1050A000677AF4EEC77AF1EE10FAD8BFF0EE477ADD
:1050B00090ED067AB5EEC07AF1EE10FA0ADDD0ED89
:1050C0000B6A37EEE66AB4EEC67AF1EE10FA0DD549
:1050D00076EE877A90ED090AC0ED0B7A30EE670A1A
:1050E00080ED090A7047DFED085AC1E7F1EE475A33
:1050F000F4EEC65AF1EE10FAC8BF76EEC77AE9E7C9
:105100009FED010A704700BF00000000F0B59B4D05
:105110000FCDB1B001AC0FC495E8070001AF84E832
:1051200007000FCF24AE0FC694E80700B0EE000AC8
:10513000002486E8070024A82C942D942E942B9408
:105140002F94FFF75DFFF0EE401ABFEE000AFFF765
:1051500057FF05F10C0CBCE80F0008AF0FC79CE827
:1051600007000DF1200E87E80700BEE80F000DF1E3
:10517000900CACE80F0097E80700B0EE402A86E8F4
:105180000700B7EE000A24A82C942D942E942B949B
:105190002F94FFF735FF05F1280CBCE80F000FAF87
:1051A0000FC79CE807000DF13C0E87E80700BEE83A
:1051B0000F000DF1900CACE80F0097E80700F0EE3F
:1051C000402A86E80700B0EE000A24A82C942D940B
:1051D0002E942B942F94FFF713FFB0EE403AB0EECD
:1051E000000AFFF70DFF05F1440CBCE80F0016AFF5
:1051F0000FC79CE807000DF1580E87E80700BEE8CE
:105200000F000DF1900CACE80F0097E80700F0EEEE
:10521000403A86E80700B1EE000A24A89DED2B1A5B
:105220002C942D942E942B942F94FFF7E9FE603547
:10523000B0EE404AB1EE000AFFF7E2FE0FCD1DAF1F
:105240000FC795E807000DF1740C87E80700BCE86C
:105250000F0024AD0FC597E80700F0EE404A86E83E
:105260000700B0EE000A24A82C942D942E942B94C1
:105270002F94FFF7C5FEB0EE405AB0EE000AFFF7DC
:10528000BFFEF0EE007A71EEA71ADFED3D7AF0EE88
:10529000E11AF4EEE71AF1EE10FA6DD5B7EE007AE6
:1052A00032EE072AB0EEC22AB4EEE72AF1EE10FA87
:1052B00062D5B1EE047A72EE872AF0EEE22AF4EEBD
:1052C000E72AF1EE10FA57D5B0EE087A33EE073A36
:1052D000B0EEC33AB4EEE73AF1EE10FA4CD5F1EE87
:1052E000086A73EEA63AF0EEE33AF4EEE73AF1EE2E
:1052F00010FA41D531EE471AB0EEC11AB4EEE71AF2
:10530000F1EE10FA38D5B1EE006A34EE064AB0EE8E
:10531000C44AB4EEE74AF1EE10FA2DD5B1EE0C6AAC
:1053200074EE864AF0EEE44AF4EEE74AF1EE10FA43
:1053300022D535EE075AB0EEC55AB4EEE75AF1EE73
:1053400010FA19D5B2EE027A30EE070AB0EEC00AB2
:10535000B4EEE70AF1EE10FA0ED59DED2F7A37EE96
:10536000667AB0EEC77AB4EEE77AF1EE10FA4CBF87
:105370000120002031B0F0BD0020FBE7ECCC00089C
:1053800017B7D13882B00E4B00220092596C41F40D
:1053900080415964596C01F4804100910099019257
:1053A000196C41F0805119641B6C03F08053019318
:1053B000019B0F216FF0010002B000F025BE00BF7D
:1053C0000038024070B5064688B01422002103A8B8
:1053D00005F0E6FF3268244B9A4242D103F58C3344
:1053E000002501955A6C2148214C42F480725A6480
:1053F0005A6C02F480720192019A02951A6B42F083
:1054000001021A631B6B03F001030293029B122239
:10541000032303A9CDE9032301F016F8154B4FF43C
:105420008061C4E900354FF400634FF40050C4E9D3
:1054300004134FF48073C4E906032046C4E90255FF
:10544000C4E9085500F036FE08B1FFF7A1F8B463CF
:10545000122000220521A66300F0D6FD122000F0E4
:1054600005FE08B070BD00BF0020014000000240F2
:10547000F80A00201064024070B514228AB0064673
:1054800000210DEB020005F08BFF33683C4A93428C
:1054900025D13C4C3C4800250195236B43F0020389
:1054A0002363236B03F002030193019B4FF4C07647
:1054B0001223CDE905634FF0030C042305A9CDE9C0
:1054C00008C300F0C1FF0295236C43F4001323646A
:1054D000236C03F400130293029B0AB070BD2B4AA5
:1054E0009342FAD1274C284800250395236B43F0BB
:1054F00002032363236B03F002030393039B4FF424
:1055000040621223CDE905230123079305A9042353
:10551000099300F099FF0495236C1D4843F4800320
:105520002364236C1B4C03F480030493049B4FF00F
:105530006063C4E900034023C4E9023520464FF408
:105540008063C4E90435C4E90655C4E9085500F090
:10555000B1FD08B1FFF71CF874630022052121207A
:10556000A66300F051FD212000F080FD00220521FE
:10557000222000F049FD222000F078FDADE700BFB9
:10558000005400400038024000040240005800402F
:10559000B8600240F009002070B5064688B01422B9
:1055A000002103A805F0FCFE3268344B9A4263D117
:1055B000002503F5843301955A6C42F480525A64F5
:1055C0005A6C02F480520192019A02951A6B42F0D1
:1055D00002021A631B6B03F002030293029B382042
:1055E0000223CDE9030301240323CDE90543244825
:1055F000244C052303A9079300F026FFDFF890C091
:105600004FF0C063C4E900C34FF48063C4E90435BC
:1056100020464FF40033C4E90255C4E90655C4E9F5
:10562000083500F047FD08B1FEF7B2FF164AF464F2
:10563000A663164C4FF0C063C4E9002300234FF467
:105640008062C4E9042340214FF400322046C4E9BB
:105650000213C4E90633C4E9082300F02BFD08B1A6
:10566000FEF796FF2320B46400220521A66300F014
:10567000CBFC232000F0FAFC08B070BD00300140E4
:10568000000402403809002058640240D808002075
:105690004064024010B5044688B01422002103A8DB
:1056A00005F07EFE2368204A93420DD1002300932B
:1056B0001E4B5A6C42F001025A645B6C03F001030A
:1056C0000093009B08B010BDB3F1804FFAD103F5F1
:1056D0000E33002401941A6C154842F001021A643A
:1056E0001A6C02F001020192019A02941A6B42F0C4
:1056F00001021A631B6B03F001030293029B4FF438
:1057000000420223CDE9032303A901230593079354
:1057100000F09AFE224605211C2000F075FC1C209A
:1057200000F0A4FCCEE700BF0000014000380240BA
:105730000000024007B50E4B02689A4216D10022C3
:1057400003F59A330192596C41F0020159645B6C84
:1057500003F00203019305212D20019B00F054FC6E
:105760002D2003B05DF804EB00F080BC03B000BD59
:105770000004014010B5044688B01422002103A89B
:1057800005F00EFE23681A4A934218D100230193B4
:10579000184B19481A6B42F001021A631B6B03F095
:1057A000010301934FF4E061019B0223CDE9031350
:1057B0000123079303A900F047FE08B010BD0F4A6C
:1057C0009342FAD1002302930A4B0D481A6B42F020
:1057D00004021A631B6B03F004030293029B402232
:1057E0000223CDE903230323079303A9E3E700BFC3
:1057F0000000014000380240000002400004014067
:105800000008024070B514228AB0054600210DEB55
:10581000020005F0C5FD2B68624A934260D1624BDD
:105820006248634C002601961A6C42F400321A64F6
:105830001A6C02F400320192019A02961A6B42F03D
:1058400001021A631B6B03F001030293029B0C22FB
:105850000223CDE9052303210723CDE9081305A978
:1058600000F0F2FD53484FF00063C4E90003402309
:10587000C4E9023620464FF48063C4E90436C4E923
:105880000666C4E9086600F015FC08B1FEF780FE64
:105890006C63DFF83CE1A563474C4FF000634FF4C5
:1058A0008062C4E900E30023C4E9042320464FF4E6
:1058B0008072C4E90233C4E90723A361636200F084
:1058C000F9FB08B1FEF764FEAC6326200022052137
:1058D000A56300F099FB262000F0C8FB0AB070BD5C
:1058E000364A9342FAD1304B354C002603961A6C57
:1058F00042F480221A641A6C02F480220392039A02
:1059000004961A6B42F004021A631B6B03F0040343
:105910000493049B4FF440610223CDE90513032057
:105920000723CDE9080305A9264800F08DFDDFF81F
:10593000A4C04FF00063C4E900C34023C4E90236A9
:1059400020464FF48063C4E90436C4E90666C4E91E
:10595000086600F0AFFB08B1FEF71AFE1A4A6C6346
:10596000A5631A4C4FF00063C4E9002300234FF4F1
:105970008062C4E9042320464FF48072C4E90233F4
:10598000C4E90723A361636200F094FB08B1FEF74A
:10599000FFFDAC63272000220521A56300F034FB46
:1059A000272099E7004400400038024000000240F0
:1059B00018070020A0600240B80600200048004000
:1059C000580600200008024028600240F805002028
:1059D000886002405860024030B589B000230293CD
:1059E000204B1A6C42F480721A641B6C03F48073AF
:1059F0000293054601A903A8029B01F08FFF069BB5
:105A00004BBB01F06BFF184A184B136040F2E733B1
:105A1000D360174BB0FBF3F3013B536010460023F8
:105A200013619360936102F0E9FE044680B90E4869
:105A300002F0B2FD044658B92D2000F017FB0F2DDF
:105A40000DD8224629462D2000F0DEFA094B1D60B4
:105A5000204609B030BD01F041FF4000D3E70124EA
:105A6000F6E700BF00380240140C00200020004080
:105A700040420F0008000020FEE7FEE7FEE7FEE7D9
:105A8000FEE77047014800F01DBC00BFF80500208C
:105A9000014800F017BC00BF58060020014800F084
:105AA00011BC00BFB8060020014800F00BBC00BFCD
:105AB00018070020014800F074B900BF580B0020FF
:105AC000014802F0A8BD00BF48080020014800F0CE
:105AD000B3BF00BF500A0020014801F0F1BB00BF76
:105AE000500A0020014803F07BBB00BFBC07002028
:105AF000014803F075BB00BF7807002008B50448D3
:105B000002F089FDBDE80840024802F084BD00BFF4
:105B100000080020140C0020014800F0D3BB00BF97
:105B2000F0090020014800F0CDBB00BFF80A0020BA
:105B3000014800F0C7BB00BF38090020014800F051
:105B4000C1BB00BFD8080020014802F017BC00BF4D
:105B5000980900200A4A0346106810B508B9094898
:105B600010600949094C0344091B8B4206D905F012
:105B70007DFC0C2303604FF0FF3010BD1360FCE789
:105B80005C0C002090BD01200000022000040000F9
:105B9000034AD2F8883043F47003C2F88830704763
:105BA00000ED00E0DFF834D00D480E490E4A002326
:105BB00002E0D458C4500433C4188C42F9D30B4AC1
:105BC0000B4C002301E013600432A242FBD3FFF729
:105BD000DFFF05F051FCFEF73FFD7047000002209B
:105BE0000000002060000020D8E5000860000020D0
:105BF00090BD0120FEE7000008B50B4B1A6842F487
:105C000000721A601A6842F480621A601A6842F4DC
:105C100080721A60032000F0E5F90520FFF7DCFE32
:105C2000FFF7B0FB002008BD003C0240034A044BD4
:105C300011681B780B441360704700BF600C002094
:105C400004000020014B1868704700BF600C002062
:105C500038B50446002800F09B80056C25B9FFF795
:105C6000B1FB656484F83C50236CDB0600F18E8048
:105C7000236C23F4885323F0020343F002032364CC
:105C8000444B5A6822F440325A605A6861680A43A9
:105C90005A60236821695A6822F480725A605A68EF
:105CA00042EA01225A605A68A16822F040725A60A2
:105CB0005A680A435A609A68E16822F400629A605E
:105CC0009A680A439A603449A26A8A4252D0996813
:105CD00021F07061996099680A439A609A68E16A54
:105CE00022F040529A609A680A439A609A6822F0B9
:105CF00002029A609A68217E42EA41029A6094F810
:105D00002020002A3ED05A68616A42F400625A603C
:105D10005A6822F460425A605A68013942EA4132B4
:105D20005A60DA6AE16922F47002DA62DA6A0139E9
:105D300042EA0152DA629A6822F400729A609A6822
:105D400094F8301042EA41229A609A68616922F41C
:105D500080629A609A68002042EA81229A606064B8
:105D6000236C23F0030343F001032364002384F82E
:105D70003C3038BD9A6822F070629A609A6822F0CE
:105D80004052B2E75A6822F40062C9E70120EDE709
:105D90000120EEE7002301400100000F704770472B
:105DA0007047036870B51E685D68B20704462BD55E
:105DB000A80629D5226CD1065EBF226C42F400727F
:105DC00022649A6812F0405F17D1227EAAB9DA6A7B
:105DD00012F4700F02D09A6852050ED45A6822F05D
:105DE00020025A60236C23F480732364236CD8044C
:105DF0005EBF236C43F0010323642046FFF7CEFF10
:105E000023686FF012021A60710733D52A0631D564
:105E1000236CDB065EBF236C43F4005323642368CA
:105E20009A6812F4401F1ED19A6B12F4401F02D0E0
:105E30009A68500517D45A68510514D49A6812F01C
:105E4000405F10D1227E72B95A6822F080025A60F7
:105E5000236C23F480532364236CDA055EBF236C28
:105E600043F001032364204600F0BAF823686FF082
:105E70000C021A60F30710D568060ED523681B685C
:105E8000D9070AD5236C43F4803323642046FFF7F7
:105E900086FF23686FF001021A60B2060ED56B010F
:105EA0000CD5636C43F00203636423686FF0200534
:105EB0001D602046FFF774FF23681D6070BD000061
:105EC000F7B50023019390F83C30012B05467CD0B8
:105ED000012380F83C3008682B688E68092884B25A
:105EE00030D904EB4402DF681E3A4FF0070C0CFA7D
:105EF00002FC27EA0C07DF60DF6806FA02F23A4389
:105F0000DA604968062901EB81022AD8596B053A03
:105F10001F26964021EA06015963596B04FA02F2E2
:105F20000A435A632A4A934207D1122834D1D2F83D
:105F3000043343F48003C2F80433002085F83C00A6
:105F400003B0F0BD1A6900EB400C072707FA0CF705
:105F500022EA07021A611A6906FA0CF616431E6154
:105F6000CFE70C294FF01F010BD81E6B233A91404D
:105F700026EA01011963196B04FA02F20A431A6353
:105F8000D0E7DE6A413A914026EA0101D962D96A36
:105F900094400C43DC62C5E7A0F11003012BCCD880
:105FA0000C4A5368102843F400035360C5D10A4BD0
:105FB0000A4A1B68B3FBF2F30A2253430193019B85
:105FC000002BBAD0019B013BF8E70220B8E700BFE5
:105FD00000200140002301400000002040420F004B
:105FE000704700000749CA6822F4E0620302120405
:105FF00003F4E063120C134343F0BF6343F4003334
:10600000CB60704700ED00E0164B30B5DC68C4F3A0
:106010000224C4F10703251D042B28BF0423062DE9
:106020004FF0FF358CBF033C002405FA03F321EA4F
:106030000303A54022EA0502A340002843EA020325
:10604000ACBF00F16040084A4FEA0313B8BF00F04C
:106050000F00DBB2AABF00F56140135480F8003393
:1060600030BD00BF00ED00E014ED00E0002807DBCC
:106070004109044A00F01F000123834042F8213007
:10608000704700BF00E100E0036810B5084C02460D
:10609000D9B210391820B1FBF0F0205CD06523F4A0
:1060A0007F7020F003005F2988BF0430906510BD29
:1060B000E0E1000870B50446FFF7C4FD0546002C7A
:1060C00060D0022384F835302268002384F834300D
:1060D000136823F00103136022681368D8072ED4D5
:1060E00013683248A1691840D4E901352B43E568AB
:1060F0002B4325692B4365692B43E5690B432B43F0
:10610000256A2B430343606A042802BFD4E90B5677
:1061100035432B4313605369042823F0070343EAF4
:10612000000335D1A06AE56A03438DB391B9012814
:1061300020D030F002012BD1E90129D51DE0FFF775
:1061400081FD401B0528C7D920230320636584F8FF
:10615000350070BDB1F5005F16D1032818D801A134
:1061600051F820F07B610008396100087B6100086C
:1061700075610008B5F1C07F0AD140236365012332
:1061800084F835300120E4E70228F6D90328D3D07B
:1061900053612046FFF778FFE26D3F239340836011
:1061A00000200123606584F83530D2E73F8010F08D
:1061B00070B590F83440866D012C30D0012480F801
:1061C000344090F83540012C4FF0000425D10225D1
:1061D00080F8355044650468256825F480252560DD
:1061E00063608368402B0EBFA260A160E260C26D55
:1061F00008BFE1603F239340B360236843F0160378
:106200002360036C1BB1236843F0080323602368F9
:1062100043F001032360002070BD80F83440022069
:10622000FAE770B50446866DFFF70CFD94F835303B
:10623000022B054606D0802363650120002384F8E5
:10624000343070BD23681A6822F016021A605A6949
:1062500022F080025A61226C0AB9A26C1AB11A6843
:1062600022F008021A601A6822F001021A602368FC
:10627000186810F0010007D1E26D3F239340B3602E
:10628000012384F83530D9E7FFF7DCFC401B0528F3
:10629000EDD920230320636584F83500CEE790F81C
:1062A0003530022B03D080234365012070470268FC
:1062B000052380F83530136823F0010313600020B4
:1062C00070470000F7B5002301935C4B856D1F6894
:1062D000C36D2E6808229A40324204460CD00168F1
:1062E0000868400708D5086820F004000860AA6024
:1062F000626D42F00102626501229A40324208D08A
:1063000021684969090641BFAA60626D42F0020234
:10631000626504229A40324208D0216809688807E1
:1063200041BFAA60626D42F00402626510229A4089
:10633000324210D02368196809070CD5AA601A6880
:10634000500337D51B68190301D4236C00E0A36CFC
:106350000BB120469847E16D20228A4032423AD064
:1063600023681868C60636D5AA6094F83520052A31
:106370001A6827D122F016021A605A6922F08002A8
:106380005A61226C0AB9A26C1AB11A6822F008028A
:106390001A603F238B40AB60012384F83530002323
:1063A00084F83430236D002B45D0204603B0BDE87F
:1063B000F04018471A68D2055EBF1A6822F008023A
:1063C0001A60C2E7500327D51B68190331D4636CE8
:1063D0000BB120469847636D6BB3636DDA0719D52F
:1063E00022684FF41653B7FBF3F7052384F83530D2
:1063F000136823F001031360019B0133BB42019337
:1064000002D81368DB07F7D4012384F83530002362
:1064100084F83430E36CC6E71A6812F4807208D14D
:10642000196821F010011960012384F8353084F8CF
:106430003420E36BCCE703B0F0BD00BF00000020C8
:1064400090F83500704700002DE9F74FDFF8A49170
:10645000664A00230D6801249C4004EA0506AC430B
:1064600040F0AF804D68032705F003044FEA43086E
:1064700007FA08FC671E012F6FEA0C0C34D88768F6
:1064800007EA0C0ECF6807FA08F747EA0E0787609D
:10649000476827EA060EC5F300179F4047EA0E0734
:1064A0004760C76807EA0C0E8F6807FA08F747EAE3
:1064B0000E07022CC76019D14FEAD30A00EB8A0AF3
:1064C00003F0070BDAF820704FEA8B0B4FF00F0E3A
:1064D0000EFA0BFE27EA0E0E0F6907FA0BF747EAD2
:1064E0000E07CAF8207001E0032CDAD1076804FA1D
:1064F00008F407EA0C073C4315F4403F046060D001
:1065000000240194D9F8444044F48044C9F844403C
:10651000D9F8444023F0030707F1804704F480448E
:1065200007F59C37019403F0030C019CD7F808E0B1
:106530004FEA8C0C0F2404FA0CF42EEA040E2C4CB7
:10654000A04245D004F58064A04243D004F58064A5
:10655000A04241D004F58064A0423FD004F580649D
:10656000A0423DD004F58064A0423BD004F5806495
:10657000A04239D004F58064A04214BF0824072447
:1065800004FA0CF444EA0E04BC609468F74315F472
:10659000801F0CBF3C4034439460D46815F4001F46
:1065A0000CBF3C403443D460546815F4003F0CBF2A
:1065B0003C40344354601468ED0354BF3C403443C2
:1065C00014600133102B7FF445AF03B0BDE8F08FAA
:1065D0000024D5E70124D3E70224D1E70324CFE741
:1065E0000424CDE70524CBE70624C9E7003C01409D
:1065F000000002400038024000690840003818BF1F
:10660000012070470AB1816170470904FBE74369C3
:1066100001EA030221EA030141EA02418161704774
:1066200070B5044608B9012070BD90F83D3003F004
:10663000FF021BB980F83C20FEF71EFF242384F8DC
:106640003D3023681A6822F001021A601A6842F489
:1066500000421A601A6822F400421A6001F03EF902
:106660003F4B65689D4294BF3E4B3F4B98428CBF69
:1066700000230123002BD6D12268394E51683B4BB1
:10668000B0FBF3F321F03F011943B542516088BFDD
:106690004FF49676116A88BF734321F03F0184BF9F
:1066A0004FF47A76B3FBF6F301330B431362D169EF
:1066B000431E2B4821F44F41854221F0FF0132D87F
:1066C0006D0040F6FC70B3FBF5F30133034242D09A
:1066D000C3F30B031943D161D4E9073011680343B5
:1066E00021F0C0010B4313609168D4E9030321F446
:1066F0000341034321F0FF010B439360D4E90530CC
:10670000D168034321F0FF010B43D360136843F0CA
:106710000103136000202023206484F83D302063AF
:1067200084F83E0080E7A06850B905EB4505B3FB4F
:10673000F5F30133C3F30B037BB143F40043C9E723
:1067400019206843B3FBF0F30133C3F30B0323B108
:1067500043F44043BEE70423BCE70123BAE700BF8C
:10676000A08601007F841E00FF083D0040420F000C
:10677000704770477047704770477047704790F890
:106780003D2008B5036DD2B283B9C36C0268012BFA
:10679000836C05D1DBB21361036D0233036508BD61
:1067A000C3F307231361036D0133F7E7036D012B77
:1067B00003D1836C0268DBB2F4E7036D022BEED1E8
:1067C000222A05D10268136843F480731360EAE754
:1067D000438D9BB263B1212A0AD1436A026813F840
:1067E000011B11614362438D013B9BB24385D6E798
:1067F000438D9BB2002BD2D1212AD0D1026851689F
:1068000021F4E0615160116841F4007111602022AF
:10681000036380F83D2080F83E30FFF7AFFFBEE70E
:10682000704770477047000037B5002301932D4B28
:10683000806B1B6890F83D2046F2A811B3FBF1F382
:1068400023214B4301930368D2B2019941BB016CF0
:1068500041F020010164446B0CB10021E163816BC4
:1068600009B10025CD631D6825F480651D600025F4
:10687000458504B1256501B10D65196821F0010157
:10688000196090F83D10602911D1202380F83D3027
:10689000002380F83E300364FFF7C4FF03B030BD2F
:1068A00001990139019119688905CED4D3E702F025
:1068B0002802282A0ED1196841F0010119601968CF
:1068C00041F4806119600023036380F83D20FFF7E5
:1068D000A8FFE3E7202380F83D30002380F83E3016
:1068E000F5E700BF0000002010B590F83D2090F8BB
:1068F0003E30102BD9B204460368D2B201D04029F1
:1069000013D1222A11D1196821F400611960596844
:1069100011F4006106D1602A1EBF202284F83D20B8
:1069200084F83E100022226307E002F028012829A3
:10693000EDD10022226384F83D105A6812F40062FF
:106940004FD05A68606B22F400625A6090F835307C
:10695000012B374B2BD00365FFF7A1FC50B1226808
:10696000606B136823F001031360202384F83D302B
:10697000036D9847236C19071FBF2268536823F4DF
:10698000E063536094F83D30226C5207DBB20DD5C2
:10699000282B0BD1274BE3622022002323632046C0
:1069A00084F83D2084F83E30FFF7E7FE10BDA06B71
:1069B0000365FFF774FC0028DCD023685A69510690
:1069C00005D51A69636A1A70636A013363622268C3
:1069D000A06B136823F001031360202384F83D307B
:1069E000C6E794F83D10602915D1202184F83D10A8
:1069F00022645A69520605D51A69636A1A70636A75
:106A0000013363622268136823F001031360204698
:106A1000FFF708FFAEE75A69500605D51A69636AA1
:106A20001A70636A013363622046FFF7FAFEA1E73A
:106A3000296800080000FFFFF0B5036804465A68A3
:106A4000C66A90F83E0094F83D1010288FB0C5B289
:106A5000C9B202D0402D40F0CF829F69586910F032
:106A6000010F07D1B6F52A0F02D0B6F12A4F51D146
:106A70000FB0F0BD96054DD5E26AB2F52A0F0CD1E4
:106A80000122E26294F83E20402A11D1226D52B9CF
:106A9000626C02F0FE021A61EAE7E26AB2F12A4F82
:106AA000F0D10822EDE7626C42F00102D2B2F2E7C7
:106AB0002269B2F5804F1AD194F83D20212A626CE8
:106AC00011D102F0FE021A61626B0AB1D26B2AB9CF
:106AD000A26B002ACCD0D26B002AC9D05A6842F4EB
:106AE00000625A60C4E742F00102D2B2EBE7226DC5
:106AF00032B9626CD21102F0060242F0F002CAE72B
:106B0000226D012AB4D1626CD21102F0060242F069
:106B1000F102C0E7060703D5960501D5626CE4E7EC
:106B2000860740F1E880960540F1E58094F83E1034
:106B3000E26A256B94F83D002228C9B240F0D38068
:106B4000206D40B9402906D101905A6901929B6994
:106B50000193019B8CE7216D89B92069B0F5404F05
:106B60000DD102915A6902929A690292029A1A68A8
:106B700042F480721A60236D0133236578E7618DDA
:106B800089B251B903915A6903929A690392039A9F
:106B90001A6842F400721A6019E0618D89B2012905
:106BA00049D112F5803F1BD11A6822F480621A6025
:106BB0005A6812F400620CD01A6822F480621A60DB
:106BC000002204925A6904929B690493049B002357
:106BD000D3E705925A6905929A690592059AD7E713
:106BE000082A1CD0202A1AD0122D0DD1012A16D124
:106BF0001A6822F480621A60002206925A6906928C
:106C00009B690693069BE2E7102AF1D8974941FA5F
:106C100002F2D707ECD41A6842F48062EBE71A68F4
:106C200022F480621A60002207925A6907929A69D8
:106C30000792079AACE7618D89B2022930D1102AF8
:106C400003D88B49D140CE0715D4196821F480614F
:106C50001960196841F40061196059680D0514D56F
:106C6000202A1AD8072A0AD8012A0ED15A6842F4D3
:106C700080525A6009E0196841F48061ECE7A2F1A2
:106C800008017C4ACA40D007F0D4002208925A6911
:106C900008929B690893089B99E712F5803FE4E707
:106CA000196841F4806119605968090510D5202AD6
:106CB00016D8072A06D8012A0AD15A6842F4805207
:106CC0005A6005E0A2F108016A4ACA40D207F4D42A
:106CD000002209925A6909929B690993099B76E7F8
:106CE00012F5803FE8E700220A925A690A929B69EE
:106CF0000A930A9BBCE67F0740F18D805E683605EB
:106D00003FF5B6AE070600F004063ED550053CD56B
:106D1000002E3DD194F83D20258D94F83E10E06A78
:106D2000D2B2C9B2C5B9212A18D1082858D0202812
:106D300056D010F5803F53D05A6822F4E0625A6072
:106D400011232363002384F83E30202384F83D3050
:106D50002046FFF70DFD8BE6212A05D040297FF460
:106D600087AE222A7FF484AE628D92B21AB95A6835
:106D700022F48062B5E694F83E20402A16D12046DF
:106D80000FB0BDE8F040FFF7FABC002E3FF470AE44
:106D900097057FF56DAE212939D1E16A94F83D2040
:106DA000212A7FF465AE628D92B24AB1626A12F80E
:106DB000011B19616262638D013B9BB2638557E6DB
:106DC00008290DD020290BD011F5803F08D0596833
:106DD00021F4E06159601123236384F83E20B4E775
:106DE0005A6822F4E0625A601A6842F400721A602B
:106DF00000232022236384F83D2094F83E2084F869
:106E00003E30402A2046A4D1FFF7B8FC30E6402DA2
:106E10007FF42EAEB3E759680E053FF529AE45065F
:106E200000F004017DD550057BD500297CD194F874
:106E30003D20222A7FF41CAE628D92B2032A1BD918
:106E40001A69636A1A70636A01336362638D013B76
:106E50009BB26385638D9BB2032B7FF409AE2268DE
:106E6000536823F48063536002E600BFEBFFFEFF2C
:106E70001400010001010001E06A02283FF477AF2D
:106E8000012A3FF674AF764A0B91126846F2A811B8
:106E9000B2FBF1F202EB82020B920B9A013A0B92D7
:106EA0000B99D1B9226C42F0200222645A6822F474
:106EB000E0625A601A69636A1A70636A0133636236
:106EC000638D013B9BB26385202384F83D302046CF
:106ED00084F83E10FFF7A5FCCAE51A6812F40072A8
:106EE000DBD1196821F480611960596821F4E061EF
:106EF00059601969636A1970636A01336362638D4B
:106F0000013B9BB26385202384F83D3094F83E30EA
:106F100084F83E20402B69D122632046FFF780FC95
:106F2000A6E500293FF4A4AD92057FF5A1ADE26A84
:106F3000608D616A80B2042809D15A6822F48062A7
:106F40005A601B690B70636A0133636233E7608DBB
:106F500080B203280CD15868042A20F4806058605D
:106F6000EFD0022AEDD01A6822F480621A60E8E7B6
:106F7000608D80B20228E4D1042A33D007D8012AD8
:106F800007D0022A2ED01A6842F4007204E0102AB8
:106F9000F9D11A6822F480621A601B690B70626A68
:106FA000531C6362638D013B9BB2638523681B693D
:106FB0005370636A226801336362638D013B9BB245
:106FC0006385536823F440735360202384F83D3075
:106FD00094F83E30402B4FF0000384F83E3005D14A
:106FE00023639AE71A6842F48062D5E71223236389
:106FF0002046FFF7BEFB3BE5206C18B3586900251F
:1070000087072FD596052DD5226C02B19D6994F87E
:107010003D2002F02802282A17D15A682F0622F4B0
:1070200080625A60C5F3800154BFE268A269002300
:1070300081F00101C9B284F83C3092B22046FFF7DA
:107040009BFB15E59D695869DAE700220C925969A6
:107050000C919B690C930C9B84F83C2008E500BFC5
:1070600000000020C60640F1B180950540F1AE80D9
:1070700094F83D505A6822F4E0625A6000220D9262
:107080005A690D921A6842F001021A600D9A1A6844
:1070900022F480621A605A681005EDB220D505F01E
:1070A000F702222A4AD1A06B0268526892B2628526
:1070B000628D92B21AB1226C42F0040222645A68C4
:1070C00022F400625A60FFF7BBF9012808D0A06BD8
:1070D000794B0365FFF7E3F810B1A06B036D984798
:1070E000638D9BB213B323685A69510709D51A6996
:1070F000636A1A70636A01336362638D013B9BB2FA
:10710000638523685A69520609D51A69636A1A7039
:10711000636A01336362638D013B9BB26385638D58
:107120009BB21BB1236C43F004032364236C13B3A1
:1071300020460FB0BDE8F040FFF7D6BB606B026899
:10714000526892B26285628D92B21AB1226C42F09C
:10715000040222645A6822F400625A60FFF770F950
:107160000128BDD0606B544B0365FFF798F80028E9
:10717000B6D0606BB2E72A2D06D12363282384F8AA
:107180003D302046FFF7F7FA94F83D30282B0CD11C
:107190004A4BE362202200232363204684F83D20EB
:1071A00084F83E30FFF7E9FA62E4236B222B02D029
:1071B000222D7FF45DAC00232022236384F83D2040
:1071C00084F83E302046FFF7D6FA51E401F0F7018B
:1071D000212900F0040535D1070627D5560525D508
:1071E0003DBB94F83D00628D92B2C0B2002A3FF4DC
:1071F0003FAC626A12F8015B1D616262628D013A06
:1072000092B26285628D92B2002A7FF431AC292855
:107210007FF42EAC5A6822F480625A6028232163DE
:10722000204684F83D30FFF7A5FA21E4002D3FF415
:107230001FAC95057FF51CAC628D92B2002A3FF41D
:1072400017ACB3E5400627D5510525D53DBB94F8CD
:107250003D20618D89B2D2B200293FF409AC196991
:10726000636A1970636A01336362638D013B9BB289
:107270006385638D9BB2002B7FF4FAAB2A2A7FF4DF
:10728000F7AB2268536823F480635360222323639F
:10729000282384F83D3095E7002D3FF4E9AB9205B3
:1072A0007FF5E6AB628D92B2002A3FF4E1AB1A693A
:1072B000636A1A7047E600BF296800080000FFFFF4
:1072C000F8B503685F695E6890F83E2017F4807532
:1072D0000446D2B206D016F480751EBF6FF48071DA
:1072E00059610125B80506D5F10542BF6FF400715B
:1072F00045F002055961780536D5F10534D5608D24
:1073000094F83D10D4F830C0202A80B2C9B25BD1C5
:10731000002859D101F0F700212804D0282953D1A1
:10732000BCF1210F50D194F83D20E16A0829D2B276
:1073300001D020292AD1282A28D12C4AE2625A6871
:1073400022F4E0625A606FF480625A611A6822F493
:1073500080621A60002320222363204684F83D20A7
:1073600084F83E30FFF709FA3A053BD5F30539D5E5
:1073700023686FF4006245F008055A61236C1D43D1
:1073800025642046BDE8F840FFF7AEBA212A17D1A0
:107390001649E1622263202284F83D20002284F80D
:1073A0003E205A6822F4E0625A606FF480625A61AB
:1073B0001A6822F480621A602046FFF7DBF9D3E7EF
:1073C0006FF480625A61CFE76FF48061102A5961CF
:1073D00045F0040501D0402AC6D11A6842F4007273
:1073E0001A60C1E7002DC9D1F8BD00BF0000FFFF42
:1073F0002DE9F341044640B30368DE0710D4236847
:107400009D075BD42368190700F19D8023685A0704
:1074100000F1BD80A369002B40F0248100202CE006
:107420008D4B9A6802F00C02042A07D09A6802F089
:107430000C02082A0BD15B68590208D5864B1B68E1
:107440009A03DCD56368002BD9D1012015E063686D
:10745000814DB3F5803F13D12B6843F480332B600B
:10746000FEF7F0FB7C4E054633689B03C7D4FEF75E
:10747000E9FB401B6428F7D9032002B0BDE8F08186
:10748000B3F5A02F04D12B6843F480232B60E3E7EE
:107490002A6822F480322A602A6822F480222A6034
:1074A000002BDDD1FEF7CEFB06462B689F03A6D549
:1074B000FEF7C8FB801B6428F7D9DDE7664B9A68A6
:1074C00012F00C0F07D09A6802F00C02082A11D1B2
:1074D0005B685D020ED4604A1368990702D5E368C1
:1074E000012BB2D11368216923F0F80343EAC103E9
:1074F000136087E7E268594BB2B101221A60FEF7C8
:10750000A1FB554D06462B689B0707D52B682269C2
:1075100023F0F80343EAC2032B6073E7FEF792FB04
:10752000801B0228EFD9A7E71A60FEF78BFB4A4EB3
:10753000054633689F077FF565AFFEF783FB401B69
:107540000228F6D998E76269444B82B10122C3F858
:10755000802EFEF777FB404E0546736F9B073FF585
:1075600055AFFEF76FFB401B0228F6D984E7C3F83E
:10757000802EFEF767FB384E0546736F9F077FF539
:1075800045AFFEF75FFB401B0228F6D974E7324B8C
:107590001A6C12F0805228D101921A6C42F080527B
:1075A0001A641B6C03F080530193019B01272C4D3F
:1075B0002B68D8051BD5A368274D012B27D12B6F2E
:1075C00043F001032B67FEF73DFB234E054641F2D6
:1075D0008838336F9A0739D5002F3FF41BAF1E4A06
:1075E000136C23F08053136414E70027DFE72B6844
:1075F00043F480732B60FEF725FB06462B68D90504
:10760000D9D4FEF71FFB801B0228F7D934E7052BDE
:1076100004D12B6F43F004032B67D0E72A6F22F0CD
:1076200001022A672A6F22F004022A67002BCAD1BE
:10763000FEF708FB41F2883806462B6F9B07CBD537
:10764000FEF700FB801B4045F7D915E7FEF7FAFA75
:10765000401B4045BDD90FE70038024000004742BB
:1076600000700040374DAA6802F00C02082A3ED094
:10767000022B354B4FF000021A662BD1FEF7E2FACF
:1076800006462B6899011FD4D4E907321343626A76
:1076900043EA8213E26A43EA0263A26A5208013AA9
:1076A00043EA02436B60284B264D01221A66FEF71F
:1076B000C9FA04462B689A013FF5B0AEFEF7C2FA4C
:1076C000001B0228F6D9D7E6FEF7BCFA801B022879
:1076D000D7D9D1E6FEF7B6FA04462B689B017FF5B1
:1076E0009DAEFEF7AFFA001B0228F6D9C4E6012BC7
:1076F0003FF4ABAE6B68E26903F4800191427FF422
:10770000A4AE216A03F03F028A427FF49EAE616A12
:1077100047F6C0721A40B2EB811F7FF496AEA26AA0
:10772000520803F44031013AB1EB024F7FF48DAEC1
:10773000E26A03F07063B3EB026F14BF0120002014
:107740009BE600BF0038024000004742134908B5DD
:107750008B6803F00C03042B1CD0082B1CD14A6847
:107760004B68496813F4800314BF0D480D48C1F3FA
:10777000881118BF002302F03F02A1FB0001F9F7B6
:1077800053FA064B5B68C3F3014301335B00B0FB64
:10779000F3F008BD0248FCE70248FAE7003802406F
:1077A00000127A000024F4002DE9F0410D46044651
:1077B00010B90120BDE8F081434B1A6802F00702BE
:1077C0008A4228D321688F072DD4C80740D43E4B66
:1077D0001A6802F00702AA4265D8226851076BD4E2
:1077E000130707D5394A2169936823F4604343EAB4
:1077F000C1039360FFF7AAFF344B354A9B68C3F37C
:107800000313D35CD840334B1860334B1868FEF732
:10781000E3F80020CEE7CAB21A701B6803F0070332
:107820008B42C6D1CEE7294B11F0040F1EBF9A68D8
:1078300042F4E0529A600E0742BF9A6842F46042F6
:107840009A609A68A06822F0F00202439A60BCE74E
:1078500062681E4B012A1CD11B6813F4003FA8D09C
:107860001A4EB36823F003031343B360FEF7EAF93B
:1078700041F288380746B368626803F00C03B3EB43
:10788000820FA4D0FEF7DEF9C01B4045F3D90320D8
:1078900090E7911E01291B6802D813F0007FDEE7F4
:1078A00013F0020FDBE7EAB21A701B6803F007035C
:1078B000AB427FF47EAF90E70449E0688B6823F425
:1078C000E05303438B608BE7003C024000380240EA
:1078D000D0E100080000002008000020044B054A09
:1078E0009B68C3F38223D35C034A1068D840704777
:1078F00000380240C8E1000800000020044B054A9F
:107900009B68C3F34233D35C034A1068D840704786
:1079100000380240C8E10008000000200F23036087
:107920000B4B9A6802F0030242609A6802F0F00280
:1079300082609A6802F4E052C2609B68DB0803F43C
:10794000E0530361034B1B6803F007030B607047B0
:1079500000380240003C024082B000230093134BE9
:1079600045F6C0521B68B3FBF2F364225343019304
:107970000368019A9AB9426D42F0400242651A6862
:1079800022F040021A605A6822F0E0025A60DB6876
:107990000093009B072380F8513002B07047019A92
:1079A000013A01929A689207E3D5E8E700000020C7
:1079B00003685A6822F080025A601A6822F0400276
:1079C0001A60072380F85130704700002DE9F34119
:1079D0001C4616460F460546FEF734F93444241A71
:1079E000FEF730F9244B1B68C3F3CB336343804667
:1079F00001932A68936837EA030301D000202EE040
:107A0000731CF7D0FEF71EF9A0EB0800A04229D3A3
:107A10002B685A6822F0E0025A606A68B2F5827FE9
:107A20000AD1AA68B2F5004F02D0B2F5806F03D137
:107A30001A6822F040021A60AA6AB2F5005F07D104
:107A40001A6822F400521A601A6842F400521A604E
:107A5000012385F85130002385F85030032002B00F
:107A6000BDE8F081019A019B002A03F1FF330193E5
:107A700008BF1446BDE700BF0000002038B513461C
:107A80004268B2F5827F044606D00A460121FFF71C
:107A90009DFFB8B9002038BD8268B2F5004F02D012
:107AA000B2F5806F07D125682868B2F5806F20F0A5
:107AB0004000286003D00A4680212046E7E70A46B6
:107AC0000121FAE7636D43F0200363650320E2E7D9
:107AD00037B51346124A1568124AB5FBF2F54FF452
:107AE0007A72554342680195B2F5827F04460BD104
:107AF0000A468021FFF76AFF78B1636D43F02003E7
:107B00006365032003B030BD019B33B1019B013B92
:107B1000019323689B681B06F6D40020F2E700BFA0
:107B20000000002000366E0110B50446002855D034
:107B3000436A002B4ED14268B2F5827F00D0C36108
:107B40000023A36294F8513003F0FF0223B984F8B4
:107B500050202046FDF720FD2168A068A26902237D
:107B600084F851300B6823F040030B60636800F425
:107B7000044003F482730343E06800F400600343AD
:107B8000206900F002000343606900F00100034334
:107B900002F400700343E06900F038000343206AF8
:107BA00000F080000343A06A00F4005003430B6020
:107BB000636A120C03F0100302F004021A434A60D5
:107BC000CB6923F40063CB6100200123606584F856
:107BD000513010BD0023C0E90433B1E70120F8E7BC
:107BE0002DE9F7431F4690F85030012B04460D460F
:107BF000904600F0A080012380F85030FEF722F874
:107C000094F85130012B8146D8B240F09280002D7B
:107C100061D0B8F1000F5ED0032384F85130002307
:107C20006365C4E91033A4F83680A363A387E387B0
:107C3000A36826682563B3F5004FA4F8348007D104
:107C4000336823F040033360336843F48043336088
:107C50003368E2685B065EBF336843F0400333601D
:107C6000B2F5006F63683FD113B1B8F1010F07D1CE
:107C700035F8023BF3602563E38E013B9BB2E3865C
:107C8000E38E9BB2A3B94A4639462046FFF720FF50
:107C900000284BD1A36833B901932368DA680192B5
:107CA0009B680193019B606D003818BF012012E0B2
:107CB00022689368980705D5236B33F8021BD160BF
:107CC0002363D9E7FDF7BEFFA0EB0900B842D7D385
:107CD000791CD5D00320012384F85130002384F887
:107CE000503003B0BDE8F08313B1B8F1010F08D1F3
:107CF0002B783373236B01332363E38E013B9BB2F9
:107D0000E386E38E9BB2002BBDD023689A6892076E
:107D100003D5226B12781A73ECE7FDF793FFA0EB03
:107D20000900B842EDD37B1CEBD0D3E72023636579
:107D3000B0E70220CFE70220D3E72DE9F7431E4644
:107D400090F85030DDF82880012B04460D4691460E
:107D500000F0E180012380F85030FDF773FF94F8C4
:107D600051306268012B0746D9B20AD0B2F5827F42
:107D700040F0CF80A368002B40F0CB80042940F076
:107D8000C88015B1B9F1000F09D10120012384F891
:107D90005130002384F8503003B0BDE8F083002E4A
:107DA000F3D094F85130C4F83890042B1CBF05234D
:107DB00084F8513000236365C4E910332368E687F3
:107DC000E6861968A687490658BF1968256358BF13
:107DD00041F04001A68658BF1960E168B1F5006F17
:107DE00048D10AB1012E07D135F8022BDA60E38EB3
:107DF0002563013B9BB2E3860125E38E9BB263B909
:107E0000E38F9BB24BB93A4641462046FFF760FEEE
:107E1000002872D020236365B7E721688B689A0732
:107E20000DD5E38E9BB253B145B1236B33F8022BD2
:107E3000CA602363E38E013B9BB2E38600258A6818
:107E400012F001020CD0E38F9BB24BB1A36BC96857
:107E500023F8021BA363E38F013B9BB2E387154624
:107E6000FDF7F0FEC01B4045C7D3B8F1FF3FC4D0BB
:107E700003208BE70AB1012E08D12A781A73236BED
:107E800001332363E38E013B9BB2E3860125E38E3E
:107E90009BB21BB9E38F9BB2002BB4D022689368CE
:107EA0009B070ED5E38E9BB25BB14DB1236B1B7864
:107EB0001373236B01332363E38E013B9BB2E38691
:107EC00000252268916811F001010DD0E38F9BB26B
:107ED00053B1A36BD2681A70A36B0133A363E38F12
:107EE000013B9BB2E3870D46FDF7ACFEC01B40454E
:107EF000CDD3B8F1FF3FCAD0BAE7A368002B7FF417
:107F000045AF23680190DA6801929B680193019B59
:107F10003CE702203AE702203EE72DE9F7431D4601
:107F20004368B3F5827F0446894617460CD18368BF
:107F300053B9042380F85130134600950A46FFF7E1
:107F4000FCFE03B0BDE8F08394F85030012B7FD0E5
:107F5000012384F85030FDF775FE94F85130012B61
:107F60008046D8B272D1B9F1000F5CD0002F5AD040
:107F7000A268C4F8389000260423B2F5004F84F8B4
:107F80005130C4E9106666652368E787A7872663D2
:107F9000A686E68607D11A6822F040021A601A689F
:107FA00022F480421A601A6856065EBF1A6842F0D0
:107FB00040021A60E368F3B1E38F9BB2FBB1236820
:107FC0009A68D20736D5DA68A36B23F8022BA3632D
:107FD000E38F013B9BB2E387EEE723689A68D00703
:107FE00018D5A26B1B7B1370A36B0133A363E38FC4
:107FF000013B9BB2E387E38F9BB2002BEDD142465E
:1080000029462046FFF73AFDE8B9606D003818BFF1
:10801000012008E0FDF716FEA0EB0800A842EAD315
:10802000691CE8D00320012384F85130002384F830
:10803000503086E7FDF706FEA0EB0800A842BBD350
:108040006B1CB9D0EEE720236365DEE70220EAE788
:10805000022076E738B5044690F85000012870D029
:10806000012084F8500094F851000128C5B208D0CE
:108070006068B0F5827F62D1A06800285FD1042DCE
:108080005DD1002933D0002A31D0002B2FD094F8B5
:108090005100A38604281CBF052084F8510000204D
:1080A0006065E386E387A38794F851302163042B4E
:1080B000C4E9100018BF2449E06C12BF234B2449C7
:1080C000244BA263C0E90F31234BC3640023216812
:1080D0000365E38F0C319BB2FEF76AF8034658B193
:1080E000636D43F010036365012384F85130012070
:1080F000002384F8503038BD2268A06C516841F0EC
:1081000001015160C0E90F33C0E91333E38E216BE5
:108110009BB20C32FEF74CF80028E1D123681A68B4
:1081200052065EBF1A6842F040021A605A6842F076
:1081300020025A605A6842F002025A60D8E70220D0
:10814000D6E70220D7E700BF91820008238300080A
:1081500085820008BD8200089B8200081FB5454B40
:1081600045F6C0521B68B3FBF2F3642253430193FC
:10817000019B009303685A6822F020025A605A68F3
:10818000110604460AD53C4A4264009A002A59D195
:10819000626D42F040026265019A00925A6852068E
:1081A0000AD5364A2264009A002A53D1626D42F001
:1081B00040026265019A00925A68900714D5A06C3B
:1081C00090B100230365FEF72CF808B140236365E6
:1081D00023685A6822F002025A60009A002A41D1AC
:1081E000626D42F0400262655A68D20711D5E06CB8
:1081F00078B100230365FEF714F808B140236365E6
:1082000023681A6822F040021A605A6822F00102BC
:108210005A600022E287E286616D402918BF6265DC
:108220000292D968029199680291029903929B681F
:108230000393039B14BF10460120012384F851309F
:1082400004B010BD009A013A009294F85120072A18
:108250009BD1A1E7009A013A009294F85120072A95
:10826000A1D1A7E7009A013A00929A689107B4D584
:10827000BAE700BF00000020B17900085979000872
:108280007047704708B5806BFFF7FBFF08BD70476C
:1082900008B5806BFFF7FBFF08BD806B026808B56F
:1082A000536823F003035360436D43F010034365A9
:1082B000012380F85130FAF7C7FB08BD38B50546F1
:1082C000846BFDF7BFFC2B681B68DB05024624D4DA
:1082D0002368596821F020015960A168C9B9616813
:1082E000B1F5827F15D1596821F00301596020460C
:1082F0006421FFF7C3FB08B1202363650023E387F4
:10830000012384F85130636D3BB12046FAF79CFBA2
:1083100038BD596821F00101E8E72046FFF7B0FFBA
:10832000F6E738B50546846BFDF78CFC2B681B68B7
:10833000DB0502461ED421684B6823F020034B6006
:1083400020466421FFF7C4FB18B1636D43F020039E
:1083500063652268536823F0030353600023E386B8
:10836000E387012384F85130636D1BB12046FAF78F
:108370006BFB38BD2046FAF74DFBFAE7F0B5036812
:108380005D689A68560685B004464FEA9211C2F3BA
:10839000801708D4D60706D56E0604D5036C05B041
:1083A000BDE8F0401847960704D5280602D5636C4F
:1083B0002046F4E741EA521102F4807001F0010115
:1083C00001434FEA521657D0AA0655D57FB194F80B
:1083D0005120032A4FF0000148D0626D42F00402A0
:1083E00062650091DA6800929A680092009AF1073B
:1083F0000CD5626D42F001026265002202929A6819
:1084000002921A6822F040021A60029A40B1626D2C
:1084100042F008026265002203929A680392039A6E
:10842000626D4AB35A6822F0E0025A60012284F871
:108430005120AA0722D05A68E06C22F003025A6049
:1084400040B1104B0365FDF72AFF18B1636D43F08F
:1084500040036365A06C78B10A4B0365FDF71FFF0D
:1084600050B1636D43F04003636505E00191DA6844
:1084700001929B680193019B05B0F0BD2046FAF77D
:10848000E3FAF9E78984000808B5806B0023C38705
:10849000C386FAF7D9FA08BD036A23F0010370B561
:1084A0000362036A446882690D6822F073022A43FA
:1084B0008D6823F002032B430C4DA84203D005F531
:1084C0008065A8420BD1CD6823F008032B43D1E986
:1084D000055624F44074354323F004032C434460D0
:1084E00082614A684263036270BD00BF00000140C0
:1084F000036A23F4807370B50362036A4468C26937
:108500000D6822F073022A438D6823F4007343EA56
:1085100005230D4DA84203D005F58065A8420DD175
:10852000CD6823F4006343EA0523D1E9055624F41A
:108530004054354323F4806344EA05144460C26127
:108540004A68C263036270BD00000140036A23F4FD
:10855000805330B50362036A4468C2690D6822F42F
:10856000E64242EA05228D6823F4005343EA0533CC
:10857000084DA84203D005F58065A84204D14D6995
:1085800024F4804444EA85144460C2614A68026469
:10859000036230BD0000014090F83D30012B30D126
:1085A000022380F83D300368DA6842F00102DA60A5
:1085B000154A93421AD0B3F1804F17D0A2F57C42EE
:1085C000934213D002F5806293420FD002F580628D
:1085D00093420BD002F57842934207D002F57052D5
:1085E000934203D0A2F59432934204D19A6802F0E8
:1085F0000702062A03D01A6842F001021A6000201E
:1086000070470120704700BF00000140704770476D
:1086100070477047704703681A69910710B50446A0
:108620000ED5DA6892070BD56FF002021A610122AB
:1086300002779B699B0777D0FFF7EAFF0023237738
:1086400023681A69500710D5DA6851070DD56FF005
:1086500004021A61022222779B6913F4407F2046AC
:1086600068D0FFF7D5FF0023237723681A69120724
:108670000FD5DA6810070CD56FF008021A610422D2
:108680002277DB69990720465AD0FFF7C1FF002304
:10869000237723681A69D20610D5DA68D0060DD57B
:1086A0006FF010021A6108222277DB6913F4407F11
:1086B00020464BD0FFF7ACFF0023237723681A69CD
:1086C000D10708D5DA68D20705D56FF001021A6123
:1086D0002046FBF753FF23681A69100608D5DA68AD
:1086E000110605D56FF080021A61204600F0CDFB1F
:1086F00023681A69520608D5DA68500605D56FF066
:1087000040021A612046FFF785FF23681A69910627
:1087100022D5DA6892061FD56FF0200220461A6132
:10872000BDE8104000F0B0BBFFF771FF2046FFF737
:1087300070FF83E7FFF76BFF2046FFF76AFF92E7C2
:10874000FFF765FF2046FFF764FFA0E7FFF75FFF35
:108750002046FFF75EFFAFE710BD0000254A036823
:10876000904212D0B0F1804F0FD0A2F57C429042DF
:108770000BD002F58062904207D002F580629042F1
:1087800003D002F57842904208D14A6823F0700382
:108790001343CA6823F44073134316E0164A904209
:1087A000F7D002F580629042F3D002F580629042E9
:1087B000EFD0A2F598329042EBD002F58062904261
:1087C000E7D002F580629042E3D04A6923F080034B
:1087D000134303608B68C3620B688362054B984246
:1087E00003D003F58063984201D10B690363012331
:1087F00043617047000001400040014010B504464D
:1088000030B390F83D3003F0FF021BB980F83C20F4
:10881000FCF740FF0223206884F83D30211DFFF75C
:108820009DFF012384F84630002084F83E3084F810
:108830003F3084F8403084F8413084F8423084F886
:10884000433084F8443084F8453084F83D3010BD1E
:108850000120FCE710B5044630B390F83D3003F03A
:10886000FF021BB980F83C20FCF764FF022320685C
:1088700084F83D30211DFFF771FF012384F8463055
:10888000002084F83E3084F83F3084F8403084F88B
:10889000413084F8423084F8433084F8443084F81E
:1088A000453084F83D3010BD0120FCE710B504468A
:1088B00030B390F83D3003F0FF021BB980F83C2044
:1088C000FFF7A4FE0223206884F83D30211DFFF746
:1088D00045FF012384F84630002084F83E3084F8B8
:1088E0003F3084F8403084F8413084F8423084F8D6
:1088F000433084F8443084F8453084F83D3010BD6E
:108900000120FCE7036A23F0100370B50362036AD9
:10891000446882690D6822F4E64242EA05228D68C5
:1089200023F0200343EA05130D4DA84203D005F5BB
:108930008065A8420DD1CD6823F0800343EA05137A
:10894000D1E9055624F44064354323F0400344EA5A
:108950008504446082614A688263036270BD00BF1F
:108960000000014038B590F83C30012B04464FD050
:108970000120082A84F83C003AD006D8BAB1042A6B
:1089800026D0002384F83C3038BD0C2AF9D1206869
:10899000FFF7DCFDC3690A6943F40063C361C3697F
:1089A00023F48063C361C36943EA02232EE0206895
:1089B000FFF772FD83690A6943F0080383618369E5
:1089C00023F0040383618369134383610020D8E7A4
:1089D0002068FFF797FF83690A6943F400638361A6
:1089E000836923F480638361836943EA0223ECE7AC
:1089F0002068FFF77DFDC3690A6943F00803C3617E
:108A0000C36923F00403C361C3691343C361DDE792
:108A10000220B9E770B5046A194E24F0010404621B
:108A2000B0428469056A26D0B0F1804F23D0A6F504
:108A30007C46B0421FD006F58066B0421BD006F5DA
:108A40008066B04217D006F57846B04213D006F5DE
:108A50007056B0420FD0A6F59436B0420BD044F019
:108A6000010263F3071201F00A0125F00A0319431A
:108A70008261016270BD24F003042243F1E700BF6C
:108A800000000140F8B590F83C30012B05460C463B
:108A900000F082800120082A85F83C005CD006D8CE
:108AA00042B3042A36D0002385F83C30F8BD0C2AA6
:108AB000F9D12B68CE68D1E90027196A21F48051D9
:108AC0001962D969186A21F44071120341EA072139
:108AD00020F4204002F4204266F30F310243D961B2
:108AE0001A62DA69A16822F44062DA61DA6942EA5C
:108AF00001224FE02868CB68D1E90012FFF78AFF16
:108B00008369A26823F00C03836183691343836143
:108B10000020C8E72B68CE68D1E90027196A21F048
:108B2000100119629969186A21F44071120141EA31
:108B3000072120F0A00002F0A00266F30F310243EB
:108B400099611A629A69A16822F440629A619A69ED
:108B500042EA01229A61DBE72B68E768186A20F491
:108B60008070D1E900211862DE69186A26F00306D8
:108B70001202314320F4206002F4206267F30711EF
:108B80000243D9611A62DA69A16822F00C02DA6143
:108B9000DA690A43DA61BBE7022087E710B5846827
:108BA0000A4324F47F4442EA03222243826010BD38
:108BB00038B590F83C30012B04464FF0020000F02D
:108BC0008E8084F83D000122206884F83C20836870
:108BD00023F47F4323F0770383600B68602B4FD02F
:108BE00032D8402B64D016D8202B0DD00AD833F0C1
:108BF000100109D0012384F83D30002384F83C3073
:108C0000104638BD302BF5D1826822F07002134334
:108C100043F0070328E0502BECD14A68CD68016A85
:108C2000036A23F001030362836921F00A0123F040
:108C3000F00343EA05130A4383610262836823F069
:108C4000700343F057030FE0B3F5805F0DD0B3F529
:108C5000005F0CD0702BCDD1CB68D1E90121FFF79B
:108C60009DFF836843F0770383600022C2E7CB68EF
:108C7000D1E90121FFF792FF836843F48043F3E7D2
:108C8000036A4D68C96823F0100303628269036AAE
:108C900022F4704223F0A00343EA051342EA0132B2
:108CA00082610362836823F0700343F06703DBE7AC
:108CB0004A68CD68016A036A23F00103036283698D
:108CC00021F00A0123F0F00343EA05130A4383610C
:108CD0000262836823F0700343F04703C4E702464F
:108CE0008EE7036A10B501F01F0101248C4023EACE
:108CF00004030362036A8A401A43026210BD000043
:108D000008B529B990F83E30012B1FD0012035E07D
:108D1000042907D190F83F30012BF7D1022380F8C6
:108D20003F3016E008290CBF90F8403090F84130F1
:108D3000013B18BF0123002BE8D108294FF00203A3
:108D40000CBF80F8403080F8413002E0022380F808
:108D50003E3000680122FFF7C4FF164B984203D053
:108D600003F5806398420AD1436C43F400434364A3
:108D7000836803F00703062B17D1002008BDB0F16C
:108D8000804FF5D00C4B9842F2D003F580639842A7
:108D9000EED003F580639842EAD003F59A33984207
:108DA000E6D0A3F594339842E2D0036843F0010380
:108DB0000360E2E70000014000040040FFF7A0BFAD
:108DC00030B590F83C30012B02464FF0020032D013
:108DD000136882F83D005C680D68986824F07004A0
:108DE0002C435C60144CA3421AD0B3F1804F17D0CF
:108DF000A4F57C44A34213D004F58064A3420FD0B1
:108E000004F58064A3420BD004F57844A34207D054
:108E100004F57054A34203D0A4F59434A34204D1C2
:108E2000496820F08000014399600123002082F806
:108E30003D3082F83C0030BD0000014090F83C30ED
:108E4000012B02461ED0CB68886823F4407303438D
:108E5000486823F480630343086823F400630343F2
:108E6000086923F4805303434869C96923F4005314
:108E7000034323F480430B43116800204B6482F8C2
:108E80003C0070470220704770477047026802F14B
:108E90000C0353E8003F23F490730C3242E8003196
:108EA00002680029F2D102F1140353E8003F23F0D5
:108EB000010302F1140C4CE800310029F3D1036BDB
:108EC000012B0BD102F10C0353E8003F23F01003F8
:108ED00002F10C0C4CE800310029F3D1202380F87A
:108EE0003E300023036370470268C16838B51369D8
:108EF00023F440530B431361054683680069D1682E
:108F0000034368690343E86921F4164121F00C0129
:108F100003430B43D3605369A96923F440730B43A4
:108F200053611F4B9A4203D003F580639A4224D1C8
:108F3000FEF7E4FCEA691921B2F5004FD5E90043D8
:108F4000A0FB01011CD1DA184FF0000545EB050329
:108F5000F7F76AFE6422B0FBF2F102FB1103DB00BB
:108F60003233B3FBF2F303F007025B0002EB0112B2
:108F700003F4F8731344A36038BDFEF7AFFCD9E7E0
:108F80009A009B0FF7F750FE6422B0FBF2F102FB50
:108F900011031B013233B3FBF2F303EB0113EAE7D6
:108FA00000100140F8B504460E4617461D462268DB
:108FB000136836EA030301D1002028E06B1CF7D0C8
:108FC00025B1FCF73FFEC01B8542F0D2226802F1BA
:108FD0000C0353E8003F23F4D0730C3242E8003016
:108FE00021680028F2D101F1140353E8003F23F077
:108FF000010301F1140040E80032002AF3D12023DC
:1090000084F83D3084F83C2084F83E300320F8BDDD
:1090100010B5044640B390F83D3003F0FF021BB991
:1090200080F83C20FCF7EEFB2268242384F83D30D6
:10903000D36823F40053D3602046FFF755FF23681D
:109040001A6922F490421A615A6922F02A025A617E
:10905000DA6842F40052DA6000202023206484F8A9
:109060003D3084F83E3010BD0120FCE72DE9F84387
:10907000984690F83D30202B04460E46174648D1BE
:10908000002944D0002A42D090F83C30012B40D037
:10909000012380F83C3000252123056480F83D3011
:1090A000FCF7D0FDA368A784B3F5805F8146E78411
:1090B00003D123690BB935461E46002384F83C30A2
:1090C000E38C9BB253B943464A4640212046FFF702
:1090D00069FF50B9202384F83D3007E043464A46F3
:1090E00080212046FFF75EFF10B10320BDE8F88322
:1090F00022684EB935F8023BC3F308035360E18C94
:10910000013989B2E184DBE716F8013BF6E701207B
:10911000ECE70220EAE770477047704708B5806BBC
:109120000023C385C384FFF7F8FF08BD704790F89C
:109130003E30222B07B541D181680268836AB1F5C0
:10914000805F3DD1016900293DD15268C2F3080218
:1091500023F8022B8362C38D013B9BB2C385002B96
:109160002CD10268D16821F02001D160D16821F4AE
:109170008071D160516921F001015161202280F894
:109180003E20026B012A026827D1036302F10C031F
:1091900053E8003F23F0100302F10C0C4CE80031BF
:1091A0000029F3D11368DB0605D5019113680193FB
:1091B00053680193019B818DFFF7B8FF03B000BD99
:1091C00039B9016929B95268D2B21A70836A013378
:1091D000C0E7526802F07F02F7E7FFF79DFFEDE777
:1091E00003681A6873B51607D9685D69044608D123
:1091F000960668D58D0666D502B0BDE87040FFF7CB
:1092000096BF05F0010001F4907505435BD0D607C9
:1092100005D5CD0542BF236C43F0010323645307FA
:1092200004D518B1236C43F002032364960704D5D8
:1092300018B1236C43F004032364150707D501F02C
:10924000200303431EBF236C43F008032364236CF5
:10925000002B32D0920604D58B0602D52046FFF7AC
:1092600066FF26687369226C03F0400302F008026F
:1092700053EA0205204622D0FFF708FE73695E0616
:1092800018D5226802F1140353E8003F23F040038D
:10929000143242E800310029F3D1A06B50B1724B77
:1092A0000365FCF7FCFF40B1A06B036D02B0BDE8A5
:1092B000704018472046FFF730FF02B070BDFFF73F
:1092C0002CFF2564F9E7206B012840F09180D5063A
:1092D00040F18E80C80640F18B80002201921A680E
:1092E00001925A680192019A5A6952064CD5A16BB3
:1092F0000A68526892B2002ADFD0A08D9042DCD971
:10930000E285CA69B2F5807F36D003F10C0252E8DB
:10931000002F22F4807203F10C0040E800210029A4
:10932000F3D103F1140252E8002F22F0010203F1FD
:10933000140040E800210029F3D103F1140252E89F
:10934000002F22F0400203F1140040E80021002920
:10935000F3D1202284F83E20216303F10C0252E86D
:10936000002F22F0100203F10C0040E80021002938
:10937000F3D1A06BFCF755FFE38DA18DC91A89B21B
:109380002046FFF7D3FE98E7E28DE18D89B292B2D5
:10939000002992D0A18D891A89B200298DD003F1BC
:1093A0000C0252E8002F22F4907203F10C0545E8FC
:1093B00000200028F3D103F1140252E8002F22F01C
:1093C000010203F1140545E800200028F3D1202212
:1093D00084F83E20206303F10C0252E8002F22F0B3
:1093E000100203F10C0545E800200028F3D1C7E77F
:1093F000160628D50D0626D594F83D20212A7FF49F
:109400005CAFA168226AB1F5805F17D12169A9B963
:1094100032F8021BC1F3080159602262E28C013A62
:1094200092B2E284002A7FF448AFDA6822F0800228
:10943000DA60DA6842F04002DA603EE7511C2162ED
:1094400012785A60EAE750067FF537AF4A067FF593
:1094500034AFDA6822F04002DA60202384F83D302D
:109460002046FFF758FE28E71D91000808B54FF089
:10947000E0231B6901F02AFA012803D0BDE8084067
:1094800001F028BD08BD0000EFF305832BB9064BA2
:10949000186828B901221A6070476FF005007047FC
:1094A0004FF0FF30704700BFB425002010B5EFF338
:1094B00005845CB9084B1A68012A0AD1074AD47797
:1094C00002221A6000F0FAFE204610BD6FF005007F
:1094D000FBE74FF0FF30F8E7B425002000ED00E097
:1094E000EFF305830BB100F047BF00F03FBFF0B5CD
:1094F00087B0144600220B460592EFF30582FAB9B5
:10950000F0B15CB3A56925B1691E372902D90020E5
:1095100017E018256268D207F9D466699EB1B208CF
:10952000D4E9027C21688FB1BCF1A70F08D9246966
:1095300034B12EB1CDE90147009500F059FE0590F8
:10954000059807B0F0BD4FF40072E9E7BCF1000FD9
:10955000F6D12469002CF3D10C4602E018254FF413
:10956000007205A9CDE9005192B2214600F078FEC3
:1095700001281CBF00230593E2E708B5EFF305823D
:1095800022B908B101F054F8002008BD6FF00500C1
:10959000FBE737B50546EFF305845CB900F0E6FE5E
:1095A000291A0029019008DD01A800F0F7FF2046E4
:1095B00003B030BD6FF00500FAE76FF00300F7E786
:1095C00038B50546EFF305843CB948B100F04CFCD2
:1095D000284600F061FC204638BD6FF00500FBE72F
:1095E0006FF00300F8E7F7B505460E461446EFF3B3
:1095F00005871FB10025284603B0F0BD0028F9D02B
:109600000029F7D0DAB1D2E9023283B14F2AF1D979
:109610002269002AEED066694D43AE42EAD3009734
:1096200000F0A0F905460028E4D0246811E0002AE3
:10963000E0D12369002BDDD16369002BDAD1284604
:109640000022314600F0DCF905460028D2D0002C7B
:10965000EBD12146284600F0F5FBCCE773B51C465C
:10966000EFF30586DEB138B331B32BBB01AA01930A
:1096700000F09FFA012803D06FF0020002B070BD25
:10968000019B0BB90020F9E74FF0E0234FF0805227
:10969000C3F8042DBFF34F8FBFF36F8FF2E758B1BC
:1096A00051B13346224600F0D2F90128EAD0002C0D
:1096B000E2D06FF00100E1E76FF00300DEE737B5BD
:1096C0001C46EFF30583DBB130B329B324BB01AAF9
:1096D000019400F06AFB012803D06FF0020003B090
:1096E00030BD019B0BB90020F9E74FF0E0234FF0AC
:1096F0008052C3F8042DBFF34F8FBFF36F8FF2E793
:1097000050B149B1224600F0B1FA0128EBD0002C4B
:10971000E3D06FF00100E2E76FF00300DFE7FFF74F
:109720004FBF0000034B0360034B0B604FF400730B
:10973000136070470C2500200C1D0020034B0360B4
:10974000034B0B604FF4806313607047641C002070
:10975000640C002000F108034FF0FF32C0E902233F
:109760004360036100230360704700230361704777
:1097700043684B609A688A60516099600368086129
:1097800001330360704730B50C68631C0AD103696C
:109790005A684A6091608B605960036808610133C0
:1097A000036030BD00F10802134652681568A542F7
:1097B000FAD9EDE7D0E9011203698A60516059686E
:1097C000814208BF5A60002202611A68013A1A6099
:1097D0001868704710B5044601F014FBA46B01F043
:1097E00031FBB4FA84F0400910BD70B51646026C26
:1097F000856B044642B906689EB9806801F076F828
:10980000A6600135A56370BD6EB9406801F05AFECF
:109810006368226C1344A2686360934224BF236888
:1098200063600020EDE7C06801F04CFE226CE36845
:1098300051429B1A2268E36093423EBFA3685B18C3
:10984000E360022EEDD10DB1013DEAE72846D8E7ED
:10985000034610B41A6C084662B1DC68A1189C6813
:10986000D960A14228BF19685DF8044B28BFD960B0
:1098700001F028BE5DF8044B704770B5044601F056
:10988000C1FA94F8455004F124066DB2002D01DDB3
:10989000636AB3B9FF2384F8453001F0D3FA01F0CD
:1098A000B1FA94F8445004F110066DB2002D01DDB8
:1098B00023697BB9FF2384F84430BDE8704001F090
:1098C000C1BA304600F064FF08B100F0E9FF013D85
:1098D0006DB2DBE7304600F05BFF08B100F0E0FF5F
:1098E000013D6DB2E2E738B50D46044640B94FF090
:1098F000500383F31188BFF36F8FBFF34F8FFEE7E1
:1099000001F080FAD4E90F31226862604B43D0182D
:109910005B1A1A44A060FF230020A063E26084F871
:10992000443084F84530A5B9236973B104F11000BF
:1099300000F02EFF48B14FF0E0234FF08052C3F803
:10994000042DBFF34F8FBFF36F8F01F07BFA01201F
:1099500038BD04F11000FFF7FDFE04F12400FFF70D
:10996000F9FEF2E737B50D461C4640B94FF05003FB
:1099700083F31188BFF36F8FBFF34F8FFEE743B9B7
:109980004FF0500383F31188BFF36F8FBFF34F8FF6
:10999000FEE74AB191B94FF0500383F31188BFF34A
:1099A0006F8FBFF34F8FFEE741B14FF0500383F34A
:1099B0001188BFF36F8FBFF34F8FFEE750230193E2
:1099C000019B502B08D04FF0500383F31188BFF355
:1099D0006F8FBFF34F8FFEE70121002D08BF224696
:1099E000C4E90F0584F8461022602046019BFFF76A
:1099F0007AFF9DF8183084F84C30204603B030BD13
:109A0000F8B50D461746064640B94FF0500383F3AC
:109A10001188BFF36F8FBFF34F8FFEE7484350307D
:109A200001F058FB044670B1002380F8463065B160
:109A300000F15003C4E90F65236001212046FFF7C0
:109A400052FF84F84C702046F8BD0346F2E72DE93A
:109A5000FF410F4601921E46044640B94FF05003A5
:109A600083F31188BFF36F8FBFF34F8FFEE751B9B8
:109A7000036C43B14FF0500383F31188BFF36F8F32
:109A8000BFF34F8FFEE7022E0BD1E36B012B08D003
:109A90004FF0500383F31188BFF36F8FBFF34F8FE5
:109AA000FEE700F013FF054650B9019B4BB14FF0A4
:109AB000500383F31188BFF36F8FBFF34F8FFEE71F
:109AC00000254FF0000839E0022E3DD0019B1BB964
:109AD00001F0B8F9002050E015B902A800F098FE96
:109AE00001F0B0F900F03AFC01F08CF994F8443040
:109AF000FF2B08BF84F8448094F84530FF2B08BF43
:109B000084F8458001F09EF901A902A800F08CFEBE
:109B1000002848D101F076F9A26BE36B9A422FD16D
:109B200001F090F9019904F1100000F0F9FD2046D0
:109B3000FFF7A3FE00F0BEFC50B3012501F062F96F
:109B4000A26BE36B9A42BFD2324639462046FFF7FA
:109B50004CFE636A1BB104F1240000F019FE48B109
:109B60004FF0E0234FF08052C3F8042DBFF34F8F26
:109B7000BFF36F8F01F066F9012004B0BDE8F081FA
:109B800001F060F92046FFF778FE00F093FCD4E77F
:109B90004FF0E0234FF08052C3F8042DBFF34F8FF6
:109BA000BFF36F8FC9E72046FFF767FE00F082FC26
:109BB00090E72DE9F843894617461E46044640B90A
:109BC0004FF0500383F31188BFF36F8FBFF34F8FB4
:109BD000FEE751B9036C43B14FF0500383F3118892
:109BE000BFF36F8FBFF34F8FFEE7022E0BD1E36BF6
:109BF000012B08D04FF0500383F31188BFF36F8F10
:109C0000BFF34F8FFEE701F011FAEFF311884FF029
:109C1000500383F31188BFF36F8FBFF34F8FA26B95
:109C2000E36B9A4201D3022E1ED194F84550A36BE8
:109C30006DB2324649462046FFF7D7FD6B1C0ED168
:109C4000636A3BB104F1240000F0A2FD10B10FB132
:109C500001233B60012088F31188BDE8F8830135BA
:109C60006DB284F84550F5E70020F4E72DE9FF4197
:109C70000E460192044640B94FF0500383F3118819
:109C8000BFF36F8FBFF34F8FFEE751B9036C43B142
:109C90004FF0500383F31188BFF36F8FBFF34F8FE3
:109CA000FEE700F013FE054650B9019B4BB14FF0A3
:109CB000500383F31188BFF36F8FBFF34F8FFEE71D
:109CC00000254FF000083DE0019B1BB901F0BAF8F8
:109CD000002056E015B902A800F09AFD01F0B2F894
:109CE00000F03CFB01F08EF894F84430FF2B08BFE5
:109CF00084F8448094F84530FF2B08BF84F84580F1
:109D000001F0A0F801A902A800F08EFD002841D1C1
:109D10002046FFF75FFDB8B3019904F1240000F07D
:109D2000FFFC2046FFF7A9FD00F0C4FB48B94FF047
:109D3000E0234FF08052C3F8042DBFF34F8FBFF3E1
:109D40006F8F012501F05EF8A76B002FBCD0314664
:109D50002046013FFFF77CFDA763236973B104F13F
:109D6000100000F015FD48B14FF0E0234FF0805295
:109D7000C3F8042DBFF34F8FBFF36F8F01F062F86C
:109D8000012004B0BDE8F0812046FFF776FD00F029
:109D900091FBD6E72046FFF770FD00F08BFB2046D5
:109DA000FFF718FD0028CCD092E72DE9F84389464B
:109DB0009046044640B94FF0500383F31188BFF337
:109DC0006F8FBFF34F8FFEE751B9036C43B14FF074
:109DD000500383F31188BFF36F8FBFF34F8FFEE7FC
:109DE00001F024F9EFF311874FF0500383F311884A
:109DF000BFF36F8FBFF34F8FA56B0DB394F8446023
:109E0000494676B22046FFF723FD013D731CA5634A
:109E100011D1236953B104F1100000F0B9FC28B14D
:109E2000B8F1000F02D00123C8F80030012087F3F9
:109E30001188BDE8F883013676B284F84460F5E70E
:109E40002846F4E730B5074A002352F8335002EBB6
:109E5000C3041DB942F83310606030BD0133082BD4
:109E6000F3D1FAE7B825002010B5094A002352F8CB
:109E7000331081424FEAC30406D1064A002142F85A
:109E800033102244516010BD0133082BEFD1FAE7A3
:109E9000BC250020B825002010B540B94FF0500374
:109EA00083F31188BFF36F8FBFF34F8FFEE7FFF788
:109EB000DBFF90F846301BB9BDE8104001F0A4B9B3
:109EC00010BD70B504460D46164600F09BFF94F891
:109ED0004430FF2B04BF002384F8443094F845300D
:109EE000FF2B04BF002384F8453000F0ABFFA36BC9
:109EF0002BB93246294604F1240000F02BFC204601
:109F0000BDE87040FFF7B9BC2DE9F041044600F010
:109F100079FF304B304E1A68304F01321A60356885
:109F2000002D4BD134601B68012B1FD1B846404631
:109F30000135FFF70FFC382D08F11408F7D1DFF8D1
:109F4000C480274D4046FFF705FC2846FFF702FC7A
:109F50002448FFF7FFFB2448FFF7FCFB2348FFF7EB
:109F6000F9FB234BC3F80080224B1D60224A136883
:109F700001331360214A63641168E36A14208B4241
:109F800000FB037004F1040188BF1360FFF7F0FBCE
:109F900000F058FF1A4B1B6873B13368DA6AE36A42
:109FA0009A4209D24FF0E0234FF08052C3F8042DBB
:109FB000BFF34F8FBFF36F8FBDE8F081104B1B686D
:109FC000002BD3D13368DA6AE36A9A4298BF3460CF
:109FD000CCE700BF1C260020F02A0020902600209D
:109FE000682600204C26002038260020202600204D
:109FF0006426002060260020002600201426002071
:10A00000102600207C260020F8B5154B154D1C6845
:10A010000646286804300F46FFF7CCFB731C07D1B7
:10A0200037B129681048BDE8F8400431FFF7A0BBFC
:10A030002B68A4195C6007D30C4B18682968BDE82D
:10A04000F8400431FFF79FBB094B186829680431B9
:10A05000FFF799FB074B1A68A24288BF1C60F8BD46
:10A0600018260020F02A002020260020602600204C
:10A0700064260020FC250020064A13681968064B58
:10A0800019B94FF0FF321A6070471268D268D2686F
:10A090005268F8E764260020FC25002010B504462D
:10A0A000543001F085F994F8A5303BB9206B01F0EC
:10A0B000ABF82046BDE8104001F0A6B8012BF8D05F
:10A0C000022B08D04FF0500383F31188BFF36F8F3A
:10A0D000BFF34F8FFEE710BD80B5134C134F144DE7
:10A0E000236873B9134B1B68012BF8D94FF0E02399
:10A0F0004FF08052C3F8042DBFF34F8FBFF36F8F23
:10A10000EDE700F07FFEFB68DE68301DFFF752FBD5
:10A110002B68013B2B602368013B236000F092FE1B
:10A120003046FFF7BBFFDBE734260020382600204F
:10A130001C260020902600202DE9F047DDE9099437
:10A140009600324607460D46206BA521984601F041
:10A1500027F9236B043E1E4426F00706002D41D04C
:10A160006B1E04F133020F3513F8011F02F8011FB3
:10A1700009B1AB42F8D1002384F84330089D372D54
:10A1800028BF37254FF0000AE562E564201DC4F8BA
:10A1900050A0FFF7EAFAC5F1380504F11800FFF7FF
:10A1A000E4FAC4F8A0A04C2251462461A56164627F
:10A1B00084F8A4A004F1540001F0F2F80B4BA3655D
:10A1C00003F16802D033E2652366424639463046E1
:10A1D00000F0EEFD2060B9F1000F01D0C9F8004099
:10A1E000BDE8F08784F83450C8E700BF48BC0120C0
:10A1F00070B586B0DDE90B5445B94FF0500383F3D9
:10A200001188BFF36F8FBFF34F8FFEE744B94FF054
:10A21000500383F31188BFF36F8FBFF34F8FFEE7B7
:10A22000A8260596059EA82E08D04FF0500383F36C
:10A230001188BFF36F8FBFF34F8FFEE725630225B1
:10A2400084F8A55004AD01950A9D02940095059EE1
:10A25000FFF772FF2046FFF757FE049806B070BD67
:10A260002DE9F043074685B090008846164699468A
:10A2700000F030FF054620B94FF0FF3005B0BDE8D3
:10A28000F083A82000F026FF044698B1002380F850
:10A29000A5300D9B056301930C9B02900093324601
:10A2A0004B4641463846FFF747FF2046FFF72CFE56
:10A2B0000120E3E7284600F0A7FFDDE710B588B0EE
:10A2C000002407AA06A905A8CDE90544FFF72AFA44
:10A2D000059B0293069B079A19491A48CDE900434A
:10A2E0002346FFF785FF40B300F094FB012819D106
:10A2F0004FF0500383F31188BFF36F8FBFF34F8F7D
:10A30000114B124A1B6854331360114B4FF0FF324C
:10A310001A60104B1860104B1C6008B0BDE810406C
:10A3200000F000BE013008D14FF0500383F31188D4
:10A33000BFF36F8FBFF34F8FFEE708B010BD00BFB4
:10A3400024DF0008D9A00008F02A00201000002017
:10A35000FC2500201026002018260020024A136841
:10A3600001331360704700BFF8250020014B1868C7
:10A37000704700BF1826002008B500F057FE014BBB
:10A38000186808BD182600203F4B1B682DE9F74FC1
:10A39000002B73D13D4B1C6801341C60BCB93C4B95
:10A3A0001A68126842B14FF0500383F31188BFF36B
:10A3B0006F8FBFF34F8FFEE7364A19681068186039
:10A3C0001160354A136801331360FFF755FE334EB1
:10A3D000334F3368DFF8D4809C424FF000050AD336
:10A3E000DFF8ACA0DFF8C8B0DAF800301B68A3B91A
:10A3F0004FF0FF333360D8F80030DB6A1422534348
:10A40000F858284B1B68012898BF002B14BF012067
:10A410000020284303B0BDE8F08FDAF80030DB6895
:10A42000D3F80C90D9F80420944201D23260E2E7CC
:10A4300009F1040318460193FFF7BCF9D9F8282065
:10A440001AB109F11800FFF7B5F9D9F82C00DBF8BB
:10A4500000201423904288BFCBF8000009F10401CA
:10A4600003FB0070FFF784F9D8F80010D9F82C200E
:10A47000CB6A9A4228BF45F00105B5E70A4A13683E
:10A48000013313600020C5E7F825002018260020BE
:10A49000642600206026002004260020FC250020E1
:10A4A00090260020082600200C260020F02A0020FC
:10A4B000142600202DE9F041304C236843B94FF0B9
:10A4C000500383F31188BFF36F8FBFF34F8FFEE705
:10A4D00000F098FC2368013B236024682CB1002421
:10A4E00000F0B0FC2046BDE8F081254B1B68002B36
:10A4F000F5D0244D244EDFF8A0801DE0EB68DC6829
:10A50000271D04F11800FFF755F93846FFF752F9F7
:10A51000E36A32681420934200FB0380394688BF07
:10A520003360FFF725F9194BE26A1B68DB6A9A4230
:10A5300002D3174B01221A602B68002BDED10CB11D
:10A54000FFF79AFD134D2C6844B1114E0127FFF718
:10A550001BFF00B13760013CF9D12C600C4B1B682C
:10A56000002BBCD04FF0E0234FF08052C3F8042DF5
:10A57000BFF34F8FBFF36F8F0124B1E7F8250020A1
:10A580001C2600204C26002014260020F02A002043
:10A59000082600200C2600209026002010B540B987
:10A5A0004FF0500383F31188BFF36F8FBFF34F8FCA
:10A5B000FEE741B94FF0500383F31188BFF36F8F6B
:10A5C000BFF34F8FFEE7184B1B6843B14FF05003AA
:10A5D00083F31188BFF36F8FBFF34F8FFEE7FFF751
:10A5E000BDFE124B04681A6863182CBF01210021BC
:10A5F00094420FD979B90360FFF75CFF48B94FF077
:10A60000E0234FF08052C3F8042DBFF34F8FBFF308
:10A610006F8F10BD09B99A42EDD203600021981ADC
:10A62000FFF7F2FCE8E700BFF8250020182600201D
:10A6300008B550B94FF0E0234FF08052C3F8042D15
:10A64000BFF34F8FBFF36F8F08BD0A4B196841B13D
:10A650004FF0500383F31188BFF36F8FBFF34F8F19
:10A66000FEE7FFF77BFEFFF7CFFCFFF723FF002895
:10A67000E0D0E9E7F8250020F8B5234B1A68234B12
:10A6800012B101221A60F8BD214C1A6023681B6BBD
:10A690001A68B2F1A53F0BD15A68B2F1A53F07D1B4
:10A6A0009A68B2F1A53F03D1DB68B3F1A53F04D0AE
:10A6B000206821683431F8F74FF9164E164D31688D
:10A6C000142707FB01F3E818EA5882B142680833FF
:10A6D000526842602B449A4204BF52684260D36879
:10A6E0002360316023680D4A54331360CBE741B9CE
:10A6F0004FF0500383F31188BFF36F8FBFF34F8F79
:10A70000FEE70139DDE700BFF8250020082600201C
:10A71000F02A00201426002090260020100000209F
:10A7200010B50C4640B94FF0500383F31188BFF3C6
:10A730006F8FBFF34F8FFEE7054B19681831FFF796
:10A7400022F820460121BDE81040FFF75DBC00BFA4
:10A75000F02A002038B50D46144640B94FF050039A
:10A7600083F31188BFF36F8FBFF34F8FFEE7074B63
:10A7700019681831FEF7FCFF002C21460CBF284653
:10A780004FF0FF30BDE83840FFF73EBCF02A002014
:10A7900038B5C368DC6844B94FF0500383F31188BF
:10A7A000BFF36F8FBFF34F8FFEE704F11805284604
:10A7B000FFF700F8104B1B68DBB9251D2846FEF794
:10A7C000F9FF0E4AE36A11688B4288BF13600C4A96
:10A7D0001420294600FB0320FEF7CAFF094BE26A5A
:10A7E0001B68DB6A9A4283BF074B01201860002078
:10A7F00038BD06482946EFE7F8250020142600203A
:10A8000090260020F02A0020082600204C26002058
:10A81000034B1B680360034B1B684360704700BF1A
:10A82000042600201826002070B50C46054640B9C5
:10A830004FF0500383F31188BFF36F8FBFF34F8F37
:10A84000FEE741B94FF0500383F31188BFF36F8FD8
:10A85000BFF34F8FFEE700F0D5FA0F4B196823685E
:10A860005A1C10D00D482E6800686A68864201D0D4
:10A870008A420FD9881A83420AD95B1A134423608B
:10A880002846FFF7C5FF002400F0DCFA204670BD23
:10A89000002323600124F7E7182600200426002067
:10A8A000014B01221A6070470826002008B9064BA8
:10A8B0001868026B0020135CA52B02D0C0F38F0038
:10A8C00070470130F7E700BFF02A0020054B1B68F6
:10A8D00033B1054B1868B0FA80F04009400070476A
:10A8E0000120704710260020F825002038B508B94F
:10A8F000002038BD1B4B1C68844208D04FF0500329
:10A9000083F31188BFF36F8FBFF34F8FFEE7236D83
:10A9100043B94FF0500383F31188BFF36F8FBFF338
:10A920004F8FFEE7E16AE26C013B91422365DFD085
:10A93000002BDDD1251D2846FEF73CFFE36CE362CA
:10A94000C3F13802A261084A11688B4288BF1360C4
:10A95000064A142000FB03202946FEF709FF0120C8
:10A96000C7E700BFF02A0020142600209026002010
:10A97000914208B5416000610AD8D21A83699A42AF
:10A980000DD2084B011D1868FEF7FDFE002008BD22
:10A990009A4201D2994202D2034B011DF3E70120F2
:10A9A000F5E700BFF02B0020F42B0020F7B5114C89
:10A9B00000F028FA2568BDB90F4F104E3846FEF753
:10A9C000C9FE3046FEF7C6FE0D4B0E4A1F600E4B09
:10A9D00010211E600A200D4B0095FEF7C3FF20607A
:10A9E00010B10B49FFF72EFA03B0BDE8F04000F0BC
:10A9F00029BA00BFEC2B00200C2C0020F82B0020E3
:10AA0000F42B0020442B0020F02B0020F42A0020FF
:10AA100029DF000810B588B0FFF7C8FF124B1B688C
:10AA2000B3B1002407AA06A905A8CDE90544FEF79D
:10AA300085FE059B0293069B019302230093079AD0
:10AA40000A490B482346FFF7D3FB0A4B186040B96D
:10AA50004FF0500383F31188BFF36F8FBFF34F8F15
:10AA6000FEE7012008B010BDEC2B00202EDF00080F
:10AA700045AB0008E82B00207FB5154604461A4672
:10AA800040B94FF0500383F31188BFF36F8FBFF3CA
:10AA90004F8FFEE70D4E306888B10529CDE90015CE
:10AAA00002940EDCFFF712FF0346022B4FF0000367
:10AAB00030680CBF089A1A466946FEF7C8FF04B012
:10AAC00070BD00236946FFF774F8F8E7EC2B00200F
:10AAD000F7B51A4D2B681A682AB9194A1168296006
:10AAE000136003B0F0BDDB68DC681E68271D3846C4
:10AAF000FEF760FE236A2046984794F828305B07EB
:10AB0000E8D5A36933449E4206D228686360246175
:10AB10003946FEF738FEDDE700230093324619463A
:10AB20002046FFF7A9FF0028D4D14FF0500383F34C
:10AB30001188BFF36F8FBFF34F8FFEE7F42B002018
:10AB4000F02B00202DE9F043764F774E87B03B681D
:10AB5000D3F80080B8F1000F28D0DB68D3F800806C
:10AB60000024FFF7FBFBFFF701FC33689842054622
:10AB70001ED3306024B36D4B1B681C68B4FA84F498
:10AB800064096B4B22461868A8EB0501FFF799F999
:10AB9000FFF790FC88B94FF0E0234FF08052C3F8E4
:10ABA000042DBFF34F8FBFF36F8F06E00124D8E76A
:10ABB000FFF78EFF3560FFF77DFCDFF8748138E02A
:10ABC0008045DED8FFF776FC3B68DB68D3F80C9055
:10ABD00009F10400FEF7EEFD99F82830580719D561
:10ABE000D9F8181043462A4641444846FFF7C0FEAC
:10ABF000A0B100942346424621464846FFF73CFF59
:10AC000060B94FF0500383F31188BFF36F8FBFF328
:10AC10004F8FFEE723F0010389F82830D9F8203060
:10AC200048469847C9E7039B05999847029B002B24
:10AC30000BDAD8F80000002202A9FFF717F8002865
:10AC400085D0029B0498002BEDDB049C636993B9CB
:10AC5000FFF78CFB33689842054601D2FFF738FFB7
:10AC6000029B3560092BE4D8DFE803F009090933BA
:10AC70003A530909333A201DFEF79CFDE8E794F8A2
:10AC80002830A16943F0010384F82830039B2A4649
:10AC900019442046FFF76CFE0028CAD0236A2046DC
:10ACA000984794F828305907C3D5A269039900231F
:10ACB0000A44009319462046FFF7DEFE0028B8D16B
:10ACC0004FF0500383F31188BFF36F8FBFF34F8FA3
:10ACD000FEE794F8283023F0010384F82830A8E731
:10ACE00094F828300399A16143F0010384F82830D7
:10ACF00041B94FF0500383F31188BFF36F8FBFF357
:10AD00004F8FFEE72B462A4629442046FFF730FEA8
:10AD10008FE794F828309A07DDD4204600F074FAC3
:10AD200087E700BFF42B0020E42B0020F02B00204D
:10AD3000EC2B002008480068006880F308884FF07A
:10AD4000000080F3148862B661B6BFF34F8FBFF383
:10AD50006F8F00DF00BF000008ED00E0DFF80C009F
:10AD6000016841F4700101607047000088ED00E067
:10AD700082B0002301930D4B1B68013308D04FF0C4
:10AD8000500383F31188BFF36F8FBFF34F8FFEE73C
:10AD90004FF0500383F31188BFF36F8FBFF34F8FD2
:10ADA000019B002BFCD002B0704700BF0C000020BC
:10ADB0004FF0807340F8043C074B40F80C3C21F006
:10ADC00001016FF0020340F8081C40F8202C40F805
:10ADD000243C4438704700BF71AD000800000000FB
:10ADE000074B19680868B0E8F04F80F30988BFF393
:10ADF0006F8F4FF0000080F311887047AFF3008031
:10AE0000F02A00204FF0500383F31188BFF36F8FB7
:10AE1000BFF34F8F0A4A13680133012B13600ED121
:10AE20004FF0E023D3F8043DDBB243B14FF05003C1
:10AE300083F31188BFF36F8FBFF34F8FFEE7704727
:10AE40000C000020084A136843B94FF0500383F305
:10AE50001188BFF36F8FBFF34F8FFEE7013B136085
:10AE60000BB983F3118870470C000020000000002C
:10AE7000EFF30980BFF36F8F154B1A681EF0100FA8
:10AE800008BF20ED108A20E9F04F106009B44FF0A0
:10AE9000500080F31188BFF34F8FBFF36F8FFFF720
:10AEA000EBFB4FF0000080F3118809BC19680868BB
:10AEB000B0E8F04F1EF0100F08BFB0EC108A80F31E
:10AEC0000988BFF36F8F7047AFF30080AFF3008046
:10AED000F02A002008B54FF0500383F31188BFF328
:10AEE0006F8FBFF34F8FFFF74FFA28B14FF0E0237A
:10AEF0004FF08052C3F8042D002383F3118808BD5E
:10AF00004FF0E022002313619361054B4FF47A71F7
:10AF10001B68B3FBF1F3013B5361072313617047D7
:10AF2000000000204FF0E02337B5D3F8001D394A68
:10AF3000914208D14FF0500383F31188BFF36F8F14
:10AF4000BFF34F8FFEE7D3F8002D334B9A4208D161
:10AF50004FF0500383F31188BFF36F8FBFF34F8F10
:10AF6000FEE72E4B1A78D2B20192FF221A701B789C
:10AF70002B4ADBB28DF803309DF8033003F0500309
:10AF80001370284A072313609DF80300000603F19D
:10AF9000FF310AD4032B11D04FF0500383F31188F3
:10AFA000BFF36F8FBFF34F8FFEE79DF80330116043
:10AFB0005B00DBB28DF803300B46E5E74FF44073DE
:10AFC0001360019B154A4FF0E024DBB21370D4F8F4
:10AFD000203D43F47003C4F8203DD4F8203D43F0F5
:10AFE0007043C4F8203DFFF78BFF0F4B00251D6019
:10AFF000FFF7B4FED4F8343F43F04043C4F8343F85
:10B00000FFF798FEFFF738FBFFF7B2FE284603B0C4
:10B0100030BD00BF71C20F4170C20F4100E400E0BB
:10B02000242C0020202C00200C000020EFF30583AE
:10B030000F2B0ED9114A9B5C114A12789A4208D9FB
:10B040004FF0500383F31188BFF36F8FBFF34F8F1F
:10B05000FEE74FF0E0230B4AD3F80C3D126803F4EF
:10B06000E063934208D94FF0500383F31188BFF394
:10B070006F8FBFF34F8FFEE7704700BFF0E300E034
:10B08000242C0020202C002010B5104B1A461B68E1
:10B090008342FBD354681119884201BF41681046AE
:10B0A00009195160446801198B420CD1084909689B
:10B0B0008B4203D059682144416019680160904275
:10B0C00018BF106010BD1946F8E700BF402C0020E3
:10B0D0003C2C00202DE9F0410446FFF73FF943499D
:10B0E000434D0B680BBB434A56071FBFD01D20F0D2
:10B0F000070002F5C832131A0CBF4FF4C8330246DA
:10B1000013443D4E083B23F007030020706032607B
:10B11000C3E90000981AC2E900300B60374B186091
:10B12000374B18604FF000432B602F68274207D041
:10B13000FFF7C0F9F7F71EFC00263046BDE8F081A6
:10B14000002CF5D004F1080360071CBF23F00703AF
:10B150000833002BECD0DFF8A880D8F800509D42CF
:10B16000E6D3254A14686068984201D22668B6B9C9
:10B170000968A142DCD0216816681160C21A102A41
:10B1800006F1080612D9E01841070BD04FF0500322
:10B1900083F31188BFF36F8FBFF34F8FFEE7224613
:10B1A0003446E0E742606360FFF76EFF6268134970
:10B1B000AD1A1743134A08686760002323601368B9
:10B1C000C8F80050854203F1010338BF0D601360D9
:10B1D000FFF770F97307B0D04FF0500383F3118875
:10B1E000BFF36F8FBFF34F8FFEE700BF3C2C0020F3
:10B1F000282C0020482C0020402C0020342C00203B
:10B20000382C0020302C002010B5044690B31A4A88
:10B2100050F8043C1268134208D14FF0500383F3F6
:10B220001188BFF36F8FBFF34F8FFEE750F8081CF4
:10B2300041B14FF0500383F31188BFF36F8FBFF319
:10B240004F8FFEE723EA020340F8043CFFF786F83D
:10B250000A4A54F8043C1168A4F108000B44136036
:10B26000FFF712FF064A1368BDE810400133136070
:10B27000FFF720B910BD00BF282C0020382C00207B
:10B280002C2C0020014B1868704700BF382C002080
:10B29000014B1868704700BF342C00200CB430B547
:10B2A000184B0C1E1D689DB008DA8B232B604FF0E5
:10B2B000FF301DB0BDE8304002B070474FF402735C
:10B2C000ADF814304FF000031B9314BF04F1FF33AB
:10B2D0002346049307934FF6FF7302900690ADF850
:10B2E0001630209A21AB02A92846019300F050FAAB
:10B2F000431CBCBF8B232B60002CDAD0029B0022A6
:10B300001A70D6E71000002030B51446002C9BB010
:10B3100005461A4605DA8B2303604FF0FF301BB059
:10B3200030BD4FF40273ADF80C304FF000031993A9
:10B3300014BF04F1FF332346029305934FF6FF73C6
:10B3400000910491ADF80E3069461E9B00F020FA82
:10B35000431CBCBF8B232B60002CE0D0009B002241
:10B360001A70DCE707B5009313460A460146034806
:10B370000068FFF7C9FF03B000BD00BF1000002048
:10B3800010B501390244904201D1002005E0037854
:10B3900011F8014FA34201D0181B10BD0130F2E794
:10B3A00002440346934200D1704703F8011BF9E7BA
:10B3B0002D4B1B68834270B5044653D0C3691BB341
:10B3C000DB6863B10025E369DB685959B1B904351D
:10B3D000802DF8D1E3692046D96800F081F8E3694F
:10B3E000196811B1204600F07BF8E3699D685DB1F2
:10B3F000294620462D6800F073F8F8E70E682046CD
:10B4000000F06EF83146E1E7616911B1204600F0C5
:10B4100067F8E16911B1204600F062F8216B11B1C3
:10B42000204600F05DF8616B11B1204600F058F83D
:10B43000A16B11B1204600F053F8A16C11B1204668
:10B4400000F04EF8616C11B1204600F049F8E16A55
:10B4500011B1204600F044F8236A1BB12046BDE834
:10B460007040184770BD00BF10000020014B1868E5
:10B47000704700BF1000002070B50D4B0D4D5B1BD9
:10B480009C100026A64209D101F00EFC0A4D0B4B80
:10B490005B1B9C100026A64205D170BD55F8043BED
:10B4A00098470136EEE755F8043B98470136F2E736
:10B4B000D0E50008D0E50008D0E50008D4E5000894
:10B4C000704770470A44914200F1FF3300D1704742
:10B4D00010B511F8014B03F8014F9142F9D110BD9D
:10B4E00038B50546002941D051F8043C0C1F002B0B
:10B4F000B8BFE41800F0E0F81D4A136833B9636080
:10B5000014602846BDE8384000F0DCB8A34208D9F2
:10B51000206821188B4201BF19685B6809182160F7
:10B52000EDE71A465B680BB1A342FAD911685018CF
:10B53000A0420BD120680144501883421160E0D131
:10B5400018685B68536008441060DAE702D90C237E
:10B550002B60D6E7206821188B4204BF19685B680E
:10B56000636004BF091821605460CAE738BD00BF9A
:10B570008CBD012070B50F4E0C463168054611B9DF
:10B5800000F0ACFB30602146284600F0A7FB431CCE
:10B5900003D14FF0FF34204670BDC41C24F00304D7
:10B5A000A042F8D0211A284600F098FB0130F2D1D1
:10B5B000EFE700BF88BD01202DE9F843CD1C25F041
:10B5C000030508350C2D38BF0C25002D064601DB80
:10B5D000A94204D90C2333600020BDE8F883DFF8CA
:10B5E000D48000F069F8D8F800301C4644BB2946E6
:10B5F0003046FFF7BFFF431C044658D1D8F800403F
:10B600002746002F43D1002C4BD0236839463046C3
:10B6100004EB030900F062FB814542D121686D1AF9
:10B6200029463046FFF7A6FF01303AD023682B4465
:10B630002360D8F800305A6862BBC8F800700FE089
:10B640002268521B20D40B2A17D96119A342256006
:10B6500018BF5960636808BFC8F8001062514B609A
:10B66000304600F02FF804F10B00231D20F00700F6
:10B67000C21A1CBF1B1AA350AFE76268A3420CBFDB
:10B68000C8F800205A60EBE723466468AEE73C4602
:10B690007F68B6E71A465B68A342FBD1002353607C
:10B6A000DEE70C233360304600F00CF894E70560C9
:10B6B000D6E700BF8CBD01200148FFF701BF00BFE6
:10B6C00084BD01200148FFF7FCBE00BF84BD0120FE
:10B6D0002DE9F0478E681F46BE4282460C469046D2
:10B6E000334653D8B1F90C0010F4906F2BD0656934
:10B6F0002368096905EB4505A3EB010905EBD57541
:10B700007B1C6D104B44AB422A4684BF1D462A4623
:10B71000430527D511465046FFF74EFF064658B35E
:10B7200021694A46FFF7CEFEA38923F4906343F0D4
:10B730008003A381266165614E44A5EB090526605F
:10B74000A5603E463B461F4620683A46414600F00B
:10B75000ABFAA3689B1BA36023683B4423600020D3
:10B76000BDE8F087504600F0C9FA06460028E1D14E
:10B7700021695046FFF7B4FE0C23CAF80030A389B4
:10B7800043F04003A3814FF0FF30E9E73E46DBE79B
:10B790002DE9F0471F468B891B069CB006460D46D7
:10B7A000144610D50B6973B94021FFF705FF2860D7
:10B7B000286130B90C2333604FF0FF301CB0BDE876
:10B7C000F08740236B610023099320238DF82930F3
:10B7D00003973023654F8DF82A304FF00108234638
:10B7E000994613F8012B0AB1252AF9D1B9EB040ABD
:10B7F0000BD05346224629463046FFF769FF0130F9
:10B8000000F0A480099A5244099299F80030002B64
:10B8100000F09C8000234FF0FF32CDE9052309F1B1
:10B820000109049307938DF853301A934C464F48FF
:10B8300014F8011B0522F4F7CBFC049BD0B9D80601
:10B8400044BF20228DF85320190744BF2B228DF8C6
:10B85000532099F800202A2A13D0079A4C4600203A
:10B860004FF00A0C214611F8013B303B092B49D916
:10B8700068B913E0C01B08FA00F018430490A14611
:10B88000D4E7039A111D12680391002A01DB079285
:10B8900004E0524243F002030792049323782E2BD4
:10B8A0000AD163782A2B32D1039B1A1D1B6803929D
:10B8B00043EAE37302340593DFF8C0902178032252
:10B8C0004846F4F785FC38B1049BA0EB0900402200
:10B8D000824013430134049314F8011B24488DF86B
:10B8E00028100622F4F774FC002835D0214818BB34
:10B8F000039B073323F0070308330393099B034497
:10B9000009936CE70CFB02320C460120AAE70023E6
:10B910000134059319464FF00A0C204610F8012B0C
:10B92000303A092A03D9002BC6D00591C4E70CFB95
:10B93000012104460123F0E703AB00932A460E4B96
:10B9400004A93046AFF30080421CD7D1AB895B0617
:10B950003FF532AF099831E703AB00932A46064B17
:10B9600004A9304600F07AF8EEE700BF36DF0008A1
:10B9700040DF000800000000D1B600083CDF0008EE
:10B980002DE9F047164698468A680B69DDF8209045
:10B990009342B8BF1346336091F8432007460C46E4
:10B9A0000AB1013333602368990642BF336802331A
:10B9B0003360256815F0060506D104F1190AE3681D
:10B9C00032689B1AAB4226DC94F843302268003B75
:10B9D00018BF012392062BD404F143024146384696
:10B9E000C84701301ED02368226903F00603042BE8
:10B9F00002BFE5683368ED1AA3680CBF25EAE57558
:10BA000000259342C4BF9B1AED1800261A34B54294
:10BA10001AD1002008E00123524641463846C84763
:10BA2000013003D14FF0FF30BDE8F0870135C6E7A4
:10BA3000E1185A1C302081F84300224494F8451044
:10BA400082F843100233C7E70123224641463846B5
:10BA5000C8470130E6D00136D9E700002DE9F043B0
:10BA60000D7E85B0782D90460C9E07460C46994673
:10BA700001F1430207D8622D0AD8002D00F0D780CB
:10BA8000582D00F0BC8004F1420684F842503BE09F
:10BA9000A5F16303152BF6D801A151F823F000BFDF
:10BAA000F9BA00080DBB000887BA000887BA000879
:10BAB00087BA000887BA00080DBB000887BA0008DB
:10BAC00087BA000887BA000887BA000815BC0008C2
:10BAD00037BB0008C7BB000887BA000887BA000850
:10BAE00037BC000887BA000837BB000887BA0008CF
:10BAF00087BA0008CFBB000833681A1D1B68326084
:10BB000004F1420684F842300123A1E03368206842
:10BB1000191D3160060601D51D6803E04506FBD5F9
:10BB2000B3F90050002D03DA2D236D4284F8433021
:10BB30005B480A2311E021683368080653F8045B68
:10BB400002D4490648BFADB23360237E54486F2B00
:10BB50005CD10823002184F843106668A660002E9B
:10BB600005DB21682E4321F00401216050D01646E8
:10BB7000B5FBF3F103FB115C10F80CC006F801CD26
:10BB8000AC4663450D46F3D9082B0BD12368DB0780
:10BB900008D5236961689942DEBF302306F8013C6D
:10BBA00006F1FF36921B2261CDF80090434603AAAE
:10BBB00021463846FFF7E4FE01304ED14FF0FF300A
:10BBC00005B0BDE8F083236843F0200323603548C7
:10BBD000782584F845502368316813F0800F51F8B8
:10BBE000045B03D113F0400F18BFADB23160D90729
:10BBF00044BF43F0200323601DB11023AAE7284867
:10BC0000E7E7236823F020032360F6E70A23A1E790
:10BC10001646B9E7336825686169181D30602E063D
:10BC20001B6801D5196002E06806FBD51980002366
:10BC300023611646B8E733681A1D32601E686268D1
:10BC400000213046F4F7C4FA08B1801B60606368D5
:10BC50002361002384F84330A6E723693246414636
:10BC60003846C8470130A9D023689B0713D4E06841
:10BC7000039B9842B8BF1846A2E7012332464146CB
:10BC80003846C847013099D00135E36803995B1AFB
:10BC9000AB42F2DCEBE7002504F11906F5E700BF43
:10BCA00047DF000858DF0008884210B501EB0204A6
:10BCB00002D98442234607D8431EA14207D011F877
:10BCC000012B03F8012FF8E70244824200D110BD96
:10BCD00013F8011D02F8011DF7E7000038B5064D05
:10BCE0000023044608462B60F9F734FF431C02D1B9
:10BCF0002B6803B1236038BD80BD01202DE9F041E0
:10BD0000074614460D4621B9BDE8F0411146FFF73C
:10BD100053BC2AB9FFF7E4FB25462846BDE8F0816D
:10BD200000F01AF88442064602D8B4EB500FF4D85B
:10BD300021463846FFF740FC804608B94546ECE707
:10BD4000B4422246294628BF3246FFF7BBFB2946AC
:10BD50003846FFF7C5FBF1E751F8043C181F002BEC
:10BD6000BCBF0B58C018704738B52DED028B55EC91
:10BD7000104B00F09BF822462B4620462946B0EE99
:10BD8000408AF0EE608AF4F7C9FE30B90022002341
:10BD900020462946F4F79AFE30B9B0EE480AF0EE94
:10BDA000680ABDEC028B38BDFFF760FB0022002360
:10BDB0002121016010461946F4F740FD41EC180BB3
:10BDC000B0EE480AF0EE680ABDEC028B38BD00BF49
:10BDD00010EE103A194923F000428A421AD9B2F102
:10BDE000FF4F02D330EE400A704700B583B068467B
:10BDF00000F01EFA00F0030001289DED000ADDEDC1
:10BE0000010A12D002280AD090B9012000F0C8F926
:10BE100003B000BDDFED0A0A002000F0C1B9012027
:10BE200000F0BEF9B1EE400AF2E700F037F9EFE7B3
:10BE300000F034F9B1EE400AEAE700BFD80F493FFD
:10BE40000000000010EE101AC1F3C7520029A2F141
:10BE50007F0CACBF01204FF0FF30BCF11E0F0FDC98
:10BE6000BCF1000F1DDBC1F31603BCF1160F43F448
:10BE700000030ADD963A03FA02F202FB00F0704773
:10BE8000FDEEC07A17EE900A70474FF4800242FA36
:10BE90000CF21A44CCF1170C22FA0CF202FB00F05F
:10BEA0007047BCF1FF3F18BF002070472DE9F84FE5
:10BEB000774955EC104BA94300F0AE80002D2A467F
:10BEC000234655DD2C1562D0C2F31302E107A4F21C
:10BED000FF3742F4801203D4520002EBD3725B00AE
:10BEE0005200002602EBD3727F105B001624B4468A
:10BEF0004FF400110CEB010090424FEAD3754FEA6A
:10BF0000430303DC00EB010C121A0E44013C05EB69
:10BF100042024FEA5101EDD1A04620254FF00040EA
:10BF20000AE043D0510001EBD371013D0A464FEACC
:10BF300043034FEA500045D0624500EB080EF0DDA8
:10BF4000BEF1000F0EEB00080CDBE146A2EB0C018A
:10BF50009E4588BF01F1FF314900CC46A3EB0E039B
:10BF60000444E0E7B8F1000FEFDB0CF10109EDE765
:10BF700025F00041214346D0002D74D1D90A153A4D
:10BF80005B050029FAD0CE0214467DD40A46002172
:10BF90005200D502084601F10101F9D5C1F1200591
:10BFA00023FA05F52A438B40241A8DE79E4502D9D2
:10BFB0004FEA4C01B7E7BEF1000F0EEB000824DB9F
:10BFC0000021CBE7194312D0DFF8C8A0DFF8C8B0D2
:10BFD000DAE90001DBE90023F4F74EF9DAE9008938
:10BFE00002460B4640464946F4F77AFD10BB650809
:10BFF000711001F17F5101F5001101EB075345EA82
:10C00000C67243EC102BBDE8F88FB8F1000FD7DBF8
:10C010000CF1010C0021A1E722462B4620462946BF
:10C02000F4F7E2FA22462B46F4F728F941EC100B1C
:10C03000BDE8F88FB4F1FF3FDAE90001DBE9002346
:10C040001ED0F4F71BF9DAE9008902460B46404698
:10C050004946F4F73BFDA8B1A31C04F1020508BF53
:10C0600001366D08C4E722462B4620462946F4F7E0
:10C0700003F902460B46F4F7E1FB41EC100BC2E773
:10C080000136B5E70134B2E74FF0FF300A468BE7DF
:10C090000000F07FF0E10008E8E1000810EE103A3F
:10C0A00023F00043B3F1485F2CD2FDEEC07A17EEC7
:10C0B000903A002B60D060EE007A9FED317A9FEDD0
:10C0C000315ADFED315A9FED316ADFED316AA7EE6B
:10C0D000875A9FED307AE7EE855AA7EEA56AA7EE5C
:10C0E000867AE7EE876A67EEA66A60EEC00AB6EE69
:10C0F000007AE7EEA60AB7EE000AD7EE870A30EE1E
:10C10000600A704760EE007A9FED1D7A9FED1D5A20
:10C11000DFED1D5A9FED1D6ADFED1D6A1E4AA7EE79
:10C12000875A93429FED1B7AE5EE275AA5EEA76A40
:10C13000A6EE277AE7EE276A66EEA76AD5D9174AF0
:10C14000934214D803F17F4307EE103AB7EE006A2A
:10C1500036EE476A60EEC00AF6EE005A97EEA57A10
:10C16000E7EEA60A37EE607A36EE470A7047B6EE7B
:10C17000076AB5EE027AEDE7B7EE000A704700BF36
:10C180004ED747ADF6740F317CF293B4010DD03722
:10C19000ABAA2A3D610BB6BA9999993E0000483F77
:10C1A00010EE103A23F00043B3F1485F04D2FDEEE5
:10C1B000C07A17EE903A5BB360EE007A9FED157A85
:10C1C000DFED155A9FED156ADFED156AE7EE875A28
:10C1D0009FED147AA5EEA76A20EE275AE6EE276AAD
:10C1E000A6EEA77A30B9DFED106AE7EE876AA6EE11
:10C1F000850A704727EE457AF6EE006AA0EEA67A29
:10C20000DFED0A6AD7EE270AE5EE260A30EE600A6D
:10C21000704700BFD3C92E2F342FD7B21BEF38364B
:10C22000010D50B98988083CABAA2ABEABAA2A3EA8
:10C2300070B510EE103A8B4A23F00044944286B059
:10C24000054671D9884A94421E4624D823F00042FC
:10C25000002BDFED867A864922F00F02B0EE407A9D
:10C2600040F3E6808A4270EE677A09BF9FED817ADB
:10C27000DFED816ADFED816A77EEC77A37EEE67A25
:10C2800077EEC77A80ED007A77EEE67AC0ED017A34
:10C29000012006B070BD7A4A944253D9B4F1FF4FE1
:10C2A00049D2E215863AA4EBC25307EE903ABDEEAE
:10C2B000E77ADFED746AB8EEC77A77EEC77A8DED6C
:10C2C000037A67EEA67ABDEEE77AB8EEC77A77EE24
:10C2D000C77A8DED047A67EEA67AF5EE407AF1EE34
:10C2E00010FACDED057A40F08E80B5EE407AF1EE91
:10C2F00010FA40F08A8001236349019102210091E4
:10C3000003A8294600F0D2F8002EC2DA95ED007A93
:10C31000D5ED017AB1EE477AF1EE677A85ED007AD4
:10C32000C5ED017A4042B4E7002285ED000A426083
:10C33000002006B070BD70EE407AC0ED017AC0ED0D
:10C34000007AF5E700F0AAF89FED507A9FED476A72
:10C35000F6EE007AE0EE077A9FED477AFDEEE77A97
:10C36000F8EEE76A17EE900AA6EEC60A1F2866EEF8
:10C37000877AB1EE666A30EE677A1EDC444A411E67
:10C3800026F0004352F8212023F0FF03934214D0FB
:10C3900085ED007A30EE470A002E30EE670A85ED13
:10C3A000010ABFF676AFB1EE477AB1EE400A85EDED
:10C3B000007A85ED010A40426BE717EE103AC3F3AD
:10C3C000C753C3EBD453082B4FEAE452E0DD9FED93
:10C3D000297A9FED2A5AF0EE405AE6EE075A70EE9F
:10C3E000657AE6EE077AD6EE857A35EEE77A17EECD
:10C3F000103AC3F3C753D21A192A08DCB0EE650A03
:10C4000085ED007AC6E7032376E7022374E79FED04
:10C41000217A9FED215AB0EE650AA6EE070A75EE65
:10C42000C07AE6EE077AD6EE857A30EE677AAFE725
:10C430008A4270EE277A09BF9FED0E7ADFED0E6A11
:10C44000DFED0E6A77EE877A37EEA67A77EEC77A57
:10C4500080ED007A77EEA67AC0ED017A4FF0FF30DA
:10C4600017E700BFD80F493FE3CB1640800FC93F05
:10C47000D00FC93F004435374344353708A3852ED4
:10C48000800F49430000804378E2000884F9223F8E
:10C49000F8E1000800A3852E32318D2410EE103A09
:10C4A00023F0004300EE103A704700BF2DE9F04F33
:10C4B0002DED048BDBB01C46944603930A46BA4B21
:10C4C00068991CF1040F53F82170824604F1FF397A
:10C4D000C0F25682BCF1030348BF0CF10403DB1029
:10C4E000029301334FEAC30EACEB0E030593029B9C
:10C4F00017EB0900A3EB090316D401309FEDAB7ACB
:10C50000699C18441EA9002BA4BF54F8235007EEC1
:10C51000905A03F10103ACBFF8EEE77AF0EE477AE8
:10C520008342E1EC017AEED1002FC0F2E28203995E
:10C530001EA800EB81004FEA81087E18002346AD5B
:10C540004C460AEB8101B9F1000F80F2C88001343A
:10C55000B44245F8043B00F10400F4D10DF1280B7E
:10C560000BEB8703CDE9062E043B9FED929ADFED9E
:10C57000908A059804930AEB080446AE0BEB8708F3
:10C580000097CDF820C00DEB8703002F93ED460AEE
:10C590004FEA870515DD73195A4660EE097AB0EE49
:10C5A000407AFDEEE77A73ED016AF8EEE77AB3427E
:10C5B000A7EEE87A37EEA60ABDEEC77AA2EC017ABA
:10C5C000EBD1019000F0B8FAF4EE007AB0EE408AB8
:10C5D00020EE270A00F01EFBF2EE007AA0EE678A3A
:10C5E00001980028FDEEC89AF8EEE97A38EE678ADD
:10C5F00040F38280791EC0F108035BF821E04EFA17
:10C6000003FC0CFA03F3AEEB030EC0F1070219EEC4
:10C61000903A4EFA02F26344002A09EE903A4BF83F
:10C6200021E000F3AF80B5EE408AF1EE10FA74D14C
:10C63000009B9F420ADD5D44002355F8041D4545DB
:10C6400043EA0103F9D1002B40F00281009B013B3A
:10C650005BF823207B1C9C46002A40F0F780049A5C
:10C66000012152F8045D0131002DFAD03944029DB8
:10C67000039A05EB030E0EF1804E699D0EF1FF3E0D
:10C680003A4405EB8E0E1EAD06EB830705EB8205E3
:10C69000DEED017AF8EEE77AB9F1000F0EF1040E43
:10C6A000E5EC017ADFED417A09DB2A465346F3ECEB
:10C6B000016A32ED017AA342E6EE877AF7D10CF1F6
:10C6C000010C8C45E7EC017AE2DD0F465BE70134B3
:10C6D000B442E5EC017A00F104003FF43FAFDFED36
:10C6E000337A83465346F3EC016A3BED017A8B4281
:10C6F000E6EE877AF7D1EAE700F09180F6EE007A6D
:10C70000B4EEE78AF1EE10FA80F22981B5EE408AA4
:10C71000F1EE10FA4FF000028AD09246DDE9062EC3
:10C72000DDF820C00197AEEB0C00B0EE480A009F88
:10C73000009200F001FADFED1E6AB4EEE60AF1EEB7
:10C7400010FADDE90023F0EE407AC0F29C819FED03
:10C75000197A059920EE077A0831BDEEC77A05915E
:10C76000B8EEC77A5C1CE7EE667ABDEEC77AFDEEDE
:10C77000E77A17EE901A4BF8231017EE103A4BF8A1
:10C7800024307EE00133002F09EE903A40F39D8182
:10C7900059464FF0000E51F8043B002B39D0C3F539
:10C7A000807341F8043C0CE0BCE500080000000088
:10C7B000000080430000803B0B68C3F1FF0341F899
:10C7C000043B0EF1010E7745F6DC01239E4600285E
:10C7D0000BDD012800F0BB80022806D1791E5BF832
:10C7E000213003F03F0C4BF821C0022A7FF41BAF2D
:10C7F000B7EE000A734630EE488A002B3FF413AFC1
:10C800000992019000F098F90198099A38EE408A4F
:10C8100009E70EF1010E7745BDDC9E46D7E77B1E8A
:10C820005BF82320D211002A7FF7FDAE19EE903A73
:10C83000002F03F1010309EE903AA9DC022A7FF4EC
:10C84000F2AEF7EE007A37EEC88AECE619460EE74C
:10C850003B469246DDE905125C1EA1F108005BF83B
:10C860002410009F059061B903F18043013B0BEB5D
:10C870008303014653F8040D013C08390028F9D020
:10C88000059105980092B7EE000A00F055F9002CCA
:10C89000009AB0EE407AC0F22281601C46AD5FED96
:10C8A0003B6A81000BEB800305EB800073ED017A9E
:10C8B000F8EEE77A5B4567EE877A27EE267A60ED39
:10C8C000017AF3D10DF1C8080E1F2E44C646A446C6
:10C8D0000025002F7DDBDFF85C92DFED957A304696
:10C8E000002307E0F9EC016AB0EC017A9F42E6EE22
:10C8F000877A03DB9D4203F10103F3DA0CF1FF3C7D
:10C90000BCF1FF3FEEEC017A05F10105A6F104064A
:10C91000E1D1689B022B6ADC002B36DC0ED1DFED07
:10C92000847A414431ED017A884577EE877AF9D1EE
:10C930005346002B40F0C680C2ED007A19EE903AC3
:10C9400003F007005BB0BDEC048BBDE8F08F791EEF
:10C950005BF8213003F07F0C4BF821C045E719EE5E
:10C96000903A002F03F1010309EE903AC8BF02226A
:10C970003FF70EAFF7EE007A37EEC88A022252E692
:10C9800000234FF0080E0293AEE5DDED327A9FED05
:10C99000687A414471ED016A884537EE267AF9D10B
:10C9A0005346002B40F0848077EEC77A82ED007A00
:10C9B00064B133A90123B1EC017A01339C4277EED3
:10C9C000877AF8DA53460BB1F1EE677AC2ED017A55
:10C9D000B4E70CF1FF3C0023BCF1FF3F4EF8043BF1
:10C9E00005F10105A6F104067FF473AF91E7689B9A
:10C9F000032BA3D1002C00F08C8008EB840595ED6F
:10CA0000007AA0002B46294671ED017AF0EE476AC4
:10CA100037EE277A884577EEC77A81ED007A77EE90
:10CA2000A67AC1ED017AEFD1012C72D095ED007A92
:10CA300008F1040173ED017AF0EE476A37EE277AC8
:10CA4000994277EEC77A83ED007A77EEA67AC3ED46
:10CA5000017AEFD1031DDFED367A434408F108086F
:10CA600033ED017A984577EE877AF9D15346DDEDBB
:10CA7000326A9DED337A73B9C2ED006A82ED017AB4
:10CA8000C2ED027A5AE7FDEEC07A1C4617EE901A04
:10CA90004BF82310F5E6F1EE666AB1EE477AF1EE57
:10CAA000677AC2ED006A82ED017AC2ED027A45E74B
:10CAB000F1EE476A77EEC77AC2ED006A002C7FF488
:10CAC00078AF81E7F1EE677A36E7012815D00228C2
:10CAD0007FF4B4AE0EF03F034BF82130AEE6689B16
:10CAE000022B12DC002B17DC7FF428AFDFED107A6D
:10CAF0001EE7039B4FEA830830E50EF07F03022A0E
:10CB00004BF821307FF48FAD9BE6689B032B7FF4BD
:10CB100015AFDFED077AA9E75346DDED327A1BB199
:10CB20004FF0004313604FE7002313604EE700BF50
:10CB30000000000090E5000810EE103A33F00041CC
:10CB40001A4625D0B1F1FF4F1FD213F0FF4F20D16D
:10CB5000DFED297A294A60EE277A904217EE903A63
:10CB600031DB4CF2503CC3F3C75160451A46A1F18A
:10CB7000190114DD002BDFED227A9FED210AB8BFE9
:10CB8000DFED207A27EE800A704730EE000A70470A
:10CB900070474CF2503C60454FEAD151EADC014409
:10CBA000FE29E7DC002915DC11F1160F19DB19311C
:10CBB00022F0FF4242EAC15207EE902A9FED120A8C
:10CBC00027EE800A7047DFED117A07EE103A27EE64
:10CBD000270A704722F0FF4242EAC15300EE103AA2
:10CBE0007047002BDFED097A9FED080AB8BFDFED33
:10CBF000087A27EE800A70470000004CB03CFFFF27
:10CC0000CAF24971CAF249F1000000336042A20D34
:10CC10006042A28D10EE102AC2F3C7537F3B162B41
:10CC200022F000411BDC002B10461EDB1A49194183
:10CC30000A4223D0DFED197A70EE277AF5EEC07A3A
:10CC4000F1EE10FA1ADD002A04DA4FF4000242FA7B
:10CC500003F3184420EA010300EE103A7047B1F1E3
:10CC6000FF4F0BD330EE000A7047DFED0C7A70EE09
:10CC7000277AF5EEC07AF1EE10FA00DC7047002A50
:10CC800002DB9FED070A704711B99FED060A704756
:10CC9000BFEE000AF2E700BFFFFF7F00CAF2497152
:10CCA0000000000000000080F8B500BFF8BC08BC20
:10CCB0009E467047F8B500BFF8BC08BC9E4670475A
:10CCC0000000000500000000AD550A19E33000081F
:10CCD000413000084D300008000000008530000899
:10CCE0006130000865300008000000000000803F4F
:10CCF0000000000000000000000020410000204172
:10CD00000000803F000020410000C84200000000F9
:10CD100000000000000020410000A0400000803F13
:10CD20000000204100000000000000400000000062
:10CD3000000040400000C8420000803F0000C842A0
:10CD400000000000000000000000804000002041C2
:10CD50000000C8420000803E0000C84200002041A0
:10CD60000000000000000000000020410000C84258
:10CD70000000803F000040404D4F544F525F434FF2
:10CD80004E54524F4C00434F4E54524F4C5F41351E
:10CD90005F4D413630305F5241575F484F4C445FE2
:10CDA0005033355F4F4646534554373937315F4E20
:10CDB000323034385F314B485A5F56310065663047
:10CDC0003032356166383031622D646972747900B1
:10CDD000554E4B4E4F574E00504F5745525F5241A4
:10CDE0004D500050484153455F5357454550004111
:10CDF0004C49474E5F484F4C44004E4F4E45005AF9
:10CE000045524F5F5441424C4500414354495645B9
:10CE10005F5441424C4500434F4E54524F4C5F418A
:10CE200034425F454E434F4445525F534545444568
:10CE3000445F445241475F5033355F4F4646534548
:10CE400054373937315F563100434F4E54524F4CAF
:10CE50005F41345F53554D4D4152592C50726F66AE
:10CE6000696C653D25732C526573756C743D257333
:10CE70002C5365656450686173655261773D256C1C
:10CE8000752C536565644F66667365745261773DB2
:10CE900025752C53776565705370616E5261773DCF
:10CEA000256C752C53776565705469636B733D25EC
:10CEB0006C752C416C7265616479416C69676E6553
:10CEC000643D25752C43617074757265526571758A
:10CED000697265643D25752C546172676574506F85
:10CEE0007765724D696C6C693D25752C506F77655F
:10CEF0007252616D704D733D25752C486F6C644D99
:10CF0000733D25752C41637469766544757261744F
:10CF1000696F6E4D733D256C752C45766964656E41
:10CF20006365436F756E743D256C752C4361707439
:10CF300075726544657465637465643D25752C433D
:10CF40006170747572655365713D256C752C436114
:10CF50007074757265506861736550726F67726541
:10CF600073735261773D256C752C447261674C6117
:10CF7000674D65616E5261773D256C642C4472612A
:10CF8000674C61674D61785261773D256C642C5226
:10CF9000616D7043726565705261773D256C642CDC
:10CFA000426173656C696E655261773D25752C46EB
:10CFB000696E616C5261773D25752C456C656374B3
:10CFC000726963616C4F66667365745261773D2563
:10CFD000752C4D617854726176656C4D696C6C6925
:10CFE0004465673D256C642C4D6178537465704DC4
:10CFF000696C6C694465673D256C640D0A00434F9C
:10D000004E54524F4C5F41345F53455155454E434A
:10D01000452C5072696D65537461746556616C6915
:10D02000643D25752C456E61626C65537461746551
:10D0300056616C69643D25752C456E61626C655066
:10D040006F77657250706D3D256C750D0A00434F0A
:10D050004E54524F4C5F41345F4845414C54482C2C
:10D06000446561646C696E654D69737365733D25D4
:10D070006C752C4D61784C6174656E657373546981
:10D08000636B733D256C752C4D61784C6F6F7043ED
:10D0900079636C65733D256C752C4D6178416273C5
:10D0A00056656C6F63697479526177506572536528
:10D0B000636F6E643D256C752C52656164417474B8
:10D0C000656D7074733D256C752C41636365707478
:10D0D00065643D256C752C526574726965733D25D8
:10D0E0006C752C5472616E73706F72744572726FCE
:10D0F00072733D256C752C4A756D7052656A656357
:10D1000074733D256C752C4661696C656453616D63
:10D11000706C65733D256C750D0A00434F4E54527B
:10D120004F4C5F41345F444154412C5365713D2560
:10D130006C752C50686173653D25732C456E636F6B
:10D140006465725261773D25752C54726176656C09
:10D150004D696C6C694465673D256C642C44656C55
:10D1600074615261773D256C642C56656C6F636900
:10D1700074795261775065725365636F6E643D25B3
:10D180006C642C447261674C61675261773D256C19
:10D19000642C436F6D6D616E64506861736552619C
:10D1A000773D25752C506861736550726F677265A5
:10D1B00073735261773D256C752C506F7765725093
:10D1C000706D3D256C752C436170747572654C6192
:10D1D00074636865643D25752C5363686564756C7C
:10D1E00065645469636B3D256C752C53616D706C7F
:10D1F000655469636B3D256C752C4C6174656E6577
:10D2000073735469636B733D256C752C4C6F6F7031
:10D210004379636C65733D256C752C5370694C6163
:10D2200074656E63794379636C65733D256C752C09
:10D2300050776D436F756E746572417443733D250D
:10D24000752C436F7272656374696F6E5261773DBE
:10D25000300D0A00434F4E54524F4C5F41345F52E1
:10D26000554E54494D452C46726565486561703D83
:10D27000256C752C4D696E457665724672656548FC
:10D280006561703D256C752C436F6E74726F6C53C5
:10D290007461636B486967685761746572576F7230
:10D2A00064733D256C750D0A00434F4E54524F4C2C
:10D2B0005F41355F41524D45442C5265636F726446
:10D2C00056657273696F6E3D312C50726F66696C72
:10D2D000653D25732C506172656E7450726F66697E
:10D2E0006C653D25732C4D65747269633D4D413607
:10D2F00030305F414E474C455F574F52445F52417B
:10D300005731362C53616D706C65436F756E743D8B
:10D3100025752C53616D706C6552617465487A3D5A
:10D3200025752C436170747572654D733D25752CA0
:10D33000436F6D6D616E6450686173655261773DD6
:10D3400025752C506F77657250706D3D25752C4F8B
:10D3500066667365745261773D25752C5472616EF3
:10D3600073706F72743D5350495F444D415F424C3E
:10D370004F434B494E475F575241505045525F56BD
:10D38000312C46696C743D307830350D0A00434FBE
:10D390004E54524F4C5F41355F4944454E544954B9
:10D3A000592C5265636F726456657273696F6E3D76
:10D3B000312C50726F66696C653D25732C5061721B
:10D3C000656E7450726F66696C653D25732C417093
:10D3D0007050726F66696C653D25732C4275696C7F
:10D3E00064536F7572636549643D25730D0A00438C
:10D3F0004F4E54524F4C5F41355F434C4F434B2C83
:10D400005265636F726456657273696F6E3D312C3D
:10D4100050726F66696C653D25732C537973746522
:10D420006D436C6F636B487A3D256C752C5065724B
:10D43000696F644379636C65733D256C752C507717
:10D440006D506572696F64436F756E74733D256CC2
:10D45000750D0A00434F4E54524F4C5F41355F43A8
:10D460004F4E4649472C5265636F7264566572731E
:10D47000696F6E3D312C50726F66696C653D257326
:10D480002C47617465506F6C6963793D504F4C490E
:10D4900043595F415F41554449545F56312C4578AB
:10D4A00070656374656443616C6962726174696F0D
:10D4B0006E53746174653D5A45524F5F5441424CFE
:10D4C000452C43616C6962726174696F6E5374615B
:10D4D00074653D25732C436F6E66696752656164A0
:10D4E00056616C69643D25752C436F6E666967569D
:10D4F000616C69643D25752C52656A65637452657B
:10D5000061736F6E3D25732C5A65726F3D307825BF
:10D510003034582C4469723D3078253032582C46CE
:10D52000696C743D3078253032582C5374617475B1
:10D53000733D3078253032582C5072743D30782548
:10D540003032582C526D617049643D30782530324C
:10D55000582C436F72724E6F6E5A65726F436F75BF
:10D560006E743D25752C436F727243524333323DC6
:10D5700030782530386C580D0A00434F4E54524FC6
:10D580004C5F41355F53554D4D4152592C526563A7
:10D590006F726456657273696F6E3D312C50726F95
:10D5A00066696C653D25732C526573756C743D25F9
:10D5B000732C4D6561737572656D656E7456616C23
:10D5C00069643D25752C496E76616C6964526561AC
:10D5D000736F6E3D25732C496E76616C696452657C
:10D5E00061736F6E4D61736B3D30782530386C58C8
:10D5F0002C41636365707465643D256C752C4669C8
:10D600007273745261773D25752C4C61737452614D
:10D61000773D25752C4D696E52656C5261773D25BD
:10D620006C642C4D617852656C5261773D256C6459
:10D630002C5032505261773D256C642C44726966DF
:10D64000745261773D256C642C4D6178416273534F
:10D650007465705261773D256C752C4D65616E5215
:10D66000656C5261775131363D256C642C5261777F
:10D6700043524333323D30782530386C580D0A0020
:10D68000434F4E54524F4C5F41355F54494D494EC4
:10D69000472C5265636F726456657273696F6E3D95
:10D6A000312C50726F66696C653D25732C536C6F1D
:10D6B0007473526561636865643D256C752C536BAA
:10D6C0006970706564536C6F74733D256C752C4F75
:10D6D00076657272756E733D256C752C436170743E
:10D6E0007572654475726174696F6E4D733D256C1A
:10D6F000752C496E74657276616C4D696E43796301
:10D700006C65733D256C752C496E74657276616C21
:10D710004D61784379636C65733D256C752C4D6163
:10D72000784162735363686564756C654572726FA6
:10D73000724379636C65733D256C752C5370694C2D
:10D740006174656E63794D696E4379636C65733D91
:10D75000256C752C5370694C6174656E63794D61ED
:10D76000784379636C65733D256C752C5370694CF7
:10D770006174656E63794D65616E4379636C657341
:10D780003D256C752C50776D506861736542696EEC
:10D790004D61736B3D30782530386C580D0A00436D
:10D7A0004F4E54524F4C5F41355F4845414C5448B1
:10D7B0002C5265636F726456657273696F6E3D318A
:10D7C0002C50726F66696C653D25732C52656164DF
:10D7D000417474656D7074733D256C752C41636381
:10D7E00065707465643D256C752C5265747269654D
:10D7F000733D256C752C5472616E73706F72744535
:10D8000072726F72733D256C752C4A756D7052651E
:10D810006A656374733D256C752C4661696C65643B
:10D8200053616D706C65733D256C752C416371752A
:10D8300069736974696F6E56616C69643D25752CF6
:10D8400054696D696E6756616C69643D25752C532A
:10D85000746174696357696E646F7756616C69644B
:10D860003D25752C5265636F7264496E74656772ED
:10D8700069747956616C69643D25750D0A00434FE2
:10D880004E54524F4C5F41355F53544154452C52D6
:10D8900065636F726456657273696F6E3D312C50AB
:10D8A000726F66696C653D25732C5265736F757276
:10D8B00063657356616C69643D25752C50617265B2
:10D8C0006E74416C69676E6D656E7456616C6964E7
:10D8D0003D25752C507265537461746556616C6991
:10D8E000643D25752C506F73745374617465566173
:10D8F0006C69643D25752C436F6D6D616E64436882
:10D90000616E6765643D25752C507265456E616278
:10D910006C65643D25752C50726550686173655265
:10D9200061773D25752C507265506F776572507028
:10D930006D3D256C752C506F7374456E61626C651E
:10D94000643D25752C506F73745068617365526126
:10D95000773D25752C506F7374506F7765725070DA
:10D960006D3D256C752C5361666553746F705661FF
:10D970006C69643D25752C5361666553746F704501
:10D980006E61626C65643D25752C536166655374E8
:10D990006F7050686173655261773D25752C5361D6
:10D9A000666553746F70506F77657250706D3D256A
:10D9B0006C750D0A00434F4E54524F4C5F41355F1A
:10D9C00052554E54494D452C5265636F72645665ED
:10D9D0007273696F6E3D312C50726F66696C653D74
:10D9E00025732C46726565486561704265666F7285
:10D9F00065416C6C6F636174696F6E3D256C752C4D
:10DA000046726565486561704166746572416C6C0B
:10DA10006F636174696F6E3D256C752C4672656528
:10DA2000486561704E6F773D256C752C4D696E456C
:10DA300076657246726565486561703D256C752C2A
:10DA4000436F6E74726F6C537461636B486967687F
:10DA50005761746572576F7264733D256C750D0A5A
:10DA600000434F4E54524F4C5F41355F4441544147
:10DA70002C5265636F726456657273696F6E3D31C7
:10DA80002C50726F66696C653D25732C496E646518
:10DA9000783D256C752C5261773D25752C4373417B
:10DAA00073736572744379636C653D256C752C5096
:10DAB000776D436F756E746572417443733D257560
:10DAC0002C5370694C6174656E63794379636C653E
:10DAD000733D25752C417474656D7074733D2575A7
:10DAE0002C466C6167733D3078253032580D0A0042
:10DAF0004E4F545F52554E004F4B00494E56414CCD
:10DB000049445F415247554D454E54004D4154489C
:10DB10005F4F564552464C4F570042554646455278
:10DB20005F4641554C5400434F4E4649475F46417E
:10DB3000554C5400504152454E545F414C49474E5C
:10DB40004D454E545F4641554C5400484F4C445F40
:10DB500053544154455F4641554C540054494D4936
:10DB60004E475F4641554C540053414D504C455F24
:10DB7000535445505F4C494D495400535441544906
:10DB8000435F54524156454C5F4C494D49540052F5
:10DB900045434F52445F4F564552464C4F57004FF6
:10DBA00050455241544F525F41424F5254005341ED
:10DBB00046455F53544F505F4641554C54005354B3
:10DBC000415455535F4641554C5400424153454CD6
:10DBD000494E455F4143515549534954494F4E5F62
:10DBE0004641554C54005052494D455F4641554CB5
:10DBF0005400454E41424C455F53544154455F46A5
:10DC000041554C5400444541444C494E455F4641C2
:10DC1000554C54004455524154494F4E5F4C494D68
:10DC200049540045564944454E43455F4F56455279
:10DC3000464C4F5700434150545552455F4641555D
:10DC40004C5400445241475F534C495000436F6E5F
:10DC500074726F6C5461736B005350495F444D4153
:10DC60005F424C4F434B494E475F575241505045DE
:10DC7000525F563100554E4B4E4F574E5F434F4EFD
:10DC80004649475F474154455F524553554C540000
:10DC9000434F4E4649475F524541445F4641494CD8
:10DCA0004544005354415455535F4E4F545F434CC9
:10DCB00045414E00554E45585045435445445F4EEE
:10DCC0004F4E5A45524F5F434F5252454354494F6E
:10DCD0004E5F5441424C45004558504543544544DD
:10DCE0005F434F4E4649475F50524F46494C455F50
:10DCF0004D495353494E47005A45524F5F4D495382
:10DD00004D41544348004449525F4D49534D41549D
:10DD100043480046494C545F4D49534D4154434894
:10DD2000005354415455535F4D49534D415443485A
:10DD3000005052545F4D49534D4154434800524D99
:10DD4000415049445F4D49534D4154434800434F6E
:10DD50005252454354494F4E5F4352435F4D4953DE
:10DD60004D41544348002D004D4136303020616E06
:10DD7000676C65207472616E73706F72743D257389
:10DD80000D0A004255494C445F4D414E49464553AA
:10DD9000542C4170704D6F64653D25732C4170703B
:10DDA00050726F66696C653D25732C4D43553D532C
:10DDB000544D333246343035524754782C536F75B6
:10DDC00072636549643D25732C50726F66696C659A
:10DDD00046696E6765727072696E743D3078253081
:10DDE000386C582C53797374656D436C6F636B4852
:10DDF0007A3D256C752C5472616E73706F72743D30
:10DE000025730D0A004D413630302069646C652061
:10DE10006163717569736974696F6E206661696C9D
:10DE2000656420726573756C743D2564206174743B
:10DE3000656D7074733D257520666C6167733D3048
:10DE400078253032580D0A004D413630302072614D
:10DE5000773D257520616E676C653D256C752E25B7
:10DE600030326C7520646567205374617475735625
:10DE7000616C69643D2564204E564D423D25642009
:10DE80004552524352433D2564204552524D454D23
:10DE90003D2564204552525041523D25640D0A00F3
:10DEA0004D41363030206E6F69736520286C617388
:10DEB0007420256473293A205032503D256C752E0C
:10DEC0002530326C75646567205374644465763D13
:10DED000256C752E2530326C756465672044726937
:10DEE00066743D2573256C752E2530326C7564651E
:10DEF00067204D6178537465703D256C752E253013
:10DF0000326C75646567204E3D256C752076616CBA
:10DF100069643D25640D0A0064656661756C74541E
:10DF200061736B0049444C4500546D725100546D4F
:10DF3000722053766300232D302B2000686C4C0038
:10DF400065666745464700303132333435363738F9
:10DF50003941424344454600303132333435363757
:10DF600038396162636465660000000000000005E6
:10DF700000000000AD550A19E803E803E803E803D0
:10DF8000FEFFFFFF00000100E803E903E703E803E9
:10DF90006400650066006700680069006A006B0045
:10DFA000E803E803F803E80378DF00080400000052
:10DFB0000000000000000000000000000000000061
:10DFC0000000000000000000000000000000000051
:10DFD000000000000000000000000000CFE76BA779
:10DFE00080DF0008040000000000000000000000C6
:10DFF000030000000000000003000000000000001B
:10E00000030000000000000000800100000000008C
:10E010000100000020CE4E2A88DF00080400000026
:10E02000FFFFFFFFFFFFFFFF0100000000000000F7
:10E0300002000000000000000000000000000000DE
:10E040000000000000000000020000003C245434E6
:10E0500090DF000808000000000000000000000041
:10E0600007000000000000000700000000000000A2
:10E070000700000000000000008003000000000016
:10E080000100000067FD8603A0DF00080400000017
:10E090000000000000000000100000000000000070
:10E0A0001000000000000000000000000000000060
:10E0B00000000400000000001000000050B072F7E3
:10E0C000F0DA0008F8DA0008FBDA00080CDB0008D8
:10E0D0001ADB000827DB000834DB00084BDB0008F4
:10E0E000D4DB00085CDB000869DB00087BDB000890
:10E0F0008FDB00089FDB0008AEDB0008F8DA0008C1
:10E10000BEDB0008CBDB0008E6DB0008F2DB000822
:10E11000D4DB000882DB000869DB000805DC0008AE
:10E1200014DC000823DC00089FDB000835DC000855
:10E1300043DC00084DDC0008000000000000000087
:10E140000000000000000000001800002000000097
:10E150000000000000000000FACD000890DC00087C
:10E16000A3DC0008B4DC0008D8DC0008F8DC0008F8
:10E1700006DD000813DD000821DD000831DD0008A0
:10E180003EDD00084EDD000818DF0008000000003A
:10E19000000000000000000000000000001000006F
:10E1A0001800000000000000000000000000004017
:10E1B000A69B443B9A99993E0000A0400000C843AA
:10E1C0000000803E00000041000000000102030446
:10E1D0000000000000000000010203040607080917
:10E1E000000610160006101659F3F8C21F6EA5019E
:10E1F000000000000000F03F000FC93F000F494041
:10E2000000CB9640000FC9400053FB4000CB1641A5
:10E2100000ED2F41000F49410031624100537B4125
:10E22000003A8A4100CB9641005CA34100EDAF412A
:10E23000007EBC41000FC94100A0D5410031E24140
:10E2400000C2EE410053FB4100F20342003A0A4291
:10E250000083104200CB164200141D42005C234292
:10E2600000A5294200ED2F4200363642007E3C4296
:10E2700000C74242000F4942A2000000F90000001E
:10E28000830000006E0000004E000000440000000B
:10E290001500000029000000FC000000270000001D
:10E2A00057000000D1000000F5000000340000001D
:10E2B000DD000000C0000000DB0000006200000084
:10E2C00095000000990000003C00000043000000A1
:10E2D0009000000041000000FE000000510000001E
:10E2E00063000000AB000000DE000000BB00000087
:10E2F000C500000061000000B7000000240000001D
:10E300006E0000003A000000420000004D000000D6
:10E31000D2000000E00000000600000049000000FC
:10E320002E000000EA00000009000000D1000000FB
:10E33000920000001C000000FE0000001D00000014
:10E34000EB0000001C000000B100000029000000EC
:10E35000A70000003E000000E8000000820000006E
:10E3600035000000F50000002E000000BB0000009A
:10E370004400000084000000E90000009C00000050
:10E380007000000026000000B40000005F000000E4
:10E390007E000000410000003900000091000000F4
:10E3A000D600000039000000830000005300000088
:10E3B00039000000F40000009C0000008400000010
:10E3C0005F0000008B000000BD000000F9000000AD
:10E3D000280000003B0000001F000000F8000000C3
:10E3E00097000000FF000000DE00000005000000B4
:10E3F000980000000F000000EF0000002F00000058
:10E40000110000008B0000005A0000000A0000000C
:10E410006D0000001F0000006D00000036000000CD
:10E420007E000000CF00000027000000CB000000AD
:10E4300009000000B70000004F0000004600000087
:10E440003F000000660000009E0000005F0000002A
:10E45000EA0000002D000000750000002700000009
:10E46000BA000000C7000000EB000000E50000005B
:10E47000F10000007B0000003D00000007000000EC
:10E4800039000000F70000008A0000005200000080
:10E4900092000000EA0000006B000000FB0000009A
:10E4A0005F000000B10000001F0000008D000000B0
:10E4B0005D0000000800000056000000030000009E
:10E4C0003000000046000000FC0000007B0000005F
:10E4D0006B000000AB000000F0000000CF00000067
:10E4E000BC000000200000009A000000F4000000C2
:10E4F000360000001D000000A9000000E30000003D
:10E5000091000000610000005E000000E6000000D5
:10E510001B000000080000006500000099000000DA
:10E52000850000005F00000014000000A000000053
:10E5300068000000400000008D000000FF000000A7
:10E54000D8000000800000004D00000073000000B3
:10E550002700000031000000060000000600000057
:10E560001500000056000000CA0000007300000003
:10E57000A8000000C900000060000000E2000000E8
:10E580007B000000C00000008C0000006B00000059
:10E590000000C93F0000F0390000DA370000A23364
:10E5A0000000842E0000502B0000C2270000D02263
:10E5B0000000C41F0000C61B000044170400000038
:08E5C000070000000900000043
:08E5C800081CFF7F01000000A8
:04E5D000B501000889
:04E5D40091010008A9
:10E5D8000024F4000100000010000000AAAAAAAA62
:10E5E800140000200000000048BC0120B0BC01203D
:10E5F80018BD01200000000000000000000000001D
:10E608000000000000000000000000000000000002
:10E6180000000000000000000000000000000000F2
:10E6280000000000000000000000000000000000E2
:0400000508005BA5EF
:00000001FF
