:020000040800F2
:1000000000000220918F0008658E0008678E0008AE
:10001000698E00086B8E00086D8E000800000000DD
:10002000000000000000000000000000D1E1000816
:100030006F8E00080000000061E2000859C8000847
:10004000E18F0008E18F0008E18F0008E18F0008D0
:10005000E18F0008E18F0008E18F0008E18F0008C0
:10006000E18F0008E18F0008E18F0008E18F0008B0
:10007000718E0008E18F00087D8E0008E18F000876
:10008000898E0008958E0008A18E0008E18F000877
:10009000E18F0008E18F0008E18F0008E18F000880
:1000A000E18F0008E18F0008E18F0008E18F000870
:1000B000AD8E0008E18F0008E18F0008E18F000895
:1000C000E18F0008B98E0008C58E0008358F000842
:1000D000E18F0008E18F0008D18E0008DD8E000856
:1000E000E18F0008E18F0008E18F0008E18F000830
:1000F000E18F0008E98E0008E18F0008058F0008F5
:10010000E18F0008E18F0008E18F0008E18F00080F
:10011000E18F0008E18F0008E18F0008E18F0008FF
:10012000118F0008E18F00081D8F0008298F00083B
:10013000E18F00080000000000000000E18F0008CF
:10014000E18F0008E18F0008E18F0008E18F0008CF
:10015000E18F0008E18F0008E18F0008E18F0008BF
:10016000E18F0008E18F0008E18F0008E18F0008AF
:10017000E18F0008E18F000800000000000000008F
:08018000E18F0008E18F000887
:1001900010B5054C237833B9044B13B10448AFF3C1
:1001A00000800123237010BD6000002000000000CB
:1001B000CC04010808B5034B1BB103490348AFF356
:1001C000008008BD0000000064000020CC0401088D
:1001D000034613F8012B002AFBD1181A0138704787
:1001E00001F0FF01102A2BDB10F0070F08D010F8E8
:1001F000013B013A8B422DD010F0070F42B3F6D1EC
:10020000F0B441EA012141EA014122F007047FF004
:1002100000070023F0E80256083C85EA010586EA5B
:10022000010685FA47F5A3FA87F586FA47F6A5FA97
:1002300087F68EB9EED1F0BC01F0FF0102F00702A3
:1002400032B110F8013B013A83EA010313B1F8D14E
:100250000020704701387047002D06BF354603382F
:10026000073815F0010F07D1013015F4807F02BF68
:10027000013015F4C03F0130F0BC0138704700BFB9
:1002800081F0004102E000BF83F0004330B54FEA47
:1002900041044FEA430594EA050F08BF90EA020FB4
:1002A0001FBF54EA000C55EA020C7FEA645C7FEA47
:1002B000655C00F0E2804FEA5454D4EB5555B8BF6A
:1002C0006D420CDD2C4480EA020281EA030382EADB
:1002D000000083EA010180EA020281EA0303362D6D
:1002E00088BF30BD11F0004F4FEA01314FF4801C40
:1002F0004CEA113102D0404261EB410113F0004F52
:100300004FEA03334CEA133302D0524263EB430308
:1003100094EA050F00F0A780A4F10104D5F1200EA6
:100320000DDB02FA0EFC22FA05F2801841F1000101
:1003300003FA0EF2801843FA05F359410EE0A5F1D5
:1003400020050EF1200E012A03FA0EFC28BF4CF006
:10035000020C43FA05F3C01851EBE37101F00045BC
:1003600007D54FF0000EDCF1000C7EEB00006EEBC9
:100370000101B1F5801F1BD3B1F5001F0CD3490853
:100380005FEA30004FEA3C0C04F101044FEA4452AA
:1003900012F5800F80F09A80BCF1004F08BF5FEA31
:1003A000500C50F1000041EB045141EA050130BD11
:1003B0005FEA4C0C404141EB0101013C28BFB1F523
:1003C000801FE9D291F0000F04BF01460020B1FA6E
:1003D00081F308BF2033A3F10B03B3F120020CDA41
:1003E0000C3208DD02F1140CC2F10C0201FA0CF01F
:1003F00021FA02F10CE002F11402D8BFC2F1200C84
:1004000001FA02F120FA0CFCDCBF41EA0C01904039
:10041000E41AA2BF01EB0451294330BD6FEA040482
:100420001F3C1CDA0C340EDC04F11404C4F120026D
:1004300020FA04F001FA02F340EA030021FA04F37F
:1004400045EA030130BDC4F10C04C4F1200220FAD6
:1004500002F001FA04F340EA0300294630BD21FA14
:1004600004F0294630BD94F0000F83F4801306BFDA
:1004700081F480110134013D4EE77FEA645C18BFCE
:100480007FEA655C29D094EA050F08BF90EA020F65
:1004900005D054EA000C04BF1946104630BD91EA5D
:1004A000030F1EBF0021002030BD5FEA545C05D160
:1004B0004000494128BF41F0004130BD14F580049F
:1004C0003CBF01F5801130BD01F0004545F0FE4113
:1004D00041F470014FF0000030BD7FEA645C1ABF48
:1004E000194610467FEA655C1CBF0B46024650EA7F
:1004F000013406BF52EA033591EA030F41F40021AB
:1005000030BD00BF90F0000F04BF0021704730B530
:100510004FF4806404F132044FF000054FF0000105
:1005200050E700BF90F0000F04BF0021704730B5C6
:100530004FF4806404F1320410F0004548BF40429B
:100540004FF000013EE700BF42004FEAE2014FEAF0
:1005500031014FEA02701FBF12F07F4393F07F4FCB
:1005600081F06051704732F07F4208BF704793F0CE
:100570007F4F04BF41F40021704730B54FF46074E1
:1005800001F0004521F000411CE700BF50EA0102E4
:1005900008BF704730B54FF000050AE050EA01028D
:1005A00008BF704730B511F0004502D5404261EBFD
:1005B00041014FF4806404F132045FEA915C3FF43E
:1005C000D8AE4FF003025FEADC0C18BF03325FEADB
:1005D000DC0C18BF033202EBDC02C2F1200300FA8C
:1005E00003FC20FA02F001FA03FE40EA0E0021FAB1
:1005F00002F11444BDE600BF70B54FF0FF0C4CF49F
:10060000E06C1CEA11541DBF1CEA135594EA0C0F50
:1006100095EA0C0F00F0DEF82C4481EA030621EA8B
:100620004C5123EA4C5350EA013518BF52EA0335C6
:1006300041F4801143F4801338D0A0FB02CE4FF078
:100640000005E1FB02E506F00042E0FB03E54FF0A8
:100650000006E1FB03569CF0000F18BF4EF0010EA0
:10066000A4F1FF04B6F5007F64F5407404D25FEA9C
:100670004E0E6D4146EB060642EAC62141EA55514F
:100680004FEAC52040EA5E504FEACE2EB4F1FD0C91
:1006900088BFBCF5E06F1ED8BEF1004F08BF5FEA0F
:1006A000500E50F1000041EB045170BD06F00046C1
:1006B00046EA010140EA020081EA0301B4EB5C046E
:1006C000C2BFD4EB0C0541EA045170BD41F4801166
:1006D0004FF0000E013C00F3AB8014F1360FDEBF8B
:1006E000002001F0004170BDC4F10004203C35DA67
:1006F0000C341BDC04F11404C4F1200500FA05F3EA
:1007000020FA04F001FA05F240EA020001F000428A
:1007100021F0004110EBD37021FA04F642EB060100
:100720005EEA430E08BF20EAD37070BDC4F10C042A
:10073000C4F1200500FA04F320FA05F001FA04F2EE
:1007400040EA020001F0004110EBD37041F10001DA
:100750005EEA430E08BF20EAD37070BDC4F12005E5
:1007600000FA05F24EEA020E20FA04F301FA05F24D
:1007700043EA020321FA04F001F0004121FA04F2F5
:1007800020EA020000EBD3705EEA430E08BF20EAC5
:10079000D37070BD94F0000F0FD101F000464000FF
:1007A00041EB010111F4801F08BF013CF7D041EA81
:1007B000060195F0000F18BF704703F00046520085
:1007C00043EB030313F4801F08BF013DF7D043EA56
:1007D0000603704794EA0C0F0CEA135518BF95EA0C
:1007E0000C0F0CD050EA410618BF52EA4306D1D193
:1007F00081EA030101F000414FF0000070BD50EAB2
:10080000410606BF1046194652EA430619D094EA3B
:100810000C0F02D150EA013613D195EA0C0F05D125
:1008200052EA03361CBF104619460AD181EA030179
:1008300001F0004141F0FE4141F470014FF0000031
:1008400070BD41F0FE4141F4780170BD70B54FF0CC
:10085000FF0C4CF4E06C1CEA11541DBF1CEA13554C
:1008600094EA0C0F95EA0C0F00F0A7F8A4EB05042E
:1008700081EA030E52EA03354FEA013100F0888025
:100880004FEA03334FF0805545EA131343EA1263EE
:100890004FEA022245EA111545EA10654FEA0026A3
:1008A0000EF000419D4208BF964244F1FD0404F55C
:1008B000407402D25B084FEA3202B61A65EB0305B8
:1008C0005B084FEA32024FF480104FF4002CB6EB75
:1008D000020E75EB030E22BFB61A754640EA0C00F5
:1008E0005B084FEA3202B6EB020E75EB030E22BF35
:1008F000B61A754640EA5C005B084FEA3202B6EB76
:10090000020E75EB030E22BFB61A754640EA9C0034
:100910005B084FEA3202B6EB020E75EB030E22BF04
:10092000B61A754640EADC0055EA060E18D04FEAC2
:10093000051545EA16754FEA06164FEAC30343EA62
:1009400052734FEAC2025FEA1C1CC0D111F4801F2F
:100950000BD141EA00014FF000004FF0004CB6E728
:1009600011F4801F04BF01430020B4F1FD0C88BFC7
:10097000BCF5E06F3FF6AFAEB5EB030C04BFB6EBD2
:10098000020C5FEA500C50F1000041EB045170BDC5
:100990000EF0004E4EEA113114EB5C04C2BFD4EBF2
:1009A0000C0541EA045170BD41F480114FF0000E76
:1009B000013C90E645EA060E8DE60CEA135594EAF2
:1009C0000C0F08BF95EA0C0F3FF43BAF94EA0C0FF5
:1009D0000AD150EA01347FF434AF95EA0C0F7FF46A
:1009E00025AF104619462CE795EA0C0F06D152EABE
:1009F00003353FF4FDAE1046194622E750EA4106A2
:100A000018BF52EA43067FF4C5AE50EA41047FF4B2
:100A10000DAF52EA43057FF4EBAE12E74FF0FF3C17
:100A200006E000BF4FF0010C02E000BF4FF0010CE8
:100A30004DF804CD4FEA410C7FEA6C5C4FEA430C61
:100A400018BF7FEA6C5C1BD001B050EA410C0CBFB0
:100A500052EA430C91EA030F02BF90EA020F002012
:100A6000704710F1000F91EA030F58BF994208BF79
:100A700090422CBFD8176FEAE37040F00100704736
:100A80004FEA410C7FEA6C5C02D150EA013C07D18D
:100A90004FEA430C7FEA6C5CD6D152EA033CD3D0D8
:100AA0005DF8040B704700BF8446104662468C46D2
:100AB0001946634600E000BF01B5FFF7B7FF002805
:100AC00048BF10F1000F01BD4DF808EDFFF7F4FF2E
:100AD0000CBF012000205DF808FB00BF4DF808EDB9
:100AE000FFF7EAFF34BF012000205DF808FB00BFDC
:100AF0004DF808EDFFF7E0FF94BF012000205DF8FE
:100B000008FB00BF4DF808EDFFF7CEFF94BF0120B2
:100B100000205DF808FB00BF4DF808EDFFF7C4FFAB
:100B200034BF012000205DF808FB00BF4FEA410CF4
:100B30007FEA6C5C02D150EA013C0AD14FEA430CD7
:100B40007FEA6C5C02D152EA033C02D14FF0000014
:100B500070474FF0010070474A0011D212F50012A1
:100B600011D20DD56FF47873B3EB62520ED44FEA05
:100B7000C12343F0004343EA505323FA02F0704785
:100B80004FF00000704750EA013002D14FF0FF30C3
:100B900070474FF0000070474FEA4102B2F1E04366
:100BA00024BFB3F5001CDCF1FE5C0DD901F0004C54
:100BB0004FEAC0024CEA5070B2F1004F40EB8300A4
:100BC00008BF20F00100704711F0804F21D113F1D0
:100BD0003872BCBF01F00040704741F480114FEA09
:100BE0005252C2F11802C2F1200C10FA0CF320FA92
:100BF00002F018BF40F001004FEAC1234FEAD323AF
:100C000003FA0CFC40EA0C0023FA02F34FEA430318
:100C1000CCE77FEA625307D150EA01331EBF4FF0A1
:100C2000FE4040F44000704701F0004040F0FE40BC
:100C300040F40000704700BF80F0004002E000BFB9
:100C400081F0004142001FBF5FEA410392EA030FB7
:100C50007FEA226C7FEA236C6AD04FEA1262D2EB01
:100C60001363C1BFD218414048404140B8BF5B4206
:100C7000192B88BF704710F0004F40F4000020F09F
:100C80007F4018BF404211F0004F41F4000121F0B5
:100C90007F4118BF494292EA030F3FD0A2F10102FF
:100CA00041FA03FC10EB0C00C3F1200301FA03F13D
:100CB00000F0004302D5494260EB4000B0F5000F60
:100CC00013D3B0F1807F06D340084FEA310102F11F
:100CD0000102FE2A51D2B1F1004F40EBC25008BFD1
:100CE00020F0010040EA03007047490040EB00009B
:100CF000013A28BFB0F5000FEDD2B0FA80FCACF19C
:100D0000080CB2EB0C0200FA0CF0AABF00EBC250C8
:100D100052421843BCBFD0401843704792F0000FB6
:100D200081F4000106BF80F400000132013BB5E709
:100D30004FEA41037FEA226C18BF7FEA236C21D07F
:100D400092EA030F04D092F0000F08BF08467047E4
:100D500090EA010F1CBF0020704712F07F4F04D1B2
:100D6000400028BF40F00040704712F100723CBFC5
:100D700000F50000704700F0004343F0FE4040F4EF
:100D8000000070477FEA226216BF08467FEA2363AD
:100D90000146420206BF5FEA412390EA010F40F498
:100DA000800070474FF0000304E000BF10F00043E4
:100DB00048BF40425FEA000C08BF704743F09643CB
:100DC00001464FF000001CE050EA010208BF7047E6
:100DD0004FF000030AE000BF50EA010208BF70476D
:100DE00011F0004302D5404261EB41015FEA010C82
:100DF00002BF84460146002043F0B64308BFA3F17A
:100E00008053A3F50003BCFA8CF2083AA3EBC2535B
:100E100010DB01FA02FC634400FA02FCC2F120027A
:100E2000BCF1004F20FA02F243EB020008BF20F0B1
:100E30000100704702F1200201FA02FCC2F1200217
:100E400050EA4C0021FA02F243EB020008BF20EA0C
:100E5000DC7070477BB972B90029BEBF00204FF02B
:100E6000004106E008BF00281CBF6FF000414FF0B2
:100E7000FF3000F0D3B9ADF1080C6DE904CE0029C4
:100E800009DB002B1ADB00F04DF8DDF804E0DDE9AA
:100E9000022304B07047404261EB4101002B1BDB91
:100EA00000F040F8DDF804E0DDE9022304B0404240
:100EB00061EB4101524263EB43037047524263EBE3
:100EC000430300F02FF8DDF804E0DDE9022304B06D
:100ED000404261EB41017047524263EB430300F033
:100EE00021F8DDF804E0DDE9022304B0524263EBAF
:100EF0004303704753B94AB9002908BF00281CBFF3
:100F00004FF0FF314FF0FF3000F088B9ADF1080C21
:100F10006DE904CE00F006F8DDF804E0DDE9022317
:100F200004B070472DE9F047089D0F4604468C46F3
:100F3000002B48D18A42164661D9B2FA82F34BB1EE
:100F4000C3F1200201FA03FC20FA02F29E4042EAB9
:100F50000C0C9C404FEA164EB7B2BCFBFEF1220CC3
:100F60000EFB11CC42EA0C4201FB07F0904209D97A
:100F7000B21801F1FF3C80F0EE80904240F2EB802D
:100F800002393244121AA4B2B2FBFEF00EFB102258
:100F900044EA024400FB07F7A74209D9341900F1DB
:100FA000FF3280F0DA80A74240F2D7803444023822
:100FB00040EA0140E41B00211DB1DC400023C5E9EB
:100FC0000043BDE8F0878B4206D90DB1C5E90001A9
:100FD00000210846BDE8F087B3FA83F1002948D123
:100FE000BB4202D3824200F20781841A67EB0302FC
:100FF00001209446002DE4D0C5E9004CE1E7002A29
:1010000000F09280B2FA82F3002B40F0A8808A1A96
:101010004FEA164E1FFA86FC0121200CB2FBFEF7A8
:101020000EFB172240EA02420CFB07F0904207D960
:10103000B21807F1FF3802D2904200F2E280474630
:10104000121AA4B2B2FBFEF00EFB102244EA0244D4
:101050000CFB00FCA44507D9341900F1FF3202D281
:10106000A44500F2CB801046A4EB0C0440EA0740F4
:10107000A2E7C1F120068B4022FA06FC4CEA030CE1
:1010800007FA01F420FA06F3F7404FEA1C4923431C
:1010900000FA01F81FFA8CFEB7FBF9F01C0C09FBF3
:1010A000107744EA074400FB0EF7A74202FA01F268
:1010B0000AD91CEB040400F1FF3A80F09B80A742A0
:1010C00040F2988002386444E41B9FB2B4FBF9F309
:1010D00009FB134447EA044403FB0EFEA64509D965
:1010E0001CEB040403F1FF3780F08280A6457FD912
:1010F000023B644443EA0040A4EB0E04A0FB02E779
:10110000BC427346B94663D360D05DB1B8EB03020D
:1011100064EB090404FA06F622FA01F31E43CC40FC
:10112000C5E9006400214CE76208480842EAC17141
:101130000B0C43EA00438AB242EA0342B3FBF6F1E6
:10114000E407B4463746B6461F23B0FBF6F0D21B81
:1011500041EA004161E7614614E7104628E7C3F120
:10116000200120FA01F29E4027FA01F19F403A4304
:101170004FEA164E1FFA86FCB1FBFEF70EFB171066
:10118000110C41EA004107FB0CF8884504FA03F40E
:101190003AD9711807F1FF3001D288451FD8A1EB69
:1011A0000801B1FBFEF808FB0CF70EFB181192B218
:1011B00042EA0142BA422FD2B21808F1FF31C6D238
:1011C000BA42C4D2A8F102013244C0E7F0459CD231
:1011D000BEEB020367EB0C070138B94695E7A6EBB7
:1011E00008084144B81EB1FBFEF808FB0CF7DCE729
:1011F0003B467FE7504667E70846FBE63444023843
:1012000032E7023F32441BE7A1EB08013846B1FB4D
:10121000FEF808FB0CF7C8E7414698E7704700BFA7
:1012200007F048B807F09AB807F0B6B8004870471A
:10123000A005010800487047AC0501080048704748
:10124000C90501080B480C4B0C4A10F8011B11B1E1
:101250004B405343F9E783F0FF03094907485343E1
:1012600011F8012B12B153404343F9E783F0FF0318
:1012700058437047A0050108C59D1C8193010001DA
:10128000AC05010808B5054800224FF4006108F0DC
:10129000AFFBBDE8084001F09FBE00BF0000024068
:1012A00008B5054800224FF4006108F0A1FBBDE835
:1012B000084001F091BE00BF000002400248012238
:1012C000402108F095BB00BF000402400248002204
:1012D000402108F08DBB00BF0004024037B5002359
:1012E00004460D46ADF80430FFF7F0FFD2238DF829
:1012F000003012488DF801400A230222694609F0A5
:1013000065FE0446FFF7DAFF34B1032C0CBF02245C
:101310000324204603B030BDFFF7D8FF07480A2357
:10132000022201A909F0EFFF0446FFF7C7FF002CD6
:10133000EBD19DF805302B70EBE700BF580600207D
:10134000084B834210B50BD1074C2378012B07D1F2
:10135000064B5A68064B1A60FFF7B0FF0223237052
:1013600010BD00BF5806002080000020001000E0E3
:101370007C000020084B834210B50BD1074C23782A
:10138000012B07D1064B5A68064B1A60FFF796FFF0
:101390000323237010BD00BF5806002080000020EA
:1013A000001000E07C00002000487047E0050108C4
:1013B00007EE900A9FED057A9FED050AF8EE677A31
:1013C00067EE877A27EE800A704700BF0000B443BB
:1013D0000000803713B5044610B9002002B010BDDC
:1013E0000DF107011A20FFF779FF0028F5D19DF8CC
:1013F0000730DA092270C3F380026270C3F340023F
:1014000003F00103A270E3700120E7E72DE9F04744
:1014100007460C4619B100230B604B608B60002F10
:101420006DD0384B5968384B1A68536A1CB1238108
:1014300001232160A372354E317801F0FF0319B109
:1014400003252846BDE8F0873149DFF8C880DFF87A
:10145000D4900B70C9F800304B7088F8003088F8D1
:101460000130012333703CB1264B5B682360536A23
:10147000238140F201136381FFF728FF254A2449A5
:101480002548022309F0DCFF054638B1FFF716FFB7
:101490000023032D3370D3D10225D2E7DFF864A0F7
:1014A0001E4B1F4A1B68DAF80410B3FBF2F342F23A
:1014B000107253433278012A0ED03378DBB214B164
:1014C000D9F8002062600022022B3270B8D1B8F83F
:1014D00000305BBA3B80B4E7DAF80420521A93423A
:1014E000E8D804230C4833700AF02EF8FFF7E6FE24
:1014F00014B1DAF80430636000233370CCE70125BF
:101500009FE700BF001000E0500500208000002091
:1015100083000020810000205806002000000020E9
:1015200040420F007C00002009B1FFF7D7BE012028
:10153000704700001FB5D723ADF808300023ADF881
:101540000C30FFF7C3FE0A23009303AA022302A96B
:10155000054809F0E8FD0446FFF7B0FEB4FA84F050
:10156000400904B010BD00BF5806002013B5002389
:10157000044601A80193FFF72DFF30B914B90020EC
:1015800002B010BD01982060F9E79DF805302BB935
:101590009DF8063013B99DF8073033B1FFF7CAFF45
:1015A00001A8FFF717FF0028E8D00CB101982060D0
:1015B0009DF8043063B99DF8050058B99DF80630D0
:1015C0001BB99DF8070080F0010000F00100D7E78B
:1015D0000020FAE71846F8E730B548B100230024A8
:1015E0000025C0E90245C0E90433037043808361EC
:1015F00030BD70B5049D002838D0002D36D0002BAA
:1016000034DB047864B901230370436941800133FA
:10161000C0E902140261436129606C60002070BD62
:1016200044880C1BB4F5004F0CDDA4F5803484EA2B
:10163000E476A6EBE476B3420ADA83690133836188
:101640000420ECE714F5004FB8BF04F58034EEE752
:10165000D0E90236026142694180E31846EBE47446
:101660000132C0E9023442612B60D6E70120D6E79F
:101670002DE9F7430446002800F08680342200213B
:101680000DF076F8002001A98DF804008DF8050012
:101690008DF80600FFF722FE04F10806002843D06B
:1016A00000259DF805209DF8043043EA022363805D
:1016B0004FF000089DF80630A371A4F82A80B146C7
:1016C00020270DF1070138468DF80780FFF706FE49
:1016D00010B18DF8078000259DF8073009F8013F0B
:1016E00013B1638D013363850137FFB2402FE8D119
:1016F000264904F128074FF0FF3316F8012F082080
:10170000534043F300020A40013882EA5303F8D100
:10171000B742F2D1DB43E36225706DBB84F83050F1
:10172000052003B0BDE8F0830DF105010120FFF7AE
:10173000D5FD0028B4D1211D0920FFF7F5FE0028B2
:10174000AED1611D0D20FFF7EFFE0028A8D10DF1ED
:1017500006011A20FFF7C2FD0028A1D1E11D1C20BF
:10176000FFF7E2FE00289BD131461F20FFF7DCFE89
:10177000B0FA80F56D0994E7638D002B14BF022346
:10178000012384F83030CCE70120CAE72083B8ED8C
:10179000024678B103786BB190F8301051B183797B
:1017A00013F0870008D1012908D1538D002B18BFF1
:1017B00003207047012070470220704703207047C4
:1017C00038B505460C46FFF7E3FFE8B9ECB16A8887
:1017D00023889A421BD12A79A3789A4219D16A792F
:1017E000E3789A4217D1AA7923799A4215D1EA79F6
:1017F00063799A4213D12A7AA3799A4211D1EA6A7B
:10180000A3689A4218BF0B2038BD0420FCE70520CE
:10181000FAE70620F8E70720F6E70820F4E70920B2
:10182000F2E70A20F0E700000B289ABF024B53F8BA
:1018300020000248704700BF14430108FC0501085E
:101840002DE9F04F95B00021342207A80CF090FF4D
:10185000012605233E4A8DF8213007A812928DF803
:101860001C608DF84C60FFF793FF3A4A044607CAA4
:1018700004AD85E80700294607A8FFF7A1FF00216E
:10188000039007A8FFF79CFF2946834607A8ADF8F9
:101890001E60FFF795FF00272946824607A8ADF88E
:1018A0001E708DF82060FFF78BFF4FF48061ADF85C
:1018B00020108146294607A8FFF782FF05238DF8EF
:1018C000213029460823804607A88DF82230FFF7EB
:1018D00077FF4FF480710290ADF8221007A82946D7
:1018E000FFF76EFF2946019007A88DF823708DF849
:1018F0002460FFF765FF039A8DF8247001461648AF
:10190000129044EA020010F0FF001ED1BBF1040F58
:10191000029B17D1BAF1050F14D1B9F1060F11D1FD
:10192000B8F1070F0ED1082B0CD1019B092B09D15F
:101930000A2907D1294607A8FFF742FFA0F10B03A8
:101940005842584115B0BDE8F08F3846FAE700BF5D
:10195000AD550A19E8040108AC550A19074AD2F82E
:10196000FC3043F08073C2F8FC30054B00225A6013
:101970001A6842F001021A60704700BF00ED00E0F3
:10198000001000E008B5FFF799FCBDE80840FFF73C
:10199000E5BF0000034B044A1B68B3FBF2F3584356
:1019A000704700BF0000002040420F0070B50446A1
:1019B000049868B1002B0CDA561E63F10045A6426C
:1019C0008D410FDBA41A61EB0301C0E90041012046
:1019D00070BD52EA0305F5D003F10045944271EB66
:1019E0000505EEE70020F3E72DE9F0410546012467
:1019F0008C4201D3BDE8F08155F8087F6E682B4614
:101A0000224653E902EC774576EB0C0805DA013AF9
:101A1000C3E900ECA3F10803F3D100EBC20340F8E3
:101A2000327001345E60E3E7014B5868704700BFD5
:101A3000001000E0034A53685B1A002B00DB70477C
:101A400000BFF8E7001000E0806E7047D0F88C30DF
:101A5000072B9FBF5A1C00EB8303C0F88C20D9666C
:101A6000836E5B1A002BB8BF8166704770B5D0B12A
:101A7000C9B1C2B1D0E91843A34214D25C1C446678
:101A800000EB83050024146094605460AC6914601A
:101A9000C41830F8133094F8586096720B80AB6B12
:101AA0008366207C70BD0120FCE738B504460D46F6
:101AB000902200210CF05CFE25662A4604F15800B5
:101AC0000121BDE838400CF053BE08461146FFF72F
:101AD0009DBC10B5044640B1382200210CF048FEF0
:101AE0002046BDE81040FFF777BD10BD2DE9F04757
:101AF00089468AB090461C460546002866D0002BD1
:101B000064D0002A62D0002960DB20220021184620
:101B100001260CF02DFE4FF0000A267707AF2B6A46
:101B2000ADF80EA00133012E2B62C7E900AAC7F859
:101B300008A0667706D9AB6A0133AB62A37F43F096
:101B40000103A37739460DF10E00FFF75FFC8446D1
:101B500097E8070004F1100383E80700604690B19E
:101B6000EB6A0133EB62A37F43F002030136F6B266
:101B7000B045A3772077D2D243F00803A3776B6BED
:101B800001336B631FE000220023CDE9042304AB83
:101B90000093079ABDF80E104B462846FFF729FD23
:101BA00030B12B6B01332B63A37F43F00403DDE7DC
:101BB000BDF80E302380DDE904232077C4E9022339
:101BC0006B6A01336B620AB0BDE8F0870120FAE767
:101BD00008B5FFF701F99FED057A9FED050A07EEBD
:101BE000900A67EE877A27EE800A08BD0000B443AA
:101BF000000080372DE9F843089F84460020B7B3E2
:101C0000012A73F100051DDBB1F1004F08BF8445C7
:101C100018D0540844EAC374D4F1FF386FF000457B
:101C200081424FEA630EA5EB63050DDBE0458D4174
:101C300008DB1CEB04004EEB0101FFF70BF9C7E9D1
:101C400000010120BDE8F883DCF1000961EB4106E9
:101C5000C845B541F6DBB4EB0C006EEB0101FFF7B4
:101C6000F9F8404261EB4101C7E90001E9E7384674
:101C7000E8E7F7B50346084661B192B3490803EBBC
:101C8000C10510F0010053F83130696804D0C2E991
:101C90000031012003B0F0BD012B55E9024671F17E
:101CA000000512DBDD43A5426FF00045A5EB010501
:101CB000B541EFDBE01800924FF000034FF0020255
:101CC00046EB0101FFF796FFE4E753EA0105F1D087
:101CD0005F424FF0004565EB0105BC4276EB050520
:101CE000E7E71046D6E72DE9FF419446DDE90A27EC
:101CF0000C9E044688461AB9002004B0BDE8F08165
:101D0000002FF9D0002EF7D000200021CDE90201EC
:101D10004FF0FF3003F500454FF6FF71604571EB62
:101D20000505E9D308F50045A042A941E4D319040B
:101D300002AB00934FEA0C40002341EA1C41FFF73D
:101D400059FF0028D8D0DDE90232012B4FEA0841C3
:101D500072F1000541EA14414FEA04440FDBDD4310
:101D6000A5426FF00045A5EB02058D41C4DBC7E934
:101D700000321B1942EB0102C6E90032BDE753EA0B
:101D80000205F4D0D3F1000C4FF0004565EB0205DD
:101D9000644571EB0505E9E72DE9F04385B0DDE920
:101DA0000C540E9EDEB104F500474FF000084FF0D2
:101DB0000009B7F5803FCDE9028910D202AF009744
:101DC000FFF7F4FD58B1DDE9020123042A0443EAD8
:101DD00015430C9605B0BDE8F043FFF7E7BD0020C2
:101DE00005B0BDE8F08300002DE9F04F2DED028B2A
:101DF00099B0DDE9245808932A9C289B0D93299BD0
:101E00000C900592099334B19022002120460CF0E9
:101E1000AFFC0123E3700C9B002B00F06082002DCF
:101E200000F05D82B8F1000F00F05982002C00F044
:101E30005682D8F80030002B00F05182D8F80430D8
:101E4000002B00F04C82AB68002B00F04882EA685F
:101E5000934200F244826A69002A40F34082AA69F0
:101E6000002AC0F23C822878012800F2388206D18C
:101E70006A68002A44DDD8F80820002A40D0269A53
:101E800052B1279A934200F22A82402B00F2278215
:101E9000099A002AC0F223824FF0FF306FF0004110
:101EA000C4E9060100204FF00041059AA260C4E990
:101EB00008019FED9B8B0027089AE2602365A770BD
:101EC0003E46BA46D4F85490994511D304F13003F4
:101ED000029304F12803CDE9009305980899D4E909
:101EE0000423FFF700FF002840F01E81207009E165
:101EF000A26DEB689A4208D3002323700720E0709C
:101F000019B0BDEC028BBDE8F08F2B78012B2FD1DF
:101F100094F801B0BBF1000F2ED0A36F6A69F31AD9
:101F2000934203D9002323700820E8E7D8F808304B
:101F3000D8F80C0031469847B146D8F80030D8F8A8
:101F40000C00ADF838A014AA0EA9CDE914AACDF85A
:101F500058A09847A26D511C9DF85A20A1650346D0
:101F600062B9636E84F800A0013363660620C6E799
:101F70004FF00009CB46E0E7D946DEE7149AE26766
:101F8000012945D1A2672978012902D16E686170C3
:101F90001644D8F80420D8F80C0006939047A26F96
:101FA0006969821A8A428346C4F88020BAD8069B9F
:101FB0008DED108B002B40D09A1ED2B2012A02D890
:101FC000E26D0132E2652371A36E0137BB422B69DA
:101FD00038BFA766BB428FD3D4F85490AB689945FD
:101FE000BFF474AF2A78012A7FF46CAFBBEB060B09
:101FF0003FF568AFE26E6968BBFBF1FB0BF1010BCB
:1020000012EB0B02BFF478AFE2660BFB016659E7F7
:10201000BBF1000FBDD0A2EB0901002908DAA9EB42
:102020000201626F8A4238BF61676E684E44B0E752
:10203000FBD0226F01322267F3E710AB0093AB694C
:10204000149ABDF838100C98FFF7D3FA0428034609
:1020500003D1226E01322266B5E70028B3D1DDE953
:102060001023CDE9062312AB0093DDE90601059AA2
:10207000089B8DED128BFFF799FC002840D0DDE91D
:102080001232012B72F10007D4E904102BDBDF437D
:102090008F426FF00047A7EB0207874130DBC9187A
:1020A00040EB0200C4E904102699676D61BBD4E9D6
:1020B0000601834272EB0101D4E90801B8BFC4E90B
:1020C000063298429141B8BFC4E908321FB9DDE930
:1020D0000623C4E91023DDE9062301376765C4E957
:1020E0001223002778E753EA0207D8D0D3F1000C77
:1020F0004FF0004767EB0207614570EB0707CDE73C
:10210000002323700920FAE62799B942CFD92699EE
:10211000269801EBC70140F837304A60C7E700BF97
:102120000000000000000000269B002B00F0B9809A
:1021300009F1FF333F2BC4F8849000F2B280269857
:102140004946FFF751FC4FF0000A4FF0000B0EAA72
:10215000CDE90EABFFF78DFD002800F0A280269D93
:10216000634E05EBC9030C932F460DF15008DDE9D2
:102170000E23CDF80080F7E80201CDE90A23CDE96E
:1021800014ABFFF713FC002800F08F80DDE9143258
:10219000002A02DA5B4262EB4202C6E900320C9B83
:1021A000BB4206F10806E2D151484946FFF71CFC44
:1021B0000026002710AACDE91067FFF75AFD002876
:1021C0006FD0DDE910014B4B83424B4B8B41CDE986
:1021D000126766D340F2072612ABA0FB06070093F6
:1021E0006422002306FB0171FFF704FD002858D08C
:1021F000DDE912AB0D9B9A45099B9FED3B7B7BEB89
:1022000003034FF00007BCBFDDF834A0DDF824B0B5
:102210000697B846B946D5E9006114AB009330463D
:10222000DDE90A2309918DED147BFFF7BFFB08352B
:10223000099900283ED0DDE91432002A02DA5B4217
:1022400062EB42029A457BEB020244DB012E71F104
:10225000000334DBF343BB426FF00043A3EB010305
:1022600073EB08031DDBF619374641EB080809F14B
:1022700001090C9BAB42CED1069BC4E92239B9F1CE
:10228000000F0ED004F13803029314ABCDE9009394
:10229000059808993A464346FFF725FD08B1012302
:1022A000A37001232370002029E64FF0FF336FF065
:1022B000004272E74FF0FF336FF00042C2E756EA88
:1022C0000103D0D072424FF0004363EB0103974209
:1022D00078EB0303C6E7069B01330693C9E70120A9
:1022E0000EE600BFAFF30080000000000000000019
:1022F000880000205E77026D05233F00F0B51F4681
:102300000D4B054616460FCB8DB008AC84E80F0088
:10231000189B0693DDE91623CDE90423149B039350
:10232000139BCDE90143129B009332463B4628465E
:10233000FFF75AFD0DB0F0BDF40401082DE9F04F90
:102340000022ADF5297D0023CDE91423CDE9162324
:1023500016AC022314AD00930294019501220023D0
:1023600064200021FFF7BFFC78B12B68159AA3F514
:10237000004313432ED12368179AA3F5C9031343CF
:102380000CBF012300230A9300E00A90022300936C
:10239000CDE901544FF0FF324FF0FF336FF063008F
:1023A0004FF0FF31FFF79FFCB0B12A68159BB3F1E6
:1023B000FF3F08BF12F5004F40F0A383179B226830
:1023C000B3F1FF3F08BF12F5C90F0CBF0123002373
:1023D0000B9302E00023D6E70B9001220023CDE906
:1023E000182300220023CDE9002318AC4FF4C802C3
:1023F0000023029410461946FFF7CEFC002840F057
:10240000828300230D93CB4BCB4E0FCB1DAD0DF52F
:10241000047885E80F0002214046FFF746FBC74BD2
:1024200084934FF47A714FF48263CDE98A1340F2BA
:10243000ED3040F2154321AFCDE9920340F2E33392
:1024400028A89E93C5F80C80FFF7C6F801233B70BF
:1024500028240223C7E90143C7E903331423C7E94A
:1024600005630022002360AE0024CDE90423CDE9FA
:102470000244CDE9007506966422002328A8FFF7E0
:10248000B3FC90BB347884B3B36D022B40F0588317
:10249000736D022B40F05483F46E002C40F0508397
:1024A000D6E91032643B13431FD1D6E91232653BA3
:1024B00013431AD1D6E90632134316D1D6E90832AE
:1024C000013B134311D1D6E90C32A3F5C9031343E1
:1024D00040F03683A79B012B40F032839F9CA4F5EC
:1024E000826BDBF1000444EB0B0404214046FFF750
:1024F000DCFA934B8493A3F1041385934FF47A7C15
:102500004FF48263CDE98AC34FF4876E4FF48C6336
:10251000CDE98CE340F2ED3940F21543CDE99293D9
:1025200040F23D4A40F26543CDE994A328A840F229
:10253000E3339E93FFF750F80423C7E902333B616E
:10254000002200234FF00009CDE90423CDE90299D0
:10255000CDE9007506966422002328A8FFF744FC05
:10256000002840F0EF82D6E90623B3F1FF3F08BF11
:1025700012F1040F40F0E982D6E90832043B13431C
:1025800040F0E382D6E91013D6E912029A4208BF5E
:1025900088420CBF01234B46089304214046FFF7B5
:1025A00084FA664B849303F1021385934FF47A7B8C
:1025B0004FF482634FF48762CDE98AB34FF48C63A2
:1025C000CDE98C2340F2ED3140F21543CDE9921371
:1025D00040F23D4040F26543CDE9940340F2E333DD
:1025E00028A89E934FF00009FEF7F6FF0022002373
:1025F000CDE90423CDE90299CDE900750696642260
:10260000002328A8FFF7F0FB002840F0A082D6E9BD
:102610000632134340F09E82D6E90832033B13434F
:1026200040F09882D6E91232D6E910105B1AA3F175
:10263000030362EB000213430CBF01234B460993D3
:1026400003214046FFF731FA6423ADF812326623C6
:102650004FF47A7CADF814324FF48263CDE98AC32B
:102660004FF487638C9340F2ED3940F21543CDE986
:10267000929340F23D430226949328A840F2E3331C
:102680008DF820629E9360AFFEF7A6FF4FF0000921
:1026900021AB032200200021CDE92422CDE9040151
:1026A000CDE90035CDE9029906976422002328A8D8
:1026B0002396FFF799FB0646002840F04D829DF8CF
:1026C0008131002B00F04A82769B032B15D1759B3C
:1026D000022B12D1779B012B0FD19DF88431022B55
:1026E0000BD1A79B022B08D19F9BB3F5826F04D11E
:1026F000A09EA6F587677E427E4103214046FFF7F4
:10270000D4F90E4B84936623ADF814324FF47A7BE0
:1027100040F26543CDE98AB34FF4916340F2ED3165
:102720008C9340F26A43CDE9921340F28D43949327
:1027300028A807E004050108A086010064006500E0
:102740006400680040F2E3339E930DF5C079FEF714
:1027500043FF4FF0000A21AB032200200021CDE906
:102760000401CDE900352392CDE902AACDF81890F5
:102770006422002328A8FFF737FB0746002840F013
:10278000EF817B9B022B13D17C9B012B10D17D9B76
:10279000552B0DD1A79B022B0AD19F9BB3F5826FBE
:1027A00006D1A09FA7F5916ADAF1000747EB0A0767
:1027B00002214046FFF779F9BA4B84936FF00F0E70
:1027C0001023CDE98AE36FF00A081523CDE992833F
:1027D00028A86FF01F039E934FF02009FEF7FCFE20
:1027E0000222CDE9229221AB00200DF5C078002114
:1027F0004FF00009CDE92422CDE90401CDE90035EF
:10280000CDE90299CDF818804FF6FE72002328A872
:10281000FFF7EAFAB8B9809B252B40F0A3817B999A
:10282000002940F09F81DDE97032A3F57F43FE3B34
:10283000134340F09981DDE97232A3F10113134390
:1028400008BF4FF00109082184A8FFF72EF9964B25
:102850008493013B8593954B86930DF5097803F599
:102860008013879342464FF47A7342F8043F591D10
:102870002833B3F5A56F1162F7D140F2E33328A8EE
:102880009E932825FEF7A8FE0822CDE92252CDE925
:102890002422039230AA21AB0020002102920DF5E0
:1028A000C07A1DAACDE90032CDE90401CDF818A007
:1028B0006422002328A8FFF797FA0546002840F075
:1028C00055819DF88231002B00F05281819B082BAD
:1028D00015D1829B012B12D1839B072B0FD1DDE9F0
:1028E0006E32A3F5C803134309D1DDE96C32A3F5B9
:1028F000CB03A3F5C04313430CBF012500250821DA
:1029000084A8FFF7D2F84FF06413CDE9843386939F
:1029100003F58033879342464FF47A7342F8043FBD
:10292000591D2833B3F5A56F1162F7D140F2E33397
:1029300028A89E93FEF750FE00220023CDE9042331
:102940000823039340AB02931DAB0DF5C07A0193AE
:1029500021AB0093CDF818A06422002328A8FFF72C
:1029600043FA002840F006819DF882313BB1829BFA
:10297000012B40F00181839BD81F434243410C93BC
:10298000082184A8FFF791F84FF06413CDE9843350
:10299000869303F5803387934FF47A7348F8043FA6
:1029A0005A1D2833B3F5A56FC8F82020F6D10DF1D4
:1029B000A00840F2E33340469E93FEF70DFE092245
:1029C0000023CDE904230823039350AB02931DABEE
:1029D0000DF5C07B019321AB0093CDF818B06422B4
:1029E00000234046FFF700FA002840F0C7809DF81A
:1029F0008231002B00F0C280829B002B40F0C1800E
:102A0000839BA3F10801D1F1000A4AEB010A404679
:102A1000FEF7E2FD00220023CDE91A230DF1680B39
:102A20000A231A466421CDF800B04046FEF7E1FDC6
:102A3000B8F802300F93D8F808301293D8F80C3059
:102A40001393D8F810301093D8F814300E901193D7
:102A5000CDF800B00A231422C8214046FEF7C9FD74
:102A6000042840F09080B8F802300F9A934240F06A
:102A70008A80D8E90223DDE91210834208BF8A4226
:102A800040F08180D8F81030109A93427BD1D8F86A
:102A90001430119A934276D1D8F818305A1E534206
:102AA000534105E0FEFF010064006500640063001F
:102AB0000A9A002A69D00B9A002A68D00D9A002A37
:102AC00067D0002C67D0089A002A66D0099A002A9D
:102AD00065D0002E65D0002F65D0B9F1000F64D00D
:102AE0004DB10C9A12EA0A0505D00E9A002A14BFBD
:102AF000002503F0010505F001000DF5297DBDE875
:102B0000F08F002364E42368199A13437FF479ACAF
:102B10004FF480320023CDE9002302944FF4C80221
:102B200000234FF4C8000121FFF736F900283FF4D5
:102B300068AC2368199A13430CBF0123002361E496
:102B40000024D2E4CDF8209027E5089025E5CDF8C3
:102B5000249075E5099073E54E46CEE51E46CCE51A
:102B6000574625E681466EE689466CE60025C6E6B0
:102B70001D46C4E6002302E70C9001E74FF0000A6F
:102B800045E7824643E7002392E70A9DB3E70B9DA2
:102B9000B1E70D9DAFE72546ADE7089DABE7099D81
:102BA000A9E73546A7E73D46A5E74D46A3E700BFA1
:102BB0002DE9F04F2DED048BADF5217D1AA8FEF720
:102BC00088FFFEF7F1FB354A0346602128A80BF089
:102BD0005DFD5F28A8BF5F2082B228A9322330485C
:102BE00009F03AFCFEF722FB0446FEF723FB0546FC
:102BF000FEF724FB0646FEF725FB2A4B0746D3F8D3
:102C00000080FEF7D1FB284A0095CDE903802346DA
:102C10004FF48071CDE9016760A80BF037FDFF2804
:102C2000A8BFFF2082B232231D4860A909F014FC1E
:102C30001E481F4C012106F0D5FE00280CBF0125BF
:102C4000002503D123780BB9FEF7ECFA194825705B
:102C50004FF4804106F0D1FEFEF7E6FA18B1C82025
:102C600009F081FEE4E712AC234603224FF4004151
:102C70001AA8FEF73BFF074610B3A37F0193637FBB
:102C800000930D4A0346602140A80BF0FFFC32235D
:102C900082B240A9024809F0DFFBE0E7F406010830
:102CA00038040020000000200F0701080000024047
:102CB000B302002000080240910701080000C8424A
:102CC00026885FED028A3046FEF772FBB6EE008A78
:102CD000F0EE487AE0EE287A11AD28461197FCEE26
:102CE000E77A17EE904AFEF775FB9DF844309DF8A1
:102CF00045209DF846109DF8475018B113B90AB900
:102D000001B9BDB1CDE903326422B4FBF2F302FB99
:102D10001344CDE90515CDE900349B4A02903346B2
:102D2000802140A80BF0B2FC322382B240A9974820
:102D300009F092FBDFF87CB295499BF80040954A78
:102D4000DFF87482DFF87492934DDFF874A2002CE0
:102D500040F0F4809FED8A7B01238BF800308F4B8D
:102D60000E8083ED007B8AED007B8D4B1460C8F8EC
:102D70000040C9F800402C601C60D8F80030A34225
:102D8000B8BFC8F800402046FDF7CCFBDAE90023C5
:102D900006460F46FDF77AFACAE90001DFF8FCA102
:102DA000CDE90E0132463B4630463946FDF724FC5C
:102DB000DAE90023FDF76AFA06460F46CAE900671A
:102DC000DFF8DCA1DAF8000001301828CAF80000AA
:102DD0007FF645AFFDF796FB02460B46CDE90C01A9
:102DE000DDE90E01FDF732FDDDE90C23CDE90E0131
:102DF00030463946FDF72AFDDDE90E2306460F462B
:102E000010461946FDF7F8FB02460B463046394698
:102E1000FDF73AFA02460B4643EC192B0022002339
:102E2000FDF77AFE002800F0A280B0EE490AF0EE2D
:102E3000690A0CF089F957EC106BD9F80030D8F812
:102E40000000C01A2B6840F2DA22934200F392800D
:102E500004F6396841F6724398458CBF4FF000087C
:102E60004FF0010880B2FEF7A3FAB0EE489A4D4B3E
:102E7000002230463946A0EE289AFDF707FAFDF702
:102E80006BFE80B2FEF794FAF0EE487AE0EE287A14
:102E90002888BCEEC99AFCEEE77A17EE907AFEF726
:102EA00087FAF0EE487AE0EE287A002CA0B2B8BF9C
:102EB0004042FCEEE77AB8BF80B217EE909AFEF778
:102EC00077FAA0EE288A64233748B7FBF3F6FCEEC6
:102ED000C87A03FB1671354FCDF8288017EE90CADB
:102EE00030EA240028BF384619EE102ADAF80040EC
:102EF0000994B9FBF3F403FB1497B2FBF3F5CDE9A6
:102F00000747BCFBF3F403FB152203FB14C3CDE915
:102F10000310CDE90543CDE901260523244A009598
:102F2000802140A80BF0B2FB322382B240A917489F
:102F300009F092FA00238BF8003090E60C880E809E
:102F4000341B116823B2002B01FA84F4B8BF5B4232
:102F500014602A689BB29A4207DBD9F800309C4281
:102F6000BFF60BAFC9F8004007E72B60F5E7002676
:102F7000002762E74FF0000874E700BFAFF300805E
:102F80000000000000000000D40701083804002001
:102F9000B0020020AC020020A0020020900200201D
:102FA000880200200000E03FFF3A0108F206010815
:102FB0002C080108B2020020A8020020A402002070
:102FC000980200200268034B9A4201D106F024B80F
:102FD000704700BF0020004007B572B6064C074896
:102FE0004FF4005106F009FD00230193019BA34219
:102FF000F5D8019B0133F8E71FA107000008024044
:1030000010B594B0102200210AA80BF0B1FB1422D5
:10301000002103A80BF0ACFB1F4B002101911A6C9F
:1030200042F080521A641B6C03F080530193019BA1
:103030001A4B02911A6842F480421A601B6803F42A
:1030400080430293029B01214FF480330224CDE997
:1030500008134FF48003CDE90E43A822042308A8E7
:10306000CDE91032CDE9124307F0B8FB08B1FFF704
:10307000B3FF0F23CDE9033405904FF4A0524FF472
:103080008053052103A8CDE9062307F083FD00281E
:10309000EDD114B010BD00BF0038024000700040F8
:1030A00080B5BAB000246D4D05F09CFFFFF7A8FF76
:1030B0001422002132A80BF05BFB02942B6B6848B2
:1030C00043F004032B632B6B03F004030293029B76
:1030D00003942B6B43F080032B632B6B03F0800373
:1030E0000393039B04942B6B43F001032B632B6B23
:1030F00003F001030493049B05942B6B43F002033C
:103100002B632B6B03F00203224605934EF207015B
:10311000059B06F06DFC224652484FF4006106F014
:1031200067FC22465048402106F062FC01264EF220
:1031300007034B4832A9CDE93236CDE9344406F0D5
:1031400079FB4848349632A9CDE9326406F072FB27
:103150004FF40063434832A9CDE93236CDE9344417
:1031600006F068FB4023404832A9CDE93236CDE96C
:10317000344406F05FFB00942B6B43F400132B6385
:103180002B6B03F400130093009B01942B6B43F40F
:1031900080032B632B6B03F48003224605210193EC
:1031A0000C20019B06F026F90C2006F055F922466A
:1031B00005210E2006F01EF90E2006F04DF92246DC
:1031C0000521102006F016F9102006F045F92246D8
:1031D0000521112006F00EF9112006F03DF92246D6
:1031E00005212F2006F006F92F2006F035F922469A
:1031F0000521382006F0FEF8382006F02DF9224689
:1032000005213A2006F0F6F83A2006F025F9224684
:1032100005213B2006F0EEF83B2006F01DF91022B8
:10322000214618A80BF0A4FA104A114B13604FF472
:103230008033C2E9013482F820400E4BD462D4605E
:1032400010460224166116769362D46182F83060CB
:10325000566105F0F3FE78B1FFF7BEFE003802407C
:10326000000802400000024000040240180800204C
:10327000002001400100000F0523C8481A9318A937
:10328000CDE9186606F012F80028E5D1C3480426F7
:1032900018A9CDE9186406F009F805460028DBD125
:1032A0000146102214A80BF063FA1C22294623A819
:1032B000CDE90A550BF05CFA2022294632A80BF022
:1032C00057FAB74CB74BA560C4E90035204640F625
:1032D0006A03C4E90335C4E905550AAF08F084FC64
:1032E0000028B9D14FF4805314A92046149308F054
:1032F00055FE0028B0D1204608F0A2FC0028ABD132
:10330000CDE90A003946204608F050FF0246002861
:10331000A2D17023CDE92330CDE92500CDE92700E6
:10332000299023A9204608F013FD002894D13246A5
:1033300023A9204608F00CFD00288DD1082223A9DE
:10334000204608F005FD002886D100234FF40052E6
:1033500032A92046CDE93233CDE934333693379262
:10336000399308F061FF054600287FF475AF2046C9
:1033700005F0F6FB102229460CA80BF0F9F98A4C4F
:103380001022294610A8CDE908550BF0F1F94FF0AD
:103390008043C4E9003520464FF0FF33C4E90335CC
:1033A00008AEA560A56108F01FFC00287FF454AFAB
:1033B0004FF480530CA920460C9308F0EFFD002831
:1033C0007FF44AAF204608F067FC00287FF444AF42
:1033D000CDE908003146204608F0E8FE0246002804
:1033E0007FF43AAF0123CDE911301090139010A96A
:1033F000204608F03DFD00287FF42EAF0223042272
:1034000010A92046CDE9103308F032FD034600280C
:103410007FF422AF6548DFF8C8C1654A03624FF404
:103420008044C0E90233C0E90443C0E90633C0E97F
:1034300000C206F0EBFA034600287FF40DAF5D48AA
:103440005D4F03614FF46122C0E900720C22C0E9B4
:103450000233C0E90523C36108F0D0FF034600280A
:103460007FF4FAAE5548564E564A0362C0E90062F0
:10347000C0E90233C0E90443C0E9063306F0C6FAE6
:1034800000287FF4E9AE5049504B0B604FF4827036
:10349000002301220224C1E90103C1E90442CB60F7
:1034A0004FF4007518220B624B628B6208460A23A8
:1034B000C1E90652CB6207F02DFD054600287FF4D6
:1034C000CBAE0146CDE906001C221CA80BF050F93A
:1034D000294620222AA80BF04BF93D4C3D49A56016
:1034E0005323C4E90013204640F2E733C4E903350F
:1034F000C4E9055506AE08F0A3FB00287FF4ACAE86
:10350000CDE906003146204608F050FE024600286C
:103510007FF4A2AE6023CDE91C30CDE91E00CDE9D9
:10352000200022901CA9204608F012FC00287FF4FD
:1035300093AECDE92A00CDE92C002E904FF4005334
:1035400031902AA920462F9308F06EFE05460028E8
:103550007FF482AE204605F003FB1F481F4A056139
:103560004FF46123C0E900230C23C0E90255C0E9F0
:103570000535C56108F042FF044600287FF46CAEB3
:10358000FEF700FAFEF75CF900283FF465AEFEF79F
:10359000D5FE00283FF460AE24E000BF18080020EC
:1035A0005005002000000140080500201007002001
:1035B000A086010038040020004800406407002075
:1035C00000540040801A06005806002000300140D8
:1035D000C0040020000401407C040020004400409E
:1035E0000058004000F01CF800F048F800283FF4B4
:1035F00033AE09F03FF9074A0748214609F06DF953
:10360000064B1860FDF70CFE00283FF425AE09F0CC
:1036100043F9FEE744430108B12B0008B40200203F
:1036200008B500F0B3F90448044904F0C3FEBDE84E
:1036300008400348FEF74DBA980800206843010887
:103640006008002000F046B900F054B900F062B9FB
:1036500008B5044804F0A6FEBDE808400248FEF79D
:1036600038BA00BF980800206008002008B5FFF7AE
:10367000EFFFBDE8084000F081B9000070B52DED06
:10368000068B84B004F038FF00284AD0284C294D1E
:103690002046B0EE000A04F09FFE0123B6EE000AB9
:1036A0007B202B706B6200F035F9FFF7DFFF94EDA4
:1036B00007AAD4ED089A94ED099AD4ED0A8A94EDFC
:1036C0000B8A2E786C6A01A800F086F9B5EE40AA44
:1036D000F1EE10FABDF80420DDED027A9DF80C3011
:1036E00023D1F5EE409AF1EE10FA1ED1B5EE409AD4
:1036F000F1EE10FA19D1F5EE408AF1EE10FA14D17C
:10370000B5EE408AF1EE10FA0FD176B96CB962B914
:10371000F5EE407AF1EE10FA07D183F0010000F0E7
:10372000010004B0BDEC068B70BD0020F7E700BFC0
:1037300098080020600800201FB50446D8B10F4B40
:10374000DA6902601A6A42605A6A82609A6ADB6ABF
:1037500003610B4BC2601A785B6A8361027501A832
:1037600000F03AF9BDF80430A383029B23629DF870
:103770000C3084F8243004B010BD00BF980800203D
:103780006008002030B52DED028B054689B0B0EE03
:10379000408AC8B31D486B4603224FF40051FEF720
:1037A000A5F9044628BBDDE90201FEF711FADFEDB9
:1037B000187A9FED187A30EE480AB4EEE70AF1EE77
:1037C00010FA1BDCDFED147A9FED127AB4EEE70AF3
:1037D000F1EE10FA15D4114885ED000A04F0FCFD55
:1037E000FDEEC07AB7EE000A17EE903A98B200F0FC
:1037F00091F8204609B0BDEC028B30BD30EE470A8F
:10380000DBE730EE070AE1E70124F2E76008002079
:10381000000034430000B443000034C39808002083
:1038200042F6AB23B0FBF3F202FB130080B2704709
:10383000062070470C20704708B5044804F052FE7B
:10384000FDEEC07A17EE900A08BD00BF9808002070
:1038500000487047B008010808B507EE900A9FEDD0
:10386000197AF8EEE77A2DED028B67EE877AB0EEE3
:10387000408A9FED150A87EE800A0BF0F5FCF6EE04
:10388000007AE0EE277A67EE887AF5EEC07AF1EEFC
:1038900010FA14D4B7EE000AF4EEC07AF1EE10FA82
:1038A000D8BFB0EE670ADFED097A20EE270ABDEC3B
:1038B000028BBCEEC00A10EE103A98B208BD9FED24
:1038C000040AF0E7DB0FC94000AC2A4600A0064519
:1038D0000000000008B5012204484FF4006106F022
:1038E00087F8034B01221A7208BD00BF0000024096
:1038F000C808002008B5002204484FF4006106F013
:1039000077F8034B00221A7208BD00BF0000024086
:10391000C808002070B542F6AB250446B0FBF5F0B0
:1039200005FB10402DED028B80B2B0EE408AFFF710
:1039300093FF104B1E6804F63963B0EE480A7063BB
:10394000B3FBF5F005FB1030FFF786FF04F5E353FA
:103950001233B063B0EE480AB3FBF5F005FB10304C
:10396000FFF77AFF044BF06383ED018ABDEC028B15
:103970001C8070BD50050020C80800209FED020A81
:103980000020FFF7C7BF00BF0000000008B5FFF729
:10399000B1FF012211460E4806F02AF80C48002219
:1039A000022106F025F800220948042106F020F83B
:1039B0000021084808F0F8FB0421064808F0F4FB51
:1039C0000448082108F0F0FBBDE80840FFF7D6BF27
:1039D0000008024050050020034618B1024A07CAF9
:1039E00083E80700704700BFC80800200F4B70B580
:1039F000D3F8101AD3F8144AD3F8185A0C4B0022F3
:103A000018461E688E4209D15E68A64206D19E689D
:103A1000AE4203D11C2303FB020070BD0132082A11
:103A200003F11C03EDD10020F7E700BF0070FF1F7A
:103A30007044010809289ABF024B53F8200002483D
:103A4000704700BFCC430108C40801080346B0B367
:103A5000D0ED007AF5EE407AF1EE10FA2FD1D0EDEC
:103A6000017AF5EE407AF1EE10FA28D1D0ED027A23
:103A7000F5EE407AF1EE10FA21D1D0ED037AF5EEB1
:103A8000407AF1EE10FA1AD1D0ED047AF5EE407AD0
:103A9000F1EE10FA13D1027D8AB9806978B99A8B58
:103AA00052B9D3ED087AF5EE407AF1EE10FA06D16C
:103AB00093F8240080F0010000F00100704700201E
:103AC000FAE700000FB400B5ADF2747D0DF5EF63B9
:103AD00040F26C7153F8042B009301A80AF03AFEEF
:103AE000021E0FDD40F26B739A4228BF1A46084847
:103AF000C82392B201A908F0AFFC18B1054A1368B7
:103B0000013313600DF2747D5DF804EB04B070476F
:103B100038040020EC3900200FB410B5A2B024AB5B
:103B2000802153F8042B019302A80AF013FE021E11
:103B30000FDD7F2A12D9104C104923681048013339
:103B400023602122C82308F087FC10B123680133C9
:103B5000236022B0BDE8104004B0704708486423D9
:103B600092B202A908F078FC0028F2D0024A136849
:103B700001331360EDE700BFEC3900201444010865
:103B8000380400202DE9F04FAFB01F90FFF72EFF53
:103B90000546002800F08880D0F80CA00125FFF72A
:103BA00025FF044600B1103421A8FDF761FD00286F
:103BB0007DD19DF88460002E7AD0214621A8FDF7A2
:103BC000FFFD012607463846FDF72EFE032F9CBF5A
:103BD0003C4B33F917803C4BD3F8102A1B9288BF1B
:103BE0004FF4FF78D3F8142AD3F8183A1D93002C19
:103BF000B8FA88F714BF0123002381464FEA57170C
:103C00001C921E9356D02388A178E07894F804C0C3
:103C100094F805E01A93A379A468BDF8AEB0CDF886
:103C200060B09DF88CB0CDF85CB09DF88BB0CDF84D
:103C300058B09DF88AB0CDF854B0CDE90FE39DF8A7
:103C400089B01A9BCDF850B00B939DF888B0CDF891
:103C50004CB00023CDE90993BDF886B01E9B2C9A89
:103C60001992CDE90D0CCDE907730C91CDE9114BFB
:103C7000CDE90567CDE903A51D9B02931C9B01932C
:103C80001B9B0093114A124B1F991248FFF71AFF12
:103C9000B8F1000F04D010484A464146FFF73CFFF8
:103CA00038462FB0BDE8F08FDFF830A077E7002668
:103CB000012788E72346A646A446204621461A94B3
:103CC000ABE700BF844301080070FF1FED08010847
:103CD000D8080108FA080108660B0108CC08010899
:103CE00073B5034600250846012611460A22013510
:103CF000AB4202FB06F6FAD107EE906AB5EEC00AB7
:103D0000F1EE10FAF8EEE76A4CBFB1EE407AB0EE91
:103D1000407AF6EE007AE6EE877AB5EEC00AFDEE5E
:103D2000E77AF1EE10FA17EE904A94FBF6F306FBF1
:103D30001344CDE9005407D553EA040204D0034AE2
:103D40000AF0A4FC02B070BD014AF9E79B0B010820
:103D50009C0B01082DE9F04F8FB09B469DF8603019
:103D6000199C03920293824680B17CB147220021C4
:103D7000601C0AF0FDFC0322227006AB40F21D71AC
:103D80005046FDF7B3FE064628B16070032528466D
:103D90000FB0BDE8F08F06AF0FCF04F108050FC5D7
:103DA00097E80F0085E80F000123A362DDE908789A
:103DB00005F03EF9B1460190012008F0D4FD06ABB4
:103DC000032240F21D715046FDF790FE054630B1CA
:103DD000032360702370D9E717468846ECE70DF19E
:103DE000180EBEE80F0004F1080CACE80F009EE8C6
:103DF0000F008CE80F00A36ADDE908210133A362FC
:103E0000039BD31A61EB0B00C4E90E30002802DAE1
:103E10005B4260EB400040F28F3C634570F1000C68
:103E200034BF4FF0010C4FF0000CD71B61EB0808BA
:103E3000B8F1000F02DA7F4268EB48080A2F78F1E8
:103E4000000826D2029F09F101092FB140F28F37F5
:103E5000BB4270F100001AD20136E36A4B45236B76
:103E600038BFC4F82C90B34200D22663E36A84F8CA
:103E700041C0072B94BF00230123082E84F8403053
:103E80000BD1012384F84230002323707FE7002602
:103E9000E3E74FF000094E46E8E7CDE9042105F0DD
:103EA000C7F8019BC01A6328DDE9042194D90023D7
:103EB00084F8423094F840302BB194F8413013B973
:103EC0000225257063E70125FBE700002DE9F0419D
:103ED0002DED0A8B9FED3E9A9FED3EBADFED3EBA87
:103EE0009FED3ECA0D46F0EE40AA16461C4680469F
:103EF0000027B0EE498AB0EE49AAAF4212DB002D8E
:103F0000267033DCDFED327A84ED01AA84ED02AA5B
:103F100084ED03AA0023BDEC0A8BC4ED047A23755B
:103F2000BDE8F08107EE907AB8EEE77AF8EC018A06
:103F300027EE0B7A78EEEA8AC7EE0B7A013767EE46
:103F4000AB7AC7EE8C9A07EE906AF8EEE77A69EEE4
:103F5000A79AB0EE690A0BF04FF9A0EE288AB0EEEE
:103F6000690A0BF081F9A0EE289AC6E707EE905A8D
:103F7000F8EEE77AB0EE007AC7EE278A28EE888A54
:103F800068EE898A84ED018A28EEA80AC4ED028AC7
:103F9000A8EE080A0BF00EF9F0EE480AB0EE409ACF
:103FA00084ED030AB0EE680A0BF002F9DFED0B7A3C
:103FB0009FED097A20EE270AC0EE077A9FED087A76
:103FC000B4EEC79AF1EE10FAACBF01230023A2E7CA
:103FD000000000000000B443DB0F49400000344300
:103FE000CDCC4C3D036A10B50C681C1B13682344F0
:103FF00013604C68436A1C1B5368234453608C68ED
:10400000836A1C1B936823449360CC68C36A1C1B9F
:10401000D3682344D3600C69036B49691C1B136983
:1040200023441361436B591A53690B44536110BD08
:1040300006EE902A07EE103AF8EEE66AB8EEC77A76
:10404000BAEE0E6AC6EE877A091AF1EE086AA7EE92
:10405000A66AF2EE046AE7EE866A27EEA77A27EEF2
:10406000277A07EE901A27EE267A06EE900AF8EEE7
:10407000E77AB8EEE60AA7EE270A0BF02FB92DE98A
:10408000F047002986B00E4690460F4602DA4042BD
:1040900061EB41070546EA460024E94628463946D1
:1040A0000A220023FCF726FFAC4630320AF8012B27
:1040B000BCF10A0F3A4672F100022346054604F1AC
:1040C00001040F4602D3172CE8D11623002E09DA7B
:1040D000172C07D004F118020DEB02042D2204F86E
:1040E000182C9C1C09EB040208F1FF31012312F883
:1040F000010D01F8010F9C4203D00133182BF6D1BA
:104100001724002308F8043006B0BDE8F0872DE935
:10411000F04F002487B0894616461470A0F10807B6
:1041200025464FF07C0AA3464C4502D107B0BDE8B6
:10413000F08FF7E902016A46FFF7A1FF6846FCF736
:1041400047F8002C0CBF2B466B1C0344B3F5806F63
:10415000ECD214B106F805A001356846FCF738F832
:10416000804602467019454469460AF09BFB0134BB
:1041700006F805B0D8E700000E4A30B50121151F3A
:10418000814200DB30BDD2ED007A4B1E144634ED87
:10419000017AF4EEC77AF1EE10FA03D5013B84ED13
:1041A000017AF4D205EB8303C3ED017A01310432C5
:1041B000E6E700BF10090020084B0022C0B293F8C8
:1041C000CC10814206D001320C2A03F11803F6D13B
:1041D0000020704703F1CC00704700BFE00E0020C4
:1041E0002DE9F04788462DED0A8B0446F0EE409A03
:1041F000002852D0DFF8C090DFED2B8ADFED2BAA2C
:104200009FED2BBADFED2BBA0027561807EE907AF8
:10421000B8EEE77AC24627EE2A7AB0EE699AC7EE80
:104220002A7A67EE8B7A87EEABCA1AF8010BFFF792
:10423000C3FF0546D0B1037808EE103AB8EE488ABD
:1042400028EE0C8AB0EE480A0AF0D6FFB0EE40AA7B
:10425000B0EE480A0BF008F8D5ED027A95ED017A38
:1042600060EE277AE7EE0A7A39EE279A5645DCD1D6
:10427000F9EC017A013777EEC97ABC42E7EEA78AFA
:10428000C4D107EE904AB8EEE70A88EE800ABDEC8A
:104290000A8BBDE8F0470AF08DBFBDEC0A8B9FED9D
:1042A000020ABDE8F08700BF000000000000B44330
:1042B000DB0F494000003443B81F00202DE9F047D0
:1042C00015462DED0C8B0E46142200211F46044688
:1042D000F0EE40BAF0EE60AA0AF04AFA07EB0508E1
:1042E000A94619F801AB5046FFF766FF30B94E4BAF
:1042F0002361BDEC0C8B2046BDE8F087B6EB4A0F7E
:1043000001D84A4BF4E7C145EBD13A462946B0EE15
:104310006B0A3046FFF764FF9FED45BA9FED458A73
:10432000DFED45CA9FED45DAF0EE409A002707EE33
:10433000907AB8EEE7AAA9462AEE2CAAF0EE6B8A8C
:104340002AEE0DAA19F8010BFFF736FF0646D0B189
:10435000037809EE103AB8EE499A29EE0A9AB0EEBF
:10436000490A0AF049FFB0EE40CAB0EE490A0AF025
:104370007BFFD6ED027A96ED017A60EE277AE7EEC2
:104380000C7A78EEA78AC845DCD1F4EEC88AF1EE43
:1043900010FAB4EEE8BAC8BFB0EE688A0137F1EEA1
:1043A00010FAC8BFB0EE68BAB7F5805FBFD1DFEDD5
:1043B000247AF4EEE7AAF1EE10FA38EE4B8A2FDDFC
:1043C00089EEAA7AF7EE007AE7EE477A9FED1D7A3A
:1043D000F0EEE76AF4EE476AF1EE10FA06D89FEDC8
:1043E0001A7AF4EEC77AF1EE10FA05D5174BC4ED40
:1043F000009A84ED018A7BE79FED157AB4EEE77AA7
:10440000F1EE10FAC8BFF0EE477A012323730123BF
:10441000C4ED009A84ED018AC4ED027A637368E703
:10442000DFED0B7A0023F1E7A60B0108B90B0108B9
:10443000286B6E4E286B6ECEDB0FC94000008039B2
:10444000BD378635FFFF7F7F6F1283BACD0B010822
:1044500000000000B5EEC00AF1EE10FADFED126ABE
:104460004CBFB1EE407AB0EE407AF6EE007AE7EE5D
:10447000267A07B5FDEEE77A642117EE902AB5EEAD
:10448000C00A92FBF1F3F1EE10FA01FB1322009245
:1044900008D553EA020105D0044A10210AF0F6F8C3
:1044A00003B000BD024AF8E70000C842E00B010873
:1044B000E10B01082DE9F04F91B01F469DF86C30DB
:1044C00007930B684B4C02939342CCBF4FF0FF33E2
:1044D0000123059306900491934608F0F7F9D4F868
:1044E0008032DDF868904FF0000801330546C4F8CB
:1044F0008032CDF804800126CDF80C800298282364
:1045000032465946FFF794FDDDF80CA0049BB7EE48
:10451000000A186080B2FFF799F808AB06980322EA
:1045200040F21D71FDF7E2FAD4F884320133C4F889
:10453000843298B107B13E6011B0BDE8F08F401BE6
:10454000002847DDD4F888320133C4F88832D4F823
:104550008C32984288BFC4F88C023BE0BAF1000F5D
:104560001FD00A9B01990B9AB3EB080362EB01027F
:104570000599012911D113F1090F72F1FF3210DAF7
:104580005B42D4F890220132C4F89022D4F89422ED
:104590009A4238BFC4F8943203E00A2B72F1000249
:1045A000EFDADDE90A8301931A9B3BB1079BB34223
:1045B00022BF019BC9F80080C9F804300136292EBA
:1045C00012D008F083F901352B1A002BB7DD2846ED
:1045D00008F0D5F94FF0010A282E09F10809CDF8A5
:1045E0000CA08BD1584691E7002FA5D028233B6023
:1045F000A2E700BFE00E00204F4B0022F0B583F889
:10460000B020C3F8A820002800F08F80D0E908620D
:10461000D0E90A54D0E90C10C3E9B062D3F8F072C3
:10462000D3F8D8223A44D3F820773A44D3F83877ED
:104630003A44D3F850773A44D3F884773A44D3F8DD
:1046400080783A44D3F898783A44B61AC3F8AC6202
:10465000D3F8E022D3F8F8623244D3F82867324422
:10466000D3F840673244D3F858673244D3F88C67A4
:104670003244D3F888683244D3F8A0683244C3E99E
:10468000B254AD1AC3F8B052D3F8E422D3F8FC52B6
:104690002A44D3F82C572A44D3F844572A44D3F851
:1046A0005C572A44D3F890572A44D3F88C582A44AC
:1046B000D3F8A4582A44A41AC3E9B410C3F8B442E6
:1046C000D3F80043D3F8E8222244D3F830472244F9
:1046D000D3F848472244D3F860472244D3F894479C
:1046E0002244D3F890482244D3F8A8482244891A97
:1046F000C3F8B812D3F8EC22D3F804130A44D3F861
:1047000034170A44D3F84C170A44D3F864170A4400
:10471000D3F898170A44D3F894180A44D3F8AC187D
:104720000A44801AC3F8BC02F0BD0146044605469F
:104730000246064670E700BFE00E00202DE9F04F6C
:104740002DED028BBF4CC04A217BC04BADF6A47D42
:10475000002908BF1A464A92FFF748F9002801F0DD
:10476000BD80C368499301234B9394ED2F0A69A838
:10477000FFF770FE94ED040A1422E9A90520FFF763
:10478000AFFA94ED050A1422EEA90520FFF7A8FA66
:1047900094ED060A18220DF59A610320FFF7A0FA9E
:1047A00094ED070A1422FDA90520FFF799FA94ED6C
:1047B000080A14220DF581610520FFF791FA94EDA6
:1047C0000E0A1422F3A90520FFF78AFA94ED0F0AC6
:1047D0001422F8A90520FFF783FA94ED100A182295
:1047E0000DF59D610320FFF77BFA94ED110A142269
:1047F0000DF21C410520FFF773FA94ED120A142202
:104800000DF586610520FFF76BFA94ED0C0A142272
:104810000DF244410320FFF763FA94ED160A1422C7
:104820000DF58B610320FFF75BFA94ED1B0A142250
:104830000DF26C410520FFF753FA94ED1C0A142287
:104840000DF590610520FFF74BFA94F88F30002B9F
:1048500001F049807E496DA80AF01CF87C4971A8D6
:104860000AF018F87A4967A80AF014F894F8A43006
:10487000002B01F04F80D4F8A030764A102175A8A3
:1048800009F004FF94F88C30002B41F0498094F833
:104890008E30714D002B01F04780704E704A94F8B5
:1048A000B180704B94F8A802B8F1000F18BF1346FE
:1048B0005F936D4BD3F8102A4C92D3F8142AD3F897
:1048C000183A4E93B4F834324F93B4F836325093CA
:1048D000B4F83832519363685293A3685393D4F871
:1048E000B4305493D4F844335593D4F848334D92AC
:1048F0005693D4E92A23579394F87C325893FFF7C0
:1049000099F8D4F8AC325993D4F8B0325A93D4F819
:10491000B4325B93D4F8B8325C93D4F8BC325D9374
:10492000D4E9C2E3002A84465E93B4F8B80040F3A9
:10493000FE87D4F81013D4F81433A1EB020AA3EBCA
:10494000020BD4F81833DAF10001A3EB020441EBB7
:104950000A01DBF1000949EB0B0963426341434C57
:10496000B4F8A8A675AC479467AC469471AC45946E
:104970006DAC4494334CD4F89C70439794F88FB04A
:10498000CDF808B1DFF81CB1394FCDE9406B94F890
:104990008D60CDE93E56374D3D95D4F888503C9515
:1049A000D4F884503B95D4F880503A95E56F339114
:1049B000CDE934935E9B329340F28E310923CDE9E9
:1049C00030312D490023CDE938A569ADCDE9360553
:1049D0002F93CDE92DE129492C915D992B915C997B
:1049E0002A915B9929915A9928915999244D2548E2
:1049F000CDE926C1589925915799CDE92321569A99
:104A00002192559A209240221F921F4A1E921F4ABD
:104A10001D921F4A1C921F4A1B921F4A1A924FF462
:104A2000B4765F9A22961992549A0595CDE9178229
:104A30001A4A16921A4ADFF87080CDF85480CDE9F0
:104A4000123233E0E00E0020EB0B0108EC0B010802
:104A5000FC0B0108110C0108FF0B0108A942010819
:104A600037420108354201080070FF1FE01E002098
:104A7000E61301081C130108331301084D13010844
:104A8000C4080108180C01085E1301086813010826
:104A90007E13010895130108AC130108BD1301082A
:104AA000001401080B130108C91301089D4A119253
:104AB0009D4A10929D4A0F929D4A0E924A9A0D92DB
:104AC000539A0C92529A0B92519A0A92509A0992C6
:104AD0004F9A1497CDE90732964B06934B9B04935C
:104AE000499B03934E9B02934D9B01934C9B924A8F
:104AF00000930621914BFEF7E5FFB623B720CDE9E1
:104B00000230CDE900860621D4E901238C48FEF766
:104B1000D9FFD4E90168FEF79BFED4F894320F93D5
:104B2000D4F890320E93D4F88C320D93D4F88832A6
:104B30000C93D4F884320B93D4F880320A93D4F8CF
:104B4000A0320993D4F89C320893D4F89832079392
:104B50004FF0280C0123CDE9053C4A9BCDE90153D8
:104B6000499B0093CDE903704346324675480621C0
:104B7000FEF7A8FFD4E9012394F860B04B93BBF192
:104B8000030F236D98BF704D4C93A36FA17B94F8D6
:104B90002400A66AA78D94F834C094F80D8094F888
:104BA0004CE094F85CA0B4F8549098BF55F82B50A2
:104BB00020930DF5906B636FCDF878B00DF26C4BD0
:104BC0001F93CDF874B0A36E1C93646E4C9BCDF80C
:104BD00064A0CDE91A540DF58B64CDE91794CDE9A5
:104BE00015E3CDE90B060DF581600DF586640A909D
:104BF000FDA8149409900DF21C440DF59A604A9B8F
:104C0000139408900DF59D64EEA812940790F8ACEB
:104C1000E9A802934D4B1194CDE90510F3AC4C4932
:104C200001934C4E499B0391CDE90FC400930DF2C3
:104C300044444B9B4848CDF810800621CDE90D74C3
:104C4000FEF740FF454F464CA6F2CE534B939A4693
:104C50000025D4F8A8309D42C0F26F860DF5A06201
:104C6000D4E9CA01FFF70BFAD4E9CA01FCF7B0FF97
:104C70000DF2944105201422FFF732F863684C933B
:104C8000A3684D93D4F808334E93D4F8C0324F93B1
:104C9000D4F8C4325093D4F8C8325193D4F8CC32FB
:104CA0005293D4F8D0325393D4F8D4325493D4F8E6
:104CB000D8325593D4F8DC325693D4F8E032579377
:104CC000D4F8E4325893D4F8E8325993D4F8EC325B
:104CD0005A93D4F8F0325B93D4F8F4325C93D4F85E
:104CE000A830002BD4E9BE67D4E9C0CED4E9C38193
:104CF000D4E9C505D4E9C79A40F30887A1EB030BB3
:104D0000DBF1000444EB0B04A0EB030BDBF100022E
:104D100042EB0B02A5EB030BDBF1000343EB0B03B0
:104D200020E000BF2C1401084B1401086E14010888
:104D30008C140108A8140108ED080108D80801081E
:104D4000AE14010857150108BC430108C408010846
:104D5000081A010886250020F9160108F7360020F8
:104D6000E00E00200DF2944BCDF888B00DF5A06B4D
:104D7000CDE9203B5C9B13935B9B12935A9B119351
:104D8000599B1093589B0F93579B0E93569B0D93D3
:104D9000559B0C93549BCDE91E42CDE91A05CDE9F4
:104DA0001881CDE91467CDE916CECDE91C9A0B9395
:104DB000539B0A93529B0993519B0893509B0793D3
:104DC0004F9B06934E9B05938C4B04938C4B039304
:104DD0004A9B02938B4B0193499B00938A488B4DCE
:104DE000DDE94C230621FEF76DFE4FF0000B0DF5BB
:104DF000C4685E462C460DF5DC6795ED360A102238
:104E000041460420FEF76CFF95ED370A102207EBB0
:104E100006110420FEF764FF95F8E0301BB1012372
:104E2000B3404BEA030B01360C2E05F1180508F1CF
:104E30001008E2D194ED7E0ADFF8D481102279A91E
:104E40000420FEF74DFF94ED7F0A10227DA9042077
:104E5000FEF746FF94ED840A102281A90420FEF794
:104E60003FFF94ED850A102285A90420FEF738FF44
:104E700094ED8A0A102289A90420FEF731FF94EDEF
:104E80008B0A10228DA90420FEF72AFF94F8003225
:104E900094ED310A4C93102294F818324D9391A955
:104EA00004200DF5157AFEF71BFF94ED320A10224F
:104EB00051460420FEF714FF94ED910A102299A99F
:104EC0000420FEF70DFF94ED920A10229DA9042004
:104ED000FEF706FF94ED930A1022A1A90420FEF725
:104EE000FFFE94ED940A1022A5A90420FEF7F8FE17
:104EF00094ED950A1022A9A90420FEF7F1FE94ED85
:104F0000970A1022ADA90420FEF7EAFE94ED980A54
:104F10001022B1A90420FEF7E3FE94ED990A1022B5
:104F2000B5A90420FEF7DCFE94ED9B0A1022B9A976
:104F30000420FEF7D5FEBDAB194694ED9C0A102265
:104F40000420C1AEFEF7CCFEC5AF94ED9D0A102241
:104F500031460420FEF7C4FE94ED9E0A1022394625
:104F60000420FEF7BDFE94ED8F0A1022C9A904208B
:104F7000FEF7B6FED1AD94ED900A1022CDA9042023
:104F8000FEF7AEFE98ED310A102229460420FEF706
:104F9000A7FE98ED310AF6EE007A20EE270A1022DD
:104FA000D5A904200DF59569FEF79AFE98ED300A13
:104FB000142249460520FEF793FED4E9DC010DF5E5
:104FC000A362FFF75CF80DF2BC48D4E9DE010DF5F1
:104FD000A662FFF754F814224146052094EDE40A36
:104FE000FEF77EFE94F8B1C0D4E90120D4E92AE1AD
:104FF000BCF1000F00F08F850CE000BF4D130108DD
:1050000033130108C4080108221C0108E00E002027
:10501000E01E0020D4F8A4324596CDE94673BDAB1E
:1050200094F87C624393B9AB4293D5ABCDE940533E
:10503000B5AB3F93B1AB3E93ADAB44963D9394F883
:1050400068323C93A9AB3B93A5AB3A93A1AB3993A0
:105050009DAB389399AB379394F858323693CDABD8
:105060003593C9AB349394F83B3233934D9B4C9EAC
:105070005B0343EA063343EA0B03329394F83A3274
:1050800031938DAB309389AB2F930626B4F8383229
:105090002E932D96B4F836322C93B4F834322B93E9
:1050A00085AB2A9381AB29937DAB289379AB27936A
:1050B0000DF5F26326930DF5F06325930DF5EE6380
:1050C00024930DF5EC6323930DF5EA6322930DF51C
:1050D000E86321930DF5E66320930DF5E4631F93D8
:1050E0000DF5E2631E930DF5E0631D930DF5DE6390
:1050F0001C930DF5DC631B930DF5DA631A930DF524
:10510000D86319930DF5D66318930DF5D4631793EF
:105110000DF5D26316930DF5D06315930DF5CE639F
:1051200014930DF5CC6313930DF5CA6312930DF52B
:10513000C86311930DF5C66310930DF5C4630F9307
:1051400094F833330995CDE90D830DF5A6630C93DF
:105150000DF5A363CDE90A93D24B0893D24BCDF85A
:105160000CE0CDE906A391ABCDE904134A9B029371
:10517000CE4B0193499B009331460346CC48FEF742
:10518000A1FCCC4CCC4D04F54079A4F5787823787B
:10519000002B00F0A1806378002B00F0D684D4E9C6
:1051A00018010DF5BE62FEF76AFFD4E906010DF5A0
:1051B000C162FEF764FFD4E908010DF5F462FEF761
:1051C0005EFF0DF53A62D4E90A01FEF758FFD4E913
:1051D0000601FBF7E3F9B94B0022FBF70DFAB84BD8
:1051E0000022FBF709FAFBF7D7FC142200EE100AA5
:1051F0000DF5B5610520FEF773FDD4E90801FCF754
:10520000E7FC14220DF5B8610520FEF769FDD4E92D
:105210000A01FCF7DDFC14220DF5BB610520FEF749
:105220005FFDD8E901234C932B68549323694D9378
:1052300063684E93A3684F93E3685093D4E9237354
:105240005193D4F89430A0785293D4F89830539373
:10525000FEF7F0FB6378D4E927ABD4E92161CDE90F
:105260001903539BCDF858A0CDE917B3529B159362
:10527000519B9448CDE913730DF5BB6310930DF565
:105280003A63CDE911160F930DF5B8630E930DF542
:10529000F4630D930DF5B5630C930DF5C1630B939A
:1052A0000DF5BE630A93509B09934F9B08934E9B49
:1052B00007934D9B06934FF4B4730593549B04934B
:1052C000814B03934A9B0293784B0193499B009334
:1052D00006214C9BFEF7F6FBC034A14505F1040501
:1052E0007FF455AF794C94F8D05394F8D263D4F846
:1052F000DC7394F8D403002D00F04C84002E00F0F1
:105300004C84042F40F04984714B7249002808BF37
:105310001946FEF78FFBD4E90128D4F8D893CDE9DC
:105320000B0194F8D333CDF82090CDE90973042311
:10533000CDE9066394F8D1335C4F67480197CDE916
:105340000453614B03934A9B644D0293499B009322
:1053500006214346FEF7B6FB2E4655E902010DF540
:10536000A962FEF78CFEF6E804010DF5AC62FEF7CB
:1053700086FE56E902010DF5AF62FEF780FED5E923
:1053800006010DF5B262FEF77AFED5E908010DF5CA
:10539000B562FEF774FED5E90A010DF5B862FEF7B5
:1053A0006EFED5E90E010DF5BB62FEF768FED5E98C
:1053B00010010DF5BE62FEF762FED5E93C010DF568
:1053C000C162FEF75CFED5E93E010DF5F462FEF721
:1053D00056FED5E940010DF53A62FEF750FED4F8CD
:1053E0002027D4F89C37D4F82817D4F82C07D4F801
:1053F0003057D4F834671344D4F880281344D4F8D1
:1054000098281344D4F850271344D4F86827134439
:10541000D4F8A4274C930A44D4F888180A44D4F842
:10542000A0180A44D4F858170A44D4F8701702EBAD
:10543000010BD4F8A817D4F894280144D4F88C08A8
:105440000144D4F8A4080144D4F85C070144D4F81A
:1054500074070144D4F8AC072844D4F89058284481
:10546000D4F8A8582844D4F860572844D4F878577A
:105470002844D4F8B0572E441644D4F8AC2894F8F5
:10548000E0561644D4F864271644D4F87C2705F176
:10549000FF3CDCF1000E1644D4E901234EEB0C0E68
:1054A000072D1DE07E1301082C140108C408010813
:1054B000711F0108C0120020F443010800807640EB
:1054C0000000F03DD4260108F5280108E00E002078
:1054D000374201083542010805290108A0160020BD
:1054E00098BFCF4F4D93D4F8083898BF57F825C0D0
:1054F0004E9394F8E156D4F8D0374F93D4F8F03760
:10550000509388BFBC46002D00F04A8394F8E446CF
:10551000032C00F24783C34D55F82470C24C94F815
:10552000E356002D00F0408394F8E656032D00F278
:105530003E83DFF8F08258F8258094F88057002DDC
:1055400000F0388394F88147032C00F26183B54D55
:1055500055F82490B44D95F87C48002C00F05B83FE
:1055600095F87D48032C00F25983DFF8B8A25AF869
:1055700024A095F8F4461F9495F8F3464C9BCDF87B
:1055800068B0CDE91D64CDE91B101993D5F8C83872
:1055900018930DF5C163CDE914A3509B0E930DF53F
:1055A000B8630D930DF5B5630C930DF5B2630B93D2
:1055B0004F9B0A930DF5AF6309930DF5AC630DF5A1
:1055C0003A660DF5F464119708930DF5BE670DF575
:1055D000A9630DF5BB6ACDE906C3CDE9128917961B
:1055E00016941097CDF83CA0CDF814E04E9B049390
:1055F0008E4B03934A9BDFF880920293499B8C4821
:10560000009306214D9BCDF80490FEF75BFA95F8C8
:10561000CC1888482246FEF77AFD95F8101A86487D
:105620003246FEF774FD039495F8CC388348CDE9F3
:105630000193499B0093D5E901230621FEF742FA25
:10564000039695F8103A7E48CDE90193499B009363
:10565000D5E9012306217B4DFEF734FA05F1070B4E
:105660004FF0000815F8011F08F1010899B1324602
:105670005846FEF74CFD04962B78CDF80490CDE902
:105680000283499B0093684B6F481A4606219B682A
:105690005268FEF717FAB8F1030F0BF5A07BE1D1C2
:1056A000614D2E7B002E40F0FF8295F8B030002B2C
:1056B00000F0E58295F88D30002B00F009840DF59F
:1056C0005978B5F8BA106148D5F800909FED608A16
:1056D000FEF722FA95ED2F0A4046FEF7BBFE414643
:1056E0005C48FEF719FACDF800804346D5F8C02093
:1056F000B5F8B8105848FEF70FFAB046D5F8A830FC
:10570000984509F10106C0F28C82544D0093D5F8FA
:10571000B030534832466421FEF7FEF90DF561784A
:1057200095ED2D0ADDA8FEF795FE95ED2E0A404673
:10573000FEF790FECDF80480B5F8BE300093B5F8C2
:10574000BC204848DDAB3146FEF7E6F90120FEF704
:1057500033FD80460620FEF72FFD0546B8F1000F09
:1057600000F0818298ED030AE5A8FEF773FEB8F118
:10577000000F00F07B8298ED040A0DF5A960FEF79A
:1057800069FE39480DF5A963E5AA3146FEF7C4F96B
:10579000002D00F06E8295ED030A0DF5AC60FEF76A
:1057A00059FE002D00F0688295ED040A1E4D0DF59E
:1057B000AF60FEF74FFE0DF5AF630DF5AC623146FD
:1057C0002A48FEF7A9F995ED8F0A0DF5B260FEF7AC
:1057D00041FE0DF5B26395F83B22254805F580554D
:1057E0003146FEF799F995ED310A0DF5B560FEF7F2
:1057F00031FE0DF5B56231461E48FEF78DF995ED87
:10580000330A0DF5B860FEF725FE95ED340A5046D3
:10581000FEF720FE95ED350A3846FEF71BFE2DE01B
:105820008C430108AC430108E00E0020001401087D
:105830000F2A0108B0170020F8180020652D010874
:10584000E62D0108C91B0020672E0108EF2E010874
:105850000000B443022F0108222F0108E01E00209F
:10586000852F0108B42F0108F62F010846300108E2
:10587000AE300108E3300108C408010853460DF5B5
:10588000B8623146CD480097FEF746F995ED320AE9
:105890000DF5C160FEF7DEFD0DF5C1623146C84869
:1058A000FEF73AF995ED310A2046FEF7D3FDC548DB
:1058B00022463146FEF730F922463146C248FEF70D
:1058C0002BF90DF53A609FEDC10AFEF7C3FDC04804
:1058D0000DF53A623146FEF71FF9E5E1BD4B4B90FD
:1058E0004993FEF742BFD4F89030BB4A10216DA80F
:1058F00008F0CCFED4F89430B74A102171A808F013
:10590000C5FE94F89830B54A082167A808F0BEFE95
:10591000FEF7ACBFB24975A808F0BCFFFEF7B2BFF6
:10592000B04DAF4EFEF7BABFAF4EFEF7B7BF002384
:10593000824699461946FFF715B836F8020F0DF55D
:10594000BB68FBF735FD414614220520FEF7C8F978
:105950000DF5BE69BAEC010A494614220520FEF78E
:10596000BFF9DAF8B438B4F8B820D9171A440DF5ED
:10597000C46B92B20904180441EA13414C925A468E
:10598000FEF77DFBD4F89C230DF5DC6302EBC5012B
:10599000D1E900011A46FEF772FBD4F89C1305F515
:1059A000BA7001EBC001D1E900010DF5F462FEF718
:1059B00066FB0DF5DC63CDE90689CDE908B30DF58D
:1059C000F4620A92338805934C9B8848CDE90353CF
:1059D0004A9B0293864B0193499B0093D4E9012390
:1059E0000621FEF76FF8D4F89C13DAF8849E05F6CA
:1059F0002C23D4E9012851F823B0294443F6AC0301
:105A00000137C85CFEF716F8CDE90BB043F23873E6
:105A10007848CB5C0A9343F2C453CB5C099343F2BE
:105A20005043CB5C089343F2DC23CB5C079343F2F7
:105A30006813CB5C069397F8743105933B78049315
:105A4000B6F8883E0195CDE902934A9B0093062162
:105A50004346FEF737F8D4F89C33002B53D0D4F8E4
:105A60000C2395424FDA591943F6943211F802B0DB
:105A700005F53A7203EBC203D3E900890DF53A62EA
:105A800040464946FEF7FBFA40464946FCF7A0F877
:105A900014220DF5C1610520FEF722F9D4F89C030C
:105AA00043F6202E411943F6085CD4E9012311F88E
:105AB0000CC011F80E10032996BFDFF850E14C49D5
:105AC0005EF8211005F5BA5E30F81E000B900DF55A
:105AD000C1600A900DF53A600990CBF38000089000
:105AE000CBF3400007900BF00100CDE905104A9977
:105AF00002913F49019149990091CDE9035C3E48EB
:105B00000621FDF7DFFF0135FFF7A3B80022144699
:105B10001346FFF727B9CDE905E1CDE90B67CDE9DC
:105B200009A8CDE90759D4F8B4300493334B039353
:105B30004A9B02932E4B0193499B009306210346F7
:105B40002F48FDF7BFFFFFF71CBB25490DF5BE60D1
:105B500008F0A0FE22490DF5C16008F09BFE204927
:105B60000DF5F46008F096FE1D490DF53A6008F059
:105B700091FE1B490DF5B56008F08CFE18490DF536
:105B8000B86008F087FE16490DF5BB6008F082FE8C
:105B9000FFF747BB1B49FFF7BCBB1B49FFF7B9BB6E
:105BA0000F4FBBE4124FB9E4DFF83480C5E4DFF8EF
:105BB0004080C2E4DFF82890CCE400BF283101081F
:105BC0005C310108803101087631010800000000D5
:105BD000A0310108CC080108110C0108150C0108BE
:105BE000FC0B0108EF0B010892420108221A010880
:105BF000C4080108831A0108321B01082C1401088B
:105C000041250108080C010835420108AC43010890
:105C1000DFF814939EE4DFF814A3AAE4DFF808A3E6
:105C2000A7E4B9F1000F18DB07EE908AB8EEE70A97
:105C3000204620EE080A80EE080AFEF70BFC4B9B7C
:105C40000DF53A6093ED000AFEF704FCAB480DF544
:105C50003A6322463146FDF75FFF4B9B043308F160
:105C600001084B934AE59FEDA60A7DE59FEDA40A46
:105C700083E59FEDA30A90E59FEDA10A96E595F8CF
:105C8000A802FDF7D7FED5F8A8202968019203469F
:105C900005F580500131D0F8B000121A009295F845
:105CA0007C229848FDF738FF974D05F54263D3E90C
:105CB00000015246FEF7E3F905F5476353E9020197
:105CC0003A46FEF7DCF905F5456353E902010DF5A7
:105CD000C162FEF7D4F905F54A63D3E90001224613
:105CE000FEF7CDF905F54B63D3E900010DF53A62F6
:105CF000FEF7C5F96B684993AB684B93D5E92A1356
:105D00004C930029D5F8B43095F8B18095F87C9281
:105D10004D9340F3ED80D5F81033D5F814235B1A7A
:105D2000D3F1000A4AEB030AD5F81833501A42425D
:105D3000A3EB01044241D4F1000B4BEB040B95F8AB
:105D4000A802FDF777FE714BD5F83C4C1F68D5F8DB
:105D5000183C4E93D5F81C3C4F93D5F8283C5093F3
:105D6000D5F82C3C5193D5F8303C5293D5F8343CBF
:105D70005393D5F8383C5493D5F8403C5593D5F817
:105D8000443C5693D5F8503C5793D5F8543C58931F
:105D9000D5F8903C5993D5F8943C5A93D5F8983C53
:105DA0005B93D5F8583C5C93D5F85C3C5D93D5F893
:105DB000603C5E93D5F8703C5F93D5F8743C60937B
:105DC000D5F8783C6193D5F8803C6293D5F8843C53
:105DD000D5F8A86C6393D5F8883C6493D5F88C3CCF
:105DE0006593844644EA060395F8B000D5F87CEC48
:105DF000B3FA83F35B0900287ED047EA0400444DE0
:105E00003043444818BF2846CDE92D300DF53A639C
:105E1000CDE92B634FF0FF332A93659B2993649B55
:105E20002893639B2793629B3B48CDE925E3619BC5
:105E30002493609B23935F9B22930DF5BE63219374
:105E40005E9B20935D9B1F935C9B1E930DF5F463FB
:105E50001D935B9B1C935A9B1B93599B1A93589BB6
:105E60001993579B18930DF5C1631793569B16937F
:105E7000559BCDE91443549B1393539B1293529B10
:105E80001193519B1093509B0F930DF5BB630E9391
:105E90004F9B0D934E9BCDE909BCCDE90B73CDE92A
:105EA00007A2CDF818904D9B499ACDE904831B4B6E
:105EB00003934C9BCDE901134A9B009306214B9B16
:105EC000FDF700FE0DF6A47DBDEC028BBDE8F08F62
:105ED000D5F83C2C1AB1296811480131FBE4D5F8FA
:105EE000A82C002A3FF4E0AE29680E480131F2E404
:105EF00000229246934622E7054885E7602F010875
:105F000000000000CA310108E00E0020EC3900203A
:105F100035420108374201087B3201086E1401083E
:105F20000B32010843320108C4080108FC0B0108C8
:105F30002DE9F04F2DED0A8BADF2DC4DCDE92801B6
:105F40001D939DF8283537481E93002336922E93D3
:105F5000FDF7E2FD344B1D9A3448354C002A08BF4A
:105F60001846FDF70FFE50B90A2323700023129341
:105F700012980DF2DC4DBDEC0A8BBDE8F08F2D4B75
:105F80001A68013218921A60FDF75EFB72A8FDF7DD
:105F9000D3FBFDF76BFB7CA8FDF7CEFB7CA8FDF7E0
:105FA00055FD129028B90A2323482370FDF7B4FD4C
:105FB000DCE7FDF747FB03F03BF8204B2A901B780A
:105FC000239363B31E4B1B68C31A1C2200215CA8D9
:105FD0002B9308F0CDFB03F02BF80546FDF72CFCC6
:105FE000DFED188A124B3390DCAF02263846B0EE54
:105FF000680AC7ED008A1E70FDF7C4FB044628B38B
:1060000003F016F80026FDF717FC0323129C1193EA
:10601000B1464D469FED0B8ADDF8449033E1239B5A
:10602000D3E700BF61390108D9380108C238010837
:10603000F03900200809002073390108D408002035
:10604000D808002000000000CDCC4C3DD7ED009AD0
:1060500025962F46EEAEC6ED008A3046B0EE680AB1
:10606000FDF790FB11900028CAD196ED009A1FED24
:106070000A7AF0EEC97AF4EEC77AF1EE10FA40F13E
:106080005381013440F2F5139C4240F0658102F0E7
:10609000CFFF431B3493FDF7CFFBC84B3590032252
:1060A0001A7002F0C5FFC64B119A1A60C54B8146A3
:1060B0000DF589601A60FDF73FFBBDF8644442F6B8
:1060C000AB26B4FBF6F306FB1344A4B241F25553DE
:1060D0009C4240F27081351BB723B635B5FBF3F512
:1060E00028235D4306F0F2FBDFF8D8A2DFF8D0B238
:1060F00007464FF00108454580F07F81B7EE000A62
:106100000020FDF7A3FAC82006F02DFC02F090FF56
:10611000AD4CAE4BA0EB09054FF42C5200212046AC
:106120001D6008F025FBAA4B00214FF47A52184657
:1061300008F01EFBA74A189B63604FF00008C2F8E6
:106140000080A54AC4F898521368C4F89C0301273C
:106150003B441360A3609A4B84F830731B68C4F807
:106160009C32984B84F8D0731B68C4F8A03284F832
:10617000D373FDF75FFBA4F83402FDF759FBA4F8D5
:10618000360200EB400086AEB840A4F838028B4DD2
:106190003046FBF79EFCD6E9091206232B70F36A02
:1061A000306ACDF8E480CDE94C23336B4E930DF586
:1061B000D478736B4F93CDE94A014346032240F2F2
:1061C0001D713046FBF792FC04F29C7281464AA98D
:1061D0003046FDF707FF0523B9F1000F00F03981C4
:1061E00084F8A89284F8E036FEF706FA764D012688
:1061F0007CA86E73FDF72AFC72AFA8730FCF05F170
:1062000010040FC40FCF0FC497E8030084E8030005
:106210007CAC0FCC05F138070FC70FCC0FC7349BF0
:106220005D9394E80300259B5E93339B6193CDEDD2
:106230005F9A359B62935CAC87E803000FCC05F155
:1062400060070FC78DED609A94E8070087E80700A4
:1062500095F8B030D5F83C4C1293D5F8A83C1C43C7
:10626000B4FA84F46409B9F1000F7FF4D2AE129B42
:10627000002B01F0278505F5805595ED318A38EE24
:10628000288A00250126FDF7DFF94C4B08221A70F9
:1062900002F0CEFE514B1860514B01221A702A9B1E
:1062A000C01A002E37D0484A289BD367299BC2F8D2
:1062B0008030369BC2F884300A23C2F888301D9B98
:1062C00082F88C30002B41F001851E9B002B01F0E1
:1062D000008592F8B030C2F89C0003F0010382F808
:1062E0008D301E9B82F88E309DF82C3582F88F30D1
:1062F0003C4BC2F89030DDF83035C2F894309DF850
:10630000343582F898302B9BC2F8A030239B82F85A
:10631000A430FEF713FAB9F1010F41F0DD84274BE9
:1063200031480A221A7041E69DEDDC7AB0EEC77A58
:1063300077EEC77A9FED2D7AF4EEC77AF1EE10FA78
:1063400009DD02F075FEFDF777FADDE9119401230E
:1063500011934E465DE6119C02F06AFEC31BB3F535
:10636000FA7F804611D396ED000A0DF58960FEF79D
:1063700071F8FDF761FA4FF4FA73009022461C4859
:106380000DF58961FDF7C8FB4746259B0133259331
:10639000A8EB050844F61F63984508D902F048FEAB
:1063A0004FF00009FDF748FA129C0223D0E70220C3
:1063B00006F0D9FA4FE6ECB926468CE6F039002013
:1063C000E4390020E0390020E00E0020E839002008
:1063D00000000010EC39002004090020D80800203B
:1063E000D4080020C0D40100F23901080000B442F2
:1063F000B4390108119E25466EE6B8F1010F0AD0A6
:1064000006F064FA01373B1A002B17DD384606F018
:10641000B6FA45451BD02B46424631462046FDF78D
:1064200007FEB7EE000A80B2FDF710F9DBF8003086
:106430000133CBF8003008F101085CE6C01B0028EE
:10644000C2BFDAF800300133CAF80030E1E7304665
:10645000E7E72B70D6E90931326A84F8E176F76A0A
:10646000CDE95023CDE95217336B5493A6AF736B2C
:106470005593CDE90097D8E90223FDF76BFC04F5AD
:10648000E462804684F8E40650A93046FDF7AAFD90
:10649000B8F1000F11D0B8F1030F14BF0223052388
:1064A00084F8E036FEF7A8F8B8F1030F7FF49EAE4B
:1064B00097F8019084F8A89298E63B6916937B6957
:1064C000149304232B7002F0B3FDD6E909751F90D5
:1064D000D6E90B01726B366ADFF890A2CDF86490B2
:1064E000CDE958509C4DCDE95667CDE95A124F463B
:1064F0004E464A46904600234FF4B4722846394629
:10650000FAF7F8FCA0EB0808B8F1000F024607D034
:10651000CCBF01214FF0FF310EB1B14226D10E4662
:1065200000230DF50678CDE90033CDF8483439A9BC
:106530000DF5896340461792FDF7BCFF199ADDF807
:1065400048341A4419928346179AA8B1834A56A927
:106550004046FDF747FDA2F50862052382F8A8B280
:1065600082F8E036D946FEF747F83FE6D4F8083817
:106570000133C4F80838D2E715F5803547F1000734
:10658000874208BF5545B5D1744F754C3A4656A958
:106590004046FDF727FD16990523237042F6AB23ED
:1065A000CB181793149BD8F82010449143F10003A3
:1065B000D8F824101A93D8F82830CDE94513D8F824
:1065C0002C304793A7F50865D8F83030489301225E
:1065D000D8F8343085F880270DF5387ACDE9002ACF
:1065E0004993179A1A9BFDF7B5FBA7F5B07283463E
:1065F00085F8810744A94046FDF7F4FCBBF1000F84
:1066000011D0BBF1030F14BF0723052385F8E03633
:10661000FDF7F2FFBBF1030F7FF4E8AD9AF80190AC
:1066200085F8A892E2E5DAF810301B93DAF8143016
:106630001C9305F5F86142F6AB22002341E90223E1
:10664000169A1B9B14989B1A1C9A47F8C03C62EB45
:1066500000024448C5F8C4271B1862F10002C5F8BF
:10666000CC27C5F8C83702F0E3FC1F9BC01AC5F859
:10667000D00702F0DDFC012E4FF00403237008BFA9
:10668000D5F808381F9086AC08BF0133D4E9091249
:1066900008BFC5F80838D4E90B35206A666BCDE928
:1066A00058230023CDE95601CDE900333A9342F651
:1066B000F5123AAB39A92046CDE95A56FDF7FAFE54
:1066C000294E0746324656A92046FDF78BFCA6F612
:1066D000980547B1052385F8A87285F8E036B946D4
:1066E000FDF78AFF82E51E4F216A4FF005033B70DC
:1066F000D4E909234693E36A4793236B4893636B7A
:106700004993169BCDE9441242F6F5129A18149B50
:106710004FF0010B0DF54A7A85F87CB843F1000380
:10672000CDE900BAFDF716FBA6F5BC72804685F8E8
:106730007D0844A92046FDF755FCB8F1000F17D09D
:10674000B8F1030F14BF0323052385F8E036FDF7E6
:1067500053FFB8F1030F5FE7B4000100601700209A
:10676000F039002055D5FFFF78170020B4003D0018
:10677000DAF810302093DAF8143021936FF0B50274
:106780004FF0FF33C6E906231B9A209B1C999B1AE6
:10679000219A62EB0102C6E90832B63342F10002E7
:1067A000C6E90A3202F044FC1F9BC01A736AC5F89E
:1067B000C808DB0F85F8F23602F03AFC04233B7080
:1067C000D5F808381B900133C5F80838D4E90923F7
:1067D000E06A216ACDF8EC80CDE95830236B5A93FA
:1067E000636B5B9328230DF1EC0A019306F5C073EC
:1067F000CDE95612009342F6AB22534639A9204602
:10680000FDF758FEA6F5A472804656A92046FDF76E
:10681000E9FBDDF8ECA0C5F8ECA685F810AAB8F104
:10682000000F09D04FF0050385F8A88285F8E036FF
:10683000C146FDF7E1FED9E44FF005033B70D4E912
:106840000923E76A216A85F8E3B6CDE94637236B69
:1068500048930DF55C78636B4993CDE944121A9B1C
:10686000179ACDE900B8FDF775FAA6F5B5620746A7
:1068700085F8E60644A92046FDF7B4FBA6F5987214
:1068800044A9FDF7AFFB6FB1032F14BF0423052309
:1068900085F8E036FDF7B0FE032F7FF4A7AC98F83B
:1068A0000190BDE6D8F8103017930DF55E7CD8F84E
:1068B00014301F93BCE80F006AAC0FC49CE80F00B3
:1068C00084E80F004822414694A807F0EBFF85F8C2
:1068D000E0B602F0ADFB1B9B1499C01AB622002350
:1068E00046E93023209A179BC5F8F0079B1A219898
:1068F0001F9A62EB000246E92E32B63B42F1FF32AC
:1069000046E92C32DDE916239B1A1F9AC04862EB38
:10691000010246E928321B1862F1000246E92632DC
:10692000199BB3F5166F06D13A9B282B03D1AAF118
:10693000280467426741B74AD2F82C17D2F82837A3
:10694000D2F8B80782F8F1760B43D2F830170B4330
:10695000D2F834170B43D2F888180B43D2F88C18AE
:106960000B43D2F890180B43D2F894180B43D2F88B
:10697000A0180B43D2F8A4180B43D2F8A8180B4365
:10698000D2F8AC180B43D2F858170B43D2F85C1767
:106990000B43D2F860170B43D2F864170B43D2F8BD
:1069A00070170B43D2F874170B43D2F878170B43C8
:1069B000D2F87C170B43D2F8BC17B3FA83F3012843
:1069C0004FEA531371F1000182F8F336C0F2E1810E
:1069D000D2F8B418002980F2DC81D2F80828022A03
:1069E00040F0D7813B408B4CBDF8A80184F8F436C9
:1069F000A4F8B800FCF714FF1F99A4F8BA00179880
:106A00009FED85AA9FED85BADFED85BAFBF7E0F82B
:106A1000179BC4F8C030402060230025CDE96503F2
:106A2000022344F62060679384ED2F0A8DF88C5181
:106A30006495FAF7AFFF40F21D73699304F54F6355
:106A4000279303F57A73309303F2CE533193754B4A
:106A50001B93754B2693A3F2CE531C93734B6890F4
:106A60003C95229316952D952C95F0EE4AAA2F462B
:106A7000AB460DF5147A9AF840302BB1D4F81033A8
:106A80000133C4F8103301239AF8412032B1D4F80D
:106A90001423013243F00203C4F814239AF842206D
:106AA00032B1D4F81823013243F00403C4F8182398
:106AB0009AF80060012E40F06E81D4F81C23013258
:106AC000C4F81C23DAE90E05002D0246AE4602DAB0
:106AD000424265EB450ED4F82C131491D4F82813D8
:106AE0009142149971EB0E0138BFC4E9CA2ED4F853
:106AF0000C230132C4F80C23D4F89C23EAB10BF523
:106B00003A7102EBC101C1E90005DAF828104FF62D
:106B1000FF758D420BF5BA5028BF0D4622F8105074
:106B200043F620215A44FF2F565443F6943128BF90
:106B3000FF27535443F60853D754DAF81030209304
:106B4000DAF8143021933A4BEEAE06221A70002187
:106B50009022304607F00CFE202200216AA807F0A0
:106B600007FE209BB360219BF360402333654FF009
:106B7000FF326FF00043C6E9062300224FF00043C6
:106B8000C6E908232B4B8E9A5B6814928F9AB367E1
:106B90001992929B919A1A9200272493B84640F238
:106BA0001D710DF58963032286A8FAF79FFF9DF8F2
:106BB0006514054619B14B1E984538BF9846002DFF
:106BC00000F0F180149E8E98929A41452CBFCDF82A
:106BD0002014CDF82084801BCDF81004199E8F98C6
:106BE0008DF8BB53801BCDF80C041A9E91988DF83C
:106BF000BC53801BCDF814042498DDF83014121A0D
:106C0000CDF818240B4A5268521ACDF8382413E0F4
:106C100055D5FFFFE00E002000000000286B6E4EEF
:106C2000286B6ECEF736002086250020B4000100C8
:106C3000F0390020001000E0D4F89C23002A00F076
:106C40005881012384F83133D4F83833D4F844130D
:106C5000D4F854630133C4F83833DDF810E4DDF8B8
:106C60000C84DDF814C4DDF81804DDF824747144D4
:106C7000C4F84413D4F848134144C4F84813D4F872
:106C80004C136144C4F84C13D4F850130144C4F8B5
:106C90005013DDF81C140E44C4F85463D4F85C633C
:106CA0003E44C4F85C63DDF82874D4F860633E4465
:106CB000C4F86063DDF82C74D4F86463EEABB742BB
:106CC0009E6ED4F8683388BFC4F864739E4202EBAA
:106CD0008B0303F50053DDF8307488BFC4F8686394
:106CE000C3F8E072DDF83874C3F8B078BEF1FF0F76
:106CF00002EB0B0343F2681728BF4FF0FF0E03F8B7
:106D000007E0B8F1FF0F43F2DC2728BF4FF0FF0880
:106D100003F80780BCF1FF0F43F2504728BF4FF044
:106D2000FF0C03F807C0FF2843F2C45728BFFF2019
:106D3000D855FF2943F2387028BFFF21195443F674
:106D4000AC015D54002D40F0CD809DF8B833002B90
:106D500000F0C880DDE9FA0102EBCB02C2E90001D4
:106D6000C94BBBF1000F01D1C3E9DC01D3F83C23CF
:106D70000132C3F83C239DF8BA33002B00F08E801B
:106D8000BBF1000F7AD0BBF5B47F40F08E80BF4BD3
:106D900075E0002327E6022E02BFD4F8202301323B
:106DA000C4F820238EE6DDF850C4209B3169DDF85D
:106DB0005404219ABCEB030360EB020259182F9193
:106DC000716942EB010132912F9931613299716100
:106DD000F1693791B1698B42379972EB0101716AA0
:106DE0003791316AB8BFC6E9063299423799914165
:106DF000B8BFC6E908320FB9C6E910C00DF5896EF3
:106E0000C6E912C0BEE80F000DF5D47CACE80F0057
:106E10009EE80F000137402F8CE80F007FF4BFAED3
:106E2000149A8E9B1A982499C6F868809B1AB365A9
:106E3000199A8F9B9B1A919A7365121AF265929A0E
:106E4000521A32666E9AF267914A5168B26F8A1A84
:106E5000C6F88020FAAA0292F8AACDE90032DDE94C
:106E600020012F9A329BFAF73EFF10B90925F570E1
:106E7000E2E6012333700023F370DDE6854BDDF895
:106E80003C145960DDF840149960DDF84414D96071
:106E9000DDE9FC01C3E9040101221A70BBF1000F16
:106EA00003D1DDE9FA23C4E9DC239FED75CB3C9BDC
:106EB00014930DF5896383ED00CB0293149B149A10
:106EC000DB17CDE90023D4E9DC23DDE9FA01EEAEDE
:106ED000FAF762FF002840F0DF80092384F834339A
:106EE00009250BE0D4F8583384F834530133C4F83F
:106EF0005833002DD2D0644B83F83453624CD4F80D
:106F00001823D4F80C33C4F8A8B004F580519B1AA8
:106F1000C1F8B0302C9BA1F8BC302D9BA1F8BE303D
:106F2000DDE98E63D4F8F022C1ED2DAAC4E9B06387
:106F3000D4F8D83281ED2EAA1344F31AD4F820677E
:106F400084F8A8529B1BD4F838679B1BD4F8506771
:106F50009E1BD4F88437F61AD4F88038F61AD4F881
:106F60009838DDE99070DDE9921CF61AD4F8B83C47
:106F7000F61AC4E9B270C4E9B41CC4F8AC62D4F81F
:106F8000E062D4F8F8323344D4F82867FB1A9B1B2C
:106F9000D4F840679B1BD4F858679E1BD4F88C37F5
:106FA000F61AD4F88838F61AD4F8A038F61AD4F8B5
:106FB000C03CF61AC4F8B062D4F8E432D4F8FC62EB
:106FC0003344D4F82C67C31A9B1BD4F84467D4F815
:106FD0008C089B1BD4F85C679B1BD4F890679B1BA9
:106FE0001B1AD4F8A4081B1AD4F8C40C1B1AC4F832
:106FF000B432D4F80003D4F8E8320344CB1AD4F8FE
:1070000030175B1AD4F848175B1AD4F860175B1A6C
:10701000D4F894175B1AD4F890185B1AD4F8A8180F
:107020005B1AD4F8C81C5B1AC4F8B832D4F804133D
:10703000D4F8EC32D4F834270B44ACEB03039B1A9E
:10704000D4F84C279B1AD4F864279B1AD4F89827B5
:107050009B1AD4F894289B1AD4F8AC289B1AD4F81D
:10706000CC2C9B1AC4F8BC32002D00F03F820023C8
:1070700084F8B030A946FFF7B9B800BFAFF300807D
:107080000000000000000000E00E00209812002028
:10709000001000E080120020DDF84804DDF84C14F8
:1070A000B1F1004F08BF00283FF417AFD4F89C336C
:1070B0000BF5BA72404203EBC20561EB410143F8A4
:1070C00032006960F9F76AFA9D4B0022F9F794FAE9
:1070D0009C4B0022F9F790FAF9F75EFD3EAD009562
:1070E00008EE100A4FF48032D6E90C0100238DED32
:1070F0003ECBFAF77FFD00283FF4EFAE3F9B288898
:10710000002B05DA01386FEA00406FEA10400130C9
:1071100085B22846FAF74CF91C9B149AA3EC018A15
:107120001C93269B1C9923F8025F26931C9BC3F893
:10713000B4286E9AC1F8842E2699BDF8C021A1F812
:10714000882E1B999DF8C52101F8012F9DF8C631A5
:1071500081F87431B4EEEB8AF1EE10FA94F8D03382
:10716000C8BF2C95B4EEC8BAC4BFF0EE40AAF0EE8A
:1071700048BAF1EE10FAC2BF2D95B0EE40AAB0EEBB
:1071800048BA1B91002B00F01781BBF5B47F40F08B
:1071900013810125002684F8D36384F8D15301F0CC
:1071A00047FF694F1A90314630226848EEAE07F02B
:1071B000DFFA149BC4F8F03390223146384684F845
:1071C000E05307F06FFBD4F8D8332B44C4F8D8331E
:1071D0009DF8B833002B46D0A7F1180302934FF463
:1071E00080320023CDE90023DDE9FA01D4E9DC2374
:1071F000FAF7D2FD002835D0DDE9F410DDE9F632EA
:107200005B1A62EB0002DDE9FE1047E90432DDF8AB
:107210000034DDF8042484F8E1535B1A62EB0002C9
:1072200047E90232D4F8DC3319952B449FED42CB69
:10723000C4F8DC33464B2F9307F1A806A7F5826705
:107240002F9B53F8042F2F931A9B24929D1801F023
:10725000EFFE1A9B249AC31A9A420AD9281A05F0FB
:1072600082FBF4E709253B4B83F8E25383F8D453C0
:1072700044E601F0DDFE1A9BC31A32930DF58963D3
:107280004FF00008069363ABCDE9018800938DEDC4
:1072900004CBDDE9202386A8FBF730F8054601F092
:1072A000C7FE41463790C022A6F1180007F060FAE9
:1072B000249B46F8143C329B1A9A46F8103C379BA4
:1072C00006F8165C9B1A4FF0010846F80C3C149B1C
:1072D00046F8083C06F8188C90220DF5896106F1F5
:1072E000180007F0DFFAD7F8D8334344C7F8D8338B
:1072F00025B99DF848343BB906F8168C16F8165C8B
:10730000002D4AD0134BB1E74FF480320023CDE972
:10731000002302960DF58F61D7E9DC23D1E9000146
:10732000FAF73AFDC0B9199BC02202FB0373092585
:1073300083F8E253E6E700BF000000000000000011
:10734000008076400000F03DF0120020C0120020C6
:1073500004440108E00E0020DDF86034DDF8682404
:10736000DDF8641406F8178CD21ADDF86C3463EB80
:107370000103C6E90223DDF89024DDF88834DDF846
:107380008C14D31ADDF8942462EB0102C6E90432AE
:10739000D7F8DC330133C7F8DC33199B0133042BF6
:1073A000199306F1C0067FF44BAF4B4B012283F8D3
:1073B000D223002283F8D423229816994FF4B47272
:1073C0000023F9F797FD454B0421DDE98F7619700D
:1073D000DDE991510BF1010BBBF1030F02468E98D1
:1073E000CDF84804CDF85064D8BF2798CDF858148C
:1073F0003DAEC8BF0021939BCDF85454CCBF084686
:1074000028214FF00005CDF85C343560D4BF3346F9
:107410000B46CDE900013CA986A8CDF84C74FDF7D8
:1074200049F8BBF1030FDEBF1B9B3268A3F5D953AC
:1074300086AED8BF03F80E2C0546294A0DF58961A2
:107440003046FCF7CFFDDDE98E231492909A199215
:10745000DDE991EC939A002D7FF450AD1F494FF078
:10746000050881F800801499DF1BCDE94413199BAE
:107470001F99CDE9463ECDE948C23C9B179A9A1820
:1074800041EBE373CDE9005AFCF764FC0DF5887815
:107490001490144A41463046FCF7A4FD149B032B7C
:1074A00002D19AF8015029E5279B03F5A073279391
:1074B000229B13F580332293169B229A43F10003FB
:1074C00016931699084BA94208BF9A427FF4D3AA93
:1074D0004FF4BA7B12E500BFE00E0020F039002027
:1074E000B8110020D0110020B4007501D54B07223F
:1074F0001A7001F09DFDBBF5B47F5B46A8BF4FF449
:10750000B473BBF5B47F8046C4F8AC30C0F2B98127
:10751000D4F80C23934540F0B481D4F81823A2EB9F
:107520000B014A424A411692C74ADFEDD17A002444
:10753000A34240F0A881BBF1000F00F0AA8107EE42
:10754000104AB8EEC77A87EE878AC04BBE4A9FEDD5
:10755000C8AA83ED318AB0EE4A7A00239C4240F0FB
:107560009B81BBF1000F00F0A88107EE904AB8EEB6
:10757000E70A87EE000A07F01DFEDFEDB57AB4EEEC
:10758000E70AF1EE10FA40F39D81CAEE007AAF4BA4
:10759000B04F002683ED320AC3ED9B7AAB4D17F84E
:1075A000012BA94805F1CC033344B0EE480A21462B
:1075B0001836FCF78BFCB6F5907FEFD105F5F67326
:1075C00003F6EC600422B0EE480A2146FCF77EFC8C
:1075D00005F501730822B0EE480A214603F6D4608F
:1075E000FCF774FCB5F838221AB1B4EB420F00F284
:1075F0006C81964B002283F83A22944BD3ED367A75
:1076000093F8CC2083F83B22C3ED8F7A002201232C
:1076100095ED3C7AB4EEE77AF1EE10FAC4BF95F836
:10762000E4202E9203F10103C4BF129AF0EE477AD0
:107630000C2B05F11805EBD1844B22B12E9AC3ED2A
:107640008F7A83F83B22DFED827A93ED32AA7F4D69
:10765000B4EEE7AAF1EE10FAC9BF93ED8F7A9FED71
:10766000847AF6EE007A67EE277AC4BF6AEE0A6A79
:1076700067EE877A4FF00606C8BF87EEA67A01222A
:1076800038A920468DF8E0603EAFB0EE480A85ED9F
:10769000907AFCF7A5FD242385ED910A01223DA9EE
:1076A0002046B0EE480A8DF8F430FCF799FD3346D9
:1076B00085ED920A684AF0EE4A0AB0EE480A214681
:1076C0003846FCF7FBFD3E9BC5F84C323F9BC5F8A6
:1076D0005032409BC5F854329DF805310BB19DF8EE
:1076E000043185F85832EEAE0C235A4AF0EE4A0ABD
:1076F000B0EE480A21463046FCF7E0FDEE9BC5F8A7
:107700005C32EF9BC5F86032F09BC5F864329DF89F
:10771000C5330BB19DF8C4334C4A4B4982F86832EB
:107720004E4B17931A4600239C4240F0DB802046C4
:10773000FCF722FD07EE904A9FED490AB8EEE78A72
:1077400028EE000A07F0FAFEBDEEC00ADFED487A27
:107750003E4A10EE103A013B9C42D8BF04F1FF3381
:10776000BBF1000F00F0C8803C4923EAE37301EB52
:1077700083031B68C2F870320023309A0133B2ECE5
:10778000017A9C42E7EE077A3092F6DC87EE880AAF
:1077900007F010FD314D2C49A60032462846B0EEC8
:1077A000408A07F07FF82046FCF7E6FC9FED307A30
:1077B000052C234606EB0502A8BF0523F0EE476A19
:1077C0000021F5EC017A013176EEA76A72ED017ABB
:1077D0008B4237EE277AF4D107EE903AF8EEE77A4B
:1077E000204B9FED215A87EE276A1E44611E043309
:1077F00086EEA77AD3ED007AD6ED006A76EEE76AD8
:1078000007EE901A36EE476AF8EEE75AB6EE007ABF
:10781000F0EE477AE5EE857A9FED145AA5EE857A6B
:10782000FDEEE77ABDEEC77A17EE902A17EE100A42
:1078300022EAE2728442C8BF014603EB820203EBF4
:10784000810317E0F0390020B81F0020E00E00206F
:10785000BD378635624401085C4401080C090020EC
:10786000A4707D3F08090020CDCC4C3D3333733FDD
:1078700000000000D2ED005A93ED007A77EE657AB1
:1078800046E0169550E6B2EC017A013477EE877A3D
:107890004EE61FED098A58E6F2EC017A77EEC87AD7
:1078A0000133A7EEA77AF0EEE77AF4EECA7AF1EEAA
:1078B00010FAC8BFB0EE67AA50E61FED130AF0EE4B
:1078C000407A64E65FED167A61E6012385F83A3284
:1078D00005F50773B0EE480A214603F6BC60FCF7D5
:1078E000F5FA8AE6F1EC017A77EEC87A0133F0EE28
:1078F000E77AE2EC017A17E7C2ED9C7AB0EE677A9C
:10790000F0EE675AB0EE678AF0EE676AB0EE676A2B
:10791000B34C9FEDB4AA9FEDB4BA84ED306AC4EDC8
:10792000316A84ED328AC4ED335A84ED347AC4ED81
:10793000357A04F68C150026F0EE4AAAA4F5805498
:10794000B34540F08D80BBF1000F00F0BC8007EE26
:1079500090BAB8EEE70A8AEE800A07F02BFC84EDB5
:107960009D0A84ED9EAABBF1000F00F0AF80F2EEFD
:107970000E7AB4EEE70AF1EE10FA00F2A780F3EE09
:107980000E7AB4EEE7AAF1EE10FA94BF01230023B9
:10799000964C84F87C3201F04BFBA0EB0800C4F855
:1079A000A40201F045FB0023A4F8323394F83033ED
:1079B0008046ABB194F8313393B1D4F89C337BB1AA
:1079C00094F8347367B9D4F83C13D4F8A8209142E2
:1079D00006D1D4F8AC20002A02DDB1F5B47F77DC03
:1079E00001F026FB814B93F8A822A0EB0800C3F816
:1079F0006C03002A40F0648193F83223002A00F0DF
:107A00005F81D3F83C33B3EB0B0318BF01235B005A
:107A10001699764A39B1D2F810138B4503D1D2F8B2
:107A200018138B4501D043F0040392F87C220AB965
:107A300043F008036D4A92F8331309B943F0100379
:107A4000D2F8081309B143F02003C2F8B430B3FAF6
:107A500083F35B0982F8B13082F8B030FEF7C6BB21
:107A6000319B33F8020F3193F9F7A2FC55F8040F5C
:107A7000B4F8B830184480B2B0EE408AF9F798FCF8
:107A8000DFED5B7A38EE400AB4EEE70AF1EE10FA69
:107A900013DCDFED587AB4EEE70AF1EE10FA0FD4FA
:107AA000E0EE00AA0136B0EEC00AB4EECA0AF1EE6A
:107AB00010FAC8BFB0EE40AA42E730EE4B0AE3E747
:107AC00030EE0B0AE7E79FED470A48E700235FE740
:107AD000D3E90023C4E9DC23DFF824A19FED468A23
:107AE000DFED46AA9FED3FAAB4263D46D4F83C33CD
:107AF0009D424CDBD4F8AC509FED3A7AC4F8405329
:107B000007EE905AB8EEE70A00238AEE00BA84ED39
:107B1000E0BA9D4200F3CA8087EE000A07F04AFBF4
:107B2000324C37480DF5896324222946B0EE40AA2D
:107B300084EDE10AB0EE4B0AFCF7C8F9D4ED327AD5
:107B400077EECA7A0DF2544393ED007AC4EDE57AEC
:107B5000D4ED667A84EDE27A77EEC77A9FED297AE2
:107B6000C4EDE67AD4EDE47AF0EEE77AF4EEC77A83
:107B7000F1EE10FA94BF0123002338EE6A8A84F8EC
:107B80003333012384EDE38A84F8323328E7D4F8D1
:107B90009C3303EBC503D3E90023CDE91223D4E9D9
:107BA000DC230DF58961CDE9142300220023C1E90E
:107BB0000023304602914FF4B47200233946F9F79E
:107BC00099F9DDE91423CDE90001DDE91201FAF7A5
:107BD000E3F8C8B9054B092283F8342300E700BF56
:107BE000E01E0020000000000000B443E00E002072
:107BF00000003443000034C3286B6ECE286B6E4EF9
:107C00000C090020CDCC4C3EDDF84834DDF84C2486
:107C1000B2F1004F08BF002BDCD05B42129362EB45
:107C20004203149305F5BA72D4F89C33129843F8C2
:107C3000320003EBC201149B4B601946F8F7AEFC0F
:107C4000934B0022F8F7D8FC924B0022F8F7D4FCB3
:107C5000F8F7A2FFD4F8AC309D4207EE900A11DA93
:107C6000F4EEE7AAF1EE10FAF4EEC87AC8BFF0EE2F
:107C700067AA3AEE27AAF1EE10FACAF80000C8BFC8
:107C8000B0EE678AB5F5B47F07D1129BC4F878339C
:107C9000149BC4F87C33C4EDE47A16F5803605F104
:107CA00001050AF1040A47F100071FE7179AF2ECF1
:107CB000017A77EECB7A1792A7EEA77A013328E7FD
:107CC0000223A5E69FED748AFEF7DBBA0023FEF7D8
:107CD00002BB1E9BFEF7FFBAB9F1020F09D16F4B31
:107CE0006F480A221A7044F62061FBF715FFFEF771
:107CF0003DB9B9F1030F05D1684B6A480A221A70E1
:107D0000FEF754B945B1654B0A2228461A70FBF7B5
:107D100091FE01466448E8E7129B2BB95F4B63482C
:107D20000A221A70FEF742B91D9B002B00F08B80CF
:107D3000FBF75CFE00287DD0C3685D4D119395F87C
:107D40007C62002E78D095F83363002E76D095F8BB
:107D5000A832002B74D1574F0126574B0DF52678CA
:107D600093ED300A41460DF5387914220520FBF7D2
:107D7000B7FF0DF54A7A95ED360A494614220520DB
:107D8000FBF7AEFF0DF55C7B95ED370A51461422EB
:107D90000220FBF7A5FF95ED3C0A59461422052069
:107DA000FBF79EFFEEAB194695ED3D0A142202202B
:107DB000FBF796FF95EDE40A0DF589611422052085
:107DC000FBF78EFF95F8A802FBF734FE0022CDE901
:107DD0000B06CDE90D7295F833230A92EEAB95F8B8
:107DE0007C220992CDE906B3344B0293119B019397
:107DF0000DF58961189B08910093CDE9049ADDE99E
:107E000028232F48CDF80C800621FBF75BFE2D4A76
:107E10002D4B2E48002C18BF1346CDE902432C4BA6
:107E20000193189B00930621DDE92823FBF74AFE06
:107E3000FEF79EB8274B80E7274F8EE7274F8CE74A
:107E4000274F002689E7B4B11E9BFBB1B0EE480A6C
:107E50000DF58960FCF7FEFA0DF589612148FBF705
:107E60005BFE21480DF58961FBF756FE1F48FBF7C5
:107E700053FEFEF77DB81E490D4A1E48D2F8A83CB5
:107E8000D2F83C2CFBF748FEFEF772B81A49F3E72C
:107E9000008076400000F03D00000000F039002036
:107EA000073A01084A3A0108893A0108BD3A01082F
:107EB000E00E002017060108E01E0020C40801089B
:107EC000003B0108374201081C390108583C0108F1
:107ED0001C130108CC080108E9380108FA38010828
:107EE0000A390108093D0108FF3C01082E3D01083F
:107EF000443901083A3D01082F3901082DE9F04FB6
:107F0000DFF8A091524F99F80030DFF89CA1D7F824
:107F100000B0504EDFF894814F4D89B05C4603931A
:107F2000DAF80030029333780193012C98F800308E
:107F3000009338BF0124013CBBF1010F8CBF00232B
:107F40000123224628685946FDF7F2FF00233370CB
:107F50003A68424E98B903233370414B41480A2195
:107F600019704149414BBBF1010F98BF0B4600937B
:107F700029682346FBF7D0FD09B0BDE8F08FBBF1BF
:107F8000010F0ED83A490B6801330B60394BD3F817
:107F90003C0CD3F8A83C1843B0FA80F0400988F8AC
:107FA00000000A2A21D9344B1B7804ACC3B19FEDE1
:107FB000330A102221460520FBF792FE032333707B
:107FC0002B4B03941B68029398F8003001930B230A
:107FD000009329682A480A230122FBF773FDCBE7A7
:107FE0002849204606F056FCE8E7274B1A68274B3D
:107FF0001A6001F01DF8264B186002233370184BED
:10800000244809221A70184A184B4FF00008BBF197
:10801000010F98BF1346204ACAF8008089F80080F3
:1080200002921E4ACDE9003223463A682968FBF7DE
:1080300073FD404605F030FE044606F01BFB024689
:108040001748214609B0BDE8F04FFBF765BD00BFFA
:10805000F4080020E5080020F808002000090020AE
:10806000F03900208B3D0108EF0B0108FF0B0108E0
:10807000E0080020E00E0020DC08002000000000E6
:10808000D43D0108FC0B0108D8080020F0080020AE
:10809000EC0800207E3E01080B130108C0D401004B
:1080A000E83E0108E6080020E8080020E408002077
:1080B0002DE9F04F674E684FDFF8ECA1674DDFF810
:1080C000EC9187B0FBF7C0FA012365483370FBF7EA
:1080D00059FD00233B7033700022DAF800008DF860
:1080E000132064230DF1130104F0DFFC0446C8B92A
:1080F0009DF81380B8F1010F14D105A886F800800F
:10810000F9F734FA002873D10A2333709DF8173039
:1081100000939DF815209DF816309DF814105148D5
:10812000FBF7FAFC2B78022B45D100F081FF4E4A79
:10813000DFF87C81136847F22F51C31A8B420CD9A8
:1081400010604A4AD8F8003049490092494A096803
:108150001268C31A4848FBF7DFFCD8F800B000F0FB
:1081600067FF464BA0EB0B00984224D900F060FF5C
:10817000D8F800303F49C01A414B1860A0F5EA33E7
:10818000C03BB3F5967F3F4B94BF012200221A708B
:108190000A6802F1010356D9032129700A213170BE
:1081A0004FF49671CDE901013049009130493648CC
:1081B0000968FBF7B1FC2B78032B03D0002C8BD183
:1081C000002B89D100242C70FBF73EFA204605F0E5
:1081D00063FD834606F04EFA804606F051FA5B4690
:1081E000024641462948FBF797FC3C70347073E720
:1081F0002B78013B012B95D9D9F800101C4B1B4A59
:10820000234885F80080013119601A4BC9F8001025
:10821000C3F800801F4B1C701F4B83F80080184B65
:108220001C60184B1C701D4B1C601D4B1C700B23DD
:10823000CDE901320A231B4A00934346FBF742FC77
:10824000FFF75CFE6EE70B6001232B70FFF756FE15
:10825000B1E700BFF0390020F1390020000900200B
:108260003B3F0108463F0108EC080020C0D4010054
:10827000F8080020F408002016400108BFD40100CF
:10828000E8080020E608002060400108EF400108EF
:10829000913F0108E4080020E5080020E0080020E4
:1082A000DC0800201C130108F8390020FC0800201D
:1082B000F00800202DE9F047204E33689BBBDFF823
:1082C0009890D9F8004074BB1D4D1E4FB620A046B3
:1082D0008246214628464FF4B4720023F8F70AFE7E
:1082E000A0EB0A0A15F58035AAF1B60A44F100049C
:1082F000BAF1010F17D8444508BFBD42E8D10121AA
:108300000022084604F065FB306060B10E4A0F4859
:10831000002104F0E2FA0446C9F8000030B93068E0
:1083200004F0F3FB34600020BDE8F087084B012027
:108330001870084B83F80080F6E700BFF83900207A
:10834000B4000200B400730138440108B180000891
:10835000F1390020F0390020F43900200C4B73B5BE
:10836000186880B10B4D2B7803F0FF065BB9012430
:10837000334632460DF107012C708DF8074004F0AA
:1083800063FB18B12E70002002B070BD2046FBE7E1
:10839000F8390020F1390020014B1878704700BFF0
:1083A000F139002028B10023C36103624362836274
:1083B000C362704770B40C46064658B151B10546C9
:1083C0000FCC0FC594E8070085E80700304670BC65
:1083D000FFF7E8BF70BC704700287DD0D0ED017A70
:1083E000D0ED076A90ED026A90ED007AE7EE806AC0
:1083F000D0ED037AF4EEE76AF1EE10FAC8BFF0EEC2
:10840000676AF1EE677AF4EEE67AF1EE10FAD8BF19
:10841000F0EE667AD0ED086AC0ED077A70EE666A13
:1084200020EE077A66EE866A90ED056AB5EEC06AC0
:10843000F1EE10FA43D4F7EE005AB4EEE56AF1EE2D
:1084400010FAD8BFF0EE465A90ED0A6A80ED080A9D
:1084500076EEC66A37EE277AA6EEA56AD0ED047AE4
:1084600080ED0A6A37EE067AB4EEE77AF1EE10FA9A
:10847000C8BFB0EE677AF1EE677AF4EEC77AF1EE34
:1084800010FAD8BFF0EE477A90ED067AB5EEC07AD2
:10849000F1EE10FA0ADDD0ED0B6A37EEE66AB4EEC3
:1084A000C67AF1EE10FA0DD576EE877A90ED090ACC
:1084B000C0ED0B7A30EE670A80ED090A7047DFEDF8
:1084C000085AC1E7F1EE475AF4EEC65AF1EE10FA37
:1084D000C8BF76EEC77AE9E79FED010A704700BF93
:1084E0000000000010B190ED090A70479FED010AED
:1084F000704700BF00000000F0B59B4D0FCDB1B03C
:1085000001AC0FC495E8070001AF84E807000FCF66
:1085100024AE0FC694E80700B0EE000A002486E8F7
:10852000070024A82C942D942E942B942F94FFF7BD
:1085300053FFF0EE401ABFEE000AFFF74DFF05F1C2
:108540000C0CBCE80F0008AF0FC79CE807000DF14A
:10855000200E87E80700BEE80F000DF1900CACE894
:108560000F0097E80700B0EE402A86E80700B7EE54
:10857000000A24A82C942D942E942B942F94FFF76A
:108580002BFF05F1280CBCE80F000FAF0FC79CE8CC
:1085900007000DF13C0E87E80700BEE80F000DF163
:1085A000900CACE80F0097E80700F0EE402A86E850
:1085B0000700B0EE000A24A82C942D942E942B943E
:1085C0002F94FFF709FFB0EE403AB0EE000AFFF734
:1085D00003FF05F1440CBCE80F0016AF0FC79CE881
:1085E00007000DF1580E87E80700BEE80F000DF1F7
:1085F000900CACE80F0097E80700F0EE403A86E8F0
:108600000700B1EE000A24A89DED2B1A2C942D949E
:108610002E942B942F94FFF7DFFE6035B0EE404A86
:10862000B1EE000AFFF7D8FE0FCD1DAF0FC795E8DA
:1086300007000DF1740C87E80700BCE80F0024ADBB
:108640000FC597E80700F0EE404A86E80700B0EE55
:10865000000A24A82C942D942E942B942F94FFF789
:10866000BBFEB0EE405AB0EE000AFFF7B5FEF0EEEA
:10867000007A71EEA71ADFED3D7AF0EEE11AF4EE22
:10868000E71AF1EE10FA6DD5B7EE007A32EE072A4E
:10869000B0EEC22AB4EEE72AF1EE10FA62D5B1EEDE
:1086A000047A72EE872AF0EEE22AF4EEE72AF1EE7F
:1086B00010FA57D5B0EE087A33EE073AB0EEC33A67
:1086C000B4EEE73AF1EE10FA4CD5F1EE086A73EE2B
:1086D000A63AF0EEE33AF4EEE73AF1EE10FA41D5BD
:1086E00031EE471AB0EEC11AB4EEE71AF1EE10FA05
:1086F00038D5B1EE006A34EE064AB0EEC44AB4EEA4
:10870000E74AF1EE10FA2DD5B1EE0C6A74EE864A06
:10871000F0EEE44AF4EEE74AF1EE10FA22D535EE37
:10872000075AB0EEC55AB4EEE75AF1EE10FA19D571
:10873000B2EE027A30EE070AB0EEC00AB4EEE70AF3
:10874000F1EE10FA0ED59DED2F7A37EE667AB0EE87
:10875000C77AB4EEE77AF1EE10FA4CBF01200020A0
:1087600031B0F0BD0020FBE71405010817B7D13880
:1087700082B00E4B00220092596C41F48041596442
:10878000596C01F48041009100990192196C41F0FB
:10879000805119641B6C03F080530193019B0F21DE
:1087A0006FF0010002B000F025BE00BF00380240AB
:1087B00070B5064688B01422002103A805F0D8FF42
:1087C0003268244B9A4242D103F58C33002501953F
:1087D0005A6C2148214C42F480725A645A6C02F45B
:1087E00080720192019A02951A6B42F001021A639B
:1087F0001B6B03F001030293029B1222032303A9C4
:10880000CDE9032301F016F8154B4FF48061C4E95C
:1088100000354FF400634FF40050C4E904134FF4E3
:108820008073C4E906032046C4E90255C4E908552B
:1088300000F036FE08B1FAF7CFFBB4631220002235
:108840000521A66300F0D6FD122000F005FE08B059
:1088500070BD00BF0020014000000240B8070020AA
:108860001064024070B514228AB0064600210DEB58
:10887000020005F07DFF33683C4A934225D13C4C11
:108880003C4800250195236B43F002032363236BCF
:1088900003F002030193019B4FF4C0761223CDE94C
:1088A00005634FF0030C042305A9CDE908C300F0CC
:1088B000C1FF0295236C43F400132364236C03F47B
:1088C00000130293029B0AB070BD2B4A9342FAD167
:1088D000274C284800250395236B43F002032363AC
:1088E000236B03F002030393039B4FF440621223B4
:1088F000CDE905230123079305A90423099300F07B
:1089000099FF0495236C1D4843F480032364236C72
:108910001B4C03F480030493049B4FF06063C4E991
:1089200000034023C4E9023520464FF48063C4E9C4
:108930000435C4E90655C4E9085500F0B1FD08B195
:10894000FAF74AFB7463002205212120A66300F098
:1089500051FD212000F080FD00220521222000F0A1
:1089600049FD222000F078FDADE700BF0054004033
:10897000003802400004024000580040B860024045
:10898000B006002070B5064688B01422002103A866
:1089900005F0EEFE3268344B9A4263D1002503F5B0
:1089A000843301955A6C42F480525A645A6C02F432
:1089B00080520192019A02951A6B42F002021A63E8
:1089C0001B6B03F002030293029B38200223CDE9C4
:1089D000030301240323CDE905432448244C052344
:1089E00003A9079300F026FFDFF890C04FF0C063A3
:1089F000C4E900C34FF48063C4E9043520464FF452
:108A00000033C4E90255C4E90655C4E9083500F04D
:108A100047FD08B1FAF7E0FA164AF464A663164C6B
:108A20004FF0C063C4E9002300234FF48062C4E91F
:108A3000042340214FF400322046C4E90213C4E964
:108A40000633C4E9082300F02BFD08B1FAF7C4FA95
:108A50002320B46400220521A66300F0CBFC232070
:108A600000F0FAFC08B070BD003001400004024084
:108A7000F805002058640240980500204064024038
:108A800010B5044688B01422002103A805F070FE3A
:108A90002368204A93420DD1002300931E4B5A6C49
:108AA00042F001025A645B6C03F001030093009BE7
:108AB00008B010BDB3F1804FFAD103F50E33002496
:108AC00001941A6C154842F001021A641A6C02F003
:108AD00001020192019A02941A6B42F001021A6398
:108AE0001B6B03F001030293029B4FF4004202232D
:108AF000CDE9032303A901230593079300F09AFE10
:108B0000224605211C2000F075FC1C2000F0A4FC6E
:108B1000CEE700BF000001400038024000000240E4
:108B200007B50E4B02689A4216D1002203F59A331C
:108B30000192596C41F0020159645B6C03F002032D
:108B4000019305212D20019B00F054FC2D2003B042
:108B50005DF804EB00F080BC03B000BD00040140F0
:108B600010B5044688B01422002103A805F000FEC9
:108B700023681A4A934218D100230193184B1948CD
:108B80001A6B42F001021A631B6B03F0010301939D
:108B90004FF4E061019B0223CDE903130123079306
:108BA00003A900F047FE08B010BD0F4A9342FAD166
:108BB000002302930A4B0D481A6B42F004021A6319
:108BC0001B6B03F004030293029B40220223CDE9B6
:108BD00003230323079303A9E3E700BF0000014039
:108BE000003802400000024000040140000802403A
:108BF00070B514228AB0054600210DEB020005F085
:108C0000B7FD2B68624A934260D1624B6248634C65
:108C1000002601961A6C42F400321A641A6C02F4AF
:108C200000320192019A02961A6B42F001021A6315
:108C30001B6B03F001030293029B0C220223CDE97C
:108C4000052303210723CDE9081305A900F0F2FD50
:108C500053484FF00063C4E900034023C4E90236DF
:108C600020464FF48063C4E90436C4E90666C4E9CB
:108C7000086600F015FC08B1FAF7AEF96C63DFF88E
:108C80003CE1A563474C4FF000634FF48062C4E9B8
:108C900000E30023C4E9042320464FF48072C4E9B2
:108CA0000233C4E90723A361636200F0F9FB08B152
:108CB000FAF792F9AC63262000220521A56300F0A3
:108CC00099FB262000F0C8FB0AB070BD364A9342DB
:108CD000FAD1304B354C002603961A6C42F48022B0
:108CE0001A641A6C02F480220392039A04961A6B97
:108CF00042F004021A631B6B03F004030493049B09
:108D00004FF440610223CDE9051303200723CDE989
:108D1000080305A9264800F08DFDDFF8A4C04FF038
:108D20000063C4E900C34023C4E9023620464FF47F
:108D30008063C4E90436C4E90666C4E9086600F045
:108D4000AFFB08B1FAF748F91A4A6C63A5631A4CED
:108D50004FF00063C4E9002300234FF48062C4E9AC
:108D6000042320464FF48072C4E90233C4E9072388
:108D7000A361636200F094FB08B1FAF72DF9AC63CC
:108D8000272000220521A56300F034FB272099E766
:108D9000004400400038024000000240D803002098
:108DA000A060024078030020004800401803002023
:108DB0000008024028600240B8020020886002409B
:108DC0005860024030B589B000230293204B1A6CE2
:108DD00042F480721A641B6C03F48073029305469C
:108DE00001A903A8029B01F08FFF069B4BBB01F07A
:108DF0006BFF184A184B136040F2E733D360174BF0
:108E0000B0FBF3F3013B5360104600231361936002
:108E1000936102F0E9FE044680B90E4802F0B2FD0B
:108E2000044658B92D2000F017FB0F2D0DD822460F
:108E300029462D2000F0DEFA094B1D60204609B0BE
:108E400030BD01F041FF4000D3E70124F6E700BF49
:108E500000380240FC3900200020004040420F0052
:108E600008000020FEE7FEE7FEE7FEE7FEE77047AA
:108E7000014800F01DBC00BFB8020020014800F00E
:108E800017BC00BF18030020014800F011BC00BF50
:108E900078030020014800F00BBC00BFD80300207D
:108EA000014800F074B900BF18080020014802F022
:108EB000A8BD00BF08050020014800F0B3BF00BFF7
:108EC00010070020014801F0F1BB00BF100700208F
:108ED000014803F07BBB00BF7C040020014803F085
:108EE00075BB00BF3804002008B5044802F089FDB6
:108EF000BDE80840024802F084BD00BFC004002065
:108F0000FC390020014800F0D3BB00BFB0060020B0
:108F1000014800F0CDBB00BFB8070020014800F0B9
:108F2000C7BB00BFF8050020014800F0C1BB00BF6F
:108F300098050020014802F017BC00BF5806002029
:108F40000A4A0346106810B508B909481060094973
:108F5000094C0344091B8B4206D905F06FFC0C2316
:108F600003604FF0FF3010BD1360FCE7443A00206F
:108F700078EB01200000022000040000034AD2F830
:108F8000883043F47003C2F88830704700ED00E089
:108F9000DFF834D00D480E490E4A002302E0D458C1
:108FA000C4500433C4188C42F9D30B4A0B4C002331
:108FB00001E013600432A242FBD3FFF7DFFF05F0AC
:108FC00043FCFAF76DF87047000002200000002013
:108FD00060000020984901086000002078EB012023
:108FE000FEE7000008B50B4B1A6842F400721A60E5
:108FF0001A6842F480621A601A6842F480721A6039
:10900000032000F0E5F90520FFF7DCFEFFF7B0FBD9
:10901000002008BD003C0240034A044B11681B7845
:109020000B441360704700BF483A00200400002042
:10903000014B1868704700BF483A002038B5044615
:10904000002800F09B80056C25B9FFF7B1FB656433
:1090500084F83C50236CDB0600F18E80236C23F4F3
:10906000885323F0020343F002032364444B5A68FD
:1090700022F440325A605A6861680A435A60236891
:1090800021695A6822F480725A605A6842EA0122C1
:109090005A605A68A16822F040725A605A680A43BE
:1090A0005A609A68E16822F400629A609A680A43FA
:1090B0009A603449A26A8A4252D0996821F070615C
:1090C000996099680A439A609A68E16A22F040526E
:1090D0009A609A680A439A609A6822F002029A603B
:1090E0009A68217E42EA41029A6094F82020002A80
:1090F0003ED05A68616A42F400625A605A6822F4AB
:1091000060425A605A68013942EA41325A60DA6A6A
:10911000E16922F47002DA62DA6A013942EA015244
:10912000DA629A6822F400729A609A6894F83010B1
:1091300042EA41229A609A68616922F480629A60E8
:109140009A68002042EA81229A606064236C23F0CE
:10915000030343F001032364002384F83C3038BD4B
:109160009A6822F070629A609A6822F04052B2E7E0
:109170005A6822F40062C9E70120EDE70120EEE71A
:10918000002301400100000F7047704770470368DB
:1091900070B51E685D68B20704462BD5A80629D5B0
:1091A000226CD1065EBF226C42F4007222649A687F
:1091B00012F0405F17D1227EAAB9DA6A12F4700F5A
:1091C00002D09A6852050ED45A6822F020025A60E2
:1091D000236C23F480732364236CD8045EBF236C58
:1091E00043F0010323642046FFF7CEFF23686FF0AE
:1091F00012021A60710733D52A0631D5236CDB06BB
:109200005EBF236C43F40053236423689A6812F40E
:10921000401F1ED19A6B12F4401F02D09A6850056D
:1092200017D45A68510514D49A6812F0405F10D1CF
:10923000227E72B95A6822F080025A60236C23F4AD
:1092400080532364236CDA055EBF236C43F0010373
:109250002364204600F0BAF823686FF00C021A600D
:10926000F30710D568060ED523681B68D9070AD501
:10927000236C43F4803323642046FFF786FF236882
:109280006FF001021A60B2060ED56B010CD5636C4B
:1092900043F00203636423686FF020051D602046DD
:1092A000FFF774FF23681D6070BD0000F7B5002351
:1092B000019390F83C30012B05467CD0012380F8C7
:1092C0003C3008682B688E68092884B230D904EBDA
:1092D0004402DF681E3A4FF0070C0CFA02FC27EA42
:1092E0000C07DF60DF6806FA02F23A43DA60496889
:1092F000062901EB81022AD8596B053A1F269640B0
:1093000021EA06015963596B04FA02F20A435A63CF
:109310002A4A934207D1122834D1D2F8043343F4B5
:109320008003C2F80433002085F83C0003B0F0BD90
:109330001A6900EB400C072707FA0CF722EA07022C
:109340001A611A6906FA0CF616431E61CFE70C295A
:109350004FF01F010BD81E6B233A914026EA010102
:109360001963196B04FA02F20A431A63D0E7DE6A42
:10937000413A914026EA0101D962D96A94400C43EE
:10938000DC62C5E7A0F11003012BCCD80C4A53686E
:10939000102843F400035360C5D10A4B0A4A1B68E6
:1093A000B3FBF2F30A2253430193019B002BBAD083
:1093B000019B013BF8E70220B8E700BF0020014015
:1093C000002301400000002040420F0070470000D1
:1093D0000749CA6822F4E0620302120403F4E0635E
:1093E000120C134343F0BF6343F40033CB60704768
:1093F00000ED00E0164B30B5DC68C4F30224C4F184
:109400000703251D042B28BF0423062D4FF0FF352D
:109410008CBF033C002405FA03F321EA0303A540B3
:1094200022EA0502A340002843EA0203ACBF00F190
:109430006040084A4FEA0313B8BF00F00F00DBB2E8
:10944000AABF00F56140135480F8003330BD00BF5F
:1094500000ED00E014ED00E0002807DB4109044ABC
:1094600000F01F000123834042F82130704700BF05
:1094700000E100E0036810B5084C0246D9B210398B
:109480001820B1FBF0F0205CD06523F47F7020F051
:1094900003005F2988BF0430906510BD684501084E
:1094A00070B50446FFF7C4FD0546002C60D00223CA
:1094B00084F835302268002384F83430136823F0B0
:1094C0000103136022681368D8072ED4136832484A
:1094D000A1691840D4E901352B43E5682B43256980
:1094E0002B4365692B43E5690B432B43256A2B43CB
:1094F0000343606A042802BFD4E90B5635432B436B
:1095000013605369042823F0070343EA000335D1AD
:10951000A06AE56A03438DB391B9012820D030F0E9
:1095200002012BD1E90129D51DE0FFF781FD401B88
:109530000528C7D920230320636584F8350070BD52
:10954000B1F5005F16D1032818D801A151F820F019
:109550006795000825950008679500086195000843
:10956000B5F1C07F0AD140236365012384F835300B
:109570000120E4E70228F6D90328D3D0536120461E
:10958000FFF778FFE26D3F239340836000200123C3
:10959000606584F83530D2E73F8010F070B590F800
:1095A0003440866D012C30D0012480F8344090F88E
:1095B0003540012C4FF0000425D1022580F83550AC
:1095C00044650468256825F4802525606360836808
:1095D000402B0EBFA260A160E260C26D08BFE160D7
:1095E0003F239340B360236843F016032360036C6A
:1095F0001BB1236843F008032360236843F0010391
:109600002360002070BD80F834400220FAE770B576
:109610000446866DFFF70CFD94F83530022B0546A5
:1096200006D0802363650120002384F8343070BDA8
:1096300023681A6822F016021A605A6922F0800222
:109640005A61226C0AB9A26C1AB11A6822F0080297
:109650001A601A6822F001021A602368186810F074
:10966000010007D1E26D3F239340B360012384F8EA
:109670003530D9E7FFF7DCFC401B0528EDD9202366
:109680000320636584F83500CEE790F83530022B6F
:1096900003D080234365012070470268052380F8CA
:1096A0003530136823F00103136000207047000079
:1096B000F7B5002301935C4B856D1F68C36D2E6861
:1096C00008229A40324204460CD0016808684007DC
:1096D00008D5086820F004000860AA60626D42F0B6
:1096E0000102626501229A40324208D0216849692C
:1096F000090641BFAA60626D42F00202626504225F
:109700009A40324208D021680968880741BFAA60A0
:10971000626D42F00402626510229A40324210D01B
:109720002368196809070CD5AA601A68500337D551
:109730001B68190301D4236C00E0A36C0BB1204615
:109740009847E16D20228A4032423AD02368186857
:10975000C60636D5AA6094F83520052A1A6827D19E
:1097600022F016021A605A6922F080025A61226CB5
:109770000AB9A26C1AB11A6822F008021A603F23D3
:109780008B40AB60012384F83530002384F83430FB
:10979000236D002B45D0204603B0BDE8F0401847AC
:1097A0001A68D2055EBF1A6822F008021A60C2E782
:1097B000500327D51B68190331D4636C0BB12046C5
:1097C0009847636D6BB3636DDA0719D522684FF460
:1097D0001653B7FBF3F7052384F83530136823F0ED
:1097E00001031360019B0133BB42019302D813684C
:1097F000DB07F7D4012384F83530002384F83430B4
:10980000E36CC6E71A6812F4807208D1196821F077
:1098100010011960012384F8353084F83420E36B9B
:10982000CCE703B0F0BD00BF0000002090F8350089
:10983000704700002DE9F74FDFF8A491664A002336
:109840000D6801249C4004EA0506AC4340F0AF805B
:109850004D68032705F003044FEA430807FA08FCA4
:10986000671E012F6FEA0C0C34D8876807EA0C0ECC
:10987000CF6807FA08F747EA0E078760476827EAC4
:10988000060EC5F300179F4047EA0E074760C768FA
:1098900007EA0C0E8F6807FA08F747EA0E07022C52
:1098A000C76019D14FEAD30A00EB8A0A03F0070B0D
:1098B000DAF820704FEA8B0B4FF00F0E0EFA0BFE0A
:1098C00027EA0E0E0F6907FA0BF747EA0E07CAF8E8
:1098D000207001E0032CDAD1076804FA08F407EAE3
:1098E0000C073C4315F4403F046060D00024019411
:1098F000D9F8444044F48044C9F84440D9F844407D
:1099000023F0030707F1804704F4804407F59C37F0
:10991000019403F0030C019CD7F808E04FEA8C0C8B
:109920000F2404FA0CF42EEA040E2C4CA04245D06D
:1099300004F58064A04243D004F58064A04241D085
:1099400004F58064A0423FD004F58064A0423DD07D
:1099500004F58064A0423BD004F58064A04239D075
:1099600004F58064A04214BF0824072404FA0CF410
:1099700044EA0E04BC609468F74315F4801F0CBFE2
:109980003C4034439460D46815F4001F0CBF3C4045
:109990003443D460546815F4003F0CBF3C4034435A
:1099A00054601468ED0354BF3C40344314600133E9
:1099B000102B7FF445AF03B0BDE8F08F0024D5E74E
:1099C0000124D3E70224D1E70324CFE70424CDE721
:1099D0000524CBE70624C9E7003C01400000024013
:1099E0000038024000690840003818BF0120704765
:1099F0000AB1816170470904FBE7436901EA030288
:109A000021EA030141EA02418161704770B50446D1
:109A100008B9012070BD90F83D3003F0FF021BB97A
:109A200080F83C20FEF71EFF242384F83D30236895
:109A30001A6822F001021A601A6842F400421A60A1
:109A40001A6822F400421A6001F03EF93F4B656843
:109A50009D4294BF3E4B3F4B98428CBF0023012355
:109A6000002BD6D12268394E51683B4BB0FBF3F343
:109A700021F03F011943B542516088BF4FF49676FB
:109A8000116A88BF734321F03F0184BF4FF47A7697
:109A9000B3FBF6F301330B431362D169431E2B482A
:109AA00021F44F41854221F0FF0132D86D0040F68C
:109AB000FC70B3FBF5F30133034242D0C3F30B0355
:109AC0001943D161D4E907301168034321F0C00183
:109AD0000B4313609168D4E9030321F4034103436A
:109AE00021F0FF010B439360D4E90530D1680343B3
:109AF00021F0FF010B43D360136843F001031360AF
:109B000000202023206484F83D30206384F83E0048
:109B100080E7A06850B905EB4505B3FBF5F30133C9
:109B2000C3F30B037BB143F40043C9E71920684337
:109B3000B3FBF0F30133C3F30B0323B143F440430E
:109B4000BEE70423BCE70123BAE700BFA0860100FB
:109B50007F841E00FF083D0040420F0070477047A1
:109B60007047704770477047704790F83D2008B5C0
:109B7000036DD2B283B9C36C0268012B836C05D12B
:109B8000DBB21361036D0233036508BDC3F3072322
:109B90001361036D0133F7E7036D012B03D1836C70
:109BA0000268DBB2F4E7036D022BEED1222A05D165
:109BB0000268136843F480731360EAE7438D9BB235
:109BC00063B1212A0AD1436A026813F8011B1161AB
:109BD0004362438D013B9BB24385D6E7438D9BB2E5
:109BE000002BD2D1212AD0D10268516821F4E06142
:109BF0005160116841F4007111602022036380F804
:109C00003D2080F83E30FFF7AFFFBEE7704770475A
:109C10007047000037B5002301932D4B806B1B6804
:109C200090F83D2046F2A811B3FBF1F323214B43FA
:109C300001930368D2B2019941BB016C41F020014C
:109C40000164446B0CB10021E163816B09B1002513
:109C5000CD631D6825F480651D600025458504B130
:109C6000256501B10D65196821F00101196090F8B1
:109C70003D10602911D1202380F83D30002380F869
:109C80003E300364FFF7C4FF03B030BD01990139D2
:109C9000019119688905CED4D3E702F02802282A59
:109CA0000ED1196841F001011960196841F4806111
:109CB00019600023036380F83D20FFF7A8FFE3E766
:109CC000202380F83D30002380F83E30F5E700BFC8
:109CD0000000002010B590F83D2090F83E30102B89
:109CE000D9B204460368D2B201D0402913D1222A46
:109CF00011D1196821F400611960596811F40061EB
:109D000006D1602A1EBF202284F83D2084F83E1030
:109D10000022226307E002F028012829EDD1002269
:109D2000226384F83D105A6812F400624FD05A68DA
:109D3000606B22F400625A6090F83530012B374B8B
:109D40002BD00365FFF7A1FC50B12268606B13684C
:109D500023F001031360202384F83D30036D9847FE
:109D6000236C19071FBF2268536823F4E063536014
:109D700094F83D30226C5207DBB20DD5282B0BD165
:109D8000274BE362202200232363204684F83D20F2
:109D900084F83E30FFF7E7FE10BDA06B0365FFF7C8
:109DA00074FC0028DCD023685A69510605D51A696D
:109DB000636A1A70636A013363622268A06B136876
:109DC00023F001031360202384F83D30C6E794F8A4
:109DD0003D10602915D1202184F83D1022645A6974
:109DE000520605D51A69636A1A70636A01336362A1
:109DF0002268136823F0010313602046FFF708FF71
:109E0000AEE75A69500605D51A69636A1A70636A23
:109E1000013363622046FFF7FAFEA1E7159C0008B4
:109E20000000FFFFF0B5036804465A68C66A90F860
:109E30003E0094F83D1010288FB0C5B2C9B202D0D0
:109E4000402D40F0CF829F69586910F0010F07D173
:109E5000B6F52A0F02D0B6F12A4F51D10FB0F0BD9E
:109E600096054DD5E26AB2F52A0F0CD10122E262C5
:109E700094F83E20402A11D1226D52B9626C02F052
:109E8000FE021A61EAE7E26AB2F12A4FF0D1082233
:109E9000EDE7626C42F00102D2B2F2E72269B2F55C
:109EA000804F1AD194F83D20212A626C11D102F022
:109EB000FE021A61626B0AB1D26B2AB9A26B002A48
:109EC000CCD0D26B002AC9D05A6842F400625A60E2
:109ED000C4E742F00102D2B2EBE7226D32B9626C04
:109EE000D21102F0060242F0F002CAE7226D012A06
:109EF000B4D1626CD21102F0060242F0F102C0E766
:109F0000060703D5960501D5626CE4E7860740F1A4
:109F1000E880960540F1E58094F83E10E26A256BF2
:109F200094F83D002228C9B240F0D380206D40B99A
:109F3000402906D101905A6901929B690193019BC6
:109F40008CE7216D89B92069B0F5404F0DD10291A0
:109F50005A6902929A690292029A1A6842F48072CD
:109F60001A60236D0133236578E7618D89B251B999
:109F700003915A6903929A690392039A1A6842F408
:109F800000721A6019E0618D89B2012949D112F578
:109F9000803F1BD11A6822F480621A605A6812F45A
:109FA00000620CD01A6822F480621A6000220492C7
:109FB0005A6904929B690493049B0023D3E705929A
:109FC0005A6905929A690592059AD7E7082A1CD022
:109FD000202A1AD0122D0DD1012A16D11A6822F486
:109FE00080621A60002206925A6906929B69069363
:109FF000069BE2E7102AF1D8974941FA02F2D70707
:10A00000ECD41A6842F48062EBE71A6822F48062AA
:10A010001A60002207925A6907929A690792079A72
:10A02000ACE7618D89B2022930D1102A03D88B495F
:10A03000D140CE0715D4196821F4806119601968E0
:10A0400041F40061196059680D0514D5202A1AD809
:10A05000072A0AD8012A0ED15A6842F480525A605F
:10A0600009E0196841F48061ECE7A2F108017C4A3B
:10A07000CA40D007F0D4002208925A6908929B691E
:10A080000893089B99E712F5803FE4E7196841F4CB
:10A09000806119605968090510D5202A16D8072A49
:10A0A00006D8012A0AD15A6842F480525A6005E063
:10A0B000A2F108016A4ACA40D207F4D400220992E8
:10A0C0005A6909929B690993099B76E712F5803FCB
:10A0D000E8E700220A925A690A929B690A930A9B4E
:10A0E000BCE67F0740F18D805E6836053FF5B6AE71
:10A0F000070600F004063ED550053CD5002E3DD1A4
:10A1000094F83D20258D94F83E10E06AD2B2C9B291
:10A11000C5B9212A18D1082858D0202856D010F5C2
:10A12000803F53D05A6822F4E0625A6011232363BF
:10A13000002384F83E30202384F83D302046FFF78A
:10A140000DFD8BE6212A05D040297FF487AE222A17
:10A150007FF484AE628D92B21AB95A6822F480629A
:10A16000B5E694F83E20402A16D120460FB0BDE84F
:10A17000F040FFF7FABC002E3FF470AE97057FF574
:10A180006DAE212939D1E16A94F83D20212A7FF46E
:10A1900065AE628D92B24AB1626A12F8011B196112
:10A1A0006262638D013B9BB2638557E608290DD03F
:10A1B00020290BD011F5803F08D0596821F4E061C7
:10A1C00059601123236384F83E20B4E75A6822F4CF
:10A1D000E0625A601A6842F400721A60002320227A
:10A1E000236384F83D2094F83E2084F83E30402AD2
:10A1F0002046A4D1FFF7B8FC30E6402D7FF42EAE08
:10A20000B3E759680E053FF529AE450600F0040195
:10A210007DD550057BD500297CD194F83D20222A9C
:10A220007FF41CAE628D92B2032A1BD91A69636A4D
:10A230001A70636A01336362638D013B9BB263856D
:10A24000638D9BB2032B7FF409AE2268536823F41D
:10A250008063536002E600BFEBFFFEFF14000100C5
:10A2600001010001E06A02283FF477AF012A3FF6BE
:10A2700074AF764A0B91126846F2A811B2FBF1F264
:10A2800002EB82020B920B9A013A0B920B99D1B915
:10A29000226C42F0200222645A6822F4E0625A6082
:10A2A0001A69636A1A70636A01336362638D013BE2
:10A2B0009BB26385202384F83D30204684F83E100D
:10A2C000FFF7A5FCCAE51A6812F40072DBD1196821
:10A2D00021F480611960596821F4E06159601969BD
:10A2E000636A1970636A01336362638D013B9BB2D9
:10A2F0006385202384F83D3094F83E3084F83E2076
:10A30000402B69D122632046FFF780FCA6E5002997
:10A310003FF4A4AD92057FF5A1ADE26A608D616A5C
:10A3200080B2042809D15A6822F480625A601B69FD
:10A330000B70636A0133636233E7608D80B2032878
:10A340000CD15868042A20F480605860EFD0022AAB
:10A35000EDD01A6822F480621A60E8E7608D80B25E
:10A360000228E4D1042A33D007D8012A07D0022AD0
:10A370002ED01A6842F4007204E0102AF9D11A684B
:10A3800022F480621A601B690B70626A531C63625C
:10A39000638D013B9BB2638523681B695370636ABD
:10A3A000226801336362638D013B9BB2638553680E
:10A3B00023F440735360202384F83D3094F83E30FA
:10A3C000402B4FF0000384F83E3005D123639AE719
:10A3D0001A6842F48062D5E7122323632046FFF710
:10A3E000BEFB3BE5206C18B35869002587072FD5C5
:10A3F00096052DD5226C02B19D6994F83D2002F09E
:10A400002802282A17D15A682F0622F480625A603F
:10A41000C5F3800154BFE268A269002381F0010105
:10A42000C9B284F83C3092B22046FFF79BFB15E599
:10A430009D695869DAE700220C9259690C919B6971
:10A440000C930C9B84F83C2008E500BF0000002022
:10A45000C60640F1B180950540F1AE8094F83D50BC
:10A460005A6822F4E0625A6000220D925A690D92F5
:10A470001A6842F001021A600D9A1A6822F480628A
:10A480001A605A681005EDB220D505F0F702222AAD
:10A490004AD1A06B0268526892B26285628D92B214
:10A4A0001AB1226C42F0040222645A6822F400625B
:10A4B0005A60FFF7BBF9012808D0A06B794B036500
:10A4C000FFF7E3F810B1A06B036D9847638D9BB263
:10A4D00013B323685A69510709D51A69636A1A7058
:10A4E000636A01336362638D013B9BB263852368BA
:10A4F0005A69520609D51A69636A1A70636A013388
:10A500006362638D013B9BB26385638D9BB21BB11C
:10A51000236C43F004032364236C13B320460FB071
:10A52000BDE8F040FFF7D6BB606B0268526892B29C
:10A530006285628D92B21AB1226C42F004022264EA
:10A540005A6822F400625A60FFF770F90128BDD002
:10A55000606B544B0365FFF798F80028B6D0606B2A
:10A56000B2E72A2D06D12363282384F83D30204604
:10A57000FFF7F7FA94F83D30282B0CD14A4BE362F1
:10A58000202200232363204684F83D2084F83E30B7
:10A59000FFF7E9FA62E4236B222B02D0222D7FF42D
:10A5A0005DAC00232022236384F83D2084F83E30F4
:10A5B0002046FFF7D6FA51E401F0F701212900F017
:10A5C000040535D1070627D5560525D53DBB94F89A
:10A5D0003D00628D92B2C0B2002A3FF43FAC626A85
:10A5E00012F8015B1D616262628D013A92B262856E
:10A5F000628D92B2002A7FF431AC29287FF42EAC10
:10A600005A6822F480625A6028232163204684F825
:10A610003D30FFF7A5FA21E4002D3FF41FAC95056E
:10A620007FF51CAC628D92B2002A3FF417ACB3E503
:10A63000400627D5510525D53DBB94F83D20618DB9
:10A6400089B2D2B200293FF409AC1969636A197062
:10A65000636A01336362638D013B9BB26385638DE3
:10A660009BB2002B7FF4FAAB2A2A7FF4F7AB226867
:10A67000536823F48063536022232363282384F8E0
:10A680003D3095E7002D3FF4E9AB92057FF5E6AB51
:10A69000628D92B2002A3FF4E1AB1A69636A1A70C4
:10A6A00047E600BF159C00080000FFFFF8B50368EF
:10A6B0005F695E6890F83E2017F480750446D2B258
:10A6C00006D016F480751EBF6FF4807159610125A4
:10A6D000B80506D5F10542BF6FF4007145F00205DB
:10A6E0005961780536D5F10534D5608D94F83D1063
:10A6F000D4F830C0202A80B2C9B25BD1002859D129
:10A7000001F0F700212804D0282953D1BCF1210FF2
:10A7100050D194F83D20E16A0829D2B201D0202915
:10A720002AD1282A28D12C4AE2625A6822F4E0620F
:10A730005A606FF480625A611A6822F480621A606B
:10A74000002320222363204684F83D2084F83E30F5
:10A75000FFF709FA3A053BD5F30539D523686FF4BD
:10A76000006245F008055A61236C1D4325642046AC
:10A77000BDE8F840FFF7AEBA212A17D11649E162C9
:10A780002263202284F83D20002284F83E205A686B
:10A7900022F4E0625A606FF480625A611A6822F40F
:10A7A00080621A602046FFF7DBF9D3E76FF480621E
:10A7B0005A61CFE76FF48061102A596145F00405B2
:10A7C00001D0402AC6D11A6842F400721A60C1E76B
:10A7D000002DC9D1F8BD00BF0000FFFF2DE9F341F6
:10A7E000044640B30368DE0710D423689D075BD49A
:10A7F0002368190700F19D8023685A0700F1BD8086
:10A80000A369002B40F0248100202CE08D4B9A6836
:10A8100002F00C02042A07D09A6802F00C02082AFF
:10A820000BD15B68590208D5864B1B689A03DCD5AF
:10A830006368002BD9D1012015E06368814DB3F521
:10A84000803F13D12B6843F480332B60FEF7F0FB7D
:10A850007C4E054633689B03C7D4FEF7E9FB401BDB
:10A860006428F7D9032002B0BDE8F081B3F5A02F2A
:10A8700004D12B6843F480232B60E3E72A6822F499
:10A8800080322A602A6822F480222A60002BDDD1DF
:10A89000FEF7CEFB06462B689F03A6D5FEF7C8FB46
:10A8A000801B6428F7D9DDE7664B9A6812F00C0F1D
:10A8B00007D09A6802F00C02082A11D15B685D0289
:10A8C0000ED4604A1368990702D5E368012BB2D110
:10A8D0001368216923F0F80343EAC103136087E793
:10A8E000E268594BB2B101221A60FEF7A1FB554D47
:10A8F00006462B689B0707D52B68226923F0F803CF
:10A9000043EAC2032B6073E7FEF792FB801B022829
:10A91000EFD9A7E71A60FEF78BFB4A4E054633686E
:10A920009F077FF565AFFEF783FB401B0228F6D932
:10A9300098E76269444B82B10122C3F8802EFEF78A
:10A9400077FB404E0546736F9B073FF555AFFEF70B
:10A950006FFB401B0228F6D984E7C3F8802EFEF770
:10A9600067FB384E0546736F9F077FF545AFFEF7CF
:10A970005FFB401B0228F6D974E7324B1A6C12F0C9
:10A98000805228D101921A6C42F080521A641B6CDA
:10A9900003F080530193019B01272C4D2B68D805B0
:10A9A0001BD5A368274D012B27D12B6F43F0010343
:10A9B0002B67FEF73DFB234E054641F28838336F87
:10A9C0009A0739D5002F3FF41BAF1E4A136C23F0B2
:10A9D0008053136414E70027DFE72B6843F4807388
:10A9E0002B60FEF725FB06462B68D905D9D4FEF768
:10A9F0001FFB801B0228F7D934E7052B04D12B6FEE
:10AA000043F004032B67D0E72A6F22F001022A6784
:10AA10002A6F22F004022A67002BCAD1FEF708FB36
:10AA200041F2883806462B6F9B07CBD5FEF700FB1B
:10AA3000801B4045F7D915E7FEF7FAFA401B404561
:10AA4000BDD90FE7003802400000474200700040C7
:10AA5000374DAA6802F00C02082A3ED0022B354B73
:10AA60004FF000021A662BD1FEF7E2FA06462B6879
:10AA700099011FD4D4E907321343626A43EA82136F
:10AA8000E26A43EA0263A26A5208013A43EA0243D5
:10AA90006B60284B264D01221A66FEF7C9FA044660
:10AAA0002B689A013FF5B0AEFEF7C2FA001B0228F0
:10AAB000F6D9D7E6FEF7BCFA801B0228D7D9D1E633
:10AAC000FEF7B6FA04462B689B017FF59DAEFEF7B4
:10AAD000AFFA001B0228F6D9C4E6012B3FF4ABAE57
:10AAE0006B68E26903F4800191427FF4A4AE216AAD
:10AAF00003F03F028A427FF49EAE616A47F6C0725D
:10AB00001A40B2EB811F7FF496AEA26A520803F49A
:10AB10004031013AB1EB024F7FF48DAEE26A03F0AF
:10AB20007063B3EB026F14BF012000209BE600BFEF
:10AB30000038024000004742134908B58B6803F013
:10AB40000C03042B1CD0082B1CD14A684B684968A5
:10AB500013F4800314BF0D480D48C1F3881118BFCA
:10AB6000002302F03F02A1FB0001F6F7C3F9064BF8
:10AB70005B68C3F3014301335B00B0FBF3F008BD36
:10AB80000248FCE70248FAE70038024000127A0067
:10AB90000024F4002DE9F0410D46044610B90120CF
:10ABA000BDE8F081434B1A6802F007028A4228D3BD
:10ABB00021688F072DD4C80740D43E4B1A6802F095
:10ABC0000702AA4265D8226851076BD4130707D53C
:10ABD000394A2169936823F4604343EAC1039360CF
:10ABE000FFF7AAFF344B354A9B68C3F30313D35CCA
:10ABF000D840334B1860334B1868FEF7E3F8002059
:10AC0000CEE7CAB21A701B6803F007038B42C6D1A5
:10AC1000CEE7294B11F0040F1EBF9A6842F4E052B0
:10AC20009A600E0742BF9A6842F460429A609A683E
:10AC3000A06822F0F00202439A60BCE762681E4BF3
:10AC4000012A1CD11B6813F4003FA8D01A4EB36828
:10AC500023F003031343B360FEF7EAF941F28838A7
:10AC60000746B368626803F00C03B3EB820FA4D00D
:10AC7000FEF7DEF9C01B4045F3D9032090E7911E93
:10AC800001291B6802D813F0007FDEE713F0020FE2
:10AC9000DBE7EAB21A701B6803F00703AB427FF4EC
:10ACA0007EAF90E70449E0688B6823F4E0530343E8
:10ACB0008B608BE7003C0240003802405845010899
:10ACC0000000002008000020044B054A9B68C3F3E5
:10ACD0008223D35C034A1068D84070470038024092
:10ACE0005045010800000020044B054A9B68C3F34F
:10ACF0004233D35C034A1068D840704700380240A2
:10AD000050450108000000200F2303600B4B9A6898
:10AD100002F0030242609A6802F0F00282609A68D0
:10AD200002F4E052C2609B68DB0803F4E053036165
:10AD3000034B1B6803F007030B60704700380240A9
:10AD4000003C024082B000230093134B45F6C052F2
:10AD50001B68B3FBF2F36422534301930368019A27
:10AD60009AB9426D42F0400242651A6822F04002F0
:10AD70001A605A6822F0E0025A60DB680093009B78
:10AD8000072380F8513002B07047019A013A0192CE
:10AD90009A689207E3D5E8E70000002003685A6844
:10ADA00022F080025A601A6822F040021A600723DB
:10ADB00080F85130704700002DE9F3411C461646DB
:10ADC0000F460546FEF734F93444241AFEF730F9ED
:10ADD000244B1B68C3F3CB336343804601932A683B
:10ADE000936837EA030301D000202EE0731CF7D0EC
:10ADF000FEF71EF9A0EB0800A04229D32B685A6881
:10AE000022F0E0025A606A68B2F5827F0AD1AA682D
:10AE1000B2F5004F02D0B2F5806F03D11A6822F06C
:10AE200040021A60AA6AB2F5005F07D11A6822F4DC
:10AE300000521A601A6842F400521A60012385F821
:10AE40005130002385F85030032002B0BDE8F08176
:10AE5000019A019B002A03F1FF33019308BF1446B6
:10AE6000BDE700BF0000002038B513464268B2F5C8
:10AE7000827F044606D00A460121FFF79DFFB8B93C
:10AE8000002038BD8268B2F5004F02D0B2F5806F65
:10AE900007D125682868B2F5806F20F0400028604F
:10AEA00003D00A4680212046E7E70A460121FAE757
:10AEB000636D43F0200363650320E2E737B5134673
:10AEC000124A1568124AB5FBF2F54FF47A725543EF
:10AED00042680195B2F5827F04460BD10A46802173
:10AEE000FFF76AFF78B1636D43F0200363650320C9
:10AEF00003B030BD019B33B1019B013B019323683B
:10AF00009B681B06F6D40020F2E700BF000000207B
:10AF100000366E0110B50446002855D0436A002B58
:10AF20004ED14268B2F5827F00D0C3610023A36294
:10AF300094F8513003F0FF0223B984F850202046E2
:10AF4000FDF720FD2168A068A269022384F8513032
:10AF50000B6823F040030B60636800F4044003F4C3
:10AF600082730343E06800F400600343206900F04B
:10AF700002000343606900F00100034302F4007023
:10AF80000343E06900F038000343206A00F08000CA
:10AF90000343A06A00F4005003430B60636A120C81
:10AFA00003F0100302F004021A434A60CB6923F451
:10AFB0000063CB6100200123606584F8513010BD2F
:10AFC0000023C0E90433B1E70120F8E72DE9F74396
:10AFD0001F4690F85030012B04460D46904600F075
:10AFE000A080012380F85030FEF722F894F8513009
:10AFF000012B8146D8B240F09280002D61D0B8F18B
:10B00000000F5ED0032384F8513000236365C4E948
:10B010001033A4F83680A363A387E387A368266868
:10B020002563B3F5004FA4F8348007D1336823F0CB
:10B0300040033360336843F4804333603368E2682D
:10B040005B065EBF336843F040033360B2F5006FC8
:10B0500063683FD113B1B8F1010F07D135F8023B56
:10B06000F3602563E38E013B9BB2E386E38E9BB2E4
:10B07000A3B94A4639462046FFF720FF00284BD1A6
:10B08000A36833B901932368DA6801929B6801933E
:10B09000019B606D003818BF012012E022689368A0
:10B0A000980705D5236B33F8021BD1602363D9E7DA
:10B0B000FDF7BEFFA0EB0900B842D7D3791CD5D06D
:10B0C0000320012384F85130002384F8503003B06A
:10B0D000BDE8F08313B1B8F1010F08D12B783373B9
:10B0E000236B01332363E38E013B9BB2E386E38E44
:10B0F0009BB2002BBDD023689A68920703D5226BC0
:10B1000012781A73ECE7FDF793FFA0EB0900B84241
:10B11000EDD37B1CEBD0D3E720236365B0E702209F
:10B12000CFE70220D3E72DE9F7431E4690F85030D1
:10B13000DDF82880012B04460D46914600F0E180A1
:10B14000012380F85030FDF773FF94F851306268A6
:10B15000012B0746D9B20AD0B2F5827F40F0CF80EA
:10B16000A368002B40F0CB80042940F0C88015B1C3
:10B17000B9F1000F09D10120012384F851300023D7
:10B1800084F8503003B0BDE8F083002EF3D094F87B
:10B190005130C4F83890042B1CBF052384F851307B
:10B1A00000236365C4E910332368E687E6861968DF
:10B1B000A687490658BF1968256358BF41F040016A
:10B1C000A68658BF1960E168B1F5006F48D10AB191
:10B1D000012E07D135F8022BDA60E38E2563013B9F
:10B1E0009BB2E3860125E38E9BB263B9E38F9BB2EA
:10B1F0004BB93A4641462046FFF760FE002872D020
:10B2000020236365B7E721688B689A070DD5E38E25
:10B210009BB253B145B1236B33F8022BCA60236351
:10B22000E38E013B9BB2E38600258A6812F001029F
:10B230000CD0E38F9BB24BB1A36BC96823F8021B00
:10B24000A363E38F013B9BB2E3871546FDF7F0FE56
:10B25000C01B4045C7D3B8F1FF3FC4D003208BE7E4
:10B260000AB1012E08D12A781A73236B01332363A4
:10B27000E38E013B9BB2E3860125E38E9BB21BB9B3
:10B28000E38F9BB2002BB4D0226893689B070ED546
:10B29000E38E9BB25BB14DB1236B1B781373236BB1
:10B2A00001332363E38E013B9BB2E38600252268D2
:10B2B000916811F001010DD0E38F9BB253B1A36BE4
:10B2C000D2681A70A36B0133A363E38F013B9BB277
:10B2D000E3870D46FDF7ACFEC01B4045CDD3B8F16A
:10B2E000FF3FCAD0BAE7A368002B7FF445AF2368BD
:10B2F0000190DA6801929B680193019B3CE7022070
:10B300003AE702203EE72DE9F7431D464368B3F5CF
:10B31000827F0446894617460CD1836853B90423BB
:10B3200080F85130134600950A46FFF7FCFE03B043
:10B33000BDE8F08394F85030012B7FD0012384F8CE
:10B340005030FDF775FE94F85130012B8046D8B28D
:10B3500072D1B9F1000F5CD0002F5AD0A268C4F8A6
:10B36000389000260423B2F5004F84F85130C4E928
:10B37000106666652368E787A7872663A686E68644
:10B3800007D11A6822F040021A601A6822F480423B
:10B390001A601A6856065EBF1A6842F040021A60C8
:10B3A000E368F3B1E38F9BB2FBB123689A68D207DD
:10B3B00036D5DA68A36B23F8022BA363E38F013B36
:10B3C0009BB2E387EEE723689A68D00718D5A26B93
:10B3D0001B7B1370A36B0133A363E38F013B9BB211
:10B3E000E387E38F9BB2002BEDD1424629462046EE
:10B3F000FFF73AFDE8B9606D003818BF012008E09A
:10B40000FDF716FEA0EB0800A842EAD3691CE8D0BD
:10B410000320012384F85130002384F8503086E75C
:10B42000FDF706FEA0EB0800A842BBD36B1CB9D009
:10B43000EEE720236365DEE70220EAE7022076E7F5
:10B4400038B5044690F85000012870D0012084F8E7
:10B45000500094F851000128C5B208D06068B0F5DA
:10B46000827F62D1A06800285FD1042D5DD10029C0
:10B4700033D0002A31D0002B2FD094F85100A3866E
:10B4800004281CBF052084F8510000206065E38675
:10B49000E387A38794F851302163042BC4E910009B
:10B4A00018BF2449E06C12BF234B2449244BA263EC
:10B4B000C0E90F31234BC364002321680365E38F88
:10B4C0000C319BB2FEF76AF8034658B1636D43F046
:10B4D00010036365012384F851300120002384F8B0
:10B4E000503038BD2268A06C516841F001015160B4
:10B4F000C0E90F33C0E91333E38E216B9BB20C32EA
:10B50000FEF74CF80028E1D123681A6852065EBFA6
:10B510001A6842F040021A605A6842F020025A60EB
:10B520005A6842F002025A60D8E70220D6E70220A9
:10B53000D7E700BF7DB600080FB7000871B6000856
:10B54000A9B6000887B600081FB5454B45F6C0529E
:10B550001B68B3FBF2F3642253430193019B0093F6
:10B5600003685A6822F020025A605A68110604469D
:10B570000AD53C4A4264009A002A59D1626D42F0D1
:10B5800040026265019A00925A6852060AD5364A0C
:10B590002264009A002A53D1626D42F04002626533
:10B5A000019A00925A68900714D5A06C90B10023BC
:10B5B0000365FEF72CF808B14023636523685A68D9
:10B5C00022F002025A60009A002A41D1626D42F0D4
:10B5D000400262655A68D20711D5E06C78B1002349
:10B5E0000365FEF714F808B14023636523681A6801
:10B5F00022F040021A605A6822F001025A600022CA
:10B60000E287E286616D402918BF62650292D968BF
:10B61000029199680291029903929B680393039B9C
:10B6200014BF10460120012384F8513004B010BD2E
:10B63000009A013A009294F85120072A9BD1A1E781
:10B64000009A013A009294F85120072AA1D1A7E765
:10B65000009A013A00929A689107B4D5BAE700BF00
:10B66000000000209DAD000845AD00087047704700
:10B6700008B5806BFFF7FBFF08BD704708B5806B0E
:10B68000FFF7FBFF08BD806B026808B5536823F025
:10B6900003035360436D43F010034365012380F8B7
:10B6A0005130F5F767FE08BD38B50546846BFDF7E8
:10B6B000BFFC2B681B68DB05024624D4236859684D
:10B6C00021F020015960A168C9B96168B1F5827F94
:10B6D00015D1596821F00301596020466421FFF714
:10B6E000C3FB08B1202363650023E387012384F8AB
:10B6F0005130636D3BB12046F5F73CFE38BD5968CB
:10B7000021F00101E8E72046FFF7B0FFF6E738B582
:10B710000546846BFDF78CFC2B681B68DB05024635
:10B720001ED421684B6823F020034B60204664211F
:10B73000FFF7C4FB18B1636D43F020036365226813
:10B74000536823F0030353600023E386E387012358
:10B7500084F85130636D1BB12046F5F70BFE38BD00
:10B760002046F5F7EDFDFAE7F0B503685D689A68E5
:10B77000560685B004464FEA9211C2F3801708D4EA
:10B78000D60706D56E0604D5036C05B0BDE8F040BB
:10B790001847960704D5280602D5636C2046F4E7BF
:10B7A00041EA521102F4807001F0010101434FEAB5
:10B7B000521657D0AA0655D57FB194F85120032AC6
:10B7C0004FF0000148D0626D42F0040262650091C2
:10B7D000DA6800929A680092009AF1070CD5626DBF
:10B7E00042F001026265002202929A6802921A688F
:10B7F00022F040021A60029A40B1626D42F00802E3
:10B800006265002203929A680392039A626D4AB3BA
:10B810005A6822F0E0025A60012284F85120AA07F7
:10B8200022D05A68E06C22F003025A6040B1104BFB
:10B830000365FDF72AFF18B1636D43F040036365AC
:10B84000A06C78B10A4B0365FDF71FFF50B1636D23
:10B8500043F04003636505E00191DA6801929B685B
:10B860000193019B05B0F0BD2046F5F783FDF9E794
:10B8700075B8000808B5806B0023C387C386F5F749
:10B8800079FD08BD036A23F0010370B50362036A02
:10B89000446882690D6822F073022A438D6823F0A0
:10B8A00002032B430C4DA84203D005F58065A84246
:10B8B0000BD1CD6823F008032B43D1E9055624F4BE
:10B8C0004074354323F004032C43446082614A688A
:10B8D0004263036270BD00BF00000140036A23F4AD
:10B8E000807370B50362036A4468C2690D6822F010
:10B8F00073022A438D6823F4007343EA05230D4D38
:10B90000A84203D005F58065A8420DD1CD6823F487
:10B91000006343EA0523D1E9055624F44054354336
:10B9200023F4806344EA05144460C2614A68C26338
:10B93000036270BD00000140036A23F4805330B5F8
:10B940000362036A4468C2690D6822F4E64242EA6F
:10B9500005228D6823F4005343EA0533084DA842BD
:10B9600003D005F58065A84204D14D6924F48044D4
:10B9700044EA85144460C2614A680264036230BDCF
:10B980000000014090F83D30012B30D1022380F8B7
:10B990003D300368DA6842F00102DA60154A9342EA
:10B9A0001AD0B3F1804F17D0A2F57C42934213D046
:10B9B00002F5806293420FD002F5806293420BD071
:10B9C00002F57842934207D002F57052934203D0B9
:10B9D000A2F59432934204D19A6802F00702062A33
:10B9E00003D01A6842F001021A600020704701205B
:10B9F000704700BF000001407047704770477047B4
:10BA0000704703681A69910710B504460ED5DA68C5
:10BA100092070BD56FF002021A61012202779B692F
:10BA20009B0777D0FFF7EAFF0023237723681A6983
:10BA3000500710D5DA6851070DD56FF004021A616E
:10BA4000022222779B6913F4407F204668D0FFF7DB
:10BA5000D5FF0023237723681A6912070FD5DA6808
:10BA600010070CD56FF008021A6104222277DB69F7
:10BA7000990720465AD0FFF7C1FF00232377236898
:10BA80001A69D20610D5DA68D0060DD56FF010020B
:10BA90001A6108222277DB6913F4407F20464BD0DD
:10BAA000FFF7ACFF0023237723681A69D10708D575
:10BAB000DA68D20705D56FF001021A612046F7F760
:10BAC00081FA23681A69100608D5DA68110605D5C7
:10BAD0006FF080021A61204600F0CDFB23681A69DE
:10BAE000520608D5DA68500605D56FF040021A6193
:10BAF0002046FFF785FF23681A69910622D5DA6888
:10BB000092061FD56FF0200220461A61BDE8104052
:10BB100000F0B0BBFFF771FF2046FFF770FF83E72F
:10BB2000FFF76BFF2046FFF76AFF92E7FFF765FF1D
:10BB30002046FFF764FFA0E7FFF75FFF2046FFF70F
:10BB40005EFFAFE710BD0000254A0368904212D0A7
:10BB5000B0F1804F0FD0A2F57C4290420BD002F59D
:10BB60008062904207D002F58062904203D002F5D5
:10BB70007842904208D14A6823F070031343CA68A0
:10BB800023F44073134316E0164A9042F7D002F5AF
:10BB900080629042F3D002F580629042EFD0A2F52D
:10BBA00098329042EBD002F580629042E7D002F5E5
:10BBB00080629042E3D04A6923F08003134303601C
:10BBC0008B68C3620B688362054B984203D003F510
:10BBD0008063984201D10B6903630123436170477D
:10BBE000000001400040014010B5044630B390F819
:10BBF0003D3003F0FF021BB980F83C20FCF740FF0A
:10BC00000223206884F83D30211DFFF79DFF0123AA
:10BC100084F84630002084F83E3084F83F3084F8C1
:10BC2000403084F8413084F8423084F8433084F85E
:10BC3000443084F8453084F83D3010BD0120FCE7E5
:10BC400010B5044630B390F83D3003F0FF021BB945
:10BC500080F83C20FCF764FF0223206884F83D3024
:10BC6000211DFFF771FF012384F84630002084F87E
:10BC70003E3084F83F3084F8403084F8413084F816
:10BC8000423084F8433084F8443084F8453084F8F6
:10BC90003D3010BD0120FCE710B5044630B390F8EC
:10BCA0003D3003F0FF021BB980F83C20FFF7A4FEF3
:10BCB0000223206884F83D30211DFFF745FF012352
:10BCC00084F84630002084F83E3084F83F3084F811
:10BCD000403084F8413084F8423084F8433084F8AE
:10BCE000443084F8453084F83D3010BD0120FCE735
:10BCF000036A23F0100370B50362036A4468826923
:10BD00000D6822F4E64242EA05228D6823F0200302
:10BD100043EA05130D4DA84203D005F58065A842FE
:10BD20000DD1CD6823F0800343EA0513D1E9055610
:10BD300024F44064354323F0400344EA850444601E
:10BD400082614A688263036270BD00BF00000140E7
:10BD500038B590F83C30012B04464FD00120082A1A
:10BD600084F83C003AD006D8BAB1042A26D0002381
:10BD700084F83C3038BD0C2AF9D12068FFF7DCFD8F
:10BD8000C3690A6943F40063C361C36923F4806330
:10BD9000C361C36943EA02232EE02068FFF772FD06
:10BDA00083690A6943F008038361836923F004030C
:10BDB00083618369134383610020D8E72068FFF71C
:10BDC00097FF83690A6943F400638361836923F4FD
:10BDD00080638361836943EA0223ECE72068FFF70D
:10BDE0007DFDC3690A6943F00803C361C36923F099
:10BDF0000403C361C3691343C361DDE70220B9E7EC
:10BE000070B5046A194E24F001040462B0428469DA
:10BE1000056A26D0B0F1804F23D0A6F57C46B0420B
:10BE20001FD006F58066B0421BD006F58066B04292
:10BE300017D006F57846B04213D006F57056B042DA
:10BE40000FD0A6F59436B0420BD044F0010263F354
:10BE5000071201F00A0125F00A0319438261016209
:10BE600070BD24F003042243F1E700BF000001404D
:10BE7000F8B590F83C30012B05460C4600F0828066
:10BE80000120082A85F83C005CD006D842B3042A79
:10BE900036D0002385F83C30F8BD0C2AF9D12B6848
:10BEA000CE68D1E90027196A21F480511962D96955
:10BEB000186A21F44071120341EA072120F420405E
:10BEC00002F4204266F30F310243D9611A62DA6943
:10BED000A16822F44062DA61DA6942EA01224FE0A5
:10BEE0002868CB68D1E90012FFF78AFF8369A2684E
:10BEF00023F00C0383618369134383610020C8E747
:10BF00002B68CE68D1E90027196A21F01001196267
:10BF10009969186A21F44071120141EA072120F061
:10BF2000A00002F0A00266F30F31024399611A6289
:10BF30009A69A16822F440629A619A6942EA0122F0
:10BF40009A61DBE72B68E768186A20F48070D1E912
:10BF500000211862DE69186A26F0030612023143D6
:10BF600020F4206002F4206267F307110243D961D4
:10BF70001A62DA69A16822F00C02DA61DA690A430E
:10BF8000DA61BBE7022087E710B584680A4324F42E
:10BF90007F4442EA03222243826010BD38B590F804
:10BFA0003C30012B04464FF0020000F08E8084F8F4
:10BFB0003D000122206884F83C20836823F47F43FD
:10BFC00023F0770383600B68602B4FD032D8402B6F
:10BFD00064D016D8202B0DD00AD833F0100109D028
:10BFE000012384F83D30002384F83C30104638BDEE
:10BFF000302BF5D1826822F07002134343F007031F
:10C0000028E0502BECD14A68CD68016A036A23F01E
:10C0100001030362836921F00A0123F0F00343EA7C
:10C0200005130A4383610262836823F0700343F0BF
:10C0300057030FE0B3F5805F0DD0B3F5005F0CD070
:10C04000702BCDD1CB68D1E90121FFF79DFF83682B
:10C0500043F0770383600022C2E7CB68D1E9012176
:10C06000FFF792FF836843F48043F3E7036A4D6868
:10C07000C96823F0100303628269036A22F47042E4
:10C0800023F0A00343EA051342EA0132826103620E
:10C09000836823F0700343F06703DBE74A68CD68E9
:10C0A000016A036A23F001030362836921F00A0134
:10C0B00023F0F00343EA05130A43836102628368B5
:10C0C00023F0700343F04703C4E702468EE7036A98
:10C0D00010B501F01F0101248C4023EA0403036220
:10C0E000036A8A401A43026210BD000008B529B9EC
:10C0F00090F83E30012B1FD0012035E0042907D1F4
:10C1000090F83F30012BF7D1022380F83F3016E042
:10C1100008290CBF90F8403090F84130013B18BF1F
:10C120000123002BE8D108294FF002030CBF80F84F
:10C13000403080F8413002E0022380F83E30006851
:10C140000122FFF7C4FF164B984203D003F580632A
:10C1500098420AD1436C43F400434364836803F07C
:10C160000703062B17D1002008BDB0F1804FF5D092
:10C170000C4B9842F2D003F580639842EED003F561
:10C1800080639842EAD003F59A339842E6D0A3F54B
:10C1900094339842E2D0036843F001030360E2E77E
:10C1A0000000014000040040FFF7A0BF30B590F848
:10C1B0003C30012B02464FF0020032D0136882F867
:10C1C0003D005C680D68986824F070042C435C6046
:10C1D000144CA3421AD0B3F1804F17D0A4F57C447D
:10C1E000A34213D004F58064A3420FD004F5806409
:10C1F000A3420BD004F57844A34207D004F5705451
:10C20000A34203D0A4F59434A34204D1496820F09A
:10C210008000014399600123002082F83D3082F8BC
:10C220003C0030BD0000014090F83C30012B02463C
:10C230001ED0CB68886823F440730343486823F416
:10C2400080630343086823F400630343086923F40D
:10C25000805303434869C96923F40053034323F41B
:10C2600080430B43116800204B6482F83C00704708
:10C270000220704770477047026802F10C0353E8D0
:10C28000003F23F490730C3242E800310268002929
:10C29000F2D102F1140353E8003F23F0010302F14D
:10C2A000140C4CE800310029F3D1036B012B0BD1A6
:10C2B00002F10C0353E8003F23F0100302F10C0CD1
:10C2C0004CE800310029F3D1202380F83E300023D0
:10C2D000036370470268C16838B5136923F440539B
:10C2E0000B431361054683680069D168034368699D
:10C2F0000343E86921F4164121F00C0103430B4389
:10C30000D3605369A96923F440730B4353611F4BF6
:10C310009A4203D003F580639A4224D1FEF7E4FCED
:10C32000EA691921B2F5004FD5E90043A0FB0101EC
:10C330001CD1DA184FF0000545EB0503F4F7DAFDE0
:10C340006422B0FBF2F102FB1103DB003233B3FBDA
:10C35000F2F303F007025B0002EB011203F4F8733F
:10C360001344A36038BDFEF7AFFCD9E79A009B0FDA
:10C37000F4F7C0FD6422B0FBF2F102FB11031B01D4
:10C380003233B3FBF2F303EB0113EAE70010014091
:10C39000F8B504460E4617461D462268136836EA6D
:10C3A000030301D1002028E06B1CF7D025B1FCF776
:10C3B0003FFEC01B8542F0D2226802F10C0353E815
:10C3C000003F23F4D0730C3242E80030216800288B
:10C3D000F2D101F1140353E8003F23F0010301F10E
:10C3E000140040E80032002AF3D1202384F83D30C5
:10C3F00084F83C2084F83E300320F8BD10B5044694
:10C4000040B390F83D3003F0FF021BB980F83C20A8
:10C41000FCF7EEFB2268242384F83D30D36823F434
:10C420000053D3602046FFF755FF23681A6922F4B2
:10C4300090421A615A6922F02A025A61DA6842F47B
:10C440000052DA6000202023206484F83D3084F814
:10C450003E3010BD0120FCE72DE9F843984690F8E6
:10C460003D30202B04460E46174648D1002944D0C3
:10C47000002A42D090F83C30012B40D0012380F8B4
:10C480003C3000252123056480F83D30FCF7D0FDC9
:10C49000A368A784B3F5805F8146E78403D123694D
:10C4A0000BB935461E46002384F83C30E38C9BB222
:10C4B00053B943464A4640212046FFF769FF50B929
:10C4C000202384F83D3007E043464A468021204639
:10C4D000FFF75EFF10B10320BDE8F88322684EB974
:10C4E00035F8023BC3F308035360E18C013989B28C
:10C4F000E184DBE716F8013BF6E70120ECE70220D8
:10C50000EAE770477047704708B5806B0023C38522
:10C51000C384FFF7F8FF08BD704790F83E30222B28
:10C5200007B541D181680268836AB1F5805F3DD16A
:10C53000016900293DD15268C2F3080223F8022B99
:10C540008362C38D013B9BB2C385002B2CD1026853
:10C55000D16821F02001D160D16821F48071D160CF
:10C56000516921F001015161202280F83E20026BC7
:10C57000012A026827D1036302F10C0353E8003F4C
:10C5800023F0100302F10C0C4CE800310029F3D128
:10C590001368DB0605D50191136801935368019375
:10C5A000019B818DFFF7B8FF03B000BD39B9016968
:10C5B00029B95268D2B21A70836A0133C0E752684F
:10C5C00002F07F02F7E7FFF79DFFEDE703681A68C7
:10C5D00073B51607D9685D69044608D1960668D513
:10C5E0008D0666D502B0BDE87040FFF796BF05F036
:10C5F000010001F4907505435BD0D60705D5CD0544
:10C6000042BF236C43F001032364530704D518B1E0
:10C61000236C43F002032364960704D518B1236CFE
:10C6200043F004032364150707D501F020030343F7
:10C630001EBF236C43F008032364236C002B32D00D
:10C64000920604D58B0602D52046FFF766FF2668C2
:10C650007369226C03F0400302F0080253EA0205FA
:10C66000204622D0FFF708FE73695E0618D52268BF
:10C6700002F1140353E8003F23F04003143242E870
:10C6800000310029F3D1A06B50B1724B0365FCF768
:10C69000FCFF40B1A06B036D02B0BDE870401847CD
:10C6A0002046FFF730FF02B070BDFFF72CFF256476
:10C6B000F9E7206B012840F09180D50640F18E808B
:10C6C000C80640F18B80002201921A6801925A68D4
:10C6D0000192019A5A6952064CD5A16B0A685268B8
:10C6E00092B2002ADFD0A08D9042DCD9E285CA69DF
:10C6F000B2F5807F36D003F10C0252E8002F22F40D
:10C70000807203F10C0040E800210029F3D103F10D
:10C71000140252E8002F22F0010203F1140040E855
:10C7200000210029F3D103F1140252E8002F22F076
:10C73000400203F1140040E800210029F3D1202237
:10C7400084F83E20216303F10C0252E8002F22F00E
:10C75000100203F10C0040E800210029F3D1A06B86
:10C76000FCF755FFE38DA18DC91A89B22046FFF76A
:10C77000D3FE98E7E28DE18D89B292B2002992D082
:10C78000A18D891A89B200298DD003F10C0252E8DB
:10C79000002F22F4907203F10C0545E800200028D8
:10C7A000F3D103F1140252E8002F22F0010203F149
:10C7B000140545E800200028F3D1202284F83E200B
:10C7C000206303F10C0252E8002F22F0100203F163
:10C7D0000C0545E800200028F3D1C7E7160628D548
:10C7E0000D0626D594F83D20212A7FF45CAFA16880
:10C7F000226AB1F5805F17D12169A9B932F8021B0D
:10C80000C1F3080159602262E28C013A92B2E284DB
:10C81000002A7FF448AFDA6822F08002DA60DA6832
:10C8200042F04002DA603EE7511C216212785A6001
:10C83000EAE750067FF537AF4A067FF534AFDA688E
:10C8400022F04002DA60202384F83D302046FFF7D2
:10C8500058FE28E709C5000808B54FF0E0231B691A
:10C8600001F02AFA012803D0BDE8084001F02ABDF2
:10C8700008BD0000EFF305832BB9064B186828B9F3
:10C8800001221A6070476FF0050070474FF0FF30CB
:10C89000704700BF9C53002010B5EFF305845CB9CE
:10C8A000084B1A68012A0AD1074AD47702221A6073
:10C8B00000F0FAFE204610BD6FF00500FBE74FF0D8
:10C8C000FF30F8E79C53002000ED00E0EFF3058314
:10C8D0000BB100F047BF00F03FBFF0B587B0144682
:10C8E00000220B460592EFF30582FAB9F0B15CB372
:10C8F000A56925B1691E372902D9002017E018253E
:10C900006268D207F9D466699EB1B208D4E9027CA4
:10C9100021688FB1BCF1A70F08D9246934B12EB1B9
:10C92000CDE90147009500F059FE0590059807B044
:10C93000F0BD4FF40072E9E7BCF1000FF6D12469B5
:10C94000002CF3D10C4602E018254FF4007205A923
:10C95000CDE9005192B2214600F078FE01281CBFBB
:10C9600000230593E2E708B5EFF3058222B908B189
:10C9700001F054F8002008BD6FF00500FBE737B563
:10C980000546EFF305845CB900F0E6FE291A00299C
:10C99000019008DD01A800F0F7FF204603B030BD8C
:10C9A0006FF00500FAE76FF00300F7E738B50546CA
:10C9B000EFF305843CB948B100F04CFC284600F088
:10C9C00061FC204638BD6FF00500FBE76FF0030007
:10C9D000F8E7F7B505460E461446EFF305871FB195
:10C9E0000025284603B0F0BD0028F9D00029F7D073
:10C9F000DAB1D2E9023283B14F2AF1D92269002A91
:10CA0000EED066694D43AE42EAD3009700F0A0F93C
:10CA100005460028E4D0246811E0002AE0D123690B
:10CA2000002BDDD16369002BDAD128460022314684
:10CA300000F0DCF905460028D2D0002CEBD12146CD
:10CA4000284600F0F5FBCCE773B51C46EFF30586EE
:10CA5000DEB138B331B32BBB01AA019300F09FFACA
:10CA6000012803D06FF0020002B070BD019B0BB92A
:10CA70000020F9E74FF0E0234FF08052C3F8042D77
:10CA8000BFF34F8FBFF36F8FF2E758B151B1334609
:10CA9000224600F0D2F90128EAD0002CE2D06FF053
:10CAA0000100E1E76FF00300DEE737B51C46EFF366
:10CAB0000583DBB130B329B324BB01AA019400F094
:10CAC0006AFB012803D06FF0020003B030BD019B68
:10CAD0000BB90020F9E74FF0E0234FF08052C3F884
:10CAE000042DBFF34F8FBFF36F8FF2E750B149B101
:10CAF000224600F0B1FA0128EBD0002CE3D06FF011
:10CB00000100E2E76FF00300DFE7FFF74FBF00002F
:10CB1000034B0360034B0B604FF4007313607047CB
:10CB2000F4520020F44A0020034B0360034B0B60D7
:10CB30004FF48063136070474C4A00204C3A002049
:10CB400000F108034FF0FF32C0E9022343600361A4
:10CB500000230360704700230361704743684B6004
:10CB60009A688A60516099600368086101330360C4
:10CB7000704730B50C68631C0AD103695A684A6073
:10CB800091608B605960036808610133036030BDB8
:10CB900000F10802134652681568A542FAD9EDE77C
:10CBA000D0E9011203698A6051605968814208BF67
:10CBB0005A60002202611A68013A1A6018687047C8
:10CBC00010B5044601F016FBA46B01F033FBB4FA78
:10CBD00084F0400910BD70B51646026C856B0446A2
:10CBE00042B906689EB9806801F076F8A660013502
:10CBF000A56370BD6EB9406801F054FE6368226C95
:10CC00001344A2686360934224BF236863600020DA
:10CC1000EDE7C06801F046FE226CE36851429B1AC2
:10CC20002268E36093423EBFA3685B18E360022E74
:10CC3000EDD10DB1013DEAE72846D8E7034610B42F
:10CC40001A6C084662B1DC68A1189C68D960A142E0
:10CC500028BF19685DF8044B28BFD96001F022BED7
:10CC60005DF8044B704770B5044601F0C3FA94F8C0
:10CC7000455004F124066DB2002D01DD636AB3B99D
:10CC8000FF2384F8453001F0D5FA01F0B3FA94F8A7
:10CC9000445004F110066DB2002D01DD23697BB90B
:10CCA000FF2384F84430BDE8704001F0C3BA304639
:10CCB00000F064FF08B100F0E9FF013D6DB2DBE771
:10CCC000304600F05BFF08B100F0E0FF013D6DB2BF
:10CCD000E2E738B50D46044640B94FF0500383F300
:10CCE0001188BFF36F8FBFF34F8FFEE701F082FA19
:10CCF000D4E90F31226862604B43D0185B1A1A44A2
:10CD0000A060FF230020A063E26084F8443084F830
:10CD10004530A5B9236973B104F1100000F02EFF6E
:10CD200048B14FF0E0234FF08052C3F8042DBFF319
:10CD30004F8FBFF36F8F01F07DFA012038BD04F1F2
:10CD40001000FFF7FDFE04F12400FFF7F9FEF2E703
:10CD500037B50D461C4640B94FF0500383F3118898
:10CD6000BFF36F8FBFF34F8FFEE743B94FF0500310
:10CD700083F31188BFF36F8FBFF34F8FFEE74AB184
:10CD800091B94FF0500383F31188BFF36F8FBFF356
:10CD90004F8FFEE741B14FF0500383F31188BFF38B
:10CDA0006F8FBFF34F8FFEE750230193019B502BF2
:10CDB00008D04FF0500383F31188BFF36F8FBFF398
:10CDC0004F8FFEE70121002D08BF2246C4E90F0561
:10CDD00084F8461022602046019BFFF77AFF9DF8F9
:10CDE000183084F84C30204603B030BDF8B50D46FD
:10CDF0001746064640B94FF0500383F31188BFF33E
:10CE00006F8FBFF34F8FFEE74843503001F05AFB5E
:10CE1000044670B1002380F8463065B100F150033C
:10CE2000C4E90F65236001212046FFF752FF84F813
:10CE30004C702046F8BD0346F2E72DE9FF410F464E
:10CE400001921E46044640B94FF0500383F3118807
:10CE5000BFF36F8FBFF34F8FFEE751B9036C43B140
:10CE60004FF0500383F31188BFF36F8FBFF34F8FE1
:10CE7000FEE7022E0BD1E36B012B08D04FF05003DD
:10CE800083F31188BFF36F8FBFF34F8FFEE700F07E
:10CE900013FF054650B9019B4BB14FF0500383F38C
:10CEA0001188BFF36F8FBFF34F8FFEE700254FF060
:10CEB000000839E0022E3DD0019B1BB901F0BAF900
:10CEC000002050E015B902A800F098FE01F0B2F978
:10CED00000F03AFC01F08EF994F84430FF2B08BFC3
:10CEE00084F8448094F84530FF2B08BF84F84580CF
:10CEF00001F0A0F901A902A800F08CFE002848D199
:10CF000001F078F9A26BE36B9A422FD101F092F90C
:10CF1000019904F1100000F0F9FD2046FFF7A3FE8F
:10CF200000F0BEFC50B3012501F064F9A26BE36B85
:10CF30009A42BFD2324639462046FFF74CFE636A1A
:10CF40001BB104F1240000F019FE48B14FF0E023BA
:10CF50004FF08052C3F8042DBFF34F8FBFF36F8F94
:10CF600001F068F9012004B0BDE8F08101F062F938
:10CF70002046FFF778FE00F093FCD4E74FF0E02363
:10CF80004FF08052C3F8042DBFF34F8FBFF36F8F64
:10CF9000C9E72046FFF767FE00F082FC90E72DE925
:10CFA000F843894617461E46044640B94FF05003E1
:10CFB00083F31188BFF36F8FBFF34F8FFEE751B933
:10CFC000036C43B14FF0500383F31188BFF36F8FAD
:10CFD000BFF34F8FFEE7022E0BD1E36B012B08D07E
:10CFE0004FF0500383F31188BFF36F8FBFF34F8F60
:10CFF000FEE701F013FAEFF311884FF0500383F3CB
:10D000001188BFF36F8FBFF34F8FA26BE36B9A4210
:10D0100001D3022E1ED194F84550A36B6DB2324657
:10D0200049462046FFF7D7FD6B1C0ED1636A3BB122
:10D0300004F1240000F0A2FD10B10FB101233B6008
:10D04000012088F31188BDE8F88301356DB284F8BA
:10D050004550F5E70020F4E72DE9FF410E46019227
:10D06000044640B94FF0500383F31188BFF36F8F2C
:10D07000BFF34F8FFEE751B9036C43B14FF050033C
:10D0800083F31188BFF36F8FBFF34F8FFEE700F07C
:10D0900013FE054650B9019B4BB14FF0500383F38B
:10D0A0001188BFF36F8FBFF34F8FFEE700254FF05E
:10D0B00000083DE0019B1BB901F0BCF8002056E0E0
:10D0C00015B902A800F09AFD01F0B4F800F03CFB9D
:10D0D00001F090F894F84430FF2B08BF84F84480A6
:10D0E00094F84530FF2B08BF84F8458001F0A2F882
:10D0F00001A902A800F08EFD002841D12046FFF7CB
:10D100005FFDB8B3019904F1240000F0FFFC204654
:10D11000FFF7A9FD00F0C4FB48B94FF0E0234FF042
:10D120008052C3F8042DBFF34F8FBFF36F8F0125DB
:10D1300001F060F8A76B002FBCD031462046013FBC
:10D14000FFF77CFDA763236973B104F1100000F0C1
:10D1500015FD48B14FF0E0234FF08052C3F8042D85
:10D16000BFF34F8FBFF36F8F01F064F8012004B05D
:10D17000BDE8F0812046FFF776FD00F091FBD6E791
:10D180002046FFF770FD00F08BFB2046FFF718FDEF
:10D190000028CCD092E72DE9F84389469046044612
:10D1A00040B94FF0500383F31188BFF36F8FBFF383
:10D1B0004F8FFEE751B9036C43B14FF0500383F337
:10D1C0001188BFF36F8FBFF34F8FFEE701F026F991
:10D1D000EFF311874FF0500383F31188BFF36F8F84
:10D1E000BFF34F8FA56B0DB394F84460494676B2F8
:10D1F0002046FFF723FD013D731CA56311D1236970
:10D2000053B104F1100000F0B9FC28B1B8F1000FDF
:10D2100002D00123C8F80030012087F31188BDE84F
:10D22000F883013676B284F84460F5E72846F4E7DF
:10D2300030B5074A002352F8335002EBC3041DB93E
:10D2400042F83310606030BD0133082BF3D1FAE7A8
:10D25000A053002010B5094A002352F83310814230
:10D260004FEAC30406D1064A002142F83310224493
:10D27000516010BD0133082BEFD1FAE7A453002011
:10D28000A053002010B540B94FF0500383F311882C
:10D29000BFF36F8FBFF34F8FFEE7FFF7DBFF90F811
:10D2A00046301BB9BDE8104001F0A6B910BD70B5FD
:10D2B00004460D46164600F09DFF94F84430FF2BBF
:10D2C00004BF002384F8443094F84530FF2B04BF9A
:10D2D000002384F8453000F0ADFFA36B2BB9324634
:10D2E000294604F1240000F02BFC2046BDE87040E4
:10D2F000FFF7B9BC2DE9F041044600F07BFF304B4D
:10D30000304E1A68304F01321A603568002D4BD10B
:10D3100034601B68012B1FD1B84640460135FFF72A
:10D320000FFC382D08F11408F7D1DFF8C480274D21
:10D330004046FFF705FC2846FFF702FC2448FFF7AC
:10D34000FFFB2448FFF7FCFB2348FFF7F9FB234BC7
:10D35000C3F80080224B1D60224A1368013313601A
:10D36000214A63641168E36A14208B4200FB037056
:10D3700004F1040188BF1360FFF7F0FB00F05AFFCF
:10D380001A4B1B6873B13368DA6AE36A9A4209D2AE
:10D390004FF0E0234FF08052C3F8042DBFF34F8FBE
:10D3A000BFF36F8FBDE8F081104B1B68002BD3D10A
:10D3B0003368DA6AE36A9A4298BF3460CCE700BF08
:10D3C00004540020D85800207854002050540020E5
:10D3D0003454002020540020085400204C540020D5
:10D3E00048540020E8530020FC530020F85300204C
:10D3F00064540020F8B5154B154D1C680646286886
:10D4000004300F46FFF7CCFB731C07D137B12968F6
:10D410001048BDE8F8400431FFF7A0BB2B68A41901
:10D420005C6007D30C4B18682968BDE8F8400431EC
:10D43000FFF79FBB094B186829680431FFF799FB78
:10D44000074B1A68A24288BF1C60F8BD0054002038
:10D45000D858002008540020485400204C54002084
:10D46000E4530020064A13681968064B19B94FF0B7
:10D47000FF321A6070471268D268D2685268F8E7C3
:10D480004C540020E453002010B50446543001F001
:10D4900077F994F8A5303BB9206B01F0ADF8204640
:10D4A000BDE8104001F0A8B8012BF8D0022B08D03D
:10D4B0004FF0500383F31188BFF36F8FBFF34F8F8B
:10D4C000FEE710BD80B5134C134F144D236873B99C
:10D4D000134B1B68012BF8D94FF0E0234FF080521B
:10D4E000C3F8042DBFF34F8FBFF36F8FEDE700F04C
:10D4F00081FEFB68DE68301DFFF752FB2B68013BA5
:10D500002B602368013B236000F094FE3046FFF758
:10D51000BBFFDBE71C5400202054002004540020F3
:10D52000785400202DE9F047DDE909949600324651
:10D5300007460D46206BA521984601F019F9236B8B
:10D54000043E1E4426F00706002D41D06B1E04F158
:10D5500033020F3513F8011F02F8011F09B1AB4266
:10D56000F8D1002384F84330089D372D28BF372594
:10D570004FF0000AE562E564201DC4F850A0FFF7F3
:10D58000EAFAC5F1380504F11800FFF7E4FAC4F827
:10D59000A0A04C2251462461A561646284F8A4A035
:10D5A00004F1540001F0E4F80B4BA36503F16802A9
:10D5B000D033E265236642463946304600F0EEFD40
:10D5C0002060B9F1000F01D0C9F80040BDE8F08734
:10D5D00084F83450C8E700BF30EA012070B586B047
:10D5E000DDE90B5445B94FF0500383F31188BFF3C5
:10D5F0006F8FBFF34F8FFEE744B94FF0500383F3B3
:10D600001188BFF36F8FBFF34F8FFEE7A8260596F3
:10D61000059EA82E08D04FF0500383F31188BFF366
:10D620006F8FBFF34F8FFEE72563022584F8A55067
:10D6300004AD01950A9D02940095059EFFF772FFC7
:10D640002046FFF757FE049806B070BD2DE9F04361
:10D65000074685B0900088461646994600F032FF8E
:10D66000054620B94FF0FF3005B0BDE8F083A82093
:10D6700000F028FF044698B1002380F8A5300D9BE8
:10D68000056301930C9B0290009332464B46414642
:10D690003846FFF747FF2046FFF72CFE0120E3E75F
:10D6A000284600F0A9FFDDE710B588B0002407AADE
:10D6B00006A905A8CDE90544FFF72AFA059B0293C0
:10D6C000069B079A19491A48CDE900432346FFF7FC
:10D6D00085FF40B300F094FB012819D14FF05003AF
:10D6E00083F31188BFF36F8FBFF34F8F114B124A33
:10D6F0001B6854331360114B4FF0FF321A60104B0C
:10D700001860104B1C6008B0BDE8104000F002BE6D
:10D71000013008D14FF0500383F31188BFF36F8FAE
:10D72000BFF34F8FFEE708B010BD00BFCE42010827
:10D73000C5D40008D858002010000020E453002071
:10D74000F853002000540020024A1368013313608C
:10D75000704700BFE0530020014B1868704700BFBE
:10D760000054002008B500F059FE014B186808BDB0
:10D77000005400203F4B1B682DE9F74F002B73D15D
:10D780003D4B1C6801341C60BCB93C4B1A681268E4
:10D7900042B14FF0500383F31188BFF36F8FBFF393
:10D7A0004F8FFEE7364A1968106818601160354AD5
:10D7B000136801331360FFF755FE334E334F336860
:10D7C000DFF8D4809C424FF000050AD3DFF8ACA00C
:10D7D000DFF8C8B0DAF800301B68A3B94FF0FF33A8
:10D7E0003360D8F80030DB6A14225343F858284BD2
:10D7F0001B68012898BF002B14BF0120002028437C
:10D8000003B0BDE8F08FDAF80030DB68D3F80C9095
:10D81000D9F80420944201D23260E2E709F104030E
:10D8200018460193FFF7BCF9D9F828201AB109F17D
:10D830001800FFF7B5F9D9F82C00DBF80020142305
:10D84000904288BFCBF8000009F1040103FB00708F
:10D85000FFF784F9D8F80010D9F82C20CB6A9A4247
:10D8600028BF45F00105B5E70A4A13680133136084
:10D870000020C5E7E0530020005400204C54002055
:10D8800048540020EC530020E4530020785400203A
:10D89000F0530020F4530020D8580020FC530020FF
:10D8A0002DE9F041304C236843B94FF0500383F326
:10D8B0001188BFF36F8FBFF34F8FFEE700F09AFC24
:10D8C0002368013B236024682CB1002400F0B2FCE3
:10D8D0002046BDE8F081254B1B68002BF5D0244D78
:10D8E000244EDFF8A0801DE0EB68DC68271D04F102
:10D8F0001800FFF755F93846FFF752F9E36A326826
:10D900001420934200FB0380394688BF3360FFF741
:10D9100025F9194BE26A1B68DB6A9A4202D3174B5E
:10D9200001221A602B68002BDED10CB1FFF79AFDA3
:10D93000134D2C6844B1114E0127FFF71BFF00B1B6
:10D940003760013CF9D12C600C4B1B68002BBCD01C
:10D950004FF0E0234FF08052C3F8042DBFF34F8FF8
:10D96000BFF36F8F0124B1E7E0530020045400207F
:10D9700034540020FC530020D8580020F0530020DD
:10D98000F45300207854002010B540B94FF05003F4
:10D9900083F31188BFF36F8FBFF34F8FFEE741B959
:10D9A0004FF0500383F31188BFF36F8FBFF34F8F96
:10D9B000FEE7184B1B6843B14FF0500383F3118807
:10D9C000BFF36F8FBFF34F8FFEE7FFF7BDFE124B24
:10D9D00004681A6863182CBF0121002194420FD9F2
:10D9E00079B90360FFF75CFF48B94FF0E0234FF0CF
:10D9F0008052C3F8042DBFF34F8FBFF36F8F10BD5C
:10DA000009B99A42EDD203600021981AFFF7F2FC9F
:10DA1000E8E700BFE05300200054002008B550B9EB
:10DA20004FF0E0234FF08052C3F8042DBFF34F8F27
:10DA3000BFF36F8F08BD0A4B196841B14FF0500317
:10DA400083F31188BFF36F8FBFF34F8FFEE7FFF7AC
:10DA50007BFEFFF7CFFCFFF723FF0028E0D0E9E7CC
:10DA6000E0530020F8B5234B1A68234B12B1012272
:10DA70001A60F8BD214C1A6023681B6B1A68B2F15A
:10DA8000A53F0BD15A68B2F1A53F07D19A68B2F110
:10DA9000A53F03D1DB68B3F1A53F04D0206821681E
:10DAA0003431F3F7EFFB164E164D3168142707FBA0
:10DAB00001F3E818EA5882B14268083352684260BC
:10DAC0002B449A4204BF52684260D368236031609D
:10DAD00023680D4A54331360CBE741B94FF050032C
:10DAE00083F31188BFF36F8FBFF34F8FFEE70139C8
:10DAF000DDE700BFE0530020F0530020D85800209D
:10DB0000FC530020785400201000002010B50C4673
:10DB100040B94FF0500383F31188BFF36F8FBFF309
:10DB20004F8FFEE7054B19681831FFF722F82046A2
:10DB30000121BDE81040FFF75DBC00BFD8580020B0
:10DB400038B50D46144640B94FF0500383F31188A1
:10DB5000BFF36F8FBFF34F8FFEE7074B1968183184
:10DB6000FEF7FCFF002C21460CBF28464FF0FF308B
:10DB7000BDE83840FFF73EBCD858002038B5C36830
:10DB8000DC6844B94FF0500383F31188BFF36F8F03
:10DB9000BFF34F8FFEE704F118052846FFF700F8A2
:10DBA000104B1B68DBB9251D2846FEF7F9FF0E4A0E
:10DBB000E36A11688B4288BF13600C4A142029461F
:10DBC00000FB0320FEF7CAFF094BE26A1B68DB6A11
:10DBD0009A4283BF074B01201860002038BD0648D9
:10DBE0002946EFE7E0530020FC5300207854002042
:10DBF000D8580020F053002034540020034B1B68F9
:10DC00000360034B1B684360704700BFEC53002068
:10DC10000054002070B50C46054640B94FF0500343
:10DC200083F31188BFF36F8FBFF34F8FFEE741B9C6
:10DC30004FF0500383F31188BFF36F8FBFF34F8F03
:10DC4000FEE700F0D7FA0F4B196823685A1C10D072
:10DC50000D482E6800686A68864201D08A420FD952
:10DC6000881A83420AD95B1A134423602846FFF7B7
:10DC7000C5FF002400F0DEFA204670BD00232360BB
:10DC80000124F7E700540020EC530020014B01224F
:10DC90001A607047F053002008B9064B1868026BF1
:10DCA0000020135CA52B02D0C0F38F007047013019
:10DCB000F7E700BFD8580020054B1B6833B1054B70
:10DCC0001868B0FA80F040094000704701207047A2
:10DCD000F8530020E053002038B508B9002038BDC3
:10DCE0001B4B1C68844208D04FF0500383F311880B
:10DCF000BFF36F8FBFF34F8FFEE7236D43B94FF034
:10DD0000500383F31188BFF36F8FBFF34F8FFEE78C
:10DD1000E16AE26C013B91422365DFD0002BDDD14B
:10DD2000251D2846FEF73CFFE36CE362C3F1380291
:10DD3000A261084A11688B4288BF1360064A14200A
:10DD400000FB03202946FEF709FF0120C7E700BFBB
:10DD5000D8580020FC53002078540020914208B588
:10DD6000416000610AD8D21A83699A420DD2084BE9
:10DD7000011D1868FEF7FDFE002008BD9A4201D281
:10DD8000994202D2034B011DF3E70120F5E700BFE2
:10DD9000D8590020DC590020F7B5114C00F02AFAC0
:10DDA0002568BDB90F4F104E3846FEF7C9FE304604
:10DDB000FEF7C6FE0D4B0E4A1F600E4B10211E6073
:10DDC0000A200D4B0095FEF7C3FF206010B10B49F0
:10DDD000FFF72EFA03B0BDE8F04000F02BBA00BF09
:10DDE000D4590020F4590020E0590020DC590020CB
:10DDF0002C590020D8590020DC580020D3420108BB
:10DE000010B588B0FFF7C8FF124B1B68B3B10024F0
:10DE100007AA06A905A8CDE90544FEF785FE059BDE
:10DE20000293069B019302230093079A0A490B4829
:10DE30002346FFF7D3FB0A4B186040B94FF050035D
:10DE400083F31188BFF36F8FBFF34F8FFEE701207D
:10DE500008B010BDD4590020D842010831DF0008B5
:10DE6000D05900207FB5154604461A4640B94FF0F8
:10DE7000500383F31188BFF36F8FBFF34F8FFEE71B
:10DE80000D4E306888B10529CDE9001502940EDCED
:10DE9000FFF712FF0346022B4FF0000330680CBF60
:10DEA000089A1A466946FEF7C8FF04B070BD002301
:10DEB0006946FFF774F8F8E7D4590020F7B51A4D12
:10DEC0002B681A682AB9194A11682960136003B0CF
:10DED000F0BDDB68DC681E68271D3846FEF760FE73
:10DEE000236A2046984794F828305B07E8D5A36951
:10DEF00033449E4206D22868636024613946FEF7A7
:10DF000038FEDDE700230093324619462046FFF72E
:10DF1000A9FF0028D4D14FF0500383F31188BFF339
:10DF20006F8FBFF34F8FFEE7DC590020D8590020D8
:10DF30002DE9F043764F774E87B03B68D3F80080E9
:10DF4000B8F1000F28D0DB68D3F800800024FFF779
:10DF5000FBFBFFF701FC3368984205461ED3306097
:10DF600024B36D4B1B681C68B4FA84F464096B4BD2
:10DF700022461868A8EB0501FFF799F9FFF790FC16
:10DF800088B94FF0E0234FF08052C3F8042DBFF35F
:10DF90004F8FBFF36F8F06E00124D8E7FFF78EFFA6
:10DFA0003560FFF77DFCDFF8748138E08045DED80E
:10DFB000FFF776FC3B68DB68D3F80C9009F10400AE
:10DFC000FEF7EEFD99F82830580719D5D9F8181042
:10DFD00043462A4641444846FFF7C0FEA0B100949C
:10DFE0002346424621464846FFF73CFF60B94FF0C2
:10DFF000500383F31188BFF36F8FBFF34F8FFEE79A
:10E0000023F0010389F82830D9F820304846984792
:10E01000C9E7039B05999847029B002B0BDAD8F8B8
:10E020000000002202A9FFF717F8002885D0029B04
:10E030000498002BEDDB049C636993B9FFF78CFB1C
:10E0400033689842054601D2FFF738FF029B3560DE
:10E05000092BE4D8DFE803F0090909333A53090929
:10E06000333A201DFEF79CFDE8E794F82830A169BB
:10E0700043F0010384F82830039B2A4619442046C4
:10E08000FFF76CFE0028CAD0236A2046984794F810
:10E0900028305907C3D5A269039900230A44009385
:10E0A00019462046FFF7DEFE0028B8D14FF0500396
:10E0B00083F31188BFF36F8FBFF34F8FFEE794F8A0
:10E0C000283023F0010384F82830A8E794F828309A
:10E0D0000399A16143F0010384F8283041B94FF05E
:10E0E000500383F31188BFF36F8FBFF34F8FFEE7A9
:10E0F0002B462A4629442046FFF730FE8FE794F846
:10E1000028309A07DDD4204600F076FA87E700BF72
:10E11000DC590020CC590020D8590020D4590020C7
:10E1200008480068006880F308884FF0000080F31A
:10E13000148862B661B6BFF34F8FBFF36F8F00DFF5
:10E1400000BF000008ED00E0DFF80C00016841F4BA
:10E15000700101607047000088ED00E082B000238C
:10E1600001930D4B1B68013308D04FF0500383F32C
:10E170001188BFF36F8FBFF34F8FFEE74FF050034F
:10E1800083F31188BFF36F8FBFF34F8F019B002B79
:10E19000FCD002B0704700BF0C0000204FF080732D
:10E1A00040F8043C074B40F80C3C21F001016FF0B3
:10E1B000020340F8081C40F8202C40F8243C443866
:10E1C000704700BF5DE10008000000000000000093
:10E1D000074B19680868B0E8F04F80F30988BFF36F
:10E1E0006F8F4FF0000080F311887047AFF300800D
:10E1F000D85800204FF0500383F31188BFF36F8F7E
:10E20000BFF34F8F0A4A13680133012B13600ED1FD
:10E210004FF0E023D3F8043DDBB243B14FF050039D
:10E2200083F31188BFF36F8FBFF34F8FFEE7704703
:10E230000C000020084A136843B94FF0500383F3E1
:10E240001188BFF36F8FBFF34F8FFEE7013B136061
:10E250000BB983F3118870470C0000200000000008
:10E26000EFF30980BFF36F8F154B1A681EF0100F84
:10E2700008BF20ED108A20E9F04F106009B44FF07C
:10E28000500080F31188BFF34F8FBFF36F8FFFF7FC
:10E29000E9FB4FF0000080F3118809BC1968086899
:10E2A000B0E8F04F1EF0100F08BFB0EC108A80F3FA
:10E2B0000988BFF36F8F7047AFF30080AFF3008022
:10E2C000D858002008B54FF0500383F31188BFF3EE
:10E2D0006F8FBFF34F8FFFF74DFA28B14FF0E02358
:10E2E0004FF08052C3F8042D002383F3118808BD3A
:10E2F0004FF0E022002313619361054B4FF47A71D4
:10E300001B68B3FBF1F3013B5361072313617047B3
:10E31000000000204FF0E02337B5D3F8001D394A44
:10E32000914208D14FF0500383F31188BFF36F8FF0
:10E33000BFF34F8FFEE7D3F8002D334B9A4208D13D
:10E340004FF0500383F31188BFF36F8FBFF34F8FEC
:10E35000FEE72E4B1A78D2B20192FF221A701B7878
:10E360002B4ADBB28DF803309DF8033003F05003E5
:10E370001370284A072313609DF80300000603F179
:10E38000FF310AD4032B11D04FF0500383F31188CF
:10E39000BFF36F8FBFF34F8FFEE79DF8033011601F
:10E3A0005B00DBB28DF803300B46E5E74FF44073BA
:10E3B0001360019B154A4FF0E024DBB21370D4F8D0
:10E3C000203D43F47003C4F8203DD4F8203D43F0D1
:10E3D0007043C4F8203DFFF78BFF0F4B00251D60F5
:10E3E000FFF7B2FED4F8343F43F04043C4F8343F63
:10E3F000FFF796FEFFF736FBFFF7B0FE284603B0A7
:10E4000030BD00BF71C20F4170C20F4100E400E097
:10E410000C5A0020085A00200C000020EFF305835E
:10E420000F2B0ED9114A9B5C114A12789A4208D9D7
:10E430004FF0500383F31188BFF36F8FBFF34F8FFB
:10E44000FEE74FF0E0230B4AD3F80C3D126803F4CB
:10E45000E063934208D94FF0500383F31188BFF370
:10E460006F8FBFF34F8FFEE7704700BFF0E300E010
:10E470000C5A0020085A002010B5104B1A461B6891
:10E480008342FBD354681119884201BF416810468A
:10E4900009195160446801198B420CD10849096877
:10E4A0008B4203D059682144416019680160904251
:10E4B00018BF106010BD1946F8E700BF285A0020A9
:10E4C000245A00202DE9F0410446FFF73DF9434965
:10E4D000434D0B680BBB434A56071FBFD01D20F0AE
:10E4E000070002F5C832131A0CBF4FF4C8330246B6
:10E4F00013443D4E083B23F0070300207060326058
:10E50000C3E90000981AC2E900300B60374B18606D
:10E51000374B18604FF000432B602F68274207D01D
:10E52000FFF7BEF9F2F7BCFE00263046BDE8F081E9
:10E53000002CF5D004F1080360071CBF23F007038B
:10E540000833002BECD0DFF8A880D8F800509D42AB
:10E55000E6D3254A14686068984201D22668B6B9A5
:10E560000968A142DCD0216816681160C21A102A1D
:10E5700006F1080612D9E01841070BD04FF05003FE
:10E5800083F31188BFF36F8FBFF34F8FFEE72246EF
:10E590003446E0E742606360FFF76EFF626813494C
:10E5A000AD1A1743134A0868676000232360136895
:10E5B000C8F80050854203F1010338BF0D601360B5
:10E5C000FFF76EF97307B0D04FF0500383F3118853
:10E5D000BFF36F8FBFF34F8FFEE700BF245A0020B9
:10E5E000105A0020305A0020285A00201C5A0020BF
:10E5F000205A0020185A002010B5044690B31A4A39
:10E6000050F8043C1268134208D14FF0500383F3D2
:10E610001188BFF36F8FBFF34F8FFEE750F8081CD0
:10E6200041B14FF0500383F31188BFF36F8FBFF3F5
:10E630004F8FFEE723EA020340F8043CFFF784F81B
:10E640000A4A54F8043C1168A4F108000B44136012
:10E65000FFF712FF064A1368BDE81040013313604C
:10E66000FFF71EB910BD00BF105A0020205A00202D
:10E67000145A0020014B1868704700BF205A002030
:10E68000014B1868704700BF1C5A00200CB430B50D
:10E69000184B0C1E1D689DB008DA8B232B604FF0C1
:10E6A000FF301DB0BDE8304002B070474FF4027338
:10E6B000ADF814304FF000031B9314BF04F1FF3387
:10E6C0002346049307934FF6FF7302900690ADF82C
:10E6D0001630209A21AB02A92846019300F048FA8F
:10E6E000431CBCBF8B232B60002CDAD0029B002282
:10E6F0001A70D6E71000002030B51446002C9BB0ED
:10E7000005461A4605DA8B2303604FF0FF301BB035
:10E7100030BD4FF40273ADF80C304FF00003199385
:10E7200014BF04F1FF332346029305934FF6FF73A2
:10E7300000910491ADF80E3069461E9B00F018FA66
:10E74000431CBCBF8B232B60002CE0D0009B00221D
:10E750001A70DCE707B5009313460A4601460348E2
:10E760000068FFF7C9FF03B000BD00BF1000002024
:10E7700002440346934200D1704703F8011BF9E7B6
:10E780002D4B1B68834270B5044653D0C3691BB33D
:10E79000DB6863B10025E369DB685959B1B9043519
:10E7A000802DF8D1E3692046D96800F089F8E36943
:10E7B000196811B1204600F083F8E3699D685DB1E6
:10E7C000294620462D6800F07BF8F8E70E682046C1
:10E7D00000F076F83146E1E7616911B1204600F0BA
:10E7E0006FF8E16911B1204600F06AF8216B11B1B0
:10E7F000204600F065F8616B11B1204600F060F82A
:10E80000A16B11B1204600F05BF8A16C11B120465C
:10E8100000F056F8616C11B1204600F051F8E16A41
:10E8200011B1204600F04CF8236A1BB12046BDE828
:10E830007040184770BD00BF10000020014B1868E1
:10E84000704700BF1000002070B50D4B0D4D5B1BD5
:10E850009C100026A64209D101F038FE0A4D0B4B50
:10E860005B1B9C100026A64205D170BD55F8043BE9
:10E8700098470136EEE755F8043B98470136F2E732
:10E8800090490108904901089049010894490108FC
:10E8900070477047034611F8012B03F8012B002A3B
:10E8A000F9D170470A44914200F1FF3300D170471B
:10E8B00010B511F8014B03F8014F9142F9D110BD89
:10E8C00038B50546002941D051F8043C0C1F002BF7
:10E8D000B8BFE41800F0E0F81D4A136833B963606C
:10E8E00014602846BDE8384000F0DCB8A34208D9DF
:10E8F000206821188B4201BF19685B6809182160E4
:10E90000EDE71A465B680BB1A342FAD911685018BB
:10E91000A0420BD120680144501883421160E0D11D
:10E9200018685B68536008441060DAE702D90C236A
:10E930002B60D6E7206821188B4204BF19685B68FA
:10E94000636004BF091821605460CAE738BD00BF86
:10E9500074EB012070B50F4E0C463168054611B9B5
:10E9600000F0ACFB30602146284600F0A7FB431CBA
:10E9700003D14FF0FF34204670BDC41C24F00304C3
:10E98000A042F8D0211A284600F098FB0130F2D1BD
:10E99000EFE700BF70EB01202DE9F843CD1C25F017
:10E9A000030508350C2D38BF0C25002D064601DB6C
:10E9B000A94204D90C2333600020BDE8F883DFF8B6
:10E9C000D48000F069F8D8F800301C4644BB2946D2
:10E9D0003046FFF7BFFF431C044658D1D8F800402B
:10E9E0002746002F43D1002C4BD0236839463046B0
:10E9F00004EB030900F062FB814542D121686D1AE6
:10EA000029463046FFF7A6FF01303AD023682B4451
:10EA10002360D8F800305A6862BBC8F800700FE075
:10EA20002268521B20D40B2A17D96119A3422560F2
:10EA300018BF5960636808BFC8F8001062514B6086
:10EA4000304600F02FF804F10B00231D20F00700E2
:10EA5000C21A1CBF1B1AA350AFE76268A3420CBFC7
:10EA6000C8F800205A60EBE723466468AEE73C46EE
:10EA70007F68B6E71A465B68A342FBD10023536068
:10EA8000DEE70C233360304600F00CF894E70560B5
:10EA9000D6E700BF74EB01200148FFF7F9BE00BFC5
:10EAA0006CEB01200148FFF7F4BE00BF6CEB0120C6
:10EAB0002DE9F0478E681F46BE4282460C469046BE
:10EAC000334653D8B1F90C0010F4906F2BD0656920
:10EAD0002368096905EB4505A3EB010905EBD5752D
:10EAE0007B1C6D104B44AB422A4684BF1D462A4610
:10EAF000430527D511465046FFF74EFF064658B34B
:10EB000021694A46FFF7CEFEA38923F4906343F0C0
:10EB10008003A381266165614E44A5EB090526604B
:10EB2000A5603E463B461F4620683A46414600F0F7
:10EB3000ABFAA3689B1BA36023683B4423600020BF
:10EB4000BDE8F087504600F0C9FA06460028E1D13A
:10EB500021695046FFF7B4FE0C23CAF80030A389A0
:10EB600043F04003A3814FF0FF30E9E73E46DBE787
:10EB70002DE9F0471F468B891B069CB006460D46C3
:10EB8000144610D50B6973B94021FFF705FF2860C3
:10EB9000286130B90C2333604FF0FF301CB0BDE862
:10EBA000F08740236B610023099320238DF82930DF
:10EBB00003973023654F8DF82A304FF00108234624
:10EBC000994613F8012B0AB1252AF9D1B9EB040AA9
:10EBD0000BD05346224629463046FFF769FF0130E5
:10EBE00000F0A480099A5244099299F80030002B51
:10EBF00000F09C8000234FF0FF32CDE9052309F19E
:10EC00000109049307938DF853301A934C464F48EB
:10EC100014F8011B0522F1F7E3FA049BD0B9D806DA
:10EC200044BF20228DF85320190744BF2B228DF8B2
:10EC3000532099F800202A2A13D0079A4C46002026
:10EC40004FF00A0C214611F8013B303B092B49D902
:10EC500068B913E0C01B08FA00F018430490A146FD
:10EC6000D4E7039A111D12680391002A01DB079271
:10EC700004E0524243F002030792049323782E2BC0
:10EC80000AD163782A2B32D1039B1A1D1B68039289
:10EC900043EAE37302340593DFF8C090217803223E
:10ECA0004846F1F79DFA38B1049BA0EB09004022D9
:10ECB000824013430134049314F8011B24488DF857
:10ECC00028100622F1F78CFA002835D0214818BB0D
:10ECD000039B073323F0070308330393099B034483
:10ECE00009936CE70CFB02320C460120AAE70023D3
:10ECF0000134059319464FF00A0C204610F8012BF9
:10ED0000303A092A03D9002BC6D00591C4E70CFB81
:10ED1000012104460123F0E703AB00932A460E4B82
:10ED200004A93046AFF30080421CD7D1AB895B0603
:10ED30003FF532AF099831E703AB00932A46064B03
:10ED400004A9304600F07AF8EEE700BFE04201087F
:10ED5000EA42010800000000B1EA0008E6420108AA
:10ED60002DE9F047164698468A680B69DDF8209031
:10ED70009342B8BF1346336091F8432007460C46D0
:10ED80000AB1013333602368990642BF3368023306
:10ED90003360256815F0060506D104F1190AE36809
:10EDA00032689B1AAB4226DC94F843302268003B61
:10EDB00018BF012392062BD404F143024146384682
:10EDC000C84701301ED02368226903F00603042BD4
:10EDD00002BFE5683368ED1AA3680CBF25EAE57544
:10EDE00000259342C4BF9B1AED1800261A34B54281
:10EDF0001AD1002008E00123524641463846C84750
:10EE0000013003D14FF0FF30BDE8F0870135C6E790
:10EE1000E1185A1C302081F84300224494F8451030
:10EE200082F843100233C7E70123224641463846A1
:10EE3000C8470130E6D00136D9E700002DE9F0439C
:10EE40000D7E85B0782D90460C9E07460C4699465F
:10EE500001F1430207D8622D0AD8002D00F0D780B7
:10EE6000582D00F0BC8004F1420684F842503BE08B
:10EE7000A5F16303152BF6D801A151F823F000BFCB
:10EE8000D9EE0008EDEE000867EE000867EE000816
:10EE900067EE000867EE0008EDEE000867EE000878
:10EEA00067EE000867EE000867EE0008F5EF00085F
:10EEB00017EF0008A7EF000867EE000867EE0008EC
:10EEC00017F0000867EE000817EF000867EE00086B
:10EED00067EE0008AFEF000833681A1D1B68326048
:10EEE00004F1420684F842300123A1E0336820682F
:10EEF000191D3160060601D51D6803E04506FBD5E6
:10EF0000B3F90050002D03DA2D236D4284F843300D
:10EF10005B480A2311E021683368080653F8045B54
:10EF200002D4490648BFADB23360237E54486F2BEC
:10EF30005CD10823002184F843106668A660002E87
:10EF400005DB21682E4321F00401216050D01646D4
:10EF5000B5FBF3F103FB115C10F80CC006F801CD12
:10EF6000AC4663450D46F3D9082B0BD12368DB076C
:10EF700008D5236961689942DEBF302306F8013C59
:10EF800006F1FF36921B2261CDF80090434603AA9A
:10EF900021463846FFF7E4FE01304ED14FF0FF30F6
:10EFA00005B0BDE8F083236843F0200323603548B3
:10EFB000782584F845502368316813F0800F51F8A4
:10EFC000045B03D113F0400F18BFADB23160D90715
:10EFD00044BF43F0200323601DB11023AAE7284853
:10EFE000E7E7236823F020032360F6E70A23A1E77D
:10EFF0001646B9E7336825686169181D30602E062A
:10F000001B6801D5196002E06806FBD51980002352
:10F0100023611646B8E733681A1D32601E686268BD
:10F0200000213046F1F7DCF808B1801B60606368AE
:10F030002361002384F84330A6E723693246414622
:10F040003846C8470130A9D023689B0713D4E0682D
:10F05000039B9842B8BF1846A2E7012332464146B7
:10F060003846C847013099D00135E36803995B1AE7
:10F07000AB42F2DCEBE7002504F11906F5E700BF2F
:10F08000F142010802430108884210B501EB020475
:10F0900002D98442234607D8431EA14207D011F863
:10F0A000012B03F8012FF8E70244824200D110BD82
:10F0B00013F8011D02F8011DF7E7000038B5064DF1
:10F0C0000023044608462B60F9F73AFF431C02D19F
:10F0D0002B6803B1236038BD68EB01202DE9F041B6
:10F0E000074614460D4621B9BDE8F0411146FFF729
:10F0F00053BC2AB9FFF7E4FB25462846BDE8F0815A
:10F1000000F01AF88442064602D8B4EB500FF4D847
:10F1100021463846FFF740FC804608B94546ECE7F3
:10F12000B4422246294628BF3246FFF7BBFB294698
:10F130003846FFF7C5FBF1E751F8043C181F002BD8
:10F14000BCBF0B58C018704738B52DED028B55EC7D
:10F15000104B00F0F7F822462B4620462946B0EE29
:10F16000408AF0EE608AF1F7E1FC30B9002200231A
:10F1700020462946F1F7B2FC30B9B0EE480AF0EE6D
:10F18000680ABDEC028B38BDFFF758FB0022002354
:10F190002121016010461946F1F758FB41EC180B8C
:10F1A000B0EE480AF0EE680ABDEC028B38BD00BF35
:10F1B00000F0D8BA08B52DED028BB0EE408A00F011
:10F1C000B9F9B4EE488AF1EE10FA06D6DFED098AF5
:10F1D000B4EEE88AF1EE10FA02D4BDEC028B08BD61
:10F1E000FFF72CFB88EEA80ABDEC028B21230360FD
:10F1F00008BD00BF0000000010EE103A184923F0CF
:10F2000000428A4219D9B2F1FF4F02D330EE400AD0
:10F21000704700B583B0684600F04AFB00F0030079
:10F2200001289DED000ADDED010A0FD0022808D06B
:10F2300088B900F0CDF903B000BDDFED0A0A00F097
:10F24000C7B900F0C5F9B1EE400AF4E700F042FAA0
:10F25000B1EE400AEFE7012000F03CFAEBE700BF17
:10F26000D80F493F0000000010EE103A194923F072
:10F2700000428A421AD9B2F1FF4F02D330EE400A5F
:10F28000704700B583B0684600F012FB00F0030041
:10F2900001289DED000ADDED010A12D002280AD0F6
:10F2A00090B9012000F016FA03B000BDDFED0A0AA4
:10F2B000002000F00FBA012000F00CFAB1EE400A75
:10F2C000F2E700F085F9EFE700F082F9B1EE400ACD
:10F2D000EAE700BFD80F493F0000000010EE101A07
:10F2E000C1F3C7520029A2F17F0CACBF01204FF03F
:10F2F000FF30BCF11E0F0FDCBCF1000F1DDBC1F3B2
:10F300001603BCF1160F43F400030ADD963A03FA24
:10F3100002F202FB00F07047FDEEC07A17EE900A91
:10F3200070474FF4800242FA0CF21A44CCF1170CE9
:10F3300022FA0CF202FB00F07047BCF1FF3F18BF4D
:10F34000002070472DE9F84F774955EC104BA94341
:10F3500000F0AE80002D2A46234655DD2C1562D0E4
:10F36000C2F31302E107A4F2FF3742F4801203D480
:10F37000520002EBD3725B005200002602EBD37204
:10F380007F105B001624B4464FF400110CEB010013
:10F3900090424FEAD3754FEA430303DC00EB010CC4
:10F3A000121A0E44013C05EB42024FEA5101EDD125
:10F3B000A04620254FF000400AE043D0510001EB69
:10F3C000D371013D0A464FEA43034FEA500045D04E
:10F3D000624500EB080EF0DDBEF1000F0EEB0008F9
:10F3E0000CDBE146A2EB0C019E4588BF01F1FF3129
:10F3F0004900CC46A3EB0E030444E0E7B8F1000F4C
:10F40000EFDB0CF10109EDE725F00041214346D087
:10F41000002D74D1D90A153A5B050029FAD0CE0225
:10F4200014467DD40A4600215200D502084601F157
:10F430000101F9D5C1F1200523FA05F52A438B40D6
:10F44000241A8DE79E4502D94FEA4C01B7E7BEF179
:10F45000000F0EEB000824DB0021CBE7194312D08C
:10F46000DFF8C8A0DFF8C8B0DAE90001DBE9002363
:10F47000F0F70AFFDAE9008902460B4640464946A2
:10F48000F1F736FB10BB6508711001F17F5101F5F2
:10F49000001101EB075345EAC67243EC102BBDE89F
:10F4A000F88FB8F1000FD7DB0CF1010C0021A1E7B8
:10F4B00022462B4620462946F1F79EF822462B4647
:10F4C000F0F7E4FE41EC100BBDE8F88FB4F1FF3F1C
:10F4D000DAE90001DBE900231ED0F0F7D7FEDAE914
:10F4E000008902460B4640464946F1F7F7FAA8B1B3
:10F4F000A31C04F1020508BF01366D08C4E72246CB
:10F500002B4620462946F0F7BFFE02460B46F1F790
:10F510009DF941EC100BC2E70136B5E70134B2E7C3
:10F520004FF0FF300A468BE70000F07F7845010876
:10F5300070450108B1EEC00A704700BF10EE102AF6
:10F54000C2F3C7537F3B162B22F000411BDC002B7C
:10F5500010461EDB1A4919410A4223D0DFED197A01
:10F5600070EE277AF5EEC07AF1EE10FA1ADD002A75
:10F5700004DD4FF4000242FA03F3184420EA0103C9
:10F5800000EE103A7047B1F1FF4F0BD330EE000A96
:10F590007047DFED0C7A70EE277AF5EEC07AF1EE67
:10F5A00010FA00DC7047002A06DB11B1B7EE000A42
:10F5B000F8E79FED050A70479FED040A704700BF0A
:10F5C000FFFF7F00CAF249710000000000000080C8
:10F5D00010EE103A23F00043B3F1485F2CD2FDEE59
:10F5E000C07A17EE903A002B60D060EE007A9FED63
:10F5F000317A9FED315ADFED315A9FED316ADFEDFF
:10F60000316AA7EE875A9FED307AE7EE855AA7EE6A
:10F61000A56AA7EE867AE7EE876A67EEA66A60EECD
:10F62000C00AB6EE007AE7EEA60AB7EE000AD7EEF9
:10F63000870A30EE600A704760EE007A9FED1D7A0F
:10F640009FED1D5ADFED1D5A9FED1D6ADFED1D6A0E
:10F650001E4AA7EE875A93429FED1B7AE5EE275A82
:10F66000A5EEA76AA6EE277AE7EE276A66EEA76AF6
:10F67000D5D9174A934214D803F17F4307EE103AC5
:10F68000B7EE006A36EE476A60EEC00AF6EE005A40
:10F6900097EEA57AE7EEA60A37EE607A36EE470ACD
:10F6A0007047B6EE076AB5EE027AEDE7B7EE000AEC
:10F6B000704700BF4ED747ADF6740F317CF293B45C
:10F6C000010DD037ABAA2A3D610BB6BA9999993E84
:10F6D0000000483F10EE103A23F00043B3F1485FBA
:10F6E00004D2FDEEC07A17EE903A5BB360EE007A7A
:10F6F0009FED157ADFED155A9FED156ADFED156A5E
:10F70000E7EE875A9FED147AA5EEA76A20EE275AF6
:10F71000E6EE276AA6EEA77A30B9DFED106AE7EECB
:10F72000876AA6EE850A704727EE457AF6EE006AEC
:10F73000A0EEA67ADFED0A6AD7EE270AE5EE260AE2
:10F7400030EE600A704700BFD3C92E2F342FD7B2D6
:10F750001BEF3836010D50B98988083CABAA2ABE88
:10F76000ABAA2A3E10B582B0CDED010A019B23F071
:10F770000042B2F1FF4FF0EE407A30D810EE100A9E
:10F7800020F00041B1F1FF4F29D8B3F17E5F3ED0A8
:10F790009C1704F0020444EAD07431B37AB3B2F196
:10F7A000FF4F3FD0B1F1FF4F29D0891AB1F1F45F7B
:10F7B0004FEAE15233DA002B41DA3C323FDA9FED77
:10F7C000330A012C4DD0022C42D064B19FED307A27
:10F7D000DFED307A30EE070A30EE670A03E09DED88
:10F7E000017A37EE270A02B010BD022C0CD09FED33
:10F7F0002A7A032C08BFB0EE470A02B010BD0028D9
:10F800000ADB9FED260AEEE79FED220AEBE702B046
:10F81000BDE8104000F082B99FED210AE3E79FEDBB
:10F820001F0ACEE7B1F1FF4F04F1FF3420D0022CC4
:10F8300026D81C4B03EB840393ED000AD3E79DED20
:10F84000017A87EE870A00F03BFA00F067F9B8E723
:10F850009FED0F7ADFED0F7A30EE070A37EEC00A20
:10F86000C1E710EE103A03F1004300EE103ABAE798
:10F87000022C08D80C4B03EB840393ED000AB2E78B
:10F880009FED020AAFE79FED090AACE70000000018
:10F890002EBDBB33DB0F4940DB0F49C0DB0FC93F37
:10F8A000DB0FC9BF804501088C450108DB0F493FCC
:10F8B00070B510EE103A8B4A23F00044944286B0A3
:10F8C000054671D9884A94421E4624D823F0004246
:10F8D000002BDFED867A864922F00F02B0EE407AE7
:10F8E00040F3E6808A4270EE677A09BF9FED817A25
:10F8F000DFED816ADFED816A77EEC77A37EEE67A6F
:10F9000077EEC77A80ED007A77EEE67AC0ED017A7D
:10F91000012006B070BD7A4A944253D9B4F1FF4F2A
:10F9200049D2E215863AA4EBC25307EE903ABDEEF7
:10F93000E77ADFED746AB8EEC77A77EEC77A8DEDB5
:10F94000037A67EEA67ABDEEE77AB8EEC77A77EE6D
:10F95000C77A8DED047A67EEA67AF5EE407AF1EE7D
:10F9600010FACDED057A40F08E80B5EE407AF1EEDA
:10F9700010FA40F08A80012363490191022100912D
:10F9800003A8294600F0A4F9002EC2DA95ED007A0A
:10F99000D5ED017AB1EE477AF1EE677A85ED007A1E
:10F9A000C5ED017A4042B4E7002285ED000A4260CD
:10F9B000002006B070BD70EE407AC0ED017AC0ED57
:10F9C000007AF5E700F07CF99FED507A9FED476AE9
:10F9D000F6EE007AE0EE077A9FED477AFDEEE77AE1
:10F9E000F8EEE76A17EE900AA6EEC60A1F2866EE42
:10F9F000877AB1EE666A30EE677A1EDC444A411EB1
:10FA000026F0004352F8212023F0FF03934214D044
:10FA100085ED007A30EE470A002E30EE670A85ED5C
:10FA2000010ABFF676AFB1EE477AB1EE400A85ED36
:10FA3000007A85ED010A40426BE717EE103AC3F3F6
:10FA4000C753C3EBD453082B4FEAE452E0DD9FEDDC
:10FA5000297A9FED2A5AF0EE405AE6EE075A70EEE8
:10FA6000657AE6EE077AD6EE857A35EEE77A17EE16
:10FA7000103AC3F3C753D21A192A08DCB0EE650A4C
:10FA800085ED007AC6E7032376E7022374E79FED4E
:10FA9000217A9FED215AB0EE650AA6EE070A75EEAF
:10FAA000C07AE6EE077AD6EE857A30EE677AAFE76F
:10FAB0008A4270EE277A09BF9FED0E7ADFED0E6A5B
:10FAC000DFED0E6A77EE877A37EEA67A77EEC77AA1
:10FAD00080ED007A77EEA67AC0ED017A4FF0FF3024
:10FAE00017E700BFD80F493FE3CB1640800FC93F4F
:10FAF000D00FC93F004435374344353708A3852E1E
:10FB0000800F4943000080431846010884F9223FD2
:10FB10009845010800A3852E32318D2438B510EEAA
:10FB2000105A25F00044B4F1A14FF0EE407A07D30B
:10FB3000B4F1FF4F55D8002D77DD9FED4E0A38BD4B
:10FB40004D4B9C425CD8B4F1445F4DD34FF0FF3332
:10FB500027EEA76A9FED495A9FED497ADFED495A92
:10FB6000DFED494A66EE066A5A1CA6EE857AE6EE95
:10FB7000A54A9FED465ADFED465AA7EE265AE4EE17
:10FB8000A65A9FED447ADFED444AA5EE267AE5EECB
:10FB9000A64A9FED425ADFED425AA7EE265A9FED44
:10FBA000417AA4EEA67AE5EE265A27EE267AA5EE4D
:10FBB000867A27EE877A3BD03B493C4A01EB8301AA
:10FBC000D1ED006A37EE667A02EB8303D3ED006A6B
:10FBD00037EE677A002D36EEC70AB0DAB1EE400A8A
:10FBE00038BD30EE000A38BD9FED317A30EE077A2D
:10FBF000F7EE006AB4EEE67AF1EE10FAA6DD38BD53
:10FC000000F05EF82B4B9C4215D8A3F5D0039C4224
:10FC100026D8F0EE007ABFEE007AA0EE277A002315
:10FC200030EE270AC7EE007A92E79FED230A38BD2F
:10FC300037EEC70A38BD214B9C420BD8F7EE087A45
:10FC4000B7EE007AA0EE277A022330EE670AC0EE04
:10FC5000077A7DE7BFEE007AC7EE007A032377E7E5
:10FC6000F7EE007A30EE677A30EE270A0123C7EE0E
:10FC7000007A6DE7DB0FC93FFFFFDF3ED769853CA8
:10FC800059DA4B3D21A215BD6BF16EBD356B883D38
:10FC900095879DBD6E2EBA3D388EE3BD2549123E37
:10FCA000ABAAAA3ECDCC4CBE304901084049010860
:10FCB000CAF24971FFFF973FDB0FC9BFFFFF1B402F
:10FCC00010EE103A23F0004300EE103A704700BFE8
:10FCD0002DE9F04F2DED048BDBB01C4694460393C9
:10FCE0000A46BA4B68991CF1040F53F821708246FA
:10FCF00004F1FF39C0F25682BCF1030348BF0CF196
:10FD00000403DB10029301334FEAC30EACEB0E0386
:10FD10000593029B17EB0900A3EB090316D40130EE
:10FD20009FEDAB7A699C18441EA9002BA4BF54F820
:10FD3000235007EE905A03F10103ACBFF8EEE77AC7
:10FD4000F0EE477A8342E1EC017AEED1002FC0F267
:10FD5000E28203991EA800EB81004FEA81087E1819
:10FD6000002346AD4C460AEB8101B9F1000F80F249
:10FD7000C8800134B44245F8043B00F10400F4D1DA
:10FD80000DF1280B0BEB8703CDE9062E043B9FED0D
:10FD9000929ADFED908A059804930AEB080446AE28
:10FDA0000BEB87080097CDF820C00DEB8703002FE1
:10FDB00093ED460A4FEA870515DD73195A4660EE42
:10FDC000097AB0EE407AFDEEE77A73ED016AF8EE5B
:10FDD000E77AB342A7EEE87A37EEA60ABDEEC77A15
:10FDE000A2EC017AEBD1019000F0B8FAF4EE007ABF
:10FDF000B0EE408A20EE270A00F01EFBF2EE007AF9
:10FE0000A0EE678A01980028FDEEC89AF8EEE97A1C
:10FE100038EE678A40F38280791EC0F108035BF8F0
:10FE200021E04EFA03FC0CFA03F3AEEB030EC0F133
:10FE3000070219EE903A4EFA02F26344002A09EEE4
:10FE4000903A4BF821E000F3AF80B5EE408AF1EE36
:10FE500010FA74D1009B9F420ADD5D44002355F8DF
:10FE6000041D454543EA0103F9D1002B40F002810E
:10FE7000009B013B5BF823207B1C9C46002A40F042
:10FE8000F780049A012152F8045D0131002DFAD067
:10FE90003944029D039A05EB030E0EF1804E699DD5
:10FEA0000EF1FF3E3A4405EB8E0E1EAD06EB8307C6
:10FEB00005EB8205DEED017AF8EEE77AB9F1000F85
:10FEC0000EF1040EE5EC017ADFED417A09DB2A46FA
:10FED0005346F3EC016A32ED017AA342E6EE877AEB
:10FEE000F7D10CF1010C8C45E7EC017AE2DD0F460D
:10FEF0005BE70134B442E5EC017A00F104003FF421
:10FF00003FAFDFED337A83465346F3EC016A3BEDB6
:10FF1000017A8B42E6EE877AF7D1EAE700F091802A
:10FF2000F6EE007AB4EEE78AF1EE10FA80F229815B
:10FF3000B5EE408AF1EE10FA4FF000028AD09246F8
:10FF4000DDE9062EDDF820C00197AEEB0C00B0EE27
:10FF5000480A009F009200F001FADFED1E6AB4EE3D
:10FF6000E60AF1EE10FADDE90023F0EE407AC0F285
:10FF70009C819FED197A059920EE077A0831BDEE34
:10FF8000C77A0591B8EEC77A5C1CE7EE667ABDEEDB
:10FF9000C77AFDEEE77A17EE901A4BF8231017EEAA
:10FFA000103A4BF824307EE00133002F09EE903AEE
:10FFB00040F39D8159464FF0000E51F8043B002B51
:10FFC00039D0C3F5807341F8043C0CE07C4901084A
:10FFD00000000000000080430000803B0B68C3F17C
:10FFE000FF0341F8043B0EF1010E7745F6DC0123D7
:10FFF0009E4600280BDD012800F0BB80022806D1B8
:020000040801F1
:10000000791E5BF8213003F03F0C4BF821C0022A27
:100010007FF41BAFB7EE000A734630EE488A002B20
:100020003FF413AF0992019000F098F90198099AF2
:1000300038EE408A09E70EF1010E7745BDDC9E4699
:10004000D7E77B1E5BF82320D211002A7FF7FDAE95
:1000500019EE903A002F03F1010309EE903AA9DC62
:10006000022A7FF4F2AEF7EE007A37EEC88AECE6A9
:1000700019460EE73B469246DDE905125C1EA1F1EA
:1000800008005BF82410009F059061B903F18043DC
:10009000013B0BEB8303014653F8040D013C083987
:1000A0000028F9D0059105980092B7EE000A00F0FB
:1000B00055F9002C009AB0EE407AC0F22281601C03
:1000C00046AD5FED3B6A81000BEB800305EB8000E2
:1000D00073ED017AF8EEE77A5B4567EE877A27EEF3
:1000E000267A60ED017AF3D10DF1C8080E1F2E4477
:1000F000C646A4460025002F7DDBDFF85C92DFEDCD
:10010000957A3046002307E0F9EC016AB0EC017AF9
:100110009F42E6EE877A03DB9D4203F10103F3DAA7
:100120000CF1FF3CBCF1FF3FEEEC017A05F101055B
:10013000A6F10406E1D1689B022B6ADC002B36DCB9
:100140000ED1DFED847A414431ED017A884577EEB6
:10015000877AF9D15346002B40F0C680C2ED007A71
:1001600019EE903A03F007005BB0BDEC048BBDE8DC
:10017000F08F791E5BF8213003F07F0C4BF821C023
:1001800045E719EE903A002F03F1010309EE903A8A
:10019000C8BF02223FF70EAFF7EE007A37EEC88AEB
:1001A000022252E600234FF0080E0293AEE5DDED89
:1001B000327A9FED687A414471ED016A884537EEE5
:1001C000267AF9D15346002B40F0848077EEC77A27
:1001D00082ED007A64B133A90123B1EC017A0133D5
:1001E0009C4277EE877AF8DA53460BB1F1EE677AE4
:1001F000C2ED017AB4E70CF1FF3C0023BCF1FF3FF4
:100200004EF8043B05F10105A6F104067FF473AF37
:1002100091E7689B032BA3D1002C00F08C8008EBA6
:10022000840595ED007AA0002B46294671ED017AF0
:10023000F0EE476A37EE277A884577EEC77A81ED88
:10024000007A77EEA67AC1ED017AEFD1012C72D057
:1002500095ED007A08F1040173ED017AF0EE476A3A
:1002600037EE277A994277EEC77A83ED007A77EEF8
:10027000A67AC3ED017AEFD1031DDFED367A434450
:1002800008F1080833ED017A984577EE877AF9D1BD
:100290005346DDED326A9DED337A73B9C2ED006AE3
:1002A00082ED017AC2ED027A5AE7FDEEC07A1C4671
:1002B00017EE901A4BF82310F5E6F1EE666AB1EEF0
:1002C000477AF1EE677AC2ED006A82ED017AC2EDFB
:1002D000027A45E7F1EE476A77EEC77AC2ED006A27
:1002E000002C7FF478AF81E7F1EE677A36E70128DA
:1002F00015D002287FF4B4AE0EF03F034BF8213046
:10030000AEE6689B022B12DC002B17DC7FF428AFD3
:10031000DFED107A1EE7039B4FEA830830E50EF00D
:100320007F03022A4BF821307FF48FAD9BE6689B58
:10033000032B7FF415AFDFED077AA9E75346DDED18
:10034000327A1BB14FF0004313604FE70023136074
:100350004EE700BF000000005049010810EE103ABF
:1003600033F000411A4625D0B1F1FF4F1FD213F0F0
:10037000FF4F20D1DFED297A294A60EE277A90429B
:1003800017EE903A31DB4CF2503CC3F3C751604555
:100390001A46A1F1190114DD002BDFED227A9FED41
:1003A000210AB8BFDFED207A27EE800A704730EED1
:1003B000000A704770474CF2503C60454FEAD151FB
:1003C000EADC0144FE29E7DC002915DC11F1160FF7
:1003D00019DB193122F0FF4242EAC15207EE902A9E
:1003E0009FED120A27EE800A7047DFED117A07EEC3
:1003F000103A27EE270A704722F0FF4242EAC15323
:1004000000EE103A7047002BDFED097A9FED080AE5
:10041000B8BFDFED087A27EE800A70470000004C75
:10042000B03CFFFFCAF24971CAF249F10000003343
:100430006042A20D6042A28D10EE102AC2F3C75393
:100440007F3B162B22F000411BDC002B10461EDBED
:100450001A4919410A4223D0DFED197A70EE277A42
:10046000F5EEC07AF1EE10FA1ADD002A04DA4FF444
:10047000000242FA03F3184420EA010300EE103AA6
:100480007047B1F1FF4F0BD330EE000A7047DFED3C
:100490000C7A70EE277AF5EEC07AF1EE10FA00DCF5
:1004A0007047002A02DB9FED070A704711B99FEDE4
:1004B000060A7047BFEE000AF2E700BFFFFF7F00A9
:1004C000CAF249710000000000000080F8B500BFCA
:1004D000F8BC08BC9E467047F8B500BFF8BC08BC25
:0404E0009E4670477D
:1004E8000000000500000000AD550A19CB1A0008ED
:1004F800291A0008351A0008000000006D1A0008C3
:10050800491A00084D1A0008000000000000803F4A
:100518000000000000000000000020410000204111
:100528000000803F000020410000C8420000000099
:1005380000000000000020410000A0400000803FB3
:100548000000204100000000000000400000000002
:10055800000040400000C8420000803F0000C84240
:100568000000000000000000000080400000204162
:100578000000C8420000803E0000C8420000204140
:100588000000000000000000000020410000C842F8
:100598000000803F000040404D4541535552454DB5
:1005A800454E54004D4541535552454D454E545FB7
:1005B8004D4F54494F4E5F56325F444D415F503165
:1005C800004944455F574F524B545245455F554E7D
:1005D800545241434B4544005350495F444D415F99
:1005E800424C4F434B494E475F575241505045523A
:1005F8005F563100554E4B4E4F574E5F434F4E4658
:1006080049475F474154455F524553554C54004E46
:100618004F4E4500434F4E4649475F524541445F60
:100628004641494C4544005354415455535F4E4F3D
:10063800545F434C45414E00554E45585045435430
:1006480045445F4E4F4E5A45524F5F434F525245B5
:100658004354494F4E5F5441424C4500455850451C
:10066800435445445F434F4E4649475F50524F46B7
:10067800494C455F4D495353494E47005A45524FDF
:100688005F4D49534D41544348004449525F4D49D9
:10069800534D415443480046494C545F4D49534DCE
:1006A80041544348005354415455535F4D49534DA9
:1006B80041544348005052545F4D49534D415443AF
:1006C8004800524D415049445F4D49534D415443B0
:1006D8004800434F5252454354494F4E5F4352439B
:1006E8005F4D49534D41544348002D004D4136302C
:1006F8003020616E676C65207472616E73706F7202
:10070800743D25730D0A004255494C445F4D414ED6
:1007180049464553542C4170704D6F64653D2573AF
:100728002C41707050726F66696C653D25732C4D55
:1007380043553D53544D333246343035524754783F
:100748002C536F7572636549643D25732C50726F25
:1007580066696C6546696E6765727072696E743D2C
:1007680030782530386C582C53797374656D436C28
:100778006F636B487A3D256C752C5472616E73708B
:100788006F72743D25730D0A004D41363030206973
:10079800646C65206163717569736974696F6E2033
:1007A8006661696C656420726573756C743D256457
:1007B80020617474656D7074733D257520666C6175
:1007C80067733D3078253032580D0A004D41363078
:1007D80030207261773D257520616E676C653D2517
:1007E8006C752E2530326C752064656720537461F2
:1007F80074757356616C69643D2564204E564D428C
:100808003D2564204552524352433D2564204552BC
:10081800524D454D3D2564204552525041523D258B
:10082800640D0A004D41363030206E6F69736520C3
:10083800286C61737420256473293A205032503D26
:10084800256C752E2530326C756465672053746489
:100858004465763D256C752E2530326C7564656768
:100868002044726966743D2573256C752E253032D7
:100878006C75646567204D6178537465703D256CAF
:10088800752E2530326C75646567204E3D256C7574
:100898002076616C69643D25640D0A0064656661B3
:1008A800756C745461736B00575241505045445FE6
:1008B8005049445F534C45575F563200554E4B4E96
:1008C8004F574E00554E4B4E4F574E5F4A494700C3
:1008D80041756720313220323032362031353A3591
:1008E800333A3330006A69676D6F746F722D6E6CBE
:1008F8003200434F4E4649472C5265636F72645627
:10090800657273696F6E3D312C47617465506F6C09
:100918006963793D504F4C4943595F415F4C4F43A0
:100928004B45445F56312C436F6E666967436F6E63
:10093800746578743D25732C4669726D77617265AC
:100948003D25732C4275696C6449443D25732C4DD3
:1009580043555F5549443D2530386C582530386C2F
:10096800582530386C582C4A696749443D25732C02
:100978004A69674B6E6F776E3D25642C436F6E66D0
:1009880069674761746553656C66546573743D3176
:100998002C506F696E7453616D706C657253656C21
:1009A80066546573743D312C45787065637465646D
:1009B80043616C6962726174696F6E5374617465C6
:1009C8003D5A45524F5F5441424C452C436F6E6629
:1009D80069675265616456616C69643D25642C439E
:1009E8006F6E66696756616C69643D25642C506F4B
:1009F8006C69637941476174655061737365643DDF
:100A080025642C41756469744669656C64734C6F20
:100A1800636B65643D312C4578706563746564501B
:100A2800726F66696C65466F756E643D25642C52FD
:100A3800656A656374526561736F6E3D25732C50EA
:100A48006F6C696379414279706173734F7665722F
:100A5800726964653D25642C4578706563746564C6
:100A68005A65726F3D3078253034582C457870655A
:100A7800637465644469723D3078253032582C457A
:100A88007870656374656446696C743D30782530A8
:100A980032582C4578706563746564537461747555
:100AA800733D3078253032582C457870656374650D
:100AB800645072743D3078253032582C4578706512
:100AC80063746564526D617049643D3078253032D5
:100AD800582C4578706563746564436F727243522D
:100AE8004333323D30782530386C582C5A65726F54
:100AF8003D3078253034582C4469723D30782530A3
:100B080032582C46696C743D3078253032582C5355
:100B180074617475733D3078253032582C50727476
:100B28003D3078253032582C526D617049643D3023
:100B380078253032582C436F72724E6F6E5A657238
:100B48006F436F756E743D25752C436F72724352F7
:100B58004333323D30782530386C580D0A004D6FDC
:100B6800746F72204552524F523A2045256420280E
:100B78004D4136303020636F6E6669672067617457
:100B8800652072656A65637465643A202573292156
:100B98000D0A002D256C642E25302A6C64004F52F6
:100BA8004445525F4E4F545F434F4D505554454452
:100BB800004F524445525F41424F56455F4E59518E
:100BC8005549535400524154494F5F4F55545F4F54
:100BD800465F52414E4745002D256C642E25303224
:100BE8006C640043435700505245434F4E444954A8
:100BF800494F4E004E41004F4646494349414C003B
:100C080044495341424C454400256C750025640015
:100C18004D4554412C536368656D6156657273691F
:100C28006F6E3D25642C4669726D776172653D254E
:100C3800732C4275696C6449443D25732C4D4355AA
:100C48005F5549443D2530386C582530386C582557
:100C580030386C582C436F756E74657253636F70BF
:100C6800653D424F4F542C4A696749443D25732CD2
:100C78004A69674B6E6F776E3D25642C4D6F746FB4
:100C88007249443D25732C4D6F746F724944536FFC
:100C9800757263653D25732C4D6F746F72494456A8
:100CA800616C69643D25642C4D6F746F72506F6C74
:100CB80065436F756E743D25752C4D6F746F72505A
:100CC8006F6C6550616972733D25752C456C656361
:100CD80074726963616C526970706C654F72646597
:100CE800723D25752C5465737449443D256C752CEB
:100CF800537765657049443D256C752C4469726568
:100D08006374696F6E3D25732C4D656173757265EB
:100D18006D656E74506F6C6963793D25732C4D65F4
:100D280061737572656D656E7450726F66696C6516
:100D38003D25732C4D6561737572656D656E7444E0
:100D48006566696E6974696F6E3D25732C4D6561C2
:100D5800737572656D656E74436F6E7472616374DA
:100D680056657273696F6E3D25732C4F66666963AD
:100D780069616C4F70656E4C6F6F704E4C3D312CD5
:100D8800466565646261636B416374756174696F1C
:100D98006E456E61626C65643D25642C41707072AD
:100DA8006F61636850726F746F636F6C3D25732C4D
:100DB8004D6F74696F6E50726F66696C653D25730F
:100DC8002C4772696450726F746F636F6C3D257342
:100DD8002C416363657074616E63654D6F64653D36
:100DE80025732C4F6666696369616C526573756C0F
:100DF80074536F757263653D43414E4F4E4943418D
:100E08004C5F5131362C4F6666696369616C4D657C
:100E180061737572656D656E7456616C69643D25A4
:100E2800642C4F6666696369616C496E76616C69AA
:100E380064526561736F6E4D61736B3D3078253018
:100E4800386C582C5175616C6974793D25732C4D3B
:100E5800617468436F6E7472616374566572736906
:100E68006F6E3D25732C5369676E6564526F756E9E
:100E780064696E674D6F64653D25732C4572726FAA
:100E8800725369676E436F6E76656E74696F6E3DF7
:100E980025732C5265666572656E6365446566697F
:100EA8006E6974696F6E3D25732C4D65616E4443A0
:100EB800436F6D70617261626C65546F4C656761F8
:100EC80063793D302C43616E6F6E6963616C4D656B
:100ED800616E536F757263653D25732C4D61644671
:100EE800696C746572696E67456E61626C65643DB4
:100EF800302C53616D706C6554696D696E674D6F08
:100F080064653D4241434B5F544F5F4241434B2C24
:100F180053616D706C65496E74657276616C437966
:100F2800636C65733D302C5363686564756C654903
:100F38006E697469616C697A65643D302C526571BB
:100F48007569726564416363657074656453616D46
:100F5800706C65733D25752C5472616E7361637492
:100F6800696F6E436F756E743D256C752C416363B4
:100F7800657074656453616D706C65436F756E74EC
:100F88003D256C752C4578706563746564416E61A8
:100F98006C79736973506F696E74733D25642C4363
:100FA80061707475726564506F696E74733D256401
:100FB8002C416E616C79736973506F696E74733DFF
:100FC80025642C537465705261773D302C547261DE
:100FD800636B696E6756616C69643D25642C547255
:100FE80061636B696E67526D734C696D69744465B2
:100FF800673D31352E302C547261636B696E674DD5
:1010080061784C696D69744465673D33302E302CC6
:101018004163717569736974696F6E526573756C34
:10102800743D25732C416371526561644174746524
:101038006D7074733D256C752C41637152657472C3
:101048006965733D256C752C4163715472616E73CB
:10105800706F72744572726F72733D256C752C4196
:1010680063714A756D7052656A656374733D256C6A
:10107800752C4163714661696C656453616D706C70
:1010880065733D256C752C436F6E74696E756F754D
:10109800735377656570436F6E746578743D257317
:1010A8002C436F6E746578745265616371756972EB
:1010B80065436F756E743D256C752C52616D704576
:1010C8006E636F6465724F62736572766174696F7F
:1010D8006E456E61626C65643D312C52616D70467F
:1010E8006565646261636B416374756174696F6E91
:1010F800456E61626C65643D302C536574746C6533
:10110800436F6E74726163743D25732C53657474F8
:101118006C6554617267657452657175697265644E
:101128003D25642C536574746C6553746162696CF5
:101138006974794C696D69745261773D256C642CCA
:10114800536574746C65546172676574546F6C652B
:1011580072616E63655261773D256C642C536574CA
:10116800746C65506F696E74733D25642C53657497
:10117800746C6553746162696C69747956616C69E1
:10118800643D25642C536574746C6554617267659D
:101198007450726F78696D69747956616C69643DD1
:1011A80025642C536574746C6556616C69643D25BF
:1011B800642C53746172745261773D25752C537495
:1011C800617274416E676C654465673D25732C4197
:1011D8006E616C7973697353746172745261773D8F
:1011E80025752C426174636849443D256C752C4310
:1011F80079636C654F726465723D256C752C527508
:101208006E4F726465723D256C752C42617463681B
:1012180052756E436F756E743D256C752C507265F2
:10122800636F6E646974696F6E50726F746F636F09
:101238006C3D25732C52756E526F6C653D25732C71
:10124800456C696769626C65466F7253746174694D
:1012580073746963733D25642C507265636F6E64A3
:101268006974696F6E56616C69643D25732C5468A6
:1012780065726D616C50726F746F636F6C3D25732E
:101288002C466972737452756E496E426174636854
:101298003D25642C4D6F746F7241637469766544A3
:1012A80075726174696F6E4D733D256C752C436F53
:1012B8006F6C646F776E5461726765744D733D250A
:1012C800732C436F6F6C646F776E41637475616CD8
:1012D8004D733D25732C436F6F6C646F776E566149
:1012E8006C69643D25732C54696D6553696E63653B
:1012F80050726576696F757352756E4D733D2573BF
:101308000D0A00434F4F4C444F574E5F3132305314
:101318005F5631004F4E455F46554C4C5F5357451D
:1013280045505F313230535F563100535441424982
:101338004C4954595F4F4E4C595F43415054555294
:10134800455F56310053574545505F434F4E54450E
:1013580058545F563100414C4C5F54494552310056
:10136800504F494E54305F43414E4F4E4943414CD4
:101378005F4D45414E00434F4D4D414E445F4D49F1
:101388004E55535F4D45415355524544004E4541D6
:10139800524553545F415741595F46524F4D5F5A2A
:1013A80045524F0043414E4F4E4943414C5F5131E6
:1013B800365F5631005245504F52545F4F4E4C598C
:1013C80000554E49464F524D5F315F4445475F5285
:1013D8004F554E4445445F5241575F563100534381
:1013E8005552564534305F4142534F4C5554455F32
:1013F8005449434B5F5632005343555256455F4359
:10140800575F505245524F4C4C5F4C4F43414C5FD5
:10141800524556455253414C5F434F4E54524F4CE0
:101428005F5631004752454D53595F4F50454E5F07
:101438004C4F4F505F4E4C5F314445473336305F19
:1014480056310057484F4C455F53595354454D5FEB
:101458004F50454E5F4C4F4F505F545241434B499C
:101468004E475F5631004752454D53595F434F4DE4
:101478005041545F4F50454E5F4C4F4F505F4E4C5C
:101488005F56310057484F4C455F53595354454DAB
:101498005F5245504F52545F4F4E4C595F56310082
:1014A800554E53455400475249442C536368656D63
:1014B8006156657273696F6E3D25642C546573744B
:1014C80049443D256C752C537765657049443D2525
:1014D8006C752C50726F746F636F6C3D25732C4E56
:1014E8006F6D696E616C537465704465673D312E2C
:1014F80030303030302C506F696E747350657252D2
:1015080065763D25752C526177537465704D696E0B
:101518003D25752C526177537465704D61783D2572
:10152800752C54617267657452756C653D524F55E0
:101538004E445F494E4445585F54494D45535F36C4
:10154800353533365F4449565F3336300D0A004D22
:101558004F54494F4E5F50524F46494C452C5363A8
:1015680068656D6156657273696F6E3D25642C54AC
:1015780065737449443D256C752C537765657049CE
:10158800443D256C752C4A696749443D25732C4DAB
:101598006F746F7249443D25732C44697265637496
:1015A800696F6E3D25732C50726F66696C653D25B9
:1015B800732C486F6D65436F6E74726F6C6C6572D7
:1015C8003D25732C46696E616C5461726765744D74
:1015D8006F64653D4F50454E5F4C4F4F505F554EC1
:1015E8004348414E4745442C436170747572654DBC
:1015F8006F64653D5354415449435F4146544552D5
:101608005F534554544C452C5469636B4D733D25C9
:10161800752C436F6D6D616E6473506572446567B8
:101628007265653D25752C506F7765723D312E309A
:1016380030302C4C6F636B4475726174696F6E4DFA
:10164800733D256C752C4C6F636B436F6D6D616ECC
:1016580064733D256C752C4C6F636B54696D696EB2
:10166800674F76657272756E733D256C752C526185
:101678006D705365676D656E74733D256C752C527E
:10168800616D70436F6D6D616E64733D256C752C73
:1016980052616D7054696D696E674F7665727275C7
:1016A8006E733D256C752C4D61784C6174656E6563
:1016B80073735469636B733D256C752C4F62736546
:1016C800727665644261636B747261636B733D2506
:1016D8006C752C4D61784F627365727665644261F2
:1016E800636B747261636B5261773D256C750D0A8B
:1016F80000434F4E54524F4C5F53544154452C5362
:101708006368656D6156657273696F6E3D25642CFB
:101718005465737449443D256C752C537765657021
:1017280049443D256C752C4A696749443D25732C0D
:101738004D6F746F7249443D25732C44697265631B
:1017480074696F6E3D25732C506F6C6963793D2504
:10175800732C52657365744170706C6965643D25BE
:10176800642C5265736574537461746556616C6951
:10177800643D25642C4265666F7265496E746567C1
:1017880072616C5465726D3D25732C4265666F728B
:10179800654C6173744572726F724465673D257359
:1017A8002C4265666F7265436F6D6D616E64526140
:1017B800773D25732C4265666F726546696C746562
:1017C800726564446572697661746976653D2573EE
:1017D8002C4265666F72654C6173744F75747075D1
:1017E80074537465705261773D25732C4265666F3A
:1017F8007265466565646261636B496E69746961A7
:101808006C697A65643D25642C4265666F7265462D
:101818006565646261636B41636365707465643DAB
:10182800256C752C4265666F72654F75747075749A
:10183800456C656374726963616C506F7369746930
:101848006F6E5261773D25752C4265666F72654FE4
:101858007574707574506F7765723D25732C426589
:10186800666F72654F7574707574456E61626C65EC
:10187800643D25642C4166746572496E74656772AF
:10188800616C5465726D3D25732C41667465724CAC
:101898006173744572726F724465673D25732C419C
:1018A80066746572436F6D6D616E645261773D2534
:1018B800732C416674657246696C7465726564441C
:1018C8006572697661746976653D25732C41667425
:1018D80065724C6173744F75747075745374657068
:1018E8005261773D25732C4166746572466565645F
:1018F8006261636B496E697469616C697A65643D9C
:1019080025642C4166746572466565646261636B23
:1019180041636365707465643D256C752C4166741C
:1019280065724F7574707574456C6563747269631C
:10193800616C506F736974696F6E5261773D25757C
:101948002C41667465724F7574707574506F776545
:10195800723D25732C41667465724F757470757489
:10196800456E61626C65643D25642C486F6D6552F7
:101978006573756C743D25732C486F6D654475727D
:101988006174696F6E4D733D256C752C486F6D657C
:10199800557064617465436F756E743D256C752C64
:1019A800486F6D65496E697469616C4572726F72D2
:1019B8004465673D25732C486F6D6546696E616C9B
:1019C8004572726F724465673D25732C486F6D656B
:1019D800496E697469616C436F6D6D616E645261C3
:1019E800773D256C642C486F6D6546696E616C4364
:1019F8006F6D6D616E645261773D256C640D0A00F0
:101A080052455345545F4245464F52455F45414311
:101A1800485F484F4D455F563100444154412C259D
:101A2800642C256C752C256C752C25732C25732C32
:101A380025732C25642C25752C25752C25732C25B0
:101A4800732C436F6D6D616E645261775131363D11
:101A580025732C4D65616E556E7772617070656483
:101A68005261775131363D25732C4572726F72522F
:101A780061775131363D25730D0A004143512C25BC
:101A8800642C256C752C256C752C25732C25642CE1
:101A9800256C752C25752C25752C307825303258F9
:101AA8002C5472616E73616374696F6E436F756EE7
:101AB800743D25752C416363657074656453616D6D
:101AC800706C65436F756E743D25752C537069464F
:101AD80061696C757265436F756E743D25752C4A26
:101AE800756D7052656A6563746564436F756E746D
:101AF8003D25752C4D65746164617461496E76612C
:101B08006C6964436F756E743D25752C456C617006
:101B18007365644379636C65733D256C752C5265F8
:101B280073756C743D25730D0A004D4F54494F4E23
:101B38002C536368656D6156657273696F6E3D25D8
:101B4800642C5465737449443D256C752C53776532
:101B5800657049443D256C752C4A696749443D25A3
:101B6800732C4D6F746F7249443D25732C44697210
:101B7800656374696F6E3D25732C506F696E743D93
:101B880025642C52616D704163636570746564539C
:101B9800616D706C65733D25752C536574746C6547
:101BA800526573756C743D25732C53746162696C4E
:101BB80069747956616C69643D25642C5461726757
:101BC800657450726F78696D69747956616C69646F
:101BD8003D25642C536574746C6556616C69643D6D
:101BE80025642C506F736974696F6E4572726F72D9
:101BF8005261773D25732C506F736974696F6E4518
:101C080072726F724465673D25732C506F6C6C431C
:101C18006F756E743D25750D0A004D4F54494F4E32
:101C28005F524553554C542C536368656D61566536
:101C38007273696F6E3D25642C5465737449443D15
:101C4800256C752C537765657049443D256C752C5A
:101C58004A696749443D25732C4D6F746F72494436
:101C68003D25732C446972656374696F6E3D2573F5
:101C78002C436F6E747261637456657273696F6E0C
:101C88003D25732C436F6E74696E756F757353774A
:101C9800656570436F6E746578743D25732C436F6A
:101CA8006E74657874526561637175697265436FA6
:101CB800756E743D256C752C436F6E74657874521F
:101CC800656164417474656D7074733D256C752C21
:101CD800436F6E74657874416363657074656453AB
:101CE800616D706C65733D256C752C436F6E746502
:101CF8007874526574726965733D256C752C436FF1
:101D08006E746578745472616E73706F7274457214
:101D1800726F72733D256C752C436F6E74657874A1
:101D28004A756D7052656A656374733D256C752CD0
:101D3800436F6E746578744661696C656453616D50
:101D4800706C65733D256C752C52616D70526561C0
:101D580064417474656D7074733D256C752C5261A3
:101D68006D70416363657074656453616D706C6513
:101D7800733D256C752C52616D705265747269657E
:101D8800733D256C752C52616D705472616E737061
:101D98006F72744572726F72733D256C752C526147
:101DA8006D704A756D7052656A656374733D256C14
:101DB800752C52616D704661696C656453616D7014
:101DC8006C65733D256C752C536574746C65526530
:101DD8006164417474656D7074733D256C752C5322
:101DE8006574746C65416363657074656453616D93
:101DF800706C65733D256C752C536574746C6552F5
:101E08006574726965733D256C752C536574746CC3
:101E1800655472616E73706F72744572726F72730B
:101E28003D256C752C536574746C654A756D7052DC
:101E3800656A656374733D256C752C536574746CA1
:101E4800654661696C656453616D706C65733D25A9
:101E58006C752C536574746C65506F696E74733D42
:101E680025642C53746162696C69747956616C6974
:101E780064506F696E74733D25642C546172676594
:101E88007450726F78696D69747956616C696450C1
:101E98006F696E74733D25642C536574746C655654
:101EA800616C6964506F696E74733D25642C536569
:101EB80074746C6554696D656F7574506F696E7470
:101EC800733D25642C536574746C6557726F6E6727
:101ED800506F736974696F6E506F696E74733D25C6
:101EE800642C536574746C6553746162696C6974AD
:101EF8007956616C69643D25642C536574746C650E
:101F080054617267657450726F78696D6974795637
:101F1800616C69643D25642C536574746C65566105
:101F28006C69643D25642C4D617841627353657416
:101F3800746C65506F736974696F6E4572726F72F5
:101F48005261773D25732C4D6178416273536574F6
:101F5800746C65506F736974696F6E4572726F72D5
:101F68004465673D25730D0A00524553554C542C62
:101F7800536368656D6156657273696F6E3D25645C
:101F88002C5465737449443D256C752C53776565ED
:101F98007049443D256C752C4A696749443D257351
:101FA8002C4D6F746F7249443D25732C44697265DA
:101FB8006374696F6E3D25732C4361707475726527
:101FC80064506F696E74733D25642C416E616C7941
:101FD800736973506F696E74733D25642C4D656128
:101FE8006E44433D25732C524D535F41433D257349
:101FF8002C4D6561737572656D656E74436F6E7493
:102008007261637456657273696F6E3D25732C45F2
:1020180072726F725369676E436F6E76656E74691C
:102028006F6E3D25732C4F70656E4C6F6F704E4C04
:102038005F4465673D25732C526F62757374503227
:10204800505F4465673D25732C506F696E74304D41
:1020580065616E5261775131363D25732C436C6F43
:10206800737572654572726F725261775131363D80
:1020780025732C436C6F737572654572726F724469
:1020880065673D25732C436C6F737572654C696D7C
:1020980069744465673D302E32303030302C436CE3
:1020A8006F7375726556616C69643D25642C4131A6
:1020B8003D25732C41323D25732C41333D25732C2E
:1020C80041363D25732C41393D25732C4131323D34
:1020D80025732C4131383D25732C4132373D25730A
:1020E8002C4133363D25732C4134353D25732C4125
:1020F80037323D25732C413130383D25732C48311A
:102108005F506861736553776565704465673D2501
:10211800732C48325F506861736553776565704406
:1021280065673D25732C48335F5068617365537745
:102138006565704465673D25732C48365F50686156
:10214800736553776565704465673D25732C483919
:102158005F506861736553776565704465673D25B1
:10216800732C4831325F50686173655377656570C9
:102178004465673D25732C4831385F506861736545
:1021880053776565704465673D25732C4832375F22
:10219800506861736553776565704465673D25735D
:1021A8002C4833365F5068617365537765657044B2
:1021B80065673D25732C4834355F506861736553F6
:1021C800776565704465673D25732C4837325F50E5
:1021D8006861736553776565704465673D25732C41
:1021E800483130385F50686173655377656570446E
:1021F80065673D25732C41343D25732C48345F5069
:102208006861736553776565704465673D25732C10
:1022180041383D25732C48385F50686173655377A2
:102228006565704465673D25732C4D6F746F7250FA
:102238006F6C65436F756E743D25752C4D6F746FAB
:1022480072506F6C6550616972733D25752C456CD1
:10225800656374726963616C526970706C654D7501
:102268006C7469706C653D25752C456C656374727A
:102278006963616C526970706C654F726465723D18
:1022880025752C41456C656374726963616C363DD4
:1022980025732C456C656374726963616C365F5095
:1022A8006861736553776565704465673D25732C70
:1022B800456C656374726963616C526970706C65B2
:1022C80056616C69643D25642C506861736556617C
:1022D8006C69644D61736B3D3078253034582C44FB
:1022E8006F6D696E616E7453656C65637465644F78
:1022F800726465723D25752C446F6D696E616E74EC
:1023080053656C6563746564416D706C697475645C
:10231800653D25732C446F6D696E616E7453656CF1
:102328006563746564456E65726779526174696F37
:102338003D25732C4C65676163794D6F64656C4905
:10234800643D48534554365F56312C4C656761638C
:10235800794F72646572733D317C327C337C367C94
:1023680031327C31382C4C65676163794D6F646517
:102378006C56616C69643D25642C5265736964759B
:10238800616C5F524D535F48363D25732C5265731F
:10239800696475616C5F524D535F4833363D2573F0
:1023A8002C526573696475616C5F524D535F467555
:1023B8006C6C3D25732C4669747465645F503250AB
:1023C8003D25732C4669744578706C61696E656447
:1023D800526174696F3D25732C457874656E646528
:1023E800644D6F64656C49643D4853455431325FB0
:1023F80056312C457874656E6465644F72646572F5
:10240800733D317C327C337C367C397C31327C3193
:10241800387C32377C33367C34357C37327C31300B
:10242800382C457874656E6465644D6F64656C56C8
:10243800616C69643D25642C526573696475616CCF
:102448005F524D535F457874656E6465643D2573CE
:102458002C4669747465645F5032505F45787465C2
:102468006E6465643D25732C4669744578706C61AB
:10247800696E6564526174696F5F457874656E64EE
:1024880065643D25732C4D6F746F725F4572726F72
:10249800725F5032505F4465673D25732C4D6F74F1
:1024A8006F725F53797374656D5F494E4C5F446515
:1024B800673D25732C4372657374466163746F724C
:1024C8003D25732C5039395F4162734465766961E3
:1024D80074696F6E3D25732C547261636B696E6706
:1024E80056616C69643D25642C547261636B696E36
:1024F800674572726F725F524D535F4465673D2541
:10250800732C547261636B696E674572726F725F88
:102518004D61784162735F4465673D25732C46655C
:102528006174757265436F6D7075746554696D6516
:102538004D733D256C750D0A00444941474E4F5374
:102548005449435F524553554C542C536368656D49
:102558006156657273696F6E3D25642C546573749A
:1025680049443D256C752C537765657049443D2574
:102578006C752C4A696749443D25732C4D6F746FFF
:102588007249443D25732C446972656374696F6EA2
:102598003D25732C4D6561737572656D656E744369
:1025A8006F6E747261637456657273696F6E3D25E0
:1025B800732C4F6666696369616C4D6561737572EA
:1025C800656D656E7456616C69643D302C4F666646
:1025D800696369616C496E76616C6964526561739F
:1025E8006F6E4D61736B3D30782530386C582C43D5
:1025F80061707475726564506F696E74733D25649B
:102608002C416E616C79736973506F696E74733D98
:1026180025642C446961676E6F737469635F4F70DA
:10262800656E4C6F6F704E4C5F4465673D25732C2B
:10263800446961676E6F737469635F526F62757323
:10264800745032505F4465673D25732C4469616757
:102658006E6F737469635F524D535F41433D2573D9
:102668002C446961676E6F737469635F436C6F7341
:102678007572654572726F724465673D25732C44A7
:102688006961676E6F737469635F547261636B69C4
:102698006E674572726F725F524D535F4465673D56
:1026A80025732C446961676E6F737469635F547234
:1026B80061636B696E674572726F725F4D617841D5
:1026C80062735F4465673D25730D0A00434C4F53A1
:1026D8005552455F50524F42452C536368656D61B2
:1026E80056657273696F6E3D25642C546573744921
:1026F800443D256C752C537765657049443D256CC0
:10270800752C4A696749443D25732C4D6F746F7267
:1027180049443D25732C446972656374696F6E3D45
:1027280025732C4F6666696369616C3D302C507265
:102738006F746F636F6C3D25732C53746167653DCF
:1027480025732C506F696E743D25752C436F6D6D24
:10275800616E645261773D256C642C506F776572A9
:102768003D312E30303030302C4E6F6D696E616CDB
:10277800486F6C644D733D256C752C43617074759E
:1027880072655374617274456C61707365644D73DE
:102798003D256C752C43617074757265456E644592
:1027A8006C61707365644D733D256C752C506F6951
:1027B8006E744D65616E5261775131363D25732CCB
:1027C800436C6F737572654572726F72526177519F
:1027D80031363D25732C436C6F7375726545727283
:1027E8006F724465673D25732C57696E646F775027
:1027F80032505261773D25732C57696E646F77505C
:1028080032504465673D25732C57696E646F774471
:10281800726966745261773D25732C57696E646FCF
:102828007744726966744465673D25732C547261F8
:102838006E73616374696F6E733D256C752C4163AB
:1028480063657074656453616D706C65733D256C68
:10285800752C5370694661696C757265733D256C9A
:10286800752C4A756D7052656A656374733D256C85
:10287800752C4D65746164617461496E76616C692B
:10288800643D256C752C536B6970706564536C6F6F
:1028980074733D256C752C54696D696E674F766548
:1028A8007272756E733D256C752C4D6178436F6E31
:1028B80073656375746976654661696C757265736D
:1028C8004F627365727665643D256C752C41637142
:1028D8007569736974696F6E526573756C743D259B
:1028E800732C56616C69643D25640D0A00434C4F96
:1028F800535552455F484F4C445F563100434C4F47
:10290800535552455F50524F42455F524553554CBF
:10291800542C536368656D6156657273696F6E3DBB
:1029280025642C5465737449443D256C752C537784
:1029380065657049443D256C752C4A696749443D75
:1029480025732C4D6F746F7249443D25732C44696F
:1029580072656374696F6E3D25732C4F6666696393
:1029680069616C3D302C50726F746F636F6C3D25DC
:10297800732C456E61626C65643D25642C537461EB
:10298800727465643D25642C436F6D706C65746565
:102998003D25642C4578706563746564537461677C
:1029A80065733D25752C417474656D707465645349
:1029B80074616765733D256C752C56616C69645349
:1029C80074616765733D256C752C506F737454750D
:1029D800726E54696D696E67436F6D706172616282
:1029E8006C653D25642C4163717569736974696F01
:1029F8006E526573756C743D25732C5374617475D0
:102A0800733D25730D0A00415050524F4143485FB2
:102A1800524553554C542C536368656D6156657225
:102A280073696F6E3D25642C5465737449443D2564
:102A38006C752C537765657049443D256C752C4A37
:102A4800696749443D25732C4D6F746F7249443D45
:102A580025732C446972656374696F6E3D25732C08
:102A68004F6666696369616C3D302C50726F746F94
:102A7800636F6C3D25732C417070726F6163685091
:102A88006174683D43575F4343575F43572C526512
:102A980076657273616C436F756E743D256C752C29
:102AA800537461727465643D312C436F6D706C654D
:102AB80074653D25642C5374617475733D25732CBE
:102AC800507265526F6C6C436F6D6D616E644465D6
:102AD8006C74615261773D25732C507265526F6C2E
:102AE8006C4F6273657276656444656C746152619B
:102AF800773D25732C507265526F6C6C5461726708
:102B080065744572726F725261773D25732C5072ED
:102B180065526F6C6C4475726174696F6E4D733D6C
:102B2800256C752C46696E616C436F6D6D616E64C2
:102B380044656C74615261773D25732C46696E61FA
:102B48006C4F6273657276656444656C746152613A
:102B5800773D25732C46696E616C546172676574A4
:102B68004572726F725261773D25732C46696E61AA
:102B78006C4475726174696F6E4D733D256C752C6C
:102B88004F726967696E53686966744F62736572DC
:102B98007665645261773D25732C4F726967696E5B
:102BA80053686966745461726765744572726F72AE
:102BB8005261773D25732C496E697469616C536560
:102BC80074746C65526573756C743D25732C507202
:102BD80065526F6C6C536574746C65526573756C73
:102BE800743D4E412C46696E616C536574746C6516
:102BF800526573756C743D25732C507265506F73F4
:102C08006974696F6E536574746C65526573756C1D
:102C1800743D25732C4C6F63616C4261636B6F6606
:102C280066536574746C65526573756C743D257371
:102C38002C4C6F63616C4261636B6F6666436F6DAA
:102C48006D616E6444656C74615261773D25732CC7
:102C58004C6F63616C4261636B6F66664F6273654C
:102C68007276656444656C74615261773D25732C96
:102C78004C6F63616C4261636B6F66665461726727
:102C880065744572726F725261773D25732C4C6F73
:102C980063616C4261636B6F6666447572617469E7
:102CA8006F6E4D733D256C752C417070726F61634A
:102CB8006852656164417474656D7074733D256C08
:102CC800752C417070726F616368526574726965C2
:102CD800733D256C752C417070726F616368547216
:102CE800616E73706F72744572726F72733D256C8A
:102CF800752C417070726F6163684A756D705265AA
:102D08006A656374733D256C752C417070726F61D0
:102D180063684661696C656453616D706C65733D89
:102D2800256C752C417070726F61636841637175B1
:102D380069736974696F6E436C65616E3D25642CB7
:102D4800417070726F6163685374727563747572E1
:102D5800616C56616C69643D25640D0A00415050F0
:102D6800524F4143485F53544550532C5363686551
:102D78006D6156657273696F6E3D25642C54657379
:102D88007449443D256C752C537765657049443DFD
:102D9800256C752C4A696749443D25732C4D6F7421
:102DA8006F7249443D25732C4F6666696369616C8F
:102DB8003D302C4C65673D4241434B4F46462C53B2
:102DC800746570436F756E743D25752C556E7772FA
:102DD80061707065645261773D25730D0A0041503A
:102DE80050524F4143485F53544550532C536368E6
:102DF800656D6156657273696F6E3D25642C546507
:102E0800737449443D256C752C5377656570494446
:102E18003D256C752C4A696749443D25732C4D6FD7
:102E2800746F7249443D25732C4F66666963696106
:102E38006C3D302C4C65673D464F52574152442CEF
:102E480053746570436F756E743D25752C556E7798
:102E58007261707065645261773D25730D0A005385
:102E6800574545505F52414D505F53544550532C80
:102E7800536368656D6156657273696F6E3D25644D
:102E88002C5465737449443D256C752C53776565DE
:102E98007049443D256C752C4A696749443D257342
:102EA8002C4D6F746F7249443D25732C4F666669CB
:102EB8006369616C3D302C546F506F696E74496E54
:102EC8006465783D256C752C53746570436F756E19
:102ED800743D25752C556E7772617070656452610A
:102EE800773D25730D0A004D6F746F72206F66660B
:102EF8007365743A2025750D0A004D6F746F722042
:102F0800616E676C65206F66667365743A20257319
:102F1800206465677265650D0A004D4136303020C2
:102F28007374617274207261773D257520636F75C3
:102F38006E743D256C642066696C74657265643DC9
:102F4800257320726177416E676C653D2573206437
:102F580065677265650D0A004E4C2063757276656B
:102F68002025643A20616E676C653D257320657283
:102F7800726F723D2573206465670D0A004E4C2000
:102F8800706F696E7473206E6F7420736574746CDF
:102F980065642077697468696E20256C646D732098
:102FA80025643A2025642F25640D0A004E4C2061C3
:102FB80062736F6C7574652065787472656D6120D5
:102FC80025643A206D61785F7261773D2575202808
:102FD80025732064656729206D696E5F7261773D8E
:102FE80025752028257320646567290D0A004E4C35
:102FF800206861726D6F6E69633120286D6F756E20
:1030080074696E672F636F6E63656E747269636946
:103018007479207369676E617475726529202564F7
:103028003A20616D706C69747564653D2573207014
:10303800686173653D2573206465670D0A004E4C11
:10304800206861726D6F6E696336202868697374D1
:103058006F726963616C207265666572656E63651F
:103068002C2073656520524553554C5427732044D2
:103078006F6D696E616E7453656C65637465644FDA
:1030880072646572292025643A20616D706C6974D8
:103098007564653D25732070686173653D257320EF
:1030A8006465670D0A004E4C20646F6D696E616E31
:1030B80074206861726D6F6E69632025643A206FB1
:1030C800726465723D257520616D706C69747564F4
:1030D800653D2573206465670D0A004E4C207261BA
:1030E80077207065616B2D746F2D7065616B20257D
:1030F80064202873696E676C65206D61782D6D6931
:103108006E2C20666F7220636F6D70617269736FC9
:103118006E293A202573206465677265650D0A007B
:103128004E4C2054432070657263656E74696C65FB
:103138002025643A2050353D2573205039353D25EA
:10314800732072616E67653D2573206465677265DB
:10315800650D0A004E4C20544320726D732025647F
:103168003A202573206465677265650D0A004D4134
:1031780036303020526177204E6F6E6C696E656113
:103188007220256420416E676C653A20257320649F
:1031980065677265650D0A004D4136303020466915
:1031A8006C7465722D526177204D61782044696690
:1031B800662025643A202573206465677265650D6D
:1031C8000A004E6F6E6C696E656172202564204935
:1031D8004E56414C49443A20747261636B696E677C
:1031E8003D2564206163717569736974696F6E3D0B
:1031F800257320736574746C65643D25642F25649C
:103208000D0A004E6F6E6C696E6561722025642030
:10321800494E56414C49443A2073776565705F635F
:10322800726565705F7265636F766572795F6661F6
:10323800696C65643D256C750D0A004E6F6E6C698E
:103248006E65617220256420494E56414C49443AC6
:103258002073776565705F63726565705F73746905
:10326800636B5F736C69705F6A756D703D256C7513
:103278000D0A00454E442C536368656D61566572AE
:1032880073696F6E3D25642C5465737449443D25FC
:103298006C752C537765657049443D256C752C44D5
:1032A8006972656374696F6E3D25732C4361707430
:1032B80075726564506F696E74733D25642C416E38
:1032C800616C79736973506F696E74733D25642CF2
:1032D8004D6561737572656D656E7450726F666960
:1032E8006C653D25732C4F6666696369616C4D6535
:1032F80061737572656D656E7456616C69643D25A0
:10330800642C4F6666696369616C496E76616C69A5
:1033180064526561736F6E4D61736B3D3078253013
:10332800386C582C547261636B696E6756616C69AE
:10333800643D25642C536574746C655374616269CB
:103348006C69747956616C69643D25642C536574A5
:10335800746C6554617267657450726F78696D69D1
:10336800747956616C69643D25642C536574746C7A
:103378006556616C69643D25642C41637175697398
:103388006974696F6E526573756C743D25732C553D
:103398006172745472616E736D69744661696C759B
:1033A8007265733D256C752C5377656570506F6930
:1033B8006E744372656570506F696E7473436F7293
:1033C8007265637465643D256C752C53776565700B
:1033D800506F696E744372656570546F74616C499F
:1033E8007465726174696F6E733D256C752C5377C3
:1033F800656570506F696E744372656570546F745B
:10340800616C436F7272656374696F6E5261773D68
:1034180025732C5377656570506F696E74437265B8
:10342800657054696D656F7574733D256C752C53A3
:1034380077656570506F696E744372656570427523
:103448006467657445786365656465643D256C7576
:103458002C5377656570506F696E7443726565703B
:1034680054617267657443726F737365643D256C4C
:10347800752C5377656570506F696E744372656516
:10348800705265636F76657279417474656D707496
:1034980065643D256C752C5377656570506F696E52
:1034A8007443726565705265636F7665727953759A
:1034B800636365656465643D256C752C5377656544
:1034C80070506F696E7443726565705265636F768C
:1034D8006572794661696C65643D256C752C537716
:1034E800656570506F696E74437265657052656387
:1034F8006F76657279526563726F737365643D2583
:103508006C752C5377656570506F696E744372657E
:1035180065705265636F76657279546F74616C4932
:103528007465726174696F6E733D256C752C537781
:10353800656570506F696E74437265657052656336
:103548006F76657279546F74616C436F72726563DC
:1035580074696F6E5261773D25732C53776565707A
:10356800506F696E74437265657042617365427528
:103578006467657445786365656465643D256C7545
:103588002C5377656570506F696E7443726565700A
:103598004261736554617267657443726F737365D2
:1035A800643D256C752C5377656570506F696E7432
:1035B800437265657042617365457363616C6174DC
:1035C800696F6E417474656D707465643D256C75C2
:1035D8002C5377656570506F696E744372656570BA
:1035E80042617365457363616C6174696F6E53758D
:1035F800636365656465643D256C752C5377656503
:1036080070506F696E744372656570426173654589
:103618007363616C6174696F6E4661696C65643D62
:10362800256C752C5377656570506F696E7443729D
:1036380065657042617365457363616C6174696F38
:103648006E436F7272656374696F6E5261773D2560
:10365800732C5377656570506F696E744372656536
:1036680070457874656E646564506F696E74733DF7
:10367800256C752C5377656570506F696E7443724D
:10368800656570457874656E6465644F6B3D256C3F
:10369800752C5377656570506F696E7443726565F4
:1036A80070457874656E646564546F74616C4974B0
:1036B80065726174696F6E733D256C752C537765FF
:1036C8006570506F696E744372656570457874658E
:1036D8006E646564546F74616C436F727265637471
:1036E800696F6E5261773D25732C5377656570500D
:1036F8006F696E744372656570457874656E64654C
:103708006454696D656F7574733D256C752C5377BA
:10371800656570506F696E7443726565704578743D
:10372800656E64656442756467657445786365654C
:103738006465643D256C752C5377656570506F69B9
:103748006E744372656570457874656E646564541B
:10375800617267657443726F737365643D256C7538
:103768002C5377656570506F696E74437265657028
:1037780046696E654C616E64696E67417474656D07
:10378800707465643D256C752C5377656570506F52
:10379800696E74437265657046696E654C616E64E6
:1037A800696E675375636365656465643D256C750B
:1037B8002C5377656570506F696E744372656570D8
:1037C80046696E654C616E64696E674661696C65D1
:1037D800643D256C752C5377656570506F696E7400
:1037E800437265657046696E6542617365417474BC
:1037F800656D707465643D256C752C5377656570CF
:10380800506F696E74437265657046696E65457878
:1038180074656E646564417474656D707465643D47
:10382800256C752C5377656570506F696E7443729B
:103838006565705472616365506F696E743D256C7F
:10384800642C5377656570506F696E744372656553
:1038580070537469636B536C69704A756D703D255C
:103868006C752C5377656570506F696E744372651B
:1038780065704D61784F62736572766564537465DF
:103888007044656C74615261773D25732C5377657C
:103898006570506F696E744372656570496E7465C2
:1038A800677269747956616C69643D25642C537438
:1038B800617475733D25730D0A00505245434F4E90
:1038C800444954494F4E5F5052455F4D4F544F52F3
:1038D8000042415443485F5052455F4D4F544F5248
:1038E80000545241434B494E475F494E56414C495B
:1038F8004400434C4F535552455F494E56414C493D
:1039080044004143515549534954494F4E5F46413C
:10391800554C5400444941474E4F535449435F491D
:103928004E56414C494400505245434F4E44495429
:10393800494F4E5F494E56414C49440053574545FF
:10394800505F43524545505F494E5445475249548C
:10395800595F4641494C45440047657474696E6730
:1039680020726573756C74210D0A004D6F746F7247
:10397800204552524F523A20453530372028636F40
:103988006E74726F6C2D73657373696F6E207265D8
:1039980073657420766572696669636174696F6EB0
:1039A800206661696C656429210D0A004D41363035
:1039B80030206D6F76652D746F2D7A65726F3A20A1
:1039C8006572726F723D2573206465672073657434
:1039D800746C65643D256C642F256C6420636D648C
:1039E800506F733D256C640D0A004D6F746F722023
:1039F8004552524F523A2045353032210D0A004D7A
:103A08006F746F72204552524F523A204535303309
:103A180020286D6F76652D746F2D7A65726F20641E
:103A28006964206E6F7420636F6E766572676520B7
:103A380077697468696E20256C64206D7329210D7F
:103A48000A004D6F746F72204552524F523A20450A
:103A580035303420286D6F76652D746F2D7A657238
:103A68006F20656E636F6465722061637175697339
:103A78006974696F6E206661696C656429210D0A35
:103A8800004D6F746F72204552524F523A2045359F
:103A980030352028737765657020616371756973A7
:103AA8006974696F6E206661696C65643A20257374
:103AB80029210D0A004D6F746F72204552524F52E2
:103AC8003A20453530362028737765657020616364
:103AD800717569736974696F6E20696E76616C6956
:103AE800643B20696E7370656374204D4554412FA3
:103AF800454E4429210D0A004D4F554E545F5052F2
:103B080045434845434B5F524553554C542C5363EA
:103B180068656D6156657273696F6E3D25642C42E8
:103B28006174636849443D256C752C4379636C6501
:103B38004F726465723D256C752C546573744944E5
:103B48003D256C752C50726F746F636F6C3D5052CD
:103B580045434F4E444954494F4E5F46554C4C5F80
:103B680053574545505F4D4F554E545F4741544557
:103B78005F56312C4A696749443D25732C4D6F7453
:103B88006F7249443D25732C526F627573745032BD
:103B9800504465673D25732C4831416D706C6974DC
:103BA8007564654465673D25732C483150686173B9
:103BB800654465673D25732C4832416D706C6974A6
:103BC8007564654465673D25732C48325068617398
:103BD800654465673D25732C436C6F737572654545
:103BE80072726F724465673D25732C547261636B02
:103BF800696E6756616C69643D25642C436C6F730C
:103C080075726556616C69643D25642C41637175F4
:103C180069736974696F6E526573756C743D257349
:103C28002C4D6F756E7456616C69643D25642C5219
:103C3800656A656374526561736F6E3D25732C47C1
:103C4800617465456E61626C65643D25640D0A00AA
:103C5800505245434F4E444954494F4E5F52455385
:103C6800554C542C536368656D6156657273696F62
:103C78006E3D25642C426174636849443D256C752A
:103C88002C4379636C654F726465723D256C752CA5
:103C98005465737449443D256C752C50726F746F6C
:103CA800636F6C3D25732C52756E526F6C653D5079
:103CB8005245434F4E444954494F4E2C456C696711
:103CC80069626C65466F7253746174697374696371
:103CD800733D302C4372656570496E74656772690F
:103CE800747956616C69643D25642C5374617475EC
:103CF800733D25730D0A004D4136303020526177EF
:103D0800204E6F6E6C696E6561722046696E616CDB
:103D180020417665726167653A202573206465677E
:103D28007265650D0A004D6F746F72204F4B210D3F
:103D38000A004D6F746F7220524553554C542049F8
:103D48004E56414C49443A202573202853776565DF
:103D580070506F696E7443726565705265636F76F3
:103D68006572794661696C65643D256C752C537480
:103D780069636B536C69704A756D703D256C752964
:103D88000D0A0042415443482C4261746368494417
:103D98003D256C752C5374617475733D4641494CCF
:103DA80045442C4379636C654F726465723D256C9C
:103DB800752C52756E4F726465723D256C752C5268
:103DC800756E526F6C653D25730D0A004241544370
:103DD800482C426174636849443D256C752C5374C2
:103DE800617475733D434F4D504C4554452C50728A
:103DF80065636F6E646974696F6E436F756E743D49
:103E0800256C752C52756E436F756E743D256C75F7
:103E18002C546F74616C4379636C65436F756E7471
:103E28003D256C752C507265636F6E646974696F9B
:103E38006E56616C69643D25642C507265636F6EC3
:103E4800646974696F6E52756E73557365643D2548
:103E58006C752C507265636F6E646974696F6E530C
:103E6800746162696C69747944656C7461446567EE
:103E78003D25730D0A0042415443482C4261746346
:103E88006849443D256C752C5374617475733D43C2
:103E98004F4F4C444F574E5F53544152542C437923
:103EA800636C654F726465723D256C752C52756E36
:103EB8004F726465723D256C752C52756E526F6C2D
:103EC800653D25732C5461726765744D733D256C8F
:103ED800752C50726F746F636F6C3D25730D0A00FB
:103EE80052554E54494D455F434845434B504F4901
:103EF8004E542C53746167653D434F4F4C444F57A4
:103F08004E5F53544152542C546573745374616317
:103F18006B486967685761746572576F7264733D5F
:103F2800256C752C46726565486561703D256C7514
:103F38000D0A00424F4F545F534D4F4B45004D41C2
:103F4800363030205354415455532070726563689D
:103F580065636B206661696C6564204E564D423D11
:103F68002564204352433D2564204D454D3D25643D
:103F7800205041523D25643B206261746368207281
:103F88006566757365640D0A0042415443482C42C6
:103F98006174636849443D256C752C53746174756C
:103FA800733D53544152542C507265636F6E64696B
:103FB80074696F6E50726F746F636F6C3D25732CEC
:103FC800507265636F6E646974696F6E436F756E66
:103FD800743D256C752C52756E436F756E743D2556
:103FE8006C752C546F74616C4379636C65436F75A1
:103FF8006E743D256C752C436F6F6C646F776E54CF
:1040080061726765744D733D256C750D0A00434FE9
:104018004F4C444F574E5F50524F47524553532CC5
:10402800426174636849443D256C752C4379636C1F
:10403800654F726465723D256C752C456C617073B3
:1040480065644D733D256C752C5461726765744DBC
:10405800733D256C750D0A0042415443482C42615A
:1040680074636849443D256C752C53746174757389
:104078003D4641494C45442C526561736F6E3D4342
:104088004F4F4C444F574E5F494E56414C49442C74
:10409800436F6D706C657465644379636C654F72CA
:1040A8006465723D256C752C4E6578744379636C34
:1040B800654F726465723D256C752C546172676535
:1040C800744D733D256C752C41637475616C4D732B
:1040D8003D256C752C546F6C6572616E63654D730C
:1040E8003D256C750D0A0052554E54494D452C46D8
:1040F800726565486561703D256C752C4D696E4526
:1041080076657246726565486561703D256C752CEB
:1041180054657374537461636B4869676857617455
:104128006572576F7264733D256C750D0A004E4FAA
:10413800545F4150504C494341424C45004F4B005D
:10414800494E495449414C5F534554544C455F4688
:1041580041494C4544004241434B4F46465F534515
:1041680054544C455F4641494C454400504F494ED4
:1041780054305F534554544C455F4641494C45447F
:10418800004143515549534954494F4E5F45525296
:104198004F5200505245524F4C4C5F534554544C6B
:1041A800455F4641494C454400505245504F53499C
:1041B80054494F4E5F534554544C455F4641494C12
:1041C80045440057524F4E475F504F534954494F4B
:1041D8004E00444952454354494F4E5F4552524F51
:1041E8005200494E56414C49445F41524700535092
:1041F800495F54494D454F5554005350495F455206
:10420800524F520053414D504C455F4A554D500056
:10421800434F4E4649475F4552524F520054494D0D
:10422800494E475F4D455441444154415F494E56BC
:10423800414C4944004143515549534954494F4E13
:104248005F4255444745545F4558434545444544B6
:10425800004143515549534954494F4E5F54494DC4
:10426800454F5554004D4154485F4F564552464CB2
:104278004F5700494E495449414C00484F4C445F00
:10428800353000484F4C445F31303000484F4C4483
:104298005F32303000546573745461736B004A495F
:1042A8004731004A494732004A494733004A49479B
:1042B80034004A494735004A494736004A49473792
:1042C800004A4947380049444C4500546D72510032
:1042D800546D722053766300232D302B2000686CB8
:1042E8004C00656667454647003031323334353611
:1042F800373839414243444546003031323334354A
:10430800363738396162636465660000170601084C
:104318001C0601082F06010840060108640601086A
:1043280084060108920601089F060108AD060108E7
:10433800BD060108CA060108DA060108A408010832
:104348000000000000000000000000000000000065
:10435800001000001800000000000000000000002D
:1043680000000040A69B443B9A99993E0000A0405B
:104378000000C8430000803E000000410000FB012F
:10438800FD01FC0136410108454101084841010889
:104398005E41010874410108894101089B410108F7
:1043A800B141010845410108FA410108CB41010822
:1043B8008941010845410108DA410108FA4101082B
:1043C8008941010845410108EA410108F64101080F
:1043D800024201080C42010818420108254201085E
:1043E8003D420108594201086D4201087B4201081B
:1043F800834201088B420108944201080000000032
:104408003200000064000000C80000004C4F475F05
:104418004552524F522C526561736F6E3D4C494E56
:10442800455F5452554E43415445440D0A0000001F
:104438009D4201080000000000000000000000008C
:104448000000000000300000200000000000000014
:1044580000000000010203060C1201020306090C09
:10446800121B242D486C000027003C0004473432FE
:1044780035353538A6420108000000050000000067
:10448800AD550A192C002500044734323535353826
:10449800AB4201080000000500000000AD550A19F4
:1044A8003A004C000B51343039333631B0420108F0
:1044B8000000000500000000AD550A193A00490047
:1044C8000B51343039333631B5420108000000054C
:1044D80000000000AD550A1928001D0004473432B9
:1044E80035353538BA4201080000000500000000E3
:1044F800AD550A1932005100185135323138383566
:10450800BF4201080000000500000000AD550A196F
:10451800320046001851353231383835C442010866
:104528000000000500000000AD550A1932003E00E9
:104538001851353231383835C942010800000005B4
:1045480000000000AD550A19000000000102030434
:10455800000000000000000001020304060708092B
:10456800000610160006101659F3F8C21F6EA501B2
:10457800000000000000F03F00000080DB0F494011
:10458800DB0F49C0DB0F49BFE4CB1640E4CB16C0B4
:10459800000FC93F000F494000CB9640000FC940AB
:1045A8000053FB4000CB164100ED2F41000F49415D
:1045B8000031624100537B41003A8A4100CB964169
:1045C800005CA34100EDAF41007EBC41000FC94132
:1045D80000A0D5410031E24100C2EE410053FB4149
:1045E80000F20342003A0A420083104200CB16420E
:1045F80000141D42005C234200A5294200ED2F4211
:1046080000363642007E3C4200C74242000F494213
:10461800A2000000F9000000830000006E00000006
:104628004E000000440000001500000029000000B2
:10463800FC0000002700000057000000D100000027
:10464800F500000034000000DD000000C00000009C
:10465800DB000000620000009500000099000000E7
:104668003C000000430000009000000041000000F2
:10467800FE0000005100000063000000AB000000D5
:10468800DE000000BB000000C50000006100000063
:10469800B7000000240000006E0000003A0000008F
:1046A800420000004D000000D2000000E0000000C1
:1046B80006000000490000002E000000EA0000008B
:1046C80009000000D1000000920000001C0000005A
:1046D800FE0000001D000000EB0000001C000000B0
:1046E800B100000029000000A70000003E00000003
:1046F800E80000008200000035000000F50000001E
:104708002E000000BB0000004400000084000000F0
:10471800E90000009C000000700000002600000076
:10472800B40000005F0000007E00000041000000AF
:104738003900000091000000D60000003900000098
:10474800830000005300000039000000F40000005E
:104758009C000000840000005F0000008B00000047
:10476800BD000000F9000000280000003B00000028
:104778001F000000F800000097000000FF00000084
:10478800DE00000005000000980000000F00000097
:10479800EF0000002F000000110000008B00000057
:1047A8005A0000000A0000006D0000001F00000011
:1047B8006D000000360000007E000000CF00000001
:1047C80027000000CB00000009000000B70000002F
:1047D8004F000000460000003F0000006600000097
:1047E8009E0000005F000000EA0000002D000000AD
:1047F8007500000027000000BA000000C700000094
:10480800EB000000E5000000F10000007B00000064
:104818003D0000000700000039000000F70000001C
:104828008A0000005200000092000000EA00000028
:104838006B000000FB0000005F000000B1000000FA
:104848001F0000008D0000005D000000080000004F
:104858005600000003000000300000004600000081
:10486800FC0000007B0000006B000000AB000000B3
:10487800F0000000CF000000BC0000002000000095
:104888009A000000F4000000360000001D0000003F
:10489800A9000000E3000000910000006100000092
:1048A8005E000000E60000001B0000000800000099
:1048B8006500000099000000850000005F0000000E
:1048C80014000000A0000000680000004000000084
:1048D8008D000000FF000000D800000080000000EC
:1048E8004D000000730000002700000031000000A8
:1048F8000600000006000000150000005600000039
:10490800CA00000073000000A8000000C9000000F1
:1049180060000000E20000007B000000C000000012
:104928008C0000006B0000006937AC31682122332D
:10493800B40F14336821A2333863ED3EDA0F493FD0
:104948005E987B3FDA0FC93F0000C93F0000F0398D
:104958000000DA370000A2330000842E0000502B3C
:104968000000C2270000D0220000C41F0000C61BA0
:1049780000004417040000000700000009000000C0
:0849880048B8FE7F01000000A9
:04499000B501000865
:044994009101000885
:104998000024F4000100000010000000AAAAAAAA3E
:1049A800140000200000000030EA012098EA0120ED
:1049B80000EB0120000000000000000000000000E3
:1049C80000000000000000000000000000000000DF
:1049D80000000000000000000000000000000000CF
:1049E80000000000000000000000000000000000BF
:0400000508008F91CF
:00000001FF
