:020000040800F2
:1000000000000220018D0008D58B0008D78B000866
:10001000D98B0008DB8B0008DD8B00080000000096
:1000200000000000000000000000000041DF0008A8
:10003000DF8B000800000000D1DF0008C9C5000800
:10004000518D0008518D0008518D0008518D000818
:10005000518D0008518D0008518D0008518D000808
:10006000518D0008518D0008518D0008518D0008F8
:10007000E18B0008518D0008ED8B0008518D0008C0
:10008000F98B0008058C0008118C0008518D0008C0
:10009000518D0008518D0008518D0008518D0008C8
:1000A000518D0008518D0008518D0008518D0008B8
:1000B0001D8C0008518D0008518D0008518D0008DD
:1000C000518D0008298C0008358C0008A58C00088B
:1000D000518D0008518D0008418C00084D8C00089E
:1000E000518D0008518D0008518D0008518D000878
:1000F000518D0008598C0008518D0008758C00083E
:10010000518D0008518D0008518D0008518D000857
:10011000518D0008518D0008518D0008518D000847
:10012000818C0008518D00088D8C0008998C000886
:10013000518D00080000000000000000518D0008F3
:10014000518D0008518D0008518D0008518D000817
:10015000518D0008518D0008518D0008518D000807
:10016000518D0008518D0008518D0008518D0008F7
:10017000518D0008518D00080000000000000000B3
:08018000518D0008518D0008AB
:1001900010B5054C237833B9044B13B10448AFF3C1
:1001A00000800123237010BD6000002000000000CB
:1001B0003C02010808B5034B1BB103490348AFF3E8
:1001C000008008BD00000000640000203C0201081F
:1001D00010F8012B11F8013B012A28BF9A42F7D0F1
:1001E000D01A7047034613F8012B002AFBD1181AC6
:1001F000013870470000000000000000000000000F
:1002000001F0FF01102A2BDB10F0070F08D010F8C7
:10021000013B013A8B422DD010F0070F42B3F6D1CB
:10022000F0B441EA012141EA014122F007047FF0E4
:1002300000070023F0E80256083C85EA010586EA3B
:10024000010685FA47F5A3FA87F586FA47F6A5FA77
:1002500087F68EB9EED1F0BC01F0FF0102F0070283
:1002600032B110F8013B013A83EA010313B1F8D12E
:100270000020704701387047002D06BF354603380F
:10028000073815F0010F07D1013015F4807F02BF48
:10029000013015F4C03F0130F0BC0138704700BF99
:1002A00081F0004102E000BF83F0004330B54FEA27
:1002B00041044FEA430594EA050F08BF90EA020F94
:1002C0001FBF54EA000C55EA020C7FEA645C7FEA27
:1002D000655C00F0E2804FEA5454D4EB5555B8BF4A
:1002E0006D420CDD2C4480EA020281EA030382EABB
:1002F000000083EA010180EA020281EA0303362D4D
:1003000088BF30BD11F0004F4FEA01314FF4801C1F
:100310004CEA113102D0404261EB410113F0004F31
:100320004FEA03334CEA133302D0524263EB4303E8
:1003300094EA050F00F0A780A4F10104D5F1200E86
:100340000DDB02FA0EFC22FA05F2801841F10001E1
:1003500003FA0EF2801843FA05F359410EE0A5F1B5
:1003600020050EF1200E012A03FA0EFC28BF4CF0E6
:10037000020C43FA05F3C01851EBE37101F000459C
:1003800007D54FF0000EDCF1000C7EEB00006EEBA9
:100390000101B1F5801F1BD3B1F5001F0CD3490833
:1003A0005FEA30004FEA3C0C04F101044FEA44528A
:1003B00012F5800F80F09A80BCF1004F08BF5FEA11
:1003C000500C50F1000041EB045141EA050130BDF1
:1003D0005FEA4C0C404141EB0101013C28BFB1F503
:1003E000801FE9D291F0000F04BF01460020B1FA4E
:1003F00081F308BF2033A3F10B03B3F120020CDA21
:100400000C3208DD02F1140CC2F10C0201FA0CF0FE
:1004100021FA02F10CE002F11402D8BFC2F1200C63
:1004200001FA02F120FA0CFCDCBF41EA0C01904019
:10043000E41AA2BF01EB0451294330BD6FEA040462
:100440001F3C1CDA0C340EDC04F11404C4F120024D
:1004500020FA04F001FA02F340EA030021FA04F35F
:1004600045EA030130BDC4F10C04C4F1200220FAB6
:1004700002F001FA04F340EA0300294630BD21FAF4
:1004800004F0294630BD94F0000F83F4801306BFBA
:1004900081F480110134013D4EE77FEA645C18BFAE
:1004A0007FEA655C29D094EA050F08BF90EA020F45
:1004B00005D054EA000C04BF1946104630BD91EA3D
:1004C000030F1EBF0021002030BD5FEA545C05D140
:1004D0004000494128BF41F0004130BD14F580047F
:1004E0003CBF01F5801130BD01F0004545F0FE41F3
:1004F00041F470014FF0000030BD7FEA645C1ABF28
:10050000194610467FEA655C1CBF0B46024650EA5E
:10051000013406BF52EA033591EA030F41F400218A
:1005200030BD00BF90F0000F04BF0021704730B510
:100530004FF4806404F132044FF000054FF00001E5
:1005400050E700BF90F0000F04BF0021704730B5A6
:100550004FF4806404F1320410F0004548BF40427B
:100560004FF000013EE700BF42004FEAE2014FEAD0
:1005700031014FEA02701FBF12F07F4393F07F4FAB
:1005800081F06051704732F07F4208BF704793F0AE
:100590007F4F04BF41F40021704730B54FF46074C1
:1005A00001F0004521F000411CE700BF50EA0102C4
:1005B00008BF704730B54FF000050AE050EA01026D
:1005C00008BF704730B511F0004502D5404261EBDD
:1005D00041014FF4806404F132045FEA915C3FF41E
:1005E000D8AE4FF003025FEADC0C18BF03325FEABB
:1005F000DC0C18BF033202EBDC02C2F1200300FA6C
:1006000003FC20FA02F001FA03FE40EA0E0021FA90
:1006100002F11444BDE600BF70B54FF0FF0C4CF47E
:10062000E06C1CEA11541DBF1CEA135594EA0C0F30
:1006300095EA0C0F00F0DEF82C4481EA030621EA6B
:100640004C5123EA4C5350EA013518BF52EA0335A6
:1006500041F4801143F4801338D0A0FB02CE4FF058
:100660000005E1FB02E506F00042E0FB03E54FF088
:100670000006E1FB03569CF0000F18BF4EF0010E80
:10068000A4F1FF04B6F5007F64F5407404D25FEA7C
:100690004E0E6D4146EB060642EAC62141EA55512F
:1006A0004FEAC52040EA5E504FEACE2EB4F1FD0C71
:1006B00088BFBCF5E06F1ED8BEF1004F08BF5FEAEF
:1006C000500E50F1000041EB045170BD06F00046A1
:1006D00046EA010140EA020081EA0301B4EB5C044E
:1006E000C2BFD4EB0C0541EA045170BD41F4801146
:1006F0004FF0000E013C00F3AB8014F1360FDEBF6B
:10070000002001F0004170BDC4F10004203C35DA46
:100710000C341BDC04F11404C4F1200500FA05F3C9
:1007200020FA04F001FA05F240EA020001F000426A
:1007300021F0004110EBD37021FA04F642EB0601E0
:100740005EEA430E08BF20EAD37070BDC4F10C040A
:10075000C4F1200500FA04F320FA05F001FA04F2CE
:1007600040EA020001F0004110EBD37041F10001BA
:100770005EEA430E08BF20EAD37070BDC4F12005C5
:1007800000FA05F24EEA020E20FA04F301FA05F22D
:1007900043EA020321FA04F001F0004121FA04F2D5
:1007A00020EA020000EBD3705EEA430E08BF20EAA5
:1007B000D37070BD94F0000F0FD101F000464000DF
:1007C00041EB010111F4801F08BF013CF7D041EA61
:1007D000060195F0000F18BF704703F00046520065
:1007E00043EB030313F4801F08BF013DF7D043EA36
:1007F0000603704794EA0C0F0CEA135518BF95EAEC
:100800000C0F0CD050EA410618BF52EA4306D1D172
:1008100081EA030101F000414FF0000070BD50EA91
:10082000410606BF1046194652EA430619D094EA1B
:100830000C0F02D150EA013613D195EA0C0F05D105
:1008400052EA03361CBF104619460AD181EA030159
:1008500001F0004141F0FE4141F470014FF0000011
:1008600070BD41F0FE4141F4780170BD70B54FF0AC
:10087000FF0C4CF4E06C1CEA11541DBF1CEA13552C
:1008800094EA0C0F95EA0C0F00F0A7F8A4EB05040E
:1008900081EA030E52EA03354FEA013100F0888005
:1008A0004FEA03334FF0805545EA131343EA1263CE
:1008B0004FEA022245EA111545EA10654FEA002683
:1008C0000EF000419D4208BF964244F1FD0404F53C
:1008D000407402D25B084FEA3202B61A65EB030598
:1008E0005B084FEA32024FF480104FF4002CB6EB55
:1008F000020E75EB030E22BFB61A754640EA0C00D5
:100900005B084FEA3202B6EB020E75EB030E22BF14
:10091000B61A754640EA5C005B084FEA3202B6EB55
:10092000020E75EB030E22BFB61A754640EA9C0014
:100930005B084FEA3202B6EB020E75EB030E22BFE4
:10094000B61A754640EADC0055EA060E18D04FEAA2
:10095000051545EA16754FEA06164FEAC30343EA42
:1009600052734FEAC2025FEA1C1CC0D111F4801F0F
:100970000BD141EA00014FF000004FF0004CB6E708
:1009800011F4801F04BF01430020B4F1FD0C88BFA7
:10099000BCF5E06F3FF6AFAEB5EB030C04BFB6EBB2
:1009A000020C5FEA500C50F1000041EB045170BDA5
:1009B0000EF0004E4EEA113114EB5C04C2BFD4EBD2
:1009C0000C0541EA045170BD41F480114FF0000E56
:1009D000013C90E645EA060E8DE60CEA135594EAD2
:1009E0000C0F08BF95EA0C0F3FF43BAF94EA0C0FD5
:1009F0000AD150EA01347FF434AF95EA0C0F7FF44A
:100A000025AF104619462CE795EA0C0F06D152EA9D
:100A100003353FF4FDAE1046194622E750EA410681
:100A200018BF52EA43067FF4C5AE50EA41047FF492
:100A30000DAF52EA43057FF4EBAE12E74FF0FF3CF7
:100A400006E000BF4FF0010C02E000BF4FF0010CC8
:100A50004DF804CD4FEA410C7FEA6C5C4FEA430C41
:100A600018BF7FEA6C5C1BD001B050EA410C0CBF90
:100A700052EA430C91EA030F02BF90EA020F0020F2
:100A8000704710F1000F91EA030F58BF994208BF59
:100A900090422CBFD8176FEAE37040F00100704716
:100AA0004FEA410C7FEA6C5C02D150EA013C07D16D
:100AB0004FEA430C7FEA6C5CD6D152EA033CD3D0B8
:100AC0005DF8040B704700BF8446104662468C46B2
:100AD0001946634600E000BF01B5FFF7B7FF0028E5
:100AE00048BF10F1000F01BD4DF808EDFFF7F4FF0E
:100AF0000CBF012000205DF808FB00BF4DF808ED99
:100B0000FFF7EAFF34BF012000205DF808FB00BFBB
:100B10004DF808EDFFF7E0FF94BF012000205DF8DD
:100B200008FB00BF4DF808EDFFF7CEFF94BF012092
:100B300000205DF808FB00BF4DF808EDFFF7C4FF8B
:100B400034BF012000205DF808FB00BF4FEA410CD4
:100B50007FEA6C5C02D150EA013C0AD14FEA430CB7
:100B60007FEA6C5C02D152EA033C02D14FF00000F4
:100B700070474FF0010070474A0011D212F5001281
:100B800011D20DD56FF47873B3EB62520ED44FEAE5
:100B9000C12343F0004343EA505323FA02F0704765
:100BA0004FF00000704750EA013002D14FF0FF30A3
:100BB00070474FF0000070474FEA4102B2F1E04346
:100BC00024BFB3F5001CDCF1FE5C0DD901F0004C34
:100BD0004FEAC0024CEA5070B2F1004F40EB830084
:100BE00008BF20F00100704711F0804F21D113F1B0
:100BF0003872BCBF01F00040704741F480114FEAE9
:100C00005252C2F11802C2F1200C10FA0CF320FA71
:100C100002F018BF40F001004FEAC1234FEAD3238E
:100C200003FA0CFC40EA0C0023FA02F34FEA4303F8
:100C3000CCE77FEA625307D150EA01331EBF4FF081
:100C4000FE4040F44000704701F0004040F0FE409C
:100C500040F40000704700BF80F0004002E000BF99
:100C600081F0004142001FBF5FEA410392EA030F97
:100C70007FEA226C7FEA236C6AD04FEA1262D2EBE1
:100C80001363C1BFD218414048404140B8BF5B42E6
:100C9000192B88BF704710F0004F40F4000020F07F
:100CA0007F4018BF404211F0004F41F4000121F095
:100CB0007F4118BF494292EA030F3FD0A2F10102DF
:100CC00041FA03FC10EB0C00C3F1200301FA03F11D
:100CD00000F0004302D5494260EB4000B0F5000F40
:100CE00013D3B0F1807F06D340084FEA310102F1FF
:100CF0000102FE2A51D2B1F1004F40EBC25008BFB1
:100D000020F0010040EA03007047490040EB00007A
:100D1000013A28BFB0F5000FEDD2B0FA80FCACF17B
:100D2000080CB2EB0C0200FA0CF0AABF00EBC250A8
:100D300052421843BCBFD0401843704792F0000F96
:100D400081F4000106BF80F400000132013BB5E7E9
:100D50004FEA41037FEA226C18BF7FEA236C21D05F
:100D600092EA030F04D092F0000F08BF08467047C4
:100D700090EA010F1CBF0020704712F07F4F04D192
:100D8000400028BF40F00040704712F100723CBFA5
:100D900000F50000704700F0004343F0FE4040F4CF
:100DA000000070477FEA226216BF08467FEA23638D
:100DB0000146420206BF5FEA412390EA010F40F478
:100DC000800070474FF0000304E000BF10F00043C4
:100DD00048BF40425FEA000C08BF704743F09643AB
:100DE00001464FF000001CE050EA010208BF7047C6
:100DF0004FF000030AE000BF50EA010208BF70474D
:100E000011F0004302D5404261EB41015FEA010C61
:100E100002BF84460146002043F0B64308BFA3F159
:100E20008053A3F50003BCFA8CF2083AA3EBC2533B
:100E300010DB01FA02FC634400FA02FCC2F120025A
:100E4000BCF1004F20FA02F243EB020008BF20F091
:100E50000100704702F1200201FA02FCC2F12002F7
:100E600050EA4C0021FA02F243EB020008BF20EAEC
:100E7000DC7070477BB972B90029BEBF00204FF00B
:100E8000004106E008BF00281CBF6FF000414FF092
:100E9000FF3000F0D3B9ADF1080C6DE904CE0029A4
:100EA00009DB002B1ADB00F04DF8DDF804E0DDE98A
:100EB000022304B07047404261EB4101002B1BDB71
:100EC00000F040F8DDF804E0DDE9022304B0404220
:100ED00061EB4101524263EB43037047524263EBC3
:100EE000430300F02FF8DDF804E0DDE9022304B04D
:100EF000404261EB41017047524263EB430300F013
:100F000021F8DDF804E0DDE9022304B0524263EB8E
:100F10004303704753B94AB9002908BF00281CBFD2
:100F20004FF0FF314FF0FF3000F088B9ADF1080C01
:100F30006DE904CE00F006F8DDF804E0DDE90223F7
:100F400004B070472DE9F047089D0F4604468C46D3
:100F5000002B48D18A42164661D9B2FA82F34BB1CE
:100F6000C3F1200201FA03FC20FA02F29E4042EA99
:100F70000C0C9C404FEA164EB7B2BCFBFEF1220CA3
:100F80000EFB11CC42EA0C4201FB07F0904209D95A
:100F9000B21801F1FF3C80F0EE80904240F2EB800D
:100FA00002393244121AA4B2B2FBFEF00EFB102238
:100FB00044EA024400FB07F7A74209D9341900F1BB
:100FC000FF3280F0DA80A74240F2D7803444023802
:100FD00040EA0140E41B00211DB1DC400023C5E9CB
:100FE0000043BDE8F0878B4206D90DB1C5E9000189
:100FF00000210846BDE8F087B3FA83F1002948D103
:10100000BB4202D3824200F20781841A67EB0302DB
:1010100001209446002DE4D0C5E9004CE1E7002A08
:1010200000F09280B2FA82F3002B40F0A8808A1A76
:101030004FEA164E1FFA86FC0121200CB2FBFEF788
:101040000EFB172240EA02420CFB07F0904207D940
:10105000B21807F1FF3802D2904200F2E280474610
:10106000121AA4B2B2FBFEF00EFB102244EA0244B4
:101070000CFB00FCA44507D9341900F1FF3202D261
:10108000A44500F2CB801046A4EB0C0440EA0740D4
:10109000A2E7C1F120068B4022FA06FC4CEA030CC1
:1010A00007FA01F420FA06F3F7404FEA1C492343FC
:1010B00000FA01F81FFA8CFEB7FBF9F01C0C09FBD3
:1010C000107744EA074400FB0EF7A74202FA01F248
:1010D0000AD91CEB040400F1FF3A80F09B80A74280
:1010E00040F2988002386444E41B9FB2B4FBF9F3E9
:1010F00009FB134447EA044403FB0EFEA64509D945
:101100001CEB040403F1FF3780F08280A6457FD9F1
:10111000023B644443EA0040A4EB0E04A0FB02E758
:10112000BC427346B94663D360D05DB1B8EB0302ED
:1011300064EB090404FA06F622FA01F31E43CC40DC
:10114000C5E9006400214CE76208480842EAC17121
:101150000B0C43EA00438AB242EA0342B3FBF6F1C6
:10116000E407B4463746B6461F23B0FBF6F0D21B61
:1011700041EA004161E7614614E7104628E7C3F100
:10118000200120FA01F29E4027FA01F19F403A43E4
:101190004FEA164E1FFA86FCB1FBFEF70EFB171046
:1011A000110C41EA004107FB0CF8884504FA03F4EE
:1011B0003AD9711807F1FF3001D288451FD8A1EB49
:1011C0000801B1FBFEF808FB0CF70EFB181192B2F8
:1011D00042EA0142BA422FD2B21808F1FF31C6D218
:1011E000BA42C4D2A8F102013244C0E7F0459CD211
:1011F000BEEB020367EB0C070138B94695E7A6EB97
:1012000008084144B81EB1FBFEF808FB0CF7DCE708
:101210003B467FE7504667E70846FBE63444023822
:1012200032E7023F32441BE7A1EB08013846B1FB2D
:10123000FEF808FB0CF7C8E7414698E7704700BF87
:1012400006F0F0BE06F042BF06F05EBF00487047F1
:1012500010030108004870471C030108004870474C
:10126000390301080B480C4B0C4A10F8011B11B153
:101270004B405343F9E783F0FF03094907485343C1
:1012800011F8012B12B153404343F9E783F0FF03F8
:101290005843704710030108C59D1C81930100014C
:1012A0001C03010808B5054800224FF4006108F04E
:1012B00057FABDE8084001F09FBE00BF00000240A1
:1012C00008B5054800224FF4006108F049FABDE86E
:1012D000084001F091BE00BF000002400248012218
:1012E000402108F03DBA00BF00040240024800223D
:1012F000402108F035BA00BF0004024037B5002392
:1013000004460D46ADF80430FFF7F0FFD2238DF808
:10131000003012488DF801400A230222694609F084
:101320000DFD0446FFF7DAFF34B1032C0CBF022495
:101330000324204603B030BDFFF7D8FF07480A2337
:10134000022201A909F097FE0446FFF7C7FF002C0F
:10135000EBD19DF805302B70EBE700BF580600205D
:10136000084B834210B50BD1074C2378012B07D1D2
:10137000064B5A68064B1A60FFF7B0FF0223237032
:1013800010BD00BF5806002080000020001000E0C3
:101390007C000020084B834210B50BD1074C23780A
:1013A000012B07D1064B5A68064B1A60FFF796FFD0
:1013B0000323237010BD00BF5806002080000020CA
:1013C000001000E07C000020004870475003010836
:1013D00007EE900A9FED057A9FED050AF8EE677A11
:1013E00067EE877A27EE800A704700BF0000B4439B
:1013F0000000803713B5044610B9002002B010BDBC
:101400000DF107011A20FFF779FF0028F5D19DF8AB
:101410000730DA092270C3F380026270C3F340021E
:1014200003F00103A270E3700120E7E72DE9F04724
:1014300007460C4619B100230B604B608B60002FF0
:101440006DD0384B5968384B1A68536A1CB12381E8
:1014500001232160A372354E317801F0FF0319B1E9
:1014600003252846BDE8F0873149DFF8C880DFF85A
:10147000D4900B70C9F800304B7088F8003088F8B1
:101480000130012333703CB1264B5B682360536A03
:10149000238140F201136381FFF728FF254A244985
:1014A0002548022309F084FE054638B1FFF716FFF0
:1014B0000023032D3370D3D10225D2E7DFF864A0D7
:1014C0001E4B1F4A1B68DAF80410B3FBF2F342F21A
:1014D000107253433278012A0ED03378DBB214B144
:1014E000D9F8002062600022022B3270B8D1B8F81F
:1014F00000305BBA3B80B4E7DAF80420521A93421A
:10150000E8D804230C48337009F0D6FEFFF7E6FE56
:1015100014B1DAF80430636000233370CCE701259E
:101520009FE700BF001000E0500500208000002071
:1015300083000020810000205806002000000020C9
:1015400040420F007C00002009B1FFF7D7BE012008
:10155000704700001FB5D723ADF808300023ADF861
:101560000C30FFF7C3FE0A23009303AA022302A94B
:10157000054809F090FC0446FFF7B0FEB4FA84F089
:10158000400904B010BD00BF5806002013B5002369
:10159000044601A80193FFF72DFF30B914B90020CC
:1015A00002B010BD01982060F9E79DF805302BB915
:1015B0009DF8063013B99DF8073033B1FFF7CAFF25
:1015C00001A8FFF717FF0028E8D00CB101982060B0
:1015D0009DF8043063B99DF8050058B99DF80630B0
:1015E0001BB99DF8070080F0010000F00100D7E76B
:1015F0000020FAE71846F8E730B548B10023002488
:101600000025C0E90245C0E90433037043808361CB
:1016100030BD70B5049D002838D0002D36D0002B89
:1016200034DB047864B901230370436941800133DA
:10163000C0E902140261436129606C60002070BD42
:1016400044880C1BB4F5004F0CDDA4F5803484EA0B
:10165000E476A6EBE476B3420ADA83690133836168
:101660000420ECE714F5004FB8BF04F58034EEE732
:10167000D0E90236026142694180E31846EBE47426
:101680000132C0E9023442612B60D6E70120D6E77F
:101690002DE9F7430446002800F08680342200211B
:1016A0000CF01EFF002001A98DF804008DF8050044
:1016B0008DF80600FFF722FE04F10806002843D04B
:1016C00000259DF805209DF8043043EA022363803D
:1016D0004FF000089DF80630A371A4F82A80B146A7
:1016E00020270DF1070138468DF80780FFF706FE29
:1016F00010B18DF8078000259DF8073009F8013FEB
:1017000013B1638D013363850137FFB2402FE8D1F8
:10171000264904F128074FF0FF3316F8012F08205F
:10172000534043F300020A40013882EA5303F8D1E0
:10173000B742F2D1DB43E36225706DBB84F83050D1
:10174000052003B0BDE8F0830DF105010120FFF78E
:10175000D5FD0028B4D1211D0920FFF7F5FE002892
:10176000AED1611D0D20FFF7EFFE0028A8D10DF1CD
:1017700006011A20FFF7C2FD0028A1D1E11D1C209F
:10178000FFF7E2FE00289BD131461F20FFF7DCFE69
:10179000B0FA80F56D0994E7638D002B14BF022326
:1017A000012384F83030CCE70120CAE72083B8ED6C
:1017B000024678B103786BB190F8301051B183795B
:1017C00013F0870008D1012908D1538D002B18BFD1
:1017D00003207047012070470220704703207047A4
:1017E00038B505460C46FFF7E3FFE8B9ECB16A8867
:1017F00023889A421BD12A79A3789A4219D16A790F
:10180000E3789A4217D1AA7923799A4215D1EA79D5
:1018100063799A4213D12A7AA3799A4211D1EA6A5A
:10182000A3689A4218BF0B2038BD0420FCE70520AE
:10183000FAE70620F8E70720F6E70820F4E7092092
:10184000F2E70A20F0E700000B289ABF024B53F89A
:1018500020000248704700BF203A01086C030108CD
:101860002DE9F04F95B00021342207A80CF038FE86
:10187000012605233E4A8DF8213007A812928DF8E3
:101880001C608DF84C60FFF793FF3A4A044607CA84
:1018900004AD85E80700294607A8FFF7A1FF00214E
:1018A000039007A8FFF79CFF2946834607A8ADF8D9
:1018B0001E60FFF795FF00272946824607A8ADF86E
:1018C0001E708DF82060FFF78BFF4FF48061ADF83C
:1018D00020108146294607A8FFF782FF05238DF8CF
:1018E000213029460823804607A88DF82230FFF7CB
:1018F00077FF4FF480710290ADF8221007A82946B7
:10190000FFF76EFF2946019007A88DF823708DF828
:101910002460FFF765FF039A8DF82470014616488E
:10192000129044EA020010F0FF001ED1BBF1040F38
:10193000029B17D1BAF1050F14D1B9F1060F11D1DD
:10194000B8F1070F0ED1082B0CD1019B092B09D13F
:101950000A2907D1294607A8FFF742FFA0F10B0388
:101960005842584115B0BDE8F08F3846FAE700BF3D
:10197000AD550A1958020108AC550A19074AD2F8A0
:10198000FC3043F08073C2F8FC30054B00225A60F3
:101990001A6842F001021A60704700BF00ED00E0D3
:1019A000001000E008B5FFF799FCBDE80840FFF71C
:1019B000E5BF0000034B044A1B68B3FBF2F3584336
:1019C000704700BF0000002040420F0070B5044681
:1019D000049868B1002B0CDA561E63F10045A6424C
:1019E0008D410FDBA41A61EB0301C0E90041012026
:1019F00070BD52EA0305F5D003F10045944271EB46
:101A00000505EEE70020F3E72DE9F0410546012446
:101A10008C4201D3BDE8F08155F8087F6E682B46F3
:101A2000224653E902EC774576EB0C0805DA013AD9
:101A3000C3E900ECA3F10803F3D100EBC20340F8C3
:101A4000327001345E60E3E7014B5868704700BFB5
:101A5000001000E0034A53685B1A002B00DB70475C
:101A600000BFF8E7001000E0806E7047D0F88C30BF
:101A7000072B9FBF5A1C00EB8303C0F88C20D9664C
:101A8000836E5B1A002BB8BF8166704770B5D0B10A
:101A9000C9B1C2B1D0E91843A34214D25C1C446658
:101AA00000EB83050024146094605460AC691460FA
:101AB000C41830F8133094F8586096720B80AB6BF2
:101AC0008366207C70BD0120FCE738B504460D46D6
:101AD000902200210CF004FD25662A4604F15800EE
:101AE0000121BDE838400CF0FBBC08461146FFF769
:101AF0009DBC10B5044640B1382200210CF0F0FC2A
:101B00002046BDE81040FFF777BD10BD2DE9F04736
:101B100089468AB090461C460546002866D0002BB0
:101B200064D0002A62D0002960DB20220021184600
:101B300001260CF0D5FC4FF0000A267707AF2B6A80
:101B4000ADF80EA00133012E2B62C7E900AAC7F839
:101B500008A0667706D9AB6A0133AB62A37F43F076
:101B60000103A37739460DF10E00FFF75FFC8446B1
:101B700097E8070004F1100383E80700604690B17E
:101B8000EB6A0133EB62A37F43F002030136F6B246
:101B9000B045A3772077D2D243F00803A3776B6BCD
:101BA00001336B631FE000220023CDE9042304AB63
:101BB0000093079ABDF80E104B462846FFF729FD03
:101BC00030B12B6B01332B63A37F43F00403DDE7BC
:101BD000BDF80E302380DDE904232077C4E9022319
:101BE0006B6A01336B620AB0BDE8F0870120FAE747
:101BF00008B5FFF701F99FED057A9FED050A07EE9D
:101C0000900A67EE877A27EE800A08BD0000B44389
:101C1000000080372DE9F843089F84460020B7B3C1
:101C2000012A73F100051DDBB1F1004F08BF8445A7
:101C300018D0540844EAC374D4F1FF386FF000455B
:101C400081424FEA630EA5EB63050DDBE0458D4154
:101C500008DB1CEB04004EEB0101FFF70BF9C7E9B1
:101C600000010120BDE8F883DCF1000961EB4106C9
:101C7000C845B541F6DBB4EB0C006EEB0101FFF794
:101C8000F9F8404261EB4101C7E90001E9E7384654
:101C9000E8E7F7B50346084661B192B3490803EB9C
:101CA000C10510F0010053F83130696804D0C2E971
:101CB0000031012003B0F0BD012B55E9024671F15E
:101CC000000512DBDD43A5426FF00045A5EB0105E1
:101CD000B541EFDBE01800924FF000034FF0020235
:101CE00046EB0101FFF796FFE4E753EA0105F1D067
:101CF0005F424FF0004565EB0105BC4276EB050500
:101D0000E7E71046D6E72DE9FF419446DDE90A27CB
:101D10000C9E044688461AB9002004B0BDE8F08144
:101D2000002FF9D0002EF7D000200021CDE90201CC
:101D30004FF0FF3003F500454FF6FF71604571EB42
:101D40000505E9D308F50045A042A941E4D31904EB
:101D500002AB00934FEA0C40002341EA1C41FFF71D
:101D600059FF0028D8D0DDE90232012B4FEA0841A3
:101D700072F1000541EA14414FEA04440FDBDD43F0
:101D8000A5426FF00045A5EB02058D41C4DBC7E914
:101D900000321B1942EB0102C6E90032BDE753EAEB
:101DA0000205F4D0D3F1000C4FF0004565EB0205BD
:101DB000644571EB0505E9E72DE9F04385B0DDE900
:101DC0000C540E9EDEB104F500474FF000084FF0B2
:101DD0000009B7F5803FCDE9028910D202AF009724
:101DE000FFF7F4FD58B1DDE9020123042A0443EAB8
:101DF00015430C9605B0BDE8F043FFF7E7BD0020A2
:101E000005B0BDE8F08300002DE9F04F2DED028B09
:101E100099B0DDE9245808932A9C289B0D93299BAF
:101E20000C900592099334B19022002120460CF0C9
:101E300057FB0123E3700C9B002B00F06082002D08
:101E400000F05D82B8F1000F00F05982002C00F024
:101E50005682D8F80030002B00F05182D8F80430B8
:101E6000002B00F04C82AB68002B00F04882EA683F
:101E7000934200F244826A69002A40F34082AA69D0
:101E8000002AC0F23C822878012800F2388206D16C
:101E90006A68002A44DDD8F80820002A40D0269A33
:101EA00052B1279A934200F22A82402B00F22782F5
:101EB000099A002AC0F223824FF0FF306FF00041F0
:101EC000C4E9060100204FF00041059AA260C4E970
:101ED00008019FED9B8B0027089AE2602365A7709D
:101EE0003E46BA46D4F85490994511D304F13003D4
:101EF000029304F12803CDE9009305980899D4E9E9
:101F00000423FFF700FF002840F01E81207009E144
:101F1000A26DEB689A4208D3002323700720E0707B
:101F200019B0BDEC028BBDE8F08F2B78012B2FD1BF
:101F300094F801B0BBF1000F2ED0A36F6A69F31AB9
:101F4000934203D9002323700820E8E7D8F808302B
:101F5000D8F80C0031469847B146D8F80030D8F888
:101F60000C00ADF838A014AA0EA9CDE914AACDF83A
:101F700058A09847A26D511C9DF85A20A1650346B0
:101F800062B9636E84F800A0013363660620C6E779
:101F90004FF00009CB46E0E7D946DEE7149AE26746
:101FA000012945D1A2672978012902D16E686170A3
:101FB0001644D8F80420D8F80C0006939047A26F76
:101FC0006969821A8A428346C4F88020BAD8069B7F
:101FD0008DED108B002B40D09A1ED2B2012A02D870
:101FE000E26D0132E2652371A36E0137BB422B69BA
:101FF00038BFA766BB428FD3D4F85490AB689945DD
:10200000BFF474AF2A78012A7FF46CAFBBEB060BE8
:102010003FF568AFE26E6968BBFBF1FB0BF1010BAA
:1020200012EB0B02BFF478AFE2660BFB016659E7D7
:10203000BBF1000FBDD0A2EB0901002908DAA9EB22
:102040000201626F8A4238BF61676E684E44B0E732
:10205000FBD0226F01322267F3E710AB0093AB692C
:10206000149ABDF838100C98FFF7D3FA04280346E9
:1020700003D1226E01322266B5E70028B3D1DDE933
:102080001023CDE9062312AB0093DDE90601059A82
:10209000089B8DED128BFFF799FC002840D0DDE9FD
:1020A0001232012B72F10007D4E904102BDBDF435D
:1020B0008F426FF00047A7EB0207874130DBC9185A
:1020C00040EB0200C4E904102699676D61BBD4E9B6
:1020D0000601834272EB0101D4E90801B8BFC4E9EB
:1020E000063298429141B8BFC4E908321FB9DDE910
:1020F0000623C4E91023DDE9062301376765C4E937
:102100001223002778E753EA0207D8D0D3F1000C56
:102110004FF0004767EB0207614570EB0707CDE71B
:10212000002323700920FAE62799B942CFD92699CE
:10213000269801EBC70140F837304A60C7E700BF77
:102140000000000000000000269B002B00F0B9807A
:1021500009F1FF333F2BC4F8849000F2B280269837
:102160004946FFF751FC4FF0000A4FF0000B0EAA52
:10217000CDE90EABFFF78DFD002800F0A280269D73
:10218000634E05EBC9030C932F460DF15008DDE9B2
:102190000E23CDF80080F7E80201CDE90A23CDE94E
:1021A00014ABFFF713FC002800F08F80DDE9143238
:1021B000002A02DA5B4262EB4202C6E900320C9B63
:1021C000BB4206F10806E2D151484946FFF71CFC24
:1021D0000026002710AACDE91067FFF75AFD002856
:1021E0006FD0DDE910014B4B83424B4B8B41CDE966
:1021F000126766D340F2072612ABA0FB06070093D6
:102200006422002306FB0171FFF704FD002858D06B
:10221000DDE912AB0D9B9A45099B9FED3B7B7BEB68
:1022200003034FF00007BCBFDDF834A0DDF824B095
:102230000697B846B946D5E9006114AB009330461D
:10224000DDE90A2309918DED147BFFF7BFFB08350B
:10225000099900283ED0DDE91432002A02DA5B42F7
:1022600062EB42029A457BEB020244DB012E71F1E4
:10227000000334DBF343BB426FF00043A3EB0103E5
:1022800073EB08031DDBF619374641EB080809F12B
:1022900001090C9BAB42CED1069BC4E92239B9F1AE
:1022A000000F0ED004F13803029314ABCDE9009374
:1022B000059808993A464346FFF725FD08B10123E2
:1022C000A37001232370002029E64FF0FF336FF045
:1022D000004272E74FF0FF336FF00042C2E756EA68
:1022E0000103D0D072424FF0004363EB01039742E9
:1022F00078EB0303C6E7069B01330693C9E7012089
:102300000EE600BFAFF300800000000000000000F8
:10231000880000205E77026D05233F00F0B51F4660
:102320000D4B054616460FCB8DB008AC84E80F0068
:10233000189B0693DDE91623CDE90423149B039330
:10234000139BCDE90143129B009332463B4628463E
:10235000FFF75AFD0DB0F0BD640201082DE9F04F02
:102360000022ADF5297D0023CDE91423CDE9162304
:1023700016AC022314AD00930294019501220023B0
:1023800064200021FFF7BFFC78B12B68159AA3F5F4
:10239000004313432ED12368179AA3F5C9031343AF
:1023A0000CBF012300230A9300E00A90022300934C
:1023B000CDE901544FF0FF324FF0FF336FF063006F
:1023C0004FF0FF31FFF79FFCB0B12A68159BB3F1C6
:1023D000FF3F08BF12F5004F40F0A383179B226810
:1023E000B3F1FF3F08BF12F5C90F0CBF0123002353
:1023F0000B9302E00023D6E70B9001220023CDE9E6
:10240000182300220023CDE9002318AC4FF4C802A2
:102410000023029410461946FFF7CEFC002840F036
:10242000828300230D93CB4BCB4E0FCB1DAD0DF50F
:10243000047885E80F0002214046FFF746FBC74BB2
:1024400084934FF47A714FF48263CDE98A1340F29A
:10245000ED3040F2154321AFCDE9920340F2E33372
:1024600028A89E93C5F80C80FFF7C6F801233B709F
:1024700028240223C7E90143C7E903331423C7E92A
:1024800005630022002360AE0024CDE90423CDE9DA
:102490000244CDE9007506966422002328A8FFF7C0
:1024A000B3FC90BB347884B3B36D022B40F05883F7
:1024B000736D022B40F05483F46E002C40F0508377
:1024C000D6E91032643B13431FD1D6E91232653B83
:1024D00013431AD1D6E90632134316D1D6E908328E
:1024E000013B134311D1D6E90C32A3F5C9031343C1
:1024F00040F03683A79B012B40F032839F9CA4F5CC
:10250000826BDBF1000444EB0B0404214046FFF72F
:10251000DCFA934B8493A3F1041385934FF47A7CF4
:102520004FF48263CDE98AC34FF4876E4FF48C6316
:10253000CDE98CE340F2ED3940F21543CDE99293B9
:1025400040F23D4A40F26543CDE994A328A840F209
:10255000E3339E93FFF750F80423C7E902333B614E
:10256000002200234FF00009CDE90423CDE90299B0
:10257000CDE9007506966422002328A8FFF744FCE5
:10258000002840F0EF82D6E90623B3F1FF3F08BFF1
:1025900012F1040F40F0E982D6E90832043B1343FC
:1025A00040F0E382D6E91013D6E912029A4208BF3E
:1025B00088420CBF01234B46089304214046FFF795
:1025C00084FA664B849303F1021385934FF47A7B6C
:1025D0004FF482634FF48762CDE98AB34FF48C6382
:1025E000CDE98C2340F2ED3140F21543CDE9921351
:1025F00040F23D4040F26543CDE9940340F2E333BD
:1026000028A89E934FF00009FEF7F6FF0022002352
:10261000CDE90423CDE90299CDE90075069664223F
:10262000002328A8FFF7F0FB002840F0A082D6E99D
:102630000632134340F09E82D6E90832033B13432F
:1026400040F09882D6E91232D6E910105B1AA3F155
:10265000030362EB000213430CBF01234B460993B3
:1026600003214046FFF731FA6423ADF812326623A6
:102670004FF47A7CADF814324FF48263CDE98AC30B
:102680004FF487638C9340F2ED3940F21543CDE966
:10269000929340F23D430226949328A840F2E333FC
:1026A0008DF820629E9360AFFEF7A6FF4FF0000901
:1026B00021AB032200200021CDE92422CDE9040131
:1026C000CDE90035CDE9029906976422002328A8B8
:1026D0002396FFF799FB0646002840F04D829DF8AF
:1026E0008131002B00F04A82769B032B15D1759B1C
:1026F000022B12D1779B012B0FD19DF88431022B35
:102700000BD1A79B022B08D19F9BB3F5826F04D1FD
:10271000A09EA6F587677E427E4103214046FFF7D3
:10272000D4F90E4B84936623ADF814324FF47A7BC0
:1027300040F26543CDE98AB34FF4916340F2ED3145
:102740008C9340F26A43CDE9921340F28D43949307
:1027500028A807E074020108A08601006400650053
:102760006400680040F2E3339E930DF5C079FEF7F4
:1027700043FF4FF0000A21AB032200200021CDE9E6
:102780000401CDE900352392CDE902AACDF81890D5
:102790006422002328A8FFF737FB0746002840F0F3
:1027A000EF817B9B022B13D17C9B012B10D17D9B56
:1027B000552B0DD1A79B022B0AD19F9BB3F5826F9E
:1027C00006D1A09FA7F5916ADAF1000747EB0A0747
:1027D00002214046FFF779F9BA4B84936FF00F0E50
:1027E0001023CDE98AE36FF00A081523CDE992831F
:1027F00028A86FF01F039E934FF02009FEF7FCFE00
:102800000222CDE9229221AB00200DF5C0780021F3
:102810004FF00009CDE92422CDE90401CDE90035CE
:10282000CDE90299CDF818804FF6FE72002328A852
:10283000FFF7EAFAB8B9809B252B40F0A3817B997A
:10284000002940F09F81DDE97032A3F57F43FE3B14
:10285000134340F09981DDE97232A3F10113134370
:1028600008BF4FF00109082184A8FFF72EF9964B05
:102870008493013B8593954B86930DF5097803F579
:102880008013879342464FF47A7342F8043F591DF0
:102890002833B3F5A56F1162F7D140F2E33328A8CE
:1028A0009E932825FEF7A8FE0822CDE92252CDE905
:1028B0002422039230AA21AB0020002102920DF5C0
:1028C000C07A1DAACDE90032CDE90401CDF818A0E7
:1028D0006422002328A8FFF797FA0546002840F055
:1028E00055819DF88231002B00F05281819B082B8D
:1028F00015D1829B012B12D1839B072B0FD1DDE9D0
:102900006E32A3F5C803134309D1DDE96C32A3F598
:10291000CB03A3F5C04313430CBF012500250821B9
:1029200084A8FFF7D2F84FF06413CDE9843386937F
:1029300003F58033879342464FF47A7342F8043F9D
:10294000591D2833B3F5A56F1162F7D140F2E33377
:1029500028A89E93FEF750FE00220023CDE9042311
:102960000823039340AB02931DAB0DF5C07A01938E
:1029700021AB0093CDF818A06422002328A8FFF70C
:1029800043FA002840F006819DF882313BB1829BDA
:10299000012B40F00181839BD81F434243410C939C
:1029A000082184A8FFF791F84FF06413CDE9843330
:1029B000869303F5803387934FF47A7348F8043F86
:1029C0005A1D2833B3F5A56FC8F82020F6D10DF1B4
:1029D000A00840F2E33340469E93FEF70DFE092225
:1029E0000023CDE904230823039350AB02931DABCE
:1029F0000DF5C07B019321AB0093CDF818B0642294
:102A000000234046FFF700FA002840F0C7809DF8F9
:102A10008231002B00F0C280829B002B40F0C180ED
:102A2000839BA3F10801D1F1000A4AEB010A404659
:102A3000FEF7E2FD00220023CDE91A230DF1680B19
:102A40000A231A466421CDF800B04046FEF7E1FDA6
:102A5000B8F802300F93D8F808301293D8F80C3039
:102A60001393D8F810301093D8F814300E901193B7
:102A7000CDF800B00A231422C8214046FEF7C9FD54
:102A8000042840F09080B8F802300F9A934240F04A
:102A90008A80D8E90223DDE91210834208BF8A4206
:102AA00040F08180D8F81030109A93427BD1D8F84A
:102AB0001430119A934276D1D8F818305A1E5342E6
:102AC000534105E0FEFF01006400650064006300FF
:102AD0000A9A002A69D00B9A002A68D00D9A002A17
:102AE00067D0002C67D0089A002A66D0099A002A7D
:102AF00065D0002E65D0002F65D0B9F1000F64D0ED
:102B00004DB10C9A12EA0A0505D00E9A002A14BF9C
:102B1000002503F0010505F001000DF5297DBDE854
:102B2000F08F002364E42368199A13437FF479AC8F
:102B30004FF480320023CDE9002302944FF4C80201
:102B400000234FF4C8000121FFF736F900283FF4B5
:102B500068AC2368199A13430CBF0123002361E476
:102B60000024D2E4CDF8209027E5089025E5CDF8A3
:102B7000249075E5099073E54E46CEE51E46CCE5FA
:102B8000574625E681466EE689466CE60025C6E690
:102B90001D46C4E6002302E70C9001E74FF0000A4F
:102BA00045E7824643E7002392E70A9DB3E70B9D82
:102BB000B1E70D9DAFE72546ADE7089DABE7099D61
:102BC000A9E73546A7E73D46A5E74D46A3E700BF81
:102BD0002DE9F04F2DED048BADF5217D1AA8FEF700
:102BE00088FFFEF7F1FB354A0346602128A80BF069
:102BF00005FC5F28A8BF5F2082B228A93223304895
:102C000009F0E2FAFEF722FB0446FEF723FB054635
:102C1000FEF724FB0646FEF725FB2A4B0746D3F8B2
:102C20000080FEF7D1FB284A0095CDE903802346BA
:102C30004FF48071CDE9016760A80BF0DFFBFF283E
:102C4000A8BFFF2082B232231D4860A909F0BCFA58
:102C50001E481F4C012106F07DFD00280CBF0125F8
:102C6000002503D123780BB9FEF7ECFA194825703B
:102C70004FF4804106F079FDFEF7E6FA18B1C8205E
:102C800009F029FDE4E712AC234603224FF400418A
:102C90001AA8FEF73BFF074610B3A37F0193637F9B
:102CA00000930D4A0346602140A80BF0A7FB322396
:102CB00082B240A9024809F087FAE0E764040108FB
:102CC00038040020000000207F04010800000240BA
:102CD000B302002000080240010501080000C842BC
:102CE00026885FED028A3046FEF772FBB6EE008A58
:102CF000F0EE487AE0EE287A11AD28461197FCEE06
:102D0000E77A17EE904AFEF775FB9DF844309DF880
:102D100045209DF846109DF8475018B113B90AB9DF
:102D200001B9BDB1CDE903326422B4FBF2F302FB79
:102D30001344CDE90515CDE900349B4A0290334692
:102D4000802140A80BF05AFB322382B240A9974859
:102D500009F03AFADFF87CB295499BF80040954AB1
:102D6000DFF87482DFF87492934DDFF874A2002CC0
:102D700040F0F4809FED8A7B01238BF800308F4B6D
:102D80000E8083ED007B8AED007B8D4B1460C8F8CC
:102D90000040C9F800402C601C60D8F80030A34205
:102DA000B8BFC8F800402046FDF7CCFBDAE90023A5
:102DB00006460F46FDF77AFACAE90001DFF8FCA1E2
:102DC000CDE90E0132463B4630463946FDF724FC3C
:102DD000DAE90023FDF76AFA06460F46CAE90067FA
:102DE000DFF8DCA1DAF8000001301828CAF800008A
:102DF0007FF645AFFDF796FB02460B46CDE90C0189
:102E0000DDE90E01FDF732FDDDE90C23CDE90E0110
:102E100030463946FDF72AFDDDE90E2306460F460A
:102E200010461946FDF7F8FB02460B463046394678
:102E3000FDF73AFA02460B4643EC192B0022002319
:102E4000FDF77AFE002800F0A280B0EE490AF0EE0D
:102E5000690A0CF031F857EC106BD9F80030D8F84B
:102E60000000C01A2B6840F2DA22934200F39280ED
:102E700004F6396841F6724398458CBF4FF000085C
:102E80004FF0010880B2FEF7A3FAB0EE489A4D4B1E
:102E9000002230463946A0EE289AFDF707FAFDF7E2
:102EA0006BFE80B2FEF794FAF0EE487AE0EE287AF4
:102EB0002888BCEEC99AFCEEE77A17EE907AFEF706
:102EC00087FAF0EE487AE0EE287A002CA0B2B8BF7C
:102ED0004042FCEEE77AB8BF80B217EE909AFEF758
:102EE00077FAA0EE288A64233748B7FBF3F6FCEEA6
:102EF000C87A03FB1671354FCDF8288017EE90CABB
:102F000030EA240028BF384619EE102ADAF80040CB
:102F10000994B9FBF3F403FB1497B2FBF3F5CDE985
:102F20000747BCFBF3F403FB152203FB14C3CDE9F5
:102F30000310CDE90543CDE901260523244A009578
:102F4000802140A80BF05AFA322382B240A91748D8
:102F500009F03AF900238BF8003090E60C880E80D7
:102F6000341B116823B2002B01FA84F4B8BF5B4212
:102F700014602A689BB29A4207DBD9F800309C4261
:102F8000BFF60BAFC9F8004007E72B60F5E7002656
:102F9000002762E74FF0000874E700BFAFF300803E
:102FA0000000000000000000440501083804002073
:102FB000B0020020AC020020A002002090020020FD
:102FC000880200200000E03F783401086204010814
:102FD0009C050108B2020020A8020020A4020020E3
:102FE000980200200268034B9A4201D105F0CCBE42
:102FF000704700BF0020004007B572B6064C074876
:103000004FF4005106F0B1FB00230193019BA34252
:10301000F5D8019B0133F8E71FA107000008024023
:1030200010B594B0102200210AA80BF059FA14220E
:10303000002103A80BF054FA1F4B002101911A6CD8
:1030400042F080521A641B6C03F080530193019B81
:103050001A4B02911A6842F480421A601B6803F40A
:1030600080430293029B01214FF480330224CDE977
:1030700008134FF48003CDE90E43A822042308A8C7
:10308000CDE91032CDE9124307F060FA08B1FFF73D
:10309000B3FF0F23CDE9033405904FF4A0524FF452
:1030A0008053052103A8CDE9062307F02BFC002857
:1030B000EDD114B010BD00BF0038024000700040D8
:1030C00080B5BAB000246D4D05F044FEFFF7A8FFAF
:1030D0001422002132A80BF003FA02942B6B6848EB
:1030E00043F004032B632B6B03F004030293029B56
:1030F00003942B6B43F080032B632B6B03F0800353
:103100000393039B04942B6B43F001032B632B6B02
:1031100003F001030493049B05942B6B43F002031B
:103120002B632B6B03F00203224605934EF207013B
:10313000059B06F015FB224652484FF4006106F04D
:103140000FFB22465048402106F00AFB01264EF2B2
:1031500007034B4832A9CDE93236CDE9344406F0B5
:1031600021FA4848349632A9CDE9326406F01AFAB9
:103170004FF40063434832A9CDE93236CDE93444F7
:1031800006F010FA4023404832A9CDE93236CDE9A5
:10319000344406F007FA00942B6B43F400132B63BE
:1031A0002B6B03F400130093009B01942B6B43F4EF
:1031B00080032B632B6B03F48003224605210193CC
:1031C0000C20019B05F0CEFF0C2005F0FDFF2246F0
:1031D00005210E2005F0C6FF0E2005F0F5FF224662
:1031E0000521102005F0BEFF102005F0EDFF22465E
:1031F0000521112005F0B6FF112005F0E5FF22465C
:1032000005212F2005F0AEFF2F2005F0DDFF22461F
:103210000521382005F0A6FF382005F0D5FF22460D
:1032200005213A2005F09EFF3A2005F0CDFF224609
:1032300005213B2005F096FF3B2005F0C5FF10223D
:10324000214618A80BF04CF9104A114B13604FF4AB
:103250008033C2E9013482F820400E4BD462D4603E
:1032600010460224166116769362D46182F83060AB
:10327000566105F09BFD78B1FFF7BEFE00380240B5
:10328000000802400000024000040240180800202C
:10329000002001400100000F0523C8481A9318A917
:1032A000CDE9186605F0BAFE0028E5D1C34804262A
:1032B00018A9CDE9186405F0B1FE05460028DBD158
:1032C0000146102214A80BF00BF91C22294623A852
:1032D000CDE90A550BF004F92022294632A80BF05B
:1032E000FFF8B74CB74BA560C4E90035204640F65F
:1032F0006A03C4E90335C4E905550AAF08F02CFB9D
:103300000028B9D14FF4805314A92046149308F033
:10331000FDFC0028B0D1204608F04AFB0028ABD1C4
:10332000CDE90A003946204608F0F8FD024600289B
:10333000A2D17023CDE92330CDE92500CDE92700C6
:10334000299023A9204608F0BBFB002894D13246DF
:1033500023A9204608F0B4FB00288DD1082223A918
:10336000204608F0ADFB002886D100234FF4005220
:1033700032A92046CDE93233CDE934333693379242
:10338000399308F009FE054600287FF475AF204602
:1033900005F09EFA102229460CA80BF0A1F88A4CE1
:1033A0001022294610A8CDE908550BF099F84FF0E6
:1033B0008043C4E9003520464FF0FF33C4E90335AC
:1033C00008AEA560A56108F0C7FA00287FF454AFE5
:1033D0004FF480530CA920460C9308F097FC00286A
:1033E0007FF44AAF204608F00FFB00287FF444AF7B
:1033F000CDE908003146204608F090FD024600283D
:103400007FF43AAF0123CDE911301090139010A949
:10341000204608F0E5FB00287FF42EAF02230422AB
:1034200010A92046CDE9103308F0DAFB0346002846
:103430007FF422AF6548DFF8C8C1654A03624FF4E4
:103440008044C0E90233C0E90443C0E90633C0E95F
:1034500000C206F093F9034600287FF40DAF5D48E3
:103460005D4F03614FF46122C0E900720C22C0E994
:103470000233C0E90523C36108F078FE0346002843
:103480007FF4FAAE5548564E564A0362C0E90062D0
:10349000C0E90233C0E90443C0E9063306F06EF91F
:1034A00000287FF4E9AE5049504B0B604FF4827016
:1034B000002301220224C1E90103C1E90442CB60D7
:1034C0004FF4007518220B624B628B6208460A2388
:1034D000C1E90652CB6207F0D5FB054600287FF410
:1034E000CBAE0146CDE906001C221CA80AF0F8FF6D
:1034F000294620222AA80AF0F3FF3D4C3D49A56049
:103500005323C4E90013204640F2E733C4E90335EE
:10351000C4E9055506AE08F04BFA00287FF4ACAEBE
:10352000CDE906003146204608F0F8FC02460028A6
:103530007FF4A2AE6023CDE91C30CDE91E00CDE9B9
:10354000200022901CA9204608F0BAFA00287FF437
:1035500093AECDE92A00CDE92C002E904FF4005314
:1035600031902AA920462F9308F016FD0546002821
:103570007FF482AE204605F0ABF91F481F4A056173
:103580004FF46123C0E900230C23C0E90255C0E9D0
:103590000535C56108F0EAFD044600287FF46CAEED
:1035A000FEF700FAFEF75CF900283FF465AEFEF77F
:1035B000D5FE00283FF460AE24E000BF18080020CC
:1035C00050050020000001400805002010070020E1
:1035D000A086010038040020004800406407002055
:1035E00000540040801A06005806002000300140B8
:1035F000C0040020000401407C040020004400407E
:103600000058004000F01CF800F048F800283FF493
:1036100033AE08F0E7FF074A0748214609F015F8DE
:10362000064B1860FDF70CFE00283FF425AE08F0AD
:10363000EBFFFEE7503A0108D12B0008B40200204E
:1036400008B500F0B3F90448044904F06BFDBDE887
:1036500008400348FEF74DBA98080020743A010864
:103660006008002000F046B900F054B900F062B9DB
:1036700008B5044804F04EFDBDE808400248FEF7D6
:1036800038BA00BF980800206008002008B5FFF78E
:10369000EFFFBDE8084000F081B9000070B52DEDE6
:1036A000068B84B004F0E0FD00284AD0284C294D58
:1036B0002046B0EE000A04F047FD0123B6EE000AF2
:1036C0007B202B706B6200F035F9FFF7DFFF94ED84
:1036D00007AAD4ED089A94ED099AD4ED0A8A94EDDC
:1036E0000B8A2E786C6A01A800F086F9B5EE40AA24
:1036F000F1EE10FABDF80420DDED027A9DF80C30F1
:1037000023D1F5EE409AF1EE10FA1ED1B5EE409AB3
:10371000F1EE10FA19D1F5EE408AF1EE10FA14D15B
:10372000B5EE408AF1EE10FA0FD176B96CB962B9F4
:10373000F5EE407AF1EE10FA07D183F0010000F0C7
:10374000010004B0BDEC068B70BD0020F7E700BFA0
:1037500098080020600800201FB50446D8B10F4B20
:10376000DA6902601A6A42605A6A82609A6ADB6A9F
:1037700003610B4BC2601A785B6A8361027501A812
:1037800000F03AF9BDF80430A383029B23629DF850
:103790000C3084F8243004B010BD00BF980800201D
:1037A0006008002030B52DED028B054689B0B0EEE3
:1037B000408AC8B31D486B4603224FF40051FEF700
:1037C000A5F9044628BBDDE90201FEF711FADFED99
:1037D000187A9FED187A30EE480AB4EEE70AF1EE57
:1037E00010FA1BDCDFED147A9FED127AB4EEE70AD3
:1037F000F1EE10FA15D4114885ED000A04F0A4FC8E
:10380000FDEEC07AB7EE000A17EE903A98B200F0DB
:1038100091F8204609B0BDEC028B30BD30EE470A6E
:10382000DBE730EE070AE1E70124F2E76008002059
:10383000000034430000B443000034C39808002063
:1038400042F6AB23B0FBF3F202FB130080B27047E9
:10385000062070470C20704708B5044804F0FAFCB5
:10386000FDEEC07A17EE900A08BD00BF9808002050
:10387000004870472006010808B507EE900A9FED42
:10388000197AF8EEE77A2DED028B67EE877AB0EEC3
:10389000408A9FED150A87EE800A0BF09DFBF6EE3D
:1038A000007AE0EE277A67EE887AF5EEC07AF1EEDC
:1038B00010FA14D4B7EE000AF4EEC07AF1EE10FA62
:1038C000D8BFB0EE670ADFED097A20EE270ABDEC1B
:1038D000028BBCEEC00A10EE103A98B208BD9FED04
:1038E000040AF0E7DB0FC94000AC2A4600A00645F9
:1038F0000000000008B5012204484FF4006105F003
:103900002FFF034B01221A7208BD00BF00000240C6
:10391000C808002008B5002204484FF4006105F0F3
:103920001FFF034B00221A7208BD00BF00000240B7
:10393000C808002070B542F6AB250446B0FBF5F090
:1039400005FB10402DED028B80B2B0EE408AFFF7F0
:1039500093FF104B1E6804F63963B0EE480A70639B
:10396000B3FBF5F005FB1030FFF786FF04F5E353DA
:103970001233B063B0EE480AB3FBF5F005FB10302C
:10398000FFF77AFF044BF06383ED018ABDEC028BF5
:103990001C8070BD50050020C80800209FED020A61
:1039A0000020FFF7C7BF00BF0000000008B5FFF709
:1039B000B1FF012211460E4805F0D2FE0C4800224C
:1039C000022105F0CDFE00220948042105F0C8FEC1
:1039D0000021084808F0A0FA0421064808F09CFAE3
:1039E0000448082108F098FABDE80840FFF7D6BF60
:1039F0000008024050050020034618B1024A07CAD9
:103A000083E80700704700BFC80800200F4B70B55F
:103A1000D3F8101AD3F8144AD3F8185A0C4B0022D2
:103A200018461E688E4209D15E68A64206D19E687D
:103A3000AE4203D11C2303FB020070BD0132052AF4
:103A400003F11C03EDD10020F7E700BF0070FF1F5A
:103A5000503B010809289ABF024B53F82000024846
:103A6000704700BFD03A0108340601080346B0B3DE
:103A7000D0ED007AF5EE407AF1EE10FA2FD1D0EDCC
:103A8000017AF5EE407AF1EE10FA28D1D0ED027A03
:103A9000F5EE407AF1EE10FA21D1D0ED037AF5EE91
:103AA000407AF1EE10FA1AD1D0ED047AF5EE407AB0
:103AB000F1EE10FA13D1027D8AB9806978B99A8B38
:103AC00052B9D3ED087AF5EE407AF1EE10FA06D14C
:103AD00093F8240080F0010000F0010070470020FE
:103AE000FAE700000FB400B5ADF2747D0DF5EF6399
:103AF00040F26C7153F8042B009301A80AF0E2FC29
:103B0000021E0ADD40F26B739A4228BF1A4606482D
:103B1000C82392B201A908F057FB0DF2747D5DF83D
:103B200004EB04B0704700BF380400200FB400B5A8
:103B3000A3B024AB802153F8042B019302A80AF010
:103B4000C1FC021E08DD802A28BF7F2205486423AD
:103B500092B202A908F038FB23B05DF804EB04B080
:103B6000704700BF3804002073B50346002508469F
:103B7000012611460A220135AB4202FB06F6FAD1B4
:103B800007EE906AB5EEC00AF1EE10FAF8EEE76AB9
:103B90004CBFB1EE407AB0EE407AF6EE007AE6EE37
:103BA000877AB5EEC00AFDEEE77AF1EE10FA17EE6D
:103BB000904A94FBF6F306FB1344CDE9005407D575
:103BC00053EA040204D0034A0AF018FC02B070BDA4
:103BD000014AF9E73C0601083D0601082DE9F04FCE
:103BE0008FB09B469DF86030199C039202938246E9
:103BF00080B17CB147220021601C0AF071FC0322D5
:103C0000227006AB40F21D715046FDF77FFF06465D
:103C100028B16070032528460FB0BDE8F08F06AFCD
:103C20000FCF04F108050FC597E80F0085E80F00D6
:103C30000123A362DDE9087805F0B2F8B1460190EE
:103C4000012008F048FD06AB032240F21D715046EA
:103C5000FDF75CFF054630B1032360702370D9E7A0
:103C60001F469046ECE70DF1180EBEE80F0004F178
:103C7000080CACE80F009EE80F008CE80F00A36A68
:103C80000133A362DDE90832DF1B62EB0808B8F1FB
:103C9000000F02DA7F4268EB48080399B3EB010C8E
:103CA000029962EB0B00C4E90EC079B300286146AB
:103CB00002DA494260EB400040F28F3C614570F10E
:103CC000000034BF012100210A2F78F1000821D221
:103CD00009F10109E1B10136E06A4845206B38BFBE
:103CE000C4F82C90B04200D22663E06A84F84110F8
:103CF000072894BF00200120082E84F840000DD131
:103D0000012384F842300023237084E70121DBE79C
:103D10000E46E1E74FF000094E46E6E7CDE90432F2
:103D200005F03EF8019BC01A6328DDE9043297D9FB
:103D3000002384F8423094F840302BB194F841309D
:103D400013B90225257066E70125FBE72DE9F0414F
:103D50002DED0A8B9FED3E9A9FED3EBADFED3EBA08
:103D60009FED3ECA0D46F0EE40AA16461C46804620
:103D70000027B0EE498AB0EE49AAAF4212DB002D0F
:103D8000267033DCDFED327A84ED01AA84ED02AADD
:103D900084ED03AA0023BDEC0A8BC4ED047A2375DD
:103DA000BDE8F08107EE907AB8EEE77AF8EC018A88
:103DB00027EE0B7A78EEEA8AC7EE0B7A013767EEC8
:103DC000AB7AC7EE8C9A07EE906AF8EEE77A69EE66
:103DD000A79AB0EE690A0BF0C7F8A0EE288AB0EEF9
:103DE000690A0BF0F9F8A0EE289AC6E707EE905A98
:103DF000F8EEE77AB0EE007AC7EE278A28EE888AD6
:103E000068EE898A84ED018A28EEA80AC4ED028A48
:103E1000A8EE080A0BF086F8F0EE480AB0EE409AD9
:103E200084ED030AB0EE680A0BF07AF8DFED0B7A46
:103E30009FED097A20EE270AC0EE077A9FED087AF7
:103E4000B4EEC79AF1EE10FAACBF01230023A2E74B
:103E5000000000000000B443DB0F49400000344381
:103E6000CDCC4C3D036A10B50C681C1B1368234471
:103E700013604C68436A1C1B5368234453608C686E
:103E8000836A1C1B936823449360CC68C36A1C1B21
:103E9000D3682344D3600C69036B49691C1B136905
:103EA00023441361436B591A53690B44536110BD8A
:103EB00006EE902A07EE103AF8EEE66AB8EEC77AF8
:103EC000BAEE0E6AC6EE877A091AF1EE086AA7EE14
:103ED000A66AF2EE046AE7EE866A27EEA77A27EE74
:103EE000277A07EE901A27EE267A06EE900AF8EE69
:103EF000E77AB8EEE60AA7EE270A0BF0A7B82DE995
:103F0000F047002986B00E4690460F4602DA40423E
:103F100061EB41070546EA460024E9462846394652
:103F20000A220023FCF7F6FFAC4630320AF8012BD8
:103F3000BCF10A0F3A4672F100022346054604F12D
:103F400001040F4602D3172CE8D11623002E09DAFC
:103F5000172C07D004F118020DEB02042D2204F8EF
:103F6000182C9C1C09EB040208F1FF31012312F804
:103F7000010D01F8010F9C4203D00133182BF6D13B
:103F80001724002308F8043006B0BDE8F0872DE9B7
:103F9000F04F002487B0894616461470A0F1080738
:103FA00025464FF07C0AA3464C4502D107B0BDE838
:103FB000F08FF7E902016A46FFF7A1FF6846FCF7B8
:103FC00011F9002C0CBF2B466B1C0344B3F5806F1A
:103FD000ECD214B106F805A001356846FCF702F9E9
:103FE000804602467019454469460AF013FB0134C5
:103FF00006F805B0D8E700004F4B0022F0B583F873
:10400000B020C3F8A820002800F08F80D0E9086213
:10401000D0E90A54D0E90C10C3E9AF62D3F8EC72CE
:10402000D3F8D4223A44D3F818773A44D3F8307707
:104030003A44D3F848773A44D3F87C773A44D3F8F3
:1040400078783A44D3F890783A44B61AC3F8A8621C
:10405000D3F8DC22D3F8F4623244D3F82067324438
:10406000D3F838673244D3F850673244D3F88467C2
:104070003244D3F880683244D3F898683244C3E9B4
:10408000B154AD1AC3F8AC52D3F8E022D3F8F852C9
:104090002A44D3F824572A44D3F83C572A44D3F867
:1040A00054572A44D3F888572A44D3F884582A44CA
:1040B000D3F89C582A44A41AC3E9B310C3F8B042F9
:1040C000D3F8FC42D3F8E4222244D3F82847224410
:1040D000D3F840472244D3F858472244D3F88C47BA
:1040E0002244D3F888482244D3F8A0482244891AAD
:1040F000C3F8B412D3F8E822D3F800130A44D3F873
:104100002C170A44D3F844170A44D3F85C170A441E
:10411000D3F890170A44D3F88C180A44D3F8A4189B
:104120000A44801AC3F8B802F0BD014604460546A9
:104130000246064670E700BFD81000202DE9F04384
:10414000002900F0AB805B4BD3F89443002C00F0C7
:10415000A580012583F82953D3F83053D1F858C0EE
:10416000D3F84063D1F85CE0D1F86080D1F8649076
:10417000CF6E0135C3F83053D3F83C536544C3F8D0
:104180003C534D6D2E44C3F84063D3F844637644EA
:10419000C3F84463D3F848634644C3F84863D3F88C
:1041A0004C634E44C3F84C63D3F854633E44C3F8A5
:1041B00054630F6FD3F858633E44C3F858634F6F8E
:1041C000D3F85C63B74288BFC3F85C73D3F860630D
:1041D0008F6EB74288BFC3F8607304EB800707F5A2
:1041E00080578E6FC7F84067D1F88060C7F8106DB0
:1041F000BCF1FF0F04EB000642F2C85728BF4FF096
:10420000FF0C06F807C0FF2D42F23C7728BFFF25C0
:10421000F555BEF1FF0F42F6B00528BF4FF0FF0E77
:1042200006F805E0B8F1FF0F42F6242528BF4FF04D
:10423000FF0806F80580B9F1FF0F42F6983528BF50
:104240004FF0FF0906F8059042F60C5572554ABB2F
:104250000D783DB3D1E90C6704EBC004C4E90067F5
:1042600008B9C3E9DA67D3F834230132C3F8342339
:104270008B789BB1A0B1B0F5B47F0FD10E4B01226A
:104280001A70D1F884205A60D1F888209A60D1F849
:104290008C20DA60D1E90E01C3E90401BDE8F083A6
:1042A000064BECE7D3F8501383F82C230131C3F805
:1042B0005013F3E7D8100020881400207014002059
:1042C0000E4A30B50121151F814200DB30BDD2ED11
:1042D000007A4B1E144634ED017AF4EEC77AF1EE03
:1042E00010FA03D5013B84ED017AF4D205EB830388
:1042F000C3ED017A01310432E6E700BF0C0B002068
:10430000084B0022C0B293F8C810814206D0013297
:104310000C2A03F11803F6D10020704703F1C800FE
:10432000704700BFD81000202DE9F04788462DEDDA
:104330000A8B0446F0EE409A002852D0DFF8C09075
:10434000DFED2B8ADFED2BAA9FED2BBADFED2BBA29
:104350000027561807EE907AB8EEE77AC24627EEA5
:104360002A7AB0EE699AC7EE2A7A67EE8B7A87EEE0
:10437000ABCA1AF8010BFFF7C3FF0546D0B10378AB
:1043800008EE103AB8EE488A28EE0C8AB0EE480AD9
:104390000AF0EAFDB0EE40AAB0EE480A0AF01CFEB0
:1043A000D5ED027A95ED017A60EE277AE7EE0A7A8A
:1043B00039EE279A5645DCD1F9EC017A013777EED0
:1043C000C97ABC42E7EEA78AC4D107EE904AB8EE9C
:1043D000E70A88EE800ABDEC0A8BBDE8F0470AF0D8
:1043E000A1BDBDEC0A8B9FED020ABDE8F08700BFBE
:1043F000000000000000B443DB0F494000003443DC
:10440000602000202DE9F04715462DED0C8B0E465F
:10441000142200211F460446F0EE40BAF0EE60AAD6
:104420000AF05EF807EB0508A94619F801AB5046FB
:10443000FFF766FF30B94E4B2361BDEC0C8B204675
:10444000BDE8F087B6EB4A0F01D84A4BF4E7C14507
:10445000EBD13A462946B0EE6B0A3046FFF764FFCF
:104460009FED45BA9FED458ADFED45CA9FED45DAE0
:10447000F0EE409A002707EE907AB8EEE7AAA94638
:104480002AEE2CAAF0EE6B8A2AEE0DAA19F8010B7F
:10449000FFF736FF0646D0B1037809EE103AB8EEC2
:1044A000499A29EE0A9AB0EE490A0AF05DFDB0EE8B
:1044B00040CAB0EE490A0AF08FFDD6ED027A96EDB9
:1044C000017A60EE277AE7EE0C7A78EEA78AC84583
:1044D000DCD1F4EEC88AF1EE10FAB4EEE8BAC8BF47
:1044E000B0EE688A0137F1EE10FAC8BFB0EE68BAD4
:1044F000B7F5805FBFD1DFED247AF4EEE7AAF1EEE5
:1045000010FA38EE4B8A2FDD89EEAA7AF7EE007AA0
:10451000E7EE477A9FED1D7AF0EEE76AF4EE476A20
:10452000F1EE10FA06D89FED1A7AF4EEC77AF1EEA2
:1045300010FA05D5174BC4ED009A84ED018A7BE78C
:104540009FED157AB4EEE77AF1EE10FAC8BFF0EEFF
:10455000477A012323730123C4ED009A84ED018A75
:10456000C4ED027A637368E7DFED0B7A0023F1E7AD
:10457000470601085A060108286B6E4E286B6ECE5E
:10458000DB0FC94000008039BD378635FFFF7F7FD4
:104590006F1283BA6E06010800000000B5EEC00A73
:1045A000F1EE10FADFED126A4CBFB1EE407AB0EED8
:1045B000407AF6EE007AE7EE267A07B5FDEEE77A66
:1045C000642117EE902AB5EEC00A92FBF1F3F1EEEA
:1045D00010FA01FB1322009208D553EA020105D01C
:1045E000044A102109F00AFF03B000BD024AF8E7AF
:1045F0000000C84281060108820601082DE9F04F3B
:1046000091B01F469DF86C3007930B684B4C02939A
:104610009342CCBF4FF0FF330123059306900491E2
:10462000934608F00BF8D4F87C32DDF868904FF030
:10463000000801330546C4F87C32CDF80480012619
:10464000CDF80C800298282332465946FFF730FCFB
:10465000DDF80CA0049BB7EE000A186080B2FFF7EB
:1046600005F808AB0698032240F21D71FDF74EFADB
:10467000D4F880320133C4F8803298B107B13E607B
:1046800011B0BDE8F08F401B002847DDD4F884321C
:104690000133C4F88432D4F88832984288BFC4F811
:1046A00088023BE0BAF1000F1FD00A9B01990B9AD8
:1046B000B3EB080362EB01020599012911D113F153
:1046C000090F72F1FF3210DA5B42D4F88C2201320A
:1046D000C4F88C22D4F890229A4238BFC4F89032A1
:1046E00003E00A2B72F10002EFDADDE90A8301939D
:1046F0001A9B3BB1079BB34222BF019BC9F80080C4
:10470000C9F804300136292E12D007F097FF013581
:104710002B1A002BB7DD284607F0E9FF4FF0010AFE
:10472000282E09F10809CDF80CA08BD1584691E745
:10473000002FA5D028233B60A2E700BFD81000209F
:104740002DE9F04FB1B02190FFF760F90546F8B1BF
:10475000D0F80CA00125FFF759F9044600B1103438
:1047600023A8FCF795FFB0B99DF88C30BBB121466A
:1047700023A8FDF735F84FF0010B06463046FDF74C
:1047800063F88046032E0CD8DFE806F07D7A747754
:10479000DFF844A1DFE74FF0000B0126EEE79B4670
:1047A000FBE74FF4FF77002D72D044495046FBF7EA
:1047B0000FFDB0FA80F676094FF00009404BD3F8B0
:1047C000102A1D92002CD3F8142AD3F8183A1F93FC
:1047D00014BF012300231E9220935CD023881B93D7
:1047E000A378E178207994F805C01C93A379A46894
:1047F000BDF8B6E0CDF860E09DF894E0CDF85CE05F
:104800009DF893E0CDF858E0CDE90FC39DF892E014
:104810001C9BCDF854E00C939DF891E01B9BCDF8C8
:1048200050E09DF890E0CDF84CE0CDE90A63BDF88A
:104830008EE0209B2E9A1992CDE90D10CDE90793B9
:10484000CDE9114ECDE905B9CDF82480CDE903A518
:104850001F9B02931E9B01931D9B0093194A1A4BA9
:1048600021991A48FFF73EF9E7B94E46304631B074
:10487000BDE8F08F40F2FD1795E74FF4FE7792E721
:1048800040F2FB178FE700274FF001093E4695E7FE
:10489000A9462E4692E7CDE91B442346A44620466E
:1048A0002146A5E7424639461EB10948FFF73EF9C1
:1048B000DCE70848FFF73AF9D7E700BF9806010898
:1048C0000070FF1FB20601089D060108BF0601081F
:1048D0002B090108C20901088C0601082DE9F04FD7
:1048E0002DED028BC04CC14A217BC14BADF5805DE3
:1048F00083B0002908BF1A464A92FFF787F80028BC
:1049000001F0B381C36849934FF0010B94ED2E0A77
:1049100064A8FFF743FE94ED040A1422E4A90520DD
:10492000FFF722F994ED050A1422E9A90520FFF703
:104930001BF994ED060A18220DF5A4610320FFF778
:1049400013F994ED070A1422F8A90520FFF70CF9D2
:1049500094ED080A1422FDA90520FFF705F994ED4E
:104960000E0A1422EEA90520FFF7FEF894ED0F0AB7
:104970001422F3A90520FFF7F7F894ED100A182286
:104980000DF5A7610320FFF7EFF894ED110A14224B
:104990000DF581610520FFF7E7F894ED120A142266
:1049A0000DF21C410520FFF7DFF894ED0C0A1422EC
:1049B0000DF586610320FFF7D7F894ED160A14224F
:1049C0000DF244410320FFF7CFF894ED1B0A1422A7
:1049D0000DF58B610520FFF7C7F814220DF26C412D
:1049E00094ED1C0A0520FFF7BFF8824B94F8EC16F3
:1049F000814A002918BF1A4694F88F304E92002B36
:104A000001F038817D4968A809F0FCFD7B496CA85C
:104A100009F0F8FD794962A809F0F4FD94F8A43092
:104A2000002B01F03E81D4F8A030754A102170A807
:104A300009F0E4FC94F88C30002B41F0388194F8B4
:104A40008E30704D002B01F036816A4E6E4B94F81B
:104A5000A402D3F8102A4C92D3F8142AD3F8183AA7
:104A60004F93B4F830325093B4F832325193B4F8D3
:104A70003432529363685393A368549394F8283361
:104A8000559394F8C8334D925693D4E92A235793FB
:104A900094F8B030589394F878325993FEF7DAFFCF
:104AA000D4F8A8325B93D4F8AC325C93D4F8B0322B
:104AB0005D93D4F8B4325E93D4F8B8325F93D4F8EF
:104AC00004336093002AD4F80833B4F8B2705A90D3
:104AD000619341F3F380D4F80C13D4F81003A1EBE5
:104AE000020EDEF1000343EB0E034B93D4F81433B4
:104AF000464CA0EB0208D8F10000A3EB020940EB02
:104B00000800B4F858C5D9F1000343EB0903364C4B
:104B100094F80D8094F80E9094F86040032C96BFA2
:104B2000DFF808E1DFF8F8E05EF824E070AC4694C6
:104B300062AC45946CAC449468AC43942A4CD4F871
:104B40009C10429194F88FA0CDF804A1DFF8E0A06A
:104B5000CDE93F6A94F88D60CDE93D562C4D3C95EA
:104B6000D4F888503B95D4F884503A95D4F88050C6
:104B70003995E56F3895A56E3795656ECDE935E5C4
:104B8000CDE93389CDE92D034B9B2C93619B2B936E
:104B900040F28E300923CDE929301E4B2893609BCB
:104BA00027931D4B26935F9B25935E9B24935D9BD0
:104BB00023935C9B22935B9B184D21935A9B2093DC
:104BC000599B1F93CDE931C5589B1E9364ADCDE928
:104BD0002F75579B124D1348CDE91C23074A199294
:104BE000114A18924E9A25E0D8100020F7090108C2
:104BF000F8090108B0060108B0390108080A0108DF
:104C00001D0A01080B0A01080070FF1FD8200020B0
:104C100084100108B5100108CD1001089B1001088F
:104C200034060108240A010887030108C03A010874
:104C3000731001081792B74A1692B74A1592569AFE
:104C40001492B64A1392559A1292B54A1192B54AE5
:104C50001092B54A0F924A9A0E92549A0D92539A14
:104C60000C92529A0B9206220A92519A0992509AE9
:104C700000234FF4B476CDE91A36CDE90732AB4BB9
:104C80000693499B03934F9B02934D9B01934C9B2F
:104C9000A74A0093CDE904B5A64B0521FEF722FFF4
:104CA000B727B623CDE90237A34B01960093D4E989
:104CB00001230521A148FEF715FFD4E90167FEF79E
:104CC000D7FDD4F890320F93D4F88C320E93D4F8E9
:104CD00088320D93D4F884320C93D4F880320B933D
:104CE000D4F87C320A93D4F89C320993D4F89832E1
:104CF0000893D4F8943207934FF0280C0123CDE9A0
:104D0000053C8F4B03934A9B0490CDE90153499B8B
:104D10008C48009332463B460521FEF7E3FED4E97A
:104D2000012394F860B04B93BBF1030F236D98BF40
:104D3000854D4C93A36F94F834C0A17B94F8240064
:104D4000A66A94F84CE094F80D80A78D94F85CA0C6
:104D5000B4F8549098BF55F82B5020930DF26C4B3B
:104D6000636FCDF878B00DF58B6BCDF874B01F93F1
:104D7000A36E1C93636ECDF864A0CDE91A534C9BCF
:104D8000DFF8E8A10DF24445CDE917950DF21C4579
:104D9000CDE915E3CDE90B061495FDA80DF5816568
:104DA00013950A900DF5A765F8A812950990F3AD33
:104DB0000DF5A46011950890EEADE9A8CDE90FC5F9
:104DC0004A9B07900DF58665E4A8CDE90510CDE96D
:104DD0000D755E495E4D0293499B5E4803910195B6
:104DE000009305214B9BCDF81080FEF77BFE44F627
:104DF000206340F21D72CDE9093202216023CDE922
:104E0000073140230693544B0593544B0493544B62
:104E10000393424B5348CDE90153499B0093D4E996
:104E200001230521FEF75EFEAAF2CE534D934E4BB1
:104E30004B93AAF2CE56B4234FF0000B4C935D4631
:104E4000A6F68874D4F8A8309D42C0F275870DF597
:104E5000AA62D4E9C801FFF752F8D4E9C801FCF707
:104E6000C7FE0DF5906105201422FEF77DFE6368F4
:104E70004B93A3684C93D4F804334F93D4F8BC32CB
:104E80005093D4F8C0325193D4F8C4325293D4F82A
:104E9000C8325393D4F8CC325493D4F8D0325593CB
:104EA000D4F8D4325693D4F8D8325793D4F8DC32AD
:104EB0005893D4F8E0325993D4F8E4325A93D4F8A2
:104EC000E8325B93D4F8EC325C93D4F8F0325D9323
:104ED000D4F8A830002BD4E9BD67D4E9BFCED4E91B
:104EE000C281D4E9C405D4E9C69A41F37180A1EB2B
:104EF000030BDBF1000444EB0B04A0EB030BDBF131
:104F0000000242EB0B02A5EB030BDBF1000343EBCA
:104F10000B032DE0DE1001080A1101081A11010827
:104F20002B110108371101085511010871110108F1
:104F3000B20601089D060108201201087711010838
:104F4000DF1301083D120108C03A01089B10010857
:104F500034060108F913010848180108521801081D
:104F600068180108081701089F3700202E26002026
:104F70000DF5906BCDF888B00DF5AA6BCDE9203B0F
:104F80005D9B13935C9B12935B9B11935A9B1093B5
:104F9000599B0F93589B0E93579B0D93569B0C93C5
:104FA000559BCDE91E42CDE91A05CDE91881CDE921
:104FB0001467CDE91C9ACDE916CE0B93549B0A9346
:104FC000539B0993529B0893519B0793509B0693C5
:104FD0004F9B0593C74B0493C74B03934A9B029384
:104FE000C64B0193499B0093C548C64EDDE94B2350
:104FF0000521FEF777FD00250DF5D1692F463446D2
:105000000DF5E96896ED350A102249460420FEF7B1
:10501000ABFD96ED360A102208EB07110420FEF7CF
:10502000A3FD96F8DC3013B10123BB401D430137CB
:105030000C2F06F1180609F11009E3D194ED7D0A51
:10504000102274A90420FEF78FFD94ED7E0A102231
:1050500078A90420FEF788FD94ED830A10227CA92C
:105060000420FEF781FD94ED840A102280A904201B
:10507000FEF77AFD94ED890A102284A90420FEF738
:1050800073FD94ED8A0A102288A90420FEF76CFDB6
:1050900094F8143294F8FC2194ED300A5B0343EA4F
:1050A00002332B4310228CA904204B93FEF75CFDA6
:1050B00094ED310A102290A90420FEF755FD94EDDD
:1050C000900A102294A90420FEF74EFD94ED910A57
:1050D000102298A90420FEF747FD94ED920A1022B1
:1050E0009CA90420FEF740FD94ED930A1022A0A98C
:1050F0000420FEF739FD94ED940A1022A4A904209F
:10510000FEF732FD94ED960A1022A8A90420FEF7BE
:105110002BFD94ED970A1022ACA90420FEF724FD84
:105120000DF5347894ED980A1022B0A90420FEF70A
:105130001BFD0DF53879414694ED9A0A10220420A2
:10514000FEF712FD0DF53C7A494694ED9B0A1022BC
:105150000420FEF709FD0DF5407B94ED9C0A10221A
:1051600051460420FEF700FDC4AD94ED9D0A1022C7
:1051700059460420FEF7F8FCC8AE294694ED8E0A85
:1051800010220420FEF7F0FC314694ED8F0A102225
:105190000420FEF7E9FC5C4BCCAF93ED000A3946E6
:1051A00010220420FEF7E0FC574B93ED000AF6EEC8
:1051B000007A20EE270AD0A910220420FEF7D4FCA2
:1051C000D4F8A032CDF8F4A0CDE93EB394F878320B
:1051D000CDF8E880CDE93B93D0A9B0ABCDE93871EB
:1051E0003793ACAB3693A8AB359394F864323493D1
:1051F000A4AB3393A0AB32939CAB319398AB309379
:1052000094AB2F9394F854322C95CDE92D6394F8F8
:1052100037322B934B9B2A9394F83632299388ABE1
:10522000289384AB2793B4F834322693062325932E
:10523000B4F832322493B4F83032239380AB229303
:105240007CAB219378AB209374AB1F930DF5FF6378
:105250001E930DF5FD631D930DF5FB631C930DF57A
:10526000F9631B930DF5F7631A930DF5F563199325
:105270000DF5F36318930DF5F16317930DF5EF63D7
:1052800016930DF5ED6315930DF5EB6314930DF582
:10529000E96313930DF5E76312930DF5E56311933D
:1052A0000DF5E36310930DF5E1630F930DF5DF63E7
:1052B0000E930DF5DD630D930DF5DB630C930DF58A
:1052C000D9630B930DF5D7630A930DF5D563099355
:1052D0000DF5D36308930DF5D163079390AB069357
:1052E0008CAB0593D4F8AC300493D4F8A830039376
:1052F0000CE000BFCD100108B5100108340601080C
:10530000261A0108D81000204C2000204A9B029346
:10531000C24B0193499B0093D4E90123C048052166
:105320000DF29445FEF7DEFB0DF5956694EDDE0A71
:10533000142229460520FEF717FC0DF2BC4794ED18
:10534000DF0A142231460520FEF70EFC0DF59A689F
:1053500094EDE00A142239460520FEF705FC0DF213
:10536000E44994EDE10A142241460520FEF7FCFBD6
:1053700094EDE20A142249460520FEF7F5FB94ED70
:10538000E30A14220DF59F610520FEF7EDFB94ED75
:10539000E40A14220DF20C510520FEF7E5FBD4F8C7
:1053A0003433002B40F31986D4E9DA010DF5AD62F0
:1053B000FEF7A5FD0DF5B36200200021FEF79FFD6D
:1053C000984C94F82A33002B00F01386D4E9DC01C2
:1053D0000DF5B062FEF793FD4E9B1E93924B1D930D
:1053E000D4F864331C93D4F860331B93D4F85C3343
:1053F0001A93D4F858331993D4F854331893D4F833
:1054000050331793D4F84C331693D4F8483315938C
:10541000D4F844331493D4F840331393D4F83C3382
:105420001293D4F834331193D4F8303310930DF22F
:105430000C530F930DF59F630E9394F82B337B4819
:10544000CDE90C930DF5B0630B930DF5B3630A939F
:105450000DF5AD63CDE90883CDE906670595D4F870
:105460003833049394F82A330393714B02936B4BB4
:105470000193499B0093D4E901230521FEF732FBF8
:10548000D4F89433002B40F0D1856A4C6A4D04F572
:105490004078A4F576792378002B00F0A18063781A
:1054A000002B00F02B86D4E918010DF5CB62FEF736
:1054B00026FDD4E906010DF5CE62FEF720FDD4E904
:1054C00008010DF60802FEF71AFD0DF60842D4E9B0
:1054D0000A01FEF714FDD4E90601FBF76FF8574BFC
:1054E0000022FBF799F8564B0022FBF795F8FBF7E3
:1054F00063FB142200EE100A0DF5C2610520FEF7D1
:1055000033FBD4E90801FCF773FB14220DF5C561E8
:105510000520FEF729FBD4E90A01FCF769FB1422F8
:105520000DF5C8610520FEF71FFBD9E901234B9358
:105530002B68549323694C9363684E93A3684F93ED
:10554000E3685093D4E923735193D4F89430A0784E
:105550005293D4F898305393FEF77CFA6378D4E9E9
:1055600027ABD4E92161CDE91903539BCDF858A0AD
:10557000CDE917B3529B1593519B3248CDE9137374
:105580000DF5C86310930DF60843CDE911160F937E
:105590000DF5C5630E930DF608030D930DF5C2636B
:1055A0000C930DF5CE630B930DF5CB630A93509BD3
:1055B00009934F9B08934E9B07934C9B06934FF484
:1055C000B4730593549B04931F4B03934A9B02931C
:1055D000124B0193499B009305214B9BFEF782FAE6
:1055E000C034A04505F104057FF455AF0D4C94F887
:1055F000C85394F8CA63D4F8D47394F8CC03002D3C
:1056000000F0A185002E00F0A185042F40F09E85BA
:105610000E490F4B002818BF19461BE0340601083D
:10562000751D0108D8100020DE100108882201082D
:105630001A110108B0140020F83A010800807640E1
:105640000000F03D152601080A110108553901082E
:1056500053390108FEF7FEF9D4E90128D4F8D093B4
:10566000CDE90B0194F8CB33CDF82090CDE9097347
:105670000423CDE9066394F8C933D748CDE9045330
:10568000D64B03934A9BD64D0293D64B0193499B2D
:1056900000932E4643460521FEF724FAF6E804015E
:1056A0000DF5B662FEF72BFC56E902010DF5B96265
:1056B000FEF725FCD6E900010DF5BC62FEF71FFCE4
:1056C000D5E908010DF5BF62FEF719FCD5E90A011D
:1056D0000DF5C262FEF713FCD5E90C010DF5C562AC
:1056E000FEF70DFCD5E910010DF5C862FEF707FCC9
:1056F000D5E912010DF5CB62FEF701FCD5E93E01BB
:105700000DF5CE62FEF7FBFBD5E940010DF6080270
:10571000FEF7F5FBD5E942010DF60842FEF7EFFB77
:10572000D4F81827D4F89437D4F82017D4F82407DD
:10573000D4F82857D4F888681344D4F87828134448
:10574000D4F890281344D4F848271344D4F8602799
:105750001344D4F89C270A44D4F880180A44D4F897
:1057600098180A44D4F850170A44D4F8681702EB82
:105770000108D4F8A0170144D4F884080144D4F8EF
:105780009C080144D4F854070144D4F86C07014440
:10579000D4F8A40705443544D4F8A068D4F8A80781
:1057A0003544D4F858673544D4F870673544D4F894
:1057B0002C678719D4F88C6894F8D8063744D4F845
:1057C000A4683744D4F85C6700F1FF3E3744D4F84E
:1057D0007467DEF1000B37444BEB0E0BD4E9012666
:1057E0000728D4F800484C9496BF7F4CDFF8F4C1EA
:1057F00054F820C07D4C4B96D4F8C8074E90D4F88E
:10580000E8074F9094F8D906002800F0A28494F895
:10581000DC06032800F2A084754E56F8200094F8A8
:10582000DB66002E00F09B8494F8DE46032C00F229
:1058300099846F4E56F824606C4C94F878E7BEF16A
:10584000000F00F0928494F879E7BEF1030F00F2A4
:105850009084DFF89C9159F82EE094F87498B9F18F
:10586000000F00F08A8494F87548032C00F28984B4
:10587000DFF87C9159F824905C4C94F8ECA6CDF8B4
:105880007CA094F8EBA6CDE91B15CDE91D7ACDE9F6
:105890001938D4F8C03818930DF5CE63CDE91493B8
:1058A0000DF5CB6310930DF5C8630F934F9B0E93CB
:1058B0000DF5BF630B934E9B0A930DF5BC630993E3
:1058C0000DF5B9630DF608070DF6084508930DF5BB
:1058D000C5680DF5B6630DF5C269CDE9126ECDE967
:1058E00006C316971190CDF814B01795CDF83480F3
:1058F000CDF830904C9B04933E4B03934A9B394E1A
:105900000293499B3C48009305214B9B0196FEF76F
:10591000E9F83A4694F8C41804F6C800FEF737FBD5
:1059200094F8081A2A4604F52160FEF730FB039725
:1059300094F8C4383148CDE90163499B0093D4E918
:1059400001230521FEF7CEF8039594F8083A2C4878
:10595000CDE90163499B0093D4E901230521FEF7BA
:10596000C1F804F6993B04F53A6A00271BF8011FB9
:10597000013789B12A465046FEF709FB04959BF88A
:1059800000300196CDE90273499B0093D4E90123CD
:105990001C480521FEF7A6F8032F0AF5A07AE5D1E9
:1059A000D4E9012394F82C034B93D4E9CCB7FEF748
:1059B00051F8154994F82AE3144B94F829A3BEF141
:1059C000000F18BF1946499B0093CDE90501CDE9A9
:1059D00003B7CDE9016A1BE0362801080A11010866
:1059E0008818002034060108903A0108D8100020D9
:1059F000B03A0108DE10010840290108962C010880
:105A0000172D0108982D010853390108553901084F
:105A10004B9BAD480521FEF765F8277B002F40F032
:105A2000E68094F8B030002B00F0DC8394F88D30E1
:105A3000002B00F0DC80D4AEB4F8B410A348D4F846
:105A400000A09FEDA38AFEF771F894ED2E0A304670
:105A5000FEF7A4FD31469F48FEF768F800963346EE
:105A6000D4F8BC20B4F8B2109B48FEF75FF80AF1F6
:105A70000106D4F8A8309F42C0F28783974F009365
:105A8000D4F8603F964832466421FEF74FF8B7ECF1
:105A9000010A0DF55C7AD8A8FEF780FD97ED000AA3
:105AA0005046FEF77BFDCDF804A0B4F86E3F00939E
:105AB000B4F86C2F8B48D8AB3146FEF737F801208D
:105AC000FEF71EFC82460620FEF71AFC0746BAF1D6
:105AD000000F00F07B839AED030AE0A8FEF75EFD5D
:105AE000BAF1000F00F075839AED040A0DF5B66067
:105AF000FEF754FD7C480DF5B663E0AA3146FEF78B
:105B000015F8002F00F0688397ED030A0DF5B960D2
:105B1000FEF744FD002F00F0628397ED040A734FF7
:105B20000DF5BC60FEF73AFD0DF5BC630DF5B962ED
:105B300031466F48FDF7FAFF94ED8E0A0DF5BF6010
:105B4000FEF72CFD0DF5BF6394F837226948314606
:105B5000FDF7ECFF97ED000A4846FEF71FFD4A46A9
:105B600031466548FDF7E2FF97ED020A4046FEF731
:105B700015FD0DF5CB6997ED030A0DF5C860FEF72D
:105B80000DFD97ED040A4846FEF708FD0DF5C863C4
:105B9000424631465948CDF80090FDF7C7FF97EDD2
:105BA000010A0DF5CE60FEF7F9FC0DF5CE62314627
:105BB0005348FDF7BBFF17ED010A0DF60800FEF78D
:105BC000EDFC50480DF608023146FDF7AFFF0DF62B
:105BD000080231464C48FDF7A9FF28469FED4B0AC5
:105BE000FEF7DCFC4A482A463146FDF79FFFD4E920
:105BF0002A59002DD4E9012894F878A240F30683AD
:105C0000D4F80C63D4F81013D4F81473731B5E42E9
:105C1000A1EB0500A7EB050C5E4141424141DCF1DF
:105C2000000747EB0C0794F8A402FDF713FF94F864
:105C3000B0C0384B384CBCF1000F18BF1C464A9B13
:105C40000093CDE90704CDE90517CDE903A6CDE919
:105C50000159324843460521FDF744FF0DF5805DAB
:105C600003B0BDEC028BBDE8F08F2D4B499383460A
:105C7000FEF74CBED4F890302A4A102168A808F0EC
:105C8000BDFBD4F89430274A10216CA808F0B6FB6D
:105C900094F89830244A082162A808F0AFFBFEF778
:105CA000BDBE224970A808F0ADFCFEF7C3BE204D72
:105CB0001E4EFEF7CBBE1F4EFEF7C8BE0023BC46ED
:105CC00018464B93FEF723BF202E0108C32E010870
:105CD0000000B443D62E0108F62E01083C20002017
:105CE000592F0108882F0108CA2F01084C200020D5
:105CF0001A30010882300108B7300108FC30010871
:105D000030310108543101084A3101080000000017
:105D1000743101085539010853390108DF31010890
:105D20008C0601081D0A0108210A0108080A010859
:105D3000FB090108B03901083AF8020F0DF5CE67EA
:105D4000FBF746FB0DF5D168142239460520FDF717
:105D50000BFFB6EC010A142241460520FDF704FFB3
:105D6000CDE90678BAF800300593B4F8B220D6F839
:105D7000B438A34813449BB2CDE903534A9B029322
:105D8000A04B0193499B0093D4E901230521FDF722
:105D9000CDFE4B9B9C4801334B9393F87431059394
:105DA0004B9B1B780493BAF8883E0393D6F8843E45
:105DB000CDE901534A9B0093D4E901230521FDF766
:105DC000B5FED4F89433002B52D0D4F80823954272
:105DD0004EDA591942F6F4728F5C05F5BA7203EB8C
:105DE000C203D3E900890DF6084240464946FEF752
:105DF00086F840464946FBF7FBFE14220DF60801E3
:105E00000520FDF7B1FED4F894C343F268100CEB03
:105E10000501D4E9012311F800E001F53A510978B0
:105E2000032996BF7948774850F8210005F58B5132
:105E300010313CF811100B910DF608010A910DF686
:105E400008410991C7F380010891C7F34001079108
:105E50004A9902916B49019107F001074999009114
:105E6000CDE90507CDE9035E69480521FDF73AFE56
:105E7000D4F89473002F63D0D4F834339D425FDAA2
:105E8000002200230DF5CB61C1E90023237B4FF4F1
:105E9000B472002B40F095804C9800235946FBF7D4
:105EA00039F8EB004F93C317CDE900030DF5CB682C
:105EB000CDF8088007EBC501D7E90023D1E900013F
:105EC000FBF77AFF00283BD0524FD7F89433EA0013
:105ED00013440DF60809D3E900014A46FEF70FF80E
:105EE0000DF60842D8E90001FEF709F8D8E90001EB
:105EF000FAF764FB484B0022FAF78EFB474B00226F
:105F0000FAF78AFBFAF758FE142200EE100A0DF594
:105F1000E9610520FDF728FE0DF5E96306930DF60E
:105F20000843CDE904934A9B0293364B0193499B66
:105F300003950093D7E9012339480521FDF7F6FDC4
:105F4000D4F89413002932D0D4F830339D422EDA9D
:105F500001EB850303F580532944D3F84087D3F838
:105F6000109D42F60C53D4E90127C85CFDF772FD81
:105F700042F698330990CB5C089342F624232948D3
:105F8000CB5C079342F6B003CB5C069342F23C73C2
:105F9000CB5C059342F2C853CB5CCDE903934A9B9B
:105FA0000093CDE901583B460521FDF7BFFD4C9B11
:105FB00013F5803305F101054C934BF1000BFEF70F
:105FC00041BF4C9800235946FAF7A4FF404268E7C6
:105FD000002214461346FEF7CBBF13490DF5AD6002
:105FE00008F010FB10490DF5B36008F00BFBFFF74C
:105FF000E7B90D490DF5B06008F004FBFFF7ECB907
:106000007E18010834060108A8180108B03A0108F2
:10601000D0180108D8100020008076400000F03D24
:10602000C0190108EE190108080A01084FF4B473F9
:106030000026CDF85C36774FCDF858660DF5CB636A
:106040004B934B9BD7F8342353F8045B4B93954207
:1060500044DA714A02F11804002D08BF1446D7F83B
:10606000942302EBC50152F835A0D1F804B00DF528
:10607000CE6250465946FDF742FF22780DF6084998
:106080000DF60808002A30D0D4E904014246FDF795
:1060900036FFD4E90401B0EB0A004A4661EB0B017C
:1060A000FDF72DFFCDE90A890DF5CE63092209938D
:1060B0000892E2680792A2680692626805922278C6
:1060C0004A9B0293CDE90352544B0193499B0093A1
:1060D000D7E9012352480521FDF704FD731C022B6B
:1060E0004FF00106ADD1FFF7D0B94E49404608F058
:1060F00089FA4C49484608F085FAD3E749490DF535
:10610000CB6008F07FFA47490DF5CE6008F07AFAC7
:1061100044490DF6080008F075FA42490DF60840AA
:1061200008F070FA3F490DF5C26008F06BFA3D497E
:106130000DF5C56008F066FA3A490DF5C86008F03B
:1061400061FAFFF7F2B93849FFF784BA3749FFF728
:1061500081BA3448FFF763BB3048FFF760BB314E6C
:10616000FFF76ABB2D4EFFF767BBDFF8B8E0FFF71C
:1061700074BBDFF8A8E0FFF770BBDFF8A890FFF76B
:106180007BBBDFF89890FFF777BBBAF1000F18DB05
:1061900007EE907AB8EEE70A0DF6080020EE080A3E
:1061A00080EE080AFEF7FAF94D9B284693ED000AA7
:1061B000FEF7F4F91E482B460DF608023146FDF7AE
:1061C000B5FC4D9B043301374D9352E49FED190A02
:1061D00083E49FED180A89E49FED160A96E49FED8B
:1061E000150A9CE4D4F8603FD4F8A86094F8A4029F
:1061F00094F87822F51AFDF72DFC21680346CDE9C5
:1062000000560D480131FDF791FCF0E400210E46E7
:106210000F4608E5D810002070140020340601084D
:1062200014250108080A0108140A01085339010855
:10623000342F0108000000009E310108000000001A
:106240002DE9F04F2DED0C8BADF2D44DCDE92501AC
:10625000139336482C9200232293FDF767FC344BAE
:10626000139A3448344C002A08BF1846FEF768FADF
:1062700050B90A23237000230B930B980DF2D44DD1
:10628000BDEC0C8BBDE8F08F2C4B1A6801321692D6
:106290001A60FDF7E9F970A8FDF75EFAFDF7F6F967
:1062A0007AA8FDF759FA7AA8FDF7E0FB0B9028B918
:1062B0000A2323482370FDF739FCDCE7FDF7D2F908
:1062C00002F06EFD1F4B1C901B7817935BB31E4BA7
:1062D0001B68C31A1C22002152A8209308F000F961
:1062E00002F05EFD0546FDF7B7FADFED188A124BA6
:1062F0002890DAAF02263846B0EE680AC7ED008A69
:106300001E70FDF74FFA044620B302F049FD002449
:10631000FDF7A2FA03230A93A1464D469FED0B8A8F
:10632000DDF8289025E1179BD4E700BFDA32010899
:10633000CA320108B3320108943A0020040900204F
:10634000EC320108D4080020D8080020000000002A
:10635000CDCC4C3DD7ED009A19962F46ECAEC6ED4C
:10636000008A3046B0EE680AFDF71CFA0A90002851
:10637000CBD196ED009A1FED0A7AF0EEC97AF4EED1
:10638000C77AF1EE10FA40F13C81013440F2F51386
:106390009C4240F04E8102F003FD431B2993FDF720
:1063A0005BFABE4B2A9003221A7002F0F9FCBC4B38
:1063B0000A9A1A60BB4B81460DF588601A60FDF79A
:1063C000CBF9BDF85C4442F6AB26B4FBF6F306FB12
:1063D0001344A4B241F255539C4240F25881351BFC
:1063E000B723B635B5FBF3F528235D4306F026F950
:1063F000DFF8B0A2DFF8A8B207464FF00108454524
:1064000080F06681B7EE000A0020FDF72FF9C82062
:1064100006F061F902F0C4FCA34CA44BA0EB090503
:1064200042F6B012002120461D6008F059F8A04B3A
:10643000002143F2E022184608F052F89D4A169BCC
:1064400063601368C4F8945201273B441360A3604F
:10645000934BC4F894031B68C4F89832914B84F8AA
:1064600028731B68C4F89C3284F8C87384F8CB7313
:10647000FDF7F0F9A4F83002FDF7EAF9A4F83202CA
:1064800000EB400084AEB840A4F834023046FBF77D
:1064900030FB824D306A0023D6E90912319306237E
:1064A0002B70F36ACDE94223336B44930DF5C0782A
:1064B000736B4593CDE940014346032240F21D71C1
:1064C0003046FBF723FB04F29472814640A9304624
:1064D000FDF7C8FC0523B9F1000F00F0258184F811
:1064E000A49284F8D836FDF787FD6F4D01247AA871
:1064F0006C73FDF7BBFA70AFA8730FCF05F11006F0
:106500000FC60FCF0FC697E8030086E803007AAEE8
:106510000FCE05F138070FC70FCE0FC7299B539336
:1065200096E80300199B5493289B5793CDED559AF9
:106530002A9B589352AE87E803000FCE05F16007FF
:106540000FC78DED569A96E8070087E8070095F883
:10655000B0300B93B9F1000F7FF4DFAE002B01F0E8
:10656000468305F5776595ED008A38EE288A002583
:106570000124FDF779F8494B08221A7002F010FC4B
:106580004D4B18604D4B01221A701C9BC01A7CB3F6
:10659000454B259ADA67269AC3F880202C9AC3F8CF
:1065A00084200A22C3F88820139A83F88C2082F072
:1065B000010283F88D209DF8282583F88E209DF810
:1065C0002C2583F88F203E4AC3F89020DDF8302533
:1065D000C3F894209DF8342583F89820209AC3F8B6
:1065E000A020179AC3F89C0083F8A420FEF776F940
:1065F000B9F1010F41F0FF82284B32480A221A708C
:1066000059E69DEDDA7AB0EEC77A77EEC77A9FED5C
:106610002E7AF4EEC77AF1EE10FA09DD02F0C0FB33
:10662000FDF71AF9DDF8289001230A934C4674E629
:106630000A9C02F0B5FBC31BB3F5FA7F804611D369
:1066400096ED000A0DF58860FDF7A8FFFDF704F947
:106650004FF4FA73009022461C480DF58861FDF74F
:1066600065FA4746199B01331993A8EB050844F6D0
:106670001F63984507D902F093FB4FF00009FDF71F
:10668000EBF80223D1E7022006F025F867E60CB903
:106690002646A4E60A9E2546A2E600BF943A0020BC
:1066A0008C3A0020883A0020D8100020903A002030
:1066B0000000001000090020D8080020D4080020A5
:1066C000C0D401006B3301080000B4422D3301082F
:1066D000B8F1010F0AD005F0B1FF01373B1A002BCA
:1066E00017DD384606F003F845451BD02B464246D9
:1066F00031462046FDF7DCFBB7EE000A80B2FCF71E
:10670000B5FFDBF800300133CBF8003008F10108A9
:1067100075E6C01B0028C2BFDAF800300133CAF8A2
:106720000030E1E73046E7E72B70D6E90931326AFD
:1067300084F8D976F76ACDE94623CDE94817336B5B
:106740004A93A4AF736B4B93CDE90097D8E902232A
:10675000FDF744FA04F5E362804684F8DC0646A9B6
:106760003046FDF77FFBB8F1000F11D0B8F1030FF1
:1067700014BF0223052384F8D836FDF73DFCB8F199
:10678000030F7FF4B2AE97F8019084F8A492ACE6C0
:106790003B6908937B690C9304232B7002F000FB88
:1067A000D6E909751290D6E90B01726B366ADFF8EB
:1067B00090A2CDF83490CDE94E509C4DCDE94C6778
:1067C000CDE950124E464F464A46904600234FF4BC
:1067D000B47228463146FAF79DFBA0EB0808B8F1E1
:1067E000000F024607D0CCBF01214FF0FF310FB19F
:1067F0008F4226D10F4600230DF50478CDE90033F2
:10680000CDF8403431A90DF5886340460E92FDF76E
:10681000F5FE0D9ADDF840341A440D9283460E9A27
:10682000A8B1834A4CA94046FDF71CFBA2F67802AA
:10683000052382F8A4B282F8D836D946FDF7DCFBEE
:1068400053E6D4F800380133C4F80038D2E715F520
:10685000803546F10006864208BF5545B5D1744ED5
:10686000744C32464CA94046FDF7FCFA08990523C2
:10687000237042F6AB23CB180E930C9BD8F8201054
:106880003A9143F10003D8F824100F93D8F8283038
:10689000CDE93B13D8F82C303D93A6F67805D8F80F
:1068A00030303E930122D8F8343085F878270DF542
:1068B000367ACDE9002A3F93DDE90E23FDF78EF904
:1068C000A6F5B072834685F879073AA94046FDF7E8
:1068D000C9FABBF1000F11D0BBF1030F14BF07239E
:1068E000052385F8D836FDF787FBBBF1030F7FF44E
:1068F000FCAD9AF8019085F8A492F6E5DAF810302C
:106900001093DAF81430119342F6AB22002346E9D3
:106910003223089A109B0C9947489B1A119AC5F884
:10692000B83762EB01021B18C5F8BC2762F1000200
:1069300046F8B83CC5F8C42702F032FA129BC01AD8
:10694000C5F8C80702F02CFA012F4FF0040323709A
:1069500008BFD5F80038149084AC08BF0133D4E9DF
:10696000091208BFC5F80038D4E90B35206A666BF8
:10697000CDE94E230023CDE94C01CDE9003332931C
:1069800042F6F51232AB31A92046CDE95056FDF75B
:1069900035FE2A4E074632464CA92046FDF762FADC
:1069A000A6F5096547B1052385F8A47285F8D836A0
:1069B000B946FDF721FB98E51E4F216A4FF005030C
:1069C0003B70D4E909233C93E36A3D93236B3E93E8
:1069D000636B3F93089BCDE93A1242F6F5129A1881
:1069E0000C9B4FF0010B0DF5487A85F874B843F114
:1069F0000003CDE900BAFDF7F1F8A6F5BC728046B8
:106A000085F875083AA92046FDF72CFAB8F1000F71
:106A100018D0B8F1030F14BF0323052385F8D83627
:106A2000FDF7EAFAB8F1030F61E700BFB400010017
:106A300050190020943A002055D5FFFF6819002016
:106A4000B4003D00DAF810301293DAF814301593E0
:106A50006FF0B5024FF0FF33C6E90623109A129B80
:106A600011999B1A159A62EB0102C6E90832B633F6
:106A700042F10002C6E90A3202F092F9149BC01AF0
:106A8000736AC5F8C008DB0F85F8EA3602F088F9AA
:106A900004233B70D5F8003810900133C5F8003856
:106AA000D4E90923E06A216ACDF8CC80CDE94E30E3
:106AB000236B5093636B519328230DF1CC0A019300
:106AC00006F5C073CDE94C12009342F6AB22534653
:106AD00031A92046FDF792FDA6F5A47280464CA987
:106AE0002046FDF7BFF9DDF8CCA0C5F8E4A685F88F
:106AF00008AAB8F1000F09D04FF0050385F8A48269
:106B000085F8D836C146FDF777FAEEE44FF0050375
:106B10003B70D4E90923E76A216A85F8DBB6CDE941
:106B20003C37236B3E930DF55A78636B3F93CDE969
:106B30003A12CDE900B8DDE90E23FDF74FF8A6F2D1
:106B4000A452074685F8DE063AA92046FDF78AF9E1
:106B5000A6F598723AA9FDF785F96FB1032F14BF16
:106B60000423052385F8D836FDF746FA032F7FF472
:106B7000BCAC98F80190BEE6D8F810300E930DF535
:106B80005C7CD8F814301493BCE80F0060AC0FC4E0
:106B90009CE80F0084E80F004822414692A807F0C5
:106BA00039FD85F8D8B602F0FBF8109BB622C01A62
:106BB000002346E93023129A0E9BC5F8E8079B1A7A
:106BC000DDE9142162EB010246E92E32B63B42F1C7
:106BD000FF3246E92C32089A0E9B0C999B1A149AA4
:106BE00062EB0102C24946E928325B1862F10002F9
:106BF00046E926320D9BB3F5166F06D1329B282B42
:106C000003D1AAF1280047424741BA4AD2F82417D3
:106C1000D2F82037D2F8B00782F8E9760B43D2F8E1
:106C200028170B43D2F82C170B43D2F880180B43CC
:106C3000D2F884180B43D2F888180B43D2F88C187A
:106C40000B43D2F898180B43D2F89C180B43D2F898
:106C5000A0180B43D2F8A4180B43D2F850170B43DB
:106C6000D2F854170B43D2F858170B43D2F85C17DD
:106C70000B43D2F868170B43D2F86C170B43D2F8CA
:106C800070170B43D2F874170B43D2F8B417B3FA4A
:106C900083F301284FEA531371F1000182F8EB36B8
:106CA000C0F20A82D2F8AC18002980F20582D2F82C
:106CB0000028022A40F000823B40DFF83882BDF80D
:106CC000800188F8EC36A8F8B200FCF7B9FD1499F9
:106CD000A8F8B4000E98DFED88AADFED88BA9FED22
:106CE00088DAFAF785FF84AD0E9BC8F8BC300FCD6B
:106CF00068AC0FC495E80F0084E80F0098F82833BB
:106D00000F93402160230024CDE95B1344F62060FB
:106D100002235D93B0EE40AA88ED2E0A8DF86441FF
:106D20005A94FAF747FE40F21D735F9308F53A63F1
:106D30001B9308F688730D9303F2CE532493714B83
:106D40001193714B1A9308F6887312936F4B5E90F0
:106D500034941593089421941D94B0EE6ABA0C945F
:106D6000A3469DF8883233B1624AD2F80C3301331E
:106D7000C2F80C3301239DF889223AB15D49D1F85C
:106D80001023013243F00203C1F810239DF88A2238
:106D90003AB15849D1F81423013243F00403C1F841
:106DA00014239DF84852012D40F08881D8F818230B
:106DB0000132C8F81823DDE9A064002C32462746CA
:106DC00002DA724264EB4407D8E9C8019042B94143
:106DD00038BFC8E9C827D8F808230132C8F8082303
:106DE000D8F89423F2B10BF5BA7102EBC101C1E9F5
:106DF00000649C9C4FF6FF700BF58B511031A04244
:106E000028BF204622F811005A4402F53A510D706D
:106E100042F6F47153540C9943F26813FF2928BFCA
:106E2000FF21D154DDE99634CDE91E340F9B03B325
:106E3000BBF1000F1DD000220023CDE9EC23ECAB09
:106E40000093989ABDF8501240F21D7368A8FAF7A3
:106E5000E0FB044668B1902200210DF5886007F040
:106E60003FFB22460DF588615846FDF767F9002380
:106E70000F93274B9FED208A06221A70402460ADA5
:106E80002B46032240F21D7184A8FAF73FFE82468A
:106E9000002840F02681D5E90201FAF7A9FE013C5D
:106EA00038EE008AECD107EE90BA9FED1A7A349B47
:106EB0000C93F8EEE77A184667EE877AD917C7EE93
:106EC00087DAFAF795FE2B46032240F21D7184A85B
:106ED0009FED117AF0EE4A7AD8EE077A30EE678AA3
:106EE000FAF714FE8246002840F0FB8016E000BF4F
:106EF00055D5FFFFD810002000000000286B6E4E13
:106F0000286B6ECE9F3700202E260020B400010093
:106F1000943A00200000B4430000803C2D882846AD
:106F2000FAF756FA129B0C9AA3EC018A12931A9B59
:106F3000129923F8025F1A93129BC3F8B428649A3B
:106F4000C1F8842E1A99BDF89821A1F8882E1199BC
:106F50009DF89D2101F8012FB4EEC8DA9DF89E310D
:106F600081F87431F1EE10FA0F9B48BF1D95F4EED5
:106F7000C8BA44BFB0EE40BAB0EE48DAF1EE10FA4B
:106F8000C2BF2195F0EE40AAF0EE48BA1191002B55
:106F900000F0F681BBF1000F00F09880BBF5B47FE4
:106FA00000F09480002300200021CDE90134ECADF5
:106FB00059ABCDE9040100930695DDE91E2368A8CD
:106FC000FBF7ACF92946074602465846FDF7B6F8E6
:106FD000002F40F05582D04C94F8C833002B00F0BD
:106FE000CF81BBF5B47F40F0CB81012684F8C96323
:106FF00084F8CB7301F0D4FE30221090394604F5AA
:10700000767007F06DFA0C9BC4F8E833902229469D
:1070100004F5816084F8D86307F0FCFAD4F8D03323
:107020003344C4F8D0339DF8B033002B52D004F56C
:107030007C7302934FF480320023CDE90023DDE915
:10704000F801D4E9DA23FAF7B7FE002800F0FB8054
:10705000DDE9F210DDE9F4325B1A62EB0002C4E90B
:10706000FE32DDE9FC10DDE9FE325B1AC4F80034C3
:10707000D4F8D43384F8D96333449FEDA5CB62EBC5
:107080000002C4F8D433A54BC4F80424239304F5B8
:107090009665239B53F8042F2393109B18929F18F7
:1070A00001F07EFE109B189AC31A9A4240F2CD80DE
:1070B000381A05F010FBF3E70023FEE5022D02BFAE
:1070C000D8F81C230132C8F81C2374E6944B4024E2
:1070D000092069E73346904A82F8DA3382F8CC33E4
:1070E0009A468D4CD4F81423D4F80833D4F8EC52D3
:1070F000C4F8A8B09B1AC4F8603F04F6647383ED2B
:1071000000BA04F66873C3ED00AA1D9BA4F86C3F97
:10711000219BA4F86E3FDDE98C73C4E9AF73D4F80A
:10712000D43284F8A4A22B44D4F81857FB1A5B1B62
:10713000D4F830575B1BD4F848575D1BD4F87C3724
:10714000ED1AD4F87838DDE99012DDE98E60ED1A99
:10715000D4F89038ED1AC4E9B312C4E9B160C4F8A8
:10716000A852D4F8DC52D4F8F4322B44D4F8205787
:10717000F31A5B1BD4F838575B1BD4F850575D1BD0
:10718000D4F88437ED1AD4F88038ED1AD4F898384A
:10719000ED1AC4F8AC52D4F8E032D4F8F8522B44CB
:1071A000D4F82457C31A5B1BD4F83C57D4F884088E
:1071B0005B1BD4F854575B1BD4F888575B1B1B1A16
:1071C000D4F89C081B1AC4F8B032D4F8FC02D4F8E6
:1071D000E4320344CB1AD4F828175B1AD4F84017CA
:1071E0005B1AD4F858175B1AD4F88C175B1AD4F8CA
:1071F00088185B1AD4F8A0185B1AC4F8B432D4F813
:107200000013D4F8E8320B44D31AD4F82C279B1A75
:10721000D4F844279B1AD4F85C279B1AD4F89027FB
:107220009B1AD4F88C289B1AD4F8A4289B1AC4F86B
:10723000B832BAF1000F00F04981002384F8B03071
:10724000D146FFF752B9092345E701F0A9FD109B8C
:10725000C31A2B930DF588630027069359ABCDE92C
:10726000017700938DED04CBDDE91E2368A8FBF7C1
:1072700055F8279001F094FD39462D90C022A5F1D4
:10728000180007F02DF9279B05F8163C189B45F8C8
:10729000143C2B9B109A45F8103C2D9B9B1A012700
:1072A00045F80C3C0C9B45F8083C05F8187C9022EE
:1072B0000DF5886105F1180007F0ACF9D4F8D0336A
:1072C0003B44C4F8D033279B23B99DF840343BB9E5
:1072D00005F8167C15F8163C002B44D00E4AFDE646
:1072E0004FF480320023CDE9002302950DF58E6125
:1072F000D4E9DA23D1E90001FAF75EFD90B9C023A1
:1073000003FB0643092683F8DA633346E6E700BF4A
:107310000000000000000000D8100020083B010819
:1073200008090020DDF85834DDF86024DDF85C142D
:1073300005F8177CD21ADDF8643463EB0103C5E964
:107340000223DDF88824DDF88034DDF88414D31AB4
:10735000DDF88C2462EB0102C5E90432D4F8D433A1
:107360000133C4F8D4330136042E05F1C0057FF48F
:1073700090AE504B012283F8CA23002283F8CC231D
:107380008C9ADFED4D7A0C92DDE98D42F4EEE7DA6E
:10739000F1EE10FADDE98F76919D10920BF1010B61
:1073A000BFF69FAE159808994FF4B4720023F9F711
:1073B000B1FD424BCDF85454BBF1030F4FF0040123
:1073C0001970ECADD8BF1B990C9BCDF84034024628
:1073D000109BCDF84834CCBF00214FF0280A4FF065
:1073E0000000D4BF2B460B462860CDE9001A84A8C4
:1073F00034A9CDF84C74CDF85064CDF84444FDF771
:10740000FDF8BBF1030FDEBF119B2A68A3F5D9532A
:1074100084ADD8BF03F80E2C8246294A0DF5886149
:107420002846FCF71FFDDDE98CE3DDE98EC7DDE9C9
:107430009062BAF1000F7FF454AE191B0C911F49F2
:1074400005240C70CDE93AE3CDE93E62349B0E9AF7
:107450000121009114999A1892AE41EBE3730196C1
:10746000CDE93CC7FCF7BAFB3AAC0746154A2146C2
:107470002846FCF7F7FC032F05D19DF849A230E61A
:1074800000230F937CE71B9B03F5A0731B93159BB5
:1074900013F580331593089B159A43F10003089365
:1074A0000899094B514508BF9A427FF45AAC4FF4F2
:1074B000BA7B16E6D81000200000B943943A0020A9
:1074C000AC130020C4130020B4007501D84B072270
:1074D0001A7001F065FCBBF5B47F5B46A8BF4FF4A2
:1074E000B473BBF5B47F0890C4F8AC30C0F2BB8174
:1074F000D4F80823934540F0B681D4F81463A6EB82
:107500000B02564256410D9ADFEDD47A0024A34275
:1075100040F0AB81BBF1000F00F0AD8107EE104AE7
:10752000B8EEC77A87EE878AC24B0D9A9FEDCBAA39
:1075300083ED308AB0EE4A7A00239C4240F09E816F
:10754000BBF1000F00F0AB8107EE904AB8EEE70AFE
:1075500087EE000A07F0E6FCDFEDB77AB4EEE70A43
:10756000F1EE10FA40F3A081CAEE007AB14BDFF8D9
:10757000D082002783ED310AC3ED9A7AAD4D18F819
:10758000012B05F1C8033B44B0EE480A214605F63D
:1075900088701837FCF7DAFBB7F5907FEED105F568
:1075A000F4730422B0EE480A214605F68870FCF711
:1075B000CDFB082205F50073B0EE480A214605F61A
:1075C0008870FCF7C3FBB5F834221AB1B4EB420F54
:1075D00000F26D81974B002283F83622954BD3ED54
:1075E000357A93F8C82083F83722C3ED8E7A0022CB
:1075F000012395ED3B7AB4EEE77AF1EE10FAC4BFC1
:1076000095F8E020229203F10103C4BF0B9AF0EE3B
:10761000477A0C2B05F11805EBD1864B22B1229A43
:10762000C3ED8E7A83F83722DFED837A93ED31AAAA
:10763000804DB4EEE7AAF1EE10FAC9BF93ED8E7A51
:107640009FED867AF6EE007A67EE277AC4BF6AEE7F
:107650000A6A67EE877A4FF00607C8BF87EEA67AF8
:1076600001222FA920468DF8BC700DF1D408B0EE90
:10767000480A85ED8F7AFCF757FE242385ED900AA2
:10768000012230A92046B0EE480A8DF8C030FCF740
:107690004BFE3B4685ED910A684AF0EE4A0AB0EE91
:1076A000480A21464046FCF7ADFE359BC5F84832F6
:1076B000369BC5F84C32379BC5F850329DF8E13007
:1076C0000BB19DF8E03085F85432ECAF0C235C4AE6
:1076D000F0EE4A0AB0EE480A21463846FCF792FE20
:1076E000EC9BC5F85832ED9BC5F85C32EE9BC5F8B3
:1076F00060329DF8BD330BB19DF8BC334D4ADFF8C5
:1077000048810D9982F86432424600239C4240F041
:10771000DB802046FCF7D4FD07EE904A9FED490A36
:10772000B8EEE78A28EE000A07F0C0FDBDEEC00AF9
:10773000DFED4A7A3F4A10EE103A013B9C42D8BF37
:1077400004F1FF33BBF1000F00F0C8803E4923EA8B
:10775000E37301EB83031B68C2F86C3200230D9ABC
:107760000133B2EC017A9C42E7EE077A0D92F6DC27
:1077700087EE880A07F0D6FB334D3449A7003A4616
:107780002846B0EE408A06F045FF2046FCF798FDFB
:107790009FED327A052C234607EB0502A8BF05238F
:1077A000F0EE476A0021F5EC017A013176EEA76A26
:1077B00072ED017A8B4237EE277AF4D107EE903AD8
:1077C000F8EEE77A224B9FED235A87EE276A1F4493
:1077D000611E043386EEA77AD3ED007AD7ED006AF6
:1077E00076EEE76A07EE901A36EE476AF8EEE75A49
:1077F000B6EE007AF0EE477AE5EE857A9FED165AFE
:10780000A5EE857AFDEEE77ABDEEC77A17EE902AEF
:1078100017EE100A22EAE2728442C8BF014603EB67
:10782000820203EB8103D2ED005A93ED007A17E058
:10783000943A0020D8100020BD3786353C3B010823
:10784000423B0108A4707D3F080B0020602000200F
:10785000040B0020CDCC4C3D3333733F00000000BF
:1078600077EE657A46E056464DE6B2EC017A013491
:1078700077EE877A4BE61FED078A55E6F2EC017A40
:1078800077EEC87A0133A7EEA77AF0EEE77AF4EE46
:10789000CA7AF1EE10FAC8BFB0EE67AA4DE61FED46
:1078A000110AF0EE407A61E65FED147A5EE601239C
:1078B00085F83632B0EE480A05F50673214605F61E
:1078C0008870FCF743FA89E6F1EC017A77EEC87A22
:1078D0000133F0EEE77AE2EC017A17E7C2ED9B7A2A
:1078E000B0EE677AF0EE675AB0EE678AF0EE676A3C
:1078F000B0EE676AD04C9FEDD1AA9FEDD1BA84ED6E
:10790000028A2346A3EC016AC4ED035A84ED047A8B
:10791000C4ED057A04F6CC05C3ED006A0027F0EE4D
:107920004AAAA4F57764BB455BD1BBF1000F00F018
:107930008B8007EE90BAB8EEE70A8AEE800A07F06D
:10794000F1FA84ED9C0A84ED9DAABBF1000F11D0E1
:10795000F2EE0E7AB4EEE70AF1EE10FA77D8F3EE13
:107960000E7AB4EEE7AAF1EE10FA94BF4FF0010BD5
:107970004FF0000BB34C0BF0010384F878320BEAA4
:10798000060384F8B03001F00BFA089BC01AC4F863
:10799000A00201F005FA0023A4F82A3394F8283352
:1079A0008246ABB194F8293393B1D4F894337BB1C8
:1079B00094F82C6366B9D4F83413D4F8A820914213
:1079C00006D1D4F8AC20002A02DDB1F5B47F41DC49
:1079D00001F0E6F99B4BA0EB0A00C3F86403FEF745
:1079E00084BD249B33F8020F2493F9F7F1FC55F87A
:1079F000040FB4F8B230184480B2B0EE408AF9F700
:107A0000E7FCDFED917A38EE400AB4EEE70AF1EEDA
:107A100010FA13DCDFED8D7AB4EEE70AF1EE10FA1E
:107A20000FD4E0EE00AA0137B0EEC00AB4EECA0AE5
:107A3000F1EE10FAC8BFB0EE40AA74E730EE4B0A80
:107A4000E3E730EE0B0AE7E79FED7C0A79E74FF0BA
:107A5000000B8FE7D3E90023C4E9DA23DFF8F8B19C
:107A60009FED7B8ADFED7BAA9FED74AAB425374694
:107A7000D4F834339F424CDBD4F8AC509FED6F7A8E
:107A8000C4F8385307EE905AB8EEE70A00238AEE9E
:107A900000BA84EDDEBA9D4200F3A18087EE000AB1
:107AA00007F040FA674C6C480DF58863242229469C
:107AB000B0EE40AA84EDDF0AB0EE4B0AFCF746F9BF
:107AC000D4ED317A77EECA7A0DF24C4393ED007A19
:107AD000C4EDE37AD4ED657A84EDE07A77EEC77A87
:107AE0009FED5E7AC4EDE47AD4EDE27AF0EEE77AC7
:107AF000F4EEC77AF1EE10FA94BF0123002338EEBA
:107B00006A8A84F82B33012384EDE18A84F82A33CE
:107B10001FE00DF5886100220023C1E90023D4F89D
:107B20009433029103EBC70308934FF4B47200231C
:107B300028463146F9F7EEF9CDE900010899D4E974
:107B4000DA23D1E90001FAF737F950B9092384F8AB
:107B50002C3301F025F9A0EB0A00C4F86403FEF70A
:107B6000C4BC0DF58863D3E9002310461946CDE95E
:107B70000823F8F723FD3A4B0022F8F74DFD394B67
:107B80000022F8F749FDF9F717F8D4F8AC309F4216
:107B900007EE900A11DAF4EEE7AAF1EE10FAF4EE2D
:107BA000C87AC8BFF0EE67AA3AEE27AAF1EE10FA3B
:107BB000CBF80000C8BFB0EE678AB7F5B47F02BF4C
:107BC000DDE90823C4EDE27AC4E9DC2315F580354C
:107BD00007F101070BF1040B46F1000648E7F8EC4A
:107BE000017A77EECB7A0133A7EEA77A53E79FEDC0
:107BF000138AFEF7BCBCB9F1020F09D11A4B1B481E
:107C00000A221A7044F62061FBF790FFFEF733BB9F
:107C1000B9F1030F05D1144B15480A221A70FEF76B
:107C20004ABB4DB3104B0A2228461A70FBF712FFCD
:107C300001461048E8E700BF48200020000000008F
:107C40000000B443D810002000003443000034C3C7
:107C5000286B6ECE286B6E4E080B0020CDCC4C3EB0
:107C6000008076400000F03D943A00208033010807
:107C7000C3330108023401080B9B2BB9144B154880
:107C80000A221A70FEF717BB139B5BB1124B0193CC
:107C9000169B00931148DDE925230521FBF722FF00
:107CA000FEF7EBBAB0EE480A0DF58860FCF776FCFB
:107CB0000DF588610A48FBF739FF0A480DF5886120
:107CC000FBF734FF0848FBF731FFFEF7D6BA00BFD9
:107CD000943A0020363401088410010879340108F0
:107CE000163501080C3501083B3501082DE9F04F28
:107CF000DFF85081424F98F80030DFF84C913C6833
:107D0000DFF848B1DFF848A13E4E89B0012C03935B
:107D1000D9F8003002939BF8003001939AF80030B4
:107D20000093254638BF0125013D012C8CBF00235F
:107D300001232A4630682146FEF782FA00233A687A
:107D40008BF80030304F90B903233B702F4B3048F5
:107D50000A2119702F49304B012C98BF0B46009314
:107D600031682B46FBF7E2FE09B0BDE8F08F012C2D
:107D700006D82A490B6801330B6001238AF80030CA
:107D80000A2A1ED9264B1B7804ACABB19FED250AFD
:107D9000102221460520FBF7E7FE03233B701F4B13
:107DA00002941B6801930B23009331681E480A2339
:107DB0000122FBF797FED7E71C49204606F022FC7C
:107DC000EBE71B4B1B4819681B4B19600023C9F8D4
:107DD000003088F8003002233B700C4B09211970E9
:107DE0000C490D4B012C98BF0B46144902911449C4
:107DF000CDE900312B463168FBF798FEB4E700BFB0
:107E0000F0080020F4080020FC080020943A00202C
:107E100047350108FB0901080B0A0108E0080020AA
:107E2000DC0800200000000090350108080A010865
:107E3000D808002039360108EC080020731001082A
:107E4000C0D40100E6080020E8080020E508002072
:107E5000E40800202DE9F04F5C4E5D4FDFF8B8A13B
:107E60005C4DDFF8B89187B0FBF7FEFB01235A4861
:107E70003370FCF765FC00233B7033700022DAF8A6
:107E800000008DF8132064230DF1130104F0C5FCEC
:107E90000446C8B99DF81380B8F1010F14D105A8A4
:107EA00086F80080F9F772FB00285DD10A23337051
:107EB0009DF8173000939DF815209DF816309DF819
:107EC00014104648FBF732FE2B78022B2FD1DFF837
:107ED0005081D8F800B000F063FF414BA0EB0B00DD
:107EE000984224D900F05CFFD8F800303D49C01A10
:107EF0003D4B1860A0F5EA33C03BB3F5967F3B4B92
:107F000094BF012200221A700A6802F1010356D9B7
:107F1000032129700A2131704FF49671CDE90101D6
:107F200033490091334934480968FBF7FFFD2B784A
:107F3000032B03D0002CA1D1002B9FD100242C7047
:107F4000FBF792FB204605F05FFD834606F04AFAF8
:107F5000804606F04DFA5B46024641462748FBF74D
:107F6000E5FD3C70347089E72B78013B012BABD9E0
:107F7000D9F800101F4B1E4A214885F800800131B6
:107F80001960184BC9F80010C3F800801D4B1C7015
:107F90001D4B83F80080144B1C60144B1C701B4B52
:107FA0001C601B4B1C700B23CDE901320A23194ABC
:107FB00000934346FBF796FDFFF798FE84E70B60BE
:107FC00001232B70FFF792FEB1E700BF943A002027
:107FD000953A0020FC080020A3360108AE360108BF
:107FE000BFD40100F0080020E8080020E6080020C7
:107FF000C0D40100F40800207E3701080D380108C4
:10800000F9360108E4080020E5080020E008002017
:10801000DC080020841001089C3A0020F8080020A9
:10802000EC0800202DE9F047204E33689BBBDFF8B9
:108030009890D9F8004074BB1D4D1E4FB620A04645
:108040008246214628464FF4B4720023F8F762FFB7
:10805000A0EB0A0A15F58035AAF1B60A44F100042E
:10806000BAF1010F17D8444508BFBD42E8D101213C
:108070000022084604F065FB306060B10E4A0F48EC
:10808000002104F0E2FA0446C9F8000030B9306873
:1080900004F0F3FB34600020BDE8F087084B0120BA
:1080A0001870084B83F80080F6E700BF9C3A002068
:1080B000B4000200B4007301183B0108557E0008AB
:1080C000953A0020943A0020983A00200C4B73B562
:1080D000186880B10B4D2B7803F0FF065BB90124C3
:1080E000334632460DF107012C708DF8074004F03D
:1080F00063FB18B12E70002002B070BD2046FBE774
:108100009C3A0020953A0020014B1878704700BF38
:10811000953A002028B10023C36103624362836261
:10812000C362704770B40C46064658B151B105465B
:108130000FCC0FC594E8070085E80700304670BCF7
:10814000FFF7E8BF70BC704700287DD0D0ED017A02
:10815000D0ED076A90ED026A90ED007AE7EE806A52
:10816000D0ED037AF4EEE76AF1EE10FAC8BFF0EE54
:10817000676AF1EE677AF4EEE67AF1EE10FAD8BFAC
:10818000F0EE667AD0ED086AC0ED077A70EE666AA6
:1081900020EE077A66EE866A90ED056AB5EEC06A53
:1081A000F1EE10FA43D4F7EE005AB4EEE56AF1EEC0
:1081B00010FAD8BFF0EE465A90ED0A6A80ED080A30
:1081C00076EEC66A37EE277AA6EEA56AD0ED047A77
:1081D00080ED0A6A37EE067AB4EEE77AF1EE10FA2D
:1081E000C8BFB0EE677AF1EE677AF4EEC77AF1EEC7
:1081F00010FAD8BFF0EE477A90ED067AB5EEC07A65
:10820000F1EE10FA0ADDD0ED0B6A37EEE66AB4EE55
:10821000C67AF1EE10FA0DD576EE877A90ED090A5E
:10822000C0ED0B7A30EE670A80ED090A7047DFED8A
:10823000085AC1E7F1EE475AF4EEC65AF1EE10FAC9
:10824000C8BF76EEC77AE9E79FED010A704700BF25
:108250000000000010B190ED090A70479FED010A7F
:10826000704700BF00000000F0B59B4D0FCDB1B0CE
:1082700001AC0FC495E8070001AF84E807000FCFF9
:1082800024AE0FC694E80700B0EE000A002486E88A
:10829000070024A82C942D942E942B942F94FFF750
:1082A00053FFF0EE401ABFEE000AFFF74DFF05F155
:1082B0000C0CBCE80F0008AF0FC79CE807000DF1DD
:1082C000200E87E80700BEE80F000DF1900CACE827
:1082D0000F0097E80700B0EE402A86E80700B7EEE7
:1082E000000A24A82C942D942E942B942F94FFF7FD
:1082F0002BFF05F1280CBCE80F000FAF0FC79CE85F
:1083000007000DF13C0E87E80700BEE80F000DF1F5
:10831000900CACE80F0097E80700F0EE402A86E8E2
:108320000700B0EE000A24A82C942D942E942B94D0
:108330002F94FFF709FFB0EE403AB0EE000AFFF7C6
:1083400003FF05F1440CBCE80F0016AF0FC79CE813
:1083500007000DF1580E87E80700BEE80F000DF189
:10836000900CACE80F0097E80700F0EE403A86E882
:108370000700B1EE000A24A89DED2B1A2C942D9431
:108380002E942B942F94FFF7DFFE6035B0EE404A19
:10839000B1EE000AFFF7D8FE0FCD1DAF0FC795E86D
:1083A00007000DF1740C87E80700BCE80F0024AD4E
:1083B0000FC597E80700F0EE404A86E80700B0EEE8
:1083C000000A24A82C942D942E942B942F94FFF71C
:1083D000BBFEB0EE405AB0EE000AFFF7B5FEF0EE7D
:1083E000007A71EEA71ADFED3D7AF0EEE11AF4EEB5
:1083F000E71AF1EE10FA6DD5B7EE007A32EE072AE1
:10840000B0EEC22AB4EEE72AF1EE10FA62D5B1EE70
:10841000047A72EE872AF0EEE22AF4EEE72AF1EE11
:1084200010FA57D5B0EE087A33EE073AB0EEC33AF9
:10843000B4EEE73AF1EE10FA4CD5F1EE086A73EEBD
:10844000A63AF0EEE33AF4EEE73AF1EE10FA41D54F
:1084500031EE471AB0EEC11AB4EEE71AF1EE10FA97
:1084600038D5B1EE006A34EE064AB0EEC44AB4EE36
:10847000E74AF1EE10FA2DD5B1EE0C6A74EE864A99
:10848000F0EEE44AF4EEE74AF1EE10FA22D535EECA
:10849000075AB0EEC55AB4EEE75AF1EE10FA19D504
:1084A000B2EE027A30EE070AB0EEC00AB4EEE70A86
:1084B000F1EE10FA0ED59DED2F7A37EE667AB0EE1A
:1084C000C77AB4EEE77AF1EE10FA4CBF0120002033
:1084D00031B0F0BD0020FBE78402010817B7D138A6
:1084E00082B00E4B00220092596C41F480415964D5
:1084F000596C01F48041009100990192196C41F08E
:10850000805119641B6C03F080530193019B0F2170
:108510006FF0010002B000F025BE00BF003802403D
:1085200070B5064688B01422002103A805F0D8FFD4
:108530003268244B9A4242D103F58C3300250195D1
:108540005A6C2148214C42F480725A645A6C02F4ED
:1085500080720192019A02951A6B42F001021A632D
:108560001B6B03F001030293029B1222032303A956
:10857000CDE9032301F016F8154B4FF48061C4E9EF
:1085800000354FF400634FF40050C4E904134FF476
:108590008073C4E906032046C4E90255C4E90855BE
:1085A00000F036FE08B1FAF727FDB463122000226E
:1085B0000521A66300F0D6FD122000F005FE08B0EC
:1085C00070BD00BF0020014000000240B80700203D
:1085D0001064024070B514228AB0064600210DEBEB
:1085E000020005F07DFF33683C4A934225D13C4CA4
:1085F0003C4800250195236B43F002032363236B62
:1086000003F002030193019B4FF4C0761223CDE9DE
:1086100005634FF0030C042305A9CDE908C300F05E
:10862000C1FF0295236C43F400132364236C03F40D
:1086300000130293029B0AB070BD2B4A9342FAD1F9
:10864000274C284800250395236B43F0020323633E
:10865000236B03F002030393039B4FF44062122346
:10866000CDE905230123079305A90423099300F00D
:1086700099FF0495236C1D4843F480032364236C05
:108680001B4C03F480030493049B4FF06063C4E924
:1086900000034023C4E9023520464FF48063C4E957
:1086A0000435C4E90655C4E9085500F0B1FD08B128
:1086B000FAF7A2FC7463002205212120A66300F0D2
:1086C00051FD212000F080FD00220521222000F034
:1086D00049FD222000F078FDADE700BF00540040C6
:1086E000003802400004024000580040B8600240D8
:1086F000B006002070B5064688B01422002103A8F9
:1087000005F0EEFE3268344B9A4263D1002503F542
:10871000843301955A6C42F480525A645A6C02F4C4
:1087200080520192019A02951A6B42F002021A637A
:108730001B6B03F002030293029B38200223CDE956
:10874000030301240323CDE905432448244C0523D6
:1087500003A9079300F026FFDFF890C04FF0C06335
:10876000C4E900C34FF48063C4E9043520464FF4E4
:108770000033C4E90255C4E90655C4E9083500F0E0
:1087800047FD08B1FAF738FC164AF464A663164CA4
:108790004FF0C063C4E9002300234FF48062C4E9B2
:1087A000042340214FF400322046C4E90213C4E9F7
:1087B0000633C4E9082300F02BFD08B1FAF71CFCCE
:1087C0002320B46400220521A66300F0CBFC232003
:1087D00000F0FAFC08B070BD003001400004024017
:1087E000F8050020586402409805002040640240CB
:1087F00010B5044688B01422002103A805F070FECD
:108800002368204A93420DD1002300931E4B5A6CDB
:1088100042F001025A645B6C03F001030093009B79
:1088200008B010BDB3F1804FFAD103F50E33002428
:1088300001941A6C154842F001021A641A6C02F095
:1088400001020192019A02941A6B42F001021A632A
:108850001B6B03F001030293029B4FF400420223BF
:10886000CDE9032303A901230593079300F09AFEA2
:10887000224605211C2000F075FC1C2000F0A4FC01
:10888000CEE700BF00000140003802400000024077
:1088900007B50E4B02689A4216D1002203F59A33AF
:1088A0000192596C41F0020159645B6C03F00203C0
:1088B000019305212D20019B00F054FC2D2003B0D5
:1088C0005DF804EB00F080BC03B000BD0004014083
:1088D00010B5044688B01422002103A805F000FE5C
:1088E00023681A4A934218D100230193184B194860
:1088F0001A6B42F001021A631B6B03F00103019330
:108900004FF4E061019B0223CDE903130123079398
:1089100003A900F047FE08B010BD0F4A9342FAD1F8
:10892000002302930A4B0D481A6B42F004021A63AB
:108930001B6B03F004030293029B40220223CDE948
:1089400003230323079303A9E3E700BF00000140CB
:1089500000380240000002400004014000080240CC
:1089600070B514228AB0054600210DEB020005F017
:10897000B7FD2B68624A934260D1624B6248634CF8
:10898000002601961A6C42F400321A641A6C02F442
:1089900000320192019A02961A6B42F001021A63A8
:1089A0001B6B03F001030293029B0C220223CDE90F
:1089B000052303210723CDE9081305A900F0F2FDE3
:1089C00053484FF00063C4E900034023C4E9023672
:1089D00020464FF48063C4E90436C4E90666C4E95E
:1089E000086600F015FC08B1FAF706FB6C63DFF8C7
:1089F0003CE1A563474C4FF000634FF48062C4E94B
:108A000000E30023C4E9042320464FF48072C4E944
:108A10000233C4E90723A361636200F0F9FB08B1E4
:108A2000FAF7EAFAAC63262000220521A56300F0DC
:108A300099FB262000F0C8FB0AB070BD364A93426D
:108A4000FAD1304B354C002603961A6C42F4802242
:108A50001A641A6C02F480220392039A04961A6B29
:108A600042F004021A631B6B03F004030493049B9B
:108A70004FF440610223CDE9051303200723CDE91C
:108A8000080305A9264800F08DFDDFF8A4C04FF0CB
:108A90000063C4E900C34023C4E9023620464FF412
:108AA0008063C4E90436C4E90666C4E9086600F0D8
:108AB000AFFB08B1FAF7A0FA1A4A6C63A5631A4C27
:108AC0004FF00063C4E9002300234FF48062C4E93F
:108AD000042320464FF48072C4E90233C4E907231B
:108AE000A361636200F094FB08B1FAF785FAAC6306
:108AF000272000220521A56300F034FB272099E7F9
:108B0000004400400038024000000240D80300202A
:108B1000A0600240780300200048004018030020B5
:108B20000008024028600240B8020020886002402D
:108B30005860024030B589B000230293204B1A6C74
:108B400042F480721A641B6C03F48073029305462E
:108B500001A903A8029B01F08FFF069B4BBB01F00C
:108B60006BFF184A184B136040F2E733D360174B82
:108B7000B0FBF3F3013B5360104600231361936095
:108B8000936102F0E9FE044680B90E4802F0B2FD9E
:108B9000044658B92D2000F017FB0F2D0DD82246A2
:108BA00029462D2000F0DEFA094B1D60204609B051
:108BB00030BD01F041FF4000D3E70124F6E700BFDC
:108BC00000380240A03A00200020004040420F0040
:108BD00008000020FEE7FEE7FEE7FEE7FEE770473D
:108BE000014800F01DBC00BFB8020020014800F0A1
:108BF00017BC00BF18030020014800F011BC00BFE3
:108C000078030020014800F00BBC00BFD80300200F
:108C1000014800F074B900BF18080020014802F0B4
:108C2000A8BD00BF08050020014800F0B3BF00BF89
:108C300010070020014801F0F1BB00BF1007002021
:108C4000014803F07BBB00BF7C040020014803F017
:108C500075BB00BF3804002008B5044802F089FD48
:108C6000BDE80840024802F084BD00BFC0040020F7
:108C7000A03A0020014800F0D3BB00BFB00600209E
:108C8000014800F0CDBB00BFB8070020014800F04C
:108C9000C7BB00BFF8050020014800F0C1BB00BF02
:108CA00098050020014802F017BC00BF58060020BC
:108CB0000A4A0346106810B508B909481060094906
:108CC000094C0344091B8B4206D905F06FFC0C23A9
:108CD00003604FF0FF3010BD1360FCE7E83A00205E
:108CE00020EC01200000022000040000034AD2F81A
:108CF000883043F47003C2F88830704700ED00E01C
:108D0000DFF834D00D480E490E4A002302E0D45853
:108D1000C4500433C4188C42F9D30B4A0B4C0023C3
:108D200001E013600432A242FBD3FFF7DFFF05F03E
:108D300043FCFAF7C5F9704700000220000000204C
:108D40006000002028400108600000201CEC012089
:108D5000FEE7000008B50B4B1A6842F400721A6077
:108D60001A6842F480621A601A6842F480721A60CB
:108D7000032000F0E5F90520FFF7DCFEFFF7B0FB6C
:108D8000002008BD003C0240034A044B11681B78D8
:108D90000B441360704700BFEC3A00200400002031
:108DA000014B1868704700BFEC3A002038B5044604
:108DB000002800F09B80056C25B9FFF7B1FB6564C6
:108DC00084F83C50236CDB0600F18E80236C23F486
:108DD000885323F0020343F002032364444B5A6890
:108DE00022F440325A605A6861680A435A60236824
:108DF00021695A6822F480725A605A6842EA012254
:108E00005A605A68A16822F040725A605A680A4350
:108E10005A609A68E16822F400629A609A680A438C
:108E20009A603449A26A8A4252D0996821F07061EE
:108E3000996099680A439A609A68E16A22F0405200
:108E40009A609A680A439A609A6822F002029A60CD
:108E50009A68217E42EA41029A6094F82020002A12
:108E60003ED05A68616A42F400625A605A6822F43D
:108E700060425A605A68013942EA41325A60DA6AFD
:108E8000E16922F47002DA62DA6A013942EA0152D7
:108E9000DA629A6822F400729A609A6894F8301044
:108EA00042EA41229A609A68616922F480629A607B
:108EB0009A68002042EA81229A606064236C23F061
:108EC000030343F001032364002384F83C3038BDDE
:108ED0009A6822F070629A609A6822F04052B2E773
:108EE0005A6822F40062C9E70120EDE70120EEE7AD
:108EF000002301400100000F70477047704703686E
:108F000070B51E685D68B20704462BD5A80629D542
:108F1000226CD1065EBF226C42F4007222649A6811
:108F200012F0405F17D1227EAAB9DA6A12F4700FEC
:108F300002D09A6852050ED45A6822F020025A6074
:108F4000236C23F480732364236CD8045EBF236CEA
:108F500043F0010323642046FFF7CEFF23686FF040
:108F600012021A60710733D52A0631D5236CDB064D
:108F70005EBF236C43F40053236423689A6812F4A1
:108F8000401F1ED19A6B12F4401F02D09A68500500
:108F900017D45A68510514D49A6812F0405F10D162
:108FA000227E72B95A6822F080025A60236C23F440
:108FB00080532364236CDA055EBF236C43F0010306
:108FC0002364204600F0BAF823686FF00C021A60A0
:108FD000F30710D568060ED523681B68D9070AD594
:108FE000236C43F4803323642046FFF786FF236815
:108FF0006FF001021A60B2060ED56B010CD5636CDE
:1090000043F00203636423686FF020051D6020466F
:10901000FFF774FF23681D6070BD0000F7B50023E3
:10902000019390F83C30012B05467CD0012380F859
:109030003C3008682B688E68092884B230D904EB6C
:109040004402DF681E3A4FF0070C0CFA02FC27EAD4
:109050000C07DF60DF6806FA02F23A43DA6049681B
:10906000062901EB81022AD8596B053A1F26964042
:1090700021EA06015963596B04FA02F20A435A6362
:109080002A4A934207D1122834D1D2F8043343F448
:109090008003C2F80433002085F83C0003B0F0BD23
:1090A0001A6900EB400C072707FA0CF722EA0702BF
:1090B0001A611A6906FA0CF616431E61CFE70C29ED
:1090C0004FF01F010BD81E6B233A914026EA010195
:1090D0001963196B04FA02F20A431A63D0E7DE6AD5
:1090E000413A914026EA0101D962D96A94400C4381
:1090F000DC62C5E7A0F11003012BCCD80C4A536801
:10910000102843F400035360C5D10A4B0A4A1B6878
:10911000B3FBF2F30A2253430193019B002BBAD015
:10912000019B013BF8E70220B8E700BF00200140A7
:10913000002301400000002040420F007047000063
:109140000749CA6822F4E0620302120403F4E063F0
:10915000120C134343F0BF6343F40033CB607047FA
:1091600000ED00E0164B30B5DC68C4F30224C4F116
:109170000703251D042B28BF0423062D4FF0FF35C0
:109180008CBF033C002405FA03F321EA0303A54046
:1091900022EA0502A340002843EA0203ACBF00F123
:1091A0006040084A4FEA0313B8BF00F00F00DBB27B
:1091B000AABF00F56140135480F8003330BD00BFF2
:1091C00000ED00E014ED00E0002807DB4109044A4F
:1091D00000F01F000123834042F82130704700BF98
:1091E00000E100E0036810B5084C0246D9B210391E
:1091F0001820B1FBF0F0205CD06523F47F7020F0E4
:1092000003005F2988BF0430906510BDF43B01085E
:1092100070B50446FFF7C4FD0546002C60D002235C
:1092200084F835302268002384F83430136823F042
:109230000103136022681368D8072ED413683248DC
:10924000A1691840D4E901352B43E5682B43256912
:109250002B4365692B43E5690B432B43256A2B435D
:109260000343606A042802BFD4E90B5635432B43FD
:1092700013605369042823F0070343EA000335D140
:10928000A06AE56A03438DB391B9012820D030F07C
:1092900002012BD1E90129D51DE0FFF781FD401B1B
:1092A0000528C7D920230320636584F8350070BDE5
:1092B000B1F5005F16D1032818D801A151F820F0AC
:1092C000D792000895920008D7920008D192000822
:1092D000B5F1C07F0AD140236365012384F835309E
:1092E0000120E4E70228F6D90328D3D053612046B1
:1092F000FFF778FFE26D3F23934083600020012356
:10930000606584F83530D2E73F8010F070B590F892
:109310003440866D012C30D0012480F8344090F820
:109320003540012C4FF0000425D1022580F835503E
:1093300044650468256825F480252560636083689A
:10934000402B0EBFA260A160E260C26D08BFE16069
:109350003F239340B360236843F016032360036CFC
:109360001BB1236843F008032360236843F0010323
:109370002360002070BD80F834400220FAE770B509
:109380000446866DFFF70CFD94F83530022B054638
:1093900006D0802363650120002384F8343070BD3B
:1093A00023681A6822F016021A605A6922F08002B5
:1093B0005A61226C0AB9A26C1AB11A6822F008022A
:1093C0001A601A6822F001021A602368186810F007
:1093D000010007D1E26D3F239340B360012384F87D
:1093E0003530D9E7FFF7DCFC401B0528EDD92023F9
:1093F0000320636584F83500CEE790F83530022B02
:1094000003D080234365012070470268052380F85C
:109410003530136823F0010313600020704700000B
:10942000F7B5002301935C4B856D1F68C36D2E68F3
:1094300008229A40324204460CD00168086840076E
:1094400008D5086820F004000860AA60626D42F048
:109450000102626501229A40324208D021684969BE
:10946000090641BFAA60626D42F0020262650422F1
:109470009A40324208D021680968880741BFAA6033
:10948000626D42F00402626510229A40324210D0AE
:109490002368196809070CD5AA601A68500337D5E4
:1094A0001B68190301D4236C00E0A36C0BB12046A8
:1094B0009847E16D20228A4032423AD023681868EA
:1094C000C60636D5AA6094F83520052A1A6827D131
:1094D00022F016021A605A6922F080025A61226C48
:1094E0000AB9A26C1AB11A6822F008021A603F2366
:1094F0008B40AB60012384F83530002384F834308E
:10950000236D002B45D0204603B0BDE8F04018473E
:109510001A68D2055EBF1A6822F008021A60C2E714
:10952000500327D51B68190331D4636C0BB1204657
:109530009847636D6BB3636DDA0719D522684FF4F2
:109540001653B7FBF3F7052384F83530136823F07F
:1095500001031360019B0133BB42019302D81368DE
:10956000DB07F7D4012384F83530002384F8343046
:10957000E36CC6E71A6812F4807208D1196821F00A
:1095800010011960012384F8353084F83420E36B2E
:10959000CCE703B0F0BD00BF0000002090F835001C
:1095A000704700002DE9F74FDFF8A491664A0023C9
:1095B0000D6801249C4004EA0506AC4340F0AF80EE
:1095C0004D68032705F003044FEA430807FA08FC37
:1095D000671E012F6FEA0C0C34D8876807EA0C0E5F
:1095E000CF6807FA08F747EA0E078760476827EA57
:1095F000060EC5F300179F4047EA0E074760C7688D
:1096000007EA0C0E8F6807FA08F747EA0E07022CE4
:10961000C76019D14FEAD30A00EB8A0A03F0070B9F
:10962000DAF820704FEA8B0B4FF00F0E0EFA0BFE9C
:1096300027EA0E0E0F6907FA0BF747EA0E07CAF87A
:10964000207001E0032CDAD1076804FA08F407EA75
:109650000C073C4315F4403F046060D000240194A3
:10966000D9F8444044F48044C9F84440D9F844400F
:1096700023F0030707F1804704F4804407F59C3783
:10968000019403F0030C019CD7F808E04FEA8C0C1E
:109690000F2404FA0CF42EEA040E2C4CA04245D000
:1096A00004F58064A04243D004F58064A04241D018
:1096B00004F58064A0423FD004F58064A0423DD010
:1096C00004F58064A0423BD004F58064A04239D008
:1096D00004F58064A04214BF0824072404FA0CF4A3
:1096E00044EA0E04BC609468F74315F4801F0CBF75
:1096F0003C4034439460D46815F4001F0CBF3C40D8
:109700003443D460546815F4003F0CBF3C403443EC
:1097100054601468ED0354BF3C403443146001337B
:10972000102B7FF445AF03B0BDE8F08F0024D5E7E0
:109730000124D3E70224D1E70324CFE70424CDE7B3
:109740000524CBE70624C9E7003C014000000240A5
:109750000038024000690840003818BF01207047F7
:109760000AB1816170470904FBE7436901EA03021A
:1097700021EA030141EA02418161704770B5044664
:1097800008B9012070BD90F83D3003F0FF021BB90D
:1097900080F83C20FEF71EFF242384F83D30236828
:1097A0001A6822F001021A601A6842F400421A6034
:1097B0001A6822F400421A6001F03EF93F4B6568D6
:1097C0009D4294BF3E4B3F4B98428CBF00230123E8
:1097D000002BD6D12268394E51683B4BB0FBF3F3D6
:1097E00021F03F011943B542516088BF4FF496768E
:1097F000116A88BF734321F03F0184BF4FF47A762A
:10980000B3FBF6F301330B431362D169431E2B48BC
:1098100021F44F41854221F0FF0132D86D0040F61E
:10982000FC70B3FBF5F30133034242D0C3F30B03E7
:109830001943D161D4E907301168034321F0C00115
:109840000B4313609168D4E9030321F403410343FC
:1098500021F0FF010B439360D4E90530D168034345
:1098600021F0FF010B43D360136843F00103136041
:1098700000202023206484F83D30206384F83E00DB
:1098800080E7A06850B905EB4505B3FBF5F301335C
:10989000C3F30B037BB143F40043C9E719206843CA
:1098A000B3FBF0F30133C3F30B0323B143F44043A1
:1098B000BEE70423BCE70123BAE700BFA08601008E
:1098C0007F841E00FF083D0040420F007047704734
:1098D0007047704770477047704790F83D2008B553
:1098E000036DD2B283B9C36C0268012B836C05D1BE
:1098F000DBB21361036D0233036508BDC3F30723B5
:109900001361036D0133F7E7036D012B03D1836C02
:109910000268DBB2F4E7036D022BEED1222A05D1F7
:109920000268136843F480731360EAE7438D9BB2C7
:1099300063B1212A0AD1436A026813F8011B11613D
:109940004362438D013B9BB24385D6E7438D9BB277
:10995000002BD2D1212AD0D10268516821F4E061D4
:109960005160116841F4007111602022036380F896
:109970003D2080F83E30FFF7AFFFBEE770477047ED
:109980007047000037B5002301932D4B806B1B6897
:1099900090F83D2046F2A811B3FBF1F323214B438D
:1099A00001930368D2B2019941BB016C41F02001DF
:1099B0000164446B0CB10021E163816B09B10025A6
:1099C000CD631D6825F480651D600025458504B1C3
:1099D000256501B10D65196821F00101196090F844
:1099E0003D10602911D1202380F83D30002380F8FC
:1099F0003E300364FFF7C4FF03B030BD0199013965
:109A0000019119688905CED4D3E702F02802282AEB
:109A10000ED1196841F001011960196841F48061A3
:109A200019600023036380F83D20FFF7A8FFE3E7F8
:109A3000202380F83D30002380F83E30F5E700BF5A
:109A40000000002010B590F83D2090F83E30102B1B
:109A5000D9B204460368D2B201D0402913D1222AD8
:109A600011D1196821F400611960596811F400617D
:109A700006D1602A1EBF202284F83D2084F83E10C3
:109A80000022226307E002F028012829EDD10022FC
:109A9000226384F83D105A6812F400624FD05A686D
:109AA000606B22F400625A6090F83530012B374B1E
:109AB0002BD00365FFF7A1FC50B12268606B1368DF
:109AC00023F001031360202384F83D30036D984791
:109AD000236C19071FBF2268536823F4E0635360A7
:109AE00094F83D30226C5207DBB20DD5282B0BD1F8
:109AF000274BE362202200232363204684F83D2085
:109B000084F83E30FFF7E7FE10BDA06B0365FFF75A
:109B100074FC0028DCD023685A69510605D51A69FF
:109B2000636A1A70636A013363622268A06B136808
:109B300023F001031360202384F83D30C6E794F836
:109B40003D10602915D1202184F83D1022645A6906
:109B5000520605D51A69636A1A70636A0133636233
:109B60002268136823F0010313602046FFF708FF03
:109B7000AEE75A69500605D51A69636A1A70636AB6
:109B8000013363622046FFF7FAFEA1E785990008DA
:109B90000000FFFFF0B5036804465A68C66A90F8F3
:109BA0003E0094F83D1010288FB0C5B2C9B202D063
:109BB000402D40F0CF829F69586910F0010F07D106
:109BC000B6F52A0F02D0B6F12A4F51D10FB0F0BD31
:109BD00096054DD5E26AB2F52A0F0CD10122E26258
:109BE00094F83E20402A11D1226D52B9626C02F0E5
:109BF000FE021A61EAE7E26AB2F12A4FF0D10822C6
:109C0000EDE7626C42F00102D2B2F2E72269B2F5EE
:109C1000804F1AD194F83D20212A626C11D102F0B4
:109C2000FE021A61626B0AB1D26B2AB9A26B002ADA
:109C3000CCD0D26B002AC9D05A6842F400625A6074
:109C4000C4E742F00102D2B2EBE7226D32B9626C96
:109C5000D21102F0060242F0F002CAE7226D012A98
:109C6000B4D1626CD21102F0060242F0F102C0E7F8
:109C7000060703D5960501D5626CE4E7860740F137
:109C8000E880960540F1E58094F83E10E26A256B85
:109C900094F83D002228C9B240F0D380206D40B92D
:109CA000402906D101905A6901929B690193019B59
:109CB0008CE7216D89B92069B0F5404F0DD1029133
:109CC0005A6902929A690292029A1A6842F4807260
:109CD0001A60236D0133236578E7618D89B251B92C
:109CE00003915A6903929A690392039A1A6842F49B
:109CF00000721A6019E0618D89B2012949D112F50B
:109D0000803F1BD11A6822F480621A605A6812F4EC
:109D100000620CD01A6822F480621A600022049259
:109D20005A6904929B690493049B0023D3E705922C
:109D30005A6905929A690592059AD7E7082A1CD0B4
:109D4000202A1AD0122D0DD1012A16D11A6822F418
:109D500080621A60002206925A6906929B690693F5
:109D6000069BE2E7102AF1D8974941FA02F2D70799
:109D7000ECD41A6842F48062EBE71A6822F480623D
:109D80001A60002207925A6907929A690792079A05
:109D9000ACE7618D89B2022930D1102A03D88B49F2
:109DA000D140CE0715D4196821F480611960196873
:109DB00041F40061196059680D0514D5202A1AD89C
:109DC000072A0AD8012A0ED15A6842F480525A60F2
:109DD00009E0196841F48061ECE7A2F108017C4ACE
:109DE000CA40D007F0D4002208925A6908929B69B1
:109DF0000893089B99E712F5803FE4E7196841F45E
:109E0000806119605968090510D5202A16D8072ADB
:109E100006D8012A0AD15A6842F480525A6005E0F5
:109E2000A2F108016A4ACA40D207F4D4002209927A
:109E30005A6909929B690993099B76E712F5803F5D
:109E4000E8E700220A925A690A929B690A930A9BE0
:109E5000BCE67F0740F18D805E6836053FF5B6AE03
:109E6000070600F004063ED550053CD5002E3DD136
:109E700094F83D20258D94F83E10E06AD2B2C9B224
:109E8000C5B9212A18D1082858D0202856D010F555
:109E9000803F53D05A6822F4E0625A601123236352
:109EA000002384F83E30202384F83D302046FFF71D
:109EB0000DFD8BE6212A05D040297FF487AE222AAA
:109EC0007FF484AE628D92B21AB95A6822F480622D
:109ED000B5E694F83E20402A16D120460FB0BDE8E2
:109EE000F040FFF7FABC002E3FF470AE97057FF507
:109EF0006DAE212939D1E16A94F83D20212A7FF401
:109F000065AE628D92B24AB1626A12F8011B1961A4
:109F10006262638D013B9BB2638557E608290DD0D1
:109F200020290BD011F5803F08D0596821F4E06159
:109F300059601123236384F83E20B4E75A6822F461
:109F4000E0625A601A6842F400721A60002320220C
:109F5000236384F83D2094F83E2084F83E30402A64
:109F60002046A4D1FFF7B8FC30E6402D7FF42EAE9A
:109F7000B3E759680E053FF529AE450600F0040128
:109F80007DD550057BD500297CD194F83D20222A2F
:109F90007FF41CAE628D92B2032A1BD91A69636AE0
:109FA0001A70636A01336362638D013B9BB2638500
:109FB000638D9BB2032B7FF409AE2268536823F4B0
:109FC0008063536002E600BFEBFFFEFF1400010058
:109FD00001010001E06A02283FF477AF012A3FF651
:109FE00074AF764A0B91126846F2A811B2FBF1F2F7
:109FF00002EB82020B920B9A013A0B920B99D1B9A8
:10A00000226C42F0200222645A6822F4E0625A6014
:10A010001A69636A1A70636A01336362638D013B74
:10A020009BB26385202384F83D30204684F83E109F
:10A03000FFF7A5FCCAE51A6812F40072DBD11968B3
:10A0400021F480611960596821F4E061596019694F
:10A05000636A1970636A01336362638D013B9BB26B
:10A060006385202384F83D3094F83E3084F83E2008
:10A07000402B69D122632046FFF780FCA6E500292A
:10A080003FF4A4AD92057FF5A1ADE26A608D616AEF
:10A0900080B2042809D15A6822F480625A601B6990
:10A0A0000B70636A0133636233E7608D80B203280B
:10A0B0000CD15868042A20F480605860EFD0022A3E
:10A0C000EDD01A6822F480621A60E8E7608D80B2F1
:10A0D0000228E4D1042A33D007D8012A07D0022A63
:10A0E0002ED01A6842F4007204E0102AF9D11A68DE
:10A0F00022F480621A601B690B70626A531C6362EF
:10A10000638D013B9BB2638523681B695370636A4F
:10A11000226801336362638D013B9BB263855368A0
:10A1200023F440735360202384F83D3094F83E308C
:10A13000402B4FF0000384F83E3005D123639AE7AB
:10A140001A6842F48062D5E7122323632046FFF7A2
:10A15000BEFB3BE5206C18B35869002587072FD557
:10A1600096052DD5226C02B19D6994F83D2002F030
:10A170002802282A17D15A682F0622F480625A60D2
:10A18000C5F3800154BFE268A269002381F0010198
:10A19000C9B284F83C3092B22046FFF79BFB15E52C
:10A1A0009D695869DAE700220C9259690C919B6904
:10A1B0000C930C9B84F83C2008E500BF00000020B5
:10A1C000C60640F1B180950540F1AE8094F83D504F
:10A1D0005A6822F4E0625A6000220D925A690D9288
:10A1E0001A6842F001021A600D9A1A6822F480621D
:10A1F0001A605A681005EDB220D505F0F702222A40
:10A200004AD1A06B0268526892B26285628D92B2A6
:10A210001AB1226C42F0040222645A6822F40062ED
:10A220005A60FFF7BBF9012808D0A06B794B036592
:10A23000FFF7E3F810B1A06B036D9847638D9BB2F5
:10A2400013B323685A69510709D51A69636A1A70EA
:10A25000636A01336362638D013B9BB2638523684C
:10A260005A69520609D51A69636A1A70636A01331A
:10A270006362638D013B9BB26385638D9BB21BB1AF
:10A28000236C43F004032364236C13B320460FB004
:10A29000BDE8F040FFF7D6BB606B0268526892B22F
:10A2A0006285628D92B21AB1226C42F0040222647D
:10A2B0005A6822F400625A60FFF770F90128BDD095
:10A2C000606B544B0365FFF798F80028B6D0606BBD
:10A2D000B2E72A2D06D12363282384F83D30204697
:10A2E000FFF7F7FA94F83D30282B0CD14A4BE36284
:10A2F000202200232363204684F83D2084F83E304A
:10A30000FFF7E9FA62E4236B222B02D0222D7FF4BF
:10A310005DAC00232022236384F83D2084F83E3086
:10A320002046FFF7D6FA51E401F0F701212900F0A9
:10A33000040535D1070627D5560525D53DBB94F82C
:10A340003D00628D92B2C0B2002A3FF43FAC626A17
:10A3500012F8015B1D616262628D013A92B2628500
:10A36000628D92B2002A7FF431AC29287FF42EACA2
:10A370005A6822F480625A6028232163204684F8B8
:10A380003D30FFF7A5FA21E4002D3FF41FAC950501
:10A390007FF51CAC628D92B2002A3FF417ACB3E596
:10A3A000400627D5510525D53DBB94F83D20618D4C
:10A3B00089B2D2B200293FF409AC1969636A1970F5
:10A3C000636A01336362638D013B9BB26385638D76
:10A3D0009BB2002B7FF4FAAB2A2A7FF4F7AB2268FA
:10A3E000536823F48063536022232363282384F873
:10A3F0003D3095E7002D3FF4E9AB92057FF5E6ABE4
:10A40000628D92B2002A3FF4E1AB1A69636A1A7056
:10A4100047E600BF859900080000FFFFF8B5036814
:10A420005F695E6890F83E2017F480750446D2B2EA
:10A4300006D016F480751EBF6FF480715961012536
:10A44000B80506D5F10542BF6FF4007145F002056D
:10A450005961780536D5F10534D5608D94F83D10F5
:10A46000D4F830C0202A80B2C9B25BD1002859D1BB
:10A4700001F0F700212804D0282953D1BCF1210F85
:10A4800050D194F83D20E16A0829D2B201D02029A8
:10A490002AD1282A28D12C4AE2625A6822F4E062A2
:10A4A0005A606FF480625A611A6822F480621A60FE
:10A4B000002320222363204684F83D2084F83E3088
:10A4C000FFF709FA3A053BD5F30539D523686FF450
:10A4D000006245F008055A61236C1D43256420463F
:10A4E000BDE8F840FFF7AEBA212A17D11649E1625C
:10A4F0002263202284F83D20002284F83E205A68FE
:10A5000022F4E0625A606FF480625A611A6822F4A1
:10A5100080621A602046FFF7DBF9D3E76FF48062B0
:10A520005A61CFE76FF48061102A596145F0040544
:10A5300001D0402AC6D11A6842F400721A60C1E7FD
:10A54000002DC9D1F8BD00BF0000FFFF2DE9F34188
:10A55000044640B30368DE0710D423689D075BD42C
:10A560002368190700F19D8023685A0700F1BD8018
:10A57000A369002B40F0248100202CE08D4B9A68C9
:10A5800002F00C02042A07D09A6802F00C02082A92
:10A590000BD15B68590208D5864B1B689A03DCD542
:10A5A0006368002BD9D1012015E06368814DB3F5B4
:10A5B000803F13D12B6843F480332B60FEF7F0FB10
:10A5C0007C4E054633689B03C7D4FEF7E9FB401B6E
:10A5D0006428F7D9032002B0BDE8F081B3F5A02FBD
:10A5E00004D12B6843F480232B60E3E72A6822F42C
:10A5F00080322A602A6822F480222A60002BDDD172
:10A60000FEF7CEFB06462B689F03A6D5FEF7C8FBD8
:10A61000801B6428F7D9DDE7664B9A6812F00C0FAF
:10A6200007D09A6802F00C02082A11D15B685D021B
:10A630000ED4604A1368990702D5E368012BB2D1A2
:10A640001368216923F0F80343EAC103136087E725
:10A65000E268594BB2B101221A60FEF7A1FB554DD9
:10A6600006462B689B0707D52B68226923F0F80361
:10A6700043EAC2032B6073E7FEF792FB801B0228BC
:10A68000EFD9A7E71A60FEF78BFB4A4E0546336801
:10A690009F077FF565AFFEF783FB401B0228F6D9C5
:10A6A00098E76269444B82B10122C3F8802EFEF71D
:10A6B00077FB404E0546736F9B073FF555AFFEF79E
:10A6C0006FFB401B0228F6D984E7C3F8802EFEF703
:10A6D00067FB384E0546736F9F077FF545AFFEF762
:10A6E0005FFB401B0228F6D974E7324B1A6C12F05C
:10A6F000805228D101921A6C42F080521A641B6C6D
:10A7000003F080530193019B01272C4D2B68D80542
:10A710001BD5A368274D012B27D12B6F43F00103D5
:10A720002B67FEF73DFB234E054641F28838336F19
:10A730009A0739D5002F3FF41BAF1E4A136C23F044
:10A740008053136414E70027DFE72B6843F480731A
:10A750002B60FEF725FB06462B68D905D9D4FEF7FA
:10A760001FFB801B0228F7D934E7052B04D12B6F80
:10A7700043F004032B67D0E72A6F22F001022A6717
:10A780002A6F22F004022A67002BCAD1FEF708FBC9
:10A7900041F2883806462B6F9B07CBD5FEF700FBAE
:10A7A000801B4045F7D915E7FEF7FAFA401B4045F4
:10A7B000BDD90FE70038024000004742007000405A
:10A7C000374DAA6802F00C02082A3ED0022B354B06
:10A7D0004FF000021A662BD1FEF7E2FA06462B680C
:10A7E00099011FD4D4E907321343626A43EA821302
:10A7F000E26A43EA0263A26A5208013A43EA024368
:10A800006B60284B264D01221A66FEF7C9FA0446F2
:10A810002B689A013FF5B0AEFEF7C2FA001B022882
:10A82000F6D9D7E6FEF7BCFA801B0228D7D9D1E6C5
:10A83000FEF7B6FA04462B689B017FF59DAEFEF746
:10A84000AFFA001B0228F6D9C4E6012B3FF4ABAEE9
:10A850006B68E26903F4800191427FF4A4AE216A3F
:10A8600003F03F028A427FF49EAE616A47F6C072EF
:10A870001A40B2EB811F7FF496AEA26A520803F42D
:10A880004031013AB1EB024F7FF48DAEE26A03F042
:10A890007063B3EB026F14BF012000209BE600BF82
:10A8A0000038024000004742134908B58B6803F0A6
:10A8B0000C03042B1CD0082B1CD14A684B68496838
:10A8C00013F4800314BF0D480D48C1F3881118BF5D
:10A8D000002302F03F02A1FB0001F6F71BFB064B31
:10A8E0005B68C3F3014301335B00B0FBF3F008BDC9
:10A8F0000248FCE70248FAE70038024000127A00FA
:10A900000024F4002DE9F0410D46044610B9012061
:10A91000BDE8F081434B1A6802F007028A4228D34F
:10A9200021688F072DD4C80740D43E4B1A6802F027
:10A930000702AA4265D8226851076BD4130707D5CE
:10A94000394A2169936823F4604343EAC103936061
:10A95000FFF7AAFF344B354A9B68C3F30313D35C5C
:10A96000D840334B1860334B1868FEF7E3F80020EB
:10A97000CEE7CAB21A701B6803F007038B42C6D138
:10A98000CEE7294B11F0040F1EBF9A6842F4E05243
:10A990009A600E0742BF9A6842F460429A609A68D1
:10A9A000A06822F0F00202439A60BCE762681E4B86
:10A9B000012A1CD11B6813F4003FA8D01A4EB368BB
:10A9C00023F003031343B360FEF7EAF941F288383A
:10A9D0000746B368626803F00C03B3EB820FA4D0A0
:10A9E000FEF7DEF9C01B4045F3D9032090E7911E26
:10A9F00001291B6802D813F0007FDEE713F0020F75
:10AA0000DBE7EAB21A701B6803F00703AB427FF47E
:10AA10007EAF90E70449E0688B6823F4E05303437A
:10AA20008B608BE7003C024000380240E43B0108A9
:10AA30000000002008000020044B054A9B68C3F377
:10AA40008223D35C034A1068D84070470038024024
:10AA5000DC3B010800000020044B054A9B68C3F35F
:10AA60004233D35C034A1068D84070470038024034
:10AA7000DC3B0108000000200F2303600B4B9A68A9
:10AA800002F0030242609A6802F0F00282609A6863
:10AA900002F4E052C2609B68DB0803F4E0530361F8
:10AAA000034B1B6803F007030B607047003802403C
:10AAB000003C024082B000230093134B45F6C05285
:10AAC0001B68B3FBF2F36422534301930368019ABA
:10AAD0009AB9426D42F0400242651A6822F0400283
:10AAE0001A605A6822F0E0025A60DB680093009B0B
:10AAF000072380F8513002B07047019A013A019261
:10AB00009A689207E3D5E8E70000002003685A68D6
:10AB100022F080025A601A6822F040021A6007236D
:10AB200080F85130704700002DE9F3411C4616466D
:10AB30000F460546FEF734F93444241AFEF730F97F
:10AB4000244B1B68C3F3CB336343804601932A68CD
:10AB5000936837EA030301D000202EE0731CF7D07E
:10AB6000FEF71EF9A0EB0800A04229D32B685A6813
:10AB700022F0E0025A606A68B2F5827F0AD1AA68C0
:10AB8000B2F5004F02D0B2F5806F03D11A6822F0FF
:10AB900040021A60AA6AB2F5005F07D11A6822F46F
:10ABA00000521A601A6842F400521A60012385F8B4
:10ABB0005130002385F85030032002B0BDE8F08109
:10ABC000019A019B002A03F1FF33019308BF144649
:10ABD000BDE700BF0000002038B513464268B2F55B
:10ABE000827F044606D00A460121FFF79DFFB8B9CF
:10ABF000002038BD8268B2F5004F02D0B2F5806FF8
:10AC000007D125682868B2F5806F20F040002860E1
:10AC100003D00A4680212046E7E70A460121FAE7E9
:10AC2000636D43F0200363650320E2E737B5134605
:10AC3000124A1568124AB5FBF2F54FF47A72554381
:10AC400042680195B2F5827F04460BD10A46802105
:10AC5000FFF76AFF78B1636D43F02003636503205B
:10AC600003B030BD019B33B1019B013B01932368CD
:10AC70009B681B06F6D40020F2E700BF000000200E
:10AC800000366E0110B50446002855D0436A002BEB
:10AC90004ED14268B2F5827F00D0C3610023A36227
:10ACA00094F8513003F0FF0223B984F85020204675
:10ACB000FDF720FD2168A068A269022384F85130C5
:10ACC0000B6823F040030B60636800F4044003F456
:10ACD00082730343E06800F400600343206900F0DE
:10ACE00002000343606900F00100034302F40070B6
:10ACF0000343E06900F038000343206A00F080005D
:10AD00000343A06A00F4005003430B60636A120C13
:10AD100003F0100302F004021A434A60CB6923F4E3
:10AD20000063CB6100200123606584F8513010BDC1
:10AD30000023C0E90433B1E70120F8E72DE9F74328
:10AD40001F4690F85030012B04460D46904600F007
:10AD5000A080012380F85030FEF722F894F851309B
:10AD6000012B8146D8B240F09280002D61D0B8F11D
:10AD7000000F5ED0032384F8513000236365C4E9DB
:10AD80001033A4F83680A363A387E387A3682668FB
:10AD90002563B3F5004FA4F8348007D1336823F05E
:10ADA00040033360336843F4804333603368E268C0
:10ADB0005B065EBF336843F040033360B2F5006F5B
:10ADC00063683FD113B1B8F1010F07D135F8023BE9
:10ADD000F3602563E38E013B9BB2E386E38E9BB277
:10ADE000A3B94A4639462046FFF720FF00284BD139
:10ADF000A36833B901932368DA6801929B680193D1
:10AE0000019B606D003818BF012012E02268936832
:10AE1000980705D5236B33F8021BD1602363D9E76C
:10AE2000FDF7BEFFA0EB0900B842D7D3791CD5D0FF
:10AE30000320012384F85130002384F8503003B0FC
:10AE4000BDE8F08313B1B8F1010F08D12B7833734B
:10AE5000236B01332363E38E013B9BB2E386E38ED6
:10AE60009BB2002BBDD023689A68920703D5226B52
:10AE700012781A73ECE7FDF793FFA0EB0900B842D4
:10AE8000EDD37B1CEBD0D3E720236365B0E7022032
:10AE9000CFE70220D3E72DE9F7431E4690F8503064
:10AEA000DDF82880012B04460D46914600F0E18034
:10AEB000012380F85030FDF773FF94F85130626839
:10AEC000012B0746D9B20AD0B2F5827F40F0CF807D
:10AED000A368002B40F0CB80042940F0C88015B156
:10AEE000B9F1000F09D10120012384F8513000236A
:10AEF00084F8503003B0BDE8F083002EF3D094F80E
:10AF00005130C4F83890042B1CBF052384F851300D
:10AF100000236365C4E910332368E687E686196871
:10AF2000A687490658BF1968256358BF41F04001FC
:10AF3000A68658BF1960E168B1F5006F48D10AB123
:10AF4000012E07D135F8022BDA60E38E2563013B31
:10AF50009BB2E3860125E38E9BB263B9E38F9BB27C
:10AF60004BB93A4641462046FFF760FE002872D0B2
:10AF700020236365B7E721688B689A070DD5E38EB8
:10AF80009BB253B145B1236B33F8022BCA602363E4
:10AF9000E38E013B9BB2E38600258A6812F0010232
:10AFA0000CD0E38F9BB24BB1A36BC96823F8021B93
:10AFB000A363E38F013B9BB2E3871546FDF7F0FEE9
:10AFC000C01B4045C7D3B8F1FF3FC4D003208BE777
:10AFD0000AB1012E08D12A781A73236B0133236337
:10AFE000E38E013B9BB2E3860125E38E9BB21BB946
:10AFF000E38F9BB2002BB4D0226893689B070ED5D9
:10B00000E38E9BB25BB14DB1236B1B781373236B43
:10B0100001332363E38E013B9BB2E3860025226864
:10B02000916811F001010DD0E38F9BB253B1A36B76
:10B03000D2681A70A36B0133A363E38F013B9BB209
:10B04000E3870D46FDF7ACFEC01B4045CDD3B8F1FC
:10B05000FF3FCAD0BAE7A368002B7FF445AF23684F
:10B060000190DA6801929B680193019B3CE7022002
:10B070003AE702203EE72DE9F7431D464368B3F562
:10B08000827F0446894617460CD1836853B904234E
:10B0900080F85130134600950A46FFF7FCFE03B0D6
:10B0A000BDE8F08394F85030012B7FD0012384F861
:10B0B0005030FDF775FE94F85130012B8046D8B220
:10B0C00072D1B9F1000F5CD0002F5AD0A268C4F839
:10B0D000389000260423B2F5004F84F85130C4E9BB
:10B0E000106666652368E787A7872663A686E686D7
:10B0F00007D11A6822F040021A601A6822F48042CE
:10B100001A601A6856065EBF1A6842F040021A605A
:10B11000E368F3B1E38F9BB2FBB123689A68D2076F
:10B1200036D5DA68A36B23F8022BA363E38F013BC8
:10B130009BB2E387EEE723689A68D00718D5A26B25
:10B140001B7B1370A36B0133A363E38F013B9BB2A3
:10B15000E387E38F9BB2002BEDD142462946204680
:10B16000FFF73AFDE8B9606D003818BF012008E02C
:10B17000FDF716FEA0EB0800A842EAD3691CE8D050
:10B180000320012384F85130002384F8503086E7EF
:10B19000FDF706FEA0EB0800A842BBD36B1CB9D09C
:10B1A000EEE720236365DEE70220EAE7022076E788
:10B1B00038B5044690F85000012870D0012084F87A
:10B1C000500094F851000128C5B208D06068B0F56D
:10B1D000827F62D1A06800285FD1042D5DD1002953
:10B1E00033D0002A31D0002B2FD094F85100A38601
:10B1F00004281CBF052084F8510000206065E38608
:10B20000E387A38794F851302163042BC4E910002D
:10B2100018BF2449E06C12BF234B2449244BA2637E
:10B22000C0E90F31234BC364002321680365E38F1A
:10B230000C319BB2FEF76AF8034658B1636D43F0D8
:10B2400010036365012384F851300120002384F842
:10B25000503038BD2268A06C516841F00101516046
:10B26000C0E90F33C0E91333E38E216B9BB20C327C
:10B27000FEF74CF80028E1D123681A6852065EBF39
:10B280001A6842F040021A605A6842F020025A607E
:10B290005A6842F002025A60D8E70220D6E702203C
:10B2A000D7E700BFEDB300087FB40008E1B30008A2
:10B2B00019B40008F7B300081FB5454B45F6C05256
:10B2C0001B68B3FBF2F3642253430193019B009389
:10B2D00003685A6822F020025A605A681106044630
:10B2E0000AD53C4A4264009A002A59D1626D42F064
:10B2F00040026265019A00925A6852060AD5364A9F
:10B300002264009A002A53D1626D42F040026265C5
:10B31000019A00925A68900714D5A06C90B100234E
:10B320000365FEF72CF808B14023636523685A686B
:10B3300022F002025A60009A002A41D1626D42F066
:10B34000400262655A68D20711D5E06C78B10023DB
:10B350000365FEF714F808B14023636523681A6893
:10B3600022F040021A605A6822F001025A6000225C
:10B37000E287E286616D402918BF62650292D96852
:10B38000029199680291029903929B680393039B2F
:10B3900014BF10460120012384F8513004B010BDC1
:10B3A000009A013A009294F85120072A9BD1A1E714
:10B3B000009A013A009294F85120072AA1D1A7E7F8
:10B3C000009A013A00929A689107B4D5BAE700BF93
:10B3D000000000200DAB0008B5AA000870477047B8
:10B3E00008B5806BFFF7FBFF08BD704708B5806BA1
:10B3F000FFF7FBFF08BD806B026808B5536823F0B8
:10B4000003035360436D43F010034365012380F849
:10B410005130F5F7BFFF08BD38B50546846BFDF721
:10B42000BFFC2B681B68DB05024624D423685968DF
:10B4300021F020015960A168C9B96168B1F5827F26
:10B4400015D1596821F00301596020466421FFF7A6
:10B45000C3FB08B1202363650023E387012384F83D
:10B460005130636D3BB12046F5F794FF38BD596804
:10B4700021F00101E8E72046FFF7B0FFF6E738B515
:10B480000546846BFDF78CFC2B681B68DB050246C8
:10B490001ED421684B6823F020034B6020466421B2
:10B4A000FFF7C4FB18B1636D43F0200363652268A6
:10B4B000536823F0030353600023E386E3870123EB
:10B4C00084F85130636D1BB12046F5F763FF38BD3A
:10B4D0002046F5F745FFFAE7F0B503685D689A681E
:10B4E000560685B004464FEA9211C2F3801708D47D
:10B4F000D60706D56E0604D5036C05B0BDE8F0404E
:10B500001847960704D5280602D5636C2046F4E751
:10B5100041EA521102F4807001F0010101434FEA47
:10B52000521657D0AA0655D57FB194F85120032A58
:10B530004FF0000148D0626D42F004026265009154
:10B54000DA6800929A680092009AF1070CD5626D51
:10B5500042F001026265002202929A6802921A6821
:10B5600022F040021A60029A40B1626D42F0080275
:10B570006265002203929A680392039A626D4AB34D
:10B580005A6822F0E0025A60012284F85120AA078A
:10B5900022D05A68E06C22F003025A6040B1104B8E
:10B5A0000365FDF72AFF18B1636D43F0400363653F
:10B5B000A06C78B10A4B0365FDF71FFF50B1636DB6
:10B5C00043F04003636505E00191DA6801929B68EE
:10B5D0000193019B05B0F0BD2046F5F7DBFEF9E7CE
:10B5E000E5B5000808B5806B0023C387C386F5F76F
:10B5F000D1FE08BD036A23F0010370B50362036A3C
:10B60000446882690D6822F073022A438D6823F032
:10B6100002032B430C4DA84203D005F58065A842D8
:10B620000BD1CD6823F008032B43D1E9055624F450
:10B630004074354323F004032C43446082614A681C
:10B640004263036270BD00BF00000140036A23F43F
:10B65000807370B50362036A4468C2690D6822F0A2
:10B6600073022A438D6823F4007343EA05230D4DCA
:10B67000A84203D005F58065A8420DD1CD6823F41A
:10B68000006343EA0523D1E9055624F440543543C9
:10B6900023F4806344EA05144460C2614A68C263CB
:10B6A000036270BD00000140036A23F4805330B58B
:10B6B0000362036A4468C2690D6822F4E64242EA02
:10B6C00005228D6823F4005343EA0533084DA84250
:10B6D00003D005F58065A84204D14D6924F4804467
:10B6E00044EA85144460C2614A680264036230BD62
:10B6F0000000014090F83D30012B30D1022380F84A
:10B700003D300368DA6842F00102DA60154A93427C
:10B710001AD0B3F1804F17D0A2F57C42934213D0D8
:10B7200002F5806293420FD002F5806293420BD003
:10B7300002F57842934207D002F57052934203D04B
:10B74000A2F59432934204D19A6802F00702062AC5
:10B7500003D01A6842F001021A60002070470120ED
:10B76000704700BF00000140704770477047704746
:10B77000704703681A69910710B504460ED5DA6858
:10B7800092070BD56FF002021A61012202779B69C2
:10B790009B0777D0FFF7EAFF0023237723681A6916
:10B7A000500710D5DA6851070DD56FF004021A6101
:10B7B000022222779B6913F4407F204668D0FFF76E
:10B7C000D5FF0023237723681A6912070FD5DA689B
:10B7D00010070CD56FF008021A6104222277DB698A
:10B7E000990720465AD0FFF7C1FF0023237723682B
:10B7F0001A69D20610D5DA68D0060DD56FF010029E
:10B800001A6108222277DB6913F4407F20464BD06F
:10B81000FFF7ACFF0023237723681A69D10708D507
:10B82000DA68D20705D56FF001021A612046F7F7F2
:10B83000D9FB23681A69100608D5DA68110605D500
:10B840006FF080021A61204600F0CDFB23681A6970
:10B85000520608D5DA68500605D56FF040021A6125
:10B860002046FFF785FF23681A69910622D5DA681A
:10B8700092061FD56FF0200220461A61BDE81040E5
:10B8800000F0B0BBFFF771FF2046FFF770FF83E7C2
:10B89000FFF76BFF2046FFF76AFF92E7FFF765FFB0
:10B8A0002046FFF764FFA0E7FFF75FFF2046FFF7A2
:10B8B0005EFFAFE710BD0000254A0368904212D03A
:10B8C000B0F1804F0FD0A2F57C4290420BD002F530
:10B8D0008062904207D002F58062904203D002F568
:10B8E0007842904208D14A6823F070031343CA6833
:10B8F00023F44073134316E0164A9042F7D002F542
:10B9000080629042F3D002F580629042EFD0A2F5BF
:10B9100098329042EBD002F580629042E7D002F577
:10B9200080629042E3D04A6923F0800313430360AE
:10B930008B68C3620B688362054B984203D003F5A2
:10B940008063984201D10B6903630123436170470F
:10B95000000001400040014010B5044630B390F8AB
:10B960003D3003F0FF021BB980F83C20FCF740FF9C
:10B970000223206884F83D30211DFFF79DFF01233D
:10B9800084F84630002084F83E3084F83F3084F854
:10B99000403084F8413084F8423084F8433084F8F1
:10B9A000443084F8453084F83D3010BD0120FCE778
:10B9B00010B5044630B390F83D3003F0FF021BB9D8
:10B9C00080F83C20FCF764FF0223206884F83D30B7
:10B9D000211DFFF771FF012384F84630002084F811
:10B9E0003E3084F83F3084F8403084F8413084F8A9
:10B9F000423084F8433084F8443084F8453084F889
:10BA00003D3010BD0120FCE710B5044630B390F87E
:10BA10003D3003F0FF021BB980F83C20FFF7A4FE85
:10BA20000223206884F83D30211DFFF745FF0123E4
:10BA300084F84630002084F83E3084F83F3084F8A3
:10BA4000403084F8413084F8423084F8433084F840
:10BA5000443084F8453084F83D3010BD0120FCE7C7
:10BA6000036A23F0100370B50362036A44688269B5
:10BA70000D6822F4E64242EA05228D6823F0200395
:10BA800043EA05130D4DA84203D005F58065A84291
:10BA90000DD1CD6823F0800343EA0513D1E90556A3
:10BAA00024F44064354323F0400344EA85044460B1
:10BAB00082614A688263036270BD00BF000001407A
:10BAC00038B590F83C30012B04464FD00120082AAD
:10BAD00084F83C003AD006D8BAB1042A26D0002314
:10BAE00084F83C3038BD0C2AF9D12068FFF7DCFD22
:10BAF000C3690A6943F40063C361C36923F48063C3
:10BB0000C361C36943EA02232EE02068FFF772FD98
:10BB100083690A6943F008038361836923F004039E
:10BB200083618369134383610020D8E72068FFF7AE
:10BB300097FF83690A6943F400638361836923F48F
:10BB400080638361836943EA0223ECE72068FFF79F
:10BB50007DFDC3690A6943F00803C361C36923F02B
:10BB60000403C361C3691343C361DDE70220B9E77E
:10BB700070B5046A194E24F001040462B04284696D
:10BB8000056A26D0B0F1804F23D0A6F57C46B0429E
:10BB90001FD006F58066B0421BD006F58066B04225
:10BBA00017D006F57846B04213D006F57056B0426D
:10BBB0000FD0A6F59436B0420BD044F0010263F3E7
:10BBC000071201F00A0125F00A031943826101629C
:10BBD00070BD24F003042243F1E700BF00000140E0
:10BBE000F8B590F83C30012B05460C4600F08280F9
:10BBF0000120082A85F83C005CD006D842B3042A0C
:10BC000036D0002385F83C30F8BD0C2AF9D12B68DA
:10BC1000CE68D1E90027196A21F480511962D969E7
:10BC2000186A21F44071120341EA072120F42040F0
:10BC300002F4204266F30F310243D9611A62DA69D5
:10BC4000A16822F44062DA61DA6942EA01224FE037
:10BC50002868CB68D1E90012FFF78AFF8369A268E0
:10BC600023F00C0383618369134383610020C8E7D9
:10BC70002B68CE68D1E90027196A21F010011962FA
:10BC80009969186A21F44071120141EA072120F0F4
:10BC9000A00002F0A00266F30F31024399611A621C
:10BCA0009A69A16822F440629A619A6942EA012283
:10BCB0009A61DBE72B68E768186A20F48070D1E9A5
:10BCC00000211862DE69186A26F003061202314369
:10BCD00020F4206002F4206267F307110243D96167
:10BCE0001A62DA69A16822F00C02DA61DA690A43A1
:10BCF000DA61BBE7022087E710B584680A4324F4C1
:10BD00007F4442EA03222243826010BD38B590F896
:10BD10003C30012B04464FF0020000F08E8084F886
:10BD20003D000122206884F83C20836823F47F438F
:10BD300023F0770383600B68602B4FD032D8402B01
:10BD400064D016D8202B0DD00AD833F0100109D0BA
:10BD5000012384F83D30002384F83C30104638BD80
:10BD6000302BF5D1826822F07002134343F00703B1
:10BD700028E0502BECD14A68CD68016A036A23F0B1
:10BD800001030362836921F00A0123F0F00343EA0F
:10BD900005130A4383610262836823F0700343F052
:10BDA00057030FE0B3F5805F0DD0B3F5005F0CD003
:10BDB000702BCDD1CB68D1E90121FFF79DFF8368BE
:10BDC00043F0770383600022C2E7CB68D1E9012109
:10BDD000FFF792FF836843F48043F3E7036A4D68FB
:10BDE000C96823F0100303628269036A22F4704277
:10BDF00023F0A00343EA051342EA013282610362A1
:10BE0000836823F0700343F06703DBE74A68CD687B
:10BE1000016A036A23F001030362836921F00A01C6
:10BE200023F0F00343EA05130A4383610262836847
:10BE300023F0700343F04703C4E702468EE7036A2A
:10BE400010B501F01F0101248C4023EA04030362B2
:10BE5000036A8A401A43026210BD000008B529B97E
:10BE600090F83E30012B1FD0012035E0042907D186
:10BE700090F83F30012BF7D1022380F83F3016E0D5
:10BE800008290CBF90F8403090F84130013B18BFB2
:10BE90000123002BE8D108294FF002030CBF80F8E2
:10BEA000403080F8413002E0022380F83E300068E4
:10BEB0000122FFF7C4FF164B984203D003F58063BD
:10BEC00098420AD1436C43F400434364836803F00F
:10BED0000703062B17D1002008BDB0F1804FF5D025
:10BEE0000C4B9842F2D003F580639842EED003F5F4
:10BEF00080639842EAD003F59A339842E6D0A3F5DE
:10BF000094339842E2D0036843F001030360E2E710
:10BF10000000014000040040FFF7A0BF30B590F8DA
:10BF20003C30012B02464FF0020032D0136882F8F9
:10BF30003D005C680D68986824F070042C435C60D8
:10BF4000144CA3421AD0B3F1804F17D0A4F57C440F
:10BF5000A34213D004F58064A3420FD004F580649B
:10BF6000A3420BD004F57844A34207D004F57054E3
:10BF7000A34203D0A4F59434A34204D1496820F02D
:10BF80008000014399600123002082F83D3082F84F
:10BF90003C0030BD0000014090F83C30012B0246CF
:10BFA0001ED0CB68886823F440730343486823F4A9
:10BFB00080630343086823F400630343086923F4A0
:10BFC000805303434869C96923F40053034323F4AE
:10BFD00080430B43116800204B6482F83C0070479B
:10BFE0000220704770477047026802F10C0353E863
:10BFF000003F23F490730C3242E8003102680029BC
:10C00000F2D102F1140353E8003F23F0010302F1DF
:10C01000140C4CE800310029F3D1036B012B0BD138
:10C0200002F10C0353E8003F23F0100302F10C0C63
:10C030004CE800310029F3D1202380F83E30002362
:10C04000036370470268C16838B5136923F440532D
:10C050000B431361054683680069D168034368692F
:10C060000343E86921F4164121F00C0103430B431B
:10C07000D3605369A96923F440730B4353611F4B89
:10C080009A4203D003F580639A4224D1FEF7E4FC80
:10C09000EA691921B2F5004FD5E90043A0FB01017F
:10C0A0001CD1DA184FF0000545EB0503F4F732FF19
:10C0B0006422B0FBF2F102FB1103DB003233B3FB6D
:10C0C000F2F303F007025B0002EB011203F4F873D2
:10C0D0001344A36038BDFEF7AFFCD9E79A009B0F6D
:10C0E000F4F718FF6422B0FBF2F102FB11031B010D
:10C0F0003233B3FBF2F303EB0113EAE70010014024
:10C10000F8B504460E4617461D462268136836EAFF
:10C11000030301D1002028E06B1CF7D025B1FCF708
:10C120003FFEC01B8542F0D2226802F10C0353E8A7
:10C13000003F23F4D0730C3242E80030216800281D
:10C14000F2D101F1140353E8003F23F0010301F1A0
:10C15000140040E80032002AF3D1202384F83D3057
:10C1600084F83C2084F83E300320F8BD10B5044626
:10C1700040B390F83D3003F0FF021BB980F83C203B
:10C18000FCF7EEFB2268242384F83D30D36823F4C7
:10C190000053D3602046FFF755FF23681A6922F445
:10C1A00090421A615A6922F02A025A61DA6842F40E
:10C1B0000052DA6000202023206484F83D3084F8A7
:10C1C0003E3010BD0120FCE72DE9F843984690F879
:10C1D0003D30202B04460E46174648D1002944D056
:10C1E000002A42D090F83C30012B40D0012380F847
:10C1F0003C3000252123056480F83D30FCF7D0FD5C
:10C20000A368A784B3F5805F8146E78403D12369DF
:10C210000BB935461E46002384F83C30E38C9BB2B4
:10C2200053B943464A4640212046FFF769FF50B9BB
:10C23000202384F83D3007E043464A4680212046CB
:10C24000FFF75EFF10B10320BDE8F88322684EB906
:10C2500035F8023BC3F308035360E18C013989B21E
:10C26000E184DBE716F8013BF6E70120ECE702206A
:10C27000EAE770477047704708B5806B0023C385B5
:10C28000C384FFF7F8FF08BD704790F83E30222BBB
:10C2900007B541D181680268836AB1F5805F3DD1FD
:10C2A000016900293DD15268C2F3080223F8022B2C
:10C2B0008362C38D013B9BB2C385002B2CD10268E6
:10C2C000D16821F02001D160D16821F48071D16062
:10C2D000516921F001015161202280F83E20026B5A
:10C2E000012A026827D1036302F10C0353E8003FDF
:10C2F00023F0100302F10C0C4CE800310029F3D1BB
:10C300001368DB0605D50191136801935368019307
:10C31000019B818DFFF7B8FF03B000BD39B90169FA
:10C3200029B95268D2B21A70836A0133C0E75268E1
:10C3300002F07F02F7E7FFF79DFFEDE703681A6859
:10C3400073B51607D9685D69044608D1960668D5A5
:10C350008D0666D502B0BDE87040FFF796BF05F0C8
:10C36000010001F4907505435BD0D60705D5CD05D6
:10C3700042BF236C43F001032364530704D518B173
:10C38000236C43F002032364960704D518B1236C91
:10C3900043F004032364150707D501F0200303438A
:10C3A0001EBF236C43F008032364236C002B32D0A0
:10C3B000920604D58B0602D52046FFF766FF266855
:10C3C0007369226C03F0400302F0080253EA02058D
:10C3D000204622D0FFF708FE73695E0618D5226852
:10C3E00002F1140353E8003F23F04003143242E803
:10C3F00000310029F3D1A06B50B1724B0365FCF7FB
:10C40000FCFF40B1A06B036D02B0BDE8704018475F
:10C410002046FFF730FF02B070BDFFF72CFF256408
:10C42000F9E7206B012840F09180D50640F18E801D
:10C43000C80640F18B80002201921A6801925A6866
:10C440000192019A5A6952064CD5A16B0A6852684A
:10C4500092B2002ADFD0A08D9042DCD9E285CA6971
:10C46000B2F5807F36D003F10C0252E8002F22F49F
:10C47000807203F10C0040E800210029F3D103F1A0
:10C48000140252E8002F22F0010203F1140040E8E8
:10C4900000210029F3D103F1140252E8002F22F009
:10C4A000400203F1140040E800210029F3D12022CA
:10C4B00084F83E20216303F10C0252E8002F22F0A1
:10C4C000100203F10C0040E800210029F3D1A06B19
:10C4D000FCF755FFE38DA18DC91A89B22046FFF7FD
:10C4E000D3FE98E7E28DE18D89B292B2002992D015
:10C4F000A18D891A89B200298DD003F10C0252E86E
:10C50000002F22F4907203F10C0545E8002000286A
:10C51000F3D103F1140252E8002F22F0010203F1DB
:10C52000140545E800200028F3D1202284F83E209D
:10C53000206303F10C0252E8002F22F0100203F1F5
:10C540000C0545E800200028F3D1C7E7160628D5DA
:10C550000D0626D594F83D20212A7FF45CAFA16812
:10C56000226AB1F5805F17D12169A9B932F8021B9F
:10C57000C1F3080159602262E28C013A92B2E2846E
:10C58000002A7FF448AFDA6822F08002DA60DA68C5
:10C5900042F04002DA603EE7511C216212785A6094
:10C5A000EAE750067FF537AF4A067FF534AFDA6821
:10C5B00022F04002DA60202384F83D302046FFF765
:10C5C00058FE28E779C2000808B54FF0E0231B6940
:10C5D00001F02AFA012803D0BDE8084001F02ABD85
:10C5E00008BD0000EFF305832BB9064B186828B986
:10C5F00001221A6070476FF0050070474FF0FF305E
:10C60000704700BF4054002010B5EFF305845CB9BB
:10C61000084B1A68012A0AD1074AD47702221A6005
:10C6200000F0FAFE204610BD6FF00500FBE74FF06A
:10C63000FF30F8E74054002000ED00E0EFF3058301
:10C640000BB100F047BF00F03FBFF0B587B0144614
:10C6500000220B460592EFF30582FAB9F0B15CB304
:10C66000A56925B1691E372902D9002017E01825D0
:10C670006268D207F9D466699EB1B208D4E9027C37
:10C6800021688FB1BCF1A70F08D9246934B12EB14C
:10C69000CDE90147009500F059FE0590059807B0D7
:10C6A000F0BD4FF40072E9E7BCF1000FF6D1246948
:10C6B000002CF3D10C4602E018254FF4007205A9B6
:10C6C000CDE9005192B2214600F078FE01281CBF4E
:10C6D00000230593E2E708B5EFF3058222B908B11C
:10C6E00001F054F8002008BD6FF00500FBE737B5F6
:10C6F0000546EFF305845CB900F0E6FE291A00292F
:10C70000019008DD01A800F0F7FF204603B030BD1E
:10C710006FF00500FAE76FF00300F7E738B505465C
:10C72000EFF305843CB948B100F04CFC284600F01A
:10C7300061FC204638BD6FF00500FBE76FF0030099
:10C74000F8E7F7B505460E461446EFF305871FB127
:10C750000025284603B0F0BD0028F9D00029F7D005
:10C76000DAB1D2E9023283B14F2AF1D92269002A23
:10C77000EED066694D43AE42EAD3009700F0A0F9CF
:10C7800005460028E4D0246811E0002AE0D123699E
:10C79000002BDDD16369002BDAD128460022314617
:10C7A00000F0DCF905460028D2D0002CEBD1214660
:10C7B000284600F0F5FBCCE773B51C46EFF3058681
:10C7C000DEB138B331B32BBB01AA019300F09FFA5D
:10C7D000012803D06FF0020002B070BD019B0BB9BD
:10C7E0000020F9E74FF0E0234FF08052C3F8042D0A
:10C7F000BFF34F8FBFF36F8FF2E758B151B133469C
:10C80000224600F0D2F90128EAD0002CE2D06FF0E5
:10C810000100E1E76FF00300DEE737B51C46EFF3F8
:10C820000583DBB130B329B324BB01AA019400F026
:10C830006AFB012803D06FF0020003B030BD019BFA
:10C840000BB90020F9E74FF0E0234FF08052C3F816
:10C85000042DBFF34F8FBFF36F8FF2E750B149B193
:10C86000224600F0B1FA0128EBD0002CE3D06FF0A3
:10C870000100E2E76FF00300DFE7FFF74FBF0000C2
:10C88000034B0360034B0B604FF40073136070475E
:10C8900098530020984B0020034B0360034B0B6020
:10C8A0004FF4806313607047F04A0020F03A002094
:10C8B00000F108034FF0FF32C0E902234360036137
:10C8C00000230360704700230361704743684B6097
:10C8D0009A688A6051609960036808610133036057
:10C8E000704730B50C68631C0AD103695A684A6006
:10C8F00091608B605960036808610133036030BD4B
:10C9000000F10802134652681568A542FAD9EDE70E
:10C91000D0E9011203698A6051605968814208BFF9
:10C920005A60002202611A68013A1A60186870475A
:10C9300010B5044601F016FBA46B01F033FBB4FA0A
:10C9400084F0400910BD70B51646026C856B044634
:10C9500042B906689EB9806801F076F8A660013594
:10C96000A56370BD6EB9406801F054FE6368226C27
:10C970001344A2686360934224BF2368636000206D
:10C98000EDE7C06801F046FE226CE36851429B1A55
:10C990002268E36093423EBFA3685B18E360022E07
:10C9A000EDD10DB1013DEAE72846D8E7034610B4C2
:10C9B0001A6C084662B1DC68A1189C68D960A14273
:10C9C00028BF19685DF8044B28BFD96001F022BE6A
:10C9D0005DF8044B704770B5044601F0C3FA94F853
:10C9E000455004F124066DB2002D01DD636AB3B930
:10C9F000FF2384F8453001F0D5FA01F0B3FA94F83A
:10CA0000445004F110066DB2002D01DD23697BB99D
:10CA1000FF2384F84430BDE8704001F0C3BA3046CB
:10CA200000F064FF08B100F0E9FF013D6DB2DBE703
:10CA3000304600F05BFF08B100F0E0FF013D6DB251
:10CA4000E2E738B50D46044640B94FF0500383F392
:10CA50001188BFF36F8FBFF34F8FFEE701F082FAAB
:10CA6000D4E90F31226862604B43D0185B1A1A4434
:10CA7000A060FF230020A063E26084F8443084F8C3
:10CA80004530A5B9236973B104F1100000F02EFF01
:10CA900048B14FF0E0234FF08052C3F8042DBFF3AC
:10CAA0004F8FBFF36F8F01F07DFA012038BD04F185
:10CAB0001000FFF7FDFE04F12400FFF7F9FEF2E796
:10CAC00037B50D461C4640B94FF0500383F311882B
:10CAD000BFF36F8FBFF34F8FFEE743B94FF05003A3
:10CAE00083F31188BFF36F8FBFF34F8FFEE74AB117
:10CAF00091B94FF0500383F31188BFF36F8FBFF3E9
:10CB00004F8FFEE741B14FF0500383F31188BFF31D
:10CB10006F8FBFF34F8FFEE750230193019B502B84
:10CB200008D04FF0500383F31188BFF36F8FBFF32A
:10CB30004F8FFEE70121002D08BF2246C4E90F05F3
:10CB400084F8461022602046019BFFF77AFF9DF88B
:10CB5000183084F84C30204603B030BDF8B50D468F
:10CB60001746064640B94FF0500383F31188BFF3D0
:10CB70006F8FBFF34F8FFEE74843503001F05AFBF1
:10CB8000044670B1002380F8463065B100F15003CF
:10CB9000C4E90F65236001212046FFF752FF84F8A6
:10CBA0004C702046F8BD0346F2E72DE9FF410F46E1
:10CBB00001921E46044640B94FF0500383F311889A
:10CBC000BFF36F8FBFF34F8FFEE751B9036C43B1D3
:10CBD0004FF0500383F31188BFF36F8FBFF34F8F74
:10CBE000FEE7022E0BD1E36B012B08D04FF0500370
:10CBF00083F31188BFF36F8FBFF34F8FFEE700F011
:10CC000013FF054650B9019B4BB14FF0500383F31E
:10CC10001188BFF36F8FBFF34F8FFEE700254FF0F2
:10CC2000000839E0022E3DD0019B1BB901F0BAF992
:10CC3000002050E015B902A800F098FE01F0B2F90A
:10CC400000F03AFC01F08EF994F84430FF2B08BF55
:10CC500084F8448094F84530FF2B08BF84F8458061
:10CC600001F0A0F901A902A800F08CFE002848D12B
:10CC700001F078F9A26BE36B9A422FD101F092F99F
:10CC8000019904F1100000F0F9FD2046FFF7A3FE22
:10CC900000F0BEFC50B3012501F064F9A26BE36B18
:10CCA0009A42BFD2324639462046FFF74CFE636AAD
:10CCB0001BB104F1240000F019FE48B14FF0E0234D
:10CCC0004FF08052C3F8042DBFF34F8FBFF36F8F27
:10CCD00001F068F9012004B0BDE8F08101F062F9CB
:10CCE0002046FFF778FE00F093FCD4E74FF0E023F6
:10CCF0004FF08052C3F8042DBFF34F8FBFF36F8FF7
:10CD0000C9E72046FFF767FE00F082FC90E72DE9B7
:10CD1000F843894617461E46044640B94FF0500373
:10CD200083F31188BFF36F8FBFF34F8FFEE751B9C5
:10CD3000036C43B14FF0500383F31188BFF36F8F3F
:10CD4000BFF34F8FFEE7022E0BD1E36B012B08D010
:10CD50004FF0500383F31188BFF36F8FBFF34F8FF2
:10CD6000FEE701F013FAEFF311884FF0500383F35D
:10CD70001188BFF36F8FBFF34F8FA26BE36B9A42A3
:10CD800001D3022E1ED194F84550A36B6DB23246EA
:10CD900049462046FFF7D7FD6B1C0ED1636A3BB1B5
:10CDA00004F1240000F0A2FD10B10FB101233B609B
:10CDB000012088F31188BDE8F88301356DB284F84D
:10CDC0004550F5E70020F4E72DE9FF410E460192BA
:10CDD000044640B94FF0500383F31188BFF36F8FBF
:10CDE000BFF34F8FFEE751B9036C43B14FF05003CF
:10CDF00083F31188BFF36F8FBFF34F8FFEE700F00F
:10CE000013FE054650B9019B4BB14FF0500383F31D
:10CE10001188BFF36F8FBFF34F8FFEE700254FF0F0
:10CE200000083DE0019B1BB901F0BCF8002056E072
:10CE300015B902A800F09AFD01F0B4F800F03CFB2F
:10CE400001F090F894F84430FF2B08BF84F8448038
:10CE500094F84530FF2B08BF84F8458001F0A2F814
:10CE600001A902A800F08EFD002841D12046FFF75D
:10CE70005FFDB8B3019904F1240000F0FFFC2046E7
:10CE8000FFF7A9FD00F0C4FB48B94FF0E0234FF0D5
:10CE90008052C3F8042DBFF34F8FBFF36F8F01256E
:10CEA00001F060F8A76B002FBCD031462046013F4F
:10CEB000FFF77CFDA763236973B104F1100000F054
:10CEC00015FD48B14FF0E0234FF08052C3F8042D18
:10CED000BFF34F8FBFF36F8F01F064F8012004B0F0
:10CEE000BDE8F0812046FFF776FD00F091FBD6E724
:10CEF0002046FFF770FD00F08BFB2046FFF718FD82
:10CF00000028CCD092E72DE9F843894690460446A4
:10CF100040B94FF0500383F31188BFF36F8FBFF315
:10CF20004F8FFEE751B9036C43B14FF0500383F3C9
:10CF30001188BFF36F8FBFF34F8FFEE701F026F923
:10CF4000EFF311874FF0500383F31188BFF36F8F16
:10CF5000BFF34F8FA56B0DB394F84460494676B28A
:10CF60002046FFF723FD013D731CA56311D1236902
:10CF700053B104F1100000F0B9FC28B1B8F1000F72
:10CF800002D00123C8F80030012087F31188BDE8E2
:10CF9000F883013676B284F84460F5E72846F4E772
:10CFA00030B5074A002352F8335002EBC3041DB9D1
:10CFB00042F83310606030BD0133082BF3D1FAE73B
:10CFC0004454002010B5094A002352F8331081421E
:10CFD0004FEAC30406D1064A002142F83310224426
:10CFE000516010BD0133082BEFD1FAE748540020FF
:10CFF0004454002010B540B94FF0500383F311881A
:10D00000BFF36F8FBFF34F8FFEE7FFF7DBFF90F8A3
:10D0100046301BB9BDE8104001F0A6B910BD70B58F
:10D0200004460D46164600F09DFF94F84430FF2B51
:10D0300004BF002384F8443094F84530FF2B04BF2C
:10D04000002384F8453000F0ADFFA36B2BB93246C6
:10D05000294604F1240000F02BFC2046BDE8704076
:10D06000FFF7B9BC2DE9F041044600F07BFF304BDF
:10D07000304E1A68304F01321A603568002D4BD19E
:10D0800034601B68012B1FD1B84640460135FFF7BD
:10D090000FFC382D08F11408F7D1DFF8C480274DB4
:10D0A0004046FFF705FC2846FFF702FC2448FFF73F
:10D0B000FFFB2448FFF7FCFB2348FFF7F9FB234B5A
:10D0C000C3F80080224B1D60224A136801331360AD
:10D0D000214A63641168E36A14208B4200FB0370E9
:10D0E00004F1040188BF1360FFF7F0FB00F05AFF62
:10D0F0001A4B1B6873B13368DA6AE36A9A4209D241
:10D100004FF0E0234FF08052C3F8042DBFF34F8F50
:10D11000BFF36F8FBDE8F081104B1B68002BD3D19C
:10D120003368DA6AE36A9A4298BF3460CCE700BF9A
:10D13000A85400207C5900201C550020F4540020E5
:10D14000D8540020C4540020AC540020F0540020D7
:10D15000EC5400208C540020A05400209C5400204B
:10D1600008550020F8B5154B154D1C680646286873
:10D1700004300F46FFF7CCFB731C07D137B1296889
:10D180001048BDE8F8400431FFF7A0BB2B68A41994
:10D190005C6007D30C4B18682968BDE8F84004317F
:10D1A000FFF79FBB094B186829680431FFF799FB0B
:10D1B000074B1A68A24288BF1C60F8BDA454002027
:10D1C0007C590020AC540020EC540020F054002086
:10D1D00088540020064A13681968064B19B94FF0A5
:10D1E000FF321A6070471268D268D2685268F8E756
:10D1F000F05400208854002010B50446543001F04B
:10D2000077F994F8A5303BB9206B01F0ADF82046D2
:10D21000BDE8104001F0A8B8012BF8D0022B08D0CF
:10D220004FF0500383F31188BFF36F8FBFF34F8F1D
:10D23000FEE710BD80B5134C134F144D236873B92E
:10D24000134B1B68012BF8D94FF0E0234FF08052AD
:10D25000C3F8042DBFF34F8FBFF36F8FEDE700F0DE
:10D2600081FEFB68DE68301DFFF752FB2B68013B37
:10D270002B602368013B236000F094FE3046FFF7EB
:10D28000BBFFDBE7C0540020C4540020A85400209A
:10D290001C5500202DE9F047DDE90994960032463F
:10D2A00007460D46206BA521984601F019F9236B1E
:10D2B000043E1E4426F00706002D41D06B1E04F1EB
:10D2C00033020F3513F8011F02F8011F09B1AB42F9
:10D2D000F8D1002384F84330089D372D28BF372527
:10D2E0004FF0000AE562E564201DC4F850A0FFF786
:10D2F000EAFAC5F1380504F11800FFF7E4FAC4F8BA
:10D30000A0A04C2251462461A561646284F8A4A0C7
:10D3100004F1540001F0E4F80B4BA36503F168023B
:10D32000D033E265236642463946304600F0EEFDD2
:10D330002060B9F1000F01D0C9F80040BDE8F087C6
:10D3400084F83450C8E700BFD4EA012070B586B035
:10D35000DDE90B5445B94FF0500383F31188BFF357
:10D360006F8FBFF34F8FFEE744B94FF0500383F345
:10D370001188BFF36F8FBFF34F8FFEE7A826059686
:10D38000059EA82E08D04FF0500383F31188BFF3F9
:10D390006F8FBFF34F8FFEE72563022584F8A550FA
:10D3A00004AD01950A9D02940095059EFFF772FF5A
:10D3B0002046FFF757FE049806B070BD2DE9F043F4
:10D3C000074685B0900088461646994600F032FF21
:10D3D000054620B94FF0FF3005B0BDE8F083A82026
:10D3E00000F028FF044698B1002380F8A5300D9B7B
:10D3F000056301930C9B0290009332464B464146D5
:10D400003846FFF747FF2046FFF72CFE0120E3E7F1
:10D41000284600F0A9FFDDE710B588B0002407AA70
:10D4200006A905A8CDE90544FFF72AFA059B029352
:10D43000069B079A19491A48CDE900432346FFF78E
:10D4400085FF40B300F094FB012819D14FF0500341
:10D4500083F31188BFF36F8FBFF34F8F114B124AC5
:10D460001B6854331360114B4FF0FF321A60104B9E
:10D470001860104B1C6008B0BDE8104000F002BE00
:10D48000013008D14FF0500383F31188BFF36F8F41
:10D49000BFF34F8FFEE708B010BD00BFD8390108B9
:10D4A00035D200087C59002010000020885400204C
:10D4B0009C540020A4540020024A136801331360D6
:10D4C000704700BF84540020014B1868704700BFAC
:10D4D000A454002008B500F059FE014B186808BD9F
:10D4E000A45400203F4B1B682DE9F74F002B73D14C
:10D4F0003D4B1C6801341C60BCB93C4B1A68126877
:10D5000042B14FF0500383F31188BFF36F8FBFF325
:10D510004F8FFEE7364A1968106818601160354A67
:10D52000136801331360FFF755FE334E334F3368F2
:10D53000DFF8D4809C424FF000050AD3DFF8ACA09E
:10D54000DFF8C8B0DAF800301B68A3B94FF0FF333A
:10D550003360D8F80030DB6A14225343F858284B64
:10D560001B68012898BF002B14BF0120002028430E
:10D5700003B0BDE8F08FDAF80030DB68D3F80C9028
:10D58000D9F80420944201D23260E2E709F10403A1
:10D5900018460193FFF7BCF9D9F828201AB109F110
:10D5A0001800FFF7B5F9D9F82C00DBF80020142398
:10D5B000904288BFCBF8000009F1040103FB007022
:10D5C000FFF784F9D8F80010D9F82C20CB6A9A42DA
:10D5D00028BF45F00105B5E70A4A13680133136017
:10D5E0000020C5E784540020A4540020F0540020FB
:10D5F000EC54002090540020885400201C5500203A
:10D6000094540020985400207C590020A0540020FD
:10D610002DE9F041304C236843B94FF0500383F3B8
:10D620001188BFF36F8FBFF34F8FFEE700F09AFCB6
:10D630002368013B236024682CB1002400F0B2FC75
:10D640002046BDE8F081254B1B68002BF5D0244D0A
:10D65000244EDFF8A0801DE0EB68DC68271D04F194
:10D660001800FFF755F93846FFF752F9E36A3268B8
:10D670001420934200FB0380394688BF3360FFF7D4
:10D6800025F9194BE26A1B68DB6A9A4202D3174BF1
:10D6900001221A602B68002BDED10CB1FFF79AFD36
:10D6A000134D2C6844B1114E0127FFF71BFF00B149
:10D6B0003760013CF9D12C600C4B1B68002BBCD0AF
:10D6C0004FF0E0234FF08052C3F8042DBFF34F8F8B
:10D6D000BFF36F8F0124B1E784540020A8540020C9
:10D6E000D8540020A05400207C59002094540020DD
:10D6F000985400201C55002010B540B94FF050033D
:10D7000083F31188BFF36F8FBFF34F8FFEE741B9EB
:10D710004FF0500383F31188BFF36F8FBFF34F8F28
:10D72000FEE7184B1B6843B14FF0500383F3118899
:10D73000BFF36F8FBFF34F8FFEE7FFF7BDFE124BB6
:10D7400004681A6863182CBF0121002194420FD984
:10D7500079B90360FFF75CFF48B94FF0E0234FF061
:10D760008052C3F8042DBFF34F8FBFF36F8F10BDEE
:10D7700009B99A42EDD203600021981AFFF7F2FC32
:10D78000E8E700BF84540020A454002008B550B935
:10D790004FF0E0234FF08052C3F8042DBFF34F8FBA
:10D7A000BFF36F8F08BD0A4B196841B14FF05003AA
:10D7B00083F31188BFF36F8FBFF34F8FFEE7FFF73F
:10D7C0007BFEFFF7CFFCFFF723FF0028E0D0E9E75F
:10D7D00084540020F8B5234B1A68234B12B1012260
:10D7E0001A60F8BD214C1A6023681B6B1A68B2F1ED
:10D7F000A53F0BD15A68B2F1A53F07D19A68B2F1A3
:10D80000A53F03D1DB68B3F1A53F04D020682168B0
:10D810003431F3F747FD164E164D3168142707FBD8
:10D8200001F3E818EA5882B142680833526842604E
:10D830002B449A4204BF52684260D368236031602F
:10D8400023680D4A54331360CBE741B94FF05003BE
:10D8500083F31188BFF36F8FBFF34F8FFEE701395A
:10D86000DDE700BF84540020945400207C59002040
:10D87000A05400201C5500201000002010B50C46BC
:10D8800040B94FF0500383F31188BFF36F8FBFF39C
:10D890004F8FFEE7054B19681831FFF722F8204635
:10D8A0000121BDE81040FFF75DBC00BF7C5900209E
:10D8B00038B50D46144640B94FF0500383F3118834
:10D8C000BFF36F8FBFF34F8FFEE7074B1968183117
:10D8D000FEF7FCFF002C21460CBF28464FF0FF301E
:10D8E000BDE83840FFF73EBC7C59002038B5C3681E
:10D8F000DC6844B94FF0500383F31188BFF36F8F96
:10D90000BFF34F8FFEE704F118052846FFF700F834
:10D91000104B1B68DBB9251D2846FEF7F9FF0E4AA0
:10D92000E36A11688B4288BF13600C4A14202946B1
:10D9300000FB0320FEF7CAFF094BE26A1B68DB6AA3
:10D940009A4283BF074B01201860002038BD06486B
:10D950002946EFE784540020A05400201C550020E5
:10D960007C59002094540020D8540020034B1B689D
:10D970000360034B1B684360704700BF9054002056
:10D98000A454002070B50C46054640B94FF0500332
:10D9900083F31188BFF36F8FBFF34F8FFEE741B959
:10D9A0004FF0500383F31188BFF36F8FBFF34F8F96
:10D9B000FEE700F0D7FA0F4B196823685A1C10D005
:10D9C0000D482E6800686A68864201D08A420FD9E5
:10D9D000881A83420AD95B1A134423602846FFF74A
:10D9E000C5FF002400F0DEFA204670BD002323604E
:10D9F0000124F7E7A454002090540020014B012299
:10DA00001A6070479454002008B9064B1868026BDE
:10DA10000020135CA52B02D0C0F38F0070470130AB
:10DA2000F7E700BF7C590020054B1B6833B1054B5D
:10DA30001868B0FA80F04009400070470120704734
:10DA40009C5400208454002038B508B9002038BD0B
:10DA50001B4B1C68844208D04FF0500383F311889D
:10DA6000BFF36F8FBFF34F8FFEE7236D43B94FF0C6
:10DA7000500383F31188BFF36F8FBFF34F8FFEE71F
:10DA8000E16AE26C013B91422365DFD0002BDDD1DE
:10DA9000251D2846FEF73CFFE36CE362C3F1380224
:10DAA000A261084A11688B4288BF1360064A14209D
:10DAB00000FB03202946FEF709FF0120C7E700BF4E
:10DAC0007C590020A05400201C550020914208B52C
:10DAD000416000610AD8D21A83699A420DD2084B7C
:10DAE000011D1868FEF7FDFE002008BD9A4201D214
:10DAF000994202D2034B011DF3E70120F5E700BF75
:10DB00007C5A0020805A0020F7B5114C00F02AFA08
:10DB10002568BDB90F4F104E3846FEF7C9FE304696
:10DB2000FEF7C6FE0D4B0E4A1F600E4B10211E6005
:10DB30000A200D4B0095FEF7C3FF206010B10B4982
:10DB4000FFF72EFA03B0BDE8F04000F02BBA00BF9B
:10DB5000785A0020985A0020845A0020805A0020C9
:10DB6000D05900207C5A002080590020DD3901085E
:10DB700010B588B0FFF7C8FF124B1B68B3B1002483
:10DB800007AA06A905A8CDE90544FEF785FE059B71
:10DB90000293069B019302230093079A0A490B48BC
:10DBA0002346FFF7D3FB0A4B186040B94FF05003F0
:10DBB00083F31188BFF36F8FBFF34F8FFEE7012010
:10DBC00008B010BD785A0020E2390108A1DC000835
:10DBD000745A00207FB5154604461A4640B94FF0E6
:10DBE000500383F31188BFF36F8FBFF34F8FFEE7AE
:10DBF0000D4E306888B10529CDE9001502940EDC80
:10DC0000FFF712FF0346022B4FF0000330680CBFF2
:10DC1000089A1A466946FEF7C8FF04B070BD002393
:10DC20006946FFF774F8F8E7785A0020F7B51A4DFF
:10DC30002B681A682AB9194A11682960136003B061
:10DC4000F0BDDB68DC681E68271D3846FEF760FE05
:10DC5000236A2046984794F828305B07E8D5A369E3
:10DC600033449E4206D22868636024613946FEF739
:10DC700038FEDDE700230093324619462046FFF7C1
:10DC8000A9FF0028D4D14FF0500383F31188BFF3CC
:10DC90006F8FBFF34F8FFEE7805A00207C5A002021
:10DCA0002DE9F043764F774E87B03B68D3F800807C
:10DCB000B8F1000F28D0DB68D3F800800024FFF70C
:10DCC000FBFBFFF701FC3368984205461ED330602A
:10DCD00024B36D4B1B681C68B4FA84F464096B4B65
:10DCE00022461868A8EB0501FFF799F9FFF790FCA9
:10DCF00088B94FF0E0234FF08052C3F8042DBFF3F2
:10DD00004F8FBFF36F8F06E00124D8E7FFF78EFF38
:10DD10003560FFF77DFCDFF8748138E08045DED8A0
:10DD2000FFF776FC3B68DB68D3F80C9009F1040040
:10DD3000FEF7EEFD99F82830580719D5D9F81810D4
:10DD400043462A4641444846FFF7C0FEA0B100942E
:10DD50002346424621464846FFF73CFF60B94FF054
:10DD6000500383F31188BFF36F8FBFF34F8FFEE72C
:10DD700023F0010389F82830D9F820304846984725
:10DD8000C9E7039B05999847029B002B0BDAD8F84B
:10DD90000000002202A9FFF717F8002885D0029B97
:10DDA0000498002BEDDB049C636993B9FFF78CFBAF
:10DDB00033689842054601D2FFF738FF029B356071
:10DDC000092BE4D8DFE803F0090909333A530909BC
:10DDD000333A201DFEF79CFDE8E794F82830A1694E
:10DDE00043F0010384F82830039B2A461944204657
:10DDF000FFF76CFE0028CAD0236A2046984794F8A3
:10DE000028305907C3D5A269039900230A44009317
:10DE100019462046FFF7DEFE0028B8D14FF0500328
:10DE200083F31188BFF36F8FBFF34F8FFEE794F832
:10DE3000283023F0010384F82830A8E794F828302C
:10DE40000399A16143F0010384F8283041B94FF0F0
:10DE5000500383F31188BFF36F8FBFF34F8FFEE73B
:10DE60002B462A4629442046FFF730FE8FE794F8D8
:10DE700028309A07DDD4204600F076FA87E700BF05
:10DE8000805A0020705A00207C5A0020785A0020C6
:10DE900008480068006880F308884FF0000080F3AD
:10DEA000148862B661B6BFF34F8FBFF36F8F00DF88
:10DEB00000BF000008ED00E0DFF80C00016841F44D
:10DEC000700101607047000088ED00E082B000231F
:10DED00001930D4B1B68013308D04FF0500383F3BF
:10DEE0001188BFF36F8FBFF34F8FFEE74FF05003E2
:10DEF00083F31188BFF36F8FBFF34F8F019B002B0C
:10DF0000FCD002B0704700BF0C0000204FF08073BF
:10DF100040F8043C074B40F80C3C21F001016FF045
:10DF2000020340F8081C40F8202C40F8243C4438F8
:10DF3000704700BFCDDE00080000000000000000B8
:10DF4000074B19680868B0E8F04F80F30988BFF301
:10DF50006F8F4FF0000080F311887047AFF300809F
:10DF60007C5900204FF0500383F31188BFF36F8F6B
:10DF7000BFF34F8F0A4A13680133012B13600ED190
:10DF80004FF0E023D3F8043DDBB243B14FF0500330
:10DF900083F31188BFF36F8FBFF34F8FFEE7704796
:10DFA0000C000020084A136843B94FF0500383F374
:10DFB0001188BFF36F8FBFF34F8FFEE7013B1360F4
:10DFC0000BB983F3118870470C000020000000009B
:10DFD000EFF30980BFF36F8F154B1A681EF0100F17
:10DFE00008BF20ED108A20E9F04F106009B44FF00F
:10DFF000500080F31188BFF34F8FBFF36F8FFFF78F
:10E00000E9FB4FF0000080F3118809BC196808682B
:10E01000B0E8F04F1EF0100F08BFB0EC108A80F38C
:10E020000988BFF36F8F7047AFF30080AFF30080B4
:10E030007C59002008B54FF0500383F31188BFF3DB
:10E040006F8FBFF34F8FFFF74DFA28B14FF0E023EA
:10E050004FF08052C3F8042D002383F3118808BDCC
:10E060004FF0E022002313619361054B4FF47A7166
:10E070001B68B3FBF1F3013B536107231361704746
:10E08000000000204FF0E02337B5D3F8001D394AD7
:10E09000914208D14FF0500383F31188BFF36F8F83
:10E0A000BFF34F8FFEE7D3F8002D334B9A4208D1D0
:10E0B0004FF0500383F31188BFF36F8FBFF34F8F7F
:10E0C000FEE72E4B1A78D2B20192FF221A701B780B
:10E0D0002B4ADBB28DF803309DF8033003F0500378
:10E0E0001370284A072313609DF80300000603F10C
:10E0F000FF310AD4032B11D04FF0500383F3118862
:10E10000BFF36F8FBFF34F8FFEE79DF803301160B1
:10E110005B00DBB28DF803300B46E5E74FF440734C
:10E120001360019B154A4FF0E024DBB21370D4F862
:10E13000203D43F47003C4F8203DD4F8203D43F063
:10E140007043C4F8203DFFF78BFF0F4B00251D6087
:10E15000FFF7B2FED4F8343F43F04043C4F8343FF5
:10E16000FFF796FEFFF736FBFFF7B0FE284603B039
:10E1700030BD00BF71C20F4170C20F4100E400E02A
:10E18000B05A0020AC5A00200C000020EFF30583A9
:10E190000F2B0ED9114A9B5C114A12789A4208D96A
:10E1A0004FF0500383F31188BFF36F8FBFF34F8F8E
:10E1B000FEE74FF0E0230B4AD3F80C3D126803F45E
:10E1C000E063934208D94FF0500383F31188BFF303
:10E1D0006F8FBFF34F8FFEE7704700BFF0E300E0A3
:10E1E000B05A0020AC5A002010B5104B1A461B68DC
:10E1F0008342FBD354681119884201BF416810461D
:10E2000009195160446801198B420CD10849096809
:10E210008B4203D0596821444160196801609042E3
:10E2200018BF106010BD1946F8E700BFCC5A002097
:10E23000C85A00202DE9F0410446FFF73DF9434953
:10E24000434D0B680BBB434A56071FBFD01D20F040
:10E25000070002F5C832131A0CBF4FF4C833024648
:10E2600013443D4E083B23F00703002070603260EA
:10E27000C3E90000981AC2E900300B60374B186000
:10E28000374B18604FF000432B602F68274207D0B0
:10E29000FFF7BEF9F3F714F800263046BDE8F08129
:10E2A000002CF5D004F1080360071CBF23F007031E
:10E2B0000833002BECD0DFF8A880D8F800509D423E
:10E2C000E6D3254A14686068984201D22668B6B938
:10E2D0000968A142DCD0216816681160C21A102AB0
:10E2E00006F1080612D9E01841070BD04FF0500391
:10E2F00083F31188BFF36F8FBFF34F8FFEE7224682
:10E300003446E0E742606360FFF76EFF62681349DE
:10E31000AD1A1743134A0868676000232360136827
:10E32000C8F80050854203F1010338BF0D60136047
:10E33000FFF76EF97307B0D04FF0500383F31188E5
:10E34000BFF36F8FBFF34F8FFEE700BFC85A0020A7
:10E35000B45A0020D45A0020CC5A0020C05A0020C1
:10E36000C45A0020BC5A002010B5044690B31A4A83
:10E3700050F8043C1268134208D14FF0500383F365
:10E380001188BFF36F8FBFF34F8FFEE750F8081C63
:10E3900041B14FF0500383F31188BFF36F8FBFF388
:10E3A0004F8FFEE723EA020340F8043CFFF784F8AE
:10E3B0000A4A54F8043C1168A4F108000B441360A5
:10E3C000FFF712FF064A1368BDE8104001331360DF
:10E3D000FFF71EB910BD00BFB45A0020C45A002078
:10E3E000B85A0020014B1868704700BFC45A00207B
:10E3F000014B1868704700BFC05A00200CB430B5FC
:10E40000184B0C1E1D689DB008DA8B232B604FF053
:10E41000FF301DB0BDE8304002B070474FF40273CA
:10E42000ADF814304FF000031B9314BF04F1FF3319
:10E430002346049307934FF6FF7302900690ADF8BE
:10E440001630209A21AB02A92846019300F048FA21
:10E45000431CBCBF8B232B60002CDAD0029B002214
:10E460001A70D6E71000002030B51446002C9BB07F
:10E4700005461A4605DA8B2303604FF0FF301BB0C8
:10E4800030BD4FF40273ADF80C304FF00003199318
:10E4900014BF04F1FF332346029305934FF6FF7335
:10E4A00000910491ADF80E3069461E9B00F018FAF9
:10E4B000431CBCBF8B232B60002CE0D0009B0022B0
:10E4C0001A70DCE707B5009313460A460146034875
:10E4D0000068FFF7C9FF03B000BD00BF10000020B7
:10E4E00002440346934200D1704703F8011BF9E749
:10E4F0002D4B1B68834270B5044653D0C3691BB3D0
:10E50000DB6863B10025E369DB685959B1B90435AB
:10E51000802DF8D1E3692046D96800F089F8E369D5
:10E52000196811B1204600F083F8E3699D685DB178
:10E53000294620462D6800F07BF8F8E70E68204653
:10E5400000F076F83146E1E7616911B1204600F04C
:10E550006FF8E16911B1204600F06AF8216B11B142
:10E56000204600F065F8616B11B1204600F060F8BC
:10E57000A16B11B1204600F05BF8A16C11B12046EF
:10E5800000F056F8616C11B1204600F051F8E16AD4
:10E5900011B1204600F04CF8236A1BB12046BDE8BB
:10E5A0007040184770BD00BF10000020014B186874
:10E5B000704700BF1000002070B50D4B0D4D5B1B68
:10E5C0009C100026A64209D101F038FE0A4D0B4BE3
:10E5D0005B1B9C100026A64205D170BD55F8043B7C
:10E5E00098470136EEE755F8043B98470136F2E7C5
:10E5F0002040010820400108204001082440010873
:10E6000070477047034611F8012B03F8012B002ACD
:10E61000F9D170470A44914200F1FF3300D17047AD
:10E6200010B511F8014B03F8014F9142F9D110BD1B
:10E6300038B50546002941D051F8043C0C1F002B89
:10E64000B8BFE41800F0E0F81D4A136833B96360FE
:10E6500014602846BDE8384000F0DCB8A34208D971
:10E66000206821188B4201BF19685B680918216076
:10E67000EDE71A465B680BB1A342FAD9116850184E
:10E68000A0420BD120680144501883421160E0D1B0
:10E6900018685B68536008441060DAE702D90C23FD
:10E6A0002B60D6E7206821188B4204BF19685B688D
:10E6B000636004BF091821605460CAE738BD00BF19
:10E6C00018EC012070B50F4E0C463168054611B9A3
:10E6D00000F0ACFB30602146284600F0A7FB431C4D
:10E6E00003D14FF0FF34204670BDC41C24F0030456
:10E6F000A042F8D0211A284600F098FB0130F2D150
:10E70000EFE700BF14EC01202DE9F843CD1C25F004
:10E71000030508350C2D38BF0C25002D064601DBFE
:10E72000A94204D90C2333600020BDE8F883DFF848
:10E73000D48000F069F8D8F800301C4644BB294664
:10E740003046FFF7BFFF431C044658D1D8F80040BD
:10E750002746002F43D1002C4BD023683946304642
:10E7600004EB030900F062FB814542D121686D1A78
:10E7700029463046FFF7A6FF01303AD023682B44E4
:10E780002360D8F800305A6862BBC8F800700FE008
:10E790002268521B20D40B2A17D96119A342256085
:10E7A00018BF5960636808BFC8F8001062514B6019
:10E7B000304600F02FF804F10B00231D20F0070075
:10E7C000C21A1CBF1B1AA350AFE76268A3420CBF5A
:10E7D000C8F800205A60EBE723466468AEE73C4681
:10E7E0007F68B6E71A465B68A342FBD100235360FB
:10E7F000DEE70C233360304600F00CF894E7056048
:10E80000D6E700BF18EC01200148FFF7F9BE00BFB2
:10E8100010EC01200148FFF7F4BE00BF10EC01200E
:10E820002DE9F0478E681F46BE4282460C46904650
:10E83000334653D8B1F90C0010F4906F2BD06569B2
:10E840002368096905EB4505A3EB010905EBD575BF
:10E850007B1C6D104B44AB422A4684BF1D462A46A2
:10E86000430527D511465046FFF74EFF064658B3DD
:10E8700021694A46FFF7CEFEA38923F4906343F053
:10E880008003A381266165614E44A5EB09052660DE
:10E89000A5603E463B461F4620683A46414600F08A
:10E8A000ABFAA3689B1BA36023683B442360002052
:10E8B000BDE8F087504600F0C9FA06460028E1D1CD
:10E8C00021695046FFF7B4FE0C23CAF80030A38933
:10E8D00043F04003A3814FF0FF30E9E73E46DBE71A
:10E8E0002DE9F0471F468B891B069CB006460D4656
:10E8F000144610D50B6973B94021FFF705FF286056
:10E90000286130B90C2333604FF0FF301CB0BDE8F4
:10E91000F08740236B610023099320238DF8293071
:10E9200003973023654F8DF82A304FF001082346B6
:10E93000994613F8012B0AB1252AF9D1B9EB040A3B
:10E940000BD05346224629463046FFF769FF013077
:10E9500000F0A480099A5244099299F80030002BE3
:10E9600000F09C8000234FF0FF32CDE9052309F130
:10E970000109049307938DF853301A934C464F487E
:10E9800014F8011B0522F1F73BFC049BD0B9D80613
:10E9900044BF20228DF85320190744BF2B228DF845
:10E9A000532099F800202A2A13D0079A4C460020B9
:10E9B0004FF00A0C214611F8013B303B092B49D995
:10E9C00068B913E0C01B08FA00F018430490A14690
:10E9D000D4E7039A111D12680391002A01DB079204
:10E9E00004E0524243F002030792049323782E2B53
:10E9F0000AD163782A2B32D1039B1A1D1B6803921C
:10EA000043EAE37302340593DFF8C09021780322D0
:10EA10004846F1F7F5FB38B1049BA0EB0900402212
:10EA2000824013430134049314F8011B24488DF8E9
:10EA300028100622F1F7E4FB002835D0214818BB46
:10EA4000039B073323F0070308330393099B034415
:10EA500009936CE70CFB02320C460120AAE7002365
:10EA60000134059319464FF00A0C204610F8012B8B
:10EA7000303A092A03D9002BC6D00591C4E70CFB14
:10EA8000012104460123F0E703AB00932A460E4B15
:10EA900004A93046AFF30080421CD7D1AB895B0696
:10EAA0003FF532AF099831E703AB00932A46064B96
:10EAB00004A9304600F07AF8EEE700BFEA39010811
:10EAC000F43901080000000021E80008F0390108CD
:10EAD0002DE9F047164698468A680B69DDF82090C4
:10EAE0009342B8BF1346336091F8432007460C4663
:10EAF0000AB1013333602368990642BF3368023399
:10EB00003360256815F0060506D104F1190AE3689B
:10EB100032689B1AAB4226DC94F843302268003BF3
:10EB200018BF012392062BD404F143024146384614
:10EB3000C84701301ED02368226903F00603042B66
:10EB400002BFE5683368ED1AA3680CBF25EAE575D6
:10EB500000259342C4BF9B1AED1800261A34B54213
:10EB60001AD1002008E00123524641463846C847E2
:10EB7000013003D14FF0FF30BDE8F0870135C6E723
:10EB8000E1185A1C302081F84300224494F84510C3
:10EB900082F843100233C7E7012322464146384634
:10EBA000C8470130E6D00136D9E700002DE9F0432F
:10EBB0000D7E85B0782D90460C9E07460C469946F2
:10EBC00001F1430207D8622D0AD8002D00F0D7804A
:10EBD000582D00F0BC8004F1420684F842503BE01E
:10EBE000A5F16303152BF6D801A151F823F000BF5E
:10EBF00049EC00085DEC0008D7EB0008D7EB0008F3
:10EC0000D7EB0008D7EB00085DEC0008D7EB000855
:10EC1000D7EB0008D7EB0008D7EB000865ED00083C
:10EC200087EC000817ED0008D7EB0008D7EB0008C9
:10EC300087ED0008D7EB000887EC0008D7EB000849
:10EC4000D7EB00081FED000833681A1D1B683260FF
:10EC500004F1420684F842300123A1E033682068C1
:10EC6000191D3160060601D51D6803E04506FBD578
:10EC7000B3F90050002D03DA2D236D4284F84330A0
:10EC80005B480A2311E021683368080653F8045BE7
:10EC900002D4490648BFADB23360237E54486F2B7F
:10ECA0005CD10823002184F843106668A660002E1A
:10ECB00005DB21682E4321F00401216050D0164667
:10ECC000B5FBF3F103FB115C10F80CC006F801CDA5
:10ECD000AC4663450D46F3D9082B0BD12368DB07FF
:10ECE00008D5236961689942DEBF302306F8013CEC
:10ECF00006F1FF36921B2261CDF80090434603AA2D
:10ED000021463846FFF7E4FE01304ED14FF0FF3088
:10ED100005B0BDE8F083236843F020032360354845
:10ED2000782584F845502368316813F0800F51F836
:10ED3000045B03D113F0400F18BFADB23160D907A7
:10ED400044BF43F0200323601DB11023AAE72848E5
:10ED5000E7E7236823F020032360F6E70A23A1E70F
:10ED60001646B9E7336825686169181D30602E06BC
:10ED70001B6801D5196002E06806FBD519800023E5
:10ED800023611646B8E733681A1D32601E68626850
:10ED900000213046F1F734FA08B1801B60606368E7
:10EDA0002361002384F84330A6E7236932464146B5
:10EDB0003846C8470130A9D023689B0713D4E068C0
:10EDC000039B9842B8BF1846A2E70123324641464A
:10EDD0003846C847013099D00135E36803995B1A7A
:10EDE000AB42F2DCEBE7002504F11906F5E700BFC2
:10EDF000FB3901080C3A0108884210B501EB020406
:10EE000002D98442234607D8431EA14207D011F8F5
:10EE1000012B03F8012FF8E70244824200D110BD14
:10EE200013F8011D02F8011DF7E7000038B5064D83
:10EE30000023044608462B60F9F73AFF431C02D131
:10EE40002B6803B1236038BD0CEC01202DE9F041A3
:10EE5000074614460D4621B9BDE8F0411146FFF7BB
:10EE600053BC2AB9FFF7E4FB25462846BDE8F081EC
:10EE700000F01AF88442064602D8B4EB500FF4D8DA
:10EE800021463846FFF740FC804608B94546ECE786
:10EE9000B4422246294628BF3246FFF7BBFB29462B
:10EEA0003846FFF7C5FBF1E751F8043C181F002B6B
:10EEB000BCBF0B58C018704738B52DED028B55EC10
:10EEC000104B00F0F7F822462B4620462946B0EEBC
:10EED000408AF0EE608AF1F739FE30B90022002353
:10EEE00020462946F1F70AFE30B9B0EE480AF0EEA6
:10EEF000680ABDEC028B38BDFFF758FB00220023E7
:10EF00002121016010461946F1F7B0FC41EC180BC5
:10EF1000B0EE480AF0EE680ABDEC028B38BD00BFC7
:10EF200000F0D8BA08B52DED028BB0EE408A00F0A3
:10EF3000B9F9B4EE488AF1EE10FA06D6DFED098A87
:10EF4000B4EEE88AF1EE10FA02D4BDEC028B08BDF3
:10EF5000FFF72CFB88EEA80ABDEC028B212303608F
:10EF600008BD00BF0000000010EE103A184923F061
:10EF700000428A4219D9B2F1FF4F02D330EE400A63
:10EF8000704700B583B0684600F04AFB00F003000C
:10EF900001289DED000ADDED010A0FD0022808D0FE
:10EFA00088B900F0CDF903B000BDDFED0A0A00F02A
:10EFB000C7B900F0C5F9B1EE400AF4E700F042FA33
:10EFC000B1EE400AEFE7012000F03CFAEBE700BFAA
:10EFD000D80F493F0000000010EE103A194923F005
:10EFE00000428A421AD9B2F1FF4F02D330EE400AF2
:10EFF000704700B583B0684600F012FB00F00300D4
:10F0000001289DED000ADDED010A12D002280AD088
:10F0100090B9012000F016FA03B000BDDFED0A0A36
:10F02000002000F00FBA012000F00CFAB1EE400A07
:10F03000F2E700F085F9EFE700F082F9B1EE400A5F
:10F04000EAE700BFD80F493F0000000010EE101A99
:10F05000C1F3C7520029A2F17F0CACBF01204FF0D1
:10F06000FF30BCF11E0F0FDCBCF1000F1DDBC1F344
:10F070001603BCF1160F43F400030ADD963A03FAB7
:10F0800002F202FB00F07047FDEEC07A17EE900A24
:10F0900070474FF4800242FA0CF21A44CCF1170C7C
:10F0A00022FA0CF202FB00F07047BCF1FF3F18BFE0
:10F0B000002070472DE9F84F774955EC104BA943D4
:10F0C00000F0AE80002D2A46234655DD2C1562D077
:10F0D000C2F31302E107A4F2FF3742F4801203D413
:10F0E000520002EBD3725B005200002602EBD37297
:10F0F0007F105B001624B4464FF400110CEB0100A6
:10F1000090424FEAD3754FEA430303DC00EB010C56
:10F11000121A0E44013C05EB42024FEA5101EDD1B7
:10F12000A04620254FF000400AE043D0510001EBFB
:10F13000D371013D0A464FEA43034FEA500045D0E0
:10F14000624500EB080EF0DDBEF1000F0EEB00088B
:10F150000CDBE146A2EB0C019E4588BF01F1FF31BB
:10F160004900CC46A3EB0E030444E0E7B8F1000FDE
:10F17000EFDB0CF10109EDE725F00041214346D01A
:10F18000002D74D1D90A153A5B050029FAD0CE02B8
:10F1900014467DD40A4600215200D502084601F1EA
:10F1A0000101F9D5C1F1200523FA05F52A438B4069
:10F1B000241A8DE79E4502D94FEA4C01B7E7BEF10C
:10F1C000000F0EEB000824DB0021CBE7194312D01F
:10F1D000DFF8C8A0DFF8C8B0DAE90001DBE90023F6
:10F1E000F1F762F8DAE9008902460B4640464946E3
:10F1F000F1F78EFC10BB6508711001F17F5101F52C
:10F20000001101EB075345EAC67243EC102BBDE831
:10F21000F88FB8F1000FD7DB0CF1010C0021A1E74A
:10F2200022462B4620462946F1F7F6F922462B4680
:10F23000F1F73CF841EC100BBDE8F88FB4F1FF3F5B
:10F24000DAE90001DBE900231ED0F1F72FF8DAE953
:10F25000008902460B4640464946F1F74FFCA8B1EB
:10F26000A31C04F1020508BF01366D08C4E722465D
:10F270002B4620462946F1F717F802460B46F1F7D0
:10F28000F5FA41EC100BC2E70136B5E70134B2E7FD
:10F290004FF0FF300A468BE70000F07F083C010882
:10F2A000003C0108B1EEC00A704700BF10EE102A02
:10F2B000C2F3C7537F3B162B22F000411BDC002B0F
:10F2C00010461EDB1A4919410A4223D0DFED197A94
:10F2D00070EE277AF5EEC07AF1EE10FA1ADD002A08
:10F2E00004DD4FF4000242FA03F3184420EA01035C
:10F2F00000EE103A7047B1F1FF4F0BD330EE000A29
:10F300007047DFED0C7A70EE277AF5EEC07AF1EEF9
:10F3100010FA00DC7047002A06DB11B1B7EE000AD4
:10F32000F8E79FED050A70479FED040A704700BF9C
:10F33000FFFF7F00CAF2497100000000000000805A
:10F3400010EE103A23F00043B3F1485F2CD2FDEEEB
:10F35000C07A17EE903A002B60D060EE007A9FEDF5
:10F36000317A9FED315ADFED315A9FED316ADFED91
:10F37000316AA7EE875A9FED307AE7EE855AA7EEFD
:10F38000A56AA7EE867AE7EE876A67EEA66A60EE60
:10F39000C00AB6EE007AE7EEA60AB7EE000AD7EE8C
:10F3A000870A30EE600A704760EE007A9FED1D7AA2
:10F3B0009FED1D5ADFED1D5A9FED1D6ADFED1D6AA1
:10F3C0001E4AA7EE875A93429FED1B7AE5EE275A15
:10F3D000A5EEA76AA6EE277AE7EE276A66EEA76A89
:10F3E000D5D9174A934214D803F17F4307EE103A58
:10F3F000B7EE006A36EE476A60EEC00AF6EE005AD3
:10F4000097EEA57AE7EEA60A37EE607A36EE470A5F
:10F410007047B6EE076AB5EE027AEDE7B7EE000A7E
:10F42000704700BF4ED747ADF6740F317CF293B4EE
:10F43000010DD037ABAA2A3D610BB6BA9999993E16
:10F440000000483F10EE103A23F00043B3F1485F4C
:10F4500004D2FDEEC07A17EE903A5BB360EE007A0C
:10F460009FED157ADFED155A9FED156ADFED156AF0
:10F47000E7EE875A9FED147AA5EEA76A20EE275A89
:10F48000E6EE276AA6EEA77A30B9DFED106AE7EE5E
:10F49000876AA6EE850A704727EE457AF6EE006A7F
:10F4A000A0EEA67ADFED0A6AD7EE270AE5EE260A75
:10F4B00030EE600A704700BFD3C92E2F342FD7B269
:10F4C0001BEF3836010D50B98988083CABAA2ABE1B
:10F4D000ABAA2A3E10B582B0CDED010A019B23F004
:10F4E0000042B2F1FF4FF0EE407A30D810EE100A31
:10F4F00020F00041B1F1FF4F29D8B3F17E5F3ED03B
:10F500009C1704F0020444EAD07431B37AB3B2F128
:10F51000FF4F3FD0B1F1FF4F29D0891AB1F1F45F0D
:10F520004FEAE15233DA002B41DA3C323FDA9FED09
:10F53000330A012C4DD0022C42D064B19FED307AB9
:10F54000DFED307A30EE070A30EE670A03E09DED1A
:10F55000017A37EE270A02B010BD022C0CD09FEDC5
:10F560002A7A032C08BFB0EE470A02B010BD00286B
:10F570000ADB9FED260AEEE79FED220AEBE702B0D9
:10F58000BDE8104000F082B99FED210AE3E79FED4E
:10F590001F0ACEE7B1F1FF4F04F1FF3420D0022C57
:10F5A00026D81C4B03EB840393ED000AD3E79DEDB3
:10F5B000017A87EE870A00F03BFA00F067F9B8E7B6
:10F5C0009FED0F7ADFED0F7A30EE070A37EEC00AB3
:10F5D000C1E710EE103A03F1004300EE103ABAE72B
:10F5E000022C08D80C4B03EB840393ED000AB2E71E
:10F5F0009FED020AAFE79FED090AACE700000000AB
:10F600002EBDBB33DB0F4940DB0F49C0DB0FC93FC9
:10F61000DB0FC9BF103C01081C3C0108DB0F493F50
:10F6200070B510EE103A8B4A23F00044944286B035
:10F63000054671D9884A94421E4624D823F00042D8
:10F64000002BDFED867A864922F00F02B0EE407A79
:10F6500040F3E6808A4270EE677A09BF9FED817AB7
:10F66000DFED816ADFED816A77EEC77A37EEE67A01
:10F6700077EEC77A80ED007A77EEE67AC0ED017A10
:10F68000012006B070BD7A4A944253D9B4F1FF4FBD
:10F6900049D2E215863AA4EBC25307EE903ABDEE8A
:10F6A000E77ADFED746AB8EEC77A77EEC77A8DED48
:10F6B000037A67EEA67ABDEEE77AB8EEC77A77EE00
:10F6C000C77A8DED047A67EEA67AF5EE407AF1EE10
:10F6D00010FACDED057A40F08E80B5EE407AF1EE6D
:10F6E00010FA40F08A8001236349019102210091C0
:10F6F00003A8294600F0A4F9002EC2DA95ED007A9D
:10F70000D5ED017AB1EE477AF1EE677A85ED007AB0
:10F71000C5ED017A4042B4E7002285ED000A42605F
:10F72000002006B070BD70EE407AC0ED017AC0EDE9
:10F73000007AF5E700F07CF99FED507A9FED476A7B
:10F74000F6EE007AE0EE077A9FED477AFDEEE77A73
:10F75000F8EEE76A17EE900AA6EEC60A1F2866EED4
:10F76000877AB1EE666A30EE677A1EDC444A411E43
:10F7700026F0004352F8212023F0FF03934214D0D7
:10F7800085ED007A30EE470A002E30EE670A85EDEF
:10F79000010ABFF676AFB1EE477AB1EE400A85EDC9
:10F7A000007A85ED010A40426BE717EE103AC3F389
:10F7B000C753C3EBD453082B4FEAE452E0DD9FED6F
:10F7C000297A9FED2A5AF0EE405AE6EE075A70EE7B
:10F7D000657AE6EE077AD6EE857A35EEE77A17EEA9
:10F7E000103AC3F3C753D21A192A08DCB0EE650ADF
:10F7F00085ED007AC6E7032376E7022374E79FEDE1
:10F80000217A9FED215AB0EE650AA6EE070A75EE41
:10F81000C07AE6EE077AD6EE857A30EE677AAFE701
:10F820008A4270EE277A09BF9FED0E7ADFED0E6AED
:10F83000DFED0E6A77EE877A37EEA67A77EEC77A33
:10F8400080ED007A77EEA67AC0ED017A4FF0FF30B6
:10F8500017E700BFD80F493FE3CB1640800FC93FE1
:10F86000D00FC93F004435374344353708A3852EB0
:10F87000800F494300008043A83C010884F9223FDF
:10F88000283C010800A3852E32318D2438B510EEB6
:10F89000105A25F00044B4F1A14FF0EE407A07D39E
:10F8A000B4F1FF4F55D8002D77DD9FED4E0A38BDDE
:10F8B0004D4B9C425CD8B4F1445F4DD34FF0FF33C5
:10F8C00027EEA76A9FED495A9FED497ADFED495A25
:10F8D000DFED494A66EE066A5A1CA6EE857AE6EE28
:10F8E000A54A9FED465ADFED465AA7EE265AE4EEAA
:10F8F000A65A9FED447ADFED444AA5EE267AE5EE5E
:10F90000A64A9FED425ADFED425AA7EE265A9FEDD6
:10F91000417AA4EEA67AE5EE265A27EE267AA5EEDF
:10F92000867A27EE877A3BD03B493C4A01EB83013C
:10F93000D1ED006A37EE667A02EB8303D3ED006AFD
:10F9400037EE677A002D36EEC70AB0DAB1EE400A1C
:10F9500038BD30EE000A38BD9FED317A30EE077ABF
:10F96000F7EE006AB4EEE67AF1EE10FAA6DD38BDE5
:10F9700000F05EF82B4B9C4215D8A3F5D0039C42B7
:10F9800026D8F0EE007ABFEE007AA0EE277A0023A8
:10F9900030EE270AC7EE007A92E79FED230A38BDC2
:10F9A00037EEC70A38BD214B9C420BD8F7EE087AD8
:10F9B000B7EE007AA0EE277A022330EE670AC0EE97
:10F9C000077A7DE7BFEE007AC7EE007A032377E778
:10F9D000F7EE007A30EE677A30EE270A0123C7EEA1
:10F9E000007A6DE7DB0FC93FFFFFDF3ED769853C3B
:10F9F00059DA4B3D21A215BD6BF16EBD356B883DCB
:10FA000095879DBD6E2EBA3D388EE3BD2549123EC9
:10FA1000ABAAAA3ECDCC4CBEC03F0108D03F0108E6
:10FA2000CAF24971FFFF973FDB0FC9BFFFFF1B40C1
:10FA300010EE103A23F0004300EE103A704700BF7A
:10FA40002DE9F04F2DED048BDBB01C46944603935B
:10FA50000A46BA4B68991CF1040F53F8217082468C
:10FA600004F1FF39C0F25682BCF1030348BF0CF128
:10FA70000403DB10029301334FEAC30EACEB0E0319
:10FA80000593029B17EB0900A3EB090316D4013081
:10FA90009FEDAB7A699C18441EA9002BA4BF54F8B3
:10FAA000235007EE905A03F10103ACBFF8EEE77A5A
:10FAB000F0EE477A8342E1EC017AEED1002FC0F2FA
:10FAC000E28203991EA800EB81004FEA81087E18AC
:10FAD000002346AD4C460AEB8101B9F1000F80F2DC
:10FAE000C8800134B44245F8043B00F10400F4D16D
:10FAF0000DF1280B0BEB8703CDE9062E043B9FEDA0
:10FB0000929ADFED908A059804930AEB080446AEBA
:10FB10000BEB87080097CDF820C00DEB8703002F73
:10FB200093ED460A4FEA870515DD73195A4660EED4
:10FB3000097AB0EE407AFDEEE77A73ED016AF8EEED
:10FB4000E77AB342A7EEE87A37EEA60ABDEEC77AA7
:10FB5000A2EC017AEBD1019000F0B8FAF4EE007A51
:10FB6000B0EE408A20EE270A00F01EFBF2EE007A8B
:10FB7000A0EE678A01980028FDEEC89AF8EEE97AAF
:10FB800038EE678A40F38280791EC0F108035BF883
:10FB900021E04EFA03FC0CFA03F3AEEB030EC0F1C6
:10FBA000070219EE903A4EFA02F26344002A09EE77
:10FBB000903A4BF821E000F3AF80B5EE408AF1EEC9
:10FBC00010FA74D1009B9F420ADD5D44002355F872
:10FBD000041D454543EA0103F9D1002B40F00281A1
:10FBE000009B013B5BF823207B1C9C46002A40F0D5
:10FBF000F780049A012152F8045D0131002DFAD0FA
:10FC00003944029D039A05EB030E0EF1804E699D67
:10FC10000EF1FF3E3A4405EB8E0E1EAD06EB830758
:10FC200005EB8205DEED017AF8EEE77AB9F1000F17
:10FC30000EF1040EE5EC017ADFED417A09DB2A468C
:10FC40005346F3EC016A32ED017AA342E6EE877A7D
:10FC5000F7D10CF1010C8C45E7EC017AE2DD0F469F
:10FC60005BE70134B442E5EC017A00F104003FF4B3
:10FC70003FAFDFED337A83465346F3EC016A3BED49
:10FC8000017A8B42E6EE877AF7D1EAE700F09180BD
:10FC9000F6EE007AB4EEE78AF1EE10FA80F22981EE
:10FCA000B5EE408AF1EE10FA4FF000028AD092468B
:10FCB000DDE9062EDDF820C00197AEEB0C00B0EEBA
:10FCC000480A009F009200F001FADFED1E6AB4EED0
:10FCD000E60AF1EE10FADDE90023F0EE407AC0F218
:10FCE0009C819FED197A059920EE077A0831BDEEC7
:10FCF000C77A0591B8EEC77A5C1CE7EE667ABDEE6E
:10FD0000C77AFDEEE77A17EE901A4BF8231017EE3C
:10FD1000103A4BF824307EE00133002F09EE903A80
:10FD200040F39D8159464FF0000E51F8043B002BE3
:10FD300039D0C3F5807341F8043C0CE00C40010855
:10FD400000000000000080430000803B0B68C3F10E
:10FD5000FF0341F8043B0EF1010E7745F6DC012369
:10FD60009E4600280BDD012800F0BB80022806D14A
:10FD7000791E5BF8213003F03F0C4BF821C0022ABA
:10FD80007FF41BAFB7EE000A734630EE488A002BB3
:10FD90003FF413AF0992019000F098F90198099A85
:10FDA00038EE408A09E70EF1010E7745BDDC9E462C
:10FDB000D7E77B1E5BF82320D211002A7FF7FDAE28
:10FDC00019EE903A002F03F1010309EE903AA9DCF5
:10FDD000022A7FF4F2AEF7EE007A37EEC88AECE63C
:10FDE00019460EE73B469246DDE905125C1EA1F17D
:10FDF00008005BF82410009F059061B903F180436F
:10FE0000013B0BEB8303014653F8040D013C083919
:10FE10000028F9D0059105980092B7EE000A00F08D
:10FE200055F9002C009AB0EE407AC0F22281601C95
:10FE300046AD5FED3B6A81000BEB800305EB800074
:10FE400073ED017AF8EEE77A5B4567EE877A27EE85
:10FE5000267A60ED017AF3D10DF1C8080E1F2E4409
:10FE6000C646A4460025002F7DDBDFF85C92DFED5F
:10FE7000957A3046002307E0F9EC016AB0EC017A8C
:10FE80009F42E6EE877A03DB9D4203F10103F3DA3A
:10FE90000CF1FF3CBCF1FF3FEEEC017A05F10105EE
:10FEA000A6F10406E1D1689B022B6ADC002B36DC4C
:10FEB0000ED1DFED847A414431ED017A884577EE49
:10FEC000877AF9D15346002B40F0C680C2ED007A04
:10FED00019EE903A03F007005BB0BDEC048BBDE86F
:10FEE000F08F791E5BF8213003F07F0C4BF821C0B6
:10FEF00045E719EE903A002F03F1010309EE903A1D
:10FF0000C8BF02223FF70EAFF7EE007A37EEC88A7D
:10FF1000022252E600234FF0080E0293AEE5DDED1B
:10FF2000327A9FED687A414471ED016A884537EE77
:10FF3000267AF9D15346002B40F0848077EEC77AB9
:10FF400082ED007A64B133A90123B1EC017A013367
:10FF50009C4277EE877AF8DA53460BB1F1EE677A76
:10FF6000C2ED017AB4E70CF1FF3C0023BCF1FF3F86
:10FF70004EF8043B05F10105A6F104067FF473AFCA
:10FF800091E7689B032BA3D1002C00F08C8008EB39
:10FF9000840595ED007AA0002B46294671ED017A83
:10FFA000F0EE476A37EE277A884577EEC77A81ED1B
:10FFB000007A77EEA67AC1ED017AEFD1012C72D0EA
:10FFC00095ED007A08F1040173ED017AF0EE476ACD
:10FFD00037EE277A994277EEC77A83ED007A77EE8B
:10FFE000A67AC3ED017AEFD1031DDFED367A4344E3
:10FFF00008F1080833ED017A984577EE877AF9D150
:020000040801F1
:100000005346DDED326A9DED337A73B9C2ED006A75
:1000100082ED017AC2ED027A5AE7FDEEC07A1C4603
:1000200017EE901A4BF82310F5E6F1EE666AB1EE82
:10003000477AF1EE677AC2ED006A82ED017AC2ED8D
:10004000027A45E7F1EE476A77EEC77AC2ED006AB9
:10005000002C7FF478AF81E7F1EE677A36E701286C
:1000600015D002287FF4B4AE0EF03F034BF82130D8
:10007000AEE6689B022B12DC002B17DC7FF428AF66
:10008000DFED107A1EE7039B4FEA830830E50EF0A0
:100090007F03022A4BF821307FF48FAD9BE6689BEB
:1000A000032B7FF415AFDFED077AA9E75346DDEDAB
:1000B000327A1BB14FF0004313604FE70023136007
:1000C0004EE700BF00000000E03F010810EE103ACC
:1000D00033F000411A4625D0B1F1FF4F1FD213F083
:1000E000FF4F20D1DFED297A294A60EE277A90422E
:1000F00017EE903A31DB4CF2503CC3F3C7516045E8
:100100001A46A1F1190114DD002BDFED227A9FEDD3
:10011000210AB8BFDFED207A27EE800A704730EE63
:10012000000A704770474CF2503C60454FEAD1518D
:10013000EADC0144FE29E7DC002915DC11F1160F89
:1001400019DB193122F0FF4242EAC15207EE902A30
:100150009FED120A27EE800A7047DFED117A07EE55
:10016000103A27EE270A704722F0FF4242EAC153B5
:1001700000EE103A7047002BDFED097A9FED080A78
:10018000B8BFDFED087A27EE800A70470000004C08
:10019000B03CFFFFCAF24971CAF249F100000033D6
:1001A0006042A20D6042A28D10EE102AC2F3C75326
:1001B0007F3B162B22F000411BDC002B10461EDB80
:1001C0001A4919410A4223D0DFED197A70EE277AD5
:1001D000F5EEC07AF1EE10FA1ADD002A04DA4FF4D7
:1001E000000242FA03F3184420EA010300EE103A39
:1001F0007047B1F1FF4F0BD330EE000A7047DFEDCF
:100200000C7A70EE277AF5EEC07AF1EE10FA00DC87
:100210007047002A02DB9FED070A704711B99FED76
:10022000060A7047BFEE000AF2E700BFFFFF7F003B
:10023000CAF249710000000000000080F8B500BF5C
:10024000F8BC08BC9E467047F8B500BFF8BC08BCB7
:040250009E4670470F
:100258000000000500000000AD550A19EB1A00085F
:10026800491A0008551A0008000000008D1A0008F5
:10027800691A00086D1A0008000000000000803F9D
:1002880000000000000000000000204100002041A4
:100298000000803F000020410000C842000000002C
:1002A80000000000000020410000A0400000803F46
:1002B8000000204100000000000000400000000095
:1002C800000040400000C8420000803F0000C842D3
:1002D80000000000000000000000804000002041F5
:1002E8000000C8420000803E0000C84200002041D3
:1002F8000000000000000000000020410000C8428B
:100308000000803F000040404D4541535552454D47
:10031800454E54004D4541535552454D454E545F49
:100328004D4F54494F4E5F56325F444D415F5031F7
:10033800004944455F574F524B545245455F554E0F
:10034800545241434B4544005350495F444D415F2B
:10035800424C4F434B494E475F57524150504552CC
:100368005F563100554E4B4E4F574E5F434F4E46EA
:1003780049475F474154455F524553554C54004ED9
:100388004F4E4500434F4E4649475F524541445FF3
:100398004641494C4544005354415455535F4E4FD0
:1003A800545F434C45414E00554E455850454354C3
:1003B80045445F4E4F4E5A45524F5F434F52524548
:1003C8004354494F4E5F5441424C450045585045AF
:1003D800435445445F434F4E4649475F50524F464A
:1003E800494C455F4D495353494E47005A45524F72
:1003F8005F4D49534D41544348004449525F4D496C
:10040800534D415443480046494C545F4D49534D60
:1004180041544348005354415455535F4D49534D3B
:1004280041544348005052545F4D49534D41544341
:100438004800524D415049445F4D49534D41544342
:100448004800434F5252454354494F4E5F4352432D
:100458005F4D49534D41544348002D004D413630BE
:100468003020616E676C65207472616E73706F7294
:10047800743D25730D0A004255494C445F4D414E69
:1004880049464553542C4170704D6F64653D257342
:100498002C41707050726F66696C653D25732C4DE8
:1004A80043553D53544D33324634303552475478D2
:1004B8002C536F7572636549643D25732C50726FB8
:1004C80066696C6546696E6765727072696E743DBF
:1004D80030782530386C582C53797374656D436CBB
:1004E8006F636B487A3D256C752C5472616E73701E
:1004F8006F72743D25730D0A004D41363030206906
:10050800646C65206163717569736974696F6E20C5
:100518006661696C656420726573756C743D2564E9
:1005280020617474656D7074733D257520666C6107
:1005380067733D3078253032580D0A004D4136300A
:1005480030207261773D257520616E676C653D25A9
:100558006C752E2530326C75206465672053746184
:1005680074757356616C69643D2564204E564D421E
:100578003D2564204552524352433D25642045524F
:10058800524D454D3D2564204552525041523D251E
:10059800640D0A004D41363030206E6F6973652056
:1005A800286C61737420256473293A205032503DB9
:1005B800256C752E2530326C75646567205374641C
:1005C8004465763D256C752E2530326C75646567FB
:1005D8002044726966743D2573256C752E2530326A
:1005E8006C75646567204D6178537465703D256C42
:1005F800752E2530326C75646567204E3D256C7507
:100608002076616C69643D25640D0A006465666145
:10061800756C745461736B00575241505045445F78
:100628005049445F534C45575F563200554E4B4E28
:100638004F574E002D256C642E25302A6C64004FD0
:10064800524445525F4E4F545F434F4D50555445A9
:1006580044004F524445525F41424F56455F4E5900
:10066800515549535400524154494F5F4F55545FB7
:100678004F465F52414E4745002D256C642E25306C
:10068800326C6400554E4B4E4F574E5F4A494700F7
:100698004A494734004A756C2032372032303236A6
:1006A8002030393A33383A3331006A69676D6F74EC
:1006B8006F722D6E6C3200434F4E4649472C52657F
:1006C800636F726456657273696F6E3D312C476152
:1006D8007465506F6C6963793D504F4C4943595F5D
:1006E800415F4C4F434B45445F56312C436F6E6618
:1006F8006967436F6E746578743D25732C4669721B
:100708006D776172653D25732C4275696C64494447
:100718003D25732C4D43555F5549443D2530386C74
:10072800582530386C582530386C582C4A69674938
:10073800443D25732C4A69674B6E6F776E3D25647F
:100748002C436F6E6669674761746553656C6654C0
:100758006573743D312C506F696E7453616D706CA4
:10076800657253656C66546573743D312C457870B9
:10077800656374656443616C6962726174696F6E04
:1007880053746174653D5A45524F5F5441424C451C
:100798002C436F6E6669675265616456616C696463
:1007A8003D25642C436F6E66696756616C69643DCC
:1007B80025642C506F6C6963794147617465506199
:1007C800737365643D25642C417564697446696575
:1007D8006C64734C6F636B65643D312C4578706550
:1007E8006374656450726F66696C65466F756E6494
:1007F8003D25642C52656A656374526561736F6E3A
:100808003D25732C506F6C6963794142797061732F
:10081800734F766572726964653D25642C457870FE
:1008280065637465645A65726F3D30782530345855
:100838002C45787065637465644469723D30782529
:100848003032582C457870656374656446696C74F9
:100858003D3078253032582C45787065637465646E
:100868005374617475733D3078253032582C45784F
:100878007065637465645072743D30782530325801
:100888002C4578706563746564526D617049643D88
:100898003078253032582C45787065637465644328
:1008A8006F727243524333323D30782530386C587A
:1008B8002C5A65726F3D3078253034582C44697253
:1008C8003D3078253032582C46696C743D30782597
:1008D8003032582C5374617475733D30782530323A
:1008E800582C5072743D3078253032582C526D6136
:1008F8007049643D3078253032582C436F72724EFF
:100908006F6E5A65726F436F756E743D25752C4313
:100918006F727243524333323D30782530386C5809
:100928000D0A004D6F746F72205741524E494E4761
:100938003A20452564206279706173736564206686
:100948006F7220646562756720284A494734206FB2
:100958006E6C792C20636F6E6669672067617465B9
:100968002072656A65637465643A20257329202DB1
:100978002D20646174612066726F6D2074686973DC
:100988002072756E206973204E4F542076616C6911
:100998006420666F72206F6666696369616C206D9A
:1009A8006561737572656D656E7420636F6E636CD7
:1009B8007573696F6E73210D0A004D6F746F722025
:1009C8004552524F523A2045256420284D41363031
:1009D8003020636F6E666967206761746520726591
:1009E8006A65637465643A20257329210D0A0043FA
:1009F800435700505245434F4E444954494F4E00C7
:100A08004E41004F4646494349414C0044495341F1
:100A1800424C454400256C75002564004D45544101
:100A28002C536368656D6156657273696F6E3D25F9
:100A3800642C4669726D776172653D25732C427529
:100A4800696C6449443D25732C4D43555F554944B1
:100A58003D2530386C582530386C582530386C585E
:100A68002C436F756E74657253636F70653D424FAA
:100A78004F542C4A696749443D25732C4A69674B92
:100A88006E6F776E3D25642C4D6F746F7249443DCF
:100A980025732C4D6F746F724944536F757263657B
:100AA8003D25732C4D6F746F72494456616C6964AF
:100AB8003D25642C4D6F746F72506F6C65436F7574
:100AC8006E743D25752C4D6F746F72506F6C655048
:100AD800616972733D25752C456C65637472696331
:100AE800616C526970706C654D756C7469706C6579
:100AF8003D25752C456C656374726963616C526938
:100B080070706C654F726465723D25752C54657301
:100B18007449443D256C752C537765657049443D8F
:100B2800256C752C446972656374696F6E3D257315
:100B38002C4D6561737572656D656E74506F6C6967
:100B480063793D25732C4D6561737572656D656EAE
:100B580074446566696E6974696F6E3D25732C41CE
:100B68006363657074616E63654D6F64653D25737D
:100B78002C4F6666696369616C526573756C745352
:100B88006F757263653D4C45474143592C53686105
:100B9800646F7743616E6F6E6963616C456E616205
:100BA8006C65643D25642C536861646F77436F6E90
:100BB800747261637456657273696F6E3D25732C28
:100BC800536861646F774F6666696369616C3D302D
:100BD8002C436C6F7375726550726F6265456E61F8
:100BE800626C65643D25642C436C6F737572655047
:100BF800726F626550726F746F636F6C3D25732CF2
:100C0800436C6F7375726550726F62654F66666983
:100C18006369616C3D302C417070726F616368501C
:100C2800726F746F636F6C3D25732C417070726FB7
:100C38006163685374727563747572616C56616C24
:100C480069643D25732C52616D70536F66745374DB
:100C580061727450726F746F636F6C3D25732C52A0
:100C6800616D70536F6674537461727444656C611E
:100C7800794D733D25732C506861736552656665BF
:100C880072656E63653D537765657050726F677204
:100C98006573732C537465705261773D25642C45D8
:100CA80078706563746564416E616C7973697350BB
:100CB8006F696E74733D25642C4361707475726539
:100CC80064506F696E74733D25642C416E616C7954
:100CD800736973506F696E74733D25642C4D65613B
:100CE800737572656D656E7456616C69643D2564D3
:100CF8002C547261636B696E6756616C69643D253B
:100D0800642C547261636B696E67526D734C696DC4
:100D180069744465673D31352E302C547261636BBC
:100D2800696E674D61784C696D69744465673D33D8
:100D3800302E302C4163717569736974696F6E5216
:100D48006573756C743D25732C41637152656164DC
:100D5800417474656D7074733D256C752C416371B5
:100D6800526574726965733D256C752C41637154C5
:100D780072616E73706F72744572726F72733D2513
:100D88006C752C4163714A756D7052656A65637440
:100D9800733D256C752C4163714661696C656453BC
:100DA800616D706C65733D256C752C436F6E74694D
:100DB8006E756F75735377656570436F6E7465787C
:100DC800743D25732C436F6E746578745265616346
:100DD8007175697265436F756E743D256C752C521B
:100DE800616D70466565646261636B456E61626CD6
:100DF80065643D312C536574746C65436F6E747211
:100E08006163743D25732C536574746C6553746108
:100E180062696C6974794C696D69745261773D25B2
:100E28006C642C536574746C655461726765745492
:100E38006F6C6572616E63655261773D256C642CD9
:100E4800536574746C65506F696E74733D25642CBA
:100E5800536574746C6553746162696C697479560E
:100E6800616C69643D25642C536574746C655461C8
:100E78007267657450726F78696D69747956616CC0
:100E880069643D25642C536574746C6556616C699E
:100E9800643D25642C53746172745261773D2575E5
:100EA8002C5374617274416E676C654465673D25A7
:100EB800732C416E616C79736973537461727452E7
:100EC80061773D25752C436F6E74726F6C6C65721B
:100ED8005374617465506F6C6963793D25732C4355
:100EE8006F6E74726F6C6C65725265736574417065
:100EF800706C6965643D25642C436F6E74726F6C09
:100F08006C65725265736574537461746556616C6F
:100F180069643D25642C486F6D65526573756C7402
:100F28003D25732C486F6D654475726174696F6EE9
:100F38004D733D256C752C486F6D655570646174F3
:100F480065436F756E743D256C752C4261746368DA
:100F580049443D256C752C4379636C654F72646513
:100F6800723D256C752C52756E4F726465723D2505
:100F78006C752C426174636852756E436F756E743C
:100F88003D256C752C507265636F6E646974696F6A
:100F98006E50726F746F636F6C3D25732C52756E53
:100FA800526F6C653D25732C456C696769626C6589
:100FB800466F72537461746973746963733D256411
:100FC8002C507265636F6E646974696F6E56616CDC
:100FD80069643D25732C546865726D616C50726F3D
:100FE800746F636F6C3D25732C4669727374527508
:100FF8006E496E42617463683D25642C4D6F746F51
:10100800724163746976654475726174696F6E4D77
:10101800733D256C752C436F6F6C646F776E5461EC
:10102800726765744D733D25732C436F6F6C646FE5
:10103800776E41637475616C4D733D25732C436FF6
:101048006F6C646F776E56616C69643D25732C54C0
:10105800696D6553696E636550726576696F7573FE
:1010680052756E4D733D25730D0A00434F4F4C4426
:101078004F574E5F313230535F5631004F4E455F08
:1010880046554C4C5F53574545505F313230535F9E
:1010980056310052455345545F4245464F52455FCD
:1010A800454143485F484F4D455F563100535441D1
:1010B80042494C4954595F414E445F544152474557
:1010C800545F56310053574545505F434F4E544582
:1010D80058545F5631005343555256455F43575F46
:1010E800505245524F4C4C5F4C4F43414C5F524518
:1010F80056455253414C5F434F4E54524F4C5F56E6
:101108003100434C4F535552455F484F4C445F564E
:10111800310043414E4F4E4943414C5F5131365F98
:101128005631005245504F52545F4F4E4C5900575C
:10113800484F4C455F53595354454D5F434F4D4DB0
:10114800414E445F545241434B494E470057484F24
:101158004C455F53595354454D5F5245504F525477
:101168005F4F4E4C595F563100554E53455400471A
:101178005249442C536368656D6156657273696F93
:101188006E3D25642C5465737449443D256C752C5B
:10119800537765657049443D256C752C50726F74A2
:1011A8006F636F6C3D25732C4E6F6D696E616C5368
:1011B8007465704465673D312E30303030302C50C6
:1011C8006F696E74735065725265763D25752C5241
:1011D8006177537465704D696E3D25752C52617742
:1011E800537465704D61783D25752C54617267653F
:1011F8007452756C653D524F554E445F494E444597
:10120800585F54494D45535F36353533365F444949
:10121800565F3336300D0A00554E49464F524D5FE2
:10122800315F4445475F524F554E4445445F5241F4
:10123800575F5631004D4F54494F4E5F50524F46FD
:10124800494C452C536368656D6156657273696FC7
:101258006E3D25642C5465737449443D256C752C8A
:10126800537765657049443D256C752C4A69674913
:10127800443D25732C4D6F746F7249443D25732C82
:10128800446972656374696F6E3D25732C50726F83
:1012980066696C653D25732C486F6D65436F6E7488
:1012A800726F6C6C65723D25732C46696E616C5467
:1012B80061726765744D6F64653D4F50454E5F4C74
:1012C8004F4F505F554E4348414E4745442C43616C
:1012D80070747572654D6F64653D5354415449434C
:1012E8005F41465445525F534554544C452C54690C
:1012F800636B4D733D25752C436F6D6D616E647323
:101308005065724465677265653D25752C506F7729
:1013180065723D312E3030302C4C6F636B447572E2
:101328006174696F6E4D733D256C752C4C6F636BE2
:10133800436F6D6D616E64733D256C752C4C6F63E6
:101348006B54696D696E674F76657272756E733D21
:10135800256C752C52616D705365676D656E74737D
:101368003D256C752C52616D70436F6D6D616E64B7
:10137800733D256C752C52616D7054696D696E678B
:101388004F76657272756E733D256C752C4D61785C
:101398004C6174656E6573735469636B733D256C3A
:1013A800752C4F627365727665644261636B747203
:1013B80061636B733D256C752C4D61784F62736565
:1013C800727665644261636B747261636B526177B4
:1013D8003D256C750D0A0053435552564534305F10
:1013E8004142534F4C5554455F5449434B5F563225
:1013F80000434F4E54524F4C5F53544154452C5365
:101408006368656D6156657273696F6E3D25642CFE
:101418005465737449443D256C752C537765657024
:1014280049443D256C752C4A696749443D25732C10
:101438004D6F746F7249443D25732C44697265631E
:1014480074696F6E3D25732C506F6C6963793D2507
:10145800732C52657365744170706C6965643D25C1
:10146800642C5265736574537461746556616C6954
:10147800643D25642C4265666F7265496E746567C4
:1014880072616C5465726D3D25732C4265666F728E
:10149800654C6173744572726F724465673D25735C
:1014A8002C4265666F7265436F6D6D616E64526143
:1014B800773D25732C4265666F726546696C746565
:1014C800726564446572697661746976653D2573F1
:1014D8002C4265666F72654C6173744F75747075D4
:1014E80074537465705261773D25732C4265666F3D
:1014F8007265466565646261636B496E69746961AA
:101508006C697A65643D25642C4265666F72654630
:101518006565646261636B41636365707465643DAE
:10152800256C752C4265666F72654F75747075749D
:10153800456C656374726963616C506F7369746933
:101548006F6E5261773D25752C4265666F72654FE7
:101558007574707574506F7765723D25732C42658C
:10156800666F72654F7574707574456E61626C65EF
:10157800643D25642C4166746572496E74656772B2
:10158800616C5465726D3D25732C41667465724CAF
:101598006173744572726F724465673D25732C419F
:1015A80066746572436F6D6D616E645261773D2537
:1015B800732C416674657246696C7465726564441F
:1015C8006572697661746976653D25732C41667428
:1015D80065724C6173744F7574707574537465706B
:1015E8005261773D25732C41667465724665656462
:1015F8006261636B496E697469616C697A65643D9F
:1016080025642C4166746572466565646261636B26
:1016180041636365707465643D256C752C4166741F
:1016280065724F7574707574456C6563747269631F
:10163800616C506F736974696F6E5261773D25757F
:101648002C41667465724F7574707574506F776548
:10165800723D25732C41667465724F75747075748C
:10166800456E61626C65643D25642C486F6D6552FA
:101678006573756C743D25732C486F6D6544757280
:101688006174696F6E4D733D256C752C486F6D657F
:10169800557064617465436F756E743D256C752C67
:1016A800486F6D65496E697469616C4572726F72D5
:1016B8004465673D25732C486F6D6546696E616C9E
:1016C8004572726F724465673D25732C486F6D656E
:1016D800496E697469616C436F6D6D616E645261C6
:1016E800773D256C642C486F6D6546696E616C4367
:1016F8006F6D6D616E645261773D256C640D0A00F3
:10170800534841444F575F4D4554412C53636865D6
:101718006D6156657273696F6E3D25642C546573EF
:101728007449443D256C752C537765657049443D73
:10173800256C752C4A696749443D25732C4D6F7497
:101748006F7249443D25732C4F6666696369616C05
:101758003D302C436F6E74726163745665727369A1
:101768006F6E3D25732C5369676E6564436F6E76A3
:10177800656E74696F6E3D25732C5265666572657A
:101788006E6365446566696E6974696F6E3D25733D
:101798002C43616E6F6E6963616C4D65616E536F4A
:1017A800757263653D25732C4D616446696C74657B
:1017B80072696E67456E61626C65643D302C546970
:1017C8006D696E674D6F64653D4241434B5F544F91
:1017D8005F4241434B2C5265717569726564416380
:1017E80063657074656453616D706C65733D2575D0
:1017F8002C4D61785472616E73616374696F6E7396
:101808003D25752C4D6178436F6E736563757469FA
:1018180076654661696C757265733D25752C4D61F9
:1018280078456C617073656455733D256C752C4DF6
:1018380061784A756D705261773D256C640D0A00B8
:10184800414C4C5F544945523100504F494E543039
:101858005F43414E4F4E4943414C5F4D45414E0019
:101868004D454153555245445F4D494E55535F547C
:10187800415247455400444154412C25642C256C61
:10188800752C256C752C25732C25732C25732C250C
:10189800642C25752C25752C25732C25730D0A00B1
:1018A8004143512C25642C256C752C256C752C25F1
:1018B800732C25642C256C752C25752C25752C30DE
:1018C80078253032580D0A004D4F54494F4E2C534D
:1018D8006368656D6156657273696F6E3D25642C2A
:1018E8005465737449443D256C752C537765657050
:1018F80049443D256C752C4A696749443D25732C3C
:101908004D6F746F7249443D25732C446972656349
:1019180074696F6E3D25732C506F696E743D256434
:101928002C52616D70416363657074656453616DB9
:10193800706C65733D25752C536574746C655265C0
:1019480073756C743D25732C53746162696C69748A
:101958007956616C69643D25642C546172676574BD
:1019680050726F78696D69747956616C69643D2548
:10197800642C536574746C6556616C69643D2564A8
:101988002C506F736974696F6E4572726F72526111
:10199800773D25732C506F736974696F6E45727249
:1019A8006F724465673D25732C506F6C6C436F757F
:1019B8006E743D25750D0A00534841444F575F44E6
:1019C8004154412C25642C256C752C256C752C25CF
:1019D800732C25732C25732C25642C25732C2573C7
:1019E8002C25730D0A00534841444F575F4143511A
:1019F8002C25642C256C752C256C752C25732C25B1
:101A0800642C256C752C256C752C25752C25752C4E
:101A180025752C25752C25752C25730D0A004D4F21
:101A280054494F4E5F524553554C542C5363686587
:101A38006D6156657273696F6E3D25642C546573CC
:101A48007449443D256C752C537765657049443D50
:101A5800256C752C4A696749443D25732C4D6F7474
:101A68006F7249443D25732C446972656374696FCC
:101A78006E3D25732C436F6E747261637456657284
:101A880073696F6E3D25732C436F6E74696E756F45
:101A980075735377656570436F6E746578743D250B
:101AA800732C436F6E7465787452656163717569E0
:101AB8007265436F756E743D256C752C436F6E743B
:101AC80065787452656164417474656D7074733DB2
:101AD800256C752C436F6E7465787441636365700B
:101AE80074656453616D706C65733D256C752C432A
:101AF8006F6E74657874526574726965733D256C90
:101B0800752C436F6E746578745472616E73706F60
:101B180072744572726F72733D256C752C436F6ECB
:101B2800746578744A756D7052656A656374733D3F
:101B3800256C752C436F6E746578744661696C65A5
:101B48006453616D706C65733D256C752C52616DC5
:101B58007052656164417474656D7074733D256C71
:101B6800752C52616D70416363657074656453616F
:101B78006D706C65733D256C752C52616D70526586
:101B880074726965733D256C752C52616D70547261
:101B9800616E73706F72744572726F72733D256CEB
:101BA800752C52616D704A756D7052656A65637403
:101BB800733D256C752C52616D704661696C656466
:101BC80053616D706C65733D256C752C5365747429
:101BD8006C6552656164417474656D7074733D25FC
:101BE8006C752C536574746C6541636365707465BA
:101BF8006453616D706C65733D256C752C53657409
:101C0800746C65526574726965733D256C752C53E7
:101C18006574746C655472616E73706F727445721A
:101C2800726F72733D256C752C536574746C654ABC
:101C3800756D7052656A656374733D256C752C53B8
:101C48006574746C654661696C656453616D706C2C
:101C580065733D256C752C536574746C65506F699C
:101C68006E74733D25642C53746162696C69747970
:101C780056616C6964506F696E74733D25642C54A9
:101C8800617267657450726F78696D6974795661AD
:101C98006C6964506F696E74733D25642C53657468
:101CA800746C6556616C6964506F696E74733D2518
:101CB800642C536574746C6554696D656F757450E4
:101CC8006F696E74733D25642C536574746C655725
:101CD800726F6E67506F736974696F6E506F696E5B
:101CE80074733D25642C536574746C655374616218
:101CF800696C69747956616C69643D25642C536517
:101D080074746C6554617267657450726F78696D2C
:101D180069747956616C69643D25642C53657474E3
:101D28006C6556616C69643D25642C4D617841622F
:101D380073536574746C65506F736974696F6E451D
:101D480072726F725261773D25732C4D61784162D2
:101D580073536574746C65506F736974696F6E45FD
:101D680072726F724465673D25730D0A00524553C0
:101D7800554C542C536368656D6156657273696F71
:101D88006E3D25642C5465737449443D256C752C4F
:101D9800537765657049443D256C752C4A696749D8
:101DA800443D25732C4D6F746F7249443D25732C47
:101DB800446972656374696F6E3D25732C43617065
:101DC8007475726564506F696E74733D25642C4137
:101DD8006E616C79736973506F696E74733D2564B5
:101DE8002C4D65616E44433D25732C524D535F4124
:101DF800433D25732C41313D25732C41323D2573DC
:101E08002C41333D25732C41363D25732C41393DFA
:101E180025732C4131323D25732C4131383D2573D2
:101E28002C4132373D25732C4133363D25732C41E7
:101E380034353D25732C4137323D25732C413130E3
:101E4800383D25732C48315F506861736553776559
:101E580065704465673D25732C48325F506861732F
:101E68006553776565704465673D25732C48335F16
:101E7800506861736553776565704465673D257380
:101E88002C48365F506861736553776565704465A3
:101E9800673D25732C48395F5068617365537765D2
:101EA80065704465673D25732C4831325F50686121
:101EB800736553776565704465673D25732C4831B4
:101EC800385F506861736553776565704465673D31
:101ED80025732C4832375F506861736553776565A1
:101EE800704465673D25732C4833365F50686173CD
:101EF8006553776565704465673D25732C483435AF
:101F08005F506861736553776565704465673D2503
:101F1800732C4837325F5068617365537765657015
:101F28004465673D25732C483130385F50686173CC
:101F38006553776565704465673D25732C41343D6D
:101F480025732C48345F50686173655377656570F5
:101F58004465673D25732C41383D25732C48385F0F
:101F6800506861736553776565704465673D25738F
:101F78002C4D6F746F72506F6C65436F756E743D46
:101F880025752C4D6F746F72506F6C655061697256
:101F9800733D25752C456C656374726963616C5279
:101FA8006970706C654D756C7469706C653D2575EC
:101FB8002C456C656374726963616C526970706CEE
:101FC800654F726465723D25752C41456C65637477
:101FD800726963616C363D25732C456C6563747258
:101FE8006963616C365F50686173655377656570C6
:101FF8004465673D25732C456C656374726963613C
:102008006C526970706C6556616C69643D25642C0E
:10201800506861736556616C69644D61736B3D30DE
:1020280078253034582C446F6D696E616E74536531
:102038006C65637465644F726465723D25752C44E4
:102048006F6D696E616E7453656C65637465644128
:102058006D706C69747564653D25732C446F6D698A
:102068006E616E7453656C6563746564456E657204
:102078006779526174696F3D25732C4C656761639C
:10208800794D6F64656C49643D48534554365F56D5
:10209800312C4C65676163794F72646572733D31A9
:1020A8007C327C337C367C31327C31382C4C656711
:1020B8006163794D6F64656C56616C69643D256434
:1020C8002C526573696475616C5F524D535F483675
:1020D8003D25732C526573696475616C5F524D536D
:1020E8005F4833363D25732C526573696475616C9E
:1020F8005F524D535F46756C6C3D25732C46697471
:102108007465645F5032503D25732C466974457878
:10211800706C61696E6564526174696F3D25732CDA
:10212800457874656E6465644D6F64656C49643D9B
:102138004853455431325F56312C457874656E6486
:1021480065644F72646572733D317C327C337C36D2
:102158007C397C31327C31387C32377C33367C3484
:10216800357C37327C3130382C457874656E64653F
:10217800644D6F64656C56616C69643D25642C52CE
:102188006573696475616C5F524D535F457874651A
:102198006E6465643D25732C4669747465645F508C
:1021A80032505F457874656E6465643D25732C46CE
:1021B80069744578706C61696E6564526174696FA1
:1021C8005F457874656E6465643D25732C4D6F7446
:1021D8006F725F4572726F725F5032505F4465670D
:1021E8003D25732C4D6F746F725F53797374656DF1
:1021F8005F494E4C5F4465673D25732C4372657398
:1022080074466163746F723D25732C5039395F4190
:102218006273446576696174696F6E3D25732C54E9
:102228007261636B696E6756616C69643D25642CE5
:10223800547261636B696E674572726F725F524D5B
:10224800535F4465673D25732C547261636B696EF7
:10225800674572726F725F4D61784162735F446562
:10226800673D25732C46656174757265436F6D70A3
:1022780075746554696D654D733D256C750D0A005F
:10228800534841444F575F524553554C542C536360
:1022980068656D6156657273696F6E3D25642C546F
:1022A80065737449443D256C752C53776565704991
:1022B800443D256C752C4A696749443D25732C4D6E
:1022C8006F746F7249443D25732C4F666669636964
:1022D800616C3D302C436F6E747261637456657225
:1022E80073696F6E3D25732C56616C69643D256476
:1022F8002C416E616C79736973506F696E74733DAC
:1023080025642C4D65616E44433D25732C524D5315
:102318005F41433D25732C4133363D25732C5032A4
:10232800503D25732C506F696E74304D65616E5247
:1023380061775131363D25732C4572726F72305278
:1023480061775131363D25732C436C6F7375726517
:102358004572726F725261775131363D25732C4345
:102368006C6F737572654572726F724465673D254F
:10237800732C436C6F737572654C696D6974446531
:10238800673D302E32303030302C436C6F737572AD
:102398006556616C69643D25642C4C656761637999
:1023A8004D696E757343616E6F6E6963616C524DF2
:1023B800533D25732C4C65676163794D696E757360
:1023C80043616E6F6E6963616C4133363D25732CD2
:1023D800417474656D70746564506F696E74733D93
:1023E80025642C4361707475726564506F696E74EE
:1023F800733D25642C5472616E73616374696F6EEA
:10240800733D256C752C4163636570746564536115
:102418006D706C65733D256C752C537069466169E8
:102428006C757265733D256C752C4A756D705265B7
:102438006A656374733D256C752C4D6574616461C0
:102448007461496E76616C69643D256C752C4661D2
:10245800696C6564506F696E74733D256C752C5397
:102468006B6970706564536C6F74733D256C752C63
:1024780054696D696E674F76657272756E733D2526
:102488006C752C4D617841627354696D696E67454E
:1024980072726F724379636C65733D256C752C4D50
:1024A8006178436F6E7365637574697665466169B3
:1024B8006C757265734F627365727665643D256CE1
:1024C800752C46656174757265436F6D70757465BA
:1024D80054696D654D733D256C752C417070726F34
:1024E80061636850726F746F636F6C3D25732C4124
:1024F8007070726F6163685374727563747572611A
:102508006C56616C69643D25730D0A00534841445B
:102518004F575F4D41442C536368656D6156657232
:1025280073696F6E3D25642C5465737449443D2569
:102538006C752C537765657049443D256C752C4A3C
:10254800696749443D25732C4D6F746F7249443D4A
:1025580025732C446972656374696F6E3D25732C0D
:102568004F6666696369616C3D302C506F696E74A3
:10257800496E6465783D25642C436F6D707574658C
:10258800643D25642C43616E646964617465436FBE
:10259800756E743D256C752C52656A656374656447
:1025A800436F756E743D256C752C526F627573742C
:1025B800436F756E743D256C752C52656A6563743E
:1025C800466C6F6F7252656C5261773D256C642C56
:1025D800506F696E744D65616E5261775131363D49
:1025E80025732C4D616446696C74657265644D652C
:1025F800616E5261775131363D25732C44656C7498
:10260800615261775131363D25730D0A00434C4FB5
:10261800535552455F50524F42452C536368656D80
:102628006156657273696F6E3D25642C54657374C9
:1026380049443D256C752C537765657049443D25A3
:102648006C752C4A696749443D25732C4D6F746F2E
:102658007249443D25732C446972656374696F6ED1
:102668003D25732C4F6666696369616C3D302C505B
:10267800726F746F636F6C3D25732C53746167655B
:102688003D25732C506F696E743D25752C436F6D15
:102698006D616E645261773D256C642C506F77656F
:1026A800723D312E30303030302C4E6F6D696E6196
:1026B8006C486F6C644D733D256C752C4361707468
:1026C8007572655374617274456C61707365644D9D
:1026D800733D256C752C43617074757265456E6425
:1026E800456C61707365644D733D256C752C506F36
:1026F800696E744D65616E5261775131363D25734F
:102708002C436C6F737572654572726F7252617784
:102718005131363D25732C436C6F73757265457264
:10272800726F724465673D25732C57696E646F77C5
:102738005032505261773D25732C57696E646F771C
:102748005032504465673D25732C57696E646F7726
:1027580044726966745261773D25732C57696E64BB
:102768006F7744726966744465673D25732C5472AB
:10277800616E73616374696F6E733D256C752C416E
:102788006363657074656453616D706C65733D2532
:102798006C752C5370694661696C757265733D255B
:1027A8006C752C4A756D7052656A656374733D2546
:1027B8006C752C4D65746164617461496E76616CE9
:1027C80069643D256C752C536B6970706564536C36
:1027D8006F74733D256C752C54696D696E674F76FF
:1027E800657272756E733D256C752C4D6178436FFB
:1027F8006E73656375746976654661696C75726533
:10280800734F627365727665643D256C752C416300
:10281800717569736974696F6E526573756C743D0F
:1028280025732C56616C69643D25640D0A00434C80
:102838004F535552455F50524F42455F524553558D
:102848004C542C536368656D6156657273696F6E7D
:102858003D25642C5465737449443D256C752C538F
:102868007765657049443D256C752C4A696749440C
:102878003D25732C4D6F746F7249443D25732C446C
:102888006972656374696F6E3D25732C4F6666695E
:102898006369616C3D302C50726F746F636F6C3D6F
:1028A80025732C456E61626C65643D25642C5374F8
:1028B80061727465643D25642C436F6D706C65743A
:1028C800653D25642C45787065637465645374614F
:1028D8006765733D25752C417474656D7074656406
:1028E8005374616765733D256C752C56616C69641A
:1028F8005374616765733D256C752C506F73745400
:1029080075726E54696D696E67436F6D706172613F
:10291800626C653D25642C416371756973697469DE
:102928006F6E526573756C743D25732C53746174A6
:1029380075733D25730D0A00415050524F4143486D
:102948005F524553554C542C536368656D61566509
:102958007273696F6E3D25642C5465737449443DE8
:10296800256C752C537765657049443D256C752C2D
:102978004A696749443D25732C4D6F746F72494409
:102988003D25732C446972656374696F6E3D2573C8
:102998002C4F6666696369616C3D302C50726F74A8
:1029A8006F636F6C3D25732C417070726F61636843
:1029B800506174683D43575F4343575F43572C52F8
:1029C8006576657273616C436F756E743D256C75C1
:1029D8002C537461727465643D312C436F6D706C57
:1029E8006574653D25642C5374617475733D257356
:1029F8002C507265526F6C6C436F6D6D616E6444E0
:102A0800656C74615261773D25732C507265526F05
:102A18006C6C4F6273657276656444656C74615260
:102A280061773D25732C507265526F6C6C546172DE
:102A38006765744572726F725261773D25732C50C9
:102A48007265526F6C6C4475726174696F6E4D7308
:102A58003D256C752C46696E616C436F6D6D616EBA
:102A68006444656C74615261773D25732C46696EC8
:102A7800616C4F6273657276656444656C7461520B
:102A880061773D25732C46696E616C546172676588
:102A9800744572726F725261773D25732C46696E68
:102AA800616C4475726174696F6E4D733D256C7508
:102AB8002C4F726967696E53686966744F627365F3
:102AC800727665645261773D25732C4F7269676928
:102AD8006E53686966745461726765744572726F83
:102AE800725261773D25732C496E697469616C5324
:102AF8006574746C65526573756C743D25732C50E0
:102B08007265526F6C6C536574746C65526573753D
:102B18006C743D4E412C46696E616C536574746CDF
:102B280065526573756C743D25732C507265506FD2
:102B3800736974696F6E536574746C6552657375E7
:102B48006C743D25732C4C6F63616C4261636B6FD1
:102B58006666536574746C65526573756C743D254F
:102B6800732C4C6F63616C4261636B6F6666436F75
:102B78006D6D616E6444656C74615261773D257357
:102B88002C4C6F63616C4261636B6F66664F627356
:102B9800657276656444656C74615261773D25732E
:102BA8002C4C6F63616C4261636B6F666654617233
:102BB8006765744572726F725261773D25732C4C4C
:102BC8006F63616C4261636B6F66664475726174B2
:102BD800696F6E4D733D256C752C417070726F6115
:102BE800636852656164417474656D7074733D25E2
:102BF8006C752C417070726F61636852657472698C
:102C080065733D256C752C417070726F61636854F3
:102C180072616E73706F72744572726F72733D2554
:102C28006C752C417070726F6163684A756D705273
:102C3800656A656374733D256C752C417070726F9D
:102C48006163684661696C656453616D706C657336
:102C58003D256C752C417070726F616368416371BA
:102C68007569736974696F6E436C65616E3D25643F
:102C78002C417070726F61636853747275637475F8
:102C880072616C56616C69643D25640D0A0041509F
:102C980050524F4143485F53544550532C53636837
:102CA800656D6156657273696F6E3D25642C546558
:102CB800737449443D256C752C5377656570494498
:102CC8003D256C752C4A696749443D25732C4D6F29
:102CD800746F7249443D25732C4F66666963696158
:102CE8006C3D302C4C65673D4241434B4F46462C6A
:102CF80053746570436F756E743D25752C556E77EA
:102D08007261707065645261773D25730D0A0041E8
:102D18005050524F4143485F53544550532C5363CE
:102D280068656D6156657273696F6E3D25642C54D4
:102D380065737449443D256C752C537765657049F6
:102D4800443D256C752C4A696749443D25732C4DD3
:102D58006F746F7249443D25732C4F6666696369C9
:102D6800616C3D302C4C65673D464F52574152448B
:102D78002C53746570436F756E743D25752C556EB4
:102D8800777261707065645261773D25730D0A0032
:102D980053574545505F52414D505F53544550532A
:102DA8002C536368656D6156657273696F6E3D2556
:102DB800642C5465737449443D256C752C537765B0
:102DC800657049443D256C752C4A696749443D2521
:102DD800732C4D6F746F7249443D25732C4F666692
:102DE800696369616C3D302C546F506F696E74492A
:102DF8006E6465783D256C752C53746570436F75EA
:102E08006E743D25752C556E7772617070656452CD
:102E180061773D25730D0A00534841444F575F457C
:102E28004E442C536368656D6156657273696F6EA5
:102E38003D25642C5465737449443D256C752C53A9
:102E48007765657049443D256C752C4A6967494426
:102E58003D25732C4D6F746F7249443D25732C4F7B
:102E68006666696369616C3D302C53746172746580
:102E7800643D25642C417474656D70746564506F8D
:102E8800696E74733D25642C436170747572656452
:102E9800506F696E74733D25642C41637175697355
:102EA8006974696F6E526573756C743D25732C5324
:102EB80074617475733D25730D0A004D6F746F72DC
:102EC800206F66667365743A2025750D0A004D6F8C
:102ED800746F7220616E676C65206F6666736574C7
:102EE8003A202573206465677265650D0A004D41B7
:102EF800363030207374617274207261773D2575A5
:102F080020636F756E743D256C642066696C74650A
:102F18007265643D257320726177416E676C653D0B
:102F28002573206465677265650D0A004E4C206341
:102F3800757276652025643A20616E676C653D255B
:102F480073206572726F723D2573206465670D0A80
:102F5800004E4C20706F696E7473206E6F7420730E
:102F68006574746C65642077697468696E20256C73
:102F7800646D732025643A2025642F25640D0A00AA
:102F88004E4C206162736F6C75746520657874723D
:102F9800656D612025643A206D61785F7261773DC7
:102FA8002575202825732064656729206D696E5F63
:102FB8007261773D25752028257320646567290D82
:102FC8000A004E4C206861726D6F6E69633120286B
:102FD8006D6F756E74696E672F636F6E63656E745F
:102FE800726963697479207369676E617475726553
:102FF800292025643A20616D706C69747564653D9B
:1030080025732070686173653D2573206465670DBD
:103018000A004E4C206861726D6F6E696336202815
:10302800686973746F726963616C20726566657232
:10303800656E63652C2073656520524553554C5465
:10304800277320446F6D696E616E7453656C656398
:103058007465644F72646572292025643A20616D35
:10306800706C69747564653D25732070686173655B
:103078003D2573206465670D0A004E4C20646F6D12
:10308800696E616E74206861726D6F6E6963202568
:10309800643A206F726465723D257520616D706CAD
:1030A80069747564653D2573206465670D0A004E73
:1030B8004C20726177207065616B2D746F2D70657F
:1030C800616B202564202873696E676C65206D61CB
:1030D800782D6D696E2C20666F7220636F6D70613C
:1030E8007269736F6E293A2025732064656772656B
:1030F800650D0A004E4C2054432070657263656E5E
:1031080074696C652025643A2050353D257320503C
:1031180039353D25732072616E67653D25732064DE
:1031280065677265650D0A004E4C20544320726D28
:10313800732025643A202573206465677265650DE0
:103148000A004D4136303020526177204E6F6E6C48
:10315800696E65617220256420416E676C653A204E
:103168002573206465677265650D0A004D41363028
:10317800302046696C7465722D526177204D6178F4
:1031880020446966662025643A20257320646567B3
:103198007265650D0A004E6F6E6C696E656172200E
:1031A800256420494E56414C49443A207472616363
:1031B8006B696E673D256420616371756973697415
:1031C800696F6E3D257320736574746C65643D2565
:1031D800642F25640D0A00454E442C536368656DC1
:1031E8006156657273696F6E3D25642C54657374FE
:1031F80049443D256C752C537765657049443D25D8
:103208006C752C446972656374696F6E3D25732C07
:103218004361707475726564506F696E74733D258F
:10322800642C416E616C79736973506F696E747345
:103238003D25642C547261636B696E6756616C69D5
:10324800643D25642C536574746C655374616269BC
:103258006C69747956616C69643D25642C53657496
:10326800746C6554617267657450726F78696D69C2
:10327800747956616C69643D25642C536574746C6B
:103288006556616C69643D25642C41637175697389
:103298006974696F6E526573756C743D25732C5330
:1032A80074617475733D25730D0A00505245434F80
:1032B8004E444954494F4E5F5052455F4D4F544F0D
:1032C800520042415443485F5052455F4D4F544F5E
:1032D800520047657474696E6720726573756C7403
:1032E800210D0A004D6F746F72204552524F523AA9
:1032F80020453530372028636F6E74726F6C2D73DC
:10330800657373696F6E2072657365742076657274
:10331800696669636174696F6E206661696C65646A
:1033280029210D0A004D41363030206D6F76652D0C
:10333800746F2D7A65726F3A206572726F723D25CF
:10334800732064656720736574746C65643D256CCF
:10335800642F256C6420636D64506F733D256C6425
:103368000D0A004D6F746F72204552524F523A2029
:1033780045353032210D0A004D6F746F7220455269
:10338800524F523A204535303320286D6F76652DDF
:10339800746F2D7A65726F20646964206E6F742073
:1033A800636F6E76657267652077697468696E20E9
:1033B800256C64206D7329210D0A004D6F746F729E
:1033C800204552524F523A204535303420286D6FEF
:1033D80076652D746F2D7A65726F20656E636F64E4
:1033E8006572206163717569736974696F6E2066AF
:1033F80061696C656429210D0A004D6F746F722034
:103408004552524F523A204535303520287377655A
:103418006570206163717569736974696F6E206680
:1034280061696C65643A20257329210D0A004D6F86
:10343800746F72204552524F523A2045353036202B
:10344800287377656570206163717569736974693C
:103458006F6E20696E76616C69643B20696E73706B
:10346800656374204D4554412F454E4429210D0A6A
:1034780000505245434F4E444954494F4E5F5245C0
:1034880053554C542C536368656D61566572736966
:103498006F6E3D25642C426174636849443D256C18
:1034A800752C4379636C654F726465723D256C7544
:1034B8002C5465737449443D256C752C50726F7497
:1034C8006F636F6C3D25732C52756E526F6C653D42
:1034D800505245434F4E444954494F4E2C456C6910
:1034E8006769626C65466F72537461746973746955
:1034F80063733D302C5374617475733D56414C4968
:10350800440D0A004D4136303020526177204E6F0D
:103518006E6C696E6561722046696E616C204176D9
:1035280065726167653A2025732064656772656511
:103538000D0A004D6F746F72204F4B210D0A004227
:10354800415443482C426174636849443D256C7575
:103558002C5374617475733D4641494C45442C4362
:1035680079636C654F726465723D256C752C527574
:103578006E4F726465723D256C752C52756E526F74
:103588006C653D25730D0A0042415443482C426145
:1035980074636849443D256C752C53746174757364
:1035A8003D434F4D504C4554452C507265636F6EEA
:1035B800646974696F6E436F756E743D256C752C04
:1035C80052756E436F756E743D256C752C546F740F
:1035D800616C4379636C65436F756E743D256C75DA
:1035E8002C507265636F6E646974696F6E56616C96
:1035F80069643D312C507265636F6E646974696FDC
:103608006E52756E73557365643D256C752C5072DA
:1036180065636F6E646974696F6E53746162696C17
:1036280069747944656C74614465673D25730D0A56
:103638000042415443482C426174636849443D2523
:103648006C752C5374617475733D434F4F4C444FE4
:10365800574E5F53544152542C4379636C654F72F3
:103668006465723D256C752C52756E4F7264657277
:103678003D256C752C52756E526F6C653D25732C0B
:103688005461726765744D733D256C752C50726F6B
:10369800746F636F6C3D25730D0A00424F4F545F82
:1036A800534D4F4B45004D41363030205354415413
:1036B800555320707265636865636B206661696C39
:1036C8006564204E564D423D2564204352433D25B6
:1036D80064204D454D3D2564205041523D25643BB5
:1036E80020626174636820726566757365640D0A8B
:1036F8000042415443482C426174636849443D2563
:103708006C752C5374617475733D53544152542C29
:10371800507265636F6E646974696F6E50726F740E
:103728006F636F6C3D25732C507265636F6E6469AF
:1037380074696F6E436F756E743D256C752C527588
:103748006E436F756E743D256C752C546F74616C87
:103758004379636C65436F756E743D256C752C43B6
:103768006F6F6C646F776E5461726765744D733DEB
:10377800256C750D0A0042415443482C426174631C
:103788006849443D256C752C5374617475733D46C6
:1037980041494C45442C526561736F6E3D434F4F10
:1037A8004C444F574E5F494E56414C49442C436F49
:1037B8006D706C657465644379636C654F7264659C
:1037C800723D256C752C4E6578744379636C654F32
:1037D800726465723D256C752C5461726765744D11
:1037E800733D256C752C41637475616C4D733D2573
:1037F8006C752C546F6C6572616E63654D733D25F5
:103808006C750D0A0052554E54494D452C4672654B
:1038180065486561703D256C752C4D696E4576650A
:103828007246726565486561703D256C752C5465F6
:103838007374537461636B48696768576174657220
:10384800576F7264733D256C750D0A004E4F545FB7
:103858004150504C494341424C45004F4B00494E62
:10386800495449414C5F534554544C455F4641497E
:103878004C4544004241434B4F46465F53455454E0
:103888004C455F4641494C454400504F494E5430E1
:103898005F534554544C455F4641494C45440041AB
:1038A80043515549534954494F4E5F4552524F521F
:1038B80000505245524F4C4C5F534554544C455F51
:1038C8004641494C454400505245504F534954498C
:1038D8004F4E5F534554544C455F4641494C45440F
:1038E8000057524F4E475F504F534954494F4E006F
:1038F800444952454354494F4E5F4552524F520036
:10390800494E56414C49445F415247005350495F24
:1039180054494D454F5554005350495F4552524FF5
:10392800520053414D504C455F4A554D5000434F4E
:103938004E4649475F4552524F520054494D494EF1
:10394800475F4D455441444154415F494E56414CAF
:103958004944004143515549534954494F4E5F42E8
:1039680055444745545F45584345454445440041FF
:1039780043515549534954494F4E5F54494D454F5A
:103988005554004D4154485F4F564552464C4F5789
:1039980000494E495449414C00484F4C445F35302A
:1039A80000484F4C445F31303000484F4C445F3240
:1039B800303000546573745461736B004A49473161
:1039C800004A494732004A494733004A49473500C7
:1039D80049444C4500546D725100546D7220537621
:1039E8006300232D302B2000686C4C00656667450A
:1039F800464700303132333435363738394142435F
:103A0800444546003031323334353637383961620F
:103A18006364656600000000870301088C030108E1
:103A28009F030108B0030108D4030108F403010847
:103A3800020401080F0401081D0401082D040108EF
:103A48003A0401084A0401081406010800000000AD
:103A5800000000000000000000000000001000004E
:103A680018000000000000000000000000000040F6
:103A7800A69B443B9A99993E0000A0400000C84389
:103A88000000803E000000415438010863380108F6
:103A9800663801087C38010892380108A7380108FF
:103AA800B9380108CF380108633801081839010806
:103AB800E9380108A738010863380108F83801080F
:103AC80018390108A73801086338010808390108BE
:103AD80014390108203901082A3901083639010842
:103AE800433901085B390108773901088B39010826
:103AF80099390108A1390108A9390108B239010821
:103B0800000000003200000064000000C80000004F
:103B1800BB390108000000000000000000000000A0
:103B2800000000000020000020000000000000004D
:103B380000000000010203060C1201020306090C32
:103B4800121B242D486C000027003C000447343227
:103B580035353538C439010800000005000000007B
:103B6800AD550A192C00250004473432353535384F
:103B7800C93901080000000500000000AD550A1908
:103B88003A004C000B51343039333631CE39010804
:103B98000000000500000000AD550A193A00490070
:103BA8000B5134303933363198060108E7000005E7
:103BB80000000000AD550A1928001D0004473432E2
:103BC80035353538D33901080000000500000000FC
:103BD800AD550A19000000000102030400000000AE
:103BE8000000000001020304060708090006101679
:103BF800000610160000000059F3F8C21F6EA50158
:103C0800000000000000F03F00000080DB0F49408A
:103C1800DB0F49C0DB0F49BFE4CB1640E4CB16C02D
:103C2800000FC93F000F494000CB9640000FC94024
:103C38000053FB4000CB164100ED2F41000F4941D6
:103C48000031624100537B41003A8A4100CB9641E2
:103C5800005CA34100EDAF41007EBC41000FC941AB
:103C680000A0D5410031E24100C2EE410053FB41C2
:103C780000F20342003A0A420083104200CB164287
:103C880000141D42005C234200A5294200ED2F428A
:103C980000363642007E3C4200C74242000F49428D
:103CA800A2000000F9000000830000006E00000080
:103CB8004E0000004400000015000000290000002C
:103CC800FC0000002700000057000000D1000000A1
:103CD800F500000034000000DD000000C000000016
:103CE800DB00000062000000950000009900000061
:103CF8003C0000004300000090000000410000006C
:103D0800FE0000005100000063000000AB0000004E
:103D1800DE000000BB000000C500000061000000DC
:103D2800B7000000240000006E0000003A00000008
:103D3800420000004D000000D2000000E00000003A
:103D480006000000490000002E000000EA00000004
:103D580009000000D1000000920000001C000000D3
:103D6800FE0000001D000000EB0000001C00000029
:103D7800B100000029000000A70000003E0000007C
:103D8800E80000008200000035000000F500000097
:103D98002E000000BB00000044000000840000006A
:103DA800E90000009C0000007000000026000000F0
:103DB800B40000005F0000007E0000004100000029
:103DC8003900000091000000D60000003900000012
:103DD800830000005300000039000000F4000000D8
:103DE8009C000000840000005F0000008B000000C1
:103DF800BD000000F9000000280000003B000000A2
:103E08001F000000F800000097000000FF000000FD
:103E1800DE00000005000000980000000F00000010
:103E2800EF0000002F000000110000008B000000D0
:103E38005A0000000A0000006D0000001F0000008A
:103E48006D000000360000007E000000CF0000007A
:103E580027000000CB00000009000000B7000000A8
:103E68004F000000460000003F0000006600000010
:103E78009E0000005F000000EA0000002D00000026
:103E88007500000027000000BA000000C70000000D
:103E9800EB000000E5000000F10000007B000000DE
:103EA8003D0000000700000039000000F700000096
:103EB8008A0000005200000092000000EA000000A2
:103EC8006B000000FB0000005F000000B100000074
:103ED8001F0000008D0000005D00000008000000C9
:103EE80056000000030000003000000046000000FB
:103EF800FC0000007B0000006B000000AB0000002D
:103F0800F0000000CF000000BC000000200000000E
:103F18009A000000F4000000360000001D000000B8
:103F2800A9000000E300000091000000610000000B
:103F38005E000000E60000001B0000000800000012
:103F48006500000099000000850000005F00000087
:103F580014000000A00000006800000040000000FD
:103F68008D000000FF000000D80000008000000065
:103F78004D00000073000000270000003100000021
:103F880006000000060000001500000056000000B2
:103F9800CA00000073000000A8000000C90000006B
:103FA80060000000E20000007B000000C00000008C
:103FB8008C0000006B0000006937AC3168212233A7
:103FC800B40F14336821A2333863ED3EDA0F493F4A
:103FD8005E987B3FDA0FC93F0000C93F0000F03907
:103FE8000000DA370000A2330000842E0000502BB6
:103FF8000000C2270000D0220000C41F0000C61B1A
:104008000000441704000000070000000900000039
:08401800B8C1FE7F01000000A9
:04402000B5010008DE
:0440240091010008FE
:104028000024F4000100000010000000AAAAAAAAB7
:104038001400002000000000D4EA01203CEB01201D
:10404800A4EB0120000000000000000000000000B8
:104058000000000000000000000000000000000058
:104068000000000000000000000000000000000048
:104078000000000000000000000000000000000038
:0400000508008D0161
:00000001FF
